<page>
<page>
<title>N</title>
<ns>0</ns>
<id>1766</id>
<revision>
<id>2680004</id>
<parentid>2663732</parentid>
<timestamp>2022-06-13T02:13:16Z</timestamp>
<contributor>
<username>Wilhelm Seifer</username>
<id>85860</id>
</contributor>
<model>wikitext</model>
<format>text/x-wiki</format>
<text bytes="1107" xml:space="preserve">{{Wikipédia|lang=pt}}
{{caracteres info|hex=004E|nome=LATIN CAPITAL LETTER N|anterior=M|próximo=O}}
={{-pt-}}=
==Substantivo==
'''N''', {{gramática|m}}
# {{escopo2|Alfabeto}} décima quarta letra do alfabeto, [[consoante]], [[linguodental]], [[nasal]], [[sonoro|sonora]]
# {{escopo|pt|Matemática}} [[notação]] [[convencional]] para [[número]]s [[inteiro]]s
==Ver também==
===No Wikcionário===
{{verTambém.Ini}}
* [[abecedário]]
{{verTambém.NovaColuna}}
* [[alfabeto]]
{{verTambém.NovaColuna}}
* [[letra]]
{{verTambém.NovaColuna}}
* [[nn]]
{{verTambém.Fim}}
[[Categoria:Substantivo (Português)]]
={{-la-}}=
==Símbolo==
'''N'''
# marcação no calendário romano, dos dias de feriado [[dies nefasti]]
==Ver também==
===No Wikcionário===
{{verTambém.Ini}}
* [[C]]
{{verTambém.NovaColuna}}
* [[F]]
{{verTambém.NovaColuna}}
* [[NP]]
{{verTambém.NovaColuna}}
* [[EN]]
{{verTambém.Fim}}
[[Categoria:Símbolo (Latim)]]
{{simbQuim|nitrogênio}}
==Letra==
'''N''', '''n'''
# a décima quarta [[letra]] do alfabeto latino
{{Alfabeto Latino}}
[[Categoria:Sistema de escrita latino]]</text>
<sha1>h2l577a09tts7tdaljgsx7jd7ump8mc</sha1>
</revision>
