<page>
<title>naaltsoos</title>
<ns>0</ns>
<id>431683</id>
<revision>
<id>2626900</id>
<parentid>2626220</parentid>
<timestamp>2021-03-17T17:37:05Z</timestamp>
<contributor>
<username>Yánjidel</username>
<id>80351</id>
</contributor>
<minor />
<model>wikitext</model>
<format>text/x-wiki</format>
<text bytes="768" xml:space="preserve">={{-nv-}}=
==Substantivo==
'''naaltsoos'''
# documento em [[papel]]
===Verbetes derivados===
{{verTambém.Ini}}
* [[naaltsoos ahiʼnííł]]
* [[naaltsoos báhooghan]]
* [[naaltsoos bikááʼ ʼeʼelyaaígíí]]
* [[naaltsoos bikʼi ndaʼaʼnil]]
* [[naaltsoos biniiʼ]]
* [[naaltsoos dildoní]]
* [[naaltsoos ʼííłʼíinii]]
{{verTambém.NovaColuna|50}}
* [[naaltsoos ʼííłʼíní]]
* [[Naaltsoos Mormon Wolyéhígíí]]
* [[naaltsoos neiyéhé]]
* [[naaltsoos saad bee siʼánígíí]]
* [[naaltsoos wóltaʼí]]
* [[naaltsoos yikʼi ndaʼanilí]]
{{verTambém.Fim}}
==Ver também==
===No Wikcionário===
{{verTambém.Ini}}
* [[aseezį́ binaaltsoos]]
{{verTambém.NovaColuna|50}}
* [[Diyin God Bizaad]]
{{verTambém.Fim}}
[[Categoria:Substantivo (Navajo)]]</text>
<sha1>82ygq45zzu5xsv7as1qr1v67sc1g8gq</sha1>
</revision>
</page>
