<page>
<title>naanan</title>
<ns>0</ns>
<id>16063</id>
<revision>
<id>2379629</id>
<parentid>1895377</parentid>
<timestamp>2017-05-05T16:18:01Z</timestamp>
<contributor>
<username>HydrizBot</username>
<id>29590</id>
</contributor>
<minor />
<comment>Robô: A limpar links interwikis antigos</comment>
<model>wikitext</model>
<format>text/x-wiki</format>
<text bytes="277" xml:space="preserve">={{-alq-}}=
==Numeral==
'''naanan''' ''cardinal''
:# [[cinco]], número representado por '''5''' em algarismos arábicos e em algarismos romanos por '''[[V]]'''.
==Ver também==
===No Wikcionário===
*[[Apêndice:Números]]
{{números/alq}}
[[Categoria:Numeral (Algonquino)]]</text>
<sha1>a30r2b92wwdm7c1ercnpyldlxjxafzj</sha1>
</revision>
</page>
