<page>
<page>
<title>naar</title>
<ns>0</ns>
<id>77804</id>
<revision>
<id>2379631</id>
<parentid>2193133</parentid>
<timestamp>2017-05-05T16:18:08Z</timestamp>
<contributor>
<username>HydrizBot</username>
<id>29590</id>
</contributor>
<minor />
<comment>Robô: A limpar links interwikis antigos</comment>
<model>wikitext</model>
<format>text/x-wiki</format>
<text bytes="198" xml:space="preserve">={{-nl-}}=
==Adjetivo==
'''naar'''
# [[doente]]
# [[desagradável]]
==Preposição==
'''naar'''
# [[para]], em direção a
[[Categoria:Adjetivo (Holandês)]]
[[Categoria:Preposição (Holandês)]]</text>
<sha1>pzctdjhgekpsvvja359shlqcpnp7v7s</sha1>
</revision>
