<page>
<title>naatrium</title>
<ns>0</ns>
<id>240983</id>
<revision>
<id>2379634</id>
<parentid>1994904</parentid>
<timestamp>2017-05-05T16:18:19Z</timestamp>
<contributor>
<username>HydrizBot</username>
<id>29590</id>
</contributor>
<minor />
<comment>Robô: A limpar links interwikis antigos</comment>
<model>wikitext</model>
<format>text/x-wiki</format>
<text bytes="367" xml:space="preserve">{{Wikipédia|lang=et}}
[[Imagem:Na,11.jpg|thumb|160px|&lt;center&gt;Sódio&lt;/center&gt;]]
={{-et-}}=
{{elementos|Na|neoon|Ne|magneesium|Mg}}
==Substantivo==
'''naatrium'''
# [[sódio]]
==Ver também==
===No Wikcionário===
{{tabela periódica/et}}
[[Categoria:Substantivo (Estoniano)]]
[[Categoria:Elemento químico (Estoniano)]]
[[Categoria:Entrada com imagem (Estoniano)]]</text>
<sha1>6q59x2ib3gbh64i4nexkgi61ds76oza</sha1>
</revision>
</page>
