<page>
<title>naatom</title>
<ns>0</ns>
<id>275831</id>
<revision>
<id>2690717</id>
<parentid>2379633</parentid>
<timestamp>2022-10-27T09:33:52Z</timestamp>
<contributor>
<username>InternetArchiveBot</username>
<id>81604</id>
</contributor>
<comment>Rescuing 1 sources and tagging 0 as dead.) #IABot (v2.0.9.2</comment>
<model>wikitext</model>
<format>text/x-wiki</format>
<text bytes="640" xml:space="preserve">={{-vo-}}=
==Substantivo==
'''na.a.{{grifar|tom}}'''
# [[anatomia]]
===Conjugação===
{{decl.vo.subst}}
=={{pronúncia|vo}}==
* [[AFI]]: {{AFI|/na.a.ˈtom/}}
* [[X-SAMPA]]: /na.a.&quot;tom/
==Ver também==
===No Wikcionário===
{{verTambém.Ini}}
* [[sanav]]
{{verTambém.Fim}}
===Referências===
{{verTambém.Ini}}
* [https://web.archive.org/web/20090214001830/http://personal.southern.edu/~caviness/Volapuk/Misc/vol-eng.htm Volapük-English Dictionary (compilado por Ralph Midgley) (em inglês e volapuque)]
{{verTambém.Fim}}
[[Categoria:Substantivo (Volapuque)]]
[[Categoria:Trissílabo (Volapuque)]]
[[Categoria:Oxítona (Volapuque)]]</text>
<sha1>gz9o6oxm8kgf5o464o73n1xafpmowz2</sha1>
</revision>
</page>
