<page>
<title>nabateias</title>
<ns>0</ns>
<id>107701</id>
<revision>
<id>1190088</id>
<parentid>786066</parentid>
<timestamp>2011-07-08T18:53:58Z</timestamp>
<contributor>
<username>MalafayaBot</username>
<id>628</id>
</contributor>
<minor />
<comment>Robô: Substituição de texto automática (-^\=\s?Português\s?\= +={{-pt-}}= &amp; -^\=\s?\{\{pt\}\}\s?\= +={{-pt-}}=)</comment>
<model>wikitext</model>
<format>text/x-wiki</format>
<text bytes="140" xml:space="preserve">={{-pt-}}=
==Forma de adjetivo==
{{paroxítona|na|ba|tei|as}}
# feminino plural de [[nabateu]]
[[Categoria:Forma de adjetivo (Português)]]</text>
<sha1>m5rnd4zf9yam5sorbv61duze76q5lwj</sha1>
</revision>
</page>
