<page>
<page>
<title>nababesco</title>
<ns>0</ns>
<id>423412</id>
<revision>
<id>2606068</id>
<parentid>2606061</parentid>
<timestamp>2020-12-28T09:21:21Z</timestamp>
<contributor>
<username>Manandez</username>
<id>47395</id>
</contributor>
<minor />
<comment>Correção.</comment>
<model>wikitext</model>
<format>text/x-wiki</format>
<text bytes="558" xml:space="preserve">={{-pt-}}=
==Adjetivo==
{{flex.pt|ms=nababesco|mp=nababescos|fs=nababesca|fp=nababescas}}
{{paroxítona|na|ba|bes|co}}, {{gramática|bif}}
# [[luxuoso]], como um [[nababo]]
#* ''Boa parte dos nossos políticos leva uma vida '''nababesca''': reside em hotéis, casas no lago Paranoá e outros endereços nobres da cidade.'' {{OESP|2005|julho|9}}
=={{etimologia|pt}}==
: {{escopo|Morfologia}} [[nababo]] + [[-esco]].
==Ligações externas==
* {{Aulete}}
* {{Michaelis}}
* {{DPLP}}
* {{Infopédia}}
* {{PLP}}
* {{VOLPABL}}
[[Categoria:Adjetivo (Português)]]</text>
<sha1>9szt71radt361br31jl0i3pq0oo5fx7</sha1>
</revision>
