<page>
<title>nababescas</title>
<ns>0</ns>
<id>429486</id>
<revision>
<id>2606090</id>
<parentid>2606064</parentid>
<timestamp>2020-12-28T10:25:04Z</timestamp>
<contributor>
<username>Manandez</username>
<id>47395</id>
</contributor>
<minor />
<comment>Correção.</comment>
<model>wikitext</model>
<format>text/x-wiki</format>
<text bytes="180" xml:space="preserve">={{-pt-}}=
==Forma de adjetivo==
{{paroxítona|na|ba|bes|cas}}, {{gramática|fp}}
# plural de [[nababesca]]
{{avi-for-fle|nababesco}}
[[Categoria:Forma de adjetivo (Português)]]</text>
<sha1>71hfpy1qgjkdte35aw58khjshtw1ady</sha1>
</revision>
</page>
