<page>
<title>nabais</title>
<ns>0</ns>
<id>429490</id>
<revision>
<id>2606111</id>
<parentid>2606091</parentid>
<timestamp>2020-12-28T12:41:19Z</timestamp>
<contributor>
<username>Manandez</username>
<id>47395</id>
</contributor>
<minor />
<comment>Correção.</comment>
<model>wikitext</model>
<format>text/x-wiki</format>
<text bytes="169" xml:space="preserve">={{-pt-}}=
==Forma de substantivo==
{{oxítona|na|bais}}, {{gramática|mp}}
# plural de [[nabal]]
{{avi-for-fle|nabal}}
[[Categoria:Forma de substantivo (Português)]]</text>
<sha1>ad6zdqnphi3lsg01ihoqmvbtj882jj0</sha1>
</revision>
</page>
