<page>
<page>
<title>nabantinas</title>
<ns>0</ns>
<id>429494</id>
<revision>
<id>2606105</id>
<timestamp>2020-12-28T11:59:24Z</timestamp>
<contributor>
<username>Manandez</username>
<id>47395</id>
</contributor>
<comment>Criação de verbete.</comment>
<model>wikitext</model>
<format>text/x-wiki</format>
<text bytes="330" xml:space="preserve">={{-pt-}}=
==Forma de adjetivo==
{{paroxítona|na|ban|ti|nas}}, {{gramática|bif}}
# plural de [[nabantina]]
==Forma de substantivo==
{{paroxítona|na|ban|ti|nas}}, {{gramática|fp}}
# plural de [[nabantina]]
{{avi-for-fle|nabantino}}
[[Categoria:Forma de adjetivo (Português)]]
[[Categoria:Forma de substantivo (Português)]]</text>
<sha1>n0yhbq27vr5nouctytl160i0gp3cx2w</sha1>
</revision>
