<page>
<page>
<title>nababo</title>
<ns>0</ns>
<id>82657</id>
<revision>
<id>2606074</id>
<parentid>2379636</parentid>
<timestamp>2020-12-28T09:29:18Z</timestamp>
<contributor>
<username>Manandez</username>
<id>47395</id>
</contributor>
<minor />
<comment>Informações.</comment>
<model>wikitext</model>
<format>text/x-wiki</format>
<text bytes="629" xml:space="preserve">{{Wikipédia}}
={{-pt-}}=
==Substantivo==
{{flex.pt|ms=nababo|mp=nababos}}
{{paroxítona|na|ba|bo}}, {{gramática|ms}}
# [[príncipe]] ou [[governador]] de [[província]] na [[Índia]] [[muçulmano|muçulmana]]
# {{escopo2|Por extensão de sentido}} [[indivíduo]] que [[enriquecer|enriqueceu]] na Índia
# {{escopo2|Por extensão de sentido}} indivíduo muito [[rico]]
==Ver também==
===No Wikcionário===
{{verTambém.Ini}}
* [[milionário]]
{{verTambém.Fim}}
==Ligações externas==
* {{Aulete}}
* {{DPLP}}
* {{DicioAberto}}
* {{Infopédia}}
* {{Michaelis}}
* {{PLP}}
* {{VOLPABL}}
[[Categoria:Substantivo (Português)]]</text>
<sha1>0597xx3a3ahutelqevqhoe6i4gqxub6</sha1>
</revision>
