<page>
<page>
<title>nabariça</title>
<ns>0</ns>
<id>392274</id>
<revision>
<id>2482973</id>
<timestamp>2018-02-04T17:42:19Z</timestamp>
<contributor>
<username>Cpls</username>
<id>20608</id>
</contributor>
<comment>[[Ajuda:Guia de edição/Menus e ferramentas/Sumário de edição|→]] nova página: ={{-gl-}}= ==Substantivo== {{flex.gl|fs=nabariça|fp=nabariças}} {{paroxítona|na|ba|ri|ça|lang=gl}}, {{g|f...</comment>
<model>wikitext</model>
<format>text/x-wiki</format>
<text bytes="626" xml:space="preserve">={{-gl-}}=
==Substantivo==
{{flex.gl|fs=nabariça|fp=nabariças}}
{{paroxítona|na|ba|ri|ça|lang=gl}}, {{g|f|lang=gl}}
# {{escopo|gl|Agricultura}} [[nabal]], plantio de nabos
===Sinónimos===
* [[nabaiça#{{gl}}|nabaiça]], [[nabal#{{gl}}|nabal]], [[nabarega#{{gl}}|nabarega]], [[nabega#{{gl}}|nabega]], [[nabego#{{gl}}|nabego]], [[nabeira#{{gl}}|nabeira]], [[nabeiro#{{gl}}|nabeiro]], [[nabinheira#{{gl}}|nabinheira]]
=={{etimologia|gl}}==
: {{escopo|Morfologia}} De ''nabar'' (''[[nabal#{{gl}}|nabal]]'') + ''[[-iço#{{gl}}|-iça]]''. Confronte-se com ''[[nabarega#{{gl}}|nabarega]]''.
[[Categoria:Substantivo (Galego)]]</text>
<sha1>dwn62ochte7jzyvkr81sjdzxao1tu0r</sha1>
</revision>
