<page>
<page>
<title>nabal</title>
<ns>0</ns>
<id>266879</id>
<revision>
<id>2606084</id>
<parentid>2606075</parentid>
<timestamp>2020-12-28T10:00:55Z</timestamp>
<contributor>
<username>Manandez</username>
<id>47395</id>
</contributor>
<minor />
<comment>Correção.</comment>
<model>wikitext</model>
<format>text/x-wiki</format>
<text bytes="541" xml:space="preserve">={{-pt-}}=
==Substantivo==
{{flex.pt|ms=nabal|mp=nabais}}
{{oxítona|na|bal}}, {{gramática|ms}}
# {{escopo|pt|Agricultura}} plantio de [[nabo]]s
===Sinônimo===
* [[nabeira]]
=={{etimologia|pt}}==
: {{escopo|Morfologia}} Do substantivo ''nabo'' + sufixo ''[[-al]]''.
===No Wikcionário===
{{verTambém.Ini}}
* [[nabiçal]]
{{verTambém.NovaColuna}}
* [[grelo]]
{{verTambém.Fim}}
==Anagrama==
# [[banal]]
==Ligações externas==
* {{Infopédia}}
* {{DPLP}}
* {{Aulete}}
* {{PLP}}
* {{Michaelis}}
[[Categoria:Substantivo (Português)]]</text>
<sha1>004cpvxhkgultbzzbmo7ldznpk2gn3i</sha1>
</revision>
