<page>
<title>nabantinos</title>
<ns>0</ns>
<id>429491</id>
<revision>
<id>2606087</id>
<timestamp>2020-12-28T10:22:05Z</timestamp>
<contributor>
<username>Manandez</username>
<id>47395</id>
</contributor>
<comment>Criação de verbete.</comment>
<model>wikitext</model>
<format>text/x-wiki</format>
<text bytes="330" xml:space="preserve">={{-pt-}}=
==Forma de adjetivo==
{{paroxítona|na|ban|ti|nos}}, {{gramática|bif}}
# plural de [[nabantino]]
==Forma de substantivo==
{{paroxítona|na|ban|ti|nos}}, {{gramática|mp}}
# plural de [[nabantino]]
{{avi-for-fle|nabantino}}
[[Categoria:Forma de adjetivo (Português)]]
[[Categoria:Forma de substantivo (Português)]]</text>
<sha1>kcyi5rat7uqe3cgkn9eljdopxvmzh6d</sha1>
</revision>
</page>
