<page>
<page>
<title>nababos</title>
<ns>0</ns>
<id>429488</id>
<revision>
<id>2606073</id>
<timestamp>2020-12-28T09:27:33Z</timestamp>
<contributor>
<username>Manandez</username>
<id>47395</id>
</contributor>
<comment>Criação de verbete.</comment>
<model>wikitext</model>
<format>text/x-wiki</format>
<text bytes="167" xml:space="preserve">={{-pt-}}=
==Substantivo==
{{paroxítona|na|ba|bos}}, {{gramática|mp}}
# plural de [[nababo]]
{{avi-for-fle|nababo}}
[[Categoria:Forma de substantivo (Português)]]</text>
<sha1>gzelz00wn23qp2htthh8httprcfuzkv</sha1>
</revision>
