<page>
<title>nababescamente</title>
<ns>0</ns>
<id>55650</id>
<revision>
<id>2606070</id>
<parentid>2513461</parentid>
<timestamp>2020-12-28T09:24:02Z</timestamp>
<contributor>
<username>Manandez</username>
<id>47395</id>
</contributor>
<minor />
<comment>Informações.</comment>
<model>wikitext</model>
<format>text/x-wiki</format>
<text bytes="227" xml:space="preserve">={{-pt-}}=
==Advérbio==
{{paroxítona|na|ba|bes|ca|men|te}}, {{gramática|modo}}
# [[absurdamente]]; [[exagerado]]
=={{etimologia|pt}}==
: {{escopo|Morfologia}} [[nababesco]] + [[-mente]]
[[Categoria:Advérbio (Português)]]</text>
<sha1>piqu4bmql5o1isxlhka9xadny353mar</sha1>
</revision>
</page>
