<page>
<page>
<title>nababescos</title>
<ns>0</ns>
<id>429484</id>
<revision>
<id>2606088</id>
<parentid>2606065</parentid>
<timestamp>2020-12-28T10:23:59Z</timestamp>
<contributor>
<username>Manandez</username>
<id>47395</id>
</contributor>
<minor />
<comment>Correção.</comment>
<model>wikitext</model>
<format>text/x-wiki</format>
<text bytes="180" xml:space="preserve">={{-pt-}}=
==Forma de adjetivo==
{{paroxítona|na|ba|bes|cos}}, {{gramática|mp}}
# plural de [[nababesco]]
{{avi-for-fle|nababesco}}
[[Categoria:Forma de adjetivo (Português)]]</text>
<sha1>4lvrxwl738tu69sxl2iw6c9cbatrb9n</sha1>
</revision>
