<page>
<title>nabegau</title>
<ns>0</ns>
<id>425864</id>
<revision>
<id>2594856</id>
<timestamp>2020-08-23T17:59:31Z</timestamp>
<contributor>
<username>Cpls</username>
<id>20608</id>
</contributor>
<comment>[[Ajuda:Guia de edição/Menus e ferramentas/Sumário de edição|→]] nova página: ={{-gl-}}= ==Substantivo== {{flex.gl|ms=nabegau|mp=nabegaus}} {{paroxítona|na|be|gau|lang=gl}}, {{gramática...</comment>
<model>wikitext</model>
<format>text/x-wiki</format>
<text bytes="534" xml:space="preserve">={{-gl-}}=
==Substantivo==
{{flex.gl|ms=nabegau|mp=nabegaus}}
{{paroxítona|na|be|gau|lang=gl}}, {{gramática|m|lang=gl}}
# {{escopo|gl|Planta}} [[saramago]] (''[[species:Raphanus raphanistrum|Raphanus raphanistrum]]'')
# {{escopo|gl|Planta}} [[norça]] (''[[species:Bryonia dioica|Bryonia dioica]]'')
===Sinónimos===
* De '''1''': Vide em [[nabestro#{{gl}}|nabestro]]
===Verbetes derivados===
* [[nabo-nabegau#{{gl}}|nabo-nabegau]]
=={{etimologia|gl}}==
: Derivada de ''[[nabo#{{gl}}|nabo]]''.
[[Categoria:Substantivo (Galego)]]</text>
<sha1>cxcjn8q0rvnzor5ovllpmfjsm74fp9m</sha1>
</revision>
</page>
