<page>
<page>
<title>nabega</title>
<ns>0</ns>
<id>392280</id>
<revision>
<id>2483003</id>
<timestamp>2018-02-04T22:09:32Z</timestamp>
<contributor>
<username>Cpls</username>
<id>20608</id>
</contributor>
<comment>[[Ajuda:Guia de edição/Menus e ferramentas/Sumário de edição|→]] nova página: ={{-gl-}}= ==Adjetivo== {{flex.gl|ms=nabego|mp=nabegos|fs=nabega|fp=nabegas}} {{paroxítona|na|be|ga|lang=gl}...</comment>
<model>wikitext</model>
<format>text/x-wiki</format>
<text bytes="555" xml:space="preserve">={{-gl-}}=
==Adjetivo==
{{flex.gl|ms=nabego|mp=nabegos|fs=nabega|fp=nabegas}}
{{paroxítona|na|be|ga|lang=gl}}
# do [[nabo]], pertencente ou relativa ao nabo
==Substantivo==
{{flex.gl|fs=nabega|fp=nabegas}}
{{paroxítona|na|be|ga|lang=gl}}, {{g|f|lang=gl}}
# {{escopo|gl|Agricultura}} [[nabal]], terreno onde medram os nabos
===Sinónimos===
* Vide em [[nabariça#{{gl}}|nabariça]]
=={{etimologia|gl}}==
: {{escopo|Morfologia}} De ''[[nabo#{{gl}}|nabo]]'' + ''[[-ego#{{gl}}|-ega]]''.
[[Categoria:Adjetivo (Galego)]]
[[Categoria:Substantivo (Galego)]]</text>
<sha1>pwh6687xazn0dzsio2ab9hhmmd1n8lc</sha1>
</revision>
