<page>
<title>nabeiras</title>
<ns>0</ns>
<id>429514</id>
<revision>
<id>2606212</id>
<timestamp>2020-12-29T08:51:32Z</timestamp>
<contributor>
<username>Manandez</username>
<id>47395</id>
</contributor>
<comment>Criação de verbete.</comment>
<model>wikitext</model>
<format>text/x-wiki</format>
<text bytes="188" xml:space="preserve">={{-pt-}}=
==Forma de substantivo==
{{paroxítona|na|bei|ras}}, {{gramática|fp}}
# feminino plural de [[nabeira]]
{{avi-for-fle|nabeira}}
[[Categoria:Forma de substantivo (Português)]]</text>
<sha1>ljx92nzwvh6mfxy90w6co6yoxpapbw4</sha1>
</revision>
</page>
