<page>
<page>
<title>nabego</title>
<ns>0</ns>
<id>392278</id>
<revision>
<id>2483000</id>
<timestamp>2018-02-04T21:51:40Z</timestamp>
<contributor>
<username>Cpls</username>
<id>20608</id>
</contributor>
<comment>[[Ajuda:Guia de edição/Menus e ferramentas/Sumário de edição|→]] nova página: ={{-gl-}}= ==Adjetivo== {{flex.gl|ms=nabego|mp=nabegos|fs=nabega|fp=nabegas}} {{paroxítona|na|be|go|lang=gl}...</comment>
<model>wikitext</model>
<format>text/x-wiki</format>
<text bytes="555" xml:space="preserve">={{-gl-}}=
==Adjetivo==
{{flex.gl|ms=nabego|mp=nabegos|fs=nabega|fp=nabegas}}
{{paroxítona|na|be|go|lang=gl}}
# do [[nabo]], pertencente ou relativo ao nabo
==Substantivo==
{{flex.gl|ms=nabego|mp=nabegos}}
{{paroxítona|na|be|go|lang=gl}}, {{g|m|lang=gl}}
# {{escopo|gl|Agricultura}} [[nabal]], terreno onde medram os nabos
===Sinónimos===
* Vide em [[nabariça#{{gl}}|nabariça]]
=={{etimologia|gl}}==
: {{escopo|Morfologia}} De ''[[nabo#{{gl}}|nabo]]'' + ''[[-ego#{{gl}}|-ego]]''.
[[Categoria:Adjetivo (Galego)]]
[[Categoria:Substantivo (Galego)]]</text>
<sha1>0d3r75lsic9cguijhphxdm01v3ghdnu</sha1>
</revision>
