<page>
<title>nabelos</title>
<ns>0</ns>
<id>357599</id>
<revision>
<id>2090765</id>
<parentid>2090229</parentid>
<timestamp>2016-04-22T10:08:52Z</timestamp>
<contributor>
<username>Cpls</username>
<id>20608</id>
</contributor>
<comment>/* {{-gl-}} */</comment>
<model>wikitext</model>
<format>text/x-wiki</format>
<text bytes="497" xml:space="preserve">={{-gl-}}=
==Substantivo==
{{flex.gl|mp=nabelos}}
{{paroxítona|na|be|los|lang=gl}}, {{rubrica|mp}}
# {{escopoCat|Botânica|gl}} [[dente-de-leão]], (''[[species:Taraxacum officinale|Taraxacum officinale]]'')
# {{escopoCat|Botânica|gl}} [[alface selvagem]], (''[[species:Lactuca virosa|Lactuca virosa]]'')
==Referências==
* Blanco Castro, E. (1996). ''El Caurel, las plantas y sus habitantes.'' Fundación Caixa Galicia
[[Categoria:Substantivo (Galego)]]
[[Categoria:Pluralia tantum (Galego)]]</text>
<sha1>qq69zsqkuk1cp8h5nakuv06467fafib</sha1>
</revision>
</page>
