<page>
<title>nabinha</title>
<ns>0</ns>
<id>266883</id>
<revision>
<id>2606218</id>
<parentid>2295803</parentid>
<timestamp>2020-12-29T09:04:04Z</timestamp>
<contributor>
<username>Manandez</username>
<id>47395</id>
</contributor>
<minor />
<comment>Formatação.</comment>
<model>wikitext</model>
<format>text/x-wiki</format>
<text bytes="795" xml:space="preserve">={{-pt-}}=
==Substantivo==
{{flex.pt|fs=nabinha|fp=nabinhas}}
{{paroxítona|na|bi|nha}}, {{gramática|fs}}
#  {{escopo|pt|Beira|Trás-os-Montes}} [[semente]] dos [[nabo]]s e outras plantas da horta, qualquer semente de tamanho pequeninho
=={{etimologia|pt}}==
: {{escopo|Morfologia}} De ''[[nabo]]'' + ''[[-inha]]''.
==Ver também==
===No Wikcionário===
{{verTambém.Ini}}
* [[nabiça]]
{{verTambém.NovaColuna}}
* [[grelo]]
{{verTambém.Fim}}
[[Categoria:Substantivo (Português)]]
={{-gl-}}=
==Substantivo==
{{flex.gl|fs=nabinha|fp=nabinhas}}
{{paroxítona|na|bi|nha|lang=gl}}, {{gramática|fs|lang=gl}}
# [[nabinha#Português|nabinha]]
=={{etimologia|gl}}==
: {{escopo|Morfologia}} De ''[[nabo]]'' + ''[[-inha]]''. Confronte-se com ''[[canabinha]]''.
[[Categoria:Substantivo (Galego)]]</text>
<sha1>ew06pud6m4kyzo79xgfbt6xs8pg2oxw</sha1>
</revision>
</page>
