<page>
<title>nabinhego</title>
<ns>0</ns>
<id>352712</id>
<revision>
<id>2577945</id>
<parentid>2070287</parentid>
<timestamp>2020-02-20T12:31:54Z</timestamp>
<contributor>
<username>Cpls</username>
<id>20608</id>
</contributor>
<comment>/* Substantivo */</comment>
<model>wikitext</model>
<format>text/x-wiki</format>
<text bytes="973" xml:space="preserve">={{-gl-}}=
==Substantivo==
{{flex.pt|ms=nabinhego|mp=nabinhegos|fs=nabinhega|fp=nabinhegas}}
{{paroxítona|na|bi|nhe|go|lang=gl}}
# que tem relação com as [[nabinha]]s ou com os [[nabo]]s
===Verbetes derivados===
* [[páxaro-nabinhego#Galego|páxaro-nabinhego]]
==Substantivo==
{{flex.pt|ms=nabinhego|mp=nabinhegos}}
{{paroxítona|na|bi|nhe|go|lang=gl}}, {{g|m}}
# {{escopo|gl|Ave}} [[pintarroxo-comum]], (''[[species:Carduelis cannabina|Carduelis cannabina]]'')
# {{escopo|gl|Ave}} menos frequentemente o [[chamariz]] (''[[species:Serinus serinus|Serinus serinus]]'')
===Sinónimos===
* De '''1''': [[linhaceiro#Galego|linhaceiro]], [[milharanco#Galego|milharanco]], [[nabinheiro#Galego|nabinheiro]], [[pardilho#Galego|pardilho]], [[pintarroxo#Galego|pintarroxo]], [[rei#Galego|rei]], [[zuriolo#Galego|zuriolo]]
=={{etimologia|gl}}==
: {{escopo|Morfologia}} De ''[[nabinha#Galego|nabinha]]'' + [[-ego]].
[[Categoria:Substantivo (Galego)]]
[[Categoria:Ave (Galego)]]</text>
<sha1>8vt9jqcqdrx5aom2bbudzo2w6yyxi9y</sha1>
</revision>
</page>
