<page>
<page>
<title>nabiças</title>
<ns>0</ns>
<id>429517</id>
<revision>
<id>2606224</id>
<timestamp>2020-12-29T09:21:48Z</timestamp>
<contributor>
<username>Manandez</username>
<id>47395</id>
</contributor>
<comment>Criação de verbete.</comment>
<model>wikitext</model>
<format>text/x-wiki</format>
<text bytes="188" xml:space="preserve">={{-pt-}}=
==Forma de substantivo==
{{paroxítona|na|bi|ças}}, {{gramática|fp}}
# feminino plural de [[nabiça]]
{{avi-for-fle|nabiça}}
[[Categoria:Forma de substantivo (Português)]]</text>
<sha1>riuejrd829wfb50l9wtvvh37yutj0b3</sha1>
</revision>
