<page>
<page>
<title>nabinhão</title>
<ns>0</ns>
<id>377874</id>
<revision>
<id>2294622</id>
<timestamp>2017-04-28T09:24:47Z</timestamp>
<contributor>
<username>Cpls</username>
<id>20608</id>
</contributor>
<comment>[[Ajuda:Guia de edição/Menus e ferramentas/Sumário de edição|→]] nova página: ={{-gl-}}= ==Substantivo== {{flex.gl|ms=nabinhão|mp=nabinhãos}} {{oxítona|na|bi|hão|lang=gl}}, {{g|m|lang...</comment>
<model>wikitext</model>
<format>text/x-wiki</format>
<text bytes="895" xml:space="preserve">={{-gl-}}=
==Substantivo==
{{flex.gl|ms=nabinhão|mp=nabinhãos}}
{{oxítona|na|bi|hão|lang=gl}}, {{g|m|lang=gl}}
# {{escopo|gl|Ave}} [[pintarroxo-comum]], ''[[wikispecies:Carduelis cannabina|Carduelis cannabina]]''
==={{-varort-}}===
* [[nabinhau#{{gl}}|nabinhau]]
===Sinónimos===
* De '''1''' (''C. cannabina''): [[linhaceira#Galego|linhaceira]], [[milharanco#Galego|milharanco]], [[nabinhego#Galego|nabinhego]], [[nabinheiro#Galego|nabinheiro]], [[papo-rúbio#Galego|papo-rúbio]], [[pardal#Galego|pardal]], [[pardao#Galego|pardao]], [[pardelo#Galego|pardelo]], [[pardilho#Galego|pardilho]], [[pintarroxo#Galego|pintarroxo]], [[rei#Galego|rei]], [[zurica#Galego|zurica]], [[zuriolo#Galego|zuriolo]]
=={{etimologia|gl}}==
: {{escopo|Morfologia}} De ''[[nabinha#{{gl}}|nabinha]]'' + ''[[-ão#Galego|-ão]].
=={{pronúncia|gl}}==
* [[AFI]]: /na.bi.ɲaw/
[[Categoria:Substantivo (Galego)]]</text>
<sha1>n3zxg3scg4wiz00kn5pydod1daraef5</sha1>
</revision>
