<page>
<title>nabo</title>
<ns>0</ns>
<id>5609</id>
<revision>
<id>2663229</id>
<parentid>2379639</parentid>
<timestamp>2022-03-05T02:55:57Z</timestamp>
<contributor>
<username>ValJor</username>
<id>1358</id>
</contributor>
<comment>Acrescentando código de língua à [[:Categoria:!Página com mensagem de erro em predefinição|predefinição escopo]]</comment>
<model>wikitext</model>
<format>text/x-wiki</format>
<text bytes="2054" xml:space="preserve">{{Wikipédia|lang=pt}}
[[Imagem:Turnip.JPG|thumb|right|250px|{{centro|Nabo}}]]
={{-pt-}}=
==Substantivo==
{{flex.pt|ms=nabo|mp=nabos}}
{{paroxítona|na|bo}}, {{gramática|m}}
# {{escopo|pt|Botânica}} [[planta]] [[herbáceo|herbácea]] da espécie ''Brassica rapa'', de [[raiz]] [[carnudo|carnuda]], [[branco|branca]], [[arredondado|arredondada]] ou [[pontiagudo|pontiaguda]] com [[variedade]]s muito [[cultivar|cultivadas]] para a [[alimentação]]
# o [[tubérculo]] dessa planta, também conhecido por ''cabeça de nabo''
# {{escopo|pt|Figurado|popular}} [[pessoa]] [[estúpido|estúpida]], [[ignorante]]
# [[genitália]] masculina
===Sinônimos===
* De '''4''': [[pênis]]
===Traduções===
{{tradini}}
* {{trad|kea|nábu}}
* {{trad|zh|芜菁}}
* {{trad|es|nabo}}
* {{trad|eo|napo}}
* {{trad|fr|navet}}
* {{trad|ka|თალგამი}} (talgami)
{{tradmeio}}
* {{trad|nl|raapzaad}}
* {{trad|en|turnip}}
* {{trad|is|næpa}}
* {{trad|ja|カブ}}
* {{trad|vo|navät}}
{{tradfim}}
===Verbetes derivados===
* {{escopo2|Galícia}} [[nabeira]]
=={{etimologia|pt}}==
{{llietimo|la|napus|pt}}
=={{pronúncia|pt}}==
* [[AFI]]: /ˈna.bu/
* [[X-SAMPA]]: /&quot;na.bu/
==Ver também==
===No Wikcionário===
{{verTambém.Ini}}
* [[nabiça]]
{{verTambém.NovaColuna}}
* [[grelo]]
{{verTambém.Fim}}
[[Categoria:Substantivo (Português)]]
={{-da-}}=
==Substantivo==
'''nabo'''
# [[vizinho]]
[[Categoria:Substantivo (Dinamarquês)]]
[[Categoria:Falso cognato (Dinamarquês)]]
={{-es-}}=
==Substantivo==
'''nabo'''
# [[nabo#Português|nabo]]
[[Categoria:Substantivo (Espanhol)]]
[[Categoria:Botânica (Espanhol)]]
={{-la-}}=
==Forma verbal==
'''nabo'''
# flexão do verbo [[nō]]
{{avi-for-fle|nō}}
[[Categoria:Forma verbal (Latim)]]
[[Categoria:Falso cognato (Latim)]]
={{-no-}}=
==Substantivo==
'''nabo'''
# [[vizinho]]
[[Categoria:Substantivo (Norueguês)]]
[[Categoria:Falso cognato (Norueguês)]]
={{-sv-}}=
==Substantivo==
'''nabo'''
# {{escopo|sv|Arcaico}} [[vizinho]]
[[Categoria:Substantivo (Sueco)]]
[[Categoria:Falso cognato (Sueco)]]</text>
<sha1>scwpyua0x3u03jajchiz8kdc429gxz1</sha1>
</revision>
</page>
