<page>
<page>
<title>naboda</title>
<ns>0</ns>
<id>414289</id>
<revision>
<id>2555801</id>
<timestamp>2019-10-03T18:06:29Z</timestamp>
<contributor>
<username>Cpls</username>
<id>20608</id>
</contributor>
<comment>[[Ajuda:Guia de edição/Menus e ferramentas/Sumário de edição|→]] nova página: ={{-gl-}}= ==Substantivo== {{flex.gl|fs=naboda|fp=nabodas}} {{paroxítona|na|bo|da|lang=gl}}, {{g|f|lang=gl}}...</comment>
<model>wikitext</model>
<format>text/x-wiki</format>
<text bytes="445" xml:space="preserve">={{-gl-}}=
==Substantivo==
{{flex.gl|fs=naboda|fp=nabodas}}
{{paroxítona|na|bo|da|lang=gl}}, {{g|f|lang=gl}}
# {{escopo|gl|Planta}} [[norça-preta]] (''[[species:Tamus communis|Tamus communis]]'')
# {{escopo|gl|Planta}} [[briônia]] (''[[species:Bryonia cretica|Bryonia cretica]]'')
==={{-varort-}}===
* [[navodá#{{gl}}|navodá]]
===Sinónimos===
* De '''1''': Vide em [[norça-negra#Galego|norça-negra]]
[[Categoria:Substantivo (Galego)]]</text>
<sha1>pob63b8oge00r0i4b8ykqu34dhag7u9</sha1>
</revision>
