<page>
<title>nabresto</title>
<ns>0</ns>
<id>390055</id>
<revision>
<id>2631312</id>
<parentid>2594799</parentid>
<timestamp>2021-04-22T10:56:38Z</timestamp>
<contributor>
<username>Archaeodontosaurus</username>
<id>17153</id>
</contributor>
<model>wikitext</model>
<format>text/x-wiki</format>
<text bytes="644" xml:space="preserve">[[Imagem:(MHNT) Raphanus raphanistrum - flowers.jpg|thumb|200px|&lt;center&gt;nabresto&lt;/center&gt;]]
={{-mwl-}}=
==Substantivo==
{{flex.pt|ms=nabresto|mp=nabrestos}}
{{paroxítona|na|bres|to|lang=mwl}}, {{gramática|m|lang=mwl}}
# {{escopo|mwl|Planta}} [[saramago]], [[xaramago#{{pt}}|xaramago]], ''[[species:Raphanus raphanistrum|Raphanus raphanistrum]]''
===Sinónimo===
* [[xaramago#{{mwl}}|xaramago]] (mais usual)
=={{etimologia|mwl}}==
: Da mesma origem que [[nabo]]; confronte-se com o cognado galego {{etimo|gl|nabestro}}.
[[Categoria:Substantivo (Mirandês)]]
[[Categoria:Botânica (Mirandês)]]
[[Categoria:Entrada com imagem (Mirandês)]]</text>
<sha1>rhbm00wnu0id0nmsktuphyzr3w9y88u</sha1>
</revision>
</page>
