<page>
<title>nabrestos</title>
<ns>0</ns>
<id>390056</id>
<revision>
<id>2475485</id>
<timestamp>2018-01-07T21:20:44Z</timestamp>
<contributor>
<username>Imivorn</username>
<id>64513</id>
</contributor>
<comment>[[Ajuda:Guia de edição/Menus e ferramentas/Sumário de edição|→]] nova página: ={{-mwl-}}= ==Forma de substantivo== {{paroxítona|na|bres|tos|língua=mwl}} # plural de '''nabresto#{{mwl}...</comment>
<model>wikitext</model>
<format>text/x-wiki</format>
<text bytes="172" xml:space="preserve">={{-mwl-}}=
==Forma de substantivo==
{{paroxítona|na|bres|tos|língua=mwl}}
# plural de '''[[nabresto#{{mwl}}|nabresto]]'''
[[Categoria:Forma de substantivo (Mirandês)]]</text>
<sha1>c674v48064tk1pbml6hur9a5kvqw6hx</sha1>
</revision>
</page>
