<page>
<page>
<title>nacarizámos</title>
<ns>0</ns>
<id>311088</id>
<revision>
<id>2543309</id>
<parentid>1653944</parentid>
<timestamp>2019-05-02T17:49:32Z</timestamp>
<contributor>
<username>ValJor</username>
<id>1358</id>
</contributor>
<comment>Acrescentando a predefinição avi-for-fle</comment>
<model>wikitext</model>
<format>text/x-wiki</format>
<text bytes="270" xml:space="preserve">={{-pt-}}=
==Forma verbal==
{{paroxítona|na|ca|ri|zá|mos}}
# {{escopo2|grafia lusitana}} primeira pessoa do plural do pretérito perfeito do indicativo do verbo [[nacarizar]]
{{avi-for-fle|nacarizar}}
[[Categoria:Forma verbal (Português)]]
[[Categoria:Lusitanismo]]</text>
<sha1>edsui7c32gdh483niyku5typksdka6g</sha1>
</revision>
