<page>
<page>
<title>nacarámos</title>
<ns>0</ns>
<id>311089</id>
<revision>
<id>2543307</id>
<parentid>1653945</parentid>
<timestamp>2019-05-02T17:43:30Z</timestamp>
<contributor>
<username>ValJor</username>
<id>1358</id>
</contributor>
<comment>Acrescentando a predefinição avi-for-fle</comment>
<model>wikitext</model>
<format>text/x-wiki</format>
<text bytes="263" xml:space="preserve">={{-pt-}}=
==Forma verbal==
{{paroxítona|na|ca|rá|mos}}
# {{escopo2|grafia lusitana}} primeira pessoa do plural do pretérito perfeito do indicativo do verbo [[nacarar]]
{{avi-for-fle|nacarar}}
[[Categoria:Forma verbal (Português)]]
[[Categoria:Lusitanismo]]</text>
<sha1>pcoroe3jn4pj2aaknn3zbvkdyfc64ou</sha1>
</revision>
