<page>
<title>naca</title>
<ns>0</ns>
<id>63160</id>
<revision>
<id>2379641</id>
<parentid>2054676</parentid>
<timestamp>2017-05-05T16:18:42Z</timestamp>
<contributor>
<username>HydrizBot</username>
<id>29590</id>
</contributor>
<minor />
<comment>Robô: A limpar links interwikis antigos</comment>
<model>wikitext</model>
<format>text/x-wiki</format>
<text bytes="374" xml:space="preserve">={{-pt-}}=
==Substantivo==
{{flex.pt|fs=naca|fs-div=&lt;u&gt;na&lt;/u&gt;.ca|fp=nacas|fp-div=&lt;u&gt;na&lt;/u&gt;.cas}}
{{paroxítona|na|ca}} {{f}}
# [[naco]]
===Sinônimos===
* [[nacada]]
=={{etimologia|pt}}==
: Da [[alteração]] da [[vogal]] [[temático|temática]] de ''[[naco]]''.
==Ver também==
===No Wikcionário===
{{verTambém.Confrontar|nada}}
[[Categoria:Substantivo (Português)]]</text>
<sha1>7mtlckxwua48kc1d4osb7f38s1f6n6s</sha1>
</revision>
</page>
