<page>
<page>
<title>nacarar</title>
<ns>0</ns>
<id>317265</id>
<revision>
<id>2663221</id>
<parentid>1712955</parentid>
<timestamp>2022-03-05T02:44:28Z</timestamp>
<contributor>
<username>ValJor</username>
<id>1358</id>
</contributor>
<comment>Acrescentando código de língua à [[:Categoria:!Página com mensagem de erro em predefinição|predefinição escopo]]</comment>
<model>wikitext</model>
<format>text/x-wiki</format>
<text bytes="535" xml:space="preserve">={{-pt-}}=
==Verbo==
{{oxítona|na|ca|rar}}, {{gramática|vt}}
# [[dar]] [[aspecto]] ou [[cor]] de [[nácar]] a
# [[cobrir]] de nácar
# {{escopo|pt|Figurado}} [[tornar]] [[rubro]] ou [[rosado]]
===Conjugação===
{{conj/pt|nacar|ar}}
=={{etimologia|pt}}==
: {{escopo|Morfologia}} [[nácar]] + [[-ar]].
==Ligações externas==
* {{Aulete}}
* {{Michaelis}}
* {{DicioAberto}}
* {{DLPO}}
* {{Infopédia}}
* {{PLP}}
* {{VOLPABL}}
==Anagrama==
&lt;!-- índice para anagramas: pt: aaacnrr --&gt;
# [[arranca]]
[[Categoria:Verbo (Português)]]</text>
<sha1>cmdepitlduhcn225aigmvb3x8be7a5y</sha1>
</revision>
