<page>
<page>
<title>nacem</title>
<ns>0</ns>
<id>117271</id>
<revision>
<id>2663208</id>
<parentid>1160989</parentid>
<timestamp>2022-03-05T02:17:30Z</timestamp>
<contributor>
<username>ValJor</username>
<id>1358</id>
</contributor>
<comment>Acrescentando código de língua à [[:Categoria:!Página com mensagem de erro em predefinição|predefinição escopo]]</comment>
<model>wikitext</model>
<format>text/x-wiki</format>
<text bytes="237" xml:space="preserve">={{-pt-}}=
==Forma verbal==
{{paroxítona|na|cem}}
# {{escopo|pt|Arcaísmo}} terceira pessoa do singular do presente do indicativo do verbo [[nacer]]; o mesmo que [[nascem]]
{{avi-for-fle|nacer}}
[[Categoria:Forma verbal (Português)]]</text>
<sha1>idk2rti0y29z3vywwu1jwh5vbfpzqxi</sha1>
</revision>
