<page>
<page>
<title>nace</title>
<ns>0</ns>
<id>96621</id>
<revision>
<id>2663212</id>
<parentid>2379642</parentid>
<timestamp>2022-03-05T02:28:16Z</timestamp>
<contributor>
<username>ValJor</username>
<id>1358</id>
</contributor>
<comment>Acrescentando código de língua à [[:Categoria:!Página com mensagem de erro em predefinição|predefinição escopo]]</comment>
<model>wikitext</model>
<format>text/x-wiki</format>
<text bytes="1001" xml:space="preserve">={{-pt-}}=
==Forma verbal==
{{paroxítona|na|ce}}
# {{escopo|pt|Antigo}} terceira pessoa do singular do presente do indicativo do verbo ''[[nacer]]''; ortografia usada por Camões no lugar de [[nasce]] em ''Os lusíadas''
# {{escopo|pt|Antigo}} segunda pessoa do singular do imperativo afirmativo do verbo ''[[nacer]]''
{{avi-for-fle|nacer}}
==Anagramas==
&lt;!-- índice para anagramas: pt: acen --&gt;
# [[cena]]
# [[neca]]
[[Categoria:Forma verbal (Português)]]
={{-es-}}=
==Forma verbal==
'''nace'''
# terceira pessoa do singular do presente do indicativo do verbo [[nacer#Espanhol|nacer]]
# segunda pessoa do singular do imperativo afirmativo do verbo [[nacer#Espanhol|nacer]]
{{avi-for-fle|nacer}}
[[Categoria:Forma verbal (Espanhol)]]
={{-gl-}}=
==Forma verbal==
'''nace'''
# terceira pessoa do singular do presente do indicativo do verbo [[nacer#Galego|nacer]]
# segunda pessoa do singular do imperativo de [[nacer#Galego|nacer]]
{{avi-for-fle|nacer}}
[[Categoria:Forma verbal (Galego)]]</text>
<sha1>oku3ojeuej5qfzokc459qhfc37bycr1</sha1>
</revision>
