<page>
<page>
<title>nacha</title>
<ns>0</ns>
<id>368518</id>
<revision>
<id>2640448</id>
<parentid>2379646</parentid>
<timestamp>2021-07-03T12:33:29Z</timestamp>
<contributor>
<username>Cpls</username>
<id>20608</id>
</contributor>
<model>wikitext</model>
<format>text/x-wiki</format>
<text bytes="1267" xml:space="preserve">={{-pt-}}=
==Substantivo==
{{flex.pt|fs=nacha|fp=nachas}}
{{paroxítona|na|cha}}, {{gramática|f}}
# {{escopo|pt|Trás-os-Montes}} [[pancada]] com [[pião]]
# {{escopo|pt|Planta}} planta de flores aromáticas, amarelas, nativa da Índia
# {{escopo|pt|Planta}} espécie de [[milho-miúdo]] (''[[species:Eleusine coracana|Eleusine coracana]]'')
===Sinónimo===
* De '''3''' [[nachenim]], [[naxenim]]
==Ver também==
===No Wikcionário===
{{verTambém.Ini}}
* [[nachar]]
{{verTambém.Fim}}
==Ligações externas==
* {{Aulete}}
* {{Michaelis}}
* {{PLP}}
* {{VOLPABL}}
[[Categoria:Substantivo (Português)]]
={{-gl-}}=
==Adjetivo==
{{flex.gl|ms=nacho|mp=nachos|fs=nacha|fp=nachas}}
{{paroxítona|na|cha|lang=gl}}
# que tem o nariz [[achatado]], chata
# que tem o [[quadril]] caído, referido sobretudo a uma rês bovina
===Sinónimos===
* De '''1''': [[narcho#{{gl}}|narcha]], [[nhato#{{gl}}|nhata]]
==Substantivo==
{{flex.gl|ms=nacho|mp=nachos|fs=nacha|fp=nachas}}
{{paroxítona|na|cha|lang=gl}}
# [[gajo|gaja]], para se referir a uma pessoa qualquer, [[fulano|fulana]]
{{flex.gl|fs=nacha|fp=nachas}}
{{paroxítona|na|cha|lang=gl}}, {{g|f|lang=gl}}
#{{cont|2}} {{escopo|gl|coloquial}} [[nariz]]
[[Categoria:Adjetivo (Galego)]]
[[Categoria:Substantivo (Galego)]]</text>
<sha1>sgfyj2cr4nf8h59jql27yo48naqsh0t</sha1>
</revision>
