<page>
<title>Nacht</title>
<ns>0</ns>
<id>12274</id>
<revision>
<id>2682630</id>
<parentid>2275055</parentid>
<timestamp>2022-07-04T10:11:56Z</timestamp>
<contributor>
<username>ValJor</username>
<id>1358</id>
</contributor>
<comment>Corrigindo nome do idioma: proto-indo-europeu --&gt; protoindo-europeu</comment>
<model>wikitext</model>
<format>text/x-wiki</format>
<text bytes="1584" xml:space="preserve">{{Wikipédia|lang=de}}
[[Imagem:Eft FataMorgana 04.jpg|thumb|right|250px|{{centro|Noite}}]]
={{-de-}}=
==Substantivo==
'''Nacht''', {{gramática|f}}
# [[noite]]
#* ''Schwarz wie die '''Nacht'''.'': &lt;small&gt;''Negro como a '''noite'''.''&lt;/small&gt;
# [[escuridão]]
===Antônimos===
{{verTambém.Ini}}
* [[Abend]]
{{verTambém.NovaColuna}}
* [[Mittag]]
{{verTambém.NovaColuna}}
* [[Morgen]]
{{verTambém.NovaColuna}}
* [[Tag]]
{{verTambém.Fim}}
===Declinação===
{{decl.de.subst.forte.fem|
ns=Nacht
|np=Nächte
}}
===Expressões===
* '''[[bei Nacht]]''' - à noite, de noite, durante a noite
* '''[[gestern Nacht]]''' - ontem à noite
* '''[[gute Nacht]]''' - boa noite
* '''[[heute Nacht]]''' - hoje à noite
* '''[[morgen Nacht]]''' - amanhã à noite
* '''[[Tausend und eine Nacht]]''' - Mil e uma noites
===Sinônimos===
{{verTambém.Ini}}
* [[dunkel]]
{{verTambém.NovaColuna}}
* [[Dunkelheit]]
{{verTambém.NovaColuna}}
* [[Finsternis]]
{{verTambém.NovaColuna}}
* [[Schwärze]]
{{verTambém.Fim}}
===Verbetes derivados===
* [[Mitternacht]] (meia noite)
* [[nächtlich]] (noturno)
* [[nachts]] (à noite)
* [[Vollmondnacht]] (noite de lua cheia)
* [[Weihnacht]] (natal)
=={{etimologia|de}}==
{{llietimo|goh|naht|de|ponto=não}} &lt; do [[proto-germânico]] ''*naht-'', do [[protoindo-europeu]] ''[[*nókʷts]]''.
=={{pronúncia|de}}==
* [[AFI]]: /naχt/ &lt;small&gt;Plural: /'nɛçtə/&lt;/small&gt;
* {{ouvir|De-at-Nacht.ogg}}
[[Categoria:Substantivo (Alemão)]]
[[Categoria:Monossílabo (Alemão)]]
[[Categoria:Entrada com imagem (Alemão)]]
[[Categoria:Entrada com áudio (Alemão)]]</text>
<sha1>resascymdx92ylax7if375gf7nl26jr</sha1>
</revision>
</page>
