<page>
<page>
<title>nachmittags</title>
<ns>0</ns>
<id>34881</id>
<revision>
<id>2513173</id>
<parentid>2379647</parentid>
<timestamp>2018-07-26T10:09:42Z</timestamp>
<contributor>
<username>ValJor</username>
<id>1358</id>
</contributor>
<comment>Verbete [[:Categoria:!Página com idioma não informado em Predefinição:etimologia|sem indicação do idioma na seção de etimologia]]</comment>
<model>wikitext</model>
<format>text/x-wiki</format>
<text bytes="435" xml:space="preserve">={{-de-}}=
==Advérbio==
'''nach.mit.tags'''
# à [[tarde]]
#* '''''Nachmittags''' spielen die Jungen Fußball.'' &lt;small&gt;(Os meninos jogam futebol de tarde)&lt;/small&gt;
===Antônimos===
{{verTambém.Ini}}
* [[abends]]
* [[mittags]]
* [[morgens]]
* [[nachts]]
{{verTambém.NovaColuna}}
* [[tags]]
* [[tagsüber]]
* [[vormittags]]
{{verTambém.Fim}}
=={{etimologia|de}}==
: De ''[[Nachmittag]]'' (tarde).
[[Categoria:Advérbio_(Alemão)]]</text>
<sha1>a5d9c0z58o3qa367z9ctwbe4ta5xr7h</sha1>
</revision>
