<page>
<title>Nachbarn</title>
<ns>0</ns>
<id>62649</id>
<revision>
<id>2275047</id>
<parentid>1844933</parentid>
<timestamp>2017-04-26T22:25:42Z</timestamp>
<contributor>
<username>HydrizBot</username>
<id>29590</id>
</contributor>
<minor />
<comment>Robô: A limpar links interwikis antigos</comment>
<model>wikitext</model>
<format>text/x-wiki</format>
<text bytes="106" xml:space="preserve">={{-de-}}=
==Substantivo==
'''Nachbarn'''
# flexão de ''[[Nachbar]]''
[[Categoria:Substantivo (Alemão)]]</text>
<sha1>hhxnw7kzi10hv1a04gdvab6y6qqy6aw</sha1>
</revision>
</page>
