<page>
<page>
<title>nachts</title>
<ns>0</ns>
<id>36586</id>
<revision>
<id>2379650</id>
<parentid>2130796</parentid>
<timestamp>2017-05-05T16:19:30Z</timestamp>
<contributor>
<username>HydrizBot</username>
<id>29590</id>
</contributor>
<minor />
<comment>Robô: A limpar links interwikis antigos</comment>
<model>wikitext</model>
<format>text/x-wiki</format>
<text bytes="130" xml:space="preserve">={{-de-}}=
==Advérbio==
'''nachts'''
# [[de]] [[noite]], [[durante]] a noite, [[a|à]] noite.
[[Categoria:Advérbio_(Alemão)]]</text>
<sha1>77mp41859ibx5caxrn5ijy41o0m4g60</sha1>
</revision>
