<page>
<page>
<title>Nachoeroe</title>
<ns>0</ns>
<id>148574</id>
<revision>
<id>2663204</id>
<parentid>2275051</parentid>
<timestamp>2022-03-05T02:10:12Z</timestamp>
<contributor>
<username>ValJor</username>
<id>1358</id>
</contributor>
<comment>Acrescentando código de língua à [[:Categoria:!Página com mensagem de erro em predefinição|predefinição escopo]]</comment>
<model>wikitext</model>
<format>text/x-wiki</format>
<text bytes="454" xml:space="preserve">{{Wikipédia|lang=li|Nauru}}
[[Imagem:Flag of Nauru.svg|thumb|right|250px|{{centro|Bandeira de Nauru}}]]
[[Imagem:NRU orthographic.svg|thumb|right|250px|{{centro|Localização de Nauru}}]]
={{-li-}}=
==Substantivo==
'''Nachoeroe''', {{gramática|pr}}
# {{escopo|li|País}} [[Nauru]]
===Sinônimo===
* [[Nauru]]
==Ver também==
===No Wikcionário===
{{Oceania/li}}
[[Categoria:Substantivo (Limburguês)]]
[[Categoria:Entrada com imagem (Limburguês)]]</text>
<sha1>prg55wggup80ul5ljkc0541nakdpbcp</sha1>
</revision>
