<page>
<page>
<title>Nachfolger</title>
<ns>0</ns>
<id>31225</id>
<revision>
<id>2275049</id>
<parentid>2053039</parentid>
<timestamp>2017-04-26T22:25:49Z</timestamp>
<contributor>
<username>HydrizBot</username>
<id>29590</id>
</contributor>
<minor />
<comment>Robô: A limpar links interwikis antigos</comment>
<model>wikitext</model>
<format>text/x-wiki</format>
<text bytes="387" xml:space="preserve">={{-de-}}=
== Substantivo ==
'''Nach.fol.ger''', ''masculino, forte'' (''feminino: '''[[Nachfolgerin]]''''')
# [[sucessor]].
=== Declinação ===
{{decl.de.subst.masc|gs=s|np=|Nachfolger}}
== Etimologia ==
: De ''[[nachfolgen#{{de}}|nachfolgen]]'' (''&quot;suceder&quot;'') + ''[[-er#{{de}}|-er]]'' (''&quot;-dor&quot;'')
[[Categoria:Substantivo (Alemão)]]
[[Categoria:Entrada com etimologia (Alemão)]]</text>
<sha1>i46ebtenvcqj2ti442qj9vfoyzg2opz</sha1>
</revision>
