<page>
<title>Nachfolge</title>
<ns>0</ns>
<id>46563</id>
<revision>
<id>2275048</id>
<parentid>2222169</parentid>
<timestamp>2017-04-26T22:25:45Z</timestamp>
<contributor>
<username>HydrizBot</username>
<id>29590</id>
</contributor>
<minor />
<comment>Robô: A limpar links interwikis antigos</comment>
<model>wikitext</model>
<format>text/x-wiki</format>
<text bytes="201" xml:space="preserve">={{-de-}}=
==Substantivo==
'''Nach.fol.ge''' {{f}}
# [[sucessão]].
===Declinação===
{{decl.de.subst.próprio.fem|Nachfolge}}
[[Categoria:Substantivo (Alemão)]]
[[Categoria:Trissílabo (Alemão)]]</text>
<sha1>hfs2skel00aargyuv8xlrvq903ndjbq</sha1>
</revision>
</page>
