<page>
<page>
<title>Nachbarin</title>
<ns>0</ns>
<id>62650</id>
<revision>
<id>2275046</id>
<parentid>2178451</parentid>
<timestamp>2017-04-26T22:25:40Z</timestamp>
<contributor>
<username>HydrizBot</username>
<id>29590</id>
</contributor>
<minor />
<comment>Robô: A limpar links interwikis antigos</comment>
<model>wikitext</model>
<format>text/x-wiki</format>
<text bytes="195" xml:space="preserve">={{-de-}}=
== Substantivo ==
{{decl.de.subst.fraca.fem|ns=Nachbarin|np=Nachbarinnen}}
'''Nachbarin''', {{f}} (''masculino: '''[[Nachbar]]''''')
# [[vizinha]].
[[Categoria:Substantivo (Alemão)]]</text>
<sha1>lwyfop1zoxmnyms6chf3qke8hk016go</sha1>
</revision>
