<page>
<page>
<title>nachar</title>
<ns>0</ns>
<id>435473</id>
<revision>
<id>2640449</id>
<timestamp>2021-07-03T14:03:40Z</timestamp>
<contributor>
<username>Cpls</username>
<id>20608</id>
</contributor>
<comment>[[Ajuda:Guia de edição/Menus e ferramentas/Sumário de edição|→]] nova página: ={{-pt-}}= ==Verbo== {{oxítona|na|char}}, {{gramática|tran}} # {{escopo|pt|Trás-os-Montes}} [[partir]], quebrar, [[rachar]]  ===Conjugação=== {{conj/pt|nach|ar}}  ==Ver também== ===No Wikcionário=== {{verTambém.Ini}} * [[nacha]] {{verTambém.Fim}}  [[Categoria:Verbo (Português)]]</comment>
<model>wikitext</model>
<format>text/x-wiki</format>
<text bytes="289" xml:space="preserve">={{-pt-}}=
==Verbo==
{{oxítona|na|char}}, {{gramática|tran}}
# {{escopo|pt|Trás-os-Montes}} [[partir]], quebrar, [[rachar]]
===Conjugação===
{{conj/pt|nach|ar}}
==Ver também==
===No Wikcionário===
{{verTambém.Ini}}
* [[nacha]]
{{verTambém.Fim}}
[[Categoria:Verbo (Português)]]</text>
<sha1>evx9g1hmm3b54yjfhug707hbxkt63zh</sha1>
</revision>
