<page>
<title>nach</title>
<ns>0</ns>
<id>291095</id>
<revision>
<id>2379645</id>
<parentid>2256599</parentid>
<timestamp>2017-05-05T16:19:03Z</timestamp>
<contributor>
<username>HydrizBot</username>
<id>29590</id>
</contributor>
<minor />
<comment>Robô: A limpar links interwikis antigos</comment>
<model>wikitext</model>
<format>text/x-wiki</format>
<text bytes="92" xml:space="preserve">={{-li-}}=
==Substantivo==
'''nach'''
# [[noite]] 
[[Categoria:Substantivo (Limburguês)]]</text>
<sha1>4ged76v6lnpjlpns12xp320ed5dbj40</sha1>
</revision>
</page>
