<page>
<title>Nachbar</title>
<ns>0</ns>
<id>36387</id>
<revision>
<id>2275045</id>
<parentid>2048552</parentid>
<timestamp>2017-04-26T22:25:37Z</timestamp>
<contributor>
<username>HydrizBot</username>
<id>29590</id>
</contributor>
<minor />
<comment>Robô: A limpar links interwikis antigos</comment>
<model>wikitext</model>
<format>text/x-wiki</format>
<text bytes="270" xml:space="preserve">={{-de-}}=
== Substantivo ==
{{decl.de.subst.fraca.masc|ns=Nachbar|np=[[Nachbarn]]}}
'''&lt;u&gt;Nach&lt;/u&gt;.bar''', {{m}} (''feminino: '''[[Nachbarin]]''''')
# [[vizinho]].
==Pronúncia==
* AFI: /ˈnaxbɐʁ/
[[Categoria:Substantivo (Alemão)]]
[[Categoria:Dissílabo (Alemão)]]</text>
<sha1>nsnq39dmkqcy2w3dyd0g0nzr4iydqam</sha1>
</revision>
</page>
