<page>
<title>Nachrichten</title>
<ns>0</ns>
<id>260482</id>
<revision>
<id>2275053</id>
<parentid>2053040</parentid>
<timestamp>2017-04-26T22:26:09Z</timestamp>
<contributor>
<username>HydrizBot</username>
<id>29590</id>
</contributor>
<minor />
<comment>Robô: A limpar links interwikis antigos</comment>
<model>wikitext</model>
<format>text/x-wiki</format>
<text bytes="166" xml:space="preserve">={{-de-}}=
==Substantivo==
'''Nachrichten''', {{f}}
#[[notícias]], [[novidades]]
=={{etimologia|de}}==
:Plural de [[Nachricht]]
[[Categoria:Substantivo (Alemão)]]</text>
<sha1>smkuuutcl9trrlrcwun7ib675n42nc8</sha1>
</revision>
</page>
