<page>
<title>Nachkomme</title>
<ns>0</ns>
<id>421593</id>
<revision>
<id>2579328</id>
<timestamp>2020-02-26T10:27:49Z</timestamp>
<contributor>
<username>ValJor</username>
<id>1358</id>
</contributor>
<comment>Criação do verbete a partir da [[Especial:Páginas_pedidas|lista de palavras pedidas]]</comment>
<model>wikitext</model>
<format>text/x-wiki</format>
<text bytes="406" xml:space="preserve">={{-de-}}=
==Substantivo==
'''Nachkomme''', {{gramática|m}}
# [[descendente]]
===Antônimo===
* [[Vorfahr]]
===Sinônimos===
{{verTambém.Ini}}
* [[Nachfahre]]
{{verTambém.NovaColuna}}
* [[Sprössling]]
{{verTambém.Fim}}
=={{etimologia|de}}==
: Derivado do verbo [[nachkommen]].
=={{pronúncia|de}}==
* [[AFI]]: /ˈnaːxˌkɔmə/
[[Categoria:Substantivo (Alemão)]]
[[Categoria:Família (Alemão)]]</text>
<sha1>iuvw1os3gzxh5omt8mbxx24m3twdhx3</sha1>
</revision>
</page>
