<page>
<page>
<title>Nachspeise</title>
<ns>0</ns>
<id>35142</id>
<revision>
<id>2275054</id>
<parentid>2222172</parentid>
<timestamp>2017-04-26T22:26:11Z</timestamp>
<contributor>
<username>HydrizBot</username>
<id>29590</id>
</contributor>
<minor />
<comment>Robô: A limpar links interwikis antigos</comment>
<model>wikitext</model>
<format>text/x-wiki</format>
<text bytes="600" xml:space="preserve">={{-de-}}=
== Substantivo ==
'''Nach.spei.se''', ''feminino''
# [[sobremesa]].
=== Sinônimos ===
* (''de 1'') [[Dessert]], [[Nachtisch]].
=== Declinação ===
{{decl.de.subst.fem.-/en|Nachspeis|e=e}}
== Etimologia ==
: De ''[[nach#{{de}}|nach]]'' (''&quot;após&quot;'') + ''[[Speise#{{de}}|Speise]]'' (''&quot;comida&quot;'').
== Pronúncia ==
* [[AFI]]: {{AFI|[ˈnaːx.ˌʃpaɪ̯.zə]}}&lt;small&gt;, Plural: &lt;/small&gt;{{AFI|[ˈnaːx.ˌʃpaɪ̯.zən]}}
[[Categoria:Substantivo (Alemão)]]
[[Categoria:Alimentação (Alemão)]]
[[Categoria:Entrada com etimologia (Alemão)]]
[[Categoria:Entrada com pronúncia (Alemão)]]</text>
<sha1>dg50i6rm0k6cdeywsd6utpx7mm3kfqq</sha1>
</revision>
