<page>
<title>nacholo</title>
<ns>0</ns>
<id>378391</id>
<revision>
<id>2391199</id>
<timestamp>2017-05-08T18:35:40Z</timestamp>
<contributor>
<username>Cpls</username>
<id>20608</id>
</contributor>
<comment>[[Ajuda:Guia de edição/Menus e ferramentas/Sumário de edição|→]] nova página: ={{-gl-}}= ==Substantivo== {{flex.gl|ms=nacholo|mp=nacholos|fs=nachola|fp=nacholas}} {{paroxítona|na|cho|lo|...</comment>
<model>wikitext</model>
<format>text/x-wiki</format>
<text bytes="363" xml:space="preserve">={{-gl-}}=
==Substantivo==
{{flex.gl|ms=nacholo|mp=nacholos|fs=nachola|fp=nacholas}}
{{paroxítona|na|cho|lo|lang=gl}}
# nome [[carinhoso]] para se dirigir a uma [[criança]]
===Sinónimo===
* [[nachinho#{{gl}}|nachinho]]
=={{etimologia|gl}}==
: {{escopo|Morfologia}} De ''[[nacho#{{gl}}|nacho]]'' + ''[[-olo#{{gl}}|-olo]]''.
[[Categoria:Substantivo (Galego)]]</text>
<sha1>q9pcgezl55ijvndzgecb7f13yrcn9lv</sha1>
</revision>
</page>
