<page>
<title>nacho</title>
<ns>0</ns>
<id>368520</id>
<revision>
<id>2640447</id>
<parentid>2379648</parentid>
<timestamp>2021-07-03T12:21:59Z</timestamp>
<contributor>
<username>Cpls</username>
<id>20608</id>
</contributor>
<model>wikitext</model>
<format>text/x-wiki</format>
<text bytes="1762" xml:space="preserve">={{-pt-}}=
==Adjetivo==
{{flex.pt|ms=nacho|mp=nachos|fs=nacha|fp=nachas}}
{{paroxítona|na|cho}}
# {{escopo|pt|Trás-os-Montes}} que tem o nariz [[achatado]], chato
==Substantivo==
{{flex.pt|ms=nacho|mp=nachos}}
{{paroxítona|na|cho}}, {{g|m}}
# {{escopo|pt|Culinária}} [[comida]] do [[México]] feita com feijão, queijo e tomate
# {{escopo|pt|Culinária}} massa de milho crocante e plana de forma triangular com a que são comidos diversos [[molho]]s
==Ver também==
===No Wikcionário===
{{colunas|2}}
* [[nacha]]
* [[nachar]]
{{colunas/fim}}
==Ligações externas==
* {{Aulete}}
* {{DicioAberto}}
* {{DPLP}}
* {{Infopédia}}
* {{PLP}}
* {{VOLPABL}}
==Anagrama==
&lt;!-- índice para anagramas: pt: aaa --&gt;
# [[ancho]]
# [[canho]]
# [[conha]]
# [[chona]]
# [[nhoca]]
[[Categoria:Substantivo (Português)]]
[[Categoria:Adjetivo (Português)]]
[[Categoria:Substantivo (Português)]]
={{-gl-}}=
==Adjetivo==
{{flex.gl|ms=nacho|mp=nachos|fs=nacha|fp=nachas}}
{{paroxítona|na|cho|lang=gl}}
# [[nacho#{{pt}}|nacho]], que tem o nariz [[achatado]], chato
# que tem o [[quadril]] caído, referido sobretudo a uma rês bovina
===Sinónimos===
* De '''1''': [[narcho#{{gl}}|narcho]], [[nhato#{{gl}}|nhato]]
===Verbetes derivados===
* [[figo nacho#{{gl}}|figo nacho]]
==Interjeição==
{{paroxítona|na|cho|lang=gl}}
# voz para chamar ao [[gato]]
==Substantivo==
{{flex.gl|ms=nacho|mp=nachos|fs=nacha|fp=nachas}}
{{paroxítona|na|cho|lang=gl}}
# {{escopo|gl|coloquial}} [[gajo]], para se referir a uma pessoa qualquer, [[fulano]]
{{flex.gl|ms=nacho|mp=nachos}}
{{paroxítona|na|cho|lang=gl}}, {{g|m|lang=gl}}
#{{cont|2}} {{escopo|gl|coloquial}} [[nariz]]
[[Categoria:Adjetivo (Galego)]]
[[Categoria:Interjeição (Galego)]]
[[Categoria:Substantivo (Galego)]]</text>
<sha1>82fltunj5pxq5ebi8ie5d0mhfbcb0h4</sha1>
</revision>
</page>
