<page>
<title>Nachricht</title>
<ns>0</ns>
<id>15720</id>
<revision>
<id>2275052</id>
<parentid>1919996</parentid>
<timestamp>2017-04-26T22:26:05Z</timestamp>
<contributor>
<username>HydrizBot</username>
<id>29590</id>
</contributor>
<minor />
<comment>Robô: A limpar links interwikis antigos</comment>
<model>wikitext</model>
<format>text/x-wiki</format>
<text bytes="185" xml:space="preserve">={{-de-}}=
==Substantivo==
'''Nach.richt''', ''feminino''
# [[notícia]]
===Declinação===
{{decl.de.subst.fraca.fem|ns=Nachricht|np=Nachrichten}}
[[Categoria:Substantivo (Alemão)]]</text>
<sha1>l8cma5yk51af89yrlzphuhi27cmp6dl</sha1>
</revision>
</page>
