<page>
<page>
<title>nacionalizassem</title>
<ns>0</ns>
<id>378575</id>
<revision>
<id>2668263</id>
<parentid>2668262</parentid>
<timestamp>2022-03-26T09:22:08Z</timestamp>
<contributor>
<username>MIL973</username>
<id>41339</id>
</contributor>
<model>wikitext</model>
<format>text/x-wiki</format>
<text bytes="247" xml:space="preserve">={{-pt-}}=
==Forma verbal==
{{paroxítona|na|ci|o|na|li|zas|sem}}
# terceira pessoa do plural do pretérito do {{PEPB|inline=1|conjuntivo|subjuntivo}} do verbo [[nacionalizar]]
{{avi-for-fle|nacionalizar}}
[[Categoria:Forma verbal (Português)]]</text>
<sha1>7xm2ztxwlsyiquhjxjlyjaw0bm1lo4e</sha1>
</revision>
