<page>
<page>
<title>nacionalizávamos</title>
<ns>0</ns>
<id>378623</id>
<revision>
<id>2669731</id>
<parentid>2669730</parentid>
<timestamp>2022-04-01T09:31:47Z</timestamp>
<contributor>
<username>MIL973</username>
<id>41339</id>
</contributor>
<model>wikitext</model>
<format>text/x-wiki</format>
<text bytes="235" xml:space="preserve">={{-pt-}}=
==Forma verbal==
{{proparoxítona|na|ci|o|na|li|zá|va|mos}}
# primeira pessoa do plural do pretérito imperfeito do indicativo do verbo [[nacionalizar]]
{{avi-for-fle|nacionalizar}}
[[Categoria:Forma verbal (Português)]]</text>
<sha1>lpknb1816012c1l6qjd596cvimi9s5s</sha1>
</revision>
