<page>
<page>
<title>nacionalizaríeis</title>
<ns>0</ns>
<id>378587</id>
<revision>
<id>2669347</id>
<parentid>2669346</parentid>
<timestamp>2022-03-30T12:07:08Z</timestamp>
<contributor>
<username>MIL973</username>
<id>41339</id>
</contributor>
<model>wikitext</model>
<format>text/x-wiki</format>
<text bytes="230" xml:space="preserve">={{-pt-}}=
==Forma verbal==
{{paroxítona|na|ci|o|na|li|za|rí|eis}}
# segunda pessoa do plural do futuro do pretérito do indicativo do verbo [[nacionalizar]]
{{avi-for-fle|nacionalizar}}
[[Categoria:Forma verbal (Português)]]</text>
<sha1>ialw6ujj5jpgacuhyii1rhtvj8nt7l2</sha1>
</revision>
