<page>
<page>
<title>nacionalizei</title>
<ns>0</ns>
<id>378617</id>
<revision>
<id>2669725</id>
<parentid>2669724</parentid>
<timestamp>2022-04-01T09:29:31Z</timestamp>
<contributor>
<username>MIL973</username>
<id>41339</id>
</contributor>
<model>wikitext</model>
<format>text/x-wiki</format>
<text bytes="222" xml:space="preserve">={{-pt-}}=
==Forma verbal==
{{oxítona|na|ci|o|na|li|zei}}
# primeira pessoa do singular do pretérito perfeito do indicativo do verbo [[nacionalizar]]
{{avi-for-fle|nacionalizar}}
[[Categoria:Forma verbal (Português)]]</text>
<sha1>92gh5hnqflpm5j6z6rot7hdf2ehqy6x</sha1>
</revision>
