<page>
<page>
<title>nacionalizas</title>
<ns>0</ns>
<id>378627</id>
<revision>
<id>2669744</id>
<parentid>2669743</parentid>
<timestamp>2022-04-01T09:35:56Z</timestamp>
<contributor>
<username>MIL973</username>
<id>41339</id>
</contributor>
<model>wikitext</model>
<format>text/x-wiki</format>
<text bytes="213" xml:space="preserve">={{-pt-}}=
==Forma verbal==
{{paroxítona|na|ci|o|na|li|zas}}
# segunda pessoa do singular do presente do indicativo do verbo [[nacionalizar]]
{{avi-for-fle|nacionalizar}}
[[Categoria:Forma verbal (Português)]]</text>
<sha1>6q2ocsfq5kndbqxkquoxc80xvwiqtg0</sha1>
</revision>
