<page>
<title>nacionalizaras</title>
<ns>0</ns>
<id>378595</id>
<revision>
<id>2669713</id>
<parentid>2669711</parentid>
<timestamp>2022-04-01T09:26:11Z</timestamp>
<contributor>
<username>MIL973</username>
<id>41339</id>
</contributor>
<model>wikitext</model>
<format>text/x-wiki</format>
<text bytes="269" xml:space="preserve">{{ver também|nacionalizarás}}
={{-pt-}}=
==Forma verbal==
{{paroxítona|na|ci|o|na|li|za|ras}}
# segunda pessoa do singular do pretérito mais-que-perfeito do indicativo do verbo [[nacionalizar]]
{{avi-for-fle|nacionalizar}}
[[Categoria:Forma verbal (Português)]]</text>
<sha1>0rkw4okaa85owldqjmucvc4zfnic207</sha1>
</revision>
</page>
