<page>
<page>
<title>nacionalizarão</title>
<ns>0</ns>
<id>378594</id>
<revision>
<id>2669355</id>
<parentid>2669354</parentid>
<timestamp>2022-03-30T12:09:27Z</timestamp>
<contributor>
<username>MIL973</username>
<id>41339</id>
</contributor>
<model>wikitext</model>
<format>text/x-wiki</format>
<text bytes="253" xml:space="preserve">{{confundir|nacionalizaram}}
={{-pt-}}=
==Forma verbal==
{{oxítona|na|ci|o|na|li|za|rão}}
# terceira pessoa do plural do futuro do presente do indicativo do verbo [[nacionalizar]]
{{avi-for-fle|nacionalizar}}
[[Categoria:Forma verbal (Português)]]</text>
<sha1>euzyv9y7817k9q41wu19rboj1bjjzat</sha1>
</revision>
