<page>
<page>
<title>nacionalizamos</title>
<ns>0</ns>
<id>378566</id>
<revision>
<id>2669534</id>
<parentid>2669533</parentid>
<timestamp>2022-03-31T10:06:26Z</timestamp>
<contributor>
<username>MIL973</username>
<id>41339</id>
</contributor>
<model>wikitext</model>
<format>text/x-wiki</format>
<text bytes="364" xml:space="preserve">{{grafiaPtbr|nacionalizámos}}
={{-pt-}}=
==Forma verbal==
{{paroxítona|na|ci|o|na|li|za|mos}}
# primeira pessoa do plural do presente do indicativo do verbo [[nacionalizar]]
# {{escopo2|Grafia brasileira}} primeira pessoa do plural do pretérito perfeito do indicativo do verbo nacionalizar
{{avi-for-fle|nacionalizar}}
[[Categoria:Forma verbal (Português)]]</text>
<sha1>ayhceiby100fbddez05k0ty5tb752fe</sha1>
</revision>
