<page>
<page>
<title>nacionalizando</title>
<ns>0</ns>
<id>378583</id>
<revision>
<id>2668285</id>
<parentid>2668284</parentid>
<timestamp>2022-03-26T09:28:58Z</timestamp>
<contributor>
<username>MIL973</username>
<id>41339</id>
</contributor>
<model>wikitext</model>
<format>text/x-wiki</format>
<text bytes="173" xml:space="preserve">={{-pt-}}=
==Forma verbal==
{{paroxítona|na|ci|o|na|li|zan|do}}
# gerúndio do verbo [[nacionalizar]]
{{avi-for-fle|nacionalizar}}
[[Categoria:Forma verbal (Português)]]</text>
<sha1>5kcpec0auaj9gqdyadkwje7zi4q0snu</sha1>
</revision>
