<page>
<title>nacionalizarem</title>
<ns>0</ns>
<id>378570</id>
<revision>
<id>2668176</id>
<parentid>2668175</parentid>
<timestamp>2022-03-25T16:57:18Z</timestamp>
<contributor>
<username>MIL973</username>
<id>41339</id>
</contributor>
<model>wikitext</model>
<format>text/x-wiki</format>
<text bytes="314" xml:space="preserve">={{-pt-}}=
==Forma verbal==
{{paroxítona|na|ci|o|na|li|za|rem}}
# terceira pessoa do plural do futuro do {{PEPB|inline=1|conjuntivo|subjuntivo}} do verbo [[nacionalizar]]
# infinitivo pessoal da terceira pessoa do plural do verbo nacionalizar
{{avi-for-fle|nacionalizar}}
[[Categoria:Forma verbal (Português)]]</text>
<sha1>1mtaw7ngbkzs4maxwq87fcp4zcuzyts</sha1>
</revision>
</page>
