<page>
<title>nacionalizaria</title>
<ns>0</ns>
<id>378584</id>
<revision>
<id>2669353</id>
<parentid>2669352</parentid>
<timestamp>2022-03-30T12:08:41Z</timestamp>
<contributor>
<username>MIL973</username>
<id>41339</id>
</contributor>
<model>wikitext</model>
<format>text/x-wiki</format>
<text bytes="320" xml:space="preserve">={{-pt-}}=
==Forma verbal==
{{paroxítona|na|ci|o|na|li|za|ri|a}}
# primeira pessoa do singular do futuro do pretérito do indicativo do verbo [[nacionalizar]]
# terceira pessoa do singular do futuro do pretérito do indicativo do verbo nacionalizar
{{avi-for-fle|nacionalizar}}
[[Categoria:Forma verbal (Português)]]</text>
<sha1>3ysliy5zv7ke8c7gpp8wfjsxgoa1pol</sha1>
</revision>
</page>
