<page>
<page>
<title>nacionalismos</title>
<ns>0</ns>
<id>323744</id>
<revision>
<id>2661853</id>
<parentid>2379662</parentid>
<timestamp>2022-02-28T13:58:30Z</timestamp>
<contributor>
<username>MIL973</username>
<id>41339</id>
</contributor>
<model>wikitext</model>
<format>text/x-wiki</format>
<text bytes="1106" xml:space="preserve">={{-pt-}}=
==Forma de substantivo==
{{flex.pt|ms=nacionalismo|mp=nacionalismos}}
{{paroxítona|na|ci|o|na|lis|mos}}, {{gramática|mp}}
# plural de [[nacionalismo]]
{{avi-for-fle|nacionalismo}}
[[Categoria:Forma de substantivo (Português)]]
={{-es-}}=
==Forma de substantivo==
{{flex.es|ms=nacionalismo|mp=nacionalismos}}
{{paroxítona|na|cio|na|lis|mos|lang=es}}, {{gramática|mp|lang=es}}
# plural de [[nacionalismo#{{es}}|nacionalismo]]
{{avi-for-fle|nacionalismo|lang=es}}
[[Categoria:Forma de substantivo (Espanhol)]]
={{-gl-}}=
==Forma de substantivo==
{{flex.gl|ms=nacionalismo|mp=nacionalismos}}
{{paroxítona|na|cio|na|lis|mos|lang=gl}}, {{gramática|mp|lang=gl}}
# plural de [[nacionalismo#{{gl}}|nacionalismo]]
{{avi-for-fle|nacionalismo|lang=gl}}
[[Categoria:Forma de substantivo (Galego)]]
={{-mwl-}}=
==Forma de substantivo==
{{flex.mwl|ms=nacionalismo|mp=nacionalismos}}
{{paroxítona|na|ci|o|na|lis|mos|lang=mwl}}, {{gramática|mp|lang=mwl}}
# plural de [[nacionalismo#{{mwl}}|nacionalismo]]
{{avi-for-fle|nacionalismo|lang=mwl}}
[[Categoria:Forma de substantivo (Mirandês)]]</text>
<sha1>oqkx8x9m7sqrg0gzx4kxldhxh2onjp8</sha1>
</revision>
