<page>
<page>
<title>nacionalizações</title>
<ns>0</ns>
<id>322302</id>
<revision>
<id>2661769</id>
<parentid>2396128</parentid>
<timestamp>2022-02-28T12:23:32Z</timestamp>
<contributor>
<username>MIL973</username>
<id>41339</id>
</contributor>
<model>wikitext</model>
<format>text/x-wiki</format>
<text bytes="260" xml:space="preserve">={{-pt-}}=
==Forma de substantivo==
{{flex.pt|fs=nacionalização|fp=nacionalizações}}
{{oxítona|na|ci|o|na|li|za|ções}}, {{gramática|fp}}
# plural de [[nacionalização]]
{{avi-for-fle|nacionalização}}
[[Categoria:Forma de substantivo (Português)]]</text>
<sha1>bzb6062ea7kh42aabxreorfinbnkaov</sha1>
</revision>
