<page>
<title>nacionalizou</title>
<ns>0</ns>
<id>378619</id>
<revision>
<id>2669721</id>
<parentid>2669720</parentid>
<timestamp>2022-04-01T09:28:17Z</timestamp>
<contributor>
<username>MIL973</username>
<id>41339</id>
</contributor>
<model>wikitext</model>
<format>text/x-wiki</format>
<text bytes="222" xml:space="preserve">={{-pt-}}=
==Forma verbal==
{{oxítona|na|ci|o|na|li|zou}}
# terceira pessoa do singular do pretérito perfeito do indicativo do verbo [[nacionalizar]]
{{avi-for-fle|nacionalizar}}
[[Categoria:Forma verbal (Português)]]</text>
<sha1>3qg1z15u678xvvq3dzzchsu9o9yzdgz</sha1>
</revision>
</page>
