<page>
<page>
<title>nacionalizem</title>
<ns>0</ns>
<id>378580</id>
<revision>
<id>2668271</id>
<parentid>2668270</parentid>
<timestamp>2022-03-26T09:24:23Z</timestamp>
<contributor>
<username>MIL973</username>
<id>41339</id>
</contributor>
<model>wikitext</model>
<format>text/x-wiki</format>
<text bytes="389" xml:space="preserve">={{-pt-}}=
==Forma verbal==
{{paroxítona|na|ci|o|na|li|zem}}
# terceira pessoa do plural do presente do {{PEPB|inline=1|conjuntivo|subjuntivo}} do verbo [[nacionalizar]]
# terceira pessoa do plural do imperativo afirmativo do verbo nacionalizar
# terceira pessoa do plural do imperativo negativo do verbo nacionalizar
{{avi-for-fle|nacionalizar}}
[[Categoria:Forma verbal (Português)]]</text>
<sha1>dazj9idt7lijhjeieq4z3987ojislu1</sha1>
</revision>
