<page>
<page>
<title>nacionalizasse</title>
<ns>0</ns>
<id>378571</id>
<revision>
<id>2396243</id>
<parentid>2396242</parentid>
<timestamp>2017-05-12T00:27:47Z</timestamp>
<contributor>
<username>MIL973</username>
<id>41339</id>
</contributor>
<model>wikitext</model>
<format>text/x-wiki</format>
<text bytes="357" xml:space="preserve">={{-pt-}}=
==Forma verbal==
{{paroxítona|na|ci|o|na|li|zas|se}}
# primeira pessoa do singular do pretérito do {{PEPB|inline=1|conjuntivo|subjuntivo}} do verbo [[nacionalizar]]
# terceira pessoa do singular do pretérito do {{PEPB|inline=1|conjuntivo|subjuntivo}} do verbo nacionalizar
{{avi-for-fle|nacionalizar}}
[[Categoria:Forma verbal (Português)]]</text>
<sha1>puun1a6rrkdl4fxecwvfqbj41upb704</sha1>
</revision>
