<page>
<page>
<title>nacionalizaríamos</title>
<ns>0</ns>
<id>378586</id>
<revision>
<id>2669349</id>
<parentid>2669348</parentid>
<timestamp>2022-03-30T12:07:41Z</timestamp>
<contributor>
<username>MIL973</username>
<id>41339</id>
</contributor>
<model>wikitext</model>
<format>text/x-wiki</format>
<text bytes="236" xml:space="preserve">={{-pt-}}=
==Forma verbal==
{{proparoxítona|na|ci|o|na|li|za|rí|a|mos}}
# primeira pessoa do plural do futuro do pretérito do indicativo do verbo [[nacionalizar]]
{{avi-for-fle|nacionalizar}}
[[Categoria:Forma verbal (Português)]]</text>
<sha1>49bz6w3ej5nxhl8yqgzcqnsv6o6b8qn</sha1>
</revision>
