<page>
<page>
<title>nacionalizeis</title>
<ns>0</ns>
<id>378579</id>
<revision>
<id>2668273</id>
<parentid>2668272</parentid>
<timestamp>2022-03-26T09:24:52Z</timestamp>
<contributor>
<username>MIL973</username>
<id>41339</id>
</contributor>
<model>wikitext</model>
<format>text/x-wiki</format>
<text bytes="310" xml:space="preserve">={{-pt-}}=
==Forma verbal==
{{oxítona|na|ci|o|na|li|zeis}}
# segunda pessoa do plural do presente do {{PEPB|inline=1|conjuntivo|subjuntivo}} do verbo [[nacionalizar]]
# segunda pessoa do plural do imperativo negativo do verbo nacionalizar
{{avi-for-fle|nacionalizar}}
[[Categoria:Forma verbal (Português)]]</text>
<sha1>ppr7klv29xiiu9i5n7ec39kry6vrh1a</sha1>
</revision>
