<page>
<title>nacionales</title>
<ns>0</ns>
<id>388631</id>
<revision>
<id>2661830</id>
<parentid>2660737</parentid>
<timestamp>2022-02-28T13:30:22Z</timestamp>
<contributor>
<username>MIL973</username>
<id>41339</id>
</contributor>
<model>wikitext</model>
<format>text/x-wiki</format>
<text bytes="265" xml:space="preserve">={{-mwl-}}=
==Forma de adjetivo==
{{flex.mwl|s=nacional|p=nacionales}}
{{paroxítona|na|ci|o|na|les|língua=mwl}}, {{gramática|c2gp|lang=mwl}}
# plural de [[nacional#{{mwl}}|nacional]]
{{avi-for-fle|nacional|lang=mwl}}
[[Categoria:Forma de adjetivo (Mirandês)]]</text>
<sha1>h2f1xgtjmhsdi81pphoot3oatt6fgcn</sha1>
</revision>
</page>
