<page>
<page>
<title>nacionalizarias</title>
<ns>0</ns>
<id>378585</id>
<revision>
<id>2669351</id>
<parentid>2669350</parentid>
<timestamp>2022-03-30T12:08:08Z</timestamp>
<contributor>
<username>MIL973</username>
<id>41339</id>
</contributor>
<model>wikitext</model>
<format>text/x-wiki</format>
<text bytes="230" xml:space="preserve">={{-pt-}}=
==Forma verbal==
{{paroxítona|na|ci|o|na|li|za|ri|as}}
# segunda pessoa do singular do futuro do pretérito do indicativo do verbo [[nacionalizar]]
{{avi-for-fle|nacionalizar}}
[[Categoria:Forma verbal (Português)]]</text>
<sha1>m22vuja32234yqhd2zi69xyr6phy0mm</sha1>
</revision>
