<page>
<title>nacionalizásseis</title>
<ns>0</ns>
<id>378574</id>
<revision>
<id>2668265</id>
<parentid>2668264</parentid>
<timestamp>2022-03-26T09:22:42Z</timestamp>
<contributor>
<username>MIL973</username>
<id>41339</id>
</contributor>
<model>wikitext</model>
<format>text/x-wiki</format>
<text bytes="248" xml:space="preserve">={{-pt-}}=
==Forma verbal==
{{paroxítona|na|ci|o|na|li|zás|seis}}
# segunda pessoa do plural do pretérito do {{PEPB|inline=1|conjuntivo|subjuntivo}} do verbo [[nacionalizar]]
{{avi-for-fle|nacionalizar}}
[[Categoria:Forma verbal (Português)]]</text>
<sha1>9yrkendbficb0e187kdeh1w9ufildqe</sha1>
</revision>
</page>
