<page>
<title>nacionalizáramos</title>
<ns>0</ns>
<id>378614</id>
<revision>
<id>2669708</id>
<parentid>2669707</parentid>
<timestamp>2022-04-01T09:24:53Z</timestamp>
<contributor>
<username>MIL973</username>
<id>41339</id>
</contributor>
<model>wikitext</model>
<format>text/x-wiki</format>
<text bytes="242" xml:space="preserve">={{-pt-}}=
==Forma verbal==
{{proparoxítona|na|ci|o|na|li|zá|ra|mos}}
# primeira pessoa do plural do pretérito mais-que-perfeito do indicativo do verbo [[nacionalizar]]
{{avi-for-fle|nacionalizar}}
[[Categoria:Forma verbal (Português)]]</text>
<sha1>7b0y0khdbk829nvovxc6h73j1bnlsmm</sha1>
</revision>
</page>
