<page>
<title>nación</title>
<ns>0</ns>
<id>300061</id>
<revision>
<id>2379670</id>
<parentid>2166387</parentid>
<timestamp>2017-05-05T16:20:45Z</timestamp>
<contributor>
<username>HydrizBot</username>
<id>29590</id>
</contributor>
<minor />
<comment>Robô: A limpar links interwikis antigos</comment>
<model>wikitext</model>
<format>text/x-wiki</format>
<text bytes="445" xml:space="preserve">={{-ast-}}=
==Substantivo==
{{flex.ast|fs=nación|fp=naciones}}
{{oxítona|lang=ast|na|ción}}, {{f}}
# [[nação#Português|nação]] grupo de [[pessoa]]s
# [[nação#Português|nação]], território
# [[vagina]] e [[vulva]], órgão genital feminino da vaca
# [[cria]] recém-nascida
# [[semente]] que germina bem
===Variante===
* [[ñación]]
=={{etimologia|ast}}==
: Do [[latim]] {{etimo|la|natio}}.
[[Categoria:Substantivo (Asturiano)]]</text>
<sha1>58ty21jtbrahc5a7tnowd2n3vr5wvuy</sha1>
</revision>
</page>
