<page>
<page>
<title>nacionalizavam</title>
<ns>0</ns>
<id>378625</id>
<revision>
<id>2669727</id>
<parentid>2669726</parentid>
<timestamp>2022-04-01T09:30:07Z</timestamp>
<contributor>
<username>MIL973</username>
<id>41339</id>
</contributor>
<model>wikitext</model>
<format>text/x-wiki</format>
<text bytes="230" xml:space="preserve">={{-pt-}}=
==Forma verbal==
{{paroxítona|na|ci|o|na|li|za|vam}}
# terceira pessoa do singular do pretérito imperfeito do indicativo do verbo [[nacionalizar]]
{{avi-for-fle|nacionalizar}}
[[Categoria:Forma verbal (Português)]]</text>
<sha1>bwtfg76o9ndkb9fkzydw4ys2adrphcd</sha1>
</revision>
