<page>
<page>
<title>nacionalizáveis</title>
<ns>0</ns>
<id>378624</id>
<revision>
<id>2669729</id>
<parentid>2669728</parentid>
<timestamp>2022-04-01T09:30:57Z</timestamp>
<contributor>
<username>MIL973</username>
<id>41339</id>
</contributor>
<model>wikitext</model>
<format>text/x-wiki</format>
<text bytes="229" xml:space="preserve">={{-pt-}}=
==Forma verbal==
{{paroxítona|na|ci|o|na|li|zá|veis}}
# segunda pessoa do plural do pretérito imperfeito do indicativo do verbo [[nacionalizar]]
{{avi-for-fle|nacionalizar}}
[[Categoria:Forma verbal (Português)]]</text>
<sha1>s2z96x8gaqmzwfhfmepaf438tj2rrt8</sha1>
</revision>
