<page>
<page>
<title>nacionalizai</title>
<ns>0</ns>
<id>378582</id>
<revision>
<id>2668281</id>
<parentid>2668280</parentid>
<timestamp>2022-03-26T09:27:47Z</timestamp>
<contributor>
<username>MIL973</username>
<id>41339</id>
</contributor>
<model>wikitext</model>
<format>text/x-wiki</format>
<text bytes="207" xml:space="preserve">={{-pt-}}=
==Forma verbal==
{{oxítona|na|ci|o|na|li|zai}}
# segunda pessoa do plural do imperativo afirmativo do verbo [[nacionalizar]]
{{avi-for-fle|nacionalizar}}
[[Categoria:Forma verbal (Português)]]</text>
<sha1>0ulfdym8zrlnohi1bz5a1655b88r4qz</sha1>
</revision>
