<page>
<title>nacionalizes</title>
<ns>0</ns>
<id>378577</id>
<revision>
<id>2668277</id>
<parentid>2668276</parentid>
<timestamp>2022-03-26T09:26:29Z</timestamp>
<contributor>
<username>MIL973</username>
<id>41339</id>
</contributor>
<model>wikitext</model>
<format>text/x-wiki</format>
<text bytes="316" xml:space="preserve">={{-pt-}}=
==Forma verbal==
{{paroxítona|na|ci|o|na|li|zes}}
# segunda pessoa do singular do presente do {{PEPB|inline=1|conjuntivo|subjuntivo}} do verbo [[nacionalizar]]
# segunda pessoa do singular do imperativo negativo do verbo nacionalizar
{{avi-for-fle|nacionalizar}}
[[Categoria:Forma verbal (Português)]]</text>
<sha1>hvn3bdrw0hf63p0od6qprc8fledpjp4</sha1>
</revision>
</page>
