<page>
<title>naciones</title>
<ns>0</ns>
<id>387813</id>
<revision>
<id>2468990</id>
<timestamp>2017-12-10T10:23:29Z</timestamp>
<contributor>
<username>Imivorn</username>
<id>64513</id>
</contributor>
<comment>[[Ajuda:Guia de edição/Menus e ferramentas/Sumário de edição|→]] nova página: ={{-mwl-}}= ==Forma de substantivo== {{paroxítona|na|cio|nes|língua=mwl}} # plural de '''nacion#{{mwl}}|n...</comment>
<model>wikitext</model>
<format>text/x-wiki</format>
<text bytes="167" xml:space="preserve">={{-mwl-}}=
==Forma de substantivo==
{{paroxítona|na|cio|nes|língua=mwl}}
# plural de '''[[nacion#{{mwl}}|nacion]]'''
[[Categoria:Forma de substantivo (Mirandês)]]</text>
<sha1>3p2zw73m0l2lzz8drsgs80ganue3zrx</sha1>
</revision>
</page>
