<page>
<title>nacionalizo</title>
<ns>0</ns>
<id>378626</id>
<revision>
<id>2669746</id>
<parentid>2669745</parentid>
<timestamp>2022-04-01T09:36:50Z</timestamp>
<contributor>
<username>MIL973</username>
<id>41339</id>
</contributor>
<model>wikitext</model>
<format>text/x-wiki</format>
<text bytes="213" xml:space="preserve">={{-pt-}}=
==Forma verbal==
{{paroxítona|na|ci|o|na|li|zo}}
# primeira pessoa do singular do presente do indicativo do verbo [[nacionalizar]]
{{avi-for-fle|nacionalizar}}
[[Categoria:Forma verbal (Português)]]</text>
<sha1>hk7w7pkrb4kflfx9t382119mv15m492</sha1>
</revision>
</page>
