<page>
<page>
<title>nacionalizava</title>
<ns>0</ns>
<id>378621</id>
<revision>
<id>2669735</id>
<parentid>2669734</parentid>
<timestamp>2022-04-01T09:33:01Z</timestamp>
<contributor>
<username>MIL973</username>
<id>41339</id>
</contributor>
<model>wikitext</model>
<format>text/x-wiki</format>
<text bytes="320" xml:space="preserve">={{-pt-}}=
==Forma verbal==
{{paroxítona|na|ci|o|na|li|za|va}}
# primeira pessoa do singular do pretérito imperfeito do indicativo do verbo [[nacionalizar]]
# terceira pessoa do singular do pretérito imperfeito do indicativo do verbo nacionalizar
{{avi-for-fle|nacionalizar}}
[[Categoria:Forma verbal (Português)]]</text>
<sha1>i9k52fi15txoyk8d66tbo7jkf81mibn</sha1>
</revision>
