<page>
<page>
<title>nacionalizarás</title>
<ns>0</ns>
<id>378590</id>
<revision>
<id>2669710</id>
<parentid>2669709</parentid>
<timestamp>2022-04-01T09:25:49Z</timestamp>
<contributor>
<username>MIL973</username>
<id>41339</id>
</contributor>
<model>wikitext</model>
<format>text/x-wiki</format>
<text bytes="256" xml:space="preserve">{{ver também|nacionalizaras}}
={{-pt-}}=
==Forma verbal==
{{oxítona|na|ci|o|na|li|za|rás}}
# segunda pessoa do singular do futuro do presente do indicativo do verbo [[nacionalizar]]
{{avi-for-fle|nacionalizar}}
[[Categoria:Forma verbal (Português)]]</text>
<sha1>26q2unv3dz2nj1hw2sw1e3lyzbds6cl</sha1>
</revision>
