<page>
<page>
<title>nacionalizais</title>
<ns>0</ns>
<id>378628</id>
<revision>
<id>2669742</id>
<parentid>2669740</parentid>
<timestamp>2022-04-01T09:35:22Z</timestamp>
<contributor>
<username>MIL973</username>
<id>41339</id>
</contributor>
<model>wikitext</model>
<format>text/x-wiki</format>
<text bytes="209" xml:space="preserve">={{-pt-}}=
==Forma verbal==
{{oxítona|na|ci|o|na|li|zais}}
# segunda pessoa do plural do presente do indicativo do verbo [[nacionalizar]]
{{avi-for-fle|nacionalizar}}
[[Categoria:Forma verbal (Português)]]</text>
<sha1>0t1a97qr7k5uq17xjupfdcial8p5sel</sha1>
</revision>
