<page>
<page>
<title>nacionalizam</title>
<ns>0</ns>
<id>378629</id>
<revision>
<id>2669739</id>
<parentid>2669738</parentid>
<timestamp>2022-04-01T09:34:29Z</timestamp>
<contributor>
<username>MIL973</username>
<id>41339</id>
</contributor>
<model>wikitext</model>
<format>text/x-wiki</format>
<text bytes="212" xml:space="preserve">={{-pt-}}=
==Forma verbal==
{{paroxítona|na|ci|o|na|li|zam}}
# terceira pessoa do plural do presente do indicativo do verbo [[nacionalizar]]
{{avi-for-fle|nacionalizar}}
[[Categoria:Forma verbal (Português)]]</text>
<sha1>gzjl1q2dkha1yn8ve09edmkaw9za161</sha1>
</revision>
