<page>
<title>nacionalizar</title>
<ns>0</ns>
<id>317242</id>
<revision>
<id>2664403</id>
<parentid>2661867</parentid>
<timestamp>2022-03-09T12:56:37Z</timestamp>
<contributor>
<username>MIL973</username>
<id>41339</id>
</contributor>
<model>wikitext</model>
<format>text/x-wiki</format>
<text bytes="1460" xml:space="preserve">={{-pt-}}=
==Verbo==
{{oxítona|na|ci|o|na|li|zar}}, {{gramática|vt}}
# [[tornar]] [[nacional]], dar caráter nacional a
# [[naturalizar]]
# [[aclimar]]
===Conjugação===
{{conj/pt|nacionaliz|ar}}
===Sinônimo===
* De '''1''':
* [[federalizar]]
===Verbetes derivados===
{{colunas|3}}
* [[nacionalização]]
* [[nacionalizado]]
* [[nacionalizante]]
{{colunas/fim}}
==Forma verbal==
{{oxítona|na|ci|o|na|li|zar}}
# primeira pessoa do singular do futuro do {{PEPB|inline=1|conjuntivo|subjuntivo}} do verbo nacionalizar
# terceira pessoa do singular do futuro do {{PEPB|inline=1|conjuntivo|subjuntivo}} do verbo nacionalizar
# infinitivo pessoal da primeira pessoa do singular do verbo nacionalizar
# infinitivo pessoal da terceira pessoa do singular do verbo nacionalizar
{{avi-for-fle|nacionalizar}}
=={{etimologia|pt}}==
: {{escopo|Morfologia}} De [[nacional]] + [[-izar]].
==Ver também==
===No Wikcionário===
{{colunas|3}}
* [[federação]]
* [[federado]]
* [[federal]]
* [[federalidade]]
* [[federalismo]]
* [[federalista]]
* [[federalização]]
* [[federalizado]]
* [[federalizante]]
* [[federar]]
* [[federativo]]
* [[nação]]
* [[nacional]]
* [[nacionalidade]]
* [[nacionalismo]]
* [[nacionalista]]
* [[União]]
{{colunas/fim}}
====Verbos====
{{colunas|2}}
* [[estadualizar]]
* [[municipalizar]]
{{colunas/fim}}
====Wikisaurus====
* [[Wikisaurus:política|política]]
[[Categoria:Verbo (Português)]]
[[Categoria:Forma verbal (Português)]]</text>
<sha1>pqakn0h62ds7z3dogiul7r8kdvdbwy6</sha1>
</revision>
</page>
