<page>
<page>
<title>nacionalidade</title>
<ns>0</ns>
<id>54847</id>
<revision>
<id>2661845</id>
<parentid>2661842</parentid>
<timestamp>2022-02-28T13:47:10Z</timestamp>
<contributor>
<username>MIL973</username>
<id>41339</id>
</contributor>
<model>wikitext</model>
<format>text/x-wiki</format>
<text bytes="2161" xml:space="preserve">{{Wikipédia}}
={{-pt-}}=
==Substantivo==
{{flex.pt|fs=nacionalidade|fp=nacionalidades}}
{{paroxítona|na|ci|o|na|li|da|de}}, {{gramática|f}}
# [[naturalidade]]
# [[nação]]
# [[pátria]]
#: &amp;ldquo;A '''nacionalidade''' quimérica do judeu é a '''nacionalidade''' do negociante, do homem de dinheiro em geral&amp;rdquo; &amp;mdash; [[w:Karl_Marx|Karl Marx]]
===Tradução===
{{tradini}}
* {{trad|de|Nationalität}}
* {{trad|bs|nacionalnost}}
* {{trad|cs|národnost}}
* {{trad|zh|國籍}}
* {{trad|ko|국적}}
* {{trad|es|nacionalidad}}
* {{trad|eo|nacieco}}
* {{trad|et|kodakondsus}}
* {{trad|fi|kansallisuus}}
* {{trad|fr|nationalité}}
* {{trad|gl|nacionalidade}}
* {{trad|el|ιθαγένεια}}
{{tradmeio}}
* {{trad|hu|nemzetiség|állampolgárság}}
* {{trad|nl|nationaliteit}}
* {{trad|en|nationality}}
* {{trad|ia|nationalitate}}
* {{trad|is|þjóðerni}} ''n''
* {{trad|it|nazionalità}}
* {{trad|ja|国籍}} (こくせき, kokuseki)
* {{trad|pl|narodowość}}
* {{trad|ro|naționalitate}}
* {{trad|ru|подданство}}
* {{trad|th|สัญชาติ}}
* {{trad|tr|milliyet}}
* {{trad|uk|народність}}
{{tradfim}}
=={{etimologia|pt}}==
: {{escopo|Morfologia}} De [[nacional]] + [[-idade]].
=={{pronúncia|pt}}==
===Portugal===
* AFI: {{AFI|/nɐ.sju.nɐ.li.ˈda.dɨ/}}
==Ver também==
===No Wikcionário===
{{colunas|3}}
* [[federação]]
* [[federado]]
* [[federal]]
* [[federalidade]]
* [[federalismo]]
* [[federalista]]
* [[federalização]]
* [[federalizado]]
* [[federalizante]]
* [[federalizar]]
* [[federar]]
* [[federativo]]
* [[nacionalismo]]
* [[nacionalista]]
* [[nacionalização]]
* [[nacionalizado]]
* [[nacionalizante]]
* [[nacionalizar]]
* [[União]]
{{colunas/fim}}
====Wikisaurus====
* [[Wikisaurus:política|política]]
====Categorias====
{{colunas|2}}
* [[:Categoria:Gentílico (Português)]]
* [[:Categoria:Nacionalidade (Português)]]
{{colunas/fim}}
[[Categoria:Substantivo (Português)]]
={{-gl-}}=
==Substantivo==
{{flex.gl|fs=nacionalidade|fp=nacionalidades}}
{{paroxítona|na|cio|na|li|da|de|lang=gl}}, {{gramática|f|lang=gl}}
# [[nacionalidade#{{pt}}|nacionalidade]]
[[Categoria:Substantivo (Galego)]]</text>
<sha1>omlfnhji2fgkeenarojk7vltlyk0rvk</sha1>
</revision>
