<page>
<title>nacionalize</title>
<ns>0</ns>
<id>378576</id>
<revision>
<id>2668279</id>
<parentid>2668278</parentid>
<timestamp>2022-03-26T09:27:02Z</timestamp>
<contributor>
<username>MIL973</username>
<id>41339</id>
</contributor>
<model>wikitext</model>
<format>text/x-wiki</format>
<text bytes="501" xml:space="preserve">={{-pt-}}=
==Forma verbal==
{{paroxítona|na|ci|o|na|li|ze}}
# primeira pessoa do singular do presente do {{PEPB|inline=1|conjuntivo|subjuntivo}} do verbo [[nacionalizar]]
# terceira pessoa do singular do presente do {{PEPB|inline=1|conjuntivo|subjuntivo}} do verbo nacionalizar
# terceira pessoa do singular do imperativo afirmativo do verbo nacionalizar
# terceira pessoa do singular do imperativo negativo do verbo nacionalizar
{{avi-for-fle|nacionalizar}}
[[Categoria:Forma verbal (Português)]]</text>
<sha1>klf03imts4gg5logufj06ugyqv74qsf</sha1>
</revision>
</page>
