<page>
<title>nacionalistas</title>
<ns>0</ns>
<id>323745</id>
<revision>
<id>2664080</id>
<parentid>2661856</parentid>
<timestamp>2022-03-07T20:47:52Z</timestamp>
<contributor>
<username>MIL973</username>
<id>41339</id>
</contributor>
<model>wikitext</model>
<format>text/x-wiki</format>
<text bytes="1021" xml:space="preserve">={{-pt-}}=
==Forma de adjetivo==
{{flex.pt|s=nacionalista|p=nacionalistas}}
{{paroxítona|na|ci|o|na|lis|tas}}, {{gramática|c2gp}}
# plural de [[nacionalista]]
{{avi-for-fle|nacionalista}}
==Forma de substantivo==
{{flex.pt|s=nacionalista|p=nacionalistas}}
{{paroxítona|na|ci|o|na|lis|tas}}, {{gramática|c2gp}}
# plural de [[nacionalista]]
{{avi-for-fle|nacionalista}}
[[Categoria:Forma de adjetivo (Português)]]
[[Categoria:Forma de substantivo (Português)]]
={{-es-}}=
==Forma de adjetivo==
{{flex.es|s=nacionalista|p=nacionalistas}}
{{paroxítona|na|cio|na|lis|tas|lang=es}}, {{gramática|c2gp|lang=es}}
# plural de [[nacionalista#{{es}}|nacionalista]]
{{avi-for-fle|nacionalista|lang=es}}
==Forma de substantivo==
{{flex.es|s=nacionalista|p=nacionalistas}}
{{paroxítona|na|cio|na|lis|tas|lang=es}}, {{gramática|c2gp|lang=es}}
# plural de [[nacionalista#{{es}}|nacionalista]]
{{avi-for-fle|nacionalista|lang=es}}
[[Categoria:Forma de adjetivo (Espanhol)]]
[[Categoria:Forma de substantivo (Espanhol)]]</text>
<sha1>j05x27yngrf4shcwvhocuyvm7zkl4sb</sha1>
</revision>
</page>
