<page>
<title>nacionalidades</title>
<ns>0</ns>
<id>334130</id>
<revision>
<id>2661846</id>
<parentid>2379660</parentid>
<timestamp>2022-02-28T13:47:41Z</timestamp>
<contributor>
<username>MIL973</username>
<id>41339</id>
</contributor>
<model>wikitext</model>
<format>text/x-wiki</format>
<text bytes="539" xml:space="preserve">={{-pt-}}=
==Forma de substantivo==
{{flex.pt|fs=nacionalidade|fp=nacionalidades}}
{{paroxítona|na|ci|o|na|li|da|des}}, {{gramática|fp}}
# plural de [[nacionalidade]]
{{avi-for-fle|nacionalidade}}
[[Categoria:Forma de substantivo (Português)]]
={{-gl-}}=
==Forma de substantivo==
{{flex.gl|fs=nacionalidade|fp=nacionalidades}}
{{paroxítona|na|cio|na|li|da|des|lang=gl}}, {{gramática|fp|lang=gl}}
# plural de [[nacionalidade#{{gl}}|nacionalidade]]
{{avi-for-fle|nacionalidade|lang=gl}}
[[Categoria:Forma de substantivo (Galego)]]</text>
<sha1>0shbwx373x1czqizbn0bnp8bfmv0ltq</sha1>
</revision>
</page>
