<page>
<title>nacionalizará</title>
<ns>0</ns>
<id>378591</id>
<revision>
<id>2669613</id>
<parentid>2669612</parentid>
<timestamp>2022-03-31T19:00:13Z</timestamp>
<contributor>
<username>MIL973</username>
<id>41339</id>
</contributor>
<model>wikitext</model>
<format>text/x-wiki</format>
<text bytes="255" xml:space="preserve">{{ver também|nacionalizara}}
={{-pt-}}=
==Forma verbal==
{{oxítona|na|ci|o|na|li|za|rá}}
# terceira pessoa do singular do futuro do presente do indicativo do verbo [[nacionalizar]]
{{avi-for-fle|nacionalizar}}
[[Categoria:Forma verbal (Português)]]</text>
<sha1>9m9rq99kes24xar5gm2msk3481ob7ok</sha1>
</revision>
</page>
