<page>
<page>
<title>nacionalizariam</title>
<ns>0</ns>
<id>378588</id>
<revision>
<id>2669345</id>
<parentid>2669344</parentid>
<timestamp>2022-03-30T12:05:11Z</timestamp>
<contributor>
<username>MIL973</username>
<id>41339</id>
</contributor>
<model>wikitext</model>
<format>text/x-wiki</format>
<text bytes="229" xml:space="preserve">={{-pt-}}=
==Forma verbal==
{{paroxítona|na|ci|o|na|li|za|ri|am}}
# terceira pessoa do plural do futuro do pretérito do indicativo do verbo [[nacionalizar]]
{{avi-for-fle|nacionalizar}}
[[Categoria:Forma verbal (Português)]]</text>
<sha1>6iuic8i5c06262amxgedsblppcwbfb9</sha1>
</revision>
