<page>
<page>
<title>nacionalizássemos</title>
<ns>0</ns>
<id>378573</id>
<revision>
<id>2668267</id>
<parentid>2668266</parentid>
<timestamp>2022-03-26T09:23:12Z</timestamp>
<contributor>
<username>MIL973</username>
<id>41339</id>
</contributor>
<model>wikitext</model>
<format>text/x-wiki</format>
<text bytes="254" xml:space="preserve">={{-pt-}}=
==Forma verbal==
{{proparoxítona|na|ci|o|na|li|zás|se|mos}}
# primeira pessoa do plural do pretérito do {{PEPB|inline=1|conjuntivo|subjuntivo}} do verbo [[nacionalizar]]
{{avi-for-fle|nacionalizar}}
[[Categoria:Forma verbal (Português)]]</text>
<sha1>h2184ukjyelmshv4nnc3mle400xq477</sha1>
</revision>
