<page>
<title>nacionalizares</title>
<ns>0</ns>
<id>378567</id>
<revision>
<id>2668182</id>
<parentid>2668181</parentid>
<timestamp>2022-03-25T16:59:44Z</timestamp>
<contributor>
<username>MIL973</username>
<id>41339</id>
</contributor>
<model>wikitext</model>
<format>text/x-wiki</format>
<text bytes="316" xml:space="preserve">={{-pt-}}=
==Forma verbal==
{{paroxítona|na|ci|o|na|li|za|res}}
# segunda pessoa do singular do futuro do {{PEPB|inline=1|conjuntivo|subjuntivo}} do verbo [[nacionalizar]]
# infinitivo pessoal da segunda pessoa do singular do verbo nacionalizar
{{avi-for-fle|nacionalizar}}
[[Categoria:Forma verbal (Português)]]</text>
<sha1>2oojggbjzzrutbwci0usgt1l3r9ag6o</sha1>
</revision>
</page>
