<page>
<title>nacionalizara</title>
<ns>0</ns>
<id>378596</id>
<revision>
<id>2669611</id>
<parentid>2669610</parentid>
<timestamp>2022-03-31T18:59:47Z</timestamp>
<contributor>
<username>MIL973</username>
<id>41339</id>
</contributor>
<model>wikitext</model>
<format>text/x-wiki</format>
<text bytes="366" xml:space="preserve">{{ver também|nacionalizará}}
={{-pt-}}=
==Forma verbal==
{{paroxítona|na|ci|o|na|li|za|ra}}
# primeira pessoa do singular do pretérito mais-que-perfeito do indicativo do verbo [[nacionalizar]]
# terceira pessoa do singular do pretérito mais-que-perfeito do indicativo do verbo nacionalizar
{{avi-for-fle|nacionalizar}}
[[Categoria:Forma verbal (Português)]]</text>
<sha1>kbhb8yzi07flfc5290fmoen75qaz1ok</sha1>
</revision>
</page>
