<page>
<title>nacéncias</title>
<ns>0</ns>
<id>388044</id>
<revision>
<id>2469689</id>
<timestamp>2017-12-11T13:28:05Z</timestamp>
<contributor>
<username>Imivorn</username>
<id>64513</id>
</contributor>
<comment>[[Ajuda:Guia de edição/Menus e ferramentas/Sumário de edição|→]] nova página: ={{-mwl-}}= ==Forma de substantivo== {{proparoxítona|na|cén|ci|as|língua=mwl}} # plural de '''nacéncia#...</comment>
<model>wikitext</model>
<format>text/x-wiki</format>
<text bytes="179" xml:space="preserve">={{-mwl-}}=
==Forma de substantivo==
{{proparoxítona|na|cén|ci|as|língua=mwl}}
# plural de '''[[nacéncia#{{mwl}}|nacéncia]]'''
[[Categoria:Forma de substantivo (Mirandês)]]</text>
<sha1>s3g9gy3sbs5cdji8zupdlljljwodmum</sha1>
</revision>
</page>
