<page>
<page>
<title>nacéncia</title>
<ns>0</ns>
<id>388043</id>
<revision>
<id>2513079</id>
<parentid>2469688</parentid>
<timestamp>2018-07-25T12:08:37Z</timestamp>
<contributor>
<username>Cpls</username>
<id>20608</id>
</contributor>
<model>wikitext</model>
<format>text/x-wiki</format>
<text bytes="736" xml:space="preserve">={{-gl-}}=
==Substantivo==
{{flex.gl|fs=nacéncia|fp=nacéncias}}
{{proparoxítona|na|cén|ci|a|língua=gl}}, {{g|f|lang=gl}}
# [[vulva]] da vaca; [[vulva]] qualquer
# [[nascença]], nascimento
# ciste, tumor, [[inchaço]] na pele
==Sinónimos==
* De '''1''': [[nação#{{gl}}|nação]], [[natura#{{gl}}|natura]]
* De '''2''': [[nacença#{{gl}}|nacença]], [[nascença#{{gl}}|nascença]]
===Verbetes derivados===
* [[nacéncia dos ovos#{{gl}}|nacéncia dos ovos]]
[[Categoria:Substantivo (Galego)]]
={{-mwl-}}=
==Substantivo==
{{flex.mwl|fs=nacéncia|fp=nacéncias}}
{{proparoxítona|na|cén|ci|a|língua=mwl}}, {{g|f|lang=mwl}}
# [[nascença]], [[nascimento]]
==Sinónimo==
* [[nacimiento]]
[[Categoria:Substantivo (Mirandês)]]</text>
<sha1>b576ncyne0kpxwm4cqzo66rfhb9baqv</sha1>
</revision>
