<page>
<title>NAD</title>
<ns>0</ns>
<id>395062</id>
<revision>
<id>2497016</id>
<timestamp>2018-04-17T23:39:54Z</timestamp>
<contributor>
<username>Askekamo</username>
<id>60711</id>
</contributor>
<comment>[[Ajuda:Guia de edição/Menus e ferramentas/Sumário de edição|→]] nova página: ={{-pt-}}= ==Sigla== '''NAD''' # [[nicotinamida adenina dinucleotídeo]]  [[Categoria:Sigla (Português)]]</comment>
<model>wikitext</model>
<format>text/x-wiki</format>
<text bytes="106" xml:space="preserve">={{-pt-}}=
==Sigla==
'''NAD'''
# [[nicotinamida adenina dinucleotídeo]]
[[Categoria:Sigla (Português)]]</text>
<sha1>b0zygv0156alj0nfiqet2np2bx38ue8</sha1>
</revision>
</page>
