<page>
<page>
<title>nadavas</title>
<ns>0</ns>
<id>161859</id>
<revision>
<id>2379720</id>
<parentid>1161022</parentid>
<timestamp>2017-05-05T16:23:53Z</timestamp>
<contributor>
<username>HydrizBot</username>
<id>29590</id>
</contributor>
<minor />
<comment>Robô: A limpar links interwikis antigos</comment>
<model>wikitext</model>
<format>text/x-wiki</format>
<text bytes="194" xml:space="preserve">={{-pt-}}=
==Forma verbal==
'''nadavas'''
#[[segunda pessoa]] do [[singular]] do [[pretérito imperfeito]] do [[modo indicativo]] do verbo '''[[nadar]]'''
[[Categoria:Forma verbal (Português)]]</text>
<sha1>qyzdyidkm7pq4b66e4hbq7kvopfosr4</sha1>
</revision>
