<page>
<page>
<title>nadarão</title>
<ns>0</ns>
<id>190739</id>
<revision>
<id>2379708</id>
<parentid>1161011</parentid>
<timestamp>2017-05-05T16:23:23Z</timestamp>
<contributor>
<username>HydrizBot</username>
<id>29590</id>
</contributor>
<minor />
<comment>Robô: A limpar links interwikis antigos</comment>
<model>wikitext</model>
<format>text/x-wiki</format>
<text bytes="169" xml:space="preserve">={{-pt-}}=
==Forma verbal==
'''nadarão'''
#[[terceira pessoa]] do [[plural]] do [[futuro do presente]] do verbo '''[[nadar]]'''
[[Categoria:Forma verbal (Português)]]</text>
<sha1>3hhh605l7dfbzl382t44scw4h8boj01</sha1>
</revision>
