<page>
<page>
<title>nadam</title>
<ns>0</ns>
<id>160534</id>
<revision>
<id>2379687</id>
<parentid>2130802</parentid>
<timestamp>2017-05-05T16:21:54Z</timestamp>
<contributor>
<username>HydrizBot</username>
<id>29590</id>
</contributor>
<minor />
<comment>Robô: A limpar links interwikis antigos</comment>
<model>wikitext</model>
<format>text/x-wiki</format>
<text bytes="178" xml:space="preserve">={{-pt-}}=
==Forma verbal==
'''nadam'''
#[[terceira pessoa]] do [[plural]] do [[presente]] do [[modo indicativo]] do verbo '''[[nadar]]'''
[[Categoria:Forma verbal (Português)]]</text>
<sha1>kd6qjhqwe3oyfuujlwb5j4gmhmd6dhw</sha1>
</revision>
