<page>
<title>nadadeira</title>
<ns>0</ns>
<id>98449</id>
<revision>
<id>2663196</id>
<parentid>2379675</parentid>
<timestamp>2022-03-05T01:43:49Z</timestamp>
<contributor>
<username>ValJor</username>
<id>1358</id>
</contributor>
<comment>Acrescentando código de língua à [[:Categoria:!Página com mensagem de erro em predefinição|predefinição escopo]]</comment>
<model>wikitext</model>
<format>text/x-wiki</format>
<text bytes="1623" xml:space="preserve">[[Imagem:Dorsal fin 01.jpg|thumb|right|250px|{{centro|Nadadeira}}]]
={{-pt-}}=
==Substantivo==
{{flex.pt|fs=nadadeira|fp=nadadeiras}}
{{paroxítona|na|da|dei|ra}}, {{gramática|f}}
# {{escopo|pt|Zoologia}} [[órgão]] [[locomotor]] dos [[peixe]]s, constituído por uma [[expansão]] [[cutâneo|cutânea]] em [[forma]] de [[lâmina]], sustentada por um [[esqueleto]] [[ósseo]] ou [[cartilaginoso]]
# {{escopo|pt|Zoologia}} [[expansão]] cutânea, internamente sustentada por [[osso]]s, que constitui o órgão próprio para a [[natação]] dos [[cetáceo]]s, dos [[sirenídeo]]s, dos [[pinípede]]s e de alguns [[anfíbio]]s
# {{escopo|pt|Brasileirismo}}  [[pé de pato]]
===Sinônimos===
* De '''3''' (pé de pato): {{escopo2|Portugal}} [[barbatana]]
===Tradução===
{{tradini}}
* {{trad|de|Flosse}}
* {{trad|bs|peraje}}
* {{trad|bg|плавник}}
* {{trad|ca|aleta}}
* {{trad|cs|ploutev}}
* {{trad|zh|鰭}}
* {{trad|hr|peraja}}
* {{trad|es|aleta}}
* {{trad|eo|naĝilo}}
* {{trad|fr|nageoire}}
* {{trad|he|סנפיר}}
* {{trad|nl|vin}}
* {{trad|hu|úszó}}
{{tradmeio}}
* {{trad|io|floso}}
* {{trad|en|flipper}}
* {{trad|ja|鰭}}
* {{trad|lt|pelekas}}
* {{trad|no|finne}}
* {{trad|nn|sveiv}}
* {{trad|pl|płetwa}}
* {{trad|ru|плавник}}
* {{trad|sr|пераја}}
* {{trad|sh|peraje}}
* {{trad|sv|fena}}
* {{trad|tr|yüzgeç}}
* {{trad|uk|плавець}}
{{tradfim}}
=={{etimologia|pt}}==
: {{escopo|Morfologia}} [[nadar]] + [[-deira]].
==Ver também==
===No Wikcionário===
{{verTambém.Ini}}
* [[barbatana]]
{{verTambém.NovaColuna}}
* [[peixe]]
{{verTambém.Fim}}
[[Categoria:Substantivo (Português)]]</text>
<sha1>8ei94jl18p1m691zbbgndvcz1hvzqst</sha1>
</revision>
</page>
