<page>
<title>nadaria</title>
<ns>0</ns>
<id>192041</id>
<revision>
<id>2562361</id>
<parentid>2379702</parentid>
<timestamp>2019-11-22T09:03:43Z</timestamp>
<contributor>
<username>MIL973</username>
<id>41339</id>
</contributor>
<model>wikitext</model>
<format>text/x-wiki</format>
<text bytes="373" xml:space="preserve">={{-pt-}}=
==Forma verbal==
{{paroxítona|na|da|ri|a}}
# primeira pessoa do singular do futuro do pretérito do indicativo do verbo [[nadar]]
# terceira pessoa do singular do futuro do pretérito do indicativo do verbo nadar
{{avi-for-fle|nadar}}
==Anagramas==
# [[Adriana]]
# [[andaria]]
# [[Ariadna]]
# [[danaria]]
# [[Dariana]]
[[Categoria:Forma verbal (Português)]]</text>
<sha1>s02r0dz7djlns968vqj87pqhl0830ir</sha1>
</revision>
</page>
