<page>
<title>nadar</title>
<ns>0</ns>
<id>31796</id>
<revision>
<id>2613729</id>
<parentid>2473732</parentid>
<timestamp>2021-01-31T15:36:07Z</timestamp>
<contributor>
<username>Marxav</username>
<id>73271</id>
</contributor>
<minor />
<comment>AFI Portugal</comment>
<model>wikitext</model>
<format>text/x-wiki</format>
<text bytes="2423" xml:space="preserve">={{-pt-}}=
==Verbo==
{{oxítona|na|dar}}, {{g|vt}}
# [[deslocar]]-se mediante a [[água]] usando os [[pé]]s e as [[mão]]s para [[avançar]]
#* ''Eu aprendi a '''nadar''' muito tarde, por isso não sou muito bom.''
# [[ter]] em [[abundância]]
#* ''Era pobre, mas com a loteca ficou '''nadando''' em dinheiro.''
===Conjugação===
{{conj/pt|nad|ar}}
===Expressões===
* '''[[nadar de braçada]]''':
===Tradução===
{{tradini|De 1 (deslocar-se através da água)}}
* {{trad|af|swem}}
* {{trad|ay|tuyuña}}
* {{trad|sq|notoj}}
* {{trad|de|schwimmen}}
* {{trad|ast|nalar}}
* {{trad|bem|ukowa}}
* {{trad|br|neuñv}}
* {{trad|ca|nedar}}
* {{trad|ceb|molangoy}}
* {{trad|ch|ñangu}}
* {{trad|cs|plavat}}
* {{trad|sn|-tuhwina}}
* {{trad|cod|ɨata}}
* {{trad|kw|nyja}}
* {{trad|ku|soberîkirin}}
* {{trad|da|svømme}}
* {{trad|es|nadar}}
* {{trad|eo|naĝi}}
* {{trad|fo|svimja}}
* {{trad|fi|uida}}
* {{trad|fr|nager}}
* {{trad|fy|swimme}}
* {{trad|cy|nofio}}
* {{trad|ht|naje}}
* {{trad|nl|zwemmer}}
* {{trad|hu|úszik}}
* {{trad|id|berenang}}
* {{trad|en|swim}}
{{tradmeio}}
* {{trad|iu|puijjuraaqtuq}}
* {{trad|is|synda}}
* {{trad|it|nuotare}}
* {{trad|ms|berenang}}
* {{trad|mi|kau-ria}}
* {{trad|nah|āhuilāna}}
* {{trad|no|vake|svømme}}
* {{trad|nov|svima}}
* {{trad|oc|nadar}}
* {{trad|pap|landa}}
* {{trad|pl|pływać}}
* {{trad|qu|wampuy}}
* {{trad|rm|nudar}}
* {{trad|rw|koga}}
* {{trad|ru|плавать}}
* {{trad|sm|e aʼao}}
* {{trad|cri|landá}}
* {{trad|scn|natari}}
* {{trad|nso|tunta}}
* {{trad|ss|kú-hlamba}}
* {{trad|sv|simma}}
* {{trad|tl|langóy}}
* {{trad|tet|nani}}
* {{trad|to|kakau}}
* {{trad|tpi|swim}}
* {{trad|tr|yüzmek}}
* {{trad|vep|ujuda}}
* {{trad|vo|svimön}}
{{tradfim}}
===Verbetes derivados===
{{verTambém.Ini}}
* [[nadador]]
* [[nadante]]
{{verTambém.NovaColuna}}
* [[nado]]
* [[natação]]
{{verTambém.Fim}}
=={{etimologia|pt}}==
{{llietimo|la|natare|pt|natāre}}
=={{pronúncia|pt}}==
===Portugal===
* AFI: {{AFI|/nɐ.ˈdaɾ/}}
==Ver também==
===No Wikcionário===
* [[tranar]]
==Anagramas==
# [[andar]]
# [[danar]]
[[Categoria:Verbo (Português)]]
={{-es-}}=
==Verbo==
{{oxítona|na|dar|lang=es}}, {{gramática|vt}}
# [[nadar#{{pt}}|nadar]]&lt;sup&gt;1&lt;/sup&gt;
#* ''Pablo '''nadó''' para el equipo.'': &lt;small&gt;Paulo nadou pela equipe.&lt;/small&gt;
[[Categoria:Verbo (Espanhol)]]
={{-oc-}}=
==Verbo==
'''nadar'''
# [[nadar#{{pt}}|nadar]]&lt;sup&gt;1&lt;/sup&gt;
[[Categoria:Verbo (Occitano)]]</text>
<sha1>d3az74st8x118ekafya879cw4fugc28</sha1>
</revision>
</page>
