<page>
<title>nadasses</title>
<ns>0</ns>
<id>197341</id>
<revision>
<id>2379714</id>
<parentid>1161017</parentid>
<timestamp>2017-05-05T16:23:38Z</timestamp>
<contributor>
<username>HydrizBot</username>
<id>29590</id>
</contributor>
<minor />
<comment>Robô: A limpar links interwikis antigos</comment>
<model>wikitext</model>
<format>text/x-wiki</format>
<text bytes="196" xml:space="preserve">={{-pt-}}=
==Forma verbal==
'''nadasses'''
#[[segunda pessoa]] do [[singular]] do [[pretérito imperfeito]] do [[modo subjuntivo]] do verbo '''[[nadar]]'''
[[Categoria:Forma verbal (Português)]]</text>
<sha1>n5reyc20ravna4j5bfovpz7203j7ytn</sha1>
</revision>
</page>
