<page>
<page>
<title>nadas</title>
<ns>0</ns>
<id>154598</id>
<revision>
<id>2379711</id>
<parentid>2020029</parentid>
<timestamp>2017-05-05T16:23:32Z</timestamp>
<contributor>
<username>HydrizBot</username>
<id>29590</id>
</contributor>
<minor />
<comment>Robô: A limpar links interwikis antigos</comment>
<model>wikitext</model>
<format>text/x-wiki</format>
<text bytes="335" xml:space="preserve">={{-pt-}}=
==Forma de adjetivo==
{{paroxítona|na|das}}, {{f}}
# feminino plural de [[nado]]
{{avi-for-fle|nado}}
==Forma verbal==
{{paroxítona|na|das}}
# segunda pessoa do singular do presente indicativo do verbo [[nadar]]
{{avi-for-fle|nadar}}
[[Categoria:Forma de adjetivo (Português)]]
[[Categoria:Forma verbal (Português)]]</text>
<sha1>8jcbie8gzgrzxhrtjjd1s632nrdtr8z</sha1>
</revision>
