<page>
<title>nadando</title>
<ns>0</ns>
<id>105744</id>
<revision>
<id>2379690</id>
<parentid>2020038</parentid>
<timestamp>2017-05-05T16:22:05Z</timestamp>
<contributor>
<username>HydrizBot</username>
<id>29590</id>
</contributor>
<minor />
<comment>Robô: A limpar links interwikis antigos</comment>
<model>wikitext</model>
<format>text/x-wiki</format>
<text bytes="160" xml:space="preserve">={{-pt-}}=
==Forma verbal==
{{paroxítona|na|dan|do}}
# gerúndio do verbo [[nadar]]
==Anagramas==
# [[danar|danando]]
[[Categoria:Forma verbal (Português)]]</text>
<sha1>k042y120eij2zj0mhmehvjdvb888t8b</sha1>
</revision>
</page>
