<page>
<page>
<title>Nadal</title>
<ns>0</ns>
<id>334670</id>
<revision>
<id>2605945</id>
<parentid>2275058</parentid>
<timestamp>2020-12-27T15:47:57Z</timestamp>
<contributor>
<username>Cpls</username>
<id>20608</id>
</contributor>
<comment>/* {{-gl-}} */</comment>
<model>wikitext</model>
<format>text/x-wiki</format>
<text bytes="344" xml:space="preserve">={{-gl-}}=
==Substantivo==
{{flex.gl|ms=Nadal|mp=Nadais}}
{{oxítona|Na|dal|lang=gl}}, {{g|m}}
# [[Natal]]
# mês de [[Dezembro]]
===Sinónimo===
* [[Natal#Galego|Natal]]
===Verbetes derivados===
* [[nadalinha#{{gl}}|nadalinha]]
=={{etimologia|gl}}==
{{llietimo|la|natalis|gl}}
[[Categoria:Substantivo (Galego)]]
[[Categoria:Mês (Galego)]]</text>
<sha1>obyqpx3mlfms32pn0srm9luinc7w3jw</sha1>
</revision>
