<page>
<title>nadarem</title>
<ns>0</ns>
<id>211629</id>
<revision>
<id>2379699</id>
<parentid>1161002</parentid>
<timestamp>2017-05-05T16:22:50Z</timestamp>
<contributor>
<username>HydrizBot</username>
<id>29590</id>
</contributor>
<minor />
<comment>Robô: A limpar links interwikis antigos</comment>
<model>wikitext</model>
<format>text/x-wiki</format>
<text bytes="265" xml:space="preserve">={{-pt-}}=
==Forma verbal==
'''nadarem'''
#[[terceira pessoa]] do [[plural]] do [[futuro]] do [[modo subjuntivo]] do verbo '''[[nadar]]'''
#[[infinitivo pessoal]] da [[terceira pessoa]] do [[plural]] do verbo '''[[nadar]]'''
[[Categoria:Forma verbal (Português)]]</text>
<sha1>bmo3r32wnjipi2oxydtu6hxqhyzk8kz</sha1>
</revision>
</page>
