<page>
<title>nadantes</title>
<ns>0</ns>
<id>339506</id>
<revision>
<id>1928070</id>
<parentid>1928069</parentid>
<timestamp>2015-05-05T11:16:47Z</timestamp>
<contributor>
<username>MIL973</username>
<id>41339</id>
</contributor>
<minor />
<comment>adicionou [[Categoria:Forma de adjetivo (Português)]] usando [[Wikcionário:HotCat|HotCat]]</comment>
<model>wikitext</model>
<format>text/x-wiki</format>
<text bytes="163" xml:space="preserve">={{-pt-}}=
==Forma de adjetivo==
{{paroxítona|na|dan|tes}}, {{c2g}}
# plural de [[nadante]]
{{avi-for-fle|nadante}}
[[Categoria:Forma de adjetivo (Português)]]</text>
<sha1>g7gc9qsq0ykkq94cz5ilbxulqr1s8gp</sha1>
</revision>
</page>
