<page>
<page>
<title>nadarmos</title>
<ns>0</ns>
<id>208829</id>
<revision>
<id>2379705</id>
<parentid>1161008</parentid>
<timestamp>2017-05-05T16:23:12Z</timestamp>
<contributor>
<username>HydrizBot</username>
<id>29590</id>
</contributor>
<minor />
<comment>Robô: A limpar links interwikis antigos</comment>
<model>wikitext</model>
<format>text/x-wiki</format>
<text bytes="266" xml:space="preserve">={{-pt-}}=
==Forma verbal==
'''nadarmos'''
#[[primeira pessoa]] do [[plural]] do [[futuro]] do [[modo subjuntivo]] do verbo '''[[nadar]]'''
#[[infinitivo pessoal]] da [[primeira pessoa]] do [[plural]] do verbo '''[[nadar]]'''
[[Categoria:Forma verbal (Português)]]</text>
<sha1>5yl30jzfwcn35o2zevgkmngvsfd8a5h</sha1>
</revision>
