<page>
<page>
<title>nadasse</title>
<ns>0</ns>
<id>205637</id>
<revision>
<id>2379712</id>
<parentid>1161015</parentid>
<timestamp>2017-05-05T16:23:34Z</timestamp>
<contributor>
<username>HydrizBot</username>
<id>29590</id>
</contributor>
<minor />
<comment>Robô: A limpar links interwikis antigos</comment>
<model>wikitext</model>
<format>text/x-wiki</format>
<text bytes="227" xml:space="preserve">={{-pt-}}=
==Forma verbal==
'''nadasse'''
#[[primeira pessoa|primeira]] e [[terceira pessoa]] do [[singular]] do [[pretérito imperfeito]] do [[modo subjuntivo]] do verbo '''[[nadar]]'''
[[Categoria:Forma verbal (Português)]]</text>
<sha1>3vgzaab6m1pmktxb08zfgnm8ojn24l5</sha1>
</revision>
