<page>
<page>
<title>nadariam</title>
<ns>0</ns>
<id>196029</id>
<revision>
<id>2379703</id>
<parentid>1161006</parentid>
<timestamp>2017-05-05T16:23:07Z</timestamp>
<contributor>
<username>HydrizBot</username>
<id>29590</id>
</contributor>
<minor />
<comment>Robô: A limpar links interwikis antigos</comment>
<model>wikitext</model>
<format>text/x-wiki</format>
<text bytes="171" xml:space="preserve">={{-pt-}}=
==Forma verbal==
'''nadariam'''
#[[terceira pessoa]] do [[plural]] do [[futuro do pretérito]] do verbo '''[[nadar]]'''
[[Categoria:Forma verbal (Português)]]</text>
<sha1>fv429l5occbgn86guoujftqucf3pi8m</sha1>
</revision>
