<page>
<title>nadaríamos</title>
<ns>0</ns>
<id>193386</id>
<revision>
<id>2379709</id>
<parentid>2020030</parentid>
<timestamp>2017-05-05T16:23:26Z</timestamp>
<contributor>
<username>HydrizBot</username>
<id>29590</id>
</contributor>
<minor />
<comment>Robô: A limpar links interwikis antigos</comment>
<model>wikitext</model>
<format>text/x-wiki</format>
<text bytes="174" xml:space="preserve">={{-pt-}}=
==Forma verbal==
'''nadaríamos'''
#[[primeira pessoa]] do [[plural]] do [[futuro do pretérito]] do verbo '''[[nadar]]'''
[[Categoria:Forma verbal (Português)]]</text>
<sha1>efxlggkoqm51mny456kch2hcv0rrgm4</sha1>
</revision>
</page>
