<page>
<page>
<title>nadavam</title>
<ns>0</ns>
<id>169145</id>
<revision>
<id>2379719</id>
<parentid>1161021</parentid>
<timestamp>2017-05-05T16:23:50Z</timestamp>
<contributor>
<username>HydrizBot</username>
<id>29590</id>
</contributor>
<minor />
<comment>Robô: A limpar links interwikis antigos</comment>
<model>wikitext</model>
<format>text/x-wiki</format>
<text bytes="193" xml:space="preserve">={{-pt-}}=
==Forma verbal==
'''nadavam'''
#[[terceira pessoa]] do [[plural]] do [[pretérito imperfeito]] do [[modo indicativo]] do verbo '''[[nadar]]'''
[[Categoria:Forma verbal (Português)]]</text>
<sha1>ntz1d5mjurpub4ldy8hvss6b1az305f</sha1>
</revision>
