<page>
<page>
<title>nadardes</title>
<ns>0</ns>
<id>210299</id>
<revision>
<id>2379696</id>
<parentid>1160999</parentid>
<timestamp>2017-05-05T16:22:38Z</timestamp>
<contributor>
<username>HydrizBot</username>
<id>29590</id>
</contributor>
<minor />
<comment>Robô: A limpar links interwikis antigos</comment>
<model>wikitext</model>
<format>text/x-wiki</format>
<text bytes="264" xml:space="preserve">={{-pt-}}=
==Forma verbal==
'''nadardes'''
#[[segunda pessoa]] do [[plural]] do [[futuro]] do [[modo subjuntivo]] do verbo '''[[nadar]]'''
#[[infinitivo pessoal]] da [[segunda pessoa]] do [[plural]] do verbo '''[[nadar]]'''
[[Categoria:Forma verbal (Português)]]</text>
<sha1>5xfy2fhd91d7xwjc1ukge6vf0kt80id</sha1>
</revision>
