<page>
<page>
<title>nadastes</title>
<ns>0</ns>
<id>174680</id>
<revision>
<id>2379717</id>
<parentid>1161019</parentid>
<timestamp>2017-05-05T16:23:44Z</timestamp>
<contributor>
<username>HydrizBot</username>
<id>29590</id>
</contributor>
<minor />
<comment>Robô: A limpar links interwikis antigos</comment>
<model>wikitext</model>
<format>text/x-wiki</format>
<text bytes="191" xml:space="preserve">={{-pt-}}=
==Forma verbal==
'''nadastes'''
#[[segunda pessoa]] do [[plural]] do [[pretérito perfeito]] do [[modo indicativo]] do verbo '''[[nadar]]'''
[[Categoria:Forma verbal (Português)]]</text>
<sha1>l2ggdvjcefkvqf6qj8fifo07i4pzoaa</sha1>
</revision>
