<page>
<page>
<title>nadará</title>
<ns>0</ns>
<id>186599</id>
<revision>
<id>2379706</id>
<parentid>2020032</parentid>
<timestamp>2017-05-05T16:23:17Z</timestamp>
<contributor>
<username>HydrizBot</username>
<id>29590</id>
</contributor>
<minor />
<comment>Robô: A limpar links interwikis antigos</comment>
<model>wikitext</model>
<format>text/x-wiki</format>
<text bytes="170" xml:space="preserve">={{-pt-}}=
==Forma verbal==
'''nadará'''
#[[terceira pessoa]] do [[singular]] do [[futuro do presente]] do verbo '''[[nadar]]'''
[[Categoria:Forma verbal (Português)]]</text>
<sha1>3ftmmxqis45ls96stz7g7dobxt5yugx</sha1>
</revision>
