<page>
<title>nadale</title>
<ns>0</ns>
<id>238289</id>
<revision>
<id>2379685</id>
<parentid>2130803</parentid>
<timestamp>2017-05-05T16:21:50Z</timestamp>
<contributor>
<username>HydrizBot</username>
<id>29590</id>
</contributor>
<minor />
<comment>Robô: A limpar links interwikis antigos</comment>
<model>wikitext</model>
<format>text/x-wiki</format>
<text bytes="208" xml:space="preserve">={{-sc-}}=
==Substantivo==
'''nadale'''
# [[dezembro]]
# [[natal]] ''([[Sardo Logudorense]])''
==Ver também==
===No Wikcionário===
{{meses/sc}}
[[Categoria:Substantivo (Sardo)]]
[[Categoria:Mês (Sardo)]]</text>
<sha1>go7nxxr6wrvc46tkrd99seu9u9vilfk</sha1>
</revision>
</page>
