<page>
<page>
<title>nade</title>
<ns>0</ns>
<id>213177</id>
<revision>
<id>2379721</id>
<parentid>2001647</parentid>
<timestamp>2017-05-05T16:23:58Z</timestamp>
<contributor>
<username>HydrizBot</username>
<id>29590</id>
</contributor>
<minor />
<comment>Robô: A limpar links interwikis antigos</comment>
<model>wikitext</model>
<format>text/x-wiki</format>
<text bytes="399" xml:space="preserve">={{-pt-}}=
==Forma verbal==
'''nade'''
#[[primeira pessoa|primeira]] e [[terceira pessoa]] do [[singular]] do [[presente]] do [[modo subjuntivo]] do verbo '''[[nadar]]'''
#[[terceira pessoa]] do [[singular]] do [[imperativo]] [[afirmativo]] do verbo '''[[nadar]]'''
#[[terceira pessoa]] do [[singular]] do [[imperativo]] [[negativo]] do verbo '''[[nadar]]'''
[[Categoria:Forma verbal (Português)]]</text>
<sha1>ln3npdz57xwh32ygq6j5flumg4nn5ly</sha1>
</revision>
