<page>
<title>nades</title>
<ns>0</ns>
<id>218807</id>
<revision>
<id>2379726</id>
<parentid>2020026</parentid>
<timestamp>2017-05-05T16:24:11Z</timestamp>
<contributor>
<username>HydrizBot</username>
<id>29590</id>
</contributor>
<minor />
<comment>Robô: A limpar links interwikis antigos</comment>
<model>wikitext</model>
<format>text/x-wiki</format>
<text bytes="272" xml:space="preserve">={{-pt-}}=
==Forma verbal==
'''nades'''
#[[segunda pessoa]] do [[singular]] do [[presente]] do [[modo subjuntivo]] do verbo '''[[nadar]]'''
#[[segunda pessoa]] do [[singular]] do [[imperativo]] [[negativo]] do verbo '''[[nadar]]'''
[[Categoria:Forma verbal (Português)]]</text>
<sha1>nja2xxa9fgnzybl0nq8hn9r3a7qde4a</sha1>
</revision>
</page>
