<page>
<title>nadei</title>
<ns>0</ns>
<id>170595</id>
<revision>
<id>2379722</id>
<parentid>1161024</parentid>
<timestamp>2017-05-05T16:24:01Z</timestamp>
<contributor>
<username>HydrizBot</username>
<id>29590</id>
</contributor>
<minor />
<comment>Robô: A limpar links interwikis antigos</comment>
<model>wikitext</model>
<format>text/x-wiki</format>
<text bytes="191" xml:space="preserve">={{-pt-}}=
==Forma verbal==
'''nadei'''
#[[primeira pessoa]] do [[singular]] do [[pretérito perfeito]] do [[modo indicativo]] do verbo '''[[nadar]]'''
[[Categoria:Forma verbal (Português)]]</text>
<sha1>brcoot6107ipsldn7qg9cs54p7qy1kb</sha1>
</revision>
</page>
