<page>
<title>nadeis</title>
<ns>0</ns>
<id>217381</id>
<revision>
<id>2379723</id>
<parentid>1161025</parentid>
<timestamp>2017-05-05T16:24:03Z</timestamp>
<contributor>
<username>HydrizBot</username>
<id>29590</id>
</contributor>
<minor />
<comment>Robô: A limpar links interwikis antigos</comment>
<model>wikitext</model>
<format>text/x-wiki</format>
<text bytes="269" xml:space="preserve">={{-pt-}}=
==Forma verbal==
'''nadeis'''
#[[segunda pessoa]] do [[plural]] do [[presente]] do [[modo subjuntivo]] do verbo '''[[nadar]]'''
#[[segunda pessoa]] do [[plural]] do [[imperativo]] [[negativo]] do verbo '''[[nadar]]'''
[[Categoria:Forma verbal (Português)]]</text>
<sha1>c0dhn2968cul3dwsogrmp052r2qj3qa</sha1>
</revision>
</page>
