<page>
<page>
<title>nadir</title>
<ns>0</ns>
<id>258744</id>
<revision>
<id>2379728</id>
<parentid>2229716</parentid>
<timestamp>2017-05-05T16:24:27Z</timestamp>
<contributor>
<username>HydrizBot</username>
<id>29590</id>
</contributor>
<minor />
<comment>Robô: A limpar links interwikis antigos</comment>
<model>wikitext</model>
<format>text/x-wiki</format>
<text bytes="5859" xml:space="preserve">{{Wikipédia}}
{{Wikipédia|lang=af}}
{{Wikipédia|lang=ast}}
{{Wikipédia|lang=eu}}
{{Wikipédia|lang=ca}}
{{Wikipédia|lang=cs}}
{{Wikipédia|lang=hr}}
{{Wikipédia|lang=da}}
{{Wikipédia|lang=sk}}
{{Wikipédia|lang=es}}
{{Wikipédia|lang=fr}}
{{Wikipédia|lang=gl}}
{{Wikipédia|lang=nl}}
{{Wikipédia|lang=en}}
{{Wikipédia|lang=it}}
{{Wikipédia|lang=lmo}}
{{Wikipédia|lang=no}}
{{Wikipédia|lang=nn}}
{{Wikipédia|lang=oc}}
{{Wikipédia|lang=pl}}
{{Wikipédia|lang=ro}}
{{Wikipédia|lang=sh}}
{{Wikipédia|lang=tl}}
{{Wikipédia|lang=tr}}
={{-pt-}}=
==Substantivo==
{{flex.pt|ms=nadir|mp=nadires}}
{{oxítona|na|dir}}, {{gramática|m}}
# {{escopo|pt|Astronomia}} [[ponto]] mais baixo da [[esfera]] [[celeste]], exatamente abaixo do local em que se encontra o [[observador]], e exatamente oposto ao [[zênite]]
===Antônimo===
* [[zênite]]
===Tradução===
{{tradini}}
* {{trad|af|nadir}}
* {{trad|de|Nadir}}
* {{trad|ar|النظير}}
* {{trad|ast|nadir}}
* {{trad|eu|nadir}}
* {{trad|bg|надир}}
* {{trad|ca|nadir}}
* {{trad|cs|nadir}}
* {{trad|zh|天底}}
* {{trad|hr|nadir}}
* {{trad|da|nadir}}
* {{trad|sk|nadir}}
* {{trad|sl|podnožišče}}
* {{trad|es|nadir}}
* {{trad|ext|nadil}}
* {{trad|fr|nadir}}
* {{trad|gl|nadir}}
* {{trad|el|ναδίρ}}
* {{trad|nl|nadir}}
* {{trad|hu|nadír}}
* {{trad|io|nadiro}}
* {{trad|en|nadir}}
{{tradmeio}}
* {{trad|is|ilpunktur}}
* {{trad|it|nadir}}
* {{trad|ja|天底}}
* {{trad|lt|nadyras}}
* {{trad|lmo|nadir}}
* {{trad|lb|Nadir}}
* {{trad|mk|надир}}
* {{trad|no|nadir}}
* {{trad|nn|nadir}}
* {{trad|oc|nadir}}
* {{trad|fa|پاسو}}
* {{trad|pl|nadir}}
* {{trad|ro|nadir}}
* {{trad|ru|надир}}
* {{trad|sr|надир}}
* {{trad|sh|nadir}}
* {{trad|tl|nadir}}
* {{trad|th|จุดจอมดิน}}
* {{trad|tr|nadir}}
* {{trad|uk|надир}}
* {{trad|vi|thiên để}}
{{tradfim}}
==Ver também==
===No Wikcionário===
* [[a pino]]
[[Categoria:Substantivo (Português)]]
={{-af-}}=
==Substantivo==
'''nadir'''
# {{escopo|af|Astronomia}} [[nadir#Português|nadir]]
===Antônimo===
* [[zenit]]
[[Categoria:Substantivo (Africâner)]]
={{-ast-}}=
==Substantivo==
'''nadir'''
# {{escopo|ast|Astronomia}} [[nadir#Português|nadir]]
===Antônimo===
* [[cénit]]
[[Categoria:Substantivo (Asturiano)]]
={{-eu-}}=
==Substantivo==
'''nadir'''
# {{escopo|eu|Astronomia}} [[nadir#Português|nadir]]
===Antônimo===
* [[zenit]]
[[Categoria:Substantivo (Basco)]]
={{-ca-}}=
==Substantivo==
'''nadir'''
# {{escopo|ca|Astronomia}} [[nadir#Português|nadir]]
===Antônimo===
* [[zenit]]
[[Categoria:Substantivo (Catalão)]]
={{-cs-}}=
==Substantivo==
'''nadir'''
# {{escopo|cs|Astronomia}} [[nadir#Português|nadir]]
===Antônimo===
* [[zenit]]
[[Categoria:Substantivo (Checo)]]
={{-hr-}}=
==Substantivo==
'''nadir'''
# {{escopo|hr|Astronomia}} [[nadir#Português|nadir]]
===Antônimo===
* [[zenit]]
==={{-varort-}}===
* [[nazir]]
[[Categoria:Substantivo (Croata)]]
={{-da-}}=
==Substantivo==
'''nadir'''
# {{escopo|da|Astronomia}} [[nadir#Português|nadir]]
===Antônimo===
* [[zenit]]
[[Categoria:Substantivo (Dinamarquês)]]
={{-sk-}}=
==Substantivo==
'''nadir'''
# {{escopo|sk|Astronomia}} [[nadir#Português|nadir]]
===Antônimo===
* [[zenit]]
===Sinônimo===
* [[podnožník]]
[[Categoria:Substantivo (Eslovaco)]]
={{-es-}}=
==Substantivo==
'''nadir'''
# {{escopo|es|Astronomia}} [[nadir#Português|nadir]]
===Antônimo===
* [[cenit]]
[[Categoria:Substantivo (Espanhol)]]
={{-fr-}}=
==Substantivo==
'''nadir'''
# {{escopo|fr|Astronomia}} [[nadir#Português|nadir]]
===Antônimo===
* [[zénith]]
[[Categoria:Substantivo (Francês)]]
={{-gl-}}=
==Substantivo==
'''nadir'''
# {{escopo|gl|Astronomia}} [[nadir#Português|nadir]]
===Antônimos===
{{verTambém.Ini}}
* [[cénit]]
{{verTambém.NovaColuna}}
* [[zenit]]
{{verTambém.Fim}}
[[Categoria:Substantivo (Galego)]]
={{-nl-}}=
==Substantivo==
'''nadir'''
# {{escopo|nl|Astronomia}} [[nadir#Português|nadir]]
===Antônimo===
* [[zenit]]
[[Categoria:Substantivo (Holandês)]]
={{-en-}}=
==Substantivo==
'''nadir'''
# {{escopo|en|Astronomia}} [[nadir#Português|nadir]]
===Antônimo===
* [[zenith]]
[[Categoria:Substantivo (Inglês)]]
={{-it-}}=
==Substantivo==
'''nadir'''
# {{escopo|it|Astronomia}} [[nadir#Português|nadir]]
===Antônimo===
* [[zenit]]
[[Categoria:Substantivo (Italiano)]]
={{-lmo-}}=
==Substantivo==
'''nadir'''
# {{escopo|lmo|Astronomia}} [[nadir#Português|nadir]]
===Antônimo===
* [[zenit]]
[[Categoria:Substantivo (Lombardo)]]
={{-no-}}=
==Substantivo==
'''nadir'''
# {{escopo|no|Astronomia}} [[nadir#Português|nadir]]
===Antônimo===
* [[zenit]]
[[Categoria:Substantivo (Norueguês)]]
={{-nn-}}=
==Substantivo==
'''nadir'''
# {{escopo|nn|Astronomia}} [[nadir#Português|nadir]]
===Antônimo===
* [[senit]]
[[Categoria:Substantivo (Novo Norueguês)]]
={{-oc-}}=
==Substantivo==
'''nadir'''
# {{escopo|oc|Astronomia}} [[nadir#Português|nadir]]
===Antônimo===
* [[zenit]]
[[Categoria:Substantivo (Occitano)]]
={{-pl-}}=
==Substantivo==
'''nadir'''
# {{escopo|pl|Astronomia}} [[nadir#Português|nadir]]
===Antônimo===
* [[zenit]]
[[Categoria:Substantivo (Polonês)]]
={{-ro-}}=
==Substantivo==
'''nadir'''
# {{escopo|ro|Astronomia}} [[nadir#Português|nadir]]
===Antônimo===
* [[zenit]]
[[Categoria:Substantivo (Romeno)]]
={{-sh-}}=
==Substantivo==
'''nadir'''
# {{escopo|sh|Astronomia}} [[nadir#Português|nadir]]
===Antônimo===
* [[zenit]]
[[Categoria:Substantivo (Servocroata)]]
={{-tl-}}=
==Substantivo==
'''nadir'''
# {{escopo|tl|Astronomia}} [[nadir#Português|nadir]]
===Antônimo===
* [[taluktok]]
===Sinônimo===
* [[idalum]]
[[Categoria:Substantivo (Tagalo)]]
={{-tr-}}=
==Substantivo==
'''nadir'''
# {{escopo|tr|Astronomia}} [[nadir#Português|nadir]]
===Antônimo===
* [[zenit]]
[[Categoria:Substantivo (Turco)]]</text>
<sha1>hs2yio9rutyz9tdoan75a3t80w9ixjb</sha1>
</revision>
