<page>
<page>
<title>nados</title>
<ns>0</ns>
<id>339508</id>
<revision>
<id>2379730</id>
<parentid>1928845</parentid>
<timestamp>2017-05-05T16:24:32Z</timestamp>
<contributor>
<username>HydrizBot</username>
<id>29590</id>
</contributor>
<minor />
<comment>Robô: A limpar links interwikis antigos</comment>
<model>wikitext</model>
<format>text/x-wiki</format>
<text bytes="276" xml:space="preserve">={{-pt-}}=
==Forma de adjetivo==
{{paroxítona|na|dos}}, {{m}}
# plural de [[nado]]
==Forma de substantivo==
{{paroxítona|na|dos}}, {{m}}
# plural de [[nado]]
{{avi-for-fle|nado}}
[[Categoria:Forma de adjetivo (Português)]]
[[Categoria:Forma de substantivo (Português)]]</text>
<sha1>pwm56wxnynz7uc3ro7c1k56duzne5lh</sha1>
</revision>
