<page>
<title>nado</title>
<ns>0</ns>
<id>83257</id>
<revision>
<id>2612010</id>
<parentid>2379729</parentid>
<timestamp>2021-01-31T10:50:18Z</timestamp>
<contributor>
<username>Marxav</username>
<id>73271</id>
</contributor>
<minor />
<comment>AFI Portugal</comment>
<model>wikitext</model>
<format>text/x-wiki</format>
<text bytes="1166" xml:space="preserve">={{-pt-}}=
==Adjetivo==
{{flex.pt|ms=nado|mp=nados|fs=nada|fp=nadas}}
{{paroxítona|na|do}}, {{m}}
# [[nascido]], [[nato]]
==Substantivo==
{{flex.pt|ms=nado|mp=nados}}
{{paroxítona|na|do}}
# ato de [[nadar]]
# prática desportiva que envolvem o deslocamento na água
===Sinônimo===
* [[natação]]
==Forma verbal==
{{paroxítona|na|do}}
# primeira pessoa do singular do presente do indicativo do verbo [[nadar]]
{{avi-for-fle|nadar}}
=={{pronúncia|pt}}==
===Portugal===
* AFI: {{AFI|/ˈna.du/}}
==Ver também==
===No Wikisaurus===
* [[Wikisaurus:esporte|esporte]]
==Anagramas==
# [[ando]]
# [[dano]]
# [[dona]]
# [[onda]]
[[Categoria:Adjetivo (Português)]]
[[Categoria:Substantivo (Português)]]
[[Categoria:Forma verbal (Português)]]
[[Categoria:Desporto (Português)]]
={{-ca-}}=
==Forma verbal==
'''nado'''
# flexão do verbo [[nadar#{{ca}}|nadar]]
[[Categoria:Forma verbal (Catalão)]]
={{-es-}}=
==Forma verbal==
{{paroxítona|na|do|lang=es}}
# flexão do verbo [[nadar#{{es}}|nadar]]
[[Categoria:Forma verbal (Espanhol)]]
={{-gl-}}=
==Forma verbal==
'''nado'''
# flexão do verbo [[nadar#{{gl}}|nadar]]
[[Categoria:Forma verbal (Galego)]]</text>
<sha1>5ia2zsr2bxa6r7xyj4n9c3m69ol5hz2</sha1>
</revision>
</page>
