<page>
<page>
<title>nadou</title>
<ns>0</ns>
<id>173376</id>
<revision>
<id>2379731</id>
<parentid>1161030</parentid>
<timestamp>2017-05-05T16:24:34Z</timestamp>
<contributor>
<username>HydrizBot</username>
<id>29590</id>
</contributor>
<minor />
<comment>Robô: A limpar links interwikis antigos</comment>
<model>wikitext</model>
<format>text/x-wiki</format>
<text bytes="191" xml:space="preserve">={{-pt-}}=
==Forma verbal==
'''nadou'''
#[[terceira pessoa]] do [[singular]] do [[pretérito perfeito]] do [[modo indicativo]] do verbo '''[[nadar]]'''
[[Categoria:Forma verbal (Português)]]</text>
<sha1>ax3t0ehge45i8w1g6o1lzwkfi1783nz</sha1>
</revision>
