<page>
<page>
<title>nadásseis</title>
<ns>0</ns>
<id>201653</id>
<revision>
<id>2379735</id>
<parentid>1161034</parentid>
<timestamp>2017-05-05T16:24:44Z</timestamp>
<contributor>
<username>HydrizBot</username>
<id>29590</id>
</contributor>
<minor />
<comment>Robô: A limpar links interwikis antigos</comment>
<model>wikitext</model>
<format>text/x-wiki</format>
<text bytes="196" xml:space="preserve">={{-pt-}}=
==Forma verbal==
'''nadásseis'''
#[[segunda pessoa]] do [[plural]] do [[pretérito imperfeito]] do [[modo subjuntivo]] do verbo '''[[nadar]]'''
[[Categoria:Forma verbal (Português)]]</text>
<sha1>2ye0og9j70tptpb1qstd60soq9bxypi</sha1>
</revision>
