<page>
<title>nadáramos</title>
<ns>0</ns>
<id>180475</id>
<revision>
<id>2379733</id>
<parentid>2020041</parentid>
<timestamp>2017-05-05T16:24:41Z</timestamp>
<contributor>
<username>HydrizBot</username>
<id>29590</id>
</contributor>
<minor />
<comment>Robô: A limpar links interwikis antigos</comment>
<model>wikitext</model>
<format>text/x-wiki</format>
<text bytes="181" xml:space="preserve">={{-pt-}}=
==Forma verbal==
'''nadáramos'''
#[[primeira pessoa]] do [[plural]] do [[pretérito mais-que-perfeito]] do verbo '''[[nadar]]'''
[[Categoria:Forma verbal (Português)]]</text>
<sha1>dca2kwqupqdpk6gco922cigkiguwtlo</sha1>
</revision>
</page>
