<page>
<title>nadáreis</title>
<ns>0</ns>
<id>182181</id>
<revision>
<id>2562381</id>
<parentid>2379734</parentid>
<timestamp>2019-11-22T09:44:34Z</timestamp>
<contributor>
<username>MIL973</username>
<id>41339</id>
</contributor>
<model>wikitext</model>
<format>text/x-wiki</format>
<text bytes="417" xml:space="preserve">{{ver também|nadareis}}
={{-pt-}}=
==Forma verbal==
{{oxítona|na|dá|reis}}
# segunda pessoa do plural do pretérito mais-que-perfeito do indicativo do verbo [[nadar]]
{{avi-for-fle|nadar}}
==Anagramas==
# [[adernais]]
# [[Adrianes]]
# [[andareis]]
# [[andáreis]]
# [[ariadnes]]
# [[Ariadnes]]
# [[danareis]]
# [[danáreis]]
# [[Darianes]]
# [[denárias]]
# [[desainar]]
[[Categoria:Forma verbal (Português)]]</text>
<sha1>s3fp4xafhn2udsw8dns641biqn7fq6l</sha1>
</revision>
</page>
