<page>
<title>nadássemos</title>
<ns>0</ns>
<id>198806</id>
<revision>
<id>2379736</id>
<parentid>1161035</parentid>
<timestamp>2017-05-05T16:24:47Z</timestamp>
<contributor>
<username>HydrizBot</username>
<id>29590</id>
</contributor>
<minor />
<comment>Robô: A limpar links interwikis antigos</comment>
<model>wikitext</model>
<format>text/x-wiki</format>
<text bytes="198" xml:space="preserve">={{-pt-}}=
==Forma verbal==
'''nadássemos'''
#[[primeira pessoa]] do [[plural]] do [[pretérito imperfeito]] do [[modo subjuntivo]] do verbo '''[[nadar]]'''
[[Categoria:Forma verbal (Português)]]</text>
<sha1>3uxej5rs3b53jdnhcgp1cs1mykkckek</sha1>
</revision>
</page>
