<page>
<title>nadávamos</title>
<ns>0</ns>
<id>163261</id>
<revision>
<id>2379737</id>
<parentid>1161036</parentid>
<timestamp>2017-05-05T16:24:49Z</timestamp>
<contributor>
<username>HydrizBot</username>
<id>29590</id>
</contributor>
<minor />
<comment>Robô: A limpar links interwikis antigos</comment>
<model>wikitext</model>
<format>text/x-wiki</format>
<text bytes="196" xml:space="preserve">={{-pt-}}=
==Forma verbal==
'''nadávamos'''
#[[primeira pessoa]] do [[plural]] do [[pretérito imperfeito]] do [[modo indicativo]] do verbo '''[[nadar]]'''
[[Categoria:Forma verbal (Português)]]</text>
<sha1>lkv7jppon3esl7pmdc7it415a53a4vi</sha1>
</revision>
</page>
