<page>
<page>
<title>nadáveis</title>
<ns>0</ns>
<id>167697</id>
<revision>
<id>2379739</id>
<parentid>1161037</parentid>
<timestamp>2017-05-05T16:24:52Z</timestamp>
<contributor>
<username>HydrizBot</username>
<id>29590</id>
</contributor>
<minor />
<comment>Robô: A limpar links interwikis antigos</comment>
<model>wikitext</model>
<format>text/x-wiki</format>
<text bytes="194" xml:space="preserve">={{-pt-}}=
==Forma verbal==
'''nadáveis'''
#[[segunda pessoa]] do [[plural]] do [[pretérito imperfeito]] do [[modo indicativo]] do verbo '''[[nadar]]'''
[[Categoria:Forma verbal (Português)]]</text>
<sha1>8x87w7ficqzikic16kppvmq8gv4y37o</sha1>
</revision>
