<page>
<title>naef</title>
<ns>0</ns>
<id>32260</id>
<revision>
<id>2379740</id>
<parentid>2130812</parentid>
<timestamp>2017-05-05T16:24:54Z</timestamp>
<contributor>
<username>HydrizBot</username>
<id>29590</id>
</contributor>
<minor />
<comment>Robô: A limpar links interwikis antigos</comment>
<model>wikitext</model>
<format>text/x-wiki</format>
<text bytes="135" xml:space="preserve">={{-bi-}}=
==Substantivo==
'''naef'''
# [[faca]]
# [[canivete]]
==Ver Também==
* {{en}}: [[knife]]
[[Categoria:Substantivo ({{bi}})]]</text>
<sha1>sfx0ysnqillj5yf3zo9aiadsgdz67pl</sha1>
</revision>
</page>
