<page>
<page>
<title>nafatin</title>
<ns>0</ns>
<id>62215</id>
<revision>
<id>2379741</id>
<parentid>2205246</parentid>
<timestamp>2017-05-05T16:24:57Z</timestamp>
<contributor>
<username>HydrizBot</username>
<id>29590</id>
</contributor>
<minor />
<comment>Robô: A limpar links interwikis antigos</comment>
<model>wikitext</model>
<format>text/x-wiki</format>
<text bytes="86" xml:space="preserve">={{-tet-}}=
==Advérbio==
'''nafatin'''
# [[sempre]]
[[Categoria:Advérbio (Tétum)]]</text>
<sha1>p7bvcltlt2bklv4ev98yt573om1t9x9</sha1>
</revision>
