<page>
<page>
<title>nafana</title>
<ns>0</ns>
<id>362713</id>
<revision>
<id>2157231</id>
<timestamp>2016-08-10T09:35:21Z</timestamp>
<contributor>
<username>ValJor</username>
<id>1358</id>
</contributor>
<comment>Criação do verbete a partir da [[Especial:Páginas_pedidas|lista de palavras pedidas]]</comment>
<model>wikitext</model>
<format>text/x-wiki</format>
<text bytes="222" xml:space="preserve">={{-pt-}}=
==Substantivo==
{{paroxítona|na|fa|na}}, {{m}}
# [[língua]] falada no noroeste de [[Gana]], na [[fronteira]] com a [[Costa do Marfim]]
[[Categoria:Substantivo (Português)]]
[[Categoria:Língua (Português)]]</text>
<sha1>7yp7ybiks1b7raht5grpjv0avxpjn9t</sha1>
</revision>
