<page>
<title>nafnháttur</title>
<ns>0</ns>
<id>82221</id>
<revision>
<id>2662892</id>
<parentid>2379743</parentid>
<timestamp>2022-03-04T05:37:20Z</timestamp>
<contributor>
<username>ValJor</username>
<id>1358</id>
</contributor>
<comment>Acrescentando código de língua à [[:Categoria:!Página com mensagem de erro em predefinição|predefinição escopo]]</comment>
<model>wikitext</model>
<format>text/x-wiki</format>
<text bytes="368" xml:space="preserve">{{Wikipédia|lang=is}}
={{-is-}}=
==Substantivo==
'''nafnháttur''', ''masculino, forte, grupo 3 (á/æ)
# {{escopo|is|Gramática}} [[infinitivo]]
===Declinação===
{{decl.is.subst.forte.masc.3.á~æ|nafnh|tt|ur}}
=={{etimologia|is}}==
: De ''[[nafn#{{is}}|nafn]]'' (''&quot;nome&quot;'') + ''[[háttur#{{is}}|háttur]]'' (''&quot;modo&quot;'').
[[Categoria:Substantivo (Islandês)]]</text>
<sha1>2gqttoi56zqf7hu5mwqh1j7dqnxuwib</sha1>
</revision>
</page>
