<page>
<page>
<title>nafrado</title>
<ns>0</ns>
<id>375026</id>
<revision>
<id>2545169</id>
<parentid>2379746</parentid>
<timestamp>2019-05-26T18:04:10Z</timestamp>
<contributor>
<username>Cpls</username>
<id>20608</id>
</contributor>
<comment>/* {{-gl-}} */</comment>
<model>wikitext</model>
<format>text/x-wiki</format>
<text bytes="276" xml:space="preserve">={{-gl-}}=
==Adjetivo==
{{flex.gl|ms=nafrado|mp=nafrados|fs=nafrada|fp=nafrada}}
{{paroxítona|na|fra|do|lang=gl}}
# [[rombo]], sem saliências
# que tem o nariz [[chato]]
=={{etimologia|gl}}==
: Confronte-se com ''[[nafrar#{{gl}}|nafrar]]''.
[[Categoria:Adjetivo (Galego)]]</text>
<sha1>c73qdti6huayufndv2zsbd6vghl7rcl</sha1>
</revision>
