<page>
<title>nafres</title>
<ns>0</ns>
<id>375024</id>
<revision>
<id>2379750</id>
<parentid>2245580</parentid>
<timestamp>2017-05-05T16:25:27Z</timestamp>
<contributor>
<username>HydrizBot</username>
<id>29590</id>
</contributor>
<minor />
<comment>Robô: A limpar links interwikis antigos</comment>
<model>wikitext</model>
<format>text/x-wiki</format>
<text bytes="309" xml:space="preserve">={{-gl-}}=
==Substantivo==
{{flex.gl|ms=-|mp=nafres}}
{{paroxítona|na|fres|lang=gl}}, {{g|mp|lang=gl}}
# {{escopo|gl|Anatomia|Veterinária|coloquial}} os [[nariz]]es, as [[ventas]], sobretudo as dos animais
=={{etimologia|gl}}==
: Do plural de ''[[nafre#{{gl}}|nafre]]''.
[[Categoria:Substantivo (Galego)]]</text>
<sha1>m7t30yg1agejz4j2kosau98mvg8984l</sha1>
</revision>
</page>
