<page>
<page>
<title>nafrar</title>
<ns>0</ns>
<id>331986</id>
<revision>
<id>2545199</id>
<parentid>2545180</parentid>
<timestamp>2019-05-26T19:07:44Z</timestamp>
<contributor>
<username>Cpls</username>
<id>20608</id>
</contributor>
<comment>/* {{-gl-}} */</comment>
<model>wikitext</model>
<format>text/x-wiki</format>
<text bytes="773" xml:space="preserve">={{-gl-}}=
==Verbo==
{{oxítona|na|frar|lang=gl}}, {{g|pron|lang=gl}}
# [[cair]] de bruços, cair de narizes, bater frontalmente
# [[derrear]]-se por lesão nos [[quadril|quadris]] um animal
# quebrar, partir
===Sinônimo===
* De '''1''' (cair): [[esnafrar#{{gl}}|esnafrar]]
=={{etimologia|gl}}==
: {{escopo|Morfologia}} De ''[[nafra#{{gl}}|nafra]]'' ou ''[[nafre#{{gl}}|nafre]]'' + ''[[-ar#{{gl}}|-ar]]''. Confronte-se com ''[[nhafrar#{{gl}}|nhafrar]]'', ''[[nafrado#{{gl}}|nafrado]]'' e com o galês {{etimo|cy|anafu}}.
[[Categoria:Verbo (Galego)]]
={{-oc-}}=
==Verbo==
{{oxítona|na|frar|lang=oc}}
# [[ferir]] fisicamente ou moralmente
=={{etimologia|oc}}==
{{llietimo|la|naufragare|oc}} Confronte-se com o galês {{etimo|cy|anafu}}.
[[Categoria:Verbo (Occitano)]]</text>
<sha1>76u6krshfcten8g06l1lfbvt2c3lu4n</sha1>
</revision>
