<page>
<page>
<title>nafreita</title>
<ns>0</ns>
<id>410398</id>
<revision>
<id>2581539</id>
<parentid>2545170</parentid>
<timestamp>2020-03-11T20:24:12Z</timestamp>
<contributor>
<username>Cpls</username>
<id>20608</id>
</contributor>
<comment>/* {{etimologia|gl}} */</comment>
<model>wikitext</model>
<format>text/x-wiki</format>
<text bytes="335" xml:space="preserve">={{-gl-}}=
==Substantivo==
{{flex.gl|fs=nafreita|fp=nafreitas}}
{{paroxítona|na|frei|ta|lang=gl}}, {{g|f|lang=gl}}
# {{escopo|gl|Berzo}} [[avalancha]]
=={{etimologia|gl}}==
: Aparentada com o latim {{etimo|la|fracta}}. Confronte-se com ''[[nafra#{{gl}}|nafra]]'' e com o galês {{etimo|cy|anafu}}.
[[Categoria:Substantivo (Galego)]]</text>
<sha1>5ch4pmlvrargv8cgkntdjikvf1426b1</sha1>
</revision>
