<page>
<title>nafro</title>
<ns>0</ns>
<id>410396</id>
<revision>
<id>2545178</id>
<parentid>2545140</parentid>
<timestamp>2019-05-26T18:39:52Z</timestamp>
<contributor>
<username>Cpls</username>
<id>20608</id>
</contributor>
<model>wikitext</model>
<format>text/x-wiki</format>
<text bytes="424" xml:space="preserve">={{-gl-}}=
==Adjetivo==
{{flex.gl|ms=nafro|mp=nafros|fs=nafra|fp=nafras}}
{{paroxítona|na|fro|lang=gl}}
# que tem um [[quadril]] [[derrear|derreado]], a falar pelo comum de um [[boi]]
===Sinónimos===
* [[dejemado#{{gl}}|dejemado]], [[nacho#{{gl}}|nacho]],  
=={{etimologia|gl}}==
: Confronte-se com ''[[nafrar#{{gl}}|nafrar]]'', [[náfrico]] e [[nafo]], e com o galês {{etimo|cy|anaf}}.
[[Categoria:Adjetivo (Galego)]]</text>
<sha1>tueqf3ai7y6yktbipa0pn7ubshnne7p</sha1>
</revision>
</page>
