<page>
<page>
<title>naftaleno</title>
<ns>0</ns>
<id>149620</id>
<revision>
<id>2662885</id>
<parentid>2379752</parentid>
<timestamp>2022-03-04T04:57:41Z</timestamp>
<contributor>
<username>ValJor</username>
<id>1358</id>
</contributor>
<comment>Acrescentando código de língua à [[:Categoria:!Página com mensagem de erro em predefinição|predefinição escopo]]</comment>
<model>wikitext</model>
<format>text/x-wiki</format>
<text bytes="1948" xml:space="preserve">{{Wikipédia|lang=pt|naftalina}}
={{-pt-}}=
==Substantivo==
{{flex.pt|ms=naftaleno|mp=naftalenos}}
{{paroxítona|naf|ta|le|no}}, {{gramática|m}}
# {{escopo|pt|Química}} [[hidrocarboneto]] [[aromático]] cuja molécula é constituída por dois anéis benzênicos condensados; sua fórmula molecular é C&lt;sub&gt;10&lt;/sub&gt;H&lt;sub&gt;8&lt;/sub&gt;
#* ''Quando se destila o carvão mineral ou a madeira em atmosfera isenta de oxigênio, produz-se o alcatrão, que ao ser condensado e passado por uma coluna de destilação fracionada produz uma série de produtos, que vai desde o benzeno, tolueno, '''naftaleno''' e no caso da madeira, acetonas, metanol, etanol, etc, além de uma série de hidrocarbonetos políciclicos e aromáticos complexos.''
===Sinônimo===
* [[naftalina]]
===Tradução===
{{tradini}}
* {{trad|de|Naphthalin}}
* {{trad|ar|نفثالين}}
* {{trad|ca|naftalè}}
* {{trad|cs|naftalen}}
* {{trad|zh|萘}}
* {{trad|si|නැෆ්තලීන්}}
* {{trad|ko|나프탈렌}}
* {{trad|da|naftalin}}
* {{trad|sk|naftalén}}
* {{trad|sl|naftalen}}
* {{trad|es|naftalina}}
* {{trad|eo|naftalino}}
* {{trad|et|naftaleen}}
* {{trad|fi|naftaleeni}}
* {{trad|fr|naphtalène}}
* {{trad|el|ναφθαλίνιο}}
* {{trad|he|נפטלין}}
* {{trad|hi|नैप्थलीन}}
* {{trad|nl|naftaleen}}
{{tradmeio}}
* {{trad|hu|naftalin}}
* {{trad|io|naftalino}}
* {{trad|en|naphthalene}}
* {{trad|it|naftalene}}
* {{trad|ja|ナフタレン}}
* {{trad|lv|naftalīns}}
* {{trad|no|naftalen}}
* {{trad|fa|نفتالین}}
* {{trad|pl|naftalen}}
* {{trad|ro|naftalină}}
* {{trad|ru|нафталин}}
* {{trad|sr|нафтален}}
* {{trad|sv|naftalen}}
* {{trad|su|naftaléna}}
* {{trad|th|แนฟทาลีน}}
* {{trad|tr|naftalin}}
* {{trad|uk|нафталін}}
* {{trad|ur|naphthalene}}
* {{trad|vi|naphtalen}}
{{tradfim}}
=={{etimologia|pt}}==
: {{escopo|Morfologia}} [[nafta]] + [[-l-]] + [[-eno]].
[[Categoria:Substantivo (Português)]]</text>
<sha1>nqfzi01yugq8jwevyxnnkr44gaxebzu</sha1>
</revision>
