<page>
<page>
<title>nafta</title>
<ns>0</ns>
<id>149612</id>
<revision>
<id>2379751</id>
<parentid>2246541</parentid>
<timestamp>2017-05-05T16:25:33Z</timestamp>
<contributor>
<username>HydrizBot</username>
<id>29590</id>
</contributor>
<minor />
<comment>Robô: A limpar links interwikis antigos</comment>
<model>wikitext</model>
<format>text/x-wiki</format>
<text bytes="1596" xml:space="preserve">{{Wikipédia|Nafta (combustível)|nafta}}
{{Wikipédia|lang=ca}}
{{Wikipédia|lang=es}}
{{Wikipédia|lang=nl}}
{{ver também|NAFTA}}
={{-pt-}}=
==Substantivo==
{{paroxítona|na|fta}} {{f}} {{+info|data=1529}}
# [[derivado]] de [[petróleo]] utilizado principalmente como matéria-prima da indústria petroquímica na produção de [[eteno]] e [[propeno]], além de outras frações líquidas, como [[benzeno]], [[tolueno]] e [[xileno]]
===Tradução===
{{tradini}}
* {{trad|de|Naphtha}}
* {{trad|ca|nafta}}
* {{trad|es|nafta}}
* {{trad|el|νάφθα}}
* {{trad|fr|naphta}}
* {{trad|nl|nafta}}
{{tradmeio}}
* {{trad|io|nafto}}
* {{trad|id|nafta}}
* {{trad|en|naphtha}}
* {{trad|ja|ナフサ}}
* {{trad|ru|лигроин}}
{{tradfim}}
=={{etimologia|pt}}==
: Do [[latim]] ''naphta'' ou ''naphtas, ae'' (espécie de betume inflamável) e este do [[grego]] ''νάφθα'' (idem), relacionado ao [[árabe]] ''naft'' ou ''nift'' (betume, petróleo).
[[Categoria:Substantivo (Português)]]
[[Categoria:Química (Português)]]
={{-ca-}}=
==Substantivo==
'''nafta'''
# [[nafta#Português|nafta]]
[[Categoria:Substantivo (Catalão)]]
[[Categoria:Química (Catalão)]]
={{-es-}}=
==Substantivo==
'''nafta'''
# [[nafta#Português|nafta]]
[[Categoria:Substantivo (Espanhol)]]
[[Categoria:Química (Espanhol)]]
={{-nl-}}=
==Substantivo==
'''nafta'''
# [[nafta#Português|nafta]]
[[Categoria:Substantivo (Holandês)]]
[[Categoria:Química (Holandês)]]
={{-id-}}=
==Substantivo==
'''nafta'''
# [[nafta#Português|nafta]]
[[Categoria:Substantivo (Indonésio)]]
[[Categoria:Química (Indonésio)]]</text>
<sha1>3xjtenyxurwmajc27fc6zf1dh3rbuuu</sha1>
</revision>
