<page>
<page>
<title>naftalina</title>
<ns>0</ns>
<id>149618</id>
<revision>
<id>2617103</id>
<parentid>2512598</parentid>
<timestamp>2021-02-01T02:57:17Z</timestamp>
<contributor>
<username>MarxavBot</username>
<id>80155</id>
</contributor>
<minor />
<comment>AFI Portugal</comment>
<model>wikitext</model>
<format>text/x-wiki</format>
<text bytes="2405" xml:space="preserve">{{Wikipédia|lang=pt}}
{{Wikipédia|lang=es}}
{{Wikipédia|lang=pl}}
={{-pt-}}=
==Substantivo==
{{flex.pt|fs=naftalina|fp=naftalinas}}
{{paroxítona|naf|ta|li|na}}, {{gramática|f}}, {{+info|data=1858}}
# {{escopo|pt|Química}} nome comercial de [[naftaleno]]
===Tradução===
{{tradini}}
* {{trad|af|naftaleen}}
* {{trad|de|Naphthalin}}
* {{trad|ar|نفثالين}}
* {{trad|hy|նավթալին}}
* {{trad|azb|نفتالین}}
* {{trad|ba|нафталин}}
* {{trad|bn|ন্যাফথালিন}}
* {{trad|be|нафталін}}
* {{trad|yue|萘}}
* {{trad|ca|naftalè}}
* {{trad|cs|naftalen}}
* {{trad|zh|萘}}
* {{trad|si|නැෆ්තලීන්}}
* {{trad|ko|나프탈렌}}
* {{trad|hr|naftalen}}
* {{trad|da|naftalin}}
* {{trad|sco|naphthalene}}
* {{trad|sk|naftalén}}
* {{trad|sl|naftalen}}
* {{trad|es|naftalina}}
* {{trad|eo|naftaleno}}
* {{trad|et|naftaleen}}
* {{trad|fi|naftaleeni}}
* {{trad|fr|naphtalène}}
* {{trad|el|ναφθαλίνιο}}
* {{trad|he|נפתלן}}
* {{trad|hi|नैफ्थलीन}}
{{tradmeio}}
* {{trad|nl|naftaleen}}
* {{trad|hu|naftalin}}
* {{trad|io|naftalino}}
* {{trad|id|naftalena}}
* {{trad|en|naphthalene}}
* {{trad|ga|naftailéin}}
* {{trad|it|naftalene}}
* {{trad|ja|ナフタレン}}
* {{trad|lv|naftalīns}}
* {{trad|mk|нафтален}}
* {{trad|ml|നാഫ്തലീൻ}}
* {{trad|ms|naftalena}}
* {{trad|no|naftalen}}
* {{trad|fa|نفتالین}}
* {{trad|pl|naftalina}}
* {{trad|ky|нафталин}}
* {{trad|ro|naftalină}}
* {{trad|ru|нафталин}}
* {{trad|sr|нафтален}}
* {{trad|sh|naftalen}}
* {{trad|sv|naftalen}}
* {{trad|su|naftaléna}}
* {{trad|th|แนฟทาลีน}}
* {{trad|tr|naftalin}}
* {{trad|uk|нафтален}}
* {{trad|ur|نفتھلین}}
* {{trad|vi|naphtalen}}
{{tradfim}}
=={{etimologia|pt}}==
{{llietimo|fr|naphtaline|pt}}
=={{pronúncia|pt}}==
===Portugal===
* AFI: {{AFI|/nɐ.ftɐ.ˈli.nɐ/}}
==Ligações externas==
* {{Michaelis}}
* {{DicioAberto}}
* {{DPLP}}
* {{Infopédia}}
* {{PLP}}
* {{VOLPABL}}
[[Categoria:Substantivo (Português)]]
={{-es-}}=
==Substantivo==
'''naftalina''', {{gramática|f}}
# {{escopo|es|Química}} [[naftalina#Português|naftalina]]
[[Categoria:Substantivo (Espanhol)]]
={{-pl-}}=
==Substantivo==
{{paroxítona|naf|ta|li|na|lang=pl}}, {{gramática|f}}
# {{escopo|pl|Química}} [[naftalina#Português|naftalina]]
[[Categoria:Substantivo (Polonês)]]</text>
<sha1>5gswcpvea7wgnkjmj7dnl9oyu1m095p</sha1>
</revision>
