<page>
<page>
<title>nafuu</title>
<ns>0</ns>
<id>317961</id>
<revision>
<id>2379754</id>
<parentid>1781403</parentid>
<timestamp>2017-05-05T16:25:41Z</timestamp>
<contributor>
<username>HydrizBot</username>
<id>29590</id>
</contributor>
<minor />
<comment>Robô: A limpar links interwikis antigos</comment>
<model>wikitext</model>
<format>text/x-wiki</format>
<text bytes="158" xml:space="preserve">={{-sw-}}=
==Substantivo==
'''nafuu'''
# [[lucro]] (benefício, vantagem)
{{página-automática|setembro|2013|lucro|sw}}
[[Categoria:Substantivo (Suaíli)]]</text>
<sha1>qae2rk3owkzy98edi5z74qguf3zf2lb</sha1>
</revision>
