<page>
<title>nagalheira</title>
<ns>0</ns>
<id>431607</id>
<revision>
<id>2625930</id>
<timestamp>2021-03-07T14:05:47Z</timestamp>
<contributor>
<username>Cpls</username>
<id>20608</id>
</contributor>
<comment>[[Ajuda:Guia de edição/Menus e ferramentas/Sumário de edição|→]] nova página: ={{-pt-}}= ==Substantivo== {{flex.pt|fs=nagalheira|fp=nagalheiras}} {{paroxítona|na|ga|lhei|ra}}, {{g|f}} #...</comment>
<model>wikitext</model>
<format>text/x-wiki</format>
<text bytes="385" xml:space="preserve">={{-pt-}}=
==Substantivo==
{{flex.pt|fs=nagalheira|fp=nagalheiras}}
{{paroxítona|na|ga|lhei|ra}}, {{g|f}}
# {{escopo|pt|Trás-os-Montes}} aquela [[palha]] comprida ceifada que serve para ir atando os [[molho]]s
===Sinónimos===
* [[granheira]], [[vencelheira]]
=={{etimologia|pt}}==
: {{escopo|Morfologia}} De ''[[nagalho]]'' + ''[[-eira]]''.
[[Categoria:Substantivo (Português)]]</text>
<sha1>pzf66wdygf8iab1b82a3u2glotodd3a</sha1>
</revision>
</page>
