<page>
<page>
<title>Nagasáqui</title>
<ns>0</ns>
<id>368096</id>
<revision>
<id>2622092</id>
<parentid>2275062</parentid>
<timestamp>2021-02-02T02:11:18Z</timestamp>
<contributor>
<username>Tribuno da Plebe</username>
<id>16095</id>
</contributor>
<comment>/* {{-pt-}} */</comment>
<model>wikitext</model>
<format>text/x-wiki</format>
<text bytes="153" xml:space="preserve">={{-pt-}}=
==Substantivo==
{{paroxítona|Na|ga|sá|qui}}, {{gramática|pr}}
# grafia alternativa de [[Nagasaki]]
[[Categoria:Substantivo (Português)]]</text>
<sha1>1eig5q17ulij1xluobrmf25y90nrl44</sha1>
</revision>
