<page>
<page>
<title>nagalho</title>
<ns>0</ns>
<id>431608</id>
<revision>
<id>2625939</id>
<parentid>2625933</parentid>
<timestamp>2021-03-07T14:33:13Z</timestamp>
<contributor>
<username>Cpls</username>
<id>20608</id>
</contributor>
<model>wikitext</model>
<format>text/x-wiki</format>
<text bytes="710" xml:space="preserve">={{-pt-}}=
==Substantivo==
{{flex.pt|ms=nagalho|mp=nagalhos}}
{{paroxítona|na|ga|lho}}, {{g|m}}
# {{escopo|pt|Trás-os-Montes}} [[negalho]], baraço, codel, atilho
# {{escopo|pt|Trás-os-Montes}} [[novelo]] de fios de costura 
# {{escopo|pt|Trás-os-Montes}} [[gravata]], lenço usado ao pescoço
# {{escopo|pt|Trás-os-Montes}} atado de [[cacho]]s de uva ou frutas
# {{escopo|pt|Trás-os-Montes}} [[pénis]] [[curto]]
==={{-varort-}}===
* De '''1''' e '''2''': [[negalho]]
===Verbete derivado===
* [[nagalheira]]
=={{etimologia|pt}}==
: De uma forma hipotética latina ''*ligaculum'' de {{etimo|la|ligare}}. Confronte-se com o gaélico antigo {{etimo|sga|nascaid}}.
[[Categoria:Substantivo (Português)]]</text>
<sha1>eouwudb1koek4g2v3to3gi3hkkv78lv</sha1>
</revision>
