<page>
<title>nagai</title>
<ns>0</ns>
<id>140291</id>
<revision>
<id>2379756</id>
<parentid>2219723</parentid>
<timestamp>2017-05-05T16:25:43Z</timestamp>
<contributor>
<username>HydrizBot</username>
<id>29590</id>
</contributor>
<minor />
<comment>Robô: A limpar links interwikis antigos</comment>
<model>wikitext</model>
<format>text/x-wiki</format>
<text bytes="111" xml:space="preserve">={{-ja-}}=
==Transliteração==
# transliteração de [[ながい]]
[[Categoria:Transliteração (Japonês)]]</text>
<sha1>f50490ddrktd2m656rtm4wskik7oe9v</sha1>
</revision>
</page>
