<page>
<page>
<title>nagelj</title>
<ns>0</ns>
<id>256569</id>
<revision>
<id>2379760</id>
<parentid>1265196</parentid>
<timestamp>2017-05-05T16:25:54Z</timestamp>
<contributor>
<username>HydrizBot</username>
<id>29590</id>
</contributor>
<minor />
<comment>Robô: A limpar links interwikis antigos</comment>
<model>wikitext</model>
<format>text/x-wiki</format>
<text bytes="146" xml:space="preserve">={{-sl-}}=
==Substantivo==
'''nagelj'''
# [[cravo]] (planta)
{{página-automática|dezembro|2010|cravo|sl}}
[[Categoria:Substantivo (Esloveno)]]</text>
<sha1>4hud1cq8eo45ls8aovrfz2quellc2yx</sha1>
</revision>
