<page>
<page>
<title>nager</title>
<ns>0</ns>
<id>255032</id>
<revision>
<id>2426097</id>
<parentid>2379762</parentid>
<timestamp>2017-07-07T16:12:45Z</timestamp>
<contributor>
<username>ValJor</username>
<id>1358</id>
</contributor>
<comment>Expandindo verbete que havia sido criado bem incompleto e aparecia na lista de verbetes mínimos</comment>
<model>wikitext</model>
<format>text/x-wiki</format>
<text bytes="313" xml:space="preserve">={{-fr-}}=
==Verbo==
'''nager'''
# [[nadar]]
=={{etimologia|fr}}==
: Do francês antigo ''nagier'' e este do latim ''nāvigāre''.
=={{pronúncia|fr}}==
* [[AFI]]: \na.ʒe\
==Ver também==
===No Wikcionário===
* [[natation]]
==Anagramas==
# [[range]]
# [[rangé]]
# [[régna]]
[[Categoria:Verbo (Francês)]]</text>
<sha1>795yqz86k6qxm2cvfru4fxygjxav72r</sha1>
</revision>
