<page>
<page>
<title>Naggitto</title>
<ns>0</ns>
<id>235443</id>
<revision>
<id>2275064</id>
<parentid>2190257</parentid>
<timestamp>2017-04-26T22:26:39Z</timestamp>
<contributor>
<username>HydrizBot</username>
<id>29590</id>
</contributor>
<minor />
<comment>Robô: A limpar links interwikis antigos</comment>
<model>wikitext</model>
<format>text/x-wiki</format>
<text bytes="139" xml:space="preserve">={{-nap-}}=
==Substantivo==
'''Naggitto'''
# [[Egito]]
{{página-automática|Maio|2010|Egito|nap}}
[[Categoria:Substantivo (Napolitano)]]</text>
<sha1>m8d93h8n99dgi1aeojjl2fzf9t62iy5</sha1>
</revision>
