<page>
<title>nagi</title>
<ns>0</ns>
<id>55519</id>
<revision>
<id>2379763</id>
<parentid>2227109</parentid>
<timestamp>2017-05-05T16:26:16Z</timestamp>
<contributor>
<username>HydrizBot</username>
<id>29590</id>
</contributor>
<minor />
<comment>Robô: A limpar links interwikis antigos</comment>
<model>wikitext</model>
<format>text/x-wiki</format>
<text bytes="191" xml:space="preserve">={{-ja-}}=
==Transliteração==
# transliteração de [[なぎ]]
[[Categoria:Transliteração (Japonês)]]
={{-pl-}}=
==Adjetivo==
'''nagi'''
# [[pelado]]
[[Categoria:Adjetivo (Polonês)]]</text>
<sha1>n5p6gkw2kq5mek77liqccna63ruhb3e</sha1>
</revision>
</page>
