<page>
<page>
<title>naguela</title>
<ns>0</ns>
<id>347690</id>
<revision>
<id>2039719</id>
<timestamp>2015-11-22T10:15:28Z</timestamp>
<contributor>
<username>Cpls</username>
<id>20608</id>
</contributor>
<comment>[[Ajuda:Guia de edição/Menus e ferramentas/Sumário de edição|→]] nova página: ={{-gl-}}= ==Substantivo== {{flex.gl|fs=naguela|fp=naguelas}} {{paroxítona|na|gue|la|lang=gl}}, {{f}} # ha...</comment>
<model>wikitext</model>
<format>text/x-wiki</format>
<text bytes="332" xml:space="preserve">={{-gl-}}=
==Substantivo==
{{flex.gl|fs=naguela|fp=naguelas}}
{{paroxítona|na|gue|la|lang=gl}}, {{f}}
# [[habitação]] simples, [[cabana]]
===Sinónimos===
{{dividir em colunas|3}}
* [[cafua#Galego|cafua]]
* [[chouça#Galego|chouça]]
* [[paçotejo#Galego|paçotejo]]
{{dividir em colunas.fim}}
[[Categoria:Substantivo (Galego)]]</text>
<sha1>fk4gmt5caax3ypm7dp5ta6g28fsjclv</sha1>
</revision>
