<page>
<page>
<title>Nagóia</title>
<ns>0</ns>
<id>384399</id>
<revision>
<id>2453280</id>
<timestamp>2017-10-03T22:27:41Z</timestamp>
<contributor>
<username>Askekamo</username>
<id>60711</id>
</contributor>
<comment>[[Ajuda:Guia de edição/Menus e ferramentas/Sumário de edição|→]] nova página: {{Anterior ao Acordo de 1990|Nagoia}}  ={{-pt-}}= ==Substantivo== {{paroxítona|Na|gói|a}} # {{escopo2|Anter...</comment>
<model>wikitext</model>
<format>text/x-wiki</format>
<text bytes="180" xml:space="preserve">{{Anterior ao Acordo de 1990|Nagoia}}
={{-pt-}}=
==Substantivo==
{{paroxítona|Na|gói|a}}
# {{escopo2|Anterior ao AO 1990}} ver [[Nagoia]]
[[Categoria:Substantivo (Português)]]</text>
<sha1>b0q866tslevwjwrc91u7ho41ifnho0b</sha1>
</revision>
