<page>
<title>nahkohe</title>
<ns>0</ns>
<id>410397</id>
<redirect title="náhkohe" />
<revision>
<id>2545144</id>
<timestamp>2019-05-26T17:10:43Z</timestamp>
<contributor>
<username>Marrovi</username>
<id>27953</id>
</contributor>
<comment>Marrovi moveu [[nahkohe]] para [[náhkohe]]</comment>
<model>wikitext</model>
<format>text/x-wiki</format>
<text bytes="30" xml:space="preserve">#REDIRECIONAMENTO [[náhkohe]]</text>
<sha1>58s99fts6nrr9dhcoxnb1qkprljkwxr</sha1>
</revision>
</page>
