<page>
<page>
<title>nahk</title>
<ns>0</ns>
<id>229977</id>
<revision>
<id>2516451</id>
<parentid>2379768</parentid>
<timestamp>2018-08-24T20:17:27Z</timestamp>
<contributor>
<username>ValJor</username>
<id>1358</id>
</contributor>
<comment>Confirmando [[:Categoria:!Entrada criada por robô|verbete criado por robô]]</comment>
<model>wikitext</model>
<format>text/x-wiki</format>
<text bytes="146" xml:space="preserve">{{Wikipédia|lang=et}}
={{-et-}}=
==Substantivo==
'''nahk'''
# [[pele]]
[[Categoria:Substantivo (Estoniano)]]
[[Categoria:Anatomia (Estoniano)]]</text>
<sha1>hme5es927b9j6y5xsj48b7ndte8rck9</sha1>
</revision>
