<page>
<title>nahuatlahtolli</title>
<ns>0</ns>
<id>405947</id>
<revision>
<id>2627696</id>
<parentid>2624764</parentid>
<timestamp>2021-03-27T08:57:12Z</timestamp>
<contributor>
<username>ValJor</username>
<id>1358</id>
</contributor>
<comment>Em português, &quot;língua&quot; leva acento no &quot;i&quot;</comment>
<model>wikitext</model>
<format>text/x-wiki</format>
<text bytes="241" xml:space="preserve">={{-nci-}}=
==Substantivo==
'''na.hua.tlah.tol.li'''
# [[náuatle]], [[língua]] [[mexicano|mexicana]]
[[Categoria:Substantivo (Náuatle Clássico)]]
[[Categoria:Polissílabo (Náuatle Clássico)]]
[[Categoria:Língua (Náuatle Clássico)]]</text>
<sha1>h1zpzy3vzojcjgk37ckcsf4gyc7n5q6</sha1>
</revision>
</page>
