<page>
<title>Nahumu</title>
<ns>0</ns>
<id>427435</id>
<revision>
<id>2599366</id>
<timestamp>2020-10-23T22:45:15Z</timestamp>
<contributor>
<username>Leonardo José Raimundo</username>
<id>43489</id>
</contributor>
<comment>Eu estou criando o nome &quot;Nahumu&quot;.</comment>
<model>wikitext</model>
<format>text/x-wiki</format>
<text bytes="396" xml:space="preserve">={{-mi-}}=
==Substantivo==
{{paroxítona|Na|hu|mu|lang=mi}}
# {{escopo|mi|Cristianismo|religião}} [[Naum]]
==Ver também==
===No Wikcionário===
{{bíblia/mi}}
[[Categoria:Substantivo (Maori)]]
={{-sw-}}=
==Substantivo==
{{paroxítona|Na|hu|mu|lang=sw}}
# {{escopo|sw|Cristianismo|religião}} [[Naum]]
==Ver também==
===No Wikcionário===
{{bíblia/sw}}
[[Categoria:Substantivo (Suaíli)]]</text>
<sha1>fe46dqgjcyrkyma5ba1v2espbkqkvt7</sha1>
</revision>
</page>
