<page>
<title>Naidzeria</title>
<ns>0</ns>
<id>406625</id>
<revision>
<id>2535856</id>
<timestamp>2019-02-13T19:15:01Z</timestamp>
<contributor>
<username>Leonardo José Raimundo</username>
<id>43489</id>
</contributor>
<comment>Eu estou criando o nome &quot;Naidzeria&quot;.</comment>
<model>wikitext</model>
<format>text/x-wiki</format>
<text bytes="341" xml:space="preserve">[[Ficheiro:Flag of Nigeria.svg|thumb|Bandeira da Nigéria]]
[[Ficheiro:LocationNigeria.svg|thumb|Localização da Nigéria]]
={{-ee-}}=
==Substantivo==
{{paroxítona|Nai|dze|ria|lang=ee}}
# {{escopo|ee|Geografia}} [[Nigéria]]
==Ver também==
===No Wikcionário===
{{África/ee}}
[[Categoria:Substantivo (Jeje)]]
[[Categoria:País (Jeje)]]</text>
<sha1>r92xjbc7jhiqbltxigzc5nfd0pxmthk</sha1>
</revision>
</page>
