<page>
<title>naide</title>
<ns>0</ns>
<id>167231</id>
<revision>
<id>2528627</id>
<parentid>2528625</parentid>
<timestamp>2018-12-13T22:49:07Z</timestamp>
<contributor>
<username>Cpls</username>
<id>20608</id>
</contributor>
<comment>/* {{etimologia|gl}} */</comment>
<model>wikitext</model>
<format>text/x-wiki</format>
<text bytes="1538" xml:space="preserve">{{ver também|-naide}}
={{-ast-}}=
==Adjetivo==
{{flex.ast|s=naide|p=naides}}
{{paroxítona|nai|de|língua=ast}}, ''comum aos três géneros''
# [[miserável]]
==Pronome==
{{paroxítona|nai|de|língua=ast}}, {{g|indef|inv|lang=ast}}
# [[ninguém]]
==={{-varort-}}===
* [[nadie#{{ast}}|nadie]], [[naidi#{{ast}}|naidi]], [[naidie#{{ast}}|naidie]], [[ñadie#{{ast}}|ñadie]], [[ñaide#{{ast}}|ñaide]], [[ñaidi#{{ast}}|ñaidi]]
[[Categoria:Adjetivo (Asturiano)]]
[[Categoria:Pronome (Asturiano)]]
={{-gl-}}=
==Adjetivo==
{{flex.gl|s=naide|p=naides}}
{{paroxítona|nai|de|língua=gl}}, {{g|c2g|lang=gl}}
# [[mequetrefe]], que não tem significação social, [[zé-ninguém]]
==Pronome==
{{paroxítona|nai|de|língua=ast}}, {{g|indef|inv|lang=gl}}
# [[ninguém]]
==={{-varort-}}===
* [[nádia#{{gl}}|nádia]], [[náidia#{{gl}}|náidia]], [[náidie#{{gl}}|náidie]]
===Sinónimo===
* [[ninguém#{{gl}}|ninguém]]
=={{etimologia|gl}}==
: Procedente da expressão latina {{etimo|la|homines}} {{etimo|la|nati}} {{etimo|la|non}} seguida de um verbo, por exemplo {{etimo|la|fecerunt}}, literalmente &quot;os homens nascidos não (fizeram)&quot; na ideia de &quot;ninguém (fez)&quot;. Confronte-se com o significado medieval de {{etimo|roa-gpm|home}} ou {{etimo|roa-gpm|ome}} &quot;alguém, ninguém, quem, um, qualquer&quot;, procedente da antedita expressão latina.
[[Categoria:Adjetivo (Galego)]]
[[Categoria:Pronome (Galego)]]
={{-mwl-}}=
==Pronome==
{{paroxítona|nai|de|língua=mwl}}, {{g|indef|inv|lang=mwl}}
# [[ninguém]]
[[Categoria:Pronome (Mirandês)]]</text>
<sha1>n9veem0tffttpqbgl5xwn6k4e9xtoxn</sha1>
</revision>
</page>
