<page>
<page>
<title>naifa</title>
<ns>0</ns>
<id>344905</id>
<revision>
<id>2453159</id>
<parentid>2453158</parentid>
<timestamp>2017-10-03T02:17:24Z</timestamp>
<contributor>
<username>Askekamo</username>
<id>60711</id>
</contributor>
<model>wikitext</model>
<format>text/x-wiki</format>
<text bytes="599" xml:space="preserve">={{-pt-}}=
==Substantivo==
{{flex.pt|fs=naifa|fp=naifas}}
{{paroxítona|nai|fa}}, {{gramática|f}}
# {{escopo|pt|Gíria}} [[faca]]
===Tradução===
{{tradini|De 1}}
* {{trad|ja|naifu}}
{{tradmeio}}
{{tradfim}}
===Verbetes derivados===
* [[naifada]]
=={{etimologia|pt}}==
: Do inglês {{etimo|en|knife}}.
==Ligações externas==
* [http://www.academia.org.br/nossa-lingua/busca-no-vocabulario Naifa, verbete consignado no Vocabulário Ortográfico da Língua Portuguesa da Academia Brasileira de Letras]
[[Categoria:Substantivo (Português)]]
[[Categoria:Entrada de étimo inglês (Português)]]</text>
<sha1>1g382ftjpm4y6bc0nka23u32u8mxi7h</sha1>
</revision>
