<page>
<title>naife</title>
<ns>0</ns>
<id>78462</id>
<revision>
<id>2379773</id>
<parentid>1373701</parentid>
<timestamp>2017-05-05T16:27:10Z</timestamp>
<contributor>
<username>HydrizBot</username>
<id>29590</id>
</contributor>
<minor />
<comment>Robô: A limpar links interwikis antigos</comment>
<model>wikitext</model>
<format>text/x-wiki</format>
<text bytes="128" xml:space="preserve">={{-lnf-}}=
==Substantivo==
'''nai.fe''' ''masculino''
:# [[faca]]
:# [[arma]] [[branca]]
[[Categoria:Substantivo (Lunfardo)]]</text>
<sha1>9muilvszq1q96l4v6ldg81f87oailcj</sha1>
</revision>
</page>
