<page>
<page>
<title>naigher</title>
<ns>0</ns>
<id>121808</id>
<revision>
<id>2379774</id>
<parentid>2212660</parentid>
<timestamp>2017-05-05T16:27:12Z</timestamp>
<contributor>
<username>HydrizBot</username>
<id>29590</id>
</contributor>
<minor />
<comment>Robô: A limpar links interwikis antigos</comment>
<model>wikitext</model>
<format>text/x-wiki</format>
<text bytes="623" xml:space="preserve">[[Ficheiro:Solid black.svg|thumb|125px|'''Naigher''']]
={{-eml-}}=
==Adjetivo==
'''nai.gher'''
# {{escopo2|bolonhês}} [[preto]], [[negro]]
===Expressões===
* '''{{link opcional|Månt naigher}}''': {{escopo2|geografia}} [[Montenegro]]
==={{-varort-}}===
* {{escopo2|modenense}} {{link opcional|negher|eml}}
==Ver também==
===No Wikcionário===
{{verTambém.Ini}}
* {{link opcional|culåur}}
{{verTambém.Fim}}
[[Categoria:Bolonhês]]
[[Categoria:Adjetivo (Emiliano-romanholo)]]
[[Categoria:Dissílabo (Emiliano-romanholo)]]
[[Categoria:Cor (Emiliano-romanholo)]]
[[Categoria:Entrada com imagem (Emiliano-romanholo)]]</text>
<sha1>j3e8omrwwxin7x1w830bf3lr8mmwg0m</sha1>
</revision>
