<page>
<page>
<title>Naigera</title>
<ns>0</ns>
<id>136075</id>
<revision>
<id>2662880</id>
<parentid>1640116</parentid>
<timestamp>2022-03-04T04:33:39Z</timestamp>
<contributor>
<username>ValJor</username>
<id>1358</id>
</contributor>
<comment>Acrescentando código de língua à [[:Categoria:!Página com mensagem de erro em predefinição|predefinição escopo]]</comment>
<model>wikitext</model>
<format>text/x-wiki</format>
<text bytes="409" xml:space="preserve">[[Imagem:Flag of Niger.svg|thumb|right|250px|{{centro|Bandeira do Níger}}]]
[[Imagem:Niger (orthographic projection).svg|thumb|right|250px|{{centro|Localização do Níger}}]]
={{-haw-}}=
==Substantivo==
'''Naigera''', {{gramática|pr}}
# {{escopo|haw|País}} [[Níger]]
==Ver também==
===No Wikcionário===
{{África/haw}}
[[Categoria:Substantivo (Havaiano)]]
[[Categoria:Entrada com imagem (Havaiano)]]</text>
<sha1>tj3omuhv7dmvznpeg8wombnqgzoliys</sha1>
</revision>
