<page>
<title>Nailse</title>
<ns>0</ns>
<id>367231</id>
<revision>
<id>2556499</id>
<parentid>2455311</parentid>
<timestamp>2019-10-09T12:08:42Z</timestamp>
<contributor>
<username>MIL973</username>
<id>41339</id>
</contributor>
<model>wikitext</model>
<format>text/x-wiki</format>
<text bytes="416" xml:space="preserve">={{-pt-}}=
==Substantivo==
{{flex.pt|fs=Nailse|fp=Nailses}}
{{paroxítona|Na|il|se}}, {{gramática|pr|f}}
# {{escopo|pt|Antropônimo}} [[Apêndice:Prenomes em português|prenome]] feminino
==={{-varort-}}===
* [[Nilza]]
==Ver também==
===No Wikcionário===
====Antropônimos====
{{colunas|2}}
* [[Nilza]]
* [[Nilzo]]
{{colunas/fim}}
==Anagramas==
# [[Alines]]
# [[inales]]
[[Categoria:Substantivo (Português)]]</text>
<sha1>0clant3goami8ecja21018y176wv915</sha1>
</revision>
</page>
