<page>
<page>
<title>nail</title>
<ns>0</ns>
<id>139041</id>
<revision>
<id>2379775</id>
<parentid>2066536</parentid>
<timestamp>2017-05-05T16:27:26Z</timestamp>
<contributor>
<username>HydrizBot</username>
<id>29590</id>
</contributor>
<minor />
<comment>Robô: A limpar links interwikis antigos</comment>
<model>wikitext</model>
<format>text/x-wiki</format>
<text bytes="326" xml:space="preserve">{{Wikipédia|lang=en}}
={{-en-}}=
==Substantivo==
'''nail'''
# [[prego]]
# [[unha]]
===Expressões===
* '''[[nail polish]]''': esmalte para unha
==Verbo==
'''nail'''
# [[pregar]] (com pregos)
===Conjugação===
{{conj.en|nail|nails|nailed|nailed|nailing}}
[[Categoria:Substantivo (Inglês)]]
[[Categoria:Verbo (Inglês)]]</text>
<sha1>6465yy4vcz7c36q7kmxarmab0tdjlb6</sha1>
</revision>
