<page>
<title>Naimibia</title>
<ns>0</ns>
<id>134730</id>
<revision>
<id>2662872</id>
<parentid>2275071</parentid>
<timestamp>2022-03-04T03:50:51Z</timestamp>
<contributor>
<username>ValJor</username>
<id>1358</id>
</contributor>
<comment>Acrescentando código de língua à [[:Categoria:!Página com mensagem de erro em predefinição|predefinição escopo]]</comment>
<model>wikitext</model>
<format>text/x-wiki</format>
<text bytes="486" xml:space="preserve">{{Wikipédia|lang=gd}}
[[Imagem:Flag of Namibia.svg|thumb|250px|{{centro|Bandeira da Namíbia}}]]
[[Imagem:Namibia (orthographic projection).svg|thumb|250px|{{centro|Localização da Namíbia}}]]
={{-gd-}}=
==Substantivo==
'''Naimibia''', {{gramática|pr}}
# {{escopo|gd|País}} [[Namíbia]]
===Sinônimo===
* [[Poblachd Namibia]]
==Ver também==
===No Wikcionário===
{{África/gd}}
[[Categoria:Substantivo (Gaélico Escocês)]]
[[Categoria:Entrada com imagem (Gaélico Escocês)]]</text>
<sha1>i7t0fa17tgj2lslpqz622byciwaae35</sha1>
</revision>
</page>
