<page>
<page>
<title>nain</title>
<ns>0</ns>
<id>390429</id>
<revision>
<id>2645451</id>
<parentid>2645450</parentid>
<timestamp>2021-08-15T11:43:20Z</timestamp>
<contributor>
<username>Cpls</username>
<id>20608</id>
</contributor>
<comment>/* {{etimologia|cy}} */</comment>
<model>wikitext</model>
<format>text/x-wiki</format>
<text bytes="399" xml:space="preserve">={{-cy-}}=
==Substantivo==
'''nain'''
# [[avó]]
=={{etimologia|cy}}==
: De uma hipotética forma britônica ''*nanī'', aparentada com o grego antigo {{etimo|grc|νάννα}} (nánna), &quot;tia&quot; ou com o sânscrito {{etimo|sa|नना}} (nana) &quot;mãe&quot;. Confronte-se com [[nai]] e com o gaélico antigo {{etimo|sga|ben}} &quot;mulher&quot; na sua forma de acusativo ''mnaí''.
[[Categoria:Substantivo (Galês)]]</text>
<sha1>2r3iscb7d6kmtdeqzcwwxe593gxlvm4</sha1>
</revision>
