<page>
<page>
<title>naipeiro</title>
<ns>0</ns>
<id>360255</id>
<revision>
<id>2143808</id>
<parentid>2143807</parentid>
<timestamp>2016-06-14T20:10:39Z</timestamp>
<contributor>
<username>Cpls</username>
<id>20608</id>
</contributor>
<comment>/* {{etimologia|pt}} */</comment>
<model>wikitext</model>
<format>text/x-wiki</format>
<text bytes="778" xml:space="preserve">={{-pt-}}=
==Adjetivo==
{{flex.pt|ms=naipeiro|mp=naipeiros|fs=naipeira|fp=naipeira}}
{{paroxítona|nai|pei|ro}}
# que tem a ver com os [[naipe]]s, dos naipes
=={{etimologia|pt}}==
: {{escopo|Morfologia}} De [[naipe]] + [[-eiro]].
[[Categoria:Adjetivo (Português)]]
={{-gl-}}=
==Adjetivo==
{{flex.gl|ms=naipeiro|mp=naipeiros|fs=naipeira|fp=naipeira}}
{{paroxítona|nai|pei|ro|lang=gl}}
# [[naipeiro#Português|naipeiro]]
==Substantivo==
{{flex.gl|ms=naipeiro|mp=naipeiros|fs=naipeira|fp=naipeira}}
{{paroxítona|nai|pei|ro|lang=gl}}
# pessoa que utiliza as [[carta]]s da [[baralha]] para entender as [[sincronicidade]]s, ou adivinhar
=={{etimologia|gl}}==
: {{escopo|Morfologia}} De [[naipe]] + [[-eiro]].
[[Categoria:Adjetivo (Galego)]]
[[Categoria:Substantivo (Galego)]]</text>
<sha1>h7vgfb6te7z1bsgjr2k7b13cjt3u383</sha1>
</revision>
