<page>
<title>naipe</title>
<ns>0</ns>
<id>83749</id>
<revision>
<id>2662868</id>
<parentid>2379778</parentid>
<timestamp>2022-03-04T03:38:55Z</timestamp>
<contributor>
<username>ValJor</username>
<id>1358</id>
</contributor>
<comment>Acrescentando código de língua à [[:Categoria:!Página com mensagem de erro em predefinição|predefinição escopo]]</comment>
<model>wikitext</model>
<format>text/x-wiki</format>
<text bytes="1468" xml:space="preserve">={{-pt-}}=
==Substantivo==
{{flex.pt|ms=naipe|mp=naipes}}
{{paroxítona|nai|pe}}, {{gramática|m}}
# {{escopo2|Baralho}} cada um dos [[quatro]] [[símbolo]]s com que se distinguem os quatro [[grupo]]s das cartas de [[jogar]]: [[ouros]] e [[copas]], [[paus]] e [[espadas]]
# {{escopo2|Dominó}} cada um dos números com que se distinguem os sete grupos das pedras de [[dominó]] duplo-seis: [[branco]], [[ás]] (ou [[pio]]), [[duque]], [[terno]], [[quadra]], [[quina]] e [[sena]]
# {{escopo|pt|Brasil|popular}} [[aparência]] ou [[jeito]] [[característico]] de um [[indivíduo]] (em geral, com conotação depreciativa)
# {{escopo|pt|Música}} [[grupo]] de [[instrumento|instrumentos]] musicais idênticos ou que pertencem a uma mesma classificação ou família (cordas, sopro, metal, etc.) que soam juntos formando uma massa sonora e (ou) posicionados numa orquestra geralmente também em grupo
===Tradução===
{{tradini|De 1 (grupo de cartas num baralho)}}
* {{t|de|Farbe|f}}
* {{t|es|naipe|m}}
* {{t|fr|couleur|f}}
* {{trad|en|suit}}
{{tradmeio}}
* {{t|is|litur|m}}
* {{trad|pl|kolor}}
* {{t|sv|färg|c}}
{{tradfim}}
=={{etimologia|pt}}==
{{llietimo|ar|نائب|pt}}
==Ver também==
===No Wikcionário===
{{verTambém.Ini}}
* [[bucha]]
{{verTambém.NovaColuna}}
* [[carroça]]
{{verTambém.NovaColuna}}
* [[naipeiro]]
{{verTambém.Fim}}
====Wikisaurus====
* [[Wikisaurus:música|música]]
[[Categoria:Substantivo (Português)]]
[[Categoria:Jogo (Português)]]</text>
<sha1>j4yfiv2oddnmd9l4yj7yj33zdmgiuyw</sha1>
</revision>
</page>
