<page>
<title>naipelo</title>
<ns>0</ns>
<id>348793</id>
<revision>
<id>2048492</id>
<timestamp>2015-12-16T19:23:21Z</timestamp>
<contributor>
<username>Cpls</username>
<id>20608</id>
</contributor>
<comment>[[Ajuda:Guia de edição/Menus e ferramentas/Sumário de edição|→]] nova página: ={{-gl-}}= ==Adjetivo== {{flex.gl|ms=naipelo|mp=naipelos|fs=naipela|fp=naipelas}} {{paroxítona|nai|pe|lo|lan...</comment>
<model>wikitext</model>
<format>text/x-wiki</format>
<text bytes="631" xml:space="preserve">={{-gl-}}=
==Adjetivo==
{{flex.gl|ms=naipelo|mp=naipelos|fs=naipela|fp=naipelas}}
{{paroxítona|nai|pe|lo|lang=gl}}
# que mama, que é [[aleitar|aleitado]], a falar dos bebés, [[lactante]]
==Substantivo==
{{flex.gl|ms=naipelo|mp=naipelos|fs=naipela|fp=naipelas}}
{{paroxítona|nai|pe|lo|lang=gl}}
# [[criança]] que ainda mama
# a [[criança]] que costuma estar irritada, que chora e está descontenta por querer [[mamar]] ou por moléstias
===Variante===
* [[naipelho#Galego|naipelho]]
=={{etimologia|gl}}==
: Confronte-se com [[nai]], e com [[apelar|apelo]].
[[Categoria:Adjetivo (Galego)]]
[[Categoria:Substantivo (Galego)]]</text>
<sha1>f1zsgacmbjdui76vmrpv92gxx8knyxa</sha1>
</revision>
</page>
