<page>
<title>naipelho</title>
<ns>0</ns>
<id>348794</id>
<revision>
<id>2048493</id>
<timestamp>2015-12-16T19:23:29Z</timestamp>
<contributor>
<username>Cpls</username>
<id>20608</id>
</contributor>
<comment>[[Ajuda:Guia de edição/Menus e ferramentas/Sumário de edição|→]] nova página: ={{-gl-}}= ==Substantivo== {{flex.gl|ms=naipelho|mp=naipelhos|fs=naipelha|fp=naipelhas}} {{paroxítona|nai|pe...</comment>
<model>wikitext</model>
<format>text/x-wiki</format>
<text bytes="368" xml:space="preserve">={{-gl-}}=
==Substantivo==
{{flex.gl|ms=naipelho|mp=naipelhos|fs=naipelha|fp=naipelhas}}
{{paroxítona|nai|pe|lho|lang=gl}}
# a [[criança]] que costuma estar irritada, que chora e está descontenta por querer [[mamar]] ou por moléstias
===Variante===
* [[naipelo#Galego|naipelo]]
=={{etimologia|gl}}==
: Confronte-se com [[nai]].
[[Categoria:Substantivo (Galego)]]</text>
<sha1>fwuefpwevpry029y2quhyqlv5t7xgfg</sha1>
</revision>
</page>
