<page>
<title>naipeira</title>
<ns>0</ns>
<id>425471</id>
<revision>
<id>2593714</id>
<timestamp>2020-08-06T10:34:22Z</timestamp>
<contributor>
<username>Cpls</username>
<id>20608</id>
</contributor>
<comment>[[Ajuda:Guia de edição/Menus e ferramentas/Sumário de edição|→]] nova página: ={{-gl-}}= ==Substantivo== {{flex.gl|ms=naipeiro|mp=naipeiros|fs=naipeira|fp=naipeira}} {{paroxítona|nai|pei...</comment>
<model>wikitext</model>
<format>text/x-wiki</format>
<text bytes="471" xml:space="preserve">={{-gl-}}=
==Substantivo==
{{flex.gl|ms=naipeiro|mp=naipeiros|fs=naipeira|fp=naipeira}}
{{paroxítona|nai|pei|ra|lang=gl}}
# [[cartomante]], pessoa que utiliza as [[carta]]s da [[baralha]] para entender as [[sincronicidade]]s, ou adivinhar
===Sinónimos===
* [[adivinha#{{gl}}|adivinha]], [[cartafulheira#{{gl}}|cartafulheira]]
=={{etimologia|gl}}==
: {{escopo|Morfologia}} De ''[[naipe#{{gl}}|naipe]]'' + ''[[-eira#{{gl}}|-eira]]''.
[[Categoria:Substantivo (Galego)]]</text>
<sha1>im77vl4c6pfgs9q9qkr7uvpar4j2u0t</sha1>
</revision>
</page>
