<page>
<title>Nairóbi</title>
<ns>0</ns>
<id>124407</id>
<revision>
<id>2662864</id>
<parentid>2275072</parentid>
<timestamp>2022-03-04T03:19:50Z</timestamp>
<contributor>
<username>ValJor</username>
<id>1358</id>
</contributor>
<comment>Acrescentando código de língua à [[:Categoria:!Página com mensagem de erro em predefinição|predefinição escopo]]</comment>
<model>wikitext</model>
<format>text/x-wiki</format>
<text bytes="5011" xml:space="preserve">{{Wikipédia|lang=pt}}
={{-pt-}}=
==Substantivo==
{{paroxítona|Nai|ró|bi}}, {{gramática|pr}}
# {{escopo|pt|Geografia}} [[capital]] e maior [[cidade]] de {{PEPB|[[Quénia]]|[[Quênia]]|inline=1}}
===Tradução===
{{tradini}}
* {{trad|ady|Найроби}}
* {{trad|af|Nairobi}}
* {{trad|sq|Nairobi}}
* {{trad|als|Nairobi}}
* {{trad|de|Nairobi}}
* {{trad|am|ናይሮቢ}}
* {{trad|ar|نيروبي}}
* {{trad|arz|نايروبى}}
* {{trad|ary|نايروبي}}
* {{trad|an|Nairobi}}
* {{trad|hy|Նայրոբի}}
* {{trad|ast|Nairobi}}
* {{trad|az|Nayrobi}}
* {{trad|azb|نایروبی}}
* {{trad|nds|Nairobi}}
* {{trad|nds-nl|Nairobi}}
* {{trad|bm|Nairobi}}
* {{trad|eu|Nairobi}}
* {{trad|ba|Найроби}}
* {{trad|bn|নাইরোবি}}
* {{trad|bcl|Nairobi}}
* {{trad|be|Найробі}}
* {{trad|my|နိုင်ရိုဘီမြို့}}
* {{trad|bs|Nairobi}}
* {{trad|br|Nairobi}}
* {{trad|bg|Найроби}}
* {{trad|bxr|Найроби}}
* {{trad|kab|Nairobi}}
* {{trad|kn|ನೈರೋಬಿ}}
* {{trad|yue|賴羅比}}
* {{trad|kaa|Nayrobi}}
* {{trad|ca|Nairobi}}
* {{trad|kk|Найроби}}
* {{trad|ceb|Nairobi}}
* {{trad|ce|Найроби}}
* {{trad|cs|Nairobi}}
* {{trad|zh|奈洛比}}
* {{trad|sn|Nairobi}}
* {{trad|ko|나이로비}}
* {{trad|kw|Nairobi}}
* {{trad|jam|Nairobi}}
* {{trad|hr|Nairobi}}
* {{trad|ku|Nairobî}}
* {{trad|diq|Nairobi}}
* {{trad|da|Nairobi}}
* {{trad|dty|नैरोबी}}
* {{trad|myv|Найроби ош}}
* {{trad|sco|Nairobi}}
* {{trad|sk|Nairobi}}
* {{trad|sl|Nairobi}}
* {{trad|es|Nairobi}}
* {{trad|eo|Najrobio}}
* {{trad|et|Nairobi}}
* {{trad|fo|Nairobi}}
* {{trad|fi|Nairobi}}
* {{trad|fr|Nairobi}}
* {{trad|fy|Nairobi}}
* {{trad|frr|Nairobi}}
* {{trad|gd|Nairobi}}
* {{trad|gl|Nairobi}}
* {{trad|cy|Nairobi}}
* {{trad|ka|ნაირობი}}
* {{trad|el|Ναϊρόμπι}}
* {{trad|gn|Nairóvi}}
* {{trad|ht|Nayrobi}}
* {{trad|hak|Nairobi}}
* {{trad|ha|Nairobi}}
* {{trad|he|ניירובי}}
* {{trad|hi|नायरोबी}}
* {{trad|hif|Nairobi}}
* {{trad|nl|Nairobi}}
* {{trad|hu|Nairobi}}
* {{trad|sah|Найроби}}
* {{trad|io|Nairobi}}
* {{trad|yi|נייראבי}}
* {{trad|ilo|Nairobi}}
* {{trad|id|Nairobi}}
* {{trad|en|Nairobi}}
* {{trad|inh|Найроби}}
* {{trad|ia|Nairobi}}
* {{trad|ie|Nairobi}}
* {{trad|yo|Nairobi}}
* {{trad|ga|Nairobi}}
* {{trad|is|Naíróbí}}
* {{trad|it|Nairobi}}
* {{trad|ja|ナイロビ}}
* {{trad|jv|Nairobi}}
* {{trad|kbp|Nayiiroobii}}
* {{trad|kg|Nairobi}}
* {{trad|ki|Nairobi}}
{{tradmeio}}
* {{trad|avk|Nairobi}}
* {{trad|lld|Nairobi}}
* {{trad|la|Nairobia}}
* {{trad|lv|Nairobi}}
* {{trad|lez|Найроби}}
* {{trad|lij|Nairobi}}
* {{trad|li|Nairobi}}
* {{trad|ln|Nairobi}}
* {{trad|lfn|Nairobi}}
* {{trad|lt|Nairobis}}
* {{trad|olo|Nairobi}}
* {{trad|lmo|Nairobi}}
* {{trad|lb|Nairobi}}
* {{trad|mk|Најроби}}
* {{trad|ml|നയ്റോബി}}
* {{trad|ms|Nairobi}}
* {{trad|mg|Nairobi}}
* {{trad|mni|ꯅꯥꯏꯔꯣꯕꯤ}}
* {{trad|mi|Nairobi}}
* {{trad|mr|नैरोबी}}
* {{trad|mrj|Найроби}}
* {{trad|mhr|Найроби}}
* {{trad|cdo|Nairobi}}
* {{trad|nan|Nairobi}}
* {{trad|xmf|ნაირობი}}
* {{trad|mn|Найроби}}
* {{trad|nap|Nairobi}}
* {{trad|na|Nairobi}}
* {{trad|nv|Tó Sikʼaz}}
* {{trad|ne|नैरोबी}}
* {{trad|new|नैरोबी}}
* {{trad|no|Nairobi}}
* {{trad|nn|Nairobi}}
* {{trad|ny|Nairobi}}
* {{trad|oc|Nairòbi}}
* {{trad|os|Найроби}}
* {{trad|pap|Nairobi}}
* {{trad|ps|نایروبی}}
* {{trad|fa|نایروبی}}
* {{trad|pms|Nairòbi}}
* {{trad|pl|Nairobi}}
* {{trad|pa|ਨੈਰੋਬੀ}}
* {{trad|pnb|نیروبی}}
* {{trad|qu|Nairobi}}
* {{trad|ky|Найроби}}
* {{trad|ro|Nairobi}}
* {{trad|rw|Nairobi}}
* {{trad|rue|Найробі}}
* {{trad|ru|Найроби}}
* {{trad|smn|Nairobi}}
* {{trad|se|Nairobi}}
* {{trad|sgs|Nairobis}}
* {{trad|sat|ᱱᱟᱭᱨᱳᱵᱤ}}
* {{trad|sc|Nairobi}}
* {{trad|nso|Nairobi}}
* {{trad|sr|Најроби}}
* {{trad|sh|Nairobi}}
* {{trad|scn|Nairobi}}
* {{trad|szl|Nairobi}}
* {{trad|so|Nayroobi}}
* {{trad|hsb|Nairobi}}
* {{trad|ckb|نایرۆبی}}
* {{trad|sw|Nairobi}}
* {{trad|ss|Nairobi}}
* {{trad|sv|Nairobi}}
* {{trad|su|Nairobi}}
* {{trad|tg|Найробӣ}}
* {{trad|tl|Nairobi}}
* {{trad|th|ไนโรบี}}
* {{trad|ta|நைரோபி}}
* {{trad|roa-tara|Nairobi}}
* {{trad|tt|Найроби}}
* {{trad|te|నైరోబి}}
* {{trad|bo|ནའི་རོ་བི།}}
* {{trad|tr|Nairobi}}
* {{trad|tk|Naýrobi}}
* {{trad|uk|Найробі}}
* {{trad|ug|نايروبى}}
* {{trad|wo|Nairobi}}
* {{trad|ur|نیروبی}}
* {{trad|uz|Nayrobi}}
* {{trad|vec|Nairobi}}
* {{trad|vep|Nairobi}}
* {{trad|vi|Nairobi}}
* {{trad|vo|Nairobi}}
* {{trad|udm|Найроби}}
* {{trad|war|Nairobi}}
* {{trad|wuu|内罗毕}}
* {{trad|zu|Nairobi}}
{{tradfim}}
==Anagrama==
&lt;!-- índice para anagramas: pt: abiinor --&gt;
# [[binário]]
[[Categoria:Substantivo (Português)]]
[[Categoria:Topónimo (Português)]]
[[Categoria:Capital (Português)]]</text>
<sha1>dkxcngdnmy0l58lyzz69gh5vqskokxs</sha1>
</revision>
</page>
