<page>
<page>
<title>naiset</title>
<ns>0</ns>
<id>7646</id>
<revision>
<id>2379781</id>
<parentid>1319015</parentid>
<timestamp>2017-05-05T16:27:54Z</timestamp>
<contributor>
<username>HydrizBot</username>
<id>29590</id>
</contributor>
<minor />
<comment>Robô: A limpar links interwikis antigos</comment>
<model>wikitext</model>
<format>text/x-wiki</format>
<text bytes="287" xml:space="preserve">={{-fi-}}=
==Forma de substantivo==
'''nai.set'''
# plural de [[nainen]]
==Ver também==
===No Wikcionário===
{{verTambém.Ini}}
* [[poika]]
{{verTambém.NovaColuna}}
* [[tyttö]]
{{verTambém.NovaColuna}}
* [[vaimo]]
{{verTambém.Fim}}
[[Categoria:Forma de substantivo (Finlandês)]]</text>
<sha1>2m2c2z6z17w3n2st36blf1pyov0n46l</sha1>
</revision>
