<page>
<page>
<title>naito</title>
<ns>0</ns>
<id>237962</id>
<revision>
<id>2379782</id>
<parentid>2219727</parentid>
<timestamp>2017-05-05T16:27:56Z</timestamp>
<contributor>
<username>HydrizBot</username>
<id>29590</id>
</contributor>
<minor />
<comment>Robô: A limpar links interwikis antigos</comment>
<model>wikitext</model>
<format>text/x-wiki</format>
<text bytes="111" xml:space="preserve">={{-ja-}}=
==Transliteração==
# transliteração de [[ナイト]]
[[Categoria:Transliteração (Japonês)]]</text>
<sha1>3507rokrx9hnooci4a0mwm0htxd5wii</sha1>
</revision>
