<page>
<title>naite</title>
<ns>0</ns>
<id>391504</id>
<revision>
<id>2495236</id>
<parentid>2495235</parentid>
<timestamp>2018-04-09T21:10:17Z</timestamp>
<contributor>
<username>Askekamo</username>
<id>60711</id>
</contributor>
<model>wikitext</model>
<format>text/x-wiki</format>
<text bytes="847" xml:space="preserve">={{-pt-}}=
==Substantivo==
{{paroxítona|nai|te}}, {{gramática|f}}
# espaço de tempo em horário noturno tomado para entreter-se, divertir-se boemiamente
#: '''2017''', Rita Lee, ''Dropz'', Globo Livros, página: ''?''
#*: ''Eis-me aqui caidaça no meio da '''naite''', birinaite, cachaça, me levo pra casa depois de muito blá-blá-blá.''
#: '''2007''', Gustavo Leitão, Jefferson Lessa, ''Rio diferente: guia gay'', Aeroplano, página: ''?''
#*: ''curtir a '''naite''' em boates ou bares''
#: '''2010''', E.T. Seravat, ''Nossa Senhora Da Pedra Grande'', Clube de Autores, página: 200
#*: ''sentamos na mesa e estávamos prontas para '''naite'''!''
==Ver também==
===No Wikcionário===
{{verTambém.Ini}}
* [[balada]]
* [[luau]]
{{verTambém.NovaColuna}}
* [[noitada]]
* [[sarau]]
{{verTambém.Fim}}
[[Categoria:Substantivo (Português)]]</text>
<sha1>euwu6yqbgkcdauitd4idh4raloq0mim</sha1>
</revision>
</page>
