<page>
<title>naiv</title>
<ns>0</ns>
<id>32398</id>
<revision>
<id>2379784</id>
<parentid>2236893</parentid>
<timestamp>2017-05-05T16:28:01Z</timestamp>
<contributor>
<username>HydrizBot</username>
<id>29590</id>
</contributor>
<minor />
<comment>Robô: A limpar links interwikis antigos</comment>
<model>wikitext</model>
<format>text/x-wiki</format>
<text bytes="167" xml:space="preserve">={{-de-}}=
==Adjetivo==
{{decl.de.adj.grau|
normal=naiv
|comparativo=naiver
|superlativo=am naivsten
}}
'''na.iv'''
# [[ingênuo]].
[[Categoria:Adjetivo (Alemão)]]</text>
<sha1>c8cpbq54r58no7mkxuwa755hwvemy0d</sha1>
</revision>
</page>
