<page>
<page>
<title>naja</title>
<ns>0</ns>
<id>116562</id>
<revision>
<id>2512997</id>
<parentid>2379787</parentid>
<timestamp>2018-07-24T09:21:10Z</timestamp>
<contributor>
<username>ValJor</username>
<id>1358</id>
</contributor>
<comment>Verbete [[:Categoria:!Página com idioma não informado em Predefinição:etimologia|sem indicação do idioma na seção de etimologia]]</comment>
<model>wikitext</model>
<format>text/x-wiki</format>
<text bytes="2211" xml:space="preserve">{{Wikipédia}}
{{Wikipédia|lang=cs}}
{{Wikipédia|lang=es}}
{{Wikipédia|lang=fr}}
{{Wikipédia|lang=nl}}
{{Wikipédia|lang=en}}
{{Wikipédia|lang=it}}
[[Image:Indiancobra.jpg|thumb|200px|&lt;center&gt;Naja&lt;/center&gt;]]
={{-pt-}}=
==Substantivo==
{{flex.pt|fs=naja|fp=najas}}
{{paroxítona|na|ja}}
# {{escopo|pt|Zoologia}} grande [[réptil]] viperídeo da [[Ásia]] e [[África]] que expande lateralmente a pele do pescoço, quando excitado
===Sinônimos===
{{verTambém.Ini}}
* [[cobra-capelo]]
{{verTambém.NovaColuna}}
* [[cobra-de-capelo]]
{{verTambém.Fim}}
===Tradução===
{{tradini}}
* {{trad|cs|naja}}
* {{trad|es|naja}}
* {{trad|fi|kobrat}}
* {{trad|fr|naja}}
* {{trad|el|νάγια}}
{{tradmeio}}
* {{trad|nl|naja}}
* {{trad|en|naja}}
* {{trad|it|naja}}
* {{trad|lt|kobros}}
{{tradfim}}
=={{etimologia|pt}}==
{{llietimo|sa|नाग|pt|nāga}}
[[Categoria:Substantivo (Português)]]
[[Categoria:Réptil (Português)]]
={{-cs-}}=
==Substantivo==
'''naja'''
# {{escopo|cs|Zoologia}} [[naja#Português|naja]]
[[Categoria:Substantivo (Checo)]]
[[Categoria:Réptil (Checo)]]
={{-es-}}=
==Substantivo&lt;sup&gt;1&lt;/sup&gt;==
'''naja'''
# {{escopo|es|Zoologia}} [[naja#Português|naja]]
==Substantivo&lt;sup&gt;2&lt;/sup&gt;==
'''naja'''
# {{escopo|es|Gíria}} usada na expressão ''ir de naja'', ir embora, [[fugir]]
==={{etimologia|es}}===
: Da fala caló ''najar'', (ir embora). Confronte-se com [[nagar]].
[[Categoria:Substantivo (Espanhol)]]
[[Categoria:Réptil (Espanhol)]]
={{-fr-}}=
==Substantivo==
'''naja'''
# {{escopo|fr|Zoologia}} [[naja#Português|naja]]
==Homófono==
* [[nager|nagea]] (forma verbal de [[nager]])
=={{pronúncia|fr}}==
* AFI: /na.ʒa/
[[Categoria:Substantivo (Francês)]]
[[Categoria:Réptil (Francês)]]
={{-nl-}}=
==Substantivo==
'''naja'''
# {{escopo|nl|Zoologia}} [[naja#Português|naja]]
[[Categoria:Substantivo (Holandês)]]
[[Categoria:Réptil (Holandês)]]
={{-en-}}=
==Substantivo==
'''naja'''
# {{escopo|en|Zoologia}} [[naja#Português|naja]]
[[Categoria:Substantivo (Inglês)]]
[[Categoria:Réptil (Inglês)]]
={{-it-}}=
==Substantivo==
'''naja'''
# {{escopo|it|Zoologia}} [[naja#Português|naja]]
[[Categoria:Substantivo (Italiano)]]
[[Categoria:Réptil (Italiano)]]</text>
<sha1>68cm00ay0imwm4d1qrsgro4a6zbq2n7</sha1>
</revision>
