<page>
<page>
<title>najatala</title>
<ns>0</ns>
<id>367851</id>
<revision>
<id>2241150</id>
<parentid>2194814</parentid>
<timestamp>2017-02-19T00:07:12Z</timestamp>
<contributor>
<username>Emi-Ireland</username>
<id>45616</id>
</contributor>
<comment>/* {{pronúncia|wau}} */</comment>
<model>wikitext</model>
<format>text/x-wiki</format>
<text bytes="262" xml:space="preserve">={{-wau-}}=
==Forma de substantivo==
{{paroxítona|na|ja|ta|la|lang=wau}}
# primeira pessoa do singular possessivo do substantivo [[ajata]]
{{avi-for-fle|ajata}}
=={{pronúncia|wau}}==
* [[AFI]]: {{AFI|/na.ʐaˈta.la/}}
[[Categoria:Forma de substantivo (Wauja)]]</text>
<sha1>nmpa0jy24hzk94jeirpqlbsb47egciy</sha1>
</revision>
