<page>
<title>najataitsa</title>
<ns>0</ns>
<id>361219</id>
<revision>
<id>2241149</id>
<parentid>2154817</parentid>
<timestamp>2017-02-19T00:06:32Z</timestamp>
<contributor>
<username>Emi-Ireland</username>
<id>45616</id>
</contributor>
<comment>/* {{pronúncia|wau}} */</comment>
<model>wikitext</model>
<format>text/x-wiki</format>
<text bytes="269" xml:space="preserve">={{-wau-}}=
==Forma de substantivo==
{{paroxítona|na|ja|tai|tsa|lang=wau}}
# primeira pessoa do singular possessivo do substantivo [[ajatai]]
{{avi-for-fle|ajatai}}
=={{pronúncia|wau}}==
* [[AFI]]: {{AFI|/na.ʐaˈtaɪ.tsa/}}
[[Categoria:Forma de substantivo (Wauja)]]</text>
<sha1>dxz1gats0zlj8o57o8otwoq8z2mfbr9</sha1>
</revision>
</page>
