<page>
<title>najnimre</title>
<ns>0</ns>
<id>147358</id>
<revision>
<id>2662858</id>
<parentid>2379789</parentid>
<timestamp>2022-03-04T02:55:51Z</timestamp>
<contributor>
<username>ValJor</username>
<id>1358</id>
</contributor>
<comment>Acrescentando código de língua à [[:Categoria:!Página com mensagem de erro em predefinição|predefinição escopo]]</comment>
<model>wikitext</model>
<format>text/x-wiki</format>
<text bytes="252" xml:space="preserve">{{Wikipédia|lang=jbo}}
[[Imagem:Orange-Fruit-Pieces.jpg|thumb|right|250px|{{centro|Laranja}}]]
={{-jbo-}}=
==Substantivo==
'''najnimre'''
# {{escopo|jbo|Fruta}} [[laranja]]
[[Categoria:Substantivo (Lojban)]]
[[Categoria:Entrada com imagem (Lojban)]]</text>
<sha1>jlcsquruv3ansn63k4p3hzax1g42co5</sha1>
</revision>
</page>
