<page>
<title>nakerebanarimasen</title>
<ns>0</ns>
<id>165891</id>
<revision>
<id>2219729</id>
<parentid>2090175</parentid>
<timestamp>2017-01-06T00:52:49Z</timestamp>
<contributor>
<username>Tribuno da Plebe</username>
<id>16095</id>
</contributor>
<comment>/* {{-ja-}} */</comment>
<model>wikitext</model>
<format>text/x-wiki</format>
<text bytes="129" xml:space="preserve">={{-ja-}}=
==Transliteração==
# transliteração de [[なければなりません]]
[[Categoria:Transliteração (Japonês)]]</text>
<sha1>k9v15bft5w8bn1dk650iv2wd52jy7vd</sha1>
</revision>
</page>
