<page>
<title>nakfa</title>
<ns>0</ns>
<id>47287</id>
<revision>
<id>2379792</id>
<parentid>1906135</parentid>
<timestamp>2017-05-05T16:28:31Z</timestamp>
<contributor>
<username>HydrizBot</username>
<id>29590</id>
</contributor>
<minor />
<comment>Robô: A limpar links interwikis antigos</comment>
<model>wikitext</model>
<format>text/x-wiki</format>
<text bytes="175" xml:space="preserve">{{Wikipédia}}
={{-pt-}}=
== Substantivo ==
''masculino''
# moeda da [[Eritreia]], dividida em 100 [[cêntimos]] e simbolizada por Nfa
[[Categoria:Substantivo (Português)]]</text>
<sha1>0d89q25dd64wblciv5xkrkk62ycrozk</sha1>
</revision>
</page>
