<page>
<title>nakloke</title>
<ns>0</ns>
<id>62218</id>
<revision>
<id>1536002</id>
<parentid>1529007</parentid>
<timestamp>2012-12-01T10:18:29Z</timestamp>
<contributor>
<username>VJBot</username>
<id>33673</id>
</contributor>
<minor />
<comment>Robô: Substituição de texto automática  (-{{vertb}} +Ver também)</comment>
<model>wikitext</model>
<format>text/x-wiki</format>
<text bytes="811" xml:space="preserve">={{-tet-}}=
==Adjetivo==
'''na.klo.ke'''
# [[aberto]], {{link preto|descerrado}}.
===Fraseologia===
* '''{{link preto|lia nakloke}}''': [[prefácio]]
==Verbo==
'''na.klo.ke'''
# [[estar]] [[aberto]].
==Ver também==
===No Wikcionário===
{{verTambém.Ini}}
* [[loke#{{tet}}|loke]]
{{verTambém.Fim}}
===Referências===
{{verTambém.Ini}}
* [http://www.gnu.org/software/tetum/contributors/cliffMorris-xhtml/ch06.html A Traveller's Dictionary in Tetun-English and English-Tetun (em inglês)]
* [http://www.geocities.com/ukphoneline/tpid.pdf Dicionário Tetum-Português-Indonésio]
* [http://purl.pt/915/1/cd1/database/dictionaries/Tetum-Portugues.pdf Glossário tétum-português (TimorAgri)]
{{verTambém.Fim}}
[[Categoria:Adjetivo (Tétum)]]
[[Categoria:Verbo (Tétum)]]
[[Categoria:Trissílabo (Tétum)]]</text>
<sha1>okjnl0imzayv6w9anvajxufberldcv8</sha1>
</revision>
</page>
