<page>
<title>nakonu</title>
<ns>0</ns>
<id>62219</id>
<revision>
<id>2191411</id>
<parentid>1536003</parentid>
<timestamp>2016-10-29T23:18:53Z</timestamp>
<contributor>
<username>Defender</username>
<id>15952</id>
</contributor>
<comment>troca de predefinição</comment>
<model>wikitext</model>
<format>text/x-wiki</format>
<text bytes="494" xml:space="preserve">={{-tet-}}=
==Adjetivo==
'''na.ko.nu'''
# [[cheio]], [[repleto]]
===Antónimos===
* [[mamuk]]
==Verbo==
'''na.ko.nu''', {{g|vi}}
# {{l.s.|estar|Verbo}} [[cheio]]
==Ver também==
===Referências===
{{verTambém.Ini}}
* [http://www.geocities.com/ukphoneline/tpid.pdf Dicionário Tetum-Português-Indonésio]
* [http://www.gnu.org/software/tetum/contributors/cliffMorris-xhtml/ch06.html Dictionary Tetun-English (em inglês)]
{{verTambém.Fim}}
{{categorias|Tétum|Adjetivo|Verbo|Trissílabo}}</text>
<sha1>5qi5eqq8n2cz5j1816rz7di6u4ru3rc</sha1>
</revision>
</page>
