<page>
<page>
<title>nakoron</title>
<ns>0</ns>
<id>51956</id>
<revision>
<id>2379793</id>
<parentid>1306980</parentid>
<timestamp>2017-05-05T16:28:33Z</timestamp>
<contributor>
<username>HydrizBot</username>
<id>29590</id>
</contributor>
<minor />
<comment>Robô: A limpar links interwikis antigos</comment>
<model>wikitext</model>
<format>text/x-wiki</format>
<text bytes="78" xml:space="preserve">={{-tet-}}=
==Verbo==
'''nakoron'''
# [[roncar]]
[[Categoria:Verbo (Tétum)]]</text>
<sha1>cpcqwewdzolu6wwhloc5lomefuy0o0t</sha1>
</revision>
