<page>
<title>Nalbin</title>
<ns>0</ns>
<id>56725</id>
<revision>
<id>2275073</id>
<parentid>1733041</parentid>
<timestamp>2017-04-26T22:27:00Z</timestamp>
<contributor>
<username>HydrizBot</username>
<id>29590</id>
</contributor>
<minor />
<comment>Robô: A limpar links interwikis antigos</comment>
<model>wikitext</model>
<format>text/x-wiki</format>
<text bytes="141" xml:space="preserve">={{-gv-}}=
==Substantivo==
'''Nalbin''' ''próprio''
# [[Escócia]].
[[Categoria:Substantivo (Manquês)]]
[[Categoria:Topónimo (Manquês)]]</text>
<sha1>nb932yawd9n75q4oxb6ss0grwngvqk5</sha1>
</revision>
</page>
