<page>
<page>
<title>nalgum</title>
<ns>0</ns>
<id>328212</id>
<revision>
<id>2379798</id>
<parentid>1908605</parentid>
<timestamp>2017-05-05T16:28:51Z</timestamp>
<contributor>
<username>HydrizBot</username>
<id>29590</id>
</contributor>
<minor />
<comment>Robô: A limpar links interwikis antigos</comment>
<model>wikitext</model>
<format>text/x-wiki</format>
<text bytes="305" xml:space="preserve">={{-pt-}}=
==Contração==
{{flex.pt|ms=nalgum|mp=nalguns|fs=nalguma|fp=nalgumas}}
{{oxítona|nal|gum}}, {{m|g=f}}
# contração da preposição '''[[em]]''' com o pronome indefinido '''[[algum]]'''
=={{etimologia|pt}}==
: {{escopo|Morfologia}} [[em]] + [[algum]].
[[Categoria:Contração (Português)]]</text>
<sha1>ok03q5axiud83r7c9cqvuo5e2zxivya</sha1>
</revision>
