<page>
<page>
<title>nalhundes</title>
<ns>0</ns>
<id>380429</id>
<revision>
<id>2419709</id>
<timestamp>2017-07-04T09:23:30Z</timestamp>
<contributor>
<username>Cpls</username>
<id>20608</id>
</contributor>
<comment>[[Ajuda:Guia de edição/Menus e ferramentas/Sumário de edição|→]] nova página: ={{-gl-}}= ==Advérbio== {{paroxítona|na|lhun|des|lang=gl}} # {{escopo|gl|regional}} em nenhum lugar, em n...</comment>
<model>wikitext</model>
<format>text/x-wiki</format>
<text bytes="362" xml:space="preserve">={{-gl-}}=
==Advérbio==
{{paroxítona|na|lhun|des|lang=gl}}
# {{escopo|gl|regional}} em nenhum lugar, em [[nenhures]]
===Sinónimos===
* [[nengures#{{gl}}|nengures]]
=={{etimologia|gl}}==
: Aparentado com o latim {{etimo|la|alicunde}}. Confronte-se com ''[[dalhundes#{{gl}}|dalhundes]]'' e ''[[jalhundes#{{gl}}|jalhundes]]''.
[[Categoria:Advérbio (Galego)]]</text>
<sha1>8yf7hi770c0s144lyw9cumgf8yjmwgn</sha1>
</revision>
