<page>
<page>
<title>nalsa</title>
<ns>0</ns>
<id>431616</id>
<revision>
<id>2634591</id>
<parentid>2625949</parentid>
<timestamp>2021-05-19T14:59:10Z</timestamp>
<contributor>
<username>Cpls</username>
<id>20608</id>
</contributor>
<comment>/* {{-pt-}} */</comment>
<model>wikitext</model>
<format>text/x-wiki</format>
<text bytes="642" xml:space="preserve">={{-pt-}}=
==Substantivo==
{{flex.pt|fs=nalsa|fp=nalsas}}
{{paroxítona|nal|sa}}, {{g|f}}
# {{escopo|pt|Trás-os-Montes}} caixa quadrada para [[pescar]]
=={{etimologia|pt}}==
: Da mesma origem que [[nassa]]; confronte-se com o asturiano {{etimo|ast|nansa}}.
[[Categoria:Substantivo (Português)]]
={{-gl-}}=
==Substantivo==
{{flex.gl|fs=nalsa|fp=nalsas}}
{{paroxítona|nal|sa|lang=gl}}, {{g|f}}
# espécie de [[nassa]] de pesca
# [[rede]] interior de uma armadilha para pescar [[truta]]s chamada ''[[mansoeira#{{gl}}|mansoeira]]''
=={{etimologia|gl}}==
: Da mesma origem que ''[[nassa#{{gl}}|nassa]]''.
[[Categoria:Substantivo (Galego)]]</text>
<sha1>mlmczqicm2la00lwd1rghgj17talgyk</sha1>
</revision>
