<page>
<page>
<title>naltri</title>
<ns>0</ns>
<id>59131</id>
<revision>
<id>1264968</id>
<parentid>1264821</parentid>
<timestamp>2011-10-22T19:47:34Z</timestamp>
<contributor>
<ip>50.12.144.17</ip>
</contributor>
<comment>/* Pronome */</comment>
<model>wikitext</model>
<format>text/x-wiki</format>
<text bytes="447" xml:space="preserve">={{-roa-tal-}}=
==Pronome==
'''{{grifar|nal}}.tri''' {{p}}, ''pessoal''
# [[nós]], [[pronome pessoal]] do {{link preto|caso reto}} da [[primeira pessoa]] do [[plural]].
===Grafias alternativas===
* [[nantri]]
===Sinónimos===
* [[noaltri]], [[noantri]], [[noialtri]]
==Ver também==
===No Wikcionário===
{{decl.roa-tal.pron.pessoal}}
[[Categoria:Pronome pessoal (Talian)]]
[[Categoria:Dissílabo (Talian)]]
[[Categoria:Paroxítona (Talian)]]</text>
<sha1>2jwe0k0mgd6zjvsq42wfiuz5kbcj984</sha1>
</revision>
