<page>
<page>
<title>nam</title>
<ns>0</ns>
<id>9225</id>
<revision>
<id>2534217</id>
<parentid>2533717</parentid>
<timestamp>2019-01-27T11:05:28Z</timestamp>
<contributor>
<username>Amigo7</username>
<id>58547</id>
</contributor>
<comment>/* {{-pl-}} */ +{avi-for-fle}</comment>
<model>wikitext</model>
<format>text/x-wiki</format>
<text bytes="2003" xml:space="preserve">={{-pt-}}=
==Advérbio==
'''nam'''
# {{escopo|pt|arcaico}} [[não]]
==Etimologia==
:Ver em [[não]]
*variante gráfica histórica: nã
==Sinônimos==
* [[não]] (variante moderna)
* [[nom]] (variante arcaica)
==Antônimos==
* [[si]] (arcaico)
* [[sim]] (moderno)
==Tradução==
:Ver em [[não]].
[[Categoria:Advérbio (Português)]]
[[Categoria:Arcaísmo (Português)]]
[[Categoria:Monossílabo (Português)]]
={{-roa-gpm-}}=
==Advérbio==
{{oxítona|nam|lang=roa-gpm}}, ''advérbio de negação''
# [[não]]
===Variantes===
{{verTambém.Ini}}
* [[nõ#Galego-Português Medieval|nõ]]
* [[non#Galego-Português Medieval|non]]
{{verTambém.NovaColuna}}
* [[nom#Galego-Português Medieval|nom]]
* [[não]]
{{verTambém.Fim}}
=={{etimologia|roa-gpm}}==
: Do [[latim]] {{etimo|la|non}}.
[[Categoria:Advérbio (Galego-Português Medieval)]]
={{-pl-}}=
==Forma de pronome==
'''nam''', {{gramática|pess}}
# caso dativo do pronome pessoal ''{{link idioma|my|pl}}''
# {{tradex|pl|Ojcze nasz... Chleba naszego powszedniego daj '''nam''' dzisiaj i odpuść '''nam''' nasze winy...|Pai Nosso... O pão nosso de cada dia nos dai hoje, perdoai-nos as nossas ofensas...}}
{{avi-for-fle|my}}
==Ver também==
===No Wikcionário===
{{decl.pl.pron.pessoal}}
[[Categoria:Forma de pronome (Polonês)]]
[[Categoria:Pronome pessoal (Polonês)]]
[[Categoria:Monossílabo (Polonês)]]
={{-vi-}}=
== Substantivo ==
'''nam'''
# {{escopo|vi|Geografia}} [[sul]]
#  [[macho]]; [[homem]]
==Pontos Cardeais==
* [[bắc]] - [[nam]] - [[đông]] - [[tây]]
[[Categoria:Substantivo (Vietnamita)]]
[[Categoria:Geografia (Vietnamita)]]
={{-vo-}}=
==Substantivo==
'''{{grifar|nam}}'''
# [[mão]]
===Declinação===
{{decl.vo.subst}}
==={{pronúncia|vo}}===
* [[AFI]]: {{AFI|/ˈnam/}}
==Ver também==
===No Wikcionário===
{{verTambém.Ini}}
* [[fut]]
{{verTambém.NovaColuna}}
* [[brad]]
{{verTambém.NovaColuna}}
* [[lög]]
{{verTambém.Fim}}
[[Categoria:Substantivo (Volapuque)]]
[[Categoria:Anatomia (Volapuque)]]</text>
<sha1>5dnfcz340q53aq9957nxl8r86qy7cdp</sha1>
</revision>
