<page>
<title>namae</title>
<ns>0</ns>
<id>123759</id>
<revision>
<id>2379802</id>
<parentid>2219730</parentid>
<timestamp>2017-05-05T16:29:08Z</timestamp>
<contributor>
<username>HydrizBot</username>
<id>29590</id>
</contributor>
<minor />
<comment>Robô: A limpar links interwikis antigos</comment>
<model>wikitext</model>
<format>text/x-wiki</format>
<text bytes="111" xml:space="preserve">={{-ja-}}=
==Transliteração==
# transliteração de [[なまえ]]
[[Categoria:Transliteração (Japonês)]]</text>
<sha1>f3oyy1js7s4hh7vz7gev7olmtzownmz</sha1>
</revision>
</page>
