<page>
<title>namastê</title>
<ns>0</ns>
<id>378831</id>
<revision>
<id>2413101</id>
<parentid>2413026</parentid>
<timestamp>2017-05-18T09:30:02Z</timestamp>
<contributor>
<username>Askekamo</username>
<id>60711</id>
</contributor>
<model>wikitext</model>
<format>text/x-wiki</format>
<text bytes="450" xml:space="preserve">={{-pt-}}=
==Substantivo==
{{flex.pt|ms=namastê|mp=namastês}}
{{oxítona|na|mas|tê}}, {{gramática|m}}
# cumprimento ou saudação realizada com o gesto de uma ligeira vénia feita com as duas mãos pressionadas juntas, as palmas tocando-se e os dedos apontando para cima, no centro do peito ou ainda com as mãos juntas em frente ao tórax com uma ligeira curvatura normalmente acompanhada do dito namastê
[[Categoria:Substantivo (Português)]]</text>
<sha1>soq7a5kedyzb5uyrao8xkwzxj3sahoh</sha1>
</revision>
</page>
