<page>
<title>namas</title>
<ns>0</ns>
<id>228921</id>
<revision>
<id>2571111</id>
<parentid>2379803</parentid>
<timestamp>2020-01-16T10:54:34Z</timestamp>
<contributor>
<username>ValJor</username>
<id>1358</id>
</contributor>
<comment>Confirmando [[:Categoria:!Entrada criada por robô|verbete criado por robô]]</comment>
<model>wikitext</model>
<format>text/x-wiki</format>
<text bytes="165" xml:space="preserve">{{Wikipédia|lang=lt}}
={{-lt-}}=
==Substantivo==
'''namas'''
# [[casa]] (local de moradia)
[[Categoria:Substantivo (Lituano)]]
[[Categoria:Arquitetura (Lituano)]]</text>
<sha1>hcrurld9rwzsqtkc2prc5lmsce1j10r</sha1>
</revision>
</page>
