<page>
<page>
<title>namela</title>
<ns>0</ns>
<id>392666</id>
<revision>
<id>2602226</id>
<parentid>2596016</parentid>
<timestamp>2020-11-17T17:55:41Z</timestamp>
<contributor>
<username>Cpls</username>
<id>20608</id>
</contributor>
<comment>/* {{-gl-}} */</comment>
<model>wikitext</model>
<format>text/x-wiki</format>
<text bytes="389" xml:space="preserve">={{-gl-}}=
==Substantivo==
{{flex.gl|fs=namela|fp=namelas}}
{{paroxítona|na|me|la|lang=gl}}, {{g|f|lang=gl}}
# {{escopo|gl|Agricultura}} [[prado]] de erva verde; prado muito úmido
=={{etimologia|gl}}==
: Da mesma origem que ''[[lamela#{{gl}}|lamela]]''. Confronte-se com ''[[namelo#{{gl}}|namelo]]'' e com o sânscrito {{etimo|sa|नम}} (''nama'').
[[Categoria:Substantivo (Galego)]]</text>
<sha1>dm4wr2e88dorneff638yenjyjxx2gl7</sha1>
</revision>
