<page>
<title>namentres</title>
<ns>0</ns>
<id>371114</id>
<revision>
<id>2379808</id>
<parentid>2214810</parentid>
<timestamp>2017-05-05T16:29:42Z</timestamp>
<contributor>
<username>HydrizBot</username>
<id>29590</id>
</contributor>
<minor />
<comment>Robô: A limpar links interwikis antigos</comment>
<model>wikitext</model>
<format>text/x-wiki</format>
<text bytes="349" xml:space="preserve">={{-gl-}}=
==Advérbio==
{{paroxítona|na|men|tres|lang=gl}}
#  [[enquanto]], [[entretanto]]
==={{-varort-}}===
* [[entramentes#{{gl}}|entramentes]], [[entramentres#{{gl}}|entramentres]], [[mentras#{{gl}}|mentras]], [[mentres#{{gl}}|mentres]], [[namentras#{{gl}}|namentras]], [[nentramentras#{{gl}}|nentramentras]]
[[Categoria:Advérbio (Galego)]]</text>
<sha1>r25exysuu91pwth7kvrk0av45ik4h45</sha1>
</revision>
</page>
