<page>
<title>namens</title>
<ns>0</ns>
<id>73809</id>
<revision>
<id>2379807</id>
<parentid>1957975</parentid>
<timestamp>2017-05-05T16:29:39Z</timestamp>
<contributor>
<username>HydrizBot</username>
<id>29590</id>
</contributor>
<minor />
<comment>Robô: A limpar links interwikis antigos</comment>
<model>wikitext</model>
<format>text/x-wiki</format>
<text bytes="219" xml:space="preserve">={{-de-}}=
== Advérbio ==
'''namens'''
# [[chamado]].
#: ''[[ich|Ich]] [[suchen|suche]] [[ein|einen]] [[Mann]] '''namens''' [[Johan]].'' (&quot;Eu procuro por um homem ''chamado'' Johan.&quot;)
[[Categoria:Advérbio (Alemão)]]</text>
<sha1>0ts6oyjwsvnhp163wwalqyrdfg8czvl</sha1>
</revision>
</page>
