<page>
<title>Name</title>
<ns>0</ns>
<id>124249</id>
<revision>
<id>2275076</id>
<parentid>2096016</parentid>
<timestamp>2017-04-26T22:27:10Z</timestamp>
<contributor>
<username>HydrizBot</username>
<id>29590</id>
</contributor>
<minor />
<comment>Robô: A limpar links interwikis antigos</comment>
<model>wikitext</model>
<format>text/x-wiki</format>
<text bytes="276" xml:space="preserve">{{Wikipédia|lang=de}}
{{ver também|name}}
={{-de-}}=
==Substantivo==
'''Name''', {{m}} (''[[genitivo]]'': [[Namens]], ''plural'': '''[[Namen]]''')
# [[sobrenome]], [[nome]]
==Ver também==
===No Wikcionário===
* [[namens]]
* [[Vorname]]
[[Categoria:Substantivo (Alemão)]]</text>
<sha1>0llrbkatnya3hbwale5awhxlk8d6tcy</sha1>
</revision>
</page>
