<page>
<page>
<title>name</title>
<ns>0</ns>
<id>31236</id>
<revision>
<id>2379805</id>
<parentid>2223887</parentid>
<timestamp>2017-05-05T16:29:28Z</timestamp>
<contributor>
<username>HydrizBot</username>
<id>29590</id>
</contributor>
<minor />
<comment>Robô: A limpar links interwikis antigos</comment>
<model>wikitext</model>
<format>text/x-wiki</format>
<text bytes="76" xml:space="preserve">={{-en-}}=
==Substantivo==
* [[nome]]
[[Categoria:Substantivo (Inglês)]]</text>
<sha1>dqezum39aebc05uakdfqueri16d8ii0</sha1>
</revision>
