<page>
<title>namestnik</title>
<ns>0</ns>
<id>365307</id>
<revision>
<id>2671804</id>
<parentid>2176374</parentid>
<timestamp>2022-04-09T18:54:28Z</timestamp>
<contributor>
<username>ValJor</username>
<id>1358</id>
</contributor>
<comment>Não tenho bem certeza se faz sentido apontar para uma ligação com a Wikipédia em inglês...</comment>
<model>wikitext</model>
<format>text/x-wiki</format>
<text bytes="442" xml:space="preserve">{{Wikipédia|Viceroy#Russian Empire|lang=en}}
={{-pt-}}=
==Substantivo==
{{flex.pt|ms=namestnik|mp=namestniks}}
{{paroxítona|na|mest|nik}}, {{gramática|m}}
# {{escopo|pt|História}} [[cargo]] administrativo do Império Russo, responsável pelos [[uyezd]]s ([[subdivisão]] local)
=={{etimologia|pt}}==
{{llietimo|ru|наместник|pt|namestnik|ponto=não}} ([[vice-rei]], [[governador-geral]]).
[[Categoria:Substantivo (Português)]]</text>
<sha1>0czbzh542opgh0mebr2ykq235jmxn66</sha1>
</revision>
</page>
