<page>
<title>namentras</title>
<ns>0</ns>
<id>371115</id>
<revision>
<id>2214791</id>
<timestamp>2016-12-26T12:33:00Z</timestamp>
<contributor>
<username>Cpls</username>
<id>20608</id>
</contributor>
<comment>[[Ajuda:Guia de edição/Menus e ferramentas/Sumário de edição|→]] nova página: ={{-gl-}}= ==Advérbio== {{paroxítona|na|men|tras|lang=gl}} #  [[enquanto]], [[entretanto]]  ==={{-varort-}}...</comment>
<model>wikitext</model>
<format>text/x-wiki</format>
<text bytes="349" xml:space="preserve">={{-gl-}}=
==Advérbio==
{{paroxítona|na|men|tras|lang=gl}}
#  [[enquanto]], [[entretanto]]
==={{-varort-}}===
* [[entramentes#{{gl}}|entramentes]], [[entramentres#{{gl}}|entramentres]], [[mentras#{{gl}}|mentras]], [[mentres#{{gl}}|mentres]], [[namentres#{{gl}}|namentres]], [[nentramentras#{{gl}}|nentramentras]]
[[Categoria:Advérbio (Galego)]]</text>
<sha1>rciwhzrilrpzfcddeft7lqc9ywd1ji6</sha1>
</revision>
</page>
