<page>
<title>Namibie</title>
<ns>0</ns>
<id>129623</id>
<revision>
<id>2662281</id>
<parentid>2275079</parentid>
<timestamp>2022-03-02T10:35:20Z</timestamp>
<contributor>
<username>ValJor</username>
<id>1358</id>
</contributor>
<comment>Acrescentando código de língua à [[:Categoria:!Página com mensagem de erro em predefinição|predefinição escopo]]</comment>
<model>wikitext</model>
<format>text/x-wiki</format>
<text bytes="1282" xml:space="preserve">{{Wikipédia|lang=nds-nl}}
{{Wikipédia|lang=cs}}
{{Wikipédia|lang=sco}}
{{Wikipédia|lang=fr}}
[[Imagem:Flag of Namibia.svg|thumb|250px|{{centro|Bandeira da Namíbia}}]]
[[Imagem:Namibia (orthographic projection).svg|thumb|250px|{{centro|Localização da Namíbia}}]]
={{-nds-nl-}}=
==Substantivo==
'''Namibie''', {{gramática|pr}}
# {{escopo|nds-nl|País}} [[Namíbia]]
==Ver também==
===No Wikcionário===
{{África/nds-nl}}
[[Categoria:Substantivo (Baixo Saxão Holandês)]]
[[Categoria:Entrada com imagem (Baixo Saxão Holandês)]]
={{-cs-}}=
==Substantivo==
'''Namibie''', {{gramática|pr}}
# {{escopo|cs|País}} [[Namíbia]]
===Sinônimo===
* [[Namibijská Republika]]
==Ver também==
===No Wikcionário===
{{África/cs}}
[[Categoria:Substantivo (Checo)]]
[[Categoria:Entrada com imagem (Checo)]]
={{-sco-}}=
==Substantivo==
'''Namibie''', {{gramática|pr}}
# {{escopo|sco|País}} [[Namíbia]]
==Ver também==
===No Wikcionário===
{{África/sco}}
[[Categoria:Substantivo (Escocês)]]
[[Categoria:Entrada com imagem (Escocês)]]
={{-fr-}}=
==Substantivo==
'''Namibie''', {{gramática|pr}}
# {{escopo|fr|País}} [[Namíbia]]
==Ver também==
===No Wikcionário===
{{África/fr}}
[[Categoria:Substantivo (Francês)]]
[[Categoria:Entrada com imagem (Francês)]]</text>
<sha1>01azthehhfvriu43ls5whhfdu4gqu1g</sha1>
</revision>
</page>
