<page>
<page>
<title>Namibio</title>
<ns>0</ns>
<id>132113</id>
<revision>
<id>2662277</id>
<parentid>2275081</parentid>
<timestamp>2022-03-02T10:22:03Z</timestamp>
<contributor>
<username>ValJor</username>
<id>1358</id>
</contributor>
<comment>Acrescentando código de língua à [[:Categoria:!Página com mensagem de erro em predefinição|predefinição escopo]]</comment>
<model>wikitext</model>
<format>text/x-wiki</format>
<text bytes="474" xml:space="preserve">{{Wikipédia|lang=eo}}
[[Imagem:Flag of Namibia.svg|thumb|250px|{{centro|Bandeira da Namíbia}}]]
[[Imagem:Namibia (orthographic projection).svg|thumb|250px|{{centro|Localização da Namíbia}}]]
={{-eo-}}=
==Substantivo==
'''Namibio''', {{gramática|pr}}
# {{escopo|eo|País}} [[Namíbia]]
===Sinônimo===
* [[Respubliko de Namibio]]
==Ver também==
===No Wikcionário===
{{África/eo}}
[[Categoria:Substantivo (Esperanto)]]
[[Categoria:Entrada com imagem (Esperanto)]]</text>
<sha1>lfr3zej7jl5vy63ow40p0j22pulrgr2</sha1>
</revision>
