<page>
<page>
<title>Namibia</title>
<ns>0</ns>
<id>115759</id>
<revision>
<id>2608807</id>
<parentid>2601299</parentid>
<timestamp>2021-01-18T14:13:31Z</timestamp>
<contributor>
<username>Manandez</username>
<id>47395</id>
</contributor>
<minor />
<comment>Substituição &lt;center&gt; por {{centro}}.</comment>
<model>wikitext</model>
<format>text/x-wiki</format>
<text bytes="24218" xml:space="preserve">{{Wikipédia|lang=ace}}
{{Wikipédia|lang=sq}}
{{Wikipédia|lang=gsw}}
{{Wikipédia|lang=de}}
{{Wikipédia|lang=an}}
{{Wikipédia|lang=ast}}
{{Wikipédia|lang=nds}}
{{Wikipédia|lang=bm}}
{{Wikipédia|lang=bjn}}
{{Wikipédia|lang=eu}}
{{Wikipédia|lang=bar}}
{{Wikipédia|lang=br}}
{{Wikipédia|lang=cbk}}
{{Wikipédia|lang=chy}}
{{Wikipédia|lang=sn}}
{{Wikipédia|lang=jam}}
{{Wikipédia|lang=da}}
{{Wikipédia|lang=es}}
{{Wikipédia|lang=ext}}
{{Wikipédia|lang=fo}}
{{Wikipédia|lang=fi}}
{{Wikipédia|lang=stq}}
{{Wikipédia|lang=gl}}
{{Wikipédia|lang=cy}}
{{Wikipédia|lang=hak}}
{{Wikipédia|lang=hif}}
{{Wikipédia|lang=ig}}
{{Wikipédia|lang=io}}
{{Wikipédia|lang=ilo}}
{{Wikipédia|lang=id}}
{{Wikipédia|lang=ang}}
{{Wikipédia|lang=simple}}
{{Wikipédia|lang=en}}
{{Wikipédia|lang=ia}}
{{Wikipédia|lang=ie}}
{{Wikipédia|lang=it}}
{{Wikipédia|lang=jv}}
{{Wikipédia|lang=ee}}
{{Wikipédia|lang=kg}}
{{Wikipédia|lang=ki}}
{{Wikipédia|lang=lad}}
{{Wikipédia|lang=la}}
{{Wikipédia|lang=lij}}
{{Wikipédia|lang=ln}}
{{Wikipédia|lang=lmo}}
{{Wikipédia|lang=lg}}
{{Wikipédia|lang=ms}}
{{Wikipédia|lang=mg}}
{{Wikipédia|lang=cdo}}
{{Wikipédia|lang=nan}}
{{Wikipédia|lang=min}}
{{Wikipédia|lang=nah}}
{{Wikipédia|lang=no}}
{{Wikipédia|lang=nov}}
{{Wikipédia|lang=nn}}
{{Wikipédia|lang=oc}}
{{Wikipédia|lang=pam}}
{{Wikipédia|lang=pap}}
{{Wikipédia|lang=pms}}
{{Wikipédia|lang=pl}}
{{Wikipédia|lang=rm}}
{{Wikipédia|lang=ro}}
{{Wikipédia|lang=se}}
{{Wikipédia|lang=nso}}
{{Wikipédia|lang=st}}
{{Wikipédia|lang=sw}}
{{Wikipédia|lang=sv}}
{{Wikipédia|lang=su}}
{{Wikipédia|lang=tl}}
{{Wikipédia|lang=ts}}
{{Wikipédia|lang=tn}}
{{Wikipédia|lang=ve}}
{{Wikipédia|lang=vec}}
{{Wikipédia|lang=vi}}
{{Wikipédia|lang=war}}
[[Imagem:Flag of Namibia.svg|thumb|250px|right|{{centro|Bandeira da Namíbia}}]]
[[Imagem:LocationNamibia.png|thumb|250px|right|{{centro|Localização da Namíbia}}]]
={{-ace-}}=
==Substantivo==
'''Namibia''', {{gramática|pr}}
# {{escopo|ace|País}} [[Namíbia]]
==Ver também==
===No Wikcionário===
{{África/ace}}
[[Categoria:Substantivo (Acenês)]]
[[Categoria:Entrada com imagem (Acenês)]]
={{-ak-}}=
==Substantivo==
'''Namibia''', {{gramática|pr}}
# {{escopo|ak|País}} [[Namíbia]]
==Ver também==
===No Wikcionário===
{{África/ak}}
[[Categoria:Substantivo (Akan)]]
[[Categoria:Entrada com imagem (Akan)]]
={{-sq-}}=
==Substantivo==
'''Namibia''', {{gramática|pr}}
# {{escopo|sq|País}} [[Namíbia]]
==Ver também==
===No Wikcionário===
{{África/sq}}
[[Categoria:Substantivo (Albanês)]]
[[Categoria:Entrada com imagem (Albanês)]]
={{-gsw-}}=
==Substantivo==
'''Namibia''', {{gramática|pr}}
# {{escopo|gsw|País}} [[Namíbia]]
==Ver também==
===No Wikcionário===
{{África/gsw}}
[[Categoria:Substantivo (Alemânico)]]
[[Categoria:Entrada com imagem (Alemânico)]]
={{-de-}}=
==Substantivo==
'''Namibia''', {{gramática|pr}}
# {{escopo|de|País}} [[Namíbia]]
==Ver também==
===No Wikcionário===
{{África/de}}
[[Categoria:Substantivo (Alemão)]]
[[Categoria:Entrada com imagem (Alemão)]]
={{-an-}}=
==Substantivo==
'''Namibia''', {{gramática|pr}}
# {{escopo|an|País}} [[Namíbia]]
==Ver também==
===No Wikcionário===
{{África/an}}
[[Categoria:Substantivo (Aragonês)]]
[[Categoria:Entrada com imagem (Aragonês)]]
={{-rup-}}=
==Substantivo==
'''Namibia''', {{gramática|pr}}
# {{escopo|rup|País}} [[Namíbia]]
==Ver também==
===No Wikcionário===
{{África/rup}}
[[Categoria:Substantivo (Arromeno)]]
[[Categoria:Entrada com imagem (Arromeno)]]
={{-ast-}}=
==Substantivo==
'''Namibia''', {{gramática|pr}}
# {{escopo|ast|País}} [[Namíbia]]
=={{pronúncia|ast}}==
* [[AFI]]: {{AFI|/na.'mi.βja/}}
==Ver também==
===No Wikcionário===
{{África/ast}}
[[Categoria:Substantivo (Asturiano)]]
[[Categoria:Entrada com imagem (Asturiano)]]
={{-nds-}}=
==Substantivo==
'''Namibia''', {{gramática|pr}}
# {{escopo|nds|País}} [[Namíbia]]
==Ver também==
===No Wikcionário===
{{África/nds}}
[[Categoria:Substantivo (Baixo Saxão)]]
[[Categoria:Entrada com imagem (Baixo Saxão)]]
={{-bm-}}=
==Substantivo==
'''Namibia''', {{gramática|pr}}
# {{escopo|bm|País}} [[Namíbia]]
==Ver também==
===No Wikcionário===
{{África/bm}}
[[Categoria:Substantivo (Bambara)]]
[[Categoria:Entrada com imagem (Bambara)]]
={{-bjn-}}=
==Substantivo==
'''Namibia''', {{gramática|pr}}
# {{escopo|bjn|País}} [[Namíbia]]
==Ver também==
===No Wikcionário===
{{África/bjn}}
[[Categoria:Substantivo (Banjar)]]
[[Categoria:Entrada com imagem (Banjar)]]
={{-eu-}}=
==Substantivo==
'''Namibia''', {{gramática|pr}}
# {{escopo|eu|País}} [[Namíbia]]
==Ver também==
===No Wikcionário===
{{África/eu}}
[[Categoria:Substantivo (Basco)]]
[[Categoria:Entrada com imagem (Basco)]]
={{-bar-}}=
==Substantivo==
'''Namibia''', {{gramática|pr}}
# {{escopo|bar|País}} [[Namíbia]]
==Ver também==
===No Wikcionário===
{{África/bar}}
[[Categoria:Substantivo (Bávaro)]]
[[Categoria:Entrada com imagem (Bávaro)]]
={{-br-}}=
==Substantivo==
'''Namibia''', {{gramática|pr}}
# {{escopo|br|País}} [[Namíbia]]
==Ver também==
===No Wikcionário===
{{África/br}}
[[Categoria:Substantivo (Bretão)]]
[[Categoria:Entrada com imagem (Bretão)]]
={{-kab-}}=
==Substantivo==
'''Namibia''', {{gramática|pr}}
# {{escopo|kab|País}} [[Namíbia]]
==Ver também==
===No Wikcionário===
{{África/kab}}
[[Categoria:Substantivo (Cabila)]]
[[Categoria:Entrada com imagem (Cabila)]]
={{-csb-}}=
==Substantivo==
'''Namibia''', {{gramática|pr}}
# {{escopo|csb|País}} [[Namíbia]]
==Ver também==
===No Wikcionário===
{{África/csb}}
[[Categoria:Substantivo (Cachúbio)]]
[[Categoria:Entrada com imagem (Cachúbio)]]
={{-ceb-}}=
==Substantivo==
'''Namibia''', {{gramática|pr}}
# {{escopo|ceb|País}} [[Namíbia]]
==Ver também==
===No Wikcionário===
{{África/ceb}}
[[Categoria:Substantivo (Cebuano)]]
[[Categoria:Entrada com imagem (Cebuano)]]
={{-cbk-}}=
==Substantivo==
'''Namibia''', {{gramática|pr}}
# {{escopo|cbk|País}} [[Namíbia]]
==Ver também==
===No Wikcionário===
{{África/cbk}}
[[Categoria:Substantivo (Chavacano)]]
[[Categoria:Entrada com imagem (Chavacano)]]
={{-chy-}}=
==Substantivo==
'''Namibia''', {{gramática|pr}}
# {{escopo|chy|País}} [[Namíbia]]
==Ver também==
===No Wikcionário===
{{África/chy}}
[[Categoria:Substantivo (Cheyenne)]]
[[Categoria:Entrada com imagem (Cheyenne)]]
={{-sn-}}=
==Substantivo==
'''Namibia''', {{gramática|pr}}
# {{escopo|sn|País}} [[Namíbia]]
==Ver também==
===No Wikcionário===
{{África/sn}}
[[Categoria:Substantivo (Chona)]]
[[Categoria:Entrada com imagem (Chona)]]
={{-jam-}}=
==Substantivo==
'''Namibia''', {{gramática|pr}}
# {{escopo|jam|País}} [[Namíbia]]
==Ver também==
===No Wikcionário===
{{África/jam}}
[[Categoria:Substantivo (Crioulo Jamaicano)]]
[[Categoria:Entrada com imagem (Crioulo Jamaicano)]]
={{-da-}}=
==Substantivo==
'''Namibia''', {{gramática|pr}}
# {{escopo|da|País}} [[Namíbia]]
==Ver também==
===No Wikcionário===
{{África/da}}
[[Categoria:Substantivo (Dinamarquês)]]
[[Categoria:Entrada com imagem (Dinamarquês)]]
={{-es-}}=
==Substantivo==
'''Namibia''', {{gramática|pr}}
# {{escopo|es|País}} [[Namíbia]]
=={{pronúncia|es}}==
* [[AFI]]: {{AFI|/naˈmi.βja/}}
==Ver também==
===No Wikcionário===
{{África/es}}
[[Categoria:Substantivo (Espanhol)]]
[[Categoria:Entrada com imagem (Espanhol)]]
={{-ext-}}=
==Substantivo==
'''Namibia''', {{gramática|pr}}
# {{escopo|ext|País}} [[Namíbia]]
==Ver também==
===No Wikcionário===
{{África/ext}}
[[Categoria:Substantivo (Estremenho)]]
[[Categoria:Entrada com imagem (Estremenho)]]
={{-fo-}}=
==Substantivo==
'''Namibia''', {{gramática|pr}}
# {{escopo|fo|País}} [[Namíbia]]
==Ver também==
===No Wikcionário===
{{África/fo}}
[[Categoria:Substantivo (Feroês)]]
[[Categoria:Entrada com imagem (Feroês)]]
={{-fi-}}=
==Substantivo==
'''Namibia''', {{gramática|pr}}
# {{escopo|fi|País}} [[Namíbia]]
==Ver também==
===No Wikcionário===
{{África/fi}}
[[Categoria:Substantivo (Finlandês)]]
[[Categoria:Entrada com imagem (Finlandês)]]
={{-stq-}}=
==Substantivo==
'''Namibia''', {{gramática|pr}}
# {{escopo|stq|País}} [[Namíbia]]
==Ver também==
===No Wikcionário===
{{África/stq}}
[[Categoria:Substantivo (Frísio Oriental)]]
[[Categoria:Entrada com imagem (Frísio Oriental)]]
={{-gl-}}=
==Substantivo==
'''Namibia''', {{gramática|pr}}
# {{escopo|gl|País}} [[Namíbia]]
==Ver também==
===No Wikcionário===
{{África/gl}}
[[Categoria:Substantivo (Galego)]]
[[Categoria:Entrada com imagem (Galego)]]
={{-cy-}}=
==Substantivo==
'''Namibia''', {{gramática|pr}}
# {{escopo|cy|País}} [[Namíbia]]
==Ver também==
===No Wikcionário===
{{África/cy}}
[[Categoria:Substantivo (Galês)]]
[[Categoria:Entrada com imagem (Galês)]]
={{-hak-}}=
==Substantivo==
'''Namibia''', {{gramática|pr}}
# {{escopo|hak|País}} [[Namíbia]]
==Ver também==
===No Wikcionário===
{{África/hak}}
[[Categoria:Substantivo (Hakka)]]
[[Categoria:Entrada com imagem (Hakka)]]
={{-haw-}}=
==Substantivo==
'''Namibia''', {{gramática|pr}}
# {{escopo|haw|País}} [[Namíbia]]
==Ver também==
===No Wikcionário===
{{África/haw}}
[[Categoria:Substantivo (Havaiano)]]
[[Categoria:Entrada com imagem (Havaiano)]]
={{-hif-}}=
==Substantivo==
'''Namibia''', {{gramática|pr}}
# {{escopo|hif|País}} [[Namíbia]]
==Ver também==
===No Wikcionário===
{{África/hif}}
[[Categoria:Substantivo (Hindi Fijiano)]]
[[Categoria:Entrada com imagem (Hindi Fijiano)]]
={{-ig-}}=
==Substantivo==
'''Namibia''', {{gramática|pr}}
# {{escopo|ig|País}} [[Namíbia]]
==Ver também==
===No Wikcionário===
{{África/ig}}
[[Categoria:Substantivo (Ibo)]]
[[Categoria:Entrada com imagem (Ibo)]]
={{-io-}}=
==Substantivo==
'''Namibia''', {{gramática|pr}}
# {{escopo|io|País}} [[Namíbia]]
==Ver também==
===No Wikcionário===
{{África/io}}
[[Categoria:Substantivo (Ido)]]
[[Categoria:Entrada com imagem (Ido)]]
={{-ilo-}}=
==Substantivo==
'''Namibia''', {{gramática|pr}}
# {{escopo|ilo|País}} [[Namíbia]]
==Ver também==
===No Wikcionário===
{{África/ilo}}
[[Categoria:Substantivo (Ilocano)]]
[[Categoria:Entrada com imagem (Ilocano)]]
={{-id-}}=
==Substantivo==
'''Namibia''', {{gramática|pr}}
# {{escopo|id|País}} [[Namíbia]]
==Ver também==
===No Wikcionário===
{{África/id}}
[[Categoria:Substantivo (Indonésio)]]
[[Categoria:Entrada com imagem (Indonésio)]]
={{-ang-}}=
==Substantivo==
'''Namibia''', {{gramática|pr}}
# {{escopo|ang|País}} [[Namíbia]]
==Ver também==
===No Wikcionário===
{{África/ang}}
[[Categoria:Substantivo (Inglês Antigo)]]
[[Categoria:Entrada com imagem (Inglês Antigo)]]
={{-en-}}=
==Substantivo==
'''Namibia''', {{gramática|pr}}
# {{escopo|en|País}} [[Namíbia]]
==Ver também==
===No Wikcionário===
{{África/en}}
[[Categoria:Substantivo (Inglês)]]
[[Categoria:Entrada com imagem (Inglês)]]
={{-ia-}}=
==Substantivo==
'''Namibia''', {{gramática|pr}}
# {{escopo|ia|País}} [[Namíbia]]
==Ver também==
===No Wikcionário===
{{África/ia}}
[[Categoria:Substantivo (Interlíngua)]]
[[Categoria:Entrada com imagem (Interlíngua)]]
={{-ie-}}=
==Substantivo==
'''Namibia''', {{gramática|pr}}
# {{escopo|ie|País}} [[Namíbia]]
==Ver também==
===No Wikcionário===
{{África/ie}}
[[Categoria:Substantivo (Interlíngue)]]
[[Categoria:Entrada com imagem (Interlíngue)]]
={{-yo-}}=
==Substantivo==
'''Namibia''', {{gramática|pr}}
# {{escopo|yo|País}} [[Namíbia]]
==Ver também==
===No Wikcionário===
{{África/yo}}
[[Categoria:Substantivo (Iorubá)]]
[[Categoria:Entrada com imagem (Iorubá)]]
={{-it-}}=
==Substantivo==
'''Namibia''', {{gramática|pr}}
# {{escopo|it|País}} [[Namíbia]]
==Ver também==
===No Wikcionário===
{{África/it}}
[[Categoria:Substantivo (Italiano)]]
[[Categoria:Entrada com imagem (Italiano)]]
={{-jv-}}=
==Substantivo==
'''Namibia''', {{gramática|pr}}
# {{escopo|jv|País}} [[Namíbia]]
==Ver também==
===No Wikcionário===
{{África/jv}}
[[Categoria:Substantivo (Javanês)]]
[[Categoria:Entrada com imagem (Javanês)]]
={{-ee-}}=
==Substantivo==
'''Namibia''', {{gramática|pr}}
# {{escopo|ee|País}} [[Namíbia]]
==Ver também==
===No Wikcionário===
{{África/ee}}
[[Categoria:Substantivo (Jeje)]]
[[Categoria:Entrada com imagem (Jeje)]]
={{-kg-}}=
==Substantivo==
'''Namibia''', {{gramática|pr}}
# {{escopo|kg|País}} [[Namíbia]]
==Ver também==
===No Wikcionário===
{{África/kg}}
[[Categoria:Substantivo (Kikongo)]]
[[Categoria:Entrada com imagem (Kikongo)]]
={{-ki-}}=
==Substantivo==
'''Namibia''', {{gramática|pr}}
# {{escopo|ki|País}} [[Namíbia]]
==Ver também==
===No Wikcionário===
{{África/ki}}
[[Categoria:Substantivo (Kikuyo)]]
[[Categoria:Entrada com imagem (Kikuyo)]]
={{-lld-}}=
==Substantivo==
'''Namibia''', {{gramática|pr}}
# {{escopo|lld|País}} [[Namíbia]]
==Ver também==
===No Wikcionário===
{{África/lld}}
[[Categoria:Substantivo (Ladino Dolomita)]]
[[Categoria:Entrada com imagem (Ladino Dolomita)]]
={{-lad-}}=
==Substantivo==
'''Namibia''', {{gramática|pr}}
# {{escopo|lad|País}} [[Namíbia]]
==Ver também==
===No Wikcionário===
{{África/lad}}
[[Categoria:Substantivo (Ladino)]]
[[Categoria:Entrada com imagem (Ladino)]]
={{-la-}}=
==Substantivo==
'''Namibia''', {{gramática|pr}}
# {{escopo|la|País}} [[Namíbia]]
==Ver também==
===No Wikcionário===
{{África/la}}
[[Categoria:Substantivo (Latim)]]
[[Categoria:Entrada com imagem (Latim)]]
={{-lij-}}=
==Substantivo==
'''Namibia''', {{gramática|pr}}
# {{escopo|lij|País}} [[Namíbia]]
==Ver também==
===No Wikcionário===
{{África/lij}}
[[Categoria:Substantivo (Liguriano)]]
[[Categoria:Entrada com imagem (Liguriano)]]
={{-ln-}}=
==Substantivo==
'''Namibia''', {{gramática|pr}}
# {{escopo|ln|País}} [[Namíbia]]
==Ver também==
===No Wikcionário===
{{África/ln}}
[[Categoria:Substantivo (Lingala)]]
[[Categoria:Entrada com imagem (Lingala)]]
={{-lfn-}}=
==Substantivo==
'''Namibia''', {{gramática|pr}}
# {{escopo|lfn|País}} [[Namíbia]]
==={{-varort-}}===
* '''Alfabeto cirílico''': {{l.s.|Намибиа|{{lfn}}}}
==Ver também==
===No Wikcionário===
{{África/lfn}}
[[Categoria:Substantivo (Língua Franca Nova)]]
[[Categoria:Entrada com imagem (Língua Franca Nova)]]
={{-lmo-}}=
==Substantivo==
'''Namibia''', {{gramática|pr}}
# {{escopo|lmo|País}} [[Namíbia]]
==Ver também==
===No Wikcionário===
{{África/lmo}}
[[Categoria:Substantivo (Lombardo)]]
[[Categoria:Entrada com imagem (Lombardo)]]
={{-lg-}}=
==Substantivo==
'''Namibia''', {{gramática|pr}}
# {{escopo|lg|País}} [[Namíbia]]
==Ver também==
===No Wikcionário===
{{África/lg}}
[[Categoria:Substantivo (Luganda)]]
[[Categoria:Entrada com imagem (Luganda)]]
={{-lb-}}=
==Substantivo==
'''Namibia''', {{gramática|pr}}
# {{escopo|lb|País}} [[Namíbia]]
==Ver também==
===No Wikcionário===
{{África/lb}}
[[Categoria:Substantivo (Luxemburguês)]]
[[Categoria:Entrada com imagem (Luxemburguês)]]
={{-ms-}}=
==Substantivo==
'''Namibia''', {{gramática|pr}}
# {{escopo|ms|País}} [[Namíbia]]
==Ver também==
===No Wikcionário===
{{África/ms}}
[[Categoria:Substantivo (Malaio)]]
[[Categoria:Entrada com imagem (Malaio)]]
={{-mg-}}=
==Substantivo==
'''Namibia''', {{gramática|pr}}
# {{escopo|mg|País}} [[Namíbia]]
==Ver também==
===No Wikcionário===
{{África/mg}}
[[Categoria:Substantivo (Malgaxe)]]
[[Categoria:Entrada com imagem (Malgaxe)]]
={{-cdo-}}=
==Substantivo==
'''Namibia''', {{gramática|pr}}
# {{escopo|cdo|País}} [[Namíbia]]
==Ver também==
===No Wikcionário===
{{África/cdo}}
[[Categoria:Substantivo (Min Dong)]]
[[Categoria:Entrada com imagem (Min Dong)]]
={{-nan-}}=
==Substantivo==
'''Namibia''', {{gramática|pr}}
# {{escopo|nan|País}} [[Namíbia]]
==Ver também==
===No Wikcionário===
{{África/nan}}
[[Categoria:Substantivo (Min Nan)]]
[[Categoria:Entrada com imagem (Min Nan)]]
={{-min-}}=
==Substantivo==
'''Namibia''', {{gramática|pr}}
# {{escopo|min|País}} [[Namíbia]]
==Ver também==
===No Wikcionário===
{{África/min}}
[[Categoria:Substantivo (Minangkabau)]]
[[Categoria:Entrada com imagem (Minangkabau)]]
={{-nhn-}}=
==Substantivo==
'''Namibia''', {{gramática|pr}}
# {{escopo|nhn|País}} [[Namíbia]]
==Ver também==
===No Wikcionário===
{{África/nhn}}
[[Categoria:Substantivo (Náuatle Central)]]
[[Categoria:Entrada com imagem (Náuatle Central)]]
={{-pih-}}=
==Substantivo==
'''Namibia''', {{gramática|pr}}
# {{escopo|pih|País}} [[Namíbia]]
==Ver também==
===No Wikcionário===
{{África/pih}}
[[Categoria:Substantivo (Norfuk)]]
[[Categoria:Entrada com imagem (Norfuk)]]
={{-no-}}=
==Substantivo==
'''Namibia''', {{gramática|pr}}
# {{escopo|no|País}} [[Namíbia]]
==Ver também==
===No Wikcionário===
{{África/no}}
[[Categoria:Substantivo (Norueguês)]]
[[Categoria:Entrada com imagem (Norueguês)]]
={{-nov-}}=
==Substantivo==
'''Namibia''', {{gramática|pr}}
# {{escopo|nov|País}} [[Namíbia]]
==Ver também==
===No Wikcionário===
{{África/nov}}
[[Categoria:Substantivo (Novial)]]
[[Categoria:Entrada com imagem (Novial)]]
={{-nn-}}=
==Substantivo==
'''Namibia''', {{gramática|pr}}
# {{escopo|nn|País}} [[Namíbia]]
==Ver também==
===No Wikcionário===
{{África/nn}}
[[Categoria:Substantivo (Novo Norueguês)]]
[[Categoria:Entrada com imagem (Novo Norueguês)]]
={{-oc-}}=
==Substantivo==
'''Namibia''', {{gramática|pr}}
# {{escopo|oc|País}} [[Namíbia]]
==Ver também==
===No Wikcionário===
{{África/oc}}
[[Categoria:Substantivo (Occitano)]]
[[Categoria:Entrada com imagem (Occitano)]]
={{-pam-}}=
==Substantivo==
'''Namibia''', {{gramática|pr}}
# {{escopo|pam|País}} [[Namíbia]]
==Ver também==
===No Wikcionário===
{{África/pam}}
[[Categoria:Substantivo (Pampangan)]]
[[Categoria:Entrada com imagem (Pampangan)]]
={{-pap-}}=
==Substantivo==
'''Namibia''', {{gramática|pr}}
# {{escopo|pap|País}} [[Namíbia]]
==Ver também==
===No Wikcionário===
{{África/pap}}
[[Categoria:Substantivo (Papiamento)]]
[[Categoria:Entrada com imagem (Papiamento)]]
={{-pms-}}=
==Substantivo==
'''Namibia''', {{gramática|pr}}
# {{escopo|pms|País}} [[Namíbia]]
==Ver também==
===No Wikcionário===
{{África/pms}}
[[Categoria:Substantivo (Piemontês)]]
[[Categoria:Entrada com imagem (Piemontês)]]
={{-pl-}}=
==Substantivo==
{{paroxítona|Na|mi|bia|lang=pl}}, {{gramática|f|pr}}
# {{escopo|pl|País}} [[Namíbia]]
# {{tradex|pl|Stolicą '''Namibii''' jest Windhuk.|A capital da Namíbia é Windhoek.}}
# {{tradex|pl|'''Namibia''' jest członkiem Organizacji Narodów Zjednoczonych.|A Namíbia é membro da Organização das Nações Unidas.}}
===Sinônimos===
* {{link opcional|Republika Namibii|pl}} (''nome oficial'')
==Ver também==
===No Wikcionário===
{{verTambém.Ini}}
* {{link opcional|Namibijczyk|pl}}
* {{link opcional|Namibijka|pl}}
{{verTambém.NovaColuna|33}}
* {{link opcional|namibijski|pl}}
{{verTambém.NovaColuna|33}}
* {{link opcional|Windhuk|pl}}
{{verTambém.Fim}}
{{África/pl}}
[[Categoria:Substantivo (Polonês)]]
[[Categoria:Entrada com imagem (Polonês)]]
={{-rm-}}=
==Substantivo==
'''Namibia''', {{gramática|pr}}
# {{escopo|rm|País}} [[Namíbia]]
==Ver também==
===No Wikcionário===
{{África/rm}}
[[Categoria:Substantivo (Romanche)]]
[[Categoria:Entrada com imagem (Romanche)]]
={{-rmy-}}=
==Substantivo==
'''Namibia''', {{gramática|pr}}
# {{escopo|rmy|País}} [[Namíbia]]
==Ver também==
===No Wikcionário===
{{África/rmy}}
[[Categoria:Substantivo (Romani Vlax)]]
[[Categoria:Entrada com imagem (Romani Vlax)]]
={{-rom-}}=
==Substantivo==
'''Namibia''', {{gramática|pr}}
# {{escopo|rom|País}} [[Namíbia]]
==Ver também==
===No Wikcionário===
{{África/rom}}
[[Categoria:Substantivo (Romani)]]
[[Categoria:Entrada com imagem (Romani)]]
={{-ro-}}=
==Substantivo==
'''Namibia''', {{gramática|pr}}
# {{escopo|ro|País}} [[Namíbia]]
==={{-varort-}}===
* '''Alfabeto cirílico''': {{escopo2|moldavo}} {{l.s.|Намибия|{{mo}}}} ''(Somente na Transnístria)''
==Ver também==
===No Wikcionário===
{{África/ro}}
[[Categoria:Substantivo (Romeno)]]
[[Categoria:Entrada com imagem (Romeno)]]
={{-se-}}=
==Substantivo==
'''Namibia''', {{gramática|pr}}
# {{escopo|se|País}} [[Namíbia]]
==Ver também==
===No Wikcionário===
{{África/se}}
[[Categoria:Substantivo (Sami Setentrional)]]
[[Categoria:Entrada com imagem (Sami Setentrional)]]
={{-nso-}}=
==Substantivo==
'''Namibia''', {{gramática|pr}}
# {{escopo|nso|País}} [[Namíbia]]
==Ver também==
===No Wikcionário===
{{África/nso}}
[[Categoria:Substantivo (Sepédi)]]
[[Categoria:Entrada com imagem (Sepédi)]]
={{-st-}}=
==Substantivo==
'''Namibia''', {{gramática|pr}}
# {{escopo|st|País}} [[Namíbia]]
==Ver também==
===No Wikcionário===
{{África/st}}
[[Categoria:Substantivo (Sesoto)]]
[[Categoria:Entrada com imagem (Sesoto)]]
={{-dsb-}}=
==Substantivo==
'''Namibia''', {{gramática|pr}}
# {{escopo|dsb|País}} [[Namíbia]]
==Ver também==
===No Wikcionário===
{{África/dsb}}
[[Categoria:Substantivo (Sorábio Baixo)]]
[[Categoria:Entrada com imagem (Sorábio Baixo)]]
={{-sw-}}=
==Substantivo==
'''Namibia''', {{gramática|pr}}
# {{escopo|sw|País}} [[Namíbia]]
==Ver também==
===No Wikcionário===
{{África/sw}}
[[Categoria:Substantivo (Suaíli)]]
[[Categoria:Entrada com imagem (Suaíli)]]
={{-sv-}}=
==Substantivo==
'''Namibia''', {{gramática|pr}}
# {{escopo|sv|País}} [[Namíbia]]
==Ver também==
===No Wikcionário===
{{África/sv}}
[[Categoria:Substantivo (Sueco)]]
[[Categoria:Entrada com imagem (Sueco)]]
={{-su-}}=
==Substantivo==
'''Namibia''', {{gramática|pr}}
# {{escopo|su|País}} [[Namíbia]]
==Ver também==
===No Wikcionário===
{{África/su}}
[[Categoria:Substantivo (Sundanês)]]
[[Categoria:Entrada com imagem (Sundanês)]]
={{-tl-}}=
==Substantivo==
'''Namibia''', {{gramática|pr}}
# {{escopo|tl|País}} [[Namíbia]]
==Ver também==
===No Wikcionário===
{{África/tl}}
[[Categoria:Substantivo (Tagalo)]]
[[Categoria:Entrada com imagem (Tagalo)]]
={{-tpi-}}=
==Substantivo==
'''Namibia''', {{gramática|pr}}
# {{escopo|tpi|País}} [[Namíbia]]
==Ver também==
===No Wikcionário===
{{África/tpi}}
[[Categoria:Substantivo (Tok Pisin)]]
[[Categoria:Entrada com imagem (Tok Pisin)]]
={{-ts-}}=
==Substantivo==
'''Namibia''', {{gramática|pr}}
# {{escopo|ts|País}} [[Namíbia]]
==Ver também==
===No Wikcionário===
{{África/ts}}
[[Categoria:Substantivo (Tsonga)]]
[[Categoria:Entrada com imagem (Tsonga)]]
={{-tn-}}=
==Substantivo==
'''Namibia''', {{gramática|pr}}
# {{escopo|tn|País}} [[Namíbia]]
==Ver também==
===No Wikcionário===
{{África/tn}}
[[Categoria:Substantivo (Tswana)]]
[[Categoria:Entrada com imagem (Tswana)]]
={{-tk-}}=
==Substantivo==
'''Namibia''', {{gramática|pr}}
# {{escopo|tk|País}} [[Namíbia]]
==Ver também==
===No Wikcionário===
{{África/tk}}
[[Categoria:Substantivo (Turcomeno)]]
[[Categoria:Entrada com imagem (Turcomeno)]]
={{-wa-}}=
==Substantivo==
'''Namibia''', {{gramática|pr}}
# {{escopo|wa|País}} [[Namíbia]]
==Ver também==
===No Wikcionário===
{{África/wa}}
[[Categoria:Substantivo (Valão)]]
[[Categoria:Entrada com imagem (Valão)]]
={{-ve-}}=
==Substantivo==
'''Namibia''', {{gramática|pr}}
# {{escopo|ve|País}} [[Namíbia]]
==Ver também==
===No Wikcionário===
{{África/ve}}
[[Categoria:Substantivo (Venda)]]
[[Categoria:Entrada com imagem (Venda)]]
={{-vec-}}=
==Substantivo==
'''Namibia''', {{gramática|pr}}
# {{escopo|vec|País}} [[Namíbia]]
==Ver também==
===No Wikcionário===
{{África/vec}}
[[Categoria:Substantivo (Vêneto)]]
[[Categoria:Entrada com imagem (Vêneto)]]
={{-vi-}}=
==Substantivo==
'''Namibia''', {{gramática|pr}}
# {{escopo|vi|País}} [[Namíbia]]
==Ver também==
===No Wikcionário===
{{África/vi}}
[[Categoria:Substantivo (Vietnamita)]]
[[Categoria:Entrada com imagem (Vietnamita)]]
={{-war-}}=
==Substantivo==
'''Namibia''', {{gramática|pr}}
# {{escopo|war|País}} [[Namíbia]]
==Ver também==
===No Wikcionário===
{{África/war}}
[[Categoria:Substantivo (Waray-Waray)]]
[[Categoria:Entrada com imagem (Waray-Waray)]]</text>
<sha1>duumi9dfldfy9tzyahtrvrkd1a9aeyj</sha1>
</revision>
