<page>
<page>
<title>Namibija</title>
<ns>0</ns>
<id>127776</id>
<revision>
<id>2607734</id>
<parentid>2565609</parentid>
<timestamp>2021-01-09T22:00:05Z</timestamp>
<contributor>
<username>Amigo7</username>
<id>58547</id>
</contributor>
<comment>Substituindo a tag &lt;center&gt; pela predefinição {centro}</comment>
<model>wikitext</model>
<format>text/x-wiki</format>
<text bytes="1864" xml:space="preserve">{{Wikipédia|lang=bs}}
{{Wikipédia|lang=hr}}
{{Wikipédia|lang=lt}}
{{Wikipédia|lang=sl}}
{{Wikipédia|lang=dsb}}
{{Wikipédia|lang=hsb}}
[[Imagem:Flag of Namibia.svg|thumb|right|250px|{{centro|Bandeira da Namíbia}}]]
[[Imagem:LocationNamibia.png|thumb|right|250px|{{centro|Localização da Namíbia}}]]
={{-bs-}}=
==Substantivo==
'''Namibija''', {{gramática|f|pr}}
# {{escopo|bs|País}} [[Namíbia]]
===Variante===
* [[Republika Namibija]]
==Ver também==
===No Wikcionário===
{{África/bs}}
[[Categoria:Substantivo (Bósnio)]]
[[Categoria:Entrada com imagem (Bósnio)]]
={{-hr-}}=
==Substantivo==
'''Namibija''', {{gramática|f|pr}}
# {{escopo|hr|País}} [[Namíbia]]
===Variante===
* [[Republika Namibija]]
==Ver também==
===No Wikcionário===
{{África/hr}}
[[Categoria:Substantivo (Croata)]]
[[Categoria:Entrada com imagem (Croata)]]
={{-lt-}}=
==Substantivo==
'''Namibija''', {{gramática|f|pr}}
# {{escopo|lt|País}} [[Namíbia]]
==Ver também==
===No Wikcionário===
{{África/lt}}
[[Categoria:Substantivo (Lituano)]]
[[Categoria:Entrada com imagem (Lituano)]]
={{-sl-}}=
==Substantivo==
'''Namibija''', {{gramática|f|pr}}
# {{escopo|sl|País}} [[Namíbia]]
===Variante===
* [[Republika Namibija]]
==Ver também==
===No Wikcionário===
{{África/sl}}
[[Categoria:Substantivo (Esloveno)]]
[[Categoria:Entrada com imagem (Esloveno)]]
={{-hsb-}}=
==Substantivo==
'''Namibija''', {{gramática|f|pr}}
# {{escopo|hsb|País}} [[Namíbia]]
==Ver também==
===No Wikcionário===
{{África/hsb}}
[[Categoria:Substantivo (Sorábio Alto)]]
[[Categoria:Entrada com imagem (Sorábio Alto)]]
={{-dsb-}}=
==Substantivo==
'''Namibija''', {{gramática|f|pr}}
# {{escopo|dsb|País}} [[Namíbia]]
==Ver também==
===No Wikcionário===
{{África/dsb}}
[[Categoria:Substantivo (Sorábio Baixo)]]
[[Categoria:Entrada com imagem (Sorábio Baixo)]]</text>
<sha1>cngj2n8tc9m4eg3xnlawlj11su9dpyp</sha1>
</revision>
