<page>
<page>
<title>Namibi</title>
<ns>0</ns>
<id>130992</id>
<revision>
<id>2662506</id>
<parentid>2275077</parentid>
<timestamp>2022-03-03T01:36:52Z</timestamp>
<contributor>
<username>ValJor</username>
<id>1358</id>
</contributor>
<comment>Acrescentando código de língua à [[:Categoria:!Página com mensagem de erro em predefinição|predefinição escopo]]</comment>
<model>wikitext</model>
<format>text/x-wiki</format>
<text bytes="1189" xml:space="preserve">{{Wikipédia|lang=kw}}
{{Wikipédia|lang=ht}}
{{Wikipédia|lang=kbp}}
{{Wikipédia|lang=wo}}
[[Imagem:Flag of Namibia.svg|thumb|250px|{{centro|Bandeira da Namíbia}}]]
[[Imagem:Namibia (orthographic projection).svg|thumb|250px|{{centro|Localização da Namíbia}}]]
={{-kw-}}=
==Substantivo==
'''Namibi''', {{gramática|pr}}
# {{escopo|kw|País}} [[Namíbia]]
==Ver também==
===No Wikcionário===
{{África/kw}}
[[Categoria:Substantivo (Córnico)]]
[[Categoria:Entrada com imagem (Córnico)]]
={{-ht-}}=
==Substantivo==
'''Namibi''', {{gramática|pr}}
# {{escopo|ht|País}} [[Namíbia]]
==Ver também==
===No Wikcionário===
{{África/ht}}
[[Categoria:Substantivo (Haitiano)]]
[[Categoria:Entrada com imagem (Haitiano)]]
={{-kbp-}}=
==Substantivo==
'''Namibi''', {{gramática|pr}}
# {{escopo|kbp|País}} [[Namíbia]]
==Ver também==
===No Wikcionário===
{{África/kbp}}
[[Categoria:Substantivo (Kabiyé)]]
[[Categoria:Entrada com imagem (Kabiyé)]]
={{-wo-}}=
==Substantivo==
'''Namibi''', {{gramática|pr}}
# {{escopo|wo|País}} [[Namíbia]]
==Ver também==
===No Wikcionário===
{{África/wo}}
[[Categoria:Substantivo (Uolofe)]]
[[Categoria:Entrada com imagem (Uolofe)]]</text>
<sha1>rq6s0begaqjdau2g4agvr7nmmv5isjz</sha1>
</revision>
