<page>
<page>
<title>Namibía</title>
<ns>0</ns>
<id>141574</id>
<revision>
<id>2661737</id>
<parentid>2275086</parentid>
<timestamp>2022-02-28T09:02:15Z</timestamp>
<contributor>
<username>ValJor</username>
<id>1358</id>
</contributor>
<comment>Acrescentando código de língua à [[:Categoria:!Página com mensagem de erro em predefinição|predefinição escopo]]</comment>
<model>wikitext</model>
<format>text/x-wiki</format>
<text bytes="430" xml:space="preserve">{{Wikipédia|lang=is}}
[[Imagem:Flag of Namibia.svg|thumb|250px|{{centro|Bandeira da Namíbia}}]]
[[Imagem:Namibia (orthographic projection).svg|thumb|250px|{{centro|Localização da Namíbia}}]]
={{-is-}}=
==Substantivo==
'''Namibía''', {{gramática|pr}}
# {{escopo|is|País}} [[Namíbia]]
==Ver também==
===No Wikcionário===
{{África/is}}
[[Categoria:Substantivo (Islandês)]]
[[Categoria:Entrada com imagem (Islandês)]]</text>
<sha1>k0exihc23gvyuwuslr8tizdpu0nvwp1</sha1>
</revision>
