<page>
<title>Namiibia</title>
<ns>0</ns>
<id>132612</id>
<revision>
<id>2661671</id>
<parentid>2275087</parentid>
<timestamp>2022-02-27T20:22:02Z</timestamp>
<contributor>
<username>ValJor</username>
<id>1358</id>
</contributor>
<comment>Acrescentando código de língua à [[:Categoria:!Página com mensagem de erro em predefinição|predefinição escopo]]</comment>
<model>wikitext</model>
<format>text/x-wiki</format>
<text bytes="1578" xml:space="preserve">{{Wikipédia|lang=et}}
{{Wikipédia|lang=frr}}
{{Wikipédia|lang=vro}}
[[Imagem:Flag of Namibia.svg|thumb|250px|{{centro|Bandeira da Namíbia}}]]
[[Imagem:Namibia (orthographic projection).svg|thumb|250px|{{centro|Localização da Namíbia}}]]
={{-et-}}=
==Substantivo==
'''Na.mii.bi.a''', {{gramática|pr}}
# {{escopo|et|País}} [[Namíbia]]
==={{PEPB|Sinónimos|Sinônimos|inline=1}}===
* [[Namiibia Vabariik]]
==Ver também==
===No Wikcionário===
{{verTambém.Ini}}
* {{link preto|Windhoek|et}}
{{verTambém.Fim}}
{{África/et}}
[[Categoria:Substantivo (Estoniano)]]
[[Categoria:Polissílabo (Estoniano)]]
[[Categoria:Entrada com imagem (Estoniano)]]
[[Categoria:Cognato (Estoniano)]]
={{-ksh-}}=
==Substantivo==
'''Na.mii.bi.a''', {{gramática|pr}}
# {{escopo|ksh|País}} [[Namíbia]]
==={{-varort-}}===
* {{l.s.|Namibia|{{ksh}}}}, {{l.s.|Namiibije|{{ksh}}}}
==Ver também==
===No Wikcionário===
{{África/ksh}}
[[Categoria:Substantivo (Francônio)]]
[[Categoria:Polissílabo (Francônio)]]
[[Categoria:Entrada com imagem (Francônio)]]
[[Categoria:Cognato (Francônio)]]
={{-frr-}}=
==Substantivo==
'''Namiibia''', {{gramática|pr}}
# {{escopo|frr|País}} [[Namíbia]]
==Ver também==
===No Wikcionário===
{{África/frr}}
[[Categoria:Substantivo (Frísio Setentrional)]]
[[Categoria:Entrada com imagem (Frísio Setentrional)]]
={{-vro-}}=
==Substantivo==
'''Namiibia''', {{gramática|pr}}
# {{escopo|vro|País}} [[Namíbia]]
==Ver também==
===No Wikcionário===
{{África/vro}}
[[Categoria:Substantivo (Võro)]]
[[Categoria:Entrada com imagem (Võro)]]</text>
<sha1>pdgpsdj7e445pz2y7a5y2u2wulwlvi5</sha1>
</revision>
</page>
