<page>
<page>
<title>Namibeye</title>
<ns>0</ns>
<id>422523</id>
<revision>
<id>2583669</id>
<timestamp>2020-03-25T08:03:26Z</timestamp>
<contributor>
<username>ValJor</username>
<id>1358</id>
</contributor>
<comment>Criação do verbete a partir da [[Especial:Páginas_pedidas|lista de palavras pedidas]]</comment>
<model>wikitext</model>
<format>text/x-wiki</format>
<text bytes="395" xml:space="preserve">[[Imagem:Flag of Namibia.svg|thumb|250px|&lt;center&gt;Bandeira da Namíbia&lt;/center&gt;]]
[[Imagem:LocationNamibia.png|thumb|250px|&lt;center&gt;Localização da Namíbia&lt;/center&gt;]]
={{-wa-}}=
==Substantivo==
'''Namibeye''', {{gramática|pr}}
# {{escopo|wa|País}} [[Namíbia]]
==Ver também==
===No Wikcionário===
{{África/wa}}
[[Categoria:Substantivo (Valão)]]
[[Categoria:Entrada com imagem (Valão)]]</text>
<sha1>fal25canpyv1og9yal8xnms8bk4oe8l</sha1>
</revision>
