<page>
<page>
<title>nami</title>
<ns>0</ns>
<id>325318</id>
<revision>
<id>2534215</id>
<parentid>2533625</parentid>
<timestamp>2019-01-27T11:05:21Z</timestamp>
<contributor>
<username>Amigo7</username>
<id>58547</id>
</contributor>
<comment>/* {{-pl-}} */ +{avi-for-fle}</comment>
<model>wikitext</model>
<format>text/x-wiki</format>
<text bytes="665" xml:space="preserve">={{-cod-}}=
==Substantivo==
'''{{grifar|na}}.mi'''
# [[orelha]]&lt;ref group=&quot;cod&quot;&gt;FAUST, 2008, p.155&lt;/ref&gt;
===Notas===
&lt;references group=&quot;cod&quot; /&gt;
===Referências===
{{verTambém.Ini}}
{{Faust2008}}
{{verTambém.Fim}}
{{categorias|{{cod}}|Substantivo|Dissílabo}}
={{-pl-}}=
==Forma de pronome==
{{paroxítona|na|mi|lang=pl}}, {{gramática|pess}}
# caso instrumental do pronome pessoal ''{{link idioma|my|pl}}''
# {{tradex|pl|Maria była z '''nami''' w kinie.|A Maria estava conosco no cinema.}}
{{avi-for-fle|my}}
==Ver também==
===No Wikcionário===
{{decl.pl.pron.pessoal}}
[[Categoria:Forma de pronome (Polonês)]]
[[Categoria:Pronome pessoal (Polonês)]]</text>
<sha1>0x68c2pkp73tlizs9sq10waifmnk0p7</sha1>
</revision>
