<page>
<title>namkurut</title>
<ns>0</ns>
<id>62221</id>
<revision>
<id>2636875</id>
<parentid>795220</parentid>
<timestamp>2021-06-04T08:30:57Z</timestamp>
<contributor>
<username>ValJor</username>
<id>1358</id>
</contributor>
<comment>Já fazia mais de dez anos que ninguém atualizava esse verbete...</comment>
<model>wikitext</model>
<format>text/x-wiki</format>
<text bytes="120" xml:space="preserve">={{-tet-}}=
==Verbo==
'''nam.ku.rut'''
# [[enrugar]]-se
[[Categoria:Verbo (Tétum)]]
[[Categoria:Trissílabo (Tétum)]]</text>
<sha1>qxjk0pdebpr2ggo6owxzde24wc7ahwp</sha1>
</revision>
</page>
