<page>
<title>namlaik</title>
<ns>0</ns>
<id>51912</id>
<revision>
<id>1306981</id>
<parentid>1081716</parentid>
<timestamp>2011-11-28T23:54:54Z</timestamp>
<contributor>
<username>MalafayaBot</username>
<id>628</id>
</contributor>
<minor />
<comment>Robô: Substituição de texto automática (-^\=(\s*?)Tétum(\s*?)\= +={{-tet-}}= &amp; -^\=(\s*?)\{\{tet\}\}(\s*?)\= +={{-tet-}}=)</comment>
<model>wikitext</model>
<format>text/x-wiki</format>
<text bytes="79" xml:space="preserve">={{-tet-}}=
==Verbo==
'''namlaik'''
# [[murchar]]
[[Categoria:Verbo (Tétum)]]</text>
<sha1>379yg291amqhu84qtg4cwdgfpstvbh3</sha1>
</revision>
</page>
