<page>
<title>namn</title>
<ns>0</ns>
<id>117447</id>
<revision>
<id>2379812</id>
<parentid>2236896</parentid>
<timestamp>2017-05-05T16:29:58Z</timestamp>
<contributor>
<username>HydrizBot</username>
<id>29590</id>
</contributor>
<minor />
<comment>Robô: A limpar links interwikis antigos</comment>
<model>wikitext</model>
<format>text/x-wiki</format>
<text bytes="270" xml:space="preserve">={{-sv-}}=
== Substantivo ==
'''namn''', ''neutro, grupo 5''
# [[nome]].
=== Declinação ===
{{decl.sv.subst.5.neu|namn}}
== Etimologia ==
: Do Nórdico Antigo, ''[[nafn#{{non}}|nafn]]''.
[[Categoria:Substantivo (Sueco)]]
[[Categoria:Entrada com etimologia (Sueco)]]</text>
<sha1>i6wh7d0gna8sh5gfv4t6otnz9ubvuiz</sha1>
</revision>
</page>
