<page>
<page>
<title>namorada</title>
<ns>0</ns>
<id>12699</id>
<revision>
<id>2616647</id>
<parentid>2596763</parentid>
<timestamp>2021-02-01T01:41:38Z</timestamp>
<contributor>
<username>MarxavBot</username>
<id>80155</id>
</contributor>
<minor />
<comment>AFI Portugal</comment>
<model>wikitext</model>
<format>text/x-wiki</format>
<text bytes="663" xml:space="preserve">={{-pt-}}=
==Forma de adjetivo==
{{paroxítona|na|mo|ra|da}}, {{gramática|f}}
# feminino de [[namorado]]
==Forma de substantivo==
{{paroxítona|na|mo|ra|da}}, {{gramática|f}}
# feminino de [[namorado]]
===Tradução===
{{tradini}}
* {{trad|kea|membra}}
* {{trad|fi|tyttöystävä}}
* {{trad|en|girlfriend}}
* {{trad|es|novia}}
{{tradmeio}} 
* {{trad|el|φιλενάδα}}
* {{trad|ja|彼女}}
* {{trad|pl|dziewczyna|sympatia}}
{{tradfim}}
{{avi-for-fle|namorado}}
=={{pronúncia|pt}}==
===Portugal===
* AFI: {{AFI|/nɐ.mu.ˈɾa.dɐ/}}
==Anagrama==
# [[amornada]]
[[Categoria:Forma de adjetivo (Português)]]
[[Categoria:Forma de substantivo (Português)]]</text>
<sha1>ntanvq4oq5dhct6jyme3ccucc2v4i0t</sha1>
</revision>
