<page>
<title>namoricámos</title>
<ns>0</ns>
<id>312084</id>
<revision>
<id>2543303</id>
<parentid>1658796</parentid>
<timestamp>2019-05-02T17:39:06Z</timestamp>
<contributor>
<username>ValJor</username>
<id>1358</id>
</contributor>
<comment>Acrescentando a predefinição avi-for-fle</comment>
<model>wikitext</model>
<format>text/x-wiki</format>
<text bytes="270" xml:space="preserve">={{-pt-}}=
==Forma verbal==
{{paroxítona|na|mo|ri|cá|mos}}
# {{escopo2|grafia lusitana}} primeira pessoa do plural do pretérito perfeito do indicativo do verbo [[namoricar]]
{{avi-for-fle|namoricar}}
[[Categoria:Forma verbal (Português)]]
[[Categoria:Lusitanismo]]</text>
<sha1>enc8mufplk099a3smfvaspgvz51qahn</sha1>
</revision>
</page>
