<page>
<page>
<title>namorou</title>
<ns>0</ns>
<id>173083</id>
<revision>
<id>2570567</id>
<parentid>2379869</parentid>
<timestamp>2020-01-13T08:05:12Z</timestamp>
<contributor>
<username>MIL973</username>
<id>41339</id>
</contributor>
<model>wikitext</model>
<format>text/x-wiki</format>
<text bytes="232" xml:space="preserve">={{-pt-}}=
==Forma verbal==
{{oxítona|na|mo|rou}}
# terceira pessoa do singular do pretérito perfeito do indicativo do verbo [[namorar]]
{{avi-for-fle|namorar}}
==Anagrama==
# [[amornou]]
[[Categoria:Forma verbal (Português)]]</text>
<sha1>omvj45dqe628apc85gw1oyza4huyyuo</sha1>
</revision>
