<page>
<page>
<title>namoras</title>
<ns>0</ns>
<id>154307</id>
<revision>
<id>2571853</id>
<parentid>2570536</parentid>
<timestamp>2020-01-21T09:36:56Z</timestamp>
<contributor>
<username>MIL973</username>
<id>41339</id>
</contributor>
<model>wikitext</model>
<format>text/x-wiki</format>
<text bytes="280" xml:space="preserve">={{-pt-}}=
==Forma verbal==
{{paroxítona|na|mo|ras}}
# segunda pessoa do singular do presente do indicativo do verbo [[namorar]]
{{avi-for-fle|namorar}}
==Anagramas==
# [[amornas]]
# [[maronas]]
# [[Ramonas]]
# [[romanas]]
# [[Romanas]]
[[Categoria:Forma verbal (Português)]]</text>
<sha1>4c1nxnrsxzml3vmc7kjwsrnhy3crq5r</sha1>
</revision>
