<page>
<page>
<title>namorarem</title>
<ns>0</ns>
<id>211326</id>
<revision>
<id>2570522</id>
<parentid>2570509</parentid>
<timestamp>2020-01-13T07:17:33Z</timestamp>
<contributor>
<username>MIL973</username>
<id>41339</id>
</contributor>
<model>wikitext</model>
<format>text/x-wiki</format>
<text bytes="321" xml:space="preserve">={{-pt-}}=
==Forma verbal==
{{paroxítona|na|mo|ra|rem}}
# terceira pessoa do plural do futuro do {{PEPB|inline=1|conjuntivo|subjuntivo}} do verbo [[namorar]]
# infinitivo pessoal da terceira pessoa do plural do verbo namorar
{{avi-for-fle|namorar}}
==Anagrama==
# [[amornarem]]
[[Categoria:Forma verbal (Português)]]</text>
<sha1>4cojkhnrfh831sptkiwk9d8uf74q0ki</sha1>
</revision>
