<page>
<page>
<title>namoros</title>
<ns>0</ns>
<id>350927</id>
<revision>
<id>2462750</id>
<parentid>2462748</parentid>
<timestamp>2017-11-25T01:35:37Z</timestamp>
<contributor>
<username>MIL973</username>
<id>41339</id>
</contributor>
<model>wikitext</model>
<format>text/x-wiki</format>
<text bytes="248" xml:space="preserve">={{-pt-}}=
==Forma de substantivo==
{{paroxítona|na|mo|ros}}, {{gramática|mp}}
# plural de [[namoro]]
{{avi-for-fle|namoro}}
==Anagramas==
# [[ornamos]]
# [[ornámos]]
# [[romanos]]
# [[Romanos]]
[[Categoria:Forma de substantivo (Português)]]</text>
<sha1>h1ur6mlw8jbp1ovvh64stah35kx9f2i</sha1>
</revision>
