<page>
<page>
<title>namore</title>
<ns>0</ns>
<id>212929</id>
<revision>
<id>2570550</id>
<parentid>2379858</parentid>
<timestamp>2020-01-13T07:42:43Z</timestamp>
<contributor>
<username>MIL973</username>
<id>41339</id>
</contributor>
<model>wikitext</model>
<format>text/x-wiki</format>
<text bytes="495" xml:space="preserve">={{-pt-}}=
==Forma verbal==
{{paroxítona|na|mo|re}}
# primeira pessoa do singular do presente do {{PEPB|inline=1|conjuntivo|subjuntivo}} do verbo [[namorar]]
# terceira pessoa do singular do presente do {{PEPB|inline=1|conjuntivo|subjuntivo}} do verbo namorar
# terceira pessoa do singular do imperativo afirmativo do verbo namorar
# terceira pessoa do singular do imperativo negativo do verbo namorar
{{avi-for-fle|namorar}}
==Anagrama==
# [[amorne]]
[[Categoria:Forma verbal (Português)]]</text>
<sha1>615mk2xdmjuqe16m9utvjv2typl2ziv</sha1>
</revision>
