<page>
<page>
<title>namorador</title>
<ns>0</ns>
<id>415424</id>
<revision>
<id>2609933</id>
<parentid>2561481</parentid>
<timestamp>2021-01-30T10:28:55Z</timestamp>
<contributor>
<username>Marxav</username>
<id>73271</id>
</contributor>
<minor />
<comment>AFI Portugal</comment>
<model>wikitext</model>
<format>text/x-wiki</format>
<text bytes="851" xml:space="preserve">={{-pt-}}=
==Adjetivo==
{{flex.pt|ms=namorador|mp=namoradores|fs=namoradora|fp=namoradoras}}
{{oxítona|na|mo|ra|dor}}, {{gramática|m}}
# que se [[namorar|namora]]
===Sinônimos===
{{colunas|2}}
* [[namoradeiro]]
* [[namorado]]
{{colunas/fim}}
==Substantivo==
{{flex.pt|ms=namorador|mp=namoradores|fs=namoradora|fp=namoradoras}}
{{oxítona|na|mo|ra|dor}}, {{gramática|m}}
# pessoa que se namora
===Sinônimo===
{{colunas|3}}
* [[namoradeiro]]
* [[namorado]]
* [[pequeno]]
{{colunas/fim}}
=={{etimologia|pt}}==
: {{escopo|Morfologia}} De [[namorar]] + [[-dor]].
=={{pronúncia|pt}}==
===Portugal===
* AFI: {{AFI|/nɐ.mu.ɾɐ.ˈdoɾ/}}
==Ver também==
===No Wikcionário===
{{colunas|2}}
* [[namorido]]
* [[namoro]]
{{colunas/fim}}
====Antropônimos====
* [[Namorado]]
[[Categoria:Adjetivo (Português)]]
[[Categoria:Substantivo (Português)]]</text>
<sha1>8h2vgjn4luiuyfmawkn76cysi496590</sha1>
</revision>
