<page>
<title>namoricar</title>
<ns>0</ns>
<id>53057</id>
<revision>
<id>2379865</id>
<parentid>1781001</parentid>
<timestamp>2017-05-05T16:32:07Z</timestamp>
<contributor>
<username>HydrizBot</username>
<id>29590</id>
</contributor>
<minor />
<comment>Robô: A limpar links interwikis antigos</comment>
<model>wikitext</model>
<format>text/x-wiki</format>
<text bytes="275" xml:space="preserve">={{-pt-}}=
==Verbo==
{{oxítona|na|mo|ri|car}}, ''transitivo e intransitivo''
# [[namorar]] por [[passatempo]]
# [[namoriscar]]
===Conjugação===
{{conj/pt|namori|car}}
=={{etimologia|pt}}==
: {{escopo|Morfologia}} [[namorico]] + [[-ar]].
[[Categoria:Verbo (Português)]]</text>
<sha1>apu5x2b9qe8m55leb72mjriy45ocwm9</sha1>
</revision>
</page>
