<page>
<page>
<title>namorastes</title>
<ns>0</ns>
<id>174375</id>
<revision>
<id>2570565</id>
<parentid>2379854</parentid>
<timestamp>2020-01-13T08:02:46Z</timestamp>
<contributor>
<username>MIL973</username>
<id>41339</id>
</contributor>
<model>wikitext</model>
<format>text/x-wiki</format>
<text bytes="239" xml:space="preserve">={{-pt-}}=
==Forma verbal==
{{paroxítona|na|mo|ras|tes}}
# segunda pessoa do plural do pretérito perfeito do indicativo do verbo [[namorar]]
{{avi-for-fle|namorar}}
==Anagrama==
# [[amornastes]]
[[Categoria:Forma verbal (Português)]]</text>
<sha1>9qu3us48puyt6xbowj4hy3oklikeb4o</sha1>
</revision>
