<page>
<page>
<title>Namorados</title>
<ns>0</ns>
<id>339222</id>
<revision>
<id>2561562</id>
<parentid>2561469</parentid>
<timestamp>2019-11-16T07:58:27Z</timestamp>
<contributor>
<username>MIL973</username>
<id>41339</id>
</contributor>
<model>wikitext</model>
<format>text/x-wiki</format>
<text bytes="278" xml:space="preserve">{{ver também|namorados}}
={{-pt-}}=
==Forma de substantivo==
{{paroxítona|Na|mo|ra|dos}}, {{gramática|pr|c2g}}
# plural de [[Namorado]]
{{avi-for-fle|Namorado}}
==Anagramas==
# [[adornamos]]
# [[adornámos]]
# [[amornados]]
[[Categoria:Forma de substantivo (Português)]]</text>
<sha1>i4rfo84bpkcu2ioacnlprbepaql8ltr</sha1>
</revision>
