<page>
<title>namoriscámos</title>
<ns>0</ns>
<id>312087</id>
<revision>
<id>2543294</id>
<parentid>1658851</parentid>
<timestamp>2019-05-02T12:48:29Z</timestamp>
<contributor>
<username>ValJor</username>
<id>1358</id>
</contributor>
<comment>Acrescentando a predefinição avi-for-fle</comment>
<model>wikitext</model>
<format>text/x-wiki</format>
<text bytes="273" xml:space="preserve">={{-pt-}}=
==Forma verbal==
{{paroxítona|na|mo|ris|cá|mos}}
# {{escopo2|grafia lusitana}} primeira pessoa do plural do pretérito perfeito do indicativo do verbo [[namoriscar]]
{{avi-for-fle|namoriscar}}
[[Categoria:Forma verbal (Português)]]
[[Categoria:Lusitanismo]]</text>
<sha1>3wxps9f2ojnq0nlt3gvdwv298q5aah4</sha1>
</revision>
</page>
