<page>
<title>namoramos</title>
<ns>0</ns>
<id>157190</id>
<revision>
<id>2570564</id>
<parentid>2493025</parentid>
<timestamp>2020-01-13T08:01:21Z</timestamp>
<contributor>
<username>MIL973</username>
<id>41339</id>
</contributor>
<model>wikitext</model>
<format>text/x-wiki</format>
<text bytes="384" xml:space="preserve">{{grafiaPtbr|namorámos}}
={{-pt-}}=
==Forma verbal==
{{paroxítona|na|mo|ra|mos}}
# primeira pessoa do plural do presente do indicativo do verbo [[namorar]]
# {{escopo2|Grafia brasileira}} primeira pessoa do plural do pretérito perfeito do indicativo do verbo namorar
{{avi-for-fle|namorar}}
==Anagramas==
# [[amornamos]]
# [[amornámos]]
[[Categoria:Forma verbal (Português)]]</text>
<sha1>dlv2f8gjhotwdm1yfxm5r1fq48qfrb2</sha1>
</revision>
</page>
