<page>
<page>
<title>namoráreis</title>
<ns>0</ns>
<id>181876</id>
<revision>
<id>2570554</id>
<parentid>2379872</parentid>
<timestamp>2020-01-13T07:49:15Z</timestamp>
<contributor>
<username>MIL973</username>
<id>41339</id>
</contributor>
<model>wikitext</model>
<format>text/x-wiki</format>
<text bytes="296" xml:space="preserve">{{ver também|namorareis}}
={{-pt-}}=
==Forma verbal==
{{paroxítona|na|mo|rá|reis}}
# segunda pessoa do plural do pretérito mais-que-perfeito do indicativo do verbo [[namorar]]
{{avi-for-fle|namorar}}
==Anagramas==
# [[amornareis]]
# [[amornáreis]]
[[Categoria:Forma verbal (Português)]]</text>
<sha1>ly0qtg5agpmxy4stc2er8gutt11mw5y</sha1>
</revision>
