<page>
<title>namoraríeis</title>
<ns>0</ns>
<id>194391</id>
<revision>
<id>2571081</id>
<parentid>2571080</parentid>
<timestamp>2020-01-16T08:01:22Z</timestamp>
<contributor>
<username>MIL973</username>
<id>41339</id>
</contributor>
<model>wikitext</model>
<format>text/x-wiki</format>
<text bytes="245" xml:space="preserve">={{-pt-}}=
==Forma verbal==
{{paroxítona|na|mo|ra|rí|eis}}
# segunda pessoa do plural do futuro do pretérito do indicativo do verbo [[namorar]]
{{avi-for-fle|namorar}}
==Anagrama==
# [[amornaríeis]]
[[Categoria:Forma verbal (Português)]]</text>
<sha1>62jtcnummpplwnpqkwp9p3miygxrqdk</sha1>
</revision>
</page>
