<page>
<title>namoravam</title>
<ns>0</ns>
<id>168861</id>
<revision>
<id>2570571</id>
<parentid>2379856</parentid>
<timestamp>2020-01-13T08:09:32Z</timestamp>
<contributor>
<username>MIL973</username>
<id>41339</id>
</contributor>
<model>wikitext</model>
<format>text/x-wiki</format>
<text bytes="240" xml:space="preserve">={{-pt-}}=
==Forma verbal==
{{paroxítona|na|mo|ra|vam}}
# terceira pessoa do plural do pretérito imperfeito do indicativo do verbo [[namorar]]
{{avi-for-fle|namorar}}
==Anagrama==
# [[amornavam]]
[[Categoria:Forma verbal (Português)]]</text>
<sha1>b8dn2ux66g4yqvcniv9pgmf47xbmzyw</sha1>
</revision>
</page>
