<page>
<title>namorariam</title>
<ns>0</ns>
<id>195726</id>
<revision>
<id>2571077</id>
<parentid>2571076</parentid>
<timestamp>2020-01-16T07:59:55Z</timestamp>
<contributor>
<username>MIL973</username>
<id>41339</id>
</contributor>
<model>wikitext</model>
<format>text/x-wiki</format>
<text bytes="242" xml:space="preserve">={{-pt-}}=
==Forma verbal==
{{paroxítona|na|mo|ra|ri|am}}
# terceira pessoa do plural do futuro do pretérito do indicativo do verbo [[namorar]]
{{avi-for-fle|namorar}}
==Anagrama==
# [[amornariam]]
[[Categoria:Forma verbal (Português)]]</text>
<sha1>mr95p4h3bl7bo2ygd2un5qmwpsh8kog</sha1>
</revision>
</page>
