<page>
<page>
<title>namorido</title>
<ns>0</ns>
<id>114850</id>
<revision>
<id>2690718</id>
<parentid>2586954</parentid>
<timestamp>2022-10-27T09:37:47Z</timestamp>
<contributor>
<username>InternetArchiveBot</username>
<id>81604</id>
</contributor>
<comment>Rescuing 1 sources and tagging 0 as dead.) #IABot (v2.0.9.2</comment>
<model>wikitext</model>
<format>text/x-wiki</format>
<text bytes="2078" xml:space="preserve">={{-pt-}}=
==Adjetivo==
{{flex.pt|ms=namorido|mp=namoridos|ms-div=na.mo.&lt;u&gt;ri&lt;/u&gt;.do|mp-div=na.mo.&lt;u&gt;ri&lt;/u&gt;.dos}}
{{paroxítona|na|mo|ri|do}}
# {{escopo|pt|Brasil|coloquial|neologismo}} relativo a relação não formalizada, mas [[estável]], entre um casal
#: ''Para a versão contemporânea de relação conjugal, que é viver junto sem &quot;papel passado&quot;, existe até um termo: '''namorido''' (namorado e marido). A palavra divertida toma o lugar de expressões jurídicas como &quot;neo-estável&quot;, &quot;maritalmente&quot; ou, como se dizia antigamente de forma pejorativa, &quot;amasiado&quot; e &quot;amancebado&quot;.
#: (...)
#: ''Durante a fase '''namorido''', adiaram o casamento três vezes. Foi o tempo que Amélia precisou para ver como eram bem diferentes, e tinham aspirações também distintas.''
#:: [http://www.estadao.com.br/arquivo/suplementos/2007/not20070326p9573.htm '''Casamento sem papel'''] em [https://web.archive.org/web/20090714020824/http://www.estadao.com.br/suplementos/feminino.htm Suplemento Feminino Online] - [http://www.estadao.com.br O Estado de S. Paulo.] Segunda-feira, 26 de março de 2007.
==Substantivo==
{{flex.pt|ms=namorido|mp=namoridos|fs=namorida|fp=namoridas|ms-div=na.mo.&lt;u&gt;ri&lt;/u&gt;.do|mp-div=na.mo.&lt;u&gt;ri&lt;/u&gt;.dos|fs-div=na.mo.&lt;u&gt;ri&lt;/u&gt;.da|fp-div=na.mo.&lt;u&gt;ri&lt;/u&gt;.das}}
{{paroxítona|na|mo|ri|do}}, {{gramática|m}}
# {{escopo|pt|Brasil|coloquial|neologismo}} o indivíduo [[masculino]] da [[relação]] não formalizada, mas estável, entre um casal
=={{etimologia|pt}}==
: Cruzamento vocabular de [[namorado]] e [[marido]].
::cf. BASSO, R. M.; ILARI, R. '''[http://books.google.com.br/books?id=bGJ8GtSEA4UC O português da gente: a língua que estudamos, a língua que falamos]'''. Editora Contexto, 2006.
:*Datação: '''[http://books.google.com.br/books?id=t3CwAAAAIAAJ 1995]'''
==Ver também==
===No Wikcionário===
* [[namoridar]]
==Ligações externas==
* {{Michaelis}}
==Anagrama==
&lt;!-- índice para anagramas: pt: adimnoor --&gt;
# [[minorado]]
[[Categoria:Adjetivo (Português)]]
[[Categoria:Substantivo (Português)]]
[[Categoria:Século XX (Português)]]</text>
<sha1>60g5zmcieirdw5j2kh7cy2bmoadd5up</sha1>
</revision>
