<page>
<title>namoradores</title>
<ns>0</ns>
<id>415426</id>
<revision>
<id>2561563</id>
<parentid>2561490</parentid>
<timestamp>2019-11-16T08:03:00Z</timestamp>
<contributor>
<username>MIL973</username>
<id>41339</id>
</contributor>
<model>wikitext</model>
<format>text/x-wiki</format>
<text bytes="422" xml:space="preserve">={{-pt-}}=
==Forma de adjetivo==
{{paroxítona|na|mo|ra|do|res}}, {{gramática|mp}}
# plural de [[namorador]]
==Forma de substantivo==
{{paroxítona|na|mo|ra|do|res}}, {{gramática|mp}}
# plural de [[namorador]]
{{avi-for-fle|namorador}}
==Anagramas==
# [[adornaremos]]
# [[desmoronara]]
# [[desmoronará]]
# [[ordenáramos]]
[[Categoria:Forma de adjetivo (Português)]]
[[Categoria:Forma de substantivo (Português)]]</text>
<sha1>6s7zlkdvhf8uw2h5si5uzojlyhpmzga</sha1>
</revision>
</page>
