<page>
<title>namorais</title>
<ns>0</ns>
<id>158587</id>
<revision>
<id>2570545</id>
<parentid>2570544</parentid>
<timestamp>2020-01-13T07:35:55Z</timestamp>
<contributor>
<username>MIL973</username>
<id>41339</id>
</contributor>
<model>wikitext</model>
<format>text/x-wiki</format>
<text bytes="266" xml:space="preserve">={{-pt-}}=
==Forma verbal==
{{oxítona|na|mo|rais}}
# segunda pessoa do plural do presente do indicativo do verbo [[namorar]]
{{avi-for-fle|namorar}}
==Anagramas==
# [[amornais]]
# [[anormais]]
# [[marianos]]
# [[Marianos]]
[[Categoria:Forma verbal (Português)]]</text>
<sha1>rxrlzijrrggq3fskwoz3lp8h3t8g6jn</sha1>
</revision>
</page>
