<page>
<title>namora</title>
<ns>0</ns>
<id>7957</id>
<revision>
<id>2571848</id>
<parentid>2570537</parentid>
<timestamp>2020-01-21T09:34:42Z</timestamp>
<contributor>
<username>MIL973</username>
<id>41339</id>
</contributor>
<model>wikitext</model>
<format>text/x-wiki</format>
<text bytes="409" xml:space="preserve">={{-pt-}}=
==Forma verbal==
{{paroxítona|na|mo|ra}}
# terceira pessoa do singular do presente do indicativo do verbo [[namorar]]
# segunda pessoa do imperativo afirmativo do verbo namorar
{{avi-for-fle|namorar}}
==Anagramas==
# [[amorna]]
# [[romana]]
# [[Romana]]
# [[Ramona]]
[[Categoria:Forma verbal (Português)]]
={{-kea-}}=
==Verbo==
'''namora'''
# [[namorar]]
[[Categoria:Verbo (Cabo-verdiano)]]</text>
<sha1>i3tfp6vln584jnnxw0f1msac8xhxzn3</sha1>
</revision>
</page>
