<page>
<title>namoremos</title>
<ns>0</ns>
<id>214124</id>
<revision>
<id>2570548</id>
<parentid>2379863</parentid>
<timestamp>2020-01-13T07:39:24Z</timestamp>
<contributor>
<username>MIL973</username>
<id>41339</id>
</contributor>
<model>wikitext</model>
<format>text/x-wiki</format>
<text bytes="394" xml:space="preserve">={{-pt-}}=
==Forma verbal==
{{paroxítona|na|mo|re|mos}}
# primeira pessoa do plural do presente do {{PEPB|inline=1|conjuntivo|subjuntivo}} do verbo [[namorar]]
# primeira pessoa do plural do imperativo afirmativo do verbo namorar
# primeira pessoa do plural do imperativo negativo do verbo namorar
{{avi-for-fle|namorar}}
==Anagrama==
# [[amornemos]]
[[Categoria:Forma verbal (Português)]]</text>
<sha1>0k6dvd7tofiyj8bfjnyrm8xt9bplsgm</sha1>
</revision>
</page>
