<page>
<page>
<title>namorei</title>
<ns>0</ns>
<id>170293</id>
<revision>
<id>2570568</id>
<parentid>2379859</parentid>
<timestamp>2020-01-13T08:06:08Z</timestamp>
<contributor>
<username>MIL973</username>
<id>41339</id>
</contributor>
<model>wikitext</model>
<format>text/x-wiki</format>
<text bytes="232" xml:space="preserve">={{-pt-}}=
==Forma verbal==
{{oxítona|na|mo|rei}}
# primeira pessoa do singular do pretérito perfeito do indicativo do verbo [[namorar]]
{{avi-for-fle|namorar}}
==Anagrama==
# [[amornei]]
[[Categoria:Forma verbal (Português)]]</text>
<sha1>clt6o6137a1edgj34vc83ytxjrnky6h</sha1>
</revision>
