<page>
<title>namoradoras</title>
<ns>0</ns>
<id>415425</id>
<revision>
<id>2561564</id>
<parentid>2561486</parentid>
<timestamp>2019-11-16T08:03:52Z</timestamp>
<contributor>
<username>MIL973</username>
<id>41339</id>
</contributor>
<model>wikitext</model>
<format>text/x-wiki</format>
<text bytes="384" xml:space="preserve">={{-pt-}}=
==Forma de adjetivo==
{{paroxítona|na|mo|ra|do|ras}}, {{gramática|fp}}
# feminino plural de [[namorador]]
==Forma de substantivo==
{{paroxítona|na|mo|ra|do|ras}}, {{gramática|fp}}
# feminino plural de [[namorador]]
{{avi-for-fle|namorador}}
==Anagrama==
# [[adornáramos]]
[[Categoria:Forma de adjetivo (Português)]]
[[Categoria:Forma de substantivo (Português)]]</text>
<sha1>qvhk9the9yx5l2ptcdu3cmokg87vfeo</sha1>
</revision>
</page>
