<page>
<page>
<title>namorico</title>
<ns>0</ns>
<id>428194</id>
<revision>
<id>2602292</id>
<timestamp>2020-11-18T08:27:04Z</timestamp>
<contributor>
<username>Cpls</username>
<id>20608</id>
</contributor>
<comment>[[Ajuda:Guia de edição/Menus e ferramentas/Sumário de edição|→]] nova página: ={{-pt-}}= ==Substantivo== {{flex.pt|ms=namorico|mp=namoricos}} {{paroxítona|na|mo|ri|co}}, {{gramática|m}}...</comment>
<model>wikitext</model>
<format>text/x-wiki</format>
<text bytes="435" xml:space="preserve">={{-pt-}}=
==Substantivo==
{{flex.pt|ms=namorico|mp=namoricos}}
{{paroxítona|na|mo|ri|co}}, {{gramática|m}}
# [[namoro]], relacionamento amoroso de menor compromisso
# [[par]], [[namorado]] ou da namorada, com quem é mantida uma relação amorosa no seu início ou de menor compromisso
=={{etimologia|pt}}==
: {{escopo|Morfologia}} De ''[[namoro#{{gl}}|namoro]]'' + ''[[-ico#{{gl}}|-ico]]''.
[[Categoria:Substantivo (Português)]]</text>
<sha1>4yxtnkno38qs2bloqd4cz5ddgeawvmm</sha1>
</revision>
