<page>
<page>
<title>namorado</title>
<ns>0</ns>
<id>32836</id>
<revision>
<id>2636891</id>
<parentid>2619803</parentid>
<timestamp>2021-06-04T09:21:46Z</timestamp>
<contributor>
<username>ValJor</username>
<id>1358</id>
</contributor>
<comment>Eliminando [[pitchula]] da lista de [[Especial:Lonelypages|órfãos]]</comment>
<model>wikitext</model>
<format>text/x-wiki</format>
<text bytes="1409" xml:space="preserve">{{Wikipédia}}
{{ver também|Namorado}}
={{-pt-}}=
==Adjetivo==
{{flex.pt|ms=namorado|mp=namorados|fs=namorada|fp=namoradas}}
{{paroxítona|na|mo|ra|do}}, {{gramática|m}}
# que se [[namorar|namora]]
===Sinônimos===
{{colunas|2}}
* [[namoradeiro]]
* [[namorador]]
{{colunas/fim}}
==Substantivo&lt;sup&gt;1&lt;/sup&gt;==
{{flex.pt|ms=namorado|mp=namorados|fs=namorada|fp=namoradas}}
{{paroxítona|na|mo|ra|do}}, {{gramática|m}}
# pessoa que se namora
===Sinônimo===
{{colunas|2}}
* [[namoradeiro]]
* [[namorador]]
* [[pequeno]]
* [[pitchula]]
{{colunas/fim}}
===Expressões===
* '''[[Dia dos Namorados]]''':
===Tradução===
{{tradini|De pessoa que se namora}}
* {{trad|de|Freund|Freundin}}
* {{trad|fi|poikaystävä}}
{{tradmeio}} 
* {{trad|en|friend|boyfriend|girlfriend}}
* {{trad|pl|chłopak|sympatia}}
{{tradfim}}
==Substantivo&lt;sup&gt;2&lt;/sup&gt;==
{{flex.pt|ms=namorado|mp=namorados}}
{{paroxítona|na|mo|ra|do}}, {{gramática|m}}
# {{escopo|pt|Peixe|zoologia}} certo tipo de [[peixe]] [[marinho]]
=={{etimologia|pt}}==
: Particípio do verbo [[namorar]].
=={{pronúncia|pt}}==
===Portugal===
* AFI: {{AFI|/nɐ.mu.ˈɾa.du/}}
==Ver também==
===No Wikcionário===
{{colunas|2}}
* [[namorido]]
* [[namoro]]
{{colunas/fim}}
====Antropônimos====
* [[Namorado]]
==Anagrama==
&lt;!-- índice para anagramas: pt: aadmnoor --&gt;
# [[amornado]]
[[Categoria:Adjetivo (Português)]]
[[Categoria:Substantivo (Português)]]</text>
<sha1>g1nemj76le74x01jnw78zv08wy1ya4t</sha1>
</revision>
