<page>
<title>namoráramos</title>
<ns>0</ns>
<id>180160</id>
<revision>
<id>2570560</id>
<parentid>2379871</parentid>
<timestamp>2020-01-13T07:55:56Z</timestamp>
<contributor>
<username>MIL973</username>
<id>41339</id>
</contributor>
<model>wikitext</model>
<format>text/x-wiki</format>
<text bytes="257" xml:space="preserve">={{-pt-}}=
==Forma verbal==
{{proparoxítona|na|mo|rá|ra|mos}}
# primeira pessoa do plural do pretérito mais-que-perfeito do indicativo do verbo [[namorar]]
{{avi-for-fle|namorar}}
==Anagrama==
# [[amornáramos]]
[[Categoria:Forma verbal (Português)]]</text>
<sha1>en3g5tua8cxk3la9nm0syjov01f25ym</sha1>
</revision>
</page>
