<page>
<title>namorara</title>
<ns>0</ns>
<id>177204</id>
<revision>
<id>2570558</id>
<parentid>2379829</parentid>
<timestamp>2020-01-13T07:53:35Z</timestamp>
<contributor>
<username>MIL973</username>
<id>41339</id>
</contributor>
<model>wikitext</model>
<format>text/x-wiki</format>
<text bytes="384" xml:space="preserve">{{ver também|namorará}}
={{-pt-}}=
==Forma verbal==
{{paroxítona|na|mo|ra|ra}}
# primeira pessoa do singular do pretérito mais-que-perfeito do indicativo do verbo [[namorar]]
# terceira pessoa do singular do pretérito mais-que-perfeito do indicativo do verbo namorar
{{avi-for-fle|namorar}}
==Anagramas==
# [[amornara]]
# [[amornará]]
[[Categoria:Forma verbal (Português)]]</text>
<sha1>kjbnzo7p76pxmpm7j9wilbjrhw2w7iw</sha1>
</revision>
</page>
