<page>
<title>namoradeiro</title>
<ns>0</ns>
<id>338064</id>
<revision>
<id>2602299</id>
<parentid>2602298</parentid>
<timestamp>2020-11-18T08:36:38Z</timestamp>
<contributor>
<username>Cpls</username>
<id>20608</id>
</contributor>
<comment>/* {{-gl-}} */</comment>
<model>wikitext</model>
<format>text/x-wiki</format>
<text bytes="376" xml:space="preserve">={{-gl-}}=
==Adjetivo==
{{flex.gl|ms=namoradeiro|mp=namoradeiros|fs=namoradeira|fp=namoradeiras}}
{{paroxítona|na|mo|ra|dei|ro|lang=gl}}
# que [[namorar|namora]], que atrai
=={{etimologia|gl}}==
: {{escopo|Morfologia}} De ''[[namorar#{{gl}}|namorar]]'' + ''[[-deiro#{{gl}}|-deiro]]''. Confronte-se com ''[[namoradoiro#{{gl}}|namoradoiro]]''.
[[Categoria:Adjetivo (Galego)]]</text>
<sha1>lygnjppwsz4eg2abzmkzml98ry91wu0</sha1>
</revision>
</page>
