<page>
<page>
<title>namoreis</title>
<ns>0</ns>
<id>217078</id>
<revision>
<id>2570547</id>
<parentid>2379861</parentid>
<timestamp>2020-01-13T07:38:23Z</timestamp>
<contributor>
<username>MIL973</username>
<id>41339</id>
</contributor>
<model>wikitext</model>
<format>text/x-wiki</format>
<text bytes="316" xml:space="preserve">={{-pt-}}=
==Forma verbal==
{{oxítona|na|mo|reis}}
# segunda pessoa do plural do presente do {{PEPB|inline=1|conjuntivo|subjuntivo}} do verbo [[namorar]]
# segunda pessoa do plural do imperativo negativo do verbo namorar
{{avi-for-fle|namorar}}
==Anagrama==
# [[amorneis]]
[[Categoria:Forma verbal (Português)]]</text>
<sha1>8ejwqa0x8b9unn56tgdqfbyuhnk9fwm</sha1>
</revision>
