<page>
<title>namoradora</title>
<ns>0</ns>
<id>415427</id>
<revision>
<id>2561494</id>
<parentid>2561493</parentid>
<timestamp>2019-11-15T08:42:01Z</timestamp>
<contributor>
<username>MIL973</username>
<id>41339</id>
</contributor>
<model>wikitext</model>
<format>text/x-wiki</format>
<text bytes="333" xml:space="preserve">={{-pt-}}=
==Forma de adjetivo==
{{paroxítona|na|mo|ra|do|ra}}, {{gramática|f}}
# feminino de [[namorador]]
==Forma de substantivo==
{{paroxítona|na|mo|ra|do|ra}}, {{gramática|f}}
# feminino de [[namorador]]
{{avi-for-fle|namorador}}
[[Categoria:Forma de adjetivo (Português)]]
[[Categoria:Forma de substantivo (Português)]]</text>
<sha1>l4ksum14iixl8xpmi9518i8s3wiqhsp</sha1>
</revision>
</page>
