<page>
<page>
<title>namorai</title>
<ns>0</ns>
<id>219979</id>
<revision>
<id>2570539</id>
<parentid>2570538</parentid>
<timestamp>2020-01-13T07:33:14Z</timestamp>
<contributor>
<username>MIL973</username>
<id>41339</id>
</contributor>
<model>wikitext</model>
<format>text/x-wiki</format>
<text bytes="246" xml:space="preserve">={{-pt-}}=
==Forma verbal==
{{oxítona|na|mo|rai}}
# segunda pessoa do plural do imperativo afirmativo do verbo [[namorar]]
{{avi-for-fle|namorar}}
==Anagramas==
# [[amornai]]
# [[mariano]]
# [[Mariano]]
[[Categoria:Forma verbal (Português)]]</text>
<sha1>b50m4olzp8fdqf2hfber0auivi8seag</sha1>
</revision>
