<page>
<title>namorarão</title>
<ns>0</ns>
<id>190441</id>
<revision>
<id>2571208</id>
<parentid>2570552</parentid>
<timestamp>2020-01-17T08:41:33Z</timestamp>
<contributor>
<username>MIL973</username>
<id>41339</id>
</contributor>
<model>wikitext</model>
<format>text/x-wiki</format>
<text bytes="271" xml:space="preserve">{{confundir|amornaram|namoraram}}
={{-pt-}}=
==Forma verbal==
{{oxítona|na|mo|ra|rão}}
# terceira pessoa do plural do futuro do presente do indicativo do verbo [[namorar]]
{{avi-for-fle|namorar}}
==Anagrama==
# [[amornarão]]
[[Categoria:Forma verbal (Português)]]</text>
<sha1>dlwc5yfwu2z8uek4dxt03ntninwsuar</sha1>
</revision>
</page>
