<page>
<title>namoraria</title>
<ns>0</ns>
<id>191743</id>
<revision>
<id>2571092</id>
<parentid>2571091</parentid>
<timestamp>2020-01-16T08:06:24Z</timestamp>
<contributor>
<username>MIL973</username>
<id>41339</id>
</contributor>
<model>wikitext</model>
<format>text/x-wiki</format>
<text bytes="327" xml:space="preserve">={{-pt-}}=
==Forma verbal==
{{paroxítona|na|mo|ra|ri|a}}
# primeira pessoa do singular do futuro do pretérito do indicativo do verbo [[namorar]]
# terceira pessoa do singular do futuro do pretérito do indicativo do verbo namorar
{{avi-for-fle|namorar}}
==Anagrama==
# [[amornaria]]
[[Categoria:Forma verbal (Português)]]</text>
<sha1>pzot6g0ra9no93ecf37a77u7nohx7x3</sha1>
</revision>
</page>
