<page>
<title>namorasse</title>
<ns>0</ns>
<id>205343</id>
<revision>
<id>2570528</id>
<parentid>2379850</parentid>
<timestamp>2020-01-13T07:25:05Z</timestamp>
<contributor>
<username>MIL973</username>
<id>41339</id>
</contributor>
<model>wikitext</model>
<format>text/x-wiki</format>
<text bytes="364" xml:space="preserve">={{-pt-}}=
==Forma verbal==
{{paroxítona|na|mo|ras|se}}
# primeira pessoa do singular do pretérito do {{PEPB|inline=1|conjuntivo|subjuntivo}} do verbo [[namorar]]
# terceira pessoa do singular do pretérito do {{PEPB|inline=1|conjuntivo|subjuntivo}} do verbo namorar
{{avi-for-fle|namorar}}
==Anagrama==
# [[amornasse]]
[[Categoria:Forma verbal (Português)]]</text>
<sha1>4zwg76h1tuj4g77mkh1fxg35bxmtsgq</sha1>
</revision>
</page>
