<page>
<title>namoraras</title>
<ns>0</ns>
<id>178679</id>
<revision>
<id>2570555</id>
<parentid>2379831</parentid>
<timestamp>2020-01-13T07:50:42Z</timestamp>
<contributor>
<username>MIL973</username>
<id>41339</id>
</contributor>
<model>wikitext</model>
<format>text/x-wiki</format>
<text bytes="294" xml:space="preserve">{{ver também|namorarás}}
={{-pt-}}=
==Forma verbal==
{{paroxítona|na|mo|ra|ras}}
# segunda pessoa do singular do pretérito mais-que-perfeito do indicativo do verbo [[namorar]]
{{avi-for-fle|namorar}}
==Anagramas==
# [[amornaras]]
# [[amornarás]]
[[Categoria:Forma verbal (Português)]]</text>
<sha1>0wletbo1sxhpfmppl94p912pav6g4ct</sha1>
</revision>
</page>
