<page>
<title>namorarás</title>
<ns>0</ns>
<id>184896</id>
<revision>
<id>2570556</id>
<parentid>2379844</parentid>
<timestamp>2020-01-13T07:51:19Z</timestamp>
<contributor>
<username>MIL973</username>
<id>41339</id>
</contributor>
<model>wikitext</model>
<format>text/x-wiki</format>
<text bytes="281" xml:space="preserve">{{ver também|namoraras}}
={{-pt-}}=
==Forma verbal==
{{oxítona|na|mo|ra|rás}}
# segunda pessoa do singular do futuro do presente do indicativo do verbo [[namorar]]
{{avi-for-fle|namorar}}
==Anagramas==
# [[amornaras]]
# [[amornarás]]
[[Categoria:Forma verbal (Português)]]</text>
<sha1>5l3gv6x7njhwx0xjnms0x8bzdj32zss</sha1>
</revision>
</page>
