<page>
<title>namorará</title>
<ns>0</ns>
<id>186290</id>
<revision>
<id>2570557</id>
<parentid>2379843</parentid>
<timestamp>2020-01-13T07:52:09Z</timestamp>
<contributor>
<username>MIL973</username>
<id>41339</id>
</contributor>
<model>wikitext</model>
<format>text/x-wiki</format>
<text bytes="278" xml:space="preserve">{{ver também|namorara}}
={{-pt-}}=
==Forma verbal==
{{oxítona|na|mo|ra|rá}}
# terceira pessoa do singular do futuro do presente do indicativo do verbo [[namorar]]
{{avi-for-fle|namorar}}
==Anagramas==
# [[amornara]]
# [[amornará]]
[[Categoria:Forma verbal (Português)]]</text>
<sha1>bnnaammn3az5k4w4lhodkwjoocg0og3</sha1>
</revision>
</page>
