<page>
<title>namorouço</title>
<ns>0</ns>
<id>428192</id>
<revision>
<id>2602293</id>
<parentid>2602288</parentid>
<timestamp>2020-11-18T08:27:23Z</timestamp>
<contributor>
<username>Cpls</username>
<id>20608</id>
</contributor>
<comment>/* {{-gl-}} */</comment>
<model>wikitext</model>
<format>text/x-wiki</format>
<text bytes="418" xml:space="preserve">={{-gl-}}=
==Substantivo==
{{flex.gl|ms=namorouço|mp=namorouços}}
{{paroxítona|na|mo|rou|ço|lang=gl}}, {{gramática|m}}
# [[namoro]]; relacionamento amoroso com matiz de menor valor ou começo
===Sinónimos===
* [[amorio#{{gl}}|amorio]], [[namorico#{{gl}}|namorico]]
=={{etimologia|gl}}==
: {{escopo|Morfologia}} De ''[[namoro#{{gl}}|namoro]]'' + ''[[-ouço#{{gl}}|-ouço]]''.
[[Categoria:Substantivo (Galego)]]</text>
<sha1>4kidk5pb835yl88yim60zqoqwsqbsrn</sha1>
</revision>
</page>
