<page>
<title>namoradas</title>
<ns>0</ns>
<id>106850</id>
<revision>
<id>2561495</id>
<parentid>2561473</parentid>
<timestamp>2019-11-15T08:44:03Z</timestamp>
<contributor>
<username>MIL973</username>
<id>41339</id>
</contributor>
<model>wikitext</model>
<format>text/x-wiki</format>
<text bytes="440" xml:space="preserve">={{-pt-}}=
==Forma de adjetivo==
{{paroxítona|na|mo|ra|das}}, {{gramática|fp}}
# feminino plural de [[namorado]]
==Forma de substantivo==
{{paroxítona|na|mo|ra|das}}, {{gramática|fp}}
# feminino plural de [[namorado]]
{{avi-for-fle|namorado}}
==Anagramas==
# [[amansador]]
# [[amornadas]]
# [[andáramos]]
# [[danáramos]]
# [[nadáramos]]
[[Categoria:Forma de adjetivo (Português)]]
[[Categoria:Forma de substantivo (Português)]]</text>
<sha1>lxr37lwck3d76lzc7eu352yfk0iqia0</sha1>
</revision>
</page>
