<page>
<title>namorardes</title>
<ns>0</ns>
<id>209981</id>
<revision>
<id>2570523</id>
<parentid>2570521</parentid>
<timestamp>2020-01-13T07:17:46Z</timestamp>
<contributor>
<username>MIL973</username>
<id>41339</id>
</contributor>
<model>wikitext</model>
<format>text/x-wiki</format>
<text bytes="321" xml:space="preserve">={{-pt-}}=
==Forma verbal==
{{paroxítona|na|mo|rar|des}}
# segunda pessoa do plural do futuro do {{PEPB|inline=1|conjuntivo|subjuntivo}} do verbo [[namorar]]
# infinitivo pessoal da segunda pessoa do plural do verbo namorar
{{avi-for-fle|namorar}}
==Anagrama==
# [[amornardes]]
[[Categoria:Forma verbal (Português)]]</text>
<sha1>eeym0t9nwvew7yptal157rbr9z07e82</sha1>
</revision>
</page>
