<page>
<page>
<title>namorareis</title>
<ns>0</ns>
<id>189069</id>
<revision>
<id>2571207</id>
<parentid>2570553</parentid>
<timestamp>2020-01-17T08:40:35Z</timestamp>
<contributor>
<username>MIL973</username>
<id>41339</id>
</contributor>
<model>wikitext</model>
<format>text/x-wiki</format>
<text bytes="283" xml:space="preserve">{{ver também|namoráreis}}
={{-pt-}}=
==Forma verbal==
{{oxítona|na|mo|ra|reis}}
# segunda pessoa do plural do futuro do presente do indicativo do verbo [[namorar]]
{{avi-for-fle|namorar}}
==Anagramas==
# [[amornareis]]
# [[amornáreis]]
[[Categoria:Forma verbal (Português)]]</text>
<sha1>q6hjor0aebaz9wozhuv5nozj8cyeu91</sha1>
</revision>
