<page>
<title>namorarei</title>
<ns>0</ns>
<id>183360</id>
<revision>
<id>2570561</id>
<parentid>2379833</parentid>
<timestamp>2020-01-13T07:56:58Z</timestamp>
<contributor>
<username>MIL973</username>
<id>41339</id>
</contributor>
<model>wikitext</model>
<format>text/x-wiki</format>
<text bytes="236" xml:space="preserve">={{-pt-}}=
==Forma verbal==
{{oxítona|na|mo|ra|rei}}
# primeira pessoa do singular do futuro do presente do indicativo do verbo [[namorar]]
{{avi-for-fle|namorar}}
==Anagrama==
# [[amornarei]]
[[Categoria:Forma verbal (Português)]]</text>
<sha1>c36rsob0lgrdhzxwiwb9q0rqfm8lov0</sha1>
</revision>
</page>
