<page>
<page>
<title>Namybje</title>
<ns>0</ns>
<id>133981</id>
<revision>
<id>2661595</id>
<parentid>2275088</parentid>
<timestamp>2022-02-27T11:00:27Z</timestamp>
<contributor>
<username>ValJor</username>
<id>1358</id>
</contributor>
<comment>Acrescentando código de língua à [[:Categoria:!Página com mensagem de erro em predefinição|predefinição escopo]]</comment>
<model>wikitext</model>
<format>text/x-wiki</format>
<text bytes="460" xml:space="preserve">{{Wikipédia|lang=fy}}
[[Imagem:Flag of Namibia.svg|thumb|250px|{{centro|Bandeira da Namíbia}}]]
[[Imagem:Namibia (orthographic projection).svg|thumb|250px|{{centro|Localização da Namíbia}}]]
={{-fy-}}=
==Substantivo==
'''Namybje''', {{gramática|pr}}
# {{escopo|fy|País}} [[Namíbia]]
==={{-varort-}}===
* [[Namibië]]
==Ver também==
===No Wikcionário===
{{África/fy}}
[[Categoria:Substantivo (Frísio)]]
[[Categoria:Entrada com imagem (Frísio)]]</text>
<sha1>8bfstasuuf31tljxy7ddd2c9m3w3m4a</sha1>
</revision>
