<page>
<title>Namíbia</title>
<ns>0</ns>
<id>11847</id>
<revision>
<id>2604634</id>
<parentid>2521708</parentid>
<timestamp>2020-12-15T08:41:01Z</timestamp>
<contributor>
<username>ValJor</username>
<id>1358</id>
</contributor>
<comment>Substituindo a tag &lt;center&gt; pela predefinição centro</comment>
<model>wikitext</model>
<format>text/x-wiki</format>
<text bytes="3542" xml:space="preserve">{{Wikipédia}}
[[Imagem:Flag of Namibia.svg|thumb|250px|{{centro|Bandeira da Namíbia}}]]
[[Imagem:Namibia (orthographic projection).svg|thumb|250px|{{centro|Localização da Namíbia}}]]
={{-pt-}}=
==Substantivo==
{{proparoxítona aparente|Na|mí|bi|a}}, {{gramática|f|pr}}
# {{escopo|pt|País}} [[país]] da [[África]], faz fronteira com [[Angola]], [[Zâmbia]], [[Botswana]] e [[África do Sul]]
===Tradução===
{{tradini}}
* {{trad|af|Namibië}}
* {{trad|sq|Namibia}}
* {{trad|de|Namibia}}
* {{trad|am|ናሚቢያ}}
* {{trad|ar|ناميبيا}}
* {{trad|an|Namibia}}
* {{trad|hy|Նամիբիա}}
* {{trad|ast|Namibia}}
* {{trad|az|Namibiya}}
* {{trad|nds|Namibia}}
* {{trad|eu|Namibia}}
* {{trad|be|Намібія}}
* {{trad|bs|Namibija}}
* {{trad|bg|Намибия}}
* {{trad|ks|नमीबिया}}
* {{trad|ca|Namíbia}}
* {{trad|kk|Намибия}}
* {{trad|cs|Namibie}}
* {{trad|zh|纳米比亚}}
* {{trad|ko|나미비아}}
* {{trad|kw|Namibi}}
* {{trad|hr|Namibija}}
* {{trad|ku|Namîbiya}}
* {{trad|da|Namibia}}
* {{trad|sk|Namíbia}}
* {{trad|sl|Namibija}}
* {{trad|es|Namibia}}
* {{trad|eo|Namibio}}
* {{trad|et|Namiibia}}
* {{trad|fi|Namibia}}
* {{trad|fr|Namibie}}
* {{trad|frp|Namibie}}
* {{trad|gl|Namibia}}
* {{trad|cy|Namibia}}
* {{trad|ka|ნამიბია}}
* {{trad|el|Ναμίμπια}}
* {{trad|he|נמיביה}}
* {{trad|nl|Namibië}}
* {{trad|hu|Namíbia}}
* {{trad|io|Namibia}}
* {{trad|yi|נאַמיביע}}
* {{trad|ilo|Namibia}}
{{tradmeio}}
* {{trad|id|Namibia}}
* {{trad|en|Namibia}}
* {{trad|ang|Namibia}}
* {{trad|ga|An Namaib}}
* {{trad|is|Namibía}}
* {{trad|it|Namibia}}
* {{trad|ja|ナミビア}}
* {{trad|la|Namibia}}
* {{trad|lv|Namībija}}
* {{trad|ln|Namibia}}
* {{trad|lfn|Namibia|Намибиа}}
* {{trad|lt|Namibija}}
* {{trad|lb|Namibien}}
* {{trad|mk|Намибија}}
* {{trad|ms|Namibia}}
* {{trad|mr|नामिबिया}}
* {{trad|nan|Namibia}}
* {{trad|no|Namibia}}
* {{trad|nov|Namibia}}
* {{trad|nn|Namibia}}
* {{trad|oc|Namibia}}
* {{trad|pam|Namibia}}
* {{trad|ps|نېمبيا}}
* {{trad|fa|نامیبیا}}
* {{trad|pms|Namibia}}
* {{trad|pl|Namibia}}
* {{trad|ro|Namibia}}
* {{trad|ru|Намибия}}
* {{trad|se|Namibia}}
* {{trad|sa|नमीबिया}}
* {{trad|sr|Намибија}}
* {{trad|sh|Namibija}}
* {{trad|sw|Namibia}}
* {{trad|sv|Namibia}}
* {{trad|tg|Намибия}}
* {{trad|tl|Namibia}}
* {{trad|th|นามิเบีย}}
* {{trad|tr|Namibya}}
* {{trad|uk|Намібія}}
* {{trad|ug|Nambiye}}
* {{trad|vi|Namibia}}
* {{trad|vo|Namibiyän}}
{{tradfim}}
=={{etimologia|pt}}==
: Do litorâneo Deserto do Namibe. ''Namib'' significa ''lugar onde não há nada'', na língua nama.
==Ver também==
===No Wikcionário===
* [[namibiano]]
{{África/pt}}
[[Categoria:Substantivo (Português)]]
[[Categoria:Entrada com imagem (Português)]]
={{-ca-}}=
==Substantivo==
'''Namíbia'''
# {{escopo|ca|País}} [[Namíbia#Português|Namíbia]]
==Ver também==
===No Wikcionário===
{{África/ca}}
[[Categoria:Substantivo (Catalão)]]
[[Categoria:Entrada com imagem (Catalão)]]
={{-sk-}}=
==Substantivo==
'''Namíbia'''
# {{escopo|sk|País}} [[Namíbia#Português|Namíbia]]
==Ver também==
===No Wikcionário===
{{África/sk}}
[[Categoria:Substantivo (Eslovaco)]]
[[Categoria:Entrada com imagem (Eslovaco)]]
={{-hu-}}=
==Substantivo==
'''Namíbia'''
# {{escopo|hu|País}} [[Namíbia#Português|Namíbia]]
==Ver também==
===No Wikcionário===
{{África/hu}}
[[Categoria:Substantivo (Húngaro)]]
[[Categoria:Entrada com imagem (Húngaro)]]</text>
<sha1>01hxsjr389oe7aq1v7ym5u4i7cvm3kh</sha1>
</revision>
</page>
