<page>
<page>
<title>nan</title>
<ns>0</ns>
<id>166092</id>
<revision>
<id>2689410</id>
<parentid>2379878</parentid>
<timestamp>2022-10-11T09:46:50Z</timestamp>
<contributor>
<username>ZazaLejyoner</username>
<id>87674</id>
</contributor>
<model>wikitext</model>
<format>text/x-wiki</format>
<text bytes="292" xml:space="preserve">={{-ja-}}=
==Transliteração==
# transliteração de [[なん]]
[[Categoria:Transliteração (Japonês)]]
={{-diq-}}=
===Substantivo===
'''nan''' ''sem gênero''
# [[pão]]
[[Categoria:Substantivo (Dimili)]]
[[Categoria:Alimentação (Dimili)]]
[[Categoria:Entrada com imagem (Dimili)]]</text>
<sha1>i5xs7gy45jsxox19wyyv607omdb4h05</sha1>
</revision>
