<page>
<page>
<title>nanai</title>
<ns>0</ns>
<id>362053</id>
<revision>
<id>2197025</id>
<parentid>2154435</parentid>
<timestamp>2016-11-12T16:09:03Z</timestamp>
<contributor>
<username>Cpls</username>
<id>20608</id>
</contributor>
<comment>/* {{-varort-}} */</comment>
<model>wikitext</model>
<format>text/x-wiki</format>
<text bytes="387" xml:space="preserve">={{-gl-}}=
==Substantivo==
{{flex.gl|fs=nanai|fp=nanais}}
{{oxítona|na|nai|lang=gl}}, {{f}}
# {{escopoUso|familiar|gl}} [[mamãe]]
==={{-varort-}}===
{{dividir em colunas|2}}
* [[nhanhai#Galego|nhanhai]]
* [[nana#Galego|nana]]
{{dividir em colunas.fim}}
=={{etimologia|gl}}==
: Derivada de [[nai]]. Confronte-se com ''[[nhamadre#Galego|nhamadre]].''
[[Categoria:Substantivo (Galego)]]</text>
<sha1>5qvhja229xog71f8dl8x7vrk8be6iir</sha1>
</revision>
