<page>
<page>
<title>nanar</title>
<ns>0</ns>
<id>53058</id>
<revision>
<id>2614923</id>
<parentid>2379884</parentid>
<timestamp>2021-01-31T20:46:13Z</timestamp>
<contributor>
<username>MarxavBot</username>
<id>80155</id>
</contributor>
<minor />
<comment>AFI Portugal</comment>
<model>wikitext</model>
<format>text/x-wiki</format>
<text bytes="266" xml:space="preserve">={{-pt-}}=
==Verbo==
{{oxítona|na|nar}}, ''intransitivo''
# [[dormir]] ([[criança]])
===Sinônimos===
*De '''1''': [[mimir]]
===Conjugação===
{{conj/pt|nan|ar}}
=={{pronúncia|pt}}==
===Portugal===
* AFI: {{AFI|/nɐ.ˈnaɾ/}}
[[Categoria:Verbo (Português)]]</text>
<sha1>55j74tqy9m7ri35xaaoq3g240sesxn9</sha1>
</revision>
