<page>
<page>
<title>nanalt</title>
<ns>0</ns>
<id>15661</id>
<revision>
<id>1372204</id>
<parentid>86436</parentid>
<timestamp>2012-02-01T12:30:26Z</timestamp>
<contributor>
<username>MalafayaBot</username>
<id>628</id>
</contributor>
<minor />
<comment>Robô: Substituição de texto automática  (-^\=(\s*?)(\{\{hop\}\}|Hopi)(\s*?)\= +={{-hop-}}=)</comment>
<model>wikitext</model>
<format>text/x-wiki</format>
<text bytes="283" xml:space="preserve">={{-hop-}}=
==Numeral==
'''{{PAGENAME}}'''
:# [[oito]]; lit. ''outra vez, outra vez dois''
==Numerais Hopi==
[[suukya']] | [[lööyöm]] | [[paayom]] | [[naalöyöm]] | [[tsivot]] | [[navay]] | [[tsange]] | [[nanalt]] | [[pevt]] | [[pakwt]] 
[[Categoria:Numeral (Hopi)|# 000008]]</text>
<sha1>gr5vogqpx0477zk71mfy62zp2o1m76x</sha1>
</revision>
