<page>
<title>nanan</title>
<ns>0</ns>
<id>248748</id>
<revision>
<id>2379880</id>
<parentid>2130830</parentid>
<timestamp>2017-05-05T16:32:48Z</timestamp>
<contributor>
<username>HydrizBot</username>
<id>29590</id>
</contributor>
<minor />
<comment>Robô: A limpar links interwikis antigos</comment>
<model>wikitext</model>
<format>text/x-wiki</format>
<text bytes="282" xml:space="preserve">={{-bnd-}}=
==Substantivo==
'''nanan'''
# [[sangue]]
==Ver também==
===No Wikcionário===
{{verTambém.Ini}}
* [[matan]]
{{verTambém.NovaColuna}}
* [[tilum]]
{{verTambém.NovaColuna}}
* [[ulun]]
{{verTambém.Fim}}
[[Categoria:Substantivo (Banda)]]
[[Categoria:Anatomia (Banda)]]</text>
<sha1>jpjsmtko8fgfzsquoqw7crxqmn4zxo5</sha1>
</revision>
</page>
