<page>
<page>
<title>nanay</title>
<ns>0</ns>
<id>32273</id>
<revision>
<id>2379885</id>
<parentid>2005993</parentid>
<timestamp>2017-05-05T16:33:02Z</timestamp>
<contributor>
<username>HydrizBot</username>
<id>29590</id>
</contributor>
<minor />
<comment>Robô: A limpar links interwikis antigos</comment>
<model>wikitext</model>
<format>text/x-wiki</format>
<text bytes="266" xml:space="preserve">={{-bik-}}=
==Substantivo==
'''nanay'''
# [[mãe]]
==Sinónimo==
* [[inâ]]
={{-ceb-}}=
==Substantivo==
'''nanay'''  ''masculino'': [[tatay]]/[[amahan]]
# [[mãe]]
==Sinónimo==
* [[inahan]]
[[Categoria:Substantivo ({{bik}})]]
[[Categoria:Substantivo ({{ceb}})]]</text>
<sha1>efs6twce0eck68mmnz4d1fi8sxwjfww</sha1>
</revision>
