<page>
<page>
<title>nananana</title>
<ns>0</ns>
<id>40492</id>
<revision>
<id>2661577</id>
<parentid>2379882</parentid>
<timestamp>2022-02-27T09:37:22Z</timestamp>
<contributor>
<username>ValJor</username>
<id>1358</id>
</contributor>
<comment>Acrescentando código de língua à [[:Categoria:!Página com mensagem de erro em predefinição|predefinição escopo]]</comment>
<model>wikitext</model>
<format>text/x-wiki</format>
<text bytes="743" xml:space="preserve">[[Imagem:Spider 1 big.jpg|thumb|right|250px|{{centro|Aranha}}]]
={{-haw-}}=
==Substantivo==
'''na.na.na.na'''
# {{escopo|haw|Zoologia}} [[aranha]], [[aracnídeo]] da ordem ''[[wikispecies:Araneae|Araneae]]''
==={{-varort-}}===
* {{link opcional|nanana|haw}}
==Ver também==
===Referências===
{{verTambém.Ini}}
* [http://books.google.com.br/books?id=bHdRhjL9Y9EC&amp;printsec=frontcover&amp;source=gbs_navlinks_s Pukui, Mary and Elbert, Samuel H.. Hawaiian dictionary: Hawaiian-English, English-Hawaiian. University of Hawaii Press, 1971.] ([[w:ISBN|ISBN]]: 9780824807030)
{{verTambém.Fim}}
[[Categoria:Substantivo (Havaiano)]]
[[Categoria:Polissílabo (Havaiano)]]
[[Categoria:Aracnídeo (Havaiano)]]
[[Categoria:Entrada com imagem (Havaiano)]]</text>
<sha1>br1rrqsv5ehb4pt0famnf4gaqd91a5b</sha1>
</revision>
