<page>
<title>nanciscor</title>
<ns>0</ns>
<id>399670</id>
<revision>
<id>2524260</id>
<parentid>2520485</parentid>
<timestamp>2018-10-28T09:11:36Z</timestamp>
<contributor>
<username>ValJor</username>
<id>1358</id>
</contributor>
<comment>Desfazendo ligação para &quot;nactus sum&quot; para poder deletá-lo em seguida</comment>
<model>wikitext</model>
<format>text/x-wiki</format>
<text bytes="354" xml:space="preserve">={{-la-}}=
==Verbo==
''presente ativo'' '''nancīscor''', ''infinitivo presente'' '''[[nancisci|nancīscī]]''', ''pretérito perfeito ativo'' '''nactus sum''' (depoente).
# [[achar]]
# [[topar]]
# [[obter]]
# [[contrair]]
# [[adquirir]]
===Conjugação===
{{conj.la.3.dep|nanscic|nact}}
[[Categoria:Verbo (Latim)]]
[[Categoria:Verbo depoente (Latim)]]</text>
<sha1>ec1dq88h32xygnqgeh9ujdw6jsn58wz</sha1>
</revision>
</page>
