<page>
<title>Nanci</title>
<ns>0</ns>
<id>340903</id>
<revision>
<id>2667895</id>
<parentid>2667864</parentid>
<timestamp>2022-03-24T10:36:32Z</timestamp>
<contributor>
<username>MIL973</username>
<id>41339</id>
</contributor>
<model>wikitext</model>
<format>text/x-wiki</format>
<text bytes="574" xml:space="preserve">={{-pt-}}=
==Substantivo==
{{flex.pt|fs=Nanci|fp=Nancis}}
{{oxítona|Nan|ci}}, {{gramática|pr|f}}
# {{escopo|pt|Antropônimo}} [[Apêndice:Prenomes em português|prenome]] feminino
==Ver também==
===No Wikcionário===
{{colunas|2}}
* [[anunciação]]
* [[anunciado]]
* [[anunciador]]
* [[anunciante]]
* [[anunciar]]
* [[anúncio]]
* [[anuncista]]
{{colunas/fim}}
====Antropônimos====
{{colunas|3}}
* [[Anunciação]]
* [[Anunciada]]
* [[Anunciado]]
{{colunas/fim}}
====Wikisaurus====
* [[Wikisaurus:comunicação|comunicação]]
[[Categoria:Substantivo (Português)]]</text>
<sha1>r8511e7z90h8i3rov3ubyecg70y928w</sha1>
</revision>
</page>
