<page>
<page>
<title>nanca</title>
<ns>0</ns>
<id>86823</id>
<revision>
<id>2379887</id>
<parentid>2252730</parentid>
<timestamp>2017-05-05T16:33:09Z</timestamp>
<contributor>
<username>HydrizBot</username>
<id>29590</id>
</contributor>
<minor />
<comment>Robô: A limpar links interwikis antigos</comment>
<model>wikitext</model>
<format>text/x-wiki</format>
<text bytes="772" xml:space="preserve">={{-jbo-}}=
==Gismu==
'''{{grifar|nan}}.ca'''
# [[ano]]
==={{selbri}}===
* ''x1'' [[ser|é]] ''x2'' [[ano]]s de [[duração]] pelo [[padrão]] ''x3''
* ''x1'' [[ser|é]] [[anual]]
==={{rafsi}}===
* [[na'a#Lojban|na'a]]
===Verbetes derivados===
* [[bavlamna'a]]
* [[cabna'a]]
* [[prulamna'a]]
=={{pronúncia}}==
* [[AFI]]: {{AFI|/ˈnan.ʃa/}}
* [[X-SAMPA]]: /&quot;nan.Sa/
==Ver também==
===No Wikcionário===
{{verTambém.Ini}}
* [[Apêndice:Estações do ano]]
* [[Apêndice:Meses do ano|Apêndice:Meses do ano]]
* [[Apêndice:Unidades de tempo]]
{{verTambém.Fim}}
{{estações do ano/jbo}}
{{meses/jbo}}
[[Categoria:Gismu]]
[[Categoria:Dissílabo (Lojban)]]
[[Categoria:Paroxítona (Lojban)]]
[[Categoria:Tempo (Lojban)]]
[[Categoria:Entrada com pronúncia (Lojban)]]</text>
<sha1>3flwxhzax5q5zz7y4qbnk0yb5s6cme2</sha1>
</revision>
