<page>
<title>nando</title>
<ns>0</ns>
<id>131847</id>
<revision>
<id>2379889</id>
<parentid>2219735</parentid>
<timestamp>2017-05-05T16:33:11Z</timestamp>
<contributor>
<username>HydrizBot</username>
<id>29590</id>
</contributor>
<minor />
<comment>Robô: A limpar links interwikis antigos</comment>
<model>wikitext</model>
<format>text/x-wiki</format>
<text bytes="111" xml:space="preserve">={{-ja-}}=
==Transliteração==
# transliteração de [[なんど]]
[[Categoria:Transliteração (Japonês)]]</text>
<sha1>l9dw0gzpakfczbz874c5sda57e1bkf6</sha1>
</revision>
</page>
