<page>
<title>nane</title>
<ns>0</ns>
<id>252265</id>
<revision>
<id>2379890</id>
<parentid>2034333</parentid>
<timestamp>2017-05-05T16:33:16Z</timestamp>
<contributor>
<username>HydrizBot</username>
<id>29590</id>
</contributor>
<minor />
<comment>Robô: A limpar links interwikis antigos</comment>
<model>wikitext</model>
<format>text/x-wiki</format>
<text bytes="319" xml:space="preserve">={{-sw-}}=
===Numeral===
'''nane'''  ''cardinal''
# [[oito]], [[número]] [[representado]] [[por]] '''8''' em [[algarismo]]s [[arábico]]s.
==Ver também==
===No Wikcionário===
{{verTambém.Ini}}
* [[Apêndice:Números|Apêndice: Números]]
{{verTambém.Fim}}
{{números/sw}}
[[Categoria:Numeral cardinal (Suaíli)]]</text>
<sha1>itzbvmriusyp16krv9hv5jhdg5crgz4</sha1>
</revision>
</page>
