<page>
<title>nangra</title>
<ns>0</ns>
<id>348619</id>
<revision>
<id>2379891</id>
<parentid>2160433</parentid>
<timestamp>2017-05-05T16:33:18Z</timestamp>
<contributor>
<username>HydrizBot</username>
<id>29590</id>
</contributor>
<minor />
<comment>Robô: A limpar links interwikis antigos</comment>
<model>wikitext</model>
<format>text/x-wiki</format>
<text bytes="217" xml:space="preserve">={{-pt-}}=
==Substantivo==
{{flex.pt|fs=nangra|fp=nangras}}
{{paroxítona|nan|gra}}, {{gramática|f}}
# {{escopo|pt|Trás-os-Montes}} [[boneca]]
==={{-varort-}}===
* [[nengra]]
[[Categoria:Substantivo (Português)]]</text>
<sha1>gj01748a4ih0iqy28vr12c9kepx5dbw</sha1>
</revision>
</page>
