<page>
<page>
<title>nanhun</title>
<ns>0</ns>
<id>389708</id>
<revision>
<id>2474629</id>
<timestamp>2018-01-05T21:54:39Z</timestamp>
<contributor>
<username>Imivorn</username>
<id>64513</id>
</contributor>
<comment>[[Ajuda:Guia de edição/Menus e ferramentas/Sumário de edição|→]] nova página: ={{-mwl-}}= ==Pronome== {{flex.mwl|ms=nanhun|mp=nanhuns|fs=nanhue|fp=nanhues}} {{oxítona|na|nhun|língua=mwl...</comment>
<model>wikitext</model>
<format>text/x-wiki</format>
<text bytes="217" xml:space="preserve">={{-mwl-}}=
==Pronome==
{{flex.mwl|ms=nanhun|mp=nanhuns|fs=nanhue|fp=nanhues}}
{{oxítona|na|nhun|língua=mwl}}, {{m}}
# [[nenhum]]
==={{-varort-}}===
* {{link opcional|ningun|mwl}}
[[Categoria:Pronome (Mirandês)]]</text>
<sha1>mruxxjjjykb6nsw66sl26jt29uufnqr</sha1>
</revision>
