<page>
<page>
<title>nanhuns</title>
<ns>0</ns>
<id>389709</id>
<revision>
<id>2474630</id>
<timestamp>2018-01-05T21:55:18Z</timestamp>
<contributor>
<username>Imivorn</username>
<id>64513</id>
</contributor>
<comment>[[Ajuda:Guia de edição/Menus e ferramentas/Sumário de edição|→]] nova página: ={{-mwl-}}= ==Forma de pronome== {{oxítona|na|nhuns|língua=mwl}} # plural de '''[[nanhun#{{mwl}}|nanhun]]''...</comment>
<model>wikitext</model>
<format>text/x-wiki</format>
<text bytes="154" xml:space="preserve">={{-mwl-}}=
==Forma de pronome==
{{oxítona|na|nhuns|língua=mwl}}
# plural de '''[[nanhun#{{mwl}}|nanhun]]'''
[[Categoria:Forma de pronome (Mirandês)]]</text>
<sha1>6spenpg8dknluo5fm57e4keq41ue2yd</sha1>
</revision>
