<page>
<title>nanhue</title>
<ns>0</ns>
<id>389711</id>
<revision>
<id>2474632</id>
<timestamp>2018-01-05T21:56:09Z</timestamp>
<contributor>
<username>Imivorn</username>
<id>64513</id>
</contributor>
<comment>[[Ajuda:Guia de edição/Menus e ferramentas/Sumário de edição|→]] nova página: ={{-mwl-}}= ==Forma de pronome== {{paroxítona|na|nhu|e|língua=mwl}} # feminino de '''nanhun#{{mwl}}|nanhu...</comment>
<model>wikitext</model>
<format>text/x-wiki</format>
<text bytes="159" xml:space="preserve">={{-mwl-}}=
==Forma de pronome==
{{paroxítona|na|nhu|e|língua=mwl}}
# feminino de '''[[nanhun#{{mwl}}|nanhun]]'''
[[Categoria:Forma de pronome (Mirandês)]]</text>
<sha1>epmylw1vh0jpiircydvt4kmdouj7gik</sha1>
</revision>
</page>
