<page>
<title>nani</title>
<ns>0</ns>
<id>62224</id>
<revision>
<id>2379892</id>
<parentid>2219737</parentid>
<timestamp>2017-05-05T16:33:23Z</timestamp>
<contributor>
<username>HydrizBot</username>
<id>29590</id>
</contributor>
<minor />
<comment>Robô: A limpar links interwikis antigos</comment>
<model>wikitext</model>
<format>text/x-wiki</format>
<text bytes="702" xml:space="preserve">={{-haw-}}=
==Substantivo==
'''nani'''
# [[beleza]]
# [[glória]]
[[Categoria:Substantivo (Havaiano)]]
={{-it-}}=
==Forma de adjetivo==
'''nani'''
# plural de [[nano]]
==Forma de substantivo==
'''nani'''
# plural de [[nano]]
[[Categoria:Forma de adjetivo (Italiano)]]
[[Categoria:Forma de substantivo (Italiano)]]
={{-la-}}=
==Forma de substantivo==
'''nani'''
# flexão de [[nānus]]
[[Categoria:Forma de substantivo (Latim)]]
={{-ja-}}=
==Transliteração==
# transliteração de [[なに]]
[[Categoria:Transliteração (Japonês)]]
={{-sw-}}=
==Pronome==
'''nani'''
# [[quem]]
[[Categoria:Pronome (Suaíli)]]
={{-tet-}}=
==Verbo==
'''nani'''
# [[nadar]]
[[Categoria:Verbo (Tétum)]]</text>
<sha1>nvvbia5yhkss1tbvzf1qhu4j832srnr</sha1>
</revision>
</page>
