<page>
<title>nanja</title>
<ns>0</ns>
<id>54871</id>
<revision>
<id>2379896</id>
<parentid>2256093</parentid>
<timestamp>2017-05-05T16:33:29Z</timestamp>
<contributor>
<username>HydrizBot</username>
<id>29590</id>
</contributor>
<minor />
<comment>Robô: A limpar links interwikis antigos</comment>
<model>wikitext</model>
<format>text/x-wiki</format>
<text bytes="160" xml:space="preserve">={{-pt-}}=
==Advérbio==
{{paroxítona|nan|ja}}
# [[não]]
# [[por]] [[forma]] [[nenhuma]]
# [[mais]] [[não]]
# [[nunca]]
[[Categoria:Advérbio (Português)]]</text>
<sha1>2kskemy3goz6uk42w7tyqwunbivtn4n</sha1>
</revision>
</page>
