<page>
<title>nanka</title>
<ns>0</ns>
<id>148266</id>
<revision>
<id>2379897</id>
<parentid>2219740</parentid>
<timestamp>2017-05-05T16:33:31Z</timestamp>
<contributor>
<username>HydrizBot</username>
<id>29590</id>
</contributor>
<minor />
<comment>Robô: A limpar links interwikis antigos</comment>
<model>wikitext</model>
<format>text/x-wiki</format>
<text bytes="111" xml:space="preserve">={{-ja-}}=
==Transliteração==
# transliteração de [[なんか]]
[[Categoria:Transliteração (Japonês)]]</text>
<sha1>ksu42o4cbkytqjquat6rh6ozro6xiu1</sha1>
</revision>
</page>
