<page>
<page>
<title>nanna</title>
<ns>0</ns>
<id>223898</id>
<revision>
<id>2379898</id>
<parentid>2227128</parentid>
<timestamp>2017-05-05T16:33:35Z</timestamp>
<contributor>
<username>HydrizBot</username>
<id>29590</id>
</contributor>
<minor />
<comment>Robô: A limpar links interwikis antigos</comment>
<model>wikitext</model>
<format>text/x-wiki</format>
<text bytes="217" xml:space="preserve">={{-mt-}}=
==Substantivo==
'''nanna'''
# [[avó]]
==Ver também==
* [[missier]]
* [[omm]]
* [[iben]]
* [[tifel]]
* [[bint]]
* [[ħu]]
* [[oħt]]
[[Categoria:Substantivo (Maltês)]]
[[Categoria:Família (Maltês)]]</text>
<sha1>1ceduv1umgn7rq7zr11pvjrgguckpxj</sha1>
</revision>
