<page>
<title>nanoq</title>
<ns>0</ns>
<id>237347</id>
<revision>
<id>2379904</id>
<parentid>2251215</parentid>
<timestamp>2017-05-05T16:33:53Z</timestamp>
<contributor>
<username>HydrizBot</username>
<id>29590</id>
</contributor>
<minor />
<comment>Robô: A limpar links interwikis antigos</comment>
<model>wikitext</model>
<format>text/x-wiki</format>
<text bytes="309" xml:space="preserve">={{-kl-}}=
==Substantivo==
'''nanoq'''
# [[urso]] [[polar]]
==Ver também==
* [[arfeq]]
* [[aapakaaq]]
* [[aaveq]]
* [[amaroq]]
* [[marloraaq]]
* [[kukkukuuaraq]]
* [[løveq]]
* [[milakulaaq]]
* [[tiigeri]]
* [[imermiutarsuaq]]
[[Categoria:Substantivo (Groenlandês)]]
[[Categoria:Mamífero (Groenlandês)]]</text>
<sha1>nesmnj6temnuq3ax7foyzrzen868fnc</sha1>
</revision>
</page>
