<page>
<title>nanori</title>
<ns>0</ns>
<id>147952</id>
<revision>
<id>2379905</id>
<parentid>2219741</parentid>
<timestamp>2017-05-05T16:33:57Z</timestamp>
<contributor>
<username>HydrizBot</username>
<id>29590</id>
</contributor>
<minor />
<comment>Robô: A limpar links interwikis antigos</comment>
<model>wikitext</model>
<format>text/x-wiki</format>
<text bytes="111" xml:space="preserve">={{-ja-}}=
==Transliteração==
# transliteração de [[なのり]]
[[Categoria:Transliteração (Japonês)]]</text>
<sha1>hzrjoawjxpbhmq4q0v38flc3u3az2wb</sha1>
</revision>
</page>
