<page>
<title>nanometro</title>
<ns>0</ns>
<id>328944</id>
<revision>
<id>2379903</id>
<parentid>2130825</parentid>
<timestamp>2017-05-05T16:33:50Z</timestamp>
<contributor>
<username>HydrizBot</username>
<id>29590</id>
</contributor>
<minor />
<comment>Robô: A limpar links interwikis antigos</comment>
<model>wikitext</model>
<format>text/x-wiki</format>
<text bytes="224" xml:space="preserve">={{-pt-}}=
==Substantivo==
{{flex.pt|ms=nanometro|mp=nanometros}}
{{paroxítona|na|no|me|tro}}
#unidade de medida equivalente a 10&lt;sup&gt;-9&lt;/sup&gt; m.
[[Categoria:Substantivo (Português)]]
[[Categoria:Metrologia (Português)]]</text>
<sha1>2br7yvz4tdg9v7d345spepwr62gcese</sha1>
</revision>
</page>
