<page>
<title>nanossegundo</title>
<ns>0</ns>
<id>63534</id>
<revision>
<id>2379906</id>
<parentid>2223832</parentid>
<timestamp>2017-05-05T16:34:00Z</timestamp>
<contributor>
<username>HydrizBot</username>
<id>29590</id>
</contributor>
<minor />
<comment>Robô: A limpar links interwikis antigos</comment>
<model>wikitext</model>
<format>text/x-wiki</format>
<text bytes="827" xml:space="preserve">={{-pt-}}=
== Substantivo ==
{{flex.pt|ms=nanossegundo|mp=nanossegundos}}
{{paroxítona|na|nos|se|gun|do}}, ''masculino''
# medida de [[tempo]] equivalente a um [[bilionésimo]] de segundo, e cuja abreviação é [[ns]]
=== Traduções ===
{{tradini|De '''1'''}}
* {{nl}}: {{xlatio|nl|nanoseconde|}}
* {{en}}: {{xlatio|en|nanosecond|}}
* {{fi}}: {{xlatio|fi|nanosekunti|}}
* {{fr}}: {{xlatio|fr|nanoséconde| ''f''}}
* {{de}}: {{xlatio|de|Nanosekunde| ''f''}}
{{tradmeio}}
* {{it}}: {{xlatio|it|nanosecondo| ''m''}}
* {{lt}}: {{xlatio|lt|nanosekundė| ''f''}}
* {{ru}}: {{xlatio|ru|наносекунда| (nanos'ekúnda) ''f''}}
* {{sv}}: {{xlatio|sv|nanosekund| ''c''}}
{{tradfim}}
=={{etimologia|pt}}==
:{{escopo|Morfologia}} [[nano]] + [[segundo]].
[[Categoria:Substantivo (Português)]]
[[Categoria:Tempo (Português)]]</text>
<sha1>pv7ackgtqi49421nkqxzeqry35xygck</sha1>
</revision>
</page>
