<page>
<page>
<title>nanotecnologia</title>
<ns>0</ns>
<id>103222</id>
<revision>
<id>2499796</id>
<parentid>2379907</parentid>
<timestamp>2018-04-29T10:56:57Z</timestamp>
<contributor>
<username>ValJor</username>
<id>1358</id>
</contributor>
<comment>Verbete [[:Categoria:!Página com idioma não informado em Predefinição:etimologia|sem indicação do idioma na seção de etimologia]]</comment>
<model>wikitext</model>
<format>text/x-wiki</format>
<text bytes="3537" xml:space="preserve">{{Wikipédia}}
={{-pt-}}=
==Substantivo==
{{flex.pt|fs=nanotecnologia|fp=nanotecnologias|fs-div=na.no.tec.no.lo.&lt;u&gt;gi&lt;/u&gt;.a|fp-div=na.no.tec.no.lo.&lt;u&gt;gi&lt;/u&gt;.as}}
{{paroxítona|na|no|tec|no|lo|gi|a}}, {{gramática|f}}
# [[ciência]] e [[tecnologia]] dedicadas a [[criar]] [[nanopartícula]]s e [[manufaturar]] [[máquina]]s cujo [[tamanho]] vai de 0,1 a 100 [[nanômetro]]s
#* ''O objetivo do programa é agregar esforços e fortalecer a pesquisa em áreas consideradas estratégicas, como biotecnologia, '''nanotecnologia''', biocombustíveis, agronegócio, biodiversidade, mudanças climáticas, energia, saúde e educação.'' {{OESP|2008|novembro|25}}
===Tradução===
{{tradini}}
* {{trad|sq|nanoteknologjia}}
* {{trad|de|Nanotechnologie}}
* {{trad|ar|تقانة نانوية}}
* {{trad|hy|նանոտեխնոլոգիա}}
* {{trad|bn|ন্যানোপ্রযুক্তি}}
* {{trad|be|нанатэхналогія}}
* {{trad|bs|nanotehnologija}}
* {{trad|bg|нанотехнология}}
* {{trad|yue|納米科技}}
* {{trad|ca|nanotecnologia}}
* {{trad|cs|nanotechnologie}}
* {{trad|zh|纳米科技}}
* {{trad|ko|나노기술}}
* {{trad|diq|nanoteknolociye}}
* {{trad|da|nanoteknologi}}
* {{trad|sk|nanotechnológia}}
* {{trad|sl|nanotehnologija}}
* {{trad|es|nanotecnología}}
* {{trad|eo|nanoteknologio}}
* {{trad|et|nanotehnoloogia}}
* {{trad|fi|nanoteknologia}}
* {{trad|fr|nanotechnologie}}
* {{trad|gl|nanotecnoloxía}}
* {{trad|cy|nanogwyddoniaeth}}
* {{trad|el|νανοτεχνολογία}}
* {{trad|he|ננוטכנולוגיה}}
* {{trad|hi|नैनोतकनीकी}}
* {{trad|nl|nanotechnologie}}
* {{trad|hu|nanotechnológia}}
* {{trad|id|nanoteknologi}}
{{tradmeio}}
* {{trad|en|nanotechnology}}
* {{trad|is|örtækni}}
* {{trad|it|nanotecnologia}}
* {{trad|ja|ナノテクノロジー}}
* {{trad|lt|nanotechnologija}}
* {{trad|ml|നാനോ ടെക്‍നോളജി}}
* {{trad|ms|nanoteknologi}}
* {{trad|mr|अतिसूक्ष्मतंत्रज्ञान}}
* {{trad|nan|nano ki-su̍t}}
* {{trad|no|nanoteknologi}}
* {{trad|nn|nanoteknologi}}
* {{trad|pam|nanotechnology}}
* {{trad|fa|فناوری نانو}}
* {{trad|pl|nanotechnologia}}
* {{trad|ky|нанотехнология}}
* {{trad|ro|nanotehnologie}}
* {{trad|ru|нанотехнология}}
* {{trad|sr|нанотехнологија}}
* {{trad|sh|nanotehnologija}}
* {{trad|sv|nanoteknik}}
* {{trad|su|nanotéhnologi}}
* {{trad|tl|nanoteknolohiya}}
* {{trad|th|นาโนเทคโนโลยี}}
* {{trad|ta|நனோ தொழில்நுட்பம்}}
* {{trad|tr|nanoteknoloji}}
* {{trad|uk|нанотехнології}}
* {{trad|ur|قزمہ طرزیات}}
* {{trad|vec|nanotecnołogia}}
* {{trad|vi|công nghệ nano}}
{{tradfim}}
=={{etimologia|pt}}==
: {{escopo|Morfologia}} ''[[nano-]]'' + ''[[tecnologia]]''.
==Ver também==
{{verTambém.Ini}}
* [[nanobiotecnologia]]
{{verTambém.NovaColuna}}
* [[nanorrobô]]
{{verTambém.NovaColuna}}
* [[spintrônica]]
{{verTambém.Fim}}
==Ligações externas==
* {{Aulete}}
* {{Michaelis}}
* {{DPLP}}
* {{Infopédia}}
* {{PLP}}
[[Categoria:Substantivo (Português)]]
[[Categoria:Informática (Português)]]
={{-ca-}}=
==Substantivo==
'''nanotecnologia'''
# [[nanotecnologia#Português|nanotecnologia]]
[[Categoria:Substantivo (Catalão)]]
[[Categoria:Informática (Catalão)]]
={{-it-}}=
==Substantivo==
'''nanotecnologia'''
# [[nanotecnologia#Português|nanotecnologia]]
[[Categoria:Substantivo (Italiano)]]
[[Categoria:Informática (Italiano)]]</text>
<sha1>p2hbbz07klksib962kbspknsoy9yoas</sha1>
</revision>
