<page>
<title>nanorrobô</title>
<ns>0</ns>
<id>321387</id>
<revision>
<id>2690719</id>
<parentid>2040473</parentid>
<timestamp>2022-10-27T09:38:28Z</timestamp>
<contributor>
<username>InternetArchiveBot</username>
<id>81604</id>
</contributor>
<comment>Rescuing 1 sources and tagging 0 as dead.) #IABot (v2.0.9.2</comment>
<model>wikitext</model>
<format>text/x-wiki</format>
<text bytes="448" xml:space="preserve">={{-pt-}}=
==Substantivo==
{{flex.pt|ms=nanorrobô|mp=nanorrobôs}}
{{oxítona|na|nor|ro|bô}}, {{m}}
# [[robô]] [[nanoscópico]]
==Ver também==
===No Wikcionário===
* [[nanorrobótica]]
===Na Wikipédia===
* [[w:nanorrobótica|nanorrobótica]]
==Ligações externas==
* [https://web.archive.org/web/20140213182645/http://informatica.hsw.uol.com.br/nanorobo.htm]
[[Categoria:Substantivo (Português)]]
[[Categoria:Informática (Português)]]</text>
<sha1>b3iqfwtli22bprguaffngbrz4y8fteh</sha1>
</revision>
</page>
