<page>
<title>nanobiotecnologia</title>
<ns>0</ns>
<id>128541</id>
<revision>
<id>2379901</id>
<parentid>2130826</parentid>
<timestamp>2017-05-05T16:33:47Z</timestamp>
<contributor>
<username>HydrizBot</username>
<id>29590</id>
</contributor>
<minor />
<comment>Robô: A limpar links interwikis antigos</comment>
<model>wikitext</model>
<format>text/x-wiki</format>
<text bytes="574" xml:space="preserve">{{Wikipédia}}
={{-pt-}}=
==Substantivo==
{{flex.pt|fs=nanobiotecnologia|fp=nanobiotecnologias}}
{{paroxítona|na|no|bi|o|tec|no|lo|gi|a}}
# ramo do [[nanotecnologia]] que tem aplicação ou uso em [[biologia]] ou [[bioquímica]]
===Tradução===
{{tradini}}
* {{trad|de|Nanobiotechnologie}}
* {{trad|es|nanobiotecnología}}
* {{trad|fr|nanobiotechnologie}}
{{tradmeio}}
* {{trad|en|nanobiotechnology}}
* {{trad|pl|nanobiotechnologia}}
* {{trad|ru|нанобиотехнология}}
{{tradfim}}
[[Categoria:Substantivo (Português)]]
[[Categoria:Ciência (Português)]]</text>
<sha1>1hihdfsf3zb61qq8wj4fqe30o2a7ci9</sha1>
</revision>
</page>
