<page>
<page>
<title>nanochipe</title>
<ns>0</ns>
<id>350083</id>
<revision>
<id>2415189</id>
<parentid>2153824</parentid>
<timestamp>2017-05-31T10:22:51Z</timestamp>
<contributor>
<username>ValJor</username>
<id>1358</id>
</contributor>
<comment>Melhorando a apresentação do verbete</comment>
<model>wikitext</model>
<format>text/x-wiki</format>
<text bytes="796" xml:space="preserve">={{-pt-}}=
==Substantivo==
{{flex.pt|ms=nanochipe|mp=nanochipes}}
{{paroxítona|na|no|chi|pe}}, {{gramática|m}}
# {{escopo|pt|Eletrônica}} um [[chipe]] [[eletrônico]] [[miniaturizado]], cujo tamanho pode ser medido em nanômetros
# {{escopo|pt|Eletrônica}} especialmente um dos chipes que começaram a ser usados em aparelhos de telefone celular a partir de 2012, em substituição aos [[microchipe]]s, e cujas dimensões são de 1,23 centímetro de comprimento e 0,88 centímetro de largura
===Sinônimos===
{{verTambém.Ini}}
* [[chipe]]
{{verTambém.NovaColuna}}
* [[circuito integrado]]
{{verTambém.Fim}}
=={{etimologia|pt}}==
: {{escopo|Morfologia}} [[nano-]] + [[chipe]], por analogia com o [[inglês]].
[[Categoria:Substantivo (Português)]]
[[Categoria:Informática (Português)]]</text>
<sha1>enmc5108mzye1vb8olw4260cyuofi4l</sha1>
</revision>
