<page>
<page>
<title>Nanquim</title>
<ns>0</ns>
<id>377010</id>
<revision>
<id>2622274</id>
<parentid>2260162</parentid>
<timestamp>2021-02-02T02:45:58Z</timestamp>
<contributor>
<username>Tribuno da Plebe</username>
<id>16095</id>
</contributor>
<minor />
<comment>removeu [[Categoria:Topónimo (Português)]] usando [[Wikcionário:HotCat|HotCat]]</comment>
<model>wikitext</model>
<format>text/x-wiki</format>
<text bytes="266" xml:space="preserve">{{ver também|nanquim}}
={{-pt-}}=
==Substantivo==
{{oxítona|Nan|quim}}, {{gramática|pr}}
# cidade chinesa
===Sinônimos===
* De '''1''': {{escopo2|estrangeirismo}} ''[[Nanjing]]''
[[Categoria:Substantivo (Português)]]
[[Categoria:Cidade da China (Português)]]</text>
<sha1>an4b0hsc8d5ugfbuwil219apy7ogjvr</sha1>
</revision>
