<page>
<title>nanquim</title>
<ns>0</ns>
<id>39953</id>
<revision>
<id>2617412</id>
<parentid>2379908</parentid>
<timestamp>2021-02-01T03:49:50Z</timestamp>
<contributor>
<username>MarxavBot</username>
<id>80155</id>
</contributor>
<minor />
<comment>AFI Portugal</comment>
<model>wikitext</model>
<format>text/x-wiki</format>
<text bytes="377" xml:space="preserve">={{-pt-}}=
==Substantivo==
{{oxítona|nan|quim}}, {{gramática|m}}
# [[tinta]] [[preto|preta]], [[indelével]], [[originário|originária]] de [[cidade]] [[chinês|chinesa]] de [[Nanquim]], [[usar|usada]] em [[desenho]]
===Sinônimos===
* De '''1''': [[tinta-da-china]]
=={{pronúncia|pt}}==
===Portugal===
* AFI: {{AFI|/nɐ̃.ˈkĩ/}}
[[Categoria:Substantivo (Português)]]</text>
<sha1>t1npujap3lobyy5u0yz4rruslxo12jj</sha1>
</revision>
</page>
