<page>
<page>
<title>nantenses</title>
<ns>0</ns>
<id>393952</id>
<revision>
<id>2489912</id>
<parentid>2489911</parentid>
<timestamp>2018-03-20T03:13:28Z</timestamp>
<contributor>
<username>MIL973</username>
<id>41339</id>
</contributor>
<model>wikitext</model>
<format>text/x-wiki</format>
<text bytes="326" xml:space="preserve">={{-pt-}}=
==Forma de adjetivo==
{{paroxítona|nan|ten|ses}}, {{gramática|c2gp}}
# plural de [[nantense]]
==Forma de substantivo==
{{paroxítona|nan|ten|ses}}, {{gramática|c2gp}}
# plural de [[nantense]]
{{avi-for-fle|nantense}}
[[Categoria:Forma de adjetivo (Português)]]
[[Categoria:Forma de substantivo (Português)]]</text>
<sha1>fj52rjyxvqckzrmiuev5u0ictao202l</sha1>
</revision>
