<page>
<page>
<title>nantense</title>
<ns>0</ns>
<id>393951</id>
<revision>
<id>2492058</id>
<parentid>2489909</parentid>
<timestamp>2018-03-30T11:27:16Z</timestamp>
<contributor>
<username>MIL973</username>
<id>41339</id>
</contributor>
<model>wikitext</model>
<format>text/x-wiki</format>
<text bytes="512" xml:space="preserve">={{-pt-}}=
==Adjetivo==
{{flex.pt|s=nantense|p=nantenses}}
{{paroxítona|nan|ten|se}}, {{gramática|c2g}}
# {{escopo|pt|Gentílico}} de [[Nantes]], cidade paulista
==Substantivo==
{{flex.pt|s=nantense|p=nantenses}}
{{paroxítona|nan|ten|se}}, {{gramática|c2g}}
# {{escopo|pt|Gentílico}} natural de Nantes ou seu habitante
=={{etimologia|pt}}==
: {{escopo|Morfologia}} De [[Nantes]] + [[-ense]].
==Ligações externas==
* {{Aulete}}
[[Categoria:Adjetivo (Português)]]
[[Categoria:Substantivo (Português)]]</text>
<sha1>qx43h7r504ilenedmddg2f1ovq3ggl5</sha1>
</revision>
