<page>
<page>
<title>nante</title>
<ns>0</ns>
<id>165796</id>
<revision>
<id>2379909</id>
<parentid>2219743</parentid>
<timestamp>2017-05-05T16:34:10Z</timestamp>
<contributor>
<username>HydrizBot</username>
<id>29590</id>
</contributor>
<minor />
<comment>Robô: A limpar links interwikis antigos</comment>
<model>wikitext</model>
<format>text/x-wiki</format>
<text bytes="111" xml:space="preserve">={{-ja-}}=
==Transliteração==
# transliteração de [[なんて]]
[[Categoria:Transliteração (Japonês)]]</text>
<sha1>6umrljqcawr7ulfbjo3300caa6i5tnn</sha1>
</revision>
