<page>
<page>
<title>U</title>
<ns>0</ns>
<id>8782</id>
<revision>
<id>2680011</id>
<parentid>2561650</parentid>
<timestamp>2022-06-13T02:18:26Z</timestamp>
<contributor>
<username>Wilhelm Seifer</username>
<id>85860</id>
</contributor>
<model>wikitext</model>
<format>text/x-wiki</format>
<text bytes="1132" xml:space="preserve">{{caracteres info|hex=0055|nome=LATIN CAPITAL LETTER U|anterior=T|próximo=V}}
={{-nl-}}=
==Pronome==
'''U''' (pronome pessoal e reflexivo)
# [[você]]
===Notas===
: Usar o U capitalizado é, atualmente, considerado antigo e seu uso não é mais obrigatório. Em contextos religiosos o pronome ainda é frequentemente capitalizado.
[[Categoria:Pronome (Holandês)]]
={{-univ-}}=
==Símbolo==
'''U'''
# {{escopo|univ|Química}} [[símbolo]] do [[elemento químico]] de nome [[urânio]]
# [[unidade]] de [[massa]] [[atômico|atômica]]; é uma unidade de [[medida]] de massa utilizada para expressar as massas atômicas dos [[elemento]]s e de seus [[composto]]s; é definida como [[um]] [[doze]] [[avos]] da massa atômica do [[carbono]]; 1 u = 1,6605402 x 10&lt;sup&gt;-27&lt;/sup&gt; [[quilograma|kg]]; também é conhecida por [[uma]] ou [[dalton]]
==Letra==
'''U, u'''
# a vigésima primeira [[letra]] do alfabeto latino
==Ver também==
===No Wikcionário===
{{Alfabeto Latino}}
{{verTambém.Ini}}
* [[Apêndice:Tabela periódica]]
{{verTambém.Fim}}
[[Categoria:Sistema de escrita latino]]
[[Categoria:Símbolo de elemento químico]]</text>
<sha1>4qth2ygva1y99oo7e3ryz3neig5rjby</sha1>
</revision>
