<page>
<title>uai</title>
<ns>0</ns>
<id>10249</id>
<revision>
<id>2396485</id>
<parentid>2181184</parentid>
<timestamp>2017-05-13T09:31:46Z</timestamp>
<contributor>
<username>ValJor</username>
<id>1358</id>
</contributor>
<comment>Melhorando a apresentação do verbete</comment>
<model>wikitext</model>
<format>text/x-wiki</format>
<text bytes="329" xml:space="preserve">={{-pt-}}=
==Interjeição==
{{oxítona|u|ai}}
# {{escopo|pt|Brasil}} expressa [[surpresa]], [[espanto]] ou suscita [[dúvida]]
#* '''''Uai'''! O que aconteceu com ela?''
# {{escopo|pt|Brasil}} expressa [[confirmação]]
#* ''É isso, '''uai'''.''
===Sinônimos===
* De '''1''': [[ué]]
[[Categoria:Interjeição (Português)]]</text>
<sha1>opvyq14giu9n0fecmkh9ergoicwaeoo</sha1>
</revision>
</page>
