<page>
<page>
<title>uaicima</title>
<ns>0</ns>
<id>74939</id>
<revision>
<id>2561594</id>
<parentid>1371797</parentid>
<timestamp>2019-11-16T08:29:54Z</timestamp>
<contributor>
<username>ValJor</username>
<id>1358</id>
</contributor>
<comment>Trocando escopo por escopo2</comment>
<model>wikitext</model>
<format>text/x-wiki</format>
<text bytes="498" xml:space="preserve">={{-pt-}}=
==Substantivo==
{{flex.pt|fs=uaicima|fp=uaicimas}}
{{paroxítona|u|ai|ci|ma}}, {{gramática|f}}
# {{escopo2|Angiospermas}} o mesmo que [[cabeça-de-preguiça]] (''Apeiba albiflora'')
# {{escopo2|Angiospermas}} o mesmo que [[saca-rolhas]] (''Helicteres pentandra'')
=={{etimologia|pt}}==
{{llietimo|tu|yuasíma|pt}}
==Ligações externas==
* {{Aulete}}
* {{Michaelis}}
* {{Infopédia}}
* {{PLP}}
* {{VOLPABL}}
[[Categoria:Substantivo (Português)]]
[[Categoria:Botânica (Português)]]</text>
<sha1>s59hbv5haslrkg6s0reuo1din645dqc</sha1>
</revision>
