<page>
<title>uaicá</title>
<ns>0</ns>
<id>381730</id>
<revision>
<id>2500178</id>
<parentid>2442027</parentid>
<timestamp>2018-05-01T12:24:59Z</timestamp>
<contributor>
<username>Labareda</username>
<id>21550</id>
</contributor>
<comment>divisão silábica corrigida</comment>
<model>wikitext</model>
<format>text/x-wiki</format>
<text bytes="196" xml:space="preserve">={{-pt-}}=
==Substantivo==
{{oxítona|u|ai|cá}}, {{gramática|c2g}}
# designação dada a um sub-grupo ianomâmi
===Sinônimos===
* De '''1''': [[waiká]]
[[Categoria:Substantivo (Português)]]</text>
<sha1>dzq4rbigh5k80izq93v4hsxc7i05c8m</sha1>
</revision>
</page>
