<page>
<page>
<title>uambé</title>
<ns>0</ns>
<id>102792</id>
<revision>
<id>2229478</id>
<parentid>1194036</parentid>
<timestamp>2017-01-27T19:21:33Z</timestamp>
<contributor>
<username>Defender</username>
<id>15952</id>
</contributor>
<comment>Um verbete a menos usando a [[Predefinição:flex.pt.masculino|predefinição flex.pt.masculino]]</comment>
<model>wikitext</model>
<format>text/x-wiki</format>
<text bytes="524" xml:space="preserve">={{-pt-}}=
==Substantivo==
{{flex.pt|ms=uambé|mp=uambés}}
{{oxítona|u|am|bé}}, {{g|m}}
# [[planta]] [[trepadeira]] do [[gênero]] ''Philodendron'', da [[família]] das aráceas
===Sinônimos===
{{verTambém.Ini}}
* [[cipó-imbé]]
* [[bananeíra-imbé]]
{{verTambém.NovaColuna}}
* [[ambé]]
* [[uambé-curuá]]
{{verTambém.NovaColuna}}
* [[tracua]]
* [[curuba]]
{{verTambém.Fim}}
==Anagrama==
# [[embuá]]
[[Categoria:Substantivo (Português)]]
[[Categoria:Botânica (Português)]]
[[Categoria:Medicina (Português)]]</text>
<sha1>gqau5e2i4gezexpjhzd2o3btfbbpeo2</sha1>
</revision>
