<page>
<page>
<title>uanga</title>
<ns>0</ns>
<id>257736</id>
<revision>
<id>2657455</id>
<parentid>2232991</parentid>
<timestamp>2022-01-09T04:21:50Z</timestamp>
<contributor>
<username>ValJor</username>
<id>1358</id>
</contributor>
<comment>Retirando interwikis que agora são fornecidos pelo WikiData</comment>
<model>wikitext</model>
<format>text/x-wiki</format>
<text bytes="154" xml:space="preserve">={{-kl-}}=
==Pronome==
'''uanga''', {{gramática|pess}}
# [[eu]]; pronome da [[primeira pessoa]] do singular
[[Categoria:Pronome pessoal (Groenlandês)]]</text>
<sha1>jmbtfyzt9p895h59i9eq3jdeba5iitz</sha1>
</revision>
