<page>
<page>
<title>Uarini</title>
<ns>0</ns>
<id>144505</id>
<revision>
<id>2281603</id>
<parentid>1195594</parentid>
<timestamp>2017-04-27T03:20:28Z</timestamp>
<contributor>
<username>HydrizBot</username>
<id>29590</id>
</contributor>
<minor />
<comment>Robô: A limpar links interwikis antigos</comment>
<model>wikitext</model>
<format>text/x-wiki</format>
<text bytes="249" xml:space="preserve">={{-pt-}}=
{{Wikipédia}}
==Substantivo==
'''Uarini''' {{pr}}
#[[município]] [[brasileiro]] do [[estado]] do [[Amazonas]]
==Ver também==
*[[Apêndice:Municípios do estado do Amazonas]]
[[Categoria:Município do estado do Amazonas (Português)]]</text>
<sha1>soxed9qlov334skr6zfh457qc6pw7z2</sha1>
</revision>
