<page>
<page>
<title>uarurembóia</title>
<ns>0</ns>
<id>313440</id>
<revision>
<id>1690835</id>
<parentid>1672227</parentid>
<timestamp>2013-05-27T20:08:35Z</timestamp>
<contributor>
<username>ValJor</username>
<id>1358</id>
</contributor>
<comment>Melhorando a apresentação do verbete</comment>
<model>wikitext</model>
<format>text/x-wiki</format>
<text bytes="219" xml:space="preserve">{{Anterior ao Acordo de 1990|uaruremboia}}
={{-pt-}}=
==Substantivo==
{{flex.pt|fs=uarurembóia|fp=uarurembóias}}
{{paroxítona|u|a|ru|rem|bói|a}}, ''f''
# vide [[uaruremboia]]
[[Categoria:Substantivo (Português)]]</text>
<sha1>c02xq6ft3uv9uip6kixbe2owdnfh78i</sha1>
</revision>
