<page>
<page>
<title>uarza</title>
<ns>0</ns>
<id>425884</id>
<revision>
<id>2594928</id>
<timestamp>2020-08-24T21:52:17Z</timestamp>
<contributor>
<username>Cpls</username>
<id>20608</id>
</contributor>
<comment>[[Ajuda:Guia de edição/Menus e ferramentas/Sumário de edição|→]] nova página: ={{-roa-gpm-}}= ==Substantivo== {{flex.roa-gpm|fs=uarza|fp=uarzas}} {{paroxítona|uar|za|lang=roa-gpm}}, {{g|...</comment>
<model>wikitext</model>
<format>text/x-wiki</format>
<text bytes="340" xml:space="preserve">={{-roa-gpm-}}=
==Substantivo==
{{flex.roa-gpm|fs=uarza|fp=uarzas}}
{{paroxítona|uar|za|lang=roa-gpm}}, {{g|f}}
# [[várzea]]
==={{-varort-}}===
* [[varza#{{roa-gpm}}|varza]]
===Sinônimos===
* [[vargea#{{roa-gpm}}|vargea]]
=={{etimologia|roa-gpm}}==
: Do pré-romano ''varcena''.
[[Categoria:Substantivo (Galego-Português Medieval)]]</text>
<sha1>mjkn938qpzjqdrhf8znzgzkx9ome4pd</sha1>
</revision>
