<page>
<page>
<title>uas</title>
<ns>0</ns>
<id>386835</id>
<revision>
<id>2473490</id>
<parentid>2466205</parentid>
<timestamp>2017-12-28T11:07:32Z</timestamp>
<contributor>
<username>Imivorn</username>
<id>64513</id>
</contributor>
<comment>/* {{-mwl-}} */</comment>
<model>wikitext</model>
<format>text/x-wiki</format>
<text bytes="277" xml:space="preserve">={{-mwl-}}=
==Artigo==
{{flex.mwl|ms=un|mp=ua|fs=uns|fp=uas}}
{{paroxítona|u|as|língua=mwl}}, {{g|ind}} {{fp}}
# [[umas#{{pt}}|umas]], plural feminino de [[un#{{mwl}}|un]]
==Ver também==
===No Wikcionário===
{{flex.mwl.contr.indefinidos}}
[[Categoria:Artigo (Mirandês)]]</text>
<sha1>cj3cq99y82n1h6qtvp73ysfsn7gwcoz</sha1>
</revision>
