<page>
<title>uat</title>
<ns>0</ns>
<id>36310</id>
<revision>
<id>2561559</id>
<parentid>724629</parentid>
<timestamp>2019-11-16T01:11:55Z</timestamp>
<contributor>
<username>ValJor</username>
<id>1358</id>
</contributor>
<comment>Acrescentando código de língua à [[:Categoria:!Página com mensagem de erro em predefinição|predefinição escopo]]</comment>
<model>wikitext</model>
<format>text/x-wiki</format>
<text bytes="108" xml:space="preserve">={{-tet-}}=
==Substantivo==
'''uat'''
# {{escopo|tet|Anatomia}} [[veia]]
[[Categoria:Substantivo (Tétum)]]</text>
<sha1>r31y0xozyobo1i5o0qfb7wdes24wzfq</sha1>
</revision>
</page>
