<page>
<page>
<title>uau</title>
<ns>0</ns>
<id>98848</id>
<revision>
<id>1771826</id>
<parentid>1771825</parentid>
<timestamp>2013-11-17T11:17:05Z</timestamp>
<contributor>
<username>ValJor</username>
<id>1358</id>
</contributor>
<minor />
<comment>Revertidas edições por [[Especial:Contribuições/84.90.236.69|84.90.236.69]] para a última versão por [[Especial:Contribuições/O ec|O ec]]</comment>
<model>wikitext</model>
<format>text/x-wiki</format>
<text bytes="977" xml:space="preserve">={{-pt-}}=
==Interjeição==
'''&lt;u&gt;u&lt;/u&gt;.au'''
# exprime [[espanto]] ou [[surpresa]]
===Tradução===
{{tradini}}
* {{trad|de|wow}}
* {{trad|es|uau}}
* {{trad|fi|vau}}
* {{trad|fr|oh|oh là là|ouah}}
* {{trad|nl|wauw|wow}}
* {{trad|hu|hűha|tyűha|ejha}}
* {{trad|en|wow}}
* {{trad|is|vá}}
{{tradmeio}}
* {{trad|it|uao}}
* {{trad|lt|oho}}
* {{trad|pl|łał}}
* {{trad|ro|uau}}
* {{trad|sr|вау}}
* {{trad|sh|vau}}
* {{trad|sw|ala}}
{{tradfim}}
==Substantivo==
'''&lt;u&gt;u&lt;/u&gt;.au'''
# nome da vigésima sétima [[letra]] do [[alfabeto]] [[árabe]]
==Ver também==
===No Wikcionário===
* [[alfabeto]]
[[Categoria:Substantivo (Português)]]
[[Categoria:Interjeição (Português)]]
[[Categoria:Dissílabo (Português)]]
[[Categoria:Paroxítona (Português)]]
={{-es-}}=
==Interjeição==
'''uau'''
# [[uau#Português|uau]]
[[Categoria:Interjeição (Espanhol)]]
={{-ro-}}=
==Interjeição==
'''uau'''
# [[uau#Português|uau]]
[[Categoria:Interjeição (Romeno)]]
[[en:uau]]</text>
<sha1>8m0z8gzz2e11za3ov7k7wnlc11qqqly</sha1>
</revision>
