<page>
<page>
<title>uauá</title>
<ns>0</ns>
<id>365080</id>
<revision>
<id>2177287</id>
<parentid>2176833</parentid>
<timestamp>2016-09-27T10:55:58Z</timestamp>
<contributor>
<username>ValJor</username>
<id>1358</id>
</contributor>
<comment>Salvando o verbete da ER</comment>
<model>wikitext</model>
<format>text/x-wiki</format>
<text bytes="263" xml:space="preserve">={{-pt-}}=
==Substantivo==
{{flex.pt|ms=uauá|mp=uauás}}
{{oxítona|ua|uá}}, {{gramática|m}}
# [[vaga-lume]]
===Sinônimos===
* Vide lista de sinônimos em ''[[Wikisaurus:vaga-lume]]''.
[[Categoria:Substantivo (Português)]]
[[Categoria:Inseto (Português)]]</text>
<sha1>6wm9njlkjkwwpga7jos106r0m3iv3cc</sha1>
</revision>
