<page>
<page>
<title>Uauá</title>
<ns>0</ns>
<id>137827</id>
<revision>
<id>2281604</id>
<parentid>2112658</parentid>
<timestamp>2017-04-27T03:20:30Z</timestamp>
<contributor>
<username>HydrizBot</username>
<id>29590</id>
</contributor>
<minor />
<comment>Robô: A limpar links interwikis antigos</comment>
<model>wikitext</model>
<format>text/x-wiki</format>
<text bytes="239" xml:space="preserve">={{-pt-}}=
{{Wikipédia}}
==Substantivo==
'''Uauá''' {{pr}}
#[[município]] [[brasileiro]] do [[estado]] da [[Bahia]]
==Ver também==
*[[Apêndice:Municípios do estado da Bahia]]
[[Categoria:Município do estado da Bahia (Português)]]</text>
<sha1>3ath82gauaoi9s2wbj0b95abh6b0qsu</sha1>
</revision>
