<page>
<title>UB</title>
<ns>0</ns>
<id>440639</id>
<revision>
<id>2660750</id>
<parentid>2660749</parentid>
<timestamp>2022-02-21T13:07:20Z</timestamp>
<contributor>
<username>MIL973</username>
<id>41339</id>
</contributor>
<model>wikitext</model>
<format>text/x-wiki</format>
<text bytes="562" xml:space="preserve">={{-pt-}}=
==Sigla==
'''UB''', {{gramática|m}}
# {{escopo|pt|Brasil|política}} [[w:União Brasil|'''U'''nião '''B'''rasil]], criado a partir da fusão do [[DEM]] (Democratas) e do [[PSL]] (Partido Social Liberal)
==Ver também==
===No Wikcionário===
{{colunas|2}}
* [[Brasil]]
* [[união]]
{{colunas/fim}}
====Apêndices====
* [[Apêndice:Siglas de partidos políticos em português|siglas de partidos políticos em português]]
====Wikisaurus====
* [[Wikisaurus:política|política]]
{{partidos políticos brasileiros}}
[[Categoria:Sigla (Português)]]</text>
<sha1>th12f4cls6vhkq3lqgds3sd4m1wbgzv</sha1>
</revision>
</page>
