<page>
<title>uba</title>
<ns>0</ns>
<id>15064</id>
<revision>
<id>2475154</id>
<parentid>2470232</parentid>
<timestamp>2018-01-06T22:42:17Z</timestamp>
<contributor>
<username>Imivorn</username>
<id>64513</id>
</contributor>
<comment>/* {{-mwl-}} */</comment>
<model>wikitext</model>
<format>text/x-wiki</format>
<text bytes="870" xml:space="preserve">={{-kea-}}=
==Verbo==
'''uba'''
# [[uivar]]
[[Categoria:Verbo (Cabo-verdiano)]]
={{-mwl-}}=
[[Imagem:Eshcolanavim.jpg|thumb|170px|&lt;center&gt;ubas&lt;/center&gt;]]
==Substantivo==
{{flex.mwl|fs=uba|fp=ubas}}
{{paroxítona|u|ba|língua=mwl}}, {{f}}
# {{escopo|mwl|Fruta}} [[uva]] (''[[species:Vitis vinifera|Vitis vinifera]]'')
==Ver também==
===No Wikcionário===
{{verTambém.Ini}}
* [[binha]]
{{verTambém.NovaColuna}}
* [[binhal]]
{{verTambém.NovaColuna}}
* [[binhedo]]
{{verTambém.NovaColuna}}
* [[bideira]]
{{verTambém.Fim}}
[[Categoria:Substantivo (Mirandês)]]
[[Categoria:Botânica (Mirandês)]]
[[Categoria:Entrada com imagem (Mirandês)]]
[[az:uba]]
[[chr:uba]]
[[de:uba]]
[[en:uba]]
[[es:uba]]
[[et:uba]]
[[fi:uba]]
[[fr:uba]]
[[hr:uba]]
[[hu:uba]]
[[id:uba]]
[[io:uba]]
[[ky:uba]]
[[lt:uba]]
[[mg:uba]]
[[pl:uba]]
[[ru:uba]]
[[tg:uba]]
[[tr:uba]]
[[zh:uba]]</text>
<sha1>gahehi00mlb5dcxajdo9tvne0ni3bdu</sha1>
</revision>
</page>
