<page>
<title>ubaense</title>
<ns>0</ns>
<id>58811</id>
<revision>
<id>1469833</id>
<parentid>1188711</parentid>
<timestamp>2012-09-26T01:24:38Z</timestamp>
<contributor>
<username>ValJor</username>
<id>1358</id>
</contributor>
<comment>Separando adjetivo de substantivo</comment>
<model>wikitext</model>
<format>text/x-wiki</format>
<text bytes="333" xml:space="preserve">={{-pt-}}=
==Adjetivo==
{{flex.pt|s=ubaense|p=ubaenses}}
{{paroxítona|u|ba|en|se}}
# de ou relativo a [[Ubá]], cidade de Minas Gerais (Brasil)
==Substantivo==
{{paroxítona|u|ba|en|se}}
# habitante ou natural de Ubá
[[Categoria:Adjetivo (Português)]]
[[Categoria:Substantivo (Português)]]
[[Categoria:Gentílico (Português)]]</text>
<sha1>3vau5aumcn03zl9sxs19n1upth6i5fe</sha1>
</revision>
</page>
