<page>
<page>
<title>Ubaitaba</title>
<ns>0</ns>
<id>137829</id>
<revision>
<id>2281605</id>
<parentid>2112657</parentid>
<timestamp>2017-04-27T03:20:32Z</timestamp>
<contributor>
<username>HydrizBot</username>
<id>29590</id>
</contributor>
<minor />
<comment>Robô: A limpar links interwikis antigos</comment>
<model>wikitext</model>
<format>text/x-wiki</format>
<text bytes="242" xml:space="preserve">={{-pt-}}=
{{Wikipédia}}
==Substantivo==
'''Ubaitaba''' {{pr}}
#[[município]] [[brasileiro]] do [[estado]] da [[Bahia]]
==Ver também==
*[[Apêndice:Municípios do estado da Bahia]]
[[Categoria:Município do estado da Bahia (Português)]]</text>
<sha1>jbcv59qdhwpjpk3qjqjjdjd3z6k1rwu</sha1>
</revision>
