<page>
<page>
<title>ubaia</title>
<ns>0</ns>
<id>153435</id>
<revision>
<id>2066689</id>
<parentid>1893307</parentid>
<timestamp>2016-03-01T09:39:19Z</timestamp>
<contributor>
<username>ValJor</username>
<id>1358</id>
</contributor>
<comment>Verbete [[:Categoria:!Página com idioma não informado em Predefinição:etimologia|sem indicação do idioma na seção de etimologia]]</comment>
<model>wikitext</model>
<format>text/x-wiki</format>
<text bytes="490" xml:space="preserve">{{Wikipédia|uvaia}}
={{-pt-}}=
==Substantivo==
{{flex.pt|fs=ubaia|fp=ubaias}}
{{paroxítona|u|bai|a}}
# [[fruta]] [[silvestre]] da [[caatinga]] [[cearense]]; é um frutinho [[pequeno]], [[amarelo]], parecido com [[acerola]]
# [[árvore]] que produz esse fruto; seu nome científico é ''Eugenia uvalha''
==={{-varort-}}===
* [[uvaia]]
=={{etimologia|pt}}==
: Do tupi ''i'waya''.
[[Categoria:Substantivo (Português)]]
[[Categoria:Árvore (Português)]]
[[Categoria:Fruta (Português)]]</text>
<sha1>breoj1di5j9fzbki6bxkk3t0cq9v4zx</sha1>
</revision>
