<page>
<title>Ubajara</title>
<ns>0</ns>
<id>138046</id>
<revision>
<id>2281606</id>
<parentid>1196183</parentid>
<timestamp>2017-04-27T03:20:33Z</timestamp>
<contributor>
<username>HydrizBot</username>
<id>29590</id>
</contributor>
<minor />
<comment>Robô: A limpar links interwikis antigos</comment>
<model>wikitext</model>
<format>text/x-wiki</format>
<text bytes="244" xml:space="preserve">={{-pt-}}=
{{Wikipédia}}
==Substantivo==
'''Ubajara''' {{pr}}
#[[município]] [[brasileiro]] do [[estado]] do [[Ceará]]
==Ver também==
*[[Apêndice:Municípios do estado do Ceará]]
[[Categoria:Município do estado do Ceará (Português)]]</text>
<sha1>eo6fhme46yvbw9h747man3t0csyql9p</sha1>
</revision>
</page>
