<page>
<page>
<title>uball</title>
<ns>0</ns>
<id>403342</id>
<revision>
<id>2527140</id>
<timestamp>2018-11-24T19:31:32Z</timestamp>
<contributor>
<username>Cpls</username>
<id>20608</id>
</contributor>
<comment>[[Ajuda:Guia de edição/Menus e ferramentas/Sumário de edição|→]] nova página: ={{-sga-}}= ==Substantivo== '''uball''' # [[maçã]]  ==={{-varort-}}=== * [[ubull#{{sga}}|ubull]]  =={{etimo...</comment>
<model>wikitext</model>
<format>text/x-wiki</format>
<text bytes="214" xml:space="preserve">={{-sga-}}=
==Substantivo==
'''uball'''
# [[maçã]]
==={{-varort-}}===
* [[ubull#{{sga}}|ubull]]
=={{etimologia|sga}}==
: Do proto-céltico ''*abalom'' &quot;[[maçã]]&quot;.
[[Categoria:Substantivo (Irlandês Antigo)]]</text>
<sha1>o60vpvjilb5oslfjrpbcgrjdo0vq5v2</sha1>
</revision>
