<page>
<page>
<title>Ubaldinas</title>
<ns>0</ns>
<id>391756</id>
<revision>
<id>2479891</id>
<parentid>2479890</parentid>
<timestamp>2018-01-25T12:25:23Z</timestamp>
<contributor>
<username>MIL973</username>
<id>41339</id>
</contributor>
<model>wikitext</model>
<format>text/x-wiki</format>
<text bytes="186" xml:space="preserve">={{-pt-}}=
==Forma de substantivo==
{{paroxítona|U|bal|di|nas}}, {{gramática|pr|fp}}
# plural de [[Ubaldina]]
{{avi-for-fle|Ubaldina}}
[[Categoria:Forma de substantivo (Português)]]</text>
<sha1>obvi0kbd1d29o4nunpeq4qzn9qq2o1x</sha1>
</revision>
