<page>
<title>Ubaldos</title>
<ns>0</ns>
<id>391755</id>
<revision>
<id>2479886</id>
<parentid>2479885</parentid>
<timestamp>2018-01-25T12:22:58Z</timestamp>
<contributor>
<username>MIL973</username>
<id>41339</id>
</contributor>
<model>wikitext</model>
<format>text/x-wiki</format>
<text bytes="179" xml:space="preserve">={{-pt-}}=
==Forma de substantivo==
{{paroxítona|U|bal|dos}}, {{gramática|pr|mp}}
# plural de [[Ubaldo]]
{{avi-for-fle|Ubaldo}}
[[Categoria:Forma de substantivo (Português)]]</text>
<sha1>oi6hnz3m40vxhrlixrwa1ybz7jxfotg</sha1>
</revision>
</page>
