<page>
<title>Ubaldino</title>
<ns>0</ns>
<id>391752</id>
<revision>
<id>2559561</id>
<parentid>2479879</parentid>
<timestamp>2019-10-31T14:28:52Z</timestamp>
<contributor>
<username>MIL973</username>
<id>41339</id>
</contributor>
<model>wikitext</model>
<format>text/x-wiki</format>
<text bytes="368" xml:space="preserve">={{-pt-}}=
==Substantivo==
{{flex.pt|ms=Ubaldino|mp=Ubaldinos}}
{{paroxítona|U|bal|di|no}}, {{gramática|pr|m}}
# {{escopo|pt|Antropônimo}} [[Apêndice:Prenomes em português|prenome]] masculino
==Ver também==
===No Wikcionário===
====Antropônimos====
{{colunas|3}}
* [[Ubalda]]
* [[Ubaldina]]
* [[Ubaldo]]
{{colunas/fim}}
[[Categoria:Substantivo (Português)]]</text>
<sha1>sta1us95z5g17evv43sgrma9c65pkk5</sha1>
</revision>
</page>
