<page>
<page>
<title>Ubalda</title>
<ns>0</ns>
<id>391750</id>
<revision>
<id>2559559</id>
<parentid>2556862</parentid>
<timestamp>2019-10-31T14:28:26Z</timestamp>
<contributor>
<username>MIL973</username>
<id>41339</id>
</contributor>
<model>wikitext</model>
<format>text/x-wiki</format>
<text bytes="362" xml:space="preserve">={{-pt-}}=
==Substantivo==
{{flex.pt|fs=Ubalda|fp=Ubaldas}}
{{paroxítona|U|bal|da}}, {{gramática|pr|f}}
# {{escopo|pt|Antropônimo}} [[Apêndice:Prenomes em português|prenome]] feminino
==Ver também==
===No Wikcionário===
====Antropônimos====
{{colunas|3}}
* [[Ubaldina]]
* [[Ubaldino]]
* [[Ubaldo]]
{{colunas/fim}}
[[Categoria:Substantivo (Português)]]</text>
<sha1>0g2s9batjxk3xi71kj7mco6jgapp25e</sha1>
</revision>
