<page>
<page>
<title>Ubaldinos</title>
<ns>0</ns>
<id>391757</id>
<revision>
<id>2479895</id>
<parentid>2479894</parentid>
<timestamp>2018-01-25T12:26:21Z</timestamp>
<contributor>
<username>MIL973</username>
<id>41339</id>
</contributor>
<model>wikitext</model>
<format>text/x-wiki</format>
<text bytes="186" xml:space="preserve">={{-pt-}}=
==Forma de substantivo==
{{paroxítona|U|bal|di|nos}}, {{gramática|pr|mp}}
# plural de [[Ubaldino]]
{{avi-for-fle|Ubaldino}}
[[Categoria:Forma de substantivo (Português)]]</text>
<sha1>96e16adsn4k0f3127xpufaomq9v7s93</sha1>
</revision>
