<page>
<title>Ubaldas</title>
<ns>0</ns>
<id>391754</id>
<revision>
<id>2479884</id>
<parentid>2479883</parentid>
<timestamp>2018-01-25T12:22:24Z</timestamp>
<contributor>
<username>MIL973</username>
<id>41339</id>
</contributor>
<model>wikitext</model>
<format>text/x-wiki</format>
<text bytes="179" xml:space="preserve">={{-pt-}}=
==Forma de substantivo==
{{paroxítona|U|bal|das}}, {{gramática|pr|fp}}
# plural de [[Ubalda]]
{{avi-for-fle|Ubalda}}
[[Categoria:Forma de substantivo (Português)]]</text>
<sha1>r66sgxjvnu18i1q7wke8pnjdvxr9vek</sha1>
</revision>
</page>
