<page>
<page>
<title>ubaranense</title>
<ns>0</ns>
<id>395154</id>
<revision>
<id>2497580</id>
<parentid>2497579</parentid>
<timestamp>2018-04-20T03:29:07Z</timestamp>
<contributor>
<username>MIL973</username>
<id>41339</id>
</contributor>
<model>wikitext</model>
<format>text/x-wiki</format>
<text bytes="531" xml:space="preserve">={{-pt-}}=
==Adjetivo==
{{flex.pt|s=ubaranense|p=ubaranenses}}
{{paroxítona|u|ba|ra|nen|se}}, {{gramática|c2g}}
# {{escopo|pt|Gentílico}} de [[Ubarana]], cidade paulista
==Substantivo==
{{flex.pt|s=ubaranense|p=ubaranenses}}
{{paroxítona|u|ba|ra|nen|se}}, {{gramática|c2g}}
# {{escopo|pt|Gentílico}} natural de Ubarana ou seu habitante
=={{etimologia|pt}}==
: {{escopo|Morfologia}} De [[Ubarana]] + [[-ense]].
==Ligações externas==
* {{Aulete}}
[[Categoria:Adjetivo (Português)]]
[[Categoria:Substantivo (Português)]]</text>
<sha1>fi5bcpvhe4ka9qw9ni8vbhmskwsmfm9</sha1>
</revision>
