<page>
<page>
<title>Ubarana</title>
<ns>0</ns>
<id>137143</id>
<revision>
<id>2497576</id>
<parentid>2497575</parentid>
<timestamp>2018-04-20T03:26:28Z</timestamp>
<contributor>
<username>MIL973</username>
<id>41339</id>
</contributor>
<model>wikitext</model>
<format>text/x-wiki</format>
<text bytes="514" xml:space="preserve">{{Wikipédia}}
{{ver também|ubarana}}
={{-pt-}}=
==Substantivo==
{{paroxítona|U|ba|ra|na}}, {{gramática|pr}}
# {{escopo|pt|Município do estado de São Paulo}} [[Apêndice:Gentílicos e topónimos em português/Brasil/São Paulo|município brasileiro do estado de São Paulo]]
==Ver também==
===No Wikcionário===
{{colunas|2}}
* [[ubarana]]
* [[ubaranense]]
{{colunas/fim}}
==Ligações externas==
* [http://www.ubarana.sp.gov.br/ Prefeitura de Ubarana (São Paulo)]
[[Categoria:Substantivo (Português)]]</text>
<sha1>7raxy54h0pjc2ncoz6pve4902ezefa9</sha1>
</revision>
