<page>
<title>ubas</title>
<ns>0</ns>
<id>388198</id>
<revision>
<id>2470210</id>
<timestamp>2017-12-13T11:08:14Z</timestamp>
<contributor>
<username>Imivorn</username>
<id>64513</id>
</contributor>
<comment>[[Ajuda:Guia de edição/Menus e ferramentas/Sumário de edição|→]] nova página: ={{-mwl-}}= ==Forma de substantivo== {{paroxítona|u|bas|língua=mwl}} # plural de '''[[uba#{{mwl}}|uba]]'''...</comment>
<model>wikitext</model>
<format>text/x-wiki</format>
<text bytes="156" xml:space="preserve">={{-mwl-}}=
==Forma de substantivo==
{{paroxítona|u|bas|língua=mwl}}
# plural de '''[[uba#{{mwl}}|uba]]'''
[[Categoria:Forma de substantivo (Mirandês)]]</text>
<sha1>bwkh4g0jn5gsidkyn0v1ta6istdm48j</sha1>
</revision>
</page>
