<page>
<page>
<title>ubatubano</title>
<ns>0</ns>
<id>345962</id>
<revision>
<id>2495697</id>
<parentid>2470657</parentid>
<timestamp>2018-04-11T03:09:22Z</timestamp>
<contributor>
<ip>191.255.254.22</ip>
</contributor>
<model>wikitext</model>
<format>text/x-wiki</format>
<text bytes="668" xml:space="preserve">={{-pt-}}=
==Adjetivo==
{{flex.pt|ms=ubatubano|mp=ubatubanos|fs=ubatubana|fp=ubatubanas}}
{{paroxítona|u|ba|tu|ba|no}}, {{gramática|m}}
# {{escopo|pt|Gentílico}} de [[Ubatuba]], cidade de [[São Paulo]] ([[Brasil]])
===Sinônimo===
* [[ubatubense]]
==Substantivo==
{{flex.pt|ms=ubatubano|mp=ubatubanos|fs=ubatubana|fp=ubatubanas}}
{{paroxítona|u|ba|tu|ba|no}}, {{gramática|m}}
# {{escopo|pt|Gentílico}} natural de Ubatuba ou seu habitante
===Sinônimo===
* [[ubatubense]]
=={{etimologia|pt}}==
: {{escopo|Morfologia}} De [[Ubatuba]] + [[-ano]].
==Ligações externas==
* {{Aulete}}
[[Categoria:Adjetivo (Português)]]
[[Categoria:Substantivo (Português)]]</text>
<sha1>gq89b1v4vrim6505q3mfwp8s3ws513z</sha1>
</revision>
