<page>
<title>Ubatuba</title>
<ns>0</ns>
<id>137144</id>
<revision>
<id>2470653</id>
<parentid>2281609</parentid>
<timestamp>2017-12-15T00:44:21Z</timestamp>
<contributor>
<username>MIL973</username>
<id>41339</id>
</contributor>
<model>wikitext</model>
<format>text/x-wiki</format>
<text bytes="492" xml:space="preserve">{{Wikipédia}}
={{-pt-}}=
==Substantivo==
{{paroxítona|U|ba|tu|ba}}, {{gramática|pr}}
# {{escopo|pt|Município do estado de São Paulo}} [[Apêndice:Gentílicos e topónimos em português/Brasil/São Paulo|município brasileiro do estado de São Paulo]]
==Ver também==
===No Wikcionário===
{{colunas|2}}
* [[ubatubano]]
* [[ubatubense]]
{{colunas/fim}}
==Ligações externas==
* [http://www.ubatuba.sp.gov.br/ Prefeitura de Ubatuba (São Paulo)]
[[Categoria:Substantivo (Português)]]</text>
<sha1>95tgve1kmle3sww6e0miyu2qauze96q</sha1>
</revision>
</page>
