<page>
<page>
<title>ubatubanas</title>
<ns>0</ns>
<id>345963</id>
<revision>
<id>2470658</id>
<parentid>2015394</parentid>
<timestamp>2017-12-15T00:49:14Z</timestamp>
<contributor>
<username>MIL973</username>
<id>41339</id>
</contributor>
<model>wikitext</model>
<format>text/x-wiki</format>
<text bytes="349" xml:space="preserve">={{-pt-}}=
==Forma de adjetivo==
{{paroxítona|u|ba|tu|ba|nas}}, {{gramática|fp}}
# feminino plural de [[ubatubano]]
==Forma de substantivo==
{{paroxítona|u|ba|tu|ba|nas}}, {{gramática|fp}}
# feminino plural de [[ubatubano]]
{{avi-for-fle|ubatubano}}
[[Categoria:Forma de adjetivo (Português)]]
[[Categoria:Forma de substantivo (Português)]]</text>
<sha1>10z8zpg2df490j18jbtcco2ehi448v7</sha1>
</revision>
