<page>
<title>ubatubanos</title>
<ns>0</ns>
<id>345964</id>
<revision>
<id>2470659</id>
<parentid>2015397</parentid>
<timestamp>2017-12-15T00:49:37Z</timestamp>
<contributor>
<username>MIL973</username>
<id>41339</id>
</contributor>
<model>wikitext</model>
<format>text/x-wiki</format>
<text bytes="331" xml:space="preserve">={{-pt-}}=
==Forma de adjetivo==
{{paroxítona|u|ba|tu|ba|nos}}, {{gramática|mp}}
# plural de [[ubatubano]]
==Forma de substantivo==
{{paroxítona|u|ba|tu|ba|nos}}, {{gramática|mp}}
# plural de [[ubatubano]]
{{avi-for-fle|ubatubano}}
[[Categoria:Forma de adjetivo (Português)]]
[[Categoria:Forma de substantivo (Português)]]</text>
<sha1>dgg12n6sjrby4t0f4283tewjmmzzu3c</sha1>
</revision>
</page>
