<page>
<page>
<title>ubatubana</title>
<ns>0</ns>
<id>345965</id>
<revision>
<id>2470660</id>
<parentid>2015400</parentid>
<timestamp>2017-12-15T00:50:09Z</timestamp>
<contributor>
<username>MIL973</username>
<id>41339</id>
</contributor>
<model>wikitext</model>
<format>text/x-wiki</format>
<text bytes="331" xml:space="preserve">={{-pt-}}=
==Forma de adjetivo==
{{paroxítona|u|ba|tu|ba|na}}, {{gramática|f}}
# feminino de [[ubatubano]]
==Forma de substantivo==
{{paroxítona|u|ba|tu|ba|na}}, {{gramática|f}}
# feminino de [[ubatubano]]
{{avi-for-fle|ubatubano}}
[[Categoria:Forma de adjetivo (Português)]]
[[Categoria:Forma de substantivo (Português)]]</text>
<sha1>9u73cdoachc3lqf13ll2xoti3fbsz0r</sha1>
</revision>
