<page>
<title>Ubaíra</title>
<ns>0</ns>
<id>137828</id>
<revision>
<id>2281612</id>
<parentid>2112651</parentid>
<timestamp>2017-04-27T03:20:44Z</timestamp>
<contributor>
<username>HydrizBot</username>
<id>29590</id>
</contributor>
<minor />
<comment>Robô: A limpar links interwikis antigos</comment>
<model>wikitext</model>
<format>text/x-wiki</format>
<text bytes="241" xml:space="preserve">={{-pt-}}=
{{Wikipédia}}
==Substantivo==
'''Ubaíra''' {{pr}}
#[[município]] [[brasileiro]] do [[estado]] da [[Bahia]]
==Ver também==
*[[Apêndice:Municípios do estado da Bahia]]
[[Categoria:Município do estado da Bahia (Português)]]</text>
<sha1>oi4fh2mccobhzazmnndrr2djx50qme6</sha1>
</revision>
</page>
