<page>
<page>
<title>Uberaba</title>
<ns>0</ns>
<id>141505</id>
<revision>
<id>2470910</id>
<parentid>2281613</parentid>
<timestamp>2017-12-16T00:40:00Z</timestamp>
<contributor>
<username>MIL973</username>
<id>41339</id>
</contributor>
<model>wikitext</model>
<format>text/x-wiki</format>
<text bytes="454" xml:space="preserve">{{Wikipédia}}
={{-pt-}}=
==Substantivo==
{{paroxítona|U|be|ra|ba}}, {{gramática|pr}}
# {{escopo|pt|Município do estado de Minas Gerais}} [[Apêndice:Gentílicos e topónimos em português/Brasil/Minas Gerais|município brasileiro do estado de Minas Gerais]]
==Ver também==
===No Wikcionário===
* [[uberabense]]
==Ligações externas==
* [http://www.uberaba.mg.gov.br/ Prefeitura de Uberaba (Minas Gerais)]
[[Categoria:Substantivo (Português)]]</text>
<sha1>e1ox7qxu1hbtsefoorfoconfpg7fkg0</sha1>
</revision>
