<page>
<page>
<title>uberlandense</title>
<ns>0</ns>
<id>58813</id>
<revision>
<id>2470913</id>
<parentid>2252192</parentid>
<timestamp>2017-12-16T00:44:00Z</timestamp>
<contributor>
<username>MIL973</username>
<id>41339</id>
</contributor>
<model>wikitext</model>
<format>text/x-wiki</format>
<text bytes="596" xml:space="preserve">={{-pt-}}=
==Adjetivo==
{{flex.pt|s=uberlandense|p=uberlandenses}}
{{paroxítona|u|ber|lan|den|se}}, {{gramática|c2g}}
# {{escopo|pt|Gentílico}} de ou relativo a [[Uberlândia]], cidade [[Minas Gerais|mineira]]
==Substantivo==
{{flex.pt|s=uberlandense|p=uberlandenses}}
{{paroxítona|u|ber|lan|den|se}}, {{gramática|c2g}}
# {{escopo|pt|Gentílico}} natural de Uberlândia ou seu habitante
=={{etimologia|pt}}==
: {{escopo|Morfologia}} [[Uberlândia|Uberlând(ia)]] + [[-ense]].
==Ligações externas==
* {{Aulete}}
[[Categoria:Adjetivo (Português)]]
[[Categoria:Substantivo (Português)]]</text>
<sha1>9ypbojvd7hkkimij8fbsxx9jm41d62i</sha1>
</revision>
