<page>
<page>
<title>uberámos</title>
<ns>0</ns>
<id>311668</id>
<revision>
<id>2250029</id>
<parentid>1656236</parentid>
<timestamp>2017-03-08T10:31:54Z</timestamp>
<contributor>
<username>ValJor</username>
<id>1358</id>
</contributor>
<comment>Trocando predefinição escopo por escopo2</comment>
<model>wikitext</model>
<format>text/x-wiki</format>
<text bytes="265" xml:space="preserve">={{-pt-}}=
==Forma verbal==
{{paroxítona|u|be|rá|mos}}
# {{escopo2|grafia lusitana}} primeira pessoa do plural do pretérito perfeito do modo indicativo do verbo [[uberar]]
{{avi-for-fle|uberar}}
[[Categoria:Forma verbal (Português)]]
[[Categoria:Lusitanismo]]</text>
<sha1>agz53kj5xscuv9sshclil3338ymtvxo</sha1>
</revision>
