<page>
<page>
<title>uberar</title>
<ns>0</ns>
<id>315161</id>
<revision>
<id>1685104</id>
<timestamp>2013-05-03T19:37:33Z</timestamp>
<contributor>
<username>ValJor</username>
<id>1358</id>
</contributor>
<comment>Por um [[Especial:Lonelypages|wikcionário sem órfãos]]: [[uberámos]]</comment>
<model>wikitext</model>
<format>text/x-wiki</format>
<text bytes="292" xml:space="preserve">={{-pt-}}=
==Verbo==
{{oxítona|u|be|rar}}, ''transitivo''
# [[fertilizar]]
{{oxítona|u|be|rar}}, ''intransitivo''
# {{cont|2}} [[produzir]]
===Conjugação===
{{conj/pt|uber|ar}}
=={{etimologia|pt}}==
: Do infinitivo latino ''uberāre'' ([[fertilizar]]).
[[Categoria:Verbo (Português)]]</text>
<sha1>cts88r8zvss73xbcyph0ljljrhww1l4</sha1>
</revision>
