<page>
<title>uberabenses</title>
<ns>0</ns>
<id>328528</id>
<revision>
<id>2252189</id>
<parentid>1879073</parentid>
<timestamp>2017-03-14T02:35:04Z</timestamp>
<contributor>
<username>MIL973</username>
<id>41339</id>
</contributor>
<model>wikitext</model>
<format>text/x-wiki</format>
<text bytes="340" xml:space="preserve">={{-pt-}}=
==Forma de adjetivo==
{{paroxítona|u|be|ra|ben|ses}}, {{gramática|c2gp}}
# plural de [[uberabense]]
==Forma de substantivo==
{{paroxítona|u|be|ra|ben|ses}}, {{gramática|c2gp}}
# plural de [[uberabense]]
{{avi-for-fle|uberabense}}
[[Categoria:Forma de adjetivo (Português)]]
[[Categoria:Forma de substantivo (Português)]]</text>
<sha1>8cduac7weu0k4eupg7ish5my8q424cb</sha1>
</revision>
</page>
