<page>
<page>
<title>ubestemt</title>
<ns>0</ns>
<id>84827</id>
<revision>
<id>2139378</id>
<parentid>1801188</parentid>
<timestamp>2016-06-11T06:27:29Z</timestamp>
<contributor>
<username>UT-interwiki-Bot</username>
<id>56129</id>
</contributor>
<minor />
<comment>Robô: A adicionar: [[en:ubestemt]]</comment>
<model>wikitext</model>
<format>text/x-wiki</format>
<text bytes="306" xml:space="preserve">={{-da-}}=
==Adjetivo==
'''ubestemt'''
# [[indefinido]].
===Antónimos===
* [[bestemt]]
[[Categoria:Adjetivo (Dinamarquês)]]
[[Categoria:Trissílabo (Dinamarquês)]]
[[Categoria:Gramática (Dinamarquês)]]
[[chr:ubestemt]]
[[da:ubestemt]]
[[en:ubestemt]]
[[li:ubestemt]]
[[mg:ubestemt]]
[[vi:ubestemt]]</text>
<sha1>febkqnuzaz6x2h6aatlaz7tntem3n77</sha1>
</revision>
