<page>
<page>
<title>ubhal</title>
<ns>0</ns>
<id>97321</id>
<revision>
<id>2139377</id>
<parentid>1884719</parentid>
<timestamp>2016-06-11T06:27:19Z</timestamp>
<contributor>
<username>UT-interwiki-Bot</username>
<id>56129</id>
</contributor>
<minor />
<comment>Robô: A adicionar: [[az:ubhal]]</comment>
<model>wikitext</model>
<format>text/x-wiki</format>
<text bytes="332" xml:space="preserve">{{Wikipédia|lang=gd}}
={{-gd-}}=
==Substantivo==
'''ubhal'''
# [[maçã]]
[[Categoria:Substantivo (Gaélico Escocês)]]
[[Categoria:Fruta (Gaélico Escocês)]]
[[az:ubhal]]
[[cy:ubhal]]
[[en:ubhal]]
[[et:ubhal]]
[[fj:ubhal]]
[[fr:ubhal]]
[[hu:ubhal]]
[[li:ubhal]]
[[lt:ubhal]]
[[mg:ubhal]]
[[pl:ubhal]]
[[ru:ubhal]]
[[tr:ubhal]]</text>
<sha1>c6ulmwwu6zph1fwwlavidi1rbgiztwk</sha1>
</revision>
