<page>
<page>
<title>ubi</title>
<ns>0</ns>
<id>3269</id>
<revision>
<id>2260516</id>
<parentid>2155620</parentid>
<timestamp>2017-04-14T03:54:08Z</timestamp>
<contributor>
<username>UT-interwiki-Bot</username>
<id>56129</id>
</contributor>
<minor />
<comment>Robô: A adicionar: [[eo:ubi]]</comment>
<model>wikitext</model>
<format>text/x-wiki</format>
<text bytes="1272" xml:space="preserve">={{-la-}}=
==Advérbio==
'''u.bi''', ''de lugar''
# [[onde]]
# no [[momento]] em que, [[quando]]
# no [[lugar]] em que
===Expressões===
: Usa-se com verbos que indicam estado ou permanência.
* '''[[ubi bene, ibi patria]]''': onde se está bem, aí está a pátria.
* '''[[ubi lex, ibi poena]]''': só há lei (a lei só é eficaz) se houver punição
* '''[[ubi non est culpa, ibi non est delictum]]''': onde não há culpa, não há delito, ou melhor, os inocentes não pecam.
* '''[[ubi Id, ibi Ego]]''': aforismo freudiano que indica ser função do ego superar os instintos básicos, no processo civilizatório do psico-densenvolvimento do ser humano.
==Ver também==
===No Wikcionário===
{{verTambém.Ini}}
* [[ea]]
* [[eo]]
{{verTambém.NovaColuna}}
* [[ibi]]
* [[inde]]
{{verTambém.NovaColuna}}
* [[qua]]
* [[quo]]
{{verTambém.NovaColuna}}
* [[ubique]]
* [[unde]]
{{verTambém.Fim}}
[[Categoria:Advérbio (Latim)]]
[[ca:ubi]]
[[chr:ubi]]
[[co:ubi]]
[[da:ubi]]
[[de:ubi]]
[[el:ubi]]
[[en:ubi]]
[[eo:ubi]]
[[es:ubi]]
[[fi:ubi]]
[[fj:ubi]]
[[fr:ubi]]
[[fy:ubi]]
[[hr:ubi]]
[[hu:ubi]]
[[id:ubi]]
[[io:ubi]]
[[it:ubi]]
[[ja:ubi]]
[[ko:ubi]]
[[ku:ubi]]
[[la:ubi]]
[[mg:ubi]]
[[nl:ubi]]
[[no:ubi]]
[[pl:ubi]]
[[ru:ubi]]
[[sk:ubi]]
[[sv:ubi]]
[[tr:ubi]]
[[zh:ubi]]</text>
<sha1>6ciw2mcdy5b9u0uf9qzgkd12sbo1p7p</sha1>
</revision>
