<page>
<page>
<title>ubicación</title>
<ns>0</ns>
<id>396284</id>
<revision>
<id>2507492</id>
<parentid>2504327</parentid>
<timestamp>2018-06-24T08:08:34Z</timestamp>
<contributor>
<username>ValJor</username>
<id>1358</id>
</contributor>
<comment>Eliminando [[ubicación]] da lista de [[Especial:Lonelypages|órfãos]]</comment>
<model>wikitext</model>
<format>text/x-wiki</format>
<text bytes="305" xml:space="preserve">{{Wikipédia|lang=es}}
={{-es-}}=
==Substantivo==
{{flex.pt|fs=ubicación|fp=ubicaciones}}
{{oxítona|u|bi|ca|ción|lang=es}}, {{gramática|f}}
# [[localização]]
=={{etimologia|es}}==
{{llietimo|la|ubicatio|es|ubicatio, -onis}}
==Ligações externas==
* {{DRAE}}
[[Categoria:Substantivo (Espanhol)]]</text>
<sha1>ncz67prdz5imxh4qehtszbjts0axqbc</sha1>
</revision>
