<page>
<title>ubinob</title>
<ns>0</ns>
<id>117806</id>
<revision>
<id>2067974</id>
<parentid>1587812</parentid>
<timestamp>2016-03-05T13:22:04Z</timestamp>
<contributor>
<username>ValJor</username>
<id>1358</id>
</contributor>
<comment>Verbete [[:Categoria:!Página com idioma não informado em Predefinição:etimologia|sem indicação do idioma na seção de etimologia]]</comment>
<model>wikitext</model>
<format>text/x-wiki</format>
<text bytes="471" xml:space="preserve">={{-vo-}}=
==Forma verbal==
'''u.bi.{{grifar|nob}}'''
# forma ativa da primeira pessoa do singular do futuro perfeito do verbo [[binön]]
{{avi-for-fle|binön}}
=={{etimologia|vo}}==
: De {{etimo|vo|u-}} + [[radical]] ''bin'' + {{etimo|vo|-ob}}.
=={{pronúncia|vo}}==
* [[AFI]]: {{AFI|/u.bi.ˈnob/}}
* [[X-SAMPA]]: /u.bi.&quot;nob/
[[Categoria:Forma verbal (Volapuque)]]
[[Categoria:Trissílabo (Volapuque)]]
[[Categoria:Oxítona (Volapuque)]]
[[li:ubinob]]
[[mg:ubinob]]</text>
<sha1>97utlfvmlm04juxdch4op8inmiz6fz0</sha1>
</revision>
</page>
