<page>
<page>
<title>ubiquista</title>
<ns>0</ns>
<id>284859</id>
<revision>
<id>1389978</id>
<parentid>1380802</parentid>
<timestamp>2012-03-19T20:35:00Z</timestamp>
<contributor>
<username>Luckas-bot</username>
<id>5986</id>
</contributor>
<minor />
<comment>r2.7.1) (Robô: A adicionar: [[es:ubiquista]]</comment>
<model>wikitext</model>
<format>text/x-wiki</format>
<text bytes="608" xml:space="preserve">={{-pt-}}=
==Substantivo==
{{flex.pt|ms=ubiquista|mp=ubiquistas}}
{{paroxítona|u|bi|quis|ta}}
# [[membro]] de uma [[seita]] [[luterano|luterana]], segundo a qual o corpo de Cristo está presente na Eucaristia, não em virtude da transubstanciação, mas porque ele está em toda a parte
===Sinônimo===
* [[ubiquitário]]
=={{etimologia|pt}}==
: {{escopo|Morfologia}} [[ubíquo]] + [[-ista]].
==Ligações externas==
* [http://www.dicionario-aberto.net/search/ubiquista Dicionário Aberto]
[[Categoria:Substantivo (Português)]]
[[Categoria:Cristianismo (Português)]]
[[en:ubiquista]]
[[es:ubiquista]]</text>
<sha1>3vwijob1494ksz3bemukx6mhztg92i5</sha1>
</revision>
