<page>
<page>
<title>ubiquity</title>
<ns>0</ns>
<id>15682</id>
<revision>
<id>2561500</id>
<parentid>2079064</parentid>
<timestamp>2019-11-15T10:22:56Z</timestamp>
<contributor>
<username>ValJor</username>
<id>1358</id>
</contributor>
<comment>Acrescentando código de língua à [[:Categoria:!Página com mensagem de erro em predefinição|predefinição escopo]]</comment>
<model>wikitext</model>
<format>text/x-wiki</format>
<text bytes="2080" xml:space="preserve">={{-en-}}=
==Substantivo==
'''u.{{grifar|biq}}.ui.ty'''
# [[ubiquidade]], [[ubiquação]]:
#* ''Although not portable and often expensive, the piano's versatility and '''ubiquity''' have made it one of the most familiar musical instruments.'' &lt;small&gt;(Apesar de não ser portátil e de ser frequentemente caro, a versatilidade e a ubiquidade do piano tornou-o o mais conhecido dos instrumentos musicais.)&lt;/small&gt;
# {{escopo|en|Religião}} {{PEPB|[[omnipresença]]|[[onipresença]]|inline=1}}
===Antônimos===
* {{link opcional|uniquity}}
===Sinônimos===
* {{link opcional|omnipresence}}
=={{etimologia|en}}==
{{llietimo|la|ubique|en|todo lugar|ponto=não}} pelo {{etm|frm|en}} {{etimo|frm|ubiquité}}.
=={{pronúncia|en}}==
===Estados Unidos===
* [[AFI]]: {{AFI|/ju.ˈbɪ.kwɪ.ti/}}, {{AFI|/ju.ˈbɪ.kwɪ.ɾi/}}
* [[X-SAMPA]]: /ju.&quot;bI.kwI.ti/, /ju.&quot;bI.kwI.4i/
===Reino Unido===
* [[AFI]]: {{AFI|/ju.ˈbɪ.kwɪ.ti/}}
* [[X-SAMPA]]: /ju.&quot;bI.kwI.ti/
==Ver também==
===No Wikcionário===
{{verTambém.Ini}}
* [[ability]]
* {{link opcional|everywhere}}
{{verTambém.NovaColuna|34}}
* {{link opcional|Ubiquitarian}}
* [[ubiquitous]]
{{verTambém.NovaColuna|33}}
* {{link opcional|ubiquitously}}
{{verTambém.Fim}}
===Referências===
{{verTambém.Ini}}
* {{#ifeq: s|n||&lt;span style=&quot;color:#555;&quot;&gt;(em inglês)&lt;/span&gt;}} “[https://dictionary.cambridge.org/dictionary/english/ubiquity {{PAGENAME}}]” in ''[[w:en:Cambridge_Advanced_Learner's_Dictionary|Cambridge Advanced Learner's Dictionary]]'', [[w:Cambridge_University_Press|Cambridge University Press]]. {{#if: | Consultado em {{{data}}}.}}
* {{#ifeq: s|n||&lt;span style=&quot;color:#555;&quot;&gt;(em inglês)&lt;/span&gt;}}&amp;nbsp;“[http://www.merriam-webster.com/dictionary/{{urlencode:{{PAGENAME}}}} {{PAGENAME}}]” in ''[[w:Merriam-Webster|Merriam-Webster Online Dictionary]]'', Merriam-Webster Online. {{#if: | Consultado em {{{data}}}.}}
{{verTambém.Fim}}
[[Categoria:Substantivo (Inglês)]]
[[Categoria:Polissílabo (Inglês)]]
[[Categoria:Proparoxítona (Inglês)]]
[[Categoria:Tecnologia (Inglês)]]
[[Categoria:Século XVI (Inglês)]]</text>
<sha1>6fsgm3gt9m5osidn5p5vr3yimspjhi6</sha1>
</revision>
