<page>
<page>
<title>ubiquismo</title>
<ns>0</ns>
<id>284858</id>
<revision>
<id>2561504</id>
<parentid>1442477</parentid>
<timestamp>2019-11-15T10:31:52Z</timestamp>
<contributor>
<username>ValJor</username>
<id>1358</id>
</contributor>
<comment>Trocando escopo por escopo2</comment>
<model>wikitext</model>
<format>text/x-wiki</format>
<text bytes="572" xml:space="preserve">={{-pt-}}=
==Substantivo==
{{flex.pt|ms=ubiquismo|mp=ubiquismos}}
{{paroxítona|u|bi|quis|mo}}, {{gramática|m}}
# [[doutrina]] [[cristão|cristã]] que prega que o corpo de Cristo está presente na Eucaristia, não pela [[transubstanciação]], mas por estar em toda a parte
==={{-varort-}}===
* {{escopo2|Anterior ao AO 1990}} [[ubiqüismo]]
=={{etimologia|pt}}==
: {{escopo|Morfologia}} [[ubíquo]] + [[-ismo]].
==Ligações externas==
* {{Michaelis}}
* {{DPLP}}
* {{PLP}}
* {{VOLPABL}}
[[Categoria:Substantivo (Português)]]
[[Categoria:Cristianismo (Português)]]</text>
<sha1>s71oz1bc12ccct1k4y6w1q3ellbqnfi</sha1>
</revision>
