<page>
<title>ubiquitário</title>
<ns>0</ns>
<id>284860</id>
<revision>
<id>1395922</id>
<parentid>1380188</parentid>
<timestamp>2012-04-05T18:31:36Z</timestamp>
<contributor>
<username>ValJor</username>
<id>1358</id>
</contributor>
<comment>Eliminando um verbete da [[Wikcionário:Listas de verbetes com problemas|lista de &quot;pseudo-não-órfãos&quot;]]: [[ubiquitarismo]]</comment>
<model>wikitext</model>
<format>text/x-wiki</format>
<text bytes="325" xml:space="preserve">={{-pt-}}=
==Substantivo==
{{flex.pt|ms=ubiquitário|mp=ubiquitários}}
{{proparoxítona aparente|u|bi|qui|tá|ri|o}}
# o mesmo que [[ubiquista]]
===Verbetes derivados===
* [[ubiquitarismo]]
=={{etimologia|pt}}==
: Do francês [[ubiquitaire]].
[[Categoria:Substantivo (Português)]]
[[Categoria:Cristianismo (Português)]]</text>
<sha1>gy2o156z8b5gyfc6jh4g192q0138ltq</sha1>
</revision>
</page>
