<page>
<page>
<title>ubirajarense</title>
<ns>0</ns>
<id>395165</id>
<revision>
<id>2497620</id>
<parentid>2497619</parentid>
<timestamp>2018-04-20T03:52:38Z</timestamp>
<contributor>
<username>MIL973</username>
<id>41339</id>
</contributor>
<model>wikitext</model>
<format>text/x-wiki</format>
<text bytes="551" xml:space="preserve">={{-pt-}}=
==Adjetivo==
{{flex.pt|s=ubirajarense|p=ubirajarenses}}
{{paroxítona|u|bi|ra|ja|ren|se}}, {{gramática|c2g}}
# {{escopo|pt|Gentílico}} de [[Ubirajara]], cidade paulista
==Substantivo==
{{flex.pt|s=ubirajarense|p=ubirajarenses}}
{{paroxítona|u|bi|ra|ja|ren|se}}, {{gramática|c2g}}
# {{escopo|pt|Gentílico}} natural de Ubirajara ou seu habitante
=={{etimologia|pt}}==
: {{escopo|Morfologia}} De [[Ubirajara]] + [[-ense]].
==Ligações externas==
* {{Aulete}}
[[Categoria:Adjetivo (Português)]]
[[Categoria:Substantivo (Português)]]</text>
<sha1>jlr18u4lr3p234j5p6119s3jagiztk4</sha1>
</revision>
