<page>
<title>Ubiretama</title>
<ns>0</ns>
<id>143534</id>
<revision>
<id>2281617</id>
<parentid>2112646</parentid>
<timestamp>2017-04-27T03:20:53Z</timestamp>
<contributor>
<username>HydrizBot</username>
<id>29590</id>
</contributor>
<minor />
<comment>Robô: A limpar links interwikis antigos</comment>
<model>wikitext</model>
<format>text/x-wiki</format>
<text bytes="279" xml:space="preserve">={{-pt-}}=
{{Wikipédia}}
==Substantivo==
'''Ubiretama''' {{pr}}
#[[município]] [[brasileiro]] do [[estado]] do [[Rio Grande do Sul]]
==Ver também==
*[[Apêndice:Municípios do estado do Rio Grande do Sul]]
[[Categoria:Município do estado do Rio Grande do Sul (Português)]]</text>
<sha1>e3mttsmelwqzzbqrl9cjxz8usphpjy1</sha1>
</revision>
</page>
