<page>
<page>
<title>ubirajarenses</title>
<ns>0</ns>
<id>395166</id>
<revision>
<id>2497623</id>
<parentid>2497622</parentid>
<timestamp>2018-04-20T03:54:04Z</timestamp>
<contributor>
<username>MIL973</username>
<id>41339</id>
</contributor>
<model>wikitext</model>
<format>text/x-wiki</format>
<text bytes="352" xml:space="preserve">={{-pt-}}=
==Forma de adjetivo==
{{paroxítona|u|bi|ra|ja|ren|ses}}, {{gramática|c2gp}}
# plural de [[ubirajarense]]
==Forma de substantivo==
{{paroxítona|u|bi|ra|ja|ren|ses}}, {{gramática|c2gp}}
# plural de [[ubirajarense]]
{{avi-for-fle|ubirajarense}}
[[Categoria:Forma de adjetivo (Português)]]
[[Categoria:Forma de substantivo (Português)]]</text>
<sha1>knsvds32bzvdjuy1lfdzztc8zo1ccq8</sha1>
</revision>
