<page>
<page>
<title>Ubiratã</title>
<ns>0</ns>
<id>140627</id>
<revision>
<id>2281616</id>
<parentid>1198255</parentid>
<timestamp>2017-04-27T03:20:51Z</timestamp>
<contributor>
<username>HydrizBot</username>
<id>29590</id>
</contributor>
<minor />
<comment>Robô: A limpar links interwikis antigos</comment>
<model>wikitext</model>
<format>text/x-wiki</format>
<text bytes="248" xml:space="preserve">={{-pt-}}=
{{Wikipédia}}
==Substantivo==
'''Ubiratã''' {{pr}}
#[[município]] [[brasileiro]] do [[estado]] do [[Paraná]]
==Ver também==
*[[Apêndice:Municípios do estado do Paraná]]
[[Categoria:Município do estado do Paraná (Português)]]</text>
<sha1>9owpzou4zun5gxyweme1sevl8x9dn61</sha1>
</revision>
