<page>
<page>
<title>uborka</title>
<ns>0</ns>
<id>233693</id>
<revision>
<id>2240034</id>
<parentid>2062343</parentid>
<timestamp>2017-02-18T00:40:48Z</timestamp>
<contributor>
<username>UT-interwiki-Bot</username>
<id>56129</id>
</contributor>
<minor />
<comment>Robô: A adicionar: [[eo:uborka]]</comment>
<model>wikitext</model>
<format>text/x-wiki</format>
<text bytes="402" xml:space="preserve">{{Wikipédia|lang=hu}}
={{-hu-}}=
==Substantivo==
'''uborka'''
# [[pepino]]
[[Categoria:Substantivo (Húngaro)]]
[[Categoria:Botânica (Húngaro)]]
[[az:uborka]]
[[de:uborka]]
[[el:uborka]]
[[en:uborka]]
[[eo:uborka]]
[[et:uborka]]
[[eu:uborka]]
[[fi:uborka]]
[[fr:uborka]]
[[hu:uborka]]
[[io:uborka]]
[[lo:uborka]]
[[mg:uborka]]
[[nl:uborka]]
[[pl:uborka]]
[[ru:uborka]]
[[tl:uborka]]
[[tr:uborka]]</text>
<sha1>bkhkeuapreyew4ltjq9bq8a1ozhnm8m</sha1>
</revision>
