<page>
<title>ubrat</title>
<ns>0</ns>
<id>412399</id>
<revision>
<id>2553040</id>
<parentid>2550789</parentid>
<timestamp>2019-09-07T12:58:06Z</timestamp>
<contributor>
<username>ValJor</username>
<id>1358</id>
</contributor>
<comment>Corrigindo a categorização</comment>
<model>wikitext</model>
<format>text/x-wiki</format>
<text bytes="254" xml:space="preserve">={{-cs-}}=
==Verbo==
'''ubrat'''
# [[levar]] embora
# [[abandonar]]
===Sinônimo===
{{verTambém.Ini}}
* [[odečíst]]
{{verTambém.NovaColuna}}
* [[odebrat]]
{{verTambém.Fim}}
=={{pronúncia|cs}}==
* [[AFI]]: [ˈʔʊbrat]
[[Categoria:Verbo (Checo)]]</text>
<sha1>f704lufigfuaotsm5y2t1mropnprosw</sha1>
</revision>
</page>
