<page>
<title>ubuchopho</title>
<ns>0</ns>
<id>232787</id>
<revision>
<id>2652124</id>
<parentid>1801184</parentid>
<timestamp>2021-11-13T15:23:08Z</timestamp>
<contributor>
<username>ValJor</username>
<id>1358</id>
</contributor>
<comment>Confirmando [[:Categoria:!Entrada criada por robô|verbete criado por robô]]</comment>
<model>wikitext</model>
<format>text/x-wiki</format>
<text bytes="257" xml:space="preserve">{{Wikipédia|lang=xh}}
[[Imagem:Human brain NIH.png|thumb|right|250px|{{centro|Cérebro}}]]
={{-xh-}}=
==Substantivo==
'''ubuchopho'''
# [[cérebro]]
[[Categoria:Substantivo (Xhosa)]]
[[Categoria:Anatomia (Xhosa)]]
[[Categoria:Entrada com imagem (Xhosa)]]</text>
<sha1>mwvlrf1uel04jy4qd49we42cufplfjv</sha1>
</revision>
</page>
