<page>
<page>
<title>Ubudage</title>
<ns>0</ns>
<id>316031</id>
<revision>
<id>2281618</id>
<parentid>2249318</parentid>
<timestamp>2017-04-27T03:20:55Z</timestamp>
<contributor>
<username>HydrizBot</username>
<id>29590</id>
</contributor>
<minor />
<comment>Robô: A limpar links interwikis antigos</comment>
<model>wikitext</model>
<format>text/x-wiki</format>
<text bytes="139" xml:space="preserve">={{-rw-}}=
==Substantivo==
'''Ubudage'''
# [[Alemanha]]
{{página-automática|junho|2013|Alemanha|rw}}
[[Categoria:Substantivo (Ruanda)]]</text>
<sha1>6l1zjo03l7yrl1qycpv8sjliesmm6t0</sha1>
</revision>
