<page>
<title>ubuntu</title>
<ns>0</ns>
<id>77650</id>
<revision>
<id>1759328</id>
<parentid>1443673</parentid>
<timestamp>2013-10-22T16:42:06Z</timestamp>
<contributor>
<username>JAnDbot</username>
<id>25083</id>
</contributor>
<minor />
<comment>r2.7.2) (Robô: A adicionar: [[pl:ubuntu]], [[sv:ubuntu]]</comment>
<model>wikitext</model>
<format>text/x-wiki</format>
<text bytes="467" xml:space="preserve">={{-xh-}}=
==Substantivo==
'''u.bun.tu'''
# [[compaixão]];
# [[empatia]];
# [[humanismo]].
[[Categoria:Substantivo (Xhosa)]]
[[Categoria:Trissílabo (Xhosa)]]
&lt;br/&gt;
={{-zu-}}=
==Substantivo==
'''u.bun.tu'''
# [[compaixão]];
# [[empatia]];
# [[humanismo]].
[[Categoria:Substantivo (Zulu)]]
[[Categoria:Trissílabo (Zulu)]]
[[bs:ubuntu]]
[[cs:ubuntu]]
[[en:ubuntu]]
[[fr:ubuntu]]
[[it:ubuntu]]
[[ku:ubuntu]]
[[mg:ubuntu]]
[[pl:ubuntu]]
[[sv:ubuntu]]
[[vi:ubuntu]]</text>
<sha1>n3q142q0d6wnuqzzslhxglybckxf297</sha1>
</revision>
</page>
