<page>
<title>Ubá</title>
<ns>0</ns>
<id>141502</id>
<revision>
<id>2281619</id>
<parentid>2112645</parentid>
<timestamp>2017-04-27T03:20:57Z</timestamp>
<contributor>
<username>HydrizBot</username>
<id>29590</id>
</contributor>
<minor />
<comment>Robô: A limpar links interwikis antigos</comment>
<model>wikitext</model>
<format>text/x-wiki</format>
<text bytes="259" xml:space="preserve">={{-pt-}}=
{{Wikipédia}}
==Substantivo==
'''Ubá''' {{pr}}
#[[município]] [[brasileiro]] do [[estado]] de [[Minas Gerais]]
==Ver também==
*[[Apêndice:Municípios do estado de Minas Gerais]]
[[Categoria:Município do estado de Minas Gerais (Português)]]</text>
<sha1>n3u0v8xk9h7yga1fhtjuj707bkyh2zw</sha1>
</revision>
</page>
