<page>
<title>ucango</title>
<ns>0</ns>
<id>230284</id>
<revision>
<id>2652214</id>
<parentid>2206891</parentid>
<timestamp>2021-11-14T18:29:07Z</timestamp>
<contributor>
<username>ValJor</username>
<id>1358</id>
</contributor>
<comment>Confirmando [[:Categoria:!Entrada criada por robô|verbete criado por robô]]</comment>
<model>wikitext</model>
<format>text/x-wiki</format>
<text bytes="210" xml:space="preserve">[[Imagem:Tor Kirchturm Heiligenstadt OFr.jpg|thumb|right|250px|{{centro|Porta}}]]
={{-xh-}}=
==Substantivo==
'''ucango'''
# [[porta]]
[[Categoria:Substantivo (Xhosa)]]
[[Categoria:Entrada com imagem (Xhosa)]]</text>
<sha1>9abqql27umrdoemyv3e3sdpqizqq1qh</sha1>
</revision>
</page>
