<page>
<page>
<title>ucasse</title>
<ns>0</ns>
<id>260573</id>
<revision>
<id>1210085</id>
<parentid>1026844</parentid>
<timestamp>2011-07-10T12:19:26Z</timestamp>
<contributor>
<username>MalafayaBot</username>
<id>628</id>
</contributor>
<minor />
<comment>Robô: Substituição de texto automática (-^\=\s?Português\s?\= +={{-pt-}}= &amp; -^\=\s?\{\{pt\}\}\s?\= +={{-pt-}}=)</comment>
<model>wikitext</model>
<format>text/x-wiki</format>
<text bytes="215" xml:space="preserve">={{-pt-}}=
==Substantivo==
{{flex.pt|ms=ucasse|mp=ucasses}}
{{paroxítona|u|cas|se}}
# [[decreto]] do [[czar]] da [[Rússia]]
=={{etimologia|pt}}==
: Do russo.
[[Categoria:Substantivo (Português)]]
[[eo:ucasse]]</text>
<sha1>f7w0hp6cfimm4yy5ju20ptatsfa9knm</sha1>
</revision>
