<page>
<page>
<title>ucase</title>
<ns>0</ns>
<id>320062</id>
<revision>
<id>2240036</id>
<parentid>2025765</parentid>
<timestamp>2017-02-18T00:42:46Z</timestamp>
<contributor>
<username>UT-interwiki-Bot</username>
<id>56129</id>
</contributor>
<minor />
<comment>Robô: A adicionar: [[eo:ucase]]</comment>
<model>wikitext</model>
<format>text/x-wiki</format>
<text bytes="336" xml:space="preserve">{{Wikipédia|lang=es}}
={{-es-}}=
==Substantivo==
'''ucase'''
# [[decreto]] [[imperial]] emitido pelo [[czar]] da [[Rússia]]
=={{etimologia|es}}==
: Do russo [[указ]] ([[édito]]).
=={{pronúncia|es}}==
* [[AFI]]: /uˈka.se/
[[Categoria:Substantivo (Espanhol)]]
[[en:ucase]]
[[eo:ucase]]
[[es:ucase]]
[[fi:ucase]]
[[io:ucase]]</text>
<sha1>mn1zbn23vjxk3x55lkutyz3cemas0bs</sha1>
</revision>
