<page>
<title>uccello</title>
<ns>0</ns>
<id>96889</id>
<revision>
<id>2482775</id>
<parentid>2220505</parentid>
<timestamp>2018-02-03T21:36:04Z</timestamp>
<contributor>
<username>ValJor</username>
<id>1358</id>
</contributor>
<comment>Um verbete a menos usando a [[Predefinição:flex.it.masculino|predefinição flex.it.masculino]]</comment>
<model>wikitext</model>
<format>text/x-wiki</format>
<text bytes="2851" xml:space="preserve">[[Imagem:Birds 4997.jpg|thumb|250px|'''Uccelli''']]
={{-it-}}=
==Substantivo==
{{flex.it|ms=uccello|mp=uccelli|ms-div=uc.{{grifar|cel}}.lo|mp-div=uc.{{grifar|cel}}.li}}
'''uc.{{grifar|cel}}.lo''', {{gramática|m}}
# {{escopo|it|Zoologia}} [[ave]], [[pássaro]]
# {{escopo|it|Vulgar}} [[pênis]], [[órgão]] [[genital]] [[masculino]]
# {{escopo|it|Obsoleto}} [[simplório]], [[estúpido]]
===Expressões===
* '''[[uccello acquatico]]''': ave aquática
* '''[[uccello da preda]]''': ave de rapina
* '''[[uccel del bosco]]''': alguém difícil de ser encontrado
* '''[[uccel di gabbia]]''': {{escopo2|Raro}} prisioneiro
* '''[[uccello di malaugurio|uccello di]]'''/'''[[uccello del malaugurio|del malaugurio]]''': ave de mau agouro, indivíduo que traz más notícias ou que prediz acontecimentos nefastos
* '''[[uccello marino]]''': ave marinha
* '''[[uccello migratore]]''': ave migratória
* '''[[uccello rapace]]''': ave de rapina
===Sinônimos===
* De '''1''': {{link opcional|pennuto|it}}, {{link opcional|volatile|it}}
* De '''2''': {{link opcional|cazzo|it}}, [[pene#{{it}}|pene]]
* De '''3''': {{link opcional|babbeo|it}}, {{link opcional|sciocco|it}}, {{link opcional|sempliciotto|it}}
===Verbetes derivados===
{{verTambém.Ini}}
* {{link opcional|uccellaccio|it}}
* {{link opcional|uccellagione|it}}
* {{link opcional|uccellaia|it}}
{{verTambém.NovaColuna}}
* {{link opcional|uccellare|it}}
* {{link opcional|uccelletto|it}}
{{verTambém.NovaColuna}}
* {{link opcional|uccellino|it}}
* {{link opcional|uccellone|it}}
{{verTambém.Fim}}
=={{etimologia|it}}==
: Do [[latim tardio]] {{etimo|la|aucellus}}, derivado de {{etimo|la|avis}}.
===Descendentes===
{{verTambém.Ini}}
* [[{{io}}]] : {{link opcional|ucel|io}}
{{verTambém.Fim}}
=={{pronúncia|it}}==
* [[AFI]]: {{AFI|/ut.ˈʧel.lo/}}
* [[X-SAMPA]]: /ut.&quot;tSel.lo/
==Ver também==
===No Wikcionário===
{{verTambém.Ini}}
* [[ala#{{it}}|ala]]
* {{link opcional|becco|it}}
* {{link opcional|covare|it}}
* {{link opcional|gabbia|it}}
{{verTambém.NovaColuna}}
* {{link opcional|nido|it}}
* [[ornitologia#{{it}}|ornitologia]]
* {{link opcional|pulcino|it}}
{{verTambém.NovaColuna}}
* {{link opcional|piuma|it}}
* [[ramo#{{it}}|ramo]]
* {{link opcional|uovo|it}}
{{verTambém.NovaColuna}}
* {{link opcional|volare|it}}
* {{link opcional|voliera|it}}
* {{link opcional|volo|it}}
{{verTambém.Fim}}
===Referências===
{{verTambém.Ini}}
* [http://www.demauroparavia.it/124313 ''uccello'' no Dizionario De Mauro Paravia On-line]
* [http://www.oxfordparavia.it/lemmaIta30593 ''uccello'' no Dizionario Oxford-Paravia Concise Online]
{{verTambém.Fim}}
[[Categoria:Substantivo (Italiano)]]
[[Categoria:Trissílabo (Italiano)]]
[[Categoria:Paroxítona (Italiano)]]
[[Categoria:Ave (Italiano)|*]]
[[Categoria:Entrada de étimo latino (Italiano)]]
[[Categoria:Entrada com imagem (Italiano)]]</text>
<sha1>spkmncvyhw2eddblmy8lkapukbr6yjr</sha1>
</revision>
</page>
