<page>
<page>
<title>ucchiu</title>
<ns>0</ns>
<id>314316</id>
<revision>
<id>1801182</id>
<parentid>1678014</parentid>
<timestamp>2014-01-04T17:46:46Z</timestamp>
<contributor>
<username>MalafayaBot</username>
<id>628</id>
</contributor>
<minor />
<comment>r2.7.5) (Robô: A adicionar: [[tr:ucchiu]]</comment>
<model>wikitext</model>
<format>text/x-wiki</format>
<text bytes="170" xml:space="preserve">={{-scn-}}=
==Substantivo==
'''ucchiu'''
# [[olho]] (órgão da visão)
{{página-automática|abril|2013|olho|scn}}
[[Categoria:Substantivo (Siciliano)]]
[[tr:ucchiu]]</text>
<sha1>odj3e7da54r9o4ldcda037ig2s4q76b</sha1>
</revision>
