<page>
<title>uccidere</title>
<ns>0</ns>
<id>343794</id>
<revision>
<id>2240035</id>
<parentid>2080648</parentid>
<timestamp>2017-02-18T00:42:24Z</timestamp>
<contributor>
<username>UT-interwiki-Bot</username>
<id>56129</id>
</contributor>
<minor />
<comment>Robô: A adicionar: [[eo:uccidere]]</comment>
<model>wikitext</model>
<format>text/x-wiki</format>
<text bytes="845" xml:space="preserve">={{-it-}}=
==Verbo==
'''uccidere'''
# [[matar]]
#* ''Avevano minacciato di '''uccidere''' i partecipanti al campionato mondiale di Pokemon a Boston: due giocatori, armati fino ai denti, sono stati arrestati. '' {{corriere|2015|agosto|24}}
=={{etimologia|it}}==
: Do infinitivo latino ''occidere''.
=={{pronúncia|it}}==
* [[AFI]]: /utˈtʃidere/
[[Categoria:Verbo (Italiano)]]
[[chr:uccidere]]
[[co:uccidere]]
[[cy:uccidere]]
[[de:uccidere]]
[[en:uccidere]]
[[eo:uccidere]]
[[es:uccidere]]
[[eu:uccidere]]
[[fa:uccidere]]
[[fi:uccidere]]
[[fr:uccidere]]
[[gl:uccidere]]
[[hu:uccidere]]
[[id:uccidere]]
[[io:uccidere]]
[[it:uccidere]]
[[ja:uccidere]]
[[ko:uccidere]]
[[mg:uccidere]]
[[mk:uccidere]]
[[mn:uccidere]]
[[nl:uccidere]]
[[oc:uccidere]]
[[pl:uccidere]]
[[ro:uccidere]]
[[ru:uccidere]]
[[ta:uccidere]]
[[tr:uccidere]]
[[zh:uccidere]]</text>
<sha1>iqbf27co2c73bofv921y362pmo7lioj</sha1>
</revision>
</page>
