<page>
<page>
<title>uceanu</title>
<ns>0</ns>
<id>235409</id>
<revision>
<id>2635592</id>
<parentid>2081910</parentid>
<timestamp>2021-05-24T15:01:46Z</timestamp>
<contributor>
<username>ValJor</username>
<id>1358</id>
</contributor>
<comment>Acrescentando código de língua à [[:Categoria:!Página com mensagem de erro em predefinição|predefinição escopo]]</comment>
<model>wikitext</model>
<format>text/x-wiki</format>
<text bytes="930" xml:space="preserve">{{Wikipédia|lang=co}}
[[Imagem:World map ocean locator-en.svg|thumb|right|250px|{{centro|Oceano}}]]
{{ver também|ucèanu}}
={{-co-}}=
==Substantivo==
{{flex.co|ms=uceanu|mp=uceani|ms-div=u.{{grifar|ce}}.a.nu|mp-div=u.{{grifar|ce}}.a.ni}}
'''u.{{grifar|ce}}.a.nu''', {{gramática|m}}
# {{escopo|co|Geografia}} [[oceano]], [[mar]]
# {{escopo|co|Geografia}} oceano, cada uma das divisões do oceano&lt;sup&gt;1&lt;/sup&gt;
{{limpar}}
==={{-varort-}}===
* [[oceanu]]
=={{etimologia|co}}==
{{llietimo|la|oceanus|co|ponto=não}} e este do {{etm|grc|co}} {{etimo|grc|Ὠκεανός|(Ōkeanós)}}.
==Ver também==
===No Wikcionário===
{{verTambém.Ini}}
* {{link preto|acqua salita}}
* {{l.s.|mare|{{co}}}}
* {{l.s.|Terra|{{co}}}}
{{verTambém.Fim}}
{{oceanos/co}}
[[Categoria:Substantivo (Corso)]]
[[Categoria:Polissílabo (Corso)]]
[[Categoria:Proparoxítona (Corso)]]
[[Categoria:Entrada com imagem (Corso)]]
[[Categoria:Cognato (Corso)]]</text>
<sha1>n0vmjorao8au7eknfdb5udtjje5xftp</sha1>
</revision>
