<page>
<title>ucelo</title>
<ns>0</ns>
<id>65492</id>
<revision>
<id>2561399</id>
<parentid>2139387</parentid>
<timestamp>2019-11-14T09:52:13Z</timestamp>
<contributor>
<username>ValJor</username>
<id>1358</id>
</contributor>
<comment>Acrescentando código de língua à [[:Categoria:!Página com mensagem de erro em predefinição|predefinição escopo]]</comment>
<model>wikitext</model>
<format>text/x-wiki</format>
<text bytes="763" xml:space="preserve">{{Wikipédia|lang=io}}
[[Imagem:Birds 4997.jpg|thumb|right|250px|&lt;center&gt;Ave&lt;/center&gt;]]
={{-io-}}=
==Substantivo==
'''u.{{grifar|ce}}.lo'''
# {{escopo|io|Zoologia}} [[ave]], [[pássaro]]
===Declinação===
{{decl.io.subst|ucel}}
===Verbetes derivados===
{{verTambém.Ini}}
* {{link opcional|fregat-ucelo|io}}
* {{link opcional|rapt-ucelo|io}}
{{verTambém.Fim}}
=={{etimologia|io}}==
: De {{etimo|io|ucel}}, derivado do [[italiano]] {{etimo|it|uccello}}, + {{etimo|io|-o}}.
=={{pronúncia|io}}==
* [[AFI]]: {{AFI|/u.ˈt͡se.lo/}}, {{AFI|/ʊ.ˈt͡sɛ.lɔ/}}
* [[X-SAMPA]]: /u.&quot;tse.lo/, /U.&quot;tsE.lO/
[[Categoria:Substantivo (Ido)]]
[[Categoria:Trissílabo (Ido)]]
[[Categoria:Paroxítona (Ido)]]
[[Categoria:Ave (Ido)|*]]
[[Categoria:Entrada com imagem (Ido)]]</text>
<sha1>6yrnartuus5ucmpgjzn14x2bulu4pmf</sha1>
</revision>
</page>
