<page>
<title>ucharia</title>
<ns>0</ns>
<id>270177</id>
<revision>
<id>1261073</id>
<parentid>1210086</parentid>
<timestamp>2011-10-20T09:30:37Z</timestamp>
<contributor>
<username>ValJor</username>
<id>1358</id>
</contributor>
<comment>Eliminando um verbete da [[Wikcionário:Listas de verbetes com problemas|lista de &quot;pseudo-não-órfãos&quot;]]</comment>
<model>wikitext</model>
<format>text/x-wiki</format>
<text bytes="329" xml:space="preserve">={{-pt-}}=
==Substantivo==
{{flex.pt|fs=ucharia|fp=ucharias}}
{{paroxítona|u|cha|ri|a}}
# [[despensa]] da casa real
# [[casa]] onde se guardam viandas
# [[depósito]], [[arrecadação]]
===Sinônimo===
* [[arquitaria]]
=={{etimologia|pt}}==
: {{escopo|Morfologia}} [[ucha]] + [[-aria]].
[[Categoria:Substantivo (Português)]]</text>
<sha1>6iyjksr2ijuitq8d8dzqkuchvdqyt37</sha1>
</revision>
</page>
