<page>
<title>uchelo</title>
<ns>0</ns>
<id>439166</id>
<revision>
<id>2654926</id>
<parentid>2654925</parentid>
<timestamp>2021-12-13T21:48:33Z</timestamp>
<contributor>
<username>Cpls</username>
<id>20608</id>
</contributor>
<comment>/* {{etimologia|gl}} */</comment>
<model>wikitext</model>
<format>text/x-wiki</format>
<text bytes="344" xml:space="preserve">={{-gl-}}=
==Substantivo==
{{flex.gl|ms=uchelo|mp=uchelos}}
{{paroxítona|u|che|lo|lang=gl}}, {{g|m|lang=gl}}
# [[caixa]] com distintos compartimentos para guardar [[novelo]]s de fios nos [[tear]]es
=={{etimologia|gl}}==
: {{escopo|Morfologia}} De {{etimo|gl|ucha}} ou {{etimo|gl|ucho}} + {{etimo|gl|-elo}}.
[[Categoria:Substantivo (Galego)]]</text>
<sha1>pqodcsxpnw46cgz5oq8jjtjo5t6i888</sha1>
</revision>
</page>
