<page>
<title>ucheira</title>
<ns>0</ns>
<id>345706</id>
<revision>
<id>2654929</id>
<parentid>2651226</parentid>
<timestamp>2021-12-13T22:02:45Z</timestamp>
<contributor>
<username>Cpls</username>
<id>20608</id>
</contributor>
<comment>/* {{-gl-}} */</comment>
<model>wikitext</model>
<format>text/x-wiki</format>
<text bytes="593" xml:space="preserve">={{-gl-}}=
==Substantivo==
{{flex.gl|fs=ucheira|fp=ucheiras}}
{{paroxítona|u|chei|ra|lang=gl}}, {{g|f}}
# [[jamba]]
# [[pedra]]s verticais da porta do forno que fazem de jambas; pedra [[saliente]] na boca do forno
# [[boca]] do forno
=={{etimologia|gl}}==
: {{escopo|Morfologia}} De ''[[ucha#{{gl}}|ucha]]'' + ''[[-eira#{{gl}}|-eira]]''. Ou já do galego-português medieval {{etimo|roa-gpm|uscheira}}. Confronte-se com o trasmontanismo [[oucheira#{{gl}}|oucheira]], com o francês dialetal {{etimo|fr|huche}} &quot;porta&quot; e com o italiano {{etimo|it|uscire}}.
[[Categoria:Substantivo (Galego)]]</text>
<sha1>889bl150ksjihwdpsjni4ggsl3c0kdh</sha1>
</revision>
</page>
