<page>
<title>ucheta</title>
<ns>0</ns>
<id>439165</id>
<revision>
<id>2654924</id>
<timestamp>2021-12-13T21:35:48Z</timestamp>
<contributor>
<username>Cpls</username>
<id>20608</id>
</contributor>
<comment>[[Ajuda:Guia de edição/Menus e ferramentas/Sumário de edição|→]] nova página: ={{-gl-}}= ==Substantivo== {{flex.gl|fs=ucheta|fp=uchetas}} {{paroxítona|u|che|ta|lang=gl}}, {{g|f|lang=gl}} # ferramenta para [[arrancar]] [[prego]]s  ===Sinónimos=== * [[ucha#{{gl}}|ucha]]  =={{etimologia|gl}}== : {{escopo|Morfologia}} De {{etimo|gl|ucha}} + ''[[-eto#{{gl}}|-eta]]''.  [[Categoria:Substantivo (Galego)]]</comment>
<model>wikitext</model>
<format>text/x-wiki</format>
<text bytes="324" xml:space="preserve">={{-gl-}}=
==Substantivo==
{{flex.gl|fs=ucheta|fp=uchetas}}
{{paroxítona|u|che|ta|lang=gl}}, {{g|f|lang=gl}}
# ferramenta para [[arrancar]] [[prego]]s
===Sinónimos===
* [[ucha#{{gl}}|ucha]]
=={{etimologia|gl}}==
: {{escopo|Morfologia}} De {{etimo|gl|ucha}} + ''[[-eto#{{gl}}|-eta]]''.
[[Categoria:Substantivo (Galego)]]</text>
<sha1>ohl7fsaxonvwe12ry4qlrophw9zdbmb</sha1>
</revision>
</page>
