<page>
<title>uchimata</title>
<ns>0</ns>
<id>325467</id>
<revision>
<id>2139385</id>
<parentid>1829094</parentid>
<timestamp>2016-06-11T06:30:23Z</timestamp>
<contributor>
<username>UT-interwiki-Bot</username>
<id>56129</id>
</contributor>
<minor />
<comment>Robô: A adicionar: [[en:uchimata]]</comment>
<model>wikitext</model>
<format>text/x-wiki</format>
<text bytes="275" xml:space="preserve">={{-cod-}}=
==Verbo==
'''u.chi.{{grifar|ma}}.ta'''
# [[tirar]]&lt;ref group=&quot;cod&quot;&gt;FAUST, 2008, p.159&lt;/ref&gt;
===Notas===
&lt;references group=&quot;cod&quot; /&gt;
===Referências===
{{verTambém.Ini}}
{{Faust2008}}
{{verTambém.Fim}}
{{categorias|{{cod}}|Verbo|Polissílabo}}
[[en:uchimata]]</text>
<sha1>h2w912ywxrgysnp2cgjydddm1qknxce</sha1>
</revision>
</page>
