<page>
<page>
<title>uchicata</title>
<ns>0</ns>
<id>325466</id>
<revision>
<id>1829093</id>
<timestamp>2014-05-31T20:25:37Z</timestamp>
<contributor>
<username>Castelobranco</username>
<id>8424</id>
</contributor>
<comment>+1</comment>
<model>wikitext</model>
<format>text/x-wiki</format>
<text bytes="261" xml:space="preserve">={{-cod-}}=
==Verbo==
'''u.chi.{{grifar|ca}}.ta'''
# [[terminar]]&lt;ref group=&quot;cod&quot;&gt;FAUST, 2008, p.159&lt;/ref&gt;
===Notas===
&lt;references group=&quot;cod&quot; /&gt;
===Referências===
{{verTambém.Ini}}
{{Faust2008}}
{{verTambém.Fim}}
{{categorias|{{cod}}|Verbo|Polissílabo}}</text>
<sha1>gs0rk8z45zea6j6of6zlrcbcmbo07lq</sha1>
</revision>
