<page>
<title>Uchoas</title>
<ns>0</ns>
<id>395156</id>
<revision>
<id>2667627</id>
<parentid>2497591</parentid>
<timestamp>2022-03-23T05:38:58Z</timestamp>
<contributor>
<username>MIL973</username>
<id>41339</id>
</contributor>
<model>wikitext</model>
<format>text/x-wiki</format>
<text bytes="207" xml:space="preserve">={{-pt-}}=
==Forma de substantivo==
{{flex.pt|s=Uchoa|p=Uchoas}}
{{paroxítona|U|cho|as}}, {{gramática|pr|c2gp}}
# plural de [[Uchoa]]
{{avi-for-fle|Uchoa}}
[[Categoria:Forma de substantivo (Português)]]</text>
<sha1>q5po7h5hsfxktisivrxswfyudus9972</sha1>
</revision>
</page>
