<page>
<title>uchoq</title>
<ns>0</ns>
<id>326384</id>
<revision>
<id>2654170</id>
<parentid>2139384</parentid>
<timestamp>2021-12-04T15:01:13Z</timestamp>
<contributor>
<username>ValJor</username>
<id>1358</id>
</contributor>
<comment>Confirmando [[:Categoria:!Entrada criada por robô|verbete criado por robô]]</comment>
<model>wikitext</model>
<format>text/x-wiki</format>
<text bytes="486" xml:space="preserve">{{Wikipédia|lang=uz|tayyora}}
[[Imagem:UK32011 (7944007700).jpg|thumb|right|250px|{{centro|Avião}}]]
={{-uz-}}=
==Substantivo==
'''uchoq'''
# [[avião]] (aparelho mais pesado que o ar empregado em navegação aérea)
===Sinônimos===
{{verTambém.Ini}}
* [[aeroplan]]
{{verTambém.NovaColuna}}
* [[samolyot]]
{{verTambém.NovaColuna}}
* [[tayyora]]
{{verTambém.Fim}}
[[Categoria:Substantivo (Uzbeque)]]
[[Categoria:Transporte (Uzbeque)]]
[[Categoria:Entrada com imagem (Uzbeque)]]</text>
<sha1>re5ffs6qytypjxdwzbozgwy70tj255n</sha1>
</revision>
</page>
