<page>
<title>uchoenses</title>
<ns>0</ns>
<id>395158</id>
<revision>
<id>2667628</id>
<parentid>2497597</parentid>
<timestamp>2022-03-23T05:40:20Z</timestamp>
<contributor>
<username>MIL973</username>
<id>41339</id>
</contributor>
<model>wikitext</model>
<format>text/x-wiki</format>
<text bytes="424" xml:space="preserve">={{-pt-}}=
==Forma de adjetivo==
{{flex.pt|s=uchoense|p=uchoenses}}
{{paroxítona|u|cho|en|ses}}, {{gramática|c2gp}}
# plural de [[uchoense]]
{{avi-for-fle|uchoense}}
==Forma de substantivo==
{{flex.pt|s=uchoense|p=uchoenses}}
{{paroxítona|u|cho|en|ses}}, {{gramática|c2gp}}
# plural de [[uchoense]]
{{avi-for-fle|uchoense}}
[[Categoria:Forma de adjetivo (Português)]]
[[Categoria:Forma de substantivo (Português)]]</text>
<sha1>bpbasegax9n5cvua2rs6fsr91ovmtx8</sha1>
</revision>
</page>
