<page>
<page>
<title>uchoense</title>
<ns>0</ns>
<id>395157</id>
<revision>
<id>2497594</id>
<parentid>2497593</parentid>
<timestamp>2018-04-20T03:37:29Z</timestamp>
<contributor>
<username>MIL973</username>
<id>41339</id>
</contributor>
<model>wikitext</model>
<format>text/x-wiki</format>
<text bytes="511" xml:space="preserve">={{-pt-}}=
==Adjetivo==
{{flex.pt|s=uchoense|p=uchoenses}}
{{paroxítona|u|cho|en|se}}, {{gramática|c2g}}
# {{escopo|pt|Gentílico}} de [[Uchoa]], cidade paulista
==Substantivo==
{{flex.pt|s=uchoense|p=uchoenses}}
{{paroxítona|u|cho|en|se}}, {{gramática|c2g}}
# {{escopo|pt|Gentílico}} natural de Uchoa ou seu habitante
=={{etimologia|pt}}==
: {{escopo|Morfologia}} De [[Uchoa]] + [[-ense]].
==Ligações externas==
* {{Aulete}}
[[Categoria:Adjetivo (Português)]]
[[Categoria:Substantivo (Português)]]</text>
<sha1>nrekwwbuddex7iigeot2fcewg7x8z7w</sha1>
</revision>
