<page>
<title>uchuva</title>
<ns>0</ns>
<id>165139</id>
<revision>
<id>2690868</id>
<parentid>2070846</parentid>
<timestamp>2022-10-27T20:47:30Z</timestamp>
<contributor>
<username>InternetArchiveBot</username>
<id>81604</id>
</contributor>
<comment>Rescuing 2 sources and tagging 0 as dead.) #IABot (v2.0.9.2</comment>
<model>wikitext</model>
<format>text/x-wiki</format>
<text bytes="1079" xml:space="preserve">={{-pt-}}=
==Substantivo==
{{flex.pt|fs=uchuva|fs-div=u.&lt;u&gt;chu&lt;/u&gt;.va|fp=uchuvas|fp-div=u.&lt;u&gt;chu&lt;/u&gt;.vas}}
'''uchuva''', ''feminino''
# [[planta]] [[nativa]] [[da]] [[região]] [[andina]] (''Physalis peruviana'')&lt;ref name=&quot;Dierberger&quot;&gt;[https://web.archive.org/web/20091219140022/http://www.fazendacitra.com.br/dierberger/content/view/93/2 Uchuva - Physalis peruviana], no [https://web.archive.org/web/20100125093828/http://www.fazendacitra.com.br/dierberger/ Dierberger plantas]. Acessado em 6 de janeiro de 2010.&lt;/ref&gt;;
# [[fruto]] [[dessa]] [[planta]]&lt;ref name=&quot;Google Livros&quot;&gt;FELIPPE, Gil. [http://books.google.com.br/books?id=Jk2SrpbQlEQC&amp;pg=PA178&amp;dq=uchuva&amp;lr=lang_pt&amp;cd=3#v=onepage&amp;q=uchuva&amp;f=false Frutas: sabor à primeira dentada]. Página 178. 2004, 302 páginas. Acessado via [http://books.google.com.br/ Google Livros].&lt;/ref&gt;&lt;ref name=&quot;Dierberger&quot;/&gt;.
===Sinônimos===
* (''de 2'') [[cereja-do-peru]], [[fruto-de-ouro]]
==Referências==
&lt;references/&gt;
[[Categoria:Substantivo (Português)]]
[[Categoria:Fruta (Português)]]
[[en:uchuva]]
[[es:uchuva]]
[[ko:uchuva]]</text>
<sha1>nmoe9upp887xjhgv8iou1ceq5k4y5rs</sha1>
</revision>
</page>
