<page>
<page>
<title>UCI</title>
<ns>0</ns>
<id>277440</id>
<revision>
<id>2281580</id>
<parentid>1736422</parentid>
<timestamp>2017-04-27T03:19:09Z</timestamp>
<contributor>
<username>HydrizBot</username>
<id>29590</id>
</contributor>
<minor />
<comment>Robô: A limpar links interwikis antigos</comment>
<model>wikitext</model>
<format>text/x-wiki</format>
<text bytes="285" xml:space="preserve">={{-pt-}}=
==Sigla==
'''UCI'''
# sigla de '''U'''nidade de '''C'''uidados '''I'''ntensivos.
==Ver também==
===No Wikcionário===
{{verTambém.Ini}}
* [[SAMU]]
{{verTambém.NovaColuna}}
* [[UTI]]
{{verTambém.Fim}}
[[Categoria:Sigla (Português)]]
[[Categoria:Medicina (Português)]]</text>
<sha1>19edumybv3n11u1a9l8y2cfxr5su6uz</sha1>
</revision>
