<page>
<title>Ucideiro</title>
<ns>0</ns>
<id>385456</id>
<revision>
<id>2458692</id>
<parentid>2458687</parentid>
<timestamp>2017-11-02T07:22:25Z</timestamp>
<contributor>
<username>Cpls</username>
<id>20608</id>
</contributor>
<comment>/* {{-gl-}} */</comment>
<model>wikitext</model>
<format>text/x-wiki</format>
<text bytes="393" xml:space="preserve">={{-gl-}}=
==Substantivo==
{{flex.gl|ms=Ucideiro|mp=-}}
{{paroxítona|U|ci|dei|ro|lang=gl}}, {{g|pr|ms|lang=gl}}
# {{escopo|gl|Astronomia}} [[Ursa Maior]]
===Sinónimos===
* [[Carro#{{gl}}|Carro]], [[Chedeiro#{{gl}}|Chedeiro]], [[Grade#{{gl}}|Grade]], [[Sete-Estrelo#{{gl}}|Sete-Estrelo]]
=={{etimologia|gl}}==
: Confronte-se com ''[[ursa#{{gl}}|ursa]]''.
[[Categoria:Substantivo (Galego)]]</text>
<sha1>gk1oq0iqntv1mg9fui259g6t5yhpvje</sha1>
</revision>
</page>
