<page>
<page>
<title>UCP</title>
<ns>0</ns>
<id>292402</id>
<revision>
<id>2561396</id>
<parentid>2281581</parentid>
<timestamp>2019-11-14T09:48:02Z</timestamp>
<contributor>
<username>ValJor</username>
<id>1358</id>
</contributor>
<comment>Acrescentando código de língua à [[:Categoria:!Página com mensagem de erro em predefinição|predefinição escopo]]</comment>
<model>wikitext</model>
<format>text/x-wiki</format>
<text bytes="353" xml:space="preserve">={{-pt-}}=
==Sigla==
'''UCP'''
# {{escopo|pt|Informática}} [[unidade|'''U'''nidade]] [[central|'''C'''entral]] de [[processamento|'''P'''rocessamento]]
===Tradução===
{{tradini|De 1 (unidade central de processamento)}}
* {{trad|en|CPU}}
{{tradmeio}}
{{tradfim}}
==Ligações externas==
* {{Aulete}}
* {{Michaelis}}
[[Categoria:Sigla (Português)]]</text>
<sha1>427bt4hb0upw0vfl15cff923xb1yoav</sha1>
</revision>
