<page>
<page>
<title>Ucrania</title>
<ns>0</ns>
<id>59716</id>
<revision>
<id>2281624</id>
<parentid>1984421</parentid>
<timestamp>2017-04-27T03:21:15Z</timestamp>
<contributor>
<username>HydrizBot</username>
<id>29590</id>
</contributor>
<minor />
<comment>Robô: A limpar links interwikis antigos</comment>
<model>wikitext</model>
<format>text/x-wiki</format>
<text bytes="352" xml:space="preserve">={{-ast-}}=
==Substantivo==
'''Ucrania''' ''próprio''
# [[Ucrânia]].
==Ver também==
{{Europa/ast}}
[[Categoria:Substantivo (Asturiano)]]
[[Categoria:Topónimo (Asturiano)]]
={{-es-}}=
==Substantivo==
'''Ucrania''' ''próprio''
# [[Ucrânia]].
==Ver também==
{{Europa/es}}
[[Categoria:Substantivo (Espanhol)]]
[[Categoria:Topónimo (Espanhol)]]</text>
<sha1>8z3iiwaa8tw1s7fsyk3lvio8esb06np</sha1>
</revision>
