<page>
<page>
<title>ucrainoparlante</title>
<ns>0</ns>
<id>59663</id>
<revision>
<id>2067690</id>
<parentid>1392410</parentid>
<timestamp>2016-03-04T15:45:33Z</timestamp>
<contributor>
<username>ValJor</username>
<id>1358</id>
</contributor>
<comment>Verbete [[:Categoria:!Página com idioma não informado em Predefinição:etimologia|sem indicação do idioma na seção de etimologia]]</comment>
<model>wikitext</model>
<format>text/x-wiki</format>
<text bytes="655" xml:space="preserve">={{-pt-}}=
==Adjetivo==
{{flex.pt|s=ucrainoparlante|p=ucrainoparlantes}}
{{paroxítona|u|crai|no|par|lan|te}}, {{c2g}}
# [[ucranianófono]]
==Substantivo==
{{paroxítona|u|crai|no|par|lan|te}}, {{c2g}}
# [[ucranianófono]]
===Sinônimo===
* [[ucrainofalante]]
=={{etimologia|pt}}==
: {{escopo|Morfologia}} [[ucraino-]] + [[-parlante]].
==Ver também==
===No Wikcionário===
{{verTambém.Ini}}
{{verTambém.Ligações|-falante}}
{{verTambém.Ligações|-fono}}
{{verTambém.NovaColuna}}
{{verTambém.Ligações|-parlante}}
{{verTambém.Ligações|ucraino-}}
{{verTambém.Fim}}
[[Categoria:Adjetivo (Português)]]
[[Categoria:Substantivo (Português)]]</text>
<sha1>8kqz7jt3y05sqws2mby6hjz8fnn385o</sha1>
</revision>
