<page>
<page>
<title>Ucraína</title>
<ns>0</ns>
<id>59715</id>
<revision>
<id>2281625</id>
<parentid>2249319</parentid>
<timestamp>2017-04-27T03:21:18Z</timestamp>
<contributor>
<username>HydrizBot</username>
<id>29590</id>
</contributor>
<minor />
<comment>Robô: A limpar links interwikis antigos</comment>
<model>wikitext</model>
<format>text/x-wiki</format>
<text bytes="348" xml:space="preserve">={{-an-}}=
==Substantivo==
'''Ucraína''' ''próprio''
# [[Ucrânia]].
==Ver também==
{{Europa/an}}
[[Categoria:Substantivo (Aragonês)]]
[[Categoria:Topónimo (Aragonês)]]
={{-gl-}}=
==Substantivo==
'''Ucraína''' ''próprio''
# [[Ucrânia]].
==Ver também==
{{Europa/gl}}
[[Categoria:Substantivo (Galego)]]
[[Categoria:Topónimo (Galego)]]</text>
<sha1>j76jvcs128qrepwnf5vvlj5hlf1hnxi</sha1>
</revision>
