<page>
<page>
<title>ucranianoparlante</title>
<ns>0</ns>
<id>59664</id>
<revision>
<id>2067665</id>
<parentid>1392411</parentid>
<timestamp>2016-03-04T14:00:42Z</timestamp>
<contributor>
<username>ValJor</username>
<id>1358</id>
</contributor>
<comment>Verbete [[:Categoria:!Página com idioma não informado em Predefinição:etimologia|sem indicação do idioma na seção de etimologia]]</comment>
<model>wikitext</model>
<format>text/x-wiki</format>
<text bytes="662" xml:space="preserve">={{-pt-}}=
==Adjetivo==
{{flex.pt|s=ucranianoparlante|p=ucranianoparlantes}}
{{paroxítona|u|cra|ni|a|no|par|lan|te}}, {{c2g}}
# [[ucranianófono]]
==Substantivo==
{{flex.pt|s=ucranianoparlante|p=ucranianoparlantes}}
{{paroxítona|u|cra|ni|a|no|par|lan|te}}, {{c2g}}
# [[ucranianófono]]
===Sinônimo===
* [[ucranianofalante]]
=={{etimologia|pt}}==
: {{escopo|Morfologia}} [[ucraniano-]] + [[-parlante]].
==Ver também==
===No Wikcionário===
{{verTambém.Ligações|-falante}}
{{verTambém.Ligações|-fono}}
{{verTambém.Ligações|-parlante}}
{{verTambém.Ligações|ucraniano-}}
[[Categoria:Adjetivo (Português)]]
[[Categoria:Substantivo (Português)]]</text>
<sha1>ainumlxlti5dqnrwk0pwyl5wnl7labd</sha1>
</revision>
