<page>
<page>
<title>ucraniano</title>
<ns>0</ns>
<id>1025</id>
<revision>
<id>2621426</id>
<parentid>2527461</parentid>
<timestamp>2021-02-02T00:23:37Z</timestamp>
<contributor>
<username>MarxavBot</username>
<id>80155</id>
</contributor>
<minor />
<comment>AFI Portugal</comment>
<model>wikitext</model>
<format>text/x-wiki</format>
<text bytes="1109" xml:space="preserve">{{interwik|lang=uk}}
={{-pt-}}=
==Substantivo==
{{paroxítona|u|cra|ni|a|no}}, {{g|m}}
# [[natural]] da [[Ucrânia]].
# [[língua]] eslava falada na Ucrânia.
===Tradução===
{{tradini|De 1 (natural da Ucrânia)}}
* {{trad|de|Ukrainer}}
* {{trad|es|ucraniano}}
* {{trad|fr|ukrainien}}
{{tradmeio}}
* {{trad|en|Ukrainian}}
* {{trad|it|ucraino}}
{{tradfim}}
{{tradini|De 2 (língua)}}
* {{trad|de|Ukrainisch}}
* {{trad|es|ucraniano}}
* {{trad|fr|ukrainien}}
{{tradmeio}}
* {{trad|en|Ukrainian}}
* {{trad|it|ucraino}}
* {{trad|vo|Lukrayänapük}}
{{tradfim}}
==Adjetivo==
{{flex.pt|ms=ucraniano|mp=ucranianos|fs=ucraniana|fp=ucranianas}}
{{paroxítona|u|cra|ni|a|no}}, {{g|m}}
# da Ucrânia
==Pronúncia==
'''Brasileira: Paulistana''' e '''Caipira'''
* AFI: /u.kɾã.ni.ˈã.nu/
* SAMPA: /u.kr6.ni.&quot;6.nu/
=={{pronúncia|pt}}==
===Portugal===
* AFI: {{AFI|/u.kɾɐ.ˈnjɐ.nu/}}
==Ver Também==
* Wikipédia: [http://pt.wikipedia.org/wiki/Ucrânia Ucrânia]
[[Categoria: Substantivo_(Português)]]
[[Categoria: Adjetivo_(Português)]]
[[Categoria:Gentílico (Português)]]
[[Categoria:Língua (Português)]]</text>
<sha1>79c01090d1efb3yxbsmc63uppyxtr4g</sha1>
</revision>
