<page>
<title>Ucrânia</title>
<ns>0</ns>
<id>45658</id>
<revision>
<id>2606368</id>
<parentid>2537092</parentid>
<timestamp>2020-12-30T10:07:46Z</timestamp>
<contributor>
<username>ValJor</username>
<id>1358</id>
</contributor>
<comment>Substituindo a tag &lt;center&gt; pela predefinição centro</comment>
<model>wikitext</model>
<format>text/x-wiki</format>
<text bytes="7681" xml:space="preserve">{{Wikipédia}}
[[Imagem:Flag of Ukraine.svg|thumb|right|250px|{{centro|Bandeira da Ucrânia}}]]
[[Imagem:Europe-Ukraine (orthographic projection; disputed territory).svg|thumb|right|250px|{{centro|Localização da Ucrânia}}]]
={{-pt-}}=
==Substantivo==
{{proparoxítona aparente|U|crâ|ni|a}}, {{gramática|f|pr}}
# {{escopo|pt|País}} [[país]] da [[Europa]], faz fronteira com a [[Bielorrússia]], [[Rússia]], [[Romênia]], [[Moldávia]], [[Hungria]], [[Eslováquia]] e [[Polônia]]
===Tradução===
{{tradini}}
* {{trad|ab|Украина}}
* {{trad|ace|Ukraina}}
* {{trad|ady|Украинэ}}
* {{trad|af|Oekraïne}}
* {{trad|ay|Ukraniya}}
* {{trad|ak|Ukraine}}
* {{trad|sq|Ukraina}}
* {{trad|gsw|Ukraine}}
* {{trad|de|Ukraine}}
* {{trad|pfl|Ukraine}}
* {{trad|am|ዩክሬን}}
* {{trad|ar|أوكرانيا}}
* {{trad|arz|اوكرانيا}}
* {{trad|an|Ucraína}}
* {{trad|arc|ܐܘܩܪܐܝܢܐ}}
* {{trad|rup|Ucraina}}
* {{trad|ast|Ucraína}}
* {{trad|av|Украина}}
* {{trad|az|Ukrayna}}
* {{trad|azb|اوکراین}}
* {{trad|nds|Ukraine}}
* {{trad|nds-nl|Oekraïne}}
* {{trad|bjn|Ukraina}}
* {{trad|eu|Ukraina}}
* {{trad|ba|Украина}}
* {{trad|bar|Ukraine}}
* {{trad|bn|ইউক্রেন}}
* {{trad|bh|यूक्रेन}}
* {{trad|bcl|Ukranya}}
* {{trad|be|Украіна}}
* {{trad|my|ယူကရိန်းနိုင်ငံ}}
* {{trad|bpy|ইউক্রেন}}
* {{trad|bi|Ukraine}}
* {{trad|bs|Ukrajina}}
* {{trad|br|Ukraina}}
* {{trad|bg|Украйна}}
* {{trad|bxr|Украина}}
* {{trad|kbd|Украинэ}}
* {{trad|kab|Ukrayin}}
* {{trad|csb|Ùkrajina}}
* {{trad|xal|Украинмудин Орн}}
* {{trad|km|អ៊ុយក្រែន}}
* {{trad|kn|ಯುಕ್ರೇನ್}}
* {{trad|yue|烏克蘭}}
* {{trad|kaa|Ukraina}}
* {{trad|krc|Украина}}
* {{trad|ca|Ucraïna}}
* {{trad|kk|Украина}}
* {{trad|ceb|Ukranya}}
* {{trad|cbk|Ucrania}}
* {{trad|ce|Украина}}
* {{trad|cs|Ukrajina}}
* {{trad|chr|ᏳᎧᎴᏂ}}
* {{trad|chy|Ukraine}}
* {{trad|zh|乌克兰}}
* {{trad|sn|Ukraine}}
* {{trad|si|යුක්රේනය}}
* {{trad|gom|युक्रेन}}
* {{trad|ko|우크라이나}}
* {{trad|kw|Ukrayn}}
* {{trad|jam|Yuukrien}}
* {{trad|hr|Ukrajina}}
* {{trad|ku|Ûkrayna}}
* {{trad|diq|Ukrayna}}
* {{trad|da|Ukraine}}
* {{trad|dv|ޔުކްރެއިން}}
* {{trad|dty|युक्रेन}}
* {{trad|myv|Украина}}
* {{trad|sco|Ukraine}}
* {{trad|sk|Ukrajina}}
* {{trad|sl|Ukrajina}}
* {{trad|es|Ucrania}}
* {{trad|eo|Ukrainio}}
* {{trad|et|Ukraina}}
* {{trad|ext|Ucrania}}
* {{trad|fo|Ukraina}}
* {{trad|fi|Ukraina}}
* {{trad|vls|Oekraïne}}
* {{trad|fr|Ukraine}}
* {{trad|frp|Ucrayena}}
* {{trad|fy|Oekraïne}}
* {{trad|stq|Ukraine}}
* {{trad|frr|Ukraine}}
* {{trad|fur|Ucraine}}
* {{trad|ff|Ukrayiina}}
* {{trad|gd|An Ucràin}}
* {{trad|gag|Ukrayna}}
* {{trad|gl|Ucraína}}
* {{trad|cy|Wcrain}}
* {{trad|gan|烏克蘭}}
* {{trad|ka|უკრაინა}}
* {{trad|got|?￰ﾐﾌﾺ?￰ﾐﾌﾰ?￰ﾐﾌﾽ?}}
* {{trad|el|Ουκρανία}}
* {{trad|kl|Ukraine}}
* {{trad|gn|Ukyáña}}
* {{trad|gu|યુક્રેન}}
* {{trad|ht|Ikrèn}}
* {{trad|hak|Ukraina}}
* {{trad|ha|Ukraniya}}
* {{trad|haw|ʻUkelena}}
* {{trad|he|אוקראינה}}
* {{trad|hi|युक्रेन}}
* {{trad|hif|Ukraine}}
* {{trad|nl|Oekraïne}}
* {{trad|hu|Ukrajna}}
* {{trad|sah|Украина}}
* {{trad|ig|Yukrain}}
* {{trad|io|Ukraina}}
* {{trad|yi|אוקראַיִנע}}
* {{trad|ilo|Ukrania}}
* {{trad|id|Ukraina}}
* {{trad|en|Ukraine}}
* {{trad|ang|Ucrægna}}
* {{trad|ia|Ukraina}}
* {{trad|ie|Ucraina}}
* {{trad|iu|ᑯᑯᓯ ᓄᓇ}}
* {{trad|ik|Ukraine}}
* {{trad|yo|Ukraina}}
* {{trad|ga|An Úcráin}}
* {{trad|is|Úkraína}}
* {{trad|it|Ucraina}}
* {{trad|ja|ウクライナ}}
* {{trad|jv|Ukraina}}
* {{trad|ee|Ukraine}}
* {{trad|kbp|Ukurɛnɩ}}
* {{trad|kg|Uklenyi}}
{{tradmeio}}
* {{trad|kv|Украина}}
* {{trad|koi|Украина}}
* {{trad|lad|Ukraina}}
* {{trad|lo|ປະເທດອູກະແລນ}}
* {{trad|ltg|Ukraina}}
* {{trad|la|Ucraina}}
* {{trad|lv|Ukraina}}
* {{trad|lez|Украина}}
* {{trad|lij|Ucrainn-a}}
* {{trad|li|Oekraïne}}
* {{trad|ln|Ukraine}}
* {{trad|lt|Ukraina}}
* {{trad|olo|Ukrainu}}
* {{trad|jbo|vurgu'e}}
* {{trad|lmo|Ücraina}}
* {{trad|lrc|اۈکراین}}
* {{trad|lb|Ukrain}}
* {{trad|mk|Украина}}
* {{trad|mai|यूक्रेन}}
* {{trad|ml|ഉക്രൈൻ}}
* {{trad|ms|Ukraine}}
* {{trad|mg|Okraina}}
* {{trad|mt|Ukrajna}}
* {{trad|gv|Yn Ookraan}}
* {{trad|mi|Ūkareinga}}
* {{trad|mr|युक्रेन}}
* {{trad|mrj|Украина}}
* {{trad|mhr|Украина}}
* {{trad|mzn|اکراین}}
* {{trad|cdo|Ukraine}}
* {{trad|nan|Ukraina}}
* {{trad|xmf|უკრაინა}}
* {{trad|mwl|Oucránia}}
* {{trad|mdf|Украин}}
* {{trad|mo|Украина}}
* {{trad|mn|Украин}}
* {{trad|nap|Ucraina}}
* {{trad|nah|Ucrania}}
* {{trad|na|Ukraine}}
* {{trad|ne|युक्रेन}}
* {{trad|new|युक्रेन}}
* {{trad|pih|Yukrayn}}
* {{trad|roa-nor|Ukraîne}}
* {{trad|no|Ukraina}}
* {{trad|nov|Ukraina}}
* {{trad|nn|Ukraina}}
* {{trad|oc|Ucraïna}}
* {{trad|or|ୟୁକ୍ରେନ}}
* {{trad|om|Yuukireen}}
* {{trad|os|Украинæ}}
* {{trad|pam|Ukranya}}
* {{trad|pag|Ukraniya}}
* {{trad|pap|Ukrania}}
* {{trad|ps|اوکراین}}
* {{trad|fa|اوکراین}}
* {{trad|pcd|Oucrinne}}
* {{trad|pms|Ucrain-a}}
* {{trad|pl|Ukraina}}
* {{trad|pnt|Ουκρανία}}
* {{trad|pa|ਯੂਕਰੇਨ}}
* {{trad|pnb|یوکرین}}
* {{trad|qu|Ukranya}}
* {{trad|ky|Украйна}}
* {{trad|rm|Ucraina}}
* {{trad|rmy|Ukraina}}
* {{trad|ro|Ucraina}}
* {{trad|rw|Ikerene}}
* {{trad|rue|Україна}}
* {{trad|ru|Украина}}
* {{trad|se|Ukraina}}
* {{trad|sm|Iukureini}}
* {{trad|sgs|Okraėna}}
* {{trad|sc|Ucraina}}
* {{trad|sr|Украјина}}
* {{trad|sh|Ukrajina}}
* {{trad|st|Ukraine}}
* {{trad|scn|Ucraina}}
* {{trad|szl|Ukrajina}}
* {{trad|sd|اُوڪرين}}
* {{trad|so|Yukrayn}}
* {{trad|hsb|Ukraina}}
* {{trad|dsb|Ukraina}}
* {{trad|ckb|ئوکراینا}}
* {{trad|sw|Ukraine}}
* {{trad|ss|IYukhureni}}
* {{trad|sv|Ukraina}}
* {{trad|su|Ukraina}}
* {{trad|srn|Ukrainakondre}}
* {{trad|tg|Укроин}}
* {{trad|tl|Ukraine}}
* {{trad|th|ประเทศยูเครน}}
* {{trad|ta|உக்ரைன்}}
* {{trad|roa-tara|Ucraine}}
* {{trad|tt|Украина}}
* {{trad|crh|Ukraina}}
* {{trad|cv|Украина}}
* {{trad|te|ఉక్రెయిన్}}
* {{trad|tet|Ukránia}}
* {{trad|bo|ཨུཀ་རཡི་ནི།}}
* {{trad|ti|ዩክረይን}}
* {{trad|tpi|Yukren}}
* {{trad|ts|Ukraine}}
* {{trad|tum|Ukraine}}
* {{trad|tr|Ukrayna}}
* {{trad|tk|Ukraina}}
* {{trad|tyv|Украина}}
* {{trad|tw|Ukraine}}
* {{trad|uk|Україна}}
* {{trad|ug|ئۇكرائىنا}}
* {{trad|wo|Ukreen}}
* {{trad|ur|یوکرین}}
* {{trad|uz|Ukraina}}
* {{trad|wa|Oucrinne}}
* {{trad|ve|Ukraine}}
* {{trad|vec|Ucraina}}
* {{trad|vep|Ukrain}}
* {{trad|vi|Ukraina}}
* {{trad|vo|Lukrayän}}
* {{trad|fiu-vro|Ukraina}}
* {{trad|udm|Украина}}
* {{trad|war|Ukranya}}
* {{trad|wuu|乌克兰}}
* {{trad|xh|Ukraine}}
* {{trad|zea|Oekraïne}}
* {{trad|zu|IYukreyini}}
{{tradfim}}
=={{etimologia|pt}}==
: Do [[eslavo]] ''território da fronteira'', etimologicamente idêntico à palavra ''krajina''.
==Ver também==
===No Wikcionário===
{{verTambém.Ini}}
* [[Carcóvia]]
* [[Kiev]]
* [[República da Ucrânia]]
* [[ucraíno]]
* [[ucrainofalante]]
{{verTambém.NovaColuna}}
* [[ucrainofonia]]
* [[ucrainófono]]
* [[ucrainoparlante]]
* [[ucraniano]]
* [[ucraniense]]
{{verTambém.Fim}}
{{Europa/pt}}
[[Categoria:Substantivo (Português)]]
[[Categoria:Entrada com imagem (Português)]]</text>
<sha1>hwvr9xdbig98hxgt3v400fftz7chkpe</sha1>
</revision>
</page>
