<page>
<title>Ucràina</title>
<ns>0</ns>
<id>446376</id>
<revision>
<id>2688061</id>
<timestamp>2022-09-08T11:16:28Z</timestamp>
<contributor>
<username>ValJor</username>
<id>1358</id>
</contributor>
<comment>Criação do verbete a partir da [[Especial:Páginas_pedidas|lista de palavras pedidas]]</comment>
<model>wikitext</model>
<format>text/x-wiki</format>
<text bytes="468" xml:space="preserve">{{Wikipédia|lang=vec}}
[[Imagem:Flag of Ukraine.svg|thumb|right|250px|{{centro|Bandeira da Ucrânia}}]]
[[Imagem:Europe-Ukraine (orthographic projection; disputed territory).svg|thumb|right|250px|{{centro|Localização da Ucrânia}}]]
={{-vec-}}=
==Substantivo==
'''Ucràina''', {{gramática|pr}}
# {{escopo|vec|País}} [[Ucrânia]]
==Ver também==
===No Wikcionário===
{{Europa/vec}}
[[Categoria:Substantivo (Vêneto)]]
[[Categoria:Entrada com imagem (Vêneto)]]</text>
<sha1>asft0phtihkjgg89222huefqabermd7</sha1>
</revision>
</page>
