<page>
<page>
<title>ucua</title>
<ns>0</ns>
<id>325321</id>
<revision>
<id>1828948</id>
<timestamp>2014-05-31T20:10:06Z</timestamp>
<contributor>
<username>Castelobranco</username>
<id>8424</id>
</contributor>
<comment>+1</comment>
<model>wikitext</model>
<format>text/x-wiki</format>
<text bytes="250" xml:space="preserve">={{-cod-}}=
==Verbo==
'''{{grifar|u}}.cua'''
# [[andar]]&lt;ref group=&quot;cod&quot;&gt;FAUST, 2008, p.159&lt;/ref&gt;
===Notas===
&lt;references group=&quot;cod&quot; /&gt;
===Referências===
{{verTambém.Ini}}
{{Faust2008}}
{{verTambém.Fim}}
{{categorias|{{cod}}|Verbo|Dissílabo}}</text>
<sha1>dnyvbs9f9ayls2cq151b30xpfes8b3y</sha1>
</revision>
