<page>
<page>
<title>ucuqui</title>
<ns>0</ns>
<id>325398</id>
<revision>
<id>1829025</id>
<timestamp>2014-05-31T20:18:10Z</timestamp>
<contributor>
<username>Castelobranco</username>
<id>8424</id>
</contributor>
<comment>+1</comment>
<model>wikitext</model>
<format>text/x-wiki</format>
<text bytes="253" xml:space="preserve">={{-cod-}}=
==Verbo==
'''u.{{grifar|cu}}.qui'''
# [[cair]]&lt;ref group=&quot;cod&quot;&gt;FAUST, 2008, p.159&lt;/ref&gt;
===Notas===
&lt;references group=&quot;cod&quot; /&gt;
===Referências===
{{verTambém.Ini}}
{{Faust2008}}
{{verTambém.Fim}}
{{categorias|{{cod}}|Verbo|Trissílabo}}</text>
<sha1>f8endztwqxrlzsbpfqid0kf7sh2esay</sha1>
</revision>
