<page>
<page>
<title>uda</title>
<ns>0</ns>
<id>38299</id>
<revision>
<id>2260518</id>
<parentid>2156021</parentid>
<timestamp>2017-04-14T03:59:57Z</timestamp>
<contributor>
<username>UT-interwiki-Bot</username>
<id>56129</id>
</contributor>
<minor />
<comment>Robô: A adicionar: [[et:uda]], [[hr:uda]]</comment>
<model>wikitext</model>
<format>text/x-wiki</format>
<text bytes="397" xml:space="preserve">={{-eu-}}=
==Substantivo==
'''uda'''
# [[verão]]
[[Categoria:Substantivo (Basco)]]
[[ca:uda]]
[[chr:uda]]
[[cs:uda]]
[[el:uda]]
[[en:uda]]
[[es:uda]]
[[et:uda]]
[[eu:uda]]
[[fi:uda]]
[[fr:uda]]
[[hr:uda]]
[[hu:uda]]
[[id:uda]]
[[io:uda]]
[[it:uda]]
[[ko:uda]]
[[lo:uda]]
[[lt:uda]]
[[lv:uda]]
[[mg:uda]]
[[nl:uda]]
[[pl:uda]]
[[ro:uda]]
[[ru:uda]]
[[sk:uda]]
[[sv:uda]]
[[tr:uda]]
[[vi:uda]]</text>
<sha1>2fn06j8r6ndmgtzmuhe7vxoyzxxy4nw</sha1>
</revision>
