<page>
<page>
<title>udade</title>
<ns>0</ns>
<id>231836</id>
<revision>
<id>2651863</id>
<parentid>1726141</parentid>
<timestamp>2021-11-10T10:48:48Z</timestamp>
<contributor>
<username>ValJor</username>
<id>1358</id>
</contributor>
<comment>Confirmando [[:Categoria:!Entrada criada por robô|verbete criado por robô]]</comment>
<model>wikitext</model>
<format>text/x-wiki</format>
<text bytes="114" xml:space="preserve">={{-zu-}}=
==Substantivo==
'''udade'''
# [[irmã]]
[[Categoria:Substantivo (Zulu)]]
[[Categoria:Família (Zulu)]]</text>
<sha1>d8e8st5902qxd399mek7nstun0hlk4q</sha1>
</revision>
