<page>
<page>
<title>udazken</title>
<ns>0</ns>
<id>38300</id>
<revision>
<id>2154009</id>
<parentid>1932000</parentid>
<timestamp>2016-07-29T11:33:54Z</timestamp>
<contributor>
<username>JAnDbot</username>
<id>25083</id>
</contributor>
<minor />
<comment>Robô: A adicionar: [[sk:udazken]]</comment>
<model>wikitext</model>
<format>text/x-wiki</format>
<text bytes="688" xml:space="preserve">={{-eu-}}=
==Substantivo==
'''u.daz.ken'''
# [[outono]].
==Ver também==
===No Wikcionário===
{{verTambém.Ini}}
* [[Apêndice:Estações do ano]]
* [[negu]]
* [[uda]]
* [[udaberri]]
{{verTambém.Fim}}
[[Categoria:Substantivo (Basco)]]
[[Categoria:Trissílabo (Basco)]]
[[Categoria:Estação do ano (Basco)]]
[[az:udazken]]
[[ca:udazken]]
[[chr:udazken]]
[[el:udazken]]
[[en:udazken]]
[[es:udazken]]
[[et:udazken]]
[[eu:udazken]]
[[fi:udazken]]
[[fj:udazken]]
[[gl:udazken]]
[[hu:udazken]]
[[io:udazken]]
[[it:udazken]]
[[ko:udazken]]
[[lo:udazken]]
[[lt:udazken]]
[[lv:udazken]]
[[mg:udazken]]
[[nl:udazken]]
[[pl:udazken]]
[[ru:udazken]]
[[sk:udazken]]
[[sv:udazken]]
[[tr:udazken]]</text>
<sha1>n7fn30jt5mnxko506agbwhn3qf76r21</sha1>
</revision>
