<page>
<title>uddi</title>
<ns>0</ns>
<id>212690</id>
<revision>
<id>1554031</id>
<parentid>801139</parentid>
<timestamp>2012-12-06T15:59:21Z</timestamp>
<contributor>
<username>VJBot</username>
<id>33673</id>
</contributor>
<minor />
<comment>Robô: Substituição de texto automática  (-{{vertb}} +Ver também)</comment>
<model>wikitext</model>
<format>text/x-wiki</format>
<text bytes="368" xml:space="preserve">={{-liv-}}=
==Adjetivo==
'''uddi'''
# com [[neblina]]
# [[enevoado]]
===Fresologia===
* '''[[tämpõ]] [[āiga]] um uddi!''': ''[[hoje]] o [[tempo]] está [[enevoado]]!''
==Ver também==
* [[kīlma]]
* [[knaš]]
* [[äbjõvā]]
* [[vīmli]]
* [[piļļi]]
* [[kūja]]
* [[lem]]
* [[kīebi]]
* [[tuļļi]]
* [[väggi]]
* [[tūļi]]
[[Categoria:Adjetivo (Livônio)]]</text>
<sha1>8h87li49t98kr0necld0sd9342fjb32</sha1>
</revision>
</page>
