<page>
<title>ude</title>
<ns>0</ns>
<id>206633</id>
<revision>
<id>2591956</id>
<parentid>2591950</parentid>
<timestamp>2020-07-07T22:11:14Z</timestamp>
<contributor>
<username>Defender</username>
<id>15952</id>
</contributor>
<minor />
<comment>Revertidas edições por [[Especial:Contribuições/177.170.118.237|177.170.118.237]] para a última versão por [[Especial:Contribuições/Tribuno da Plebe|Tribuno da Plebe]]</comment>
<model>wikitext</model>
<format>text/x-wiki</format>
<text bytes="153" xml:space="preserve">={{-ja-}}=
==Transliteração==
# transliteração de [[うで]]
[[Categoria:Transliteração (Japonês)]]
[[en:ude]]
[[fr:ude]]
[[io:ude]]
[[ko:ude]]</text>
<sha1>hwuv4i47k7tkmjkiafrzs57q4wwzl34</sha1>
</revision>
</page>
