<page>
<title>udenistas</title>
<ns>0</ns>
<id>333942</id>
<revision>
<id>2664075</id>
<parentid>2663298</parentid>
<timestamp>2022-03-07T20:41:32Z</timestamp>
<contributor>
<username>MIL973</username>
<id>41339</id>
</contributor>
<model>wikitext</model>
<format>text/x-wiki</format>
<text bytes="424" xml:space="preserve">={{-pt-}}=
==Forma de adjetivo==
{{flex.pt|s=udenista|p=udenistas}}
{{paroxítona|u|de|nis|tas}}, {{gramática|c2gp}}
# plural de [[udenista]]
{{avi-for-fle|udenista}}
==Forma de substantivo==
{{flex.pt|s=udenista|p=udenistas}}
{{paroxítona|u|de|nis|tas}}, {{gramática|c2gp}}
# plural de [[udenista]]
{{avi-for-fle|udenista}}
[[Categoria:Forma de adjetivo (Português)]]
[[Categoria:Forma de substantivo (Português)]]</text>
<sha1>jm1ipeibstex49z06g7csdvjwa1rn8h</sha1>
</revision>
</page>
