<page>
<title>uden</title>
<ns>0</ns>
<id>291137</id>
<revision>
<id>2240039</id>
<parentid>2166068</parentid>
<timestamp>2017-02-18T00:46:40Z</timestamp>
<contributor>
<username>UT-interwiki-Bot</username>
<id>56129</id>
</contributor>
<minor />
<comment>Robô: A adicionar: [[it:uden]]</comment>
<model>wikitext</model>
<format>text/x-wiki</format>
<text bytes="261" xml:space="preserve">={{-da-}}=
==Preposição==
'''uden'''
# [[sem]]
[[Categoria:Preposição (Dinamarquês)]]
[[ca:uden]]
[[chr:uden]]
[[da:uden]]
[[de:uden]]
[[en:uden]]
[[fi:uden]]
[[fj:uden]]
[[hu:uden]]
[[io:uden]]
[[it:uden]]
[[lt:uden]]
[[mg:uden]]
[[nl:uden]]
[[pl:uden]]</text>
<sha1>00mfe4qqjkcggn0qmqb8gpfqyx0kmlv</sha1>
</revision>
</page>
