<page>
<title>udenismo</title>
<ns>0</ns>
<id>333936</id>
<revision>
<id>2663295</id>
<parentid>2663292</parentid>
<timestamp>2022-03-05T09:32:06Z</timestamp>
<contributor>
<username>MIL973</username>
<id>41339</id>
</contributor>
<model>wikitext</model>
<format>text/x-wiki</format>
<text bytes="537" xml:space="preserve">={{-pt-}}=
==Substantivo==
{{flex.pt|ms=udenismo|mp=udenismos}}
{{paroxítona|u|de|nis|mo}}, {{gramática|m}}
# {{escopo|pt|História|política}} [[filosofia]] da [[UDN]] ([[w:União Democrática Nacional|União Democrática Nacional]]), partido político fundado em 1945 e extinto em 1965
===Verbetes derivados===
* [[udenista]]
=={{etimologia|pt}}==
: {{escopo|Morfologia}} De [[UDN]] +  [[-ismo]].
==Ver também==
===No Wikcionário===
====Wikisaurus====
* [[Wikisaurus:política|política]]
[[Categoria:Substantivo (Português)]]</text>
<sha1>5tm4erwbx47illbrrje5nzdeep50gwc</sha1>
</revision>
</page>
