<page>
<title>udire</title>
<ns>0</ns>
<id>343791</id>
<revision>
<id>2471695</id>
<parentid>2240038</parentid>
<timestamp>2017-12-19T18:31:33Z</timestamp>
<contributor>
<username>ValJor</username>
<id>1358</id>
</contributor>
<comment>Desfazendo ligação para Ajuda:Guia de pronúncia/Italiano</comment>
<model>wikitext</model>
<format>text/x-wiki</format>
<text bytes="696" xml:space="preserve">={{-it-}}=
==Verbo==
'''u.di.re''' {{gramática|trans|intrans}}
# [[ouvir]]
#* ''Il tutto in un piccolo cinema che però mette il visitatore in condizione di sentire qualcosa che abitualmente non vede: dialoghi del film e registrazioni in presa diretta per le vie di Roma che raccontano la città o meglio che la fanno '''udire'''.'' {{corriere|25|2015|abril}}
===Sinônimos===
* [[ascoltare]] 
* [[percepire]]
* [[sentire]]
=={{etimologia|it}}==
{{llietimo|la|audire|it|ponto=não}}, infinitivo presente ativo de {{etimo|la|audio}}.
=={{pronúncia|it}}==
* [[AFI]]: {{IPA|/uˈdire/}}
==Anagramas==
# [[erudì]]
# [[udrei]]
[[Categoria:Verbo (Italiano)]]
[[Categoria:Trissílabo (Italiano)]]</text>
<sha1>2l2g687t0bdjpo4e61r7l506ufrusgn</sha1>
</revision>
</page>
