<page>
<title>UDN</title>
<ns>0</ns>
<id>7908</id>
<revision>
<id>2441090</id>
<parentid>2169014</parentid>
<timestamp>2017-07-29T02:55:33Z</timestamp>
<contributor>
<username>MIL973</username>
<id>41339</id>
</contributor>
<model>wikitext</model>
<format>text/x-wiki</format>
<text bytes="736" xml:space="preserve">={{-pt-}}=
==Sigla==
'''UDN''', {{gramática|f}}
# {{escopo|pt|Brasil|história|política}} [[w:União Democrática Nacional|'''U'''nião '''D'''emocrática '''N'''acional]]
==Ver também==
===No Wikcionário===
{{colunas|2}}
* [[democrático]]
* [[nacional]]
* [[udenismo]]
* [[udenista]]
* [[união]]
{{colunas/fim}}
====Apêndices====
* [[Apêndice:Siglas de partidos políticos em português|siglas de partidos políticos em português]]
====Wikisaurus====
* [[Wikisaurus:política|política]]
{{partidos políticos brasileiros}}
==Ligações externas==
* [http://www.marxists.org/portugues/dicionario/verbetes/u/uni_demo_nacional.htm Dicionário Político: União Democrática Nacional (UDN)]
[[Categoria:Sigla (Português)]]</text>
<sha1>ek20oh7h766vpy06c729wkn98mo9ih8</sha1>
</revision>
</page>
