<page>
<title>udre</title>
<ns>0</ns>
<id>353651</id>
<revision>
<id>2139379</id>
<parentid>2074968</parentid>
<timestamp>2016-06-11T06:29:23Z</timestamp>
<contributor>
<username>UT-interwiki-Bot</username>
<id>56129</id>
</contributor>
<minor />
<comment>Robô: A adicionar: [[tr:udre]]</comment>
<model>wikitext</model>
<format>text/x-wiki</format>
<text bytes="321" xml:space="preserve">={{-gl-}}=
==Substantivo==
{{flex.gl|fs=udre|fp=udres}}
{{paroxítona|u|dre|lang=gl}}, {{f}}
# [[sujidade]], detrito fedorento
=={{etimologia|gl}}==
: Da mesma raiz que o latim {{etimo|la|puter}} &quot;[[podre]], murcho&quot;. Confronte-se com o galego ''[[futre#Gaelego|futre]]''.
[[Categoria:Substantivo (Galego)]]
[[tr:udre]]</text>
<sha1>4xlk6lrw5wjax7813z3wlri9tgsmru7</sha1>
</revision>
</page>
