<page>
<title>UdSSR</title>
<ns>0</ns>
<id>50284</id>
<revision>
<id>2281631</id>
<parentid>1834013</parentid>
<timestamp>2017-04-27T03:21:35Z</timestamp>
<contributor>
<username>HydrizBot</username>
<id>29590</id>
</contributor>
<minor />
<comment>Robô: A limpar links interwikis antigos</comment>
<model>wikitext</model>
<format>text/x-wiki</format>
<text bytes="179" xml:space="preserve">={{-de-}}=
==Sigla==
'''UdSSR''' ''feminino''
# [[Union der Sozialistischen Sowjetrepubliken]] ([[União das Repúblicas Socialistas Soviéticas]]).
[[Categoria:Sigla (Alemão)]]</text>
<sha1>g5qqs1xtvgjs56wgdlfkme5uukugg98</sha1>
</revision>
</page>
