<page>
<title>uecchie</title>
<ns>0</ns>
<id>314318</id>
<revision>
<id>2657099</id>
<parentid>1678016</parentid>
<timestamp>2022-01-05T10:40:15Z</timestamp>
<contributor>
<username>ValJor</username>
<id>1358</id>
</contributor>
<comment>Confirmando [[:Categoria:!Entrada criada por robô|verbete criado por robô]]</comment>
<model>wikitext</model>
<format>text/x-wiki</format>
<text bytes="255" xml:space="preserve">[[Imagem:Blue eye.jpg|thumb|right|250px|{{centro|Olho}}]]
={{-roa-tara-}}=
==Substantivo==
'''uecchie'''
# [[olho]] (órgão da visão)
[[Categoria:Substantivo (Tarantino)]]
[[Categoria:Anatomia (Tarantino)]]
[[Categoria:Entrada com imagem (Tarantino)]]</text>
<sha1>574nxeeysd47u8zadwuqi6bgshkw5fm</sha1>
</revision>
</page>
