<page>
<page>
<title>uel</title>
<ns>0</ns>
<id>314006</id>
<revision>
<id>2660073</id>
<parentid>1801202</parentid>
<timestamp>2022-02-13T13:02:10Z</timestamp>
<contributor>
<username>ValJor</username>
<id>1358</id>
</contributor>
<comment>Confirmando [[:Categoria:!Entrada criada por robô|verbete criado por robô]]</comment>
<model>wikitext</model>
<format>text/x-wiki</format>
<text bytes="264" xml:space="preserve">[[Imagem:Blue eye.jpg|thumb|right|250px|{{centro|Olho}}]]
={{-fro-}}=
==Substantivo==
'''uel'''
# [[olho]] (órgão da visão)
[[Categoria:Substantivo (Francês Antigo)]]
[[Categoria:Anatomia (Francês Antigo)]]
[[Categoria:Entrada com imagem (Francês Antigo)]]</text>
<sha1>f6fs97gmn2zy03262o5adeo706van30</sha1>
</revision>
