<page>
<page>
<title>uenuku</title>
<ns>0</ns>
<id>184719</id>
<revision>
<id>2139396</id>
<parentid>1801201</parentid>
<timestamp>2016-06-11T06:34:15Z</timestamp>
<contributor>
<username>UT-interwiki-Bot</username>
<id>56129</id>
</contributor>
<minor />
<comment>Robô: A adicionar: [[hr:uenuku]]</comment>
<model>wikitext</model>
<format>text/x-wiki</format>
<text bytes="258" xml:space="preserve">={{-mi-}}=
{{Wikipédia|lang=mi}}
==Substantivo==
'''uenuku'''
#[[arco-íris]]
===Sinônimos===
*[[kahukura]]
*[[aaheahea]]
*[[paahoka]]
*[[kairangi]]
*[[rore]]
*[[taawhanawhana]]
[[Categoria:Substantivo (Maori)]]
[[fr:uenuku]]
[[hr:uenuku]]
[[mg:uenuku]]</text>
<sha1>427td4srcv8rct0sc99wk7a4pcn8tr2</sha1>
</revision>
