<page>
<title>UERJ</title>
<ns>0</ns>
<id>408182</id>
<revision>
<id>2539369</id>
<timestamp>2019-03-17T21:18:27Z</timestamp>
<contributor>
<username>Leonardo José Raimundo</username>
<id>43489</id>
</contributor>
<comment>Eu estou criando a sigla &quot;UERJ&quot;.</comment>
<model>wikitext</model>
<format>text/x-wiki</format>
<text bytes="264" xml:space="preserve">={{-pt-}}=
==Sigla==
'''UERJ'''
# Universidade do Estado do Rio de Janeiro
==Ver também==
===No Wikcionário===
{{colunas|5}}
*[[ENEM]]
*[[SISU]]
*[[UFPE]]
*[[UFRJ]]
*[[UPE]]
{{colunas.fim}}
[[Categoria:Sigla (Português)]]
[[Categoria:Educação (Português)]]</text>
<sha1>ph6cq3dwtxxkr7u1r8yhysqyvfbtq6x</sha1>
</revision>
</page>
