<page>
<page>
<title>uernes</title>
<ns>0</ns>
<id>322501</id>
<revision>
<id>1813130</id>
<parentid>1813128</parentid>
<timestamp>2014-03-02T14:01:05Z</timestamp>
<contributor>
<username>Cpls</username>
<id>20608</id>
</contributor>
<comment>Desfeita a edição 1813128 de Cpls ([[Utilizador Discussão:Cpls|discussão]] | [[Special:Contributions/Cpls|contribuições]])</comment>
<model>wikitext</model>
<format>text/x-wiki</format>
<text bytes="345" xml:space="preserve">={{-roa-gpm-}}=
==Substantivo==
{{paroxítona|uer|nes|lang=roa-gpm}}, ''masculino''
# [[sexta-feira]], [[sexto]] [[dia]] da [[semana]].
==Grafia alternativa==
* [[vernes#Galego-Português Medieval|vernes]]
=={{etimologia|roa-gpm}}==
: Do latim ''veneris dies'', (dia da [[veneração]]).
[[Categoria:Substantivo (Galego-Português Medieval)]]</text>
<sha1>s0gjn9jtxvio3o0jhhgqlqw0wrsz6fx</sha1>
</revision>
