<page>
<title>ueruo</title>
<ns>0</ns>
<id>328378</id>
<revision>
<id>1840267</id>
<parentid>1840265</parentid>
<timestamp>2014-07-17T17:57:52Z</timestamp>
<contributor>
<username>Cpls</username>
<id>20608</id>
</contributor>
<comment>/* Substantivo */</comment>
<model>wikitext</model>
<format>text/x-wiki</format>
<text bytes="381" xml:space="preserve">={{-roa-gpm-}}=
==Substantivo==
{{flex.pt|ms=ueruo|mp=ueruos}}
{{paroxítona|uer|uo|lang=roa-gpm}}, {{m}}
# [[palavra]] 
# [[provérbio]]
===Variante ortográfica===
* [[vervo#Galego-Português Medieval|vervo]]
=={{etimologia|roa-gpm}}==
: Do [[latim]] {{etimo|la|verbum}}.
==Ver também==
===No Wikcionário===
* [[verba]]
[[Categoria:Substantivo (Galego-Português Medieval)]]</text>
<sha1>nd1osqcb5p0cwpf58fsszwl1ksrars9</sha1>
</revision>
</page>
