<page>
<title>ueste</title>
<ns>0</ns>
<id>339610</id>
<revision>
<id>1941097</id>
<parentid>1928724</parentid>
<timestamp>2015-06-12T12:19:54Z</timestamp>
<contributor>
<username>Luis Gabriel Moraes Dias</username>
<id>11628</id>
</contributor>
<model>wikitext</model>
<format>text/x-wiki</format>
<text bytes="489" xml:space="preserve">={{-lfn-}}=
==Adjetivo==
{{paroxítona|ues|te|lang=lfn}}
# [[oeste]]
==Substantivo==
{{paroxítona|ues|te|lang=lfn}}
# [[oeste]]
===Grafias alternativas===
* '''[[alfabeto cirílico|Alfabeto cirílico]]:''' {{l.s.|уесте|{{lfn}}}}
===Termos derivados===
{{verTambém.Ini}}
* {{link opcional|norde-ueste|lfn}}
{{verTambém.NovaColuna}}
* {{link opcional|sude-ueste|lfn}}
{{verTambém.Fim}}
{{pontos cardeais/lfn}}
{{categorias|{{nome categoria|lfn}}|Adjetivo|Substantivo|Geografia}}</text>
<sha1>l5vsge7gzovp9y19puza89eq6iyqkj4</sha1>
</revision>
</page>
