<page>
<title>uevo</title>
<ns>0</ns>
<id>408527</id>
<revision>
<id>2540123</id>
<parentid>2540045</parentid>
<timestamp>2019-03-25T07:16:05Z</timestamp>
<contributor>
<ip>189.27.255.216</ip>
</contributor>
<comment>/* Substantivo */</comment>
<model>wikitext</model>
<format>text/x-wiki</format>
<text bytes="1274" xml:space="preserve">[[Ficheiro:White chicken egg square.jpg|thumb|150px|'''Uevo''' (&quot;ovo&quot;)]]
={{-an-}}=
{{Wikipédia|lang=an}}
==Substantivo==
{{flex.an|ms=uevo|mp=uevos|ms-div=&lt;u&gt;ue&lt;/u&gt;.vo|mp-div=&lt;u&gt;ue&lt;/u&gt;.vos}}
{{paroxítona|ue|vo|lang=an}} {{g|m}}
# {{escopo|an|zoologia}} [[ovo]]; [[óvulo]] fecundado de certas [[fêmea]]s
#: ''Totas as [[au#{{an}}|aus]] son {{link opcional|ovipara|an}}s, ixo ye, que ponen '''uevos'''.'' &lt;small&gt;(Todas as aves são ovíparas, isto é, põem ovos.)&lt;/small&gt;
# {{escopo|an|alimentação}} ovo (de [[galinha]])
#: '''''uevos''' fritos'' 
===Formas alternativas===
{{fraseini|Variantes dialetais de ''uevo''}}
* {{link opcional|buebo|an}}/{{link opcional|buevo|an}}
* {{link opcional|güebo|an}}/{{link opcional|güego|an}}
* {{escopo2|benasquês}} [[ou#{{an}}|ou]]
{{frasefim}}
==Etimologia==
:Do {{etm|la|an}} {{etimo|la|ovum}}.
=={{pronúncia|an}}==
* [[AFI]]: {{AFI|/'wæ.bo/}}
* [[X-SAMPA]]: /&quot;w{.bo/
==Ver também==
===No Wikcionário===
{{verTambém.Ini}}
* [[casca#{{an}}|casca]]
* {{link opcional|niedo|an}}
{{verTambém.NovaColuna|33}}
* {{link opcional|ovulo|an}}
* [[picanterra]]
{{verTambém.NovaColuna|33}}
* [[reptil#{{an}}|reptil]]
* [[zigoto#{{an}}|zigoto]]
{{verTambém.Fim}}
{{categorias|{{an}}|Substantivo|Cognato|Entrada com imagem}}</text>
<sha1>2w9m9wmeoox48pb6w24onr6igyaz6w8</sha1>
</revision>
</page>
