<page>
<title>ueyxili</title>
<ns>0</ns>
<id>402760</id>
<revision>
<id>2526691</id>
<parentid>2526627</parentid>
<timestamp>2018-11-19T14:11:37Z</timestamp>
<contributor>
<username>Marrovi</username>
<id>27953</id>
</contributor>
<model>wikitext</model>
<format>text/x-wiki</format>
<text bytes="176" xml:space="preserve">={{-nhw-}}=
==Substantivo==
'''ueyxili'''
# [[caracol]] do mar
[[Categoria:Substantivo (Náuatle da Huasteca ocidental)]]
[[Categoria:Animal (Náuatle da Huasteca ocidental)]]</text>
<sha1>tpn2ng5rfchwtktydye13offy93pwfs</sha1>
</revision>
</page>
