<page>
<title>ufa</title>
<ns>0</ns>
<id>284771</id>
<revision>
<id>1990195</id>
<parentid>1703189</parentid>
<timestamp>2015-08-29T02:14:05Z</timestamp>
<contributor>
<username>YS-Bot</username>
<id>32241</id>
</contributor>
<minor />
<comment>r2.7.3) (Robô: A adicionar: [[sv:ufa]]</comment>
<model>wikitext</model>
<format>text/x-wiki</format>
<text bytes="205" xml:space="preserve">={{-pt-}}=
==Interjeição==
'''ufa'''
#  expressa [[alívio]]
[[Categoria:Interjeição (Português)]]
[[en:ufa]]
[[es:ufa]]
[[fr:ufa]]
[[lt:ufa]]
[[mg:ufa]]
[[pl:ufa]]
[[sv:ufa]]
[[sw:ufa]]
[[zh:ufa]]</text>
<sha1>53qt77dg2dhrphbdpjbazz8wiaecpno</sha1>
</revision>
</page>
