<page>
<page>
<title>ufania</title>
<ns>0</ns>
<id>16412</id>
<revision>
<id>2250500</id>
<parentid>2057506</parentid>
<timestamp>2017-03-09T15:07:48Z</timestamp>
<contributor>
<username>UT-interwiki-Bot</username>
<id>56129</id>
</contributor>
<minor />
<comment>Robô: A adicionar: [[en:ufania]], [[mg:ufania]], [[pl:ufania]]</comment>
<model>wikitext</model>
<format>text/x-wiki</format>
<text bytes="411" xml:space="preserve">={{-pt-}}=
==Substantivo==
{{flex.pt|fs=ufania|fp=ufanias}}
{{paroxítona|u|fa|ni|a}}, {{f}}
# qualidade de [[ufano]]
# [[orgulho]], [[vaidade]], [[honra]]
===Tradução===
{{tradini}}
* {{trad|de|Stolz}}
* {{trad|es|ufanía}}
* {{trad|fr|ufanie}}
{{tradmeio}}
* {{trad|en|pride}}
* {{trad|it|ufania}}
{{tradfim}}
[[Categoria:Substantivo (Português)]]
[[en:ufania]]
[[mg:ufania]]
[[pl:ufania]]
[[ro:ufania]]</text>
<sha1>fvlr07y8tjlu78z6ui8l1mk932k592t</sha1>
</revision>
