<page>
<title>ufanámos</title>
<ns>0</ns>
<id>308874</id>
<revision>
<id>2250036</id>
<parentid>1645005</parentid>
<timestamp>2017-03-08T10:39:46Z</timestamp>
<contributor>
<username>ValJor</username>
<id>1358</id>
</contributor>
<comment>Trocando predefinição escopo por escopo2</comment>
<model>wikitext</model>
<format>text/x-wiki</format>
<text bytes="265" xml:space="preserve">={{-pt-}}=
==Forma verbal==
{{paroxítona|u|fa|ná|mos}}
# {{escopo2|grafia lusitana}} primeira pessoa do plural do pretérito perfeito do modo indicativo do verbo [[ufanar]]
{{avi-for-fle|ufanar}}
[[Categoria:Forma verbal (Português)]]
[[Categoria:Lusitanismo]]</text>
<sha1>7nhk7f5fb1040wldtufbgqgd6s5u0mu</sha1>
</revision>
</page>
