<page>
<page>
<title>ufanismo</title>
<ns>0</ns>
<id>16451</id>
<revision>
<id>2561378</id>
<parentid>1441014</parentid>
<timestamp>2019-11-14T09:31:10Z</timestamp>
<contributor>
<username>ValJor</username>
<id>1358</id>
</contributor>
<comment>Acrescentando código de língua à [[:Categoria:!Página com mensagem de erro em predefinição|predefinição escopo]]</comment>
<model>wikitext</model>
<format>text/x-wiki</format>
<text bytes="489" xml:space="preserve">{{Wikipédia|lang=pt}}
={{-pt-}}=
==Substantivo==
{{flex.pt|ms=ufanismo|mp=ufanismos}}
{{paroxítona|u|fa|nis|mo}}, {{gramática|m}}
# {{escopo|pt|Brasil}} [[atitude]] de quem se orgulha de alguma coisa com exagero
# [[orgulho]] [[exacerbado]] pelo [[país]] em que nasceu; [[patriotismo]] excessivo
=={{etimologia|pt}}==
: {{escopo|Morfologia}} [[ufano]] + [[-ismo]].
==Ligações externas==
* {{Aulete}}
* {{Michaelis}}
* {{DPLP}}
* {{VOLPABL}}
[[Categoria:Substantivo (Português)]]</text>
<sha1>19s3tuwf054brhvpnophqd0c1qsgp3w</sha1>
</revision>
