<page>
<title>ufanista</title>
<ns>0</ns>
<id>15716</id>
<revision>
<id>1289947</id>
<parentid>1188720</parentid>
<timestamp>2011-11-18T21:39:17Z</timestamp>
<contributor>
<username>MisterSanderson</username>
<id>9241</id>
</contributor>
<minor />
<comment>Padronização do artigo.</comment>
<model>wikitext</model>
<format>text/x-wiki</format>
<text bytes="163" xml:space="preserve">={{-pt-}}=
== Adjetivo ==
{{paroxítona|u|fa|nis|ta}} {{c2g}}
# ''(Brasil)'' Que se orgulha [[excessivamente]] da [[nação]]
[[Categoria:Adjetivo (Português)]]</text>
<sha1>a1gzwnonzie3dmzpfnskvhuu7fqgo3l</sha1>
</revision>
</page>
