<page>
<page>
<title>ufanado</title>
<ns>0</ns>
<id>16413</id>
<revision>
<id>2025767</id>
<parentid>1801200</parentid>
<timestamp>2015-10-27T09:34:58Z</timestamp>
<contributor>
<username>HydrizBot</username>
<id>29590</id>
</contributor>
<minor />
<comment>Robô: A adicionar: [[en:ufanado]], [[nl:ufanado]]</comment>
<model>wikitext</model>
<format>text/x-wiki</format>
<text bytes="304" xml:space="preserve">={{-pt-}}=
==Adjetivo==
{{flex.pt|ms=ufanado|mp=ufanados|fs=ufanada|fp=ufanadas}}
{{paroxítona|u|fa|na|do}}
# que se ufanou; [[envaidecido]], [[ufaneado]]
=={{etimologia|pt}}==
: Particípio passado do verbo [[ufanar]].
[[Categoria:Adjetivo (Português)]]
[[en:ufanado]]
[[es:ufanado]]
[[nl:ufanado]]</text>
<sha1>oy24jcrmfntkr4zepsk4t4f4sp7dnva</sha1>
</revision>
