<page>
<page>
<title>Ufaransa</title>
<ns>0</ns>
<id>53237</id>
<revision>
<id>2281632</id>
<parentid>1966537</parentid>
<timestamp>2017-04-27T03:21:38Z</timestamp>
<contributor>
<username>HydrizBot</username>
<id>29590</id>
</contributor>
<minor />
<comment>Robô: A limpar links interwikis antigos</comment>
<model>wikitext</model>
<format>text/x-wiki</format>
<text bytes="139" xml:space="preserve">={{-sw-}}=
==Substantivo Próprio==
'''Ufaransa'''
# [[França]].
[[Categoria:Substantivo_(Suaíli)]]
[[Categoria:Topónimo_(Suaíli)]]</text>
<sha1>4ssvrlacez2i4antx1ex0odknt9jeif</sha1>
</revision>
