<page>
<page>
<title>UFCE</title>
<ns>0</ns>
<id>392905</id>
<revision>
<id>2485724</id>
<timestamp>2018-02-19T01:44:02Z</timestamp>
<contributor>
<username>Leonardo José Raimundo</username>
<id>43489</id>
</contributor>
<comment>Eu estou criando a sigla &quot;UFCE&quot;.</comment>
<model>wikitext</model>
<format>text/x-wiki</format>
<text bytes="380" xml:space="preserve">={{-pt-}}=
==Sigla==
'''UFCE'''
# Universidade Federal do Ceará
==Ver também==
===No Wikcionário===
{{colunas|3}}
*ENADE
*[[ENEM]]
*[[SISU]]
*[[UFMG]]
*[[UFPE]]
*[[UFRJ]]
*[[UFSC]]
*[[UPE]]
*[[USP]]
{{colunas.fim}}
===Na Wikipédia===
*[[w:Universidade Federal do Ceará|Universidade Federal do Ceará]]
[[Categoria:Sigla (Português)]]
[[Categoria:Educação (Português)]]</text>
<sha1>ec2iy2yxxt2wvqibttxqqqv9qd2v9rd</sha1>
</revision>
