<page>
<title>Ufer</title>
<ns>0</ns>
<id>39452</id>
<revision>
<id>2461845</id>
<parentid>2461842</parentid>
<timestamp>2017-11-20T08:07:01Z</timestamp>
<contributor>
<username>Spanier</username>
<id>43713</id>
</contributor>
<minor />
<model>wikitext</model>
<format>text/x-wiki</format>
<text bytes="375" xml:space="preserve">={{-de-}}=
==Substantivo==
{{paroxítona|U|fer|lang=de}}, {{gramática|n|lang=de}}
# {{escopo|de|geografia}} [[margem]]
# [[costa]], [[ribeira]]
=== Declinação ===
{{decl.de.subst.forte.neu|ns=Ufer|np=Ufer|gs=Ufers}}
=={{etimologia|de}}==
: Do [[alto alemão médio]] ''uover''.
=={{pronúncia|de}}==
* [[AFI]]: {{AFI|/ˈuːfɐ/|de}}
[[Categoria:Substantivo_(Alemão)]]</text>
<sha1>7coivw5jwwrpv1scd2rcu7ik36vxoqs</sha1>
</revision>
</page>
