<page>
<title>UFF</title>
<ns>0</ns>
<id>408219</id>
<revision>
<id>2542115</id>
<parentid>2539472</parentid>
<timestamp>2019-04-19T08:27:11Z</timestamp>
<contributor>
<username>ValJor</username>
<id>1358</id>
</contributor>
<comment>Melhorando a apresentação do verbete</comment>
<model>wikitext</model>
<format>text/x-wiki</format>
<text bytes="523" xml:space="preserve">={{-pt-}}=
==Sigla==
'''UFF'''
# [[universidade|Universidade]] [[federal|Federal]] [[fluminense|Fluminense]]
==Ver também==
===No Wikcionário===
{{colunas|2}}
* [[ENEM]]
* [[SISU]]
* [[UERJ]]
* [[UFPE]]
* [[UFRJ]]
* [[UPE]]
{{colunas.fim}}
===Na Wikipédia===
* [[w:Universidade Federal Fluminense|Universidade Federal Fluminense]]
===No Wikinotícias===
* [[n:Categoria:Universidade Federal Fluminense|Categoria:Universidade Federal Fluminense]]
[[Categoria:Sigla (Português)]]
[[Categoria:Educação (Português)]]</text>
<sha1>3cqcqkm6bdp36h4mivayp0bzqrzw8ts</sha1>
</revision>
</page>
