<page>
<title>ufficio</title>
<ns>0</ns>
<id>343789</id>
<revision>
<id>2260517</id>
<parentid>1988057</parentid>
<timestamp>2017-04-14T03:59:20Z</timestamp>
<contributor>
<username>UT-interwiki-Bot</username>
<id>56129</id>
</contributor>
<minor />
<comment>Robô: A adicionar: [[eo:ufficio]]</comment>
<model>wikitext</model>
<format>text/x-wiki</format>
<text bytes="918" xml:space="preserve">{{Wikipédia|lang=it}}
={{-it-}}=
==Substantivo==
'''ufficio'''
# [[escritório]]
#* ''Le quotazioni di Hillary Clinton scendono sempre più dopo che il dipartimento della Giustizia e l’Fbi hanno avviato un’indagine sul suo uso, quando era segretario di Stato, di un server privato per la posta elettronica al posto di quello dell’'''ufficio'''.'' {{corriere|2015|agosto|25}}
=={{etimologia|it}}==
: Do italiano antigo ''officio'' e este do latim ''officium''.
=={{pronúncia|it}}==
* [[AFI]]: /uˈfːit͡ʃo/
[[Categoria:Substantivo (Italiano)]]
[[chr:ufficio]]
[[de:ufficio]]
[[el:ufficio]]
[[en:ufficio]]
[[eo:ufficio]]
[[fi:ufficio]]
[[fj:ufficio]]
[[fr:ufficio]]
[[gl:ufficio]]
[[hr:ufficio]]
[[hu:ufficio]]
[[hy:ufficio]]
[[id:ufficio]]
[[io:ufficio]]
[[it:ufficio]]
[[ko:ufficio]]
[[mg:ufficio]]
[[nl:ufficio]]
[[pl:ufficio]]
[[ro:ufficio]]
[[ru:ufficio]]
[[sm:ufficio]]
[[tl:ufficio]]
[[zh:ufficio]]</text>
<sha1>q61szd1k6zhud11g2jnf9plfy4jm3gs</sha1>
</revision>
</page>
