<page>
<title>Ufini</title>
<ns>0</ns>
<id>315949</id>
<revision>
<id>2608121</id>
<parentid>2281634</parentid>
<timestamp>2021-01-13T09:03:40Z</timestamp>
<contributor>
<username>ValJor</username>
<id>1358</id>
</contributor>
<comment>Confirmando [[:Categoria:!Entrada criada por robô|verbete criado por robô]]</comment>
<model>wikitext</model>
<format>text/x-wiki</format>
<text bytes="417" xml:space="preserve">{{Wikipédia|lang=sw}}
[[Imagem:Flag_of_Finland.svg|thumb|right|250px|{{centro|Bandeira da Finlândia}}]]
[[Imagem:EU-Finland.svg|thumb|right|250px|{{centro|Localização da Finlândia}}]]
={{-sw-}}=
==Substantivo==
'''Ufini''', {{gramática|pr}}
# {{escopo|sw|País}} [[Finlândia]]
==Ver também==
===No Wikcionário===
{{Europa/sw}}
[[Categoria:Substantivo (Suaíli)]]
[[Categoria:Entrada com imagem (Suaíli)]]</text>
<sha1>3txlbyk4dqhli85ne1k2qdxvjqu85rl</sha1>
</revision>
</page>
