<page>
<page>
<title>UFLA</title>
<ns>0</ns>
<id>399222</id>
<revision>
<id>2516123</id>
<timestamp>2018-08-20T23:00:40Z</timestamp>
<contributor>
<username>Leonardo José Raimundo</username>
<id>43489</id>
</contributor>
<comment>Eu estou criando a sigla &quot;UFLA&quot;.</comment>
<model>wikitext</model>
<format>text/x-wiki</format>
<text bytes="321" xml:space="preserve">={{-pt-}}=
==Sigla==
'''UFLA'''
# Universidade Federal de Lavras
==Ver também==
===No Wikcionário===
{{colunas|4}}
*ENADE
*[[ENEM]]
*[[SISU]]
*[[UFCE]]
*[[UFES]]
*[[UFMG]]
*[[UFPE]]
*[[UFPR]]
*[[UFRGS]]
*[[UFRN]]
*[[UFSC]]
*[[UFSM]]
*[[UFU]]
*[[UFV]]
*[[UPE]]
*[[USP]]
{{colunas.fim}}
[[Categoria:Sigla (Português)]]</text>
<sha1>od05fhhox8xxcmtp0slypttcr0f4ncx</sha1>
</revision>
