<page>
<page>
<title>UFMG</title>
<ns>0</ns>
<id>392904</id>
<revision>
<id>2485723</id>
<timestamp>2018-02-19T01:35:26Z</timestamp>
<contributor>
<username>Leonardo José Raimundo</username>
<id>43489</id>
</contributor>
<comment>Eu estou criando a sigla &quot;UFMG&quot;.</comment>
<model>wikitext</model>
<format>text/x-wiki</format>
<text bytes="398" xml:space="preserve">={{-pt-}}=
==Sigla==
'''UFMG'''
# Universidade Federal de Minas Gerais
==Ver também==
===No Wikcionário===
{{colunas|3}}
*ENADE
*[[ENEM]]
*[[SISU]]
*[[UFCE]]
*[[UFPE]]
*[[UFRJ]]
*[[UFSC]]
*[[UPE]]
*[[USP]]
{{colunas.fim}}
===Na Wikipédia===
*[[w:Universidade Federal de Minas Gerais|Universidade Federal de Minas Gerais]]
[[Categoria:Sigla (Português)]]
[[Categoria:Educação (Português)]]</text>
<sha1>guje97k9nqmafmvfxpnfd25ajwwqev3</sha1>
</revision>
