<page>
<page>
<title>ufo</title>
<ns>0</ns>
<id>362847</id>
<revision>
<id>2202783</id>
<parentid>2158090</parentid>
<timestamp>2016-11-28T22:28:59Z</timestamp>
<contributor>
<username>Cpls</username>
<id>20608</id>
</contributor>
<comment>/* Sinónimo */</comment>
<model>wikitext</model>
<format>text/x-wiki</format>
<text bytes="693" xml:space="preserve">={{-gl-}}=
==Substantivo==
{{flex.gl|ms=ufo|mp=ufos}}
{{paroxítona|u|fo|lang=gl}}, {{m}}
# [[grito]] agudo, forte e prolongado, que era costume lançar para indicar que ali estava a pessoa que o emitia
===Sinónimo===
{{colunas|3}}
* [[argutio#Galego|argutio]]
* [[aturujo#Galego|aturujo]]
* [[ufido#Galego|ufido]]
* [[agru#{{gl}}|agru]]
* [[guirigau#{{gl}}|guirigau]]
* [[ughido#{{gl}}|ughido]]
* [[ulo#Galego|ulo]]
{{colunas.fim}}
=={{etimologia|gl}}==
: Confronte-se com ''[[ufar#Galego|ufar]]'' e [[ufano]].
[[Categoria:Substantivo (Galego)]]
[[da:ufo]]
[[en:ufo]]
[[eo:ufo]]
[[fi:ufo]]
[[hu:ufo]]
[[io:ufo]]
[[it:ufo]]
[[ku:ufo]]
[[my:ufo]]
[[nl:ufo]]
[[ru:ufo]]
[[sv:ufo]]
[[vi:ufo]]</text>
<sha1>d4q9ulxtgm7i8ko6ob1jb0llhp6y7rh</sha1>
</revision>
