<page>
<page>
<title>ufologista</title>
<ns>0</ns>
<id>78992</id>
<revision>
<id>2066674</id>
<parentid>1607835</parentid>
<timestamp>2016-03-01T09:24:20Z</timestamp>
<contributor>
<username>ValJor</username>
<id>1358</id>
</contributor>
<comment>Verbete [[:Categoria:!Página com idioma não informado em Predefinição:etimologia|sem indicação do idioma na seção de etimologia]]</comment>
<model>wikitext</model>
<format>text/x-wiki</format>
<text bytes="520" xml:space="preserve">={{-pt-}}=
==Substantivo==
{{flex.pt|s=ufologista|p=ufologistas}}
{{paroxítona|u|fo|lo|gis|ta}}, {{c2g}}
# [[profissional]] que [[estudar|estuda]] a [[possibilidade]] de [[vida]] [[extraterrestre]]
=={{etimologia|pt}}==
: {{escopo|Morfologia}} [[ufo]] + [[-log-]] + [[-ista]].
==Ver também==
===No Wikcionário===
{{verTambém.Ini}}
* [[ET]]
{{verTambém.NovaColuna}}
* [[OVNI]]
{{verTambém.NovaColuna}}
* [[ufologia]]
{{verTambém.Fim}}
[[Categoria:Substantivo (Português)]]
[[Categoria:Profissão (Português)]]</text>
<sha1>cgbfwt51naljl458xqjbicz3h89o7ks</sha1>
</revision>
