<page>
<page>
<title>ufologia</title>
<ns>0</ns>
<id>321132</id>
<revision>
<id>2041319</id>
<parentid>1810572</parentid>
<timestamp>2015-11-27T14:20:57Z</timestamp>
<contributor>
<username>ValJor</username>
<id>1358</id>
</contributor>
<comment>Melhorando a apresentação do verbete usando a [[:predefinição:cria-entrada]]</comment>
<model>wikitext</model>
<format>text/x-wiki</format>
<text bytes="464" xml:space="preserve">{{Wikipédia}}
={{-pt-}}=
==Substantivo==
{{flex.pt|fs=ufologia|fp=ufologias}}
{{paroxítona|u|fo|lo|gi|a}}, {{f}}
# [[estudo]] dos [[objeto]]s [[voador]]es não identificados e fenômenos relacionados
===Sinônimo===
* [[ovnologia]]
=={{etimologia|pt}}==
: {{escopo|Morfologia}} [[UFO]] + [[-logia]].
==Ver também==
===No Wikcionário===
* [[agroglifo]]
[[Categoria:Substantivo (Português)]]
[[en:ufologia]]
[[eu:ufologia]]
[[fr:ufologia]]
[[pl:ufologia]]</text>
<sha1>o5cjn87awypjhjozuguoxsdwjc0v6t8</sha1>
</revision>
