<page>
<title>UFPE</title>
<ns>0</ns>
<id>324858</id>
<revision>
<id>2225052</id>
<parentid>2031002</parentid>
<timestamp>2017-01-18T10:57:13Z</timestamp>
<contributor>
<username>ValJor</username>
<id>1358</id>
</contributor>
<comment>Eliminando [[UFRJ]] da lista de [[Especial:Lonelypages|órfãos]]</comment>
<model>wikitext</model>
<format>text/x-wiki</format>
<text bytes="433" xml:space="preserve">={{-pt-}}=
==Sigla==
'''UFPE'''
# [[universidade|'''U'''niversidade]] [[federal|'''F'''ederal]] de [[Pernambuco|'''Pe'''rnambuco]]
==Ver também==
===No Wikcionário===
{{verTambém.Ini}}
* [[COVEST]]
* [[ENEM]]
* [[SISU]]
{{verTambém.NovaColuna}}
* [[UFRJ]]
* [[UFSC]]
* [[UPE]]
{{verTambém.Fim}}
===Na Wikipédia===
* [[w:Universidade Federal de Pernambuco|Universidade Federal de Pernambuco]]
[[Categoria:Sigla (Português)]]</text>
<sha1>7cpqdjhp01ukuqq2524sp9ptgbgc8sh</sha1>
</revision>
</page>
