<page>
<title>UFRGS</title>
<ns>0</ns>
<id>399226</id>
<revision>
<id>2516130</id>
<timestamp>2018-08-21T00:28:00Z</timestamp>
<contributor>
<username>Leonardo José Raimundo</username>
<id>43489</id>
</contributor>
<comment>Eu estou criando a sigla &quot;UFRGS&quot;.</comment>
<model>wikitext</model>
<format>text/x-wiki</format>
<text bytes="332" xml:space="preserve">={{-pt-}}=
==Sigla==
'''UFRGS'''
# Universidade Federal do Rio Grande do Sul
==Ver também==
===No Wikcionário===
{{colunas|4}}
*ENADE
*[[ENEM]]
*[[SISU]]
*[[UFCE]]
*[[UFES]]
*[[UFLA]]
*[[UFMG]]
*[[UFPE]]
*[[UFPR]]
*[[UFRN]]
*[[UFSC]]
*[[UFSM]]
*[[UFU]]
*[[UFV]]
*[[UPE]]
*[[USP]]
{{colunas.fim}}
[[Categoria:Sigla (Português)]]</text>
<sha1>8e5gr5w8ayya9x2jeu9e68vaghyuyvz</sha1>
</revision>
</page>
