<page>
<page>
<title>UFRN</title>
<ns>0</ns>
<id>399229</id>
<revision>
<id>2516135</id>
<timestamp>2018-08-21T01:10:29Z</timestamp>
<contributor>
<username>Leonardo José Raimundo</username>
<id>43489</id>
</contributor>
<comment>Eu estou criando a sigla &quot;UFRN&quot;.</comment>
<model>wikitext</model>
<format>text/x-wiki</format>
<text bytes="334" xml:space="preserve">={{-pt-}}=
==Sigla==
'''UFRN'''
# Universidade Federal do Rio Grande do Norte
==Ver também==
===No Wikcionário===
{{colunas|4}}
*ENADE
*[[ENEM]]
*[[SISU]]
*[[UFCE]]
*[[UFES]]
*[[UFLA]]
*[[UFMG]]
*[[UFPE]]
*[[UFPR]]
*[[UFRGS]]
*[[UFSC]]
*[[UFSM]]
*[[UFU]]
*[[UFV]]
*[[UPE]]
*[[USP]]
{{colunas.fim}}
[[Categoria:Sigla (Português)]]</text>
<sha1>5s3fu4lgy1qmmiej8z0uri0mae4nyer</sha1>
</revision>
