<page>
<page>
<title>UFV</title>
<ns>0</ns>
<id>399232</id>
<revision>
<id>2516138</id>
<timestamp>2018-08-21T01:38:49Z</timestamp>
<contributor>
<username>Leonardo José Raimundo</username>
<id>43489</id>
</contributor>
<comment>Eu estou criando a sigla &quot;UFV&quot;.</comment>
<model>wikitext</model>
<format>text/x-wiki</format>
<text bytes="562" xml:space="preserve">={{-pt-}}=
==Sigla==
'''UFV'''
# Universidade Federal de Viçosa
==Ver também==
===No Wikcionário===
{{verTambém.Ini}}
*ENADE
*[[ENEM]]
*[[SISU]]
{{verTambém.NovaColuna}}
*[[UFCE]]
*[[UFES]]
*[[UFLA]]
{{verTambém.NovaColuna}}
*[[UFMG]]
*[[UFPE]]
*[[UFPR]]
{{verTambém.NovaColuna}}
*[[UFRGS]]
*[[UFRJ]]
*[[UFRN]]
{{verTambém.NovaColuna}}
*[[UFSC]]
*[[UFSM]]
*[[UFU]]
{{verTambém.NovaColuna}}
*[[UPE]]
*[[USP]]
{{verTambém.Fim}}
===Na Wikipédia===
*[[w:Universidade Federal de Viçosa|Universidade Federal de Viçosa]]
[[Categoria:Sigla (Português)]]</text>
<sha1>hul9x3i4azxo00436l0pzg86zawdz2u</sha1>
</revision>
