<page>
<page>
<title>uga</title>
<ns>0</ns>
<id>147083</id>
<revision>
<id>2139395</id>
<parentid>1827971</parentid>
<timestamp>2016-06-11T06:34:05Z</timestamp>
<contributor>
<username>UT-interwiki-Bot</username>
<id>56129</id>
</contributor>
<minor />
<comment>Robô: A adicionar: [[en:uga]], [[sv:uga]], [[tg:uga]]</comment>
<model>wikitext</model>
<format>text/x-wiki</format>
<text bytes="227" xml:space="preserve">={{-an-}}=
==Substantivo==
'''uga'''
#[[uva]]
[[Categoria:Substantivo (Aragonês)]]
[[Categoria:Fruta (Aragonês)]]
[[en:uga]]
[[fr:uga]]
[[hu:uga]]
[[id:uga]]
[[jv:uga]]
[[mg:uga]]
[[sv:uga]]
[[sw:uga]]
[[tg:uga]]
[[tr:uga]]</text>
<sha1>41yd480ue3pqy4586frb0skv7kjk8k4</sha1>
</revision>
