<page>
<page>
<title>Ugaandha</title>
<ns>0</ns>
<id>235537</id>
<revision>
<id>2281635</id>
<parentid>1957246</parentid>
<timestamp>2017-04-27T03:21:47Z</timestamp>
<contributor>
<username>HydrizBot</username>
<id>29590</id>
</contributor>
<minor />
<comment>Robô: A limpar links interwikis antigos</comment>
<model>wikitext</model>
<format>text/x-wiki</format>
<text bytes="135" xml:space="preserve">={{-so-}}=
==Substantivo==
'''Ugaandha'''
# [[Uganda]]
{{página-automática|Maio|2010|Uganda|so}}
[[Categoria:Substantivo (Somali)]]</text>
<sha1>00q2pbh30vu7poinzqippgses8mut3c</sha1>
</revision>
