<page>
<title>ugalho</title>
<ns>0</ns>
<id>404654</id>
<revision>
<id>2534744</id>
<parentid>2530932</parentid>
<timestamp>2019-02-02T10:25:45Z</timestamp>
<contributor>
<username>ValJor</username>
<id>1358</id>
</contributor>
<comment>Verbete com ligações internas. Não deveria ter sido colocado para ER. Num caso como esse use, ao invés, a predefinição {{reciclagem}}</comment>
<model>wikitext</model>
<format>text/x-wiki</format>
<text bytes="340" xml:space="preserve">={{-pt-}}=
==Substantivo==
{{flex.pt|ms=ugalho|mp=ugalhos}}
{{paroxítona|u|ga|lho}}, {{gramática|m}}
# [[ancinho]] usado nas [[salina]]s
=={{etimologia|pt}}==
: Derivado do verbo [[ugalhar]].
==Ligações externas==
* {{Aulete}}
* {{Michaelis}}
* {{DPLP}}
* {{Infopédia}}
* {{PLP}}
* {{VOLPABL}}
[[Categoria:Substantivo (Português)]]</text>
<sha1>rlstby1q8fdmwrpfvygq896801c16zp</sha1>
</revision>
</page>
