<page>
<page>
<title>ugalhar</title>
<ns>0</ns>
<id>311510</id>
<revision>
<id>2561367</id>
<parentid>1655873</parentid>
<timestamp>2019-11-14T09:21:19Z</timestamp>
<contributor>
<username>ValJor</username>
<id>1358</id>
</contributor>
<comment>Acrescentando código de língua à [[:Categoria:!Página com mensagem de erro em predefinição|predefinição escopo]]</comment>
<model>wikitext</model>
<format>text/x-wiki</format>
<text bytes="432" xml:space="preserve">={{-pt-}}=
==Verbo==
{{oxítona|u|ga|lhar}}
# [[apagar]] com o [[ugalho]]
# {{escopo|pt|Trás-os-Montes}} fechar um pouco (uma janela), por causa do calor
===Conjugação===
{{conj/pt|ugalh|ar}}
=={{etimologia|pt}}==
: {{escopo|Morfologia}} [[ugalho]] + [[-ar]].
==Ligações externas==
* {{Aulete}}
* {{Michaelis}}
* {{DPLP}}
* {{Infopédia}}
* {{PLP}}
* {{VOLPABL}}
==Anagrama==
# [[agulhar]]
[[Categoria:Verbo (Português)]]</text>
<sha1>avwflabmmbfen57vz0mt1qadkkueqqc</sha1>
</revision>
