<page>
<page>
<title>Ugandu</title>
<ns>0</ns>
<id>402106</id>
<revision>
<id>2523500</id>
<timestamp>2018-10-22T12:11:00Z</timestamp>
<contributor>
<username>ValJor</username>
<id>1358</id>
</contributor>
<comment>Criação do verbete a partir da [[Especial:Páginas_pedidas|lista de palavras pedidas]]</comment>
<model>wikitext</model>
<format>text/x-wiki</format>
<text bytes="472" xml:space="preserve">{{Wikipédia|lang=olo}}
[[Imagem:Flag of Uganda.svg|thumb|right|250px|&lt;center&gt;Bandeira de Uganda&lt;/center&gt;]]
[[Imagem:LocationUganda.svg|thumb|right|250px|&lt;center&gt;Localização de Uganda&lt;/center&gt;]]
={{-olo-}}=
==Substantivo==
'''Ugandu''', {{gramática|pr}}
# {{escopo|olo|Geografia}} [[Uganda]]
==Ver também==
===No Wikcionário===
{{África/olo}}
[[Categoria:Substantivo (Livicoviano)]]
[[Categoria:País (Livicoviano)]]
[[Categoria:Entrada com imagem (Livicoviano)]]</text>
<sha1>g3668i8mhqnvb5pir74hzzojmqh1dlh</sha1>
</revision>
