<page>
<title>ugandense</title>
<ns>0</ns>
<id>58814</id>
<revision>
<id>2685186</id>
<parentid>2685170</parentid>
<timestamp>2022-08-01T19:15:41Z</timestamp>
<contributor>
<username>Teodor605</username>
<id>27064</id>
</contributor>
<model>wikitext</model>
<format>text/x-wiki</format>
<text bytes="607" xml:space="preserve">={{-pt-}}=
==Adjetivo==
{{flex.pt|s=ugandense|p=ugandenses}}
{{paroxítona|u|gan|den|se}}
# de ou relativo a [[Uganda]], país de África
==Substantivo==
{{paroxítona|u|gan|den|se}}
# habitante ou natural de Uganda
===Tradução===
{{tradini|1. de ou relativo a Uganda}}
* {{t|de|Ugander|m}}
&lt;!--* {{t|ca|}}--&gt;
&lt;!--* {{t|es|}}--&gt;
&lt;!--* {{t|fr|}}--&gt;
{{tradmeio}}
&lt;!--* {{t|nl|}}--&gt;
&lt;!--* {{t|en|}}--&gt;
&lt;!--* {{t|it|}}--&gt;
* {{t|nb|ugander|m}}
* {{t|nn|ugandar|m}}
{{tradfim}}
[[Categoria:Adjetivo (Português)]]
[[Categoria:Substantivo (Português)]]
[[Categoria:Gentílico (Português)]]
[[en:ugandense]]</text>
<sha1>5ccoscnuw8bd1rrg807lopwrzi3st5b</sha1>
</revision>
</page>
