<page>
<title>Uganna</title>
<ns>0</ns>
<id>235536</id>
<revision>
<id>2597727</id>
<parentid>2281638</parentid>
<timestamp>2020-10-04T10:06:20Z</timestamp>
<contributor>
<username>ValJor</username>
<id>1358</id>
</contributor>
<comment>Confirmando [[:Categoria:!Entrada criada por robô|verbete criado por robô]]</comment>
<model>wikitext</model>
<format>text/x-wiki</format>
<text bytes="430" xml:space="preserve">{{Wikipédia|lang=scn}}
[[Imagem:Flag of Uganda.svg|thumb|right|250px|&lt;center&gt;Bandeira de Uganda&lt;/center&gt;]]
[[Imagem:LocationUganda.svg|thumb|right|250px|&lt;center&gt;Localização de Uganda&lt;/center&gt;]]
={{-scn-}}=
==Substantivo==
'''Uganna''', {{gramática|pr}}
# {{escopo|scn|País}} [[Uganda]]
==Ver também==
===No Wikcionário===
{{África/scn}}
[[Categoria:Substantivo (Siciliano)]]
[[Categoria:Entrada com imagem (Siciliano)]]</text>
<sha1>kt5iwog7im17py6mz0z7g0wvwphea18</sha1>
</revision>
</page>
