<page>
<title>Ugando</title>
<ns>0</ns>
<id>59562</id>
<revision>
<id>2281637</id>
<parentid>2215382</parentid>
<timestamp>2017-04-27T03:22:00Z</timestamp>
<contributor>
<username>HydrizBot</username>
<id>29590</id>
</contributor>
<minor />
<comment>Robô: A limpar links interwikis antigos</comment>
<model>wikitext</model>
<format>text/x-wiki</format>
<text bytes="173" xml:space="preserve">={{-eo-}}=
==Substantivo==
'''Ugando''' ''próprio''
# [[Uganda]].
==Ver também==
{{África/eo}}
[[Categoria:Substantivo (Esperanto)]]
[[Categoria:Topónimo (Esperanto)]]</text>
<sha1>sf39gsakgdrewr59qted2euvrkvgcia</sha1>
</revision>
</page>
