<page>
<page>
<title>Ugiriki</title>
<ns>0</ns>
<id>315997</id>
<revision>
<id>2603045</id>
<parentid>2281639</parentid>
<timestamp>2020-11-25T08:40:53Z</timestamp>
<contributor>
<username>ValJor</username>
<id>1358</id>
</contributor>
<comment>Confirmando [[:Categoria:!Entrada criada por robô|verbete criado por robô]]</comment>
<model>wikitext</model>
<format>text/x-wiki</format>
<text bytes="430" xml:space="preserve">{{Wikipédia|lang=sw}}
[[Imagem:Flag of Greece.svg|thumb|right|250px|&lt;center&gt;Bandeira da Grécia&lt;/center&gt;]]
[[Imagem:Europe location GRE.png|thumb|right|250px|&lt;center&gt;Localização da Grécia&lt;/center&gt;]]
={{-sw-}}=
==Substantivo==
'''Ugiriki''', {{gramática|pr}}
# {{escopo|sw|País}} [[Grécia]]
==Ver também==
===No Wikcionário===
{{Europa/sw}}
[[Categoria:Substantivo (Suaíli)]]
[[Categoria:Entrada com imagem (Suaíli)]]</text>
<sha1>qkt6a2r0j8sckhnvcsiozjmik83loyh</sha1>
</revision>
