<page>
<title>ugla</title>
<ns>0</ns>
<id>90577</id>
<revision>
<id>2252077</id>
<parentid>2001838</parentid>
<timestamp>2017-03-13T14:49:47Z</timestamp>
<contributor>
<username>UT-interwiki-Bot</username>
<id>56129</id>
</contributor>
<minor />
<comment>Robô: A adicionar: [[az:ugla]]</comment>
<model>wikitext</model>
<format>text/x-wiki</format>
<text bytes="544" xml:space="preserve">={{-is-}}=
== Substantivo ==
'''ugla''', ''feminino, fraco, grupo 1 (infixo -n- opcional)''
# [[coruja]].
=== Declinação ===
{{decl.is.subst.fraca.fem.1 e 1a|ugl}}
== Etimologia ==
: Do Nórdico Antigo, ''[[ugla#{{is}}|ugla]]''.
[[Categoria:Substantivo (Islandês)]]
[[Categoria:Ave (Islandês)]]
[[Categoria:Entrada com etimologia (Islandês)]]
[[az:ugla]]
[[chr:ugla]]
[[da:ugla]]
[[en:ugla]]
[[fr:ugla]]
[[hu:ugla]]
[[is:ugla]]
[[ku:ugla]]
[[lt:ugla]]
[[mg:ugla]]
[[nl:ugla]]
[[pl:ugla]]
[[ro:ugla]]
[[ru:ugla]]
[[sv:ugla]]
[[tr:ugla]]</text>
<sha1>9rvyycdbrppcn1wyfw2vj7vkhh92oqn</sha1>
</revision>
</page>
