<page>
<title>uglerod</title>
<ns>0</ns>
<id>344317</id>
<revision>
<id>2561283</id>
<parentid>1998440</parentid>
<timestamp>2019-11-13T09:26:25Z</timestamp>
<contributor>
<username>ValJor</username>
<id>1358</id>
</contributor>
<comment>Acrescentando código de língua à [[:Categoria:!Página com mensagem de erro em predefinição|predefinição escopo]]</comment>
<model>wikitext</model>
<format>text/x-wiki</format>
<text bytes="273" xml:space="preserve">{{Wikipédia|lang=uz}}
={{-uz-}}=
==Substantivo==
{{elementos|C|bor|B|azot|N}}
'''uglerod'''
# {{escopo|uz|Química}} [[carbono]]
==Ver também==
===No Wikcionário===
{{tabela periódica/uz}}
[[Categoria:Substantivo (Uzbeque)]]
[[Categoria:Elemento químico (Uzbeque)]]</text>
<sha1>2z77bfrbb0dzrf4dfwot8rzmljpg7xo</sha1>
</revision>
</page>
