<page>
<title>ugljik</title>
<ns>0</ns>
<id>363844</id>
<revision>
<id>2163597</id>
<timestamp>2016-08-26T14:16:31Z</timestamp>
<contributor>
<username>ValJor</username>
<id>1358</id>
</contributor>
<comment>Criação do verbete a partir da [[Especial:Páginas_pedidas|lista de palavras pedidas]]</comment>
<model>wikitext</model>
<format>text/x-wiki</format>
<text bytes="762" xml:space="preserve">{{Wikipédia|lang=bs}}
{{Wikipédia|lang=hr}}
={{-bs-}}=
{{elementos|C|bor|B|dušik|N}}
==Substantivo==
'''ugljik'''
# {{escopo|bs|Elemento químico}} [[carbono]]
===Sinônimos===
{{verTambém.Ini}}
* [[karbon]]
{{verTambém.NovaColuna}}
* [[ugljenik]]
{{verTambém.Fim}}
==Ver também==
===No Wikcionário===
{{tabela periódica/bs}}
[[Categoria:Substantivo (Bósnio)]]
={{-hr-}}=
{{elementos|C|bor|B|dušik|N}}
==Substantivo==
'''ugljik'''
# {{escopo|hr|Elemento químico}} [[carbono]]
==Ver também==
===No Wikcionário===
{{tabela periódica/hr}}
[[Categoria:Substantivo (Croata)]]
[[en:ugljik]]
[[eu:ugljik]]
[[fr:ugljik]]
[[hr:ugljik]]
[[la:ugljik]]
[[lt:ugljik]]
[[hu:ugljik]]
[[mg:ugljik]]
[[pl:ugljik]]
[[ro:ugljik]]
[[sh:ugljik]]
[[fi:ugljik]]</text>
<sha1>do3fq0pynwq4dssv8azckz79p2ip39y</sha1>
</revision>
</page>
