<page>
<page>
<title>ugly</title>
<ns>0</ns>
<id>84638</id>
<revision>
<id>2079072</id>
<parentid>2066669</parentid>
<timestamp>2016-04-01T15:34:58Z</timestamp>
<contributor>
<username>JAnDbot</username>
<id>25083</id>
</contributor>
<minor />
<comment>r2.7.3) (Robô: A adicionar: [[co:ugly]]</comment>
<model>wikitext</model>
<format>text/x-wiki</format>
<text bytes="1193" xml:space="preserve">={{-en-}}=
==Adjetivo==
'''ugly'''
# [[feio]]
===Antônimos===
{{verTambém.Ini}}
* [[beautiful]]
{{verTambém.NovaColuna}}
* [[gorgeous]]
{{verTambém.NovaColuna}}
* [[handsome]]
{{verTambém.NovaColuna}}
* [[sightly]]
{{verTambém.NovaColuna}}
* [[attractive]]
{{verTambém.Fim}}
===Sinônimos===
{{verTambém.Ini}}
* [[hideous]]
{{verTambém.NovaColuna}}
* [[homely]]
{{verTambém.NovaColuna}}
* [[repulsive]]
{{verTambém.NovaColuna}}
* [[unattractive]]
{{verTambém.NovaColuna}}
* [[unsightly]]
{{verTambém.Fim}}
=={{etimologia|en}}==
: Do nórdico antigo ''uggligr''.
[[Categoria:Adjetivo (Inglês)]]
[[an:ugly]]
[[ar:ugly]]
[[az:ugly]]
[[ca:ugly]]
[[chr:ugly]]
[[co:ugly]]
[[cs:ugly]]
[[cy:ugly]]
[[da:ugly]]
[[de:ugly]]
[[el:ugly]]
[[en:ugly]]
[[es:ugly]]
[[et:ugly]]
[[eu:ugly]]
[[fa:ugly]]
[[fi:ugly]]
[[fr:ugly]]
[[hu:ugly]]
[[hy:ugly]]
[[id:ugly]]
[[io:ugly]]
[[it:ugly]]
[[ja:ugly]]
[[kn:ugly]]
[[ko:ugly]]
[[ku:ugly]]
[[li:ugly]]
[[lt:ugly]]
[[lv:ugly]]
[[mg:ugly]]
[[ml:ugly]]
[[my:ugly]]
[[nl:ugly]]
[[oc:ugly]]
[[pl:ugly]]
[[ro:ugly]]
[[ru:ugly]]
[[simple:ugly]]
[[sm:ugly]]
[[sr:ugly]]
[[sv:ugly]]
[[ta:ugly]]
[[te:ugly]]
[[th:ugly]]
[[tl:ugly]]
[[vi:ugly]]
[[zh:ugly]]</text>
<sha1>5jzpgt6zk43h4bgkaa59tar0koey1ac</sha1>
</revision>
