<page>
<page>
<title>ugn</title>
<ns>0</ns>
<id>415689</id>
<revision>
<id>2562589</id>
<timestamp>2019-11-23T22:27:24Z</timestamp>
<contributor>
<username>MalafayaBot</username>
<id>628</id>
</contributor>
<comment>Criada automaticamente a partir das traduções em [[forno]]</comment>
<model>wikitext</model>
<format>text/x-wiki</format>
<text bytes="131" xml:space="preserve">={{-sv-}}=
==Substantivo==
'''ugn'''
# [[forno]]
{{página-automática|novembro|2019|forno|sv}}
[[Categoria:Substantivo (Sueco)]]</text>
<sha1>cjiqol9ctviamk8kp2zqr0qyxumuvs4</sha1>
</revision>
