<page>
<title>ugoku</title>
<ns>0</ns>
<id>260756</id>
<revision>
<id>2224004</id>
<parentid>2223988</parentid>
<timestamp>2017-01-16T23:27:49Z</timestamp>
<contributor>
<username>Tribuno da Plebe</username>
<id>16095</id>
</contributor>
<model>wikitext</model>
<format>text/x-wiki</format>
<text bytes="125" xml:space="preserve">={{-ja-}}=
==Transliteração==
# transliteração de [[うごく]]
[[Categoria:Transliteração (Japonês)]]
[[en:ugoku]]</text>
<sha1>0em020nb4nw1ul4wjtarp41ogcvapa1</sha1>
</revision>
</page>
