<page>
<page>
<title>Ugrain</title>
<ns>0</ns>
<id>134887</id>
<revision>
<id>2561281</id>
<parentid>1639348</parentid>
<timestamp>2019-11-13T09:22:54Z</timestamp>
<contributor>
<username>ValJor</username>
<id>1358</id>
</contributor>
<comment>Acrescentando código de língua à [[:Categoria:!Página com mensagem de erro em predefinição|predefinição escopo]]</comment>
<model>wikitext</model>
<format>text/x-wiki</format>
<text bytes="486" xml:space="preserve">[[Imagem:Flag of Ukraine.svg|thumb|right|250px|&lt;center&gt;Bandeira da Ucrânia&lt;/center&gt;]]
[[Imagem:Europe location UKR.png|thumb|right|250px|&lt;center&gt;Localização da Ucrânia&lt;/center&gt;]]
={{-gd-}}=
==Substantivo==
'''Ugrain''', {{gramática|pr}}
# {{escopo|gd|País}} [[Ucrânia]]
==={{-varort-}}===
* [[An Ùcrain]]
* [[An t-Ucràin]]
==Ver também==
===No Wikcionário===
{{Europa/gd}}
[[Categoria:Substantivo (Gaélico Escocês)]]
[[Categoria:Entrada com imagem (Gaélico Escocês)]]</text>
<sha1>jj5r1sdewew65h5b1kaleb5ygogwzrq</sha1>
</revision>
