<page>
<page>
<title>uguale</title>
<ns>0</ns>
<id>343787</id>
<revision>
<id>2247832</id>
<parentid>1988047</parentid>
<timestamp>2017-03-03T17:35:53Z</timestamp>
<contributor>
<username>UT-interwiki-Bot</username>
<id>56129</id>
</contributor>
<minor />
<comment>Robô: A adicionar: [[eo:uguale]]</comment>
<model>wikitext</model>
<format>text/x-wiki</format>
<text bytes="820" xml:space="preserve">={{-it-}}=
==Adjetivo==
'''uguale'''
# [[igual]]
#* ''GazzaNet e ogni sito del network avranno la stessa veste grafica e '''uguale''' modalità di navigazione, ottimizzata per tutti i device.'' {{corriere|2015|agosto|20}}
===Antônimos===
{{verTambém.Ini}}
* [[eguale]]
* [[identico]]
{{verTambém.NovaColuna}}
* [[simile]]
* [[stesso]]
{{verTambém.Fim}}
===Sinônimos===
{{verTambém.Ini}}
* [[disuguale]]
{{verTambém.NovaColuna}}
* [[diverso]]
{{verTambém.NovaColuna}}
* [[ineguale]]
{{verTambém.Fim}}
=={{etimologia|it}}==
: Do latim ''aequālis''.
[[Categoria:Adjetivo (Italiano)]]
[[chr:uguale]]
[[de:uguale]]
[[en:uguale]]
[[eo:uguale]]
[[fj:uguale]]
[[fr:uguale]]
[[gl:uguale]]
[[hu:uguale]]
[[io:uguale]]
[[it:uguale]]
[[ko:uguale]]
[[mg:uguale]]
[[pl:uguale]]
[[ro:uguale]]
[[tl:uguale]]
[[zh:uguale]]</text>
<sha1>9lwf8zrikybcwrukyv98z8g3gjrrx1j</sha1>
</revision>
