<page>
<page>
<title>Ugánda</title>
<ns>0</ns>
<id>435589</id>
<revision>
<id>2642009</id>
<timestamp>2021-07-11T08:37:45Z</timestamp>
<contributor>
<username>ValJor</username>
<id>1358</id>
</contributor>
<comment>Criação do verbete a partir da [[Especial:Páginas_pedidas|lista de palavras pedidas]]</comment>
<model>wikitext</model>
<format>text/x-wiki</format>
<text bytes="411" xml:space="preserve">{{Wikipédia|lang=gn}}
[[Imagem:Flag of Uganda.svg|thumb|right|250px|{{centro|Bandeira de Uganda}}]]
[[Imagem:LocationUganda.svg|thumb|right|250px|{{centro|Localização de Uganda}}]]
={{-gn-}}=
==Substantivo==
'''Ugánda''', {{gramática|pr}}
# {{escopo|gn|País}} [[Uganda]]
==Ver também==
===No Wikcionário===
{{África/gn}}
[[Categoria:Substantivo (Guarani)]]
[[Categoria:Entrada com imagem (Guarani)]]</text>
<sha1>hxfu5d2b0i45cmilqfhmh6moeiowq06</sha1>
</revision>
