<page>
<page>
<title>ugámos</title>
<ns>0</ns>
<id>308876</id>
<revision>
<id>2250031</id>
<parentid>1645008</parentid>
<timestamp>2017-03-08T10:33:18Z</timestamp>
<contributor>
<username>ValJor</username>
<id>1358</id>
</contributor>
<comment>Trocando predefinição escopo por escopo2</comment>
<model>wikitext</model>
<format>text/x-wiki</format>
<text bytes="258" xml:space="preserve">={{-pt-}}=
==Forma verbal==
{{paroxítona|u|gá|mos}}
# {{escopo2|grafia lusitana}} primeira pessoa do plural do pretérito perfeito do modo indicativo do verbo [[ugar]]
{{avi-for-fle|ugar}}
[[Categoria:Forma verbal (Português)]]
[[Categoria:Lusitanismo]]</text>
<sha1>rzkhybmy7y8wc0bjcks8nhd9nfd5lv9</sha1>
</revision>
