<page>
<title>uha</title>
<ns>0</ns>
<id>246620</id>
<revision>
<id>2206897</id>
<parentid>2139390</parentid>
<timestamp>2016-12-05T11:53:53Z</timestamp>
<contributor>
<username>UT-interwiki-Bot</username>
<id>56129</id>
</contributor>
<minor />
<comment>Robô: A adicionar: [[en:uha]]</comment>
<model>wikitext</model>
<format>text/x-wiki</format>
<text bytes="562" xml:space="preserve">={{-bgt-}}=
==Substantivo==
'''uha'''
# [[chuva]]
==Ver também==
===No Wikcionário===
{{verTambém.Ini}}
* [[guri]]
* [[kukuro]]
{{verTambém.NovaColuna}}
* [[oŋa]]
* [[parako]]
{{verTambém.Fim}}
[[Categoria:Substantivo (Bugoto)]]
={{-ksx-}}=
==Substantivo==
'''uha'''
# [[cabelo]]
==Ver também==
===No Wikcionário===
{{verTambém.Ini}}
* [[aduŋ]]
* [[nunu]]
{{verTambém.NovaColuna}}
* [[tubar]]
* [[wali]]
{{verTambém.Fim}}
[[Categoria:Substantivo (Kedang)]]
[[Categoria:Anatomia (Kedang)]]
[[en:uha]]
[[fr:uha]]
[[mg:uha]]
[[pl:uha]]
[[sh:uha]]</text>
<sha1>r6xpk58rlkqvq1vqdgej4swkefijafs</sha1>
</revision>
</page>
