<page>
<page>
<title>Uhabeshi</title>
<ns>0</ns>
<id>394859</id>
<revision>
<id>2496008</id>
<timestamp>2018-04-12T15:25:49Z</timestamp>
<contributor>
<username>ValJor</username>
<id>1358</id>
</contributor>
<comment>Criação do verbete a partir da [[Especial:Páginas_pedidas|lista de palavras pedidas]]</comment>
<model>wikitext</model>
<format>text/x-wiki</format>
<text bytes="465" xml:space="preserve">[[Imagem:Flag of Ethiopia.svg|thumb|250px|&lt;center&gt;Bandeira da Etiópia&lt;/center&gt;]]
[[Imagem:LocationEthiopia.svg|thumb|250px|&lt;center&gt;Localização da Etiópia&lt;/center&gt;]]
={{-sw-}}=
==Substantivo==
'''Uhabeshi''', {{gramática|pr}}
# {{escopo|sw|Geografia}} [[Etiópia]]
===Sinônimo===
* [[Ethiopia]]
==Ver também==
===No Wikcionário===
{{África/sw}}
[[Categoria:Substantivo (Suaíli)]]
[[Categoria:País (Suaíli)]]
[[Categoria:Entrada com imagem (Suaíli)]]</text>
<sha1>mbwm686af3wu456hbs5pa8lxdvgpm7e</sha1>
</revision>
