<page>
<page>
<title>uhlík</title>
<ns>0</ns>
<id>234702</id>
<revision>
<id>2631060</id>
<parentid>2008535</parentid>
<timestamp>2021-04-20T23:08:51Z</timestamp>
<contributor>
<username>ValJor</username>
<id>1358</id>
</contributor>
<comment>Substituindo a [[Especial:Páginas_afluentes/Predefinição:escopoCatLang|predefinição escopoCatLang]] por escopo</comment>
<model>wikitext</model>
<format>text/x-wiki</format>
<text bytes="623" xml:space="preserve">{{Wikipédia|lang=cs}}
{{Wikipédia|lang=sk}}
={{-cs-}}=
==Substantivo==
{{elementos|C|bor|B|dusík|N}}
'''uhlík''', {{gramática|m}}
# {{escopo|cs|Química}} [[carbono#Português|carbono]]
==Ver também==
===No Wikcionário===
{{tabela periódica/cs}}
[[Categoria:Substantivo (Checo)]]
[[Categoria:Elemento químico (Checo)]]
={{-sk-}}=
==Substantivo==
{{elementos|C|bór|B|dusík|N}}
'''uhlík''', {{gramática|m}}
# {{escopo|sk|Química}} [[carbono#Português|carbono]]
==Ver também==
===No Wikcionário===
{{tabela periódica/sk}}
[[Categoria:Substantivo (Eslovaco)]]
[[Categoria:Elemento químico (Eslovaco)]]</text>
<sha1>kxcbfclbzkbl05jw7nkfg7ehx0d5j0i</sha1>
</revision>
