<page>
<title>Uhrmacher</title>
<ns>0</ns>
<id>105463</id>
<revision>
<id>2451921</id>
<parentid>2281640</parentid>
<timestamp>2017-09-24T04:54:49Z</timestamp>
<contributor>
<username>Spanier</username>
<id>43713</id>
</contributor>
<comment>estilo</comment>
<model>wikitext</model>
<format>text/x-wiki</format>
<text bytes="597" xml:space="preserve">={{-de-}}=
== Substantivo ==
{{proparoxítona|Uhr|mach|er|lang=de}}, {{m}},  (''feminino: '''[[Uhrmacherin]]''''')
# {{escopo|de|profissão}}  [[relojoeiro]]
=== Declinação ===
{{decl.de.subst.masc.s/-|Uhrmacher}}
===Verbetes derivados===
{{verTambém.Ini}}
* [[Uhrmacherei]]
{{verTambém.NovaColuna}}
* [[Uhrmacherin]]
{{verTambém.Fim}}
=={{etimologia|de}}==
: De ''[[Uhr#{{de}}|Uhr]]'' (''&quot;relógio&quot;'') + ''[[Macher{{de}}|Macher]]'' (''&quot;fazedor&quot;'').
=={{pronúncia|de}}==
* [[AFI]]: {{AFI|/ˈuːɐ̯maxɐ/|de}} {{audio|De-Uhrmacher.ogg|ouvir|lang=de}}
[[Categoria:Substantivo (Alemão)]]</text>
<sha1>iuvhx5qkovm0ndt9bt3v8hrbctlqqoo</sha1>
</revision>
</page>
