<page>
<title>Uhrmacherei</title>
<ns>0</ns>
<id>105467</id>
<revision>
<id>2281641</id>
<parentid>1736451</parentid>
<timestamp>2017-04-27T03:22:11Z</timestamp>
<contributor>
<username>HydrizBot</username>
<id>29590</id>
</contributor>
<minor />
<comment>Robô: A limpar links interwikis antigos</comment>
<model>wikitext</model>
<format>text/x-wiki</format>
<text bytes="347" xml:space="preserve">={{-de-}}=
== Substantivo ==
'''Uhrmacherei''', ''feminino, fraco''
# [[relojoaria]].
=== Declinação ===
{{decl.de.subst.fem.-/en|Uhrmacherei}}
== Etimologia ==
: De ''[[Uhrmacher#{{pt}}|Uhrmacher]]'' (''&quot;relojoeiro&quot;'') + ''[[-ei#{{pt}}|-ei]]'' (''&quot;-aria&quot;'').
[[Categoria:Substantivo (Alemão)]]
[[Categoria:Entrada com etimologia (Alemão)]]</text>
<sha1>ela45kuavlw5a8kszzp4lytxnw2xmv8</sha1>
</revision>
</page>
