<page>
<title>uhu</title>
<ns>0</ns>
<id>341574</id>
<revision>
<id>2561276</id>
<parentid>2139389</parentid>
<timestamp>2019-11-13T09:14:22Z</timestamp>
<contributor>
<username>ValJor</username>
<id>1358</id>
</contributor>
<comment>Acrescentando código de língua à [[:Categoria:!Página com mensagem de erro em predefinição|predefinição escopo]]</comment>
<model>wikitext</model>
<format>text/x-wiki</format>
<text bytes="292" xml:space="preserve">={{-pt-}}=
==Interjeição==
{{oxítona|u|hu}}
# {{escopo|pt|Brasil}} o mesmo que [[urrul]]
===Sinônimos===
* {{escopo2|Brasil}} [[urrul]]
==={{etimologia|pt}}===
: Forma internética de [[urrul]] com influência fonográfica do inglês americano.
[[Categoria:Interjeição (Português)]]</text>
<sha1>ijhljdx5mt7hae8s5q8f1n9sfmqji0p</sha1>
</revision>
</page>
