<page>
<title>uhuata</title>
<ns>0</ns>
<id>325399</id>
<revision>
<id>1829026</id>
<timestamp>2014-05-31T20:18:45Z</timestamp>
<contributor>
<username>Castelobranco</username>
<id>8424</id>
</contributor>
<comment>+1</comment>
<model>wikitext</model>
<format>text/x-wiki</format>
<text bytes="257" xml:space="preserve">={{-cod-}}=
==Verbo==
'''u.{{grifar|hua}}.ta'''
# [[caminhar]]&lt;ref group=&quot;cod&quot;&gt;FAUST, 2008, p.159&lt;/ref&gt;
===Notas===
&lt;references group=&quot;cod&quot; /&gt;
===Referências===
{{verTambém.Ini}}
{{Faust2008}}
{{verTambém.Fim}}
{{categorias|{{cod}}|Verbo|Trissílabo}}</text>
<sha1>2zsrdb8psdgakevl8ojfji6520hsx3y</sha1>
</revision>
</page>
