<page>
<title>uhue</title>
<ns>0</ns>
<id>325322</id>
<revision>
<id>1828949</id>
<timestamp>2014-05-31T20:10:09Z</timestamp>
<contributor>
<username>Castelobranco</username>
<id>8424</id>
</contributor>
<comment>+1</comment>
<model>wikitext</model>
<format>text/x-wiki</format>
<text bytes="249" xml:space="preserve">={{-cod-}}=
==Verbo==
'''{{grifar|u}}.hue'''
# [[voar]]&lt;ref group=&quot;cod&quot;&gt;FAUST, 2008, p.159&lt;/ref&gt;
===Notas===
&lt;references group=&quot;cod&quot; /&gt;
===Referências===
{{verTambém.Ini}}
{{Faust2008}}
{{verTambém.Fim}}
{{categorias|{{cod}}|Verbo|Dissílabo}}</text>
<sha1>cwhqbt98rt54q6bwi1l0n21tewc2doy</sha1>
</revision>
</page>
