<page>
<page>
<title>uhyak</title>
<ns>0</ns>
<id>15881</id>
<revision>
<id>1801191</id>
<parentid>1355057</parentid>
<timestamp>2014-01-04T18:12:02Z</timestamp>
<contributor>
<username>MalafayaBot</username>
<id>628</id>
</contributor>
<minor />
<comment>r2.7.5) (Robô: A adicionar: [[mg:uhyak]]</comment>
<model>wikitext</model>
<format>text/x-wiki</format>
<text bytes="111" xml:space="preserve">={{-tus-}}=
==Numeral==
uhyak
# [[seis]]
[[Categoria:Numeral (Tuscarora)|# 000006]]
[[fr:uhyak]]
[[mg:uhyak]]</text>
<sha1>tbb9vr4qyyxbbpa43b7wb5cyk3ixqju</sha1>
</revision>
