<page>
<page>
<title>ui</title>
<ns>0</ns>
<id>227655</id>
<revision>
<id>2617214</id>
<parentid>2509856</parentid>
<timestamp>2021-02-01T03:16:04Z</timestamp>
<contributor>
<username>MarxavBot</username>
<id>80155</id>
</contributor>
<minor />
<comment>AFI Portugal</comment>
<model>wikitext</model>
<format>text/x-wiki</format>
<text bytes="1828" xml:space="preserve">={{-pt-}}=
==Interjeição==
{{oxítona|ui}}
# exprime [[surpresa]], [[admiração]], [[repugnância]]
# exprime que se sente dor ou desconforto
#: '''2007''', Helmut Thielicke, ''CRER — Informações Sobre a Fé'', Editora Sinodal, página: ''?''
#*: ''O primeiro mal tocou a água com a ponta do pé quando já berrou: &quot;'''Ui'''! Que água fria!&quot;.''
# exprime [[rejeição]], [[repulsa]], [[resistência]] a algo
# expressa deboche em relação a ato considerado [[melindroso]] ou [[efeminado]]
# expressa prazer conforme sensação reativa corporal involutária a estímulo de contato
#: '''2015''', Miguel Canjo, ''Mulheres Em Mim: Universo Paralelo, Em Feminino'', Clube de Autores, página: 77
#*: ''Gritinhos, grunhidos, um &quot;ai quero mais&quot;, um &quot;'''ui''' que gostoso&quot;''
===Sinônimos===
De '''1''':
{{verTambém.Ini}}
* [[ai]]
* [[au]]
{{verTambém.NovaColuna}}
* [[hui]]
{{verTambém.Fim}}
De '''2''':
{{verTambém.Ini}}
* [[ai]]
* [[au]]
{{verTambém.NovaColuna}}
* [[hui]]
{{verTambém.Fim}}
=={{pronúncia|pt}}==
===Portugal===
* AFI: {{AFI|/ˈuj/}}
[[Categoria: Interjeição (Português)]]
={{-af-}}=
==Substantivo==
'''ui'''
# [[cebola]] (planta)
[[Categoria:Substantivo (Africâner)]]
={{-nl-}}=
==Substantivo==
'''ui''', {{m}} {{p|uien}}
# [[cebola]] (planta)
# [[cebola]] (o bulbo dessa planta)
[[Categoria:Substantivo (Holandês)]]
[[Categoria:Monossílabo (Holandês)]]
[[Categoria:Botânica (Holandês)]]
[[Categoria:Alimentação (Holandês)]]
[[af:ui]]
[[az:ui]]
[[br:ui]]
[[chr:ui]]
[[cs:ui]]
[[da:ui]]
[[de:ui]]
[[el:ui]]
[[en:ui]]
[[eo:ui]]
[[es:ui]]
[[et:ui]]
[[eu:ui]]
[[fi:ui]]
[[fr:ui]]
[[gd:ui]]
[[hu:ui]]
[[id:ui]]
[[io:ui]]
[[it:ui]]
[[jbo:ui]]
[[kn:ui]]
[[li:ui]]
[[lt:ui]]
[[mg:ui]]
[[nl:ui]]
[[no:ui]]
[[pl:ui]]
[[ro:ui]]
[[sm:ui]]
[[sw:ui]]
[[tg:ui]]
[[tr:ui]]
[[uz:ui]]
[[zh:ui]]</text>
<sha1>kqbvcvjne9v9kiajgmis0h36sfj51fd</sha1>
</revision>
