<page>
<page>
<title>UI</title>
<ns>0</ns>
<id>341750</id>
<revision>
<id>2281586</id>
<parentid>1964067</parentid>
<timestamp>2017-04-27T03:19:26Z</timestamp>
<contributor>
<username>HydrizBot</username>
<id>29590</id>
</contributor>
<minor />
<comment>Robô: A limpar links interwikis antigos</comment>
<model>wikitext</model>
<format>text/x-wiki</format>
<text bytes="192" xml:space="preserve">={{-en-}}=
==Sigla==
{{flex.en|s=UI|p=UIs}}
'''UI'''
# sigla de ''[[user interface]]'': [[IU]] (interface de usuário)
[[Categoria:Sigla (Inglês)]]
[[Categoria:Interface gráfica (Inglês)]]</text>
<sha1>76hxjth9axwp0165q61dald2yr3olq5</sha1>
</revision>
