<page>
<page>
<title>Uibaí</title>
<ns>0</ns>
<id>137831</id>
<revision>
<id>2281642</id>
<parentid>2112643</parentid>
<timestamp>2017-04-27T03:22:13Z</timestamp>
<contributor>
<username>HydrizBot</username>
<id>29590</id>
</contributor>
<minor />
<comment>Robô: A limpar links interwikis antigos</comment>
<model>wikitext</model>
<format>text/x-wiki</format>
<text bytes="240" xml:space="preserve">={{-pt-}}=
{{Wikipédia}}
==Substantivo==
'''Uibaí''' {{pr}}
#[[município]] [[brasileiro]] do [[estado]] da [[Bahia]]
==Ver também==
*[[Apêndice:Municípios do estado da Bahia]]
[[Categoria:Município do estado da Bahia (Português)]]</text>
<sha1>t9hy7lr9v0sf9ttux0n334m8jzh4o2u</sha1>
</revision>
