<page>
<title>Uiccionariu</title>
<ns>0</ns>
<id>261276</id>
<revision>
<id>2281643</id>
<parentid>1736450</parentid>
<timestamp>2017-04-27T03:22:15Z</timestamp>
<contributor>
<username>HydrizBot</username>
<id>29590</id>
</contributor>
<minor />
<comment>Robô: A limpar links interwikis antigos</comment>
<model>wikitext</model>
<format>text/x-wiki</format>
<text bytes="103" xml:space="preserve">={{-ast-}}=
==Substantivo==
'''Uiccionariu'''
# [[Wikcionário]]
[[Categoria:Substantivo (Asturiano)]]</text>
<sha1>jinopf7leoj2135aan6ogy7yexj3xmu</sha1>
</revision>
</page>
