<page>
<page>
<title>uiguirmiuq</title>
<ns>0</ns>
<id>262875</id>
<revision>
<id>1425152</id>
<parentid>1246236</parentid>
<timestamp>2012-07-02T14:04:24Z</timestamp>
<contributor>
<username>HydrizBot</username>
<id>29590</id>
</contributor>
<minor />
<comment>r2.7.3) (Robô: A adicionar: [[fr:uiguirmiuq]]</comment>
<model>wikitext</model>
<format>text/x-wiki</format>
<text bytes="232" xml:space="preserve">={{-iu-}}=
==Substantivo==
'''uiguirmiuq'''
# idioma [[francês]]
===Grafia alternativa===
* [[ᐅᐃᒍᐃᕐᒥᐅᖅ]]
[[Categoria:Substantivo (Inuktitut)]]
[[Categoria:Língua (Inuktitut)]]
[[fr:uiguirmiuq]]
[[iu:uiguirmiuq]]</text>
<sha1>6ymzl8cqp1p6c0945x9o3j3lp2aepvt</sha1>
</revision>
