<page>
<title>uila</title>
<ns>0</ns>
<id>231513</id>
<revision>
<id>2671803</id>
<parentid>1929998</parentid>
<timestamp>2022-04-09T18:50:57Z</timestamp>
<contributor>
<username>ValJor</username>
<id>1358</id>
</contributor>
<comment>Confirmando [[:Categoria:!Entrada criada por robô|verbete criado por robô]]</comment>
<model>wikitext</model>
<format>text/x-wiki</format>
<text bytes="266" xml:space="preserve">{{Wikipédia|lang=haw}}
[[Imagem:Lightning2.jpg|thumb|right|250px|{{centro|Relâmpago}}]]
={{-haw-}}=
==Substantivo==
'''uila'''
# [[relâmpago]]
[[Categoria:Substantivo (Havaiano)]]
[[Categoria:Meteorologia (Havaiano)]]
[[Categoria:Entrada com imagem (Havaiano)]]</text>
<sha1>olimqio1f2hyj1x4ud7l8dl3lx29h8z</sha1>
</revision>
</page>
