<page>
<title>Uimhreacha</title>
<ns>0</ns>
<id>416048</id>
<revision>
<id>2563203</id>
<timestamp>2019-11-26T03:38:19Z</timestamp>
<contributor>
<username>Leonardo José Raimundo</username>
<id>43489</id>
</contributor>
<comment>Eu estou criando o nome &quot;Uimhreacha&quot;.</comment>
<model>wikitext</model>
<format>text/x-wiki</format>
<text bytes="209" xml:space="preserve">={{-ga-}}=
==Substantivo==
{{paroxítona|Uim|hre|a|cha|lang=ga}}
# {{escopo|ga|Cristianismo|religião}} [[Números]]
==Ver também==
===No Wikcionário===
{{bíblia/ga}}
[[Categoria:Substantivo (Irlandês)]]</text>
<sha1>8b680h6hg32dg6rbu0vabxjpeoqs8ow</sha1>
</revision>
</page>
