<page>
<page>
<title>Uingereza</title>
<ns>0</ns>
<id>335960</id>
<revision>
<id>2561273</id>
<parentid>2281644</parentid>
<timestamp>2019-11-13T09:05:19Z</timestamp>
<contributor>
<username>ValJor</username>
<id>1358</id>
</contributor>
<comment>Acrescentando código de língua à [[:Categoria:!Página com mensagem de erro em predefinição|predefinição escopo]]</comment>
<model>wikitext</model>
<format>text/x-wiki</format>
<text bytes="588" xml:space="preserve">{{Wikipédia|lang=sw}}
[[Imagem:Flag of England.svg|thumb|250px|&lt;center&gt;Bandeira da Inglaterra&lt;/center&gt;]]
[[Imagem:England_in_the_UK_and_Europe.svg|thumb|250px|&lt;center&gt;Localização da Inglaterra&lt;/center&gt;]]
={{-sw-}}=
==Substantivo==
'''Uingereza''', {{gramática|pr}}
# {{escopo|sw|País}} [[Inglaterra]]
==Ver também==
===No Wikcionário===
{{verTambém.Ini}}
* [[Mwingereza]]
{{verTambém.NovaColuna}}
* [[Kiingereza]]
{{verTambém.NovaColuna}}
* [[Ufalme wa Muungano]]
{{verTambém.Fim}}
{{Europa/sw}}
[[Categoria:Substantivo (Suaíli)]]
[[Categoria:Entrada com imagem (Suaíli)]]</text>
<sha1>fc2je1fz4lstkeyn4ryi5dk5uctdfm3</sha1>
</revision>
