<page>
<page>
<title>uinneag</title>
<ns>0</ns>
<id>233302</id>
<revision>
<id>2638729</id>
<parentid>2206896</parentid>
<timestamp>2021-06-16T08:41:11Z</timestamp>
<contributor>
<username>ValJor</username>
<id>1358</id>
</contributor>
<comment>Confirmando [[:Categoria:!Entrada criada por robô|verbete criado por robô]]</comment>
<model>wikitext</model>
<format>text/x-wiki</format>
<text bytes="245" xml:space="preserve">{{Wikipédia|lang=gd}}
[[Imagem:Window2006-05-21.JPG|thumb|right|250px|{{centro|Janela}}]]
={{-gd-}}=
==Substantivo==
'''uinneag'''
# [[janela]]
[[Categoria:Substantivo (Gaélico Escocês)]]
[[Categoria:Entrada com imagem (Gaélico Escocês)]]</text>
<sha1>o29z2b8ll40u4cli6zs81a02sv0g30v</sha1>
</revision>
