<page>
<page>
<title>Uiraúna</title>
<ns>0</ns>
<id>145387</id>
<revision>
<id>2281647</id>
<parentid>1400611</parentid>
<timestamp>2017-04-27T03:22:24Z</timestamp>
<contributor>
<username>HydrizBot</username>
<id>29590</id>
</contributor>
<minor />
<comment>Robô: A limpar links interwikis antigos</comment>
<model>wikitext</model>
<format>text/x-wiki</format>
<text bytes="267" xml:space="preserve">={{-pt-}}=
{{Wikipédia}}
==Substantivo==
'''Uiraúna''' {{pr}} ui·ra·ú·na 
#[[município]] [[brasileiro]] do [[estado]] da [[Paraíba]]
==Ver também==
*[[Apêndice:Municípios do estado da Paraíba]]
[[Categoria:Município do estado da Paraíba (Português)]]</text>
<sha1>m5e54xcdvymet16cm9oc3rair9a9q2e</sha1>
</revision>
