<page>
<page>
<title>Uirapuru</title>
<ns>0</ns>
<id>141888</id>
<revision>
<id>2281646</id>
<parentid>1196493</parentid>
<timestamp>2017-04-27T03:22:22Z</timestamp>
<contributor>
<username>HydrizBot</username>
<id>29590</id>
</contributor>
<minor />
<comment>Robô: A limpar links interwikis antigos</comment>
<model>wikitext</model>
<format>text/x-wiki</format>
<text bytes="245" xml:space="preserve">={{-pt-}}=
{{Wikipédia}}
==Substantivo==
'''Uirapuru''' {{pr}}
#[[município]] [[brasileiro]] do [[estado]] de [[Goiás]]
==Ver também==
*[[Apêndice:Municípios do estado de Goiás]]
[[Categoria:Município do estado de Goiás (Português)]]</text>
<sha1>tjbt0i8mk9c4zodtu4u17y56sbc1mj8</sha1>
</revision>
