<page>
<title>Uiramutã</title>
<ns>0</ns>
<id>143626</id>
<revision>
<id>2281645</id>
<parentid>1199657</parentid>
<timestamp>2017-04-27T03:22:20Z</timestamp>
<contributor>
<username>HydrizBot</username>
<id>29590</id>
</contributor>
<minor />
<comment>Robô: A limpar links interwikis antigos</comment>
<model>wikitext</model>
<format>text/x-wiki</format>
<text bytes="249" xml:space="preserve">={{-pt-}}=
{{Wikipédia}}
==Substantivo==
'''Uiramutã''' {{pr}}
#[[município]] [[brasileiro]] do [[estado]] de [[Roraima]]
==Ver também==
*[[Apêndice:Municípios do estado de Roraima]]
[[Categoria:Município do estado de Roraima (Português)]]</text>
<sha1>0xvu7cldpoeylcrcp1pxzfm8m65900h</sha1>
</revision>
</page>
