<page>
<title>uisce</title>
<ns>0</ns>
<id>15231</id>
<revision>
<id>1907768</id>
<parentid>1881142</parentid>
<timestamp>2015-04-01T16:32:46Z</timestamp>
<contributor>
<username>YS-Bot</username>
<id>32241</id>
</contributor>
<minor />
<comment>r2.7.3) (Robô: A adicionar: [[et:uisce]]</comment>
<model>wikitext</model>
<format>text/x-wiki</format>
<text bytes="569" xml:space="preserve">={{-ga-}}=
==Substantivo==
'''{{PAGENAME}}'''
# [[água]]
=={{pronúncia}}==
*[[AFI]]: /iʃkʲə/
[[Categoria:Substantivo (Irlandês)]]
[[az:uisce]]
[[be:uisce]]
[[chr:uisce]]
[[cs:uisce]]
[[cy:uisce]]
[[de:uisce]]
[[el:uisce]]
[[en:uisce]]
[[es:uisce]]
[[et:uisce]]
[[fi:uisce]]
[[fj:uisce]]
[[fr:uisce]]
[[ga:uisce]]
[[gl:uisce]]
[[hu:uisce]]
[[id:uisce]]
[[it:uisce]]
[[kn:uisce]]
[[ko:uisce]]
[[ku:uisce]]
[[lo:uisce]]
[[lt:uisce]]
[[mg:uisce]]
[[nl:uisce]]
[[oc:uisce]]
[[pl:uisce]]
[[ru:uisce]]
[[sm:uisce]]
[[sv:uisce]]
[[tg:uisce]]
[[tr:uisce]]
[[uz:uisce]]</text>
<sha1>knnc9ymnfzan2liff1or479agszc4rd</sha1>
</revision>
</page>
