<page>
<page>
<title>uitenta</title>
<ns>0</ns>
<id>386265</id>
<revision>
<id>2463061</id>
<timestamp>2017-11-26T17:59:52Z</timestamp>
<contributor>
<username>Imivorn</username>
<id>64513</id>
</contributor>
<comment>[[Ajuda:Guia de edição/Menus e ferramentas/Sumário de edição|→]] nova página: ={{-mwl-}}= ==Numeral== '''uitenta''', {{gramática|card}} # [[oitenta#Português|oitenta]], representado pel...</comment>
<model>wikitext</model>
<format>text/x-wiki</format>
<text bytes="225" xml:space="preserve">={{-mwl-}}=
==Numeral==
'''uitenta''', {{gramática|card}}
# [[oitenta#Português|oitenta]], representado pelo número [[80]]
==Ver também==
===No Wikcionário===
{{números/mwl}}
[[Categoria:Numeral (Mirandês)|# 000080]]</text>
<sha1>6vvg75hvfo2n8r84sf6sexa7zeiaec7</sha1>
</revision>
