<page>
<title>uito</title>
<ns>0</ns>
<id>5016</id>
<revision>
<id>2463024</id>
<parentid>1801211</parentid>
<timestamp>2017-11-26T17:03:33Z</timestamp>
<contributor>
<username>Imivorn</username>
<id>64513</id>
</contributor>
<comment>/* {{-mwl-}} */</comment>
<model>wikitext</model>
<format>text/x-wiki</format>
<text bytes="248" xml:space="preserve">={{-mwl-}}=
==Numeral==
'''uito''', {{gramática|card}}
# [[oito]], representado pelo número [[8]]
==Ver também==
===No Wikcionário===
{{números/mwl}}
[[Categoria:Numeral (Mirandês)|# 000008]]
[[en:uito]]
[[et:uito]]
[[fr:uito]]
[[ko:uito]]</text>
<sha1>op6pia4gz2mqodwdgdh7buz3o3qgqe4</sha1>
</revision>
</page>
