<page>
<title>uitoan</title>
<ns>0</ns>
<id>62570</id>
<revision>
<id>1306271</id>
<parentid>881912</parentid>
<timestamp>2011-11-28T23:38:08Z</timestamp>
<contributor>
<username>MalafayaBot</username>
<id>628</id>
</contributor>
<minor />
<comment>Robô: Substituição de texto automática (-^\=(\s*?)Tétum(\s*?)\= +={{-tet-}}= &amp; -^\=(\s*?)\{\{tet\}\}(\s*?)\= +={{-tet-}}=)</comment>
<model>wikitext</model>
<format>text/x-wiki</format>
<text bytes="84" xml:space="preserve">={{-tet-}}=
==Advérbio==
'''uitoan'''
# [[pouco]]
[[Categoria:Advérbio (Tétum)]]</text>
<sha1>nzvqozhr3x45h489z4nre2k5tvfl221</sha1>
</revision>
</page>
