<page>
<page>
<title>uitspraak</title>
<ns>0</ns>
<id>65774</id>
<revision>
<id>2547015</id>
<parentid>2139397</parentid>
<timestamp>2019-06-18T13:48:19Z</timestamp>
<contributor>
<username>ValJor</username>
<id>1358</id>
</contributor>
<comment>Um verbete a menos usando a [[Predefinição:flex.af.subst|predefinição flex.af.subst]]</comment>
<model>wikitext</model>
<format>text/x-wiki</format>
<text bytes="357" xml:space="preserve">{{Wikipédia|lang=nl}}
={{-af-}}=
==Substantivo==
{{flex.af|s=uitspraak|p=uitsprake}}
'''uitspraak'''
# [[pronúncia]]
[[Categoria:Substantivo (Africâner)]]
[[Categoria:Linguística (Africâner)]]
={{-nl-}}=
==Substantivo==
'''uitspraak''', {{gramática|f}}
# [[pronúncia]]
[[Categoria:Substantivo (Holandês)]]
[[Categoria:Linguística (Holandês)]]</text>
<sha1>py9emy9bp5kfixe85tuxsr1qd7ana8h</sha1>
</revision>
