<page>
<page>
<title>uitzoeken</title>
<ns>0</ns>
<id>260670</id>
<revision>
<id>2206894</id>
<parentid>1691291</parentid>
<timestamp>2016-12-05T11:52:57Z</timestamp>
<contributor>
<username>UT-interwiki-Bot</username>
<id>56129</id>
</contributor>
<minor />
<comment>Robô: A adicionar: [[da:uitzoeken]]</comment>
<model>wikitext</model>
<format>text/x-wiki</format>
<text bytes="343" xml:space="preserve">={{-nl-}}=
==Verbo==
'''uitzoeken''' (''separável'')
#[[chegar ao fundo]] de; [[investigar]]
#[[escolher]], [[selecionar]]
=={{etimologia|nl}}==
De [[uit]] +‎ [[zoeken]]
[[Categoria:Verbo (Holandês)]]
[[da:uitzoeken]]
[[en:uitzoeken]]
[[eu:uitzoeken]]
[[fr:uitzoeken]]
[[id:uitzoeken]]
[[li:uitzoeken]]
[[mg:uitzoeken]]
[[nl:uitzoeken]]</text>
<sha1>e4vtyov0lfdmfvlzargeogmpigwuvyl</sha1>
</revision>
