<page>
<page>
<title>uivaste</title>
<ns>0</ns>
<id>171973</id>
<revision>
<id>1178184</id>
<parentid>841593</parentid>
<timestamp>2011-07-06T22:02:42Z</timestamp>
<contributor>
<username>MalafayaBot</username>
<id>628</id>
</contributor>
<minor />
<comment>Robô: Substituição de texto automática (-^\=\s?Português\s?\= +={{-pt-}}= &amp; -^\=\s?\{\{pt\}\}\s?\= +={{-pt-}}=)</comment>
<model>wikitext</model>
<format>text/x-wiki</format>
<text bytes="223" xml:space="preserve">={{-pt-}}=
==Forma verbal==
'''uivaste'''
#[[segunda pessoa]] do [[singular]] do [[pretérito perfeito]] do [[modo indicativo]] do verbo '''[[uivar]]'''
[[Categoria:Forma verbal (Português)]]
[[en:uivaste]]
[[no:uivaste]]</text>
<sha1>gcv96vr0c3zxkt0v1c9iznjsrexa6wk</sha1>
</revision>
