<page>
<title>uivaria</title>
<ns>0</ns>
<id>191996</id>
<revision>
<id>1178171</id>
<parentid>846747</parentid>
<timestamp>2011-07-06T22:02:28Z</timestamp>
<contributor>
<username>MalafayaBot</username>
<id>628</id>
</contributor>
<minor />
<comment>Robô: Substituição de texto automática (-^\=\s?Português\s?\= +={{-pt-}}= &amp; -^\=\s?\{\{pt\}\}\s?\= +={{-pt-}}=)</comment>
<model>wikitext</model>
<format>text/x-wiki</format>
<text bytes="234" xml:space="preserve">={{-pt-}}=
==Forma verbal==
'''uivaria'''
#[[primeira pessoa|primeira]] e [[terceira pessoa]] do [[singular]] do [[futuro do pretérito]] do verbo '''[[uivar]]'''
[[Categoria:Forma verbal (Português)]]
[[en:uivaria]]
[[no:uivaria]]</text>
<sha1>43oj3a2irejumne9ykis5oxeg8flobq</sha1>
</revision>
</page>
