<page>
<title>uivardes</title>
<ns>0</ns>
<id>210250</id>
<revision>
<id>1178165</id>
<parentid>850823</parentid>
<timestamp>2011-07-06T22:02:22Z</timestamp>
<contributor>
<username>MalafayaBot</username>
<id>628</id>
</contributor>
<minor />
<comment>Robô: Substituição de texto automática (-^\=\s?Português\s?\= +={{-pt-}}= &amp; -^\=\s?\{\{pt\}\}\s?\= +={{-pt-}}=)</comment>
<model>wikitext</model>
<format>text/x-wiki</format>
<text bytes="297" xml:space="preserve">={{-pt-}}=
==Forma verbal==
'''uivardes'''
#[[segunda pessoa]] do [[plural]] do [[futuro]] do [[modo subjuntivo]] do verbo '''[[uivar]]'''
#[[infinitivo pessoal]] da [[segunda pessoa]] do [[plural]] do verbo '''[[uivar]]'''
[[Categoria:Forma verbal (Português)]]
[[en:uivardes]]
[[no:uivardes]]</text>
<sha1>1cb5qd77185f28159abz9dh54r45x84</sha1>
</revision>
</page>
