<page>
<page>
<title>uivas</title>
<ns>0</ns>
<id>154556</id>
<revision>
<id>1178180</id>
<parentid>846400</parentid>
<timestamp>2011-07-06T22:02:38Z</timestamp>
<contributor>
<username>MalafayaBot</username>
<id>628</id>
</contributor>
<minor />
<comment>Robô: Substituição de texto automática (-^\=\s?Português\s?\= +={{-pt-}}= &amp; -^\=\s?\{\{pt\}\}\s?\= +={{-pt-}}=)</comment>
<model>wikitext</model>
<format>text/x-wiki</format>
<text bytes="203" xml:space="preserve">={{-pt-}}=
==Forma verbal==
'''uivas'''
#[[segunda]] [[pessoa]] do [[singular]] do [[presente]] [[indicativo]] do verbo '''[[uivar]]'''
[[Categoria:Forma verbal (Português)]]
[[en:uivas]]
[[no:uivas]]</text>
<sha1>p7qh6awa2ij25s6plgoj2o1t62pkeii</sha1>
</revision>
