<page>
<title>uivais</title>
<ns>0</ns>
<id>158861</id>
<revision>
<id>1178158</id>
<parentid>846803</parentid>
<timestamp>2011-07-06T22:02:15Z</timestamp>
<contributor>
<username>MalafayaBot</username>
<id>628</id>
</contributor>
<minor />
<comment>Robô: Substituição de texto automática (-^\=\s?Português\s?\= +={{-pt-}}= &amp; -^\=\s?\{\{pt\}\}\s?\= +={{-pt-}}=)</comment>
<model>wikitext</model>
<format>text/x-wiki</format>
<text bytes="207" xml:space="preserve">={{-pt-}}=
==Forma verbal==
'''uivais'''
#[[segunda pessoa]] do [[plural]] do [[presente]] do [[modo indicativo]] do verbo '''[[uivar]]'''
[[Categoria:Forma verbal (Português)]]
[[en:uivais]]
[[no:uivais]]</text>
<sha1>efleel78w6f6idwz2tqzl239k8tq37p</sha1>
</revision>
</page>
