<page>
<title>uivarei</title>
<ns>0</ns>
<id>183615</id>
<revision>
<id>1178166</id>
<parentid>840737</parentid>
<timestamp>2011-07-06T22:02:23Z</timestamp>
<contributor>
<username>MalafayaBot</username>
<id>628</id>
</contributor>
<minor />
<comment>Robô: Substituição de texto automática (-^\=\s?Português\s?\= +={{-pt-}}= &amp; -^\=\s?\{\{pt\}\}\s?\= +={{-pt-}}=)</comment>
<model>wikitext</model>
<format>text/x-wiki</format>
<text bytes="201" xml:space="preserve">={{-pt-}}=
==Forma verbal==
'''uivarei'''
#[[primeira pessoa]] do [[singular]] do [[futuro do presente]] do verbo '''[[uivar]]'''
[[Categoria:Forma verbal (Português)]]
[[en:uivarei]]
[[no:uivarei]]</text>
<sha1>ijqrtxbsaz9jshvmrh9iw9xo08m4a6q</sha1>
</revision>
</page>
