<page>
<page>
<title>uivares</title>
<ns>0</ns>
<id>207306</id>
<revision>
<id>1178170</id>
<parentid>846616</parentid>
<timestamp>2011-07-06T22:02:27Z</timestamp>
<contributor>
<username>MalafayaBot</username>
<id>628</id>
</contributor>
<minor />
<comment>Robô: Substituição de texto automática (-^\=\s?Português\s?\= +={{-pt-}}= &amp; -^\=\s?\{\{pt\}\}\s?\= +={{-pt-}}=)</comment>
<model>wikitext</model>
<format>text/x-wiki</format>
<text bytes="298" xml:space="preserve">={{-pt-}}=
==Forma verbal==
'''uivares'''
#[[segunda pessoa]] do [[singular]] do [[futuro]] do [[modo subjuntivo]] do verbo '''[[uivar]]'''
#[[infinitivo pessoal]] da [[segunda pessoa]] do [[singular]] do verbo '''[[uivar]]'''
[[Categoria:Forma verbal (Português)]]
[[en:uivares]]
[[no:uivares]]</text>
<sha1>3yyruqn8qdtqmwkgwl3nlnbr6jt8m92</sha1>
</revision>
