<page>
<page>
<title>uivasses</title>
<ns>0</ns>
<id>197296</id>
<revision>
<id>2023407</id>
<parentid>1949674</parentid>
<timestamp>2015-10-25T09:02:42Z</timestamp>
<contributor>
<username>ValJor</username>
<id>1358</id>
</contributor>
<comment>Acrescentando a predefinição avi-for-fle</comment>
<model>wikitext</model>
<format>text/x-wiki</format>
<text bytes="272" xml:space="preserve">={{-pt-}}=
==Forma verbal==
{{paroxítona|ui|vas|ses}}
# segunda pessoa do singular do pretérito imperfeito do modo {{PEPB|inline=1|conjuntivo|subjuntivo}} do verbo [[uivar]]
{{avi-for-fle|uivar}}
[[Categoria:Forma verbal (Português)]]
[[en:uivasses]]
[[no:uivasses]]</text>
<sha1>1bxxkcqh50tn331osqzzj40ryf76epa</sha1>
</revision>
