<page>
<page>
<title>uivara</title>
<ns>0</ns>
<id>177450</id>
<revision>
<id>1178162</id>
<parentid>854248</parentid>
<timestamp>2011-07-06T22:02:19Z</timestamp>
<contributor>
<username>MalafayaBot</username>
<id>628</id>
</contributor>
<minor />
<comment>Robô: Substituição de texto automática (-^\=\s?Português\s?\= +={{-pt-}}= &amp; -^\=\s?\{\{pt\}\}\s?\= +={{-pt-}}=)</comment>
<model>wikitext</model>
<format>text/x-wiki</format>
<text bytes="256" xml:space="preserve">={{-pt-}}=
==Forma verbal==
'''uivara'''
#[[primeira pessoa|primeira]] e [[terceira pessoa|terceira pessoas]] do [[singular]] do [[pretérito mais-que-perfeito]] do verbo '''[[uivar]]'''
[[Categoria:Forma verbal (Português)]]
[[en:uivara]]
[[no:uivara]]</text>
<sha1>0jm0efowpbylg2z426ej42nqcxpvrv9</sha1>
</revision>
