<page>
<title>uivasse</title>
<ns>0</ns>
<id>205594</id>
<revision>
<id>2023403</id>
<parentid>1949672</parentid>
<timestamp>2015-10-25T08:55:00Z</timestamp>
<contributor>
<username>ValJor</username>
<id>1358</id>
</contributor>
<comment>Retirando divisão silábica equivocada</comment>
<model>wikitext</model>
<format>text/x-wiki</format>
<text bytes="281" xml:space="preserve">={{-pt-}}=
==Forma verbal==
{{paroxítona|ui|vas|se}}
# primeira e terceira pessoa do singular do pretérito imperfeito do modo {{PEPB|inline=1|conjuntivo|subjuntivo}} do verbo [[uivar]]
{{avi-for-fle|uivar}}
[[Categoria:Forma verbal (Português)]]
[[en:uivasse]]
[[no:uivasse]]</text>
<sha1>6ail30eym113u5jtg1bsz4ce6a13ax9</sha1>
</revision>
</page>
