<page>
<title>uivará</title>
<ns>0</ns>
<id>186552</id>
<revision>
<id>2023373</id>
<parentid>1949662</parentid>
<timestamp>2015-10-25T08:27:08Z</timestamp>
<contributor>
<username>ValJor</username>
<id>1358</id>
</contributor>
<comment>Acrescentando a predefinição avi-for-fle</comment>
<model>wikitext</model>
<format>text/x-wiki</format>
<text bytes="216" xml:space="preserve">={{-pt-}}=
==Forma verbal==
{{oxítona|ui|va|rá}}
# terceira pessoa do singular do futuro do presente do verbo [[uivar]]
{{avi-for-fle|uivar}}
[[Categoria:Forma verbal (Português)]]
[[en:uivará]]
[[no:uivará]]</text>
<sha1>mhfmj4n5757dlvjeas1g8wiuon4ifwc</sha1>
</revision>
</page>
