<page>
<title>uivarás</title>
<ns>0</ns>
<id>185155</id>
<revision>
<id>2023392</id>
<parentid>1949663</parentid>
<timestamp>2015-10-25T08:35:52Z</timestamp>
<contributor>
<username>ValJor</username>
<id>1358</id>
</contributor>
<comment>Acrescentando a predefinição avi-for-fle</comment>
<model>wikitext</model>
<format>text/x-wiki</format>
<text bytes="218" xml:space="preserve">={{-pt-}}=
==Forma verbal==
{{oxítona|ui|va|rás}}
# segunda pessoa do singular do futuro do presente do verbo [[uivar]]
{{avi-for-fle|uivar}}
[[Categoria:Forma verbal (Português)]]
[[en:uivarás]]
[[no:uivarás]]</text>
<sha1>5hy2q0pwi8v5zstqyg6zif1i0axw0ua</sha1>
</revision>
</page>
