<page>
<page>
<title>uivai</title>
<ns>0</ns>
<id>220237</id>
<revision>
<id>1178157</id>
<parentid>851435</parentid>
<timestamp>2011-07-06T22:02:14Z</timestamp>
<contributor>
<username>MalafayaBot</username>
<id>628</id>
</contributor>
<minor />
<comment>Robô: Substituição de texto automática (-^\=\s?Português\s?\= +={{-pt-}}= &amp; -^\=\s?\{\{pt\}\}\s?\= +={{-pt-}}=)</comment>
<model>wikitext</model>
<format>text/x-wiki</format>
<text bytes="199" xml:space="preserve">={{-pt-}}=
==Forma verbal==
'''uivai'''
#[[segunda pessoa]] do [[plural]] do [[imperativo]] [[afirmativo]] do verbo '''[[uivar]]'''
[[Categoria:Forma verbal (Português)]]
[[en:uivai]]
[[no:uivai]]</text>
<sha1>1n6lba2qfrboc13ype6yzrkocyfh615</sha1>
</revision>
