<page>
<page>
<title>uivava</title>
<ns>0</ns>
<id>204306</id>
<revision>
<id>1178186</id>
<parentid>854239</parentid>
<timestamp>2011-07-06T22:02:44Z</timestamp>
<contributor>
<username>MalafayaBot</username>
<id>628</id>
</contributor>
<minor />
<comment>Robô: Substituição de texto automática (-^\=\s?Português\s?\= +={{-pt-}}= &amp; -^\=\s?\{\{pt\}\}\s?\= +={{-pt-}}=)</comment>
<model>wikitext</model>
<format>text/x-wiki</format>
<text bytes="255" xml:space="preserve">={{-pt-}}=
==Forma verbal==
'''uivava'''
#[[primeira pessoa|primeira]] e [[terceira pessoa]] do [[singular]] do [[pretérito imperfeito]] do [[modo indicativo]] do verbo '''[[uivar]]'''
[[Categoria:Forma verbal (Português)]]
[[en:uivava]]
[[no:uivava]]</text>
<sha1>qva3tko648bjhext9p22pw5vn8pwa36</sha1>
</revision>
