<page>
<page>
<title>uivaríamos</title>
<ns>0</ns>
<id>193341</id>
<revision>
<id>2023397</id>
<parentid>1949668</parentid>
<timestamp>2015-10-25T08:44:14Z</timestamp>
<contributor>
<username>ValJor</username>
<id>1358</id>
</contributor>
<comment>Acrescentando a predefinição avi-for-fle</comment>
<model>wikitext</model>
<format>text/x-wiki</format>
<text bytes="236" xml:space="preserve">={{-pt-}}=
==Forma verbal==
{{proparoxítona|ui|va|rí|a|mos}}
# primeira pessoa do plural do futuro do pretérito do verbo [[uivar]]
{{avi-for-fle|uivar}}
[[Categoria:Forma verbal (Português)]]
[[en:uivaríamos]]
[[no:uivaríamos]]</text>
<sha1>3tf9udgd68ouqrfzh2nodar18mkhked</sha1>
</revision>
