<page>
<title>uivassem</title>
<ns>0</ns>
<id>202967</id>
<revision>
<id>2023405</id>
<parentid>1949673</parentid>
<timestamp>2015-10-25T08:58:20Z</timestamp>
<contributor>
<username>ValJor</username>
<id>1358</id>
</contributor>
<comment>Retirando divisão silábica equivocada</comment>
<model>wikitext</model>
<format>text/x-wiki</format>
<text bytes="271" xml:space="preserve">={{-pt-}}=
==Forma verbal==
{{paroxítona|ui|vas|sem}}
# terceira pessoa do plural do pretérito imperfeito do modo {{PEPB|inline=1|conjuntivo|subjuntivo}} do verbo [[uivar]]
{{avi-for-fle|uivar}}
[[Categoria:Forma verbal (Português)]]
[[en:uivassem]]
[[no:uivassem]]</text>
<sha1>czpb8s3ua17ai87s50lkupwash3xmkt</sha1>
</revision>
</page>
