<page>
<page>
<title>uivarem</title>
<ns>0</ns>
<id>211585</id>
<revision>
<id>1178168</id>
<parentid>845975</parentid>
<timestamp>2011-07-06T22:02:25Z</timestamp>
<contributor>
<username>MalafayaBot</username>
<id>628</id>
</contributor>
<minor />
<comment>Robô: Substituição de texto automática (-^\=\s?Português\s?\= +={{-pt-}}= &amp; -^\=\s?\{\{pt\}\}\s?\= +={{-pt-}}=)</comment>
<model>wikitext</model>
<format>text/x-wiki</format>
<text bytes="296" xml:space="preserve">={{-pt-}}=
==Forma verbal==
'''uivarem'''
#[[terceira pessoa]] do [[plural]] do [[futuro]] do [[modo subjuntivo]] do verbo '''[[uivar]]'''
#[[infinitivo pessoal]] da [[terceira pessoa]] do [[plural]] do verbo '''[[uivar]]'''
[[Categoria:Forma verbal (Português)]]
[[en:uivarem]]
[[no:uivarem]]</text>
<sha1>0z343a77z6eebdd65rjyxobyg6ybuye</sha1>
</revision>
