<page>
<title>uivemos</title>
<ns>0</ns>
<id>214386</id>
<revision>
<id>1178193</id>
<parentid>846948</parentid>
<timestamp>2011-07-06T22:02:51Z</timestamp>
<contributor>
<username>MalafayaBot</username>
<id>628</id>
</contributor>
<minor />
<comment>Robô: Substituição de texto automática (-^\=\s?Português\s?\= +={{-pt-}}= &amp; -^\=\s?\{\{pt\}\}\s?\= +={{-pt-}}=)</comment>
<model>wikitext</model>
<format>text/x-wiki</format>
<text bytes="396" xml:space="preserve">={{-pt-}}=
==Forma verbal==
'''uivemos'''
#[[primeira pessoa]] do [[plural]] do [[presente]] do [[modo subjuntivo]] do verbo '''[[uivar]]'''
#[[primeira pessoa]] do [[plural]] do [[imperativo]] [[afirmativo]] do verbo '''[[uivar]]'''
#[[primeira pessoa]] do [[plural]] do [[imperativo]] [[negativo]] do verbo '''[[uivar]]'''
[[Categoria:Forma verbal (Português)]]
[[en:uivemos]]
[[no:uivemos]]</text>
<sha1>ok08pxl6kr71palholu7lnm9wnbk92n</sha1>
</revision>
</page>
