<page>
<page>
<title>uivei</title>
<ns>0</ns>
<id>170548</id>
<revision>
<id>1178190</id>
<parentid>846698</parentid>
<timestamp>2011-07-06T22:02:48Z</timestamp>
<contributor>
<username>MalafayaBot</username>
<id>628</id>
</contributor>
<minor />
<comment>Robô: Substituição de texto automática (-^\=\s?Português\s?\= +={{-pt-}}= &amp; -^\=\s?\{\{pt\}\}\s?\= +={{-pt-}}=)</comment>
<model>wikitext</model>
<format>text/x-wiki</format>
<text bytes="218" xml:space="preserve">={{-pt-}}=
==Forma verbal==
'''uivei'''
#[[primeira pessoa]] do [[singular]] do [[pretérito perfeito]] do [[modo indicativo]] do verbo '''[[uivar]]'''
[[Categoria:Forma verbal (Português)]]
[[en:uivei]]
[[no:uivei]]</text>
<sha1>qcwu1nkxdvcq3yp89g1zi96hm1msuh3</sha1>
</revision>
