<page>
<title>uiveis</title>
<ns>0</ns>
<id>217336</id>
<revision>
<id>1178191</id>
<parentid>851397</parentid>
<timestamp>2011-07-06T22:02:49Z</timestamp>
<contributor>
<username>MalafayaBot</username>
<id>628</id>
</contributor>
<minor />
<comment>Robô: Substituição de texto automática (-^\=\s?Português\s?\= +={{-pt-}}= &amp; -^\=\s?\{\{pt\}\}\s?\= +={{-pt-}}=)</comment>
<model>wikitext</model>
<format>text/x-wiki</format>
<text bytes="298" xml:space="preserve">={{-pt-}}=
==Forma verbal==
'''uiveis'''
#[[segunda pessoa]] do [[plural]] do [[presente]] do [[modo subjuntivo]] do verbo '''[[uivar]]'''
#[[segunda pessoa]] do [[plural]] do [[imperativo]] [[negativo]] do verbo '''[[uivar]]'''
[[Categoria:Forma verbal (Português)]]
[[en:uiveis]]
[[no:uiveis]]</text>
<sha1>th7dpvi45hssthturn7u92irqs4a0de</sha1>
</revision>
</page>
