<page>
<page>
<title>uivem</title>
<ns>0</ns>
<id>215950</id>
<revision>
<id>1178192</id>
<parentid>841517</parentid>
<timestamp>2011-07-06T22:02:50Z</timestamp>
<contributor>
<username>MalafayaBot</username>
<id>628</id>
</contributor>
<minor />
<comment>Robô: Substituição de texto automática (-^\=\s?Português\s?\= +={{-pt-}}= &amp; -^\=\s?\{\{pt\}\}\s?\= +={{-pt-}}=)</comment>
<model>wikitext</model>
<format>text/x-wiki</format>
<text bytes="390" xml:space="preserve">={{-pt-}}=
==Forma verbal==
'''uivem'''
#[[terceira pessoa]] do [[plural]] do [[presente]] do [[modo subjuntivo]] do verbo '''[[uivar]]'''
#[[terceira pessoa]] do [[plural]] do [[imperativo]] [[afirmativo]] do verbo '''[[uivar]]'''
#[[terceira pessoa]] do [[plural]] do [[imperativo]] [[negativo]] do verbo '''[[uivar]]'''
[[Categoria:Forma verbal (Português)]]
[[en:uivem]]
[[no:uivem]]</text>
<sha1>szfi4r4hxkhhlm5qa1uostcquil7pir</sha1>
</revision>
