<page>
<title>uives</title>
<ns>0</ns>
<id>218765</id>
<revision>
<id>1178194</id>
<parentid>840768</parentid>
<timestamp>2011-07-06T22:02:52Z</timestamp>
<contributor>
<username>MalafayaBot</username>
<id>628</id>
</contributor>
<minor />
<comment>Robô: Substituição de texto automática (-^\=\s?Português\s?\= +={{-pt-}}= &amp; -^\=\s?\{\{pt\}\}\s?\= +={{-pt-}}=)</comment>
<model>wikitext</model>
<format>text/x-wiki</format>
<text bytes="299" xml:space="preserve">={{-pt-}}=
==Forma verbal==
'''uives'''
#[[segunda pessoa]] do [[singular]] do [[presente]] do [[modo subjuntivo]] do verbo '''[[uivar]]'''
#[[segunda pessoa]] do [[singular]] do [[imperativo]] [[negativo]] do verbo '''[[uivar]]'''
[[Categoria:Forma verbal (Português)]]
[[en:uives]]
[[no:uives]]</text>
<sha1>l9p2vaz5jj3ur69i8aydjfw0dq3dyyx</sha1>
</revision>
</page>
