<page>
<page>
<title>uivou</title>
<ns>0</ns>
<id>173335</id>
<revision>
<id>1178196</id>
<parentid>851438</parentid>
<timestamp>2011-07-06T22:02:54Z</timestamp>
<contributor>
<username>MalafayaBot</username>
<id>628</id>
</contributor>
<minor />
<comment>Robô: Substituição de texto automática (-^\=\s?Português\s?\= +={{-pt-}}= &amp; -^\=\s?\{\{pt\}\}\s?\= +={{-pt-}}=)</comment>
<model>wikitext</model>
<format>text/x-wiki</format>
<text bytes="218" xml:space="preserve">={{-pt-}}=
==Forma verbal==
'''uivou'''
#[[terceira pessoa]] do [[singular]] do [[pretérito perfeito]] do [[modo indicativo]] do verbo '''[[uivar]]'''
[[Categoria:Forma verbal (Português)]]
[[en:uivou]]
[[no:uivou]]</text>
<sha1>767bsdw7utj8jb00kechsq4p1zuh90t</sha1>
</revision>
