<page>
<title>uivo</title>
<ns>0</ns>
<id>152420</id>
<revision>
<id>2610139</id>
<parentid>2586395</parentid>
<timestamp>2021-01-30T20:04:24Z</timestamp>
<contributor>
<username>Marxav</username>
<id>73271</id>
</contributor>
<minor />
<comment>AFI Portugal</comment>
<model>wikitext</model>
<format>text/x-wiki</format>
<text bytes="939" xml:space="preserve">{{Wikipédia|lang=pt}}
={{-pt-}}=
==Substantivo==
{{flex.pt|ms=uivo|mp=uivos}}
{{paroxítona|ui|vo}}, {{gramática|m}}
# o [[grito]] dos [[lobo]]s, [[cachorro]]s, etc
# {{escopo|pt|Figurado}} [[grito]] de [[dor]], [[raiva]], etc
===Tradução===
{{tradini}}
* {{trad|de|Heulen}}
* {{trad|es|aullido|aullo|bramido}}
* {{trad|fr|hurlement}}
* {{trad|nl|gehuil}}
{{tradmeio}}
* {{trad|en|howl}}
* {{trad|it|uggiolio}}
* {{trad|pl|wycie|wrzask}}
* {{trad|sv|ylande}}
{{tradfim}}
==Forma verbal==
{{paroxítona|ui|vo}}
# primeira pessoa do singular do presente indicativo do verbo [[uivar]]
{{avi-for-fle|uivar}}
=={{etimologia|pt}}==
: Derivado do verbo [[uivar]].
=={{pronúncia|pt}}==
===Portugal===
* AFI: {{AFI|/ˈuj.vu/}}
==Ligações externas==
* {{Aulete}}
* {{Michaelis}}
* {{DPLP}}
* {{Infopédia}}
* {{PLP}}
* {{VOLPABL}}
==Anagrama==
# [[ouvi]]
[[Categoria:Substantivo (Português)]]
[[Categoria:Forma verbal (Português)]]</text>
<sha1>c7fgpbioi2vcw9v7te9u7413trqtuki</sha1>
</revision>
</page>
