<page>
<page>
<title>uivos</title>
<ns>0</ns>
<id>152435</id>
<revision>
<id>1801207</id>
<parentid>659258</parentid>
<timestamp>2014-01-04T18:27:20Z</timestamp>
<contributor>
<username>MalafayaBot</username>
<id>628</id>
</contributor>
<minor />
<comment>r2.7.5) (Robô: A adicionar: [[en:uivos]]</comment>
<model>wikitext</model>
<format>text/x-wiki</format>
<text bytes="142" xml:space="preserve">={{-pt-}}=
==Forma de substantivo==
'''uivos''' {{p}}
#plural de '''[[uivo]]'''
[[Categoria:Forma de substantivo (Português)]]
[[en:uivos]]</text>
<sha1>lhi71ws6blzrhax55lfyg1x106rv6yz</sha1>
</revision>
