<page>
<page>
<title>uiváreis</title>
<ns>0</ns>
<id>182135</id>
<revision>
<id>2023412</id>
<parentid>1949676</parentid>
<timestamp>2015-10-25T09:07:06Z</timestamp>
<contributor>
<username>ValJor</username>
<id>1358</id>
</contributor>
<comment>Acrescentando a predefinição avi-for-fle</comment>
<model>wikitext</model>
<format>text/x-wiki</format>
<text bytes="232" xml:space="preserve">={{-pt-}}=
==Forma verbal==
{{paroxítona|ui|vá|reis}}
# segunda pessoa do plural do pretérito mais-que-perfeito do verbo [[uivar]]
{{avi-for-fle|uivar}}
[[Categoria:Forma verbal (Português)]]
[[en:uiváreis]]
[[no:uiváreis]]</text>
<sha1>88ob6vj5an3ctx3jvcn65rbsb0e8axz</sha1>
</revision>
