<page>
<title>uivávamos</title>
<ns>0</ns>
<id>163216</id>
<revision>
<id>2024537</id>
<parentid>1949679</parentid>
<timestamp>2015-10-26T01:16:21Z</timestamp>
<contributor>
<username>ValJor</username>
<id>1358</id>
</contributor>
<comment>Acrescentando a predefinição avi-for-fle</comment>
<model>wikitext</model>
<format>text/x-wiki</format>
<text bytes="252" xml:space="preserve">={{-pt-}}=
==Forma verbal==
{{proparoxítona|ui|vá|va|mos}}
# primeira pessoa do plural do pretérito imperfeito do modo indicativo do verbo [[uivar]]
{{avi-for-fle|uivar}}
[[Categoria:Forma verbal (Português)]]
[[en:uivávamos]]
[[no:uivávamos]]</text>
<sha1>alsxm0jobe5cwa8dd7r94mjj13kh43s</sha1>
</revision>
</page>
