<page>
<page>
<title>uivásseis</title>
<ns>0</ns>
<id>201607</id>
<revision>
<id>2023414</id>
<parentid>1949677</parentid>
<timestamp>2015-10-25T09:10:03Z</timestamp>
<contributor>
<username>ValJor</username>
<id>1358</id>
</contributor>
<comment>Retirando divisão silábica equivocada</comment>
<model>wikitext</model>
<format>text/x-wiki</format>
<text bytes="276" xml:space="preserve">={{-pt-}}=
==Forma verbal==
{{paroxítona|ui|vás|seis}}
# segunda pessoa do plural do pretérito imperfeito do modo {{PEPB|inline=1|conjuntivo|subjuntivo}} do verbo [[uivar]]
{{avi-for-fle|uivar}}
[[Categoria:Forma verbal (Português)]]
[[en:uivásseis]]
[[no:uivásseis]]</text>
<sha1>epm14kuulpwqhzd8h0tnkiv6p6hdvq4</sha1>
</revision>
