<page>
<page>
<title>uiváveis</title>
<ns>0</ns>
<id>167652</id>
<revision>
<id>2024539</id>
<parentid>1949680</parentid>
<timestamp>2015-10-26T01:17:29Z</timestamp>
<contributor>
<username>ValJor</username>
<id>1358</id>
</contributor>
<comment>Acrescentando a predefinição avi-for-fle</comment>
<model>wikitext</model>
<format>text/x-wiki</format>
<text bytes="244" xml:space="preserve">={{-pt-}}=
==Forma verbal==
{{paroxítona|ui|vá|veis}}
# segunda pessoa do plural do pretérito imperfeito do modo indicativo do verbo [[uivar]]
{{avi-for-fle|uivar}}
[[Categoria:Forma verbal (Português)]]
[[en:uiváveis]]
[[no:uiváveis]]</text>
<sha1>eeq3wrand0zzrqn18d2urd5hu73ghhf</sha1>
</revision>
