<page>
<page>
<title>Ujanda</title>
<ns>0</ns>
<id>145489</id>
<revision>
<id>2635589</id>
<parentid>1615419</parentid>
<timestamp>2021-05-24T14:56:29Z</timestamp>
<contributor>
<username>ValJor</username>
<id>1358</id>
</contributor>
<comment>Acrescentando código de língua à [[:Categoria:!Página com mensagem de erro em predefinição|predefinição escopo]]</comment>
<model>wikitext</model>
<format>text/x-wiki</format>
<text bytes="437" xml:space="preserve">[[Imagem:Flag of Uganda.svg|thumb|right|250px|{{centro|Bandeira de Uganda}}]]
[[Imagem:LocationUganda.svg|thumb|right|250px|{{centro|Localização de Uganda}}]]
={{-ksh-}}=
==Substantivo==
'''U.jan.da''', {{gramática|pr}}
# {{escopo|ksh|País}} [[Uganda]]
==Ver também==
===No Wikcionário===
{{África/ksh}}
[[Categoria:Substantivo (Francônio)]]
[[Categoria:Trissílabo (Francônio)]]
[[Categoria:Entrada com imagem (Francônio)]]</text>
<sha1>8bjtmh2x41wzqcd7yno2gu2nm9ysibb</sha1>
</revision>
