<page>
<title>uje</title>
<ns>0</ns>
<id>436261</id>
<revision>
<id>2644191</id>
<timestamp>2021-08-02T20:11:51Z</timestamp>
<contributor>
<username>Cpls</username>
<id>20608</id>
</contributor>
<comment>[[Ajuda:Guia de edição/Menus e ferramentas/Sumário de edição|→]] nova página: {{ver também|ujë}}  ={{-gl-}}= {{ga-in}} ==Substantivo== {{flex.gl|ms=uje|mp=uje}} {{paroxítona|u|je|lang=gl}}, {{g|m}} # {{escopo|gl|Peixe}} [[tremelga-marmoreada]] (''[[species:Torpedo marmorata|Torpedo marmorata]]'')   ===Sinónimos=== * [[entulga#{{gl}}|entulga]], [[estruga#{{gl}}|estruga]], [[formigão#{{gl}}|formigão]], [[ortiga#{{gl}}|ortiga]], [[ortiga-de-mar#{{gl}}|ortiga-de-mar]], ortuga#{{...</comment>
<model>wikitext</model>
<format>text/x-wiki</format>
<text bytes="1854" xml:space="preserve">{{ver também|ujë}}
={{-gl-}}=
{{ga-in}}
==Substantivo==
{{flex.gl|ms=uje|mp=uje}}
{{paroxítona|u|je|lang=gl}}, {{g|m}}
# {{escopo|gl|Peixe}} [[tremelga-marmoreada]] (''[[species:Torpedo marmorata|Torpedo marmorata]]'') 
===Sinónimos===
* [[entulga#{{gl}}|entulga]], [[estruga#{{gl}}|estruga]], [[formigão#{{gl}}|formigão]], [[ortiga#{{gl}}|ortiga]], [[ortiga-de-mar#{{gl}}|ortiga-de-mar]], [[ortuga#{{gl}}|ortuga]], [[ousa#{{gl}}|ousa]], [[pombo#{{gl}}|pombo]], [[raa-estiga#{{gl}}|raa-estiga]], [[raa-estriga#{{gl}}|raa-estriga]], [[raa-roja#{{gl}}|raa-roja]], [[raestriga#{{gl}}|raestriga]], [[raia-estrinque#{{gl}}|raia-estrinque]], [[raia-anturga#{{gl}}|raia-anturga]], [[raia-elétrica#{{gl}}|raia-elétrica]], [[raia-estriga#{{gl}}|raia-estriga]], [[raia-estringe#{{gl}}|raia-estringe]], [[raia-estrinja#{{gl}}|raia-estrinja]], [[raia-estrinque#{{gl}}|raia-estrinque]], [[raia-estruga#{{gl}}|raia-estruga]], [[raia-ortiga#{{gl}}|raia-ortiga]], [[raia-roja#{{gl}}|raia-roja]], [[raia-tembla#{{gl}}|raia-tembla]], [[raia-tembladeira#{{gl}}|raia-tembladeira]], [[raia-tinga#{{gl}}|raia-tinga]], [[raia-trema#{{gl}}|raia-trema]], [[raia-tremedeira#{{gl}}|raia-tremedeira]], [[raia-tremedora#{{gl}}|raia-tremedora]], [[raia-trémelho#{{gl}}|raia-trémelho]], [[raia-tremideira#{{gl}}|raia-tremideira]], [[tamielga#{{gl}}|tamielga]], [[témaro#{{gl}}|témaro]], [[tembla#{{gl}}|tembla]], [[tembladeira#{{gl}}|tembladeira]], [[tembladoir#{{gl}}|tembladoira]], [[temblador#{{gl}}|temblador]], [[tembleque#{{gl}}|tembleque]], [[templo#{{gl}}|templo]], [[tingo#{{gl}}|tingo]], [[trêmalho#{{gl}}|trêmalho]], [[trêmaro#{{gl}}|trêmaro]], [[trêmelho#{{gl}}|trêmelho]], [[tremo#{{gl}}|tremo]], [[trêmoa#{{gl}}|trêmoa]], [[treuma#{{gl}}|treuma]], [[urtiga#{{gl}}|urtiga]]
==Ligações externas==
* {{Estraviz}}
[[Categoria:Substantivo (Galego)]]</text>
<sha1>kka2hiy76t9c2h13b4tgsgsxsuv1tb0</sha1>
</revision>
</page>
