<page>
<page>
<title>Ujerumani</title>
<ns>0</ns>
<id>316041</id>
<revision>
<id>2597678</id>
<parentid>2281650</parentid>
<timestamp>2020-10-03T10:05:07Z</timestamp>
<contributor>
<username>ValJor</username>
<id>1358</id>
</contributor>
<comment>Confirmando [[:Categoria:!Entrada criada por robô|verbete criado por robô]]</comment>
<model>wikitext</model>
<format>text/x-wiki</format>
<text bytes="432" xml:space="preserve">{{Wikipédia|lang=sw}}
[[Imagem:Flag of Germany.svg|thumb|right|250px|&lt;center&gt;Bandeira da Alemanha&lt;/center&gt;]]
[[Imagem:LocationGermany.svg|thumb|right|250px|&lt;center&gt;Localização da Alemanha&lt;/center&gt;]]
={{-sw-}}=
==Substantivo==
'''Ujerumani''', {{gramática|pr}}
# {{escopo|sw|País}} [[Alemanha]]
==Ver também==
===No Wikcionário===
{{Europa/sw}}
[[Categoria:Substantivo (Suaíli)]]
[[Categoria:Entrada com imagem (Suaíli)]]</text>
<sha1>rnvmm3dzqptfwx5m6coop2gtn8un0hk</sha1>
</revision>
