<page>
<page>
<title>ujeuen</title>
<ns>0</ns>
<id>415758</id>
<revision>
<id>2657937</id>
<parentid>2562796</parentid>
<timestamp>2022-01-15T04:39:44Z</timestamp>
<contributor>
<username>ValJor</username>
<id>1358</id>
</contributor>
<comment>Confirmando [[:Categoria:!Entrada criada por robô|verbete criado por robô]]</comment>
<model>wikitext</model>
<format>text/x-wiki</format>
<text bytes="251" xml:space="preserve">[[Imagem:Rain showers in Stockholm 2015.jpg|thumb|right|250px|{{centro|Chuva}}]]
={{-ace-}}=
==Substantivo==
'''ujeuen'''
# [[chuva]]
[[Categoria:Substantivo (Acenês)]]
[[Categoria:Meteorologia (Acenês)]]
[[Categoria:Entrada com imagem (Acenês)]]</text>
<sha1>qj3djlbqabcc5cqbqs46we9i23bhmpb</sha1>
</revision>
