<page>
<page>
<title>ujir</title>
<ns>0</ns>
<id>315517</id>
<revision>
<id>1692148</id>
<parentid>1691685</parentid>
<timestamp>2013-06-01T10:22:50Z</timestamp>
<contributor>
<username>ValJor</username>
<id>1358</id>
</contributor>
<comment>Por um [[Wikcionário:Listas de verbetes com problemas|wikcionário com saídas]]!</comment>
<model>wikitext</model>
<format>text/x-wiki</format>
<text bytes="159" xml:space="preserve">={{-pt-}}=
==Substantivo==
{{oxítona|u|jir}}
# [[língua]] falada na [[Indonésia]]
[[Categoria:Substantivo (Português)]]
[[Categoria:Língua (Português)]]</text>
<sha1>2ptrblnq1sjaqeb3mzc1luhgub4l70p</sha1>
</revision>
