<page>
<title>ujk</title>
<ns>0</ns>
<id>227717</id>
<revision>
<id>2542704</id>
<parentid>2542663</parentid>
<timestamp>2019-04-25T13:01:20Z</timestamp>
<contributor>
<ip>186.215.55.84</ip>
</contributor>
<comment>desenvolvimento da entrada</comment>
<model>wikitext</model>
<format>text/x-wiki</format>
<text bytes="2391" xml:space="preserve">[[Ficheiro:Canis lupus.jpg|thumb|350px|'''Ujk''' (&quot;lobo&quot;)]]
={{-sq-}}=
{{Wikipédia|ujku gri|lang=sq}}
==Substantivo==
'''ujk''' {{g|m}}
# {{escopo|sq|mamífero}} [[lobo]]; mamífero [[canídeo]] (''[[species:Canis lupus|Canis lupus]]'')
#: ''Gjitarë të mëdhenj të rrallë si ariu, '''ujku''', rrëqebulli, që janë zhdukur në pjesën më të mëdha të Europës, sot gjenden në Shqipëri.'' &lt;small&gt;(Mamíferos raros que desapareceram na maior parte da Europa, como o urso, o lobo e o lince, são encontrados hoje na Albânia.)&lt;/small&gt;
# {{escopo|sq|figurado}} indivíduo [[impiedoso]] e [[ambicioso]]
# {{escopo|sq|figurado}} [[touro]]; alguém que goza de [[excelente]] [[saúde]]
# {{escopo|sq|arquitetura}} [[coluna]] que sustenta as [[viga]]s de um [[teto]]
===Formas alternativas===
* {{escopo2|Gheg}} {{link opcional|uk|sq}}
===Sinônimos===
* {{link opcional|ujk gri}}
===Declinação===
{{decl.sq.subst
|nis=[[ujk]] |nds=ujq |nip=ujku |ndp=ujqit
|ais=[[ujk]] |ads=ujq |aip=ujkun |adp=ujqit
|gis=ujku |gds=ujqve |gip=ujkut |gdp=ujqve
|dis=ujku |dds=ujqve |dip=ujkut |ddp=ujqve
|abis=ujku |abds=ujqish |abip=ujkut |abdp=ujqve
}}
===Locuções e expressões===
* '''gojë ujku''': {{escopo2|botânica}} [[boca-de-leão]] (''[[species:Antirrhinum majus|Antirrhinum majus]]'')
===Termos derivados===
{{verTambém.Ini}}
* {{link opcional|gojujk}}
* {{link opcional|njeri-ujk}}
{{verTambém.NovaColuna|25}}
* {{link opcional|ujkth}}
* {{link opcional|ujkeshë}}
{{verTambém.NovaColuna|25}}
* {{link opcional|ujqëri}}
* {{link opcional|ujqërisht}}
{{verTambém.NovaColuna|25}}
* {{link opcional|ukonjë}}
{{verTambém.Fim}}
=={{etimologia|sq}}==
:Do {{link opcional|protoalbanês}} *''(w)ulka'', através da forma arcaica e dialetal {{etimo|sq|ulk}}.
=={{pronúncia|sq}}==
* [[AFI]]: {{AFI|/ujk/}}
* [[X-SAMPA]]: /ujk/
==Ver também==
===No Wikcionário===
{{verTambém.Ini}}
* {{link opcional|luqerbull}}
{{verTambém.Fim}}
==Ligações externas==
===Referências===
{{verTambém.Ini}}
* Orel, V.E.. ''Albanian Etymological Dictionary''. Leiden: ''Brill'', 1998. Pág.484.
* &lt;span style=&quot;color:#555;&quot;&gt;(em albanês)&lt;/span&gt; “[http://fjale.al/ujk ujk]” no ''FJALË''
* &lt;span style=&quot;color:#555;&quot;&gt;(em albanês)&lt;/span&gt; “[http://fjalorthi.com/ujk ujk]” no ''Fjalor i Gjuhës Shqipe''
{{verTambém.Fim}}
{{categorias|{{sq}}|Substantivo|Monossílabo|Entrada com imagem}}</text>
<sha1>i6a30q34lvwj4t0m029k8d63n2d1587</sha1>
</revision>
</page>
