<page>
<title>uka</title>
<ns>0</ns>
<id>324951</id>
<revision>
<id>2139407</id>
<parentid>2036873</parentid>
<timestamp>2016-06-11T06:39:34Z</timestamp>
<contributor>
<username>UT-interwiki-Bot</username>
<id>56129</id>
</contributor>
<minor />
<comment>Robô: A adicionar: [[sh:uka]], [[sr:uka]]</comment>
<model>wikitext</model>
<format>text/x-wiki</format>
<text bytes="1186" xml:space="preserve">={{-cod-}}=
==Substantivo==
[[Imagem:Casa Baia de Guaraja.jpg|thumb|direita|200px|'''uka''']]
'''{{grifar|u}}.ka''' 
# [[casa]]
===Referências===
{{verTambém.Ini}}
* &lt;span style=&quot;color:#555;&quot;&gt;(em espanhol)&lt;/span&gt; ESPINOSA, Lucas. ''Breve Diccionario Analitico Castellano-Tupi del Peru - Sección Cocama''. Iquitos (PER): Ediciones C.E.T.A, 1989. ISBN 84-89295-43-3.
* &lt;span style=&quot;color:#555;&quot;&gt;(em espanhol)&lt;/span&gt; FAUST, Norma. ''Gramatica Cocama - Lecciones para el apredizaje del idoma cocama''. Série Linguística Peruana, nº 6. 3ª edição. Lima: Instituto Lingüístico de Verano, 2008.
* &lt;span style=&quot;color:#555;&quot;&gt;(em português)&lt;/span&gt; VIEGAS, Chandra Wood. ''Natureza e direções das mudanças linguísticas observadas entre os últimos falantes do Kokáma nativos do Brasil''. Dissertação de mestrado. Universidade de Brasília. 2010.
* &lt;span style=&quot;color:#555;&quot;&gt;(em inglês)&lt;/span&gt; YOPÁN, Rosa Vallejos. ''A Grammar of Kokama-Kokamilla''. Dissertação. University of Oregon. 2010
{{verTambém.Fim}}
{{categorias|{{cod}}|Substantivo|Dissílabo|Entrada com imagem}}
[[az:uka]]
[[en:uka]]
[[fr:uka]]
[[mg:uka]]
[[nl:uka]]
[[sh:uka]]
[[sr:uka]]
[[tr:uka]]
[[uz:uka]]</text>
<sha1>p4odwli1pt7ry4o2hmlyju6lkjcm4iy</sha1>
</revision>
</page>
