<page>
<title>ukedager</title>
<ns>0</ns>
<id>231264</id>
<revision>
<id>2584066</id>
<parentid>2139406</parentid>
<timestamp>2020-03-28T09:54:07Z</timestamp>
<contributor>
<username>ValJor</username>
<id>1358</id>
</contributor>
<comment>Confirmando [[:Categoria:!Entrada criada por robô|verbete criado por robô]]</comment>
<model>wikitext</model>
<format>text/x-wiki</format>
<text bytes="175" xml:space="preserve">{{Wikipédia|lang=no}}
={{-no-}}=
==Substantivo==
'''ukedager'''
# [[semana]] (período de sete dias)
[[Categoria:Substantivo (Norueguês)]]
[[Categoria:Tempo (Norueguês)]]</text>
<sha1>h0dij2q9fjngub031has3x2xkfnzfnq</sha1>
</revision>
</page>
