<page>
<page>
<title>Uklenyi</title>
<ns>0</ns>
<id>409293</id>
<revision>
<id>2541727</id>
<timestamp>2019-04-15T08:45:44Z</timestamp>
<contributor>
<username>ValJor</username>
<id>1358</id>
</contributor>
<comment>Criação do verbete a partir da [[Especial:Páginas_pedidas|lista de palavras pedidas]]</comment>
<model>wikitext</model>
<format>text/x-wiki</format>
<text bytes="434" xml:space="preserve">{{Wikipédia|lang=kg}}
[[Imagem:Flag of Ukraine.svg|thumb|right|250px|&lt;center&gt;Bandeira da Ucrânia&lt;/center&gt;]]
[[Imagem:Europe location UKR.png|thumb|right|250px|&lt;center&gt;Localização da Ucrânia&lt;/center&gt;]]
={{-kg-}}=
==Substantivo==
'''Uklenyi''', {{gramática|pr}}
# {{escopo|kg|País}} [[Ucrânia]]
==Ver também==
===No Wikcionário===
{{Europa/kg}}
[[Categoria:Substantivo (Kikongo)]]
[[Categoria:Entrada com imagem (Kikongo)]]</text>
<sha1>3jh8sndwn0yfz6gb9f9g33kmqnn4qdc</sha1>
</revision>
