<page>
<page>
<title>ukomunisti</title>
<ns>0</ns>
<id>416145</id>
<revision>
<id>2563390</id>
<timestamp>2019-11-26T17:28:11Z</timestamp>
<contributor>
<username>MalafayaBot</username>
<id>628</id>
</contributor>
<comment>Criada automaticamente a partir das traduções em [[comunismo]]</comment>
<model>wikitext</model>
<format>text/x-wiki</format>
<text bytes="148" xml:space="preserve">={{-sw-}}=
==Substantivo==
'''ukomunisti'''
# [[comunismo]]
{{página-automática|novembro|2019|comunismo|sw}}
[[Categoria:Substantivo (Suaíli)]]</text>
<sha1>bdyqngp4mwy8ajmy6qrvcc0igtdqlbf</sha1>
</revision>
