<page>
<page>
<title>Ukraina</title>
<ns>0</ns>
<id>59712</id>
<revision>
<id>2635414</id>
<parentid>2606020</parentid>
<timestamp>2021-05-23T22:27:58Z</timestamp>
<contributor>
<username>ValJor</username>
<id>1358</id>
</contributor>
<comment>Acrescentando código de língua à [[:Categoria:!Página com mensagem de erro em predefinição|predefinição escopo]]</comment>
<model>wikitext</model>
<format>text/x-wiki</format>
<text bytes="16870" xml:space="preserve">{{Wikipédia|lang=ace}}
{{Wikipédia|lang=sq}}
{{Wikipédia|lang=ban}}
{{Wikipédia|lang=bjn}}
{{Wikipédia|lang=eu}}
{{Wikipédia|lang=br}}
{{Wikipédia|lang=kaa}}
{{Wikipédia|lang=et}}
{{Wikipédia|lang=fo}}
{{Wikipédia|lang=fi}}
{{Wikipédia|lang=hak}}
{{Wikipédia|lang=io}}
{{Wikipédia|lang=id}}
{{Wikipédia|lang=ia}}
{{Wikipédia|lang=jv}}
{{Wikipédia|lang=avk}}
{{Wikipédia|lang=lad}}
{{Wikipédia|lang=ltg}}
{{Wikipédia|lang=lv}}
{{Wikipédia|lang=lt}}
{{Wikipédia|lang=mad}}
{{Wikipédia|lang=nan}}
{{Wikipédia|lang=no}}
{{Wikipédia|lang=nov}}
{{Wikipédia|lang=nn}}
{{Wikipédia|lang=pl}}
{{Wikipédia|lang=smn}}
{{Wikipédia|lang=se}}
{{Wikipédia|lang=hsb}}
{{Wikipédia|lang=dsb}}
{{Wikipédia|lang=sv}}
{{Wikipédia|lang=su}}
{{Wikipédia|lang=crh}}
{{Wikipédia|lang=tk}}
{{Wikipédia|lang=uz}}
{{Wikipédia|lang=vi}}
{{Wikipédia|lang=vro}}
[[Imagem:Flag of Ukraine.svg|thumb|right|250px|{{centro|Bandeira da Ucrânia}}]]
[[Imagem:Europe-Ukraine (orthographic projection; disputed territory).svg|thumb|right|250px|{{centro|Localização da Ucrânia}}]]
={{-ace-}}=
==Substantivo==
'''Ukraina''', {{gramática|pr}}
# {{escopo|ace|País}} [[Ucrânia]]
=={{etimologia|ace}}==
{{llietimo|uk|Україна|ace|Ukrayina}}
==Ver também==
===No Wikcionário===
{{Europa/ace}}
[[Categoria:Substantivo (Acenês)]]
[[Categoria:Entrada com imagem (Acenês)]] 
={{-sq-}}=
==Substantivo==
'''Ukraina''', {{gramática|pr}}
# {{escopo|sq|País}} [[Ucrânia]]
===Verbetes derivados===
{{verTambém.Ini}}
* {{link opcional|ukrainas|sq}}
* {{link opcional|ukrainishtja|sq}}
{{verTambém.Fim}}
=={{etimologia|sq}}==
{{llietimo|uk|Україна|sq|Ukrayina}}
==Ver também==
===No Wikcionário===
{{verTambém.Ini}}
* {{link opcional|Kiev|sq}}
{{verTambém.Fim}}
{{Europa/sq}}
[[Categoria:Substantivo (Albanês)]]
[[Categoria:Entrada com imagem (Albanês)]] 
={{-ban-}}=
==Substantivo==
'''Ukraina''', {{gramática|pr}}
# {{escopo|ban|País}} [[Ucrânia]]
=={{etimologia|ban}}==
{{llietimo|uk|Україна|ban|Ukrayina}}
==Ver também==
===No Wikcionário===
{{Europa/ban}}
[[Categoria:Substantivo (Balinês)]]
[[Categoria:Entrada com imagem (Balinês)]] 
={{-bjn-}}=
==Substantivo==
'''Ukraina''', {{gramática|pr}}
# {{escopo|bjn|País}} [[Ucrânia]]
=={{etimologia|bjn}}==
{{llietimo|uk|Україна|bjn|Ukrayina}}
==Ver também==
===No Wikcionário===
{{Europa/bjn}}
[[Categoria:Substantivo (Banjar)]]
[[Categoria:Entrada com imagem (Banjar)]] 
={{-eu-}}=
==Substantivo==
'''Ukraina''', {{gramática|pr}}
# {{escopo|eu|País}} [[Ucrânia]]
===Verbetes derivados===
{{verTambém.Ini}}
* {{link opcional|ukrainar|eu}}
* {{link opcional|ukrainera|eu}}
{{verTambém.Fim}}
=={{etimologia|eu}}==
{{llietimo|uk|Україна|eu|Ukrayina}}
==Ver também==
===No Wikcionário===
{{verTambém.Ini}}
* {{link opcional|Kiev|eu}}
{{verTambém.Fim}}
{{Europa/eu}}
[[Categoria:Substantivo (Basco)]]
[[Categoria:Entrada com imagem (Basco)]] 
={{-br-}}=
==Substantivo==
'''Ukraina''', {{gramática|pr}}
# {{escopo|br|País}} [[Ucrânia]]
===Verbetes derivados===
{{verTambém.Ini}}
* {{link opcional|ukraineg|br}}
{{verTambém.Fim}}
=={{etimologia|br}}==
{{llietimo|uk|Україна|br|Ukrayina}}
==Ver também==
===No Wikcionário===
{{verTambém.Ini}}
* {{link opcional|Kyiv|br}}
{{verTambém.Fim}}
{{Europa/br}}
[[Categoria:Substantivo (Bretão)]]
[[Categoria:Entrada com imagem (Bretão)]] 
={{-kaa-}}=
==Substantivo==
'''Ukraina''', {{gramática|pr}}
# {{escopo|kaa|País}} [[Ucrânia]]
=={{etimologia|kaa}}==
{{llietimo|uk|Україна|kaa|Ukrayina}}
==Ver também==
===No Wikcionário===
{{Europa/kaa}}
[[Categoria:Substantivo (Caracalpaque)]]
[[Categoria:Entrada com imagem (Caracalpaque)]] 
={{-et-}}=
==Substantivo==
'''Ukraina''', {{gramática|pr}}
# {{escopo|et|País}} [[Ucrânia]]
===Verbetes derivados===
{{verTambém.Ini}}
* {{link opcional|ukraina|et}}
{{verTambém.Fim}}
=={{etimologia|et}}==
{{llietimo|uk|Україна|et|Ukrayina}}
==Ver também==
===No Wikcionário===
{{verTambém.Ini}}
* {{link opcional|Kiiev|et}}
{{verTambém.Fim}}
{{Europa/et}}
[[Categoria:Substantivo (Estoniano)]]
[[Categoria:Entrada com imagem (Estoniano)]] 
={{-fo-}}=
==Substantivo==
'''Ukraina''', {{gramática|pr}}
# {{escopo|fo|País}} [[Ucrânia]]
===Verbetes derivados===
{{verTambém.Ini}}
* {{link opcional|ukrainsk|fo}}
* {{link opcional|ukrainskt|fo}}
{{verTambém.Fim}}
=={{etimologia|fo}}==
{{llietimo|uk|Україна|fo|Ukrayina}}
==Ver também==
===No Wikcionário===
{{verTambém.Ini}}
* {{link opcional|Kyiv|fo}}
{{verTambém.Fim}}
{{Europa/fo}}
[[Categoria:Substantivo (Feroês)]]
[[Categoria:Entrada com imagem (Feroês)]] 
={{-fi-}}=
==Substantivo==
'''Ukraina''', {{gramática|pr}}
# {{escopo|fi|País}} [[Ucrânia]]
===Verbetes derivados===
{{verTambém.Ini}}
* {{link opcional|ukraina|fi}}
* {{link opcional|ukrainalainen|fi}}
{{verTambém.Fim}}
=={{etimologia|fi}}==
{{llietimo|uk|Україна|fi|Ukrayina}}
==Ver também==
===No Wikcionário===
{{verTambém.Ini}}
* {{link opcional|Kiova|fo}}
{{verTambém.Fim}}
{{Europa/fi}}
[[Categoria:Substantivo (Finlandês)]]
[[Categoria:Entrada com imagem (Finlandês)]] 
={{-hak-}}=
==Substantivo==
'''Ukraina''', {{gramática|pr}}
# {{escopo|hak|País}} [[Ucrânia]]
=={{etimologia|hak}}==
{{llietimo|uk|Україна|hak|Ukrayina}}
==Ver também==
===No Wikcionário===
{{Europa/hak}}
[[Categoria:Substantivo (Hakka)]]
[[Categoria:Entrada com imagem (Hakka)]] 
={{-io-}}=
==Substantivo==
'''Ukraina''', {{gramática|pr}}
# {{escopo|io|País}} [[Ucrânia]]
=={{etimologia|io}}==
{{llietimo|uk|Україна|io|Ukrayina}}
==Ver também==
===No Wikcionário===
{{Europa/io}}
[[Categoria:Substantivo (Ido)]]
[[Categoria:Entrada com imagem (Ido)]] 
={{-id-}}=
==Substantivo==
'''Ukraina''', {{gramática|pr}}
# {{escopo|id|País}} [[Ucrânia]]
# {{escopo|id|Linguística}} [[ucraniano]], [[língua]] [[ucraniano|ucraniana]]
===Sinônimos===
* De '''2''': {{link opcional|bahasa Ukraina|id}}
=={{etimologia|id}}==
{{llietimo|uk|Україна|id|Ukrayina}}
==Ver também==
===No Wikcionário===
{{verTambém.Ini}}
* {{link opcional|Kiev|id}}
{{verTambém.Fim}}
{{Europa/id}}
[[Categoria:Substantivo (Indonésio)]]
[[Categoria:Entrada com imagem (Indonésio)]] 
={{-ia-}}=
==Substantivo==
'''Ukraina''', {{gramática|pr}}
# {{escopo|ia|País}} [[Ucrânia]]
===Verbetes derivados===
{{verTambém.Ini}}
* {{link opcional|ukrainian|ia}}
* {{link opcional|ukrainiano|ia}}
{{verTambém.Fim}}
=={{etimologia|ia}}==
{{llietimo|uk|Україна|ia|Ukrayina}}
==Ver também==
===No Wikcionário===
{{verTambém.Ini}}
* {{link opcional|Kiev|ia}}
{{verTambém.Fim}}
{{Europa/ia}}
[[Categoria:Substantivo (Interlíngua)]]
[[Categoria:Entrada com imagem (Interlíngua)]] 
={{-jv-}}=
==Substantivo==
'''Ukraina''', {{gramática|pr}}
# {{escopo|jv|País}} [[Ucrânia]]
# {{escopo|jv|Linguística}} [[ucraniano]], [[língua]] [[ucraniano|ucraniana]]
===Sinônimos===
* De '''2''': {{link opcional|basa Ukraina|jv}}
=={{etimologia|jv}}==
{{llietimo|uk|Україна|jv|Ukrayina}}
==Ver também==
===No Wikcionário===
{{verTambém.Ini}}
* {{link opcional|Kiev|jv}}
{{verTambém.Fim}}
{{Europa/jv}}
[[Categoria:Substantivo (Javanês)]]
[[Categoria:Entrada com imagem (Javanês)]] 
={{-avk-}}=
==Substantivo==
'''Ukraina''', {{gramática|pr}}
# {{escopo|avk|País}} [[Ucrânia]]
=={{etimologia|avk}}==
{{llietimo|uk|Україна|avk|Ukrayina}}
==Ver também==
===No Wikcionário===
{{Europa/avk}}
[[Categoria:Substantivo (Kotava)]]
[[Categoria:Entrada com imagem (Kotava)]] 
={{-lad-}}=
==Substantivo==
'''Ukraina''', {{gramática|pr}}
# {{escopo|lad|País}} [[Ucrânia]]
==={{-varort-}}===
* '''Alfabeto hebraico''': {{link opcional|אוקראינה|lad}}
=={{etimologia|lad}}==
{{llietimo|uk|Україна|lad|Ukrayina}}
==Ver também==
===No Wikcionário===
{{Europa/lad}}
[[Categoria:Substantivo (Ladino)]]
[[Categoria:Entrada com imagem (Ladino)]] 
={{-ltg-}}=
==Substantivo==
'''Ukraina''', {{gramática|pr}}
# {{escopo|ltg|País}} [[Ucrânia]]
=={{etimologia|ltg}}==
{{llietimo|uk|Україна|ltg|Ukrayina}}
==Ver também==
===No Wikcionário===
{{Europa/ltg}}
[[Categoria:Substantivo (Latgaliano)]]
[[Categoria:Entrada com imagem (Latgaliano)]] 
={{-lv-}}=
==Substantivo==
'''Ukraina''', {{gramática|pr}}
# {{escopo|lv|País}} [[Ucrânia]]
===Verbetes derivados===
{{verTambém.Ini}}
* {{link opcional|ukraiņu|lv}}
{{verTambém.Fim}}
=={{etimologia|lv}}==
{{llietimo|uk|Україна|lv|Ukrayina}}
==Ver também==
===No Wikcionário===
{{verTambém.Ini}}
* {{link opcional|Kijeva|lv}}
{{verTambém.Fim}}
{{Europa/lv}}
[[Categoria:Substantivo (Letão)]]
[[Categoria:Entrada com imagem (Letão)]] 
={{-lt-}}=
==Substantivo==
'''Ukraina''', {{gramática|pr}}
# {{escopo|lt|País}} [[Ucrânia]]
===Verbetes derivados===
{{verTambém.Ini}}
* {{link opcional|ukrainiečių|lt}}
{{verTambém.Fim}}
=={{etimologia|lt}}==
{{llietimo|uk|Україна|lt|Ukrayina}}
==Ver também==
===No Wikcionário===
{{verTambém.Ini}}
* {{link opcional|Kijevas|lt}}
{{verTambém.Fim}}
{{Europa/lt}}
[[Categoria:Substantivo (Lituano)]]
[[Categoria:Entrada com imagem (Lituano)]] 
={{-mad-}}=
==Substantivo==
'''Ukraina''', {{gramática|pr}}
# {{escopo|mad|País}} [[Ucrânia]]
=={{etimologia|mad}}==
{{llietimo|uk|Україна|mad|Ukrayina}}
==Ver também==
===No Wikcionário===
{{Europa/mad}}
[[Categoria:Substantivo (Madurês)]]
[[Categoria:Entrada com imagem (Madurês)]] 
={{-nan-}}=
==Substantivo==
'''Ukraina''', {{gramática|pr}}
# {{escopo|nan|País}} [[Ucrânia]]
=={{etimologia|nan}}==
{{llietimo|uk|Україна|nan|Ukrayina}}
==Ver também==
===No Wikcionário===
{{Europa/nan}}
[[Categoria:Substantivo (Min Nan)]]
[[Categoria:Entrada com imagem (Min Nan)]] 
={{-no-}}=
==Substantivo==
'''Ukraina''', {{gramática|pr}}
# {{escopo|no|País}} [[Ucrânia]]
===Verbetes derivados===
{{verTambém.Ini}}
* {{link opcional|ukrainer|no}}/{{link opcional|ukrainar|no}}
* {{link opcional|ukrainsk|no}}
{{verTambém.Fim}}
=={{etimologia|no}}==
{{llietimo|uk|Україна|no|Ukrayina}}
==Ver também==
===No Wikcionário===
{{verTambém.Ini}}
* {{link opcional|Kiev|no}}
{{verTambém.Fim}}
{{Europa/no}}
[[Categoria:Substantivo (Norueguês)]]
[[Categoria:Entrada com imagem (Norueguês)]] 
={{-nov-}}=
==Substantivo==
'''Ukraina''', {{gramática|pr}}
# {{escopo|nov|País}} [[Ucrânia]]
===Verbetes derivados===
{{verTambém.Ini}}
* {{link opcional|ukrainum|nov}}
{{verTambém.Fim}}
=={{etimologia|nov}}==
{{llietimo|uk|Україна|nov|Ukrayina}}
==Ver também==
===No Wikcionário===
{{verTambém.Ini}}
* {{link opcional|Kiyev|uk}}
{{verTambém.Fim}}
{{Europa/nov}}
[[Categoria:Substantivo (Novial)]]
[[Categoria:Entrada com imagem (Novial)]] 
={{-nn-}}=
==Substantivo==
'''Ukraina''', {{gramática|pr}}
# {{escopo|nn|País}} [[Ucrânia]]
=={{etimologia|nn}}==
{{llietimo|uk|Україна|nn|Ukrayina}}
==Ver também==
===No Wikcionário===
{{Europa/nn}}
[[Categoria:Substantivo (Novo Norueguês)]]
[[Categoria:Entrada com imagem (Novo Norueguês)]] 
={{-pl-}}=
==Substantivo==
{{paroxítona|U|kra|i|na|lang=pl}}, {{gramática|pr}}
# {{escopo|pl|País}} [[Ucrânia]]
# {{tradex|pl|Stolicą '''Ukrainy''' jest Kijów.|A capital da Ucrânia é Quieve.}}
# {{tradex|pl|'''Ukraina''' leży w Europie Wschodniej.|A Ucrânia situa-se na Europa Oriental.}}
=={{etimologia|pl}}==
: Provavelmente do antigo eslavo oriental: ꙋ + краї (u + krai); em [[ucraniano]]: україна, em polonês antigo: ukraina (áreas de fronteira). O nome próprio desde século XVI.
==Ver também==
===No Wikcionário===
{{verTambém.Ini}}
* {{link opcional|Ukrainiec|pl}}
* {{link opcional|Ukrainka|pl}}
{{verTambém.NovaColuna|33}}
* {{link opcional|ukraiński|pl}}
{{verTambém.NovaColuna|33}}
* {{link opcional|Kijów|pl}}
{{verTambém.Fim}}
{{Europa/pl}}
[[Categoria:Substantivo (Polonês)]]
[[Categoria:Entrada com imagem (Polonês)]] 
={{-smn-}}=
==Substantivo==
'''Ukraina''', {{gramática|pr}}
# {{escopo|smn|País}} [[Ucrânia]]
=={{etimologia|smn}}==
{{llietimo|uk|Україна|smn|Ukrayina}}
==Ver também==
===No Wikcionário===
{{Europa/smn}}
[[Categoria:Substantivo (Sami Inari)]]
[[Categoria:Entrada com imagem (Sami Inari)]] 
={{-se-}}=
==Substantivo==
'''Ukraina''', {{gramática|pr}}
# {{escopo|se|País}} [[Ucrânia]]
===Verbetes derivados===
{{verTambém.Ini}}
* {{link opcional|ukrainagiella|se}}
{{verTambém.Fim}}
=={{etimologia|se}}==
{{llietimo|uk|Україна|se|Ukrayina}}
==Ver também==
===No Wikcionário===
{{Europa/se}}
[[Categoria:Substantivo (Sami Setentrional)]]
[[Categoria:Entrada com imagem (Sami Setentrional)]] 
={{-hsb-}}=
==Substantivo==
'''Ukraina''', {{gramática|pr}}
# {{escopo|hsb|País}} [[Ucrânia]]
===Verbetes derivados===
{{verTambém.Ini}}
* {{link opcional|ukrainski|hsb}}
* {{link opcional|ukrainšćina|hsb}}
{{verTambém.Fim}}
=={{etimologia|hsb}}==
{{llietimo|uk|Україна|hsb|Ukrayina}}
==Ver também==
===No Wikcionário===
{{verTambém.Ini}}
* {{link opcional|Kijew|hsb}}
{{verTambém.Fim}}
{{Europa/hsb}}
[[Categoria:Substantivo (Sorábio Alto)]]
[[Categoria:Entrada com imagem (Sorábio Alto)]] 
={{-dsb-}}=
==Substantivo==
'''Ukraina''', {{gramática|pr}}
# {{escopo|dsb|País}} [[Ucrânia]]
===Verbetes derivados===
{{verTambém.Ini}}
* {{link opcional|ukrainski|dsb}}
* {{link opcional|ukrainšćina|dsb}}
{{verTambém.Fim}}
=={{etimologia|dsb}}==
{{llietimo|uk|Україна|dsb|Ukrayina}}
==Ver também==
===No Wikcionário===
{{verTambém.Ini}}
* {{link opcional|Kiĕw|dsb}}
{{verTambém.Fim}}
{{Europa/dsb}}
[[Categoria:Substantivo (Sorábio Baixo)]]
[[Categoria:Entrada com imagem (Sorábio Baixo)]] 
={{-sv-}}=
==Substantivo==
'''Ukraina''', {{gramática|pr}}
# {{escopo|sv|País}} [[Ucrânia]]
===Verbetes derivados===
{{verTambém.Ini}}
* {{link opcional|ukrainsk|sv}}
* {{link opcional|ukrainska|sv}}
{{verTambém.Fim}}
=={{etimologia|sv}}==
{{llietimo|uk|Україна|sv|Ukrayina}}
==Ver também==
===No Wikcionário===
{{verTambém.Ini}}
* {{link opcional|Kiev|sv}}
{{verTambém.Fim}}
{{Europa/sv}}
[[Categoria:Substantivo (Sueco)]]
[[Categoria:Entrada com imagem (Sueco)]] 
={{-su-}}=
==Substantivo==
'''Ukraina''', {{gramática|pr}}
# {{escopo|su|País}} [[Ucrânia]]
=={{etimologia|su}}==
{{llietimo|uk|Україна|su|Ukrayina}}
==Ver também==
===No Wikcionário===
{{Europa/su}}
[[Categoria:Substantivo (Sundanês)]]
[[Categoria:Entrada com imagem (Sundanês)]] 
={{-crh-}}=
==Substantivo==
'''Ukraina''', {{gramática|pr}}
# {{escopo|crh|País}} [[Ucrânia]]
=={{etimologia|crh}}==
{{llietimo|uk|Україна|crh|Ukrayina}}
==Ver também==
===No Wikcionário===
{{verTambém.Ini}}
* {{link opcional|Kiyev|crh}}
* {{link opcional|Ukrain|crh}}
{{verTambém.Fim}}
{{Europa/crh}}
[[Categoria:Substantivo (Tártaro da Crimeia)]]
[[Categoria:Entrada com imagem (Tártaro da Crimeia)]] 
={{-tk-}}=
==Substantivo==
'''Ukraina''', {{gramática|pr}}
# {{escopo|tk|País}} [[Ucrânia]]
=={{etimologia|tk}}==
{{llietimo|uk|Україна|tk|Ukrayina}}
==Ver também==
===No Wikcionário===
{{verTambém.Ini}}
* {{link opcional|Kiýew|tk}}
{{verTambém.Fim}}
{{Europa/tk}}
[[Categoria:Substantivo (Turcomeno)]]
[[Categoria:Entrada com imagem (Turcomeno)]] 
={{-uz-}}=
==Substantivo==
'''Ukraina''', {{gramática|pr}}
# {{escopo|uz|País}} [[Ucrânia]]
===Verbetes derivados===
{{verTambém.Ini}}
* {{link opcional|ukrain|uz}}
{{verTambém.Fim}}
=={{etimologia|uz}}==
{{llietimo|uk|Україна|uz|Ukrayina}}
==Ver também==
===No Wikcionário===
{{verTambém.Ini}}
* {{link opcional|Kiyev|uz}}
{{verTambém.Fim}}
{{Europa/uz}}
[[Categoria:Substantivo (Uzbeque)]]
[[Categoria:Entrada com imagem (Uzbeque)]] 
={{-vi-}}=
==Substantivo==
'''Ukraina''', {{gramática|pr}}
# {{escopo|vi|País}} [[Ucrânia]]
===Sinônimos===
* {{link opcional|Uy Kiên|vi}}
===Expressões===
* '''{{link opcional|tiếng Ukraina|vi}}''': {{escopo2|linguística}} [[ucraniano]], [[língua]] [[ucraniano|ucraniana]]
=={{etimologia|vi}}==
{{llietimo|uk|Україна|vi|Ukrayina}}
==Ver também==
===No Wikcionário===
{{verTambém.Ini}}
* {{link opcional|Kiev|vi}}
{{verTambém.Fim}}
{{Europa/vi}}
[[Categoria:Substantivo (Vietnamita)]]
[[Categoria:Entrada com imagem (Vietnamita)]] 
={{-vro-}}=
{{ver também|ukraina}}
==Substantivo==
'''Ukraina''', {{gramática|pr}}
# {{escopo|vro|País}} [[Ucrânia]]
===Verbetes derivados===
{{verTambém.Ini}}
* {{link opcional|ukraina|vro}}
{{verTambém.Fim}}
=={{etimologia|vro}}==
{{llietimo|uk|Україна|vro|Ukrayina}}
==Ver também==
===No Wikcionário===
{{verTambém.Ini}}
* {{link opcional|Kiiev|vro}}
{{verTambém.Fim}}
{{Europa/vro}}
[[Categoria:Substantivo (Võro)]]
[[Categoria:Entrada com imagem (Võro)]]</text>
<sha1>cynj9uk0ps1dbhrj732coxjfvj0glq7</sha1>
</revision>
