<page>
<title>Ukrayna</title>
<ns>0</ns>
<id>59721</id>
<revision>
<id>2281662</id>
<parentid>2016496</parentid>
<timestamp>2017-04-27T03:23:21Z</timestamp>
<contributor>
<username>HydrizBot</username>
<id>29590</id>
</contributor>
<minor />
<comment>Robô: A limpar links interwikis antigos</comment>
<model>wikitext</model>
<format>text/x-wiki</format>
<text bytes="336" xml:space="preserve">={{-ku-}}=
==Substantivo==
'''Ukrayna''' ''próprio''
# [[Ucrânia]].
==Ver também==
{{Europa/ku}}
[[Categoria:Substantivo (Curdo)]]
[[Categoria:Topónimo (Curdo)]]
={{-tr-}}=
==Substantivo==
'''Ukrayna''' ''próprio''
# [[Ucrânia]].
==Ver também==
{{Europa/tr}}
[[Categoria:Substantivo (Turco)]]
[[Categoria:Topónimo (Turco)]]</text>
<sha1>q68i0dqvq0ncbn3jpimdqs1ohpzkg2s</sha1>
</revision>
</page>
