<page>
<page>
<title>Ukrainio</title>
<ns>0</ns>
<id>59723</id>
<revision>
<id>2281656</id>
<parentid>1736448</parentid>
<timestamp>2017-04-27T03:23:02Z</timestamp>
<contributor>
<username>HydrizBot</username>
<id>29590</id>
</contributor>
<minor />
<comment>Robô: A limpar links interwikis antigos</comment>
<model>wikitext</model>
<format>text/x-wiki</format>
<text bytes="172" xml:space="preserve">={{-eo-}}=
==Substantivo==
'''Ukrainio''' ''próprio''
# [[Ucrânia]].
==Ver também==
{{Europa/eo}}
[[Categoria:Substantivo (Esperanto)]]
[[Categoria:País (Esperanto)]]</text>
<sha1>3a8p0nj8534ec2ojfyudtfj0u3wj1g1</sha1>
</revision>
