<page>
<page>
<title>Ukrajna</title>
<ns>0</ns>
<id>59725</id>
<revision>
<id>2281658</id>
<parentid>1450287</parentid>
<timestamp>2017-04-27T03:23:10Z</timestamp>
<contributor>
<username>HydrizBot</username>
<id>29590</id>
</contributor>
<minor />
<comment>Robô: A limpar links interwikis antigos</comment>
<model>wikitext</model>
<format>text/x-wiki</format>
<text bytes="173" xml:space="preserve">={{-hu-}}=
==Substantivo==
'''Ukrajna''' ''próprio''
# [[Ucrânia]].
==Ver também==
{{Europa/hu}}
[[Categoria:Substantivo (Húngaro)]]
[[Categoria:Topónimo (Húngaro)]]</text>
<sha1>k8y730kvj64z54h79q1q6g6qzx7q5js</sha1>
</revision>
