<page>
<page>
<title>Ukraine</title>
<ns>0</ns>
<id>59714</id>
<revision>
<id>2561009</id>
<parentid>2281653</parentid>
<timestamp>2019-11-11T08:53:05Z</timestamp>
<contributor>
<username>ValJor</username>
<id>1358</id>
</contributor>
<comment>Acrescentando código de língua à [[:Categoria:!Página com mensagem de erro em predefinição|predefinição escopo]]</comment>
<model>wikitext</model>
<format>text/x-wiki</format>
<text bytes="9162" xml:space="preserve">{{Wikipédia|lang=ak}}
{{Wikipédia|lang=gsw}}
{{Wikipédia|lang=pfl}}
{{Wikipédia|lang=nds}}
{{Wikipédia|lang=bar}}
{{Wikipédia|lang=bi}}
{{Wikipédia|lang=bug}}
{{Wikipédia|lang=chy}}
{{Wikipédia|lang=sn}}
{{Wikipédia|lang=da}}
{{Wikipédia|lang=din}}
{{Wikipédia|lang=sco}}
{{Wikipédia|lang=fj}}
{{Wikipédia|lang=fr}}
{{Wikipédia|lang=stq}}
{{Wikipédia|lang=frr}}
{{Wikipédia|lang=kl}}
{{Wikipédia|lang=hif}}
{{Wikipédia|lang=en}}
{{Wikipédia|lang=simple}}
{{Wikipédia|lang=ik}}
{{Wikipédia|lang=ee}}
{{Wikipédia|lang=ki}}
{{Wikipédia|lang=ln}}
{{Wikipédia|lang=ms}}
{{Wikipédia|lang=cdo}}
{{Wikipédia|lang=na}}
{{Wikipédia|lang=st}}
{{Wikipédia|lang=sw}}
{{Wikipédia|lang=tl}}
{{Wikipédia|lang=ts}}
{{Wikipédia|lang=tum}}
{{Wikipédia|lang=tw}}
{{Wikipédia|lang=ve}}
{{Wikipédia|lang=za}}
[[Imagem:Flag of Ukraine.svg|thumb|right|250px|&lt;center&gt;Bandeira da Ucrânia&lt;/center&gt;]]
[[Imagem:Europe location UKR.png|thumb|right|250px|&lt;center&gt;Localização da Ucrânia&lt;/center&gt;]]
={{-ak-}}=
==Substantivo==
'''Ukraine''', {{gramática|pr}}
# {{escopo|ak|País}} [[Ucrânia]]
==Ver também==
===No Wikcionário===
{{Europa/ak}}
[[Categoria:Substantivo (Akan)]]
[[Categoria:Entrada com imagem (Akan)]]
={{-gsw-}}=
==Substantivo==
'''Ukraine''', {{gramática|pr}}
# {{escopo|gsw|País}} [[Ucrânia]]
==Ver também==
===No Wikcionário===
{{Europa/gsw}}
[[Categoria:Substantivo (Alemânico)]]
[[Categoria:Entrada com imagem (Alemânico)]]
={{-pfl-}}=
==Substantivo==
'''Ukraine''', {{gramática|pr}}
# {{escopo|pfl|País}} [[Ucrânia]]
==Ver também==
===No Wikcionário===
{{Europa/pfl}}
[[Categoria:Substantivo (Alemão Palatino)]]
[[Categoria:Entrada com imagem (Alemão Palatino)]]
={{-nds-}}=
==Substantivo==
'''Ukraine''', {{gramática|pr}}
# {{escopo|nds|País}} [[Ucrânia]]
==Ver também==
===No Wikcionário===
{{Europa/nds}}
[[Categoria:Substantivo (Baixo Saxão)]]
[[Categoria:Entrada com imagem (Baixo Saxão)]]
={{-bar-}}=
==Substantivo==
'''Ukraine''', {{gramática|pr}}
# {{escopo|bar|País}} [[Ucrânia]]
==Ver também==
===No Wikcionário===
{{Europa/bar}}
[[Categoria:Substantivo (Bávaro)]]
[[Categoria:Entrada com imagem (Bávaro)]]
={{-bi-}}=
==Substantivo==
'''Ukraine''', {{gramática|pr}}
# {{escopo|bi|País}} [[Ucrânia]]
==Ver também==
===No Wikcionário===
{{Europa/bi}}
[[Categoria:Substantivo (Bislamá)]]
[[Categoria:Entrada com imagem (Bislamá)]]
={{-bug-}}=
==Substantivo==
'''Ukraine''', {{gramática|pr}}
# {{escopo|bug|País}} [[Ucrânia]]
==Ver também==
===No Wikcionário===
{{Europa/bug}}
[[Categoria:Substantivo (Buginês)]]
[[Categoria:Entrada com imagem (Buginês)]]
={{-chy-}}=
==Substantivo==
'''Ukraine''', {{gramática|pr}}
# {{escopo|chy|País}} [[Ucrânia]]
==Ver também==
===No Wikcionário===
{{Europa/chy}}
[[Categoria:Substantivo (Cheyenne)]]
[[Categoria:Entrada com imagem (Cheyenne)]]
={{-sn-}}=
==Substantivo==
'''Ukraine''', {{gramática|pr}}
# {{escopo|sn|País}} [[Ucrânia]]
==Ver também==
===No Wikcionário===
{{Europa/sn}}
[[Categoria:Substantivo (Chona)]]
[[Categoria:Entrada com imagem (Chona)]]
={{-da-}}=
==Substantivo==
'''Ukraine''', {{gramática|pr}}
# {{escopo|da|País}} [[Ucrânia]]
==Ver também==
===No Wikcionário===
{{Europa/da}}
[[Categoria:Substantivo (Dinamarquês)]]
[[Categoria:Entrada com imagem (Dinamarquês)]]
={{-din-}}=
==Substantivo==
'''Ukraine''', {{gramática|pr}}
# {{escopo|din|País}} [[Ucrânia]]
==Ver também==
===No Wikcionário===
{{Europa/din}}
[[Categoria:Substantivo (Dinka)]]
[[Categoria:Entrada com imagem (Dinka)]]
={{-sco-}}=
==Substantivo==
'''Ukraine''', {{gramática|pr}}
# {{escopo|sco|País}} [[Ucrânia]]
==Ver também==
===No Wikcionário===
{{Europa/sco}}
[[Categoria:Substantivo (Escocês)]]
[[Categoria:Entrada com imagem (Escocês)]]
={{-fj-}}=
==Substantivo==
'''Ukraine''', {{gramática|pr}}
# {{escopo|fj|País}} [[Ucrânia]]
==Ver também==
===No Wikcionário===
{{Europa/fj}}
[[Categoria:Substantivo (Fijiano)]]
[[Categoria:Entrada com imagem (Fijiano)]]
={{-fr-}}=
==Substantivo==
'''Ukraine''', {{gramática|f|pr}}
# {{escopo|fr|País}} [[Ucrânia]]
=={{pronúncia|fr}}==
* [[AFI]]: {{AFI|/ykʁɛn/}}
===Bélgica===
====Brabante====
* [[AFI]] (l'Ukraine): {{AFI|/lyˈkʁɛːn/}}
** {{ouvir|Fr-l'Ukraine-fr Be.ogg}}
==Ver também==
===No Wikcionário===
* [[ukrainien]]
* [[Ukrainien]]
{{Europa/fr}}
[[Categoria:Substantivo (Francês)]]
[[Categoria:Entrada com imagem (Francês)]]
={{-stq-}}=
==Substantivo==
'''Ukraine''', {{gramática|pr}}
# {{escopo|stq|País}} [[Ucrânia]]
==Ver também==
===No Wikcionário===
{{Europa/stq}}
[[Categoria:Substantivo (Frísio Oriental)]]
[[Categoria:Entrada com imagem (Frísio Oriental)]]
={{-frr-}}=
==Substantivo==
'''Ukraine''', {{gramática|pr}}
# {{escopo|frr|País}} [[Ucrânia]]
==Ver também==
===No Wikcionário===
{{Europa/frr}}
[[Categoria:Substantivo (Frísio Setentrional)]]
[[Categoria:Entrada com imagem (Frísio Setentrional)]]
={{-kl-}}=
==Substantivo==
'''Ukraine''', {{gramática|pr}}
# {{escopo|kl|País}} [[Ucrânia]]
==Ver também==
===No Wikcionário===
{{Europa/kl}}
[[Categoria:Substantivo (Groenlandês)]]
[[Categoria:Entrada com imagem (Groenlandês)]]
={{-hif-}}=
==Substantivo==
'''Ukraine''', {{gramática|pr}}
# {{escopo|hif|País}} [[Ucrânia]]
==Ver também==
===No Wikcionário===
{{Europa/hif}}
[[Categoria:Substantivo (Hindi Fijiano)]]
[[Categoria:Entrada com imagem (Hindi Fijiano)]]
={{-en-}}=
==Substantivo==
'''Ukraine''', {{gramática|pr}}
# {{escopo|en|País}} [[Ucrânia]]
==Ver também==
===No Wikcionário===
* [[Ukrainian]]
{{Europa/en}}
[[Categoria:Substantivo (Inglês)]]
[[Categoria:Entrada com imagem (Inglês)]]
={{-ik-}}=
==Substantivo==
'''Ukraine''', {{gramática|pr}}
# {{escopo|ik|País}} [[Ucrânia]]
==Ver também==
===No Wikcionário===
{{Europa/ik}}
[[Categoria:Substantivo (Inupiaque)]]
[[Categoria:Entrada com imagem (Inupiaque)]]
={{-ee-}}=
==Substantivo==
'''Ukraine''', {{gramática|pr}}
# {{escopo|ee|País}} [[Ucrânia]]
==Ver também==
===No Wikcionário===
{{Europa/ee}}
[[Categoria:Substantivo (Jeje)]]
[[Categoria:Entrada com imagem (Jeje)]]
={{-ki-}}=
==Substantivo==
'''Ukraine''', {{gramática|pr}}
# {{escopo|ki|País}} [[Ucrânia]]
==Ver também==
===No Wikcionário===
{{Europa/ki}}
[[Categoria:Substantivo (Kikuyo)]]
[[Categoria:Entrada com imagem (Kikuyo)]]
={{-ln-}}=
==Substantivo==
'''Ukraine''', {{gramática|pr}}
# {{escopo|ln|País}} [[Ucrânia]]
==Ver também==
===No Wikcionário===
{{Europa/ln}}
[[Categoria:Substantivo (Lingala)]]
[[Categoria:Entrada com imagem (Lingala)]]
={{-ms-}}=
==Substantivo==
'''Ukraine''', {{gramática|pr}}
# {{escopo|ms|País}} [[Ucrânia]]
==Ver também==
===No Wikcionário===
{{Europa/ms}}
[[Categoria:Substantivo (Malaio)]]
[[Categoria:Entrada com imagem (Malaio)]]
={{-cdo-}}=
==Substantivo==
'''Ukraine''', {{gramática|pr}}
# {{escopo|cdo|País}} [[Ucrânia]]
==Ver também==
===No Wikcionário===
{{Europa/cdo}}
[[Categoria:Substantivo (Min Dong)]]
[[Categoria:Entrada com imagem (Min Dong)]]
={{-na-}}=
==Substantivo==
'''Ukraine''', {{gramática|pr}}
# {{escopo|na|País}} [[Ucrânia]]
==Ver também==
===No Wikcionário===
{{Europa/na}}
[[Categoria:Substantivo (Nauruano)]]
[[Categoria:Entrada com imagem (Nauruano)]]
={{-st-}}=
==Substantivo==
'''Ukraine''', {{gramática|pr}}
# {{escopo|st|País}} [[Ucrânia]]
==Ver também==
===No Wikcionário===
{{Europa/st}}
[[Categoria:Substantivo (Sesoto)]]
[[Categoria:Entrada com imagem (Sesoto)]]
={{-sw-}}=
==Substantivo==
'''Ukraine''', {{gramática|pr}}
# {{escopo|sw|País}} [[Ucrânia]]
==Ver também==
===No Wikcionário===
{{Europa/sw}}
[[Categoria:Substantivo (Suaíli)]]
[[Categoria:Entrada com imagem (Suaíli)]]
={{-tl-}}=
==Substantivo==
'''Ukraine''', {{gramática|pr}}
# {{escopo|tl|País}} [[Ucrânia]]
==Ver também==
===No Wikcionário===
{{Europa/tl}}
[[Categoria:Substantivo (Tagalo)]]
[[Categoria:Entrada com imagem (Tagalo)]]
={{-ts-}}=
==Substantivo==
'''Ukraine''', {{gramática|pr}}
# {{escopo|ts|País}} [[Ucrânia]]
==Ver também==
===No Wikcionário===
{{Europa/ts}}
[[Categoria:Substantivo (Tsonga)]]
[[Categoria:Entrada com imagem (Tsonga)]]
={{-tum-}}=
==Substantivo==
'''Ukraine''', {{gramática|pr}}
# {{escopo|tum|País}} [[Ucrânia]]
==Ver também==
===No Wikcionário===
{{Europa/tum}}
[[Categoria:Substantivo (Tumbuca)]]
[[Categoria:Entrada com imagem (Tumbuca)]]
={{-tw-}}=
==Substantivo==
'''Ukraine''', {{gramática|pr}}
# {{escopo|tw|País}} [[Ucrânia]]
==Ver também==
===No Wikcionário===
{{Europa/tw}}
[[Categoria:Substantivo (Twi)]]
[[Categoria:Entrada com imagem (Twi)]]
={{-ve-}}=
==Substantivo==
'''Ukraine''', {{gramática|pr}}
# {{escopo|ve|País}} [[Ucrânia]]
==Ver também==
===No Wikcionário===
{{Europa/ve}}
[[Categoria:Substantivo (Venda)]]
[[Categoria:Entrada com imagem (Venda)]]
={{-za-}}=
==Substantivo==
'''Ukraine''', {{gramática|pr}}
# {{escopo|za|País}} [[Ucrânia]]
==Ver também==
===No Wikcionário===
{{Europa/za}}
[[Categoria:Substantivo (Zhuang)]]
[[Categoria:Entrada com imagem (Zhuang)]]</text>
<sha1>3h5t05mshc4hnlzwy55x90zjqlxrgb5</sha1>
</revision>
