<page>
<page>
<title>uks</title>
<ns>0</ns>
<id>230228</id>
<revision>
<id>2194668</id>
<parentid>2045406</parentid>
<timestamp>2016-11-06T10:47:18Z</timestamp>
<contributor>
<username>ValJor</username>
<id>1358</id>
</contributor>
<comment>Confirmando [[:Categoria:!Entrada criada por robô|verbete criado por robô]]</comment>
<model>wikitext</model>
<format>text/x-wiki</format>
<text bytes="377" xml:space="preserve">{{Wikipédia|lang=et}}
={{-et-}}=
==Substantivo==
'''uks'''
# [[porta]]
[[Categoria:Substantivo (Estoniano)]]
[[az:uks]]
[[chr:uks]]
[[da:uks]]
[[de:uks]]
[[el:uks]]
[[en:uks]]
[[et:uks]]
[[eu:uks]]
[[fi:uks]]
[[fr:uks]]
[[hu:uks]]
[[io:uks]]
[[it:uks]]
[[kn:uks]]
[[ko:uks]]
[[ku:uks]]
[[lt:uks]]
[[mg:uks]]
[[pl:uks]]
[[ru:uks]]
[[sv:uks]]
[[tg:uks]]
[[tr:uks]]
[[ug:uks]]</text>
<sha1>rhxb5sp27ahwo9esagyycmbp4xub9ho</sha1>
</revision>
