<page>
<page>
<title>uksa</title>
<ns>0</ns>
<id>230266</id>
<revision>
<id>1997286</id>
<parentid>1726150</parentid>
<timestamp>2015-09-05T15:52:38Z</timestamp>
<contributor>
<username>HydrizBot</username>
<id>29590</id>
</contributor>
<minor />
<comment>Robô: A adicionar: [[fr:uksa]]</comment>
<model>wikitext</model>
<format>text/x-wiki</format>
<text bytes="213" xml:space="preserve">={{-se-}}=
==Substantivo==
'''uksa'''
# [[porta]]
{{página-automática|Maio|2010|porta|se}}
[[Categoria:Substantivo (Sami Setentrional)]]
[[en:uksa]]
[[fi:uksa]]
[[fr:uksa]]
[[io:uksa]]
[[pl:uksa]]
[[zh:uksa]]</text>
<sha1>dzb6ysvydlh1m8xdycp6nptx9y0nc1n</sha1>
</revision>
