<page>
<title>ukse</title>
<ns>0</ns>
<id>371766</id>
<revision>
<id>2560953</id>
<parentid>2219271</parentid>
<timestamp>2019-11-10T22:41:55Z</timestamp>
<contributor>
<username>ValJor</username>
<id>1358</id>
</contributor>
<comment>Acrescentando código de língua à [[:Categoria:!Página com mensagem de erro em predefinição|predefinição escopo]]</comment>
<model>wikitext</model>
<format>text/x-wiki</format>
<text bytes="486" xml:space="preserve">[[Imagem:Randalloxteam.jpg|thumb|right|250px|&lt;center&gt;Boi&lt;/center&gt;]]
={{-nn-}}=
==Substantivo==
'''ukse''', {{gramática|m}}
# {{escopo|nn|Zoologia}} [[boi]], [[animal]] [[macho]] [[adulto]] [[castrado]] das [[espécie]]s ''[[species:Bos taurus|Bos taurus]]'' e ''[[species:Bos indicus|Bos indicus]]''
=={{etimologia|nn}}==
{{llietimo|non|oxi|nn}}
[[Categoria:Substantivo (Novo Norueguês)]]
[[Categoria:Mamífero (Novo Norueguês)]]
[[Categoria:Entrada com imagem (Novo Norueguês)]]</text>
<sha1>6w8zcqc6o640im6bulu5azevpvahmw5</sha1>
</revision>
</page>
