<page>
<page>
<title>ukumari</title>
<ns>0</ns>
<id>314538</id>
<revision>
<id>2463310</id>
<parentid>2051970</parentid>
<timestamp>2017-11-27T19:42:39Z</timestamp>
<contributor>
<username>ValJor</username>
<id>1358</id>
</contributor>
<comment>Confirmando [[:Categoria:!Entrada criada por robô|verbete criado por robô]]</comment>
<model>wikitext</model>
<format>text/x-wiki</format>
<text bytes="183" xml:space="preserve">{{Wikipédia|lang=qu}}
={{-qu-}}=
==Substantivo==
'''ukumari'''
# [[urso]] (animal da família dos ursídeos)
[[Categoria:Substantivo (Quéchua)]]
[[Categoria:Mamífero (Quéchua)]]</text>
<sha1>q5d16e52qt0ad8t52h5n54aa1foxqzc</sha1>
</revision>
