<page>
<title>ukungazithembi</title>
<ns>0</ns>
<id>381969</id>
<revision>
<id>2450592</id>
<parentid>2443021</parentid>
<timestamp>2017-09-17T11:09:49Z</timestamp>
<contributor>
<username>ValJor</username>
<id>1358</id>
</contributor>
<comment>Melhorando a apresentação do verbete usando a [[:predefinição:cria-entrada]]</comment>
<model>wikitext</model>
<format>text/x-wiki</format>
<text bytes="96" xml:space="preserve">={{-xh-}}=
==Substantivo==
'''ukungazithembi'''
# [[timidez]]
[[Categoria:Substantivo (Xhosa)]]</text>
<sha1>1l81upbfwswh4o4upx31sir2gesoh6v</sha1>
</revision>
</page>
