<page>
<page>
<title>ukuphila</title>
<ns>0</ns>
<id>327097</id>
<revision>
<id>2651859</id>
<parentid>2206900</parentid>
<timestamp>2021-11-10T10:36:11Z</timestamp>
<contributor>
<username>ValJor</username>
<id>1358</id>
</contributor>
<comment>Confirmando [[:Categoria:!Entrada criada por robô|verbete criado por robô]]</comment>
<model>wikitext</model>
<format>text/x-wiki</format>
<text bytes="183" xml:space="preserve">={{-zu-}}=
==Substantivo==
'''ukuphila'''
# [[saúde]] (condição geral do corpo e da mente em relação às doenças)
[[Categoria:Substantivo (Zulu)]]
[[Categoria:Medicina (Zulu)]]</text>
<sha1>qkipc59kz4gyfsf0z1ivuwpa1b3omq9</sha1>
</revision>
