<page>
<title>ukuzazisa</title>
<ns>0</ns>
<id>259340</id>
<revision>
<id>2651835</id>
<parentid>1014796</parentid>
<timestamp>2021-11-09T20:48:40Z</timestamp>
<contributor>
<username>ValJor</username>
<id>1358</id>
</contributor>
<comment>Confirmando [[:Categoria:!Entrada criada por robô|verbete criado por robô]]</comment>
<model>wikitext</model>
<format>text/x-wiki</format>
<text bytes="123" xml:space="preserve">={{-zu-}}=
==Substantivo==
'''ukuzazisa'''
# [[egoísmo]]
[[Categoria:Substantivo (Zulu)]]
[[Categoria:Sentimento (Zulu)]]</text>
<sha1>a0ijozhus90sfbh2bnzuq1je9x5aplh</sha1>
</revision>
</page>
