<page>
<page>
<title>ukuzala</title>
<ns>0</ns>
<id>314591</id>
<revision>
<id>2652113</id>
<parentid>1801231</parentid>
<timestamp>2021-11-13T12:50:05Z</timestamp>
<contributor>
<username>ValJor</username>
<id>1358</id>
</contributor>
<comment>Melhorando a apresentação do verbete usando a [[:predefinição:cria-entrada]]</comment>
<model>wikitext</model>
<format>text/x-wiki</format>
<text bytes="142" xml:space="preserve">{{Wikipédia|lang=xh}}
={{-xh-}}=
==Substantivo==
'''ukuzala'''
# [[parto]]
[[Categoria:Substantivo (Xhosa)]]
[[Categoria:Biologia (Xhosa)]]</text>
<sha1>qwmurj45dyculy6xzmr6ya58m35k2nc</sha1>
</revision>
