<page>
<title>ulan</title>
<ns>0</ns>
<id>415997</id>
<revision>
<id>2677134</id>
<parentid>2563139</parentid>
<timestamp>2022-05-16T09:21:35Z</timestamp>
<contributor>
<username>ValJor</username>
<id>1358</id>
</contributor>
<comment>Confirmando [[:Categoria:!Entrada criada por robô|verbete criado por robô]]</comment>
<model>wikitext</model>
<format>text/x-wiki</format>
<text bytes="268" xml:space="preserve">{{Wikipédia|lang=tl}}
[[Imagem:Rain showers in Stockholm 2015.jpg|thumb|right|250px|{{centro|Chuva}}]]
={{-tl-}}=
==Substantivo==
'''ulan'''
# [[chuva]]
[[Categoria:Substantivo (Tagalo)]]
[[Categoria:Meteorologia (Tagalo)]]
[[Categoria:Entrada com imagem (Tagalo)]]</text>
<sha1>6rm8pi4meud5z2ap3jmrs5i753ptxve</sha1>
</revision>
</page>
