<page>
<title>ulap</title>
<ns>0</ns>
<id>317803</id>
<revision>
<id>2669811</id>
<parentid>2220507</parentid>
<timestamp>2022-04-01T10:35:19Z</timestamp>
<contributor>
<username>ValJor</username>
<id>1358</id>
</contributor>
<comment>Confirmando [[:Categoria:!Entrada criada por robô|verbete criado por robô]]</comment>
<model>wikitext</model>
<format>text/x-wiki</format>
<text bytes="291" xml:space="preserve">{{Wikipédia|lang=tl}}
[[Imagem:Anvil shaped cumulus panorama edit.jpg|thumb|right|250px|{{centro|Nuvem}}]]
={{-tl-}}=
==Substantivo==
'''ulap'''
# [[nuvem]] (vapores de água)
[[Categoria:Substantivo (Tagalo)]]
[[Categoria:Meteorologia (Tagalo)]]
[[Categoria:Entrada com imagem (Tagalo)]]</text>
<sha1>9on6o7ourmv8cr7fngv87p83d0taum3</sha1>
</revision>
</page>
