<page>
<page>
<title>ulastelig</title>
<ns>0</ns>
<id>50355</id>
<revision>
<id>1305783</id>
<parentid>457730</parentid>
<timestamp>2011-11-28T23:08:24Z</timestamp>
<contributor>
<username>MalafayaBot</username>
<id>628</id>
</contributor>
<minor />
<comment>Robô: Substituição de texto automática (-^\=(\s*?)Dinamarquês(\s*?)\= +={{-da-}}= &amp; -^\=(\s*?)\{\{da\}\}(\s*?)\= +={{-da-}}=)</comment>
<model>wikitext</model>
<format>text/x-wiki</format>
<text bytes="119" xml:space="preserve">={{-da-}}=
==Adjetivo==
'''ulastelig'''
:# [[irreprochável]].
[[Categoria:Adjetivo (Dinamarquês)]]
[[no:ulastelig]]</text>
<sha1>3jtwtp7s52dosn6ntrzlqsa1hj4lyso</sha1>
</revision>
