<page>
<page>
<title>ulat</title>
<ns>0</ns>
<id>230575</id>
<revision>
<id>2658917</id>
<parentid>2215828</parentid>
<timestamp>2022-01-31T03:20:39Z</timestamp>
<contributor>
<username>ValJor</username>
<id>1358</id>
</contributor>
<comment>Confirmando [[:Categoria:!Entrada criada por robô|verbete criado por robô]]</comment>
<model>wikitext</model>
<format>text/x-wiki</format>
<text bytes="150" xml:space="preserve">{{Wikipédia|lang=pag}}
={{-pag-}}=
==Substantivo==
'''ulat'''
# [[veia]]
[[Categoria:Substantivo (Pangasinan)]]
[[Categoria:Anatomia (Pangasinan)]]</text>
<sha1>635llqbezs5qoexbwjvjqxotwkqp9ob</sha1>
</revision>
