<page>
<page>
<title>ulcerámos</title>
<ns>0</ns>
<id>308877</id>
<revision>
<id>2249776</id>
<parentid>1645011</parentid>
<timestamp>2017-03-07T21:20:23Z</timestamp>
<contributor>
<username>ValJor</username>
<id>1358</id>
</contributor>
<comment>Trocando predefinição escopo por escopo2</comment>
<model>wikitext</model>
<format>text/x-wiki</format>
<text bytes="268" xml:space="preserve">={{-pt-}}=
==Forma verbal==
{{paroxítona|ul|ce|rá|mos}}
# {{escopo2|grafia lusitana}} primeira pessoa do plural do pretérito perfeito do modo indicativo do verbo [[ulcerar]]
{{avi-for-fle|ulcerar}}
[[Categoria:Forma verbal (Português)]]
[[Categoria:Lusitanismo]]</text>
<sha1>co2viu7cnffa3m3l7tfri3wmhkmrjp8</sha1>
</revision>
