<page>
<title>Ulcinde</title>
<ns>0</ns>
<id>107681</id>
<revision>
<id>1221127</id>
<parentid>906535</parentid>
<timestamp>2011-07-12T20:13:37Z</timestamp>
<contributor>
<username>MalafayaBot</username>
<id>628</id>
</contributor>
<minor />
<comment>Robô: Substituição de texto automática (-\=\[\[Português\]\]\= +={{-pt-}}=)</comment>
<model>wikitext</model>
<format>text/x-wiki</format>
<text bytes="364" xml:space="preserve">={{-pt-}}=
'''Ul.cin.de'''  
==Substantivo, &lt;small&gt;''próprio''&lt;/small&gt;==    
# [[reino]] [[do]] [[Cinde]]
#* ''“Cinde” é outro nome do “Indo” (Sindh)''
{{camonismo|
*** '''1 ocorrência n'Os Lusíadas'''
* «[[olha|Olha]] [[a]] [[terra]] [[de]] '''Ulcinde''', [[fertilíssima]],     -   Os Lusíadas    X-106-1
}}
[[Categoria:Substantivo (Português)]]</text>
<sha1>jvpmu4mg8rsvsl1wzce46xoipgdp22n</sha1>
</revision>
</page>
