<page>
<page>
<title>ulciscor</title>
<ns>0</ns>
<id>347262</id>
<revision>
<id>2184008</id>
<parentid>2045405</parentid>
<timestamp>2016-10-18T00:34:16Z</timestamp>
<contributor>
<username>UT-interwiki-Bot</username>
<id>56129</id>
</contributor>
<minor />
<comment>Robô: A adicionar: [[es:ulciscor]]</comment>
<model>wikitext</model>
<format>text/x-wiki</format>
<text bytes="570" xml:space="preserve">={{-la-}}=
==Verbo==
''presente ativo'' '''ulciscor''', ''infinitivo presente'' '''[[ulcisci]]''', ''pretérito perfeito ativo'' '''[[ultus]]''' '''[[sum]]'''.
# [[vingar]].
# [[vingar]]-se de.
===Conjugação===
: Terceira conjugação, depoente.
==Pronúncia==
*[[AFI]]:  /ulˈkiːs.kor/, /ʊɫˈkiːs.kɔr/.
[[Categoria:Entrada com pronúncia (Latim)]]
[[Categoria:Verbo (Latim)]]
[[Categoria:Verbo sem afixos (Latim)]]
[[chr:ulciscor]]
[[cs:ulciscor]]
[[en:ulciscor]]
[[es:ulciscor]]
[[fi:ulciscor]]
[[fr:ulciscor]]
[[ko:ulciscor]]
[[ru:ulciscor]]
[[zh:ulciscor]]</text>
<sha1>c4mvfc0twjhp70qqbx4iel3iclbl55i</sha1>
</revision>
