<page>
<title>ulduz</title>
<ns>0</ns>
<id>63399</id>
<revision>
<id>2242540</id>
<parentid>2184007</parentid>
<timestamp>2017-02-21T04:15:03Z</timestamp>
<contributor>
<username>UT-interwiki-Bot</username>
<id>56129</id>
</contributor>
<minor />
<comment>Robô: A adicionar: [[tg:ulduz]]</comment>
<model>wikitext</model>
<format>text/x-wiki</format>
<text bytes="632" xml:space="preserve">={{-az-}}=
==Substantivo==
'''{{PAGENAME}}'''
:# [[estrela]]
==Ver Também==
* Albanês: [[yll]]
* {{tt}}: {{xlatio|az|yoldız|}}
* {{tr}}: {{xlatio|tr|yıldız|}}
* {{ug}}: {{xlatio|ug|yultuz|}}, {{xlatio|ug|йултуз|}}, {{xlatio|ug|يولتوز|}}
* {{uz}}: {{xlatio|uz|yulduz|}}
[[Categoria:Substantivo (Azerbaijano)]]
[[Categoria:Astronomia (Azerbaijano)]]
[[az:ulduz]]
[[bs:ulduz]]
[[chr:ulduz]]
[[en:ulduz]]
[[es:ulduz]]
[[eu:ulduz]]
[[fj:ulduz]]
[[fr:ulduz]]
[[io:ulduz]]
[[ko:ulduz]]
[[ku:ulduz]]
[[lo:ulduz]]
[[lt:ulduz]]
[[mg:ulduz]]
[[pl:ulduz]]
[[ro:ulduz]]
[[ru:ulduz]]
[[tg:ulduz]]
[[tr:ulduz]]
[[uz:ulduz]]</text>
<sha1>9nh3vjgbm7arly9hm9d0lfnkvun3z0u</sha1>
</revision>
</page>
