<page>
<page>
<title>ulear</title>
<ns>0</ns>
<id>313807</id>
<revision>
<id>2560891</id>
<parentid>1839267</parentid>
<timestamp>2019-11-10T10:30:22Z</timestamp>
<contributor>
<username>ValJor</username>
<id>1358</id>
</contributor>
<comment>Acrescentando código de língua à [[:Categoria:!Página com mensagem de erro em predefinição|predefinição escopo]]</comment>
<model>wikitext</model>
<format>text/x-wiki</format>
<text bytes="339" xml:space="preserve">={{-pt-}}=
==Verbo==
{{oxítona|u|le|ar}}
# {{escopo|pt|Trás-os-Montes}} [[uivar]]
===Conjugação===
{{conj/pt|ule|ar}}
===Sinônimo===
* [[ouviar]]
=={{etimologia|pt}}==
{{llietimo|la|ululare|pt|ulular}}
==Ver também==
===No Wikcionário===
{{verTambém.Ini}}
* [[urrar]]
==Anagrama==
# [[ruela]]
[[Categoria:Verbo (Português)]]</text>
<sha1>lnf1m5vlt5gaglqb22f6f2gajusx804</sha1>
</revision>
