<page>
<title>ulew</title>
<ns>0</ns>
<id>250763</id>
<revision>
<id>1301618</id>
<parentid>1264840</parentid>
<timestamp>2011-11-25T09:36:06Z</timestamp>
<contributor>
<username>Luckas-bot</username>
<id>5986</id>
</contributor>
<minor />
<comment>r2.7.1) (Robô: A adicionar: [[es:ulew]]</comment>
<model>wikitext</model>
<format>text/x-wiki</format>
<text bytes="296" xml:space="preserve">={{-abl-}}=
==Substantivo==
'''ulew'''
# [[cabeça]]
==Ver também==
===No Wikcionário===
{{verTambém.Ini}}
* [[kukut]]
* [[kuyuŋ]]
{{verTambém.NovaColuna}}
* [[puŋew]]
* [[susew]]
{{verTambém.Fim}}
[[Categoria:Substantivo (Lampung Nyo)]]
[[Categoria:Anatomia (Lampung Nyo)]]
[[es:ulew]]</text>
<sha1>326zfo6x4tqbjqx2y04nnstliao3qvg</sha1>
</revision>
</page>
