<page>
<title>ulhauç</title>
<ns>0</ns>
<id>231573</id>
<revision>
<id>1801224</id>
<parentid>1726152</parentid>
<timestamp>2014-01-04T18:47:32Z</timestamp>
<contributor>
<username>MalafayaBot</username>
<id>628</id>
</contributor>
<minor />
<comment>r2.7.5) (Robô: A adicionar: [[fr:ulhauç]], [[mg:ulhauç]]</comment>
<model>wikitext</model>
<format>text/x-wiki</format>
<text bytes="220" xml:space="preserve">={{-oc-}}=
==Substantivo==
'''ulhauç'''
# [[relâmpago]]
{{página-automática|Maio|2010|relâmpago|oc}}
[[Categoria:Substantivo (Occitano)]]
[[de:ulhauç]]
[[en:ulhauç]]
[[fr:ulhauç]]
[[mg:ulhauç]]
[[oc:ulhauç]]</text>
<sha1>0nb1bu1x81g8mezd47nq1sz80p3mk2b</sha1>
</revision>
</page>
