<page>
<page>
<title>ulhó</title>
<ns>0</ns>
<id>349394</id>
<revision>
<id>2552503</id>
<parentid>2527853</parentid>
<timestamp>2019-09-02T19:15:52Z</timestamp>
<contributor>
<username>Cpls</username>
<id>20608</id>
</contributor>
<comment>/* {{etimologia|gl}} */</comment>
<model>wikitext</model>
<format>text/x-wiki</format>
<text bytes="557" xml:space="preserve">={{-gl-}}=
==Substantivo==
{{flex.gl|ms=ulhó|mp=ulhós}}
{{oxítona|u|lhó|lang=gl}}, {{g|m|lang=gl}}
# lugar na terra onde nasce água
# lugar seco que no tempo de chuvas é pantanoso ou nasce água
# [[pântano]], terreno mui úmido
# [[vau]]
# [[embarcadoiro]]
# [[olho]] da roda do carro de bois, no meião, onde entra o eixo
# {{escopo|gl|Planta}} [[feijocas]] (''[[species:Conopodium majus|Conopodium majus]]'')
=={{etimologia|gl}}==
: Confronte-se com ''[[ilhó#Galego|ilhó]]'' e com ''[[alhó#{{gl}}|alhó]]''.
[[Categoria:Substantivo (Galego)]]</text>
<sha1>65hv76kc6ifch8zu4uopmx570gfn251</sha1>
</revision>
