<page>
<title>Ulianópolis</title>
<ns>0</ns>
<id>143092</id>
<revision>
<id>2281666</id>
<parentid>1197899</parentid>
<timestamp>2017-04-27T03:23:28Z</timestamp>
<contributor>
<username>HydrizBot</username>
<id>29590</id>
</contributor>
<minor />
<comment>Robô: A limpar links interwikis antigos</comment>
<model>wikitext</model>
<format>text/x-wiki</format>
<text bytes="246" xml:space="preserve">={{-pt-}}=
{{Wikipédia}}
==Substantivo==
'''Ulianópolis''' {{pr}}
#[[município]] [[brasileiro]] do [[estado]] do [[Pará]]
==Ver também==
*[[Apêndice:Municípios do estado do Pará]]
[[Categoria:Município do estado do Pará (Português)]]</text>
<sha1>0mv86wgvp2eaiftu94o2hyuk5xna8r3</sha1>
</revision>
</page>
