<page>
<page>
<title>ulidor</title>
<ns>0</ns>
<id>367775</id>
<revision>
<id>2194394</id>
<timestamp>2016-11-05T19:01:20Z</timestamp>
<contributor>
<username>Cpls</username>
<id>20608</id>
</contributor>
<comment>[[Ajuda:Guia de edição/Menus e ferramentas/Sumário de edição|→]] nova página: ={{-gl-}}= ==Adjetivo== {{flex.gl|ms=ulidor|mp=ulidores|fs=ulidora|fp=ulidoras}} {{paroxítona|u|li|dor|lang=...</comment>
<model>wikitext</model>
<format>text/x-wiki</format>
<text bytes="348" xml:space="preserve">={{-gl-}}=
==Adjetivo==
{{flex.gl|ms=ulidor|mp=ulidores|fs=ulidora|fp=ulidoras}}
{{paroxítona|u|li|dor|lang=gl}}
# que desprende [[cheiro]], odoroso
===Sinónimo===
* [[cheirento#{{gl}}|cheirento]], [[ulinte#{{gl}}|ulinte]]
=={{etimologia|gl}}==
: Derivada de ''[[ulir#{{gl}}|ulir]]'' + ''[[-dor#{{gl}}|-dor]]''.
[[Categoria:Adjetivo (Galego)]]</text>
<sha1>sv0fg5f6k34b1o3q0d2242mir5v6rpu</sha1>
</revision>
