<page>
<page>
<title>ulido</title>
<ns>0</ns>
<id>367768</id>
<revision>
<id>2194385</id>
<timestamp>2016-11-05T18:30:27Z</timestamp>
<contributor>
<username>Cpls</username>
<id>20608</id>
</contributor>
<comment>[[Ajuda:Guia de edição/Menus e ferramentas/Sumário de edição|→]] nova página: ={{-gl-}}= ==Substantivo== {{flex.gl|ms=ulido|mp=ulidos}} {{paroxítona|u|li|do|lang=gl}}, {{g|m|lang=gl}} #...</comment>
<model>wikitext</model>
<format>text/x-wiki</format>
<text bytes="307" xml:space="preserve">={{-gl-}}=
==Substantivo==
{{flex.gl|ms=ulido|mp=ulidos}}
{{paroxítona|u|li|do|lang=gl}}, {{g|m|lang=gl}}
# [[cheiro]], [[odor]], eflúvio oloroso
# [[olfato]]
==={{-varort-}}===
* [[olido#{{gl}}|olido]]
=={{etimologia|gl}}==
: Do particípio de ''[[ulir#{{gl}}|ulir]]''.
[[Categoria:Adjetivo (Galego)]]</text>
<sha1>ex7hke62upwiptwn6efwys3vtnxr69e</sha1>
</revision>
