<page>
<title>ulimi</title>
<ns>0</ns>
<id>104666</id>
<revision>
<id>2560889</id>
<parentid>2139402</parentid>
<timestamp>2019-11-10T10:26:46Z</timestamp>
<contributor>
<username>ValJor</username>
<id>1358</id>
</contributor>
<comment>Acrescentando código de língua à [[:Categoria:!Página com mensagem de erro em predefinição|predefinição escopo]]</comment>
<model>wikitext</model>
<format>text/x-wiki</format>
<text bytes="1093" xml:space="preserve">={{-sw-}}=
==Substantivo==
'''u.{{grifar|li}}.mi''' ''classe 11'' ({{p}} '''''{{link opcional|limi|sw}}'''''/'''''{{link opcional|ndimi|sw}}''''', ''classe 10'')
# {{escopo|sw|Linguística}} [[língua]], [[idioma]]
=={{pronúncia|sw}}==
* [[AFI]]: {{AFI|/u.ˈli:.mi/}}
* [[X-SAMPA]]: /u.&quot;li:.mi/
==Ver também==
===Referências===
{{verTambém.Ini}}
* [http://africanlanguages.com/swahili/index.php?l=en Online Swahili-English Dictionary (em inglês e suaíli)]
{{verTambém.Fim}}
[[Categoria:Substantivo (Suaíli)]]
[[Categoria:Trissílabo (Suaíli)]]
[[Categoria:Paroxítona (Suaíli)]]
={{-zu-}}=
==Substantivo==
'''u.{{grifar|li}}.mi''' ''classe 11'' ({{p}} '''''{{link opcional|izilimi|zu}}''''', ''classe 10'')
# {{escopo|zu|Linguística}} [[língua]], [[idioma]]
=={{pronúncia|zu}}==
* [[AFI]]: {{AFI|/uː.ˈli:.mi/}}
* [[X-SAMPA]]: /u:.&quot;li:.mi/
==Ver também==
===Referências===
{{verTambém.Ini}}
* [http://www.isizulu.net/ isiZulu.net (em inglês e zulu)]
{{verTambém.Fim}}
[[Categoria:Substantivo (Zulu)]]
[[Categoria:Trissílabo (Zulu)]]
[[Categoria:Paroxítona (Zulu)]]</text>
<sha1>j52oewwer6jybiqkygnygmu7h8j8v7h</sha1>
</revision>
</page>
