<page>
<page>
<title>ulir</title>
<ns>0</ns>
<id>361639</id>
<revision>
<id>2186108</id>
<parentid>2152689</parentid>
<timestamp>2016-10-24T05:05:43Z</timestamp>
<contributor>
<username>HydrizBot</username>
<id>29590</id>
</contributor>
<minor />
<comment>Robô: A adicionar: fr, gl, id, jv, zh</comment>
<model>wikitext</model>
<format>text/x-wiki</format>
<text bytes="371" xml:space="preserve">={{-gl-}}=
==Verbo==
{{oxítona|u|lir|lang=gl}}
# [[cheirar]], desprender cheiro
# utilizar o sentido do [[olfato]]
==={{-varort-}}===
{{dividir em colunas|2}}
* [[oler#Galego|oler]]
* [[olir#Galego|olir]]
{{dividir em colunas.fim}}
=={{etimologia|gl}}==
{{llietimo|la|olere|gl}}
[[Categoria:Verbo (Galego)]]
[[fr:ulir]]
[[gl:ulir]]
[[id:ulir]]
[[jv:ulir]]
[[zh:ulir]]</text>
<sha1>1k6vzzyxyzqukpsjxbt8ujr8o3u2fj2</sha1>
</revision>
