<page>
<title>ulisseus</title>
<ns>0</ns>
<id>98752</id>
<revision>
<id>1190516</id>
<parentid>966941</parentid>
<timestamp>2011-07-08T19:01:30Z</timestamp>
<contributor>
<username>MalafayaBot</username>
<id>628</id>
</contributor>
<minor />
<comment>Robô: Substituição de texto automática (-^\=\s?Português\s?\= +={{-pt-}}= &amp; -^\=\s?\{\{pt\}\}\s?\= +={{-pt-}}=)</comment>
<model>wikitext</model>
<format>text/x-wiki</format>
<text bytes="129" xml:space="preserve">={{-pt-}}=
==Forma de adjetivo==
{{paroxítona|u|lis|seus}}
# plural de [[ulisseu]]
[[Categoria:Forma de adjetivo (Português)]]</text>
<sha1>513u054ipykdjc1wjq6he04bibwc642</sha1>
</revision>
</page>
