<page>
<title>ulissibonense</title>
<ns>0</ns>
<id>11298</id>
<revision>
<id>1188725</id>
<parentid>938369</parentid>
<timestamp>2011-07-08T18:25:31Z</timestamp>
<contributor>
<username>MalafayaBot</username>
<id>628</id>
</contributor>
<minor />
<comment>Robô: Substituição de texto automática (-^\=\s?Português\s?\= +={{-pt-}}= &amp; -^\=\s?\{\{pt\}\}\s?\= +={{-pt-}}=)</comment>
<model>wikitext</model>
<format>text/x-wiki</format>
<text bytes="727" xml:space="preserve">={{-pt-}}=
== Substantivo ==
'''u.lis.si.bo.nen.se''' ''comum nos dois géneros'' 
#Natural ou habitante da capital portuguesa, [[Lisboa]].
==== Sinónimos ====
* ''(popular)'' [[alfacinha]]
* [[lisboano]]
* [[lisboês]]
* [[lisbonense]]
* [[lisbonês]]
* [[olisiponense]]
* [[olissiponense]]
* [[lisboense]]
* [[ulixibonense]]
== Adjetivo ==
'''u.lis.si.bo.nen.se''' ''comum nos dois géneros'' 
#Que é da capital portuguesa, Lisboa ou dos seus habitantes.
==== Sinónimos ====
* ''(popular)'' [[alfacinha]]
* [[lisboano]]
* [[lisboês]]
* [[lisbonense]]
* [[lisbonês]]
* [[olisiponense]]
* [[lisbonino]]
[[Categoria: Gentílico_(Português)]]
[[Categoria: Substantivo_(Português)]]
[[Categoria: Adjetivo_(Português)]]</text>
<sha1>1ghhpwcbenmih19ddp59gyq7yrhg5p4</sha1>
</revision>
</page>
