<page>
<title>Uliso</title>
<ns>0</ns>
<id>272031</id>
<revision>
<id>2281667</id>
<parentid>2067555</parentid>
<timestamp>2017-04-27T03:23:29Z</timestamp>
<contributor>
<username>HydrizBot</username>
<id>29590</id>
</contributor>
<minor />
<comment>Robô: A limpar links interwikis antigos</comment>
<model>wikitext</model>
<format>text/x-wiki</format>
<text bytes="515" xml:space="preserve">={{-eo-}}=
==Substantivo==
'''U.{{grifar|li}}.so'''
# [[Ulisses]]
===Declinação===
{{decl.eo.subst.sing}}
=={{etimologia|eo}}==
: Do [[latim]] {{etimo|la|Ulysses}}.
{{etimo.eo|Ulis|-o}}
=={{pronúncia|eo}}==
* [[AFI]]: {{AFI|/ulisɔ/}}.
==Ver também==
===No Wikcionário===
{{verTambém.Ini}}
* {{link opcional|Odiseo|eo}}
{{verTambém.Fim}}
[[Categoria:Substantivo (Esperanto)]]
[[Categoria:Antropônimo (Esperanto)]]
[[Categoria:Trissílabo (Esperanto)]]
[[Categoria:Entrada de étimo latino (Esperanto)]]</text>
<sha1>4x66q2yjdirstk4m3d9nss0sn584521</sha1>
</revision>
</page>
