<page>
<title>ulisséia</title>
<ns>0</ns>
<id>108355</id>
<revision>
<id>1190517</id>
<parentid>554152</parentid>
<timestamp>2011-07-08T19:01:31Z</timestamp>
<contributor>
<username>MalafayaBot</username>
<id>628</id>
</contributor>
<minor />
<comment>Robô: Substituição de texto automática (-^\=\s?Português\s?\= +={{-pt-}}= &amp; -^\=\s?\{\{pt\}\}\s?\= +={{-pt-}}=)</comment>
<model>wikitext</model>
<format>text/x-wiki</format>
<text bytes="172" xml:space="preserve">{{Anterior ao Acordo de 1990|ulisseia}}
={{-pt-}}=
==Forma de adjetivo==
{{paroxítona|u|lis|séi|a}}
# feminino de [[ulisseu]]
[[Categoria:Forma de adjetivo (Português)]]</text>
<sha1>4810yrn6ruobzkh4yicvzun3boh3w0k</sha1>
</revision>
</page>
