<page>
<title>ulisqueiro</title>
<ns>0</ns>
<id>367767</id>
<revision>
<id>2194384</id>
<timestamp>2016-11-05T18:24:26Z</timestamp>
<contributor>
<username>Cpls</username>
<id>20608</id>
</contributor>
<comment>[[Ajuda:Guia de edição/Menus e ferramentas/Sumário de edição|→]] nova página: ={{-gl-}}= ==Adjetivo== {{flex.gl|ms=ulisqueiro|mp=ulisqueiros|fs=ulisqueira|fp=ulisqueiras}} {{paroxítona|u...</comment>
<model>wikitext</model>
<format>text/x-wiki</format>
<text bytes="286" xml:space="preserve">={{-gl-}}=
==Adjetivo==
{{flex.gl|ms=ulisqueiro|mp=ulisqueiros|fs=ulisqueira|fp=ulisqueiras}}
{{paroxítona|u|lis|quei|ro|lang=gl}}
# que costuma [[olfatar]]
=={{etimologia|gl}}==
: Derivada de ''[[ulir#{{gl}}|ulir]]'' e ''[[uliscar#{{gl}}|uliscar]]''.
[[Categoria:Adjetivo (Galego)]]</text>
<sha1>lbh2bmbc1tfllvkqjmtroihioqe3cqi</sha1>
</revision>
</page>
