<page>
<page>
<title>ulitsã</title>
<ns>0</ns>
<id>398985</id>
<revision>
<id>2515493</id>
<timestamp>2018-08-14T05:11:10Z</timestamp>
<contributor>
<ip>186.213.132.124</ip>
</contributor>
<comment>criação do verbete</comment>
<model>wikitext</model>
<format>text/x-wiki</format>
<text bytes="1195" xml:space="preserve">[[Ficheiro:Street in La Paz.jpg|thumb|225px|'''Ulitsã''' (&quot;rua&quot;)]]
={{-rup-}}=
==Substantivo==
{{proparoxítona|u|li|tsã|lang=rup}} {{g|f}} ({{g|p}} [[ulitsã]])
# [[rua]]
=={{etimologia|rup}}==
:Do [[proto-eslavo|protoeslavo]] *''ulica''.
===Cognatos===
{{tradini|Cognatos de ''ulitsã''}}
* {{trad|be|вуліца}}
* {{trad|bg|улица}}
* {{trad|cs|ulice}}
* {{trad|sk|ulica}}
* {{trad|sl|úlica}}
* {{trad|hu|utca}}
* {{trad|mk|улица}}
* {{trad|pl|ulica}}
* {{trad|ro|uliță}}
{{tradmeio}}
* {{trad|rue|уліця}}
* {{trad|ru|улица}}
* [[servo-croata|{{sh}}]] :
** [[cirílico|Cirílico]] : {{t+|sh|улица}}
** [[latino|Latino]] : {{t+|sh|ulica}}
* {{trad|hsb|wulica}}
* {{trad|dsb|wulica}}
* {{trad|uk|вулиця}}
{{tradfim}}
==Ver também==
===No Wikcionário===
{{verTambém.Ini}}
* {{link opcional|cali}}
* {{link opcional|drum}}
* {{link opcional|sucachi}}
{{verTambém.Fim}}
==Ligações externas==
===Referências===
{{verTambém.Ini}}
* “[https://archive.org/stream/DictsiunarArmanescuDec2008#page/n1055/ ulitsã]” no Cunia, T.. ''Dictsiunar a Limbãljei Armãneascã''. 2008.
{{verTambém.Fim}}
{{categorias|{{rup}}|Substantivo|Entrada com imagem}}</text>
<sha1>rqvbz1nfzutqdcz1t9akeq6rzbwdis2</sha1>
</revision>
