<page>
<title>ulki</title>
<ns>0</ns>
<id>246425</id>
<revision>
<id>1382940</id>
<parentid>934192</parentid>
<timestamp>2012-02-29T14:42:51Z</timestamp>
<contributor>
<username>ValJor</username>
<id>1358</id>
</contributor>
<comment>Trocando o cabeçalho de língua: kje --&gt; -kje-</comment>
<model>wikitext</model>
<format>text/x-wiki</format>
<text bytes="263" xml:space="preserve">={{-kje-}}=
==Substantivo==
'''ulki'''
# [[pele]]
==Ver também==
===No Wikcionário===
{{verTambém.Ini}}
* [[aki]]
* [[murku]]
{{verTambém.NovaColuna}}
* [[nihan]]
* [[rara]]
{{verTambém.Fim}}
[[Categoria:Substantivo (Kisar)]]
[[Categoria:Anatomia (Kisar)]]</text>
<sha1>9e7i948n2zohoyaow04jzwgzjortto3</sha1>
</revision>
</page>
