<page>
<page>
<title>ullayayaq</title>
<ns>0</ns>
<id>406767</id>
<revision>
<id>2536190</id>
<timestamp>2019-02-15T23:29:07Z</timestamp>
<contributor>
<username>Amigo7</username>
<id>58547</id>
</contributor>
<comment>Criação do verbete a partir da [[Especial:Páginas_pedidas|lista de palavras pedidas]]</comment>
<model>wikitext</model>
<format>text/x-wiki</format>
<text bytes="309" xml:space="preserve">{{Wikipédia|lang=qu}}
={{-qu-}}=
==Substantivo==
{{elementos|Si|ch'aqu q'illay|Al|phusphuru|P}}
'''ullayayaq'''
# {{escopo|qu|Elemento químico}} [[silício]]
===Sinônimos===
* {{link idioma|silisyu|qu}}
==Ver também==
===No Wikcionário===
{{tabela periódica/qu}}
[[Categoria:Substantivo (Quéchua)]]</text>
<sha1>hxtqo48mje0s8rp1r3xy60g5nndoguo</sha1>
</revision>
