<page>
<page>
<title>ulmeira</title>
<ns>0</ns>
<id>385004</id>
<revision>
<id>2456374</id>
<timestamp>2017-10-21T19:37:14Z</timestamp>
<contributor>
<username>Cpls</username>
<id>20608</id>
</contributor>
<comment>[[Ajuda:Guia de edição/Menus e ferramentas/Sumário de edição|→]] nova página: ={{-pt-}}= ==Substantivo== {{flex.pt|fs=ulmeira|fp=ulmeiras}} {{paroxítona|ul|mei|ra}}, {{g|f}} # {{escopo|p...</comment>
<model>wikitext</model>
<format>text/x-wiki</format>
<text bytes="1129" xml:space="preserve">={{-pt-}}=
==Substantivo==
{{flex.pt|fs=ulmeira|fp=ulmeiras}}
{{paroxítona|ul|mei|ra}}, {{g|f}}
# {{escopo|pt|Planta}} planta [[species:Rosaceae|Rosaceae]] de flores brancas que costuma medrar em lugares úmidos, da espécie ''[[species:Filipendula ulmaria|Filipendula ulmaria]]''
===Sinónimos===
* Vide em [[rainha-dos-prados]]
=={{etimologia|pt}}==
: {{escopo|Morfologia}} De ''[[ulmo]]'' + ''[[-eira]]''.
[[Categoria:Substantivo (Galego)]]
={{-gl-}}=
==Substantivo==
{{flex.gl|fs=ulmeira|fp=ulmeiras}}
{{paroxítona|ul|mei|ra|lang=gl}}, {{g|f|lang=gl}}
# {{escopo|gl|Planta}} [[ulmeira#{{pt}}|ulmeira]] (''[[species:Filipendula ulmaria|Filipendula ulmaria]]'')
# {{escopo|gl|Árvore}} [[ulmo#{{pt}}|ulmo]] (''[[species:Ulmus glabra|Ulmus glabra]]'' e ''[[species:Ulmus minor|Ulmus minor]]'')
===Sinónimos===
* De '''1''': Vide em [[rainha-dos-prados#{{gl}}|rainha-dos-prados]]
* De '''2''': Vide em [[lamargueiro#Galego|lamargueiro]]
=={{etimologia|gl}}==
: {{escopo|Morfologia}} De ''[[ulmo#{{gl}}|ulmo]]'' + ''[[-eira#{{gl}}|-eira]]''. Confronte-se com ''[[olmo#{{gl}}|olmo]]''.
[[Categoria:Substantivo (Galego)]]</text>
<sha1>itvczuukborusq7drwf4c9bqjek6n1f</sha1>
</revision>
