<page>
<page>
<title>ulmeiro</title>
<ns>0</ns>
<id>104557</id>
<revision>
<id>2620121</id>
<parentid>2139401</parentid>
<timestamp>2021-02-01T20:42:31Z</timestamp>
<contributor>
<username>MarxavBot</username>
<id>80155</id>
</contributor>
<minor />
<comment>AFI Portugal</comment>
<model>wikitext</model>
<format>text/x-wiki</format>
<text bytes="355" xml:space="preserve">={{-pt-}}=
==Substantivo==
{{paroxítona|ul|mei|ro}}
# [[árvore]] [[monopétala]]
# [[olmeiro]]
# [[olmo]]
# [[ulmo]]
=={{pronúncia|pt}}==
===Portugal===
* AFI: {{AFI|/uɫ.ˈmɐj.ɾu/}}
[[Categoria:Substantivo (Português)]]
[[Categoria:Árvore (Português)]]
[[chr:ulmeiro]]
[[en:ulmeiro]]
[[fr:ulmeiro]]
[[hu:ulmeiro]]
[[mg:ulmeiro]]
[[ru:ulmeiro]]</text>
<sha1>rm4knd49zpevahwemo4n91ehuovjjuc</sha1>
</revision>
