<page>
<page>
<title>ulmo</title>
<ns>0</ns>
<id>330610</id>
<revision>
<id>2194715</id>
<parentid>2139400</parentid>
<timestamp>2016-11-06T17:10:52Z</timestamp>
<contributor>
<username>UT-interwiki-Bot</username>
<id>56129</id>
</contributor>
<minor />
<comment>Robô: A adicionar: [[la:ulmo]]</comment>
<model>wikitext</model>
<format>text/x-wiki</format>
<text bytes="1540" xml:space="preserve">={{-pt-}}=
==Substantivo==
{{flex.pt|ms=ulmo|mp=ulmos}}
{{paroxítona|ul|mo}}, {{m}}
# nome genérico de árvores de várias espécies do gênero ''[[wikispecies:Ulmus|Ulmus]] L.'', família Ulmaceae; são grandes árvores nativas na Europa (sobretudo ''[[wikispecies:Ulmus minor|Ulmus minor]]'', nativo da Península Ibérica), alcançando os 30 metros de altura
===Variante===
* [[olmo]]
===Tradução===
{{tradini}}
* {{trad|de|Ulmen}}
* {{trad|ast|llamera}}
* {{trad|be|вяз}}
* {{trad|bg|бряст}}
* {{trad|ca|om}}
* {{trad|cs|jilm}}
* {{trad|zh|榆树}}
* {{trad|kv|сирпу}}
* {{trad|ko|느릅나무속}}
* {{trad|da|elm}}
* {{trad|sk|brest}}
* {{trad|es|olmo}}
* {{trad|eo|ulmo}}
* {{trad|et|jalakas}}
* {{trad|fi|jalavat}}
* {{trad|fr|orme}}
* {{trad|gd|ailm}}
{{tradmeio}}
* {{trad|he|אולמוס}}
* {{trad|nl|iep}}
* {{trad|en|elm}}
* {{trad|it|olmo}}
* {{trad|ja|ニレ}}
* {{trad|la|ulmus}}
* {{trad|lt|guoba}}
* {{trad|no|almeslekta}}
* {{trad|pl|wiąz}}
* {{trad|ro|ulmus}}
* {{trad|ru|вяз}}
* {{trad|hsb|wjaz}}
* {{trad|sv|almsläktet}}
* {{trad|tt|elma}}
* {{trad|tr|karaağaç}}
* {{trad|uk|в'яз}}
{{tradfim}}
=={{etimologia|pt}}==
: Do {{etm|la|pt}} {{etimo|la|ulmus}}.
==Ver também==
===No Wikcionário===
* [[olmedal]]
[[Categoria:Substantivo (Português)]]
[[Categoria:Entrada com etimologia (Português)]]
[[Categoria:Árvore (Português)]]
[[br:ulmo]]
[[chr:ulmo]]
[[el:ulmo]]
[[en:ulmo]]
[[eo:ulmo]]
[[es:ulmo]]
[[fr:ulmo]]
[[io:ulmo]]
[[la:ulmo]]
[[mg:ulmo]]
[[pl:ulmo]]
[[ru:ulmo]]
[[sk:ulmo]]</text>
<sha1>7npzsu0cfowuu5be3ukryanm9wmzgjl</sha1>
</revision>
