<page>
<page>
<title>ulo</title>
<ns>0</ns>
<id>74013</id>
<revision>
<id>2184009</id>
<parentid>2157860</parentid>
<timestamp>2016-10-18T00:38:19Z</timestamp>
<contributor>
<username>UT-interwiki-Bot</username>
<id>56129</id>
</contributor>
<minor />
<comment>Robô: A adicionar: [[ku:ulo]]</comment>
<model>wikitext</model>
<format>text/x-wiki</format>
<text bytes="1916" xml:space="preserve">={{-pt-}}=
==Advérbio==
{{flex.pt|ms=ulo|mp=ulos|fs=ula|fp=ulas}}
{{paroxítona|u|lo}}
# {{escopoUso|Galiza|pt}} [[onde]]?, em uso [[interrogativo]], somente para perguntar, &quot;onde está isso?&quot;, &quot;para onde?&quot;, tem forma flexionada dependendo do gênero e do número.
#* ''- Olha as pombas a voarem.''
#*:''- '''Ulas'''?''
==={{etimologia|pt}}===
: Do latim ''ubi'' mais a forma do artigo, pelo galego-português medieval ''[[u#Galego-Português Medieval|u]]'' &quot;[[onde]]&quot;.
==Substantivo==
{{flex.gl|ms=ulo|mp=ulos}}
{{paroxítona|u|lo|lang=gl}}, {{m}}
# {{escopoUso|Galiza|pt}} [[grito]] agudo, forte e prolongado, que era costume lançar para indicar que ali estava a pessoa que o emitia
===Sinónimo===
{{colunas|3}}
* [[aturujo#Galego|aturujo]]
* [[agru#{{gl}}|agru]]
* [[guirigau#{{gl}}|guirigau]]
* [[ufido#Galego|ufido]]
* [[ufo#Galego|ufo]]
* [[ughido#{{gl}}|ughido]]
{{colunas.fim}}
==={{etimologia|gl}}===
: Confronte-se com ''[[ular#Galego|ular]]'' e [[ulear]].
==Ver também==
===No Wikcionário===
{{verTambém.Ini}}
* [[onde]]
{{verTambém.NovaColuna}}
* [[donde]]
{{verTambém.Fim}}
[[Categoria:Advérbio (Português)]]
[[Categoria:Regionalismo (Português)]]
[[Categoria:Substantivo (Português)]]
={{-cps-}}=
==Substantivo==
'''ulo'''
# [[cabeça]]
==Ver também==
===No Wikcionário===
{{verTambém.Ini}}
* [[abaga]]
* [[kamot]]
{{verTambém.NovaColuna}}
* [[mata]]
* [[unto]]
{{verTambém.Fim}}
[[Categoria:Substantivo (Capisano)]]
[[Categoria:Anatomia (Capisano)]]
={{-pag-}}=
==Substantivo==
'''ulo'''
# [[cabeça]]
[[Categoria:Substantivo (Pangasinan)]]
[[Categoria:Anatomia (Pangasinan)]]
[[az:ulo]]
[[chr:ulo]]
[[el:ulo]]
[[en:ulo]]
[[eo:ulo]]
[[es:ulo]]
[[fi:ulo]]
[[fr:ulo]]
[[hu:ulo]]
[[io:ulo]]
[[it:ulo]]
[[ja:ulo]]
[[kn:ulo]]
[[ko:ulo]]
[[ku:ulo]]
[[lt:ulo]]
[[mg:ulo]]
[[nl:ulo]]
[[pl:ulo]]
[[ru:ulo]]
[[ta:ulo]]
[[tg:ulo]]
[[tl:ulo]]
[[tr:ulo]]
[[zh:ulo]]
[[zh-min-nan:ulo]]</text>
<sha1>b7hmkhyt1rvvrentdzxv3omfllf30jp</sha1>
</revision>
