<page>
<page>
<title>uloh</title>
<ns>0</ns>
<id>247169</id>
<revision>
<id>1801220</id>
<parentid>1555187</parentid>
<timestamp>2014-01-04T18:46:51Z</timestamp>
<contributor>
<username>MalafayaBot</username>
<id>628</id>
</contributor>
<minor />
<comment>r2.7.5) (Robô: A adicionar: [[fr:uloh]], [[mg:uloh]]</comment>
<model>wikitext</model>
<format>text/x-wiki</format>
<text bytes="251" xml:space="preserve">={{-zbw-}}=
==Substantivo==
'''uloh'''
# [[cabeça]]
==Ver também==
{{verTambém.Ini}}
* [[tisu]]
{{verTambém.NovaColuna}}
* [[tijan]]
{{verTambém.Ini}}
[[Categoria:Substantivo (Berawan)]]
[[Categoria:Anatomia (Berawan)]]
[[fr:uloh]]
[[mg:uloh]]</text>
<sha1>pvwu0le96naqypb28infxfxth1v3p8q</sha1>
</revision>
