<page>
<page>
<title>Ulpianos</title>
<ns>0</ns>
<id>392124</id>
<revision>
<id>2482348</id>
<parentid>2482347</parentid>
<timestamp>2018-02-01T21:27:21Z</timestamp>
<contributor>
<ip>2804:431:D700:EBE1:FCAB:8062:D787:A8AE</ip>
</contributor>
<model>wikitext</model>
<format>text/x-wiki</format>
<text bytes="183" xml:space="preserve">={{-pt-}}=
==Forma de substantivo==
{{paroxítona|Ul|pi|a|nos}}, {{gramática|pr|mp}}
# plural de [[Ulpiano]]
{{avi-for-fle|Ulpiano}}
[[Categoria:Forma de substantivo (Português)]]</text>
<sha1>gatf37wz9eezobz05uhf51vk2mkj296</sha1>
</revision>
