<page>
<title>Ulpiana</title>
<ns>0</ns>
<id>392118</id>
<revision>
<id>2559564</id>
<parentid>2482335</parentid>
<timestamp>2019-10-31T14:30:02Z</timestamp>
<contributor>
<username>MIL973</username>
<id>41339</id>
</contributor>
<model>wikitext</model>
<format>text/x-wiki</format>
<text bytes="363" xml:space="preserve">={{-pt-}}=
==Substantivo==
{{flex.pt|fs=Ulpiana|fp=Ulpianas}}
{{paroxítona|Ul|pi|a|na}}, {{gramática|pr|f}}
# {{escopo|pt|Antropônimo}} [[Apêndice:Prenomes em português|prenome]] feminino
==Ver também==
===No Wikcionário===
====Antropônimos====
{{colunas|3}}
* [[Úlpia]]
* [[Ulpiano]]
* [[Úlpio]]
{{colunas/fim}}
[[Categoria:Substantivo (Português)]]</text>
<sha1>cua7odl324gv239rz1g04a0t4k3nijm</sha1>
</revision>
</page>
