<page>
<title>uls</title>
<ns>0</ns>
<id>409467</id>
<revision>
<id>2542145</id>
<parentid>2542138</parentid>
<timestamp>2019-04-19T17:44:46Z</timestamp>
<contributor>
<username>VSA</username>
<id>63081</id>
</contributor>
<model>wikitext</model>
<format>text/x-wiki</format>
<text bytes="310" xml:space="preserve">={{-la-}}=
==Preposição==
'''uls'''
# [[além de]]
===Derivações===
* {{l|la|ulter}}
===Antônimos===
* {{l|la|cis}}
=={{etimologia|la}}==
:Da forma arcaica {{étimo|la|ouls}}.
=={{pronúncia|la}}==
* {{AFI-la|oxítona|uls}}
==Ligações externas==
* {{NDLP|n1237}}
[[Categoria:Preposição (Latim)]]</text>
<sha1>o2hcb9zx3sve07ncb6vh2n044agt7z3</sha1>
</revision>
</page>
