<page>
<title>Ulster</title>
<ns>0</ns>
<id>32977</id>
<revision>
<id>2589088</id>
<parentid>2281669</parentid>
<timestamp>2020-05-29T08:17:47Z</timestamp>
<contributor>
<username>ValJor</username>
<id>1358</id>
</contributor>
<comment>Melhorando a apresentação do verbete usando a [[:predefinição:cria-entrada]]</comment>
<model>wikitext</model>
<format>text/x-wiki</format>
<text bytes="1237" xml:space="preserve">{{Wikipédia|lang=en}}
={{-en-}}=
==Substantivo==
'''Ul.ster''', {{gramática|pr}}
# {{escopo|en|Topónimo}} a província do [[norte]] da [[Irlanda]], composta por todos os seis condados da [[Irlanda do Norte]] e mais três condados da [[República da Irlanda]]
# {{escopo|en|Política}} {{escopo2|não recomendado}} os seis condados que compõem a Irlanda do Norte
#: '''Notas de uso''' :
#:* A província histórica de Ulster incluía a atual Irlanda do Norte e partes da República da Irlanda. Usar a palavra Ulster para se referir apenas à Irlanda do Norte é frequentemente mal visto. Isso se deve ao fato de que esse uso é impreciso. Mais importante ainda, esse uso é típico de uma linguagem partidária e sindicalista e, portanto, é evitado para manter a neutralidade.
#:* A palavra também é usada na forma de atribuição com o sentdo de &quot;originário de Ulster&quot;, como por exemplo em &quot;Ulster fry&quot;.
=={{pronúncia|en}}==
===Estados Unidos===
* [[AFI]]: /ˈʌlstɚ/
===Reino Unido===
* [[AFI]]: /ˈʌlstə(ɹ)/
==Anagramas==
&lt;!-- índice para anagramas: pt: elrstu --&gt;
# [[lurest]]
# [[luster]]
# [[lustre]]
# [[luters]]
# [[result]]
# [[rulest]]
# [[rustle]]
# [[sutler]]
# [[truels]]
[[Categoria:Substantivo (Inglês)]]</text>
<sha1>lrlrqmzme9dtozu0zqbcj6o5644udpf</sha1>
</revision>
</page>
