<page>
<page>
<title>ulteriormente</title>
<ns>0</ns>
<id>108454</id>
<revision>
<id>2618445</id>
<parentid>2206901</parentid>
<timestamp>2021-02-01T07:03:30Z</timestamp>
<contributor>
<username>MarxavBot</username>
<id>80155</id>
</contributor>
<minor />
<comment>AFI Portugal</comment>
<model>wikitext</model>
<format>text/x-wiki</format>
<text bytes="1123" xml:space="preserve">={{-pt-}}=
==Advérbio==
{{paroxítona|ul|te|ri|or|men|te}}
# que virá após, que ocorrerá depois, no futuro
#* ''A motivação do novo projeto de lei de iniciativa popular é melhorar '''ulteriormente''' a vida política brasileira.'' {{OESP|2008|maio|10}}
===Tradução===
{{tradini}}
* {{trad|es|ulteriormente}}
{{tradmeio}}
* {{trad|it|ulteriormente}}
{{tradfim}}
=={{etimologia|pt}}==
: {{escopo|Morfologia}} [[ulterior]] + [[-mente]].
=={{pronúncia|pt}}==
===Portugal===
* AFI: {{AFI|/uɫ.tɨ.ɾjoɾ.ˈmẽ.tɨ/}}
[[Categoria:Advérbio (Português)]]
[[Categoria:Entrada com etimologia (Português)]]
={{-es-}}=
==Advérbio==
'''ulteriormente'''
# [[ulteriormente#Português|ulteriormente]]
[[Categoria:Advérbio (Espanhol)]]
={{-it-}}=
==Advérbio==
'''ulteriormente'''
# [[ulteriormente#Português|ulteriormente]]
[[Categoria:Advérbio (Italiano)]]
[[chr:ulteriormente]]
[[de:ulteriormente]]
[[en:ulteriormente]]
[[es:ulteriormente]]
[[fi:ulteriormente]]
[[fr:ulteriormente]]
[[id:ulteriormente]]
[[io:ulteriormente]]
[[it:ulteriormente]]
[[mg:ulteriormente]]
[[pl:ulteriormente]]
[[ru:ulteriormente]]</text>
<sha1>7jyd7djg56wabr3hb1tju6civulytuc</sha1>
</revision>
