<page>
<page>
<title>ultimáreis</title>
<ns>0</ns>
<id>183146</id>
<revision>
<id>2024767</id>
<parentid>1949694</parentid>
<timestamp>2015-10-26T09:00:33Z</timestamp>
<contributor>
<username>ValJor</username>
<id>1358</id>
</contributor>
<comment>Acrescentando a predefinição avi-for-fle</comment>
<model>wikitext</model>
<format>text/x-wiki</format>
<text bytes="224" xml:space="preserve">={{-pt-}}=
==Forma verbal==
{{paroxítona|ul|ti|má|reis}}
# segunda pessoa do plural do pretérito mais-que-perfeito do verbo [[ultimar]]
{{avi-for-fle|ultimar}}
[[Categoria:Forma verbal (Português)]]
[[en:ultimáreis]]</text>
<sha1>dak0pyxf4aw5n129h7t4xc3x2ufg2t0</sha1>
</revision>
