<page>
<page>
<title>ultimo</title>
<ns>0</ns>
<id>154269</id>
<revision>
<id>2040871</id>
<parentid>1957503</parentid>
<timestamp>2015-11-25T05:28:49Z</timestamp>
<contributor>
<username>JAnDbot</username>
<id>25083</id>
</contributor>
<minor />
<comment>Robô: A adicionar: [[cs:ultimo]]</comment>
<model>wikitext</model>
<format>text/x-wiki</format>
<text bytes="667" xml:space="preserve">{{confundir|último}}
={{-pt-}}=
==Forma verbal==
'''ultimo'''
#[[primeira]] [[pessoa]] do [[singular]] do [[presente]] [[indicativo]] do verbo '''[[ultimar]]'''
[[Categoria:Forma verbal (Português)]]
[[chr:ultimo]]
[[cs:ultimo]]
[[da:ultimo]]
[[de:ultimo]]
[[el:ultimo]]
[[en:ultimo]]
[[es:ultimo]]
[[et:ultimo]]
[[fa:ultimo]]
[[fi:ultimo]]
[[fr:ultimo]]
[[hu:ultimo]]
[[hy:ultimo]]
[[id:ultimo]]
[[io:ultimo]]
[[it:ultimo]]
[[ja:ultimo]]
[[kn:ultimo]]
[[ko:ultimo]]
[[ku:ultimo]]
[[mg:ultimo]]
[[my:ultimo]]
[[nl:ultimo]]
[[no:ultimo]]
[[pl:ultimo]]
[[ro:ultimo]]
[[ru:ultimo]]
[[so:ultimo]]
[[ta:ultimo]]
[[te:ultimo]]
[[tr:ultimo]]
[[vi:ultimo]]
[[zh:ultimo]]</text>
<sha1>gjc61ezfcomnszpscetncam2rkcz13y</sha1>
</revision>
