<page>
<title>ultimardes</title>
<ns>0</ns>
<id>211272</id>
<revision>
<id>1801276</id>
<parentid>1178212</parentid>
<timestamp>2014-01-04T19:04:44Z</timestamp>
<contributor>
<username>MalafayaBot</username>
<id>628</id>
</contributor>
<minor />
<comment>r2.7.5) (Robô: A adicionar: [[en:ultimardes]]</comment>
<model>wikitext</model>
<format>text/x-wiki</format>
<text bytes="289" xml:space="preserve">={{-pt-}}=
==Forma verbal==
'''ultimardes'''
#[[segunda pessoa]] do [[plural]] do [[futuro]] do [[modo subjuntivo]] do verbo '''[[ultimar]]'''
#[[infinitivo pessoal]] da [[segunda pessoa]] do [[plural]] do verbo '''[[ultimar]]'''
[[Categoria:Forma verbal (Português)]]
[[en:ultimardes]]</text>
<sha1>3ivoq8pl9z9h9o23o85al5szyyn0zdq</sha1>
</revision>
</page>
