<page>
<title>ultimes</title>
<ns>0</ns>
<id>219757</id>
<revision>
<id>2025791</id>
<parentid>1801250</parentid>
<timestamp>2015-10-27T09:53:57Z</timestamp>
<contributor>
<username>HydrizBot</username>
<id>29590</id>
</contributor>
<minor />
<comment>Robô: A adicionar: [[nl:ultimes]]</comment>
<model>wikitext</model>
<format>text/x-wiki</format>
<text bytes="354" xml:space="preserve">={{-pt-}}=
==Forma verbal==
'''ultimes'''
#[[segunda pessoa]] do [[singular]] do [[presente]] do [[modo subjuntivo]] do verbo '''[[ultimar]]'''
#[[segunda pessoa]] do [[singular]] do [[imperativo]] [[negativo]] do verbo '''[[ultimar]]'''
[[Categoria:Forma verbal (Português)]]
[[en:ultimes]]
[[es:ultimes]]
[[fr:ultimes]]
[[nl:ultimes]]
[[no:ultimes]]</text>
<sha1>7fi5nalilvh34tqfiyypiyi751lrwm0</sha1>
</revision>
</page>
