<page>
<title>ultimamos</title>
<ns>0</ns>
<id>158543</id>
<revision>
<id>2487372</id>
<parentid>2025809</parentid>
<timestamp>2018-03-01T16:00:51Z</timestamp>
<contributor>
<username>ValJor</username>
<id>1358</id>
</contributor>
<comment>Acrescentando a predefinição avi-for-fle</comment>
<model>wikitext</model>
<format>text/x-wiki</format>
<text bytes="323" xml:space="preserve">={{-pt-}}=
==Forma verbal==
{{paroxítona|ul|ti|ma|mos}}
# primeira pessoa do plural do presente do modo indicativo do verbo [[ultimar]]
# {{escopo2|grafia brasileira}} primeira pessoa do plural do pretérito perfeito do modo indicativo do verbo [[ultimar]]
{{avi-for-fle|ultimar}}
[[Categoria:Forma verbal (Português)]]</text>
<sha1>s5g2d5usr5xwosnifskmv9jti8drl14</sha1>
</revision>
</page>
