<page>
<page>
<title>ultimará</title>
<ns>0</ns>
<id>187556</id>
<revision>
<id>2025800</id>
<parentid>2024542</parentid>
<timestamp>2015-10-27T09:55:20Z</timestamp>
<contributor>
<username>HydrizBot</username>
<id>29590</id>
</contributor>
<minor />
<comment>Robô: A adicionar: [[fr:ultimará]], [[nl:ultimará]]</comment>
<model>wikitext</model>
<format>text/x-wiki</format>
<text bytes="278" xml:space="preserve">={{-pt-}}=
==Forma verbal==
{{oxítona|ul|ti|ma|rá}}
# terceira pessoa do singular do futuro do presente do verbo [[ultimar]]
{{avi-for-fle|ultimar}}
[[Categoria:Forma verbal (Português)]]
[[en:ultimará]]
[[es:ultimará]]
[[fr:ultimará]]
[[nl:ultimará]]
[[no:ultimará]]</text>
<sha1>aokh6l305o9bb7we53r33h32jpjdo7k</sha1>
</revision>
