<page>
<page>
<title>ultimava</title>
<ns>0</ns>
<id>205279</id>
<revision>
<id>2139409</id>
<parentid>1178233</parentid>
<timestamp>2016-06-11T06:41:43Z</timestamp>
<contributor>
<username>UT-interwiki-Bot</username>
<id>56129</id>
</contributor>
<minor />
<comment>Robô: A adicionar: [[it:ultimava]]</comment>
<model>wikitext</model>
<format>text/x-wiki</format>
<text bytes="263" xml:space="preserve">={{-pt-}}=
==Forma verbal==
'''ultimava'''
#[[primeira pessoa|primeira]] e [[terceira pessoa]] do [[singular]] do [[pretérito imperfeito]] do [[modo indicativo]] do verbo '''[[ultimar]]'''
[[Categoria:Forma verbal (Português)]]
[[en:ultimava]]
[[it:ultimava]]</text>
<sha1>5xuibyw2bn00yp5lwdaid1wc42ejhwg</sha1>
</revision>
