<page>
<title>ultimassem</title>
<ns>0</ns>
<id>203987</id>
<revision>
<id>2024757</id>
<parentid>1949688</parentid>
<timestamp>2015-10-26T08:48:11Z</timestamp>
<contributor>
<username>ValJor</username>
<id>1358</id>
</contributor>
<comment>Retirando divisão silábica equivocada</comment>
<model>wikitext</model>
<format>text/x-wiki</format>
<text bytes="264" xml:space="preserve">={{-pt-}}=
==Forma verbal==
{{paroxítona|ul|ti|mas|sem}}
# terceira pessoa do plural do pretérito imperfeito do modo {{PEPB|inline=1|conjuntivo|subjuntivo}} do verbo [[ultimar]]
{{avi-for-fle|ultimar}}
[[Categoria:Forma verbal (Português)]]
[[en:ultimassem]]</text>
<sha1>pskuhb3n2yb408r457h6e2zpb7fmzaa</sha1>
</revision>
</page>
