<page>
<title>ultimem</title>
<ns>0</ns>
<id>216992</id>
<revision>
<id>1801252</id>
<parentid>1178239</parentid>
<timestamp>2014-01-04T19:03:47Z</timestamp>
<contributor>
<username>MalafayaBot</username>
<id>628</id>
</contributor>
<minor />
<comment>r2.7.5) (Robô: A adicionar: [[en:ultimem]]</comment>
<model>wikitext</model>
<format>text/x-wiki</format>
<text bytes="387" xml:space="preserve">={{-pt-}}=
==Forma verbal==
'''ultimem'''
#[[terceira pessoa]] do [[plural]] do [[presente]] do [[modo subjuntivo]] do verbo '''[[ultimar]]'''
#[[terceira pessoa]] do [[plural]] do [[imperativo]] [[afirmativo]] do verbo '''[[ultimar]]'''
#[[terceira pessoa]] do [[plural]] do [[imperativo]] [[negativo]] do verbo '''[[ultimar]]'''
[[Categoria:Forma verbal (Português)]]
[[en:ultimem]]</text>
<sha1>75q5tbxbvqmzcqyyw4vewthki69yjje</sha1>
</revision>
</page>
