<page>
<page>
<title>ultimeis</title>
<ns>0</ns>
<id>218342</id>
<revision>
<id>1801253</id>
<parentid>1178238</parentid>
<timestamp>2014-01-04T19:03:48Z</timestamp>
<contributor>
<username>MalafayaBot</username>
<id>628</id>
</contributor>
<minor />
<comment>r2.7.5) (Robô: A adicionar: [[en:ultimeis]]</comment>
<model>wikitext</model>
<format>text/x-wiki</format>
<text bytes="292" xml:space="preserve">={{-pt-}}=
==Forma verbal==
'''ultimeis'''
#[[segunda pessoa]] do [[plural]] do [[presente]] do [[modo subjuntivo]] do verbo '''[[ultimar]]'''
#[[segunda pessoa]] do [[plural]] do [[imperativo]] [[negativo]] do verbo '''[[ultimar]]'''
[[Categoria:Forma verbal (Português)]]
[[en:ultimeis]]</text>
<sha1>t0vs9fle8hxciofdplqoza8qqlcl47p</sha1>
</revision>
