<page>
<title>ultimais</title>
<ns>0</ns>
<id>159941</id>
<revision>
<id>1801216</id>
<parentid>1178205</parentid>
<timestamp>2014-01-04T18:43:15Z</timestamp>
<contributor>
<username>MalafayaBot</username>
<id>628</id>
</contributor>
<minor />
<comment>r2.7.5) (Robô: A adicionar: [[en:ultimais]]</comment>
<model>wikitext</model>
<format>text/x-wiki</format>
<text bytes="199" xml:space="preserve">={{-pt-}}=
==Forma verbal==
'''ultimais'''
#[[segunda pessoa]] do [[plural]] do [[presente]] do [[modo indicativo]] do verbo '''[[ultimar]]'''
[[Categoria:Forma verbal (Português)]]
[[en:ultimais]]</text>
<sha1>c2t4kdtbcb3zrjem8umq9oop9urqun7</sha1>
</revision>
</page>
