<page>
<page>
<title>ultimássemos</title>
<ns>0</ns>
<id>199774</id>
<revision>
<id>2024947</id>
<parentid>1949696</parentid>
<timestamp>2015-10-26T12:48:59Z</timestamp>
<contributor>
<username>ValJor</username>
<id>1358</id>
</contributor>
<comment>Retirando divisão silábica equivocada</comment>
<model>wikitext</model>
<format>text/x-wiki</format>
<text bytes="274" xml:space="preserve">={{-pt-}}=
==Forma verbal==
{{proparoxítona|ul|ti|más|se|mos}}
# primeira pessoa do plural do pretérito imperfeito do modo {{PEPB|inline=1|conjuntivo|subjuntivo}} do verbo [[ultimar]]
{{avi-for-fle|ultimar}}
[[Categoria:Forma verbal (Português)]]
[[en:ultimássemos]]</text>
<sha1>e4ou95eq8fyhaiwxmtk0ck7s56sul8j</sha1>
</revision>
