<page>
<page>
<title>ultimas</title>
<ns>0</ns>
<id>155707</id>
<revision>
<id>2040874</id>
<parentid>2025795</parentid>
<timestamp>2015-11-25T05:29:44Z</timestamp>
<contributor>
<username>JAnDbot</username>
<id>25083</id>
</contributor>
<minor />
<comment>Robô: A adicionar: [[cs:ultimas]]</comment>
<model>wikitext</model>
<format>text/x-wiki</format>
<text bytes="310" xml:space="preserve">{{confundir|últimas}}
={{-pt-}}=
==Forma verbal==
'''ultimas'''
#[[segunda]] [[pessoa]] do [[singular]] do [[presente]] [[indicativo]] do verbo '''[[ultimar]]'''
[[Categoria:Forma verbal (Português)]]
[[cs:ultimas]]
[[en:ultimas]]
[[es:ultimas]]
[[fi:ultimas]]
[[fr:ultimas]]
[[nl:ultimas]]
[[no:ultimas]]</text>
<sha1>35p2cnjthxx6agd8sv4ckmbqbnrwicu</sha1>
</revision>
