<page>
<title>ultimáramos</title>
<ns>0</ns>
<id>181455</id>
<revision>
<id>2025789</id>
<parentid>2024764</parentid>
<timestamp>2015-10-27T09:53:40Z</timestamp>
<contributor>
<username>HydrizBot</username>
<id>29590</id>
</contributor>
<minor />
<comment>Robô: A adicionar: [[fr:ultimáramos]], [[nl:ultimáramos]]</comment>
<model>wikitext</model>
<format>text/x-wiki</format>
<text bytes="331" xml:space="preserve">={{-pt-}}=
==Forma verbal==
{{proparoxítona|ul|ti|má|ra|mos}}
# primeira pessoa do plural do pretérito mais-que-perfeito do verbo [[ultimar]]
{{avi-for-fle|ultimar}}
[[Categoria:Forma verbal (Português)]]
[[en:ultimáramos]]
[[es:ultimáramos]]
[[fr:ultimáramos]]
[[mg:ultimáramos]]
[[nl:ultimáramos]]
[[no:ultimáramos]]</text>
<sha1>q85qk1lb04ul4j6wop6ynbu2kzoxh9d</sha1>
</revision>
</page>
