<page>
<title>ultimai</title>
<ns>0</ns>
<id>221241</id>
<revision>
<id>2139411</id>
<parentid>1178204</parentid>
<timestamp>2016-06-11T06:42:10Z</timestamp>
<contributor>
<username>UT-interwiki-Bot</username>
<id>56129</id>
</contributor>
<minor />
<comment>Robô: A adicionar: [[it:ultimai]]</comment>
<model>wikitext</model>
<format>text/x-wiki</format>
<text bytes="207" xml:space="preserve">={{-pt-}}=
==Forma verbal==
'''ultimai'''
#[[segunda pessoa]] do [[plural]] do [[imperativo]] [[afirmativo]] do verbo '''[[ultimar]]'''
[[Categoria:Forma verbal (Português)]]
[[en:ultimai]]
[[it:ultimai]]</text>
<sha1>emei9zm1d6cqxi5ameiifqebd7av7lf</sha1>
</revision>
</page>
