<page>
<title>ultimarão</title>
<ns>0</ns>
<id>191697</id>
<revision>
<id>2024745</id>
<parentid>1949683</parentid>
<timestamp>2015-10-26T08:28:01Z</timestamp>
<contributor>
<username>ValJor</username>
<id>1358</id>
</contributor>
<comment>Acrescentando a predefinição avi-for-fle</comment>
<model>wikitext</model>
<format>text/x-wiki</format>
<text bytes="210" xml:space="preserve">={{-pt-}}=
==Forma verbal==
{{oxítona|ul|ti|ma|rão}}
# terceira pessoa do plural do futuro do presente do verbo [[ultimar]]
{{avi-for-fle|ultimar}}
[[Categoria:Forma verbal (Português)]]
[[en:ultimarão]]</text>
<sha1>sqed2nfnftbtuygml75xcfpdhy7asse</sha1>
</revision>
</page>
