<page>
<page>
<title>ultimaras</title>
<ns>0</ns>
<id>179941</id>
<revision>
<id>2025805</id>
<parentid>1801277</parentid>
<timestamp>2015-10-27T09:55:50Z</timestamp>
<contributor>
<username>HydrizBot</username>
<id>29590</id>
</contributor>
<minor />
<comment>Robô: A adicionar: [[fr:ultimaras]], [[nl:ultimaras]]</comment>
<model>wikitext</model>
<format>text/x-wiki</format>
<text bytes="269" xml:space="preserve">={{-pt-}}=
==Forma verbal==
'''ultimaras'''
#[[segunda pessoa]] do [[singular]] do [[pretérito mais-que-perfeito]] do verbo '''[[ultimar]]'''
[[Categoria:Forma verbal (Português)]]
[[en:ultimaras]]
[[es:ultimaras]]
[[fr:ultimaras]]
[[nl:ultimaras]]
[[no:ultimaras]]</text>
<sha1>r6jn0e4d8p0rbz77fzhm99q0nvi9mxp</sha1>
</revision>
