<page>
<title>ultimasses</title>
<ns>0</ns>
<id>198302</id>
<revision>
<id>2024761</id>
<parentid>1949689</parentid>
<timestamp>2015-10-26T08:52:55Z</timestamp>
<contributor>
<username>ValJor</username>
<id>1358</id>
</contributor>
<comment>Retirando divisão silábica equivocada</comment>
<model>wikitext</model>
<format>text/x-wiki</format>
<text bytes="265" xml:space="preserve">={{-pt-}}=
==Forma verbal==
{{paroxítona|ul|ti|mas|ses}}
# segunda pessoa do singular do pretérito imperfeito do modo {{PEPB|inline=1|conjuntivo|subjuntivo}} do verbo [[ultimar]]
{{avi-for-fle|ultimar}}
[[Categoria:Forma verbal (Português)]]
[[en:ultimasses]]</text>
<sha1>5s9fiitn1jtqye051u1wh8sjx02800k</sha1>
</revision>
</page>
