<page>
<page>
<title>ultimávamos</title>
<ns>0</ns>
<id>164234</id>
<revision>
<id>2025032</id>
<parentid>1949697</parentid>
<timestamp>2015-10-26T14:39:25Z</timestamp>
<contributor>
<username>ValJor</username>
<id>1358</id>
</contributor>
<comment>Acrescentando a predefinição avi-for-fle</comment>
<model>wikitext</model>
<format>text/x-wiki</format>
<text bytes="243" xml:space="preserve">={{-pt-}}=
==Forma verbal==
{{proparoxítona|ul|ti|má|va|mos}}
# primeira pessoa do plural do pretérito imperfeito do modo indicativo do verbo [[ultimar]]
{{avi-for-fle|ultimar}}
[[Categoria:Forma verbal (Português)]]
[[en:ultimávamos]]</text>
<sha1>h3ohloupg2hv5g6wnnlz0972uan7kq9</sha1>
</revision>
