<page>
<page>
<title>ultimando</title>
<ns>0</ns>
<id>156992</id>
<revision>
<id>2025808</id>
<parentid>1703198</parentid>
<timestamp>2015-10-27T09:56:07Z</timestamp>
<contributor>
<username>HydrizBot</username>
<id>29590</id>
</contributor>
<minor />
<comment>Robô: A adicionar: [[fr:ultimando]], [[it:ultimando]], [[nl:ultimando]]</comment>
<model>wikitext</model>
<format>text/x-wiki</format>
<text bytes="229" xml:space="preserve">={{-pt-}}=
==Forma verbal==
'''ultimando'''
#[[gerúndio]] do verbo '''[[ultimar]]'''
[[Categoria:Forma verbal (Português)]]
[[en:ultimando]]
[[es:ultimando]]
[[fr:ultimando]]
[[it:ultimando]]
[[nl:ultimando]]
[[no:ultimando]]</text>
<sha1>bqgh1efktzj9wluzq20vtyb37w3gs16</sha1>
</revision>
