<page>
<page>
<title>ultimamente</title>
<ns>0</ns>
<id>442648</id>
<revision>
<id>2671835</id>
<timestamp>2022-04-09T19:42:05Z</timestamp>
<contributor>
<username>Leonardo José Raimundo</username>
<id>43489</id>
</contributor>
<comment>Eu estou criando o advérbio &quot;ultimamente&quot;.</comment>
<model>wikitext</model>
<format>text/x-wiki</format>
<text bytes="296" xml:space="preserve">={{-pt-}}=
==Advérbio==
{{paroxítona|ul|ti|ma|men|te}}
# em [[último]] lugar
===Sinônimo===
*[[finalmente]]
===Antônimos===
{{colunas|2}}
*[[inicialmente]]
*[[primeiramente]]
{{colunas.fim}}
==Ver também==
===No Wikcionário===
*[[Wikisaurus:tempo]]
[[Categoria:Advérbio (Português)]]</text>
<sha1>fc59qax6438qf7jmd0fz6oy474whapi</sha1>
</revision>
