<page>
<title>ultimastes</title>
<ns>0</ns>
<id>175635</id>
<revision>
<id>1801258</id>
<parentid>1178232</parentid>
<timestamp>2014-01-04T19:04:05Z</timestamp>
<contributor>
<username>MalafayaBot</username>
<id>628</id>
</contributor>
<minor />
<comment>r2.7.5) (Robô: A adicionar: [[en:ultimastes]]</comment>
<model>wikitext</model>
<format>text/x-wiki</format>
<text bytes="214" xml:space="preserve">={{-pt-}}=
==Forma verbal==
'''ultimastes'''
#[[segunda pessoa]] do [[plural]] do [[pretérito perfeito]] do [[modo indicativo]] do verbo '''[[ultimar]]'''
[[Categoria:Forma verbal (Português)]]
[[en:ultimastes]]</text>
<sha1>qfpur8znzak6x8jkvccbb867ajy05p9</sha1>
</revision>
</page>
