<page>
<title>ultimaste</title>
<ns>0</ns>
<id>172972</id>
<revision>
<id>2025793</id>
<parentid>1801259</parentid>
<timestamp>2015-10-27T09:54:15Z</timestamp>
<contributor>
<username>HydrizBot</username>
<id>29590</id>
</contributor>
<minor />
<comment>Robô: A adicionar: [[fr:ultimaste]], [[it:ultimaste]], [[nl:ultimaste]]</comment>
<model>wikitext</model>
<format>text/x-wiki</format>
<text bytes="299" xml:space="preserve">={{-pt-}}=
==Forma verbal==
'''ultimaste'''
#[[segunda pessoa]] do [[singular]] do [[pretérito perfeito]] do [[modo indicativo]] do verbo '''[[ultimar]]'''
[[Categoria:Forma verbal (Português)]]
[[en:ultimaste]]
[[es:ultimaste]]
[[fr:ultimaste]]
[[it:ultimaste]]
[[nl:ultimaste]]
[[no:ultimaste]]</text>
<sha1>jv2mm0ryrgsnb8jh5652g1fq4krykms</sha1>
</revision>
</page>
