<page>
<page>
<title>ultimavas</title>
<ns>0</ns>
<id>162836</id>
<revision>
<id>1801256</id>
<parentid>1178235</parentid>
<timestamp>2014-01-04T19:04:03Z</timestamp>
<contributor>
<username>MalafayaBot</username>
<id>628</id>
</contributor>
<minor />
<comment>r2.7.5) (Robô: A adicionar: [[en:ultimavas]]</comment>
<model>wikitext</model>
<format>text/x-wiki</format>
<text bytes="216" xml:space="preserve">={{-pt-}}=
==Forma verbal==
'''ultimavas'''
#[[segunda pessoa]] do [[singular]] do [[pretérito imperfeito]] do [[modo indicativo]] do verbo '''[[ultimar]]'''
[[Categoria:Forma verbal (Português)]]
[[en:ultimavas]]</text>
<sha1>pn01dnawbvuxiqhvii1rjdc0ajn9tm8</sha1>
</revision>
