<page>
<page>
<title>ultimasse</title>
<ns>0</ns>
<id>206591</id>
<revision>
<id>2139410</id>
<parentid>2024754</parentid>
<timestamp>2016-06-11T06:41:53Z</timestamp>
<contributor>
<username>UT-interwiki-Bot</username>
<id>56129</id>
</contributor>
<minor />
<comment>Robô: A adicionar: [[it:ultimasse]]</comment>
<model>wikitext</model>
<format>text/x-wiki</format>
<text bytes="292" xml:space="preserve">={{-pt-}}=
==Forma verbal==
{{paroxítona|ul|ti|mas|se}}
# primeira e terceira pessoa do singular do pretérito imperfeito do modo {{PEPB|inline=1|conjuntivo|subjuntivo}} do verbo [[ultimar]]
{{avi-for-fle|ultimar}}
[[Categoria:Forma verbal (Português)]]
[[en:ultimasse]]
[[it:ultimasse]]</text>
<sha1>j1b4w9rdu0nipyh206tjamih4gxbgbp</sha1>
</revision>
