<page>
<title>ultrajarmos</title>
<ns>0</ns>
<id>266086</id>
<revision>
<id>2139424</id>
<parentid>1178269</parentid>
<timestamp>2016-06-11T06:45:35Z</timestamp>
<contributor>
<username>UT-interwiki-Bot</username>
<id>56129</id>
</contributor>
<minor />
<comment>Robô: A adicionar: [[en:ultrajarmos]]</comment>
<model>wikitext</model>
<format>text/x-wiki</format>
<text bytes="295" xml:space="preserve">={{-pt-}}=
==Forma verbal==
'''ultrajarmos'''
#[[primeira pessoa]] do [[plural]] do [[futuro]] do [[modo subjuntivo]] do verbo '''[[ultrajar]]'''
#[[infinitivo pessoal]] da [[primeira pessoa]] do [[plural]] do verbo '''[[ultrajar]]'''
[[Categoria:Forma verbal (Português)]]
[[en:ultrajarmos]]</text>
<sha1>2vs2ptx2ippobwrajw7333qj7u63c5m</sha1>
</revision>
</page>
