<page>
<page>
<title>ultrajarias</title>
<ns>0</ns>
<id>266072</id>
<revision>
<id>2139425</id>
<parentid>1178268</parentid>
<timestamp>2016-06-11T06:45:45Z</timestamp>
<contributor>
<username>UT-interwiki-Bot</username>
<id>56129</id>
</contributor>
<minor />
<comment>Robô: A adicionar: [[en:ultrajarias]]</comment>
<model>wikitext</model>
<format>text/x-wiki</format>
<text bytes="198" xml:space="preserve">={{-pt-}}=
==Forma verbal==
'''ultrajarias'''
#[[segunda pessoa]] do [[singular]] do [[futuro do pretérito]] do verbo '''[[ultrajar]]'''
[[Categoria:Forma verbal (Português)]]
[[en:ultrajarias]]</text>
<sha1>rxhm4wvfjquqsdz9fhmfks4w08qb0w4</sha1>
</revision>
