<page>
<page>
<title>ultracentrifugar</title>
<ns>0</ns>
<id>315151</id>
<revision>
<id>2139435</id>
<parentid>1684760</parentid>
<timestamp>2016-06-11T06:47:25Z</timestamp>
<contributor>
<username>UT-interwiki-Bot</username>
<id>56129</id>
</contributor>
<minor />
<comment>Robô: A adicionar: [[en:ultracentrifugar]]</comment>
<model>wikitext</model>
<format>text/x-wiki</format>
<text bytes="324" xml:space="preserve">={{-pt-}}=
==Verbo==
{{oxítona|ul|tra|cen|tri|fu|gar}}
# separar por meio de [[ultracentrifugação]]
===Conjugação===
{{conj/pt|ultracentrifu|gar}}
=={{etimologia|pt}}==
: {{escopo|Morfologia}} [[ultra-]] + [[centrifugar]].
[[Categoria:Verbo (Português)]]
[[Categoria:Química (Português)]]
[[en:ultracentrifugar]]</text>
<sha1>hmr62a99wjzqoap2ugv6eoipr20sq0s</sha1>
</revision>
