<page>
<page>
<title>ultrajarei</title>
<ns>0</ns>
<id>266065</id>
<revision>
<id>2139429</id>
<parentid>1178261</parentid>
<timestamp>2016-06-11T06:46:25Z</timestamp>
<contributor>
<username>UT-interwiki-Bot</username>
<id>56129</id>
</contributor>
<minor />
<comment>Robô: A adicionar: [[en:ultrajarei]]</comment>
<model>wikitext</model>
<format>text/x-wiki</format>
<text bytes="195" xml:space="preserve">={{-pt-}}=
==Forma verbal==
'''ultrajarei'''
#[[primeira pessoa]] do [[singular]] do [[futuro do presente]] do verbo '''[[ultrajar]]'''
[[Categoria:Forma verbal (Português)]]
[[en:ultrajarei]]</text>
<sha1>jwupeqakt0j26waxo2v9vvgq2jjip7k</sha1>
</revision>
