<page>
<page>
<title>ultraesdrúxulo</title>
<ns>0</ns>
<id>284863</id>
<revision>
<id>2560885</id>
<parentid>1684931</parentid>
<timestamp>2019-11-10T10:06:35Z</timestamp>
<contributor>
<username>ValJor</username>
<id>1358</id>
</contributor>
<comment>Trocando escopo por escopo2</comment>
<model>wikitext</model>
<format>text/x-wiki</format>
<text bytes="444" xml:space="preserve">={{-pt-}}=
==Adjetivo==
{{flex.pt|ms=ultraesdrúxulo|mp=ultraesdrúxulos|
fs=ultraesdrúxula|fp=ultraesdrúxulas}}
{{proparoxítona|ul|tra|es|drú|xu|lo}}
# muito [[esdrúxulo]]
==={{-varort-}}===
* {{escopo2|Anterior ao AO 1990}} [[ultra-esdrúxulo]]
=={{etimologia|pt}}==
: {{escopo|Morfologia}} [[ultra-]] + [[esdrúxulo]].
==Ligações externas==
* {{Aulete}}
* {{Infopédia}}
* {{PLP}}
* {{VOLPABL}}
[[Categoria:Adjetivo (Português)]]</text>
<sha1>56nlkqz5dlkck505n75jfnpth3qyl8a</sha1>
</revision>
