<page>
<title>ultrajar</title>
<ns>0</ns>
<id>226977</id>
<revision>
<id>2220508</id>
<parentid>2181761</parentid>
<timestamp>2017-01-08T06:20:29Z</timestamp>
<contributor>
<username>UT-interwiki-Bot</username>
<id>56129</id>
</contributor>
<minor />
<comment>Robô: A adicionar: [[eo:ultrajar]]</comment>
<model>wikitext</model>
<format>text/x-wiki</format>
<text bytes="531" xml:space="preserve">={{-pt-}}=
==Verbo==
{{oxítona|ul|tra|jar}}, {{gramática|vtd}}
# [[insultar]], [[afrontar]]
# [[ofender]] a [[dignidade]] de
# [[difamar]]
===Conjugação===
{{conj/pt|ultraj|ar}}
=={{etimologia|pt}}==
: De [[ultraje]].
[[Categoria:Verbo (Português)]]
[[ca:ultrajar]]
[[chr:ultrajar]]
[[el:ultrajar]]
[[en:ultrajar]]
[[eo:ultrajar]]
[[es:ultrajar]]
[[fi:ultrajar]]
[[fr:ultrajar]]
[[hu:ultrajar]]
[[id:ultrajar]]
[[io:ultrajar]]
[[ko:ultrajar]]
[[mg:ultrajar]]
[[nl:ultrajar]]
[[pl:ultrajar]]
[[sv:ultrajar]]
[[zh:ultrajar]]</text>
<sha1>h102pjr21m7x6j4ke6qs5pe101wk64n</sha1>
</revision>
</page>
