<page>
<title>ultrajam</title>
<ns>0</ns>
<id>266049</id>
<revision>
<id>2139432</id>
<parentid>1178254</parentid>
<timestamp>2016-06-11T06:46:55Z</timestamp>
<contributor>
<username>UT-interwiki-Bot</username>
<id>56129</id>
</contributor>
<minor />
<comment>Robô: A adicionar: [[en:ultrajam]]</comment>
<model>wikitext</model>
<format>text/x-wiki</format>
<text bytes="202" xml:space="preserve">={{-pt-}}=
==Forma verbal==
'''ultrajam'''
#[[terceira pessoa]] do [[plural]] do [[presente]] do [[modo indicativo]] do verbo '''[[ultrajar]]'''
[[Categoria:Forma verbal (Português)]]
[[en:ultrajam]]</text>
<sha1>6mg9wru7777i7ofz7ubymbgt8omvp8v</sha1>
</revision>
</page>
