<page>
<page>
<title>ultrajares</title>
<ns>0</ns>
<id>266085</id>
<revision>
<id>2025817</id>
<parentid>1801295</parentid>
<timestamp>2015-10-27T09:58:11Z</timestamp>
<contributor>
<username>HydrizBot</username>
<id>29590</id>
</contributor>
<minor />
<comment>Robô: A adicionar: [[es:ultrajares]], [[fr:ultrajares]], [[nl:ultrajares]]</comment>
<model>wikitext</model>
<format>text/x-wiki</format>
<text bytes="349" xml:space="preserve">={{-pt-}}=
==Forma verbal==
'''ultrajares'''
#[[segunda pessoa]] do [[singular]] do [[futuro]] do [[modo subjuntivo]] do verbo '''[[ultrajar]]'''
#[[infinitivo pessoal]] da [[segunda pessoa]] do [[singular]] do verbo '''[[ultrajar]]'''
[[Categoria:Forma verbal (Português)]]
[[en:ultrajares]]
[[es:ultrajares]]
[[fr:ultrajares]]
[[nl:ultrajares]]</text>
<sha1>799lprsjuwo0dx1hu85p5uquov7kkrz</sha1>
</revision>
