<page>
<page>
<title>ultrajai</title>
<ns>0</ns>
<id>266089</id>
<revision>
<id>2139434</id>
<parentid>1178252</parentid>
<timestamp>2016-06-11T06:47:15Z</timestamp>
<contributor>
<username>UT-interwiki-Bot</username>
<id>56129</id>
</contributor>
<minor />
<comment>Robô: A adicionar: [[en:ultrajai]]</comment>
<model>wikitext</model>
<format>text/x-wiki</format>
<text bytes="195" xml:space="preserve">={{-pt-}}=
==Forma verbal==
'''ultrajai'''
#[[segunda pessoa]] do [[plural]] do [[imperativo]] [[afirmativo]] do verbo '''[[ultrajar]]'''
[[Categoria:Forma verbal (Português)]]
[[en:ultrajai]]</text>
<sha1>9u8t8fnrzvvxfr6irt02y6pgxiharjw</sha1>
</revision>
