<page>
<title>ultrajaram</title>
<ns>0</ns>
<id>266060</id>
<revision>
<id>2139431</id>
<parentid>1178258</parentid>
<timestamp>2016-06-11T06:46:45Z</timestamp>
<contributor>
<username>UT-interwiki-Bot</username>
<id>56129</id>
</contributor>
<minor />
<comment>Robô: A adicionar: [[en:ultrajaram]]</comment>
<model>wikitext</model>
<format>text/x-wiki</format>
<text bytes="217" xml:space="preserve">={{-pt-}}=
==Forma verbal==
'''ultrajaram'''
#[[terceira pessoa]] do [[plural]] do [[pretérito perfeito]] do [[modo indicativo]] do verbo '''[[ultrajar]]'''
[[Categoria:Forma verbal (Português)]]
[[en:ultrajaram]]</text>
<sha1>j9mt8329lfmcvtduc4wzf1bavm27jez</sha1>
</revision>
</page>
