<page>
<title>ultrajaremos</title>
<ns>0</ns>
<id>266068</id>
<revision>
<id>2025818</id>
<parentid>1801296</parentid>
<timestamp>2015-10-27T09:58:17Z</timestamp>
<contributor>
<username>HydrizBot</username>
<id>29590</id>
</contributor>
<minor />
<comment>Robô: A adicionar: [[es:ultrajaremos]], [[fr:ultrajaremos]], [[nl:ultrajaremos]]</comment>
<model>wikitext</model>
<format>text/x-wiki</format>
<text bytes="277" xml:space="preserve">={{-pt-}}=
==Forma verbal==
'''ultrajaremos'''
#[[primeira pessoa]] do [[plural]] do [[futuro do presente]] do verbo '''[[ultrajar]]'''
[[Categoria:Forma verbal (Português)]]
[[en:ultrajaremos]]
[[es:ultrajaremos]]
[[fr:ultrajaremos]]
[[mg:ultrajaremos]]
[[nl:ultrajaremos]]</text>
<sha1>0ewt7jhg6qnyokjg05twmo5zy041uxg</sha1>
</revision>
</page>
