<page>
<title>ultrajais</title>
<ns>0</ns>
<id>266048</id>
<revision>
<id>2139433</id>
<parentid>1178253</parentid>
<timestamp>2016-06-11T06:47:05Z</timestamp>
<contributor>
<username>UT-interwiki-Bot</username>
<id>56129</id>
</contributor>
<minor />
<comment>Robô: A adicionar: [[en:ultrajais]]</comment>
<model>wikitext</model>
<format>text/x-wiki</format>
<text bytes="203" xml:space="preserve">={{-pt-}}=
==Forma verbal==
'''ultrajais'''
#[[segunda pessoa]] do [[plural]] do [[presente]] do [[modo indicativo]] do verbo '''[[ultrajar]]'''
[[Categoria:Forma verbal (Português)]]
[[en:ultrajais]]</text>
<sha1>2a90aodgl47e3w8big9e74ai8reskm2</sha1>
</revision>
</page>
