<page>
<title>ultrajara</title>
<ns>0</ns>
<id>266061</id>
<revision>
<id>2025822</id>
<parentid>1801299</parentid>
<timestamp>2015-10-27T09:58:38Z</timestamp>
<contributor>
<username>HydrizBot</username>
<id>29590</id>
</contributor>
<minor />
<comment>Robô: A adicionar: [[es:ultrajara]], [[fr:ultrajara]], [[nl:ultrajara]]</comment>
<model>wikitext</model>
<format>text/x-wiki</format>
<text bytes="398" xml:space="preserve">={{-pt-}}=
==Forma verbal==
'''ultrajara'''
#[[primeira pessoa|primeira]] do [[singular]] do [[pretérito mais-que-perfeito]] do verbo '''[[ultrajar]]'''
#[[terceira pessoa|terceira pessoas]] do [[singular]] do [[pretérito mais-que-perfeito]] do verbo '''[[ultrajar]]'''
[[Categoria:Forma verbal (Português)]]
[[en:ultrajara]]
[[es:ultrajara]]
[[fr:ultrajara]]
[[mg:ultrajara]]
[[nl:ultrajara]]</text>
<sha1>hr04w666x2fooem4ij59pbwo54of66v</sha1>
</revision>
</page>
