<page>
<title>ultraja</title>
<ns>0</ns>
<id>266046</id>
<revision>
<id>2025826</id>
<parentid>1801303</parentid>
<timestamp>2015-10-27T09:59:12Z</timestamp>
<contributor>
<username>HydrizBot</username>
<id>29590</id>
</contributor>
<minor />
<comment>Robô: A adicionar: [[es:ultraja]], [[fr:ultraja]], [[nl:ultraja]]</comment>
<model>wikitext</model>
<format>text/x-wiki</format>
<text bytes="344" xml:space="preserve">={{-pt-}}=
==Forma verbal==
'''ultraja'''
#[[terceira]] [[pessoa]] do [[singular]] do [[presente]] [[indicativo]] do verbo '''[[ultrajar]]'''
#[[segunda]] [[pessoa]] do [[singular]] do [[imperativo]] [[afirmativo]] do verbo '''[[ultrajar]]'''
[[Categoria:Forma verbal (Português)]]
[[en:ultraja]]
[[es:ultraja]]
[[fr:ultraja]]
[[nl:ultraja]]</text>
<sha1>mr7mkpyu468jlelbp5psqq9o61g1w05</sha1>
</revision>
</page>
