<page>
<page>
<title>ultrajardes</title>
<ns>0</ns>
<id>266087</id>
<revision>
<id>2139430</id>
<parentid>1178260</parentid>
<timestamp>2016-06-11T06:46:35Z</timestamp>
<contributor>
<username>UT-interwiki-Bot</username>
<id>56129</id>
</contributor>
<minor />
<comment>Robô: A adicionar: [[en:ultrajardes]]</comment>
<model>wikitext</model>
<format>text/x-wiki</format>
<text bytes="293" xml:space="preserve">={{-pt-}}=
==Forma verbal==
'''ultrajardes'''
#[[segunda pessoa]] do [[plural]] do [[futuro]] do [[modo subjuntivo]] do verbo '''[[ultrajar]]'''
#[[infinitivo pessoal]] da [[segunda pessoa]] do [[plural]] do verbo '''[[ultrajar]]'''
[[Categoria:Forma verbal (Português)]]
[[en:ultrajardes]]</text>
<sha1>9hn7zefak000fnbqa0io61ydx544bgh</sha1>
</revision>
