<page>
<page>
<title>ultrajareis</title>
<ns>0</ns>
<id>266069</id>
<revision>
<id>2025819</id>
<parentid>1801297</parentid>
<timestamp>2015-10-27T09:58:21Z</timestamp>
<contributor>
<username>HydrizBot</username>
<id>29590</id>
</contributor>
<minor />
<comment>Robô: A adicionar: [[es:ultrajareis]], [[fr:ultrajareis]], [[nl:ultrajareis]]</comment>
<model>wikitext</model>
<format>text/x-wiki</format>
<text bytes="251" xml:space="preserve">={{-pt-}}=
==Forma verbal==
'''ultrajareis'''
#[[segunda pessoa]] do [[plural]] do [[futuro do presente]] do verbo '''[[ultrajar]]'''
[[Categoria:Forma verbal (Português)]]
[[en:ultrajareis]]
[[es:ultrajareis]]
[[fr:ultrajareis]]
[[nl:ultrajareis]]</text>
<sha1>h8gv89cd435z46qg8yxow87x0nz0z2c</sha1>
</revision>
