<page>
<title>ultrajamos</title>
<ns>0</ns>
<id>266047</id>
<revision>
<id>2487370</id>
<parentid>2025824</parentid>
<timestamp>2018-03-01T15:57:37Z</timestamp>
<contributor>
<username>ValJor</username>
<id>1358</id>
</contributor>
<comment>Acrescentando a predefinição avi-for-fle</comment>
<model>wikitext</model>
<format>text/x-wiki</format>
<text bytes="327" xml:space="preserve">={{-pt-}}=
==Forma verbal==
{{paroxítona|ul|tra|ja|mos}}
# primeira pessoa do plural do presente do modo indicativo do verbo [[ultrajar]]
# {{escopo2|grafia brasileira}} primeira pessoa do plural do pretérito perfeito do modo indicativo do verbo [[ultrajar]]
{{avi-for-fle|ultrajar}}
[[Categoria:Forma verbal (Português)]]</text>
<sha1>pna4uc6cx6nn9plynhmmfoe3u4rj68j</sha1>
</revision>
</page>
