<page>
<page>
<title>T</title>
<ns>0</ns>
<id>37590</id>
<revision>
<id>2680010</id>
<parentid>2585740</parentid>
<timestamp>2022-06-13T02:17:22Z</timestamp>
<contributor>
<username>Wilhelm Seifer</username>
<id>85860</id>
</contributor>
<model>wikitext</model>
<format>text/x-wiki</format>
<text bytes="1390" xml:space="preserve">{{Wikipédia}}
{{caracteres info|hex=0054|nome=LATIN CAPITAL LETTER T|anterior=S|próximo=U}}
={{-univ-}}=
==Símbolo==
# {{escopo|univ|Física}} de [[temperatura]]
# {{escopo|univ|Física}} de [[tonelada]] [[métrico|métrica]]
# {{escopo|univ|Física}} de [[tempo]]
# {{escopo2|Sistema Internacional de Medidas}} de [[Tera]] (10¹²)
# {{escopo|univ|Geometria}} de perperdicularidade
# {{escopo|univ|Química}} símbolo de risco inerente às [[substância]]s [[tóxico|tóxicas]]
==Ver também==
===No Wikcionário===
{{Alfabeto Latino}}
[[Categoria:Sistema de escrita latino]]
[[Categoria:Símbolo (Universal)]]
={{-pt-}}=
==Substantivo==
'''T, t''', {{gramática|m}}
# {{escopo2|Alfabeto}} vigésima [[letra]] do alfabeto latino usado no português; precedida por '''[[S]]''' e seguida por '''[[U]]'''
# {{escopo|pt|Tecnologia}} acessório elétrico que serve a dividir uma tomada elétrica em três (''Nota'': o mesmo que ''[[benjamim]]'')
==Ver também==
===No Wikcionário===
* [[T+]]
* [[tt]]
[[Categoria:Substantivo (Português)]]
={{-en-}}=
==Abreviação==
'''T'''
# [[Tuesday]] (''[[terça-feira]]'')
[[Categoria:Abreviatura (Inglês)]]
={{-ro-}}=
==Substantivo==
'''T''' (''minúsculo: '''[[t]]''''')
# vigésima-terceira letra do alfabeto romeno representando o fonema /T/. Precedido por '''[[Ș]]''' e seguida por '''[[Ț]]'''
[[Categoria:Substantivo (Romeno)]]</text>
<sha1>fjtykd2nxf8bpylk7qmmf4flwmuww28</sha1>
</revision>
