<page>
<title>ta</title>
<ns>0</ns>
<id>8770</id>
<revision>
<id>2690840</id>
<parentid>2687527</parentid>
<timestamp>2022-10-27T18:52:53Z</timestamp>
<contributor>
<username>InternetArchiveBot</username>
<id>81604</id>
</contributor>
<comment>Rescuing 2 sources and tagging 0 as dead.) #IABot (v2.0.9.2</comment>
<model>wikitext</model>
<format>text/x-wiki</format>
<text bytes="21207" xml:space="preserve">{{ver também|Ta|TA|tá|tâ|tã|tå|tā|tą}}
={{-pt-}}=
==Contração==
{{flex.pt|ms=to|mp=tos|fs=ta|fp=tas}}
{{oxítona|ta}}, {{gramática|f}}
# {{escopo|pt|Arcaísmo}} [[contração]] do [[pronome pessoal]] [[te]] com o pronome pessoal ou [[demonstrativo]] [[a]]
[[Categoria:Contração (Português)]]
={{-univ-}}=
==Símbolo==
'''ta'''
# {{escopo|univ|Linguística}} [[w:ISO 639|código de língua ISO 639-1]] para o [[idioma]] '''[[tâmil]]'''
===Sinônimo===
* '''[[w:ISO 639|ISO 639-3]]''': [[tam#{{univ}}|tam]]
==Ligações externas==
* [http://www.ethnologue.com/show_language.asp?code=tam informações sobre o idioma tâmil no Ethnologue (em inglês)]
[[Categoria:Símbolo (Universal)]]
={{-aa-}}=
==Pronome==
'''ta''', {{gramática|dem}}
# [[esse]]
===Sinônimos===
* [[to#{{aa}}|to]]
[[Categoria:Pronome (Afar)]]
[[Categoria:Monossílabo (Afar)]]
={{-bm-}}=
==Substantivo==
[[Imagem:Fuoco 26-7-2003 Foto G. Dall'Orto.JPG|thumb|100px|'''Ta''']]
'''ta'''
# [[fogo]]
===Verbetes derivados===
{{dividir em colunas|2}}
* {{link opcional|tamana|bm}}
* {{link opcional|tasuma|bm}}
{{dividir em colunas/fim}}
[[Categoria:Substantivo (Bambara)]]
[[Categoria:Monossílabo (Bambara)]]
[[Categoria:Entrada com imagem (Bambara)]]
={{-eu-}}=
==Conjunção==
'''ta'''
# [[e#Conjunção|e]]:
#* ''Euskara '''ta''' Askatasuna'' &lt;small&gt;(Pátria Basca e Liberdade)&lt;/small&gt;
===Sinônimos===
* {{link opcional|eta|eu}}
[[Categoria:Conjunção (Basco)]]
[[Categoria:Monossílabo (Basco)]]
={{-bs-}}=
==Pronome==
'''ta''', {{gramática|f|dem|lang=bs}}
# [[essa]], [[pronome demonstrativo]] do [[nominativo]] [[singular]] feminino
'''ta''', {{gramática|d|dem|lang=bs}}
# {{cont|2}} [[esses#Pronome|esses]] [[dois]], [[pronome]] demonstrativo [[dual]]
'''ta''', {{gramática|n|p|dem|lang=bs}}
# {{cont|3}} esses, pronome demonstrativo do nominativo [[plural]] neutro
# esses, pronome demonstrativo do acusativo plural neutro
===Declinação===
{{decl.bs.pron.taj}}
==Ver também==
===No Wikcionário===
{{dividir em colunas|2}}
* {{link opcional|ono|bs}}
* [[ovo#{{bs}}|ovo]]
{{dividir em colunas/fim}}
[[Categoria:Pronome (Bósnio)]]
[[Categoria:Monossílabo (Bósnio)]]
={{-ca-}}=
==Pronome==
'''ta''' {{gramática|f|lang=ca}}, ''possessivo'' ({{gramática|m|lang=ca}} '''''[[ton#{{ca}}|ton]]''''', {{gramática|p|lang=ca}} '''''[[tas#{{ca}}|tas]]''''')
# [[teu]], [[tua]], [[pronome possessivo]] [[feminino]] da [[segundo|segunda]] [[pessoa]] do [[singular]]
==Ver também==
===No Wikcionário===
{{decl.ca.pron.pessoal}}
==Referências==
* [http://ec.grec.net/cgi-bin/AppDLC3.exe?APP=CERCADLC&amp;GECART=ta ''ta'' no L´Enciclopèdia - Diccionari (Enciclopèdia Catalana) (em catalão)]
[[Categoria:Pronome (Catalão)]]
[[Categoria:Monossílabo (Catalão)]]
={{-cs-}}=
==Artigo==
'''ta''' {{gramática|f|lang=cs}}, ''definido'' ({{gramática|m|lang=cs}} '''''[[ten#{{cs}}|ten]]''''')
# [[a#Artigo|a]], [[artigo definido]] [[feminino]]:
===Declinação===
{{decl.cs.subst
|ns=[[ta]] |np=[[ty]] 
|gs=[[té]] |gp=[[těch]] 
|ds=[[té]] |dp=[[těm]] 
|as=[[tu#{{cs}}|tu]] |ap=[[ty]] 
|vs=– |vp=– 
|ls=[[té]] |lp=[[těch]] 
|is=[[tou]] |ip=[[těmi]] 
}}
==Pronome==
'''ta''' {{gramática|f|dem|lang=cs}}
# [[aquele]], [[aquela]]:
#* ''Co znamená '''ta''' bílá čára, která se táhne ze středu dolů?''
===Declinação===
{{decl.cs.subst
|ns=[[ta]] |np=[[ty]] 
|gs=[[té]] |gp=[[těch]] 
|ds=[[té]] |dp=[[těm]] 
|as=[[tu#{{cs}}|tu]] |ap=[[ty]] 
|vs=– |vp=– 
|ls=[[té]] |lp=[[těch]] 
|is=[[tou]] |ip=[[těmi]] 
}}
==Ver também==
===No Wikcionário===
{{dividir em colunas|2}}
* [[ten#{{cs}}|ten]]
* [[to#{{cs}}|to]]
{{dividir em colunas/fim}}
=={{pronúncia|cs}}==
* AFI: {{AFI|/ta/}}
* X-SAMPA: /ta/
[[Categoria:Artigo (Checo)]]
[[Categoria:Pronome (Checo)]]
[[Categoria:Monossílabo (Checo)]]
={{-cod-}}=
==Pronome==
{{oxítona|ta|lang=cod}}
# {{escopo|cod|Fala masculina|gramática}} [[eu]], primeira pessoa do singular (fala masculina)
=={{pronúncia|cod}}==
* AFI: {{AFI|/ta/}}
* X-SAMPA: /ta/
==Referências==
* &lt;span style=&quot;color:#555;&quot;&gt;(em espanhol)&lt;/span&gt; ESPINOSA, Lucas. ''Breve Diccionario Analitico Castellano-Tupi del Peru - Sección Cocama''. Iquitos (PER): Ediciones C.E.T.A, 1989. ISBN 84-89295-43-3.
* &lt;span style=&quot;color:#555;&quot;&gt;(em espanhol)&lt;/span&gt; FAUST, Norma. ''Gramatica Cocama - Lecciones para el apredizaje del idoma cocama''. Série Linguística Peruana, nº 6. 3ª edição. Lima: Instituto Lingüístico de Verano, 2008.
* &lt;span style=&quot;color:#555;&quot;&gt;(em português)&lt;/span&gt; VIEGAS, Chandra Wood. ''Natureza e direções das mudanças linguísticas observadas entre os últimos falantes do Kokáma nativos do Brasil''. Dissertação de mestrado. Universidade de Brasília. 2010.
* &lt;span style=&quot;color:#555;&quot;&gt;(em inglês)&lt;/span&gt; YOPÁN, Rosa Vallejos. ''A Grammar of Kokama-Kokamilla''. Dissertação. University of Oregon. 2010
[[Categoria:Pronome (Cocama)]]
[[Categoria:Monossílabo (Cocama)]]
={{-hr-}}=
==Pronome==
'''ta''' {{gramática|f|dem|lang=hr}}
# [[essa]], [[pronome demonstrativo]] do [[nominativo]] [[singular]] feminino
'''ta''', {{gramática|d|dem|lang=hr}}
# {{cont|2}} [[esses#Pronome|esses]] [[dois]], [[pronome]] demonstrativo [[dual]]
'''ta''' {{gramática|n|p|dem|lang=hr}}
# {{cont|3}} esses, pronome demonstrativo do nominativo [[plural]] neutro;
# esses, pronome demonstrativo do acusativo plural neutro
===Declinação===
{{decl.hr.pron.taj}}
{{decl.hr.adj|dm=[[ta]] |df=[[ta]] |dn=[[ta]]
|nms=[[taj]] |nfs=[[to#{{hr}}|to]] |nns=[[ta]] |nmp=[[ti#{{hr}}|ti]] |nfp=[[ta]] |nnp=[[te#{{hr}}|te]] 
|gms=[[toga#{{hr}}|toga]] |gfs=[[toga#{{hr}}|toga]] |gns=[[te#{{hr}}|te]] |gmp=[[tih]] |gfp=[[tih]] |gnp=[[tih]] 
|dms=[[tom#{{hr}}|tom]] |dfs=[[tom#{{hr}}|tom]] |dns=[[toj]] |dmp=[[tim]] |dfp=[[tim]] |dnp=[[tim]] 
|ams=[[toga#{{hr}}|toga]] |afs=[[to#{{hr}}|to]] |ans=[[tu#{{hr}}|tu]] |amp=[[te#{{hr}}|te]] |afp=[[ta]] |anp=[[te#{{hr}}|te]] 
|lms=[[tome#{{hr}}|tome]] |lfs=[[tome#{{hr}}|tome]] |lns=[[toj]] |lmp=[[tim]] |lfp=[[tim]] |lnp=[[tim]] 
|ims=[[time#{{hr}}|time]] |ifs=[[time#{{hr}}|time]] |ins=[[tom#{{hr}}|tom]] |imp=[[tim]] |ifp=[[tim]] |inp=[[tim]] 
}}
==Ver também==
===No Wikcionário===
{{dividir em colunas|2}}
* {{link opcional|ono|hr}}
* [[ovo#{{hr}}|ovo]]
{{dividir em colunas/fim}}
[[Categoria:Pronome (Croata)]]
[[Categoria:Monossílabo (Croata)]]
={{-ku-}}=
==Preposição==
'''ta'''
# [[até]]
==={{-varort-}}===
* '''Alfabeto árabe''': [[تا#{{ku}}|تا]]
==Substantivo==
[[Imagem:White Branches.jpg|thumb|175px|'''Ta'''&lt;sup&gt;1&lt;/sup&gt;]]
'''ta''' {{gramática|f}}
# {{escopo|ku|Botânica}} [[galho]], [[ramo]]
# {{escopo|ku|Medicina|patologia}} [[febre]]
==={{-varort-}}===
* '''[[alfabeto árabe|Alfabeto árabe]]''': [[تا#{{ku}}|تا]]
=={{pronúncia|ku}}==
* AFI: {{AFI|/tɑ/}}
* X-SAMPA: /tA/
[[Categoria:Preposição (Curdo)]]
[[Categoria:Substantivo (Curdo)]]
[[Categoria:Monossílabo (Curdo)]]
[[Categoria:Entrada com imagem (Curdo)]]
={{-sl-}}=
==Pronome==
'''ta''', {{gramática|dem|lang=sl}}
# [[esta]], [[este]]
[[Categoria:Pronome (Esloveno)]]
[[Categoria:Monossílabo (Esloveno)]]
={{-et-}}=
==Pronome==
'''ta''', ''pessoal''
# [[ele#Pronome|ele]], [[ela#Pronome|ela]], [[pronome pessoal]] da [[terceiro|terceira]] [[pessoa]] do [[singular]] do [[caso#Substantivo|caso]] [[nominativo#Substantivo|nominativo]]
# [[dele]], [[dela]], [[pronome]] pessoal da terceira pessoa do singular do caso [[genitivo#Substantivo|genitivo]]
===Declinação===
{{decl.et.pron.pessoal}}
==Ver também==
===No Wikcionário===
{{confr|tema}}
==Referências==
* [http://aare.pri.ee/dictionary.html?lang=ee&amp;meth=exact&amp;switch=en&amp;otsi=search&amp;query=ta ''ta'' no Estonian-English-Estonian Dictionary  (aare.pri.ee) (em estoniano e inglês)]
[[Categoria:Pronome pessoal (Estoniano)]]
[[Categoria:Monossílabo (Estoniano)]]
={{-fo-}}=
==Pronome==
'''ta''' {{gramática|f|dem|lang=fo}}
# [[acusativo]] [[singular]] [[feminino]] de '''''{{link opcional|tann|fo}}'''''
===Expressões===
* '''ta ferðina''': certa vez, certa feita
===Declinação===
{{decl.fo.adj
|nms=[[tann]] |nfs=[[tann]] |nns=[[tað]] 
|nmp=[[teir]] |nfp=[[tær]] |nnp=[[tey]] 
|ams=[[tann]] |afs=[[ta]] |ans=[[tað]] 
|amp=[[teir]]/[[tá#{{fo}}|tá]] |afp=[[tær]] |anp=[[tey]] 
|dms=[[tí#{{fo}}|tí]] |dfs=[[tí#{{fo}}|tí]]/[[teirri]] |dns=[[tí#{{fo}}|tí]] 
|dmp=[[teimum]] |dfp=[[teimum]] |dnp=[[teimum]] 
|gms=[[tess]] |gfs=[[teirrar]] |gns=[[tess]] 
|gmp=[[teirra]] |gfp=[[teirra]] |gnp=[[teirra]] 
}}
=={{pronúncia|fo}}==
* AFI: {{AFI|/tɛa/}}
* X-SAMPA: /tEa/
==Referências==
* [https://web.archive.org/web/20160307182109/http://www.obg.fo/fob/fob.php?leitord=ta&amp;action=1 ''ta'' no Føroysk orðabók (Orðabókagrunnurin) (em feroês)]
[[Categoria:Pronome (Feroês)]]
[[Categoria:Monossílabo (Feroês)]]
={{-fr-}}=
==Pronome==
'''ta''' {{gramática|f|lang=fr}}, ''[[possessivo]]'' ({{gramática|m|lang=fr}} '''''[[ton#{{fr}}|ton]]''''', {{gramática|p|lang=fr}} '''''[[tes#{{fr}}|tes]]''''')
# [[tua]], [[pronome possessivo]] [[feminino]] da segunda pessoa do singular:
#* ''J'entre dans '''ta''' maison.'' &lt;small&gt;(Entro na tua casa.)&lt;/small&gt;
=={{pronúncia|fr}}==
* AFI: {{AFI|/ta/}}
* X-SAMPA: /ta/
: '''Áudio''': {{ouvir|Fr-ta.ogg|&quot;ta&quot;}}
===Homófono===
* [[tas#{{fr}}|tas]]
==Ver também==
===No Wikcionário===
{{decl.fr.pron.pessoal}}
==Ligações externas==
* {{CNRTL}}
* {{Larousse}}
* {{MDEF}}
[[Categoria:Pronome (Francês)]]
[[Categoria:Monossílabo (Francês)]]
[[Categoria:Entrada com áudio (Francês)]]
={{-io-}}=
==Pronome==
'''ta''', {{gramática|dem|lang=io}}
# [[aquele]], [[aquela]]:
#* '''''Ta''' soldato e lua kamarado tre konkordas pri omno.'' &lt;small&gt;(Aquele soldado e seu companheiro concordam em tudo.)&lt;/small&gt;
#* '''Nota''': Preferencialmente, '''ta''' é usado em início de frase ou após uma palavra terminada em vogal, ao passo que '''ita''' é usado após uma consoante.
===Sinônimo===
* [[ita#{{io}}|ita]]
=={{pronúncia|io}}==
* AFI: {{AFI|/ta/}}, {{AFI|/tɑ/}}
* X-SAMPA: /ta/, /tA/
[[Categoria:Pronome (Ido)]]
[[Categoria:Monossílabo (Ido)]]
={{-en-}}=
==Interjeição==
'''ta'''
# {{escopo|en|Coloquial|infantil|Reino Unido}} [[obrigado]]!
===Expressões===
* '''ta everso/muchly''': {{escopo2|Reino Unido|coloquial}} muito obrigado!
==={{-varort-}}===
* [[taa#{{en}}|taa]]
===Sinônimos===
* {{link opcional|thank you|en}}, {{link opcional|thanks|en}}
=={{pronúncia|en}}==
* AFI: {{AFI|/tɑː/}}
* X-SAMPA: /tA:/
==Ver também==
===No Wikcionário===
* {{link opcional|ta ta|en}}
==Ligações externas==
* {{CALD}}
* {{COED}}
* {{MDI}}
* {{MWOD}}
* {{OED}}
* {{Oxford}}
[[Categoria:Interjeição (Inglês)]]
[[Categoria:Monossílabo (Inglês)]]
={{-ang-}}=
==Substantivo==
[[Imagem:Tenen.jpg|thumb|175px|'''Ta''']]
'''tā'''
# {{escopo|ang|Anatomia}} [[artelho]], [[dedo]] do [[pé]]
{{pularLinhas|2}}
=={{etimologia|ang}}==
: Do [[proto-germânico]] *''taihwōn''. 
===Cognatos===
{{tradini|Cognatos de ''ta''}}
* {{trad|goh|zēha}}
{{tradmeio}}
* {{trad|non|tá}}
{{tradfim}}
===Descendentes===
{{tradini|Termos descendentes de ''ta''}}
* {{trad|sco|tae}}
{{tradmeio}}
* {{trad|en|toe}}
{{tradfim}}
==Ver também==
===No Wikcionário===
{{dividir em colunas|3}}
* {{link opcional|finger|ang}}
* {{link opcional|fot|ang}}
* {{link opcional|nægel|ang}}
{{dividir em colunas/fim}}
[[Categoria:Substantivo (Inglês Antigo)]]
[[Categoria:Monossílabo (Inglês Antigo)]]
[[Categoria:Entrada com imagem (Inglês Antigo)]]
={{-yo-}}=
==Verbo==
'''ta'''
# [[picar]]
[[Categoria:Verbo (Iorubá)]]
[[Categoria:Monossílabo (Iorubá)]]
={{-ee-}}=
==Substantivo==
[[Imagem:Proportions of the Head.jpg|thumb|190px|'''Ta''' (&quot;[[cabeça]]&quot;)]]
'''ta'''
# {{escopo|ee|Anatomia}} [[cabeça]]
# [[capítulo]]
==Verbo==
'''ta'''
# [[castrar]]
# [[rastejar]], [[arrastar]]-se pelo [[chão]]
[[Categoria:Substantivo (Jeje)]]
[[Categoria:Verbo (Jeje)]]
[[Categoria:Monossílabo (Jeje)]]
[[Categoria:Entrada com imagem (Jeje)]]
={{-liv-}}=
==Pronome==
'''ta''', ''pessoal''
# [[ele#Pronome|ele]], [[ela#Pronome|ela]], [[pronome pessoal]] da terceira pessoa do singular do caso nominativo
===Declinação===
{{decl.liv.pron.pessoal}}
==Ver também==
===No Wikcionário===
{{confr|täma}}
[[Categoria:Pronome pessoal (Livônio)]]
[[Categoria:Monossílabo (Livônio)]]
={{-jbo-}}=
==Cmavo==
'''ta'''
# [[esse|esse(s)]]
#* '''Nota:''' A princípio, '''ta''' só deve ser usado em ocasiões onde é possível apontar para o indivíduo ou objeto.
==Ver também==
===No Wikcionário===
{{dividir em colunas|2}}
* [[ti#{{jbo}}|ti]]
* [[tu#{{jbo}}|tu]]
{{dividir em colunas/fim}}
[[Categoria:Cmavo]]
[[Categoria:Monossílabo (Lojban)]]
={{-nb-}}=
==Verbo==
'''ta'''
# [[pegar]]
#* ''Hvem har '''tatt''' brillene mine?'' &lt;small&gt;(Quem pegou os meus óculos?)&lt;/small&gt;
===Conjugação===
{{conj.no.forte.completa|ta|tar|tok|tatt|taende|ta|tas}}
===Expressões===
* '''ta {{link opcional|bort|nb}}''': [[suprimir]], [[retirar]]
* '''ta {{link opcional|etter|nb}}''': [[imitar]]
* '''ta {{link opcional|feil|nb}}''': [[enganar]]-[[se#Pronome|se]]
* '''ta {{link opcional|forbi|nb}}''': [[exceder]]
* '''ta {{link opcional|hensyn|nb}}''': [[cuidar]], [[tratar]]
* '''ta [[igjen]]''': [[recuperar]]
* '''ta {{link opcional|imot|nb}}''': [[receber]], [[saudar]], [[cumprimentar]]
* '''ta [[ut]]''': [[retirar]]
===Sinônimos===
* [[gripe#{{no}}|gripe]]
[[Categoria:Verbo (Norueguês Bokmål)]]
[[Categoria:Monossílabo (Norueguês Bokmål)]]
={{-pap-}}=
==Verbo==
'''ta'''
# [[ser#Verbo|ser]]
#* ''Na Aruba e documento mas bieu na papiamento '''ta''' data for di aña 1803.'' &lt;small&gt;(Em Aruba, o documento mais antigo em papiamento é datado do ano de 1803.)&lt;/small&gt;
# [[estar#Verbo|estar]]
[[Categoria:Verbo (Papiamento)]]
[[Categoria:Monossílabo (Papiamento)]]
={{-pl-}}=
==Pronome==
'''ta''', {{gramática|dem|f|lang=pl}}
# nominativo feminino singular de {{link opcional|ten|pl}}
{{avi-for-fle|ten|lang=pl}}
[[Categoria:Pronome (Polonês)]]
[[Categoria:Monossílabo (Polonês)]]
={{-ro-}}=
==Pronome==
'''ta''' {{gramática|f|lang=ro}}, ''possessivo'' ({{gramática|m|lang=ro}} '''''[[tău#{{ro}}|tău]]''''')
# [[tua]], [[pronome possessivo]] [[feminino]] da [[segundo|segunda]] [[pessoa]] do [[singular]]
=={{pronúncia|ro}}==
* AFI: {{AFI|/ta/}}
* X-SAMPA: /ta/
==Ver também==
===No Wikcionário===
{{decl.ro.pron.pessoal}}
==Ligações externas==
* {{DEX}}
[[Categoria:Pronome (Romeno)]]
[[Categoria:Monossílabo (Romeno)]]
={{-rw-}}=
[[Imagem:Milk glass.jpg|thumb|100px|'''Ta''']]
==Substantivo==
'''ta''' ''[[classe]] 4'', {{s/p}}
# {{escopo|rw|Alimentação}} [[leite]]
[[Categoria:Substantivo (Ruanda)]]
[[Categoria:Monossílabo (Ruanda)]]
[[Categoria:Entrada com imagem (Ruanda)]]
={{-sm-}}=
==Substantivo==
'''ta'''
# [[golpe]] (com [[bastão]], [[porrete]], etc.)
==Verbo==
'''ta''', {{gramática|vt|lang=sm}}
# [[golpear]] (com [[bastão]], [[porrete]], etc.);
# [[lavar]].
==Referências==
* [http://www.samoalive.com/NFL/T.htm Samoan Dictionary (em inglês)]
[[Categoria:Substantivo (Samoano)]]
[[Categoria:Verbo (Samoano)]]
[[Categoria:Monossílabo (Samoano)]]
={{-sr-}}=
==Pronome==
'''ta''' {{gramática|dem|f|lang=sr}}
# [[essa]], [[pronome demonstrativo]] do [[nominativo]] [[singular]] feminino
'''ta''', {{gramática|d|dem|lang=sr}}
# {{cont|2}} [[esses#Pronome|esses]] [[dois]], [[pronome]] demonstrativo [[dual]]
'''ta''' {{gramática|dem|n|p|lang=sr}}
# {{cont|3}} esses, pronome demonstrativo do nominativo [[plural]] neutro
# esses, pronome demonstrativo do acusativo plural neutro
==={{-varort-}}===
* '''Alfabeto cirílico''': [[та#{{sr}}|та]]
===Declinação===
{{decl.sr.pron.taj}}
==Ver também==
===No Wikcionário===
{{dividir em colunas|2}}
* {{link opcional|ono|sr}}/[[оно#{{sr}}|оно]]
* [[ovo#{{sr}}|ovo]]/{{link opcional|ово|sr}}
{{dividir em colunas/fim}}
[[Categoria:Pronome (Sérvio)]]
[[Categoria:Monossílabo (Sérvio)]]
={{-sv-}}=
==Verbo==
'''ta''', {{gramática|intrans|trans|lang=sv}}
# [[pegar]], [[tomar]], [[apanhar]]
#* ''Inbrottstjuven '''togs''' genast.'' &lt;small&gt;(O ladrão foi apanhado imediatamente.)&lt;/small&gt;
# [[carregar]], [[levar]]
# [[roubar]]
#* ''Inbrottstjuven hade '''tagit''' allting.'' &lt;small&gt;(O [[ladrão]] [[roubar|roubou]] [[tudo]].)&lt;/small&gt;
# [[assumir]] o [[controle]]
# [[usar]], [[utilizar]]
#* ''Karl '''tar''' cykeln till jobbet.'' &lt;small&gt;(Karl usa a bicicleta para ir ao trabalho.)&lt;/small&gt;
# [[escolher]], [[optar]]
#* ''Vilket alternativ '''tar''' du?'' &lt;small&gt;(Que opção escolhes?)&lt;/small&gt;
# [[aceitar]] (como forma de [[pagamento]]):
#* '''''Tar''' ni kort här?'' &lt;small&gt;(Vocês aceitam cartão de crédito?)&lt;/small&gt;
# [[aguentar]], [[suporar]], [[lidar]] com
# [[demorar]], [[levar]], [[durar]]
#* ''Resan '''tar''' en timme.'' &lt;small&gt;(A viagem levará uma hora.)&lt;/small&gt;
# [[aguentar]], [[suporar]], [[lidar]] com
# [[tomar]], [[ingerir]] (um [[remédio]])
# [[matricular]]-se
# [[fazer]] ([[teste#Substantivo|teste]] ou [[prova#Substantivo|prova]])
# [[dar]] (teste ou prova)
# {{escopo|sv|Jogo}} [[matar]], [[comer]] ([[peça]] do [[adversário]] em [[jogo de tabuleiro]])
# {{escopo|sv|Desporto}} [[vencer]], [[ganhar]] ([[partida]], [[confronto]])
# [[violentar]], [[manter]] relações sexuais à força com
'''ta''', {{gramática|refl|lang=sv}}
# {{cont|18}} [[começar]] a [[queimar]], [[incendiar]](-se)
# [[arder]], [[queimar]] (com mais [[intensidade]])
# [[conseguir]] [[desenvolver]]-se ([[planta#Substantivo|planta]])
===Antônimo===
* De '''1''':
* [[ge#{{sv}}|ge]]
===Conjugação===
{{conj.sv.irreg|ta|tog|tagit|tagande|tagen}}
==={{-varort-}}===
* {{escopo2|Arcaico}} {{link opcional|taga|sv}}
===Verbetes derivados===
{{dividir em colunas|3}}
* [[avta]]
* [[frita]]
* [[förta]]
* [[tagning]]
* [[ta anställning]]
* [[ta ansvar]]
* [[ta av]]
* [[ta av sig]]
* [[ta avsked]]
* [[ta av daga]]
* [[ta beslut]]
* [[ta betalt]]
* [[ta bort]]
* [[ta det lugnt]]
* [[ta emot]], [[ta emot sig]]
* [[ta examen]]
* [[ta fart]]
* [[ta farväl]]
* [[ta fram]]
* [[ta för givet]]
* [[ta för sig]]
* [[ta hand om]]
* [[ta hem]]
* [[ta hus i helvete]]
* [[ta hänsyn]]
* [[ta i]]
* [[ta ifrån]]
* [[ta igen sig]]
* [[ta in]]
* [[ta initiativ]]
* [[ta livet av]]
* [[ta lån]]
* [[ta lätt på]]
* [[ta med]]
* [[ta musten ur någon]]
* [[ta ned]]
* [[ta ner]]
* [[ta om]]
* [[ta plats]]
* [[ta på]]
* [[ta på allvar]]
* [[ta på bar gärning]]
* [[ta på sig]]
* [[ta på skoj]]
* [[ta sats]]
* [[ta sig an]]
* [[ta sig fram]]
* [[ta sig för]]
* [[ta sig före]]
* [[ta sig igenom]]
* [[ta sig in]]
* [[ta sig samman]]
* [[ta sig till]]
* [[ta sig ton]]
* [[ta sig upp]]
* [[ta sig ur]]
* [[ta sig ut]]
* [[ta sig vatten över huvudet]]
* [[ta sig över]]
* [[ta sikte]], [[ta sikte på]]
* [[ta sitt förnuft till fånga]]
* [[ta skydd]]
* [[ta studenten]]
* [[ta ställning]]
* [[ta tag i]]
* [[ta telefonen]]
* [[ta tiden]]
* [[ta tid på sig]]
* [[ta till]]
* [[ta till sig]]
* [[ta tillvara]]
* [[ta timeout]]
* [[ta ton]]
* [[ta upp]]
* [[ta ut]]
* [[ta ut i förskott]]
* [[ta ut sig]]
* [[ta vara på]]
* [[ta vägen]]
* [[ta åt sig]]
* [[ta över]]
* [[tillta]]
* [[återta]]
* [[överta]]
{{dividir em colunas/fim}}
=={{pronúncia|sv}}==
* AFI: {{AFI|/tɑ/}}
* X-SAMPA: /tA/
: '''Áudio''': {{ouvir|Sv-ta.ogg|&quot;ta&quot;}}
==Referências==
* [http://lexin.nada.kth.se/sve-sve.html Svenska ord (Lexin) (em sueco)]
[[Categoria:Verbo (Sueco)]]
[[Categoria:Monossílabo (Sueco)]]
[[Categoria:Botânica (Sueco)]]
[[Categoria:Desporto (Sueco)]]
[[Categoria:Educação (Sueco)]]
[[Categoria:Jogo (Sueco)]]
[[Categoria:Entrada com áudio (Sueco)]]
={{-vi-}}=
{{ver também|tà|tả|tã|tá|tạ}}
==Adjetivo==
'''ta'''
# [[aborígene]], [[tradicional]]
#* ''quần áo '''ta''''' &lt;small&gt;(vestimenta tradicional)&lt;/small&gt;
==Interjeição==
'''ta'''
# [[hein]]!:
#* ''Đẹp quá '''ta'''!''
==Pronome==
'''ta''', ''pessoal''
# [[eu]], [[pronome pessoal]] da [[primeiro|primeira]] [[pessoa]] do [[singular]]:
#* '''''Ta''' cũng nghĩ thế.''
# [[nós]], [[pronome]] pessoal da primeira pessoa do [[plural]]:
#* '''''Ta''' cùng đi.'' &lt;small&gt;(Partimos juntos.)&lt;/small&gt;
'''ta''' ''[[possessivo]]''
# {{cont|3}} [[nosso]], [[pronome possessivo]] da primeira pessoa do plural:
#* ''nước '''ta''''' &lt;small&gt;(nosso país)&lt;/small&gt;
=={{pronúncia|vi}}==
* AFI: {{AFI|/ta˦/}}
* X-SAMPA: /ta_H/
==Ver também==
===Referências===
* [http://vdict.com/ta,2,0,0.html ''ta'' no Vdict.com (Vietnamese - English dictionary) (em inglês)]
[[Categoria:Adjetivo (Vietnamita)]]
[[Categoria:Interjeição (Vietnamita)]]
[[Categoria:Pronome (Vietnamita)]]
[[Categoria:Pronome pessoal (Vietnamita)]]
[[Categoria:Monossílabo (Vietnamita)]]
={{-vo-}}=
==Preposição==
'''ta'''
# [[contra]]:
#* ''balan '''ta''' votikan'' &lt;small&gt;(um contra o outro)&lt;/small&gt;
=={{pronúncia|vo}}==
* AFI: {{AFI|/ta/}}
* X-SAMPA: /ta/
==Referências==
* [https://web.archive.org/web/20090214001830/http://personal.southern.edu/~caviness/Volapuk/Misc/vol-eng.htm Volapük-English Dictionary (compilado por Ralph Midgley) (em inglês e volapuque)]
[[Categoria:Preposição (Volapuque)]]
[[Categoria:Monossílabo (Volapuque)]]</text>
<sha1>t4izwxzlyiihp8anzuzgqgypyuehlbh</sha1>
</revision>
</page>
