<page>
<title>Taani</title>
<ns>0</ns>
<id>221297</id>
<revision>
<id>2581971</id>
<parentid>2280689</parentid>
<timestamp>2020-03-14T16:31:24Z</timestamp>
<contributor>
<username>ValJor</username>
<id>1358</id>
</contributor>
<comment>Acrescentando código de língua à [[:Categoria:!Página com mensagem de erro em predefinição|predefinição escopo]]</comment>
<model>wikitext</model>
<format>text/x-wiki</format>
<text bytes="435" xml:space="preserve">{{Wikipédia|lang=et}}
[[Imagem:Flag of Denmark.svg|thumb|right|250px|&lt;center&gt;Bandeira da Dinamarca&lt;/center&gt;]]
[[Imagem:LocationDenmark.svg|thumb|right|250px|&lt;center&gt;Localização da Dinamarca&lt;/center&gt;]]
={{-et-}}=
==Substantivo==
'''Taani''', {{gramática|pr}}
# {{escopo|et|País}} [[Dinamarca]]
==Ver também==
===No Wikcionário===
{{Europa/et}}
[[Categoria:Substantivo (Estoniano)]]
[[Categoria:Entrada com imagem (Estoniano)]]</text>
<sha1>fnvllybnsts9bg1sq3qibcfplu9n7lk</sha1>
</revision>
</page>
