<page>
<title>taatto</title>
<ns>0</ns>
<id>48913</id>
<revision>
<id>2137870</id>
<parentid>1251212</parentid>
<timestamp>2016-06-10T21:23:40Z</timestamp>
<contributor>
<username>UT-interwiki-Bot</username>
<id>56129</id>
</contributor>
<minor />
<comment>Robô: A adicionar: [[mg:taatto]]</comment>
<model>wikitext</model>
<format>text/x-wiki</format>
<text bytes="341" xml:space="preserve">={{-fi-}}=
==Substantivo==
'''taatto'''
# [[pai]]
[[Categoria:Substantivo (Finlandês)]]
[[Categoria:Família (Finlandês)]]
={{-olo-}}=
==Substantivo==
'''taatto'''
# [[pai]]
===Variante ortográfica===
* [[tuatto]]
[[Categoria:Substantivo (Livicoviano)]]
[[Categoria:Família (Livicoviano)]]
[[en:taatto]]
[[fi:taatto]]
[[mg:taatto]]</text>
<sha1>eknkyidvx5j0pj6m2xj9kvbukwpjro7</sha1>
</revision>
</page>
