<page>
<title>taat</title>
<ns>0</ns>
<id>32064</id>
<revision>
<id>2091065</id>
<parentid>1949589</parentid>
<timestamp>2016-04-22T16:35:05Z</timestamp>
<contributor>
<username>Luan</username>
<id>1279</id>
</contributor>
<comment>vide [[Predefinição Discussão:yua#Nome em português]] utilizando [[Project:AutoWikiBrowser|AWB]]</comment>
<model>wikitext</model>
<format>text/x-wiki</format>
<text bytes="1063" xml:space="preserve">={{-sgh-}}=
{| align=right cellspacing=&quot;0&quot; cellpadding=&quot;4&quot; style=&quot;border-width: 1px; border-color: #888888; border-style: solid&quot; bgcolor=&quot;#F0F0FF&quot;
!colspan=&quot;4&quot; bgcolor=&quot;#C0C0FF&quot; align=center|
&lt;big&gt;Familia&lt;/big&gt;
|-
! || ''m'' || || ''f''
|-
| || [[avô]]: [[tatek]] || || [[avó]]: [[nanek]]
|-
||| [[pai]]: [[taat]] |||| [[mãe]]: [[naan]]
|-
| || [[filho]]: [[]] |||| [[filha]]: [[]]
|-
| || [[marido]]: [[chour]] |||| [[esposa]]: [[gan]]
|-
||| [[irmão]]: [[verro]] || || [[irmã]]: [[yakh]]/[[takh]]
|-
| || [[tio]]: [[kholak]] || || [[tia]]: [[]]
|-
|}
==Substantivo==
'''taat''', ''feminino'': [[naan]]
# [[pai]]
[[Categoria:Substantivo (Roshani)]]
[[Categoria:Família (Roshani)]]
={{-yua-}}=
==Substantivo==
'''taat'''
# [[pai]]
# [[avô]]
===Sinônimos===
{{verTambém.Ini}}
* [[taatáa]]
{{verTambém.NovaColuna}}
* [[yuum]]
{{verTambém.Fim}}
[[Categoria:Substantivo (Iucateco)]]
[[Categoria:Família (Iucateco)]]
[[en:taat]]
[[es:taat]]
[[fr:taat]]
[[id:taat]]
[[ko:taat]]
[[ku:taat]]
[[mg:taat]]
[[ms:taat]]
[[nah:taat]]
[[ru:taat]]
[[tr:taat]]</text>
<sha1>oafchgnqbi3zby57gah2fp0knj41ta1</sha1>
</revision>
</page>
