<page>
<page>
<title>taatáa</title>
<ns>0</ns>
<id>32139</id>
<revision>
<id>2091066</id>
<parentid>1372866</parentid>
<timestamp>2016-04-22T16:35:25Z</timestamp>
<contributor>
<username>Luan</username>
<id>1279</id>
</contributor>
<comment>vide [[Predefinição Discussão:yua#Nome em português]] utilizando [[Project:AutoWikiBrowser|AWB]]</comment>
<model>wikitext</model>
<format>text/x-wiki</format>
<text bytes="163" xml:space="preserve">={{-yua-}}=
==Substantivo==
'''taatáa'''
# [[pai]]
===Sinónimos===
* [[taat]]
* [[yuum]]
[[Categoria:Substantivo (Iucateco)]]
[[Categoria:Família (Iucateco)]]</text>
<sha1>37fymmmn3efqs2h2tbttyd1p8sb555v</sha1>
</revision>
