<page>
<title>tabaksplant</title>
<ns>0</ns>
<id>14012</id>
<revision>
<id>1797406</id>
<parentid>1534893</parentid>
<timestamp>2013-12-28T13:29:58Z</timestamp>
<contributor>
<username>MalafayaBot</username>
<id>628</id>
</contributor>
<minor />
<comment>r2.7.5) (Robô: A adicionar: [[chr:tabaksplant]]</comment>
<model>wikitext</model>
<format>text/x-wiki</format>
<text bytes="219" xml:space="preserve">={{-nl-}}=
==Substantivo==
'''tabaksplant'''
# [[tabaco]] (planta)
[[Categoria:Substantivo (Holandês)]]
[[Categoria:Botânica (Holandês)]]
[[chr:tabaksplant]]
[[mg:tabaksplant]]
[[nl:tabaksplant]]
[[vi:tabaksplant]]</text>
<sha1>i91er05qjwzro1n2iq1k1b67mzssc3y</sha1>
</revision>
</page>
