<page>
<title>tabatinguenses</title>
<ns>0</ns>
<id>394954</id>
<revision>
<id>2496488</id>
<parentid>2496487</parentid>
<timestamp>2018-04-15T02:14:47Z</timestamp>
<contributor>
<username>MIL973</username>
<id>41339</id>
</contributor>
<model>wikitext</model>
<format>text/x-wiki</format>
<text bytes="355" xml:space="preserve">={{-pt-}}=
==Forma de adjetivo==
{{paroxítona|ta|ba|tin|guen|ses}}, {{gramática|c2gp}}
# plural de [[tabatinguense]]
==Forma de substantivo==
{{paroxítona|ta|ba|tin|guen|ses}}, {{gramática|c2gp}}
# plural de [[tabatinguense]]
{{avi-for-fle|tabatinguense}}
[[Categoria:Forma de adjetivo (Português)]]
[[Categoria:Forma de substantivo (Português)]]</text>
<sha1>khka5023relhppn9hibwcvnke75auq0</sha1>
</revision>
</page>
