<page>
<page>
<title>Tabapuã</title>
<ns>0</ns>
<id>137110</id>
<revision>
<id>2496352</id>
<parentid>2496351</parentid>
<timestamp>2018-04-14T07:03:33Z</timestamp>
<contributor>
<username>MIL973</username>
<id>41339</id>
</contributor>
<model>wikitext</model>
<format>text/x-wiki</format>
<text bytes="447" xml:space="preserve">{{Wikipédia}}
={{-pt-}}=
==Substantivo==
{{oxítona|Ta|ba|pu|ã}}, {{gramática|pr}}
# {{escopo|pt|Município do estado de São Paulo}} [[Apêndice:Gentílicos e topónimos em português/Brasil/São Paulo|município brasileiro do estado de São Paulo]]
==Ver também==
===No Wikcionário===
* [[tabapuanense]]
==Ligações externas==
* [http://www.tabapua.sp.gov.br/ Prefeitura de Tabapuã (São Paulo)]
[[Categoria:Substantivo (Português)]]</text>
<sha1>h9ytvhck561hhu4jxqh9e5omzcq4p4i</sha1>
</revision>
