<page>
<page>
<title>tabal</title>
<ns>0</ns>
<id>364702</id>
<revision>
<id>2195237</id>
<parentid>2171343</parentid>
<timestamp>2016-11-08T07:04:53Z</timestamp>
<contributor>
<username>UT-interwiki-Bot</username>
<id>56129</id>
</contributor>
<minor />
<comment>Robô: A adicionar: ca, de, fr, id, mg</comment>
<model>wikitext</model>
<format>text/x-wiki</format>
<text bytes="817" xml:space="preserve">={{-gl-}}=
==Substantivo==
{{flex.gl|ms=tabal|mp=tabais}}
{{oxítona|ta|bal|lang=gl}}, {{g|m|lang=gl}}
# [[barril]] pequeno de madeira de aduelas de [[pinheiro]] e aro de [[castanheiro]] para prensar e transportar [[sardinha]]s salgadas; recipiente de madeira para sardinhas assadas
=={{etimologia|gl}}==
{{llietimo|ar|طَبْل|gl|ṭabl|[[tambor]]}}
[[Categoria:Substantivo (Galego)]]
={{-roa-gpm-}}=
==Substantivo==
{{flex.roa-gpm|ms=tabal|mp=tabais}}
{{oxítona|ta|bal|lang=roa-gpm}}, {{g|m|lang=roa-gpm}}
# [[atabale]], tambor, [[timbal]]
==={{-varort-}}===
* [[atabal#Galego-Português Medieval|atabal]]
=={{etimologia|roa-gpm}}==
{{llietimo|ar|طَبْل|roa-gpm|ṭabl|[[tambor]]}}
[[Categoria:Substantivo (Galego-Português Medieval)]]
[[ca:tabal]]
[[de:tabal]]
[[fr:tabal]]
[[id:tabal]]
[[mg:tabal]]</text>
<sha1>mhizy589rlmmiivxlkx439pmn22yueu</sha1>
</revision>
