<page>
<page>
<title>tabatinganos</title>
<ns>0</ns>
<id>394952</id>
<revision>
<id>2496482</id>
<parentid>2496481</parentid>
<timestamp>2018-04-15T02:05:47Z</timestamp>
<contributor>
<username>MIL973</username>
<id>41339</id>
</contributor>
<model>wikitext</model>
<format>text/x-wiki</format>
<text bytes="341" xml:space="preserve">={{-pt-}}=
==Forma de adjetivo==
{{paroxítona|ta|ba|tin|ga|nos}}, {{gramática|mp}}
# plural de [[tabatingano]]
==Forma de substantivo==
{{paroxítona|ta|ba|tin|ga|nos}}, {{gramática|mp}}
# plural de [[tabatingano]]
{{avi-for-fle|tabatingano}}
[[Categoria:Forma de adjetivo (Português)]]
[[Categoria:Forma de substantivo (Português)]]</text>
<sha1>aom01ce6zt8da0plopc5im65fan5j4n</sha1>
</revision>
