<page>
<title>tabatinguense</title>
<ns>0</ns>
<id>394950</id>
<revision>
<id>2496476</id>
<parentid>2496475</parentid>
<timestamp>2018-04-15T02:00:41Z</timestamp>
<contributor>
<username>MIL973</username>
<id>41339</id>
</contributor>
<model>wikitext</model>
<format>text/x-wiki</format>
<text bytes="661" xml:space="preserve">={{-pt-}}=
==Adjetivo==
{{flex.pt|s=tabatinguense|p=tabatinguenses}}
{{paroxítona|ta|ba|tin|guen|se}}, {{gramática|c2g}}
# {{escopo|pt|Gentílico}} das cidades de nome [[Tabatinga]], no Amazonas e em São Paulo
===Sinônimo===
* [[tabatingano]]
==Substantivo==
{{flex.pt|s=tabatinguense|p=tabatinguenses}}
{{paroxítona|ta|ba|tin|guen|se}}, {{gramática|c2g}}
# {{escopo|pt|Gentílico}} natural destas duas cidades ou seu habitante
===Sinônimo===
* [[tabatingano]]
=={{etimologia|pt}}==
: {{escopo|Morfologia}} De [[Tabatinga]] + [[-ense]].
==Ligações externas==
* {{Aulete}}
[[Categoria:Adjetivo (Português)]]
[[Categoria:Substantivo (Português)]]</text>
<sha1>74aatxvgliop4x2lhd6pg3duxdussrg</sha1>
</revision>
</page>
