<page>
<page>
<title>tabatingano</title>
<ns>0</ns>
<id>394949</id>
<revision>
<id>2496473</id>
<parentid>2496472</parentid>
<timestamp>2018-04-15T01:59:06Z</timestamp>
<contributor>
<username>MIL973</username>
<id>41339</id>
</contributor>
<model>wikitext</model>
<format>text/x-wiki</format>
<text bytes="714" xml:space="preserve">={{-pt-}}=
==Adjetivo==
{{flex.pt|ms=tabatingano|mp=tabatinganos|fs=tabatingana|fp=tabatinganas}}
{{paroxítona|ta|ba|tin|ga|no}}, {{gramática|m}}
# {{escopo|pt|Gentílico}} das cidades de nome [[Tabatinga]], no Amazonas e em São Paulo
===Sinônimo===
* [[tabatinguense]]
==Substantivo==
{{flex.pt|ms=tabatingano|mp=tabatinganos|fs=tabatingana|fp=tabatinganas}}
{{paroxítona|ta|ba|tin|ga|no}}, {{gramática|m}}
# {{escopo|pt|Gentílico}} natural destas duas cidades ou seu habitante
===Sinônimo===
* [[tabatinguense]]
=={{etimologia|pt}}==
: {{escopo|Morfologia}} De [[Tabatinga]] + [[-ano]].
==Ligações externas==
* {{Aulete}}
[[Categoria:Adjetivo (Português)]]
[[Categoria:Substantivo (Português)]]</text>
<sha1>swwxzigmuyxp1qonnfmbm4lxqo0yiqk</sha1>
</revision>
