<page>
<page>
<title>taba</title>
<ns>0</ns>
<id>61885</id>
<revision>
<id>2581962</id>
<parentid>2183507</parentid>
<timestamp>2020-03-14T16:02:17Z</timestamp>
<contributor>
<username>ValJor</username>
<id>1358</id>
</contributor>
<comment>Acrescentando código de língua à [[:Categoria:!Página com mensagem de erro em predefinição|predefinição escopo]]</comment>
<model>wikitext</model>
<format>text/x-wiki</format>
<text bytes="1168" xml:space="preserve">={{-pt-}}=
==Substantivo==
{{flex.pt|fs=taba|fp=tabas}}
{{paroxítona|ta|ba}}, {{gramática|f}}
# {{escopo|pt|Brasil}} [[aldeia]] [[indígena]]
=={{etimologia|pt}}==
{{llietimo|tu|tawa|pt}}
==Ver também==
===No Wikcionário===
{{verTambém.Ini}}
* [[caiçara]]
{{verTambém.NovaColuna}}
* [[ocara]]
{{verTambém.Fim}}
==Ligações externas==
* {{Aulete}}
* {{Michaelis}}
* {{DicioAberto}}
* {{DPLP}}
* {{Infopédia}}
* {{PLP}}
==Anagrama==
&lt;!-- índice para anagramas: pt: aabt --&gt;
# [[bata]]
[[Categoria:Substantivo (Português)]]
[[Categoria:Dissílabo (Português)]]
[[Categoria:Paroxítona (Português)]]
={{-ha-}}=
==Substantivo==
'''taba'''
# [[tabaco]]
[[Categoria:Substantivo (Hauçá)]]
[[Categoria:Falso cognato (Hauçá)]]
={{-st-}}=
==Substantivo==
'''taba'''
# [[namorico]], [[flerte]]
# [[assunto]]; [[notícia]]
[[Categoria:Substantivo (Sesoto)]]
[[Categoria:Falso cognato (Sesoto)]]
={{-tt-}}=
==Substantivo==
'''taba'''
# [[frigideira]]
[[Categoria:Substantivo (Tártaro)]]
[[Categoria:Falso cognato (Tártaro)]]
={{-tr-}}=
==Substantivo==
'''taba'''
# [[tabaco]]
[[Categoria:Substantivo (Turco)]]
[[Categoria:Falso cognato (Turco)]]</text>
<sha1>ha0hyhsu96kh2m2txwhkp20y14qbyfs</sha1>
</revision>
