<page>
<page>
<title>tabaela</title>
<ns>0</ns>
<id>413756</id>
<revision>
<id>2554526</id>
<parentid>2554525</parentid>
<timestamp>2019-09-21T11:42:27Z</timestamp>
<contributor>
<username>Cpls</username>
<id>20608</id>
</contributor>
<comment>/* {{etimologia|gl}} */</comment>
<model>wikitext</model>
<format>text/x-wiki</format>
<text bytes="359" xml:space="preserve">={{-gl-}}=
==Substantivo==
{{flex.gl|fs=tabaela|fp=tabaelas}}
{{paroxítona|ta|ba|e|la|lang=gl}}, {{g|f|lang=gl}}
# {{escopo|gl|Inseto}} pequeno [[tabão#{{pt}}|tabão]]
==={{-varort-}}===
* [[tabela#{{gl}}|tabela]]
=={{etimologia|gl}}==
: {{escopo|Morfologia}} De ''[[tabão#{{gl}}|tabão]]'' + ''[[-elo#{{gl}}|-ela]]''.
[[Categoria:Substantivo (Galego)]]</text>
<sha1>6o879yxrocbaoj44cnv7q66g6psqrul</sha1>
</revision>
