<page>
<title>tabac</title>
<ns>0</ns>
<id>14011</id>
<revision>
<id>2239687</id>
<parentid>2096526</parentid>
<timestamp>2017-02-17T11:03:02Z</timestamp>
<contributor>
<username>UT-interwiki-Bot</username>
<id>56129</id>
</contributor>
<minor />
<comment>Robô: A adicionar: [[eo:tabac]]</comment>
<model>wikitext</model>
<format>text/x-wiki</format>
<text bytes="425" xml:space="preserve">={{-ca-}}=
==Substantivo==
'''ta.bac''', {{m}}
# [[tabaco]].
[[Categoria:Substantivo (Catalão)]]
[[ca:tabac]]
[[chr:tabac]]
[[cs:tabac]]
[[da:tabac]]
[[el:tabac]]
[[en:tabac]]
[[eo:tabac]]
[[et:tabac]]
[[eu:tabac]]
[[fi:tabac]]
[[fr:tabac]]
[[gl:tabac]]
[[hu:tabac]]
[[id:tabac]]
[[io:tabac]]
[[ko:tabac]]
[[mg:tabac]]
[[no:tabac]]
[[oc:tabac]]
[[pl:tabac]]
[[ro:tabac]]
[[ru:tabac]]
[[sk:tabac]]
[[tr:tabac]]
[[vi:tabac]]</text>
<sha1>mp10xip24ri5pory02b9lsud3kgv7w7</sha1>
</revision>
</page>
