<page>
<title>tabajara</title>
<ns>0</ns>
<id>99882</id>
<revision>
<id>2462982</id>
<parentid>1489843</parentid>
<timestamp>2017-11-26T13:30:23Z</timestamp>
<contributor>
<username>ValJor</username>
<id>1358</id>
</contributor>
<comment>Um verbete a menos usando a [[Predefinição:flex.pt.com2|predefinição flex.pt.com2]]</comment>
<model>wikitext</model>
<format>text/x-wiki</format>
<text bytes="789" xml:space="preserve">{{Wikipédia}}
={{-pt-}}=
==Adjetivo==
{{flex.pt|s=tabajara|p=tabajaras}}
{{paroxítona|ta|ba|ja|ra}}, {{gramática|c2g}}
# relativo a essa tribo
#* ''Treme a selva com o estrupido da carreira do povo '''tabajara'''.'' (Em [[s:Iracema/XVIII|Iracema (Capítulo XVIII)]] de José de Alencar)
==Substantivo==
{{flex.pt|s=tabajara|p=tabajaras}}
{{paroxítona|ta|ba|ja|ra}}, {{gramática|c2g}}
# [[tribo]] [[indígena]] do [[Maranhão]] e do [[Ceará]], [[Brasil]]
#* ''Nenhum '''tabajara''' o seguirá, porque a inúbia dos pitiguaras rugirá da banda da serra.''  (Em [[s:Iracema/XIV|Iracema (Capítulo XVIII)]] de José de Alencar)
==Ligações externas==
* {{Michaelis}}
* {{Infopédia}}
* {{PLP}}
* {{VOLPABL}}
[[Categoria:Adjetivo (Português)]]
[[Categoria:Substantivo (Português)]]</text>
<sha1>qa9j6hhis648ovcvx8ge7kjnju4rn16</sha1>
</revision>
</page>
