<page>
<page>
<title>tabas</title>
<ns>0</ns>
<id>78469</id>
<revision>
<id>2025034</id>
<parentid>1373685</parentid>
<timestamp>2015-10-26T14:39:45Z</timestamp>
<contributor>
<username>HydrizBot</username>
<id>29590</id>
</contributor>
<minor />
<comment>Robô: A adicionar: [[ca:tabas]], [[en:tabas]], [[es:tabas]]</comment>
<model>wikitext</model>
<format>text/x-wiki</format>
<text bytes="217" xml:space="preserve">={{-lnf-}}=
==Forma de substantivo==
'''ta.bas''' ''masculino plural''
# [[perna]]s
[[Categoria:Forma de substantivo (Lunfardo)]]
[[categoria:Anatomia (Lunfardo)]]
[[ca:tabas]]
[[en:tabas]]
[[es:tabas]]
[[id:tabas]]</text>
<sha1>pighnn1z71p2rvl7aj1sxihscyw2jvv</sha1>
</revision>
