<page>
<page>
<title>tabacos</title>
<ns>0</ns>
<id>336348</id>
<revision>
<id>1898696</id>
<parentid>1895977</parentid>
<timestamp>2015-03-09T16:22:49Z</timestamp>
<contributor>
<username>YS-Bot</username>
<id>32241</id>
</contributor>
<minor />
<comment>r2.7.3) (Robô: A adicionar: ca, en, eo, es, mg, no</comment>
<model>wikitext</model>
<format>text/x-wiki</format>
<text bytes="430" xml:space="preserve">={{-pt-}}=
==Forma de substantivo==
{{paroxítona|ta|ba|cos}}, {{m}}
# plural de [[tabaco]]
{{avi-for-fle|tabaco}}
[[Categoria:Forma de substantivo (Português)]]
={{-es-}}=
==Forma de substantivo==
'''tabacos''', {{m}}
# plural de [[tabaco#{{es}}|tabaco]]
{{avi-for-fle|tabaco|lang=es}}
[[Categoria:Forma de substantivo (Espanhol)]]
[[ca:tabacos]]
[[en:tabacos]]
[[eo:tabacos]]
[[es:tabacos]]
[[mg:tabacos]]
[[no:tabacos]]</text>
<sha1>41dv8djmm3y6477nk8usrt7cov4prp6</sha1>
</revision>
