<page>
<page>
<title>tabaréu</title>
<ns>0</ns>
<id>423736</id>
<revision>
<id>2588122</id>
<parentid>2588121</parentid>
<timestamp>2020-05-17T02:46:26Z</timestamp>
<contributor>
<username>Ddantasu</username>
<id>76569</id>
</contributor>
<minor />
<comment>/* Substantivo */</comment>
<model>wikitext</model>
<format>text/x-wiki</format>
<text bytes="705" xml:space="preserve">={{-pt-}}=
==Substantivo==
{{flex.pt|ms=tabaréu|mp=tabaréus|fs=tabaroa|fp=tabaroas}}
{{oxítona|ta|ba|réu}}, {{gramática|m}}
# soldado mal treinado ou inexperiente
# {{escopo|pt|Brasil}} sertanejo, caipira
#* '''1936''', [[w:Sérgio Buarque de Holanda|Sérgio Buarque de Holanda]], Raízes do Brasil:
#*: ''Em 1711, Antonil declarava que ter os filhos sempre no engenho era “criá-los '''tabaréus''', que nas conversações não saberão falar de outra coisa mais do que do cão, do cavalo, e do boi. Deixá-los sós na cidade é dar-lhes liberdade para se fazerem logo viciosos e encherem-se de vergonhosas doenças, que se não podem facilmente curar”.''
[[Categoria:Substantivo (Português)]]</text>
<sha1>nwn0dh41v50go12yfbca85gf7dw9jhi</sha1>
</revision>
