<page>
<page>
<title>tabacaria</title>
<ns>0</ns>
<id>262080</id>
<revision>
<id>2137867</id>
<parentid>1209826</parentid>
<timestamp>2016-06-10T21:23:10Z</timestamp>
<contributor>
<username>UT-interwiki-Bot</username>
<id>56129</id>
</contributor>
<minor />
<comment>Robô: A adicionar: [[en:tabacaria]], [[hy:tabacaria]]</comment>
<model>wikitext</model>
<format>text/x-wiki</format>
<text bytes="338" xml:space="preserve">={{-pt-}}=
==Substantivo==
{{flex.pt|fs=tabacaria|fp=tabacarias}}
{{paroxítona|ta|ba|ca|ri|a}}
# [[loja]] ou lugar onde se vende [[tabaco]] e outros apetrechos para fumadores
=={{etimologia|pt}}==
: {{escopo|Morfologia}} [[tabaco]] + [[-aria]].
[[Categoria:Substantivo (Português)]]
[[en:tabacaria]]
[[hy:tabacaria]]
[[pl:tabacaria]]</text>
<sha1>5yc1l7mx8wp7iv9dh7g2ruu7tw4cxu5</sha1>
</revision>
