<page>
<page>
<title>tabafeia</title>
<ns>0</ns>
<id>5383</id>
<revision>
<id>1145492</id>
<parentid>619570</parentid>
<timestamp>2011-07-05T10:43:34Z</timestamp>
<contributor>
<username>ValJor</username>
<id>1358</id>
</contributor>
<comment>Desfazendo link para [[Mirandês]] para poder deletar o redirecionamento para minúscula</comment>
<model>wikitext</model>
<format>text/x-wiki</format>
<text bytes="149" xml:space="preserve">={{-mwl-}}=
==Substantivo==
'''tabafeia''', ''feminino''
# [[alheira]]
[[Categoria:Substantivo (Mirandês)]]
[[Categoria:Alimentação (Mirandês)]]</text>
<sha1>pmvgqolfbym45vyql2q7jqh7vp2f077</sha1>
</revision>
