<page>
<page>
<title>tabagismo</title>
<ns>0</ns>
<id>320973</id>
<revision>
<id>2613687</id>
<parentid>1797408</parentid>
<timestamp>2021-01-31T15:29:01Z</timestamp>
<contributor>
<username>Marxav</username>
<id>73271</id>
</contributor>
<minor />
<comment>AFI Portugal</comment>
<model>wikitext</model>
<format>text/x-wiki</format>
<text bytes="387" xml:space="preserve">{{Wikipédia}}
={{-pt-}}=
==Substantivo==
{{flex.pt|ms=tabagismo|mp=tabagismos}}
{{paroxítona|ta|ba|gis|mo}}, {{m}}
# dependência psicológica do consumo de [[tabaco]]
=={{pronúncia|pt}}==
===Portugal===
* AFI: {{AFI|/tɐ.bɐ.ˈʒiʒ.mu/}}
[[Categoria:Substantivo (Português)]]
[[en:tabagismo]]
[[eu:tabagismo]]
[[fi:tabagismo]]
[[fr:tabagismo]]
[[it:tabagismo]]
[[pl:tabagismo]]</text>
<sha1>5zxvsaez503ezfe00zhuf2dpeudtql4</sha1>
</revision>
