<page>
<title>Tabak</title>
<ns>0</ns>
<id>14010</id>
<revision>
<id>2280690</id>
<parentid>1735915</parentid>
<timestamp>2017-04-27T02:34:43Z</timestamp>
<contributor>
<username>HydrizBot</username>
<id>29590</id>
</contributor>
<minor />
<comment>Robô: A limpar links interwikis antigos</comment>
<model>wikitext</model>
<format>text/x-wiki</format>
<text bytes="315" xml:space="preserve">={{-de-}}=
==Substantivo==
'''Tabak'''
# [[tabaco]].
[[Categoria:Substantivo (Alemão)]]
={{-nl-}}=
==Substantivo==
'''tabak'''
# [[tabaco]], definição '''2'''.
[[Categoria:Substantivo (Holandês)]]
={{-fy-}}=
==Substantivo==
'''tabak'''
# [[tabaco]], definição '''2'''.
[[Categoria:Substantivo (Frísio)]]</text>
<sha1>pxoe45xpjuomxwyxfqgg2qhcnrv1f3w</sha1>
</revision>
</page>
