<page>
<page>
<title>tabaquear</title>
<ns>0</ns>
<id>316722</id>
<revision>
<id>1704455</id>
<timestamp>2013-07-26T11:12:47Z</timestamp>
<contributor>
<username>ValJor</username>
<id>1358</id>
</contributor>
<comment>Por um [[Especial:Lonelypages|wikcionário sem órfãos]]: [[tabaqueámos]]</comment>
<model>wikitext</model>
<format>text/x-wiki</format>
<text bytes="271" xml:space="preserve">={{-pt-}}=
==Verbo==
{{oxítona|ta|ba|que|ar}}, ''v. t. e i.''
# [[tomar]] [[pitada]]s de [[rapé]] ou [[tabaco]]
# [[fumar]]
===Conjugação===
{{conj/pt|tabaqu|ear}}
=={{etimologia|pt}}==
: {{escopo|Morfologia}} [[tabaco]] + [[ear]].
[[Categoria:Verbo (Português)]]</text>
<sha1>l9rkr723v1m35r1sq2ywucgl7zif97z</sha1>
</revision>
