<page>
<page>
<title>tabatingana</title>
<ns>0</ns>
<id>394953</id>
<revision>
<id>2496485</id>
<parentid>2496484</parentid>
<timestamp>2018-04-15T02:06:40Z</timestamp>
<contributor>
<username>MIL973</username>
<id>41339</id>
</contributor>
<model>wikitext</model>
<format>text/x-wiki</format>
<text bytes="341" xml:space="preserve">={{-pt-}}=
==Forma de adjetivo==
{{paroxítona|ta|ba|tin|ga|na}}, {{gramática|f}}
# feminino de [[tabatingano]]
==Forma de substantivo==
{{paroxítona|ta|ba|tin|ga|na}}, {{gramática|f}}
# feminino de [[tabatingano]]
{{avi-for-fle|tabatingano}}
[[Categoria:Forma de adjetivo (Português)]]
[[Categoria:Forma de substantivo (Português)]]</text>
<sha1>jr4bxrg1aod2rw9fqk3ageb3mpyxs3f</sha1>
</revision>
