<page>
<page>
<title>tabefe</title>
<ns>0</ns>
<id>151399</id>
<revision>
<id>2137879</id>
<parentid>1209827</parentid>
<timestamp>2016-06-10T21:27:24Z</timestamp>
<contributor>
<username>UT-interwiki-Bot</username>
<id>56129</id>
</contributor>
<minor />
<comment>Robô: A adicionar: [[en:tabefe]], [[mg:tabefe]]</comment>
<model>wikitext</model>
<format>text/x-wiki</format>
<text bytes="345" xml:space="preserve">={{-pt-}}=
==Substantivo==
{{flex.pt|ms=tabefe|mp=tabefes}}
{{paroxítona|ta|be|fe}}
# [[cascudo]], [[tapa]], [[murro]]
===Sinônimo===
* [[sopapo]]
==Ver também==
===No Wikcionário===
{{verTambém.Ini}}
* [[bater]]
{{verTambém.NovaColuna}}
* [[socar]]
{{verTambém.Fim}}
[[Categoria:Substantivo (Português)]]
[[en:tabefe]]
[[mg:tabefe]]</text>
<sha1>8hz92s94xflj3j2oixgr4w5av15gi7n</sha1>
</revision>
