<page>
<page>
<title>tabela</title>
<ns>0</ns>
<id>36961</id>
<revision>
<id>2576889</id>
<parentid>2554529</parentid>
<timestamp>2020-02-12T21:21:45Z</timestamp>
<contributor>
<username>ValJor</username>
<id>1358</id>
</contributor>
<comment>Retirando vebete da categoria Desporto, colocando-o em Desporto (Português)</comment>
<model>wikitext</model>
<format>text/x-wiki</format>
<text bytes="2103" xml:space="preserve">{{Wikipédia}}
{{Wikipédia|lang=pl}}
={{-pt-}}=
==Substantivo==
{{flex.pt|fs=tabela|fp=tabelas}}
{{paroxítona|ta|be|la}}, {{g|f}}
# [[conjunto]] de [[dado]]s dispostos, na forma de linhas e colunas, dentro de células
# {{escopo|pt|Futebol}} [[jogada]] na qual dois jogadores trocam passes rápidos
# {{escopo|pt|Desporto}} [[suporte]] da [[cesta]]
#* ''Para acertar na cesta, devemos mirar a bola na '''tabela'''.''
===Expressões===
* '''[[cair pelas tabelas]]''': estar mal
* '''[[tabela de Ogino-Knaus]]''': (também conhecido como '''tabelinha''') método contraceptivo
* '''[[tabela periódica]]''': tabela dos elementos químicos
* '''[[tabela Price]]''': método de cálculo de prestações de financiamentos
* '''[[tabela veritativa]]: 
===Tradução===
{{tradini|De 1 (conjunto de dados)}}
* {{trad|de|Tabelle}}
* {{trad|zh|桌}}
* {{trad|es|tabla}}
* {{trad|eo|tabelo}}
* {{trad|fi|taulukko}}
* {{trad|fr|table|tableau}}
* {{trad|he|טבלה}}
{{tradmeio}}
* {{trad|nl|tabel}}
* {{trad|en|table}}
* {{trad|it|tabella}}
* {{trad|ja|テーブル}}
* {{trad|pl|tabela}}
* {{trad|sv|tabell}}
{{tradfim}}
=={{etimologia|pt}}==
{{llietimo|la|tabella|pt}}
==Ligações externas==
* {{Aulete}}
* {{Michaelis}}
* {{DicioAberto}}
* {{DPLP}}
* {{Infopédia}}
* {{PLP}}
* {{VOLPABL}}
[[Categoria:Substantivo (Português)]]
={{-gl-}}=
==Substantivo&lt;sup&gt;1&lt;/sup&gt;==
{{flex.gl|fs=tabela|fp=tabelas}}
{{paroxítona|ta|be|la|lang=gl}}, {{g|f|lang=gl}}
# [[tabela#{{pt}}|tabela]], índice, rol
# instrumento para medir a [[telha]]
==={{etimologia|gl}}===
{{llietimo|la|tabella|pt}}
==Substantivo&lt;sup&gt;2&lt;/sup&gt;==
{{flex.gl|fs=tabela|fp=tabelas}}
{{paroxítona|ta|be|la|lang=gl}}, {{g|f|lang=gl}}
# {{escopo|gl|Inseto}} pequeno [[tabão#{{pt}}|tabão]]
==={{-varort-}}===
* [[tabaela#{{gl}}|tabaela]]
==={{etimologia|gl}}===
: {{escopo|Morfologia}} De ''[[tabão#{{gl}}|tabão]]'' + ''[[-elo#{{gl}}|-ela]]''. Confronte-se com ''[[tabelo#{{gl}}|tabelo]]''.
[[Categoria:Substantivo (Galego)]]
={{-pl-}}=
==Substantivo==
'''tabela'''
# [[tabela#Português|tabela]]
[[Categoria:Substantivo (Polonês)]]</text>
<sha1>9z7zrbqkl8szpnz2u7b1byjvi7ttpn8</sha1>
</revision>
