<page>
<page>
<title>tabelar</title>
<ns>0</ns>
<id>316686</id>
<revision>
<id>2610191</id>
<parentid>1797403</parentid>
<timestamp>2021-01-30T20:12:55Z</timestamp>
<contributor>
<username>Marxav</username>
<id>73271</id>
</contributor>
<minor />
<comment>AFI Portugal</comment>
<model>wikitext</model>
<format>text/x-wiki</format>
<text bytes="385" xml:space="preserve">={{-pt-}}=
==Adjetivo==
{{flex.pt|s=tabelar|p=tabelares}}
{{oxítona|ta|be|lar}}
# relativo a [[tabela]]
# que tem forma de tabela
==Verbo==
{{oxítona|ta|be|lar}}
# colocar em [[tabela]]
===Conjugação===
{{conj/pt|tabel|ar}}
=={{pronúncia|pt}}==
===Portugal===
* AFI: {{AFI|/tɐ.bɨ.ˈlaɾ/}}
[[Categoria:Adjetivo (Português)]]
[[Categoria:Verbo (Português)]]
[[ro:tabelar]]</text>
<sha1>ajvzhkvsvvc9b5ums73gm9pfvj183zx</sha1>
</revision>
