<page>
<title>tabelioa</title>
<ns>0</ns>
<id>352850</id>
<revision>
<id>2071281</id>
<parentid>2071267</parentid>
<timestamp>2016-03-15T03:07:41Z</timestamp>
<contributor>
<username>Jéssica S. Ciqueira</username>
<id>53180</id>
</contributor>
<model>wikitext</model>
<format>text/x-wiki</format>
<text bytes="257" xml:space="preserve">={{-pt-}}=
==Forma de substantivo==
{{flex.pt|fs=tabelioa|fp=tabelioas}}
{{paroxítona|ta|be|li|o|a}}, {{f}}
# feminino de [[tabelião]]
===Sinônimos===
* De '''1''': [[tabeliã]]
{{avi-for-fle|tabelião}}
[[Categoria:Forma de substantivo (Português)]]</text>
<sha1>e2qrdbx3up7t6663ow916uyawnyn02o</sha1>
</revision>
</page>
