<page>
<page>
<title>tabeliã</title>
<ns>0</ns>
<id>352851</id>
<revision>
<id>2071280</id>
<parentid>2071268</parentid>
<timestamp>2016-03-15T03:07:20Z</timestamp>
<contributor>
<username>Jéssica S. Ciqueira</username>
<id>53180</id>
</contributor>
<model>wikitext</model>
<format>text/x-wiki</format>
<text bytes="253" xml:space="preserve">={{-pt-}}=
==Forma de substantivo==
{{flex.pt|fs=tabeliã|fp=tabeliãs}}
{{oxítona|ta|be|li|ã}}, {{f}}
# feminino de [[tabelião]]
===Sinônimos===
* De '''1''': [[tabelioa]]
{{avi-for-fle|tabelião}}
[[Categoria:Forma de substantivo (Português)]]</text>
<sha1>phhzubq1z99dlfty1ovy7bzwldlxpqi</sha1>
</revision>
