<page>
<title>tabernáculo</title>
<ns>0</ns>
<id>84656</id>
<revision>
<id>2101518</id>
<parentid>1996704</parentid>
<timestamp>2016-05-21T19:47:05Z</timestamp>
<contributor>
<username>ValJor</username>
<id>1358</id>
</contributor>
<comment>Verbete [[:Categoria:!Página com idioma não informado em Predefinição:etimologia|sem indicação do idioma na seção de etimologia]]</comment>
<model>wikitext</model>
<format>text/x-wiki</format>
<text bytes="1658" xml:space="preserve">{{Wikipédia}}
={{-pt-}}=
==Substantivo==
{{flex.pt|ms=tabernáculo|mp=tabernáculos}}
{{proparoxítona|ta|ber|ná|cu|lo}}, {{m}}
# [[pequeno]] [[armário]] perto do [[altar]] onde se guarda a [[hóstia]] e o [[cálice]] [[sagrado]]
# [[tenda]] onde os [[hebreu]]s mantinham a Arca da Aliança antes da [[construção]] do [[templo]] de [[Jerusalém]]
===Tradução===
{{tradini}}
* {{trad|de|tabernakel}}
* {{trad|ar|بيت القربان}}
* {{trad|br|santual}}
* {{trad|cs|tabernákulum}}
* {{trad|es|tabernáculo}}
* {{trad|eo|tabernaklo}}
* {{trad|fi|ilmestysmaja}}
* {{trad|fr|tabernacle}}
* {{trad|cy|cysegr}}
* {{trad|he|המשכן}}
* {{trad|nl|tabernakel}}
* {{trad|io|tabernaklo}}
{{tradmeio}}
* {{trad|en|tabernacle}}
* {{trad|it|tabernacolo}}
* {{trad|ja|幕屋}} (まくや, makuya)
* {{trad|la|tabernaculum}}
* {{trad|li|tabernakel}}
* {{trad|lb|tabernakel}}
* {{trad|no|tabernakel}}
* {{trad|pl|sanktuarium|świątynia}}
* {{trad|ru|дарохранительница}}
* {{trad|sv|tabernakel}}
* {{trad|vec|capitelo}}
{{tradfim}}
=={{etimologia|pt}}==
: Do latim ''tabernacŭlum''.
==Ver também==
===No Wikcionário===
* para outros verbetes relativos a religião, veja o verbete [[religião]]
[[Categoria:Substantivo (Português)]]
[[Categoria:Religião (Português)]]
={{-es-}}=
==Substantivo==
'''tabernáculo'''
# [[tabernáculo#Português|tabernáculo]]
[[Categoria:Substantivo (Espanhol)]]
[[Categoria:Religião (Espanhol)]]
[[ca:tabernáculo]]
[[chr:tabernáculo]]
[[en:tabernáculo]]
[[eo:tabernáculo]]
[[es:tabernáculo]]
[[io:tabernáculo]]
[[ko:tabernáculo]]
[[nl:tabernáculo]]
[[no:tabernáculo]]
[[zh:tabernáculo]]</text>
<sha1>739hn1zy7swrdh7fmnspjvs1hbs27rq</sha1>
</revision>
</page>
