<page>
<title>tabelámos</title>
<ns>0</ns>
<id>309081</id>
<revision>
<id>2254900</id>
<parentid>1645475</parentid>
<timestamp>2017-03-22T17:18:49Z</timestamp>
<contributor>
<username>ValJor</username>
<id>1358</id>
</contributor>
<comment>Trocando predefinição escopo por escopo2</comment>
<model>wikitext</model>
<format>text/x-wiki</format>
<text bytes="268" xml:space="preserve">={{-pt-}}=
==Forma verbal==
{{paroxítona|ta|be|lá|mos}}
# {{escopo2|grafia lusitana}} primeira pessoa do plural do pretérito perfeito do modo indicativo do verbo [[tabelar]]
{{avi-for-fle|tabelar}}
[[Categoria:Forma verbal (Português)]]
[[Categoria:Lusitanismo]]</text>
<sha1>9pv9xdc5mmgoejdxsr8x1dufj3ph1kv</sha1>
</revision>
</page>
