<page>
<title>tabeliámos</title>
<ns>0</ns>
<id>309082</id>
<revision>
<id>2254905</id>
<parentid>1645476</parentid>
<timestamp>2017-03-22T17:26:20Z</timestamp>
<contributor>
<username>ValJor</username>
<id>1358</id>
</contributor>
<comment>Trocando predefinição escopo por escopo2</comment>
<model>wikitext</model>
<format>text/x-wiki</format>
<text bytes="272" xml:space="preserve">={{-pt-}}=
==Forma verbal==
{{paroxítona|ta|be|li|á|mos}}
# {{escopo2|grafia lusitana}} primeira pessoa do plural do pretérito perfeito do modo indicativo do verbo [[tabeliar]]
{{avi-for-fle|tabeliar}}
[[Categoria:Forma verbal (Português)]]
[[Categoria:Lusitanismo]]</text>
<sha1>064ttttj15s4oc4txdor7p1v549yam2</sha1>
</revision>
</page>
