<page>
<page>
<title>taberna</title>
<ns>0</ns>
<id>17388</id>
<revision>
<id>2561512</id>
<parentid>2183508</parentid>
<timestamp>2019-11-15T13:19:59Z</timestamp>
<contributor>
<username>Frank C. Müller</username>
<id>19551</id>
</contributor>
<comment>/* Tradução */ + trad de.</comment>
<model>wikitext</model>
<format>text/x-wiki</format>
<text bytes="1477" xml:space="preserve">{{Wikipédia}}
={{-pt-}}=
== Substantivo ==
{{flex.pt|fs=taberna|fp=tabernas}}
{{paroxítona|ta|ber|na}}, {{gênero|f}}
# [[loja]] onde se vende [[vinho]] a retalho
# [[casa]] de [[comida]]s e [[bebida]]s
===Tradução===
{{tradini}}
*{{t|de|Kneipe|f}}, {{xlatio|de|Lokal|''n.''}}, {{xlatio|de|Taverne|''f.''}}
*{{trad|en|tavern}}
{{tradmeio}}
*{{t|fr|taverne|f}}
{{tradfim}}
=== Sinónimos ===
* [[taverna]]
=={{etimologia|pt}}==
:Do latim ''taberna'' (barraca).
={{-la-}}=
==Substantivo==
'''taberna''', {{gênero|f}}
#[[taberna#Português|taberna]]
#vocativo singular de [[taberna#Latim|taberna]]
'''tabernā''' {{gênero|f}}
#ablativo singular de [[taberna#Latim|taberna]]
===Declinação===
{{decl.la.subst.1d|tabern}}
===Verbetes derivados===
* [[tabernacularius#Latim|tabernāculārius]]
* [[tabernaculum#Latim|tabernāculum]]
* [[tabernarius#Latim|tabernārius]]
* [[tabernula#Latim|tabernula]]
[[Categoria:Substantivo (Português)]]
[[Categoria:Trissílabo (Português)]]
[[Categoria:Paroxítona (Português)]]
[[Categoria:Entrada de étimo latino (Português)]]
[[Categoria:Substantivo (Latim)]]
[[Categoria:Forma de substantivo (Latim)]]
[[chr:taberna]]
[[de:taberna]]
[[el:taberna]]
[[en:taberna]]
[[eo:taberna]]
[[es:taberna]]
[[fi:taberna]]
[[fj:taberna]]
[[fr:taberna]]
[[fy:taberna]]
[[hu:taberna]]
[[io:taberna]]
[[ko:taberna]]
[[mg:taberna]]
[[nl:taberna]]
[[pl:taberna]]
[[ru:taberna]]
[[sh:taberna]]
[[sk:taberna]]
[[sv:taberna]]
[[zh:taberna]]</text>
<sha1>ph8yldwv6fji6uvze7yodwch1u621b0</sha1>
</revision>
