<page>
<page>
<title>tabelen</title>
<ns>0</ns>
<id>62482</id>
<revision>
<id>1307020</id>
<parentid>889729</parentid>
<timestamp>2011-11-28T23:55:39Z</timestamp>
<contributor>
<username>MalafayaBot</username>
<id>628</id>
</contributor>
<minor />
<comment>Robô: Substituição de texto automática (-^\=(\s*?)Tétum(\s*?)\= +={{-tet-}}= &amp; -^\=(\s*?)\{\{tet\}\}(\s*?)\= +={{-tet-}}=)</comment>
<model>wikitext</model>
<format>text/x-wiki</format>
<text bytes="78" xml:space="preserve">={{-tet-}}=
==Verbo==
'''tabelen'''
# [[pender]]
[[Categoria:Verbo (Tétum)]]</text>
<sha1>1l1g8dgbd4e5zxfsr7mqdry1v7x7bky</sha1>
</revision>
