<page>
<page>
<title>tabicar</title>
<ns>0</ns>
<id>316669</id>
<revision>
<id>1704082</id>
<parentid>1703864</parentid>
<timestamp>2013-07-25T11:48:57Z</timestamp>
<contributor>
<username>MalafayaBot</username>
<id>628</id>
</contributor>
<minor />
<comment>r2.7.5) (Robô: A adicionar: [[es:tabicar]], [[zh:tabicar]]</comment>
<model>wikitext</model>
<format>text/x-wiki</format>
<text bytes="283" xml:space="preserve">={{-pt-}}=
==Verbo==
{{oxítona|ta|bi|car}}, ''v. t.''
# [[pôr]] [[tabica]]s em
===Conjugação===
{{conj/pt|tabi|car}}
=={{etimologia|pt}}==
: {{escopo|Morfologia}} [[tabica]] + [[-ar]].
==Anagrama==
# [[cabrita]]
[[Categoria:Verbo (Português)]]
[[es:tabicar]]
[[zh:tabicar]]</text>
<sha1>s5sc76k6ox0kcj9rqsxsuud1txx4l85</sha1>
</revision>
