<page>
<title>tabique</title>
<ns>0</ns>
<id>341931</id>
<revision>
<id>2612791</id>
<parentid>2581950</parentid>
<timestamp>2021-01-31T13:00:00Z</timestamp>
<contributor>
<username>Marxav</username>
<id>73271</id>
</contributor>
<minor />
<comment>AFI Portugal</comment>
<model>wikitext</model>
<format>text/x-wiki</format>
<text bytes="922" xml:space="preserve">={{-pt-}}=
==Substantivo==
{{flex.pt|ms=tabique|mp=tabiques}}
{{paroxítona|ta|bi|que}}, {{gramática|m}}
# parede divisória de madeira ou qualquer outro material que não tijolos
# {{escopo|pt|Anatomia}} membrana que divide uma cavidade
===Sinônimos===
{{verTambém.Ini}}
* [[biombo]]
* [[divisão]]
* [[divisória]]
{{verTambém.NovaColuna}}
* [[estuque]]
* [[taipa]]
* [[tapume]]
{{verTambém.Fim}}
==Forma verbal==
{{paroxítona|ta|bi|que}}
# primeira ou terceira pessoa do singular do presente do subjuntivo do verbo [[tabicar]]
# terceira pessoa do singular do imperativo afirmativo ou negativo do verbo [[tabicar]]
{{avi-for-fle|tabicar}}
=={{pronúncia|pt}}==
===Portugal===
* AFI: {{AFI|/tɐ.ˈbi.kɨ/}}
==Ligações externas==
* {{Aulete}}
* {{Michaelis}}
* {{DicioAberto}}
* {{DPLP}}
* {{Infopédia}}
* {{PLP}}
* {{VOLPABL}}
[[Categoria:Substantivo (Português)]]
[[Categoria:Forma verbal (Português)]]</text>
<sha1>l2fqgmtb0hxibgyyoxbutg1fbvyjs5m</sha1>
</revision>
</page>
