<page>
<page>
<title>tabicámos</title>
<ns>0</ns>
<id>309083</id>
<revision>
<id>2254888</id>
<parentid>1645477</parentid>
<timestamp>2017-03-22T15:52:21Z</timestamp>
<contributor>
<username>ValJor</username>
<id>1358</id>
</contributor>
<comment>Trocando predefinição escopo por escopo2</comment>
<model>wikitext</model>
<format>text/x-wiki</format>
<text bytes="268" xml:space="preserve">={{-pt-}}=
==Forma verbal==
{{paroxítona|ta|bi|cá|mos}}
# {{escopo2|grafia lusitana}} primeira pessoa do plural do pretérito perfeito do modo indicativo do verbo [[tabicar]]
{{avi-for-fle|tabicar}}
[[Categoria:Forma verbal (Português)]]
[[Categoria:Lusitanismo]]</text>
<sha1>oe9x9w92btk4vi4r8gyrv1lpl3rc8qb</sha1>
</revision>
