<page>
<page>
<title>tabizámos</title>
<ns>0</ns>
<id>309084</id>
<revision>
<id>2254883</id>
<parentid>1645478</parentid>
<timestamp>2017-03-22T15:35:49Z</timestamp>
<contributor>
<username>ValJor</username>
<id>1358</id>
</contributor>
<comment>Trocando predefinição escopo por escopo2</comment>
<model>wikitext</model>
<format>text/x-wiki</format>
<text bytes="268" xml:space="preserve">={{-pt-}}=
==Forma verbal==
{{paroxítona|ta|bi|zá|mos}}
# {{escopo2|grafia lusitana}} primeira pessoa do plural do pretérito perfeito do modo indicativo do verbo [[tabizar]]
{{avi-for-fle|tabizar}}
[[Categoria:Forma verbal (Português)]]
[[Categoria:Lusitanismo]]</text>
<sha1>d8ta0s4mkujyggnmbcalvkdfoqxdwo7</sha1>
</revision>
