<page>
<title>tablóide</title>
<ns>0</ns>
<id>88088</id>
<revision>
<id>2256123</id>
<parentid>1944053</parentid>
<timestamp>2017-03-25T06:53:42Z</timestamp>
<contributor>
<username>OctraBot</username>
<id>56948</id>
</contributor>
<minor />
<comment>Robô: A adicionar: [[en:tablóide]]</comment>
<model>wikitext</model>
<format>text/x-wiki</format>
<text bytes="525" xml:space="preserve">{{Anterior ao Acordo de 1990|tabloide}}
={{-pt-}}=
==Adjetivo==
{{flex.pt|s=tablóide|p=tablóides}}
{{paroxítona|ta|bló|ide}}, {{c2g}}
# vide [[tabloide]]
==Substantivo==
{{flex.pt|ms=tablóide|mp=tablóides}}
{{paroxítona|ta|bló|ide}}, {{m}}
# vide [[tabloide]]
=={{etimologia|pt}}==
: Do inglês {{etimo|en|tabloid}}.
[[Categoria:Adjetivo (Português)]]
[[Categoria:Substantivo (Português)]]
[[Categoria:Entrada de étimo inglês (Português)]]
[[en:tablóide]]
[[eo:tablóide]]
[[fi:tablóide]]
[[zh:tablóide]]</text>
<sha1>cw51mmpks1xto97u8hnsczcwprnx6lb</sha1>
</revision>
</page>
