<page>
<title>table</title>
<ns>0</ns>
<id>10439</id>
<revision>
<id>2581941</id>
<parentid>2247605</parentid>
<timestamp>2020-03-14T12:32:49Z</timestamp>
<contributor>
<username>ValJor</username>
<id>1358</id>
</contributor>
<comment>Acrescentando código de língua à [[:Categoria:!Página com mensagem de erro em predefinição|predefinição escopo]]</comment>
<model>wikitext</model>
<format>text/x-wiki</format>
<text bytes="4855" xml:space="preserve">={{-fr-}}=
==Substantivo==
'''table''', {{gramática|f}}
# [[mesa]]
# [[tabela]], [[índice]]
===Expressões===
{{verTambém.Ini}}
* {{link opcional|jouer cartes sur table|fr}}
* {{link opcional|table à langer|fr}}
* {{link opcional|table d'orientation|fr}}
{{verTambém.NovaColuna}}
* {{link opcional|table d’hôte|fr}}
* {{link opcional|table des matières|fr}}
* {{link opcional|tennis de table|fr}}
{{verTambém.Fim}}
=={{etimologia|fr}}==
{{llietimo|la|tabula|fr}}
==Ver também==
===No Wikcionário===
{{verTambém.Ini}}
* [[attabler]]
* [[autel]]
* [[banque]]
* [[comptoir]]
{{verTambém.NovaColuna}}
* [[dessous-de-table]]
* [[plateau]]
* [[tableau]]
* [[tablette]]
{{verTambém.NovaColuna}}
* [[tablier]]
* [[tabulation]]
* [[tabuler]]
{{verTambém.Fim}}
==Anagramas==
&lt;!-- índice para anagramas: fr: abelt --&gt;
# [[balte]]
# [[bêlât]]
# [[blate]]
# [[blaté]]
# [[tablé]]
# [[taleb]]
[[Categoria:Substantivo (Francês)]]
={{-en-}}=
==Substantivo==
{{flex.en|s=table|p=tables}}
'''table'''
# [[mesa]]
# [[tabela]]
# {{escopo|en|Matemática}} [[tabuada]] (de multiplicação, de soma, etc)
# {{escopo|en|Informática}} [[tabela]]
# {{escopo|en|Música}} parte do instrumento musical (especialmente violino) contra a qual as cordas vibram
# {{escopo|en|Jogo}} cada uma das metades de um tabuleiro de [[gamão]]
===Expressões===
{{verTambém.Ini}}
* {{link opcional|bedside table|en}}
* {{link opcional|billiard table|en}}
* {{link opcional|bird table|en}}
* {{link opcional|bring to the table|en}}
* {{link opcional|coffee table books|en}}
* {{link opcional|coffee table|en}}
* {{link opcional|coffee-table book|en}}
* {{link opcional|data table|en}}
* {{link opcional|dining table|en}}
* {{link opcional|dinner table|en}}
* {{link opcional|dressing table|en}}
* {{link opcional|drink under the table|en}}
* {{link opcional|drop-leaf table|en}}
* {{link opcional|end table|en}}
* {{link opcional|file allocation table|en}}
* {{link opcional|function table|en}}
* {{link opcional|hash table|en}}
* {{link opcional|kitchen table software|en}}
* {{link opcional|kitchen-table software|en}}
{{verTambém.NovaColuna}}
* {{link opcional|kitchentable software|en}}
* {{link opcional|league table|en}}
* {{link opcional|lookup table|en}}
* {{link opcional|look-up table|en}}
* {{link opcional|multiplication table|en}}
* {{link opcional|occasional table|en}}
* {{link opcional|periodic table|en}}
* {{link opcional|picnic table|en}}
* {{link opcional|pier table|en}}
* {{link opcional|pool table|en}}
* {{link opcional|pound the table|en}}
* {{link opcional|rainbow table|en}}
* {{link opcional|round table|en}}
* {{link opcional|shake table|en}}
* {{link opcional|snooker table|en}}
* {{link opcional|table cloth|en}}
* {{link opcional|table dance|en}}
* {{link opcional|table dancer|en}}
* {{link opcional|table decoration|en}}
{{verTambém.NovaColuna}}
* {{link opcional|table football|en}}
* {{link opcional|table lamp|en}}
* {{link opcional|table linen|en}}
* {{link opcional|table manners|en}}
* {{link opcional|table of contents|en}}
* {{link opcional|table saw|en}}
* {{link opcional|table stakes|en}}
* {{link opcional|table tennis|en}}
* {{link opcional|talk somebody under the table|en}}
* {{link opcional|tea table|en}}
* {{link opcional|tide table|en}}
* {{link opcional|time table|en}}
* {{link opcional|toilet table|en}}
* {{link opcional|truth table|en}}
* {{link opcional|turn the tables|en}}
* {{link opcional|under the table|en}}
* {{link opcional|vanity table|en}}
* {{link opcional|wait tables|en}}
* {{link opcional|water table|en}}
{{verTambém.Fim}}
===Sinônimos===
De '''4''' (termo de informática):
{{verTambém.Ini}}
* [[grid]]
{{verTambém.NovaColuna}}
* [[vector]]
{{verTambém.Fim}}
==Verbo==
'''table'''
# colocar na [[mesa]]
# {{escopo|en|Reino Unido}} {{escopo2|Canadá}} propor algo para discussão
# adiar para uma data ulterior
=={{etimologia|en}}==
{{llietimo|la|tabula|en|ponto=não}} e este do {{etm|fr|en}} {{etimo|fr|table}}.
==Ver também==
===No Wikcionário===
{{verTambém.Ini}}
* [[cardinality]]
* [[checkers]]
* [[coaster]]
* [[cupboard]]
* [[cursor]]
* [[dumbwaiter]]
* [[foreign key]]
* [[furniture]]
* [[index]]
{{verTambém.NovaColuna}}
* [[key]]
* [[matrix decomposition]]
* [[matrix]]
* [[nightstand]]
* [[primary key]]
* [[put forward]]
* [[referential integrity]]
* [[relation]]
* [[relational database]]
{{verTambém.NovaColuna}}
* [[row]]
* [[schema]]
* [[subtable]]
* [[tablecloth]]
* [[tableside]]
* [[tablespoon]]
* [[tablespoonful]]
* [[tabletop]]
{{verTambém.NovaColuna}}
* [[tabulate]]
* [[time-table]]
* [[tray-table]]
* [[vector]]
* [[view]]
* [[washstand]]
* [[workbench]]
* [[worktable]]
{{verTambém.Fim}}
==Anagramas==
&lt;!-- índice para anagramas: en: abelt --&gt;
# [[ablet]]
# [[bleat]]
# [[blate]]
[[Categoria:Substantivo (Inglês)]]
[[Categoria:Verbo (Inglês)]]</text>
<sha1>eikaemamy2oi18ghc0zly9z7h1b8lh7</sha1>
</revision>
</page>
