<page>
<page>
<title>tablet</title>
<ns>0</ns>
<id>327575</id>
<revision>
<id>2682243</id>
<parentid>2678113</parentid>
<timestamp>2022-06-30T12:54:20Z</timestamp>
<contributor>
<username>ValJor</username>
<id>1358</id>
</contributor>
<comment>Melhorando a apresentação do verbete</comment>
<model>wikitext</model>
<format>text/x-wiki</format>
<text bytes="886" xml:space="preserve">{{Wikipédia|lang=pt}}
{{Wikipédia|lang=en}}
={{-pt-}}=
==Substantivo==
'''''tablet''''', {{mbmfp}}
# {{escopo|pt|estrangeirismo|Informática}} ver [[táblete]]
=={{etimologia|pt}}==
{{llietimo|en|tablet|pt}}
==Ligações externas==
* {{DLPO|tablet}}
* {{Infopédia|tablet}}
* {{Michaelis|tablet}}
* {{VOLPABL|tablet}}
[[Categoria:Substantivo (Português)]]
={{-en-}}=
==Substantivo==
'''tablet'''
# [[tablete]]
#* ''A chocolate '''tablet'''.'' &lt;small&gt;(Um tablete de chocolate)&lt;/small&gt;
# {{escopo|en|Informática}} {{PEPB|[[tablete]]|[[táblete]]|inline=1}}
# [[placa]]
# [[pílula]]
# {{escopo|en|Informática}} [[táblete]]
=={{etimologia|en}}==
{{llietimo|fro|tablete|en|ponto=não}}, diminutivo de [[table]] ([[mesa]]).
==Anagramas==
&lt;!-- índice para anagramas: en: abeltt --&gt;
# [[batlet]]
# [[battle]]
[[Categoria:Substantivo (Inglês)]]
[[Categoria:Medicina (Inglês)]]</text>
<sha1>6oy3sbl9chvzy5x3ak8vpwr6t4f4bnm</sha1>
</revision>
