<page>
<title>tableau</title>
<ns>0</ns>
<id>273041</id>
<revision>
<id>2539629</id>
<parentid>2239690</parentid>
<timestamp>2019-03-20T10:32:15Z</timestamp>
<contributor>
<username>ValJor</username>
<id>1358</id>
</contributor>
<comment>Um verbete a menos usando a [[Predefinição:flex.fr.masculino|predefinição flex.fr.masculino]]</comment>
<model>wikitext</model>
<format>text/x-wiki</format>
<text bytes="180" xml:space="preserve">{{Wikipédia|lang=fr}}
={{-fr-}}=
==Substantivo==
{{flex.fr|ms=tableau|mp=tableaux}}
'''tableau''', {{gramática|m}}
# [[painel]], [[quadro]]
[[Categoria:Substantivo (Francês)]]</text>
<sha1>pfhmur1tfdz8pggp8btqzz7z9ne39tt</sha1>
</revision>
</page>
