<page>
<page>
<title>tablature</title>
<ns>0</ns>
<id>61269</id>
<revision>
<id>2653135</id>
<parentid>2101511</parentid>
<timestamp>2021-11-23T16:25:49Z</timestamp>
<contributor>
<username>ValJor</username>
<id>1358</id>
</contributor>
<comment>Substituindo a [[Especial:Páginas_afluentes/Predefinição:escopoCatLang|predefinição escopoCatLang]] por escopo</comment>
<model>wikitext</model>
<format>text/x-wiki</format>
<text bytes="490" xml:space="preserve">{{Wikipédia|lang=en}}
[[Imagem:Guitar tab notation bend.svg|thumb|right|250px|{{centro|Tablatura}}]]
={{-en-}}=
==Substantivo==
{{flex.en|s=tablature|p=tablatures}}
'''tablature'''
# {{escopo|en|Música}} [[tablatura]]
# [[tabuleta]] (impressa ou a imprimir alguma informação)
=={{etimologia|en}}==
{{llietimo|it|tavolare|en}}
==Ver também==
===No Wikcionário===
* {{verTambém.Confrontar|entablature}}
[[Categoria:Substantivo (Inglês)]]
[[Categoria:Entrada com imagem (Inglês)]]</text>
<sha1>bl4r5n68yjxiq8poa0qcjx8u1uqj337</sha1>
</revision>
