<page>
<page>
<title>tabloid</title>
<ns>0</ns>
<id>341282</id>
<revision>
<id>2247607</id>
<parentid>2025038</parentid>
<timestamp>2017-03-03T08:36:01Z</timestamp>
<contributor>
<username>UT-interwiki-Bot</username>
<id>56129</id>
</contributor>
<minor />
<comment>Robô: A adicionar: [[ky:tabloid]]</comment>
<model>wikitext</model>
<format>text/x-wiki</format>
<text bytes="578" xml:space="preserve">={{-en-}}=
==Adjetivo==
'''tabloid'''
# [[tabloide]]
==Substantivo==
{{flex.en|s=tabloid|p=tabloids}}
'''tabloid'''
# [[tabloide]]
[[Categoria:Substantivo (Inglês)]]
[[ca:tabloid]]
[[cs:tabloid]]
[[de:tabloid]]
[[en:tabloid]]
[[es:tabloid]]
[[et:tabloid]]
[[fi:tabloid]]
[[fr:tabloid]]
[[hu:tabloid]]
[[hy:tabloid]]
[[id:tabloid]]
[[io:tabloid]]
[[kn:tabloid]]
[[ko:tabloid]]
[[ky:tabloid]]
[[ml:tabloid]]
[[my:tabloid]]
[[pl:tabloid]]
[[ro:tabloid]]
[[ru:tabloid]]
[[sh:tabloid]]
[[simple:tabloid]]
[[sr:tabloid]]
[[ta:tabloid]]
[[th:tabloid]]
[[vi:tabloid]]
[[zh:tabloid]]</text>
<sha1>qt630rzc9df4w08wv19z4be7w1c49cm</sha1>
</revision>
