<page>
<title>tableaux</title>
<ns>0</ns>
<id>273042</id>
<revision>
<id>2539737</id>
<parentid>1965830</parentid>
<timestamp>2019-03-21T10:36:08Z</timestamp>
<contributor>
<username>ValJor</username>
<id>1358</id>
</contributor>
<comment>Um verbete a menos usando a [[Predefinição:flex.fr.masculino|predefinição flex.fr.masculino]]</comment>
<model>wikitext</model>
<format>text/x-wiki</format>
<text bytes="199" xml:space="preserve">={{-fr-}}=
==Forma de substantivo==
{{flex.fr|ms=tableau|mp=tableaux}}
'''tableaux''', {{gramática|m}}
# plural de [[tableau]]
{{avi-for-fle|tableau}}
[[Categoria:Forma de substantivo (Francês)]]</text>
<sha1>94bq669rgqlqe1eoxjxbhqhq6w274a0</sha1>
</revision>
</page>
