<page>
<title>tablete</title>
<ns>0</ns>
<id>232825</id>
<revision>
<id>2137608</id>
<parentid>1970033</parentid>
<timestamp>2016-06-10T19:53:28Z</timestamp>
<contributor>
<username>Defender</username>
<id>15952</id>
</contributor>
<comment>Acrescentando idioma faltante na etimologia de um verbete da lista de [[:Categoria:Entrada de étimo francês|verbetes originários do francês]]</comment>
<model>wikitext</model>
<format>text/x-wiki</format>
<text bytes="594" xml:space="preserve">={{-pt-}}=
==Substantivo==
{{flex.pt|s=tablete|p=tabletes}}
{{paroxítona|ta|ble|te}}, {{gramática|c2g}}
# [[medicamento]], [[alimento]] ou [[produto]] [[sólido]] sob a forma de [[barra]] [[retangular]]
#* ''Durante a 1ª Guerra Mundial, '''tabletes''' de chocolate enriquecidos com outras substâncias nutritivas, fabricados pela marca americana Hershey, circulavam entre os soldados.'' {{OESP|2007|abril|1}}
=={{etimologia|pt}}==
{{llietimo|fr|tablette|pt}}
[[Categoria: Substantivo (Português)]]
[[en:tablete]]
[[et:tablete]]
[[ko:tablete]]
[[ru:tablete]]
[[sv:tablete]]
[[zh:tablete]]</text>
<sha1>2cf8u3wwhojzps1df6jvp6h672vimq4</sha1>
</revision>
</page>
