<page>
<page>
<title>tablatura</title>
<ns>0</ns>
<id>61280</id>
<revision>
<id>2653157</id>
<parentid>2137878</parentid>
<timestamp>2021-11-24T08:20:58Z</timestamp>
<contributor>
<username>ValJor</username>
<id>1358</id>
</contributor>
<comment>Substituindo a [[Especial:Páginas_afluentes/Predefinição:escopoCatLang|predefinição escopoCatLang]] por escopo</comment>
<model>wikitext</model>
<format>text/x-wiki</format>
<text bytes="1698" xml:space="preserve">{{Wikipédia|lang=pt}}
{{Wikipédia|lang=eu}}
{{Wikipédia|lang=es}}
[[Imagem:Guitar tab notation bend.svg|thumb|right|250px|{{centro|Tablatura}}]]
={{-pt-}}=
==Substantivo==
{{flex.pt|fs=tablatura|fp=tablaturas}}
{{paroxítona|ta|bla|tu|ra}}, {{gramática|f}}
# {{escopo|pt|Música}} espécie de [[notação]] [[musical]] com [[indicação|indicações]] de [[posição|posições]] dos [[dedo]]s ao [[tocar]] ao invés da [[altura]] das [[nota]]s, muito utilizada principalmente para [[piano]]s, [[contrabaixo]]s, [[flauta]]s, [[violão|violões]] e [[guitarra]]s
===Sinônimos===
* [[tavolatura]]
* [[tab]]
===Tradução===
{{tradini}}
* {{t|de|Tabulatur|f}}
* {{trad|eu|tablatura}}
* {{trad|cs|tabulatura}}
* {{t|da|tabulatur|n}}
* {{t|es|tablatura|f}}
* {{trad|eo|tablaturo}}
* {{trad|fi|tabulatuuri}}
* {{t|fr|tablature|f}}
* {{trad|he|טאבלטורה}}
* {{trad|nl|tabulatuur}}
{{tradmeio}}
* {{trad|hu|tabulatúra}}
* {{trad|en|tablature|tabulature}}
* {{trad|it|intavolatura}}
* {{trad|ja|タブラチュア}}
* {{trad|lt|tablatūra}}
* {{t|no|tabulatur|m}}
* {{trad|pl|tabulatura}}
* {{trad|ru|табулатура}}
* {{trad|sv|tabulatur|tabulator}}
{{tradfim}}
=={{etimologia|pt}}==
{{llietimo|fr|tablature|pt}}
[[Categoria:Substantivo (Português)]]
[[Categoria:Entrada com imagem (Português)]]
={{-eu-}}=
==Substantivo==
'''tablatura'''
# {{escopo|eu|Música}} [[tablatura#Português|tablatura]]
[[Categoria:Substantivo (Basco)]]
[[Categoria:Entrada com imagem (Basco)]]
={{-es-}}=
==Substantivo==
'''tablatura''', {{gramática|f}}
# {{escopo|es|Música}} [[tablatura#Português|tablatura]]
[[Categoria:Substantivo (Espanhol)]]
[[Categoria:Entrada com imagem (Espanhol)]]</text>
<sha1>qyb70kvbn6hbmv0141j9xkb55dzhhh1</sha1>
</revision>
