<page>
<title>tablatures</title>
<ns>0</ns>
<id>72601</id>
<revision>
<id>1965831</id>
<parentid>1517089</parentid>
<timestamp>2015-07-17T23:57:46Z</timestamp>
<contributor>
<username>HydrizBot</username>
<id>29590</id>
</contributor>
<minor />
<comment>Robô: A adicionar: [[fi:tablatures]]</comment>
<model>wikitext</model>
<format>text/x-wiki</format>
<text bytes="263" xml:space="preserve">={{-en-}}=
== Forma de substantivo ==
'''tablatures'''
# [[plural]] de '''[[tablature#{{en}}|tablature]]'''.
[[Categoria:Forma de substantivo (Inglês)]]
[[ar:tablatures]]
[[en:tablatures]]
[[fi:tablatures]]
[[fr:tablatures]]
[[ku:tablatures]]
[[my:tablatures]]</text>
<sha1>feaxvnq9tszbgn7laugpiw85gvrzr7s</sha1>
</revision>
</page>
