<page>
<title>taboa</title>
<ns>0</ns>
<id>413750</id>
<revision>
<id>2554517</id>
<timestamp>2019-09-21T10:04:32Z</timestamp>
<contributor>
<username>Cpls</username>
<id>20608</id>
</contributor>
<comment>[[Ajuda:Guia de edição/Menus e ferramentas/Sumário de edição|→]] nova página: {{ver também|táboa}}  ={{-pt-}}= ==Substantivo== {{flex.pt|fs=taboa|fp=taboas}} {{paroxítona|ta|bo|a}}, {{...</comment>
<model>wikitext</model>
<format>text/x-wiki</format>
<text bytes="413" xml:space="preserve">{{ver também|táboa}}
={{-pt-}}=
==Substantivo==
{{flex.pt|fs=taboa|fp=taboas}}
{{paroxítona|ta|bo|a}}, {{g|f}}
# {{escopo|pt|Planta}} planta de águas doces estancadas de inflorescência cilíndrica em penugem do género ''[[species:Typha|Typha]]'' 
==={{-varort-}}===
* [[tabua#{{gl}}|tabua]]
=={{etimologia|pt}}==
{{llietimo|tzm|ⵜⴰⴱⵓⴷⴰ|pt|tabuda|taboa}}
[[Categoria:Substantivo (Português)]]</text>
<sha1>loy1a036gmt8nfwtshn6zvfbnh3lu96</sha1>
</revision>
</page>
