<page>
<title>tabouqueiro</title>
<ns>0</ns>
<id>376444</id>
<revision>
<id>2256460</id>
<timestamp>2017-03-26T12:04:37Z</timestamp>
<contributor>
<username>Cpls</username>
<id>20608</id>
</contributor>
<comment>[[Ajuda:Guia de edição/Menus e ferramentas/Sumário de edição|→]] nova página: ={{-pt-}}= ==Substantivo== {{flex.pt|ms=tabouqueiro|mp=tabouqueiros}} {{paroxítona|ta|bou|quei|ro}}, {{g|m}}...</comment>
<model>wikitext</model>
<format>text/x-wiki</format>
<text bytes="341" xml:space="preserve">={{-pt-}}=
==Substantivo==
{{flex.pt|ms=tabouqueiro|mp=tabouqueiros}}
{{paroxítona|ta|bou|quei|ro}}, {{g|m}}
# {{escopo|pt|Trás-os-Montes}} {{escopo2|Valpaços}} quem faz muito [[barulho]] ou ruído ao andar ou falar
=={{etimologia|pt}}==
: Confronte-se com o galego ''[[tabouca#{{gl}}|tabouca]]''.
[[Categoria:Substantivo (Português)]]</text>
<sha1>j4kh938rqgoksmayv36sbupimwpgpbw</sha1>
</revision>
</page>
