<page>
<page>
<title>taburro</title>
<ns>0</ns>
<id>395820</id>
<revision>
<id>2501588</id>
<timestamp>2018-05-08T21:53:29Z</timestamp>
<contributor>
<username>Cpls</username>
<id>20608</id>
</contributor>
<comment>[[Ajuda:Guia de edição/Menus e ferramentas/Sumário de edição|→]] nova página: ={{-gl-}}= ==Substantivo== {{flex.gl|ms=taburro|mp=taburros}} {{paroxítona|ta|bur|ro|lang=gl}}, {{g|m|lang=g...</comment>
<model>wikitext</model>
<format>text/x-wiki</format>
<text bytes="233" xml:space="preserve">={{-gl-}}=
==Substantivo==
{{flex.gl|ms=taburro|mp=taburros}}
{{paroxítona|ta|bur|ro|lang=gl}}, {{g|m|lang=gl}}
# {{escopo|gl|canteiros}} [[milho]]
==={{-varort-}}===
* [[zaburro#{{gl}}|zaburro]]
[[Categoria:Substantivo (Galego)]]</text>
<sha1>93u9uen7kf7nfmrzvveejs83kuqx0n4</sha1>
</revision>
