<page>
<title>tabua</title>
<ns>0</ns>
<id>413745</id>
<revision>
<id>2554516</id>
<parentid>2554512</parentid>
<timestamp>2019-09-21T10:04:16Z</timestamp>
<contributor>
<username>Cpls</username>
<id>20608</id>
</contributor>
<comment>/* {{-pt-}} */</comment>
<model>wikitext</model>
<format>text/x-wiki</format>
<text bytes="413" xml:space="preserve">{{ver também|tábua}}
={{-pt-}}=
==Substantivo==
{{flex.pt|fs=tabua|fp=tabuas}}
{{paroxítona|ta|bu|a}}, {{g|f}}
# {{escopo|pt|Planta}} planta de águas doces estancadas de inflorescência cilíndrica em penugem do género ''[[species:Typha|Typha]]'' 
==={{-varort-}}===
* [[taboa#{{gl}}|taboa]]
=={{etimologia|pt}}==
{{llietimo|tzm|ⵜⴰⴱⵓⴷⴰ|pt|tabuda|tabua}}
[[Categoria:Substantivo (Português)]]</text>
<sha1>pythi1g73gxai0myoxfurz507xoisdv</sha1>
</revision>
</page>
