<page>
<title>tabuísmos</title>
<ns>0</ns>
<id>338654</id>
<revision>
<id>1912591</id>
<parentid>1912590</parentid>
<timestamp>2015-04-16T18:41:18Z</timestamp>
<contributor>
<username>MIL973</username>
<id>41339</id>
</contributor>
<minor />
<comment>adicionou [[Categoria:Forma de substantivo (Português)]] usando [[Wikcionário:HotCat|HotCat]]</comment>
<model>wikitext</model>
<format>text/x-wiki</format>
<text bytes="174" xml:space="preserve">={{-pt-}}=
==Forma de substantivo==
{{paroxítona|ta|bu|ís|mos}}, {{m}}
# plural de [[tabuísmo]]
{{avi-for-fle|tabuísmo}}
[[Categoria:Forma de substantivo (Português)]]</text>
<sha1>83twmbttkdvuei12oyrsuuuirgtz2xc</sha1>
</revision>
</page>
