<page>
<title>tabuela</title>
<ns>0</ns>
<id>413744</id>
<revision>
<id>2554504</id>
<timestamp>2019-09-21T09:25:32Z</timestamp>
<contributor>
<username>Cpls</username>
<id>20608</id>
</contributor>
<comment>[[Ajuda:Guia de edição/Menus e ferramentas/Sumário de edição|→]] nova página: ={{-gl-}}= ==Substantivo== {{flex.gl|fs=tabuela|fp=tabuelas}} {{paroxítona|ta|bu|e|la|lang=gl}}, {{g|f|lang=...</comment>
<model>wikitext</model>
<format>text/x-wiki</format>
<text bytes="385" xml:space="preserve">={{-gl-}}=
==Substantivo==
{{flex.gl|fs=tabuela|fp=tabuelas}}
{{paroxítona|ta|bu|e|la|lang=gl}}, {{g|f|lang=gl}}
# {{escopo|gl|Ave}} [[abibe#{{pt}}|abibe]] (''[[species:Vanellus vanellus|Vanellus vanellus]]'')
===Sinónimos===
* Vide em [[galo-da-branha#{{gl}}|galo-da-branha]]
=={{etimologia|gl}}==
: Confronte-se com ''[[tabua#{{gl}}|tabua]]''.
[[Categoria:Substantivo (Galego)]]</text>
<sha1>spu2h98955c6xcrg7g2twalowp8zwx2</sha1>
</revision>
</page>
