<page>
<page>
<title>tabuense</title>
<ns>0</ns>
<id>58820</id>
<revision>
<id>1472453</id>
<parentid>1188350</parentid>
<timestamp>2012-09-30T19:47:08Z</timestamp>
<contributor>
<username>ValJor</username>
<id>1358</id>
</contributor>
<comment>Separando adjetivo de substantivo</comment>
<model>wikitext</model>
<format>text/x-wiki</format>
<text bytes="336" xml:space="preserve">={{-pt-}}=
==Adjetivo==
{{flex.pt|s=tabuense|p=tabuenses}}
{{paroxítona|ta|bu|en|se}}
# de ou relativo a [[Tábua]], vila de Coimbra (Portugal)
==Substantivo==
{{paroxítona|ta|bu|en|se}}
# habitante ou natural de Tábua
[[Categoria:Adjetivo (Português)]]
[[Categoria:Substantivo (Português)]]
[[Categoria:Gentílico (Português)]]</text>
<sha1>2pbq4q8y4warish87joaxlj27wrh93b</sha1>
</revision>
