<page>
<title>tabuada</title>
<ns>0</ns>
<id>85471</id>
<revision>
<id>2581847</id>
<parentid>2137876</parentid>
<timestamp>2020-03-13T23:15:05Z</timestamp>
<contributor>
<username>ValJor</username>
<id>1358</id>
</contributor>
<comment>Acrescentando código de língua à [[:Categoria:!Página com mensagem de erro em predefinição|predefinição escopo]]</comment>
<model>wikitext</model>
<format>text/x-wiki</format>
<text bytes="1571" xml:space="preserve">{{Wikipédia|tabuada de multiplicar}}
={{-pt-}}=
==Substantivo==
{{flex.pt|fs=tabuada|fp=tabuadas}}
{{paroxítona|ta|bu|a|da}}, {{gramática|f}}
# índice ou [[tabela]] que segue [[padrão|padrões]]
# {{escopo|pt|Matemática}} tabela com o resultado do produto entre dois números, sendo um termo de um a dez fixo em cada seção da tabela, e outro que multiplica o primeiro de um a dez
#* ''Os alunos do Ensino Fundamental precisam aprender a '''tabuada''', sabendo todos os seus valores, para conseguirem resolver cálculos simples em menos tempo.''
# pancada com uma [[tábua]]
===Tradução===
{{tradini}}
* {{trad|de|Einmaleins}}
* {{trad|zh|乘法表}}
* {{trad|ko|구구법}}
* {{trad|es|tabla de multiplicar}}
* {{trad|fi|kertotaulu}}
* {{trad|fr|table de multiplication}}
* {{trad|hi|पहाड़ा}}
* {{trad|nl|tafels van vermenigvuldiging}}
* {{trad|io|tabulo multipliko}}
{{tradmeio}}
* {{trad|en|multiplication table}}
* {{trad|it|tavola pitagorica|tabellina}}
* {{trad|lt|daugybos lentelė}}
* {{trad|ja|九九}}
* {{trad|mk|tаблица множење}}
* {{trad|pl|tabliczka mnożenia}}
* {{t|ru|tаблица умножения|f|tablítsa umnozhénija}}
* {{trad|th|สูตรคูณ}}
* {{trad|vi|bản cửu chương}}
{{tradfim}}
=={{etimologia|pt}}==
: {{escopo|Morfologia}} [[tábua]] + [[-ada]].
==Ligações externas==
* {{Aulete}}
* {{Michaelis}}
* {{DicioAberto}}
* {{DPLP}}
* {{Infopédia}}
* {{PLP}}
* {{VOLPABL}}
==Anagrama==
&lt;!-- índice para anagramas: pt: aaabdtu --&gt;
# [[bataúda]]
[[Categoria:Substantivo (Português)]]</text>
<sha1>ss7z5w2dyojyet4tslean5e0cly3day</sha1>
</revision>
</page>
