<page>
<title>tabulaturene</title>
<ns>0</ns>
<id>72599</id>
<revision>
<id>1307677</id>
<parentid>286621</parentid>
<timestamp>2011-11-29T00:28:05Z</timestamp>
<contributor>
<username>MalafayaBot</username>
<id>628</id>
</contributor>
<minor />
<comment>Robô: Substituição de texto automática (-^\=(\s*?)Norueguês(\s*?)\= +={{-no-}}= &amp; -^\=(\s*?)\{\{no\}\}(\s*?)\= +={{-no-}}=)</comment>
<model>wikitext</model>
<format>text/x-wiki</format>
<text bytes="172" xml:space="preserve">={{-no-}}=
== Forma de substantivo ==
'''tabulaturene'''
# [[plural]] [[definido]] de '''[[tabulatur#{{no}}|tabulatur]]'''.
[[Categoria:Forma de substantivo (Norueguês)]]</text>
<sha1>byqgtee0c1jxxvjkcv1fxu5dnuj9zvn</sha1>
</revision>
</page>
