<page>
<page>
<title>tabular</title>
<ns>0</ns>
<id>316664</id>
<revision>
<id>2581840</id>
<parentid>2183512</parentid>
<timestamp>2020-03-13T18:59:45Z</timestamp>
<contributor>
<username>ValJor</username>
<id>1358</id>
</contributor>
<comment>Acrescentando código de língua à [[:Categoria:!Página com mensagem de erro em predefinição|predefinição escopo]]</comment>
<model>wikitext</model>
<format>text/x-wiki</format>
<text bytes="696" xml:space="preserve">={{-pt-}}=
==Adjetivo==
{{flex.pt|s=tabular|p=tabulares}}
{{oxítona|ta|bu|lar}}, {{gramática|c2g}}
# relativo a [[tábua]]
# que tem forma de tábua
# que tem forma de [[tabela]]
# {{escopo|pt|Mineral}} diz-se de um tipo das formas irregulares dos cristais
==Verbo==
{{oxítona|ta|bu|lar}}
# colocar em [[tabela]]
===Conjugação===
{{conj/pt|tabul|ar}}
=={{etimologia|pt}}==
: Para o adjetivo: 
{{llietimo|la|tabularis|pt}}
==Ligações externas==
* {{Aulete}}
* {{Michaelis}}
* {{DicioAberto}}
* {{DPLP}}
* {{Infopédia}}
* {{PLP}}
* {{VOLPABL}}
==Anagrama==
&lt;!-- índice para anagramas: pt: aablrtu --&gt;
# [[labutar]]
[[Categoria:Adjetivo (Português)]]
[[Categoria:Verbo (Português)]]</text>
<sha1>eagpem4qvzm076vh5ewafpcafq0p88c</sha1>
</revision>
