<page>
<title>tabuacense</title>
<ns>0</ns>
<id>58822</id>
<revision>
<id>1472469</id>
<parentid>1188349</parentid>
<timestamp>2012-09-30T21:54:52Z</timestamp>
<contributor>
<username>ValJor</username>
<id>1358</id>
</contributor>
<comment>Separando adjetivo de substantivo</comment>
<model>wikitext</model>
<format>text/x-wiki</format>
<text bytes="348" xml:space="preserve">={{-pt-}}=
==Adjetivo==
{{flex.pt|s=tabuacense|p=tabuacenses}}
{{paroxítona|ta|bu|a|cen|se}}
# de ou relativo a [[Tabuaço]], vila de Viseu (Portugal)
==Substantivo==
{{paroxítona|ta|bu|a|cen|se}}
# habitante ou natural de Tabuaço
[[Categoria:Adjetivo (Português)]]
[[Categoria:Substantivo (Português)]]
[[Categoria:Gentílico (Português)]]</text>
<sha1>nyk4cojhuhp2r24iwf67vmkd4ijl925</sha1>
</revision>
</page>
