<page>
<page>
<title>tabus</title>
<ns>0</ns>
<id>338655</id>
<revision>
<id>1913342</id>
<parentid>1912595</parentid>
<timestamp>2015-04-18T09:38:44Z</timestamp>
<contributor>
<username>YS-Bot</username>
<id>32241</id>
</contributor>
<minor />
<comment>r2.7.3) (Robô: A adicionar: ar, en, eo, fr, my, sv</comment>
<model>wikitext</model>
<format>text/x-wiki</format>
<text bytes="233" xml:space="preserve">={{-pt-}}=
==Forma de substantivo==
{{oxítona|ta|bus}}, {{m}}
# plural de [[tabu]]
{{avi-for-fle|tabu}}
[[Categoria:Forma de substantivo (Português)]]
[[ar:tabus]]
[[en:tabus]]
[[eo:tabus]]
[[fr:tabus]]
[[my:tabus]]
[[sv:tabus]]</text>
<sha1>d21z19vreakek5b7m504ux5uwjzfl7e</sha1>
</revision>
