<page>
<title>tabulaturer</title>
<ns>0</ns>
<id>72598</id>
<revision>
<id>1478808</id>
<parentid>388608</parentid>
<timestamp>2012-10-18T00:10:10Z</timestamp>
<contributor>
<username>ValJor</username>
<id>1358</id>
</contributor>
<comment>Verbete revisto pela última vez há muito tempo: mudanças cosméticas</comment>
<model>wikitext</model>
<format>text/x-wiki</format>
<text bytes="206" xml:space="preserve">={{-no-}}=
==Forma de substantivo==
'''ta.bu.la.tu.rer''', {{p}}
# plural de [[tabulatur]]
{{avi-for-fle|tabulatur}}
[[Categoria:Forma de substantivo (Norueguês)]]
[[Categoria:Polissílabo (Norueguês)]]</text>
<sha1>jn5l0lkmjtbogtvzw2zs5v6i4jghe1y</sha1>
</revision>
</page>
