<page>
<title>tabuleiro</title>
<ns>0</ns>
<id>54754</id>
<revision>
<id>2618930</id>
<parentid>2512634</parentid>
<timestamp>2021-02-01T17:17:54Z</timestamp>
<contributor>
<username>MarxavBot</username>
<id>80155</id>
</contributor>
<minor />
<comment>AFI Portugal</comment>
<model>wikitext</model>
<format>text/x-wiki</format>
<text bytes="406" xml:space="preserve">={{-pt-}}=
==Substantivo==
{{flex.pt|ms=tabuleiro|mp=tabuleiros}}
{{paroxítona|ta|bu|lei|ro}}, {{gramática|m}}
# [[bandeja]]
# [[patamar]]
# [[pavimento]] [[de]] [[uma]] [[ponte]]
# planalto pouco elevado, arenoso e de vegetação rasteira
=={{pronúncia|pt}}==
===Portugal===
* AFI: {{AFI|/tɐ.bu.ˈlɐj.ɾu/}}
[[Categoria:Substantivo (Português)]]
[[en:tabuleiro]]
[[fr:tabuleiro]]
[[mg:tabuleiro]]</text>
<sha1>c26flyu0lvq6z9m5noj202wuedo5yog</sha1>
</revision>
</page>
