<page>
<title>Tabuleiro</title>
<ns>0</ns>
<id>141484</id>
<revision>
<id>2280703</id>
<parentid>2112266</parentid>
<timestamp>2017-04-27T02:35:14Z</timestamp>
<contributor>
<username>HydrizBot</username>
<id>29590</id>
</contributor>
<minor />
<comment>Robô: A limpar links interwikis antigos</comment>
<model>wikitext</model>
<format>text/x-wiki</format>
<text bytes="291" xml:space="preserve">{{ver também|tabuleiro}}
={{-pt-}}=
{{Wikipédia}}
==Substantivo==
'''Tabuleiro''' {{pr}}
#[[município]] [[brasileiro]] do [[estado]] de [[Minas Gerais]]
==Ver também==
*[[Apêndice:Municípios do estado de Minas Gerais]]
[[Categoria:Município do estado de Minas Gerais (Português)]]</text>
<sha1>n06g7n8hjgn4bi3ewh9vjro23zlxa2x</sha1>
</revision>
</page>
