<page>
<page>
<title>taburela</title>
<ns>0</ns>
<id>413753</id>
<revision>
<id>2554521</id>
<timestamp>2019-09-21T10:54:46Z</timestamp>
<contributor>
<username>Cpls</username>
<id>20608</id>
</contributor>
<comment>[[Ajuda:Guia de edição/Menus e ferramentas/Sumário de edição|→]] nova página: ={{-gl-}}= ==Substantivo== {{flex.gl|fs=taburela|fp=taburelas}} {{paroxítona|ta|bu|re|la|lang=gl}}, {{g|f|la...</comment>
<model>wikitext</model>
<format>text/x-wiki</format>
<text bytes="348" xml:space="preserve">={{-gl-}}=
==Substantivo==
{{flex.gl|fs=taburela|fp=taburelas}}
{{paroxítona|ta|bu|re|la|lang=gl}}, {{g|f|lang=gl}}
# pequena [[tábua]]
==={{-varort-}}===
* [[taborela#{{gl}}|taborela]]
=={{etimologia|gl}}==
: Da mesma origem que ''[[tábua#{{gl}}|tábua]]''. Confronte-se com ''[[tabuela#{{gl}}|tabuela]]''.
[[Categoria:Substantivo (Galego)]]</text>
<sha1>g6p25xyqxes69ob409nxig56dg0xtlu</sha1>
</revision>
