<page>
<page>
<title>tabulação</title>
<ns>0</ns>
<id>319313</id>
<revision>
<id>2104637</id>
<parentid>1797430</parentid>
<timestamp>2016-05-28T17:18:10Z</timestamp>
<contributor>
<username>Defender</username>
<id>15952</id>
</contributor>
<comment>Verbete [[:Categoria:!Página com idioma não informado em Predefinição:etimologia|sem indicação do idioma na seção de etimologia]]</comment>
<model>wikitext</model>
<format>text/x-wiki</format>
<text bytes="293" xml:space="preserve">={{-pt-}}=
==Substantivo==
{{flex.pt|fs=tabulação|fp=tabulações}}
{{oxítona|ta|bu|la|ção}}, {{gramática|f}}
# ato ou efeito de [[tabular]]
=={{etimologia|pt}}==
:{{escopo|Morfologia}} [[tabular]] + [[-ção]]
[[Categoria:Substantivo (Português)]]
[[eo:tabulação]]
[[zh:tabulação]]</text>
<sha1>td820kwz0vk5zo5zujczuomfzkyz9az</sha1>
</revision>
