<page>
<title>Tacaratu</title>
<ns>0</ns>
<id>142296</id>
<revision>
<id>2280706</id>
<parentid>1198671</parentid>
<timestamp>2017-04-27T02:35:21Z</timestamp>
<contributor>
<username>HydrizBot</username>
<id>29590</id>
</contributor>
<minor />
<comment>Robô: A limpar links interwikis antigos</comment>
<model>wikitext</model>
<format>text/x-wiki</format>
<text bytes="257" xml:space="preserve">={{-pt-}}=
{{Wikipédia}}
==Substantivo==
'''Tacaratu''' {{pr}}
#[[município]] [[brasileiro]] do [[estado]] de [[Pernambuco]]
==Ver também==
*[[Apêndice:Municípios do estado de Pernambuco]]
[[Categoria:Município do estado de Pernambuco (Português)]]</text>
<sha1>5vxq4w0kxnjq9786y07hoasiljkdmy9</sha1>
</revision>
</page>
