<page>
<page>
<title>tacanhear</title>
<ns>0</ns>
<id>316659</id>
<revision>
<id>1703756</id>
<timestamp>2013-07-24T14:23:23Z</timestamp>
<contributor>
<username>ValJor</username>
<id>1358</id>
</contributor>
<comment>Por um [[Especial:Lonelypages|wikcionário sem órfãos]]: [[tacanheámos]]</comment>
<model>wikitext</model>
<format>text/x-wiki</format>
<text bytes="237" xml:space="preserve">={{-pt-}}=
==Verbo==
{{oxítona|ta|ca|nhe|ar}}, ''v. i.''
# [[proceder]] como [[tacanho]]
===Conjugação===
{{conj/pt|tacanh|ear}}
=={{etimologia|pt}}==
: {{escopo|Morfologia}} [[tacanho]] + [[-ear]].
[[Categoria:Verbo (Português)]]</text>
<sha1>3rid205mqye7hw6bov1476i2vf9vgri</sha1>
</revision>
