<page>
<page>
<title>tacacá</title>
<ns>0</ns>
<id>138819</id>
<revision>
<id>2672481</id>
<parentid>2070459</parentid>
<timestamp>2022-04-13T01:11:33Z</timestamp>
<contributor>
<username>ValJor</username>
<id>1358</id>
</contributor>
<comment>Substituindo a [[Especial:Páginas_afluentes/Predefinição:escopoCat|predefinição escopoCat]] por escopo</comment>
<model>wikitext</model>
<format>text/x-wiki</format>
<text bytes="823" xml:space="preserve">={{-pt-}}=
==Substantivo==
{{flex.pt|ms=tacacá|mp=tacacás}}
{{oxítona|ta|ca|cá}}, {{gramática|m}}
# [[iguaria]] da [[região]] [[amazônico|amazônica]] [[brasileira]]; é preparado com [[tucupi]], [[goma]], [[camarão]] e [[jambu]]
[[Categoria:Substantivo (Português)]]
[[Categoria:Alimentação (Português)]]
={{-gl-}}=
==Substantivo==
{{flex.gl|ms=tacacá|mp=tacacás}}
{{oxítona|ta|ca|cá|lang=gl}}, {{gramática|m}}
# {{escopo|gl|Crustáceo}} [[santiago]], (''[[species:Scyllarus arctus|Scyllarus arctus]]'')
==={{PEPB|Sinónimos|Sinônimos|inline=1}}===
{{dividir em colunas|3}}
* [[aranhoto#Galego|aranhoto]]
* [[moucho#Galego|moucho]]
* [[santiaguinho#Galego|santiaguinho]]
{{dividir em colunas/fim}}
=={{etimologia|gl}}==
: Da [[onomatopeia]] do seu bater de cauda.
[[Categoria:Substantivo (Galego)]]</text>
<sha1>pq6girakvibp5k1y27cdnedy1894s89</sha1>
</revision>
