<page>
<page>
<title>tacape</title>
<ns>0</ns>
<id>82824</id>
<revision>
<id>2663757</id>
<parentid>2104635</parentid>
<timestamp>2022-03-06T23:00:50Z</timestamp>
<contributor>
<username>ValJor</username>
<id>1358</id>
</contributor>
<comment>Melhorando a apresentação do verbete</comment>
<model>wikitext</model>
<format>text/x-wiki</format>
<text bytes="525" xml:space="preserve">={{-pt-}}=
==Substantivo==
{{flex.pt|ms=tacape|ms-div=ta.&lt;u&gt;ca&lt;/u&gt;.pe|mp=tacapes|mp-div=ta.&lt;u&gt;ca&lt;/u&gt;.pes}}
{{paroxítona|ta|ca|pe}}, {{gramática|m}}
# [[cassetete]] [[indígena]]
# [[borduna]]
=={{etimologia|pt}}==
{{llietimo|tu|taka'pë|pt}}
==Ligações externas==
* {{Aulete}}
* {{Michaelis}}
* {{DicioAberto}}
* {{DLPO}}
* {{Infopédia}}
* {{PLP}}
* {{VOLPABL}}
==Anagramas==
&lt;!-- índice para anagramas: pt: aacept --&gt;
# [[capeta]]
# [[epacta]]
[[Categoria:Substantivo (Português)]]
[[Categoria:Arma (Português)]]</text>
<sha1>t24sfeiwro0m40ow1k50n9jvprrwk4p</sha1>
</revision>
