<page>
<title>tacar</title>
<ns>0</ns>
<id>316091</id>
<revision>
<id>2414412</id>
<parentid>2414411</parentid>
<timestamp>2017-05-26T14:40:52Z</timestamp>
<contributor>
<username>Askekamo</username>
<id>60711</id>
</contributor>
<model>wikitext</model>
<format>text/x-wiki</format>
<text bytes="1344" xml:space="preserve">{{ver também|taçar}}
={{-pt-}}=
==Verbo==
{{oxítona|ta|car}}, {{gramática|vtd|bitrans}}
# dar [[pancada]] com [[taco]] (na bola); rebater ou empurrar com taco
# {{escopo|pt|Brasil|informal}} bater com (algo) em
#: '''2014''', Sérgio Porto, ''O homem ao lado: Crônicas'', Companhia das Letras 
#*: ''Era o irmão de Hamlet que, ao ouvir o nome, largado assim para a sua própria genitora, esqueceu-se que o Rei era apenas um fantasma e '''tacou'''-lhe a mão na cara.''
# {{escopo|pt|Brasil|informal}} atirar (algo) a [[distância]] (em alguém ou em algo)
#: '''2013''', João Guimarães Rosa, ''Manuelzão e Miguilim'', Nova Fronteira
#*: ''Vem, Miguilim, ajudar a '''tacar''' pedra: os meninos acharam um sapo enorme!''
# {{escopo|pt|Brasil|informal}} [[atear]]
#: '''2013''', Carlos Drummond de Andrade, &quot;Apólice&quot;, em ''Os dias lindos'', Companhia das Letras
#*: ''O senhor mesmo pode '''tacar''' fogo na sua casa. Desculpe, é mera hipótese.''  
===Conjugação===
{{conj/pt|ta|car}}
=={{etimologia|pt}}==
: De [[atacar]] (no sentido de [[arremessar]]), por [[aférese]].
==Anagramas==
# [[carta]]
# [[catar]]
# [[tarca]]
# [[traça]]
[[Categoria:Verbo (Português)]]
[[ca:tacar]]
[[chr:tacar]]
[[en:tacar]]
[[es:tacar]]
[[fi:tacar]]
[[fr:tacar]]
[[io:tacar]]
[[it:tacar]]
[[mg:tacar]]
[[oc:tacar]]
[[sv:tacar]]
[[vec:tacar]]</text>
<sha1>d8bl54n7iivgjfwd03iwdnvmpj4si7o</sha1>
</revision>
</page>
