<page>
<title>tacanheámos</title>
<ns>0</ns>
<id>309086</id>
<revision>
<id>2254853</id>
<parentid>1645490</parentid>
<timestamp>2017-03-22T12:46:42Z</timestamp>
<contributor>
<username>ValJor</username>
<id>1358</id>
</contributor>
<comment>Trocando predefinição escopo por escopo2</comment>
<model>wikitext</model>
<format>text/x-wiki</format>
<text bytes="275" xml:space="preserve">={{-pt-}}=
==Forma verbal==
{{paroxítona|ta|ca|nhe|á|mos}}
# {{escopo2|grafia lusitana}} primeira pessoa do plural do pretérito perfeito do modo indicativo do verbo [[tacanhear]]
{{avi-for-fle|tacanhear}}
[[Categoria:Forma verbal (Português)]]
[[Categoria:Lusitanismo]]</text>
<sha1>b1hjtqlg698s3ilzuzo6f8i23zq4ory</sha1>
</revision>
</page>
