<page>
<title>tacanhoso</title>
<ns>0</ns>
<id>420913</id>
<revision>
<id>2577377</id>
<timestamp>2020-02-16T17:55:00Z</timestamp>
<contributor>
<username>Cpls</username>
<id>20608</id>
</contributor>
<comment>[[Ajuda:Guia de edição/Menus e ferramentas/Sumário de edição|→]] nova página: ={{-gl-}}= ==Adjetivo== {{flex.gl|ms=tacanhoso|mp=tacanhosos|fs=tacanhosa|fp=tacanhosas}} {{paroxítona|ta|ca...</comment>
<model>wikitext</model>
<format>text/x-wiki</format>
<text bytes="354" xml:space="preserve">={{-gl-}}=
==Adjetivo==
{{flex.gl|ms=tacanhoso|mp=tacanhosos|fs=tacanhosa|fp=tacanhosas}}
{{paroxítona|ta|ca|nho|so|lang=gl}}
# [[avaro]]
# miserável, [[ruim]]
===Sinónimos===
* [[tacanheiro#{{gl}}|tacanheiro]]
=={{etimologia|gl}}==
{{escopo|Morfologia}} De ''[[tacanho#{{gl}}|tacanho]]'' + ''[[-oso#{{gl}}|-oso]]''.
[[Categoria:Adjetivo (Galego)]]</text>
<sha1>bzr179xxkhdo0asagc1x1dy1ayb0rgl</sha1>
</revision>
</page>
