<page>
<title>taceo</title>
<ns>0</ns>
<id>56424</id>
<revision>
<id>1797424</id>
<parentid>1780982</parentid>
<timestamp>2013-12-28T13:45:47Z</timestamp>
<contributor>
<username>MalafayaBot</username>
<id>628</id>
</contributor>
<minor />
<comment>r2.7.5) (Robô: A adicionar: [[chr:taceo]]</comment>
<model>wikitext</model>
<format>text/x-wiki</format>
<text bytes="1560" xml:space="preserve">={{-la-}}=
==Verbo==
'''ta.ceo, ta.ce.re''' 
# [[calar]]
# calar-se
#* ''De quibus ignoras '''tace'''.'': &lt;small&gt;(Cala-te sobre o que não sabes)&lt;/small&gt;
# [[silenciar]]
===Conjugação===
{{conj.la.sec|tac|tac|tacu|tacu|tacit|tacit}}
===Declinação===
{| style=&quot;background-color: #F8F8F8; border: 2px solid #888;&quot;
|+ 
|-
| colspan=&quot;2&quot; | 
| colspan=&quot;1&quot; align=center bgcolor=&quot;#DDD&quot; | '''Singular'''
| colspan=&quot;1&quot; align=center bgcolor=&quot;#DDD&quot; | '''Plural'''
|-
|
|
|align=center bgcolor=&quot;#CCD&quot; |''M, F e N''
|align=center bgcolor=&quot;#CCD&quot; |''M, F e N''
|-
| rowspan=&quot;6&quot; style=&quot;background-color: #ADF;&quot; | '''Casos'''
| style=&quot;background-color: #ACD;&quot; | '''Nominativo'''
| align=center |[[tacens]]
| align=center |[[tacentes]]
|-
| style=&quot;background-color: #ACD;&quot; | '''Vocativo'''
| align=center |[[tacens]]
| align=center |[[tacentes]]
|-
| style=&quot;background-color: #ACD;&quot; | '''Genitivo'''
| align=center |[[tacentis]]
| align=center |[[tacentium]]
|-
| style=&quot;background-color: #ACD;&quot; | '''Dativo'''
| align=center |[[tacenti]]
| align=center |[[tacentibus]]
|-
| style=&quot;background-color: #ACD;&quot; | '''Ablativo'''
| align=center |[[tacente]]
| align=center |[[tacentibus]]
|-
| style=&quot;background-color: #ACD;&quot; | '''Acusativo'''
| align=center |[[tacentem]]
| align=center |[[tacentes]]
|}
==Outros Verbetes==
* [[tacitum]], -i
* [[tacite]]
* [[tacitus]], -a, -um
* [[taciturnus]], -a, -um
[[Categoria:Verbo (Latim)]]
[[chr:taceo]]
[[el:taceo]]
[[en:taceo]]
[[es:taceo]]
[[fi:taceo]]
[[fr:taceo]]
[[ko:taceo]]
[[la:taceo]]
[[mg:taceo]]
[[pl:taceo]]
[[ru:taceo]]</text>
<sha1>bs8x3x57novhxk5lwnvlvfjcotftj8p</sha1>
</revision>
</page>
