<page>
<title>tachássemos</title>
<ns>0</ns>
<id>199624</id>
<revision>
<id>1175574</id>
<parentid>765076</parentid>
<timestamp>2011-07-06T21:16:41Z</timestamp>
<contributor>
<username>MalafayaBot</username>
<id>628</id>
</contributor>
<minor />
<comment>Robô: Substituição de texto automática (-^\=\s?Português\s?\= +={{-pt-}}= &amp; -^\=\s?\{\{pt\}\}\s?\= +={{-pt-}}=)</comment>
<model>wikitext</model>
<format>text/x-wiki</format>
<text bytes="221" xml:space="preserve">={{-pt-}}=
==Forma verbal==
'''tachássemos'''
#[[primeira pessoa]] do [[plural]] do [[pretérito imperfeito]] do [[modo subjuntivo]] do verbo '''[[tachar]]'''
[[Categoria:Forma verbal (Português)]]
[[no:tachássemos]]</text>
<sha1>q3cgk3cl2g02mita6eofv9yk0m8kpwl</sha1>
</revision>
</page>
