<page>
<page>
<title>tacháreis</title>
<ns>0</ns>
<id>182996</id>
<revision>
<id>2030975</id>
<parentid>1951993</parentid>
<timestamp>2015-11-01T13:01:23Z</timestamp>
<contributor>
<username>ValJor</username>
<id>1358</id>
</contributor>
<comment>Acrescentando a predefinição avi-for-fle</comment>
<model>wikitext</model>
<format>text/x-wiki</format>
<text bytes="219" xml:space="preserve">={{-pt-}}=
==Forma verbal==
{{paroxítona|ta|chá|reis}}
# segunda pessoa do plural do pretérito mais-que-perfeito do verbo [[tachar]]
{{avi-for-fle|tachar}}
[[Categoria:Forma verbal (Português)]]
[[no:tacháreis]]</text>
<sha1>gfhaskqg72jahw8ajfd4owtwqlu5paw</sha1>
</revision>
