<page>
<page>
<title>tachares</title>
<ns>0</ns>
<id>208173</id>
<revision>
<id>2025046</id>
<parentid>1797465</parentid>
<timestamp>2015-10-26T14:56:36Z</timestamp>
<contributor>
<username>HydrizBot</username>
<id>29590</id>
</contributor>
<minor />
<comment>Robô: A adicionar: [[fr:tachares]]</comment>
<model>wikitext</model>
<format>text/x-wiki</format>
<text bytes="335" xml:space="preserve">={{-pt-}}=
==Forma verbal==
'''tachares'''
#[[segunda pessoa]] do [[singular]] do [[futuro]] do [[modo subjuntivo]] do verbo '''[[tachar]]'''
#[[infinitivo pessoal]] da [[segunda pessoa]] do [[singular]] do verbo '''[[tachar]]'''
[[Categoria:Forma verbal (Português)]]
[[en:tachares]]
[[es:tachares]]
[[fr:tachares]]
[[no:tachares]]</text>
<sha1>qjmdv2lmiuqj75wrywkbnfmp0arseog</sha1>
</revision>
