<page>
<page>
<title>tacharás</title>
<ns>0</ns>
<id>186031</id>
<revision>
<id>2025044</id>
<parentid>1951967</parentid>
<timestamp>2015-10-26T14:56:25Z</timestamp>
<contributor>
<username>HydrizBot</username>
<id>29590</id>
</contributor>
<minor />
<comment>Robô: A adicionar: [[fr:tacharás]]</comment>
<model>wikitext</model>
<format>text/x-wiki</format>
<text bytes="250" xml:space="preserve">={{-pt-}}=
==Forma verbal==
{{oxítona|ta|cha|rás}}
#[[segunda pessoa]] do [[singular]] do [[futuro do presente]] do verbo '''[[tachar]]'''
[[Categoria:Forma verbal (Português)]]
[[en:tacharás]]
[[es:tacharás]]
[[fr:tacharás]]
[[no:tacharás]]</text>
<sha1>ngvj0vrqm9bsd83vxv99yhb5vlpxaub</sha1>
</revision>
