<page>
<title>tacharíamos</title>
<ns>0</ns>
<id>194194</id>
<revision>
<id>2025043</id>
<parentid>1951970</parentid>
<timestamp>2015-10-26T14:56:16Z</timestamp>
<contributor>
<username>HydrizBot</username>
<id>29590</id>
</contributor>
<minor />
<comment>Robô: A adicionar: [[fr:tacharíamos]]</comment>
<model>wikitext</model>
<format>text/x-wiki</format>
<text bytes="294" xml:space="preserve">={{-pt-}}=
==Forma verbal==
{{proparoxítona|ta|cha|rí|a|mos}}
#[[primeira pessoa]] do [[plural]] do [[futuro do pretérito]] do verbo '''[[tachar]]'''
[[Categoria:Forma verbal (Português)]]
[[en:tacharíamos]]
[[es:tacharíamos]]
[[fr:tacharíamos]]
[[mg:tacharíamos]]
[[no:tacharíamos]]</text>
<sha1>mgg1bvydp2mt4dis8ltqm6q2cagqgpz</sha1>
</revision>
</page>
