<page>
<page>
<title>tacharias</title>
<ns>0</ns>
<id>201130</id>
<revision>
<id>1243375</id>
<parentid>1175547</parentid>
<timestamp>2011-09-04T17:52:40Z</timestamp>
<contributor>
<username>Koncassor</username>
<id>26283</id>
</contributor>
<model>wikitext</model>
<format>text/x-wiki</format>
<text bytes="195" xml:space="preserve">={{-pt-}}=
==Forma verbal==
'''ta.cha.ri.as'''
#[[segunda pessoa]] do [[singular]] do [[futuro do pretérito]] do verbo '''[[tachar]]'''
[[Categoria:Forma verbal (Português)]]
[[no:tacharias]]</text>
<sha1>7acgojszkbx6scxlk8ekj2serhyeapo</sha1>
</revision>
