<page>
<title>tacham</title>
<ns>0</ns>
<id>161337</id>
<revision>
<id>1175533</id>
<parentid>686688</parentid>
<timestamp>2011-07-06T21:16:00Z</timestamp>
<contributor>
<username>MalafayaBot</username>
<id>628</id>
</contributor>
<minor />
<comment>Robô: Substituição de texto automática (-^\=\s?Português\s?\= +={{-pt-}}= &amp; -^\=\s?\{\{pt\}\}\s?\= +={{-pt-}}=)</comment>
<model>wikitext</model>
<format>text/x-wiki</format>
<text bytes="195" xml:space="preserve">={{-pt-}}=
==Forma verbal==
'''tacham'''
#[[terceira pessoa]] do [[plural]] do [[presente]] do [[modo indicativo]] do verbo '''[[tachar]]'''
[[Categoria:Forma verbal (Português)]]
[[no:tacham]]</text>
<sha1>4fay3eqrn5jp2ejyl1aaa5xj9j68qso</sha1>
</revision>
</page>
