<page>
<page>
<title>tachasse</title>
<ns>0</ns>
<id>206440</id>
<revision>
<id>2181467</id>
<parentid>2137881</parentid>
<timestamp>2016-10-10T20:29:34Z</timestamp>
<contributor>
<username>UT-interwiki-Bot</username>
<id>56129</id>
</contributor>
<minor />
<comment>Robô: A adicionar: [[de:tachasse]]</comment>
<model>wikitext</model>
<format>text/x-wiki</format>
<text bytes="439" xml:space="preserve">={{-pt-}}=
==Forma verbal==
{{paroxítona|ta|chas|se}}
# primeira e terceira pessoa do singular do pretérito imperfeito do modo {{PEPB|inline=1|conjuntivo|subjuntivo}} do verbo [[tachar]]
#* &lt;small&gt; ''que eu '''tachasse''''' &lt;/small&gt;
#* &lt;small&gt; ''que ele, ela, você '''tachasse''''' &lt;/small&gt;
{{avi-for-fle|tachar}}
[[Categoria:Forma verbal (Português)]]
[[de:tachasse]]
[[en:tachasse]]
[[fr:tachasse]]
[[mg:tachasse]]
[[no:tachasse]]</text>
<sha1>mp9a49h8vixtj7r6y93v6tqskfa11dm</sha1>
</revision>
