<page>
<title>tachara</title>
<ns>0</ns>
<id>178299</id>
<revision>
<id>2025050</id>
<parentid>1797419</parentid>
<timestamp>2015-10-26T14:56:57Z</timestamp>
<contributor>
<username>HydrizBot</username>
<id>29590</id>
</contributor>
<minor />
<comment>Robô: A adicionar: [[fr:tachara]]</comment>
<model>wikitext</model>
<format>text/x-wiki</format>
<text bytes="305" xml:space="preserve">={{-pt-}}=
==Forma verbal==
'''tachara'''
#[[primeira pessoa|primeira]] e [[terceira pessoa|terceira pessoas]] do [[singular]] do [[pretérito mais-que-perfeito]] do verbo '''[[tachar]]'''
[[Categoria:Forma verbal (Português)]]
[[en:tachara]]
[[es:tachara]]
[[fr:tachara]]
[[mg:tachara]]
[[no:tachara]]</text>
<sha1>siqwpnzjijg7g073k1ocyvfzod64aia</sha1>
</revision>
</page>
