<page>
<title>tacháveis</title>
<ns>0</ns>
<id>168526</id>
<revision>
<id>1175576</id>
<parentid>781493</parentid>
<timestamp>2011-07-06T21:16:43Z</timestamp>
<contributor>
<username>MalafayaBot</username>
<id>628</id>
</contributor>
<minor />
<comment>Robô: Substituição de texto automática (-^\=\s?Português\s?\= +={{-pt-}}= &amp; -^\=\s?\{\{pt\}\}\s?\= +={{-pt-}}=)</comment>
<model>wikitext</model>
<format>text/x-wiki</format>
<text bytes="215" xml:space="preserve">={{-pt-}}=
==Forma verbal==
'''tacháveis'''
#[[segunda pessoa]] do [[plural]] do [[pretérito imperfeito]] do [[modo indicativo]] do verbo '''[[tachar]]'''
[[Categoria:Forma verbal (Português)]]
[[no:tacháveis]]</text>
<sha1>38lfesbtd8hyhg8b0u6zac6tosk5k2f</sha1>
</revision>
</page>
