<page>
<page>
<title>tacharemos</title>
<ns>0</ns>
<id>188740</id>
<revision>
<id>2025047</id>
<parentid>1797466</parentid>
<timestamp>2015-10-26T14:56:41Z</timestamp>
<contributor>
<username>HydrizBot</username>
<id>29590</id>
</contributor>
<minor />
<comment>Robô: A adicionar: [[fr:tacharemos]]</comment>
<model>wikitext</model>
<format>text/x-wiki</format>
<text bytes="263" xml:space="preserve">={{-pt-}}=
==Forma verbal==
'''tacharemos'''
#[[primeira pessoa]] do [[plural]] do [[futuro do presente]] do verbo '''[[tachar]]'''
[[Categoria:Forma verbal (Português)]]
[[en:tacharemos]]
[[es:tacharemos]]
[[fr:tacharemos]]
[[mg:tacharemos]]
[[no:tacharemos]]</text>
<sha1>egtzffxfegdcpcm8qthtzqp6sys72i5</sha1>
</revision>
