<page>
<title>tacharmos</title>
<ns>0</ns>
<id>209660</id>
<revision>
<id>1175548</id>
<parentid>812424</parentid>
<timestamp>2011-07-06T21:16:15Z</timestamp>
<contributor>
<username>MalafayaBot</username>
<id>628</id>
</contributor>
<minor />
<comment>Robô: Substituição de texto automática (-^\=\s?Português\s?\= +={{-pt-}}= &amp; -^\=\s?\{\{pt\}\}\s?\= +={{-pt-}}=)</comment>
<model>wikitext</model>
<format>text/x-wiki</format>
<text bytes="287" xml:space="preserve">={{-pt-}}=
==Forma verbal==
'''tacharmos'''
#[[primeira pessoa]] do [[plural]] do [[futuro]] do [[modo subjuntivo]] do verbo '''[[tachar]]'''
#[[infinitivo pessoal]] da [[primeira pessoa]] do [[plural]] do verbo '''[[tachar]]'''
[[Categoria:Forma verbal (Português)]]
[[no:tacharmos]]</text>
<sha1>ku2zl0u45gvsnykp2uft24aybwhueyi</sha1>
</revision>
</page>
