<page>
<page>
<title>tachavas</title>
<ns>0</ns>
<id>162686</id>
<revision>
<id>1175562</id>
<parentid>686701</parentid>
<timestamp>2011-07-06T21:16:29Z</timestamp>
<contributor>
<username>MalafayaBot</username>
<id>628</id>
</contributor>
<minor />
<comment>Robô: Substituição de texto automática (-^\=\s?Português\s?\= +={{-pt-}}= &amp; -^\=\s?\{\{pt\}\}\s?\= +={{-pt-}}=)</comment>
<model>wikitext</model>
<format>text/x-wiki</format>
<text bytes="213" xml:space="preserve">={{-pt-}}=
==Forma verbal==
'''tachavas'''
#[[segunda pessoa]] do [[singular]] do [[pretérito imperfeito]] do [[modo indicativo]] do verbo '''[[tachar]]'''
[[Categoria:Forma verbal (Português)]]
[[no:tachavas]]</text>
<sha1>avibz576besiz2b0t4uujzabgh8l07d</sha1>
</revision>
