<page>
<page>
<title>tacharia</title>
<ns>0</ns>
<id>192842</id>
<revision>
<id>1175545</id>
<parentid>769964</parentid>
<timestamp>2011-07-06T21:16:12Z</timestamp>
<contributor>
<username>MalafayaBot</username>
<id>628</id>
</contributor>
<minor />
<comment>Robô: Substituição de texto automática (-^\=\s?Português\s?\= +={{-pt-}}= &amp; -^\=\s?\{\{pt\}\}\s?\= +={{-pt-}}=)</comment>
<model>wikitext</model>
<format>text/x-wiki</format>
<text bytes="222" xml:space="preserve">={{-pt-}}=
==Forma verbal==
'''tacharia'''
#[[primeira pessoa|primeira]] e [[terceira pessoa]] do [[singular]] do [[futuro do pretérito]] do verbo '''[[tachar]]'''
[[Categoria:Forma verbal (Português)]]
[[no:tacharia]]</text>
<sha1>6i330xe41taisyru7z7sq430o3k85j9</sha1>
</revision>
