<page>
<page>
<title>tacharei</title>
<ns>0</ns>
<id>184469</id>
<revision>
<id>1175540</id>
<parentid>750088</parentid>
<timestamp>2011-07-06T21:16:07Z</timestamp>
<contributor>
<username>MalafayaBot</username>
<id>628</id>
</contributor>
<minor />
<comment>Robô: Substituição de texto automática (-^\=\s?Português\s?\= +={{-pt-}}= &amp; -^\=\s?\{\{pt\}\}\s?\= +={{-pt-}}=)</comment>
<model>wikitext</model>
<format>text/x-wiki</format>
<text bytes="189" xml:space="preserve">={{-pt-}}=
==Forma verbal==
'''tacharei'''
#[[primeira pessoa]] do [[singular]] do [[futuro do presente]] do verbo '''[[tachar]]'''
[[Categoria:Forma verbal (Português)]]
[[no:tacharei]]</text>
<sha1>71azhd5n04o5sf6l5r1bugd0ht4lxzk</sha1>
</revision>
