<page>
<title>tachámos</title>
<ns>0</ns>
<id>166801</id>
<revision>
<id>2254797</id>
<parentid>1980757</parentid>
<timestamp>2017-03-22T09:04:53Z</timestamp>
<contributor>
<username>ValJor</username>
<id>1358</id>
</contributor>
<minor />
<comment>Trocando predefinição escopo por escopo2</comment>
<model>wikitext</model>
<format>text/x-wiki</format>
<text bytes="282" xml:space="preserve">={{-pt-}}=
==Forma verbal==
{{paroxítona|ta|chá|mos}}
# {{escopo2|grafia lusitana}} primeira pessoa do plural do pretérito perfeito do modo indicativo do verbo [[tachar]]
{{avi-for-fle|tachar}}
[[Categoria:Forma verbal (Português)]]
[[Categoria:Lusitanismo]]
[[no:tachámos]]</text>
<sha1>0c0vf93j1pc186fo9fchwldh8j0g051</sha1>
</revision>
</page>
