<page>
<title>tacho</title>
<ns>0</ns>
<id>68705</id>
<revision>
<id>2655246</id>
<parentid>2655242</parentid>
<timestamp>2021-12-17T02:07:46Z</timestamp>
<contributor>
<username>DARIO SEVERI</username>
<id>27877</id>
</contributor>
<minor />
<comment>Revertidas edições por [[Especial:Contribuições/45.175.129.173|45.175.129.173]] para a última versão por [[Especial:Contribuições/UT-interwiki-Bot|UT-interwiki-Bot]]</comment>
<model>wikitext</model>
<format>text/x-wiki</format>
<text bytes="305" xml:space="preserve">={{-pt-}}=
[[Categoria:Substantivo (Português)]]
==Substantivo==
'''tacho''' ''substantivo masculino ''
# [[utensílio]] [[em]] [[que]] [[se]] [[cozinham]] [[os]] [[alimentos]]
==Ver também==
*[[cara de tacho]]
[[de:tacho]]
[[en:tacho]]
[[es:tacho]]
[[fr:tacho]]
[[mg:tacho]]
[[no:tacho]]
[[ta:tacho]]</text>
<sha1>einygbd8dshpx3g5tcmvqd2ovybou6i</sha1>
</revision>
</page>
