<page>
<title>tachai</title>
<ns>0</ns>
<id>221092</id>
<revision>
<id>2181464</id>
<parentid>2137883</parentid>
<timestamp>2016-10-10T20:28:24Z</timestamp>
<contributor>
<username>UT-interwiki-Bot</username>
<id>56129</id>
</contributor>
<minor />
<comment>Robô: A adicionar: [[de:tachai]]</comment>
<model>wikitext</model>
<format>text/x-wiki</format>
<text bytes="245" xml:space="preserve">={{-pt-}}=
==Forma verbal==
'''tachai'''
#[[segunda pessoa]] do [[plural]] do [[imperativo]] [[afirmativo]] do verbo '''[[tachar]]'''
[[Categoria:Forma verbal (Português)]]
[[de:tachai]]
[[en:tachai]]
[[fr:tachai]]
[[mg:tachai]]
[[no:tachai]]</text>
<sha1>dukvlx2138cu56snmlktptzd2lcbjjz</sha1>
</revision>
</page>
