<page>
<title>Tachiquistán</title>
<ns>0</ns>
<id>428110</id>
<revision>
<id>2602050</id>
<timestamp>2020-11-15T09:42:10Z</timestamp>
<contributor>
<username>ValJor</username>
<id>1358</id>
</contributor>
<comment>Criação do verbete a partir da [[Especial:Páginas_pedidas|lista de palavras pedidas]]</comment>
<model>wikitext</model>
<format>text/x-wiki</format>
<text bytes="457" xml:space="preserve">{{Wikipédia|lang=an}}
[[Imagem:Flag of Tajikistan.svg|thumb|right|250px|&lt;center&gt;Bandeira do Tajiquistão&lt;/center&gt;]]
[[Imagem:LocationTajikistan.svg|thumb|right|250px|&lt;center&gt;Localização do Tajiquistão&lt;/center&gt;]]
={{-an-}}=
==Substantivo==
'''Tachiquistán''', {{gramática|pr}}
# {{escopo|an|País}} [[Tajiquistão]]
==Ver também==
===No Wikcionário===
{{Ásia/an}}
[[Categoria:Substantivo (Aragonês)]]
[[Categoria:Entrada com imagem (Aragonês)]]</text>
<sha1>smh2uv287dkrua0q40n7ro39ne5ct5x</sha1>
</revision>
</page>
