<page>
<title>tachavam</title>
<ns>0</ns>
<id>169969</id>
<revision>
<id>1175561</id>
<parentid>773373</parentid>
<timestamp>2011-07-06T21:16:28Z</timestamp>
<contributor>
<username>MalafayaBot</username>
<id>628</id>
</contributor>
<minor />
<comment>Robô: Substituição de texto automática (-^\=\s?Português\s?\= +={{-pt-}}= &amp; -^\=\s?\{\{pt\}\}\s?\= +={{-pt-}}=)</comment>
<model>wikitext</model>
<format>text/x-wiki</format>
<text bytes="212" xml:space="preserve">={{-pt-}}=
==Forma verbal==
'''tachavam'''
#[[terceira pessoa]] do [[plural]] do [[pretérito imperfeito]] do [[modo indicativo]] do verbo '''[[tachar]]'''
[[Categoria:Forma verbal (Português)]]
[[no:tachavam]]</text>
<sha1>ewo89oll7eu88a9u64allecgfnfithl</sha1>
</revision>
</page>
