<page>
<title>tacharas</title>
<ns>0</ns>
<id>179791</id>
<revision>
<id>2025049</id>
<parentid>1797418</parentid>
<timestamp>2015-10-26T14:56:50Z</timestamp>
<contributor>
<username>HydrizBot</username>
<id>29590</id>
</contributor>
<minor />
<comment>Robô: A adicionar: [[fr:tacharas]]</comment>
<model>wikitext</model>
<format>text/x-wiki</format>
<text bytes="246" xml:space="preserve">={{-pt-}}=
==Forma verbal==
'''tacharas'''
#[[segunda pessoa]] do [[singular]] do [[pretérito mais-que-perfeito]] do verbo '''[[tachar]]'''
[[Categoria:Forma verbal (Português)]]
[[en:tacharas]]
[[es:tacharas]]
[[fr:tacharas]]
[[no:tacharas]]</text>
<sha1>4f9a9ldnwgagkxuvlr053z32hymxuis</sha1>
</revision>
</page>
