<page>
<page>
<title>tachassem</title>
<ns>0</ns>
<id>203832</id>
<revision>
<id>2030970</id>
<parentid>1951985</parentid>
<timestamp>2015-11-01T12:50:26Z</timestamp>
<contributor>
<username>ValJor</username>
<id>1358</id>
</contributor>
<comment>Retirando divisão silábica equivocada</comment>
<model>wikitext</model>
<format>text/x-wiki</format>
<text bytes="259" xml:space="preserve">={{-pt-}}=
==Forma verbal==
{{paroxítona|ta|chas|sem}}
# terceira pessoa do plural do pretérito imperfeito do modo {{PEPB|inline=1|conjuntivo|subjuntivo}} do verbo [[tachar]]
{{avi-for-fle|tachar}}
[[Categoria:Forma verbal (Português)]]
[[no:tachassem]]</text>
<sha1>g3h5ppb0ac5hxkw560rhp1r9b4lp0g9</sha1>
</revision>
