<page>
<page>
<title>tachasses</title>
<ns>0</ns>
<id>198152</id>
<revision>
<id>2181468</id>
<parentid>2137880</parentid>
<timestamp>2016-10-10T20:29:55Z</timestamp>
<contributor>
<username>UT-interwiki-Bot</username>
<id>56129</id>
</contributor>
<minor />
<comment>Robô: A adicionar: [[de:tachasses]]</comment>
<model>wikitext</model>
<format>text/x-wiki</format>
<text bytes="328" xml:space="preserve">={{-pt-}}=
==Forma verbal==
{{paroxítona|ta|chas|ses}}
# segunda pessoa do singular do pretérito imperfeito do modo {{PEPB|inline=1|conjuntivo|subjuntivo}} do verbo [[tachar]]
{{avi-for-fle|tachar}}
[[Categoria:Forma verbal (Português)]]
[[de:tachasses]]
[[en:tachasses]]
[[fr:tachasses]]
[[mg:tachasses]]
[[no:tachasses]]</text>
<sha1>4qmaco7jx6d7hcbmepjjp9gmmbhhkct</sha1>
</revision>
