<page>
<title>tachastes</title>
<ns>0</ns>
<id>175487</id>
<revision>
<id>1175559</id>
<parentid>745426</parentid>
<timestamp>2011-07-06T21:16:26Z</timestamp>
<contributor>
<username>MalafayaBot</username>
<id>628</id>
</contributor>
<minor />
<comment>Robô: Substituição de texto automática (-^\=\s?Português\s?\= +={{-pt-}}= &amp; -^\=\s?\{\{pt\}\}\s?\= +={{-pt-}}=)</comment>
<model>wikitext</model>
<format>text/x-wiki</format>
<text bytes="211" xml:space="preserve">={{-pt-}}=
==Forma verbal==
'''tachastes'''
#[[segunda pessoa]] do [[plural]] do [[pretérito perfeito]] do [[modo indicativo]] do verbo '''[[tachar]]'''
[[Categoria:Forma verbal (Português)]]
[[no:tachastes]]</text>
<sha1>0n460b86ypfnmcwtfwfvrn5ozkyn5on</sha1>
</revision>
</page>
