<page>
<page>
<title>tachei</title>
<ns>0</ns>
<id>171414</id>
<revision>
<id>1175564</id>
<parentid>758219</parentid>
<timestamp>2011-07-06T21:16:31Z</timestamp>
<contributor>
<username>MalafayaBot</username>
<id>628</id>
</contributor>
<minor />
<comment>Robô: Substituição de texto automática (-^\=\s?Português\s?\= +={{-pt-}}= &amp; -^\=\s?\{\{pt\}\}\s?\= +={{-pt-}}=)</comment>
<model>wikitext</model>
<format>text/x-wiki</format>
<text bytes="208" xml:space="preserve">={{-pt-}}=
==Forma verbal==
'''tachei'''
#[[primeira pessoa]] do [[singular]] do [[pretérito perfeito]] do [[modo indicativo]] do verbo '''[[tachar]]'''
[[Categoria:Forma verbal (Português)]]
[[no:tachei]]</text>
<sha1>byrl46m48hhwd5zulc6oez0a18xmhip</sha1>
</revision>
