<page>
<title>tacharem</title>
<ns>0</ns>
<id>212476</id>
<revision>
<id>1175542</id>
<parentid>813770</parentid>
<timestamp>2011-07-06T21:16:09Z</timestamp>
<contributor>
<username>MalafayaBot</username>
<id>628</id>
</contributor>
<minor />
<comment>Robô: Substituição de texto automática (-^\=\s?Português\s?\= +={{-pt-}}= &amp; -^\=\s?\{\{pt\}\}\s?\= +={{-pt-}}=)</comment>
<model>wikitext</model>
<format>text/x-wiki</format>
<text bytes="285" xml:space="preserve">={{-pt-}}=
==Forma verbal==
'''tacharem'''
#[[terceira pessoa]] do [[plural]] do [[futuro]] do [[modo subjuntivo]] do verbo '''[[tachar]]'''
#[[infinitivo pessoal]] da [[terceira pessoa]] do [[plural]] do verbo '''[[tachar]]'''
[[Categoria:Forma verbal (Português)]]
[[no:tacharem]]</text>
<sha1>o2k09ynp9ojxaxmb5fyjqazmox7zqap</sha1>
</revision>
</page>
