<page>
<title>tacha</title>
<ns>0</ns>
<id>104016</id>
<revision>
<id>2619468</id>
<parentid>2544716</parentid>
<timestamp>2021-02-01T18:49:23Z</timestamp>
<contributor>
<username>MarxavBot</username>
<id>80155</id>
</contributor>
<minor />
<comment>AFI Portugal</comment>
<model>wikitext</model>
<format>text/x-wiki</format>
<text bytes="964" xml:space="preserve">{{confundir|taxa}}
={{-pt-}}=
==Substantivo==
{{flex.pt|fs=tacha|fp=tachas}}
{{paroxítona|ta|cha}}, {{gramática|f}}
# [[prego]] [[pequeno]] com cabeça chata
# [[defeito]]; [[mancha]]; [[nódoa]]
===Tradução===
{{tradini}}
* {{trad|es|tacha}}
{{tradmeio}}
{{tradfim}}
=={{etimologia|pt}}==
: Para '''1''' (prego pequeno): Do espanhol ''tacha'' e este do antigo provençal ''tacha''.
: Para '''2''' (defeito): Do francês ''tache''.
=={{pronúncia|pt}}==
===Portugal===
* AFI: {{AFI|/ˈta.ʃɐ/}}
==Ver também==
===No Wikcionário===
{{verTambém.Ini}}
* [[brocha]]
{{verTambém.NovaColuna}}
* [[tachar]]
{{verTambém.Fim}}
==Anagrama==
# [[chato#|chata]]
[[Categoria:Substantivo (Português)]]
={{-es-}}=
==Substantivo==
'''tacha'''
# [[tacha#Português|tacha]]
[[Categoria:Substantivo (Espanhol)]]
[[chr:tacha]]
[[de:tacha]]
[[en:tacha]]
[[es:tacha]]
[[fi:tacha]]
[[fr:tacha]]
[[io:tacha]]
[[ko:tacha]]
[[mg:tacha]]
[[no:tacha]]
[[pl:tacha]]
[[zh:tacha]]</text>
<sha1>71awg3pfwehzyiu7rzqecyvobmjlg0u</sha1>
</revision>
</page>
