<page>
<page>
<title>taches</title>
<ns>0</ns>
<id>219609</id>
<revision>
<id>2181470</id>
<parentid>1797458</parentid>
<timestamp>2016-10-10T20:33:26Z</timestamp>
<contributor>
<username>UT-interwiki-Bot</username>
<id>56129</id>
</contributor>
<minor />
<comment>Robô: A adicionar: [[de:taches]]</comment>
<model>wikitext</model>
<format>text/x-wiki</format>
<text bytes="430" xml:space="preserve">={{-pt-}}=
==Forma verbal==
'''taches'''
#[[segunda pessoa]] do [[singular]] do [[presente]] do [[modo subjuntivo]] do verbo '''[[tachar]]'''
#[[segunda pessoa]] do [[singular]] do [[imperativo]] [[negativo]] do verbo '''[[tachar]]'''
[[Categoria:Forma verbal (Português)]]
[[ar:taches]]
[[de:taches]]
[[el:taches]]
[[en:taches]]
[[es:taches]]
[[fr:taches]]
[[io:taches]]
[[mg:taches]]
[[my:taches]]
[[no:taches]]
[[sv:taches]]</text>
<sha1>1zkotv8a7m21tlymsj3synn1l4fv60j</sha1>
</revision>
