<page>
<page>
<title>tachear</title>
<ns>0</ns>
<id>83200</id>
<revision>
<id>2664914</id>
<parentid>1112751</parentid>
<timestamp>2022-03-11T11:45:16Z</timestamp>
<contributor>
<username>ValJor</username>
<id>1358</id>
</contributor>
<comment>Melhorando a apresentação do verbete</comment>
<model>wikitext</model>
<format>text/x-wiki</format>
<text bytes="417" xml:space="preserve">={{-pt-}}=
==Verbo==
{{oxítona|ta|che|ar}}, {{gramática|vt}}
# [[pregar]] com um prego de cabeça larga
===Conjugação===
{{conj/pt|tach|ear}}
=={{etimologia|pt}}==
: {{escopo|Morfologia}} [[tacha]] + [[-ear]].
==Ligações externas==
* {{Aulete}}
* {{Michaelis}}
* {{Infopédia}}
* {{PLP}}
* {{VOLPABL}}
==Anagrama==
&lt;!-- índice para anagramas: pt: aacehrt --&gt;
# [[chatear]]
[[Categoria:Verbo (Português)]]</text>
<sha1>3qpv18yzh036zh7tskqi3xo4mnanul3</sha1>
</revision>
