<page>
<page>
<title>tacheis</title>
<ns>0</ns>
<id>218192</id>
<revision>
<id>1175565</id>
<parentid>814852</parentid>
<timestamp>2011-07-06T21:16:32Z</timestamp>
<contributor>
<username>MalafayaBot</username>
<id>628</id>
</contributor>
<minor />
<comment>Robô: Substituição de texto automática (-^\=\s?Português\s?\= +={{-pt-}}= &amp; -^\=\s?\{\{pt\}\}\s?\= +={{-pt-}}=)</comment>
<model>wikitext</model>
<format>text/x-wiki</format>
<text bytes="288" xml:space="preserve">={{-pt-}}=
==Forma verbal==
'''tacheis'''
#[[segunda pessoa]] do [[plural]] do [[presente]] do [[modo subjuntivo]] do verbo '''[[tachar]]'''
#[[segunda pessoa]] do [[plural]] do [[imperativo]] [[negativo]] do verbo '''[[tachar]]'''
[[Categoria:Forma verbal (Português)]]
[[no:tacheis]]</text>
<sha1>2qc0cb79kifzmo1d0re6i811w3jbesu</sha1>
</revision>
