<page>
<title>tachar</title>
<ns>0</ns>
<id>103937</id>
<revision>
<id>2531004</id>
<parentid>2107386</parentid>
<timestamp>2019-01-02T17:51:55Z</timestamp>
<contributor>
<username>Cpls</username>
<id>20608</id>
</contributor>
<model>wikitext</model>
<format>text/x-wiki</format>
<text bytes="763" xml:space="preserve">{{confundir|taxar}}
={{-pt-}}=
==Verbo&lt;sup&gt;1&lt;/sup&gt;==
{{oxítona|ta|char}}
# [[censurar]]; [[recriminar]]; [[pôr]] [[defeito]]
#* ''Mesmo que se possa '''tachar''' de muito conservadora a política monetária, será preciso uma sintonia fina e não a sua rejeição.'' {{OESP|2006|março|05}}
===Conjugação===
{{conj/pt|tach|ar}}
==={{etimologia|pt}}===
: {{escopo|Morfologia}} ''[[tacha]]'' + ''[[-ar]]''. Confronte-se com o francês {{etimo|fr|tacher}}.
==Verbo&lt;sup&gt;2&lt;/sup&gt;==
{{oxítona|ta|char}}
# [[pregar]] com [[tacha]]
[[Categoria:Verbo (Português)]]
[[chr:tachar]]
[[el:tachar]]
[[en:tachar]]
[[es:tachar]]
[[fi:tachar]]
[[fr:tachar]]
[[hu:tachar]]
[[io:tachar]]
[[ko:tachar]]
[[mg:tachar]]
[[no:tachar]]
[[pl:tachar]]
[[ru:tachar]]
[[zh:tachar]]</text>
<sha1>bdx5y8rarurhddtu7vv2no8dwwtwqij</sha1>
</revision>
</page>
