<page>
<title>tacheámos</title>
<ns>0</ns>
<id>309088</id>
<revision>
<id>2254805</id>
<parentid>1645495</parentid>
<timestamp>2017-03-22T09:25:44Z</timestamp>
<contributor>
<username>ValJor</username>
<id>1358</id>
</contributor>
<comment>Trocando predefinição escopo por escopo2</comment>
<model>wikitext</model>
<format>text/x-wiki</format>
<text bytes="268" xml:space="preserve">={{-pt-}}=
==Forma verbal==
{{paroxítona|ta|che|á|mos}}
# {{escopo2|grafia lusitana}} primeira pessoa do plural do pretérito perfeito do modo indicativo do verbo [[tachear]]
{{avi-for-fle|tachear}}
[[Categoria:Forma verbal (Português)]]
[[Categoria:Lusitanismo]]</text>
<sha1>iwxeagfrk3egzbmaqnbgbjvfg4et20m</sha1>
</revision>
</page>
