<page>
<page>
<title>tacharíeis</title>
<ns>0</ns>
<id>195501</id>
<revision>
<id>2030963</id>
<parentid>1951971</parentid>
<timestamp>2015-11-01T12:26:06Z</timestamp>
<contributor>
<username>ValJor</username>
<id>1358</id>
</contributor>
<comment>Acrescentando a predefinição avi-for-fle</comment>
<model>wikitext</model>
<format>text/x-wiki</format>
<text bytes="214" xml:space="preserve">={{-pt-}}=
==Forma verbal==
{{paroxítona|ta|cha|rí|eis}}
# segunda pessoa do plural do futuro do pretérito do verbo [[tachar]]
{{avi-for-fle|tachar}}
[[Categoria:Forma verbal (Português)]]
[[no:tacharíeis]]</text>
<sha1>0xffud7hczjuuh902l8xvu4vy6eg3k1</sha1>
</revision>
