<page>
<title>tachará</title>
<ns>0</ns>
<id>187406</id>
<revision>
<id>2025045</id>
<parentid>1951966</parentid>
<timestamp>2015-10-26T14:56:31Z</timestamp>
<contributor>
<username>HydrizBot</username>
<id>29590</id>
</contributor>
<minor />
<comment>Robô: A adicionar: [[fr:tachará]]</comment>
<model>wikitext</model>
<format>text/x-wiki</format>
<text bytes="246" xml:space="preserve">={{-pt-}}=
==Forma verbal==
{{oxítona|ta|cha|rá}}
#[[terceira pessoa]] do [[singular]] do [[futuro do presente]] do verbo '''[[tachar]]'''
[[Categoria:Forma verbal (Português)]]
[[en:tachará]]
[[es:tachará]]
[[fr:tachará]]
[[no:tachará]]</text>
<sha1>i4cthg9ejaw0lzzga9u84f7z7eukzj9</sha1>
</revision>
</page>
