<page>
<page>
<title>tachonámos</title>
<ns>0</ns>
<id>309089</id>
<revision>
<id>2254802</id>
<parentid>1645496</parentid>
<timestamp>2017-03-22T09:20:27Z</timestamp>
<contributor>
<username>ValJor</username>
<id>1358</id>
</contributor>
<comment>Trocando predefinição escopo por escopo2</comment>
<model>wikitext</model>
<format>text/x-wiki</format>
<text bytes="271" xml:space="preserve">={{-pt-}}=
==Forma verbal==
{{paroxítona|ta|cho|ná|mos}}
# {{escopo2|grafia lusitana}} primeira pessoa do plural do pretérito perfeito do modo indicativo do verbo [[tachonar]]
{{avi-for-fle|tachonar}}
[[Categoria:Forma verbal (Português)]]
[[Categoria:Lusitanismo]]</text>
<sha1>pknyqu3ve55xpdff7tfe80u71uijj5i</sha1>
</revision>
