<page>
<page>
<title>Tachwedd</title>
<ns>0</ns>
<id>65456</id>
<revision>
<id>2280707</id>
<parentid>1900502</parentid>
<timestamp>2017-04-27T02:35:26Z</timestamp>
<contributor>
<username>HydrizBot</username>
<id>29590</id>
</contributor>
<minor />
<comment>Robô: A limpar links interwikis antigos</comment>
<model>wikitext</model>
<format>text/x-wiki</format>
<text bytes="196" xml:space="preserve">{{Wikipédia|lang=cy}}
={{-cy-}}=
==Substantivo==
'''Tachwedd'''
# [[novembro]]
==Ver também==
===No Wikcionário===
{{meses/cy}}
[[Categoria:Substantivo (Galês)]]
[[Categoria:Mês (Galês)]]</text>
<sha1>ln3l97lsaiy03dmck8govq01tqe9959</sha1>
</revision>
