<page>
<title>tachava</title>
<ns>0</ns>
<id>205130</id>
<revision>
<id>1175560</id>
<parentid>786579</parentid>
<timestamp>2011-07-06T21:16:27Z</timestamp>
<contributor>
<username>MalafayaBot</username>
<id>628</id>
</contributor>
<minor />
<comment>Robô: Substituição de texto automática (-^\=\s?Português\s?\= +={{-pt-}}= &amp; -^\=\s?\{\{pt\}\}\s?\= +={{-pt-}}=)</comment>
<model>wikitext</model>
<format>text/x-wiki</format>
<text bytes="244" xml:space="preserve">={{-pt-}}=
==Forma verbal==
'''tachava'''
#[[primeira pessoa|primeira]] e [[terceira pessoa]] do [[singular]] do [[pretérito imperfeito]] do [[modo indicativo]] do verbo '''[[tachar]]'''
[[Categoria:Forma verbal (Português)]]
[[no:tachava]]</text>
<sha1>frdy4l7i7rv0gz7g1izioc9awg71dng</sha1>
</revision>
</page>
