<page>
<title>tacharam</title>
<ns>0</ns>
<id>176833</id>
<revision>
<id>1175537</id>
<parentid>755675</parentid>
<timestamp>2011-07-06T21:16:04Z</timestamp>
<contributor>
<username>MalafayaBot</username>
<id>628</id>
</contributor>
<minor />
<comment>Robô: Substituição de texto automática (-^\=\s?Português\s?\= +={{-pt-}}= &amp; -^\=\s?\{\{pt\}\}\s?\= +={{-pt-}}=)</comment>
<model>wikitext</model>
<format>text/x-wiki</format>
<text bytes="210" xml:space="preserve">={{-pt-}}=
==Forma verbal==
'''tacharam'''
#[[terceira pessoa]] do [[plural]] do [[pretérito perfeito]] do [[modo indicativo]] do verbo '''[[tachar]]'''
[[Categoria:Forma verbal (Português)]]
[[no:tacharam]]</text>
<sha1>gc9jrv7pw43tqbhluwkrvc8mbk4wv8w</sha1>
</revision>
</page>
