<page>
<title>tachareis</title>
<ns>0</ns>
<id>190206</id>
<revision>
<id>2025048</id>
<parentid>1797467</parentid>
<timestamp>2015-10-26T14:56:45Z</timestamp>
<contributor>
<username>HydrizBot</username>
<id>29590</id>
</contributor>
<minor />
<comment>Robô: A adicionar: [[fr:tachareis]]</comment>
<model>wikitext</model>
<format>text/x-wiki</format>
<text bytes="239" xml:space="preserve">={{-pt-}}=
==Forma verbal==
'''tachareis'''
#[[segunda pessoa]] do [[plural]] do [[futuro do presente]] do verbo '''[[tachar]]'''
[[Categoria:Forma verbal (Português)]]
[[en:tachareis]]
[[es:tachareis]]
[[fr:tachareis]]
[[no:tachareis]]</text>
<sha1>9l8ibba1qs0svwd8dbg932p7zyqxnhy</sha1>
</revision>
</page>
