<page>
<page>
<title>tacharão</title>
<ns>0</ns>
<id>191547</id>
<revision>
<id>2030897</id>
<parentid>1951969</parentid>
<timestamp>2015-11-01T10:36:14Z</timestamp>
<contributor>
<username>ValJor</username>
<id>1358</id>
</contributor>
<comment>Acrescentando a predefinição avi-for-fle</comment>
<model>wikitext</model>
<format>text/x-wiki</format>
<text bytes="206" xml:space="preserve">={{-pt-}}=
==Forma verbal==
{{oxítona|ta|cha|rão}}
# cterceira pessoa do plural do futuro do presente do verbo [[tachar]]
{{avi-for-fle|tachar}}
[[Categoria:Forma verbal (Português)]]
[[no:tacharão]]</text>
<sha1>5eu9n8xung7rd9bghrxllgf4dgxtq4r</sha1>
</revision>
