<page>
<title>tachásseis</title>
<ns>0</ns>
<id>202465</id>
<revision>
<id>2030977</id>
<parentid>1951998</parentid>
<timestamp>2015-11-01T13:02:51Z</timestamp>
<contributor>
<username>ValJor</username>
<id>1358</id>
</contributor>
<comment>Retirando divisão silábica equivocada</comment>
<model>wikitext</model>
<format>text/x-wiki</format>
<text bytes="262" xml:space="preserve">={{-pt-}}=
==Forma verbal==
{{paroxítona|ta|chás|seis}}
# segunda pessoa do plural do pretérito imperfeito do modo {{PEPB|inline=1|conjuntivo|subjuntivo}} do verbo [[tachar]]
{{avi-for-fle|tachar}}
[[Categoria:Forma verbal (Português)]]
[[no:tachásseis]]</text>
<sha1>ar9bjjrar6lnwtpzo9gxqrhwdgjnap7</sha1>
</revision>
</page>
