<page>
<page>
<title>tacháramos</title>
<ns>0</ns>
<id>181303</id>
<revision>
<id>2025057</id>
<parentid>1951991</parentid>
<timestamp>2015-10-26T15:01:03Z</timestamp>
<contributor>
<username>HydrizBot</username>
<id>29590</id>
</contributor>
<minor />
<comment>Robô: A adicionar: [[fr:tacháramos]]</comment>
<model>wikitext</model>
<format>text/x-wiki</format>
<text bytes="295" xml:space="preserve">={{-pt-}}=
==Forma verbal==
{{proparoxítona|ta|chá|ra|mos}}
#[[primeira pessoa]] do [[plural]] do [[pretérito mais-que-perfeito]] do verbo '''[[tachar]]'''
[[Categoria:Forma verbal (Português)]]
[[en:tacháramos]]
[[es:tacháramos]]
[[fr:tacháramos]]
[[mg:tacháramos]]
[[no:tacháramos]]</text>
<sha1>ad2i2pxnkfso2bznwbnd9maw2j6pe47</sha1>
</revision>
