<page>
<title>tachão</title>
<ns>0</ns>
<id>374007</id>
<revision>
<id>2234813</id>
<timestamp>2017-02-08T18:42:56Z</timestamp>
<contributor>
<username>Tribuno da Plebe</username>
<id>16095</id>
</contributor>
<comment>[[Ajuda:Guia de edição/Menus e ferramentas/Sumário de edição|→]] nova página: [[Ficheiro:Cat's eye.JPG|300px|right]] ={{-pt-}}= ==Substantivo== {{flex.pt|ms=tachão|mp=tachões}} {{oxíto...</comment>
<model>wikitext</model>
<format>text/x-wiki</format>
<text bytes="459" xml:space="preserve">[[Ficheiro:Cat's eye.JPG|300px|right]]
={{-pt-}}=
==Substantivo==
{{flex.pt|ms=tachão|mp=tachões}}
{{oxítona|ta|chão}}
# aumentativo de [[tacha]]
# objeto refletor colocado sobre as [[rua]]s para melhorar a visibilidade das [[faixa]]s à noite
===Sinônimos===
* [[olho de gato]]
* [[tartaruga]]
[[Categoria:Substantivo (Português)]]
[[Categoria:Objeto (Português)]]
[[Categoria:Transporte (Português)]]
[[Categoria:Entrada com imagem (Português)]]</text>
<sha1>to9bpsk488o6mopbuui0ncp0m95or51</sha1>
</revision>
</page>
