<page>
<page>
<title>taciturno</title>
<ns>0</ns>
<id>50498</id>
<revision>
<id>2611731</id>
<parentid>2080282</parentid>
<timestamp>2021-01-31T10:03:35Z</timestamp>
<contributor>
<username>Marxav</username>
<id>73271</id>
</contributor>
<minor />
<comment>AFI Portugal</comment>
<model>wikitext</model>
<format>text/x-wiki</format>
<text bytes="1688" xml:space="preserve">={{-pt-}}=
==Adjetivo==
{{flex.pt|ms=taciturno|mp=taciturnos|fs=taciturna|fp=taciturnas}}
{{paroxítona|ta|ci|tur|no}}
# de [[pouco|poucas]] [[palavra]]s
# [[tristonho]]
#* '''1996'''. KANT, Immanuel.  ''Sobre a pedagogia''.  Tradução de Francisco Cock Fontanella.  Piracicaba: Editora Unimep, 1996.  p. 485.
#*: ''Toda religião, que torne o homem '''taciturno''', é falsa, porque este deve servir a Deus com prazer, e não constrangido.''
# [[soturno]] (lugar)
# [[membro]] de antiga seita de anabatistas que impunha a obrigação  do silêncio
===Tradução===
{{tradini}}
* {{trad|af|swygsaam}}
* {{trad|de|schweigsam}}
* {{trad|eu|goibel}}
* {{trad|bg|мълчалив}}
* {{trad|cs|mlèenlivý}}
* {{trad|da|tavs}}
* {{trad|sk|mlèanlivý}}
* {{trad|es|taciturno|hosco}}
* {{trad|fi|vaitelias}}
* {{trad|fr|taciturne}}
{{tradmeio}}
* {{trad|nl|zwijgzaam}}
* {{trad|hu|szótlan}}
* {{trad|en|taciturn}}
* {{trad|it|taciturno}}
* {{trad|lv|mazrunīgs}}
* {{trad|pl|milczący}}
* {{trad|ro|taciturn}}
* {{trad|ru|молчаливый}}
* {{trad|sv|tystlåten}}
{{tradfim}}
=={{etimologia|pt}}==
: Do latim ''taciturnu''.
=={{pronúncia|pt}}==
===Portugal===
* AFI: {{AFI|/tɐ.si.ˈtuɾ.nu/}}
[[Categoria:Adjetivo (Português)]]
={{-es-}}=
==Adjetivo==
'''taciturno'''
# [[taciturno#Português|taciturno]]
[[Categoria:Adjetivo (Espanhol)]]
={{-it-}}=
==Adjetivo==
'''taciturno'''
# [[taciturno#Português|taciturno]]
[[Categoria:Adjetivo (Italiano)]]
[[chr:taciturno]]
[[de:taciturno]]
[[en:taciturno]]
[[es:taciturno]]
[[fi:taciturno]]
[[fr:taciturno]]
[[io:taciturno]]
[[it:taciturno]]
[[ko:taciturno]]
[[mg:taciturno]]
[[pl:taciturno]]
[[tl:taciturno]]
[[zh:taciturno]]</text>
<sha1>g87topdad60g5hi1b7rzb4b3876520y</sha1>
</revision>
