<page>
<page>
<title>tacitum</title>
<ns>0</ns>
<id>56426</id>
<revision>
<id>2024076</id>
<parentid>1687595</parentid>
<timestamp>2015-10-25T20:51:44Z</timestamp>
<contributor>
<username>JAnDbot</username>
<id>25083</id>
</contributor>
<minor />
<comment>Robô: A adicionar: [[cs:tacitum]]</comment>
<model>wikitext</model>
<format>text/x-wiki</format>
<text bytes="340" xml:space="preserve">={{-la-}}=
==Substantivo==
'''ta.ci.tum'''
:# [[segredo]]
:# [[silêncio]]
==Verbo==
'''ta.ci.tum''' ''participio passado''
:# particípio passado do verbo '''[[taceo]], -ere'''
:# [[calado]]
[[Categoria:Substantivo (Latim)]]
[[Categoria:Forma verbal (Latim)]]
[[cs:tacitum]]
[[en:tacitum]]
[[es:tacitum]]
[[fr:tacitum]]
[[ru:tacitum]]</text>
<sha1>8zgpkpe1qrtwt00nurdvw9cunzqotc9</sha1>
</revision>
