<page>
<title>Tacikistan</title>
<ns>0</ns>
<id>62347</id>
<revision>
<id>2581831</id>
<parentid>2280709</parentid>
<timestamp>2020-03-13T17:43:17Z</timestamp>
<contributor>
<username>ValJor</username>
<id>1358</id>
</contributor>
<comment>Acrescentando código de língua à [[:Categoria:!Página com mensagem de erro em predefinição|predefinição escopo]]</comment>
<model>wikitext</model>
<format>text/x-wiki</format>
<text bytes="1408" xml:space="preserve">{{Wikipédia|lang=az}}
{{Wikipédia|lang=gag}}
{{Wikipédia|lang=crh}}
{{Wikipédia|lang=tr}}
[[Imagem:Flag of Tajikistan.svg|thumb|right|250px|&lt;center&gt;Bandeira do Tajiquistão&lt;/center&gt;]]
[[Imagem:LocationTajikistan.svg|thumb|right|250px|&lt;center&gt;Localização do Tajiquistão&lt;/center&gt;]]
={{-az-}}=
==Substantivo==
'''Ta.ci.kis.tan''', {{gramática|pr}}
# {{escopo|az|País}} [[Tajiquistão]]
==Ver também==
===No Wikcionário===
* [[Tacik#{{az}}|Tacik]]
{{Ásia/az}}
[[Categoria:Substantivo (Azerbaijano)]]
[[Categoria:Polissílabo (Azerbaijano)]]
[[Categoria:Entrada com imagem (Azerbaijano)]]
={{-gag-}}=
==Substantivo==
'''Tacikistan''', {{gramática|pr}}
# {{escopo|gag|País}} [[Tajiquistão]]
==Ver também==
===No Wikcionário===
{{Ásia/gag}}
[[Categoria:Substantivo (Gagauz)]]
[[Categoria:Entrada com imagem (Gagauz)]]
={{-crh-}}=
==Substantivo==
'''Tacikistan''', {{gramática|pr}}
# {{escopo|crh|País}} [[Tajiquistão]]
==Ver também==
===No Wikcionário===
{{Ásia/crh}}
[[Categoria:Substantivo (Tártaro da Crimeia)]]
[[Categoria:Entrada com imagem (Tártaro da Crimeia)]]
={{-tr-}}=
==Substantivo==
'''Ta.ci.kis.tan''', {{gramática|pr}}
# {{escopo|tr|País}} [[Tajiquistão]]
==Ver também==
===No Wikcionário===
* [[Tacik#{{tr}}|Tacik]]
* [[Tacikçe]]
{{Ásia/tr}}
[[Categoria:Substantivo (Turco)]]
[[Categoria:Polissílabo (Turco)]]
[[Categoria:Entrada com imagem (Turco)]]</text>
<sha1>ep9lf3bgy2t44q66wcsujzbnp61v4of</sha1>
</revision>
</page>
