<page>
<title>tacitus</title>
<ns>0</ns>
<id>56425</id>
<revision>
<id>2239700</id>
<parentid>1702922</parentid>
<timestamp>2017-02-17T11:20:36Z</timestamp>
<contributor>
<username>UT-interwiki-Bot</username>
<id>56129</id>
</contributor>
<minor />
<comment>Robô: A adicionar: [[fi:tacitus]]</comment>
<model>wikitext</model>
<format>text/x-wiki</format>
<text bytes="307" xml:space="preserve">={{-la-}}=
==Adjetivo==
'''taci.tus, -a, -um'''
:# [[calado]]
:# [[silencioso]]
:# [[tácito]]
:# [[secreto]]
:# [[oculto]]
{{decl.la.adjprimclas.us|tacit|VS=tacitus}}
[[Categoria:Adjetivo (Latim)]]
[[cs:tacitus]]
[[en:tacitus]]
[[es:tacitus]]
[[fi:tacitus]]
[[fr:tacitus]]
[[ko:tacitus]]
[[pl:tacitus]]</text>
<sha1>s62mil2utte5gacetuf1amrw7ij3pjp</sha1>
</revision>
</page>
