<page>
<page>
<title>Taciba</title>
<ns>0</ns>
<id>120709</id>
<revision>
<id>2496461</id>
<parentid>2496460</parentid>
<timestamp>2018-04-15T01:40:26Z</timestamp>
<contributor>
<username>MIL973</username>
<id>41339</id>
</contributor>
<model>wikitext</model>
<format>text/x-wiki</format>
<text bytes="507" xml:space="preserve">{{Wikipédia}}
{{ver também|taciba}}
={{-pt-}}=
==Substantivo==
{{paroxítona|Ta|ci|ba}}, {{gramática|pr}}
# {{escopo|pt|Município do estado de São Paulo}} [[Apêndice:Gentílicos e topónimos em português/Brasil/São Paulo|município brasileiro do estado de São Paulo]]
==Ver também==
===No Wikcionário===
{{colunas|2}}
* [[taciba]]
* [[tacibense]]
{{colunas/fim}}
==Ligações externas==
* [http://www.taciba.sp.gov.br/ Prefeitura de Taciba (São Paulo)]
[[Categoria:Substantivo (Português)]]</text>
<sha1>3oizrx2t7aewqg44vl47n12953bd93q</sha1>
</revision>
