<page>
<page>
<title>tack</title>
<ns>0</ns>
<id>363866</id>
<revision>
<id>2168521</id>
<parentid>2164664</parentid>
<timestamp>2016-09-06T23:26:12Z</timestamp>
<contributor>
<username>UT-interwiki-Bot</username>
<id>56129</id>
</contributor>
<minor />
<comment>Robô: A adicionar: chr, cs, de, el, en, eo, et, fi, fj, fr, hu, hy, io, is, it, ka, kn, ko, ku, lt, lv, mg, ml, my, nl, pl, ro, ru, sh, simple, sv, ta, te, vi, zh</comment>
<model>wikitext</model>
<format>text/x-wiki</format>
<text bytes="751" xml:space="preserve">{{ver também|tak|takk}}
=Sueco=
==Interjeição==
'''tack'''
# [[obrigado(a)]], ''por favor''
#: '''''Tack så mycket!''''' - ''Muito obrigado(a)!''
# [[por favor]] ''(pedindo algo)''
#: '''''Ja tack.''''' - ''Sim, por favor.'' 
=={{pronúncia|sv}}==
* [[AFI]]:{{IPA|/tak:/|lang=sv}}
* {{audio|Sv-tack.ogg|audio|lang=sv}}
[[chr:tack]]
[[cs:tack]]
[[de:tack]]
[[el:tack]]
[[en:tack]]
[[eo:tack]]
[[et:tack]]
[[fi:tack]]
[[fj:tack]]
[[fr:tack]]
[[hu:tack]]
[[hy:tack]]
[[io:tack]]
[[is:tack]]
[[it:tack]]
[[ka:tack]]
[[kn:tack]]
[[ko:tack]]
[[ku:tack]]
[[lt:tack]]
[[lv:tack]]
[[mg:tack]]
[[ml:tack]]
[[my:tack]]
[[nl:tack]]
[[pl:tack]]
[[ro:tack]]
[[ru:tack]]
[[sh:tack]]
[[simple:tack]]
[[sv:tack]]
[[ta:tack]]
[[te:tack]]
[[vi:tack]]
[[zh:tack]]</text>
<sha1>ldihuq6i1hpa3p51wkguqarb8shty2d</sha1>
</revision>
