<page>
<title>tacometria</title>
<ns>0</ns>
<id>335016</id>
<revision>
<id>2446518</id>
<parentid>2056427</parentid>
<timestamp>2017-08-30T13:47:13Z</timestamp>
<contributor>
<username>ValJor</username>
<id>1358</id>
</contributor>
<comment>Acrescentando código de língua à [[:Categoria:!Página com mensagem de erro em predefinição|predefinição escopo]]</comment>
<model>wikitext</model>
<format>text/x-wiki</format>
<text bytes="335" xml:space="preserve">={{-pt-}}=
==Substantivo==
{{flex.pt|fs=tacometria|fp=tacometrias}}
{{paroxítona|ta|co|me|tri|a}}, {{gramática|f}}
# {{escopo|pt|Física}} emprego do [[tacômetro]]
=={{etimologia|pt}}==
: {{escopo|Morfologia}} [[taco-]] + [[-metria]].
==Ver também==
===No Wikcionário===
* [[taquimetria]]
[[Categoria:Substantivo (Português)]]</text>
<sha1>3prepa4d24hgx1fq9k0sqzucmofo6w1</sha1>
</revision>
</page>
