<page>
<title>taco</title>
<ns>0</ns>
<id>297856</id>
<revision>
<id>2439006</id>
<parentid>2257456</parentid>
<timestamp>2017-07-20T17:38:27Z</timestamp>
<contributor>
<username>ValJor</username>
<id>1358</id>
</contributor>
<comment>Substituindo escopo por escopo2 para desfazer pedidos de categorias que não devem ser criadas</comment>
<model>wikitext</model>
<format>text/x-wiki</format>
<text bytes="2054" xml:space="preserve">={{-pt-}}=
==Substantivo==
{{flex.pt|ms=taco|mp=tacos}}
{{paroxítona|ta|co}}, {{gramática|m}}
# [[pedaço]] de madeira
# [[pau]] do bilhar
# objeto sólido alongado e cilíndrico com ponta encurvada usado para condução do disco junto ao piso na prática de diversos desportos como a exemplo, no [[hóquei]]
# {{escopo2|Beisebol}} objeto alongado e cilíndrico sólido usado para rebater a bola alçada
# {{escopo2|Golfe}} objeto alongado e cilíndrico sólido usado para bater na bola parada em um ponto a alçando pruma determinada direção
===Sinônimos===
* De '''3''': [[estique]]
* De '''4''': [[bastão]]
===Expressões===
* '''[[confiar no taco]]''':
===Tradução===
{{tradini|De 3 (objeto sólido alongado e cilíndrico com ponta encurvada usado para condução do disco junto ao piso)}}
* {{trad|en|stick}}
{{tradmeio}}
{{tradfim}}
{{tradini|De 4 (objeto alongado e cilíndrico sólido usado para rebater a bola alçada)}}
* {{trad|en|bat}}
{{tradmeio}}
{{tradfim}}
{{tradini|De 5 (objeto alongado e cilíndrico sólido usado para bater na bola parada em um ponto a alçando)}}
* {{trad|en|club}}
{{tradmeio}}
{{tradfim}}
==Ver também==
===No Wikcionário===
* [[atacar]]
==Anagrama==
# [[cota]]
# [[toca]]
[[Categoria:Substantivo (Português)]]
={{-gl-}}=
==Adjetivo==
{{flex.gl|s=taco|p=tacos}}
{{paroxítona|ta|co|lang=gl}}
# {{escopo|gl|familiar}} [[pequeno]], referido a uma pessoa
==Substantivo==
{{flex.gl|ms=taco|mp=tacos}}
{{paroxítona|ta|co|lang=gl}}, {{g|m|lang=gl}}
# [[taco#{{pt}}|taco]], [[pedaço]] de madeira
# [[taco#{{pt}}|taco]], [[pau]] do bilhar
# pequeno pedaço de [[comida]], petisco
# dentro de uma [[horta]], pequeno pedaço de terreno dedicado a uma [[hortaliça]] ou a [[seminário]]
# [[salto]] do calçado
# {{escopo|gl|Jogo|Infantil}} [[tubo]] feito de [[sabugueiro]] usado a jeito de [[zarabatana]], que impulsa pequenas [[bala]]s impelidas por um êmbolo
===Verbetes derivados===
* [[sacho dos tacos#{{gl}}|sacho dos tacos]]
[[Categoria:Adjetivo (Galego)]]
[[Categoria:Substantivo (Galego)]]</text>
<sha1>j9f7ioql0a2dxrryiipboofh05hhhou</sha1>
</revision>
</page>
