<page>
<page>
<title>tacométrico</title>
<ns>0</ns>
<id>335015</id>
<revision>
<id>2056386</id>
<parentid>1886530</parentid>
<timestamp>2016-01-15T19:38:54Z</timestamp>
<contributor>
<username>ValJor</username>
<id>1358</id>
</contributor>
<comment>Melhorando a apresentação do verbete</comment>
<model>wikitext</model>
<format>text/x-wiki</format>
<text bytes="384" xml:space="preserve">={{-pt-}}=
==Adjetivo==
{{flex.pt|ms=tacométrico|mp=tacométricos|fs=tacométrica|fp=tacométricas}}
{{proparoxítona|ta|co|mé|tri|co}}
# relativo à [[tacometria]]
==Ver também==
===No Wikcionário===
{{verTambém.Ini}}
* [[taqueométrico]]
{{verTambém.NovaColuna}}
* [[taquimétrico]]
{{verTambém.Fim}}
[[Categoria:Adjetivo (Português)]]
[[Categoria:Mecânica (Português)]]</text>
<sha1>9a4rcdnhz1c0wc406v45y04b26cbvbn</sha1>
</revision>
