<page>
<page>
<title>tacteámos</title>
<ns>0</ns>
<id>309090</id>
<revision>
<id>2036255</id>
<parentid>1971888</parentid>
<timestamp>2015-11-13T10:27:10Z</timestamp>
<contributor>
<username>ValJor</username>
<id>1358</id>
</contributor>
<comment>Acrescentando a predefinição avi-for-fle</comment>
<model>wikitext</model>
<format>text/x-wiki</format>
<text bytes="233" xml:space="preserve">={{-pt-}}=
==Forma verbal==
{{paroxítona|tac|te|á|mos}}
# primeira pessoa do plural do pretérito perfeito do modo indicativo do verbo [[tactear]]
{{avi-for-fle|tactear}}
[[Categoria:Forma verbal (Português)]]
[[en:tacteámos]]</text>
<sha1>9xa9nykxr50ooru14owmz2x4mcwv04w</sha1>
</revision>
