<page>
<page>
<title>tacto</title>
<ns>0</ns>
<id>30993</id>
<revision>
<id>2538297</id>
<parentid>2538296</parentid>
<timestamp>2019-03-07T15:46:58Z</timestamp>
<contributor>
<username>Yone Fernandes</username>
<id>11532</id>
</contributor>
<minor />
<comment>/* Ver Também */</comment>
<model>wikitext</model>
<format>text/x-wiki</format>
<text bytes="681" xml:space="preserve">{{Wikipédia}}
={{-pt-}}=
'''&lt;small&gt;(Vocábulo com dupla grafia: [[tato]])&lt;/small&gt;'''
==Substantivo==
{{paroxítona|tac|to}} {{m}}
:* um dos cinco [[sentido]]s do ser humano. É viabilizado pela [[pele]]
===Sinônimo===
:* {{escopo|pt|Brasil}} [[tato]]
==Ver também==
{{cinco sentidos/pt}}
[[Categoria:Substantivo (Português)]]
[[Categoria:Entrada com dupla grafia (Português)]]
={{-es-}}=
==Substantivo==
'''tacto''' ['tak to ] ''masculino''   
# [[tato]]
[[Categoria:Substantivo (Espanhol)]]
[[az:tacto]]
[[ca:tacto]]
[[chr:tacto]]
[[en:tacto]]
[[eo:tacto]]
[[es:tacto]]
[[fi:tacto]]
[[fr:tacto]]
[[io:tacto]]
[[ko:tacto]]
[[mg:tacto]]
[[pl:tacto]]
[[ru:tacto]]
[[zh:tacto]]</text>
<sha1>5viimfcopotgqjeecw74nij86cce3yo</sha1>
</revision>
