<page>
<page>
<title>Tacuru</title>
<ns>0</ns>
<id>139254</id>
<revision>
<id>2280712</id>
<parentid>1196922</parentid>
<timestamp>2017-04-27T02:35:41Z</timestamp>
<contributor>
<username>HydrizBot</username>
<id>29590</id>
</contributor>
<minor />
<comment>Robô: A limpar links interwikis antigos</comment>
<model>wikitext</model>
<format>text/x-wiki</format>
<text bytes="279" xml:space="preserve">={{-pt-}}=
{{Wikipédia}}
==Substantivo==
'''Tacuru''' {{pr}}
#[[município]] [[brasileiro]] do [[estado]] de [[Mato Grosso do Sul]]
==Ver também==
*[[Apêndice:Municípios do estado de Mato Grosso do Sul]]
[[Categoria:Município do estado de Mato Grosso do Sul (Português)]]</text>
<sha1>ce2j8fr1pds64l80vn0mds0ii6celnk</sha1>
</revision>
