<page>
<title>tadellos</title>
<ns>0</ns>
<id>50351</id>
<revision>
<id>2098392</id>
<parentid>2045197</parentid>
<timestamp>2016-05-11T12:06:24Z</timestamp>
<contributor>
<username>JAnDbot</username>
<id>25083</id>
</contributor>
<minor />
<comment>Robô: A adicionar: [[sk:tadellos]]</comment>
<model>wikitext</model>
<format>text/x-wiki</format>
<text bytes="272" xml:space="preserve">={{-de-}}=
==Adjetivo==
'''tadellos'''
:# [[irreprochável]].
[[Categoria:Adjetivo (Alemão)]]
[[cs:tadellos]]
[[de:tadellos]]
[[en:tadellos]]
[[ko:tadellos]]
[[ku:tadellos]]
[[mg:tadellos]]
[[pl:tadellos]]
[[ru:tadellos]]
[[sk:tadellos]]
[[sv:tadellos]]
[[zh:tadellos]]</text>
<sha1>9y9t29qfg61znnuxfrhcjd8o15r4z8l</sha1>
</revision>
</page>
