<page>
<title>tadi</title>
<ns>0</ns>
<id>66852</id>
<revision>
<id>1353692</id>
<parentid>1323665</parentid>
<timestamp>2012-01-04T22:08:27Z</timestamp>
<contributor>
<username>Luckas-bot</username>
<id>5986</id>
</contributor>
<minor />
<comment>r2.7.2) (Robô: A adicionar: [[id:tadi]], [[mg:tadi]]</comment>
<model>wikitext</model>
<format>text/x-wiki</format>
<text bytes="261" xml:space="preserve">={{-et-}}=
==Substantivo==
'''tadi'''
:# [[tia]]
==Outros Verbetes==
* [[abikaasa]]
* [[ema]]
* [[isa]]
* [[onu]]
* [[pere]]
* [[poeg]]
* [[tütar]]
[[Categoria:Substantivo (Estoniano)]]
[[Categoria:Família (Estoniano)]]
[[fr:tadi]]
[[id:tadi]]
[[mg:tadi]]</text>
<sha1>9su584arcpvdn5m9b2yjk6p4tb1h2cc</sha1>
</revision>
</page>
