<page>
<title>Tadjiquistão</title>
<ns>0</ns>
<id>51733</id>
<revision>
<id>2628333</id>
<parentid>2504582</parentid>
<timestamp>2021-04-01T09:35:35Z</timestamp>
<contributor>
<username>ValJor</username>
<id>1358</id>
</contributor>
<comment>Melhorando a apresentação do verbete usando a [[:predefinição:cria-entrada]]</comment>
<model>wikitext</model>
<format>text/x-wiki</format>
<text bytes="511" xml:space="preserve">{{Wikipédia|lang=pt|Tajiquistão}}
[[Imagem:Flag of Tajikistan.svg|thumb|right|250px|{{centro|Bandeira do Tajiquistão}}]]
[[Imagem:LocationTajikistan.svg|thumb|right|250px|{{centro|Localização do Tajiquistão}}]]
={{-pt-}}=
==Substantivo==
{{oxítona|Ta|dji|quis|tão}}, {{gramática|m|pr}}
# {{escopo|pt|País}} grafia alternativa para [[Tajiquistão]]
==Ver também==
===No Wikcionário===
* [[tadjique]]
{{Ásia/pt}}
[[Categoria:Substantivo (Português)]]
[[Categoria:Entrada com imagem (Português)]]</text>
<sha1>jr6h4broawm85i2uov73fgmu250m2gd</sha1>
</revision>
</page>
