<page>
<title>tadjic</title>
<ns>0</ns>
<id>341343</id>
<revision>
<id>2137886</id>
<parentid>1946151</parentid>
<timestamp>2016-06-10T21:32:04Z</timestamp>
<contributor>
<username>UT-interwiki-Bot</username>
<id>56129</id>
</contributor>
<minor />
<comment>Robô: A adicionar: [[ro:tadjic]]</comment>
<model>wikitext</model>
<format>text/x-wiki</format>
<text bytes="523" xml:space="preserve">={{-lfn-}}=
{{flex.lfn|tadjic|tadjices}}
==Substantivo==
{{oxítona|ta|djic|lang=lfn}}
#[[tajique]], língua tajique
==Adjetivo==
{{oxítona|ta|djic|lang=lfn}}
#[[tajique]], relativo ao [[Tajiquistão]]
===Grafias alternativas===
* '''[[alfabeto cirílico|Alfabeto cirílico]]:''' {{l.s.|таджик|{{lfn}}}}
==Ver também==
{{verTambém.Ini}}
* {{link opcional|Tadjicistan|lfn}}
{{verTambém.NovaColuna}}
{{verTambém.Fim}}
{{categorias|{{nome categoria|lfn}}|Substantivo|Adjetivo|Gentílico|Língua}}
[[ro:tadjic]]</text>
<sha1>o9vfsu6jj6gfltnp16k7ed76i7obzll</sha1>
</revision>
</page>
