<page>
<title>Tadjikistan</title>
<ns>0</ns>
<id>62348</id>
<revision>
<id>2547282</id>
<parentid>2461165</parentid>
<timestamp>2019-06-20T19:30:58Z</timestamp>
<contributor>
<username>ValJor</username>
<id>1358</id>
</contributor>
<comment>Corrigindo idioma da categorização: Aromeno --&gt; Arromeno</comment>
<model>wikitext</model>
<format>text/x-wiki</format>
<text bytes="4487" xml:space="preserve">{{Wikipédia|lang=af}}
{{Wikipédia|lang=br}}
{{Wikipédia|lang=ca}}
{{Wikipédia|lang=fr}}
{{Wikipédia|lang=frr}}
{{Wikipédia|lang=ht}}
{{Wikipédia|lang=ie}}
{{Wikipédia|lang=lad}}
{{Wikipédia|lang=lb}}
{{Wikipédia|lang=ro}}
[[Imagem:Flag of Tajikistan.svg|thumb|250px|&lt;center&gt;Bandeira do Tajiquistão&lt;/center&gt;]]
[[Imagem:LocationTajikistan.svg|thumb|250px|&lt;center&gt;Localização do Tajiquistão&lt;/center&gt;]]
={{-af-}}=
==Substantivo==
'''Tadjikistan''', {{gramática|pr}}
# {{escopo|af|País}} [[Tajiquistão]]
==Ver também==
===No Wikcionário===
{{Ásia/af}}
[[Categoria:Substantivo (Africâner)]]
[[Categoria:Entrada com imagem (Africâner)]]
={{-rup-}}=
==Substantivo==
'''Tadjikistan''', {{gramática|pr}}
# {{escopo|rup|País}} [[Tajiquistão]]
==Ver também==
===No Wikcionário===
{{Ásia/rup}}
[[Categoria:Substantivo (Arromeno)]]
[[Categoria:Entrada com imagem (Arromeno)]]
={{-eu-}}=
==Substantivo==
'''Tadjikistan''', {{gramática|pr}}
# {{escopo|eu|País}} [[Tajiquistão]]
==={{-varort-}}===
{{verTambém.Ini}}
* {{link opcional|Tajikistan|eu}}
{{verTambém.NovaColuna}}
* {{link opcional|Tadjikistango Errepublika|eu}}
{{verTambém.NovaColuna}}
* {{link opcional|Tajikistango Errepublika|eu}}
{{verTambém.Fim}}
==Ver também==
===No Wikcionário===
{{Ásia/eu}}
[[Categoria:Substantivo (Basco)]]
[[Categoria:Entrada com imagem (Basco)]]
={{-br-}}=
==Substantivo==
'''Tadjikistan''', {{gramática|pr}}
# {{escopo|br|País}} [[Tajiquistão]]
==={{-varort-}}===
{{verTambém.Ini}}
* {{link opcional|Republik Tadjikistan|br}}
{{verTambém.Fim}}
==Ver também==
===No Wikcionário===
{{Ásia/br}}
[[Categoria:Substantivo (Bretão)]]
[[Categoria:Entrada com imagem (Bretão)]]
={{-ca-}}=
==Substantivo==
'''Tadjikistan''', {{gramática|pr}}
# {{escopo|ca|País}} [[Tajiquistão]]
==Ver também==
===No Wikcionário===
{{Ásia/ca}}
[[Categoria:Substantivo (Catalão)]]
[[Categoria:Entrada com imagem (Catalão)]]
={{-fr-}}=
==Substantivo==
'''Tadjikistan''', {{gramática|pr}}
# {{escopo|fr|País}} [[Tajiquistão]]
==={{-varort-}}===
{{verTambém.Ini}}
* {{link opcional|République du Tadjikistan|fr}}
{{verTambém.NovaColuna}}
* {{link opcional|République de Tadjikistan|fr}}
{{verTambém.Fim}}
==Ver também==
===No Wikcionário===
{{verTambém.Ini}}
* {{link opcional|tadjik|fr}}
{{verTambém.NovaColuna}}
* {{link opcional|Tadjik|fr}}
{{verTambém.Fim}}
{{Ásia/fr}}
[[Categoria:Substantivo (Francês)]]
[[Categoria:Entrada com imagem (Francês)]]
={{-frr-}}=
==Substantivo==
'''Tadjikistan''', {{gramática|pr}}
# {{escopo|frr|País}} [[Tajiquistão]]
==Ver também==
===No Wikcionário===
{{Ásia/frr}}
[[Categoria:Substantivo (Frísio Setentrional)]]
[[Categoria:Entrada com imagem (Frísio Setentrional)]]
={{-ht-}}=
==Substantivo==
'''Tadjikistan''', {{gramática|pr}}
# {{escopo|ht|País}} [[Tajiquistão]]
==Ver também==
===No Wikcionário===
{{Ásia/ht}}
[[Categoria:Substantivo (Haitiano)]]
[[Categoria:Entrada com imagem (Haitiano)]]
={{-ie-}}=
==Substantivo==
'''Tadjikistan''', {{gramática|pr}}
# {{escopo|ie|País}} [[Tajiquistão]]
==Ver também==
===No Wikcionário===
{{Ásia/ie}}
[[Categoria:Substantivo (Interlíngue)]]
[[Categoria:Entrada com imagem (Interlíngue)]]
={{-lad-}}=
==Substantivo==
'''Tadjikistan''', {{gramática|pr}}
# {{escopo|lad|País}} [[Tajiquistão]]
==Ver também==
===No Wikcionário===
{{Ásia/lad}}
[[Categoria:Substantivo (Ladino)]]
[[Categoria:Entrada com imagem (Ladino)]]
={{-lb-}}=
==Substantivo==
'''Tadjikistan''', {{gramática|pr}}
# {{escopo|lb|País}} [[Tajiquistão]]
==Ver também==
===No Wikcionário===
{{Ásia/lb}}
[[Categoria:Substantivo (Luxemburguês)]]
[[Categoria:Entrada com imagem (Luxemburguês)]]
={{-pcd-}}=
==Substantivo==
'''Tadjikistan''', {{gramática|pr}}
# {{escopo|pcd|País}} [[Tajiquistão]]
==Ver também==
===No Wikcionário===
{{Ásia/pcd}}
[[Categoria:Substantivo (Picardo)]]
[[Categoria:Entrada com imagem (Picardo)]]
={{-ro-}}=
==Substantivo==
'''Tadjikistan''', {{gramática|pr}}
# {{escopo|ro|País}} [[Tajiquistão]]
==={{-varort-}}===
{{verTambém.Ini}}
* {{link opcional|Republica Tadjikistan|ro}}
{{verTambém.Fim}}
* '''Alfabeto cirílico''': {{escopo2|moldavo}} {{l.s.|Таӂикистан|{{mo}}}} ''(Somente na Transnístria)'' 
===Verbetes derivados===
* {{link opcional|tadjică|ro}}
==Ver também==
===No Wikcionário===
{{Ásia/ro}}
[[Categoria:Substantivo (Romeno)]]
[[Categoria:Entrada com imagem (Romeno)]]</text>
<sha1>o5kz76umahokhimzobq2548vth2uzzj</sha1>
</revision>
</page>
