<page>
<title>Tadjicistan</title>
<ns>0</ns>
<id>320179</id>
<revision>
<id>2581812</id>
<parentid>1946142</parentid>
<timestamp>2020-03-13T11:52:34Z</timestamp>
<contributor>
<username>ValJor</username>
<id>1358</id>
</contributor>
<comment>Acrescentando código de língua à [[:Categoria:!Página com mensagem de erro em predefinição|predefinição escopo]]</comment>
<model>wikitext</model>
<format>text/x-wiki</format>
<text bytes="617" xml:space="preserve">{{Wikipédia|lang=lfn}}
[[Imagem:Flag of Tajikistan.svg|thumb|right|250px|&lt;center&gt;Bandeira do Tajiquistão&lt;/center&gt;]]
[[Imagem:LocationTajikistan.svg|thumb|right|250px|&lt;center&gt;Localização do Tajiquistão&lt;/center&gt;]]
={{-lfn-}}=
==Substantivo==
{{oxítona|Ta|dji|cis|tan|lang=lfn}}, {{gramática|pr}}
# {{escopo|lfn|País}} [[Tajiquistão]]
==={{-varort-}}===
* '''Alfabeto cirílico''': {{l.s.|Таджикистан|{{lfn}}}}
==Ver também==
===No Wikcionário===
* {{link opcional|tadjic|lfn}}
{{Ásia/lfn}}
[[Categoria:Substantivo (Língua Franca Nova)]]
[[Categoria:Entrada com imagem (Língua Franca Nova)]]</text>
<sha1>dkz5c60adbzq895m1mx4ammmb8djw1v</sha1>
</revision>
</page>
