<page>
<page>
<title>tadoma</title>
<ns>0</ns>
<id>414715</id>
<revision>
<id>2561761</id>
<parentid>2557659</parentid>
<timestamp>2019-11-17T10:34:33Z</timestamp>
<contributor>
<username>ValJor</username>
<id>1358</id>
</contributor>
<comment>Por um [[Especial:Páginas_sem_saída|Wikcionário com saídas]]!</comment>
<model>wikitext</model>
<format>text/x-wiki</format>
<text bytes="465" xml:space="preserve">{{Wikipédia|lang=pt}}
={{-pt-}}=
==Substantivo==
{{paroxítona|ta|do|ma}}, {{gramática|f}}
# [[recurso]] utilizado pelas pessoas surdo-cegas para se [[comunicar]]em; consiste em colocar o dedo polegar na boca do falante e os demais dedos ao longo da linha do queixo dessa pessoa
=={{etimologia|pt}}==
{{llietimo|en|tadoma|pt}}
==Ligações externas==
* {{Michaelis}}
==Anagramas==
# [[adotam]]
# [[matado]]
# [[tomada]]
[[Categoria:Substantivo (Português)]]</text>
<sha1>6ojqxvbkk16cu9cv44ft4auxz30jkmq</sha1>
</revision>
