<page>
<page>
<title>tadpole</title>
<ns>0</ns>
<id>61295</id>
<revision>
<id>2653251</id>
<parentid>2164109</parentid>
<timestamp>2021-11-25T08:40:08Z</timestamp>
<contributor>
<username>ValJor</username>
<id>1358</id>
</contributor>
<comment>Substituindo a [[Especial:Páginas_afluentes/Predefinição:escopoCatLang|predefinição escopoCatLang]] por escopo</comment>
<model>wikitext</model>
<format>text/x-wiki</format>
<text bytes="422" xml:space="preserve">{{Wikipédia|lang=en}}
[[Imagem:Litoria xanthomera tadpole.jpg|thumb|right|250px|{{centro|Girino}}]]
={{-en-}}=
==Substantivo==
{{flex.en|s=tadpole|s-div=tad.pole |p=tadpoles}}
'''tad.pole''' {{rubrica|s|cont}}
# {{escopo|en|Anfíbio}} [[girino]]
==Ver também==
===No Wikcionário===
{{verTambém.Confrontar|redpoll}}
* [[frog]]
* [[toad]]
[[Categoria:Substantivo (Inglês)]]
[[Categoria:Entrada com imagem (Inglês)]]</text>
<sha1>34600wlaw1obwj79a8gvj92otyvvwti</sha1>
</revision>
