<page>
<page>
<title>Tadschikistan</title>
<ns>0</ns>
<id>62346</id>
<revision>
<id>2581805</id>
<parentid>2280717</parentid>
<timestamp>2020-03-13T11:25:31Z</timestamp>
<contributor>
<username>ValJor</username>
<id>1358</id>
</contributor>
<comment>Acrescentando código de língua à [[:Categoria:!Página com mensagem de erro em predefinição|predefinição escopo]]</comment>
<model>wikitext</model>
<format>text/x-wiki</format>
<text bytes="1688" xml:space="preserve">{{Wikipédia|lang=als}}
{{Wikipédia|lang=de}}
{{Wikipédia|lang=nds}}
{{Wikipédia|lang=bar}}
[[Imagem:Flag of Tajikistan.svg|thumb|right|250px|&lt;center&gt;Bandeira do Tajiquistão&lt;/center&gt;]]
[[Imagem:LocationTajikistan.svg|thumb|right|250px|&lt;center&gt;Localização do Tajiquistão&lt;/center&gt;]]
={{-gsw-}}=
==Substantivo==
'''Tad.schi.kis.tan''', {{gramática|pr}}
# {{escopo|gsw|País}} [[Tajiquistão]]
==Ver também==
===No Wikcionário===
{{Ásia/gsw}}
[[Categoria:Substantivo (Alemânico)]]
[[Categoria:Polissílabo (Alemânico)]]
[[Categoria:Entrada com imagem (Alemânico)]]
={{-de-}}=
==Substantivo==
'''Tad.schi.kis.tan''', {{gramática|n|pr}}
# {{escopo|de|País}} [[Tajiquistão]]
===Declinação===
{{decl.de.subst.próprio.neu}}
===Verbetes derivados===
{{verTambém.Ini}}
* {{link opcional|Tadschike|de}}
* {{link opcional|Tadschikin|de}}
* {{link opcional|tadschikisch|de}}
{{verTambém.Fim}}
==Ver também==
===No Wikcionário===
* {{link opcional|Duschanbe|de}}
{{Ásia/de}}
[[Categoria:Substantivo (Alemão)]]
[[Categoria:Polissílabo (Alemão)]]
[[Categoria:Entrada com imagem (Alemão)]]
={{-nds-}}=
==Substantivo==
'''Tad.schi.kis.tan''', {{gramática|pr}}
# {{escopo|nds|País}} [[Tajiquistão]]
==Ver também==
===No Wikcionário===
{{Ásia/nds}}
[[Categoria:Substantivo (Baixo Saxão)]]
[[Categoria:Polissílabo (Baixo Saxão)]]
[[Categoria:Entrada com imagem (Baixo Saxão)]]
={{-bar-}}=
==Substantivo==
'''Tad.schi.kis.tan''', {{gramática|pr}}
# {{escopo|bar|País}} [[Tajiquistão]]
==Ver também==
===No Wikcionário===
{{Ásia/bar}}
[[Categoria:Substantivo (Bávaro)]]
[[Categoria:Polissílabo (Bávaro)]]
[[Categoria:Entrada com imagem (Bávaro)]]</text>
<sha1>qmmfholbukjftd5e7ftwc2luuk9xoqi</sha1>
</revision>
