<page>
<title>Tadzikistania</title>
<ns>0</ns>
<id>62353</id>
<revision>
<id>2280720</id>
<parentid>1910657</parentid>
<timestamp>2017-04-27T02:36:09Z</timestamp>
<contributor>
<username>HydrizBot</username>
<id>29590</id>
</contributor>
<minor />
<comment>Robô: A limpar links interwikis antigos</comment>
<model>wikitext</model>
<format>text/x-wiki</format>
<text bytes="176" xml:space="preserve">={{-la-}}=
==Substantivo==
'''Tadzikistania''' ''próprio''
# [[Tajiquistão]].
==Ver também==
{{Ásia/la}}
[[Categoria:Substantivo (Latim)]]
[[Categoria:Topónimo (Latim)]]</text>
<sha1>bx2mwxt2ijbgiiwv9qmrv4nlq511m2p</sha1>
</revision>
</page>
