<page>
<page>
<title>taekwondo</title>
<ns>0</ns>
<id>16970</id>
<revision>
<id>2222594</id>
<parentid>2220334</parentid>
<timestamp>2017-01-13T20:39:33Z</timestamp>
<contributor>
<username>Amigo7</username>
<id>58547</id>
</contributor>
<comment>{{-pl-}}</comment>
<model>wikitext</model>
<format>text/x-wiki</format>
<text bytes="967" xml:space="preserve">={{-pt-}}=
==Substantivo==
''{{paroxítona|tae|kwon|do}}'', {{gramática|m}}
# {{escopo|pt|estrangeirismo}} [[arte marcial]] coreana baseada principalmente em golpes de [[perna]]
[[Categoria:Substantivo (Português)]]
[[Categoria:Entrada de étimo coreano (Português)]]
={{-en-}}=
==Substantivo==
'''tae.kwon.do'''
# ''[[taekwondo#Português|taekwondo]]''
=={{etimologia|en}}==
: Do coreano ''[[태권도]]'' (taegwondo).
[[Categoria:Substantivo (Inglês)]]
={{-pl-}}=
==Substantivo==
{{paroxítona|tae|kwon|do|lang=pl}}, {{gramática|n}}
# {{escopo|pl|Desporto}} {{link opcional|taekwondo}}
==Ver também==
===No Wikcionário===
{{esportes olímpicos/pl}}
[[Categoria:Substantivo (Polonês)]]
[[cs:taekwondo]]
[[de:taekwondo]]
[[en:taekwondo]]
[[es:taekwondo]]
[[eu:taekwondo]]
[[fi:taekwondo]]
[[fr:taekwondo]]
[[id:taekwondo]]
[[it:taekwondo]]
[[ja:taekwondo]]
[[ko:taekwondo]]
[[nl:taekwondo]]
[[pl:taekwondo]]
[[ru:taekwondo]]
[[zh-min-nan:taekwondo]]</text>
<sha1>01eqgtx8ub43eb3bkxmgj1w772ybx9x</sha1>
</revision>
