<page>
<title>taetae</title>
<ns>0</ns>
<id>35675</id>
<revision>
<id>2220333</id>
<parentid>1789477</parentid>
<timestamp>2017-01-07T12:40:02Z</timestamp>
<contributor>
<username>UT-interwiki-Bot</username>
<id>56129</id>
</contributor>
<minor />
<comment>Robô: A adicionar: [[pl:taetae]]</comment>
<model>wikitext</model>
<format>text/x-wiki</format>
<text bytes="306" xml:space="preserve">={{-gil-}}=
==Substantivo==
'''taetae'''
# [[linguagem]]
# [[idioma]]
==Verbo==
'''taetae'''
# [[falar]]
[[Categoria:Substantivo (Gilbertês)]]
[[Categoria:Verbo (Gilbertês)]]
[[en:taetae]]
[[fi:taetae]]
[[hr:taetae]]
[[ko:taetae]]
[[mg:taetae]]
[[na:taetae]]
[[nl:taetae]]
[[pl:taetae]]
[[ru:taetae]]</text>
<sha1>7d8r9c86hw7hfqem3l9marwf92uu6ly</sha1>
</revision>
</page>
