<page>
<page>
<title>tafo</title>
<ns>0</ns>
<id>298164</id>
<revision>
<id>2581797</id>
<parentid>2206597</parentid>
<timestamp>2020-03-13T10:23:25Z</timestamp>
<contributor>
<username>ValJor</username>
<id>1358</id>
</contributor>
<comment>Melhorando a apresentação do verbete</comment>
<model>wikitext</model>
<format>text/x-wiki</format>
<text bytes="754" xml:space="preserve">={{-gl-}}=
==Substantivo==
{{flex.gl|ms=tafo|mp=tafos}}
{{paroxítona|lang=gl|ta|fo}}, {{gramática|m}}
# [[bafo]]
# [[vapor]] que se condensa
# [[moléstia]]
# [[favo]] de mel
=={{etimologia|gl}}==
: Da mesma origem que ''[[tafio#Galego|tafio]]'' ou ''[[tufo#Galego|tufo]]'', apatentado com o latim {{etimo|la|typhus}}.
==Ver também==
===No Wikcionário===
* [[atafegar]]
[[Categoria:Substantivo (Galego)]]
={{-ast-}}=
==Substantivo==
{{flex.ast|ms=tafo|mp=tafos}}
{{paroxítona|lang=ast|ta|fo}}, {{gramática|m}}
# {{escopo2|Maragateria}} [[odor]] do [[alento]]
#* ''&quot;Diome '''tafo''' a vino&quot;''
# {{escopo2|Maragateria}} [[cheiro]] desprendido por um [[animal]]
==={{-varort-}}===
* [[tafu#Asturiano|tafu]]
[[Categoria:Substantivo (Asturiano)]]</text>
<sha1>332foyoqg4pb13ruj9uhaqbiv6txgg1</sha1>
</revision>
