<page>
<title>tafona</title>
<ns>0</ns>
<id>402120</id>
<revision>
<id>2523525</id>
<timestamp>2018-10-22T16:45:23Z</timestamp>
<contributor>
<username>Cpls</username>
<id>20608</id>
</contributor>
<comment>[[Ajuda:Guia de edição/Menus e ferramentas/Sumário de edição|→]] nova página: ={{-gl-}}= ==Substantivo== {{flex.gl|fs=tafona|fp=tafonas}} {{paroxítona|ta|fo|na|lang=gl}}, {{g|f|lang=gl}}...</comment>
<model>wikitext</model>
<format>text/x-wiki</format>
<text bytes="410" xml:space="preserve">={{-gl-}}=
==Substantivo==
{{flex.gl|fs=tafona|fp=tafonas}}
{{paroxítona|ta|fo|na|lang=gl}}, {{g|f|lang=gl}}
# [[#{{pt}}|atafona]], moinho movido a mão ou por animais
# casa onde cozem e vendem [[pão]]
==={{-varort-}}===
* [[atafona#{{gl}}|atafona]]
=={{etimologia|gl}}==
: Da raiz árabe ط ح ن‎ (ṭ-ḥ-n), origem da palavra {{etimo|ar|مطحنة}} &quot;[[moinho]]&quot;.
[[Categoria:Substantivo (Galego)]]</text>
<sha1>4ejgj00lhpe7je6a7a6mo9y1sie8aev</sha1>
</revision>
</page>
