<page>
<page>
<title>tafu</title>
<ns>0</ns>
<id>299703</id>
<revision>
<id>1473551</id>
<timestamp>2012-10-04T19:23:09Z</timestamp>
<contributor>
<username>Cpls</username>
<id>20608</id>
</contributor>
<comment>[[Ajuda:Guia de edição/Menus e ferramentas/Sumário de edição|→]] nova página: ={{-ast-}}= ==Substantivo== {{flex.ast|ms=tafu|mp=tafos}} {{paroxítona|lang=ast|ta|fu}}, {{m}} #  mau [[odor...</comment>
<model>wikitext</model>
<format>text/x-wiki</format>
<text bytes="490" xml:space="preserve">={{-ast-}}=
==Substantivo==
{{flex.ast|ms=tafu|mp=tafos}}
{{paroxítona|lang=ast|ta|fu}}, {{m}}
#  mau [[odor]]
# [[odor]] do [[alento]]
# [[cheiro]] desprendido por um [[animal]]
# [[boca]] por onde sai a água a pressão que move o [[rodízio]] do [[moinho]]
# no [[carro]] [[maragato]], cubo da [[roda]]
# peça de ferro de forma [[cilíndrico|cilíndrica]] que utiliza el [[ferreiro]] para fazer o olho de uma ferramenta
===Variante===
* [[tafo]]
[[Categoria:Substantivo (Asturiano)]]</text>
<sha1>305krb56kldizul6skujfx68aplqcl5</sha1>
</revision>
