<page>
<title>tafulhar</title>
<ns>0</ns>
<id>316651</id>
<revision>
<id>1703653</id>
<timestamp>2013-07-24T10:08:08Z</timestamp>
<contributor>
<username>ValJor</username>
<id>1358</id>
</contributor>
<comment>Por um [[Especial:Lonelypages|wikcionário sem órfãos]]: [[tafulhámos]]</comment>
<model>wikitext</model>
<format>text/x-wiki</format>
<text bytes="160" xml:space="preserve">={{-pt-}}=
==Verbo==
{{oxítona|ta|fu|lhar}}, ;''v. t.''
# o mesmo que [[atafulhar]]
===Conjugação===
{{conj/pt|tafulh|ar}}
[[Categoria:Verbo (Português)]]</text>
<sha1>2kncqeegs0637dgf0br73wa3cvunzl7</sha1>
</revision>
</page>
