<page>
<page>
<title>tafui</title>
<ns>0</ns>
<id>36477</id>
<revision>
<id>1307021</id>
<parentid>889723</parentid>
<timestamp>2011-11-28T23:55:40Z</timestamp>
<contributor>
<username>MalafayaBot</username>
<id>628</id>
</contributor>
<minor />
<comment>Robô: Substituição de texto automática (-^\=(\s*?)Tétum(\s*?)\= +={{-tet-}}= &amp; -^\=(\s*?)\{\{tet\}\}(\s*?)\= +={{-tet-}}=)</comment>
<model>wikitext</model>
<format>text/x-wiki</format>
<text bytes="76" xml:space="preserve">={{-tet-}}=
==Verbo==
'''tafui'''
# [[cuspir]]
[[Categoria:Verbo (Tétum)]]</text>
<sha1>808668wkm7wbztaf6rktujm7s0l4fjf</sha1>
</revision>
