<page>
<page>
<title>Tag</title>
<ns>0</ns>
<id>12262</id>
<revision>
<id>2670925</id>
<parentid>2470686</parentid>
<timestamp>2022-04-06T09:09:54Z</timestamp>
<contributor>
<username>Jeuwre</username>
<id>61717</id>
</contributor>
<comment>+ audio</comment>
<model>wikitext</model>
<format>text/x-wiki</format>
<text bytes="682" xml:space="preserve">{{ver também|tag}}
= {{-de-}} =
== Substantivo ==
'''Tag''', {{gramática|m}} 
# {{escopo|de|tempo}} [[dia]]
===Antônimo===
*[[Nacht]]
=== Declinação ===
{{decl.de.subst.masc|gs=(e)s|ds=e|np=e|Tag}}
===Verbetes derivados===
{{verTambém.Ini}}
* [[Montag]]
* [[Dienstag]]
* [[Donnerstag]]
* [[Freitag]]
{{verTambém.NovaColuna}}
* [[Samstag]]
* [[Sonntag]]
* [[Karfreitag]]
* [[Geburtstag]]
{{verTambém.Fim}}
== {{etimologia|de}} ==
: Do [[alto alemão antigo]] ''tag''.
== {{pronúncia|de}} ==
* [[AFI]]: {{AFI|/taːk/|de}}
* {{audio|De-Tag.ogg|ouvir|lang=de}}
* {{audio|De-Tag2.ogg|ouvir|lang=de}}
[[Categoria:Substantivo (Alemão)]]
[[Categoria:Monossílabo (Alemão)]]</text>
<sha1>bcznb4h3ecotoq7m33lj90567d9g44x</sha1>
</revision>
