<page>
<page>
<title>tag</title>
<ns>0</ns>
<id>30552</id>
<revision>
<id>2581579</id>
<parentid>2415758</parentid>
<timestamp>2020-03-12T08:04:40Z</timestamp>
<contributor>
<username>ValJor</username>
<id>1358</id>
</contributor>
<comment>Acrescentando código de língua à [[:Categoria:!Página com mensagem de erro em predefinição|predefinição escopo]]</comment>
<model>wikitext</model>
<format>text/x-wiki</format>
<text bytes="1972" xml:space="preserve">{{ver também|Tag}}
={{-pt-}}=
==Substantivo==
{{flex.pt|fs=tag|fp=tags}}
''{{oxítona|tag}}'', {{gramática|f}}
# {{escopo|pt|estrangeirismo}} [[marcador]]
# {{escopo|pt|estrangeirismo}} [[palavra-chave]]
=={{pronúncia|pt}}==
===Brasil===
* [[AFI]]: {{AFI|/'ta.gi/|pt}}
[[Categoria:Substantivo (Português)]]
={{-da-}}=
==Substantivo==
'''tag'''
# [[teto]]
==Forma Verbal==
'''tag'''
# imperativo do verbo [[tage]]
[[Categoria:Substantivo (Dinamarquês)]]
[[Categoria:Forma verbal (Dinamarquês)]]
={{-hu-}}=
==Substantivo==
'''tag'''
# [[membro]]
# [[partidário]]
[[Categoria:Substantivo (Húngaro)]]
={{-en-}}=
==Substantivo==
'''tag'''
# [[etiqueta]]
# [[pega-pega]] (brincadeira infantil)
# a [[ponta]] de [[plástico]] ou [[metal]] no [[final]] do [[cadarço]]
# a [[placa]] de um [[veículo]]
# as [[último|últimas]] [[palavra]]s de um [[discurso]], de uma [[cena]]
# [[multa]] de [[trânsito]]
# um [[cacho]] de [[cabelo]]
# a [[ponta]] [[branco|branca]] do [[rabo]] de uma [[raposa]]
# {{escopo|en|Linguística}} [[curto|curta]] [[pergunta]] ao [[final]] de uma [[frase]]
#* ''It’s cold, isn’t it?'': &lt;small&gt;(Está frio, né?)&lt;/small&gt;
# {{escopo|en|Informática}} [[marcador]]
==Verbo==
'''tag'''
# [[etiquetar]]
# [[multar]] (no trânsito)
# [[colocar]] a [[culpa]] de algo em alguém
# [[determinar]] o [[preço]]
# [[escrever]] [[grafite]], [[grafitar]]
# {{escopo|en|Informal}} [[seguir]] de [[perto]]
# [[tocar]] alguém como numa [[brincadeira]] de [[pega-pega]]
# {{escopo|en|Informática}} [[taguear]]
===Conjugação===
{{conj.en|tag|tags|tagged|tagged|tagging}}
===Verbetes derivados===
* [[tagger]]
[[Categoria:Substantivo (Inglês)]]
[[Categoria:Verbo (Inglês)]]
={{-sv-}}=
==Substantivo==
'''tag'''
# [[minuto]], [[instante]]
#* ''ett litet '''tag''''': &lt;small&gt;um instantinho, um segundo.&lt;/small&gt;
==Forma Verbal==
'''tag'''
# imperativo do verbo [[ta]]
[[Categoria:Substantivo (Sueco)]]
[[Categoria:Forma verbal (Sueco)]]</text>
<sha1>kp8tszyghave87gq4bnd7tnkao972n3</sha1>
</revision>
