<page>
<title>tagarelará</title>
<ns>0</ns>
<id>186420</id>
<revision>
<id>1175596</id>
<parentid>755473</parentid>
<timestamp>2011-07-06T21:17:04Z</timestamp>
<contributor>
<username>MalafayaBot</username>
<id>628</id>
</contributor>
<minor />
<comment>Robô: Substituição de texto automática (-^\=\s?Português\s?\= +={{-pt-}}= &amp; -^\=\s?\{\{pt\}\}\s?\= +={{-pt-}}=)</comment>
<model>wikitext</model>
<format>text/x-wiki</format>
<text bytes="198" xml:space="preserve">={{-pt-}}=
==Forma verbal==
'''tagarelará'''
#[[terceira pessoa]] do [[singular]] do [[futuro do presente]] do verbo '''[[tagarelar]]'''
[[Categoria:Forma verbal (Português)]]
[[no:tagarelará]]</text>
<sha1>k0ef2kjwuz967w9djgu4pggxdaezpxh</sha1>
</revision>
</page>
