<page>
<page>
<title>tagareles</title>
<ns>0</ns>
<id>218645</id>
<revision>
<id>1175615</id>
<parentid>820213</parentid>
<timestamp>2011-07-06T21:17:24Z</timestamp>
<contributor>
<username>MalafayaBot</username>
<id>628</id>
</contributor>
<minor />
<comment>Robô: Substituição de texto automática (-^\=\s?Português\s?\= +={{-pt-}}= &amp; -^\=\s?\{\{pt\}\}\s?\= +={{-pt-}}=)</comment>
<model>wikitext</model>
<format>text/x-wiki</format>
<text bytes="302" xml:space="preserve">={{-pt-}}=
==Forma verbal==
'''tagareles'''
#[[segunda pessoa]] do [[singular]] do [[presente]] do [[modo subjuntivo]] do verbo '''[[tagarelar]]'''
#[[segunda pessoa]] do [[singular]] do [[imperativo]] [[negativo]] do verbo '''[[tagarelar]]'''
[[Categoria:Forma verbal (Português)]]
[[no:tagareles]]</text>
<sha1>15ytu3jkor85ihq8yd29qk6ozsca1ey</sha1>
</revision>
