<page>
<title>tagarelaria</title>
<ns>0</ns>
<id>191870</id>
<revision>
<id>1175592</id>
<parentid>747966</parentid>
<timestamp>2011-07-06T21:17:00Z</timestamp>
<contributor>
<username>MalafayaBot</username>
<id>628</id>
</contributor>
<minor />
<comment>Robô: Substituição de texto automática (-^\=\s?Português\s?\= +={{-pt-}}= &amp; -^\=\s?\{\{pt\}\}\s?\= +={{-pt-}}=)</comment>
<model>wikitext</model>
<format>text/x-wiki</format>
<text bytes="200" xml:space="preserve">={{-pt-}}=
==Forma verbal==
'''tagarelaria'''
#[[primeira pessoa]] do [[singular]] do [[futuro do pretérito]] do verbo '''[[tagarelar]]'''
[[Categoria:Forma verbal (Português)]]
[[no:tagarelaria]]</text>
<sha1>t0iqwvi6m8ukcp6tj38paitgz4s7a0k</sha1>
</revision>
</page>
