<page>
<page>
<title>tagarelaras</title>
<ns>0</ns>
<id>178809</id>
<revision>
<id>1175585</id>
<parentid>763377</parentid>
<timestamp>2011-07-06T21:16:52Z</timestamp>
<contributor>
<username>MalafayaBot</username>
<id>628</id>
</contributor>
<minor />
<comment>Robô: Substituição de texto automática (-^\=\s?Português\s?\= +={{-pt-}}= &amp; -^\=\s?\{\{pt\}\}\s?\= +={{-pt-}}=)</comment>
<model>wikitext</model>
<format>text/x-wiki</format>
<text bytes="207" xml:space="preserve">={{-pt-}}=
==Forma verbal==
'''tagarelaras'''
#[[segunda pessoa]] do [[singular]] do [[pretérito mais-que-perfeito]] do verbo '''[[tagarelar]]'''
[[Categoria:Forma verbal (Português)]]
[[no:tagarelaras]]</text>
<sha1>kymqgteo091sn8v867ckdeuvuxd63cy</sha1>
</revision>
