<page>
<page>
<title>tagarelareis</title>
<ns>0</ns>
<id>189203</id>
<revision>
<id>1175588</id>
<parentid>750186</parentid>
<timestamp>2011-07-06T21:16:55Z</timestamp>
<contributor>
<username>MalafayaBot</username>
<id>628</id>
</contributor>
<minor />
<comment>Robô: Substituição de texto automática (-^\=\s?Português\s?\= +={{-pt-}}= &amp; -^\=\s?\{\{pt\}\}\s?\= +={{-pt-}}=)</comment>
<model>wikitext</model>
<format>text/x-wiki</format>
<text bytes="197" xml:space="preserve">={{-pt-}}=
==Forma verbal==
'''tagarelareis'''
#[[segunda pessoa]] do [[plural]] do [[futuro do presente]] do verbo '''[[tagarelar]]'''
[[Categoria:Forma verbal (Português)]]
[[no:tagarelareis]]</text>
<sha1>t78nttzbqmblblm6vimnhsju45u499d</sha1>
</revision>
