<page>
<page>
<title>tagarelice</title>
<ns>0</ns>
<id>110351</id>
<revision>
<id>2617285</id>
<parentid>2106578</parentid>
<timestamp>2021-02-01T03:28:08Z</timestamp>
<contributor>
<username>MarxavBot</username>
<id>80155</id>
</contributor>
<minor />
<comment>AFI Portugal</comment>
<model>wikitext</model>
<format>text/x-wiki</format>
<text bytes="520" xml:space="preserve">={{-pt-}}=
==Substantivo==
{{flex.pt|fs=tagarelice|fp=tagarelices}}
{{paroxítona|ta|ga|re|li|ce}}, {{f}}
# hábito de [[tagarelar]], falar demais e frivolamente
# conversa sem valor, trivialidade
===Tradução===
{{tradini}}
* {{trad|fr|bavardage}}
{{tradmeio}}
{{tradfim}}
=={{etimologia|pt}}==
: {{escopo|Morfologia}} [[tagarela]] + [[-ice]].
=={{pronúncia|pt}}==
===Portugal===
* AFI: {{AFI|/tɐ.ɡɐ.ɾɨ.ˈli.sɨ/}}
[[Categoria:Substantivo (Português)]]
[[fr:tagarelice]]
[[mg:tagarelice]]
[[zh:tagarelice]]</text>
<sha1>g6brsylf2iy5zp29rjbzk5y0rstxn3s</sha1>
</revision>
