<page>
<page>
<title>tagarelávamos</title>
<ns>0</ns>
<id>163082</id>
<revision>
<id>1175623</id>
<parentid>685871</parentid>
<timestamp>2011-07-06T21:17:32Z</timestamp>
<contributor>
<username>MalafayaBot</username>
<id>628</id>
</contributor>
<minor />
<comment>Robô: Substituição de texto automática (-^\=\s?Português\s?\= +={{-pt-}}= &amp; -^\=\s?\{\{pt\}\}\s?\= +={{-pt-}}=)</comment>
<model>wikitext</model>
<format>text/x-wiki</format>
<text bytes="227" xml:space="preserve">={{-pt-}}=
==Forma verbal==
'''tagarelávamos'''
#[[primeira pessoa]] do [[plural]] do [[pretérito imperfeito]] do [[modo indicativo]] do verbo '''[[tagarelar]]'''
[[Categoria:Forma verbal (Português)]]
[[no:tagarelávamos]]</text>
<sha1>6vc24p153mgbr5bprer7g3f59v9c8pd</sha1>
</revision>
