<page>
<page>
<title>tagarelaram</title>
<ns>0</ns>
<id>175870</id>
<revision>
<id>1175584</id>
<parentid>756821</parentid>
<timestamp>2011-07-06T21:16:51Z</timestamp>
<contributor>
<username>MalafayaBot</username>
<id>628</id>
</contributor>
<minor />
<comment>Robô: Substituição de texto automática (-^\=\s?Português\s?\= +={{-pt-}}= &amp; -^\=\s?\{\{pt\}\}\s?\= +={{-pt-}}=)</comment>
<model>wikitext</model>
<format>text/x-wiki</format>
<text bytes="219" xml:space="preserve">={{-pt-}}=
==Forma verbal==
'''tagarelaram'''
#[[terceira pessoa]] do [[plural]] do [[pretérito perfeito]] do [[modo indicativo]] do verbo '''[[tagarelar]]'''
[[Categoria:Forma verbal (Português)]]
[[no:tagarelaram]]</text>
<sha1>0mxh1s6w71zqjr0sr04367s5fsf94sm</sha1>
</revision>
