<page>
<title>tagareláreis</title>
<ns>0</ns>
<id>182005</id>
<revision>
<id>1175620</id>
<parentid>773885</parentid>
<timestamp>2011-07-06T21:17:29Z</timestamp>
<contributor>
<username>MalafayaBot</username>
<id>628</id>
</contributor>
<minor />
<comment>Robô: Substituição de texto automática (-^\=\s?Português\s?\= +={{-pt-}}= &amp; -^\=\s?\{\{pt\}\}\s?\= +={{-pt-}}=)</comment>
<model>wikitext</model>
<format>text/x-wiki</format>
<text bytes="209" xml:space="preserve">={{-pt-}}=
==Forma verbal==
'''tagareláreis'''
#[[segunda pessoa]] do [[plural]] do [[pretérito mais-que-perfeito]] do verbo '''[[tagarelar]]'''
[[Categoria:Forma verbal (Português)]]
[[no:tagareláreis]]</text>
<sha1>2vpssac96sphvxkfa0mtxhstahiaqv7</sha1>
</revision>
</page>
