<page>
<page>
<title>tagantear</title>
<ns>0</ns>
<id>316649</id>
<revision>
<id>1703636</id>
<timestamp>2013-07-24T09:33:30Z</timestamp>
<contributor>
<username>ValJor</username>
<id>1358</id>
</contributor>
<comment>Por um [[Especial:Lonelypages|wikcionário sem órfãos]]: [[taganteámos]]</comment>
<model>wikitext</model>
<format>text/x-wiki</format>
<text bytes="231" xml:space="preserve">={{-pt-}}=
==Verbo==
{{oxítona|ta|gan|te|ar}}, ''v. t.''
# o mesmo que [[tagantar]]
===Conjugação===
{{conj/pt|tagant|ear}}
=={{etimologia|pt}}==
: {{escopo|Morfologia}} [[tagante]] + [[-ar]].
[[Categoria:Verbo (Português)]]</text>
<sha1>9roksfr5eswnrz3t71d8aj269jm6k15</sha1>
</revision>
