<page>
<title>tagarelara</title>
<ns>0</ns>
<id>177326</id>
<revision>
<id>1175583</id>
<parentid>730801</parentid>
<timestamp>2011-07-06T21:16:50Z</timestamp>
<contributor>
<username>MalafayaBot</username>
<id>628</id>
</contributor>
<minor />
<comment>Robô: Substituição de texto automática (-^\=\s?Português\s?\= +={{-pt-}}= &amp; -^\=\s?\{\{pt\}\}\s?\= +={{-pt-}}=)</comment>
<model>wikitext</model>
<format>text/x-wiki</format>
<text bytes="206" xml:space="preserve">={{-pt-}}=
==Forma verbal==
'''tagarelara'''
#[[primeira pessoa]] do [[singular]] do [[pretérito mais-que-perfeito]] do verbo '''[[tagarelar]]'''
[[Categoria:Forma verbal (Português)]]
[[no:tagarelara]]</text>
<sha1>c0k8xxtnx4pijyaa2t3w8swdk129py7</sha1>
</revision>
</page>
