<page>
<page>
<title>tagarelarão</title>
<ns>0</ns>
<id>190569</id>
<revision>
<id>1175598</id>
<parentid>771397</parentid>
<timestamp>2011-07-06T21:17:06Z</timestamp>
<contributor>
<username>MalafayaBot</username>
<id>628</id>
</contributor>
<minor />
<comment>Robô: Substituição de texto automática (-^\=\s?Português\s?\= +={{-pt-}}= &amp; -^\=\s?\{\{pt\}\}\s?\= +={{-pt-}}=)</comment>
<model>wikitext</model>
<format>text/x-wiki</format>
<text bytes="198" xml:space="preserve">={{-pt-}}=
==Forma verbal==
'''tagarelarão'''
#[[terceira pessoa]] do [[plural]] do [[futuro do presente]] do verbo '''[[tagarelar]]'''
[[Categoria:Forma verbal (Português)]]
[[no:tagarelarão]]</text>
<sha1>4aez6scu99ybxgypv6knsa2jessi2uw</sha1>
</revision>
