<page>
<title>tagarelou</title>
<ns>0</ns>
<id>173218</id>
<revision>
<id>1175617</id>
<parentid>755522</parentid>
<timestamp>2011-07-06T21:17:26Z</timestamp>
<contributor>
<username>MalafayaBot</username>
<id>628</id>
</contributor>
<minor />
<comment>Robô: Substituição de texto automática (-^\=\s?Português\s?\= +={{-pt-}}= &amp; -^\=\s?\{\{pt\}\}\s?\= +={{-pt-}}=)</comment>
<model>wikitext</model>
<format>text/x-wiki</format>
<text bytes="217" xml:space="preserve">={{-pt-}}=
==Forma verbal==
'''tagarelou'''
#[[terceira pessoa]] do [[singular]] do [[pretérito perfeito]] do [[modo indicativo]] do verbo '''[[tagarelar]]'''
[[Categoria:Forma verbal (Português)]]
[[no:tagarelou]]</text>
<sha1>7t8799r3tlw8aaawwhtqyta1yc2y9s8</sha1>
</revision>
</page>
