<page>
<page>
<title>tagarelastes</title>
<ns>0</ns>
<id>174505</id>
<revision>
<id>1175606</id>
<parentid>780262</parentid>
<timestamp>2011-07-06T21:17:14Z</timestamp>
<contributor>
<username>MalafayaBot</username>
<id>628</id>
</contributor>
<minor />
<comment>Robô: Substituição de texto automática (-^\=\s?Português\s?\= +={{-pt-}}= &amp; -^\=\s?\{\{pt\}\}\s?\= +={{-pt-}}=)</comment>
<model>wikitext</model>
<format>text/x-wiki</format>
<text bytes="220" xml:space="preserve">={{-pt-}}=
==Forma verbal==
'''tagarelastes'''
#[[segunda pessoa]] do [[plural]] do [[pretérito perfeito]] do [[modo indicativo]] do verbo '''[[tagarelar]]'''
[[Categoria:Forma verbal (Português)]]
[[no:tagarelastes]]</text>
<sha1>8upp81qrih2mbwgsl6j6itool9mx99d</sha1>
</revision>
