<page>
<page>
<title>tagarele</title>
<ns>0</ns>
<id>213035</id>
<revision>
<id>1175610</id>
<parentid>819021</parentid>
<timestamp>2011-07-06T21:17:19Z</timestamp>
<contributor>
<username>MalafayaBot</username>
<id>628</id>
</contributor>
<minor />
<comment>Robô: Substituição de texto automática (-^\=\s?Português\s?\= +={{-pt-}}= &amp; -^\=\s?\{\{pt\}\}\s?\= +={{-pt-}}=)</comment>
<model>wikitext</model>
<format>text/x-wiki</format>
<text bytes="401" xml:space="preserve">={{-pt-}}=
==Forma verbal==
'''tagarele'''
#[[primeira pessoa]] do [[singular]] do [[presente]] do [[modo subjuntivo]] do verbo '''[[tagarelar]]'''
#[[terceira pessoa]] do [[singular]] do [[imperativo]] [[afirmativo]] do verbo '''[[tagarelar]]'''
#[[terceira pessoa]] do [[singular]] do [[imperativo]] [[negativo]] do verbo '''[[tagarelar]]'''
[[Categoria:Forma verbal (Português)]]
[[no:tagarele]]</text>
<sha1>gjido05ypedptk40uy71z6v4mfny0ur</sha1>
</revision>
