<page>
<title>tagarelar</title>
<ns>0</ns>
<id>17030</id>
<revision>
<id>2612252</id>
<parentid>1996715</parentid>
<timestamp>2021-01-31T11:31:54Z</timestamp>
<contributor>
<username>Marxav</username>
<id>73271</id>
</contributor>
<minor />
<comment>AFI Portugal</comment>
<model>wikitext</model>
<format>text/x-wiki</format>
<text bytes="522" xml:space="preserve">={{-pt-}}=
==Verbo==
{{oxítona|ta|ga|re|lar}}
# [[falar]] [[muito]]
# [[ser]] [[tagarela]]
# [[falar]] [[à toa]]
===Conjugação===
{{conj/pt|tagarel|ar}}
===Tradução===
{{tradini|De 1 (falar muito)}}
* {{trad|kea|barbari}}
{{tradmeio}}
* {{trad|en|babble}}
{{tradfim}}
=={{pronúncia|pt}}==
===Portugal===
* AFI: {{AFI|/tɐ.ɡɐ.ɾɨ.ˈlaɾ/}}
[[Categoria:Verbo (Português)]]
[[en:tagarelar]]
[[es:tagarelar]]
[[fr:tagarelar]]
[[mg:tagarelar]]
[[no:tagarelar]]
[[pl:tagarelar]]
[[ru:tagarelar]]
[[zh:tagarelar]]</text>
<sha1>ftt60kkwt6kxms4o99zwcr9f0lx2ufh</sha1>
</revision>
</page>
