<page>
<page>
<title>tagarelarem</title>
<ns>0</ns>
<id>211456</id>
<revision>
<id>1175589</id>
<parentid>813602</parentid>
<timestamp>2011-07-06T21:16:56Z</timestamp>
<contributor>
<username>MalafayaBot</username>
<id>628</id>
</contributor>
<minor />
<comment>Robô: Substituição de texto automática (-^\=\s?Português\s?\= +={{-pt-}}= &amp; -^\=\s?\{\{pt\}\}\s?\= +={{-pt-}}=)</comment>
<model>wikitext</model>
<format>text/x-wiki</format>
<text bytes="297" xml:space="preserve">={{-pt-}}=
==Forma verbal==
'''tagarelarem'''
#[[terceira pessoa]] do [[plural]] do [[futuro]] do [[modo subjuntivo]] do verbo '''[[tagarelar]]'''
#[[infinitivo pessoal]] da [[terceira pessoa]] do [[plural]] do verbo '''[[tagarelar]]'''
[[Categoria:Forma verbal (Português)]]
[[no:tagarelarem]]</text>
<sha1>9qck23ar4fpkoimkc27xf837tvw6nww</sha1>
</revision>
