<page>
<title>tagarelaste</title>
<ns>0</ns>
<id>171847</id>
<revision>
<id>1175605</id>
<parentid>750903</parentid>
<timestamp>2011-07-06T21:17:13Z</timestamp>
<contributor>
<username>MalafayaBot</username>
<id>628</id>
</contributor>
<minor />
<comment>Robô: Substituição de texto automática (-^\=\s?Português\s?\= +={{-pt-}}= &amp; -^\=\s?\{\{pt\}\}\s?\= +={{-pt-}}=)</comment>
<model>wikitext</model>
<format>text/x-wiki</format>
<text bytes="220" xml:space="preserve">={{-pt-}}=
==Forma verbal==
'''tagarelaste'''
#[[segunda pessoa]] do [[singular]] do [[pretérito perfeito]] do [[modo indicativo]] do verbo '''[[tagarelar]]'''
[[Categoria:Forma verbal (Português)]]
[[no:tagarelaste]]</text>
<sha1>fg8cscewotblrcu2iicbearp0dw7rw1</sha1>
</revision>
</page>
