<page>
<page>
<title>tagarelares</title>
<ns>0</ns>
<id>207167</id>
<revision>
<id>1175591</id>
<parentid>788677</parentid>
<timestamp>2011-07-06T21:16:58Z</timestamp>
<contributor>
<username>MalafayaBot</username>
<id>628</id>
</contributor>
<minor />
<comment>Robô: Substituição de texto automática (-^\=\s?Português\s?\= +={{-pt-}}= &amp; -^\=\s?\{\{pt\}\}\s?\= +={{-pt-}}=)</comment>
<model>wikitext</model>
<format>text/x-wiki</format>
<text bytes="283" xml:space="preserve">={{-pt-}}=
==Forma verbal==
'''tagarelares'''
#[[segunda pessoa]] do [[singular]] do [[futuro]] do [[modo subjuntivo]] do verbo '''[[tagarelar]]'''
#[[infinitivo pessoal]] da [[segunda pessoa]] do verbo '''[[tagarelar]]'''
[[Categoria:Forma verbal (Português)]]
[[no:tagarelares]]</text>
<sha1>gdisj5dfzcmpvxzoc6cu5on4wt4cyhk</sha1>
</revision>
