<page>
<page>
<title>tagarelarias</title>
<ns>0</ns>
<id>200144</id>
<revision>
<id>1175594</id>
<parentid>789174</parentid>
<timestamp>2011-07-06T21:17:02Z</timestamp>
<contributor>
<username>MalafayaBot</username>
<id>628</id>
</contributor>
<minor />
<comment>Robô: Substituição de texto automática (-^\=\s?Português\s?\= +={{-pt-}}= &amp; -^\=\s?\{\{pt\}\}\s?\= +={{-pt-}}=)</comment>
<model>wikitext</model>
<format>text/x-wiki</format>
<text bytes="201" xml:space="preserve">={{-pt-}}=
==Forma verbal==
'''tagarelarias'''
#[[segunda pessoa]] do [[singular]] do [[futuro do pretérito]] do verbo '''[[tagarelar]]'''
[[Categoria:Forma verbal (Português)]]
[[no:tagarelarias]]</text>
<sha1>o3g2ael8xpg960kukh6fe6g9evu2y7u</sha1>
</revision>
