<page>
<page>
<title>tagarelarás</title>
<ns>0</ns>
<id>185027</id>
<revision>
<id>1175597</id>
<parentid>757689</parentid>
<timestamp>2011-07-06T21:17:05Z</timestamp>
<contributor>
<username>MalafayaBot</username>
<id>628</id>
</contributor>
<minor />
<comment>Robô: Substituição de texto automática (-^\=\s?Português\s?\= +={{-pt-}}= &amp; -^\=\s?\{\{pt\}\}\s?\= +={{-pt-}}=)</comment>
<model>wikitext</model>
<format>text/x-wiki</format>
<text bytes="199" xml:space="preserve">={{-pt-}}=
==Forma verbal==
'''tagarelarás'''
#[[segunda pessoa]] do [[singular]] do [[futuro do presente]] do verbo '''[[tagarelar]]'''
[[Categoria:Forma verbal (Português)]]
[[no:tagarelarás]]</text>
<sha1>1372qpa9ouly4046ang6mvae1y7ckq5</sha1>
</revision>
