<page>
<title>tagarela</title>
<ns>0</ns>
<id>44778</id>
<revision>
<id>2613464</id>
<parentid>2451241</parentid>
<timestamp>2021-01-31T14:50:35Z</timestamp>
<contributor>
<username>Marxav</username>
<id>73271</id>
</contributor>
<minor />
<comment>AFI Portugal</comment>
<model>wikitext</model>
<format>text/x-wiki</format>
<text bytes="976" xml:space="preserve">={{-pt-}}=
==Adjetivo==
{{flex.pt|s=tagarela|p=tagarelas}}
{{paroxítona|ta|ga|re|la}}, ''uniforme''
# diz-se de pessoa que fala muito
# [[linguareiro]], [[indiscreto]]
===Tradução===
{{tradini}}
* {{trad|es|hablador|cotorra}}
* {{trad|fr|bavard}}
{{tradmeio}}
* {{trad|en|talkative}}
* {{t|ja|おしゃべり||oshaberi}}
{{tradfim}}
==Substantivo==
{{paroxítona|ta|ga|re|la}}, ''uniforme''
# pessoa que fala demasiado
{{paroxítona|ta|ga|re|la}}, {{g|f}}
# [[barulho]]
# {{escopo|pt|ornitologia}} nome de uma espécie de aves
==Forma Verbal==
{{paroxítona|ta|ga|re|la}}
# terceira pessoa do presente do singular de [[tagarelar]]
# segunda pessoa do imperativo afirmativo de [[tagarelar]]
{{avi-for-fle|tagarelar}}
=={{etimologia|pt}}==
{{llietimo|ar|takallam|pt|&quot;falador&quot;}}
=={{pronúncia|pt}}==
===Portugal===
* AFI: {{AFI|/tɐ.ɡɐ.ˈɾɛ.lɐ/}}
[[Categoria:Adjetivo (Português)]]
[[Categoria:Substantivo (Português)]]
[[Categoria:Forma verbal (Português)]]</text>
<sha1>mop56akcsx0tb38lzkiu7xktzi1hjqi</sha1>
</revision>
</page>
