<page>
<page>
<title>tagarelassem</title>
<ns>0</ns>
<id>202838</id>
<revision>
<id>1175603</id>
<parentid>788739</parentid>
<timestamp>2011-07-06T21:17:12Z</timestamp>
<contributor>
<username>MalafayaBot</username>
<id>628</id>
</contributor>
<minor />
<comment>Robô: Substituição de texto automática (-^\=\s?Português\s?\= +={{-pt-}}= &amp; -^\=\s?\{\{pt\}\}\s?\= +={{-pt-}}=)</comment>
<model>wikitext</model>
<format>text/x-wiki</format>
<text bytes="224" xml:space="preserve">={{-pt-}}=
==Forma verbal==
'''tagarelassem'''
#[[terceira pessoa]] do [[plural]] do [[pretérito imperfeito]] do [[modo subjuntivo]] do verbo '''[[tagarelar]]'''
[[Categoria:Forma verbal (Português)]]
[[no:tagarelassem]]</text>
<sha1>01i3phffb536oeubrz8wfou1ewgz4n8</sha1>
</revision>
