<page>
<page>
<title>tagareláveis</title>
<ns>0</ns>
<id>167524</id>
<revision>
<id>1175624</id>
<parentid>755387</parentid>
<timestamp>2011-07-06T21:17:33Z</timestamp>
<contributor>
<username>MalafayaBot</username>
<id>628</id>
</contributor>
<minor />
<comment>Robô: Substituição de texto automática (-^\=\s?Português\s?\= +={{-pt-}}= &amp; -^\=\s?\{\{pt\}\}\s?\= +={{-pt-}}=)</comment>
<model>wikitext</model>
<format>text/x-wiki</format>
<text bytes="224" xml:space="preserve">={{-pt-}}=
==Forma verbal==
'''tagareláveis'''
#[[segunda pessoa]] do [[plural]] do [[pretérito imperfeito]] do [[modo indicativo]] do verbo '''[[tagarelar]]'''
[[Categoria:Forma verbal (Português)]]
[[no:tagareláveis]]</text>
<sha1>3w17m70gliv4zj26vokn8vihasaue13</sha1>
</revision>
