<page>
<title>tagarelarmos</title>
<ns>0</ns>
<id>208651</id>
<revision>
<id>1175595</id>
<parentid>1094418</parentid>
<timestamp>2011-07-06T21:17:03Z</timestamp>
<contributor>
<username>MalafayaBot</username>
<id>628</id>
</contributor>
<minor />
<comment>Robô: Substituição de texto automática (-^\=\s?Português\s?\= +={{-pt-}}= &amp; -^\=\s?\{\{pt\}\}\s?\= +={{-pt-}}=)</comment>
<model>wikitext</model>
<format>text/x-wiki</format>
<text bytes="310" xml:space="preserve">={{-pt-}}=
==Forma verbal==
'''ta.ga.re.&lt;u&gt;lar&lt;/u&gt;.mos'''
#[[primeira pessoa]] do [[plural]] do [[futuro]] do [[modo subjuntivo]] do verbo '''[[tagarelar]]'''
#[[infinitivo pessoal]] da [[primeira pessoa]] do [[plural]] do verbo '''[[tagarelar]]'''
[[Categoria:Forma verbal (Português)]]
[[no:tagarelarmos]]</text>
<sha1>8ura6xa4g7srm7bjax1pap0rjjdqb03</sha1>
</revision>
</page>
