<page>
<page>
<title>taganteámos</title>
<ns>0</ns>
<id>309095</id>
<revision>
<id>2254775</id>
<parentid>1645502</parentid>
<timestamp>2017-03-22T08:17:15Z</timestamp>
<contributor>
<username>ValJor</username>
<id>1358</id>
</contributor>
<comment>Trocando predefinição escopo por escopo2</comment>
<model>wikitext</model>
<format>text/x-wiki</format>
<text bytes="275" xml:space="preserve">={{-pt-}}=
==Forma verbal==
{{paroxítona|ta|gan|te|á|mos}}
# {{escopo2|grafia lusitana}} primeira pessoa do plural do pretérito perfeito do modo indicativo do verbo [[tagantear]]
{{avi-for-fle|tagantear}}
[[Categoria:Forma verbal (Português)]]
[[Categoria:Lusitanismo]]</text>
<sha1>nsupsdco2uy30uytjmeaggkixvgrg40</sha1>
</revision>
