<page>
<page>
<title>tagarnina</title>
<ns>0</ns>
<id>422879</id>
<revision>
<id>2584986</id>
<parentid>2584984</parentid>
<timestamp>2020-04-07T09:56:35Z</timestamp>
<contributor>
<username>Cpls</username>
<id>20608</id>
</contributor>
<comment>/* {{-gl-}} */</comment>
<model>wikitext</model>
<format>text/x-wiki</format>
<text bytes="482" xml:space="preserve">={{-gl-}}=
==Substantivo==
{{flex.gl|fs=tagarnina|fp=tagarninas}}
{{paroxítona|ta|gar|ni|na|lang=gl}}, {{g|f}}
# {{escopo|gl|Planta}} [[tengarrinha]] (''[[species:Scolymus hispanicus|Scolymus hispanicus]]'')
# {{escopo|gl|Pejorativo}} [[cigarro]] de [[tabaco]] de má qualidade
===Sinónimo===
* De '''1''': [[cardo-dourado#{{gl}}|cardo-dourado]], [[tagarninhas#{{gl}}|tagarninhas]]
=={{etimologia|gl}}==
: Do árabe hispánico ''taqarnína''.
[[Categoria:Substantivo (Galego)]]</text>
<sha1>6ammqpj2miynt9yk29xeq64disetujf</sha1>
</revision>
