<page>
<page>
<title>tagarelavam</title>
<ns>0</ns>
<id>168982</id>
<revision>
<id>1175608</id>
<parentid>751070</parentid>
<timestamp>2011-07-06T21:17:16Z</timestamp>
<contributor>
<username>MalafayaBot</username>
<id>628</id>
</contributor>
<minor />
<comment>Robô: Substituição de texto automática (-^\=\s?Português\s?\= +={{-pt-}}= &amp; -^\=\s?\{\{pt\}\}\s?\= +={{-pt-}}=)</comment>
<model>wikitext</model>
<format>text/x-wiki</format>
<text bytes="221" xml:space="preserve">={{-pt-}}=
==Forma verbal==
'''tagarelavam'''
#[[terceira pessoa]] do [[plural]] do [[pretérito imperfeito]] do [[modo indicativo]] do verbo '''[[tagarelar]]'''
[[Categoria:Forma verbal (Português)]]
[[no:tagarelavam]]</text>
<sha1>kjiiucmwwvc69hjtp2jw23ex1q3qv4q</sha1>
</revision>
