<page>
<title>tagarelem</title>
<ns>0</ns>
<id>215820</id>
<revision>
<id>1175613</id>
<parentid>821211</parentid>
<timestamp>2011-07-06T21:17:22Z</timestamp>
<contributor>
<username>MalafayaBot</username>
<id>628</id>
</contributor>
<minor />
<comment>Robô: Substituição de texto automática (-^\=\s?Português\s?\= +={{-pt-}}= &amp; -^\=\s?\{\{pt\}\}\s?\= +={{-pt-}}=)</comment>
<model>wikitext</model>
<format>text/x-wiki</format>
<text bytes="397" xml:space="preserve">={{-pt-}}=
==Forma verbal==
'''tagarelem'''
#[[terceira pessoa]] do [[plural]] do [[presente]] do [[modo subjuntivo]] do verbo '''[[tagarelar]]'''
#[[terceira pessoa]] do [[plural]] do [[imperativo]] [[afirmativo]] do verbo '''[[tagarelar]]'''
#[[terceira pessoa]] do [[plural]] do [[imperativo]] [[negativo]] do verbo '''[[tagarelar]]'''
[[Categoria:Forma verbal (Português)]]
[[no:tagarelem]]</text>
<sha1>hfowuleh53cexs5105xqo1l3qdnw2z6</sha1>
</revision>
</page>
