<page>
<page>
<title>tagareleis</title>
<ns>0</ns>
<id>217208</id>
<revision>
<id>1175612</id>
<parentid>816628</parentid>
<timestamp>2011-07-06T21:17:20Z</timestamp>
<contributor>
<username>MalafayaBot</username>
<id>628</id>
</contributor>
<minor />
<comment>Robô: Substituição de texto automática (-^\=\s?Português\s?\= +={{-pt-}}= &amp; -^\=\s?\{\{pt\}\}\s?\= +={{-pt-}}=)</comment>
<model>wikitext</model>
<format>text/x-wiki</format>
<text bytes="300" xml:space="preserve">={{-pt-}}=
==Forma verbal==
'''tagareleis'''
#[[segunda pessoa]] do [[plural]] do [[presente]] do [[modo subjuntivo]] do verbo '''[[tagarelar]]'''
#[[segunda pessoa]] do [[plural]] do [[imperativo]] [[negativo]] do verbo '''[[tagarelar]]'''
[[Categoria:Forma verbal (Português)]]
[[no:tagareleis]]</text>
<sha1>qqa0ibhb4l5c8t163nzcdotx52w8kax</sha1>
</revision>
