<page>
<title>tagarelássemos</title>
<ns>0</ns>
<id>198628</id>
<revision>
<id>1175622</id>
<parentid>765447</parentid>
<timestamp>2011-07-06T21:17:31Z</timestamp>
<contributor>
<username>MalafayaBot</username>
<id>628</id>
</contributor>
<minor />
<comment>Robô: Substituição de texto automática (-^\=\s?Português\s?\= +={{-pt-}}= &amp; -^\=\s?\{\{pt\}\}\s?\= +={{-pt-}}=)</comment>
<model>wikitext</model>
<format>text/x-wiki</format>
<text bytes="230" xml:space="preserve">={{-pt-}}=
==Forma verbal==
'''tagarelássemos'''
#[[primeira pessoa]] do [[plural]] do [[pretérito imperfeito]] do [[modo subjuntivo]] do verbo '''[[tagarelar]]'''
[[Categoria:Forma verbal (Português)]]
[[no:tagarelássemos]]</text>
<sha1>edzc8kq978yro1p1n445dhvc13mtjjf</sha1>
</revision>
</page>
