<page>
<page>
<title>tagarelemos</title>
<ns>0</ns>
<id>214255</id>
<revision>
<id>1175614</id>
<parentid>812029</parentid>
<timestamp>2011-07-06T21:17:23Z</timestamp>
<contributor>
<username>MalafayaBot</username>
<id>628</id>
</contributor>
<minor />
<comment>Robô: Substituição de texto automática (-^\=\s?Português\s?\= +={{-pt-}}= &amp; -^\=\s?\{\{pt\}\}\s?\= +={{-pt-}}=)</comment>
<model>wikitext</model>
<format>text/x-wiki</format>
<text bytes="401" xml:space="preserve">={{-pt-}}=
==Forma verbal==
'''tagarelemos'''
#[[primeira pessoa]] do [[plural]] do [[presente]] do [[modo subjuntivo]] do verbo '''[[tagarelar]]'''
#[[primeira pessoa]] do [[plural]] do [[imperativo]] [[afirmativo]] do verbo '''[[tagarelar]]'''
#[[primeira pessoa]] do [[plural]] do [[imperativo]] [[negativo]] do verbo '''[[tagarelar]]'''
[[Categoria:Forma verbal (Português)]]
[[no:tagarelemos]]</text>
<sha1>0jkn4wpfx7p1natlt7zcpyvtkhxktlb</sha1>
</revision>
