<page>
<page>
<title>tagarelardes</title>
<ns>0</ns>
<id>210115</id>
<revision>
<id>1175586</id>
<parentid>813915</parentid>
<timestamp>2011-07-06T21:16:53Z</timestamp>
<contributor>
<username>MalafayaBot</username>
<id>628</id>
</contributor>
<minor />
<comment>Robô: Substituição de texto automática (-^\=\s?Português\s?\= +={{-pt-}}= &amp; -^\=\s?\{\{pt\}\}\s?\= +={{-pt-}}=)</comment>
<model>wikitext</model>
<format>text/x-wiki</format>
<text bytes="297" xml:space="preserve">={{-pt-}}=
==Forma verbal==
'''tagarelardes'''
#[[segunda pessoa]] do [[plural]] do [[futuro]] do [[modo subjuntivo]] do verbo '''[[tagarelar]]'''
#[[infinitivo pessoal]] da [[segunda pessoa]] do [[plural]] do verbo '''[[tagarelar]]'''
[[Categoria:Forma verbal (Português)]]
[[no:tagarelardes]]</text>
<sha1>8a7mqryy2ga8alxtbgeqxlibafhyc1h</sha1>
</revision>
