<page>
<page>
<title>tagantámos</title>
<ns>0</ns>
<id>309094</id>
<revision>
<id>2254771</id>
<parentid>1645501</parentid>
<timestamp>2017-03-22T07:57:27Z</timestamp>
<contributor>
<username>ValJor</username>
<id>1358</id>
</contributor>
<comment>Trocando predefinição escopo por escopo2</comment>
<model>wikitext</model>
<format>text/x-wiki</format>
<text bytes="271" xml:space="preserve">={{-pt-}}=
==Forma verbal==
{{paroxítona|ta|gan|tá|mos}}
# {{escopo2|grafia lusitana}} primeira pessoa do plural do pretérito perfeito do modo indicativo do verbo [[tagantar]]
{{avi-for-fle|tagantar}}
[[Categoria:Forma verbal (Português)]]
[[Categoria:Lusitanismo]]</text>
<sha1>pn9wqij65pq6yxh14aelv7bw2uqrt72</sha1>
</revision>
