<page>
<title>tagarelásseis</title>
<ns>0</ns>
<id>201477</id>
<revision>
<id>1175621</id>
<parentid>789530</parentid>
<timestamp>2011-07-06T21:17:30Z</timestamp>
<contributor>
<username>MalafayaBot</username>
<id>628</id>
</contributor>
<minor />
<comment>Robô: Substituição de texto automática (-^\=\s?Português\s?\= +={{-pt-}}= &amp; -^\=\s?\{\{pt\}\}\s?\= +={{-pt-}}=)</comment>
<model>wikitext</model>
<format>text/x-wiki</format>
<text bytes="227" xml:space="preserve">={{-pt-}}=
==Forma verbal==
'''tagarelásseis'''
#[[segunda pessoa]] do [[plural]] do [[pretérito imperfeito]] do [[modo subjuntivo]] do verbo '''[[tagarelar]]'''
[[Categoria:Forma verbal (Português)]]
[[no:tagarelásseis]]</text>
<sha1>6oeaq6udpjtqxj6a5fhpnyh9vffu2k4</sha1>
</revision>
</page>
