<page>
<page>
<title>tagareláramos</title>
<ns>0</ns>
<id>180291</id>
<revision>
<id>1175619</id>
<parentid>755069</parentid>
<timestamp>2011-07-06T21:17:28Z</timestamp>
<contributor>
<username>MalafayaBot</username>
<id>628</id>
</contributor>
<minor />
<comment>Robô: Substituição de texto automática (-^\=\s?Português\s?\= +={{-pt-}}= &amp; -^\=\s?\{\{pt\}\}\s?\= +={{-pt-}}=)</comment>
<model>wikitext</model>
<format>text/x-wiki</format>
<text bytes="212" xml:space="preserve">={{-pt-}}=
==Forma verbal==
'''tagareláramos'''
#[[primeira pessoa]] do [[plural]] do [[pretérito mais-que-perfeito]] do verbo '''[[tagarelar]]'''
[[Categoria:Forma verbal (Português)]]
[[no:tagareláramos]]</text>
<sha1>n49jdwb1csr5bg2xl5c193owbng3agq</sha1>
</revision>
