<page>
<title>tagarelo</title>
<ns>0</ns>
<id>151996</id>
<revision>
<id>1175616</id>
<parentid>660644</parentid>
<timestamp>2011-07-06T21:17:25Z</timestamp>
<contributor>
<username>MalafayaBot</username>
<id>628</id>
</contributor>
<minor />
<comment>Robô: Substituição de texto automática (-^\=\s?Português\s?\= +={{-pt-}}= &amp; -^\=\s?\{\{pt\}\}\s?\= +={{-pt-}}=)</comment>
<model>wikitext</model>
<format>text/x-wiki</format>
<text bytes="201" xml:space="preserve">={{-pt-}}=
==Forma verbal==
'''tagarelo'''
#[[primeira]] [[pessoa]] do [[singular]] do [[presente]] [[indicativo]] do verbo '''[[tagarelar]]'''
[[Categoria:Forma verbal (Português)]]
[[no:tagarelo]]</text>
<sha1>maw27uqagpwnusxntb65ewl1x3wxrmy</sha1>
</revision>
</page>
