<page>
<page>
<title>tagarelasse</title>
<ns>0</ns>
<id>205472</id>
<revision>
<id>1175602</id>
<parentid>789000</parentid>
<timestamp>2011-07-06T21:17:10Z</timestamp>
<contributor>
<username>MalafayaBot</username>
<id>628</id>
</contributor>
<minor />
<comment>Robô: Substituição de texto automática (-^\=\s?Português\s?\= +={{-pt-}}= &amp; -^\=\s?\{\{pt\}\}\s?\= +={{-pt-}}=)</comment>
<model>wikitext</model>
<format>text/x-wiki</format>
<text bytes="255" xml:space="preserve">={{-pt-}}=
==Forma verbal==
'''tagarelasse'''
#[[primeira pessoa|primeira]] e [[terceira pessoa]] do [[singular]] do [[pretérito imperfeito]] do [[modo subjuntivo]] do verbo '''[[tagarelar]]'''
[[Categoria:Forma verbal (Português)]]
[[no:tagarelasse]]</text>
<sha1>tkzzvt0xbbz4xd527o6h0qo9lpfs7b2</sha1>
</revision>
