<page>
<title>tagarelaríeis</title>
<ns>0</ns>
<id>194520</id>
<revision>
<id>1175600</id>
<parentid>765410</parentid>
<timestamp>2011-07-06T21:17:08Z</timestamp>
<contributor>
<username>MalafayaBot</username>
<id>628</id>
</contributor>
<minor />
<comment>Robô: Substituição de texto automática (-^\=\s?Português\s?\= +={{-pt-}}= &amp; -^\=\s?\{\{pt\}\}\s?\= +={{-pt-}}=)</comment>
<model>wikitext</model>
<format>text/x-wiki</format>
<text bytes="203" xml:space="preserve">={{-pt-}}=
==Forma verbal==
'''tagarelaríeis'''
#[[segunda pessoa]] do [[plural]] do [[futuro do pretérito]] do verbo '''[[tagarelar]]'''
[[Categoria:Forma verbal (Português)]]
[[no:tagarelaríeis]]</text>
<sha1>m8ged3j23yhg9evtuavwxby8tcsbew4</sha1>
</revision>
</page>
