<page>
<page>
<title>tagarelei</title>
<ns>0</ns>
<id>170422</id>
<revision>
<id>1175611</id>
<parentid>1015892</parentid>
<timestamp>2011-07-06T21:17:20Z</timestamp>
<contributor>
<username>MalafayaBot</username>
<id>628</id>
</contributor>
<minor />
<comment>Robô: Substituição de texto automática (-^\=\s?Português\s?\= +={{-pt-}}= &amp; -^\=\s?\{\{pt\}\}\s?\= +={{-pt-}}=)</comment>
<model>wikitext</model>
<format>text/x-wiki</format>
<text bytes="217" xml:space="preserve">={{-pt-}}=
==Forma verbal==
'''tagarelei'''
#[[primeira pessoa]] do [[singular]] do [[pretérito perfeito]] do [[modo indicativo]] do verbo '''[[tagarelar]]'''
[[Categoria:Forma verbal (Português)]]
[[no:tagarelei]]</text>
<sha1>5tit4xnffb2d6v60xs0rgxpkh2txk18</sha1>
</revision>
