<page>
<page>
<title>Tage</title>
<ns>0</ns>
<id>259463</id>
<revision>
<id>2280729</id>
<parentid>2237014</parentid>
<timestamp>2017-04-27T02:36:57Z</timestamp>
<contributor>
<username>HydrizBot</username>
<id>29590</id>
</contributor>
<minor />
<comment>Robô: A limpar links interwikis antigos</comment>
<model>wikitext</model>
<format>text/x-wiki</format>
<text bytes="135" xml:space="preserve">={{-de-}}=
==Forma de substantivo==
'''Tage''', {{p}}
#plural de '''[[Tag#{{de}}|Tag]]'''
[[Categoria:Forma de substantivo (Alemão)]]</text>
<sha1>muq7wdzfofiey8gff4m7mxgxq3mwrjy</sha1>
</revision>
