<page>
<title>taggar</title>
<ns>0</ns>
<id>260234</id>
<revision>
<id>1797500</id>
<parentid>1251906</parentid>
<timestamp>2013-12-28T14:37:45Z</timestamp>
<contributor>
<username>MalafayaBot</username>
<id>628</id>
</contributor>
<minor />
<comment>r2.7.5) (Robô: A adicionar: [[mg:taggar]]</comment>
<model>wikitext</model>
<format>text/x-wiki</format>
<text bytes="252" xml:space="preserve">={{-sv-}}=
==Forma de substantivo==
'''taggar'''
# flexão de [[tagg]]
==Forma verbal==
'''taggar'''
# flexão do verbo [[tagga]]
[[Categoria:Forma de substantivo (Sueco)]]
[[Categoria:Forma verbal (Sueco)]]
[[en:taggar]]
[[mg:taggar]]
[[sv:taggar]]</text>
<sha1>s6sfnomoakobhd1xzvs4o1spehnz6f6</sha1>
</revision>
</page>
