<page>
<title>tagg</title>
<ns>0</ns>
<id>277237</id>
<revision>
<id>2239701</id>
<parentid>1931862</parentid>
<timestamp>2017-02-17T11:23:53Z</timestamp>
<contributor>
<username>UT-interwiki-Bot</username>
<id>56129</id>
</contributor>
<minor />
<comment>Robô: A adicionar: [[eo:tagg]]</comment>
<model>wikitext</model>
<format>text/x-wiki</format>
<text bytes="567" xml:space="preserve">{{Wikipédia|lang=sv}}
={{-sv-}}=
==Substantivo==
'''tagg'''
# [[espinho]]
===Declinação===
{{decl.sv.subst|nis=tagg|nds=taggen|nip=[[taggar]]|ndp=taggarna|
gis=taggs|gds=taggens|gip=taggars|gdp=taggarnas}}
===Sinônimo===
* [[pigg]]
==Ver também==
===No Wikcionário===
{{verTambém.Ini}}
* [[hulling]]
{{verTambém.NovaColuna}}
* [[torn]]
{{verTambém.Fim}}
[[Categoria:Substantivo (Sueco)]]
[[Categoria:Botânica (Sueco)]]
[[chr:tagg]]
[[en:tagg]]
[[eo:tagg]]
[[fi:tagg]]
[[fr:tagg]]
[[hu:tagg]]
[[mg:tagg]]
[[no:tagg]]
[[pl:tagg]]
[[sv:tagg]]
[[vi:tagg]]</text>
<sha1>2p3utirskuqfb4aj1w180a0vyktzr1a</sha1>
</revision>
</page>
