<page>
<title>tagging</title>
<ns>0</ns>
<id>276664</id>
<revision>
<id>1885535</id>
<parentid>1885462</parentid>
<timestamp>2015-01-11T09:39:37Z</timestamp>
<contributor>
<username>HydrizBot</username>
<id>29590</id>
</contributor>
<minor />
<comment>r2.7.3) (Robô: A adicionar: [[ca:tagging]], [[ku:tagging]]</comment>
<model>wikitext</model>
<format>text/x-wiki</format>
<text bytes="385" xml:space="preserve">={{-en-}}=
==Substantivo==
'''tagging''' 
# [[etiquetagem]], [[etiquetamento]], [[etiquetação]]
# [[tagueamento]]
==Ver também==
===No Wikcionário===
{{verTambém.Ini}}
*[[tag]]
{{verTambém.Fim}}
[[Categoria:Substantivo (Inglês)]]
[[Categoria:Informática (Inglês)]]
[[ca:tagging]]
[[de:tagging]]
[[en:tagging]]
[[fr:tagging]]
[[ku:tagging]]
[[simple:tagging]]
[[ta:tagging]]</text>
<sha1>dpd4fr3dtzb5s3f63glazvswoxnqrv3</sha1>
</revision>
</page>
