<page>
<title>tagger</title>
<ns>0</ns>
<id>3907</id>
<revision>
<id>2581576</id>
<parentid>2045201</parentid>
<timestamp>2020-03-12T07:43:23Z</timestamp>
<contributor>
<username>ValJor</username>
<id>1358</id>
</contributor>
<comment>Acrescentando código de língua à [[:Categoria:!Página com mensagem de erro em predefinição|predefinição escopo]]</comment>
<model>wikitext</model>
<format>text/x-wiki</format>
<text bytes="255" xml:space="preserve">{{Wikipédia|lang=en}}
={{-en-}}=
==Substantivo==
{{flex.en|s=tagger|p=taggers}}
'''tag.ger'''
# {{escopo|en|informática}} [[componente]] de um verificador de [[sintaxe]]
=={{etimologia|en}}==
: Derivado de [[tag]].
[[Categoria:Substantivo (Inglês)]]</text>
<sha1>9syzmciaobhxp1wk4a4wt5t59qc85on</sha1>
</revision>
</page>
