<page>
<page>
<title>Tagikistan</title>
<ns>0</ns>
<id>62352</id>
<revision>
<id>2280730</id>
<parentid>2038972</parentid>
<timestamp>2017-04-27T02:37:01Z</timestamp>
<contributor>
<username>HydrizBot</username>
<id>29590</id>
</contributor>
<minor />
<comment>Robô: A limpar links interwikis antigos</comment>
<model>wikitext</model>
<format>text/x-wiki</format>
<text bytes="179" xml:space="preserve">={{-it-}}=
==Substantivo==
'''Tagikistan''' ''próprio''
# [[Tajiquistão]].
==Ver também==
{{Ásia/it}}
[[Categoria:Substantivo (Italiano)]]
[[Categoria:Topónimo (Italiano)]]</text>
<sha1>hq3tf6gk56bzf2z36wid4pqfpxaljst</sha1>
</revision>
