<page>
<title>tagine</title>
<ns>0</ns>
<id>348999</id>
<revision>
<id>2155937</id>
<parentid>2137896</parentid>
<timestamp>2016-08-04T09:49:27Z</timestamp>
<contributor>
<username>ValJor</username>
<id>1358</id>
</contributor>
<comment>Melhorando a apresentação do verbete</comment>
<model>wikitext</model>
<format>text/x-wiki</format>
<text bytes="879" xml:space="preserve">={{-pt-}}=
==Substantivo==
{{flex.pt|ms=tagine|mp=tagines}}
{{paroxítona|ta|gi|ne}}, {{m}}
# [[prato]] [[tradicional]] do [[norte]] da [[África]], sobretudo do [[Marrocos]], onde se originou; consiste em um [[cozido]] ou [[guisado]] de [[legume]]s, geralmente com [[carne]] (principalmente de [[frango]] ou [[cordeiro]], embora também existam tagines [[vegetariano]]s)
# [[panela]] especial, feita de barro cozido, pintado ou envernizado, que resiste a temperaturas elevadas de cozimento e é dotada de uma tampa característica, em formato de cone (com um pegador no topo); é usada na elaboração do prato de mesmo nome, que também é comumente servido no próprio recipiente
=={{etimologia|pt}}==
: Do árabe, pelo francês ''tagine''.
[[Categoria:Substantivo (Português)]]
[[Categoria:Entrada de étimo árabe (Português)]]
[[en:tagine]]
[[fr:tagine]]
[[ko:tagine]]</text>
<sha1>9yvv8s9sesx2j4scotd5e1htjnyo9gj</sha1>
</revision>
</page>
