<page>
<title>tagnokto</title>
<ns>0</ns>
<id>252436</id>
<revision>
<id>2093613</id>
<parentid>1815493</parentid>
<timestamp>2016-04-28T16:59:46Z</timestamp>
<contributor>
<username>Defender</username>
<id>15952</id>
</contributor>
<comment>Verbete [[:Categoria:!Página com idioma não informado em Predefinição:etimologia|sem indicação do idioma na seção de etimologia]]</comment>
<model>wikitext</model>
<format>text/x-wiki</format>
<text bytes="578" xml:space="preserve">={{-eo-}}=
==Substantivo==
'''tag.{{grifar|nok}}.to'''
# [[dia]] ''(período de 24 horas)''
===Declinação===
{{decl.eo.subst}}
=={{etimologia|eo}}==
:De [[tago]] e [[nokto]].
{{etimo.eo|tag|nokt|-o}}
=={{pronúncia}}==
* [[AFI]]: {{AFI|/tagˈnok.to/}}.
===Ver também===
{{verTambém.Ini}}
* {{link opcional|tago|eo}}
* {{link opcional|nokto|eo}}
{{verTambém.Fim}}
[[Categoria:Substantivo (Esperanto)]]
[[Categoria:Trissílabo (Esperanto)]]
[[Categoria:Entrada com pronúncia (Esperanto)]]
[[af:tagnokto]]
[[fi:tagnokto]]
[[pl:tagnokto]]
[[ru:tagnokto]]
[[sv:tagnokto]]</text>
<sha1>5q3lighhi0jdokzjjsrgq3jx6yat4nc</sha1>
</revision>
</page>
