<page>
<title>tago</title>
<ns>0</ns>
<id>90482</id>
<revision>
<id>2239703</id>
<parentid>2183522</parentid>
<timestamp>2017-02-17T11:28:43Z</timestamp>
<contributor>
<username>UT-interwiki-Bot</username>
<id>56129</id>
</contributor>
<minor />
<comment>Robô: A adicionar: [[da:tago]]</comment>
<model>wikitext</model>
<format>text/x-wiki</format>
<text bytes="2408" xml:space="preserve">={{-eo-}}=
==Substantivo==
'''{{grifar|ta}}.go'''
# [[dia]]:
#: ''[[dum#{{eo}}|dum]] [[du#{{eo}}|du]] '''tagoj''''' &lt;small&gt;([[durante]] [[dois]] dias)&lt;/small&gt;
#: ''[[hodiaŭ|Hodiaŭ]] [[esti#{{eo}}|estas]] [[suna#{{eo}}|suna]] '''tago'''.'' &lt;small&gt;([[hoje|Hoje]] [[estar#Verbo|está]] [[um]] dia [[ensolarado]].)&lt;/small&gt;
# [[dia]], [[manhã]]
===Declinação===
{{decl.eo.subst}}
===Sinónimos===
* De '''1''': [[tagnokto]]
===Antónimos===
* De '''2''': [[nokto]]
===Fraseologia===
* '''{{link opcional|bonan tagon|eo}}''': [[bom-dia]], [[ter|tenha]] um [[bom]] dia
=={{etimologia|eo}}==
{{llietimo|de|Tag|eo}}
{{etimo.eo|tag|-o}}
=={{pronúncia}}==
* [[AFI]]: {{AFI|/ˈta.go/}}, {{AFI|/ˈtɑ.gɔ/}}
* [[w:X-SAMPA|X-SAMPA]]: /&quot;ta.go/, /&quot;tA.gO/
==Ver também==
===No Wikcionário===
{{verTambém.Ini}}
* [[Apêndice:Dias da semana|Apêndice:Dias da semana]]
* [[Apêndice:Unidades de tempo]]
{{verTambém.Fim}}
{{semana/eo}}
[[Categoria:Substantivo (Esperanto)]]
[[Categoria:Dissílabo (Esperanto)]]
[[Categoria:Paroxítona (Esperanto)]]
[[Categoria:Tempo (Esperanto)]]
[[Categoria:Dia da semana (Esperanto)|*]]
[[Categoria:Entrada com pronúncia (Esperanto)]]
={{-io-}}=
==Substantivo==
'''{{grifar|ta}}.go'''
# [[ourela]], [[cerdalho]], [[pontecarda]], [[proteção]], [[geralmente]] [[de]] [[plástico]], [[em]] [[cada]] [[ponta]] de [[um]] [[cadarço]]
===Declinação===
{{decl.io.subst|tag}}
=={{etimologia|io}}==
{{etimo.io|tag|-o}}
=={{pronúncia}}==
* [[AFI]]: {{AFI|/ˈta.go/}}, {{AFI|/ˈtɑ.gɔ/}}
* [[w:X-SAMPA|X-SAMPA]]: /&quot;ta.go/, /&quot;tA.gO/
==Ver também==
===No Wikcionário===
{{verTambém.Ini}}
* [[kordono]]
* [[shuo]]
{{verTambém.Fim}}
[[Categoria:Substantivo (Ido)]]
[[Categoria:Dissílabo (Ido)]]
[[Categoria:Paroxítona (Ido)]]
[[Categoria:Vestuário (Ido)]]
[[Categoria:Entrada com pronúncia (Ido)]]
={{-tl-}}=
==Verbo==
'''ta.go'''
# [[esconder]]
[[Categoria:Verbo (Tagalo)]]
[[Categoria:Dissílabo (Tagalo)]]
[[af:tago]]
[[ast:tago]]
[[az:tago]]
[[be:tago]]
[[br:tago]]
[[chr:tago]]
[[cs:tago]]
[[cy:tago]]
[[da:tago]]
[[de:tago]]
[[el:tago]]
[[en:tago]]
[[eo:tago]]
[[es:tago]]
[[et:tago]]
[[eu:tago]]
[[fi:tago]]
[[fr:tago]]
[[hu:tago]]
[[id:tago]]
[[io:tago]]
[[it:tago]]
[[ja:tago]]
[[ko:tago]]
[[ku:tago]]
[[lt:tago]]
[[mg:tago]]
[[nl:tago]]
[[no:tago]]
[[oc:tago]]
[[pl:tago]]
[[ru:tago]]
[[sk:tago]]
[[sm:tago]]
[[sv:tago]]
[[tl:tago]]
[[tr:tago]]
[[zh:tago]]</text>
<sha1>dwhdtv1icnlrhsjv4kry829xx1q3d5f</sha1>
</revision>
</page>
