<page>
<title>taguaiense</title>
<ns>0</ns>
<id>394926</id>
<revision>
<id>2496363</id>
<parentid>2496362</parentid>
<timestamp>2018-04-14T07:12:32Z</timestamp>
<contributor>
<username>MIL973</username>
<id>41339</id>
</contributor>
<model>wikitext</model>
<format>text/x-wiki</format>
<text bytes="532" xml:space="preserve">={{-pt-}}=
==Adjetivo==
{{flex.pt|s=taguaiense|p=taguaienses}}
{{paroxítona|ta|gua|i|en|se}}, {{gramática|c2g}}
# {{escopo|pt|Gentílico}} de [[Taguaí]], cidade paulista
==Substantivo==
{{flex.pt|s=taguaiense|p=taguaienses}}
{{paroxítona|ta|gua|i|en|se}}, {{gramática|c2g}}
# {{escopo|pt|Gentílico}} natural de Taguaí ou seu habitante
=={{etimologia|pt}}==
: {{escopo|Morfologia}} De [[Taguaí]] + [[-ense]].
==Ligações externas==
* {{VOLPABL}}
[[Categoria:Adjetivo (Português)]]
[[Categoria:Substantivo (Português)]]</text>
<sha1>7ko2seoc4f9g58hjxbk5vbky6rbr1bm</sha1>
</revision>
</page>
