<page>
<page>
<title>taguear</title>
<ns>0</ns>
<id>334917</id>
<revision>
<id>2581573</id>
<parentid>1885408</parentid>
<timestamp>2020-03-12T07:31:21Z</timestamp>
<contributor>
<username>ValJor</username>
<id>1358</id>
</contributor>
<comment>Acrescentando código de língua à [[:Categoria:!Página com mensagem de erro em predefinição|predefinição escopo]]</comment>
<model>wikitext</model>
<format>text/x-wiki</format>
<text bytes="217" xml:space="preserve">={{-pt-}}=
==Verbo==
{{oxítona|ta|gue|ar}}
# {{escopo|pt|Informática}} marcar com [[etiqueta]]
===Conjugação===
{{conj/pt|tagu|ear}}
=={{etimologia|pt}}==
{{llietimo|en|tag|pt}}
[[Categoria:Verbo (Português)]]</text>
<sha1>56w91sgf9q1wwks0qdcxn7rcz7xzi7e</sha1>
</revision>
