<page>
<page>
<title>Taguatinga</title>
<ns>0</ns>
<id>146222</id>
<revision>
<id>2651773</id>
<parentid>2280731</parentid>
<timestamp>2021-11-09T08:27:25Z</timestamp>
<contributor>
<username>ValJor</username>
<id>1358</id>
</contributor>
<comment>Desfazendo ligação para redirecionamento para poder eliminá-lo em seguida</comment>
<model>wikitext</model>
<format>text/x-wiki</format>
<text bytes="408" xml:space="preserve">{{Wikipédia|lang=pt|Taguatinga (Tocantins)|Taguatinga}}
={{-pt-}}=
==Substantivo==
{{paroxítona|Ta|gua|tin|ga}}, {{gramática|pr}}
# [[município]] [[brasileiro]] do [[estado]] do [[Tocantins]]
==Ver também==
===No Wikcionário===
* [[Apêndice:Gentílicos e topónimos em português/Brasil/Tocantins]]
[[Categoria:Substantivo (Português)]]
[[Categoria:Município do estado do Tocantins (Português)]]</text>
<sha1>7kmingf597frl451cya134o2hoek4np</sha1>
</revision>
