<page>
<page>
<title>Taguaí</title>
<ns>0</ns>
<id>137113</id>
<revision>
<id>2496360</id>
<parentid>2496359</parentid>
<timestamp>2018-04-14T07:10:09Z</timestamp>
<contributor>
<username>MIL973</username>
<id>41339</id>
</contributor>
<model>wikitext</model>
<format>text/x-wiki</format>
<text bytes="441" xml:space="preserve">{{Wikipédia}}
={{-pt-}}=
==Substantivo==
{{oxítona|Ta|gua|í}}, {{gramática|pr}}
# {{escopo|pt|Município do estado de São Paulo}} [[Apêndice:Gentílicos e topónimos em português/Brasil/São Paulo|município brasileiro do estado de São Paulo]]
==Ver também==
===No Wikcionário===
* [[taguaiense]]
==Ligações externas==
* [http://www.taguai.sp.gov.br/ Prefeitura de Taguaí (São Paulo)]
[[Categoria:Substantivo (Português)]]</text>
<sha1>dl3wkgq6g8rclbptac76alyt16kp55k</sha1>
</revision>
