<page>
<page>
<title>tah</title>
<ns>0</ns>
<id>36353</id>
<revision>
<id>1854408</id>
<parentid>1759922</parentid>
<timestamp>2014-09-02T01:03:21Z</timestamp>
<contributor>
<username>JAnDbot</username>
<id>25083</id>
</contributor>
<minor />
<comment>r2.7.3) (Robô: A adicionar: [[chr:tah]], [[sh:tah]]</comment>
<model>wikitext</model>
<format>text/x-wiki</format>
<text bytes="211" xml:space="preserve">={{-caa-}}=
==Substantivo==
'''tah'''
# [[floresta]]
[[Categoria:Substantivo (Chorti)]]
[[chr:tah]]
[[cs:tah]]
[[en:tah]]
[[fi:tah]]
[[fr:tah]]
[[id:tah]]
[[jv:tah]]
[[lt:tah]]
[[mg:tah]]
[[pl:tah]]
[[sh:tah]]</text>
<sha1>a2n056v8mu1fljr9qa88dr0z0qsbnax</sha1>
</revision>
