<page>
<page>
<title>tahi</title>
<ns>0</ns>
<id>380317</id>
<revision>
<id>2419278</id>
<timestamp>2017-06-30T00:39:33Z</timestamp>
<contributor>
<username>Tribuno da Plebe</username>
<id>16095</id>
</contributor>
<comment>[[Ajuda:Guia de edição/Menus e ferramentas/Sumário de edição|→]] nova página: ={{-mi-}}= ==Numeral== '''tahi'''  # [[um]]  ==Advérbio== '''tahi'''  # [[junto]]s; [[simultaneamente]]; em...</comment>
<model>wikitext</model>
<format>text/x-wiki</format>
<text bytes="565" xml:space="preserve">={{-mi-}}=
==Numeral==
'''tahi'''
# [[um]]
==Advérbio==
'''tahi'''
# [[junto]]s; [[simultaneamente]]; em [[concorrência]]; como se fossem um
==Substantivo==
'''tahi'''
# [[varredura]]
==Verbo==
'''tahi'''
# [[varrer]]; [[limpar]]
==Ver também==
{{números/mi}}
[[Categoria:Numeral cardinal (Maori)]]
[[Categoria:Advérbio (Maori)]]
[[Categoria:Substantivo (Maori)]]
[[Categoria:Verbo (Maori)]]
={{-rap-}}=
==Numeral==
'''tahi'''
# [[um]]
[[Categoria:Numeral (Rapanui)]]
={{-tvl-}}=
==Numeral==
'''tahi'''
# [[um]]
[[Categoria:Numeral (Tuvaluano)]]</text>
<sha1>2xko8vsm3tjohjewapb5l1secjenvt0</sha1>
</revision>
