<page>
<page>
<title>tahuti</title>
<ns>0</ns>
<id>229028</id>
<revision>
<id>1726009</id>
<parentid>868207</parentid>
<timestamp>2013-09-14T11:07:47Z</timestamp>
<contributor>
<username>MalafayaBot</username>
<id>628</id>
</contributor>
<minor />
<comment>Robô: Substituição de texto automática (-\]\](.*?)\.\r\n\s? +]]\1\n &amp; -\r\n\s\r\n +\n\n)</comment>
<model>wikitext</model>
<format>text/x-wiki</format>
<text bytes="124" xml:space="preserve">={{-rap-}}=
==Verbo==
'''tahuti'''
# [[correr]]
{{página-automática|Maio|2010|correr|rap}}
[[Categoria:Verbo (Rapanui)]]</text>
<sha1>ddgyd85nij0f9nwr5pb025377k07shl</sha1>
</revision>
