<page>
<page>
<title>tahuk</title>
<ns>0</ns>
<id>243343</id>
<revision>
<id>1268397</id>
<parentid>923407</parentid>
<timestamp>2011-10-26T10:06:51Z</timestamp>
<contributor>
<username>ValJor</username>
<id>1358</id>
</contributor>
<comment>Trocando a predefinição de língua: akg --&gt; -akg-</comment>
<model>wikitext</model>
<format>text/x-wiki</format>
<text bytes="275" xml:space="preserve">={{-akg-}}=
==Substantivo==
'''tahuk'''
# [[mar]]
==Ver também==
===No Wikcionário===
{{verTambém.Ini}}
* [[jòju]]
* [[tàma]]
{{verTambém.NovaColuna}}
* [[urang]]
* [[wei]]
{{verTambém.Fim}}
[[Categoria:Substantivo (Anakalangu)]]
[[Categoria:Geografia (Anakalangu)]]</text>
<sha1>dqwx2irubkfnk5e3wqfj1vm5crvz5tt</sha1>
</revision>
