<page>
<page>
<title>tahun</title>
<ns>0</ns>
<id>86259</id>
<revision>
<id>2247611</id>
<parentid>2220336</parentid>
<timestamp>2017-03-03T08:42:23Z</timestamp>
<contributor>
<username>UT-interwiki-Bot</username>
<id>56129</id>
</contributor>
<minor />
<comment>Robô: A adicionar: [[eu:tahun]]</comment>
<model>wikitext</model>
<format>text/x-wiki</format>
<text bytes="1282" xml:space="preserve">={{-id-}}=
==Substantivo==
'''ta.hun'''
# [[ano]].
===Verbetes derivados===
* [[bertahun-tahun]]
* [[tahunan]]
==Ver também==
===No Wikcionário===
{{verTambém.Ini}}
* [[Apêndice:Estações do ano]]
* [[Apêndice:Meses do ano|Apêndice:Meses do ano]]
* [[Apêndice:Unidades de tempo]]
{{verTambém.Fim}}
{{estações do ano/id}}
{{meses/id}}
[[Categoria:Substantivo (Indonésio)]]
[[Categoria:Dissílabo (Indonésio)]]
[[Categoria:Tempo (Indonésio)]]
&lt;br/&gt;
={{-ms-}}=
==Substantivo==
'''ta.hun'''
# [[ano]]:
#: ''Kami sudah sepuluh '''tahun''' tinggal di bandar ini.''
===Fraseologia===
* '''Tahun Baru''': [[Ano Novo]]
===Verbetes derivados===
* [[tahun lompat]]
==Ver também==
===No Wikcionário===
{{verTambém.Ini}}
* [[Apêndice:Estações do ano]]
* [[Apêndice:Meses do ano|Apêndice:Meses do ano]]
* [[Apêndice:Unidades de tempo]]
{{verTambém.Fim}}
{{estações do ano/ms}}
{{meses/ms}}
[[Categoria:Substantivo (Malaio)]]
[[Categoria:Dissílabo (Malaio)]]
[[Categoria:Tempo (Malaio)]]
[[az:tahun]]
[[chr:tahun]]
[[en:tahun]]
[[et:tahun]]
[[eu:tahun]]
[[fi:tahun]]
[[fj:tahun]]
[[fr:tahun]]
[[hu:tahun]]
[[id:tahun]]
[[ja:tahun]]
[[ko:tahun]]
[[lo:tahun]]
[[lt:tahun]]
[[mg:tahun]]
[[ms:tahun]]
[[nl:tahun]]
[[pl:tahun]]
[[ru:tahun]]
[[tl:tahun]]
[[tr:tahun]]</text>
<sha1>23hru9upiqojo63dtsf0k0xs3bvwpnq</sha1>
</revision>
