<page>
<page>
<title>tahu</title>
<ns>0</ns>
<id>62483</id>
<revision>
<id>2252421</id>
<parentid>2137895</parentid>
<timestamp>2017-03-14T08:10:27Z</timestamp>
<contributor>
<username>OctraBot</username>
<id>56948</id>
</contributor>
<minor />
<comment>Robô: A adicionar: [[ky:tahu]]</comment>
<model>wikitext</model>
<format>text/x-wiki</format>
<text bytes="457" xml:space="preserve">={{-id-}}=
==Verbo==
'''tahu'''
# [[saber]]
[[Categoria:Verbo (Indonésio)]]
={{-ms-}}=
==Verbo==
'''tahu'''
# [[saber]]
[[Categoria:Verbo (Malaio)]]
={{-tet-}}=
==Substantivo==
'''tahu'''
# [[lodo]]; [[lama]]
[[Categoria:Substantivo (Tétum)]]
[[chr:tahu]]
[[en:tahu]]
[[et:tahu]]
[[fi:tahu]]
[[fj:tahu]]
[[fr:tahu]]
[[hu:tahu]]
[[id:tahu]]
[[jv:tahu]]
[[ko:tahu]]
[[ku:tahu]]
[[ky:tahu]]
[[lo:tahu]]
[[mg:tahu]]
[[nl:tahu]]
[[pl:tahu]]
[[ru:tahu]]</text>
<sha1>ike7ao1enn2t62qvcpr9uoantkleco9</sha1>
</revision>
