<page>
<title>Tai</title>
<ns>0</ns>
<id>27409</id>
<revision>
<id>2581570</id>
<parentid>2280734</parentid>
<timestamp>2020-03-12T07:12:50Z</timestamp>
<contributor>
<username>ValJor</username>
<id>1358</id>
</contributor>
<comment>Acrescentando código de língua à [[:Categoria:!Página com mensagem de erro em predefinição|predefinição escopo]]</comment>
<model>wikitext</model>
<format>text/x-wiki</format>
<text bytes="1091" xml:space="preserve">{{Wikipédia|lang=et}}
{{Wikipédia|lang=lfn}}
{{Wikipédia|lang=vro}}
[[Imagem:Flag of Thailand.svg|thumb|right|250px|&lt;center&gt;Bandeira da Tailândia&lt;/center&gt;]]
[[Imagem:LocationThailand.svg|thumb|right|250px|&lt;center&gt;Localização da Tailândia&lt;/center&gt;]]
={{-et-}}=
==Substantivo==
'''Tai''', {{gramática|pr}}
# {{escopo|et|País}} [[Tailândia]]
==Ver também==
===No Wikcionário===
{{Ásia/et}}
[[Categoria:Substantivo (Estoniano)]]
[[Categoria:Entrada com imagem (Estoniano)]]
={{-lfn-}}=
==Substantivo==
'''Tai''', {{gramática|pr}}
# {{escopo|lfn|País}} [[Tailândia]]
==={{-varort-}}===
* '''Alfabeto cirílico''': {{l.s.|Таи|{{lfn}}}}
===Verbetes derivados===
* {{link opcional|tai|lfn}}
==Ver também==
===No Wikcionário===
{{Ásia/lfn}}
[[Categoria:Substantivo (Língua Franca Nova)]]
[[Categoria:Entrada com imagem (Língua Franca Nova)]]
={{-vro-}}=
==Substantivo==
'''Tai''', {{gramática|pr}}
# {{escopo|vro|País}} [[Tailândia]]
==Ver também==
===No Wikcionário===
{{Ásia/vro}}
[[Categoria:Substantivo (Võro)]]
[[Categoria:Entrada com imagem (Võro)]]</text>
<sha1>2fxmmy74yieth3nh8nxmlolw20ojiya</sha1>
</revision>
</page>
