<page>
<title>taiadas</title>
<ns>0</ns>
<id>392757</id>
<revision>
<id>2485127</id>
<parentid>2485126</parentid>
<timestamp>2018-02-15T01:22:06Z</timestamp>
<contributor>
<username>MIL973</username>
<id>41339</id>
</contributor>
<model>wikitext</model>
<format>text/x-wiki</format>
<text bytes="176" xml:space="preserve">={{-pt-}}=
==Forma de substantivo==
{{paroxítona|tai|a|das}}, {{gramática|fp}}
# plural de [[taiada]]
{{avi-for-fle|taiada}}
[[Categoria:Forma de substantivo (Português)]]</text>
<sha1>o5feklnr8561nhx64ph7dpxvncgq7fy</sha1>
</revision>
</page>
