<page>
<page>
<title>Taiaçu</title>
<ns>0</ns>
<id>137114</id>
<revision>
<id>2496493</id>
<parentid>2496492</parentid>
<timestamp>2018-04-15T02:21:56Z</timestamp>
<contributor>
<username>MIL973</username>
<id>41339</id>
</contributor>
<model>wikitext</model>
<format>text/x-wiki</format>
<text bytes="510" xml:space="preserve">{{Wikipédia}}
{{ver também|taiaçu}}
={{-pt-}}=
==Substantivo==
{{oxítona|Tai|a|çu}}, {{gramática|pr}}
# {{escopo|pt|Município do estado de São Paulo}} [[Apêndice:Gentílicos e topónimos em português/Brasil/São Paulo|município brasileiro do estado de São Paulo]]
==Ver também==
===No Wikcionário===
{{colunas|2}}
* [[taiaçu]]
* [[taiaçuense]]
{{colunas/fim}}
==Ligações externas==
* [http://www.taiacu.sp.gov.br/ Prefeitura de Taiaçu (São Paulo)]
[[Categoria:Substantivo (Português)]]</text>
<sha1>8r3dzlyzq2ydo8iig700nofgynn4ie5</sha1>
</revision>
