<page>
<page>
<title>taiada</title>
<ns>0</ns>
<id>291421</id>
<revision>
<id>2485124</id>
<parentid>1431646</parentid>
<timestamp>2018-02-15T01:20:41Z</timestamp>
<contributor>
<username>MIL973</username>
<id>41339</id>
</contributor>
<model>wikitext</model>
<format>text/x-wiki</format>
<text bytes="645" xml:space="preserve">={{-pt-}}=
==Substantivo==
{{flex.pt|fs=taiada|fp=taiadas}}
{{paroxítona|tai|a|da}}, {{gramática|f}}
# {{escopo|pt|Alimentação}} [[doce]] [[típico]] da cidade de [[Caçapava]] no Estado de São Paulo; é feito à base de [[melado]] de [[cana]], [[gengibre]] e [[farinha]] de [[mandioca]]
#* ''Se caldo de cana e pastel são tradição principalmente em São Paulo e no Rio, em Caçapava (SP), no Vale do Paraíba, a '''taiada''' - doce feito à base de melado de cana, gengibre e farinha de mandioca - supera essa fama e define carinhosamente quem nasce ou mora na cidade. '' {{OESP|2007|outubro|31}}
[[Categoria:Substantivo (Português)]]</text>
<sha1>l7wmui2vhqj0qyrvg20eazfcj7gzsea</sha1>
</revision>
