<page>
<title>taiga</title>
<ns>0</ns>
<id>361986</id>
<revision>
<id>2248429</id>
<parentid>2247610</parentid>
<timestamp>2017-03-05T00:04:37Z</timestamp>
<contributor>
<username>Tribuno da Plebe</username>
<id>16095</id>
</contributor>
<model>wikitext</model>
<format>text/x-wiki</format>
<text bytes="984" xml:space="preserve">[[File:Picea_glauca_taiga.jpg|right|340px]]
={{-pt-}}=
==Substantivo==
{{flex.pt|fs=taiga|fp=taigas}}
{{paroxítona|tai|ga}}, {{g|f}}
# [[região]] [[fitogeográfica]] situada ao norte da [[Europa]], [[Ásia]] e [[América]], constituída por [[floresta]]s de [[conífera]]s, que não perdem as [[folha]]s mesmo no [[longo]] e [[rigoroso]] [[inverno]] dessas regiões, e algumas árvores caducifólias; é limitada ao norte pela [[tundra]] e ao sul pela floresta latifoliada e decídua; floresta [[boreal]].
=={{etimologia|pt}}==
{{llietimo|ru|тайга|pt|tay&lt;u&gt;ga&lt;/u&gt;}}
==Referências==
{{Houaiss|ano=2009}}
[[Categoria:Substantivo (Português)]]
[[Categoria:Geografia (Português)]]
[[Categoria:Entrada com imagem (Português)]]
[[da:taiga]]
[[en:taiga]]
[[eo:taiga]]
[[es:taiga]]
[[et:taiga]]
[[eu:taiga]]
[[fr:taiga]]
[[hu:taiga]]
[[id:taiga]]
[[it:taiga]]
[[ko:taiga]]
[[ku:taiga]]
[[pl:taiga]]
[[ro:taiga]]
[[ru:taiga]]
[[sv:taiga]]
[[ta:taiga]]
[[vi:taiga]]
[[zh:taiga]]</text>
<sha1>5gle7igyror8j8dkxtw10rrz6h5tsnw</sha1>
</revision>
</page>
