<page>
<page>
<title>taiko</title>
<ns>0</ns>
<id>374783</id>
<revision>
<id>2242288</id>
<timestamp>2017-02-20T19:06:58Z</timestamp>
<contributor>
<username>Tribuno da Plebe</username>
<id>16095</id>
</contributor>
<comment>[[Ajuda:Guia de edição/Menus e ferramentas/Sumário de edição|→]] nova página: [[File:TaikoDrummersAichiJapan.jpg|350px|right]] ={{-pt-}}= ==Substantivo== {{oxítona|tai|ko}}, {{g|m}}  # {...</comment>
<model>wikitext</model>
<format>text/x-wiki</format>
<text bytes="532" xml:space="preserve">[[File:TaikoDrummersAichiJapan.jpg|350px|right]]
={{-pt-}}=
==Substantivo==
{{oxítona|tai|ko}}, {{g|m}}
# {{escopo|pt|instrumento musical}} [[tambor]] em estilo japonês
==={{etimologia|pt}}===
{{llietimo|ja|太鼓|pt|taiko}}
[[Categoria:Substantivo (Português)]]
[[Categoria:Entrada com imagem (Português)]]
={{-ja-}}=
==Transliteração==
# transliteração de [[たいこ]]
[[Categoria:Transliteração (Japonês)]]
[[ca:taiko]]
[[en:taiko]]
[[es:taiko]]
[[fr:taiko]]
[[gl:taiko]]
[[id:taiko]]
[[lt:taiko]]
[[mg:taiko]]</text>
<sha1>2sw7ew8h8acpzwbsiebm7f5bvn3sx08</sha1>
</revision>
