<page>
<page>
<title>taikonauta</title>
<ns>0</ns>
<id>347613</id>
<revision>
<id>2168526</id>
<parentid>2155788</parentid>
<timestamp>2016-09-06T23:43:16Z</timestamp>
<contributor>
<username>UT-interwiki-Bot</username>
<id>56129</id>
</contributor>
<minor />
<comment>Robô: A adicionar: [[eu:taikonauta]], [[ro:taikonauta]]</comment>
<model>wikitext</model>
<format>text/x-wiki</format>
<text bytes="395" xml:space="preserve">={{-pt-}}=
==Substantivo==
{{flex.pt|s=taikonauta|p=taikonautas}}
{{paroxítona|tai|ko|nau|ta}}, {{gramática|m|f|s}}
# [[astronauta]] que trabalha para o [[programa]] [[espacial]] [[chinês]]
[[Categoria:Substantivo (Português)]]
[[en:taikonauta]]
[[es:taikonauta]]
[[eu:taikonauta]]
[[fr:taikonauta]]
[[gl:taikonauta]]
[[ko:taikonauta]]
[[nl:taikonauta]]
[[ro:taikonauta]]
[[ta:taikonauta]]</text>
<sha1>89akjwopqjfr5e0ufsez5d948x53izx</sha1>
</revision>
