<page>
<title>Tailân</title>
<ns>0</ns>
<id>62915</id>
<revision>
<id>2280744</id>
<parentid>2006534</parentid>
<timestamp>2017-04-27T02:37:39Z</timestamp>
<contributor>
<username>HydrizBot</username>
<id>29590</id>
</contributor>
<minor />
<comment>Robô: A limpar links interwikis antigos</comment>
<model>wikitext</model>
<format>text/x-wiki</format>
<text bytes="168" xml:space="preserve">={{-fy-}}=
==Substantivo==
'''Tailân''' ''próprio''
# [[Tailândia]].
==Ver também==
{{Ásia/fy}}
[[Categoria:Substantivo (Frísio)]]
[[Categoria:País (Frísio)]]</text>
<sha1>leuq0v2ki1kcwtx4gy33lnlvdvxpb6q</sha1>
</revision>
</page>
