<page>
<title>Tailando</title>
<ns>0</ns>
<id>62918</id>
<revision>
<id>2280740</id>
<parentid>2228802</parentid>
<timestamp>2017-04-27T02:37:27Z</timestamp>
<contributor>
<username>HydrizBot</username>
<id>29590</id>
</contributor>
<minor />
<comment>Robô: A limpar links interwikis antigos</comment>
<model>wikitext</model>
<format>text/x-wiki</format>
<text bytes="161" xml:space="preserve">={{-io-}}=
==Substantivo==
'''Tailando''' ''próprio''
# [[Tailândia]].
==Ver também==
{{Ásia/io}}
[[Categoria:Substantivo (Ido)]]
[[Categoria:País (Ido)]]</text>
<sha1>g6mz021dcv7vsap9d2bgtwwaa8dn6ug</sha1>
</revision>
</page>
