<page>
<page>
<title>Tailani</title>
<ns>0</ns>
<id>136128</id>
<revision>
<id>2581457</id>
<parentid>2280742</parentid>
<timestamp>2020-03-11T10:21:12Z</timestamp>
<contributor>
<username>ValJor</username>
<id>1358</id>
</contributor>
<comment>Acrescentando código de língua à [[:Categoria:!Página com mensagem de erro em predefinição|predefinição escopo]]</comment>
<model>wikitext</model>
<format>text/x-wiki</format>
<text bytes="443" xml:space="preserve">{{Wikipédia|lang=haw}}
[[Imagem:Flag of Thailand.svg|thumb|right|250px|&lt;center&gt;Bandeira da Tailândia&lt;/center&gt;]]
[[Imagem:LocationThailand.svg|thumb|right|250px|&lt;center&gt;Localização da Tailândia&lt;/center&gt;]]
={{-haw-}}=
==Substantivo==
'''Tailani''', {{gramática|pr}}
# {{escopo|haw|País}} [[Tailândia]]
==Ver também==
===No Wikcionário===
{{Ásia/haw}}
[[Categoria:Substantivo (Havaiano)]]
[[Categoria:Entrada com imagem (Havaiano)]]</text>
<sha1>9mh9mwozf94hcj40mdz79i4g100wv3u</sha1>
</revision>
