<page>
<title>Tailande</title>
<ns>0</ns>
<id>150697</id>
<revision>
<id>2581460</id>
<parentid>2280738</parentid>
<timestamp>2020-03-11T10:27:27Z</timestamp>
<contributor>
<username>ValJor</username>
<id>1358</id>
</contributor>
<comment>Acrescentando código de língua à [[:Categoria:!Página com mensagem de erro em predefinição|predefinição escopo]]</comment>
<model>wikitext</model>
<format>text/x-wiki</format>
<text bytes="440" xml:space="preserve">{{Wikipédia|lang=nov}}
[[Imagem:Flag of Thailand.svg|thumb|right|250px|&lt;center&gt;Bandeira da Tailândia&lt;/center&gt;]]
[[Imagem:LocationThailand.svg|thumb|right|250px|&lt;center&gt;Localização da Tailândia&lt;/center&gt;]]
={{-nov-}}=
==Substantivo==
'''Tailande''', {{gramática|pr}}
# {{escopo|nov|País}} [[Tailândia]]
==Ver também==
===No Wikcionário===
{{Ásia/nov}}
[[Categoria:Substantivo (Novial)]]
[[Categoria:Entrada com imagem (Novial)]]</text>
<sha1>lelylh0ql8v760pm9ad94e6z5f7i0m8</sha1>
</revision>
</page>
