<page>
<page>
<title>tailandês</title>
<ns>0</ns>
<id>8012</id>
<revision>
<id>2596622</id>
<parentid>2596621</parentid>
<timestamp>2020-09-17T23:28:03Z</timestamp>
<contributor>
<username>ValJor</username>
<id>1358</id>
</contributor>
<minor />
<comment>Revertidas edições por [[Especial:Contribuições/186.205.3.63|186.205.3.63]] para a última versão por [[Especial:Contribuições/Leonardo José Raimundo|Leonardo José Raimundo]]</comment>
<model>wikitext</model>
<format>text/x-wiki</format>
<text bytes="1082" xml:space="preserve">{{interwik|lang=th}}
={{-pt-}}=
==Adjetivo==
{{flex.pt|ms=tailandês|mp=tailandeses|fs=tailandesa|fp=tailandesas}}
{{oxítona|tai|lan|dês}}
# da [[Tailândia]]
==Substantivo==
{{oxítona|tai|lan|dês}}
# [[natural]] da Tailândia
# [[idioma]] falado na Tailândia
===Tradução===
{{tradini|De 2 (idioma)}}
* {{trad|de|Thai}}
* {{trad|cs|thajština}}
* {{trad|es|tailandés}}
* {{trad|fr|thaï}}
* {{trad|nl|Thai}}
{{tradmeio}}
* {{trad|en|Thai}}
* {{trad|it|tailandese}}
* {{trad|tr|Tayca}}
* {{trad|vo|Tayänapük}}
{{tradfim}}
=={{etimologia|pt}}==
: Do topônimo ''Tailândia'' + [[-ês]].
=={{pronúncia|pt}}==
===Brasil===
====Caipira e Paulistana====
* AFI: /taj.lã.ˈde''j''s/
* X-SAMPA: /taj.la~.&quot;de''j''s/
[[Categoria:Adjetivo (Português)|tailandes]]
[[Categoria:Substantivo (Português)|tailandes]]
[[Categoria:Gentílico (Português)|tailandes]]
[[Categoria:Língua (Português)|tailandes]]
[[en:tailandês]]
[[fi:tailandês]]
[[fr:tailandês]]
[[fy:tailandês]]
[[it:tailandês]]
[[nl:tailandês]]
[[pl:tailandês]]
[[zh:tailandês]]
[[zh-min-nan:tailandês]]</text>
<sha1>fd4khqf4ydgh39etk1brugw1xc8ytii</sha1>
</revision>
