<page>
<page>
<title>Tailandas</title>
<ns>0</ns>
<id>62921</id>
<revision>
<id>2280737</id>
<parentid>2029782</parentid>
<timestamp>2017-04-27T02:37:19Z</timestamp>
<contributor>
<username>HydrizBot</username>
<id>29590</id>
</contributor>
<minor />
<comment>Robô: A limpar links interwikis antigos</comment>
<model>wikitext</model>
<format>text/x-wiki</format>
<text bytes="170" xml:space="preserve">={{-lt-}}=
==Substantivo==
'''Tailandas''' ''próprio''
# [[Tailândia]].
==Ver também==
{{Ásia/lt}}
[[Categoria:Substantivo (Lituano)]]
[[Categoria:País (Lituano)]]</text>
<sha1>bjn7lf5v9xqwyix2ei6zi8ieuvggrqo</sha1>
</revision>
