<page>
<page>
<title>Tailanda</title>
<ns>0</ns>
<id>62902</id>
<revision>
<id>2280736</id>
<parentid>1320762</parentid>
<timestamp>2017-04-27T02:37:15Z</timestamp>
<contributor>
<username>HydrizBot</username>
<id>29590</id>
</contributor>
<minor />
<comment>Robô: A limpar links interwikis antigos</comment>
<model>wikitext</model>
<format>text/x-wiki</format>
<text bytes="171" xml:space="preserve">={{-sq-}}=
==Substantivo==
'''Tailanda''' ''próprio''
# [[Tailândia]].
==Ver também==
{{Ásia/sq}}
[[Categoria:Substantivo (Albanês)]]
[[Categoria:País (Albanês)]]</text>
<sha1>qiw1dwk6j7jwf6xvuyv89bqnplsorbj</sha1>
</revision>
