<page>
<page>
<title>tailliam</title>
<ns>0</ns>
<id>407433</id>
<revision>
<id>2537658</id>
<timestamp>2019-03-01T22:19:26Z</timestamp>
<contributor>
<username>Amigo7</username>
<id>58547</id>
</contributor>
<comment>Criação do verbete a partir da [[Especial:Páginas_pedidas|lista de palavras pedidas]]</comment>
<model>wikitext</model>
<format>text/x-wiki</format>
<text bytes="253" xml:space="preserve">{{Wikipédia|lang=ga}}
={{-ga-}}=
==Substantivo==
{{elementos|Tl|mearcair|Hg|luaidhe|Pb}}
'''tailliam'''
# {{escopo|ga|Elemento químico}} [[tálio]]
==Ver também==
===No Wikcionário===
{{tabela periódica/ga}}
[[Categoria:Substantivo (Irlandês)]]</text>
<sha1>kowp0k980luab911l35xprmrpg7tgjj</sha1>
</revision>
