<page>
<page>
<title>Tailándia</title>
<ns>0</ns>
<id>432484</id>
<revision>
<id>2629022</id>
<timestamp>2021-04-03T08:35:35Z</timestamp>
<contributor>
<username>ValJor</username>
<id>1358</id>
</contributor>
<comment>Criação do verbete a partir da [[Especial:Páginas_pedidas|lista de palavras pedidas]]</comment>
<model>wikitext</model>
<format>text/x-wiki</format>
<text bytes="1219" xml:space="preserve">{{Wikipédia|lang=ext}}
{{Wikipédia|lang=gn}}
{{Wikipédia|lang=mwl}}
{{Wikipédia|lang=tet}}
[[Imagem:Flag of Thailand.svg|thumb|right|250px|{{centro|Bandeira da Tailândia}}]]
[[Imagem:LocationThailand.svg|thumb|right|250px|{{centro|Localização da Tailândia}}]]
={{-ext-}}=
==Substantivo==
'''Tailándia''', {{gramática|pr}}
# {{escopo|ext|País}} [[Tailândia]]
==Ver também==
===No Wikcionário===
{{Ásia/ext}}
[[Categoria:Substantivo (Estremenho)]]
[[Categoria:Entrada com imagem (Estremenho)]]
={{-gn-}}=
==Substantivo==
'''Tailándia''', {{gramática|pr}}
# {{escopo|gn|País}} [[Tailândia]]
==Ver também==
===No Wikcionário===
{{Ásia/gn}}
[[Categoria:Substantivo (Guarani)]]
[[Categoria:Entrada com imagem (Guarani)]]
={{-mwl-}}=
==Substantivo==
'''Tailándia''', {{gramática|pr}}
# {{escopo|mwl|País}} [[Tailândia]]
==Ver também==
===No Wikcionário===
{{Ásia/mwl}}
[[Categoria:Substantivo (Mirandês)]]
[[Categoria:Entrada com imagem (Mirandês)]]
={{-tet-}}=
==Substantivo==
'''Tailándia''', {{gramática|pr}}
# {{escopo|tet|País}} [[Tailândia]]
==Ver também==
===No Wikcionário===
{{Ásia/tet}}
[[Categoria:Substantivo (Tétum)]]
[[Categoria:Entrada com imagem (Tétum)]]</text>
<sha1>gorny9qs23yepfjgkl3m1x3ltvfapoz</sha1>
</revision>
