<page>
<page>
<title>Tailand</title>
<ns>0</ns>
<id>396492</id>
<revision>
<id>2589147</id>
<parentid>2504996</parentid>
<timestamp>2020-05-30T10:25:19Z</timestamp>
<contributor>
<username>ValJor</username>
<id>1358</id>
</contributor>
<comment>Eliminando [[Teiland]] da lista de [[Especial:Lonelypages|órfãos]]</comment>
<model>wikitext</model>
<format>text/x-wiki</format>
<text bytes="1485" xml:space="preserve">{{Wikipédia|lang=az}}
{{Wikipédia|lang=fo}}
{{Wikipédia|lang=gag}}
{{Wikipédia|lang=uz}}
{{Wikipédia|lang=vep}}
[[Imagem:Flag of Thailand.svg|thumb|250px|&lt;center&gt;Bandeira da Tailândia&lt;/center&gt;]]
[[Imagem:LocationThailand.svg|thumb|250px|&lt;center&gt;Localização da Tailândia&lt;/center&gt;]]
={{-az-}}=
==Substantivo==
'''Tailand''', {{gramática|pr}}
# {{escopo|az|País}} [[Tailândia]]
==Ver também==
===No Wikcionário===
{{Ásia/az}}
[[Categoria:Substantivo (Azerbaijano)]]
[[Categoria:Entrada com imagem (Azerbaijano)]]
={{-fo-}}=
==Substantivo==
'''Tailand''', {{gramática|pr}}
# {{escopo|fo|País}} [[Tailândia]]
==={{-varort-}}===
* [[Teiland]]
==Ver também==
===No Wikcionário===
{{Ásia/fo}}
[[Categoria:Substantivo (Feroês)]]
[[Categoria:Entrada com imagem (Feroês)]]
={{-gag-}}=
==Substantivo==
'''Tailand''', {{gramática|pr}}
# {{escopo|gag|País}} [[Tailândia]]
==Ver também==
===No Wikcionário===
{{Ásia/gag}}
[[Categoria:Substantivo (Gagauz)]]
[[Categoria:Entrada com imagem (Gagauz)]]
={{-uz-}}=
==Substantivo==
'''Tailand''', {{gramática|pr}}
# {{escopo|uz|País}} [[Tailândia]]
==Ver também==
===No Wikcionário===
{{Ásia/uz}}
[[Categoria:Substantivo (Uzbeque)]]
[[Categoria:Entrada com imagem (Uzbeque)]]
={{-vep-}}=
==Substantivo==
'''Tailand''', {{gramática|pr}}
# {{escopo|vep|País}} [[Tailândia]]
==Ver também==
===No Wikcionário===
{{Ásia/vep}}
[[Categoria:Substantivo (Vepso)]]
[[Categoria:Entrada com imagem (Vepso)]]</text>
<sha1>g0sn0lfarj3n8xvh0k4zfpqgkzx42yb</sha1>
</revision>
