<page>
<page>
<title>Tailandia</title>
<ns>0</ns>
<id>62908</id>
<revision>
<id>2653698</id>
<parentid>2280739</parentid>
<timestamp>2021-11-29T19:08:26Z</timestamp>
<contributor>
<username>ValJor</username>
<id>1358</id>
</contributor>
<comment>Substituindo a [[Especial:Páginas_afluentes/Predefinição:escopoCatLang|predefinição escopoCatLang]] por escopo</comment>
<model>wikitext</model>
<format>text/x-wiki</format>
<text bytes="2772" xml:space="preserve">{{Wikipédia|lang=an}}
{{Wikipédia|lang=ast}}
{{Wikipédia|lang=cbk}}
{{Wikipédia|lang=es}}
{{Wikipédia|lang=gl}}
{{Wikipédia|lang=ilo}}
{{Wikipédia|lang=pam}}
{{Wikipédia|lang=pap}}
[[Imagem:Flag of Thailand.svg|thumb|right|250px|{{centro|Bandeira da Tailândia}}]]
[[Imagem:LocationThailand.svg|thumb|right|250px|{{centro|Localização da Tailândia}}]]
={{-an-}}=
==Substantivo==
'''Tailandia''', {{gramática|pr}}
# {{escopo|an|País}} [[Tailândia]]
==={{-varort-}}===
{{dividir em colunas|1}}
* [[Reino de Tailandia#an|Reino de Tailandia]]
{{dividir em colunas.fim}}
==Ver também==
===No Wikcionário===
{{Ásia/an}}
[[Categoria:Substantivo (Aragonês)]]
[[Categoria:Entrada com imagem (Aragonês)]]
={{-ast-}}=
==Substantivo==
'''Tailandia''', {{gramática|pr}}
# {{escopo|ast|País}} [[Tailândia]]
==={{-varort-}}===
{{dividir em colunas|2}}
* [[Reinu de Thailandia#ast|Reinu de Thailandia]]
* [[Thailandia#ast|Thailandia]]
{{dividir em colunas.fim}}
==Ver também==
===No Wikcionário===
{{Ásia/ast}}
[[Categoria:Substantivo (Asturiano)]]
[[Categoria:Entrada com imagem (Asturiano)]]
={{-cbk-}}=
==Substantivo==
'''Tailandia''', {{gramática|pr}}
# {{escopo|cbk|País}} [[Tailândia]]
==Ver também==
===No Wikcionário===
{{Ásia/cbk}}
[[Categoria:Substantivo (Chavacano)]]
[[Categoria:Entrada com imagem (Chavacano)]]
={{-es-}}=
==Substantivo==
'''Tailandia''', {{gramática|pr}}
# {{escopo|es|País}} [[Tailândia]]
==={{-varort-}}===
{{dividir em colunas|1}}
* [[Reino de Tailandia#es|Reino de Tailandia]]
{{dividir em colunas.fim}}
==Ver também==
===No Wikcionário===
{{Ásia/es}}
[[Categoria:Substantivo (Espanhol)]]
[[Categoria:Entrada com imagem (Espanhol)]]
={{-gl-}}=
==Substantivo==
'''Tailandia''', {{gramática|pr}}
# {{escopo|gl|País}} [[Tailândia]]
==={{-varort-}}===
{{dividir em colunas|1}}
* [[Reino de Tailandia#gl|Reino de Tailandia]]
{{dividir em colunas.fim}}
==Ver também==
===No Wikcionário===
{{Ásia/gl}}
[[Categoria:Substantivo (Galego)]]
[[Categoria:Entrada com imagem (Galego)]]
={{-ilo-}}=
==Substantivo==
'''Tailandia''', {{gramática|pr}}
# {{escopo|ilo|País}} [[Tailândia]]
==Ver também==
===No Wikcionário===
{{Ásia/ilo}}
[[Categoria:Substantivo (Ilocano)]]
[[Categoria:Entrada com imagem (Ilocano)]]
={{-pam-}}=
==Substantivo==
'''Tailandia''', {{gramática|pr}}
# {{escopo|pam|País}} [[Tailândia]]
==Ver também==
===No Wikcionário===
{{Ásia/pam}}
[[Categoria:Substantivo (Pampangan)]]
[[Categoria:Entrada com imagem (Pampangan)]]
={{-pap-}}=
==Substantivo==
'''Tailandia''', {{gramática|pr}}
# {{escopo|pap|País}} [[Tailândia]]
==Ver também==
===No Wikcionário===
{{Ásia/pap}}
[[Categoria:Substantivo (Papiamento)]]
[[Categoria:Entrada com imagem (Papiamento)]]</text>
<sha1>o7xlpmqq4ghlfei8jnvurr6699bd7cn</sha1>
</revision>
