<page>
<title>tailleur</title>
<ns>0</ns>
<id>338799</id>
<revision>
<id>2220337</id>
<parentid>2197911</parentid>
<timestamp>2017-01-07T12:50:18Z</timestamp>
<contributor>
<username>UT-interwiki-Bot</username>
<id>56129</id>
</contributor>
<minor />
<comment>Robô: A adicionar: [[eo:tailleur]], [[sv:tailleur]]</comment>
<model>wikitext</model>
<format>text/x-wiki</format>
<text bytes="806" xml:space="preserve">={{-pt-}}=
==Substantivo==
{{flex.pt|ms=tailleur|mp=tailleurs}}
''{{oxítona|tail|leur}}'', {{gramática|m}}
# {{escopo|pt|estrangeirismo|Vestuário}} [[taiê]], [[taier]]
[[Categoria:Substantivo (Português)]]
={{-fr-}}=
==Substantivo==
{{flex.fr|ms=tailleur|mp=tailleurs}}
'''tailleur''', {{gramática|m|lang=fr}}
# {{escopo|fr|Vestuário}} [[taiê]], [[taier]]
[[Categoria:Substantivo (Francês)]]
[[az:tailleur]]
[[chr:tailleur]]
[[da:tailleur]]
[[de:tailleur]]
[[el:tailleur]]
[[en:tailleur]]
[[eo:tailleur]]
[[fi:tailleur]]
[[fr:tailleur]]
[[gl:tailleur]]
[[hu:tailleur]]
[[id:tailleur]]
[[io:tailleur]]
[[it:tailleur]]
[[ko:tailleur]]
[[ku:tailleur]]
[[lo:tailleur]]
[[mg:tailleur]]
[[nl:tailleur]]
[[pl:tailleur]]
[[ru:tailleur]]
[[sv:tailleur]]
[[tr:tailleur]]
[[ug:tailleur]]
[[vi:tailleur]]</text>
<sha1>hw1p2h3g9jstmmi45keincmlsel1uzf</sha1>
</revision>
</page>
