<page>
<page>
<title>tailor</title>
<ns>0</ns>
<id>4613</id>
<revision>
<id>2137892</id>
<parentid>2045203</parentid>
<timestamp>2016-06-10T21:36:36Z</timestamp>
<contributor>
<username>UT-interwiki-Bot</username>
<id>56129</id>
</contributor>
<minor />
<comment>Robô: A adicionar: [[ar:tailor]]</comment>
<model>wikitext</model>
<format>text/x-wiki</format>
<text bytes="577" xml:space="preserve">={{-en-}}=
==Substantivo==
# [[Alfaiate]].
[[Categoria:Substantivo (Inglês)]]
[[ang:tailor]]
[[ar:tailor]]
[[az:tailor]]
[[ca:tailor]]
[[chr:tailor]]
[[da:tailor]]
[[el:tailor]]
[[en:tailor]]
[[eo:tailor]]
[[es:tailor]]
[[et:tailor]]
[[fi:tailor]]
[[fr:tailor]]
[[gl:tailor]]
[[hu:tailor]]
[[hy:tailor]]
[[io:tailor]]
[[it:tailor]]
[[kn:tailor]]
[[ko:tailor]]
[[ku:tailor]]
[[lo:tailor]]
[[lt:tailor]]
[[mg:tailor]]
[[ml:tailor]]
[[my:tailor]]
[[pl:tailor]]
[[ru:tailor]]
[[simple:tailor]]
[[sv:tailor]]
[[ta:tailor]]
[[te:tailor]]
[[tr:tailor]]
[[vi:tailor]]
[[zh:tailor]]</text>
<sha1>e2l8npukx4eu9youtb5qhk3diacdht5</sha1>
</revision>
