<page>
<title>taille</title>
<ns>0</ns>
<id>57597</id>
<revision>
<id>2581454</id>
<parentid>2220335</parentid>
<timestamp>2020-03-11T10:08:20Z</timestamp>
<contributor>
<username>ValJor</username>
<id>1358</id>
</contributor>
<comment>Acrescentando código de língua à [[:Categoria:!Página com mensagem de erro em predefinição|predefinição escopo]]</comment>
<model>wikitext</model>
<format>text/x-wiki</format>
<text bytes="875" xml:space="preserve">={{-fr-}}=
==Substantivo==
'''taille''', {{gramática|f}}
# [[corte]];  [[maneira]] de [[cortar]] certas coisas
#* ''La '''taille''' des cheveux, de la barbe.'': o corte dos cabelos, da barba
# maneira de [[trabalhar]] as [[pedra]]s [[precioso|preciosas]]
# {{escopo2|Gravura}} [[incisão]] que se faz com [[cutelo]] em [[cobre]] ou qualquer outro material
# {{escopo|fr|Medicina}} [[operação]] feita para [[extrair]]  [[cálculo]]s [[biliar]]es
# [[comprimento]] do [[corpo]] [[humano]], dos [[pé]]s até a [[cabeça]]; [[estatura]]
#* ''Il est de '''taille''' moyenne.'' &lt;small&gt;(Ele tem estatura mediana.)&lt;/small&gt;
# [[cintura]]
# [[tamanho]] dos [[animal|animais]]
# {{escopo|fr|Música|Arcaico}} [[tenor]]
===Homófonos===
* [[taillent]] (flexão do verbo [[tailler]])
* [[thaï]]
=={{pronúncia|fr}}==
* [[AFI]]: \tɑj\ ou \taj\
[[Categoria:Substantivo (Francês)]]</text>
<sha1>fwqkhby5swxro6j58jejje2zcd22z8d</sha1>
</revision>
</page>
