<page>
<title>Tailandya</title>
<ns>0</ns>
<id>398506</id>
<revision>
<id>2513629</id>
<timestamp>2018-07-29T02:37:42Z</timestamp>
<contributor>
<ip>187.113.196.218</ip>
</contributor>
<comment>[[Ajuda:Guia de edição/Menus e ferramentas/Sumário de edição|→]] nova página: [[Ficheiro:Flag of Thailand.svg|thumb|300px|'''Tailandya''' (&quot;[[Tailândia]]&quot;)]] ={{-bcl-}}= {{Wikipédia|lan...</comment>
<model>wikitext</model>
<format>text/x-wiki</format>
<text bytes="823" xml:space="preserve">[[Ficheiro:Flag of Thailand.svg|thumb|300px|'''Tailandya''' (&quot;[[Tailândia]]&quot;)]]
={{-bcl-}}=
{{Wikipédia|lang=bcl}}
==Substantivo==
'''Tailandya'''
# {{escopo2|geografia}} [[Tailândia]]
===Sinónimos===
* {{link opcional|Kahadean nin Tailandya}} (''nome oficial'')
==Ver também==
===No Wikcionário===
{{verTambém.Ini}}
* [[#{{bcl}}|Bangkok]]
{{verTambém.Fim}}
{{Ásia/bcl}}
={{-pam-}}=
{{Wikipédia|lang=pam}}
==Substantivo==
'''Tailandya'''
# {{escopo2|geografia}} [[Tailândia]]
===Sinónimos===
* {{link opcional|Kaarian ning Thailand}} (''nome oficial'')
==Ver também==
===No Wikcionário===
{{verTambém.Ini}}
* [[#{{pam}}|Bangkok]]
{{verTambém.Fim}}
{{Ásia/pam}}
{{categorias|{{bcl}}|Polissílabo|País|Entrada com imagem}}
{{categorias|{{pam}}|Polissílabo|País|Entrada com imagem}}
[[ro:Tailandya]]</text>
<sha1>9mjjrhl3es1dqkld6vlalhrt9u00exg</sha1>
</revision>
</page>
