<page>
<title>taimouco</title>
<ns>0</ns>
<id>380276</id>
<revision>
<id>2419129</id>
<timestamp>2017-06-28T12:22:56Z</timestamp>
<contributor>
<username>Cpls</username>
<id>20608</id>
</contributor>
<comment>[[Ajuda:Guia de edição/Menus e ferramentas/Sumário de edição|→]] nova página: ={{-gl-}}= ==Adjetivo== {{flex.gl|ms=taimouco|mp=taimoucos|fs=taimouca|fp=taimoucas}} {{paroxítona|tai|mou|c...</comment>
<model>wikitext</model>
<format>text/x-wiki</format>
<text bytes="427" xml:space="preserve">={{-gl-}}=
==Adjetivo==
{{flex.gl|ms=taimouco|mp=taimoucos|fs=taimouca|fp=taimoucas}}
{{paroxítona|tai|mou|co|lang=gl}}
# taimado, [[astuto]], perspicaz, velhaco
# [[teimoso]]
===Sinônimos===
* De '''2''': [[obstinado#{{gl}}|obstinado]], [[terco#{{gl}}|terco]], [[teimoso#{{gl}}|teimoso]]
=={{etimologia|gl}}==
: Confronte-se com [[taimado]] e com o galego ''[[taimouca#{{gl}}|taimouca]]''.
[[Categoria:Adjetivo (Galego)]]</text>
<sha1>f4hxj3qcec8uxqdky8c0jos9coli9tr</sha1>
</revision>
</page>
