<page>
<page>
<title>taimouca</title>
<ns>0</ns>
<id>380274</id>
<revision>
<id>2419127</id>
<timestamp>2017-06-28T12:20:23Z</timestamp>
<contributor>
<username>Cpls</username>
<id>20608</id>
</contributor>
<comment>[[Ajuda:Guia de edição/Menus e ferramentas/Sumário de edição|→]] nova página: ={{-gl-}}= ==Adjetivo== {{flex.gl|ms=taimouco|mp=taimoucos|fs=taimouca|fp=taimoucas}} {{paroxítona|tai|mou|c...</comment>
<model>wikitext</model>
<format>text/x-wiki</format>
<text bytes="617" xml:space="preserve">={{-gl-}}=
==Adjetivo==
{{flex.gl|ms=taimouco|mp=taimoucos|fs=taimouca|fp=taimoucas}}
{{paroxítona|tai|mou|ca|lang=gl}}
# taimada, [[astuto|astunta]], perspicaz, velhaca
# {{o/a|teimos}}
===Sinônimos===
* De '''2''': [[obstinado#{{gl}}|obstinada]], [[terco#{{gl}}|terca]], [[teimoso#{{gl}}|teimosa]]
==Substantivo==
{{flex.gl|fs=taimouca|fp=taimoucas}}
{{paroxítona|tai|mou|ca|lang=gl}}
# [[malícia]], astúcia, hipocrisia, picardia
=={{etimologia|gl}}==
: Confronte-se com [[taimado|taimada]] e com o galego ''[[taimeiro#{{gl}}|taimeira]]''.
[[Categoria:Adjetivo (Galego)]]
[[Categoria:Substantivo (Galego)]]</text>
<sha1>n7jsffsvoatrmvydy1gdcpezlw8ecph</sha1>
</revision>
