<page>
<title>taimen</title>
<ns>0</ns>
<id>318992</id>
<revision>
<id>2239706</id>
<parentid>1881927</parentid>
<timestamp>2017-02-17T11:37:46Z</timestamp>
<contributor>
<username>UT-interwiki-Bot</username>
<id>56129</id>
</contributor>
<minor />
<comment>Robô: A adicionar: [[eo:taimen]]</comment>
<model>wikitext</model>
<format>text/x-wiki</format>
<text bytes="442" xml:space="preserve">{{Wikipédia|lang=fi}}
={{-fi-}}=
==Substantivo==
'''taimen'''
# [[truta]] (peixe teleósteo)
==Ver também==
===No Wikcionário===
* [[kala]]
[[Categoria:Substantivo (Finlandês)]]
[[Categoria:Peixe (Finlandês)]]
[[da:taimen]]
[[el:taimen]]
[[en:taimen]]
[[eo:taimen]]
[[es:taimen]]
[[fi:taimen]]
[[fr:taimen]]
[[gl:taimen]]
[[hu:taimen]]
[[io:taimen]]
[[mg:taimen]]
[[nl:taimen]]
[[pl:taimen]]
[[sv:taimen]]
[[ta:taimen]]
[[tr:taimen]]</text>
<sha1>ivetv9d6j5lxjnh4ch19dbccxyrd5n2</sha1>
</revision>
</page>
