<page>
<page>
<title>taimeiro</title>
<ns>0</ns>
<id>380275</id>
<revision>
<id>2602623</id>
<parentid>2419128</parentid>
<timestamp>2020-11-20T18:10:40Z</timestamp>
<contributor>
<username>Cpls</username>
<id>20608</id>
</contributor>
<comment>/* {{-gl-}} */</comment>
<model>wikitext</model>
<format>text/x-wiki</format>
<text bytes="455" xml:space="preserve">={{-gl-}}=
==Adjetivo==
{{flex.gl|ms=taimeiro|mp=taimeiros|fs=taimeira|fp=taimeiras}}
{{paroxítona|tai|mei|ro|lang=gl}}
# taimado, [[astuto]], perspicaz, velhaco
# [[teimoso]]
===Sinônimos===
* De '''2''': [[obstinado#{{gl}}|obstinado]], [[terco#{{gl}}|terco]], [[teimão#{{gl}}|teimão]], [[teimoso#{{gl}}|teimoso]]
=={{etimologia|gl}}==
: Confronte-se com [[taimado]] e com o galego ''[[taimouco#{{gl}}|taimouco]]''.
[[Categoria:Adjetivo (Galego)]]</text>
<sha1>8hvjn1jvk3c61y0h71p9zl00m4teu6t</sha1>
</revision>
