<page>
<title>taina</title>
<ns>0</ns>
<id>329648</id>
<revision>
<id>2663152</id>
<parentid>2663060</parentid>
<timestamp>2022-03-04T21:23:19Z</timestamp>
<contributor>
<username>ValJor</username>
<id>1358</id>
</contributor>
<minor />
<comment>Revertidas edições por [[Especial:Contribuições/201.55.116.145|201.55.116.145]] para a última versão por [[Especial:Contribuições/HydrizBot|HydrizBot]]</comment>
<model>wikitext</model>
<format>text/x-wiki</format>
<text bytes="774" xml:space="preserve">={{-pt-}}=
==Substantivo==
{{flex.pt|fs=taina|fp=tainas}}
{{paroxítona|tai|na}}, {{f}}
# [[folgança]] de festa
# [[desordem]] com agressões, tumulto
=={{etimologia|pt}}==
: Confronte-se com a palavra [[galego|galega]] ''[[tana#Galego|tana]]''.
[[Categoria:Substantivo (Português)]]
={{-gl-}}=
==Substantivo==
{{flex.gl|fs=taina|fp=tainas}}
{{paroxítona|tai|na|lang=gl}}, {{f}}
# [[preguiça]]
# [[açoite]] no cu
# [[jogo]] das escondidas
===Expressões===
* '''fazer a taina''', demorar premeditadamente, ter preguiça, ser um [[molengão]]
=={{etimologia|gl}}==
: Confronte-se com a palavra [[galego|galega]] ''[[tana#Galego|tana]]''.
[[Categoria:Substantivo (Galego)]]
[[en:taina]]
[[eo:taina]]
[[es:taina]]
[[fy:taina]]
[[mg:taina]]
[[nl:taina]]
[[ru:taina]]</text>
<sha1>mpwkbsbdw4lm3woc1qha9wlf4cckv6k</sha1>
</revision>
</page>
