<page>
<title>Tainá</title>
<ns>0</ns>
<id>334315</id>
<revision>
<id>2055956</id>
<parentid>1877379</parentid>
<timestamp>2016-01-14T10:56:50Z</timestamp>
<contributor>
<username>ValJor</username>
<id>1358</id>
</contributor>
<comment>Melhorando a apresentação do verbete</comment>
<model>wikitext</model>
<format>text/x-wiki</format>
<text bytes="362" xml:space="preserve">{{dica de uso|O nome ''Tainá'' só é permitido no Brasil. Há duas formas: ''Tainá'' (feminino) e ''Tainã'' (masculino).}}
={{-pt-}}=
==Substantivo==
{{flex.pt|fs=Tainá|fp=Tainás}}
{{oxítona|Ta|i|ná}}, {{f}}
# [[prenome]] [[feminino]]
==Anagramas==
# [[Anita]]
# [[atina]]
[[Categoria:Substantivo (Português)]]
[[Categoria:Antropônimo (Português)]]</text>
<sha1>id61qzjn6zixx8k80raqbe66urmslkl</sha1>
</revision>
</page>
