<page>
<title>tainar</title>
<ns>0</ns>
<id>316784</id>
<revision>
<id>2581259</id>
<parentid>1705483</parentid>
<timestamp>2020-03-10T10:43:03Z</timestamp>
<contributor>
<username>ValJor</username>
<id>1358</id>
</contributor>
<comment>Acrescentando código de língua à [[:Categoria:!Página com mensagem de erro em predefinição|predefinição escopo]]</comment>
<model>wikitext</model>
<format>text/x-wiki</format>
<text bytes="365" xml:space="preserve">={{-pt-}}=
==Verbo==
{{oxítona|tai|nar}}
# {{escopo|pt|Minho}} [[pandegar]]
===Conjugação===
{{conj/pt|tain|ar}}
==Ligações externas==
* {{Aulete}}
* {{DPLP}}
* {{Infopédia}}
* {{PLP}}
* {{VOLPABL}}
==Anagramas==
&lt;!-- índice para anagramas: pt: aainrt --&gt;
# [[atinar]]
# [[tirana]]
[[Categoria:Verbo (Português)]]
[[Categoria:Regionalismo (Português)]]</text>
<sha1>13qvux8yrqsrwnsyhg46qu8khnr2pow</sha1>
</revision>
</page>
