<page>
<page>
<title>Tainara</title>
<ns>0</ns>
<id>338376</id>
<revision>
<id>2057509</id>
<parentid>1910452</parentid>
<timestamp>2016-01-21T15:59:33Z</timestamp>
<contributor>
<username>ValJor</username>
<id>1358</id>
</contributor>
<comment>Melhorando a apresentação do verbete</comment>
<model>wikitext</model>
<format>text/x-wiki</format>
<text bytes="259" xml:space="preserve">={{-pt-}}=
==Substantivo==
{{flex.pt|fs=Tainara|fp=Tainaras}}
{{paroxítona|Tai|na|ra}}, {{f}}
# [[prenome]] [[feminino]]
==Anagramas==
# [[atinara]]
# [[ratânia]]
# [[tanaria]]
[[Categoria:Substantivo (Português)]]
[[Categoria:Antropônimo (Português)]]</text>
<sha1>mimlj4j3wrn3w5odr83qirhhsf08i36</sha1>
</revision>
