<page>
<title>taino</title>
<ns>0</ns>
<id>17108</id>
<revision>
<id>2045202</id>
<parentid>1346893</parentid>
<timestamp>2015-12-06T13:50:43Z</timestamp>
<contributor>
<username>HydrizBot</username>
<id>29590</id>
</contributor>
<minor />
<comment>Robô: A adicionar: [[en:taino]]</comment>
<model>wikitext</model>
<format>text/x-wiki</format>
<text bytes="144" xml:space="preserve">={{-tnq-}}=
==Adjetivo==
'''taino'''
# [[bom]]
[[Categoria:Adjetivo (Taino)]]
[[en:taino]]
[[fr:taino]]
[[ko:taino]]
[[mg:taino]]
[[ta:taino]]</text>
<sha1>nh0t4yptciq7rskcldc66diwm1aldpk</sha1>
</revision>
</page>
