<page>
<page>
<title>taipal</title>
<ns>0</ns>
<id>249793</id>
<revision>
<id>2617657</id>
<parentid>1202987</parentid>
<timestamp>2021-02-01T04:32:37Z</timestamp>
<contributor>
<username>MarxavBot</username>
<id>80155</id>
</contributor>
<minor />
<comment>AFI Portugal</comment>
<model>wikitext</model>
<format>text/x-wiki</format>
<text bytes="441" xml:space="preserve">={{-pt-}}=
==Substantivo==
{{flex.pt|ms=taipal|mp=taipais}}
{{oxítona|tai|pal}}
# [[armação]] de madeira de suporte, para construir uma [[taipa]], para servir de molde para paredes feitas de [[concreto]], para anteparar lateralmente a carrega num [[caminhão]] ou carro de bois.
===Sinônimos===
# [[ladral]], o que antepara a carga
=={{pronúncia|pt}}==
===Portugal===
* AFI: {{AFI|/taj.ˈpaɫ/}}
[[Categoria:Substantivo (Português)]]</text>
<sha1>2cv6l93pcofeiyv1okr98hjebacwkxp</sha1>
</revision>
