<page>
<title>taipar</title>
<ns>0</ns>
<id>316632</id>
<revision>
<id>1703385</id>
<timestamp>2013-07-23T15:45:47Z</timestamp>
<contributor>
<username>ValJor</username>
<id>1358</id>
</contributor>
<comment>Por um [[Especial:Lonelypages|wikcionário sem órfãos]]: [[taipámos]]</comment>
<model>wikitext</model>
<format>text/x-wiki</format>
<text bytes="452" xml:space="preserve">={{-pt-}}=
==Verbo==
{{oxítona|tai|par}}, ''v. t.''
# [[calcar]] o [[barro]] em (a [[taipa]])
# [[construir]] com taipa
# [[limitar]] ou [[dividir]] com taipa
===Conjugação===
{{conj/pt|taip|ar}}
=={{etimologia|pt}}==
: {{escopo|Morfologia}} [[taipa]] + [[-ar]].
==Ligações externas==
* {{DicioAberto}}
==Anagramas==
# [[apitar]]
# [[partia]]
# [[pátria]]
# [[pirata]]
# [[pitara]]
# [[pitará]]
# [[raptai]]
[[Categoria:Verbo (Português)]]</text>
<sha1>erzut5tj3as77uq1ofehcjpspihm1ul</sha1>
</revision>
</page>
