<page>
<title>taira</title>
<ns>0</ns>
<id>325339</id>
<revision>
<id>2080287</id>
<parentid>1830677</parentid>
<timestamp>2016-04-02T21:27:46Z</timestamp>
<contributor>
<username>HydrizBot</username>
<id>29590</id>
</contributor>
<minor />
<comment>Robô: A adicionar: [[mg:taira]]</comment>
<model>wikitext</model>
<format>text/x-wiki</format>
<text bytes="346" xml:space="preserve">={{-cod-}}=
==Substantivo==
'''{{grifar|tai}}.ra'''
# [[filha]] [[de]] [[homem]]&lt;ref group=&quot;cod&quot;&gt;FAUST, 2008, p.157&lt;/ref&gt;
===Notas===
&lt;references group=&quot;cod&quot; /&gt;
===Referências===
{{verTambém.Ini}}
{{Faust2008}}
{{verTambém.Fim}}
{{categorias|{{cod}}|Substantivo|Dissílabo}}
[[en:taira]]
[[fi:taira]]
[[fr:taira]]
[[mg:taira]]
[[zh:taira]]</text>
<sha1>ns8xzk19pf6vca9g9q2xt76txwinult</sha1>
</revision>
</page>
