<page>
<page>
<title>tair</title>
<ns>0</ns>
<id>16501</id>
<revision>
<id>1797522</id>
<parentid>1687520</parentid>
<timestamp>2013-12-28T14:54:14Z</timestamp>
<contributor>
<username>MalafayaBot</username>
<id>628</id>
</contributor>
<minor />
<comment>r2.7.5) (Robô: A adicionar: [[chr:tair]]</comment>
<model>wikitext</model>
<format>text/x-wiki</format>
<text bytes="375" xml:space="preserve">={{-cy-}}=
== Numeral  ==
'''{{PAGENAME}}''' ''cardinal feminino'';  masculino:[[tri]]
:# o [[número]] [[três]]
== Outros verbetes ==
* [[dau]]/[[dwy]], [[pump]]
[[Categoria:Numeral (Galês)|# 000003]]
[[chr:tair]]
[[cy:tair]]
[[en:tair]]
[[es:tair]]
[[et:tair]]
[[fr:tair]]
[[hu:tair]]
[[io:tair]]
[[is:tair]]
[[li:tair]]
[[lt:tair]]
[[mg:tair]]
[[pl:tair]]
[[ru:tair]]</text>
<sha1>147lr22vj0dndv4skynzuyry5cwaqjr</sha1>
</revision>
