<page>
<page>
<title>tais</title>
<ns>0</ns>
<id>76877</id>
<revision>
<id>2036740</id>
<parentid>1923645</parentid>
<timestamp>2015-11-14T03:16:41Z</timestamp>
<contributor>
<username>HydrizBot</username>
<id>29590</id>
</contributor>
<minor />
<comment>Robô: A adicionar: [[nl:tais]], [[ro:tais]]</comment>
<model>wikitext</model>
<format>text/x-wiki</format>
<text bytes="427" xml:space="preserve">={{-pt-}}=
==Forma de adjetivo==
{{oxítona|tais}}
# plural de [[tal]]
==Forma de pronome==
{{oxítona|tais}}
# plural de [[tal]]
==Anagrama==
# [[tias]]
[[Categoria:Forma de adjetivo (Português)]]
[[Categoria:Forma de pronome (Português)]]
[[ast:tais]]
[[az:tais]]
[[en:tais]]
[[et:tais]]
[[fr:tais]]
[[hu:tais]]
[[id:tais]]
[[ku:tais]]
[[lt:tais]]
[[lv:tais]]
[[mg:tais]]
[[nl:tais]]
[[oc:tais]]
[[pl:tais]]
[[ro:tais]]</text>
<sha1>hvk7es4lenojyid8zexyxf95p02agc2</sha1>
</revision>
