<page>
<page>
<title>taitiano</title>
<ns>0</ns>
<id>1101</id>
<revision>
<id>1996720</id>
<parentid>1797520</parentid>
<timestamp>2015-09-05T00:35:57Z</timestamp>
<contributor>
<username>HydrizBot</username>
<id>29590</id>
</contributor>
<minor />
<comment>Robô: A adicionar: [[en:taitiano]]</comment>
<model>wikitext</model>
<format>text/x-wiki</format>
<text bytes="795" xml:space="preserve">={{-pt-}}=
==Adjetivo==
{{flex.pt|ms=taitiano|mp=taitianos|fs=taitiana|fp=taitianas}}
{{paroxítona|ta|i|ti|a|no}}
# do [[Taiti]] (''Polinésia Francesa'')
==Substantivo==
{{paroxítona|ta|i|ti|a|no}}, ''masculino'' 
# natural do [[Taiti]] (''Polinésia Francesa'')
# língua [[malaio-polinésio|malaio-polinésia]] falada no Taiti e em outras regiões da Polinésia Francesa
===Tradução===
{{tradini}}
* {{trad|fr|Tahitien}}
{{tradmeio}}
* {{trad|en|Tahitian}}
{{tradfim}}
=={{pronúncia|pt}}==
===Brasil===
====Paulistana e Caipira====
* AFI: /ta.ˌi.tʃi.ˈã.nu/
* SAMPA: /ta.i.tSi.&quot;6.nu/
[[Categoria:Adjetivo (Português)]]
[[Categoria:Substantivo (Português)]]
[[Categoria:Gentílico (Português)]]
[[Categoria:Língua (Português)]]
[[en:taitiano]]
[[fr:taitiano]]
[[zh:taitiano]]</text>
<sha1>lrqwoyhs4qoyw4yazm5gqbqfj4axj5a</sha1>
</revision>
