<page>
<page>
<title>Taituha</title>
<ns>0</ns>
<id>428817</id>
<revision>
<id>2604021</id>
<timestamp>2020-12-06T22:06:42Z</timestamp>
<contributor>
<username>Leonardo José Raimundo</username>
<id>43489</id>
</contributor>
<comment>Eu estou criando o nome &quot;Taituha&quot;.</comment>
<model>wikitext</model>
<format>text/x-wiki</format>
<text bytes="197" xml:space="preserve">={{-mi-}}=
==Substantivo==
{{paroxítona|Tai|tu|ha|lang=mi}}
# {{escopo|mi|Cristianismo|religião}} [[Tito]]
==Ver também==
===No Wikcionário===
{{bíblia/mi}}
[[Categoria:Substantivo (Maori)]]</text>
<sha1>9wa8jnaqfjham8gepy0o9a7fowz1dlz</sha1>
</revision>
