<page>
<title>taitei</title>
<ns>0</ns>
<id>166992</id>
<revision>
<id>2223912</id>
<parentid>2092390</parentid>
<timestamp>2017-01-16T22:53:08Z</timestamp>
<contributor>
<username>Tribuno da Plebe</username>
<id>16095</id>
</contributor>
<model>wikitext</model>
<format>text/x-wiki</format>
<text bytes="129" xml:space="preserve">={{-ja-}}=
==Transliteração==
# transliteração de [[たいてい]]
[[Categoria:Transliteração (Japonês)]]
[[en:taitei]]</text>
<sha1>1ueie2ezpqh667mabbft85x9x2udnxj</sha1>
</revision>
</page>
