<page>
<page>
<title>Taiuã</title>
<ns>0</ns>
<id>55890</id>
<revision>
<id>2651501</id>
<parentid>2280749</parentid>
<timestamp>2021-11-05T10:19:26Z</timestamp>
<contributor>
<username>ValJor</username>
<id>1358</id>
</contributor>
<comment>Substituindo a [[Especial:Páginas_afluentes/Predefinição:escopoCatLang|predefinição escopoCatLang]] por escopo</comment>
<model>wikitext</model>
<format>text/x-wiki</format>
<text bytes="713" xml:space="preserve">{{Wikipédia|lang=pt|Taiwan}}
{{Wikipédia|lang=gn}}
[[Imagem:Flag of the Republic of China.svg|thumb|right|250px|{{centro|Bandeira de Taiwan}}]]
[[Imagem:Island of Taiwan (orthographic projection).svg|thumb|right|250px|{{centro|Localização de Taiwan}}]]
={{-pt-}}=
==Substantivo==
'''Taiuã''', {{gramática|pr}}
# {{escopo|pt|País}} [[Taiwan]]
==Ver também==
===No Wikcionário===
{{Ásia/pt}}
[[Categoria:Substantivo (Português)]]
[[Categoria:Entrada com imagem (Português)]]
={{-gn-}}=
==Substantivo==
'''Taiuã''', {{gramática|pr}}
# {{escopo|gn|País}} [[Taiwan]]
==Ver também==
===No Wikcionário===
{{Ásia/gn}}
[[Categoria:Substantivo (Guarani)]]
[[Categoria:Entrada com imagem (Guarani)]]</text>
<sha1>7ah6sl5mfwel2ac0ukdclbwtplw1yx2</sha1>
</revision>
