<page>
<title>taiuiá</title>
<ns>0</ns>
<id>78953</id>
<revision>
<id>1214931</id>
<parentid>305236</parentid>
<timestamp>2011-07-10T17:45:46Z</timestamp>
<contributor>
<username>MalafayaBot</username>
<id>628</id>
</contributor>
<minor />
<comment>Robô: Substituição de texto automática (-^\=\s?Português\s?\= +={{-pt-}}= &amp; -^\=\s?\{\{pt\}\}\s?\= +={{-pt-}}=)</comment>
<model>wikitext</model>
<format>text/x-wiki</format>
<text bytes="202" xml:space="preserve">={{-pt-}}=
[[Categoria:Substantivo (Português)]]
==Substantivo==
'''taiuiá''' ''masculino ''
# [[planta]] [[cucurbitácea]] [[medicinal]]
# [[aboborinha-do-mato]]
# [[abobrinha-do-mato]]
# [[tajujá]]</text>
<sha1>rsvnm8ynicumgyih19hfw21vua6dqhx</sha1>
</revision>
</page>
