<page>
<page>
<title>taiuvenses</title>
<ns>0</ns>
<id>394959</id>
<revision>
<id>2496508</id>
<parentid>2496507</parentid>
<timestamp>2018-04-15T02:40:50Z</timestamp>
<contributor>
<username>MIL973</username>
<id>41339</id>
</contributor>
<model>wikitext</model>
<format>text/x-wiki</format>
<text bytes="333" xml:space="preserve">={{-pt-}}=
==Forma de adjetivo==
{{paroxítona|tai|u|ven|ses}}, {{gramática|c2gp}}
# plural de [[taiuvense]]
==Forma de substantivo==
{{paroxítona|tai|u|ven|ses}}, {{gramática|c2gp}}
# plural de [[taiuvense]]
{{avi-for-fle|taiuvense}}
[[Categoria:Forma de adjetivo (Português)]]
[[Categoria:Forma de substantivo (Português)]]</text>
<sha1>a56f4fwbxn1sati25kmpirjpfy59ppi</sha1>
</revision>
