<page>
<title>Taiuva</title>
<ns>0</ns>
<id>137115</id>
<revision>
<id>2496502</id>
<parentid>2496500</parentid>
<timestamp>2018-04-15T02:35:56Z</timestamp>
<contributor>
<username>MIL973</username>
<id>41339</id>
</contributor>
<model>wikitext</model>
<format>text/x-wiki</format>
<text bytes="507" xml:space="preserve">{{Wikipédia}}
{{ver também|taiuva}}
={{-pt-}}=
==Substantivo==
{{paroxítona|Tai|u|va}}, {{gramática|pr}}
# {{escopo|pt|Município do estado de São Paulo}} [[Apêndice:Gentílicos e topónimos em português/Brasil/São Paulo|município brasileiro do estado de São Paulo]]
==Ver também==
===No Wikcionário===
{{colunas|2}}
* [[taiuva]]
* [[taiuvense]]
{{colunas/fim}}
==Ligações externas==
* [http://www.taiuva.sp.gov.br/ Prefeitura de Taiuva (São Paulo)]
[[Categoria:Substantivo (Português)]]</text>
<sha1>0f7lauba08og5s00nu8vqp5t5mauwyv</sha1>
</revision>
</page>
