<page>
<title>Taiuan</title>
<ns>0</ns>
<id>320409</id>
<revision>
<id>2581118</id>
<parentid>1949126</parentid>
<timestamp>2020-03-09T08:53:31Z</timestamp>
<contributor>
<username>ValJor</username>
<id>1358</id>
</contributor>
<comment>Acrescentando código de língua à [[:Categoria:!Página com mensagem de erro em predefinição|predefinição escopo]]</comment>
<model>wikitext</model>
<format>text/x-wiki</format>
<text bytes="559" xml:space="preserve">{{Wikipédia|lang=lfn}}
[[Imagem:Flag of the Republic of China.svg|thumb|right|250px|&lt;center&gt;Bandeira de Taiwan&lt;/center&gt;]]
[[Imagem:LocationTaiwan.png|thumb|right|250px|&lt;center&gt;Localização de Taiwan&lt;/center&gt;]]
={{-lfn-}}=
==Substantivo==
'''Taiuan''', {{gramática|pr}}
# {{escopo|lfn|País}} [[Taiwan]]
==={{-varort-}}===
* [[Таиуан]]
===Verbetes derivados===
* {{link opcional|taiuan|lfn}}
==Ver também==
===No Wikcionário===
{{Ásia/lfn}}
[[Categoria:Substantivo (Língua Franca Nova)]]
[[Categoria:Entrada com imagem (Língua Franca Nova)]]</text>
<sha1>auitc3svacdgvwgy1trg8jdlnm4pcsj</sha1>
</revision>
</page>
