<page>
<title>taiuvense</title>
<ns>0</ns>
<id>394958</id>
<revision>
<id>2496505</id>
<parentid>2496504</parentid>
<timestamp>2018-04-15T02:39:31Z</timestamp>
<contributor>
<username>MIL973</username>
<id>41339</id>
</contributor>
<model>wikitext</model>
<format>text/x-wiki</format>
<text bytes="520" xml:space="preserve">={{-pt-}}=
==Adjetivo==
{{flex.pt|s=taiuvense|p=taiuvenses}}
{{paroxítona|tai|u|ven|se}}, {{gramática|c2g}}
# {{escopo|pt|Gentílico}} de [[Taiuva]], cidade paulista
==Substantivo==
{{flex.pt|s=taiuvense|p=taiuvenses}}
{{paroxítona|tai|u|ven|se}}, {{gramática|c2g}}
# {{escopo|pt|Gentílico}} natural de Taiuva ou seu habitante
=={{etimologia|pt}}==
: {{escopo|Morfologia}} De [[Taiuva]] + [[-ense]].
==Ligações externas==
* {{Aulete}}
[[Categoria:Adjetivo (Português)]]
[[Categoria:Substantivo (Português)]]</text>
<sha1>pn40t7p1k402mlfahykx32pzefeiqbe</sha1>
</revision>
</page>
