<page>
<title>Taiuana</title>
<ns>0</ns>
<id>136129</id>
<revision>
<id>2581115</id>
<parentid>1640146</parentid>
<timestamp>2020-03-09T08:41:06Z</timestamp>
<contributor>
<username>ValJor</username>
<id>1358</id>
</contributor>
<comment>Acrescentando código de língua à [[:Categoria:!Página com mensagem de erro em predefinição|predefinição escopo]]</comment>
<model>wikitext</model>
<format>text/x-wiki</format>
<text bytes="442" xml:space="preserve">{{Wikipédia|lang=haw}}
[[Imagem:Flag of the Republic of China.svg|thumb|right|250px|&lt;center&gt;Bandeira de Taiwan&lt;/center&gt;]]
[[Imagem:LocationTaiwan.png|thumb|right|250px|&lt;center&gt;Localização de Taiwan&lt;/center&gt;]]
={{-haw-}}=
==Substantivo==
'''Taiuana''', {{gramática|pr}}
# {{escopo|haw|País}} [[Taiwan]]
==Ver também==
===No Wikcionário===
{{Ásia/haw}}
[[Categoria:Substantivo (Havaiano)]]
[[Categoria:Entrada com imagem (Havaiano)]]</text>
<sha1>4c711t36uuu14gy3c8ejukrbgrmz6um</sha1>
</revision>
</page>
