<page>
<title>Taiwán</title>
<ns>0</ns>
<id>134316</id>
<revision>
<id>2581106</id>
<parentid>2280752</parentid>
<timestamp>2020-03-09T07:25:37Z</timestamp>
<contributor>
<username>ValJor</username>
<id>1358</id>
</contributor>
<comment>Acrescentando código de língua à [[:Categoria:!Página com mensagem de erro em predefinição|predefinição escopo]]</comment>
<model>wikitext</model>
<format>text/x-wiki</format>
<text bytes="987" xml:space="preserve">{{Wikipédia|lang=cbk}}
{{Wikipédia|lang=gl}}
{{Wikipédia|lang=tet}}
[[Imagem:Flag of the Republic of China.svg|thumb|right|250px|&lt;center&gt;Bandeira de Taiwan&lt;/center&gt;]]
[[Imagem:LocationTaiwan.png|thumb|right|250px|&lt;center&gt;Localização de Taiwan&lt;/center&gt;]]
={{-cbk-}}=
==Substantivo==
'''Taiwán''', {{gramática|pr}}
# {{escopo|cbk|País}} [[Taiwan]]
==Ver também==
===No Wikcionário===
{{Ásia/cbk}}
[[Categoria:Substantivo (Chavacano)]]
[[Categoria:Entrada com imagem (Chavacano)]]
={{-gl-}}=
==Substantivo==
'''Taiwán''', {{gramática|pr}}
# {{escopo|gl|País}} [[Taiwan]]
===Sinônimo===
* [[República de China]]
==Ver também==
===No Wikcionário===
{{Ásia/gl}}
[[Categoria:Substantivo (Galego)]]
[[Categoria:Entrada com imagem (Galego)]]
={{-tet-}}=
==Substantivo==
'''Taiwán''', {{gramática|pr}}
# {{escopo|tet|País}} [[Taiwan]]
==Ver também==
===No Wikcionário===
{{Ásia/tet}}
[[Categoria:Substantivo (Tétum)]]
[[Categoria:Entrada com imagem (Tétum)]]</text>
<sha1>srrjwtsfgq1mxcwccibggvsvy6pugnm</sha1>
</revision>
</page>
