<page>
<page>
<title>taixarola</title>
<ns>0</ns>
<id>384511</id>
<revision>
<id>2453695</id>
<timestamp>2017-10-06T10:11:01Z</timestamp>
<contributor>
<username>Cpls</username>
<id>20608</id>
</contributor>
<comment>[[Ajuda:Guia de edição/Menus e ferramentas/Sumário de edição|→]] nova página: ={{-gl-}}= ==Substantivo== {{flex.gl|fs=taixarola|fp=taixarolas}} {{paroxítona|tai|xa|ro|la|lang=gl}}, {{g|f...</comment>
<model>wikitext</model>
<format>text/x-wiki</format>
<text bytes="499" xml:space="preserve">={{-gl-}}=
==Substantivo==
{{flex.gl|fs=taixarola|fp=taixarolas}}
{{paroxítona|tai|xa|ro|la|lang=gl}}, {{g|f|lang=gl}}
# {{escopo|gl|Molusco}} [[abalone]] (''[[species:Haliotis tuberculata|Haliotis tuberculata]]'')
===Sinónimos===
* [[joel#{{gl}}|joel]], [[peneira#{{gl}}|peneira]], [[tareixola#Galego|tareixola]], [[tereixola#{{gl}}|tereixola]]
=={{etimologia|gl}}==
: Confronte-se com ''[[tereixola#{{gl}}|tereixola]]'' e ''[[caixarola#{{gl}}|caixarola]]''.
[[Categoria:Substantivo (Galego)]]</text>
<sha1>2suuzx7gn0fks54s12wuk1ey7t8bvco</sha1>
</revision>
