<page>
<title>taiê</title>
<ns>0</ns>
<id>343442</id>
<revision>
<id>2581103</id>
<parentid>1984481</parentid>
<timestamp>2020-03-09T07:05:20Z</timestamp>
<contributor>
<username>ValJor</username>
<id>1358</id>
</contributor>
<comment>Acrescentando código de língua à [[:Categoria:!Página com mensagem de erro em predefinição|predefinição escopo]]</comment>
<model>wikitext</model>
<format>text/x-wiki</format>
<text bytes="439" xml:space="preserve">={{-pt-}}=
==Substantivo==
{{flex.pt|ms=taiê|mp=taiês}}
{{oxítona|tai|ê}}, {{m}}
# {{escopo|pt|Brasil|vestuário}} o mesmo que [[taier]]
=={{etimologia|pt}}==
{{llietimo|fr|tailleur|pt}}
=={{pronúncia|pt}}==
===Brasil===
* [[AFI]]: {{AFI|/taj.ˈe/}}
==Ver também==
===No Wikcionário===
* [[terninho]]
==Anagramas==
&lt;!-- índice para anagramas: pt: aeit--&gt;
# [[atei]]
# [[iate]]
# [[teia]]
[[Categoria:Substantivo (Português)]]</text>
<sha1>kc6g7rnjhx73p6yxv4z54ybdx2neyof</sha1>
</revision>
</page>
