<page>
<page>
<title>tajaçuíra</title>
<ns>0</ns>
<id>326024</id>
<revision>
<id>2051223</id>
<parentid>1832126</parentid>
<timestamp>2015-12-25T23:16:37Z</timestamp>
<contributor>
<username>ValJor</username>
<id>1358</id>
</contributor>
<comment>Melhorando a apresentação do verbete</comment>
<model>wikitext</model>
<format>text/x-wiki</format>
<text bytes="220" xml:space="preserve">={{-pt-}}=
==Substantivo==
{{flex.pt|fs=tajaçuíra|fp=tajaçuíras}}
{{paroxítona|ta|ja|çu|í|ra}}, {{f}}
# nome popular da [[mãe-de-porco]]
[[Categoria:Substantivo (Português)]]
[[Categoria:Biologia (Português)]]</text>
<sha1>azkunlciggd7uz15lb1k94zrv70qife</sha1>
</revision>
