<page>
<title>tajique</title>
<ns>0</ns>
<id>58824</id>
<revision>
<id>2080286</id>
<parentid>1996718</parentid>
<timestamp>2016-04-02T21:27:35Z</timestamp>
<contributor>
<username>HydrizBot</username>
<id>29590</id>
</contributor>
<minor />
<comment>Robô: A adicionar: [[co:tajique]]</comment>
<model>wikitext</model>
<format>text/x-wiki</format>
<text bytes="377" xml:space="preserve">={{-pt-}}=
==Adjetivo==
{{flex.pt|s=tajique|p=tajiques}}
{{paroxítona|ta|ji|que}}
# de ou relativo ao [[Tajiquistão]], país da Ásia
==Substantivo==
{{paroxítona|ta|ji|que}}
# habitante ou natural do Tajiquistão
[[Categoria:Adjetivo (Português)]]
[[Categoria:Substantivo (Português)]]
[[Categoria:Gentílico (Português)]]
[[co:tajique]]
[[en:tajique]]
[[zh:tajique]]</text>
<sha1>a0rcqtfpj9l0lnt4jkpn16rjbcx27td</sha1>
</revision>
</page>
