<page>
<page>
<title>Tajiquistão</title>
<ns>0</ns>
<id>47308</id>
<revision>
<id>2624387</id>
<parentid>2520289</parentid>
<timestamp>2021-02-21T15:25:15Z</timestamp>
<contributor>
<username>ValJor</username>
<id>1358</id>
</contributor>
<comment>Substituindo a tag &lt;center&gt; pela predefinição centro</comment>
<model>wikitext</model>
<format>text/x-wiki</format>
<text bytes="3155" xml:space="preserve">{{Wikipédia}}
[[Imagem:Flag of Tajikistan.svg|thumb|right|250px|{{centro|Bandeira do Tajiquistão}}]]
[[Imagem:LocationTajikistan.svg|thumb|right|250px|{{centro|Localização do Tajiquistão}}]]
={{-pt-}}=
==Substantivo==
{{oxítona|Ta|ji|quis|tão}}, {{gramática|m|pr}}
# {{escopo|pt|País}} país da [[Ásia]] Central que tem fronteiras com a [[China]], [[Afeganistão]], [[Usbequistão]], e [[Quirguistão]] e cuja capital é [[Dushanbe]]
===Tradução===
{{tradini}}
* {{trad|sq|Taxhikistani}}
* {{trad|de|Tadschikistan}}
* {{trad|ar|طاجيكستان}}
* {{trad|an|Tadyikistán}}
* {{trad|hy|Տաջիկիստան}}
* {{trad|az|Tacikistan}}
* {{trad|nds|Tadschikistan}}
* {{trad|eu|Tadjikistan}}
* {{trad|bs|Tadžikistan}}
* {{trad|br|Tadjikistan}}
* {{trad|bg|Таджикистан}}
* {{trad|ca|Tadjikistan}}
* {{trad|kk|Тәжікстан}}
* {{trad|cs|Tádžikistán}}
* {{trad|zh|塔吉克斯坦}}
* {{trad|ko|타지키스탄}}
* {{trad|kw|Pow Tajik}}
* {{trad|hr|Tadžikistan}}
* {{trad|ku|Tacîkistan}}
* {{trad|da|Tadsjikistan}}
* {{trad|sk|Tadžikistan}}
* {{trad|sl|Tadžikistan}}
* {{trad|es|Tayikistán}}
* {{trad|eo|Taĝikio}}
* {{trad|et|Tadžikistan}}
* {{trad|fi|Tadžikistan}}
* {{trad|fr|Tadjikistan}}
* {{trad|frp|Tadj·iquistan}}
* {{trad|gd|Tajikistan}}
* {{trad|gl|Taxiquistán}}
* {{trad|cy|Tajikistan}}
* {{trad|ka|ტაჯიკეთი}}
* {{trad|el|Τατζικιστάν}}
* {{trad|he|טג'יקיסטן}}
* {{trad|nl|Tadzjikistan}}
* {{trad|hu|Tádzsikisztán}}
* {{trad|io|Tajikistan}}
* {{trad|yi|טאַדזשיקיסטאַן}}
* {{trad|id|Tajikistan}}
* {{trad|en|Tajikistan}}
{{tradmeio}}
* {{trad|ga|An Táidsíceastáin}}
* {{trad|is|Tadsjikistan}}
* {{trad|it|Tagikistan}}
* {{trad|ja|タジキスタン}}
* {{trad|la|Tadzikistania}}
* {{trad|lv|Tadžikistāna}}
* {{trad|li|Tadzjikistan}}
* {{trad|lt|Tadžikija}}
* {{trad|mk|Таџикистан}}
* {{trad|ml|താജിക്കിസ്ഥാന്‍}}
* {{trad|nan|Tajikistan}}
* {{trad|no|Tadsjikistan}}
* {{trad|nn|Tadsjikistan}}
* {{trad|oc|Tatgiquistan}}
* {{trad|pam|Tajikistan}}
* {{trad|ps|تاجکستان}}
* {{trad|fa|تاجیکستان}}
* {{trad|pl|Tadżykistan}}
* {{trad|qu|Tayiksuyu}}
* {{trad|ky|Тажикстан}}
* {{trad|ro|Tadjikistan}}
* {{trad|ru|Таджикистан}}
* {{trad|se|Tažikistan}}
* {{trad|sr|Tadžikistan|Таџикистан}}
* {{trad|sh|Tadžikistan}}
* {{trad|hsb|Tadźikistan}}
* {{trad|sw|Tajikistan}}
* {{trad|sv|Tadzjikistan}}
* {{trad|tg|Тоҷикистон}}
* {{trad|th|ทาจิกิสถาน}}
* {{trad|cv|Таджикистан}}
* {{trad|te|తజికిస్తాన్}}
* {{trad|bo|ཐ་ཇི་ཁེ་སི་ཏན}}
* {{trad|tr|Tacikistan}}
* {{trad|uk|Таджикистан}}
* {{trad|ug|تاجىكىستان}}
* {{trad|ur|تاجکستان}}
* {{trad|vi|Tajikistan}}
* {{trad|vo|Tacikistän}}
{{tradfim}}
==={{-varort-}}===
* [[Tadjiquistão]]
=={{etimologia|pt}}==
: Terra dos [[tadjique]]s.
==Ver também==
===No Wikcionário===
* [[tadjique]]
* [[tajiquistanês]]
{{Ásia/pt}}
[[Categoria:Substantivo (Português)]]
[[Categoria:Entrada com imagem (Português)]]</text>
<sha1>c21w1km9p1xuiyqr94qucxb7uh9zb9r</sha1>
</revision>
