<page>
<title>tajiquistanês</title>
<ns>0</ns>
<id>58825</id>
<revision>
<id>1473897</id>
<parentid>1188364</parentid>
<timestamp>2012-10-05T19:46:18Z</timestamp>
<contributor>
<username>ValJor</username>
<id>1358</id>
</contributor>
<comment>Separando adjetivo de substantivo</comment>
<model>wikitext</model>
<format>text/x-wiki</format>
<text bytes="397" xml:space="preserve">={{-pt-}}=
==Adjetivo==
{{flex.pt|ms=tajiquistanês|mp=tajiquistaneses|
fs=tajiquistanesa|fp=tajiquistanesas}}
{{oxítona|ta|ji|quis|ta|nês}}
# de ou relativo ao [[Tajiquistão]], país da Ásia
==Substantivo==
{{oxítona|ta|ji|quis|ta|nês}}
# habitante ou natural do Tajiquistão
[[Categoria:Adjetivo (Português)]]
[[Categoria:Substantivo (Português)]]
[[Categoria:Gentílico (Português)]]</text>
<sha1>7qxi85fw0v9q39d1mdr80xvxwzwwh3t</sha1>
</revision>
</page>
