<page>
<title>Tajikitã</title>
<ns>0</ns>
<id>386184</id>
<revision>
<id>2462652</id>
<timestamp>2017-11-24T09:52:28Z</timestamp>
<contributor>
<username>ValJor</username>
<id>1358</id>
</contributor>
<comment>Criação do verbete a partir da [[Especial:Páginas_pedidas|lista de palavras pedidas]]</comment>
<model>wikitext</model>
<format>text/x-wiki</format>
<text bytes="448" xml:space="preserve">[[Imagem:Flag of Tajikistan.svg|thumb|250px|&lt;center&gt;Bandeira do Tajiquistão&lt;/center&gt;]]
[[Imagem:LocationTajikistan.svg|thumb|250px|&lt;center&gt;Localização do Tajiquistão&lt;/center&gt;]]
={{-gn-}}=
==Substantivo==
'''Tajikitã''', {{gramática|pr}}
# {{escopo|gn|Geografia}} [[Tajiquistão]]
==Ver também==
===No Wikcionário===
{{Ásia/gn}}
[[Categoria:Substantivo (Guarani)]]
[[Categoria:País (Guarani)]]
[[Categoria:Entrada com imagem (Guarani)]]</text>
<sha1>bnlw8xsznexea7bvlsxoiomdhzbx1ta</sha1>
</revision>
</page>
