<page>
<title>Tajikistan</title>
<ns>0</ns>
<id>62350</id>
<revision>
<id>2280756</id>
<parentid>2067814</parentid>
<timestamp>2017-04-27T02:38:21Z</timestamp>
<contributor>
<username>HydrizBot</username>
<id>29590</id>
</contributor>
<minor />
<comment>Robô: A limpar links interwikis antigos</comment>
<model>wikitext</model>
<format>text/x-wiki</format>
<text bytes="1706" xml:space="preserve">={{-gd-}}=
==Substantivo==
'''Tajikistan''' ''próprio''
# [[Tajiquistão]].
==Ver também==
{{Ásia/gd}}
[[Categoria:Substantivo (Gaélico Escocês)]]
[[Categoria:Topónimo (Gaélico Escocês)]]
={{-cy-}}=
==Substantivo==
'''Tajikistan''' ''próprio''
# [[Tajiquistão]].
==Ver também==
{{Ásia/cy}}
[[Categoria:Substantivo (Galês)]]
[[Categoria:Topónimo (Galês)]]
={{-io-}}=
==Substantivo==
'''Tajikistan''' ''próprio''
# [[Tajiquistão]].
==Ver também==
{{Ásia/io}}
[[Categoria:Substantivo (Ido)]]
[[Categoria:Topónimo (Ido)]]
={{-id-}}=
==Substantivo==
'''Tajikistan''' ''próprio''
# [[Tajiquistão]].
==Ver também==
{{Ásia/id}}
[[Categoria:Substantivo (Indonésio)]]
[[Categoria:Topónimo (Indonésio)]]
={{-en-}}=
==Substantivo==
'''Tajikistan''' ''próprio''
# [[Tajiquistão]].
==Ver também==
*[[Republic of Tajikistan]] (nome oficial)
*[[Tajik]]
*[[Tajiki]]
{{Ásia/en}}
[[Categoria:Substantivo (Inglês)]]
[[Categoria:Topónimo (Inglês)]]
={{-nan-}}=
==Substantivo==
'''Tajikistan''' ''próprio''
# [[Tajiquistão]].
==Ver também==
{{Ásia/nan}}
[[Categoria:Substantivo (Min Nan)]]
[[Categoria:Topónimo (Min Nan)]]
={{-pam-}}=
==Substantivo==
'''Tajikistan''' ''próprio''
# [[Tajiquistão]].
==Ver também==
{{Ásia/pam}}
[[Categoria:Substantivo (Pampangan)]]
[[Categoria:Topónimo (Pampangan)]]
={{-sw-}}=
==Substantivo==
'''Tajikistan''' ''próprio''
# [[Tajiquistão]].
==Ver também==
{{Ásia/sw}}
[[Categoria:Substantivo (Suaíli)]]
[[Categoria:Topónimo (Suaíli)]]
={{-vi-}}=
==Substantivo==
'''Tajikistan''' ''próprio''
# [[Tajiquistão]].
==Ver também==
{{Ásia/vi}}
[[Categoria:Substantivo (Vietnamita)]]
[[Categoria:Topónimo (Vietnamita)]]</text>
<sha1>9v55umywt9xho7yx2ddw5m7gedaa1bn</sha1>
</revision>
</page>
