<page>
<page>
<title>Tajlandiô</title>
<ns>0</ns>
<id>396289</id>
<revision>
<id>2504346</id>
<timestamp>2018-05-23T10:00:33Z</timestamp>
<contributor>
<username>ValJor</username>
<id>1358</id>
</contributor>
<comment>Criação do verbete a partir da [[Especial:Páginas_pedidas|lista de palavras pedidas]]</comment>
<model>wikitext</model>
<format>text/x-wiki</format>
<text bytes="472" xml:space="preserve">{{Wikipédia|lang=csb}}
[[Imagem:Flag of Thailand.svg|thumb|250px|&lt;center&gt;Bandeira da Tailândia&lt;/center&gt;]]
[[Imagem:LocationThailand.svg|thumb|250px|&lt;center&gt;Localização da Tailândia&lt;/center&gt;]]
={{-csb-}}=
==Substantivo==
'''Tajlandiô''', {{gramática|pr}}
# {{escopo|csb|Geografia}} [[Tailândia]]
==Ver também==
===No Wikcionário===
{{Ásia/csb}}
[[Categoria:Substantivo (Cachúbio)]]
[[Categoria:País (Cachúbio)]]
[[Categoria:Entrada com imagem (Cachúbio)]]</text>
<sha1>rgcq9t165xjashjnvafqriwu4jdijul</sha1>
</revision>
