<page>
<title>Tajlandja</title>
<ns>0</ns>
<id>410893</id>
<revision>
<id>2546663</id>
<timestamp>2019-06-14T21:36:32Z</timestamp>
<contributor>
<username>ValJor</username>
<id>1358</id>
</contributor>
<comment>Criação do verbete a partir da [[Especial:Páginas_pedidas|lista de palavras pedidas]]</comment>
<model>wikitext</model>
<format>text/x-wiki</format>
<text bytes="416" xml:space="preserve">[[Imagem:Flag of Thailand.svg|thumb|right|250px|&lt;center&gt;Bandeira da Tailândia&lt;/center&gt;]]
[[Imagem:LocationThailand.svg|thumb|right|250px|&lt;center&gt;Localização da Tailândia&lt;/center&gt;]]
={{-mt-}}=
==Substantivo==
'''Tajlandja''', {{gramática|pr}}
# {{escopo|mt|País}} [[Tailândia]]
==Ver também==
===No Wikcionário===
{{Ásia/mt}}
[[Categoria:Substantivo (Maltês)]]
[[Categoria:Entrada com imagem (Maltês)]]</text>
<sha1>m8lmxnmf97hahozfprar93s8frpin65</sha1>
</revision>
</page>
