<page>
<title>Tajlando</title>
<ns>0</ns>
<id>62914</id>
<revision>
<id>2280760</id>
<parentid>2215375</parentid>
<timestamp>2017-04-27T02:38:34Z</timestamp>
<contributor>
<username>HydrizBot</username>
<id>29590</id>
</contributor>
<minor />
<comment>Robô: A limpar links interwikis antigos</comment>
<model>wikitext</model>
<format>text/x-wiki</format>
<text bytes="173" xml:space="preserve">={{-eo-}}=
==Substantivo==
'''Tajlando''' ''próprio''
# [[Tailândia]].
==Ver também==
{{Ásia/eo}}
[[Categoria:Substantivo (Esperanto)]]
[[Categoria:País (Esperanto)]]</text>
<sha1>593icc5jjsbo3c8t38m6wosvmn89zgi</sha1>
</revision>
</page>
