<page>
<title>Tajland</title>
<ns>0</ns>
<id>62910</id>
<revision>
<id>2280758</id>
<parentid>2029774</parentid>
<timestamp>2017-04-27T02:38:26Z</timestamp>
<contributor>
<username>HydrizBot</username>
<id>29590</id>
</contributor>
<minor />
<comment>Robô: A limpar links interwikis antigos</comment>
<model>wikitext</model>
<format>text/x-wiki</format>
<text bytes="514" xml:space="preserve">={{-bs-}}=
==Substantivo==
'''Tajland''' ''próprio''
# [[Tailândia]].
==Ver também==
{{Ásia/bs}}
[[Categoria:Substantivo (Bósnio)]]
[[Categoria:País (Bósnio)]]
={{-hr-}}=
==Substantivo==
'''Tajland''' ''próprio''
# [[Tailândia]].
==Ver também==
{{Ásia/hr}}
[[Categoria:Substantivo (Croata)]]
[[Categoria:País (Croata)]]
={{-sh-}}=
==Substantivo==
'''Tajland''' ''próprio''
# [[Tailândia]].
==Ver também==
{{Ásia/sh}}
[[Categoria:Substantivo (Servocroata)]]
[[Categoria:País (Servocroata)]]</text>
<sha1>dllnjptaum4d0qm5fikqvyyg47mehkj</sha1>
</revision>
</page>
