<page>
<title>Tajska</title>
<ns>0</ns>
<id>62913</id>
<revision>
<id>2280761</id>
<parentid>2041388</parentid>
<timestamp>2017-04-27T02:38:38Z</timestamp>
<contributor>
<username>HydrizBot</username>
<id>29590</id>
</contributor>
<minor />
<comment>Robô: A limpar links interwikis antigos</comment>
<model>wikitext</model>
<format>text/x-wiki</format>
<text bytes="169" xml:space="preserve">={{-sl-}}=
==Substantivo==
'''Tajska''' ''próprio''
# [[Tailândia]].
==Ver também==
{{Ásia/sl}}
[[Categoria:Substantivo (Esloveno)]]
[[Categoria:País (Esloveno)]]</text>
<sha1>9jykb8i5wfe9eaw3g7q0jwf8r9hu3sr</sha1>
</revision>
</page>
