<page>
<title>tajujá</title>
<ns>0</ns>
<id>78954</id>
<revision>
<id>1271351</id>
<parentid>305237</parentid>
<timestamp>2011-11-01T13:53:37Z</timestamp>
<contributor>
<username>ValJor</username>
<id>1358</id>
</contributor>
<comment>Trocando o cabeçalho de língua: Português (Brasil) --&gt; -pt-</comment>
<model>wikitext</model>
<format>text/x-wiki</format>
<text bytes="237" xml:space="preserve">={{-pt-}}=
==Substantivo==
{{oxítona|ta|ju|já}}
# nome vulgar de várias [[planta]]s cucurbitáceas
===Sinônimo===
* [[gonu]]
==={{-varort-}}===
* [[taiuiá]]
[[Categoria:Substantivo (Português)]]
[[Categoria:Planta (Português)]]</text>
<sha1>6lcynsdgtcc6fq1715zxz4e8u52aebr</sha1>
</revision>
</page>
