<page>
<page>
<title>Tajvani</title>
<ns>0</ns>
<id>125157</id>
<revision>
<id>2581052</id>
<parentid>1634502</parentid>
<timestamp>2020-03-08T23:20:38Z</timestamp>
<contributor>
<username>ValJor</username>
<id>1358</id>
</contributor>
<comment>Acrescentando código de língua à [[:Categoria:!Página com mensagem de erro em predefinição|predefinição escopo]]</comment>
<model>wikitext</model>
<format>text/x-wiki</format>
<text bytes="492" xml:space="preserve">[[Imagem:Flag of the Republic of China.svg|thumb|right|250px|&lt;center&gt;Bandeira de Taiwan&lt;/center&gt;]]
[[Imagem:LocationTaiwan.png|thumb|right|250px|&lt;center&gt;Localização de Taiwan&lt;/center&gt;]]
={{-sq-}}=
==Substantivo==
'''Tajvani''', {{gramática|pr}}
# {{escopo|sq|País}} [[Taiwan]]
===Sinônimos===
* [[Republika e Kinës]]
* [[Republika Kineze e Tajvanit]]
==Ver também==
===No Wikcionário===
{{Ásia/sq}}
[[Categoria:Substantivo (Albanês)]]
[[Categoria:Entrada com imagem (Albanês)]]</text>
<sha1>almtqou693axc91mhgjme20l7dvq3hg</sha1>
</revision>
