<page>
<page>
<title>Tajvano</title>
<ns>0</ns>
<id>132358</id>
<revision>
<id>2581049</id>
<parentid>2280763</parentid>
<timestamp>2020-03-08T23:05:31Z</timestamp>
<contributor>
<username>ValJor</username>
<id>1358</id>
</contributor>
<comment>Acrescentando código de língua à [[:Categoria:!Página com mensagem de erro em predefinição|predefinição escopo]]</comment>
<model>wikitext</model>
<format>text/x-wiki</format>
<text bytes="474" xml:space="preserve">{{Wikipédia|lang=eo}}
[[Imagem:Flag of the Republic of China.svg|thumb|right|250px|&lt;center&gt;Bandeira de Taiwan&lt;/center&gt;]]
[[Imagem:LocationTaiwan.png|thumb|right|250px|&lt;center&gt;Localização de Taiwan&lt;/center&gt;]]
={{-eo-}}=
==Substantivo==
'''Tajvano''', {{gramática|pr}}
# {{escopo|eo|País}} [[Taiwan]]
==={{-varort-}}===
* [[Formozo]]
==Ver também==
===No Wikcionário===
{{Ásia/eo}}
[[Categoria:Substantivo (Esperanto)]]
[[Categoria:Entrada com imagem (Esperanto)]]</text>
<sha1>snmh8804tbhd3z8jhq1vk4tsebyaz8g</sha1>
</revision>
