<page>
<title>Tajwan</title>
<ns>0</ns>
<id>400781</id>
<revision>
<id>2520693</id>
<timestamp>2018-09-30T11:39:33Z</timestamp>
<contributor>
<username>ValJor</username>
<id>1358</id>
</contributor>
<comment>Criação do verbete a partir da [[Especial:Páginas_pedidas|lista de palavras pedidas]]</comment>
<model>wikitext</model>
<format>text/x-wiki</format>
<text bytes="479" xml:space="preserve">{{Wikipédia|lang=csb}}
[[Imagem:Flag of the Republic of China.svg|thumb|right|250px|&lt;center&gt;Bandeira de Taiwan&lt;/center&gt;]]
[[Imagem:LocationTaiwan.png|thumb|right|250px|&lt;center&gt;Localização de Taiwan&lt;/center&gt;]]
={{-csb-}}=
==Substantivo==
'''Tajwan''', {{gramática|pr}}
# {{escopo|csb|Geografia}} [[Taiwan]]
==Ver também==
===No Wikcionário===
{{Ásia/csb}}
[[Categoria:Substantivo (Cachúbio)]]
[[Categoria:País (Cachúbio)]]
[[Categoria:Entrada com imagem (Cachúbio)]]</text>
<sha1>pgmpq5bz84xzlxdl8c0s4koryvl6x3d</sha1>
</revision>
</page>
