<page>
<title>tajygue</title>
<ns>0</ns>
<id>236363</id>
<revision>
<id>2627931</id>
<parentid>891852</parentid>
<timestamp>2021-03-30T10:51:23Z</timestamp>
<contributor>
<username>ValJor</username>
<id>1358</id>
</contributor>
<comment>Confirmando [[:Categoria:!Entrada criada por robô|verbete criado por robô]]</comment>
<model>wikitext</model>
<format>text/x-wiki</format>
<text bytes="122" xml:space="preserve">={{-gn-}}=
==Substantivo==
'''tajygue'''
# [[nervo]]
[[Categoria:Substantivo (Guarani)]]
[[Categoria:Anatomia (Guarani)]]</text>
<sha1>l9id9g0liws0vaehax2nr2qcqh32m7m</sha1>
</revision>
</page>
