<page>
<page>
<title>tak</title>
<ns>0</ns>
<id>234043</id>
<revision>
<id>2515322</id>
<parentid>2168527</parentid>
<timestamp>2018-08-11T15:25:08Z</timestamp>
<contributor>
<username>Amigo7</username>
<id>58547</id>
</contributor>
<comment>Confirmando [[:Categoria:!Entrada criada por robô|verbete criado por robô]] + nova secção: {{-pl-}}</comment>
<model>wikitext</model>
<format>text/x-wiki</format>
<text bytes="422" xml:space="preserve">={{-no-}}=
==Substantivo==
'''tak'''
# [[telhado]]
[[Categoria:Substantivo (Norueguês)]]
={{-pl-}}=
==Advérbio==
'''tak'''
# [[assim]], [[tal]], [[tão]]
==Partícula==
'''tak'''
# [[sim]]
# {{tradex|pl|Czy ona jest Brazylijką? '''Tak''', ona jest Brazylijką.|Ela é brasileira? Sim, ela é brasileira.}}
[[Categoria:Advérbio (Polonês)]]
[[Categoria:Partícula (Polonês)]]
[[Categoria:Monossílabo (Polonês)]]</text>
<sha1>2tx2j21dcxl3xurca6isq0sx5yw93f3</sha1>
</revision>
