<page>
<title>takai</title>
<ns>0</ns>
<id>166233</id>
<revision>
<id>2223914</id>
<parentid>2092351</parentid>
<timestamp>2017-01-16T22:53:40Z</timestamp>
<contributor>
<username>Tribuno da Plebe</username>
<id>16095</id>
</contributor>
<model>wikitext</model>
<format>text/x-wiki</format>
<text bytes="468" xml:space="preserve">={{-cje-}}=
==Substantivo==
'''takai'''
# [[perna]]
==Ver também==
===No Wikcionário===
{{verTambém.Ini}}
* [[drax]]
* [[mum]]
* [[takuai]]
{{verTambém.NovaColuna}}
* [[tian]]
* [[tung]]
{{verTambém.Fim}}
[[Categoria:Substantivo (Choru)]]
[[Categoria:Anatomia (Choru)]]
={{-ja-}}=
==Transliteração==
# transliteração de [[たかい]]
[[Categoria:Transliteração (Japonês)]]
[[en:takai]]
[[it:takai]]
[[ko:takai]]
[[ku:takai]]
[[mg:takai]]
[[pl:takai]]</text>
<sha1>2p6ula9aif1ff5wqoi9brtzedg03wux</sha1>
</revision>
</page>
