<page>
<title>takapé</title>
<ns>0</ns>
<id>42422</id>
<revision>
<id>1297704</id>
<parentid>160629</parentid>
<timestamp>2011-11-23T14:06:54Z</timestamp>
<contributor>
<username>ValJor</username>
<id>1358</id>
</contributor>
<comment>Eliminando um verbete da [[Especial:Redireccionamentos|lista de redirecionamentos]]</comment>
<model>wikitext</model>
<format>text/x-wiki</format>
<text bytes="113" xml:space="preserve">={{-tu-}}=
==Substantivo==
'''takapé'''
# variante ortográfica de [[tacapé]]
[[Categoria:Substantivo (Tupi)]]</text>
<sha1>kqf7k6uqn1kvne6mxacblorreisifwv</sha1>
</revision>
</page>
