<page>
<page>
<title>takawai</title>
<ns>0</ns>
<id>375553</id>
<revision>
<id>2546548</id>
<parentid>2249489</parentid>
<timestamp>2019-06-13T18:51:47Z</timestamp>
<contributor>
<username>Amigo7</username>
<id>58547</id>
</contributor>
<model>wikitext</model>
<format>text/x-wiki</format>
<text bytes="257" xml:space="preserve">{{Wikipédia|lang=mi}}
={{-mi-}}=
==Substantivo==
{{elementos|Si|konumohe|Al|pūtūtaewhetū|P}}
'''takawai'''
# {{escopo|mi|Elemento químico}} [[silício]]
==Ver também==
===No Wikcionário===
{{tabela periódica/mi}}
[[Categoria:Substantivo (Maori)]]</text>
<sha1>fei817bpfupjrktz57j9tfenj66moli</sha1>
</revision>
