<page>
<title>takal</title>
<ns>0</ns>
<id>249943</id>
<revision>
<id>1797517</id>
<parentid>1353702</parentid>
<timestamp>2013-12-28T14:53:21Z</timestamp>
<contributor>
<username>MalafayaBot</username>
<id>628</id>
</contributor>
<minor />
<comment>r2.7.5) (Robô: A adicionar: [[jv:takal]]</comment>
<model>wikitext</model>
<format>text/x-wiki</format>
<text bytes="308" xml:space="preserve">={{-btx-}}=
==Substantivo==
'''takal'''
# [[cabeça]]
==Ver também==
===No Wikcionário===
{{verTambém.Ini}}
* [[babah]]
{{verTambém.NovaColuna}}
* [[mata]]
{{verTambém.Fim}}
[[Categoria:Substantivo (Batak Karo)]]
[[Categoria:Anatomia (Batak Karo)]]
[[id:takal]]
[[jv:takal]]
[[nl:takal]]
[[tr:takal]]</text>
<sha1>1fjoyyawpkn5w1tzawkgpre7w5wlqj2</sha1>
</revision>
</page>
