<page>
<title>takataka</title>
<ns>0</ns>
<id>323353</id>
<revision>
<id>2137902</id>
<parentid>1817673</parentid>
<timestamp>2016-06-10T21:40:12Z</timestamp>
<contributor>
<username>UT-interwiki-Bot</username>
<id>56129</id>
</contributor>
<minor />
<comment>Robô: A adicionar: en, kn, mg, sw</comment>
<model>wikitext</model>
<format>text/x-wiki</format>
<text bytes="198" xml:space="preserve">={{-sw-}}=
==Substantivo==
'''takataka'''
# [[lixo]]
{{página-automática|abril|2014|lixo|sw}}
[[Categoria:Substantivo (Suaíli)]]
[[en:takataka]]
[[kn:takataka]]
[[mg:takataka]]
[[sw:takataka]]</text>
<sha1>jra76sjw5ihmbfnorg8wj1majz2c836</sha1>
</revision>
</page>
