<page>
<page>
<title>takaliwak</title>
<ns>0</ns>
<id>231395</id>
<revision>
<id>1554606</id>
<parentid>941289</parentid>
<timestamp>2012-12-06T18:58:29Z</timestamp>
<contributor>
<username>VJBot</username>
<id>33673</id>
</contributor>
<minor />
<comment>Robô: Substituição de texto automática  (-{{vertb}} +Ver também)</comment>
<model>wikitext</model>
<format>text/x-wiki</format>
<text bytes="158" xml:space="preserve">={{-tay-}}=
==Substantivo==
'''takaliwak'''
# [[relâmpago]].
==Ver também==
* [[béhur]]
* [[báluŋ]]
* [[haŋitux]]
[[Categoria:Substantivo (Atayal)]]</text>
<sha1>cdm5gx15p8koih6hbwshgagyvhur97o</sha1>
</revision>
