<page>
<title>takeaway</title>
<ns>0</ns>
<id>353937</id>
<revision>
<id>2256692</id>
<parentid>2137899</parentid>
<timestamp>2017-03-27T01:30:33Z</timestamp>
<contributor>
<username>OctraBot</username>
<id>56948</id>
</contributor>
<minor />
<comment>Robô: A adicionar: [[fr:takeaway]]</comment>
<model>wikitext</model>
<format>text/x-wiki</format>
<text bytes="212" xml:space="preserve">={{-en-}}=
==Adjetivo==
'''takeaway'''
# [[pra viagem]]
===Sinônimos===
* De '''1''': [[to go]]
[[Categoria:Adjetivo (Inglês)]]
[[ca:takeaway]]
[[el:takeaway]]
[[en:takeaway]]
[[et:takeaway]]
[[fr:takeaway]]</text>
<sha1>lauggstfso6rupsmgcjrs7f79jk0f5j</sha1>
</revision>
</page>
