<page>
<title>takie</title>
<ns>0</ns>
<id>398906</id>
<revision>
<id>2515461</id>
<parentid>2515263</parentid>
<timestamp>2018-08-13T19:07:50Z</timestamp>
<contributor>
<username>Amigo7</username>
<id>58547</id>
</contributor>
<minor />
<comment>/* {{-pl-}} */</comment>
<model>wikitext</model>
<format>text/x-wiki</format>
<text bytes="189" xml:space="preserve">={{-pl-}}=
==Pronome==
{{paroxítona|ta|kie|lang=pl}}, {{gramática|dem|n}}
# nominativo neutro singular de {{link opcional|taki|pl}}
{{avi-for-fle|taki}}
[[Categoria:Pronome (Polonês)]]</text>
<sha1>nnattqjtvvr6hzibc8qqmdcnnmw2hvl</sha1>
</revision>
</page>
