<page>
<page>
<title>taki</title>
<ns>0</ns>
<id>398905</id>
<revision>
<id>2515459</id>
<parentid>2515261</parentid>
<timestamp>2018-08-13T19:07:42Z</timestamp>
<contributor>
<username>Amigo7</username>
<id>58547</id>
</contributor>
<minor />
<comment>/* {{-pl-}} */</comment>
<model>wikitext</model>
<format>text/x-wiki</format>
<text bytes="1099" xml:space="preserve">={{-pl-}}=
==Pronome==
{{paroxítona|ta|ki|lang=pl}}, {{gramática|dem|m}} (''feminino'': '''{{link opcional|taka|pl}}''', ''neutro'': '''{{link opcional|takie|pl}}''')
# {{escopo2|usado na comparação}} [[tal]], [[igual]]
# {{tradex|pl|On jest '''taki''' jak mój brat.|Ele é tal qual meu irmão.}}
# {{escopo2|expletivo, acompanha o adjectivo}} [[muito]], [[tão]]
# {{tradex|pl|Ona jest '''taka''' ładna.|Ela é tão bonita.}}
# {{escopo2|expletivo, acompanha o substantivo}}
# {{tradex|pl|Mam '''taki''' samochód, którego wszyscy mi zazdroszczą.|Tenho o carro que todos me invejam.}}
# {{escopo2|substitui o adjetivo, substantivo ou expressão já mencionado}}
# {{tradex|pl|Ten samochód jest duży, '''takiego''' potrzebujemy.|Este carro é grande, precisamos de um carro grande.}}
===Sinônimos===
* De 1: {{link opcional|identyczny|pl}}, {{link opcional|taki sam|pl}}
* De 2: {{link opcional|tak|pl}}, {{link opcional|bardzo|pl}}
===Declinação===
{{decl.pl.pron.adj|vocativo=excluir|título=Declinação de pronomes ''taki'', ''taka'', ''takie''}}
[[Categoria:Pronome (Polonês)]]</text>
<sha1>cig24f42y91tsc9cl6c5pqpyzpl0ops</sha1>
</revision>
