<page>
<title>takir</title>
<ns>0</ns>
<id>250316</id>
<revision>
<id>2252456</id>
<parentid>2137898</parentid>
<timestamp>2017-03-14T09:04:57Z</timestamp>
<contributor>
<username>OctraBot</username>
<id>56948</id>
</contributor>
<minor />
<comment>Robô: A adicionar: [[pl:takir]]</comment>
<model>wikitext</model>
<format>text/x-wiki</format>
<text bytes="239" xml:space="preserve">={{-txn-}}=
==Substantivo==
'''takir'''
# [[ouvido]]
==Ver também==
* [[matay]]
[[Categoria:Substantivo (Tarangan Ocidental)]]
[[Categoria:Anatomia (Tarangan Ocidental)]]
[[en:takir]]
[[id:takir]]
[[jv:takir]]
[[mg:takir]]
[[pl:takir]]</text>
<sha1>sk9e07stbc52htphxril41qb13m13nr</sha1>
</revision>
</page>
