<page>
<page>
<title>takkola</title>
<ns>0</ns>
<id>178479</id>
<revision>
<id>2581045</id>
<parentid>2036742</parentid>
<timestamp>2020-03-08T22:55:44Z</timestamp>
<contributor>
<username>ValJor</username>
<id>1358</id>
</contributor>
<comment>Acrescentando código de língua à [[:Categoria:!Página com mensagem de erro em predefinição|predefinição escopo]]</comment>
<model>wikitext</model>
<format>text/x-wiki</format>
<text bytes="114" xml:space="preserve">={{-akz-}}=
==Substantivo==
'''takkola'''
# {{escopo|akz|Fruta}} [[pêssego]]
[[Categoria:Substantivo (Alabama)]]</text>
<sha1>699k94q1lj8i84vtdklqd6umohl5jaj</sha1>
</revision>
