<page>
<page>
<title>takruik</title>
<ns>0</ns>
<id>62486</id>
<revision>
<id>1306327</id>
<parentid>887098</parentid>
<timestamp>2011-11-28T23:39:25Z</timestamp>
<contributor>
<username>MalafayaBot</username>
<id>628</id>
</contributor>
<minor />
<comment>Robô: Substituição de texto automática (-^\=(\s*?)Tétum(\s*?)\= +={{-tet-}}= &amp; -^\=(\s*?)\{\{tet\}\}(\s*?)\= +={{-tet-}}=)</comment>
<model>wikitext</model>
<format>text/x-wiki</format>
<text bytes="136" xml:space="preserve">={{-tet-}}=
==Substantivo==
'''takruik'''
# [[coluna]] [[vertebral]]
[[Categoria:Substantivo (Tétum)]]
[[Categoria:Anatomia (Tétum)]]</text>
<sha1>hkwzkw17fut1ge73503znqauv9xutnp</sha1>
</revision>
