<page>
<title>taksi</title>
<ns>0</ns>
<id>102136</id>
<revision>
<id>1946998</id>
<parentid>1863324</parentid>
<timestamp>2015-06-24T09:25:44Z</timestamp>
<contributor>
<username>HydrizBot</username>
<id>29590</id>
</contributor>
<minor />
<comment>Robô: A adicionar: [[az:taksi]]</comment>
<model>wikitext</model>
<format>text/x-wiki</format>
<text bytes="741" xml:space="preserve">={{-id-}}=
==Substantivo==
'''tak.si'''
:# [[táxi]]
Ver também
* [[solar]]
* [[minyak]]
* [[bensin]]
* [[sopir]]
* [[ban]]
* [[tekanan ban]]
* [[satu arah]]
* [[air]]
* [[aki]]
* [[kaca depan]]
* [[lampu besar]]
* [[sepeda]]
* [[sepeda motor]]
* [[mobil]]
* [[bajaj]]
* [[becak]]
[[Categoria:Substantivo (Indonésio)]]
[[az:taksi]]
[[chr:taksi]]
[[el:taksi]]
[[en:taksi]]
[[eo:taksi]]
[[eu:taksi]]
[[fi:taksi]]
[[fr:taksi]]
[[hi:taksi]]
[[hu:taksi]]
[[id:taksi]]
[[io:taksi]]
[[ka:taksi]]
[[km:taksi]]
[[ko:taksi]]
[[ku:taksi]]
[[li:taksi]]
[[mg:taksi]]
[[my:taksi]]
[[nl:taksi]]
[[pl:taksi]]
[[ru:taksi]]
[[sh:taksi]]
[[sq:taksi]]
[[sv:taksi]]
[[sw:taksi]]
[[ta:taksi]]
[[te:taksi]]
[[tl:taksi]]
[[tr:taksi]]
[[ug:taksi]]
[[uz:taksi]]</text>
<sha1>3xrwv7cb1vm8egchmbk3eiih43okzdf</sha1>
</revision>
</page>
