<page>
<page>
<title>takurua</title>
<ns>0</ns>
<id>236266</id>
<revision>
<id>1471216</id>
<parentid>1370461</parentid>
<timestamp>2012-09-28T02:59:26Z</timestamp>
<contributor>
<username>MalafayaBot</username>
<id>628</id>
</contributor>
<minor />
<comment>r2.7.2) (Robô: A adicionar: [[mg:takurua]]</comment>
<model>wikitext</model>
<format>text/x-wiki</format>
<text bytes="270" xml:space="preserve">={{-mi-}}=
==Substantivo==
'''takurua'''
# [[inverno]] (de '''1''')
{{página-automática|junho|2010|inverno|mi}}
[[Categoria:Substantivo (Maori)]]
[[de:takurua]]
[[et:takurua]]
[[hu:takurua]]
[[lt:takurua]]
[[mg:takurua]]
[[ro:takurua]]
[[ru:takurua]]
[[tr:takurua]]</text>
<sha1>do8bnz5xucq2gj47qse40lqnlgcy9ni</sha1>
</revision>
