<page>
<page>
<title>takula</title>
<ns>0</ns>
<id>370644</id>
<revision>
<id>2413132</id>
<parentid>2212902</parentid>
<timestamp>2017-05-18T13:35:24Z</timestamp>
<contributor>
<username>ValJor</username>
<id>1358</id>
</contributor>
<comment>Melhorando a apresentação do verbete</comment>
<model>wikitext</model>
<format>text/x-wiki</format>
<text bytes="1055" xml:space="preserve">{| style = &quot;float:right&quot;
|-
| [[File:Rhea_americana_-_Three_adult_birds.jpg|thumb|210px|Takula (Ema, ''Rhea americana'') Foto: Nino Barbieri]]
| [[File:Mercedes_Cossio_2.jpg|thumb|200px|Takula (Ema, ''Rhea americana'') em Corrientes, Argentina. Foto: Mercedes Cossio]]
|}
={{-wau-}}=
==Substantivo==
{{oxítona|ta|ku|la|lang=wau}}
# [[ema]], ''Rhea americana''
#* '''''Takula''' kupojatoha, taunapai amãjataku onain. Kiyankanpai onain yeun.'' &lt;small&gt;(Ema [é uma] ave [que] existe no campo. Têm muitas lá.)&lt;/small&gt;
#* ''Sekunyan Waujanaun opojapei '''takula'''.'' &lt;small&gt;(Antigamente [os] Wauja domesticavam emas.)&lt;/small&gt;
#* ''Nopoja '''takula''' .'' &lt;small&gt;([A] minha ema de estimação.)&lt;/small&gt; 
===Verbetes derivados===
{{verTambém.Ini}}
* [[takula kumã]] (avestruz)
* [[takula otain]] (filhote de ema)
{{verTambém.Fim}}
=={{pronúncia|wau}}==
* [[AFI]]: {{AFI|/ta.kuˈla/}}
[[Categoria:Substantivo (Wauja)]]
[[Categoria:Entrada com imagem (Wauja)]]
[[Categoria:Animal (Wauja)]]
[[Categoria:Natureza (Wauja)]]
[[Categoria:Zoologia (Wauja)]]</text>
<sha1>sidytxwac7ym8sdu37hby731ulfcicb</sha1>
</revision>
