<page>
<page>
<title>talarei</title>
<ns>0</ns>
<id>183363</id>
<revision>
<id>1175634</id>
<parentid>785845</parentid>
<timestamp>2011-07-06T21:17:46Z</timestamp>
<contributor>
<username>MalafayaBot</username>
<id>628</id>
</contributor>
<minor />
<comment>Robô: Substituição de texto automática (-^\=\s?Português\s?\= +={{-pt-}}= &amp; -^\=\s?\{\{pt\}\}\s?\= +={{-pt-}}=)</comment>
<model>wikitext</model>
<format>text/x-wiki</format>
<text bytes="186" xml:space="preserve">={{-pt-}}=
==Forma verbal==
'''talarei'''
#[[primeira pessoa]] do [[singular]] do [[futuro do presente]] do verbo '''[[talar]]'''
[[Categoria:Forma verbal (Português)]]
[[no:talarei]]</text>
<sha1>s2mfaezn4zvpmh09f6b3puhru139ivy</sha1>
</revision>
