<page>
<page>
<title>talariam</title>
<ns>0</ns>
<id>195729</id>
<revision>
<id>1175640</id>
<parentid>949844</parentid>
<timestamp>2011-07-06T21:17:52Z</timestamp>
<contributor>
<username>MalafayaBot</username>
<id>628</id>
</contributor>
<minor />
<comment>Robô: Substituição de texto automática (-^\=\s?Português\s?\= +={{-pt-}}= &amp; -^\=\s?\{\{pt\}\}\s?\= +={{-pt-}}=)</comment>
<model>wikitext</model>
<format>text/x-wiki</format>
<text bytes="204" xml:space="preserve">={{-pt-}}=
==Forma verbal==
'''talariam'''
#[[terceira pessoa]] do [[plural]] do [[futuro do pretérito]] do verbo '''[[talar]]'''
[[Categoria:Forma verbal (Português)]]
[[en:talariam]]
[[no:talariam]]</text>
<sha1>bcndva1hyj9v1ccbtsam5ut512kxezw</sha1>
</revision>
