<page>
<title>talamouco</title>
<ns>0</ns>
<id>376324</id>
<revision>
<id>2255074</id>
<timestamp>2017-03-23T11:02:27Z</timestamp>
<contributor>
<username>Cpls</username>
<id>20608</id>
</contributor>
<comment>[[Ajuda:Guia de edição/Menus e ferramentas/Sumário de edição|→]] nova página: ={{-gl-}}= ==Adjetivo== {{flex.gl|s=talamouco|p=talamoucos}} {{paroxítona|ta|la|mou|co|lang=gl}}, {{g|c2g|la...</comment>
<model>wikitext</model>
<format>text/x-wiki</format>
<text bytes="318" xml:space="preserve">={{-gl-}}=
==Adjetivo==
{{flex.gl|s=talamouco|p=talamoucos}}
{{paroxítona|ta|la|mou|co|lang=gl}}, {{g|c2g|lang=gl}}
# referido  a uma pessoa [[grossa]] desproporcionada
=={{etimologia|gl}}==
: Confronte-se com ''[[talamoco#{{gl}}|talamoco]]'' e ''[[taramouco#{{gl}}|taramouco]]''.
[[Categoria:Substantivo (Galego)]]</text>
<sha1>84k8mmcklxr5ocsb5ccidpddml0xpyh</sha1>
</revision>
</page>
