<page>
<title>talara</title>
<ns>0</ns>
<id>177207</id>
<revision>
<id>1960971</id>
<parentid>1795095</parentid>
<timestamp>2015-07-10T05:12:45Z</timestamp>
<contributor>
<username>HydrizBot</username>
<id>29590</id>
</contributor>
<minor />
<comment>Robô: A adicionar: [[ca:talara]]</comment>
<model>wikitext</model>
<format>text/x-wiki</format>
<text bytes="312" xml:space="preserve">={{-pt-}}=
==Forma verbal==
'''talara'''
#[[primeira pessoa|primeira]] e [[terceira pessoa|terceira pessoas]] do [[singular]] do [[pretérito mais-que-perfeito]] do verbo '''[[talar]]'''
[[Categoria:Forma verbal (Português)]]
[[ca:talara]]
[[de:talara]]
[[en:talara]]
[[es:talara]]
[[mg:talara]]
[[no:talara]]</text>
<sha1>jpma11du1lox71pc56ihfk0nx3yfya3</sha1>
</revision>
</page>
