<page>
<title>talando</title>
<ns>0</ns>
<id>155760</id>
<revision>
<id>1702926</id>
<parentid>1175629</parentid>
<timestamp>2013-07-22T03:21:48Z</timestamp>
<contributor>
<username>HydrizBot</username>
<id>29590</id>
</contributor>
<minor />
<comment>r2.7.3) (Robô: A adicionar: [[es:talando]]</comment>
<model>wikitext</model>
<format>text/x-wiki</format>
<text bytes="168" xml:space="preserve">={{-pt-}}=
==Forma verbal==
'''talando'''
#[[gerúndio]] do verbo '''[[talar]]'''
[[Categoria:Forma verbal (Português)]]
[[en:talando]]
[[es:talando]]
[[no:talando]]</text>
<sha1>p42u04jvb0x5gpiown0kg1bciatxphl</sha1>
</revision>
</page>
