<page>
<title>talarmos</title>
<ns>0</ns>
<id>208521</id>
<revision>
<id>1175642</id>
<parentid>815747</parentid>
<timestamp>2011-07-06T21:17:54Z</timestamp>
<contributor>
<username>MalafayaBot</username>
<id>628</id>
</contributor>
<minor />
<comment>Robô: Substituição de texto automática (-^\=\s?Português\s?\= +={{-pt-}}= &amp; -^\=\s?\{\{pt\}\}\s?\= +={{-pt-}}=)</comment>
<model>wikitext</model>
<format>text/x-wiki</format>
<text bytes="283" xml:space="preserve">={{-pt-}}=
==Forma verbal==
'''talarmos'''
#[[primeira pessoa]] do [[plural]] do [[futuro]] do [[modo subjuntivo]] do verbo '''[[talar]]'''
#[[infinitivo pessoal]] da [[primeira pessoa]] do [[plural]] do verbo '''[[talar]]'''
[[Categoria:Forma verbal (Português)]]
[[no:talarmos]]</text>
<sha1>o25l8i8qjuhzxm9mro1nhobsspn4l5z</sha1>
</revision>
</page>
