<page>
<page>
<title>talameiru</title>
<ns>0</ns>
<id>434249</id>
<revision>
<id>2635702</id>
<timestamp>2021-05-25T18:17:27Z</timestamp>
<contributor>
<username>Cpls</username>
<id>20608</id>
</contributor>
<comment>[[Ajuda:Guia de edição/Menus e ferramentas/Sumário de edição|→]] nova página: ={{-ast-}}= ==Substantivo== {{flex.ast|ms=talameiru|mp=talameiros}} {{paroxítona|ta|la|mei|ru|lang=ast}}, {{...</comment>
<model>wikitext</model>
<format>text/x-wiki</format>
<text bytes="410" xml:space="preserve">={{-ast-}}=
==Substantivo==
{{flex.ast|ms=talameiru|mp=talameiros}}
{{paroxítona|ta|la|mei|ru|lang=ast}}, {{g|m|lang=gl}}
# [[apiário]] murado, ou apiário em [[torre]] com plataforma elevada para não ser depredado pelos ursos
=={{etimologia|ast}}==
: Da raiz latina {{etimo|la|talamus}}. Confronte-se com {{etimo|ast|talamera}} e com o galego {{etimo|gl|talameiro}}.
[[Categoria:Substantivo (Asturiano)]]</text>
<sha1>o5604yz6w3ch98n8wbtohmsrbewe09m</sha1>
</revision>
