<page>
<title>talaria</title>
<ns>0</ns>
<id>191746</id>
<revision>
<id>1960969</id>
<parentid>1797545</parentid>
<timestamp>2015-07-10T05:12:35Z</timestamp>
<contributor>
<username>HydrizBot</username>
<id>29590</id>
</contributor>
<minor />
<comment>Robô: A adicionar: [[ca:talaria]], [[ku:talaria]]</comment>
<model>wikitext</model>
<format>text/x-wiki</format>
<text bytes="309" xml:space="preserve">={{-pt-}}=
==Forma verbal==
'''talaria'''
#[[primeira pessoa|primeira]] e [[terceira pessoa]] do [[singular]] do [[futuro do pretérito]] do verbo '''[[talar]]'''
[[Categoria:Forma verbal (Português)]]
[[ca:talaria]]
[[de:talaria]]
[[en:talaria]]
[[fr:talaria]]
[[ku:talaria]]
[[no:talaria]]
[[ta:talaria]]</text>
<sha1>1xssz8834pxkrnbswb5eagulo3utqke</sha1>
</revision>
</page>
