<page>
<title>talardes</title>
<ns>0</ns>
<id>209984</id>
<revision>
<id>1175633</id>
<parentid>820480</parentid>
<timestamp>2011-07-06T21:17:45Z</timestamp>
<contributor>
<username>MalafayaBot</username>
<id>628</id>
</contributor>
<minor />
<comment>Robô: Substituição de texto automática (-^\=\s?Português\s?\= +={{-pt-}}= &amp; -^\=\s?\{\{pt\}\}\s?\= +={{-pt-}}=)</comment>
<model>wikitext</model>
<format>text/x-wiki</format>
<text bytes="281" xml:space="preserve">={{-pt-}}=
==Forma verbal==
'''talardes'''
#[[segunda pessoa]] do [[plural]] do [[futuro]] do [[modo subjuntivo]] do verbo '''[[talar]]'''
#[[infinitivo pessoal]] da [[segunda pessoa]] do [[plural]] do verbo '''[[talar]]'''
[[Categoria:Forma verbal (Português)]]
[[no:talardes]]</text>
<sha1>aykjqdt2q0rhe3eeymx2wg2djsygqre</sha1>
</revision>
</page>
