<page>
<page>
<title>talaricar</title>
<ns>0</ns>
<id>412022</id>
<revision>
<id>2605381</id>
<parentid>2605374</parentid>
<timestamp>2020-12-24T09:01:16Z</timestamp>
<contributor>
<username>ValJor</username>
<id>1358</id>
</contributor>
<minor />
<comment>Revertidas edições por [[Especial:Contribuições/2804:18:401D:DCA5:1:0:1032:BE9E|2804:18:401D:DCA5:1:0:1032:BE9E]] para a última versão por [[Especial:Contribuições/ValJor|ValJor]]</comment>
<model>wikitext</model>
<format>text/x-wiki</format>
<text bytes="250" xml:space="preserve">={{-pt-}}=
==Verbo==
{{oxítona|ta|la|ri|car}}
# ato de tentar [[seduzir]] o [[parceiro]](a) de outrem
===Conjugação===
{{conj/pt|talari|car}}
=={{etimologia|pt}}==
: {{escopo|Morfologia}} [[talarico]] + [[-ar]].
[[Categoria:Verbo (Português)]]</text>
<sha1>hgxx3dkijwc4c4madai46d96uuq0mac</sha1>
</revision>
