<page>
<title>talarás</title>
<ns>0</ns>
<id>184899</id>
<revision>
<id>1797543</id>
<parentid>1175644</parentid>
<timestamp>2013-12-28T15:21:46Z</timestamp>
<contributor>
<username>MalafayaBot</username>
<id>628</id>
</contributor>
<minor />
<comment>r2.7.5) (Robô: A adicionar: [[es:talarás]]</comment>
<model>wikitext</model>
<format>text/x-wiki</format>
<text bytes="219" xml:space="preserve">={{-pt-}}=
==Forma verbal==
'''talarás'''
#[[segunda pessoa]] do [[singular]] do [[futuro do presente]] do verbo '''[[talar]]'''
[[Categoria:Forma verbal (Português)]]
[[en:talarás]]
[[es:talarás]]
[[no:talarás]]</text>
<sha1>04m8rpjjlcyupai0wzu7chi5q39k206</sha1>
</revision>
</page>
