<page>
<title>talareis</title>
<ns>0</ns>
<id>189072</id>
<revision>
<id>1797548</id>
<parentid>1175635</parentid>
<timestamp>2013-12-28T15:22:10Z</timestamp>
<contributor>
<username>MalafayaBot</username>
<id>628</id>
</contributor>
<minor />
<comment>r2.7.5) (Robô: A adicionar: [[es:talareis]]</comment>
<model>wikitext</model>
<format>text/x-wiki</format>
<text bytes="217" xml:space="preserve">={{-pt-}}=
==Forma verbal==
'''talareis'''
#[[segunda pessoa]] do [[plural]] do [[futuro do presente]] do verbo '''[[talar]]'''
[[Categoria:Forma verbal (Português)]]
[[en:talareis]]
[[es:talareis]]
[[no:talareis]]</text>
<sha1>k7tatwgmyohpe4b0d63rvcbaqzj6xm6</sha1>
</revision>
</page>
