<page>
<title>talam</title>
<ns>0</ns>
<id>160251</id>
<revision>
<id>2025063</id>
<parentid>1797553</parentid>
<timestamp>2015-10-26T15:24:26Z</timestamp>
<contributor>
<username>HydrizBot</username>
<id>29590</id>
</contributor>
<minor />
<comment>Robô: A adicionar: [[ca:talam]], [[sh:talam]]</comment>
<model>wikitext</model>
<format>text/x-wiki</format>
<text bytes="309" xml:space="preserve">={{-pt-}}=
==Forma verbal==
'''talam'''
#[[terceira pessoa]] do [[plural]] do [[presente]] do [[modo indicativo]] do verbo '''[[talar]]'''
[[Categoria:Forma verbal (Português)]]
[[ca:talam]]
[[en:talam]]
[[es:talam]]
[[fr:talam]]
[[id:talam]]
[[jv:talam]]
[[mg:talam]]
[[no:talam]]
[[pl:talam]]
[[sh:talam]]</text>
<sha1>1nxzs54w6z5b2q3omc04x5shwy1e5nz</sha1>
</revision>
</page>
