<page>
<page>
<title>talaroco</title>
<ns>0</ns>
<id>440222</id>
<revision>
<id>2659191</id>
<timestamp>2022-02-03T22:03:26Z</timestamp>
<contributor>
<username>Cpls</username>
<id>20608</id>
</contributor>
<comment>[[Ajuda:Guia de edição/Menus e ferramentas/Sumário de edição|→]] nova página: ={{-pt-}}= ==Substantivo== {{flex.pt|ms=talaroco|mp=talarocos}} {{paroxítona|ta|la|ro|co}}, {{gramática|m}} # {{escopo|pt|Alentejo}} [[cádava]], pé de mato queimado  =={{etimologia|pt}}== : De [[talo]]; confronte-se com [[taroco]] e com o galego {{etimo|gl|talamoco}}.  [[Categoria:Substantivo (Português)]]</comment>
<model>wikitext</model>
<format>text/x-wiki</format>
<text bytes="312" xml:space="preserve">={{-pt-}}=
==Substantivo==
{{flex.pt|ms=talaroco|mp=talarocos}}
{{paroxítona|ta|la|ro|co}}, {{gramática|m}}
# {{escopo|pt|Alentejo}} [[cádava]], pé de mato queimado
=={{etimologia|pt}}==
: De [[talo]]; confronte-se com [[taroco]] e com o galego {{etimo|gl|talamoco}}.
[[Categoria:Substantivo (Português)]]</text>
<sha1>4dk4urpnrydhm5ls0jeafrdcnmy8oor</sha1>
</revision>
