<page>
<page>
<title>talalgia</title>
<ns>0</ns>
<id>49025</id>
<revision>
<id>1346898</id>
<parentid>1214934</parentid>
<timestamp>2011-12-26T04:12:02Z</timestamp>
<contributor>
<username>Luckas-bot</username>
<id>5986</id>
</contributor>
<minor />
<comment>r2.7.2) (Robô: A adicionar: [[et:talalgia]], [[ko:talalgia]]</comment>
<model>wikitext</model>
<format>text/x-wiki</format>
<text bytes="229" xml:space="preserve">={{-pt-}}=
==Substantivo==
'''ta.lal.gi.a'''
:# [[dor]] na [[região]] do [[calcanhar]].
[[Categoria:Substantivo (Português)]]
[[Categoria:Medicina (Português)]]
[[en:talalgia]]
[[et:talalgia]]
[[ko:talalgia]]
[[ta:talalgia]]</text>
<sha1>b4fmqj7k12e4caplkr7s23qyyn6orjh</sha1>
</revision>
