<page>
<page>
<title>talante</title>
<ns>0</ns>
<id>43524</id>
<revision>
<id>2104300</id>
<parentid>2025062</parentid>
<timestamp>2016-05-28T09:09:34Z</timestamp>
<contributor>
<username>ValJor</username>
<id>1358</id>
</contributor>
<comment>Verbete [[:Categoria:!Página com idioma não informado em Predefinição:etimologia|sem indicação do idioma na seção de etimologia]]</comment>
<model>wikitext</model>
<format>text/x-wiki</format>
<text bytes="1157" xml:space="preserve">={{-pt-}}=
==Substantivo==
{{flex.pt|ms=talante|mp=talantes}}
{{paroxítona|ta|lan|te}}, {{m}}
# [[arbítrio]]
#* Sob o seu '''talante''', os legisladores é que são levados aos quartéis para fazer a sua vontade.'' {{OESP|2007|novembro|27}}
# [[desejo]]
# [[vontade]]
# [[ambição]]
===Sinônimos===
{{verTambém.Ini}}
* [[alvedrio]]
* [[alvitre]]
* [[arbítrio]]
* [[bel-prazer]]
* [[cabeça]]
* [[capricho]]
* [[desejo]]
{{verTambém.NovaColuna}}
* [[determinação]]
* [[disposição]]
* [[eleição]]
* [[escolha]]
* [[fantasia]]
* [[gosto]]
{{verTambém.NovaColuna}}
* [[juízo]]
* [[líbito]]
* [[mercê]]
* [[nução]]
* [[nuto]]
* [[opção]]
{{verTambém.NovaColuna}}
* [[opinião]]
* [[parecer]]
* [[prazer]]
* [[predileção]]
* [[preferência]]
* [[querer]]
{{verTambém.NovaColuna}}
* [[rebora]]
* [[talã]]
* [[talento]]
* [[voluntariedade]]
* [[vontade]]
* [[voto]]
{{verTambém.Fim}}
=={{etimologia|pt}}==
: Do francês antigo ''talant''.
==Ver também==
===No Wikcionário===
* [[atalante]]
==Anagrama==
# [[atlante]]
[[Categoria:Substantivo (Português)]]
[[en:talante]]
[[es:talante]]
[[fi:talante]]
[[hu:talante]]
[[pl:talante]]</text>
<sha1>jtnaccd8jolhyuv5isn5rqnqrsydtxh</sha1>
</revision>
