<page>
<page>
<title>talantear</title>
<ns>0</ns>
<id>441227</id>
<revision>
<id>2664930</id>
<timestamp>2022-03-11T16:53:58Z</timestamp>
<contributor>
<username>Cpls</username>
<id>20608</id>
</contributor>
<comment>[[Ajuda:Guia de edição/Menus e ferramentas/Sumário de edição|→]] nova página: ={{-gl-}}= ==Verbo== {{oxítona|ta|lan|te|ar|lang=gl}}, {{g|tran|pron}} # [[tentear]], examinar com atenção # [[comprovar]] antes de agir # [[sondar]], investigar cautelosa e dissimuladamente, [[tatear]]  ===Sinónimos=== * [[talentar#{{gl}}|talentar]], [[tarandear#{{gl}}|tarandear]], [[tentar#{{gl}}|tentar]]  =={{etimologia|gl}}== : {{escopo|Morfologia}} De {{etimo|gl|talante}} + {{etimo|gl|-ear}}.  C...</comment>
<model>wikitext</model>
<format>text/x-wiki</format>
<text bytes="434" xml:space="preserve">={{-gl-}}=
==Verbo==
{{oxítona|ta|lan|te|ar|lang=gl}}, {{g|tran|pron}}
# [[tentear]], examinar com atenção
# [[comprovar]] antes de agir
# [[sondar]], investigar cautelosa e dissimuladamente, [[tatear]]
===Sinónimos===
* [[talentar#{{gl}}|talentar]], [[tarandear#{{gl}}|tarandear]], [[tentar#{{gl}}|tentar]]
=={{etimologia|gl}}==
: {{escopo|Morfologia}} De {{etimo|gl|talante}} + {{etimo|gl|-ear}}.
[[Categoria:Verbo (Galego)]]</text>
<sha1>ncf05w2gmpjpthy3hke1jh7egyrhhdz</sha1>
</revision>
