<page>
<title>tala</title>
<ns>0</ns>
<id>36419</id>
<revision>
<id>2652122</id>
<parentid>2614714</parentid>
<timestamp>2021-11-13T15:09:01Z</timestamp>
<contributor>
<username>Cpls</username>
<id>20608</id>
</contributor>
<comment>/* {{-gl-}} */</comment>
<model>wikitext</model>
<format>text/x-wiki</format>
<text bytes="3295" xml:space="preserve">{{Wikipédia}}
={{-pt-}}=
==Substantivo==
{{flex.pt|fs=tala|fp=talas}}
{{paroxítona|ta|la}}, {{g|f}}
# a [[moeda]] de [[Samoa]]
=={{pronúncia|pt}}==
===Portugal===
* AFI: {{AFI|/ˈta.lɐ/}}
==Anagrama==
# [[lata]]
[[Categoria:Substantivo (Português)]]
={{-ast-}}=
==Adjetivo==
'''tala''', ''feminino''; '''tal''', ''masculino''; '''talo''', ''neutro''
# [[tal]]
# [[travesso]]
==={{etimologia|ast}}===
{{llietimo|la|talis|ast}}
==Substantivo==
{{flex.ast|fs=tala|fp=tales}}
{{paroxítona|ta|la|lang=ast}}, {{g|f|lang=ast}}
# {{escopo|ast|Jogo}} [[pau]] menor no jogo da [[bilharda]]
# {{escopo|ast|Jogo}} o próprio jogo da bilharda 
==={{etimologia|ast}}===
: Aparentado com o latim {{etimo|la|thallus}}.
[[Categoria:Adjetivo (Asturiano)]]
[[Categoria:Substantivo (Asturiano)]]
={{-gl-}}=
==Substantivo==
{{flex.gl|fs=tala|fp=talas}}
{{paroxítona|ta|la|lang=gl}}, {{g|f|lang=gl}}
# qualquer pau plano por uma cara e com a outra cara {{o/a|oc}}
# [[pinça]]s de madeira usadas para apanhar os ouriços e [[castanha]]s
# {{escopo|gl|Náutica}} na [[pá]] do [[remo]], a parte posterior da própria pá 
# na obra da [[renda]], cartão onde vai sendo envolvida
# {{escopo|gl|Jogo}} [[pau]] menor que é arremessado na [[bilharda]]
# {{escopo|gl|Náutica}} espécie de [[palangre]] próprio para a pesca do [[congro]]
===Sinónimos===
* De '''2''': [[colhedoira#{{gl}}|colhedoira]], [[galhete#{{gl}}|galhete]], [[galheto#{{gl}}|galheto]], [[guincha#{{gl}}|guincha]], [[forquilha#{{gl}}|forquilha]], [[petelo#{{gl}}|petelo]]
[[Categoria:Substantivo (Galego)]]
={{-is-}}=
==Substantivo==
'''tala''', ''feminino, fraco, grupo 1 (infixo -n-) (a/ö)''
# [[número]]
===Declinação===
{{decl.is.subst.fraca.fem.1a.ö|t|l|a}}
===Sinônimos===
* [[númer]]
===Verbetes derivados===
{{verTambém.Ini}}
* [[talnagrind]]
{{verTambém.NovaColuna}}
* [[talnamengi]]
{{verTambém.NovaColuna}}
* [[tvinntala]]
{{verTambém.Fim}}
==Verbo==
'''tala''', ''fraco, grupo 4 (a/ö) (com voz média)''
# [[falar]] (expressar-se em idioma)
===Conjugação===
{{conj.is.fraca.4.ö|t|l|a|voz média=sim}}
[[Categoria:Substantivo (Islandês)]]
[[Categoria:Verbo (Islandês)]]
[[Categoria:Matemática (Islandês)]]
[[Categoria:Falso cognato (Islandês)]]
={{-mwh-}}=
==Substantivo==
'''tala'''
# [[ouvido]]
==Ver também==
{{colunas|3}}
* [[tarna]]
* [[limla]]
* [[sisu]]
* [[apna]]
* [[ene]]
* [[pele]]
* [[bitna]]
* [[agune]]
* [[otuk]]
{{colunas/fim}}
[[Categoria:Substantivo (Mouk-Aria)]]
[[Categoria:Anatomia (Mouk-Aria)]]
={{-sv-}}=
==Verbo==
'''tala'''
# [[falar]]
[[Categoria:Verbo (Sueco)]]
[[Categoria:Falso cognato (Sueco)]]
={{-tet-}}=
==Substantivo==
'''tala'''
# [[gongo]]
[[Categoria:Substantivo (Tétum)]]
[[Categoria:Falso cognato (Tétum)]]
[[ast:tala]]
[[az:tala]]
[[bs:tala]]
[[ca:tala]]
[[chr:tala]]
[[cs:tala]]
[[cy:tala]]
[[da:tala]]
[[de:tala]]
[[el:tala]]
[[en:tala]]
[[eo:tala]]
[[es:tala]]
[[et:tala]]
[[fi:tala]]
[[fj:tala]]
[[fo:tala]]
[[fr:tala]]
[[hu:tala]]
[[hy:tala]]
[[id:tala]]
[[io:tala]]
[[is:tala]]
[[it:tala]]
[[ja:tala]]
[[ka:tala]]
[[ko:tala]]
[[li:tala]]
[[lt:tala]]
[[lv:tala]]
[[mg:tala]]
[[nds:tala]]
[[nl:tala]]
[[no:tala]]
[[oc:tala]]
[[pl:tala]]
[[ro:tala]]
[[ru:tala]]
[[sh:tala]]
[[st:tala]]
[[sv:tala]]
[[tl:tala]]
[[tr:tala]]
[[zh:tala]]</text>
<sha1>4t0tv9qb3qt00be7dfy6eo2g8rjt4i7</sha1>
</revision>
</page>
