<page>
<page>
<title>talar</title>
<ns>0</ns>
<id>2344</id>
<revision>
<id>2581036</id>
<parentid>2137908</parentid>
<timestamp>2020-03-08T22:45:05Z</timestamp>
<contributor>
<username>ValJor</username>
<id>1358</id>
</contributor>
<comment>Acrescentando código de língua à [[:Categoria:!Página com mensagem de erro em predefinição|predefinição escopo]]</comment>
<model>wikitext</model>
<format>text/x-wiki</format>
<text bytes="1853" xml:space="preserve">={{-pt-}}=
==Adjetivo==
{{flex.pt|s=talar|p=talares}}
{{oxítona|ta|lar}}, {{gramática|c2g}}
# diz-se da [[roupa]] que [[cobrir|cobre]] o [[corpo]] até o [[calcanhar]]
==Substantivo==
{{flex.pt|ms=talar|mp=talares}}
{{oxítona|ta|lar}}, {{gramática|m}}
# {{escopo|pt|Mitologia}} cada uma das [[asa]]s que [[Mercúrio]] tinha nos [[calcanhar]]es
==Verbo==
{{oxítona|ta|lar}}, {{gramática|vti}}
# [[abrir]] [[vala]]s em
===Conjugação===
{{conj/pt|tal|ar}}
==Ligações externas==
* {{Aulete}}
* {{Michaelis}}
* {{DicioAberto}}
* {{DPLP}}
* {{Infopédia}}
* {{PLP}}
* {{VOLPABL}}
==Anagrama==
&lt;!-- índice para anagramas: pt: aalrt --&gt;
# [[altar]]
[[Categoria:Adjetivo (Português)]]
[[Categoria:Substantivo (Português)]]
[[Categoria:Verbo (Português)]]
={{-ca-}}=
==Adjetivo==
'''talar'''
# [[talar#Português|talar]]
==Verbo==
'''talar'''
# [[cortar]] (uma árvore, por exemplo)
# [[destruir]], [[arrasar]]
[[Categoria:Adjetivo (Catalão)]]
[[Categoria:Verbo (Catalão)]]
={{-es-}}=
==Adjetivo==
'''talar'''
# [[talar#Português|talar]]
==Verbo==
'''talar'''
# [[cortar]] (uma árvore, por exemplo)
[[Categoria:Adjetivo (Espanhol)]]
[[Categoria:Verbo (Espanhol)]]
={{-fr-}}=
==Substantivo==
'''talar'''
# [[principal]] [[sala]] de uma [[casa]]
[[Categoria:Substantivo (Francês)]]
={{-is-}}=
==Forma Verbal==
'''talar'''
# segunda pessoa do singular do presente do indicativo da voz ativa de [[tala]]
# terceira pessoa do singular do presente do indicativo da voz ativa de [[tala]]
# segunda pessoa do singular do presente do subjuntivo da voz ativa de [[tala]]
# terceira pessoa do singular do presente do subjuntivo da voz ativa de [[tala]]
{{avi-for-fle|tala}}
[[Categoria:Forma verbal (Islandês)]]
={{-sv-}}=
==Forma Verbal==
'''talar'''
# flexão de [[tala]]
{{avi-for-fle|tala}}
[[Categoria:Forma verbal (Sueco)]]</text>
<sha1>9p97re7f08ircf2x2oyf3a1v8pbctes</sha1>
</revision>
