<page>
<page>
<title>talabaldugan</title>
<ns>0</ns>
<id>228812</id>
<revision>
<id>2660949</id>
<parentid>2137912</parentid>
<timestamp>2022-02-23T02:48:14Z</timestamp>
<contributor>
<username>ValJor</username>
<id>1358</id>
</contributor>
<comment>Confirmando [[:Categoria:!Entrada criada por robô|verbete criado por robô]]</comment>
<model>wikitext</model>
<format>text/x-wiki</format>
<text bytes="128" xml:space="preserve">{{Wikipédia|lang=pam}}
={{-pam-}}=
==Substantivo==
'''talabaldugan'''
# [[dicionário]]
[[Categoria:Substantivo (Pampangan)]]</text>
<sha1>rqocbvcgnp63jk0yac7k7z1yrv06aj4</sha1>
</revision>
