<page>
<title>talapoim</title>
<ns>0</ns>
<id>366276</id>
<revision>
<id>2183707</id>
<parentid>2183693</parentid>
<timestamp>2016-10-16T22:04:13Z</timestamp>
<contributor>
<username>Tribuno da Plebe</username>
<id>16095</id>
</contributor>
<model>wikitext</model>
<format>text/x-wiki</format>
<text bytes="390" xml:space="preserve">{{Wikipédia}}
[[Ficheiro:Zwergmeerkatze-drawing.jpg|300px|right]]
={{-pt-}}=
==Substantivo==
{{flex.pt|fs=talapoim|fp=talapoins}}
{{oxítona|ta|la|po|im}}, {{gramática|m}}
# [[macaco]] [[africano]] (''Miopithecus talapoin''), encontrado em [[Angola]] e no [[Congo]]
[[Categoria:Substantivo (Português)]]
[[Categoria:Mamífero (Português)]]
[[Categoria:Entrada com imagem (Português)]]</text>
<sha1>sh9rvi21kc51xwi3qwzv4my75471syh</sha1>
</revision>
</page>
