<page>
<page>
<title>talaras</title>
<ns>0</ns>
<id>178682</id>
<revision>
<id>1797549</id>
<parentid>1175632</parentid>
<timestamp>2013-12-28T15:22:12Z</timestamp>
<contributor>
<username>MalafayaBot</username>
<id>628</id>
</contributor>
<minor />
<comment>r2.7.5) (Robô: A adicionar: [[es:talaras]]</comment>
<model>wikitext</model>
<format>text/x-wiki</format>
<text bytes="225" xml:space="preserve">={{-pt-}}=
==Forma verbal==
'''talaras'''
#[[segunda pessoa]] do [[singular]] do [[pretérito mais-que-perfeito]] do verbo '''[[talar]]'''
[[Categoria:Forma verbal (Português)]]
[[en:talaras]]
[[es:talaras]]
[[no:talaras]]</text>
<sha1>9vq1v39i683ubi1tlyhei053yjqxmai</sha1>
</revision>
