<page>
<page>
<title>talarem</title>
<ns>0</ns>
<id>211329</id>
<revision>
<id>1960970</id>
<parentid>1795086</parentid>
<timestamp>2015-07-10T05:12:42Z</timestamp>
<contributor>
<username>HydrizBot</username>
<id>29590</id>
</contributor>
<minor />
<comment>Robô: A adicionar: [[ca:talarem]]</comment>
<model>wikitext</model>
<format>text/x-wiki</format>
<text bytes="341" xml:space="preserve">={{-pt-}}=
==Forma verbal==
'''talarem'''
#[[terceira pessoa]] do [[plural]] do [[futuro]] do [[modo subjuntivo]] do verbo '''[[talar]]'''
#[[infinitivo pessoal]] da [[terceira pessoa]] do [[plural]] do verbo '''[[talar]]'''
[[Categoria:Forma verbal (Português)]]
[[ca:talarem]]
[[de:talarem]]
[[en:talarem]]
[[fr:talarem]]
[[no:talarem]]</text>
<sha1>i6ooqjyvk1hnb5hr3mjbltrfqcf51ze</sha1>
</revision>
