<page>
<page>
<title>talarico</title>
<ns>0</ns>
<id>384433</id>
<revision>
<id>2678184</id>
<parentid>2677990</parentid>
<timestamp>2022-05-30T14:34:38Z</timestamp>
<contributor>
<username>ValJor</username>
<id>1358</id>
</contributor>
<minor />
<comment>Revertidas edições por [[Especial:Contribuições/Frizzamatheus|Frizzamatheus]] para a última versão por [[Especial:Contribuições/ValJor|ValJor]]</comment>
<model>wikitext</model>
<format>text/x-wiki</format>
<text bytes="333" xml:space="preserve">={{-pt-}}=
==Substantivo==
{{flex.pt|ms=talarico|mp=talaricos|fs=talarica|fp=talaricas}}
{{paroxítona|ta|la|ri|co}}, {{gramática|m}}
# {{escopo|pt|Brasil|pejorativo}} pessoa conquistadora ou que busca conquistar alguém que já tem relacionamento conjugal
==Ligações externas==
* {{DPLP}}
[[Categoria:Substantivo (Português)]]</text>
<sha1>c2s39ayveujtclhcxqcdgtunskclqcz</sha1>
</revision>
