<page>
<title>talaríamos</title>
<ns>0</ns>
<id>193086</id>
<revision>
<id>1797542</id>
<parentid>1175646</parentid>
<timestamp>2013-12-28T15:21:42Z</timestamp>
<contributor>
<username>MalafayaBot</username>
<id>628</id>
</contributor>
<minor />
<comment>r2.7.5) (Robô: A adicionar: [[es:talaríamos]]</comment>
<model>wikitext</model>
<format>text/x-wiki</format>
<text bytes="251" xml:space="preserve">={{-pt-}}=
==Forma verbal==
'''talaríamos'''
#[[primeira pessoa]] do [[plural]] do [[futuro do pretérito]] do verbo '''[[talar]]'''
[[Categoria:Forma verbal (Português)]]
[[en:talaríamos]]
[[es:talaríamos]]
[[mg:talaríamos]]
[[no:talaríamos]]</text>
<sha1>tvl3ehmtvsom57v2bunvj6oev5n5w4m</sha1>
</revision>
</page>
