<page>
<page>
<title>talameira</title>
<ns>0</ns>
<id>367579</id>
<revision>
<id>2635700</id>
<parentid>2193098</parentid>
<timestamp>2021-05-25T18:04:15Z</timestamp>
<contributor>
<username>Cpls</username>
<id>20608</id>
</contributor>
<comment>/* {{-gl-}} */</comment>
<model>wikitext</model>
<format>text/x-wiki</format>
<text bytes="595" xml:space="preserve">={{-gl-}}=
==Substantivo==
{{flex.gl|fs=talameira|fp=talameiras}}
{{paroxítona|ta|la|mei|ra|lang=gl}}, {{g|f|lang=gl}}
# {{escopo|gl|Náutica}} peça de reforço no cairel da embarcação a remos, na qual vai encastrado o [[tolete]], e sobre a qual apoia o remo
===Sinónimos===
* [[chamadoira#{{gl}}|chamadoira]], [[chumaceira#{{gl}}|chumaceira]], [[luidoiro#{{gl}}|luidoiro]]
=={{etimologia|gl}}==
: Da raiz lai ''[[tálamo#{{gl}}|tálamo]]'' + ''[[-eiro#{{gl}}|-eira]]''. Confronte-se com {{etimo|gl|talameiro}} e com o asturiano {{etimo|ast|talamera}}.
[[Categoria:Substantivo (Galego)]]</text>
<sha1>0xatteis8r3lhw01c0z97sy0d1ppqoo</sha1>
</revision>
