<page>
<title>K</title>
<ns>0</ns>
<id>8171</id>
<revision>
<id>2680001</id>
<parentid>2499929</parentid>
<timestamp>2022-06-13T02:11:29Z</timestamp>
<contributor>
<username>Wilhelm Seifer</username>
<id>85860</id>
</contributor>
<model>wikitext</model>
<format>text/x-wiki</format>
<text bytes="799" xml:space="preserve">{{caracteres info|hex=004B|nome=LATIN CAPITAL LETTER K|anterior=J|próximo=L}}
{{SimbQuim|potássio}}
# símbolo de [[kelvin]], unidade do [[SI]] de temperatura
={{-pt-}}=
==Letra==
'''K''' ''(minúscula '''[[k]]''')''
# a décima primeira [[letra]] do alfabeto português, precedida por [[J]] e seguida por [[L]]
==Pronúncia==
* AFI: {{AFI|/ka/}}
[[Categoria:Sistema de escrita latino]]
[[Categoria:Entrada com pronúncia (Português)]]
={{-en-}}=
==Letra==
'''K''' ''(minúscula '''[[k]]''')''
# a décima primeira [[letra]] do alfabeto inglês, precedida por [[J]] e seguida por [[L]]
==Pronúncia==
* AFI: {{AFI|/keɪ/}}
* X-SAMPA: /keI/ 
==Ver também==
===No Wikcionário===
{{Alfabeto Latino}}
[[Categoria:Entrada com pronúncia (Inglês)]]
[[Categoria:Unicode Letterlike Symbols]]</text>
<sha1>5bs7ot7v0jv6fj7b2e3vvunou7lihva</sha1>
</revision>
</page>
