<page>
<title>ka</title>
<ns>0</ns>
<id>61731</id>
<revision>
<id>2365659</id>
<parentid>2219293</parentid>
<timestamp>2017-05-03T16:41:03Z</timestamp>
<contributor>
<username>HydrizBot</username>
<id>29590</id>
</contributor>
<minor />
<comment>Robô: A limpar links interwikis antigos</comment>
<model>wikitext</model>
<format>text/x-wiki</format>
<text bytes="12122" xml:space="preserve">={{-pt-}}=
==Substantivo&lt;sup&gt;1&lt;/sup&gt;==
'''ka'''
# {{escopo|pt|Linguística}} [[nome]] dos ''[[kana]]'' '''[[か]]''' e '''[[カ]]'''
==={{etimologia|pt}}===
: Romanização dos ''[[kana]]'' {{xlatio|ja|か|}} e {{xlatio|ja|カ|}}.
==Substantivo&lt;sup&gt;2&lt;/sup&gt;==
'''ka'''
# {{escopo|pt|Mitologia}} segundo a crença dos egípcios antigos, uma das cinco partes que compunham a alma humana e que sobreviviam após a morte
==={{etimologia|pt}}===
: Do [[egípcio]] ''[[k3]]''.
=={{pronúncia|pt}}==
* [[AFI]]: {{AFI|/ˈka/}}
* [[X-SAMPA]]: /&quot;ka/
[[Categoria:Substantivo (Português)]]
[[Categoria:Monossílabo (Português)]]
[[Categoria:Linguística (Português)]]
={{-univ-}}=
==Abreviatura==
'''ka'''
# {{escopo|univ|Linguística}} [[w:ISO 639|código de língua ISO 639-1]] para o idioma '''[[georgiano]]'''
===Sinônimos===
* '''[[w:ISO 639|Código ISO 639-3]]''': [[kat]]
==Ver também==
===Ligações externas===
{{verTambém.Ini}}
* [http://www.ethnologue.com/show_language.asp?code=kat Informações sobre o idioma georgiano no Ethnologue (em inglês)]
{{verTambém.Fim}}
[[Categoria:Abreviatura (Universal)]]
[[Categoria:Linguística (Universal)]]
={{-aa-}}=
==Pronome==
'''ka''', {{gramática|pess}}
# [[ele]], pronome pessoal objeto da terceira pessoa do singular
=={{pronúncia|aa}}==
* [[AFI]]: {{AFI|/ka/}}
* [[X-SAMPA]]: /ka/
==Ver também==
===No Wikcionário===
{{decl.aa.pron.pessoal}}
[[Categoria:Pronome pessoal (Afar)]]
[[Categoria:Monossílabo (Afar)]]
={{-sq-}}=
==Forma verbal==
'''ka'''
# terceira pessoa do singular do presente do indicativo do verbo [[kam]]:
## ([[ele]]/[[ela]]) [[ter|tem]]:
##* '''''Ka''' dy fëmijë.'' &lt;small&gt;(Tem dois filhos.)&lt;/small&gt;
## [[ter|tem]], [[haver|há]] (''[[impessoal]]''):
##* ''S´'''ka''' kohë për të humbur.'' &lt;small&gt;(Não há tempo a perder.)&lt;/small&gt;
## (''[[verbo auxiliar]] [[formador]] [[dos]] [[tempo composto|tempos compostos]]''):
##* ''Nuk '''ka''' parë kurrë një xixëllonjë.'' &lt;small&gt;(Nunca vi um vagalume.)&lt;/small&gt;
{{avi-for-fle|kam}}
=={{pronúncia|sq}}==
* [[AFI]]: {{AFI|/ka/}}
* [[X-SAMPA]]: /ka/
[[Categoria:Forma verbal (Albanês)]]
[[Categoria:Monossílabo (Albanês)]]
={{-amn-}}=
==Pronome==
'''ka''' ''[[pessoal]]''
# [[eu]], pronome pessoal do caso nominativo da primeira pessoa do singular
[[Categoria:Pronome pessoal (Amanab)]]
[[Categoria:Monossílabo (Amanab)]]
={{-arn-}}=
==Advérbio==
'''ka'''
# [[também]]
==Conjunção==
'''ka''' ''aditiva''
# [[e#Conjunção|e]]
=={{pronúncia|arn}}==
* [[AFI]]: {{AFI|/ˈka/}}
* [[X-SAMPA]]: /&quot;ka/
==Ver também==
===No Wikcionário===
{{verTambém.Ini}}
* {{link opcional|engün|arn}}
{{verTambém.Fim}}
[[Categoria:Advérbio (Araucano)]]
[[Categoria:Conjunção (Araucano)]]
[[Categoria:Monossílabo (Araucano)]]
={{-bm-}}=
{{ver também|-ka}}
==Partícula==
'''ka'''
# une o possuidor ao possuído:
#* ''ne '''ka''' sɔ'' &lt;small&gt;(minha casa)&lt;/small&gt;
==Verbo==
'''ka'''
# [[negar]]
# [[desaprovar]]
# não [[reconhecer]]
# [[ser]] (verbo de ligação):
#* ''Ale '''ka''' bon.'' &lt;small&gt;(Ele é grande.)&lt;/small&gt;
# verbo auxiliar do infinito positivo:
#* ''Ala '''ka''' dugu mana jɛ.'' &lt;small&gt;(boa noite. – literalmente, &quot;Que a aldeia desperte em paz.&quot;)&lt;/small&gt;
===Antônimos===
* De '''4''': [[kana#{{bm}}|kana]]
=={{pronúncia|bm}}==
* [[AFI]]: {{AFI|/ka/}}
* [[X-SAMPA]]: /ka/
[[Categoria:Verbo (Bambara)]]
[[Categoria:Monossílabo (Bambara)]]
={{-bnd-}}=
==Pronome==
'''ka''', {{gramática|pess}}
# [[tu]], [[você]], pronome pessoal do caso nominativo da segunda pessoa do singular
[[Categoria:Pronome pessoal (Banda)]]
[[Categoria:Monossílabo (Banda)]]
={{-bs-}}=
==Preposição==
'''ka'''
# [[a#Preposição|a]], [[para]]
# a, [[em direção a]]
#* '''Nota''': Esta preposição é usada antes de palavras iniciadas por '''k''' ou '''g'''.
===Sinônimos===
* [[k#{{bs}}|k]]
[[Categoria:Preposição (Bósnio)]]
[[Categoria:Monossílabo (Bósnio)]]
={{-hr-}}=
==Preposição==
'''ka'''
# [[a#Preposição|a]], [[para]]
# a, [[em direção a]]
#* '''Nota''': Esta preposição é usada antes de palavras iniciadas por '''k''' ou '''g'''.
===Sinônimos===
* [[k#{{hr}}|k]]
[[Categoria:Preposição (Croata)]]
[[Categoria:Monossílabo (Croata)]]
={{-ku-}}=
[[Imagem:Rice straw.jpg|thumb|150px|'''Ka''']]
==Substantivo==
'''ka'''
# [[palha]]
==={{-varort-}}===
* '''[[alfabeto árabe]]''': [[ک#{{ku}}|ک]]
[[Categoria:Substantivo (Curdo)]]
[[Categoria:Monossílabo (Curdo)]]
[[Categoria:Entrada com imagem (Curdo)]]
={{-es-}}=
==Substantivo==
{{flex.es|fs=ka|fp=kas|fs-div=ka|fp-div=kas}}
'''ka'''
# [[cá]], nome da letra '''[[K]]'''/'''[[k]]'''
{{pularLinhas|2}}
=={{etimologia|es}}==
{{llietimo|la|ka|es}}
=={{pronúncia|es}}==
* [[AFI]]: {{AFI|/ˈka/}}
* [[X-SAMPA]]: /&quot;ka/
===Homófonos===
{{verTambém.Ini}}
* [[ca#{{es}}|ca]]
{{verTambém.Fim}}
[[Categoria:Substantivo (Espanhol)]]
[[Categoria:Monossílabo (Espanhol)]]
[[Categoria:Linguística (Espanhol)]]
[[Categoria:Entrada de étimo latino (Espanhol)]]
={{-ee-}}=
==Substantivo==
'''ka''' ({{p}} '''''[[kawo#{{ee}}|kawo]]''''')
# [[corda]], [[cordão]]
# [[linha]], [[fio]]
==Verbo==
'''ka'''
# [[morder]]
# [[quebrar]]
# [[lascar]]
# [[revirar]]
=={{pronúncia|ee}}==
* [[AFI]]: {{AFI|/kɑ:/}}
* [[X-SAMPA]]: /kA:/
[[Categoria:Substantivo (Jeje)]]
[[Categoria:Verbo (Jeje)]]
[[Categoria:Monossílabo (Jeje)]]
={{-fi-}}=
==Abreviatura==
'''ka'''
# {{escopo|fi|Metrologia}} ''[[karaatti]]'' (&quot;[[quilate]]&quot;)
[[Categoria:Abreviatura (Finlandês)]]
[[Categoria:Metrologia (Finlandês)]]
={{-gl-}}=
==Substantivo==
{{flex.gl|fs=ka|fp=kas|fs-div=ka|fp-div=kas}}
'''ka'''
# [[cá]], nome da letra '''[[K]]'''/'''[[k]]'''
{{pularLinhas|2}}
=={{etimologia|gl}}==
{{llietimo|la|ka|gl}}
=={{pronúncia|gl}}==
* [[AFI]]: {{AFI|/ˈka/}}
* [[X-SAMPA]]: /&quot;ka/
===Homófonos===
{{verTambém.Ini}}
* [[ca#{{gl}}|ca]]
{{verTambém.Fim}}
[[Categoria:Substantivo (Galego)]]
[[Categoria:Monossílabo (Galego)]]
[[Categoria:Linguística (Galego)]]
[[Categoria:Entrada de étimo latino (Galego)]]
={{-io-}}=
==Partícula==
'''ka'''
# usado no início da sentença, transforma-a em pergunta:
#* '''''Ka''' vu iris a la urbo?'' &lt;small&gt;(Tu foste à cidade?)&lt;/small&gt;
#* '''Nota''': preferencialmente usado diante de palavras iniciadas por consoante.
===Sinônimos===
* [[kad#{{io}}|kad]] (''diante de [[vogal]]'')
=={{pronúncia|io}}==
* [[AFI]]: {{AFI|/ˈka/}}, {{AFI|/ˈkɑ/}}
* [[X-SAMPA]]: /&quot;ka/, /&quot;kA/
[[Categoria:Partícula (Ido)]]
[[Categoria:Monossílabo (Ido)]]
={{-en-}}=
==Abreviatura==
'''ka'''
# {{escopo|en|Química}} ''[[cathode#{{en}}|cathode]]'' (&quot;[[cátodo]]&quot;)
==Símbolo==
'''ka'''
# {{escopo|en|Metrologia}} ''[[kiloamp#{{en}}|kiloamp]]'' (&quot;[[quiloampère]]&quot;)
==={{-varort-}}===
* [[kA]], [[KA#{{en}}|KA]]
==Substantivo==
'''ka'''
# {{escopo|en|Mitologia}} segundo a crença dos egípcios antigos, uma das cinco partes que compunham a alma humana e que sobreviviam após a morte
=={{etimologia|en}}==
* '''Abreviatura''':
: Do [[alemão]] {{etimo|de|Kathode}};
* '''Substantivo''':
: Do [[egípcio]] ''k3''.
=={{pronúncia|en}}==
* [[AFI]]: {{AFI|/kɑ:/}}
* [[X-SAMPA]]: /kA:/
==Ver também==
===No Wikcionário===
{{verTambém.Ini}}
* [[ba#{{en}}|ba]]
* [[ib]]
{{verTambém.NovaColuna}}
* [[ren#{{en}}|ren]]
* [[sheut]]
{{verTambém.Fim}}
[[Categoria:Abreviatura (Inglês)]]
[[Categoria:Símbolo (Inglês)]]
[[Categoria:Substantivo (Inglês)]]
[[Categoria:Monossílabo (Inglês)]]
[[Categoria:Metrologia (Inglês)]]
[[Categoria:Química (Inglês)]]
[[Categoria:Mitologia (Inglês)]]
={{-ja-}}=
==Transliteração==
# transliteração de [[か]]
[[Categoria:Transliteração (Japonês)]]
={{-lv-}}=
==Pronome==
'''ka''' ''[[pronome relativo|relativo]]''
# [[que]]
[[Categoria:Pronome (Letão)]]
[[Categoria:Monossílabo (Letão)]]
={{-jbo-}}=
==Cmavo==
'''ka'''
# indica a qualidade ou propriedade do selbri seguinte, de forma semelhante ao sufixo [[-idade]]:
#* ''simlu le '''ka''' rarna'' &lt;small&gt;(Parece natural.)&lt;/small&gt;
[[Categoria:Cmavo]]
[[Categoria:Monossílabo (Lojban)]]
={{-la-}}=
==Substantivo==
'''ka''' {{gramática|n}}, ''[[indeclinável]]''
# [[cá]], nome da letra '''[[K]]'''/'''[[k]]'''
=={{etimologia|la}}==
===Descendentes===
{{verTambém.Ini}}
* {{trad|es|ka}}
* {{trad|gl|ka}}
{{verTambém.NovaColuna}}
* {{trad|pt|cá}}
{{verTambém.Fim}}
=={{pronúncia|la}}==
* [[AFI]]: {{AFI|/ˈka/}}
* [[X-SAMPA]]: /&quot;ka/
[[Categoria:Substantivo (Latim)]]
[[Categoria:Monossílabo (Latim)]]
[[Categoria:Linguística (Latim)]]
={{-lt-}}=
==Substantivo==
'''ka'''
# [[cá]], nome da letra '''[[K]]'''/'''[[k]]'''
[[Categoria:Substantivo (Lituano)]]
[[Categoria:Monossílabo (Lituano)]]
[[Categoria:Linguística (Lituano)]]
={{-nan-}}=
==Substantivo==
[[Imagem:Streptopelia orientalis1.jpg|thumb|115px|'''Ka'''&lt;sup&gt;2&lt;/sup&gt;]]
[[Imagem:Skalm 2.JPG|thumb|115px|'''Ka'''&lt;sup&gt;3&lt;/sup&gt;]]
'''ka''' (''[[hanja]]'' [[家]]/[[家]])
# [[família]], [[lar]]
'''ka''' (''hanja'' [[鸠]]/[[鳩]])
# {{cont|2}} {{escopo|nan|Zoologia}} [[rola-oriental]] (''[[wikispecies:Streptopelia orientalis|Streptopelia orientalis]]'')
'''ka''' (''hanja'' [[铰]]/[[鉸]])
# {{cont|3}} [[tesoura]]
==Verbo==
'''ka''' (''hanja'' [[加]])
# [[aumentar]], [[adicionar]], [[somar]]
[[Categoria:Substantivo (Min Nan)]]
[[Categoria:Verbo (Min Nan)]]
[[Categoria:Monossílabo (Min Nan)]]
[[Categoria:Ave (Min Nan)]]
[[Categoria:Ferramenta (Min Nan)]]
[[Categoria:Entrada com imagem (Min Nan)]]
={{-rw-}}=
[[Imagem:Cow_female_black_white.jpg|thumb|100px|'''Ka''']]
==Substantivo==
'''ka'''
# {{escopo|rw|Zoologia}} [[vaca]], [[fêmea]] do [[touro]] (''[[wikispecies:Bos taurus|Bos taurus]]'')
[[Categoria:Substantivo (Ruanda)]]
[[Categoria:Monossílabo (Ruanda)]]
[[Categoria:Mamífero (Ruanda)]]
[[Categoria:Entrada com imagem (Ruanda)]]
={{-sr-}}=
==Preposição==
'''ka'''
# [[a#Preposição|a]], [[para]]
# a, [[em direção a]]
#* '''Nota''': Esta preposição é usada antes de palavras iniciadas por '''k''' ou '''g'''.
==={{-varort-}}===
* '''[[alfabeto cirílico]]''': [[ка#{{sr}}|ка]]
===Sinônimos===
* [[k#{{sr}}|k]]/[[к#{{sr}}|к]]
[[Categoria:Preposição (Sérvio)]]
[[Categoria:Monossílabo (Sérvio)]]
={{-st-}}=
==Preposição==
'''ka'''
# [[em]]:
#* '''''ka''' hare'' &lt;small&gt;(no meio)&lt;/small&gt;
# [[com]]:
#* ''Ke seha '''ka''' thipa.'' &lt;small&gt;(Cortei com uma faca.)&lt;/small&gt;
==Pronome==
'''ka''' ''[[possessivo]]''
# [[meu]], [[minha]], pronome possessivo da primeira pessoa do singular:
#* ''banna ba '''ka''''' &lt;small&gt;(meus filhos)&lt;/small&gt;
==Verbo==
'''ka'''
# [[poder]], [[ser#Verbo|ser]] [[capaz]] de:
#* ''O '''ka''' tsamaya.'' &lt;small&gt;(Eu posso caminhar.)&lt;/small&gt;
==Ver também==
===No Wikcionário===
{{verTambém.Ini}}
* [[le#{{st}}|le]]
* {{link opcional|mme|st}}
{{verTambém.Fim}}
[[Categoria:Preposição (Sesoto)]]
[[Categoria:Pronome (Sesoto)]]
[[Categoria:Verbo (Sesoto)]]
[[Categoria:Monossílabo (Sesoto)]]
={{-tl-}}=
==Pronome==
'''ka''' ''[[pessoal]]''
# [[tu]], [[você]], pronome pessoal do caso absolutivo da segunda pessoa do singular
===Sinônimos===
* [[ikaw#{{tl}}|ikaw]]
==Ver também==
===No Wikcionário===
{{decl.tl.pron.pessoal}}
[[Categoria:Pronome pessoal (Tagalo)]]
[[Categoria:Monossílabo (Tagalo)]]
={{-tet-}}=
==Conjunção==
'''ka''' ''alternativa''
# [[ou]]
[[Categoria:Conjunção (Tétum)]]
[[Categoria:Monossílabo (Tétum)]]
={{-to-}}=
==Conjunção==
'''ka''' ''condicional''
# [[se]]
[[Categoria:Conjunção (Tonganês)]]
[[Categoria:Monossílabo (Tonganês)]]
={{-vep-}}=
==Partícula==
'''ka'''
# [[sim]] (''[[advérbio]] de [[afirmação]]'')
[[Categoria:Advérbio (Vepso)]]
[[Categoria:Partícula (Vepso)]]
[[Categoria:Monossílabo (Vepso)]]
={{-vo-}}=
==Preposição==
'''ka'''
# do que
=={{pronúncia|vo}}==
* [[AFI]]: {{AFI|/ka/}}
* [[X-SAMPA]]: /ka/
[[Categoria:Preposição (Volapuque)]]
[[Categoria:Monossílabo (Volapuque)]]
={{-wah-}}=
==Pronome==
'''ka''' ''[[pessoal]]''
# [[tu]], [[você]], pronome pessoal do caso nominativo da segunda pessoa do singular
[[Categoria:Pronome pessoal (Watubela)]]
[[Categoria:Monossílabo (Watubela)]]</text>
<sha1>q2wapf7i3peiemccv3tojgrdhvrdbg5</sha1>
</revision>
</page>
