<page>
<title>Kaaba</title>
<ns>0</ns>
<id>385951</id>
<revision>
<id>2461337</id>
<timestamp>2017-11-17T06:11:14Z</timestamp>
<contributor>
<username>Spanier</username>
<id>43713</id>
</contributor>
<comment>alemão</comment>
<model>wikitext</model>
<format>text/x-wiki</format>
<text bytes="375" xml:space="preserve">{{Wikipédia|lang=de}}
={{-de-}}=
==Substantivo==
{{proparoxítona|Ka|a|ba|lang=de}}, {{gramática|f|lang=de}}
# {{escopo|de|islamismo}} [[Caaba]]
===Declinação===
{{decl.de.subst.fem.-.sing|Kaaba}}
=={{etimologia|de}}==
: Do [[árabe]] ''الكعبة (al-kaʕba)'' (cubo)''.
=={{pronúncia|de}}==
* [[AFI]]: {{AFI|/ˈkaʔabaː/|de}}
[[Categoria:Substantivo (Alemão)]]</text>
<sha1>2j9xk5cq82ppcubajpz3j6d11ww5etq</sha1>
</revision>
</page>
