<page>
<title>kaadmium</title>
<ns>0</ns>
<id>257178</id>
<revision>
<id>2365661</id>
<parentid>2128133</parentid>
<timestamp>2017-05-03T16:41:10Z</timestamp>
<contributor>
<username>HydrizBot</username>
<id>29590</id>
</contributor>
<minor />
<comment>Robô: A limpar links interwikis antigos</comment>
<model>wikitext</model>
<format>text/x-wiki</format>
<text bytes="282" xml:space="preserve">{{Wikipédia|lang=et}}
={{-et-}}=
{{elementos|Cd|hõbe|Ag|indium|In}}
==Substantivo==
'''kaadmium'''
# {{escopo|Química}} [[cádmio]]
==Ver também==
===No Wikcionário===
{{tabela periódica/et}}
[[Categoria:Substantivo (Estoniano)]]
[[Categoria:Elemento químico (Estoniano)]]</text>
<sha1>la1jht6hw11l9cqlwrz2jfy4kcqcy6n</sha1>
</revision>
</page>
