<page>
<title>Kaaimaneilanen</title>
<ns>0</ns>
<id>157034</id>
<revision>
<id>1635404</id>
<parentid>1553431</parentid>
<timestamp>2013-01-31T16:22:59Z</timestamp>
<contributor>
<username>MalafayaBot</username>
<id>628</id>
</contributor>
<minor />
<comment>Removendo categoria Topónimo de entradas já na respetiva categoria País</comment>
<model>wikitext</model>
<format>text/x-wiki</format>
<text bytes="259" xml:space="preserve">={{-nds-nl-}}=
{{Wikipédia|lang=nds-nl}}
==Substantivo==
'''Kaaimaneilanen''', {{pr}}
#{{escopo|Geografia}} [[Ilhas Cayman]]
==Ver também==
{{América/nds-nl}}
[[Categoria:Substantivo (Baixo Saxão Holandês)]]
[[Categoria:País (Baixo Saxão Holandês)]]</text>
<sha1>2syhxrkktdd3ts73yurfe3zk5wobf1u</sha1>
</revision>
</page>
