<page>
<page>
<title>Kaaimanseilande</title>
<ns>0</ns>
<id>152697</id>
<revision>
<id>2272019</id>
<parentid>1634180</parentid>
<timestamp>2017-04-26T19:56:58Z</timestamp>
<contributor>
<username>HydrizBot</username>
<id>29590</id>
</contributor>
<minor />
<comment>Robô: A limpar links interwikis antigos</comment>
<model>wikitext</model>
<format>text/x-wiki</format>
<text bytes="200" xml:space="preserve">={{-af-}}=
==Substantivo==
'''Kaaimanseilande''', {{pr}}
#{{escopo|Geografia}} [[Ilhas Cayman]]
==Ver também==
{{América/af}}
[[Categoria:Substantivo (Africâner)]]
[[Categoria:País (Africâner)]]</text>
<sha1>edijy67ugg118ga3wtkzuv2f3fp6wla</sha1>
</revision>
