<page>
<page>
<title>kaakao</title>
<ns>0</ns>
<id>40594</id>
<revision>
<id>2523121</id>
<parentid>2365662</parentid>
<timestamp>2018-10-19T12:06:55Z</timestamp>
<contributor>
<ip>179.185.245.163</ip>
</contributor>
<comment>+ etim, pron, ref, imagem</comment>
<model>wikitext</model>
<format>text/x-wiki</format>
<text bytes="1603" xml:space="preserve">[[Ficheiro:Malvales_-_Theobroma_cacao_4.jpg|thumb|300px|'''Kaakao''' (&quot;cacaueiro&quot;)]]
={{-fi-}}=
{{Wikipédia|lang=fi}}
==Substantivo==
{{proparoxítona|kaa|ka|o|lang=fi}}
# {{escopo|fi|árvore}} [[cacaueiro]] (''[[wikispecies:Theobroma cacao|Theobroma cacao]]'')
# {{escopo|fi|alimentação}} [[cacau]] em [[pó]]
# {{escopo|fi|bebida}} {{link opcional|chocolate quente}}
===Sinônimos===
* De '''1''': {{link opcional|kaakaopuu}}
* De '''2''': {{link opcional|kaakaojauhe}}
===Declinação===
{{decl.fi.subst.3}}
===Termos derivados===
{{verTambém.Ini}}
* {{link opcional|kaakaohedelmä}}
* {{link opcional|kaakaojauhe}}
* {{link opcional|kaakaojuoma}}
{{verTambém.NovaColuna|25}}
* {{link opcional|kaakaolikööri}}
* {{link opcional|kaakaomassa}}
* {{link opcional|kaakaopapu}}
{{verTambém.NovaColuna|25}}
* {{link opcional|kaakaopuu}}
* {{link opcional|kaakaorasva}}
* {{link opcional|kaakaovoi}}
{{verTambém.NovaColuna|25}}
* {{link opcional|maitokaakao}}
* {{link opcional|pikakaakao}}
* {{link opcional|raakakaakao}}
{{verTambém.Fim}}
==Etimologia==
{{llietimo|es|cacao|fi}}
=={{pronúncia|fi}}==
* [[AFI]]: {{AFI|/ˈkɑː.kɑ.o/}}
* [[X-SAMPA]]: /&quot;kA:.kA.o/
==Ver também==
===No Wikcionário===
{{verTambém.Ini}}
* {{link opcional|suklaa}}
{{verTambém.Fim}}
==Ligações externas==
===Referências===
{{verTambém.Ini}}
* &lt;span style=&quot;color:#555;&quot;&gt;(em finlandês)&lt;/span&gt; “[https://www.kielitoimistonsanakirja.fi/netmot.exe?SearchWord=kaakao&amp;dic=1&amp;page=results kaakao]” no ''Kielitoimiston sanakirjasta''
{{verTambém.Fim}}
{{categorias|{{fi}}|Substantivo|Entrada com imagem}}</text>
<sha1>26n5ubsnzgas9qae426ca92wf3a3422</sha1>
</revision>
