<page>
<title>kaaljóm</title>
<ns>0</ns>
<id>233594</id>
<revision>
<id>2365664</id>
<parentid>2210775</parentid>
<timestamp>2017-05-03T16:41:24Z</timestamp>
<contributor>
<username>HydrizBot</username>
<id>29590</id>
</contributor>
<minor />
<comment>Robô: A limpar links interwikis antigos</comment>
<model>wikitext</model>
<format>text/x-wiki</format>
<text bytes="265" xml:space="preserve">={{-li-}}=
==Substantivo==
{{elementos|K|argón|Ar|kalk|Ca}}
'''kaaljóm'''
# {{escopo|li|Elemento químico}} [[potássio]]
==Ver também==
===No Wikcionário===
{{tabela periódica/li}}
[[Categoria:Substantivo (Limburguês)]]
[[Categoria:Ciência (Limburguês)]]</text>
<sha1>qqb0u9xaebel8gu7yksmqk9ktm42h1l</sha1>
</revision>
</page>
