<page>
<page>
<title>kaart</title>
<ns>0</ns>
<id>310163</id>
<revision>
<id>2650603</id>
<parentid>2365669</parentid>
<timestamp>2021-10-20T09:23:36Z</timestamp>
<contributor>
<username>ValJor</username>
<id>1358</id>
</contributor>
<comment>Confirmando [[:Categoria:!Entrada criada por robô|verbete criado por robô]]</comment>
<model>wikitext</model>
<format>text/x-wiki</format>
<text bytes="112" xml:space="preserve">{{Wikipédia|lang=et}}
={{-et-}}=
==Substantivo==
'''kaart'''
# [[mapa]]
[[Categoria:Substantivo (Estoniano)]]</text>
<sha1>2bw4n0v8mlv0pm4s10fdhzuq5mombon</sha1>
</revision>
