<page>
<page>
<title>kaartsjpel</title>
<ns>0</ns>
<id>76287</id>
<revision>
<id>1322480</id>
<parentid>296514</parentid>
<timestamp>2011-12-06T01:01:47Z</timestamp>
<contributor>
<username>MalafayaBot</username>
<id>628</id>
</contributor>
<minor />
<comment>Robô: Substituição de texto automática (-^\=(\s*?)(\{\{li\}\}|Limburguês)(\s*?)\= +={{-li-}}=)</comment>
<model>wikitext</model>
<format>text/x-wiki</format>
<text bytes="424" xml:space="preserve">={{-li-}}=
==Substantivo==
'''kaartsjpel'''
:# [[jogo]] de [[carta]]s
==Outros Verbetes==
* [[biljart]]
* [[bordsjpel]]
* [[casinosjpel]]
* [[computersjpel]]
* [[dobbelsjpel]]
* [[gezelsjapsjpel]]
* [[sjpel]]
* [[kindersjpel]]
* [[likpuzzel]]
* [[lettersjpel]]
* [[raodsjpel]]
* [[rollesjpel]]
* [[sjport]]
* [[tabletopsjpel]]
* [[tangram]]
* [[wiskundig sjpel]]
* [[woerdsjpel]]
[[Categoria:Substantivo (Limburguês)]]</text>
<sha1>bu8ws73ti33stbvhnab8p9a81op0k5b</sha1>
</revision>
