<page>
<title>kabau</title>
<ns>0</ns>
<id>249079</id>
<revision>
<id>2365677</id>
<parentid>1576666</parentid>
<timestamp>2017-05-03T16:42:02Z</timestamp>
<contributor>
<username>HydrizBot</username>
<id>29590</id>
</contributor>
<minor />
<comment>Robô: A limpar links interwikis antigos</comment>
<model>wikitext</model>
<format>text/x-wiki</format>
<text bytes="143" xml:space="preserve">={{-min-}}=
==Substantivo==
'''ka.bau'''
# [[búfalo-asiático]]
[[Categoria:Substantivo (Minangkabau)]]
[[Categoria:Mamífero (Minangkabau)]]</text>
<sha1>4lyvpvcnfaa7ppo4xlph7bwqrw7j0fa</sha1>
</revision>
</page>
