<page>
<page>
<title>kabalista</title>
<ns>0</ns>
<id>310035</id>
<revision>
<id>2631013</id>
<parentid>2365675</parentid>
<timestamp>2021-04-20T12:18:21Z</timestamp>
<contributor>
<username>ValJor</username>
<id>1358</id>
</contributor>
<comment>Confirmando [[:Categoria:!Entrada criada por robô|verbete criado por robô]]</comment>
<model>wikitext</model>
<format>text/x-wiki</format>
<text bytes="390" xml:space="preserve">={{-cs-}}=
==Substantivo==
'''kabalista'''
# [[cabalista]]
[[Categoria:Substantivo (Checo)]]
={{-sk-}}=
==Substantivo==
'''kabalista'''
# [[cabalista]]
[[Categoria:Substantivo (Eslovaco)]]
={{-hu-}}=
==Substantivo==
'''kabalista'''
# [[cabalista]]
[[Categoria:Substantivo (Húngaro)]]
={{-pl-}}=
==Substantivo==
'''kabalista'''
# [[cabalista]]
[[Categoria:Substantivo (Polonês)]]</text>
<sha1>3aonhz2pn547j8sne1vobniv2uv8ntu</sha1>
</revision>
