<page>
<title>kabai</title>
<ns>0</ns>
<id>34088</id>
<revision>
<id>2365674</id>
<parentid>1776060</parentid>
<timestamp>2017-05-03T16:41:57Z</timestamp>
<contributor>
<username>HydrizBot</username>
<id>29590</id>
</contributor>
<minor />
<comment>Robô: A limpar links interwikis antigos</comment>
<model>wikitext</model>
<format>text/x-wiki</format>
<text bytes="129" xml:space="preserve">={{-pap-}}=
==Substantivo==
'''kabai'''
# [[cavalo]]
[[Categoria:Substantivo (Papiamento)]]
[[Categoria:Mamífero (Papiamento)]]</text>
<sha1>2wmfla632bv474jdx4ba7mhplgqwysp</sha1>
</revision>
</page>
