<page>
<page>
<title>kabeer</title>
<ns>0</ns>
<id>61737</id>
<revision>
<id>1306166</id>
<parentid>1084171</parentid>
<timestamp>2011-11-28T23:36:07Z</timestamp>
<contributor>
<username>MalafayaBot</username>
<id>628</id>
</contributor>
<minor />
<comment>Robô: Substituição de texto automática (-^\=(\s*?)Tétum(\s*?)\= +={{-tet-}}= &amp; -^\=(\s*?)\{\{tet\}\}(\s*?)\= +={{-tet-}}=)</comment>
<model>wikitext</model>
<format>text/x-wiki</format>
<text bytes="81" xml:space="preserve">={{-tet-}}=
==Adjetivo==
'''kabeer'''
# [[liso]]
[[Categoria:Adjetivo (Tétum)]]</text>
<sha1>55dd42kvt9dq9z9pm5wo71wz87h27n2</sha1>
</revision>
