<page>
<title>kabiyé</title>
<ns>0</ns>
<id>397477</id>
<revision>
<id>2508552</id>
<timestamp>2018-07-01T10:06:31Z</timestamp>
<contributor>
<username>ValJor</username>
<id>1358</id>
</contributor>
<comment>Criação do verbete a partir da [[Especial:Páginas_pedidas|lista de palavras pedidas]]</comment>
<model>wikitext</model>
<format>text/x-wiki</format>
<text bytes="621" xml:space="preserve">={{-pt-}}=
==Substantivo==
{{oxítona|ka|bi|yé}}, {{gramática|m}}
# [[língua]] grusi falada principalmente no norte do [[Togo]], e também por um número menor de pessoas em Benim e Brasil
==={{-varort-}}===
{{verTambém.Ini}}
* [[kabiye]]
{{verTambém.NovaColuna}}
* [[kabye]]
{{verTambém.NovaColuna}}
* [[kabyé]]
{{verTambém.Fim}}
==Ver também==
===No Wikcionário===
{{verTambém.Ini}}
* [[:Categoria:Kabiyé]]
{{verTambém.NovaColuna}}
* [[:Predefinição:kbp]]
{{verTambém.Fim}}
===Na Wikipédia===
* [[w:Língua kabiyé|kabiyé]]
[[Categoria:Substantivo (Português)]]
[[Categoria:Língua (Português)]]</text>
<sha1>82ttccr5qnqpy0ttmbxyckiyx2x6plh</sha1>
</revision>
</page>
