<page>
<page>
<title>Kaboverdo</title>
<ns>0</ns>
<id>436114</id>
<revision>
<id>2643783</id>
<timestamp>2021-07-27T09:21:43Z</timestamp>
<contributor>
<username>ValJor</username>
<id>1358</id>
</contributor>
<comment>Criação do verbete a partir da [[Especial:Páginas_pedidas|lista de palavras pedidas]]</comment>
<model>wikitext</model>
<format>text/x-wiki</format>
<text bytes="436" xml:space="preserve">{{Wikipédia|lang=eo}}
[[Imagem:Flag of Cape Verde.svg|thumb|right|250px|{{centro|Bandeira de Cabo Verde}}]]
[[Imagem:LocationCapeVerde.svg|thumb|right|250px|{{centro|Localização de Cabo Verde}}]]
={{-eo-}}=
==Substantivo==
'''Kaboverdo''', {{gramática|pr}}
# {{escopo|eo|País}} [[Cabo Verde]]
==Ver também==
===No Wikcionário===
{{África/eo}}
[[Categoria:Substantivo (Esperanto)]]
[[Categoria:Entrada com imagem (Esperanto)]]</text>
<sha1>nqro6786vldgdtn7k961ncznrxsjnb7</sha1>
</revision>
