<page>
<page>
<title>kabocha</title>
<ns>0</ns>
<id>207016</id>
<revision>
<id>2365679</id>
<parentid>2219295</parentid>
<timestamp>2017-05-03T16:42:07Z</timestamp>
<contributor>
<username>HydrizBot</username>
<id>29590</id>
</contributor>
<minor />
<comment>Robô: A limpar links interwikis antigos</comment>
<model>wikitext</model>
<format>text/x-wiki</format>
<text bytes="114" xml:space="preserve">={{-ja-}}=
==Transliteração==
# transliteração de [[かぼちゃ]]
[[Categoria:Transliteração (Japonês)]]</text>
<sha1>58mx5cexguaonfyo0x5l3683cahasjz</sha1>
</revision>
