<page>
<page>
<title>Kaboverde</title>
<ns>0</ns>
<id>146605</id>
<revision>
<id>2272031</id>
<parentid>2028206</parentid>
<timestamp>2017-04-26T19:57:30Z</timestamp>
<contributor>
<username>HydrizBot</username>
<id>29590</id>
</contributor>
<minor />
<comment>Robô: A limpar links interwikis antigos</comment>
<model>wikitext</model>
<format>text/x-wiki</format>
<text bytes="247" xml:space="preserve">={{-lv-}}=
{{Wikipédia|lang=lv}}
==Substantivo==
'''Kaboverde''', {{pr}}
#{{escopo|Geografia}} [[Cabo Verde]]
===Variante===
*[[Kaboverdes Republika]]
==Ver também==
{{África/lv}}
[[Categoria:Substantivo (Letão)]]
[[Categoria:País (Letão)]]</text>
<sha1>rfw49tbtp4bwbcycyg2a72q6yygvqfs</sha1>
</revision>
