<page>
<page>
<title>kabritu</title>
<ns>0</ns>
<id>34085</id>
<revision>
<id>2365683</id>
<parentid>1776075</parentid>
<timestamp>2017-05-03T16:42:21Z</timestamp>
<contributor>
<username>HydrizBot</username>
<id>29590</id>
</contributor>
<minor />
<comment>Robô: A limpar links interwikis antigos</comment>
<model>wikitext</model>
<format>text/x-wiki</format>
<text bytes="183" xml:space="preserve">={{-pap-}}=
==Substantivo==
'''kabritu'''
# [[cabra]], [[cabrito]]
===Grafia alternativa===
* [[kabrito]]
[[Categoria:Substantivo (Papiamento)]]
[[Categoria:Mamífero (Papiamento)]]</text>
<sha1>86bfq7jv7sdeinxkx2t02hc42qf4dk7</sha1>
</revision>
