<page>
<title>kabrito</title>
<ns>0</ns>
<id>34086</id>
<revision>
<id>2365682</id>
<parentid>1776076</parentid>
<timestamp>2017-05-03T16:42:18Z</timestamp>
<contributor>
<username>HydrizBot</username>
<id>29590</id>
</contributor>
<minor />
<comment>Robô: A limpar links interwikis antigos</comment>
<model>wikitext</model>
<format>text/x-wiki</format>
<text bytes="183" xml:space="preserve">={{-pap-}}=
==Substantivo==
'''kabrito'''
# [[cabra]], [[cabrito]]
===Grafia alternativa===
* [[kabritu]]
[[Categoria:Substantivo (Papiamento)]]
[[Categoria:Mamífero (Papiamento)]]</text>
<sha1>0pinxdb1uu0g8cxghmhlsbn5b8qz30p</sha1>
</revision>
</page>
