<page>
<page>
<title>kabuar</title>
<ns>0</ns>
<id>61740</id>
<revision>
<id>1306167</id>
<parentid>1084167</parentid>
<timestamp>2011-11-28T23:36:08Z</timestamp>
<contributor>
<username>MalafayaBot</username>
<id>628</id>
</contributor>
<minor />
<comment>Robô: Substituição de texto automática (-^\=(\s*?)Tétum(\s*?)\= +={{-tet-}}= &amp; -^\=(\s*?)\{\{tet\}\}(\s*?)\= +={{-tet-}}=)</comment>
<model>wikitext</model>
<format>text/x-wiki</format>
<text bytes="84" xml:space="preserve">={{-tet-}}=
==Adjetivo==
'''kabuar'''
# [[redondo]]
[[Categoria:Adjetivo (Tétum)]]</text>
<sha1>6dycgk7qx3z4bp0sm31iloxcmlqq4cu</sha1>
</revision>
