<page>
<title>kabun</title>
<ns>0</ns>
<id>61742</id>
<revision>
<id>2365686</id>
<parentid>1306300</parentid>
<timestamp>2017-05-03T16:42:34Z</timestamp>
<contributor>
<username>HydrizBot</username>
<id>29590</id>
</contributor>
<minor />
<comment>Robô: A limpar links interwikis antigos</comment>
<model>wikitext</model>
<format>text/x-wiki</format>
<text bytes="121" xml:space="preserve">={{-tet-}}=
==Substantivo==
'''kabun'''
# [[barriga]]
[[Categoria:Substantivo (Tétum)]]
[[Categoria:Anatomia (Tétum)]]</text>
<sha1>pijlt2nsn5ujwbk8lwrl51kc1gccrw3</sha1>
</revision>
</page>
