<page>
<title>kachna</title>
<ns>0</ns>
<id>228270</id>
<revision>
<id>2467007</id>
<parentid>2466406</parentid>
<timestamp>2017-12-05T06:16:10Z</timestamp>
<contributor>
<username>Spanier</username>
<id>43713</id>
</contributor>
<comment>suplementos</comment>
<model>wikitext</model>
<format>text/x-wiki</format>
<text bytes="375" xml:space="preserve">={{-cs-}}=
==Substantivo==
{{paroxítona|kach|na|lang=cs}}, {{gramática|f|lang=cs}}
# {{escopo|cs|ave}} [[pato]]
# {{escopo|cs|automobilismo|coloquialismo}} Citroën 2CV
# {{escopo|cs|comunicação}} [[boato]], [[atoarda]]
=== Declinação ===
{{decl.cs.subst.fem.1|kachn|gp=kachen}}
=={{pronúncia|cs}}==
* [[AFI]]: {{AFI|/ˈkaxna/|cs}}
[[Categoria:Substantivo (Checo)]]</text>
<sha1>rxmweufic9f0tg3xvd1fz6vpgrklsi3</sha1>
</revision>
</page>
