<page>
<title>kachun</title>
<ns>0</ns>
<id>233702</id>
<revision>
<id>2554922</id>
<parentid>2365690</parentid>
<timestamp>2019-09-26T09:02:13Z</timestamp>
<contributor>
<username>ValJor</username>
<id>1358</id>
</contributor>
<comment>Confirmando [[:Categoria:!Entrada criada por robô|verbete criado por robô]]</comment>
<model>wikitext</model>
<format>text/x-wiki</format>
<text bytes="197" xml:space="preserve">{{Wikipédia|lang=qu}}
={{-qu-}}=
==Substantivo==
'''kachun'''
# [[pepino]] (planta)
[[Categoria:Substantivo (Quéchua)]]
[[Categoria:Alimentação (Quéchua)]]
[[Categoria:Botânica (Quéchua)]]</text>
<sha1>q8z6hwd6zehbrmk4joqitsq9zqk1u7n</sha1>
</revision>
</page>
