<page>
<title>kaczka</title>
<ns>0</ns>
<id>228316</id>
<revision>
<id>2542354</id>
<parentid>2542353</parentid>
<timestamp>2019-04-21T14:48:42Z</timestamp>
<contributor>
<username>Amigo7</username>
<id>58547</id>
</contributor>
<minor />
<comment>/* Declinação */</comment>
<model>wikitext</model>
<format>text/x-wiki</format>
<text bytes="390" xml:space="preserve">={{-pl-}}=
==Substantivo==
{{paroxítona|kacz|ka|lang=pl}}, {{gramática|f}}
# {{escopo|pl|Ave}} [[pato]]
===Declinação===
{{decl.pl.subst
|ns=kaczka|np=kaczki
|gs=kaczki|gp=kaczek
|ds=kaczce|dp=kaczkom
|as=kaczkę|ap=kaczki
|is=kaczką|ip=kaczkami
|ls=kaczce|lp=kaczkach
|vs=kaczko|vp=kaczki}}
=={{pronúncia|pl}}==
* [[AFI]]: {{AFI|/ˈkaʧ̑ka/}}
[[Categoria:Substantivo (Polonês)]]</text>
<sha1>d39wijj0dv6xz9mkhcjwy7lp2mkc0e8</sha1>
</revision>
</page>
