<page>
<title>Kada</title>
<ns>0</ns>
<id>224983</id>
<revision>
<id>2272034</id>
<parentid>2014594</parentid>
<timestamp>2017-04-26T19:57:36Z</timestamp>
<contributor>
<username>HydrizBot</username>
<id>29590</id>
</contributor>
<minor />
<comment>Robô: A limpar links interwikis antigos</comment>
<model>wikitext</model>
<format>text/x-wiki</format>
<text bytes="421" xml:space="preserve">={{-haw-}}=
==Substantivo==
'''Kada''', {{pr}}
#{{escopo|Geografia}} [[Chade]]
==Referências==
{{verTambém.Ini}}
* [http://books.google.pt/books?id=Ivml_Nx4ZK0C&amp;lpg=PA245&amp;ots=YOe6isjMHi&amp;dq=Laeuliuli&amp;hl=en&amp;pg=PA299#v=snippet&amp;q=Kada&amp;f=false ''Kada'' em &quot;Māmaka kaiao: a modern Hawaiian vocabulary&quot;]
{{verTambém.Fim}}
==Ver também==
{{África/haw}}
[[Categoria:Substantivo (Havaiano)]]
[[Categoria:País (Havaiano)]]</text>
<sha1>1yd96r49es409ejte5pilqwpg5wprgv</sha1>
</revision>
</page>
