<page>
<title>Kadaketan</title>
<ns>0</ns>
<id>399764</id>
<revision>
<id>2517567</id>
<timestamp>2018-09-05T19:30:52Z</timestamp>
<contributor>
<username>ValJor</username>
<id>1358</id>
</contributor>
<comment>Criação do verbete a partir da [[Especial:Páginas_pedidas|lista de palavras pedidas]]</comment>
<model>wikitext</model>
<format>text/x-wiki</format>
<text bytes="474" xml:space="preserve">{{Wikipédia|lang=na}}
[[Imagem:Flag of Kazakhstan.svg|thumb|250px|&lt;center&gt;Bandeira do Cazaquistão&lt;/center&gt;]]
[[Imagem:LocationKazakhstan.png|thumb|250px|&lt;center&gt;Localização do Cazaquistão&lt;/center&gt;]]
={{-na-}}=
==Substantivo==
'''Kadaketan''', {{gramática|pr}}
# {{escopo|na|Geografia}} [[Cazaquistão]]
==Ver também==
===No Wikcionário===
{{Ásia/na}}
[[Categoria:Substantivo (Nauruano)]]
[[Categoria:País (Nauruano)]]
[[Categoria:Entrada com imagem (Nauruano)]]</text>
<sha1>1x21qth3purr95weu1slj8uqtvj4ilc</sha1>
</revision>
</page>
