<page>
<page>
<title>kadeli</title>
<ns>0</ns>
<id>61746</id>
<revision>
<id>1306575</id>
<parentid>1084159</parentid>
<timestamp>2011-11-28T23:47:11Z</timestamp>
<contributor>
<username>MalafayaBot</username>
<id>628</id>
</contributor>
<minor />
<comment>Robô: Substituição de texto automática (-^\=(\s*?)Tétum(\s*?)\= +={{-tet-}}= &amp; -^\=(\s*?)\{\{tet\}\}(\s*?)\= +={{-tet-}}=)</comment>
<model>wikitext</model>
<format>text/x-wiki</format>
<text bytes="87" xml:space="preserve">={{-tet-}}=
==Substantivo==
'''kadeli'''
# [[anel]]
[[Categoria:Substantivo (Tétum)]]</text>
<sha1>gpmena8b6l8ijvnzthfmie9hfzkh90p</sha1>
</revision>
