<page>
<page>
<title>kadeia</title>
<ns>0</ns>
<id>15541</id>
<revision>
<id>2365695</id>
<parentid>1978402</parentid>
<timestamp>2017-05-03T16:43:02Z</timestamp>
<contributor>
<username>HydrizBot</username>
<id>29590</id>
</contributor>
<minor />
<comment>Robô: A limpar links interwikis antigos</comment>
<model>wikitext</model>
<format>text/x-wiki</format>
<text bytes="125" xml:space="preserve">={{-tet-}}=
==Substantivo==
'''kadeia'''
# [[prisão]]
===Sinônimo===
* [[dadur-fatin]]
[[Categoria:Substantivo (Tétum)]]</text>
<sha1>0dekcdmziwye7caajz9t41lepiyvrmr</sha1>
</revision>
