<page>
<title>kadiuk</title>
<ns>0</ns>
<id>61748</id>
<revision>
<id>1306576</id>
<parentid>1084157</parentid>
<timestamp>2011-11-28T23:47:12Z</timestamp>
<contributor>
<username>MalafayaBot</username>
<id>628</id>
</contributor>
<minor />
<comment>Robô: Substituição de texto automática (-^\=(\s*?)Tétum(\s*?)\= +={{-tet-}}= &amp; -^\=(\s*?)\{\{tet\}\}(\s*?)\= +={{-tet-}}=)</comment>
<model>wikitext</model>
<format>text/x-wiki</format>
<text bytes="93" xml:space="preserve">={{-tet-}}=
==Substantivo==
'''kadiuk'''
# [[caranguejo]]
[[Categoria:Substantivo (Tétum)]]</text>
<sha1>ed842p20uciphqkdmq6lod2szdgaejd</sha1>
</revision>
</page>
