<page>
<page>
<title>kadmyo</title>
<ns>0</ns>
<id>392081</id>
<revision>
<id>2481910</id>
<timestamp>2018-02-01T11:14:36Z</timestamp>
<contributor>
<username>ValJor</username>
<id>1358</id>
</contributor>
<comment>Criação do verbete a partir da [[Especial:Páginas_pedidas|lista de palavras pedidas]]</comment>
<model>wikitext</model>
<format>text/x-wiki</format>
<text bytes="316" xml:space="preserve">{{Wikipédia|lang=ceb}}
={{-ceb-}}=
==Substantivo==
{{elementos|Cd|pilak|Ag|indium|In}}
'''kadmyo'''
# {{escopo|ceb|Química}} [[cádmio]]
==={{-varort-}}===
* [[cadmyo]]
==Ver também==
===No Wikcionário===
{{tabela periódica/ceb}}
[[Categoria:Substantivo (Cebuano)]]
[[Categoria:Elemento químico (Cebuano)]]</text>
<sha1>8aewrdsfy6a730dsj08a3zcpf4lg8zl</sha1>
</revision>
