<page>
<title>kadmjóm</title>
<ns>0</ns>
<id>234513</id>
<revision>
<id>2365704</id>
<parentid>2211085</parentid>
<timestamp>2017-05-03T16:43:36Z</timestamp>
<contributor>
<username>HydrizBot</username>
<id>29590</id>
</contributor>
<minor />
<comment>Robô: A limpar links interwikis antigos</comment>
<model>wikitext</model>
<format>text/x-wiki</format>
<text bytes="268" xml:space="preserve">={{-li-}}=
==Substantivo==
{{elementos|Cd|zèlver|Ag|indjóm|In}}
'''kadmjóm'''
# {{escopo|li|Elemento químico}} [[cádmio]]
==Ver também==
===No Wikcionário===
{{tabela periódica/li}}
[[Categoria:Substantivo (Limburguês)]]
[[Categoria:Ciência (Limburguês)]]</text>
<sha1>ainlw67dp39let1q7l5aijrx3kfrmir</sha1>
</revision>
</page>
