<page>
<page>
<title>kadmiom</title>
<ns>0</ns>
<id>384091</id>
<revision>
<id>2452264</id>
<timestamp>2017-09-26T12:57:50Z</timestamp>
<contributor>
<username>ValJor</username>
<id>1358</id>
</contributor>
<comment>Criação do verbete a partir da [[Especial:Páginas_pedidas|lista de palavras pedidas]]</comment>
<model>wikitext</model>
<format>text/x-wiki</format>
<text bytes="283" xml:space="preserve">{{Wikipédia|lang=br}}
={{-br-}}=
==Substantivo==
{{elementos|Cd|arc'hant|Ag|indiom|In}}
'''kadmiom'''
# {{escopo|br|Química}} [[cádmio]]
==Ver também==
===No Wikcionário===
{{tabela periódica/br}}
[[Categoria:Substantivo (Bretão)]]
[[Categoria:Elemento químico (Bretão)]]</text>
<sha1>pkcl4lw1d0stlnu37p7ai1j30xe869k</sha1>
</revision>
