<page>
<page>
<title>kadmiyu</title>
<ns>0</ns>
<id>406930</id>
<revision>
<id>2536541</id>
<timestamp>2019-02-16T21:08:03Z</timestamp>
<contributor>
<username>Amigo7</username>
<id>58547</id>
</contributor>
<comment>Criação do verbete a partir da [[Especial:Páginas_pedidas|lista de palavras pedidas]]</comment>
<model>wikitext</model>
<format>text/x-wiki</format>
<text bytes="248" xml:space="preserve">{{Wikipédia|lang=qu}}
={{-qu-}}=
==Substantivo==
{{elementos|Cd|qullqi|Ag|indyu|In}}
'''kadmiyu'''
# {{escopo|qu|Elemento químico}} [[cádmio]]
==Ver também==
===No Wikcionário===
{{tabela periódica/qu}}
[[Categoria:Substantivo (Quéchua)]]</text>
<sha1>00612pdhtybm7etgta0aahkigeul7bw</sha1>
</revision>
