<page>
<page>
<title>kadmij</title>
<ns>0</ns>
<id>261887</id>
<revision>
<id>2365699</id>
<parentid>1857807</parentid>
<timestamp>2017-05-03T16:43:15Z</timestamp>
<contributor>
<username>HydrizBot</username>
<id>29590</id>
</contributor>
<minor />
<comment>Robô: A limpar links interwikis antigos</comment>
<model>wikitext</model>
<format>text/x-wiki</format>
<text bytes="521" xml:space="preserve">{{Wikipédia|lang=hr}}
{{Wikipédia|lang=sl}}
={{-hr-}}=
{{elementos|Cd|srebro|Ag|indij|In}}
==Substantivo==
'''kadmij''', {{m}}
# [[cádmio]]
==Ver também==
===No Wikcionário===
{{tabela periódica/hr}}
[[Categoria:Substantivo (Croata)]]
[[Categoria:Elemento químico (Croata)]]
={{-sl-}}=
{{elementos|Cd|srebro|Ag|indij|In}}
==Substantivo==
'''kadmij'''
# [[cádmio]]
==Ver também==
===No Wikcionário===
{{tabela periódica/sl}}
[[Categoria:Substantivo (Esloveno)]]
[[Categoria:Elemento químico (Esloveno)]]</text>
<sha1>da4hdr71xabugi21bbkluosoto0gbw3</sha1>
</revision>
