<page>
<page>
<title>kadmiy</title>
<ns>0</ns>
<id>384657</id>
<revision>
<id>2454419</id>
<timestamp>2017-10-11T12:56:09Z</timestamp>
<contributor>
<username>ValJor</username>
<id>1358</id>
</contributor>
<comment>Criação do verbete a partir da [[Especial:Páginas_pedidas|lista de palavras pedidas]]</comment>
<model>wikitext</model>
<format>text/x-wiki</format>
<text bytes="279" xml:space="preserve">{{Wikipédia|lang=uz}}
={{-uz-}}=
==Substantivo==
{{elementos|Cd|kumush|Ag|indiy|In}}
'''kadmiy'''
# {{escopo|uz|Química}} [[cádmio]]
==Ver também==
===No Wikcionário===
{{tabela periódica/uz}}
[[Categoria:Substantivo (Uzbeque)]]
[[Categoria:Elemento químico (Uzbeque)]]</text>
<sha1>8vavbgptxp81i7sum146v43qqvh11km</sha1>
</revision>
