<page>
<title>kadmio</title>
<ns>0</ns>
<id>259727</id>
<revision>
<id>2365701</id>
<parentid>2226427</parentid>
<timestamp>2017-05-03T16:43:24Z</timestamp>
<contributor>
<username>HydrizBot</username>
<id>29590</id>
</contributor>
<minor />
<comment>Robô: A limpar links interwikis antigos</comment>
<model>wikitext</model>
<format>text/x-wiki</format>
<text bytes="1871" xml:space="preserve">{{Wikipédia|lang=eu}}
{{Wikipédia|lang=eo}}
{{Wikipédia|lang=io}}
[[Imagem:Cd,48.jpg|thumb|160px|right|&lt;center&gt;kadmio&lt;/center&gt;]]
[[Imagem:Cadmium-crystal bar.jpg|thumb|150px|right|&lt;center&gt;kadmio&lt;/center&gt;]]
={{-eu-}}=
==Substantivo==
{{elementos|Cd|zilar|Ag|indio|In}}
'''kadmio'''
# {{escopo|eu|Elemento químico}} [[cádmio]]
==Ver também==
===No Wikcionário===
{{verTambém.Ini}}
* [[Apêndice:Tabela periódica|Tabela periódica]]
{{verTambém.Fim}}
{{tabela periódica/eu}}
={{-eo-}}=
==Substantivo==
{{elementos|Cd|arĝento|Ag|indio|In}}
'''kad.{{grifar|mi}}.o'''
# {{escopo|eo|Elemento químico}} [[cádmio]]
===Declinação===
{{decl.eo.subst.sing}}
=={{etimologia|eo}}==
{{llietimo|de|Kadmium|eo}}
{{etimo.eo|kadmi|-o}}
=={{pronúncia}}==
* [[AFI]]: {{AFI|/kad.ˈmi.ɔ/}}
==Ver também==
===No Wikcionário===
{{verTambém.Ini}}
* [[Apêndice:Tabela periódica|Tabela periódica]]
{{verTambém.Fim}}
{{tabela periódica/eo}}
={{-io-}}=
==Substantivo==
{{elementos|Cd|arjento|Ag|indio|In}}
'''kad.{{grifar|mi}}.o'''
# {{escopo|io|Elemento químico}} [[cádmio]]
===Declinação===
{{decl.io.subst.sing|kadmio}}
=={{etimologia|io}}==
{{llietimo|eo|kadmio|io}}
{{etimo.io|kadmi|-o}}
=={{pronúncia}}==
* [[AFI]]: {{AFI|/kad.ˈmi.ɔ/}}
==Ver também==
===No Wikcionário===
{{verTambém.Ini}}
* [[Apêndice:Tabela periódica|Tabela periódica]]
{{verTambém.Fim}}
{{tabela periódica/io}}
[[Categoria:Substantivo (Basco)]]
[[Categoria:Entrada com imagem (Basco)]]
[[Categoria:Substantivo (Esperanto)]]
[[Categoria:Trissílabo (Esperanto)]]
[[Categoria:Paroxítona (Esperanto)]]
[[Categoria:Entrada com pronúncia (Esperanto)]]
[[Categoria:Entrada com imagem (Esperanto)]]
[[Categoria:Substantivo (Ido)]]
[[Categoria:Trissílabo (Ido)]]
[[Categoria:Paroxítona (Ido)]]
[[Categoria:Entrada com pronúncia (Ido)]]
[[Categoria:Entrada com imagem (Ido)]]</text>
<sha1>57jt2c87mrmxd662e0wb32v0fho1lml</sha1>
</revision>
</page>
