<page>
<title>kadmium</title>
<ns>0</ns>
<id>142851</id>
<revision>
<id>2545545</id>
<parentid>2365702</parentid>
<timestamp>2019-06-01T10:49:43Z</timestamp>
<contributor>
<username>Amigo7</username>
<id>58547</id>
</contributor>
<comment>+seção {{-az-}}, retirando seção{-la-} (kadmium --&gt; cadmium, k não existe em latim))</comment>
<model>wikitext</model>
<format>text/x-wiki</format>
<text bytes="1508" xml:space="preserve">{{Wikipédia|lang=az}}
{{Wikipédia|lang=cs}}
{{Wikipédia|lang=fi}}
{{Wikipédia|lang=hu}}
{{Wikipédia|lang=id}}
{{Wikipédia|lang=sv}}
={{-az-}}=
==Substantivo==
{{elementos|Cd|gümüş|Ag|indium|In}}
'''kadmium'''
# {{escopo|az|Elemento químico}} [[cádmio]]
==Ver também==
===No Wikcionário===
{{tabela periódica/az}}
[[Categoria:Substantivo (Azerbaijano)]]
={{-cs-}}=
==Substantivo==
{{elementos|Cd|stříbro|Ag|indium|In}}
'''kadmium'''
# {{escopo|cs|Elemento químico}} [[cádmio]]
==Ver também==
===No Wikcionário===
{{tabela periódica/cs}}
[[Categoria:Substantivo (Checo)]]
={{-fi-}}=
==Substantivo==
{{elementos|Cd|hopea|Ag|indium|In}}
'''kadmium'''
# {{escopo|fi|Elemento químico}} [[cádmio]]
==Ver também==
===No Wikcionário===
{{tabela periódica/fi}}
[[Categoria:Substantivo (Finlandês)]]
={{-hu-}}=
==Substantivo==
{{elementos|Cd|ezüst|Ag|indium|In}}
'''kadmium'''
# {{escopo|hu|Elemento químico}} [[cádmio]]
==Ver também==
===No Wikcionário===
{{tabela periódica/hu}}
[[Categoria:Substantivo (Húngaro)]]
={{-id-}}=
==Substantivo==
{{elementos|Cd|perak|Ag|indium|In}}
'''kadmium'''
# {{escopo|id|Elemento químico}} [[cádmio]]
==Ver também==
===No Wikcionário===
{{tabela periódica/id}}
[[Categoria:Substantivo (Indonésio)]]
={{-sv-}}=
==Substantivo==
{{elementos|Cd|silver|Ag|indium|In}}
'''kadmium'''
# {{escopo|sv|Elemento químico}} [[cádmio]]
==Ver também==
===No Wikcionário===
{{tabela periódica/sv}}
[[Categoria:Substantivo (Sueco)]]</text>
<sha1>ticjmz5juvmzczwbj8jq3xrdlhstzba</sha1>
</revision>
</page>
