<page>
<page>
<title>kadmis</title>
<ns>0</ns>
<id>405440</id>
<revision>
<id>2532879</id>
<timestamp>2019-01-13T17:09:01Z</timestamp>
<contributor>
<username>Amigo7</username>
<id>58547</id>
</contributor>
<comment>Criação do verbete a partir da [[Especial:Páginas_pedidas|lista de palavras pedidas]]</comment>
<model>wikitext</model>
<format>text/x-wiki</format>
<text bytes="248" xml:space="preserve">{{Wikipédia|lang=lt}}
={{-lt-}}=
==Substantivo==
{{elementos|Cd|sidabras|Ag|indis|In}}
'''kadmis'''
# {{escopo|lt|Elemento químico}} [[cádmio]]
==Ver também==
===No Wikcionário===
{{tabela periódica/lt}}
[[Categoria:Substantivo (Lituano)]]</text>
<sha1>lebporile049p19d93t2xlpprkuvxk6</sha1>
</revision>
