<page>
<title>kaempferol</title>
<ns>0</ns>
<id>43913</id>
<revision>
<id>2427061</id>
<parentid>2365709</parentid>
<timestamp>2017-07-12T16:03:18Z</timestamp>
<contributor>
<ip>177.106.60.24</ip>
</contributor>
<comment>/* Tradução */</comment>
<model>wikitext</model>
<format>text/x-wiki</format>
<text bytes="720" xml:space="preserve">={{-pt-}}=
==Substantivo==
{{oxítona|ka|emp|fe|rol}}, {{gramática|m}}
# {{escopo|pt|Química}} [[flavonoide]] natural, presente no [[chá]], [[brócolis]], [[uva]]s e outras plantas, apresenta-se como um [[sólido]] [[amarelo]] [[cristalino]] com [[ponto de fusão]] a  276-278 °C. Pouco [[solúvel]] em [[água]], mas solúvel em [[etanol]] aquecido
==Tradução==
{{tradini|De 1}}
* {{trad|de|Kaempferol}}
* {{trad|fr|kaempférol}}
{{tradmeio}}
* {{trad|en|kaempferol}}
* {{trad|pl|kemferol}}
{{tradfim}}
[[Categoria:Substantivo (Português)]]
[[Categoria:Química (Português)]]
={{-en-}}=
==Substantivo==
'''kaempferol'''
# {{escopo|en|Química}} [[#Português|kaempferol]]
[[Categoria:Substantivo (Inglês)]]</text>
<sha1>01q1ux39jzz0afc0mglhflmcjkdajn5</sha1>
</revision>
</page>
