<page>
<page>
<title>kaempférol</title>
<ns>0</ns>
<id>223994</id>
<revision>
<id>1219237</id>
<parentid>836369</parentid>
<timestamp>2011-07-10T23:18:39Z</timestamp>
<contributor>
<username>MalafayaBot</username>
<id>628</id>
</contributor>
<minor />
<comment>Robô: Substituição de texto automática (-^\=\s?Francês\s?\= +={{-fr-}}= &amp; -^\=\s?\[\[Francês\]\]\s?\= +={{-fr-}}= &amp; -^\=\s?\{\{fr\}\}\s?\= +={{-fr-}}=)</comment>
<model>wikitext</model>
<format>text/x-wiki</format>
<text bytes="141" xml:space="preserve">={{-fr-}}=
==Substantivo==
'''kaempférol''', {{m}}
# [[kaempferol]].
[[Categoria:Substantivo (Francês)]]
[[Categoria:Química (Francês)]]</text>
<sha1>6eera4w1x4crq9nyzsd5lwgpo4b9k7n</sha1>
</revision>
