<page>
<page>
<title>kafari</title>
<ns>0</ns>
<id>84810</id>
<revision>
<id>2365713</id>
<parentid>2204578</parentid>
<timestamp>2017-05-03T16:44:03Z</timestamp>
<contributor>
<username>HydrizBot</username>
<id>29590</id>
</contributor>
<minor />
<comment>Robô: A limpar links interwikis antigos</comment>
<model>wikitext</model>
<format>text/x-wiki</format>
<text bytes="378" xml:space="preserve">={{-is-}}=
==Substantivo==
'''kafari''', ''masculino, fraco, grupo 1 (mutação vocálica labial)''
# [[mergulhador]]
===Declinação===
{{decl.is.subst.fraca.masc.1.a-a~ö-u|k|f|r}}
===Verbetes derivados===
* [[kafarabúningur]]
=={{etimologia|is}}==
: De ''[[kafa#{{is}}|kafa]]'' (''&quot;mergulhar&quot;'') + ''[[-ari#{{is}}|-ari]]'' (''&quot;-dor&quot;'').
[[Categoria:Substantivo (Islandês)]]</text>
<sha1>lklnsrwameezr6syrbsff6t1whdqqx8</sha1>
</revision>
