<page>
<page>
<title>kafanhotu</title>
<ns>0</ns>
<id>118720</id>
<revision>
<id>2096190</id>
<parentid>1579993</parentid>
<timestamp>2016-05-03T16:14:50Z</timestamp>
<contributor>
<username>Defender</username>
<id>15952</id>
</contributor>
<comment>Verbete [[:Categoria:!Página com idioma não informado em Predefinição:etimologia|sem indicação do idioma na seção de etimologia]]</comment>
<model>wikitext</model>
<format>text/x-wiki</format>
<text bytes="193" xml:space="preserve">={{-kea-}}=
==Substantivo==
'''kafanhotu'''
# [[gafanhoto]]
=={{etimologia|kea}}==
{{llietimo|pt|gafanhoto|kea}}
[[Categoria:Substantivo (Cabo-verdiano)]]
[[Categoria:Inseto (Cabo-verdiano)]]</text>
<sha1>avti6o3xs6tgzxspvhjbp5luxxbypn5</sha1>
</revision>
