<page>
<page>
<title>kafbátur</title>
<ns>0</ns>
<id>93905</id>
<revision>
<id>2365714</id>
<parentid>2128137</parentid>
<timestamp>2017-05-03T16:44:06Z</timestamp>
<contributor>
<username>HydrizBot</username>
<id>29590</id>
</contributor>
<minor />
<comment>Robô: A limpar links interwikis antigos</comment>
<model>wikitext</model>
<format>text/x-wiki</format>
<text bytes="393" xml:space="preserve">={{-is-}}=
== Substantivo ==
'''kafbátur''', ''masculino, forte, grupo 1''
# [[submarino]].
=== Declinação ===
{{decl.is.subst.forte.masc.1|kafbát|ur}}
== Etimologia ==
: De ''[[kafa#{{is}}|kafa]]'' (''&quot;mergulhar&quot;'') + ''[[bátur#{{is}}|bátur]]'' (''&quot;barco&quot;'').
[[Categoria:Substantivo (Islandês)]]
[[Categoria:Transporte (Islandês)]]
[[Categoria:Entrada com etimologia (Islandês)]]</text>
<sha1>6hnz5mf2camz8t3pdsb3kxg95flaz6o</sha1>
</revision>
