<page>
<title>kafeidrocianita</title>
<ns>0</ns>
<id>43915</id>
<revision>
<id>1207889</id>
<parentid>288175</parentid>
<timestamp>2011-07-10T03:49:10Z</timestamp>
<contributor>
<username>MalafayaBot</username>
<id>628</id>
</contributor>
<minor />
<comment>Robô: Substituição de texto automática (-^\=\s?Português\s?\= +={{-pt-}}= &amp; -^\=\s?\{\{pt\}\}\s?\= +={{-pt-}}=)</comment>
<model>wikitext</model>
<format>text/x-wiki</format>
<text bytes="425" xml:space="preserve">={{-pt-}}=
==Substantivo==
'''ka.fei.dro.ci.a.&lt;u&gt;ni&lt;/u&gt;.ta''' ''feminino''
# [[mineral]] de [[fórmula]] [[químico|química]] K&lt;sub&gt;4&lt;/sub&gt;Fe&lt;sup&gt;+2&lt;/sup&gt;(CN)&lt;sub&gt;6&lt;/sub&gt;·3(H&lt;sub&gt;2&lt;/sub&gt;O)
===Tradução===
{{tradini}}
{{trad|it|kafeidrocianite}}
{{tradmeio}}
{{tradfim}}
[[Categoria:Substantivo (Português)]]
[[Categoria:Polissílabo (Português)]]
[[Categoria:Paroxítona (Português)]]
[[Categoria:Mineral (Português)]]</text>
<sha1>4j8pmc2wcm67ok2n2d58lz7cbpaw8od</sha1>
</revision>
</page>
