<page>
<title>kafeo</title>
<ns>0</ns>
<id>254000</id>
<revision>
<id>2514700</id>
<parentid>2365716</parentid>
<timestamp>2018-08-05T19:05:15Z</timestamp>
<contributor>
<username>ValJor</username>
<id>1358</id>
</contributor>
<comment>Corrigindo o idioma: eo --&gt; io</comment>
<model>wikitext</model>
<format>text/x-wiki</format>
<text bytes="463" xml:space="preserve">{{Wikipédia|lang=io}}
[[Image:A_small_cup_of_coffee.JPG|thumb|right|250px|&lt;center&gt;kafeo&lt;/center&gt;]]
={{-io-}}=
==Substantivo==
'''ka.{{grifar|fe}}.o'''
# [[café]]
===Declinação===
{{decl.io.subst|kafe}}
=={{etimologia|io}}==
{{llietimo|eo|kafo|io}}
{{etimo.io|kafe|-o}}
=={{pronúncia|io}}==
* [[AFI]]: {{AFI|/ˈka.fɛ.ɔ/}}.
[[Categoria:Substantivo (Ido)]]
[[Categoria:Trissílabo (Ido)]]
[[Categoria:Entrada com imagem (Ido)]]
[[Categoria:Bebida (Ido)]]</text>
<sha1>h0cxkgrqz5v5omvnb1idjqvk453vgb5</sha1>
</revision>
</page>
