<page>
<title>Kaffi</title>
<ns>0</ns>
<id>362955</id>
<revision>
<id>2657387</id>
<parentid>2538569</parentid>
<timestamp>2022-01-08T20:16:12Z</timestamp>
<contributor>
<username>ValJor</username>
<id>1358</id>
</contributor>
<comment>Melhorando a apresentação do verbete</comment>
<model>wikitext</model>
<format>text/x-wiki</format>
<text bytes="905" xml:space="preserve">={{-hrx-}}=
==Substantivo==
'''Kaffi''' (plural: [[Kaffis]])
# [[café]]
#* ''Ich brauche en bissje '''Kaffi''' drinke.'' &lt;small&gt;(Preciso beber um pouco de café)&lt;/small&gt;
===Declinação===
{| class=&quot;wikitable&quot; style=&quot;text-align: center;&quot;
|- style=&quot;background:#efefef;&quot;€
|-----
! Nominativo
! Acusativo
! Dativo
|-----
| [[där]] [[Kaffi]] (Enfático)&lt;br&gt; [[de]] [[Kaffi]] (Não-Enfático)
| [[där]] [[Kaffi]] (Enfático)&lt;br&gt;[[de]] [[Kaffi]] (Não-Enfático)
| [[dem]] [[Kaffi]] (Enfático)&lt;br&gt;[[dem]] [[Kaffi]] (Não-Enfático)
|}
=={{pronúncia|hrx}}==
* [[AFI]]: {{AFI|/ˈkʰafi/}}
==Ver também==
===Referências===
{{verTambém.Ini}}
* https://hunsriqueanoriograndense.wordpress.com/dicionario-werterbuch/
* https://hunsriqueanoriograndense.wordpress.com/tabelas-tabelle/
{{verTambém.Fim}}
[[Categoria:Substantivo (Hunsriqueano Riograndense)]]
[[Categoria:Bebida (Hunsriqueano Riograndense)]]</text>
<sha1>qyx4ssny95av3ub9pxsnwgrezqqlatw</sha1>
</revision>
</page>
