<page>
<page>
<title>kaffihús</title>
<ns>0</ns>
<id>73290</id>
<revision>
<id>2365718</id>
<parentid>2226087</parentid>
<timestamp>2017-05-03T16:44:37Z</timestamp>
<contributor>
<username>HydrizBot</username>
<id>29590</id>
</contributor>
<minor />
<comment>Robô: A limpar links interwikis antigos</comment>
<model>wikitext</model>
<format>text/x-wiki</format>
<text bytes="345" xml:space="preserve">={{-is-}}=
== Substantivo ==
'''kaffihús''', ''neutro, forte, grupo 1''
# [[cafeteria]].
=== Declinação ===
{{decl.is.subst.forte.neu.1|kaffihús}}
== Etimologia ==
: De ''[[kaffi#{{is}}|kaffi]]''  (''&quot;café&quot;'') + ''[[hús#{{is}}|hús]]'' (''&quot;casa&quot;'').
[[Categoria:Substantivo (Islandês)]]
[[Categoria:Entrada com etimologia (Islandês)]]</text>
<sha1>99g3yvoh2haa4e1x35zmkjymomkrpcq</sha1>
</revision>
