<page>
<title>Kaffeemaschine</title>
<ns>0</ns>
<id>38410</id>
<revision>
<id>2272036</id>
<parentid>2215897</parentid>
<timestamp>2017-04-26T19:57:45Z</timestamp>
<contributor>
<username>HydrizBot</username>
<id>29590</id>
</contributor>
<minor />
<comment>Robô: A limpar links interwikis antigos</comment>
<model>wikitext</model>
<format>text/x-wiki</format>
<text bytes="210" xml:space="preserve">={{-de-}}=
==Substantivo==
{{decl.de.subst.fraca.fem|ns=Kaffeemaschine|np=Kaffeemaschinen}}
'''Kaf.fee.ma.schi.ne''', ''feminino''
# [[cafeteira]] [[elétrico|elétrica]].
[[Categoria:Substantivo_(Alemão)]]</text>
<sha1>rxwhbu0c6cdks0fb6vmcuf56qrj4adj</sha1>
</revision>
</page>
