<page>
<page>
<title>kafija</title>
<ns>0</ns>
<id>99480</id>
<revision>
<id>2365719</id>
<parentid>1978423</parentid>
<timestamp>2017-05-03T16:44:44Z</timestamp>
<contributor>
<username>HydrizBot</username>
<id>29590</id>
</contributor>
<minor />
<comment>Robô: A limpar links interwikis antigos</comment>
<model>wikitext</model>
<format>text/x-wiki</format>
<text bytes="122" xml:space="preserve">={{-lv-}}=
==Substantivo==
'''ka.fi.ja'''
:# [[café]]
[[Categoria:Substantivo (Letão)]]
[[Categoria:Bebida (Letão)]]</text>
<sha1>87n0u7tg3gezj8wb96g0l79sm1d57s8</sha1>
</revision>
