<page>
<title>kafkaesk</title>
<ns>0</ns>
<id>239301</id>
<revision>
<id>2458916</id>
<parentid>2365720</parentid>
<timestamp>2017-11-03T05:55:48Z</timestamp>
<contributor>
<username>Spanier</username>
<id>43713</id>
</contributor>
<comment>suplementos</comment>
<model>wikitext</model>
<format>text/x-wiki</format>
<text bytes="369" xml:space="preserve">={{-de-}}=
==Adjetivo==
{{oxítona|kaf|ka|esk|lang=de}}
# [[kafkaesco]]
=== Declinação ===
{{decl.de.adj.regular.normal|normal=kafkaesk}}
=={{etimologia|de}}==
# Relativo ao [[escritor]] Franz Kafka (1883-1924) ou à sua [[obra]].
=={{pronúncia|de}}==
* [[AFI]]: {{AFI|/kafkaˈʔɛsk/|de}} {{audio|De-kafkaesk.ogg|ouvir|lang=de}}
[[Categoria:Adjetivo (Alemão)]]</text>
<sha1>q0xr0intv6lt3pq4hxarqfkd34eq5ou</sha1>
</revision>
</page>
