<page>
<title>kafkiano</title>
<ns>0</ns>
<id>43918</id>
<revision>
<id>2365723</id>
<parentid>1981161</parentid>
<timestamp>2017-05-03T16:44:56Z</timestamp>
<contributor>
<username>HydrizBot</username>
<id>29590</id>
</contributor>
<minor />
<comment>Robô: A limpar links interwikis antigos</comment>
<model>wikitext</model>
<format>text/x-wiki</format>
<text bytes="485" xml:space="preserve">{{Wikipédia}}
={{-pt-}}=
==Adjetivo==
{{flex.pt|ms=kafkiano|mp=kafkianos|fs=kafkiana|fp=kafkianas}}
{{paroxítona|kaf|ki|a|no}}
# relativo ao [[escritor]] Franz Kafka (1883-1924) ou à sua obra
===Expressões===
* '''[[processo kafkiano]]''': processo em que o réu não sabe por quê, ou de quê, está sendo acusado.
==Substantivo==
{{paroxítona|kaf|ki|a|no}}
# admirador ou conhecedor da obra de Kafka
[[Categoria:Adjetivo (Português)]]
[[Categoria:Substantivo (Português)]]</text>
<sha1>iiq1bfr129mdivvv6tt59bcz2af3oks</sha1>
</revision>
</page>
