<page>
<title>kafkaesque</title>
<ns>0</ns>
<id>239422</id>
<revision>
<id>2365721</id>
<parentid>1469206</parentid>
<timestamp>2017-05-03T16:44:51Z</timestamp>
<contributor>
<username>HydrizBot</username>
<id>29590</id>
</contributor>
<minor />
<comment>Robô: A limpar links interwikis antigos</comment>
<model>wikitext</model>
<format>text/x-wiki</format>
<text bytes="139" xml:space="preserve">={{-en-}}=
==Adjetivo==
'''kafkaesque'''
# [[kafkaesco]]
{{página-automática|julho|2010|kafkaesco|en}}
[[Categoria:Adjetivo (Inglês)]]</text>
<sha1>49jjiqgtioagjv6kolqzlzhb292sn0j</sha1>
</revision>
</page>
