<page>
<title>kafkaesco</title>
<ns>0</ns>
<id>43916</id>
<revision>
<id>2096194</id>
<parentid>1601256</parentid>
<timestamp>2016-05-03T16:16:34Z</timestamp>
<contributor>
<username>Defender</username>
<id>15952</id>
</contributor>
<comment>Verbete [[:Categoria:!Página com idioma não informado em Predefinição:etimologia|sem indicação do idioma na seção de etimologia]]</comment>
<model>wikitext</model>
<format>text/x-wiki</format>
<text bytes="933" xml:space="preserve">={{-pt-}}=
==Adjetivo==
{{flex.pt|ms=kafkaesco|mp=kafkaescos|fs=kafkaesca|fp=kafkaescas}}
{{paroxítona|kaf|ka|es|co}}
# relativo ao [[escritor]] Franz Kafka (1883-1924) ou à sua [[obra]]
#* ''Cesar Vallejo apresenta em seus poemas o típico anti-herói '''kafkaesco''' do século XX: vitimizado, atormentado por forças que não compreende''
===Tradução===
{{tradini}}
* {{trad|de|kafkaesk}}
* {{trad|es|kafkaesco}}
* {{trad|fr|kafkaïen}}
{{tradmeio}}
* {{trad|en|kafkaesque}}
* {{trad|it|kafkiano}}
* {{trad|tr|kafkaci}}
{{tradfim}}
=={{etimologia|pt}}==
: Do antropônimo ''Kafka'' + [[-esco]].
==Ver também==
===No Wikcionário===
{{verTambém.Ini}}
* [[kafkesco]]
{{verTambém.NovaColuna}}
* [[kafkiano]]
{{verTambém.Fim}}
===Na Wikipédia===
* [[w:Franz Kafka|Franz Kafka]]
[[Categoria:Adjetivo (Português)]]
={{-es-}}=
==Adjetivo==
'''kafkaesco'''
# [[kafkaesco#Português|kafkaesco]]
[[Categoria:Adjetivo (Espanhol)]]</text>
<sha1>rpy9mpdqo5mnfi87dvmn5iosfod0usn</sha1>
</revision>
</page>
