<page>
<page>
<title>kafkaci</title>
<ns>0</ns>
<id>239466</id>
<revision>
<id>2656288</id>
<parentid>910209</parentid>
<timestamp>2021-12-28T20:37:06Z</timestamp>
<contributor>
<username>ValJor</username>
<id>1358</id>
</contributor>
<comment>Confirmando [[:Categoria:!Entrada criada por robô|verbete criado por robô]]</comment>
<model>wikitext</model>
<format>text/x-wiki</format>
<text bytes="118" xml:space="preserve">={{-tr-}}=
==Adjetivo==
'''kafkaci'''
# [[kafkaesco]]
[[Categoria:Adjetivo (Turco)]]
[[Categoria:Literatura (Turco)]]</text>
<sha1>33fncn8v1imtd2xg12qyipsjzxqili7</sha1>
</revision>
