<page>
<title>kafli</title>
<ns>0</ns>
<id>93837</id>
<revision>
<id>2365724</id>
<parentid>1836536</parentid>
<timestamp>2017-05-03T16:44:58Z</timestamp>
<contributor>
<username>HydrizBot</username>
<id>29590</id>
</contributor>
<minor />
<comment>Robô: A limpar links interwikis antigos</comment>
<model>wikitext</model>
<format>text/x-wiki</format>
<text bytes="350" xml:space="preserve">={{-is-}}=
== Substantivo ==
'''kafli''', ''masculino, fraco, grupo 1''
# [[parte]], [[seção]];
# [[capítulo]];
# [[período]].
=== Declinação ===
{{decl.is.subst.fraca.masc.1.a~ö|k|fl}}
== Etimologia ==
: Do Nórdico Antigo, ''[[kafli#{{non}}|kafli]]''.
[[Categoria:Substantivo (Islandês)]]
[[Categoria:Entrada com etimologia (Islandês)]]</text>
<sha1>nzuogt5zyj9c7g50qmlxh9vw1aicq4l</sha1>
</revision>
</page>
