<page>
<title>kafoli</title>
<ns>0</ns>
<id>5131</id>
<revision>
<id>2365726</id>
<parentid>1776089</parentid>
<timestamp>2017-05-03T16:45:08Z</timestamp>
<contributor>
<username>HydrizBot</username>
<id>29590</id>
</contributor>
<minor />
<comment>Robô: A limpar links interwikis antigos</comment>
<model>wikitext</model>
<format>text/x-wiki</format>
<text bytes="139" xml:space="preserve">={{-tet-}}=
==Substantivo==
'''kafoli'''  
# [[tanga]]; [[langotim]] 
[[Categoria:Substantivo (Tétum)]]
[[Categoria:Vestuário (Tétum)]]</text>
<sha1>mine3wc7ique58zki61odjdh0mxd4du</sha1>
</revision>
</page>
