<page>
<page>
<title>kafo</title>
<ns>0</ns>
<id>246519</id>
<revision>
<id>2365725</id>
<parentid>2150330</parentid>
<timestamp>2017-05-03T16:45:06Z</timestamp>
<contributor>
<username>HydrizBot</username>
<id>29590</id>
</contributor>
<minor />
<comment>Robô: A limpar links interwikis antigos</comment>
<model>wikitext</model>
<format>text/x-wiki</format>
<text bytes="532" xml:space="preserve">[[Image:A_small_cup_of_coffee.JPG|thumb|150px|&lt;center&gt;kafo&lt;/center&gt;]]
={{-eo-}}=
==Substantivo==
'''{{grifar|ka}}.fo'''
# [[café]]
===Declinação===
{{decl.eo.subst}}
=={{etimologia|eo}}==
{{llietimo|de|Kaffee|eo}}
{{etimo.eo|kaf|-o}}
=={{pronúncia}}==
* [[AFI]]: {{AFI|/ˈka.fo/}}.
[[Categoria:Substantivo (Esperanto)]]
[[Categoria:Dissílabo (Esperanto)]]
[[Categoria:Entrada com pronúncia (Esperanto)]]
[[Categoria:Entrada com imagem (Esperanto)]]
[[Categoria:Alimentação (Esperanto)]]
[[Categoria:Bebida (Esperanto)]]</text>
<sha1>403g9n7djc4uh58mjn7zspx8vj4l7ua</sha1>
</revision>
