<page>
<title>kafé</title>
<ns>0</ns>
<id>5647</id>
<revision>
<id>2365727</id>
<parentid>2242364</parentid>
<timestamp>2017-05-03T16:45:13Z</timestamp>
<contributor>
<username>HydrizBot</username>
<id>29590</id>
</contributor>
<minor />
<comment>Robô: A limpar links interwikis antigos</comment>
<model>wikitext</model>
<format>text/x-wiki</format>
<text bytes="251" xml:space="preserve">={{-kea-}}=
==Substantivo==
'''kafé'''
# [[café]]
[[Categoria:Substantivo (Cabo-verdiano)]]
[[Categoria:Bebida (Cabo-verdiano)]]
={{-tet-}}=
==Substantivo==
'''kafé'''
# [[café]]
[[Categoria:Substantivo (Tétum)]]
[[Categoria:Bebida (Tétum)]]</text>
<sha1>2cx6x0xz4317y2nvbmrx038dp1o5f9h</sha1>
</revision>
</page>
