<page>
<page>
<title>kaga</title>
<ns>0</ns>
<id>14847</id>
<revision>
<id>2365728</id>
<parentid>2219299</parentid>
<timestamp>2017-05-03T16:45:18Z</timestamp>
<contributor>
<username>HydrizBot</username>
<id>29590</id>
</contributor>
<minor />
<comment>Robô: A limpar links interwikis antigos</comment>
<model>wikitext</model>
<format>text/x-wiki</format>
<text bytes="1032" xml:space="preserve">{{ver também|kaga'}}
={{-kea-}}=
==Verbo==
'''ka.ga'''
# [[cagar]], [[defecar]].
{{categorias|{{kea}}|Verbo|Dissílabo|Fisiologia}}
={{-fo-}}=
==Forma verbal==
'''ka.ga'''
# [[forma#Substantivo|forma]] [[plural]] [[do]] [[presente]] do [[verbo]] '''''[[#Verbo_2|kaga]]''''';
# [[imperativo]] do '''''kaga'''''.
==Verbo==
'''ka.ga'''
# [[olhar]].
===Declinação===
{{conj.fo.30|kag}}
==Ver também==
===Referências===
{{verTambém.Ini}}
* [http://www.obg.fo/fob/fob.php?leitord=kaga&amp;action=1 ''kaga'' no Føroysk orðabók (Orðabókagrunnurin) (em feroês)]
{{verTambém.Fim}}
{{categorias|Feroês|Forma verbal|Verbo|Dissílabo}}
={{-ja-}}=
==Transliteração==
# transliteração de [[かが]]
[[Categoria:Transliteração (Japonês)]]
={{-sux-}}=
==Forma de substantivo==
'''ka.ga'''
# [[forma#Substantivo|forma]] [[genitivo|genitiva]] [[de]] '''''{{link opcional|kag|sux}}''''':
## [[da|da(s)]] [[boca|boca(s)]].
===Sinónimos===
* {{link opcional|kagak|sux}}
{{categorias|{{sux}}|Forma de substantivo|Dissílabo}}</text>
<sha1>9fqppphc5bufvafhtcompruft738hle</sha1>
</revision>
