<page>
<page>
<title>kagayaku</title>
<ns>0</ns>
<id>223052</id>
<revision>
<id>2365730</id>
<parentid>2219301</parentid>
<timestamp>2017-05-03T16:45:24Z</timestamp>
<contributor>
<username>HydrizBot</username>
<id>29590</id>
</contributor>
<minor />
<comment>Robô: A limpar links interwikis antigos</comment>
<model>wikitext</model>
<format>text/x-wiki</format>
<text bytes="114" xml:space="preserve">={{-ja-}}=
==Transliteração==
# transliteração de [[かがやく]]
[[Categoria:Transliteração (Japonês)]]</text>
<sha1>8qa915k3not92dsdc7t40lgd1i0tof0</sha1>
</revision>
