<page>
<page>
<title>kage</title>
<ns>0</ns>
<id>147916</id>
<revision>
<id>2365731</id>
<parentid>2235593</parentid>
<timestamp>2017-05-03T16:45:30Z</timestamp>
<contributor>
<username>HydrizBot</username>
<id>29590</id>
</contributor>
<minor />
<comment>Robô: A limpar links interwikis antigos</comment>
<model>wikitext</model>
<format>text/x-wiki</format>
<text bytes="108" xml:space="preserve">={{-ja-}}=
==Transliteração==
# transliteração de [[かげ]]
[[Categoria:Transliteração (Japonês)]]</text>
<sha1>2knler958tmyn2k2t52762ewgvwprna</sha1>
</revision>
