<page>
<page>
<title>kagla</title>
<ns>0</ns>
<id>208373</id>
<revision>
<id>2365733</id>
<parentid>1703438</parentid>
<timestamp>2017-05-03T16:45:35Z</timestamp>
<contributor>
<username>HydrizBot</username>
<id>29590</id>
</contributor>
<minor />
<comment>Robô: A limpar links interwikis antigos</comment>
<model>wikitext</model>
<format>text/x-wiki</format>
<text bytes="183" xml:space="preserve">={{-vot-}}=
==Substantivo==
'''ka.gla'''
# [[pescoço]]
==Ver também==
* [[ivuz]]
* [[jalka]]
* [[kõrva]]
* [[iho]]
[[Categoria:Substantivo (Voto)]]
[[Categoria:Anatomia (Voto)]]</text>
<sha1>32b4w2e1yq23japnk07ukgqts6qzfuf</sha1>
</revision>
