<page>
<title>kagua</title>
<ns>0</ns>
<id>147105</id>
<revision>
<id>2365734</id>
<parentid>635868</parentid>
<timestamp>2017-05-03T16:45:37Z</timestamp>
<contributor>
<username>HydrizBot</username>
<id>29590</id>
</contributor>
<minor />
<comment>Robô: A limpar links interwikis antigos</comment>
<model>wikitext</model>
<format>text/x-wiki</format>
<text bytes="114" xml:space="preserve">={{-gn-}}=
==Substantivo==
'''kagua'''
#[[uva]]
[[Categoria:Substantivo (Guarani)]]
[[Categoria:Fruta (Guarani)]]</text>
<sha1>4jyts0os8d4hvsw8lyd00hrhvz4qszb</sha1>
</revision>
</page>
