<page>
<page>
<title>kaha</title>
<ns>0</ns>
<id>16591</id>
<revision>
<id>2365735</id>
<parentid>1978435</parentid>
<timestamp>2017-05-03T16:45:41Z</timestamp>
<contributor>
<username>HydrizBot</username>
<id>29590</id>
</contributor>
<minor />
<comment>Robô: A limpar links interwikis antigos</comment>
<model>wikitext</model>
<format>text/x-wiki</format>
<text bytes="2582" xml:space="preserve">={{-fi-}}=
==Substantivo==
'''{{grifar|ka}}.ha'''
# [[espécie]] de [[armadilha]] [[tradicional]] para [[capturar]] [[ave]]s, [[especialmente]] {{link preto|galo-lira}}.
===Declinação===
{{decl.fi.subst.9|kah|}}
===Termos derivados===
{{verTambém.Ini}}
* {{link preto|aurinkokaha}}
{{verTambém.Fim}}
[[Categoria:Substantivo (Finlandês)]]
[[Categoria:Dissílabo (Finlandês)]]
[[Categoria:Paroxítona (Finlandês)]]
={{-mi-}}=
==Partícula==
'''ka.ha'''
# {{o/a|usad}} para [[intensificar]] [[qualidade]] ou [[ação]].
==Substantivo==
'''ka.ha'''
# [[força]], [[poder]];
# [[resistência]];
# [[energia]];
# [[intensidade]];
# [[volume]] (de [[som]]);
# [[corda]] ou [[armadilha]] para [[capturar]] {{o/a|anima|is|l}}.
===Locuções e expressões===
* '''{{link preto|kah ake}}''': [[mais]] [[forte]]
* '''kia kaha!''': [[força]]!, {{o/a|continu|e|ar}}!, [[não]] {{o/a|desist|a|ir}}!
* '''{{link preto|whakapau kaha}}''': [[dar]] o [[seu]] [[máximo]], dar o máximo de [[si]]
==Ver também==
===Referências===
{{verTambém.Ini}}
* [http://www.maoridictionary.co.nz/index.cfm?dictionaryKeywords=kaha ''kaha'' em Maori Dictionary (em inglês)]
{{verTambém.Fim}}
[[Categoria:Partícula (Maori)]]
[[Categoria:Substantivo (Maori)]]
[[Categoria:Dissílabo (Maori)]]
[[Categoria:Entrada com imagem (Maori)]]
={{-pap-}}=
==Substantivo==
[[Ficheiro:Umzugskarton.jpg|thumb|100px|'''Kaha''']]
'''ka.ha'''
# [[caixa]], {{link preto|caixote}}.
===Sinónimos===
* {{link preto|doshi}}
==Etimologia==
:Do [[espanhol]] {{etimo|es|caja}}.
==Ver também==
===No Wikcionário===
{{verTambém.Ini}}
* {{link preto|caha}}
* {{link preto|pochi}}
{{verTambém.Fim}}
===Referências===
{{verTambém.Ini}}
* [http://www.wordgumbo.com/pc/pap/erpapeng.htm Papiamento to English lexicon (em inglês)]
{{verTambém.Fim}}
[[Categoria:Substantivo (Papiamento)]]
[[Categoria:Dissílabo (Papiamento)]]
[[Categoria:Entrada de étimo espanhol (Papiamento)]]
[[Categoria:Entrada com imagem (Papiamento)]]
={{-tet-}}=
==Substantivo==
[[Ficheiro:PicklingCucumbers.jpg|thumb|100px|'''Kaha''']]
'''ka.ha'''
# {{escopo|botânica}} [[pepino]], [[fruto]] do [[pepineiro]] (''[[species:Cucumis sativus|Cucumis sativus]]'').
===Sinónimos===
* {{link preto|pepinu}}
&lt;br /&gt;
==Ver também==
===Referências===
{{verTambém.Ini}}
* [http://purl.pt/915/1/cd1/database/dictionaries/Tetum-Portugues.pdf Glossário tétum-português (TimorAgri)]
{{verTambém.Fim}}
[[Categoria:Substantivo (Tétum)]]
[[Categoria:Dissílabo (Tétum)]]
[[Categoria:Legume (Tétum)]]
[[Categoria:Entrada com imagem (Tétum)]]</text>
<sha1>g6h98ljd4keqibucquvigfl8tkbebgx</sha1>
</revision>
