<page>
<page>
<title>kahdeksantoista</title>
<ns>0</ns>
<id>2520</id>
<revision>
<id>2365739</id>
<parentid>2245693</parentid>
<timestamp>2017-05-03T16:46:05Z</timestamp>
<contributor>
<username>HydrizBot</username>
<id>29590</id>
</contributor>
<minor />
<comment>Robô: A limpar links interwikis antigos</comment>
<model>wikitext</model>
<format>text/x-wiki</format>
<text bytes="1118" xml:space="preserve">={{-fi-}}=
==Numeral==
'''kah.dek.san.tois.ta''' ''[[cardinal]]'' (''[[ordinal]]'' '''''[[kahdeksastoista]]''''')
# [[dezoito]], [[número]] [[representado]] [[em]] [[algarismos arábicos]] [[por]] '''18''' [[e]] em [[algarismos romanos]] por '''[[XVIII]]'''.
===Declinação===
{{decl.fi.subst|
|nos=kahdeksantoista |nop=kahdeksattoista 
|ges=kahdeksantoista |gep=kahdeksientoista 
|pas=kahdeksaatoista |pap=kahdeksiatoista 
|ess=kahdeksanatoista |esp=kahdeksinatoista 
|trs=kahdeksaksitoista |trp=kahdeksiksitoista 
|ins=kahdeksassatoista |inp=kahdeksissatoista 
|els=kahdeksastatoista |elp=kahdeksistatoista 
|ils=kahdeksaantoista |ilp=kahdeksiintoista 
|ads=kahdeksallatoista |adp=kahdeksillatoista 
|abls=kahdeksaltatoista |ablp=kahdeksiltatoista 
|als=kahdeksalletoista |alp=kahdeksilletoista 
|abs=kahdeksattatoista |abp=kahdeksittatoista 
|cop=kahdeksinetoista |insp=kahdeksintoista 
}}
==Ver também==
===No Wikcionário===
{{verTambém.Ini}}
* [[seitsemäntoista]]
* [[yhdeksäntoista]]
{{verTambém.Fim}}
{{números/fi}}
[[Categoria:Numeral cardinal (Finlandês)]]
[[Categoria:Polissílabo (Finlandês)]]</text>
<sha1>42xoqeg53gnqkkau3tajtm2nvxzx78l</sha1>
</revision>
