<page>
<title>kaheksa</title>
<ns>0</ns>
<id>59939</id>
<revision>
<id>2365740</id>
<parentid>2128145</parentid>
<timestamp>2017-05-03T16:46:12Z</timestamp>
<contributor>
<username>HydrizBot</username>
<id>29590</id>
</contributor>
<minor />
<comment>Robô: A limpar links interwikis antigos</comment>
<model>wikitext</model>
<format>text/x-wiki</format>
<text bytes="161" xml:space="preserve">={{-et-}}=
==Numeral==
'''ka.he.ksa'''  ''cardinal''
# [[oito]].
==Outros Verbetes==
* [[seitse]] &lt;&lt; - &gt;&gt; [[üheksa]]
[[Categoria:Numeral (Estoniano)|# 000008]]</text>
<sha1>kehcsy0zxtr1msfa9f0lyhs3q9a9njs</sha1>
</revision>
</page>
