<page>
<page>
<title>kahl</title>
<ns>0</ns>
<id>13937</id>
<revision>
<id>2365742</id>
<parentid>2204584</parentid>
<timestamp>2017-05-03T16:46:23Z</timestamp>
<contributor>
<username>HydrizBot</username>
<id>29590</id>
</contributor>
<minor />
<comment>Robô: A limpar links interwikis antigos</comment>
<model>wikitext</model>
<format>text/x-wiki</format>
<text bytes="268" xml:space="preserve">={{-de-}}=
==Adjetivo==
{{decl.de.adj.grau|
normal=kahl
|comparativo=kahler
|superlativo=am kahlsten
}}
'''kahl'''
# [[calvo]], [[careca]].
# sem [[folhas]], [[desfolhado]].
# [[desolado]], [[deserto]].
# [[vazio]], sem [[mobília]].
[[Categoria:Adjetivo_(Alemão)]]</text>
<sha1>7o9tfxqo3a0a7vzfdoeqttzbdodq6o6</sha1>
</revision>
