<page>
<page>
<title>kaholase</title>
<ns>0</ns>
<id>291672</id>
<revision>
<id>1419632</id>
<timestamp>2012-06-11T08:04:54Z</timestamp>
<contributor>
<username>Castelobranco</username>
<id>8424</id>
</contributor>
<comment>+1</comment>
<model>wikitext</model>
<format>text/x-wiki</format>
<text bytes="151" xml:space="preserve">={{-unk-}}=
==Substantivo==
{{paroxítona|ka|ho|la|se|lang=unk}}
# um dos [[clã]]s dos [[Enawenê-nawê]].
[[Categoria:Substantivo (Enawenê-nawê)]]</text>
<sha1>cjl2t4zt9s6bnb5p5uxsbckzvkps2ws</sha1>
</revision>
