<page>
<page>
<title>kahut</title>
<ns>0</ns>
<id>247847</id>
<revision>
<id>1555199</id>
<parentid>940055</parentid>
<timestamp>2012-12-06T21:46:57Z</timestamp>
<contributor>
<username>VJBot</username>
<id>33673</id>
</contributor>
<minor />
<comment>Robô: Substituição de texto automática  (-{{vertb}} +Ver também)</comment>
<model>wikitext</model>
<format>text/x-wiki</format>
<text bytes="152" xml:space="preserve">={{-mhs-}}=
==Substantivo==
'''kahut'''
# [[vento]].
==Ver também==
* [[gogo]]
* [[filat]]
* [[dekat]]
* [[lokon]]
[[Categoria:Substantivo (Buru)]]</text>
<sha1>8nqgwmiquh1isonecxdlf0pxrgg6ktz</sha1>
</revision>
