<page>
<title>kahukura</title>
<ns>0</ns>
<id>184715</id>
<revision>
<id>2365744</id>
<parentid>2128144</parentid>
<timestamp>2017-05-03T16:46:30Z</timestamp>
<contributor>
<username>HydrizBot</username>
<id>29590</id>
</contributor>
<minor />
<comment>Robô: A limpar links interwikis antigos</comment>
<model>wikitext</model>
<format>text/x-wiki</format>
<text bytes="215" xml:space="preserve">={{-mi-}}=
{{Wikipédia|lang=mi}}
==Substantivo==
'''kahukura'''
#[[arco-íris]]
===Sinônimos===
*[[aaheahea]]
*[[paahoka]]
*[[uenuku]]
*[[kairangi]]
*[[rore]]
*[[taawhanawhana]]
[[Categoria:Substantivo (Maori)]]</text>
<sha1>9ds0ro6whs7ps9sd7806cs3zzpzow5u</sha1>
</revision>
</page>
