<page>
<page>
<title>kahve</title>
<ns>0</ns>
<id>52028</id>
<revision>
<id>2365746</id>
<parentid>1978452</parentid>
<timestamp>2017-05-03T16:46:41Z</timestamp>
<contributor>
<username>HydrizBot</username>
<id>29590</id>
</contributor>
<minor />
<comment>Robô: A limpar links interwikis antigos</comment>
<model>wikitext</model>
<format>text/x-wiki</format>
<text bytes="368" xml:space="preserve">={{-tr-}}=
==Substantivo==
'''kah.ve''' ''sem gênero''
:# [[café]]
==Ver Também==
* [[içecek]]/[[içecekler]]
* [[su]]
* [[çay]]
* [[kokteyl]]
* [[votka]]
* [[bira]]
* [[viski]]
* [[şampanya]]
* [[konyak]]
* [[cin]]
* [[rom]]
* [[şişe]]
* [[bardak]]
* [[kutu]]
* [[portakal suyu]]
* [[şarap]]
[[Categoria:Substantivo (Turco)]]
[[Categoria:Bebida (Turco)]]</text>
<sha1>8f0b3daibyiwr5qipc5zlg3bqlzk1tf</sha1>
</revision>
