<page>
<page>
<title>kahverengi</title>
<ns>0</ns>
<id>48932</id>
<revision>
<id>2365747</id>
<parentid>2128142</parentid>
<timestamp>2017-05-03T16:46:46Z</timestamp>
<contributor>
<username>HydrizBot</username>
<id>29590</id>
</contributor>
<minor />
<comment>Robô: A limpar links interwikis antigos</comment>
<model>wikitext</model>
<format>text/x-wiki</format>
<text bytes="111" xml:space="preserve">={{-tr-}}=
==Adjetivo==
'''kahverengi'''
# [[marrom]]
[[Categoria:Adjetivo (Turco)]][[Categoria:Cor (Turco)]]</text>
<sha1>9sh1l5y302b9i13gz6nfq3wynrar46q</sha1>
</revision>
