<page>
<title>kai</title>
<ns>0</ns>
<id>14848</id>
<revision>
<id>2365748</id>
<parentid>2219303</parentid>
<timestamp>2017-05-03T16:46:53Z</timestamp>
<contributor>
<username>HydrizBot</username>
<id>29590</id>
</contributor>
<minor />
<comment>Robô: A limpar links interwikis antigos</comment>
<model>wikitext</model>
<format>text/x-wiki</format>
<text bytes="188" xml:space="preserve">={{-kea-}}=
==Verbo==
'''kai'''
#[[cair]]
[[Categoria:Verbo (Cabo-verdiano)]]
={{-ja-}}=
==Transliteração==
# transliteração de [[かい]]
[[Categoria:Transliteração (Japonês)]]</text>
<sha1>nnlu827bn0or7vcch4nee6n6am01mrn</sha1>
</revision>
</page>
