<page>
<title>kaieri</title>
<ns>0</ns>
<id>15863</id>
<revision>
<id>1372645</id>
<parentid>83782</parentid>
<timestamp>2012-02-01T14:26:29Z</timestamp>
<contributor>
<username>MalafayaBot</username>
<id>628</id>
</contributor>
<minor />
<comment>Robô: Substituição de texto automática  (-^\=(\s*?)(\{\{moh\}\}|Mohawk)(\s*?)\= +={{-moh-}}=)</comment>
<model>wikitext</model>
<format>text/x-wiki</format>
<text bytes="192" xml:space="preserve">={{-moh-}}=
==Numeral==
'''{{PAGENAME}}''' ''cardinal''
:# [[quatro]]
==Ordinal Equivalente==
* [[kaierihaton]]
==Ver Também==
* [[ahsen]], [[wisk]]
[[Categoria:Numeral (Mohawk)|# 000004]]</text>
<sha1>ruba0zh1aa916skveg8wc69lllq0i5c</sha1>
</revision>
</page>
