<page>
<page>
<title>kaigi</title>
<ns>0</ns>
<id>274805</id>
<revision>
<id>2365749</id>
<parentid>2219305</parentid>
<timestamp>2017-05-03T16:46:55Z</timestamp>
<contributor>
<username>HydrizBot</username>
<id>29590</id>
</contributor>
<minor />
<comment>Robô: A limpar links interwikis antigos</comment>
<model>wikitext</model>
<format>text/x-wiki</format>
<text bytes="111" xml:space="preserve">={{-ja-}}=
==Transliteração==
# transliteração de [[かいぎ]]
[[Categoria:Transliteração (Japonês)]]</text>
<sha1>5a9c2svk201kjtjt7ymuy0d3he4wwmg</sha1>
</revision>
