<page>
<page>
<title>kaikan</title>
<ns>0</ns>
<id>208397</id>
<revision>
<id>2219306</id>
<parentid>2093913</parentid>
<timestamp>2017-01-05T16:08:39Z</timestamp>
<contributor>
<username>Tribuno da Plebe</username>
<id>16095</id>
</contributor>
<model>wikitext</model>
<format>text/x-wiki</format>
<text bytes="114" xml:space="preserve">={{-ja-}}=
==Transliteração==
# transliteração de [[かいかん]]
[[Categoria:Transliteração (Japonês)]]</text>
<sha1>o7kwfi15intbuusc57nz2al3fj6qpox</sha1>
</revision>
