<page>
<title>Kaikikana</title>
<ns>0</ns>
<id>136106</id>
<revision>
<id>2272038</id>
<parentid>2200534</parentid>
<timestamp>2017-04-26T19:57:50Z</timestamp>
<contributor>
<username>HydrizBot</username>
<id>29590</id>
</contributor>
<minor />
<comment>Robô: A limpar links interwikis antigos</comment>
<model>wikitext</model>
<format>text/x-wiki</format>
<text bytes="213" xml:space="preserve">={{-haw-}}=
{{Wikipédia|lang=haw}}
==Substantivo==
'''Kaikikana''', {{pr}}
#{{escopo|Geografia}} [[Quirguistão]]
==Ver também==
{{Ásia/haw}}
[[Categoria:Substantivo (Havaiano)]]
[[Categoria:País (Havaiano)]]</text>
<sha1>03da3w7fwppydc0q8w5ryzk1nzta3x6</sha1>
</revision>
</page>
