<page>
<title>kailore</title>
<ns>0</ns>
<id>291673</id>
<revision>
<id>1419634</id>
<timestamp>2012-06-11T08:05:30Z</timestamp>
<contributor>
<username>Castelobranco</username>
<id>8424</id>
</contributor>
<comment>+1</comment>
<model>wikitext</model>
<format>text/x-wiki</format>
<text bytes="149" xml:space="preserve">={{-unk-}}=
==Substantivo==
{{paroxítona|kai|lo|re|lang=unk}}
# um dos [[clã]]s dos [[Enawenê-nawê]].
[[Categoria:Substantivo (Enawenê-nawê)]]</text>
<sha1>np87hd12uyo15qfftcsoj4a393piequ</sha1>
</revision>
</page>
