<page>
<title>kainita</title>
<ns>0</ns>
<id>43920</id>
<revision>
<id>2365753</id>
<parentid>1776077</parentid>
<timestamp>2017-05-03T16:47:11Z</timestamp>
<contributor>
<username>HydrizBot</username>
<id>29590</id>
</contributor>
<minor />
<comment>Robô: A limpar links interwikis antigos</comment>
<model>wikitext</model>
<format>text/x-wiki</format>
<text bytes="213" xml:space="preserve">[[Categoria:Substantivo (Português)]]
={{-pt-}}=
==Substantivo==
'''{{PAGENAME}}''' ''substantivo feminino ''
# [[minério]] [[potássico]] ( 4KCl.4MgSO&lt;sub&gt;4&lt;/sub&gt;.11H&lt;sub&gt;2&lt;/sub&gt;O ) com 19,3% de K&lt;sub&gt;2&lt;/sub&gt;O</text>
<sha1>029pi6d2xbm2in42xss9frzmyft1lrk</sha1>
</revision>
</page>
