<page>
<page>
<title>kairo</title>
<ns>0</ns>
<id>120063</id>
<revision>
<id>2365756</id>
<parentid>2219307</parentid>
<timestamp>2017-05-03T16:47:20Z</timestamp>
<contributor>
<username>HydrizBot</username>
<id>29590</id>
</contributor>
<minor />
<comment>Robô: A limpar links interwikis antigos</comment>
<model>wikitext</model>
<format>text/x-wiki</format>
<text bytes="111" xml:space="preserve">={{-ja-}}=
==Transliteração==
# transliteração de [[かいろ]]
[[Categoria:Transliteração (Japonês)]]</text>
<sha1>77nh3harhhq5g7qa5e90ydti82dqg91</sha1>
</revision>
