<page>
<page>
<title>kairokei</title>
<ns>0</ns>
<id>241098</id>
<revision>
<id>2219308</id>
<parentid>2093892</parentid>
<timestamp>2017-01-05T16:09:23Z</timestamp>
<contributor>
<username>Tribuno da Plebe</username>
<id>16095</id>
</contributor>
<model>wikitext</model>
<format>text/x-wiki</format>
<text bytes="117" xml:space="preserve">={{-ja-}}=
==Transliteração==
# transliteração de [[かいろけい]]
[[Categoria:Transliteração (Japonês)]]</text>
<sha1>djbh6m145vj6iz0tgkyqxoy4lpi4kfk</sha1>
</revision>
