<page>
<title>kaiser</title>
<ns>0</ns>
<id>44421</id>
<revision>
<id>2365757</id>
<parentid>2196975</parentid>
<timestamp>2017-05-03T16:47:25Z</timestamp>
<contributor>
<username>HydrizBot</username>
<id>29590</id>
</contributor>
<minor />
<comment>Robô: A limpar links interwikis antigos</comment>
<model>wikitext</model>
<format>text/x-wiki</format>
<text bytes="206" xml:space="preserve">{{Wikipédia}}
={{-pt-}}=
==Substantivo==
{{flex.pt|ms=kaiser|mp=kaiseres}}
'''''kaiser''''', {{gramática|m}}
# {{escopo|pt|estrangeirismo}} [[cáiser]] (imperador)
[[Categoria:Substantivo (Português)]]</text>
<sha1>ggonij0xuvbq8mgvt8kgpo5tv5ns2qp</sha1>
</revision>
</page>
