<page>
<title>kaisha</title>
<ns>0</ns>
<id>166184</id>
<revision>
<id>2365758</id>
<parentid>2219309</parentid>
<timestamp>2017-05-03T16:47:27Z</timestamp>
<contributor>
<username>HydrizBot</username>
<id>29590</id>
</contributor>
<minor />
<comment>Robô: A limpar links interwikis antigos</comment>
<model>wikitext</model>
<format>text/x-wiki</format>
<text bytes="114" xml:space="preserve">={{-ja-}}=
==Transliteração==
# transliteração de [[かいしゃ]]
[[Categoria:Transliteração (Japonês)]]</text>
<sha1>novoy69sja3cmfwsq1u5xp45n9gqs69</sha1>
</revision>
</page>
