<page>
<title>kaishum</title>
<ns>0</ns>
<id>373936</id>
<revision>
<id>2365759</id>
<parentid>2234347</parentid>
<timestamp>2017-05-03T16:47:29Z</timestamp>
<contributor>
<username>HydrizBot</username>
<id>29590</id>
</contributor>
<minor />
<comment>Robô: A limpar links interwikis antigos</comment>
<model>wikitext</model>
<format>text/x-wiki</format>
<text bytes="259" xml:space="preserve">{{Wikipédia|lang=gv}}
={{-gv-}}=
==Substantivo==
{{elementos|Cs|xenon|Xe|baarium|Ba}}
'''kaishum'''
# [[césio]]
==Ver também==
===No Wikcionário===
{{tabela periódica/gv}}
[[Categoria:Substantivo (Manquês)]]
[[Categoria:Elemento químico (Manquês)]]</text>
<sha1>1brwobd00t7u0t9lbv606dvyceh91tv</sha1>
</revision>
</page>
