<page>
<title>kaiserítico</title>
<ns>0</ns>
<id>43934</id>
<revision>
<id>2550010</id>
<parentid>1601258</parentid>
<timestamp>2019-07-22T20:17:46Z</timestamp>
<contributor>
<username>ValJor</username>
<id>1358</id>
</contributor>
<comment>Verbete [[:Categoria:!Página com idioma não informado em Predefinição:etimologia|sem indicação do idioma na seção de etimologia]]</comment>
<model>wikitext</model>
<format>text/x-wiki</format>
<text bytes="343" xml:space="preserve">={{-pt-}}=
==Adjetivo==
{{flex.pt|ms=kaiserítico|mp=kaiseríticos|fs=kaiserítica|fp=kaiseríticas}}
{{proparoxítona|kai|se|rí|ti|co}}
# de, referente ou relativo à [[kaiserita]]
=={{etimologia|pt}}==
: {{escopo|Morfologia}} [[kaiserita]] + [[-ico]].
==Ligações externas==
* {{VOLPABL}}
[[Categoria:Adjetivo (Português)|kaiseritico]]</text>
<sha1>3366g1g5u3tbau3jjy068ei5n9gcn8o</sha1>
</revision>
</page>
