<page>
<page>
<title>kaiwonok</title>
<ns>0</ns>
<id>406797</id>
<revision>
<id>2539429</id>
<parentid>2536273</parentid>
<timestamp>2019-03-18T09:44:22Z</timestamp>
<contributor>
<username>ValJor</username>
<id>1358</id>
</contributor>
<comment>Desfazendo uso da predefinição verbete-aoc que impedia a edição normal do verbete</comment>
<model>wikitext</model>
<format>text/x-wiki</format>
<text bytes="383" xml:space="preserve">[[Imagem:MoonAndVenus.png|thumb|right|250px|&lt;center&gt;Estrela d'alva&lt;/center&gt;]]
={{-aoc-}}=
==Substantivo==
{{proparoxítona|kai|wo|nok|lang=aoc}}
# [[estrela d'alva]]
#* ''Wakü pe '''kaiwonok''' e'wiyupasak echi'pö.'' &lt;small&gt;(A estrela d'alva brilhou muito bonita.)&lt;/small&gt;
=={{pronúncia|aoc}}==
* [[AFI]]: /kaj.wo.nok/   ['''kaj'''.wo.nok]
[[Categoria:Substantivo (Taurepang)]]</text>
<sha1>1nytaud8va8f1wo5gga783ucwu784jr</sha1>
</revision>
