<page>
<page>
<title>kaixo</title>
<ns>0</ns>
<id>418384</id>
<revision>
<id>2576312</id>
<parentid>2569697</parentid>
<timestamp>2020-02-09T19:35:40Z</timestamp>
<contributor>
<username>ValJor</username>
<id>1358</id>
</contributor>
<comment>Melhorando a apresentação do verbete usando a [[:predefinição:cria-entrada]]</comment>
<model>wikitext</model>
<format>text/x-wiki</format>
<text bytes="135" xml:space="preserve">={{-eu-}}=
==Interjeição==
'''kaixo'''
# [[olá]]
=={{pronúncia|eu}}==
* [[AFI]]: / kajʃ̺o /
[[Categoria:Interjeição (Basco)]]</text>
<sha1>59gq65pva6n1lca8ij4m3ta4eipeu62</sha1>
</revision>
