<page>
<title>kaj</title>
<ns>0</ns>
<id>90484</id>
<revision>
<id>2550154</id>
<parentid>2365761</parentid>
<timestamp>2019-07-24T19:43:19Z</timestamp>
<contributor>
<username>ValJor</username>
<id>1358</id>
</contributor>
<comment>Verbete [[:Categoria:!Página com idioma não informado em Predefinição:etimologia|sem indicação do idioma na seção de etimologia]]</comment>
<model>wikitext</model>
<format>text/x-wiki</format>
<text bytes="2722" xml:space="preserve">={{-hr-}}=
==Pronome==
'''kȁj''' ''relativo''
# {{escopo2|Dialeto ekaviano}} [[que]]
[[Categoria:Pronome (Croata)]]
[[Categoria:Monossílabo (Croata)]]
[[Categoria:Regionalismo (Croata)]]
={{-da-}}=
==Substantivo==
'''kaj''' {{c.}}
# {{escopo|da|Náutica}} [[píer]]:
#* ''Der ligger en død rotte på '''kajen'''.''
# [[estrutura]] de [[descarga]] (para caminhões, comboios/trens, etc)
===Declinação===
{{decl.da.subst.com|kaj|kajen|kajer|kajerne}}
===Sinônimos===
* {{link opcional|perron|da}}
[[Categoria:Substantivo (Dinamarquês)]]
[[Categoria:Monossílabo (Dinamarquês)]]
[[Categoria:Náutica (Dinamarquês)]]
={{-sl-}}=
==Pronome==
'''kaj''' ''interrogativo''
# [[onde]] (?)
[[Categoria:Pronome (Esloveno)]]
[[Categoria:Monossílabo (Esloveno)]]
={{-eo-}}=
==Conjunção==
'''kaj''' ''[[conjunção aditiva|aditiva]]''
# [[e#Conjunção|e]]:
#* ''Mi legas librojn '''kaj''' ĵurnalojn.'' &lt;small&gt;(Leio livros e jornais.)&lt;/small&gt;
#* ''Dimanĉo sekvas sabaton '''kaj''' antaŭvenas lundon.'' &lt;small&gt;(Domingo vem depois de sábado e antes de segunda-feira.)&lt;/small&gt;
=={{etimologia|eo}}==
{{llietimo|grc|και|eo}}
=={{pronúncia|eo}}==
* [[AFI]]: {{AFI|/kaj/}}, {{AFI|/kɑj/}}
* [[w:X-SAMPA|X-SAMPA]]: /kaj/, /kAj/
==Ver também==
===No Wikcionário===
{{verTambém.Ini}}
* [[nek#{{eo}}|nek]]
{{verTambém.Fim}}
[[Categoria:Conjunção (Esperanto)]]
[[Categoria:Monossílabo (Esperanto)]]
={{-io-}}=
==Radical==
'''kaj'''
# relacionado a [[jaula]]
===Verbetes derivados===
{{verTambém.Ini}}
* {{link opcional|kajo|io}}
{{verTambém.Fim}}
=={{etimologia|io}}==
{{llietimo|fr|cage|io|ponto=não}} ou do {{etm|en|io}} {{etimo|en|cage}}
[[Categoria:Radical (Ido)]]
={{-pl-}}=
==Pronome==
'''kaj''' ''interrogativo''
# {{escopo|pl|Regionalismo}} {{escopo2|Silésia}} [[onde]] (?)
[[Categoria:Pronome (Polonês)]]
[[Categoria:Monossílabo (Polonês)]]
[[Categoria:Regionalismo (Polonês)]]
={{-rom-}}=
==Preposição==
'''kaj'''
# [[em]]
==Pronome==
'''kȁj''' ''relativo''
# [[onde]]
[[Categoria:Preposição (Romani)]]
[[Categoria:Pronome (Romani)]]
[[Categoria:Monossílabo (Romani)]]
={{-sv-}}=
==Substantivo==
'''kaj''' {{c.}}
# {{escopo|sv|Náutica}} [[píer]]
# [[estrutura]] de [[descarga]] (para caminhões, comboios/trens, etc)
===Declinação===
{{decl.sv.subst.3.com|kaj}}
===Sinônimos===
* {{link opcional|perrong|sv}}
===Verbetes derivados===
{{verTambém.Ini}}
* {{link opcional|lastkaj|sv}}
{{verTambém.Fim}}
=={{pronúncia|sv}}==
* [[AFI]]: {{AFI|/kaʝ/}}
* [[X-SAMPA]]: /kaj\/
: '''Áudio''': {{ouvir|Sv-kaj.ogg|&quot;en kaj&quot;}}
[[Categoria:Substantivo (Sueco)]]
[[Categoria:Monossílabo (Sueco)]]
[[Categoria:Náutica (Sueco)]]
[[Categoria:Entrada com áudio (Sueco)]]</text>
<sha1>qf15jy80wu6w1a0dxg7ez591rj5krc9</sha1>
</revision>
</page>
