<page>
<page>
<title>kajakarstwo</title>
<ns>0</ns>
<id>372397</id>
<revision>
<id>2365763</id>
<parentid>2222654</parentid>
<timestamp>2017-05-03T16:47:43Z</timestamp>
<contributor>
<username>HydrizBot</username>
<id>29590</id>
</contributor>
<minor />
<comment>Robô: A limpar links interwikis antigos</comment>
<model>wikitext</model>
<format>text/x-wiki</format>
<text bytes="225" xml:space="preserve">={{-pl-}}=
==Substantivo==
{{paroxítona|ka|ja|kar|stwo|lang=pl}}, {{gramática|n}}
# {{escopo|pl|Desporto}} [[canoagem]]
==Ver também==
===No Wikcionário===
{{esportes olímpicos/pl}}
[[Categoria:Substantivo (Polonês)]]</text>
<sha1>0m5u1riaxbz5bp1a0fbfkx4xijm93ua</sha1>
</revision>
