<page>
<title>kajero</title>
<ns>0</ns>
<id>265063</id>
<revision>
<id>2365765</id>
<parentid>2255679</parentid>
<timestamp>2017-05-03T16:47:50Z</timestamp>
<contributor>
<username>HydrizBot</username>
<id>29590</id>
</contributor>
<minor />
<comment>Robô: A limpar links interwikis antigos</comment>
<model>wikitext</model>
<format>text/x-wiki</format>
<text bytes="484" xml:space="preserve">[[Imagem:2000 Notebook, Pages 4-5.jpg|thumb|140px|right|&lt;center&gt;kajero&lt;/center&gt;]]
={{-eo-}}=
==Substantivo==
'''kaj.{{grifar|e}}.ro'''
# [[caderno]]
===Declinação===
{{decl.eo.subst}}
=={{etimologia|eo}}==
{{llietimo|fr|cahier|eo}}
{{etimo.eo|kajer|-o}}
=={{pronúncia}}==
* [[AFI]]: {{AFI|/kaj.ˈɛ.ɾo/}}.
[[Categoria:Substantivo (Esperanto)]]
[[Categoria:Trissílabo (Esperanto)]]
[[Categoria:Entrada com pronúncia (Esperanto)]]
[[Categoria:Entrada com imagem (Esperanto)]]</text>
<sha1>hq39meingwdihlb6p2wjfgzfocy23jk</sha1>
</revision>
</page>
