<page>
<title>kajle</title>
<ns>0</ns>
<id>238909</id>
<revision>
<id>1554907</id>
<parentid>1314244</parentid>
<timestamp>2012-12-06T20:22:56Z</timestamp>
<contributor>
<username>VJBot</username>
<id>33673</id>
</contributor>
<minor />
<comment>Robô: Substituição de texto automática  (-{{vertb}} +Ver também)</comment>
<model>wikitext</model>
<format>text/x-wiki</format>
<text bytes="328" xml:space="preserve">={{-nfr-}}=
==Substantivo==
'''{{PAGENAME}}'''
# [[osso]]
==Ver também==
{{tradini|No Wikcionário:}}
* [[gbun]]/[[gbugbuɛ]]
* [[jesiɳge]] 
* [[jewrɛ]]  
* [[jele]]
* [[fnimi]]
* [[gbekaan]]
* [[kajiɳge]]
* [[kambɛlɛ]]
* [[kɛ]]
* [[kapra]]
{{tradfim}}
[[categoria:Substantivo (Nafana)]]
[[Categoria:Anatomia (Nafana)]]</text>
<sha1>muo97apb3l9jzew2czvxglhflw1cv34</sha1>
</revision>
</page>
