<page>
<page>
<title>kajli</title>
<ns>0</ns>
<id>402730</id>
<revision>
<id>2528158</id>
<parentid>2525189</parentid>
<timestamp>2018-12-06T17:14:18Z</timestamp>
<contributor>
<username>ValJor</username>
<id>1358</id>
</contributor>
<minor />
<comment>Corrigindo a ortografia da categorização</comment>
<model>wikitext</model>
<format>text/x-wiki</format>
<text bytes="167" xml:space="preserve">={{-ngu-}}=
==Substantivo==
'''kajli'''
# [[casa]], [[edificação]]
[[Categoria:Substantivo (Náuatle de Guerrero)]]
[[Categoria:Arquitetura (Náuatle de Guerrero)]]</text>
<sha1>qjmvjahg82alc6cvc0cn87pa4c2hngk</sha1>
</revision>
