<page>
<title>kajto</title>
<ns>0</ns>
<id>282327</id>
<revision>
<id>2365766</id>
<parentid>1780316</parentid>
<timestamp>2017-05-03T16:47:54Z</timestamp>
<contributor>
<username>HydrizBot</username>
<id>29590</id>
</contributor>
<minor />
<comment>Robô: A limpar links interwikis antigos</comment>
<model>wikitext</model>
<format>text/x-wiki</format>
<text bytes="548" xml:space="preserve">{{Wikipédia|lang=eo}}
[[Imagem:Kinderspiele 1828 Drachensteigen.jpg|thumb|130px|right|&lt;center&gt;kajto ''([[pipa]])''&lt;/center&gt;]]
={{-eo-}}=
==Substantivo==
'''{{grifar|kaj}}.to'''
# {{escopo|Brinquedo}} [[pipa]], [[papagaio]], [[papagaio de papel]].
===Declinação===
{{decl.eo.subst}}
=={{etimologia|eo}}==
:Do [[inglês]] {{etimo|en|kite}}.
{{etimo.eo|kajt|-o}}
=={{pronúncia|eo}}==
* [[AFI]]: {{AFI|/ˈkaj.to/}}.
{{categorias|{{nome categoria|eo}}|Substantivo|Dissílabo|Paroxítona|Entrada de étimo inglês|Entrada com imagem|Brinquedo}}</text>
<sha1>6z3e4h1pcjzl238pvm04i0y6sex193h</sha1>
</revision>
</page>
