<page>
<page>
<title>kak</title>
<ns>0</ns>
<id>406759</id>
<revision>
<id>2550601</id>
<parentid>2536249</parentid>
<timestamp>2019-07-31T15:36:41Z</timestamp>
<contributor>
<username>ValJor</username>
<id>1358</id>
</contributor>
<comment>Um verbete a menos usando a [[Predefinição:verbete-aoc|predefinição verbete-aoc]]</comment>
<model>wikitext</model>
<format>text/x-wiki</format>
<text bytes="383" xml:space="preserve">[[Imagem:Burnt Horizon.jpg|thumb|right|250px|&lt;center&gt;Céu&lt;/center&gt;]]
={{-aoc-}}=
==Substantivo==
'''kak'''
# [[céu]] (espaço bem acima da terra, em forma de abóbada)
#* ''Wakü pe '''kak''' ayukasak man.'' &lt;small&gt;(O céu amanheceu limpo.)&lt;/small&gt;
=={{pronúncia|aoc}}==
* [[AFI]]: /kak/ - [kak]
[[Categoria:Substantivo (Taurepang)]]
[[Categoria:Entrada com imagem (Taurepang)]]</text>
<sha1>ch418l2dp99ro1ja3zoza0eev95uvpw</sha1>
</revision>
