<page>
<page>
<title>kakanta</title>
<ns>0</ns>
<id>247492</id>
<revision>
<id>2365772</id>
<parentid>2077447</parentid>
<timestamp>2017-05-03T16:48:14Z</timestamp>
<contributor>
<username>HydrizBot</username>
<id>29590</id>
</contributor>
<minor />
<comment>Robô: A limpar links interwikis antigos</comment>
<model>wikitext</model>
<format>text/x-wiki</format>
<text bytes="335" xml:space="preserve">={{-eo-}}=
==Forma verbal==
'''ka.{{grifar|kan}}.ta'''
# [[particípio]] [[ativo]] [[do]] [[presente]] do [[verbo]] '''''[[kaki]]'''''
===Conjugação===
{{conj.eo|kak}}
=={{etimologia|eo}}==
{{etimo.eo|kak|-ant-|-a}}
[[Categoria:Forma verbal (Esperanto)]]
[[Categoria:Trissílabo (Esperanto)]]
[[Categoria:Paroxítona (Esperanto)]]</text>
<sha1>bzuxzfgfj5herqtn6wy8d61e452mafv</sha1>
</revision>
