<page>
<page>
<title>kaka</title>
<ns>0</ns>
<id>66457</id>
<revision>
<id>2365768</id>
<parentid>2242363</parentid>
<timestamp>2017-05-03T16:48:04Z</timestamp>
<contributor>
<username>HydrizBot</username>
<id>29590</id>
</contributor>
<minor />
<comment>Robô: A limpar links interwikis antigos</comment>
<model>wikitext</model>
<format>text/x-wiki</format>
<text bytes="4077" xml:space="preserve">{{Wikipédia|lang=is}}
{{Wikipédia|lang=sv}}
[[Imagem:Schwarzwälder_Kirschtorte.jpg|thumb|250px|&lt;center&gt;'''Kaka'''&lt;/center&gt;]]
={{-dhv-}}=
==Substantivo==
'''ka.ka'''
# [[pai]]
[[Categoria:Substantivo (Dehu)]]
[[Categoria:Família (Dehu)]]
={{-eo-}}=
==Radical==
'''kaka'''
# [[relacionado]] a [[cacau]]
===Verbetes derivados===
* [[kakaarbo#{{eo}}|kakaarbo]]/[[kakaoarbo#{{eo}}|kakaoarbo]]
* [[kakao#{{eo}}|kakao]]
* [[kakaujo#{{eo}}|kakaujo]]
[[Categoria:Radical (Esperanto)]]
={{-et-}}=
==Substantivo==
'''ka.ka'''
# {{escopo|Infantil}} [[cocô]], [[caca]]
===Sinônimos===
* [[fekaal]], [[pask]], [[sitt]], [[väljaheide]]
=={{etimologia|et}}==
:[[imitativo|Imitativo]], como o [[latim]] {{etimo|la|cacare}}.
[[Categoria:Substantivo (Estoniano)]]
[[Categoria:Dissílabo (Estoniano)]]
={{-io-}}=
==Radical==
'''kaka'''
# [[relacionado]] a [[cacau]]
===Verbetes derivados===
* [[kakaiero#{{io}}|kakaiero]]
* [[kakao#{{io}}|kakao]]
[[Categoria:Radical (Ido)]]
={{-is-}}=
==Substantivo==
'''{{grifar|ka}}.ka''' {{f}}, ''[[fraco]]'', ''grupo 1 ('''a'''/'''ö''') (infixo '''-n-''' opcional)''
# [[bolo]]:
#* ''Amma mín er að baka súkkulaði'''kaku'''.''
# [[biscoito]]:
#* ''Hver stal '''kökunni''' úr krúsinni í gær?'' &lt;small&gt;(Quem roubou o biscoito da lata noite passada?)&lt;/small&gt;
===Declinação===
{{decl.is.subst.fraca.fem.1 e 1a.a~ö|k|k}}
=={{etimologia|is}}==
:Do [[nórdico antigo]] ''[[kaka#{{non}}|kaka]]''.
=={{pronúncia|is}}==
* [[AFI]]: {{AFI|/ˈkʰa.ka/}}
* [[X-SAMPA]]: /&quot;k_ha.ka/
==Ver também==
===No Wikcionário===
{{verTambém.Ini}}
* [[pönnukaka]]
{{verTambém.Fim}}
[[Categoria:Substantivo (Islandês)]]
[[Categoria:Dissílabo (Islandês)]]
[[Categoria:Paroxítona (Islandês)]]
[[Categoria:Alimentação (Islandês)]]
[[Categoria:Entrada com imagem (Islandês)]]
={{-non-}}=
==Substantivo==
'''ka.ka''' {{f}}
# [[bolo]]
[[Categoria:Substantivo (Nórdico Antigo)]]
[[Categoria:Dissílabo (Nórdico Antigo)]]
[[Categoria:Alimentação (Nórdico Antigo)]]
[[Categoria:Entrada com imagem (Nórdico Antigo)]]
={{-no-}}=
==Forma de substantivo==
'''ka.ka''' {{f}}
# [[forma]] [[singular]] [[definido|definida]] [[feminino|feminina]] de '''''[[kake]]'''''
[[Categoria:Forma de substantivo (Norueguês)]]
[[Categoria:Dissílabo (Norueguês)]]
={{-pap-}}=
==Verbo==
'''ka.ka'''
# [[defecar]], [[evacuar]]
===Sinônimos===
* [[pupu#{{pap}}|pupu]]
[[Categoria:Verbo (Papiamento)]]
[[Categoria:Dissílabo (Papiamento)]]
={{-ssg-}}=
==Substantivo==
'''ka.ka'''
# [[sangue]]
[[Categoria:Substantivo (Seimat)]]
={{-sw-}}=
==Substantivo==
'''ka.ka'''
# [[irmão]]
===Sinônimos===
* [[ndugu]]
[[Categoria:Substantivo (Suaíli)]]
[[Categoria:Dissílabo (Suaíli)]]
[[Categoria:Família (Suaíli)]]
={{-sv-}}=
==Substantivo==
'''ka.ka''' {{c.}}
# [[pequeno]] [[bolo]]
# [[biscoito]]
===Declinação===
{{decl.sv.subst.1|kak}}
=={{etimologia|sv}}==
:Do [[nórdico antigo]] ''[[kaka#{{non}}|kaka]]''.
==Ver também==
===No Wikcionário===
{{verTambém.Ini}}
{{confr|tårta}}
{{verTambém.Fim}}
[[Categoria:Substantivo (Sueco)]]
[[Categoria:Dissílabo (Sueco)]]
[[Categoria:Alimentação (Sueco)]]
={{-srn-}}=
==Substantivo==
[[Image:Rooster03.jpg|thumb|100px|&lt;center&gt;'''Kaka'''&lt;/center&gt;]]
'''ka.ka'''
# {{escopo|Zoologia}} [[galo]], [[macho]] da [[galinha]]
{{pularLinhas|4}}
==Verbo==
'''ka.ka'''
# [[defecar]], [[evacuar]]
===Sinônimos===
* [[kunkun#{{srn}}|kunkun]]
[[Categoria:Substantivo (Surinamês)]]
[[Categoria:Verbo (Surinamês)]]
[[Categoria:Dissílabo (Surinamês)]]
[[Categoria:Ave (Surinamês)]]
={{-tr-}}=
==Substantivo==
'''ka.ka'''
# {{escopo|Infantil}} [[cocô]], [[caca]]
===Sinônimos===
* [[bok#{{tr}}|bok]]
[[Categoria:Substantivo (Turco)]]
[[Categoria:Dissílabo (Turco)]]
={{-tk-}}=
==Substantivo==
'''ka.ka'''
# [[pai]]
[[Categoria:Substantivo (Turcomeno)]]
[[Categoria:Dissílabo (Turcomeno)]]
[[Categoria:Família (Turcomeno)]]
={{-wim-}}=
==Substantivo==
'''ka.ka'''
# [[fezes]], [[excremento]]
===Sinônimos===
* [[kun#{{wim}}|kun]]
[[Categoria:Substantivo (Wik-Mungkan)]]</text>
<sha1>ggftbl4sovwy4y959ttcaobqt4sdw58</sha1>
</revision>
