<page>
<page>
<title>kakato</title>
<ns>0</ns>
<id>160194</id>
<revision>
<id>2365777</id>
<parentid>2219311</parentid>
<timestamp>2017-05-03T16:48:36Z</timestamp>
<contributor>
<username>HydrizBot</username>
<id>29590</id>
</contributor>
<minor />
<comment>Robô: A limpar links interwikis antigos</comment>
<model>wikitext</model>
<format>text/x-wiki</format>
<text bytes="111" xml:space="preserve">={{-ja-}}=
==Transliteração==
# transliteração de [[かかと]]
[[Categoria:Transliteração (Japonês)]]</text>
<sha1>jyiika30t3clp2o3qa4tqsy78hkq40b</sha1>
</revision>
