<page>
<page>
<title>kakas</title>
<ns>0</ns>
<id>247487</id>
<revision>
<id>2365775</id>
<parentid>2106995</parentid>
<timestamp>2017-05-03T16:48:30Z</timestamp>
<contributor>
<username>HydrizBot</username>
<id>29590</id>
</contributor>
<minor />
<comment>Robô: A limpar links interwikis antigos</comment>
<model>wikitext</model>
<format>text/x-wiki</format>
<text bytes="293" xml:space="preserve">={{-eo-}}=
==Forma verbal==
'''{{grifar|ka}}.kas'''
# [[presente]] do [[verbo]] '''''[[kaki]]'''''
===Conjugação===
{{conj.eo|kak}}
=={{etimologia|eo}}==
{{etimo.eo|kak|-as}}
[[Categoria:Forma verbal (Esperanto)]]
[[Categoria:Dissílabo (Esperanto)]]
[[Categoria:Paroxítona (Esperanto)]]</text>
<sha1>trpwei6qpdvwma2oa2zdkw2s44c237a</sha1>
</revision>
