<page>
<page>
<title>kakar</title>
<ns>0</ns>
<id>248406</id>
<revision>
<id>2365774</id>
<parentid>2235594</parentid>
<timestamp>2017-05-03T16:48:24Z</timestamp>
<contributor>
<username>HydrizBot</username>
<id>29590</id>
</contributor>
<minor />
<comment>Robô: A limpar links interwikis antigos</comment>
<model>wikitext</model>
<format>text/x-wiki</format>
<text bytes="413" xml:space="preserve">={{-io-}}=
==Verbo==
'''ka.{{grifar|kar}}'''
# [[defecar]], [[obrar]], [[cagar]]
===Conjugação===
{{conj.io|kak}}
=={{etimologia|io}}==
{{llietimo|eo|kaki|io}}
{{etimo.eo|kak|-ar}}
=={{pronúncia}}==
* [[AFI]]: {{AFI|/ka.ˈkar/}}.
[[Categoria:Verbo (Ido)]]
[[Categoria:Dissílabo (Ido)]]
[[Categoria:Oxítona (Ido)]]
[[Categoria:Entrada com pronúncia (Ido)]]
[[Categoria:Entrada de étimo esperanto (Ido)]]</text>
<sha1>n41uraezkyl28b4j9c41ujl3ni7g471</sha1>
</revision>
