<page>
<page>
<title>kakamo</title>
<ns>0</ns>
<id>247689</id>
<revision>
<id>2365770</id>
<parentid>1374744</parentid>
<timestamp>2017-05-03T16:48:09Z</timestamp>
<contributor>
<username>HydrizBot</username>
<id>29590</id>
</contributor>
<minor />
<comment>Robô: A limpar links interwikis antigos</comment>
<model>wikitext</model>
<format>text/x-wiki</format>
<text bytes="276" xml:space="preserve">={{-bzq-}}=
==Substantivo==
'''kakamo'''
# [[mão]]
==Ver também==
===No Wikcionário===
{{verTambém.Ini}}
* [[boboko]]
* [[laflaf]]
* [[mta]]
{{verTambém.NovaColuna}}
* [[sus]]
* [[yatai]]
{{verTambém.Fim}}
[[Categoria:Substantivo (Buli)]]
[[Categoria:Anatomia (Buli)]]</text>
<sha1>rjh36iw9cmgy52t9n4obrgw38xvs9h0</sha1>
</revision>
