<page>
<page>
<title>kakao</title>
<ns>0</ns>
<id>246523</id>
<revision>
<id>2365773</id>
<parentid>2250247</parentid>
<timestamp>2017-05-03T16:48:20Z</timestamp>
<contributor>
<username>HydrizBot</username>
<id>29590</id>
</contributor>
<minor />
<comment>Robô: A limpar links interwikis antigos</comment>
<model>wikitext</model>
<format>text/x-wiki</format>
<text bytes="518" xml:space="preserve">={{-eo-}}=
==Substantivo==
'''ka.{{grifar|ka}}.o'''
# [[cacau]]
===Declinação===
{{decl.eo.subst}}
=={{etimologia|eo}}==
{{etimo.eo|kaka|-o}}
=={{pronúncia}}==
* [[AFI]]: {{AFI| /ˈka.ka.ɔ/}}.
===Termos derivados===
{{verTambém.Ini}}
* {{link opcional|kakaujo|eo}}
* {{link opcional|kakaarbo|eo}}
{{verTambém.Fim}}
[[Categoria:Substantivo (Esperanto)]]
[[Categoria:Trissílabo (Esperanto)]]
[[Categoria:Fruta (Esperanto)]]
[[Categoria:Entrada com pronúncia (Esperanto)]]
[[Categoria:Botânica (Esperanto)]]</text>
<sha1>jul2itrhjofn11g1psph83rnn6vfnwq</sha1>
</revision>
