<page>
<page>
<title>kake</title>
<ns>0</ns>
<id>71252</id>
<revision>
<id>2365779</id>
<parentid>2242362</parentid>
<timestamp>2017-05-03T16:48:43Z</timestamp>
<contributor>
<username>HydrizBot</username>
<id>29590</id>
</contributor>
<minor />
<comment>Robô: A limpar links interwikis antigos</comment>
<model>wikitext</model>
<format>text/x-wiki</format>
<text bytes="317" xml:space="preserve">={{-no-}}=
== Substantivo ==
'''kake''', ''feminino''
# [[bolo]].
=== Declinação ===
{{decl.no.subst.fem.1|kak|e=e}}
== Etimologia ==
: Do Nórdico Antigo, ''[[kaka#{{non}}|kaka]]''.
[[Categoria:Substantivo (Norueguês)]]
[[Categoria:Alimentação (Norueguês)]]
[[Categoria:Entrada com etimologia (Norueguês)]]</text>
<sha1>661yros9qb1brmuq3znp783ihdbefz9</sha1>
</revision>
