<page>
<title>kakehiki</title>
<ns>0</ns>
<id>148301</id>
<revision>
<id>2219312</id>
<parentid>2093905</parentid>
<timestamp>2017-01-05T16:10:29Z</timestamp>
<contributor>
<username>Tribuno da Plebe</username>
<id>16095</id>
</contributor>
<model>wikitext</model>
<format>text/x-wiki</format>
<text bytes="114" xml:space="preserve">={{-ja-}}=
==Transliteração==
# transliteração de [[かけひき]]
[[Categoria:Transliteração (Japonês)]]</text>
<sha1>20typmtmznlr7tsagtcbkbk5xt4j09n</sha1>
</revision>
</page>
