<page>
<page>
<title>kakena</title>
<ns>0</ns>
<id>251011</id>
<revision>
<id>1555291</id>
<parentid>1331739</parentid>
<timestamp>2012-12-06T22:16:57Z</timestamp>
<contributor>
<username>VJBot</username>
<id>33673</id>
</contributor>
<minor />
<comment>Robô: Substituição de texto automática  (-{{vertb}} +Ver também)</comment>
<model>wikitext</model>
<format>text/x-wiki</format>
<text bytes="129" xml:space="preserve">={{-tbf-}}=
==Substantivo==
'''kakena'''
# [[pé]]
==Ver também==
* [[darana]]
* [[jirina]]
[[Categoria:Substantivo (Madara)]]</text>
<sha1>4we70ipwool98ewz5719i6cow6gfe1k</sha1>
</revision>
