<page>
<page>
<title>kakene</title>
<ns>0</ns>
<id>71735</id>
<revision>
<id>2687881</id>
<parentid>2687875</parentid>
<timestamp>2022-09-05T09:36:44Z</timestamp>
<contributor>
<username>Teodor605</username>
<id>27064</id>
</contributor>
<model>wikitext</model>
<format>text/x-wiki</format>
<text bytes="193" xml:space="preserve">={{-nb-}}=
== Forma de substantivo ==
'''kakene'''
# [[plural]] [[definido]] de '''[[kake#{{nb}}|kake]]'''
{{avi-for-fle|jern|lang=nb}}
[[Categoria:Forma de substantivo (Norueguês Bokmål)]]</text>
<sha1>ew8g72azrphsftkzn6g4axrjxk4nduo</sha1>
</revision>
