<page>
<page>
<title>kaken</title>
<ns>0</ns>
<id>71724</id>
<revision>
<id>2365780</id>
<parentid>1307653</parentid>
<timestamp>2017-05-03T16:48:46Z</timestamp>
<contributor>
<username>HydrizBot</username>
<id>29590</id>
</contributor>
<minor />
<comment>Robô: A limpar links interwikis antigos</comment>
<model>wikitext</model>
<format>text/x-wiki</format>
<text bytes="165" xml:space="preserve">={{-no-}}=
== Forma de substantivo ==
'''kaken'''
# [[singular]] [[definido]] (gênero [[comum]]) de '''[[kake]]'''.
[[Categoria:Forma de substantivo (Norueguês)]]</text>
<sha1>24e517rk3o9wb1b0iuz2h6x5is7q8v4</sha1>
</revision>
