<page>
<page>
<title>kakis</title>
<ns>0</ns>
<id>247486</id>
<revision>
<id>2365785</id>
<parentid>2226088</parentid>
<timestamp>2017-05-03T16:49:05Z</timestamp>
<contributor>
<username>HydrizBot</username>
<id>29590</id>
</contributor>
<minor />
<comment>Robô: A limpar links interwikis antigos</comment>
<model>wikitext</model>
<format>text/x-wiki</format>
<text bytes="292" xml:space="preserve">={{-eo-}}=
==Forma verbal==
'''{{grifar|ka}}.kis'''
# [[passado]] do [[verbo]] '''''[[kaki]]'''''
===Conjugação===
{{conj.eo|kak}}
=={{etimologia|eo}}==
{{etimo.eo|kak|-is}}
[[Categoria:Forma verbal (Esperanto)]]
[[Categoria:Dissílabo (Esperanto)]]
[[Categoria:Paroxítona (Esperanto)]]</text>
<sha1>tsq8y0si4lbiiapoxof3ggnyfy797mb</sha1>
</revision>
