<page>
<title>kakizome</title>
<ns>0</ns>
<id>374782</id>
<revision>
<id>2365787</id>
<parentid>2242283</parentid>
<timestamp>2017-05-03T16:49:09Z</timestamp>
<contributor>
<username>HydrizBot</username>
<id>29590</id>
</contributor>
<minor />
<comment>Robô: A limpar links interwikis antigos</comment>
<model>wikitext</model>
<format>text/x-wiki</format>
<text bytes="493" xml:space="preserve">[[File:Calligraphy Demonstration During Japanese New Year’s Celebration.jpg|300px|right]]
={{-pt-}}=
==Substantivo==
'''kakizome'''
# primeira [[caligrafia]] feita após o [[Ano Novo]], tradicionalmente no dia 2 de janeiro
==={{etimologia|pt}}===
{{llietimo|ja|書き初め|pt|kakizome}}
[[Categoria:Substantivo (Português)]]
[[Categoria:Entrada com imagem (Português)]]
={{-ja-}}=
==Transliteração==
# transliteração de [[かきぞめ]]
[[Categoria:Transliteração (Japonês)]]</text>
<sha1>9551soqyx8r3u3uiyf0pjodqzdjugnj</sha1>
</revision>
</page>
