<page>
<page>
<title>kakiemon</title>
<ns>0</ns>
<id>439827</id>
<revision>
<id>2660053</id>
<parentid>2657731</parentid>
<timestamp>2022-02-13T09:48:30Z</timestamp>
<contributor>
<username>ValJor</username>
<id>1358</id>
</contributor>
<comment>Melhorando a apresentação do verbete usando a [[:predefinição:cria-entrada]]</comment>
<model>wikitext</model>
<format>text/x-wiki</format>
<text bytes="272" xml:space="preserve">{{Wikipédia|lang=pt}}
={{-pt-}}=
==Substantivo==
{{paroxítona|ka|ki|e|mon}}, {{gramática|m}}
# [[estilo]] de [[decoração]] em [[porcelana]]
=={{etimologia|pt}}==
{{llietimo|ja|柿右衛門|pt}}
[[Categoria:Substantivo (Português)]]
[[Categoria:Arte (Português)]]</text>
<sha1>tio6wkd2d19iaey41we7ca02ra8hplz</sha1>
</revision>
