<page>
<page>
<title>kaki</title>
<ns>0</ns>
<id>110019</id>
<revision>
<id>2365783</id>
<parentid>2259341</parentid>
<timestamp>2017-05-03T16:48:59Z</timestamp>
<contributor>
<username>HydrizBot</username>
<id>29590</id>
</contributor>
<minor />
<comment>Robô: A limpar links interwikis antigos</comment>
<model>wikitext</model>
<format>text/x-wiki</format>
<text bytes="401" xml:space="preserve">={{-id-}}=
==Substantivo==
'''ka.ki'''
#[[pé]]
#[[perna]]
#[[pata]]
[[Categoria:Substantivo (Indonésio)]]
[[categoria:Anatomia (Indonésio)]]
={{-eo-}}=
==Verbo==
'''{{grifar|ka}}.ki'''
# [[defecar]], [[cagar]]
===Conjugação===
{{conj.eo|kak}}
=={{etimologia|eo}}==
{{etimo.eo|kak|-i}}
[[Categoria:Verbo (Esperanto)]]
[[Categoria:Dissílabo (Esperanto)]]
[[Categoria:Paroxítona (Esperanto)]]</text>
<sha1>8ofg5pceyw9d2g047n8c1568h5t72lc</sha1>
</revision>
