<page>
<page>
<title>kakita</title>
<ns>0</ns>
<id>247494</id>
<revision>
<id>2365786</id>
<parentid>2077454</parentid>
<timestamp>2017-05-03T16:49:07Z</timestamp>
<contributor>
<username>HydrizBot</username>
<id>29590</id>
</contributor>
<minor />
<comment>Robô: A limpar links interwikis antigos</comment>
<model>wikitext</model>
<format>text/x-wiki</format>
<text bytes="334" xml:space="preserve">={{-eo-}}=
==Forma verbal==
'''ka.{{grifar|ki}}.ta'''
# [[particípio]] [[passivo]] [[do]] [[passado]] do [[verbo]] '''''[[kaki]]'''''
===Conjugação===
{{conj.eo|kak}}
=={{etimologia|eo}}==
{{etimo.eo|kak|-it-|-a}}
[[Categoria:Forma verbal (Esperanto)]]
[[Categoria:Trissílabo (Esperanto)]]
[[Categoria:Paroxítona (Esperanto)]]</text>
<sha1>0ietxmxuclu0etgxgvcf2969jdsdiol</sha1>
</revision>
