<page>
<title>kako</title>
<ns>0</ns>
<id>95464</id>
<revision>
<id>2365788</id>
<parentid>2235595</parentid>
<timestamp>2017-05-03T16:49:16Z</timestamp>
<contributor>
<username>HydrizBot</username>
<id>29590</id>
</contributor>
<minor />
<comment>Robô: A limpar links interwikis antigos</comment>
<model>wikitext</model>
<format>text/x-wiki</format>
<text bytes="196" xml:space="preserve">={{-ja-}}=
==Transliteração==
# transliteração de [[かこ]]
[[Categoria:Transliteração (Japonês)]]
={{-st-}}=
==Substantivo==
'''ka.ko'''
# [[beijo]]
[[Categoria:Substantivo (Sesoto)]]</text>
<sha1>rdhe8lxn5gqgz8q60r9vobypf55lnuo</sha1>
</revision>
</page>
