<page>
<page>
<title>kakofoni</title>
<ns>0</ns>
<id>295600</id>
<revision>
<id>2365789</id>
<parentid>1956081</parentid>
<timestamp>2017-05-03T16:49:21Z</timestamp>
<contributor>
<username>HydrizBot</username>
<id>29590</id>
</contributor>
<minor />
<comment>Robô: A limpar links interwikis antigos</comment>
<model>wikitext</model>
<format>text/x-wiki</format>
<text bytes="459" xml:space="preserve">{{Wikipédia|lang=no}}
{{Wikipédia|lang=sv}}
{{Wikipédia|lang=tr}}
={{-da-}}=
==Substantivo==
'''kakofoni'''
# [[cacofonia]]
[[Categoria:Substantivo (Dinamarquês)]]
={{-no-}}=
==Substantivo==
'''kakofoni'''
# [[cacofonia]]
[[Categoria:Substantivo (Norueguês)]]
={{-sv-}}=
==Substantivo==
'''kakofoni'''
# [[cacofonia]]
[[Categoria:Substantivo (Sueco)]]
={{-tr-}}=
==Substantivo==
'''kakofoni'''
# [[cacofonia]]
[[Categoria:Substantivo (Turco)]]</text>
<sha1>ehk9aqhy7ykuurq3sdjgu7n1pjxepki</sha1>
</revision>
