<page>
<title>kakorok</title>
<ns>0</ns>
<id>61757</id>
<revision>
<id>1618083</id>
<parentid>1535965</parentid>
<timestamp>2013-01-21T22:25:42Z</timestamp>
<contributor>
<username>MalafayaBot</username>
<id>628</id>
</contributor>
<minor />
<comment>Robô: Substituição de texto automática (-|Figura| +|Entrada com imagem|, -[[Categoria:Figura  +[[Categoria:Entrada com imagem , -|Figura}} +|Entrada com imagem}})</comment>
<model>wikitext</model>
<format>text/x-wiki</format>
<text bytes="524" xml:space="preserve">[[Imagem:Throat.agr.jpg|thumb|100px|'''Kakorok''']]
={{-tet-}}=
==Substantivo==
'''ka.ko.rok'''
# {{escopo|Anatomia}} [[garganta]].
===Verbetes derivados===
{{verTambém.Ini}}
* {{link opcional|kakorok-fukun|tet}}
* {{link opcional|kakorok-talin|tet}}
{{verTambém.Fim}}
==Ver também==
===No Wikcionário===
{{verTambém.Ini}}
* {{link opcional|knoruk|tet}}
{{verTambém.Fim}}
[[Categoria:Substantivo (Tétum)]]
[[Categoria:Trissílabo (Tétum)]]
[[Categoria:Anatomia (Tétum)]]
[[Categoria:Entrada com imagem (Tétum)]]</text>
<sha1>16gvltz5qgdxvsr3t5sg6xxphx420a4</sha1>
</revision>
</page>
