<page>
<page>
<title>kakota</title>
<ns>0</ns>
<id>247496</id>
<revision>
<id>2365792</id>
<parentid>2077457</parentid>
<timestamp>2017-05-03T16:49:28Z</timestamp>
<contributor>
<username>HydrizBot</username>
<id>29590</id>
</contributor>
<minor />
<comment>Robô: A limpar links interwikis antigos</comment>
<model>wikitext</model>
<format>text/x-wiki</format>
<text bytes="333" xml:space="preserve">={{-eo-}}=
==Forma verbal==
'''ka.{{grifar|ko}}.ta'''
# [[particípio]] [[passivo]] [[do]] [[futuro]] do [[verbo]] '''''[[kaki]]'''''
===Conjugação===
{{conj.eo|kak}}
=={{etimologia|eo}}==
{{etimo.eo|kak|-ot-|-a}}
[[Categoria:Forma verbal (Esperanto)]]
[[Categoria:Trissílabo (Esperanto)]]
[[Categoria:Paroxítona (Esperanto)]]</text>
<sha1>1w2nv7gwtk6ajo5xhrwhi9izhic6zkc</sha1>
</revision>
