<page>
<title>kakonta</title>
<ns>0</ns>
<id>247493</id>
<revision>
<id>2365790</id>
<parentid>2077455</parentid>
<timestamp>2017-05-03T16:49:23Z</timestamp>
<contributor>
<username>HydrizBot</username>
<id>29590</id>
</contributor>
<minor />
<comment>Robô: A limpar links interwikis antigos</comment>
<model>wikitext</model>
<format>text/x-wiki</format>
<text bytes="333" xml:space="preserve">={{-eo-}}=
==Forma verbal==
'''ka.{{grifar|kon}}.ta'''
# [[particípio]] [[ativo]] [[do]] [[futuro]] do [[verbo]] '''''[[kaki]]'''''
===Conjugação===
{{conj.eo|kak}}
=={{etimologia|eo}}==
{{etimo.eo|kak|-ont-|-a}}
[[Categoria:Forma verbal (Esperanto)]]
[[Categoria:Trissílabo (Esperanto)]]
[[Categoria:Paroxítona (Esperanto)]]</text>
<sha1>rn12wzo319unyok8om7ic3i2k6oghg9</sha1>
</revision>
</page>
