<page>
<title>kakra</title>
<ns>0</ns>
<id>239003</id>
<revision>
<id>2365793</id>
<parentid>1956297</parentid>
<timestamp>2017-05-03T16:49:30Z</timestamp>
<contributor>
<username>HydrizBot</username>
<id>29590</id>
</contributor>
<minor />
<comment>Robô: A limpar links interwikis antigos</comment>
<model>wikitext</model>
<format>text/x-wiki</format>
<text bytes="310" xml:space="preserve">={{-nfr-}}=
==Substantivo==
'''{{PAGENAME}}'''
# [[lagartixa]]
# [[lagarto]]
==Ver também==
{{tradini|No Wikcionário}}
* [[kaambɛɛlɛɛ]]
* [[kajinyurɔ]]
* [[fiɛn]]
* [[hleɳu]]
* [[kaplɔ]]
* [[jira]]
* [[hlo]]
* [[naknɔ]]
{{tradfim}}
[[Categoria:Substantivo (Nafana)]]
[[Categoria:Réptil (Nafana)]]</text>
<sha1>rc746hs2unsazzjrncpqno3cx8zqr0v</sha1>
</revision>
</page>
