<page>
<title>kaksi</title>
<ns>0</ns>
<id>2354</id>
<revision>
<id>2365795</id>
<parentid>2245697</parentid>
<timestamp>2017-05-03T16:49:43Z</timestamp>
<contributor>
<username>HydrizBot</username>
<id>29590</id>
</contributor>
<minor />
<comment>Robô: A limpar links interwikis antigos</comment>
<model>wikitext</model>
<format>text/x-wiki</format>
<text bytes="218" xml:space="preserve">={{-fi-}}=
== Numeral ==
'''ka.ksi''', ''cardinal'' (''ordinal: '''[[toinen#{{fi}}|toinen]]''''')
# [[dois]] (2).
== Ver também ==
=== No Wikcionário ===
{{números/fi}}
[[Categoria:Numeral (Finlandês)|# 000002]]</text>
<sha1>65q38qy8j1vwu2if2nza38ipn0h3a0k</sha1>
</revision>
</page>
