<page>
<title>Kaksikud</title>
<ns>0</ns>
<id>153234</id>
<revision>
<id>2272040</id>
<parentid>2109669</parentid>
<timestamp>2017-04-26T19:57:56Z</timestamp>
<contributor>
<username>HydrizBot</username>
<id>29590</id>
</contributor>
<minor />
<comment>Robô: A limpar links interwikis antigos</comment>
<model>wikitext</model>
<format>text/x-wiki</format>
<text bytes="195" xml:space="preserve">={{-et-}}=
==Substantivo==
'''Kaksikud''' {{pr}}
#{{escopo|Astrologia}} [[Gêmeos]], terceiro [[signo]] do [[zodíaco]]
[[Categoria:Substantivo (Estoniano)]]
[[Categoria:Astrologia (Estoniano)]]</text>
<sha1>4svkui8o3y89bdmnsu0k93r45xstn62</sha1>
</revision>
</page>
