<page>
<title>Kaksoset</title>
<ns>0</ns>
<id>153235</id>
<revision>
<id>2272041</id>
<parentid>1027900</parentid>
<timestamp>2017-04-26T19:57:58Z</timestamp>
<contributor>
<username>HydrizBot</username>
<id>29590</id>
</contributor>
<minor />
<comment>Robô: A limpar links interwikis antigos</comment>
<model>wikitext</model>
<format>text/x-wiki</format>
<text bytes="197" xml:space="preserve">={{-fi-}}=
==Substantivo==
'''Kaksoset''' {{pr}}
#{{escopo|Astrologia}} [[Gêmeos]], terceiro [[signo]] do [[zodíaco]]
[[Categoria:Substantivo (Finlandês)]]
[[Categoria:Astrologia (Finlandês)]]</text>
<sha1>ilqju4xxi7so31lev4tp2g258y9lzjm</sha1>
</revision>
</page>
