<page>
<page>
<title>kaks</title>
<ns>0</ns>
<id>4296</id>
<revision>
<id>2659586</id>
<parentid>2659585</parentid>
<timestamp>2022-02-08T17:58:33Z</timestamp>
<contributor>
<username>Synoman Barris</username>
<id>78613</id>
</contributor>
<minor />
<comment>Revertidas edições por [[Especial:Contribuições/45.171.26.178|45.171.26.178]] para a última versão por [[Especial:Contribuições/Synoman Barris|Synoman Barris]]</comment>
<model>wikitext</model>
<format>text/x-wiki</format>
<text bytes="531" xml:space="preserve">{{Wikipédia|lang=et}}
={{-et-}}=
==Numeral==
'''kaks''', ''cardinal''
# o [[número]] [[dois]]
==Ver também==
===No Wikcionário===
{{números/et}}
[[Categoria:Numeral (Estoniano)|# 000002]]
={{-fi-}}=
==Numeral==
'''kaks''', ''cardinal''
# {{escopo|Coloquial}} [[dois]]
==Ver também==
===No Wikcionário===
{{números/fi}}
[[Categoria:Numeral (Finlandês)|# 000002]]
={{-vep-}}=
==Numeral==
'''kaks''', cardinal
# [[dois]]
==Ver também==
===No Wikcionário===
{{números/vep}}
[[Categoria:Numeral (Vepso)|# 000002]]</text>
<sha1>tolb5vjrgze1awxtvc7749jd786hzj0</sha1>
</revision>
