<page>
<title>kakto</title>
<ns>0</ns>
<id>263078</id>
<revision>
<id>2365800</id>
<parentid>2240571</parentid>
<timestamp>2017-05-03T16:50:04Z</timestamp>
<contributor>
<username>HydrizBot</username>
<id>29590</id>
</contributor>
<minor />
<comment>Robô: A limpar links interwikis antigos</comment>
<model>wikitext</model>
<format>text/x-wiki</format>
<text bytes="590" xml:space="preserve">[[Imagem:Ferocactus pilosus1.jpg|thumb|70px|right|&lt;center&gt;kakto&lt;/center&gt;]]
={{-eo-}}=
==Substantivo==
'''{{grifar|kak}}.to'''
# [[cacto]]
===Declinação===
{{decl.eo.subst}}
=={{etimologia|eo}}==
:Do [[grego]] {{etimo|el|κάκτος}} ''(káktos)''.
{{etimo.eo|kakt|-o}}
=={{pronúncia}}==
* [[AFI]]: {{AFI|/ˈkak.tɔ/}}.
[[Categoria:Substantivo (Esperanto)]]
[[Categoria:Dissílabo (Esperanto)]]
[[Categoria:Entrada de étimo grego antigo (Esperanto)]]
[[Categoria:Entrada com pronúncia (Esperanto)]]
[[Categoria:Entrada com imagem (Esperanto)]]
[[Categoria:Botânica (Esperanto)]]</text>
<sha1>qmvzdwn76zrll433e0sycbooi1x6ggm</sha1>
</revision>
</page>
