<page>
<page>
<title>kakuuk</title>
<ns>0</ns>
<id>61761</id>
<revision>
<id>1306335</id>
<parentid>1084115</parentid>
<timestamp>2011-11-28T23:39:32Z</timestamp>
<contributor>
<username>MalafayaBot</username>
<id>628</id>
</contributor>
<minor />
<comment>Robô: Substituição de texto automática (-^\=(\s*?)Tétum(\s*?)\= +={{-tet-}}= &amp; -^\=(\s*?)\{\{tet\}\}(\s*?)\= +={{-tet-}}=)</comment>
<model>wikitext</model>
<format>text/x-wiki</format>
<text bytes="116" xml:space="preserve">={{-tet-}}=
==Substantivo==
'''kakuuk'''
# [[coruja]]
[[Categoria:Substantivo (Tétum)]]
[[Categoria:Ave (Tétum)]]</text>
<sha1>2hwmm8lolw8vjqavghfs1r34sngranm</sha1>
</revision>
