<page>
<page>
<title>kakus</title>
<ns>0</ns>
<id>247490</id>
<revision>
<id>2365803</id>
<parentid>2077460</parentid>
<timestamp>2017-05-03T16:50:13Z</timestamp>
<contributor>
<username>HydrizBot</username>
<id>29590</id>
</contributor>
<minor />
<comment>Robô: A limpar links interwikis antigos</comment>
<model>wikitext</model>
<format>text/x-wiki</format>
<text bytes="296" xml:space="preserve">={{-eo-}}=
==Forma verbal==
'''{{grifar|ka}}.kus'''
# [[condicional]] do [[verbo]] '''''[[kaki]]'''''
===Conjugação===
{{conj.eo|kak}}
=={{etimologia|eo}}==
{{etimo.eo|kak|-us}}
[[Categoria:Forma verbal (Esperanto)]]
[[Categoria:Dissílabo (Esperanto)]]
[[Categoria:Paroxítona (Esperanto)]]</text>
<sha1>tugcgf1lbrjje8lvcdtr9az7zpnlp3e</sha1>
</revision>
