<page>
<page>
<title>kakurega</title>
<ns>0</ns>
<id>125994</id>
<revision>
<id>2219315</id>
<parentid>2093908</parentid>
<timestamp>2017-01-05T16:14:18Z</timestamp>
<contributor>
<username>Tribuno da Plebe</username>
<id>16095</id>
</contributor>
<model>wikitext</model>
<format>text/x-wiki</format>
<text bytes="114" xml:space="preserve">={{-ja-}}=
==Transliteração==
# transliteração de [[かくれが]]
[[Categoria:Transliteração (Japonês)]]</text>
<sha1>nnlzfmkfh2chi2tw6y16q209agw458z</sha1>
</revision>
