<page>
<page>
<title>kakusu</title>
<ns>0</ns>
<id>125137</id>
<revision>
<id>2365804</id>
<parentid>2219317</parentid>
<timestamp>2017-05-03T16:50:15Z</timestamp>
<contributor>
<username>HydrizBot</username>
<id>29590</id>
</contributor>
<minor />
<comment>Robô: A limpar links interwikis antigos</comment>
<model>wikitext</model>
<format>text/x-wiki</format>
<text bytes="111" xml:space="preserve">={{-ja-}}=
==Transliteração==
# transliteração de [[かくす]]
[[Categoria:Transliteração (Japonês)]]</text>
<sha1>1g86j0nwnynxy8hwpgyxz77svgqbkac</sha1>
</revision>
