<page>
<title>kalakuna</title>
<ns>0</ns>
<id>34107</id>
<revision>
<id>2365811</id>
<parentid>2128157</parentid>
<timestamp>2017-05-03T16:50:53Z</timestamp>
<contributor>
<username>HydrizBot</username>
<id>29590</id>
</contributor>
<minor />
<comment>Robô: A limpar links interwikis antigos</comment>
<model>wikitext</model>
<format>text/x-wiki</format>
<text bytes="124" xml:space="preserve">={{-pap-}}=
==Substantivo==
'''kalakuna'''
# [[peru]]
[[Categoria:Substantivo (Papiamento)]]
[[Categoria:Ave (Papiamento)]]</text>
<sha1>8jkpe37tf57hky3bgm66n4yv2n12559</sha1>
</revision>
</page>
