<page>
<page>
<title>kalabasa</title>
<ns>0</ns>
<id>206919</id>
<revision>
<id>2365809</id>
<parentid>2128159</parentid>
<timestamp>2017-05-03T16:50:47Z</timestamp>
<contributor>
<username>HydrizBot</username>
<id>29590</id>
</contributor>
<minor />
<comment>Robô: A limpar links interwikis antigos</comment>
<model>wikitext</model>
<format>text/x-wiki</format>
<text bytes="452" xml:space="preserve">={{-fil-}}=
==Substantivo==
'''kalabasa'''
#{{escopo|fruto}} [[abóbora]]
[[Categoria:Substantivo (Filipino)]]
[[Categoria:Fruta (Filipino)]]
={{-hil-}}=
==Substantivo==
'''kalabasa'''
#{{escopo|fruto}} [[abóbora]]
[[Categoria:Substantivo (Hiligaynon)]]
[[Categoria:Fruta (Hiligaynon)]]
={{-tl-}}=
{{Wikipédia|lang=tl}}
==Substantivo==
'''kalabasa'''
#{{escopo|fruto}} [[abóbora]]
[[Categoria:Substantivo (Tagalo)]]
[[Categoria:Fruta (Tagalo)]]</text>
<sha1>940oslh4ym405v3x0p4w3igdfi3mlyf</sha1>
</revision>
