<page>
<page>
<title>Kalat</title>
<ns>0</ns>
<id>162888</id>
<revision>
<id>2272044</id>
<parentid>1027607</parentid>
<timestamp>2017-04-26T19:58:06Z</timestamp>
<contributor>
<username>HydrizBot</username>
<id>29590</id>
</contributor>
<minor />
<comment>Robô: A limpar links interwikis antigos</comment>
<model>wikitext</model>
<format>text/x-wiki</format>
<text bytes="204" xml:space="preserve">={{-fi-}}=
==Substantivo==
'''Kalat''' {{pr}}
#{{escopo|Astrologia}} [[Peixes]], [[décimo segundo]] [[signo]] do [[zodíaco]]
[[Categoria:Substantivo (Finlandês)]]
[[Categoria:Astrologia (Finlandês)]]</text>
<sha1>bztsc8aht67ymt8lk6nlvfccd8p8po7</sha1>
</revision>
