<page>
<page>
<title>kala</title>
<ns>0</ns>
<id>6120</id>
<revision>
<id>2690641</id>
<parentid>2689699</parentid>
<timestamp>2022-10-27T05:37:03Z</timestamp>
<contributor>
<username>InternetArchiveBot</username>
<id>81604</id>
</contributor>
<comment>Rescuing 4 sources and tagging 0 as dead.) #IABot (v2.0.9.2</comment>
<model>wikitext</model>
<format>text/x-wiki</format>
<text bytes="10820" xml:space="preserve">[[Imagem:Mezgitb.jpg|thumb|250px|'''Kala''' (&quot;[[peixe]]&quot;)]]
={{-bi-}}=
==Substantivo==
'''ka.la'''
# [[cor]]
===Verbetes derivados===
{{verTambém.Ini}}
* {{link opcional|kalakala|bi}}
{{verTambém.Fim}}
=={{etimologia|bi}}==
{{llietimo|en|colour|bi}}
==Ver também==
===No Wikcionário===
{{verTambém.Ini}}
* [[Apêndice:Cores]] 
{{verTambém.Fim}}
===Referências===
{{verTambém.Ini}}
* [https://web.archive.org/web/20090915215812/http://www.mihalicdictionary.org/M2/LetterK/kala.htm ''kala'' no Mihalic Project (em inglês)] 
{{verTambém.Fim}}
[[Categoria:Substantivo (Bislamá)]]
[[Categoria:Dissílabo (Bislamá)]]
[[Categoria:Cor (Bislamá)]]
={{-br-}}=
==Substantivo==
'''{{grifar|ka}}.la''', {{gramática|m}}
# [[primeiro]] [[dia]] do [[mês]]:
#* '''''kala'''-Mae''
#* '''Nota''': usado diante do nome de um mês ou período do ano.
===Expressões===
* '''Kala-Genver''': primeiro do ano, dia primeiro de Janeiro.
=={{etimologia|br}}==
{{llietimo|la|calendae|br}}
=={{pronúncia|br}}==
* [[AFI]]: {{AFI|/ˈkɑ.la/}}
* [[X-SAMPA]]: /&quot;kA.la/
==Ver também==
===Referências===
{{verTambém.Ini}}
* [http://www.preder.net/klask.php?ger=brezhoneg&amp;key=kala ''kala'' no PREDER (em bretão)] 
{{verTambém.Fim}}
[[Categoria:Substantivo (Bretão)]]
[[Categoria:Dissílabo (Bretão)]]
[[Categoria:Paroxítona (Bretão)]]
[[Categoria:Tempo (Bretão)]]
={{-krl-}}=
==Substantivo==
'''ka.la''' 
# {{escopo|krl|Zoologia}} [[peixe]]
=={{etimologia|krl}}==
: Do [[proto-urálico]] *''kala''.
===Cognatos===
{{verTambém.Ini}}
* {{trad|et|kala}}
* {{trad|fi|kala}}
* {{trad|hu|hal}}
{{verTambém.NovaColuna}}
* {{trad|se|guolli}}
* {{trad|vep|kala}}
{{verTambém.Fim}}
[[Categoria:Substantivo (Carélio)]]
[[Categoria:Dissílabo (Carélio)]]
[[Categoria:Animal (Carélio)]]
[[Categoria:Peixe (Carélio)]]
[[Categoria:Entrada com imagem (Carélio)]]
={{-tcs-}}=
==Substantivo==
'''ka.la'''
# [[cor]]
=={{etimologia|tcs}}==
{{llietimo|en|colour|tcs}}
==Ver também==
===No Wikcionário===
{{verTambém.Ini}}
* [[Apêndice:Cores]] 
{{verTambém.Fim}}
===Referências===
{{verTambém.Ini}}
* [https://web.archive.org/web/20090915215812/http://www.mihalicdictionary.org/M2/LetterK/kala.htm ''kala'' no Mihalic Project (em inglês)] 
{{verTambém.Fim}}
[[Categoria:Substantivo (Crioulo do Estreito de Torres)]]
[[Categoria:Dissílabo (Crioulo do Estreito de Torres)]]
[[Categoria:Cor (Crioulo do Estreito de Torres)]]
={{-eo-}}=
==Adjetivo==
'''{{grifar|ka}}.la''' 
# [[caloso]], [[calejado]]
===Declinação===
{{decl.eo.subst}}
=={{etimologia|eo}}==
{{etimo.eo|kal|-a}}
=={{pronúncia|eo}}==
* [[AFI]]: {{AFI|/ˈka.la/}}, {{AFI|/ˈkɑ.lɑ/}}
* [[X-SAMPA]]: /&quot;ka.la/, /&quot;kA.lA/
==Ver também==
===No Wikcionário===
{{verTambém.Ini}}
* {{link opcional|kalo|eo}}
{{verTambém.Fim}}
===Referências===
{{verTambém.Ini}}
* [http://www.reta-vortaro.de/revo/art/kal.html#kal.0a ''kala'' no Reta Vortaro (em esperanto)] 
{{verTambém.Fim}}
[[Categoria:Adjetivo (Esperanto)]]
[[Categoria:Dissílabo (Esperanto)]]
[[Categoria:Paroxítona (Esperanto)]]
={{-et-}}=
==Substantivo==
'''{{grifar|ka}}.la''' 
# {{escopo|et|Zoologia}} [[peixe]]
===Expressões===
* '''[[ei liha ega kala]]''': nem uma coisa nem outra.
===Verbetes derivados===
{{verTambém.Ini}}
* {{link opcional|kalastama|et}}
* {{link opcional|püügikala|et}}
{{verTambém.Fim}}
=={{etimologia|et}}==
: Do [[proto-urálico]] *''kala''.
===Cognatos===
{{verTambém.Ini}}
* {{trad|krl|kala}}
* {{trad|fi|kala}}
* {{trad|hu|hal}}
{{verTambém.NovaColuna}}
* {{trad|se|guolli}}
* {{trad|vep|kala}}
{{verTambém.Fim}}
=={{pronúncia|et}}==
* [[AFI]]: {{AFI|/ˈkɑ.lɑ/}}
* [[X-SAMPA]]: /&quot;kA.lA/
==Ver também==
===Referências===
{{verTambém.Ini}}
* [http://aare.pri.ee/dictionary.html?query=kala&amp;lang=ee&amp;meth=exact&amp;switch=en&amp;otsi=search ''kala'' no Estonian-English-Estonian Dictionary  (aare.pri.ee) (em estoniano e inglês)]
* [http://dict.ibs.ee/translate.cgi?word=kala&amp;language=Estonian ''kala'' no English-Estonian Dictionary (Institute of Baltic Studies) (em inglês)]
{{verTambém.Fim}}
[[Categoria:Substantivo (Estoniano)]]
[[Categoria:Dissílabo (Estoniano)]]
[[Categoria:Paroxítona (Estoniano)]]
[[Categoria:Animal (Estoniano)]]
[[Categoria:Peixe (Estoniano)]]
[[Categoria:Entrada com imagem (Estoniano)]]
={{-fi-}}=
==Substantivo==
'''{{grifar|ka}}.la''' 
# {{escopo|fi|Zoologia}} [[peixe]]
# [[pescado]], [[carne]] [[de]] [[peixe]] [[como]] [[alimento#Substantivo|alimento]]:
#* ''Syökää jouluna '''kalaa'''.'' &lt;small&gt;(Coma peixe no Natal.)&lt;/small&gt;
# [[fruto do mar]]
===Declinação===
{{decl.fi.subst.9|kal|}}
===Sinônimos===
* {{escopo2|Coloquial}} {{link opcional|fisu|fi}}
===Verbetes derivados===
{{verTambém.Ini}}
* {{link opcional|kalakanta|fi}}
* {{link opcional|kalakauppa|fi}}
* {{link opcional|kalakeitto|fi}}
* {{link opcional|kalakukko|fi}}
* {{link opcional|kalaliima|fi}}
* {{link opcional|kalalokki|fi}}
{{verTambém.NovaColuna}}
* {{link opcional|kalankasvattamo|fi}}
* {{link opcional|kalanmaksaöljy|fi}}
* {{link opcional|kalanruotomalli|fi}}
* {{link opcional|kalapuikko|fi}}
* {{link opcional|kalastaa|fi}}
{{verTambém.NovaColuna}}
* {{link opcional|kalastaja|fi}}
* {{link opcional|kalastella|fi}}
* {{link opcional|kalastus|fi}}
* {{link opcional|Kalat|fi}}
* {{link opcional|kapakala|fi}}
{{verTambém.NovaColuna}}
* {{link opcional|kivikala|fi}}
* {{link opcional|mustekala kalastaa|fi}}
* {{link opcional|petokala|fi}}
* {{link opcional|pikkukala|fi}}
* {{link opcional|roskakala|fi}}
{{verTambém.Fim}}
=={{etimologia|fi}}==
: Do [[proto-urálico]] *''kala''.
===Cognatos===
{{verTambém.Ini}}
* {{trad|krl|kala}}
* {{trad|et|kala}}
* {{trad|hu|hal}}
{{verTambém.NovaColuna}}
* {{trad|se|guolli}}
* {{trad|vep|kala}}
{{verTambém.Fim}}
=={{pronúncia|fi}}==
* [[AFI]]: {{AFI|/ˈkɑ.lɑ/}}
* [[X-SAMPA]]: /&quot;kA.lA/
==Ver também==
===Referências===
{{verTambém.Ini}}
* [http://kaannos.com/haku-sanakirjasta-suomi-portugali-kala.htm ''kala'' no Kaannos.com (suomi-portugali) (em finlandês)]
* [http://www.sanakirja.org/search.php?q=kala&amp;l=17&amp;l2=12 ''kala'' no Sanakirja.org (em finlandês e inglês)]
{{verTambém.Fim}}
[[Categoria:Substantivo (Finlandês)]]
[[Categoria:Dissílabo (Finlandês)]]
[[Categoria:Paroxítona (Finlandês)]]
[[Categoria:Alimentação (Finlandês)]]
[[Categoria:Peixe (Finlandês)]]
[[Categoria:Animal (Finlandês)]]
[[Categoria:Entrada com imagem (Finlandês)]]
={{-io-}}=
==Adjetivo==
'''{{grifar|ka}}.la''' 
# [[caloso]], [[calejado]]
===Sinônimos===
* {{link opcional|kalatra|io}}, {{link opcional|kaloza|io}}
=={{etimologia|io}}==
{{etimo.io|kal|-a}}
=={{pronúncia|io}}==
* [[AFI]]: {{AFI|/ˈka.la/}}, {{AFI|/ˈkɑ.lɑ/}}
* [[X-SAMPA]]: /&quot;ka.la/, /&quot;kA.lA/
==Ver também==
===No Wikcionário===
{{verTambém.Ini}}
* {{link opcional|kalo|io}}
{{verTambém.Fim}}
[[Categoria:Adjetivo (Ido)]]
[[Categoria:Dissílabo (Ido)]]
[[Categoria:Paroxítona (Ido)]]
={{-id-}}=
==Substantivo==
[[Imagem:Black scorpion.jpg|thumb|175px|'''Kala'''&lt;sup&gt;2&lt;/sup&gt;]]
'''ka.la''' 
# [[momento]], [[período]], [[tempo]]
# {{escopo|id|Zoologia}} [[escorpião]], [[aracnídeo]] da [[ordem]] ''[[wikispecies:Scorpiones|Scorpiones]]''
===Sinônimos===
* De '''2''': {{link opcional|kalajengking|id}}
===Verbetes derivados===
{{verTambém.Ini}}
* {{link opcional|berkala|id}}
* {{link opcional|berkala-kala|id}}
* {{link opcional|kala edaran|id}}
{{verTambém.Fim}}
=={{etimologia|id}}==
* De '''1''':
: Do [[sânscrito]];
* De '''2''':
: Forma abreviada de {{etimo|id|kalajengking}}.
==Ver também==
===Referências===
{{verTambém.Ini}}
* [https://web.archive.org/web/20090805021214/http://pusatbahasa.diknas.go.id/kbbi/index.php Kamus Besar Bahasa Indonesia (em indonésio)]
* [https://web.archive.org/web/20160304234625/http://kamus.orisinil.com/indonesia-english/kala ''kala'' no Kamus Orisinil (em inglês)]
{{verTambém.Fim}}
[[Categoria:Substantivo (Indonésio)]]
[[Categoria:Dissílabo (Indonésio)]]
[[Categoria:Aracnídeo (Indonésio)]]
[[Categoria:Entrada com imagem (Indonésio)]]
={{-mkw-}}=
==Substantivo==
'''ka.la''' ''classe 5''
# [[carvão]]
[[Categoria:Substantivo (Kituba)]]
[[Categoria:Dissílabo (Kituba)]]
={{-ln-}}=
==Advérbio==
'''{{grifar|ka}}.la'''
# [[antigamente]], [[outrora]], [[haver|há]] [[muito]] [[tempo]]
===Expressões===
* '''ya kala''': [[antigo]]
=={{pronúncia|ln}}==
* [[AFI]]: {{AFI|/ˈka.la/}}
* [[X-SAMPA]]: /&quot;ka.la/
[[Categoria:Advérbio (Lingala)]]
[[Categoria:Dissílabo (Lingala)]]
={{-sv-}}=
==Forma de adjetivo==
'''ka.la'''
# forma definida não-masculina de [[kal]]
{{avi-for-fle|kal}}
'''ka.la''' {{p}}
# {{cont|2}} forma plural de [[kal]]
[[Categoria:Forma de adjetivo (Sueco)]]
[[Categoria:Dissílabo (Sueco)]]
={{-tet-}}=
==Advérbio==
'''ka.la''' 
# [[talvez]]
[[Categoria:Advérbio (Tétum)]]
[[Categoria:Dissílabo (Tétum)]]
={{-tpi-}}=
==Substantivo==
'''ka.la'''
# [[cor]]
==Ver também==
===No Wikcionário===
{{verTambém.Ini}}
* [[Apêndice:Cores]] 
{{verTambém.Fim}}
=={{etimologia|tpi}}==
{{llietimo|en|colour|tpi}}
===Referências===
{{verTambém.Ini}}
* [https://web.archive.org/web/20090915215812/http://www.mihalicdictionary.org/M2/LetterK/kala.htm ''kala'' no Mihalic Project (em inglês)] 
{{verTambém.Fim}}
[[Categoria:Substantivo (Tok Pisin)]]
[[Categoria:Dissílabo (Tok Pisin)]]
[[Categoria:Cor (Tok Pisin)]]
={{-tok-}}=
==Substantivo==
'''{{grifar|ka}}.la'''
# {{escopo|tok|Zoologia}} [[peixe]]
# {{escopo|tok|Zoologia}} [[animal]] [[aquático]]
=={{pronúncia|tpi}}==
* [[AFI]]: {{AFI|/ˈka.la/}}, {{AFI|/ˈga.la/}}
* [[X-SAMPA]]: /&quot;ka.la/, /&quot;ga.la/
==Ver também==
===Referências===
{{verTambém.Ini}}
* [http://www.tokipona.org/nimi.html Toki Pona official word list (em inglês)]
{{verTambém.Fim}}
[[Categoria:Substantivo (Toki Pona)]]
[[Categoria:Dissílabo (Toki Pona)]]
[[Categoria:Animal (Toki Pona)]]
[[Categoria:Peixe (Toki Pona)]]
[[Categoria:Entrada com imagem (Toki Pona)]]
={{-vep-}}=
==Substantivo==
'''ka.la''' 
# {{escopo|vep|Zoologia}} [[peixe]]
=={{etimologia|vep}}==
: Do [[proto-urálico]] *''kala''.
===Cognatos===
{{verTambém.Ini}}
* {{trad|krl|kala}}
* {{trad|et|kala}}
* {{trad|fi|kala}}
{{verTambém.NovaColuna}}
* {{trad|hu|hal}}
* {{trad|se|guolli}}
{{verTambém.Fim}}
[[Categoria:Substantivo (Vepso)]]
[[Categoria:Dissílabo (Vepso)]]
[[Categoria:Animal (Vepso)]]
[[Categoria:Peixe (Vepso)]]
[[Categoria:Entrada com imagem (Vepso)]]
={{-vot-}}=
==Substantivo==
'''ka.la''' 
# {{escopo|vot|Zoologia}} [[peixe]]
=={{etimologia|vot}}==
: Do [[proto-urálico]] *''kala''.
===Cognatos===
{{verTambém.Ini}}
* {{trad|krl|kala}}
* {{trad|et|kala}}
* {{trad|fi|kala}}
{{verTambém.NovaColuna}}
* {{trad|hu|hal}}
* {{trad|se|guolli}}
{{verTambém.Fim}}
[[Categoria:Substantivo (Voto)]]
[[Categoria:Animal (Voto)]]</text>
<sha1>agw2tas3bmba95mkxcw93tgyjvr2lax</sha1>
</revision>
