<page>
<page>
<title>Kalaallisut</title>
<ns>0</ns>
<id>108256</id>
<revision>
<id>2272042</id>
<parentid>2038864</parentid>
<timestamp>2017-04-26T19:58:01Z</timestamp>
<contributor>
<username>HydrizBot</username>
<id>29590</id>
</contributor>
<minor />
<comment>Robô: A limpar links interwikis antigos</comment>
<model>wikitext</model>
<format>text/x-wiki</format>
<text bytes="303" xml:space="preserve">={{-kl-}}=
==Substantivo==
'''Ka.la.al.li.sut'''
# {{escopo|linguística}} [[gronelandês]]/[[groenlandês]], [[língua]] [[gronelandês|gronelandesa]]/[[groenlandês|groenlandesa]].
[[Categoria:Substantivo (Groenlandês)]]
[[Categoria:Polissílabo (Groenlandês)]]
[[Categoria:Língua (Groenlandês)]]</text>
<sha1>ocrncpe19y2bfvkt58tlzgspo1mcvdv</sha1>
</revision>
