<page>
<title>kalapatchi</title>
<ns>0</ns>
<id>14856</id>
<revision>
<id>1325996</id>
<parentid>1090996</parentid>
<timestamp>2011-12-08T01:03:12Z</timestamp>
<contributor>
<username>MalafayaBot</username>
<id>628</id>
</contributor>
<minor />
<comment>Robô: Substituição de texto automática (-^\=(\s*?)(\{\{kea\}\}|Cabo\-?verdiano)(\s*?)\= +={{-kea-}}=)</comment>
<model>wikitext</model>
<format>text/x-wiki</format>
<text bytes="126" xml:space="preserve">={{-kea-}}=
==Verbo==
'''kalapatchi'''
# [[baralhar]]
# [[amachucar]] ([[papel|papéis]])
[[Categoria:Verbo (Cabo-verdiano)]]</text>
<sha1>az15lv494camgzrssdmwpk2d3b25tig</sha1>
</revision>
</page>
