<page>
<title>kalam</title>
<ns>0</ns>
<id>33032</id>
<revision>
<id>2365812</id>
<parentid>2106994</parentid>
<timestamp>2017-05-03T16:50:56Z</timestamp>
<contributor>
<username>HydrizBot</username>
<id>29590</id>
</contributor>
<minor />
<comment>Robô: A limpar links interwikis antigos</comment>
<model>wikitext</model>
<format>text/x-wiki</format>
<text bytes="131" xml:space="preserve">={{-sgh-}}=
==Substantivo==
'''kalam'''
# [[lápis]]
# [[caneta]]
# [[pena]] (''de escrever'')
[[Categoria:Substantivo (Roshani)]]</text>
<sha1>sph8kudyyxxndx9ixgy2a5fukveizg5</sha1>
</revision>
</page>
