<page>
<page>
<title>Kalad</title>
<ns>0</ns>
<id>162887</id>
<revision>
<id>2272043</id>
<parentid>676666</parentid>
<timestamp>2017-04-26T19:58:03Z</timestamp>
<contributor>
<username>HydrizBot</username>
<id>29590</id>
</contributor>
<minor />
<comment>Robô: A limpar links interwikis antigos</comment>
<model>wikitext</model>
<format>text/x-wiki</format>
<text bytes="202" xml:space="preserve">={{-et-}}=
==Substantivo==
'''Kalad''' {{pr}}
#{{escopo|Astrologia}} [[Peixes]], [[décimo segundo]] [[signo]] do [[zodíaco]]
[[Categoria:Substantivo (Estoniano)]]
[[Categoria:Astrologia (Estoniano)]]</text>
<sha1>o6i2ns9g2fj9m10ggwh5grit5qyquj1</sha1>
</revision>
