<page>
<page>
<title>kalasha</title>
<ns>0</ns>
<id>436155</id>
<revision>
<id>2643917</id>
<timestamp>2021-07-30T02:56:31Z</timestamp>
<contributor>
<username>Leonardo José Raimundo</username>
<id>43489</id>
</contributor>
<comment>Eu estou criando a palavra &quot;kalasha&quot;.</comment>
<model>wikitext</model>
<format>text/x-wiki</format>
<text bytes="192" xml:space="preserve">={{-pt-}}=
==Substantivo==
{{paroxítona|ka|la|sha}}
# {{escopo|pt|Língua}} língua [[indo-iraniano|indo-iraniana]] falada na [[cordilheira]] Indocuche
[[Categoria:Substantivo (Português)]]</text>
<sha1>g2ylankod0lw3pf9xgipzi4za2vc2o1</sha1>
</revision>
