<page>
<page>
<title>kalabaza</title>
<ns>0</ns>
<id>206896</id>
<revision>
<id>2365810</id>
<parentid>2128158</parentid>
<timestamp>2017-05-03T16:50:50Z</timestamp>
<contributor>
<username>HydrizBot</username>
<id>29590</id>
</contributor>
<minor />
<comment>Robô: A limpar links interwikis antigos</comment>
<model>wikitext</model>
<format>text/x-wiki</format>
<text bytes="158" xml:space="preserve">={{-eu-}}=
{{Wikipédia|lang=eu}}
==Substantivo==
'''kalabaza'''
#{{escopo|fruto}} [[abóbora]]
[[Categoria:Substantivo (Basco)]]
[[Categoria:Fruta (Basco)]]</text>
<sha1>ha082ed1pei8i5q6edmryu40f7ba76u</sha1>
</revision>
