<page>
<page>
<title>kalabora</title>
<ns>0</ns>
<id>14855</id>
<revision>
<id>1325995</id>
<parentid>1090998</parentid>
<timestamp>2011-12-08T01:03:11Z</timestamp>
<contributor>
<username>MalafayaBot</username>
<id>628</id>
</contributor>
<minor />
<comment>Robô: Substituição de texto automática (-^\=(\s*?)(\{\{kea\}\}|Cabo\-?verdiano)(\s*?)\= +={{-kea-}}=)</comment>
<model>wikitext</model>
<format>text/x-wiki</format>
<text bytes="89" xml:space="preserve">={{-kea-}}=
==Verbo==
'''kalabora'''
# [[colaborar]]
[[Categoria:Verbo (Cabo-verdiano)]]</text>
<sha1>tf1r0w8b4x82wlvow6aq4nsfa5v39vy</sha1>
</revision>
