<page>
<page>
<title>kalba</title>
<ns>0</ns>
<id>274159</id>
<revision>
<id>2690642</id>
<parentid>2365816</parentid>
<timestamp>2022-10-27T05:37:14Z</timestamp>
<contributor>
<username>InternetArchiveBot</username>
<id>81604</id>
</contributor>
<comment>Rescuing 1 sources and tagging 0 as dead.) #IABot (v2.0.9.2</comment>
<model>wikitext</model>
<format>text/x-wiki</format>
<text bytes="3342" xml:space="preserve">={{-lt-}}=
{{Wikipédia|lang=lt}}
{{ver também|kalbą}}
==Forma de substantivo==
'''{{grifar|kàl}}.ba''' {{f}}
# [[vocativo]] [[singular]] de '''''kalba'''''.
==Forma verbal==
'''{{grifar|kàl}}.ba'''
# [[terceira pessoa]] do [[singular]] do {{l.s.|presente}} do [[indicativo]] do [[verbo]] '''''{{link preto|kalbėti}}''''';
# {{o/a|terceir}} [[pessoa]] do [[plural]] do presente do indicativo do verbo '''''kalbėti'''''.
==Substantivo==
'''kal.{{grifar|bà}}''' {{f}}
# {{escopo|linguística}} [[língua]], [[idioma]];
# {{escopo|linguística}} [[linguagem]];
# {{escopo|linguística}} {{l.s.|fala}};
# {{escopo|linguística}} {{l.s.|discurso}};
# {{escopo|gramática}} discurso;
# [[papo]], {{l.s.|conversa}}.
===Declinação===
{{decl.lt.subst.fem.2.a|kalb|kal̃b|4}}
===Sinónimos===
* De '''3''': {{link preto|kalbėjimas}}, {{link preto|šneka}}
* De '''4''': {{link preto|prakalba}}
* De '''6''': {{link preto|pokalbis}}
===Locuções e expressões===
* '''dirbtinė kalba''': {{link preto|língua artificial}}
* '''gestų/ženklų kalba''': {{link preto|língua de sinais}}
* '''kompiuterinė kalba''': {{escopo|informática}} [[linguagem de programação]]
* '''{{link preto|lietuvių kalba}}''': {{l.s.|lituano}}, [[língua]] {{o/a|lituan}}
* '''{{link preto|netiesioginė kalba}}''': {{escopo|gramática}} {{link preto|discurso indireto}}
* '''{{link preto|portugalų kalba}}''': {{l.s.|português}}, língua {{o/a|portugu|esa|ês}}
* '''{{link preto|romanų kalbų}}''': {{link preto|língua românica}}
* '''{{link preto|tiesioginė kalba}}''': {{escopo|gramática}} {{link preto|discurso indireto}}
===Termos derivados===
{{verTambém.Ini}}
* {{link preto|apkalba}}
* {{link preto|atkalba}}
* {{link preto|įkalba}}
{{verTambém.NovaColuna|34}}
* {{link preto|iškalba}}
* {{link preto|kalbėti}}
* {{link preto|nesukalbamas}}
{{verTambém.NovaColuna|33}}
* {{link preto|prakalba}}
* {{link preto|sukalbamas}}
* {{link preto|sukalbamumas}}
{{verTambém.Fim}}
==Pronúncia==
* '''Formas de substantivo e verbal''':
** [[AFI]]: {{AFI|/ˈkɐl.bɐ/}}
** [[X-SAMPA]]: /&quot;k6l.b6/
* '''Substantivo''':
** [[AFI]]: {{AFI|/kɐlˈbɐ/}}
** [[X-SAMPA]]: /k6l&quot;b6/
==Ver também==
===No Wikcionário===
{{verTambém.Ini}}
* {{link preto|dialektas}}/{{link preto|tarmė}}
* {{link idioma|gramatika|lt}}
* {{link preto|kalbotyra}}
{{verTambém.Fim}}
===Referências===
{{verTambém.Ini}}
* [http://www.lietuviu-anglu.com/kalba/ ''kalba'' no Lietuvių Anglų žodynas (Lietuvių-anglų.com) (em lituano)]
* [https://web.archive.org/web/20111022140457/http://www.lt-en.lt/kalba ''kalba'' no Lietuvių Anglų žodynas (Lt-en.lt) (em lituano)]
{{verTambém.Fim}}
[[Categoria:Forma de substantivo (Lituano)]]
[[Categoria:Forma verbal (Lituano)]]
[[Categoria:Substantivo (Lituano)]]
[[Categoria:Dissílabo (Lituano)]]
[[Categoria:Oxítona (Lituano)]]
[[Categoria:Paroxítona (Lituano)]]
[[Categoria:Linguística (Lituano)]]
[[Categoria:Língua (Lituano)|*]]
[[Categoria:Entrada com pronúncia (Lituano)]]
={{-sgs-}}=
{{Wikipédia|lang=sgs}}
==Substantivo==
'''kal.ba''' {{f}}
# {{escopo|linguística}} [[língua]], [[idioma]].
===Declinação===
{{decl.sgs.subst.fem.a|kalb}}
[[Categoria:Substantivo (Samogiciano)]]
[[Categoria:Dissílabo (Samogiciano)]]
[[Categoria:Linguística (Samogiciano)]]
[[Categoria:Língua (Samogiciano)|*]]</text>
<sha1>of452lmfw0opnxxahktf0cheiaedn6a</sha1>
</revision>
