<page>
<title>kalcis</title>
<ns>0</ns>
<id>405462</id>
<revision>
<id>2532905</id>
<timestamp>2019-01-13T17:51:12Z</timestamp>
<contributor>
<username>Amigo7</username>
<id>58547</id>
</contributor>
<comment>Criação do verbete a partir da [[Especial:Páginas_pedidas|lista de palavras pedidas]]</comment>
<model>wikitext</model>
<format>text/x-wiki</format>
<text bytes="246" xml:space="preserve">{{Wikipédia|lang=lt}}
={{-lt-}}=
==Substantivo==
{{elementos|Ca|kalis|K|skandis|Sc}}
'''kalcis'''
# {{escopo|lt|Elemento químico}} [[cálcio]]
==Ver também==
===No Wikcionário===
{{tabela periódica/lt}}
[[Categoria:Substantivo (Lituano)]]</text>
<sha1>rca08aqdfgwbsklmt3zm79bdd3xph5j</sha1>
</revision>
</page>
