<page>
<title>kalcij</title>
<ns>0</ns>
<id>262087</id>
<revision>
<id>2365817</id>
<parentid>2016761</parentid>
<timestamp>2017-05-03T16:51:22Z</timestamp>
<contributor>
<username>HydrizBot</username>
<id>29590</id>
</contributor>
<minor />
<comment>Robô: A limpar links interwikis antigos</comment>
<model>wikitext</model>
<format>text/x-wiki</format>
<text bytes="528" xml:space="preserve">{{Wikipédia|lang=hr}}
{{Wikipédia|lang=sl}}
={{-hr-}}=
{{elementos|Ca|kalij|K|skandij|Sc}}
==Substantivo==
'''kalcij''', {{m}}
# [[cálcio]]
==Ver também==
===No Wikcionário===
{{tabela periódica/hr}}
[[Categoria:Substantivo (Croata)]]
[[Categoria:Elemento químico (Croata)]]
={{-sl-}}=
{{elementos|Ca|kalij|K|skandij|Sc}}
==Substantivo==
'''kalcij''', {{m}}
# [[cálcio]]
==Ver também==
===No Wikcionário===
{{tabela periódica/sl}}
[[Categoria:Substantivo (Esloveno)]]
[[Categoria:Elemento químico (Esloveno)]]</text>
<sha1>mzf536ne32sfehmogpk4abr9issloti</sha1>
</revision>
</page>
