<page>
<title>kaleen</title>
<ns>0</ns>
<id>61763</id>
<revision>
<id>2365821</id>
<parentid>1306411</parentid>
<timestamp>2017-05-03T16:52:15Z</timestamp>
<contributor>
<username>HydrizBot</username>
<id>29590</id>
</contributor>
<minor />
<comment>Robô: A limpar links interwikis antigos</comment>
<model>wikitext</model>
<format>text/x-wiki</format>
<text bytes="196" xml:space="preserve">={{-tet-}}=
==Substantivo==
'''kaleen'''
# [[estanho]]
==Ver também==
===No Wikcionário===
{{tabela periódica/tet}}
[[Categoria:Substantivo (Tétum)]]
[[Categoria:Elemento químico (Tétum)]]</text>
<sha1>096kz28c0dunglrgg6p3gxtxok4m8xb</sha1>
</revision>
</page>
