<page>
<page>
<title>kaliy</title>
<ns>0</ns>
<id>384661</id>
<revision>
<id>2454450</id>
<timestamp>2017-10-11T14:33:44Z</timestamp>
<contributor>
<username>ValJor</username>
<id>1358</id>
</contributor>
<comment>Criação do verbete a partir da [[Especial:Páginas_pedidas|lista de palavras pedidas]]</comment>
<model>wikitext</model>
<format>text/x-wiki</format>
<text bytes="279" xml:space="preserve">{{Wikipédia|lang=uz}}
={{-uz-}}=
==Substantivo==
{{elementos|K|argon|Ar|kalsiy|Ca}}
'''kaliy'''
# {{escopo|uz|Química}} [[potássio]]
==Ver também==
===No Wikcionário===
{{tabela periódica/uz}}
[[Categoria:Substantivo (Uzbeque)]]
[[Categoria:Elemento químico (Uzbeque)]]</text>
<sha1>3of7chz0b1jf5ke57enokkmmf2pmovf</sha1>
</revision>
