<page>
<title>kalin</title>
<ns>0</ns>
<id>227270</id>
<revision>
<id>2365837</id>
<parentid>1085226</parentid>
<timestamp>2017-05-03T16:55:04Z</timestamp>
<contributor>
<username>HydrizBot</username>
<id>29590</id>
</contributor>
<minor />
<comment>Robô: A limpar links interwikis antigos</comment>
<model>wikitext</model>
<format>text/x-wiki</format>
<text bytes="298" xml:space="preserve">={{-vo-}}=
{{elementos|K|largonin|Ar|kalsin|Ca}}
==Substantivo==
'''kalin'''
# {{escopo|Química}} [[potássio]].
===Declinação===
{{decl.vo.subst}}
==Ver também==
===No Wikcionário===
{{tabela periódica/vo}}
[[Categoria:Substantivo (Volapuque)]]
[[Categoria:Elemento químico (Volapuque)]]</text>
<sha1>50yokbobmxgleouj3s7d3dkruehsz0k</sha1>
</revision>
</page>
