<page>
<page>
<title>kalium</title>
<ns>0</ns>
<id>99470</id>
<revision>
<id>2690643</id>
<parentid>2690199</parentid>
<timestamp>2022-10-27T05:37:54Z</timestamp>
<contributor>
<username>InternetArchiveBot</username>
<id>81604</id>
</contributor>
<comment>Rescuing 1 sources and tagging 0 as dead.) #IABot (v2.0.9.2</comment>
<model>wikitext</model>
<format>text/x-wiki</format>
<text bytes="17597" xml:space="preserve">{{Wikipédia|lang=af}}
{{Wikipédia|lang=az}}
{{Wikipédia|lang=da}}
{{Wikipédia|lang=fo}}
{{Wikipédia|lang=fi}}
{{Wikipédia|lang=vls}}
{{Wikipédia|lang=nl}}
{{Wikipédia|lang=id}}
{{Wikipédia|lang=ia}}
{{Wikipédia|lang=jv}}
{{Wikipédia|lang=la}}
{{Wikipédia|lang=li}}
{{Wikipédia|lang=ms}}
{{Wikipédia|lang=nan}}
{{Wikipédia|lang=no}}
{{Wikipédia|lang=nov}}
{{Wikipédia|lang=nn}}
{{Wikipédia|lang=sv}}
{{Wikipédia|lang=su}}
[[Ficheiro:Electron shell 019 Potassium.svg|thumb|250px|'''Kalium''']]
{{ver também|Kalium|kálium}}
={{-af-}}=
==Substantivo==
{{elementos|K|argon|Ar|kalsium|Ca}}
'''kalium'''
# {{escopo|af|Elemento químico}} [[potássio]]
===Verbetes derivados===
{{verTambém.Ini}}
* {{link opcional|kaliumchloried|af}}
* {{link opcional|kalium-isotope|af}}
{{verTambém.NovaColuna|25}}
* {{link opcional|kaliumkarbonaat|af}}
* {{link opcional|kaliumkonsentrasie|af}} 
{{verTambém.NovaColuna|25}}
* {{link opcional|kaliumnitraat|af}}
* {{link opcional|kaliumoksied|af}}
{{verTambém.NovaColuna|25}}
* {{link opcional|kaliumproduksie|af}}
* {{link opcional|kaliumsoute|af}}
{{verTambém.Fim}}
=={{etimologia|af}}==
{{llietimo|la|kalium|af}}
==Ver também==
===No Wikcionário===
{{verTambém.Ini}}
* {{link opcional|alkalie-metaal|af}}
* {{link opcional|chemiese element|af}}
{{verTambém.Fim}}
{{tabela periódica/af}}
[[Categoria:Substantivo (Africâner)]]
[[Categoria:Entrada com imagem (Africâner)]]
={{-sq-}}=
==Substantivo==
{{elementos|K|argon|Ar|kalcium|Ca}}
'''kalium''', {{gramática|m}}
# {{escopo|sq|Elemento químico}} [[potássio]]
===Declinação===
{{decl.sq.subst.masc}}
=={{etimologia|sq}}==
{{llietimo|la|kalium|sq}}
==Ver também==
===No Wikcionário===
{{verTambém.Ini}}
* {{link opcional|chemiese element|sq}}
* {{link opcional|metal alkalin|sq}}
{{verTambém.Fim}}
{{tabela periódica/sq}}
===Referências===
{{verTambém.Ini}}
* [http://www.argjiro.net/fjalor/ An English-Albanian, Albanian-English Online Dictionary (em albanês e inglês)]
{{verTambém.Fim}}
[[Categoria:Substantivo (Albanês)]]
[[Categoria:Entrada com imagem (Albanês)]]
={{-az-}}=
==Substantivo==
{{elementos|K|arqon|Ar|kalsium|Ca}}
'''kalium'''
# {{escopo|az|Elemento químico}} [[potássio]]
==Ver também==
===No Wikcionário===
{{tabela periódica/az}}
[[Categoria:Substantivo (Azerbaijano)]]
[[Categoria:Entrada com imagem (Azerbaijano)]]
={{-da-}}=
==Substantivo==
{{elementos|K|argon|Ar|calcium|Ca}}
'''kalium''', {{gramática|n}}, {{s/p}}
# {{escopo|da|Elemento químico}} [[potássio]]
#* ''Grundstoffet '''kalium''' har atomnummer 19.'' &lt;small&gt;(O elemento químico potássio tem o número atómico 19.)&lt;/small&gt;
===Declinação===
{{decl.da.subst.próprio|título=Substantivo neutro sem plural}}
=={{etimologia|da}}==
{{llietimo|la|kalium|da}}
==Ver também==
===No Wikcionário===
{{verTambém.Ini}}
* {{link opcional|alkalimetal|da}}
{{verTambém.Fim}}
{{tabela periódica/da}}
===Referências===
{{verTambém.Ini}}
* [http://sproget.dk/search?SearchableText=kalium ''kalium'' no sproget.dk (em dinamarquês)]
{{verTambém.Fim}}
[[Categoria:Substantivo (Dinamarquês)]]
[[Categoria:Entrada com imagem (Dinamarquês)]]
={{-fo-}}=
==Substantivo==
{{elementos|K|argon|Ar|kalsium|Ca}}
'''kalium''', {{gramática|n}}, {{s/p}}
# {{escopo|fo|Elemento químico}} [[potássio]]
===Declinação===
{{decl.fo.subst.neu.3.sing}}
=={{etimologia|fo}}==
{{llietimo|la|kalium|fo}}
==Ver também==
===No Wikcionário===
{{verTambém.Ini}}
* {{link opcional|frumevni|fo}}
{{verTambém.Fim}}
{{tabela periódica/fo}}
===Referências===
{{verTambém.Ini}}
* [https://web.archive.org/web/20160307175243/http://www.obg.fo/fob/fob.php?action=1&amp;leitord=kalium ''kalium'' no Føroysk orðabók (Orðabókagrunnurin) (em feroês)]
{{verTambém.Fim}}
[[Categoria:Substantivo (Feroês)]]
[[Categoria:Entrada com imagem (Feroês)]]
={{-fi-}}=
==Substantivo==
{{elementos|K|argon|Ar|kalsium|Ca}}
'''kalium'''
# {{escopo|fi|Elemento químico}} [[potássio]]
#* '''''Kalium''' on toiseksi kevyin metalli litiumin jälkeen.'' &lt;small&gt;(O potássio é o segundo metal mais leve, depois do lítio.)&lt;/small&gt;
===Declinação===
{{decl.fi.subst.4|kalium||va=1}}
===Verbetes derivados===
{{verTambém.Ini}}
* {{link opcional|kaliumarsenaatti|fi}}
* {{link opcional|kaliumarseniitti|fi}}
* {{link opcional|kaliumasetaatti|fi}}
* {{link opcional|kaliumbromaatti|fi}}
* {{link opcional|kaliumdikromaatti|fi}}
* {{link opcional|kaliumferrisyanidi|fi}}
{{verTambém.NovaColuna|25}}
* {{link opcional|kaliumheksafluorisilikaatti|fi}}
* {{link opcional|kaliumhydroksidi|fi}}
* {{link opcional|kaliumkarbonaatti|fi}}
* {{link opcional|kaliumkloraatti|fi}}
* {{link opcional|kaliumkloridi|fi}}
* {{link opcional|kaliummetabisulfiitti|fi}}
{{verTambém.NovaColuna|25}}
* {{link opcional|kaliumnitraatti|fi}}
* {{link opcional|kaliumnitriitti|fi}}
* {{link opcional|kaliumoksidi|fi}}
* {{link opcional|kaliumperkloraatti|fi}}
* {{link opcional|kaliumpermanganaatti|fi}}
* {{link opcional|kaliumpersulfaatti|fi}}
{{verTambém.NovaColuna|25}}
* {{link opcional|kaliumsulfaatti|fi}}
* {{link opcional|kaliumsulfidi|fi}}
* {{link opcional|kaliumsyanidi|fi}}
* {{link opcional|kaliumtiosyanaatti|fi}}
* {{link opcional|tetrakaliumpyrofosfaatti|fi}}
{{verTambém.Fim}}
=={{etimologia|fi}}==
{{llietimo|la|kalium|fi}}
==Ver também==
===No Wikcionário===
{{verTambém.Ini}}
* {{link opcional|alkalimetalli|fi}}
* {{link opcional|alkuaine|fi}}
{{verTambém.Fim}}
{{tabela periódica/fi}}
===Referências===
{{verTambém.Ini}}
* [http://kaannos.com/haku-sanakirjasta-suomi-englanti-kalium.htm ''kalium'' no Kaannos.com (suomi-englanti) (em finlandês)]
* [http://www.sanakirja.org/search.php?l=17&amp;l2=12&amp;q=kalium ''kalium'' no Sanakirja.org (em finlandês e inglês)]
{{verTambém.Fim}}
[[Categoria:Substantivo (Finlandês)]]
[[Categoria:Entrada com imagem (Finlandês)]]
={{-vls-}}=
==Substantivo==
{{elementos|K|argon|Ar|calcium|Ca}}
'''kalium'''
# {{escopo|vls|Elemento químico}} [[potássio]]
=={{etimologia|vls}}==
{{llietimo|la|kalium|vls}}
==Ver também==
===No Wikcionário===
{{verTambém.Ini}}
* {{link opcional|alkoalimetaal|vls}}
* {{link opcional|chemische element|vls}}
{{verTambém.Fim}}
{{tabela periódica/vls}}
[[Categoria:Substantivo (Flamengo)]]
[[Categoria:Entrada com imagem (Flamengo)]]
={{-fr-}}=
==Substantivo==
{{flex.fr|ms=kalium|ms-div=ka.li.um}}
'''ka.li.um''', {{gramática|m}}, {{s/p}}
# {{escopo|fr|obsoleto|Elemento químico}} [[potássio]]
===Sinônimos===
* {{link opcional|potassium|fr}}
=={{etimologia|fr}}==
{{llietimo|la|kalium|fr}}
==Ver também==
===No Wikcionário===
{{verTambém.Ini}}
* {{link opcional|élément chimique|fr}}
* {{link opcional|métal alcalin|fr}}
{{verTambém.Fim}}
{{tabela periódica/fr}}
===Referências===
{{verTambém.Ini}}
* [http://www.cnrtl.fr/definition/{{PAGENAME}}/1 ''{{PAGENAME}}'' no CNRTL (em francês)]
* [https://web.archive.org/web/20110820105711/http://www.mediadico.com/dictionnaire/definition/api/1 ''{{PAGENAME}}'' no MEDIADICO (em francês)]
{{verTambém.Fim}}
[[Categoria:Substantivo (Francês)]]
[[Categoria:Arcaísmo (Francês)]]
[[Categoria:Entrada com imagem (Francês)]]
={{-fy-}}=
{{ver também|Kalium}}
==Substantivo==
{{elementos|K|argon|Ar|kalsium|Ca}}
'''kalium'''
# {{escopo|fy|Elemento químico}} [[potássio]]
==={{-varort-}}===
{{tradini|Grafias em outras variantes}}
* [[{{stq}}]] : {{link opcional|Kalium|fy}}
{{tradfim}}
=={{etimologia|fy}}==
{{llietimo|la|kalium|fy}}
==Ver também==
===No Wikcionário===
{{verTambém.Ini}}
* {{link opcional|gemysk elemint|fy}}
{{verTambém.Fim}}
{{tabela periódica/fy}}
[[Categoria:Substantivo (Frísio)]]
[[Categoria:Entrada com imagem (Frísio)]]
={{-nl-}}=
==Substantivo==
{{elementos|K|argon|Ar|calcium|Ca}}
'''{{grifar|ka}}.li.um'''
# {{escopo|nl|Elemento químico}} [[potássio]]
#* '''''Kalium''' is een scheikundig element met symbool K en atoomnummer 19.'' &lt;small&gt;(Potássio é um elemento químico de símbolo K e número atômico 19.)&lt;/small&gt;
===Sinônimos===
* {{link opcional|potas|nl}}
===Verbetes derivados===
{{verTambém.Ini}}
* {{link opcional|chloorkalium|nl}}
* {{link opcional|kaliumcarbonaat|nl}}
{{verTambém.NovaColuna|34}}
* {{link opcional|kaliumcyanide|nl}}
* {{link opcional|kaliumpermanganaat|nl}}
{{verTambém.NovaColuna|33}}
* {{link opcional|kaliumchloride|nl}}
{{verTambém.Fim}}
=={{etimologia|nl}}==
{{llietimo|la|kalium|nl}}
=={{pronúncia|nl}}==
* [[AFI]]: {{AFI|/ˈka.lɪ.əm/}}
* [[X-SAMPA]]: /&quot;ka.lI.@m/
: '''Áudio''': {{ouvir|Nl-kalium.ogg|&quot;kalium&quot;}}
==Ver também==
===No Wikcionário===
{{verTambém.Ini}}
* {{link opcional|alkalimetaal|nl}}
* {{link opcional|chemisch element|nl}}
{{verTambém.Fim}}
{{tabela periódica/nl}}
===Referências===
{{verTambém.Ini}}
* [http://www.heelom.com/Echo/zoekrobot/woordenboek/search/?waar=Feld2&amp;k=kalium ''kalium'' no Heelom (em holandês)]
{{verTambém.Fim}}
[[Categoria:Substantivo (Holandês)]]
[[Categoria:Trissílabo (Holandês)]]
[[Categoria:Proparoxítona (Holandês)]]
[[Categoria:Entrada com áudio (Holandês)]]
[[Categoria:Entrada com imagem (Holandês)]]
={{-id-}}=
==Substantivo==
{{elementos|K|argon|Ar|kalsium|Ca}}
'''ka.li.um'''
# {{escopo|id|Elemento químico}} [[potássio]]
===Expressões===
* '''[[kalium nitrat]]''': salitre, nitrato de potássio (KNO&lt;sub&gt;3&lt;/sub&gt;)
===Sinônimos===
* {{link opcional|potasium|id}}
=={{etimologia|id}}==
{{llietimo|la|kalium|id}}
==Ver também==
===No Wikcionário===
{{verTambém.Ini}}
* {{link opcional|alkali tanah|id}}
* {{link opcional|unsur kimia|id}}
{{verTambém.Fim}}
{{tabela periódica/id}}
===Referências===
{{verTambém.Ini}}
* [http://www.kamus.com/indmay-eng/kalium ''kalium'' no Kamus (em inglês)]
* [https://web.archive.org/web/20090805021214/http://pusatbahasa.diknas.go.id/kbbi/index.php Kamus Besar Bahasa Indonesia (em indonésio)]
{{verTambém.Fim}}
[[Categoria:Substantivo (Indonésio)]]
[[Categoria:Trissílabo (Indonésio)]]
[[Categoria:Entrada com imagem (Indonésio)]]
={{-ia-}}=
==Substantivo==
'''kalium'''
# {{escopo|ia|Elemento químico}} [[potássio]]
===Sinônimos===
* {{link opcional|potassium|ia}}
=={{etimologia|ia}}==
{{llietimo|la|kalium|ia}}
==Ver também==
===No Wikcionário===
{{verTambém.Ini}}
* {{link opcional|elemento chimic|ia}}
{{verTambém.Fim}}
{{tabela periódica/ia}}
[[Categoria:Substantivo (Interlíngua)]]
[[Categoria:Dissílabo (Interlíngua)]]
[[Categoria:Entrada com imagem (Interlíngua)]]
[[Categoria:Cognato (Interlíngua)]]
={{-jv-}}=
==Substantivo==
{{elementos|K|argon|Ar|kalsium|Ca}}
'''ka.li.um'''
# {{escopo|jv|Elemento químico}} [[potássio]]
=={{etimologia|jv}}==
{{llietimo|la|kalium|jv}}
==Ver também==
===No Wikcionário===
{{verTambém.Ini}}
* {{link opcional|logam alkali|jv}}
* {{link opcional|unsur kimia|jv}}
{{verTambém.Fim}}
{{tabela periódica/jv}}
[[Categoria:Substantivo (Javanês)]]
[[Categoria:Trissílabo (Javanês)]]
[[Categoria:Entrada com imagem (Javanês)]]
={{-la-}}=
==Substantivo==
{{elementos|K|argon|Ar|calcium|Ca}}
'''kalium''', {{gramática|n}}, {{s/p}}
# {{escopo|la|Elemento químico}} [[potássio]]
===Declinação===
{{decl.la.subst.neu.sing.2d|kal|kăl|g=[[kalii|kăliī]]&lt;br /&gt;[[kali|kălī]]}}
===Sinônimos===
* {{link opcional|potassium|la}}
=={{etimologia|la}}==
: Derivado do [[árabe]] {{xlatio|ar|القَلْيَه‎|(al-qalyah)}}, &quot;cinzas calcinadas&quot;.
===Descendentes===
{{tradini|Termos descendentes de ''kalium''}}
* {{trad|af|kalium}}
* {{trad|sq|kalium}}
* {{trad|de|Kalium}}
* {{trad-|hy|կալիում|(kalium)}}
* {{trad|nds|Kalium}}
* {{trad-|be|калій|(kálij)}}
* {{trad|bs|kalij}}
* {{trad|br|kaliom}}
* {{trad-|bg|калий|(kálij)}}
* {{trad|csb|kali}}
* {{trad-|kk|калий|(kálii)}}
* {{trad-|ko|칼륨|(kallyum)}}
* {{trad|kw|calyum}}
* {{trad|hr|kalij}}
* {{trad|ku|قەلیە|qelye}}
* {{trad|da|kalium}}
* {{trad|sl|kalij}}
* {{trad|eo|kali}}
* {{trad|et|kaalium}}
* {{trad|fo|kalium}}
* {{trad|fi|kalium}}
* {{trad|vls|kalium}}
* {{trad|fr|kalium}}
* {{trad|fy|kalium}}
* {{trad|stq|Kalium}}
* {{trad-|ka|კალიუმი|(kaliumi)}}
* {{trad-|el|κάλιον|(kálion)}}
* {{trad|nl|kalium}}
* {{trad|hu|kálium}}
{{tradmeio}}
* {{trad-|sah|калиум|(kalium)}}
* {{trad|io|kali}}
* {{trad|id|kalium}}
* {{trad|ia|kalium}}
* {{trad|is|kalín}}
* {{trad-|ja|カリウム|(kariumu)}}
* {{trad|jv|kalium}}
* {{trad|lv|kālijs}}
* {{trad|li|kalium}}
* {{trad|lt|kalis}}
* {{trad|lb|Kalium}}
* {{trad-|mk|калиум|(kálium)}}
* {{trad|ms|kalium}}
* {{trad-|mn|кали|(kali)}}
* {{trad|no|kalium}}
* {{trad|nov|kalium}}
* {{trad|qu|kalyu}}
* {{trad|rm|calium}}
* {{trad|ro|kaliu}}
* {{trad-|ru|калий|(kálij)}}
* {{trad|sr|калијум|kalijum}}
* {{trad|sw|kali}}
* {{trad|sv|kalium}}
* {{trad|su|kalium}}
* {{trad-|tg|калий|(kali')}}
* {{trad-|uk|калій|(kálij)}}
* {{trad-|uz|калий|kaliy}}
* {{trad|vi|kali}}
{{tradfim}}
==Ver também==
===No Wikcionário===
{{verTambém.Ini}}
* {{link opcional|elementum chemicum|la}}
* {{link opcional|metallum alkalicum|la}}
{{verTambém.Fim}}
{{tabela periódica/la}}
[[Categoria:Substantivo (Latim)]]
[[Categoria:Entrada com imagem (Latim)]]
={{-li-}}=
==Substantivo==
{{elementos|K|argon|Ar|calcium|Ca}}
'''kalium'''
# {{escopo|li|Elemento químico}} [[potássio]]
==Ver também==
===No Wikcionário===
{{tabela periódica/li}}
[[Categoria:Substantivo (Limburguês)]]
[[Categoria:Entrada com imagem (Limburguês)]]
={{-ms-}}=
==Substantivo==
{{elementos|K|argon|Ar|kalsium|Ca}}
'''ka.li.um'''
# {{escopo|ms|Elemento químico}} [[potássio]]
=={{etimologia|ms}}==
{{llietimo|la|kalium|ms}}
==Ver também==
===No Wikcionário===
{{verTambém.Ini}}
* {{link opcional|logam alkali|ms}}
* {{link opcional|unsur kimia|ms}}
{{verTambém.Fim}}
{{tabela periódica/ms}}
===Referências===
{{verTambém.Ini}}
* [http://www.karyanet.com.my/knetbeta/index.php?tpf=kamus_Dewan&amp;kata_utama=kalium ''kalium'' no Kamus Dewan (Karyanet) (em malaio)]
{{verTambém.Fim}}
[[Categoria:Substantivo (Malaio)]]
[[Categoria:Trissílabo (Malaio)]]
[[Categoria:Entrada com imagem (Malaio)]]
={{-nan-}}=
==Substantivo==
{{elementos|K|argon|Ar|calcium|Ca}}
'''kalium'''
# {{escopo|nan|Elemento químico}} [[potássio]]
==Ver também==
===No Wikcionário===
{{tabela periódica/nan}}
[[Categoria:Substantivo (Min Nan)]]
[[Categoria:Entrada com imagem (Min Nan)]]
={{-no-}}=
==Substantivo==
{{elementos|K|argon|Ar|kalsium|Ca}}
'''kalium''', {{gramática|n}}, {{s/p}}
# {{escopo|no|Elemento químico}} [[potássio]]
===Declinação===
{{decl.no.subst.neu.sing|kalium|}}
==Ver também==
===No Wikcionário===
{{verTambém.Ini}}
* {{link opcional|alkalimetall|no}}
* {{link opcional|grunnstoff|no}}
{{verTambém.Fim}}
{{tabela periódica/no}}
{{tabela periódica/nn}}
===Referências===
{{verTambém.Ini}}
* [http://www.dokpro.uio.no/perl/ordboksoek/ordbok.cgi?OPP=kalium ''kalium'' no Norske ordbøker (em norueguês)]
* [http://www.ordnett.no/ordbok.html?publications=23&amp;search=kalium ''kalium'' no The Ordnett Dictionary (em norueguês)]
{{verTambém.Fim}}
[[Categoria:Substantivo (Norueguês)]]
[[Categoria:Entrada com imagem (Norueguês)]]
={{-nov-}}=
==Substantivo==
{{elementos|K|argônio|Ar|cálcio|Ca}}
'''kalium'''
# {{escopo|nov|Elemento químico}} [[potássio]]
=={{etimologia|nov}}==
{{llietimo|la|kalium|nov}}
==Ver também==
===No Wikcionário===
{{verTambém.Ini}}
* {{link opcional|kemial elemente|nov}}
{{verTambém.Fim}}
{{tabela periódica/nov}}
[[Categoria:Substantivo (Novial)]]
[[Categoria:Entrada com imagem (Novial)]]
={{-nn-}}=
==Substantivo==
{{elementos|K|argon|Ar|calcium|Ca}}
'''kalium'''
# {{escopo|nn|Elemento químico}} [[potássio]]
==Ver também==
===No Wikcionário===
{{tabela periódica/nn}}
[[Categoria:Substantivo (Novo Norueguês)]]
[[Categoria:Entrada com imagem (Novo Norueguês)]]
={{-hsb-}}=
==Substantivo==
{{elementos|K|argon|Ar|calcium|Ca}}
'''kalium'''
# {{escopo|hsb|Elemento químico}} [[potássio]]
==Ver também==
===No Wikcionário===
{{tabela periódica/hsb}}
[[Categoria:Substantivo (Sorábio Alto)]]
[[Categoria:Entrada com imagem (Sorábio Alto)]]
={{-sv-}}=
==Substantivo==
{{elementos|K|argon|Ar|kalcium|Ca}}
'''kalium'''
# {{escopo|sv|Elemento químico}} [[potássio]]
#* '''''Kalium''' är grundämne nummer 19 i det periodiska systemet.'' &lt;small&gt;(O potássio é o elemento químico número 19 da tabela periódica.)&lt;/small&gt;
===Declinação===
{{decl.sv.subst.neu.sing|nd={{link opcional|kaliumet|sv}}&lt;br /&gt;{{link opcional|kaliet|sv}}&lt;br /&gt;([[kalium]])|gd={{link opcional|kaliumets|sv}}&lt;br /&gt;{{link opcional|kaliets|sv}}&lt;br /&gt;({{link opcional|kaliums|sv}})}}
===Verbetes derivados===
{{verTambém.Ini}}
* {{link opcional|kaliumkarbonat|sv}}
* {{link opcional|kaliumklorid|sv}}
* {{link opcional|kaliumsalt|sv}}
{{verTambém.Fim}}
=={{etimologia|sv}}==
{{llietimo|la|kalium|sv}}
==Ver também==
===No Wikcionário===
{{verTambém.Ini}}
* {{link opcional|alkalimetall|sv}}
{{verTambém.Fim}}
{{tabela periódica/sv}}
[[Categoria:Substantivo (Sueco)]]
[[Categoria:Entrada com imagem (Sueco)]]
={{-su-}}=
==Substantivo==
{{elementos|K|argon|Ar|kalsium|Ca}}
'''ka.li.um'''
# {{escopo|su|Elemento químico}} [[potássio]]
=={{etimologia|su}}==
{{llietimo|la|kalium|su}}
==Ver também==
===No Wikcionário===
{{verTambém.Ini}}
* {{link opcional|logam alkali|su}}
* {{link opcional|unsur kimia|su}}
{{verTambém.Fim}}
{{tabela periódica/su}}
[[Categoria:Substantivo (Sundanês)]]
[[Categoria:Trissílabo (Sundanês)]]
[[Categoria:Entrada com imagem (Sundanês)]]</text>
<sha1>tlffa4cb58y1qo10be92y4jd85g3o2e</sha1>
</revision>
