<page>
<page>
<title>kalifornio</title>
<ns>0</ns>
<id>362317</id>
<revision>
<id>2365829</id>
<parentid>2170072</parentid>
<timestamp>2017-05-03T16:54:49Z</timestamp>
<contributor>
<username>HydrizBot</username>
<id>29590</id>
</contributor>
<minor />
<comment>Robô: A limpar links interwikis antigos</comment>
<model>wikitext</model>
<format>text/x-wiki</format>
<text bytes="572" xml:space="preserve">{{Wikipédia|lang=eu}}
{{Wikipédia|lang=io}}
={{-eu-}}=
{{elementos|Cf|berkelio|Bk|einsteinio|Es}}
==Substantivo==
'''kalifornio'''
# {{escopo|Química}} [[califórnio]]
==Ver também==
===No Wikcionário===
{{tabela periódica/eu}}
[[Categoria:Substantivo (Basco)]]
[[Categoria:Elemento químico (Basco)]]
={{-io-}}=
{{elementos|Cf|berkelio|Bk|einsteinio|Es}}
==Substantivo==
'''kalifornio'''
# {{escopo|Química}} [[califórnio]]
==Ver também==
===No Wikcionário===
{{tabela periódica/io}}
[[Categoria:Substantivo (Ido)]]
[[Categoria:Elemento químico (Ido)]]</text>
<sha1>dfqqli8ls1ydqt77hxyftcwfytpv6ho</sha1>
</revision>
