<page>
<title>kaliforn</title>
<ns>0</ns>
<id>294735</id>
<revision>
<id>2530856</id>
<parentid>2365825</parentid>
<timestamp>2019-01-01T19:26:33Z</timestamp>
<contributor>
<username>Amigo7</username>
<id>58547</id>
</contributor>
<comment>Acrescentando código de língua à predefinição escopo</comment>
<model>wikitext</model>
<format>text/x-wiki</format>
<text bytes="322" xml:space="preserve">{{Wikipédia|lang=pl}}
={{-pl-}}=
==Substantivo==
{{elementos|Cf|berkel|Bk|einstein|Es}}
{{paroxítona|ka|li|forn|lang=pl}}, {{gramática|m}} {{gramática|ina}}, {{s/p}}
# {{escopo|pl|Elemento químico}} [[califórnio]]
==Ver também==
===No Wikcionário===
{{tabela periódica/pl}}
[[Categoria:Substantivo (Polonês)]]</text>
<sha1>jugkebzjlgkjmq4zn2ggoibrbebh9f4</sha1>
</revision>
</page>
