<page>
<title>kali</title>
<ns>0</ns>
<id>110382</id>
<revision>
<id>2365823</id>
<parentid>1898932</parentid>
<timestamp>2017-05-03T16:52:51Z</timestamp>
<contributor>
<username>HydrizBot</username>
<id>29590</id>
</contributor>
<minor />
<comment>Robô: A limpar links interwikis antigos</comment>
<model>wikitext</model>
<format>text/x-wiki</format>
<text bytes="1776" xml:space="preserve">{{Wikipédia|lang=sq}}
{{Wikipédia|lang=et}}
{{Wikipédia|lang=fi}}
{{Wikipédia|lang=nl}}
{{Wikipédia|lang=id}}
{{Wikipédia|lang=sw}}
={{-sq-}}=
==Substantivo==
'''kali'''
# [[cavalo]]
[[Categoria:Substantivo (Albanês)]]
[[Categoria:Mamífero (Albanês)]]
={{-et-}}=
==Substantivo==
'''kali'''
# [[kvas]]
[[Categoria:Substantivo (Estoniano)]]
[[Categoria:Bebida (Estoniano)]]
={{-fi-}}=
{{elementos|K|argon|Ar|kalsium|Ca}}
==Substantivo==
'''kali'''
# {{escopo|Química}} [[potássio]]
==={{-varort-}}===
* [[kalium]]
==Ver também==
===No Wikcionário===
{{tabela periódica/fi}}
[[Categoria:Substantivo (Finlandês)]]
[[Categoria:Elemento químico (Finlandês)]]
={{-nl-}}=
{{elementos|K|argon|Ar|calcium|Ca}}
==Substantivo==
'''kali'''
# {{escopo|Química}} [[potássio]]
==={{-varort-}}===
* [[kalium]]
==Ver também==
===No Wikcionário===
{{tabela periódica/nl}}
[[Categoria:Substantivo (Holandês)]]
[[Categoria:Elemento químico (Holandês)]]
={{-id-}}=
==Substantivo==
'''kali''' 
# {{escopo|Geografia}} [[corrente]]; [[correnteza]]
==Ver também==
===No Wikcionário===
{{verTambém.Ini}}
* [[air tejun]]
* [[air]]
* [[gunung]]
* [[hutan]]
{{verTambém.NovaColuna}}
* [[jurang]]
* [[laut]]
* [[lembah]]
* [[Pulau Britania Raya]]
{{verTambém.NovaColuna}}
* [[pulau]]
* [[puncak]]
* [[rawa]]
{{verTambém.NovaColuna}}
* [[samudera]]
* [[sungai]]
* [[tanah]]
{{verTambém.Fim}}
[[Categoria:Substantivo (Indonésio)]]
[[Categoria:Geografia (Indonésio)]]
={{-sw-}}=
{{elementos|K|arigoni|Ar|kalisi|Ca}}
==Substantivo==
'''kali'''
# {{escopo|Química}} [[potássio]]
===Sinônimo===
* [[potasiamu]]
==Ver também==
===No Wikcionário===
{{tabela periódica/sw}}
[[Categoria:Substantivo (Suaíli)]]
[[Categoria:Elemento químico (Suaíli)]]</text>
<sha1>smmawastn0wfcymcj2psukivcgtsvth</sha1>
</revision>
</page>
