<page>
<title>kalifornis</title>
<ns>0</ns>
<id>405313</id>
<revision>
<id>2532548</id>
<timestamp>2019-01-12T21:49:09Z</timestamp>
<contributor>
<username>Amigo7</username>
<id>58547</id>
</contributor>
<comment>Criação do verbete a partir da [[Especial:Páginas_pedidas|lista de palavras pedidas]]</comment>
<model>wikitext</model>
<format>text/x-wiki</format>
<text bytes="261" xml:space="preserve">{{Wikipédia|lang=lt}}
={{-lt-}}=
==Substantivo==
{{elementos|Cf|berklis|Bk|einšteinis|Es}}
'''kalifornis'''
# {{escopo|lt|Elemento químico}} [[califórnio]]
==Ver também==
===No Wikcionário===
{{tabela periódica/lt}}
[[Categoria:Substantivo (Lituano)]]</text>
<sha1>s5rebl5kd07p7hbi7pmvxbeh0twqlk2</sha1>
</revision>
</page>
