<page>
<title>kalifornij</title>
<ns>0</ns>
<id>262147</id>
<revision>
<id>2365827</id>
<parentid>1857818</parentid>
<timestamp>2017-05-03T16:54:42Z</timestamp>
<contributor>
<username>HydrizBot</username>
<id>29590</id>
</contributor>
<minor />
<comment>Robô: A limpar links interwikis antigos</comment>
<model>wikitext</model>
<format>text/x-wiki</format>
<text bytes="559" xml:space="preserve">{{Wikipédia|lang=hr}}
{{Wikipédia|lang=sl}}
={{-hr-}}=
{{elementos|Cf|berkelij|Bk|einsteinij|Es}}
==Substantivo==
'''kalifornij''', {{m}}
# [[califórnio]]
==Ver também==
===No Wikcionário===
{{tabela periódica/hr}}
[[Categoria:Substantivo (Croata)]]
[[Categoria:Elemento químico (Croata)]]
={{-sl-}}=
{{elementos|Cf|berkelij|Bk|ajnštajnij|Es}}
==Substantivo==
'''kalifornij''', {{m}}
# [[califórnio]]
==Ver também==
===No Wikcionário===
{{tabela periódica/sl}}
[[Categoria:Substantivo (Esloveno)]]
[[Categoria:Elemento químico (Esloveno)]]</text>
<sha1>1crth5rqho5hrbng8nqvhzq37nisrt5</sha1>
</revision>
</page>
