<page>
<page>
<title>kaliforniy</title>
<ns>0</ns>
<id>385263</id>
<revision>
<id>2457379</id>
<timestamp>2017-10-27T02:36:48Z</timestamp>
<contributor>
<username>ValJor</username>
<id>1358</id>
</contributor>
<comment>Criação do verbete a partir da [[Especial:Páginas_pedidas|lista de palavras pedidas]]</comment>
<model>wikitext</model>
<format>text/x-wiki</format>
<text bytes="294" xml:space="preserve">{{Wikipédia|lang=uz}}
={{-uz-}}=
==Substantivo==
{{elementos|Cf|berkliy|Bk|eynshteyniy|Es}}
'''kaliforniy'''
# {{escopo|uz|Química}} [[califórnio]]
==Ver também==
===No Wikcionário===
{{tabela periódica/uz}}
[[Categoria:Substantivo (Uzbeque)]]
[[Categoria:Elemento químico (Uzbeque)]]</text>
<sha1>hdzqdgal4cyv0c28lw742n1sn1979wg</sha1>
</revision>
