<page>
<page>
<title>kaliforniyum</title>
<ns>0</ns>
<id>284345</id>
<revision>
<id>2365832</id>
<parentid>2145499</parentid>
<timestamp>2017-05-03T16:54:53Z</timestamp>
<contributor>
<username>HydrizBot</username>
<id>29590</id>
</contributor>
<minor />
<comment>Robô: A limpar links interwikis antigos</comment>
<model>wikitext</model>
<format>text/x-wiki</format>
<text bytes="292" xml:space="preserve">{{Wikipédia|lang=tr}}
={{-tr-}}=
{{elementos|Cf|berkelyum|Bk|aynştaynyum|Es}}
==Substantivo==
'''kaliforniyum'''
# {{escopo|Química}} [[califórnio]]
==Ver também==
===No Wikcionário===
{{tabela periódica/tr}}
[[Categoria:Substantivo (Turco)]]
[[Categoria:Elemento químico (Turco)]]</text>
<sha1>5knpx7z9vtuq9kgqy91d0t8gxnoxo7t</sha1>
</revision>
