<page>
<page>
<title>kalifornium</title>
<ns>0</ns>
<id>144574</id>
<revision>
<id>2545174</id>
<parentid>2365830</parentid>
<timestamp>2019-05-26T18:31:14Z</timestamp>
<contributor>
<username>Amigo7</username>
<id>58547</id>
</contributor>
<comment>+seção {{-az-}},  retirando seção{-la-} (kalifornium --&gt; californium, k não existe em latim)</comment>
<model>wikitext</model>
<format>text/x-wiki</format>
<text bytes="956" xml:space="preserve">{{Wikipédia|lang=az}}
{{Wikipédia|lang=cs}}
{{Wikipédia|lang=et}}
{{Wikipédia|lang=fi}}
={{-az-}}=
==Substantivo==
{{elementos|Cf|berklium|Bk|eynşteynium|Es}}
'''kalifornium'''
# {{escopo|az|Elemento químico}} [[califórnio]]
==Ver também==
===No Wikcionário===
{{tabela periódica/az}}
[[Categoria:Substantivo (Azerbaijano)]]
={{-cs-}}=
==Substantivo==
{{elementos|Cf|berkelium|Bk|einsteinium|Es}}
'''kalifornium'''
# {{escopo|cs|Elemento químico}} [[califórnio]]
==Ver também==
===No Wikcionário===
{{tabela periódica/cs}}
={{-et-}}=
==Substantivo==
{{elementos|Cf|berkeelium|Bk|einsteinium|Es}}
'''kalifornium'''
# {{escopo|et|Elemento químico}} [[califórnio]]
==Ver também==
===No Wikcionário===
{{tabela periódica/et}}
={{-fi-}}=
==Substantivo==
{{elementos|Cf|berkelium|Bk|einsteinium|Es}}
'''kalifornium'''
# {{escopo|fi|Elemento químico}} [[califórnio]]
==Ver também==
===No Wikcionário===
{{tabela periódica/fi}}</text>
<sha1>8yjn6fqdhr9sw9pethpb096eqvuqu0z</sha1>
</revision>
