<page>
<page>
<title>kalipornyo</title>
<ns>0</ns>
<id>386544</id>
<revision>
<id>2465254</id>
<timestamp>2017-11-30T09:55:15Z</timestamp>
<contributor>
<username>ValJor</username>
<id>1358</id>
</contributor>
<comment>Criação do verbete a partir da [[Especial:Páginas_pedidas|lista de palavras pedidas]]</comment>
<model>wikitext</model>
<format>text/x-wiki</format>
<text bytes="268" xml:space="preserve">={{-tl-}}=
==Substantivo==
{{elementos|Cf|berkelyo|Bk|einsteinyo|Es}}
'''kalipornyo'''
# {{escopo|tl|Química}} [[califórnio]]
==Ver também==
===No Wikcionário===
{{tabela periódica/tl}}
[[Categoria:Substantivo (Tagalo)]]
[[Categoria:Elemento químico (Tagalo)]]</text>
<sha1>gh4t2sthyobtyvvqx3081sdw3qr0crz</sha1>
</revision>
