<page>
<title>kaliforniumo</title>
<ns>0</ns>
<id>255214</id>
<revision>
<id>2365831</id>
<parentid>2245699</parentid>
<timestamp>2017-05-03T16:54:50Z</timestamp>
<contributor>
<username>HydrizBot</username>
<id>29590</id>
</contributor>
<minor />
<comment>Robô: A limpar links interwikis antigos</comment>
<model>wikitext</model>
<format>text/x-wiki</format>
<text bytes="799" xml:space="preserve">{{Wikipédia|lang=eo}}
[[Imagem:Californium.svg|thumb|70px|&lt;center&gt;kaliforniumo&lt;/center&gt;]]
={{-eo-}}=
==Substantivo==
{{elementos|Cf|berkelio|Bk|ejnŝtejnio|Es}}
'''ka.li.for.ni.{{grifar|u}}.mo'''
# {{escopo|eo|Elemento químico}} [[califórnio]]
===Declinação===
{{decl.eo.subst.sing}}
=={{etimologia|eo}}==
{{llietimo|la|californium|eo}}
{{etimo.eo|kalifornium|-o}}
=={{pronúncia}}==
* [[AFI]]: {{AFI|/ka.li.fɔr.niˈu.mɔ/}}
==Ver também==
===No Wikcionário===
{{verTambém.Ini}}
* [[Apêndice:Tabela periódica|Tabela periódica]]
{{verTambém.Fim}}
{{tabela periódica/eo}}
[[Categoria:Substantivo (Esperanto)]]
[[Categoria:Polissílabo (Esperanto)]]
[[Categoria:Paroxítona (Esperanto)]]
[[Categoria:Entrada com pronúncia (Esperanto)]]
[[Categoria:Entrada com imagem (Esperanto)]]</text>
<sha1>gfgmb74budfg54on9x4zrx8y2nb0xkf</sha1>
</revision>
</page>
