<page>
<title>kaliforniom</title>
<ns>0</ns>
<id>384093</id>
<revision>
<id>2452268</id>
<timestamp>2017-09-26T15:52:39Z</timestamp>
<contributor>
<username>ValJor</username>
<id>1358</id>
</contributor>
<comment>Criação do verbete a partir da [[Especial:Páginas_pedidas|lista de palavras pedidas]]</comment>
<model>wikitext</model>
<format>text/x-wiki</format>
<text bytes="297" xml:space="preserve">{{Wikipédia|lang=br}}
={{-br-}}=
==Substantivo==
{{elementos|Cf|berkeliom|Bk|einsteiniom|Es}}
'''kaliforniom'''
# {{escopo|br|Química}} [[califórnio]]
==Ver também==
===No Wikcionário===
{{tabela periódica/br}}
[[Categoria:Substantivo (Bretão)]]
[[Categoria:Elemento químico (Bretão)]]</text>
<sha1>0f5i8hssoplh4b3fkkll92xrx9q569b</sha1>
</revision>
</page>
