<page>
<page>
<title>kalian</title>
<ns>0</ns>
<id>101559</id>
<revision>
<id>2365824</id>
<parentid>1776108</parentid>
<timestamp>2017-05-03T16:53:26Z</timestamp>
<contributor>
<username>HydrizBot</username>
<id>29590</id>
</contributor>
<minor />
<comment>Robô: A limpar links interwikis antigos</comment>
<model>wikitext</model>
<format>text/x-wiki</format>
<text bytes="298" xml:space="preserve">={{-id-}}=
==Pronome==
'''ka.li.an''' pessoal e possessivo - informal
:# [[vós]]
:# [[vos]]
:# [[vosso]], [[vossa]]
:# o vosso, a vossa
==Pronomes==
* [[saya]] | [[kamu]] | [[Anda]] | [[dia]] | [[kita]] | [[kami]] | [[kalian]] | [[Anda sekalian]] | [[mereka]]
[[Categoria:Pronome (Indonésio)]]</text>
<sha1>k5htf355jnjm50hshamvxny7gyp52vt</sha1>
</revision>
