<page>
<title>kaliforni</title>
<ns>0</ns>
<id>295263</id>
<revision>
<id>2365826</id>
<parentid>1438643</parentid>
<timestamp>2017-05-03T16:53:27Z</timestamp>
<contributor>
<username>HydrizBot</username>
<id>29590</id>
</contributor>
<minor />
<comment>Robô: A limpar links interwikis antigos</comment>
<model>wikitext</model>
<format>text/x-wiki</format>
<text bytes="264" xml:space="preserve">={{-sw-}}=
{{elementos|Cf|berkeli|Bk|einsteini|Es}}
==Substantivo==
'''kaliforni'''
# {{escopo|Química}} [[califórnio]]
==Ver também==
===No Wikcionário===
{{tabela periódica/sw}}
[[Categoria:Substantivo (Suaíli)]]
[[Categoria:Elemento químico (Suaíli)]]</text>
<sha1>e2arci3ktcsuwfabb78wzp253yzdmdd</sha1>
</revision>
</page>
