<page>
<title>kaliom</title>
<ns>0</ns>
<id>384084</id>
<revision>
<id>2452240</id>
<timestamp>2017-09-26T09:38:36Z</timestamp>
<contributor>
<username>ValJor</username>
<id>1358</id>
</contributor>
<comment>Criação do verbete a partir da [[Especial:Páginas_pedidas|lista de palavras pedidas]]</comment>
<model>wikitext</model>
<format>text/x-wiki</format>
<text bytes="313" xml:space="preserve">{{Wikipédia|lang=br}}
={{-br-}}=
==Substantivo==
{{elementos|K|argon|Ar|kalkiom|Ca}}
'''kaliom'''
# {{escopo|br|Química}} [[potássio]]
===Sinônimo===
* [[potasiom]]
==Ver também==
===No Wikcionário===
{{tabela periódica/br}}
[[Categoria:Substantivo (Bretão)]]
[[Categoria:Elemento químico (Bretão)]]</text>
<sha1>93mae481e5c5mmyn9f9a9u4dl6idm4p</sha1>
</revision>
</page>
