<page>
<title>kalij</title>
<ns>0</ns>
<id>362998</id>
<revision>
<id>2365835</id>
<parentid>2158773</parentid>
<timestamp>2017-05-03T16:54:57Z</timestamp>
<contributor>
<username>HydrizBot</username>
<id>29590</id>
</contributor>
<minor />
<comment>Robô: A limpar links interwikis antigos</comment>
<model>wikitext</model>
<format>text/x-wiki</format>
<text bytes="494" xml:space="preserve">{{Wikipédia|lang=hr}}
{{Wikipédia|lang=sl}}
={{-hr-}}=
{{elementos|K|argon|Ar|kalcij|Ca}}
==Substantivo==
'''kalij'''
# {{escopo|hr|Elemento químico}} [[potássio]]
==Ver também==
===No Wikcionário===
{{tabela periódica/hr}}
[[Categoria:Substantivo (Croata)]]
={{-sl-}}=
{{elementos|K|argon|Ar|kalcij|Ca}}
==Substantivo==
'''kalij'''
# {{escopo|sl|Elemento químico}} [[potássio]]
==Ver também==
===No Wikcionário===
{{tabela periódica/sl}}
[[Categoria:Substantivo (Esloveno)]]</text>
<sha1>1sbaf237vvzcofqcb0ji0f7ws6cr6rh</sha1>
</revision>
</page>
