<page>
<page>
<title>kalitu</title>
<ns>0</ns>
<id>243531</id>
<revision>
<id>2365840</id>
<parentid>1268403</parentid>
<timestamp>2017-05-03T16:55:04Z</timestamp>
<contributor>
<username>HydrizBot</username>
<id>29590</id>
</contributor>
<minor />
<comment>Robô: A limpar links interwikis antigos</comment>
<model>wikitext</model>
<format>text/x-wiki</format>
<text bytes="284" xml:space="preserve">={{-akg-}}=
==Substantivo==
'''kalitu'''
# [[pele]]
==Ver também==
===No Wikcionário===
{{verTambém.Ini}}
* [[katiku]]
* [[koku]]
* [[mata]]
{{verTambém.NovaColuna}}
* [[ra]]
* [[rí]]
{{verTambém.Fim}}
[[Categoria:Substantivo (Anakalangu)]]
[[Categoria:Anatomia (Anakalangu)]]</text>
<sha1>n8bt2gl3bdreoz08172binvpmjllt4o</sha1>
</revision>
