<page>
<title>kalkowskita</title>
<ns>0</ns>
<id>43938</id>
<revision>
<id>1201069</id>
<parentid>168779</parentid>
<timestamp>2011-07-09T13:41:22Z</timestamp>
<contributor>
<username>MalafayaBot</username>
<id>628</id>
</contributor>
<minor />
<comment>Robô: Substituição de texto automática (-^\=\s?Português\s?\= +={{-pt-}}= &amp; -^\=\s?\{\{pt\}\}\s?\= +={{-pt-}}=)</comment>
<model>wikitext</model>
<format>text/x-wiki</format>
<text bytes="469" xml:space="preserve">={{-pt-}}=
[[Categoria:Substantivo (Português)]]
==Substantivo==
'''{{PAGENAME}}''' ''feminino ''
:# (Geol.) [[mineral]] constituído de óxido de [[titânio]] e [[ferro]], ainda pouco estudado, de cor marrom, dureza 3 mohs, fratura [[conchoidal]], cujo nome é uma homenagem ao Prof. E.L. Kalkowsky (1851-1938), Universidade de Dresden, Alemanha.
==Tradução==
* Inglês: [[kalkowskite]]
[[Categoria:Substantivo (Português)]]
[[Categoria:Geologia (Português)]]</text>
<sha1>b5tjs09rxviapy8al9l6j0tg5y2us0l</sha1>
</revision>
</page>
