<page>
<page>
<title>kalkiom</title>
<ns>0</ns>
<id>384094</id>
<revision>
<id>2452270</id>
<timestamp>2017-09-26T15:58:33Z</timestamp>
<contributor>
<username>ValJor</username>
<id>1358</id>
</contributor>
<comment>Criação do verbete a partir da [[Especial:Páginas_pedidas|lista de palavras pedidas]]</comment>
<model>wikitext</model>
<format>text/x-wiki</format>
<text bytes="315" xml:space="preserve">{{Wikipédia|lang=br}}
={{-br-}}=
==Substantivo==
{{elementos|Ca|potasiom|K|skandiom|Sc}}
'''kalkiom'''
# {{escopo|br|Química}} [[cálcio]]
===Sinônimo===
* [[kalsiom]]
==Ver também==
===No Wikcionário===
{{tabela periódica/br}}
[[Categoria:Substantivo (Bretão)]]
[[Categoria:Elemento químico (Bretão)]]</text>
<sha1>4rgozk1a38b4wuxd4xraa6gcxpn3mon</sha1>
</revision>
