<page>
<title>kalla</title>
<ns>0</ns>
<id>80406</id>
<revision>
<id>2365844</id>
<parentid>2245703</parentid>
<timestamp>2017-05-03T16:55:07Z</timestamp>
<contributor>
<username>HydrizBot</username>
<id>29590</id>
</contributor>
<minor />
<comment>Robô: A limpar links interwikis antigos</comment>
<model>wikitext</model>
<format>text/x-wiki</format>
<text bytes="240" xml:space="preserve">={{-is-}}=
== Verbo ==
'''kalla''', ''fraco, grupo 4 (a/ö) (com voz média)''
# [[chamar]], [[referir-se]] [[a]];
# [[chamar]], [[gritar]].
=== Conjugação ===
{{conj.is.fraca.4.ö|k|ll|a|voz média=sim}}
[[Categoria:Verbo (Islandês)]]</text>
<sha1>b1axuyinvr0u57k3a0qzw0koqsg4nu5</sha1>
</revision>
</page>
