<page>
<page>
<title>kalmam</title>
<ns>0</ns>
<id>6169</id>
<revision>
<id>2365848</id>
<parentid>1325851</parentid>
<timestamp>2017-05-03T16:55:08Z</timestamp>
<contributor>
<username>HydrizBot</username>
<id>29590</id>
</contributor>
<minor />
<comment>Robô: A limpar links interwikis antigos</comment>
<model>wikitext</model>
<format>text/x-wiki</format>
<text bytes="235" xml:space="preserve">={{-kea-}}=
==Substantivo==
'''kalmam'''
# [[cabaça]] [[cortar|cortada]] ao [[meio]] com a forma de [[colher]] grande que serve para [[beber]]
=={{etimologia|kea}}==
: Do mandin [[kalamaa]].
[[Categoria:Substantivo (Cabo-verdiano)]]</text>
<sha1>j2lp1u96mtm2l24cqvzq0ve06drl7jg</sha1>
</revision>
