<page>
<page>
<title>kalnas</title>
<ns>0</ns>
<id>256528</id>
<revision>
<id>2682260</id>
<parentid>2365849</parentid>
<timestamp>2022-07-01T09:32:27Z</timestamp>
<contributor>
<username>ValJor</username>
<id>1358</id>
</contributor>
<comment>Confirmando [[:Categoria:!Entrada criada por robô|verbete criado por robô]]</comment>
<model>wikitext</model>
<format>text/x-wiki</format>
<text bytes="302" xml:space="preserve">{{Wikipédia|lang=lt}}
[[Imagem:Montanhas Idaho Springs, CO.jpg|thumb|right|250px|{{centro|Montanha}}]]
={{-lt-}}=
==Substantivo==
'''kalnas'''
# [[montanha]] (grande elevação de terra)
[[Categoria:Substantivo (Lituano)]]
[[Categoria:Geografia (Lituano)]]
[[Categoria:Entrada com imagem (Lituano)]]</text>
<sha1>0cl9ej6ovmrkkm3gexkhj34jliog4lo</sha1>
</revision>
