<page>
<title>Kaloré</title>
<ns>0</ns>
<id>140103</id>
<revision>
<id>2272047</id>
<parentid>1198066</parentid>
<timestamp>2017-04-26T19:58:15Z</timestamp>
<contributor>
<username>HydrizBot</username>
<id>29590</id>
</contributor>
<minor />
<comment>Robô: A limpar links interwikis antigos</comment>
<model>wikitext</model>
<format>text/x-wiki</format>
<text bytes="247" xml:space="preserve">={{-pt-}}=
{{Wikipédia}}
==Substantivo==
'''Kaloré''' {{pr}}
#[[município]] [[brasileiro]] do [[estado]] do [[Paraná]]
==Ver também==
*[[Apêndice:Municípios do estado do Paraná]]
[[Categoria:Município do estado do Paraná (Português)]]</text>
<sha1>fy8fqpsdu1x98py6inz9fs6sowazvmk</sha1>
</revision>
</page>
