<page>
<page>
<title>kalon</title>
<ns>0</ns>
<id>227852</id>
<revision>
<id>2485017</id>
<parentid>2365853</parentid>
<timestamp>2018-02-14T19:58:18Z</timestamp>
<contributor>
<username>ValJor</username>
<id>1358</id>
</contributor>
<comment>Confirmando [[:Categoria:!Entrada criada por robô|verbete criado por robô]]</comment>
<model>wikitext</model>
<format>text/x-wiki</format>
<text bytes="148" xml:space="preserve">{{Wikipédia|lang=br}}
={{-br-}}=
==Substantivo==
'''kalon'''
# [[coração]]
[[Categoria:Substantivo (Bretão)]]
[[Categoria:Anatomia (Bretão)]]</text>
<sha1>4o9fk5k1hzqnagodv29526zqkgf1pnq</sha1>
</revision>
