<page>
<page>
<title>kalong</title>
<ns>0</ns>
<id>39467</id>
<revision>
<id>2365854</id>
<parentid>2235598</parentid>
<timestamp>2017-05-03T16:55:09Z</timestamp>
<contributor>
<username>HydrizBot</username>
<id>29590</id>
</contributor>
<minor />
<comment>Robô: A limpar links interwikis antigos</comment>
<model>wikitext</model>
<format>text/x-wiki</format>
<text bytes="279" xml:space="preserve">={{-jv-}}=
[[Image:Chiroptera1.jpg|thumb|100px|'''Kalong''']]
==Substantivo==
'''ka.long'''
# {{escopo|Zoologia}} [[morcego]].
[[Categoria:Substantivo (Javanês)]]
[[Categoria:Dissílabo (Javanês)]]
[[Categoria:Mamífero (Javanês)]]
[[Categoria:Entrada com imagem (Javanês)]]</text>
<sha1>se74jc3nlk42ntu1u8kf42uoclsji07</sha1>
</revision>
