<page>
<title>kalohan</title>
<ns>0</ns>
<id>61766</id>
<revision>
<id>2365851</id>
<parentid>1306583</parentid>
<timestamp>2017-05-03T16:55:09Z</timestamp>
<contributor>
<username>HydrizBot</username>
<id>29590</id>
</contributor>
<minor />
<comment>Robô: A limpar links interwikis antigos</comment>
<model>wikitext</model>
<format>text/x-wiki</format>
<text bytes="89" xml:space="preserve">={{-tet-}}=
==Substantivo==
'''kalohan'''
# [[nuvem]]
[[Categoria:Substantivo (Tétum)]]</text>
<sha1>fjz43rcwvgvi5eczk9gthtwcyux969s</sha1>
</revision>
</page>
