<page>
<page>
<title>kaloka</title>
<ns>0</ns>
<id>14858</id>
<revision>
<id>2690644</id>
<parentid>2365852</parentid>
<timestamp>2022-10-27T05:38:12Z</timestamp>
<contributor>
<username>InternetArchiveBot</username>
<id>81604</id>
</contributor>
<comment>Rescuing 1 sources and tagging 0 as dead.) #IABot (v2.0.9.2</comment>
<model>wikitext</model>
<format>text/x-wiki</format>
<text bytes="513" xml:space="preserve">={{-kea-}}=
==Verbo==
'''ka.lo.ka''', {{g|vt}}
# [[colocar]], [[pôr]]
===Verbetes derivados===
{{verTambém.Ini}}
* {{link preto|diskaloka}}
{{verTambém.Fim}}
==Ver também==
===Referências===
{{verTambém.Ini}}
* [https://web.archive.org/web/20110104061744/http://www.ecoserramalagueta.cv/EN/EN%20Travel%20Information/English-Kriolu_Dictionary.pdf English-Kriolu Dictionary (Eco Serra Malagueta) (em inglês)]
{{verTambém.Fim}}
[[Categoria:Verbo (Cabo-verdiano)]]
[[Categoria:Trissílabo (Cabo-verdiano)]]</text>
<sha1>8lg6fhr8rswicrcsx7zj7dwl95as0j7</sha1>
</revision>
