<page>
<page>
<title>kalpak</title>
<ns>0</ns>
<id>313480</id>
<revision>
<id>2365856</id>
<parentid>2103083</parentid>
<timestamp>2017-05-03T16:55:10Z</timestamp>
<contributor>
<username>HydrizBot</username>
<id>29590</id>
</contributor>
<minor />
<comment>Robô: A limpar links interwikis antigos</comment>
<model>wikitext</model>
<format>text/x-wiki</format>
<text bytes="272" xml:space="preserve">={{-tr-}}=
==Substantivo==
'''kalpak'''
# [[chapéu]] de pele, de forma cônica ou tronco cônica
=={{etimologia|tr}}==
: Do turcomano ''qalpaq'', aparentado com o persa کلاهک (kolāhak), diminutivo de کلاه (kolāh, &quot;chapéu&quot;).
[[Categoria:Substantivo (Turco)]]</text>
<sha1>4n6maoqppxmaiqy1mhq8bfmrbksjvte</sha1>
</revision>
