<page>
<page>
<title>kalsyu</title>
<ns>0</ns>
<id>406780</id>
<revision>
<id>2536208</id>
<timestamp>2019-02-15T23:57:20Z</timestamp>
<contributor>
<username>Amigo7</username>
<id>58547</id>
</contributor>
<comment>Criação do verbete</comment>
<model>wikitext</model>
<format>text/x-wiki</format>
<text bytes="357" xml:space="preserve">{{Wikipédia|lang=qu}}
={{-qu-}}=
==Substantivo==
{{elementos|Ca|kalyu|K|iskandyu|Sc}}
'''kalsyu'''
# {{escopo|qu|Elemento químico}} [[cálcio]]
===Sinônimos===
* {{link idioma|isku q'illay|qu}}
* {{link idioma|iskuya|qu}}
* {{link idioma|q'atawi|qu}}
==Ver também==
===No Wikcionário===
{{tabela periódica/qu}}
[[Categoria:Substantivo (Quéchua)]]</text>
<sha1>nnxxn6djhdwlvjz3qfk2du89iahu3ws</sha1>
</revision>
