<page>
<title>kalsiom</title>
<ns>0</ns>
<id>385150</id>
<revision>
<id>2456925</id>
<timestamp>2017-10-24T14:46:28Z</timestamp>
<contributor>
<username>ValJor</username>
<id>1358</id>
</contributor>
<comment>Criação do verbete a partir da [[Especial:Páginas_pedidas|lista de palavras pedidas]]</comment>
<model>wikitext</model>
<format>text/x-wiki</format>
<text bytes="315" xml:space="preserve">{{Wikipédia|lang=br}}
={{-br-}}=
==Substantivo==
{{elementos|Ca|potasiom|K|skandiom|Sc}}
'''kalsiom'''
# {{escopo|br|Química}} [[cálcio]]
===Sinônimo===
* [[kalkiom]]
==Ver também==
===No Wikcionário===
{{tabela periódica/br}}
[[Categoria:Substantivo (Bretão)]]
[[Categoria:Elemento químico (Bretão)]]</text>
<sha1>pfmidpdweoad1whlx4i44enwrcogp52</sha1>
</revision>
</page>
