<page>
<page>
<title>kalsita</title>
<ns>0</ns>
<id>14860</id>
<revision>
<id>2365858</id>
<parentid>1776125</parentid>
<timestamp>2017-05-03T16:55:10Z</timestamp>
<contributor>
<username>HydrizBot</username>
<id>29590</id>
</contributor>
<minor />
<comment>Robô: A limpar links interwikis antigos</comment>
<model>wikitext</model>
<format>text/x-wiki</format>
<text bytes="104" xml:space="preserve">={{-kea-}}=
==Verbo==
'''kalsita'''
# [[pavimentar]]
# [[calcetar]]
[[Categoria:Verbo (Cabo-verdiano)]]</text>
<sha1>4pcvt1ipyk0v1j64uu8fz4173lfqzvd</sha1>
</revision>
