<page>
<title>kalsiy</title>
<ns>0</ns>
<id>384664</id>
<revision>
<id>2454463</id>
<timestamp>2017-10-11T15:42:00Z</timestamp>
<contributor>
<username>ValJor</username>
<id>1358</id>
</contributor>
<comment>Criação do verbete a partir da [[Especial:Páginas_pedidas|lista de palavras pedidas]]</comment>
<model>wikitext</model>
<format>text/x-wiki</format>
<text bytes="279" xml:space="preserve">{{Wikipédia|lang=uz}}
={{-uz-}}=
==Substantivo==
{{elementos|Ca|kaliy|K|skandiy|Sc}}
'''kalsiy'''
# {{escopo|uz|Química}} [[cálcio]]
==Ver também==
===No Wikcionário===
{{tabela periódica/uz}}
[[Categoria:Substantivo (Uzbeque)]]
[[Categoria:Elemento químico (Uzbeque)]]</text>
<sha1>nq71g59eacvcy5soyen9fefw9i66n24</sha1>
</revision>
</page>
