<page>
<page>
<title>kalsiyum</title>
<ns>0</ns>
<id>284286</id>
<revision>
<id>2365860</id>
<parentid>1985114</parentid>
<timestamp>2017-05-03T16:55:11Z</timestamp>
<contributor>
<username>HydrizBot</username>
<id>29590</id>
</contributor>
<minor />
<comment>Robô: A limpar links interwikis antigos</comment>
<model>wikitext</model>
<format>text/x-wiki</format>
<text bytes="279" xml:space="preserve">{{Wikipédia|lang=tr}}
={{-tr-}}=
{{elementos|Ca|potasyum|K|skandiyum|Sc}}
==Substantivo==
'''kalsiyum'''
# {{escopo|Química}} [[cálcio]]
==Ver também==
===No Wikcionário===
{{tabela periódica/tr}}
[[Categoria:Substantivo (Turco)]]
[[Categoria:Elemento químico (Turco)]]</text>
<sha1>scsexka57wma7626ehrn7pritdteykt</sha1>
</revision>
