<page>
<page>
<title>kalsium</title>
<ns>0</ns>
<id>234828</id>
<revision>
<id>2545287</id>
<parentid>2544954</parentid>
<timestamp>2019-05-28T21:31:00Z</timestamp>
<contributor>
<username>Amigo7</username>
<id>58547</id>
</contributor>
<minor />
<comment>Corrigindo código de língua (ma --&gt; ms) na predefinição escopo</comment>
<model>wikitext</model>
<format>text/x-wiki</format>
<text bytes="2739" xml:space="preserve">{{Wikipédia|lang=af}}
{{Wikipédia|lang=az}}
{{Wikipédia|lang=fi}}
{{Wikipédia|lang=id}}
{{Wikipédia|lang=jv}}
{{Wikipédia|lang=ms}}
{{Wikipédia|lang=no}}
{{Wikipédia|lang=nn}}
{{Wikipédia|lang=su}}
={{-af-}}=
==Substantivo==
{{elementos|Ca|kalium|K|skandium|Sc}}
'''kalsium'''
# {{escopo|af|Elemento químico}} [[cálcio]]
==Ver também==
===No Wikcionário===
{{tabela periódica/af}}
[[Categoria:Substantivo (Africâner)]]
={{-az-}}=
==Substantivo==
{{elementos|Ca|kalium|K|skandium|Sc}}
'''kalsium'''
# {{escopo|az|Elemento químico}} [[cálcio]]
==Ver também==
===No Wikcionário===
{{tabela periódica/az}}
[[Categoria:Substantivo (Azerbaijano)]]
={{-fo-}}=
==Substantivo==
{{elementos|Ca|kalium|K|skandium|Sc}}
'''kalsium'''
# {{escopo|fo|Elemento químico}} [[cálcio]]
==Ver também==
===No Wikcionário===
{{tabela periódica/fo}}
[[Categoria:Substantivo (Feroês)]]
={{-fi-}}=
==Substantivo==
{{elementos|Ca|kalium|K|skandium|Sc}}
'''kalsium'''
# {{escopo|fi|Elemento químico}} [[cálcio]]
==Ver também==
===No Wikcionário===
{{tabela periódica/fi}}
[[Categoria:Substantivo (Finlandês)]]
={{-fy-}}=
==Substantivo==
{{elementos|Ca|kalium|K|scandium|Sc}}
'''kalsium'''
# {{escopo|fy|Elemento químico}} [[cálcio]]
==Ver também==
===No Wikcionário===
{{tabela periódica/fy}}
[[Categoria:Substantivo (Frísio)]]
={{-id-}}=
==Substantivo==
{{elementos|Ca|kalium|K|skandium|Sc}}
'''kalsium'''
# {{escopo|id|Elemento químico}} [[cálcio]]
==Ver também==
===No Wikcionário===
{{tabela periódica/id}}
[[Categoria:Substantivo (Indonésio)]]
={{-jv-}}=
==Substantivo==
{{elementos|Ca|kalium|K|skandium|Sc}}
'''kalsium'''
# {{escopo|jv|Elemento químico}} [[cálcio]]
==Ver também==
===No Wikcionário===
{{tabela periódica/jv}}
[[Categoria:Substantivo (Javanês)]]
={{-ms-}}=
==Substantivo==
{{elementos|Ca|kalium|K|skandium|Sc}}
'''kalsium'''
# {{escopo|ms|Elemento químico}} [[cálcio]]
==Ver também==
===No Wikcionário===
{{tabela periódica/ms}}
[[Categoria:Substantivo (Malaio)]]
={{-no-}}=
==Substantivo==
{{elementos|Ca|kalium|K|scandium|Sc}}
'''kalsium'''
# {{escopo|no|Elemento químico}} [[cálcio]]
==Ver também==
===No Wikcionário===
{{tabela periódica/no}}
[[Categoria:Substantivo (Norueguês)]]
={{-nn-}}=
==Substantivo==
{{elementos|Ca|kalium|K|scandium|Sc}}
'''kalsium'''
# {{escopo|nn|Elemento químico}} [[cálcio]]
==Ver também==
===No Wikcionário===
{{tabela periódica/no}}
[[Categoria:Substantivo (Novo Norueguês)]]
={{-su-}}=
==Substantivo==
{{elementos|Ca|kalium|K|skandium|Sc}}
'''kalsium'''
# {{escopo|su|Elemento químico}} [[cálcio]]
==Ver também==
===No Wikcionário===
{{tabela periódica/su}}
[[Categoria:Substantivo (Sundanês)]]</text>
<sha1>s1lbcgc7wbnr5hhup6hlfy8o603qxxm</sha1>
</revision>
