<page>
<title>kalsín</title>
<ns>0</ns>
<id>70428</id>
<revision>
<id>2365862</id>
<parentid>1860836</parentid>
<timestamp>2017-05-03T16:55:11Z</timestamp>
<contributor>
<username>HydrizBot</username>
<id>29590</id>
</contributor>
<minor />
<comment>Robô: A limpar links interwikis antigos</comment>
<model>wikitext</model>
<format>text/x-wiki</format>
<text bytes="369" xml:space="preserve">={{-is-}}=
== Substantivo ==
'''kalsín''', ''neutro, forte, grupo 1 (sem plural)''
# {{escopo|química}} [[cálcio]].
=== Declinação ===
{{decl.is.subst.forte.neu.1.sing|kalsín}}
== Ver também ==
=== No Wikcionário ===
{{tabela periódica/is}}
[[Categoria:Substantivo (Islandês)]]
[[Categoria:Química (Islandês)]]
[[Categoria:Elemento químico (Islandês)]]</text>
<sha1>l10n06m869a8zfs11llubfmy0j4desw</sha1>
</revision>
</page>
