<page>
<page>
<title>kaltsium</title>
<ns>0</ns>
<id>257129</id>
<revision>
<id>2365864</id>
<parentid>2128161</parentid>
<timestamp>2017-05-03T16:55:12Z</timestamp>
<contributor>
<username>HydrizBot</username>
<id>29590</id>
</contributor>
<minor />
<comment>Robô: A limpar links interwikis antigos</comment>
<model>wikitext</model>
<format>text/x-wiki</format>
<text bytes="285" xml:space="preserve">{{Wikipédia|lang=et}}
={{-et-}}=
{{elementos|Ca|kaalium|K|skandium|Sc}}
==Substantivo==
'''kaltsium'''
# {{escopo|Química}} [[cálcio]]
==Ver também==
===No Wikcionário===
{{tabela periódica/et}}
[[Categoria:Substantivo (Estoniano)]]
[[Categoria:Elemento químico (Estoniano)]]</text>
<sha1>aoyt3flew0rzlpzwus47hdb1lue82a9</sha1>
</revision>
