<page>
<page>
<title>kalt</title>
<ns>0</ns>
<id>32243</id>
<revision>
<id>2462050</id>
<parentid>2365863</parentid>
<timestamp>2017-11-21T06:52:38Z</timestamp>
<contributor>
<username>Spanier</username>
<id>43713</id>
</contributor>
<comment>suplementos</comment>
<model>wikitext</model>
<format>text/x-wiki</format>
<text bytes="359" xml:space="preserve">={{-de-}}=
==Adjetivo==
'''kalt'''
# [[frio]]
===Antônimo===
*[[heiß]]
===Declinação===
{{decl.de.adj.regular|
normal=kalt
|comparativo=kälter
|superlativo=kälteste
}}
=={{etimologia|de}}==
: Do [[alto alemão antigo]] ''kalt''.
=={{pronúncia|de}}==
* [[AFI]]: {{AFI|/kalt/|de}} {{audio|De-kalt.ogg|ouvir|lang=de}}
[[Categoria:Adjetivo (Alemão)]]</text>
<sha1>4m5vumd8imdtcpnca6mgxtqb4txnkkk</sha1>
</revision>
