<page>
<title>kalín</title>
<ns>0</ns>
<id>70741</id>
<revision>
<id>2365866</id>
<parentid>1816622</parentid>
<timestamp>2017-05-03T16:55:12Z</timestamp>
<contributor>
<username>HydrizBot</username>
<id>29590</id>
</contributor>
<minor />
<comment>Robô: A limpar links interwikis antigos</comment>
<model>wikitext</model>
<format>text/x-wiki</format>
<text bytes="369" xml:space="preserve">={{-is-}}=
== Substantivo ==
'''kalín''', ''neutro, forte, grupo 1 (sem plural)''
# {{escopo|química}} [[potássio]].
=== Declinação ===
{{decl.is.subst.forte.neu.1.sing|kalín}}
== Ver também ==
=== No Wikcionário ===
{{tabela periódica/is}}
[[Categoria:Substantivo (Islandês)]]
[[Categoria:Química (Islandês)]]
[[Categoria:Elemento químico (Islandês)]]</text>
<sha1>ag8ebzfkk1uep8n0dwc5wxmys8tx3am</sha1>
</revision>
</page>
