<page>
<page>
<title>kama</title>
<ns>0</ns>
<id>32133</id>
<revision>
<id>2365868</id>
<parentid>2219318</parentid>
<timestamp>2017-05-03T16:55:13Z</timestamp>
<contributor>
<username>HydrizBot</username>
<id>29590</id>
</contributor>
<minor />
<comment>Robô: A limpar links interwikis antigos</comment>
<model>wikitext</model>
<format>text/x-wiki</format>
<text bytes="356" xml:space="preserve">={{-fil-}}=
==Substantivo==
'''kama'''
# [[cama]]
=={{etimologia|fil}}==
: Do [[espanhol]] ''[[cama]]''.
[[Categoria:Substantivo (Filipino)]]
={{-ja-}}=
==Transliteração==
# transliteração de [[かま]]
[[Categoria:Transliteração (Japonês)]]
={{-pap-}}=
==Substantivo==
'''kama'''
# [[cama]]; [[leito]]
[[Categoria:Substantivo (Papiamento)]]</text>
<sha1>1m0g1rt66ervhmjrmafk75thrdu31w2</sha1>
</revision>
