<page>
<title>Kamaroins</title>
<ns>0</ns>
<id>402165</id>
<revision>
<id>2523677</id>
<timestamp>2018-10-24T08:56:22Z</timestamp>
<contributor>
<username>ValJor</username>
<id>1358</id>
</contributor>
<comment>Criação do verbete a partir da [[Especial:Páginas_pedidas|lista de palavras pedidas]]</comment>
<model>wikitext</model>
<format>text/x-wiki</format>
<text bytes="449" xml:space="preserve">[[Imagem:Flag of Cameroon.svg|thumb|right|250px|&lt;center&gt;Bandeira de Camarões&lt;/center&gt;]]
[[Imagem:LocationCameroon.svg|thumb|right|250px|&lt;center&gt;Localização de Camarões&lt;/center&gt;]]
={{-tet-}}=
==Substantivo==
'''Kamaroins''', {{gramática|pr}}
# {{escopo|tet|Geografia}} [[Camarões]]
==Ver também==
===No Wikcionário===
{{África/tet}}
[[Categoria:Substantivo (Tétum)]]
[[Categoria:País (Tétum)]]
[[Categoria:Entrada com imagem (Tétum)]]</text>
<sha1>9y3ro2cwgvwvxvc2p4zo6bdhvjmgs22</sha1>
</revision>
</page>
