<page>
<title>kamarezita</title>
<ns>0</ns>
<id>43936</id>
<revision>
<id>1201071</id>
<parentid>168332</parentid>
<timestamp>2011-07-09T13:41:24Z</timestamp>
<contributor>
<username>MalafayaBot</username>
<id>628</id>
</contributor>
<minor />
<comment>Robô: Substituição de texto automática (-^\=\s?Português\s?\= +={{-pt-}}= &amp; -^\=\s?\{\{pt\}\}\s?\= +={{-pt-}}=)</comment>
<model>wikitext</model>
<format>text/x-wiki</format>
<text bytes="431" xml:space="preserve">={{-pt-}}=
[[Categoria:Substantivo (Português)]]
==Substantivo==
'''{{PAGENAME}}''' ''substantivo feminino ''
:# mineral; columbato e tantalato de titânio, urânio e ferro, encontrado em Divino de Ubá, Minas Gerais, Brasil.
===Sinónimos===
* [[guimarãesita]]
* [[brochantita]]
===Tradução===
* Alemão: [[Guimaraesit]]
* Inglês: [[guimaraesite]]
[[Categoria:Substantivo (Português)]]
[[Categoria:Geologia (Português)]]</text>
<sha1>sekpb9byqczw014ocm9l0tsyzthyugq</sha1>
</revision>
</page>
