<page>
<title>kamat</title>
<ns>0</ns>
<id>45298</id>
<revision>
<id>2365870</id>
<parentid>1936772</parentid>
<timestamp>2017-05-03T16:55:13Z</timestamp>
<contributor>
<username>HydrizBot</username>
<id>29590</id>
</contributor>
<minor />
<comment>Robô: A limpar links interwikis antigos</comment>
<model>wikitext</model>
<format>text/x-wiki</format>
<text bytes="343" xml:space="preserve">={{-fi-}}=
==Forma de substantivo==
'''kamat'''
# flexão de [[kama]]
[[Categoria:Forma de substantivo (Finlandês)]]
={{-hu-}}=
==Substantivo==
'''kamat'''
# {{escopo|Economia}} [[juro]]
[[Categoria:Substantivo (Húngaro)]]
[[Categoria:Economia (Húngaro)]]
={{-tet-}}=
==Verbo==
'''kamat'''
# [[arranhar]]
[[Categoria:Verbo (Tétum)]]</text>
<sha1>52mhjyo3vgj9g6n0lhmfj5k2zy08hjl</sha1>
</revision>
</page>
