<page>
<page>
<title>kamarua</title>
<ns>0</ns>
<id>61767</id>
<revision>
<id>1306584</id>
<parentid>1084077</parentid>
<timestamp>2011-11-28T23:47:20Z</timestamp>
<contributor>
<username>MalafayaBot</username>
<id>628</id>
</contributor>
<minor />
<comment>Robô: Substituição de texto automática (-^\=(\s*?)Tétum(\s*?)\= +={{-tet-}}= &amp; -^\=(\s*?)\{\{tet\}\}(\s*?)\= +={{-tet-}}=)</comment>
<model>wikitext</model>
<format>text/x-wiki</format>
<text bytes="93" xml:space="preserve">={{-tet-}}=
==Substantivo==
'''kamarua'''
# [[concubina]]
[[Categoria:Substantivo (Tétum)]]</text>
<sha1>mqisrft10l45mh938reic782bpjqoq1</sha1>
</revision>
