<page>
<title>kamata</title>
<ns>0</ns>
<id>325099</id>
<revision>
<id>2365871</id>
<parentid>2018842</parentid>
<timestamp>2017-05-03T16:55:14Z</timestamp>
<contributor>
<username>HydrizBot</username>
<id>29590</id>
</contributor>
<minor />
<comment>Robô: A limpar links interwikis antigos</comment>
<model>wikitext</model>
<format>text/x-wiki</format>
<text bytes="898" xml:space="preserve">={{-cod-}}=
==Verbo==
'''ka.{{grifar|ma}}.ta'''
# [[trabalhar]]
#: ''[[ta#cod|ta]] '''kamata''' [[ria]] [[ukuatsi]] [[nianan]]'' &lt;small&gt;([[eu]] [[trabalho]] [[tanto]] [[quanto]] [[tu]])&lt;/small&gt;
===Referências===
{{verTambém.Ini}}
* &lt;span style=&quot;color:#555;&quot;&gt;(em espanhol)&lt;/span&gt; ESPINOSA, Lucas. ''Breve Diccionario Analitico Castellano-Tupi del Peru - Sección Cocama''. Iquitos (PER): Ediciones C.E.T.A, 1989. ISBN 84-89295-43-3.
* &lt;span style=&quot;color:#555;&quot;&gt;(em português)&lt;/span&gt; VIEGAS, Chandra Wood. ''Natureza e direções das mudanças linguísticas observadas entre os últimos falantes do Kokáma nativos do Brasil''. Dissertação de mestrado. Universidade de Brasília. 2010.
* &lt;span style=&quot;color:#555;&quot;&gt;(em inglês)&lt;/span&gt; YOPÁN, Rosa Vallejos. ''A Grammar of Kokama-Kokamilla''. Dissertação. University of Oregon. 2010
{{verTambém.Fim}}
{{categorias|{{cod}}|Verbo|Trissílabo}}</text>
<sha1>e9f79v8fi717ui4e7cftymb4dukz5mh</sha1>
</revision>
</page>
