<page>
<title>Kamboja</title>
<ns>0</ns>
<id>139502</id>
<revision>
<id>2272059</id>
<parentid>2109668</parentid>
<timestamp>2017-04-26T19:59:00Z</timestamp>
<contributor>
<username>HydrizBot</username>
<id>29590</id>
</contributor>
<minor />
<comment>Robô: A limpar links interwikis antigos</comment>
<model>wikitext</model>
<format>text/x-wiki</format>
<text bytes="244" xml:space="preserve">={{-id-}}=
{{Wikipédia|lang=id}}
==Substantivo==
'''Kamboja''', {{pr}}
#{{escopo|Geografia}} [[Camboja]]
===Variante===
*[[Kerajaan Kamboja]]
==Ver também==
{{Ásia/id}}
[[Categoria:Substantivo (Indonésio)]]
[[Categoria:País (Indonésio)]]</text>
<sha1>di87k9tmrz5ff2l88sbqxsvvf0jhoia</sha1>
</revision>
</page>
