<page>
<page>
<title>Kamboji</title>
<ns>0</ns>
<id>131061</id>
<revision>
<id>2272060</id>
<parentid>2195528</parentid>
<timestamp>2017-04-26T19:59:02Z</timestamp>
<contributor>
<username>HydrizBot</username>
<id>29590</id>
</contributor>
<minor />
<comment>Robô: A limpar links interwikis antigos</comment>
<model>wikitext</model>
<format>text/x-wiki</format>
<text bytes="241" xml:space="preserve">={{-kw-}}=
{{Wikipédia|lang=kw}}
==Substantivo==
'''Kamboji''', {{pr}}
#{{escopo|Geografia}} [[Camboja]]
===Variante===
*[[Rywvaneth Kamboji]]
==Ver também==
{{Ásia/kw}}
[[Categoria:Substantivo (Córnico)]]
[[Categoria:País (Córnico)]]</text>
<sha1>jnw4jiqw40zvg8r1gtonp77ag2oyv4o</sha1>
</revision>
