<page>
<title>kamba</title>
<ns>0</ns>
<id>14861</id>
<revision>
<id>2365874</id>
<parentid>2180205</parentid>
<timestamp>2017-05-03T16:55:29Z</timestamp>
<contributor>
<username>HydrizBot</username>
<id>29590</id>
</contributor>
<minor />
<comment>Robô: A limpar links interwikis antigos</comment>
<model>wikitext</model>
<format>text/x-wiki</format>
<text bytes="123" xml:space="preserve">={{-kea-}}=
==Verbo==
'''kamba'''
# [[entrar]]; [[penetrar]]
# [[pôr]]-se (o [[Sol]])
[[Categoria:Verbo (Cabo-verdiano)]]</text>
<sha1>gr44psevcu8yjqx1mx21kp6k472rccy</sha1>
</revision>
</page>
