<page>
<page>
<title>Kambódía</title>
<ns>0</ns>
<id>142324</id>
<revision>
<id>2272067</id>
<parentid>2028233</parentid>
<timestamp>2017-04-26T19:59:24Z</timestamp>
<contributor>
<username>HydrizBot</username>
<id>29590</id>
</contributor>
<minor />
<comment>Robô: A limpar links interwikis antigos</comment>
<model>wikitext</model>
<format>text/x-wiki</format>
<text bytes="208" xml:space="preserve">={{-is-}}=
{{Wikipédia|lang=is}}
==Substantivo==
'''Kambódía''', {{pr}}
#{{escopo|Geografia}} [[Camboja]]
==Ver também==
{{Ásia/is}}
[[Categoria:Substantivo (Islandês)]]
[[Categoria:País (Islandês)]]</text>
<sha1>8xm4mnh4ahlvu13dz7ypgvehs80ek01</sha1>
</revision>
