<page>
<page>
<title>Kambuya</title>
<ns>0</ns>
<id>152557</id>
<revision>
<id>2272066</id>
<parentid>2195525</parentid>
<timestamp>2017-04-26T19:59:21Z</timestamp>
<contributor>
<username>HydrizBot</username>
<id>29590</id>
</contributor>
<minor />
<comment>Robô: A limpar links interwikis antigos</comment>
<model>wikitext</model>
<format>text/x-wiki</format>
<text bytes="243" xml:space="preserve">={{-qu-}}=
{{Wikipédia|lang=qu}}
==Substantivo==
'''Kambuya''', {{pr}}
#{{escopo|Geografia}} [[Camboja]]
===Variante===
*[[Kambuya Qhapaq Suyu]]
==Ver também==
{{Ásia/qu}}
[[Categoria:Substantivo (Quéchua)]]
[[Categoria:País (Quéchua)]]</text>
<sha1>b4ppzpgttnis6h162gl64t7kp1s9a1n</sha1>
</revision>
