<page>
<page>
<title>Kamboca</title>
<ns>0</ns>
<id>428483</id>
<revision>
<id>2603091</id>
<timestamp>2020-11-26T08:30:59Z</timestamp>
<contributor>
<username>ValJor</username>
<id>1358</id>
</contributor>
<comment>Criação do verbete a partir da [[Especial:Páginas_pedidas|lista de palavras pedidas]]</comment>
<model>wikitext</model>
<format>text/x-wiki</format>
<text bytes="936" xml:space="preserve">{{Wikipédia|lang=az}}
{{Wikipédia|lang=ku}}
{{Wikipédia|lang=gag}}
[[Imagem:Flag of Cambodia.svg|thumb|right|250px|&lt;center&gt;Bandeira do Camboja&lt;/center&gt;]]
[[Imagem:LocationCambodia.svg|thumb|right|250px|&lt;center&gt;Localização do Camboja&lt;/center&gt;]]
={{-az-}}=
==Substantivo==
'''Kamboca''', {{gramática|pr}}
# {{escopo|az|País}} [[Camboja]]
==Ver também==
===No Wikcionário===
{{Ásia/az}}
[[Categoria:Substantivo (Azerbaijano)]]
[[Categoria:Entrada com imagem (Azerbaijano)]]
={{-ku-}}=
==Substantivo==
'''Kamboca''', {{gramática|pr}}
# {{escopo|ku|País}} [[Camboja]]
==Ver também==
===No Wikcionário===
{{Ásia/ku}}
[[Categoria:Substantivo (Curdo)]]
[[Categoria:Entrada com imagem (Curdo)]]
={{-gag-}}=
==Substantivo==
'''Kamboca''', {{gramática|pr}}
# {{escopo|gag|País}} [[Camboja]]
==Ver também==
===No Wikcionário===
{{Ásia/gag}}
[[Categoria:Substantivo (Gagauz)]]
[[Categoria:Entrada com imagem (Gagauz)]]</text>
<sha1>n6vyag2qqgazj82nimyvo47rlyc38b5</sha1>
</revision>
