<page>
<page>
<title>Kambodja</title>
<ns>0</ns>
<id>124502</id>
<revision>
<id>2542172</id>
<parentid>2272053</parentid>
<timestamp>2019-04-20T08:30:25Z</timestamp>
<contributor>
<username>ValJor</username>
<id>1358</id>
</contributor>
<comment>Acrescentando código de língua à [[:Categoria:!Página com mensagem de erro em predefinição|predefinição escopo]]</comment>
<model>wikitext</model>
<format>text/x-wiki</format>
<text bytes="2979" xml:space="preserve">{{Wikipédia|lang=af}}
{{Wikipédia|lang=br}}
{{Wikipédia|lang=kaa}}
{{Wikipédia|lang=fo}}
{{Wikipédia|lang=fy}}
{{Wikipédia|lang=io}}
{{Wikipédia|lang=mt}}
{{Wikipédia|lang=na}}
{{Wikipédia|lang=se}}
{{Wikipédia|lang=sv}}
{{Wikipédia|lang=uz}}
[[Imagem:Flag of Cambodia.svg|thumb|right|250px|&lt;center&gt;Bandeira do Camboja&lt;/center&gt;]]
[[Imagem:LocationCambodia.svg|thumb|right|250px|&lt;center&gt;Localização do Camboja&lt;/center&gt;]]
={{-af-}}=
==Substantivo==
'''Kambodja''', {{gramática|pr}}
# {{escopo|af|País}} [[Camboja]]
==Ver também==
===No Wikcionário===
{{Ásia/af}}
[[Categoria:Substantivo (Africâner)]]
[[Categoria:Entrada com imagem (Africâner)]]
={{-br-}}=
==Substantivo==
'''Kambodja''', {{gramática|pr}}
# {{escopo|br|País}} [[Camboja]]
==Ver também==
===No Wikcionário===
{{Ásia/br}}
[[Categoria:Substantivo (Bretão)]]
[[Categoria:Entrada com imagem (Bretão)]]
={{-kaa-}}=
==Substantivo==
'''Kambodja''', {{gramática|pr}}
# {{escopo|kaa|País}} [[Camboja]]
==Ver também==
===No Wikcionário===
{{Ásia/kaa}}
[[Categoria:Substantivo (Caracalpaque)]]
[[Categoria:Entrada com imagem (Caracalpaque)]]
={{-fo-}}=
==Substantivo==
'''Kambodja''', {{gramática|pr}}
# {{escopo|fo|País}} [[Camboja]]
==Ver também==
===No Wikcionário===
{{Ásia/fo}}
[[Categoria:Substantivo (Feroês)]]
[[Categoria:Entrada com imagem (Feroês)]]
={{-fy-}}=
==Substantivo==
'''Kambodja''', {{gramática|pr}}
# {{escopo|fy|País}} [[Camboja]]
==Ver também==
===No Wikcionário===
{{Ásia/fy}}
[[Categoria:Substantivo (Frísio)]]
[[Categoria:Entrada com imagem (Frísio)]]
={{-io-}}=
==Substantivo==
'''Kambodja''', {{gramática|pr}}
# {{escopo|io|País}} [[Camboja]]
==Ver também==
===No Wikcionário===
{{Ásia/io}}
[[Categoria:Substantivo (Ido)]]
[[Categoria:Entrada com imagem (Ido)]]
={{-mt-}}=
==Substantivo==
'''Kambodja''', {{gramática|pr}}
# {{escopo|mt|País}} [[Camboja]]
==Ver também==
===No Wikcionário===
{{Ásia/mt}}
[[Categoria:Substantivo (Maltês)]]
[[Categoria:Entrada com imagem (Maltês)]]
={{-na-}}=
==Substantivo==
'''Kambodja''', {{gramática|pr}}
# {{escopo|na|País}} [[Camboja]]
==Ver também==
===No Wikcionário===
{{Ásia/na}}
[[Categoria:Substantivo (Nauruano)]]
[[Categoria:Entrada com imagem (Nauruano)]]
={{-se-}}=
==Substantivo==
'''Kambodja''', {{gramática|pr}}
# {{escopo|se|País}} [[Camboja]]
==Ver também==
===No Wikcionário===
{{Ásia/se}}
[[Categoria:Substantivo (Sami Setentrional)]]
[[Categoria:Entrada com imagem (Sami Setentrional)]]
={{-sv-}}=
==Substantivo==
'''Kambodja''', {{gramática|pr}}
# {{escopo|sv|País}} [[Camboja]]
==Ver também==
===No Wikcionário===
{{Ásia/sv}}
[[Categoria:Substantivo (Sueco)]]
[[Categoria:Entrada com imagem (Sueco)]]
={{-uz-}}=
==Substantivo==
'''Kambodja''', {{gramática|pr}}
# {{escopo|uz|País}} [[Camboja]]
==Ver também==
===No Wikcionário===
{{Ásia/uz}}
[[Categoria:Substantivo (Uzbeque)]]
[[Categoria:Entrada com imagem (Uzbeque)]]</text>
<sha1>f5961ypquoeghnk6einyi39y763mf9t</sha1>
</revision>
