<page>
<title>Kamboddsja</title>
<ns>0</ns>
<id>145512</id>
<revision>
<id>1615216</id>
<parentid>1549205</parentid>
<timestamp>2013-01-21T17:35:51Z</timestamp>
<contributor>
<username>MalafayaBot</username>
<id>628</id>
</contributor>
<minor />
<comment>Robô: Substituição de texto automática (-|Figura| +|Entrada com imagem|, -[[Categoria:Figura  +[[Categoria:Entrada com imagem , -|Figura}} +|Entrada com imagem}})</comment>
<model>wikitext</model>
<format>text/x-wiki</format>
<text bytes="398" xml:space="preserve">[[Ficheiro:Flag of Cambodia.svg|thumb|150px|'''Kamboddsja''']]
={{-ksh-}}=
==Substantivo==
'''Kam.bodd.sja''' {{pr}}
# {{escopo|geografia}} [[Camboja]].
==Ver também==
===No Wikcionário===
{{Ásia/ksh}}
[[Categoria:Substantivo (Francônio)]]
[[Categoria:Trissílabo (Francônio)]]
[[Categoria:País (Francônio)]]
[[Categoria:Entrada com imagem (Francônio)]]
[[Categoria:Cognato (Francônio)]]</text>
<sha1>hodp4o1osak3jioa06c86e3oazjuni9</sha1>
</revision>
</page>
