<page>
<page>
<title>Kambodscha</title>
<ns>0</ns>
<id>124806</id>
<revision>
<id>2272054</id>
<parentid>2010341</parentid>
<timestamp>2017-04-26T19:58:39Z</timestamp>
<contributor>
<username>HydrizBot</username>
<id>29590</id>
</contributor>
<minor />
<comment>Robô: A limpar links interwikis antigos</comment>
<model>wikitext</model>
<format>text/x-wiki</format>
<text bytes="205" xml:space="preserve">={{-de-}}=
{{Wikipédia|lang=de}}
==Substantivo==
'''Kambodscha''', {{pr}}
#{{escopo|Geografia}} [[Camboja]]
==Ver também==
{{Ásia/de}}
[[Categoria:Substantivo (Alemão)]]
[[Categoria:País (Alemão)]]</text>
<sha1>elmqwz9k5mox8rxscu0omnzaulieq3o</sha1>
</revision>
