<page>
<page>
<title>Kamboxhia</title>
<ns>0</ns>
<id>125096</id>
<revision>
<id>2272061</id>
<parentid>2109667</parentid>
<timestamp>2017-04-26T19:59:07Z</timestamp>
<contributor>
<username>HydrizBot</username>
<id>29590</id>
</contributor>
<minor />
<comment>Robô: A limpar links interwikis antigos</comment>
<model>wikitext</model>
<format>text/x-wiki</format>
<text bytes="205" xml:space="preserve">={{-sq-}}=
{{Wikipédia|lang=sq}}
==Substantivo==
'''Kamboxhia''', {{pr}}
#{{escopo|Geografia}} [[Camboja]]
==Ver também==
{{Ásia/sq}}
[[Categoria:Substantivo (Albanês)]]
[[Categoria:País (Albanês)]]</text>
<sha1>0wdp3og8qt3wzngyd890egn6cjbhfy0</sha1>
</revision>
