<page>
<title>Kambodsja</title>
<ns>0</ns>
<id>150637</id>
<revision>
<id>2272055</id>
<parentid>2242863</parentid>
<timestamp>2017-04-26T19:58:42Z</timestamp>
<contributor>
<username>HydrizBot</username>
<id>29590</id>
</contributor>
<minor />
<comment>Robô: A limpar links interwikis antigos</comment>
<model>wikitext</model>
<format>text/x-wiki</format>
<text bytes="250" xml:space="preserve">={{-no-}}=
{{Wikipédia|lang=no}}
==Substantivo==
'''Kambodsja''', {{pr}}
#{{escopo|Geografia}} [[Camboja]]
===Variante===
*[[Kongeriket Kambodsja]]
==Ver também==
{{Ásia/no}}
[[Categoria:Substantivo (Norueguês)]]
[[Categoria:País (Norueguês)]]</text>
<sha1>nxjuozgadqozf5j4mx7gk5urdpizrcb</sha1>
</revision>
</page>
