<page>
<title>kamerundelfin</title>
<ns>0</ns>
<id>374072</id>
<revision>
<id>2235196</id>
<timestamp>2017-02-09T13:20:00Z</timestamp>
<contributor>
<username>Rodrigoan</username>
<id>42031</id>
</contributor>
<comment>[[Ajuda:Guia de edição/Menus e ferramentas/Sumário de edição|→]] nova página: [[Imagem:Humpback dolphins size.svg|thumb|200px|'''kamerundelfin''']]  ={{-no-}}= ==Substantivo== '''''kameru...</comment>
<model>wikitext</model>
<format>text/x-wiki</format>
<text bytes="1754" xml:space="preserve">[[Imagem:Humpback dolphins size.svg|thumb|200px|'''kamerundelfin''']]
={{-no-}}=
==Substantivo==
'''''kamerundelfin''''', {{gramática|m}}
# {{escopo|Zoologia}} [[golfinho-corcunda-do-atlântico]], [[mamífero]] da ordem dos [[cetáceo]]s ''[[wikispecies:Sousa teuszii|Sousa teuszii]]'', família dos [[golfinho]]s, encontrada nas águas [[oceânico|oceânicas]] entre o [[Saara Ocidental]] e ao [[norte]] de [[Angola]].
=={{etimologia|no}}==
Junção das palavras [[Kamerun]] ([[Camarões]]) e [[delfin]]
={{-nn-}}=
==Substantivo==
'''''kamerundelfin''''', {{gramática|m}}
# {{escopo|Zoologia}} [[golfinho-corcunda-do-atlântico]], [[mamífero]] da ordem dos [[cetáceo]]s ''[[wikispecies:Sousa teuszii|Sousa teuszii]]'', família dos [[golfinho]]s, encontrada nas águas [[oceânico|oceânicas]] entre o [[Saara Ocidental]] e ao [[norte]] de [[Angola]].
=={{etimologia|nn}}==
Junção das palavras [[Kamerun]] ([[Camarões]]) e [[delfin]]
={{-sv-}}=
==Substantivo==
'''''kamerundelfin''''', {{gramática|m}}
# {{escopo|Zoologia}} [[golfinho-corcunda-do-atlântico]], [[mamífero]] da ordem dos [[cetáceo]]s ''[[wikispecies:Sousa teuszii|Sousa teuszii]]'', família dos [[golfinho]]s, encontrada nas águas [[oceânico|oceânicas]] entre o [[Saara Ocidental]] e ao [[norte]] de [[Angola]].
=={{etimologia|sv}}==
Junção das palavras [[Kamerun]] ([[Camarões]]) e [[delfin]]
[[Categoria:Substantivo (Norueguês)]]
[[Categoria:Mamífero (Norueguês)]]
[[Categoria:Entrada com imagem (Norueguês)]]
[[Categoria:Substantivo (Novo Norueguês)]]
[[Categoria:Mamífero (Novo Norueguês)]]
[[Categoria:Entrada com imagem (Novo Norueguês)]]
[[Categoria:Substantivo (Sueco)]]
[[Categoria:Mamífero (Sueco)]]
[[Categoria:Entrada com imagem (Sueco)]]</text>
<sha1>gbev6jtqu35un55rxbszcuix55z1itt</sha1>
</revision>
</page>
