<page>
<title>kamel</title>
<ns>0</ns>
<id>32135</id>
<revision>
<id>2365878</id>
<parentid>2245708</parentid>
<timestamp>2017-05-03T16:55:52Z</timestamp>
<contributor>
<username>HydrizBot</username>
<id>29590</id>
</contributor>
<minor />
<comment>Robô: A limpar links interwikis antigos</comment>
<model>wikitext</model>
<format>text/x-wiki</format>
<text bytes="683" xml:space="preserve">={{-da-}}=
{{Wikipédia|lang=da}}
==Substantivo==
'''kamel'''
# [[camelo]]
[[Categoria:Substantivo (Dinamarquês)]]
[[Categoria:Mamífero (Dinamarquês)]]
={{-sl-}}=
==Forma de substantivo==
'''kamel'''
# flexão de [[kamela]]
[[Categoria:Forma de substantivo (Esloveno)]]
={{-no-}}=
==Substantivo==
'''kamel'''
# [[camelo]]
[[Categoria:Substantivo (Norueguês)]]
[[Categoria:Mamífero (Norueguês)]]
={{-pap-}}=
==Substantivo==
'''kamel'''
# [[camelo]]
[[Categoria:Substantivo (Papiamento)]]
[[Categoria:Mamífero (Papiamento)]]
={{-sv-}}=
{{Wikipédia|lang=sv}}
==Substantivo==
'''kamel'''
# [[camelo]]
[[Categoria:Substantivo (Sueco)]]
[[Categoria:Mamífero (Sueco)]]</text>
<sha1>oqstu6q5w37ljuatqa5igt68xn8a775</sha1>
</revision>
</page>
