<page>
<page>
<title>Kamerun</title>
<ns>0</ns>
<id>124782</id>
<revision>
<id>2606565</id>
<parentid>2564842</parentid>
<timestamp>2020-12-31T21:22:31Z</timestamp>
<contributor>
<username>Amigo7</username>
<id>58547</id>
</contributor>
<comment>Substituindo a tag &lt;center&gt; pela predefinição {centro}</comment>
<model>wikitext</model>
<format>text/x-wiki</format>
<text bytes="1781" xml:space="preserve">{{Wikipédia|lang=de}}
{{Wikipédia|lang=pl}}
{{Wikipédia|lang=hsb}}
{{Wikipédia|lang=dsb}}
[[Imagem:Flag of Cameroon.svg|thumb|right|250px|{{centro|Bandeira dos Camarões}}]]
[[Imagem:LocationCameroon.svg|thumb|right|250px|{{centro|Localização dos Camarões}}]]
={{-de-}}=
==Substantivo==
'''Kamerun''', {{gramática|pr}}
# {{escopo|de|País}} [[Camarões]]
==Ver também==
===No Wikcionário===
{{África/de}}
[[Categoria:Substantivo (Alemão)]]
[[Categoria:Entrada com imagem (Alemão)]]
={{-pl-}}=
==Substantivo==
{{paroxítona|Ka|me|run|lang=pl}}, {{gramática|m}} ''inanimado'', {{gramática|pr}}
# {{escopo|pl|País}} [[Camarões]]
# {{tradex|pl|Stolicą '''Kamerunu''' jest Jaunde.|A capital dos Camarões é Iaundé.}}
# {{tradex|pl| Angola nie graniczy z '''Kamerunem'''.|Angola não faz fronteira com os Camarões.}}
===Sinônimos===
* {{link opcional|Republika Kamerunu|pl}} (''nome oficial'')
==Ver também==
===No Wikcionário===
{{verTambém.Ini}}
* {{link opcional|Kameruńczyk|pl}}
* {{link opcional|Kamerunka|pl}}
{{verTambém.NovaColuna|33}}
* {{link opcional|kameruński|pl}}
{{verTambém.NovaColuna|33}}
* {{link opcional|Jaunde|pl}}
{{verTambém.Fim}}
{{África/pl}}
[[Categoria:Substantivo (Polonês)]]
[[Categoria:Entrada com imagem (Polonês)]]
={{-hsb-}}=
==Substantivo==
'''Kamerun''', {{gramática|m|pr}}
# {{escopo|hsb|País}} [[Camarões]]
==Ver também==
===No Wikcionário===
{{África/hsb}}
[[Categoria:Substantivo (Sorábio Alto)]]
[[Categoria:Entrada com imagem (Sorábio Alto)]]
={{-dsb-}}=
==Substantivo==
'''Kamerun''', {{gramática|m|pr}}
# {{escopo|dsb|País}} [[Camarões]]
==Ver também==
===No Wikcionário===
{{África/dsb}}
[[Categoria:Substantivo (Sorábio Baixo)]]
[[Categoria:Entrada com imagem (Sorábio Baixo)]]</text>
<sha1>dz282hhzg2jpmc3qbfolt0tz6kbtmrm</sha1>
</revision>
