<page>
<title>Kameruni</title>
<ns>0</ns>
<id>124943</id>
<revision>
<id>2272076</id>
<parentid>2028231</parentid>
<timestamp>2017-04-26T19:59:55Z</timestamp>
<contributor>
<username>HydrizBot</username>
<id>29590</id>
</contributor>
<minor />
<comment>Robô: A limpar links interwikis antigos</comment>
<model>wikitext</model>
<format>text/x-wiki</format>
<text bytes="208" xml:space="preserve">={{-sq-}}=
{{Wikipédia|lang=sq}}
==Substantivo==
'''Kameruni''', {{pr}}
#{{escopo|Geografia}} [[Camarões]]
==Ver também==
{{África/sq}}
[[Categoria:Substantivo (Albanês)]]
[[Categoria:País (Albanês)]]</text>
<sha1>2stc0dzlal7564lui79bbuqjfavsac8</sha1>
</revision>
</page>
