<page>
<title>kameleono</title>
<ns>0</ns>
<id>251689</id>
<revision>
<id>2365881</id>
<parentid>2096202</parentid>
<timestamp>2017-05-03T16:56:03Z</timestamp>
<contributor>
<username>HydrizBot</username>
<id>29590</id>
</contributor>
<minor />
<comment>Robô: A limpar links interwikis antigos</comment>
<model>wikitext</model>
<format>text/x-wiki</format>
<text bytes="1018" xml:space="preserve">[[Imagem:Chamaeleon2a.jpg|thumb|210px|right|&lt;center&gt;kameleono&lt;/center&gt;]]
={{-eo-}}=
==Substantivo==
'''ka.me.le.{{grifar|o}}.no'''
# [[camaleão]]
===Declinação===
{{decl.eo.subst}}
===Grafia alternativa===
* [[ĥameleono]]
=={{etimologia|eo}}==
{{llietimo|ru|хамелеон|eo}}
{{etimo.eo|kameleon|-o}}
=={{pronúncia}}==
* [[AFI]]: {{AFI|/ka.mɛ.lɛ.ˈɔ.nɔ/}}.
[[Categoria:Substantivo (Esperanto)]]
[[Categoria:Polissílabo (Esperanto)]]
[[Categoria:Entrada com pronúncia (Esperanto)]]
[[Categoria:Entrada com imagem (Esperanto)]]
[[Categoria:Réptil (Esperanto)]]
={{-io-}}=
==Substantivo==
'''ka.me.le.{{grifar|o}}.no'''
# [[camaleão]]
===Declinação===
{{decl.io.subst|kameleon}}
=={{etimologia|io}}==
{{llietimo|eo|ĥameleono|io}}
{{etimo.eo|kameleon|-o}}
=={{pronúncia}}==
* [[AFI]]: {{AFI|/ka.mɛ.lɛ.ˈɔ.nɔ/}}.
[[Categoria:Substantivo (Ido)]]
[[Categoria:Polissílabo (Ido)]]
[[Categoria:Entrada com pronúncia (Ido)]]
[[Categoria:Entrada com imagem (Ido)]]
[[Categoria:Réptil (Ido)]]</text>
<sha1>ger8xph3yeucpnxexqjgpz2uuwo5zlh</sha1>
</revision>
</page>
