<page>
<title>kame</title>
<ns>0</ns>
<id>248288</id>
<revision>
<id>2365876</id>
<parentid>1978560</parentid>
<timestamp>2017-05-03T16:55:38Z</timestamp>
<contributor>
<username>HydrizBot</username>
<id>29590</id>
</contributor>
<minor />
<comment>Robô: A limpar links interwikis antigos</comment>
<model>wikitext</model>
<format>text/x-wiki</format>
<text bytes="228" xml:space="preserve">={{-kkk-}}=
==Substantivo==
'''kame'''
# [[mão]]
==Ver também==
{{verTambém.Ini}}
* [[nafrana]]
{{verTambém.NovaColuna|50}}
* [[pau-na]]
{{verTambém.Fim}}
[[Categoria:Substantivo (Kokota)]]
[[Categoria:Anatomia (Kokota)]]</text>
<sha1>fj45uf6t8g8p81ewo1x0c5x9pm9b36y</sha1>
</revision>
</page>
