<page>
<title>Kamerad</title>
<ns>0</ns>
<id>32693</id>
<revision>
<id>2272070</id>
<parentid>1941354</parentid>
<timestamp>2017-04-26T19:59:34Z</timestamp>
<contributor>
<username>HydrizBot</username>
<id>29590</id>
</contributor>
<minor />
<comment>Robô: A limpar links interwikis antigos</comment>
<model>wikitext</model>
<format>text/x-wiki</format>
<text bytes="208" xml:space="preserve">={{-de-}}=
==Substantivo==
{{decl.de.subst.fraca.masc|ns=Kamerad|np=Kameraden}}
'''Ka.me.rad''', ''masculino (feminino: [[Kameradin]])''
# [[camarada]], [[companheiro]].
[[Categoria:Substantivo_(Alemão)]]</text>
<sha1>g4ijtsfiu8qatp5y8wltky3butg7ob7</sha1>
</revision>
</page>
