<page>
<title>kamek</title>
<ns>0</ns>
<id>250865</id>
<revision>
<id>1555285</id>
<parentid>1382315</parentid>
<timestamp>2012-12-06T22:15:17Z</timestamp>
<contributor>
<username>VJBot</username>
<id>33673</id>
</contributor>
<minor />
<comment>Robô: Substituição de texto automática  (-{{vertb}} +Ver também)</comment>
<model>wikitext</model>
<format>text/x-wiki</format>
<text bytes="139" xml:space="preserve">={{-lib-}}=
==Substantivo==
'''kamek'''
# [[relâmpago]]
==Ver também==
* [[joh]]
* [[kuruh]]
* [[uh]]
[[Categoria:Substantivo (Likum)]]</text>
<sha1>marz7yznc8y6ho4sl5vwe1inbte9q3w</sha1>
</revision>
</page>
