<page>
<title>Kameroen</title>
<ns>0</ns>
<id>124574</id>
<revision>
<id>2650348</id>
<parentid>2542157</parentid>
<timestamp>2021-10-16T10:43:57Z</timestamp>
<contributor>
<username>ValJor</username>
<id>1358</id>
</contributor>
<comment>Corrigindo o nome oficial do país em africâner</comment>
<model>wikitext</model>
<format>text/x-wiki</format>
<text bytes="1820" xml:space="preserve">{{Wikipédia|lang=af}}
{{Wikipédia|lang=nds-nl}}
{{Wikipédia|lang=vls}}
{{Wikipédia|lang=fy}}
{{Wikipédia|lang=nl}}
{{Wikipédia|lang=li}}
[[Imagem:Flag of Cameroon.svg|thumb|right|250px|{{centro|Bandeira de Camarões}}]]
[[Imagem:LocationCameroon.svg|thumb|right|250px|{{centro|Localização de Camarões}}]]
={{-af-}}=
==Substantivo==
'''Kameroen''', {{gramática|pr}}
# {{escopo|af|País}} [[Camarões]]
==={{-varort-}}===
* [[Republiek Kameroen]]
==Ver também==
===No Wikcionário===
{{África/af}}
[[Categoria:Substantivo (Africâner)]]
[[Categoria:Entrada com imagem (Africâner)]]
={{-nds-nl-}}=
==Substantivo==
'''Kameroen''', {{gramática|pr}}
# {{escopo|nds-nl|País}} [[Camarões]]
==Ver também==
===No Wikcionário===
{{África/nds-nl}}
[[Categoria:Substantivo (Baixo Saxão Holandês)]]
[[Categoria:Entrada com imagem (Baixo Saxão Holandês)]]
={{-vls-}}=
==Substantivo==
'''Kameroen''', {{gramática|pr}}
# {{escopo|vls|País}} [[Camarões]]
==Ver também==
===No Wikcionário===
{{África/vls}}
[[Categoria:Substantivo (Flamengo)]]
[[Categoria:Entrada com imagem (Flamengo)]]
={{-fy-}}=
==Substantivo==
'''Kameroen''', {{gramática|pr}}
# {{escopo|fy|País}} [[Camarões]]
==Ver também==
===No Wikcionário===
{{África/fy}}
[[Categoria:Substantivo (Frísio)]]
[[Categoria:Entrada com imagem (Frísio)]]
={{-nl-}}=
==Substantivo==
'''Kameroen''', {{gramática|pr}}
# {{escopo|nl|País}} [[Camarões]]
==Ver também==
===No Wikcionário===
{{África/nl}}
[[Categoria:Substantivo (Holandês)]]
[[Categoria:Entrada com imagem (Holandês)]]
={{-li-}}=
==Substantivo==
'''Kameroen''', {{gramática|pr}}
# {{escopo|li|País}} [[Camarões]]
==Ver também==
===No Wikcionário===
{{África/li}}
[[Categoria:Substantivo (Limburguês)]]
[[Categoria:Entrada com imagem (Limburguês)]]</text>
<sha1>5iwwommm4cvi4s9lvx9kiqxqpydvzy4</sha1>
</revision>
</page>
