<page>
<title>Kamewoun</title>
<ns>0</ns>
<id>135628</id>
<revision>
<id>2272084</id>
<parentid>2195535</parentid>
<timestamp>2017-04-26T20:00:19Z</timestamp>
<contributor>
<username>HydrizBot</username>
<id>29590</id>
</contributor>
<minor />
<comment>Robô: A limpar links interwikis antigos</comment>
<model>wikitext</model>
<format>text/x-wiki</format>
<text bytes="208" xml:space="preserve">={{-ht-}}=
{{Wikipédia|lang=ht}}
==Substantivo==
'''Kamewoun''', {{pr}}
#{{escopo|Geografia}} [[Camarões]]
==Ver também==
{{África/ht}}
[[Categoria:Substantivo (Haitiano)]]
[[Categoria:País (Haitiano)]]</text>
<sha1>50at4w1r374ivo1bp1337vqz2pagt86</sha1>
</revision>
</page>
