<page>
<page>
<title>kamere</title>
<ns>0</ns>
<id>137427</id>
<revision>
<id>2365889</id>
<parentid>1978564</parentid>
<timestamp>2017-05-03T16:56:41Z</timestamp>
<contributor>
<username>HydrizBot</username>
<id>29590</id>
</contributor>
<minor />
<comment>Robô: A limpar links interwikis antigos</comment>
<model>wikitext</model>
<format>text/x-wiki</format>
<text bytes="112" xml:space="preserve">={{-ku-}}=
==Substantivo==
'''kamere'''
# variante ortográfica de [[kamera]]
[[Categoria:Substantivo (Curdo)]]</text>
<sha1>k028p99wv7blaj8zs3maocx5w9jeocn</sha1>
</revision>
