<page>
<page>
<title>kamerundelfinir</title>
<ns>0</ns>
<id>374069</id>
<revision>
<id>2235187</id>
<parentid>2235186</parentid>
<timestamp>2017-02-09T13:04:45Z</timestamp>
<contributor>
<username>Rodrigoan</username>
<id>42031</id>
</contributor>
<model>wikitext</model>
<format>text/x-wiki</format>
<text bytes="628" xml:space="preserve">[[Imagem:Humpback dolphins size.svg|thumb|200px|'''kamerundelfinir''']]
={{-fo-}}=
==Substantivo==
'''''kamerundelfinir''''', {{gramática|m}}
# {{escopo|Zoologia}} [[golfinho-corcunda-do-atlântico]], [[mamífero]] da ordem dos [[cetáceo]]s ''[[wikispecies:Sousa teuszii|Sousa teuszii]]'', família dos [[golfinho]]s, encontrada nas águas [[oceânico|oceânicas]] entre o [[Saara Ocidental]] e ao [[norte]] de [[Angola]].
=={{etimologia|fo}}==
Junção das palavras [[Kamerun]] ([[Camarões]]) e [[delfinir]]
[[Categoria:Substantivo (Feroês)]]
[[Categoria:Mamífero (Feroês)]]
[[Categoria:Entrada com imagem (Feroês)]]</text>
<sha1>i8haxauw30299fieawvhio655ciyskl</sha1>
</revision>
