<page>
<title>kamela</title>
<ns>0</ns>
<id>232216</id>
<revision>
<id>2365879</id>
<parentid>1958218</parentid>
<timestamp>2017-05-03T16:55:57Z</timestamp>
<contributor>
<username>HydrizBot</username>
<id>29590</id>
</contributor>
<minor />
<comment>Robô: A limpar links interwikis antigos</comment>
<model>wikitext</model>
<format>text/x-wiki</format>
<text bytes="170" xml:space="preserve">={{-sl-}}=
==Substantivo==
'''kamela'''
# [[camelo]] (mamífero do gênero ''Camelus'')
{{página-automática|Maio|2010|camelo|sl}}
[[Categoria:Substantivo (Esloveno)]]</text>
<sha1>d8io2nu0te6cpfeqv2ps4xswskl7j82</sha1>
</revision>
</page>
