<page>
<title>Kamerún</title>
<ns>0</ns>
<id>141555</id>
<revision>
<id>2272079</id>
<parentid>2252523</parentid>
<timestamp>2017-04-26T20:00:03Z</timestamp>
<contributor>
<username>HydrizBot</username>
<id>29590</id>
</contributor>
<minor />
<comment>Robô: A limpar links interwikis antigos</comment>
<model>wikitext</model>
<format>text/x-wiki</format>
<text bytes="210" xml:space="preserve">={{-is-}}=
{{Wikipédia|lang=is}}
==Substantivo==
'''Kamerún''', {{pr}}
#{{escopo|Geografia}} [[Camarões]]
==Ver também==
{{África/is}}
[[Categoria:Substantivo (Islandês)]]
[[Categoria:País (Islandês)]]</text>
<sha1>onosddl02spy2mgtaqtza65trscd0pw</sha1>
</revision>
</page>
