<page>
<page>
<title>Kamel</title>
<ns>0</ns>
<id>232201</id>
<revision>
<id>2451556</id>
<parentid>2272069</parentid>
<timestamp>2017-09-22T05:25:02Z</timestamp>
<contributor>
<username>Spanier</username>
<id>43713</id>
</contributor>
<comment>suplementos</comment>
<model>wikitext</model>
<format>text/x-wiki</format>
<text bytes="487" xml:space="preserve">{{Wikipédia|lang=de}}
={{-de-}}=
==Substantivo==
{{oxítona|lang=de|Ka|mel}}, {{n}}
# {{escopo|de|mamífero}} [[camelo]] (mamífero do gênero ''Camelus'')
=== Declinação ===
{{decl.de.subst.masc|gs=(e)s|np=e|ds=e|Kamel}}
=={{etimologia|de}}==
: Do [[latim]] {{etimo|la|camelus}}, e este do [[grego antigo]] {{etimo|grc|κάμηλος|(kámêlos)}}.
=={{pronúncia|de}}==
* [[AFI]]: {{AFI|/kaˈmeːl/|de}}
{{categorias|{{nome categoria|de}}|Substantivo|Entrada de étimo latino}}</text>
<sha1>lvgimkk8sigp4kqpcbyq11uzs40bl56</sha1>
</revision>
