<page>
<page>
<title>Kameron</title>
<ns>0</ns>
<id>130701</id>
<revision>
<id>2272072</id>
<parentid>1637739</parentid>
<timestamp>2017-04-26T19:59:40Z</timestamp>
<contributor>
<username>HydrizBot</username>
<id>29590</id>
</contributor>
<minor />
<comment>Robô: A limpar links interwikis antigos</comment>
<model>wikitext</model>
<format>text/x-wiki</format>
<text bytes="230" xml:space="preserve">={{-ku-}}=
{{Wikipédia|lang=ku}}
==Substantivo==
'''Kameron''', {{pr}}
#{{escopo|Geografia}} [[Camarões]]
===Variante===
*[[Kamerûn]]
==Ver também==
{{África/ku}}
[[Categoria:Substantivo (Curdo)]]
[[Categoria:País (Curdo)]]</text>
<sha1>rmw58u42qht38j4cvseb5jwmmtchsrl</sha1>
</revision>
