<page>
<page>
<title>Kameruna</title>
<ns>0</ns>
<id>136016</id>
<revision>
<id>2272075</id>
<parentid>1965611</parentid>
<timestamp>2017-04-26T19:59:52Z</timestamp>
<contributor>
<username>HydrizBot</username>
<id>29590</id>
</contributor>
<minor />
<comment>Robô: A limpar links interwikis antigos</comment>
<model>wikitext</model>
<format>text/x-wiki</format>
<text bytes="187" xml:space="preserve">={{-haw-}}=
==Substantivo==
'''Kameruna''', {{pr}}
#{{escopo|Geografia}} [[Camarões]]
==Ver também==
{{África/haw}}
[[Categoria:Substantivo (Havaiano)]]
[[Categoria:País (Havaiano)]]</text>
<sha1>1jbuim97gic20hr21oz5oyp9lwg2kjy</sha1>
</revision>
