<page>
<page>
<title>kami</title>
<ns>0</ns>
<id>101558</id>
<revision>
<id>2365890</id>
<parentid>2219322</parentid>
<timestamp>2017-05-03T16:56:47Z</timestamp>
<contributor>
<username>HydrizBot</username>
<id>29590</id>
</contributor>
<minor />
<comment>Robô: A limpar links interwikis antigos</comment>
<model>wikitext</model>
<format>text/x-wiki</format>
<text bytes="432" xml:space="preserve">={{-id-}}=
==Pronome==
'''ka.mi''' pessoal e possessivo - exclusivo 
# [[nós]] (excluindo a pessoa que fala)
# [[nos]]
# [[nosso]], [[nossa]]
# o nosso, a nossa
==Pronomes==
* [[saya]] | [[kamu]] | [[Anda]] | [[dia]] | [[kita]] | [[kami]] | [[kalian]] | [[Anda sekalian]] | [[mereka]]
[[Categoria:Pronome (Indonésio)]]
={{-ja-}}=
==Transliteração==
# transliteração de [[かみ]]
[[Categoria:Transliteração (Japonês)]]</text>
<sha1>6j96az2bhqdrwlfp07tp4dm0xs9xhwn</sha1>
</revision>
