<page>
<page>
<title>kamii</title>
<ns>0</ns>
<id>36135</id>
<revision>
<id>2365893</id>
<parentid>1086091</parentid>
<timestamp>2017-05-03T16:56:56Z</timestamp>
<contributor>
<username>HydrizBot</username>
<id>29590</id>
</contributor>
<minor />
<comment>Robô: A limpar links interwikis antigos</comment>
<model>wikitext</model>
<format>text/x-wiki</format>
<text bytes="118" xml:space="preserve">={{-tet-}}=
==Substantivo==
'''kamii'''
# [[camim]]
[[Categoria:Substantivo (Tétum)]]
[[Categoria:Árvore (Tétum)]]</text>
<sha1>a3csr4e9ygawkm3c06whazj84bslumn</sha1>
</revision>
