<page>
<page>
<title>kamiai</title>
<ns>0</ns>
<id>246890</id>
<revision>
<id>1328141</id>
<parentid>935830</parentid>
<timestamp>2011-12-10T12:53:00Z</timestamp>
<contributor>
<username>ValJor</username>
<id>1358</id>
</contributor>
<comment>Trocando o cabeçalho de língua: amk --&gt; -amk-</comment>
<model>wikitext</model>
<format>text/x-wiki</format>
<text bytes="247" xml:space="preserve">={{-amk-}}=
==Substantivo==
'''kamiai'''
# [[cabeça]]
==Ver também==
===No Wikcionário===
{{verTambém.Ini}}
* [[kanaŋ]]
{{verTambém.NovaColuna}}
* [[rika]]
{{verTambém.Fim}}
[[Categoria:Substantivo (Ambai)]]
[[Categoria:Anatomia (Ambai)]]</text>
<sha1>qxm6j23mmckldfr8y6dnl3nusbukxma</sha1>
</revision>
