<page>
<page>
<title>kaminha</title>
<ns>0</ns>
<id>14862</id>
<revision>
<id>1325998</id>
<parentid>1090977</parentid>
<timestamp>2011-12-08T01:03:14Z</timestamp>
<contributor>
<username>MalafayaBot</username>
<id>628</id>
</contributor>
<minor />
<comment>Robô: Substituição de texto automática (-^\=(\s*?)(\{\{kea\}\}|Cabo\-?verdiano)(\s*?)\= +={{-kea-}}=)</comment>
<model>wikitext</model>
<format>text/x-wiki</format>
<text bytes="96" xml:space="preserve">={{-kea-}}=
==Verbo==
'''kaminha'''
# [[caminhar]]
# [[ir]]
[[Categoria:Verbo (Cabo-verdiano)]]</text>
<sha1>r4oouhrptu8fvdo3t472wzlplpb1udl</sha1>
</revision>
