<page>
<page>
<title>kamila</title>
<ns>0</ns>
<id>232206</id>
<revision>
<id>2684838</id>
<parentid>2365895</parentid>
<timestamp>2022-07-29T16:02:06Z</timestamp>
<contributor>
<username>ValJor</username>
<id>1358</id>
</contributor>
<comment>Confirmando [[:Categoria:!Entrada criada por robô|verbete criado por robô]]</comment>
<model>wikitext</model>
<format>text/x-wiki</format>
<text bytes="337" xml:space="preserve">{{Wikipédia|lang=bs|deva}}
[[Imagem:Trampeltier (01) 2006-09-19.JPG|thumb|right|250px|{{centro|Camelo}}]]
={{-bs-}}=
==Substantivo==
'''kamila'''
# [[camelo]] (mamífero do gênero ''Camelus'')
===Sinônimo===
* [[deva]]
[[Categoria:Substantivo (Bósnio)]]
[[Categoria:Mamífero (Bósnio)]]
[[Categoria:Entrada com imagem (Bósnio)]]</text>
<sha1>dil49iihbd73irkj5t2mvmt6az779bt</sha1>
</revision>
