<page>
<title>Kamille</title>
<ns>0</ns>
<id>37152</id>
<revision>
<id>2471614</id>
<parentid>2272085</parentid>
<timestamp>2017-12-19T13:17:07Z</timestamp>
<contributor>
<username>Spanier</username>
<id>43713</id>
</contributor>
<comment>suplementos</comment>
<model>wikitext</model>
<format>text/x-wiki</format>
<text bytes="403" xml:space="preserve">={{-de-}}=
==Substantivo==
{{paroxítona|Ka|mil|le|lang=de}}, {{gramática|f}}
# {{escopo|de|planta}} [[camomila]]
===Declinação===
{{decl.de.subst.fraca.fem|ns=Kamille|np=Kamillen}}
=={{etimologia|de}}==
:{{llietimo|la|camomilla|de}}
=={{pronúncia|de}}==
* [[AFI]]: {{AFI|/kaˈmɪlə/|de}}
* {{audio|De-Kamille.ogg|ouvir|lang=de}}
[[Categoria:Substantivo (Alemão)]]
[[Categoria:Flor (Alemão)]]</text>
<sha1>j05crc9liap3b5h0c3wiyexnf5dmfaf</sha1>
</revision>
</page>
