<page>
<title>kamielis</title>
<ns>0</ns>
<id>232245</id>
<revision>
<id>2365892</id>
<parentid>1978569</parentid>
<timestamp>2017-05-03T16:56:54Z</timestamp>
<contributor>
<username>HydrizBot</username>
<id>29590</id>
</contributor>
<minor />
<comment>Robô: A limpar links interwikis antigos</comment>
<model>wikitext</model>
<format>text/x-wiki</format>
<text bytes="170" xml:space="preserve">={{-lv-}}=
==Substantivo==
'''kamielis'''
# [[camelo]] (mamífero do gênero ''Camelus'')
{{página-automática|Maio|2010|camelo|lv}}
[[Categoria:Substantivo (Letão)]]</text>
<sha1>d29yhag8b9do63dvzdi9uvvsdv0oowo</sha1>
</revision>
</page>
