<page>
<title>kamillu</title>
<ns>0</ns>
<id>232260</id>
<revision>
<id>2542441</id>
<parentid>2365896</parentid>
<timestamp>2019-04-22T13:00:46Z</timestamp>
<contributor>
<username>ValJor</username>
<id>1358</id>
</contributor>
<comment>Confirmando [[:Categoria:!Entrada criada por robô|verbete criado por robô]]</comment>
<model>wikitext</model>
<format>text/x-wiki</format>
<text bytes="185" xml:space="preserve">{{Wikipédia|lang=qu}}
={{-qu-}}=
==Substantivo==
'''kamillu'''
# [[camelo]] (mamífero do gênero ''Camelus'')
[[Categoria:Substantivo (Quéchua)]]
[[Categoria:Mamífero (Quéchua)]]</text>
<sha1>423u7c9lfx06ev554xd0dim1zcmyj1l</sha1>
</revision>
</page>
