<page>
<page>
<title>Kammeroen</title>
<ns>0</ns>
<id>423543</id>
<revision>
<id>2587442</id>
<timestamp>2020-05-09T10:25:28Z</timestamp>
<contributor>
<username>ValJor</username>
<id>1358</id>
</contributor>
<comment>Criação do verbete a partir da [[Especial:Páginas_pedidas|lista de palavras pedidas]]</comment>
<model>wikitext</model>
<format>text/x-wiki</format>
<text bytes="446" xml:space="preserve">{{Wikipédia|lang=zea}}
[[Imagem:Flag of Cameroon.svg|thumb|right|250px|&lt;center&gt;Bandeira de Camarões&lt;/center&gt;]]
[[Imagem:LocationCameroon.svg|thumb|right|250px|&lt;center&gt;Localização de Camarões&lt;/center&gt;]]
={{-zea-}}=
==Substantivo==
'''Kammeroen''', {{gramática|pr}}
# {{escopo|zea|País}} [[Camarões]]
==Ver também==
===No Wikcionário===
{{África/zea}}
[[Categoria:Substantivo (Zelandês)]]
[[Categoria:Entrada com imagem (Zelandês)]]</text>
<sha1>9dbq1kdt8ru4ra3ahaes489naqamsth</sha1>
</revision>
