<page>
<page>
<title>Kamm</title>
<ns>0</ns>
<id>387096</id>
<revision>
<id>2466997</id>
<timestamp>2017-12-05T04:51:27Z</timestamp>
<contributor>
<username>Spanier</username>
<id>43713</id>
</contributor>
<comment>alemão</comment>
<model>wikitext</model>
<format>text/x-wiki</format>
<text bytes="487" xml:space="preserve">={{-de-}}=
==Substantivo==
'''Kamm''', {{gramática|m|lang=de}}
# [[pente]]
# {{escopo|de|geografia}} [[cumeada]]
# {{escopo|de|anatomia}} [[crista]]
# {{escopo|de|engenharia}} [[carda]]
# {{escopo|de|alimentação}} [[cachaço]]
===Declinação===
{{decl.de.subst.masc|gs=(e)s|ds=e|np=e|K|a|mm|ä}}
=={{etimologia|de}}==
:Do [[alto alemão antigo]] ''kamb(o)''.
=={{pronúncia|de}}==
*[[AFI]]: {{AFI|/kam/|de}} {{audio|De-Kamm.ogg|ouvir|lang=de}}
[[Categoria:Substantivo_(Alemão)]]</text>
<sha1>hnsv5m2tyoeersywip079o4m5pk7w03</sha1>
</revision>
