<page>
<title>Kammer</title>
<ns>0</ns>
<id>13469</id>
<revision>
<id>2272087</id>
<parentid>1722112</parentid>
<timestamp>2017-04-26T20:00:30Z</timestamp>
<contributor>
<username>HydrizBot</username>
<id>29590</id>
</contributor>
<minor />
<comment>Robô: A limpar links interwikis antigos</comment>
<model>wikitext</model>
<format>text/x-wiki</format>
<text bytes="169" xml:space="preserve">={{-de-}}=
==Substantivo==
{{decl.de.subst.fraca.fem|ns=Kammer|np=Kammern}}
'''Kam.mer''', ''feminino''
# [[câmara]].
# [[quarto]]
[[Categoria:Substantivo_(Alemão)]]</text>
<sha1>cs0d5u8w8onzseql11glz6oayhpowqk</sha1>
</revision>
</page>
