<page>
<page>
<title>kamot</title>
<ns>0</ns>
<id>245980</id>
<revision>
<id>2365899</id>
<parentid>2204607</parentid>
<timestamp>2017-05-03T16:57:18Z</timestamp>
<contributor>
<username>HydrizBot</username>
<id>29590</id>
</contributor>
<minor />
<comment>Robô: A limpar links interwikis antigos</comment>
<model>wikitext</model>
<format>text/x-wiki</format>
<text bytes="269" xml:space="preserve">={{-cps-}}=
==Substantivo==
'''kamot'''
# [[mão]]
==Ver também==
===No Wikcionário===
{{verTambém.Ini}}
* [[abaga]]
* [[mata]]
{{verTambém.NovaColuna}}
* [[ulo]]
* [[unto]]
{{verTambém.Fim}}
[[Categoria:Substantivo (Capisano)]]
[[Categoria:Anatomia (Capisano)]]</text>
<sha1>qlzwvr2cra1x6cn2p7908jt8v674k3g</sha1>
</revision>
