<page>
<title>kamoshirenai</title>
<ns>0</ns>
<id>149769</id>
<revision>
<id>2219328</id>
<parentid>2092304</parentid>
<timestamp>2017-01-05T16:25:01Z</timestamp>
<contributor>
<username>Tribuno da Plebe</username>
<id>16095</id>
</contributor>
<model>wikitext</model>
<format>text/x-wiki</format>
<text bytes="120" xml:space="preserve">={{-ja-}}=
==Transliteração==
# transliteração de [[かもしれない]]
[[Categoria:Transliteração (Japonês)]]</text>
<sha1>sufp2jzdtanbshy320teedm117u5iz3</sha1>
</revision>
</page>
