<page>
<page>
<title>Kampuchea</title>
<ns>0</ns>
<id>150068</id>
<revision>
<id>2272089</id>
<parentid>2095928</parentid>
<timestamp>2017-04-26T20:00:39Z</timestamp>
<contributor>
<username>HydrizBot</username>
<id>29590</id>
</contributor>
<minor />
<comment>Robô: A limpar links interwikis antigos</comment>
<model>wikitext</model>
<format>text/x-wiki</format>
<text bytes="810" xml:space="preserve">={{-pt-}}=
==Substantivo==
[[Imagem:Flag of Democratic Kampuchea.svg|thumb|250px|Bandeira do [[Kampuchea Democrático]]]]
{{oxítona|Kam|pu|chea}}, {{m}} ou {{f}}
# Antigo nome do [[Camboja|Reino do Camboja]]
=={{etimologia|pt}}==
: Do [[khmer]] {{etimo|km|កម្ពុជា}} (kâmpŭchéa).
==Ver também==
===No Wikcionário===
* [[Campucheia]]
* [[Kampuchea Democrático]]
[[Categoria:Substantivo (Português)]]
[[Categoria:País (Português)]]
[[Categoria:Entrada com imagem (Português)]]
[[Categoria:Entrada de étimo cambojano (Português)]]
={{-nan-}}=
{{Wikipédia|lang=zh-min-nan}}
==Substantivo==
'''Kampuchea''', {{pr}}
#{{escopo|Geografia}} [[Camboja]]
===Variante===
*[[Kampuchea Ông-kok]]
==Ver também==
{{Ásia/nan}}
[[Categoria:Substantivo (Min Nan)]]
[[Categoria:País (Min Nan)]]</text>
<sha1>7jp95g0ws1qan7kaqrhjcym0829mjjh</sha1>
</revision>
