<page>
<title>kampavín</title>
<ns>0</ns>
<id>94276</id>
<revision>
<id>2365900</id>
<parentid>2226091</parentid>
<timestamp>2017-05-03T16:57:21Z</timestamp>
<contributor>
<username>HydrizBot</username>
<id>29590</id>
</contributor>
<minor />
<comment>Robô: A limpar links interwikis antigos</comment>
<model>wikitext</model>
<format>text/x-wiki</format>
<text bytes="223" xml:space="preserve">={{-is-}}=
== Substantivo ==
'''kampavín''', ''neutro, forte, grupo 1''
# [[champanhe]].
=== Declinação ===
{{decl.is.subst.forte.neu.1|kampavín}}
[[Categoria:Substantivo (Islandês)]]
[[Categoria:Bebida (Islandês)]]</text>
<sha1>2seus7jw628ztcxb2mt2ntyt39f8v6i</sha1>
</revision>
</page>
