<page>
<page>
<title>Kampala</title>
<ns>0</ns>
<id>124240</id>
<revision>
<id>2272088</id>
<parentid>2146618</parentid>
<timestamp>2017-04-26T20:00:35Z</timestamp>
<contributor>
<username>HydrizBot</username>
<id>29590</id>
</contributor>
<minor />
<comment>Robô: A limpar links interwikis antigos</comment>
<model>wikitext</model>
<format>text/x-wiki</format>
<text bytes="335" xml:space="preserve">={{-pt-}}=
{{Wikipédia|lang=pt}}
==Substantivo==
{{paroxítona|Kam|pa|la}}, ''próprio''
#{{escopo|Geografia}} [[capital]] e maior [[cidade]] de [[Uganda]]
===Tradução===
{{tradini}}
*{{trad|ar|كمبالا}}
{{tradfim}}
[[Categoria:Substantivo (Português)]]
[[Categoria:Topónimo (Português)]]
[[Categoria:Capital (Português)]]</text>
<sha1>2ltzxf5i1ssgcpsbb4tjkm9pyt3hnns</sha1>
</revision>
