<page>
<title>kampia</title>
<ns>0</ns>
<id>14863</id>
<revision>
<id>2365903</id>
<parentid>1776141</parentid>
<timestamp>2017-05-03T16:57:27Z</timestamp>
<contributor>
<username>HydrizBot</username>
<id>29590</id>
</contributor>
<minor />
<comment>Robô: A limpar links interwikis antigos</comment>
<model>wikitext</model>
<format>text/x-wiki</format>
<text bytes="93" xml:space="preserve">={{-kea-}}=
==Verbo==
'''kampia'''
# [[ir]]
# [[partir]]
[[Categoria:Verbo (Cabo-verdiano)]]</text>
<sha1>dfex14xo0cpf4e1sp8gpnl55ruic9a7</sha1>
</revision>
</page>
