<page>
<title>kams</title>
<ns>0</ns>
<id>39873</id>
<revision>
<id>2365904</id>
<parentid>2204606</parentid>
<timestamp>2017-05-03T16:57:30Z</timestamp>
<contributor>
<username>HydrizBot</username>
<id>29590</id>
</contributor>
<minor />
<comment>Robô: A limpar links interwikis antigos</comment>
<model>wikitext</model>
<format>text/x-wiki</format>
<text bytes="644" xml:space="preserve">={{-prg-}}=
[[Imagem:Apis mellifera scutellata.jpg|thumb|100px|'''Kams''']]
==Substantivo==
'''kams''' {{m}}
# {{escopo|Zoologia}} [[abelha]], [[inseto]] [[himenóptero]] [[da]] [[superfamília]] ''[[wikispecies:Apoidea|Apoidea]]''.
&lt;br /&gt;
[[Categoria:Substantivo (Prussiano)]]
[[Categoria:Monossílabo (Prussiano)]]
[[Categoria:Inseto (Prussiano)]]
[[Categoria:Entrada com imagem (Prussiano)]]
={{-sv-}}=
==Forma de substantivo==
'''kams''' {{n}}
# [[forma#Substantivo|forma]] [[genitivo|genitiva]] [[de]] '''''{{link opcional|kam|sv}}''''':
## [[de]] [[pente]].
[[Categoria:Forma de substantivo (Sueco)]]
[[Categoria:Monossílabo (Sueco)]]</text>
<sha1>5vo8ovx05d3gbyr7w82bfunajjfz7q7</sha1>
</revision>
</page>
