<page>
<title>kamudi</title>
<ns>0</ns>
<id>61822</id>
<revision>
<id>2365906</id>
<parentid>2128164</parentid>
<timestamp>2017-05-03T16:57:39Z</timestamp>
<contributor>
<username>HydrizBot</username>
<id>29590</id>
</contributor>
<minor />
<comment>Robô: A limpar links interwikis antigos</comment>
<model>wikitext</model>
<format>text/x-wiki</format>
<text bytes="90" xml:space="preserve">={{-tet-}}=
== Substantivo ==
'''kamudi'''
# [[leme]].
[[Categoria:Substantivo (Tétum)]]</text>
<sha1>ar5fc2h83chtv2zl0wefsam0dm86gn5</sha1>
</revision>
</page>
