<page>
<title>kamus</title>
<ns>0</ns>
<id>228766</id>
<revision>
<id>2365907</id>
<parentid>2018840</parentid>
<timestamp>2017-05-03T16:57:44Z</timestamp>
<contributor>
<username>HydrizBot</username>
<id>29590</id>
</contributor>
<minor />
<comment>Robô: A limpar links interwikis antigos</comment>
<model>wikitext</model>
<format>text/x-wiki</format>
<text bytes="271" xml:space="preserve">={{-ha-}}=
==Substantivo==
'''kamus'''
# [[dicionário]]
{{página-automática|Maio|2010|dicionário|ha}}
[[Categoria:Substantivo ({{ #switch: ha
| ba     = Basquir
| kl     = Groenlandês
| myv    = Erzya
| tyv    = Tuvano
| udm    = Votíaco
| #default = {{ha}}
}})]]</text>
<sha1>lpg7rnviui5udrqmno88fx9v0yi37ib</sha1>
</revision>
</page>
