<page>
<title>KamusWiki</title>
<ns>0</ns>
<id>6963</id>
<revision>
<id>2272091</id>
<parentid>2109680</parentid>
<timestamp>2017-04-26T20:00:44Z</timestamp>
<contributor>
<username>HydrizBot</username>
<id>29590</id>
</contributor>
<minor />
<comment>Robô: A limpar links interwikis antigos</comment>
<model>wikitext</model>
<format>text/x-wiki</format>
<text bytes="114" xml:space="preserve">={{-id-}}=
==Substantivo==
'''KamusWiki''' ''próprio''
# [[Wikcionário]]
[[Categoria:Substantivo (Indonésio)]]</text>
<sha1>idrrwd73m3vl76h11xtleh1zgjs6bf8</sha1>
</revision>
</page>
