<page>
<title>kamuy</title>
<ns>0</ns>
<id>314357</id>
<revision>
<id>2663237</id>
<parentid>2365908</parentid>
<timestamp>2022-03-05T03:09:05Z</timestamp>
<contributor>
<username>ValJor</username>
<id>1358</id>
</contributor>
<comment>Confirmando [[:Categoria:!Entrada criada por robô|verbete criado por robô]]</comment>
<model>wikitext</model>
<format>text/x-wiki</format>
<text bytes="262" xml:space="preserve">[[Imagem:Ursus arctos - Norway.jpg|thumb|right|250px|{{centro|Urso}}]]
={{-ain-}}=
==Substantivo==
'''kamuy'''
# [[urso]] (animal da família dos ursídeos)
[[Categoria:Substantivo (Aino)]]
[[Categoria:Mamífero (Aino)]]
[[Categoria:Entrada com imagem (Aino)]]</text>
<sha1>94wpaaampzp9mab0od51fgx43w9covw</sha1>
</revision>
</page>
