<page>
<title>kamáy</title>
<ns>0</ns>
<id>228101</id>
<revision>
<id>2365910</id>
<parentid>1724801</parentid>
<timestamp>2017-05-03T16:57:52Z</timestamp>
<contributor>
<username>HydrizBot</username>
<id>29590</id>
</contributor>
<minor />
<comment>Robô: A limpar links interwikis antigos</comment>
<model>wikitext</model>
<format>text/x-wiki</format>
<text bytes="175" xml:space="preserve">={{-tl-}}=
==Substantivo==
'''kamáy'''
# [[mão]] (extremidade do membro anterior dos primatas)
{{página-automática|Maio|2010|mão|tl}}
[[Categoria:Substantivo (Tagalo)]]</text>
<sha1>g6vj450n1kkby6bp79lc0lzah6x3gh2</sha1>
</revision>
</page>
