<page>
<page>
<title>kamêre</title>
<ns>0</ns>
<id>137429</id>
<revision>
<id>2365912</id>
<parentid>1776138</parentid>
<timestamp>2017-05-03T16:57:56Z</timestamp>
<contributor>
<username>HydrizBot</username>
<id>29590</id>
</contributor>
<minor />
<comment>Robô: A limpar links interwikis antigos</comment>
<model>wikitext</model>
<format>text/x-wiki</format>
<text bytes="113" xml:space="preserve">={{-ku-}}=
==Substantivo==
'''kamêre'''
# variante ortográfica de [[kamera]]
[[Categoria:Substantivo (Curdo)]]</text>
<sha1>sr0xa2tdwbp32hqe15qtmal0onjy3y4</sha1>
</revision>
