<page>
<title>Kamõrun</title>
<ns>0</ns>
<id>425015</id>
<revision>
<id>2592289</id>
<timestamp>2020-07-14T08:03:33Z</timestamp>
<contributor>
<username>ValJor</username>
<id>1358</id>
</contributor>
<comment>Criação do verbete a partir da [[Especial:Páginas_pedidas|lista de palavras pedidas]]</comment>
<model>wikitext</model>
<format>text/x-wiki</format>
<text bytes="437" xml:space="preserve">{{Wikipédia|lang=vro}}
[[Imagem:Flag of Cameroon.svg|thumb|right|250px|&lt;center&gt;Bandeira de Camarões&lt;/center&gt;]]
[[Imagem:LocationCameroon.svg|thumb|right|250px|&lt;center&gt;Localização de Camarões&lt;/center&gt;]]
={{-vro-}}=
==Substantivo==
'''Kamõrun''', {{gramática|pr}}
# {{escopo|vro|País}} [[Camarões]]
==Ver também==
===No Wikcionário===
{{África/vro}}
[[Categoria:Substantivo (Võro)]]
[[Categoria:Entrada com imagem (Võro)]]</text>
<sha1>62rami7beyoeb885hsz41rwz93fjedl</sha1>
</revision>
</page>
