<page>
<page>
<title>Kanado</title>
<ns>0</ns>
<id>132225</id>
<revision>
<id>2272093</id>
<parentid>2171250</parentid>
<timestamp>2017-04-26T20:00:57Z</timestamp>
<contributor>
<username>HydrizBot</username>
<id>29590</id>
</contributor>
<minor />
<comment>Robô: A limpar links interwikis antigos</comment>
<model>wikitext</model>
<format>text/x-wiki</format>
<text bytes="207" xml:space="preserve">={{-eo-}}=
{{Wikipédia|lang=eo}}
==Substantivo==
'''Kanado''', {{pr}}
#{{escopo|Geografia}} [[Canadá]]
==Ver também==
{{América/eo}}
[[Categoria:Substantivo (Esperanto)]]
[[Categoria:País (Esperanto)]]</text>
<sha1>stn2dndsp838x0w6ai2zrpu7bb2y7nr</sha1>
</revision>
