<page>
<title>kanapeo</title>
<ns>0</ns>
<id>253877</id>
<revision>
<id>2365919</id>
<parentid>2235599</parentid>
<timestamp>2017-05-03T16:58:31Z</timestamp>
<contributor>
<username>HydrizBot</username>
<id>29590</id>
</contributor>
<minor />
<comment>Robô: A limpar links interwikis antigos</comment>
<model>wikitext</model>
<format>text/x-wiki</format>
<text bytes="623" xml:space="preserve">[[Imagem:Canape.JPG|thumb|210px|right|&lt;center&gt;kanapeo&lt;/center&gt;]]
={{-io-}}=
==Substantivo==
'''ka.na.{{grifar|pe}}.o'''
# [[canapé]] ''(móvel)'', [[sofá]]
===Declinação===
{{decl.io.subst|kanape}}
=={{etimologia|io}}==
{{llietimo|eo|kanapo|io}}
{{etimo.io|kanape|-o}}
=={{pronúncia}}==
* [[AFI]]: {{AFI|/ka.ˈna.pɛ.ɔ/}}.
===Ver também===
{{verTambém.Ini}}
* {{link opcional|divano|io}}
* {{link opcional|sofao|io}}
{{verTambém.Fim}}
[[Categoria:Substantivo (Ido)]]
[[Categoria:Polissílabo (Ido)]]
[[Categoria:Entrada com pronúncia (Ido)]]
[[Categoria:Entrada com imagem (Ido)]]
[[Categoria:Móvel (Ido)]]</text>
<sha1>0gr61u588i7otpf5uztoz4ic0r0u708</sha1>
</revision>
</page>
