<page>
<title>kanasita</title>
<ns>0</ns>
<id>43929</id>
<revision>
<id>1213643</id>
<parentid>214771</parentid>
<timestamp>2011-07-10T16:51:26Z</timestamp>
<contributor>
<username>MalafayaBot</username>
<id>628</id>
</contributor>
<minor />
<comment>Robô: Substituição de texto automática (-^\=\s?Português\s?\= +={{-pt-}}= &amp; -^\=\s?\{\{pt\}\}\s?\= +={{-pt-}}=)</comment>
<model>wikitext</model>
<format>text/x-wiki</format>
<text bytes="272" xml:space="preserve">={{-pt-}}=
[[Categoria:Substantivo (Português)]]
==Substantivo==
'''{{PAGENAME}}''' ''substantivo feminino ''
# [[ver]] [[canasita]]
# [[mineral]] [[com]] [[a]] [[composição]] [[química]]: (Na,K)&lt;sub&gt;6&lt;/sub&gt;Ca&lt;sub&gt;5&lt;/sub&gt;Si&lt;sub&gt;12&lt;/sub&gt;O&lt;sub&gt;30&lt;/sub&gt;(OH,F)&lt;sub&gt;4&lt;/sub&gt;</text>
<sha1>rdbqn0i8wfviqrwv873i1iszbo1bjug</sha1>
</revision>
</page>
