<page>
<page>
<title>kanashii</title>
<ns>0</ns>
<id>226708</id>
<revision>
<id>2365923</id>
<parentid>2219340</parentid>
<timestamp>2017-05-03T16:58:42Z</timestamp>
<contributor>
<username>HydrizBot</username>
<id>29590</id>
</contributor>
<minor />
<comment>Robô: A limpar links interwikis antigos</comment>
<model>wikitext</model>
<format>text/x-wiki</format>
<text bytes="114" xml:space="preserve">={{-ja-}}=
==Transliteração==
# transliteração de [[かなしい]]
[[Categoria:Transliteração (Japonês)]]</text>
<sha1>oc8k9pod27o3d8ajemfkix6l34we65t</sha1>
</revision>
