<page>
<page>
<title>kanat</title>
<ns>0</ns>
<id>70940</id>
<revision>
<id>2365924</id>
<parentid>2106998</parentid>
<timestamp>2017-05-03T16:58:46Z</timestamp>
<contributor>
<username>HydrizBot</username>
<id>29590</id>
</contributor>
<minor />
<comment>Robô: A limpar links interwikis antigos</comment>
<model>wikitext</model>
<format>text/x-wiki</format>
<text bytes="279" xml:space="preserve">={{-tr-}}=
==Substantivo==
'''kanat''' ''sem gênero''
:# [[asa]] (de aves e insetos)
:# [[barbatana]] dos [[peixe]]s
:# [[extremidade]], [[borda]], [[lado]]
:# {{escopo|Política}} [[partido]] 
{{decl.tr.sub.mudcons.ta|kanat|kanatlar|kanat}}
[[Categoria:Substantivo (Turco)]]</text>
<sha1>6crxoen5vaf74o8owdnum9pb0tcly8w</sha1>
</revision>
