<page>
<page>
<title>Kanaaleilande</title>
<ns>0</ns>
<id>153300</id>
<revision>
<id>2541799</id>
<parentid>1634184</parentid>
<timestamp>2019-04-16T09:52:19Z</timestamp>
<contributor>
<username>ValJor</username>
<id>1358</id>
</contributor>
<comment>Acrescentando código de língua à [[:Categoria:!Página com mensagem de erro em predefinição|predefinição escopo]]</comment>
<model>wikitext</model>
<format>text/x-wiki</format>
<text bytes="227" xml:space="preserve">{{Wikipédia|lang=af}}
={{-af-}}=
==Substantivo==
'''Kanaaleilande''', {{gramática|pr}}
# {{escopo|af|Topónimo}} [[Ilhas do Canal]]
==Ver também==
===No Wikcionário===
{{Europa/af}}
[[Categoria:Substantivo (Africâner)]]</text>
<sha1>po7m6bq988dgod9j9wywszeg23nbrq1</sha1>
</revision>
