<page>
<page>
<title>kanano</title>
<ns>0</ns>
<id>245486</id>
<revision>
<id>1302026</id>
<parentid>930674</parentid>
<timestamp>2011-11-25T20:58:53Z</timestamp>
<contributor>
<username>ValJor</username>
<id>1358</id>
</contributor>
<comment>Trocando o cabeçalho de língua: bhc --&gt; -bhc-</comment>
<model>wikitext</model>
<format>text/x-wiki</format>
<text bytes="242" xml:space="preserve">={{-bhc-}}=
==Substantivo==
'''kanano'''
# [[mão]]
==Ver também==
===No Wikcionário===
{{verTambém.Ini}}
* [[kaino]]
{{verTambém.NovaColuna}}
* [[lomos]]
{{verTambém.Fim}}
[[Categoria:Substantivo (Biga)]]
[[Categoria:Anatomia (Biga)]]</text>
<sha1>i5bzxaiq9s7c27wnyy0dni5v47mk5nw</sha1>
</revision>
