<page>
<page>
<title>Kanada</title>
<ns>0</ns>
<id>38774</id>
<revision>
<id>2606836</id>
<parentid>2604167</parentid>
<timestamp>2021-01-02T12:53:41Z</timestamp>
<contributor>
<username>Amigo7</username>
<id>58547</id>
</contributor>
<comment>Substituindo a tag &lt;center&gt; pela predefinição {centro}</comment>
<model>wikitext</model>
<format>text/x-wiki</format>
<text bytes="19452" xml:space="preserve">{{Wikipédia|lang=ace}}
{{Wikipédia|lang=af}}
{{Wikipédia|lang=ay}}
{{Wikipédia|lang=als}}
{{Wikipédia|lang=de}}
{{Wikipédia|lang=az}}
{{Wikipédia|lang=nds}}
{{Wikipédia|lang=ban}}
{{Wikipédia|lang=bm}}
{{Wikipédia|lang=eu}}
{{Wikipédia|lang=bar}}
{{Wikipédia|lang=bi}}
{{Wikipédia|lang=bs}}
{{Wikipédia|lang=br}}
{{Wikipédia|lang=kab}}
{{Wikipédia|lang=csb}}
{{Wikipédia|lang=kaa}}
{{Wikipédia|lang=ceb}}
{{Wikipédia|lang=cs}}
{{Wikipédia|lang=kw}}
{{Wikipédia|lang=hr}}
{{Wikipédia|lang=ku}}
{{Wikipédia|lang=diq}}
{{Wikipédia|lang=sk}}
{{Wikipédia|lang=sl}}
{{Wikipédia|lang=et}}
{{Wikipédia|lang=fo}}
{{Wikipédia|lang=fi}}
{{Wikipédia|lang=stq}}
{{Wikipédia|lang=frr}}
{{Wikipédia|lang=fy}}
{{Wikipédia|lang=gag}}
{{Wikipédia|lang=ht}}
{{Wikipédia|lang=ha}}
{{Wikipédia|lang=hu}}
{{Wikipédia|lang=io}}
{{Wikipédia|lang=ilo}}
{{Wikipédia|lang=id}}
{{Wikipédia|lang=ik}}
{{Wikipédia|lang=is}}
{{Wikipédia|lang=lad}}
{{Wikipédia|lang=ltg}}
{{Wikipédia|lang=lt}}
{{Wikipédia|lang=lb}}
{{Wikipédia|lang=ms}}
{{Wikipédia|lang=mg}}
{{Wikipédia|lang=mt}}
{{Wikipédia|lang=min}}
{{Wikipédia|lang=na}}
{{Wikipédia|lang=nov}}
{{Wikipédia|lang=pl}}
{{Wikipédia|lang=rmy}}
{{Wikipédia|lang=rw}}
{{Wikipédia|lang=rn}}
{{Wikipédia|lang=smn}}
{{Wikipédia|lang=sgs}}
{{Wikipédia|lang=sh}}
{{Wikipédia|lang=szl}}
{{Wikipédia|lang=so}}
{{Wikipédia|lang=hsb}}
{{Wikipédia|lang=dsb}}
{{Wikipédia|lang=sw}}
{{Wikipédia|lang=sv}}
{{Wikipédia|lang=su}}
{{Wikipédia|lang=crh}}
{{Wikipédia|lang=tpi}}
{{Wikipédia|lang=tr}}
{{Wikipédia|lang=tk}}
{{Wikipédia|lang=tw}}
{{Wikipédia|lang=uz}}
{{Wikipédia|lang=vro}}
{{Wikipédia|lang=war}}
[[Imagem:Flag of Canada.svg|thumb|right|250px|{{centro|Bandeira do Canadá}}]]
[[Imagem:LocationCanada.png|thumb|right|250px|{{centro|Localização do Canadá}}]]
={{-ace-}}=
==Substantivo==
'''Kanada''', {{gramática|pr}}
# {{escopo|ace|País}} [[Canadá]]
==Ver também==
===No Wikcionário===
{{América/ace}}
[[Categoria:Substantivo (Acenês)]]
[[Categoria:Entrada com imagem (Acenês)]]
={{-af-}}=
==Substantivo==
'''Kanada''', {{gramática|pr}}
# {{escopo|af|País}} [[Canadá]]
==Ver também==
===No Wikcionário===
{{América/af}}
[[Categoria:Substantivo (Africâner)]]
[[Categoria:Entrada com imagem (Africâner)]]
={{-ay-}}=
==Substantivo==
'''Kanada''', {{gramática|pr}}
# {{escopo|ay|País}} [[Canadá]]
==Ver também==
===No Wikcionário===
{{América/ay}}
[[Categoria:Substantivo (Aimará)]]
[[Categoria:Entrada com imagem (Aimará)]]
={{-gsw-}}=
==Substantivo==
'''Kanada''', {{gramática|pr}}
# {{escopo|gsw|País}} [[Canadá]]
==Ver também==
===No Wikcionário===
{{América/gsw}}
[[Categoria:Substantivo (Alemânico)]]
[[Categoria:Entrada com imagem (Alemânico)]]
={{-de-}}=
==Substantivo==
{{proparoxítona|Ka|na|da|lang=de}}, {{gramática|n|pr}} 
# {{escopo|de|País}} [[Canadá]]
=== Declinação ===
{{decl.de.subst.próprio.neu}}
=={{pronúncia|de}}==
* [[AFI]]: {{AFI|/ˈkanada/|de}} {{audio|De-Kanada.ogg|ouvir|lang=de}}
==Ver também==
===No Wikcionário===
{{América/de}}
[[Categoria:Substantivo (Alemão)]]
[[Categoria:Entrada com imagem (Alemão)]]
={{-az-}}=
==Substantivo==
'''Kanada''', {{gramática|pr}}
# {{escopo|az|País}} [[Canadá]]
==Ver também==
===No Wikcionário===
{{América/az}}
[[Categoria:Substantivo (Azerbaijano)]]
[[Categoria:Entrada com imagem (Azerbaijano)]]
={{-nds-}}=
==Substantivo==
'''Kanada''', {{gramática|pr}}
# {{escopo|nds|País}} [[Canadá]]
==Ver também==
===No Wikcionário===
{{América/nds}}
[[Categoria:Substantivo (Baixo Saxão)]]
[[Categoria:Entrada com imagem (Baixo Saxão)]]
={{-ban-}}=
==Substantivo==
'''Kanada''', {{gramática|pr}}
# {{escopo|ban|País}} [[Canadá]]
==Ver também==
===No Wikcionário===
{{América/ban}}
[[Categoria:Substantivo (Balinês)]]
[[Categoria:Entrada com imagem (Balinês)]]
={{-bm-}}=
==Substantivo==
'''Kanada''', {{gramática|pr}}
# {{escopo|bm|País}} [[Canadá]]
==Ver também==
===No Wikcionário===
{{América/bm}}
[[Categoria:Substantivo (Bambara)]]
[[Categoria:Entrada com imagem (Bambara)]]
={{-eu-}}=
==Substantivo==
'''Kanada''', {{gramática|pr}}
# {{escopo|eu|País}} [[Canadá]]
==Ver também==
===No Wikcionário===
{{América/eu}}
[[Categoria:Substantivo (Basco)]]
[[Categoria:Entrada com imagem (Basco)]]
={{-bar-}}=
==Substantivo==
'''Kanada''', {{gramática|pr}}
# {{escopo|bar|País}} [[Canadá]]
==Ver também==
===No Wikcionário===
{{América/bar}}
[[Categoria:Substantivo (Bávaro)]]
[[Categoria:Entrada com imagem (Bávaro)]]
={{-bi-}}=
==Substantivo==
'''Kanada''', {{gramática|pr}}
# {{escopo|bi|País}} [[Canadá]]
==Ver também==
===No Wikcionário===
{{América/bi}}
[[Categoria:Substantivo (Bislamá)]]
[[Categoria:Entrada com imagem (Bislamá)]]
={{-bs-}}=
==Substantivo==
'''Kanada''', {{gramática|pr}}
# {{escopo|bs|País}} [[Canadá]]
==Ver também==
===No Wikcionário===
{{América/bs}}
[[Categoria:Substantivo (Bósnio)]]
[[Categoria:Entrada com imagem (Bósnio)]]
={{-br-}}=
==Substantivo==
'''Kanada''', {{gramática|pr}}
# {{escopo|br|País}} [[Canadá]]
==Ver também==
===No Wikcionário===
{{América/br}}
[[Categoria:Substantivo (Bretão)]]
[[Categoria:Entrada com imagem (Bretão)]]
={{-kab-}}=
==Substantivo==
'''Kanada''', {{gramática|pr}}
# {{escopo|kab|País}} [[Canadá]]
==Ver também==
===No Wikcionário===
{{América/kab}}
[[Categoria:Substantivo (Cabila)]]
[[Categoria:Entrada com imagem (Cabila)]]
={{-csb-}}=
==Substantivo==
'''Kanada''', {{gramática|pr}}
# {{escopo|csb|País}} [[Canadá]]
==Ver também==
===No Wikcionário===
{{América/csb}}
[[Categoria:Substantivo (Cachúbio)]]
[[Categoria:Entrada com imagem (Cachúbio)]]
={{-kaa-}}=
==Substantivo==
'''Kanada''', {{gramática|pr}}
# {{escopo|kaa|País}} [[Canadá]]
==Ver também==
===No Wikcionário===
{{América/kaa}}
[[Categoria:Substantivo (Caracalpaque)]]
[[Categoria:Entrada com imagem (Caracalpaque)]]
={{-ceb-}}=
==Substantivo==
'''Kanada''', {{gramática|pr}}
# {{escopo|ceb|País}} [[Canadá]]
==Ver também==
===No Wikcionário===
{{América/ceb}}
[[Categoria:Substantivo (Cebuano)]]
[[Categoria:Entrada com imagem (Cebuano)]]
={{-cs-}}=
==Substantivo==
'''Kanada''', {{gramática|pr}}
# {{escopo|cs|País}} [[Canadá]]
==Ver também==
===No Wikcionário===
{{América/cs}}
[[Categoria:Substantivo (Checo)]]
[[Categoria:Entrada com imagem (Checo)]]
={{-kw-}}=
==Substantivo==
'''Kanada''', {{gramática|pr}}
# {{escopo|kw|País}} [[Canadá]]
==Ver também==
===No Wikcionário===
{{América/kw}}
[[Categoria:Substantivo (Córnico)]]
[[Categoria:Entrada com imagem (Córnico)]]
={{-hr-}}=
==Substantivo==
'''Kanada''', {{gramática|pr}}
# {{escopo|hr|País}} [[Canadá]]
==Ver também==
===No Wikcionário===
{{América/hr}}
[[Categoria:Substantivo (Croata)]]
[[Categoria:Entrada com imagem (Croata)]]
={{-ku-}}=
==Substantivo==
'''Kanada''', {{gramática|pr}}
# {{escopo|ku|País}} [[Canadá]]
==={{-varort-}}===
* [[Keneda]]
==Ver também==
===No Wikcionário===
{{América/ku}}
[[Categoria:Substantivo (Curdo)]]
[[Categoria:Entrada com imagem (Curdo)]]
={{-diq-}}=
==Substantivo==
'''Kanada''', {{gramática|pr}}
# {{escopo|diq|País}} [[Canadá]]
==Ver também==
===No Wikcionário===
{{América/diq}}
[[Categoria:Substantivo (Dimili)]]
[[Categoria:Entrada com imagem (Dimili)]]
={{-sk-}}=
==Substantivo==
'''Kanada''', {{gramática|pr}}
# {{escopo|sk|País}} [[Canadá]]
==Ver também==
===No Wikcionário===
{{América/sk}}
[[Categoria:Substantivo (Eslovaco)]]
[[Categoria:Entrada com imagem (Eslovaco)]]
={{-sl-}}=
==Substantivo==
'''Kanada''', {{gramática|pr}}
# {{escopo|sl|País}} [[Canadá]]
==Ver também==
===No Wikcionário===
{{América/sl}}
[[Categoria:Substantivo (Esloveno)]]
[[Categoria:Entrada com imagem (Esloveno)]]
={{-et-}}=
==Substantivo==
'''Kanada''', {{gramática|pr}}
# {{escopo|et|País}} [[Canadá]]
==Ver também==
===No Wikcionário===
{{América/et}}
[[Categoria:Substantivo (Estoniano)]]
[[Categoria:Entrada com imagem (Estoniano)]]
={{-fo-}}=
==Substantivo==
'''Kanada''', {{gramática|pr}}
# {{escopo|fo|País}} [[Canadá]]
==Ver também==
===No Wikcionário===
{{América/fo}}
[[Categoria:Substantivo (Feroês)]]
[[Categoria:Entrada com imagem (Feroês)]]
={{-fi-}}=
==Substantivo==
'''Kanada''', {{gramática|pr}}
# {{escopo|fi|País}} [[Canadá]]
==Ver também==
===No Wikcionário===
{{América/fi}}
[[Categoria:Substantivo (Finlandês)]]
[[Categoria:Entrada com imagem (Finlandês)]]
={{-stq-}}=
==Substantivo==
'''Kanada''', {{gramática|pr}}
# {{escopo|stq|País}} [[Canadá]]
==Ver também==
===No Wikcionário===
{{América/stq}}
[[Categoria:Substantivo (Frísio Oriental)]]
[[Categoria:Entrada com imagem (Frísio Oriental)]]
={{-frr-}}=
==Substantivo==
'''Kanada''', {{gramática|pr}}
# {{escopo|frr|País}} [[Canadá]]
==Ver também==
===No Wikcionário===
{{América/frr}}
[[Categoria:Substantivo (Frísio Setentrional)]]
[[Categoria:Entrada com imagem (Frísio Setentrional)]]
={{-fy-}}=
==Substantivo==
'''Kanada''', {{gramática|pr}}
# {{escopo|fy|País}} [[Canadá]]
==Ver também==
===No Wikcionário===
{{América/fy}}
[[Categoria:Substantivo (Frísio)]]
[[Categoria:Entrada com imagem (Frísio)]]
={{-gag-}}=
==Substantivo==
'''Kanada''', {{gramática|pr}}
# {{escopo|gag|País}} [[Canadá]]
==Ver também==
===No Wikcionário===
{{América/gag}}
[[Categoria:Substantivo (Gagauz)]]
[[Categoria:Entrada com imagem (Gagauz)]]
={{-ht-}}=
==Substantivo==
'''Kanada''', {{gramática|pr}}
# {{escopo|ht|País}} [[Canadá]]
=={{etimologia|ht}}==
{{llietimo|fr|Canada|ht}}
==Ver também==
===No Wikcionário===
{{América/ht}}
[[Categoria:Substantivo (Haitiano)]]
[[Categoria:Entrada com imagem (Haitiano)]]
={{-ha-}}=
==Substantivo==
'''Kanada''', {{gramática|pr}}
# {{escopo|ha|País}} [[Canadá]]
==Ver também==
===No Wikcionário===
{{América/ha}}
[[Categoria:Substantivo (Hauçá)]]
[[Categoria:Entrada com imagem (Hauçá)]]
={{-hu-}}=
==Substantivo==
'''Kanada''', {{gramática|pr}}
# {{escopo|hu|País}} [[Canadá]]
==Ver também==
===No Wikcionário===
{{América/hu}}
[[Categoria:Substantivo (Húngaro)]]
[[Categoria:Entrada com imagem (Húngaro)]]
={{-io-}}=
==Substantivo==
'''Kanada''', {{gramática|pr}}
# {{escopo|io|País}} [[Canadá]]
==Ver também==
===No Wikcionário===
{{América/io}}
[[Categoria:Substantivo (Ido)]]
[[Categoria:Entrada com imagem (Ido)]]
={{-ilo-}}=
==Substantivo==
'''Kanada''', {{gramática|pr}}
# {{escopo|ilo|País}} [[Canadá]]
==Ver também==
===No Wikcionário===
{{América/ilo}}
[[Categoria:Substantivo (Ilocano)]]
[[Categoria:Entrada com imagem (Ilocano)]]
={{-id-}}=
==Substantivo==
'''Kanada''', {{gramática|pr}}
# {{escopo|id|País}} [[Canadá]]
==Ver também==
===No Wikcionário===
{{América/id}}
[[Categoria:Substantivo (Indonésio)]]
[[Categoria:Entrada com imagem (Indonésio)]]
={{-ik-}}=
==Substantivo==
'''Kanada''', {{gramática|pr}}
# {{escopo|ik|País}} [[Canadá]]
==Ver também==
===No Wikcionário===
{{América/ik}}
[[Categoria:Substantivo (Inupiaque)]]
[[Categoria:Entrada com imagem (Inupiaque)]]
={{-is-}}=
==Substantivo==
'''Kanada''', {{gramática|pr}}
# {{escopo|is|País}} [[Canadá]]
==Ver também==
===No Wikcionário===
{{América/is}}
[[Categoria:Substantivo (Islandês)]]
[[Categoria:Entrada com imagem (Islandês)]]
={{-lad-}}=
==Substantivo==
'''Kanada''', {{gramática|pr}}
# {{escopo|lad|País}} [[Canadá]]
==Ver também==
===No Wikcionário===
{{América/lad}}
[[Categoria:Substantivo (Ladino)]]
[[Categoria:Entrada com imagem (Ladino)]]
={{-ltg-}}=
==Substantivo==
'''Kanada''', {{gramática|pr}}
# {{escopo|ltg|País}} [[Canadá]]
==Ver também==
===No Wikcionário===
{{América/ltg}}
[[Categoria:Substantivo (Latgaliano)]]
[[Categoria:Entrada com imagem (Latgaliano)]]
={{-lt-}}=
==Substantivo==
'''Kanada''', {{gramática|pr}}
# {{escopo|lt|País}} [[Canadá]]
==Ver também==
===No Wikcionário===
{{América/lt}}
[[Categoria:Substantivo (Lituano)]]
[[Categoria:Entrada com imagem (Lituano)]]
={{-lb-}}=
==Substantivo==
'''Kanada''', {{gramática|pr}}
# {{escopo|lb|País}} [[Canadá]]
==Ver também==
===No Wikcionário===
{{América/lb}}
[[Categoria:Substantivo (Luxemburguês)]]
[[Categoria:Entrada com imagem (Luxemburguês)]]
={{-ms-}}=
==Substantivo==
'''Kanada''', {{gramática|pr}}
# {{escopo|ms|País}} [[Canadá]]
==Ver também==
===No Wikcionário===
{{América/ms}}
[[Categoria:Substantivo (Malaio)]]
[[Categoria:Entrada com imagem (Malaio)]]
={{-mg-}}=
==Substantivo==
'''Kanada''', {{gramática|pr}}
# {{escopo|mg|País}} [[Canadá]]
==Ver também==
===No Wikcionário===
{{América/mg}}
[[Categoria:Substantivo (Malgaxe)]]
[[Categoria:Entrada com imagem (Malgaxe)]]
={{-mt-}}=
==Substantivo==
'''Kanada''', {{gramática|pr}}
# {{escopo|mt|País}} [[Canadá]]
==Ver também==
===No Wikcionário===
{{América/mt}}
[[Categoria:Substantivo (Maltês)]]
[[Categoria:Entrada com imagem (Maltês)]]
={{-min-}}=
==Substantivo==
'''Kanada''', {{gramática|pr}}
# {{escopo|min|País}} [[Canadá]]
==Ver também==
===No Wikcionário===
{{América/min}}
[[Categoria:Substantivo (Minangkabau)]]
[[Categoria:Entrada com imagem (Minangkabau)]]
={{-na-}}=
==Substantivo==
'''Kanada''', {{gramática|pr}}
# {{escopo|na|País}} [[Canadá]]
==Ver também==
===No Wikcionário===
{{América/na}}
[[Categoria:Substantivo (Nauruano)]]
[[Categoria:Entrada com imagem (Nauruano)]]
={{-nov-}}=
==Substantivo==
'''Kanada''', {{gramática|pr}}
# {{escopo|nov|País}} [[Canadá]]
==Ver também==
===No Wikcionário===
{{América/nov}}
[[Categoria:Substantivo (Novial)]]
[[Categoria:Entrada com imagem (Novial)]]
={{-pl-}}=
==Substantivo==
{{paroxítona|Ka|na|da|lang=pl}}, {{gramática|f|pr}}
# {{escopo|pl|País}} [[Canadá]]
# {{tradex|pl|Stolicą '''Kanady''' jest Ottawa.|A capital do Canadá é Otava.}}
# {{tradex|pl|'''Kanada''' jest drugim co do wielkości państwem świata.|O Canadá é o segundo maior país do mundo.}}
==Ver também==
===No Wikcionário===
{{verTambém.Ini}}
* {{link opcional|Kanadyjczyk|pl}}
* {{link opcional|Kanadyjka|pl}}
{{verTambém.NovaColuna|33}}
* {{link opcional|kanadyjski|pl}}
{{verTambém.NovaColuna|33}}
* {{link opcional|Ottawa|pl}}
{{verTambém.Fim}}
{{América/pl}}
[[Categoria:Substantivo (Polonês)]]
[[Categoria:Entrada com imagem (Polonês)]]
={{-rmy-}}=
==Substantivo==
'''Kanada''', {{gramática|pr}}
# {{escopo|rmy|País}} [[Canadá]]
==Ver também==
===No Wikcionário===
{{América/rmy}}
[[Categoria:Substantivo (Romani Vlax)]]
[[Categoria:Entrada com imagem (Romani Vlax)]]
={{-rw-}}=
==Substantivo==
'''Kanada''', {{gramática|pr}}
# {{escopo|rw|País}} [[Canadá]]
==Ver também==
===No Wikcionário===
{{América/rw}}
[[Categoria:Substantivo (Ruanda)]]
[[Categoria:Entrada com imagem (Ruanda)]]
={{-rn-}}=
==Substantivo==
'''Kanada''', {{gramática|pr}}
# {{escopo|rn|País}} [[Canadá]]
==Ver também==
===No Wikcionário===
{{América/rn}}
[[Categoria:Substantivo (Rundi)]]
[[Categoria:Entrada com imagem (Rundi)]]
={{-smn-}}=
==Substantivo==
'''Kanada''', {{gramática|pr}}
# {{escopo|smn|País}} [[Canadá]]
==Ver também==
===No Wikcionário===
{{América/smn}}
[[Categoria:Substantivo (Sami Inari)]]
[[Categoria:Entrada com imagem (Sami Inari)]]
={{-sgs-}}=
==Substantivo==
'''Kanada''', {{gramática|pr}}
# {{escopo|sgs|País}} [[Canadá]]
==Ver também==
===No Wikcionário===
{{América/sgs}}
[[Categoria:Substantivo (Samogiciano)]]
[[Categoria:Entrada com imagem (Samogiciano)]]
={{-sh-}}=
==Substantivo==
'''Kanada''', {{gramática|pr}}
# {{escopo|sh|País}} [[Canadá]]
==Ver também==
===No Wikcionário===
{{América/sh}}
[[Categoria:Substantivo (Servocroata)]]
[[Categoria:Entrada com imagem (Servocroata)]]
={{-szl-}}=
==Substantivo==
'''Kanada''', {{gramática|pr}}
# {{escopo|szl|País}} [[Canadá]]
==Ver também==
===No Wikcionário===
{{América/szl}}
[[Categoria:Substantivo (Silesiano)]]
[[Categoria:Entrada com imagem (Silesiano)]]
={{-so-}}=
==Substantivo==
'''Kanada''', {{gramática|pr}}
# {{escopo|so|País}} [[Canadá]]
==Ver também==
===No Wikcionário===
{{América/so}}
[[Categoria:Substantivo (Somali)]]
[[Categoria:Entrada com imagem (Somali)]]
={{-hsb-}}=
==Substantivo==
'''Kanada''', {{gramática|f|pr}}
# {{escopo|hsb|País}} [[Canadá]]
==Ver também==
===No Wikcionário===
{{América/hsb}}
[[Categoria:Substantivo (Sorábio Alto)]]
[[Categoria:Entrada com imagem (Sorábio Alto)]]
={{-dsb-}}=
==Substantivo==
'''Kanada''', {{gramática|f|pr}}
# {{escopo|dsb|País}} [[Canadá]]
===Sinônimos===
* {{link opcional|Kanadiska|dsb}}
==Ver também==
===No Wikcionário===
{{América/dsb}}
[[Categoria:Substantivo (Sorábio Baixo)]]
[[Categoria:Entrada com imagem (Sorábio Baixo)]]
={{-sw-}}=
==Substantivo==
'''Kanada''', {{gramática|pr}}
# {{escopo|sw|País}} [[Canadá]]
==Ver também==
===No Wikcionário===
{{América/sw}}
[[Categoria:Substantivo (Suaíli)]]
[[Categoria:Entrada com imagem (Suaíli)]]
={{-sv-}}=
==Substantivo==
'''Kanada''', {{gramática|pr}}
# {{escopo|sv|País}} [[Canadá]]
==Ver também==
===No Wikcionário===
{{América/sv}}
[[Categoria:Substantivo (Sueco)]]
[[Categoria:Entrada com imagem (Sueco)]]
={{-su-}}=
==Substantivo==
'''Kanada''', {{gramática|pr}}
# {{escopo|su|País}} [[Canadá]]
==Ver também==
===No Wikcionário===
{{América/su}}
[[Categoria:Substantivo (Sundanês)]]
[[Categoria:Entrada com imagem (Sundanês)]]
={{-crh-}}=
==Substantivo==
'''Kanada''', {{gramática|pr}}
# {{escopo|crh|País}} [[Canadá]]
==Ver também==
===No Wikcionário===
{{América/crh}}
[[Categoria:Substantivo (Tártaro da Crimeia)]]
[[Categoria:Entrada com imagem (Tártaro da Crimeia)]]
={{-tpi-}}=
==Substantivo==
'''Kanada''', {{gramática|pr}}
# {{escopo|tpi|País}} [[Canadá]]
==Ver também==
===No Wikcionário===
{{América/tpi}}
[[Categoria:Substantivo (Tok Pisin)]]
[[Categoria:Entrada com imagem (Tok Pisin)]]
={{-tr-}}=
==Substantivo==
'''Kanada''', {{gramática|pr}}
# {{escopo|tr|País}} [[Canadá]]
==Ver também==
===No Wikcionário===
{{América/tr}}
[[Categoria:Substantivo (Turco)]]
[[Categoria:Entrada com imagem (Turco)]]
={{-tk-}}=
==Substantivo==
'''Kanada''', {{gramática|pr}}
# {{escopo|tk|País}} [[Canadá]]
==Ver também==
===No Wikcionário===
{{América/tk}}
[[Categoria:Substantivo (Turcomeno)]]
[[Categoria:Entrada com imagem (Turcomeno)]]
={{-tw-}}=
==Substantivo==
'''Kanada''', {{gramática|pr}}
# {{escopo|tw|País}} [[Canadá]]
==Ver também==
===No Wikcionário===
{{América/tw}}
[[Categoria:Substantivo (Twi)]]
[[Categoria:Entrada com imagem (Twi)]]
={{-uz-}}=
==Substantivo==
'''Kanada''', {{gramática|pr}}
# {{escopo|uz|País}} [[Canadá]]
==Ver também==
===No Wikcionário===
{{América/uz}}
[[Categoria:Substantivo (Uzbeque)]]
[[Categoria:Entrada com imagem (Uzbeque)]]
={{-vro-}}=
==Substantivo==
'''Kanada''', {{gramática|pr}}
# {{escopo|vro|País}} [[Canadá]]
==Ver também==
===No Wikcionário===
{{América/vro}}
[[Categoria:Substantivo (Võro)]]
[[Categoria:Entrada com imagem (Võro)]]
={{-war-}}=
==Substantivo==
'''Kanada''', {{gramática|pr}}
# {{escopo|war|País}} [[Canadá]]
==Ver também==
===No Wikcionário===
{{América/war}}
[[Categoria:Substantivo (Waray-Waray)]]
[[Categoria:Entrada com imagem (Waray-Waray)]]</text>
<sha1>fv565lwb787b334qwma9j4b7ih36dn0</sha1>
</revision>
