<page>
<title>Kanadá</title>
<ns>0</ns>
<id>147918</id>
<revision>
<id>2272094</id>
<parentid>1941416</parentid>
<timestamp>2017-04-26T20:01:00Z</timestamp>
<contributor>
<username>HydrizBot</username>
<id>29590</id>
</contributor>
<minor />
<comment>Robô: A limpar links interwikis antigos</comment>
<model>wikitext</model>
<format>text/x-wiki</format>
<text bytes="204" xml:space="preserve">={{-ln-}}=
{{Wikipédia|lang=ln}}
==Substantivo==
'''Kanadá''', {{pr}}
#{{escopo|Geografia}} [[Canadá]]
==Ver também==
{{América/ln}}
[[Categoria:Substantivo (Lingala)]]
[[Categoria:País (Lingala)]]</text>
<sha1>25bjaabmpbcglsuzk6ntnyvv4jnrez3</sha1>
</revision>
</page>
