<page>
<page>
<title>kana</title>
<ns>0</ns>
<id>51244</id>
<revision>
<id>2690645</id>
<parentid>2689701</parentid>
<timestamp>2022-10-27T05:39:25Z</timestamp>
<contributor>
<username>InternetArchiveBot</username>
<id>81604</id>
</contributor>
<comment>Rescuing 3 sources and tagging 0 as dead.) #IABot (v2.0.9.2</comment>
<model>wikitext</model>
<format>text/x-wiki</format>
<text bytes="54548" xml:space="preserve">{{ver também|kanā|káña}}
[[Ficheiro:Kana chart.png|thumb|300px|'''Kana''']]
[[Ficheiro:Chicken portrait.jpg|thumb|300px|'''Kana''' (&quot;galinha&quot;)]]
[[Ficheiro:Maple bourbon barbecue chicken-01.jpg|thumb|300px|'''Kana''' (&quot;carne de frango&quot;)]]
={{-pt-}}=
{{Wikipédia}}
==Substantivo==
{{flex.pt|ms=kana|mp=kanas|ms-div=ka.&lt;u&gt;na&lt;/u&gt;|mp-div=ka.&lt;u&gt;nas&lt;/u&gt;}}
''{{oxítona|ka|na}}'' {{g|m}}
# {{escopo2|estrangeirismo}} {{escopo|pt|linguística}} um dos dois [[silabário]]s que constituem o [[sistema]] de [[escrita]] [[japonês]]
#: ''Outros movimentos defendiam a [[romanização]] da escrita japonesa, enquanto outros queriam eliminar completamente o uso de ''[[kanji]]'', adotando apenas o'' '''kana'''.
# {{escopo2|estrangeirismo}} {{escopo|pt|linguística}} cada um desses caracteres
#: ''O'' gojūon ''contém todos os'' '''kanas''' ''básicos.''
===Tradução===
{{tradini}}
* {{trad|de|Kana}}
* {{trad-|ar|كَانَا|(kānā)}}
* {{trad-|be|кана|(kána)}}
* {{trad-|bg|кана|(kána)}}
* {{trad|cs|kana}}
* [[chinês|{{zh}}]] :
** {{trad-|cmn|假名|(jiǎmíng)}}
* {{trad-|ko|가나|(gana)}}
* {{trad|es|kana}}
* {{trad|en|kana}}
* {{trad|fi|kana}}
* {{trad|fr|kana}}
* {{trad-|el|κάνα|(kána)}}
* {{trad-|he|קאנה|(kána)}}
* {{trad-|hi|काना|(kānā)}}
* {{trad-|ja|仮名|(かな, [[#Japonês|kana]])}}
{{tradmeio}}
* {{trad-|mk|кана|(kána)}}
* {{trad|ms|kana}}
* {{trad-|mr|काना|(kānā)}}
* {{trad-|mn|кана|(kana)}}
* {{trad-|fa|کانا|(kânâ)}}
* {{trad|pl|kana}}
* {{trad-|ru|кана|(kána)}}
* [[servo-croata|{{sh}}]] :
*: Cirílico : {{xlatio|sh|кана}}
*: Latino : {{xlatio|sh|kana}}
* {{trad-|tg|кана|(kana)}}
* {{trad-|th|คะนะ|(ká-ná)}}
* {{trad-|uk|ка́на|(kána)}}
* {{trad-|ur|کانا|(kānā)}}
* {{trad|vi|kana}}
{{tradfim}}
==Etimologia==
:Emprestado do {{etm|ja|pt}} {{xlatio|ja|仮名|(かな, [[#Japonês|kana]])}}.
:* '''Datação''': século XIII
=={{pronúncia|pt}}==
* [[AFI]]: {{AFI|/kɐ.ˈna/}}
* [[X-SAMPA]]: /k6.&quot;na/
==Ver também==
===No Wikcionário===
{{verTambém.Ini}}
* {{escopo2|estrangeirismo}} ''[[hiragana]]''
* {{escopo2|estrangeirismo}} ''[[kanji]]''
{{verTambém.NovaColuna|50}}
* {{escopo2|estrangeirismo}} ''[[katakana]]''
* {{escopo2|estrangeirismo}} ''[[rōmaji]]''
{{verTambém.Fim}}
==Ligações externas==
===Referências===
{{verTambém.Ini}}
* {{Houaiss}}
* {{Aulete}}
* {{Infopédia}}
* {{Michaelis}}
{{verTambém.Fim}}
{{categorias|{{pt}}|Substantivo|Século XIII|Entrada com imagem}}
={{-apy-}}=
==Substantivo==
'''ka.na'''
# {{escopo|apy|peixe}} [[peixe]]
===Sinônimos===
* {{link opcional|pore|apy}}; {{link opcional|sãsawa|apy}}
==Ver também==
===No Wikcionário===
{{verTambém.Ini}}
* {{link opcional|paru|apy}}
* {{link opcional|porẽpo|apy}}
{{verTambém.NovaColuna|50}}
* {{link opcional|puhturu|apy}}
* {{link opcional|topoh ãko|apy}}
{{verTambém.Fim}}
==Ligações externas==
===Referências===
{{verTambém.Ini}}
* Koehn, E.H. &amp; Koehn, S.S.. ''Vocabulário básico Apalaí-Português: Dicionário da língua Apalaí''. Brasília: ''SIL'', 1995. [http://www.sil.org/resources/archives/16984 Pág.24].
{{verTambém.Fim}}
[[Categoria:Peixe (Apalaí)|*]]
{{categorias|Apalaí|Substantivo|Dissílabo}}
={{-blz-}}=
==Adjetivo==
'''ka.na'''
# [[certo]]; [[correto]]
==Ligações externas==
===Referências===
{{verTambém.Ini}}
* Busenitz, R.L. &amp; van den Berg, R.. ''[http://www.sil.org/resources/publications/entry/49492 A Grammar of Balantak: A Language of Eastern Sulawesi]''. ''SIL International'', 2012.
{{verTambém.Fim}}
{{categorias|{{blz}}|Adjetivo|Dissílabo}}
={{-bm-}}=
==Verbo==
'''ka.na''' ''auxiliar''
# auxiliar do infinitivo negativo
===Antônimos===
* [[ka#{{bm}}|ka]]
==Ligações externas==
===Referências===
{{verTambém.Ini}}
*  &lt;span style=&quot;color:#555;&quot;&gt;(em inglês)&lt;/span&gt; ''[http://www.bambara.org/lexique/lexicon/main.htm Bambara Lexicon]''
{{verTambém.Fim}}
{{categorias|{{bm}}|Verbo|Dissílabo}}
={{-eu-}}=
{{Wikipédia|lang=eu}}
==Substantivo==
{{paroxítona|ka|na|lang=eu}}
# {{escopo|eu|botânica}} [[cana]]
# [[vara]]
# {{escopo|eu|metrologia}} antiga unidade de medida de [[comprimento]] usada em diferentes áreas da Espanha, com valores variando entre 76,8 e 91,2 [[centímetros|cm]]
# {{escopo|eu|agricultura}} pé de [[milho]] sem [[espiga]]
# {{escopo|eu|zoologia}} [[canhão]]; parte oca da [[pluma]]
===Sinônimos===
* De '''1''': {{link opcional|kainabera|eu}}/{{link opcional|kanabera|eu}}
* De '''5''': {{link opcional|lumorratz|eu}}
===Declinação===
{{decl.eu.subst.inanimado|av=1}}
===Termos derivados===
{{verTambém.Ini}}
* {{link opcional|kanabera|eu}}
{{verTambém.Fim}}
==Ligações externas==
===Referências===
{{verTambém.Ini}}
* &lt;span style=&quot;color:#555;&quot;&gt;(em basco)&lt;/span&gt; “[http://hiztegiak.elhuyar.eus/eu_es/kana kana]” no ''Elhuyar dictionaries''
* &lt;span style=&quot;color:#555;&quot;&gt;(em basco)&lt;/span&gt; “[http://hiztegia.labayru.eus/emaitza/LH/eu/kana/2420008 kana]” no ''Labayru Hiztegia''
* &lt;span style=&quot;color:#555;&quot;&gt;(em basco)&lt;/span&gt; “[http://ww.euskaltzaindia.fr/index.php?option=com_hiztegianbilatu&amp;view=frontpage&amp;sarrera=kana kana]” no ''Euskaltzaindiaren Hiztegia'' (''[http://ww.euskaltzaindia.fr Euskaltzaindia]'')
{{verTambém.Fim}}
{{categorias|{{eu}}|Substantivo|Dissílabo}}
={{-krl-}}=
==Substantivo==
'''ka.na'''
# {{escopo|krl|ave}} [[frango]]; [[ave]] doméstica (''[[species:Gallus gallus domesticus|Gallus gallus domesticus]]'')
# {{escopo|krl|ave}} [[galinha]]; [[fêmea]] do [[galo]]
===Declinação===
{{falta quadro|krl|declinação}}
===Termos derivados===
{{verTambém.Ini}}
* {{link opcional|kananmuna|krl}}
* {{link opcional|kananpoika|krl}}
* {{link opcional|kanakoppi|krl}}
{{verTambém.Fim}}
=={{etimologia|krl}}==
:Do {{link opcional|protofínico}} *''kana''.
==Ver também==
===No Wikcionário===
{{verTambém.Ini}}
* {{link opcional|heltta|krl}}
* {{link opcional|jiäiččä|krl}}
{{verTambém.NovaColuna|25}}
* {{link opcional|kaikattua|krl}}
* {{link opcional|kukko|krl}}
{{verTambém.NovaColuna|25}}
* [[liha#{{krl}}|liha]]
* [[muna#{{krl}}|muna]]
{{verTambém.NovaColuna|25}}
* {{link opcional|siipi|krl}}
* {{link opcional|sulka|krl}}
{{verTambém.Fim}}
==Ligações externas==
===Referências===
{{verTambém.Ini}}
* &lt;span style=&quot;color:#555;&quot;&gt;(em finlandês)&lt;/span&gt; “[http://kaino.kotus.fi/cgi-bin/kks/karjala.cgi?a=kana kana]” no ''Karjalan kielen sanakirja'' (''KOTUS'')
* Punzhina, A.V.. ''Словарь карельского языка (тверские говоры)''. Petrozavodsk: ''Карелия'', 1994. Pág.86.
* Zaikov, P. &amp; Rugoeva, L.. ''Карельско-русский словарь (северно-карельские диалекты)/ Karjalais-venäläini sanakirja (pohjois karjalaiset murtehet)''. Petrozavodsk: ''Периодика'', 1999. [http://resources.krc.karelia.ru/illh/doc/redkie/slovar_zajkov.pdf Pág.39]
{{verTambém.Fim}}
{{categorias|{{krl}}|Substantivo|Dissílabo|Entrada com imagem}}
={{-ceb-}}=
==Pronome==
'''ka.na''' ''demonstrativo''
# [[isso]]; forma longa do pronome demonstrativo medial do caso reto
==Ver também==
===No Wikcionário===
{{decl.ceb.pron.demonstrativo}}
==Ligações externas==
===Referências===
{{verTambém.Ini}}
* &lt;span style=&quot;color:#555;&quot;&gt;(em inglês)&lt;/span&gt; “[http://www.binisaya.com/node/21?search=binisaya&amp;word=kana kana]” no ''Cebuano - English Dictionary and Thesaurus'' (''Binisaya.com'')
* &lt;span style=&quot;color:#555;&quot;&gt;(em inglês)&lt;/span&gt; “[http://www.bohol.ph/diksyunaryo.php?lang=Cebuano&amp;sw=kana kana]” no ''Philippine On-Line Dictionary'' (''Bohol'')
{{verTambém.Fim}}
{{categorias|{{ceb}}|Pronome|Dissílabo}}
={{-cs-}}=
===Forma verbal===
'''ka.na''' {{g|m}}
# forma masculina singular do particípio presente do verbo '''''[[kanout]]'''''
{{avi-for-fle|kanout|lang=cs}}
==Substantivo==
{{Wikipédia|lang=cs}}
{{paroxítona|ka|na|lang=cs}} {{g|f}}
# {{escopo|cs|botânica}} [[cana]]; [[espécie]] de [[flor]] do [[gênero]] (''[[species:Canna|Canna]]'')
# {{escopo|cs|linguística}} ''[[#Português|kana]]''; cada um dos dois [[silabário]]s que constituem o sistema de escrita {{l.s.|japonês}}
===Formas alternativas===
* De '''1''': {{link opcional|kanna|cs}}
===Sinônimos===
* De '''1''': {{link opcional|dosna|cs}}
===Declinação===
{{decl.cs.subst.fem.1|kan}}
==Etimologia==
* De '''2''':
*:Emprestado do {{etm|ja|cs}} {{xlatio|ja|仮名|(かな, [[#Japonês|kana]])}}.
=={{pronúncia|cs}}==
* [[AFI]]: {{AFI|/ˈka.na/}}
* [[X-SAMPA]]: /&quot;ka.na/
==Ver também==
===No Wikcionário===
{{verTambém.Ini}}
* {{link opcional|kandži|cs}}
{{verTambém.Fim}}
==Ligações externas==
===Referências===
{{verTambém.Ini}}
* &lt;span style=&quot;color:#555;&quot;&gt;(em inglês e tcheco)&lt;/span&gt; “[http://prirucka.ujc.cas.cz/en/?slovo=kana kana]” no ''Internet Language Reference Book'' (''Ústav pro jazyk český'')
{{verTambém.Fim}}
{{categorias|{{cs}}|Forma verbal|Substantivo|Entrada com imagem}}
={{-sn-}}=
==Conjunção==
'''ka.na'''
# [[ou]]
# [[se#Conjunção|se]]; [[caso#Conjunção|caso]]
# [[quando]]
# [[mesmo#Conjunção|mesmo]]; [[embora#Conjunção|embora]]
==Ligações externas==
===Referências===
{{verTambém.Ini}}
* &lt;span style=&quot;color:#555;&quot;&gt;(em inglês)&lt;/span&gt; “[http://sn.kasahorow.org/app/d?tl=en&amp;s=r&amp;kw=kana kana]” no ''Shona-English Dictionary'' (''Kasahorow'')
* Mawadza, A.. ''Beginner's Shona (Chishona)''. Nova York: ''Hippocrene Books'', 2003.
{{verTambém.Fim}}
{{categorias|{{sn}}|Conjunção|Dissílabo}}
={{-kw-}}=
==Verbo==
{{paroxítona|ka|na|lang=kw}}
# [[cantar]]
===Formas alternativas===
* {{escopo2|Unified Cornish}} [[cana#{{kw}}|cana]]
===Conjugação===
{{falta quadro|kw|conjugação}}
{{flex.kw.mut.consoante|k|a|na}}
=={{pronúncia|kw}}==
===Córnico médio===
* [[AFI]]: {{AFI|/ˈka.na/}}
* [[X-SAMPA]]: /&quot;ka.na/
===Córnico tardio===
* [[AFI]]: {{AFI|/ˈkɒ.nɐ/}}
* [[X-SAMPA]]: /&quot;kQ.n6/
==Ver também==
===No Wikcionário===
{{verTambém.Ini}}
* [[kan#{{kw}}|kan]]
* {{link opcional|kaner|kw}}
* {{link opcional|karolli|kw}}
{{verTambém.Fim}}
==Ligações externas==
===Referências===
{{verTambém.Ini}}
* &lt;span style=&quot;color:#555;&quot;&gt;(em inglês)&lt;/span&gt; ''[https://web.archive.org/web/20190324085819/https://www.learncornishnow.com/resources.html Gerlyver Skol - A Dictionary for School]''
* &lt;span style=&quot;color:#555;&quot;&gt;(em inglês)&lt;/span&gt; “[https://web.archive.org/web/20190324085822/http://www.cornishdictionary.org.uk/cornish/kana kana]” no ''Cornish Dictionary'' (''MAGA'')
{{verTambém.Fim}}
[[Categoria:Verbo (Córnico)]]
={{-mfe-}}=
==Substantivo==
'''ka.na'''
# {{l.s.|comida}}
# {{escopo|mfe|flor}} [[espécie]] de [[flor]]
==Ligações externas==
===Referências===
{{verTambém.Ini}}
* &lt;span style=&quot;color:#555;&quot;&gt;(em inglês)&lt;/span&gt; ''[http://www.lalitmauritius.org/en/dictionary.html?letter=k Dictionary]'' (''Lalit Mauritius'')
{{verTambém.Fim}}
{{categorias|{{mfe}}|Substantivo|Dissílabo}}
={{-sk-}}=
{{ver também|kaňa}}
{{Wikipédia|lang=sk}}
==Substantivo==
{{paroxítona|ka|na|lang=sk}} {{g|f}}
# {{escopo|sk|botânica}} [[cana]]; [[espécie]] de [[flor]] do [[gênero]] (''[[species:Canna|Canna]]'')
# {{escopo|sk|linguística}} ''[[#Português|kana]]''; cada um dos dois [[silabário]]s que constituem o sistema de escrita {{l.s.|japonês}}
===Declinação===
{{decl.sk.subst.fem.1|kan}}
==Etimologia==
* De '''2''':
*:Emprestado do {{etm|ja|sk}} {{xlatio|ja|仮名|(かな, [[#Japonês|kana]])}}.
=={{pronúncia|sk}}==
* [[AFI]]: {{AFI|/ˈka.na/}}
* [[X-SAMPA]]: /&quot;ka.na/
==Ver também==
===No Wikcionário===
{{verTambém.Ini}}
* {{link opcional|kandži|sk}}
{{verTambém.Fim}}
==Ligações externas==
===Referências===
{{verTambém.Ini}}
* &lt;span style=&quot;color:#555;&quot;&gt;(em eslovaco e inglês)&lt;/span&gt; “[http://slovniky.korpus.sk/?d=sssj&amp;d=scs&amp;s=exact&amp;lang=en&amp;w=kana kana]” no ''Slovak dictionaries''
* &lt;span style=&quot;color:#555;&quot;&gt;(em eslovaco e inglês)&lt;/span&gt; “[http://slovnik.azet.sk/preklad/slovensko-anglicky/?q=kana kana]” no ''Slovensko-anglický slovník'' (Slovnik.sk)
{{verTambém.Fim}}
{{categorias|{{sk}}|Substantivo|Entrada com imagem}}
={{-sl-}}=
==Forma de substantivo==
'''ka.na''' {{g|m|anim}}
# forma genitiva singular de '''''[[kan#{{sl}}|kan]]'''''
# forma acusativa singular de '''''kan'''''
'''ka.na''' {{g|m|d|anim}}
# {{cont|3}} forma nominativa dual de '''''kan'''''
# forma acusativa dual de '''''kan'''''
{{avi-for-fle|kan|lang=sl}}
{{categorias|{{sl}}|Forma de substantivo|Dissílabo}}
={{-eo-}}=
==Adjetivo==
{{paroxítona|ka|na|lang=eo}}
# feito com canas ou varas
#: ''La gablo havis la celon, dum brulo de la '''kana''' tegmento eviti, ke brulaĵo falu rekte antaŭ la enireja pordo, kaj pliverŝajnigi sekuran forlason de la brulanta domo.'' &lt;small&gt;(O cabo servia para, enquanto o telhado de cana está queimando, evitar que o fogo caia bem na frente da porta de entrada, mantendo o caminho livre para que se saia da casa em chamas.)&lt;/small&gt;
# feito da [[cana-de-açúcar]]
#: '''''kana''' sukero'' &lt;small&gt;(açúcar de cana)&lt;/small&gt;
# relacionado a cana ou vara
#: ''Sed malgraŭ piedbatado de li kaj trafado de li per '''kana''' vergo, la viro estas senlaca en sia svatado de lia edzino.'' &lt;small&gt;(Mas apesar de ser chutado por ele e apanhar dele com uma vara de cana, o homem não se cansa e segue dando em cima da esposa dele.)&lt;/small&gt;
==Radical==
'''kana'''
# {{escopo2|linguística}} ideia de ''[[#Português|kana]]''; cada um dos dois [[silabário]]s que constituem o sistema de escrita {{l.s.|japonês}}
=={{etimologia|eo}}==
;Adjetivo
:* '''Morfologia''': radical {{etimo|eo|kan}} + {{etimo|eo|-a}};
;Radical
:Do {{etm|ja|eo}} {{xlatio|ja|仮名|(かな, [[#Japonês|kana]])}}.
=={{pronúncia|eo}}==
* [[AFI]]: {{AFI|/ˈka.na/}}
* [[X-SAMPA]]: /&quot;ka.na/
{{categorias|{{eo}}|Adjetivo|Radical}}
={{-et-}}=
{{Wikipédia|lang=et}}
==Substantivo==
{{paroxítona|ka|na|lang=et}}
# {{escopo|et|ave}} [[frango]]; [[ave]] doméstica (''[[species:Gallus gallus domesticus|Gallus gallus domesticus]]'')
# {{escopo|et|ave}} [[galinha]]; [[fêmea]] do [[galo]]
# {{escopo|et|zoologia}} fêmea de outras espécies de aves
# {{escopo|et|alimentação}} ([[carne]] de) frango
#: ''Täna sõin lõunaks '''kana'''.'' &lt;small&gt;(Hoje almocei frango.)&lt;/small&gt;
# {{escopo|et|ofensivo}} [[mulher]] [[negligente]] e de pouca inteligência
# {{l.s.|querida}} (termo [[carinhoso]] usado com mulheres)
===Sinônimos===
* De '''1''': {{link opcional|kodukana|et}}
* De '''4''': {{link opcional|kanaliha|et}}
* De '''6''': {{link opcional|linnupoeg|et}}; {{link opcional|tibuke|et}}
===Declinação===
{{decl.et.subst.17|ka|n|a}}
===Locuções e expressões===
* '''grillitud kana''': frango grelhado
* '''kana kitkuda olema''': ter uma conversa séria com
* '''(koos) kanadega magama minema''': ir para cama com as galinhas; ir dormir muito cedo
* '''praetud kana''': frango assado
===Termos derivados===
{{verTambém.Ini}}
* {{link opcional|ahjukana|et}}
* {{link opcional|kanakull|et}}
* {{link opcional|kanakuut|et}}
{{verTambém.NovaColuna|33}}
* {{link opcional|kanala|et}}
* {{link opcional|kanaliha|et}}
* {{link opcional|kanalintu|et}}
{{verTambém.NovaColuna|33}}
* {{link opcional|kanamuna|et}}
* {{link opcional|kananahk|et}}
* {{link opcional|pärlkana|et}}
{{verTambém.Fim}}
=={{etimologia|et}}==
:Do {{link opcional|protofínico}} *''kana''.
=={{pronúncia|et}}==
* [[AFI]]: {{AFI|/ˈkɑ.nɑ/}}
* [[X-SAMPA]]: /&quot;kA.nA/
==Ver também==
===No Wikcionário===
{{verTambém.Ini}}
* {{link opcional|hauduma|et}}
* [[hari#{{et}}|hari]]
{{verTambém.NovaColuna|25}}
* {{link opcional|kodulinnud|et}}
* {{link opcional|loksuma|et}}
{{verTambém.NovaColuna|25}}
* [[muna#{{et}}|muna]]
* {{link opcional|kukk|et}}
{{verTambém.NovaColuna|25}}
* {{link opcional|sulg|et}}
* {{link opcional|tibu|et}}
{{verTambém.Fim}}
===Referências===
{{verTambém.Ini}}
* &lt;span style=&quot;color:#555;&quot;&gt;(em estoniano)&lt;/span&gt; “[http://test.keeleleek.ee/e-keelenou/?Q=kana kana]” no ''e-keelenõu''
* &lt;span style=&quot;color:#555;&quot;&gt;(em estoniano)&lt;/span&gt; “[http://www.eki.ee/dict/ekss/index.cgi?Q=kana kana]” no ''Eesti keele seletav sõnaraamat'' (''[[w:en:Institute of the Estonian Language|EKI]]'')
* &lt;span style=&quot;color:#555;&quot;&gt;(em inglês)&lt;/span&gt; “[http://aare.edu.ee/dictionary.html?meth=exact&amp;lang=ee&amp;query=kana kana]” no ''Estonian-English-Estonian Dictionary'' (''aare.pri.ee'')
{{verTambém.Fim}}
{{categorias|{{et}}|Substantivo|Entrada com imagem}}
={{-fj-}}=
==Verbo==
'''ka.na'''
# [[comer]]
===Locuções e expressões===
* '''ibe ni kana''': espécie de tapete para servir refeições
* '''kana bui ni vuaka''': criança irrequieta, que não fica parada por um instante (lit. &quot;comer ra&amp;#98;o de porco&quot;)
* '''kana buta''': indivíduo que só oferece ajuda no final de uma empreitada, mas deseja crédito ou recompensa integral
* '''kana cagi''': nada para comer
* '''kana caucau''': andar à toa à noite ou de manhã cedo
* '''kana e bele ni ilalakai''': indivíduo que age como se fosse membro importante de uma residência
* '''kana e loma''': corroer por dentro (sentimento)
* '''Kana, kana! Ka o lakova mai!''': expressão jocosa usada para convidar alguém a comer, quando este está de passagem na hora de uma refeição  (lit. &quot;Coma, coma! Foi para isso que você veio!&quot;)
* '''kana karasi''': fumar maconha
* '''kana lo''': comer sozinho, às escondidas
* '''kana loto''': comer de graça, às custas dos outros
* '''kana moce''': comer e imediatamente ir dormir (num dia de folga ou depois de um longo dia de trabalho)
* '''kana raisi''': estar preso; estar na cadeia (lit. &quot;comer arroz&quot;)
* '''kana rokete''': comer pimenta chili, como castigo (para crianças)
* '''kana tavako''': fumar (tabaco)
* '''kana vakaiwai''': comer como marinheiro (ou seja, comida com muita proteína e pouco amido)
* '''kana vakanasi''': comer como modos bastante refinados
* '''kana voro''': empanturrar-se; comer bastante
* '''kana vosa''': ficar ouvindo insultos ou reclamações
* '''kana yava ni toa''': criança irrequieta, que não fica parada por um instante (lit. &quot;comer pés de galinha&quot;)
* '''matai via kana vuaka''': indivíduo que só está interessado na remuneração de um trabalho
* '''rumu ni kana''': sala de jantar
* '''Sa kua la na kana!''': expressão dita como galanteio para moças bonitas (lit. &quot;Você é tão bela que me faz perder o apetite!&quot;)
* '''vale ni kana''': [[restaurante]]
===Termos derivados===
{{verTambém.Ini}}
* {{link opcional|dakanakana}}
* {{link opcional|kana-sese}}
* {{link opcional|kanakana}}
* {{link opcional|kanalevu}}
{{verTambém.NovaColuna|25}}
* {{link opcional|kanamoce}}
* {{link opcional|kanavalavala}}
* {{link opcional|kanavata}}
{{verTambém.NovaColuna|25}}
* {{link opcional|kanavoro}}
* {{link opcional|kanawai}}
* {{link opcional|laukana}}
{{verTambém.NovaColuna|25}}
* {{link opcional|tabukana}}
* {{link opcional|vakakana}}
* {{link opcional|vei-kana-yaki}}
{{verTambém.Fim}}
==Ver também==
===No Wikcionário===
{{verTambém.Ini}}
* {{link opcional|kakana|fj}}
{{verTambém.Fim}}
===Referências===
{{verTambém.Ini}}
* Gatti, R.. ''[http://ecommons.cornell.edu/handle/1813/28702 Fijian-English Dictionary: with notes on Fijian culture and natural history]''. Suva, Riji: ''R. Gatti'', 2009.
{{verTambém.Fim}}
{{categorias|{{fj}}|Verbo|Dissílabo}}
={{-fi-}}=
{{Wikipédia|lang=fi}}
==Substantivo==
{{paroxítona|ka|na|lang=fi}}
# {{escopo|fi|ave}} [[frango]]; [[ave]] doméstica (''[[species:Gallus gallus domesticus|Gallus gallus domesticus]]'')
# {{escopo|fi|ave}} [[galinha]]; [[fêmea]] do [[galo]]
#: ''Kanalassa on paljon '''kanoja''', mutta usein vain yksi {{link opcional|kukko|fi}}.'' &lt;small&gt;(Há geralmente várias galinhas no galinheiro, mas somente um galo.)&lt;/small&gt;
# {{escopo|fi|zoologia}} fêmea de outras espécies de aves
# {{escopo|fi|alimentação}} ([[carne]] de) frango
#: ''Söin päivälliseksi '''kanaa'''.'' &lt;small&gt;(Comi frango no jantar.)&lt;/small&gt;
# {{escopo|fi|ofensivo}} [[mulher]] [[tagarela]] e de pouca inteligência
# {{escopo|fi|linguística}} ''[[#Português|kana]]''; cada um dos dois [[silabário]]s que constituem o sistema de escrita {{l.s.|japonês}}
# {{escopo|fi|linguística}} ''kana''; cada um desses caracteres
===Declinação===
{{decl.fi.subst.9|kan|}}
===Locuções e expressões===
* '''katketa kuin kanan lento''': acabar cedo/rápido demais
* '''kuin päätön kana''': desnorteado; confuso
* '''olla kana kynittävänä''': ter mais o que fazer; ter coisas mais importantes para fazer/resolver
===Termos derivados===
{{verTambém.Ini}}
* {{link opcional|kanala|fi}}
* {{link opcional|kanamainen|fi}}
{{verTambém.Fim}}
{{fraseini|Palavras compostas derivadas de ''kana''}}
* {{link opcional|kanaemo|fi}}
* {{link opcional|kanahaukka|fi}}
* {{link opcional|kanahäkki|fi}}
* {{link opcional|kanakeitto|fi}}
* {{link opcional|kanakoira|fi}}
* {{link opcional|kanalauma|fi}}
* {{link opcional|kanalintu|fi}}
* {{link opcional|kananhoito|fi}}
{{verTambém.NovaColuna|25}}
* {{link opcional|kananjalostus|fi}}
* {{link opcional|kanankaali|fi}}
* {{link opcional|kanankakka|fi}}
* {{link opcional|kananlanta|fi}}
* {{link opcional|kananliha|fi}}
* {{link opcional|kananmuna|fi}}
* {{link opcional|kananpesä|fi}}
* {{link opcional|kananpoika|fi}}
{{verTambém.NovaColuna|25}}
* {{link opcional|kananpoikanen|fi}}
* {{link opcional|kananpää|fi}}
* {{link opcional|kananrehu|fi}}
* {{link opcional|kananruoka|fi}}
* {{link opcional|kanaparvi|fi}}
* {{link opcional|kanarotu|fi}}
* {{link opcional|kanatarha|fi}}
* {{link opcional|kanaverkko|fi}}
{{verTambém.NovaColuna|25}}
* {{link opcional|kanaviillokki|fi}}
* {{link opcional|kanaviilokki|fi}}
* {{link opcional|liejukana|fi}}
* {{link opcional|luhtakana|fi}}
* {{link opcional|metsäkana|fi}}
* {{link opcional|nokikana|fi}}
* {{link opcional|rantakana|fi}}
* {{link opcional|riekkokana|fi}}
{{frasefim}}
=={{etimologia|fi}}==
* De '''1'''-'''5''':
:Do {{link opcional|protofínico}} *''kana'';
* De '''6'''-'''7''':
:Emprestado do {{etm|ja|fi}} {{xlatio|ja|仮名|(かな, [[#Japonês|kana]])}}.
===Cognatos===
{{tradini|Cognatos de ''kana''&lt;sup&gt;1&amp;ndash;5&lt;/sup&gt;}}
* {{trad|krl|kana}}
* {{trad|et|kana}}
* {{trad|izh|kana}}
* {{trad|olo|kana}}
* {{trad|liv|kanā}}
{{tradmeio}}
* {{trad|lud|kana}}
* {{trad|vep|kana}}
* {{trad|vot|kana}}
* {{trad|vro|kana}}
{{tradfim}}
=={{pronúncia|fi}}==
* [[AFI]]: {{AFI|/ˈkɑ.nɑ/}}
* [[X-SAMPA]]: /&quot;kA.nA/
*: {{áudio|Fi-kana.ogg|&quot;kana&quot;|lang=fi}}
==Ver também==
===No Wikcionário===
{{verTambém.Ini}}
* {{link opcional|broileri|fi}}
* {{link opcional|höyhen|fi}}
{{verTambém.NovaColuna|25}}
* {{link opcional|kanala|fi}}
* {{link opcional|kananpoika|fi}}
{{verTambém.NovaColuna|25}}
* {{link opcional|kotkottaa|fi}}
* {{link opcional|kyniä|fi}}
{{verTambém.NovaColuna|25}}
* {{link opcional|sulka|fi}}
* {{link opcional|tipu|fi}}
{{verTambém.Fim}}
==Ligações externas==
===Referências===
{{verTambém.Ini}}
* &lt;span style=&quot;color:#555;&quot;&gt;(em finlandês)&lt;/span&gt; “[http://www.kielitoimistonsanakirja.fi/netmot.exe?page=results&amp;SearchWord=kana kana]” no ''Kielitoimiston sanakirjasta''
* &lt;span style=&quot;color:#555;&quot;&gt;(em finlandês)&lt;/span&gt; “[http://www.sanakirja.org/search.php?l=17&amp;l2=12&amp;q=kana kana]” no ''Sanakirja.org''
* &lt;span style=&quot;color:#555;&quot;&gt;(em finlandês)&lt;/span&gt; “[http://www.suomisanakirja.fi/kana kana]” no ''Suomi Sanakirja''
{{verTambém.Fim}}
{{categorias|{{fi}}|Substantivo|Entrada com imagem}}
={{-fr-}}=
{{Wikipédia|lang=fr}}
==Substantivo==
{{flex.fr|ms=kana|mp=kanas|ms-div=ka.na|mp-div=ka.nas}}
'''ka.na''' {{g|m}}
# {{escopo|fr|linguística}} ''[[#Português|kana]]''; cada um dos dois [[silabário]]s que constituem o sistema de escrita {{l.s.|japonês}}
#: ''Il existe deux types principaux de '''kanas''' en {{link opcional|japonais}} moderne : les'' hiragana ''et les'' katakana. &lt;small&gt;(Existem dois tipos principais de ''kanas'' no japonês moderno: o ''hiragana'' e o ''katakana''.)&lt;/small&gt;
# {{escopo|fr|linguística}} ''kana''; cada um desses caracteres
#: ''Les '''kanas''' s’utilisent conjointement aux [[kanji#{{fr}}|kanjis]].'' &lt;small&gt;(Os ''kanas'' são usados em conjunto com os kanjis.)&lt;/small&gt;
==Etimologia==
:Emprestado do {{etm|ja|fr}} {{xlatio|ja|仮名|(かな, [[#Japonês|kana]])}}.
:* '''Datação''': século XIX
=={{pronúncia|fr}}==
* [[AFI]]: {{AFI|/ka.na/}}
* [[X-SAMPA]]: /ka.na/
==Ver também==
===No Wikcionário===
{{verTambém.Ini}}
* ''[[rōmaji#{{fr}}|rōmaji]]''
* {{link opcional|syllabaire|fr}}
{{verTambém.Fim}}
==Ligações externas==
===Referências===
{{verTambém.Ini}}
* {{CNRTL}}
* {{MEDIADICO}}
{{verTambém.Fim}}
{{categorias|{{fr}}|Substantivo|Dissílabo|Século XIX|Entrada com imagem}}
={{-gil-}}=
==Verbo==
'''ka.na'''
# [[comer]]
===Sinônimos===
* {{link opcional|am'arake|gil}}
===Termos derivados===
{{verTambém.Ini}}
* {{link opcional|kanaia|gil}}
* {{link opcional|kanana|gil}}
{{verTambém.Fim}}
==Ver também==
===No Wikcionário===
{{verTambém.Ini}}
* {{link opcional|tianaki|gil}}
{{verTambém.Fim}}
==Ligações externas==
===Referências===
{{verTambém.Ini}}
* &lt;span style=&quot;color:#555;&quot;&gt;(em inglês)&lt;/span&gt; ''[http://www.trussel.com/kir/glossary.htm#K Kiribati-English Glossary]'' (''Te taetae ni Kiribati'')
* &lt;span style=&quot;color:#555;&quot;&gt;(em inglês)&lt;/span&gt; ''[http://abvd.shh.mpg.de/austronesian/language.php?id=346 Vocabulário de gilbertês]'' (''ABVD'')
{{verTambém.Fim}}
{{categorias|{{gil}}|Verbo|Dissílabo}}
={{-ha-}}=
==Advérbio==
'''kā.nà'''
# [[daí]]; [[então]], [[depois]]
==Pronome==
'''ka.nā̀''' ''pessoal''
# pronome pessoal da [[segunda pessoa]] do singular masculino
==Ver também==
===No Wikcionário===
{{verTambém.Ini}}
* [[kina#{{ha}}|kina]]
{{verTambém.Fim}}
==Ligações externas==
===Referências===
{{verTambém.Ini}}
* &lt;span style=&quot;color:#555;&quot;&gt;(em inglês)&lt;/span&gt; ''[http://maguzawa.dyndns.ws Bargery Hausa-English Dictionary]''
* Newman, P.. ''A Hausa-English Dictionary''. New Haven, Connecticut: ''Yale University Press'', 2007. [http://books.google.com/books?id=ZBNJQIBv7DwC&amp;q=kana Pág.107]
{{verTambém.Fim}}
{{categorias|{{ha}}|Conjunção|Pronome|Dissílabo}}
={{-haw-}}=
{{ver também|-kana|kāna}}
==Advérbio==
'''ka.na'''
# [[extremamente]]; [[enorme|enormemente]]
#* '''Nota''': precedido pelo marcador de verbos perfectivos ''[[i#{{haw}}|i]]'' e possessivo ''[[o#{{haw}}|o]]'', e precedido de formas negativas
==Numeral==
'''ka.na'''
# [[dezena|dezena(s)]]
===Termos derivados===
{{verTambém.Ini}}
* {{link opcional|kanahā|haw}}
* {{link opcional|kanahiku|haw}}
{{verTambém.NovaColuna|25}}
* {{link opcional|kanaiwa|haw}}
* {{link opcional|kanakolu|haw}}
{{verTambém.NovaColuna|25}}
* {{link opcional|kanalima|haw}}
* {{link opcional|kanaono|haw}}
{{verTambém.NovaColuna|25}}
* {{link opcional|kanawalu|haw}}
{{verTambém.Fim}}
==Substantivo==
'''ka.na'''
# {{l.s.|suporte}} horizontal para {{o/a|balanci|ns|m}} em casas
==Ligações externas==
===Referências===
{{verTambém.Ini}}
* &lt;span style=&quot;color:#555;&quot;&gt;(em inglês)&lt;/span&gt; “[http://www.trussel2.com/haw/haw-k.htm#kana kana]” no ''Combined Hawaiian Dictionary''
* Pukui, M.K. &amp; Elbert, S.H.. ''Hawaiian Dictionary: Hawaiian-English, English-Hawaiian (Revised and enlarged ed.)''. Honolulu: ''University of Hawaii Press'': 1986. [http://ulukau.org/elib/cgi-bin/library?e=q-0ped-000Sec--11en-50-20-frameset-book-hawaiian+dictionary-1-011escapewin&amp;a=d&amp;p2=book Pág.126].
{{verTambém.Fim}}
{{categorias|{{haw}}|Advérbio|Numeral|Substantivo|Dissílabo}}
={{-en-}}=
{{Wikipédia|lang=en}}
==Substantivo==
{{flex.en|s=kana|p=kana|p2=kanas|s-div=&lt;u&gt;ka&lt;/u&gt;.na|p-div=&lt;u&gt;ka&lt;/u&gt;.na / &lt;u&gt;ka&lt;/u&gt;.nas}}
{{paroxítona|ka|na|lang=en}}
# {{escopo|en|linguística}} ''[[#Português|kana]]''; cada um dos dois [[silabário]]s que constituem o sistema de escrita {{l.s.|japonês}}
#: ''The '''kana''' system is a very accurate representation of spoken [[Japanese]].'' &lt;small&gt;(O sistema de ''kanas'' é uma representação muito precisa do japonês falado.)&lt;/small&gt;
# {{escopo|en|linguística}} ''kana''; cada um desses caracteres
#: ''Each '''kana''' corresponds to one sound in the Japanese language.'' &lt;small&gt;(Cada ''kana'' corresponde a um som na língua japonesa.)&lt;/small&gt;
==Etimologia==
:Emprestado do {{etm|ja|en}} {{xlatio|ja|仮名|(かな, [[#Japonês|kana]])}}.
:* '''Datação''': século XVIII
=={{pronúncia|en}}==
* [[AFI]]: {{AFI|/ˈkʰɑː.nə/}}
* [[X-SAMPA]]: /&quot;k_hA:.n@/
==Ver também==
===No Wikcionário===
{{verTambém.Ini}}
* [[furigana]]
* {{link opcional|hentaigana|en}}
{{verTambém.NovaColuna|25}}
* [[hiragana]]
* [[kanji]]
{{verTambém.NovaColuna|25}}
* [[katakana]]
* {{link opcional|manyogana|en}}
{{verTambém.NovaColuna|25}}
* [[rōmaji]]
* {{link opcional|syllabary|en}}
{{verTambém.Fim}}
==Ligações externas==
===Referências===
{{verTambém.Ini}}
* &lt;span style=&quot;color:#555;&quot;&gt;(em inglês)&lt;/span&gt; “[http://www.collinsdictionary.com/dictionary/english/kana kana]” no ''Collins English Dictionary''
* {{MWOD}}
* {{OED}}
{{verTambém.Fim}}
{{categorias|{{en}}|Substantivo|Século XVIII|Entrada com imagem}}
={{-izh-}}=
==Substantivo==
'''ka.na'''
# {{escopo|izh|ave}} [[frango]]; [[ave]] doméstica (''[[species:Gallus gallus domesticus|Gallus gallus domesticus]]'')
# {{escopo|izh|ave}} [[galinha]]; [[fêmea]] do [[galo]]
===Declinação===
{{decl.izh.subst.4|kan|kan|kann|kann}}
=={{etimologia|izh}}==
:Do {{link opcional|protofínico}} *''kana''.
===Termos derivados===
{{verTambém.Ini}}
* {{link opcional|kananpoikkain|izh}}
{{verTambém.Fim}}
==Ver Também==
===No Wikcionário===
{{verTambém.Ini}}
* {{link opcional|höühen|izh}}
* {{link opcional|kukkoi|izh}}
{{verTambém.NovaColuna|50}}
* [[liha#{{izh}}|liha]]
* [[muna#{{izh}}|muna]]
{{verTambém.Fim}}
==Ligações externas==
===Referências===
{{verTambém.Ini}}
* &lt;span style=&quot;color:#555;&quot;&gt;(em húngaro)&lt;/span&gt; ''[http://izsor.hu/k Izsor-magyar szótár]'' (''Izsor mozaik'')
* &lt;span style=&quot;color:#555;&quot;&gt;(em russo)&lt;/span&gt; ''[http://lingvisto.org/files/ingrian.pdf Ižoran keel (Ittseopastaja)]'', pág.110
* &lt;span style=&quot;color:#555;&quot;&gt;(em inglês)&lt;/span&gt; “[http://sonad.oahpa.no/detail/izh/fin/kana.html kana]” no ''Ingrian → Finnish Dictionary'' (''Netidigisõnad'')
{{verTambém.Fim}}
{{categorias|{{izh}}|Substantivo|Dissílabo|Entrada com imagem}}
={{-ja-}}=
==Transliteração==
'''kana'''
# [[romanização]] de '''[[かな]]'''
[[Categoria:Transliteração (Japonês)]]
={{-jv-}}=
==Advérbio==
'''ka.na'''
# {{escopo2|ngoko}} [[lá]]; naquele lugar
===Grafias alternativas===
* '''Alfabeto javanês''': {{link opcional|ꦏꦤ}}
===Sinônimos===
* {{escopo2|krama}} {{link opcional|ngrika|jv}}
===Locuções e expressões===
* '''kana kéné''': {{link opcional|aqui e ali}}; {{link opcional|por toda a parte}}
==Pronome==
'''ka.na''' ''pessoal''
# {{escopo2|ngoko}} pronome pessoal da [[terceira pessoa]] ([[ele#Pronome|ele]], [[ela#Pronome|ela]], [[eles#Pronomes|eles]], [[elas#Pronomes|elas]])
===Grafias alternativas===
* '''Alfabeto javanês''': {{link opcional|ꦏꦤ}}
===Sinônimos===
* {{escopo2|krama}} {{link opcional|ngrika|jv}}
==Verbo==
'''ka.na'''
# {{escopo2|ngoko}} ir em [[frente]]; ir [[adiante]]
===Grafias alternativas===
* '''Alfabeto javanês''': {{link opcional|ꦏꦤ}}
===Sinônimos===
* {{escopo2|krama}} {{link opcional|ngrika|jv}}
==Ligações externas==
===Referências===
{{verTambém.Ini}}
* &lt;span style=&quot;color:#555;&quot;&gt;(em inglês)&lt;/span&gt; ''[http://www.sealang.net/java/dictionary.htm Javanese Lexicon]'' (''SEAlang Library'')
* Robson S. &amp; Wibisono, S.. ''[http://books.google.com/books?id=-ZvTAgAAQBAJ&amp;q=kana Javanese English Dictionary]''. Singapore: ''Periplus Editions'', 2013.
{{verTambém.Fim}}
{{categorias|{{jv}}|Advérbio|Pronome|Verbo|Dissílabo|Coloquialismo}}
={{-ki-}}=
==Conjunção==
'''ka.na'''
# [[ou]]
==Ligações externas==
===Referências===
{{verTambém.Ini}}
* &lt;span style=&quot;color:#555;&quot;&gt;(em inglês)&lt;/span&gt; “[http://ki.kasahorow.org/app/d?tl=en&amp;s=r&amp;kw=kana kana]” no ''Kikuyu-English Dictionary'' (''Kasahorow'')
* Englebretson, R.. ''[http://www.ruf.rice.edu/~reng/kik/ A Basic Sketch Grammar of Gĩkũyũ]''. Rice Working Papers in Linguistics, Vol. 6, Special Issue. 2015.
{{verTambém.Fim}}
{{categorias|{{ki}}|Conjunção|Dissílabo}}
={{-olo-}}=
==Substantivo==
'''ka.na'''
# {{escopo|olo|ave}} [[frango]]; [[ave]] doméstica (''[[species:Gallus gallus domesticus|Gallus gallus domesticus]]'')
# {{escopo|olo|ave}} [[galinha]]; [[fêmea]] do [[galo]]
===Declinação===
{{falta quadro|olo|declinação}}
===Termos derivados===
{{verTambém.Ini}}
* {{link opcional|kananpoigu|olo}}/{{link opcional|kananpoika|olo}}
* {{link opcional|kanakoppi|olo}}
{{verTambém.Fim}}
=={{etimologia|olo}}==
:Do {{link opcional|protofínico}} *''kana''.
==Ver também==
===No Wikcionário===
{{verTambém.Ini}}
* {{link opcional|heltu|olo}}
* {{link opcional|jäiččy|olo}}
* {{link opcional|kožino|olo}}
{{verTambém.NovaColuna|33}}
* {{link opcional|kuakattua|olo}}
* {{link opcional|kukki|olo}}/{{link opcional|kukoi|olo}}
* {{link opcional|kutka|olo}}
{{verTambém.NovaColuna|33}}
* [[liha#{{olo}}|liha]]
* [[muna#{{olo}}|muna]]
* {{link opcional|sulgu|olo}}
{{verTambém.Fim}}
==Ligações externas==
===Referências===
{{verTambém.Ini}}
* Boiko T.P. e Markianova L.F.. ''Большой русско-карельский словарь (ливвиковское  наречие) / Suuri ven’a-karjalaine sanakniigu (livvin murreh)''. Petrozavodsk: ''Verso'', 2011. [http://elibrary.krc.karelia.ru/401/1/russko-karelskij_slovar.pdf Pág.142]
{{verTambém.Fim}}
{{categorias|{{olo}}|Substantivo|Dissílabo|Entrada com imagem}}
={{-lud-}}=
==Substantivo==
'''ka.na'''
# {{escopo|lud|ave}} [[frango]]; [[ave]] doméstica (''[[species:Gallus gallus domesticus|Gallus gallus domesticus]]'')
# {{escopo|lud|ave}} [[galinha]]; [[fêmea]] do [[galo]]
===Declinação===
{{falta quadro|lud|declinação}}
===Termos derivados===
{{verTambém.Ini}}
* {{link opcional|kanaine|lud}}
* {{link opcional|kanankoda|lud}}
{{verTambém.NovaColuna|50}}
* {{link opcional|kananpoigaine|lud}}
* {{link opcional|mecckana|lud}}
{{verTambém.Fim}}
=={{etimologia|lud}}==
:Do {{link opcional|protofínico}} *''kana''.
==Ver também==
===No Wikcionário===
{{verTambém.Ini}}
* {{link opcional|l’iha|lud}}
* {{link opcional|kukoi|lud}}/{{link opcional|kukuu|lud}}
{{verTambém.NovaColuna|50}}
* [[muna#{{lud}}|muna]]
* {{link opcional|poig|lud}}
{{verTambém.Fim}}
==Ligações externas==
===Referências===
{{verTambém.Ini}}
* &lt;span style=&quot;color:#555;&quot;&gt;(em finlandês)&lt;/span&gt; “[http://sanat.csc.fi/wiki/Lud:kana kana]” no ''Lyydinkielinen verkkosanakirja'' (''[http://www.kielipankki.fi Kielipankki]'')
{{verTambém.Fim}}
{{categorias|{{lud}}|Substantivo|Dissílabo|Entrada com imagem}}
={{-mee-}}=
==Substantivo==
'''ka.na'''
# {{escopo|mee|anatomia}} {{l.s.|olho}}
===Sinônimos===
* [[matana]]
==Ver também==
===No Wikcionário===
{{verTambém.Ini}}
* [[ka'mana]]
* [[pa'tuna]]
{{verTambém.Fim}}
==Ligações externas==
===Referências===
{{verTambém.Ini}}
* &lt;span style=&quot;color:#555;&quot;&gt;(em inglês)&lt;/span&gt; ''[http://abvd.shh.mpg.de/austronesian/language.php?id=91 Vocabulário de mengen]'' (''ABVD'')
{{verTambém.Fim}}
{{categorias|{{mee}}|Substantivo|Dissílabo}}
={{-om-}}=
==Pronome==
'''kana''' ''demonstrativo'', ({{g|m}})
# [[isto]]; pronome demonstrativo proximal 
#* '''Nota''': nos dialetos com distinção de gênero para os demonstrativos, ''kana'' é o pronome demonstrativo proximal base masculino, e ''[[tana#{{om}}|tana]]'' é o feminino.
==Ver também==
===No Wikcionário===
{{verTambém.Ini}}
* [[kuni#{{om}}|kuni]]
* {{link opcional|tuni|om}}
{{verTambém.NovaColuna|50}}
* [[san#{{om}}|san]]
* {{link opcional|suni|om}}
{{verTambém.Fim}}
==Ligações externas==
===Referências===
{{verTambém.Ini}}
* &lt;span style=&quot;color:#555;&quot;&gt;(em inglês)&lt;/span&gt; “[https://web.archive.org/web/20200929105936/http://oromodictionaries.com/index.php?lg=oromo&amp;lg2=english&amp;tl=or&amp;tl2=en&amp;q=kana kana]” no ''Oromo Dictionaries''
{{verTambém.Fim}}
{{categorias|{{om}}|Pronome|Dissílabo}}
={{-pap-}}=
==Verbo==
'''ka.na'''
# {{escopo2|Curaçao}} [[caminhar]]; [[andar#Verbo|andar]]
#: ''Neil Armstrong ta bira e promé homber pa '''kana''' riba Luna.'' &lt;small&gt;(Neil Armstrong se tornou o primeiro homem a andar na Lua.)&lt;/small&gt;
===Formas alternativas===
* {{escopo2|Aruba}} [[cana#{{pap}}|cana]]
===Sinônimos===
* {{link opcional|kaminá}}
==Etimologia==
:Do {{etm|es|pap}} {{etimo|es|caminar}}.
==Ver também==
===No Wikcionário===
{{verTambém.Ini}}
* {{link opcional|kòre|pap}}
{{verTambém.Fim}}
==Ligações externas==
===Referências===
{{verTambém.Ini}}
* Grant, A.. ''[http://www.academia.edu/10642202/Papiamentu_and_Portuguese The Portuguese elements in Papiamentu]''. In: Faraclas, N., Severing, R. &amp; Weijer, C.. ''Linguistic studies in Papiamentu''. Willemstad, Curaçao: ''Fundashon pa Planifikashon di Idioma, 2008.
* &lt;span style=&quot;color:#555;&quot;&gt;(em holandês)&lt;/span&gt; ''[http://www.de-beijer.aw/pap/nederlands-papiaments-A-M.html Wordenboek Nederlands-Papiaments (A–M)]''
{{verTambém.Fim}}
{{categorias|{{pap}}|Verbo|Dissílabo}}
={{-rom-}}=
==Advérbio==
'''ka.na''' ''tempo''
# [[quando]]; no momento/tempo em que
# {{escopo2|romani balcânico}} [[então]]; naquele momento/tempo
# {{escopo2|romani báltico}} [[agora]]; neste momento
# {{escopo2|romani báltico}} agora; [[hoje em dia]]
# {{escopo2|romani báltico}} [[imediatamente]]; neste (exato) momento
# {{escopo2|romani báltico}} [[hoje]]
# {{escopo2|Dolenjski}} do que (comparativo)
===Formas alternativas===
{{fraseini|Variantes dialetais de ''kana''&lt;sup&gt;1&lt;/sup&gt;}}
* {{rmn}} : [[kana]]; {{link opcional|keda|rom}}
* {{rml}} : [[kana]]; {{link opcional|ked|rom}}/[[kedi#{{rom}}|kedi]]/{{link opcional|ǩedy|rom}}/{{link opcional|keľi|rom}}/{{link opcional|kidi|rom}}
* {{rmc}} : {{link opcional|kada|rom}}; [[kan#{{rom}}|kan]]/[[kana]]/{{link opcional|kanak|rom}}
* {{rmw}} : [[kana]]
{{verTambém.NovaColuna|50}}
* {{rmf}} : [[ka#{{rom}}|ka]]; {{link opcional|kaana|rom}}
* {{rmo}} : [[kan#{{rom}}|kan]]/[[kana]]/{{link opcional|kane|rom}}
* {{rmy}} : [[kana]]
{{frasefim}}
===Sinônimos===
* De '''3''' e '''6''': {{link opcional|akana|rom}}
===Locuções e expressões===
* '''de kana''': desde que/quando
* '''kana god(i)''': sempre que
* '''ži kana''': até quando
==Conjunção==
'''ka.na'''
# [[quando#Conjunção|quando]]; [[se#Conjunção|se]]; [[caso#Conjunção|caso]]
# quando; assim que
# {{escopo2|romani balcânico/galês}} enquanto
# {{escopo2|romani central/galês/Vlax}} já que
# {{escopo2|Dolenjski}} [[agora]] (que)
===Formas alternativas===
{{fraseini|Variantes dialetais de ''kana''&lt;sup&gt;1&lt;/sup&gt;}}
* {{rmn}} : [[ka#{{rom}}|ka]]/[[kana]]; {{link opcional|kda|rom}}/{{link opcional|ǩda|rom}}/{{link opcional|keda|rom}}
* {{rml}} : {{link opcional|kedy|rom}}
* {{rmc}} : {{link opcional|kada|rom}}; [[kan]]/[[kana]]/{{link opcional|kanak|rom}}
* Romani de Dolenjski : {{link opcional|kada|rom}}
{{verTambém.NovaColuna|50}}
* {{rmw}} : [[kana]]
* {{rmf}} : {{link opcional|akaana|rom}}; [[ke#{{rom}}|ke]]
* {{rmo}} : [[kaj#{{rom}}|kaj]]/[[kana]]
* {{rmy}} : [[kana]]
{{frasefim}}
===Sinônimos===
{{fraseini|Sinônimos de ''kana''&lt;sup&gt;1&lt;/sup&gt;}}
* {{escopo2|romani balcânico}} [[ta]]/[[te]]/[[the]]/[[ti]]
* {{escopo2|romani báltico}} {{link opcional|poka|rom}}
* {{escopo2|romani central}} [[asar]]; [[sar]]
{{verTambém.NovaColuna|50}}
* {{escopo2|romani galês}} {{link opcional|pala-so|rom}}/{{link opcional|palal-so|rom}}; [[sar#{{rom}}|sar]]; [[so#{{rom}}}|so]]
* {{escopo2|romani Kalo-finlandês}} [[te#{{rom}}|te]]
{{frasefim}}
{{fraseini|Sinônimos de ''kana''&lt;sup&gt;2&lt;/sup&gt;}}
* {{escopo2|romani sintó}} [[ake#{{rom}}|ake]]/{{link opcional|jake|rom}}; [[kan#{{rom}}|kan]]
{{frasefim}}
{{fraseini|Sinônimos de ''kana''&lt;sup&gt;3&lt;/sup&gt;}}
* {{escopo2|romani balcânico}} {{link opcional|sar te|rom}}
* {{escopo2|romani central}} [[asar]]/[[sar]]; {{link opcional|kada|rom}}
* {{escopo2|romani Vlax}} [[asar]]/[[sar]]/[[sardo#{{rom}}|sarso]]
{{frasefim}}
==Pronome==
'''ka.na''' ''relativo''
# [[quando#Pronome|quando]]; em que; no/na qual
===Formas alternativas===
{{fraseini|Variantes dialetais de ''kana''}}
* {{rmn}} : [[kana]]
* {{rml}} : {{link opcional|kêdê|rom}}; {{link opcional|kedy|rom}}; {{link opcional|koli|rom}}
* {{rmc}} : {{link opcional|kada|rom}}; [[kana]]
{{verTambém.NovaColuna|50}}
* {{rmw}} : [[ka#{{rom}}|ka]]/[[kaj]]
* {{rmy}} : [[kana]]
{{frasefim}}
==Ligações externas==
===Referências===
{{verTambém.Ini}}
* &lt;span style=&quot;color:#555;&quot;&gt;(em inglês)&lt;/span&gt; ''[http://romani.uni-graz.at/romlex/lex.xml Lexical Database]'' (''ROMLEX'')
* &lt;span style=&quot;color:#555;&quot;&gt;(em inglês)&lt;/span&gt; ''[http://www.seelrc.org:8080/grammar/pdf/romani_bookmarked.pdf Outline of Romani Grammar]'', de Victor A. Friedman
{{verTambém.Fim}}
{{categorias|{{rom}}|Advérbio|Conjunção|Pronome|Dissílabo}}
={{-sh-}}=
==Forma de substantivo==
'''ka.na''' {{g|m}}
# forma genitiva singular de '''''[[kan#{{sh}}|kan]]'''''
{{avi-for-fle|kan|lang=sh}}
==Substantivo==
{{Wikipédia|lang=bs}}
{{Wikipédia|lang=hr}}
'''kȁ.na''' {{g|f}}
# {{escopo|sh|botânica}} [[cana]]; [[espécie]] de [[flor]] do [[gênero]] (''[[species:Canna|Canna]]'')
# {{escopo|sh|botânica}} [[hena]] (''[[species:Lawsonia inermis|Lawsonia inermis]]'')
'''kà.na''' {{g|f|}}
# {{cont|3}} {{escopo|sh|linguística}} ''[[#Português|kana]]''; cada um dos dois [[silabário]]s que constituem o sistema de escrita {{l.s.|japonês}}
===Grafias alternativas===
* '''Alfabeto cirílico''': {{link opcional|кана|sh}}
===Formas alternativas===
* De '''2''': [[hena#{{sh}}|hena]]/{{link opcional|хена|sh}}; {{link opcional|kena|sh}}/{{link opcional|кена|sh}}; {{link opcional|kna|sh}}/{{link opcional|кна|sh}}
===Declinação===
{{decl.sh.subst.fem.1|cir=кан|lat=kan}}
==Etimologia==
* De '''3''':
*:Emprestado do {{etm|ja|sh}} {{xlatio|ja|仮名|(かな, [[#Japonês|kana]])}}.
=={{pronúncia|sh}}==
* De '''1'''-'''2''':
** [[AFI]]: {{AFI|/kâ.na/}}
** [[X-SAMPA]]: /ka_F.na/
* De '''3''':
** [[AFI]]: {{AFI|/kǎ.na/}}
** [[X-SAMPA]]: /ka_R.na/
==Ligações externas==
===Referências===
{{verTambém.Ini}}
* &lt;span style=&quot;color:#555;&quot;&gt;(em servo-croata)&lt;/span&gt; “[http://hjp.znanje.hr/index.php?show=search_by_id&amp;id=el5kXRg/ kana&lt;sup&gt;1&lt;/sup&gt;]”, “[http://hjp.znanje.hr/index.php?show=search_by_id&amp;id=el5kXRc/ kana&lt;sup&gt;2&lt;/sup&gt;]” no ''Hrvatski jezični portal''
{{verTambém.Fim}}
{{categorias|{{sh}}|Forma de substantivo|Substantivo|Dissílabo|Entrada com imagem}}
={{-szl-}}=
==Substantivo==
'''ka.na''' {{g|f}} ''?''
# [[tarro]]
==Ver também==
===No Wikcionário===
{{verTambém.Ini}}
* {{link opcional|mlyko|szl}}
{{verTambém.Fim}}
==Ligações externas==
===Referências===
{{verTambém.Ini}}
* &lt;span style=&quot;color:#555;&quot;&gt;(em polonês)&lt;/span&gt; ''[http://www.isibrno.cz/~malczyk/slownik.htm#k Aktualizowany Słowniczek Gwarowy]'', de Roman Malczyk
* &lt;span style=&quot;color:#555;&quot;&gt;(em polonês)&lt;/span&gt; ''[http://www.slownikslaski.pl Słowniku Śląskim]''
{{verTambém.Fim}}
{{categorias|{{szl}}|Substantivo|Dissílabo|Objeto}}
={{-dsb-}}=
==Substantivo==
{{paroxítona|ka|na|lang=dsb}} {{g|f}}
# [[jarra]]; [[jarro]]
# [[bule]]
#: ''kafejowa '''kana''''' &lt;small&gt;(bule de café)&lt;/small&gt;
# {{escopo|dsb|flor}} [[íris-amarelo]] (''[[species:Iris pseudacorus|Iris pseudacorus]]'')
===Declinação===
{{decl.dsb.subst.fem|kan}}
===Locuções e expressões===
* '''mlokowa kana''': [[tarro]] de leite
* '''tejowa kana''': [[chaleira]]
===Termos derivados===
{{verTambém.Ini}}
* {{link opcional|kanka|dsb}} (''diminutivo'')
{{verTambém.Fim}}
==Etimologia==
:Do {{etm|de|dsb}} {{etimo|de|Kanne}}.
=={{pronúncia|dsb}}==
* [[AFI]]: {{AFI|/ˈka.na/}}
* [[X-SAMPA]]: /&quot;ka.na/
==Ver também==
===No Wikcionário===
{{verTambém.Ini}}
* {{link opcional|banja|dsb}}
{{verTambém.Fim}}
==Ligações externas==
===Referências===
{{verTambém.Ini}}
* &lt;span style=&quot;color:#555;&quot;&gt;(em alemão)&lt;/span&gt; “[http://www.dolnoserbski.de/ndw/pytanje?rec=de&amp;wuraz=kana kana]” no ''Dolnoserbsko-nimske słowniki'' (''Serbski Institut'')
{{verTambém.Fim}}
{{categorias|{{dsb}}|Substantivo|Objeto}}
={{-sw-}}=
==Conjunção==
'''ka.na'''
# [[se#Conjunção|se]]; [[caso#Conjunção|caso]]
===Formas alternativas===
* {{link opcional|kama|sw}}
===Locuções e expressões===
* '''kana kwamba''': [[como se]]
==Substantivo==
{{flex.sw|[[kana]]|[[kana]]|9|10|s-div=ka.na|p-div=ka.na}}
'''ka.na'''
# {{escopo|sw|náutica}} [[cana]] do [[leme]]
{{limpar}}
==Verbo==
'''-ka.na'''
# [[negar]]; [[contradizer]]
# [[recusar]]
# [[renegar]]
===Conjugação===
{{conj.sw|kan}}
=={{pronúncia|sw}}==
* [[AFI]]: {{AFI|/ka.na/}}
* [[X-SAMPA]]: /ka.na/
==Ligações externas==
===Referências===
{{verTambém.Ini}}
* &lt;span style=&quot;color:#555;&quot;&gt;(em inglês)&lt;/span&gt; “[https://web.archive.org/web/20190324085822/https://sw.oxforddictionaries.com/ufafanuzi/kana kana]” no ''Ufafanuzi katika Kiswahili'' (''Oxford Living Dictionaries'')
* &lt;span style=&quot;color:#555;&quot;&gt;(em inglês)&lt;/span&gt; ''[http://africanlanguages.com/swahili/ Online Swahili-English Dictionary]''
* Rechenbach, C.W.. ''Swahili-English Dictionary''. Washington D.C.: ''The Catholic University of America Press'', 1967. [http://www.weltladen-moemlingen.de/download/swa_eng_dict_text.pdf Pág.168].
{{verTambém.Fim}}
{{categorias|{{sw}}|Conjunção|Substantivo|Verbo|Dissílabo}}
={{-sv-}}=
==Substantivo==
'''ka.na''' {{g|c}}
# [[pista]] de [[esqui]] (estreita e geralmente em [[declive]])
# {{escopo|sv|brinquedo}} [[escorregador]]
===Sinônimos===
* De '''1''': {{link opcional|isbana|sv}}
* De '''2''': {{link opcional|rutschkana|sv}}
===Declinação===
{{decl.sv.subst.1|kan}}
==Verbo==
'''ka.na'''
# [[resvalar]]; [[deslizar]]
#: ''Bussen '''kanade''' av vägen och ligger i diket.'' &lt;small&gt;(O ônibus resvalou para fora da pista e foi parar em uma vala.)&lt;/small&gt;
===Sinônimos===
* {{link opcional|rutscha|sv}}
===Conjugação===
{{conj.sv.ar}}
=={{pronúncia|sv}}==
* [[AFI]]: {{AFI|/kɑ̀ː.nɑ/}}
* [[X-SAMPA]]: /kA:.nA/
==Ver também==
===No Wikcionário===
{{verTambém.Ini}}
* {{link opcional|glida|sv}}
* {{link opcional|vattenrutschkana|sv}}
{{verTambém.Fim}}
==Ligações externas==
===Referências===
{{verTambém.Ini}}
* &lt;span style=&quot;color:#555;&quot;&gt;(em sueco)&lt;/span&gt; “[http://svenska.se/tre/?sok=jordsvin jordsvin]” no ''Svenska Akademiens Ordböcker''
* &lt;span style=&quot;color:#555;&quot;&gt;(em inglês)&lt;/span&gt; “[http://folkets-lexikon.csc.kth.se/folkets/folkets.en.html#lookup&amp;kana kana]” no ''The People's Dictionary''
{{verTambém.Fim}}
{{categorias|{{sv}}|Substantivo|Verbo|Dissílabo}}
={{-tri-}}=
==Substantivo==
'''ka.na'''
# {{escopo|tri|peixe}} [[peixe]]
==Ver também==
===No Wikcionário===
{{verTambém.Ini}}
* {{link opcional|paru|apy}}
{{verTambém.Fim}}
==Ligações externas==
===Referências===
{{verTambém.Ini}}
* Carlin, E.B.. ''A grammar of Trio, a Cariban language of Suriname'' (Duisburg Papers on Reserach in Language and Culture 55). Frankfurt am Main, 2004.
{{verTambém.Fim}}
[[Categoria:Peixe (Tirió)|*]]
{{categorias|{{tri}}|Substantivo|Dissílabo}}
={{-tr-}}=
==Forma de substantivo==
'''ka.na'''
# forma dativa singular de '''''[[kan#{{tr}}|kan]]'''''
{{avi-for-fle|kan|lang=tr}}
==Substantivo==
'''ka.na'''
# {{escopo|tr|náutica}} [[w:Linha de água|linha de flutuação]]; {{link opcional|linha d'água}}
==Etimologia==
:Do {{etm|it|tr}} {{etimo|it|canna}}.
==Ligações externas==
===Referências===
{{verTambém.Ini}}
* &lt;span style=&quot;color:#555;&quot;&gt;(em inglês e turco)&lt;/span&gt; “[http://www.seslisozluk.net/kana-nedir-ne-demek/ kana]” no '' Türkçe - İngilizce'' (''Sesli Sözlük'')
* &lt;span style=&quot;color:#555;&quot;&gt;(em turco)&lt;/span&gt; ''[http://www.tdk.gov.tr/index.php?option=com_gts&amp;view=gts Güncel Türkçe Sözlük]'' (''Türk Dil Kurumu'')
{{verTambém.Fim}}
{{categorias|{{tr}}|Forma de substantivo|Substantivo|Dissílabo}}
={{-uz-}}=
==Substantivo==
'''ka.na'''
# {{escopo|uz|aracnídeo}} [[carrapato]]; [[aracnídeo]] da [[ordem]] ''[[species:Ixodida|Ixodida]]''
===Locuções e expressões===
* '''taxta kana''': [[percevejo]] (''[[species:Cimex lectularius|Cimex lectularius]]'')
==Ver também==
===No Wikcionário===
{{verTambém.Ini}}
* {{link opcional|oʻrgimchak}}
* {{link opcional|qandala|uz}}
{{verTambém.Fim}}
==Ligações externas==
===Referências===
{{verTambém.Ini}}
* &lt;span style=&quot;color:#555;&quot;&gt;(em inglês)&lt;/span&gt; ''[http://zangorikema.com Uzbek-English Dictionary]'' (''Zangori Kema'')
* &lt;span style=&quot;color:#555;&quot;&gt;(em inglês)&lt;/span&gt; ''[http://www.uzbek-glossary.com Uzbek Glossary]''
{{verTambém.Fim}}
{{categorias|{{uz}}|Substantivo|Dissílabo}}
={{-vep-}}=
{{Wikipédia|lang=vep}}
==Substantivo==
'''ka.na'''
# {{escopo|vep|ave}} [[frango]]; [[ave]] doméstica (''[[species:Gallus gallus domesticus|Gallus gallus domesticus]]'')
# {{escopo|vep|ave}} [[galinha]]; [[fêmea]] do [[galo]]
===Declinação===
{{decl.vep.subst|kana|kana|kanad|kanoi|s=1}}
===Termos derivados===
{{verTambém.Ini}}
* {{link opcional|haudoikana|vep}}
* {{link opcional|kanankočk|vep}}
{{verTambém.NovaColuna|25}}
* {{link opcional|kanankoda|vep}}
* {{link opcional|kananpoig|vep}}
{{verTambém.NovaColuna|25}}
* {{link opcional|kananpoigaine|vep}}
* {{link opcional|kananpu|vep}}
{{verTambém.NovaColuna|25}}
* {{link opcional|meckana|vep}}
* {{link opcional|poikkana|vep}} 
{{verTambém.Fim}}
=={{etimologia|vep}}==
:Do {{link opcional|protofínico}} *''kana''.
==Ver também==
===No Wikcionário===
{{verTambém.Ini}}
* {{link opcional|cipuine|vep}}
* {{link opcional|kakatada|vep}}
{{verTambém.NovaColuna|33}}
* {{link opcional|höuneh|vep}}
* {{link opcional|kukoi|vep}}
{{verTambém.NovaColuna|33}}
* [[liha#{{vep}}|liha]]
* [[muna#{{vep}}|muna]]
{{verTambém.Fim}}
==Ligações externas==
===Referências===
{{verTambém.Ini}}
* &lt;span style=&quot;color:#555;&quot;&gt;(em russo)&lt;/span&gt; “[http://veps_russian.academic.ru/511 kana]” no Краткий вепсско-русский словарь (2008) (Академик)
* &lt;span style=&quot;color:#555;&quot;&gt;(em letão)&lt;/span&gt; ''[http://www.eraksti.lv/bezmaksas/nodalas/par_valodu.html Vepsu-latviešu vārdnīca]'' (Dicionário vepso-letão), de Aldis Rozentāls
* Zajceva, N.G. e Mullonen, M.I.. ''Uz’ venä-vepsläine vajehnik / Новый русско-вепсский словарь''. Petrozavodsk: ''Periodika'', 2007. [http://elibrary.krc.karelia.ru/469/1/%D0%9D%D0%BE%D0%B2%D1%8B%D0%B9%20%D1%80%D1%83%D1%81%D1%81%D0%BA%D0%BE-%D0%B2%D0%B5%D0%BF%D1%81%D1%81%D0%BA%D0%B8%D0%B9%20%D1%81%D0%BB%D0%BE%D0%B2%D0%B0%D1%80%D1%8C.pdf Pág.209].
{{verTambém.Fim}}
{{categorias|{{vep}}|Substantivo|Dissílabo|Entrada com imagem}}
={{-vo-}}=
==Forma de substantivo==
{{oxítona|ka|na|lang=vo}}
# forma genitiva singular de '''''[[kan#{{vo}}|kan]]'''''
{{avi-for-fle|kan|lang=vo}}
=={{pronúncia|vo}}==
* [[AFI]]: {{AFI|/ka.ˈna/}}
* [[X-SAMPA]]: /ka.&quot;na/
[[Categoria:Forma de substantivo (Volapuque)]]
={{-vot-}}=
==Substantivo==
'''ka.na'''
# {{escopo|vot|ave}} [[frango]]; [[ave]] doméstica (''[[species:Gallus gallus domesticus|Gallus gallus domesticus]]'')
# {{escopo|vot|ave}} [[galinha]]; [[fêmea]] do [[galo]]
# {{escopo|vot|zoologia}} fêmea de outras espécies de aves
# {{escopo|vot|figurado}} {{l.s.|querida}}; termo [[carinhoso]] usado para {{l.s.|noiva}}s em canções folclóricas
===Declinação===
{{decl.vot.subst.3|kan}}
===Termos derivados===
{{verTambém.Ini}}
* {{link opcional|anõkana|vot}}
* {{link opcional|kanakoto|vot}}
* {{link opcional|kanaliha|vot}}
{{verTambém.NovaColuna|34}}
* {{link opcional|kananahka|vot}}
* {{link opcional|mettsäkana|vot}}
* {{link opcional|peltokana|vot}}
{{verTambém.NovaColuna|33}}
* {{link opcional|põippõkana|vot}}
* {{link opcional|tedrekana|vot}}
* {{link opcional|tedrikana|vot}}
{{verTambém.Fim}}
=={{etimologia|vot}}==
:Do {{link opcional|protofínico}} *''kana''.
==Ver Também==
===No Wikcionário===
{{verTambém.Ini}}
* {{link opcional|kokuttaa|vot}}
* {{link opcional|kukko|vot}}
{{verTambém.NovaColuna|25}}
* [[liha#{{vot}}|liha]]
* [[muna#{{vot}}|muna]]
{{verTambém.NovaColuna|25}}
* {{link opcional|põippõ|vot}}
* {{link opcional|sulka|vot}}
{{verTambém.NovaColuna|25}}
* [[suka#{{vot}}|suka]]
* {{link opcional|siipi|vot}}
{{verTambém.Fim}}
==Ligações externas==
===Referências===
{{verTambém.Ini}}
* &lt;span style=&quot;color:#555;&quot;&gt;(em estoniano)&lt;/span&gt; “[http://www.eki.ee/dict/vot/index.cgi?Q=kana kana]” no ''Votic Dictionary'' (''EKI'')
* &lt;span style=&quot;color:#555;&quot;&gt;(em russo)&lt;/span&gt; ''[http://www.finnougoria.ru/prf%20info/samouchitel%20vodskogo%20yazyka1.pdf Vaďďa ceeli (Izeõpõttaja)]'', pág.86.
{{verTambém.Fim}}
{{categorias|{{vot}}|Substantivo|Dissílabo|Entrada com imagem}}
={{-vro-}}=
{{Wikipédia|lang=vro}}
==Substantivo==
'''ka.na'''
# {{escopo|vro|ave}} [[frango]]; [[ave]] doméstica (''[[species:Gallus gallus domesticus|Gallus gallus domesticus]]'')
# {{escopo|vro|ave}} [[galinha]]; [[fêmea]] do [[galo]]
===Declinação===
{{decl.vro.subst.28|ka|n|a}}
===Termos derivados===
{{verTambém.Ini}}
* {{link opcional|kanalaut|vro}}
* {{link opcional|kananahk|vro}}
{{verTambém.Fim}}
=={{etimologia|vro}}==
:Do {{link opcional|protofínico}} *''kana''.
==Ver também==
===No Wikcionário===
{{verTambém.Ini}}
* [[hari#{{vro}}|hari]]
* {{link opcional|kikas|vro}}
{{verTambém.NovaColuna|25}}
* [[liha#{{vro}}|liha]]
* {{link opcional|lokśma|vro}}
{{verTambém.NovaColuna|25}}
* [[muna#{{vro}}|muna]]
* {{link opcional|poig|vro}}
{{verTambém.NovaColuna|25}}
* {{link opcional|siib|vro}}
* {{link opcional|sulǵ|vro}}
{{verTambém.Fim}}
==Ligações externas==
===Referências===
{{verTambém.Ini}}
* &lt;span style=&quot;color:#555;&quot;&gt;(em estoniano)&lt;/span&gt; ''[http://synaq.org Võro-eesti-võro sõnaraamat]'' (''Võro Instituut'')
* &lt;span style=&quot;color:#555;&quot;&gt;(em inglês)&lt;/span&gt; ''[http://sonad.oahpa.no/vro/est/ Võro → Estonian]'' (''Netidigisõnad'')
{{verTambém.Fim}}
{{categorias|{{vro}}|Substantivo|Dissílabo|Entrada com imagem}}
={{-wbp-}}=
==Substantivo==
'''ka.na'''
# {{l.s.|vara}} para [[cavar]]
===Sinônimos===
* {{link opcional|karlangu|wbp}}, {{link opcional|karrparnu|wbp}}
==Ligações externas==
===Referências===
{{verTambém.Ini}}
* &lt;span style=&quot;color:#555;&quot;&gt;(em inglês)&lt;/span&gt; ''[http://ausil.org/Dictionary/Warlpiri/lexicon/index.htm Warlpiri Lexicon]'' (''AuSIL'')
{{verTambém.Fim}}
{{categorias|{{wbp}}|Substantivo|Dissílabo}}</text>
<sha1>mzfsoosj5we2qezgyasgqsn3t6hp39c</sha1>
</revision>
