<page>
<page>
<title>kanban</title>
<ns>0</ns>
<id>256299</id>
<revision>
<id>2365927</id>
<parentid>2219342</parentid>
<timestamp>2017-05-03T16:58:53Z</timestamp>
<contributor>
<username>HydrizBot</username>
<id>29590</id>
</contributor>
<minor />
<comment>Robô: A limpar links interwikis antigos</comment>
<model>wikitext</model>
<format>text/x-wiki</format>
<text bytes="114" xml:space="preserve">={{-ja-}}=
==Transliteração==
# transliteração de [[かんばん]]
[[Categoria:Transliteração (Japonês)]]</text>
<sha1>4m7p1lj0medsxeppsrdlcghvp0u304n</sha1>
</revision>
