<page>
<page>
<title>kandelo</title>
<ns>0</ns>
<id>314121</id>
<revision>
<id>2633551</id>
<parentid>2365933</parentid>
<timestamp>2021-05-09T09:41:38Z</timestamp>
<contributor>
<username>ValJor</username>
<id>1358</id>
</contributor>
<comment>Confirmando [[:Categoria:!Entrada criada por robô|verbete criado por robô]]</comment>
<model>wikitext</model>
<format>text/x-wiki</format>
<text bytes="243" xml:space="preserve">{{Wikipédia|lang=eo}}
[[Imagem:Candle1.jpg|thumb|right|250px|{{centro|Vela}}]]
={{-eo-}}=
==Substantivo==
'''kandelo'''
# [[vela]] (rolo cilíndrico de cera)
[[Categoria:Substantivo (Esperanto)]]
[[Categoria:Entrada com imagem (Esperanto)]]</text>
<sha1>0kx9eihs74pht2z4xu9qafvtaccelax</sha1>
</revision>
