<page>
<page>
<title>kandas</title>
<ns>0</ns>
<id>406428</id>
<revision>
<id>2535373</id>
<timestamp>2019-02-08T14:23:50Z</timestamp>
<contributor>
<username>ValJor</username>
<id>1358</id>
</contributor>
<comment>Criação do verbete a partir da [[Especial:Páginas_pedidas|lista de palavras pedidas]]</comment>
<model>wikitext</model>
<format>text/x-wiki</format>
<text bytes="342" xml:space="preserve">={{-pt-}}=
==Substantivo==
{{paroxítona|kan|das}}, {{gramática|m}}
# [[língua]] falada na [[Papua-Nova Guiné]]
==Ver também==
===No Wikcionário===
{{verTambém.Ini}}
* [[:Categoria:Kandas]]
{{verTambém.NovaColuna}}
* [[:Predefinição:kqw]]
{{verTambém.Fim}}
[[Categoria:Substantivo (Português)]]
[[Categoria:Língua (Português)]]</text>
<sha1>1nxgw0u9atvha9k725fqp2btfoew3oo</sha1>
</revision>
