<page>
<title>Kandidat</title>
<ns>0</ns>
<id>51710</id>
<revision>
<id>2272100</id>
<parentid>2052927</parentid>
<timestamp>2017-04-26T20:01:19Z</timestamp>
<contributor>
<username>HydrizBot</username>
<id>29590</id>
</contributor>
<minor />
<comment>Robô: A limpar links interwikis antigos</comment>
<model>wikitext</model>
<format>text/x-wiki</format>
<text bytes="224" xml:space="preserve">={{-de-}}=
== Substantivo ==
'''Kan.di.dat''', ''masculino, fraco'' (''feminino: '''[[Kandidatin]]''''')
# [[candidato]].
=== Declinação ===
{{decl.de.subst.masc|gs=en|np=en|Kandidat}}
[[Categoria:Substantivo (Alemão)]]</text>
<sha1>0fcz8v64u2munfg68uu97dlbwc5p2bm</sha1>
</revision>
</page>
