<page>
<page>
<title>kandela</title>
<ns>0</ns>
<id>314087</id>
<revision>
<id>2634926</id>
<parentid>2365932</parentid>
<timestamp>2021-05-22T08:54:16Z</timestamp>
<contributor>
<username>ValJor</username>
<id>1358</id>
</contributor>
<comment>Confirmando [[:Categoria:!Entrada criada por robô|verbete criado por robô]]</comment>
<model>wikitext</model>
<format>text/x-wiki</format>
<text bytes="242" xml:space="preserve">{{Wikipédia|lang=eu}}
[[Imagem:Einzelne Kerze.JPG|thumb|right|250px|{{centro|Vela}}]]
={{-eu-}}=
==Substantivo==
'''kandela'''
# [[vela]] (rolo cilíndrico de cera)
[[Categoria:Substantivo (Basco)]]
[[Categoria:Entrada com imagem (Basco)]]</text>
<sha1>2tw98td6u47j8o2zqeehqpyu3s4z6up</sha1>
</revision>
