<page>
<title>kandel</title>
<ns>0</ns>
<id>314085</id>
<revision>
<id>2660548</id>
<parentid>2365931</parentid>
<timestamp>2022-02-19T12:03:59Z</timestamp>
<contributor>
<username>ValJor</username>
<id>1358</id>
</contributor>
<comment>Confirmando [[:Categoria:!Entrada criada por robô|verbete criado por robô]]</comment>
<model>wikitext</model>
<format>text/x-wiki</format>
<text bytes="236" xml:space="preserve">[[Imagem:White candle seamless loop.gif|thumb|right|250px|{{centro|Vela}}]]
={{-bi-}}=
==Substantivo==
'''kandel'''
# [[vela]] (rolo cilíndrico de cera)
[[Categoria:Substantivo (Bislamá)]]
[[Categoria:Entrada com imagem (Bislamá)]]</text>
<sha1>k0v3cku3rdqx3zdp7iuobu782u910gs</sha1>
</revision>
</page>
