<page>
<title>kandia</title>
<ns>0</ns>
<id>14864</id>
<revision>
<id>1326000</id>
<parentid>1090971</parentid>
<timestamp>2011-12-08T01:03:16Z</timestamp>
<contributor>
<username>MalafayaBot</username>
<id>628</id>
</contributor>
<minor />
<comment>Robô: Substituição de texto automática (-^\=(\s*?)(\{\{kea\}\}|Cabo\-?verdiano)(\s*?)\= +={{-kea-}}=)</comment>
<model>wikitext</model>
<format>text/x-wiki</format>
<text bytes="101" xml:space="preserve">={{-kea-}}=
==Verbo==
'''kandia'''
# [[encandear]]
# [[ofuscar]]
[[Categoria:Verbo (Cabo-verdiano)]]</text>
<sha1>ndcrwbaakanvcsxkqnubl4d6pwcvppg</sha1>
</revision>
</page>
