<page>
<page>
<title>kandra</title>
<ns>0</ns>
<id>314226</id>
<revision>
<id>2686092</id>
<parentid>2365935</parentid>
<timestamp>2022-08-16T17:56:29Z</timestamp>
<contributor>
<username>ValJor</username>
<id>1358</id>
</contributor>
<comment>Confirmando [[:Categoria:!Entrada criada por robô|verbete criado por robô]]</comment>
<model>wikitext</model>
<format>text/x-wiki</format>
<text bytes="242" xml:space="preserve">[[Imagem:Candle-flame-and-reflection.jpg|thumb|right|250px|{{centro|Vela}}]]
={{-srn-}}=
==Substantivo==
'''kandra'''
# [[vela]] (rolo cilíndrico de cera)
[[Categoria:Substantivo (Surinamês)]]
[[Categoria:Entrada com imagem (Surinamês)]]</text>
<sha1>2va2i5r7jxp9vl23ryfksyzu2txw2x9</sha1>
</revision>
