<page>
<title>kandinskiano</title>
<ns>0</ns>
<id>43954</id>
<revision>
<id>2550007</id>
<parentid>1601264</parentid>
<timestamp>2019-07-22T20:12:36Z</timestamp>
<contributor>
<username>ValJor</username>
<id>1358</id>
</contributor>
<comment>Verbete [[:Categoria:!Página com idioma não informado em Predefinição:etimologia|sem indicação do idioma na seção de etimologia]]</comment>
<model>wikitext</model>
<format>text/x-wiki</format>
<text bytes="557" xml:space="preserve">={{-pt-}}=
==Adjetivo==
{{flex.pt|ms=kandinskiano|mp=kandinskianos|fs=kandinskiana|fp=kandinskianas}}
{{paroxítona|kan|dins|ki|a|no}}
# relativo ao [[pintor]] [[russo]] Wassily Kandinsky
===Tradução===
{{tradini}}
* {{trad|en|Kandinskyian}}
{{tradmeio}}
{{tradfim}}
=={{etimologia|pt}}==
: Do antropônimo ''Kandinsky'' (do pintor russo Wassily Kandinsky) + [[-iano]].
==Ver também==
===Na Wikipédia===
* [[w:Wassily Kandinsky|Kandinsky]]
==Ligações externas==
* {{VOLPABL}}
[[Categoria:Adjetivo (Português)]]
[[Categoria:Pintura (Português)]]</text>
<sha1>ewmip2yh9qp82akip9cjxvxdvubcnq4</sha1>
</revision>
</page>
