<page>
<title>kanekane</title>
<ns>0</ns>
<id>230378</id>
<revision>
<id>2365936</id>
<parentid>1724805</parentid>
<timestamp>2017-05-03T16:59:33Z</timestamp>
<contributor>
<username>HydrizBot</username>
<id>29590</id>
</contributor>
<minor />
<comment>Robô: A limpar links interwikis antigos</comment>
<model>wikitext</model>
<format>text/x-wiki</format>
<text bytes="152" xml:space="preserve">={{-mi-}}=
==Substantivo==
'''kanekane'''
# [[nariz]] (termo de anatomia)
{{página-automática|Maio|2010|nariz|mi}}
[[Categoria:Substantivo (Maori)]]</text>
<sha1>pwm6nvixj2koihkg3on4fz9jq99silc</sha1>
</revision>
</page>
