<page>
<page>
<title>kanemita</title>
<ns>0</ns>
<id>43955</id>
<revision>
<id>1201072</id>
<parentid>191973</parentid>
<timestamp>2011-07-09T13:41:25Z</timestamp>
<contributor>
<username>MalafayaBot</username>
<id>628</id>
</contributor>
<minor />
<comment>Robô: Substituição de texto automática (-^\=\s?Português\s?\= +={{-pt-}}= &amp; -^\=\s?\{\{pt\}\}\s?\= +={{-pt-}}=)</comment>
<model>wikitext</model>
<format>text/x-wiki</format>
<text bytes="324" xml:space="preserve">={{-pt-}}=
==Substantivo==
'''{{PAGENAME}}''' ''feminino''
:# ''(Geol.)'' [[mineral]] constituído de filo-silicato hidratado de sódio, de sistema de cristalização [[ortorrômbico]], descoberto inicialmente na localidade de Kanem, no lago Chad.
[[Categoria:Substantivo (Português)]]
[[Categoria:Geologia (Português)]]</text>
<sha1>7p9smc334vvhh6bq8y31cnr9rkfnlgo</sha1>
</revision>
