<page>
<page>
<title>kanevedenn</title>
<ns>0</ns>
<id>184659</id>
<revision>
<id>2365937</id>
<parentid>2242358</parentid>
<timestamp>2017-05-03T16:59:39Z</timestamp>
<contributor>
<username>HydrizBot</username>
<id>29590</id>
</contributor>
<minor />
<comment>Robô: A limpar links interwikis antigos</comment>
<model>wikitext</model>
<format>text/x-wiki</format>
<text bytes="164" xml:space="preserve">={{-br-}}=
{{Wikipédia|lang=br}}
==Substantivo==
'''kanevedenn''', {{f}}
#[[arco-íris]]
===Sinônimos===
*[[gwareg-ar-glav]]
[[Categoria:Substantivo (Bretão)]]</text>
<sha1>5a667o5ebkv5d6nixl13u3vosynqmgf</sha1>
</revision>
