<page>
<page>
<title>kanek</title>
<ns>0</ns>
<id>61823</id>
<revision>
<id>2648169</id>
<parentid>849425</parentid>
<timestamp>2021-09-13T07:14:22Z</timestamp>
<contributor>
<username>ValJor</username>
<id>1358</id>
</contributor>
<comment>Já fazia mais de dez anos que ninguém atualizava esse verbete</comment>
<model>wikitext</model>
<format>text/x-wiki</format>
<text bytes="256" xml:space="preserve">={{-ku-}}=
==Forma de substantivo==
'''kanek'''
# flexão de [[kan]]
{{avi-for-fle|kan}}
[[Categoria:Forma de substantivo (Curdo)]]
={{-tet-}}=
==Substantivo==
'''kanek'''
# [[chaga]]
[[Categoria:Substantivo (Tétum)]]
[[Categoria:Patologia (Tétum)]]</text>
<sha1>5s49diykt7dhsdgdxwpuf0vby4pwmmq</sha1>
</revision>
