<page>
<title>kangooroo</title>
<ns>0</ns>
<id>390319</id>
<revision>
<id>2487196</id>
<parentid>2479748</parentid>
<timestamp>2018-02-28T09:57:37Z</timestamp>
<contributor>
<username>ValJor</username>
<id>1358</id>
</contributor>
<comment>Salvando verbete da ER</comment>
<model>wikitext</model>
<format>text/x-wiki</format>
<text bytes="151" xml:space="preserve">={{-en-}}=
==Substantivo==
'''kangooroo'''
# {{escopo|en|Obsoleto}} [[canguru]]
==={{-varort-}}===
* [[kangaroo]]
[[Categoria:Substantivo (Inglês)]]</text>
<sha1>ftmkme4d26kdcil17hltdvry7vyzgc3</sha1>
</revision>
</page>
