<page>
<page>
<title>kanguru</title>
<ns>0</ns>
<id>40520</id>
<revision>
<id>2365942</id>
<parentid>2165138</parentid>
<timestamp>2017-05-03T17:00:06Z</timestamp>
<contributor>
<username>HydrizBot</username>
<id>29590</id>
</contributor>
<minor />
<comment>Robô: A limpar links interwikis antigos</comment>
<model>wikitext</model>
<format>text/x-wiki</format>
<text bytes="124" xml:space="preserve">={{-ia-}}=
==Substantivo==
'''kanguru'''
# [[canguru]].
[[Categoria:Substantivo ({{ia}})]]
[[Categoria:Mamífero ({{ia}})]]</text>
<sha1>bp3hsc1jg2anopvpc60zttgx09277be</sha1>
</revision>
