<page>
<title>kangengaku</title>
<ns>0</ns>
<id>259016</id>
<revision>
<id>2219343</id>
<parentid>2093912</parentid>
<timestamp>2017-01-05T16:32:28Z</timestamp>
<contributor>
<username>Tribuno da Plebe</username>
<id>16095</id>
</contributor>
<model>wikitext</model>
<format>text/x-wiki</format>
<text bytes="120" xml:space="preserve">={{-ja-}}=
==Transliteração==
# transliteração de [[かんげんがく]]
[[Categoria:Transliteração (Japonês)]]</text>
<sha1>0ojjjbeqd1at20wr3ymkdubpf9tt0x5</sha1>
</revision>
</page>
