<page>
<title>kangourou</title>
<ns>0</ns>
<id>40517</id>
<revision>
<id>2365940</id>
<parentid>2018847</parentid>
<timestamp>2017-05-03T16:59:57Z</timestamp>
<contributor>
<username>HydrizBot</username>
<id>29590</id>
</contributor>
<minor />
<comment>Robô: A limpar links interwikis antigos</comment>
<model>wikitext</model>
<format>text/x-wiki</format>
<text bytes="126" xml:space="preserve">={{-fr-}}=
==Substantivo==
'''kangourou'''
# [[canguru]].
[[Categoria:Substantivo ({{fr}})]]
[[Categoria:Mamífero ({{fr}})]]</text>
<sha1>q7hx40l5melwioxrf10g0gbtf4qzrth</sha1>
</revision>
</page>
