<page>
<title>kangaroo</title>
<ns>0</ns>
<id>37822</id>
<revision>
<id>2481704</id>
<parentid>2365938</parentid>
<timestamp>2018-01-30T23:59:59Z</timestamp>
<contributor>
<username>Tribuno da Plebe</username>
<id>16095</id>
</contributor>
<model>wikitext</model>
<format>text/x-wiki</format>
<text bytes="209" xml:space="preserve">={{-en-}}=
==Substantivo==
{{flex.en|s=kangaroo|p=kangaroos}}
'''kan.ga.roo'''
# [[canguru]]
===Termos derivados===
* [[kangaroo court]]
[[Categoria:Substantivo (Inglês)]]
[[Categoria:Mamífero (Inglês)]]</text>
<sha1>q7ijvwielhvro855c6kh22eu1u81ykd</sha1>
</revision>
</page>
