<page>
<title>kangue</title>
<ns>0</ns>
<id>289546</id>
<revision>
<id>2592209</id>
<parentid>2365941</parentid>
<timestamp>2020-07-12T20:57:38Z</timestamp>
<contributor>
<username>ValJor</username>
<id>1358</id>
</contributor>
<comment>Confirmando [[:Categoria:!Entrada criada por robô|verbete criado por robô]]</comment>
<model>wikitext</model>
<format>text/x-wiki</format>
<text bytes="374" xml:space="preserve">{{Wikipédia|lang=gn}}
[[Imagem:Left_femur_of_extinct_elephant,_Alaska,_Ice_Age_Wellcome_L0057714.jpg|thumb|right|250px|&lt;center&gt;Osso&lt;/center&gt;]]
={{-gn-}}=
==Substantivo==
'''kangue'''
# [[osso]] (cada uma das peças rígidas que formam o esqueleto dos animais)
[[Categoria:Substantivo (Guarani)]]
[[Categoria:Anatomia (Guarani)]]
[[Categoria:Entrada com imagem (Guarani)]]</text>
<sha1>96iynb1sdpp145x446mk86zbsvu0giu</sha1>
</revision>
</page>
