<page>
<title>kanguruo</title>
<ns>0</ns>
<id>40518</id>
<revision>
<id>2365943</id>
<parentid>1860850</parentid>
<timestamp>2017-05-03T17:00:10Z</timestamp>
<contributor>
<username>HydrizBot</username>
<id>29590</id>
</contributor>
<minor />
<comment>Robô: A limpar links interwikis antigos</comment>
<model>wikitext</model>
<format>text/x-wiki</format>
<text bytes="251" xml:space="preserve">={{-eo-}}=
==Substantivo==
'''kanguruo'''
# [[canguru]].
={{-io-}}=
==Substantivo==
'''kanguruo'''
# [[canguru]].
[[Categoria:Substantivo ({{eo}})]]
[[Categoria:Mamífero ({{eo}})]]
[[Categoria:Substantivo ({{io}})]]
[[Categoria:Mamífero ({{io}})]]</text>
<sha1>8o9lwucf8gsthzur83nzxrc059ox7gp</sha1>
</revision>
</page>
