<page>
<title>kangi</title>
<ns>0</ns>
<id>244469</id>
<revision>
<id>2365939</id>
<parentid>2219344</parentid>
<timestamp>2017-05-03T16:59:52Z</timestamp>
<contributor>
<username>HydrizBot</username>
<id>29590</id>
</contributor>
<minor />
<comment>Robô: A limpar links interwikis antigos</comment>
<model>wikitext</model>
<format>text/x-wiki</format>
<text bytes="111" xml:space="preserve">={{-ja-}}=
==Transliteração==
# transliteração de [[かんぎ]]
[[Categoria:Transliteração (Japonês)]]</text>
<sha1>ic0z5akex0s7fsxz0q6hse779boithk</sha1>
</revision>
</page>
