<page>
<page>
<title>kani</title>
<ns>0</ns>
<id>232985</id>
<revision>
<id>2365944</id>
<parentid>2245712</parentid>
<timestamp>2017-05-03T17:00:18Z</timestamp>
<contributor>
<username>HydrizBot</username>
<id>29590</id>
</contributor>
<minor />
<comment>Robô: A limpar links interwikis antigos</comment>
<model>wikitext</model>
<format>text/x-wiki</format>
<text bytes="163" xml:space="preserve">{{Wikipédia|lang=fi}}
={{-fi-}}=
==Substantivo==
'''kani'''
# [[coelho]] (mamífero)
[[Categoria:Substantivo (Finlandês)]]
[[Categoria:Mamífero (Finlandês)]]</text>
<sha1>53yws0qnip0vhceorgect5t1x6k9p61</sha1>
</revision>
