<page>
<page>
<title>Kanikau</title>
<ns>0</ns>
<id>380529</id>
<revision>
<id>2426236</id>
<timestamp>2017-07-08T15:49:48Z</timestamp>
<contributor>
<username>Leonardo José Raimundo</username>
<id>43489</id>
</contributor>
<comment>Eu estou criando o nome &quot;Kanikau&quot;.</comment>
<model>wikitext</model>
<format>text/x-wiki</format>
<text bytes="188" xml:space="preserve">={{-haw-}}=
==Substantivo==
{{oxítona|Ka|ni|kau|lang=haw}}
# {{escopo|haw|Cristianismo|religião}} [[Lamentações]]
==Ver também==
{{bíblia/haw}}
[[Categoria:Substantivo (Havaiano)]]</text>
<sha1>9pdlo298husnhfdhab70ghlmwils7bf</sha1>
</revision>
