<page>
<title>kanibambo</title>
<ns>0</ns>
<id>11770</id>
<revision>
<id>1211166</id>
<parentid>233744</parentid>
<timestamp>2011-07-10T13:42:46Z</timestamp>
<contributor>
<username>MalafayaBot</username>
<id>628</id>
</contributor>
<minor />
<comment>Robô: Substituição de texto automática (-^\=\s?Português\s?\= +={{-pt-}}= &amp; -^\=\s?\{\{pt\}\}\s?\= +={{-pt-}}=)</comment>
<model>wikitext</model>
<format>text/x-wiki</format>
<text bytes="181" xml:space="preserve">={{-pt-}}=
==Interjeição==
'''ka.ni.bam.bo'''
# {{escopo|Regionalismo, Moçambique}} [[obrigado]]!
[[Categoria:Interjeição (Português)]]
[[Categoria:Regionalismo (Português)]]</text>
<sha1>gzpnl0mytnkku2p6ml7u74i3ra9y6tu</sha1>
</revision>
</page>
