<page>
<page>
<title>kanindé</title>
<ns>0</ns>
<id>240069</id>
<revision>
<id>1555029</id>
<parentid>1295929</parentid>
<timestamp>2012-12-06T20:55:37Z</timestamp>
<contributor>
<username>VJBot</username>
<id>33673</id>
</contributor>
<minor />
<comment>Robô: Substituição de texto automática  (-{{vertb}} +Ver também)</comment>
<model>wikitext</model>
<format>text/x-wiki</format>
<text bytes="405" xml:space="preserve">={{-asu-}}=
==Substantivo==
'''kanindé'''
# [[arara]] [[azul]]
==Ver também==
{{tradini|}}
* [[tatawatši]]
* [[wyra'y]]
* [[mbai'a]]
* [[žakaré]]
* [[arapoa]]
* [[dža'wara]]
* [[tšawara]]
{{tradmeio}}
* [[tapi'ira]]
* [[tapi'irohoa]]
* [[kotši'o]]
* [[karoharohu]]
* [[tamunua]]
* [[tšawotši]]
* [[tokwan]]/[[tokona]]
{{tradfim}}
[[categoria:Substantivo (Asurini)]]
[[Categoria:Ave (Asurini)]]</text>
<sha1>p94v1vfelhihjmjlkmq3u3w5q8jci2c</sha1>
</revision>
