<page>
<title>Kaniela</title>
<ns>0</ns>
<id>380582</id>
<revision>
<id>2426459</id>
<timestamp>2017-07-09T22:19:47Z</timestamp>
<contributor>
<username>Leonardo José Raimundo</username>
<id>43489</id>
</contributor>
<comment>Eu estou criando o nome &quot;Kaniela&quot;.</comment>
<model>wikitext</model>
<format>text/x-wiki</format>
<text bytes="185" xml:space="preserve">={{-haw-}}=
==Substantivo==
{{paroxítona|Ka|ni|e|la|lang=haw}}
# {{escopo|haw|Cristianismo|religião}} [[Daniel]]
==Ver também==
{{bíblia/haw}}
[[Categoria:Substantivo (Havaiano)]]</text>
<sha1>hqda4wigy4aq6dnitfonfy8v698hakw</sha1>
</revision>
</page>
