<page>
<title>kaniidna</title>
<ns>0</ns>
<id>233139</id>
<revision>
<id>2365945</id>
<parentid>1724807</parentid>
<timestamp>2017-05-03T17:00:22Z</timestamp>
<contributor>
<username>HydrizBot</username>
<id>29590</id>
</contributor>
<minor />
<comment>Robô: A limpar links interwikis antigos</comment>
<model>wikitext</model>
<format>text/x-wiki</format>
<text bytes="158" xml:space="preserve">={{-se-}}=
==Substantivo==
'''kaniidna'''
# [[coelho]] (mamífero)
{{página-automática|Maio|2010|coelho|se}}
[[Categoria:Substantivo (Sami Setentrional)]]</text>
<sha1>hecgxpqcbynm94hd3wpbnndbwkn0c3n</sha1>
</revision>
</page>
