<page>
<title>kaniet</title>
<ns>0</ns>
<id>78973</id>
<revision>
<id>2392520</id>
<parentid>1536656</parentid>
<timestamp>2017-05-10T09:59:47Z</timestamp>
<contributor>
<username>ValJor</username>
<id>1358</id>
</contributor>
<comment>Um verbete a menos usando a [[Predefinição:flex.pt.masculino|predefinição flex.pt.masculino]]</comment>
<model>wikitext</model>
<format>text/x-wiki</format>
<text bytes="1157" xml:space="preserve">={{-pt-}}=
==Substantivo==
{{flex.pt|ms=kaniet|ms-div=ka.ni.et}}
{{paroxítona|ka|ni|et}}, {{gramática|m}}, {{s/p}}
# {{escopo|pt|linguística}} [[língua]] [[malaio-polinésio|malaio-polinésia]] extinta em 1960, que, juntamente com o seimatt e o wuvulu-aua, constitui o grupo ocidental dos idiomas das Ilhas do Almirantado, em Papua-Nova Guiné ([[w:ISO 639|código de língua ISO 639-3]]: '''[[ktk]]''')
==Ver também==
===No Wikcionário===
====Línguas malaio-polinésias====
{{verTambém.Ini}}
* [[cebuano]]
* [[chamorro]]
* [[gilbertês]]
* [[havaiano]]
* [[ilocano]]
{{verTambém.NovaColuna}}
* [[ilongo]]
* [[javanês]]
* [[kapampangan]]
* [[malaio]]
* [[malgaxe]]
{{verTambém.NovaColuna}}
* [[maori]]
* [[nauruano]]
* [[palauense]]
* [[samoano]]
* [[sundanês]]
{{verTambém.NovaColuna}}
* [[tagalo]]
* [[taitiano]]
* [[tonganês]]
* [[tuvaluano]]
* [[waray-waray]]
{{verTambém.Fim}}
===Ligações externas===
{{verTambém.Ini}}
* [http://www.ethnologue.com/show_language.asp?code=ktk informações sobre o idioma kaniet no Ethnologue (em inglês)]
{{verTambém.Fim}}
[[Categoria:Substantivo (Português)]]
[[categoria:Língua (Português)]]</text>
<sha1>kefy6twqqlgee0nel8i2l2jfefsjt2o</sha1>
</revision>
</page>
