<page>
<page>
<title>kaniini</title>
<ns>0</ns>
<id>232984</id>
<revision>
<id>2365946</id>
<parentid>1860849</parentid>
<timestamp>2017-05-03T17:00:28Z</timestamp>
<contributor>
<username>HydrizBot</username>
<id>29590</id>
</contributor>
<minor />
<comment>Robô: A limpar links interwikis antigos</comment>
<model>wikitext</model>
<format>text/x-wiki</format>
<text bytes="150" xml:space="preserve">={{-fi-}}=
==Substantivo==
'''kaniini'''
# [[coelho]] (mamífero)
{{página-automática|Maio|2010|coelho|fi}}
[[Categoria:Substantivo (Finlandês)]]</text>
<sha1>eq11ecjia2zydaqpz9iy8iu8w9i4x52</sha1>
</revision>
