<page>
<page>
<title>kanjio</title>
<ns>0</ns>
<id>254328</id>
<revision>
<id>2093640</id>
<parentid>1615591</parentid>
<timestamp>2016-04-28T18:01:45Z</timestamp>
<contributor>
<username>Defender</username>
<id>15952</id>
</contributor>
<comment>Verbete [[:Categoria:!Página com idioma não informado em Predefinição:etimologia|sem indicação do idioma na seção de etimologia]]</comment>
<model>wikitext</model>
<format>text/x-wiki</format>
<text bytes="567" xml:space="preserve">[[Imagem:Japanese word &quot;Kanji&quot; (Mincho typeface).png|thumb|210px|right|&lt;center&gt;kanjio&lt;/center&gt;]]
={{-io-}}=
==Substantivo==
'''kan.{{grifar|ĵi}}.o'''
# {{escopo|Linguística}} [[kanji]]
===Declinação===
{{decl.io.subst|kanji}}
=={{etimologia|io}}==
{{llietimo|eo|kanĵio|io}}
{{etimo.io|kanĵi|-o}}
=={{pronúncia}}==
* [[AFI]]: {{AFI|/ˈkan.ʒi.ɔ/}}.
[[Categoria:Substantivo (Ido)]]
[[Categoria:Trissílabo (Ido)]]
[[Categoria:Linguística (Ido)]]
[[Categoria:Entrada com pronúncia (Ido)]]
[[Categoria:Entrada com imagem (Ido)]]
[[Categoria:Cognato (Ido)]]</text>
<sha1>liiuphad8hhs0jch374yjn4qp7ulosj</sha1>
</revision>
