<page>
<title>kanjiru</title>
<ns>0</ns>
<id>180020</id>
<revision>
<id>2219345</id>
<parentid>2091211</parentid>
<timestamp>2017-01-05T16:32:57Z</timestamp>
<contributor>
<username>Tribuno da Plebe</username>
<id>16095</id>
</contributor>
<model>wikitext</model>
<format>text/x-wiki</format>
<text bytes="114" xml:space="preserve">={{-ja-}}=
==Transliteração==
# transliteração de [[かんじる]]
[[Categoria:Transliteração (Japonês)]]</text>
<sha1>4f0uif772fk0s72dbpuqznhfnn8z8s3</sha1>
</revision>
</page>
