<page>
<page>
<title>Kankro</title>
<ns>0</ns>
<id>252050</id>
<revision>
<id>2272102</id>
<parentid>2109677</parentid>
<timestamp>2017-04-26T20:01:28Z</timestamp>
<contributor>
<username>HydrizBot</username>
<id>29590</id>
</contributor>
<minor />
<comment>Robô: A limpar links interwikis antigos</comment>
<model>wikitext</model>
<format>text/x-wiki</format>
<text bytes="1202" xml:space="preserve">{{ver também|kankro}}
[[Imagem:Cancer.svg|thumb|240px|right|&lt;center&gt;Kankro&lt;/center&gt;]]
={{-eo-}}=
==Substantivo==
'''{{grifar|Kan}}.kro'''
# {{escopo|Astrologia}} [[Câncer]]
# {{escopo|Constelação}} [[Câncer]]
# {{escopo|Trópico}} [[Câncer]]
===Declinação===
{{decl.eo.subst}}
=={{etimologia|eo}}==
{{llietimo|la|Cancer|eo}}
{{etimo.eo|Kankr|-o}}
=={{pronúncia}}==
* [[AFI]]: {{AFI|/ˈkan.krɔ/}}.
===No Wikcionário===
{{zodíaco/eo}}
[[Categoria:Substantivo (Esperanto)]]
[[Categoria:Dissílabo (Esperanto)]]
[[Categoria:Entrada com pronúncia (Esperanto)]]
[[Categoria:Entrada com imagem (Esperanto)]]
[[Categoria:Astronomia (Esperanto)]]
={{-io-}}=
==Substantivo==
'''{{grifar|Kan}}.kro'''
# {{escopo|Astrologia}} [[Câncer]]
# {{escopo|Constelação}} [[Câncer]]
# {{escopo|Trópico}} [[Câncer]]
===Declinação===
{{decl.io.subst|Kankr}}
=={{etimologia|io}}==
{{llietimo|eo|Kankro|io}}
{{etimo.io|Kankr|-o}}
=={{pronúncia}}==
* [[AFI]]: {{AFI|/ˈkan.krɔ/}}.
===No Wikcionário===
{{zodíaco/io}}
[[Categoria:Substantivo (Ido)]]
[[Categoria:Dissílabo (Ido)]]
[[Categoria:Entrada com pronúncia (Ido)]]
[[Categoria:Entrada com imagem (Ido)]]
[[Categoria:Astronomia (Ido)]]</text>
<sha1>opnlaq79z340zayjknftcqt56ucfzca</sha1>
</revision>
