<page>
<title>kanki</title>
<ns>0</ns>
<id>244467</id>
<revision>
<id>2365950</id>
<parentid>2219346</parentid>
<timestamp>2017-05-03T17:00:54Z</timestamp>
<contributor>
<username>HydrizBot</username>
<id>29590</id>
</contributor>
<minor />
<comment>Robô: A limpar links interwikis antigos</comment>
<model>wikitext</model>
<format>text/x-wiki</format>
<text bytes="111" xml:space="preserve">={{-ja-}}=
==Transliteração==
# transliteração de [[かんき]]
[[Categoria:Transliteração (Japonês)]]</text>
<sha1>oarnu8noq7vidjndcrij8hbhz22fvgr</sha1>
</revision>
</page>
