<page>
<title>kanka</title>
<ns>0</ns>
<id>14865</id>
<revision>
<id>2365949</id>
<parentid>1959427</parentid>
<timestamp>2017-05-03T17:00:50Z</timestamp>
<contributor>
<username>HydrizBot</username>
<id>29590</id>
</contributor>
<minor />
<comment>Robô: A limpar links interwikis antigos</comment>
<model>wikitext</model>
<format>text/x-wiki</format>
<text bytes="138" xml:space="preserve">={{-kea-}}=
==Verbo==
'''kanka'''
# [[cantar]] (o [[galo]])
# [[fazer]] [[cocorocó]]
# [[cocoricar]]
[[Categoria:Verbo (Cabo-verdiano)]]</text>
<sha1>7am64i0gpu7yynl4w1fcpy217zpozpq</sha1>
</revision>
</page>
