<page>
<page>
<title>kankita</title>
<ns>0</ns>
<id>43952</id>
<revision>
<id>1201073</id>
<parentid>168326</parentid>
<timestamp>2011-07-09T13:41:26Z</timestamp>
<contributor>
<username>MalafayaBot</username>
<id>628</id>
</contributor>
<minor />
<comment>Robô: Substituição de texto automática (-^\=\s?Português\s?\= +={{-pt-}}= &amp; -^\=\s?\{\{pt\}\}\s?\= +={{-pt-}}=)</comment>
<model>wikitext</model>
<format>text/x-wiki</format>
<text bytes="499" xml:space="preserve">={{-pt-}}=
==Substantivo==
'''kan.ki.ta''' ''feminino''
:# (Geol.) [[mineral]] [[monoclínico]] de coloração amarelo-esverdeada constituído de um  [[arsenato]] hidratado de [[ferro]], de fórmula ''FeAsO&lt;sub&gt;4&lt;/sub&gt;.5 H&lt;sub&gt;2&lt;/sub&gt;0'', dureza de 2 a  3 mohs, descoberto na localidade de Kaňk, região da Boêmia, na República Tcheca, de onde deriva seu nome.
==Tradução==
*Alemão: [[Kankit]]
*Inglês: [[kankite]]
[[Categoria:Substantivo (Português)]]
[[Categoria:Geologia (Português)]]</text>
<sha1>b22xrnkpwxza6q516kln3fjtff0lm2k</sha1>
</revision>
