<page>
<title>Kannada</title>
<ns>0</ns>
<id>115928</id>
<revision>
<id>2272103</id>
<parentid>2185605</parentid>
<timestamp>2017-04-26T20:01:32Z</timestamp>
<contributor>
<username>HydrizBot</username>
<id>29590</id>
</contributor>
<minor />
<comment>Robô: A limpar links interwikis antigos</comment>
<model>wikitext</model>
<format>text/x-wiki</format>
<text bytes="135" xml:space="preserve">={{-en-}}=
==Substantivo==
'''Kannada'''
# [[canarês]] (língua)
[[Categoria:Substantivo (Inglês)]]
[[Categoria:Língua (Inglês)]]</text>
<sha1>dy4rr1wa5fahdy29xfe8tmsjsk6aqua</sha1>
</revision>
</page>
