<page>
<page>
<title>kannst</title>
<ns>0</ns>
<id>357469</id>
<revision>
<id>2458021</id>
<parentid>2365953</parentid>
<timestamp>2017-10-30T07:10:17Z</timestamp>
<contributor>
<username>Spanier</username>
<id>43713</id>
</contributor>
<comment>estilo</comment>
<model>wikitext</model>
<format>text/x-wiki</format>
<text bytes="197" xml:space="preserve">={{-de-}}=
==Forma verbal==
'''kannst'''
# segunda pessoa do singular no presente do verbo ''[[können]]''
=={{pronúncia|de}}==
* [[AFI]]: {{AFI|/kanst/|de}}
[[Categoria:Forma verbal (Alemão)]]</text>
<sha1>t4v5nw5qrnd2jwgxpvt350ky44emphb</sha1>
</revision>
