<page>
<page>
<title>Kanneda</title>
<ns>0</ns>
<id>148543</id>
<revision>
<id>2272104</id>
<parentid>1642203</parentid>
<timestamp>2017-04-26T20:01:34Z</timestamp>
<contributor>
<username>HydrizBot</username>
<id>29590</id>
</contributor>
<minor />
<comment>Robô: A limpar links interwikis antigos</comment>
<model>wikitext</model>
<format>text/x-wiki</format>
<text bytes="189" xml:space="preserve">={{-li-}}=
==Substantivo==
'''Kanneda''', {{pr}}
#{{escopo|Geografia}} [[Canadá]]
==Ver também==
{{América/li}}
[[Categoria:Substantivo (Limburguês)]]
[[Categoria:País (Limburguês)]]</text>
<sha1>3yj3wwrgxlti0qxavdhzqcpffuulct5</sha1>
</revision>
