<page>
<title>Kanputxea</title>
<ns>0</ns>
<id>126560</id>
<revision>
<id>2272105</id>
<parentid>1540334</parentid>
<timestamp>2017-04-26T20:01:36Z</timestamp>
<contributor>
<username>HydrizBot</username>
<id>29590</id>
</contributor>
<minor />
<comment>Robô: A limpar links interwikis antigos</comment>
<model>wikitext</model>
<format>text/x-wiki</format>
<text bytes="232" xml:space="preserve">={{-eu-}}=
{{Wikipédia|lang=eu}}
==Substantivo==
'''Kanputxea''', {{pr}}
#{{escopo|Geografia}} [[Camboja]]
===Sinónimo===
* [[Kanbodia]]
==Ver também==
{{Ásia/eu}}
[[Categoria:Substantivo (Basco)]]
[[Categoria:País (Basco)]]</text>
<sha1>7cka90mdq6pvkn131hyyildm7b4xzju</sha1>
</revision>
</page>
