<page>
<title>kanssa</title>
<ns>0</ns>
<id>297652</id>
<revision>
<id>2365958</id>
<parentid>2250400</parentid>
<timestamp>2017-05-03T17:01:19Z</timestamp>
<contributor>
<username>HydrizBot</username>
<id>29590</id>
</contributor>
<minor />
<comment>Robô: A limpar links interwikis antigos</comment>
<model>wikitext</model>
<format>text/x-wiki</format>
<text bytes="825" xml:space="preserve">={{-fi-}}=
==Posposição==
'''kans.sa'''
# (preposição) [[com]], no sentido de [[companhia]]
#: ''[[olla|Olin]] [[koulu]]ssa Lissan '''kanssa'''.'' : Estive na escola '''com''' a Lissa.
#: ''[[syödä|Söin]] [[päivällinen|päivällistä]] [[ystävä|ystävien]] '''kanssa'''.'' : Jantei '''com''' amigos.
#: ''[[hän|Hän]] [[tulla|tuli]] [[koti]]in [[minun]] '''kanssani'''.'' : Ele/ela voltou para casa '''comigo'''.
#: ''[[lähteä|Lähdetkö]] [[meidän]] '''kanssamme''' [[ranta|rannalle]]?'' : Vens '''connosco''' à praia?
:'''Nota:''' A palavra antes de uma posposição está normalmente no genitivo.
===Sinónimos===
* [[mukaan]]
* [[seurassa]] : na companhia de
==Ver também==
===No Wikcionário===
{{verTambém.Ini}}
*[[mukaan]]
*[[ilman]]
{{verTambém.Fim}}
[[Categoria:Posposição (Finlandês)]]</text>
<sha1>ij3p9brp8skbloje5bzwzerf2c73cf7</sha1>
</revision>
</page>
