<page>
<page>
<title>Kansas</title>
<ns>0</ns>
<id>13594</id>
<revision>
<id>2482160</id>
<parentid>2272107</parentid>
<timestamp>2018-02-01T18:11:39Z</timestamp>
<contributor>
<username>Tribuno da Plebe</username>
<id>16095</id>
</contributor>
<minor />
<comment>removeu [[Categoria:Topónimo (Português)]]; adicionou [[Categoria:Estado dos Estados Unidos (Português)]] usando [[Wikcionário:HotCat|HotCat]]</comment>
<model>wikitext</model>
<format>text/x-wiki</format>
<text bytes="868" xml:space="preserve">{{Wikipédia}}
[[Imagem:Flag_of_Kansas.svg|thumb|250px|Bandeira da Kansas (E.U.A.)]]
={{-pt-}}=
==Substantivo==
{{paroxítona|Kan|sas}}
# Estado dos [[Estados Unidos da América]], que confina com os estados do [[Nebrasca]], [[Missouri]], [[Oklahoma]], [[Colorado]] e [[Mississípi]]; sua capital é [[Topeka]]
===Nota===
Também existe a grafia '''Cansas'''.
===Tradução===
{{tradini}}
* {{trad|de|Kansas}}
* {{trad|es|Kansas}}
* {{trad|fr|Kansas}}
{{tradmeio}}
* {{trad|gl|Kansas}}
* {{trad|en|Kansas}}
* {{trad|sv|Kansas}}
{{tradfim}}
[[Categoria:Substantivo (Português)]]
[[Categoria:Estado dos Estados Unidos (Português)]]
[[Categoria:Entrada com imagem (Português)]]
={{-en-}}=
==Substantivo==
'''Kansas'''
# [[Kansas#Português|Kansas]]
[[Categoria:Substantivo (Inglês)]]
[[Categoria:Topónimo (Inglês)]]
[[Categoria:Entrada com imagem (Inglês)]]</text>
<sha1>rkrnleh74li8kb6unoxfuehcrofxo6g</sha1>
</revision>
