<page>
<page>
<title>kanslari</title>
<ns>0</ns>
<id>119622</id>
<revision>
<id>2365957</id>
<parentid>1224395</parentid>
<timestamp>2017-05-03T17:01:15Z</timestamp>
<contributor>
<username>HydrizBot</username>
<id>29590</id>
</contributor>
<minor />
<comment>Robô: A limpar links interwikis antigos</comment>
<model>wikitext</model>
<format>text/x-wiki</format>
<text bytes="302" xml:space="preserve">={{-is-}}=
== Substantivo ==
'''kanslari''', ''masculino, fraco, grupo 1 (mutação vocálica labial)''
# [[chanceler]].
=== Declinação ===
{{decl.is.subst.fraca.masc.1.a-a~ö-u|k|nsl|r}}
[[Categoria:Substantivo (Islandês)]]
[[Categoria:Profissão (Islandês)]]
[[Categoria:Política (Islandês)]]</text>
<sha1>pyrm0uefzer1o4p26d0yfgvr1qr7477</sha1>
</revision>
