<page>
<title>Kansai</title>
<ns>0</ns>
<id>127208</id>
<revision>
<id>2622264</id>
<parentid>2272106</parentid>
<timestamp>2021-02-02T02:38:41Z</timestamp>
<contributor>
<username>Tribuno da Plebe</username>
<id>16095</id>
</contributor>
<model>wikitext</model>
<format>text/x-wiki</format>
<text bytes="390" xml:space="preserve">[[Ficheiro:Japan Kinki Region large trans.png|200px|thumb|Kansai, a região mais escura do mapa.]]
={{-pt-}}=
==Substantivo==
'''Kansai''', {{g|pr}}
# uma das regiões da ilha de [[Honshu]], [[Japão]]
=={{etimologia|pt}}==
{{llietimo|ja|関西|pt}}
==Ver também==
* [[Kobe]]
* [[Kyoto]]
* [[Osaka]]
[[Categoria:Substantivo (Português)]]
[[Categoria:Topônimo do Japão (Português)]]</text>
<sha1>khyxu4kf603rybf3nyknecrb45qyiz5</sha1>
</revision>
</page>
