<page>
<page>
<title>kantis</title>
<ns>0</ns>
<id>247792</id>
<revision>
<id>2365968</id>
<parentid>2077480</parentid>
<timestamp>2017-05-03T17:01:55Z</timestamp>
<contributor>
<username>HydrizBot</username>
<id>29590</id>
</contributor>
<minor />
<comment>Robô: A limpar links interwikis antigos</comment>
<model>wikitext</model>
<format>text/x-wiki</format>
<text bytes="296" xml:space="preserve">={{-eo-}}=
==Forma verbal==
'''{{grifar|kan}}.tis'''
# [[passado]] do [[verbo]] '''''[[kanti]]'''''
===Conjugação===
{{conj.eo|kant}}
=={{etimologia|eo}}==
{{etimo.eo|kant|-is}}
[[Categoria:Forma verbal (Esperanto)]]
[[Categoria:Dissílabo (Esperanto)]]
[[Categoria:Paroxítona (Esperanto)]]</text>
<sha1>m3l583mf5001je9x33id30fpjrulktt</sha1>
</revision>
