<page>
<page>
<title>kantístico</title>
<ns>0</ns>
<id>43964</id>
<revision>
<id>2549998</id>
<parentid>1601271</parentid>
<timestamp>2019-07-22T19:36:19Z</timestamp>
<contributor>
<username>ValJor</username>
<id>1358</id>
</contributor>
<comment>Verbete [[:Categoria:!Página com idioma não informado em Predefinição:etimologia|sem indicação do idioma na seção de etimologia]]</comment>
<model>wikitext</model>
<format>text/x-wiki</format>
<text bytes="515" xml:space="preserve">={{-pt-}}=
==Adjetivo==
{{flex.pt|ms=kantístico|mp=kantísticos|fs=kantística|fp=kantísticas}}
{{proparoxítona|kan|tís|ti|co}}
# de ou relativo aos [[kantista]]s
=={{etimologia|pt}}==
: {{escopo|Morfologia}} [[kantista]] + [[-ico]].
==Ver também==
===No Wikcionário===
{{verTambém.Ini}}
* [[kantianismo]]
* [[kantianista]]
* [[kantiano]]
{{verTambém.NovaColuna}}
* [[kantianístico]]
* [[kantismo]]
{{verTambém.Fim}}
==Ligações externas==
* {{VOLPABL}}
[[Categoria:Adjetivo (Português)|kantistico]]</text>
<sha1>4juf3qwymid6o83k7o7km420z6f45w9</sha1>
</revision>
