<page>
<page>
<title>kantista</title>
<ns>0</ns>
<id>43962</id>
<revision>
<id>1473170</id>
<parentid>1185945</parentid>
<timestamp>2012-10-03T00:07:21Z</timestamp>
<contributor>
<username>ValJor</username>
<id>1358</id>
</contributor>
<comment>Separando adjetivo de substantivo</comment>
<model>wikitext</model>
<format>text/x-wiki</format>
<text bytes="281" xml:space="preserve">={{-pt-}}=
==Adjetivo==
{{flex.pt|s=kantista|p=kantistas}}
{{paroxítona|kan|tis|ta}}
# diz-se de pessoa sectária do [[kantismo]]
==Substantivo==
{{paroxítona|kan|tis|ta}}
# pessoa sectária do kantismo
[[Categoria:Adjetivo (Português)]]
[[Categoria:Substantivo (Português)]]</text>
<sha1>tdne6hgq8pksumlr218rncilx9i8vxv</sha1>
</revision>
