<page>
<page>
<title>kantoren</title>
<ns>0</ns>
<id>301706</id>
<revision>
<id>2365975</id>
<parentid>1961386</parentid>
<timestamp>2017-05-03T17:02:18Z</timestamp>
<contributor>
<username>HydrizBot</username>
<id>29590</id>
</contributor>
<minor />
<comment>Robô: A limpar links interwikis antigos</comment>
<model>wikitext</model>
<format>text/x-wiki</format>
<text bytes="138" xml:space="preserve">={{-nl-}}=
==Forma de substantivo==
'''kantoren'''
#plural de '''[[kantoor#nl|kantoor]]'''
[[Categoria:Forma de substantivo (Holandês)]]</text>
<sha1>mjz5kaznklmh1qcv3c96ekxxnh5zx4a</sha1>
</revision>
