<page>
<title>kantas</title>
<ns>0</ns>
<id>247793</id>
<revision>
<id>2365963</id>
<parentid>2192292</parentid>
<timestamp>2017-05-03T17:01:38Z</timestamp>
<contributor>
<username>HydrizBot</username>
<id>29590</id>
</contributor>
<minor />
<comment>Robô: A limpar links interwikis antigos</comment>
<model>wikitext</model>
<format>text/x-wiki</format>
<text bytes="297" xml:space="preserve">={{-eo-}}=
==Forma verbal==
'''{{grifar|kan}}.tas'''
# [[presente]] do [[verbo]] '''''[[kanti]]'''''
===Conjugação===
{{conj.eo|kant}}
=={{etimologia|eo}}==
{{etimo.eo|kant|-as}}
[[Categoria:Forma verbal (Esperanto)]]
[[Categoria:Dissílabo (Esperanto)]]
[[Categoria:Paroxítona (Esperanto)]]</text>
<sha1>i9t2t7p09azjk35mlr7r73aplmqz9z2</sha1>
</revision>
</page>
