<page>
<page>
<title>kantata</title>
<ns>0</ns>
<id>247803</id>
<revision>
<id>2365964</id>
<parentid>2077464</parentid>
<timestamp>2017-05-03T17:01:42Z</timestamp>
<contributor>
<username>HydrizBot</username>
<id>29590</id>
</contributor>
<minor />
<comment>Robô: A limpar links interwikis antigos</comment>
<model>wikitext</model>
<format>text/x-wiki</format>
<text bytes="339" xml:space="preserve">={{-eo-}}=
==Forma verbal==
'''kan.{{grifar|ta}}.ta'''
# [[particípio]] [[passivo]] [[do]] [[presente]] do [[verbo]] '''''[[kanti]]'''''
===Conjugação===
{{conj.eo|kant}}
=={{etimologia|eo}}==
{{etimo.eo|kant|-at-|-a}}
[[Categoria:Forma verbal (Esperanto)]]
[[Categoria:Trissílabo (Esperanto)]]
[[Categoria:Paroxítona (Esperanto)]]</text>
<sha1>4933n2dihj5s1kpc71mno8ezulqcyzd</sha1>
</revision>
