<page>
<title>kantita</title>
<ns>0</ns>
<id>247802</id>
<revision>
<id>2365970</id>
<parentid>2077482</parentid>
<timestamp>2017-05-03T17:02:01Z</timestamp>
<contributor>
<username>HydrizBot</username>
<id>29590</id>
</contributor>
<minor />
<comment>Robô: A limpar links interwikis antigos</comment>
<model>wikitext</model>
<format>text/x-wiki</format>
<text bytes="338" xml:space="preserve">={{-eo-}}=
==Forma verbal==
'''kan.{{grifar|ti}}.ta'''
# [[particípio]] [[passivo]] [[do]] [[passado]] do [[verbo]] '''''[[kanti]]'''''
===Conjugação===
{{conj.eo|kant}}
=={{etimologia|eo}}==
{{etimo.eo|kant|-it-|-a}}
[[Categoria:Forma verbal (Esperanto)]]
[[Categoria:Trissílabo (Esperanto)]]
[[Categoria:Paroxítona (Esperanto)]]</text>
<sha1>6p415du1xe0v02h90drt9s2nif8x2p4</sha1>
</revision>
</page>
