<page>
<title>kantá</title>
<ns>0</ns>
<id>16916</id>
<revision>
<id>1533794</id>
<parentid>1011400</parentid>
<timestamp>2012-11-30T07:05:16Z</timestamp>
<contributor>
<username>VJBot</username>
<id>33673</id>
</contributor>
<minor />
<comment>Robô: Substituição de texto automática  (-{{vertb}} +Ver também)</comment>
<model>wikitext</model>
<format>text/x-wiki</format>
<text bytes="248" xml:space="preserve">={{-cri-}}=
'''kantá'''  ''verbo''
#[[cantar]]
==Ver também==
* [[:pt: kanta|Cabo-verdiano [kanta]]] - [[:pt: kanka|Cabo-verdiano [kanka]]] - [[:pt: hananu|Tétum [hananu]]] - [[:pt: kanta|Tétum [kanta]]]     
[[Categoria:Verbo (São-tomense)]]</text>
<sha1>4b1y4xizneaizwl7dk0sukpsbhwg783</sha1>
</revision>
</page>
