<page>
<title>Kanto</title>
<ns>0</ns>
<id>399785</id>
<revision>
<id>2517603</id>
<timestamp>2018-09-05T22:54:55Z</timestamp>
<contributor>
<username>Leonardo José Raimundo</username>
<id>43489</id>
</contributor>
<comment>Eu estou criando o nome &quot;Kanto&quot;.</comment>
<model>wikitext</model>
<format>text/x-wiki</format>
<text bytes="225" xml:space="preserve">={{-io-}}=
==Substantivo==
{{paroxítona|Kan|to|lang=io}}
# {{escopo|io|Cristianismo|religião}} [[Cantares]]
# [[Cântico dos Cânticos]]
==Ver também==
===No Wikcionário===
{{bíblia/io}}
[[Categoria:Substantivo (Ido)]]</text>
<sha1>my5tagzpymt7ol9n0tm22z3qr66mig6</sha1>
</revision>
</page>
