<page>
<title>kantoor</title>
<ns>0</ns>
<id>301705</id>
<revision>
<id>2365974</id>
<parentid>1953800</parentid>
<timestamp>2017-05-03T17:02:15Z</timestamp>
<contributor>
<username>HydrizBot</username>
<id>29590</id>
</contributor>
<minor />
<comment>Robô: A limpar links interwikis antigos</comment>
<model>wikitext</model>
<format>text/x-wiki</format>
<text bytes="182" xml:space="preserve">={{-nl-}}=
==Substantivo==
'''kantoor''', {{n}} {{p|kantoren}}
#[[escritório]]
=={{pronúncia|nl}}==
*{{audio|Nl-kantoor.ogg|lang=nl|Áudio}}
[[Categoria:Substantivo (Holandês)]]</text>
<sha1>bk0z0adgjo8vsgpokyhdzy39h8u3dj3</sha1>
</revision>
</page>
