<page>
<title>kantota</title>
<ns>0</ns>
<id>247804</id>
<revision>
<id>2365977</id>
<parentid>2077485</parentid>
<timestamp>2017-05-03T17:02:25Z</timestamp>
<contributor>
<username>HydrizBot</username>
<id>29590</id>
</contributor>
<minor />
<comment>Robô: A limpar links interwikis antigos</comment>
<model>wikitext</model>
<format>text/x-wiki</format>
<text bytes="337" xml:space="preserve">={{-eo-}}=
==Forma verbal==
'''kan.{{grifar|to}}.ta'''
# [[particípio]] [[passivo]] [[do]] [[futuro]] do [[verbo]] '''''[[kanti]]'''''
===Conjugação===
{{conj.eo|kant}}
=={{etimologia|eo}}==
{{etimo.eo|kant|-ot-|-a}}
[[Categoria:Forma verbal (Esperanto)]]
[[Categoria:Trissílabo (Esperanto)]]
[[Categoria:Paroxítona (Esperanto)]]</text>
<sha1>bnm3qv5e366di5vmx8t9z9pz6wwetl2</sha1>
</revision>
</page>
