<page>
<title>kantu</title>
<ns>0</ns>
<id>247795</id>
<revision>
<id>2365978</id>
<parentid>2077486</parentid>
<timestamp>2017-05-03T17:02:30Z</timestamp>
<contributor>
<username>HydrizBot</username>
<id>29590</id>
</contributor>
<minor />
<comment>Robô: A limpar links interwikis antigos</comment>
<model>wikitext</model>
<format>text/x-wiki</format>
<text bytes="297" xml:space="preserve">={{-eo-}}=
==Forma verbal==
'''{{grifar|kan}}.tu'''
# [[imperativo]] do [[verbo]] '''''[[kanti]]'''''
===Conjugação===
{{conj.eo|kant}}
=={{etimologia|eo}}==
{{etimo.eo|kant|-u}}
[[Categoria:Forma verbal (Esperanto)]]
[[Categoria:Dissílabo (Esperanto)]]
[[Categoria:Paroxítona (Esperanto)]]</text>
<sha1>0lrddnku5ni0vii1msp3j0fuysh6qtk</sha1>
</revision>
</page>
