<page>
<title>kantanta</title>
<ns>0</ns>
<id>247798</id>
<revision>
<id>2365961</id>
<parentid>2077465</parentid>
<timestamp>2017-05-03T17:01:32Z</timestamp>
<contributor>
<username>HydrizBot</username>
<id>29590</id>
</contributor>
<minor />
<comment>Robô: A limpar links interwikis antigos</comment>
<model>wikitext</model>
<format>text/x-wiki</format>
<text bytes="339" xml:space="preserve">={{-eo-}}=
==Forma verbal==
'''kan.{{grifar|tan}}.ta'''
# [[particípio]] [[ativo]] [[do]] [[presente]] do [[verbo]] '''''[[kanti]]'''''
===Conjugação===
{{conj.eo|kant}}
=={{etimologia|eo}}==
{{etimo.eo|kant|-ant-|-a}}
[[Categoria:Forma verbal (Esperanto)]]
[[Categoria:Trissílabo (Esperanto)]]
[[Categoria:Paroxítona (Esperanto)]]</text>
<sha1>p8tges25fir4vlodubzcs5st08narxi</sha1>
</revision>
</page>
