<page>
<page>
<title>kantol</title>
<ns>0</ns>
<id>314097</id>
<revision>
<id>2690183</id>
<parentid>2483110</parentid>
<timestamp>2022-10-24T20:09:31Z</timestamp>
<contributor>
<username>Apisite</username>
<id>75249</id>
</contributor>
<model>wikitext</model>
<format>text/x-wiki</format>
<text bytes="144" xml:space="preserve">{{Wikipédia|lang=br}}
={{-br-}}=
==Substantivo==
'''kantol''' ''f''
# [[vela]] (rolo cilíndrico de cera)
[[Categoria:Substantivo (Bretão)]]</text>
<sha1>s2runtmog3vq9cd6xa4hdnq6ctybpn7</sha1>
</revision>
