<page>
<title>kantonta</title>
<ns>0</ns>
<id>247799</id>
<revision>
<id>2365973</id>
<parentid>2077483</parentid>
<timestamp>2017-05-03T17:02:09Z</timestamp>
<contributor>
<username>HydrizBot</username>
<id>29590</id>
</contributor>
<minor />
<comment>Robô: A limpar links interwikis antigos</comment>
<model>wikitext</model>
<format>text/x-wiki</format>
<text bytes="337" xml:space="preserve">={{-eo-}}=
==Forma verbal==
'''kan.{{grifar|ton}}.ta'''
# [[particípio]] [[ativo]] [[do]] [[futuro]] do [[verbo]] '''''[[kanti]]'''''
===Conjugação===
{{conj.eo|kant}}
=={{etimologia|eo}}==
{{etimo.eo|kant|-ont-|-a}}
[[Categoria:Forma verbal (Esperanto)]]
[[Categoria:Trissílabo (Esperanto)]]
[[Categoria:Paroxítona (Esperanto)]]</text>
<sha1>7mjjsc6pcb2px4rpsqeiyzoslu0bk73</sha1>
</revision>
</page>
