<page>
<page>
<title>kantismo</title>
<ns>0</ns>
<id>43961</id>
<revision>
<id>2365969</id>
<parentid>2204621</parentid>
<timestamp>2017-05-03T17:01:58Z</timestamp>
<contributor>
<username>HydrizBot</username>
<id>29590</id>
</contributor>
<minor />
<comment>Robô: A limpar links interwikis antigos</comment>
<model>wikitext</model>
<format>text/x-wiki</format>
<text bytes="833" xml:space="preserve">={{-pt-}}=
==Substantivo==
{{flex.pt|ms=kantismo|mp=kantismos}}
{{paroxítona|kan|tis|mo}}, {{gênero|m}}
# [[doutrina]] [[filosófico|filosófica]] [[de]] Kant
===Tradução===
{{tradini}}
* {{trad|es|kantismo}}
{{tradmeio}}
* {{trad|it|kantismo}}
{{tradfim}}
=={{etimologia|pt}}==
: Do antropônimo ''Kant'' + [[-ismo]].
==Ver também==
===No Wikcionário===
{{verTambém.Ini}}
* [[kantista]]
{{verTambém.NovaColuna}}
* [[kantístico]]
{{verTambém.Fim}}
[[Categoria:Substantivo (Português)]]
[[Categoria:Filosofia (Português)]]
={{-es-}}=
==Substantivo==
'''kantismo'''
# [[kantismo#Português|kantismo]]
[[Categoria:Substantivo (Espanhol)]]
[[Categoria:Filosofia (Espanhol)]]
={{-it-}}=
==Substantivo==
'''kantismo'''
# [[kantismo#Português|kantismo]]
[[Categoria:Substantivo (Italiano)]]
[[Categoria:Filosofia (Italiano)]]</text>
<sha1>1y1eg310l5lb0qtcytch73ililf72as</sha1>
</revision>
