<page>
<title>kantinta</title>
<ns>0</ns>
<id>247797</id>
<revision>
<id>2365967</id>
<parentid>2077479</parentid>
<timestamp>2017-05-03T17:01:53Z</timestamp>
<contributor>
<username>HydrizBot</username>
<id>29590</id>
</contributor>
<minor />
<comment>Robô: A limpar links interwikis antigos</comment>
<model>wikitext</model>
<format>text/x-wiki</format>
<text bytes="338" xml:space="preserve">={{-eo-}}=
==Forma verbal==
'''kan.{{grifar|tin}}.ta'''
# [[particípio]] [[ativo]] [[do]] [[passado]] do [[verbo]] '''''[[kanti]]'''''
===Conjugação===
{{conj.eo|kant}}
=={{etimologia|eo}}==
{{etimo.eo|kant|-int-|-a}}
[[Categoria:Forma verbal (Esperanto)]]
[[Categoria:Trissílabo (Esperanto)]]
[[Categoria:Paroxítona (Esperanto)]]</text>
<sha1>hzdyukjpi9nnm0w6asg303yyg7o2mw2</sha1>
</revision>
</page>
