<page>
<page>
<title>kantianismo</title>
<ns>0</ns>
<id>43956</id>
<revision>
<id>2550004</id>
<parentid>1601265</parentid>
<timestamp>2019-07-22T20:05:35Z</timestamp>
<contributor>
<username>ValJor</username>
<id>1358</id>
</contributor>
<comment>Verbete [[:Categoria:!Página com idioma não informado em Predefinição:etimologia|sem indicação do idioma na seção de etimologia]]</comment>
<model>wikitext</model>
<format>text/x-wiki</format>
<text bytes="410" xml:space="preserve">={{-pt-}}=
==Substantivo==
{{paroxítona|kan|ti|a|nis|mo}}, {{gramática|m}}
# a [[doutrina]] ou [[teoria]] de Kant
===Tradução===
{{tradini}}
* {{trad|fr|kantianisme}}
{{tradmeio}}
* {{trad|en|kantianism}}
{{tradfim}}
=={{etimologia|pt}}==
: {{escopo|Morfologia}} [[kantiano]] + [[-ismo]].
==Ligações externas==
* {{VOLPABL}}
[[Categoria:Substantivo (Português)]]
[[Categoria:Filosofia (Português)]]</text>
<sha1>ocx3y0vgy7rlzx8qprl7qthj4pukwrc</sha1>
</revision>
