<page>
<title>kantiano</title>
<ns>0</ns>
<id>43960</id>
<revision>
<id>2365966</id>
<parentid>2180210</parentid>
<timestamp>2017-05-03T17:01:50Z</timestamp>
<contributor>
<username>HydrizBot</username>
<id>29590</id>
</contributor>
<minor />
<comment>Robô: A limpar links interwikis antigos</comment>
<model>wikitext</model>
<format>text/x-wiki</format>
<text bytes="315" xml:space="preserve">={{-pt-}}=
==Adjetivo==
{{flex.pt|ms=kantiano|mp=kantianos|fs=kantiana|fp=kantianas}}
{{paroxítona|kan|ti|a|no}}
# relativo à [[filosofia]] de Immanuel Kant (1724-1804) ou à sua [[obra]]
# [[adepto]] da filosofia ou [[discípulo]] de Kant
[[Categoria:Adjetivo (Português)]]
[[Categoria:Filosofia (Português)]]</text>
<sha1>9zc9u9nj3d4f3q5d6xlydvofqzs6pq5</sha1>
</revision>
</page>
