<page>
<title>kantianístico</title>
<ns>0</ns>
<id>43959</id>
<revision>
<id>2550001</id>
<parentid>1601269</parentid>
<timestamp>2019-07-22T19:57:42Z</timestamp>
<contributor>
<username>ValJor</username>
<id>1358</id>
</contributor>
<comment>Verbete [[:Categoria:!Página com idioma não informado em Predefinição:etimologia|sem indicação do idioma na seção de etimologia]]</comment>
<model>wikitext</model>
<format>text/x-wiki</format>
<text bytes="343" xml:space="preserve">={{-pt-}}=
==Adjetivo==
{{flex.pt|ms=kantianístico|mp=kantianísticos|fs=kantianística|fp=kantianísticas}}
{{proparoxítona|kan|ti|a|nís|ti|co}}
# relativo ao [[kantianismo]]
=={{etimologia|pt}}==
: {{escopo|Morfologia}} [[kantianista]] + [[-ico]].
==Ligações externas==
* {{VOLPABL}}
[[Categoria:Adjetivo (Português)|kantianistico]]</text>
<sha1>ga2hvdwuxv1duka4b2fkamckne2zoeu</sha1>
</revision>
</page>
