<page>
<page>
<title>Kantine</title>
<ns>0</ns>
<id>40571</id>
<revision>
<id>2272108</id>
<parentid>2095929</parentid>
<timestamp>2017-04-26T20:01:47Z</timestamp>
<contributor>
<username>HydrizBot</username>
<id>29590</id>
</contributor>
<minor />
<comment>Robô: A limpar links interwikis antigos</comment>
<model>wikitext</model>
<format>text/x-wiki</format>
<text bytes="161" xml:space="preserve">={{-de-}}=
==Substantivo==
{{decl.de.subst.fraca.fem|ns=Kantine|np=Kantinen}}
'''Kan.ti.ne''', ''feminino''
# [[cantina]].
[[Categoria:Substantivo_(Alemão)]]</text>
<sha1>i2zbdoyeervftofemovmi7cve00itb8</sha1>
</revision>
