<page>
<page>
<title>kantos</title>
<ns>0</ns>
<id>247794</id>
<revision>
<id>2365976</id>
<parentid>2077484</parentid>
<timestamp>2017-05-03T17:02:22Z</timestamp>
<contributor>
<username>HydrizBot</username>
<id>29590</id>
</contributor>
<minor />
<comment>Robô: A limpar links interwikis antigos</comment>
<model>wikitext</model>
<format>text/x-wiki</format>
<text bytes="295" xml:space="preserve">={{-eo-}}=
==Forma verbal==
'''{{grifar|kan}}.tos'''
# [[futuro]] do [[verbo]] '''''[[kanti]]'''''
===Conjugação===
{{conj.eo|kant}}
=={{etimologia|eo}}==
{{etimo.eo|kant|-os}}
[[Categoria:Forma verbal (Esperanto)]]
[[Categoria:Dissílabo (Esperanto)]]
[[Categoria:Paroxítona (Esperanto)]]</text>
<sha1>8jrgdemrg9g3vv8ps8jhjhnedv8084s</sha1>
</revision>
