<page>
<page>
<title>Kanu</title>
<ns>0</ns>
<id>388807</id>
<revision>
<id>2472206</id>
<parentid>2472204</parentid>
<timestamp>2017-12-21T05:29:07Z</timestamp>
<contributor>
<username>Spanier</username>
<id>43713</id>
</contributor>
<minor />
<model>wikitext</model>
<format>text/x-wiki</format>
<text bytes="389" xml:space="preserve">{{Wikipédia|lang=de}}
={{-de-}}=
==Substantivo==
{{paroxítona|Ka|nu|lang=de}}, {{oxítona|Ka|nu|lang=de}},  {{gramática|n}}
# {{escopo|de|transporte}} [[canoa]]
===Declinação===
{{decl.de.subst.mista.neu|ns=Kanu|np=Kanus|gs=Kanus}}
=={{etimologia|de}}==
{{llietimo|en|canoe|de}}
=={{pronúncia|de}}==
* [[AFI]]: {{AFI|/ˈkaːnu, kaˈnuː/|de}}
[[Categoria:Substantivo (Alemão)]]</text>
<sha1>1acc1o4xk9h1edinzyriao2tjgsad3m</sha1>
</revision>
