<page>
<title>kanuru</title>
<ns>0</ns>
<id>15739</id>
<revision>
<id>2365980</id>
<parentid>1533505</parentid>
<timestamp>2017-05-03T17:02:37Z</timestamp>
<contributor>
<username>HydrizBot</username>
<id>29590</id>
</contributor>
<minor />
<comment>Robô: A limpar links interwikis antigos</comment>
<model>wikitext</model>
<format>text/x-wiki</format>
<text bytes="248" xml:space="preserve">={{-tet-}}=
'''ka.nu.ru'''
# [[colher]] ([[talher]]).
==Ver também==
{{tradini}}
* [[:pt:kudjér|Cabo-verdiano [kudjér]]]    
{{tradfim}}
[[Categoria:Substantivo (Tétum)]]
[[Categoria:Trissílabo (Tétum)]]
[[Categoria:Alimentação (Tétum)]]</text>
<sha1>96j5m7hm60jl172agch6vx4jaagkn7t</sha1>
</revision>
</page>
