<page>
<title>I</title>
<ns>0</ns>
<id>4579</id>
<revision>
<id>2679998</id>
<parentid>2670264</parentid>
<timestamp>2022-06-13T02:08:37Z</timestamp>
<contributor>
<username>Wilhelm Seifer</username>
<id>85860</id>
</contributor>
<model>wikitext</model>
<format>text/x-wiki</format>
<text bytes="2062" xml:space="preserve">{{Wikipédia|I}}
{{Wikipédia|India (fuso horário)}}
{{caracteres info|hex=0049|nome=LATIN CAPITAL LETTER I|anterior=H|próximo=J}}
={{-pt-}}=
==Substantivo&lt;sup&gt;1&lt;/sup&gt;==
{{flex.pt|ms=I|mp=Is}}
'''I''', {{gramática|m}}
# [[nono|nona]] [[letra]] e terceira [[vogal]] do [[alfabeto]] português; [[sinal]] gráfico que representa os [[som|sons]] da fala em l'''i'''vre, pa'''i'''xão, sons esses respectivamente classificados como vogal anterior fechada e semivogal anterior
==Substantivo&lt;sup&gt;2&lt;/sup&gt;==
{{flex.pt|ms=I|mp=Is}}
{{oxítona|I}}, {{gramática|m|pr}}
# nome do [[fuso horário]] que está nove [[hora]]s a mais do que o Meridiano de Greenwich (UTC+9)
[[Categoria:Substantivo (Português)]]
[[Categoria:Fuso horário (Português)]]
[[Categoria:Sistema de escrita {{Latn/name}}]]
={{-en-}}=
==Pronome==
'''I'''
# caso nominativo da primeira pessoa do singular, [[eu]]
#* &quot;'''''I''' really want to go out.''&quot; - Eu realmente quero sair.
===Declinação===
{{decl.en.pron.pessoal}}
=={{etimologia|en}}==
: Do inglês médio ''I'', [[ich]], do inglês antigo ''ic'', do proto-[[germânico]] ''*ik'', possivelmente derivado de ''*ekaⁿ'' do proto-[[indo-europeu]] ''keǵóm'', ''*eǵHóm'', ou diretamente de *éǵoH.
: Cognatos: [[gótico]] ''[[ik]]'', [[alemão]] ''[[ich]]'', [[frísio]] [[ik]], e holandês [[ik]].
=={{pronúncia|en}}==
* X-SAMPA: &lt;code&gt;/aI/&lt;/code&gt;
==Ver também==
===No Wikcionário===
* [[I'll#{{en}}|I'll]]
[[Categoria:Pronome (Inglês)]]
={{-tu-}}=
==Pronome&lt;sup&gt;1&lt;/sup&gt;==
'''I''', ''pessoal'', ''caso reto''
# [[ele]]
# [[ela]]
# [[eles]]
# [[elas]]
===Sinônimo===
De 3 e 4:
* [[aetá#{{tu}}|aetá]]
==Pronome&lt;sup&gt;2&lt;/sup&gt;==
'''I''', ''possessivo''
# [[dele]]
# [[dela]]
[[Categoria:Pronome (Tupi)]]
={{-univ-}}=
==Símbolo==
'''I'''
# {{escopo|univ|Química}} [[iodo]]
# [[algarismo]] [[romano]] que representa o [[numeral]] [[um]]/[[uma]]
==Ver também==
===No Wikcionário===
{{Algarismos romanos}}
{{números romanos}}
[[Categoria:Número (Universal)|# 000001]]
[[Categoria:Símbolo de elemento químico|I]]</text>
<sha1>6e2jbbze4wr3s0j6lodvq5mgexiy249</sha1>
</revision>
</page>
