<page>
<title>iacanguense</title>
<ns>0</ns>
<id>393120</id>
<revision>
<id>2491405</id>
<parentid>2486517</parentid>
<timestamp>2018-03-28T01:17:13Z</timestamp>
<contributor>
<username>MIL973</username>
<id>41339</id>
</contributor>
<model>wikitext</model>
<format>text/x-wiki</format>
<text bytes="537" xml:space="preserve">={{-pt-}}=
==Adjetivo==
{{flex.pt|s=iacanguense|p=iacanguenses}}
{{paroxítona|i|a|can|guen|se}}, {{gramática|c2g}}
# {{escopo|pt|Gentílico}} de [[Iacanga]], cidade paulista
==Substantivo==
{{flex.pt|s=iacanguense|p=iacanguenses}}
{{paroxítona|i|a|can|guen|se}}, {{gramática|c2g}}
# {{escopo|pt|Gentílico}} natural de Iacanga ou seu habitante
=={{etimologia|pt}}==
: {{escopo|Morfologia}} De [[Iacanga]] + [[-ense]].
==Ligações externas==
* {{Aulete}}
[[Categoria:Adjetivo (Português)]]
[[Categoria:Substantivo (Português)]]</text>
<sha1>96juvmcfp4fk5ireqvzfhh0zxza8rwi</sha1>
</revision>
</page>
