<page>
<title>Iaciara</title>
<ns>0</ns>
<id>141769</id>
<revision>
<id>2270687</id>
<parentid>1196368</parentid>
<timestamp>2017-04-26T18:58:41Z</timestamp>
<contributor>
<username>HydrizBot</username>
<id>29590</id>
</contributor>
<minor />
<comment>Robô: A limpar links interwikis antigos</comment>
<model>wikitext</model>
<format>text/x-wiki</format>
<text bytes="244" xml:space="preserve">={{-pt-}}=
{{Wikipédia}}
==Substantivo==
'''Iaciara''' {{pr}}
#[[município]] [[brasileiro]] do [[estado]] de [[Goiás]]
==Ver também==
*[[Apêndice:Municípios do estado de Goiás]]
[[Categoria:Município do estado de Goiás (Português)]]</text>
<sha1>ntbxqdh3fmnn2tofm04z9ggfm0hsw67</sha1>
</revision>
</page>
