<page>
<title>Iacomus</title>
<ns>0</ns>
<id>286657</id>
<revision>
<id>1594120</id>
<parentid>1514460</parentid>
<timestamp>2013-01-19T10:42:26Z</timestamp>
<contributor>
<username>MalafayaBot</username>
<id>628</id>
</contributor>
<minor />
<comment>Robô: A modificar Categoria:Vocábulo de étimo grego antigo (Latim) para Categoria:Entrada de étimo grego antigo (Latim)</comment>
<model>wikitext</model>
<format>text/x-wiki</format>
<text bytes="518" xml:space="preserve">{{Wikipédia|lang=la}}
={{-la-}}=
==Substantivo==
'''Iacomus''', {{pr}} {{m}}
# [[Jaime]], [[Iago]], [[Tiago]], [[Jacó]].
===Variante===
{{verTambém.Ini}}
* {{link opcional|Iacobus|la}}
{{verTambém.Fim}}
=={{etimologia|la}}==
:Do [[grego antigo]] {{etimo|grc|Ἰάκωβος}} (Iáko̱vos) e este do [[hebraico]] {{etimo|he|יעקב}} (ya'aqov). Significa aquele que segurou pelo calcanhar.
[[Categoria:Substantivo (Latim)]]
[[Categoria:Antropônimo (Latim)]]
[[Categoria:Entrada de étimo grego antigo (Latim)]]</text>
<sha1>l67datic0jo66wvcoii1an6xeycijn6</sha1>
</revision>
</page>
