<page>
<page>
<title>iacriense</title>
<ns>0</ns>
<id>393122</id>
<revision>
<id>2491406</id>
<parentid>2486525</parentid>
<timestamp>2018-03-28T01:17:34Z</timestamp>
<contributor>
<username>MIL973</username>
<id>41339</id>
</contributor>
<model>wikitext</model>
<format>text/x-wiki</format>
<text bytes="520" xml:space="preserve">={{-pt-}}=
==Adjetivo==
{{flex.pt|s=iacriense|p=iacrienses}}
{{paroxítona|i|a|cri|en|se}}, {{gramática|c2g}}
# {{escopo|pt|Gentílico}} de [[Iacri]], cidade paulista
==Substantivo==
{{flex.pt|s=iacriense|p=iacrienses}}
{{paroxítona|i|a|cri|en|se}}, {{gramática|c2g}}
# {{escopo|pt|Gentílico}} natural de Iacri ou seu habitante
=={{etimologia|pt}}==
: {{escopo|Morfologia}} De [[Iacri]] + [[-ense]].
==Ligações externas==
* {{VOLPABL}}
[[Categoria:Adjetivo (Português)]]
[[Categoria:Substantivo (Português)]]</text>
<sha1>mauskq4v2bp89ancmww5mzxmffkh81k</sha1>
</revision>
