<page>
<page>
<title>iacrienses</title>
<ns>0</ns>
<id>393123</id>
<revision>
<id>2486528</id>
<parentid>2486527</parentid>
<timestamp>2018-02-23T01:43:59Z</timestamp>
<contributor>
<username>MIL973</username>
<id>41339</id>
</contributor>
<model>wikitext</model>
<format>text/x-wiki</format>
<text bytes="335" xml:space="preserve">={{-pt-}}=
==Forma de adjetivo==
{{paroxítona|i|a|cri|en|ses}}, {{gramática|c2gp}}
# plural de [[iacriense]]
==Forma de substantivo==
{{paroxítona|i|a|cri|en|ses}}, {{gramática|c2gp}}
# plural de [[iacriense]]
{{avi-for-fle|iacriense}}
[[Categoria:Forma de adjetivo (Português)]]
[[Categoria:Forma de substantivo (Português)]]</text>
<sha1>g54pfqr72cqnxpg1dburtygt5pdwcl8</sha1>
</revision>
