<page>
<title>iactatio</title>
<ns>0</ns>
<id>399704</id>
<revision>
<id>2521198</id>
<parentid>2517389</parentid>
<timestamp>2018-10-04T09:17:31Z</timestamp>
<contributor>
<username>ValJor</username>
<id>1358</id>
</contributor>
<comment>Melhorando a apresentação do verbete usando a [[:predefinição:cria-entrada]]</comment>
<model>wikitext</model>
<format>text/x-wiki</format>
<text bytes="257" xml:space="preserve">={{-la-}}=
==Substantivo==
'''iactatio'''
# ação de [[agitar]]
# [[jactância]]
# [[abalo]]
===Declinação===
{{decl.la.subst.3d|iactatio|iactation|iactātiō|iactātiōn}}
==={{-varort-}}===
* [[jactatio|jactātiō]]
[[Categoria:Substantivo (Latim)]]</text>
<sha1>6umdha4ddkilpje1d6oaxedtmdnau5x</sha1>
</revision>
</page>
