<page>
<title>iacuto</title>
<ns>0</ns>
<id>251489</id>
<revision>
<id>2359381</id>
<parentid>1961362</parentid>
<timestamp>2017-05-03T11:05:13Z</timestamp>
<contributor>
<username>HydrizBot</username>
<id>29590</id>
</contributor>
<minor />
<comment>Robô: A limpar links interwikis antigos</comment>
<model>wikitext</model>
<format>text/x-wiki</format>
<text bytes="375" xml:space="preserve">={{-pt-}}=
==Substantivo==
{{flex.pt|ms=iacuto|mp=iacutos}}
{{paroxítona|ia|cu|to}}
# certo [[povo]] da [[Sibéria]]
# a [[língua]] desse povo
==Adjetivo==
{{paroxítona|ia|cu|to}}
# que diz respeito a esse povo da Sibéria
[[Categoria:Substantivo (Português)]]
[[Categoria:Adjetivo (Português)]]
[[Categoria:Gentílico (Português)]]
[[Categoria:Língua (Português)]]</text>
<sha1>8ttcyl8uf8322d546vl7f25sbl67oq0</sha1>
</revision>
</page>
