<page>
<title>IAfrika</title>
<ns>0</ns>
<id>229479</id>
<revision>
<id>2652338</id>
<parentid>2270652</parentid>
<timestamp>2021-11-15T16:18:18Z</timestamp>
<contributor>
<username>ValJor</username>
<id>1358</id>
</contributor>
<comment>Confirmando [[:Categoria:!Entrada criada por robô|verbete criado por robô]]</comment>
<model>wikitext</model>
<format>text/x-wiki</format>
<text bytes="313" xml:space="preserve">{{Wikipédia|lang=xh|I-Afrika}}
[[Imagem:Africa satellite orthographic.jpg|thumb|right|250px|{{centro|África}}]]
={{-xh-}}=
==Substantivo==
'''IAfrika'''
# [[África]]
==={{-varort-}}===
* [[I-Afrika]]
[[Categoria:Substantivo (Xhosa)]]
[[Categoria:Continente (Xhosa)]]
[[Categoria:Entrada com imagem (Xhosa)]]</text>
<sha1>ge9e1r1i62jd9fdyfqlfiqjru9phuqc</sha1>
</revision>
</page>
