<page>
<page>
<title>Iago</title>
<ns>0</ns>
<id>271020</id>
<revision>
<id>2590654</id>
<parentid>2560388</parentid>
<timestamp>2020-06-18T02:48:52Z</timestamp>
<contributor>
<username>Leonardo José Raimundo</username>
<id>43489</id>
</contributor>
<comment>Eu estou melhorando a apresentação do verbete &quot;Iago&quot;.</comment>
<model>wikitext</model>
<format>text/x-wiki</format>
<text bytes="1400" xml:space="preserve">={{-pt-}}=
==Substantivo==
{{paroxítona|I|a|go}}, {{gramática|m|pr}}
# [[prenome]] [[masculino]]
===Tradução===
{{tradini}}
* {{trad|br|Jagu}}
* {{trad|kw|Jago}}
* {{trad|es|Yago}}
{{tradmeio}}
* {{trad|cy|Iago}}
* {{trad|en|Iago}}
* {{trad|it|Iago}}
{{tradfim}}
===Verbetes derivados===
{{verTambém.Ini}}
* {{link opcional|Jacó|pt}}
* {{link opcional|Jaime|pt}}
{{verTambém.NovaColuna}}
* {{link opcional|Tiago|pt}}
{{verTambém.Fim}}
=={{etimologia|pt}}==
{{llietimo|la|Iacobus|pt}}
==Anagramas==
# [[ágio]]
# [[ioga]]
[[Categoria:Substantivo (Português)]]
[[Categoria:Antropônimo (Português)]]
={{-cy-}}=
==Substantivo==
{{paroxítona|I|a|go|lang=cy}}, {{gramática|m|pr}}
# {{escopo|cy|Antropônimo}} [[Iago#Português|Iago]]
# {{escopo|cy|Cristianismo|religião}} [[Tiago]]
=={{etimologia|cy}}==
{{llietimo|la|Iacobus|cy}}
==Ver também==
===No Wikcionário===
{{bíblia/cy}}
[[Categoria:Substantivo (Galês)]]
={{-en-}}=
==Substantivo==
{{paroxítona|I|a|go|lang=en}}, {{gramática|m|pr}}
# [[Iago#Português|Iago]]
=={{etimologia|en}}==
{{llietimo|la|Iacobus|en}}
[[Categoria:Substantivo (Inglês)]]
[[Categoria:Antropônimo (Inglês)]]
={{-it-}}=
==Substantivo==
{{paroxítona|I|a|go|lang=it}}, {{gramática|m|pr}}
# [[Iago#Português|Iago]]
=={{etimologia|it}}==
{{llietimo|la|Iacobus|it}}
[[Categoria:Substantivo (Italiano)]]
[[Categoria:Antropônimo (Italiano)]]</text>
<sha1>7lwu3r1enr5imd0dp8b9p8vegf4c05g</sha1>
</revision>
