<page>
<page>
<title>iaguara</title>
<ns>0</ns>
<id>232695</id>
<revision>
<id>2660679</id>
<parentid>2658294</parentid>
<timestamp>2022-02-21T09:29:46Z</timestamp>
<contributor>
<username>ValJor</username>
<id>1358</id>
</contributor>
<comment>Melhorando a apresentação do verbete</comment>
<model>wikitext</model>
<format>text/x-wiki</format>
<text bytes="355" xml:space="preserve">[[Imagem:Jack-Russell-Terrier.jpg|thumb|right|250px|{{centro|Cão}}]]
={{-tu-}}=
==Substantivo==
'''iaguara'''
# [[cão]] (mamífero domesticado - ''Canis lupus familiaris'')
==Ver também==
===No Wikcionário===
* Asurini do Xingu: [[dža'wara]]
[[Categoria:Substantivo (Tupi)]]
[[Categoria:Mamífero (Tupi)]]
[[Categoria:Entrada com imagem (Tupi)]]</text>
<sha1>6cmdzwrqvr0o7jqmpqnj5nipmuj3tod</sha1>
</revision>
