<page>
<title>iaidín</title>
<ns>0</ns>
<id>407462</id>
<revision>
<id>2537691</id>
<timestamp>2019-03-01T22:44:00Z</timestamp>
<contributor>
<username>Amigo7</username>
<id>58547</id>
</contributor>
<comment>Criação do verbete a partir da [[Especial:Páginas_pedidas|lista de palavras pedidas]]</comment>
<model>wikitext</model>
<format>text/x-wiki</format>
<text bytes="253" xml:space="preserve">{{Wikipédia|lang=ga}}
={{-ga-}}=
==Substantivo==
{{elementos|I|teallúiream|Te|xeanón|Xe}}
'''iaidín'''
# {{escopo|ga|Elemento químico}} [[iodo]]
==Ver também==
===No Wikcionário===
{{tabela periódica/ga}}
[[Categoria:Substantivo (Irlandês)]]</text>
<sha1>ib1xjnn2rls1twv5qjakag0i9j029hp</sha1>
</revision>
</page>
