<page>
<page>
<title>Iaimeuca</title>
<ns>0</ns>
<id>134805</id>
<revision>
<id>2270691</id>
<parentid>2212342</parentid>
<timestamp>2017-04-26T18:58:51Z</timestamp>
<contributor>
<username>HydrizBot</username>
<id>29590</id>
</contributor>
<minor />
<comment>Robô: A limpar links interwikis antigos</comment>
<model>wikitext</model>
<format>text/x-wiki</format>
<text bytes="201" xml:space="preserve">={{-gd-}}=
==Substantivo==
'''Iaimeuca''', {{g|pr}}
#{{escopo|gd|País}} [[Jamaica]]
==Ver também==
* {{Wikipédia|modelo=linha|lang=gd}}
{{América/gd}}
[[Categoria:Substantivo (Gaélico Escocês)]]</text>
<sha1>oeg06zcs6woi99xcefzgdaxp7j1hqzp</sha1>
</revision>
