<page>
<title>Iakobo</title>
<ns>0</ns>
<id>380881</id>
<revision>
<id>2438550</id>
<timestamp>2017-07-17T21:27:48Z</timestamp>
<contributor>
<username>Leonardo José Raimundo</username>
<id>43489</id>
</contributor>
<comment>Eu estou criando o nome &quot;Iakobo&quot;.</comment>
<model>wikitext</model>
<format>text/x-wiki</format>
<text bytes="185" xml:space="preserve">={{-haw-}}=
==Substantivo==
{{proparoxítona|Ia|ko|bo|lang=haw}}
# {{escopo|haw|Cristianismo|religião}} [[Tiago]]
==Ver também==
{{bíblia/haw}}
[[Categoria:Substantivo (Havaiano)]]</text>
<sha1>24yeoh2ori0xy8im1aqvoikeqzjbwp1</sha1>
</revision>
</page>
