<page>
<page>
<title>Iakobus</title>
<ns>0</ns>
<id>399900</id>
<revision>
<id>2518015</id>
<timestamp>2018-09-08T03:24:36Z</timestamp>
<contributor>
<username>Leonardo José Raimundo</username>
<id>43489</id>
</contributor>
<comment>Eu estou criando o nome &quot;Iakobus&quot;.</comment>
<model>wikitext</model>
<format>text/x-wiki</format>
<text bytes="199" xml:space="preserve">={{-io-}}=
==Substantivo==
{{proparoxítona|Ia|ko|bus|lang=io}}
# {{escopo|io|Cristianismo|religião}} [[Tiago]]
==Ver também==
===No Wikcionário===
{{bíblia/io}}
[[Categoria:Substantivo (Ido)]]</text>
<sha1>gpriqex5ac7amecy03kmwnjv68su703</sha1>
</revision>
