<page>
<title>iam</title>
<ns>0</ns>
<id>94207</id>
<revision>
<id>2649798</id>
<parentid>2649797</parentid>
<timestamp>2021-10-05T23:39:51Z</timestamp>
<contributor>
<username>Vermont</username>
<id>66658</id>
</contributor>
<minor />
<comment>Revertidas edições por [[Especial:Contribuições/168.228.219.223|168.228.219.223]] para a última versão por [[Especial:Contribuições/ValJor|ValJor]]</comment>
<model>wikitext</model>
<format>text/x-wiki</format>
<text bytes="1541" xml:space="preserve">{{ver também|i-am}}
={{-pt-}}=
==Forma verbal==
{{paroxítona|i|am}}
# terceira pessoa do plural do pretérito imperfeito do indicativo do verbo [[ir]]
{{avi-for-fle|ir}}
==Anagrama==
# [[mia]]
[[Categoria:Forma verbal (Português)]]	
={{-eo-}}=
==Correlativo==
'''{{grifar|i}}.am'''
# um [[dia]], algum dia
===Expressões===
* '''iam ajn''': a qualquer momento
=={{etimologia|eo}}==
{{etimo.eo|i-|-am}}
=={{pronúncia|eo}}==
* [[AFI]]: {{AFI|/ˈi.am/}}, {{AFI|/ˈi.ɑm/}}
* [[X-SAMPA]]: /&quot;i.am/, /&quot;i.Am/
==Ver também==
===No Wikcionário===
{{correlativos/eo}}
===Referências===
{{verTambém.Ini}}
* [http://www.reta-vortaro.de/revo/art/iam.html#iam.0 ''ial'' no Reta Vortaro]
{{verTambém.Fim}}
[[Categoria:Correlativo (Esperanto)]]
[[Categoria:Advérbio (Esperanto)]]
[[Categoria:Dissílabo (Esperanto)]]
[[Categoria:Paroxítona (Esperanto)]]
[[Categoria:Falso cognato (Esperanto)]]
={{-la-}}=
==Advérbio==
'''iam'''
# [[já]]
==={{-varort-}}===
* [[jam#{{la}}|jam]]
===Expressões===
* '''[[iam nec]]''': não mais, não ... mais
* '''[[non iam]]''': não mais, não ... mais
===Verbetes derivados===
{{verTambém.Ini}}
* {{link opcional|etiam|la}}
* {{link opcional|iamdudum|la}}
* {{link opcional|iam pridem|la}}
{{verTambém.Fim}}
=={{etimologia|la}}==
===Descendentes===
{{verTambém.Ini}}
* {{trad|eu|ia}}
* {{trad|es|ya}}
{{verTambém.NovaColuna}}
* {{trad|fr|déjà}}
* {{trad|pt|já}}
{{verTambém.Fim}}
[[Categoria:Advérbio (Latim)]]
[[Categoria:Monossílabo (Latim)]]
[[Categoria:Falso cognato (Latim)]]</text>
<sha1>5huz390txe98vws79wxktt9pvmpob3g</sha1>
</revision>
</page>
