<page>
<title>iamani</title>
<ns>0</ns>
<id>340973</id>
<revision>
<id>1941144</id>
<timestamp>2015-06-12T12:53:12Z</timestamp>
<contributor>
<username>Luis Gabriel Moraes Dias</username>
<id>11628</id>
</contributor>
<comment>[[Ajuda:Guia de edição/Menus e ferramentas/Sumário de edição|→]] nova página: ={{-lfn-}}= {{flex.lfn|iamani|iamanis}} ==Substantivo== {{paroxítona|ia|ma|ni|lang=lfn}} #[[iemenita]]  ==Ad...</comment>
<model>wikitext</model>
<format>text/x-wiki</format>
<text bytes="480" xml:space="preserve">={{-lfn-}}=
{{flex.lfn|iamani|iamanis}}
==Substantivo==
{{paroxítona|ia|ma|ni|lang=lfn}}
#[[iemenita]]
==Adjetivo==
{{paroxítona|ia|ma|ni|lang=lfn}}
#[[iemenita]], relativo ao [[Iêmen]]
===Grafias alternativas===
* '''[[alfabeto cirílico|Alfabeto cirílico]]:''' {{l.s.|иамани|{{lfn}}}}
==Ver também==
{{verTambém.Ini}}
* {{link opcional|Iaman|lfn}}
{{verTambém.NovaColuna}}
{{verTambém.Fim}}
{{categorias|{{nome categoria|lfn}}|Substantivo|Adjetivo|Gentílico}}</text>
<sha1>cn4b8lwjotbz01p54xlnn3b7ujrx7eq</sha1>
</revision>
</page>
