<page>
<page>
<title>Iamaica</title>
<ns>0</ns>
<id>146331</id>
<revision>
<id>2270692</id>
<parentid>1730733</parentid>
<timestamp>2017-04-26T18:58:54Z</timestamp>
<contributor>
<username>HydrizBot</username>
<id>29590</id>
</contributor>
<minor />
<comment>Robô: A limpar links interwikis antigos</comment>
<model>wikitext</model>
<format>text/x-wiki</format>
<text bytes="200" xml:space="preserve">={{-la-}}=
{{Wikipédia|lang=la}}
==Substantivo==
'''Iamaica''', {{pr}}
#{{escopo|Geografia}} [[Jamaica]]
==Ver também==
{{América/la}}
[[Categoria:Substantivo (Latim)]]
[[Categoria:País (Latim)]]</text>
<sha1>gjib4wsyfjvt41zrk75zd9y5c4kyvi4</sha1>
</revision>
