<page>
<page>
<title>iami</title>
<ns>0</ns>
<id>184788</id>
<revision>
<id>1207642</id>
<parentid>734730</parentid>
<timestamp>2011-07-10T03:40:33Z</timestamp>
<contributor>
<username>MalafayaBot</username>
<id>628</id>
</contributor>
<minor />
<comment>Robô: Substituição de texto automática (-^\=\s?Português\s?\= +={{-pt-}}= &amp; -^\=\s?\{\{pt\}\}\s?\= +={{-pt-}}=)</comment>
<model>wikitext</model>
<format>text/x-wiki</format>
<text bytes="862" xml:space="preserve">={{-pt-}}=
==Substantivo==
{{paroxítona|i|a|mi}} {{f}} {{p}} {{+info|uso=brasileirismo}}
# {{escopo|Religião}} nos [[candomblés]] nagôs [[ortodoxo]]s, [[denominação]] [[coletivo|coletiva]] dos [[orixá]]s [[feminino]]s (''Oxum'', ''Nanã'', Iemanjá'', ''Oiá'' etc).
#*''As &lt;u&gt;iami&lt;/u&gt; do candomblé.''
===Fraseologia===
{{frase|Iami Oxorongá|{{escopo|Religião}} {{+info|uso=brasileirismo}} [[divindade]] temível do [[candomblé]], dada [[como]] [[dona]] do [[poder]] dos [[pássaro]]s e [[dona]] da [[barriga]]}}. ''(Seu nome só pode ser pronunciado com ritos apotropeus e seus ebós (como o ojiji) são considerados fatais; a coruja é o seu animal simbólico e seu raro culto é cercado de absoluto sigilo.)''
==={{etimologia|pt}}===
* Do [[iorubá]] ''iya'' ('mãe') + ''mi'' ('minha', sufixo possessivo).
[[Categoria:Substantivo (Português)]]</text>
<sha1>mbb2otfrqrtl0y0w36nemlsqbh0oltn</sha1>
</revision>
