<page>
<title>Iane</title>
<ns>0</ns>
<id>335044</id>
<revision>
<id>2270693</id>
<parentid>2109245</parentid>
<timestamp>2017-04-26T18:58:56Z</timestamp>
<contributor>
<username>HydrizBot</username>
<id>29590</id>
</contributor>
<minor />
<comment>Robô: A limpar links interwikis antigos</comment>
<model>wikitext</model>
<format>text/x-wiki</format>
<text bytes="192" xml:space="preserve">={{-pt-}}=
==Substantivo==
{{flex.pt|fs=Iane|fp=Ianes}}
{{paroxítona|I|a|ne}}, {{f}}
# [[prenome]] [[feminino]]
[[Categoria:Substantivo (Português)]]
[[Categoria:Antropônimo (Português)]]</text>
<sha1>gsrcj3dyv1d545j0rajw6o9nc70rr4z</sha1>
</revision>
</page>
