<page>
<title>iangá</title>
<ns>0</ns>
<id>17284</id>
<revision>
<id>1533992</id>
<parentid>1011499</parentid>
<timestamp>2012-11-30T07:59:26Z</timestamp>
<contributor>
<username>VJBot</username>
<id>33673</id>
</contributor>
<minor />
<comment>Robô: Substituição de texto automática  (-{{vertb}} +Ver também)</comment>
<model>wikitext</model>
<format>text/x-wiki</format>
<text bytes="186" xml:space="preserve">={{-cri-}}=
'''Iangá''' ''verbo''
#[[rasgar]]; [[despedaçar]]
==Ver também==
* [[:pt: fonô|São-tomense [fonô]]] - [[:pt: lees|Tétum [lees]]]  
[[Categoria:Verbo (São-tomense)]]</text>
<sha1>3boxj6e7egrgd3lg5fqjow791wxj5wl</sha1>
</revision>
</page>
