<page>
<title>Ianiuarius</title>
<ns>0</ns>
<id>234196</id>
<revision>
<id>2643600</id>
<parentid>883819</parentid>
<timestamp>2021-07-24T18:44:10Z</timestamp>
<contributor>
<username>ValJor</username>
<id>1358</id>
</contributor>
<comment>Já fazia mais de dez anos que ninguém atualizava esse verbete</comment>
<model>wikitext</model>
<format>text/x-wiki</format>
<text bytes="138" xml:space="preserve">={{-ang-}}=
==Substantivo==
'''Ianiuarius'''
# [[janeiro]]
[[Categoria:Substantivo (Inglês Antigo)]]
[[Categoria:Mês (Inglês Antigo)]]</text>
<sha1>loehr7c85qsp5hd0vr6u498h09cyrw1</sha1>
</revision>
</page>
