<page>
<page>
<title>ianquismo</title>
<ns>0</ns>
<id>340764</id>
<revision>
<id>1939549</id>
<timestamp>2015-06-07T11:18:45Z</timestamp>
<contributor>
<username>ValJor</username>
<id>1358</id>
</contributor>
<comment>Eliminando [[Yankeeism]] da lista de [[Especial:Lonelypages|órfãos]]</comment>
<model>wikitext</model>
<format>text/x-wiki</format>
<text bytes="322" xml:space="preserve">={{-pt-}}=
==Substantivo==
{{flex.pt|ms=ianquismo|mp=ianquismos}}
{{paroxítona|i|an|quis|mo}}, {{m}}
# o mesmo que [[americanismo]]
===Tradução===
{{tradini}}
* {{trad|en|Yankeeism}}
{{tradmeio}}
{{tradfim}}
=={{etimologia|pt}}==
: {{escopo|Morfologia}} [[ianque]] + [[-ismo]].
[[Categoria:Substantivo (Português)]]</text>
<sha1>md1rnlyl6imt8ubcfzcs3mezove5b1k</sha1>
</revision>
