<page>
<page>
<title>ianques</title>
<ns>0</ns>
<id>333070</id>
<revision>
<id>2359386</id>
<parentid>2126909</parentid>
<timestamp>2017-05-03T11:05:30Z</timestamp>
<contributor>
<username>HydrizBot</username>
<id>29590</id>
</contributor>
<minor />
<comment>Robô: A limpar links interwikis antigos</comment>
<model>wikitext</model>
<format>text/x-wiki</format>
<text bytes="292" xml:space="preserve">={{-pt-}}=
==Forma de adjetivo==
{{paroxítona|i|an|ques}}, {{c2g}}
# plural de [[ianque]]
==Forma de substantivo==
{{paroxítona|i|an|ques}}, {{c2g}}
# plural de [[ianque]]
{{avi-for-fle|ianque}}
[[Categoria:Forma de adjetivo (Português)]]
[[Categoria:Forma de substantivo (Português)]]</text>
<sha1>3xnnivum256k9sitwf6vc311y7viy0c</sha1>
</revision>
