<page>
<page>
<title>ianque</title>
<ns>0</ns>
<id>333050</id>
<revision>
<id>2683119</id>
<parentid>2683116</parentid>
<timestamp>2022-07-09T17:29:07Z</timestamp>
<contributor>
<username>Itleda</username>
<id>86989</id>
</contributor>
<model>wikitext</model>
<format>text/x-wiki</format>
<text bytes="753" xml:space="preserve">={{-pt-}}=
==Adjetivo==
{{flex.pt|s=ianque|p=ianques}}
{{paroxítona|i|an|que}}, {{c2g}}
# [[americano]], [[estado-unidense]], [[estadunidense]], [[norte-americano]]
==Substantivo==
{{flex.pt|s=ianque|p=ianques}}
{{paroxítona|i|an|que}}, {{c2g}}
# [[americano]], [[estado-unidense]], [[estadunidense]], [[norte-americano]]
=={{etimologia|en}}==
: Do inglês {{etimo|en|yankee}}.
=={{pronúncia|pt}}==
===Portugal===
* AFI: {{AFI|/ˈjɐ̃.kɨ/}}
==Ver também==
===No Wikcionário===
{{verTambém.Ini}}
* [[brichote]]
* [[camone]]
{{verTambém.NovaColuna}}
* [[gringo]]
{{verTambém.Fim}}
[[Categoria:Adjetivo (Inglês)]]
[[Categoria:Substantivo (Inglês)]]
[[Categoria:Gentílico (Português)]]
[[Categoria:Entrada de étimo inglês (Português)]]</text>
<sha1>mi95fkomyqmz48h9n01ohy37nmwwmwz</sha1>
</revision>
