<page>
<page>
<title>Ianuari</title>
<ns>0</ns>
<id>235967</id>
<revision>
<id>2270695</id>
<parentid>1730731</parentid>
<timestamp>2017-04-26T18:59:01Z</timestamp>
<contributor>
<username>HydrizBot</username>
<id>29590</id>
</contributor>
<minor />
<comment>Robô: A limpar links interwikis antigos</comment>
<model>wikitext</model>
<format>text/x-wiki</format>
<text bytes="236" xml:space="preserve">={{-sm-}}=
==Substantivo==
'''Ianuari'''
# [[janeiro]]; [[primeiro]] [[mês]] do [[ano]] civil, tendo 31 [[dia]]s.
== Ver também ==
=== No Wikcionário ===
{{meses/sm}}
[[Categoria:Substantivo (Samoano)]]
[[Categoria:Mês (Samoano)]]</text>
<sha1>bw0ghe3ydebqpir6bs8eyqq080jws6d</sha1>
</revision>
