<page>
<page>
<title>Ianuali</title>
<ns>0</ns>
<id>238388</id>
<revision>
<id>2270694</id>
<parentid>2189569</parentid>
<timestamp>2017-04-26T18:58:59Z</timestamp>
<contributor>
<username>HydrizBot</username>
<id>29590</id>
</contributor>
<minor />
<comment>Robô: A limpar links interwikis antigos</comment>
<model>wikitext</model>
<format>text/x-wiki</format>
<text bytes="240" xml:space="preserve">={{-haw-}}=
==Substantivo==
'''Ianuali'''
# [[janeiro]]; [[primeiro]] [[mês]] do [[ano]] civil, tendo 31 [[dia]]s.
== Ver também ==
=== No Wikcionário ===
{{meses/haw}}
[[Categoria:Substantivo (Havaiano)]]
[[Categoria:Mês (Havaiano)]]</text>
<sha1>az00pavgmo9ono69x1f8exs5ckg0m6z</sha1>
</revision>
