<page>
<title>Ianuarius</title>
<ns>0</ns>
<id>234199</id>
<revision>
<id>2270696</id>
<parentid>2260385</parentid>
<timestamp>2017-04-26T18:59:07Z</timestamp>
<contributor>
<username>HydrizBot</username>
<id>29590</id>
</contributor>
<minor />
<comment>Robô: A limpar links interwikis antigos</comment>
<model>wikitext</model>
<format>text/x-wiki</format>
<text bytes="119" xml:space="preserve">={{-la-}}=
==Substantivo==
'''Ianuarius'''
# [[janeiro]].
[[Categoria:Substantivo (Latim)]]
[[Categoria:Mês (Latim)]]</text>
<sha1>p5s25yrpmqc31504ij9evp196y3pfwy</sha1>
</revision>
</page>
