<page>
<page>
<title>Iapan</title>
<ns>0</ns>
<id>235498</id>
<revision>
<id>2270697</id>
<parentid>2189566</parentid>
<timestamp>2017-04-26T18:59:10Z</timestamp>
<contributor>
<username>HydrizBot</username>
<id>29590</id>
</contributor>
<minor />
<comment>Robô: A limpar links interwikis antigos</comment>
<model>wikitext</model>
<format>text/x-wiki</format>
<text bytes="142" xml:space="preserve">={{-ang-}}=
==Substantivo==
'''Iapan'''
# [[Japão]]
{{página-automática|Maio|2010|Japão|ang}}
[[Categoria:Substantivo (Inglês Antigo)]]</text>
<sha1>qy1i9f2ukllywczfky9bnhz18gc6m6g</sha1>
</revision>
