<page>
<title>Iapu</title>
<ns>0</ns>
<id>141040</id>
<revision>
<id>2575784</id>
<parentid>2575783</parentid>
<timestamp>2020-02-07T08:44:13Z</timestamp>
<contributor>
<username>MIL973</username>
<id>41339</id>
</contributor>
<model>wikitext</model>
<format>text/x-wiki</format>
<text bytes="512" xml:space="preserve">{{Wikipédia}}
{{ver também|iapu}}
={{-pt-}}=
==Substantivo==
{{oxítona|I|a|pu}}, {{gramática|pr}}
# {{escopo|pt|Município do estado de Minas Gerais}} [[Apêndice:Gentílicos e topónimos em português/Brasil/Minas Gerais|município brasileiro do estado de Minas Gerais]]
==Ver também==
===No Wikcionário===
{{colunas|3}}
* [[iapu]]
* [[iapuense]]
* [[japu]]
{{colunas/fim}}
==Ligações externas==
* [http://www.iapu.mg.gov.br/ Prefeitura de Iapu (Minas Gerais)]
[[Categoria:Substantivo (Português)]]</text>
<sha1>8xtap750bzkax3szxfqko19uo0dglee</sha1>
</revision>
</page>
