<page>
<title>iapuenses</title>
<ns>0</ns>
<id>420436</id>
<revision>
<id>2575792</id>
<parentid>2575791</parentid>
<timestamp>2020-02-07T08:48:00Z</timestamp>
<contributor>
<username>MIL973</username>
<id>41339</id>
</contributor>
<model>wikitext</model>
<format>text/x-wiki</format>
<text bytes="330" xml:space="preserve">={{-pt-}}=
==Forma de adjetivo==
{{paroxítona|i|a|pu|en|ses}}, {{gramática|c2gp}}
# plural de [[iapuense]]
==Forma de substantivo==
{{paroxítona|i|a|pu|en|ses}}, {{gramática|c2gp}}
# plural de [[iapuense]]
{{avi-for-fle|iapuense}}
[[Categoria:Forma de adjetivo (Português)]]
[[Categoria:Forma de substantivo (Português)]]</text>
<sha1>7wxe2h4yv7kssi39zlsaoqtn86j5iwd</sha1>
</revision>
</page>
