<page>
<page>
<title>iaque</title>
<ns>0</ns>
<id>388152</id>
<revision>
<id>2620604</id>
<parentid>2520649</parentid>
<timestamp>2021-02-01T22:03:50Z</timestamp>
<contributor>
<username>MarxavBot</username>
<id>80155</id>
</contributor>
<minor />
<comment>AFI Portugal</comment>
<model>wikitext</model>
<format>text/x-wiki</format>
<text bytes="1160" xml:space="preserve">{{Wikipédia|lang=pt}}
={{-pt-}}=
==Substantivo==
{{flex.pt|ms=iaque|mp=iaques}}
{{paroxítona|i|a|que}}, {{gramática|m}}
# {{escopo|pt|Mamífero}} [[herbívoro]] de pelagem longa encontrado na região do Himalaia (''[[species:Bos grunniens]]'')
===Tradução===
{{tradini}}
* {{trad|af|jak}}
* {{trad|de|Yak}}
* {{trad|av|як}}
* {{trad|az|yak}}
* {{trad|azb|قوتاز}}
* {{trad|eu|jak}}
* {{trad|be|як}}
* {{trad|br|yak}}
* {{trad|bg|як}}
* {{trad|yue|氂牛}}
* {{trad|ca|iac}}
* {{trad|cs|jak}}
* {{trad|chr|ᏯᎦ}}
* {{trad|zh|牦牛}}
{{tradmeio}}
* {{trad|da|yakokse|yak}}
* {{trad|eo|gruntbovo}}
* {{trad|fi|jakki}}
* {{trad|fr|yack}}
* {{trad|cy|iac}}
* {{trad|el|γιακ}}
* {{trad|en|yak}}
* {{trad|ia|yak}}
* {{trad|is|jakuxi}}
* {{trad|it|yak|bue tibetano}}
* {{trad|pl|jak}}
* {{trad|fa|غژگاو}}
* {{trad|bo|གཡག}}
* {{trad|uk|як}}
{{tradfim}}
=={{etimologia|pt}}==
{{llietimo|bo|གཡག|pt}}
=={{pronúncia|pt}}==
===Portugal===
* AFI: {{AFI|/ˈja.kɨ/}}
==Ligações externas==
* {{Aulete}}
* {{Michaelis}}
* {{DicioAberto}}
* {{DPLP}}
* {{Infopédia}}
* {{PLP}}
* {{VOLPABL}}
[[Categoria:Substantivo (Português)]]</text>
<sha1>4beljpnttswjkn4hlestd3hqmxt32wg</sha1>
</revision>
