<page>
<page>
<title>Iara</title>
<ns>0</ns>
<id>350306</id>
<revision>
<id>2091121</id>
<parentid>2058839</parentid>
<timestamp>2016-04-22T18:33:58Z</timestamp>
<contributor>
<username>ValJor</username>
<id>1358</id>
</contributor>
<comment>Melhorando a apresentação do verbete</comment>
<model>wikitext</model>
<format>text/x-wiki</format>
<text bytes="296" xml:space="preserve">={{-pt-}}=
==Substantivo==
{{flex.pt|fs=Iara|fp=Iaras}}
{{paroxítona|I|a|ra}}, {{f}} {{pr}}
# [[prenome]] [[feminino]]
# nome da mãe-d'água
==Anagramas==
# [[ária]]
# [[raia]]
[[Categoria:Substantivo (Português)]]
[[Categoria:Antropônimo (Português)]]
[[Categoria:Folclore (Português)]]</text>
<sha1>ntebavljh2o2eeyyy13xtx43th7j2ia</sha1>
</revision>
