<page>
<title>iarann</title>
<ns>0</ns>
<id>407489</id>
<revision>
<id>2537726</id>
<timestamp>2019-03-01T23:52:15Z</timestamp>
<contributor>
<username>Amigo7</username>
<id>58547</id>
</contributor>
<comment>Criação do verbete a partir da [[Especial:Páginas_pedidas|lista de palavras pedidas]]</comment>
<model>wikitext</model>
<format>text/x-wiki</format>
<text bytes="253" xml:space="preserve">{{Wikipédia|lang=ga}}
={{-ga-}}=
==Substantivo==
{{elementos|Fe|mangainéis|Mn|cóbalt|Co}}
'''iarann'''
# {{escopo|ga|Elemento químico}} [[ferro]]
==Ver também==
===No Wikcionário===
{{tabela periódica/ga}}
[[Categoria:Substantivo (Irlandês)]]</text>
<sha1>i36ru7eph6hjaoudw90kmabdg4uhbf2</sha1>
</revision>
</page>
