<page>
<page>
<title>Iaras</title>
<ns>0</ns>
<id>136278</id>
<revision>
<id>2270700</id>
<parentid>2109243</parentid>
<timestamp>2017-04-26T18:59:17Z</timestamp>
<contributor>
<username>HydrizBot</username>
<id>29590</id>
</contributor>
<minor />
<comment>Robô: A limpar links interwikis antigos</comment>
<model>wikitext</model>
<format>text/x-wiki</format>
<text bytes="254" xml:space="preserve">={{-pt-}}=
{{Wikipédia}}
==Substantivo==
'''Iaras''' {{pr}}
#[[município]] [[brasileiro]] do [[estado]] de [[São Paulo]]
==Ver também==
*[[Apêndice:Municípios do estado de São Paulo]]
[[Categoria:Município do estado de São Paulo (Português)]]</text>
<sha1>sj3olsapj51uov7ebby7693lx69vact</sha1>
</revision>
