<page>
<title>Iaráin</title>
<ns>0</ns>
<id>140352</id>
<revision>
<id>2270702</id>
<parentid>2189558</parentid>
<timestamp>2017-04-26T18:59:22Z</timestamp>
<contributor>
<username>HydrizBot</username>
<id>29590</id>
</contributor>
<minor />
<comment>Robô: A limpar links interwikis antigos</comment>
<model>wikitext</model>
<format>text/x-wiki</format>
<text bytes="257" xml:space="preserve">={{-ga-}}=
{{Wikipédia|lang=ga}}
==Substantivo==
'''An Iaráin''', {{pr}}
#{{escopo|Geografia}} [[Irã]]
===Variante===
*[[Poblacht Ioslamach na hIaráine]]
==Ver também==
{{Ásia/ga}}
[[Categoria:Substantivo (Irlandês)]]
[[Categoria:País (Irlandês)]]</text>
<sha1>f2r3xh99p7evzmmnyslpwfc6xuffvf6</sha1>
</revision>
</page>
