<page>
<page>
<title>Iaráic</title>
<ns>0</ns>
<id>140350</id>
<revision>
<id>2586418</id>
<parentid>2270701</parentid>
<timestamp>2020-04-25T05:44:10Z</timestamp>
<contributor>
<username>Defender</username>
<id>15952</id>
</contributor>
<model>wikitext</model>
<format>text/x-wiki</format>
<text bytes="244" xml:space="preserve">={{-ga-}}=
{{Wikipédia|lang=ga}}
==Substantivo==
'''An Iaráic''', {{g|pr}}
#{{escopo|ga|País}} [[Iraque]]
==={{-varort-}}===
*[[Poblacht na hIaráice]]
==Ver também==
===No Wikcionário===
{{Ásia/ga}}
[[Categoria:Substantivo (Irlandês)]]</text>
<sha1>gggrnm6on54r4mjyi91oxy0tleq9ct6</sha1>
</revision>
