<page>
<page>
<title>iasg</title>
<ns>0</ns>
<id>259058</id>
<revision>
<id>2359393</id>
<parentid>2179853</parentid>
<timestamp>2017-05-03T11:05:58Z</timestamp>
<contributor>
<username>HydrizBot</username>
<id>29590</id>
</contributor>
<minor />
<comment>Robô: A limpar links interwikis antigos</comment>
<model>wikitext</model>
<format>text/x-wiki</format>
<text bytes="162" xml:space="preserve">={{-gd-}}=
==Substantivo==
'''iasg'''
# [[peixe]] (animal aquático)
{{página-automática|janeiro|2011|peixe|gd}}
[[Categoria:Substantivo (Gaélico Escocês)]]</text>
<sha1>2r6e6t08f8rttsl4qzagm4nzm20mni2</sha1>
</revision>
