<page>
<page>
<title>Iasmim</title>
<ns>0</ns>
<id>340987</id>
<revision>
<id>2270703</id>
<parentid>2189554</parentid>
<timestamp>2017-04-26T18:59:23Z</timestamp>
<contributor>
<username>HydrizBot</username>
<id>29590</id>
</contributor>
<minor />
<comment>Robô: A limpar links interwikis antigos</comment>
<model>wikitext</model>
<format>text/x-wiki</format>
<text bytes="195" xml:space="preserve">={{-pt-}}=
==Substantivo==
{{flex.pt|fs=Iasmim|fp=Iasmins}}
{{oxítona|I|as|mim}}, {{f}}
# [[prenome]] [[feminino]]
[[Categoria:Substantivo (Português)]]
[[Categoria:Antropônimo (Português)]]</text>
<sha1>idwxllt5jrinsw8izrbvuu36fq0zxgz</sha1>
</revision>
