<page>
<page>
<title>iatagã</title>
<ns>0</ns>
<id>177036</id>
<revision>
<id>2359395</id>
<parentid>2043491</parentid>
<timestamp>2017-05-03T11:06:03Z</timestamp>
<contributor>
<username>HydrizBot</username>
<id>29590</id>
</contributor>
<minor />
<comment>Robô: A limpar links interwikis antigos</comment>
<model>wikitext</model>
<format>text/x-wiki</format>
<text bytes="349" xml:space="preserve">[[Imagem:Yataghan.png|thumb|200 px|Iatagã]]
={{-pt-}}=
==Substantivo==
'''ia.ta.gã''' - ''masculino''
# [[sabre]] [[turco]] recurvado, usado no [[combate]] e na [[execução]]
==Ver também==
* [[cimitarra]]
* [[alfanje]]
* [[adaga]]
* [[punhal]]
* [[florete]]
* [[espada]]
[[Categoria:Substantivo (Português)]]
[[Categoria:Arma (Português)]]</text>
<sha1>m3mpeyxj1sqbfc8mxy9xvi6az0ksp1h</sha1>
</revision>
