<page>
<page>
<title>iate</title>
<ns>0</ns>
<id>209889</id>
<revision>
<id>2681467</id>
<parentid>2359396</parentid>
<timestamp>2022-06-22T08:59:36Z</timestamp>
<contributor>
<username>ValJor</username>
<id>1358</id>
</contributor>
<comment>Eliminando [[eita]] da lista de [[Especial:Lonelypages|órfãos]]</comment>
<model>wikitext</model>
<format>text/x-wiki</format>
<text bytes="588" xml:space="preserve">={{-pt-}}=
==Substantivo==
{{flex.pt|ms=iate|mp=iates}}
{{paroxítona|i|a|te}}, {{gramática|m}}
# {{escopo|pt|Náutica}} [[veleiro]] de pequena [[lotação]], com dois [[mastro]]s, movido a vela, [[motor]] ou [[sistema]] [[misto]]
===Sinônimos===
* {{escopo2|estrangeirismo}} ''[[yacht]]''
=={{etimologia|pt}}==
{{llietimo|en|yacht|pt}}
==Ligações externas==
* {{Aulete}}
* {{Michaelis}}
* {{DLPO}}
* {{Infopédia}}
* {{PLP}}
* {{VOLPABL}}
==Anagramas==
&lt;!-- índice para anagramas: pt: aeit --&gt;
# [[atei]]
# [[eita]]
# [[taiê]]
# [[teia]]
[[Categoria:Substantivo (Português)]]</text>
<sha1>568jxzwua9xtcyw97ywdlts0qt61jev</sha1>
</revision>
