<page>
<page>
<title>Iati</title>
<ns>0</ns>
<id>142211</id>
<revision>
<id>2270704</id>
<parentid>2109242</parentid>
<timestamp>2017-04-26T18:59:25Z</timestamp>
<contributor>
<username>HydrizBot</username>
<id>29590</id>
</contributor>
<minor />
<comment>Robô: A limpar links interwikis antigos</comment>
<model>wikitext</model>
<format>text/x-wiki</format>
<text bytes="253" xml:space="preserve">={{-pt-}}=
{{Wikipédia}}
==Substantivo==
'''Iati''' {{pr}}
#[[município]] [[brasileiro]] do [[estado]] de [[Pernambuco]]
==Ver também==
*[[Apêndice:Municípios do estado de Pernambuco]]
[[Categoria:Município do estado de Pernambuco (Português)]]</text>
<sha1>c8wq4hsdx2iyh4uvhdgkqaiofflhrlf</sha1>
</revision>
