<page>
<title>iatrogênico</title>
<ns>0</ns>
<id>88626</id>
<revision>
<id>2568194</id>
<parentid>2560250</parentid>
<timestamp>2019-12-23T01:20:05Z</timestamp>
<contributor>
<username>ValJor</username>
<id>1358</id>
</contributor>
<minor />
<comment>Corrigindo o nome da predefinição</comment>
<model>wikitext</model>
<format>text/x-wiki</format>
<text bytes="992" xml:space="preserve">{{grafiaPtbr|iatrogénico}}
={{-pt-}}=
==Adjetivo==
{{flex.pt|ms=iatrogênico|mp=iatrogênicos|fs=iatrogênica|fp=iatrogênicas}}
{{proparoxítona|i|a|tro|gê|ni|co}}
# induzido pelas [[palavra]]s ou ações de um [[médico]]
===Tradução===
{{tradini}}
* {{trad|de|iatrogen|iatrogenisch}}
* {{trad|cs|iatrogenní}}
* {{trad|es|iatrogénico}}
* {{trad|fr|iatrogène|iatrogénique}}
{{tradmeio}}
* {{trad|nl|iatrogeen}}
* {{trad|en|iatrogenic}}
* {{trad|it|iatrogenico}}
* {{trad|ru|ятроге́нный}}
{{tradfim}}
=={{etimologia|pt}}==
: {{escopo|Morfologia}} [[iatrogenia]] + [[-ico]].
==Ligações externas==
* {{Aulete}}
* [http://michaelis.uol.com.br/busca?r=0&amp;f=0&amp;t=0&amp;palavra=iatrog%C3%AAnico “iatrogênico”], in Trevisan, R. (coord.); Weiszflog, W. (ed.). Michaelis: Moderno Dicionário da Língua Portuguesa. São Paulo: Melhoramentos, 2012 (nova ortografia). ISBN 978-85-06-06953-0
* {{DPLP}}
* {{Infopédia}}
* {{PLP}}
* {{VOLPABL}}
[[Categoria:Adjetivo (Português)]]</text>
<sha1>l9czw1httbhl6ha46649j3abpt5mcd0</sha1>
</revision>
</page>
