<page>
<page>
<title>Iaçu</title>
<ns>0</ns>
<id>137534</id>
<revision>
<id>2270707</id>
<parentid>2109241</parentid>
<timestamp>2017-04-26T18:59:31Z</timestamp>
<contributor>
<username>HydrizBot</username>
<id>29590</id>
</contributor>
<minor />
<comment>Robô: A limpar links interwikis antigos</comment>
<model>wikitext</model>
<format>text/x-wiki</format>
<text bytes="239" xml:space="preserve">={{-pt-}}=
{{Wikipédia}}
==Substantivo==
'''Iaçu''' {{pr}}
#[[município]] [[brasileiro]] do [[estado]] da [[Bahia]]
==Ver também==
*[[Apêndice:Municípios do estado da Bahia]]
[[Categoria:Município do estado da Bahia (Português)]]</text>
<sha1>s3lfp0wes2i9me4u7netd7de4bgfdvb</sha1>
</revision>
