<page>
<title>iaô</title>
<ns>0</ns>
<id>71699</id>
<revision>
<id>1194372</id>
<parentid>283063</parentid>
<timestamp>2011-07-08T23:10:51Z</timestamp>
<contributor>
<username>MalafayaBot</username>
<id>628</id>
</contributor>
<minor />
<comment>Robô: Substituição de texto automática (-^\=\s?Português\s?\= +={{-pt-}}= &amp; -^\=\s?\{\{pt\}\}\s?\= +={{-pt-}}=)</comment>
<model>wikitext</model>
<format>text/x-wiki</format>
<text bytes="488" xml:space="preserve">={{-pt-}}=
==Substantivo==
'''ia.ô''' ''feminino''
:# {{escopo|Candomblé}} [[sacerdotisa]] que incorpora um [[orixá]]
==Hierarquia Sacerdotal==
* [[ialorixá]]/[[babalorixá]]
* [[iyá-kekerê]]
* [[ialaxé]]
* [[iá-tebexê]]
* [[iá-bassê]]
* [[dagã]]
* [[sidagã]]
* [[axougum]]
* [[alabê]]
* [[ogã]]
* [[equéde]]
* [[iaô]]
* [[abiã]]
* [[babalaô]]
* [[açobá]]
* [[olossãim]]
* [[sarapebé]]
[[Categoria:Substantivo (Português)]]
[[Categoria:Candomblé (Português)]]</text>
<sha1>b628sj40444isbnxa1ew84uyx89zvq1</sha1>
</revision>
</page>
