<page>
<page>
<title>iba</title>
<ns>0</ns>
<id>390910</id>
<revision>
<id>2477311</id>
<timestamp>2018-01-13T18:55:59Z</timestamp>
<contributor>
<username>Imivorn</username>
<id>64513</id>
</contributor>
<comment>[[Ajuda:Guia de edição/Menus e ferramentas/Sumário de edição|→]] nova página: ={{-mwl-}}= ==Forma verbal== {{paroxítona|i|ba|língua=mwl}} # [[primeira pessoa]] do [[singular]] no pret...</comment>
<model>wikitext</model>
<format>text/x-wiki</format>
<text bytes="308" xml:space="preserve">={{-mwl-}}=
==Forma verbal==
{{paroxítona|i|ba|língua=mwl}}
# [[primeira pessoa]] do [[singular]] no [[pretérito imperfeito]] do [[indicativo]] de [[ir#Mirandês|ir]]
# [[terceira pessoa]] do singular no pretérito imperfeito do indicativo de ir
{{avi-for-fle|ir}}
[[Categoria:Forma verbal (Mirandês)]]</text>
<sha1>awr1uezzpedpcscdgc4zxcaygpgqms7</sha1>
</revision>
