<page>
<title>Ibaretama</title>
<ns>0</ns>
<id>137946</id>
<revision>
<id>2270710</id>
<parentid>1196080</parentid>
<timestamp>2017-04-26T18:59:36Z</timestamp>
<contributor>
<username>HydrizBot</username>
<id>29590</id>
</contributor>
<minor />
<comment>Robô: A limpar links interwikis antigos</comment>
<model>wikitext</model>
<format>text/x-wiki</format>
<text bytes="246" xml:space="preserve">={{-pt-}}=
{{Wikipédia}}
==Substantivo==
'''Ibaretama''' {{pr}}
#[[município]] [[brasileiro]] do [[estado]] do [[Ceará]]
==Ver também==
*[[Apêndice:Municípios do estado do Ceará]]
[[Categoria:Município do estado do Ceará (Português)]]</text>
<sha1>sj5ek1m859m51o4b3sb2yluofnxdqcp</sha1>
</revision>
</page>
