<page>
<page>
<title>Ibaté</title>
<ns>0</ns>
<id>136279</id>
<revision>
<id>2486608</id>
<parentid>2486607</parentid>
<timestamp>2018-02-24T13:31:14Z</timestamp>
<contributor>
<username>MIL973</username>
<id>41339</id>
</contributor>
<model>wikitext</model>
<format>text/x-wiki</format>
<text bytes="437" xml:space="preserve">{{Wikipédia}}
={{-pt-}}=
==Substantivo==
{{oxítona|I|ba|té}}, {{gramática|pr}}
# {{escopo|pt|Município do estado de São Paulo}} [[Apêndice:Gentílicos e topónimos em português/Brasil/São Paulo|município brasileiro do estado de São Paulo]]
==Ver também==
===No Wikcionário===
* [[ibateense]]
==Ligações externas==
* [http://www.ibate.sp.gov.br/ Prefeitura de Ibaté (São Paulo)]
[[Categoria:Substantivo (Português)]]</text>
<sha1>f4zype1ltbzkzo0huftw6d9gp0kvuhz</sha1>
</revision>
