<page>
<title>Ibateguara</title>
<ns>0</ns>
<id>138083</id>
<revision>
<id>2270711</id>
<parentid>1195442</parentid>
<timestamp>2017-04-26T18:59:38Z</timestamp>
<contributor>
<username>HydrizBot</username>
<id>29590</id>
</contributor>
<minor />
<comment>Robô: A limpar links interwikis antigos</comment>
<model>wikitext</model>
<format>text/x-wiki</format>
<text bytes="250" xml:space="preserve">={{-pt-}}=
{{Wikipédia}}
==Substantivo==
'''Ibateguara''' {{pr}}
#[[município]] [[brasileiro]] do [[estado]] de [[Alagoas]]
==Ver também==
*[[Apêndice:Municípios do estado de Alagoas]]
[[Categoria:Município do estado de Alagoas (Português)]]</text>
<sha1>lwgyr9n1p9brdag5qyis8at3en44k9y</sha1>
</revision>
</page>
