<page>
<title>ibateenses</title>
<ns>0</ns>
<id>393149</id>
<revision>
<id>2486616</id>
<parentid>2486615</parentid>
<timestamp>2018-02-24T13:34:16Z</timestamp>
<contributor>
<username>MIL973</username>
<id>41339</id>
</contributor>
<model>wikitext</model>
<format>text/x-wiki</format>
<text bytes="335" xml:space="preserve">={{-pt-}}=
==Forma de adjetivo==
{{paroxítona|i|ba|te|en|ses}}, {{gramática|c2gp}}
# plural de [[ibateense]]
==Forma de substantivo==
{{paroxítona|i|ba|te|en|ses}}, {{gramática|c2gp}}
# plural de [[ibateense]]
{{avi-for-fle|ibateense}}
[[Categoria:Forma de adjetivo (Português)]]
[[Categoria:Forma de substantivo (Português)]]</text>
<sha1>pvjzles8ngwqyml3qumkm77g6938bmj</sha1>
</revision>
</page>
