<page>
<page>
<title>ibayoloji</title>
<ns>0</ns>
<id>231474</id>
<revision>
<id>2652335</id>
<parentid>1724686</parentid>
<timestamp>2021-11-15T15:25:28Z</timestamp>
<contributor>
<username>ValJor</username>
<id>1358</id>
</contributor>
<comment>Confirmando [[:Categoria:!Entrada criada por robô|verbete criado por robô]]</comment>
<model>wikitext</model>
<format>text/x-wiki</format>
<text bytes="123" xml:space="preserve">={{-xh-}}=
==Substantivo==
'''ibayoloji'''
# [[biologia]]
[[Categoria:Substantivo (Xhosa)]]
[[Categoria:Ciência (Xhosa)]]</text>
<sha1>45qtesbaleemzkb1ka92liccsqjdpo2</sha1>
</revision>
