<page>
<page>
<title>ibento</title>
<ns>0</ns>
<id>245907</id>
<revision>
<id>2359400</id>
<parentid>2219108</parentid>
<timestamp>2017-05-03T11:06:19Z</timestamp>
<contributor>
<username>HydrizBot</username>
<id>29590</id>
</contributor>
<minor />
<comment>Robô: A limpar links interwikis antigos</comment>
<model>wikitext</model>
<format>text/x-wiki</format>
<text bytes="114" xml:space="preserve">={{-ja-}}=
==Transliteração==
# transliteração de [[イベント]]
[[Categoria:Transliteração (Japonês)]]</text>
<sha1>nkt4mx0ilq8s07g731d4mo71st88lrn</sha1>
</revision>
