<page>
<title>iben</title>
<ns>0</ns>
<id>223894</id>
<revision>
<id>2359399</id>
<parentid>2126907</parentid>
<timestamp>2017-05-03T11:06:17Z</timestamp>
<contributor>
<username>HydrizBot</username>
<id>29590</id>
</contributor>
<minor />
<comment>Robô: A limpar links interwikis antigos</comment>
<model>wikitext</model>
<format>text/x-wiki</format>
<text bytes="234" xml:space="preserve">={{-mt-}}=
==Substantivo==
'''iben'''
# [[filho]]
===Sinônimo===
* [[tifel]]
==Ver também==
* [[missier]]
* [[omm]]
* [[bint]]
* [[ħu]]
* [[oħt]]
* [[nanna]]
[[Categoria:Substantivo (Maltês)]]
[[Categoria:Família (Maltês)]]</text>
<sha1>giovq2yfy8gr6mijp07e4w0uec5uzc0</sha1>
</revision>
</page>
