<page>
<title>iberizar</title>
<ns>0</ns>
<id>313068</id>
<revision>
<id>1668200</id>
<timestamp>2013-03-11T13:15:46Z</timestamp>
<contributor>
<username>ValJor</username>
<id>1358</id>
</contributor>
<comment>Por um [[Especial:Lonelypages|wikcionário sem órfãos]]: [[iberizámos]]</comment>
<model>wikitext</model>
<format>text/x-wiki</format>
<text bytes="257" xml:space="preserve">={{-pt-}}=
==Verbo==
{{oxítona|i|be|ri|zar}}, ''v. t.''
# [[tornar]] [[ibérico]]; dar carácter ibérico a
===Conjugação===
{{conj/pt|iberiz|ar}}
=={{etimologia|pt}}==
: {{escopo|Morfologia}} [[ibérico]] + [[-izar]].
[[Categoria:Verbo (Português)]]</text>
<sha1>84qxb674jv519h698vdjn0sdp424zip</sha1>
</revision>
</page>
