<page>
<title>Ibertioga</title>
<ns>0</ns>
<id>141041</id>
<revision>
<id>2575806</id>
<parentid>2575796</parentid>
<timestamp>2020-02-07T08:56:18Z</timestamp>
<contributor>
<username>MIL973</username>
<id>41339</id>
</contributor>
<model>wikitext</model>
<format>text/x-wiki</format>
<text bytes="464" xml:space="preserve">{{Wikipédia}}
={{-pt-}}=
==Substantivo==
{{paroxítona|I|ber|ti|o|ga}}, {{gramática|pr}}
# {{escopo|pt|Município do estado de Minas Gerais}} [[Apêndice:Gentílicos e topónimos em português/Brasil/Minas Gerais|município brasileiro do estado de Minas Gerais]]
==Ver também==
===No Wikcionário===
* [[ibertioguense]]
==Ligações externas==
* [http://www.ibertioga.mg.gov.br/ Prefeitura de Ibertioga (Minas Gerais)]
[[Categoria:Substantivo (Português)]]</text>
<sha1>0bvtw6hdlubnaoc7rhsxnrrr86knd79</sha1>
</revision>
</page>
