<page>
<page>
<title>ibertioguenses</title>
<ns>0</ns>
<id>420438</id>
<revision>
<id>2575805</id>
<parentid>2575804</parentid>
<timestamp>2020-02-07T08:54:28Z</timestamp>
<contributor>
<username>MIL973</username>
<id>41339</id>
</contributor>
<model>wikitext</model>
<format>text/x-wiki</format>
<text bytes="357" xml:space="preserve">={{-pt-}}=
==Forma de adjetivo==
{{paroxítona|i|ber|ti|o|guen|ses}}, {{gramática|c2gp}}
# plural de [[ibertioguense]]
==Forma de substantivo==
{{paroxítona|i|ber|ti|o|guen|ses}}, {{gramática|c2gp}}
# plural de [[ibertioguense]]
{{avi-for-fle|ibertioguense}}
[[Categoria:Forma de adjetivo (Português)]]
[[Categoria:Forma de substantivo (Português)]]</text>
<sha1>iyp0evqr9bvkchl319l8a1utgsnjsto</sha1>
</revision>
