<page>
<page>
<title>ibertioguense</title>
<ns>0</ns>
<id>420437</id>
<revision>
<id>2575801</id>
<parentid>2575800</parentid>
<timestamp>2020-02-07T08:53:23Z</timestamp>
<contributor>
<username>MIL973</username>
<id>41339</id>
</contributor>
<model>wikitext</model>
<format>text/x-wiki</format>
<text bytes="557" xml:space="preserve">={{-pt-}}=
==Adjetivo==
{{flex.pt|s=ibertioguense|p=ibertioguenses}}
{{paroxítona|i|ber|ti|o|guen|se}}, {{gramática|c2g}}
# {{escopo|pt|Gentílico}} de [[Ibertioga]], cidade mineira
==Substantivo==
{{flex.pt|s=ibertioguense|p=ibertioguenses}}
{{paroxítona|i|ber|ti|o|guen|se}}, {{gramática|c2g}}
# {{escopo|pt|Gentílico}} natural de Ibertioga ou seu habitante
=={{etimologia|pt}}==
: {{escopo|Morfologia}} De [[Ibertioga]] + [[-ense]].
==Ligações externas==
* {{VOLPABL}}
[[Categoria:Adjetivo (Português)]]
[[Categoria:Substantivo (Português)]]</text>
<sha1>0fidhi8cby56zotu2yrm6kkgezhjyv9</sha1>
</revision>
