<page>
<page>
<title>ibgeana</title>
<ns>0</ns>
<id>324273</id>
<revision>
<id>1895552</id>
<parentid>1823240</parentid>
<timestamp>2015-02-21T22:38:10Z</timestamp>
<contributor>
<username>MIL973</username>
<id>41339</id>
</contributor>
<model>wikitext</model>
<format>text/x-wiki</format>
<text bytes="297" xml:space="preserve">={{-pt-}}=
==Forma de adjetivo==
{{paroxítona|ib|ge|a|na}}, {{f}}
# feminino de [[ibgeano]]
==Forma de substantivo==
{{paroxítona|ib|ge|a|na}}, {{f}}
# feminino de [[ibgeano]]
{{avi-for-fle|ibgeano}}
[[Categoria:Forma de adjetivo (Português)]]
[[Categoria:Forma de substantivo (Português)]]</text>
<sha1>ojcdbtimun3zavylr5y1gc2y4zdqc5x</sha1>
</revision>
