<page>
<page>
<title>ibgeano</title>
<ns>0</ns>
<id>138388</id>
<revision>
<id>2587224</id>
<parentid>1895554</parentid>
<timestamp>2020-05-06T10:25:01Z</timestamp>
<contributor>
<username>ValJor</username>
<id>1358</id>
</contributor>
<comment>Este verbete havia sido colocado indevidamente na categoria Brasil.</comment>
<model>wikitext</model>
<format>text/x-wiki</format>
<text bytes="984" xml:space="preserve">={{-pt-}}=
==Adjetivo==
{{flex.pt|ms=ibgeano|mp=ibgeanos|fs=ibgeana|fp=ibgeanas}}
{{paroxítona|ib|ge|a|no}}, {{datação|1949}}
# {{escopo|pt|Brasil}} relativo ao [[IBGE]], [[w:Instituto Brasileiro de Geografia e Estatística|Instituto Brasileiro de Geografia e Estatística]]
==Substantivo==
{{paroxítona|ib|ge|a|no}}, {{gramática|m}}
# [[profissional]] vinculado ao IBGE
#* ''No dia 29 de maio de cada ano comemora-se o Dia do '''Ibgeano'''.'' (cf. Art. 30, Capítulo VII do Estatuto do IBGE)
=={{etimologia|pt}}==
: {{escopo|Morfologia}} [[IBGE]] + [[-iano]].
==Ver também==
===No Wikcionário===
* [[daspiano]]
==Ligações externas==
* {{Aulete}}
* {{VOLPABL}}
* [http://pt.forvo.com/word/ibgeano/#pt Forvo: pronúncia de ibgeano]
==Anagramas==
&lt;!-- índice para anagramas: pt: abegino --&gt;
# [[abiegno]]
# [[begônia]]
[[Categoria:Adjetivo (Português)]]
[[Categoria:Substantivo (Português)]]
[[Categoria:Profissão (Português)]]
[[Categoria:Século XX (Português)]]</text>
<sha1>i1a68l0mzm7hzr4zchpriit4rddztiq</sha1>
</revision>
