<page>
<title>ibgeanos</title>
<ns>0</ns>
<id>324272</id>
<revision>
<id>1895551</id>
<parentid>1823237</parentid>
<timestamp>2015-02-21T22:37:54Z</timestamp>
<contributor>
<username>MIL973</username>
<id>41339</id>
</contributor>
<model>wikitext</model>
<format>text/x-wiki</format>
<text bytes="295" xml:space="preserve">={{-pt-}}=
==Forma de adjetivo==
{{paroxítona|ib|ge|a|nos}}, {{m}}
# plural de [[ibgeano]]
==Forma de substantivo==
{{paroxítona|ib|ge|a|nos}}, {{m}}
# plural de [[ibgeano]]
{{avi-for-fle|ibgeano}}
[[Categoria:Forma de adjetivo (Português)]]
[[Categoria:Forma de substantivo (Português)]]</text>
<sha1>rbjducm9lpem5ed2c50g4n3itx4w9u1</sha1>
</revision>
</page>
