<page>
<page>
<title>ibgeanas</title>
<ns>0</ns>
<id>324271</id>
<revision>
<id>1895550</id>
<parentid>1823234</parentid>
<timestamp>2015-02-21T22:37:38Z</timestamp>
<contributor>
<username>MIL973</username>
<id>41339</id>
</contributor>
<model>wikitext</model>
<format>text/x-wiki</format>
<text bytes="313" xml:space="preserve">={{-pt-}}=
==Forma de adjetivo==
{{paroxítona|ib|ge|a|nas}}, {{f}}
# feminino plural de [[ibgeano]]
==Forma de substantivo==
{{paroxítona|ib|ge|a|nas}}, {{f}}
# feminino plural de [[ibgeano]]
{{avi-for-fle|ibgeano}}
[[Categoria:Forma de adjetivo (Português)]]
[[Categoria:Forma de substantivo (Português)]]</text>
<sha1>9cc92pkyl6ptuh9a7e9h2hbuh0uh4or</sha1>
</revision>
