<page>
<page>
<title>ibhayoloji</title>
<ns>0</ns>
<id>231448</id>
<revision>
<id>2672620</id>
<parentid>2359403</parentid>
<timestamp>2022-04-13T14:26:47Z</timestamp>
<contributor>
<username>ValJor</username>
<id>1358</id>
</contributor>
<comment>Confirmando [[:Categoria:!Entrada criada por robô|verbete criado por robô]]</comment>
<model>wikitext</model>
<format>text/x-wiki</format>
<text bytes="148" xml:space="preserve">{{Wikipédia|lang=ss}}
={{-ss-}}=
==Substantivo==
'''ibhayoloji'''
# [[biologia]]
[[Categoria:Substantivo (Suazi)]]
[[Categoria:Ciência (Suazi)]]</text>
<sha1>hcvshbrtdqh7ngbt7n86pli6jt5snnt</sha1>
</revision>
