<page>
<page>
<title>ibhere</title>
<ns>0</ns>
<id>314592</id>
<revision>
<id>2652332</id>
<parentid>2359404</parentid>
<timestamp>2021-11-15T15:15:25Z</timestamp>
<contributor>
<username>ValJor</username>
<id>1358</id>
</contributor>
<comment>Confirmando [[:Categoria:!Entrada criada por robô|verbete criado por robô]]</comment>
<model>wikitext</model>
<format>text/x-wiki</format>
<text bytes="265" xml:space="preserve">[[Imagem:Ursus arctos - Norway.jpg|thumb|right|250px|{{centro|Urso}}]]
={{-xh-}}=
==Substantivo==
'''ibhere'''
# [[urso]] (animal da família dos ursídeos)
[[Categoria:Substantivo (Xhosa)]]
[[Categoria:Mamífero (Xhosa)]]
[[Categoria:Entrada com imagem (Xhosa)]]</text>
<sha1>lhmf3uf5idnc2a9k1cv9zr3ro35cjpm</sha1>
</revision>
