<page>
<page>
<title>ibhotile</title>
<ns>0</ns>
<id>231770</id>
<revision>
<id>2652166</id>
<parentid>2359405</parentid>
<timestamp>2021-11-14T10:24:54Z</timestamp>
<contributor>
<username>ValJor</username>
<id>1358</id>
</contributor>
<comment>Confirmando [[:Categoria:!Entrada criada por robô|verbete criado por robô]]</comment>
<model>wikitext</model>
<format>text/x-wiki</format>
<text bytes="218" xml:space="preserve">{{Wikipédia|lang=xh}}
[[Imagem:Bottle.agr.jpg|thumb|right|250px|{{centro|Garrafa}}]]
={{-xh-}}=
==Substantivo==
'''ibhotile'''
# [[garrafa]]
[[Categoria:Substantivo (Xhosa)]]
[[Categoria:Entrada com imagem (Xhosa)]]</text>
<sha1>s9xy9v7qh18zw4pn52cd7vcel1fepbw</sha1>
</revision>
