<page>
<page>
<title>ibi</title>
<ns>0</ns>
<id>77715</id>
<revision>
<id>2359408</id>
<parentid>2243440</parentid>
<timestamp>2017-05-03T11:06:42Z</timestamp>
<contributor>
<username>HydrizBot</username>
<id>29590</id>
</contributor>
<minor />
<comment>Robô: A limpar links interwikis antigos</comment>
<model>wikitext</model>
<format>text/x-wiki</format>
<text bytes="291" xml:space="preserve">={{-la-}}=
==Advérbio==
'''i.bi''' ''de lugar''
# [[aí]]
#:''Ubi est id? '''Ibi''' est id.'' &lt;small&gt;''Onde ele está? '''Aí''' está ele.''&lt;/small&gt; 
==Ver também==
===No Wikcionário===
*[[ubi]]
*[[eo]]
*[[inde]]
*[[ea]]
[[Categoria:Advérbio (Latim)]]
[[Categoria:Dissílabo (Latim)]]</text>
<sha1>dxmnlxzol1kv6ghcw5lhscad7azi0fl</sha1>
</revision>
