<page>
<title>Ibiara</title>
<ns>0</ns>
<id>145287</id>
<revision>
<id>2270718</id>
<parentid>1198343</parentid>
<timestamp>2017-04-26T18:59:50Z</timestamp>
<contributor>
<username>HydrizBot</username>
<id>29590</id>
</contributor>
<minor />
<comment>Robô: A limpar links interwikis antigos</comment>
<model>wikitext</model>
<format>text/x-wiki</format>
<text bytes="249" xml:space="preserve">={{-pt-}}=
{{Wikipédia}}
==Substantivo==
'''Ibiara''' {{pr}}
#[[município]] [[brasileiro]] do [[estado]] da [[Paraíba]]
==Ver também==
*[[Apêndice:Municípios do estado da Paraíba]]
[[Categoria:Município do estado da Paraíba (Português)]]</text>
<sha1>fwewdvlytcr7f7o4hkafrcncgxe198i</sha1>
</revision>
</page>
