<page>
<title>Ibiaçá</title>
<ns>0</ns>
<id>143286</id>
<revision>
<id>2686615</id>
<parentid>2270720</parentid>
<timestamp>2022-08-19T08:25:57Z</timestamp>
<contributor>
<username>ValJor</username>
<id>1358</id>
</contributor>
<comment>Desfazendo ligação para redirecionamento para poder eliminá-lo em seguida</comment>
<model>wikitext</model>
<format>text/x-wiki</format>
<text bytes="393" xml:space="preserve">{{Wikipédia|lang=pt}}
={{-pt-}}=
==Substantivo==
{{oxítona|I|bi|a|çá}}, {{gramática|pr}}
# [[município]] [[brasileiro]] do [[estado]] do [[Rio Grande do Sul]]
==Ver também==
===No Wikcionário===
* [[Apêndice:Gentílicos e topónimos em português/Brasil/Rio Grande do Sul]]
[[Categoria:Substantivo (Português)]]
[[Categoria:Município do estado do Rio Grande do Sul (Português)]]</text>
<sha1>7x6jtbes7gpcww8w1iqu79y2zelxyd2</sha1>
</revision>
</page>
