<page>
<title>ibiaenses</title>
<ns>0</ns>
<id>420440</id>
<revision>
<id>2575816</id>
<parentid>2575815</parentid>
<timestamp>2020-02-07T09:02:12Z</timestamp>
<contributor>
<username>MIL973</username>
<id>41339</id>
</contributor>
<model>wikitext</model>
<format>text/x-wiki</format>
<text bytes="330" xml:space="preserve">={{-pt-}}=
==Forma de adjetivo==
{{paroxítona|i|bi|a|en|ses}}, {{gramática|c2gp}}
# plural de [[ibiaense]]
==Forma de substantivo==
{{paroxítona|i|bi|a|en|ses}}, {{gramática|c2gp}}
# plural de [[ibiaense]]
{{avi-for-fle|ibiaense}}
[[Categoria:Forma de adjetivo (Português)]]
[[Categoria:Forma de substantivo (Português)]]</text>
<sha1>ctv1fmzq27x7p840g0fg7vzs73wvm9i</sha1>
</revision>
</page>
