<page>
<page>
<title>Ibiam</title>
<ns>0</ns>
<id>143833</id>
<revision>
<id>2270716</id>
<parentid>2109237</parentid>
<timestamp>2017-04-26T18:59:46Z</timestamp>
<contributor>
<username>HydrizBot</username>
<id>29590</id>
</contributor>
<minor />
<comment>Robô: A limpar links interwikis antigos</comment>
<model>wikitext</model>
<format>text/x-wiki</format>
<text bytes="340" xml:space="preserve">{{Wikipédia}}
={{-pt-}}=
==Substantivo==
{{oxítona|I|bi|am}}, {{pr}}
# [[município]] [[brasileiro]] do [[estado]] de [[Santa Catarina]]
==Ver também==
===No Wikcionário===
* [[Apêndice:Municípios do estado de Santa Catarina]]
[[Categoria:Substantivo (Português)]]
[[Categoria:Município do estado de Santa Catarina (Português)]]</text>
<sha1>nj7p3yxubfu52u1w1aosbdt414vw5is</sha1>
</revision>
