<page>
<page>
<title>ibiaienses</title>
<ns>0</ns>
<id>420442</id>
<revision>
<id>2575828</id>
<parentid>2575827</parentid>
<timestamp>2020-02-07T09:07:23Z</timestamp>
<contributor>
<username>MIL973</username>
<id>41339</id>
</contributor>
<model>wikitext</model>
<format>text/x-wiki</format>
<text bytes="337" xml:space="preserve">={{-pt-}}=
==Forma de adjetivo==
{{paroxítona|i|bi|a|i|en|ses}}, {{gramática|c2gp}}
# plural de [[ibiaiense]]
==Forma de substantivo==
{{paroxítona|i|bi|a|i|en|ses}}, {{gramática|c2gp}}
# plural de [[ibiaiense]]
{{avi-for-fle|ibiaiense}}
[[Categoria:Forma de adjetivo (Português)]]
[[Categoria:Forma de substantivo (Português)]]</text>
<sha1>44k87qbfjg4afmw5wq4qu7adhqvr0ig</sha1>
</revision>
