<page>
<title>Ibiassucê</title>
<ns>0</ns>
<id>137535</id>
<revision>
<id>2270719</id>
<parentid>2109236</parentid>
<timestamp>2017-04-26T18:59:51Z</timestamp>
<contributor>
<username>HydrizBot</username>
<id>29590</id>
</contributor>
<minor />
<comment>Robô: A limpar links interwikis antigos</comment>
<model>wikitext</model>
<format>text/x-wiki</format>
<text bytes="244" xml:space="preserve">={{-pt-}}=
{{Wikipédia}}
==Substantivo==
'''Ibiassucê''' {{pr}}
#[[município]] [[brasileiro]] do [[estado]] da [[Bahia]]
==Ver também==
*[[Apêndice:Municípios do estado da Bahia]]
[[Categoria:Município do estado da Bahia (Português)]]</text>
<sha1>4mtvetwruxiopj9qftcvtv6rmz9fnud</sha1>
</revision>
</page>
