<page>
<page>
<title>Ibiapina</title>
<ns>0</ns>
<id>137947</id>
<revision>
<id>2270717</id>
<parentid>1196081</parentid>
<timestamp>2017-04-26T18:59:48Z</timestamp>
<contributor>
<username>HydrizBot</username>
<id>29590</id>
</contributor>
<minor />
<comment>Robô: A limpar links interwikis antigos</comment>
<model>wikitext</model>
<format>text/x-wiki</format>
<text bytes="245" xml:space="preserve">={{-pt-}}=
{{Wikipédia}}
==Substantivo==
'''Ibiapina''' {{pr}}
#[[município]] [[brasileiro]] do [[estado]] do [[Ceará]]
==Ver também==
*[[Apêndice:Municípios do estado do Ceará]]
[[Categoria:Município do estado do Ceará (Português)]]</text>
<sha1>bhpukc88y7pjo7c9z29sa266bgrxroy</sha1>
</revision>
