<page>
<title>Ibicaré</title>
<ns>0</ns>
<id>143834</id>
<revision>
<id>2270723</id>
<parentid>2109232</parentid>
<timestamp>2017-04-26T18:59:59Z</timestamp>
<contributor>
<username>HydrizBot</username>
<id>29590</id>
</contributor>
<minor />
<comment>Robô: A limpar links interwikis antigos</comment>
<model>wikitext</model>
<format>text/x-wiki</format>
<text bytes="269" xml:space="preserve">={{-pt-}}=
{{Wikipédia}}
==Substantivo==
'''Ibicaré''' {{pr}}
#[[município]] [[brasileiro]] do [[estado]] de [[Santa Catarina]]
==Ver também==
*[[Apêndice:Municípios do estado de Santa Catarina]]
[[Categoria:Município do estado de Santa Catarina (Português)]]</text>
<sha1>9zj2tt9ifn5ohd54krzcyctzoeqk9jt</sha1>
</revision>
</page>
