<page>
<title>Ibicuitinga</title>
<ns>0</ns>
<id>137948</id>
<revision>
<id>2270724</id>
<parentid>1196082</parentid>
<timestamp>2017-04-26T19:00:02Z</timestamp>
<contributor>
<username>HydrizBot</username>
<id>29590</id>
</contributor>
<minor />
<comment>Robô: A limpar links interwikis antigos</comment>
<model>wikitext</model>
<format>text/x-wiki</format>
<text bytes="248" xml:space="preserve">={{-pt-}}=
{{Wikipédia}}
==Substantivo==
'''Ibicuitinga''' {{pr}}
#[[município]] [[brasileiro]] do [[estado]] do [[Ceará]]
==Ver também==
*[[Apêndice:Municípios do estado do Ceará]]
[[Categoria:Município do estado do Ceará (Português)]]</text>
<sha1>n2e9j5fi91ur92tdtjkpvtwq2dc7uco</sha1>
</revision>
</page>
