<page>
<page>
<title>Ibicuí</title>
<ns>0</ns>
<id>137538</id>
<revision>
<id>2270725</id>
<parentid>2109230</parentid>
<timestamp>2017-04-26T19:00:05Z</timestamp>
<contributor>
<username>HydrizBot</username>
<id>29590</id>
</contributor>
<minor />
<comment>Robô: A limpar links interwikis antigos</comment>
<model>wikitext</model>
<format>text/x-wiki</format>
<text bytes="241" xml:space="preserve">={{-pt-}}=
{{Wikipédia}}
==Substantivo==
'''Ibicuí''' {{pr}}
#[[município]] [[brasileiro]] do [[estado]] da [[Bahia]]
==Ver também==
*[[Apêndice:Municípios do estado da Bahia]]
[[Categoria:Município do estado da Bahia (Português)]]</text>
<sha1>baioe7t46w6ncfxhyml627gob9xpfdc</sha1>
</revision>
