<page>
<page>
<title>ibidem</title>
<ns>0</ns>
<id>54709</id>
<revision>
<id>2359409</id>
<parentid>1979136</parentid>
<timestamp>2017-05-03T11:06:46Z</timestamp>
<contributor>
<username>HydrizBot</username>
<id>29590</id>
</contributor>
<minor />
<comment>Robô: A limpar links interwikis antigos</comment>
<model>wikitext</model>
<format>text/x-wiki</format>
<text bytes="315" xml:space="preserve">={{-pt-}}=
[[Categoria:Advérbio (Português)]]
==Advérbio==
'''ibidem''' ''advérbio ''
# [[no]] [[mesmo]] [[lugar]]
# [[na]] [[mesma]] [[passagem]]
={{-la-}}=
==Advérbio==
'''i.bi.dem'''
:# lá mesmo
;# no mesmo lugar
:# na mesma [[ocasião]]
==Outros Verbetes==
* [[ibidum]]
[[Categoria:Advérbio (Latim)]]</text>
<sha1>l1omykktpzuiwk5kjucjvpdetk3ljfp</sha1>
</revision>
