<page>
<page>
<title>ibielnu</title>
<ns>0</ns>
<id>278335</id>
<revision>
<id>2608408</id>
<parentid>1649687</parentid>
<timestamp>2021-01-16T10:49:11Z</timestamp>
<contributor>
<username>ValJor</username>
<id>1358</id>
</contributor>
<comment>Corrigindo o nome do idioma: Extremenho --&gt; Estremenho</comment>
<model>wikitext</model>
<format>text/x-wiki</format>
<text bytes="326" xml:space="preserve">{{Wikipédia|lang=ext|iviernu}}
={{-ext-}}=
==Substantivo==
'''ibielnu'''
# [[inverno]]
==={{-varort-}}===
* [[iviernu]]
==={{etimologia|ext}}===
{{llietimo|la|hibernum|ext}}
==Ver também==
===No Wikcionário===
{{estações do ano/ext}}
[[Categoria:Substantivo (Estremenho)]]
[[Categoria:Estação do ano (Estremenho)]]</text>
<sha1>ktiptfezthqnfs45xhwl57rg37wd7lj</sha1>
</revision>
