<page>
<page>
<title>Ibiporã</title>
<ns>0</ns>
<id>140066</id>
<revision>
<id>2270729</id>
<parentid>1763326</parentid>
<timestamp>2017-04-26T19:00:12Z</timestamp>
<contributor>
<username>HydrizBot</username>
<id>29590</id>
</contributor>
<minor />
<comment>Robô: A limpar links interwikis antigos</comment>
<model>wikitext</model>
<format>text/x-wiki</format>
<text bytes="248" xml:space="preserve">={{-pt-}}=
{{Wikipédia}}
==Substantivo==
'''Ibiporã''' {{pr}}
#[[município]] [[brasileiro]] do [[estado]] do [[Paraná]]
==Ver também==
*[[Apêndice:Municípios do estado do Paraná]]
[[Categoria:Município do estado do Paraná (Português)]]</text>
<sha1>msuwf81r4kx10htvrl3w5dn1fkq6xi0</sha1>
</revision>
