<page>
<page>
<title>Ibipeba</title>
<ns>0</ns>
<id>137539</id>
<revision>
<id>2270727</id>
<parentid>2109229</parentid>
<timestamp>2017-04-26T19:00:08Z</timestamp>
<contributor>
<username>HydrizBot</username>
<id>29590</id>
</contributor>
<minor />
<comment>Robô: A limpar links interwikis antigos</comment>
<model>wikitext</model>
<format>text/x-wiki</format>
<text bytes="241" xml:space="preserve">={{-pt-}}=
{{Wikipédia}}
==Substantivo==
'''Ibipeba''' {{pr}}
#[[município]] [[brasileiro]] do [[estado]] da [[Bahia]]
==Ver também==
*[[Apêndice:Municípios do estado da Bahia]]
[[Categoria:Município do estado da Bahia (Português)]]</text>
<sha1>algjuo9rinrxndfzxi8rboe9fa2g3i4</sha1>
</revision>
