<page>
<page>
<title>Ibipitanga</title>
<ns>0</ns>
<id>137540</id>
<revision>
<id>2270728</id>
<parentid>2109228</parentid>
<timestamp>2017-04-26T19:00:10Z</timestamp>
<contributor>
<username>HydrizBot</username>
<id>29590</id>
</contributor>
<minor />
<comment>Robô: A limpar links interwikis antigos</comment>
<model>wikitext</model>
<format>text/x-wiki</format>
<text bytes="244" xml:space="preserve">={{-pt-}}=
{{Wikipédia}}
==Substantivo==
'''Ibipitanga''' {{pr}}
#[[município]] [[brasileiro]] do [[estado]] da [[Bahia]]
==Ver também==
*[[Apêndice:Municípios do estado da Bahia]]
[[Categoria:Município do estado da Bahia (Português)]]</text>
<sha1>ey36b9958xtewxw1wpyzsqrl9x3t25l</sha1>
</revision>
