<page>
<page>
<title>Ibiraci</title>
<ns>0</ns>
<id>141045</id>
<revision>
<id>2575951</id>
<parentid>2575950</parentid>
<timestamp>2020-02-08T08:37:05Z</timestamp>
<contributor>
<username>MIL973</username>
<id>41339</id>
</contributor>
<model>wikitext</model>
<format>text/x-wiki</format>
<text bytes="452" xml:space="preserve">{{Wikipédia}}
={{-pt-}}=
==Substantivo==
{{oxítona|I|bi|ra|ci}}, {{gramática|pr}}
# {{escopo|pt|Município do estado de Minas Gerais}} [[Apêndice:Gentílicos e topónimos em português/Brasil/Minas Gerais|município brasileiro do estado de Minas Gerais]]
==Ver também==
===No Wikcionário===
* [[ibiraciense]]
==Ligações externas==
* [http://www.ibiraci.mg.gov.br/ Prefeitura de Ibiraci (Minas Gerais)]
[[Categoria:Substantivo (Português)]]</text>
<sha1>5ynzmr4wp6etewbjslkkpua2clltoot</sha1>
</revision>
