<page>
<page>
<title>ibiracienses</title>
<ns>0</ns>
<id>420488</id>
<revision>
<id>2575959</id>
<parentid>2575958</parentid>
<timestamp>2020-02-08T08:41:33Z</timestamp>
<contributor>
<username>MIL973</username>
<id>41339</id>
</contributor>
<model>wikitext</model>
<format>text/x-wiki</format>
<text bytes="347" xml:space="preserve">={{-pt-}}=
==Forma de adjetivo==
{{paroxítona|i|bi|ra|ci|en|ses}}, {{gramática|c2gp}}
# plural de [[ibiraciense]]
==Forma de substantivo==
{{paroxítona|i|bi|ra|ci|en|ses}}, {{gramática|c2gp}}
# plural de [[ibiraciense]]
{{avi-for-fle|ibiraciense}}
[[Categoria:Forma de adjetivo (Português)]]
[[Categoria:Forma de substantivo (Português)]]</text>
<sha1>shtxdofhzeaa9hov5j2npygrm7xwaz9</sha1>
</revision>
