<page>
<page>
<title>Ibiraiaras</title>
<ns>0</ns>
<id>143287</id>
<revision>
<id>2270733</id>
<parentid>2109224</parentid>
<timestamp>2017-04-26T19:00:19Z</timestamp>
<contributor>
<username>HydrizBot</username>
<id>29590</id>
</contributor>
<minor />
<comment>Robô: A limpar links interwikis antigos</comment>
<model>wikitext</model>
<format>text/x-wiki</format>
<text bytes="280" xml:space="preserve">={{-pt-}}=
{{Wikipédia}}
==Substantivo==
'''Ibiraiaras''' {{pr}}
#[[município]] [[brasileiro]] do [[estado]] do [[Rio Grande do Sul]]
==Ver também==
*[[Apêndice:Municípios do estado do Rio Grande do Sul]]
[[Categoria:Município do estado do Rio Grande do Sul (Português)]]</text>
<sha1>gmfpt7s3nlkakdbfnugp0fw9ve8xtwd</sha1>
</revision>
