<page>
<title>ibiraciense</title>
<ns>0</ns>
<id>420487</id>
<revision>
<id>2575955</id>
<parentid>2575954</parentid>
<timestamp>2020-02-08T08:40:10Z</timestamp>
<contributor>
<username>MIL973</username>
<id>41339</id>
</contributor>
<model>wikitext</model>
<format>text/x-wiki</format>
<text bytes="538" xml:space="preserve">={{-pt-}}=
==Adjetivo==
{{flex.pt|s=ibiraciense|p=ibiracienses}}
{{paroxítona|i|bi|ra|ci|en|se}}, {{gramática|c2g}}
# {{escopo|pt|Gentílico}} de [[Ibiraci]], cidade mineira
==Substantivo==
{{flex.pt|s=ibiraciense|p=ibiracienses}}
{{paroxítona|i|bi|ra|ci|en|se}}, {{gramática|c2g}}
# {{escopo|pt|Gentílico}} natural de Ibiraci ou seu habitante
=={{etimologia|pt}}==
: {{escopo|Morfologia}} De [[Ibiraci]] + [[-ense]].
==Ligações externas==
* {{Aulete}}
[[Categoria:Adjetivo (Português)]]
[[Categoria:Substantivo (Português)]]</text>
<sha1>067hzu4fwe6lmcoukxy49jxwr8ix9ad</sha1>
</revision>
</page>
