<page>
<title>Ibirarema</title>
<ns>0</ns>
<id>136281</id>
<revision>
<id>2486627</id>
<parentid>2270739</parentid>
<timestamp>2018-02-24T13:39:04Z</timestamp>
<contributor>
<username>MIL973</username>
<id>41339</id>
</contributor>
<model>wikitext</model>
<format>text/x-wiki</format>
<text bytes="455" xml:space="preserve">{{Wikipédia}}
={{-pt-}}=
==Substantivo==
{{paroxítona|I|bi|ra|re|ma}}, {{gramática|pr}}
# {{escopo|pt|Município do estado de São Paulo}} [[Apêndice:Gentílicos e topónimos em português/Brasil/São Paulo|município brasileiro do estado de São Paulo]]
==Ver também==
===No Wikcionário===
* [[ibiraremense]]
==Ligações externas==
* [http://www.ibirarema.sp.gov.br/ Prefeitura de Ibirarema (São Paulo)]
[[Categoria:Substantivo (Português)]]</text>
<sha1>oz4liuyxk9xls9cb72uqsasxixzbksn</sha1>
</revision>
</page>
