<page>
<title>Ibiraçu</title>
<ns>0</ns>
<id>144807</id>
<revision>
<id>2270741</id>
<parentid>1196219</parentid>
<timestamp>2017-04-26T19:00:35Z</timestamp>
<contributor>
<username>HydrizBot</username>
<id>29590</id>
</contributor>
<minor />
<comment>Robô: A limpar links interwikis antigos</comment>
<model>wikitext</model>
<format>text/x-wiki</format>
<text bytes="272" xml:space="preserve">={{-pt-}}=
{{Wikipédia}}
==Substantivo==
'''Ibiraçu''' {{pr}}
#[[município]] [[brasileiro]] do [[estado]] do [[Espírito Santo]]
==Ver também==
*[[Apêndice:Municípios do estado do Espírito Santo]]
[[Categoria:Município do estado do Espírito Santo (Português)]]</text>
<sha1>bvjcjwm9in88s496er3ox630xppi3wt</sha1>
</revision>
</page>
