<page>
<title>Ibiracatu</title>
<ns>0</ns>
<id>141044</id>
<revision>
<id>2575939</id>
<parentid>2575938</parentid>
<timestamp>2020-02-08T08:30:13Z</timestamp>
<contributor>
<username>MIL973</username>
<id>41339</id>
</contributor>
<model>wikitext</model>
<format>text/x-wiki</format>
<text bytes="461" xml:space="preserve">{{Wikipédia}}
={{-pt-}}=
==Substantivo==
{{oxítona|I|bi|ra|ca|tu}}, {{gramática|pr}}
# {{escopo|pt|Município do estado de Minas Gerais}} [[Apêndice:Gentílicos e topónimos em português/Brasil/Minas Gerais|município brasileiro do estado de Minas Gerais]]
==Ver também==
===No Wikcionário===
* [[ibiracatuense]]
==Ligações externas==
* [http://www.ibiracatu.mg.gov.br/ Prefeitura de Ibiracatu (Minas Gerais)]
[[Categoria:Substantivo (Português)]]</text>
<sha1>21z5xa1610dmwvrm3hi5016ny68dccx</sha1>
</revision>
</page>
