<page>
<page>
<title>ibiriteenses</title>
<ns>0</ns>
<id>323487</id>
<revision>
<id>2251986</id>
<parentid>1889317</parentid>
<timestamp>2017-03-13T06:40:39Z</timestamp>
<contributor>
<username>MIL973</username>
<id>41339</id>
</contributor>
<model>wikitext</model>
<format>text/x-wiki</format>
<text bytes="347" xml:space="preserve">={{-pt-}}=
==Forma de adjetivo==
{{paroxítona|i|bi|ri|te|en|ses}}, {{gramática|c2gp}}
# plural de [[ibiriteense]]
==Forma de substantivo==
{{paroxítona|i|bi|ri|te|en|ses}}, {{gramática|c2gp}}
# plural de [[ibiriteense]]
{{avi-for-fle|ibiriteense}}
[[Categoria:Forma de adjetivo (Português)]]
[[Categoria:Forma de substantivo (Português)]]</text>
<sha1>d0af66ol33ln8zq06i1ntg669yajw7f</sha1>
</revision>
