<page>
<title>Ibirá</title>
<ns>0</ns>
<id>136280</id>
<revision>
<id>2486619</id>
<parentid>2486618</parentid>
<timestamp>2018-02-24T13:35:29Z</timestamp>
<contributor>
<username>MIL973</username>
<id>41339</id>
</contributor>
<model>wikitext</model>
<format>text/x-wiki</format>
<text bytes="437" xml:space="preserve">{{Wikipédia}}
={{-pt-}}=
==Substantivo==
{{oxítona|I|bi|rá}}, {{gramática|pr}}
# {{escopo|pt|Município do estado de São Paulo}} [[Apêndice:Gentílicos e topónimos em português/Brasil/São Paulo|município brasileiro do estado de São Paulo]]
==Ver também==
===No Wikcionário===
* [[ibiraense]]
==Ligações externas==
* [http://www.ibira.sp.gov.br/ Prefeitura de Ibirá (São Paulo)]
[[Categoria:Substantivo (Português)]]</text>
<sha1>7ml8kvrnahnxbolvbdnenlmk9zvipjm</sha1>
</revision>
</page>
