<page>
<title>Ibirité</title>
<ns>0</ns>
<id>141046</id>
<revision>
<id>2470880</id>
<parentid>2270742</parentid>
<timestamp>2017-12-16T00:01:36Z</timestamp>
<contributor>
<username>MIL973</username>
<id>41339</id>
</contributor>
<model>wikitext</model>
<format>text/x-wiki</format>
<text bytes="454" xml:space="preserve">{{Wikipédia}}
={{-pt-}}=
==Substantivo==
{{oxítona|I|bi|ri|té}}, {{gramática|pr}}
# {{escopo|pt|Município do estado de Minas Gerais}} [[Apêndice:Gentílicos e topónimos em português/Brasil/Minas Gerais|município brasileiro do estado de Minas Gerais]]
==Ver também==
===No Wikcionário===
* [[ibiriteense]]
==Ligações externas==
* [http://www.ibirite.mg.gov.br/ Prefeitura de Ibirité (Minas Gerais)]
[[Categoria:Substantivo (Português)]]</text>
<sha1>cuvtlexcyvvj6bh3xbzxk8dgcyuhy3l</sha1>
</revision>
</page>
