<page>
<page>
<title>ibiraenses</title>
<ns>0</ns>
<id>393152</id>
<revision>
<id>2486626</id>
<parentid>2486625</parentid>
<timestamp>2018-02-24T13:38:08Z</timestamp>
<contributor>
<username>MIL973</username>
<id>41339</id>
</contributor>
<model>wikitext</model>
<format>text/x-wiki</format>
<text bytes="335" xml:space="preserve">={{-pt-}}=
==Forma de adjetivo==
{{paroxítona|i|bi|ra|en|ses}}, {{gramática|c2gp}}
# plural de [[ibiraense]]
==Forma de substantivo==
{{paroxítona|i|bi|ra|en|ses}}, {{gramática|c2gp}}
# plural de [[ibiraense]]
{{avi-for-fle|ibiraense}}
[[Categoria:Forma de adjetivo (Português)]]
[[Categoria:Forma de substantivo (Português)]]</text>
<sha1>cgj5593k39ax996vqswbwjhqnf3dv7w</sha1>
</revision>
