<page>
<page>
<title>Ibirapuã</title>
<ns>0</ns>
<id>137543</id>
<revision>
<id>2270738</id>
<parentid>2109270</parentid>
<timestamp>2017-04-26T19:00:30Z</timestamp>
<contributor>
<username>HydrizBot</username>
<id>29590</id>
</contributor>
<minor />
<comment>Robô: A limpar links interwikis antigos</comment>
<model>wikitext</model>
<format>text/x-wiki</format>
<text bytes="243" xml:space="preserve">={{-pt-}}=
{{Wikipédia}}
==Substantivo==
'''Ibirapuã''' {{pr}}
#[[município]] [[brasileiro]] do [[estado]] da [[Bahia]]
==Ver também==
*[[Apêndice:Municípios do estado da Bahia]]
[[Categoria:Município do estado da Bahia (Português)]]</text>
<sha1>2cdu9y59lwvsdjszrl0fksbwksh0394</sha1>
</revision>
