<page>
<page>
<title>ibiracatuenses</title>
<ns>0</ns>
<id>420486</id>
<revision>
<id>2575947</id>
<parentid>2575946</parentid>
<timestamp>2020-02-08T08:34:03Z</timestamp>
<contributor>
<username>MIL973</username>
<id>41339</id>
</contributor>
<model>wikitext</model>
<format>text/x-wiki</format>
<text bytes="359" xml:space="preserve">={{-pt-}}=
==Forma de adjetivo==
{{paroxítona|i|bi|ra|ca|tu|en|ses}}, {{gramática|c2gp}}
# plural de [[ibiracatuense]]
==Forma de substantivo==
{{paroxítona|i|bi|ra|ca|tu|en|ses}}, {{gramática|c2gp}}
# plural de [[ibiracatuense]]
{{avi-for-fle|ibiracatuense}}
[[Categoria:Forma de adjetivo (Português)]]
[[Categoria:Forma de substantivo (Português)]]</text>
<sha1>p7pvhs9wq9b0wa0rsgpjluk05zbirg1</sha1>
</revision>
