<page>
<page>
<title>Ibirataia</title>
<ns>0</ns>
<id>137545</id>
<revision>
<id>2270740</id>
<parentid>2109267</parentid>
<timestamp>2017-04-26T19:00:33Z</timestamp>
<contributor>
<username>HydrizBot</username>
<id>29590</id>
</contributor>
<minor />
<comment>Robô: A limpar links interwikis antigos</comment>
<model>wikitext</model>
<format>text/x-wiki</format>
<text bytes="243" xml:space="preserve">={{-pt-}}=
{{Wikipédia}}
==Substantivo==
'''Ibirataia''' {{pr}}
#[[município]] [[brasileiro]] do [[estado]] da [[Bahia]]
==Ver também==
*[[Apêndice:Municípios do estado da Bahia]]
[[Categoria:Município do estado da Bahia (Português)]]</text>
<sha1>a9qddfb4gsdhvpjeszrppvo5868le76</sha1>
</revision>
