<page>
<title>Ibirapitanga</title>
<ns>0</ns>
<id>137542</id>
<revision>
<id>2270736</id>
<parentid>2109222</parentid>
<timestamp>2017-04-26T19:00:27Z</timestamp>
<contributor>
<username>HydrizBot</username>
<id>29590</id>
</contributor>
<minor />
<comment>Robô: A limpar links interwikis antigos</comment>
<model>wikitext</model>
<format>text/x-wiki</format>
<text bytes="246" xml:space="preserve">={{-pt-}}=
{{Wikipédia}}
==Substantivo==
'''Ibirapitanga''' {{pr}}
#[[município]] [[brasileiro]] do [[estado]] da [[Bahia]]
==Ver também==
*[[Apêndice:Municípios do estado da Bahia]]
[[Categoria:Município do estado da Bahia (Português)]]</text>
<sha1>hhhmtftv6fzbvfyqsilfwiwemn65bzc</sha1>
</revision>
</page>
