<page>
<title>Ibirubá</title>
<ns>0</ns>
<id>143289</id>
<revision>
<id>2686700</id>
<parentid>2270743</parentid>
<timestamp>2022-08-20T13:48:09Z</timestamp>
<contributor>
<username>ValJor</username>
<id>1358</id>
</contributor>
<comment>Desfazendo ligação para redirecionamento para poder eliminá-lo em seguida</comment>
<model>wikitext</model>
<format>text/x-wiki</format>
<text bytes="393" xml:space="preserve">{{Wikipédia|lang=pt}}
={{-pt-}}=
==Substantivo==
{{oxítona|I|bi|ru|bá}}, {{gramática|pr}}
# [[município]] [[brasileiro]] do [[estado]] do [[Rio Grande do Sul]]
==Ver também==
===No Wikcionário===
* [[Apêndice:Gentílicos e topónimos em português/Brasil/Rio Grande do Sul]]
[[Categoria:Substantivo (Português)]]
[[Categoria:Município do estado do Rio Grande do Sul (Português)]]</text>
<sha1>i601bcco80idlvqmnsb6l9ho45lz1ye</sha1>
</revision>
</page>
