<page>
<page>
<title>ibirapitá</title>
<ns>0</ns>
<id>291170</id>
<revision>
<id>2624138</id>
<parentid>1600277</parentid>
<timestamp>2021-02-19T11:56:36Z</timestamp>
<contributor>
<username>ValJor</username>
<id>1358</id>
</contributor>
<comment>Substituindo a [[Especial:Páginas_afluentes/Predefinição:escopoCatLang|predefinição escopoCatLang]] por escopo</comment>
<model>wikitext</model>
<format>text/x-wiki</format>
<text bytes="589" xml:space="preserve">={{-pt-}}=
==Substantivo==
{{flex.pt|ms=ibirapitá|mp=ibirapitás}}
{{oxítona|i|bi|ra|pi|tá}}, {{gramática|m}}
# {{escopo|pt|Botânica}} o mesmo que [[pau-brasil]] (''[[species:Caesalpinia_echinata|Caesalpinia echinata]]'')
# {{escopo|pt|Botânica}} o mesmo que [[canafístula]] (''[[species:Peltophorum_dubium|Peltophorum dubium]]'')
==={{-varort-}}===
* [[ibirapuitá]]
=={{etimologia|pt}}==
: Alteração de ''{{link opcional|ibirapitã}}'', redução de ''[[ibirapitanga]]''.
==Ligações externas==
* {{Michaelis|ibirapita}}
* {{VOLPABL}}
[[Categoria:Substantivo (Português)]]</text>
<sha1>bt97avt2mm34z0cdzpegy9wb0axgx60</sha1>
</revision>
