<page>
<title>Ibirapuitã</title>
<ns>0</ns>
<id>143288</id>
<revision>
<id>2685309</id>
<parentid>2270737</parentid>
<timestamp>2022-08-03T10:42:18Z</timestamp>
<contributor>
<username>ValJor</username>
<id>1358</id>
</contributor>
<comment>Desfazendo ligação para redirecionamento para poder eliminá-lo em seguida</comment>
<model>wikitext</model>
<format>text/x-wiki</format>
<text bytes="398" xml:space="preserve">{{Wikipédia|lang=pt}}
={{-pt-}}=
==Substantivo==
{{oxítona|I|bi|ra|pu|i|tã}}, {{gramática|pr}}
# [[município]] [[brasileiro]] do [[estado]] do [[Rio Grande do Sul]]
==Ver também==
===No Wikcionário===
* [[Apêndice:Gentílicos e topónimos em português/Brasil/Rio Grande do Sul]]
[[Categoria:Substantivo (Português)]]
[[Categoria:Município do estado do Rio Grande do Sul (Português)]]</text>
<sha1>jc7zc3sjsbarg2524ckuuzprewd6l7t</sha1>
</revision>
</page>
