<page>
<title>Ibirajuba</title>
<ns>0</ns>
<id>142213</id>
<revision>
<id>2270734</id>
<parentid>1198590</parentid>
<timestamp>2017-04-26T19:00:21Z</timestamp>
<contributor>
<username>HydrizBot</username>
<id>29590</id>
</contributor>
<minor />
<comment>Robô: A limpar links interwikis antigos</comment>
<model>wikitext</model>
<format>text/x-wiki</format>
<text bytes="258" xml:space="preserve">={{-pt-}}=
{{Wikipédia}}
==Substantivo==
'''Ibirajuba''' {{pr}}
#[[município]] [[brasileiro]] do [[estado]] de [[Pernambuco]]
==Ver também==
*[[Apêndice:Municípios do estado de Pernambuco]]
[[Categoria:Município do estado de Pernambuco (Português)]]</text>
<sha1>bbcfi3ph1sec8y582f5cx4mjlegi8pd</sha1>
</revision>
</page>
