<page>
<page>
<title>Ibituruna</title>
<ns>0</ns>
<id>141048</id>
<revision>
<id>2575963</id>
<parentid>2575962</parentid>
<timestamp>2020-02-08T08:43:38Z</timestamp>
<contributor>
<username>MIL973</username>
<id>41339</id>
</contributor>
<model>wikitext</model>
<format>text/x-wiki</format>
<text bytes="463" xml:space="preserve">{{Wikipédia}}
={{-pt-}}=
==Substantivo==
{{paroxítona|I|bi|tu|ru|na}}, {{gramática|pr}}
# {{escopo|pt|Município do estado de Minas Gerais}} [[Apêndice:Gentílicos e topónimos em português/Brasil/Minas Gerais|município brasileiro do estado de Minas Gerais]]
==Ver também==
===No Wikcionário===
* [[ibiturunense]]
==Ligações externas==
* [http://www.ibituruna.mg.gov.br/ Prefeitura de Ibituruna (Minas Gerais)]
[[Categoria:Substantivo (Português)]]</text>
<sha1>co4i1ee0869ft788v7puzz2ng5nou8v</sha1>
</revision>
