<page>
<title>ibiturunense</title>
<ns>0</ns>
<id>420489</id>
<revision>
<id>2575971</id>
<parentid>2575970</parentid>
<timestamp>2020-02-08T08:48:03Z</timestamp>
<contributor>
<username>MIL973</username>
<id>41339</id>
</contributor>
<model>wikitext</model>
<format>text/x-wiki</format>
<text bytes="550" xml:space="preserve">={{-pt-}}=
==Adjetivo==
{{flex.pt|s=ibiturunense|p=ibiturunenses}}
{{paroxítona|i|bi|tu|ru|nen|se}}, {{gramática|c2g}}
# {{escopo|pt|Gentílico}} de [[Ibituruna]], cidade mineira
==Substantivo==
{{flex.pt|s=ibiturunense|p=ibiturunenses}}
{{paroxítona|i|bi|tu|ru|nen|se}}, {{gramática|c2g}}
# {{escopo|pt|Gentílico}} natural de Ibituruna ou seu habitante
=={{etimologia|pt}}==
: {{escopo|Morfologia}} De [[Ibituruna]] + [[-ense]].
==Ligações externas==
* {{Aulete}}
[[Categoria:Adjetivo (Português)]]
[[Categoria:Substantivo (Português)]]</text>
<sha1>fwtcu362et7hr8peltgcjym14q37kgk</sha1>
</revision>
</page>
