<page>
<page>
<title>ibitinguenses</title>
<ns>0</ns>
<id>393156</id>
<revision>
<id>2486641</id>
<parentid>2486640</parentid>
<timestamp>2018-02-24T13:47:31Z</timestamp>
<contributor>
<username>MIL973</username>
<id>41339</id>
</contributor>
<model>wikitext</model>
<format>text/x-wiki</format>
<text bytes="350" xml:space="preserve">={{-pt-}}=
==Forma de adjetivo==
{{paroxítona|i|bi|tin|guen|ses}}, {{gramática|c2gp}}
# plural de [[ibitinguense]]
==Forma de substantivo==
{{paroxítona|i|bi|tin|guen|ses}}, {{gramática|c2gp}}
# plural de [[ibitinguense]]
{{avi-for-fle|ibitinguense}}
[[Categoria:Forma de adjetivo (Português)]]
[[Categoria:Forma de substantivo (Português)]]</text>
<sha1>sza7h1nr5cbmr3kdfutpsfeax4qbszc</sha1>
</revision>
