<page>
<page>
<title>Ibitirama</title>
<ns>0</ns>
<id>144808</id>
<revision>
<id>2270747</id>
<parentid>1196220</parentid>
<timestamp>2017-04-26T19:00:46Z</timestamp>
<contributor>
<username>HydrizBot</username>
<id>29590</id>
</contributor>
<minor />
<comment>Robô: A limpar links interwikis antigos</comment>
<model>wikitext</model>
<format>text/x-wiki</format>
<text bytes="273" xml:space="preserve">={{-pt-}}=
{{Wikipédia}}
==Substantivo==
'''Ibitirama''' {{pr}}
#[[município]] [[brasileiro]] do [[estado]] do [[Espírito Santo]]
==Ver também==
*[[Apêndice:Municípios do estado do Espírito Santo]]
[[Categoria:Município do estado do Espírito Santo (Português)]]</text>
<sha1>apkt5iuld0lr6hv87de39at5v6mikb0</sha1>
</revision>
