<page>
<title>ibiunense</title>
<ns>0</ns>
<id>393157</id>
<revision>
<id>2491410</id>
<parentid>2486647</parentid>
<timestamp>2018-03-28T01:21:20Z</timestamp>
<contributor>
<username>MIL973</username>
<id>41339</id>
</contributor>
<model>wikitext</model>
<format>text/x-wiki</format>
<text bytes="525" xml:space="preserve">={{-pt-}}=
==Adjetivo==
{{flex.pt|s=ibiunense|p=ibiunenses}}
{{paroxítona|i|bi|u|nen|se}}, {{gramática|c2g}}
# {{escopo|pt|Gentílico}} de [[Ibiúna]], cidade paulista
==Substantivo==
{{flex.pt|s=ibiunense|p=ibiunenses}}
{{paroxítona|i|bi|u|nen|se}}, {{gramática|c2g}}
# {{escopo|pt|Gentílico}} natural de Ibiúna ou seu habitante
=={{etimologia|pt}}==
: {{escopo|Morfologia}} De [[Ibiúna]] + [[-ense]].
==Ligações externas==
* {{Aulete}}
[[Categoria:Adjetivo (Português)]]
[[Categoria:Substantivo (Português)]]</text>
<sha1>o57sfpn83755ngm30kut1xnro57w0hl</sha1>
</revision>
</page>
