<page>
<title>ibiunenses</title>
<ns>0</ns>
<id>393158</id>
<revision>
<id>2486650</id>
<parentid>2486649</parentid>
<timestamp>2018-02-24T13:51:39Z</timestamp>
<contributor>
<username>MIL973</username>
<id>41339</id>
</contributor>
<model>wikitext</model>
<format>text/x-wiki</format>
<text bytes="335" xml:space="preserve">={{-pt-}}=
==Forma de adjetivo==
{{paroxítona|i|bi|u|nen|ses}}, {{gramática|c2gp}}
# plural de [[ibiunense]]
==Forma de substantivo==
{{paroxítona|i|bi|u|nen|ses}}, {{gramática|c2gp}}
# plural de [[ibiunense]]
{{avi-for-fle|ibiunense}}
[[Categoria:Forma de adjetivo (Português)]]
[[Categoria:Forma de substantivo (Português)]]</text>
<sha1>itjq1kuzgx60v31qk3at05tsphiah69</sha1>
</revision>
</page>
