<page>
<page>
<title>ibo</title>
<ns>0</ns>
<id>320888</id>
<revision>
<id>2689063</id>
<parentid>2689062</parentid>
<timestamp>2022-09-29T15:54:45Z</timestamp>
<contributor>
<username>ValJor</username>
<id>1358</id>
</contributor>
<minor />
<comment>Revertidas edições por [[Especial:Contribuições/2804:18:684D:25D1:75C9:E88A:A6CD:4A13|2804:18:684D:25D1:75C9:E88A:A6CD:4A13]] para a última versão por [[Especial:Contribuições/Defender|Defender]]</comment>
<model>wikitext</model>
<format>text/x-wiki</format>
<text bytes="260" xml:space="preserve">{{Wikipédia|lang=pt}}
={{-pt-}}=
== Substantivo ==
{{flex.pt|ms=ibo|mp=ibos}}
{{paroxítona|i|bo}}, {{gramática|m}}
# indivíduo dos ibos, povo do Sudeste da Nigéria e notável por suas [[estatueta]]s e [[máscara]]s
[[Categoria:Substantivo (Português)]]</text>
<sha1>1j8p3iumbfilmonfwk7lm5qp2hb9bkc</sha1>
</revision>
