<page>
<title>iboga</title>
<ns>0</ns>
<id>224417</id>
<revision>
<id>2650985</id>
<parentid>2650984</parentid>
<timestamp>2021-10-27T09:22:46Z</timestamp>
<contributor>
<username>ValJor</username>
<id>1358</id>
</contributor>
<minor />
<comment>Revertidas edições por [[Especial:Contribuições/2804:14D:90AF:8AB9:D20:759F:3333:EDB6|2804:14D:90AF:8AB9:D20:759F:3333:EDB6]] para a última versão por [[Especial:Contribuições/HydrizBot|HydrizBot]]</comment>
<model>wikitext</model>
<format>text/x-wiki</format>
<text bytes="1554" xml:space="preserve">={{-pt-}}=
==Substantivo==
{{flex.pt|fs=iboga|fp=ibogas}}
{{paroxítona|i|bo|ga}}
# [[planta]] do [[Congo]] que os [[indígena]]s usam como [[excitante]] com efeitos análogos aos do [[álcool]]
[[Categoria:Substantivo (Português)]]
[[Categoria:Botânica (Português)]]
={{-ca-}}=
==Substantivo==
'''iboga'''
# [[iboga#Português|iboga]]
[[Categoria:Substantivo (Catalão)]]
[[Categoria:Botânica (Catalão)]]
={{-cs-}}=
==Substantivo==
'''iboga'''
# [[iboga#Português|iboga]]
[[Categoria:Substantivo (Checo)]]
[[Categoria:Botânica (Checo)]]
={{-es-}}=
==Substantivo==
'''iboga'''
# [[iboga#Português|iboga]]
[[Categoria:Substantivo (Espanhol)]]
[[Categoria:Botânica (Espanhol)]]
={{-fr-}}=
==Substantivo==
'''iboga'''
# [[iboga#Português|iboga]]
[[Categoria:Substantivo (Francês)]]
[[Categoria:Botânica (Francês)]]
={{-hu-}}=
==Substantivo==
'''iboga'''
# [[iboga#Português|iboga]]
[[Categoria:Substantivo (Húngaro)]]
[[Categoria:Botânica (Húngaro)]]
={{-en-}}=
==Substantivo==
'''iboga'''
# [[iboga#Português|iboga]]
[[Categoria:Substantivo (Inglês)]]
[[Categoria:Botânica (Inglês)]]
={{-it-}}=
==Substantivo==
'''iboga'''
# [[iboga#Português|iboga]]
[[Categoria:Substantivo (Italiano)]]
[[Categoria:Botânica (Italiano)]]
={{-no-}}=
==Substantivo==
'''iboga'''
# [[iboga#Português|iboga]]
[[Categoria:Substantivo (Norueguês)]]
[[Categoria:Botânica (Norueguês)]]
={{-pl-}}=
==Substantivo==
'''iboga'''
# [[iboga#Português|iboga]]
[[Categoria:Substantivo (Polonês)]]
[[Categoria:Botânica (Polonês)]]</text>
<sha1>12iltt2fd5fx9jsbzk22cxbg4gdf02o</sha1>
</revision>
</page>
