<page>
<page>
<title>ibolya</title>
<ns>0</ns>
<id>76798</id>
<revision>
<id>2667313</id>
<parentid>2359413</parentid>
<timestamp>2022-03-22T04:48:51Z</timestamp>
<contributor>
<username>First jumper</username>
<id>44431</id>
</contributor>
<comment>/* {{-hu-}} */ complementos</comment>
<model>wikitext</model>
<format>text/x-wiki</format>
<text bytes="328" xml:space="preserve">={{-hu-}}=
==Substantivo==
'''{{grifar|ibo}}.lya'''
# {{escopo|hu|flor}} [[violeta]]
=={{etimologia|hu}}==
{{llietimo|la|viola|hu}}
=={{pronúncia|hu}}==
* [[AFI]]: {{AFI|/ˈibojɒ/|hu}} {{audio|Hu-ibolya.ogg|ouvir|lang=hu}}
===Termos derivados===
* [[ibolyakék]]
{{categorias|{{nome categoria|hu}}|Dissílabo|Substantivo}}</text>
<sha1>nuni1vmbzzfipig2mrjyvcihrv5uzz1</sha1>
</revision>
