<page>
<title>ibope</title>
<ns>0</ns>
<id>4767</id>
<revision>
<id>2452536</id>
<parentid>2452535</parentid>
<timestamp>2017-09-28T14:02:54Z</timestamp>
<contributor>
<username>Askekamo</username>
<id>60711</id>
</contributor>
<model>wikitext</model>
<format>text/x-wiki</format>
<text bytes="201" xml:space="preserve">={{-pt-}}=
==Substantivo==
{{paroxítona|i|bo|pe}}, {{gramática|m}}
# audiência de um [[dado]] [[programa]] televisivo segundo índice produzido pelo [[IBOPE]]
[[Categoria:Substantivo (Português)]]</text>
<sha1>sdot0xsafzfg0tqlrv0bsy3ovne8edi</sha1>
</revision>
</page>
