<page>
<title>Ibotirama</title>
<ns>0</ns>
<id>137548</id>
<revision>
<id>2270754</id>
<parentid>2109256</parentid>
<timestamp>2017-04-26T19:00:59Z</timestamp>
<contributor>
<username>HydrizBot</username>
<id>29590</id>
</contributor>
<minor />
<comment>Robô: A limpar links interwikis antigos</comment>
<model>wikitext</model>
<format>text/x-wiki</format>
<text bytes="243" xml:space="preserve">={{-pt-}}=
{{Wikipédia}}
==Substantivo==
'''Ibotirama''' {{pr}}
#[[município]] [[brasileiro]] do [[estado]] da [[Bahia]]
==Ver também==
*[[Apêndice:Municípios do estado da Bahia]]
[[Categoria:Município do estado da Bahia (Português)]]</text>
<sha1>e2pse3153a3qhisrlwhvp97kfzy8g33</sha1>
</revision>
</page>
