<page>
<page>
<title>ibrir</title>
<ns>0</ns>
<id>31042</id>
<revision>
<id>2359414</id>
<parentid>1534161</parentid>
<timestamp>2017-05-03T11:07:01Z</timestamp>
<contributor>
<username>HydrizBot</username>
<id>29590</id>
</contributor>
<minor />
<comment>Robô: A limpar links interwikis antigos</comment>
<model>wikitext</model>
<format>text/x-wiki</format>
<text bytes="184" xml:space="preserve">={{-shi-}}=
==Substantivo==
'''ibrir'''
# o mês de [[abril]]
==Ver também==
===No Wikcionário===
{{meses/shi}}
[[Categoria:Substantivo (Tashelhit)]]
[[Categoria:Mês (Tashelhit)]]</text>
<sha1>251d8drcr1efz34kw4yyo2z1ifeym8g</sha1>
</revision>
