<page>
<title>ibun</title>
<ns>0</ns>
<id>8307</id>
<revision>
<id>2359415</id>
<parentid>1772775</parentid>
<timestamp>2017-05-03T11:07:04Z</timestamp>
<contributor>
<username>HydrizBot</username>
<id>29590</id>
</contributor>
<minor />
<comment>Robô: A limpar links interwikis antigos</comment>
<model>wikitext</model>
<format>text/x-wiki</format>
<text bytes="118" xml:space="preserve">={{-tet-}}=
==Substantivo==
'''ibun''' 
# [[boca]]
[[Categoria:Substantivo (Tétum)]]
[[Categoria:Anatomia (Tétum)]]</text>
<sha1>tv6on8txfdfxa9hq9wdjekowvuf5kjx</sha1>
</revision>
</page>
