<page>
<page>
<title>ibéricos</title>
<ns>0</ns>
<id>332067</id>
<revision>
<id>2359422</id>
<parentid>1979132</parentid>
<timestamp>2017-05-03T11:07:21Z</timestamp>
<contributor>
<username>HydrizBot</username>
<id>29590</id>
</contributor>
<minor />
<comment>Robô: A limpar links interwikis antigos</comment>
<model>wikitext</model>
<format>text/x-wiki</format>
<text bytes="314" xml:space="preserve">={{-pt-}}=
==Forma de adjetivo==
{{proparoxítona|i|bé|ri|cos}}, {{m}}
# [[plural]] de [[ibérico]]
==Forma de substantivo==
{{proparoxítona|i|bé|ri|cos}}, {{m}}
# [[plural]] de [[ibérico]]
{{avi-for-fle|ibérico}}
[[Categoria:Forma de adjetivo (Português)]]
[[Categoria:Forma de substantivo (Português)]]</text>
<sha1>mwpace2shmlz2us1xe1n1famsxpqfqf</sha1>
</revision>
