<page>
<title>ibérica</title>
<ns>0</ns>
<id>332068</id>
<revision>
<id>2359419</id>
<parentid>2179855</parentid>
<timestamp>2017-05-03T11:07:14Z</timestamp>
<contributor>
<username>HydrizBot</username>
<id>29590</id>
</contributor>
<minor />
<comment>Robô: A limpar links interwikis antigos</comment>
<model>wikitext</model>
<format>text/x-wiki</format>
<text bytes="316" xml:space="preserve">={{-pt-}}=
==Forma de adjetivo==
{{proparoxítona|i|bé|ri|ca}}, {{f}}
# [[feminino]] de [[ibérico]]
==Forma de substantivo==
{{proparoxítona|i|bé|ri|ca}}, {{f}}
# [[feminino]] de [[ibérico]]
{{avi-for-fle|ibérico}}
[[Categoria:Forma de adjetivo (Português)]]
[[Categoria:Forma de substantivo (Português)]]</text>
<sha1>js7xzj6qy7i3gahypc2sfcd3nxco0rr</sha1>
</revision>
</page>
