<page>
<title>ibéria</title>
<ns>0</ns>
<id>108144</id>
<revision>
<id>1189870</id>
<parentid>862745</parentid>
<timestamp>2011-07-08T18:49:48Z</timestamp>
<contributor>
<username>MalafayaBot</username>
<id>628</id>
</contributor>
<minor />
<comment>Robô: Substituição de texto automática (-^\=\s?Português\s?\= +={{-pt-}}= &amp; -^\=\s?\{\{pt\}\}\s?\= +={{-pt-}}=)</comment>
<model>wikitext</model>
<format>text/x-wiki</format>
<text bytes="143" xml:space="preserve">={{-pt-}}=
==Forma de adjetivo==
{{proparoxítona aparente|i|bé|ri|a}}
# feminino de [[ibério]]
[[Categoria:Forma de adjetivo (Português)]]</text>
<sha1>bvovsugs8xbel5e2lzsdp4qvkbkmvsr</sha1>
</revision>
</page>
