<page>
<title>IC</title>
<ns>0</ns>
<id>41350</id>
<revision>
<id>2690052</id>
<parentid>2586742</parentid>
<timestamp>2022-10-22T16:33:48Z</timestamp>
<contributor>
<username>InternetArchiveBot</username>
<id>81604</id>
</contributor>
<comment>Rescuing 1 sources and tagging 0 as dead.) #IABot (v2.0.9.2</comment>
<model>wikitext</model>
<format>text/x-wiki</format>
<text bytes="1462" xml:space="preserve">{{ver também|ic|iç|-ic|-ić|-ič|iċ-|-iĉ-}}
={{-pt-}}=
==Abreviatura==
'''IC''', {{gramática|f}}
# {{escopo|pt|Brasil|Educação}} {{link opcional|iniciação científica}}
==Sigla==
'''IC''', {{gramática|m}}
# {{escopo|pt|Portugal}} [[w:Instituto_Camões|'''I'''nstituto '''C'''amões]]
==Ver também==
===No Wikcionário===
{{verTambém.Ini}}
* [[Camões]]
* [[CNPq]]
* [[instituto]]
{{verTambém.NovaColuna}}
* [[PIBIC]]
* [[PIBITI]]
* [[PIC]]
{{verTambém.Fim}}
===Ligações externas===
{{verTambém.Ini}}
* [http://pt.forvo.com/word/instituto_cam%C3%B5es/#pt Forvo: pronúncia de Instituto Camões]
* [https://web.archive.org/web/20060821202607/http://www.instituto-camoes.pt/index.htm Site do Instituto Camões]
{{verTambém.Fim}}
==Anagramas==
# [[CI]]
[[Categoria:Abreviatura (Português)]]
[[Categoria:Sigla (Português)]]
={{-en-}}=
==Abreviatura==
'''IC'''
# {{escopo|en|Eletrônica}} [[integrated circuit]]
# [[ion chromatography]]
# {{escopo2|Criacionismo}} [[irreducible complexity]]
# [[in character]]
# {{escopo|en|Internetês}} [[I]] [[see]]
===Antônimos===
* De '''4''': [[OOC]]
==Ver também==
===No Wikcionário===
{{verTambém.Ini}}
* {{escopo2|criacionismo}} [[ID]]
* {{escopo2|eletrônica}} [[ASIC]], [[chip]]. [[discrete component]], [[HSIC]], [[LSI]], [[MSI]], [[SSI]], [[ULSI]], [[VHSIC]], [[VLSI]]
{{verTambém.Fim}}
==Anagramas==
# [[cI]]
# [[CI]]
[[Categoria:Abreviatura (Inglês)]]
[[Categoria:Gíria (Inglês)]]</text>
<sha1>7wozwv3z3kguh0ustppjavl5wqt9s81</sha1>
</revision>
</page>
