<page>
<page>
<title>ic</title>
<ns>0</ns>
<id>118542</id>
<revision>
<id>2683457</id>
<parentid>2560239</parentid>
<timestamp>2022-07-13T01:02:33Z</timestamp>
<contributor>
<username>ValJor</username>
<id>1358</id>
</contributor>
<comment>Corrigindo nome do idioma: proto-indo-europeu --&gt; protoindo-europeu</comment>
<model>wikitext</model>
<format>text/x-wiki</format>
<text bytes="1078" xml:space="preserve">[[Imagem:Wedge-1.jpg|thumb|right|250px|{{centro|Cunha}}]]
{{ver também|IC}}
={{-ang-}}=
==Pronome==
'''iċ''', {{gramática|pess}}
# [[eu]], pronome pessoal do caso reto da primeira pessoa do singular
===Declinação===
{{decl.ang.pron.pessoal}}
=={{etimologia|ang}}==
: Do [[protoindo-europeu]] *''egom'', pelo [[proto-germânico]] *''ek'', *''ik''.
===Cognatos===
{{tradini|Cognatos de ''ic''}}
* {{trad|goh|ih}}
* {{trad|ofs|ik}}
* {{trad-|got|𐌹𐌺|(ik)}}
{{tradmeio}}
* {{trad|non|ek}}
* {{trad|osx|ik}}
{{tradfim}}
=={{pronúncia|ang}}==
* [[AFI]]: {{AFI|/iʧ/}}
* [[X-SAMPA]]: /itS/
[[Categoria:Pronome pessoal (Inglês Antigo)]]
[[Categoria:Monossílabo (Inglês Antigo)]]
={{-ro-}}=
==Substantivo==
'''ic''', {{gramática|n}}
# [[cunha]]
===Declinação===
{{decl.ro.subst.neu}}
=={{etimologia|ro}}==
{{llietimo|hu|ék|ro}}
==Ver também==
===Referências===
{{verTambém.Ini}}
* {{DEX}}
{{verTambém.Fim}}
[[Categoria:Substantivo (Romeno)]]
[[Categoria:Monossílabo (Romeno)]]
[[Categoria:Ferramenta (Romeno)]]
[[Categoria:Entrada com imagem (Romeno)]]</text>
<sha1>29vsd106mzst3lz6qkvkkvrg307khh5</sha1>
</revision>
