<page>
<title>ICAO</title>
<ns>0</ns>
<id>399910</id>
<revision>
<id>2518053</id>
<timestamp>2018-09-08T12:52:51Z</timestamp>
<contributor>
<username>Flávio Nuno Neves Rodrigues</username>
<id>68112</id>
</contributor>
<comment>Sigla</comment>
<model>wikitext</model>
<format>text/x-wiki</format>
<text bytes="398" xml:space="preserve">={{-pt-}}=
==Sigla==
'''''ICAO''''', {{gramática|f}}
# {{escopo|pt|estrangeirismo}} ''International Civil Aviation Organization'': ver [[OACI]] (Organização da Aviação Civil Internacional)
[[Categoria:Sigla (Português)]]
={{-en-}}=
==Sigla==
'''ICAO'''
# ''International Civil Aviation Organization'': [[OACI]] (Organização da Aviação Civil Internacional)
[[Categoria:Sigla (Inglês)]]</text>
<sha1>g5pptgiga6be4kv1z3w8ldptbpcfm04</sha1>
</revision>
</page>
