<page>
<title>Icapuí</title>
<ns>0</ns>
<id>132077</id>
<revision>
<id>2270755</id>
<parentid>1196083</parentid>
<timestamp>2017-04-26T19:01:01Z</timestamp>
<contributor>
<username>HydrizBot</username>
<id>29590</id>
</contributor>
<minor />
<comment>Robô: A limpar links interwikis antigos</comment>
<model>wikitext</model>
<format>text/x-wiki</format>
<text bytes="227" xml:space="preserve">={{-pt-}}=
{{Wikipédia}}
==Substantivo==
'''{{PAGENAME}}'''
#município do estado do [[Ceará]], Brasil
==Ver também==
*[[Apêndice:Municípios do estado do Ceará]]
[[Categoria:Município do estado do Ceará (Português)]]</text>
<sha1>edoitvuxywia76wi6s8vqumrtzn26qt</sha1>
</revision>
</page>
