<page>
<title>ICAR</title>
<ns>0</ns>
<id>443168</id>
<revision>
<id>2674359</id>
<timestamp>2022-04-19T13:59:19Z</timestamp>
<contributor>
<ip>2804:828:F233:A1D7:EDA1:B240:4814:C82C</ip>
</contributor>
<comment>[[Ajuda:Guia de edição/Menus e ferramentas/Sumário de edição|→]] nova página: = {{-pt-}} = == Sigla == '''ICAR''', {{f}} # {{escopo|pt|religião}} [[w:Igreja_Católica|'''I'''greja '''C'''atólica '''A'''postólica '''R'''omana]]  [[Categoria:Sigla (Português)]]</comment>
<model>wikitext</model>
<format>text/x-wiki</format>
<text bytes="185" xml:space="preserve">= {{-pt-}} =
== Sigla ==
'''ICAR''', {{f}}
# {{escopo|pt|religião}} [[w:Igreja_Católica|'''I'''greja '''C'''atólica '''A'''postólica '''R'''omana]]
[[Categoria:Sigla (Português)]]</text>
<sha1>moe41jpry9cugk7w2pz2d7ry4h7124x</sha1>
</revision>
</page>
