<page>
<title>Icaraíma</title>
<ns>0</ns>
<id>140067</id>
<revision>
<id>2270757</id>
<parentid>1198031</parentid>
<timestamp>2017-04-26T19:01:06Z</timestamp>
<contributor>
<username>HydrizBot</username>
<id>29590</id>
</contributor>
<minor />
<comment>Robô: A limpar links interwikis antigos</comment>
<model>wikitext</model>
<format>text/x-wiki</format>
<text bytes="249" xml:space="preserve">={{-pt-}}=
{{Wikipédia}}
==Substantivo==
'''Icaraíma''' {{pr}}
#[[município]] [[brasileiro]] do [[estado]] do [[Paraná]]
==Ver também==
*[[Apêndice:Municípios do estado do Paraná]]
[[Categoria:Município do estado do Paraná (Português)]]</text>
<sha1>oemx1w9kvv7tssdam07e9mbt71pmp2w</sha1>
</revision>
</page>
