<page>
<page>
<title>Icatu</title>
<ns>0</ns>
<id>144992</id>
<revision>
<id>2270759</id>
<parentid>1196590</parentid>
<timestamp>2017-04-26T19:01:11Z</timestamp>
<contributor>
<username>HydrizBot</username>
<id>29590</id>
</contributor>
<minor />
<comment>Robô: A limpar links interwikis antigos</comment>
<model>wikitext</model>
<format>text/x-wiki</format>
<text bytes="251" xml:space="preserve">={{-pt-}}=
{{Wikipédia}}
==Substantivo==
'''Icatu''' {{pr}}
#[[município]] [[brasileiro]] do [[estado]] do [[Maranhão]]
==Ver também==
*[[Apêndice:Municípios do estado do Maranhão]]
[[Categoria:Município do estado do Maranhão (Português)]]</text>
<sha1>6jtitmlbebhie5fasmhocdgam0ye5p7</sha1>
</revision>
