<page>
<page>
<title>icebergue</title>
<ns>0</ns>
<id>333173</id>
<revision>
<id>2359427</id>
<parentid>2203339</parentid>
<timestamp>2017-05-03T11:07:50Z</timestamp>
<contributor>
<username>HydrizBot</username>
<id>29590</id>
</contributor>
<minor />
<comment>Robô: A limpar links interwikis antigos</comment>
<model>wikitext</model>
<format>text/x-wiki</format>
<text bytes="717" xml:space="preserve">={{-pt-}}=
==Substantivo==
{{flex.pt|ms=icebergue|mp=icebergues}}
{{paroxítona|i|ce|ber|gue}}, {{gramática|m}}
# [[grande]] [[massa]] de [[gelo]] que [[se]] [[desprender|desprende]] de [[plataforma]] de [[gelo]] e [[que]] [[vagar|vaga]], à deriva, nos [[oceano]]s
===Nota===
* semiaportuguesamento de ''[[iceberg]]''; forma preferível: [[aicebergue]], incluída no Vocabulário da Língua Portuguesa da Academia de Ciências de Lisboa em 2014.
===Sinônimos===
De '''1''' (grande massa de gelo):
{{verTambém.Ini}}
* [[aicebergue]]
{{verTambém.NovaColuna}}
* {{escopo2|estrangeirismo}} ''[[iceberg]]''
{{verTambém.Fim}}
=={{etimologia|pt}}==
{{llietimo|en|iceberg|pt}}
[[Categoria:Substantivo (Português)]]</text>
<sha1>19qbtzsjid1g3fgelcop4c0nerneigd</sha1>
</revision>
