<page>
<title>Iceland</title>
<ns>0</ns>
<id>129551</id>
<revision>
<id>2270760</id>
<parentid>1894178</parentid>
<timestamp>2017-04-26T19:01:19Z</timestamp>
<contributor>
<username>HydrizBot</username>
<id>29590</id>
</contributor>
<minor />
<comment>Robô: A limpar links interwikis antigos</comment>
<model>wikitext</model>
<format>text/x-wiki</format>
<text bytes="207" xml:space="preserve">={{-ceb-}}=
{{Wikipédia|lang=ceb}}
==Substantivo==
'''Iceland''', {{pr}}
#{{escopo|Geografia}} [[Islândia]]
==Ver também==
{{Europa/ceb}}
[[Categoria:Substantivo (Cebuano)]]
[[Categoria:País (Cebuano)]]</text>
<sha1>9pw5zcqat0u6lrl2ewyklrbkcaa9vk3</sha1>
</revision>
</page>
