<page>
<page>
<title>Icelandic</title>
<ns>0</ns>
<id>1075</id>
<revision>
<id>2270762</id>
<parentid>1841872</parentid>
<timestamp>2017-04-26T19:01:26Z</timestamp>
<contributor>
<username>HydrizBot</username>
<id>29590</id>
</contributor>
<minor />
<comment>Robô: A limpar links interwikis antigos</comment>
<model>wikitext</model>
<format>text/x-wiki</format>
<text bytes="295" xml:space="preserve">={{-en-}}=
== Substantivo Próprio ==
'''Ice.lan.dic'''
:# [[islandês#Substantivo|islandês]] (2).
== Adjetivo Próprio ==
'''Ice.lan.dic'''
:# [[islandês#Adjetivo|islandês]].
== Pronúncia ==
* AFI: /ˌaɪs.ˈlæn.dɪk/
[[Categoria:Adjetivo (Inglês)]]
[[Categoria:Substantivo (Inglês)]]</text>
<sha1>brykr03gnfe6v369zauo3k2jvqiywpq</sha1>
</revision>
