<page>
<title>ICH</title>
<ns>0</ns>
<id>278303</id>
<revision>
<id>2270655</id>
<parentid>2011234</parentid>
<timestamp>2017-04-26T18:57:15Z</timestamp>
<contributor>
<username>HydrizBot</username>
<id>29590</id>
</contributor>
<minor />
<comment>Robô: A limpar links interwikis antigos</comment>
<model>wikitext</model>
<format>text/x-wiki</format>
<text bytes="197" xml:space="preserve">{{ver também|ich}}
={{-pt-}}=
==Abreviatura==
'''ICH'''
# abreviação de [[imunocriohabilidade]]
==Ver também==
===No Wikcionário===
* [[criobiologia]]
[[Categoria:Abreviatura (Português)]]</text>
<sha1>tc110k87ui1vgc5nozf28x7diqf22nb</sha1>
</revision>
</page>
