<page>
<page>
<title>ichari</title>
<ns>0</ns>
<id>325381</id>
<revision>
<id>1838379</id>
<parentid>1838363</parentid>
<timestamp>2014-07-09T18:04:59Z</timestamp>
<contributor>
<username>ValJor</username>
<id>1358</id>
</contributor>
<minor />
<comment>Revertidas edições por [[Especial:Contribuições/187.13.79.126|187.13.79.126]] para a última versão por [[Especial:Contribuições/Castelobranco|Castelobranco]]</comment>
<model>wikitext</model>
<format>text/x-wiki</format>
<text bytes="255" xml:space="preserve">={{-cod-}}=
==Verbo==
'''i.{{grifar|cha}}.ri'''
# [[deixar]]&lt;ref group=&quot;cod&quot;&gt;FAUST, 2008, p.153&lt;/ref&gt;
===Notas===
&lt;references group=&quot;cod&quot; /&gt;
===Referências===
{{verTambém.Ini}}
{{Faust2008}}
{{verTambém.Fim}}
{{categorias|{{cod}}|Verbo|Trissílabo}}</text>
<sha1>2ph3ji7jzpl0bewsbdhetpgoee86fdo</sha1>
</revision>
