<page>
<title>ichama</title>
<ns>0</ns>
<id>367576</id>
<revision>
<id>2193094</id>
<timestamp>2016-11-03T09:52:55Z</timestamp>
<contributor>
<username>Cpls</username>
<id>20608</id>
</contributor>
<comment>[[Ajuda:Guia de edição/Menus e ferramentas/Sumário de edição|→]] nova página: ={{-gl-}}= ==Substantivo== {{flex.gl|fs=ichama|fp=ichamas}} {{paroxítona|i|cha|ma|lang=gl}}, {{g|f|lang=gl}}...</comment>
<model>wikitext</model>
<format>text/x-wiki</format>
<text bytes="326" xml:space="preserve">={{-gl-}}=
==Substantivo==
{{flex.gl|fs=ichama|fp=ichamas}}
{{paroxítona|i|cha|ma|lang=gl}}, {{g|f|lang=gl}}
# {{escopo|gl|Náutica}} [[tolete]] de metal, eixo, suporte sobre o qual o remo apoia e é movimentado
===Sinónimo===
* [[escalmo#{{gl}}|escalmo]], [[remadoira#{{gl}}|remadoira]]
[[Categoria:Substantivo (Galego)]]</text>
<sha1>70tz5r5rl35zb6xooxqj7tjkoy4svdd</sha1>
</revision>
</page>
