<page>
<page>
<title>ichi</title>
<ns>0</ns>
<id>101959</id>
<revision>
<id>2359430</id>
<parentid>2219109</parentid>
<timestamp>2017-05-03T11:08:11Z</timestamp>
<contributor>
<username>HydrizBot</username>
<id>29590</id>
</contributor>
<minor />
<comment>Robô: A limpar links interwikis antigos</comment>
<model>wikitext</model>
<format>text/x-wiki</format>
<text bytes="108" xml:space="preserve">={{-ja-}}=
==Transliteração==
# transliteração de [[いち]]
[[Categoria:Transliteração (Japonês)]]</text>
<sha1>oyg1t09nf3s6v2sooh6djkdg24tyf62</sha1>
</revision>
