<page>
<page>
<title>ichkatl</title>
<ns>0</ns>
<id>400546</id>
<revision>
<id>2529855</id>
<parentid>2523954</parentid>
<timestamp>2018-12-23T18:36:35Z</timestamp>
<contributor>
<username>Marrovi</username>
<id>27953</id>
</contributor>
<model>wikitext</model>
<format>text/x-wiki</format>
<text bytes="120" xml:space="preserve">={{-nhn-}}=
==Substantivo==
'''ichkatl'''
# [[ovelha]]
{{categorias|{{nhn}}|Substantivo|Dissílabo|Mamífero|Tlaxcala}}</text>
<sha1>ttv67y8578kmnbzjq3olw11gbvs18x1</sha1>
</revision>
