<page>
<page>
<title>ichoar</title>
<ns>0</ns>
<id>330521</id>
<revision>
<id>1856769</id>
<parentid>1856766</parentid>
<timestamp>2014-09-11T07:10:37Z</timestamp>
<contributor>
<username>Cpls</username>
<id>20608</id>
</contributor>
<model>wikitext</model>
<format>text/x-wiki</format>
<text bytes="272" xml:space="preserve">={{-gl-}}=
==Verbo==
{{oxítona|i|cho|ar|lang=gl}}, ''transitivo''
# [[armar]] o [[ichó]]
=={{etimologia|gl}}==
: {{escopo|Morfologia}} De [[ichó]] + [[-ar]]. Confronte-se com [[choer]], e com o [[galego]] ''[[enchoiar#Galego|enchoiar]]''.
[[Categoria:Verbo (Galego)]]</text>
<sha1>lld0rgvf65wjltbxzcd25pqnwantycv</sha1>
</revision>
