<page>
<title>ichthyologie</title>
<ns>0</ns>
<id>39658</id>
<revision>
<id>2359436</id>
<parentid>1702844</parentid>
<timestamp>2017-05-03T11:08:24Z</timestamp>
<contributor>
<username>HydrizBot</username>
<id>29590</id>
</contributor>
<minor />
<comment>Robô: A limpar links interwikis antigos</comment>
<model>wikitext</model>
<format>text/x-wiki</format>
<text bytes="162" xml:space="preserve">={{-lb-}}=
== Substantivo ==
'''ichthyologie'''
# [[ictiologia]].
[[Categoria:Substantivo ({{lb}})]]
[[Categoria:Peixe ({{lb}})]]
[[Categoria:Zoologia ({{lb}})]]</text>
<sha1>cfxfbtoibrkax1k0ox2d8tsvvjoujvn</sha1>
</revision>
</page>
