<page>
<page>
<title>ichthyology</title>
<ns>0</ns>
<id>39653</id>
<revision>
<id>2359439</id>
<parentid>2204261</parentid>
<timestamp>2017-05-03T11:08:34Z</timestamp>
<contributor>
<username>HydrizBot</username>
<id>29590</id>
</contributor>
<minor />
<comment>Robô: A limpar links interwikis antigos</comment>
<model>wikitext</model>
<format>text/x-wiki</format>
<text bytes="161" xml:space="preserve">={{-en-}}=
== Substantivo ==
'''ichthyology'''
# [[ictiologia]].
[[Categoria:Substantivo ({{en}})]]
[[Categoria:Peixe ({{en}})]]
[[Categoria:Zoologia ({{en}})]]</text>
<sha1>nyn4gtnhdej7j69bkh4uhgfgzt1hwbj</sha1>
</revision>
