<page>
<title>ichtiologija</title>
<ns>0</ns>
<id>39657</id>
<revision>
<id>2359441</id>
<parentid>2126921</parentid>
<timestamp>2017-05-03T11:08:39Z</timestamp>
<contributor>
<username>HydrizBot</username>
<id>29590</id>
</contributor>
<minor />
<comment>Robô: A limpar links interwikis antigos</comment>
<model>wikitext</model>
<format>text/x-wiki</format>
<text bytes="162" xml:space="preserve">={{-lt-}}=
== Substantivo ==
'''ichtiologija'''
# [[ictiologia]].
[[Categoria:Substantivo ({{lt}})]]
[[Categoria:Peixe ({{lt}})]]
[[Categoria:Zoologia ({{lt}})]]</text>
<sha1>5nwwpp36uq1s6kwcitby73pvk9heo6o</sha1>
</revision>
</page>
