<page>
<page>
<title>Ichthyologie</title>
<ns>0</ns>
<id>39644</id>
<revision>
<id>2451790</id>
<parentid>2270764</parentid>
<timestamp>2017-09-23T07:14:19Z</timestamp>
<contributor>
<username>Spanier</username>
<id>43713</id>
</contributor>
<comment>suplementos</comment>
<model>wikitext</model>
<format>text/x-wiki</format>
<text bytes="328" xml:space="preserve">={{-de-}}=
== Substantivo ==
{{oxítona|lang=de|Ich|thy|o|lo|gie}}, {{f}}
# {{escopo|de|ciência}} [[ictiologia]]
=={{etimologia|de}}==
: De ''[[ιχθύς|ihthýs]]'' (''&quot;peixes&quot;'') + ''[[λόγος|lógos]]'' (''&quot;palavra&quot;'').
=={{pronúncia|de}}==
* [[AFI]]: {{AFI|/ɪçtyoloˈgiː/|de]}}
[[Categoria:Substantivo ({{de}})]]</text>
<sha1>hg3hlopnhwti7ez5r4w6v5iy4z06v9p</sha1>
</revision>
