<page>
<title>ichthyologiste</title>
<ns>0</ns>
<id>39670</id>
<revision>
<id>2359438</id>
<parentid>1218566</parentid>
<timestamp>2017-05-03T11:08:30Z</timestamp>
<contributor>
<username>HydrizBot</username>
<id>29590</id>
</contributor>
<minor />
<comment>Robô: A limpar links interwikis antigos</comment>
<model>wikitext</model>
<format>text/x-wiki</format>
<text bytes="164" xml:space="preserve">={{-fr-}}=
== Substantivo ==
'''ichthyologiste'''
# [[ictiólogo]].
[[Categoria:Substantivo ({{fr}})]]
[[Categoria:Peixe ({{fr}})]]
[[Categoria:Zoologia ({{fr}})]]</text>
<sha1>no7qbylu4pmud9722x4yr2chzwwv6fq</sha1>
</revision>
</page>
