<page>
<page>
<title>ichthyologia</title>
<ns>0</ns>
<id>39656</id>
<revision>
<id>2359435</id>
<parentid>1908571</parentid>
<timestamp>2017-05-03T11:08:22Z</timestamp>
<contributor>
<username>HydrizBot</username>
<id>29590</id>
</contributor>
<minor />
<comment>Robô: A limpar links interwikis antigos</comment>
<model>wikitext</model>
<format>text/x-wiki</format>
<text bytes="162" xml:space="preserve">={{-la-}}=
== Substantivo ==
'''ichthyologia'''
# [[ictiologia]].
[[Categoria:Substantivo ({{la}})]]
[[Categoria:Peixe ({{la}})]]
[[Categoria:Zoologia ({{la}})]]</text>
<sha1>ai9u0ehyx4r0qm692ntuf13rpjof0z3</sha1>
</revision>
