<page>
<title>ichtiologia</title>
<ns>0</ns>
<id>39662</id>
<revision>
<id>2359440</id>
<parentid>2126922</parentid>
<timestamp>2017-05-03T11:08:37Z</timestamp>
<contributor>
<username>HydrizBot</username>
<id>29590</id>
</contributor>
<minor />
<comment>Robô: A limpar links interwikis antigos</comment>
<model>wikitext</model>
<format>text/x-wiki</format>
<text bytes="188" xml:space="preserve">{{Wikipédia|lang=pl}}
={{-pl-}}=
==Substantivo==
'''ichtiologia'''
# [[ictiologia]]
[[Categoria:Substantivo (Polonês)]]
[[Categoria:Peixe (Polonês)]]
[[Categoria:Zoologia (Polonês)]]</text>
<sha1>lu2tupeyw5pp8msscfbm5vzpn00qd6l</sha1>
</revision>
</page>
