<page>
<title>ichthyologist</title>
<ns>0</ns>
<id>39672</id>
<revision>
<id>2359437</id>
<parentid>2099798</parentid>
<timestamp>2017-05-03T11:08:28Z</timestamp>
<contributor>
<username>HydrizBot</username>
<id>29590</id>
</contributor>
<minor />
<comment>Robô: A limpar links interwikis antigos</comment>
<model>wikitext</model>
<format>text/x-wiki</format>
<text bytes="1598" xml:space="preserve">={{-en-}}=
==Substantivo==
{{flex.en|s=ichthyologist|p=ichthyologists|s-div=ich.thy.{{grifar|ol}}.o.gist|p-div=ich.thy.{{grifar|ol}}.o.gists}}
'''ich.thy.{{grifar|ol}}.o.gist'''
# {{escopo|zoologia}} [[ictiólogo]]:
#: ''[[although|Although]] {{link opcional|highly|en}} [[regard]]ed [[as#{{en}}|as]] [[an#{{en}}|an]] '''ichthyologist''', David Starr Jordan [[be#{{en}}|was]] [[best]] {{link opcional|known|en}} [[for]] [[be#{{en}}|being]] [[a#{{en}}|a]] {{link opcional|peace|en}} [[activist]].'' &lt;small&gt;([[embora|Embora]] [[frequentemente]] [[lembrado]] [[como]] ictiólogo, [[w:David Starr Jordan|David Starr Jordan]] [[ficar|ficou]] [[famoso]] [[por]] [[ser]] [[um#Artigo|um]] [[pacifista]].)&lt;/small&gt;
=={{etimologia|en}}==
:De {{etimo|en|ichtyo-}} + {{etimo|en|-logist}}.
=={{pronúncia}}==
* [[AFI]]: {{AFI|/ˌɪk.θi.ˈɒ.lə.ʤɪst/}}
* [[X-SAMPA]]: /%Ik.Ti.&quot;Q.l@.dZIst/
==Ver também==
===No Wikcionário===
{{verTambém.Ini}}
* [[biology]]
* [[fish]]
{{verTambém.NovaColuna|50}}
* [[ichthyology]]
* [[study]]
{{verTambém.Fim}}
===Referências===
{{verTambém.Ini}}
* {{#ifeq: s|n||&lt;span style=&quot;color:#555;&quot;&gt;(em inglês)&lt;/span&gt;}}&amp;nbsp;“[http://www.merriam-webster.com/dictionary/{{urlencode:{{PAGENAME}}}} {{PAGENAME}}]” in ''[[w:Merriam-Webster|Merriam-Webster Online Dictionary]]'', Merriam-Webster Online. {{#if: | Consultado em {{{data}}}.}}
* [http://1828.mshaffer.com/d/word/ichthyologist ''ichthyologist'' no Webster's 1828 Dictionary (em inglês)]
{{verTambém.Fim}}
{{categorias|{{en}}|Substantivo|Polissílabo|Proparoxítona|Profissão|Zoologia|Entrada com pronúncia}}</text>
<sha1>pma1apva0f178tmwvaic7xn5oo458z0</sha1>
</revision>
</page>
