<page>
<title>ichtyologie</title>
<ns>0</ns>
<id>39645</id>
<revision>
<id>2690610</id>
<parentid>2559986</parentid>
<timestamp>2022-10-27T03:54:37Z</timestamp>
<contributor>
<username>InternetArchiveBot</username>
<id>81604</id>
</contributor>
<comment>Rescuing 1 sources and tagging 0 as dead.) #IABot (v2.0.9.2</comment>
<model>wikitext</model>
<format>text/x-wiki</format>
<text bytes="2564" xml:space="preserve">{{Wikipédia|lang=cs}}
{{Wikipédia|lang=fr}}
{{Wikipédia|lang=nl}}
={{-cs-}}=
==Substantivo==
'''ich.ty.o.lo.gi.e''', {{gramática|f}}
# {{escopo|cs|Zoologia}} [[ictiologia]]
===Declinação===
{{decl.cs.subst.fem.2|ichtyologi}}
===Verbetes derivados===
{{verTambém.Ini}}
* {{link opcional|ichtyolog|cs}}
* {{link opcional|ichtyoložka|cs}}
* {{link opcional|ichtyologický|cs}}
{{verTambém.Fim}}
=={{etimologia|cs}}==
: {{escopo|Morfologia}} {{etimo|cs|ichtyo-}} + {{etimo|cs|-logie}}.
=={{pronúncia|cs}}==
* [[AFI]]: {{AFI|/ˈɪx.tɪ.jɔ.lɔ.gɪ.jɛ/}}
* [[X-SAMPA]]: /&quot;ix.tI.jO.lO.gI.jE/
==Ver também==
===No Wikcionário===
{{verTambém.Ini}}
* {{link opcional|ryba|cs}}
* {{link opcional|zoologie|cs}}
{{verTambém.Fim}}
===Referências===
{{verTambém.Ini}}
* [http://www.wordbook.cz/index.php Wordbook (em checo e inglês)]
{{verTambém.Fim}}
[[Categoria:Substantivo (Checo)]]
[[Categoria:Polissílabo (Checo)]]
[[Categoria:Cognato (Checo)]]
={{-fr-}}=
==Substantivo==
'''ich.tyo.lo.gie''', {{gramática|f}}
# {{escopo|fr|zoologia}} [[ictiologia]]:
#* ''cours d''''ichtyologie''''' &lt;small&gt;(curso de ictiologia)&lt;/small&gt;
===Verbetes derivados===
{{verTambém.Ini}}
* {{link opcional|ichtyologique|fr}}
* {{link opcional|ichtyologiste|fr}}
* {{link opcional|ichtyologue|fr}}
{{verTambém.Fim}}
=={{etimologia|fr}}==
: {{escopo|Morfologia}} {{etimo|fr|ichtyo-}} + {{etimo|fr|-logie}}.
:* '''Datação''': [[w:1849|1849]]
=={{pronúncia|fr}}==
* [[AFI]]: {{AFI|/ik.tjɔ.lɔ.ʒi/}}
* [[X-SAMPA]]: /ik.tjO.lO.Zi/
==Ver também==
===No Wikcionário===
{{verTambém.Ini}}
* {{link opcional|étude|fr}}
* {{link opcional|poisson|fr}}
* {{link opcional|zoologie|fr}}
{{verTambém.Fim}}
===Referências===
{{verTambém.Ini}}
* [http://www.cnrtl.fr/definition/{{PAGENAME}}/1 ''{{PAGENAME}}'' no CNRTL (em francês)]
* [https://web.archive.org/web/20110820105711/http://www.mediadico.com/dictionnaire/definition/api/1 ''{{PAGENAME}}'' no MEDIADICO (em francês)]
{{verTambém.Fim}}
[[Categoria:Substantivo (Francês)]]
[[Categoria:Polissílabo (Francês)]]
[[Categoria:Século XIX (Francês)]]
[[Categoria:Cognato (Francês)]]
={{-nl-}}=
==Substantivo==
'''ich.ty.o.lo.gie'''
# {{escopo|nl|Zoologia}} [[ictiologia]]
=={{etimologia|nl}}==
: {{escopo|Morfologia}} {{etimo|nl|ichtyo-}} + {{etimo|nl|-logie}}.
==Ver também==
===No Wikcionário===
{{verTambém.Ini}}
* [[vis#{{nl}}|vis]]
* [[zoologie#{{nl}}|zoologie]]
{{verTambém.Fim}}
[[Categoria:Substantivo (Holandês)]]
[[Categoria:Polissílabo (Holandês)]]
[[Categoria:Cognato (Holandês)]]</text>
<sha1>kbwbv5lspop6i7oihchf0dlpamrhyz2</sha1>
</revision>
</page>
