<page>
<page>
<title>Ichthyologe</title>
<ns>0</ns>
<id>39669</id>
<revision>
<id>2451788</id>
<parentid>1286187</parentid>
<timestamp>2017-09-23T07:09:50Z</timestamp>
<contributor>
<username>Spanier</username>
<id>43713</id>
</contributor>
<comment>estilo</comment>
<model>wikitext</model>
<format>text/x-wiki</format>
<text bytes="218" xml:space="preserve">={{-de-}}=
== Substantivo ==
{{paroxítona|Ich|thy|o|lo|ge|lang=de}}, {{m}}
# {{escopo|de|profissão}} [[ictiólogo]]
=={{pronúncia|de}}==
* [[AFI]]: {{AFI|/ɪçtyoˈloːgə/|de]}}
[[Categoria:Substantivo ({{de}})]]</text>
<sha1>kosoqcehlp4lsolu0n1t4wd5koy1lys</sha1>
</revision>
