<page>
<title>ichu</title>
<ns>0</ns>
<id>229695</id>
<revision>
<id>2649602</id>
<parentid>2359443</parentid>
<timestamp>2021-10-02T20:37:10Z</timestamp>
<contributor>
<username>ValJor</username>
<id>1358</id>
</contributor>
<comment>Confirmando [[:Categoria:!Entrada criada por robô|verbete criado por robô]]</comment>
<model>wikitext</model>
<format>text/x-wiki</format>
<text bytes="124" xml:space="preserve">={{-qu-}}=
==Substantivo==
'''ichu'''
# [[esôfago]]
[[Categoria:Substantivo (Quéchua)]]
[[Categoria:Anatomia (Quéchua)]]</text>
<sha1>gq1fboinlwmbneakenoocli2gq977h8</sha1>
</revision>
</page>
