<page>
<title>ichó</title>
<ns>0</ns>
<id>330522</id>
<revision>
<id>2687818</id>
<parentid>2687817</parentid>
<timestamp>2022-09-03T22:11:42Z</timestamp>
<contributor>
<username>Cpls</username>
<id>20608</id>
</contributor>
<comment>/* Verbete derivado */</comment>
<model>wikitext</model>
<format>text/x-wiki</format>
<text bytes="1325" xml:space="preserve">={{-pt-}}=
==Substantivo==
{{flex.pt|fs=ichó|fp=ichós}}
{{flex.pt|ms=ichó|mp=ichós}}
{{oxítona|i|chó}}, {{gramática|2g}} 
# [[armadilha]] com porta ou alçapão para caçar [[perdiz]]es, [[coelho]]s, animais pequenos
==={{PEPB|Sinónimos|Sinônimos|inline=1}}===
{{verTambém.Ini}}
* [[enchó]]
{{verTambém.NovaColuna}}
* [[eixó]]
{{verTambém.Fim}}
=={{etimologia|pt}}==
{{llietimo|la|ostiolus|pt}}
==Ligações externas==
* {{Aulete}}
* {{Michaelis|icho}}
* {{DicioAberto}}
* {{DLPO}}
* {{Infopédia}}
* {{PLP}}
* {{VOLPABL}}
==Ver também==
===No Wikcionário===
* [[nicho]]
[[Categoria:Substantivo (Português)]]
={{-gl-}}=
==Substantivo==
{{flex.gl|ms=ichó|mp=ichós}}
{{oxítona|i|chó|lang=gl}}, {{gramática|m}}
# [[ichó#Português|ichó]], [[armadilha]] para caçar perdizes e outros pequenos animais, formada por duas folhas de madeira, dispostas num marco também de madeira, de jeito que abrem para abaixo ao ser pisadas pelo animal, disposta sobre um [[buraco]] aberto na terra.
==={{-varort-}}===
{{verTambém.Ini}}
* [[inchoio#Galego|inchoio]]
{{verTambém.NovaColuna}}
* [[nichó#Galego|nichó]]
{{verTambém.Fim}}
===Verbete derivado===
* [[ichoar#{{gl}}|ichoar]]
=={{etimologia|gl}}==
{{llietimo|la|ostiolus|gl}}
==Ligação externa==
* {{Estraviz}}
[[Categoria:Substantivo (Galego)]]</text>
<sha1>k9v4bxcut7xwqfyaj8k2kmtmgfd3gdy</sha1>
</revision>
</page>
