<page>
<page>
<title>Icia</title>
<ns>0</ns>
<id>391109</id>
<revision>
<id>2477764</id>
<timestamp>2018-01-14T21:26:06Z</timestamp>
<contributor>
<username>Cpls</username>
<id>20608</id>
</contributor>
<comment>[[Ajuda:Guia de edição/Menus e ferramentas/Sumário de edição|→]] nova página: ={{-gl-}}= ==Substantivo== {{flex.gl|fs=Icia|fp=Icias}} {{paroxítona|I|ci|a|lang=gl}}, {{g|f|pr|lang=gl}} #...</comment>
<model>wikitext</model>
<format>text/x-wiki</format>
<text bytes="285" xml:space="preserve">={{-gl-}}=
==Substantivo==
{{flex.gl|fs=Icia|fp=Icias}}
{{paroxítona|I|ci|a|lang=gl}}, {{g|f|pr|lang=gl}}
# [[hipocorístico]] do prenome [[Cecília]]
=={{etimologia|gl}}==
: De ''[[Cecília#{{gl}}|Cecília]]''.
[[Categoria:Antropônimo (Galego)]]
[[Categoria:Substantivo (Galego)]]</text>
<sha1>ga3eqxm65arehx2iccp6kqt3ektcily</sha1>
</revision>
