<page>
<page>
<title>icicle</title>
<ns>0</ns>
<id>432839</id>
<revision>
<id>2629820</id>
<timestamp>2021-04-06T05:15:20Z</timestamp>
<contributor>
<username>GabMarquetto</username>
<id>81219</id>
</contributor>
<comment>[[Ajuda:Guia de edição/Menus e ferramentas/Sumário de edição|→]] nova página: ={{-en-}}= ==Substantivo== '''icicle''' {{flex.en|s=icicle|p=icicles}} #[[sincelo]]  Categoria:Substantivo...</comment>
<model>wikitext</model>
<format>text/x-wiki</format>
<text bytes="120" xml:space="preserve">={{-en-}}=
==Substantivo==
'''icicle'''
{{flex.en|s=icicle|p=icicles}}
#[[sincelo]]
[[Categoria:Substantivo (Inglês)]]</text>
<sha1>cxttpnseoaek10r6qmp7orguo1s885a</sha1>
</revision>
