<page>
<title>ICMS</title>
<ns>0</ns>
<id>381998</id>
<revision>
<id>2515300</id>
<parentid>2443128</parentid>
<timestamp>2018-08-11T10:54:26Z</timestamp>
<contributor>
<username>ValJor</username>
<id>1358</id>
</contributor>
<comment>Eliminando [[SELIC]] da lista de [[Especial:Lonelypages|órfãos]]</comment>
<model>wikitext</model>
<format>text/x-wiki</format>
<text bytes="285" xml:space="preserve">={{-pt-}}=
==Sigla==
'''ICMS'''
# [[imposto sobre circulação de mercadorias e serviços]]
==Ver também==
===No Wikcionário===
{{colunas|2}}
* [[IPI]]
* [[IPTU]]
* [[IPVA]]
* [[ISS]]
* [[SELIC]]
{{colunas.fim}}
[[Categoria:Sigla (Português)]]
[[Categoria:Comércio (Português)]]</text>
<sha1>diegswfxkp9pb5epzfd21pkcwrgvcnm</sha1>
</revision>
</page>
