<page>
<page>
<title>icnográfico</title>
<ns>0</ns>
<id>285118</id>
<revision>
<id>1381253</id>
<timestamp>2012-02-25T10:29:09Z</timestamp>
<contributor>
<username>ValJor</username>
<id>1358</id>
</contributor>
<comment>Por um [[Especial:Lonelypages|wikcionário sem órfãos]]: [[icnografico]]</comment>
<model>wikitext</model>
<format>text/x-wiki</format>
<text bytes="592" xml:space="preserve">{{confundir|iconográfico}}
={{-pt-}}=
==Adjetivo==
{{flex.pt|ms=icnográfico|mp=icnográficos|fs=icnográfica|fp=icnográficas}}
{{proparoxítona|ic|no|grá|fi|co}}
# relativo à [[icnografia]]
===Tradução===
{{tradini}}
* {{trad|es|icnográfico}}
* {{trad|fr|ichnographique}}
{{tradmeio}}
* {{trad|en|ichnographic}}
* {{trad|it|icnografico}}
{{tradfim}}
=={{etimologia|pt}}==
: {{escopo|Morfologia}} [[icno-]] + [[gráfico]].
[[Categoria:Adjetivo (Português)]]
={{-es-}}=
==Adjetivo==
'''icnográfico'''
# [[icnográfico#Português|icnográfico]]
[[Categoria:Adjetivo (Espanhol)]]</text>
<sha1>dbe34lzhtpbyedkr4s7m8i1s3r2rr3u</sha1>
</revision>
