<page>
<title>icnografico</title>
<ns>0</ns>
<id>285026</id>
<revision>
<id>2359445</id>
<parentid>1381250</parentid>
<timestamp>2017-05-03T11:08:54Z</timestamp>
<contributor>
<username>HydrizBot</username>
<id>29590</id>
</contributor>
<minor />
<comment>Robô: A limpar links interwikis antigos</comment>
<model>wikitext</model>
<format>text/x-wiki</format>
<text bytes="167" xml:space="preserve">={{-it-}}=
==Adjetivo==
'''icnografico'''
# [[icnográfico]]
=={{etimologia|it}}==
: {{escopo|Morfologia}} [[icno-]] + [[grafico]].
[[Categoria:Adjetivo (Italiano)]]</text>
<sha1>alm6vz6702ry94unsyho7mn14m612qr</sha1>
</revision>
</page>
