<page>
<page>
<title>icnofóssil</title>
<ns>0</ns>
<id>87150</id>
<revision>
<id>2559896</id>
<parentid>1600280</parentid>
<timestamp>2019-11-02T19:25:10Z</timestamp>
<contributor>
<username>ValJor</username>
<id>1358</id>
</contributor>
<comment>Retirando etimologia não corroborada</comment>
<model>wikitext</model>
<format>text/x-wiki</format>
<text bytes="373" xml:space="preserve">={{-pt-}}=
==Substantivo==
{{flex.pt|ms=icnofóssil|mp=icnofósseis}}
{{paroxítona|ic|no|fós|sil}}, {{gramática|m}}
# [[fóssil]] de [[vestígio]]s de [[atividade]] [[vital]] (isto é, de atividade biológica) de organismos [[animal|animais]] ou [[vegetal|vegetais]] do passado
==Ligações externas==
* {{DPLP}}
* {{Infopédia}}
[[Categoria:Substantivo (Português)]]</text>
<sha1>bzv7sv0wy5eb7ranxlhb6xrjbgsvdbt</sha1>
</revision>
