<page>
<title>icnêumone</title>
<ns>0</ns>
<id>79302</id>
<revision>
<id>2515183</id>
<parentid>2359446</parentid>
<timestamp>2018-08-10T08:40:25Z</timestamp>
<contributor>
<username>ValJor</username>
<id>1358</id>
</contributor>
<comment>Eliminando [[icnêumon]] da lista de [[Especial:Lonelypages|órfãos]]</comment>
<model>wikitext</model>
<format>text/x-wiki</format>
<text bytes="1717" xml:space="preserve">={{-pt-}}=
==Substantivo==
{{flex.pt|ms=icnêumone|mp=icnêumones}}
{{proparoxítona|ic|nêu|mo|ne}}, {{gramática|m}}
# [[mamífero]] [[carnívoro]] (''Herpestes ichneumon'')
#* '''2000'''. MONTAIGNE.  Apologia de Raymond Sebond.  In: _____.  ''Os ensaios''.  Tradução de Rosemary Costhek Abílio.  São Paulo: Martins Fontes, 2000.  Livro 2, p. 189.
#*: ''O '''icnêumone''', quando deve se confrontar com o crocodilo, fortifica o corpo.''
===Sinônimo===
{{verTambém.Ini}}
* [[escalavardo]]
* [[icnêumon]]
* [[manguço]]
{{verTambém.NovaColuna}}
* [[rato-de-faraó]]
* [[sacarrabos]]
{{verTambém.Fim}}
===Tradução===
{{tradini}}
* {{trad|de|Ichneumon|Melon}}
* {{trad|es|meloncillo}}
* {{trad|fr|rat des pharaons|mangouste d'Égypte|mangouste ichneumon}}
* {{trad|nl|Egyptische ichneumon|Egyptische mangoest|faraorat|grijze ichneumon|gewone ichneumon}}
{{tradmeio}}
* {{trad|en|Egyptian mongoose}}
* {{trad|it|mangusta egiziana|icneumone}}
* {{trad|ru|еги́петский мангу́ст|фарао́нова кры́са|ихневмо́н }}
* {{trad|sv|faraokatt|faraoråtta|egyptisk mungo|ichneumon}}
{{tradfim}}
=={{etimologia|pt}}==
{{llietimo|la|ichneumon|pt|ponto=não}} e este do {{etm|grc|pt}} {{etimo|grc|ἰχνεύμων}}.
==Ver também==
===Na Wikipédia===
* [[w:sacarrabos|sacarrabos]]
==Ligações externas==
* {{Aulete}}
* [http://michaelis.uol.com.br/busca?r=0&amp;f=0&amp;t=0&amp;palavra=icn%C3%AAumone “icnêumone”], in Trevisan, R. (coord.); Weiszflog, W. (ed.). Michaelis: Moderno Dicionário da Língua Portuguesa. São Paulo: Melhoramentos, 2012 (nova ortografia). ISBN 978-85-06-06953-0
* {{DPLP}}
* {{Infopédia}}
* {{PLP}}
* {{VOLPABL}}
[[Categoria:Substantivo (Português)]]</text>
<sha1>lwtpzq8uzfx33sbr0icdgq0ts03y21b</sha1>
</revision>
</page>
