<page>
<page>
<title>icnêumon</title>
<ns>0</ns>
<id>398086</id>
<revision>
<id>2515902</id>
<parentid>2511675</parentid>
<timestamp>2018-08-19T09:51:40Z</timestamp>
<contributor>
<username>ValJor</username>
<id>1358</id>
</contributor>
<comment>Melhorando a apresentação do verbete usando a [[:predefinição:cria-entrada]]</comment>
<model>wikitext</model>
<format>text/x-wiki</format>
<text bytes="718" xml:space="preserve">={{-pt-}}=
==Substantivo==
{{flex.pt|ms=icnêumon|mp=icnêumones}}
{{paroxítona|ic|nêu|mon}}, {{gramática|m}}
# vide [[icnêumone]]
===Sinônimos===
{{verTambém.Ini}}
* [[escalavardo]]
* [[manguço]]
{{verTambém.NovaColuna}}
* [[rato-de-faraó]]
* [[sacarrabos]]
{{verTambém.Fim}}
==Ligações externas==
* {{Aulete}}
* [http://michaelis.uol.com.br/busca?r=0&amp;f=0&amp;t=0&amp;palavra=icn%C3%AAumon “icnêumon”], in Trevisan, R. (coord.); Weiszflog, W. (ed.). Michaelis: Moderno Dicionário da Língua Portuguesa. São Paulo: Melhoramentos, 2012 (nova ortografia). ISBN 978-85-06-06953-0
* {{DPLP}}
* {{Infopédia}}
* {{PLP}}
* {{VOLPABL}}
[[Categoria:Substantivo (Português)]]
[[Categoria:Mamífero (Português)]]</text>
<sha1>klmhkk8wdsui3mnhqgeyrm8udnk3yrl</sha1>
</revision>
