<page>
<title>iconoclastia</title>
<ns>0</ns>
<id>47160</id>
<revision>
<id>2660782</id>
<parentid>2359451</parentid>
<timestamp>2022-02-21T21:00:41Z</timestamp>
<contributor>
<username>ValJor</username>
<id>1358</id>
</contributor>
<comment>Substituindo a [[Especial:Páginas_afluentes/Predefinição:escopoCat|predefinição escopoCat]] por escopo</comment>
<model>wikitext</model>
<format>text/x-wiki</format>
<text bytes="1597" xml:space="preserve">{{Wikipédia|lang=pt}}
={{-pt-}}=
==Substantivo==
{{flex.pt|fs=iconoclastia|fp=iconoclastias}}
{{paroxítona|i|co|no|clas|ti|a}}, {{gramática|f}}
# a crença, participação ou sanção de destruir ícones religiosos e outros símbolos ou monumentos, geralmente com motivos religiosos ou políticos
# {{escopo|pt|Religião}} [[doutrina]] que se opõe ao [[culto]] das imagens pela Igreja
===Sinônimos===
* [[iconoclasmo]]
* [[iconoclasia]]
===Tradução===
{{tradini}}
* {{trad|de|Ikonoklasmus}}
* {{trad|bg|иконоборство}}
* {{trad|ca|iconoclàstia}}
* {{trad|cs|obrazoborectví}}
* {{trad|ko|성상파괴운동}}
* {{trad|sk|obrazoborectvo}}
* {{trad|sl|ikonoklazem}}
* {{trad|es|iconoclasta}}
* {{trad|fi|ikonoklasmi}}
* {{trad|fr|iconoclasme}}
* {{trad|gl|iconoclasta}}
{{tradmeio}}
* {{trad|nl|iconoclasme}}
* {{trad|en|iconoclasm}}
* {{trad|it|iconoclastia}}
* {{trad|ja|聖像破壊運動}} (せいぞうはかいうんどう, seizōhakaiundō)
* {{trad|lb|Ikonoklasmus}}
* {{trad|no|ikonoklasme}}
* {{trad|pl|ikonoklazm}}
* {{trad|ru|иконоборчество}}
* {{trad|sr|иконоборство}}
* {{trad|sv|ikonoklasm}}
{{tradfim}}
=={{etimologia|pt}}==
{{llietimo|grc|εικών|pt|[[imagem]], [[ícone]]|ponto=não}} + {{etimo|grc|κλαστειν|[[quebrar]]}}.
==Ligações externas==
* {{Aulete}}
* {{Michaelis}}
* {{DLPO}}
* {{Infopédia}}
* {{PLP}}
* {{VOLPABL}}
[[Categoria:Substantivo (Português)]]
={{-it-}}=
==Substantivo==
'''iconoclastia'''
# {{escopo|it|Religião}} [[iconoclastia#Português|iconoclastia]]
[[Categoria:Substantivo (Italiano)]]</text>
<sha1>bs444b227oj95f0gaj9unhwcxrdnqyv</sha1>
</revision>
</page>
