<page>
<page>
<title>Iconha</title>
<ns>0</ns>
<id>144809</id>
<revision>
<id>2270766</id>
<parentid>1196221</parentid>
<timestamp>2017-04-26T19:01:36Z</timestamp>
<contributor>
<username>HydrizBot</username>
<id>29590</id>
</contributor>
<minor />
<comment>Robô: A limpar links interwikis antigos</comment>
<model>wikitext</model>
<format>text/x-wiki</format>
<text bytes="270" xml:space="preserve">={{-pt-}}=
{{Wikipédia}}
==Substantivo==
'''Iconha''' {{pr}}
#[[município]] [[brasileiro]] do [[estado]] do [[Espírito Santo]]
==Ver também==
*[[Apêndice:Municípios do estado do Espírito Santo]]
[[Categoria:Município do estado do Espírito Santo (Português)]]</text>
<sha1>mqpna31kb18isjoal1xanm8ovz21edt</sha1>
</revision>
