<page>
<title>icona</title>
<ns>0</ns>
<id>351566</id>
<revision>
<id>2359448</id>
<parentid>2106692</parentid>
<timestamp>2017-05-03T11:09:07Z</timestamp>
<contributor>
<username>HydrizBot</username>
<id>29590</id>
</contributor>
<minor />
<comment>Robô: A limpar links interwikis antigos</comment>
<model>wikitext</model>
<format>text/x-wiki</format>
<text bytes="264" xml:space="preserve">={{-gl-}}=
==Substantivo==
{{flex.gl|fs=icona|fp=iconas}}
'''icona''', {{f}}
# {{escopo|Religião}} [[ícone]]
# {{escopo|Interface gráfica}} [[ícone]]
[[Categoria:Substantivo (Galego)]]
[[Categoria:Religião (Galego)]]
[[Categoria:Interface gráfica (Galego)]]</text>
<sha1>75gg7foxhp7u3w1jw92u85tf89f3q6c</sha1>
</revision>
</page>
