<page>
<page>
<title>icor</title>
<ns>0</ns>
<id>224644</id>
<revision>
<id>2359454</id>
<parentid>1864871</parentid>
<timestamp>2017-05-03T11:09:25Z</timestamp>
<contributor>
<username>HydrizBot</username>
<id>29590</id>
</contributor>
<minor />
<comment>Robô: A limpar links interwikis antigos</comment>
<model>wikitext</model>
<format>text/x-wiki</format>
<text bytes="254" xml:space="preserve">{{Wikipédia}}
={{-pt-}}=
==Substantivo==
{{paroxítona|i|cor}}, {{m}}
#[[líquido]] [[purulento]] e [[fétido]] que sai de certas [[úlceras]]
#na mitologia grega, o sangue dos deuses
===Sinônimos===
*[[ícore]]
[[Categoria:Substantivo (Português)]]</text>
<sha1>bikpkup8djz4n87renaoucuh4rg56tb</sha1>
</revision>
