<page>
<title>icosacampeonato</title>
<ns>0</ns>
<id>412379</id>
<revision>
<id>2550721</id>
<timestamp>2019-08-01T22:08:08Z</timestamp>
<contributor>
<username>Leonardo José Raimundo</username>
<id>43489</id>
</contributor>
<comment>Eu estou criando a palavra &quot;icosacampeonato&quot;.</comment>
<model>wikitext</model>
<format>text/x-wiki</format>
<text bytes="521" xml:space="preserve">={{-pt-}}=
==Substantivo==
{{flex.pt|ms=icosacampeonato|mp=icosacampeonatos}}
{{paroxítona|i|co|sa|cam|pe|o|na|to}}
# [[campeonato]] [[conquistado]] pela vigésima vez
==Ver também==
===No Wikcionário===
{{colunas|6}}
*[[bicampeonato]]
*[[tricampeonato]]
*[[tetracampeonato]]
*[[pentacampeonato]]
*[[hexacampeonato]]
*[[heptacampeonato]]
*[[octocampeonato]]
*[[eneacampeonato]]
*[[decacampeonato]]
*[[hendecampeonato]]
*[[dodecampeonato]]
*[[pentadecampeonato]]
{{colunas.fim}}
[[Categoria:Substantivo (Português)]]</text>
<sha1>3qldrmmhyie870mrr8ozlgf8fxag0uo</sha1>
</revision>
</page>
