<page>
<title>icpalli</title>
<ns>0</ns>
<id>428862</id>
<revision>
<id>2645454</id>
<parentid>2623285</parentid>
<timestamp>2021-08-15T13:43:47Z</timestamp>
<contributor>
<ip>2806:105E:F:4CF8:501:30AD:9F14:B92C</ip>
</contributor>
<model>wikitext</model>
<format>text/x-wiki</format>
<text bytes="148" xml:space="preserve">={{-nci-}}=
==Substantivo==
'''ic.pal.li'''
# [[cadeira]], [[assento]]
{{categorias|{{nci}}|Substantivo|Trissílabo|Móvel|Ortografia normalizada}}</text>
<sha1>92aoeomo5jqochmllvpd1fo5r6uan4i</sha1>
</revision>
</page>
