<page>
<page>
<title>ictericia</title>
<ns>0</ns>
<id>14439</id>
<revision>
<id>2359457</id>
<parentid>1772793</parentid>
<timestamp>2017-05-03T11:09:33Z</timestamp>
<contributor>
<username>HydrizBot</username>
<id>29590</id>
</contributor>
<minor />
<comment>Robô: A limpar links interwikis antigos</comment>
<model>wikitext</model>
<format>text/x-wiki</format>
<text bytes="170" xml:space="preserve">{{Wikipédia|lang=es}}
={{-es-}}=
==Substantivo==
'''ictericia''', ''feminino''
# [[icterícia]]
[[Categoria:Substantivo (Espanhol)]]
[[Categoria:Patologia (Espanhol)]]</text>
<sha1>or9xtdanicgabgqvan3tsw7gbjvtvkm</sha1>
</revision>
