<page>
<page>
<title>ictiología</title>
<ns>0</ns>
<id>39646</id>
<revision>
<id>2359461</id>
<parentid>1900205</parentid>
<timestamp>2017-05-03T11:09:43Z</timestamp>
<contributor>
<username>HydrizBot</username>
<id>29590</id>
</contributor>
<minor />
<comment>Robô: A limpar links interwikis antigos</comment>
<model>wikitext</model>
<format>text/x-wiki</format>
<text bytes="161" xml:space="preserve">={{-es-}}=
== Substantivo ==
'''ictiología'''
# [[ictiologia]].
[[Categoria:Substantivo ({{es}})]]
[[Categoria:Peixe ({{es}})]]
[[Categoria:Zoologia ({{es}})]]</text>
<sha1>8giwxz1zdfpxaw428d6128yvogpjmg1</sha1>
</revision>
