<page>
<title>ictiológico</title>
<ns>0</ns>
<id>87265</id>
<revision>
<id>2359462</id>
<parentid>1772789</parentid>
<timestamp>2017-05-03T11:09:44Z</timestamp>
<contributor>
<username>HydrizBot</username>
<id>29590</id>
</contributor>
<minor />
<comment>Robô: A limpar links interwikis antigos</comment>
<model>wikitext</model>
<format>text/x-wiki</format>
<text bytes="496" xml:space="preserve">={{-pt-}}=
==Adjetivo==
'''ic.tio.ló.gi.co''' {{+info|data=1712}}
# relativo à [[ictiologia]].
==Ver também==
===No Wikcionário===
* [[ictiólogo]]
[[Categoria:Adjetivo (Português)|ictiologico]]
[[Categoria:Polissílabo (Português)|ictiologico]]
[[Categoria:Proparoxítona (Português)|ictiologico]]
[[Categoria:Peixe (Português)|ictiologico]]
[[Categoria:Zoologia (Português)|ictiologico]]
[[Categoria:Biologia (Português)|ictiologico]]
[[Categoria:Ciência (Português)|ictiologico]]</text>
<sha1>7dmntne9fr7utpqz0op05q4xdhtnux3</sha1>
</revision>
</page>
