<page>
<page>
<title>ictiófago</title>
<ns>0</ns>
<id>116509</id>
<revision>
<id>2359463</id>
<parentid>1979138</parentid>
<timestamp>2017-05-03T11:09:47Z</timestamp>
<contributor>
<username>HydrizBot</username>
<id>29590</id>
</contributor>
<minor />
<comment>Robô: A limpar links interwikis antigos</comment>
<model>wikitext</model>
<format>text/x-wiki</format>
<text bytes="1004" xml:space="preserve">={{-pt-}}=
==Adjetivo==
{{flex.pt|ms=ictiófago|mp=ictiófagos|fs=ictiófaga|fp=ictiófagas}}
{{proparoxítona|ic|ti|ó|fa|go}} {{+info|data=1541}}
# que [[comer|come]] [[peixe]]
===Sinônimos===
* [[piscívoro]]
===Tradução===
{{tradini}}
* {{trad|eu|iktiofago}}
{{tradmeio}}
* {{trad|es|ictiófago}}
{{tradfim}}
==Substantivo==
{{proparoxítona|ic|ti|ó|fa|go}}
# quem [[comer|come]] [[peixe]]
===Tradução===
{{tradini}}
* {{trad|eu|iktiofago}}
{{tradmeio}}
* {{trad|es|ictiófago}}
{{tradfim}}
=={{etimologia|pt}}==
: Do grego ''ἰχθυοφάγος''.
==Ver também==
===No Wikcionário===
{{verTambém.Ini}}
* [[ictiofagia]]
{{verTambém.NovaColuna}}
* [[ictiologia]]
{{verTambém.Fim}}
[[Categoria:Adjetivo (Português)]]
[[Categoria:Substantivo (Português)]]
={{-es-}}=
==Adjetivo==
'''ictiófago'''
# [[ictiófago#Português|ictiófago]]
==Substantivo==
'''ictiófago'''
# [[ictiófago#Português|ictiófago]]
[[Categoria:Adjetivo (Espanhol)]]
[[Categoria:Substantivo (Espanhol)]]</text>
<sha1>o0iitjpjyawl667wt2iel62nizamfis</sha1>
</revision>
