<page>
<page>
<title>ictifálico</title>
<ns>0</ns>
<id>136347</id>
<revision>
<id>1225579</id>
<parentid>1185354</parentid>
<timestamp>2011-07-17T13:12:08Z</timestamp>
<contributor>
<username>MalafayaBot</username>
<id>628</id>
</contributor>
<minor />
<comment>Robô: Substituição de texto automática (-=(\s*?)Espanhol(\s*?)= +={{-es-}}=, -=(\s*?)\{\{es\}\}(\s*?)= +={{-es-}}=)</comment>
<model>wikitext</model>
<format>text/x-wiki</format>
<text bytes="564" xml:space="preserve">[[Ficheiro:Min.svg|thumb|150px|O deus egípcio ictifálico Min, deus da fertilidade e reprodução.]]
={{-pt-}}=
==Adjetivo==
{{proparoxítona|ic|ti|fá|li|co}} {{m}}
#[[com]] o [[pênis]] em [[ereção]]
#:''[[w:Carl Gustav Jung|Jung]] descreveu seu sonho com o “falo ritual”, também conhecido como sonho do “deus '''ictifálico'''”.''
#:''Alguns deuses egípcios eram representados ictifálicos.''
[[Categoria:Adjetivo (Português)]]
={{-es-}}=
==Adjetivo==
'''ictifálico'''
#[[ictifálico#Português|ictifálico]]
[[Categoria:Adjetivo (Espanhol)]]</text>
<sha1>maa4vaytf6gfu842s2elsxsrpndt64x</sha1>
</revision>
