<page>
<page>
<title>ictiofagia</title>
<ns>0</ns>
<id>116513</id>
<revision>
<id>2359459</id>
<parentid>2204264</parentid>
<timestamp>2017-05-03T11:09:37Z</timestamp>
<contributor>
<username>HydrizBot</username>
<id>29590</id>
</contributor>
<minor />
<comment>Robô: A limpar links interwikis antigos</comment>
<model>wikitext</model>
<format>text/x-wiki</format>
<text bytes="214" xml:space="preserve">={{-pt-}}=
==Substantivo==
{{paroxítona|ic|ti|o|fa|gi|a}}, {{f}}
# o [[ato]] [[de]] [[se]] [[alimentar]] [[de]] [[peixes]]
=={{pronúncia|pt}}==
:De [[íctio]] + [[-fagia]]
[[Categoria:Substantivo (Português)]]</text>
<sha1>lo7z9nssemmkt59o3qqo1xoepi0s87h</sha1>
</revision>
