<page>
<page>
<title>icto</title>
<ns>0</ns>
<id>97249</id>
<revision>
<id>2359465</id>
<parentid>1772787</parentid>
<timestamp>2017-05-03T11:09:50Z</timestamp>
<contributor>
<username>HydrizBot</username>
<id>29590</id>
</contributor>
<minor />
<comment>Robô: A limpar links interwikis antigos</comment>
<model>wikitext</model>
<format>text/x-wiki</format>
<text bytes="401" xml:space="preserve">={{-pt-}}=
==Substantivo==
{{flex.pt|ms=icto|mp=ictos}}
{{paroxítona|ic|to}}
# a [[maior]] [[energia]] de [[expiração]] de uma [[sílaba]] em relação às demais do [[vocábulo]] ou da [[frase]]
# [[acento]] [[tônico]]
=={{etimologia|pt}}==
: Do latim ''ictus, us''.
==Anagramas==
# [[citar|cito]]
# [[ticar|tico]]
[[Categoria:Substantivo (Português)]]
[[Categoria:Linguística (Português)]]</text>
<sha1>33x6j11fhn91mekls93r8gl9px8f4b9</sha1>
</revision>
