<page>
<page>
<title>ictérico</title>
<ns>0</ns>
<id>81731</id>
<revision>
<id>2559766</id>
<parentid>2359466</parentid>
<timestamp>2019-11-01T23:38:33Z</timestamp>
<contributor>
<username>ValJor</username>
<id>1358</id>
</contributor>
<comment>Verbete [[:Categoria:!Página com idioma não informado em Predefinição:etimologia|sem indicação do idioma na seção de etimologia]]</comment>
<model>wikitext</model>
<format>text/x-wiki</format>
<text bytes="925" xml:space="preserve">[[Imagem:Jaundice_eye.jpg|thumb|right|250px|&lt;center&gt;Indivíduo ictérico&lt;/center&gt;]]
={{-pt-}}=
==Adjetivo==
{{proparoxítona|ic|té|ri|co}}
# que tem [[icterícia]]
==Substantivo==
{{proparoxítona|ic|té|ri|co}}
# [[paciente]] que tem [[icterícia]]
===Sinônimos===
* [[itérico]]
=={{etimologia|pt}}==
{{llietimo|la|ictericus|pt}}
==Ver também==
===Na Wikipédia===
* [[w:icterícia|icterícia]]
==Ligações externas==
* {{Aulete}}
* [http://michaelis.uol.com.br/busca?r=0&amp;f=0&amp;t=0&amp;palavra=ict%C3%A9rico “ictérico”], in Trevisan, R. (coord.); Weiszflog, W. (ed.). Michaelis: Moderno Dicionário da Língua Portuguesa. São Paulo: Melhoramentos, 2012 (nova ortografia). ISBN 978-85-06-06953-0
* {{DicioAberto}}
* {{DPLP}}
* {{Infopédia}}
* {{PLP}}
* {{VOLPABL}}
[[Categoria:Adjetivo (Português)|icterico]]
[[Categoria:Substantivo (Português)|icterico]]
[[Categoria:Entrada com imagem (Português)|icterico]]</text>
<sha1>nxcgbjj2od5quqduz04ugjcefsdiemg</sha1>
</revision>
