<page>
<page>
<title>icuaca</title>
<ns>0</ns>
<id>325382</id>
<revision>
<id>1829009</id>
<timestamp>2014-05-31T20:16:29Z</timestamp>
<contributor>
<username>Castelobranco</username>
<id>8424</id>
</contributor>
<comment>+1</comment>
<model>wikitext</model>
<format>text/x-wiki</format>
<text bytes="255" xml:space="preserve">={{-cod-}}=
==Verbo==
'''i.{{grifar|cua}}.ca'''
# [[pensar]]&lt;ref group=&quot;cod&quot;&gt;FAUST, 2008, p.152&lt;/ref&gt;
===Notas===
&lt;references group=&quot;cod&quot; /&gt;
===Referências===
{{verTambém.Ini}}
{{Faust2008}}
{{verTambém.Fim}}
{{categorias|{{cod}}|Verbo|Trissílabo}}</text>
<sha1>sx1krcn9ad6nl8n7kda4n5yoobr7xgh</sha1>
</revision>
