<page>
<title>icua</title>
<ns>0</ns>
<id>325311</id>
<revision>
<id>1828938</id>
<timestamp>2014-05-31T20:08:52Z</timestamp>
<contributor>
<username>Castelobranco</username>
<id>8424</id>
</contributor>
<comment>+1</comment>
<model>wikitext</model>
<format>text/x-wiki</format>
<text bytes="264" xml:space="preserve">={{-cod-}}=
==Verbo==
'''{{grifar|i}}.cua'''
# [[saber]], [[conhecer]]&lt;ref group=&quot;cod&quot;&gt;FAUST, 2008, p.152&lt;/ref&gt;
===Notas===
&lt;references group=&quot;cod&quot; /&gt;
===Referências===
{{verTambém.Ini}}
{{Faust2008}}
{{verTambém.Fim}}
{{categorias|{{cod}}|Verbo|Dissílabo}}</text>
<sha1>0lzetmfnxvgxirsjrgxvww8579e2gdb</sha1>
</revision>
</page>
