<page>
<page>
<title>icuachi</title>
<ns>0</ns>
<id>325420</id>
<revision>
<id>1943080</id>
<parentid>1829047</parentid>
<timestamp>2015-06-17T09:16:58Z</timestamp>
<contributor>
<username>ValJor</username>
<id>1358</id>
</contributor>
<comment>Eliminando [[tsemuta]] da lista de [[Especial:Lonelypages|órfãos]]</comment>
<model>wikitext</model>
<format>text/x-wiki</format>
<text bytes="317" xml:space="preserve">={{-cod-}}=
==Advérbio==
'''i.{{grifar|cua}}.chi'''
# [[ontem]]&lt;ref group=&quot;cod&quot;&gt;FAUST, 2008, p.152&lt;/ref&gt;
===Notas===
&lt;references group=&quot;cod&quot; /&gt;
===Sinônimo===
* [[tsemuta]]
===Referências===
{{verTambém.Ini}}
{{Faust2008}}
{{verTambém.Fim}}
[[Categoria:Advérbio (Cocama)]]
[[Categoria:Trissílabo (Cocama)]]</text>
<sha1>asi283s6ttgm5k9s3uonjhf6xpal6tp</sha1>
</revision>
