<page>
<title>icuata</title>
<ns>0</ns>
<id>325383</id>
<revision>
<id>1829010</id>
<timestamp>2014-05-31T20:16:32Z</timestamp>
<contributor>
<username>Castelobranco</username>
<id>8424</id>
</contributor>
<comment>+1</comment>
<model>wikitext</model>
<format>text/x-wiki</format>
<text bytes="255" xml:space="preserve">={{-cod-}}=
==Verbo==
'''i.{{grifar|cua}}.ta'''
# [[avisar]]&lt;ref group=&quot;cod&quot;&gt;FAUST, 2008, p.153&lt;/ref&gt;
===Notas===
&lt;references group=&quot;cod&quot; /&gt;
===Referências===
{{verTambém.Ini}}
{{Faust2008}}
{{verTambém.Fim}}
{{categorias|{{cod}}|Verbo|Trissílabo}}</text>
<sha1>qi360kdiobtbn1zew6rk5krpxreo5ab</sha1>
</revision>
</page>
