<page>
<title>icun</title>
<ns>0</ns>
<id>325312</id>
<revision>
<id>1828939</id>
<timestamp>2014-05-31T20:08:55Z</timestamp>
<contributor>
<username>Castelobranco</username>
<id>8424</id>
</contributor>
<comment>+1</comment>
<model>wikitext</model>
<format>text/x-wiki</format>
<text bytes="257" xml:space="preserve">={{-cod-}}=
==Advérbio==
'''{{grifar|i}}.cun'''
# [[hoje]]&lt;ref group=&quot;cod&quot;&gt;FAUST, 2008, p.153&lt;/ref&gt;
===Notas===
&lt;references group=&quot;cod&quot; /&gt;
===Referências===
{{verTambém.Ini}}
{{Faust2008}}
{{verTambém.Fim}}
{{categorias|{{cod}}|Advérbio|Dissílabo}}</text>
<sha1>9f6w6imkom0v7qo4jsorhdi6c824f2l</sha1>
</revision>
</page>
