<page>
<page>
<title>iczotl</title>
<ns>0</ns>
<id>437820</id>
<revision>
<id>2651909</id>
<parentid>2649572</parentid>
<timestamp>2021-11-11T08:58:22Z</timestamp>
<contributor>
<username>ValJor</username>
<id>1358</id>
</contributor>
<comment>Corrigindo a definição</comment>
<model>wikitext</model>
<format>text/x-wiki</format>
<text bytes="249" xml:space="preserve">={{-nci-}}=
==Substantivo==
'''iczotl'''
# [[iúca]]
[[Categoria:Substantivo (Náuatle Clássico)]]
[[Categoria:Dissílabo (Náuatle Clássico)]]
[[Categoria:Botânica (Náuatle Clássico)]]
[[Categoria:Ortografia normalizada (Náuatle Clássico)]]</text>
<sha1>fl1t442a4mcd5z34bs1frl4jeuwn4os</sha1>
</revision>
