<page>
<title>Icém</title>
<ns>0</ns>
<id>136284</id>
<revision>
<id>2486653</id>
<parentid>2486652</parentid>
<timestamp>2018-02-24T13:53:57Z</timestamp>
<contributor>
<username>MIL973</username>
<id>41339</id>
</contributor>
<model>wikitext</model>
<format>text/x-wiki</format>
<text bytes="432" xml:space="preserve">{{Wikipédia}}
={{-pt-}}=
==Substantivo==
{{oxítona|I|cém}}, {{gramática|pr}}
# {{escopo|pt|Município do estado de São Paulo}} [[Apêndice:Gentílicos e topónimos em português/Brasil/São Paulo|município brasileiro do estado de São Paulo]]
==Ver também==
===No Wikcionário===
* [[icenense]]
==Ligações externas==
* [http://www.icem.sp.gov.br/ Prefeitura de Icém (São Paulo)]
[[Categoria:Substantivo (Português)]]</text>
<sha1>te0b09vihmozlkeptsm2czipyuaqq3y</sha1>
</revision>
</page>
