<page>
<page>
<title>Icó</title>
<ns>0</ns>
<id>137949</id>
<revision>
<id>2270768</id>
<parentid>1196084</parentid>
<timestamp>2017-04-26T19:01:39Z</timestamp>
<contributor>
<username>HydrizBot</username>
<id>29590</id>
</contributor>
<minor />
<comment>Robô: A limpar links interwikis antigos</comment>
<model>wikitext</model>
<format>text/x-wiki</format>
<text bytes="241" xml:space="preserve">={{-pt-}}=
{{Wikipédia}}
==Substantivo==
'''Icó''' {{pr}}
#[[município]] [[brasileiro]] do [[estado]] do [[Ceará]]
==Ver também==
*[[Apêndice:Municípios do estado do Ceará]]
[[Categoria:Município do estado do Ceará (Português)]]</text>
<sha1>or7ps3yb2klov14y1e3xremlb0yjufa</sha1>
</revision>
