<page>
<page>
<title>ID</title>
<ns>0</ns>
<id>292371</id>
<revision>
<id>2270656</id>
<parentid>2148411</parentid>
<timestamp>2017-04-26T18:57:19Z</timestamp>
<contributor>
<username>HydrizBot</username>
<id>29590</id>
</contributor>
<minor />
<comment>Robô: A limpar links interwikis antigos</comment>
<model>wikitext</model>
<format>text/x-wiki</format>
<text bytes="831" xml:space="preserve">{{ver também|I'd|id|id.|.id|-id|-id|-id-}}
={{-en-}}=
==Abreviatura==
'''[[I]][[D]]'''
# {{escopo|Estados Unidos}} [[Idaho]]
# {{link opcional|identification}} (&lt;small&gt;português:&lt;/small&gt; [[identificação]])
# {{link opcional|identity document}} (&lt;small&gt;português:&lt;/small&gt; [[w:Documento_de_identidade|documento de identidade]])
# (''[[criacionismo]]'') {{link opcional|intelligent design}} (&lt;small&gt;português:&lt;/small&gt; design inteligente, [[DI#Português|DI]])
# (''[[aviação]]'') {{link opcional|industry discount}}
# {{link opcional|inner diameter}}
# {{link opcional|inside diameter}}
# {{link opcional|internal diameter}}
==Ver também==
===No Wikcionário===
{{verTambém.Ini}}
* [[ID card]]
{{verTambém.NovaColuna}}
* [[IDer]]
{{verTambém.NovaColuna}}
* [[IDism]]
{{verTambém.Fim}}
[[Categoria:Abreviatura (Inglês)]]</text>
<sha1>l6dyrw4t4by0y7g3njtlneg1kiztl53</sha1>
</revision>
