<page>
<title>ida</title>
<ns>0</ns>
<id>4807</id>
<revision>
<id>2618790</id>
<parentid>2555807</parentid>
<timestamp>2021-02-01T16:54:47Z</timestamp>
<contributor>
<username>MarxavBot</username>
<id>80155</id>
</contributor>
<minor />
<comment>AFI Portugal</comment>
<model>wikitext</model>
<format>text/x-wiki</format>
<text bytes="889" xml:space="preserve">={{-pt-}}=
==Substantivo==
{{flex.pt|fs=ida|fp=idas}}
{{paroxítona|i|da}}, {{g|f}}
# ação, ato ou [[movimento]] de [[ir]]
# [[partida]], [[jornada]], [[marcha]], [[abalada]], [[viagem]]
# [[fiada]], [[série]]
=={{pronúncia|pt}}==
* [[AFI]]: /ˈi.dɐ/ {{ouvir|pt-br-ida.ogg}}
* [[X-SAMPA]]: /&quot;i.d6/
===Portugal===
* AFI: {{AFI|/ˈi.dɐ/}}
[[Categoria:Substantivo (Português)]]
={{-gl-}}=
==Substantivo==
{{flex.gl|fs=ida|fp=idas}}
{{paroxítona|i|da|lang=gl}}, {{g|f|lang=gl}}
# [[ida#{{pt}}|ida]], ação de ir
# [[ida#{{pt}}|ida]], partida; a parte inicial de uma viagem que vai ter regresso, desde a saída até o destino
# [[puxão]] que dá o peixe no [[anzol]]
=={{etimologia|gl}}==
: Do partcípio de ''[[ir#{{gl}}|ir]]''.
[[Categoria:Substantivo (Galego)]]
={{-tet-}}=
==Numeral==
'''ida''' 
# [[um]]; representado pelo algarismo «1»
[[Categoria:Numeral (Tétum)]]</text>
<sha1>i11m0ccm1hm4qsormtb7fdu2nc7cred</sha1>
</revision>
</page>
