<page>
<title>idades</title>
<ns>0</ns>
<id>103114</id>
<revision>
<id>2359474</id>
<parentid>1207648</parentid>
<timestamp>2017-05-03T11:10:25Z</timestamp>
<contributor>
<username>HydrizBot</username>
<id>29590</id>
</contributor>
<minor />
<comment>Robô: A limpar links interwikis antigos</comment>
<model>wikitext</model>
<format>text/x-wiki</format>
<text bytes="131" xml:space="preserve">={{-pt-}}=
==Forma de substantivo==
{{paroxítona|i|da|des}}
# plural de [[idade]]
[[Categoria:Forma de substantivo (Português)]]</text>
<sha1>thd5e7dt7fuojwhwbhexyakzl2i54hd</sha1>
</revision>
</page>
