<page>
<title>Idaho</title>
<ns>0</ns>
<id>47864</id>
<revision>
<id>2482113</id>
<parentid>2270772</parentid>
<timestamp>2018-02-01T17:46:31Z</timestamp>
<contributor>
<username>Tribuno da Plebe</username>
<id>16095</id>
</contributor>
<model>wikitext</model>
<format>text/x-wiki</format>
<text bytes="632" xml:space="preserve">{{Wikipédia}}
[[Imagem:Flag_of_Idaho.svg|thumb|150px|Bandeira do Idaho (E.U.A.)]]
={{-pt-}}=
==Substantivo==
# Estado dos [[Estados Unidos da América]], faz fronteira com o [[Canadá]], e confina com os estados do [[Montana]], [[Wyoming]], [[Utah]], [[Nevada]], [[Oregon]] e [[Washington]]; sua capital é [[Boile]]
===Tradução===
{{tradini}}
* {{trad|de|Idaho}}
* {{trad|es|Idaho}}
* {{trad|fr|Idaho}}
{{tradmeio}}
* {{trad|en|Idaho}}
* {{trad|it|Idaho}}
* {{trad|sv|Idaho}}
{{tradfim}}
[[Categoria:Substantivo (Português)]]
[[Categoria:Estado dos Estados Unidos (Português)]]
[[Categoria:Entrada com imagem (Português)]]</text>
<sha1>ok1joikf307uq273fc2sn2g2w2paxbx</sha1>
</revision>
</page>
