<page>
<title>IDB</title>
<ns>0</ns>
<id>7942</id>
<revision>
<id>2270657</id>
<parentid>2189551</parentid>
<timestamp>2017-04-26T18:57:21Z</timestamp>
<contributor>
<username>HydrizBot</username>
<id>29590</id>
</contributor>
<minor />
<comment>Robô: A limpar links interwikis antigos</comment>
<model>wikitext</model>
<format>text/x-wiki</format>
<text bytes="318" xml:space="preserve">={{-en-}}=
==Sigla==
'''IDB'''
# {{escopo|economia}} '''''I'''nter-American '''D'''evelopment '''B'''ank'' 'Banco Interamericano de Desenvolvimento', [[BID]]
==Ligações externas==
* [http://www.iadb.org/ sítio do ''Inter-American Development Bank'']
[[Categoria: Sigla (Inglês)]][[Categoria: Economia (Inglês)]]</text>
<sha1>qhdihzjj3nb7h92kouyqg9dtq46avzg</sha1>
</revision>
</page>
