<page>
<page>
<title>ide</title>
<ns>0</ns>
<id>390928</id>
<revision>
<id>2477356</id>
<timestamp>2018-01-13T19:20:46Z</timestamp>
<contributor>
<username>Imivorn</username>
<id>64513</id>
</contributor>
<comment>[[Ajuda:Guia de edição/Menus e ferramentas/Sumário de edição|→]] nova página: ={{-mwl-}}= ==Forma verbal== {{paroxítona|i|de|língua=mwl}} # [[segunda pessoa]] do [[plural]] do imperat...</comment>
<model>wikitext</model>
<format>text/x-wiki</format>
<text bytes="195" xml:space="preserve">={{-mwl-}}=
==Forma verbal==
{{paroxítona|i|de|língua=mwl}}
# [[segunda pessoa]] do [[plural]] do [[imperativo]] de [[ir#{{mwl}}|ir]]
{{avi-for-fle|ir}}
[[Categoria:Forma verbal (Mirandês)]]</text>
<sha1>d2gij4wzmyo30edjawc4w13weixps5w</sha1>
</revision>
