<page>
<title>idealizador</title>
<ns>0</ns>
<id>346641</id>
<revision>
<id>2359479</id>
<parentid>2126932</parentid>
<timestamp>2017-05-03T11:10:54Z</timestamp>
<contributor>
<username>HydrizBot</username>
<id>29590</id>
</contributor>
<minor />
<comment>Robô: A limpar links interwikis antigos</comment>
<model>wikitext</model>
<format>text/x-wiki</format>
<text bytes="289" xml:space="preserve">={{-pt-}}=
==Substantivo==
{{flex.pt|ms=idealizador|mp=idealizadores|fs=idealizadora|fp=idealizadoras}}
{{oxítona|i|de|a|li|za|dor}}
# que ou aquele que [[idealizar|idealiza]]
=={{etimologia|pt}}==
: {{escopo|Morfologia}} [[idealizar]] + [[-dor]].
[[Categoria:Substantivo (Português)]]</text>
<sha1>1wugu09lkoywq0cuk92rwir5kww5xn5</sha1>
</revision>
</page>
