<page>
<page>
<title>idear</title>
<ns>0</ns>
<id>53886</id>
<revision>
<id>2359483</id>
<parentid>2183354</parentid>
<timestamp>2017-05-03T11:11:08Z</timestamp>
<contributor>
<username>HydrizBot</username>
<id>29590</id>
</contributor>
<minor />
<comment>Robô: A limpar links interwikis antigos</comment>
<model>wikitext</model>
<format>text/x-wiki</format>
<text bytes="499" xml:space="preserve">={{-pt-}}=
==Verbo==
{{oxítona|i|de|ar}}, {{gramática|vtd}}
# [[criar]] na [[mente]], [[imaginar]]
# [[projetar]], [[conceber]]
===Conjugação===
{{conj/pt|id|ear}}
===Sinônimos===
{{verTambém.Ini}}
* [[fantasiar]]
{{verTambém.NovaColuna}}
* [[idealizar]]
{{verTambém.Fim}}
=={{etimologia|pt}}==
: {{escopo|Morfologia}} [[ideia|ide(ia)]] + [[-ar]].
=={{pronúncia|pt}}==
* [[AFI]]: {{AFI|/i.de.ˈaɾ/}}
* [[X-SAMPA]]: /i.de.&quot;a4/
==Anagrama==
# [[darei]]
[[Categoria:Verbo (Português)]]</text>
<sha1>a4sdck62s46553yl75w1kj54qe3ym6v</sha1>
</revision>
