<page>
<title>idealizar</title>
<ns>0</ns>
<id>34668</id>
<revision>
<id>2612182</id>
<parentid>2359480</parentid>
<timestamp>2021-01-31T11:20:10Z</timestamp>
<contributor>
<username>Marxav</username>
<id>73271</id>
</contributor>
<minor />
<comment>AFI Portugal</comment>
<model>wikitext</model>
<format>text/x-wiki</format>
<text bytes="563" xml:space="preserve">={{-pt-}}=
==Verbo==
{{oxítona|i|de|a|li|zar}}, ''transitivo''
# [[dar]] [[caráter]] [[ideal]] a
# [[imaginar]]
# [[criar]] na [[mente]]
# [[fantasiar]]
# [[planear]]
===Conjugação===
{{conj/pt|idealiz|ar}}
===Tradução===
{{tradini}}
* {{trad|de|idealisieren}}
* {{trad|fr|idéaliser}}
{{tradmeio}}
* {{trad|en|idealize}}
{{tradfim}}
===Verbetes derivados===
* [[idealização]]
=={{etimologia|pt}}==
: {{escopo|Morfologia}} [[ideal]] + [[-izar]].
=={{pronúncia|pt}}==
===Portugal===
* AFI: {{AFI|/i.djɐ.li.ˈzaɾ/}}
[[Categoria:Verbo (Português)]]</text>
<sha1>kch454hy4aufjemvf6nq3ce7mb2gqvv</sha1>
</revision>
</page>
