<page>
<page>
<title>idealizámos</title>
<ns>0</ns>
<id>311818</id>
<revision>
<id>2548649</id>
<parentid>2359482</parentid>
<timestamp>2019-07-05T12:52:16Z</timestamp>
<contributor>
<username>ValJor</username>
<id>1358</id>
</contributor>
<comment>Acrescentando a predefinição avi-for-fle</comment>
<model>wikitext</model>
<format>text/x-wiki</format>
<text bytes="271" xml:space="preserve">={{-pt-}}=
==Forma verbal==
{{paroxítona|i|de|a|li|zá|mos}}
# {{escopo2|grafia lusitana}} primeira pessoa do plural do pretérito perfeito do indicativo do verbo [[idealizar]]
{{avi-for-fle|idealizar}}
[[Categoria:Forma verbal (Português)]]
[[Categoria:Lusitanismo]]</text>
<sha1>15iraley3gwuyrnbg6cr6o6f38dadds</sha1>
</revision>
