<page>
<title>idem</title>
<ns>0</ns>
<id>54725</id>
<revision>
<id>2359487</id>
<parentid>2225895</parentid>
<timestamp>2017-05-03T11:11:23Z</timestamp>
<contributor>
<username>HydrizBot</username>
<id>29590</id>
</contributor>
<minor />
<comment>Robô: A limpar links interwikis antigos</comment>
<model>wikitext</model>
<format>text/x-wiki</format>
<text bytes="2137" xml:space="preserve">={{-la-}}=
==Pronome==
'''i.dem''' ''demonstrativo masculino e neutro''; ''feminino'': '''[[eadem]]'''; 
:# o [[mesmo]]
:# [[ele]] mesmo
:# [[este]] mesmo
=== Declinação ===
{| style=&quot;background-color: #fff8f8; border: 1px solid #8aa;&quot;
|+ 
|-
| rowspan=&quot;2&quot; colspan=&quot;2&quot; | 
| colspan=&quot;3&quot; bgcolor= #CDD align=center| '''singular'''
| colspan=&quot;3&quot; bgcolor= #CDD align=center| '''plural'''
|-
|bgcolor= #CDD align=center|'''Masculino'''
|bgcolor= #CDD align=center|'''Feminino'''
|bgcolor= #CDD align=center|'''Neutro'''
|bgcolor= #CDD align=center|'''Masculino'''
|bgcolor= #CDD align=center|'''Feminino'''
|bgcolor= #CDD align=center|'''Neutro'''
|-
| rowspan=&quot;5&quot; style=&quot;background-color: #ADF;&quot;| '''Casos'''
| style=&quot;background-color: #CDD;&quot;| '''Nominativo'''
| align=center|[[idem]]
| align=center|[[eadem]]
| align=center|[[idem]]
| align=center|[[iidem]]
| align=center|[[eaedem]]
| align=center|[[eadem]]
|-
| style=&quot;background-color: #CDD;&quot; | '''Genitivo'''
| align=center|[[ejusdem]]
| align=center|[[ejusdem]]
| align=center|[[ejusdem]]
| align=center|[[eorumdem]]
| align=center|[[earumdem]]
| align=center|[[eorumdem]]
|-
| style=&quot;background-color: #CDD;&quot; | '''Dativo'''
| align=center|[[eidem]]
| align=center|[[eidem]]
| align=center|[[eidem]]
| align=center|[[iisdem]]/[[eisdem]]
| align=center|[[iisdem]]/[[eisdem]]
| align=center|[[iisdem]]/[[eisdem]]
|-
| style=&quot;background-color: #CDD;&quot; | '''Ablativo'''
| align=center|[[eodem]]
| align=center|[[eadem]]
| align=center|[[eodem]]
| align=center|[[iisdem]]/[[eisdem]]
| align=center|[[iisdem]]/[[eisdem]]
| align=center|[[iisdem]]/[[eisdem]]
|-
| style=&quot;background-color: #CDD;&quot; | '''Acusativo'''
| align=center|[[eundem]]
| align=center|[[eandem]]
| align=center|[[idem]]
| align=center|[[eosdem]]
| align=center|[[easdem]]
| align=center|[[eadem]]
|}
==Etimologia==
* Formado pelos demonstrativos '''[[is]], [[ea]], [[id]]''' com a terminação enfática '''dem'''
==Uso==
empr. para evitar repetições, até mesmo de uma oração (o pai é vulgar; a mãe, idem)
==Outros Verbetes==
* [[identidem]]
* [[ideo]]
* [[ibidem]]
* [[ibidum]]
[[Categoria:Pronome (Latim)]]</text>
<sha1>e1o6oitzmd3hbm77xti9pzxh2u6nsa7</sha1>
</revision>
</page>
