<page>
<title>identificação</title>
<ns>0</ns>
<id>37148</id>
<revision>
<id>2619621</id>
<parentid>2359497</parentid>
<timestamp>2021-02-01T19:15:39Z</timestamp>
<contributor>
<username>MarxavBot</username>
<id>80155</id>
</contributor>
<minor />
<comment>AFI Portugal</comment>
<model>wikitext</model>
<format>text/x-wiki</format>
<text bytes="322" xml:space="preserve">={{-pt-}}=
==Substantivo==
{{flex.pt|fs=identificação|fp=identificações}}
{{oxítona|i|den|ti|fi|ca|ção}}, {{f}}
# determinação da [[identidade]]
# ação de [[identificar]] ou identificar-se
=={{pronúncia|pt}}==
===Portugal===
* AFI: {{AFI|/i.dẽ.ti.fi.kɐ.ˈsɐ̃w̃/}}
[[Categoria:Substantivo (Português)]]</text>
<sha1>keasa2gb7qjaq23ho64cv8at6dma71c</sha1>
</revision>
</page>
