<page>
<page>
<title>identificar</title>
<ns>0</ns>
<id>6075</id>
<revision>
<id>2359494</id>
<parentid>2235231</parentid>
<timestamp>2017-05-03T11:11:42Z</timestamp>
<contributor>
<username>HydrizBot</username>
<id>29590</id>
</contributor>
<minor />
<comment>Robô: A limpar links interwikis antigos</comment>
<model>wikitext</model>
<format>text/x-wiki</format>
<text bytes="654" xml:space="preserve">={{-pt-}}=
==Verbo==
{{oxítona|i|den|ti|fi|car}}, ''transitivo''
# [[estabelecer]] a [[identidade]] de
# [[tornar]] idêntico a
===Conjugação===
{{conj/pt|identifi|car}}
===Tradução===
{{tradini}}
* {{trad|ca|identificar}}
* {{trad|es|identificar}}
{{tradmeio}}
* {{trad|fr|identifier}}
* {{trad|en|identify}}
{{tradfim}}
=={{etimologia|pt}}==
: Do infinitivo latino ''identificare''.
[[Categoria:Verbo (Português)]]
={{-ca-}}=
==Verbo==
'''identificar'''
# [[identificar#Português|identificar]]
[[Categoria:Verbo (Catalão)]]
={{-es-}}=
==Verbo==
'''identificar'''
# [[identificar#Português|identificar]]
[[Categoria:Verbo (Espanhol)]]</text>
<sha1>qp8g5lip46ko6xuzkt59096pja01964</sha1>
</revision>
