<page>
<page>
<title>identificadas</title>
<ns>0</ns>
<id>338182</id>
<revision>
<id>2359490</id>
<parentid>1913531</parentid>
<timestamp>2017-05-03T11:11:31Z</timestamp>
<contributor>
<username>HydrizBot</username>
<id>29590</id>
</contributor>
<minor />
<comment>Robô: A limpar links interwikis antigos</comment>
<model>wikitext</model>
<format>text/x-wiki</format>
<text bytes="188" xml:space="preserve">={{-pt-}}=
==Forma de adjetivo==
{{paroxítona|i|den|ti|fi|ca|das}}, {{f}}
# feminino plural de [[identificado]]
{{avi-for-fle|identificado}}
[[Categoria:Forma de adjetivo (Português)]]</text>
<sha1>j2707qrq6mxnecd652dirobhlk0w39b</sha1>
</revision>
