<page>
<page>
<title>identificada</title>
<ns>0</ns>
<id>338184</id>
<revision>
<id>2359489</id>
<parentid>1913533</parentid>
<timestamp>2017-05-03T11:11:30Z</timestamp>
<contributor>
<username>HydrizBot</username>
<id>29590</id>
</contributor>
<minor />
<comment>Robô: A limpar links interwikis antigos</comment>
<model>wikitext</model>
<format>text/x-wiki</format>
<text bytes="180" xml:space="preserve">={{-pt-}}=
==Forma de adjetivo==
{{paroxítona|i|den|ti|fi|ca|da}}, {{f}}
# feminino de [[identificado]]
{{avi-for-fle|identificado}}
[[Categoria:Forma de adjetivo (Português)]]</text>
<sha1>a4yjduapan3ap2xb20oju0foyxmr4gj</sha1>
</revision>
