<page>
<title>identity</title>
<ns>0</ns>
<id>72392</id>
<revision>
<id>2359498</id>
<parentid>2198283</parentid>
<timestamp>2017-05-03T11:11:56Z</timestamp>
<contributor>
<username>HydrizBot</username>
<id>29590</id>
</contributor>
<minor />
<comment>Robô: A limpar links interwikis antigos</comment>
<model>wikitext</model>
<format>text/x-wiki</format>
<text bytes="127" xml:space="preserve">={{-en-}}=
==Substantivo==
'''identity''' (''plural'' '''identities''')
# [[identidade]].
[[Categoria:Substantivo (Inglês)]]</text>
<sha1>8nldodpd19vgmfg5htyo5gqdaxqnxsc</sha1>
</revision>
</page>
