<page>
<title>identificado</title>
<ns>0</ns>
<id>338177</id>
<revision>
<id>2359491</id>
<parentid>2073782</parentid>
<timestamp>2017-05-03T11:11:34Z</timestamp>
<contributor>
<username>HydrizBot</username>
<id>29590</id>
</contributor>
<minor />
<comment>Robô: A limpar links interwikis antigos</comment>
<model>wikitext</model>
<format>text/x-wiki</format>
<text bytes="319" xml:space="preserve">={{-pt-}}=
==Adjetivo==
{{flex.pt|ms=identificado|mp=identificados|fs=identificada|fp=identificadas}}
{{paroxítona|i|den|ti|fi|ca|do}}, {{m}}
# que estabeleceu a identidade de algo
# que tornou idêntico a algo
=={{etimologia|pt}}==
: Particípio passado do verbo [[identificar]].
[[Categoria:Adjetivo (Português)]]</text>
<sha1>8zenq0uv4kilkls2qszy82k5davcc0i</sha1>
</revision>
</page>
