<page>
<page>
<title>identificador</title>
<ns>0</ns>
<id>333686</id>
<revision>
<id>2359492</id>
<parentid>2126930</parentid>
<timestamp>2017-05-03T11:11:36Z</timestamp>
<contributor>
<username>HydrizBot</username>
<id>29590</id>
</contributor>
<minor />
<comment>Robô: A limpar links interwikis antigos</comment>
<model>wikitext</model>
<format>text/x-wiki</format>
<text bytes="180" xml:space="preserve">={{-pt-}}=
==Substantivo==
{{flex.pt|ms=identificador|mp=identificadores}}
{{oxítona|i|den|ti|fi|ca|dor}}
#aparelho que identifica chamadas
[[Categoria:Substantivo (Português)]]</text>
<sha1>cgfqqs7dlyuw7n1qr6tvfifbtnq425m</sha1>
</revision>
