<page>
<page>
<title>ideologia</title>
<ns>0</ns>
<id>33129</id>
<revision>
<id>2630090</id>
<parentid>2630089</parentid>
<timestamp>2021-04-08T14:25:27Z</timestamp>
<contributor>
<username>ValJor</username>
<id>1358</id>
</contributor>
<minor />
<comment>Revertidas edições por [[Especial:Contribuições/45.71.131.106|45.71.131.106]] para a última versão por [[Especial:Contribuições/ValJor|ValJor]]</comment>
<model>wikitext</model>
<format>text/x-wiki</format>
<text bytes="5667" xml:space="preserve">{{Wikiquote}}
{{Wikipédia}}
{{Wikipédia|lang=eu}}
{{Wikipédia|lang=ca}}
{{Wikipédia|lang=fi}}
{{Wikipédia|lang=it}}
{{Wikipédia|lang=la}}
{{Wikipédia|lang=oc}}
{{Wikipédia|lang=pl}}
={{-pt-}}=
==Substantivo==
{{flex.pt|fs=ideologia|fp=ideologias}}
{{paroxítona|i|de|o|lo|gi|a}}, {{gramática|f|abstr}}
# {{escopo|pt|arcaico}} {{escopo2|liberalismo}} [[ciência]] que [[estudar|estuda]] a [[formação]] e a [[origem]] das [[ideia]]s
# {{escopo2|neutro}} [[conjunto]] de ideias, [[crença]]s e [[doutrina]]s, próprias de uma [[sociedade]], de uma [[época]] ou de uma [[classe]]
# {{escopo2|neutro}} [[maneira]] de [[pensar]] [[inerente]] a um [[indivíduo]] ou a um [[grupo]] de indivíduos
#* ''Minha '''ideologia''' de vida se resume em não fazer aos outros o que eu não gostaria que fizessem comigo.''
# [[sistema]] [[organizado]] e [[fechado]] de ideias que [[servir|serve]] de [[base]] a uma [[luta]] [[político|política]]
# {{escopo2|marxismo}} crença [[falso|falsa]] ou falsa [[consciência]] das [[relação|relações]] de [[domínio]] entre as classes resultante da [[distorção]] ou [[inversão]] [[proposital]] da [[realidade]] feita pela classe [[dominante]]
# {{escopo2|marxismo}} [[maneira|maneiras]] a maneira como a classe dominante [[estabelecer|estabelece]] e [[sustentar|sustenta]] [[relação|relações]] de [[dominação]]
#* ''A burguesia se utiliza da '''ideologia''' para nos convencer de que ficamos ricos pelo mérito.''
===Parônimos===
* [[edeologia]]
===Tradução===
{{tradini}}
* {{trad|sq|ideologjia}}
* {{trad|de|Ideologie}}
* {{trad|ar|إيديولوجيا}}
* {{trad|arz|ايديولوجيا}}
* {{trad|an|ideyolochía}}
* {{trad|az|İdeologiya}}
* {{trad|be|ідэалогія}}
* {{trad|my|ဒဿန}}
* {{trad|bs|ideologija}}
* {{trad|br|ideologiezh}}
* {{trad|bg|идеология}}
* {{trad|krc|идеология}}
* {{trad|ca|ideologia}}
* {{trad|cs|ideologie}}
* {{trad|zh|意識形態}}
* {{trad|ko|이데올로기}}
* {{trad|hr|ideologija}}
* {{trad|ku|îdeolojî}}
* {{trad|diq|İdeolociy}}
* {{trad|da|ideologi}}
* {{trad|sk|ideológia}}
* {{trad|sl|ideologija}}
* {{trad|es|ideología}}
* {{trad|eo|ideologio}}
* {{trad|et|ideoloogia}}
* {{trad|fo|hugsjón}}
* {{trad|fi|ideologia}}
* {{trad|fr|idéologie}}
* {{trad|fy|ideology}}
* {{trad|gl|ideoloxía}}
* {{trad|cy|ideoleg}}
* {{trad|ka|იდეოლოგია}}
* {{trad|el|ιδεολογία}}
* {{trad|he|אידאולוגיה}}
* {{trad|hif|bichardhara}}
* {{trad|nl|ideologie}}
* {{trad|hu|ideológia}}
{{tradmeio}}
* {{trad|sah|идеология}}
* {{trad|io|ideologio}}
* {{trad|yi|אידעאלאגיע}}
* {{trad|id|ideologi}}
* {{trad|en|ideology}}
* {{trad|is|hugmyndafræði}}
* {{trad|it|ideologia}}
* {{trad|ja|イデオロギー}}
* {{trad|jv|idéologi}}
* {{trad|la|ideologia}}
* {{trad|lv|ideoloģija}}
* {{trad|lt|ideologija}}
* {{trad|mk|идеологија}}
* {{trad|ml|പ്രത്യയശാസ്ത്രം}}
* {{trad|ms|ideologi}}
* {{trad|mt|ideoloġija}}
* {{trad|no|ideologi}}
* {{trad|nn|ideologi}}
* {{trad|fa|ایدئولوژی}}
* {{trad|pl|ideologia}}
* {{trad|pnb|آئیڈیالوجی}}
* {{trad|ky|идеология}}
* {{trad|ro|ideologie}}
* {{trad|ru|идеология|мировоззрение}}
* {{trad|sgs|ideuoluogėjė}}
* {{trad|sr|ideologija}}
* {{trad|sh|ideologija}}
* {{trad|ckb|ئایدیۆلۆژیا}}
* {{trad|sw|itikadi}}
* {{trad|sv|ideologi}}
* {{trad|tl|ideolohiya}}
* {{trad|ta|கருத்தியல்}}
* {{trad|tr|İdeoloji}}
* {{trad|uk|ідеологія}}
* {{trad|ug|ئىدېئولوگىيە}}
* {{trad|vi|tư tưởng}}
* {{trad|war|idolohiya}}
{{tradfim}}
===Verbetes derivados===
{{verTambém.Ini}}
* [[ideológico]]
{{verTambém.NovaColuna}}
* [[ideologicamente]]
{{verTambém.NovaColuna}}
* [[ideólogo]]
{{verTambém.Fim}}
=={{etimologia|pt}}==
{{llietimo|grc|ιδέα|pt|ponto=não}} + {{etimo|grc|λόγος}}, pelo {{etm|fr|pt}} {{etimo|fr|idéologie}}.
: Termo criado pelo filósofo francês [[w:Destutt de Tracy|Destutt de Tracy]] no final do século XVIII.
==Ver também==
===No Wikcionário===
{{verTambém.Ini}}
* [[causa]]
* [[crença]]
* [[opinião]]
{{verTambém.NovaColuna}}
* [[partido]]
{{verTambém.Confrontar|edeologia}}
{{verTambém.Ligações|ide(o)-}}
{{verTambém.Fim}}
===Na Wikipédia===
* [[w:Direita política|Direita]]
* [[w:Esquerdismo|Esquerda]]
==Ligações externas==
* {{Aulete}}
* {{Michaelis}}
* {{DicioAberto}}
* {{DPLP}}
* {{Infopédia}}
* {{PLP}}
* {{VOLPABL}}
[[Categoria:Substantivo (Português)]]
[[Categoria:Política (Português)]]
={{-eu-}}=
==Substantivo==
'''ideologia'''
# [[ideologia#Português|ideologia]]
[[Categoria:Substantivo (Basco)]]
[[Categoria:Política (Basco)]]
={{-ca-}}=
==Substantivo==
'''ideologia'''
# [[ideologia#Português|ideologia]]
[[Categoria:Substantivo (Catalão)]]
[[Categoria:Política (Catalão)]]
={{-fi-}}=
==Substantivo==
'''ideologia'''
# [[ideologia#Português|ideologia]]
[[Categoria:Substantivo (Finlandês)]]
[[Categoria:Política (Finlandês)]]
={{-it-}}=
==Substantivo==
'''ideologia'''
# [[ideologia#Português|ideologia]]
[[Categoria:Substantivo (Italiano)]]
[[Categoria:Política (Italiano)]]
={{-la-}}=
==Substantivo==
'''ideologia'''
# [[ideologia#Português|ideologia]]
[[Categoria:Substantivo (Latim)]]
[[Categoria:Política (Latim)]]
={{-oc-}}=
==Substantivo==
'''ideologia'''
# [[ideologia#Português|ideologia]]
[[Categoria:Substantivo (Occitano)]]
[[Categoria:Política (Occitano)]]
={{-pl-}}=
==Substantivo==
'''ideologia'''
# [[ideologia#Português|ideologia]]
[[Categoria:Substantivo (Polonês)]]
[[Categoria:Política (Polonês)]]</text>
<sha1>fe942cnfnb7et1uepu6p9ati05mlr6s</sha1>
</revision>
