<page>
<page>
<title>ideológia</title>
<ns>0</ns>
<id>38114</id>
<revision>
<id>2359512</id>
<parentid>2126926</parentid>
<timestamp>2017-05-03T11:12:48Z</timestamp>
<contributor>
<username>HydrizBot</username>
<id>29590</id>
</contributor>
<minor />
<comment>Robô: A limpar links interwikis antigos</comment>
<model>wikitext</model>
<format>text/x-wiki</format>
<text bytes="156" xml:space="preserve">{{Wikipédia|lang=hu}}
={{-hu-}}=
==Substantivo==
'''ideológia'''
# [[ideologia]]
[[Categoria:Substantivo (Húngaro)]]
[[Categoria:Filosofia (Húngaro)]]</text>
<sha1>3st0a42c9zua4vmb93himula3jfdcp2</sha1>
</revision>
