<page>
<title>ideología</title>
<ns>0</ns>
<id>34610</id>
<revision>
<id>2359511</id>
<parentid>2164767</parentid>
<timestamp>2017-05-03T11:12:45Z</timestamp>
<contributor>
<username>HydrizBot</username>
<id>29590</id>
</contributor>
<minor />
<comment>Robô: A limpar links interwikis antigos</comment>
<model>wikitext</model>
<format>text/x-wiki</format>
<text bytes="156" xml:space="preserve">{{Wikipédia|lang=es}}
={{-es-}}=
==Substantivo==
'''ideología'''
# [[ideologia]]
[[Categoria:Substantivo (Espanhol)]]
[[Categoria:Filosofia (Espanhol)]]</text>
<sha1>oscjfdpv7hk5042d0xbm05fftwgs4kn</sha1>
</revision>
</page>
