<page>
<title>ideologija</title>
<ns>0</ns>
<id>34614</id>
<revision>
<id>2359507</id>
<parentid>2126928</parentid>
<timestamp>2017-05-03T11:12:30Z</timestamp>
<contributor>
<username>HydrizBot</username>
<id>29590</id>
</contributor>
<minor />
<comment>Robô: A limpar links interwikis antigos</comment>
<model>wikitext</model>
<format>text/x-wiki</format>
<text bytes="154" xml:space="preserve">{{Wikipédia|lang=lt}}
={{-lt-}}=
==Substantivo==
'''ideologija'''
# [[ideologia]]
[[Categoria:Substantivo (Lituano)]]
[[Categoria:Filosofia (Lituano)]]</text>
<sha1>smk36ugmp2765gfwtshdzmtpejrietp</sha1>
</revision>
</page>
