<page>
<page>
<title>ideologi</title>
<ns>0</ns>
<id>34611</id>
<revision>
<id>2359502</id>
<parentid>2164768</parentid>
<timestamp>2017-05-03T11:12:09Z</timestamp>
<contributor>
<username>HydrizBot</username>
<id>29590</id>
</contributor>
<minor />
<comment>Robô: A limpar links interwikis antigos</comment>
<model>wikitext</model>
<format>text/x-wiki</format>
<text bytes="954" xml:space="preserve">{{Wikipédia|lang=da}}
{{Wikipédia|lang=id}}
{{Wikipédia|lang=ms}}
{{Wikipédia|lang=no}}
{{Wikipédia|lang=nn}}
{{Wikipédia|lang=sv}}
={{-da-}}=
==Substantivo==
'''ideologi'''
# [[ideologia]]
[[Categoria:Substantivo (Dinamarquês)]]
[[Categoria:Filosofia (Dinamarquês)]]
={{-id-}}=
==Substantivo==
'''ideologi'''
# [[ideologia]]
[[Categoria:Substantivo (Indonésio)]]
[[Categoria:Filosofia (Indonésio)]]
={{-ms-}}=
==Substantivo==
'''ideologi'''
# [[ideologia]]
[[Categoria:Substantivo (Malaio)]]
[[Categoria:Filosofia (Malaio)]]
={{-no-}}=
==Substantivo==
'''ideologi'''
# [[ideologia]]
[[Categoria:Substantivo (Norueguês)]]
[[Categoria:Filosofia (Norueguês)]]
={{-nn-}}=
==Substantivo==
'''ideologi'''
# [[ideologia]]
[[Categoria:Substantivo (Novo Norueguês)]]
[[Categoria:Filosofia (Novo Norueguês)]]
={{-sv-}}=
==Substantivo==
'''ideologi'''
# [[ideologia]]
[[Categoria:Substantivo (Sueco)]]
[[Categoria:Filosofia (Sueco)]]</text>
<sha1>cdpm8rubzldfu6pk8gj3h2ge9ilov3c</sha1>
</revision>
