<page>
<title>ideology</title>
<ns>0</ns>
<id>34612</id>
<revision>
<id>2359510</id>
<parentid>2017931</parentid>
<timestamp>2017-05-03T11:12:40Z</timestamp>
<contributor>
<username>HydrizBot</username>
<id>29590</id>
</contributor>
<minor />
<comment>Robô: A limpar links interwikis antigos</comment>
<model>wikitext</model>
<format>text/x-wiki</format>
<text bytes="152" xml:space="preserve">{{Wikipédia|lang=en}}
={{-en-}}=
==Substantivo==
'''ideology'''
# [[ideologia]]
[[Categoria:Substantivo (Inglês)]]
[[Categoria:Filosofia (Inglês)]]</text>
<sha1>98aye3d4o2spvlsnvze7yt1427lqrjo</sha1>
</revision>
</page>
