<page>
<title>ideologicamente</title>
<ns>0</ns>
<id>43584</id>
<revision>
<id>2359504</id>
<parentid>1981943</parentid>
<timestamp>2017-05-03T11:12:21Z</timestamp>
<contributor>
<username>HydrizBot</username>
<id>29590</id>
</contributor>
<minor />
<comment>Robô: A limpar links interwikis antigos</comment>
<model>wikitext</model>
<format>text/x-wiki</format>
<text bytes="194" xml:space="preserve">={{-pt-}}=
==Advérbio==
'''i.de.o.lo.gi.ca.men.te'''
:# de [[modo]] [[ideológico]];
:# com [[ideologia]].
==Etimologia==
:Derivação de [[ideológico]].
[[Categoria:Advérbio (Português)]]</text>
<sha1>4k7aacgj2dck1mww3i55tox6esi04xe</sha1>
</revision>
</page>
