<page>
<title>ideologizámos</title>
<ns>0</ns>
<id>311825</id>
<revision>
<id>2548647</id>
<parentid>1657273</parentid>
<timestamp>2019-07-05T12:50:21Z</timestamp>
<contributor>
<username>ValJor</username>
<id>1358</id>
</contributor>
<comment>Acrescentando a predefinição avi-for-fle</comment>
<model>wikitext</model>
<format>text/x-wiki</format>
<text bytes="278" xml:space="preserve">={{-pt-}}=
==Forma verbal==
{{paroxítona|i|de|o|lo|gi|zá|mos}}
# {{escopo2|grafia lusitana}} primeira pessoa do plural do pretérito perfeito do indicativo do verbo [[ideologizar]]
{{avi-for-fle|ideologizar}}
[[Categoria:Forma verbal (Português)]]
[[Categoria:Lusitanismo]]</text>
<sha1>gv5mapgkpab80r9c3xh98qr1glr026h</sha1>
</revision>
</page>
