<page>
<title>ideograma</title>
<ns>0</ns>
<id>274000</id>
<revision>
<id>2615315</id>
<parentid>2359501</parentid>
<timestamp>2021-01-31T21:53:39Z</timestamp>
<contributor>
<username>MarxavBot</username>
<id>80155</id>
</contributor>
<minor />
<comment>AFI Portugal</comment>
<model>wikitext</model>
<format>text/x-wiki</format>
<text bytes="1576" xml:space="preserve">{{Wikipédia}}
{{Wikipédia|lang=ca}}
{{Wikipédia|lang=es}}
{{Wikipédia|lang=gl}}
={{-pt-}}=
==Substantivo==
{{flex.pt|ms=ideograma|mp=ideogramas}}
{{paroxítona|i|de|o|gra|ma}}
# [[símbolo]] [[gráfico]] utilizado para [[representar]] uma [[palavra]] ou [[conceito]] [[abstrato]]
===Tradução===
{{tradini}}
* {{trad|bg|идеограма}}
* {{trad|ca|ideograma}}
* {{trad|zh|形意文字}}
* {{trad|ko|표의 문자}}
* {{trad|da|ideogram}}
* {{trad|sl|ideogram}}
* {{trad|es|ideograma}}
* {{trad|et|ideogramm}}
* {{trad|fi|ideogrammi}}
* {{trad|fr|idéogramme}}
* {{trad|gl|ideograma}}
* {{trad|el|ιδεόγραμμα}}
* {{trad|gu|ચિત્રલિપિ}}
{{tradmeio}}
* {{trad|he|אידאוגרמה}}
* {{trad|hi|चित्रलिपि}}
* {{trad|nl|ideogram}}
* {{trad|en|ideogram}}
* {{trad|it|ideogramma}}
* {{trad|ja|表意文字}}
* {{trad|no|ideogram}}
* {{trad|ro|ideogramă}}
* {{trad|ru|идеограмма}}
* {{trad|sh|ideogram}}
* {{trad|sv|ideogram}}
* {{trad|uk|ідеограма}}
{{tradfim}}
=={{etimologia|pt}}==
: {{escopo|Morfologia}} [[ideo-]] + [[-grama]].
=={{pronúncia|pt}}==
===Portugal===
* AFI: {{AFI|/i.djɔ.ˈɡɾɐ.mɐ/}}
[[Categoria:Substantivo (Português)]]
={{-ca-}}=
==Substantivo==
'''ideograma'''
# [[ideograma#Português|ideograma]]
[[Categoria:Substantivo (Catalão)]]
={{-es-}}=
==Substantivo==
'''ideograma'''
# [[ideograma#Português|ideograma]]
[[Categoria:Substantivo (Espanhol)]]
={{-gl-}}=
==Substantivo==
'''ideograma'''
# [[ideograma#Português|ideograma]]
[[Categoria:Substantivo (Galego)]]</text>
<sha1>lzebr914jtsspiwmdw8kbnaesn06y1w</sha1>
</revision>
</page>
