<page>
<page>
<title>ideologizar</title>
<ns>0</ns>
<id>317689</id>
<revision>
<id>2359509</id>
<parentid>2126927</parentid>
<timestamp>2017-05-03T11:12:35Z</timestamp>
<contributor>
<username>HydrizBot</username>
<id>29590</id>
</contributor>
<minor />
<comment>Robô: A limpar links interwikis antigos</comment>
<model>wikitext</model>
<format>text/x-wiki</format>
<text bytes="249" xml:space="preserve">={{-pt-}}=
==Verbo==
{{oxítona|i|de|o|lo|gi|zar}}
# dar caráter [[ideológico]] a alguma coisa
===Conjugação===
{{conj/pt|ideologiz|ar}}
=={{etimologia|pt}}==
: {{escopo|Morfologia}} [[ideologia]] + [[-izar]].
[[Categoria:Verbo (Português)]]</text>
<sha1>bsu5p0rtu1j1zpwffv47wdj84ask8q5</sha1>
</revision>
