<page>
<page>
<title>ides</title>
<ns>0</ns>
<id>390909</id>
<revision>
<id>2477309</id>
<timestamp>2018-01-13T18:53:58Z</timestamp>
<contributor>
<username>Imivorn</username>
<id>64513</id>
</contributor>
<comment>[[Ajuda:Guia de edição/Menus e ferramentas/Sumário de edição|→]] nova página: ={{-mwl-}}= ==Forma verbal== {{paroxítona|i|des|língua=mwl}} # [[segunda pessoa]] do [[plural]] no presen...</comment>
<model>wikitext</model>
<format>text/x-wiki</format>
<text bytes="214" xml:space="preserve">={{-mwl-}}=
==Forma verbal==
{{paroxítona|i|des|língua=mwl}}
# [[segunda pessoa]] do [[plural]] no [[presente]] do [[indicativo]] de [[ir#Mirandês|ir]]
{{avi-for-fle|ir}}
[[Categoria:Forma verbal (Mirandês)]]</text>
<sha1>cdnfrfrl0vd72n6dvzojfjmrcd5tolw</sha1>
</revision>
