<page>
<title>ideámos</title>
<ns>0</ns>
<id>311819</id>
<revision>
<id>2548645</id>
<parentid>2359514</parentid>
<timestamp>2019-07-05T12:47:32Z</timestamp>
<contributor>
<username>ValJor</username>
<id>1358</id>
</contributor>
<comment>Acrescentando a predefinição avi-for-fle</comment>
<model>wikitext</model>
<format>text/x-wiki</format>
<text bytes="257" xml:space="preserve">={{-pt-}}=
==Forma verbal==
{{paroxítona|i|de|á|mos}}
# {{escopo2|grafia lusitana}} primeira pessoa do plural do pretérito perfeito do indicativo do verbo [[idear]]
{{avi-for-fle|idear}}
[[Categoria:Forma verbal (Português)]]
[[Categoria:Lusitanismo]]</text>
<sha1>lxbhjsstw8ytjww4tybxl7hksy4p3q2</sha1>
</revision>
</page>
