<page>
<title>idichoparlante</title>
<ns>0</ns>
<id>59605</id>
<revision>
<id>1885421</id>
<parentid>1605746</parentid>
<timestamp>2015-01-10T23:08:39Z</timestamp>
<contributor>
<username>Kaleb Alkbashr</username>
<id>45065</id>
</contributor>
<model>wikitext</model>
<format>text/x-wiki</format>
<text bytes="934" xml:space="preserve">={{-pt-}}=
==Adjetivo==
{{flex.pt|s=idichoparlante|p=idichoparlantes|s-div=i.di.cho.par.{{grifar|lan}}.te|p-div=i.di.cho.par.{{grifar|lan}}.tes}}
{{paroxítona|i|di|cho|par|lan|te}}, {{c2g}}
# [[idichófono]]
==Substantivo==
{{flex.pt|s=idichoparlante|p=idichoparlantes|s-div=i.di.cho.par.{{grifar|lan}}.te|p-div=i.di.cho.par.{{grifar|lan}}.tes}}
{{paroxítona|i|di|cho|par|lan|te}}, {{c2g}}
# [[idichófono]]
===Sinónimos===
* [[idichofalante]]
=={{etimologia|pt}}==
: {{escopo|Morfologia}} [[idicho-]] + [[-parlante]].
=={{pronúncia|pt}}==
===Brasil===
* [[AFI]]: {{AFI|/i.ʤi.ʃu.paɾ.&quot;lã.ʧi/}}
* [[X-SAMPA]]: /i.dZi.Su.pa4.&quot;la~.tSi/
==Ver também==
===No Wikcionário===
{{verTambém.Ini}}
{{verTambém.Ligações|-falante}}
{{verTambém.Ligações|-fono}}
{{verTambém.Ligações|-parlante}}
{{verTambém.Ligações|idicho-}}
{{verTambém.Fim}}
[[Categoria:Adjetivo (Português)]]
[[Categoria:Substantivo (Português)]]</text>
<sha1>a9u2ik0h80oxqincp9pnijwgmrjzkef</sha1>
</revision>
</page>
