<page>
<page>
<title>idilizar</title>
<ns>0</ns>
<id>317675</id>
<revision>
<id>1718707</id>
<timestamp>2013-08-31T12:11:19Z</timestamp>
<contributor>
<username>ValJor</username>
<id>1358</id>
</contributor>
<comment>Por um [[Especial:Lonelypages|wikcionário sem órfãos]]: [[idilizámos]]</comment>
<model>wikitext</model>
<format>text/x-wiki</format>
<text bytes="221" xml:space="preserve">={{-pt-}}=
==Verbo==
{{oxítona|i|di|li|zar}}
# [[fantasiar]] [[idílio]]
===Conjugação===
{{conj/pt|idiliz|ar}}
=={{etimologia|pt}}==
: {{escopo|Morfologia}} [[idílio]] + [[-izar]].
[[Categoria:Verbo (Português)]]</text>
<sha1>3ok1nxd5t117to6gmyqj9tjuymmy50c</sha1>
</revision>
