<page>
<title>idiliya</title>
<ns>0</ns>
<id>147165</id>
<revision>
<id>2359516</id>
<parentid>635915</parentid>
<timestamp>2017-05-03T11:12:57Z</timestamp>
<contributor>
<username>HydrizBot</username>
<id>29590</id>
</contributor>
<minor />
<comment>Robô: A limpar links interwikis antigos</comment>
<model>wikitext</model>
<format>text/x-wiki</format>
<text bytes="112" xml:space="preserve">={{-xh-}}=
==Substantivo==
'''idiliya'''
#[[uva]]
[[Categoria:Substantivo (Xhosa)]]
[[Categoria:Fruta (Xhosa)]]</text>
<sha1>7hi4j8j2w7bpxj1gonp227jqu0oa6i8</sha1>
</revision>
</page>
