<page>
<title>idiossincrásico</title>
<ns>0</ns>
<id>137764</id>
<revision>
<id>2559614</id>
<parentid>2359524</parentid>
<timestamp>2019-10-31T20:06:13Z</timestamp>
<contributor>
<username>ValJor</username>
<id>1358</id>
</contributor>
<comment>Verbete [[:Categoria:!Página com idioma não informado em Predefinição:etimologia|sem indicação do idioma na seção de etimologia]]</comment>
<model>wikitext</model>
<format>text/x-wiki</format>
<text bytes="715" xml:space="preserve">={{-pt-}}=
==Adjetivo==
{{flex.pt|ms=idiossincrásico|mp=idiossincrásicos|fs=idiossincrásica|fp=idiossincrásicas}}
{{proparoxítona|i|di|os|sin|crá|si|co}}
# relativo à [[idiossincrasia]]
===Sinônimo===
* [[idiossincrático]]
=={{etimologia|pt}}==
: {{escopo|Morfologia}} [[idiossincrasia]] + [[-ico]].
==Ligações externas==
* {{Aulete}}
* [http://michaelis.uol.com.br/busca?r=0&amp;f=0&amp;t=0&amp;palavra=idiossincr%C3%A1sico “idiossincrásico”], in Trevisan, R. (coord.); Weiszflog, W. (ed.). Michaelis: Moderno Dicionário da Língua Portuguesa. São Paulo: Melhoramentos, 2012 (nova ortografia). ISBN 978-85-06-06953-0
* {{DPLP}}
* {{Infopédia}}
* {{PLP}}
* {{VOLPABL}}
[[Categoria:Adjetivo (Português)]]</text>
<sha1>q64crw6rj5jrolcgs6nvfp50axiaqlt</sha1>
</revision>
</page>
