<page>
<title>idiossincrasia</title>
<ns>0</ns>
<id>14427</id>
<revision>
<id>2610345</id>
<parentid>2601382</parentid>
<timestamp>2021-01-30T20:37:16Z</timestamp>
<contributor>
<username>Marxav</username>
<id>73271</id>
</contributor>
<minor />
<comment>AFI Portugal</comment>
<model>wikitext</model>
<format>text/x-wiki</format>
<text bytes="1783" xml:space="preserve">{{Wikipédia}}
={{-pt-}}=
==Substantivo==
{{flex.pt|fs=idiossincrasia|fp=idiossincrasias}}
{{paroxítona|i|di|os|sin|cra|si|a}}, {{gênero|f}}
# [[reação]] [[individual]] [[próprio|própria]] e [[típico|típica]] a cada [[pessoa]]
# [[temperamento]] [[peculiar]] de cada [[indivíduo]]
# {{escopo|pt|Medicina}} [[disposição]] do [[temperamento]] de um indivíduo, em [[virtude]] da qual cada indivíduo representa de uma maneira que lhe é própria as [[influência]]s dos diversos [[agente]]s que [[impressionar|impressionam]] os seus [[órgão]]s
===Tradução===
{{tradini}}
* {{trad|de|Idiosynkrasie}}
* {{trad|bg|идиосинкразия}}
* {{trad|da|idiosynkrasi}}
* {{trad|es|idiosincrasia}}
* {{trad|fr|idiosyncrasie}}
* {{trad|nl|idiosyncrasie}}
{{tradmeio}}
* {{trad|en|idiosyncrasy}}
* {{trad|it|idiosincrasia}}
* {{trad|pl|idiosynkrazja}}
* {{trad|ru|идиосинкразия}}
* {{trad|sv|idiosynkrasi}}
* {{trad|uk|ідіосинкразія}}
{{tradfim}}
===Verbetes derivados===
{{verTambém.Ini}}
* [[idiossincrásico]]
{{verTambém.NovaColuna}}
* [[idiossincrático]]
{{verTambém.Fim}}
=={{etimologia|pt}}==
{{llietimo|grc|ἰδιοσυγκρασία|pt|ponto=não}}, palavra esta formada de {{etimo|grc|ἴδιος|([[peculiar]])}} + {{etimo|grc|σύν|([[junto]])}} + {{etimo|grc|κράσις|([[temperamento]])}}.
=={{pronúncia|pt}}==
===Brasil===
* [[AFI]]: {{AFI|/i.dʒi.o.sĩ.cɾa.ˈzi.a/|pt}}
* [[X-SAMPA]]: /i.dZi.o.si~.c4a.&quot;zi.a/
===Portugal===
* AFI: {{AFI|/i.djɔ.sĩ.kɾɐ.ˈzi.ɐ/}}
==Ver também==
===No Wikcionário===
{{verTambém.Ini}}
* {{verLigações|medicina}}
{{verTambém.Fim}}
==Ligações externas==
* {{Aulete}}
* {{Michaelis}}
* {{DPLP}}
* {{Infopédia}}
* {{PLP}}
* {{VOLPABL}}
[[Categoria:Substantivo (Português)]]</text>
<sha1>pf5tjnakg2j9jb4q7g4gfrzyic0b99j</sha1>
</revision>
</page>
