<page>
<title>idiom</title>
<ns>0</ns>
<id>39293</id>
<revision>
<id>2359519</id>
<parentid>2092734</parentid>
<timestamp>2017-05-03T11:13:08Z</timestamp>
<contributor>
<username>HydrizBot</username>
<id>29590</id>
</contributor>
<minor />
<comment>Robô: A limpar links interwikis antigos</comment>
<model>wikitext</model>
<format>text/x-wiki</format>
<text bytes="375" xml:space="preserve">={{-en-}}=
==Substantivo==
{{flex.en|s=idiom|p=idioms}}
'''idiom'''
# [[expressão idiomática]]
# {{escopo|Música}} [[linguagem]], [[estilo]]
[[Categoria:Substantivo (Inglês)]]
[[Categoria:Falso cognato (Inglês)]]
={{-sv-}}=
==Substantivo==
'''idiom'''
# [[expressão]] [[idiomático|idiomática]]
[[Categoria:Substantivo (Sueco)]]
[[Categoria:Falso cognato (Sueco)]]</text>
<sha1>rafxrgwvibf1ip86e6mlq7sepi4p6f8</sha1>
</revision>
</page>
