<page>
<page>
<title>idiomas</title>
<ns>0</ns>
<id>214095</id>
<revision>
<id>2359521</id>
<parentid>1973477</parentid>
<timestamp>2017-05-03T11:13:22Z</timestamp>
<contributor>
<username>HydrizBot</username>
<id>29590</id>
</contributor>
<minor />
<comment>Robô: A limpar links interwikis antigos</comment>
<model>wikitext</model>
<format>text/x-wiki</format>
<text bytes="147" xml:space="preserve">={{-pt-}}=
==Forma de substantivo==
'''idiomas''', {{p}}
#plural de '''[[idioma#{{pt}}|idioma]]'''
[[Categoria:Forma de substantivo (Português)]]</text>
<sha1>56n49sodoe1vxscjoqbcvr1or0hrhfv</sha1>
</revision>
