<page>
<page>
<title>idiossincrática</title>
<ns>0</ns>
<id>82263</id>
<revision>
<id>2359525</id>
<parentid>2126940</parentid>
<timestamp>2017-05-03T11:13:30Z</timestamp>
<contributor>
<username>HydrizBot</username>
<id>29590</id>
</contributor>
<minor />
<comment>Robô: A limpar links interwikis antigos</comment>
<model>wikitext</model>
<format>text/x-wiki</format>
<text bytes="152" xml:space="preserve">={{-pt-}}=
==Forma de adjetivo==
{{paroxítona|i|di|os|sin|crá|ti|ca}}
# feminino de [[idiossincrático]]
[[Categoria:Forma de adjetivo (Português)]]</text>
<sha1>mhwhhrbo65qrooom63kgqssq1c3yiln</sha1>
</revision>
