<page>
<title>idiotismo</title>
<ns>0</ns>
<id>128616</id>
<revision>
<id>2542232</id>
<parentid>2359534</parentid>
<timestamp>2019-04-20T22:08:08Z</timestamp>
<contributor>
<username>Xena the Rebel Girl</username>
<id>45520</id>
</contributor>
<minor />
<comment>/* {{-pt-}} */</comment>
<model>wikitext</model>
<format>text/x-wiki</format>
<text bytes="1840" xml:space="preserve">{{Wikipédia}}
={{-pt-}}=
==Substantivo==
{{flex.pt|ms=idiotismo|mp=idiotismos}}
{{paroxítona|i|di|o|tis|mo}}, {{gramática|m}}
# qualidade ou estado de [[idiota]]
# [[locução]] de [[significado]] [[peculiar]] própria de uma [[língua]] específica 
===Sinônimos===
De '''1''' (qualidade ou estado de idiota):
{{verTambém.Ini}}
* [[idiotice]]
{{verTambém.NovaColuna}}
* [[idiotia]]
{{verTambém.NovaColuna}}
* [[zotismo]]
{{verTambém.Fim}}
De '''2''' (expressão de uma língua):
* [[expressão idiomática]]
===Tradução===
{{tradini|De 1 (qualidade ou estado de idiota)}}
* {{trad|es|idiotismo}}
* {{trad|fr|idiotisme}}
* {{trad|io|idiotismo}}
* {{trad|en|idiocy}}
{{tradmeio}}
* {{trad|it|idiotismo}}
* {{trad|pl|idiotyczność|idiotyzm}}
* {{trad|ru|идиотизм}}
{{tradfim}}
{{tradini|De 2 (expressão de uma língua)}}
* {{trad|es|idiotismo}}
* {{trad|fi|idiomi|sanonta}}
* {{trad|fr|idiotisme}}
* {{trad|io|idiotismo}}
{{tradmeio}}
* {{trad|en|idiom}}
* {{trad|it|idiotismo}}
* {{trad|pl|wyrażenie|idiom}}
* {{trad|ru|идиома}}
{{tradfim}}
=={{etimologia|pt}}==
: Do latim ''idiotismus'' e este do grego ''ἰδιωτισμός''.
[[Categoria:Substantivo (Português)]]
[[Categoria:Linguística (Português)]]
[[Categoria:Psiquiatria (Português)]]
={{-es-}}=
==Substantivo==
'''idiotismo'''
# [[idiotismo#Português|idiotismo]]
[[Categoria:Substantivo (Espanhol)]]
[[Categoria:Linguística (Espanhol)]]
[[Categoria:Medicina (Espanhol)]]
={{-io-}}=
==Substantivo==
'''idiotismo'''
# [[idiotismo#Português|idiotismo]]
[[Categoria:Substantivo (Ido)]]
[[Categoria:Linguística (Ido)]]
[[Categoria:Medicina (Ido)]]
={{-it-}}=
==Substantivo==
'''idiotismo'''
# [[idiotismo#Português|idiotismo]]
[[Categoria:Substantivo (Italiano)]]
[[Categoria:Linguística (Italiano)]]
[[Categoria:Medicina (Italiano)]]</text>
<sha1>cwwa29ja2p5ek76g3parjgsxxeiqz1g</sha1>
</revision>
</page>
