<page>
<title>idiotámos</title>
<ns>0</ns>
<id>311827</id>
<revision>
<id>2548583</id>
<parentid>1657278</parentid>
<timestamp>2019-07-04T15:36:04Z</timestamp>
<contributor>
<username>ValJor</username>
<id>1358</id>
</contributor>
<comment>Acrescentando a predefinição avi-for-fle</comment>
<model>wikitext</model>
<format>text/x-wiki</format>
<text bytes="264" xml:space="preserve">={{-pt-}}=
==Forma verbal==
{{paroxítona|i|di|o|tá|mos}}
# {{escopo2|grafia lusitana}} primeira pessoa do plural do pretérito perfeito do indicativo do verbo [[idiotar]]
{{avi-for-fle|idiotar}}
[[Categoria:Forma verbal (Português)]]
[[Categoria:Lusitanismo]]</text>
<sha1>q8pwswc6sgpbhn2ntp2owc9jhdiy7t6</sha1>
</revision>
</page>
