<page>
<title>idioma</title>
<ns>0</ns>
<id>5218</id>
<revision>
<id>2688304</id>
<parentid>2688303</parentid>
<timestamp>2022-09-14T02:44:28Z</timestamp>
<contributor>
<username>Defender</username>
<id>15952</id>
</contributor>
<minor />
<comment>Revertidas edições por [[Especial:Contribuições/45.225.195.136|45.225.195.136]] para a última versão por [[Especial:Contribuições/ValJor|ValJor]]</comment>
<model>wikitext</model>
<format>text/x-wiki</format>
<text bytes="5517" xml:space="preserve">={{-pt-}}=
==Substantivo==
{{flex.pt|ms=idioma|mp=idiomas}}
{{paroxítona|i|di|o|ma}}, {{gramática|m}}
# [[linguagem]] [[falado|falada]] e/ou [[escrito|escrita]] de uma [[população]] qualquer, com [[estrutura]] e [[regra]]s [[próprio|próprias]] que lhe [[dar|dão]] um [[caráter]] [[peculiar]] e [[diferenciado]] das [[outro|outras]]
#* ''Falar outro '''idioma''', que não o português, dificulta um pouco a viagem.'' {{OESP|2007|setembro|09}}
===Sinônimos===
De '''1''':
{{verTambém.Ini}}
* [[língua]]
{{verTambém.NovaColuna}}
* [[linguagem]] [[humano|humana]]
{{verTambém.Fim}}
===Tradução===
{{tradini}}
* {{trad|af|taal}}
* {{trad|ay|aru}}
* {{trad|sq|gjuhë}}
* {{trad|de|Sprache}}
* {{trad|ar|لُغَة|كلام|لغة}} (lúgha)
* {{trad|arn|dùngun}}
* {{trad|hy|լեզու}}
* {{trad|ast|idioma|llingua}}
* {{trad|av|мацӀ}}
* {{trad|az|dili|dil}}
* {{trad|eu|hizkuntza|mintzaira}}
* {{trad|be|мова}}
* {{trad|bs|jezik}}
* {{trad|br|yezh}}
* {{trad|bg|език}} (jezík)
* {{trad|km|ភាសា}}
* {{trad|ca|llengua|idioma}}
* {{trad|kk|тілі}}
* {{trad|ce|мотт}}
* {{trad|cs|jazyk|řeč}}
* {{trad|zh|語言|语言}} (yǔyán)
* {{trad|ko|언어}}
* {{trad|kw|yeth}}
* {{trad|co|lingua}}
* {{trad|hr|jezik}}
* {{trad|ku|ziman}}
* {{trad|da|sprog}}
* {{trad|sk|jazyk}}
* {{trad|sl|jezik}}
* {{trad|es|lengua|lenguaje|idioma}}
* {{trad|eo|lingvo}}
* {{trad|et|keel}}
* {{trad|fi|kieli}}
* {{trad|vls|taal}}
* {{trad|fr|langue|idiome|langage}}
* {{trad|fy|taal}}
* {{trad|fur|lenghe|lengaç}}
* {{trad|gd|langiuer|cànan}}
* {{trad|gl|lingua|idioma|linguaxe}}
* {{trad|gll|laungg}}
* {{trad|cy|iaith}}
* {{trad|ka|ენა}} (ena)
* {{trad|gil|taetae}}
* {{trad|el|γλώσσα}} (ghlóssa)
* {{trad|grc|γλωσσα|γλῶττα}}
* {{trad|gn|ñe'ẽ}}
* {{trad|gu|ભાષા|બોલી}}
* {{trad|haw|ʻōlelo}}
* {{trad|he|לשון}} (lashón)
* {{trad|hi|भाषा|ज़ुबान}}
* {{trad|nl|taal}}
* {{trad|hu|nyelv}}
* {{trad|io|linguo|idiomo}}
* {{trad|yi|לשון}} (loshn) 
* {{trad|id|bahasa}}
* {{trad|en|language|tongue}}
* {{trad|ia|lingua}}
* {{trad|ga|teanga}}
{{tradmeio}}
* {{trad|is|mál|tungumál|tunga}}
* {{trad|it|lingua|linguaggio|idioma}}
* {{trad|ja|言語}} (げんご, gengo)
* {{trad|la|lingua|sermo|oratio}}
* {{trad|lv|valoda}}
* {{trad|lt|kalba}}
* {{trad|lb|Sprooch}}
* {{trad|lez|чӏал}}
* {{trad|mk|јазик}}
* {{trad|ms|bahasa}}
* {{trad|mg|teny|fiteny}}
* {{trad|mt|lingwa}}
* {{trad|mi|reo}}
* {{trad|mr|भाषा}}
* {{trad|mas|ɔl}}
* {{trad|mdf|кяль}}
* {{trad|nan|gí-giân}}
* {{trad|mwl|lhéngua}}
* {{trad|mn|хэл}} (khel)
* {{trad|na|langue}}
* {{trad|no|språk|talemål}}
* {{trad|pap|idioma}}
* {{trad|fa|زبان}} (zæbān)
* {{trad|pl|język|mowa}}
* {{trad|pa|ਭਾਸ਼ਾ}}
* {{trad|qu|simi|runa-simi}}
* {{trad|ky|тили|тил}}
* {{trad|ro|limbă}}
* {{trad|rw|ururimi}}
* {{trad|ru|язык}} (jazýk)
* {{trad|se|giella}}
* {{trad|sm|gagana}}
* {{trad|sg|yângâ}}
* {{trad|sa|वादिन्}}
* {{trad|sro|lìngua}}
* {{trad|sr|језик}}
* {{trad|scn|lingua}}
* {{trad|so|af}}
* {{trad|sw|lugha|usemi}}
* {{trad|sv|språk}}
* {{trad|th|ภาษา}} (phaasáá)
* {{trad|tet|lian|dalen}}
* {{trad|tn|puo|loleme}}
* {{trad|tu|nhe'enga}}
* {{trad|tr|dil|lisan}}
* {{trad|tk|дили}}
* {{trad|uk|мова}}
* {{trad|wo|làmmiñ}}
* {{trad|uz|тили}}
* {{trad|val|llengua|idioma}}
* {{trad|vec|lengua}}
* {{trad|vi|tiếng|ngôn ngữ}}
* {{trad|vo|pük}}
* {{trad|vro|kiil}}
* {{trad|xh|ulwimi}}
* {{trad|dz|ཁ་}} (kha)
* {{trad|zu|ululimi}}
{{tradfim}}
=={{etimologia|pt}}==
: Do latim ''idiōma'' e este do grego ''ἰδίωμα'' (propriedade privada).
==Ver também==
===No Wikcionário===
{{verTambém.Ini}}
* [[dialeto]]
{{verTambém.NovaColuna}}
* [[sotaque]]
{{verTambém.Fim}}
===Na Wikipédia===
{{verTambém.Ini}}
* [[w:dialeto|dialeto]]
{{verTambém.NovaColuna}}
* [[w:sotaque|sotaque]]
{{verTambém.NovaColuna}}
* [[w:Língua|língua]]
{{verTambém.NovaColuna}}
* [[w:linguagem humana|linguagem humana]]
{{verTambém.Fim}}
==Anagrama==
# [[daimio]]
[[Categoria:Substantivo (Português)]]
={{-ast-}}=
==Substantivo==
'''idioma'''
# [[idioma#Português|idioma]]
[[Categoria:Substantivo (Asturiano)]]
={{-ca-}}=
==Substantivo==
'''idioma'''
# [[idioma#Português|idioma]]
[[Categoria:Substantivo (Catalão)]]
={{-es-}}=
==Substantivo==
'''idioma'''
# [[idioma#Português|idioma]]
#* ''Con ropa típica tehuelche, también dejó un bello poema en el '''idioma''' de ese afectuoso pueblo originario patagónico al que ella pertenece.'' {{clarin|2007|dezembro|06}}
[[Categoria:Substantivo (Espanhol)]]
={{-gl-}}=
==Substantivo==
'''idioma'''
# [[idioma#Português|idioma]]
[[Categoria:Substantivo (Galego)]]
={{-it-}}=
==Substantivo==
'''idioma'''
# [[idioma#Português|idioma]]
#* ''In un mondo in cui siamo soltanto noi a parlarlo e che ci ha già declassato a '''idioma''' di serie B, se siamo noi stessi a relativizzarne il valore all'interno stesso dell'Italia mettendolo sullo stesso piano di decine di lingue straniere, la sua morte certa sarà ancora più precoce dell'inevitabile tracollo demografico di una popolazione autoctona a tasso di natalità zero.'' {{corriere|2007|outubro|24}}
[[Categoria:Substantivo (Italiano)]]
={{-pap-}}=
==Substantivo==
'''idioma'''
# [[idioma#Português|idioma]]
[[Categoria:Substantivo (Papiamento)]]
={{-val-}}=
==Substantivo==
'''idioma'''
# [[idioma#Português|idioma]]
[[Categoria:Substantivo (Valenciano)]]</text>
<sha1>cjh6w3fhgj4g0nsvvpfuinukr287qkr</sha1>
</revision>
</page>
