<page>
<title>idiofone</title>
<ns>0</ns>
<id>284924</id>
<revision>
<id>2542284</id>
<parentid>2359517</parentid>
<timestamp>2019-04-21T04:38:34Z</timestamp>
<contributor>
<username>Yone Fernandes</username>
<id>11532</id>
</contributor>
<comment>/* {{-pt-}} */</comment>
<model>wikitext</model>
<format>text/x-wiki</format>
<text bytes="966" xml:space="preserve">{{Wikipédia}}
={{-pt-}}=
==Adjetivo==
{{flex.pt|s=idiofone|p=idiofones}}
{{paroxítona|i|di|o|fo|ne}}, {{c2g}}
# diz-se de [[instrumento musical]] cujo [[som]] é [[produzido]] pela [[vibração]] de seu próprio [[corpo]] (como por exemplo: [[berimbau]], [[sino]], [[xilofone]], [[castanhola]], [[sambi]], [[quissanje]], [[timbila]], etc)
===Tradução===
{{tradini}}
* {{trad|en|idiophone}}
{{tradmeio}}
{{tradfim}}
==={{-varort-}}===
* [[idiófono]]
==Substantivo==
{{flex.pt|ms=idiofone|mp=idiofones}}
{{paroxítona|i|di|o|fo|ne}}, {{m}}
# instrumento musical que também é o elemento vibratório (como por exemplo: sino, xilofone, castanholas, sambi, quissanje, timbila etc)
===Tradução===
{{tradini}}
* {{trad|en|idiophone}}
{{tradmeio}}
{{tradfim}}
==={{-varort-}}===
* [[idiófono]]
==Ver também==
===No Wikcionário===
* [[daxofone]]
[[Categoria:Adjetivo (Português)]]
[[Categoria:Substantivo (Português)]]
[[Categoria:Música (Português)]]</text>
<sha1>k2a6h06tx27v2vekkpy70e6b2h3ys79</sha1>
</revision>
</page>
