<page>
<title>idiopatia</title>
<ns>0</ns>
<id>431454</id>
<revision>
<id>2627983</id>
<parentid>2627915</parentid>
<timestamp>2021-03-30T15:58:56Z</timestamp>
<contributor>
<username>Leonardo José Raimundo</username>
<id>43489</id>
</contributor>
<comment>Eu estou traduzindo a palavra &quot;idiopatia&quot; para o alemão (Idiopathie).</comment>
<model>wikitext</model>
<format>text/x-wiki</format>
<text bytes="1160" xml:space="preserve">={{-pt-}}=
==Substantivo==
{{flex.pt|fs=idiopatia|fp=idiopatias}}
{{paroxítona|i|di|o|pa|ti|a}}, {{gramática|f}}
# {{escopo|pt|Medicina}} afecção que não é [[decorrente]] de outras, que tem origem [[espontâneo|espontânea]], que existe por si só
# preferência particular por algum objeto
===Tradução===
{{tradini}}
* {{trad|de|Idiopathie}}
* {{trad|ca|idiopatia}}
* {{trad|es|idiopatía}}
* {{trad|fr|idiopathie}}
* {{t|el|ιδιοπάθεια||tr=idiopátheia}}
{{tradmeio}}
* {{trad|en|idiopathy}}
* {{trad|is|frumkvilli}}
* {{trad|it|idiopatia}}
* {{trad|no|idiopati}}
{{tradfim}}
===Verbetes derivados===
* [[idiopático]]
=={{etimologia|pt}}==
: {{escopo|Morfologia}} [[idio-]] + [[-patia]].
==Ligações externas==
* {{Aulete}}
* {{Michaelis}}
* {{DicioAberto}}
* {{DPLP}}
* {{Infopédia}}
* {{PLP}}
* {{VOLPABL}}
[[Categoria:Substantivo (Português)]]
={{-ca-}}=
==Substantivo==
'''idiopatia'''
# {{escopo|ca|Medicina}} [[idiopatia#Português|idiopatia]]
[[Categoria:Substantivo (Catalão)]]
={{-it-}}=
==Substantivo==
'''idiopatia'''
# {{escopo|it|Medicina}} [[idiopatia#Português|idiopatia]]
[[Categoria:Substantivo (Italiano)]]</text>
<sha1>jfom6cg7jt1vwwm7g9jxpafy9wftuk4</sha1>
</revision>
</page>
