<page>
<title>idioleto</title>
<ns>0</ns>
<id>55952</id>
<revision>
<id>2359518</id>
<parentid>2126942</parentid>
<timestamp>2017-05-03T11:13:00Z</timestamp>
<contributor>
<username>HydrizBot</username>
<id>29590</id>
</contributor>
<minor />
<comment>Robô: A limpar links interwikis antigos</comment>
<model>wikitext</model>
<format>text/x-wiki</format>
<text bytes="406" xml:space="preserve">={{-pt-}}=
==Substantivo==
'''i.di.o.le.to''' &amp;ensp;''masculino''
#[[conjunto]] de [[hábito]]s [[verbal|verbais]] de um [[indivíduo]], [[refletir|refletindo]] [[influência]]s [[regional|regionais]] e [[social|sociais]]
===Variante ortográfica===
* Anterior ao AO 1990: [[idiolecto]]
[[Categoria:Substantivo (Português)]]
[[Categoria:Polissílabo (Português)]]
[[Categoria:Paroxítona (Português)]]</text>
<sha1>64jztq2tm2q6gy1bzzuwom1yzrpcxwe</sha1>
</revision>
</page>
