<page>
<page>
<title>idiossincrasias</title>
<ns>0</ns>
<id>89045</id>
<revision>
<id>1207657</id>
<parentid>1058450</parentid>
<timestamp>2011-07-10T03:41:20Z</timestamp>
<contributor>
<username>MalafayaBot</username>
<id>628</id>
</contributor>
<minor />
<comment>Robô: Substituição de texto automática (-^\=\s?Português\s?\= +={{-pt-}}= &amp; -^\=\s?\{\{pt\}\}\s?\= +={{-pt-}}=)</comment>
<model>wikitext</model>
<format>text/x-wiki</format>
<text bytes="166" xml:space="preserve">={{-pt-}}=
==Forma de substantivo==
{{paroxítona|i|di|os|sin|cra|si|as}}, {{p}} {{f}}
# plural de [[idiossincrasia]]
[[Categoria:Forma de substantivo (Português)]]</text>
<sha1>p4fv9dq0h2lkyln3l0rufabk4cg2ndn</sha1>
</revision>
