<page>
<page>
<title>idiossincrático</title>
<ns>0</ns>
<id>82308</id>
<revision>
<id>2619947</id>
<parentid>2559512</parentid>
<timestamp>2021-02-01T20:11:30Z</timestamp>
<contributor>
<username>MarxavBot</username>
<id>80155</id>
</contributor>
<minor />
<comment>AFI Portugal</comment>
<model>wikitext</model>
<format>text/x-wiki</format>
<text bytes="1293" xml:space="preserve">={{-pt-}}=
==Adjetivo==
{{flex.pt|ms=idiossincrático|mp=idiossincráticos|fs=idiossincrática|fp=idiossincráticas}}
{{proparoxítona|i|di|os|sin|crá|ti|co}}
# relativo à [[idiossincrasia]]
#* ''Esse regresso anual, &quot;na estação errada&quot;, é uma forma de fidelidade que &quot;só tem valor na medida em que é instintiva ou '''idiossincrática''', mais do que racional&quot;, e não exige ser amada de volta.'' {{OESP|2006|abril|02}}
===Tradução===
{{tradini}}
* {{trad|de|idiosynkratisch}}
* {{trad|da|idiosynkratisk}}
* {{trad|es|idiosincrático}}
* {{trad|fr|idiosyncratique}}
{{tradmeio}}
* {{trad|en|idiosyncratic}}
* {{trad|it|idiosincratico}}
* {{trad|no|idiosynkratisk}}
* {{trad|sv|idiosynkratisk}}
{{tradfim}}
=={{etimologia|pt}}==
: {{escopo|Morfologia}} [[idiossincrasia]] + [[-ico]].
=={{pronúncia|pt}}==
===Portugal===
* AFI: {{AFI|/i.djɔ.sĩ.ˈkɾa.ti.ku/}}
==Ligações externas==
* {{Aulete}}
* [http://michaelis.uol.com.br/busca?r=0&amp;f=0&amp;t=0&amp;palavra=idiossincr%C3%A1tico “idiossincrático”], in Trevisan, R. (coord.); Weiszflog, W. (ed.). Michaelis: Moderno Dicionário da Língua Portuguesa. São Paulo: Melhoramentos, 2012 (nova ortografia). ISBN 978-85-06-06953-0
* {{DPLP}}
* {{Infopédia}}
* {{PLP}}
* {{VOLPABL}}
[[Categoria:Adjetivo (Português)|idiossincratico]]</text>
<sha1>qlyt754d0egif42t89iq6il8nd0hiy8</sha1>
</revision>
