<page>
<title>idiotice</title>
<ns>0</ns>
<id>14672</id>
<revision>
<id>2619759</id>
<parentid>2359533</parentid>
<timestamp>2021-02-01T19:39:40Z</timestamp>
<contributor>
<username>MarxavBot</username>
<id>80155</id>
</contributor>
<minor />
<comment>AFI Portugal</comment>
<model>wikitext</model>
<format>text/x-wiki</format>
<text bytes="210" xml:space="preserve">={{-pt-}}=
== Substantivo ==
'''i.di.o.ti.ce''' ''feminino''
:# Ato característico de [[idiota]]s.
=={{pronúncia|pt}}==
===Portugal===
* AFI: {{AFI|/i.dju.ˈti.sɨ/}}
[[Categoria:Substantivo (Português)]]</text>
<sha1>ja9ja664b3vuurrz2hr92d11zy68uwm</sha1>
</revision>
</page>
