<page>
<page>
<title>idióta</title>
<ns>0</ns>
<id>283343</id>
<revision>
<id>2359537</id>
<parentid>2235234</parentid>
<timestamp>2017-05-03T11:13:58Z</timestamp>
<contributor>
<username>HydrizBot</username>
<id>29590</id>
</contributor>
<minor />
<comment>Robô: A limpar links interwikis antigos</comment>
<model>wikitext</model>
<format>text/x-wiki</format>
<text bytes="259" xml:space="preserve">={{-hu-}}=
==Substantivo==
'''idi.ó.ta''', (''plural'': [[idióták]])
# [[idiota]]
=={{etimologia|hu}}==
: Do latim ''idiota'' e este do grego antigo ''ἰδιώτης''.
=={{pronúncia|pt}}==
* [[AFI]]: /ˈidioːtɒ/
[[Categoria:Substantivo (Húngaro)]]</text>
<sha1>dspdit72swpvmmu3yi0vwgxbgnyalu3</sha1>
</revision>
