<page>
<page>
<title>idle</title>
<ns>0</ns>
<id>120341</id>
<revision>
<id>2559472</id>
<parentid>2359538</parentid>
<timestamp>2019-10-30T20:22:00Z</timestamp>
<contributor>
<username>ValJor</username>
<id>1358</id>
</contributor>
<comment>Verbete [[:Categoria:!Página com idioma não informado em Predefinição:etimologia|sem indicação do idioma na seção de etimologia]]</comment>
<model>wikitext</model>
<format>text/x-wiki</format>
<text bytes="1248" xml:space="preserve">={{-en-}}=
==Adjetivo==
'''idle''' (''comparativo'': '''more idle''', ''superlativo'': '''most idle''')
# {{escopo|en|Arcaico}} [[vazio]], [[vago]]
# [[desocupado]],[[à toa]]
#* '''''idle''' hours'' &lt;small&gt;(horas vagas)&lt;/small&gt;
# [[desempregado]], [[inativo]], sem [[fazer]] [[nada]]
#* '''''idle''' workmen'' : &lt;small&gt;(trabalhador desempregado)&lt;/small&gt;
# [[relutante]] ao [[trabalho]], [[preguiçoso]], [[vagabundo]]
#* ''an '''idle''' fellow'' &lt;small&gt;(um companheiro preguiçoso)&lt;/small&gt;
# [[inútil]]; [[vão]]; sem [[importância]]; [[bobo]]
#* '''''idle''' rumor'' &lt;small&gt;(boato sem importância)&lt;/small&gt;
==Verbo==
'''to idle''', {{gramática|vt}}
# [[gastar]] em [[bobagem|bobagens]]; [[desperdiçar]]; [[consumir]]
'''to idle''', {{gramática|vi}}
# {{cont|2}} [[perder]] [[tempo]] em [[ociosidade]]s ou sendo [[desempregado]]
# (sobre um [[motor]]) [[correr]] a [[baixo|baixa]] [[velocidade]] ou sem [[câmbio]] [[engrenado]]
===Conjugação===
{{conj.en.reg|idl|e}}
=={{etimologia|en}}==
{{llietimo|ang|idel|en|īdel}}
=={{pronúncia|en}}==
* [[AFI]]: /ˈaɪd(ə)l/
* [[SAMPA]]: /&quot;aId(@)l/
* {{audio|En-us-idle.ogg|Audio (US)}}
[[Categoria:Adjetivo (Inglês)]]
[[Categoria:Verbo (Inglês)]]
[[Categoria:Entrada com áudio (Inglês)]]</text>
<sha1>impr3pck1xb51vqdc1ksujcp74xe5bo</sha1>
</revision>
