<page>
<title>idolatrizar</title>
<ns>0</ns>
<id>313188</id>
<revision>
<id>1669393</id>
<timestamp>2013-03-14T17:40:48Z</timestamp>
<contributor>
<username>ValJor</username>
<id>1358</id>
</contributor>
<comment>Por um [[Especial:Lonelypages|wikcionário sem órfãos]]: [[idolatrizámos]]</comment>
<model>wikitext</model>
<format>text/x-wiki</format>
<text bytes="271" xml:space="preserve">={{-pt-}}=
==Verbo==
{{oxítona|i|do|la|tri|zar}}, ''v. t.''
# [[tornar]] [[idólatra]], ou idolatricamente apaixonado
===Conjugação===
{{conj/pt|idolatriz|ar}}
=={{etimologia|pt}}==
: {{escopo|Morfologia}} [[idólatra]] + [[-izar]].
[[Categoria:Verbo (Português)]]</text>
<sha1>jcdopkgwbwlkso7ft13lckl65qrrm7b</sha1>
</revision>
</page>
