<page>
<page>
<title>idolatrias</title>
<ns>0</ns>
<id>339413</id>
<revision>
<id>2359542</id>
<parentid>1928881</parentid>
<timestamp>2017-05-03T11:14:26Z</timestamp>
<contributor>
<username>HydrizBot</username>
<id>29590</id>
</contributor>
<minor />
<comment>Robô: A limpar links interwikis antigos</comment>
<model>wikitext</model>
<format>text/x-wiki</format>
<text bytes="175" xml:space="preserve">={{-pt-}}=
==Forma de substantivo==
{{paroxítona|i|do|la|tri|as}}, {{f}}
# plural de [[idolatria]]
{{avi-for-fle|idolatria}}
[[Categoria:Forma de substantivo (Português)]]</text>
<sha1>hzeibbt0sgm9q9avetyyk76b3wfa1x5</sha1>
</revision>
