<page>
<page>
<title>idolatrámos</title>
<ns>0</ns>
<id>311830</id>
<revision>
<id>2548579</id>
<parentid>2359543</parentid>
<timestamp>2019-07-04T15:29:39Z</timestamp>
<contributor>
<username>ValJor</username>
<id>1358</id>
</contributor>
<comment>Acrescentando a predefinição avi-for-fle</comment>
<model>wikitext</model>
<format>text/x-wiki</format>
<text bytes="270" xml:space="preserve">={{-pt-}}=
==Forma verbal==
{{paroxítona|i|do|la|trá|mos}}
# {{escopo2|grafia lusitana}} primeira pessoa do plural do pretérito perfeito do indicativo do verbo [[idolatrar]]
{{avi-for-fle|idolatrar}}
[[Categoria:Forma verbal (Português)]]
[[Categoria:Lusitanismo]]</text>
<sha1>sv7razot76f995a3f3li3zszlx849fs</sha1>
</revision>
