<page>
<title>idolátricas</title>
<ns>0</ns>
<id>339416</id>
<revision>
<id>2359545</id>
<parentid>1928886</parentid>
<timestamp>2017-05-03T11:14:32Z</timestamp>
<contributor>
<username>HydrizBot</username>
<id>29590</id>
</contributor>
<minor />
<comment>Robô: A limpar links interwikis antigos</comment>
<model>wikitext</model>
<format>text/x-wiki</format>
<text bytes="187" xml:space="preserve">={{-pt-}}=
==Forma de adjetivo==
{{proparoxítona|i|do|lá|tri|cas}}, {{f}}
# feminino plural de [[idolátrico]]
{{avi-for-fle|idolátrico}}
[[Categoria:Forma de adjetivo (Português)]]</text>
<sha1>6i26ey7fo28a9dwlvl0g7bfboz3k46r</sha1>
</revision>
</page>
