<page>
<title>idolátricos</title>
<ns>0</ns>
<id>339420</id>
<revision>
<id>2359547</id>
<parentid>2179865</parentid>
<timestamp>2017-05-03T11:14:36Z</timestamp>
<contributor>
<username>HydrizBot</username>
<id>29590</id>
</contributor>
<minor />
<comment>Robô: A limpar links interwikis antigos</comment>
<model>wikitext</model>
<format>text/x-wiki</format>
<text bytes="178" xml:space="preserve">={{-pt-}}=
==Forma de adjetivo==
{{proparoxítona|i|do|lá|tri|cos}}, {{m}}
# plural de [[idolátrico]]
{{avi-for-fle|idolátrico}}
[[Categoria:Forma de adjetivo (Português)]]</text>
<sha1>pul1u7rj22cyqz6y9e6gccr54z392o3</sha1>
</revision>
</page>
