<page>
<title>idolatria</title>
<ns>0</ns>
<id>269654</id>
<revision>
<id>2597307</id>
<parentid>2597289</parentid>
<timestamp>2020-09-28T09:20:10Z</timestamp>
<contributor>
<username>ValJor</username>
<id>1358</id>
</contributor>
<minor />
<comment>Revertidas edições por [[Especial:Contribuições/216.155.212.55|216.155.212.55]] para a última versão por [[Especial:Contribuições/HydrizBot|HydrizBot]]</comment>
<model>wikitext</model>
<format>text/x-wiki</format>
<text bytes="1872" xml:space="preserve">{{Wikipédia}}
{{Wikipédia|lang=ca}}
{{Wikipédia|lang=ia}}
{{Wikipédia|lang=it}}
={{-pt-}}=
==Substantivo==
{{flex.pt|fs=idolatria|fp=idolatrias}}
{{paroxítona|i|do|la|tri|a}}, {{f}}
# [[adoração]] dos [[ídolo]]s
# ato de prestar [[culto]] [[divino]] a [[criatura]]s
# [[amor]] [[excessivo]], [[apaixonado]]
===Tradução===
{{tradini}}
* {{trad|bg|идолопоклонничество}}
* {{trad|ca|idolatria}}
* {{trad|cs|modloslužba}}
* {{trad|sl|idolatrija}}
* {{trad|es|idolatría}}
* {{trad|fi|epäjumala}}
* {{trad|fr|idolâtrie}}
* {{trad|nl|idool}}
* {{trad|yi|געצנדינעריי}}
{{tradmeio}}
* {{trad|en|idolatry}}
* {{trad|ia|idolatria}}
* {{trad|it|idolatria}}
* {{trad|ja|偶像崇拝}}
* {{trad|lt|stabmeldystė}}
* {{trad|ml|വിഗ്രഹാരാധന}}
* {{trad|pl|bałwochwalstwo}}
* {{trad|ru|идолопоклонство}}
* {{trad|sv|avgud}}
{{tradfim}}
=={{etimologia|pt}}==
: {{escopo|Morfologia}} [[ídolo|ído(lo)]] + [[-latria]].
==Ver também==
===No Wikcionário===
{{verTambém.Ini}}
* [[antropolatria]]
{{verTambém.NovaColuna}}
* [[idólatra]]
{{verTambém.NovaColuna}}
* [[idolátrico]]
{{verTambém.Fim}}
{{sentimentos/pt}}
[[Categoria:Substantivo (Português)]]
[[Categoria:Religião (Português)]]
[[Categoria:Sentimento (Português)]]
={{-ca-}}=
==Substantivo==
'''idolatria'''
# [[idolatria#{{pt}}|idolatria]]
[[Categoria:Substantivo (Catalão)]]
[[Categoria:Religião (Catalão)]]
[[Categoria:Sentimento (Catalão)]]
={{-ia-}}=
==Substantivo==
'''idolatria'''
# [[idolatria#{{pt}}|idolatria]]
[[Categoria:Substantivo (Interlíngua)]]
[[Categoria:Religião (Interlíngua)]]
[[Categoria:Sentimento (Interlíngua)]]
={{-it-}}=
==Substantivo==
'''idolatria'''
# [[idolatria#{{pt}}|idolatria]]
[[Categoria:Substantivo (Italiano)]]
[[Categoria:Religião (Italiano)]]
[[Categoria:Sentimento (Italiano)]]</text>
<sha1>n9a1z5deo4xa839nhcamoqrwz9z5rdj</sha1>
</revision>
</page>
