<page>
<title>idolatrar</title>
<ns>0</ns>
<id>313187</id>
<revision>
<id>2359540</id>
<parentid>1772827</parentid>
<timestamp>2017-05-03T11:14:20Z</timestamp>
<contributor>
<username>HydrizBot</username>
<id>29590</id>
</contributor>
<minor />
<comment>Robô: A limpar links interwikis antigos</comment>
<model>wikitext</model>
<format>text/x-wiki</format>
<text bytes="369" xml:space="preserve">={{-pt-}}=
==Verbo==
{{oxítona|i|do|la|trar}}, ''v. t.''
# [[tributar]] [[idolatria]] a; amar cegamente
{{oxítona|i|do|la|trar}}, ''v. i.''
# {{cont|2}} [[adorar]] [[ídolo]]s
===Conjugação===
{{conj/pt|idolatr|ar}}
=={{etimologia|pt}}==
: {{escopo|Morfologia}} [[idólatra]] + [[-ar]].
==Ligações externas==
* {{DicioAberto}}
[[Categoria:Verbo (Português)]]</text>
<sha1>6w7vndz6nj3q79471u16fk7zsnnatnf</sha1>
</revision>
</page>
