<page>
<title>idolatrizámos</title>
<ns>0</ns>
<id>311835</id>
<revision>
<id>2548581</id>
<parentid>1657288</parentid>
<timestamp>2019-07-04T15:31:50Z</timestamp>
<contributor>
<username>ValJor</username>
<id>1358</id>
</contributor>
<comment>Acrescentando a predefinição avi-for-fle</comment>
<model>wikitext</model>
<format>text/x-wiki</format>
<text bytes="277" xml:space="preserve">={{-pt-}}=
==Forma verbal==
{{paroxítona|i|do|la|tri|zá|mos}}
# {{escopo2|grafia lusitana}} primeira pessoa do plural do pretérito perfeito do indicativo do verbo [[idolatrizar]]
{{avi-for-fle|idolatrizar}}
[[Categoria:Forma verbal (Português)]]
[[Categoria:Lusitanismo]]</text>
<sha1>f0hnmhucvzdaekoh3elv6yvvhomtpxp</sha1>
</revision>
</page>
