<page>
<title>idoneus</title>
<ns>0</ns>
<id>38203</id>
<revision>
<id>2359549</id>
<parentid>1702848</parentid>
<timestamp>2017-05-03T11:14:41Z</timestamp>
<contributor>
<username>HydrizBot</username>
<id>29590</id>
</contributor>
<minor />
<comment>Robô: A limpar links interwikis antigos</comment>
<model>wikitext</model>
<format>text/x-wiki</format>
<text bytes="312" xml:space="preserve">={{-la-}}=
==Adjetivo==
'''idoneus''' ''masculino; feminino: [[idonea]]; neutro: [[idoneum]]''
# [[idôneo]]
# [[confiável]]
===Comparativo===
* '''[[magis]] idoneus, -a, -um'''
===Superlativo===
* '''[[maxime]] idoneus, -a, -um'''
{{decl.la.adjprimclas.us|idone|VS=idoneus}}
[[Categoria:Adjetivo ({{la}})]]</text>
<sha1>gwn159mpgipzqmegau7thhl6mq60ybk</sha1>
</revision>
</page>
