<page>
<title>idoneidade</title>
<ns>0</ns>
<id>222044</id>
<revision>
<id>2359548</id>
<parentid>1772826</parentid>
<timestamp>2017-05-03T11:14:38Z</timestamp>
<contributor>
<username>HydrizBot</username>
<id>29590</id>
</contributor>
<minor />
<comment>Robô: A limpar links interwikis antigos</comment>
<model>wikitext</model>
<format>text/x-wiki</format>
<text bytes="149" xml:space="preserve">={{-pt-}}=
== Substantivo ==
{{paroxítona|i|do|nei|da|de}} {{m}}
# qualidade do que ou de quem é [[idôneo]]
[[Categoria:Substantivo (Português)]]</text>
<sha1>389gc5i3zsn8bz39h7d9bqzw7zr6yu2</sha1>
</revision>
</page>
