<page>
<page>
<title>idosa</title>
<ns>0</ns>
<id>376453</id>
<revision>
<id>2359550</id>
<parentid>2256482</parentid>
<timestamp>2017-05-03T11:14:44Z</timestamp>
<contributor>
<username>HydrizBot</username>
<id>29590</id>
</contributor>
<minor />
<comment>Robô: A limpar links interwikis antigos</comment>
<model>wikitext</model>
<format>text/x-wiki</format>
<text bytes="256" xml:space="preserve">={{-pt-}}=
==Forma de substantivo==
'''idosa'''
# feminino singular de '''[[idoso]]'''
==Forma de adjetivo==
'''idosa'''
# feminino singular de '''[[idoso]]'''
[[Categoria:Forma de substantivo (Português)]]
[[Categoria:Forma de adjetivo (Português)]]</text>
<sha1>8jw1zpjvbtcttckbkepwhsisdhby357</sha1>
</revision>
