<page>
<page>
<title>idoso</title>
<ns>0</ns>
<id>16261</id>
<revision>
<id>2622743</id>
<parentid>2607192</parentid>
<timestamp>2021-02-06T10:10:55Z</timestamp>
<contributor>
<username>ValJor</username>
<id>1358</id>
</contributor>
<comment>Colocando as traduções em ordem alfabética por idioma</comment>
<model>wikitext</model>
<format>text/x-wiki</format>
<text bytes="1078" xml:space="preserve">{{Wikipédia}}
={{-pt-}}=
==Adjetivo==
{{flex.pt|ms=idoso|mp=idosos|fs=idosa|fp=idosas}}
{{paroxítona|i|do|so}}
# diz-se de [[pessoa]] [[velho|velha]], de [[idade]] avançada
# diz-se de pessoa com mais de 60 [[ano]]s
===Tradução===
{{tradini}}
* {{trad|af|bejaarde}}
* {{trad|zh|老年|老人}} 
* {{trad|es|viejo|anciano}}
* {{trad|fr|âgé}}
{{tradmeio}}
* {{trad|el|ηλικιωμένοι|τρίτη ηλικία}}
* {{trad|en|elderly}}
* {{trad|ja|高齢者|年配者}}
* {{trad|ru|престарелый|стариков}}
{{tradfim}}
==Substantivo==
{{paroxítona|i|do|so}}
# [[pessoa]] [[velho|velha]], de [[idade]] avançada
# pessoa com mais de 60 [[ano]]s
=={{etimologia|pt}}==
: {{escopo|Morfologia}} [[idade]] + [[-oso]].
==Ver também==
===No Wikcionário===
* [[gangana]]
==Ligações externas==
* {{Aulete}}
* {{Michaelis}}
* {{DicioAberto}}
* {{DPLP}}
* {{Infopédia}}
* {{PLP}}
* {{VOLPABL}}
==Anagramas==
&lt;!-- índice para anagramas: pt: dioos --&gt;
# [[ódios]]
# [[sódio]]
[[Categoria:Adjetivo (Português)]]
[[Categoria:Substantivo (Português)]]</text>
<sha1>aypdcj5honljaridr0sixzg079dlqu0</sha1>
</revision>
