<page>
<page>
<title>idrogeno</title>
<ns>0</ns>
<id>70125</id>
<revision>
<id>2359554</id>
<parentid>2207188</parentid>
<timestamp>2017-05-03T11:15:00Z</timestamp>
<contributor>
<username>HydrizBot</username>
<id>29590</id>
</contributor>
<minor />
<comment>Robô: A limpar links interwikis antigos</comment>
<model>wikitext</model>
<format>text/x-wiki</format>
<text bytes="1641" xml:space="preserve">{{Wikipédia|lang=it}}
{{Wikipédia|lang=lij}}
={{-it-}}=
{{flex.it|ms=idrogeno|mp=idrogeni}}
{|id=&quot;elementos&quot; style=&quot;width:20%;&quot; align=right cellpadding=&quot;5&quot; cellspacing=&quot;2&quot; border=0
|colspan=2 style=&quot;text-align:center;background-color:#b0ffff;&quot;|'''[[H]]'''
|-
|style=&quot;width:50%;text-align:center;background-color:#d0ffff;&quot;|&amp;nbsp;
|style=&quot;width:50%;text-align:center;background-color:#d0ffff;&quot;|[[elio|He '''&amp;rarr;''']] 
|-
|}
==Substantivo==
'''i.{{grifar|dro}}.ge.no''', {{g|m}}
# {{escopo|it|Elemento químico}} [[hidrogênio]]
==Forma verbal==
'''i.dro.{{grifar|ge}}.no'''
# [[hidrogeno]], [[primeiro|primeira]] [[pessoa]] do [[singular]] do [[presente]] do [[indicativo]] do [[verbo]] '''[[idrogenare]]'''
=={{etimologia|it}}==
: Do grego antigo ''[[ὕδωρ]]'' + ''[[γείνομαι]]''.
=={{pronúncia|it}}==
* [[AFI]]: {{AFI|/i.ˈdrɔ.dʒe.no/}}
* [[X-SAMPA]]: /i.&quot;drO.dZe.no/
==Ver também==
===No Wikcionário===
{{verTambém.Ini}}
* [[Apêndice:Tabela periódica]]
{{verTambém.Fim}}
{{tabela periódica/it}}
{{categorias|{{it}}|Substantivo|Forma verbal|Polissílabo|Paroxítona|Proparoxítona}}
={{-lij-}}=
{|id=&quot;elementos&quot; style=&quot;width:20%;&quot; align=right cellpadding=&quot;5&quot; cellspacing=&quot;2&quot; border=0
|colspan=2 style=&quot;text-align:center;background-color:#b0ffff;&quot;|'''[[H]]'''
|-
|style=&quot;width:50%;text-align:center;background-color:#d0ffff;&quot;|&amp;nbsp;
|style=&quot;width:50%;text-align:center;background-color:#d0ffff;&quot;|[[elio|He '''&amp;rarr;''']] 
|-
|}
==Substantivo==
'''idrogeno'''
# {{escopo|lij|Elemento químico}} [[hidrogênio]]
==Ver também==
===No Wikcionário===
{{tabela periódica/lij}}
{{categorias|{{lij}}|Substantivo}}</text>
<sha1>35l4x6v8xmwx7nhgik9sdgixfk19mll</sha1>
</revision>
