<page>
<title>idrogenu</title>
<ns>0</ns>
<id>70079</id>
<revision>
<id>2654996</id>
<parentid>2359555</parentid>
<timestamp>2021-12-14T11:12:51Z</timestamp>
<contributor>
<username>ValJor</username>
<id>1358</id>
</contributor>
<comment>Substituindo a [[Especial:Páginas_afluentes/Predefinição:escopoCatLang|predefinição escopoCatLang]] por escopo</comment>
<model>wikitext</model>
<format>text/x-wiki</format>
<text bytes="922" xml:space="preserve">={{-co-}}=
==Substantivo==
{{elementos|H|4=eliu|5=He}}
{{proparoxítona|i|dro|ge|nu|lang=co}}, {{gramática|m}}
# {{escopo|co|Química}} {{PEPB|[[hidrogénio]]|[[hidrogênio]]|inline=1}}
==={{-varort-}}===
{{dividir em colunas|1}}
* [[idrugenu#co|idrugenu]]
{{dividir em colunas.fim}}
===Verbetes derivados===
{{dividir em colunas|3}}
* [[idrogenà#co|idrogenà]]
* [[idrogenatu#co|idrogenatu]]
* [[idrogenazione#co|idrogenazione]]
{{dividir em colunas.fim}}
==Ver também==
===No Wikcionário===
{{dividir em colunas|4}}
* [[acqua#co|acqua]]
* [[elementu chimicu#co|elementu chimicu]]
* [[idrografia#co|idrografia]]
* [[idrolisa#co|idrolisa]]
* [[idrologicu#co|idrologicu]]
* [[idrolugia#co|idrolugia]]
* [[idromele#co|idromele]]
* [[idrometria#co|idrometria]]
{{dividir em colunas.fim}}
{{tabela periódica/co}}
[[Categoria:Substantivo (Corso)]]
[[Categoria:Cognato (Corso)]]
[[Categoria:Elemento químico (Corso)]]</text>
<sha1>5ehpllnxyr3q5oilxgd0i9xgqnplx91</sha1>
</revision>
</page>
