<page>
<title>idrossiclorochina</title>
<ns>0</ns>
<id>425335</id>
<revision>
<id>2656216</id>
<parentid>2595752</parentid>
<timestamp>2021-12-28T13:47:51Z</timestamp>
<contributor>
<username>ValJor</username>
<id>1358</id>
</contributor>
<minor />
<comment>Desfazendo uso de redirecionamento para poder eliminá-lo em seguida</comment>
<model>wikitext</model>
<format>text/x-wiki</format>
<text bytes="198" xml:space="preserve">{{Wikipédia|lang=it}}
={{-it-}}=
==Substantivo==
'''idrossiclorochina''', {{gramática|f}}
# {{escopo|it|Medicina}} [[hidroxicloroquina#pt|hidroxicloroquina]]
[[Categoria:Substantivo (Italiano)]]</text>
<sha1>88e8k49v4pysqe7cv4npwyx6xxkq3p6</sha1>
</revision>
</page>
