<page>
<title>idrohino</title>
<ns>0</ns>
<id>372100</id>
<revision>
<id>2590356</id>
<parentid>2221344</parentid>
<timestamp>2020-06-14T22:13:44Z</timestamp>
<contributor>
<username>ValJor</username>
<id>1358</id>
</contributor>
<comment>Substituindo a predefinição escopoCatLang por escopo</comment>
<model>wikitext</model>
<format>text/x-wiki</format>
<text bytes="406" xml:space="preserve">{{Wikipédia|lang=tl}}
={{-tl-}}=
==Substantivo==
{{elementos|H|4=helyo|5=He}}
'''idrohino'''
# {{escopo|tl|Elemento químico}} {{PEPB|[[hidrogénio]]|[[hidrogênio]]|inline=1}}
==={{-varort-}}===
{{dividir em colunas|2}}
* [[idroheno#tl|idroheno]]
* [[hidroheno#tl|hidroheno]]
{{dividir em colunas.fim}}
==Ver também==
===No Wikcionário===
{{tabela periódica/tl}}
[[Categoria:Substantivo (Tagalo)]]</text>
<sha1>dwa7culif3vrnfzhkvud5j9hxfm2d6l</sha1>
</revision>
</page>
