<page>
<title>idrojen</title>
<ns>0</ns>
<id>305124</id>
<revision>
<id>2359559</id>
<parentid>2207224</parentid>
<timestamp>2017-05-03T11:15:19Z</timestamp>
<contributor>
<username>HydrizBot</username>
<id>29590</id>
</contributor>
<minor />
<comment>Robô: A limpar links interwikis antigos</comment>
<model>wikitext</model>
<format>text/x-wiki</format>
<text bytes="664" xml:space="preserve">={{-lfn-}}=
==Substantivo==
{|id=&quot;elementos&quot; style=&quot;width:20%;&quot; align=right cellpadding=&quot;5&quot; cellspacing=&quot;2&quot; border=0
|colspan=2 style=&quot;text-align:center;background-color:#b0ffff;&quot;|'''[[H]]'''
|-
|style=&quot;width:50%;text-align:center;background-color:#d0ffff;&quot;|&amp;nbsp;
|style=&quot;width:50%;text-align:center;background-color:#d0ffff;&quot;|[[elio|He '''&amp;rarr;''']] 
|-
|}
'''idrojen'''
# {{escopo|lfn|Elemento químico}} [[hidrogénio]]/[[hidrogênio]]
===Formas alternativas===
* '''[[alfabeto cirílico|Alfabeto cirílico]]:''' {{l.s.|идрожен|{{lfn}}}}
==Ver também==
===No Wikcionário===
{{tabela periódica/lfn}}
[[Categoria:Substantivo (Língua Franca Nova)]]</text>
<sha1>7zzcofydtzmf2otamdfzhzac7i8ng5g</sha1>
</revision>
</page>
