<page>
<page>
<title>idu</title>
<ns>0</ns>
<id>16906</id>
<revision>
<id>2359565</id>
<parentid>2106695</parentid>
<timestamp>2017-05-03T11:15:39Z</timestamp>
<contributor>
<username>HydrizBot</username>
<id>29590</id>
</contributor>
<minor />
<comment>Robô: A limpar links interwikis antigos</comment>
<model>wikitext</model>
<format>text/x-wiki</format>
<text bytes="211" xml:space="preserve">={{-cri-}}=
==Substantivo==
'''idu'''   
# [[piolho]].
==Ver também==
* [[:pt:katuma|Tétum [katuma]]] - [[:pt:utu|Tétum [utu]]]  
[[Categoria:Substantivo (São-tomense)]]
[[Categoria:Inseto (São-tomense)]]</text>
<sha1>onskvudl5di08t4uymzlzw4f9fulv3h</sha1>
</revision>
