<page>
<page>
<title>idus</title>
<ns>0</ns>
<id>40699</id>
<revision>
<id>2359566</id>
<parentid>1685546</parentid>
<timestamp>2017-05-03T11:15:41Z</timestamp>
<contributor>
<username>HydrizBot</username>
<id>29590</id>
</contributor>
<minor />
<comment>Robô: A limpar links interwikis antigos</comment>
<model>wikitext</model>
<format>text/x-wiki</format>
<text bytes="718" xml:space="preserve">={{-la-}}=
==Substantivo==
'''idus''' ''feminino plural''
# o dia que divide o mês em duas partes (quase) iguais. Nos meses de março, maio, julho e outubro era o [[décimo-quinto]] dia e nos demais, o [[décimo-terceiro]].
# Em Roma, o dia do [[plenilúnio]], anunciado pelos sacerdotes nas [[kalendae|Kalendae]].
# os [[ido]]s, os [[meado]]s de cada mês.
::Obs.: Nesse sentido só se usa no plural ([[pluralia tantum]]}.
===Fraseologia===
* '''idus januariae''': ''o dia 13 de janeiro''
* '''idibus januariis''': ''Aos 13 de janeiro (data)''
{{decl.la.4a.plu|id}}
==Outros Verbetes==
* [[kalendae]]
* [[nonae]]
[[Categoria:Substantivo (Latim)]]
[[Categoria:Tempo (Latim)]]
[[Categoria:Pluralia tantum (Latim)]]</text>
<sha1>8plv0ap4ikpxaica44saqk8jhk97gi0</sha1>
</revision>
