<page>
<page>
<title>idéias</title>
<ns>0</ns>
<id>75723</id>
<revision>
<id>2500172</id>
<parentid>2359571</parentid>
<timestamp>2018-05-01T12:21:52Z</timestamp>
<contributor>
<username>Labareda</username>
<id>21550</id>
</contributor>
<comment>divisão silábica corrigida - não há ditongos com mais de 2 letras</comment>
<model>wikitext</model>
<format>text/x-wiki</format>
<text bytes="172" xml:space="preserve">{{Anterior ao Acordo de 1990|ideias}}
={{-pt-}}=
==Forma de substantivo==
{{paroxítona|i|déi|as}}
# plural de [[idéia]]
[[Categoria:Forma de substantivo (Português)]]</text>
<sha1>gygjuzz26mmwm6k1rmf2cf8bvo434hq</sha1>
</revision>
