<page>
<title>idéia</title>
<ns>0</ns>
<id>5787</id>
<revision>
<id>2500171</id>
<parentid>2438129</parentid>
<timestamp>2018-05-01T12:21:31Z</timestamp>
<contributor>
<username>Labareda</username>
<id>21550</id>
</contributor>
<comment>divisão silábica corrigida - não há ditongos com mais de 2 letras</comment>
<model>wikitext</model>
<format>text/x-wiki</format>
<text bytes="186" xml:space="preserve">{{Anterior ao Acordo de 1990|ideia}}
={{-pt-}}=
==Substantivo==
{{flex.pt|fs=idéia|fp=idéias}}
{{paroxítona|i|déi|a}}, {{f}}
# vide [[ideia]]
[[Categoria:Substantivo (Português)]]</text>
<sha1>oqabfqyzdyr4ji196mupv9zie1oe97j</sha1>
</revision>
</page>
