<page>
<page>
<title>idílico</title>
<ns>0</ns>
<id>32728</id>
<revision>
<id>2359574</id>
<parentid>1345795</parentid>
<timestamp>2017-05-03T11:16:05Z</timestamp>
<contributor>
<username>HydrizBot</username>
<id>29590</id>
</contributor>
<minor />
<comment>Robô: A limpar links interwikis antigos</comment>
<model>wikitext</model>
<format>text/x-wiki</format>
<text bytes="623" xml:space="preserve">{{confundir|edílico}}
={{-pt-}}=
==Adjetivo==
{{flex.pt|ms=idílico|mp=idílicos|fs=idílica|fp=idílicas}}
{{proparoxítona|i|dí|li|co}}
# relativo a [[idílio]]
# que lembra o [[idílio]], pelo ambiente campestre e pelo amor suave e terno; próprio de [[idílio]]
#* ''Aquela vista era um cenário '''idílico'''.''
===Tradução===
{{tradini}}
* {{trad|de|idyllisch}}
* {{trad|da|idyllisk}}
* {{trad|fi|idyllinen}}
{{tradmeio}}
* {{trad|nl|idyllisch}}
* {{trad|en|idyllic}}
* {{trad|sv|idyllisk}}
{{tradfim}}
=={{etimologia|pt}}==
: {{escopo|Morfologia}} [[idílio]] + [[-ico]].
[[Categoria:Adjetivo (Português)]]</text>
<sha1>h4o2ym4f4il17vgjlvfgzi3wwirgdkg</sha1>
</revision>
