<page>
<page>
<title>idílio</title>
<ns>0</ns>
<id>32729</id>
<revision>
<id>2359575</id>
<parentid>1808828</parentid>
<timestamp>2017-05-03T11:16:07Z</timestamp>
<contributor>
<username>HydrizBot</username>
<id>29590</id>
</contributor>
<minor />
<comment>Robô: A limpar links interwikis antigos</comment>
<model>wikitext</model>
<format>text/x-wiki</format>
<text bytes="1180" xml:space="preserve">={{-pt-}}=
==Substantivo==
{{flex.pt|ms=idílio|mp=idílios}}
{{proparoxítona aparente|i|dí|li|o}}
# {{escopo|Literatura}} uma [[composição]] em [[prosa]] ou [[verso]] descrevendo geralmente [[cena]]s ou [[evento]]s [[pastoril|pastoris]]
# {{escopo|Literatura}} um [[texto]] ([[narrativo]] ou [[descritivo]]) [[simples]] em [[verso]] ou [[prosa]]
# {{escopo|Literatura}} [[material]] apropriado para um tal [[tratamento]] [[literário]]
# {{escopo|Sentimento}} um [[relacionamento]] [[romântico]] [[breve]] e sem muita [[importância]]
# {{escopo|Música}} uma [[composição]], geralmente [[instrumental]], de [[caráter]] [[pastoral]] ou [[sentimental]]
===Tradução===
{{tradini}}
* {{t|de|Idylle|f}}
* {{trad|bg|идилия}}
* {{t|es|idilio|m}}
* {{t|fr|idylle|m}}
{{tradmeio}}
* {{trad|nl|idylle}}
* {{trad|en|idyll}}
* {{t|it|idillio|m}}
* {{trad|sv|idyll}}
{{tradfim}}
===Verbetes derivados===
* [[idílico]]
=={{etimologia|pt}}==
: Do latim ''idyllĭum'', e este do grego ''εἰδύλλιον'', poema breve.
[[Categoria:Substantivo (Português)]]
[[Categoria:Literatura (Português)]]
[[Categoria:Música (Português)]]
[[Categoria:Sentimento (Português)]]</text>
<sha1>gsz63z34urg31kktt1w3rqb8ato7lkc</sha1>
</revision>
