<page>
<title>idóneo</title>
<ns>0</ns>
<id>108948</id>
<revision>
<id>2620086</id>
<parentid>2359580</parentid>
<timestamp>2021-02-01T20:36:37Z</timestamp>
<contributor>
<username>MarxavBot</username>
<id>80155</id>
</contributor>
<minor />
<comment>AFI Portugal</comment>
<model>wikitext</model>
<format>text/x-wiki</format>
<text bytes="256" xml:space="preserve">{{grafiaPtpt|idôneo}}
={{-pt-}}=
==Adjetivo==
{{flex.pt|ms=idóneo|mp=idóneos|fs=idónea|fp=idóneas}}
{{proparoxítona|i|dó|ne|o}}
# ver [[idôneo]]
=={{pronúncia|pt}}==
===Portugal===
* AFI: {{AFI|/i.ˈdɔ.nju/}}
[[Categoria:Adjetivo (Português)]]</text>
<sha1>3i3t4mhancz70bu6k2f0y808dlx7rut</sha1>
</revision>
</page>
