<page>
<page>
<title>idólatra</title>
<ns>0</ns>
<id>106882</id>
<revision>
<id>2613302</id>
<parentid>2359576</parentid>
<timestamp>2021-01-31T14:23:32Z</timestamp>
<contributor>
<username>Marxav</username>
<id>73271</id>
</contributor>
<minor />
<comment>AFI Portugal</comment>
<model>wikitext</model>
<format>text/x-wiki</format>
<text bytes="1219" xml:space="preserve">={{-pt-}}=
==Adjetivo==
{{flex.pt|s=idólatra|p=idólatras}}
{{proparoxítona|i|dó|la|tra}}, {{c2g}}
# que adora os [[ídolo]]s
# relativo à [[idolatria]]
# que presta [[culto]] [[divino]] a [[criatura]]s
# [[apaixonado]]
===Sinônimo===
* [[idolátrico]]
===Tradução===
{{tradini}}
* {{trad|es|idólatra}}
* {{trad|fr|idolâtre}}
{{tradmeio}}
* {{trad|en|idolatrous}}
{{tradfim}}
==Substantivo==
{{flex.pt|s=idólatra|p=idólatras}}
{{proparoxítona|i|dó|la|tra}}, {{c2g}}
# aquele que adora [[ídolo]]s
===Tradução===
{{tradini}}
* {{trad|fr|idolâtre}}
{{tradmeio}}
{{tradfim}}
=={{etimologia|pt}}==
: {{escopo|Morfologia}} [[ídolo|ído(lo)]] + [[-latra]].
=={{pronúncia|pt}}==
===Portugal===
* AFI: {{AFI|/i.ˈdɔ.lɐ.tɾɐ/}}
==Anagramas==
# [[idolatra]]
# [[toldaria]]
[[Categoria:Adjetivo (Português)]]
[[Categoria:Substantivo (Português)]]
={{-es-}}=
==Adjetivo==
{{flex.es|s=idólatra|p=idólatras}}
{{proparoxítona|i|dó|la|tra|lang=es}}, {{c2g}}
# [[idólatra#{{pt}}|idólatra]]
==Substantivo==
{{flex.es|s=idólatra|p=idólatras}}
{{proparoxítona|i|dó|la|tra|lang=es}}, {{c2g}}
# [[idólatra#{{pt}}|idólatra]]
[[Categoria:Adjetivo (Espanhol)]]
[[Categoria:Substantivo (Espanhol)]]</text>
<sha1>f6rssaqf6p60bgiyc65ukd0ejr7m228</sha1>
</revision>
