<page>
<page>
<title>idónea</title>
<ns>0</ns>
<id>102623</id>
<revision>
<id>2359578</id>
<parentid>2204268</parentid>
<timestamp>2017-05-03T11:16:16Z</timestamp>
<contributor>
<username>HydrizBot</username>
<id>29590</id>
</contributor>
<minor />
<comment>Robô: A limpar links interwikis antigos</comment>
<model>wikitext</model>
<format>text/x-wiki</format>
<text bytes="143" xml:space="preserve">={{-pt-}}=
==Forma de adjetivo==
{{proparoxítona aparente|i|dó|ne|a}}
# feminino de [[idóneo]]
[[Categoria:Forma de adjetivo (Português)]]</text>
<sha1>g3brb1lz4cxq1t230jr8ct30g782u3v</sha1>
</revision>
