<page>
<page>
<title>idôneas</title>
<ns>0</ns>
<id>256256</id>
<revision>
<id>1986141</id>
<parentid>1986140</parentid>
<timestamp>2015-08-20T14:25:31Z</timestamp>
<contributor>
<username>Lichiki</username>
<id>49629</id>
</contributor>
<comment>Desfeita a edição 1986140 de 189.34.37.111 ([[Utilizador Discussão:189.34.37.111|discussão]] | [[Special:Contributions/189.34.37.111|contribuições]]) (se tem raiva, porquê vem?)</comment>
<model>wikitext</model>
<format>text/x-wiki</format>
<text bytes="151" xml:space="preserve">={{-pt-}}=
==Forma de adjetivo==
{{proparoxítona aparente|i|dô|ne|as}}
# feminino plural de [[idôneo]]
[[Categoria:Forma de adjetivo (Português)]]</text>
<sha1>3t9uu5kae53rsiawonkg9rten53h9la</sha1>
</revision>
