<page>
<page>
<title>idônea</title>
<ns>0</ns>
<id>256257</id>
<revision>
<id>1386776</id>
<parentid>1189875</parentid>
<timestamp>2012-03-12T17:17:38Z</timestamp>
<contributor>
<username>MalafayaBot</username>
<id>628</id>
</contributor>
<minor />
<comment>Robô: Substituição de texto automática  (-{{GrafiaPtbr| +{{grafiaPtbr|)</comment>
<model>wikitext</model>
<format>text/x-wiki</format>
<text bytes="167" xml:space="preserve">{{grafiaPtbr|idónea}}
={{-pt-}}=
==Forma de adjetivo==
{{proparoxítona aparente|i|dô|ne|a}}
# feminino de [[idôneo]]
[[Categoria:Forma de adjetivo (Português)]]</text>
<sha1>1mektpg0p7exmxfzkfkrd1fbcujybwv</sha1>
</revision>
