<page>
<title>idôneo</title>
<ns>0</ns>
<id>93141</id>
<revision>
<id>2359581</id>
<parentid>1868135</parentid>
<timestamp>2017-05-03T11:16:25Z</timestamp>
<contributor>
<username>HydrizBot</username>
<id>29590</id>
</contributor>
<minor />
<comment>Robô: A limpar links interwikis antigos</comment>
<model>wikitext</model>
<format>text/x-wiki</format>
<text bytes="674" xml:space="preserve">{{grafiaPtbr|idóneo}}
={{-pt-}}=
==Adjetivo==
{{flex.pt|ms=idôneo|mp=idôneos|fs=idônea|fp=idôneas}}
{{proparoxítona aparente|i|dô|ne|o}}
# diz-se de pessoa capacitada a exercer um certo cargo
#* ''Prestava serviços há mais de 20 anos para postos de combustíveis e era tido no meio como um profissional respeitado e '''idôneo'''.'' {{OESP|2007|maio|26}}
===Tradução===
{{tradini}}
* {{trad|en|creditable}}
{{tradmeio}}
{{tradfim}}
=={{etimologia|pt}}==
: Do latim [[idoneus]].
==Ver também==
===No Wikcionário===
* [[qualidade]]
==Anagrama==
# [[ondeio]]
[[Categoria:Adjetivo (Português)|idoneo]]
[[Categoria:Entrada com etimologia (Português)|idoneo]]</text>
<sha1>0ac7vr9qz8hwie031f4rakqd24bke5w</sha1>
</revision>
</page>
