<page>
<page>
<title>ieder</title>
<ns>0</ns>
<id>300318</id>
<revision>
<id>2359585</id>
<parentid>1930208</parentid>
<timestamp>2017-05-03T11:16:39Z</timestamp>
<contributor>
<username>HydrizBot</username>
<id>29590</id>
</contributor>
<minor />
<comment>Robô: A limpar links interwikis antigos</comment>
<model>wikitext</model>
<format>text/x-wiki</format>
<text bytes="351" xml:space="preserve">={{-nds-nl-}}=
{{elementos|Fe|megoan|Mn|kobalt|Co}}
==Substantivo==
'''ieder'''
# [[ferro]]
==Ver também==
===No Wikcionário===
{{tabela periódica/nds-nl}}
[[Categoria:Substantivo (Baixo Saxão Holandês)]]
[[Categoria:Elemento químico (Baixo Saxão Holandês)]]
={{-nl-}}=
==Pronome==
'''ieder'''
# [[cada]]
[[Categoria:Pronome (Holandês)]]</text>
<sha1>qb375xtuc9nqk6hu0fip9e9rwoxk44j</sha1>
</revision>
