<page>
<page>
<title>IEEE</title>
<ns>0</ns>
<id>53933</id>
<revision>
<id>2270659</id>
<parentid>2003740</parentid>
<timestamp>2017-04-26T18:57:25Z</timestamp>
<contributor>
<username>HydrizBot</username>
<id>29590</id>
</contributor>
<minor />
<comment>Robô: A limpar links interwikis antigos</comment>
<model>wikitext</model>
<format>text/x-wiki</format>
<text bytes="505" xml:space="preserve">={{-univ-}}=
==Sigla==
'''IEEE'''
# [[sigla]] para '''''I'''nstitute of '''E'''lectric and '''E'''lectronic '''E'''ngineers'' (Instituto de Engenheiros Eletricistas e Eletrônicos), [[organização]] [[profissional]] sem [[fim|fins]] [[lucrativo]]s, fundada nos [[Estados Unidos]] com o [[objetivo]] de estabelecer [[padrão|padrões]] para a [[indústria]] do [[setor]]
==Ligações externas==
* [http://www.ieee.org/ IEEE - Institute of Electric and Electronic Engineers]
[[Categoria:Sigla (Inglês)]]</text>
<sha1>tlo29rr2h13k6byl1jpo2i6t7i216ye</sha1>
</revision>
