<page>
<page>
<title>ieil</title>
<ns>0</ns>
<id>314236</id>
<revision>
<id>2359586</id>
<parentid>2126952</parentid>
<timestamp>2017-05-03T11:16:40Z</timestamp>
<contributor>
<username>HydrizBot</username>
<id>29590</id>
</contributor>
<minor />
<comment>Robô: A limpar links interwikis antigos</comment>
<model>wikitext</model>
<format>text/x-wiki</format>
<text bytes="160" xml:space="preserve">={{-roa-nor-}}=
==Substantivo==
'''ieil'''
# [[olho]] (órgão da visão)
{{página-automática|abril|2013|olho|roa-nor}}
[[Categoria:Substantivo (Normando)]]</text>
<sha1>47dpzm89r33kcsk4c5lyo9qqhkcv0k3</sha1>
</revision>
