<page>
<title>iel</title>
<ns>0</ns>
<id>94372</id>
<revision>
<id>2559259</id>
<parentid>2359588</parentid>
<timestamp>2019-10-29T20:36:45Z</timestamp>
<contributor>
<username>ValJor</username>
<id>1358</id>
</contributor>
<comment>Verbete [[:Categoria:!Página com idioma não informado em Predefinição:etimologia|sem indicação do idioma na seção de etimologia]]</comment>
<model>wikitext</model>
<format>text/x-wiki</format>
<text bytes="1870" xml:space="preserve">={{-eo-}}=
==Correlativo==
'''{{grifar|i}}.el'''
# de alguma [[maneira]]
===Expressões===
* '''[[iel ajn]]''': do jeito que for
===Sinónimos===
* {{link opcional|iemaniere|eo}}
=={{etimologia|eo}}==
{{etimo.eo|i-|-el}}
=={{pronúncia|eo}}==
* [[AFI]]: {{AFI|/ˈi.el/}}, {{AFI|/ˈi.ɛl/}}
* [[X-SAMPA]]: /&quot;i.el/, /&quot;i.El/
==Ver também==
===No Wikcionário===
{{correlativos/eo}}
===Referências===
{{verTambém.Ini}}
* [http://www.reta-vortaro.de/revo/art/iel.html#iel.0 ''iel'' no Reta Vortaro]
{{verTambém.Fim}}
[[Categoria:Correlativo (Esperanto)]]
[[Categoria:Advérbio (Esperanto)]]
[[Categoria:Dissílabo (Esperanto)]]
[[Categoria:Paroxítona (Esperanto)]]
={{-fy-}}=
[[Imagem:Anguillarostratakils.jpg|thumb|225px|'''Iel''']]
==Substantivo==
'''iel'''
# {{escopo|fy|Zoologia}} [[enguia]], peixe ósseo da ordem ''[[wikispecies:Anguilliformes|Anguilliformes]]''
[[Categoria:Substantivo (Frísio)]]
[[Categoria:Monossílabo (Frísio)]]
[[Categoria:Peixe (Frísio)]]
[[Categoria:Entrada com imagem (Frísio)]]
={{-nl-}}=
==Adjetivo==
'''iel'''
# [[suave]], [[delicado]]
===Sinónimos===
{{verTambém.Ini}}
* {{link opcional|delicaat|nl}}
* {{link opcional|dun|nl}}
* {{link opcional|dungezaaid|nl}}
* {{link opcional|fĳn|nl}}
* {{link opcional|gevoelig|nl}}
{{verTambém.NovaColuna}}
* {{link opcional|kies|nl}}
* {{link opcional|kieskeurig|nl}}
* {{link opcional|los|nl}}
* {{link opcional|luchtig|nl}}
* {{link opcional|mul|nl}}
{{verTambém.NovaColuna}}
* {{link opcional|tactvol|nl}}
* {{link opcional|teder|nl}}
* {{link opcional|teer|nl}}
* {{link opcional|ĳl|nl}}
{{verTambém.Fim}}
[[Categoria:Adjetivo (Holandês)]]
[[Categoria:Monossílabo (Holandês)]]
={{-li-}}=
==Adjetivo==
'''iel'''
# [[suave]], [[delicado]]
===Sinónimos===
* {{link opcional|dun|li}}
[[Categoria:Adjetivo (Limburguês)]]
[[Categoria:Monossílabo (Limburguês)]]</text>
<sha1>9xya7xizimetprrh979auzgmbk0hiyc</sha1>
</revision>
</page>
