<page>
<title>Iemen</title>
<ns>0</ns>
<id>127173</id>
<revision>
<id>2270780</id>
<parentid>2189590</parentid>
<timestamp>2017-04-26T19:02:22Z</timestamp>
<contributor>
<username>HydrizBot</username>
<id>29590</id>
</contributor>
<minor />
<comment>Robô: A limpar links interwikis antigos</comment>
<model>wikitext</model>
<format>text/x-wiki</format>
<text bytes="200" xml:space="preserve">={{-ca-}}=
{{Wikipédia|lang=ca}}
==Substantivo==
'''Iemen''', {{pr}}
#{{escopo|Geografia}} [[Iêmen]]
==Ver também==
{{Ásia/ca}}
[[Categoria:Substantivo (Catalão)]]
[[Categoria:País (Catalão)]]</text>
<sha1>qbkbx0n46jk6u80s1pyk4ii2bnx91dg</sha1>
</revision>
</page>
