<page>
<title>Iemena</title>
<ns>0</ns>
<id>424678</id>
<revision>
<id>2591210</id>
<timestamp>2020-06-25T12:01:51Z</timestamp>
<contributor>
<username>ValJor</username>
<id>1358</id>
</contributor>
<comment>Criação do verbete a partir da [[Especial:Páginas_pedidas|lista de palavras pedidas]]</comment>
<model>wikitext</model>
<format>text/x-wiki</format>
<text bytes="447" xml:space="preserve">{{Wikipédia|lang=mg}}
[[Imagem:Flag of Yemen.svg|thumb|right|250px|&lt;center&gt;Bandeira do Iémen&lt;/center&gt;]]
[[Imagem:LocationYemen.png|thumb|right|250px|&lt;center&gt;Localização do Iémen&lt;/center&gt;]]
={{-mg-}}=
==Substantivo==
'''Iemena''', {{gramática|pr}}
# {{escopo|mg|País}} {{PEPB|[[Iémen]]|[[Iêmen]]|inline=1}}
==Ver também==
===No Wikcionário===
{{Ásia/mg}}
[[Categoria:Substantivo (Malgaxe)]]
[[Categoria:Entrada com imagem (Malgaxe)]]</text>
<sha1>76s3id41muugctqd8rm8nbljhi2p72s</sha1>
</revision>
</page>
