<page>
<page>
<title>iemenita</title>
<ns>0</ns>
<id>348763</id>
<revision>
<id>2359590</id>
<parentid>2054522</parentid>
<timestamp>2017-05-03T11:16:52Z</timestamp>
<contributor>
<username>HydrizBot</username>
<id>29590</id>
</contributor>
<minor />
<comment>Robô: A limpar links interwikis antigos</comment>
<model>wikitext</model>
<format>text/x-wiki</format>
<text bytes="699" xml:space="preserve">={{-pt-}}=
==Adjetivo==
{{flex.pt|ms=iemenita|mp=iemenitas|
fs=iemenita|fp=iemenitas}}
{{oxítona|ie|me|ni|ta}}
# do [[Iemem]]
# relativo ou referente ao Iemem, país árabe (também chamado Iémen, em português europeu, ou Iêmen, em português brasileiro)
==Substantivo==
{{flex.pt|ms=iemenita|mp=iemenitas|
fs=iemenita|fp=iemenitas}}
{{oxítona|ie|me|ni|ta}}
# do [[Iemem]]
# relativo ou referente ao Iemem, país árabe (também chamado Iémen, em português europeu, ou Iêmen, em português brasileiro)
=={{etimologia|pt}}==
: {{escopo|Morfologia}} [[Iemen|Iemen]] + [[-ita]].
[[Categoria:Adjetivo (Português)]]
[[Categoria:Substantivo (Português)]]
[[Categoria:Gentílico (Português)]]</text>
<sha1>lizry2qfuwfsm19pb8fxqjc0rqm75bv</sha1>
</revision>
