<page>
<title>Iemenia</title>
<ns>0</ns>
<id>146454</id>
<revision>
<id>2270781</id>
<parentid>2189587</parentid>
<timestamp>2017-04-26T19:02:25Z</timestamp>
<contributor>
<username>HydrizBot</username>
<id>29590</id>
</contributor>
<minor />
<comment>Robô: A limpar links interwikis antigos</comment>
<model>wikitext</model>
<format>text/x-wiki</format>
<text bytes="196" xml:space="preserve">={{-la-}}=
{{Wikipédia|lang=la}}
==Substantivo==
'''Iemenia''', {{pr}}
#{{escopo|Geografia}} [[Iêmen]]
==Ver também==
{{Ásia/la}}
[[Categoria:Substantivo (Latim)]]
[[Categoria:País (Latim)]]</text>
<sha1>gqzs5gy9i9juw3strgtk1n49lztj45v</sha1>
</revision>
</page>
