<page>
<title>ien</title>
<ns>0</ns>
<id>42900</id>
<revision>
<id>2359591</id>
<parentid>2006824</parentid>
<timestamp>2017-05-03T11:16:57Z</timestamp>
<contributor>
<username>HydrizBot</username>
<id>29590</id>
</contributor>
<minor />
<comment>Robô: A limpar links interwikis antigos</comment>
<model>wikitext</model>
<format>text/x-wiki</format>
<text bytes="515" xml:space="preserve">={{-pt-}}=
==Substantivo==
{{flex.pt|ms=ien|mp=iens}}
{{oxítona|ien}}, {{m}}
# [[unidade]] [[monetária]] do Japão
===Sinônimos===
*De '''1''' (unidade): [[iene]]
[[Categoria:Substantivo (Português)]]
={{-fi-}}=
==Substantivo==
'''ien'''
# {{escopo|Anatomia}} [[gengiva|Gengiva]].
[[Categoria:Substantivo (Finlandês)]]
[[Categoria:Anatomia (Finlandês)]]
={{-fy-}}=
==Numeral==
'''ien''' - ''cardinal'' (''plural: '''ienen''''')
# [[um|Um]].
===Sinônimos===
* [[immen]]
[[Categoria:Numeral (Frísio)]]</text>
<sha1>kugubrih8iph2vebyrfpijkgwfjd1ww</sha1>
</revision>
</page>
