<page>
<title>iepeense</title>
<ns>0</ns>
<id>393170</id>
<revision>
<id>2491413</id>
<parentid>2486700</parentid>
<timestamp>2018-03-28T01:22:54Z</timestamp>
<contributor>
<username>MIL973</username>
<id>41339</id>
</contributor>
<model>wikitext</model>
<format>text/x-wiki</format>
<text bytes="513" xml:space="preserve">={{-pt-}}=
==Adjetivo==
{{flex.pt|s=iepeense|p=iepeenses}}
{{paroxítona|i|e|pe|en|se}}, {{gramática|c2g}}
# {{escopo|pt|Gentílico}} de [[Iepê]], cidade paulista
==Substantivo==
{{flex.pt|s=iepeense|p=iepeenses}}
{{paroxítona|i|e|pe|en|se}}, {{gramática|c2g}}
# {{escopo|pt|Gentílico}} natural de Iepê ou seu habitante
=={{etimologia|pt}}==
: {{escopo|Morfologia}} De [[Iepê]] + [[-ense]].
==Ligações externas==
* {{Aulete}}
[[Categoria:Adjetivo (Português)]]
[[Categoria:Substantivo (Português)]]</text>
<sha1>ecqusth3y9o3d8vxpnrs11agkj6d41j</sha1>
</revision>
</page>
