<page>
<title>iepê</title>
<ns>0</ns>
<id>4265</id>
<revision>
<id>2486706</id>
<parentid>2486705</parentid>
<timestamp>2018-02-25T00:30:39Z</timestamp>
<contributor>
<username>MIL973</username>
<id>41339</id>
</contributor>
<model>wikitext</model>
<format>text/x-wiki</format>
<text bytes="410" xml:space="preserve">{{ver também|Iepê}}
={{-tu-}}=
==Numeral==
'''ie.pê''', {{gramática|card}}
# o número [[um]] (1)
===Ordinal equivalente===
* [[ypy#{{tu}}|ypy]]
===Sinônimos===
{{colunas|2}}
* [[iepé#{{tu}}|iepé]]
* [[îepé#{{tu}}|îepé]]
* [[jepé#{{tu}}|jepé]]
* [[oîepé#{{tu}}|oîepé]]
{{colunas/fim}}
==Ver também==
===No Wikcionário===
* [[mokõe#{{tu}}|mokõe]] 
[[Categoria:Numeral (Tupi)|# 000001]]</text>
<sha1>57fqfqwkmo22okfxkfmudmcmf53y6gp</sha1>
</revision>
</page>
