<page>
<title>Iepê</title>
<ns>0</ns>
<id>23039</id>
<revision>
<id>2486697</id>
<parentid>2486696</parentid>
<timestamp>2018-02-25T00:24:41Z</timestamp>
<contributor>
<username>MIL973</username>
<id>41339</id>
</contributor>
<model>wikitext</model>
<format>text/x-wiki</format>
<text bytes="455" xml:space="preserve">{{Wikipédia}}
{{ver também|iepê}}
={{-pt-}}=
==Substantivo==
{{oxítona|I|e|pê}}, {{gramática|pr}}
# {{escopo|pt|Município do estado de São Paulo}} [[Apêndice:Gentílicos e topónimos em português/Brasil/São Paulo|município brasileiro do estado de São Paulo]]
==Ver também==
===No Wikcionário===
* [[iepeense]]
==Ligações externas==
* [http://www.iepe.sp.gov.br/ Prefeitura de Iepê (São Paulo)]
[[Categoria:Substantivo (Português)]]</text>
<sha1>k9a3yakk8sy6vaboberfk72kqbr33w5</sha1>
</revision>
</page>
