<page>
<title>iepé</title>
<ns>0</ns>
<id>5532</id>
<revision>
<id>1272708</id>
<parentid>82948</parentid>
<timestamp>2011-11-04T11:04:36Z</timestamp>
<contributor>
<username>ValJor</username>
<id>1358</id>
</contributor>
<comment>Eliminando um verbete da [[Especial:Redireccionamentos|lista de redirecionamentos]]</comment>
<model>wikitext</model>
<format>text/x-wiki</format>
<text bytes="101" xml:space="preserve">={{-tu-}}=
==Numeral==
'''iepé'''
# variante ortográfica de [[iepê]]
[[Categoria:Numeral (Tupi)]]</text>
<sha1>71oa9kpdxgi54i95b6k7d35ntutf7mx</sha1>
</revision>
</page>
