<page>
<title>ier</title>
<ns>0</ns>
<id>335758</id>
<revision>
<id>2359595</id>
<parentid>1973501</parentid>
<timestamp>2017-05-03T11:17:09Z</timestamp>
<contributor>
<username>HydrizBot</username>
<id>29590</id>
</contributor>
<minor />
<comment>Robô: A limpar links interwikis antigos</comment>
<model>wikitext</model>
<format>text/x-wiki</format>
<text bytes="351" xml:space="preserve">={{-lfn-}}=
==Advérbio==
'''ier'''
#{{escopo|Tempo}} [[ontem]]
===Grafias alternativas===
* '''[[alfabeto cirílico|Alfabeto cirílico]]:''' {{l.s.|иер|{{lfn}}}}
===Termos derivados===
{{verTambém.Ini}}
* {{link opcional|a la dia ante ier|lfn}}
{{verTambém.NovaColuna}}
{{verTambém.Fim}}
{{categorias|{{nome categoria|lfn}}|Advérbio|Tempo}}</text>
<sha1>j1tiv2k0bt3sai2lnblyu6a4vfpv87y</sha1>
</revision>
</page>
