<page>
<title>ierdbei</title>
<ns>0</ns>
<id>147494</id>
<revision>
<id>2359596</id>
<parentid>2164770</parentid>
<timestamp>2017-05-03T11:17:13Z</timestamp>
<contributor>
<username>HydrizBot</username>
<id>29590</id>
</contributor>
<minor />
<comment>Robô: A limpar links interwikis antigos</comment>
<model>wikitext</model>
<format>text/x-wiki</format>
<text bytes="147" xml:space="preserve">={{-fy-}}=
==Substantivo==
'''ierdbei''' ''comum''
#{{escopo|fruto}} [[morango]]
[[Categoria:Substantivo (Frísio)]]
[[Categoria:Fruta (Frísio)]]</text>
<sha1>gu8k1b71if3p34wnb8a9rsdroete6o2</sha1>
</revision>
</page>
