<page>
<page>
<title>Ieremia</title>
<ns>0</ns>
<id>380527</id>
<revision>
<id>2652553</id>
<parentid>2426215</parentid>
<timestamp>2021-11-16T22:34:30Z</timestamp>
<contributor>
<username>ValJor</username>
<id>1358</id>
</contributor>
<comment>Retirando ligação para a predefinição inv para poder eliminá-la em seguida</comment>
<model>wikitext</model>
<format>text/x-wiki</format>
<text bytes="593" xml:space="preserve">={{-haw-}}=
==Substantivo==
{{paroxítona|Ie|re|mi|a|lang=haw}}
# {{escopo|haw|Cristianismo|religião}} [[Jeremias]]
==Ver também==
===No Wikcionário===
{{bíblia/haw}}
[[Categoria:Substantivo (Havaiano)]]
={{-ro-}}=
==Substantivo==
{{paroxítona|Ie|re|mi|a|lang=ro}}
# {{escopo|ro|Cristianismo|religião}} [[Jeremias]]
===Declinação===
{{decl.ro.subst
|nais=Ieremia
|naip=''invariável''
|nads=Ieremie
|nadp=''invariável''
|dgis=Ieremiei
|dgip=''invariável''
|dgds=-
|dgdp=''invariável''
}}
==Ver também==
===No Wikcionário===
{{bíblia/ro}}
[[Categoria:Substantivo (Romeno)]]</text>
<sha1>ljwycf5e9v7s60nnsk7uivfd24yvra2</sha1>
</revision>
