<page>
<title>Ieremias</title>
<ns>0</ns>
<id>280179</id>
<revision>
<id>2496583</id>
<parentid>2496582</parentid>
<timestamp>2018-04-15T23:22:03Z</timestamp>
<contributor>
<username>Leonardo José Raimundo</username>
<id>43489</id>
</contributor>
<comment>Eu estou corrigindo a declinação de &quot;Ieremias&quot;.</comment>
<model>wikitext</model>
<format>text/x-wiki</format>
<text bytes="665" xml:space="preserve">={{-la-}}=
==Substantivo==
{{paroxítona|Ie|re|mi|as|lang=la}}, {{pr}} {{m}}
# {{escopo|la|Cristianismo|religião}} [[Jeremias]]
===Declinação===
{{decl.la.subst.sing|d=Substantivo masculino da 1ª declinação sem plural|Ieremias|Ieremiā|Ieremiae|Ieremiae|Ieremiā|Ieremiān}}
=={{etimologia|la}}==
:Do [[grego antigo]] {{etimo|grc|Ιερεμίας}} (Ieremías), que por sua vez veio do [[hebraico]] {{etimo|he|יִרְמְיָה}} (Yirmeyahu). Significa ''exaltação do Senhor''.
==Ver também==
===No Wikcionário===
{{bíblia/la}}
[[Categoria:Substantivo (Latim)]]
[[Categoria:Antropônimo (Latim)]]
[[Categoria:Entrada de étimo grego antigo (Latim)]]</text>
<sha1>gucjyijpglfj8zb2jzgp5iprciv0xsd</sha1>
</revision>
</page>
