<page>
<page>
<title>Ierlân</title>
<ns>0</ns>
<id>56814</id>
<revision>
<id>2270787</id>
<parentid>1730752</parentid>
<timestamp>2017-04-26T19:02:39Z</timestamp>
<contributor>
<username>HydrizBot</username>
<id>29590</id>
</contributor>
<minor />
<comment>Robô: A limpar links interwikis antigos</comment>
<model>wikitext</model>
<format>text/x-wiki</format>
<text bytes="170" xml:space="preserve">={{-fy-}}=
==Substantivo==
'''Ierlân''' ''próprio''
# [[Irlanda]].
==Ver também==
{{Europa/fy}}
[[Categoria:Substantivo (Frísio)]]
[[Categoria:Topónimo (Frísio)]]</text>
<sha1>iayuyxqqbc5d8r4e6kplaxcvxqm93kh</sha1>
</revision>
