<page>
<page>
<title>Ierlaand</title>
<ns>0</ns>
<id>128286</id>
<revision>
<id>2270785</id>
<parentid>1795626</parentid>
<timestamp>2017-04-26T19:02:32Z</timestamp>
<contributor>
<username>HydrizBot</username>
<id>29590</id>
</contributor>
<minor />
<comment>Robô: A limpar links interwikis antigos</comment>
<model>wikitext</model>
<format>text/x-wiki</format>
<text bytes="285" xml:space="preserve">={{-nds-nl-}}=
{{Wikipédia|lang=nds-nl}}
==Substantivo==
'''Ierlaand''', {{pr}}
#{{escopo|Geografia}} [[Irlanda]]
===Variantes===
*[[Republiek Ierlaand]]
==Ver também==
{{Europa/nds-nl}}
[[Categoria:Substantivo (Baixo Saxão Holandês)]]
[[Categoria:País (Baixo Saxão Holandês)]]</text>
<sha1>9h95al25gmncwtdbg752spru5fnrwzx</sha1>
</revision>
