<page>
<title>ies</title>
<ns>0</ns>
<id>94375</id>
<revision>
<id>2359597</id>
<parentid>2243353</parentid>
<timestamp>2017-05-03T11:17:21Z</timestamp>
<contributor>
<username>HydrizBot</username>
<id>29590</id>
</contributor>
<minor />
<comment>Robô: A limpar links interwikis antigos</comment>
<model>wikitext</model>
<format>text/x-wiki</format>
<text bytes="1565" xml:space="preserve">={{-eo-}}=
==Correlativo ==
{{paroxítona|i|es|lang=eo}}
# de [[alguém]], que [[pertencer|pertence]] [[a#Preposição|a]] alguém.
===Expressões===
* '''ies [[ajn]]''': de [[qualquer]] [[um#Pronome|um]]
=={{etimologia|eo}}==
{{etimo.eo|i-|-es}}
=={{pronúncia|eo}}==
* [[AFI]]: {{AFI|/ˈi.es/}}, {{AFI|/ˈi.ɛs/}}
* [[X-SAMPA]]: /&quot;i.es/, /&quot;i.Es/
==Ver também==
===No Wikcionário===
{{correlativos/eo}}
===Referências===
{{verTambém.Ini}}
* [http://www.reta-vortaro.de/revo/art/ies.html#ies.0 ''ies'' no Reta Vortaro (em esperanto)]
{{verTambém.Fim}}
[[Categoria:Correlativo (Esperanto)]]
={{-fi-}}=
==Substantivo==
{{paroxítona|i|es|lang=fi}}
# [[canga]], [[jugo]];
# {{escopoUso|figurado|fi}} [[fardo]], [[estorvo]], [[incômodo]];
# {{escopoUso|figurado|fi}} [[opressão]], [[repressão]], [[perseguição]].
===Declinação===
{{decl.fi.subst.41|i|-|e}}
===Sinónimos===
* De '''2''': {{link preto|kuorma|fi}}, {{link preto|pakko|fi}}, {{link preto|taakka|fi}}
* De '''3''': {{link preto|orjuus|fi}}, {{link preto|sorto|fi}}
=={{etimologia|fi}}==
:De *''ikes'', [[emprestar|emprestado]] de uma [[língua]] [[eslavo|eslava]].
=={{pronúncia|fi}}==
* [[AFI]]: {{AFI|/ˈi.e̞s/}}
* [[X-SAMPA]]: /&quot;i.e_os/
==Ver também==
===Referências===
{{verTambém.Ini}}
* [http://kaannos.com/haku-sanakirjasta-suomi-englanti-ies.htm ''ies'' no Kaannos.com (suomi-englanti) (em finlandês)]
* [http://www.sanakirja.org/search.php?q=ies&amp;l=17&amp;l2=12 ''ies'' no Sanakirja.org (em finlandês e inglês)]
{{verTambém.Fim}}
[[Categoria:Substantivo (Finlandês)]]</text>
<sha1>nwchcwcbcgfrjgfewwx9a7fkwux8imu</sha1>
</revision>
</page>
