<page>
<title>Iesen</title>
<ns>0</ns>
<id>308782</id>
<revision>
<id>2270789</id>
<parentid>1941286</parentid>
<timestamp>2017-04-26T19:02:43Z</timestamp>
<contributor>
<username>HydrizBot</username>
<id>29590</id>
</contributor>
<minor />
<comment>Robô: A limpar links interwikis antigos</comment>
<model>wikitext</model>
<format>text/x-wiki</format>
<text bytes="262" xml:space="preserve">={{-nds-}}=
{{elementos|Fe|Mangan|Mn|Kobalt|Co}}
==Substantivo==
'''Iesen'''
# {{escopo|Química}} [[ferro]]
==Ver também==
===No Wikcionário===
{{tabela periódica/nds}}
[[Categoria:Substantivo (Baixo Saxão)]]
[[Categoria:Elemento químico (Baixo Saxão)]]</text>
<sha1>h8tfmtvmd764sn8j39pvhvy45xov4i7</sha1>
</revision>
</page>
