<page>
<page>
<title>Ieslandj</title>
<ns>0</ns>
<id>147836</id>
<revision>
<id>2270791</id>
<parentid>1730748</parentid>
<timestamp>2017-04-26T19:02:47Z</timestamp>
<contributor>
<username>HydrizBot</username>
<id>29590</id>
</contributor>
<minor />
<comment>Robô: A limpar links interwikis antigos</comment>
<model>wikitext</model>
<format>text/x-wiki</format>
<text bytes="190" xml:space="preserve">={{-li-}}=
==Substantivo==
'''Ieslandj''', {{pr}}
#{{escopo|Geografia}} [[Islândia]]
==Ver também==
{{Europa/li}}
[[Categoria:Substantivo (Limburguês)]]
[[Categoria:País (Limburguês)]]</text>
<sha1>07lu75dxjqafbhlqqvh8m9qk59tnhkj</sha1>
</revision>
