<page>
<title>Ieslound</title>
<ns>0</ns>
<id>134169</id>
<revision>
<id>2270793</id>
<parentid>1639096</parentid>
<timestamp>2017-04-26T19:02:50Z</timestamp>
<contributor>
<username>HydrizBot</username>
<id>29590</id>
</contributor>
<minor />
<comment>Robô: A limpar links interwikis antigos</comment>
<model>wikitext</model>
<format>text/x-wiki</format>
<text bytes="202" xml:space="preserve">={{-stq-}}=
==Substantivo==
'''Ieslound''', {{pr}}
#{{escopo|Geografia}} [[Islândia]]
==Ver também==
{{Europa/stq}}
[[Categoria:Substantivo (Frísio Oriental)]]
[[Categoria:País (Frísio Oriental)]]</text>
<sha1>e2497d4l9qr2jp8ct8oe98prf17zx2t</sha1>
</revision>
</page>
