<page>
<title>Iesland</title>
<ns>0</ns>
<id>128872</id>
<revision>
<id>2270790</id>
<parentid>2028090</parentid>
<timestamp>2017-04-26T19:02:45Z</timestamp>
<contributor>
<username>HydrizBot</username>
<id>29590</id>
</contributor>
<minor />
<comment>Robô: A limpar links interwikis antigos</comment>
<model>wikitext</model>
<format>text/x-wiki</format>
<text bytes="217" xml:space="preserve">={{-nds-}}=
{{Wikipédia|lang=nds}}
==Substantivo==
'''Iesland''', {{pr}}
#{{escopo|Geografia}} [[Islândia]]
==Ver também==
{{Europa/nds}}
[[Categoria:Substantivo (Baixo Saxão)]]
[[Categoria:País (Baixo Saxão)]]</text>
<sha1>s41v01xrfvsafide8jeo2emab6fxfmi</sha1>
</revision>
</page>
