<page>
<title>Ieteljaansj</title>
<ns>0</ns>
<id>149231</id>
<revision>
<id>2270795</id>
<parentid>1941285</parentid>
<timestamp>2017-04-26T19:02:53Z</timestamp>
<contributor>
<username>HydrizBot</username>
<id>29590</id>
</contributor>
<minor />
<comment>Robô: A limpar links interwikis antigos</comment>
<model>wikitext</model>
<format>text/x-wiki</format>
<text bytes="204" xml:space="preserve">={{-li-}}=
==Substantivo==
'''Ieteljaansj''' {{n}}
#o idioma [[italiano]]
=={{pronúncia|li}}==
*[[AFI]]: /ˈiːtɐlɪaːɲʃ/
[[Categoria:Substantivo (Limburguês)]]
[[Categoria:Língua (Limburguês)]]</text>
<sha1>opirhk1prbkt54f62h8lf1u4jawnwt0</sha1>
</revision>
</page>
