<page>
<page>
<title>Ietelje</title>
<ns>0</ns>
<id>147837</id>
<revision>
<id>2270796</id>
<parentid>1730747</parentid>
<timestamp>2017-04-26T19:02:55Z</timestamp>
<contributor>
<username>HydrizBot</username>
<id>29590</id>
</contributor>
<minor />
<comment>Robô: A limpar links interwikis antigos</comment>
<model>wikitext</model>
<format>text/x-wiki</format>
<text bytes="187" xml:space="preserve">={{-li-}}=
==Substantivo==
'''Ietelje''', {{pr}}
#{{escopo|Geografia}} [[Itália]]
==Ver também==
{{Europa/li}}
[[Categoria:Substantivo (Limburguês)]]
[[Categoria:País (Limburguês)]]</text>
<sha1>ngo2higiekql8tcorqyt14974dze4qv</sha1>
</revision>
