<page>
<title>iezer</title>
<ns>0</ns>
<id>76242</id>
<revision>
<id>2359599</id>
<parentid>2210781</parentid>
<timestamp>2017-05-03T11:17:29Z</timestamp>
<contributor>
<username>HydrizBot</username>
<id>29590</id>
</contributor>
<minor />
<comment>Robô: A limpar links interwikis antigos</comment>
<model>wikitext</model>
<format>text/x-wiki</format>
<text bytes="265" xml:space="preserve">={{-li-}}=
==Substantivo==
{{elementos|Fe|mangaon|Mn|koeabeltj|Co}}
'''iezer'''
# {{escopo|li|Elemento químico}} [[ferro]]
==Ver também==
===No Wikcionário===
{{tabela periódica/li}}
[[Categoria:Substantivo (Limburguês)]]
[[Categoria:Ciência (Limburguês)]]</text>
<sha1>q8gpkyna99y0tcf5achcjzueubwmgkb</sha1>
</revision>
</page>
