<page>
<title>Ifá</title>
<ns>0</ns>
<id>53001</id>
<revision>
<id>1194373</id>
<parentid>209703</parentid>
<timestamp>2011-07-08T23:10:52Z</timestamp>
<contributor>
<username>MalafayaBot</username>
<id>628</id>
</contributor>
<minor />
<comment>Robô: Substituição de texto automática (-^\=\s?Português\s?\= +={{-pt-}}= &amp; -^\=\s?\{\{pt\}\}\s?\= +={{-pt-}}=)</comment>
<model>wikitext</model>
<format>text/x-wiki</format>
<text bytes="356" xml:space="preserve">={{-pt-}}=
==Substantivo==
''' I.fá''' 
:# {{escopo|Candomblé}} entidade superior, criada por [[Olofim]] e que junto com [[Obatalá]] e [[Odudua]] constituem uma trindade na religião iorubá. É representada na [[Terra]] por [[Orunmilá]] e preside as artes divinatórias.
[[Categoria:Substantivo (Português)]]
[[Categoria:Candomblé (Português)]]</text>
<sha1>7fkl1tdzbm5hybvcsamen4brwjpc3cw</sha1>
</revision>
</page>
