<page>
<title>iganta</title>
<ns>0</ns>
<id>246717</id>
<revision>
<id>2359603</id>
<parentid>2071217</parentid>
<timestamp>2017-05-03T11:17:51Z</timestamp>
<contributor>
<username>HydrizBot</username>
<id>29590</id>
</contributor>
<minor />
<comment>Robô: A limpar links interwikis antigos</comment>
<model>wikitext</model>
<format>text/x-wiki</format>
<text bytes="333" xml:space="preserve">={{-eo-}}=
==Forma verbal==
'''i.{{grifar|gan}}.ta'''
# [[particípio]] [[ativo]] [[do]] [[presente]] do [[verbo]] '''''[[igi]]'''''
===Conjugação===
{{conj.eo|ig}}
=={{etimologia|eo}}==
{{etimo.eo|-ig-|-ant-|-a}}
[[Categoria:Forma verbal (Esperanto)]]
[[Categoria:Trissílabo (Esperanto)]]
[[Categoria:Paroxítona (Esperanto)]]</text>
<sha1>22ryng8mar4j3qgoongk0ingej63toa</sha1>
</revision>
</page>
