<page>
<title>igande</title>
<ns>0</ns>
<id>36885</id>
<revision>
<id>2359602</id>
<parentid>2243534</parentid>
<timestamp>2017-05-03T11:17:48Z</timestamp>
<contributor>
<username>HydrizBot</username>
<id>29590</id>
</contributor>
<minor />
<comment>Robô: A limpar links interwikis antigos</comment>
<model>wikitext</model>
<format>text/x-wiki</format>
<text bytes="235" xml:space="preserve">={{-eu-}}=
==Substantivo==
'''igande''' (''substantivo masculino'')
:# [[domingo]].
==Sinónimo==
* [[domeka]]
==Ver também==
===No Wikcionário===
{{semana/eu}}
[[Categoria:Substantivo (Basco)]]
[[Categoria:Dia da semana (Basco)]]</text>
<sha1>1jca8aowkt10qnf6w3kqmx3y1uqxvjz</sha1>
</revision>
</page>
