<page>
<page>
<title>Igaracy</title>
<ns>0</ns>
<id>145288</id>
<revision>
<id>2270800</id>
<parentid>1198344</parentid>
<timestamp>2017-04-26T19:03:02Z</timestamp>
<contributor>
<username>HydrizBot</username>
<id>29590</id>
</contributor>
<minor />
<comment>Robô: A limpar links interwikis antigos</comment>
<model>wikitext</model>
<format>text/x-wiki</format>
<text bytes="250" xml:space="preserve">={{-pt-}}=
{{Wikipédia}}
==Substantivo==
'''Igaracy''' {{pr}}
#[[município]] [[brasileiro]] do [[estado]] da [[Paraíba]]
==Ver também==
*[[Apêndice:Municípios do estado da Paraíba]]
[[Categoria:Município do estado da Paraíba (Português)]]</text>
<sha1>tf5f1t0uk5sqbs4zu30fmug9c25lqqf</sha1>
</revision>
