<page>
<page>
<title>Igarapava</title>
<ns>0</ns>
<id>136286</id>
<revision>
<id>2486904</id>
<parentid>2486709</parentid>
<timestamp>2018-02-26T00:18:26Z</timestamp>
<contributor>
<username>MIL973</username>
<id>41339</id>
</contributor>
<model>wikitext</model>
<format>text/x-wiki</format>
<text bytes="455" xml:space="preserve">{{Wikipédia}}
={{-pt-}}=
==Substantivo==
{{paroxítona|I|ga|ra|pa|va}}, {{gramática|pr}}
# {{escopo|pt|Município do estado de São Paulo}} [[Apêndice:Gentílicos e topónimos em português/Brasil/São Paulo|município brasileiro do estado de São Paulo]]
==Ver também==
===No Wikcionário===
* [[igarapavense]]
==Ligações externas==
* [http://www.igarapava.sp.gov.br/ Prefeitura de Igarapava (São Paulo)]
[[Categoria:Substantivo (Português)]]</text>
<sha1>ilogyigvmbo7bviz58cfjerq6oabo60</sha1>
</revision>
