<page>
<title>Igaratinga</title>
<ns>0</ns>
<id>141050</id>
<revision>
<id>2270809</id>
<parentid>2109281</parentid>
<timestamp>2017-04-26T19:03:18Z</timestamp>
<contributor>
<username>HydrizBot</username>
<id>29590</id>
</contributor>
<minor />
<comment>Robô: A limpar links interwikis antigos</comment>
<model>wikitext</model>
<format>text/x-wiki</format>
<text bytes="265" xml:space="preserve">={{-pt-}}=
{{Wikipédia}}
==Substantivo==
'''Igaratinga''' {{pr}}
#[[município]] [[brasileiro]] do [[estado]] de [[Minas Gerais]]
==Ver também==
*[[Apêndice:Municípios do estado de Minas Gerais]]
[[Categoria:Município do estado de Minas Gerais (Português)]]</text>
<sha1>cvwpn2kwbt379dixcghfrugsuxnlfz2</sha1>
</revision>
</page>
