<page>
<page>
<title>igara</title>
<ns>0</ns>
<id>297451</id>
<revision>
<id>2359604</id>
<parentid>1459263</parentid>
<timestamp>2017-05-03T11:17:52Z</timestamp>
<contributor>
<username>HydrizBot</username>
<id>29590</id>
</contributor>
<minor />
<comment>Robô: A limpar links interwikis antigos</comment>
<model>wikitext</model>
<format>text/x-wiki</format>
<text bytes="263" xml:space="preserve">={{-pt-}}=
==Substantivo==
{{flex.pt|fs=igara|fp=igaras}}
{{paroxítona|i|ga|ra}}
# [[pequeno|pequena]] [[canoa]], feita geralmente de um [[tronco]] de árvore escavada
==Ver também==
===No Wikcionário===
* [[apecuitá]]
[[Categoria:Substantivo (Português)]]</text>
<sha1>mxsrj1rt1xof5gjqcfrfxlp1hqyw7zo</sha1>
</revision>
