<page>
<title>igarataense</title>
<ns>0</ns>
<id>393207</id>
<revision>
<id>2491415</id>
<parentid>2486909</parentid>
<timestamp>2018-03-28T01:23:42Z</timestamp>
<contributor>
<username>MIL973</username>
<id>41339</id>
</contributor>
<model>wikitext</model>
<format>text/x-wiki</format>
<text bytes="542" xml:space="preserve">={{-pt-}}=
==Adjetivo==
{{flex.pt|s=igarataense|p=igarataenses}}
{{paroxítona|i|ga|ra|ta|en|se}}, {{gramática|c2g}}
# {{escopo|pt|Gentílico}} de [[Igaratá]], cidade paulista
==Substantivo==
{{flex.pt|s=igarataense|p=igarataenses}}
{{paroxítona|i|ga|ra|ta|en|se}}, {{gramática|c2g}}
# {{escopo|pt|Gentílico}} natural de Igaratá ou seu habitante
=={{etimologia|pt}}==
: {{escopo|Morfologia}} De [[Igaratá]] + [[-ense]].
==Ligações externas==
* {{Aulete}}
[[Categoria:Adjetivo (Português)]]
[[Categoria:Substantivo (Português)]]</text>
<sha1>2xrg4h1b1j3e03e6cgkhqfs9t1wjc3j</sha1>
</revision>
</page>
