<page>
<page>
<title>Igarassu</title>
<ns>0</ns>
<id>142214</id>
<revision>
<id>2270808</id>
<parentid>1198591</parentid>
<timestamp>2017-04-26T19:03:16Z</timestamp>
<contributor>
<username>HydrizBot</username>
<id>29590</id>
</contributor>
<minor />
<comment>Robô: A limpar links interwikis antigos</comment>
<model>wikitext</model>
<format>text/x-wiki</format>
<text bytes="257" xml:space="preserve">={{-pt-}}=
{{Wikipédia}}
==Substantivo==
'''Igarassu''' {{pr}}
#[[município]] [[brasileiro]] do [[estado]] de [[Pernambuco]]
==Ver também==
*[[Apêndice:Municípios do estado de Pernambuco]]
[[Categoria:Município do estado de Pernambuco (Português)]]</text>
<sha1>ompg65359wzhd9igk5acied9fbx1vu4</sha1>
</revision>
