<page>
<title>Igaratá</title>
<ns>0</ns>
<id>136287</id>
<revision>
<id>2486906</id>
<parentid>2486905</parentid>
<timestamp>2018-02-26T00:19:50Z</timestamp>
<contributor>
<username>MIL973</username>
<id>41339</id>
</contributor>
<model>wikitext</model>
<format>text/x-wiki</format>
<text bytes="446" xml:space="preserve">{{Wikipédia}}
={{-pt-}}=
==Substantivo==
{{oxítona|I|ga|ra|tá}}, {{gramática|pr}}
# {{escopo|pt|Município do estado de São Paulo}} [[Apêndice:Gentílicos e topónimos em português/Brasil/São Paulo|município brasileiro do estado de São Paulo]]
==Ver também==
===No Wikcionário===
* [[igarataense]]
==Ligações externas==
* [http://www.igarata.sp.gov.br/ Prefeitura de Igaratá (São Paulo)]
[[Categoria:Substantivo (Português)]]</text>
<sha1>dv4y3hdgu5xz18d89gex00p4x55arqg</sha1>
</revision>
</page>
