<page>
<page>
<title>igarapavense</title>
<ns>0</ns>
<id>393172</id>
<revision>
<id>2491414</id>
<parentid>2486712</parentid>
<timestamp>2018-03-28T01:23:19Z</timestamp>
<contributor>
<username>MIL973</username>
<id>41339</id>
</contributor>
<model>wikitext</model>
<format>text/x-wiki</format>
<text bytes="551" xml:space="preserve">={{-pt-}}=
==Adjetivo==
{{flex.pt|s=igarapavense|p=igarapavenses}}
{{paroxítona|i|ga|ra|pa|ven|se}}, {{gramática|c2g}}
# {{escopo|pt|Gentílico}} de [[Igarapava]], cidade paulista
==Substantivo==
{{flex.pt|s=igarapavense|p=igarapavenses}}
{{paroxítona|i|ga|ra|pa|ven|se}}, {{gramática|c2g}}
# {{escopo|pt|Gentílico}} natural de Igarapava ou seu habitante
=={{etimologia|pt}}==
: {{escopo|Morfologia}} De [[Igarapava]] + [[-ense]].
==Ligações externas==
* {{Aulete}}
[[Categoria:Adjetivo (Português)]]
[[Categoria:Substantivo (Português)]]</text>
<sha1>kulado9k0q1hglyjl4lokxr7i9j2yg0</sha1>
</revision>
