<page>
<title>igas</title>
<ns>0</ns>
<id>246712</id>
<revision>
<id>2359606</id>
<parentid>2071218</parentid>
<timestamp>2017-05-03T11:17:57Z</timestamp>
<contributor>
<username>HydrizBot</username>
<id>29590</id>
</contributor>
<minor />
<comment>Robô: A limpar links interwikis antigos</comment>
<model>wikitext</model>
<format>text/x-wiki</format>
<text bytes="291" xml:space="preserve">={{-eo-}}=
==Forma verbal==
'''{{grifar|i}}.gas'''
# [[presente]] do [[verbo]] '''''[[igi]]'''''
===Conjugação===
{{conj.eo|ig}}
=={{etimologia|eo}}==
{{etimo.eo|-ig-|-as}}
[[Categoria:Forma verbal (Esperanto)]]
[[Categoria:Dissílabo (Esperanto)]]
[[Categoria:Paroxítona (Esperanto)]]</text>
<sha1>16hfqxfgy2go1bu9aemsfboxgq0iydr</sha1>
</revision>
</page>
