<page>
<page>
<title>igazi</title>
<ns>0</ns>
<id>232399</id>
<revision>
<id>2652161</id>
<parentid>2359608</parentid>
<timestamp>2021-11-14T10:15:38Z</timestamp>
<contributor>
<username>ValJor</username>
<id>1358</id>
</contributor>
<comment>Confirmando [[:Categoria:!Entrada criada por robô|verbete criado por robô]]</comment>
<model>wikitext</model>
<format>text/x-wiki</format>
<text bytes="141" xml:space="preserve">{{Wikipédia|lang=xh}}
={{-xh-}}=
==Substantivo==
'''igazi'''
# [[sangue]]
[[Categoria:Substantivo (Xhosa)]]
[[Categoria:Biologia (Xhosa)]]</text>
<sha1>bax307q5sbpr6udv61fy2kdh1neyn6t</sha1>
</revision>
