<page>
<title>Igel</title>
<ns>0</ns>
<id>40240</id>
<revision>
<id>2451554</id>
<parentid>2270815</parentid>
<timestamp>2017-09-22T05:06:45Z</timestamp>
<contributor>
<username>Spanier</username>
<id>43713</id>
</contributor>
<comment>suplementos</comment>
<model>wikitext</model>
<format>text/x-wiki</format>
<text bytes="326" xml:space="preserve">={{-de-}}=
== Substantivo ==
{{paroxítona|I|gel|lang=de}}, {{m}}
# {{escopo|de|mamífero}} [[ouriço]]
=== Declinação ===
{{decl.de.subst.masc|gs=s|Igel}}
=={{etimologia|de}}==
: Do [[alto alemão antigo]] ''igil''.
=={{pronúncia|de}}==
* [[AFI]]: {{AFI|/ˈiːgəl. ˈiːɡl̩/|de}}
[[Categoria:Substantivo (Alemão)]]</text>
<sha1>7s2q2gyezmnlzz0zn5finhvil901be2</sha1>
</revision>
</page>
