<page>
<title>igelkott</title>
<ns>0</ns>
<id>40264</id>
<revision>
<id>2359609</id>
<parentid>2243537</parentid>
<timestamp>2017-05-03T11:18:12Z</timestamp>
<contributor>
<username>HydrizBot</username>
<id>29590</id>
</contributor>
<minor />
<comment>Robô: A limpar links interwikis antigos</comment>
<model>wikitext</model>
<format>text/x-wiki</format>
<text bytes="127" xml:space="preserve">={{-sv-}}=
== Substantivo ==
'''igelkott'''
# [[ouriço]].
[[Categoria:Substantivo ({{sv}})]]
[[Categoria:Mamífero ({{sv}})]]</text>
<sha1>830fplxs53iodmfwkbpqlb873ky768c</sha1>
</revision>
</page>
