<page>
<title>igi</title>
<ns>0</ns>
<id>246710</id>
<revision>
<id>2359610</id>
<parentid>2191985</parentid>
<timestamp>2017-05-03T11:18:19Z</timestamp>
<contributor>
<username>HydrizBot</username>
<id>29590</id>
</contributor>
<minor />
<comment>Robô: A limpar links interwikis antigos</comment>
<model>wikitext</model>
<format>text/x-wiki</format>
<text bytes="671" xml:space="preserve">{{ver também|iĝi}}
={{-eo-}}=
==Verbo==
'''{{grifar|i}}.gi''', {{gramática|intran}}
# [[fazer]], [[tornar]], [[causar]]
===Conjugação===
{{conj.eo|ig}}
=={{etimologia|eo}}==
{{etimo.eo|-ig-|-i}}
=={{pronúncia|eo}}==
* [[AFI]]: {{AFI|/ˈi.ɡi/}}
==Ver também==
===No Wikcionário===
{{verTambém.Ini}}
* {{link opcional|-ig-}}
{{confr|iĝi|eo}}
{{verTambém.Fim}}
===Referências===
{{verTambém.Ini}}
* [http://www.reta-vortaro.de/revo/art/ig.html#ig.0i ''igi'' no Reta Vortaro (em esperanto)]
{{verTambém.Fim}}
[[Categoria:Verbo (Esperanto)]]
[[Categoria:Dissílabo (Esperanto)]]
[[Categoria:Paroxítona (Esperanto)]]
[[Categoria:Palíndromo (Esperanto)]]</text>
<sha1>d2kom5xbs9ff4ftacnwttosvoy8ama5</sha1>
</revision>
</page>
