<page>
<title>iginta</title>
<ns>0</ns>
<id>246716</id>
<revision>
<id>2359611</id>
<parentid>2071221</parentid>
<timestamp>2017-05-03T11:18:22Z</timestamp>
<contributor>
<username>HydrizBot</username>
<id>29590</id>
</contributor>
<minor />
<comment>Robô: A limpar links interwikis antigos</comment>
<model>wikitext</model>
<format>text/x-wiki</format>
<text bytes="332" xml:space="preserve">={{-eo-}}=
==Forma verbal==
'''i.{{grifar|gin}}.ta'''
# [[particípio]] [[ativo]] [[do]] [[passado]] do [[verbo]] '''''[[igi]]'''''
===Conjugação===
{{conj.eo|ig}}
=={{etimologia|eo}}==
{{etimo.eo|-ig-|-int-|-a}}
[[Categoria:Forma verbal (Esperanto)]]
[[Categoria:Trissílabo (Esperanto)]]
[[Categoria:Paroxítona (Esperanto)]]</text>
<sha1>14ccaxk4r0siienqz1fbmqu3fsbigwa</sha1>
</revision>
</page>
