<page>
<title>igitur</title>
<ns>0</ns>
<id>54801</id>
<revision>
<id>2359614</id>
<parentid>2126962</parentid>
<timestamp>2017-05-03T11:18:32Z</timestamp>
<contributor>
<username>HydrizBot</username>
<id>29590</id>
</contributor>
<minor />
<comment>Robô: A limpar links interwikis antigos</comment>
<model>wikitext</model>
<format>text/x-wiki</format>
<text bytes="507" xml:space="preserve">={{-la-}}=
==Advérbio==
'''i.gi.tur'''
:# por [[isso]] mesmo
:# [[portanto]]
:# [[logo]] 
:# [[enquanto]]
===Expressões===
* '''Gaudeamus igitur juvenes dum sumus''': ''Aproveitemos enquanto somos jovens'' (duas primeiras estrofes de um hino universitário cantado, tanto nas formaturas, quanto nas bebedeiras durante o curso, na Alemanha, Bélgica, Suíça e Holanda)
==Ver também==
===Na Wikipédia===
* ''[[w:en:De Brevitate Vitae|De Brevitate Vitae]]'' (em inglês)
[[Categoria:Advérbio (Latim)]]</text>
<sha1>gwon6qmo8fmy21nxevdfickgu67b27f</sha1>
</revision>
</page>
