<page>
<title>igitabo</title>
<ns>0</ns>
<id>233455</id>
<revision>
<id>1724697</id>
<parentid>880300</parentid>
<timestamp>2013-09-14T10:24:04Z</timestamp>
<contributor>
<username>MalafayaBot</username>
<id>628</id>
</contributor>
<minor />
<comment>Robô: Substituição de texto automática (-\]\](.*?)\.\r\n\s? +]]\1\n &amp; -\r\n\s\r\n +\n\n)</comment>
<model>wikitext</model>
<format>text/x-wiki</format>
<text bytes="170" xml:space="preserve">={{-rw-}}=
==Substantivo==
'''igitabo'''
# [[livro]] (objeto com folhas contendo um texto)
{{página-automática|Maio|2010|livro|rw}}
[[Categoria:Substantivo (Ruanda)]]</text>
<sha1>lmd77dolvb40o6thtssyo80v80c75sw</sha1>
</revision>
</page>
