<page>
<title>igjen</title>
<ns>0</ns>
<id>81703</id>
<revision>
<id>2359615</id>
<parentid>2242335</parentid>
<timestamp>2017-05-03T11:18:35Z</timestamp>
<contributor>
<username>HydrizBot</username>
<id>29590</id>
</contributor>
<minor />
<comment>Robô: A limpar links interwikis antigos</comment>
<model>wikitext</model>
<format>text/x-wiki</format>
<text bytes="93" xml:space="preserve">={{-no-}}=
== Advérbio ==
'''igjen'''
# [[novamente]].
[[Categoria:Advérbio (Norueguês)]]</text>
<sha1>d6si451jf9m4f82ooconkej0fs990t3</sha1>
</revision>
</page>
