<page>
<title>igloos</title>
<ns>0</ns>
<id>261410</id>
<revision>
<id>2359617</id>
<parentid>1955645</parentid>
<timestamp>2017-05-03T11:18:44Z</timestamp>
<contributor>
<username>HydrizBot</username>
<id>29590</id>
</contributor>
<minor />
<comment>Robô: A limpar links interwikis antigos</comment>
<model>wikitext</model>
<format>text/x-wiki</format>
<text bytes="285" xml:space="preserve">={{-fr-}}=
==Forma de substantivo==
'''igloos''', {{p}}
#plural de '''[[igloo#{{fr}}|igloo]]'''
[[Categoria:Forma de substantivo (Francês)]]
={{-en-}}=
==Forma de substantivo==
'''igloos''', {{p}}
#plural de '''[[igloo#{{en}}|igloo]]'''
[[Categoria:Forma de substantivo (Inglês)]]</text>
<sha1>8mndqdve45zvzqeo9ebc9ceydguhv6s</sha1>
</revision>
</page>
