<page>
<title>igloo</title>
<ns>0</ns>
<id>261067</id>
<revision>
<id>2359616</id>
<parentid>2150969</parentid>
<timestamp>2017-05-03T11:18:41Z</timestamp>
<contributor>
<username>HydrizBot</username>
<id>29590</id>
</contributor>
<minor />
<comment>Robô: A limpar links interwikis antigos</comment>
<model>wikitext</model>
<format>text/x-wiki</format>
<text bytes="572" xml:space="preserve">{{Wikipédia|lang=fr}}
{{Wikipédia|lang=en}}
={{-fr-}}=
==Substantivo==
'''igloo''', {{m}} {{p|igloos}}
# [[iglu]]
=={{pronúncia|fr}}==
* AFI: /iglu/
[[Categoria:Substantivo (Francês)]]
={{-en-}}=
==Substantivo==
'''igloo''', {{p|igloos}}
# [[iglu]]
=={{etimologia|en}}==
: Do {{etm|iu|en}} iglu ([[ᐃᒡᓗ]]).
[[Categoria:Substantivo (Inglês)]]
={{-it-}}=
==Substantivo==
'''i.gloo''', {{m}}
# [[iglu]]
===Grafias alternativas===
{{verTambém.Ini}}
* [[iglù]]
{{verTambém.NovaColuna}}
* [[iglò]]
{{verTambém.Fim}}
[[Categoria:Substantivo (Italiano)]]</text>
<sha1>i199ls00i6pdl0af5mv45da73c7ljlh</sha1>
</revision>
</page>
