<page>
<page>
<title>ignara</title>
<ns>0</ns>
<id>273758</id>
<revision>
<id>2526470</id>
<parentid>2526460</parentid>
<timestamp>2018-11-17T11:16:08Z</timestamp>
<contributor>
<username>ValJor</username>
<id>1358</id>
</contributor>
<minor />
<comment>Revertidas edições por [[Especial:Contribuições/Pft Moia|Pft Moia]] para a última versão por [[Especial:Contribuições/HydrizBot|HydrizBot]]</comment>
<model>wikitext</model>
<format>text/x-wiki</format>
<text bytes="148" xml:space="preserve">={{-pt-}}=
==Adjetivo==
{{flex.pt|ms=ignaro|mp=ignaros|fs=ignara|fp=ignaras}}
{{paroxítona|ig|na|ra}} {{f}}
# [[feminino]] [[de]] '''[[ignaro]]'''</text>
<sha1>nazwo315xqmsvhbt8dsy99iphwdbzo0</sha1>
</revision>
