<page>
<page>
<title>Ignace</title>
<ns>0</ns>
<id>274430</id>
<revision>
<id>2559254</id>
<parentid>2270816</parentid>
<timestamp>2019-10-29T18:09:52Z</timestamp>
<contributor>
<username>ValJor</username>
<id>1358</id>
</contributor>
<comment>Verbete [[:Categoria:!Página com idioma não informado em Predefinição:etimologia|sem indicação do idioma na seção de etimologia]]</comment>
<model>wikitext</model>
<format>text/x-wiki</format>
<text bytes="354" xml:space="preserve">{{Wikipédia|lang=fr}}
={{-fr-}}=
==Substantivo==
'''Ignace''', {{gramática|pr}}
# [[Inácio]]
=={{etimologia|fr}}==
{{llietimo|la|Ignatius|fr|ponto=não}} e este do {{etm|grc|fr}} {{etimo|grc|Ἰγνάτιος|Ignátios}}
=={{pronúncia|fr}}==
* [[AFI]]: {{AFI|/i.ˈɲas/}}
[[Categoria:Substantivo (Francês)]]
[[Categoria:Antropônimo (Francês)]]</text>
<sha1>r77kb25fynz20kuzyeksg9n75cecp25</sha1>
</revision>
