<page>
<title>ignaro</title>
<ns>0</ns>
<id>273757</id>
<revision>
<id>2359620</id>
<parentid>1973694</parentid>
<timestamp>2017-05-03T11:18:52Z</timestamp>
<contributor>
<username>HydrizBot</username>
<id>29590</id>
</contributor>
<minor />
<comment>Robô: A limpar links interwikis antigos</comment>
<model>wikitext</model>
<format>text/x-wiki</format>
<text bytes="125" xml:space="preserve">={{-pt-}}=
==Adjetivo==
{{flex.pt|ms=ignaro|mp=ignaros|fs=ignara|fp=ignaras}}
{{paroxítona|ig|na|ro}} {{m}}
# [[ignorante]]</text>
<sha1>4ixjbhskngcjk6wjljv2666hrqllkrt</sha1>
</revision>
</page>
