<page>
<page>
<title>da</title>
<ns>0</ns>
<id>11049</id>
<revision>
<id>2612437</id>
<parentid>2460933</parentid>
<timestamp>2021-01-31T12:02:54Z</timestamp>
<contributor>
<username>Marxav</username>
<id>73271</id>
</contributor>
<minor />
<comment>AFI Portugal</comment>
<model>wikitext</model>
<format>text/x-wiki</format>
<text bytes="685" xml:space="preserve">{{ver também|dá}}
={{-pt-}}=
==Contração==
'''da''' 
# contração da preposição [[de]] com o artigo definido [[a]]
# contração da preposição [[de]] com o pronome demonstrativo [[a]]
=={{pronúncia|pt}}==
===Portugal===
* AFI: {{AFI|/ˈda/}}
==Ver também==
===No Wikcionário===
* [[das]]
[[Categoria:Contração (Português)]]
={{-app-}}=
==Substantivo==
'''da'''
# [[sangue]]
==Ver também==
===No Wikcionário===
{{verTambém.Ini}}
* [[diling]]
* [[lima]]
{{verTambém.NovaColuna}}
* [[lip]]
* [[susu]]
{{verTambém.Fim}}
[[Categoria:Substantivo (Apma)]]
[[Categoria:Anatomia (Apma)]]
={{-cri-}}=
==Verbo==
'''da'''
# [[dar]]
[[Categoria:Verbo (São-tomense)]]</text>
<sha1>lal237wc5rb0wqcyqqvwlfbtu67lx1p</sha1>
</revision>
