<page>
<title>daa</title>
<ns>0</ns>
<id>239121</id>
<revision>
<id>2324612</id>
<parentid>2120740</parentid>
<timestamp>2017-04-30T09:20:59Z</timestamp>
<contributor>
<username>HydrizBot</username>
<id>29590</id>
</contributor>
<minor />
<comment>Robô: A limpar links interwikis antigos</comment>
<model>wikitext</model>
<format>text/x-wiki</format>
<text bytes="382" xml:space="preserve">={{-nfr-}}=
==Advérbio==
'''{{PAGENAME}}'''
# [[todo]] [[dia]]
# [[diuturnamente]]
==Ver também==
{{tradini|No Wikcionário}}
* [[aɳga]]
* [[aɳge]]
* [[nyiɛpɔ]]
* [[nyisee]]
* [[siwri]]
* [[wuuble]]
* [[ajuan]]
{{tradmeio}}
* [[aliɛri]]
* [[amusa]]
* [[ble]]
* [[blefuɳgo]]
* [[jopo]]
* [[kranu]]
{{tradfim}}
[[Categoria:Substantivo (Nafana)]]
[[Categoria:Tempo (Nafana)]]</text>
<sha1>9zo5tp9zd6clmxq9dbw66rv6nawf2om</sha1>
</revision>
</page>
