<page>
<title>daabí</title>
<ns>0</ns>
<id>431271</id>
<revision>
<id>2627027</id>
<parentid>2624684</parentid>
<timestamp>2021-03-18T17:49:18Z</timestamp>
<contributor>
<username>Yánjidel</username>
<id>80351</id>
</contributor>
<minor />
<comment>/* {{-nv-}} */</comment>
<model>wikitext</model>
<format>text/x-wiki</format>
<text bytes="259" xml:space="preserve">={{-nv-}}=
==Pronome==
'''daabí'''
# [[eles]], elas
#* '''''Daabí''' mósí dahólǫ́.'' &lt;small&gt;('''Eles'''/'''Elas''' têm um gato.)&lt;/small&gt;
# [[deles]], delas
==Ver também==
===No Wikcionário===
{{decl.nv.pron.pessoal}}
[[Categoria:Pronome (Navajo)]]</text>
<sha1>3ra1kztwpht5o0567ncx6h0sp81l2gw</sha1>
</revision>
</page>
