<page>
<page>
<title>daahó</title>
<ns>0</ns>
<id>431272</id>
<revision>
<id>2627028</id>
<parentid>2624976</parentid>
<timestamp>2021-03-18T17:50:30Z</timestamp>
<contributor>
<username>Yánjidel</username>
<id>80351</id>
</contributor>
<minor />
<comment>/* {{-nv-}} */</comment>
<model>wikitext</model>
<format>text/x-wiki</format>
<text bytes="167" xml:space="preserve">={{-nv-}}=
==Pronome==
'''daahó'''
# [[eles]], elas
# [[deles]], delas
==Ver também==
===No Wikcionário===
{{decl.nv.pron.pessoal}}
[[Categoria:Pronome (Navajo)]]</text>
<sha1>7mr3m9g3ccnymuikv4h2996bk7yrqrx</sha1>
</revision>
