<page>
<page>
<title>daar</title>
<ns>0</ns>
<id>228944</id>
<revision>
<id>2324614</id>
<parentid>2105149</parentid>
<timestamp>2017-04-30T09:21:09Z</timestamp>
<contributor>
<username>HydrizBot</username>
<id>29590</id>
</contributor>
<minor />
<comment>Robô: A limpar links interwikis antigos</comment>
<model>wikitext</model>
<format>text/x-wiki</format>
<text bytes="146" xml:space="preserve">={{-so-}}=
==Substantivo==
'''daar'''
# [[casa]] (local de moradia)
{{página-automática|Maio|2010|casa|so}}
[[Categoria:Substantivo (Somali)]]</text>
<sha1>ljfu43fuc32ytt029bcm5ec859lbtt5</sha1>
</revision>
