<page>
<page>
<title>daboécia</title>
<ns>0</ns>
<id>419623</id>
<revision>
<id>2573333</id>
<timestamp>2020-01-27T21:31:40Z</timestamp>
<contributor>
<username>Cpls</username>
<id>20608</id>
</contributor>
<comment>[[Ajuda:Guia de edição/Menus e ferramentas/Sumário de edição|→]] nova página: ={{-gl-}}= ==Substantivo== {{flex.gl|fs=daboécia|fp=daboécias}} {{proparoxítona|da|bo|é|ci|a|lang=gl}}, {...</comment>
<model>wikitext</model>
<format>text/x-wiki</format>
<text bytes="414" xml:space="preserve">={{-gl-}}=
==Substantivo==
{{flex.gl|fs=daboécia|fp=daboécias}}
{{proparoxítona|da|bo|é|ci|a|lang=gl}}, {{g|f|lang=gl}}
# {{escopo|gl|Planta}} [[urze-irlandesa#{{pt}}|urze-irlandesa]] (''[[species:Daboecia cantabrica|Daboecia cantabrica]]'')
===Sinónimos===
* Vide em [[tamborela#Galego|tamborela]]
=={{etimologia|gl}}==
: Do nome científico latino {{etimo|la|daboecia}}.
[[Categoria:Substantivo (Galego)]]</text>
<sha1>ncwg93ev0c6md3196wrq5706zcvod6c</sha1>
</revision>
