<page>
<title>Dacar</title>
<ns>0</ns>
<id>340897</id>
<revision>
<id>2267640</id>
<parentid>1964533</parentid>
<timestamp>2017-04-26T16:21:23Z</timestamp>
<contributor>
<username>HydrizBot</username>
<id>29590</id>
</contributor>
<minor />
<comment>Robô: A limpar links interwikis antigos</comment>
<model>wikitext</model>
<format>text/x-wiki</format>
<text bytes="146" xml:space="preserve">={{-pt-}}=
==Substantivo==
{{oxítona|Da|car}}
# capital do [[Senegal]]
[[Categoria:Substantivo (Português)]]
[[Categoria:Capital (Português)]]</text>
<sha1>kokxjtrb7oa5zfkenl4uxvkqddbl5pk</sha1>
</revision>
</page>
