<page>
<title>dach</title>
<ns>0</ns>
<id>30354</id>
<revision>
<id>2324616</id>
<parentid>2224557</parentid>
<timestamp>2017-04-30T09:21:15Z</timestamp>
<contributor>
<username>HydrizBot</username>
<id>29590</id>
</contributor>
<minor />
<comment>Robô: A limpar links interwikis antigos</comment>
<model>wikitext</model>
<format>text/x-wiki</format>
<text bytes="214" xml:space="preserve">={{-pl-}}=
==Substantivo==
'''dach''', {{m}}
# [[telhado]]
==={{pronúncia|pl}}===
* [[AFI]]: {{AFI|/dax/}}
* {{ouvir|Pl-dach.ogg}}
[[Categoria:Substantivo (Polonês)]]
[[Categoria:Entrada com áudio (Polonês)]]</text>
<sha1>liebr3grap0ky58yrshhmbjfsrc9h4v</sha1>
</revision>
</page>
