<page>
<title>Dachstuhl</title>
<ns>0</ns>
<id>388463</id>
<revision>
<id>2471234</id>
<timestamp>2017-12-18T05:34:35Z</timestamp>
<contributor>
<username>Spanier</username>
<id>43713</id>
</contributor>
<comment>alemão</comment>
<model>wikitext</model>
<format>text/x-wiki</format>
<text bytes="460" xml:space="preserve">={{-de-}}=
==Substantivo==
{{paroxítona|Dach|stuhl|lang=de}}, {{gramática|m}}
# {{escopo|de|arquitetura}} armação/madeiramento do telhado
===Declinação===
{{decl.de.subst.masc|gs=(e)s|ds=e|np=e|Dachst|u|hl|ü}}
=={{etimologia|de}}==
: Composição de ''[[Dach]]'' (''&quot;telhado&quot;'') + ''[[Stuhl]]'' (''&quot;cadeira&quot;'').
=={{pronúncia|de}}==
* [[AFI]]: {{AFI|/ˈdaxʃtuːl/|de}}
* {{audio|De-Dachstuhl.ogg|ouvir|lang=de}}
[[Categoria:Substantivo_(Alemão)]]</text>
<sha1>9x4nq0h2np90ksf871jp2xb88ard4v5</sha1>
</revision>
</page>
