<page>
<page>
<title>Dachs</title>
<ns>0</ns>
<id>387382</id>
<revision>
<id>2467779</id>
<timestamp>2017-12-07T10:01:11Z</timestamp>
<contributor>
<username>Spanier</username>
<id>43713</id>
</contributor>
<comment>alemão</comment>
<model>wikitext</model>
<format>text/x-wiki</format>
<text bytes="375" xml:space="preserve">={{-de-}}=
== Substantivo ==
'''Dachs''', {{gramática|m|lang=de}}
# {{escopo|de|mamífero}} [[texugo]]
=== Declinação ===
{{decl.de.subst.forte.masc.date|ns=Dachs|np=Dachse|gs=Dachses}}
=={{etimologia|de}}==
: Do [[alto alemão antigo]] ''thahs''.
=={{pronúncia|de}}==
* [[AFI]]: {{AFI|/daks/}} {{audio|De-Dachs.ogg|ouvir|lang=de}}
[[Categoria:Substantivo (Alemão)]]</text>
<sha1>8dexjfuo3hbcqr18n96x94f5wdnh3wi</sha1>
</revision>
