<page>
<title>Dach</title>
<ns>0</ns>
<id>13903</id>
<revision>
<id>2649912</id>
<parentid>2590669</parentid>
<timestamp>2021-10-08T10:28:21Z</timestamp>
<contributor>
<username>Jeuwre</username>
<id>61717</id>
</contributor>
<comment>/* {{pronúncia|de}} */ + audio</comment>
<model>wikitext</model>
<format>text/x-wiki</format>
<text bytes="1294" xml:space="preserve">={{-de-}}=
==Substantivo==
'''Dach''', {{gramática|n}}
# {{escopo|de|arquitetura}} [[telhado]]
# [[teto]]
===Declinação===
{{decl.de.subst.forte.neu.date|ns=Dach|np=Dächer|gs=Dach(e)s}}
===Verbetes derivados===
* [[Dachstuhl]]
=={{etimologia|de}}==
{{llietimo|goh|thah|de}}
=={{pronúncia|de}}==
* [[AFI]]: {{AFI|/dax/|de}}
* {{audio|De-Dach.ogg|ouvir|lang=de}}
* {{audio|De-Dach2.ogg|ouvir|lang=de}}
[[Categoria:Substantivo (Alemão)]]
[[Categoria:Monossílabo (Alemão)]]
={{-hrx-}}=
==Substantivo==
'''Dach''' (plural: [[Decher]]) (''diminutivo: '''[[Dechelche]]''''')
# [[telhado]]
===Declinação===
{| class=&quot;wikitable&quot; style=&quot;text-align: center;&quot;
|- style=&quot;background:#efefef;&quot;€
|-----
! [[nominativo|Nominativo]]
! [[acusativo|Acusativo]]
! [[dativo|Dativo]]
|-----
|[[där]] [[Dach]] (Enfático)&lt;br&gt; [[de]] [[Dach]] (Não-Enfático)
|[[där]] [[Dach]] (Enfático)&lt;br&gt;[[de]] [[Dach]] (Não-Enfático)
|[[dem]] [[Dach]] (Enfático)&lt;br&gt;[[dem]] [[Dach]] (Não-Enfático)
|}
=={{pronúncia|hrx}}==
* [[AFI]]: {{AFI|/tax/|hrx}}
==Referências==
{{verTambém.Ini}}
* https://hunsriqueanoriograndense.wordpress.com/dicionario-werterbuch/
* https://hunsriqueanoriograndense.wordpress.com/tabelas-tabelle/
{{verTambém.Fim}}
[[Categoria:Substantivo (Hunsriqueano Riograndense)]]</text>
<sha1>k94u2u98pbc3aaiqd75p9tbg49xfvyq</sha1>
</revision>
</page>
