<page>
<title>dactilografar</title>
<ns>0</ns>
<id>41824</id>
<revision>
<id>2324625</id>
<parentid>1232278</parentid>
<timestamp>2017-04-30T09:21:33Z</timestamp>
<contributor>
<username>HydrizBot</username>
<id>29590</id>
</contributor>
<minor />
<comment>Robô: A limpar links interwikis antigos</comment>
<model>wikitext</model>
<format>text/x-wiki</format>
<text bytes="322" xml:space="preserve">={{-pt-}}=
==Verbo==
{{oxítona|dac|ti|lo|gra|far}}, ''transitivo''
# [[fazer]] [[dactilografia]], [[escrever]] à [[máquina]]
===Variantes===
* No Brasil, segundo o Prontuário da ABL, é também utilizável a variante '''datilografar'''.
===Conjugação===
{{conj/pt|dactilograf|ar}}
[[Categoria:Verbo (Português)]]</text>
<sha1>dk98560rr5lg5evjhohgffji3phwo54</sha1>
</revision>
</page>
