<page>
<page>
<title>dactilografámos</title>
<ns>0</ns>
<id>164908</id>
<revision>
<id>2580602</id>
<parentid>2324662</parentid>
<timestamp>2020-03-05T14:39:57Z</timestamp>
<contributor>
<username>ValJor</username>
<id>1358</id>
</contributor>
<comment>Acrescentando a predefinição avi-for-fle</comment>
<model>wikitext</model>
<format>text/x-wiki</format>
<text bytes="283" xml:space="preserve">={{-pt-}}=
==Forma verbal==
{{paroxítona|dac|ti|lo|gra|fá|mos}}
# {{escopo2|grafia lusitana}} primeira pessoa do plural do pretérito perfeito do indicativo do verbo [[dactilografar]]
{{avi-for-fle|dactilografar}}
[[Categoria:Forma verbal (Português)]]
[[Categoria:Lusitanismo]]</text>
<sha1>nwhab6mpce2m3p2mlro2cfoj4it5abr</sha1>
</revision>
