<page>
<page>
<title>dactilografamos</title>
<ns>0</ns>
<id>157734</id>
<revision>
<id>2506591</id>
<parentid>2324623</parentid>
<timestamp>2018-06-13T14:02:17Z</timestamp>
<contributor>
<username>ValJor</username>
<id>1358</id>
</contributor>
<comment>Acrescentando a predefinição avi-for-fle</comment>
<model>wikitext</model>
<format>text/x-wiki</format>
<text bytes="349" xml:space="preserve">={{-pt-}}=
==Forma verbal==
{{paroxítona|dac|ti|lo|gra|fa|mos}}
# primeira pessoa do plural do presente do modo indicativo do verbo [[dactilografar]]
# {{escopo2|grafia brasileira}} primeira pessoa do plural do pretérito perfeito do modo indicativo do verbo [[dactilografar]]
{{avi-for-fle|dactilografar}}
[[Categoria:Forma verbal (Português)]]</text>
<sha1>cj7oyjznja92doyty2dbtb7qwlgmm9m</sha1>
</revision>
