<page>
<page>
<title>dactiloscopia</title>
<ns>0</ns>
<id>276564</id>
<revision>
<id>2324670</id>
<parentid>2053929</parentid>
<timestamp>2017-04-30T09:22:52Z</timestamp>
<contributor>
<username>HydrizBot</username>
<id>29590</id>
</contributor>
<minor />
<comment>Robô: A limpar links interwikis antigos</comment>
<model>wikitext</model>
<format>text/x-wiki</format>
<text bytes="920" xml:space="preserve">={{-pt-}}=
==Substantivo==
{{paroxítona|dac|ti|los|co|pi|a}}, {{f}} '''&lt;small&gt;(Vocábulo com dupla grafia: [[datiloscopia]])&lt;/small&gt;'''
# [[exame]] ou [[estudo]] dos [[dedo]]s, nomeadamente das [[impressão digital|impressões digitais]]
# [[sistema]] de [[identificação]] [[humano|humana]], por meio das impressões digitais
# o mesmo que [[dactilomancia]]
===Tradução===
{{tradini}}
* {{t|de|Fingerabdruckerkennung|f}}
{{tradmeio}}
* {{trad|en|dactyloscopy}}
{{tradfim}}
=={{etimologia|pt}}==
: {{escopo|Morfologia}} [[dactilo-]] ([[dedo]]) + [[-scop-]] ([[ver]]) + [[-ia]] ([[ciência]], [[atividade]]).
=={{pronúncia|pt}}==
===Brasil===
====Carioca====
* [[AFI]]: {{AFI|/da.ʧi.loʃ.ko.ˈpi.ɐ/}}, {{AFI|/da.ʧi.los.ko.ˈpi.ɐ/}} (menos comum)
* [[X-SAMPA]]: /da.tSi.loS.ko.pi.6/, /da.tSi.los.ko.pi.6/ (menos comum)
[[Categoria:Substantivo (Português)]]
[[Categoria:Entrada com dupla grafia (Português)]]</text>
<sha1>6ygzxhwo1cr9yjicsg0oehjug779sns</sha1>
</revision>
