<page>
<page>
<title>dactilografou</title>
<ns>0</ns>
<id>173599</id>
<revision>
<id>2324661</id>
<parentid>1132246</parentid>
<timestamp>2017-04-30T09:22:36Z</timestamp>
<contributor>
<username>HydrizBot</username>
<id>29590</id>
</contributor>
<minor />
<comment>Robô: A limpar links interwikis antigos</comment>
<model>wikitext</model>
<format>text/x-wiki</format>
<text bytes="207" xml:space="preserve">={{-pt-}}=
==Forma verbal==
'''dactilografou'''
#[[terceira pessoa]] do [[singular]] do [[pretérito perfeito]] do [[modo indicativo]] do verbo '''[[dactilografar]]'''
[[Categoria:Forma verbal (Português)]]</text>
<sha1>cehzg3a65d85iqgffjihvvmmrhihb9u</sha1>
</revision>
