<page>
<page>
<title>dactilografardes</title>
<ns>0</ns>
<id>210519</id>
<revision>
<id>2324629</id>
<parentid>1132215</parentid>
<timestamp>2017-04-30T09:21:40Z</timestamp>
<contributor>
<username>HydrizBot</username>
<id>29590</id>
</contributor>
<minor />
<comment>Robô: A limpar links interwikis antigos</comment>
<model>wikitext</model>
<format>text/x-wiki</format>
<text bytes="288" xml:space="preserve">={{-pt-}}=
==Forma verbal==
'''dactilografardes'''
#[[segunda pessoa]] do [[plural]] do [[futuro]] do [[modo subjuntivo]] do verbo '''[[dactilografar]]'''
#[[infinitivo pessoal]] da [[segunda pessoa]] do [[plural]] do verbo '''[[dactilografar]]'''
[[Categoria:Forma verbal (Português)]]</text>
<sha1>fzibht052wweqdm2pappwz7ju9fdmnr</sha1>
</revision>
