<page>
<title>dactylus</title>
<ns>0</ns>
<id>79282</id>
<revision>
<id>2324672</id>
<parentid>2245193</parentid>
<timestamp>2017-04-30T09:22:56Z</timestamp>
<contributor>
<username>HydrizBot</username>
<id>29590</id>
</contributor>
<minor />
<comment>Robô: A limpar links interwikis antigos</comment>
<model>wikitext</model>
<format>text/x-wiki</format>
<text bytes="494" xml:space="preserve">={{-la-}}=
==Substantivo==
'''dactylus, i'''
# [[tâmara]]
# {{escopo|Gramática}} [[dátilo]], [[unidade]] [[métrica]] do [[verso]] [[latino]], composta de uma [[sílaba]] [[longa]] e duas [[breve]]s
#: Ex.: '''[[corpus|co͞rpŏră]]'''
==Ver também==
===No Wikcionário===
Outras unidades métricas:
{{verTambém.Ini}}
* [[spondeus]]
{{verTambém.NovaColuna}}
* [[troqueus]]
{{verTambém.Fim}}
[[Categoria:Substantivo (Latim)]]
[[Categoria:Fruta (Latim)]]
[[Categoria:Gramática (Latim)]]</text>
<sha1>9b8vjb7liabx0udunt9qj84hsb4aun5</sha1>
</revision>
</page>
