<page>
<title>dactilografia</title>
<ns>0</ns>
<id>41827</id>
<revision>
<id>2588809</id>
<parentid>2324659</parentid>
<timestamp>2020-05-25T12:09:51Z</timestamp>
<contributor>
<username>ValJor</username>
<id>1358</id>
</contributor>
<comment>Verbete [[:Categoria:!Página com idioma não informado em Predefinição:etimologia|sem indicação do idioma na seção de etimologia]]</comment>
<model>wikitext</model>
<format>text/x-wiki</format>
<text bytes="614" xml:space="preserve">{{Wikipédia|lang=pt|datilografia}}
={{-pt-}}=
==Substantivo==
{{paroxítona|dac|ti|lo|gra|fi|a}}, {{gramática|f}}
# [[arte]] do [[dactilógrafo]]: [[escrita]] à [[máquina]]
==={{-varort-}}===
* No Brasil, segundo o Prontuário da ABL, coexiste a variante [[datilografia]].
===Tradução===
{{tradini}}
* {{trad|es|dactilografía}}
{{tradmeio}}
* {{trad|fr|dactylographie}}
{{tradfim}}
=={{etimologia|pt}}==
: {{escopo|Morfologia}} [[dactilo-]] + [[-grafia]].
==Ligações externas==
* {{Aulete}}
* {{DicioAberto}}
* {{DPLP}}
* {{Infopédia}}
* {{PLP}}
* {{VOLPABL}}
[[Categoria:Substantivo (Português)]]</text>
<sha1>djxh5mt5v8j6ki3vf3o0pdbp5fa4ps5</sha1>
</revision>
</page>
