<page>
<title>dactilografaras</title>
<ns>0</ns>
<id>179196</id>
<revision>
<id>2324628</id>
<parentid>1132214</parentid>
<timestamp>2017-04-30T09:21:38Z</timestamp>
<contributor>
<username>HydrizBot</username>
<id>29590</id>
</contributor>
<minor />
<comment>Robô: A limpar links interwikis antigos</comment>
<model>wikitext</model>
<format>text/x-wiki</format>
<text bytes="195" xml:space="preserve">={{-pt-}}=
==Forma verbal==
'''dactilografaras'''
#[[segunda pessoa]] do [[singular]] do [[pretérito mais-que-perfeito]] do verbo '''[[dactilografar]]'''
[[Categoria:Forma verbal (Português)]]</text>
<sha1>0nxpkm3zy3keigaackrcnawd8mdyuk3</sha1>
</revision>
</page>
