<page>
<title>dactilografarmos</title>
<ns>0</ns>
<id>209054</id>
<revision>
<id>2324638</id>
<parentid>1132224</parentid>
<timestamp>2017-04-30T09:21:56Z</timestamp>
<contributor>
<username>HydrizBot</username>
<id>29590</id>
</contributor>
<minor />
<comment>Robô: A limpar links interwikis antigos</comment>
<model>wikitext</model>
<format>text/x-wiki</format>
<text bytes="290" xml:space="preserve">={{-pt-}}=
==Forma verbal==
'''dactilografarmos'''
#[[primeira pessoa]] do [[plural]] do [[futuro]] do [[modo subjuntivo]] do verbo '''[[dactilografar]]'''
#[[infinitivo pessoal]] da [[primeira pessoa]] do [[plural]] do verbo '''[[dactilografar]]'''
[[Categoria:Forma verbal (Português)]]</text>
<sha1>kc9bz2euzouv1yyrtd2p6e6l6y6jymd</sha1>
</revision>
</page>
