<page>
<title>dactilografarás</title>
<ns>0</ns>
<id>185416</id>
<revision>
<id>2324640</id>
<parentid>2033949</parentid>
<timestamp>2017-04-30T09:21:58Z</timestamp>
<contributor>
<username>HydrizBot</username>
<id>29590</id>
</contributor>
<minor />
<comment>Robô: A limpar links interwikis antigos</comment>
<model>wikitext</model>
<format>text/x-wiki</format>
<text bytes="212" xml:space="preserve">={{-pt-}}=
==Forma verbal==
{{oxítona|dac|ti|lo|gra|fa|rás}}
# segunda pessoa do singular do futuro do presente do verbo [[dactilografar]]
{{avi-for-fle|dactilografar}}
[[Categoria:Forma verbal (Português)]]</text>
<sha1>42mihupt3njcl9wjc28t11k1slisn31</sha1>
</revision>
</page>
