<page>
<page>
<title>dactilografaria</title>
<ns>0</ns>
<id>192248</id>
<revision>
<id>2324635</id>
<parentid>1132221</parentid>
<timestamp>2017-04-30T09:21:51Z</timestamp>
<contributor>
<username>HydrizBot</username>
<id>29590</id>
</contributor>
<minor />
<comment>Robô: A limpar links interwikis antigos</comment>
<model>wikitext</model>
<format>text/x-wiki</format>
<text bytes="219" xml:space="preserve">={{-pt-}}=
==Forma verbal==
'''dactilografaria'''
#[[primeira pessoa|primeira]] e [[terceira pessoa]] do [[singular]] do [[futuro do pretérito]] do verbo '''[[dactilografar]]'''
[[Categoria:Forma verbal (Português)]]</text>
<sha1>tusq6php4h6jm38bc1nwptzupccu66h</sha1>
</revision>
