<page>
<page>
<title>dactilografemos</title>
<ns>0</ns>
<id>214644</id>
<revision>
<id>2324657</id>
<parentid>1132243</parentid>
<timestamp>2017-04-30T09:22:29Z</timestamp>
<contributor>
<username>HydrizBot</username>
<id>29590</id>
</contributor>
<minor />
<comment>Robô: A limpar links interwikis antigos</comment>
<model>wikitext</model>
<format>text/x-wiki</format>
<text bytes="397" xml:space="preserve">={{-pt-}}=
==Forma verbal==
'''dactilografemos'''
#[[primeira pessoa]] do [[plural]] do [[presente]] do [[modo subjuntivo]] do verbo '''[[dactilografar]]'''
#[[primeira pessoa]] do [[plural]] do [[imperativo]] [[afirmativo]] do verbo '''[[dactilografar]]'''
#[[primeira pessoa]] do [[plural]] do [[imperativo]] [[negativo]] do verbo '''[[dactilografar]]'''
[[Categoria:Forma verbal (Português)]]</text>
<sha1>l1wrcdz42nd0hhbjzmkdxw5s7fhix09</sha1>
</revision>
