<page>
<title>dactilografáramos</title>
<ns>0</ns>
<id>180690</id>
<revision>
<id>2324663</id>
<parentid>1132248</parentid>
<timestamp>2017-04-30T09:22:39Z</timestamp>
<contributor>
<username>HydrizBot</username>
<id>29590</id>
</contributor>
<minor />
<comment>Robô: A limpar links interwikis antigos</comment>
<model>wikitext</model>
<format>text/x-wiki</format>
<text bytes="197" xml:space="preserve">={{-pt-}}=
==Forma verbal==
'''dactilografáramos'''
#[[primeira pessoa]] do [[plural]] do [[pretérito mais-que-perfeito]] do verbo '''[[dactilografar]]'''
[[Categoria:Forma verbal (Português)]]</text>
<sha1>1nsrkid3lgrgbqjxr6emoat6hf2q2zt</sha1>
</revision>
</page>
