<page>
<title>dactilografassem</title>
<ns>0</ns>
<id>203224</id>
<revision>
<id>2324646</id>
<parentid>1998495</parentid>
<timestamp>2017-04-30T09:22:09Z</timestamp>
<contributor>
<username>HydrizBot</username>
<id>29590</id>
</contributor>
<minor />
<comment>Robô: A limpar links interwikis antigos</comment>
<model>wikitext</model>
<format>text/x-wiki</format>
<text bytes="236" xml:space="preserve">={{-pt-}}=
==Forma verbal==
{{paroxítona|dac|ti|lo|gra|fas|sem}}
# terceira pessoa do plural do pretérito imperfeito do modo subjuntivo do verbo [[dactilografar]]
{{avi-for-fle|dactilografar}}
[[Categoria:Forma verbal (Português)]]</text>
<sha1>68m022ppjlfy7iu4w2mv78qpl80dxdy</sha1>
</revision>
</page>
