<page>
<title>dactilografásseis</title>
<ns>0</ns>
<id>201865</id>
<revision>
<id>2324665</id>
<parentid>1132250</parentid>
<timestamp>2017-04-30T09:22:43Z</timestamp>
<contributor>
<username>HydrizBot</username>
<id>29590</id>
</contributor>
<minor />
<comment>Robô: A limpar links interwikis antigos</comment>
<model>wikitext</model>
<format>text/x-wiki</format>
<text bytes="212" xml:space="preserve">={{-pt-}}=
==Forma verbal==
'''dactilografásseis'''
#[[segunda pessoa]] do [[plural]] do [[pretérito imperfeito]] do [[modo subjuntivo]] do verbo '''[[dactilografar]]'''
[[Categoria:Forma verbal (Português)]]</text>
<sha1>fhx89q72tckxy6ognyltld3zarf1qal</sha1>
</revision>
</page>
