<page>
<title>dactilografávamos</title>
<ns>0</ns>
<id>163475</id>
<revision>
<id>2324667</id>
<parentid>1132252</parentid>
<timestamp>2017-04-30T09:22:46Z</timestamp>
<contributor>
<username>HydrizBot</username>
<id>29590</id>
</contributor>
<minor />
<comment>Robô: A limpar links interwikis antigos</comment>
<model>wikitext</model>
<format>text/x-wiki</format>
<text bytes="212" xml:space="preserve">={{-pt-}}=
==Forma verbal==
'''dactilografávamos'''
#[[primeira pessoa]] do [[plural]] do [[pretérito imperfeito]] do [[modo indicativo]] do verbo '''[[dactilografar]]'''
[[Categoria:Forma verbal (Português)]]</text>
<sha1>k6ejiw6lvwyym9448x2q8hdzsbll73e</sha1>
</revision>
</page>
