<page>
<title>dactilografais</title>
<ns>0</ns>
<id>159151</id>
<revision>
<id>2324621</id>
<parentid>1132208</parentid>
<timestamp>2017-04-30T09:21:26Z</timestamp>
<contributor>
<username>HydrizBot</username>
<id>29590</id>
</contributor>
<minor />
<comment>Robô: A limpar links interwikis antigos</comment>
<model>wikitext</model>
<format>text/x-wiki</format>
<text bytes="194" xml:space="preserve">={{-pt-}}=
==Forma verbal==
'''dactilografais'''
#[[segunda pessoa]] do [[plural]] do [[presente]] do [[modo indicativo]] do verbo '''[[dactilografar]]'''
[[Categoria:Forma verbal (Português)]]</text>
<sha1>f0id92dnkzr3jq8s8f6qrnz4irmcpwz</sha1>
</revision>
</page>
