<page>
<title>dactilografarei</title>
<ns>0</ns>
<id>183871</id>
<revision>
<id>2324630</id>
<parentid>1132216</parentid>
<timestamp>2017-04-30T09:21:42Z</timestamp>
<contributor>
<username>HydrizBot</username>
<id>29590</id>
</contributor>
<minor />
<comment>Robô: A limpar links interwikis antigos</comment>
<model>wikitext</model>
<format>text/x-wiki</format>
<text bytes="186" xml:space="preserve">={{-pt-}}=
==Forma verbal==
'''dactilografarei'''
#[[primeira pessoa]] do [[singular]] do [[futuro do presente]] do verbo '''[[dactilografar]]'''
[[Categoria:Forma verbal (Português)]]</text>
<sha1>sduf1o5cyo69dmcfeyt6vspc8i68jlk</sha1>
</revision>
</page>
