<page>
<title>dactilografáreis</title>
<ns>0</ns>
<id>182395</id>
<revision>
<id>2324664</id>
<parentid>1132249</parentid>
<timestamp>2017-04-30T09:22:41Z</timestamp>
<contributor>
<username>HydrizBot</username>
<id>29590</id>
</contributor>
<minor />
<comment>Robô: A limpar links interwikis antigos</comment>
<model>wikitext</model>
<format>text/x-wiki</format>
<text bytes="195" xml:space="preserve">={{-pt-}}=
==Forma verbal==
'''dactilografáreis'''
#[[segunda pessoa]] do [[plural]] do [[pretérito mais-que-perfeito]] do verbo '''[[dactilografar]]'''
[[Categoria:Forma verbal (Português)]]</text>
<sha1>mhoigmub13d0tcvpp68okq7eugh6v9h</sha1>
</revision>
</page>
