<page>
<title>dactilografes</title>
<ns>0</ns>
<id>219017</id>
<revision>
<id>2324658</id>
<parentid>1132244</parentid>
<timestamp>2017-04-30T09:22:30Z</timestamp>
<contributor>
<username>HydrizBot</username>
<id>29590</id>
</contributor>
<minor />
<comment>Robô: A limpar links interwikis antigos</comment>
<model>wikitext</model>
<format>text/x-wiki</format>
<text bytes="296" xml:space="preserve">={{-pt-}}=
==Forma verbal==
'''dactilografes'''
#[[segunda pessoa]] do [[singular]] do [[presente]] do [[modo subjuntivo]] do verbo '''[[dactilografar]]'''
#[[segunda pessoa]] do [[singular]] do [[imperativo]] [[negativo]] do verbo '''[[dactilografar]]'''
[[Categoria:Forma verbal (Português)]]</text>
<sha1>5t2ojfvnzbvha9buvv39sktomjx543s</sha1>
</revision>
</page>
