<page>
<page>
<title>dactilografássemos</title>
<ns>0</ns>
<id>199023</id>
<revision>
<id>2324666</id>
<parentid>1132251</parentid>
<timestamp>2017-04-30T09:22:44Z</timestamp>
<contributor>
<username>HydrizBot</username>
<id>29590</id>
</contributor>
<minor />
<comment>Robô: A limpar links interwikis antigos</comment>
<model>wikitext</model>
<format>text/x-wiki</format>
<text bytes="214" xml:space="preserve">={{-pt-}}=
==Forma verbal==
'''dactilografássemos'''
#[[primeira pessoa]] do [[plural]] do [[pretérito imperfeito]] do [[modo subjuntivo]] do verbo '''[[dactilografar]]'''
[[Categoria:Forma verbal (Português)]]</text>
<sha1>2j65ncm26wb15pyu0fa2blgqxper58y</sha1>
</revision>
