<page>
<page>
<title>dactilografo</title>
<ns>0</ns>
<id>152984</id>
<revision>
<id>2324660</id>
<parentid>1132245</parentid>
<timestamp>2017-04-30T09:22:34Z</timestamp>
<contributor>
<username>HydrizBot</username>
<id>29590</id>
</contributor>
<minor />
<comment>Robô: A limpar links interwikis antigos</comment>
<model>wikitext</model>
<format>text/x-wiki</format>
<text bytes="192" xml:space="preserve">={{-pt-}}=
==Forma verbal==
'''dactilografo'''
#[[primeira]] [[pessoa]] do [[singular]] do [[presente]] [[indicativo]] do verbo '''[[dactilografar]]'''
[[Categoria:Forma verbal (Português)]]</text>
<sha1>qk9llwqkjgf2yzfzsl5cwxgw0nrsx7e</sha1>
</revision>
