<page>
<page>
<title>dactilografe</title>
<ns>0</ns>
<id>213372</id>
<revision>
<id>2324653</id>
<parentid>1132239</parentid>
<timestamp>2017-04-30T09:22:21Z</timestamp>
<contributor>
<username>HydrizBot</username>
<id>29590</id>
</contributor>
<minor />
<comment>Robô: A limpar links interwikis antigos</comment>
<model>wikitext</model>
<format>text/x-wiki</format>
<text bytes="431" xml:space="preserve">={{-pt-}}=
==Forma verbal==
'''dactilografe'''
#[[primeira pessoa|primeira]] e [[terceira pessoa]] do [[singular]] do [[presente]] do [[modo subjuntivo]] do verbo '''[[dactilografar]]'''
#[[terceira pessoa]] do [[singular]] do [[imperativo]] [[afirmativo]] do verbo '''[[dactilografar]]'''
#[[terceira pessoa]] do [[singular]] do [[imperativo]] [[negativo]] do verbo '''[[dactilografar]]'''
[[Categoria:Forma verbal (Português)]]</text>
<sha1>i2lq44z64qke54b1omr4q7keyp3n7dp</sha1>
</revision>
