<page>
<title>dactilografastes</title>
<ns>0</ns>
<id>174892</id>
<revision>
<id>2324649</id>
<parentid>1132235</parentid>
<timestamp>2017-04-30T09:22:14Z</timestamp>
<contributor>
<username>HydrizBot</username>
<id>29590</id>
</contributor>
<minor />
<comment>Robô: A limpar links interwikis antigos</comment>
<model>wikitext</model>
<format>text/x-wiki</format>
<text bytes="207" xml:space="preserve">={{-pt-}}=
==Forma verbal==
'''dactilografastes'''
#[[segunda pessoa]] do [[plural]] do [[pretérito perfeito]] do [[modo indicativo]] do verbo '''[[dactilografar]]'''
[[Categoria:Forma verbal (Português)]]</text>
<sha1>pvjzi2lq96pkzr5lxf6obywlrkuc6nd</sha1>
</revision>
</page>
