<page>
<title>dactilografem</title>
<ns>0</ns>
<id>216247</id>
<revision>
<id>2324656</id>
<parentid>1132242</parentid>
<timestamp>2017-04-30T09:22:27Z</timestamp>
<contributor>
<username>HydrizBot</username>
<id>29590</id>
</contributor>
<minor />
<comment>Robô: A limpar links interwikis antigos</comment>
<model>wikitext</model>
<format>text/x-wiki</format>
<text bytes="395" xml:space="preserve">={{-pt-}}=
==Forma verbal==
'''dactilografem'''
#[[terceira pessoa]] do [[plural]] do [[presente]] do [[modo subjuntivo]] do verbo '''[[dactilografar]]'''
#[[terceira pessoa]] do [[plural]] do [[imperativo]] [[afirmativo]] do verbo '''[[dactilografar]]'''
#[[terceira pessoa]] do [[plural]] do [[imperativo]] [[negativo]] do verbo '''[[dactilografar]]'''
[[Categoria:Forma verbal (Português)]]</text>
<sha1>8pug9qgyreb7kq0xh4g3x99kycxt14t</sha1>
</revision>
</page>
