<page>
<page>
<title>dactilografarias</title>
<ns>0</ns>
<id>200531</id>
<revision>
<id>2324637</id>
<parentid>1132223</parentid>
<timestamp>2017-04-30T09:21:54Z</timestamp>
<contributor>
<username>HydrizBot</username>
<id>29590</id>
</contributor>
<minor />
<comment>Robô: A limpar links interwikis antigos</comment>
<model>wikitext</model>
<format>text/x-wiki</format>
<text bytes="188" xml:space="preserve">={{-pt-}}=
==Forma verbal==
'''dactilografarias'''
#[[segunda pessoa]] do [[singular]] do [[futuro do pretérito]] do verbo '''[[dactilografar]]'''
[[Categoria:Forma verbal (Português)]]</text>
<sha1>ijtbaz5hq5bh9m1yedy7u30cwwndmb6</sha1>
</revision>
