<page>
<page>
<title>dactilografará</title>
<ns>0</ns>
<id>186810</id>
<revision>
<id>2324639</id>
<parentid>2033944</parentid>
<timestamp>2017-04-30T09:21:57Z</timestamp>
<contributor>
<username>HydrizBot</username>
<id>29590</id>
</contributor>
<minor />
<comment>Robô: A limpar links interwikis antigos</comment>
<model>wikitext</model>
<format>text/x-wiki</format>
<text bytes="212" xml:space="preserve">={{-pt-}}=
==Forma verbal==
{{oxítona|dac|ti|lo|gra|fa|rá}}
# terceira pessoa do singular do futuro do presente do verbo [[dactilografar]]
{{avi-for-fle|dactilografar}}
[[Categoria:Forma verbal (Português)]]</text>
<sha1>e3c7lonufq2j8oxbvu5goyd76rgoh0t</sha1>
</revision>
