<page>
<title>dactilografara</title>
<ns>0</ns>
<id>177702</id>
<revision>
<id>2324626</id>
<parentid>1132212</parentid>
<timestamp>2017-04-30T09:21:35Z</timestamp>
<contributor>
<username>HydrizBot</username>
<id>29590</id>
</contributor>
<minor />
<comment>Robô: A limpar links interwikis antigos</comment>
<model>wikitext</model>
<format>text/x-wiki</format>
<text bytes="243" xml:space="preserve">={{-pt-}}=
==Forma verbal==
'''dactilografara'''
#[[primeira pessoa|primeira]] e [[terceira pessoa|terceira pessoas]] do [[singular]] do [[pretérito mais-que-perfeito]] do verbo '''[[dactilografar]]'''
[[Categoria:Forma verbal (Português)]]</text>
<sha1>n1ei34lbaokvhj2yahodul4oez7z3hu</sha1>
</revision>
</page>
