<page>
<title>dactilografaríeis</title>
<ns>0</ns>
<id>194905</id>
<revision>
<id>2324643</id>
<parentid>2033956</parentid>
<timestamp>2017-04-30T09:22:04Z</timestamp>
<contributor>
<username>HydrizBot</username>
<id>29590</id>
</contributor>
<minor />
<comment>Robô: A limpar links interwikis antigos</comment>
<model>wikitext</model>
<format>text/x-wiki</format>
<text bytes="218" xml:space="preserve">={{-pt-}}=
==Forma verbal==
{{paroxítona|dac|ti|lo|gra|fa|rí|eis}}
# segunda pessoa do plural do futuro do pretérito do verbo [[dactilografar]]
{{avi-for-fle|dactilografar}}
[[Categoria:Forma verbal (Português)]]</text>
<sha1>nuo6it6kzzlu2oie1s5m84e6rua6ps1</sha1>
</revision>
</page>
