<page>
<page>
<title>dactilografasses</title>
<ns>0</ns>
<id>197553</id>
<revision>
<id>2324647</id>
<parentid>1998501</parentid>
<timestamp>2017-04-30T09:22:11Z</timestamp>
<contributor>
<username>HydrizBot</username>
<id>29590</id>
</contributor>
<minor />
<comment>Robô: A limpar links interwikis antigos</comment>
<model>wikitext</model>
<format>text/x-wiki</format>
<text bytes="237" xml:space="preserve">={{-pt-}}=
==Forma verbal==
{{paroxítona|dac|ti|lo|gra|fas|ses}}
# segunda pessoa do singular do pretérito imperfeito do modo subjuntivo do verbo [[dactilografar]]
{{avi-for-fle|dactilografar}}
[[Categoria:Forma verbal (Português)]]</text>
<sha1>23uy7p8rbahzy2xemnvdjp7z12tg0q8</sha1>
</revision>
