<page>
<page>
<title>dactilografai</title>
<ns>0</ns>
<id>220495</id>
<revision>
<id>2324620</id>
<parentid>1132207</parentid>
<timestamp>2017-04-30T09:21:24Z</timestamp>
<contributor>
<username>HydrizBot</username>
<id>29590</id>
</contributor>
<minor />
<comment>Robô: A limpar links interwikis antigos</comment>
<model>wikitext</model>
<format>text/x-wiki</format>
<text bytes="188" xml:space="preserve">={{-pt-}}=
==Forma verbal==
'''dactilografai'''
#[[segunda pessoa]] do [[plural]] do [[imperativo]] [[afirmativo]] do verbo '''[[dactilografar]]'''
[[Categoria:Forma verbal (Português)]]</text>
<sha1>bxg8ur2as1d780xx7f0lgrfh396xf4g</sha1>
</revision>
