<page>
<page>
<title>dactilografaste</title>
<ns>0</ns>
<id>172226</id>
<revision>
<id>2324648</id>
<parentid>1132234</parentid>
<timestamp>2017-04-30T09:22:13Z</timestamp>
<contributor>
<username>HydrizBot</username>
<id>29590</id>
</contributor>
<minor />
<comment>Robô: A limpar links interwikis antigos</comment>
<model>wikitext</model>
<format>text/x-wiki</format>
<text bytes="208" xml:space="preserve">={{-pt-}}=
==Forma verbal==
'''dactilografaste'''
#[[segunda pessoa]] do [[singular]] do [[pretérito perfeito]] do [[modo indicativo]] do verbo '''[[dactilografar]]'''
[[Categoria:Forma verbal (Português)]]</text>
<sha1>342x54jpgnlop4xopxe63in724s38lh</sha1>
</revision>
