<page>
<page>
<title>dactilografeis</title>
<ns>0</ns>
<id>217595</id>
<revision>
<id>2324655</id>
<parentid>1132241</parentid>
<timestamp>2017-04-30T09:22:25Z</timestamp>
<contributor>
<username>HydrizBot</username>
<id>29590</id>
</contributor>
<minor />
<comment>Robô: A limpar links interwikis antigos</comment>
<model>wikitext</model>
<format>text/x-wiki</format>
<text bytes="293" xml:space="preserve">={{-pt-}}=
==Forma verbal==
'''dactilografeis'''
#[[segunda pessoa]] do [[plural]] do [[presente]] do [[modo subjuntivo]] do verbo '''[[dactilografar]]'''
#[[segunda pessoa]] do [[plural]] do [[imperativo]] [[negativo]] do verbo '''[[dactilografar]]'''
[[Categoria:Forma verbal (Português)]]</text>
<sha1>ieagsuvpdgkqga8i0jhn0031e9htyal</sha1>
</revision>
