<page>
<title>dactilografariam</title>
<ns>0</ns>
<id>196241</id>
<revision>
<id>2324636</id>
<parentid>1132222</parentid>
<timestamp>2017-04-30T09:21:52Z</timestamp>
<contributor>
<username>HydrizBot</username>
<id>29590</id>
</contributor>
<minor />
<comment>Robô: A limpar links interwikis antigos</comment>
<model>wikitext</model>
<format>text/x-wiki</format>
<text bytes="187" xml:space="preserve">={{-pt-}}=
==Forma verbal==
'''dactilografariam'''
#[[terceira pessoa]] do [[plural]] do [[futuro do pretérito]] do verbo '''[[dactilografar]]'''
[[Categoria:Forma verbal (Português)]]</text>
<sha1>nq8vy3x26wo50007exbz2nek0n4aiu2</sha1>
</revision>
</page>
