<page>
<page>
<title>dactilografavam</title>
<ns>0</ns>
<id>169352</id>
<revision>
<id>2324651</id>
<parentid>1132237</parentid>
<timestamp>2017-04-30T09:22:17Z</timestamp>
<contributor>
<username>HydrizBot</username>
<id>29590</id>
</contributor>
<minor />
<comment>Robô: A limpar links interwikis antigos</comment>
<model>wikitext</model>
<format>text/x-wiki</format>
<text bytes="209" xml:space="preserve">={{-pt-}}=
==Forma verbal==
'''dactilografavam'''
#[[terceira pessoa]] do [[plural]] do [[pretérito imperfeito]] do [[modo indicativo]] do verbo '''[[dactilografar]]'''
[[Categoria:Forma verbal (Português)]]</text>
<sha1>ghf1tatr3x4l5l7oc5h6s11ovugq0d2</sha1>
</revision>
