<page>
<title>dactilografareis</title>
<ns>0</ns>
<id>189589</id>
<revision>
<id>2324631</id>
<parentid>1132217</parentid>
<timestamp>2017-04-30T09:21:43Z</timestamp>
<contributor>
<username>HydrizBot</username>
<id>29590</id>
</contributor>
<minor />
<comment>Robô: A limpar links interwikis antigos</comment>
<model>wikitext</model>
<format>text/x-wiki</format>
<text bytes="184" xml:space="preserve">={{-pt-}}=
==Forma verbal==
'''dactilografareis'''
#[[segunda pessoa]] do [[plural]] do [[futuro do presente]] do verbo '''[[dactilografar]]'''
[[Categoria:Forma verbal (Português)]]</text>
<sha1>bod36vt9zf7suvbyjp90esj9qbdxcvf</sha1>
</revision>
</page>
