<page>
<page>
<title>dad</title>
<ns>0</ns>
<id>239849</id>
<revision>
<id>2551044</id>
<parentid>2324673</parentid>
<timestamp>2019-08-08T23:50:10Z</timestamp>
<contributor>
<username>Qabbin</username>
<id>72262</id>
</contributor>
<model>wikitext</model>
<format>text/x-wiki</format>
<text bytes="460" xml:space="preserve">={{-agx-}}=
==Substantivo==
'''dad'''
# [[pai]]
==Ver também==
===No Wikcionário===
{{verTambém.Ini}}
* [[baw]]
{{verTambém.NovaColuna}}
* [[balž]]
{{verTambém.Fim}}
[[Categoria:Substantivo (Aghul)]]
[[Categoria:Família (Aghul)]]
={{-ku-}}=
==Substantivo==
'''dad'''
# [[lei]]
[[Categoria:Substantivo (Curdo)]]
={{-en-}}=
==Substantivo==
'''dad'''
# {{escopo|Coloquial}} [[pai]]
[[Categoria:Família (Inglês)]]
[[Categoria:Substantivo (Inglês)]]</text>
<sha1>lc7c1962tzzekya8zwfnfisqdh5qq43</sha1>
</revision>
