<page>
<page>
<title>dadara</title>
<ns>0</ns>
<id>248129</id>
<revision>
<id>2324681</id>
<parentid>1757938</parentid>
<timestamp>2017-04-30T09:23:22Z</timestamp>
<contributor>
<username>HydrizBot</username>
<id>29590</id>
</contributor>
<minor />
<comment>Robô: A limpar links interwikis antigos</comment>
<model>wikitext</model>
<format>text/x-wiki</format>
<text bytes="281" xml:space="preserve">={{-mrn-}}=
==Substantivo==
'''dadara'''
# [[sangue]]
==Ver também==
===No Wikcionário===
{{verTambém.Ini}}
* [[bahbao]]
* [[khame]]
{{verTambém.NovaColuna}}
* [[pha'u]]
* [[tatha]]
{{verTambém.Fim}}
[[Categoria:Substantivo (Cheke Holo)]]
[[Categoria:Anatomia (Cheke Holo)]]</text>
<sha1>8l99ate0uspy3g1dedq882bke2p4iqb</sha1>
</revision>
