<page>
<title>dadaísta</title>
<ns>0</ns>
<id>226498</id>
<revision>
<id>2324684</id>
<parentid>2202661</parentid>
<timestamp>2017-04-30T09:23:28Z</timestamp>
<contributor>
<username>HydrizBot</username>
<id>29590</id>
</contributor>
<minor />
<comment>Robô: A limpar links interwikis antigos</comment>
<model>wikitext</model>
<format>text/x-wiki</format>
<text bytes="437" xml:space="preserve">={{-pt-}}=
==Substantivo==
{{flex.pt|s=dadaísta|p=dadaístas}}
{{paroxítona|da|da|ís|ta}}
# artista pertencente à corrente do [[dadaísmo]]
===Tradução===
{{tradini}}
* {{trad|fi|dadaisti}}
* {{trad|fr|dadaïste}}
* {{trad|en|dadaist}}
{{tradmeio}}
* {{trad|is|dadaisti}}
* {{trad|it|dadaista}}
{{tradfim}}
=={{etimologia|pt}}==
: Do francês [[dadaïste]].
[[Categoria:Substantivo (Português)]]
[[Categoria:Arte (Português)]]</text>
<sha1>7o2cgdjjp00y4u3v6ni006ynluc2cxb</sha1>
</revision>
</page>
