<page>
<title>dadali</title>
<ns>0</ns>
<id>48776</id>
<revision>
<id>2648258</id>
<parentid>2324679</parentid>
<timestamp>2021-09-14T09:54:41Z</timestamp>
<contributor>
<username>ValJor</username>
<id>1358</id>
</contributor>
<comment>Substituindo a [[Especial:Páginas_afluentes/Predefinição:escopoCatLang|predefinição escopoCatLang]] por escopo</comment>
<model>wikitext</model>
<format>text/x-wiki</format>
<text bytes="143" xml:space="preserve">={{-lzz-}}=
==Substantivo==
'''da.da.li'''
# {{escopo|lzz|Botânica}} [[rosa]]
[[Categoria:Substantivo (Laz)]]
[[Categoria:Trissílabo (Laz)]]</text>
<sha1>ctm285j8intxtngv3etnbk99fu9a3ss</sha1>
</revision>
</page>
