<page>
<page>
<title>dadaismi</title>
<ns>0</ns>
<id>94733</id>
<revision>
<id>2324676</id>
<parentid>1223753</parentid>
<timestamp>2017-04-30T09:23:13Z</timestamp>
<contributor>
<username>HydrizBot</username>
<id>29590</id>
</contributor>
<minor />
<comment>Robô: A limpar links interwikis antigos</comment>
<model>wikitext</model>
<format>text/x-wiki</format>
<text bytes="235" xml:space="preserve">={{-is-}}=
==Substantivo==
'''dadaismi''', ''masculino, fraco, grupo 1 (sem plural)''
# [[dadaísmo]]
===Declinação===
{{decl.is.subst.fraca.masc.1.sing|dadaism}}
[[Categoria:Substantivo (Islandês)]]
[[Categoria:Arte (Islandês)]]</text>
<sha1>rqpbxhqaczl9lerjibsp3vk0xjmsmcu</sha1>
</revision>
