<page>
<title>dada</title>
<ns>0</ns>
<id>31948</id>
<revision>
<id>2324674</id>
<parentid>2175621</parentid>
<timestamp>2017-04-30T09:23:10Z</timestamp>
<contributor>
<username>HydrizBot</username>
<id>29590</id>
</contributor>
<minor />
<comment>Robô: A limpar links interwikis antigos</comment>
<model>wikitext</model>
<format>text/x-wiki</format>
<text bytes="2284" xml:space="preserve">{{confundir|dadá}}
={{-pt-}}=
==Substantivo==
{{flex.pt|fs=dada|fp=dadas}}
{{paroxítona|da|da}}
# ato de [[dar]]
# [[presente]]; [[donativo]]; [[doação]]
# [[dádiva]]
# [[abcesso]] em [[seio]] de mulher ou [[úbere]] de vaca
# {{escopo|Brasil}} [[batida]] organizada contra os [[índio]]s
==Forma verbal==
{{paroxítona|da|da}}
# singular do particípio passado do verbo [[dar]]
# feminino singular de [[dado]]
=={{etimologia|pt}}==
: Particípio passado do verbo [[dar]].
[[Categoria:Substantivo (Português)]]
[[Categoria:Forma verbal (Português)]]
[[Categoria:Brasileirismo]]
={{-fr-}}=
==Substantivo==
'''dada'''
# {{escopo|Familiar, linguagem infantil}} [[cavalo]]
[[Categoria:Substantivo (Francês)]]
[[Categoria:Falso cognato (Francês)]]
={{-nl-}}=
==Advérbio==
'''dada'''
# {{escopo|Familiar, linguagem infantil}} [[embora]]
#* ''Oma gaat '''dada'''.'': a vovó está indo embora
==Adjetivo==
'''dada'''
# relativo ao [[dadaísmo]]
==Interjeição==
'''dada'''
# {{escopo|Familiar, linguagem infantil}} [[adeus]]
#* ''Zeg '''dada''' aan oma.'': diga tchau para a vovó
==Substantivo==
'''dada'''
# [[dadaísmo]]
[[Categoria:Advérbio (Holandês)]]
[[Categoria:Adjetivo (Holandês)]]
[[Categoria:Interjeição (Holandês)]]
[[Categoria:Substantivo (Holandês)]]
[[Categoria:Falso cognato (Holandês)]]
={{-hu-}}=
==Substantivo==
'''dada'''
# [[enfermeira]]
[[Categoria:Substantivo (Húngaro)]]
[[Categoria:Falso cognato (Húngaro)]]
={{-id-}}=
==Substantivo==
'''dada'''
# [[seio]]
[[Categoria:Substantivo (Indonésio)]]
[[Categoria:Falso cognato (Indonésio)]]
={{-en-}}=
==Substantivo==
'''dada'''
# {{escopo|Familiar, linguagem infantil}} [[papai]]
# [[dadaísmo]]
[[Categoria:Substantivo (Inglês)]]
[[Categoria:Falso cognato (Inglês)]]
={{-yo-}}=
==Substantivo==
'''dada'''
# [[cabelo]] encaracolado
[[Categoria:Substantivo (Iorubá)]]
[[Categoria:Falso cognato (Iorubá)]]
={{-ms-}}=
==Substantivo==
'''dada'''
# [[seio]]
[[Categoria:Substantivo (Malaio)]]
[[Categoria:Falso cognato (Malaio)]]
={{-sw-}}=
==Substantivo==
'''dada'''
# [[irmã]]
[[Categoria:Substantivo (Suaíli)]]
[[Categoria:Falso cognato (Suaíli)]]
={{-tet-}}=
==Verbo==
'''dada'''
# [[puxar]]
[[Categoria:Verbo (Tétum)]]
[[Categoria:Falso cognato (Tétum)]]</text>
<sha1>oto2hbd2pz3iq8bglwexq87k23kur00</sha1>
</revision>
</page>
