<page>
<page>
<title>dadeer</title>
<ns>0</ns>
<id>15145</id>
<revision>
<id>2324687</id>
<parentid>2255624</parentid>
<timestamp>2017-04-30T09:23:38Z</timestamp>
<contributor>
<username>HydrizBot</username>
<id>29590</id>
</contributor>
<minor />
<comment>Robô: A limpar links interwikis antigos</comment>
<model>wikitext</model>
<format>text/x-wiki</format>
<text bytes="89" xml:space="preserve">={{-tet-}}=
==Substantivo==
'''dadeer'''
# [[manhã]]
[[Categoria:Substantivo (Tétum)]]</text>
<sha1>7czjls2eh19v6ahgwosvwfa5p74puqh</sha1>
</revision>
