<page>
<page>
<title>daderus</title>
<ns>0</ns>
<id>15144</id>
<revision>
<id>2324688</id>
<parentid>2255622</parentid>
<timestamp>2017-04-30T09:23:41Z</timestamp>
<contributor>
<username>HydrizBot</username>
<id>29590</id>
</contributor>
<minor />
<comment>Robô: A limpar links interwikis antigos</comment>
<model>wikitext</model>
<format>text/x-wiki</format>
<text bytes="122" xml:space="preserve">={{-tet-}}=
==Substantivo==
'''daderus'''
# [[barata]]
[[Categoria:Substantivo (Tétum)]]
[[Categoria:Zoologia (Tétum)]]</text>
<sha1>p3t4dm2ei009v8ateg9szz4o7i89l6c</sha1>
</revision>
