<page>
<title>dados</title>
<ns>0</ns>
<id>75927</id>
<revision>
<id>2324692</id>
<parentid>2175623</parentid>
<timestamp>2017-04-30T09:24:05Z</timestamp>
<contributor>
<username>HydrizBot</username>
<id>29590</id>
</contributor>
<minor />
<comment>Robô: A limpar links interwikis antigos</comment>
<model>wikitext</model>
<format>text/x-wiki</format>
<text bytes="284" xml:space="preserve">={{-pt-}}=
==Forma de adjetivo==
{{paroxítona|da|dos}}
# plural de [[dado]]
{{avi-for-fle|dado}}
==Forma de substantivo==
{{paroxítona|da|dos}}
# plural de [[dado]]
{{avi-for-fle|dado}}
[[Categoria:Forma de adjetivo (Português)]]
[[Categoria:Forma de substantivo (Português)]]</text>
<sha1>ptmsdis9t63eh4o8aymzmhwhuntvr9p</sha1>
</revision>
</page>
