<page>
<title>dador</title>
<ns>0</ns>
<id>236995</id>
<revision>
<id>2324690</id>
<parentid>1201746</parentid>
<timestamp>2017-04-30T09:24:00Z</timestamp>
<contributor>
<username>HydrizBot</username>
<id>29590</id>
</contributor>
<minor />
<comment>Robô: A limpar links interwikis antigos</comment>
<model>wikitext</model>
<format>text/x-wiki</format>
<text bytes="292" xml:space="preserve">={{-pt-}}=
==Substantivo==
{{flex.pt|ms=dador|mp=dadores|fs=dadora|fp=dadoras}}
{{oxítona|da|dor}}
# aquele que [[dar|dá]] ou [[doar|doa]] algo
===Sinônimo===
* [[doador]]
=={{etimologia|pt}}==
: Do latim ''dator, oris''.
==Anagrama==
# [[dardo]]
[[Categoria:Substantivo (Português)]]</text>
<sha1>l85qtcgvkatdtctvcwanrgtt99jfedx</sha1>
</revision>
</page>
