<page>
<title>Daenemark</title>
<ns>0</ns>
<id>415702</id>
<revision>
<id>2562607</id>
<timestamp>2019-11-23T23:05:31Z</timestamp>
<contributor>
<username>MalafayaBot</username>
<id>628</id>
</contributor>
<comment>Criada automaticamente a partir das traduções em [[Dinamarca]]</comment>
<model>wikitext</model>
<format>text/x-wiki</format>
<text bytes="151" xml:space="preserve">={{-li-}}=
==Substantivo==
'''Daenemark'''
# [[Dinamarca]]
{{página-automática|novembro|2019|Dinamarca|li}}
[[Categoria:Substantivo (Limburguês)]]</text>
<sha1>nsyp4yksstgr10l6agn1bf6qepxx3yc</sha1>
</revision>
</page>
