<page>
<page>
<title>daet</title>
<ns>0</ns>
<id>282218</id>
<revision>
<id>2324697</id>
<parentid>1956714</parentid>
<timestamp>2017-04-30T09:24:24Z</timestamp>
<contributor>
<username>HydrizBot</username>
<id>29590</id>
</contributor>
<minor />
<comment>Robô: A limpar links interwikis antigos</comment>
<model>wikitext</model>
<format>text/x-wiki</format>
<text bytes="314" xml:space="preserve">={{-vo-}}=
==Substantivo==
{{oxítona|da|et|lang=vo}}
# {{escopo|Fruta}} [[tâmara]]
===Declinação===
{{decl.vo.subst}}
===Verbetes derivados===
{{verTambém.Ini}}
* [[daetabim]]
{{verTambém.NovaColuna|50}}
* [[daetep]]
{{verTambém.Fim}}
[[Categoria:Substantivo (Volapuque)]]
[[Categoria:Fruta (Volapuque)]]</text>
<sha1>gtooij7ubgkg06fv41ot39l9fbsxu8m</sha1>
</revision>
