<page>
<title>daf</title>
<ns>0</ns>
<id>282217</id>
<revision>
<id>2324698</id>
<parentid>1956713</parentid>
<timestamp>2017-04-30T09:24:26Z</timestamp>
<contributor>
<username>HydrizBot</username>
<id>29590</id>
</contributor>
<minor />
<comment>Robô: A limpar links interwikis antigos</comment>
<model>wikitext</model>
<format>text/x-wiki</format>
<text bytes="197" xml:space="preserve">={{-vo-}}=
==Substantivo==
{{oxítona|daf|lang=vo}}
# {{escopo|Zoologia}} [[texugo]]
===Declinação===
{{decl.vo.subst}}
[[Categoria:Substantivo (Volapuque)]]
[[Categoria:Mamífero (Volapuque)]]</text>
<sha1>kmbetftsn8yqhlsjv1k7mut1yryzxwx</sha1>
</revision>
</page>
