<page>
<page>
<title>dafu</title>
<ns>0</ns>
<id>224264</id>
<revision>
<id>2324700</id>
<parentid>1827949</parentid>
<timestamp>2017-04-30T09:24:30Z</timestamp>
<contributor>
<username>HydrizBot</username>
<id>29590</id>
</contributor>
<minor />
<comment>Robô: A limpar links interwikis antigos</comment>
<model>wikitext</model>
<format>text/x-wiki</format>
<text bytes="269" xml:space="preserve">={{-sw-}}=
==Substantivo==
'''da.fu'''
# [[coco]] (verde)
==Ver também==
* [[chai]]
* [[biskuti]]
* [[brokoli]]
* [[asali]]
* [[chumvi]]
* [[chumgwa]]
* [[embe]]
* [[chizi]]
* [[jusi]]
* [[aiskrimu]]
[[Categoria:Substantivo (Suaíli)]]
[[Categoria:Fruta (Suaíli)]]</text>
<sha1>ksxrmwdemq1mpkuqdqv59zk6cd5x6d4</sha1>
</revision>
