<page>
<title>dag</title>
<ns>0</ns>
<id>37323</id>
<revision>
<id>2324701</id>
<parentid>2191056</parentid>
<timestamp>2017-04-30T09:24:41Z</timestamp>
<contributor>
<username>HydrizBot</username>
<id>29590</id>
</contributor>
<minor />
<comment>Robô: A limpar links interwikis antigos</comment>
<model>wikitext</model>
<format>text/x-wiki</format>
<text bytes="754" xml:space="preserve">={{-elf-}}=
==Substantivo==
'''dag'''
# [[dia]]
[[Categoria:Substantivo (Elvedaliano)]]
={{-is-}}=
==Forma de substantivo==
'''dag'''
# [[acusativo]] [[singular]] de '''[[dagur]]'''
[[Categoria:Forma de substantivo (Islandês)]]
={{-no-}}=
==Substantivo==
'''dag''', ''masculino''
# [[dia]]
===Declinação===
{{decl.no.subst.masc.1|dag|}}
=={{etimologia|no}}==
: Do Nórdico Antigo, ''[[dagr#{{non}}|dagr]]'' (''&quot;dia&quot;'').
[[Categoria:Substantivo (Norueguês)]]
[[Categoria:Tempo (Norueguês)]]
={{-sv-}}=
==Substantivo==
'''dag''', ''comum''
# [[dia]]
===Declinação===
{{decl.sv.subst.2|dag}}
=={{etimologia|sv}}==
: Do Nórdico Antigo, ''[[dagr#{{non}}|dagr]]'' (''&quot;dia&quot;'').
[[Categoria:Substantivo (Sueco)]]
[[Categoria:Tempo (Sueco)]]</text>
<sha1>filzun594plaq7b92yyvnv2ugax2he7</sha1>
</revision>
</page>
