<page>
<page>
<title>daga</title>
<ns>0</ns>
<id>327106</id>
<revision>
<id>2324702</id>
<parentid>2177151</parentid>
<timestamp>2017-04-30T09:24:46Z</timestamp>
<contributor>
<username>HydrizBot</username>
<id>29590</id>
</contributor>
<minor />
<comment>Robô: A limpar links interwikis antigos</comment>
<model>wikitext</model>
<format>text/x-wiki</format>
<text bytes="138" xml:space="preserve">={{-tl-}}=
==Substantivo==
'''daga'''
# [[ratazana]]
{{página-automática|junho|2014|ratazana|tl}}
[[Categoria:Substantivo (Tagalo)]]</text>
<sha1>t4dcaguv1oha62q19gj4zlrexvxs9xw</sha1>
</revision>
