<page>
<title>dagbladschrijver</title>
<ns>0</ns>
<id>318184</id>
<revision>
<id>2324704</id>
<parentid>2255634</parentid>
<timestamp>2017-04-30T09:24:49Z</timestamp>
<contributor>
<username>HydrizBot</username>
<id>29590</id>
</contributor>
<minor />
<comment>Robô: A limpar links interwikis antigos</comment>
<model>wikitext</model>
<format>text/x-wiki</format>
<text bytes="158" xml:space="preserve">={{-nl-}}=
==Substantivo==
'''dagbladschrijver'''
# [[jornalista]]
{{página-automática|setembro|2013|jornalista|nl}}
[[Categoria:Substantivo (Holandês)]]</text>
<sha1>ibzzt2ne49dz9m37msbyznfaa5cl8he</sha1>
</revision>
</page>
