<page>
<title>Dagestan</title>
<ns>0</ns>
<id>119015</id>
<revision>
<id>2267642</id>
<parentid>2259953</parentid>
<timestamp>2017-04-26T16:21:31Z</timestamp>
<contributor>
<username>HydrizBot</username>
<id>29590</id>
</contributor>
<minor />
<comment>Robô: A limpar links interwikis antigos</comment>
<model>wikitext</model>
<format>text/x-wiki</format>
<text bytes="131" xml:space="preserve">={{-en-}}=
==Substantivo==
'''Da.ges.tan''' ''próprio''
# [[Daguestão]]
{{categorias|{{en}}|Substantivo|Trissílabo|Topónimo}}</text>
<sha1>qreystxp31nvymdwdqc148wowps6vjj</sha1>
</revision>
</page>
