<page>
<title>dagene</title>
<ns>0</ns>
<id>72614</id>
<revision>
<id>2324709</id>
<parentid>1956719</parentid>
<timestamp>2017-04-30T09:25:06Z</timestamp>
<contributor>
<username>HydrizBot</username>
<id>29590</id>
</contributor>
<minor />
<comment>Robô: A limpar links interwikis antigos</comment>
<model>wikitext</model>
<format>text/x-wiki</format>
<text bytes="153" xml:space="preserve">={{-no-}}=
== Forma de substantivo ==
'''dagene'''
# [[plural]] [[definido]] de '''[[dag#{{no}}|dag]]'''
[[Categoria:Forma de substantivo (Norueguês)]]</text>
<sha1>dt08wktpw7btrl5m17uc85xv7l92dik</sha1>
</revision>
</page>
