<page>
<title>dagen</title>
<ns>0</ns>
<id>72612</id>
<revision>
<id>2324708</id>
<parentid>2120769</parentid>
<timestamp>2017-04-30T09:25:04Z</timestamp>
<contributor>
<username>HydrizBot</username>
<id>29590</id>
</contributor>
<minor />
<comment>Robô: A limpar links interwikis antigos</comment>
<model>wikitext</model>
<format>text/x-wiki</format>
<text bytes="154" xml:space="preserve">={{-no-}}=
== Forma de substantivo ==
'''dagen'''
# [[singular]] [[definido]] de '''[[dag#{{no}}|dag]]'''
[[Categoria:Forma de substantivo (Norueguês)]]</text>
<sha1>83j6g61hi709uy9a2iv83inv4qe1mzi</sha1>
</revision>
</page>
