<page>
<page>
<title>dagr</title>
<ns>0</ns>
<id>72527</id>
<revision>
<id>2324713</id>
<parentid>1956725</parentid>
<timestamp>2017-04-30T09:25:14Z</timestamp>
<contributor>
<username>HydrizBot</username>
<id>29590</id>
</contributor>
<minor />
<comment>Robô: A limpar links interwikis antigos</comment>
<model>wikitext</model>
<format>text/x-wiki</format>
<text bytes="465" xml:space="preserve">={{-non-}}=
== Substantivo ==
'''dagr''', ''masculino''
# [[dia]].
== Etimologia ==
: Go Germânico ''*[[dagaz]]'', cognato com Inglês Antigo ''[[dæg|dæġ]]'' e Alto Alemão Antigo ''[[tac]]''.
== Descendentes ==
* {{fo}}: {{xlatio|fo|dagur| ''m'' }}
* {{is}}: {{xlatio|is|dagur| ''m'' }}
* {{no}}: {{xlatio|no|dag| ''m'' }}
* {{sv}}: {{xlatio|sv|dag| ''c'' }}
[[Categoria:Substantivo (Nórdico Antigo)]]
[[Categoria:Entrada com etimologia (Nórdico Antigo)]]</text>
<sha1>rim2e41edi17rgc7tt33lhi2dnuac0x</sha1>
</revision>
