<page>
<page>
<title>Daguestão</title>
<ns>0</ns>
<id>118978</id>
<revision>
<id>2267643</id>
<parentid>2108628</parentid>
<timestamp>2017-04-26T16:21:33Z</timestamp>
<contributor>
<username>HydrizBot</username>
<id>29590</id>
</contributor>
<minor />
<comment>Robô: A limpar links interwikis antigos</comment>
<model>wikitext</model>
<format>text/x-wiki</format>
<text bytes="3315" xml:space="preserve">{{Wikipédia}}
[[Imagem:Flag of Dagestan.svg|thumb|right|150px|Bandeira do Daguestão]]
[[Imagem:Map_of_Russia_-_Republic_of_Dagestan_(2008-03).svg|thumb|right|150px|Localização do Daguestão na Federação Russa]]
={{-pt-}}=
==Substantivo==
{{oxítona|Da|gues|tão}}, {{pr}}
# divisão [[federal]] da [[Rússia]], localizada no [[Cáucaso]] [[setentrional]]
===Tradução===
{{tradini}}
* {{trad|ace|Dagestan}}
* {{trad|af|Dagestan}}
* {{trad|sq|Dagestani}}
* {{trad|de|Dagestan}}
* {{trad|ar|داغستان}}
* {{trad|hy|Դաղստան}}
* {{trad|av|Дагъистан}}
* {{trad|az|Dağıstan}}
* {{trad|nds|Dagestan}}
* {{trad|eu|Dagestan}}
* {{trad|be|Дагестан}}
* {{trad|bs|Dagestan}}
* {{trad|br|Dagestan}}
* {{trad|bg|Дагестан}}
* {{trad|kbd|Дагъыстэн}}
* {{trad|csb|Dagestan}}
* {{trad|xal|Дагъсин таңһч}}
* {{trad|ca|Daguestan}}
* {{trad|kk|Дағыстан}}
* {{trad|ce|ДегIeстан}}
* {{trad|cs|Dagestán}}
* {{trad|zh|达吉斯坦共和国}}
* {{trad|ko|다게스탄 공화국}}
* {{trad|hr|Dagestan}}
* {{trad|ku|Daxistan}}
* {{trad|diq|Dağıstan}}
* {{trad|da|Dagestan}}
* {{trad|myv|Дагестан}}
* {{trad|sco|Dagestan}}
* {{trad|sk|Dagestan}}
* {{trad|sl|Dagestan}}
* {{trad|es|Daguestán}}
* {{trad|eo|Dagestano}}
* {{trad|et|Dagestan}}
* {{trad|fi|Dagestan}}
* {{trad|fr|Daghestan}}
* {{trad|gag|Dagestan}}
* {{trad|gl|Daguestán}}
* {{t|ka|დაღესტანი||daghest'ani}}
* {{trad|el|Νταγκεστάν}}
* {{trad|he|דאגסטן}}
* {{trad|hi|दाग़िस्तान}}
* {{trad|nl|Dagestan}}
* {{trad|hu|Dagesztán}}
* {{trad|sah|Дагестаан}}
* {{trad|id|Dagestan}}
* {{trad|en|Dagestan}}
{{tradmeio}}
* {{trad|ga|An Dagastáin}}
* {{trad|is|Dagestan}}
* {{trad|it|Daghestan}}
* {{trad|ja|ダゲスタン共和国}}
* {{trad|jv|Dagestan}}
* {{trad|kv|Дагестан}}
* {{trad|lbe|Дагъусттан}}
* {{trad|la|Daghestania}}
* {{trad|lv|Dagestāna}}
* {{trad|lez|Дагъустан}}
* {{trad|lt|Dagestanas}}
* {{trad|mk|Дагестан}}
* {{trad|ml|ദാഗസ്താൻ}}
* {{trad|ms|Dagestan}}
* {{trad|mr|दागिस्तान प्रजासत्ताक}}
* {{trad|mzn|داغستون}}
* {{trad|xmf|დაღესტანი}}
* {{trad|mn|Дагестан}}
* {{trad|no|Dagestan}}
* {{trad|nn|Dagestan}}
* {{trad|os|Дагъистан}}
* {{trad|pam|Dagestan}}
* {{trad|fa|داغستان}}
* {{trad|pl|Dagestan}}
* {{trad|pnb|داغستان}}
* {{trad|ro|Daghestan}}
* {{trad|ru|Дагестан}}
* {{trad|se|Dagestan}}
* {{trad|sr|Дагестан}}
* {{trad|sh|Dagestan}}
* {{trad|sv|Dagestan}}
* {{trad|su|Dagéstan}}
* {{trad|tg|Доғистон}}
* {{trad|tl|Dagestan}}
* {{trad|ta|தாகெஸ்தான்}}
* {{trad|tt|Дагстан}}
* {{trad|cv|Дагестан}}
* {{trad|tr|Dağıstan}}
* {{trad|tk|Dagystan}}
* {{trad|uk|Дагестан}}
* {{trad|ug|داغىستان}}
* {{trad|ur|داغستان}}
* {{trad|vep|Dagestanan}}
* {{trad|vi|Dagestan}}
* {{trad|udm|Дагестан}}
* {{trad|war|Dagestan}}
{{tradfim}}
=={{etimologia|pt}}==
: Do turco ''[[dağ]]'' (montanha) acrescido do sufixo persa ''-stan'' (país): país de montanhas.
[[Categoria:Substantivo (Português)]]
[[Categoria:Topónimo (Português)]]
[[Categoria:Entrada com imagem (Português)]]</text>
<sha1>qd03haeu6qu0rg007ksh6wuqt72kd4e</sha1>
</revision>
