<page>
<page>
<title>dagur</title>
<ns>0</ns>
<id>50098</id>
<revision>
<id>2324714</id>
<parentid>2001750</parentid>
<timestamp>2017-04-30T09:25:20Z</timestamp>
<contributor>
<username>HydrizBot</username>
<id>29590</id>
</contributor>
<minor />
<comment>Robô: A limpar links interwikis antigos</comment>
<model>wikitext</model>
<format>text/x-wiki</format>
<text bytes="893" xml:space="preserve">{{Wikipédia|lang=is}}
={{-is-}}=
==Substantivo==
'''dagur''', ''masculino, forte, grupo 1 (a/e/ö)''
# [[dia]]
===Declinação===
{{decl.is.subst.forte.masc.1.a~e~ö|d|g|ur}}
=={{etimologia|is}}==
: Do Nórdico Antigo, ''[[dagr#{{non}}|dagr]]'' (''&quot;dia&quot;'').
==Ver também==
===No Wikcionário===
{{verTambém.Ini}}
* [[afmælisdagur]]
* [[dagblað]]
* [[daglegur]]
* [[dagr]]
* [[fimmtudagur]]
* [[föstudagur]]
{{verTambém.NovaColuna}}
* [[fríggjadagur]]
* [[hósdagur]]
* [[laugardagur]]
* [[leygardagur]]
* [[mánadagur]]
* [[mánaður]]
{{verTambém.NovaColuna}}
* [[mánudagur]]
* [[mánuður]]
* [[miðdagur]]
* [[miðvikudagur]]
* [[mikudagur]]
* [[sunnudagur]]
{{verTambém.NovaColuna}}
* [[tórsdagur]]
* [[týsdagur]]
* {{verTambém.Confrontar|vika}}
* [[vikudagur]]
* [[þriðjudagur]]
{{verTambém.Fim}}
[[Categoria:Substantivo (Islandês)]]
[[Categoria:Tempo (Islandês)]]</text>
<sha1>jhs98tqyn4rp5g6crbcj4s3m5m54n6h</sha1>
</revision>
