<page>
<title>daguestânico</title>
<ns>0</ns>
<id>299922</id>
<revision>
<id>1474806</id>
<timestamp>2012-10-09T13:42:24Z</timestamp>
<contributor>
<username>ValJor</username>
<id>1358</id>
</contributor>
<comment>Criação do verbete a partir da [[Wikcionário:Verbetes mais procurados/Resultados|lista de verbetes procurados]]</comment>
<model>wikitext</model>
<format>text/x-wiki</format>
<text bytes="367" xml:space="preserve">={{-pt-}}=
==Substantivo==
{{flex.pt|ms=daguestânico|mp=-}}
{{proparoxítona|da|gues|tâ|ni|co}}
# vide [[lezgui]]
===Sinônimos===
{{verTambém.Ini}}
* [[lezgui]]
{{verTambém.NovaColuna}}
* [[lezguiano]]
{{verTambém.Fim}}
==Ver também==
===No Wikcionário===
* [[:Categoria:Lezguiano]]
[[Categoria:Substantivo (Português)]]
[[Categoria:Língua (Português)]]</text>
<sha1>hk8la6grigesihrhrw7w94gq9yxeq3q</sha1>
</revision>
</page>
