<page>
<page>
<title>dahaat</title>
<ns>0</ns>
<id>60428</id>
<revision>
<id>1306505</id>
<parentid>1081870</parentid>
<timestamp>2011-11-28T23:45:41Z</timestamp>
<contributor>
<username>MalafayaBot</username>
<id>628</id>
</contributor>
<minor />
<comment>Robô: Substituição de texto automática (-^\=(\s*?)Tétum(\s*?)\= +={{-tet-}}= &amp; -^\=(\s*?)\{\{tet\}\}(\s*?)\= +={{-tet-}}=)</comment>
<model>wikitext</model>
<format>text/x-wiki</format>
<text bytes="89" xml:space="preserve">={{-tet-}}=
==Substantivo==
'''dahaat'''
# [[quarto]]
[[Categoria:Substantivo (Tétum)]]</text>
<sha1>qsbm30mb3bdqf97r2if2j730b4crcge</sha1>
</revision>
