<page>
<title>daha</title>
<ns>0</ns>
<id>249688</id>
<revision>
<id>2324715</id>
<parentid>1999075</parentid>
<timestamp>2017-04-30T09:25:23Z</timestamp>
<contributor>
<username>HydrizBot</username>
<id>29590</id>
</contributor>
<minor />
<comment>Robô: A limpar links interwikis antigos</comment>
<model>wikitext</model>
<format>text/x-wiki</format>
<text bytes="377" xml:space="preserve">={{-otd-}}=
==Substantivo==
'''daha'''
# [[sangue]]
==Ver também==
* [[paa]]
* [[usuk]]
* [[tusu]]
* [[bahai]]
* [[mahta]]
[[Categoria:Substantivo (Ot Danum)]]
[[Categoria:Anatomia (Ot Danum)]]
={{-ree-}}=
==Substantivo==
'''daha'''
# [[sangue]]
==Ver também==
* [[tudek]]
* [[usu]]
* [[ba]]
[[Categoria:Substantivo (Rejang Kayan)]]
[[Categoria:Anatomia (Rejang Kayan)]]</text>
<sha1>m1uibn04eq0av52lo88xfrc37x5nnyz</sha1>
</revision>
</page>
