<page>
<page>
<title>dahituk</title>
<ns>0</ns>
<id>15141</id>
<revision>
<id>2324717</id>
<parentid>1533392</parentid>
<timestamp>2017-04-30T09:25:26Z</timestamp>
<contributor>
<username>HydrizBot</username>
<id>29590</id>
</contributor>
<minor />
<comment>Robô: A limpar links interwikis antigos</comment>
<model>wikitext</model>
<format>text/x-wiki</format>
<text bytes="306" xml:space="preserve">={{-tet-}}=
==Numeral==
'''da.hi.tuk''' ''[[ordinal]]''
# [[sétimo]], [[numeral]] [[ordinal]] [[relacionado]] [[ao]] [[número]] '''7'''.
==Ver também==
===No Wikcionário===
{{verTambém.Ini}}
* [[hitu#{{tet}}|hitu]]
{{verTambém.Fim}}
[[Categoria:Numeral (Tétum)]]
[[Categoria:Trissílabo (Tétum)]]</text>
<sha1>ed3d8mb6brlngpuq3q0clrksb1uda09</sha1>
</revision>
