<page>
<page>
<title>dahikus</title>
<ns>0</ns>
<id>15142</id>
<revision>
<id>2324716</id>
<parentid>729758</parentid>
<timestamp>2017-04-30T09:25:25Z</timestamp>
<contributor>
<username>HydrizBot</username>
<id>29590</id>
</contributor>
<minor />
<comment>Robô: A limpar links interwikis antigos</comment>
<model>wikitext</model>
<format>text/x-wiki</format>
<text bytes="150" xml:space="preserve">={{-tet-}}=
==Adjetivo==
'''da.hi.kus'''
# [[último]], [[derradeiro]], [[final]].
[[Categoria:Adjetivo (Tétum)]]
[[Categoria:Trissílabo (Tétum)]]</text>
<sha1>bs4pvd5qxlt3jwi9aq5prv2oey7y588</sha1>
</revision>
