<page>
<page>
<title>dai</title>
<ns>0</ns>
<id>60429</id>
<revision>
<id>2476847</id>
<parentid>2324719</parentid>
<timestamp>2018-01-12T19:41:55Z</timestamp>
<contributor>
<username>Imivorn</username>
<id>64513</id>
</contributor>
<model>wikitext</model>
<format>text/x-wiki</format>
<text bytes="495" xml:space="preserve">={{-pt-}}=
==Forma verbal==
{{oxítona|dai}}
# segunda pessoa do plural do imperativo do verbo [[dar]]
{{avi-for-fle|dar}}
==Anagramas==
# [[daí]]
# [[dia]]
# [[ida]]
[[Categoria:Forma verbal (Português)]]
={{-mwl-}}=
==Forma verbal==
{{oxítona|dai|língua=mwl}}
# [[segunda pessoa]] do [[plural]] do [[imperativo]] de [[dar#{{mwl}}|dar]]
{{avi-for-fle|dar}}
[[Categoria:Forma verbal (Mirandês)]]
={{-tet-}}=
==Substantivo==
'''dai'''
# [[tarrafa]]
[[Categoria:Substantivo (Tétum)]]</text>
<sha1>d4bvpolydltgxtoz5z7pp2jfon21rxs</sha1>
</revision>
