<page>
<title>daiamondo</title>
<ns>0</ns>
<id>245412</id>
<revision>
<id>2324720</id>
<parentid>2218733</parentid>
<timestamp>2017-04-30T09:25:34Z</timestamp>
<contributor>
<username>HydrizBot</username>
<id>29590</id>
</contributor>
<minor />
<comment>Robô: A limpar links interwikis antigos</comment>
<model>wikitext</model>
<format>text/x-wiki</format>
<text bytes="120" xml:space="preserve">={{-ja-}}=
==Transliteração==
# transliteração de [[ダイアモンド]]
[[Categoria:Transliteração (Japonês)]]</text>
<sha1>25ou3xrobhwytly4zlmw5u82qjd3ond</sha1>
</revision>
</page>
