<page>
<page>
<title>daidaiiro</title>
<ns>0</ns>
<id>268793</id>
<revision>
<id>2218735</id>
<parentid>2093718</parentid>
<timestamp>2017-01-04T17:42:43Z</timestamp>
<contributor>
<username>Tribuno da Plebe</username>
<id>16095</id>
</contributor>
<model>wikitext</model>
<format>text/x-wiki</format>
<text bytes="120" xml:space="preserve">={{-ja-}}=
==Transliteração==
# transliteração de [[だいだいいろ]]
[[Categoria:Transliteração (Japonês)]]</text>
<sha1>e72bwfmiun5861x61p93tehribgoadh</sha1>
</revision>
