<page>
<page>
<title>daiktavardis</title>
<ns>0</ns>
<id>224544</id>
<revision>
<id>2690472</id>
<parentid>2324722</parentid>
<timestamp>2022-10-26T19:06:40Z</timestamp>
<contributor>
<username>InternetArchiveBot</username>
<id>81604</id>
</contributor>
<comment>Rescuing 1 sources and tagging 0 as dead.) #IABot (v2.0.9.2</comment>
<model>wikitext</model>
<format>text/x-wiki</format>
<text bytes="576" xml:space="preserve">={{-lt-}}=
==Substantivo==
'''daiktavardis''', {{gênero|m}}
# {{escopo|Gramática}} [[substantivo]]
==Ver também==
===No Wikcionário===
{{classes gramaticais/lt}}
===Referências===
{{verTambém.Ini}}
* [http://www.lietuviu-anglu.com/daiktavardis/ ''daiktavardis'' no Lietuvių Anglų žodynas (Lietuvių-anglų.com) (em lituano)]
* [https://web.archive.org/web/20130620030035/http://www.lt-en.lt/daiktavardis ''daiktavardis'' no Lietuvių Anglų žodynas (Lt-en.lt) (em lituano)]
{{verTambém.Fim}}
[[Categoria:Substantivo (Lituano)]]
[[Categoria:Gramática (Lituano)]]</text>
<sha1>q2fslkr4s6oqg4rme2h9wqnaouk4fe9</sha1>
</revision>
