<page>
<title>daimosas</title>
<ns>0</ns>
<id>346729</id>
<revision>
<id>2033450</id>
<parentid>2033449</parentid>
<timestamp>2015-11-05T11:02:01Z</timestamp>
<contributor>
<username>MIL973</username>
<id>41339</id>
</contributor>
<minor />
<comment>adicionou [[Categoria:Forma de adjetivo (Português)]] usando [[Wikcionário:HotCat|HotCat]]</comment>
<model>wikitext</model>
<format>text/x-wiki</format>
<text bytes="170" xml:space="preserve">={{-pt-}}=
==Forma de adjetivo==
{{paroxítona|dai|mo|sas}}, {{f}}
# feminino plural de [[daimoso]]
{{avi-for-fle|daimoso}}
[[Categoria:Forma de adjetivo (Português)]]</text>
<sha1>1pswb1ltsgomvy5vyvl57xe4rdwntml</sha1>
</revision>
</page>
