<page>
<title>daimon</title>
<ns>0</ns>
<id>107965</id>
<revision>
<id>2324726</id>
<parentid>2053933</parentid>
<timestamp>2017-04-30T09:25:54Z</timestamp>
<contributor>
<username>HydrizBot</username>
<id>29590</id>
</contributor>
<minor />
<comment>Robô: A limpar links interwikis antigos</comment>
<model>wikitext</model>
<format>text/x-wiki</format>
<text bytes="442" xml:space="preserve">{{Wikipédia|lang=en}}
={{-en-}}=
==Substantivo==
# [[espírito-guia]], [[espírito-guardião]], [[anjo-guardião]], [[gênio]] familiar, [[consciência]] individual atuante na forma [[divino|divina]]
=={{etimologia|en}}==
* Do [[latim]] ''[[dæmon]]'' (&quot;espírito&quot;), originalmente do [[grego antigo]] ''[[δαίμων]]'' (daimon), “‘um deus, deusa, poder divino, gênio, espírito-guardião’”.
[[Categoria:Substantivo (Inglês)]]</text>
<sha1>h5p1fhtuh0mlf8z18ufm8da0bqsvbz5</sha1>
</revision>
</page>
