<page>
<page>
<title>dairy</title>
<ns>0</ns>
<id>6330</id>
<revision>
<id>2324728</id>
<parentid>1938862</parentid>
<timestamp>2017-04-30T09:26:01Z</timestamp>
<contributor>
<username>HydrizBot</username>
<id>29590</id>
</contributor>
<minor />
<comment>Robô: A limpar links interwikis antigos</comment>
<model>wikitext</model>
<format>text/x-wiki</format>
<text bytes="152" xml:space="preserve">={{-en-}}=
==Substantivo==
'''dairy'''
# [[leiteria]] 
===Fraseologia===
* '''[[dairy product]]''': [[laticínio]]
[[Categoria:Substantivo (Inglês)]]</text>
<sha1>psthhnqh6d5x6dfkqix48216pe9pcgn</sha1>
</revision>
