<page>
<title>daishinsai</title>
<ns>0</ns>
<id>263013</id>
<revision>
<id>2324730</id>
<parentid>2218739</parentid>
<timestamp>2017-04-30T09:26:08Z</timestamp>
<contributor>
<username>HydrizBot</username>
<id>29590</id>
</contributor>
<minor />
<comment>Robô: A limpar links interwikis antigos</comment>
<model>wikitext</model>
<format>text/x-wiki</format>
<text bytes="120" xml:space="preserve">={{-ja-}}=
==Transliteração==
# transliteração de [[だいしんさい]]
[[Categoria:Transliteração (Japonês)]]</text>
<sha1>o755z4db8kk84ypuvwtxc378prvrfst</sha1>
</revision>
</page>
