<page>
<title>dais</title>
<ns>0</ns>
<id>82767</id>
<revision>
<id>2476790</id>
<parentid>2324729</parentid>
<timestamp>2018-01-12T19:10:48Z</timestamp>
<contributor>
<username>Imivorn</username>
<id>64513</id>
</contributor>
<model>wikitext</model>
<format>text/x-wiki</format>
<text bytes="408" xml:space="preserve">={{-pt-}}=
==Forma verbal==
{{oxítona|dais}}
# segunda pessoa do plural do presente do indicativo do verbo [[dar]]
==Anagramas==
# [[dias]]
# [[idas]]
[[Categoria:Forma verbal (Português)]]
={{-mwl-}}=
==Forma verbal==
{{oxítona|dais|língua=mwl}}
# [[segunda pessoa]] do [[plural]] no [[presente]] do [[indicativo]] de [[dar#Mirandês|dar]]
{{avi-for-fle|dar}}
[[Categoria:Forma verbal (Mirandês)]]</text>
<sha1>21y70qjkdsbrfgbf3sug771e4xb3pfc</sha1>
</revision>
</page>
