<page>
<page>
<title>dakconstructie</title>
<ns>0</ns>
<id>234038</id>
<revision>
<id>2324735</id>
<parentid>1724190</parentid>
<timestamp>2017-04-30T09:26:20Z</timestamp>
<contributor>
<username>HydrizBot</username>
<id>29590</id>
</contributor>
<minor />
<comment>Robô: A limpar links interwikis antigos</comment>
<model>wikitext</model>
<format>text/x-wiki</format>
<text bytes="146" xml:space="preserve">={{-nl-}}=
==Substantivo==
'''dakconstructie'''
# [[telhado]]
{{página-automática|Maio|2010|telhado|nl}}
[[Categoria:Substantivo (Holandês)]]</text>
<sha1>kxbx75q5et4e743f4w6y3h5ftcpo74k</sha1>
</revision>
