<page>
<page>
<title>daken</title>
<ns>0</ns>
<id>297950</id>
<revision>
<id>2324737</id>
<parentid>1461480</parentid>
<timestamp>2017-04-30T09:26:23Z</timestamp>
<contributor>
<username>HydrizBot</username>
<id>29590</id>
</contributor>
<minor />
<comment>Robô: A limpar links interwikis antigos</comment>
<model>wikitext</model>
<format>text/x-wiki</format>
<text bytes="138" xml:space="preserve">={{-nl-}}=
==Forma de substantivo==
'''daken''', {{p}}
#plural de '''[[dak#{{nl}}|dak]]'''
[[Categoria:Forma de substantivo (Holandês)]]</text>
<sha1>9uln49dqvc17a7os8uekc8i65a5smsk</sha1>
</revision>
