<page>
<page>
<title>dakedo</title>
<ns>0</ns>
<id>123457</id>
<revision>
<id>2218746</id>
<parentid>2090201</parentid>
<timestamp>2017-01-04T17:49:20Z</timestamp>
<contributor>
<username>Tribuno da Plebe</username>
<id>16095</id>
</contributor>
<model>wikitext</model>
<format>text/x-wiki</format>
<text bytes="111" xml:space="preserve">={{-ja-}}=
==Transliteração==
# transliteração de [[だけど]]
[[Categoria:Transliteração (Japonês)]]</text>
<sha1>9y93mm1gcg58qykwdp1t6a2yydnzedo</sha1>
</revision>
