<page>
<page>
<title>dakishimeru</title>
<ns>0</ns>
<id>167240</id>
<revision>
<id>2324739</id>
<parentid>2218747</parentid>
<timestamp>2017-04-30T09:26:27Z</timestamp>
<contributor>
<username>HydrizBot</username>
<id>29590</id>
</contributor>
<minor />
<comment>Robô: A limpar links interwikis antigos</comment>
<model>wikitext</model>
<format>text/x-wiki</format>
<text bytes="117" xml:space="preserve">={{-ja-}}=
==Transliteração==
# transliteração de [[だきしめる]]
[[Categoria:Transliteração (Japonês)]]</text>
<sha1>blbltudz7lmz7aw6v04cpjddjsqj7f4</sha1>
</revision>
