<page>
<page>
<title>daki</title>
<ns>0</ns>
<id>76932</id>
<revision>
<id>2324738</id>
<parentid>1757957</parentid>
<timestamp>2017-04-30T09:26:25Z</timestamp>
<contributor>
<username>HydrizBot</username>
<id>29590</id>
</contributor>
<minor />
<comment>Robô: A limpar links interwikis antigos</comment>
<model>wikitext</model>
<format>text/x-wiki</format>
<text bytes="86" xml:space="preserve">={{-ban-}}=
== Adjetivo ==
'''da.ki''' 
# [[sujo]]
[[Categoria:Adjetivo (Balinês)]]</text>
<sha1>5bsw0flz18f7ppvo5ty707js86be8x4</sha1>
</revision>
