<page>
<title>daks</title>
<ns>0</ns>
<id>297951</id>
<revision>
<id>2324741</id>
<parentid>1461483</parentid>
<timestamp>2017-04-30T09:26:30Z</timestamp>
<contributor>
<username>HydrizBot</username>
<id>29590</id>
</contributor>
<minor />
<comment>Robô: A limpar links interwikis antigos</comment>
<model>wikitext</model>
<format>text/x-wiki</format>
<text bytes="135" xml:space="preserve">={{-en-}}=
==Forma de substantivo==
'''daks''', {{p}}
#plural de '''[[dak#{{en}}|dak]]'''
[[Categoria:Forma de substantivo (Inglês)]]</text>
<sha1>4gwtg2iayegxo69h91gi6z5qndc1vkw</sha1>
</revision>
</page>
