<page>
<page>
<title>dal</title>
<ns>0</ns>
<id>72719</id>
<revision>
<id>2324743</id>
<parentid>2259543</parentid>
<timestamp>2017-04-30T09:26:43Z</timestamp>
<contributor>
<username>HydrizBot</username>
<id>29590</id>
</contributor>
<minor />
<comment>Robô: A limpar links interwikis antigos</comment>
<model>wikitext</model>
<format>text/x-wiki</format>
<text bytes="492" xml:space="preserve">={{-is-}}=
== Forma de substantivo ==
'''dal'''
# [[acusativo]] [[singular]] de '''[[dalur#{{is}}|dalur]]'''.
# [[dativo]] [[singular]] de '''[[dalur#{{is}}|dalur]]'''.
[[Categoria:Forma de substantivo (Islandês)]]
={{-no-}}=
== Substantivo ==
'''dal''', ''masculino''
# [[vale]].
=== Declinação ===
{{decl.no.subst.masc.1|dal|}}
== Etimologia ==
: Do Nórdico Antigo, ''[[dalr#{{non}}|dalr]]''.
[[Categoria:Substantivo (Norueguês)]]
[[Categoria:Entrada com etimologia (Norueguês)]]</text>
<sha1>0voxu66gt2apogf64vu4c1b0s5y8g07</sha1>
</revision>
