<page>
<page>
<title>dala</title>
<ns>0</ns>
<id>60430</id>
<revision>
<id>2324744</id>
<parentid>2255663</parentid>
<timestamp>2017-04-30T09:26:47Z</timestamp>
<contributor>
<username>HydrizBot</username>
<id>29590</id>
</contributor>
<minor />
<comment>Robô: A limpar links interwikis antigos</comment>
<model>wikitext</model>
<format>text/x-wiki</format>
<text bytes="676" xml:space="preserve">={{-pt-}}=
==Substantivo&lt;sup&gt;1&lt;/sup&gt;==
{{flex.pt|fs=dala|fp=dalas}}
{{paroxítona|da|la}}
# espécie de [[calha]] que dá [[vazão]] à [[água]] e a outros [[despejo]]s do [[navio]]
==={{etimologia|pt}}===
: Do germânico ''dal'' ([[fossa]]).
==Substantivo&lt;sup&gt;2&lt;/sup&gt;==
{{paroxítona|da|la}}
# [[caminho]] entre [[montanha]]s
==={{etimologia|pt}}===
: Do sueco ''dal'' ([[vale]]).
==Substantivo&lt;sup&gt;3&lt;/sup&gt;==
{{paroxítona|da|la}}
# [[mesa]] de [[cozinha]] com [[tampo]] em [[pedra]]
==={{etimologia|pt}}===
: Do francês ''dalle'', ''lage''.
[[Categoria:Substantivo (Português)]]
={{-tet-}}=
==Substantivo==
'''dala'''
# [[vez]]
[[Categoria:Substantivo (Tétum)]]</text>
<sha1>mtotzwuxmi58ezpxlkz534rqv78p3my</sha1>
</revision>
