<page>
<title>dalan</title>
<ns>0</ns>
<id>36139</id>
<revision>
<id>2324745</id>
<parentid>1956737</parentid>
<timestamp>2017-04-30T09:26:51Z</timestamp>
<contributor>
<username>HydrizBot</username>
<id>29590</id>
</contributor>
<minor />
<comment>Robô: A limpar links interwikis antigos</comment>
<model>wikitext</model>
<format>text/x-wiki</format>
<text bytes="1408" xml:space="preserve">={{-hil-}}=
==Verbo==
'''da.lan'''
# [[criar]] [[caminho]]
[[Categoria:Verbo (Hiligaynon)]]
[[Categoria:Dissílabo (Hiligaynon)]]
={{-dbj-}}=
==Substantivo==
'''da.lan'''
# [[caminho]], [[via]]
[[Categoria:Substantivo (Ida'an)]]
[[Categoria:Dissílabo (Ida'an)]]
={{-tet-}}=
==Substantivo==
'''da.lan'''
# [[caminho]], [[via]]
# [[rua]]
# [[modo]], [[maneira]]
===Sinônimos===
* De '''3''': {{link preto|du'u}}, {{l.s.|maneira|{{tet}}}}
===Expressões===
* '''{{link preto|dalan ida}}''': [[uma]] [[vez]]
===Termos derivados===
{{verTambém.Ini}}
* {{link preto|bee-dalan}}
* {{link preto|dalan-besi}}
{{verTambém.NovaColuna|25}}
* [[dalan-inan]]
* {{link preto|dalan-sai}}
{{verTambém.NovaColuna|25}}
* {{link preto|dalan-sorin}}
* {{link preto|dalan-tesik}}
{{verTambém.NovaColuna|25}}
* {{link preto|hatudu-dalan}}
* {{link preto|matadalan}}
{{verTambém.Fim}}
==Ver também==
===Referências===
{{verTambém.Ini}}
* [http://www.gnu.org/software/tetum/contributors/cliffMorris-xhtml/ch06.html A Traveller's Dictionary in Tetun-English and English-Tetun (em inglês)]
* [http://www.geocities.com/ukphoneline/tpid.pdf Dicionário Tetum-Português-Indonésio]
* [http://purl.pt/915/1/cd1/database/dictionaries/Tetum-Portugues.pdf Glossário tétum-português (TimorAgri)]
{{verTambém.Fim}}
[[Categoria:Substantivo (Tétum)]]
[[Categoria:Dissílabo (Tétum)]]
[[Categoria:Transporte (Tétum)]]</text>
<sha1>b9j57apk01jj6d084ir2bs7wauj99x1</sha1>
</revision>
</page>
