<page>
<title>dalen</title>
<ns>0</ns>
<id>41893</id>
<revision>
<id>2690473</id>
<parentid>2324748</parentid>
<timestamp>2022-10-26T19:07:16Z</timestamp>
<contributor>
<username>InternetArchiveBot</username>
<id>81604</id>
</contributor>
<comment>Rescuing 1 sources and tagging 0 as dead.) #IABot (v2.0.9.2</comment>
<model>wikitext</model>
<format>text/x-wiki</format>
<text bytes="2422" xml:space="preserve">={{-da-}}=
==Forma de substantivo==
'''{{grifar|da}}.len''' {{c.}}
# [[nominativo]] [[singular]] [[definido]] [[de]] '''''[[dal#{{da}}|dal]]'''''.
[[Categoria:Forma de substantivo (Dinamarquês)]]
[[Categoria:Dissílabo (Dinamarquês)]]
[[Categoria:Paroxítona (Dinamarquês)]]
={{-nl-}}=
==Verbo==
'''{{grifar|da}}.len''' ''[[fraco]]''
# [[descer]], [[cair]], [[diminuir]].
===Conjugação===
{{conj.nl.reg|daal|d}}
===Sinónimos===
* {{link opcional|afnemen}}, {{link opcional|verminderen}}, {{link opcional|zakken}}
===Antónimos===
* {{link opcional|stĳgen}}
===Termos derivados===
{{verTambém.Ini}}
* {{link opcional|daling|nl}}
{{verTambém.Fim}}
=={{pronúncia}}==
* [[AFI]]: {{AFI|/ˈdɑː.lən/}}
* [[X-SAMPA]]: /&quot;dA:.l@n/
: '''Áudio''': {{ouvir|Nl-dalen.ogg|&quot;dalen&quot;}}
==Ver também==
===Referências===
{{verTambém.Ini}}
* [http://www.heelom.com/Echo/zoekrobot/woordenboek/search/?k=dalen&amp;waar=Feld2 ''dalen'' no Heelom (em holandês)]
* [https://web.archive.org/web/20101201020602/http://www.muiswerk.nl/WRDNBOEK/LTR_D/W541.HTM ''dalen'' no Muiswerk Woordenboek (em holandês)]
{{verTambém.Fim}}
[[Categoria:Verbo (Holandês)]]
[[Categoria:Dissílabo (Holandês)]]
[[Categoria:Paroxítona (Holandês)]]
[[Categoria:Entrada com pronúncia (Holandês)]]
[[Categoria:Entrada com áudio (Holandês)]]
={{-no-}}=
==Forma de substantivo==
'''{{grifar|da}}.len'''
# [[nominativo]] [[singular]] [[definido]] [[de]] '''''[[dal#{{no}}|dal]]'''''.
[[Categoria:Forma de substantivo (Norueguês)]]
[[Categoria:Dissílabo (Norueguês)]]
[[Categoria:Paroxítona (Norueguês)]]
[[Categoria:Forma de substantivo (Dano-norueguês)]]
[[Categoria:Dissílabo (Dano-norueguês)]]
[[Categoria:Paroxítona (Dano-norueguês)]]
[[Categoria:Forma de substantivo (Novo Norueguês)]]
[[Categoria:Dissílabo (Novo Norueguês)]]
[[Categoria:Paroxítona (Novo Norueguês)]]
={{-sv-}}=
==Forma de substantivo==
'''{{grifar|da}}.len''' {{c.}}
# [[nominativo]] [[singular]] [[definido]] [[de]] '''''[[dal#{{sv}}|dal]]'''''.
[[Categoria:Forma de substantivo (Sueco)]]
[[Categoria:Dissílabo (Sueco)]]
[[Categoria:Paroxítona (Sueco)]]
={{-tet-}}=
==Substantivo==
'''da.len'''
# {{escopo|linguística}} [[língua]], [[idioma]].
===Sinónimos===
* [[lia#{{tet}}|lia]], [[lian#{{tet}}|lian]]
[[Categoria:Substantivo (Tétum)]]
[[Categoria:Dissílabo (Tétum)]]
[[Categoria:Língua (Tétum)|*]]
[[Categoria:Linguística (Tétum)]]</text>
<sha1>65zxg31b4f5l8whgg7td01h6lccq79b</sha1>
</revision>
</page>
