<page>
<title>Dalecárlia</title>
<ns>0</ns>
<id>339827</id>
<revision>
<id>1943458</id>
<parentid>1929986</parentid>
<timestamp>2015-06-18T14:06:23Z</timestamp>
<contributor>
<username>ValJor</username>
<id>1358</id>
</contributor>
<comment>Melhorando a apresentação do verbete usando a [[:predefinição:cria-entrada]]</comment>
<model>wikitext</model>
<format>text/x-wiki</format>
<text bytes="865" xml:space="preserve">{{Wikipédia}}
[[Imagem:Dalarna vapen.svg|thumb|100px|Brasão de Dalecárlia (Suécia)]]
={{-pt-}}=
==Substantivo==
{{proparoxítona aparente|Da|le|cár|li|a}}, {{f}}
# província histórica da [[Suécia]], situada no centro do país, na região histórica da Svealand
===Tradução===
{{tradini}}
* {{trad|de|Dalekarlien}}
* {{trad|es|Dalecarlia}}
* {{trad|eo|Dalekarlio}}
* {{trad|fi|Taalainmaa}}
* {{trad|fr|Dalécarlie}}
{{tradmeio}}
* {{trad|en|Dalecarlia}}
* {{trad|is|Dalir}}
* {{trad|la|Dalecarlia}}
* {{trad|sv|Dalarna}}
{{tradfim}}
=={{etimologia|pt}}==
: O termo sueco ''Dalarna'' é o plural definido de ''dal'', referente ao rio ''Dalälven''.
==Ver também==
===No Wikimedia Commons===
* [[commons:Category:Dalarna|Dalarna]]
[[Categoria:Substantivo (Português)]]
[[Categoria:Topónimo (Português)]]
[[Categoria:Entrada com imagem (Português)]]</text>
<sha1>tk837aee4qswuceb9ov1p8yeafkhitn</sha1>
</revision>
</page>
