<page>
<page>
<title>dalgures</title>
<ns>0</ns>
<id>46240</id>
<revision>
<id>2324751</id>
<parentid>1882116</parentid>
<timestamp>2017-04-30T09:27:03Z</timestamp>
<contributor>
<username>HydrizBot</username>
<id>29590</id>
</contributor>
<minor />
<comment>Robô: A limpar links interwikis antigos</comment>
<model>wikitext</model>
<format>text/x-wiki</format>
<text bytes="482" xml:space="preserve">={{-pt-}}=
==Contração==
{{paroxítona|dal|gu|res}}, ''invariável''
# contração da preposição [[de]] com o advérbio de lugar [[algures]]:
#: de algum lugar; de parte incerta ou imprecisa:
#:* ''São daqui, dali, '''dalgures''' ou de nenhures.''
==Ver também==
===No Wikcionário===
: Outras contrações '''de''' + '''advérbio de lugar''': [[daqui]], [[daí]], [[dali]], [[dacolá]], [[dalém]], [[daquém]], [[donde]], [[dantes]]
[[Categoria:Contração (Português)]]]</text>
<sha1>rpajf51grrbn4ppwoau5acpi3bnv2ih</sha1>
</revision>
