<page>
<title>dalgee</title>
<ns>0</ns>
<id>65048</id>
<revision>
<id>2324749</id>
<parentid>959359</parentid>
<timestamp>2017-04-30T09:27:00Z</timestamp>
<contributor>
<username>HydrizBot</username>
<id>29590</id>
</contributor>
<minor />
<comment>Robô: A limpar links interwikis antigos</comment>
<model>wikitext</model>
<format>text/x-wiki</format>
<text bytes="86" xml:space="preserve">={{-om-}}=
==Adjetivo==
'''dalgee'''
# [[horizontal]].
[[Categoria:Adjetivo (Oromo)]]</text>
<sha1>m9zgvpomuqayhu6sdiy1jphcfwhigii</sha1>
</revision>
</page>
