<page>
<page>
<title>dalgum</title>
<ns>0</ns>
<id>337895</id>
<revision>
<id>2324750</id>
<parentid>1913652</parentid>
<timestamp>2017-04-30T09:27:01Z</timestamp>
<contributor>
<username>HydrizBot</username>
<id>29590</id>
</contributor>
<minor />
<comment>Robô: A limpar links interwikis antigos</comment>
<model>wikitext</model>
<format>text/x-wiki</format>
<text bytes="305" xml:space="preserve">={{-pt-}}=
==Contração==
{{flex.pt|ms=dalgum|mp=dalguns|fs=dalguma|fp=dalgumas}}
{{oxítona|dal|gum}}, {{m|g=f}}
# contração da preposição '''[[de]]''' com o pronome indefinido '''[[algum]]'''
=={{etimologia|pt}}==
: {{escopo|Morfologia}} [[de]] + [[algum]].
[[Categoria:Contração (Português)]]</text>
<sha1>93s1xms8v13b9t0gqhtg0lfdqnmjhii</sha1>
</revision>
