<page>
<page>
<title>dali</title>
<ns>0</ns>
<id>46187</id>
<revision>
<id>2324752</id>
<parentid>2219574</parentid>
<timestamp>2017-04-30T09:27:06Z</timestamp>
<contributor>
<username>HydrizBot</username>
<id>29590</id>
</contributor>
<minor />
<comment>Robô: A limpar links interwikis antigos</comment>
<model>wikitext</model>
<format>text/x-wiki</format>
<text bytes="1087" xml:space="preserve">={{-pt-}}=
==Contração==
{{oxítona|da|li}}, ''invariável''
#[[contração]] da [[preposição]] '''[[de]]''' com o [[advérbio]] de [[lugar]] '''[[ali]]''':
##[[daquele]] [[lugar]]:
##*[...] ''como as águas do mar que batiam furiosas no rochedo que eles viam '''dali'''.'' – [[w:Machado de Assis|Machado de Assis]], [[w:Dom Casmurro|''Dom Casmurro'']], CXVII
##[[daquele]] [[momento]]; [[daquela]] [[ocasião]]:
##*[...] ''ela pediu-me segredo e revelou-me o que era: uma viagem à Europa '''dali''' a dous anos.'' – [[w:Machado de Assis|Machado de Assis]], [[w:Dom Casmurro|''Dom Casmurro'']], CXVIII
##[[daquilo]]; [[daquele]] [[ponto]]; [[daquela]] [[afirmação]]:
##*''Depois de tanto elogio, '''dali''' se inferia quem ia ser o nomeado.'' 
==Ver também==
===No Wikcionário===
Outras contrações de '''de''' + '''advérbio de lugar''':
{{verTambém.Ini}}
* [[daí]]
* [[dacolá]]
* [[dalém]]
{{verTambém.NovaColuna}}
* [[dalgures]]
* [[dantes]]
* [[daquém]]
{{verTambém.NovaColuna}}
* [[daqui]]
* [[donde]]
{{verTambém.Fim}}
[[Categoria:Contração (Português)]]</text>
<sha1>3c8cc1nyynyzd7il51t2tuvf1n32xw6</sha1>
</revision>
