<page>
<title>Dalilas</title>
<ns>0</ns>
<id>391448</id>
<revision>
<id>2478866</id>
<parentid>2478865</parentid>
<timestamp>2018-01-19T00:54:27Z</timestamp>
<contributor>
<ip>2804:431:D701:499C:CCB7:4DB:EED9:6381</ip>
</contributor>
<model>wikitext</model>
<format>text/x-wiki</format>
<text bytes="179" xml:space="preserve">={{-pt-}}=
==Forma de substantivo==
{{paroxítona|Da|li|las}}, {{gramática|pr|fp}}
# plural de [[Dalila]]
{{avi-for-fle|Dalila}}
[[Categoria:Forma de substantivo (Português)]]</text>
<sha1>4qcp7swqnxzcj9qgj8ln27lv67t71kc</sha1>
</revision>
</page>
