<page>
<page>
<title>Dalit</title>
<ns>0</ns>
<id>381807</id>
<revision>
<id>2442605</id>
<parentid>2442604</parentid>
<timestamp>2017-08-07T13:25:30Z</timestamp>
<contributor>
<username>Askekamo</username>
<id>60711</id>
</contributor>
<comment>ambivalência em gênero</comment>
<model>wikitext</model>
<format>text/x-wiki</format>
<text bytes="726" xml:space="preserve">={{-en-}}=
==Substantivo==
{{flex.en|s=Dalit|p=Dalits}}
'''Dalit'''
# pessoa que no sistema de castas da Índia do [[hinduísmo]] está no grupo formado por quem está atribuido a intocabilidade por se afirmar de forma bramânica que seriam impuros, historicamente segregado do resto das pessoas e restringidos de não poderem rezar ou adentrar nos templos e ao qual espera-se legar ou que assuma fazer labores braçais e considerados indignos, sujos, como a lida com os mortos, com couro, com carcaças de animais, artesanato de rua, artes folclóricas, escavação de fossas, com o lixo, varreção e lavagem de rua ou com aquilo que o resto da sociedade considera abjeto e desagradável
[[Categoria:Substantivo (Inglês)]]</text>
<sha1>tkp3z5pmivto9c0hhfjsbqkmpq8jltq</sha1>
</revision>
