<page>
<page>
<title>Dalilos</title>
<ns>0</ns>
<id>391447</id>
<revision>
<id>2478864</id>
<parentid>2478863</parentid>
<timestamp>2018-01-19T00:53:41Z</timestamp>
<contributor>
<ip>2804:431:D701:499C:CCB7:4DB:EED9:6381</ip>
</contributor>
<model>wikitext</model>
<format>text/x-wiki</format>
<text bytes="179" xml:space="preserve">={{-pt-}}=
==Forma de substantivo==
{{paroxítona|Da|li|los}}, {{gramática|pr|mp}}
# plural de [[Dalilo]]
{{avi-for-fle|Dalilo}}
[[Categoria:Forma de substantivo (Português)]]</text>
<sha1>qi2oohm1reh5iv6soo8fk4dyjnj9twd</sha1>
</revision>
