<page>
<page>
<title>Dalila</title>
<ns>0</ns>
<id>391445</id>
<revision>
<id>2502539</id>
<parentid>2478859</parentid>
<timestamp>2018-05-15T03:18:48Z</timestamp>
<contributor>
<username>MIL973</username>
<id>41339</id>
</contributor>
<model>wikitext</model>
<format>text/x-wiki</format>
<text bytes="302" xml:space="preserve">={{-pt-}}=
==Substantivo==
{{flex.pt|fs=Dalila|fp=Dalilas}}
{{paroxítona|Da|li|la}}, {{gramática|pr|f}}
# {{escopo|pt|Antropônimo}} [[Apêndice:Prenomes em português|prenome]] feminino
==Ver também==
===No Wikcionário===
====Antropônimos====
* [[Dalilo]]
[[Categoria:Substantivo (Português)]]</text>
<sha1>thqnj9dvqgtkspir2mvsl1nz80dbft8</sha1>
</revision>
