<page>
<title>dalimak</title>
<ns>0</ns>
<id>60432</id>
<revision>
<id>1535901</id>
<parentid>1508869</parentid>
<timestamp>2012-12-01T07:13:46Z</timestamp>
<contributor>
<username>VJBot</username>
<id>33673</id>
</contributor>
<minor />
<comment>Robô: Substituição de texto automática  (-{{vertb}} +Ver também)</comment>
<model>wikitext</model>
<format>text/x-wiki</format>
<text bytes="305" xml:space="preserve">={{-tet-}}=
==Numeral==
'''da.li.mak''' ''[[ordinal]]''
# [[quinto]], [[numeral]] [[ordinal]] [[relacionado]] [[ao]] [[número]] '''5'''.
==Ver também==
===No Wikcionário===
{{verTambém.Ini}}
* [[lima#{{tet}}|lima]]
{{verTambém.Fim}}
[[Categoria:Numeral (Tétum)]]
[[Categoria:Trissílabo (Tétum)]]</text>
<sha1>7ynsvdlhpbt177uyudd0v51hqhl2ati</sha1>
</revision>
</page>
