<page>
<page>
<title>dalle</title>
<ns>0</ns>
<id>315814</id>
<revision>
<id>2324754</id>
<parentid>1931474</parentid>
<timestamp>2017-04-30T09:27:12Z</timestamp>
<contributor>
<username>HydrizBot</username>
<id>29590</id>
</contributor>
<minor />
<comment>Robô: A limpar links interwikis antigos</comment>
<model>wikitext</model>
<format>text/x-wiki</format>
<text bytes="111" xml:space="preserve">{{Wikipédia|lang=fr}}
={{-fr-}}=
==Substantivo==
'''dalle'''
# [[laje]]
[[Categoria:Substantivo (Francês)]]</text>
<sha1>bfhbgaii5kwpz5yxhplktrq1ws8nmnn</sha1>
</revision>
