<page>
<title>dalmático</title>
<ns>0</ns>
<id>301088</id>
<revision>
<id>2324755</id>
<parentid>2177153</parentid>
<timestamp>2017-04-30T09:27:14Z</timestamp>
<contributor>
<username>HydrizBot</username>
<id>29590</id>
</contributor>
<minor />
<comment>Robô: A limpar links interwikis antigos</comment>
<model>wikitext</model>
<format>text/x-wiki</format>
<text bytes="336" xml:space="preserve">{{Wikipédia|Língua dálmata|dalmático}}
={{-pt-}}=
==Substantivo==
{{proparoxítona|dal|má|ti|co}}
# [[língua]] [[europeu|europeia]] [[extinto|extinta]] cujo código ISO 639-3 é '''dlm'''
==Ver também==
===No Wikcionário===
* [[:Categoria:Dalmático]]
[[Categoria:Substantivo (Português)]]
[[Categoria:Língua (Português)]]</text>
<sha1>0eaeykd9u20y30rba5v8lzs1liliud9</sha1>
</revision>
</page>
