<page>
<title>daltoniennes</title>
<ns>0</ns>
<id>155083</id>
<revision>
<id>2324758</id>
<parentid>1757947</parentid>
<timestamp>2017-04-30T09:27:19Z</timestamp>
<contributor>
<username>HydrizBot</username>
<id>29590</id>
</contributor>
<minor />
<comment>Robô: A limpar links interwikis antigos</comment>
<model>wikitext</model>
<format>text/x-wiki</format>
<text bytes="147" xml:space="preserve">={{-fr-}}=
==Forma de adjetivo==
'''daltoniennes''' {{f}} {{p}}
#feminino plural de '''[[daltonien]]'''
[[Categoria:Forma de adjetivo (Francês)]]</text>
<sha1>p7jd9cblzs8yx8cv0f3rikajkv6qn4j</sha1>
</revision>
</page>
