<page>
<title>daltônico</title>
<ns>0</ns>
<id>90461</id>
<revision>
<id>2324762</id>
<parentid>2202690</parentid>
<timestamp>2017-04-30T09:27:28Z</timestamp>
<contributor>
<username>HydrizBot</username>
<id>29590</id>
</contributor>
<minor />
<comment>Robô: A limpar links interwikis antigos</comment>
<model>wikitext</model>
<format>text/x-wiki</format>
<text bytes="376" xml:space="preserve">{{grafiaPtbr|daltónico}}
={{-pt-}}=
==Adjetivo==
{{flex.pt|ms=daltônico|mp=daltônicos|fs=daltônica|fp=daltônicas}}
{{proparoxítona|dal|tô|ni|co}}
# relativo ao [[daltonismo]]
==Substantivo==
{{proparoxítona|dal|tô|ni|co}}
# aquele que [[sofrer|sofre]] de [[daltonismo]]
[[Categoria:Adjetivo (Português)|daltonico]]
[[Categoria:Substantivo (Português)|daltonico]]</text>
<sha1>d7u3qo0shktse5uc3wv748q3grnf6bt</sha1>
</revision>
</page>
