<page>
<title>daltoniens</title>
<ns>0</ns>
<id>155081</id>
<revision>
<id>2324759</id>
<parentid>1757946</parentid>
<timestamp>2017-04-30T09:27:21Z</timestamp>
<contributor>
<username>HydrizBot</username>
<id>29590</id>
</contributor>
<minor />
<comment>Robô: A limpar links interwikis antigos</comment>
<model>wikitext</model>
<format>text/x-wiki</format>
<text bytes="130" xml:space="preserve">={{-fr-}}=
==Forma de adjetivo==
'''daltoniens''' {{p}}
#plural de '''[[daltonien]]'''
[[Categoria:Forma de adjetivo (Francês)]]</text>
<sha1>qd4e2jz6gbrhpt1x2qt968ke1p9ryjf</sha1>
</revision>
</page>
