<page>
<page>
<title>daltonien</title>
<ns>0</ns>
<id>154666</id>
<revision>
<id>2324756</id>
<parentid>1392914</parentid>
<timestamp>2017-04-30T09:27:16Z</timestamp>
<contributor>
<username>HydrizBot</username>
<id>29590</id>
</contributor>
<minor />
<comment>Robô: A limpar links interwikis antigos</comment>
<model>wikitext</model>
<format>text/x-wiki</format>
<text bytes="342" xml:space="preserve">={{-fr-}}=
==Adjetivo==
{{flex.fr|ms=[[daltonien]]|mp=[[daltoniens]]|fs=[[daltonienne]]|fp=[[daltoniennes]]}}
'''daltonien''', ''masculino''
#[[daltônico]]
==Substantivo==
'''daltonien''', ''masculino''
#[[daltônico]]
=={{pronúncia|fr}}==
*[[AFI]]:  /daltɔ'njɛ̃/
[[Categoria:Adjetivo (Francês)]]
[[Categoria:Substantivo (Francês)]]</text>
<sha1>klxezpg5qlimowv1qxg1wnc1i2hemnm</sha1>
</revision>
