<page>
<page>
<title>daltonismo</title>
<ns>0</ns>
<id>327555</id>
<revision>
<id>2611607</id>
<parentid>2324760</parentid>
<timestamp>2021-01-31T09:13:58Z</timestamp>
<contributor>
<username>Marxav</username>
<id>73271</id>
</contributor>
<minor />
<comment>AFI Portugal</comment>
<model>wikitext</model>
<format>text/x-wiki</format>
<text bytes="3121" xml:space="preserve">{{Wikipédia}}
{{Wikipédia|lang=eu}}
{{Wikipédia|lang=es}}
{{Wikipédia|lang=gl}}
{{Wikipédia|lang=it}}
={{-pt-}}=
==Substantivo==
{{flex.pt|ms=daltonismo|mp=daltonismos}}
{{paroxítona|dal|to|nis|mo}}, {{m}}
# [[perturbação]] da [[percepção]] [[visual]] caracterizada pela [[incapacidade]] de [[diferenciar]] todas ou algumas [[cor]]es, manifestando-se muitas vezes pela [[dificuldade]] em [[distinguir]] o [[verde]] do [[vermelho]]
===Sinônimos===
{{verTambém.Ini}}
* [[discromopsia]]
{{verTambém.NovaColuna}}
* [[discromatopsia]]
{{verTambém.Fim}}
===Tradução===
{{tradini}}
* {{trad|de|Farbenfehlsichtigkeit}}
* {{trad|ar|عمى الألوان}}
* {{trad|ast|daltonismu}}
* {{trad|az|daltonizm}}
* {{trad|eu|daltonismo}}
* {{trad|bn|বর্ণান্ধতা}}
* {{trad|be|дальтанізм}}
* {{trad|bg|цветна слепота}}
* {{trad|yue|色盲}}
* {{trad|ca|daltonisme}}
* {{trad|kk|дальтонизм}}
* {{trad|cs|barvoslepost}}
* {{trad|zh|色盲}}
* {{trad|ko|색각 이상}}
* {{trad|hr|daltonizam}}
* {{trad|ku|rengkorî}}
* {{trad|da|farveblindhed}}
* {{trad|sl|barvna slepota}}
* {{trad|es|daltonismo}}
* {{trad|et|värvipimedus}}
* {{trad|fi|värisokeus}}
* {{trad|fr|daltonisme}}
* {{trad|gl|daltonismo}}
* {{trad|ka|დალტონიზმი}}
* {{trad|el|αχρωματοψία}}
* {{trad|he|עיוורון צבעים}}
* {{trad|nl|kleurenblindheid}}
* {{trad|hu|színvakság}}
* {{trad|io|kolor-blindeso}}
{{tradmeio}}
* {{trad|id|buta warna}}
* {{trad|en|color blindness}}
* {{trad|it|daltonismo}}
* {{trad|ja|色覚異常}}
* {{trad|lv|krāsu aklums}}
* {{trad|lt|daltonizmas}}
* {{trad|mk|далтонизам}}
* {{trad|ml|വർണ്ണാന്ധത}}
* {{trad|ms|buta warna}}
* {{trad|ne|रंग अन्धता}}
* {{trad|no|fargeblindhet}}
* {{trad|fa|کوررنگی}}
* {{trad|pl|ślepota barw}}
* {{trad|ky|дальтонизм)}}
* {{trad|ro|daltonism}}
* {{trad|ru|дальтонизм}}
* {{trad|sr|далтонизам}}
* {{trad|sh|daltonizam}}
* {{trad|ckb|ڕەنگکوێری}}
* {{trad|sv|färgblindhet}}
* {{trad|su|lolong warna}}
* {{trad|th|ตาบอดสี}}
* {{trad|ta|நிறக்குருடு}}
* {{trad|cv|дальтонизм}}
* {{trad|te|వర్ణాంధత్వం}}
* {{trad|tr|renk körlüğü}}
* {{trad|uk|дальтонізм}}
* {{trad|ur|رنگ اندھا پن}}
* {{trad|vi|rối loạn sắc giác}}
{{tradfim}}
=={{etimologia|pt}}==
: {{escopo|Morfologia}} [[w:John_Dalton|Dalton]] + [[-ismo]].
=={{pronúncia|pt}}==
===Portugal===
* AFI: {{AFI|/daɫ.tu.ˈniʒ.mu/}}
[[Categoria:Substantivo (Português)]]
={{-eu-}}=
==Substantivo==
'''daltonismo'''
# [[daltonismo#Português|daltonismo]]
[[Categoria:Substantivo (Basco)]]
={{-es-}}=
==Substantivo==
'''daltonismo'''
# [[daltonismo#Português|daltonismo]]
[[Categoria:Substantivo (Espanhol)]]
={{-gl-}}=
==Substantivo==
'''daltonismo'''
# [[daltonismo#Português|daltonismo]]
[[Categoria:Substantivo (Galego)]]
={{-it-}}=
==Substantivo==
'''daltonismo'''
# [[daltonismo#Português|daltonismo]]
[[Categoria:Substantivo (Italiano)]]</text>
<sha1>rknbjz113xdz25wz1x65dp9t7dgjxue</sha1>
</revision>
