<page>
<title>Dalvas</title>
<ns>0</ns>
<id>390349</id>
<revision>
<id>2561261</id>
<parentid>2476253</parentid>
<timestamp>2019-11-13T07:43:00Z</timestamp>
<contributor>
<username>MIL973</username>
<id>41339</id>
</contributor>
<model>wikitext</model>
<format>text/x-wiki</format>
<text bytes="202" xml:space="preserve">={{-pt-}}=
==Forma de substantivo==
{{paroxítona|Dal|vas}}, {{gramática|pr|fp}}
# plural de [[Dalva]]
{{avi-for-fle|Dalva}}
==Anagrama==
# [[Valdas]]
[[Categoria:Forma de substantivo (Português)]]</text>
<sha1>jsy17qjf4ytrsplm1zzuoxcxg40cer6</sha1>
</revision>
</page>
