<page>
<page>
<title>Dalvino</title>
<ns>0</ns>
<id>390344</id>
<revision>
<id>2500334</id>
<parentid>2482834</parentid>
<timestamp>2018-05-02T12:50:34Z</timestamp>
<contributor>
<username>MIL973</username>
<id>41339</id>
</contributor>
<model>wikitext</model>
<format>text/x-wiki</format>
<text bytes="597" xml:space="preserve">={{-pt-}}=
==Substantivo==
{{flex.pt|ms=Dalvino|mp=Dalvinos}}
{{paroxítona|Dal|vi|no}}, {{gramática|pr|m}}
# {{escopo|pt|Antropônimo}} [[Apêndice:Prenomes em português|prenome]] masculino
==Ver também==
===No Wikcionário===
====Antropônimos====
{{colunas|3}}
* [[Alba]]
* [[Albina]]
* [[Albino]]
* [[Albo]]
* [[Alva]]
* [[Alves]]
* [[Alvim]]
* [[Alvina]]
* [[Alvino]]
* [[Alvo]]
* [[Dalva]]
* [[Dalvina]]
* [[Dalvo]]
* [[Ednalva]]
* [[Ednalvo]]
* [[Lindalva]]
* [[Lindalvo]]
* [[Marialva]]
* [[Marialvo]]
* [[Rosalva]]
* [[Rosalvo]]
{{colunas/fim}}
[[Categoria:Substantivo (Português)]]</text>
<sha1>fzmn3e8ld4cge400l6qnrkf89uncob6</sha1>
</revision>
