<page>
<title>Dalvina</title>
<ns>0</ns>
<id>390343</id>
<revision>
<id>2500333</id>
<parentid>2482833</parentid>
<timestamp>2018-05-02T12:50:21Z</timestamp>
<contributor>
<username>MIL973</username>
<id>41339</id>
</contributor>
<model>wikitext</model>
<format>text/x-wiki</format>
<text bytes="596" xml:space="preserve">={{-pt-}}=
==Substantivo==
{{flex.pt|fs=Dalvina|fp=Dalvinas}}
{{paroxítona|Dal|vi|na}}, {{gramática|pr|f}}
# {{escopo|pt|Antropônimo}} [[Apêndice:Prenomes em português|prenome]] feminino
==Ver também==
===No Wikcionário===
====Antropônimos====
{{colunas|3}}
* [[Alba]]
* [[Albina]]
* [[Albino]]
* [[Albo]]
* [[Alva]]
* [[Alves]]
* [[Alvim]]
* [[Alvina]]
* [[Alvino]]
* [[Alvo]]
* [[Dalva]]
* [[Dalvino]]
* [[Dalvo]]
* [[Ednalva]]
* [[Ednalvo]]
* [[Lindalva]]
* [[Lindalvo]]
* [[Marialva]]
* [[Marialvo]]
* [[Rosalva]]
* [[Rosalvo]]
{{colunas/fim}}
[[Categoria:Substantivo (Português)]]</text>
<sha1>kdd9cgzoig6exbti33atpmlgsq1azc4</sha1>
</revision>
</page>
