<page>
<title>Dalvinas</title>
<ns>0</ns>
<id>390347</id>
<revision>
<id>2476249</id>
<parentid>2476248</parentid>
<timestamp>2018-01-10T00:36:26Z</timestamp>
<contributor>
<username>MIL973</username>
<id>41339</id>
</contributor>
<model>wikitext</model>
<format>text/x-wiki</format>
<text bytes="182" xml:space="preserve">={{-pt-}}=
==Forma de substantivo==
{{paroxítona|Dal|vi|nas}}, {{gramática|pr|fp}}
# plural de [[Dalvina]]
{{avi-for-fle|Dalvina}}
[[Categoria:Forma de substantivo (Português)]]</text>
<sha1>n7wqsdl6hs96z1vexy93zde47ubv0i6</sha1>
</revision>
</page>
