<page>
<title>dalém</title>
<ns>0</ns>
<id>46229</id>
<revision>
<id>2324765</id>
<parentid>1883165</parentid>
<timestamp>2017-04-30T09:27:36Z</timestamp>
<contributor>
<username>HydrizBot</username>
<id>29590</id>
</contributor>
<minor />
<comment>Robô: A limpar links interwikis antigos</comment>
<model>wikitext</model>
<format>text/x-wiki</format>
<text bytes="666" xml:space="preserve">={{-pt-}}=
==Contração==
{{oxítona|da|lém}}, ''invariável''
# contração da preposição [[de]] com o advérbio de lugar [[além]]:
## [[dacolá]]; [[dali]]; [[daquele]] [[lugar]]; de [[longe]]; do outro mundo, da [[outro|outra]] [[vida]]:
##* [...] ''E o anjo da esmola, apontando o espaço divino, murmurara: «Venho '''dalém'''!»'' – [[w:Eça de Queiroz|Eça de Queirós]], [[w:Os Maias|''Os Maias'']], livro II, cap. VI''
==Ver também==
===No Wikcionário===
: Outras contrações '''de''' + '''advérbio de lugar''': [[daqui]], [[daí]], [[dali]], [[dacolá]], [[daquém]], [[dalgures]], [[donde]], [[dantes]]
[[Categoria:Contração (Português)]]</text>
<sha1>5lfmgbyrvr5txu0pikcqvse9msueaid</sha1>
</revision>
</page>
