<page>
<title>damasco</title>
<ns>0</ns>
<id>30109</id>
<revision>
<id>2685782</id>
<parentid>2619725</parentid>
<timestamp>2022-08-11T08:49:51Z</timestamp>
<contributor>
<username>ValJor</username>
<id>1358</id>
</contributor>
<comment>Trocando a tag center pela predefinição centro para corrigir problema de lint</comment>
<model>wikitext</model>
<format>text/x-wiki</format>
<text bytes="1012" xml:space="preserve">[[Imagem:Apricots.jpg|thumb|right|250px|{{centro|Damasco&lt;sup&gt;1&lt;/sup&gt;}}]]
{{ver também|Damasco}}
={{-pt-}}=
==Substantivo==
{{flex.pt|ms=damasco|mp=damascos}}
{{paroxítona|da|mas|co}}, {{gramática|m}}
# {{escopo|pt|Botânica}} [[fruto]] proveniente do [[damasqueiro]] ''Prunus armeniaca'', comumente comercializado de forma liofilizada
# [[tecido]] de [[seda]] com o [[desenho]] em [[relevo]] produzido na cidade de [[Damasco]]
===Sinônimos===
De '''1''' (fruto):
{{verTambém.Ini}}
* [[abricó]]
{{verTambém.NovaColuna}}
* [[alperce]]
{{verTambém.Fim}}
===Tradução===
{{tradini|De 1 (fruto)}}
* {{trad|sl|marelica}}
* {{trad|es|albaricoque|damasco}}
* {{trad|fr|abricot}}
{{tradmeio}}
* {{trad|en|apricot}}
* {{trad|it|albicocca}}
{{tradfim}}
=={{pronúncia|pt}}==
===Portugal===
* AFI: {{AFI|/dɐ.ˈmaʃ.ku/}}
==Anagramas==
&lt;!-- índice para anagramas: pt: aacdmos --&gt;
# [[mascado]]
# [[mocadas]]
# [[moçadas]]
# [[moscada]]
[[Categoria:Substantivo (Português)]]
[[Categoria:Fruta (Português)]]</text>
<sha1>8xf8bb0ut9uxtwg2x3yknnv0pu9t65v</sha1>
</revision>
</page>
