<page>
<title>damasqueiro</title>
<ns>0</ns>
<id>11046</id>
<revision>
<id>2610125</id>
<parentid>2324774</parentid>
<timestamp>2021-01-30T20:02:10Z</timestamp>
<contributor>
<username>Marxav</username>
<id>73271</id>
</contributor>
<minor />
<comment>AFI Portugal</comment>
<model>wikitext</model>
<format>text/x-wiki</format>
<text bytes="683" xml:space="preserve">[[Image:Apricot blossom detail1.jpg|130px|thumb|right|ramos e flores de damasqueiro]]
={{-pt-}}=
==Substantivo==
{{flex.pt|ms=damasqueiro|mp=damasqueiros}}
{{paroxítona|da|mas|quei|ro}}, {{m}}
# [[árvore]] da família das Rosáceas produtora dos [[damasco]]s, também conhecida por albricoqueiro, alperceiro e alpercheiro
===Tradução===
{{tradini}}
* {{trad|fr|abricotier}}
{{tradmeio}}
* {{trad|is|apríkósutré}}
{{tradfim}}
=={{pronúncia|pt}}==
===Portugal===
* AFI: {{AFI|/dɐ.mɐʃ.ˈkɐj.ɾu/}}
==Ver também==
===No Wikcionário===
* [[árvore]]
[[Categoria:Substantivo (Português)]]
[[Categoria:Árvore (Português)]]
[[Categoria:Entrada com imagem (Português)]]</text>
<sha1>q3v066fxn3ughzs0wltmr0t3w2axo90</sha1>
</revision>
</page>
