<page>
<page>
<title>damage</title>
<ns>0</ns>
<id>277715</id>
<revision>
<id>2324769</id>
<parentid>2257449</parentid>
<timestamp>2017-04-30T09:28:02Z</timestamp>
<contributor>
<username>HydrizBot</username>
<id>29590</id>
</contributor>
<minor />
<comment>Robô: A limpar links interwikis antigos</comment>
<model>wikitext</model>
<format>text/x-wiki</format>
<text bytes="159" xml:space="preserve">={{-en-}}=
==Substantivo==
'''damage'''
# [[dano]]
==Verbo==
'''damage'''
# [[danificar]]
[[Categoria:Substantivo (Inglês)]]
[[Categoria:Verbo (Inglês)]]</text>
<sha1>f18tkbu8u3b0osjxdby3g7uvoz94lav</sha1>
</revision>
