<page>
<page>
<title>Damasco</title>
<ns>0</ns>
<id>2502</id>
<revision>
<id>2621910</id>
<parentid>2621907</parentid>
<timestamp>2021-02-02T01:45:07Z</timestamp>
<contributor>
<username>Tribuno da Plebe</username>
<id>16095</id>
</contributor>
<minor />
<comment>adicionou [[Categoria:Capital (Português)]] usando [[Wikcionário:HotCat|HotCat]]</comment>
<model>wikitext</model>
<format>text/x-wiki</format>
<text bytes="475" xml:space="preserve">{{Wikipédia}}
{{ver também|damasco}}
={{-pt-}}=
== Substantivo Próprio ==
'''Da.mas.co'''
:#Capital da [[Síria]].
== Tradução ==
{{tradini}}
*{{es}}: {{xlatio|es|Damasco|}}
*{{fr}}: {{xlatio|fr|Damas|}}
*{{ca}}: {{xlatio|ca|Damasc|}}
{{tradmeio}}
*{{en}}: {{xlatio|en|Damascus|}}
*{{de}}: {{xlatio|de|Damaskus|}}
*{{sv}}: {{xlatio|sv|Damaskus|}}
{{tradfim}}
[[Categoria:Substantivo_({{pt}})]]
[[Categoria:Cidade (Português)]]
[[Categoria:Capital (Português)]]</text>
<sha1>7kpl2uhzcqw89u80drxr52prrf5p3ra</sha1>
</revision>
