<page>
<page>
<title>dama</title>
<ns>0</ns>
<id>10487</id>
<revision>
<id>2669120</id>
<parentid>2616515</parentid>
<timestamp>2022-03-29T10:39:45Z</timestamp>
<contributor>
<username>ValJor</username>
<id>1358</id>
</contributor>
<comment>Trocando a tag center pela predefinição centro para corrigir problema de lint</comment>
<model>wikitext</model>
<format>text/x-wiki</format>
<text bytes="5017" xml:space="preserve">{| style=&quot;float:right&quot;
|-
| colspan = 2 | {{Wikipédia|lang=pt}}
|-
| [[File:Schach Dame schwarz.svg|thumb|180px|{{centro|Dama&lt;sup&gt;1&lt;/sup&gt;}}]]
|-
| | [[Imagem:Poker-sm-223-Qh.png|thumb|250px|{{centro|Dama&lt;sup&gt;4&lt;/sup&gt;}}]]
|}
={{-pt-}}=
==Substantivo==
{{flex.pt|fs=dama|fp=damas}}
{{paroxítona|da|ma}}, {{gramática|f}}
# [[peça]] do [[jogo]] de [[xadrez]]
# [[mulher]] [[educado|educada]]
# [[mulher]] [[nobre]]
#* ''Está vendo aquela '''dama''' que vai entrando na igreja da Cruz?'' (Em [[s:Singular Ocorrência|Singular Ocorrência]] de Machado de Assis)
# [[nome]] de uma das [[carta]]s do [[baralho]]
#* ''A terceira carta foi '''dama''' e caiu à direita.'' (Em [[s:As Mulheres de Mantilha/XXII|As Mulheres de Mantilha (Capítulo XXII)]] de Joaquim Manuel de Macedo)
===Tradução===
{{tradini|De 1 (uma das peças do jogo de xadrez)}}
* {{trad|de|Königin|Dame}}
* {{trad|ca|dama|reina}}
* {{trad|da|dronning}}
* {{trad|sk|dáma|kráľovná}}
* {{trad|es|dama}}
* {{trad|eo|damo}}
* {{trad|fi|kuningatar}}
* {{trad|fr|dame|reine}}
* {{trad|fr|dame}}
* {{trad|cy|brenhines}}
* {{trad|ka|ლაზიერი}}
* {{trad|el|βασίλισσα}}
{{tradmeio}}
* {{trad|nl|dame|koningin}}
* {{trad|en|queen}}
* {{trad|ga|banríon}}
* {{trad|it|dama|donna}}
* {{trad|ja|クイーン}}
* {{trad|lt|valdovė}}
* {{trad|no|dronning}}
* {{trad|pl|królowa|dama}}
* {{trad|ro|regină}}
* {{trad|ru|ферзь}}
* {{trad|sv|dam}}
{{tradfim}}
{{tradini|De 2 ou 3 (mulher educada ou nobre)}}
* {{trad|de|Dame}}
* {{trad|ar|سيدة}}
* {{trad|arn|kure}}
* {{trad|eu|andre}}
* {{trad|br|itron}}
* {{trad|bg|дама}}
* {{trad|csb|dama}}
* {{trad|da|dame|frue}}
* {{trad|sk|dáma}}
* {{trad|es|señora|esposa|dama}}
* {{trad|eo|sinjorino}}
* {{trad|et|daam}}
* {{trad|fi|rouva}}
* {{trad|fr|dame}}
* {{trad|gd|bean-uasal}}
* {{trad|gl|señora}}
* {{trad|cy|boneddiges|gwraig fonheddig}}
* {{trad|gn|tembireko}}
* {{trad|gu|મહિલા}}
* {{trad|hi|महिला}}
* {{trad|nl|dame}}
* {{trad|id|wanita|ibu}}
{{tradmeio}}
* {{trad|en|lady|dame|woman|female}}
* {{trad|ga|a bhean uasal}}
* {{trad|is|frú|dama}}
* {{trad|it|signora|dama}}
* {{trad|ja|淑女}}
* {{trad|la|domina}}
* {{trad|lv|ledija|kundze}}
* {{trad|mr|घरंदाज स्त्री}}
* {{trad|no|dame|frue}}
* {{trad|fa|بانو}}
* {{trad|pl|pani|dama}}
* {{trad|pa|ਮਹਿਲਾ}}
* {{trad|ro|doamna}}
* {{trad|ru|госпожа}}
* {{trad|sa|नारी}}
* {{trad|sro|sennora}}
* {{trad|sr|госпођа}}
* {{trad|sv|damen}}
* {{trad|tr|hanimefendi}}
* {{trad|vec|siora}}
{{tradfim}}
{{tradini|De 4 (nome de uma das cartas do baralho)}}
* {{trad|af|vrou}}
* {{trad|de|Dame}}
* {{trad|cs|dáma}}
* {{trad|hr|dama}}
* {{trad|da|dame}}
* {{trad|sl|dama}}
* {{trad|es|reina}}
* {{trad|eo|reĝino}}
* {{trad|fi|kuningatar|rouva|akka}}
* {{trad|fr|reine}}
* {{trad|he|מלכה}}
* {{trad|nl|vrouw}}
* {{trad|hu|dáma}}
* {{trad|id|ratu}}
{{tradmeio}}
* {{trad|en|queen}}
* {{trad|ga|banríon}}
* {{trad|is|drottning}}
* {{trad|it|regina}}
* {{trad|ja|クイーン}}
* {{trad|mt|donna}}
* {{trad|no|dronning}}
* {{trad|pl|dama}}
* {{trad|ro|damă}}
* {{trad|ru|дама}}
* {{trad|sv|dam}}
* {{trad|tr|kız}}
* {{trad|vi|đam}}
{{tradfim}}
=={{etimologia|pt}}==
{{llietimo|fr|dame|pt}}
=={{pronúncia|pt}}==
===Portugal===
* AFI: {{AFI|/ˈdɐ.mɐ/}}
==Ver também==
===No Wikcionário===
{{verTambém.Ini}}
* [[adamar]]-se
{{verTambém.NovaColuna}}
* [[baralho]]
{{verTambém.NovaColuna}}
* [[nobreza]]
{{verTambém.Fim}}
{{xadrez/pt}}
[[Categoria:Substantivo (Português)]]
[[Categoria:Entrada com imagem (Português)]]
={{-aa-}}=
==Verbo==
'''dama'''
# [[comprar]]
[[Categoria:Verbo (Afar)]]
[[Categoria:Falso cognato (Afar)]]
={{-csb-}}=
==Substantivo==
'''dama'''
# [[dama#Português|dama]]&lt;sup&gt;2 ou 3&lt;/sup&gt;
# [[pavimento]]
[[Categoria:Substantivo (Cachúbio)]]
={{-ca-}}=
==Substantivo==
'''dama'''
# [[dama#Português|dama]]&lt;sup&gt;1&lt;/sup&gt;
[[Categoria:Substantivo (Catalão)]]
={{-hr-}}=
==Substantivo==
'''dama'''
# [[dama#Português|dama]]&lt;sup&gt;4&lt;/sup&gt;
[[Categoria:Substantivo (Croata)]]
={{-sl-}}=
==Substantivo==
'''dama'''
# [[dama#Português|dama]]&lt;sup&gt;4&lt;/sup&gt;
[[Categoria:Substantivo (Esloveno)]]
={{-es-}}=
==Substantivo==
'''dama'''
# [[dama#Português|dama]]&lt;sup&gt;1, 2, 3&lt;/sup&gt;
[[Categoria:Substantivo (Espanhol)]]
={{-fr-}}=
==Forma verbal==
'''dama'''
# terceira pessoa do singular do passado simples do verbo [[damer]]
[[Categoria:Forma verbal (Francês)]]
={{-is-}}=
==Substantivo==
'''dama'''
# [[dama#Português|dama]]&lt;sup&gt;2 ou 3&lt;/sup&gt;
==Ver também==
===No Wikcionário===
* [[dömubindi]]
[[Categoria:Substantivo (Islandês)]]
={{-it-}}=
==Substantivo==
'''dama'''
# [[dama#Português|dama]]&lt;sup&gt;1, 2, 3&lt;/sup&gt;
[[Categoria:Substantivo (Italiano)]]
={{-pl-}}=
==Substantivo==
'''dama'''
# [[dama#Português|dama]]&lt;sup&gt;1, 2, 3, 4&lt;/sup&gt;
[[Categoria:Substantivo (Polonês)]]
={{-wo-}}=
==Pronome==
'''dama'''
# [[eu]]
[[Categoria:Pronome (Uolofe)]]
[[Categoria:Falso cognato (Uolofe)]]</text>
<sha1>5uth0sldbqi8blsdrl4b0yrctq6wpa1</sha1>
</revision>
