<page>
<title>damas</title>
<ns>0</ns>
<id>10509</id>
<revision>
<id>2626111</id>
<parentid>2324771</parentid>
<timestamp>2021-03-09T09:38:38Z</timestamp>
<contributor>
<username>ValJor</username>
<id>1358</id>
</contributor>
<comment>Melhorando a apresentação do verbete usando a [[:predefinição:cria-entrada]]</comment>
<model>wikitext</model>
<format>text/x-wiki</format>
<text bytes="3273" xml:space="preserve">{{Wikipédia|lang=pt}}
{{Wikipédia|lang=es}}
{{Wikipédia|lang=gl}}
{{Wikipédia|lang=lfn}}
[[Imagem:Damiera cropped mirrored.JPG|thumb|right|250px|{{centro|Damas}}]]
={{-pt-}}=
==Substantivo== 
{{flex.pt|fs=dama|fp=damas}}
{{paroxítona|da|mas}}, {{gramática|f}}
# [[jogo]] de [[tabuleiro]] para dois jogadores que usa um tabuleiro [[quadrado]] com sessenta e quatro quadrados menores alternados claros e escuros, chamados casas; cada [[jogador]] tem doze [[peças]]; o objetivo do jogo é [[capturar]] ou [[imobilizar]] as peças do [[adversário]]
===Tradução===
{{tradini}}
* {{trad|de|Dame}}
* {{trad|ar|ضامة}}
* {{trad|hy|շաշկի}}
* {{trad|ast|dames}}
* {{trad|az|dama}}
* {{trad|map-bms|dhamdhaman}}
* {{trad|eu|dama-joko}}
* {{trad|be|шашкі}}
* {{trad|my|ကျားထိုးခြင်း}}
* {{trad|bs|dama}}
* {{trad|yue|跳棋}}
* {{trad|ca|dames}}
* {{trad|kk|дойбы}}
* {{trad|cs|dáma}}
* {{trad|zh|西洋跳棋}}
* {{trad|ko|체커}}
* {{trad|jam|jraaf}}
* {{trad|hr|dama}}
* {{trad|da|dam}}
* {{trad|sco|dams}}
* {{trad|sk|dáma}}
* {{trad|sl|dama}}
* {{trad|es|damas}}
* {{trad|eo|damludo}}
* {{trad|et|kabe}}
* {{trad|fo|damm}}
* {{trad|fi|tammi}}
* {{trad|fr|dames}}
* {{trad|fy|damjen}}
* {{trad|gd|dàmais}}
* {{trad|gl|damas}}
* {{trad|cy|draffts}}
* {{trad|gan|西洋跳棋}}
* {{trad|el|ντάμα}}
* {{trad|he|דמקה}}
* {{trad|hi|गोटी}}
* {{trad|nl|dammen}}
* {{trad|hu|dámajáték}}
{{tradmeio}}
* {{trad|sah|дуобат}}
* {{trad|en|draughts}}
* {{trad|ie|dame}}
* {{trad|is|damm}}
* {{trad|it|dama}}
* {{trad|ja|チェッカー}}
* {{trad|la|damicus ludus}}
* {{trad|lv|dambrete}}
* {{trad|li|damme}}
* {{trad|lfn|damas}}
* {{trad|lt|šaškės}}
* {{trad|mk|дама}}
* {{trad|ms|dam}}
* {{trad|nan|thiàu-kî}}
* {{trad|mn|зуун буудалт даам}}
* {{trad|no|dam}}
* {{trad|nn|dam}}
* {{trad|fa|چکرز}}
* {{trad|pl|warcaby}}
* {{trad|ro|dame}}
* {{trad|ru|шашки}}
* {{trad|nso|moruba}}
* {{trad|sr|дама}}
* {{trad|sh|dame}}
* {{trad|scn|dama}}
* {{trad|sv|damspel}}
* {{trad|tl|dama}}
* {{trad|th|หมากฮอส}}
* {{trad|tt|халыкара шашка уены}}
* {{trad|bo|མཆོང་སྒྲིག་མིག་མངས།}}
* {{trad|tr|dama}}
* {{trad|tk|şaşka}}
* {{trad|uk|шашки}}
* {{trad|ur|ڈرافٹس}}
* {{trad|vec|dama}}
* {{trad|vi|cờ đam}}
* {{trad|vro|tamka}}
* {{trad|wuu|国际跳棋}}
{{tradfim}}
==Forma de substantivo==
{{paroxítona|da|mas}}
# plural de [[dama]]
{{avi-for-fle|dama}}
[[Categoria:Substantivo (Português)]]
[[Categoria:Forma de substantivo (Português)]]
[[Categoria:Jogo (Português)]]
[[Categoria:Entrada com imagem (Português)]]
={{-es-}}=
==Substantivo== 
'''damas'''
# [[damas#Português|damas]]
[[Categoria:Substantivo (Espanhol)]]
[[Categoria:Jogo (Espanhol)]]
[[Categoria:Entrada com imagem (Espanhol)]]
={{-gl-}}=
==Substantivo== 
'''damas'''
# [[damas#Português|damas]]
[[Categoria:Substantivo (Galego)]]
[[Categoria:Jogo (Galego)]]
[[Categoria:Entrada com imagem (Galego)]]
={{-lfn-}}=
==Substantivo== 
'''damas'''
# [[damas#Português|damas]]
[[Categoria:Substantivo (Língua Franca Nova)]]
[[Categoria:Jogo (Língua Franca Nova)]]
[[Categoria:Entrada com imagem (Língua Franca Nova)]]</text>
<sha1>1xhs0spzmjwqp1xhfhi1s2qy9mgs3jw</sha1>
</revision>
</page>
