<page>
<page>
<title>damanense</title>
<ns>0</ns>
<id>118884</id>
<revision>
<id>2096331</id>
<parentid>1597367</parentid>
<timestamp>2016-05-03T23:56:58Z</timestamp>
<contributor>
<username>Luan</username>
<id>1279</id>
</contributor>
<minor />
<comment>[[Wikcionário:Esplanada/Arquivo/2015/Novembro#Quadros de flexão, categorias gramaticais e categorização por predefinição|substituição de predef obsoleta]], replaced: == Etimologia == → =={{etimolo utilizando [[Project:AutoWikiBrowser|AWB]]</comment>
<model>wikitext</model>
<format>text/x-wiki</format>
<text bytes="606" xml:space="preserve">={{-pt-}}=
== Adjetivo ==
{{flex.pt|s=damanense|p=damanenses|s-div=da.ma.&lt;u&gt;nen&lt;/u&gt;.se|p-div=da.ma.&lt;u&gt;nen&lt;/u&gt;.ses}}
'''damanense''', ''comum aos dois gêneros''
# [[relativo]] [[ao]] [[Damão]], [[na]] [[Índia]].
# [[natural]] [[do]] [[Damão]], [[na]] [[Índia]].
=={{etimologia|pt}}==
: De ''[[Damão#{{pt}}|Damão]]'' + ''[[-ense#{{pt}}|-ense]]''&lt;ref&gt;Dicionário Web. &quot;Damanense&quot;. Ligação: &lt;[http://www.dicionarioweb.com.br/damanense.html http://www.dicionarioweb.com.br/damanense.html]&gt;. Acessado em 31 de julho de 2009.&lt;/ref&gt;.
== Referências ==
&lt;references/&gt;
[[Categoria:Adjetivo (Português)]]</text>
<sha1>0luvnd582p8zg49icodob4ae74apkjo</sha1>
</revision>
