<page>
<title>damascos</title>
<ns>0</ns>
<id>261913</id>
<revision>
<id>2324773</id>
<parentid>1952553</parentid>
<timestamp>2017-04-30T09:28:16Z</timestamp>
<contributor>
<username>HydrizBot</username>
<id>29590</id>
</contributor>
<minor />
<comment>Robô: A limpar links interwikis antigos</comment>
<model>wikitext</model>
<format>text/x-wiki</format>
<text bytes="150" xml:space="preserve">={{-pt-}}=
==Forma de substantivo==
'''damascos''', {{p}}
#plural de '''[[damasco#{{pt}}|damasco]]'''
[[Categoria:Forma de substantivo (Português)]]</text>
<sha1>tnetvet1l8mdkqzare7jfjrser0yfp6</sha1>
</revision>
</page>
