<page>
<page>
<title>damals</title>
<ns>0</ns>
<id>33707</id>
<revision>
<id>2688693</id>
<parentid>2686769</parentid>
<timestamp>2022-09-22T08:51:05Z</timestamp>
<contributor>
<username>ValJor</username>
<id>1358</id>
</contributor>
<comment>Melhorando a apresentação do verbete</comment>
<model>wikitext</model>
<format>text/x-wiki</format>
<text bytes="556" xml:space="preserve">={{-de-}}=
==Advérbio==
{{paroxítona|da|mals|lang=de}}
# [[então]], naquela ocasião
===Sinônimos===
{{verTambém.Ini}}
* {{link opcional|dazumal|de}}
* {{link opcional|ehedem|de}}
{{verTambém.NovaColuna|33}}
* {{link opcional|einstens|de}}
* {{link opcional|seinerzeit|de}}
{{verTambém.NovaColuna|33}}
* {{link opcional|vormals|de}}
{{verTambém.Fim}}
===Verbetes derivados===
{{verTambém.Ini}}
* {{link opcional|damalig|de}}
{{verTambém.Fim}}
=={{etimologia|de}}==
: {{escopo|Morfologia}} [[da-]] + [[Mals]].
[[Categoria:Advérbio (Alemão)]]</text>
<sha1>m7pfup3gqv55c03rvpbqk9jv4ablwmh</sha1>
</revision>
