<page>
<title>damba</title>
<ns>0</ns>
<id>87735</id>
<revision>
<id>2324775</id>
<parentid>1956753</parentid>
<timestamp>2017-04-30T09:28:21Z</timestamp>
<contributor>
<username>HydrizBot</username>
<id>29590</id>
</contributor>
<minor />
<comment>Robô: A limpar links interwikis antigos</comment>
<model>wikitext</model>
<format>text/x-wiki</format>
<text bytes="247" xml:space="preserve">={{-pt-}}=
==Substantivo==
{{paroxítona|dam|ba}}
# {{escopo|Angola}} [[depressão]] ou [[desfiladeiro]] entre dois [[morro]]s por onde correm as [[água]]s pluviais para algum [[rio]]
[[Categoria:Substantivo (Português)]]
[[Categoria:Angolano]]</text>
<sha1>ajpme3zb166pcfxtr8ntf0ih4uombhn</sha1>
</revision>
</page>
