<page>
<title>Dambros</title>
<ns>0</ns>
<id>132819</id>
<revision>
<id>1192714</id>
<parentid>580212</parentid>
<timestamp>2011-07-08T22:06:49Z</timestamp>
<contributor>
<username>MalafayaBot</username>
<id>628</id>
</contributor>
<minor />
<comment>Robô: Substituição de texto automática (-^\=\s?Português\s?\= +={{-pt-}}= &amp; -^\=\s?\{\{pt\}\}\s?\= +={{-pt-}}=)</comment>
<model>wikitext</model>
<format>text/x-wiki</format>
<text bytes="162" xml:space="preserve">={{-pt-}}=
==Substantivo==
'''Dambros''' {{pr}}
#[[sobrenome]] [[italiano]]
===Variações===
*[[D'Ambros]]
*[[Dambroz]]
[[Categoria:Antropônimo (Português)]]</text>
<sha1>4t1pflxqsiszuvmgcnup0yqfcoul98g</sha1>
</revision>
</page>
