<page>
<title>damenggo</title>
<ns>0</ns>
<id>368281</id>
<revision>
<id>2608327</id>
<parentid>2196664</parentid>
<timestamp>2021-01-15T16:27:15Z</timestamp>
<contributor>
<username>ValJor</username>
<id>1358</id>
</contributor>
<comment>Substituindo a [[Especial:Páginas_afluentes/Predefinição:escopoCatLang|predefinição escopoCatLang]] por escopo</comment>
<model>wikitext</model>
<format>text/x-wiki</format>
<text bytes="224" xml:space="preserve">={{-ch-}}=
==Substantivo==
'''damenggo'''
# {{escopo|ch|Dia da semana}} [[domingo]]
=={{etimologia|ch}}==
{{llietimo|es|domingo|ch}}
==Ver também==
===No Wikcionário===
{{semana/ch}}
[[Categoria:Substantivo (Chamorro)]]</text>
<sha1>sktapyg2j0zg2c8pt55qig25zuq3hrt</sha1>
</revision>
</page>
