<page>
<page>
<title>dame</title>
<ns>0</ns>
<id>60433</id>
<revision>
<id>2324776</id>
<parentid>2244613</parentid>
<timestamp>2017-04-30T09:28:29Z</timestamp>
<contributor>
<username>HydrizBot</username>
<id>29590</id>
</contributor>
<minor />
<comment>Robô: A limpar links interwikis antigos</comment>
<model>wikitext</model>
<format>text/x-wiki</format>
<text bytes="1088" xml:space="preserve">={{-da-}}=
==Substantivo==
'''dame'''
# [[mulher]]
# [[senhora]]
# {{escopo|Baralho}} [[dama]], [[rainha]]
[[Categoria:Substantivo (Dinamarquês)]]
={{-es-}}=
==Forma verbal==
'''dame'''
# flexão do verbo [[dar]]
[[Categoria:Forma verbal (Espanhol)]]
={{-fr-}}=
==Substantivo==
'''dame'''
# [[senhora]]
# {{escopo|Xadrez}} [[dama]], [[rainha]]
# {{escopo|Baralho}} [[dama]], [[rainha]]
[[Categoria:Substantivo (Francês)]]
={{-nl-}}=
==Substantivo==
'''dame'''
# [[senhora]]
# {{escopo|Xadrez}} [[dama]], [[rainha]]
[[Categoria:Substantivo (Holandês)]]
={{-en-}}=
==Substantivo==
'''dame'''
# {{escopo|Reino Unido}} [[dama]] (feminino de [[sir]])
==Anagramas==
# [[made]]
# [[mead]]
[[Categoria:Substantivo (Inglês)]]
={{-it-}}=
==Forma de substantivo==
'''dame'''
# flexão de [[dama]]
[[Categoria:Forma de substantivo (Italiano)]]
={{-no-}}=
==Substantivo==
'''dame'''
# [[mulher]]
# [[senhora]]
# {{escopo|Baralho}} [[dama]], [[rainha]]
[[Categoria:Substantivo (Norueguês)]]
={{-tet-}}=
==Substantivo==
'''dame'''
# [[paz]]
[[Categoria:Substantivo (Tétum)]]</text>
<sha1>489x37w2jbc1ygarmwjo9b8hz90nfl2</sha1>
</revision>
