<page>
<page>
<title>Damiana</title>
<ns>0</ns>
<id>347331</id>
<revision>
<id>2502541</id>
<parentid>2457625</parentid>
<timestamp>2018-05-15T03:19:32Z</timestamp>
<contributor>
<username>MIL973</username>
<id>41339</id>
</contributor>
<model>wikitext</model>
<format>text/x-wiki</format>
<text bytes="406" xml:space="preserve">={{-pt-}}=
==Substantivo==
{{flex.pt|fs=Damiana|fp=Damianas}}
{{paroxítona|Da|mi|a|na}}, {{gramática|pr|f}}
# {{escopo|pt|Antropônimo}} [[Apêndice:Prenomes em português|prenome]] feminino
===Tradução===
{{tradini}}
* {{trad|es|Damiana}}
{{tradmeio}}
* {{trad|it|Damiana}}
{{tradfim}}
==Ver também==
===No Wikcionário===
====Antropônimos====
* [[Damião]]
[[Categoria:Substantivo (Português)]]</text>
<sha1>b7d2fjmv8msztl8fq2ahlw33sd2x3ky</sha1>
</revision>
