<page>
<title>damiãoense</title>
<ns>0</ns>
<id>338888</id>
<revision>
<id>2502542</id>
<parentid>2457627</parentid>
<timestamp>2018-05-15T03:20:01Z</timestamp>
<contributor>
<username>MIL973</username>
<id>41339</id>
</contributor>
<model>wikitext</model>
<format>text/x-wiki</format>
<text bytes="538" xml:space="preserve">={{-pt-}}=
==Adjetivo==
{{flex.pt|s=damiãoense|p=damiãoenses}}
{{paroxítona|da|mi|ão|en|se}}, {{gramática|c2g}}
# {{escopo|pt|Gentílico}} de [[Damião]], cidade paraibana
==Substantivo==
{{flex.pt|s=damiãoense|p=damiãoenses}}
{{paroxítona|da|mi|ão|en|se}}, {{gramática|c2g}}
# {{escopo|pt|Gentílico}} natural de Damião ou seu habitante
=={{etimologia|pt}}==
: {{escopo|Morfologia}} De [[Damião]] + [[-ense]].
==Ligações externas==
* {{Aulete}}
[[Categoria:Adjetivo (Português)]]
[[Categoria:Substantivo (Português)]]</text>
<sha1>rkcob05302hrm2c17o5f7ozbp3acm43</sha1>
</revision>
</page>
