<page>
<page>
<title>damn</title>
<ns>0</ns>
<id>345888</id>
<revision>
<id>2675502</id>
<parentid>2453798</parentid>
<timestamp>2022-04-29T16:56:35Z</timestamp>
<contributor>
<username>Udutdut</username>
<id>86353</id>
</contributor>
<model>wikitext</model>
<format>text/x-wiki</format>
<text bytes="756" xml:space="preserve">={{-en-}}=
==Adjetivo==
'''damn'''
# [[merda]] de
==Advérbio==
'''damn'''
# [[muito]]
==Interjeição==
'''damn'''
# [[droga]]!
===Expressões===
* '''[[damn it]]'''
===Sinônimo===
* [[dayum]]
==Substantivo==
'''damn'''
# [[porcaria]], [[maldição]]
==Verbo==
'''damn'''
# [[amaldiçoar]], [[danar]], [[condenar]] ao [[inferno]]
=={{etimologia|en}}==
{{llietimo|enm|dampnen|en|ponto=não}} e este do {{etm|fro|en}} {{etimo|fro|damner}} e este do {{etm|la|en}} {{etimo|la|damnare}}
=={{pronúncia|en}}==
* [[AFI]]: /dæm/
==Ver também==
===No Wikcionário===
* [[fucking]]
[[Categoria:Adjetivo (Inglês)]]
[[Categoria:Advérbio (Inglês)]]
[[Categoria:Interjeição (Inglês)]]
[[Categoria:Substantivo (Inglês)]]
[[Categoria:Verbo (Inglês)]]</text>
<sha1>0cfw8q5odzelcr0xm676qg974bfy02v</sha1>
</revision>
