<page>
<title>damnita</title>
<ns>0</ns>
<id>250079</id>
<revision>
<id>2324785</id>
<parentid>2066856</parentid>
<timestamp>2017-04-30T09:28:56Z</timestamp>
<contributor>
<username>HydrizBot</username>
<id>29590</id>
</contributor>
<minor />
<comment>Robô: A limpar links interwikis antigos</comment>
<model>wikitext</model>
<format>text/x-wiki</format>
<text bytes="376" xml:space="preserve">={{-eo-}}=
==Forma verbal==
'''dam.{{grifar|ni}}.ta'''
# [[particípio]] [[passivo]] [[do]] [[passado]] do [[verbo]] '''''[[damni]]'''''
===Declinação===
{{decl.eo.subst}}
===Conjugação===
{{conj.eo|damn}}
=={{etimologia|eo}}==
{{etimo.eo|damn|-it-|-a}}
[[Categoria:Forma verbal (Esperanto)]]
[[Categoria:Trissílabo (Esperanto)]]
[[Categoria:Paroxítona (Esperanto)]]</text>
<sha1>cqqj8aq26m3o60665r5ldwythkhi4tr</sha1>
</revision>
</page>
