<page>
<page>
<title>damnos</title>
<ns>0</ns>
<id>243625</id>
<revision>
<id>2588721</id>
<parentid>2324788</parentid>
<timestamp>2020-05-24T17:26:41Z</timestamp>
<contributor>
<username>ValJor</username>
<id>1358</id>
</contributor>
<comment>Verbete [[:Categoria:!Página com idioma não informado em Predefinição:etimologia|sem indicação do idioma na seção de etimologia]]</comment>
<model>wikitext</model>
<format>text/x-wiki</format>
<text bytes="484" xml:space="preserve">={{-pt-}}=
==Forma de substantivo==
{{paroxítona|dam|nos}}
# plural de [[damno]] (grafia antiga de [[dano]])
{{avi-for-fle|damno}}
[[Categoria:Forma de substantivo (Português)]]
={{-eo-}}=
==Forma verbal==
'''{{grifar|dam}}.nos'''
# futuro do verbo [[damni]]
{{avi-for-fle|damni}}
===Conjugação===
{{conj.eo|damn}}
=={{etimologia|eo}}==
{{etimo.eo|damn|-os}}
[[Categoria:Forma verbal (Esperanto)]]
[[Categoria:Dissílabo (Esperanto)]]
[[Categoria:Paroxítona (Esperanto)]]</text>
<sha1>gtjzglkyarw7w0mgr7il7f8807ct83f</sha1>
</revision>
