<page>
<page>
<title>damnu</title>
<ns>0</ns>
<id>250074</id>
<revision>
<id>2324790</id>
<parentid>2066859</parentid>
<timestamp>2017-04-30T09:29:06Z</timestamp>
<contributor>
<username>HydrizBot</username>
<id>29590</id>
</contributor>
<minor />
<comment>Robô: A limpar links interwikis antigos</comment>
<model>wikitext</model>
<format>text/x-wiki</format>
<text bytes="297" xml:space="preserve">={{-eo-}}=
==Forma verbal==
'''{{grifar|dam}}.nu'''
# [[imperativo]] do [[verbo]] '''''[[damni]]'''''
===Conjugação===
{{conj.eo|damn}}
=={{etimologia|eo}}==
{{etimo.eo|damn|-u}}
[[Categoria:Forma verbal (Esperanto)]]
[[Categoria:Dissílabo (Esperanto)]]
[[Categoria:Paroxítona (Esperanto)]]</text>
<sha1>h8pwe9sp0vjm0kqtu7r8lc74wvx97wz</sha1>
</revision>
