<page>
<title>damnas</title>
<ns>0</ns>
<id>250073</id>
<revision>
<id>2324780</id>
<parentid>2066851</parentid>
<timestamp>2017-04-30T09:28:44Z</timestamp>
<contributor>
<username>HydrizBot</username>
<id>29590</id>
</contributor>
<minor />
<comment>Robô: A limpar links interwikis antigos</comment>
<model>wikitext</model>
<format>text/x-wiki</format>
<text bytes="297" xml:space="preserve">={{-eo-}}=
==Forma verbal==
'''{{grifar|dam}}.nas'''
# [[presente]] do [[verbo]] '''''[[damni]]'''''
===Conjugação===
{{conj.eo|damn}}
=={{etimologia|eo}}==
{{etimo.eo|damn|-as}}
[[Categoria:Forma verbal (Esperanto)]]
[[Categoria:Dissílabo (Esperanto)]]
[[Categoria:Paroxítona (Esperanto)]]</text>
<sha1>0j7hvud8xn9fzchb4a7qq9xxozih0rb</sha1>
</revision>
</page>
