<page>
<title>damni</title>
<ns>0</ns>
<id>250088</id>
<revision>
<id>2324782</id>
<parentid>2066853</parentid>
<timestamp>2017-04-30T09:28:49Z</timestamp>
<contributor>
<username>HydrizBot</username>
<id>29590</id>
</contributor>
<minor />
<comment>Robô: A limpar links interwikis antigos</comment>
<model>wikitext</model>
<format>text/x-wiki</format>
<text bytes="321" xml:space="preserve">={{-eo-}}=
==Verbo==
'''{{grifar|dam}}.ni'''
# [[danar]], [[condenar]]
===Conjugação===
{{conj.eo|damn}}
=={{etimologia|eo}}==
{{etimo.eo|damn|-i}}
=={{pronúncia}}==
* [[AFI]]: {{AFI|/ˈdam.ni/}}.
[[Categoria:Verbo (Esperanto)]]
[[Categoria:Dissílabo (Esperanto)]]
[[Categoria:Entrada com pronúncia (Esperanto)]]</text>
<sha1>5hz0fohs7iq804agkegz49b3yndbhln</sha1>
</revision>
</page>
