<page>
<title>damnota</title>
<ns>0</ns>
<id>250081</id>
<revision>
<id>2324789</id>
<parentid>2066858</parentid>
<timestamp>2017-04-30T09:29:04Z</timestamp>
<contributor>
<username>HydrizBot</username>
<id>29590</id>
</contributor>
<minor />
<comment>Robô: A limpar links interwikis antigos</comment>
<model>wikitext</model>
<format>text/x-wiki</format>
<text bytes="375" xml:space="preserve">={{-eo-}}=
==Forma verbal==
'''dam.{{grifar|no}}.ta'''
# [[particípio]] [[passivo]] [[do]] [[futuro]] do [[verbo]] '''''[[damni]]'''''
===Declinação===
{{decl.eo.subst}}
===Conjugação===
{{conj.eo|damn}}
=={{etimologia|eo}}==
{{etimo.eo|damn|-ot-|-a}}
[[Categoria:Forma verbal (Esperanto)]]
[[Categoria:Trissílabo (Esperanto)]]
[[Categoria:Paroxítona (Esperanto)]]</text>
<sha1>brzogxm10uw7gkzo8mz773n58q1tv6b</sha1>
</revision>
</page>
