<page>
<page>
<title>damnis</title>
<ns>0</ns>
<id>250072</id>
<revision>
<id>2324784</id>
<parentid>2066855</parentid>
<timestamp>2017-04-30T09:28:54Z</timestamp>
<contributor>
<username>HydrizBot</username>
<id>29590</id>
</contributor>
<minor />
<comment>Robô: A limpar links interwikis antigos</comment>
<model>wikitext</model>
<format>text/x-wiki</format>
<text bytes="296" xml:space="preserve">={{-eo-}}=
==Forma verbal==
'''{{grifar|dam}}.nis'''
# [[passado]] do [[verbo]] '''''[[damni]]'''''
===Conjugação===
{{conj.eo|damn}}
=={{etimologia|eo}}==
{{etimo.eo|damn|-is}}
[[Categoria:Forma verbal (Esperanto)]]
[[Categoria:Dissílabo (Esperanto)]]
[[Categoria:Paroxítona (Esperanto)]]</text>
<sha1>ccsz7f3l18b5a4dxx38n1tej81wzg8i</sha1>
</revision>
