<page>
<title>damninta</title>
<ns>0</ns>
<id>250076</id>
<revision>
<id>2324783</id>
<parentid>2066854</parentid>
<timestamp>2017-04-30T09:28:52Z</timestamp>
<contributor>
<username>HydrizBot</username>
<id>29590</id>
</contributor>
<minor />
<comment>Robô: A limpar links interwikis antigos</comment>
<model>wikitext</model>
<format>text/x-wiki</format>
<text bytes="376" xml:space="preserve">={{-eo-}}=
==Forma verbal==
'''dam.{{grifar|nin}}.ta'''
# [[particípio]] [[ativo]] [[do]] [[passado]] do [[verbo]] '''''[[damni]]'''''
===Declinação===
{{decl.eo.subst}}
===Conjugação===
{{conj.eo|damn}}
=={{etimologia|eo}}==
{{etimo.eo|damn|-int-|-a}}
[[Categoria:Forma verbal (Esperanto)]]
[[Categoria:Trissílabo (Esperanto)]]
[[Categoria:Paroxítona (Esperanto)]]</text>
<sha1>n1bgxj7w6vnojduogu6d8ugnws43qoy</sha1>
</revision>
</page>
