<page>
<page>
<title>damos</title>
<ns>0</ns>
<id>390590</id>
<revision>
<id>2476789</id>
<timestamp>2018-01-12T19:10:36Z</timestamp>
<contributor>
<username>Imivorn</username>
<id>64513</id>
</contributor>
<comment>[[Ajuda:Guia de edição/Menus e ferramentas/Sumário de edição|→]] nova página: ={{-mwl-}}= ==Forma verbal== {{paroxítona|da|mos|língua=mwl}} # [[primeira pessoa]] do [[plural]] no pres...</comment>
<model>wikitext</model>
<format>text/x-wiki</format>
<text bytes="219" xml:space="preserve">={{-mwl-}}=
==Forma verbal==
{{paroxítona|da|mos|língua=mwl}}
# [[primeira pessoa]] do [[plural]] no [[presente]] do [[indicativo]] de [[dar#Mirandês|dar]]
{{avi-for-fle|dar}}
[[Categoria:Forma verbal (Mirandês)]]</text>
<sha1>bgmshjcpm95troa3ajz8bvzn1z7fg09</sha1>
</revision>
