<page>
<title>damo</title>
<ns>0</ns>
<id>263167</id>
<revision>
<id>2324792</id>
<parentid>2233671</parentid>
<timestamp>2017-04-30T09:29:11Z</timestamp>
<contributor>
<username>HydrizBot</username>
<id>29590</id>
</contributor>
<minor />
<comment>Robô: A limpar links interwikis antigos</comment>
<model>wikitext</model>
<format>text/x-wiki</format>
<text bytes="1192" xml:space="preserve">[[Imagem:Chess piece - Black queen.JPG|thumb|100px|right|&lt;center&gt;damo&lt;/center&gt;]]
={{-eo-}}=
==Substantivo==
'''{{grifar|da}}.mo'''
# {{escopo|Xadrez}} [[dama]], [[rainha]]
# {{escopo|Baralho}} [[sota]], [[dama]]
# {{escopo|Poético}} [[mulher]], [[dama]]
===Declinação===
{{decl.eo.subst}}
=={{etimologia|eo}}==
{{llietimo|fr|dame|eo}}
{{etimo.eo|dam|-o}}
=={{pronúncia}}==
* [[AFI]]: {{AFI|/ˈda.mɔ/}}.
===No Wikcionário===
{{xadrez/eo}}
[[Categoria:Substantivo (Esperanto)]]
[[Categoria:Dissílabo (Esperanto)]]
[[Categoria:Entrada com pronúncia (Esperanto)]]
[[Categoria:Entrada com imagem (Esperanto)]]
[[Categoria:Jogo (Esperanto)]]
={{-io-}}=
==Substantivo==
'''{{grifar|da}}.mo'''
# {{escopo|Xadrez}} [[dama]], [[rainha]]
# {{escopo|Baralho}} [[sota]], [[dama]]
# {{escopo|Poético}} [[mulher]], [[dama]]
===Declinação===
{{decl.io.subst|dam}}
=={{etimologia|io}}==
{{llietimo|eo|damo|io}}
{{etimo.io|dam|-o}}
=={{pronúncia}}==
* [[AFI]]: {{AFI|/ˈda.mɔ/}}.
===No Wikcionário===
{{xadrez/io}}
[[Categoria:Substantivo (Ido)]]
[[Categoria:Dissílabo (Ido)]]
[[Categoria:Entrada com pronúncia (Ido)]]
[[Categoria:Entrada com imagem (Ido)]]
[[Categoria:Jogo (Ido)]]</text>
<sha1>9syhsum2vi85f5kku6t14ksb8tnxz8r</sha1>
</revision>
</page>
