<page>
<title>Damolândia</title>
<ns>0</ns>
<id>141740</id>
<revision>
<id>2267654</id>
<parentid>1196341</parentid>
<timestamp>2017-04-26T16:22:01Z</timestamp>
<contributor>
<username>HydrizBot</username>
<id>29590</id>
</contributor>
<minor />
<comment>Robô: A limpar links interwikis antigos</comment>
<model>wikitext</model>
<format>text/x-wiki</format>
<text bytes="248" xml:space="preserve">={{-pt-}}=
{{Wikipédia}}
==Substantivo==
'''Damolândia''' {{pr}}
#[[município]] [[brasileiro]] do [[estado]] de [[Goiás]]
==Ver também==
*[[Apêndice:Municípios do estado de Goiás]]
[[Categoria:Município do estado de Goiás (Português)]]</text>
<sha1>1ust5qkahpv92a1967goi8ehej6rzqi</sha1>
</revision>
</page>
