<page>
<title>damp</title>
<ns>0</ns>
<id>111810</id>
<revision>
<id>2324793</id>
<parentid>2244612</parentid>
<timestamp>2017-04-30T09:29:18Z</timestamp>
<contributor>
<username>HydrizBot</username>
<id>29590</id>
</contributor>
<minor />
<comment>Robô: A limpar links interwikis antigos</comment>
<model>wikitext</model>
<format>text/x-wiki</format>
<text bytes="1167" xml:space="preserve">={{-da-}}=
==Substantivo==
'''damp'''
# [[vapor]]
[[Categoria:Substantivo (Dinamarquês)]]
={{-fy-}}=
==Substantivo==
'''damp'''
# [[vapor]]
==Adjetivo==
'''damp'''
# [[úmido]]
[[Categoria:Substantivo (Frísio)]]
[[Categoria:Adjetivo (Frísio)]]
={{-nl-}}=
==Substantivo==
'''damp'''
# [[vapor]]
[[Categoria:Substantivo (Holandês)]]
={{-en-}}=
==Substantivo==
'''damp'''
# [[umidade]]
===Expressões===
* '''[[damp proofing]]''': 
* '''[[damp squib]]''': 
* '''[[rising damp]]''': 
==Adjetivo==
'''damp'''
# [[úmido]]
==Verbo==
'''damp'''
# {{escopo|Arcaico}} [[umedecer]]
# [[amortecer]]
==Ver também==
===No Wikcionário===
{{verTambém.Ini}}
* [[damp-dry]]
* [[dampness]]
{{verTambém.NovaColuna}}
* [[humid]]
* [[shock absorber]]
{{verTambém.NovaColuna}}
* [[wet]]
* [[wetness]]
{{verTambém.Fim}}
[[Categoria:Substantivo (Inglês)]]
[[Categoria:Adjetivo (Inglês)]]
[[Categoria:Verbo (Inglês)]]
={{-no-}}=
==Substantivo==
'''damp'''
# [[vapor]]
[[Categoria:Substantivo (Norueguês)]]
={{-pap-}}=
==Substantivo==
'''damp'''
# [[vapor]]
[[Categoria:Substantivo (Papiamento)]]
={{-wo-}}=
==Verbo==
'''damp'''
# [[massagear]]
[[Categoria:Verbo (Uolofe)]]</text>
<sha1>b9d43p2528tja01ooqh8b0oz1uqta0g</sha1>
</revision>
</page>
