<page>
<page>
<title>damping</title>
<ns>0</ns>
<id>293661</id>
<revision>
<id>2324795</id>
<parentid>2053940</parentid>
<timestamp>2017-04-30T09:29:24Z</timestamp>
<contributor>
<username>HydrizBot</username>
<id>29590</id>
</contributor>
<minor />
<comment>Robô: A limpar links interwikis antigos</comment>
<model>wikitext</model>
<format>text/x-wiki</format>
<text bytes="121" xml:space="preserve">{{Wikipédia|lang=en}}
={{-en-}}=
==Substantivo==
'''damping'''
# [[amortecimento]]
[[Categoria:Substantivo (Inglês)]]</text>
<sha1>g0mlrhs1v6188s2sx1j59906fyqllo1</sha1>
</revision>
