<page>
<title>Dampf</title>
<ns>0</ns>
<id>265793</id>
<revision>
<id>2267655</id>
<parentid>2230695</parentid>
<timestamp>2017-04-26T16:22:06Z</timestamp>
<contributor>
<username>HydrizBot</username>
<id>29590</id>
</contributor>
<minor />
<comment>Robô: A limpar links interwikis antigos</comment>
<model>wikitext</model>
<format>text/x-wiki</format>
<text bytes="238" xml:space="preserve">{{Wikipédia|lang=de}}
={{-de-}}=
==Substantivo==
'''Dampf''' ''(m.)''
# [[vapor]]
===Verbetes derivados===
{{verTambém.Ini}}
* [[dampfen]]
{{verTambém.NovaColuna}}
* [[Dampfer]]
{{verTambém.Fim}}
[[Categoria:Substantivo (Alemão)]]</text>
<sha1>faiz909qn9ytvt2t881lfvu0s417hk0</sha1>
</revision>
</page>
