<page>
<title>damu</title>
<ns>0</ns>
<id>232391</id>
<revision>
<id>2324796</id>
<parentid>1938756</parentid>
<timestamp>2017-04-30T09:29:28Z</timestamp>
<contributor>
<username>HydrizBot</username>
<id>29590</id>
</contributor>
<minor />
<comment>Robô: A limpar links interwikis antigos</comment>
<model>wikitext</model>
<format>text/x-wiki</format>
<text bytes="132" xml:space="preserve">={{-sw-}}=
==Substantivo==
'''damu'''
# [[sangue]]
{{página-automática|Maio|2010|sangue|sw}}
[[Categoria:Substantivo (Suaíli)]]</text>
<sha1>qrd77vb6yi3m7kbxfea49ja2gmd31hb</sha1>
</revision>
</page>
