<page>
<page>
<title>danaras</title>
<ns>0</ns>
<id>179812</id>
<revision>
<id>2324812</id>
<parentid>2120781</parentid>
<timestamp>2017-04-30T09:30:08Z</timestamp>
<contributor>
<username>HydrizBot</username>
<id>29590</id>
</contributor>
<minor />
<comment>Robô: A limpar links interwikis antigos</comment>
<model>wikitext</model>
<format>text/x-wiki</format>
<text bytes="179" xml:space="preserve">={{-pt-}}=
==Forma verbal==
'''danaras'''
#[[segunda pessoa]] do [[singular]] do [[pretérito mais-que-perfeito]] do verbo '''[[danar]]'''
[[Categoria:Forma verbal (Português)]]</text>
<sha1>doq6aw4af7nqqpcb0jdv0zkwazr10ln</sha1>
</revision>
