<page>
<page>
<title>danais</title>
<ns>0</ns>
<id>159812</id>
<revision>
<id>2324805</id>
<parentid>2120788</parentid>
<timestamp>2017-04-30T09:29:56Z</timestamp>
<contributor>
<username>HydrizBot</username>
<id>29590</id>
</contributor>
<minor />
<comment>Robô: A limpar links interwikis antigos</comment>
<model>wikitext</model>
<format>text/x-wiki</format>
<text bytes="178" xml:space="preserve">={{-pt-}}=
==Forma verbal==
'''danais'''
#[[segunda pessoa]] do [[plural]] do [[presente]] do [[modo indicativo]] do verbo '''[[danar]]'''
[[Categoria:Forma verbal (Português)]]</text>
<sha1>spnk8moqqavhekxfb4wgy7236mlubyk</sha1>
</revision>
