<page>
<page>
<title>danariam</title>
<ns>0</ns>
<id>196858</id>
<revision>
<id>2324820</id>
<parentid>2120820</parentid>
<timestamp>2017-04-30T09:30:22Z</timestamp>
<contributor>
<username>HydrizBot</username>
<id>29590</id>
</contributor>
<minor />
<comment>Robô: A limpar links interwikis antigos</comment>
<model>wikitext</model>
<format>text/x-wiki</format>
<text bytes="171" xml:space="preserve">={{-pt-}}=
==Forma verbal==
'''danariam'''
#[[terceira pessoa]] do [[plural]] do [[futuro do pretérito]] do verbo '''[[danar]]'''
[[Categoria:Forma verbal (Português)]]</text>
<sha1>hx1d3yi7zbwkwul03p149fump5y3j2t</sha1>
</revision>
