<page>
<title>danares</title>
<ns>0</ns>
<id>208194</id>
<revision>
<id>2324818</id>
<parentid>2120823</parentid>
<timestamp>2017-04-30T09:30:19Z</timestamp>
<contributor>
<username>HydrizBot</username>
<id>29590</id>
</contributor>
<minor />
<comment>Robô: A limpar links interwikis antigos</comment>
<model>wikitext</model>
<format>text/x-wiki</format>
<text bytes="267" xml:space="preserve">={{-pt-}}=
==Forma verbal==
'''danares'''
#[[segunda pessoa]] do [[singular]] do [[futuro]] do [[modo subjuntivo]] do verbo '''[[danar]]'''
#[[infinitivo pessoal]] da [[segunda pessoa]] do [[singular]] do verbo '''[[danar]]'''
[[Categoria:Forma verbal (Português)]]</text>
<sha1>77l31j9cw632bomestgd6zvj5cwh3y5</sha1>
</revision>
</page>
