<page>
<page>
<title>danaríeis</title>
<ns>0</ns>
<id>195522</id>
<revision>
<id>2324827</id>
<parentid>2120813</parentid>
<timestamp>2017-04-30T09:30:33Z</timestamp>
<contributor>
<username>HydrizBot</username>
<id>29590</id>
</contributor>
<minor />
<comment>Robô: A limpar links interwikis antigos</comment>
<model>wikitext</model>
<format>text/x-wiki</format>
<text bytes="172" xml:space="preserve">={{-pt-}}=
==Forma verbal==
'''danaríeis'''
#[[segunda pessoa]] do [[plural]] do [[futuro do pretérito]] do verbo '''[[danar]]'''
[[Categoria:Forma verbal (Português)]]</text>
<sha1>j70j7134lmv0eh6hgv6zkba03gcgel8</sha1>
</revision>
