<page>
<page>
<title>danando</title>
<ns>0</ns>
<id>156865</id>
<revision>
<id>2324808</id>
<parentid>2120785</parentid>
<timestamp>2017-04-30T09:30:00Z</timestamp>
<contributor>
<username>HydrizBot</username>
<id>29590</id>
</contributor>
<minor />
<comment>Robô: A limpar links interwikis antigos</comment>
<model>wikitext</model>
<format>text/x-wiki</format>
<text bytes="122" xml:space="preserve">={{-pt-}}=
==Forma verbal==
'''danando'''
#[[gerúndio]] do verbo '''[[danar]]'''
[[Categoria:Forma verbal (Português)]]</text>
<sha1>ogdditw9ktkq6qbo17nbg7b9q52fpds</sha1>
</revision>
