<page>
<page>
<title>danakwa</title>
<ns>0</ns>
<id>291667</id>
<revision>
<id>1419623</id>
<timestamp>2012-06-11T07:57:59Z</timestamp>
<contributor>
<username>Castelobranco</username>
<id>8424</id>
</contributor>
<comment>+1</comment>
<model>wikitext</model>
<format>text/x-wiki</format>
<text bytes="119" xml:space="preserve">={{-unk-}}=
==Substantivo==
{{oxítona|da|na|kwa|lang=unk}}
# [[jenipapal]]
[[Categoria:Substantivo (Enawenê-nawê)]]</text>
<sha1>7xcccz9n75p65chdjngcc0uxrzojqme</sha1>
</revision>
