<page>
<title>danarei</title>
<ns>0</ns>
<id>184490</id>
<revision>
<id>2562638</id>
<parentid>2324814</parentid>
<timestamp>2019-11-24T05:45:08Z</timestamp>
<contributor>
<username>MIL973</username>
<id>41339</id>
</contributor>
<model>wikitext</model>
<format>text/x-wiki</format>
<text bytes="327" xml:space="preserve">={{-pt-}}=
==Forma verbal==
{{oxítona|da|na|rei}}
# primeira pessoa do singular do futuro do presente do indicativo do verbo [[danar]]
{{avi-for-fle|danar}}
==Anagramas==
# [[adernai]]
# [[Adriane]]
# [[andarei]]
# [[ariadne]]
# [[Ariadne]]
# [[Dariane]]
# [[denária]]
# [[nadarei]]
[[Categoria:Forma verbal (Português)]]</text>
<sha1>gnxmt65jflbq8fp518rgxwjq3gaqk8u</sha1>
</revision>
</page>
