<page>
<title>danas</title>
<ns>0</ns>
<id>141007</id>
<revision>
<id>2324828</id>
<parentid>2191060</parentid>
<timestamp>2017-04-30T09:30:37Z</timestamp>
<contributor>
<username>HydrizBot</username>
<id>29590</id>
</contributor>
<minor />
<comment>Robô: A limpar links interwikis antigos</comment>
<model>wikitext</model>
<format>text/x-wiki</format>
<text bytes="323" xml:space="preserve">={{-bs-}}=
==Advérbio==
'''danas''' ''de tempo''
# [[hoje]], o [[dia]] [[atual]].
[[Categoria:Advérbio (Bósnio)]]
={{-hr-}}=
==Advérbio==
'''danas''' - ''masculino''
# [[hoje]]
==Ver também==
* [[sada]]
* [[većeras]]
* [[sinoć]]
* [[jučer]]
* [[sutra]]
[[Categoria:Advérbio (Croata)]]
[[Categoria:Tempo (Croata)]]</text>
<sha1>csbsty69cgiqg3cgyj6lp9or6nd8f15</sha1>
</revision>
</page>
