<page>
<page>
<title>danara</title>
<ns>0</ns>
<id>178320</id>
<revision>
<id>2324810</id>
<parentid>2120784</parentid>
<timestamp>2017-04-30T09:30:04Z</timestamp>
<contributor>
<username>HydrizBot</username>
<id>29590</id>
</contributor>
<minor />
<comment>Robô: A limpar links interwikis antigos</comment>
<model>wikitext</model>
<format>text/x-wiki</format>
<text bytes="227" xml:space="preserve">={{-pt-}}=
==Forma verbal==
'''danara'''
#[[primeira pessoa|primeira]] e [[terceira pessoa|terceira pessoas]] do [[singular]] do [[pretérito mais-que-perfeito]] do verbo '''[[danar]]'''
[[Categoria:Forma verbal (Português)]]</text>
<sha1>4w91qxswmuqvukzpj2pqymcl33z0df4</sha1>
</revision>
