<page>
<page>
<title>danasses</title>
<ns>0</ns>
<id>198173</id>
<revision>
<id>2324831</id>
<parentid>2120809</parentid>
<timestamp>2017-04-30T09:30:42Z</timestamp>
<contributor>
<username>HydrizBot</username>
<id>29590</id>
</contributor>
<minor />
<comment>Robô: A limpar links interwikis antigos</comment>
<model>wikitext</model>
<format>text/x-wiki</format>
<text bytes="196" xml:space="preserve">={{-pt-}}=
==Forma verbal==
'''danasses'''
#[[segunda pessoa]] do [[singular]] do [[pretérito imperfeito]] do [[modo subjuntivo]] do verbo '''[[danar]]'''
[[Categoria:Forma verbal (Português)]]</text>
<sha1>kwxrbzaym607hmysulczpp3d90y9zdh</sha1>
</revision>
