<page>
<page>
<title>danado</title>
<ns>0</ns>
<id>35974</id>
<revision>
<id>2615257</id>
<parentid>2514791</parentid>
<timestamp>2021-01-31T21:43:45Z</timestamp>
<contributor>
<username>MarxavBot</username>
<id>80155</id>
</contributor>
<minor />
<comment>AFI Portugal</comment>
<model>wikitext</model>
<format>text/x-wiki</format>
<text bytes="3765" xml:space="preserve">={{-pt-}}=
==Adjetivo==
{{flex.pt|ms=danado|mp=danados|fs=danada|fp=danadas}}
{{paroxítona|da|na|do}}, {{gramática|m}}
# {{escopo|pt|Informal}} [[hidrófobo]]; [[raivoso]]
#* ''Cachorro '''danado'''''
# [[aborrecido]], [[furioso]], [[irritado]], [[zangado]]
# [[agitado]], [[excitado]], [[impetuoso]]
# [[bastante]] [[astuto]], [[esperto]]
#* ''Aquele cara '''danado''' não perde nenhuma oportunidade de enganar alguém.''
# [[malandro]], [[sem-vergonha]]
# pessoa que é [[decidido|decidida]], [[impetuoso|impetuosa]], [[valente]], valentona
#* ''O '''danado''' do rapaz, ao invés de apanhar, bateu nos dois agressores!''
# qualidade de pessoa, geralmente crianças, com tendência a praticar artes, diabruras e traquinagens
#* ''Mas que criança '''danada'''!''
# [[imenso]], [[enorme]], [[extraordinário]], de [[proporção]] [[considerável]], por demais [[intenso]]
#* ''Consertar este verbete deu um trabalho '''danado'''!''
# [[muito]] [[intenso]], bastante [[forte]]
#* ''Um cheiro '''danado'''.''
=={{pronúncia|pt}}==
===Portugal===
* AFI: {{AFI|/dɐ.ˈna.du/}}
[[Categoria:Adjetivo (Português)]]
===Expressões===
* '''[[danado de]]''': muito, bastante
* '''[[danado para]]''': 
*# que ou o que tem desejo ardente por; ansioso por, doido para
*# que ou aquele que é dado a (praticar algo com frequência) 
* '''[[danado por]]''': que gosta muito de
===Tradução===
{{tradini|De 1 (hidrófobo; raivoso)}}
* {{trad|en|rabic|rabid}}
{{tradmeio}}
{{tradfim}}
{{tradini|De 2 (aborrecido, furioso, irritado, zangado)}}
* {{trad|en|angry}}
{{tradmeio}}
{{tradfim}}
{{tradini|De 3 (agitado, excitado, impetuoso)}}
* {{trad|en|agitated|excited}}
{{tradmeio}}
{{tradfim}}
{{tradini|De 4 (bastante astuto, esperto)}}
* {{trad|en|astute|cunning|sly|crafty|on a high degree}}
{{tradmeio}}
{{tradfim}}
{{tradini|De 5 (malandro, sem-vergonha)}}
* {{trad|en|truant}}
{{tradmeio}}
{{tradfim}}
{{tradini|De 6 (pessoa que é decidida, impetuosa, valente, valentona)}}
* {{trad|en|valiant}}
{{tradmeio}}
{{tradfim}}
{{tradini|De 7 (traquinas)}}
* {{trad|en|naughty}}
{{tradmeio}}
{{tradfim}}
{{tradini|De 8 (imenso, enorme)}}
* {{trad|en|a hell of a|sizable}}
{{tradmeio}}
{{tradfim}}
{{tradini|De 9 (muito intenso)}}
* {{trad|en|a hell of a|quite a strong}}
{{tradmeio}}
{{tradfim}}
==Substantivo==
{{paroxítona|da|na|do}}
# pessoa ou coisa que se [[danar|danou]]
# pessoa ou coisa que passou por fase de [[corrupção]], [[estrago]], prejudicialidade ou [[ruína]]
# {{escopo|pt|Religião}} sentenciado às penas do [[inferno]]
# {{escopo|pt|Brasil}} pessoa muito [[ruim]], bastante [[maldoso|maldosa]], [[malvado|malvada]], detestada, [[infame]], muito má
#* ''Não quero mais ver aquele '''danado'''!''
# {{escopo|pt|Brasil}} [[decidido]], [[impetuoso]], [[valente]], valentão
#* ''É um '''danado''', e perigoso!''
# {{escopo|pt|Brasil}} pessoa, em geral criança, que faz muitas diabruras e traquinagens
#* ''O '''danado''' sumiu o dia inteiro, pra não ficar de castigo.''
# {{escopo|pt|Brasil}} pessoa que faz trabalhos ou exerce atividades de forma muito bem feita, habilidosa e inteligente
#* ''Minha mulher é uma '''danada''' em vários jogos de baralho.''
===Tradução===
{{tradini|De 2 (pessoa ou coisa que passou por fase de corrupção)}}
* {{trad|en|damned}}
{{tradmeio}}
{{tradfim}}
==Forma verbal==
{{paroxítona|da|na|do}}
# particípio passado do verbo [[danar]]
=={{etimologia|pt}}==
{{llietimo|la|damnátus|pt|ponto=não}}, {{etimo|la|a}}, {{etimo|la|um}} ([[condenado]], [[rejeitado]]), particípio passado do verbo ''danáre'' ([[condenar]], [[sentenciar]] juridicamente, [[rejeitar]], [[criticar]]).
==Anagramas==
# [[andado]]
# [[nadado]]
[[Categoria:Substantivo (Português)]]
[[Categoria:Forma verbal (Português)]]</text>
<sha1>qcedlctb94kt26h14gkhzvf7snox3jk</sha1>
</revision>
