<page>
<title>danarem</title>
<ns>0</ns>
<id>212497</id>
<revision>
<id>2324816</id>
<parentid>2120777</parentid>
<timestamp>2017-04-30T09:30:15Z</timestamp>
<contributor>
<username>HydrizBot</username>
<id>29590</id>
</contributor>
<minor />
<comment>Robô: A limpar links interwikis antigos</comment>
<model>wikitext</model>
<format>text/x-wiki</format>
<text bytes="265" xml:space="preserve">={{-pt-}}=
==Forma verbal==
'''danarem'''
#[[terceira pessoa]] do [[plural]] do [[futuro]] do [[modo subjuntivo]] do verbo '''[[danar]]'''
#[[infinitivo pessoal]] da [[terceira pessoa]] do [[plural]] do verbo '''[[danar]]'''
[[Categoria:Forma verbal (Português)]]</text>
<sha1>hk1ftpw123ue6i17c5fscjyrh443waa</sha1>
</revision>
</page>
