<page>
<page>
<title>danaríamos</title>
<ns>0</ns>
<id>194215</id>
<revision>
<id>2324826</id>
<parentid>2120814</parentid>
<timestamp>2017-04-30T09:30:31Z</timestamp>
<contributor>
<username>HydrizBot</username>
<id>29590</id>
</contributor>
<minor />
<comment>Robô: A limpar links interwikis antigos</comment>
<model>wikitext</model>
<format>text/x-wiki</format>
<text bytes="174" xml:space="preserve">={{-pt-}}=
==Forma verbal==
'''danaríamos'''
#[[primeira pessoa]] do [[plural]] do [[futuro do pretérito]] do verbo '''[[danar]]'''
[[Categoria:Forma verbal (Português)]]</text>
<sha1>n5oq9qz1vl6dx2564mmawo7rnqiob9e</sha1>
</revision>
