<page>
<page>
<title>danavam</title>
<ns>0</ns>
<id>169990</id>
<revision>
<id>2324835</id>
<parentid>2120802</parentid>
<timestamp>2017-04-30T09:30:49Z</timestamp>
<contributor>
<username>HydrizBot</username>
<id>29590</id>
</contributor>
<minor />
<comment>Robô: A limpar links interwikis antigos</comment>
<model>wikitext</model>
<format>text/x-wiki</format>
<text bytes="193" xml:space="preserve">={{-pt-}}=
==Forma verbal==
'''danavam'''
#[[terceira pessoa]] do [[plural]] do [[pretérito imperfeito]] do [[modo indicativo]] do verbo '''[[danar]]'''
[[Categoria:Forma verbal (Português)]]</text>
<sha1>sxlam8jxb6xkw8j0akh15ta21malqh5</sha1>
</revision>
