<page>
<title>dana</title>
<ns>0</ns>
<id>291641</id>
<revision>
<id>2324798</id>
<parentid>1859909</parentid>
<timestamp>2017-04-30T09:29:43Z</timestamp>
<contributor>
<username>HydrizBot</username>
<id>29590</id>
</contributor>
<minor />
<comment>Robô: A limpar links interwikis antigos</comment>
<model>wikitext</model>
<format>text/x-wiki</format>
<text bytes="117" xml:space="preserve">={{-unk-}}=
==Substantivo==
{{paroxítona|da|na|lang=unk}}
# [[jenipapo]]
[[Categoria:Substantivo (Enawenê-nawê)]]</text>
<sha1>40qn76170mwtk3lv33nrq9p8cue7nr3</sha1>
</revision>
</page>
