<page>
<title>danados</title>
<ns>0</ns>
<id>247900</id>
<revision>
<id>2324803</id>
<parentid>1757959</parentid>
<timestamp>2017-04-30T09:29:53Z</timestamp>
<contributor>
<username>HydrizBot</username>
<id>29590</id>
</contributor>
<minor />
<comment>Robô: A limpar links interwikis antigos</comment>
<model>wikitext</model>
<format>text/x-wiki</format>
<text bytes="273" xml:space="preserve">={{-pt-}}=
==Forma de substantivo==
'''danados''' {{m}}
# Masculino plural de '''[[danado]]'''  
==Forma de adjetivo==
'''danados''' {{m}}
# Masculino plural de '''[[danado]]''' 
[[Categoria:Forma de substantivo (Português)]]
[[Categoria:Forma de adjetivo (Português)]]</text>
<sha1>hw6kaa38f687ciqraimzy0pbif8t29b</sha1>
</revision>
</page>
