<page>
<page>
<title>danareis</title>
<ns>0</ns>
<id>190227</id>
<revision>
<id>2562378</id>
<parentid>2324815</parentid>
<timestamp>2019-11-22T09:37:36Z</timestamp>
<contributor>
<username>MIL973</username>
<id>41339</id>
</contributor>
<model>wikitext</model>
<format>text/x-wiki</format>
<text bytes="407" xml:space="preserve">{{ver também|danáreis}}
={{-pt-}}=
==Forma verbal==
{{oxítona|da|na|reis}}
# segunda pessoa do plural do futuro do presente do indicativo do verbo [[danar]]
{{avi-for-fle|danar}}
==Anagramas==
# [[adernais]]
# [[Adrianes]]
# [[andareis]]
# [[andáreis]]
# [[ariadnes]]
# [[Ariadnes]]
# [[Darianes]]
# [[denárias]]
# [[desainar]]
# [[nadareis]]
# [[nadáreis]]
[[Categoria:Forma verbal (Português)]]</text>
<sha1>k62n0br00q5092w4jj499sl53u7c54y</sha1>
</revision>
