<page>
<title>danavas</title>
<ns>0</ns>
<id>162707</id>
<revision>
<id>2324836</id>
<parentid>2120801</parentid>
<timestamp>2017-04-30T09:30:50Z</timestamp>
<contributor>
<username>HydrizBot</username>
<id>29590</id>
</contributor>
<minor />
<comment>Robô: A limpar links interwikis antigos</comment>
<model>wikitext</model>
<format>text/x-wiki</format>
<text bytes="194" xml:space="preserve">={{-pt-}}=
==Forma verbal==
'''danavas'''
#[[segunda pessoa]] do [[singular]] do [[pretérito imperfeito]] do [[modo indicativo]] do verbo '''[[danar]]'''
[[Categoria:Forma verbal (Português)]]</text>
<sha1>74l3p2tyj3g5h1xuwftrstizd780fpv</sha1>
</revision>
</page>
