<page>
<page>
<title>danarias</title>
<ns>0</ns>
<id>201152</id>
<revision>
<id>2562357</id>
<parentid>2324821</parentid>
<timestamp>2019-11-22T08:57:35Z</timestamp>
<contributor>
<username>MIL973</username>
<id>41339</id>
</contributor>
<model>wikitext</model>
<format>text/x-wiki</format>
<text bytes="310" xml:space="preserve">={{-pt-}}=
==Forma verbal==
{{paroxítona|da|na|ri|as}}
# segunda pessoa do singular do futuro do pretérito do indicativo do verbo [[danar]]
{{avi-for-fle|danar}}
==Anagramas==
# [[Adrianas]]
# [[andarias]]
# [[Ariadnas]]
# [[Darianas]]
# [[nadarias]]
# [[sardiana]]
[[Categoria:Forma verbal (Português)]]</text>
<sha1>i4r3z04jhet29e5u8mlxzdipdek3kaa</sha1>
</revision>
