<page>
<title>danaram</title>
<ns>0</ns>
<id>176854</id>
<revision>
<id>2324811</id>
<parentid>2120782</parentid>
<timestamp>2017-04-30T09:30:06Z</timestamp>
<contributor>
<username>HydrizBot</username>
<id>29590</id>
</contributor>
<minor />
<comment>Robô: A limpar links interwikis antigos</comment>
<model>wikitext</model>
<format>text/x-wiki</format>
<text bytes="191" xml:space="preserve">={{-pt-}}=
==Forma verbal==
'''danaram'''
#[[terceira pessoa]] do [[plural]] do [[pretérito perfeito]] do [[modo indicativo]] do verbo '''[[danar]]'''
[[Categoria:Forma verbal (Português)]]</text>
<sha1>0lasmm87a1lpgr1mvs6i5w4pk39j8ka</sha1>
</revision>
</page>
