<page>
<title>danarão</title>
<ns>0</ns>
<id>191568</id>
<revision>
<id>2324825</id>
<parentid>2120815</parentid>
<timestamp>2017-04-30T09:30:30Z</timestamp>
<contributor>
<username>HydrizBot</username>
<id>29590</id>
</contributor>
<minor />
<comment>Robô: A limpar links interwikis antigos</comment>
<model>wikitext</model>
<format>text/x-wiki</format>
<text bytes="229" xml:space="preserve">={{-pt-}}=
==Forma verbal==
{{oxítona|da|na|rão}}
# terceira pessoa do plural do futuro do presente do verbo [[danar]]
{{avi-for-fle|danar}}
==Anagramas==
# [[andarão]]
# [[nadarão]]
[[Categoria:Forma verbal (Português)]]</text>
<sha1>kukflzx6pr33gyqmmy6ua5vdychvpd0</sha1>
</revision>
</page>
