<page>
<title>danava</title>
<ns>0</ns>
<id>205151</id>
<revision>
<id>2324834</id>
<parentid>2120804</parentid>
<timestamp>2017-04-30T09:30:47Z</timestamp>
<contributor>
<username>HydrizBot</username>
<id>29590</id>
</contributor>
<minor />
<comment>Robô: A limpar links interwikis antigos</comment>
<model>wikitext</model>
<format>text/x-wiki</format>
<text bytes="226" xml:space="preserve">={{-pt-}}=
==Forma verbal==
'''danava'''
#[[primeira pessoa|primeira]] e [[terceira pessoa]] do [[singular]] do [[pretérito imperfeito]] do [[modo indicativo]] do verbo '''[[danar]]'''
[[Categoria:Forma verbal (Português)]]</text>
<sha1>7st1yhgtlxyasygl43xiy32z9310guz</sha1>
</revision>
</page>
