<page>
<title>dancota</title>
<ns>0</ns>
<id>269974</id>
<revision>
<id>2324847</id>
<parentid>2067082</parentid>
<timestamp>2017-04-30T09:31:20Z</timestamp>
<contributor>
<username>HydrizBot</username>
<id>29590</id>
</contributor>
<minor />
<comment>Robô: A limpar links interwikis antigos</comment>
<model>wikitext</model>
<format>text/x-wiki</format>
<text bytes="375" xml:space="preserve">={{-eo-}}=
==Forma verbal==
'''dan.{{grifar|co}}.ta'''
# [[particípio]] [[passivo]] [[do]] [[futuro]] do [[verbo]] '''''[[danci]]'''''
===Declinação===
{{decl.eo.subst}}
===Conjugação===
{{conj.eo|danc}}
=={{etimologia|eo}}==
{{etimo.eo|danc|-ot-|-a}}
[[Categoria:Forma verbal (Esperanto)]]
[[Categoria:Trissílabo (Esperanto)]]
[[Categoria:Paroxítona (Esperanto)]]</text>
<sha1>k0ng7cep7s1zz3z8govg4cuz27kd5xi</sha1>
</revision>
</page>
