<page>
<page>
<title>Danca</title>
<ns>0</ns>
<id>208539</id>
<revision>
<id>2267658</id>
<parentid>2030666</parentid>
<timestamp>2017-04-26T16:22:15Z</timestamp>
<contributor>
<username>HydrizBot</username>
<id>29590</id>
</contributor>
<minor />
<comment>Robô: A limpar links interwikis antigos</comment>
<model>wikitext</model>
<format>text/x-wiki</format>
<text bytes="663" xml:space="preserve">{{ver também|dança}}
={{-tr-}}=
==Substantivo==
'''{{grifar|Dan}}.ca''' {{pr}}, {{s/p}}
# {{escopo|linguística}} [[dinamarquês]], [[língua]] {{o/a|dinamarqu|esa|ês}}
===Declinação===
{{decl.tr.subst|Danc|a|-|num=s}}
===Sinónimos===
* [[Danimarkaca]], [[Danuva]]
=={{pronúncia}}==
* [[AFI]]: {{AFI|/ˈdɑn.ʤɑ/}}
* [[X-SAMPA]]: /&quot;dAn.dZA/
==Ver também==
===No Wikcionário===
{{verTambém.Ini}}
* {{l.s.|Danimarka|{{tr}}}}
* {{link preto|Danimarkalı}}
{{verTambém.Fim}}
[[Categoria:Substantivo (Turco)]]
[[Categoria:Dissílabo (Turco)]]
[[Categoria:Paroxítona (Turco)]]
[[Categoria:Língua (Turco)]]
[[Categoria:Entrada com pronúncia (Turco)]]</text>
<sha1>5l2axnsbo1l5f8myyl6hnfdugpksxlx</sha1>
</revision>
