<page>
<page>
<title>dancanta</title>
<ns>0</ns>
<id>269969</id>
<revision>
<id>2324837</id>
<parentid>2066868</parentid>
<timestamp>2017-04-30T09:30:52Z</timestamp>
<contributor>
<username>HydrizBot</username>
<id>29590</id>
</contributor>
<minor />
<comment>Robô: A limpar links interwikis antigos</comment>
<model>wikitext</model>
<format>text/x-wiki</format>
<text bytes="377" xml:space="preserve">={{-eo-}}=
==Forma verbal==
'''dan.{{grifar|can}}.ta'''
# [[particípio]] [[ativo]] [[do]] [[presente]] do [[verbo]] '''''[[danci]]'''''
===Declinação===
{{decl.eo.subst}}
===Conjugação===
{{conj.eo|danc}}
=={{etimologia|eo}}==
{{etimo.eo|danc|-ant-|-a}}
[[Categoria:Forma verbal (Esperanto)]]
[[Categoria:Trissílabo (Esperanto)]]
[[Categoria:Paroxítona (Esperanto)]]</text>
<sha1>tourfvpbrox7rgdvvh3do0eztj9xhwm</sha1>
</revision>
