<page>
<page>
<title>dancinta</title>
<ns>0</ns>
<id>269968</id>
<revision>
<id>2324842</id>
<parentid>2067085</parentid>
<timestamp>2017-04-30T09:31:10Z</timestamp>
<contributor>
<username>HydrizBot</username>
<id>29590</id>
</contributor>
<minor />
<comment>Robô: A limpar links interwikis antigos</comment>
<model>wikitext</model>
<format>text/x-wiki</format>
<text bytes="376" xml:space="preserve">={{-eo-}}=
==Forma verbal==
'''dan.{{grifar|cin}}.ta'''
# [[particípio]] [[ativo]] [[do]] [[passado]] do [[verbo]] '''''[[danci]]'''''
===Declinação===
{{decl.eo.subst}}
===Conjugação===
{{conj.eo|danc}}
=={{etimologia|eo}}==
{{etimo.eo|danc|-int-|-a}}
[[Categoria:Forma verbal (Esperanto)]]
[[Categoria:Trissílabo (Esperanto)]]
[[Categoria:Paroxítona (Esperanto)]]</text>
<sha1>l96lvlu21zm6w9ssa7kwdxdc9du0ah1</sha1>
</revision>
