<page>
<page>
<title>dancos</title>
<ns>0</ns>
<id>269965</id>
<revision>
<id>2324846</id>
<parentid>2067083</parentid>
<timestamp>2017-04-30T09:31:18Z</timestamp>
<contributor>
<username>HydrizBot</username>
<id>29590</id>
</contributor>
<minor />
<comment>Robô: A limpar links interwikis antigos</comment>
<model>wikitext</model>
<format>text/x-wiki</format>
<text bytes="295" xml:space="preserve">={{-eo-}}=
==Forma verbal==
'''{{grifar|dan}}.cos'''
# [[futuro]] do [[verbo]] '''''[[danci]]'''''
===Conjugação===
{{conj.eo|danc}}
=={{etimologia|eo}}==
{{etimo.eo|danc|-os}}
[[Categoria:Forma verbal (Esperanto)]]
[[Categoria:Dissílabo (Esperanto)]]
[[Categoria:Paroxítona (Esperanto)]]</text>
<sha1>pn2wnz1aay7834ke2bjz1f71rge7t4a</sha1>
</revision>
