<page>
<page>
<title>dandan</title>
<ns>0</ns>
<id>239956</id>
<revision>
<id>2324850</id>
<parentid>2218748</parentid>
<timestamp>2017-04-30T09:31:26Z</timestamp>
<contributor>
<username>HydrizBot</username>
<id>29590</id>
</contributor>
<minor />
<comment>Robô: A limpar links interwikis antigos</comment>
<model>wikitext</model>
<format>text/x-wiki</format>
<text bytes="114" xml:space="preserve">={{-ja-}}=
==Transliteração==
# transliteração de [[だんだん]]
[[Categoria:Transliteração (Japonês)]]</text>
<sha1>apvob0xtq62c3bx78ptpvcu7su9b41i</sha1>
</revision>
