<page>
<title>dandruff</title>
<ns>0</ns>
<id>432561</id>
<revision>
<id>2629174</id>
<timestamp>2021-04-04T00:26:51Z</timestamp>
<contributor>
<username>GabMarquetto</username>
<id>81219</id>
</contributor>
<comment>[[Ajuda:Guia de edição/Menus e ferramentas/Sumário de edição|→]] nova página: {{Wikipédia|lang=en}} ={{-en-}}= ==Substantivo== {{flex.en|s=dandruff|p=dandruffs}} '''dandruff''' # caspa...</comment>
<model>wikitext</model>
<format>text/x-wiki</format>
<text bytes="148" xml:space="preserve">{{Wikipédia|lang=en}}
={{-en-}}=
==Substantivo==
{{flex.en|s=dandruff|p=dandruffs}}
'''dandruff'''
# [[caspa]]
[[Categoria:Substantivo (Inglês)]]</text>
<sha1>t7p7ij2i7cjxngs318vyfr5h7qx2frh</sha1>
</revision>
</page>
