<page>
<page>
<title>Danemârc</title>
<ns>0</ns>
<id>415699</id>
<revision>
<id>2662655</id>
<parentid>2562604</parentid>
<timestamp>2022-03-03T09:14:37Z</timestamp>
<contributor>
<username>ValJor</username>
<id>1358</id>
</contributor>
<comment>Confirmando [[:Categoria:!Entrada criada por robô|verbete criado por robô]]</comment>
<model>wikitext</model>
<format>text/x-wiki</format>
<text bytes="447" xml:space="preserve">{{Wikipédia|lang=frp}}
[[Imagem:Flag of Denmark.svg|thumb|right|250px|{{centro|Bandeira da Dinamarca}}]]
[[Imagem:LocationDenmark.svg|thumb|right|250px|{{centro|Localização da Dinamarca}}]]
={{-frp-}}=
==Substantivo==
'''Danemârc''', {{gramática|pr}}
# {{escopo|frp|País}} [[Dinamarca]]
==Ver também==
===No Wikcionário===
{{Europa/frp}}
[[Categoria:Substantivo (Franco-Provençal)]]
[[Categoria:Entrada com imagem (Franco-Provençal)]]</text>
<sha1>g3uo6v4m9d0v8z664dxg7r8x2fjfbi8</sha1>
</revision>
