<page>
<page>
<title>dane</title>
<ns>0</ns>
<id>213940</id>
<revision>
<id>2324853</id>
<parentid>2105161</parentid>
<timestamp>2017-04-30T09:31:38Z</timestamp>
<contributor>
<username>HydrizBot</username>
<id>29590</id>
</contributor>
<minor />
<comment>Robô: A limpar links interwikis antigos</comment>
<model>wikitext</model>
<format>text/x-wiki</format>
<text bytes="399" xml:space="preserve">={{-pt-}}=
==Forma verbal==
'''dane'''
#[[primeira pessoa|primeira]] e [[terceira pessoa]] do [[singular]] do [[presente]] do [[modo subjuntivo]] do verbo '''[[danar]]'''
#[[terceira pessoa]] do [[singular]] do [[imperativo]] [[afirmativo]] do verbo '''[[danar]]'''
#[[terceira pessoa]] do [[singular]] do [[imperativo]] [[negativo]] do verbo '''[[danar]]'''
[[Categoria:Forma verbal (Português)]]</text>
<sha1>oxuu4ctv0cdyzi8vzbyy6z37kk8f9wx</sha1>
</revision>
