<page>
<page>
<title>danei</title>
<ns>0</ns>
<id>171435</id>
<revision>
<id>2324855</id>
<parentid>2120796</parentid>
<timestamp>2017-04-30T09:31:41Z</timestamp>
<contributor>
<username>HydrizBot</username>
<id>29590</id>
</contributor>
<minor />
<comment>Robô: A limpar links interwikis antigos</comment>
<model>wikitext</model>
<format>text/x-wiki</format>
<text bytes="191" xml:space="preserve">={{-pt-}}=
==Forma verbal==
'''danei'''
#[[primeira pessoa]] do [[singular]] do [[pretérito perfeito]] do [[modo indicativo]] do verbo '''[[danar]]'''
[[Categoria:Forma verbal (Português)]]</text>
<sha1>t7hx35zgdxceppw4jhgiy6o4s2dtwps</sha1>
</revision>
