<page>
<page>
<title>daneis</title>
<ns>0</ns>
<id>218213</id>
<revision>
<id>2324856</id>
<parentid>2120795</parentid>
<timestamp>2017-04-30T09:31:42Z</timestamp>
<contributor>
<username>HydrizBot</username>
<id>29590</id>
</contributor>
<minor />
<comment>Robô: A limpar links interwikis antigos</comment>
<model>wikitext</model>
<format>text/x-wiki</format>
<text bytes="269" xml:space="preserve">={{-pt-}}=
==Forma verbal==
'''daneis'''
#[[segunda pessoa]] do [[plural]] do [[presente]] do [[modo subjuntivo]] do verbo '''[[danar]]'''
#[[segunda pessoa]] do [[plural]] do [[imperativo]] [[negativo]] do verbo '''[[danar]]'''
[[Categoria:Forma verbal (Português)]]</text>
<sha1>r4le7ztbyzaqagt9sn5d216rclfrl99</sha1>
</revision>
