<page>
<title>Danemarc</title>
<ns>0</ns>
<id>150806</id>
<revision>
<id>2267659</id>
<parentid>2243394</parentid>
<timestamp>2017-04-26T16:22:19Z</timestamp>
<contributor>
<username>HydrizBot</username>
<id>29590</id>
</contributor>
<minor />
<comment>Robô: A limpar links interwikis antigos</comment>
<model>wikitext</model>
<format>text/x-wiki</format>
<text bytes="207" xml:space="preserve">={{-oc-}}=
{{Wikipédia|lang=oc}}
==Substantivo==
'''Danemarc''', {{pr}}
#{{escopo|Geografia}} [[Dinamarca]]
==Ver também==
{{Europa/oc}}
[[Categoria:Substantivo (Occitano)]]
[[Categoria:País (Occitano)]]</text>
<sha1>33jwfcozif1nculuvj99nilz4gff1jp</sha1>
</revision>
</page>
