<page>
<title>danes</title>
<ns>0</ns>
<id>219629</id>
<revision>
<id>2324859</id>
<parentid>2177162</parentid>
<timestamp>2017-04-30T09:31:50Z</timestamp>
<contributor>
<username>HydrizBot</username>
<id>29590</id>
</contributor>
<minor />
<comment>Robô: A limpar links interwikis antigos</comment>
<model>wikitext</model>
<format>text/x-wiki</format>
<text bytes="272" xml:space="preserve">={{-pt-}}=
==Forma verbal==
'''danes'''
#[[segunda pessoa]] do [[singular]] do [[presente]] do [[modo subjuntivo]] do verbo '''[[danar]]'''
#[[segunda pessoa]] do [[singular]] do [[imperativo]] [[negativo]] do verbo '''[[danar]]'''
[[Categoria:Forma verbal (Português)]]</text>
<sha1>kybzmt86b37cnkoljjk4y5lcyql6m0c</sha1>
</revision>
</page>
