<page>
<title>Danel</title>
<ns>0</ns>
<id>394213</id>
<revision>
<id>2491129</id>
<timestamp>2018-03-26T21:26:59Z</timestamp>
<contributor>
<username>Leonardo José Raimundo</username>
<id>43489</id>
</contributor>
<comment>Eu estou criando o nome &quot;Danel&quot;.</comment>
<model>wikitext</model>
<format>text/x-wiki</format>
<text bytes="723" xml:space="preserve">={{-eu-}}=
==Substantivo==
{{oxítona|Da|nel|lang=eu}}
# {{escopo|eu|Cristianismo|religião}} [[Daniel]]
===Declinação===
{{decl.eu.completo|Danel|Danelk|Danelri|Danelren|Danelrekin|Daneltaraino|Daneltarako|Danelrengatik|Daneltan|Daneltatik|Daneltara|Danelrentzat|Daneltako|Daneltarantz|Danelz|Danelrik|Daneltzat|Danela|Danelak|Danelari|Danelaren|Danelarekin|Danelraino|Danelrako|Danelarengatik|Danelean|Daneltik|Danelra|Danelarentzat|Danelko|Danelrantz|Danelaz|–|–|Danelak|Danelek|Danelei|Danelen|Danelekin|Daneletaraino|Daneletarako|Danelengatik|Daneletan|Daneletatik|Daneletara|Danelentzat|Daneletako|Daneletarantz|Danelez}}
==Ver também==
===No Wikcionário===
{{bíblia/eu}}
[[Categoria:Substantivo (Basco)]]</text>
<sha1>aitc0yetsvg5q3k46cl0ylwhtr4nig8</sha1>
</revision>
</page>
