<page>
<title>danem</title>
<ns>0</ns>
<id>216864</id>
<revision>
<id>2324857</id>
<parentid>1974759</parentid>
<timestamp>2017-04-30T09:31:44Z</timestamp>
<contributor>
<username>HydrizBot</username>
<id>29590</id>
</contributor>
<minor />
<comment>Robô: A limpar links interwikis antigos</comment>
<model>wikitext</model>
<format>text/x-wiki</format>
<text bytes="363" xml:space="preserve">={{-pt-}}=
==Forma verbal==
'''danem'''
#[[terceira pessoa]] do [[plural]] do [[presente]] do [[modo subjuntivo]] do verbo '''[[danar]]'''
#[[terceira pessoa]] do [[plural]] do [[imperativo]] [[afirmativo]] do verbo '''[[danar]]'''
#[[terceira pessoa]] do [[plural]] do [[imperativo]] [[negativo]] do verbo '''[[danar]]'''
[[Categoria:Forma verbal (Português)]]</text>
<sha1>1red4bwcc4qxgdk088d10h9gcia380f</sha1>
</revision>
</page>
