<page>
<page>
<title>dangerous</title>
<ns>0</ns>
<id>260663</id>
<revision>
<id>2324860</id>
<parentid>1899756</parentid>
<timestamp>2017-04-30T09:31:57Z</timestamp>
<contributor>
<username>HydrizBot</username>
<id>29590</id>
</contributor>
<minor />
<comment>Robô: A limpar links interwikis antigos</comment>
<model>wikitext</model>
<format>text/x-wiki</format>
<text bytes="272" xml:space="preserve">={{-en-}}=
==Adjetivo==
'''dangerous'''
#[[perigoso]]
#[[arriscado]]
===Sinônimos===
*[[hazardous]]
=={{pronúncia|en}}==
* {{audio|lang=en|en-us-dangerous.ogg|Áudio (EUA)}}
* {{audio|lang=en|En-uk-dangerous.ogg|Áudio (Reino Unido)}}
[[Categoria:Adjetivo (Inglês)]]</text>
<sha1>olx2xgfj6dk2ac3aozjaehm60qarrp5</sha1>
</revision>
