<page>
<title>dangus</title>
<ns>0</ns>
<id>229167</id>
<revision>
<id>2324861</id>
<parentid>1931483</parentid>
<timestamp>2017-04-30T09:32:01Z</timestamp>
<contributor>
<username>HydrizBot</username>
<id>29590</id>
</contributor>
<minor />
<comment>Robô: A limpar links interwikis antigos</comment>
<model>wikitext</model>
<format>text/x-wiki</format>
<text bytes="149" xml:space="preserve">={{-lt-}}=
==Substantivo==
'''dangus'''
# [[céu]] (abóbada celeste)
{{página-automática|Maio|2010|céu|lt}}
[[Categoria:Substantivo (Lituano)]]</text>
<sha1>h39n2drm2iggztxe171qfhhmzmv1gzg</sha1>
</revision>
</page>
