<page>
<title>danhosos</title>
<ns>0</ns>
<id>391162</id>
<revision>
<id>2477936</id>
<timestamp>2018-01-15T10:20:34Z</timestamp>
<contributor>
<username>Imivorn</username>
<id>64513</id>
</contributor>
<comment>[[Ajuda:Guia de edição/Menus e ferramentas/Sumário de edição|→]] nova página: ={{-mwl-}}= ==Forma de adjetivo== {{paroxítona|da|nho|sos|língua=mwl}} # plural de '''danhoso#{{mwl}}|dan...</comment>
<model>wikitext</model>
<format>text/x-wiki</format>
<text bytes="163" xml:space="preserve">={{-mwl-}}=
==Forma de adjetivo==
{{paroxítona|da|nho|sos|língua=mwl}}
# plural de '''[[danhoso#{{mwl}}|danhoso]]'''
[[Categoria:Forma de adjetivo (Mirandês)]]</text>
<sha1>c4s3l399crwix5cbci63bwkfkfp2evd</sha1>
</revision>
</page>
