<page>
<page>
<title>danhosa</title>
<ns>0</ns>
<id>391164</id>
<revision>
<id>2477938</id>
<timestamp>2018-01-15T10:21:04Z</timestamp>
<contributor>
<username>Imivorn</username>
<id>64513</id>
</contributor>
<comment>[[Ajuda:Guia de edição/Menus e ferramentas/Sumário de edição|→]] nova página: ={{-mwl-}}= ==Forma de adjetivo== {{paroxítona|da|nho|sa|língua=mwl}} # feminino de '''danhoso#{{mwl}}|da...</comment>
<model>wikitext</model>
<format>text/x-wiki</format>
<text bytes="164" xml:space="preserve">={{-mwl-}}=
==Forma de adjetivo==
{{paroxítona|da|nho|sa|língua=mwl}}
# feminino de '''[[danhoso#{{mwl}}|danhoso]]'''
[[Categoria:Forma de adjetivo (Mirandês)]]</text>
<sha1>6gkgsvh11iwvjds6yigcskowucxqk3m</sha1>
</revision>
