<page>
<page>
<title>danhos</title>
<ns>0</ns>
<id>391160</id>
<revision>
<id>2477933</id>
<timestamp>2018-01-15T10:18:13Z</timestamp>
<contributor>
<username>Imivorn</username>
<id>64513</id>
</contributor>
<comment>[[Ajuda:Guia de edição/Menus e ferramentas/Sumário de edição|→]] nova página: ={{-mwl-}}= ==Forma de substantivo== {{paroxítona|da|nhos|língua=mwl}} # plural de '''danho#{{mwl}}|danho...</comment>
<model>wikitext</model>
<format>text/x-wiki</format>
<text bytes="162" xml:space="preserve">={{-mwl-}}=
==Forma de substantivo==
{{paroxítona|da|nhos|língua=mwl}}
# plural de '''[[danho#{{mwl}}|danho]]'''
[[Categoria:Forma de substantivo (Mirandês)]]</text>
<sha1>2nzlnq19cm1i0j6b4fu30piolvcdllt</sha1>
</revision>
