<page>
<page>
<title>danho</title>
<ns>0</ns>
<id>391159</id>
<revision>
<id>2477932</id>
<timestamp>2018-01-15T10:17:56Z</timestamp>
<contributor>
<username>Imivorn</username>
<id>64513</id>
</contributor>
<comment>[[Ajuda:Guia de edição/Menus e ferramentas/Sumário de edição|→]] nova página: ={{-mwl-}}= ==Substantivo== {{flex.mwl|ms=danho|mp=danhos}} {{paroxítona|da|nho|língua=mwl}}, {{m}} # dan...</comment>
<model>wikitext</model>
<format>text/x-wiki</format>
<text bytes="151" xml:space="preserve">={{-mwl-}}=
==Substantivo==
{{flex.mwl|ms=danho|mp=danhos}}
{{paroxítona|da|nho|língua=mwl}}, {{m}}
# [[dano]]
[[Categoria:Substantivo (Mirandês)]]</text>
<sha1>pz2qjlo5f3gn9dm4liyflivw4ks9u2t</sha1>
</revision>
