<page>
<page>
<title>danhoso</title>
<ns>0</ns>
<id>391161</id>
<revision>
<id>2477935</id>
<timestamp>2018-01-15T10:20:04Z</timestamp>
<contributor>
<username>Imivorn</username>
<id>64513</id>
</contributor>
<comment>[[Ajuda:Guia de edição/Menus e ferramentas/Sumário de edição|→]] nova página: ={{-mwl-}}= ==Adjetivo== {{flex.mwl|ms=danhoso|mp=danhosos|fs=danhosa|fp=danhosas}} {{paroxítona|da|nho|so|l...</comment>
<model>wikitext</model>
<format>text/x-wiki</format>
<text bytes="177" xml:space="preserve">={{-mwl-}}=
==Adjetivo==
{{flex.mwl|ms=danhoso|mp=danhosos|fs=danhosa|fp=danhosas}}
{{paroxítona|da|nho|so|língua=mwl}}, {{m}}
# [[danoso]]
[[Categoria:Adjetivo (Mirandês)]]</text>
<sha1>aogkg9cqx5e3k7i8xz4n3gf1g3qjv0s</sha1>
</revision>
