<page>
<title>danhosas</title>
<ns>0</ns>
<id>391163</id>
<revision>
<id>2477937</id>
<timestamp>2018-01-15T10:20:51Z</timestamp>
<contributor>
<username>Imivorn</username>
<id>64513</id>
</contributor>
<comment>[[Ajuda:Guia de edição/Menus e ferramentas/Sumário de edição|→]] nova página: ={{-mwl-}}= ==Forma de adjetivo== {{paroxítona|da|nho|sas|língua=mwl}} # plural feminino de '''danhoso#{{...</comment>
<model>wikitext</model>
<format>text/x-wiki</format>
<text bytes="172" xml:space="preserve">={{-mwl-}}=
==Forma de adjetivo==
{{paroxítona|da|nho|sas|língua=mwl}}
# plural feminino de '''[[danhoso#{{mwl}}|danhoso]]'''
[[Categoria:Forma de adjetivo (Mirandês)]]</text>
<sha1>3fii21k2oy2dkp79pivlnipk6lpw05l</sha1>
</revision>
</page>
