<page>
<page>
<title>daninham</title>
<ns>0</ns>
<id>266142</id>
<revision>
<id>1132298</id>
<parentid>1059319</parentid>
<timestamp>2011-07-04T04:11:33Z</timestamp>
<contributor>
<username>MalafayaBot</username>
<id>628</id>
</contributor>
<minor />
<comment>Robô: Substituição de texto automática (-^\=\s?Português\s?\= +={{-pt-}}= &amp; -^\=\s?\{\{pt\}\}\s?\= +={{-pt-}}=)</comment>
<model>wikitext</model>
<format>text/x-wiki</format>
<text bytes="185" xml:space="preserve">={{-pt-}}=
==Forma verbal==
'''daninham'''
#[[terceira pessoa]] do [[plural]] do [[presente]] do [[modo indicativo]] do verbo '''[[daninhar]]'''
[[Categoria:Forma verbal (Português)]]</text>
<sha1>s5du1mt39c2r0ybg0yrl3yqkm625t4k</sha1>
</revision>
