<page>
<title>daninhei</title>
<ns>0</ns>
<id>266148</id>
<revision>
<id>1132329</id>
<parentid>1059325</parentid>
<timestamp>2011-07-04T04:12:05Z</timestamp>
<contributor>
<username>MalafayaBot</username>
<id>628</id>
</contributor>
<minor />
<comment>Robô: Substituição de texto automática (-^\=\s?Português\s?\= +={{-pt-}}= &amp; -^\=\s?\{\{pt\}\}\s?\= +={{-pt-}}=)</comment>
<model>wikitext</model>
<format>text/x-wiki</format>
<text bytes="198" xml:space="preserve">={{-pt-}}=
==Forma verbal==
'''daninhei'''
#[[primeira pessoa]] do [[singular]] do [[pretérito perfeito]] do [[modo indicativo]] do verbo '''[[daninhar]]'''
[[Categoria:Forma verbal (Português)]]</text>
<sha1>7fjy3cjqf0iggnp6ce4qfy1uoqa05ko</sha1>
</revision>
</page>
