<page>
<title>Daniellu</title>
<ns>0</ns>
<id>427200</id>
<revision>
<id>2598707</id>
<timestamp>2020-10-17T00:36:28Z</timestamp>
<contributor>
<username>Leonardo José Raimundo</username>
<id>43489</id>
</contributor>
<comment>Eu estou criando o nome &quot;Daniellu&quot;.</comment>
<model>wikitext</model>
<format>text/x-wiki</format>
<text bytes="201" xml:space="preserve">={{-co-}}=
==Substantivo==
{{paroxítona|Da|ni|el|lu|lang=co}}
# {{escopo|co|Cristianismo|religião}} [[Daniel]]
==Ver também==
===No Wikcionário===
{{bíblia/co}}
[[Categoria:Substantivo (Corso)]]</text>
<sha1>ptxac9hxi7z35newp9x9og10k9m752w</sha1>
</revision>
</page>
