<page>
<page>
<title>Daniela</title>
<ns>0</ns>
<id>325021</id>
<revision>
<id>2561119</id>
<parentid>2502544</parentid>
<timestamp>2019-11-12T08:07:39Z</timestamp>
<contributor>
<username>MIL973</username>
<id>41339</id>
</contributor>
<model>wikitext</model>
<format>text/x-wiki</format>
<text bytes="804" xml:space="preserve">={{-pt-}}=
==Substantivo==
{{flex.pt|fs=Daniela|fp=Danielas}}
{{paroxítona|Da|ni|e|la}}, {{gramática|pr|f}}
# {{escopo|pt|Antropônimo}} [[Apêndice:Prenomes em português|prenome]] feminino
===Tradução===
{{tradini}}
* {{trad|es|Daniela}}
{{tradmeio}}
{{tradfim}}
==Ver também==
===No Wikcionário===
====Antropônimos====
{{colunas|2}}
* [[Daniel]]
* [[Daniele]]
* [[Danila]]
* [[Danilo]]
* [[Nila]]
* [[Nilo]]
{{colunas/fim}}
==Anagrama==
# [[Adelina]]
[[Categoria:Substantivo (Português)]]
={{-es-}}=
==Substantivo==
{{flex.es|fs=Daniela|fp=Danielas}}
{{paroxítona|Da|nie|la}}, {{gramática|pr|f|lang=es}}
# {{escopo|es|Antropônimo}} [[Daniela#{{pt}}|Daniela]]
==Ver também==
===No Wikcionário===
====Antropônimos====
* [[Daniel#{{es}}|Daniel]]
[[Categoria:Substantivo (Espanhol)]]</text>
<sha1>8g17lsi0z3t1gcrwkony9was0eo4gw0</sha1>
</revision>
