<page>
<page>
<title>daninhais</title>
<ns>0</ns>
<id>266141</id>
<revision>
<id>1132297</id>
<parentid>1059318</parentid>
<timestamp>2011-07-04T04:11:32Z</timestamp>
<contributor>
<username>MalafayaBot</username>
<id>628</id>
</contributor>
<minor />
<comment>Robô: Substituição de texto automática (-^\=\s?Português\s?\= +={{-pt-}}= &amp; -^\=\s?\{\{pt\}\}\s?\= +={{-pt-}}=)</comment>
<model>wikitext</model>
<format>text/x-wiki</format>
<text bytes="185" xml:space="preserve">={{-pt-}}=
==Forma verbal==
'''daninhais'''
#[[segunda pessoa]] do [[plural]] do [[presente]] do [[modo indicativo]] do verbo '''[[daninhar]]'''
[[Categoria:Forma verbal (Português)]]</text>
<sha1>7jflkdpjac016xog9sg2i7tm2o2ilrk</sha1>
</revision>
