<page>
<title>Danio</title>
<ns>0</ns>
<id>121664</id>
<revision>
<id>2267677</id>
<parentid>2213792</parentid>
<timestamp>2017-04-26T16:23:37Z</timestamp>
<contributor>
<username>HydrizBot</username>
<id>29590</id>
</contributor>
<minor />
<comment>Robô: A limpar links interwikis antigos</comment>
<model>wikitext</model>
<format>text/x-wiki</format>
<text bytes="319" xml:space="preserve">={{-eo-}}=
[[Imagem:Flag of Denmark.svg|thumb|200px|'''Danio''']]
==Substantivo==
'''Danio''', {{g|pr}}
# {{escopo|eo|País}} [[Dinamarca]]
===Declinação===
{{decl.eo.subst.sing}}
==Ver também==
===No Wikcionário===
{{Europa/eo}}
[[Categoria:Substantivo (Esperanto)]]
[[Categoria:Entrada com imagem (Esperanto)]]</text>
<sha1>nhvpvys9pqyh8q7idho670vawv8vxuy</sha1>
</revision>
</page>
