<page>
<title>Daniya</title>
<ns>0</ns>
<id>444005</id>
<revision>
<id>2677739</id>
<timestamp>2022-05-22T08:20:18Z</timestamp>
<contributor>
<username>ValJor</username>
<id>1358</id>
</contributor>
<comment>Criação do verbete a partir da [[Especial:Páginas_pedidas|lista de palavras pedidas]]</comment>
<model>wikitext</model>
<format>text/x-wiki</format>
<text bytes="942" xml:space="preserve">{{Wikipédia|lang=kaa}}
{{Wikipédia|lang=gag}}
{{Wikipédia|lang=uz}}
[[Imagem:Flag of Denmark.svg|thumb|right|250px|{{centro|Bandeira da Dinamarca}}]]
[[Imagem:LocationDenmark.svg|thumb|right|250px|{{centro|Localização da Dinamarca}}]]
={{-kaa-}}=
==Substantivo==
'''Daniya''', {{gramática|pr}}
# {{escopo|kaa|País}} [[Dinamarca]]
==Ver também==
===No Wikcionário===
{{Europa/kaa}}
[[Categoria:Substantivo (Caracalpaque)]]
[[Categoria:Entrada com imagem (Caracalpaque)]]
={{-gag-}}=
==Substantivo==
'''Daniya''', {{gramática|pr}}
# {{escopo|gag|País}} [[Dinamarca]]
==Ver também==
===No Wikcionário===
{{Europa/gag}}
[[Categoria:Substantivo (Gagauz)]]
[[Categoria:Entrada com imagem (Gagauz)]]
={{-uz-}}=
==Substantivo==
'''Daniya''', {{gramática|pr}}
# {{escopo|uz|País}} [[Dinamarca]]
==Ver também==
===No Wikcionário===
{{Europa/uz}}
[[Categoria:Substantivo (Uzbeque)]]
[[Categoria:Entrada com imagem (Uzbeque)]]</text>
<sha1>0mtjvrychekocpw3ikkpm5a81qgsg8i</sha1>
</revision>
</page>
