<page>
<page>
<title>daninhamos</title>
<ns>0</ns>
<id>266140</id>
<revision>
<id>2506585</id>
<parentid>1132299</parentid>
<timestamp>2018-06-13T13:34:34Z</timestamp>
<contributor>
<username>ValJor</username>
<id>1358</id>
</contributor>
<comment>Acrescentando a predefinição avi-for-fle</comment>
<model>wikitext</model>
<format>text/x-wiki</format>
<text bytes="327" xml:space="preserve">={{-pt-}}=
==Forma verbal==
{{paroxítona|da|ni|nha|mos}}
# primeira pessoa do plural do presente do modo indicativo do verbo [[daninhar]]
# {{escopo2|grafia brasileira}} primeira pessoa do plural do pretérito perfeito do modo indicativo do verbo [[daninhar]]
{{avi-for-fle|daninhar}}
[[Categoria:Forma verbal (Português)]]</text>
<sha1>fpwlp2bsr8jgsq1mrwl64fm2ll3qd2c</sha1>
</revision>
