<page>
<title>Danimarka</title>
<ns>0</ns>
<id>124975</id>
<revision>
<id>2267675</id>
<parentid>1858487</parentid>
<timestamp>2017-04-26T16:23:25Z</timestamp>
<contributor>
<username>HydrizBot</username>
<id>29590</id>
</contributor>
<minor />
<comment>Robô: A limpar links interwikis antigos</comment>
<model>wikitext</model>
<format>text/x-wiki</format>
<text bytes="208" xml:space="preserve">={{-sq-}}=
{{Wikipédia|lang=sq}}
==Substantivo==
'''Danimarka''', {{pr}}
#{{escopo|Geografia}} [[Dinamarca]]
==Ver também==
{{Europa/sq}}
[[Categoria:Substantivo (Albanês)]]
[[Categoria:País (Albanês)]]</text>
<sha1>8vweo0kcvrchaa0lgqamfi4rzq3fzug</sha1>
</revision>
</page>
