<page>
<page>
<title>Danilos</title>
<ns>0</ns>
<id>359412</id>
<revision>
<id>2457735</id>
<parentid>2103825</parentid>
<timestamp>2017-10-29T01:00:18Z</timestamp>
<contributor>
<username>MIL973</username>
<id>41339</id>
</contributor>
<model>wikitext</model>
<format>text/x-wiki</format>
<text bytes="179" xml:space="preserve">={{-pt-}}=
==Forma de substantivo==
{{paroxítona|Da|ni|los}}, {{gramática|pr|mp}}
# plural de [[Danilo]]
{{avi-for-fle|Danilo}}
[[Categoria:Forma de substantivo (Português)]]</text>
<sha1>iuib4pvtc6jeaei4objbtrzqsgex3iu</sha1>
</revision>
