<page>
<page>
<title>Daniele</title>
<ns>0</ns>
<id>286348</id>
<revision>
<id>2691102</id>
<parentid>2502545</parentid>
<timestamp>2022-10-31T04:02:26Z</timestamp>
<contributor>
<username>Leonardo José Raimundo</username>
<id>43489</id>
</contributor>
<comment>Eu estou colocando a versão em napolitano do nome &quot;Daniele&quot;.</comment>
<model>wikitext</model>
<format>text/x-wiki</format>
<text bytes="2275" xml:space="preserve">{{Wikipédia}}
{{Wikipédia|lang=it}}
={{-pt-}}=
==Substantivo==
{{flex.pt|fs=Daniele|fp=Danieles}}
{{paroxítona|Da|ni|e|le}}, {{gramática|pr|f}}
# {{escopo|pt|Antropônimo}} [[Apêndice:Prenomes em português|prenome]] feminino
==Ver também==
===No Wikcionário===
====Antropônimos====
{{colunas|2}}
* [[Daniel]]
* [[Daniela]]
* [[Danila]]
* [[Danilo]]
* [[Nila]]
* [[Nilo]]
{{colunas/fim}}
[[Categoria:Substantivo (Português)]]
={{-it-}}=
==Substantivo==
{{flex.it|ms=Daniele|mp=Danieli}}
{{paroxítona|Da|nie|le|lang=it}}, {{gramática|pr|m|lang=it}}
# {{escopo|it|Antropônimo}} [[Daniel]]
# {{escopo|it|Cristianismo|religião}} [[profeta]] [[bíblico]]
==={{-varort-}}===
{{colunas|3}}
* [[Daniello#{{it}}|Daniello]]
* [[Danilo#{{it}}|Danilo]]
* [[Danillo#{{it}}|Danillo]]
{{colunas/fim}}
=={{etimologia|it}}==
{{llietimo|la|Daniel|it|ponto=não}} que veio do {{etm|grc|it}} {{etimo|grc|Δανιήλ}} (Danií̱l) e este do {{etm|hbo|it}} {{etimo|hbo|דניאל}} (Daniyél), cuja composição é {{etimo|hbo|דון}} &quot;julgar&quot; e {{etimo|hbo|אל}} &quot;Deus&quot;. Significa ''Deus é meu juiz''.
=={{pronúncia|it}}==
* [[AFI]]: {{AFI|/da.ˈnjɛ.le/}}.
==Ver também==
===No Wikcionário===
====Antropônimos====
{{colunas|3}}
* [[Dana#{{it}}|Dana]]
* [[Dania#{{it}}|Dania]]
* [[Daniela#{{it}}|Daniela]]
* [[Danelia#{{it}}|Danielia]]
* [[Daniella#{{it}}|Daniella]]
* [[Danila#{{it}}|Danila]]
* [[Danilla#{{it}}|Danilla]]
* [[Danino#{{it}}|Danino]]
* [[Danio#{{it}}|Danio]]
* [[Lela#{{it}}|Lela]]
* [[Lele#{{it}}|Lele]]
* [[Nila#{{it}}|Nila]]
* [[Nilio#{{it}}|Nilio]]
* [[Nilo#{{it}}|Nilo]]
{{colunas/fim}}
{{bíblia/it}}
[[Categoria:Substantivo (Italiano)]]
={{-nap-}}=
==Substantivo==
{{flex.nap|ms=Daniele|mp=Danieli}}
{{paroxítona|Da|ni|e|le|lang=nap}}
# {{escopo|nap|Antropônimo}} [[Daniel]]
# {{escopo|nap|Cristianismo|religião}} [[profeta]] [[bíblico]]
=={{etimologia|nap}}==
{{llietimo|la|Daniel|nap|ponto=não}} que veio do {{etm|grc|nap}} {{etimo|grc|Δανιήλ}} (Danií̱l) e este do {{etm|hbo|nap}} {{etimo|hbo|דניאל}} (Daniyél), cuja composição é {{etimo|hbo|דון}} &quot;julgar&quot; e {{etimo|hbo|אל}} &quot;Deus&quot;. Significa ''Deus é meu juiz''.
==Ver também==
===No Wikcionário===
{{bíblia/nap}}
[[Categoria:Substantivo (Napolitano)]]</text>
<sha1>31td24jehkbvo7lzqr0lhl9lr27l1e5</sha1>
</revision>
