<page>
<title>daninháramos</title>
<ns>0</ns>
<id>266156</id>
<revision>
<id>1132336</id>
<parentid>1059333</parentid>
<timestamp>2011-07-04T04:12:12Z</timestamp>
<contributor>
<username>MalafayaBot</username>
<id>628</id>
</contributor>
<minor />
<comment>Robô: Substituição de texto automática (-^\=\s?Português\s?\= +={{-pt-}}= &amp; -^\=\s?\{\{pt\}\}\s?\= +={{-pt-}}=)</comment>
<model>wikitext</model>
<format>text/x-wiki</format>
<text bytes="187" xml:space="preserve">={{-pt-}}=
==Forma verbal==
'''daninháramos'''
#[[primeira pessoa]] do [[plural]] do [[pretérito mais-que-perfeito]] do verbo '''[[daninhar]]'''
[[Categoria:Forma verbal (Português)]]</text>
<sha1>e7s90jc5t6yh3lykzjok67a8hc2gwfh</sha1>
</revision>
</page>
