<page>
<title>Danieles</title>
<ns>0</ns>
<id>347684</id>
<revision>
<id>2457729</id>
<parentid>2039705</parentid>
<timestamp>2017-10-29T00:56:12Z</timestamp>
<contributor>
<username>MIL973</username>
<id>41339</id>
</contributor>
<model>wikitext</model>
<format>text/x-wiki</format>
<text bytes="402" xml:space="preserve">={{-pt-}}=
==Forma de substantivo==
{{paroxítona|Da|ni|e|les}}, {{gramática|pr|fp}}
# plural de [[Daniele]]
{{avi-for-fle|Daniele}}
[[Categoria:Forma de substantivo (Português)]]
={{-es-}}=
==Forma de substantivo==
{{paroxítona|Da|nie|les|lang=es}}, {{gramática|pr|mp|lang=es}}
# plural de [[Daniel#{{es}}|Daniel]]
{{avi-for-fle|Daniel|lang=es}}
[[Categoria:Forma de substantivo (Espanhol)]]</text>
<sha1>hakf7cr2hdwi57uap42coeqrc72oog2</sha1>
</revision>
</page>
