<page>
<page>
<title>daninháveis</title>
<ns>0</ns>
<id>266146</id>
<revision>
<id>1132341</id>
<parentid>1059323</parentid>
<timestamp>2011-07-04T04:12:17Z</timestamp>
<contributor>
<username>MalafayaBot</username>
<id>628</id>
</contributor>
<minor />
<comment>Robô: Substituição de texto automática (-^\=\s?Português\s?\= +={{-pt-}}= &amp; -^\=\s?\{\{pt\}\}\s?\= +={{-pt-}}=)</comment>
<model>wikitext</model>
<format>text/x-wiki</format>
<text bytes="201" xml:space="preserve">={{-pt-}}=
==Forma verbal==
'''daninháveis'''
#[[segunda pessoa]] do [[plural]] do [[pretérito imperfeito]] do [[modo indicativo]] do verbo '''[[daninhar]]'''
[[Categoria:Forma verbal (Português)]]</text>
<sha1>78yp536qdb4oh7j131x2sa8fb3bt3ak</sha1>
</revision>
