<page>
<title>danificamento</title>
<ns>0</ns>
<id>227409</id>
<revision>
<id>2157009</id>
<parentid>2059198</parentid>
<timestamp>2016-08-09T15:48:26Z</timestamp>
<contributor>
<username>Luan</username>
<id>1279</id>
</contributor>
<minor />
<comment>substituição da [[predefinição:flex.pt.masc.reg]] por [[predefinição:flex.pt]] utilizando [[Project:AutoWikiBrowser|AWB]]</comment>
<model>wikitext</model>
<format>text/x-wiki</format>
<text bytes="345" xml:space="preserve">={{-pt-}}=
==Substantivo==
{{flex.pt|ms=danificamento|ms-div=da.ni.fi.ca.&lt;u&gt;men&lt;/u&gt;.to|mp=danificamentos|mp-div=da.ni.fi.ca.&lt;u&gt;men&lt;/u&gt;.tos}}
{{paroxítona|da|ni|fi|ca|men|to}}, {{gramática|m}}
# o mesmo que [[danificação]]
=={{etimologia|pt}}==
:{{escopo|Morfologia}} ''[[danificar]]'' + ''[[-mento]]''
[[Categoria:Substantivo (Português)]]</text>
<sha1>4l9jwdb5ouhxvoow125ai7zbkkr50ly</sha1>
</revision>
</page>
