<page>
<title>daninho</title>
<ns>0</ns>
<id>75680</id>
<revision>
<id>2610359</id>
<parentid>2324869</parentid>
<timestamp>2021-01-30T20:39:16Z</timestamp>
<contributor>
<username>Marxav</username>
<id>73271</id>
</contributor>
<minor />
<comment>AFI Portugal</comment>
<model>wikitext</model>
<format>text/x-wiki</format>
<text bytes="271" xml:space="preserve">={{-pt-}}=
==Adjetivo==
{{flex.pt|ms=daninho|mp=daninhos|fs=daninha|fp=daninhas}}
{{paroxítona|da|ni|nho}}
# [[prejudicial]]
# [[nocivo]]
=={{pronúncia|pt}}==
===Portugal===
* AFI: {{AFI|/dɐ.ˈni.ɲu/}}
==Anagrama==
# [[doninha]]
[[Categoria:Adjetivo (Português)]]</text>
<sha1>cld6juc9qhyg6frn6objfqupdili3yx</sha1>
</revision>
</page>
