<page>
<page>
<title>daninhemos</title>
<ns>0</ns>
<id>266171</id>
<revision>
<id>1132332</id>
<parentid>1059348</parentid>
<timestamp>2011-07-04T04:12:08Z</timestamp>
<contributor>
<username>MalafayaBot</username>
<id>628</id>
</contributor>
<minor />
<comment>Robô: Substituição de texto automática (-^\=\s?Português\s?\= +={{-pt-}}= &amp; -^\=\s?\{\{pt\}\}\s?\= +={{-pt-}}=)</comment>
<model>wikitext</model>
<format>text/x-wiki</format>
<text bytes="377" xml:space="preserve">={{-pt-}}=
==Forma verbal==
'''daninhemos'''
#[[primeira pessoa]] do [[plural]] do [[presente]] do [[modo subjuntivo]] do verbo '''[[daninhar]]'''
#[[primeira pessoa]] do [[plural]] do [[imperativo]] [[afirmativo]] do verbo '''[[daninhar]]'''
#[[primeira pessoa]] do [[plural]] do [[imperativo]] [[negativo]] do verbo '''[[daninhar]]'''
[[Categoria:Forma verbal (Português)]]</text>
<sha1>sw3hj2bn1lquuq51ki68iazsvuo6aiv</sha1>
</revision>
