<page>
<page>
<title>daninhava</title>
<ns>0</ns>
<id>266143</id>
<revision>
<id>1132325</id>
<parentid>1059320</parentid>
<timestamp>2011-07-04T04:12:00Z</timestamp>
<contributor>
<username>MalafayaBot</username>
<id>628</id>
</contributor>
<minor />
<comment>Robô: Substituição de texto automática (-^\=\s?Português\s?\= +={{-pt-}}= &amp; -^\=\s?\{\{pt\}\}\s?\= +={{-pt-}}=)</comment>
<model>wikitext</model>
<format>text/x-wiki</format>
<text bytes="232" xml:space="preserve">={{-pt-}}=
==Forma verbal==
'''daninhava'''
#[[primeira pessoa|primeira]] e [[terceira pessoa]] do [[singular]] do [[pretérito imperfeito]] do [[modo indicativo]] do verbo '''[[daninhar]]'''
[[Categoria:Forma verbal (Português)]]</text>
<sha1>hxelumkkry1cldgv8tgnodvzp70wzpb</sha1>
</revision>
