<page>
<page>
<title>Danilas</title>
<ns>0</ns>
<id>359413</id>
<revision>
<id>2457732</id>
<parentid>2103828</parentid>
<timestamp>2017-10-29T00:58:33Z</timestamp>
<contributor>
<username>MIL973</username>
<id>41339</id>
</contributor>
<model>wikitext</model>
<format>text/x-wiki</format>
<text bytes="179" xml:space="preserve">={{-pt-}}=
==Forma de substantivo==
{{paroxítona|Da|ni|las}}, {{gramática|pr|fp}}
# plural de [[Danila]]
{{avi-for-fle|Danila}}
[[Categoria:Forma de substantivo (Português)]]</text>
<sha1>46emorlz074m0626revxhxy8mp134bu</sha1>
</revision>
