<page>
<page>
<title>daninhassem</title>
<ns>0</ns>
<id>266178</id>
<revision>
<id>1996364</id>
<parentid>1955371</parentid>
<timestamp>2015-09-04T18:29:02Z</timestamp>
<contributor>
<username>ValJor</username>
<id>1358</id>
</contributor>
<comment>Desfazendo peraltice &quot;gramatológica&quot;</comment>
<model>wikitext</model>
<format>text/x-wiki</format>
<text bytes="219" xml:space="preserve">={{-pt-}}=
==Forma verbal==
{{paroxítona|da|ni|nhas|sem}}
# terceira pessoa do plural do pretérito imperfeito do modo subjuntivo do verbo [[daninhar]]
{{avi-for-fle|daninhar}}
[[Categoria:Forma verbal (Português)]]</text>
<sha1>5ejezysl96o7726uml1y4cogc1uoh5f</sha1>
</revision>
