<page>
<title>Danilo</title>
<ns>0</ns>
<id>359410</id>
<revision>
<id>2550820</id>
<parentid>2550819</parentid>
<timestamp>2019-08-04T18:36:20Z</timestamp>
<contributor>
<username>PlyrStar93</username>
<id>63291</id>
</contributor>
<minor />
<comment>Revertidas edições por [[Especial:Contribuições/131.0.217.61|131.0.217.61]] para a última versão por [[Especial:Contribuições/MIL973|MIL973]]</comment>
<model>wikitext</model>
<format>text/x-wiki</format>
<text bytes="396" xml:space="preserve">={{-pt-}}=
==Substantivo==
{{flex.pt|ms=Danilo|mp=Danilos}}
{{paroxítona|Da|ni|lo}}, {{gramática|pr|m}}
# {{escopo|pt|Antropônimo}} [[Apêndice:Prenomes em português|prenome]] masculino
==Ver também==
===No Wikcionário===
====Antropônimos====
{{colunas|2}}
* [[Daniel]]
* [[Daniela]]
* [[Daniele]]
* [[Danila]]
* [[Nila]]
* [[Nilo]]
{{colunas/fim}}
[[Categoria:Substantivo (Português)]]</text>
<sha1>i3pin13zbbd5y4gnsikgaw9q3y8uxd9</sha1>
</revision>
</page>
