<page>
<page>
<title>daninhará</title>
<ns>0</ns>
<id>266160</id>
<revision>
<id>1994788</id>
<parentid>1943765</parentid>
<timestamp>2015-09-02T14:21:59Z</timestamp>
<contributor>
<username>ValJor</username>
<id>1358</id>
</contributor>
<comment>Acrescentando a predefinição avi-for-fle</comment>
<model>wikitext</model>
<format>text/x-wiki</format>
<text bytes="195" xml:space="preserve">={{-pt-}}=
==Forma verbal==
{{oxítona|da|ni|nha|rá}}
# terceira pessoa do singular do futuro do presente do verbo [[daninhar]]
{{avi-for-fle|daninhar}}
[[Categoria:Forma verbal (Português)]]</text>
<sha1>3y5dd68mxeilqcpwjs9huxfrc4ncaxh</sha1>
</revision>
