<page>
<page>
<title>daninharás</title>
<ns>0</ns>
<id>266159</id>
<revision>
<id>1132315</id>
<parentid>1059336</parentid>
<timestamp>2011-07-04T04:11:50Z</timestamp>
<contributor>
<username>MalafayaBot</username>
<id>628</id>
</contributor>
<minor />
<comment>Robô: Substituição de texto automática (-^\=\s?Português\s?\= +={{-pt-}}= &amp; -^\=\s?\{\{pt\}\}\s?\= +={{-pt-}}=)</comment>
<model>wikitext</model>
<format>text/x-wiki</format>
<text bytes="176" xml:space="preserve">={{-pt-}}=
==Forma verbal==
'''daninharás'''
#[[segunda pessoa]] do [[singular]] do [[futuro do presente]] do verbo '''[[daninhar]]'''
[[Categoria:Forma verbal (Português)]]</text>
<sha1>dvynv9u7han2oo1e80pn4870ge0155r</sha1>
</revision>
