<page>
<page>
<title>daninharíamos</title>
<ns>0</ns>
<id>266166</id>
<revision>
<id>1132317</id>
<parentid>1059343</parentid>
<timestamp>2011-07-04T04:11:52Z</timestamp>
<contributor>
<username>MalafayaBot</username>
<id>628</id>
</contributor>
<minor />
<comment>Robô: Substituição de texto automática (-^\=\s?Português\s?\= +={{-pt-}}= &amp; -^\=\s?\{\{pt\}\}\s?\= +={{-pt-}}=)</comment>
<model>wikitext</model>
<format>text/x-wiki</format>
<text bytes="180" xml:space="preserve">={{-pt-}}=
==Forma verbal==
'''daninharíamos'''
#[[primeira pessoa]] do [[plural]] do [[futuro do pretérito]] do verbo '''[[daninhar]]'''
[[Categoria:Forma verbal (Português)]]</text>
<sha1>j0h0fb5kgvg9vwr4swelb2oeavis3n4</sha1>
</revision>
