<page>
<title>daninharia</title>
<ns>0</ns>
<id>266164</id>
<revision>
<id>1132310</id>
<parentid>1059341</parentid>
<timestamp>2011-07-04T04:11:45Z</timestamp>
<contributor>
<username>MalafayaBot</username>
<id>628</id>
</contributor>
<minor />
<comment>Robô: Substituição de texto automática (-^\=\s?Português\s?\= +={{-pt-}}= &amp; -^\=\s?\{\{pt\}\}\s?\= +={{-pt-}}=)</comment>
<model>wikitext</model>
<format>text/x-wiki</format>
<text bytes="209" xml:space="preserve">={{-pt-}}=
==Forma verbal==
'''daninharia'''
#[[primeira pessoa|primeira]] e [[terceira pessoa]] do [[singular]] do [[futuro do pretérito]] do verbo '''[[daninhar]]'''
[[Categoria:Forma verbal (Português)]]</text>
<sha1>tqe7gstt61y9shua1po8ctxsl9k89v6</sha1>
</revision>
</page>
