<page>
<page>
<title>daninhavam</title>
<ns>0</ns>
<id>266147</id>
<revision>
<id>1132326</id>
<parentid>1059324</parentid>
<timestamp>2011-07-04T04:12:01Z</timestamp>
<contributor>
<username>MalafayaBot</username>
<id>628</id>
</contributor>
<minor />
<comment>Robô: Substituição de texto automática (-^\=\s?Português\s?\= +={{-pt-}}= &amp; -^\=\s?\{\{pt\}\}\s?\= +={{-pt-}}=)</comment>
<model>wikitext</model>
<format>text/x-wiki</format>
<text bytes="200" xml:space="preserve">={{-pt-}}=
==Forma verbal==
'''daninhavam'''
#[[terceira pessoa]] do [[plural]] do [[pretérito imperfeito]] do [[modo indicativo]] do verbo '''[[daninhar]]'''
[[Categoria:Forma verbal (Português)]]</text>
<sha1>b04ds6n6i72x3o5v03rp5t8zxzm9tht</sha1>
</revision>
