<page>
<page>
<title>daninharíeis</title>
<ns>0</ns>
<id>266167</id>
<revision>
<id>1132318</id>
<parentid>1059344</parentid>
<timestamp>2011-07-04T04:11:53Z</timestamp>
<contributor>
<username>MalafayaBot</username>
<id>628</id>
</contributor>
<minor />
<comment>Robô: Substituição de texto automática (-^\=\s?Português\s?\= +={{-pt-}}= &amp; -^\=\s?\{\{pt\}\}\s?\= +={{-pt-}}=)</comment>
<model>wikitext</model>
<format>text/x-wiki</format>
<text bytes="178" xml:space="preserve">={{-pt-}}=
==Forma verbal==
'''daninharíeis'''
#[[segunda pessoa]] do [[plural]] do [[futuro do pretérito]] do verbo '''[[daninhar]]'''
[[Categoria:Forma verbal (Português)]]</text>
<sha1>7uftb8gucxm4sqhmjvefmmajes0ysym</sha1>
</revision>
