<page>
<page>
<title>daninhasse</title>
<ns>0</ns>
<id>266174</id>
<revision>
<id>1996415</id>
<parentid>1958674</parentid>
<timestamp>2015-09-04T19:24:22Z</timestamp>
<contributor>
<username>ValJor</username>
<id>1358</id>
</contributor>
<comment>Desfazendo peraltice &quot;gramatológica&quot;</comment>
<model>wikitext</model>
<format>text/x-wiki</format>
<text bytes="231" xml:space="preserve">={{-pt-}}=
==Forma verbal==
{{paroxítona|da|ni|nhas|se}}
# primeira e terceira pessoa do singular do pretérito imperfeito do modo subjuntivo do verbo [[daninhar]]
{{avi-for-fle|daninhar}}
[[Categoria:Forma verbal (Português)]]</text>
<sha1>guha3g7jrisceeigtcesyayobvviskl</sha1>
</revision>
