<page>
<title>danificado</title>
<ns>0</ns>
<id>332773</id>
<revision>
<id>2324866</id>
<parentid>2120825</parentid>
<timestamp>2017-04-30T09:32:12Z</timestamp>
<contributor>
<username>HydrizBot</username>
<id>29590</id>
</contributor>
<minor />
<comment>Robô: A limpar links interwikis antigos</comment>
<model>wikitext</model>
<format>text/x-wiki</format>
<text bytes="480" xml:space="preserve">={{-pt-}}=
==Adjetivo==
{{flex.pt|ms=danificado|mp=danificados|fs=danificada|fp=danificadas}}
{{paroxítona|da|ni|fi|ca|do}}, {{m}}
# [[prejudicado]]
# [[estragado]]
# [[deteriorado]]
=={{etimologia|pt}}==
: Particípio passado do verbo [[danificar]].
==Ver também==
===No Wikcionário===
{{verTambém.Ini}}
* [[avariado]]
* [[comprometido]]
* [[destrambelhado]]
{{verTambém.NovaColuna}}
* [[escangalhado]]
* [[troncho]]
{{verTambém.Fim}}
[[Categoria:Adjetivo (Português)]]</text>
<sha1>3a78vt2jhgxs1nj83d6noljcic44y3g</sha1>
</revision>
</page>
