<page>
<page>
<title>daninhásseis</title>
<ns>0</ns>
<id>266177</id>
<revision>
<id>2009909</id>
<parentid>1965327</parentid>
<timestamp>2015-10-05T15:34:29Z</timestamp>
<contributor>
<username>ValJor</username>
<id>1358</id>
</contributor>
<comment>Retirando divisão silábica equivocada</comment>
<model>wikitext</model>
<format>text/x-wiki</format>
<text bytes="240" xml:space="preserve">={{-pt-}}=
==Forma verbal==
{{paroxítona|da|ni|nhás|seis}}
# segunda pessoa do plural do pretérito imperfeito do modo {{PEPB|conjuntivo|subjuntivo}} do verbo [[daninhar]]
{{avi-for-fle|daninhar}}
[[Categoria:Forma verbal (Português)]]</text>
<sha1>7hxs6kxulp9h3dw61dw9fyu1v5uexgo</sha1>
</revision>
