<page>
<page>
<title>daninha</title>
<ns>0</ns>
<id>266139</id>
<revision>
<id>1132295</id>
<parentid>1059316</parentid>
<timestamp>2011-07-04T04:11:30Z</timestamp>
<contributor>
<username>MalafayaBot</username>
<id>628</id>
</contributor>
<minor />
<comment>Robô: Substituição de texto automática (-^\=\s?Português\s?\= +={{-pt-}}= &amp; -^\=\s?\{\{pt\}\}\s?\= +={{-pt-}}=)</comment>
<model>wikitext</model>
<format>text/x-wiki</format>
<text bytes="283" xml:space="preserve">={{-pt-}}=
==Forma verbal==
'''daninha'''
#[[terceira]] [[pessoa]] do [[singular]] do [[presente]] [[indicativo]] do verbo '''[[daninhar]]'''
#[[segunda]] [[pessoa]] do [[singular]] do [[imperativo]] [[afirmativo]] do verbo '''[[daninhar]]'''
[[Categoria:Forma verbal (Português)]]</text>
<sha1>bbfe9910b2nxs70zvl55mye01rqxd7k</sha1>
</revision>
