<page>
<title>Danish</title>
<ns>0</ns>
<id>48269</id>
<revision>
<id>2267678</id>
<parentid>2145724</parentid>
<timestamp>2017-04-26T16:23:45Z</timestamp>
<contributor>
<username>HydrizBot</username>
<id>29590</id>
</contributor>
<minor />
<comment>Robô: A limpar links interwikis antigos</comment>
<model>wikitext</model>
<format>text/x-wiki</format>
<text bytes="151" xml:space="preserve">={{-en-}}=
==Substantivo==
# [[dinamarquês]]
==Adjetivo==
# [[dinamarquês]]
[[Categoria:Substantivo (Inglês)]]
[[Categoria:Adjetivo (Inglês)]]</text>
<sha1>c0vwxim0pih3pr2honhwsxga4rvapm6</sha1>
</revision>
</page>
