<page>
<page>
<title>daninhámos</title>
<ns>0</ns>
<id>266151</id>
<revision>
<id>2580599</id>
<parentid>1132335</parentid>
<timestamp>2020-03-05T14:29:41Z</timestamp>
<contributor>
<username>ValJor</username>
<id>1358</id>
</contributor>
<comment>Acrescentando a predefinição avi-for-fle</comment>
<model>wikitext</model>
<format>text/x-wiki</format>
<text bytes="266" xml:space="preserve">={{-pt-}}=
==Forma verbal==
{{paroxítona|da|ni|nhá|mos}}
# {{escopo2|grafia lusitana}} primeira pessoa do plural do pretérito perfeito do indicativo do verbo [[daninhar]]
{{avi-for-fle|daninhar}}
[[Categoria:Forma verbal (Português)]]
[[Categoria:Lusitanismo]]</text>
<sha1>lf9j4fpalnzh12wwq8rpkcbaxbb5eor</sha1>
</revision>
