<page>
<title>Danimarkaca</title>
<ns>0</ns>
<id>221331</id>
<revision>
<id>2674570</id>
<parentid>2267676</parentid>
<timestamp>2022-04-21T09:23:41Z</timestamp>
<contributor>
<username>ValJor</username>
<id>1358</id>
</contributor>
<comment>Substituindo a [[Especial:Páginas_afluentes/Predefinição:escopoCat|predefinição escopoCat]] por escopo</comment>
<model>wikitext</model>
<format>text/x-wiki</format>
<text bytes="746" xml:space="preserve">={{-tr-}}=
==Substantivo==
'''Da.ni.{{grifar.Palavra|mar}}.ka.ca''', {{gramática|pr}}, {{s/p}}
# {{escopo|tr|Linguística}} [[dinamarquês]], [[língua]] {{o/a|dinamarqu|esa|ês}}
===Declinação===
{{decl.tr.subst|Danimarkac|a|-|num=s}}
==={{PEPB|Sinónimos|Sinônimos|inline=1}}===
* [[Danca]], [[Danuva]]
=={{etimologia|tr}}==
: De {{etimo|tr|Danimarka}} (&quot;[[Dinamarca]]&quot;) + {{etimo|tr|-ca}}.
=={{pronúncia|tr}}==
* [[AFI]]: {{AFI|/dɑ.nɪ.ˈmɑr.kɑ.ʤɑ/}}
* [[X-SAMPA]]: /dA.nI.&quot;mAr.kA.dZA/
==Ver também==
===No Wikcionário===
{{verTambém.Ini}}
* {{link preto|Danimarkalı}}
{{verTambém.Fim}}
[[Categoria:Substantivo (Turco)]]
[[Categoria:Polissílabo (Turco)]]
[[Categoria:Proparoxítona (Turco)]]
[[Categoria:Língua (Turco)]]</text>
<sha1>e8huzm1q6eutv0d84idcwz9eco3b1ux</sha1>
</revision>
</page>
