<page>
<title>daninhara</title>
<ns>0</ns>
<id>266154</id>
<revision>
<id>1132301</id>
<parentid>1059331</parentid>
<timestamp>2011-07-04T04:11:36Z</timestamp>
<contributor>
<username>MalafayaBot</username>
<id>628</id>
</contributor>
<minor />
<comment>Robô: Substituição de texto automática (-^\=\s?Português\s?\= +={{-pt-}}= &amp; -^\=\s?\{\{pt\}\}\s?\= +={{-pt-}}=)</comment>
<model>wikitext</model>
<format>text/x-wiki</format>
<text bytes="312" xml:space="preserve">={{-pt-}}=
==Forma verbal==
'''daninhara'''
#[[primeira pessoa|primeira]] do [[singular]] do [[pretérito mais-que-perfeito]] do verbo '''[[daninhar]]'''
#[[terceira pessoa|terceira pessoas]] do [[singular]] do [[pretérito mais-que-perfeito]] do verbo '''[[daninhar]]'''
[[Categoria:Forma verbal (Português)]]</text>
<sha1>99dplnbzkrywebqqs8zw8uhy0v7hf41</sha1>
</revision>
</page>
