<page>
<page>
<title>daninhai</title>
<ns>0</ns>
<id>266183</id>
<revision>
<id>1132296</id>
<parentid>1059360</parentid>
<timestamp>2011-07-04T04:11:31Z</timestamp>
<contributor>
<username>MalafayaBot</username>
<id>628</id>
</contributor>
<minor />
<comment>Robô: Substituição de texto automática (-^\=\s?Português\s?\= +={{-pt-}}= &amp; -^\=\s?\{\{pt\}\}\s?\= +={{-pt-}}=)</comment>
<model>wikitext</model>
<format>text/x-wiki</format>
<text bytes="178" xml:space="preserve">={{-pt-}}=
==Forma verbal==
'''daninhai'''
#[[segunda pessoa]] do [[plural]] do [[imperativo]] [[afirmativo]] do verbo '''[[daninhar]]'''
[[Categoria:Forma verbal (Português)]]</text>
<sha1>niouk8lpjiwq363613tvuyj31jl9syh</sha1>
</revision>
