<page>
<page>
<title>daninharas</title>
<ns>0</ns>
<id>266155</id>
<revision>
<id>1132303</id>
<parentid>1059332</parentid>
<timestamp>2011-07-04T04:11:38Z</timestamp>
<contributor>
<username>MalafayaBot</username>
<id>628</id>
</contributor>
<minor />
<comment>Robô: Substituição de texto automática (-^\=\s?Português\s?\= +={{-pt-}}= &amp; -^\=\s?\{\{pt\}\}\s?\= +={{-pt-}}=)</comment>
<model>wikitext</model>
<format>text/x-wiki</format>
<text bytes="185" xml:space="preserve">={{-pt-}}=
==Forma verbal==
'''daninharas'''
#[[segunda pessoa]] do [[singular]] do [[pretérito mais-que-perfeito]] do verbo '''[[daninhar]]'''
[[Categoria:Forma verbal (Português)]]</text>
<sha1>ihcm2yo14951231m0dg4to2veuhux4f</sha1>
</revision>
