<page>
<page>
<title>daninhássemos</title>
<ns>0</ns>
<id>266176</id>
<revision>
<id>2026350</id>
<parentid>1950063</parentid>
<timestamp>2015-10-27T18:21:53Z</timestamp>
<contributor>
<username>ValJor</username>
<id>1358</id>
</contributor>
<comment>Retirando divisão silábica equivocada</comment>
<model>wikitext</model>
<format>text/x-wiki</format>
<text bytes="255" xml:space="preserve">={{-pt-}}=
==Forma verbal==
{{proparoxítona|da|ni|nhás|se|mos}}
# primeira pessoa do plural do pretérito imperfeito do modo {{PEPB|inline=1|conjuntivo|subjuntivo}} do verbo [[daninhar]]
{{avi-for-fle|daninhar}}
[[Categoria:Forma verbal (Português)]]</text>
<sha1>5t4m3zpyjulhqaopieaqt90scb53elw</sha1>
</revision>
