<page>
<title>Daniéis</title>
<ns>0</ns>
<id>325541</id>
<revision>
<id>2609104</id>
<parentid>2609067</parentid>
<timestamp>2021-01-22T02:08:34Z</timestamp>
<contributor>
<username>ValJor</username>
<id>1358</id>
</contributor>
<minor />
<comment>Revertidas edições por [[Especial:Contribuições/45.168.248.70|45.168.248.70]] para a última versão por [[Especial:Contribuições/MIL973|MIL973]]</comment>
<model>wikitext</model>
<format>text/x-wiki</format>
<text bytes="177" xml:space="preserve">={{-pt-}}=
==Forma de substantivo==
{{oxítona|Da|ni|éis}}, {{gramática|pr|mp}}
# plural de [[Daniel]]
{{avi-for-fle|Daniel}}
[[Categoria:Forma de substantivo (Português)]]</text>
<sha1>selj01fu8snlltyc8t28zwouf3jg398</sha1>
</revision>
</page>
