<page>
<title>danjero</title>
<ns>0</ns>
<id>253999</id>
<revision>
<id>2324870</id>
<parentid>2233684</parentid>
<timestamp>2017-04-30T09:32:27Z</timestamp>
<contributor>
<username>HydrizBot</username>
<id>29590</id>
</contributor>
<minor />
<comment>Robô: A limpar links interwikis antigos</comment>
<model>wikitext</model>
<format>text/x-wiki</format>
<text bytes="468" xml:space="preserve">[[Imagem:Perigo alta tensão.JPG|thumb|210px|right|&lt;center&gt;danjero&lt;/center&gt;]]
={{-io-}}=
==Substantivo==
'''dan.{{grifar|je}}.ro'''
# [[perigo]]
===Declinação===
{{decl.io.subst|danjer}}
=={{etimologia|io}}==
{{llietimo|eo|danĝero|io}}
{{etimo.io|danjer|-o}}
=={{pronúncia}}==
* [[AFI]]: {{AFI|/dan.ˈʒɛ.rɔ/}}.
[[Categoria:Substantivo (Ido)]]
[[Categoria:Trissílabo (Ido)]]
[[Categoria:Entrada com pronúncia (Ido)]]
[[Categoria:Entrada com imagem (Ido)]]</text>
<sha1>314uh3i11qv50v6sav08sv1bwgy727h</sha1>
</revision>
</page>
