<page>
<title>dank</title>
<ns>0</ns>
<id>320446</id>
<revision>
<id>2324871</id>
<parentid>2244616</parentid>
<timestamp>2017-04-30T09:32:32Z</timestamp>
<contributor>
<username>HydrizBot</username>
<id>29590</id>
</contributor>
<minor />
<comment>Robô: A limpar links interwikis antigos</comment>
<model>wikitext</model>
<format>text/x-wiki</format>
<text bytes="424" xml:space="preserve">={{-en-}}=
==Adjetivo==
'''dank'''
# desagradavelmente [[frio]] e [[úmido]]
#* ''Avoiding puddles, stepping over mats of hyacinth leaves that remained in place, breathing the '''dank''' air.''
==Substantivo==
'''dank'''
# [[umidade]]
=={{etimologia|en}}==
: Do inglês médio [[danke]].
=={{pronúncia|en}}==
===Estados Unidos===
* [[AFI]]: /deɪŋk/
[[Categoria:Adjetivo (Inglês)]]
[[Categoria:Substantivo (Inglês)]]</text>
<sha1>g9j9d26p14icd91odzl2tfzbjkn2bnk</sha1>
</revision>
</page>
