<page>
<title>Danmarki</title>
<ns>0</ns>
<id>135584</id>
<revision>
<id>2267682</id>
<parentid>2188896</parentid>
<timestamp>2017-04-26T16:24:00Z</timestamp>
<contributor>
<username>HydrizBot</username>
<id>29590</id>
</contributor>
<minor />
<comment>Robô: A limpar links interwikis antigos</comment>
<model>wikitext</model>
<format>text/x-wiki</format>
<text bytes="257" xml:space="preserve">={{-kl-}}=
{{Wikipédia|lang=kl}}
==Substantivo==
'''Danmarki''', {{pr}}
#{{escopo|Geografia}} [[Dinamarca]]
===Variante===
*[[Kunngeqarfik Danmarki]]
==Ver também==
{{Europa/kl}}
[[Categoria:Substantivo (Groenlandês)]]
[[Categoria:País (Groenlandês)]]</text>
<sha1>647bodud3f90ivqa6zfkhrzqzidk5vq</sha1>
</revision>
</page>
