<page>
<page>
<title>Dannemar</title>
<ns>0</ns>
<id>150588</id>
<revision>
<id>2267685</id>
<parentid>1964539</parentid>
<timestamp>2017-04-26T16:24:09Z</timestamp>
<contributor>
<username>HydrizBot</username>
<id>29590</id>
</contributor>
<minor />
<comment>Robô: A limpar links interwikis antigos</comment>
<model>wikitext</model>
<format>text/x-wiki</format>
<text bytes="222" xml:space="preserve">={{-roa-nor-}}=
{{Wikipédia|lang=roa-nor}}
==Substantivo==
'''Dannemar''', {{pr}}
#{{escopo|Geografia}} [[Dinamarca]]
==Ver também==
{{Europa/roa-nor}}
[[Categoria:Substantivo (Normando)]]
[[Categoria:País (Normando)]]</text>
<sha1>gk3niol7nh65bukrejxr1lxq2zhojn2</sha1>
</revision>
