<page>
<page>
<title>danou</title>
<ns>0</ns>
<id>174201</id>
<revision>
<id>2324880</id>
<parentid>1849162</parentid>
<timestamp>2017-04-30T09:33:00Z</timestamp>
<contributor>
<username>HydrizBot</username>
<id>29590</id>
</contributor>
<minor />
<comment>Robô: A limpar links interwikis antigos</comment>
<model>wikitext</model>
<format>text/x-wiki</format>
<text bytes="191" xml:space="preserve">={{-pt-}}=
==Forma verbal==
'''danou'''
#[[terceira pessoa]] do [[singular]] do [[pretérito perfeito]] do [[modo indicativo]] do verbo '''[[danar]]'''
[[Categoria:Forma verbal (Português)]]</text>
<sha1>dao987k3mkah47fqgejex7jpoku9qg9</sha1>
</revision>
