<page>
<page>
<title>dano</title>
<ns>0</ns>
<id>36430</id>
<revision>
<id>2618859</id>
<parentid>2560232</parentid>
<timestamp>2021-02-01T17:06:14Z</timestamp>
<contributor>
<username>MarxavBot</username>
<id>80155</id>
</contributor>
<minor />
<comment>AFI Portugal</comment>
<model>wikitext</model>
<format>text/x-wiki</format>
<text bytes="1370" xml:space="preserve">{{Wikipédia}}
={{-pt-}}=
==Substantivo==
{{flex.pt|ms=dano|mp=danos}}
{{paroxítona|da|no}}, {{m}}
# [[mal]] ou [[ofensa]] [[pessoal]]
# [[prejuízo]] [[material]] por [[desgaste]], [[deterioração]] ou [[inutilização]] de [[algo]]
===Sinônimos===
De '''2''' (prejuízo material):
{{verTambém.Ini}}
* [[avaria]]
* [[danificação]]
{{verTambém.NovaColuna}}
* [[deterioração]]
* [[estrago]]
{{verTambém.Fim}}
===Tradução===
{{tradini}}
* {{t|de|Schaden|m}}
* {{t|fr|dégât|m}}
{{tradmeio}}
* {{trad|en|damage}}
* {{trad|mwl|danho}}
{{tradfim}}
==Forma verbal==
{{paroxítona|da|no}}
# primeira pessoa do singular do presente do indicativo do verbo [[danar]]
{{avi-for-fle|danar}}
=={{etimologia|pt}}==
: Do latim ''damnu''.
=={{pronúncia|pt}}==
===Portugal===
* AFI: {{AFI|/ˈdɐ.nu/}}
==Anagramas==
# [[ando]]
# [[dona]]
# [[nado]]
# [[onda]]
[[Categoria:Substantivo (Português)]]
[[Categoria:Forma verbal (Português)]]
={{-sl-}}=
==Forma de adjetivo==
'''dano'''
# flexão de [[dan]]
{{avi-for-fle|dan}}
==Forma verbal==
'''dano'''
# flexão do verbo [[dati]]
{{avi-for-fle|dati}}
[[Categoria:Forma de adjetivo (Esloveno)]]
[[Categoria:Forma verbal (Esloveno)]]
[[Categoria:Falso cognato (Esloveno)]]
={{-eo-}}=
==Substantivo==
'''dano'''
# [[dinamarquês]]
[[Categoria:Substantivo (Esperanto)]]
[[Categoria:Falso cognato (Esperanto)]]</text>
<sha1>i7uneh9d76rj0tydj49ar28vk6s6ay0</sha1>
</revision>
