<page>
<title>danoparlante</title>
<ns>0</ns>
<id>59594</id>
<revision>
<id>2067098</id>
<parentid>1392369</parentid>
<timestamp>2016-03-02T16:51:58Z</timestamp>
<contributor>
<username>Defender</username>
<id>15952</id>
</contributor>
<model>wikitext</model>
<format>text/x-wiki</format>
<text bytes="632" xml:space="preserve">={{-pt-}}=
==Adjetivo==
{{flex.pt|s=danoparlante|p=danoparlantes}}
{{paroxítona|da|no|par|lan|te}}, {{c2g}}
# o mesmo que [[danófono]]
==Substantivo==
{{flex.pt|s=danoparlante|p=danoparlantes}}
{{paroxítona|da|no|par|lan|te}}, {{c2g}}
# o mesmo que [[danófono]]
===Sinônimo===
* {{link preto|danofalante}}
=={{etimologia|pt}}==
:{{escopo|Morfologia}} [[dano-]] + [[-parlante]].
==Ver também==
===No Wikcionário===
{{verTambém.Ligações|-falante}}
{{verTambém.Ligações|-fono}}
{{verTambém.Ligações|-parlante}}
{{verTambém.Ligações|dano-}}
[[Categoria:Adjetivo (Português)]]
[[Categoria:Substantivo (Português)]]</text>
<sha1>c6zukhlivqxtkovst6nm1hla2jl545a</sha1>
</revision>
</page>
