<page>
<page>
<title>danoso</title>
<ns>0</ns>
<id>52317</id>
<revision>
<id>2477940</id>
<parentid>2324879</parentid>
<timestamp>2018-01-15T10:21:35Z</timestamp>
<contributor>
<username>Imivorn</username>
<id>64513</id>
</contributor>
<comment>/* {{-pt-}} */</comment>
<model>wikitext</model>
<format>text/x-wiki</format>
<text bytes="316" xml:space="preserve">={{-pt-}}=
==Adjetivo==
{{flex.pt|ms=danoso|mp=danosos|fs=danosa|fp=danosas}}
{{paroxítona|da|no|so}}
# [[nocivo]]
# que [[causar|causa]] [[dano]]
===Tradução===
{{tradini}}
* {{trad|mwl|danhoso}}
{{tradmeio}}
{{tradfim}}
==Anagramas==
# [[anodos]]
# [[soando]]
# [[sonado]]
[[Categoria:Adjetivo (Português)]]</text>
<sha1>bm2zv12kk9gex4e20il2jqy215q5kkl</sha1>
</revision>
