<page>
<title>danosas</title>
<ns>0</ns>
<id>101796</id>
<revision>
<id>2324878</id>
<parentid>1758001</parentid>
<timestamp>2017-04-30T09:32:57Z</timestamp>
<contributor>
<username>HydrizBot</username>
<id>29590</id>
</contributor>
<minor />
<comment>Robô: A limpar links interwikis antigos</comment>
<model>wikitext</model>
<format>text/x-wiki</format>
<text bytes="138" xml:space="preserve">={{-pt-}}=
== Forma de adjetivo ==
{{paroxítona|da|no|sas}}
# feminino plural de [[danoso]]
[[Categoria: Forma de adjetivo (Português)]]</text>
<sha1>o4kljkhiovbshpm6hull0i2rvpq9un2</sha1>
</revision>
</page>
