<page>
<page>
<title>danosa</title>
<ns>0</ns>
<id>103626</id>
<revision>
<id>2324877</id>
<parentid>1758002</parentid>
<timestamp>2017-04-30T09:32:55Z</timestamp>
<contributor>
<username>HydrizBot</username>
<id>29590</id>
</contributor>
<minor />
<comment>Robô: A limpar links interwikis antigos</comment>
<model>wikitext</model>
<format>text/x-wiki</format>
<text bytes="142" xml:space="preserve">={{-pt-}}=
== Forma de adjetivo ==
'''danosa'''
# [[feminino]] [[singular]] de '''[[danoso]]'''.
[[Categoria:Forma de adjetivo (Português)]]</text>
<sha1>fpj7rsk3hpj5mn6gfj54gddw9hqqw8p</sha1>
</revision>
