<page>
<page>
<title>danos</title>
<ns>0</ns>
<id>72632</id>
<revision>
<id>2324876</id>
<parentid>1407288</parentid>
<timestamp>2017-04-30T09:32:54Z</timestamp>
<contributor>
<username>HydrizBot</username>
<id>29590</id>
</contributor>
<minor />
<comment>Robô: A limpar links interwikis antigos</comment>
<model>wikitext</model>
<format>text/x-wiki</format>
<text bytes="216" xml:space="preserve">={{-pt-}}=
==Forma de substantivo==
{{paroxítona|da|nos}}
# plural de [[dano]]
==Anagramas==
# [[andós]]
# [[donas]]
# [[nados]]
# [[nodas]]
# [[ondas]]
# [[sonda]]
[[Categoria:Forma de substantivo (Português)]]</text>
<sha1>an7ps9j1ilsqzd9v9ez3r6esm7z6uq6</sha1>
</revision>
