<page>
<title>Dansuyu</title>
<ns>0</ns>
<id>153344</id>
<revision>
<id>2267687</id>
<parentid>2188889</parentid>
<timestamp>2017-04-26T16:24:16Z</timestamp>
<contributor>
<username>HydrizBot</username>
<id>29590</id>
</contributor>
<minor />
<comment>Robô: A limpar links interwikis antigos</comment>
<model>wikitext</model>
<format>text/x-wiki</format>
<text bytes="261" xml:space="preserve">={{-qu-}}=
{{Wikipédia|lang=qu}}
==Substantivo==
'''Dansuyu''', {{pr}}
#{{escopo|Geografia}} [[Dinamarca]]
===Variantes===
*[[Danmarka]]
*[[Dansuyu Qhapaq Suyu]]
==Ver também==
{{Europa/qu}}
[[Categoria:Substantivo (Quéchua)]]
[[Categoria:País (Quéchua)]]</text>
<sha1>6q2ju3xfkbr3e5bmoiuajs23vrx4urq</sha1>
</revision>
</page>
