<page>
<page>
<title>dans</title>
<ns>0</ns>
<id>51838</id>
<revision>
<id>2588714</id>
<parentid>2324881</parentid>
<timestamp>2020-05-24T15:03:52Z</timestamp>
<contributor>
<username>ValJor</username>
<id>1358</id>
</contributor>
<comment>Verbete [[:Categoria:!Página com idioma não informado em Predefinição:etimologia|sem indicação do idioma na seção de etimologia]]</comment>
<model>wikitext</model>
<format>text/x-wiki</format>
<text bytes="15447" xml:space="preserve">{{Wikipédia|lang=af}}
{{Wikipédia|lang=ku}}
{{Wikipédia|lang=diq}}
{{Wikipédia|lang=da}}
{{Wikipédia|lang=ht}}
{{Wikipédia|lang=nl}}
{{Wikipédia|lang=is}}
{{Wikipédia|lang=li}}
{{Wikipédia|lang=no}}
{{Wikipédia|lang=nn}}
{{Wikipédia|lang=ro}}
{{Wikipédia|lang=sv}}
{{Wikipédia|lang=tr}}
{{ver também|dañs}}
={{-af-}}=
==Substantivo==
'''dans'''
# [[dança#Substantivo|dança]]
# {{escopo|af|arte}} dança
===Expressões===
* '''moderne dans''': [[dança moderna]]
===Verbetes derivados===
{{verTambém.Ini}}
* {{link opcional|beroepsdans|af}}
* {{link opcional|geselskapsdans|af}}
* {{link opcional|volksdans|af}}
{{verTambém.Fim}}
==Verbo==
'''dans'''
# [[dançar]]
=={{etimologia|af}}==
{{llietimo|fr|danse|af|ponto=não}} pelo {{etm|nl|af}} {{etimo|nl|dans}}.
==Ver também==
===No Wikcionário===
{{verTambém.Ini}}
* {{link opcional|musiek|af}}
{{verTambém.Fim}}
[[Categoria:Substantivo (Africâner)]]
[[Categoria:Verbo (Africâner)]]
[[Categoria:Monossílabo (Africâner)]]
[[Categoria:Cognato (Africâner)]]
={{-kw-}}=
==Substantivo==
[[Imagem:Lower wisdom tooth.jpg|thumb|125px|'''Dans''']]
'''dans''' ({{p}} '''''{{link opcional|dannet|kw}}'''''/'''''{{link opcional|dyns|kw}}''''')
# {{escopo|kw|anatomia}} [[dente]]
{{pularLinhas|2}}
==Ver também==
===No Wikcionário===
{{verTambém.Ini}}
* {{link opcional|genau|kw}}
{{verTambém.Fim}}
[[Categoria:Substantivo (Córnico)]]
[[Categoria:Anatomia (Córnico)]]
[[Categoria:Monossílabo (Córnico)]]
[[Categoria:Cognato (Córnico)]]
[[Categoria:Entrada com imagem (Córnico)]]
={{-da-}}=
==Substantivo==
'''dans''' {{c.}}
# [[dança#Substantivo|dança]]
# {{escopo|da|arte}} dança
===Declinação===
{{decl.da.subst.com}}
===Expressões===
* '''{{link opcional|irsk dans|da}}''': [[dança irlandesa]]
===Verbetes derivados===
{{verTambém.Ini}}
* {{link opcional|danse|da}}
* {{link opcional|danseskoler|da}}
{{verTambém.NovaColuna|25}}
* {{link opcional|folkedans|da}}
* {{link opcional|kollektivdans|da}}
{{verTambém.NovaColuna|25}}
* {{link opcional|kædedans|da}}
* {{link opcional|mavedans|da}}
{{verTambém.NovaColuna|25}}
* {{link opcional|sportsdans|da}}
* {{link opcional|stepdans|da}}
{{verTambém.Fim}}
=={{etimologia|da}}==
{{llietimo|fr|danse|da}}
==Ver também==
===No Wikcionário===
{{verTambém.Ini}}
* [[musik#{{da}}|musik]]
{{verTambém.Fim}}
===Referências===
{{verTambém.Ini}}
* [http://ordnet.dk/ods/opslag?opslag=dans ''dans'' no ODS (em dinamarquês)]
* [http://sproget.dk/search?SearchableText=dans ''dans'' no sproget.dk (em dinamarquês)]
{{verTambém.Fim}}
[[Categoria:Substantivo (Dinamarquês)]]
[[Categoria:Monossílabo (Dinamarquês)]]
[[Categoria:Cognato (Dinamarquês)]]
={{-fo-}}=
==Forma de substantivo==
'''dans'''
# [[acusativo]] [[singular]] de '''''[[dansur]]'''''
# [[genitivo]] [[singular]] de '''''dansur'''''
{{avi-for-fle|dansur}}
=={{pronúncia|fo}}==
* [[AFI]]: {{AFI|/ˈdan̥s/}}
* [[X-SAMPA]]: /&quot;dan_0s/
[[Categoria:Forma de substantivo (Feroês)]]
[[Categoria:Monossílabo (Feroês)]]
={{-vls-}}=
==Substantivo==
'''dans'''
# [[dança#Substantivo|dança]]
# {{escopo|vls|arte}} dança
=={{etimologia|vls}}==
{{llietimo|fr|danse|vls}}
==Ver também==
===No Wikcionário===
{{verTambém.Ini}}
* [[muziek#{{vls}}|muziek]]
{{verTambém.Fim}}
[[Categoria:Substantivo (Flamengo)]]
[[Categoria:Monossílabo (Flamengo)]]
[[Categoria:Cognato (Flamengo)]]
={{-fr-}}=
==Preposição==
'''dans'''
# [[em]]:
#* '''''Dans''' la forêt, il y a des arbres.'' &lt;small&gt;(Na floresta, há algumas árvores.)&lt;/small&gt;
#* '''''dans''' mon enfance'' &lt;small&gt;(na minha infância)&lt;/small&gt;
# [[dentro]] de, em:
#* ''mettre l'argent '''dans''' le poche'' &lt;small&gt;(&quot;pôr o dinheiro dentro do bolso&quot;)&lt;/small&gt;
#* '''''Dans''' cinq ans, je serais grand.'' &lt;small&gt;(Dentro de cinco anos, serei grande.)&lt;/small&gt;
# de (''[[indicar|indicando]] [[origem]]''):
#* ''Il prend le beurre '''dans''' le réfrigérateur.'' &lt;small&gt;(Ele pega a manteiga do refrigerador.)&lt;/small&gt;
# [[com]]:
#* ''Il a fait cela '''dans''' la pensée d'en tirer de l'utilité.'' &lt;small&gt;(Ele fez isso com a ideia de aproveitar sua utilidade.)&lt;/small&gt;
# [[segundo]], [[de acordo com]], com:
#* ''Ce mot est employé '''dans''' telle acception.'' &lt;small&gt;(Esta palavra é usada com esta acepção.)&lt;/small&gt;
===Sinónimos===
* De '''1''' (em): [[en#{{fr}}|en]]
* De '''4''' (com): [[avec#{{fr}}|avec]]
* De '''5''' (segundo): {{link opcional|selon|fr}}
===Verbetes derivados===
{{verTambém.Ini}}
* {{link opcional|dedans|fr}}
{{verTambém.Fim}}
=={{etimologia|fr}}==
{{llietimo|la|deintus|fr}}
:* '''Datação''': aproximadamente [[w:1112|1112]]
===Cognatos===
{{tradini|Cognatos de ''dans''}}
* {{trad|en|denizen}}
{{tradfim}}
=={{pronúncia|fr}}==
* [[AFI]]: {{AFI|/dɑ̃/}}
* [[X-SAMPA]]: /dA~/
: '''Áudio''': {{ouvir|Fr-dans.ogg|&quot;dans&quot;}}
===Homófonos===
{{verTambém.Ini}}
* {{link opcional|dent|fr}}
{{verTambém.Fim}}
==Ver também==
===Referências===
{{verTambém.Ini}}
* [http://www.cnrtl.fr/definition/dans/1 ''dans'' no CNRTL (em francês)]
* [http://www.mediadico.com/dictionnaire/definition/dans/1 ''dans'' no MEDIADICO (em francês)]
{{verTambém.Fim}}
[[Categoria:Preposição (Francês)]]
[[Categoria:Monossílabo (Francês)]]
[[Categoria:Século XII (Francês)]]
[[Categoria:Entrada com áudio (Francês)]]
={{-nl-}}=
==Substantivo==
'''dans''', {{gramática|m}}
# [[dança#Substantivo|dança]]
# {{escopo|nl|arte}} dança
===Expressões===
* '''individuele dans''': [[dança#Substantivo|dança]] [[individual]]
* '''Latĳns-Amerikaanse dans''': dança [[latino-americano|latino-americana]]
* '''moderne dans''': [[dança moderna]]
===Verbetes derivados===
{{fraseini|Termos derivados de ''dans''}}
* {{link opcional|afrodans|nl}}
* {{link opcional|ballroomdans|nl}}
* {{link opcional|buikdans|nl}}
* {{link opcional|computerdans|nl}}
{{verTambém.NovaColuna|20}}
* {{link opcional|dansexpressie|nl}}
* {{link opcional|dansmuziek|nl}}
* {{link opcional|dansschool|nl}}
* {{link opcional|dansstĳl|nl}}
{{verTambém.NovaColuna|20}}
* {{link opcional|formatiedans|nl}}
* {{link opcional|hofdans|nl}}
* {{link opcional|jazzdans|nl}}
* {{link opcional|klompendans|nl}}
{{verTambém.NovaColuna|20}}
* {{link opcional|lĳndans|nl}}
* {{link opcional|paaldans|nl}}
* {{link opcional|reidans|nl}}
* {{link opcional|spiegeldans|nl}}
{{verTambém.NovaColuna|20}}
* {{link opcional|stĳldans|nl}}
* {{link opcional|tapdans|nl}}
* {{link opcional|volksdans|nl}}
{{frasefim}}
==Forma verbal==
'''dans'''
# [[primeiro|primeira]] [[pessoa]] [[do]] [[singular]] do [[presente]] do [[indicativo]] do [[verbo]] '''''{{link opcional|dansen|nl}}'''''
{{avi-for-fle|dansen}}
=={{etimologia|nl}}==
{{llietimo|fr|danse|nl}}
===Descendentes===
{{tradini|Termos descendentes de ''dans''}}
* {{trad|af|dans}}
{{tradfim}}
=={{pronúncia|nl}}==
* [[AFI]]: {{AFI|/ˈdɑns/}}
* [[X-SAMPA]]: /&quot;dAns/
: '''Áudio''': {{ouvir|Nl-dans.ogg|&quot;dans&quot;}}
==Ver também==
===No Wikcionário===
{{verTambém.Ini}}
* {{link opcional|musiek|nl}}
{{verTambém.Fim}}
===Referências===
{{verTambém.Ini}}
* [http://www.heelom.com/Echo/zoekrobot/woordenboek/search/?k=dans&amp;waar=Feld2 ''dans'' no Heelom (em holandês)]
{{verTambém.Fim}}
[[Categoria:Substantivo (Holandês)]]
[[Categoria:Forma verbal (Holandês)]]
[[Categoria:Monossílabo (Holandês)]]
[[Categoria:Cognato (Holandês)]]
[[Categoria:Entrada com áudio (Holandês)]]
={{-is-}}=
==Substantivo==
'''dans''', {{gramática|m}}
# [[dança#Substantivo|dança]]
# {{escopo|is|arte}} dança
===Declinação===
{{decl.is.subst.forte.masc.1.-s.a~ö|d|ns||nis=[[dans]]}}
===Verbetes derivados===
{{verTambém.Ini}}
* {{link opcional|dansa|is}}
* {{link opcional|dansari|is}}
{{verTambém.NovaColuna|50}}
* {{link opcional|dansleikur|is}}
* {{link opcional|dansmær|is}}
{{verTambém.Fim}}
=={{etimologia|is}}==
{{llietimo|fr|danse|is}}
=={{pronúncia|is}}==
* [[AFI]]: {{AFI|/ˈdans/}}
* [[X-SAMPA]]: /&quot;dans/
==Ver também==
===No Wikcionário===
{{verTambém.Ini}}
* {{link opcional|tónlist|is}}
{{verTambém.Fim}}
===Referências===
{{verTambém.Ini}}
* [http://digicoll.library.wisc.edu/cgi-bin/IcelOnline/IcelOnline.TEId-idx?type=simple&amp;rgn=lemma&amp;q1=dans ''dans'' no Icelandic Online Dictionary and Readings (em islandês)]
* [http://snara.is/vefbaekur/g.aspx?dbid=2&amp;action=search&amp;sw=dans ''dans'' no Íslensk orðabók (em islandês)]
{{verTambém.Fim}}
[[Categoria:Substantivo (Islandês)]]
[[Categoria:Monossílabo (Islandês)]]
[[Categoria:Cognato (Islandês)]]
={{-la-}}=
==Forma verbal==
'''dāns''', {{gramática|m|f|n}}
# [[particípio presente]] do [[verbo]] '''''[[do#{{la}}|dō]]'''''
{{avi-for-fle|do}}
===Declinação===
{{decl.la.part.presente.1|d|d}}
[[Categoria:Forma verbal (Latim)]]
[[Categoria:Monossílabo (Latim)]]
={{-li-}}=
==Substantivo==
'''dans''', {{gramática|f}}
# [[dança#Substantivo|dança]]
# {{escopo|li|arte}} dança
===Expressões===
* '''individuuel dans''': [[dança#Substantivo|dança]] [[individual]]
* '''Letiensk-Amerikaansj dans''': dança [[latino-americano|latino-americana]]
* '''medèrn dans''': [[dança moderna]]
===Verbetes derivados===
{{verTambém.Ini}}
* {{link opcional|boekdanse|li}}
* {{link opcional|dansoeddrókking|li}}
{{verTambém.NovaColuna|50}}
* {{link opcional|stieldans|li}}
* {{link opcional|vólksdans|li}}
{{verTambém.Fim}}
=={{etimologia|li}}==
{{llietimo|fr|danse|li}}
==Ver também==
===No Wikcionário===
{{verTambém.Ini}}
* [[meziek#{{li}}|meziek]]
{{verTambém.Fim}}
[[Categoria:Substantivo (Limburguês)]]
[[Categoria:Monossílabo (Limburguês)]]
[[Categoria:Cognato (Limburguês)]]
={{-no-}}=
==Substantivo==
'''dans''', {{gramática|m}}
# [[dança#Substantivo|dança]]:
#* '''''Dansen''' jeg liker best er tango.'' &lt;small&gt;(A dança que mais gosto é o tango.)&lt;/small&gt;
# {{escopo|no|arte}} dança
===Declinação===
{{decl.no.subst.masc.1|dans|s='}}
===Sinónimos===
* {{link opcional|dansing|no}}
=={{etimologia|no}}==
{{llietimo|fr|danse|no}}
==Ver também==
===No Wikcionário===
{{verTambém.Ini}}
* {{link opcional|musikk|no}}
{{verTambém.Fim}}
===Referências===
{{verTambém.Ini}}
* [http://www.dokpro.uio.no/perl/ordboksoek/ordbok.cgi?OPP=dans ''dans'' no Norske ordbøker (em norueguês)]
* [http://www.ordnett.no/ordbok.html?publications=23&amp;art_id=20257257 ''dans'' no The Ordnett Dictionary (em norueguês)]
{{verTambém.Fim}}
[[Categoria:Substantivo (Norueguês)]]
[[Categoria:Monossílabo (Norueguês)]]
[[Categoria:Cognato (Norueguês)]]
={{-ro-}}=
{{ver também|dâns}}
==Substantivo==
'''dans''', {{gramática|n}}
# [[dança#Substantivo|dança]]
#* ''un '''dans''' popular'' &lt;small&gt;(uma dança popular)&lt;/small&gt;
# {{escopo|ro|Arte}} dança:
#* ''Îi place muzica și '''dansul'''.'' &lt;small&gt;(Ele gosta de música e dança.)&lt;/small&gt;
===Declinação===
{{decl.ro.subst.neu|dans}}
===Expressões===
* '''{{link opcional|dans de salon|ro}}''': [[dança de salão]]
* '''{{link opcional|dans modern|ro}}''': [[dança moderna]]
==={{-varort-}}===
* {{link opcional|danț|ro}}
===Verbetes derivados===
{{verTambém.Ini}}
* {{link opcional|dansa|ro}}
* {{link opcional|dansant|ro}}
{{verTambém.NovaColuna|33}}
* {{link opcional|dansator|ro}}
* {{link opcional|dănțui|ro}}
{{verTambém.NovaColuna|34}}
* {{link opcional|dănțuitor|ro}}
{{verTambém.Fim}}
=={{etimologia|ro}}==
{{llietimo|fr|danse|ro}}
=={{pronúncia|ro}}==
* [[AFI]]: {{AFI|/ˈdans/}}
* [[X-SAMPA]]: /&quot;dans/
==Ver também==
===Referências===
{{verTambém.Ini}}
* [http://dexonline.ro/search.php?cuv=dans ''dans'' no DEX online (em romeno)]
{{verTambém.Fim}}
[[Categoria:Substantivo (Romeno)]]
[[Categoria:Monossílabo (Romeno)]]
[[Categoria:Dança (Romeno)]]
[[Categoria:Cognato (Romeno)]]
={{-sv-}}=
==Substantivo==
'''dans''' {{c.}}
# [[dança#Substantivo|dança]]:
#* ''Masurka är en av polska national'''dans'''erna.'' &lt;small&gt;(A mazurca é uma das danças nacionais polacas)&lt;/small&gt;
# {{escopo|sv|arte}} dança
===Declinação===
{{decl.sv.subst.3.com|dans|s=|gis=[[dans]]}}
===Verbetes derivados===
{{fraseini|Termos derivados de ''dans''}}
* {{link opcional|dansa|sv}}
* {{link opcional|dansare|sv}}
* {{link opcional|dansbana|sv}}
* {{link opcional|dansklass|sv}}
* {{link opcional|danskonst|sv}}
* {{link opcional|danslektion|sv}}
* {{link opcional|danslärare|sv}}
* {{link opcional|danssal|sv}}
{{verTambém.NovaColuna|20}}
* {{link opcional|danspar|sv}}
* {{link opcional|danssteg|sv}}
* {{link opcional|dansstil|sv}}
* {{link opcional|danssko|sv}}
* {{link opcional|dansskola|sv}}
* {{link opcional|danssport|sv}}
* {{link opcional|dansterapeut|sv}}
* {{link opcional|danstillställning|sv}}
{{verTambém.NovaColuna|20}}
* {{link opcional|danstyp|sv}}
* {{link opcional|danstävling|sv}}
* {{link opcional|dansyrke|sv}}
* {{link opcional|folkdans|sv}}
* {{link opcional|fridans|sv}}
* {{link opcional|gruppdans|sv}}
* {{link opcional|hyllningsdans|sv}}
{{verTambém.NovaColuna|20}}
* {{link opcional|jazzdans|sv}}
* {{link opcional|krigsdans|sv}}
* {{link opcional|magdans|sv}}
* {{link opcional|maskindans|sv}}
* {{link opcional|oxdans|sv}}
* {{link opcional|pardans|sv}}
* {{link opcional|regndans|sv}}
{{verTambém.NovaColuna|20}}
* {{link opcional|ringdans|sv}}
* {{link opcional|solodans|sv}}
* {{link opcional|sällskapsdans|sv}}
* {{link opcional|trandans|sv}}
* {{link opcional|tävlingsdans|sv}}
* {{link opcional|uppvisningsdans|sv}}
* {{link opcional|älvdans|sv}}
{{frasefim}}
==Forma de substantivo==
'''dans'''
# [[genitivo]] [[singular]] [[definido]] de '''''[[da#{{sv}}|da]]''''':
## do [[dia]]
{{avi-for-fle|da}}
=={{etimologia|sv}}==
{{llietimo|fr|danse|sv}}
=={{pronúncia|sv}}==
* [[AFI]]: {{AFI|/ˈdɑns/}}
* [[X-SAMPA]]: /&quot;dAns/
: '''Áudio''': {{ouvir|Sv-dans.ogg|&quot;en dans&quot;}}
==Ver também==
===No Wikcionário===
{{verTambém.Ini}}
* [[musik#{{sv}}|musik]]
{{verTambém.Fim}}
===Referências===
{{verTambém.Ini}}
* [http://lexin.nada.kth.se/sve-sve.html Lexin (em sueco)]
{{verTambém.Fim}}
[[Categoria:Substantivo (Sueco)]]
[[Categoria:Forma de substantivo (Sueco)]]
[[Categoria:Monossílabo (Sueco)]]
[[Categoria:Cognato (Sueco)]]
[[Categoria:Entrada com áudio (Sueco)]]
={{-tr-}}=
==Substantivo==
'''dans'''
# [[dança#Substantivo|dança]]:
#* ''Benimle '''dans''' eder misin?'' &lt;small&gt;(Gostarias de dançar comigo?)&lt;/small&gt;
# {{escopo|tr|arte}} dança
===Expressões===
* '''dans adımı''': [[passo#Substantivo|passo]] de [[dança#Substantivo|dança]]
* '''dans pisti''': [[pista]] de dança
* '''dans etmek''': [[dançar]]
* '''modern dans''': [[dança moderna]]
* '''oryantal dans''': [[dança do ventre]]
=={{etimologia|tr}}==
{{llietimo|fr|danse|tr}}
=={{pronúncia|tr}}==
* [[AFI]]: {{AFI|/ˈdans/}}
* [[X-SAMPA]]: /&quot;dans/
==Ver também==
===No Wikcionário===
{{verTambém.Ini}}
* {{link opcional|müzik|tr}}
{{verTambém.Fim}}
===Referências===
{{verTambém.Ini}}
* [http://www.tureng.com/search/dans ''dans'' no Tureng Sözlük (em inglês e turco)]
{{verTambém.Fim}}
[[Categoria:Substantivo (Turco)]]
[[Categoria:Monossílabo (Turco)]]
[[Categoria:Cognato (Turco)]]
={{-zea-}}=
==Substantivo==
'''dans'''
# [[dança#Substantivo|dança]]
# {{escopo|zea|arte}} dança
=={{etimologia|zea}}==
{{llietimo|fr|danse|zea}}
==Ver também==
===No Wikcionário===
{{verTambém.Ini}}
* [[muziek#{{zea}}|muziek]]
{{verTambém.Fim}}
[[Categoria:Substantivo (Zelandês)]]
[[Categoria:Monossílabo (Zelandês)]]
[[Categoria:Cognato (Zelandês)]]</text>
<sha1>cvp62o88pem3ym9qhy2wwy6pogyvxcq</sha1>
</revision>
