<page>
<title>dansa</title>
<ns>0</ns>
<id>325664</id>
<revision>
<id>2324882</id>
<parentid>2244615</parentid>
<timestamp>2017-04-30T09:33:14Z</timestamp>
<contributor>
<username>HydrizBot</username>
<id>29590</id>
</contributor>
<minor />
<comment>Robô: A limpar links interwikis antigos</comment>
<model>wikitext</model>
<format>text/x-wiki</format>
<text bytes="360" xml:space="preserve">={{-ia-}}=
{{flex.ia|dansa|dansas}}
==Substantivo==
'''dansa'''
# [[dança]]
{{categorias|{{nome categoria|ia}}|Substantivo}}
={{-lfn-}}=
==Verbo==
'''dansa'''
# [[dançar]]
===Conjugação===
{{conj.lfn}}
===Grafias alternativas===
* '''[[alfabeto cirílico|Alfabeto cirílico]]:''' {{l.s.|данса|{{lfn}}}}
{{categorias|{{nome categoria|lfn}}|Verbo}}</text>
<sha1>n5tx3uyxriy3v2vlkb97n76d2chgzi5</sha1>
</revision>
</page>
