<page>
<page>
<title>Danska</title>
<ns>0</ns>
<id>128013</id>
<revision>
<id>2608413</id>
<parentid>2558982</parentid>
<timestamp>2021-01-16T12:02:58Z</timestamp>
<contributor>
<username>Amigo7</username>
<id>58547</id>
</contributor>
<comment>Substituindo a tag &lt;center&gt; pela predefinição {centro}</comment>
<model>wikitext</model>
<format>text/x-wiki</format>
<text bytes="1329" xml:space="preserve">{{Wikipédia|lang=bs}}
{{Wikipédia|lang=hr}}
{{Wikipédia|lang=sl}}
{{Wikipédia|lang=hsb}}
[[Imagem:Flag of Denmark.svg|thumb|right|250px|{{centro|Bandeira da Dinamarca}}]]
[[Imagem:LocationDenmark.png|thumb|right|250px|{{centro|Localização da Dinamarca}}]]
={{-bs-}}=
==Substantivo==
'''Danska''', {{gramática|f|pr}}
# {{escopo|bs|País}} [[Dinamarca]]
===Sinônimos===
* [[Kraljevina Danska]]
==Ver também==
===No Wikcionário===
{{Europa/bs}}
[[Categoria:Substantivo (Bósnio)]]
[[Categoria:Entrada com imagem (Bósnio)]]
={{-hr-}}=
==Substantivo==
'''Danska''', {{gramática|f|pr}}
# {{escopo|hr|País}} [[Dinamarca]]
===Sinônimos===
* [[Kraljevina Danska]]
==Ver também==
===No Wikcionário===
{{Europa/hr}}
[[Categoria:Substantivo (Croata)]]
[[Categoria:Entrada com imagem (Croata)]]
={{-sl-}}=
==Substantivo==
'''Danska''', {{gramática|f|pr}}
# {{escopo|sl|País}} [[Dinamarca]]
===Sinônimos===
* [[Kraljevina Danska]]
==Ver também==
===No Wikcionário===
{{Europa/sl}}
[[Categoria:Substantivo (Esloveno)]]
[[Categoria:Entrada com imagem (Esloveno)]]
={{-hsb-}}=
==Substantivo==
'''Danska''', {{gramática|f|pr}}
# {{escopo|hsb|País}} [[Dinamarca]]
==Ver também==
===No Wikcionário===
{{Europa/hsb}}
[[Categoria:Substantivo (Sorábio Alto)]]
[[Categoria:Entrada com imagem (Sorábio Alto)]]</text>
<sha1>1c7i40z2y9qc7utyc4h8hjv8lvcn4fi</sha1>
</revision>
