<page>
<page>
<title>dantesco</title>
<ns>0</ns>
<id>227568</id>
<revision>
<id>2324886</id>
<parentid>2061537</parentid>
<timestamp>2017-04-30T09:33:28Z</timestamp>
<contributor>
<username>HydrizBot</username>
<id>29590</id>
</contributor>
<minor />
<comment>Robô: A limpar links interwikis antigos</comment>
<model>wikitext</model>
<format>text/x-wiki</format>
<text bytes="207" xml:space="preserve">={{-pt-}}=
== Adjetivo ==
{{flex.pt|dantesco|dantescos|dantesca|dantescas}}
{{paroxítona|dan|tes|co}}
# relativo a Dante
# que se [[parecer|parece]] a [[obra]]s de Dante
[[Categoria: Adjetivo (Português)]]</text>
<sha1>0yknmtrvjsmkl13sn3fxh76w2x6vp6g</sha1>
</revision>
