<page>
<page>
<title>dantes</title>
<ns>0</ns>
<id>41709</id>
<revision>
<id>2680539</id>
<parentid>2620417</parentid>
<timestamp>2022-06-15T19:05:25Z</timestamp>
<contributor>
<username>Cpls</username>
<id>20608</id>
</contributor>
<model>wikitext</model>
<format>text/x-wiki</format>
<text bytes="1296" xml:space="preserve">={{-pt-}}=
==Advérbio==
{{paroxítona|dan|tes}}, ''de tempo''
# [[relativo]] a [[tempo]] [[anterior]] ao [[atual]]
# [[antigamente]]; [[outrora]]
==Contração==
{{paroxítona|dan|tes}}, ''invariável''
# contração da preposição [[de]] com o advérbio de lugar [[antes]]:
## de [[lugar]] [[anterior]] ou [[mais]] [[longínquo]]:
##* ''Vêm lá de longe, '''dantes''' do arco-íris.''
=={{pronúncia|pt}}==
===Portugal===
* AFI: {{AFI|/ˈdɐ̃.tɨʃ/}}
==Ver também==
===No Wikcionário===
Outras contrações '''de''' + '''advérbio de lugar''':
{{verTambém.Ini}}
* [[dacolá]]
* [[daí]]
{{verTambém.NovaColuna}}
* [[dalém]]
* [[dalgures]]
{{verTambém.NovaColuna}}
* [[dali]]
* [[daquém]]
{{verTambém.NovaColuna}}
* [[daqui]]
* [[donde]]
{{verTambém.Fim}}
==Anagrama==
# [[tendas]]
[[Categoria:Advérbio (Português)]]
[[Categoria:Contração (Português)]]
={{-gl-}}=
==Advérbio==
{{paroxítona|dan|tes|lang=gl}}, ''de tempo''
# [[dantes#{{pt}}|dantes]], relativo ao tempo anterior, [[antes]]; antigamente
# [[dantes#{{pt}}|dantes]], outrora
==Contração==
{{paroxítona|dan|tes|lang=gl}}, ''invariável''
# contração da preposição ''[[de#{{gl}}|de]]'' com o advérbio de ''[[antes#{{gl}}|antes]]''
[[Categoria:Advérbio (Galego)]]
[[Categoria:Contração (Galego)]]</text>
<sha1>mqk5dha2qzhuz06x19tj9cqp6hu76b0</sha1>
</revision>
