<page>
<title>Danuva</title>
<ns>0</ns>
<id>221330</id>
<revision>
<id>2267688</id>
<parentid>1583110</parentid>
<timestamp>2017-04-26T16:24:19Z</timestamp>
<contributor>
<username>HydrizBot</username>
<id>29590</id>
</contributor>
<minor />
<comment>Robô: A limpar links interwikis antigos</comment>
<model>wikitext</model>
<format>text/x-wiki</format>
<text bytes="643" xml:space="preserve">={{-tr-}}=
==Substantivo==
'''Da.nu.{{grifar|va}}''' {{pr}}, {{s/p}}
# {{escopo|linguística}} [[dinamarquês]], [[língua]] {{o/a|dinamarqu|esa|ês}}
===Declinação===
{{decl.tr.subst|Danuv|a|-|num=s}}
===Sinónimos===
* [[Danca]], [[Danimarkaca]]
=={{pronúncia}}==
* [[AFI]]: {{AFI|/dɑ.nʊ.ˈvɑ/}}
* [[X-SAMPA]]: /dA.nU.&quot;vA/
==Ver também==
===No Wikcionário===
{{verTambém.Ini}}
* {{l.s.|Danimarka|{{tr}}}}
* {{link preto|Danimarkalı}}
{{verTambém.Fim}}
[[Categoria:Substantivo (Turco)]]
[[Categoria:Trissílabo (Turco)]]
[[Categoria:Oxítona (Turco)]]
[[Categoria:Língua (Turco)]]
[[Categoria:Entrada com pronúncia (Turco)]]</text>
<sha1>iq8qlnicaxj1kdizhsj1d7z3zb4kt4y</sha1>
</revision>
</page>
