<page>
<title>danum</title>
<ns>0</ns>
<id>243205</id>
<revision>
<id>2324887</id>
<parentid>2120835</parentid>
<timestamp>2017-04-30T09:33:31Z</timestamp>
<contributor>
<username>HydrizBot</username>
<id>29590</id>
</contributor>
<minor />
<comment>Robô: A limpar links interwikis antigos</comment>
<model>wikitext</model>
<format>text/x-wiki</format>
<text bytes="88" xml:space="preserve">={{-emb-}}=
==Substantivo==
'''danum'''
# [[água]]
[[Categoria:Substantivo (Embaloh)]]</text>
<sha1>0n8vvmqvefcpssl2ayx148uafxy3ymw</sha1>
</revision>
</page>
