<page>
<page>
<title>daná</title>
<ns>0</ns>
<id>17194</id>
<revision>
<id>2324888</id>
<parentid>1011460</parentid>
<timestamp>2017-04-30T09:33:33Z</timestamp>
<contributor>
<username>HydrizBot</username>
<id>29590</id>
</contributor>
<minor />
<comment>Robô: A limpar links interwikis antigos</comment>
<model>wikitext</model>
<format>text/x-wiki</format>
<text bytes="92" xml:space="preserve">={{-cri-}}=
'''{{PAGENAME}}'''  ''verbo''
#[[apodrecer]]
[[Categoria:Verbo (São-tomense)]]</text>
<sha1>7bigjip7t1873g7nevt6ipwnebje90v</sha1>
</revision>
