<page>
<title>dançador</title>
<ns>0</ns>
<id>268160</id>
<revision>
<id>2324899</id>
<parentid>1817955</parentid>
<timestamp>2017-04-30T09:33:56Z</timestamp>
<contributor>
<username>HydrizBot</username>
<id>29590</id>
</contributor>
<minor />
<comment>Robô: A limpar links interwikis antigos</comment>
<model>wikitext</model>
<format>text/x-wiki</format>
<text bytes="343" xml:space="preserve">={{-pt-}}=
==Adjetivo==
{{flex.pt|ms=dançador|mp=dançadores|fs=dançadora|fp=dançadoras}}
{{oxítona|dan|ça|dor}}
# [[dançarino]]
# [[dançante]], quem [[dançar|dança]]
==Ver também==
===No Wikcionário===
{{verTambém.Ini}}
* [[dança]]
{{verTambém.NovaColuna}}
* [[bailador]]
{{verTambém.Fim}}
[[Categoria:Adjetivo (Português)]]</text>
<sha1>i9eykmacidx8bibvivvnrprgl5c3zek</sha1>
</revision>
</page>
