<page>
<page>
<title>danças</title>
<ns>0</ns>
<id>103254</id>
<revision>
<id>2324906</id>
<parentid>2167553</parentid>
<timestamp>2017-04-30T09:34:12Z</timestamp>
<contributor>
<username>HydrizBot</username>
<id>29590</id>
</contributor>
<minor />
<comment>Robô: A limpar links interwikis antigos</comment>
<model>wikitext</model>
<format>text/x-wiki</format>
<text bytes="295" xml:space="preserve">={{-pt-}}=
== Forma verbal ==
{{paroxítona|dan|ças}}
# segunda pessoa do singular do presente do indicativo do verbo [[dançar]]
== Forma de substantivo ==
{{paroxítona|dan|ças}}
# plural de [[dança]]
[[Categoria: Forma verbal (Português)]]
[[Categoria: Forma de substantivo (Português)]]</text>
<sha1>fd2gbb9vh8vkuq9apkb418wmupccje1</sha1>
</revision>
