<page>
<title>Daníel</title>
<ns>0</ns>
<id>439430</id>
<revision>
<id>2656079</id>
<parentid>2656078</parentid>
<timestamp>2021-12-27T00:46:37Z</timestamp>
<contributor>
<username>Leonardo José Raimundo</username>
<id>43489</id>
</contributor>
<comment>/* No Wikcionário */A seção &quot;No Wikcionário&quot; está no nível 3.</comment>
<model>wikitext</model>
<format>text/x-wiki</format>
<text bytes="203" xml:space="preserve">={{-is-}}=
==Substantivo==
{{paroxítona|Da|ní|el|lang=is}}
# {{escopo|is|Cristianismo|religião}} [[Daniel]]
==Ver também==
===No Wikcionário===
{{bíblia/is}}
[[Categoria:Substantivo (Islandês)]]</text>
<sha1>mmrs6tmaoauam0nkhk7m5r3172w631h</sha1>
</revision>
</page>
