<page>
<page>
<title>dançarino</title>
<ns>0</ns>
<id>41935</id>
<revision>
<id>2324903</id>
<parentid>1932580</parentid>
<timestamp>2017-04-30T09:34:05Z</timestamp>
<contributor>
<username>HydrizBot</username>
<id>29590</id>
</contributor>
<minor />
<comment>Robô: A limpar links interwikis antigos</comment>
<model>wikitext</model>
<format>text/x-wiki</format>
<text bytes="1037" xml:space="preserve">[[Imagem:Japanese traditional dancer.jpg|thumb|130px|Dançarina tradicional japonesa]]
={{-pt-}}=
==Adjetivo==
{{flex.pt|ms=dançarino|mp=dançarinos|fs=dançarina|fp=dançarinas}}
{{paroxítona|dan|ça|ri|no}}, {{m}}
# que [[dançar|dança]], que [[oscilar|oscila]] por [[não]] [[estar]] [[fixar|fixado]]
#* ''Com o vento, era um cabo '''dançarino''' que prendia o veleiro ao cais.''
==Substantivo==
{{flex.pt|ms=dançarino|mp=dançarinos|fs=dançarina|fp=dançarinas}}
{{paroxítona|dan|ça|ri|no}}, {{m}}
# que [[fazer|faz]] da [[dança]] [[profissão]]; o mesmo que [[bailarino]]
#* ''[[w:Rudolf Nureyev|Nureyev]], que fantástico '''dançarino'''!''
# {{escopo|Por extensão}} [[aquele]] que [[dançar|dança]] ou [[bailar|baila]]
=={{etimologia|pt}}==
: {{escopo|Morfologia}} [[dançar]] + [[-ino]].
==Ver também==
===No Wikcionário===
* [[Wikisaurus:profissão]]
[[Categoria:Adjetivo (Português)]]
[[Categoria:Substantivo (Português)]]
[[Categoria:Profissão (Português)]]
[[Categoria:Entrada com imagem (Português)]]</text>
<sha1>f2ezxkvzso2d333s4m82pdfgdehggaj</sha1>
</revision>
