<page>
<title>Danúbias</title>
<ns>0</ns>
<id>335080</id>
<revision>
<id>2242976</id>
<parentid>1887131</parentid>
<timestamp>2017-02-22T04:33:06Z</timestamp>
<contributor>
<username>MIL973</username>
<id>41339</id>
</contributor>
<model>wikitext</model>
<format>text/x-wiki</format>
<text bytes="198" xml:space="preserve">={{-pt-}}=
==Forma de substantivo==
{{proparoxítona aparente|Da|nú|bi|as}}, {{gramática|pr|fp}}
# plural de [[Danúbia]]
{{avi-for-fle|Danúbia}}
[[Categoria:Forma de substantivo (Português)]]</text>
<sha1>hi7qm4w3pztggy5vqvmgmi62xmm86yx</sha1>
</revision>
</page>
