<page>
<title>Danúbio</title>
<ns>0</ns>
<id>335079</id>
<revision>
<id>2502551</id>
<parentid>2457741</parentid>
<timestamp>2018-05-15T03:25:31Z</timestamp>
<contributor>
<username>MIL973</username>
<id>41339</id>
</contributor>
<model>wikitext</model>
<format>text/x-wiki</format>
<text bytes="324" xml:space="preserve">={{-pt-}}=
==Substantivo==
{{flex.pt|ms=Danúbio|mp=Danúbios}}
{{proparoxítona aparente|Da|nú|bi|o}}, {{gramática|pr|m}}
# {{escopo|pt|Antropônimo}} [[Apêndice:Prenomes em português|prenome]] masculino
==Ver também==
===No Wikcionário===
====Antropônimos====
* [[Danúbia]]
[[Categoria:Substantivo (Português)]]</text>
<sha1>q1i42un97az8jpogiolxl3pgh1iqit2</sha1>
</revision>
</page>
