<page>
<title>dançarinos</title>
<ns>0</ns>
<id>334009</id>
<revision>
<id>2324904</id>
<parentid>1882623</parentid>
<timestamp>2017-04-30T09:34:07Z</timestamp>
<contributor>
<username>HydrizBot</username>
<id>29590</id>
</contributor>
<minor />
<comment>Robô: A limpar links interwikis antigos</comment>
<model>wikitext</model>
<format>text/x-wiki</format>
<text bytes="310" xml:space="preserve">={{-pt-}}=
==Forma de adjetivo==
{{paroxítona|dan|ça|ri|nos}}, {{m}}
# plural de [[dançarino]]
==Forma de substantivo==
{{paroxítona|dan|ça|ri|nos}}, {{m}}
# plural de [[dançarino]]
{{avi-for-fle|dançarino}}
[[Categoria:Forma de adjetivo (Português)]]
[[Categoria:Forma de substantivo (Português)]]</text>
<sha1>cj0v9fl8acw22t1u81567cz65jy0ekg</sha1>
</revision>
</page>
