<page>
<page>
<title>danáveis</title>
<ns>0</ns>
<id>168548</id>
<revision>
<id>2324895</id>
<parentid>2120828</parentid>
<timestamp>2017-04-30T09:33:46Z</timestamp>
<contributor>
<username>HydrizBot</username>
<id>29590</id>
</contributor>
<minor />
<comment>Robô: A limpar links interwikis antigos</comment>
<model>wikitext</model>
<format>text/x-wiki</format>
<text bytes="194" xml:space="preserve">={{-pt-}}=
==Forma verbal==
'''danáveis'''
#[[segunda pessoa]] do [[plural]] do [[pretérito imperfeito]] do [[modo indicativo]] do verbo '''[[danar]]'''
[[Categoria:Forma verbal (Português)]]</text>
<sha1>q5pa2j2vue1w3tr1uogoxyjgzfw66ie</sha1>
</revision>
