<page>
<page>
<title>danáreis</title>
<ns>0</ns>
<id>183017</id>
<revision>
<id>2562379</id>
<parentid>2324891</parentid>
<timestamp>2019-11-22T09:41:38Z</timestamp>
<contributor>
<username>MIL973</username>
<id>41339</id>
</contributor>
<model>wikitext</model>
<format>text/x-wiki</format>
<text bytes="417" xml:space="preserve">{{ver também|danareis}}
={{-pt-}}=
==Forma verbal==
{{oxítona|da|ná|reis}}
# segunda pessoa do plural do pretérito mais-que-perfeito do indicativo do verbo [[danar]]
{{avi-for-fle|danar}}
==Anagramas==
# [[adernais]]
# [[Adrianes]]
# [[andareis]]
# [[andáreis]]
# [[ariadnes]]
# [[Ariadnes]]
# [[Darianes]]
# [[denárias]]
# [[desainar]]
# [[nadareis]]
# [[nadáreis]]
[[Categoria:Forma verbal (Português)]]</text>
<sha1>goeggjz5gqb23rm7oiuygtm2t7d7klw</sha1>
</revision>
