<page>
<page>
<title>danávamos</title>
<ns>0</ns>
<id>164105</id>
<revision>
<id>2324894</id>
<parentid>2120829</parentid>
<timestamp>2017-04-30T09:33:43Z</timestamp>
<contributor>
<username>HydrizBot</username>
<id>29590</id>
</contributor>
<minor />
<comment>Robô: A limpar links interwikis antigos</comment>
<model>wikitext</model>
<format>text/x-wiki</format>
<text bytes="264" xml:space="preserve">={{-pt-}}=
==Forma verbal==
{{proparoxítona|da|ná|va|mos}}
# primeira pessoa do plural do pretérito imperfeito do modo indicativo do verbo [[danar]]
{{avi-for-fle|danar}}
==Anagramas==
# [[andávamos]]
# [[nadávamos]]
[[Categoria:Forma verbal (Português)]]</text>
<sha1>e8stwv6qenke0lqzr0dyuwsllbuzf1q</sha1>
</revision>
