<page>
<title>Dança</title>
<ns>0</ns>
<id>296081</id>
<revision>
<id>2081353</id>
<parentid>1500193</parentid>
<timestamp>2016-04-03T21:26:23Z</timestamp>
<contributor>
<username>Luan</username>
<id>1279</id>
</contributor>
<comment>execução do decidido em [[Wikcionário:Páginas para eliminar#2 de abril de 2016]], replaced: {{f}} → {{gramática|f}} utilizando [[Project:AutoWikiBrowser|AWB]]</comment>
<model>wikitext</model>
<format>text/x-wiki</format>
<text bytes="364" xml:space="preserve">{{ver também|dança}}
{{Wikipédia}}
={{-pt-}}=
==Substantivo==
{{flex.pt|fs=Dança|fp=Danças}}
{{paroxítona|Dan|ça}}, {{gramática|fs|pr}}
# [[disciplina]] escolar, onde se estuda a [[dança]]
# [[curso]] [[acadêmico]], onde se estuda a [[dança]]
[[Categoria:Arte (Português)]]
[[Categoria:Educação (Português)]]
[[Categoria:Substantivo (Português)]]</text>
<sha1>gfditlcw7th53sfpdsa7lbb3mnei0o5</sha1>
</revision>
</page>
