<page>
<title>dançarinas</title>
<ns>0</ns>
<id>334010</id>
<revision>
<id>2324902</id>
<parentid>1882624</parentid>
<timestamp>2017-04-30T09:34:03Z</timestamp>
<contributor>
<username>HydrizBot</username>
<id>29590</id>
</contributor>
<minor />
<comment>Robô: A limpar links interwikis antigos</comment>
<model>wikitext</model>
<format>text/x-wiki</format>
<text bytes="328" xml:space="preserve">={{-pt-}}=
==Forma de adjetivo==
{{paroxítona|dan|ça|ri|nas}}, {{f}}
# feminino plural de [[dançarino]]
==Forma de substantivo==
{{paroxítona|dan|ça|ri|nas}}, {{f}}
# feminino plural de [[dançarino]]
{{avi-for-fle|dançarino}}
[[Categoria:Forma de adjetivo (Português)]]
[[Categoria:Forma de substantivo (Português)]]</text>
<sha1>3bcui5549wb2h9mivkvcp5752wsv4hr</sha1>
</revision>
</page>
