<page>
<title>danúm</title>
<ns>0</ns>
<id>243199</id>
<revision>
<id>2324908</id>
<parentid>2120841</parentid>
<timestamp>2017-04-30T09:34:17Z</timestamp>
<contributor>
<username>HydrizBot</username>
<id>29590</id>
</contributor>
<minor />
<comment>Robô: A limpar links interwikis antigos</comment>
<model>wikitext</model>
<format>text/x-wiki</format>
<text bytes="241" xml:space="preserve">={{-bnc-}}=
==Substantivo==
'''danúm'''
# [[água]]
[[Categoria:Substantivo (Bontok)]]
[[Categoria:Bebida (Bontok)]]
={{-hnn-}}=
==Substantivo==
'''danúm'''
# [[água]]
[[Categoria:Substantivo (Hanunoo)]]
[[Categoria:Bebida (Hanunoo)]]</text>
<sha1>ghlxtnhn4ccg06zmrfx7hcqlf7axnlv</sha1>
</revision>
</page>
