<page>
<title>danásseis</title>
<ns>0</ns>
<id>202486</id>
<revision>
<id>2324892</id>
<parentid>2120831</parentid>
<timestamp>2017-04-30T09:33:40Z</timestamp>
<contributor>
<username>HydrizBot</username>
<id>29590</id>
</contributor>
<minor />
<comment>Robô: A limpar links interwikis antigos</comment>
<model>wikitext</model>
<format>text/x-wiki</format>
<text bytes="196" xml:space="preserve">={{-pt-}}=
==Forma verbal==
'''danásseis'''
#[[segunda pessoa]] do [[plural]] do [[pretérito imperfeito]] do [[modo subjuntivo]] do verbo '''[[danar]]'''
[[Categoria:Forma verbal (Português)]]</text>
<sha1>owx0tuhntfstss4irxtxhg0u9c1ndmp</sha1>
</revision>
</page>
