<page>
<title>dançarão</title>
<ns>0</ns>
<id>219812</id>
<revision>
<id>2324905</id>
<parentid>1132351</parentid>
<timestamp>2017-04-30T09:34:09Z</timestamp>
<contributor>
<username>HydrizBot</username>
<id>29590</id>
</contributor>
<minor />
<comment>Robô: A limpar links interwikis antigos</comment>
<model>wikitext</model>
<format>text/x-wiki</format>
<text bytes="173" xml:space="preserve">={{-pt-}}=
==Forma verbal==
'''dançarão'''
#[[terceira pessoa]] do [[plural]] do [[futuro do presente]] do verbo '''[[dançar]]'''
[[Categoria:Forma verbal (Português)]]</text>
<sha1>56a8awoczpev3a2vzcvazxwi4nc1qc9</sha1>
</revision>
</page>
