<page>
<title>daprendizaiges</title>
<ns>0</ns>
<id>391167</id>
<revision>
<id>2477944</id>
<timestamp>2018-01-15T10:26:40Z</timestamp>
<contributor>
<username>Imivorn</username>
<id>64513</id>
</contributor>
<comment>[[Ajuda:Guia de edição/Menus e ferramentas/Sumário de edição|→]] nova página: ={{-mwl-}}= ==Forma de substantivo== {{paroxítona|da|pren|di|zai|ges|língua=mwl}} # plural de '''daprendi...</comment>
<model>wikitext</model>
<format>text/x-wiki</format>
<text bytes="189" xml:space="preserve">={{-mwl-}}=
==Forma de substantivo==
{{paroxítona|da|pren|di|zai|ges|língua=mwl}}
# plural de '''[[daprendizaige#{{mwl}}|daprendizaige]]'''
[[Categoria:Forma de substantivo (Mirandês)]]</text>
<sha1>c6pko4hgsotb82475drc1dkf3b8nm5f</sha1>
</revision>
</page>
