<page>
<page>
<title>daprendizaige</title>
<ns>0</ns>
<id>391166</id>
<revision>
<id>2477943</id>
<timestamp>2018-01-15T10:26:16Z</timestamp>
<contributor>
<username>Imivorn</username>
<id>64513</id>
</contributor>
<comment>[[Ajuda:Guia de edição/Menus e ferramentas/Sumário de edição|→]] nova página: ={{-mwl-}}= ==Substantivo== {{flex.mwl|fs=daprendizaige|fp=daprendizaiges}} {{paroxítona|da|pren|di|zai|ge|l...</comment>
<model>wikitext</model>
<format>text/x-wiki</format>
<text bytes="186" xml:space="preserve">={{-mwl-}}=
==Substantivo==
{{flex.mwl|fs=daprendizaige|fp=daprendizaiges}}
{{paroxítona|da|pren|di|zai|ge|língua=mwl}}, {{f}}
# [[aprendizagem]]
[[Categoria:Substantivo (Mirandês)]]</text>
<sha1>3x3t1txj1533k2h0amxttpk1gswyeoj</sha1>
</revision>
