<page>
<page>
<title>daqui</title>
<ns>0</ns>
<id>46172</id>
<revision>
<id>2528835</id>
<parentid>2487774</parentid>
<timestamp>2018-12-16T12:54:39Z</timestamp>
<contributor>
<username>ValJor</username>
<id>1358</id>
</contributor>
<comment>Melhorando a apresentação do verbete</comment>
<model>wikitext</model>
<format>text/x-wiki</format>
<text bytes="1321" xml:space="preserve">={{-pt-}}=
==Contração==
{{oxítona|da|qui}}, ''invariável''
# contração da preposição [[de]] com o advérbio de lugar [[aqui]]:
## [[deste]] [[lugar]]; de [[cá]]:
##* ''Um dia iremos '''daqui''' até à porta do céu'' [...] – [[w:Machado de Assis|Machado de Assis]], [[w:Dom Casmurro|''Dom Casmurro'']], CXXIX
## [[deste]] [[momento]]; [[deste|desta]] [[ocasião]]:
##* ''Rola-me na cabeça o cérebro oco. / Por ventura, meu Deus, estarei louco?! / '''Daqui''' por diante não farei mais versos.'' – [[w:Augusto dos Anjos|Augusto dos Anjos]], ''Poema Negro''
## [[disto]]; do [[expor|exposto]]; [[deste|desta]] [[afirmação]]:
##* ''Trabalhar pode ser divertido. '''Daqui''' se conclui que há quem trabalhe por diversão.''
===Tradução===
{{tradini}}
* {{trad|es|de aquí}}
{{tradmeio}}
* {{trad|mwl|deiqui}}
{{tradfim}}
==Ver também==
===No Wikcionário===
: Outras contrações '''de''' + '''advérbio de lugar''':
{{verTambém.Ini}}
* [[dacolá]]
* [[daí]]
{{verTambém.NovaColuna}}
* [[dalém]]
* [[dalgures]]
{{verTambém.NovaColuna}}
* [[dali]]
* [[dantes]]
{{verTambém.NovaColuna}}
* [[daquém]]
* [[donde]]
{{verTambém.Fim}}
==Ligações externas==
* {{Aulete}}
* {{Michaelis}}
* {{DicioAberto}}
* {{DPLP}}
* {{Infopédia}}
* {{PLP}}
* {{VOLPABL}}
[[Categoria:Contração (Português)]]</text>
<sha1>70idu74xpojb8u39183o2adr3o21ucm</sha1>
</revision>
