<page>
<title>daquela</title>
<ns>0</ns>
<id>96387</id>
<revision>
<id>2612739</id>
<parentid>2592537</parentid>
<timestamp>2021-01-31T12:51:18Z</timestamp>
<contributor>
<username>Marxav</username>
<id>73271</id>
</contributor>
<minor />
<comment>AFI Portugal</comment>
<model>wikitext</model>
<format>text/x-wiki</format>
<text bytes="659" xml:space="preserve">={{-pt-}}=
==Advérbio==
{{paroxítona|da|que|la}}, {{gramática|temp}}
# {{escopo|pt|Galiza}} em aquele tempo, em aquele momento, em tal ocasião
#* ''&quot;Era ela mui nova '''daquela''', e não lembra aquilo&quot;.''
{{paroxítona|da|que|la}}, {{gramática|modo}}
# {{cont|2}} {{escopo|pt|Galiza}} [[então]]
#* ''&quot;'''Daquela''', podo visitar-te? Passarei perto.&quot;''
==Contração==
{{paroxítona|da|que|la}}
# contração da preposição [[de]] com a forma determinante demonstrativa [[aquela]], feminino de [[daquele]]
=={{pronúncia|pt}}==
===Portugal===
* AFI: {{AFI|/dɐ.ˈkɛ.lɐ/}}
[[Categoria:Advérbio (Português)]]
[[Categoria:Contração (Português)]]</text>
<sha1>8bhlzow21emjniqrhap7dicq0g3tko6</sha1>
</revision>
</page>
