<page>
<title>daquém</title>
<ns>0</ns>
<id>46231</id>
<revision>
<id>2324920</id>
<parentid>1882114</parentid>
<timestamp>2017-04-30T09:34:49Z</timestamp>
<contributor>
<username>HydrizBot</username>
<id>29590</id>
</contributor>
<minor />
<comment>Robô: A limpar links interwikis antigos</comment>
<model>wikitext</model>
<format>text/x-wiki</format>
<text bytes="514" xml:space="preserve">={{-pt-}}=
==Contração==
{{oxítona|da|quém}}, ''invariável''
# contração da preposição [[de]] com o advérbio de lugar [[aquém]]:
## [[deste]] [[lado]]; da [[parte]] de [[cá]]:
##* ''Vêm dalém e '''daquém''' vender os seus produtos na feira.''
==Ver também==
===No Wikcionário===
: Outras contrações '''de''' + '''advérbio de lugar''': [[daqui]], [[daí]], [[dali]], [[dacolá]], [[dalém]], [[dalgures]], [[donde]], [[dantes]]
==Anagrama==
# [[quedam]]
[[Categoria:Contração (Português)]]</text>
<sha1>lnoam0z6gxlezn38qd9fch65uyvgdsk</sha1>
</revision>
</page>
