<page>
<title>daquilo</title>
<ns>0</ns>
<id>46338</id>
<revision>
<id>2619457</id>
<parentid>2324919</parentid>
<timestamp>2021-02-01T18:47:33Z</timestamp>
<contributor>
<username>MarxavBot</username>
<id>80155</id>
</contributor>
<minor />
<comment>AFI Portugal</comment>
<model>wikitext</model>
<format>text/x-wiki</format>
<text bytes="809" xml:space="preserve">={{-pt-}}=
==Contração==
{{paroxítona|da|qui|lo}}, ''invariável''
# contração da preposição [[de]] com o pronome demonstrativo [[aquilo]]: 
## [[daquela]] [[coisa]]; de [[coisa]] [[distante]] do [[emissor]] e do [[receptor]] ou [[inatingível]] para [[ele]]s; de [[argumento]] ou [[afirmação]] [[expender|expendidos]] [[anteriormente]]:
##* ''Não tarda muito o Príncipe ditoso / Sem ver o fim '''daquilo''' que deseja.'' – [[w:Luís de Camões|Luís de Camões]], [[w:Os Lusíadas|''Os Lusíadas'']], III-76
=={{pronúncia|pt}}==
===Portugal===
* AFI: {{AFI|/dɐ.ˈki.lu/}}
==Ver também==
===No Wikcionário===
: Outras contrações '''de''' + '''pronome''' (ou determinante) '''demonstrativo''': [[deste]], [[desse]], [[daquele]], [[disto]], [[disso]]
[[Categoria:Contração (Português)]]</text>
<sha1>ocqu1e5jjrfg86jmsym2uywnwvjdnfj</sha1>
</revision>
</page>
