<page>
<title>daqueloutras</title>
<ns>0</ns>
<id>328218</id>
<revision>
<id>1839633</id>
<parentid>1839630</parentid>
<timestamp>2014-07-15T05:32:23Z</timestamp>
<contributor>
<username>Kaleb Alkbashr</username>
<id>45065</id>
</contributor>
<model>wikitext</model>
<format>text/x-wiki</format>
<text bytes="381" xml:space="preserve">={{-pt-}}=
==Contração==
{{flex.pt|ms=daqueloutro|mp=daqueloutros|fs=daqueloutra|fp=daqueloutras}}
{{paroxítona|da|que|lou|tras}}, {{fp|g=f}}
# contração da preposição '''[[de]]''' com o pronome ou determinante demonstrativo no plural '''[[aquelas]]''' mais pronome no plural '''[[outras]]''': feminino plural de '''[[daqueloutro]]'''
[[Categoria:Contração (Português)]]</text>
<sha1>nk18yynrxpsd0jf6pellg80h4b1yg7k</sha1>
</revision>
</page>
