<page>
<title>daqueloutra</title>
<ns>0</ns>
<id>328217</id>
<revision>
<id>1839629</id>
<parentid>1839628</parentid>
<timestamp>2014-07-15T05:24:35Z</timestamp>
<contributor>
<username>Kaleb Alkbashr</username>
<id>45065</id>
</contributor>
<model>wikitext</model>
<format>text/x-wiki</format>
<text bytes="350" xml:space="preserve">={{-pt-}}=
==Contração==
{{flex.pt|ms=daqueloutro|mp=daqueloutros|fs=daqueloutra|fp=daqueloutras}}
{{paroxítona|da|que|lou|tra}}, {{f|g=f}}
# contração da preposição '''[[de]]''' com o pronome ou determinante demonstrativo '''[[aquela]]''' mais pronome '''[[outra]]''': feminino de '''[[daqueloutro]]'''
[[Categoria:Contração (Português)]]</text>
<sha1>qzmm5ioeclaqconn58coor8nl5gs8cg</sha1>
</revision>
</page>
