<page>
<page>
<title>daqueloutro</title>
<ns>0</ns>
<id>328215</id>
<revision>
<id>1839627</id>
<parentid>1839625</parentid>
<timestamp>2014-07-15T05:20:06Z</timestamp>
<contributor>
<username>Kaleb Alkbashr</username>
<id>45065</id>
</contributor>
<model>wikitext</model>
<format>text/x-wiki</format>
<text bytes="315" xml:space="preserve">={{-pt-}}=
==Contração==
{{flex.pt|ms=daqueloutro|mp=daqueloutros|fs=daqueloutra|fp=daqueloutras}}
{{paroxítona|da|que|lou|tro}}, {{m|g=f}}
# contração da preposição '''[[de]]''' com o pronome ou determinante demonstrativo '''[[aquele]]''' mais pronome '''[[outro]]'''
[[Categoria:Contração (Português)]]</text>
<sha1>rk8g3zhql4zr5rcecuqb5xtls5i8aiu</sha1>
</revision>
