<page>
<page>
<title>daran</title>
<ns>0</ns>
<id>390605</id>
<revision>
<id>2476819</id>
<timestamp>2018-01-12T19:27:44Z</timestamp>
<contributor>
<username>Imivorn</username>
<id>64513</id>
</contributor>
<comment>[[Ajuda:Guia de edição/Menus e ferramentas/Sumário de edição|→]] nova página: ={{-mwl-}}= ==Forma verbal== {{oxítona|da|ran|língua=mwl}} # [[terceira pessoa]] do [[plural]] no [[futuro]...</comment>
<model>wikitext</model>
<format>text/x-wiki</format>
<text bytes="212" xml:space="preserve">={{-mwl-}}=
==Forma verbal==
{{oxítona|da|ran|língua=mwl}}
# [[terceira pessoa]] do [[plural]] no [[futuro]] do [[indicativo]] de [[dar#{{mwl}}|dar]]
{{avi-for-fle|dar}}
[[Categoria:Forma verbal (Mirandês)]]</text>
<sha1>i4i89prz4e3riou0de52ejtrie28r91</sha1>
</revision>
