<page>
<page>
<title>darah</title>
<ns>0</ns>
<id>230540</id>
<revision>
<id>2324943</id>
<parentid>2255744</parentid>
<timestamp>2017-04-30T09:35:53Z</timestamp>
<contributor>
<username>HydrizBot</username>
<id>29590</id>
</contributor>
<minor />
<comment>Robô: A limpar links interwikis antigos</comment>
<model>wikitext</model>
<format>text/x-wiki</format>
<text bytes="136" xml:space="preserve">={{-id-}}=
==Substantivo==
'''darah'''
# [[sangue]]
{{página-automática|Maio|2010|sangue|id}}
[[Categoria:Substantivo (Indonésio)]]</text>
<sha1>sgbzwmnsdeaayrkfsy7ek372i2ek5u7</sha1>
</revision>
