<page>
<page>
<title>darana</title>
<ns>0</ns>
<id>251012</id>
<revision>
<id>2324945</id>
<parentid>1758033</parentid>
<timestamp>2017-04-30T09:35:57Z</timestamp>
<contributor>
<username>HydrizBot</username>
<id>29590</id>
</contributor>
<minor />
<comment>Robô: A limpar links interwikis antigos</comment>
<model>wikitext</model>
<format>text/x-wiki</format>
<text bytes="143" xml:space="preserve">={{-tbf-}}=
==Substantivo==
'''darana'''
# [[sangue]]
==Ver também==
* [[kakena]]
* [[puti]]
* [[jirina]]
[[Categoria:Substantivo (Madara)]]</text>
<sha1>oged28yyss9p22jeaf0ntxh0pwsomiz</sha1>
</revision>
