<page>
<title>daraxt</title>
<ns>0</ns>
<id>381953</id>
<revision>
<id>2453791</id>
<parentid>2442986</parentid>
<timestamp>2017-10-06T19:57:45Z</timestamp>
<contributor>
<username>ValJor</username>
<id>1358</id>
</contributor>
<comment>Melhorando a apresentação do verbete usando a [[:predefinição:cria-entrada]]</comment>
<model>wikitext</model>
<format>text/x-wiki</format>
<text bytes="209" xml:space="preserve">{{Wikipédia|lang=uz}}
={{-uz-}}=
==Substantivo==
'''daraxt'''
# [[árvore]]
=={{etimologia|uz}}==
{{llietimo|fa|درخت‏|uz|deraxt}}
[[Categoria:Substantivo (Uzbeque)]]
[[Categoria:Botânica (Uzbeque)]]</text>
<sha1>80gvdqy8sf9vdbm1s3dbh0kjxiubbfm</sha1>
</revision>
</page>
