<page>
<title>dara</title>
<ns>0</ns>
<id>41739</id>
<revision>
<id>2690476</id>
<parentid>2689610</parentid>
<timestamp>2022-10-26T19:12:23Z</timestamp>
<contributor>
<username>InternetArchiveBot</username>
<id>81604</id>
</contributor>
<comment>Rescuing 1 sources and tagging 0 as dead.) #IABot (v2.0.9.2</comment>
<model>wikitext</model>
<format>text/x-wiki</format>
<text bytes="8450" xml:space="preserve">[[Ficheiro:Bleeding finger.jpg|thumb|350px|'''Dara''' (&quot;[[sangue]]&quot;)]]
{{ver também|dará}}
={{-bm-}}=
==Substantivo==
[[Ficheiro:Three flat sheets.jpg|thumb|200px|'''Dara''' ]]
'''da.ra'''
# [[lençol]]
=={{etimologia|bm}}==
: Do [[francês]] {{etimo|fr|drap}}.
==Ver também==
===Referências===
{{verTambém.Ini}}
* [http://www.bambara.org/lexique/lexicon/04.htm Bambara lexique (em francês e inglês)]
{{verTambém.Fim}}
={{-bug-}}=
==Substantivo==
'''da.ra'''
# {{escopo|Anatomia}} [[sangue]]
==={{-varort-}}===
* '''{{l.o.|lontara|Lontara}}''': {{link opcional|ᨉᨑ}}
=={{etimologia|bug}}==
:Do {{link opcional|proto-malaio-polinésio}}.
==Ver também==
===No Wikcionário===
{{verTambém.Ini}}
* [[uso#{{bug}}|uso]]/{{link opcional|ᨕᨘᨔᨚ}}
{{verTambém.Fim}}
={{-aus-syd-}}=
[[Ficheiro:Lower wisdom tooth.jpg|thumb|100px|'''Dara''']]
==Substantivo==
'''da.ra'''
# {{escopo|anatomia}} [[dente]]
{{pularLinhas|2}}
={{-gd-}}=
==Numeral==
'''{{grifar|da}}.ra''' ''[[ordinal]]''
# [[segundo]], [[numeral ordinal]] [[relacionado]] [[ao]] [[número]] '''[[dois|2]]''':
#* '''Nota''': [[sempre]] {{link opcional|precedido}} [[pelo]] {{link opcional|artigo definido}} (''[[an#{{gd}}|an]]'')
===Expressões===
* '''{{link opcional|an dara pearsa}}''': {{escopo|gramática}} {{link opcional|segunda pessoa}}
==={{-varort-}}===
* {{link opcional|dàrna|gd}}
==Ver também==
===No Wikcionário===
{{verTambém.Ini}}
* {{link opcional|dà|gd}}/{{link opcional|dhà|gd}} (''[[cardinal]]'')
{{verTambém.Fim}}
={{-hu-}}=
==Substantivo==
'''{{grifar|da}}.ra'''
# {{link opcional|sêmola}}, {{link opcional|semolina}}
===Declinação===
{{decl.hu.subst.k|dar|á}}
{{flex.hu.poss.tok|dará}}
===Termos derivados===
{{verTambém.Ini}}
* {{link opcional|darál|hu}}
{{verTambém.Fim}}
=={{etimologia|hu}}==
:De uma [[língua]] {{l.o.|túrquico|túrquica}}.
=={{pronúncia|hu}}==
* [[AFI]]: {{AFI|/ˈdɒ.rɒ/}}
* [[X-SAMPA]]: /&quot;dQ.rQ/
: '''Áudio''': {{ouvir|Hu-dara.ogg|&quot;dara&quot;}}
==Ver também==
===Referências===
{{verTambém.Ini}}
* [http://dict.sztaki.hu/dict_search.php?in_form=1&amp;L=HUN%3AENG%3AEngHunDict&amp;C=1&amp;E=1&amp;M=1&amp;O=ENG&amp;P=0&amp;T=1&amp;W=dara ''dara'' no Sztaki Szótár (em húngaro e inglês)]
{{verTambém.Fim}}
={{-ilo-}}=
==Substantivo==
'''da.ra'''
# {{escopo|Anatomia}} [[sangue]]
=={{etimologia|ilo}}==
: Do {{link opcional|proto-malaio-polinésio}}.
={{-id-}}=
==Substantivo==
[[Ficheiro:Stadttaube-FelixAbraham.jpg|thumb|150px|'''Dara'''&lt;sup&gt;3&lt;/sup&gt;]]
'''da.ra'''
# {{l.s.|virgem}}, [[donzela]]
# [[virgindade]]
# {{escopo|zoologia}} {{link opcional|pomba}}, [[ave]] [[da]] [[família]] ''[[wikispecies:Columbidae|Columbidae]]''
===Sinônimos===
* De '''2''': {{link opcional|keperawanan}}
* De '''3''': {{link opcional|merpati}}
===Termos derivados===
{{verTambém.Ini}}
* {{link opcional|perdaran|id}}
{{verTambém.Fim}}
=={{etimologia|id}}==
: Do [[sânscrito]].
==Ver também==
===No Wikcionário===
{{verTambém.Ini}}
* {{link opcional|gadis|id}}
* {{link opcional|perawan|id}}
{{verTambém.Fim}}
===Referências===
{{verTambém.Ini}}
* [https://web.archive.org/web/20110715063212/http://kamus.orisinil.com/indonesia-english/dara ''dara'' no Kamus Orisinil (em inglês)]
* [https://web.archive.org/web/20090805021214/http://pusatbahasa.diknas.go.id/kbbi/index.php Kamus Besar Bahasa Indonesia (em indonésio)]
{{verTambém.Fim}}
={{-ga-}}=
==Numeral==
'''{{grifar|da}}.ra''' ''[[ordinal]]''
# [[segundo]], [[numeral ordinal]] [[relacionado]] [[ao]] [[número]] '''[[dois|2]]''':
#* ''[[an#{{ga}}|an]] '''dara''' h{{link opcional|aois|ga}}'' &lt;small&gt;([[século]] [[dois|II]])&lt;/small&gt;
#: '''Nota''': [[provocar|provoca]] [[o#Artigo|o]] [[acréscimo]] [[de]] ''h''- ao [[substantivo]] [[seguinte]] [[se]] [[ser#Verbo|for]] [[iniciado|iniciada]] [[por]] {{l.s.|vogal}}.
===Expressões===
* '''{{link opcional|gach dara}}''': {{link opcional|um sim, outro não}}, [[alternado]]
* '''{{link opcional|gach dara lá}}''': {{link opcional|dia sim, dia não}}, [[em]] [[dia]]s [[alternado]]s
===Sinônimos===
* {{link opcional|dóú}}
==={{-varort-}}===
* {{link opcional|darna|ga}}
=={{etimologia|ga}}==
: Do {{link opcional|irlandês antigo}} {{etimo|sga|indala}}, [[derivado]] de {{etimo|sga|ind}} (&quot;[[o#Artigo|o]]&quot;) + {{etimo|sga|aile}} (&quot;[[outro]]&quot;).
=={{pronúncia|ga}}==
===[[Irlanda]]===
====[[w:Munster|Munster]]====
* [[AFI]]: {{AFI|/ˈd̪ˠɑ.ɾˠə/}}
* [[X-SAMPA]]: /&quot;d_GA.r_G@/
====[[w:Connacht|Connacht]] e [[w:Ulster|Ulster]]====
* [[AFI]]: {{AFI|/ˈd̪ˠa.ɾˠə/}}
* [[X-SAMPA]]: /&quot;d_Ga.r_G@/
==Ver também==
===No Wikcionário===
{{verTambém.Ini}}
* {{link opcional|beirt}}
* {{link opcional|dhá}}
* [[dó#{{ga}}|dó]] (''[[cardinal]]'')
{{verTambém.Fim}}
===Referências===
{{verTambém.Ini}}
* [http://www.englishirishdictionary.com/dictionary?language=irish&amp;word=dara ''dara'' no Irish Dictionary Online (em inglês)]
{{verTambém.Fim}}
={{-kis-}}=
==Substantivo==
'''da.ra'''
# {{escopo|Anatomia}} [[sangue]]
=={{etimologia|kis}}==
:Do {{link opcional|proto-malaio-polinésio}}.
={{-ms-}}=
==Substantivo==
'''da.ra'''
# {{l.s.|virgem}}, [[donzela]]
===Grafias alternativas===
* '''[[alfabeto árabe|Alfabeto árabe]] (''{{link opcional|jawi}}'')''': {{link opcional|دارا|ms}}
=={{etimologia|ms}}==
: Do [[sânscrito]].
==Ver também==
===No Wikcionário===
{{verTambém.Ini}}
* {{link opcional|betina|ms}}
* {{link opcional|feminin|ms}}
{{verTambém.NovaColuna|33}}
* {{link opcional|gadis|ms}}
* {{link opcional|himen|ms}}
{{verTambém.NovaColuna|34}}
* {{link opcional|perawan|ms}}
* {{link opcional|sunti|ms}}
{{verTambém.Fim}}
===Referências===
{{verTambém.Ini}}
* [http://www.kamus.com/indmay-eng/dara ''dara'' no Kamus (em inglês)]
* [http://www.karyanet.com.my/knetbeta/index.php?tpf=kamus_Dewan&amp;kata_utama=dara ''dara'' no Kamus Dewan (Karyanet) (em malaio)]
{{verTambém.Fim}}
={{-sth-}}=
==Substantivo==
[[Ficheiro:Assorted bread.jpg|thumb|100px|'''Dara''']]
'''da.ra'''
# [[pão]]
=={{etimologia|sth}}==
: Forma {{l.o.|invertido|invertida}} e [[modificado|modificada]] do [[irlandês]] {{etimo|ga|arán}}.
={{-wo-}}=
==Advérbio==
'''da.ra'''
# [[nada]]
===Antônimos===
* {{link opcional|leppa}}, {{link opcional|lu-nekka}}
==Numeral==
'''da.ra'''
# [[zero]], [[número]] [[representado]] [[por]] '''[[0]]''' [[em]] [[algarismo arábico|algarismos arábicos]].
===Sinônimos===
* [[neen#{{wo}}|neen]], {{link opcional|sero|wo}}, {{link opcional|tus|wo}}, [[zéro#{{wo}}|zéro]]
=={{pronúncia|wo}}==
* [[AFI]]: {{AFI|/da.ra/}}
* [[X-SAMPA]]: /da.ra/
: '''Áudio''': {{ouvir|Hu-dara.ogg|&quot;dara&quot;}}
==Ver também==
===No Wikcionário===
{{números/wo}}
===Referências===
{{verTambém.Ini}}
* [http://www.wolofi.com/article-29607967.html The Wolof-Multilanguage Live Dictionary Project (Le Petit Wolof) (em inglês)]
{{verTambém.Fim}}
[[Categoria:Substantivo (Bambara)]]
[[Categoria:Dissílabo (Bambara)]]
[[Categoria:Entrada de étimo francês (Bambara)]]
[[Categoria:Entrada com imagem (Bambara)]]
[[Categoria:Substantivo (Buginês)]]
[[Categoria:Dissílabo (Buginês)]]
[[Categoria:Fisiologia (Buginês)]]
[[Categoria:Entrada com imagem (Buginês)]]
[[Categoria:Substantivo (Dharuk)]]
[[Categoria:Dissílabo (Dharuk)]]
[[Categoria:Anatomia (Dharuk)]]
[[Categoria:Entrada com imagem (Dharuk)]]
[[Categoria:Numeral ordinal (Gaélico Escocês)]]
[[Categoria:Dissílabo (Gaélico Escocês)]]
[[Categoria:Substantivo (Húngaro)]]
[[Categoria:Dissílabo (Húngaro)]]
[[Categoria:Paroxítona (Húngaro)]]
[[Categoria:Alimentação (Húngaro)]]
[[Categoria:Entrada com áudio (Húngaro)]]
[[Categoria:Substantivo (Ilocano)]]
[[Categoria:Dissílabo (Ilocano)]]
[[Categoria:Fisiologia (Ilocano)]]
[[Categoria:Entrada com imagem (Ilocano)]]
[[Categoria:Substantivo (Indonésio)]]
[[Categoria:Dissílabo (Indonésio)]]
[[Categoria:Ave (Indonésio)]]
[[Categoria:Numeral ordinal (Irlandês)]]
[[Categoria:Dissílabo (Irlandês)]]
[[Categoria:Paroxítona (Irlandês)]]
[[Categoria:Substantivo (Kis)]]
[[Categoria:Dissílabo (Kis)]]
[[Categoria:Fisiologia (Kis)]]
[[Categoria:Entrada com imagem (Kis)]]
[[Categoria:Substantivo (Malaio)]]
[[Categoria:Dissílabo (Malaio)]]
[[Categoria:Substantivo (Shelta)]]
[[Categoria:Dissílabo (Shelta)]]
[[Categoria:Alimentação (Shelta)]]
[[Categoria:Entrada com imagem (Shelta)]]
[[Categoria:Advérbio (Uolofe)]]
[[Categoria:Numeral cardinal (Uolofe)]]
[[Categoria:Dissílabo (Uolofe)]]
[[Categoria:Entrada com áudio (Uolofe)]]</text>
<sha1>diiyhahq5cr3fhhhz7sgffvz257hqpw</sha1>
</revision>
</page>
