<page>
<title>darbon</title>
<ns>0</ns>
<id>354001</id>
<revision>
<id>2324946</id>
<parentid>2202723</parentid>
<timestamp>2017-04-30T09:36:00Z</timestamp>
<contributor>
<username>HydrizBot</username>
<id>29590</id>
</contributor>
<minor />
<comment>Robô: A limpar links interwikis antigos</comment>
<model>wikitext</model>
<format>text/x-wiki</format>
<text bytes="167" xml:space="preserve">={{-oc-}}=
==Substantivo==
'''darbon''', {{m}}
# {{escopoCat|Mamífero|oc}} [[toupa]]
===Sinónimo===
* [[talpa#Occitano|talpa]]
[[Categoria:Substantivo (Occitano)]]</text>
<sha1>d9185moy64pdoc0f6a5taipiw3tlobh</sha1>
</revision>
</page>
