<page>
<title>Darci</title>
<ns>0</ns>
<id>330921</id>
<revision>
<id>1859342</id>
<timestamp>2014-09-17T15:42:11Z</timestamp>
<contributor>
<username>Kaleb Alkbashr</username>
<id>45065</id>
</contributor>
<comment>[[Ajuda:Guia de edição/Menus e ferramentas/Sumário de edição|→]] nova página: ={{-pt-}}= ==Substantivo== {{flex.pt|s=Darci|p=Darcis}} {{oxítona|Dar|ci}}, {{pr}}, {{c2g}} # [[prenome]] ...</comment>
<model>wikitext</model>
<format>text/x-wiki</format>
<text bytes="198" xml:space="preserve">={{-pt-}}=
==Substantivo==
{{flex.pt|s=Darci|p=Darcis}}
{{oxítona|Dar|ci}}, {{pr}}, {{c2g}}
# [[prenome]] [[unissex]]
[[Categoria:Substantivo (Português)]]
[[Categoria:Antropônimo (Português)]]</text>
<sha1>biq08txntw8l1t48kk36iemtditxu05</sha1>
</revision>
</page>
