<page>
<page>
<title>Darcinópolis</title>
<ns>0</ns>
<id>146145</id>
<revision>
<id>2647215</id>
<parentid>2267694</parentid>
<timestamp>2021-08-31T08:48:34Z</timestamp>
<contributor>
<username>ValJor</username>
<id>1358</id>
</contributor>
<comment>Desfazendo ligação para redirecionamento para poder eliminá-lo em seguida</comment>
<model>wikitext</model>
<format>text/x-wiki</format>
<text bytes="381" xml:space="preserve">{{Wikipédia|lang=pt}}
={{-pt-}}=
==Substantivo==
{{proparoxítona|Dar|ci|nó|po|lis}}, {{gramática|pr}}
# [[município]] [[brasileiro]] do [[estado]] do [[Tocantins]]
==Ver também==
===No Wikcionário===
* [[Apêndice:Gentílicos e topónimos em português/Brasil/Tocantins]]
[[Categoria:Substantivo (Português)]]
[[Categoria:Município do estado do Tocantins (Português)]]</text>
<sha1>hyiuwzo7dw6bc3ciu9jzy7xac83u5th</sha1>
</revision>
