<page>
<page>
<title>dardejais</title>
<ns>0</ns>
<id>159610</id>
<revision>
<id>2324948</id>
<parentid>1758031</parentid>
<timestamp>2017-04-30T09:36:03Z</timestamp>
<contributor>
<username>HydrizBot</username>
<id>29590</id>
</contributor>
<minor />
<comment>Robô: A limpar links interwikis antigos</comment>
<model>wikitext</model>
<format>text/x-wiki</format>
<text bytes="184" xml:space="preserve">={{-pt-}}=
==Forma verbal==
'''dardejais'''
#[[segunda pessoa]] do [[plural]] do [[presente]] do [[modo indicativo]] do verbo '''[[dardejar]]'''
[[Categoria:Forma verbal (Português)]]</text>
<sha1>cbabozyszoe24irlf02cjdzo7hwhi37</sha1>
</revision>
