<page>
<page>
<title>dardejam</title>
<ns>0</ns>
<id>161165</id>
<revision>
<id>2324949</id>
<parentid>1758030</parentid>
<timestamp>2017-04-30T09:36:05Z</timestamp>
<contributor>
<username>HydrizBot</username>
<id>29590</id>
</contributor>
<minor />
<comment>Robô: A limpar links interwikis antigos</comment>
<model>wikitext</model>
<format>text/x-wiki</format>
<text bytes="184" xml:space="preserve">={{-pt-}}=
==Forma verbal==
'''dardejam'''
#[[terceira pessoa]] do [[plural]] do [[presente]] do [[modo indicativo]] do verbo '''[[dardejar]]'''
[[Categoria:Forma verbal (Português)]]</text>
<sha1>ibwspvhd82rgw2qchq6lx0b5x8k9b2m</sha1>
</revision>
