<page>
<page>
<title>dardejamos</title>
<ns>0</ns>
<id>158197</id>
<revision>
<id>2507069</id>
<parentid>2324950</parentid>
<timestamp>2018-06-19T13:04:06Z</timestamp>
<contributor>
<username>ValJor</username>
<id>1358</id>
</contributor>
<comment>Acrescentando a predefinição avi-for-fle</comment>
<model>wikitext</model>
<format>text/x-wiki</format>
<text bytes="327" xml:space="preserve">={{-pt-}}=
==Forma verbal==
{{paroxítona|dar|de|ja|mos}}
# primeira pessoa do plural do presente do modo indicativo do verbo [[dardejar]]
# {{escopo2|grafia brasileira}} primeira pessoa do plural do pretérito perfeito do modo indicativo do verbo [[dardejar]]
{{avi-for-fle|dardejar}}
[[Categoria:Forma verbal (Português)]]</text>
<sha1>o5t1uc1mctdobnkwk5wyvkss2bv3ku3</sha1>
</revision>
