<page>
<page>
<title>dardejar</title>
<ns>0</ns>
<id>80345</id>
<revision>
<id>2660620</id>
<parentid>2612324</parentid>
<timestamp>2022-02-20T13:20:08Z</timestamp>
<contributor>
<username>ValJor</username>
<id>1358</id>
</contributor>
<comment>Melhorando a apresentação do verbete</comment>
<model>wikitext</model>
<format>text/x-wiki</format>
<text bytes="602" xml:space="preserve">={{-pt-}}=
==Verbo==
{{oxítona|dar|de|jar}}
# [[lançar]] [[dardo]]s
#* '''1976'''.  SECCHIN, Antonio Carlos.  A Fernando Pessoa.  In: HOLLANDA, Heloisa Buarque de.  ''26 poetas hoje''.  Rio de Janeiro: Aeroplano Editora, 2007.  p. 130–131.
#*: É caminhar entre o porto e a lenda
#*: de um tempo '''dardejado''' contra o mar.
===Conjugação===
{{conj/pt|dardej|ar}}
=={{pronúncia|pt}}==
===Portugal===
* AFI: {{AFI|/dɐɾ.dɨ.ˈʒaɾ/}}
==Ligações externas==
* {{Aulete}}
* {{Michaelis}}
* {{DicioAberto}}
* {{DLPO}}
* {{Infopédia}}
* {{PLP}}
* {{VOLPABL}}
[[Categoria:Verbo (Português)]]</text>
<sha1>syvkj2lvwun8y2ywwmxeji08tlacbp0</sha1>
</revision>
