<page>
<title>la</title>
<ns>0</ns>
<id>8204</id>
<revision>
<id>2654456</id>
<parentid>2654455</parentid>
<timestamp>2021-12-07T17:44:07Z</timestamp>
<contributor>
<username>Ydiutg</username>
<id>83668</id>
</contributor>
<model>wikitext</model>
<format>text/x-wiki</format>
<text bytes="2887" xml:space="preserve">{{ver também|La|lá}}
={{-pt-}}=
==Artigo==
{{oxítona|a}}, ''definido, feminino, singular''
# [[a]]
==Pronome==
{{oxítona|a}}, {{gramática|dem}}
# [[a]]
[[Categoria:Artigo (Português)]]
[[Categoria:Pronome (Português)]]
={{-cic-}}=
==Pronome==
'''la'''
# [[eu]]
[[Categoria:Pronome (Chickasaw)]]
={{-es-}}=
==Artigo==
'''la'''
# [[a]] (artigo definido feminino singular)
==Pronome==
'''la'''
# [[a]] (Nota: complemento de objeto)
==Substantivo==
'''la'''
# {{escopo|Música}} a sexta nota musical, indicada em português por [[lá]]
[[Categoria:Artigo (Espanhol)]]
[[Categoria:Pronome (Espanhol)]]
[[Categoria:Substantivo (Espanhol)]]
[[Categoria:Música (Espanhol)]]
={{-eo-}}=
==Artigo==
'''la'''
# [[a]], [[o]], [[as]], [[os]] (artigo definido)
==Substantivo==
'''la'''
# {{escopo|Música}} a sexta nota musical, indicada em português por [[lá]]
[[Categoria:Artigo (Esperanto)]]
[[Categoria:Substantivo (Esperanto)]]
[[Categoria:Música (Espanhol)]]
={{-fr-}}=
==Artigo==
'''la'''
# [[a]] (Nota: artigo definido feminino singular)
==Pronome==
'''la'''
# [[a]] (Nota: complemento de objeto)
==Substantivo==
'''la'''
# {{escopo|Música}} a sexta nota musical, indicada em português por [[lá]]
=={{pronúncia|fr}}==
* [[AFI]]: {{AFI|/la/}}
: '''Áudio''': {{ouvir|Fr-la.ogg|&quot;la&quot;}}
[[Categoria:Artigo (Francês)]]
[[Categoria:Pronome (Francês)]]
[[Categoria:Substantivo (Francês)]]
[[Categoria:Música (Francês)]]
={{-haw-}}=
==Substantivo==
'''la'''
# [[sol]]
[[Categoria:Substantivo (Havaiano)]]
={{-en-}}=
==Substantivo==
'''la'''
# {{escopo|Música}} a sexta nota musical, indicada em português por [[lá]]
[[Categoria:Substantivo (Inglês)]]
[[Categoria:Música (Inglês)]]
={{-it-}}=
==Artigo==
'''la'''
# [[a]] (Nota: artigo definido feminino singular)
==Pronome==
'''la'''
# a ela (Nota: complemento de objeto)
==Substantivo==
'''la'''
# {{escopo|Música}} a sexta nota musical, indicada em português por [[lá]]
[[Categoria:Artigo (Italiano)]]
[[Categoria:Pronome (Italiano)]]
[[Categoria:Substantivo (Italiano)]]
[[Categoria:Música (Italiano)]]
={{-mwl-}}=
{{flex.mwl|ms=l|mp=ls|fs=la|fp=las}}
==Artigo==
'''la''', {{f}}
# [[a]], artigo definido feminino do singular
==Pronome==
'''la''', {{f}}
# [[a]], pronome demonstrativo
#: La que tu comiste era mie
==Ver também==
===No Wikcionário===
{{flex.mwl.pron.demonstrativo}}
{{flex.mwl.contr.definidos}}
[[Categoria:Artigo (Mirandês)]]
[[Categoria:Pronome (Mirandês)]]
={{-pl-}}=
==Substantivo==
'''la''' {{gramática|n}}
# {{escopo|pl|Música}} [[lá]] (sexta [[nota]] musical da escala de [[dó maior]])
==Ver também==
===No Wikcionário===
{{Predefinição:notas musicais/pl}}
[[Categoria:Substantivo (Polonês)]]
[[Categoria:Monossílabo (Polonês)]]
[[Categoria:Música (Polonês)]]
={{-tet-}}=
==Advérbio==
'''la'''
# [[não]]
[[Categoria:Advérbio (Tétum)]]</text>
<sha1>sbsz4mhhjk3p60zifh28xuiqo5tfiun</sha1>
</revision>
</page>
