<page>
<page>
<title>laan</title>
<ns>0</ns>
<id>5118</id>
<revision>
<id>2367775</id>
<parentid>1716505</parentid>
<timestamp>2017-05-03T18:56:14Z</timestamp>
<contributor>
<username>HydrizBot</username>
<id>29590</id>
</contributor>
<minor />
<comment>Robô: A limpar links interwikis antigos</comment>
<model>wikitext</model>
<format>text/x-wiki</format>
<text bytes="100" xml:space="preserve">={{-tet-}}=
==Substantivo==
'''laan'''
# [[vela]] (de [[barco]])
[[Categoria:Substantivo (Tétum)]]</text>
<sha1>omeq85k9rwnn9zvhvuk9fhg4p3hj61t</sha1>
</revision>
