<page>
<title>labarada</title>
<ns>0</ns>
<id>412568</id>
<revision>
<id>2551319</id>
<parentid>2551287</parentid>
<timestamp>2019-08-16T15:08:01Z</timestamp>
<contributor>
<username>Cpls</username>
<id>20608</id>
</contributor>
<comment>/* {{-gl-}} */</comment>
<model>wikitext</model>
<format>text/x-wiki</format>
<text bytes="1013" xml:space="preserve">={{-gl-}}=
==Substantivo==
{{flex.gl|fs=labarada|fp=labaradas}}
{{paroxítona|la|ba|ra|da|lang=gl}}, {{g|f|lang=gl}}
# [[labareda]]
# {{escopo2|figuradamente}} [[rubor]] do rosto
===Sinónimos===
* De '''1''': [[alfa#{{gl}}|alfa]], [[aluzão#{{glk}}|aluzão]], [[botarada#{{gl}}|botarada]], [[cachela#{{gl}}|cachela]], [[chamarada#{{gl}}|chamarada]], [[chamarasca#{{gl}}|chamarasca]], [[chamejo#{{gl}}|chamejo]], [[esfachareada#{{gl}}|esfachareada]], [[facheiro#{{gl}}|facheiro]], [[fogagem#{{gl}}|fogagem]], [[fogarada#{{gl}}|fogarada]], [[labareda#{{gl}}|labareda]], [[lamarada#{{gl}}|lamarada]], [[laparada#{{gl}}|laparada]], [[lapeirada#{{gl}}|lapeirada]], [[larada#{{gl}}|larada]], [[lumarada#{{gl}}|lumarada]], [[lumareira#{{gl}}|lumareira]], [[lumareda#{{gl}}|lumareda]], [[lumieira#{{gl}}|lumieira]]
=={{etimologia|gl}}==
: Do particiípio do verbo ''[[labarar#{{gl}}|labarar]]''. Confronte-se com ''[[lamarada#{{gl}}|lamarada]]'' ou ''[[laparada#{{gl}}|laparada]]''.
[[Categoria:Substantivo (Galego)]]</text>
<sha1>5n48b5juu07rs4h12c9375549tmi2o2</sha1>
</revision>
</page>
