<page>
<page>
<title>labanca</title>
<ns>0</ns>
<id>136822</id>
<revision>
<id>1207960</id>
<parentid>772255</parentid>
<timestamp>2011-07-10T03:50:35Z</timestamp>
<contributor>
<username>MalafayaBot</username>
<id>628</id>
</contributor>
<minor />
<comment>Robô: Substituição de texto automática (-^\=\s?Português\s?\= +={{-pt-}}= &amp; -^\=\s?\{\{pt\}\}\s?\= +={{-pt-}}=)</comment>
<model>wikitext</model>
<format>text/x-wiki</format>
<text bytes="137" xml:space="preserve">={{-pt-}}=
==Substantivo==
{{paroxítona|la|ban|ca}}, {{f}}
#[[corruptela]] de '''[[alavanca]]'''
[[Categoria:Substantivo (Português)]]</text>
<sha1>9per6jpfknuqvxrdqkefi7vceidtjod</sha1>
</revision>
