<page>
<title>labaçada</title>
<ns>0</ns>
<id>249907</id>
<revision>
<id>2256867</id>
<parentid>1207961</parentid>
<timestamp>2017-03-27T10:25:07Z</timestamp>
<contributor>
<username>Cpls</username>
<id>20608</id>
</contributor>
<model>wikitext</model>
<format>text/x-wiki</format>
<text bytes="336" xml:space="preserve">={{-pt-}}=
==Substantivo==
{{flex.pt|fs=labaçada|fp=labaçadas}}
{{paroxítona|la|ba|ça|da}}, {{g|f}}
# {{escopo|pt|Galiza}} [[bofetada]], [[golpe]] dado na cara com a [[palma]] da [[mão]] aberta
===Sinónimos===
* [[lapo]], [[lapote]]
=={{etimologia|pt}}==
: Confronte-se com [[lafaçada]].
[[Categoria:Substantivo (Português)]]</text>
<sha1>hlb4jz92mkpbl5bfqe960ykv6bvfndz</sha1>
</revision>
</page>
