<page>
<page>
<title>Lababad</title>
<ns>0</ns>
<id>328836</id>
<revision>
<id>2272757</id>
<parentid>2189948</parentid>
<timestamp>2017-04-26T20:38:33Z</timestamp>
<contributor>
<username>HydrizBot</username>
<id>29590</id>
</contributor>
<minor />
<comment>Robô: A limpar links interwikis antigos</comment>
<model>wikitext</model>
<format>text/x-wiki</format>
<text bytes="301" xml:space="preserve">={{-ht-}}=
{{Wikipédia|lang=ht}}
==Substantivo==
'''Lababad''', {{pr}}
#{{escopo|Geografia}} [[Barbados]]
=={{etimologia|ht}}==
:Do [[francês]] {{etimo|fr|la}} + {{etimo|fr|Barbade}}
==Ver também==
{{América/ht}}
{{categorias|{{nome categoria|ht}}|Substantivo|Entrada de étimo francês|País}}</text>
<sha1>f9uzj4nrkfs97foe5tp9z5pi7xozqok</sha1>
</revision>
