<page>
<page>
<title>labadain</title>
<ns>0</ns>
<id>61937</id>
<revision>
<id>2367777</id>
<parentid>1306631</parentid>
<timestamp>2017-05-03T18:56:23Z</timestamp>
<contributor>
<username>HydrizBot</username>
<id>29590</id>
</contributor>
<minor />
<comment>Robô: A limpar links interwikis antigos</comment>
<model>wikitext</model>
<format>text/x-wiki</format>
<text bytes="91" xml:space="preserve">={{-tet-}}=
==Substantivo==
'''labadain'''
# [[aranha]]
[[Categoria:Substantivo (Tétum)]]</text>
<sha1>78sb4tg91hjmn8d21eiwlit620fs4jh</sha1>
</revision>
