<page>
<title>labarquela</title>
<ns>0</ns>
<id>348520</id>
<revision>
<id>2689142</id>
<parentid>2526046</parentid>
<timestamp>2022-10-01T10:12:22Z</timestamp>
<contributor>
<username>ValJor</username>
<id>1358</id>
</contributor>
<comment>Substituindo a [[Especial:Páginas_afluentes/Predefinição:escopoCat|predefinição escopoCat]] por escopo</comment>
<model>wikitext</model>
<format>text/x-wiki</format>
<text bytes="507" xml:space="preserve">={{-gl-}}=
==Substantivo==
{{flex.gl|fs=labarquela|fp=labarquelas}}
{{paroxítona|la|bar|que|la|lang=gl}}, {{gramática|f|lang=gl}}
# {{escopo|gl|Ave}} [[laverca#{{pt}}|laverca]] (''[[species:Alauda arvensis|Alauda arvensis]]'')
==={{-varort-}}===
* [[lavarquela#{{gl}}|lavarquela]]
==={{PEPB|Sinónimos|Sinônimos|inline=1}}===
* [[alória#Galego|alória]], [[laverca#Galego|laverca]], [[loia#{{gl}}|loia]], [[nabarquela#Galego|nabarquela]], [[serrana#Galego|serrana]]
[[Categoria:Substantivo (Galego)]]</text>
<sha1>h6jexuvnehgrjw2e4xi1x6jyqbc60w7</sha1>
</revision>
</page>
