<page>
<title>labaça</title>
<ns>0</ns>
<id>348931</id>
<revision>
<id>2450926</id>
<parentid>2367780</parentid>
<timestamp>2017-09-19T14:48:30Z</timestamp>
<contributor>
<username>Cpls</username>
<id>20608</id>
</contributor>
<comment>/* {{-gl-}} */</comment>
<model>wikitext</model>
<format>text/x-wiki</format>
<text bytes="1092" xml:space="preserve">[[Imagem:20130524Ampfer Saarbrücken.jpg|thumb|180px|right|&lt;center&gt;Labaça&lt;/center&gt;]]
={{-pt-}}=
==Substantivo==
{{flex.pt|fs=labaça|fp=labaças}}
{{paroxítona|la|ba|ça}}, {{f}}
# {{escopoCat|Botânica|pt}} planta da espécie ''[[species:Rumex obtusifolius|Rumex obtusifolius]]''
=={{etimologia|pt}}==
: Do {{etm|la|pt}} {{etimo|la|lapathum}}.
[[Categoria:Substantivo (Português)]]
[[Categoria:Entrada com imagem (Português)]]
={{-gl-}}=
==Substantivo==
{{flex.gl|fs=labaça|fp=labaças}}
{{paroxítona|la|ba|ça|lang=gl}}, {{g|f|lang=gl}}
# {{escopo|gl|Planta}} [[labaça#Português|labaça]], (''[[species:Rumex obtusifolius|Rumex obtusifolius]]'')
# {{escopo|gl|Planta}} [[labaça-sinuada]], (''[[species:Rumex pulcher|Rumex pulcher]]'')
# {{escopo|gl|Planta}} [[salsa-brava]], (''[[species:Apium nodiflorum|Apium nodiflorum]]'')
# {{escopo|gl|Planta}} [[bardana]], (''[[species:Arctium lappa|Arctium lappa]]'')
=={{etimologia|gl}}==
: Do {{etm|la|gl}} {{etimo|la|lappacea}} ou {{etimo|la|lapathum}}.
[[Categoria:Substantivo (Galego)]]
[[Categoria:Entrada com imagem (Galego)]]</text>
<sha1>bc5lsfbqrvz4tedmszp114dq8mlqhse</sha1>
</revision>
</page>
