<page>
<title>labarik</title>
<ns>0</ns>
<id>36476</id>
<revision>
<id>1306632</id>
<parentid>1087032</parentid>
<timestamp>2011-11-28T23:48:09Z</timestamp>
<contributor>
<username>MalafayaBot</username>
<id>628</id>
</contributor>
<minor />
<comment>Robô: Substituição de texto automática (-^\=(\s*?)Tétum(\s*?)\= +={{-tet-}}= &amp; -^\=(\s*?)\{\{tet\}\}(\s*?)\= +={{-tet-}}=)</comment>
<model>wikitext</model>
<format>text/x-wiki</format>
<text bytes="89" xml:space="preserve">={{-tet-}}=
==Substantivo==
'''labarik'''
# [[bebê]]
[[Categoria:Substantivo (Tétum)]]</text>
<sha1>ah4zdn5rp50s39i2ixceh401qmaajmg</sha1>
</revision>
</page>
