<page>
<title>labalábá</title>
<ns>0</ns>
<id>17590</id>
<revision>
<id>2367778</id>
<parentid>1979571</parentid>
<timestamp>2017-05-03T18:56:26Z</timestamp>
<contributor>
<username>HydrizBot</username>
<id>29590</id>
</contributor>
<minor />
<comment>Robô: A limpar links interwikis antigos</comment>
<model>wikitext</model>
<format>text/x-wiki</format>
<text bytes="96" xml:space="preserve">={{-yo-}}=
==Substantivo==
'''labalábá'''
# [[borboleta]]
[[Categoria:Substantivo ({{yo}})]]</text>
<sha1>35hlpndsovqwuetquypycjiv39kc51o</sha1>
</revision>
</page>
