<page>
<page>
<title>labareda</title>
<ns>0</ns>
<id>52190</id>
<revision>
<id>2614936</id>
<parentid>2474820</parentid>
<timestamp>2021-01-31T20:48:39Z</timestamp>
<contributor>
<username>MarxavBot</username>
<id>80155</id>
</contributor>
<minor />
<comment>AFI Portugal</comment>
<model>wikitext</model>
<format>text/x-wiki</format>
<text bytes="302" xml:space="preserve">={{-pt-}}=
==Substantivo==
{{paroxítona|la|ba|re|da}} {{f}}
# [[chama]] [[grande]]
# [[língua]] de [[fogo]]
===Tradução===
{{tradini}}
* {{trad|mwl|lhamareda}}
{{tradmeio}}
{{tradfim}}
=={{pronúncia|pt}}==
===Portugal===
* AFI: {{AFI|/lɐ.bɐ.ˈɾe.dɐ/}}
[[Categoria:Substantivo (Português)]]</text>
<sha1>pcbkp3hc3unvqxfrl8gccsh88xh1vdc</sha1>
</revision>
