<page>
<page>
<title>label</title>
<ns>0</ns>
<id>31290</id>
<revision>
<id>2367783</id>
<parentid>2151927</parentid>
<timestamp>2017-05-03T18:56:47Z</timestamp>
<contributor>
<username>HydrizBot</username>
<id>29590</id>
</contributor>
<minor />
<comment>Robô: A limpar links interwikis antigos</comment>
<model>wikitext</model>
<format>text/x-wiki</format>
<text bytes="89" xml:space="preserve">={{-en-}}=
==Substantivo==
'''label'''
# [[rótulo]]
[[Categoria:Substantivo (Inglês)]]</text>
<sha1>92ttowngq9cbm5lx9iw3cdaowq1s6xb</sha1>
</revision>
