<page>
<title>labega</title>
<ns>0</ns>
<id>380575</id>
<revision>
<id>2426429</id>
<timestamp>2017-07-09T15:32:26Z</timestamp>
<contributor>
<username>Cpls</username>
<id>20608</id>
</contributor>
<comment>[[Ajuda:Guia de edição/Menus e ferramentas/Sumário de edição|→]] nova página: ={{-gl-}}= ==Substantivo== {{flex.gl|fs=labega|fp=labegas}} {{paroxítona|la|be|ga|lang=gl}}, {{g|f|lang=gl}}...</comment>
<model>wikitext</model>
<format>text/x-wiki</format>
<text bytes="288" xml:space="preserve">={{-gl-}}=
==Substantivo==
{{flex.gl|fs=labega|fp=labegas}}
{{paroxítona|la|be|ga|lang=gl}}, {{g|f|lang=gl}}
# {{escopo|gl|Agricultura}} [[arado]]
=={{etimologia|gl}}==
: Confronte-se com ''[[labrego#{{gl}}|labrego]]'' e ''[[lábio#{{gl}}|lábio]]''.
[[Categoria:Substantivo (Galego)]]</text>
<sha1>t41crvla8g9kq4hmb5i70ug2jb5n7i4</sha1>
</revision>
</page>
