<page>
<title>labeique</title>
<ns>0</ns>
<id>250462</id>
<revision>
<id>1207962</id>
<parentid>953740</parentid>
<timestamp>2011-07-10T03:50:37Z</timestamp>
<contributor>
<username>MalafayaBot</username>
<id>628</id>
</contributor>
<minor />
<comment>Robô: Substituição de texto automática (-^\=\s?Português\s?\= +={{-pt-}}= &amp; -^\=\s?\{\{pt\}\}\s?\= +={{-pt-}}=)</comment>
<model>wikitext</model>
<format>text/x-wiki</format>
<text bytes="373" xml:space="preserve">={{-pt-}}=
==Substantivo==
{{flex.pt|ms=labeique|mp=labeiques}}
{{paroxítona|la|bei|que}}
# [[peixe]] da espécie ''Gaidropsarus mediterraneus'', chamado também  barbado, juliana 
==Ver também==
===No Wikcionário===
{{verTambém.Ini}}
* [[labeique-de-três-barbilhos]]
{{verTambém.NovaColuna}}
* [[bertorelha]]
{{verTambém.Fim}}
[[Categoria:Substantivo (Português)]]</text>
<sha1>icp7jhr2wv6neegjnv246xmyq5gmjrk</sha1>
</revision>
</page>
