<page>
<title>labegas</title>
<ns>0</ns>
<id>380576</id>
<revision>
<id>2426431</id>
<parentid>2426430</parentid>
<timestamp>2017-07-09T15:33:03Z</timestamp>
<contributor>
<username>Cpls</username>
<id>20608</id>
</contributor>
<comment>/* {{-gl-}} */</comment>
<model>wikitext</model>
<format>text/x-wiki</format>
<text bytes="372" xml:space="preserve">={{-gl-}}=
==Substantivo==
{{flex.gl|fs=-|fp=labegas}}
{{paroxítona|la|be|gas|lang=gl}}, {{g|fp|lang=gl}}
# cada um dos conjunto de [[ramo]]s de [[giesta]] que são atados nas [[aiveca]]s do [[arado]] para [[alargar]] o [[rego]]
=={{etimologia|gl}}==
: Do plural de ''[[labega#{{gl}}|labega]]''.
[[Categoria:Substantivo (Galego)]]
[[Categoria:Pluralia tantum (Galego)]]</text>
<sha1>t49r2ndi9d9bqr0znsfdjhrd5ov5es2</sha1>
</revision>
</page>
