<page>
<page>
<title>labe</title>
<ns>0</ns>
<id>415660</id>
<revision>
<id>2568892</id>
<parentid>2562560</parentid>
<timestamp>2019-12-29T14:05:02Z</timestamp>
<contributor>
<username>Cpls</username>
<id>20608</id>
</contributor>
<model>wikitext</model>
<format>text/x-wiki</format>
<text bytes="392" xml:space="preserve">={{-eu-}}=
==Substantivo==
'''labe'''
# [[forno]]
{{página-automática|novembro|2019|forno|eu}}
[[Categoria:Substantivo (Basco)]]
={{-gl-}}=
==Substantivo==
{{flex.gl|ms=labe|mp=labes}}
{{paroxítona|la|be|lang=gl}}, {{g|m}}
# {{escopo|gl|Arcaico}} [[mancha]], nódoa
=={{etimologia|gl}}==
: Da mesma origem que o gaélico escocês {{etimo|gd|làb}}.
[[Categoria:Substantivo (Galego)]]</text>
<sha1>1vzy5504sdmawpouqf5a6sf8j1ztnze</sha1>
</revision>
