<page>
<title>laberints</title>
<ns>0</ns>
<id>149408</id>
<revision>
<id>2367785</id>
<parentid>1776948</parentid>
<timestamp>2017-05-03T18:57:03Z</timestamp>
<contributor>
<username>HydrizBot</username>
<id>29590</id>
</contributor>
<minor />
<comment>Robô: A limpar links interwikis antigos</comment>
<model>wikitext</model>
<format>text/x-wiki</format>
<text bytes="134" xml:space="preserve">={{-ca-}}=
==Forma de substantivo==
'''laberints''' {{p}}
#plural de '''[[laberint]]'''
[[Categoria:Forma de substantivo (Catalão)]]</text>
<sha1>8i1njs8t4dxingrchc2s65gorfbamjq</sha1>
</revision>
</page>
