<page>
<page>
<title>labestro</title>
<ns>0</ns>
<id>425865</id>
<revision>
<id>2594857</id>
<timestamp>2020-08-23T17:59:54Z</timestamp>
<contributor>
<username>Cpls</username>
<id>20608</id>
</contributor>
<comment>[[Ajuda:Guia de edição/Menus e ferramentas/Sumário de edição|→]] nova página: ={{-gl-}}= ==Substantivo== {{flex.gl|ms=labestro|mp=labestros}} {{paroxítona|la|bes|tro|lang=gl}}, {{gramát...</comment>
<model>wikitext</model>
<format>text/x-wiki</format>
<text bytes="503" xml:space="preserve">={{-gl-}}=
==Substantivo==
{{flex.gl|ms=labestro|mp=labestros}}
{{paroxítona|la|bes|tro|lang=gl}}, {{gramática|m|lang=gl}}
# {{escopo|gl|Planta}} [[saramago]] (''[[species:Raphanus raphanistrum|Raphanus raphanistrum]]'')
===Sinónimos===
* Vide em [[nabestro#{{gl}}|nabestro]]
=={{etimologia|gl}}==
: Variante de ''[[nabestro#{{gl}}|nabestro]]'' ou aparentado com o {{etm|la|gl}} medieval {{etimo|la|raphanistrum}}, confronte-se com {{etimo|la|rapum}} &quot;[[nabo]]&quot;.
[[Categoria:Substantivo (Galego)]]</text>
<sha1>3tqm909es5w5hnpskic7i8vbiwlty4g</sha1>
</revision>
