<page>
<title>labha</title>
<ns>0</ns>
<id>31965</id>
<revision>
<id>2367786</id>
<parentid>1373719</parentid>
<timestamp>2017-05-03T18:57:05Z</timestamp>
<contributor>
<username>HydrizBot</username>
<id>29590</id>
</contributor>
<minor />
<comment>Robô: A limpar links interwikis antigos</comment>
<model>wikitext</model>
<format>text/x-wiki</format>
<text bytes="204" xml:space="preserve">={{-aa-}}=
==Substantivo==
'''labha''' ''plural masculino''; ''singular'': [[num]]
# [[homem|homens]]
==Ver Também==
* [[barra]]= ''mulher''
* [[agabu]]= ''mulheres''
[[Categoria:Substantivo ({{aa}})]]</text>
<sha1>dw4ievrk8dol1qxernpvgdrupj2rhz9</sha1>
</revision>
</page>
