<page>
<page>
<title>labializámos</title>
<ns>0</ns>
<id>311103</id>
<revision>
<id>2546408</id>
<parentid>1654419</parentid>
<timestamp>2019-06-12T19:21:06Z</timestamp>
<contributor>
<username>ValJor</username>
<id>1358</id>
</contributor>
<comment>Acrescentando a predefinição avi-for-fle</comment>
<model>wikitext</model>
<format>text/x-wiki</format>
<text bytes="274" xml:space="preserve">={{-pt-}}=
==Forma verbal==
{{paroxítona|la|bi|a|li|zá|mos}}
# {{escopo2|grafia lusitana}} primeira pessoa do plural do pretérito perfeito do indicativo do verbo [[labializar]]
{{avi-for-fle|labializar}}
[[Categoria:Forma verbal (Português)]]
[[Categoria:Lusitanismo]]</text>
<sha1>sl4bjxmsh1lcx2kbha34wh79oy6j7ik</sha1>
</revision>
