<page>
<page>
<title>labiada</title>
<ns>0</ns>
<id>319333</id>
<revision>
<id>2367787</id>
<parentid>1772304</parentid>
<timestamp>2017-05-03T18:57:07Z</timestamp>
<contributor>
<username>HydrizBot</username>
<id>29590</id>
</contributor>
<minor />
<comment>Robô: A limpar links interwikis antigos</comment>
<model>wikitext</model>
<format>text/x-wiki</format>
<text bytes="348" xml:space="preserve">={{-pt-}}=
==Substantivo==
{{paroxítona|la|bi|a|da}}, {{f}}
# [[espécime]] das [[labiadas]]
==Forma de adjetivo==
{{paroxítona|la|bi|a|da}}
# feminino de [[labiado]]
{{avi-for-fle|labiado}}
=={{etimologia|pt}}==
: {{escopo|Morfologia}} [[lábio]] + [[-ada]]
[[Categoria:Substantivo (Português)]]
[[Categoria:Forma de adjetivo (Português)]]</text>
<sha1>esinhbjq7sdho68nce93jip7gzkz7zk</sha1>
</revision>
