<page>
<page>
<title>labializar</title>
<ns>0</ns>
<id>312415</id>
<revision>
<id>2367791</id>
<parentid>2180270</parentid>
<timestamp>2017-05-03T18:57:23Z</timestamp>
<contributor>
<username>HydrizBot</username>
<id>29590</id>
</contributor>
<minor />
<comment>Robô: A limpar links interwikis antigos</comment>
<model>wikitext</model>
<format>text/x-wiki</format>
<text bytes="289" xml:space="preserve">={{-pt-}}=
==Verbo==
{{oxítona|la|bi|a|li|zar}}, ''v. t.''
# {{escopo|Gramática}} [[tornar]] [[labial]]; [[pronunciar]] com os [[lábio]]s
===Conjugação===
{{conj/pt|labializ|ar}}
=={{etimologia|pt}}==
: {{escopo|Morfologia}} [[labial]] + [[-izar]].
[[Categoria:Verbo (Português)]]</text>
<sha1>0gyk66h6e5m80rsjg2d1s7jwuo6shei</sha1>
</revision>
