<page>
<title>labiado</title>
<ns>0</ns>
<id>319529</id>
<revision>
<id>2367789</id>
<parentid>1776946</parentid>
<timestamp>2017-05-03T18:57:12Z</timestamp>
<contributor>
<username>HydrizBot</username>
<id>29590</id>
</contributor>
<minor />
<comment>Robô: A limpar links interwikis antigos</comment>
<model>wikitext</model>
<format>text/x-wiki</format>
<text bytes="346" xml:space="preserve">={{-pt-}}=
==Adjetivo==
{{flex.pt|ms=labiado|mp=labiados|fs=labiada|fp=labiadas}}
{{paroxítona|la|bi|a|do}}, {{m}}
# que tem forma de [[lábio]]s
=={{etimologia|pt}}==
: {{escopo|Morfologia}} [[lábio]] + [[-ado]].
==Ver também==
===No Wikcionário===
{{verTambém.Ini}}
* [[bilabiado]]
{{verTambém.Fim}}
[[Categoria:Adjetivo (Português)]]</text>
<sha1>2ntwuatimxie0a4bnw4a0rgpqkbacg5</sha1>
</revision>
</page>
