<page>
<page>
<title>labiadas</title>
<ns>0</ns>
<id>46774</id>
<revision>
<id>2660658</id>
<parentid>2367788</parentid>
<timestamp>2022-02-20T22:21:55Z</timestamp>
<contributor>
<username>ValJor</username>
<id>1358</id>
</contributor>
<comment>Substituindo a [[Especial:Páginas_afluentes/Predefinição:escopoCat|predefinição escopoCat]] por escopo</comment>
<model>wikitext</model>
<format>text/x-wiki</format>
<text bytes="440" xml:space="preserve">{{Wikipédia|lang=pt|Lamiaceae}}
={{-pt-}}=
==Substantivo==
{{paroxítona|la|bi|a|das}}, {{gramática|f|p}}
# {{escopo|pt|Botânica}} família de plantas de [[corola]]s [[monopétalo|monopétalas]]
=={{etimologia|pt}}==
{{escopo|Morfologia}} [[lábio]] + [[-adas]]
==Anagramas==
&lt;!-- índice para anagramas: pt: aaabdils --&gt;
# [[badalais]]
# [[silabada]]
[[Categoria:Substantivo (Português)]]
[[Categoria:Pluralia tantum (Português)]]</text>
<sha1>bwfryr4s8a4tcn4go1z57wni88l22vt</sha1>
</revision>
