<page>
<title>lablachiano</title>
<ns>0</ns>
<id>116510</id>
<revision>
<id>2542623</id>
<parentid>1601433</parentid>
<timestamp>2019-04-24T10:39:38Z</timestamp>
<contributor>
<username>ValJor</username>
<id>1358</id>
</contributor>
<comment>Verbete [[:Categoria:!Página com idioma não informado em Predefinição:etimologia|sem indicação do idioma na seção de etimologia]]</comment>
<model>wikitext</model>
<format>text/x-wiki</format>
<text bytes="403" xml:space="preserve">={{-pt-}}=
==Adjetivo==
{{flex.pt|ms=lablachiano|mp=lablachianos|fs=lablachiana|fp=lablachianas}}
{{paroxítona|la|bla|chi|a|no}}
# referente ao [[historiador]] e [[geógrafo]] [[francês]] Vidal de la Blache
===Sinônimo===
* [[vidalino]]
=={{etimologia|pt}}==
: Do antropônimo ''la Blache'' (de Vidal de la Blache, historiador e geógrafo francês) + [[-iano]].
[[Categoria:Adjetivo (Português)]]</text>
<sha1>g1kp9q32254tieo6yfiofnaqenhsc06</sha1>
</revision>
</page>
