<page>
<title>labols</title>
<ns>0</ns>
<id>271903</id>
<revision>
<id>2367796</id>
<parentid>1776942</parentid>
<timestamp>2017-05-03T18:57:35Z</timestamp>
<contributor>
<username>HydrizBot</username>
<id>29590</id>
</contributor>
<minor />
<comment>Robô: A limpar links interwikis antigos</comment>
<model>wikitext</model>
<format>text/x-wiki</format>
<text bytes="457" xml:space="preserve">={{-vo-}}=
==Forma verbal==
'''la.{{grifar|bols}}'''
# {{l.s.|forma}} [[ativo|ativa]] [[da]] [[segundo|segunda]] [[pessoa]] [[do]] [[plural]] do {{l.s.|presente}} do [[verbo]] '''''[[labön]]'''''.
=={{etimologia|vo}}==
:Do [[radical]] ''lab'' + {{etimo|vo|-ols}}.
=={{pronúncia|vo}}==
* [[AFI]]: {{AFI|/la.ˈbols/}}
* [[X-SAMPA]]: /la.&quot;bols/
[[Categoria:Forma verbal (Volapuque)]]
[[Categoria:Dissílabo (Volapuque)]]
[[Categoria:Oxítona (Volapuque)]]</text>
<sha1>b3h8vty7z15p1munnaht0vi9yenc2m3</sha1>
</revision>
</page>
