<page>
<title>laborigata</title>
<ns>0</ns>
<id>247779</id>
<revision>
<id>2061389</id>
<parentid>1589172</parentid>
<timestamp>2016-02-07T17:44:09Z</timestamp>
<contributor>
<username>Defender</username>
<id>15952</id>
</contributor>
<comment>Verbete [[:Categoria:!Página com idioma não informado em Predefinição:etimologia|sem indicação do idioma na seção de etimologia]]</comment>
<model>wikitext</model>
<format>text/x-wiki</format>
<text bytes="357" xml:space="preserve">={{-eo-}}=
==Forma verbal==
'''la.bo.ri.{{grifar|ga}}.ta'''
# [[particípio]] [[passivo]] [[do]] [[presente]] do [[verbo]] '''''[[laborigi]]'''''
===Conjugação===
{{conj.eo|laborig}}
=={{etimologia|eo}}==
{{etimo.eo|labor|-ig-|-at-|-a}}
[[Categoria:Forma verbal (Esperanto)]]
[[Categoria:Polissílabo (Esperanto)]]
[[Categoria:Paroxítona (Esperanto)]]</text>
<sha1>dxdoyxu317iy9uukbrjmtcrgqnkfaps</sha1>
</revision>
</page>
