<page>
<title>labozy</title>
<ns>0</ns>
<id>314173</id>
<revision>
<id>2367828</id>
<parentid>2043733</parentid>
<timestamp>2017-05-03T18:59:28Z</timestamp>
<contributor>
<username>HydrizBot</username>
<id>29590</id>
</contributor>
<minor />
<comment>Robô: A limpar links interwikis antigos</comment>
<model>wikitext</model>
<format>text/x-wiki</format>
<text bytes="158" xml:space="preserve">={{-mg-}}=
==Substantivo==
'''labozy'''
# [[vela]] (rolo cilíndrico de cera)
{{página-automática|abril|2013|vela|mg}}
[[Categoria:Substantivo (Malgaxe)]]</text>
<sha1>ng6h25ayoel4alu87xr0m670oirwxin</sha1>
</revision>
</page>
