<page>
<title>laborigota</title>
<ns>0</ns>
<id>247780</id>
<revision>
<id>2061397</id>
<parentid>1589184</parentid>
<timestamp>2016-02-07T17:48:27Z</timestamp>
<contributor>
<username>Defender</username>
<id>15952</id>
</contributor>
<comment>Verbete [[:Categoria:!Página com idioma não informado em Predefinição:etimologia|sem indicação do idioma na seção de etimologia]]</comment>
<model>wikitext</model>
<format>text/x-wiki</format>
<text bytes="355" xml:space="preserve">={{-eo-}}=
==Forma verbal==
'''la.bo.ri.{{grifar|go}}.ta'''
# [[particípio]] [[passivo]] [[do]] [[futuro]] do [[verbo]] '''''[[laborigi]]'''''
===Conjugação===
{{conj.eo|laborig}}
=={{etimologia|eo}}==
{{etimo.eo|labor|-ig-|-ot-|-a}}
[[Categoria:Forma verbal (Esperanto)]]
[[Categoria:Polissílabo (Esperanto)]]
[[Categoria:Paroxítona (Esperanto)]]</text>
<sha1>3j57zkbhrvvyky3dx6mj95s5xc7mbu8</sha1>
</revision>
</page>
