<page>
<page>
<title>laborigi</title>
<ns>0</ns>
<id>241348</id>
<revision>
<id>2061390</id>
<parentid>1589203</parentid>
<timestamp>2016-02-07T17:44:29Z</timestamp>
<contributor>
<username>Defender</username>
<id>15952</id>
</contributor>
<comment>Verbete [[:Categoria:!Página com idioma não informado em Predefinição:etimologia|sem indicação do idioma na seção de etimologia]]</comment>
<model>wikitext</model>
<format>text/x-wiki</format>
<text bytes="485" xml:space="preserve">={{-eo-}}=
==Verbo==
'''la.bo.{{grifar|ri}}.gi'''
# [[fazer]] [[trabalhar]]
===Conjugação===
{{conj.eo|laborig}}
=={{etimologia|eo}}==
{{etimo.eo|labor|-ig-|-i}}
===Termos derivados===
{{verTambém.Ini}}
* {{link opcional|laboro|eo}}
* {{link opcional|laborema|eo}}
* {{link opcional|laboristo|eo}}
{{verTambém.NovaColuna}}
* {{link opcional|laboristino|eo}}
* {{link opcional|labori|eo}}
{{verTambém.Fim}}
[[Categoria:Verbo (Esperanto)]]
[[Categoria:Polissílabo (Esperanto)]]</text>
<sha1>jrw5r0q0xee8cbxt7w5iuv9idct24po</sha1>
</revision>
