<page>
<page>
<title>laboronta</title>
<ns>0</ns>
<id>247766</id>
<revision>
<id>2367820</id>
<parentid>2063582</parentid>
<timestamp>2017-05-03T18:59:04Z</timestamp>
<contributor>
<username>HydrizBot</username>
<id>29590</id>
</contributor>
<minor />
<comment>Robô: A limpar links interwikis antigos</comment>
<model>wikitext</model>
<format>text/x-wiki</format>
<text bytes="343" xml:space="preserve">={{-eo-}}=
==Forma verbal==
'''la.bo.{{grifar|ron}}.ta'''
# [[particípio]] [[ativo]] [[do]] [[futuro]] do [[verbo]] '''''[[labori]]'''''
===Conjugação===
{{conj.eo|labor}}
=={{etimologia|eo}}==
{{etimo.eo|labor|-ont-|-a}}
[[Categoria:Forma verbal (Esperanto)]]
[[Categoria:Polissílabo (Esperanto)]]
[[Categoria:Paroxítona (Esperanto)]]</text>
<sha1>aouh0nkx8h0xciwcmtevvs21p0kp60w</sha1>
</revision>
