<page>
<page>
<title>laborigis</title>
<ns>0</ns>
<id>247770</id>
<revision>
<id>2061393</id>
<parentid>1589176</parentid>
<timestamp>2016-02-07T17:45:37Z</timestamp>
<contributor>
<username>Defender</username>
<id>15952</id>
</contributor>
<comment>Verbete [[:Categoria:!Página com idioma não informado em Predefinição:etimologia|sem indicação do idioma na seção de etimologia]]</comment>
<model>wikitext</model>
<format>text/x-wiki</format>
<text bytes="315" xml:space="preserve">={{-eo-}}=
==Forma verbal==
'''la.bo.{{grifar|ri}}.gis'''
# [[passado]] do [[verbo]] '''''[[laborigi]]'''''
===Conjugação===
{{conj.eo|laborig}}
=={{etimologia|eo}}==
{{etimo.eo|labor|-ig-|-is}}
[[Categoria:Forma verbal (Esperanto)]]
[[Categoria:Polissílabo (Esperanto)]]
[[Categoria:Paroxítona (Esperanto)]]</text>
<sha1>ekh6o2wn26g05e7ci5zb8i7ft2pl2c8</sha1>
</revision>
