<page>
<title>laboristo</title>
<ns>0</ns>
<id>241369</id>
<revision>
<id>2367817</id>
<parentid>2063579</parentid>
<timestamp>2017-05-03T18:58:54Z</timestamp>
<contributor>
<username>HydrizBot</username>
<id>29590</id>
</contributor>
<minor />
<comment>Robô: A limpar links interwikis antigos</comment>
<model>wikitext</model>
<format>text/x-wiki</format>
<text bytes="572" xml:space="preserve">={{-eo-}}=
==Substantivo==
'''la.bo.{{grifar|ris}}.to'''
# [[trabalhador]]
===Declinação===
{{decl.eo.subst}}
=={{etimologia|eo}}==
{{etimo.eo|labor|-ist-|-o}}
=={{pronúncia}}==
* [[AFI]]: {{AFI|/la.bɔ.ri.ˈstɔ/}}.
===Termos derivados===
{{verTambém.Ini}}
* {{link opcional|labori|eo}}
* {{link opcional|laboro|eo}}
* {{link opcional|laboristino|eo}}
* {{link opcional|laborema}}
{{verTambém.Fim}}
[[Categoria:Substantivo (Esperanto)]]
[[Categoria:Polissílabo (Esperanto)]]
[[Categoria:Profissão (Esperanto)]]
[[Categoria:Entrada com pronúncia (Esperanto)]]</text>
<sha1>749ncq15627kza0ku4wrx1v9fyrulud</sha1>
</revision>
</page>
