<page>
<title>laborus</title>
<ns>0</ns>
<id>247763</id>
<revision>
<id>2367826</id>
<parentid>2063586</parentid>
<timestamp>2017-05-03T18:59:23Z</timestamp>
<contributor>
<username>HydrizBot</username>
<id>29590</id>
</contributor>
<minor />
<comment>Robô: A limpar links interwikis antigos</comment>
<model>wikitext</model>
<format>text/x-wiki</format>
<text bytes="306" xml:space="preserve">={{-eo-}}=
==Forma verbal==
'''la.{{grifar|bo}}.rus'''
# [[condicional]] do [[verbo]] '''''[[labori]]'''''
===Conjugação===
{{conj.eo|labor}}
=={{etimologia|eo}}==
{{etimo.eo|labor|-us}}
[[Categoria:Forma verbal (Esperanto)]]
[[Categoria:Trissílabo (Esperanto)]]
[[Categoria:Paroxítona (Esperanto)]]</text>
<sha1>ha6wz93uorloawtb5guvsvwb3glid6w</sha1>
</revision>
</page>
