<page>
<page>
<title>laboristino</title>
<ns>0</ns>
<id>247661</id>
<revision>
<id>2367816</id>
<parentid>2063578</parentid>
<timestamp>2017-05-03T18:58:50Z</timestamp>
<contributor>
<username>HydrizBot</username>
<id>29590</id>
</contributor>
<minor />
<comment>Robô: A limpar links interwikis antigos</comment>
<model>wikitext</model>
<format>text/x-wiki</format>
<text bytes="508" xml:space="preserve">={{-eo-}}=
==Substantivo==
'''la.bo.ris.{{grifar|ti}}.no'''
# [[trabalhadora]], [[feminino]] [[de]] [[trabalhador]]
===Declinação===
{{decl.eo.subst}}
=={{etimologia|eo}}==
{{etimo.eo|labor|-ist-|-in-|-o}}
===Termos derivados===
{{verTambém.Ini}}
* {{link opcional|labori|eo}}
* {{link opcional|laboro|eo}}
* {{link opcional|laboristo|eo}}
* {{link opcional|laborema}}
{{verTambém.Fim}}
[[Categoria:Substantivo (Esperanto)]]
[[Categoria:Polissílabo (Esperanto)]]
[[Categoria:Profissão (Esperanto)]]</text>
<sha1>n7bisqhu0n9p5yts4wq7pcptirs3bx0</sha1>
</revision>
