<page>
<page>
<title>laborar</title>
<ns>0</ns>
<id>314841</id>
<revision>
<id>2615808</id>
<parentid>2367802</parentid>
<timestamp>2021-01-31T23:18:10Z</timestamp>
<contributor>
<username>MarxavBot</username>
<id>80155</id>
</contributor>
<minor />
<comment>AFI Portugal</comment>
<model>wikitext</model>
<format>text/x-wiki</format>
<text bytes="401" xml:space="preserve">={{-pt-}}=
==Verbo==
{{oxítona|la|bo|rar}}, ''v. i.''
# [[trabalhar]]
# [[empregar]]-se
# [[fazer]] a [[cultura]] da [[terra]]
# [[lidar]]; [[manobrar]]
===Conjugação===
{{conj/pt|labor|ar}}
=={{etimologia|pt}}==
: Do infinitivo latino ''laborare''.
=={{pronúncia|pt}}==
===Portugal===
* AFI: {{AFI|/lɐ.bu.ˈɾaɾ/}}
==Ligações externas==
* {{DicioAberto}}
[[Categoria:Verbo (Português)]]</text>
<sha1>733ckpz9ws7yomfwqp7cz0ra9i9zuk0</sha1>
</revision>
