<page>
<page>
<title>laboru</title>
<ns>0</ns>
<id>247762</id>
<revision>
<id>2367825</id>
<parentid>2063585</parentid>
<timestamp>2017-05-03T18:59:20Z</timestamp>
<contributor>
<username>HydrizBot</username>
<id>29590</id>
</contributor>
<minor />
<comment>Robô: A limpar links interwikis antigos</comment>
<model>wikitext</model>
<format>text/x-wiki</format>
<text bytes="303" xml:space="preserve">={{-eo-}}=
==Forma verbal==
'''la.{{grifar|bo}}.ru'''
# [[imperativo]] do [[verbo]] '''''[[labori]]'''''
===Conjugação===
{{conj.eo|labor}}
=={{etimologia|eo}}==
{{etimo.eo|labor|-u}}
[[Categoria:Forma verbal (Esperanto)]]
[[Categoria:Trissílabo (Esperanto)]]
[[Categoria:Paroxítona (Esperanto)]]</text>
<sha1>ji89hcjc72o3i4gf052a3oo5drxb671</sha1>
</revision>
