<page>
<title>laborious</title>
<ns>0</ns>
<id>358610</id>
<revision>
<id>2367814</id>
<parentid>2176497</parentid>
<timestamp>2017-05-03T18:58:45Z</timestamp>
<contributor>
<username>HydrizBot</username>
<id>29590</id>
</contributor>
<minor />
<comment>Robô: A limpar links interwikis antigos</comment>
<model>wikitext</model>
<format>text/x-wiki</format>
<text bytes="691" xml:space="preserve">={{-en-}}=
==Adjetivo==
'''laborious''' (''[[comparativo]]'' '''[[more]] laborious''', ''[[superlativo]]'' '''[[most]] laborious''')
# [[laborioso]]
===Sinônimos===
* (que requer esforço): [[painstaking]], [[toilsome]], [[worksome]]
===Verbetes derivados===
* [[laboriously]]
===Verbetes relacionados===
{{colunas|3}}
* [[industrial]]
* [[industry]]
* [[industriousness]]
{{colunas.fim}}
===Grafias alternativas===
{{colunas|3}}
* [[labourious]]
* [[laborous]]
* [[labourous]]
{{colunas.fim}}
=={{etimologia|en}}==
:Do [[francês antigo]] ''[[laborios]]'', do {{etm|la|en}} {{etimo|la|laboriosus}}.
[[Categoria:Adjetivo (Inglês)]]
[[Categoria:Entrada de étimo francês antigo (Inglês)]]</text>
<sha1>qsa9z3a1qknnbq458zx5n0q57q4f27l</sha1>
</revision>
</page>
