<page>
<title>laboratorios</title>
<ns>0</ns>
<id>144738</id>
<revision>
<id>2504580</id>
<parentid>2367806</parentid>
<timestamp>2018-05-25T10:56:44Z</timestamp>
<contributor>
<username>ValJor</username>
<id>1358</id>
</contributor>
<comment>Um verbete a menos usando a [[Predefinição:flex.es.masc|predefinição flex.es.masc]]</comment>
<model>wikitext</model>
<format>text/x-wiki</format>
<text bytes="264" xml:space="preserve">={{-es-}}=
==Forma de substantivo==
'''la.bo.ra.{{grifar|to}}.rios'''
# plural de [[laboratorio]]
{{avi-for-fle|laboratorio}}
=={{pronúncia|es}}==
: [[AFI]]: /laβoɾa'toɾjos/
[[Categoria:Forma de substantivo (Espanhol)]]
[[Categoria:Polissílabo (Espanhol)]]</text>
<sha1>nmnuoyu68grodevhfronl8fq21osex5</sha1>
</revision>
</page>
