<page>
<page>
<title>laborota</title>
<ns>0</ns>
<id>247769</id>
<revision>
<id>2367822</id>
<parentid>2063584</parentid>
<timestamp>2017-05-03T18:59:10Z</timestamp>
<contributor>
<username>HydrizBot</username>
<id>29590</id>
</contributor>
<minor />
<comment>Robô: A limpar links interwikis antigos</comment>
<model>wikitext</model>
<format>text/x-wiki</format>
<text bytes="343" xml:space="preserve">={{-eo-}}=
==Forma verbal==
'''la.bo.{{grifar|ro}}.ta'''
# [[particípio]] [[passivo]] [[do]] [[futuro]] do [[verbo]] '''''[[labori]]'''''
===Conjugação===
{{conj.eo|labor}}
=={{etimologia|eo}}==
{{etimo.eo|labor|-ot-|-a}}
[[Categoria:Forma verbal (Esperanto)]]
[[Categoria:Polissílabo (Esperanto)]]
[[Categoria:Paroxítona (Esperanto)]]</text>
<sha1>9d73fxi313kgg4v0n42cs467niuadel</sha1>
</revision>
