<page>
<page>
<title>labour</title>
<ns>0</ns>
<id>398764</id>
<revision>
<id>2514806</id>
<timestamp>2018-08-06T20:54:33Z</timestamp>
<contributor>
<username>Tribuno da Plebe</username>
<id>16095</id>
</contributor>
<comment>[[Ajuda:Guia de edição/Menus e ferramentas/Sumário de edição|→]] nova página: ={{-en-}}= {{BrE|labor}} ==Adjetivo== '''labour''' # [[trabalhista]]  ==Substantivo== {{flex.en|s=labour|p=la...</comment>
<model>wikitext</model>
<format>text/x-wiki</format>
<text bytes="279" xml:space="preserve">={{-en-}}=
{{BrE|labor}}
==Adjetivo==
'''labour'''
# [[trabalhista]]
==Substantivo==
{{flex.en|s=labour|p=labours}}
'''labour'''
# [[labor#{{pt}}|labor]]; [[lavor]]; [[trabalho]]
# [[tarefa]]
# [[ocupação]]
[[Categoria:Adjetivo (Inglês)]]
[[Categoria:Substantivo (Inglês)]]</text>
<sha1>ej79puucavgpm3x3ckcf3yli42ym8ou</sha1>
</revision>
