<page>
<page>
<title>laboral</title>
<ns>0</ns>
<id>10182</id>
<revision>
<id>2367800</id>
<parentid>2128475</parentid>
<timestamp>2017-05-03T18:57:49Z</timestamp>
<contributor>
<username>HydrizBot</username>
<id>29590</id>
</contributor>
<minor />
<comment>Robô: A limpar links interwikis antigos</comment>
<model>wikitext</model>
<format>text/x-wiki</format>
<text bytes="460" xml:space="preserve">={{-pt-}}=
==Adjetivo==
{{flex.pt|s=laboral|p=laborais}}
{{paroxítona|la|bo|ral}}, {{c2g}}
# o mesmo que [[trabalhista]]
#*''Compete às Justiças '''Laborais''' julgar as causas do trabalho.''
=={{etimologia|pt}}==
: {{escopo|Morfologia}} [[labor]] + [[-al]].
[[Categoria:Adjetivo (Português)]]
={{-es-}}=
==Adjetivo==
'''laboral'''
# [[laboral#Português|laboral]]
:* ''derecho laboral'' = ''direito do [[trabalho]]''
[[Categoria:Adjetivo (Espanhol)]]</text>
<sha1>dj45vexifzpy3zv2tk0theb6w8t4n8z</sha1>
</revision>
