<page>
<title>laboração</title>
<ns>0</ns>
<id>346468</id>
<revision>
<id>2062561</id>
<parentid>2028726</parentid>
<timestamp>2016-02-12T02:11:08Z</timestamp>
<contributor>
<username>ValJor</username>
<id>1358</id>
</contributor>
<comment>Melhorando a apresentação do verbete</comment>
<model>wikitext</model>
<format>text/x-wiki</format>
<text bytes="186" xml:space="preserve">={{-pt-}}=
==Substantivo==
{{flex.pt|fs=laboração|fp=laborações}}
{{oxítona|la|bo|ra|ção}}, {{f}}
# ato ou efeito de [[laborar]], [[labor]]
[[Categoria:Substantivo (Português)]]</text>
<sha1>7nzsmr61s0kn3h6gny6o9nlrv6wcfbe</sha1>
</revision>
</page>
