<page>
<page>
<title>labori</title>
<ns>0</ns>
<id>241235</id>
<revision>
<id>2367810</id>
<parentid>2251697</parentid>
<timestamp>2017-05-03T18:58:30Z</timestamp>
<contributor>
<username>HydrizBot</username>
<id>29590</id>
</contributor>
<minor />
<comment>Robô: A limpar links interwikis antigos</comment>
<model>wikitext</model>
<format>text/x-wiki</format>
<text bytes="692" xml:space="preserve">={{-eo-}}=
==Verbo==
'''la.{{grifar|bo}}.ri'''
# [[trabalhar]], [[obrar]], [[laborar]], [[lidar]]
===Conjugação===
{{conj.eo|labor}}
=={{etimologia|eo}}==
:Do [[latim]] {{etimo|la|laborare}}.
{{etimo.eo|labor|-i}}
=={{pronúncia}}==
* [[AFI]]: {{AFI|/la.ˈbo.ɾi/}}.
===Termos derivados===
{{verTambém.Ini}}
* {{link opcional|laboro|eo}}
* {{link opcional|laborema|eo}}
* {{link opcional|laboristo|eo}}
{{verTambém.NovaColuna}}
* {{link opcional|laboristino|eo}}
* {{link opcional|laborigi|eo}}
{{verTambém.Fim}}
[[Categoria:Verbo (Esperanto)]]
[[Categoria:Trissílabo (Esperanto)]]
[[Categoria:Entrada de étimo latino (Esperanto)]]
[[Categoria:Entrada com pronúncia (Esperanto)]]</text>
<sha1>tcvd6ydgto53b94t9ol233r69ocv65q</sha1>
</revision>
