<page>
<title>laboratorio</title>
<ns>0</ns>
<id>144737</id>
<revision>
<id>2689709</id>
<parentid>2523084</parentid>
<timestamp>2022-10-20T01:46:39Z</timestamp>
<contributor>
<username>InternetArchiveBot</username>
<id>81604</id>
</contributor>
<comment>Rescuing 1 sources and tagging 0 as dead.) #IABot (v2.0.9.2</comment>
<model>wikitext</model>
<format>text/x-wiki</format>
<text bytes="9683" xml:space="preserve">{{ver também|laboratório}}
[[Ficheiro:Ferdowsi Veterinary college Lab - panoramio.jpg|thumb|350px|'''Laboratorio''' (&quot;laboratório&quot;)]]
={{-es-}}=
{{Wikipédia|lang=es}}
==Substantivo==
{{flex.es|ms=laboratorio|mp=laboratorios|ms-div=la.bo.ra.{{grifar|to}}.rio|mp-div=la.bo.ra.{{grifar|to}}.rios}}
{{paroxítona|la|bo|ra|to|rio|lang=es}} {{g|m}}
# {{escopo|es|ciência}} [[laboratório]]
===Locuções e expressões===
* '''de laboratorio''': {{escopo2|pejorativo}} criado [[artificial]]mente
* '''laboratorio de idiomas''': {{link opcional|laboratório de idiomas}}
=={{etimologia|es}}==
:* '''Morfologia''': {{etimo|es|laborar}} + {{etimo|es|-torio}}.
===Descendentes===
{{tradini|Termos descendentes de ''laboratorio''}}
* {{trad|pap|laboratorio}}
{{tradfim}}
=={{pronúncia|es}}==
* [[AFI]]: {{AFI|/la.βo.ɾa.ˈto.ɾjo/|lang=es}}
* [[X-SAMPA]]: /la.Bo.4a.&quot;to.4jo/
==Ver também==
===No Wikcionário===
{{verTambém.Ini}}
* [[experimento#{{es}}|experimento]]
{{verTambém.Fim}}
==Ligações externas==
===Referências===
{{verTambém.Ini}}
* {{DLE-RAE}}
* {{DEE}}
{{verTambém.Fim}}
{{categorias|{{es}}|Substantivo|Entrada com imagem}}
={{-eo-}}=
{{Wikipédia|lang=eo}}
==Substantivo==
{{paroxítona|la|bo|ra|to|ri|o|lang=eo}}
# {{escopo|eo|ciência}} [[laboratório]]
===Sinônimos===
* {{link opcional|esplorejo|eo}}
===Declinação===
{{decl.eo.subst}}
==Etimologia==
{{llietimo|de|Laboratorium|eo|ponto=n}}, do {{etm|fr|eo}} {{etimo|fr|laboratoire}}, do {{etm|en|eo}} {{etimo|en|laboratory}}, do {{etm|it|eo}} {{etimo|it|laboratorio}}, do {{etm|lt|eo}} {{etimo|lt|laboratorija}}, do {{etm|pl|eo}} {{etimo|pl|laboratorium}} e do {{etm|ru|eo}} {{etimo|ru|лаборатория}}.
:* '''Morfologia''': raiz {{etimo|eo|laboratori}} + sufixo {{etimo|eo|-o}}.
=={{pronúncia|eo}}==
* [[AFI]]: {{AFI|/la.bo.ɾa.to.ˈɾi.o/}}
* [[X-SAMPA]]: /la.bo.4a.to.&quot;4i.o/
==Ver também==
===No Wikcionário===
{{verTambém.Ini}}
* {{link opcional|esploro|eo}}
* {{link opcional|laboratoria|eo}}
{{verTambém.NovaColuna|50}}
* {{link opcional|laboratorie|eo}}
* {{link opcional|laboro|eo}}
{{verTambém.Fim}}
==Ligações externas==
===Referências===
{{verTambém.Ini}}
* [http://vortaro.esperanto.org.br] ''Dicionário de Túlio Flores Português-Esperanto / Esperanto-Português''
* &lt;span style=&quot;color:#555;&quot;&gt;(em esperanto)&lt;/span&gt; “[http://www.akademio-de-esperanto.org/akademia_vortaro/index.html?serchas=1&amp;id=2458&amp;va=1&amp;tradukopt=1 laboratorio]” no ''Akademia Vortaro'' {''[[w:Akademio de Esperanto|Akademio de Esperanto]]'')
* &lt;span style=&quot;color:#555;&quot;&gt;(em esperanto)&lt;/span&gt; “[http://www.reta-vortaro.de/revo/art/labora.html#labora.0o laboratorio]” no ''[http://www.reta-vortaro.de/revo/ Reta Vortaro]''
* &lt;span style=&quot;color:#555;&quot;&gt;(em inglês)&lt;/span&gt; [http://archive.org/details/EsperantoEtymologicalDictionary] Rajki, A.. ''Esperanto Etymological Dictionary''. 2006.
{{verTambém.Fim}}
{{categorias|{{eo}}|Substantivo|Entrada de étimo latino|Entrada com imagem}}
={{-fi-}}=
{{Wikipédia|lang=fi}}
==Substantivo==
'''{{grifar|la}}.bo.ra.to.ri.o'''
# {{escopo|fi|ciência}} [[laboratório]]
===Sinônimos===
* [[labra#{{fi}}|labra]]
===Declinação===
{{decl.fi.subst.3}}
===Termos derivados===
{{verTambém.Ini}}
* {{link opcional|laboratorioanalyytikko}}
* {{link opcional|laboratoriohiiri}}
{{verTambém.NovaColuna|33}}
* {{link opcional|laboratoriohoitaja}}
* {{link opcional|laboratorioinsinööri}}
{{verTambém.NovaColuna|33}}
* {{link opcional|laboratoriotutkimus}}
{{verTambém.Fim}}
==Etimologia==
:Do [[latim medieval]] {{etimo|la|laboratorium}}.
=={{pronúncia|fi}}==
* [[AFI]]: {{AFI|/ˈlɑ.bo.ra.ˌto.ri.o/}}
* [[X-SAMPA]]: /&quot;lA.bo.ra.%to.ri.o/
==Ver também==
===No Wikcionário===
{{verTambém.Ini}}
* {{link opcional|koe|fi}}
{{verTambém.Fim}}
==Ligações externas==
===Referências===
{{verTambém.Ini}}
* &lt;span style=&quot;color:#555;&quot;&gt;(em finlandês)&lt;/span&gt; “[http://www.suomisanakirja.fi/laboratorio laboratorio]” no ''Suomi Sanakirja''
{{verTambém.Fim}}
{{categorias|{{fi}}|Substantivo|Entrada de étimo latino|Cognato|Entrada com imagem}}
={{-gl-}}=
{{Wikipédia|lang=gl}}
==Substantivo==
{{flex.gl|ms=laboratorio|mp=laboratorios|ms-div=la.bo.ra.{{grifar|to}}.rio|mp-div=la.bo.ra.{{grifar|to}}.rios}}
{{paroxítona|la|bo|ra|to|rio|lang=gl}} {{g|m}}
# {{escopo|gl|ciência}} [[laboratório]]
===Locuções e expressões===
* '''laboratorio de idiomas''': {{link opcional|laboratório de idiomas}}
==Etimologia==
:Do [[latim medieval]] {{etimo|la|laboratorium}}.
=={{pronúncia|gl}}==
* [[AFI]]: {{AFI|/la.βo.ɾa.ˈtɔ.ɾjo/|lang=es}}
* [[X-SAMPA]]: /la.Bo.4a.&quot;tO.4jo/
==Ver também==
===No Wikcionário===
{{verTambém.Ini}}
* [[experimento#{{gl}}|experimento]]
* {{link opcional|investigación|gl}}
{{verTambém.Fim}}
===Referências===
{{verTambém.Ini}}
* &lt;span style=&quot;color:#555;&quot;&gt;(em galego)&lt;/span&gt; “[http://sli.uvigo.gal/dicionario/dic.php?cadea_busca=laboratory&amp;lingua_busca=en&amp;tipo_busca=exacta laboratorio]” no ''Dicionario CLUVI inglés-galego, 2ª edición revisada'' (''[https://web.archive.org/web/20180313150410/http://sli.uvigo.gal/ SLI]'')
* {{DRAG}}
{{verTambém.Fim}}
{{categorias|{{gl}}|Substantivo|Entrada de étimo latino|Cognato|Entrada com imagem}}
={{-io-}}=
{{Wikipédia|lang=io}}
==Substantivo==
{{flex.io|s=laboratorio|p=laboratorii|s-div=la.bo.ra.{{grifar|to}}.rio|p-div=la.bo.ra.{{grifar|to}}.ri.i}}
{{paroxítona|la|bo|ra|to|rio|lang=it}}
# {{escopo|io|ciência}} [[laboratório]]
{{limpar}}
==Etimologia==
:Do [[latim medieval]] {{etimo|la|laboratorium}}.
:* '''Morfologia''': raiz {{etimo|io|laboratori}} + sufixo {{etimo|io|-o}}.
=={{pronúncia|io}}==
* [[AFI]]: {{AFI|/la.bo.ɾa.ˈto.ɾjo/}}
* [[X-SAMPA]]: /la.bo.4a.&quot;to.4jo/
==Ver também==
===No Wikcionário===
{{verTambém.Ini}}
* {{link opcional|analizo|io}}
* {{link opcional|laboratoriala|io}}
{{verTambém.NovaColuna|34}}
* {{link opcional|laboratoriisto|io}}
* {{link opcional|laboreyo|io}}
{{verTambém.NovaColuna|33}}
* [[probo#{{io}}|probo]]
* {{link opcional|serchado|io}}
{{verTambém.Fim}}
==Ligações externas==
===Referências===
{{verTambém.Ini}}
* &lt;span style=&quot;color:#555;&quot;&gt;(em italiano)&lt;/span&gt; “[http://www.europa.idolinguo.com/Italia/dicionarioitaido2006.pdf]” ''Dizionario italiano-ido'', de Paolo Lusana (versão atualizada de 2008)
{{verTambém.Fim}}
{{categorias|{{io}}|Substantivo|Entrada de étimo latino|Cognato|Entrada com imagem}}
={{-ia-}}=
==Substantivo==
{{flex.ia|s=laboratorio|p=laboratorios|s-div=la.bo.ra.{{grifar|to}}.rio|p-div=la.bo.ra.{{grifar|to}}.rios}}
{{paroxítona|la|bo|ra|to|rio|lang=ia}}
# {{escopo|ia|ciência}} [[laboratório]]
{{limpar}}
===Termos derivados===
{{verTambém.Ini}}
* {{link opcional|laboratorial|ia}}
{{verTambém.Fim}}
==Etimologia==
:Do [[latim medieval]] {{etimo|la|laboratorium}}.
=={{pronúncia|ia}}==
* [[AFI]]: {{AFI|/la.bo.ɾa.ˈto.ɾjo/}}
* [[X-SAMPA]]: /la.bo.4a.&quot;to.4jo/
==Ver também==
===No Wikcionário===
{{verTambém.Ini}}
* [[labor#{{ia}}|labor]]
* {{link opcional|recerca|ia}}
{{verTambém.Fim}}
===Referências===
{{verTambém.Ini}}
* &lt;span style=&quot;color:#555;&quot;&gt;(em inglês)&lt;/span&gt; “[http://www.interlingua.com/ied/cerca?edit%5Bkeys%5D=laboratorio laboratorio]” no ''Interlingua-English Dictionary'' (''[[w:Union Mundial pro Interlingua|UMI]]'')
{{verTambém.Fim}}
{{categorias|{{ia}}|Substantivo|Entrada de étimo latino|Cognato|Entrada com imagem}}
={{-it-}}=
{{Wikipédia|lang=it}}
==Substantivo==
{{flex.it|ms=laboratorio|mp=laboratori|ms-div=la.bo.ra.{{grifar|to}}.rio|mp-div=la.bo.ra.{{grifar|to}}.ri}}
{{paroxítona|la|bo|ra|to|rio|lang=it}} {{g|m}}
# {{escopo|it|ciência}} [[laboratório]]
# [[oficina]] para {{l.s.|trabalho}}s {{o/a|artesana|is|l}} ou de {{l.s.|reparo}}
===Locuções e expressões===
* '''laboratorio linguistico''': {{link opcional|laboratório de idiomas}}
===Termos derivados===
{{verTambém.Ini}}
* {{link opcional|laboratorista|it}}
{{verTambém.Fim}}
==Etimologia==
:Do [[latim medieval]] {{etimo|la|laboratorium}}.
:* '''[[datação|Datação]]''': [[w:Século XVII|século XVII]]
=={{pronúncia|it}}==
* [[AFI]]: {{AFI|/la.bo.ɾa.ˈtɔː.ɾjo/|lang=it}}
* [[X-SAMPA]]: /la.bo.4a.&quot;tO.4jo/
==Ver também==
===No Wikcionário===
{{verTambém.Ini}}
* {{link opcional|esperimento|it}}
* {{link opcional|misura|it}}
* {{link opcional|ricerca|it}}
{{verTambém.Fim}}
===Referências===
{{verTambém.Ini}}
* &lt;span style=&quot;color:#555;&quot;&gt;(em italiano)&lt;/span&gt; etimologia de “[http://www.etimo.it/?term=laboratorio laboratorio]” no ''Dizionario Etimologico Online''
* &lt;span style=&quot;color:#555;&quot;&gt;(em italiano)&lt;/span&gt; “[http://www.grandidizionari.it/Dizionario_Italiano/parola/L/laboratorio.aspx laboratorio]” no ''Dizionario Italiano'' (''HOEPLI'')
* &lt;span style=&quot;color:#555;&quot;&gt;(em italiano)&lt;/span&gt; “[http://dizionari.corriere.it/dizionario_italiano/L/laboratorio.shtml laboratorio]” no ''Il Sabatini Coletti - Dizionario della Lingua Italiana''
* {{MDEI}}
{{verTambém.Fim}}
{{categorias|{{it}}|Substantivo|Entrada de étimo latino|Cognato|Século XVII|Entrada com imagem}}
={{-la-}}=
==Forma de substantivo==
{{paroxítona|la|bō|rā|tō|riō|lang=la}} {{g|n}}
# forma {{o/a|dativ}} singular de '''''[[laboratorium]]'''''
# forma {{o/a|ablativ}} singular de '''''laboratorium'''''
{{avi-for-fle|laboratorium|lang=la}}
=={{pronúncia|la}}==
* [[AFI]]: {{AFI|/ɫa.boː.raː.ˈtoː.ri.oː/|lang=la}}
* [[X-SAMPA]]: /5a.bo.ra.&quot;to:.ri.o:/
{{categorias|{{la}}|Forma de substantivo}}
={{-pap-}}=
==Substantivo==
'''la.bo.ra.to.rio'''
# {{escopo|pap|ciência}} [[laboratório]]
==Etimologia==
{{llietimo|es|laboratorio|pap}}
{{categorias|{{pap}}|Substantivo|Polissílabo|Entrada com imagem}}</text>
<sha1>hvw9xwzdwik3r0af6ttjf1nymmegf1i</sha1>
</revision>
</page>
