<page>
<page>
<title>labores</title>
<ns>0</ns>
<id>334122</id>
<revision>
<id>2367809</id>
<parentid>2214737</parentid>
<timestamp>2017-05-03T18:58:25Z</timestamp>
<contributor>
<username>HydrizBot</username>
<id>29590</id>
</contributor>
<minor />
<comment>Robô: A limpar links interwikis antigos</comment>
<model>wikitext</model>
<format>text/x-wiki</format>
<text bytes="162" xml:space="preserve">={{-pt-}}=
==Forma de substantivo==
{{paroxítona|la|bo|res}}, {{m}}
# plural de [[labor]]
{{avi-for-fle|labor}}
[[Categoria:Forma de substantivo (Português)]]</text>
<sha1>t1istr23xdyqznkpmst07jf0alqi1gs</sha1>
</revision>
