<page>
<title>labor</title>
<ns>0</ns>
<id>8589</id>
<revision>
<id>2514805</id>
<parentid>2514804</parentid>
<timestamp>2018-08-06T20:52:53Z</timestamp>
<contributor>
<username>Tribuno da Plebe</username>
<id>16095</id>
</contributor>
<minor />
<model>wikitext</model>
<format>text/x-wiki</format>
<text bytes="940" xml:space="preserve">={{-pt-}}=
==Substantivo==
{{flex.pt|ms=labor|mp=labores}}
{{oxítona|la|bor}}, {{g|m}}
# [[trabalho]] [[penoso]] e [[demorado]]; [[labuta]], [[laboração]], [[lavor]]
===Expressões===
* '''[[labor infantil]]''': 
=={{etimologia|pt}}==
{{llietimo|la|labor|pt}}
[[Categoria:Substantivo (Português)]]
={{-en-}}=
{{AmE|labour}}
==Adjetivo==
'''labor'''
# [[trabalhista]]
==Substantivo==
{{flex.en|s=labor|p=labors}}
'''labor'''
# [[labor#{{pt}}|labor]]; [[lavor]]; [[trabalho]]
# [[tarefa]]
# [[ocupação]]
[[Categoria:Adjetivo (Inglês)]]
[[Categoria:Substantivo (Inglês)]]
={{-la-}}=
==Verbo==
''presente ativo'' '''labor''', ''infinitivo presente'' '''[[labi]]''', ''pretérito perfeito ativo'' '''[[lapsus sum]]''' (deponente)
# [[escorregar]], [[cair]]
# [[deslizar]], [[fluir]]
# [[errar]], [[enganar]]-se
# [[enfraquecer]], [[decair]]
=={{pronúncia|la}}==
* AFI: /ˈlaː.bor/, /ˈɫaː.bɔr/.
[[Categoria:Verbo (Latim)]]</text>
<sha1>3k91ei5tpkqt84mxpn0m5cxmkqkye8t</sha1>
</revision>
</page>
