<page>
<title>laborámos</title>
<ns>0</ns>
<id>311104</id>
<revision>
<id>2546412</id>
<parentid>1654420</parentid>
<timestamp>2019-06-12T19:32:20Z</timestamp>
<contributor>
<username>ValJor</username>
<id>1358</id>
</contributor>
<comment>Acrescentando a predefinição avi-for-fle</comment>
<model>wikitext</model>
<format>text/x-wiki</format>
<text bytes="263" xml:space="preserve">={{-pt-}}=
==Forma verbal==
{{paroxítona|la|bo|rá|mos}}
# {{escopo2|grafia lusitana}} primeira pessoa do plural do pretérito perfeito do indicativo do verbo [[laborar]]
{{avi-for-fle|laborar}}
[[Categoria:Forma verbal (Português)]]
[[Categoria:Lusitanismo]]</text>
<sha1>l3s9hmpato71h1ziij6i5r9mvluga63</sha1>
</revision>
</page>
