<page>
<title>laboriganta</title>
<ns>0</ns>
<id>247776</id>
<revision>
<id>2061388</id>
<parentid>1589168</parentid>
<timestamp>2016-02-07T17:43:53Z</timestamp>
<contributor>
<username>Defender</username>
<id>15952</id>
</contributor>
<comment>Verbete [[:Categoria:!Página com idioma não informado em Predefinição:etimologia|sem indicação do idioma na seção de etimologia]]</comment>
<model>wikitext</model>
<format>text/x-wiki</format>
<text bytes="357" xml:space="preserve">={{-eo-}}=
==Forma verbal==
'''la.bo.ri.{{grifar|gan}}.ta'''
# [[particípio]] [[ativo]] [[do]] [[presente]] do [[verbo]] '''''[[laborigi]]'''''
===Conjugação===
{{conj.eo|laborig}}
=={{etimologia|eo}}==
{{etimo.eo|labor|-ig-|-ant-|-a}}
[[Categoria:Forma verbal (Esperanto)]]
[[Categoria:Polissílabo (Esperanto)]]
[[Categoria:Paroxítona (Esperanto)]]</text>
<sha1>on6r40uiagav2qe6an897x9tjw6nsmp</sha1>
</revision>
</page>
