<page>
<page>
<title>laboros</title>
<ns>0</ns>
<id>247761</id>
<revision>
<id>2367821</id>
<parentid>2204745</parentid>
<timestamp>2017-05-03T18:59:07Z</timestamp>
<contributor>
<username>HydrizBot</username>
<id>29590</id>
</contributor>
<minor />
<comment>Robô: A limpar links interwikis antigos</comment>
<model>wikitext</model>
<format>text/x-wiki</format>
<text bytes="301" xml:space="preserve">={{-eo-}}=
==Forma verbal==
'''la.{{grifar|bo}}.ros'''
# [[futuro]] do [[verbo]] '''''[[labori]]'''''
===Conjugação===
{{conj.eo|labor}}
=={{etimologia|eo}}==
{{etimo.eo|labor|-os}}
[[Categoria:Forma verbal (Esperanto)]]
[[Categoria:Trissílabo (Esperanto)]]
[[Categoria:Paroxítona (Esperanto)]]</text>
<sha1>ta4wdmu37j2n9mvq82jpnrydtamqjio</sha1>
</revision>
