<page>
<title>laborinta</title>
<ns>0</ns>
<id>247764</id>
<revision>
<id>2367811</id>
<parentid>2061400</parentid>
<timestamp>2017-05-03T18:58:33Z</timestamp>
<contributor>
<username>HydrizBot</username>
<id>29590</id>
</contributor>
<minor />
<comment>Robô: A limpar links interwikis antigos</comment>
<model>wikitext</model>
<format>text/x-wiki</format>
<text bytes="344" xml:space="preserve">={{-eo-}}=
==Forma verbal==
'''la.bo.{{grifar|rin}}.ta'''
# [[particípio]] [[ativo]] [[do]] [[passado]] do [[verbo]] '''''[[labori]]'''''
===Conjugação===
{{conj.eo|labor}}
=={{etimologia|eo}}==
{{etimo.eo|labor|-int-|-a}}
[[Categoria:Forma verbal (Esperanto)]]
[[Categoria:Polissílabo (Esperanto)]]
[[Categoria:Paroxítona (Esperanto)]]</text>
<sha1>09zm3z8sqyma1qdp8rkuej10dxem4cz</sha1>
</revision>
</page>
