<page>
<page>
<title>laborigus</title>
<ns>0</ns>
<id>247774</id>
<revision>
<id>2061399</id>
<parentid>1589190</parentid>
<timestamp>2016-02-07T17:49:03Z</timestamp>
<contributor>
<username>Defender</username>
<id>15952</id>
</contributor>
<comment>Verbete [[:Categoria:!Página com idioma não informado em Predefinição:etimologia|sem indicação do idioma na seção de etimologia]]</comment>
<model>wikitext</model>
<format>text/x-wiki</format>
<text bytes="319" xml:space="preserve">={{-eo-}}=
==Forma verbal==
'''la.bo.{{grifar|ri}}.gus'''
# [[condicional]] do [[verbo]] '''''[[laborigi]]'''''
===Conjugação===
{{conj.eo|laborig}}
=={{etimologia|eo}}==
{{etimo.eo|labor|-ig-|-us}}
[[Categoria:Forma verbal (Esperanto)]]
[[Categoria:Polissílabo (Esperanto)]]
[[Categoria:Paroxítona (Esperanto)]]</text>
<sha1>imtt5r27awgh7yrn0soarniscrdlfhm</sha1>
</revision>
