<page>
<title>laborata</title>
<ns>0</ns>
<id>247768</id>
<revision>
<id>2367804</id>
<parentid>2214747</parentid>
<timestamp>2017-05-03T18:58:03Z</timestamp>
<contributor>
<username>HydrizBot</username>
<id>29590</id>
</contributor>
<minor />
<comment>Robô: A limpar links interwikis antigos</comment>
<model>wikitext</model>
<format>text/x-wiki</format>
<text bytes="345" xml:space="preserve">={{-eo-}}=
==Forma verbal==
'''la.bo.{{grifar|ra}}.ta'''
# [[particípio]] [[passivo]] [[do]] [[presente]] do [[verbo]] '''''[[labori]]'''''
===Conjugação===
{{conj.eo|labor}}
=={{etimologia|eo}}==
{{etimo.eo|labor|-at-|-a}}
[[Categoria:Forma verbal (Esperanto)]]
[[Categoria:Polissílabo (Esperanto)]]
[[Categoria:Paroxítona (Esperanto)]]</text>
<sha1>os2fq9iseq8zhip0vo3jgn517xz0ud6</sha1>
</revision>
</page>
