<page>
<page>
<title>laboratório</title>
<ns>0</ns>
<id>83822</id>
<revision>
<id>2367807</id>
<parentid>2228846</parentid>
<timestamp>2017-05-03T18:58:18Z</timestamp>
<contributor>
<username>HydrizBot</username>
<id>29590</id>
</contributor>
<minor />
<comment>Robô: A limpar links interwikis antigos</comment>
<model>wikitext</model>
<format>text/x-wiki</format>
<text bytes="2306" xml:space="preserve">{{Wikipédia}}
={{-pt-}}=
==Substantivo==
{{flex.pt|ms=laboratório|mp=laboratórios}}
{{proparoxítona aparente|la|bo|ra|tó|ri|o}}, {{g|m}}
# [[local]] [[equipar|equipado]] para [[realizar]] [[experiência]]s e [[investigação|investigações]] [[científico|científicas]] ou para [[manufaturar]] [[produto]]s [[químico]]s, [[remédio]]s, etc
# local onde se [[desenvolver|desenvolvem]] [[filme]]s [[fotográfico]]s
===Tradução===
{{tradini}}
* {{trad|af|laboratorium}}
* {{trad|sq|laborator}}
* {{trad|de|Laboratorium|Labor}}
* {{trad|ar|مختبر}}
* {{trad|an|laboratorio}}
* {{trad|hy|լաբորատոր}}
* {{trad|ast|llaboratoriu}}
* {{trad|eu|laborategi}}
* {{trad|br|labourva}}
* {{trad|bg|лаборатория}}
* {{trad|ca|laboratori}}
* {{trad|cs|laboratoř}}
* {{trad|zh|實驗室}}
* {{trad|da|laboratorium|værksted}}
* {{trad|sl|laboratorij}}
* {{trad|es|laboratorio}}
* {{trad|eo|laboratorio}}
* {{trad|fi|laboratorio}}
* {{trad|fr|laboratoire}}
* {{trad|gd|deuchainnlann}}
* {{trad|gl|laboratorio}}
* {{trad|cy|labordy}}
* {{trad|gn|kuaaha’arã}}
{{tradmeio}}
* {{trad|gu|પ્રયોગશાળા}}
* {{trad|he|מעבדה}}
* {{trad|hi|प्रयोगशाला}}
* {{trad|nl|laboratorium}}
* {{trad|io|laboratorio}}
* {{trad|id|laboratorium}}
* {{trad|en|laboratory}}
* {{trad|ga|saotharlann}}
* {{trad|it|laboratorio}}
* {{trad|ja|実験室|研究室}}
* {{trad|la|officina}}
* {{trad|lt|laboratorija}}
* {{trad|mr|प्रयोगशाळा}}
* {{trad|fa|کارگاه|اتاق کار|کارخانه|آزمايشگاه}}
* {{trad|pms|laboratòri}}
* {{trad|pl|laboratorium|warsztat|seminarium}}
* {{trad|ro|laborator}}
* {{trad|ru|лаборатория}}
* {{trad|sa|प्रयोगशाला}}
* {{trad|sv|laboratorium}}
* {{trad|val|laboratòri}}
{{tradfim}}
===Verbetes derivados===
{{verTambém.Ini}}
* [[laboratorial]]
{{verTambém.NovaColuna}}
* [[laboratorista]]
{{verTambém.Fim}}
=={{etimologia|pt}}==
: Do latim medieval ''laboratoriu''.
==Ver também==
===No Wikcionário===
{{verTambém.Ini}}
* [[bancada]]
* [[bécher]]
{{verTambém.NovaColuna}}
* [[biotério]]
* [[cobaia]]
{{verTambém.NovaColuna}}
* [[estufa]]
* [[tamis]]
{{verTambém.Fim}}
[[Categoria:Substantivo (Português)]]
[[Categoria:Entrada de étimo latino (Português)]]</text>
<sha1>secy2ryakmaqkiieca3lwa7aynh6y30</sha1>
</revision>
