<page>
<title>laborita</title>
<ns>0</ns>
<id>247767</id>
<revision>
<id>2367818</id>
<parentid>2063580</parentid>
<timestamp>2017-05-03T18:58:56Z</timestamp>
<contributor>
<username>HydrizBot</username>
<id>29590</id>
</contributor>
<minor />
<comment>Robô: A limpar links interwikis antigos</comment>
<model>wikitext</model>
<format>text/x-wiki</format>
<text bytes="344" xml:space="preserve">={{-eo-}}=
==Forma verbal==
'''la.bo.{{grifar|ri}}.ta'''
# [[particípio]] [[passivo]] [[do]] [[passado]] do [[verbo]] '''''[[labori]]'''''
===Conjugação===
{{conj.eo|labor}}
=={{etimologia|eo}}==
{{etimo.eo|labor|-it-|-a}}
[[Categoria:Forma verbal (Esperanto)]]
[[Categoria:Polissílabo (Esperanto)]]
[[Categoria:Paroxítona (Esperanto)]]</text>
<sha1>iundskt68lnm6r5sc8adlmr4cy0y3vd</sha1>
</revision>
</page>
