<page>
<page>
<title>laboras</title>
<ns>0</ns>
<id>247759</id>
<revision>
<id>2367803</id>
<parentid>2214759</parentid>
<timestamp>2017-05-03T18:58:01Z</timestamp>
<contributor>
<username>HydrizBot</username>
<id>29590</id>
</contributor>
<minor />
<comment>Robô: A limpar links interwikis antigos</comment>
<model>wikitext</model>
<format>text/x-wiki</format>
<text bytes="303" xml:space="preserve">={{-eo-}}=
==Forma verbal==
'''la.{{grifar|bo}}.ras'''
# [[presente]] do [[verbo]] '''''[[labori]]'''''
===Conjugação===
{{conj.eo|labor}}
=={{etimologia|eo}}==
{{etimo.eo|labor|-as}}
[[Categoria:Forma verbal (Esperanto)]]
[[Categoria:Trissílabo (Esperanto)]]
[[Categoria:Paroxítona (Esperanto)]]</text>
<sha1>o0of7ov6jfnflmz4ju48sr4zv3dq7d3</sha1>
</revision>
