<page>
<page>
<title>labol</title>
<ns>0</ns>
<id>271904</id>
<revision>
<id>2367795</id>
<parentid>1776943</parentid>
<timestamp>2017-05-03T18:57:33Z</timestamp>
<contributor>
<username>HydrizBot</username>
<id>29590</id>
</contributor>
<minor />
<comment>Robô: A limpar links interwikis antigos</comment>
<model>wikitext</model>
<format>text/x-wiki</format>
<text bytes="455" xml:space="preserve">={{-vo-}}=
==Forma verbal==
'''la.{{grifar|bol}}'''
# {{l.s.|forma}} [[ativo|ativa]] [[da]] [[segundo|segunda]] [[pessoa]] [[do]] [[singular]] do {{l.s.|presente}} do [[verbo]] '''''[[labön]]'''''.
=={{etimologia|vo}}==
:Do [[radical]] ''lab'' + {{etimo|vo|-ol}}.
=={{pronúncia|vo}}==
* [[AFI]]: {{AFI|/la.ˈbol/}}
* [[X-SAMPA]]: /la.&quot;bol/
[[Categoria:Forma verbal (Volapuque)]]
[[Categoria:Dissílabo (Volapuque)]]
[[Categoria:Oxítona (Volapuque)]]</text>
<sha1>el80ze19qyb3mwtt80k6hu82v3phlxw</sha1>
</revision>
