<page>
<title>laboranta</title>
<ns>0</ns>
<id>247765</id>
<revision>
<id>2367801</id>
<parentid>2062080</parentid>
<timestamp>2017-05-03T18:57:52Z</timestamp>
<contributor>
<username>HydrizBot</username>
<id>29590</id>
</contributor>
<minor />
<comment>Robô: A limpar links interwikis antigos</comment>
<model>wikitext</model>
<format>text/x-wiki</format>
<text bytes="345" xml:space="preserve">={{-eo-}}=
==Forma verbal==
'''la.bo.{{grifar|ran}}.ta'''
# [[particípio]] [[ativo]] [[do]] [[presente]] do [[verbo]] '''''[[labori]]'''''
===Conjugação===
{{conj.eo|labor}}
=={{etimologia|eo}}==
{{etimo.eo|labor|-ant-|-a}}
[[Categoria:Forma verbal (Esperanto)]]
[[Categoria:Polissílabo (Esperanto)]]
[[Categoria:Paroxítona (Esperanto)]]</text>
<sha1>m53nn6sbvjfx8ebcsbl2lzgdya7u72d</sha1>
</revision>
</page>
