<page>
<page>
<title>labrosco</title>
<ns>0</ns>
<id>376479</id>
<revision>
<id>2256553</id>
<timestamp>2017-03-26T21:36:43Z</timestamp>
<contributor>
<username>Cpls</username>
<id>20608</id>
</contributor>
<comment>[[Ajuda:Guia de edição/Menus e ferramentas/Sumário de edição|→]] nova página: ={{-pt-}}= ==Substantivo== {{flex.pt|ms=labrosco|mp=labroscos}} {{paroxítona|la|bros|co}}, {{g|m}} # {{escop...</comment>
<model>wikitext</model>
<format>text/x-wiki</format>
<text bytes="342" xml:space="preserve">={{-pt-}}=
==Substantivo==
{{flex.pt|ms=labrosco|mp=labroscos}}
{{paroxítona|la|bros|co}}, {{g|m}}
# {{escopo|pt|Trás-os-Montes}} [[labrego]], pessoa rural que trabalha na agricultura
===Sinónimos===
* [[labroscas]]
=={{etimologia|pt}}==
{{llietimo|la|labruscum|pt}} Confronte-se com [[labrusco]].
[[Categoria:Substantivo (Português)]]</text>
<sha1>mgg55qvfww9c4eqp1kfwwo6r79k453u</sha1>
</revision>
