<page>
<title>labro</title>
<ns>0</ns>
<id>334501</id>
<revision>
<id>2466771</id>
<parentid>2466770</parentid>
<timestamp>2017-12-04T12:48:52Z</timestamp>
<contributor>
<username>Cpls</username>
<id>20608</id>
</contributor>
<model>wikitext</model>
<format>text/x-wiki</format>
<text bytes="368" xml:space="preserve">={{-gl-}}=
==Substantivo==
{{flex.gl|ms=labro|mp=labros}}
{{paroxítona|la|bro|lang=gl}}, {{g|m|lang=gl}}
# {{escopo|gl|Arcaísmo}} [[lábio]]
# lábio superior dos animais
===Sinónimos===
* [[beiço#{{gl}}|beiço]], [[labre#Galego|labre]]
=={{etimologia|gl}}==
{{llietimo|la|labrum|gl}}
===Homófono===
* [[lavro#{{gl}}|lavro]]
[[Categoria:Substantivo (Galego)]]</text>
<sha1>gylcm0e8r9f5nv8zk6f69d6dlvrsgtk</sha1>
</revision>
</page>
