<page>
<title>labrusca</title>
<ns>0</ns>
<id>387028</id>
<revision>
<id>2572298</id>
<parentid>2466769</parentid>
<timestamp>2020-01-23T22:28:44Z</timestamp>
<contributor>
<ip>2804:14D:5482:91CC:1DF3:D71D:6A8A:D021</ip>
</contributor>
<comment>/* Substantivotivo */</comment>
<model>wikitext</model>
<format>text/x-wiki</format>
<text bytes="566" xml:space="preserve">={{-pt-}}=
==Adjetivo==
{{flex.pt|ms=labrusco|mp=labruscos|fs=labrusca|fp=labrusca}}
{{paroxítona|la|brus|ca}}
# [[silvestre]], agreste
# {{escopo|pt|pejorativo}} [[rústico|rústica]]; pouco inteligente
==Substantivo==
{{flex.pt|fs=labrusca|fp=labruscas}}
{{paroxítona|la|brus|ca}}, {{g|f}}
# {{escopo|pt|Planta}} [[casta]] de videira de uva preta e pequena
===Sinónimos===
* [[casteloa]], [[castelã]], [[labrusco]], [[trincadeira]]
=={{etimologia|pt}}==
{{llietimo|la|labrusca|pt}}
[[Categoria:Adjetivo (Português)]]
[[Categoria:Substantivo (Português)]]</text>
<sha1>iu5mxaatviu0mnc55d52uidtr09eg0i</sha1>
</revision>
</page>
