<page>
<page>
<title>labregámos</title>
<ns>0</ns>
<id>311105</id>
<revision>
<id>2546405</id>
<parentid>1654421</parentid>
<timestamp>2019-06-12T19:04:05Z</timestamp>
<contributor>
<username>ValJor</username>
<id>1358</id>
</contributor>
<comment>Acrescentando a predefinição avi-for-fle</comment>
<model>wikitext</model>
<format>text/x-wiki</format>
<text bytes="266" xml:space="preserve">={{-pt-}}=
==Forma verbal==
{{paroxítona|la|bre|gá|mos}}
# {{escopo2|grafia lusitana}} primeira pessoa do plural do pretérito perfeito do indicativo do verbo [[labregar]]
{{avi-for-fle|labregar}}
[[Categoria:Forma verbal (Português)]]
[[Categoria:Lusitanismo]]</text>
<sha1>4n189nilb271ub98qv7le8p318gwxir</sha1>
</revision>
