<page>
<title>labrestar</title>
<ns>0</ns>
<id>314827</id>
<revision>
<id>1679583</id>
<timestamp>2013-04-15T14:53:04Z</timestamp>
<contributor>
<username>ValJor</username>
<id>1358</id>
</contributor>
<comment>Por um [[Especial:Lonelypages|wikcionário sem órfãos]]: [[labrestámos]]</comment>
<model>wikitext</model>
<format>text/x-wiki</format>
<text bytes="213" xml:space="preserve">={{-pt-}}=
==Verbo==
{{oxítona|la|bres|tar}}, ''v. t.''
# {{escopo|Trás-os-Montes}} [[roubar]]
===Conjugação===
{{conj/pt|labrest|ar}}
[[Categoria:Verbo (Português)]]
[[Categoria:Regionalismo (Português)]]</text>
<sha1>35jcr3bht5fi1onr0404gqh9mv3wpc5</sha1>
</revision>
</page>
