<page>
<title>labra</title>
<ns>0</ns>
<id>334503</id>
<revision>
<id>2367829</id>
<parentid>2165383</parentid>
<timestamp>2017-05-03T18:59:32Z</timestamp>
<contributor>
<username>HydrizBot</username>
<id>29590</id>
</contributor>
<minor />
<comment>Robô: A limpar links interwikis antigos</comment>
<model>wikitext</model>
<format>text/x-wiki</format>
<text bytes="328" xml:space="preserve">={{-oc-}}=
==Substantivo==
{{flex.gl|fs=labra|fp=labras}}
{{paroxítona|la|bra|lang=oc}}, {{f}}
# [[lábio]]
# [[momice]] desagradável, [[careta]]
===Sinónimos===
: '''De 1 (lábio):'''
* [[pòt#Occitano|pòt]]
=={{etimologia|oc}}==
: Aparentado com o {{etm|la|oc}} {{etimo|la|labrum}}.
[[Categoria:Substantivo (Occitano)]]</text>
<sha1>qytenx4pj4yw38iifsx5qwmwp9lxh7g</sha1>
</revision>
</page>
