<page>
<title>labrador</title>
<ns>0</ns>
<id>366915</id>
<revision>
<id>2367830</id>
<parentid>2226493</parentid>
<timestamp>2017-05-03T18:59:36Z</timestamp>
<contributor>
<username>HydrizBot</username>
<id>29590</id>
</contributor>
<minor />
<comment>Robô: A limpar links interwikis antigos</comment>
<model>wikitext</model>
<format>text/x-wiki</format>
<text bytes="178" xml:space="preserve">={{-pt-}}=
==Substantivo==
{{flex.pt|ms=labrador|mp=-}}
{{oxítona|la|bra|dor}}, {{gramática|m}}
# {{escopo|pt|cinologia}} raça de cães
[[Categoria:Substantivo (Português)]]</text>
<sha1>qwg6r8osp17blvkhhl7begrhe6w8nws</sha1>
</revision>
</page>
