<page>
<page>
<title>labracho</title>
<ns>0</ns>
<id>402385</id>
<revision>
<id>2524184</id>
<timestamp>2018-10-27T14:02:48Z</timestamp>
<contributor>
<username>Cpls</username>
<id>20608</id>
</contributor>
<comment>[[Ajuda:Guia de edição/Menus e ferramentas/Sumário de edição|→]] nova página: ={{-gl-}}= ==Substantivo== {{flex.gl|ms=labracho|mp=labrachos|fs=labracha|fp=labrachas}} {{paroxítona|la|bra...</comment>
<model>wikitext</model>
<format>text/x-wiki</format>
<text bytes="391" xml:space="preserve">={{-gl-}}=
==Substantivo==
{{flex.gl|ms=labracho|mp=labrachos|fs=labracha|fp=labrachas}}
{{paroxítona|la|bra|cho|lang=gl}}
# [[lebracho]], cria de lebre
===Sinónimos===
* [[lebracho#{{gl}}|lebracho]], [[lebrato#{{gl}}|lebrato]], [[lebrel#{{gl}}|lebrel]], [[lebreto#{{gl}}|lebreto]]
=={{etimologia|gl}}==
: Variante de ''[[lebracho#{{gl}}|lebracho]]''.
[[Categoria:Substantivo (Galego)]]</text>
<sha1>15lhbv6xr941hmepkiynyl8dr32gzvw</sha1>
</revision>
