<page>
<title>labroide</title>
<ns>0</ns>
<id>411412</id>
<revision>
<id>2548178</id>
<timestamp>2019-07-02T16:52:04Z</timestamp>
<contributor>
<username>Leonardo José Raimundo</username>
<id>43489</id>
</contributor>
<comment>Eu estou criando a palavra &quot;labroide&quot;.</comment>
<model>wikitext</model>
<format>text/x-wiki</format>
<text bytes="188" xml:space="preserve">={{-pt-}}=
==Substantivo==
{{flex.pt|s=labroide|p=labroides}}
{{paroxítona|la|broi|de}}
# {{escopo|pt|Zoologia}} família de peixes [[teleósteo]]s
[[Categoria:Substantivo (Português)]]</text>
<sha1>suzvo53opb0rl2nubl8d0be24tbhpfy</sha1>
</revision>
</page>
