<page>
<title>labroscas</title>
<ns>0</ns>
<id>376478</id>
<revision>
<id>2256551</id>
<timestamp>2017-03-26T21:29:03Z</timestamp>
<contributor>
<username>Cpls</username>
<id>20608</id>
</contributor>
<comment>[[Ajuda:Guia de edição/Menus e ferramentas/Sumário de edição|→]] nova página: ={{-pt-}}= ==Substantivo== {{flex.pt|s=labroscas|p=labroscas}} {{paroxítona|la|bros|cas}}, {{g|c2g2n}} # {{e...</comment>
<model>wikitext</model>
<format>text/x-wiki</format>
<text bytes="345" xml:space="preserve">={{-pt-}}=
==Substantivo==
{{flex.pt|s=labroscas|p=labroscas}}
{{paroxítona|la|bros|cas}}, {{g|c2g2n}}
# {{escopo|pt|Trás-os-Montes}} [[labrego]], pessoa rural que trabalha na agricultura
===Sinónimos===
* [[labrosco]]
=={{etimologia|pt}}==
{{llietimo|la|labruscum|pt}} Confronte-se com [[labrusco]].
[[Categoria:Substantivo (Português)]]</text>
<sha1>9rens1xmjync85oreabn2l4fnhyv385</sha1>
</revision>
</page>
