<page>
<title>labrestámos</title>
<ns>0</ns>
<id>311106</id>
<revision>
<id>2546170</id>
<parentid>1654422</parentid>
<timestamp>2019-06-10T17:19:53Z</timestamp>
<contributor>
<username>ValJor</username>
<id>1358</id>
</contributor>
<comment>Acrescentando a predefinição avi-for-fle</comment>
<model>wikitext</model>
<format>text/x-wiki</format>
<text bytes="269" xml:space="preserve">={{-pt-}}=
==Forma verbal==
{{paroxítona|la|bres|tá|mos}}
# {{escopo2|grafia lusitana}} primeira pessoa do plural do pretérito perfeito do indicativo do verbo [[labrestar]]
{{avi-for-fle|labrestar}}
[[Categoria:Forma verbal (Português)]]
[[Categoria:Lusitanismo]]</text>
<sha1>2curkwctjj1a0ma9kb2vix1m6v5gmte</sha1>
</revision>
</page>
