<page>
<page>
<title>labrego</title>
<ns>0</ns>
<id>44517</id>
<revision>
<id>2570620</id>
<parentid>2570619</parentid>
<timestamp>2020-01-13T11:54:04Z</timestamp>
<contributor>
<username>Cpls</username>
<id>20608</id>
</contributor>
<comment>/* {{-gl-}} */</comment>
<model>wikitext</model>
<format>text/x-wiki</format>
<text bytes="1070" xml:space="preserve">={{-pt-}}=
==Adjetivo==
{{flex.pt|ms=labrego|mp=labregos|fs=labrega|fp=labregas}}
{{paroxítona|la|bre|go}}
# [[rude]]
# [[malcriado]]
# [[imundo]]
==Substantivo==
{{flex.pt|ms=labrego|mp=labregos|fs=labrega|fp=labregas}}
{{paroxítona|la|bre|go}}
# [[aldeão]]
{{flex.pt|ms=labrego|mp=labregos}}
{{paroxítona|la|bre|go}}, {{g|m}}
#{{cont|2}} tipo de [[arado]]
==Ver também==
===No Wikcionário===
{{verTambém.Ini}}
* [[aldeão]]
{{verTambém.NovaColuna}}
* [[campónio]]
{{verTambém.Fim}}
[[Categoria:Adjetivo (Português)]]
[[Categoria:Substantivo (Português)]]
={{-gl-}}=
==Substantivo==
{{flex.gl|ms=labrego|mp=labregos|fs=labrega|fp=labregas}}
{{paroxítona|la|bre|go|lang=gl}}
# pessoa que [[lavrar|lavra]] a terra, [[agricultor]]
{{flex.gl|ms=labrego|mp=labregos}}
{{paroxítona|la|bre|go|lang=gl}}, {{g|m}}
#{{cont|2}} [[labrego#{{pt}}|labrego]], arado maior que é arrastado por duas parelhas
===Sinónimos===
* De '''1''': [[labreijo#{{gl}}|labreijo]], [[lavrador#{{gl}}|lavrador]]
[[Categoria:Adjetivo (Galego)]]
[[Categoria:Substantivo (Galego)]]</text>
<sha1>t0raxiej5w3ya4njz2yf3vwgsn265q1</sha1>
</revision>
