<page>
<page>
<title>labre</title>
<ns>0</ns>
<id>334505</id>
<revision>
<id>2367831</id>
<parentid>2128480</parentid>
<timestamp>2017-05-03T18:59:40Z</timestamp>
<contributor>
<username>HydrizBot</username>
<id>29590</id>
</contributor>
<minor />
<comment>Robô: A limpar links interwikis antigos</comment>
<model>wikitext</model>
<format>text/x-wiki</format>
<text bytes="299" xml:space="preserve">={{-gl-}}=
==Substantivo==
{{flex.gl|ms=labre|mp=labres}}
{{paroxítona|la|bre|lang=gl}}, {{m}}
# [[lábio]]
===Sinónimos===
# [[beiço]]
=={{etimologia|gl}}==
: Aparentado com o [[latim]] {{etimo|la|labrum}}.
==Ver também==
===No Wikcionário===
# [[labro]]
[[Categoria:Substantivo (Galego)]]</text>
<sha1>4gm74ztkqxaac66u8k5mxl62jfoxd6x</sha1>
</revision>
