<page>
<page>
<title>labutará</title>
<ns>0</ns>
<id>186506</id>
<revision>
<id>2367854</id>
<parentid>1776966</parentid>
<timestamp>2017-05-03T19:00:41Z</timestamp>
<contributor>
<username>HydrizBot</username>
<id>29590</id>
</contributor>
<minor />
<comment>Robô: A limpar links interwikis antigos</comment>
<model>wikitext</model>
<format>text/x-wiki</format>
<text bytes="174" xml:space="preserve">={{-pt-}}=
==Forma verbal==
'''labutará'''
#[[terceira pessoa]] do [[singular]] do [[futuro do presente]] do verbo '''[[labutar]]'''
[[Categoria:Forma verbal (Português)]]</text>
<sha1>jmpc82sahzuvarlbn7816qze957tbmf</sha1>
</revision>
