<page>
<title>labutem</title>
<ns>0</ns>
<id>215907</id>
<revision>
<id>2367871</id>
<parentid>1777028</parentid>
<timestamp>2017-05-03T19:01:25Z</timestamp>
<contributor>
<username>HydrizBot</username>
<id>29590</id>
</contributor>
<minor />
<comment>Robô: A limpar links interwikis antigos</comment>
<model>wikitext</model>
<format>text/x-wiki</format>
<text bytes="371" xml:space="preserve">={{-pt-}}=
==Forma verbal==
'''labutem'''
#[[terceira pessoa]] do [[plural]] do [[presente]] do [[modo subjuntivo]] do verbo '''[[labutar]]'''
#[[terceira pessoa]] do [[plural]] do [[imperativo]] [[afirmativo]] do verbo '''[[labutar]]'''
#[[terceira pessoa]] do [[plural]] do [[imperativo]] [[negativo]] do verbo '''[[labutar]]'''
[[Categoria:Forma verbal (Português)]]</text>
<sha1>8njmsz1ni11s7q56lkpwl35xmv1t8ic</sha1>
</revision>
</page>
