<page>
<page>
<title>labutes</title>
<ns>0</ns>
<id>218725</id>
<revision>
<id>2367874</id>
<parentid>1777026</parentid>
<timestamp>2017-05-03T19:01:31Z</timestamp>
<contributor>
<username>HydrizBot</username>
<id>29590</id>
</contributor>
<minor />
<comment>Robô: A limpar links interwikis antigos</comment>
<model>wikitext</model>
<format>text/x-wiki</format>
<text bytes="278" xml:space="preserve">={{-pt-}}=
==Forma verbal==
'''labutes'''
#[[segunda pessoa]] do [[singular]] do [[presente]] do [[modo subjuntivo]] do verbo '''[[labutar]]'''
#[[segunda pessoa]] do [[singular]] do [[imperativo]] [[negativo]] do verbo '''[[labutar]]'''
[[Categoria:Forma verbal (Português)]]</text>
<sha1>m155o0xqvbskuhjbsvmuiejgfs81szt</sha1>
</revision>
