<page>
<page>
<title>labute</title>
<ns>0</ns>
<id>213106</id>
<revision>
<id>2367868</id>
<parentid>1777031</parentid>
<timestamp>2017-05-03T19:01:17Z</timestamp>
<contributor>
<username>HydrizBot</username>
<id>29590</id>
</contributor>
<minor />
<comment>Robô: A limpar links interwikis antigos</comment>
<model>wikitext</model>
<format>text/x-wiki</format>
<text bytes="407" xml:space="preserve">={{-pt-}}=
==Forma verbal==
'''labute'''
#[[primeira pessoa|primeira]] e [[terceira pessoa]] do [[singular]] do [[presente]] do [[modo subjuntivo]] do verbo '''[[labutar]]'''
#[[terceira pessoa]] do [[singular]] do [[imperativo]] [[afirmativo]] do verbo '''[[labutar]]'''
#[[terceira pessoa]] do [[singular]] do [[imperativo]] [[negativo]] do verbo '''[[labutar]]'''
[[Categoria:Forma verbal (Português)]]</text>
<sha1>3fo5tguw7b4633f8b9pshn1ig1lcvky</sha1>
</revision>
