<page>
<page>
<title>labutando</title>
<ns>0</ns>
<id>155952</id>
<revision>
<id>2367839</id>
<parentid>1776981</parentid>
<timestamp>2017-05-03T18:59:59Z</timestamp>
<contributor>
<username>HydrizBot</username>
<id>29590</id>
</contributor>
<minor />
<comment>Robô: A limpar links interwikis antigos</comment>
<model>wikitext</model>
<format>text/x-wiki</format>
<text bytes="126" xml:space="preserve">={{-pt-}}=
==Forma verbal==
'''labutando'''
#[[gerúndio]] do verbo '''[[labutar]]'''
[[Categoria:Forma verbal (Português)]]</text>
<sha1>cs9iwfrpizkw7c9lmytzsjd7rthaj6k</sha1>
</revision>
