<page>
<page>
<title>labutavas</title>
<ns>0</ns>
<id>161772</id>
<revision>
<id>2367867</id>
<parentid>1777032</parentid>
<timestamp>2017-05-03T19:01:15Z</timestamp>
<contributor>
<username>HydrizBot</username>
<id>29590</id>
</contributor>
<minor />
<comment>Robô: A limpar links interwikis antigos</comment>
<model>wikitext</model>
<format>text/x-wiki</format>
<text bytes="198" xml:space="preserve">={{-pt-}}=
==Forma verbal==
'''labutavas'''
#[[segunda pessoa]] do [[singular]] do [[pretérito imperfeito]] do [[modo indicativo]] do verbo '''[[labutar]]'''
[[Categoria:Forma verbal (Português)]]</text>
<sha1>nke33qpxf005yx8jinecvlws1atfkxy</sha1>
</revision>
