<page>
<title>labutaremos</title>
<ns>0</ns>
<id>187844</id>
<revision>
<id>2367848</id>
<parentid>1776972</parentid>
<timestamp>2017-05-03T19:00:24Z</timestamp>
<contributor>
<username>HydrizBot</username>
<id>29590</id>
</contributor>
<minor />
<comment>Robô: A limpar links interwikis antigos</comment>
<model>wikitext</model>
<format>text/x-wiki</format>
<text bytes="174" xml:space="preserve">={{-pt-}}=
==Forma verbal==
'''labutaremos'''
#[[primeira pessoa]] do [[plural]] do [[futuro do presente]] do verbo '''[[labutar]]'''
[[Categoria:Forma verbal (Português)]]</text>
<sha1>qk5bcpmxn3068tqg7dzyygqikrys86w</sha1>
</revision>
</page>
