<page>
<page>
<title>labutara</title>
<ns>0</ns>
<id>177408</id>
<revision>
<id>2367841</id>
<parentid>1776979</parentid>
<timestamp>2017-05-03T19:00:05Z</timestamp>
<contributor>
<username>HydrizBot</username>
<id>29590</id>
</contributor>
<minor />
<comment>Robô: A limpar links interwikis antigos</comment>
<model>wikitext</model>
<format>text/x-wiki</format>
<text bytes="231" xml:space="preserve">={{-pt-}}=
==Forma verbal==
'''labutara'''
#[[primeira pessoa|primeira]] e [[terceira pessoa|terceira pessoas]] do [[singular]] do [[pretérito mais-que-perfeito]] do verbo '''[[labutar]]'''
[[Categoria:Forma verbal (Português)]]</text>
<sha1>lozbo2su7xvhodpmcvro5blztbezwoy</sha1>
</revision>
