<page>
<title>labutariam</title>
<ns>0</ns>
<id>195942</id>
<revision>
<id>2367851</id>
<parentid>1776969</parentid>
<timestamp>2017-05-03T19:00:32Z</timestamp>
<contributor>
<username>HydrizBot</username>
<id>29590</id>
</contributor>
<minor />
<comment>Robô: A limpar links interwikis antigos</comment>
<model>wikitext</model>
<format>text/x-wiki</format>
<text bytes="175" xml:space="preserve">={{-pt-}}=
==Forma verbal==
'''labutariam'''
#[[terceira pessoa]] do [[plural]] do [[futuro do pretérito]] do verbo '''[[labutar]]'''
[[Categoria:Forma verbal (Português)]]</text>
<sha1>hg3axjesyv9gukdgr8p3jg8c040gmsk</sha1>
</revision>
</page>
