<page>
<title>labutar</title>
<ns>0</ns>
<id>31399</id>
<revision>
<id>2615060</id>
<parentid>2367840</parentid>
<timestamp>2021-01-31T21:10:14Z</timestamp>
<contributor>
<username>MarxavBot</username>
<id>80155</id>
</contributor>
<minor />
<comment>AFI Portugal</comment>
<model>wikitext</model>
<format>text/x-wiki</format>
<text bytes="487" xml:space="preserve">={{-pt-}}=
==Substantivo==
{{flex.pt|ms=labutar|mp=labutares}}
{{oxítona|la|bu|tar}}
# [[labutação]]
==Verbo==
{{oxítona|la|bu|tar}}, ''intransitivo''
# [[trabalhar]] com [[perseverança]]
# [[esforçar]]-se
# [[lidar]]
===Conjugação===
{{conj/pt|labut|ar}}
===Tradução===
{{tradini}}
* {{trad|kea|lida|luta}}
{{tradmeio}}
{{tradfim}}
=={{pronúncia|pt}}==
===Portugal===
* AFI: {{AFI|/lɐ.bu.ˈtaɾ/}}
[[Categoria:Substantivo (Português)]]
[[Categoria:Verbo (Português)]]</text>
<sha1>kp5998ipsbq3vd5h2n9qey9gh0ghlez</sha1>
</revision>
</page>
