<page>
<title>labutasse</title>
<ns>0</ns>
<id>205554</id>
<revision>
<id>2367860</id>
<parentid>1776960</parentid>
<timestamp>2017-05-03T19:00:55Z</timestamp>
<contributor>
<username>HydrizBot</username>
<id>29590</id>
</contributor>
<minor />
<comment>Robô: A limpar links interwikis antigos</comment>
<model>wikitext</model>
<format>text/x-wiki</format>
<text bytes="231" xml:space="preserve">={{-pt-}}=
==Forma verbal==
'''labutasse'''
#[[primeira pessoa|primeira]] e [[terceira pessoa]] do [[singular]] do [[pretérito imperfeito]] do [[modo subjuntivo]] do verbo '''[[labutar]]'''
[[Categoria:Forma verbal (Português)]]</text>
<sha1>ajyqi7tg0tngqt5us6d89wn8qkwymaj</sha1>
</revision>
</page>
