<page>
<title>labutarem</title>
<ns>0</ns>
<id>211542</id>
<revision>
<id>2367847</id>
<parentid>1776973</parentid>
<timestamp>2017-05-03T19:00:21Z</timestamp>
<contributor>
<username>HydrizBot</username>
<id>29590</id>
</contributor>
<minor />
<comment>Robô: A limpar links interwikis antigos</comment>
<model>wikitext</model>
<format>text/x-wiki</format>
<text bytes="271" xml:space="preserve">={{-pt-}}=
==Forma verbal==
'''labutarem'''
#[[terceira pessoa]] do [[plural]] do [[futuro]] do [[modo subjuntivo]] do verbo '''[[labutar]]'''
#[[infinitivo pessoal]] da [[terceira pessoa]] do [[plural]] do verbo '''[[labutar]]'''
[[Categoria:Forma verbal (Português)]]</text>
<sha1>00xxfmx8zreoactdptjqgjdr237nnc3</sha1>
</revision>
</page>
