<page>
<title>labutássemos</title>
<ns>0</ns>
<id>198717</id>
<revision>
<id>2367881</id>
<parentid>1777019</parentid>
<timestamp>2017-05-03T19:01:46Z</timestamp>
<contributor>
<username>HydrizBot</username>
<id>29590</id>
</contributor>
<minor />
<comment>Robô: A limpar links interwikis antigos</comment>
<model>wikitext</model>
<format>text/x-wiki</format>
<text bytes="202" xml:space="preserve">={{-pt-}}=
==Forma verbal==
'''labutássemos'''
#[[primeira pessoa]] do [[plural]] do [[pretérito imperfeito]] do [[modo subjuntivo]] do verbo '''[[labutar]]'''
[[Categoria:Forma verbal (Português)]]</text>
<sha1>4jy1v5ikrju1xpo3nubo93czddms2jl</sha1>
</revision>
</page>
