<page>
<title>labutarei</title>
<ns>0</ns>
<id>183574</id>
<revision>
<id>2367845</id>
<parentid>1776975</parentid>
<timestamp>2017-05-03T19:00:14Z</timestamp>
<contributor>
<username>HydrizBot</username>
<id>29590</id>
</contributor>
<minor />
<comment>Robô: A limpar links interwikis antigos</comment>
<model>wikitext</model>
<format>text/x-wiki</format>
<text bytes="174" xml:space="preserve">={{-pt-}}=
==Forma verbal==
'''labutarei'''
#[[primeira pessoa]] do [[singular]] do [[futuro do presente]] do verbo '''[[labutar]]'''
[[Categoria:Forma verbal (Português)]]</text>
<sha1>om967tj5owg5w5pgunfcrhrjvgzmg5f</sha1>
</revision>
</page>
