<page>
<title>labutáveis</title>
<ns>0</ns>
<id>167610</id>
<revision>
<id>2367883</id>
<parentid>1777017</parentid>
<timestamp>2017-05-03T19:01:50Z</timestamp>
<contributor>
<username>HydrizBot</username>
<id>29590</id>
</contributor>
<minor />
<comment>Robô: A limpar links interwikis antigos</comment>
<model>wikitext</model>
<format>text/x-wiki</format>
<text bytes="198" xml:space="preserve">={{-pt-}}=
==Forma verbal==
'''labutáveis'''
#[[segunda pessoa]] do [[plural]] do [[pretérito imperfeito]] do [[modo indicativo]] do verbo '''[[labutar]]'''
[[Categoria:Forma verbal (Português)]]</text>
<sha1>ccj6uu9ason2f7jotsvnowxjgwhsqza</sha1>
</revision>
</page>
