<page>
<title>labutaria</title>
<ns>0</ns>
<id>191955</id>
<revision>
<id>2367850</id>
<parentid>1776970</parentid>
<timestamp>2017-05-03T19:00:29Z</timestamp>
<contributor>
<username>HydrizBot</username>
<id>29590</id>
</contributor>
<minor />
<comment>Robô: A limpar links interwikis antigos</comment>
<model>wikitext</model>
<format>text/x-wiki</format>
<text bytes="207" xml:space="preserve">={{-pt-}}=
==Forma verbal==
'''labutaria'''
#[[primeira pessoa|primeira]] e [[terceira pessoa]] do [[singular]] do [[futuro do pretérito]] do verbo '''[[labutar]]'''
[[Categoria:Forma verbal (Português)]]</text>
<sha1>3wdvs02kar468hshonid2fw2kr28cx1</sha1>
</revision>
</page>
