<page>
<title>labuzámos</title>
<ns>0</ns>
<id>311107</id>
<revision>
<id>2546154</id>
<parentid>1654424</parentid>
<timestamp>2019-06-10T14:20:33Z</timestamp>
<contributor>
<username>ValJor</username>
<id>1358</id>
</contributor>
<comment>Acrescentando a predefinição avi-for-fle</comment>
<model>wikitext</model>
<format>text/x-wiki</format>
<text bytes="263" xml:space="preserve">={{-pt-}}=
==Forma verbal==
{{paroxítona|la|bu|zá|mos}}
# {{escopo2|grafia lusitana}} primeira pessoa do plural do pretérito perfeito do indicativo do verbo [[labuzar]]
{{avi-for-fle|labuzar}}
[[Categoria:Forma verbal (Português)]]
[[Categoria:Lusitanismo]]</text>
<sha1>mdxkx3a6aa906zexiaem2jc4t4h39jv</sha1>
</revision>
</page>
