<page>
<page>
<title>labutásseis</title>
<ns>0</ns>
<id>201564</id>
<revision>
<id>2367880</id>
<parentid>1777020</parentid>
<timestamp>2017-05-03T19:01:44Z</timestamp>
<contributor>
<username>HydrizBot</username>
<id>29590</id>
</contributor>
<minor />
<comment>Robô: A limpar links interwikis antigos</comment>
<model>wikitext</model>
<format>text/x-wiki</format>
<text bytes="200" xml:space="preserve">={{-pt-}}=
==Forma verbal==
'''labutásseis'''
#[[segunda pessoa]] do [[plural]] do [[pretérito imperfeito]] do [[modo subjuntivo]] do verbo '''[[labutar]]'''
[[Categoria:Forma verbal (Português)]]</text>
<sha1>dbl9ngnrxuhizw8k0mvewr7c7cggqs6</sha1>
</revision>
