<page>
<title>labutava</title>
<ns>0</ns>
<id>204266</id>
<revision>
<id>2367865</id>
<parentid>1776955</parentid>
<timestamp>2017-05-03T19:01:09Z</timestamp>
<contributor>
<username>HydrizBot</username>
<id>29590</id>
</contributor>
<minor />
<comment>Robô: A limpar links interwikis antigos</comment>
<model>wikitext</model>
<format>text/x-wiki</format>
<text bytes="230" xml:space="preserve">={{-pt-}}=
==Forma verbal==
'''labutava'''
#[[primeira pessoa|primeira]] e [[terceira pessoa]] do [[singular]] do [[pretérito imperfeito]] do [[modo indicativo]] do verbo '''[[labutar]]'''
[[Categoria:Forma verbal (Português)]]</text>
<sha1>fsg19nn0bmvdjmmt7wc0jlzg7hyaedo</sha1>
</revision>
</page>
