<page>
<title>labutaríeis</title>
<ns>0</ns>
<id>194606</id>
<revision>
<id>2367858</id>
<parentid>1776962</parentid>
<timestamp>2017-05-03T19:00:51Z</timestamp>
<contributor>
<username>HydrizBot</username>
<id>29590</id>
</contributor>
<minor />
<comment>Robô: A limpar links interwikis antigos</comment>
<model>wikitext</model>
<format>text/x-wiki</format>
<text bytes="176" xml:space="preserve">={{-pt-}}=
==Forma verbal==
'''labutaríeis'''
#[[segunda pessoa]] do [[plural]] do [[futuro do pretérito]] do verbo '''[[labutar]]'''
[[Categoria:Forma verbal (Português)]]</text>
<sha1>0vxmi3oawe79cj881yzb6fcneg2onos</sha1>
</revision>
</page>
