<page>
<title>labutaram</title>
<ns>0</ns>
<id>175950</id>
<revision>
<id>2367842</id>
<parentid>1776978</parentid>
<timestamp>2017-05-03T19:00:07Z</timestamp>
<contributor>
<username>HydrizBot</username>
<id>29590</id>
</contributor>
<minor />
<comment>Robô: A limpar links interwikis antigos</comment>
<model>wikitext</model>
<format>text/x-wiki</format>
<text bytes="195" xml:space="preserve">={{-pt-}}=
==Forma verbal==
'''labutaram'''
#[[terceira pessoa]] do [[plural]] do [[pretérito perfeito]] do [[modo indicativo]] do verbo '''[[labutar]]'''
[[Categoria:Forma verbal (Português)]]</text>
<sha1>renm23u5x21prqsetykc7nqftixyoc1</sha1>
</revision>
</page>
