<page>
<title>labutaste</title>
<ns>0</ns>
<id>171931</id>
<revision>
<id>2367863</id>
<parentid>1776957</parentid>
<timestamp>2017-05-03T19:01:03Z</timestamp>
<contributor>
<username>HydrizBot</username>
<id>29590</id>
</contributor>
<minor />
<comment>Robô: A limpar links interwikis antigos</comment>
<model>wikitext</model>
<format>text/x-wiki</format>
<text bytes="196" xml:space="preserve">={{-pt-}}=
==Forma verbal==
'''labutaste'''
#[[segunda pessoa]] do [[singular]] do [[pretérito perfeito]] do [[modo indicativo]] do verbo '''[[labutar]]'''
[[Categoria:Forma verbal (Português)]]</text>
<sha1>8can0r1uuw3m4ao3lbj97dogoh8lfmc</sha1>
</revision>
</page>
