<page>
<title>labutareis</title>
<ns>0</ns>
<id>189290</id>
<revision>
<id>2367846</id>
<parentid>1776974</parentid>
<timestamp>2017-05-03T19:00:18Z</timestamp>
<contributor>
<username>HydrizBot</username>
<id>29590</id>
</contributor>
<minor />
<comment>Robô: A limpar links interwikis antigos</comment>
<model>wikitext</model>
<format>text/x-wiki</format>
<text bytes="172" xml:space="preserve">={{-pt-}}=
==Forma verbal==
'''labutareis'''
#[[segunda pessoa]] do [[plural]] do [[futuro do presente]] do verbo '''[[labutar]]'''
[[Categoria:Forma verbal (Português)]]</text>
<sha1>frh93h5n5lvtes5lwqfwwdbexxgpcq8</sha1>
</revision>
</page>
