<page>
<title>labutei</title>
<ns>0</ns>
<id>170507</id>
<revision>
<id>2367869</id>
<parentid>1777030</parentid>
<timestamp>2017-05-03T19:01:19Z</timestamp>
<contributor>
<username>HydrizBot</username>
<id>29590</id>
</contributor>
<minor />
<comment>Robô: A limpar links interwikis antigos</comment>
<model>wikitext</model>
<format>text/x-wiki</format>
<text bytes="195" xml:space="preserve">={{-pt-}}=
==Forma verbal==
'''labutei'''
#[[primeira pessoa]] do [[singular]] do [[pretérito perfeito]] do [[modo indicativo]] do verbo '''[[labutar]]'''
[[Categoria:Forma verbal (Português)]]</text>
<sha1>lqfmbcfz6ztup6avbycnaggge1jij1x</sha1>
</revision>
</page>
