<page>
<title>labuzar</title>
<ns>0</ns>
<id>314826</id>
<revision>
<id>1679554</id>
<timestamp>2013-04-15T14:45:50Z</timestamp>
<contributor>
<username>ValJor</username>
<id>1358</id>
</contributor>
<comment>Por um [[Especial:Lonelypages|wikcionário sem órfãos]]: [[labuzámos]]</comment>
<model>wikitext</model>
<format>text/x-wiki</format>
<text bytes="156" xml:space="preserve">={{-pt-}}=
==Verbo==
{{oxítona|la|bu|zar}}, ''v. t.''
# o mesmo que [[lambuzar]]
===Conjugação===
{{conj/pt|labuz|ar}}
[[Categoria:Verbo (Português)]]</text>
<sha1>hffxycnrqjvkl4pfop5i1hwcgjya8pc</sha1>
</revision>
</page>
