<page>
<title>labutardes</title>
<ns>0</ns>
<id>210206</id>
<revision>
<id>2367844</id>
<parentid>1776976</parentid>
<timestamp>2017-05-03T19:00:11Z</timestamp>
<contributor>
<username>HydrizBot</username>
<id>29590</id>
</contributor>
<minor />
<comment>Robô: A limpar links interwikis antigos</comment>
<model>wikitext</model>
<format>text/x-wiki</format>
<text bytes="270" xml:space="preserve">={{-pt-}}=
==Forma verbal==
'''labutardes'''
#[[segunda pessoa]] do [[plural]] do [[futuro]] do [[modo subjuntivo]] do verbo '''[[labutar]]'''
#[[infinitivo pessoal]] da [[segunda pessoa]] do [[plural]] do verbo '''[[labutar]]'''
[[Categoria:Forma verbal (Português)]]</text>
<sha1>lbf4yyaq0zbqw4rho74pw9rr2d5ynz1</sha1>
</revision>
</page>
