<page>
<page>
<title>labuteis</title>
<ns>0</ns>
<id>217294</id>
<revision>
<id>2367870</id>
<parentid>1777029</parentid>
<timestamp>2017-05-03T19:01:22Z</timestamp>
<contributor>
<username>HydrizBot</username>
<id>29590</id>
</contributor>
<minor />
<comment>Robô: A limpar links interwikis antigos</comment>
<model>wikitext</model>
<format>text/x-wiki</format>
<text bytes="275" xml:space="preserve">={{-pt-}}=
==Forma verbal==
'''labuteis'''
#[[segunda pessoa]] do [[plural]] do [[presente]] do [[modo subjuntivo]] do verbo '''[[labutar]]'''
#[[segunda pessoa]] do [[plural]] do [[imperativo]] [[negativo]] do verbo '''[[labutar]]'''
[[Categoria:Forma verbal (Português)]]</text>
<sha1>rfhmc7anon9x05d3pthf4bkd9an8qaz</sha1>
</revision>
