<page>
<page>
<title>labutares</title>
<ns>0</ns>
<id>207258</id>
<revision>
<id>2367849</id>
<parentid>1776971</parentid>
<timestamp>2017-05-03T19:00:27Z</timestamp>
<contributor>
<username>HydrizBot</username>
<id>29590</id>
</contributor>
<minor />
<comment>Robô: A limpar links interwikis antigos</comment>
<model>wikitext</model>
<format>text/x-wiki</format>
<text bytes="273" xml:space="preserve">={{-pt-}}=
==Forma verbal==
'''labutares'''
#[[segunda pessoa]] do [[singular]] do [[futuro]] do [[modo subjuntivo]] do verbo '''[[labutar]]'''
#[[infinitivo pessoal]] da [[segunda pessoa]] do [[singular]] do verbo '''[[labutar]]'''
[[Categoria:Forma verbal (Português)]]</text>
<sha1>3lolpf1823iggvg5e6si1x0u3y95tgd</sha1>
</revision>
