<page>
<title>labutaríamos</title>
<ns>0</ns>
<id>193299</id>
<revision>
<id>2367857</id>
<parentid>1776963</parentid>
<timestamp>2017-05-03T19:00:48Z</timestamp>
<contributor>
<username>HydrizBot</username>
<id>29590</id>
</contributor>
<minor />
<comment>Robô: A limpar links interwikis antigos</comment>
<model>wikitext</model>
<format>text/x-wiki</format>
<text bytes="178" xml:space="preserve">={{-pt-}}=
==Forma verbal==
'''labutaríamos'''
#[[primeira pessoa]] do [[plural]] do [[futuro do pretérito]] do verbo '''[[labutar]]'''
[[Categoria:Forma verbal (Português)]]</text>
<sha1>mz6sbol09eqga981zxijr9y905piqtv</sha1>
</revision>
</page>
