<page>
<page>
<title>labutai</title>
<ns>0</ns>
<id>220195</id>
<revision>
<id>2367835</id>
<parentid>1776986</parentid>
<timestamp>2017-05-03T18:59:50Z</timestamp>
<contributor>
<username>HydrizBot</username>
<id>29590</id>
</contributor>
<minor />
<comment>Robô: A limpar links interwikis antigos</comment>
<model>wikitext</model>
<format>text/x-wiki</format>
<text bytes="176" xml:space="preserve">={{-pt-}}=
==Forma verbal==
'''labutai'''
#[[segunda pessoa]] do [[plural]] do [[imperativo]] [[afirmativo]] do verbo '''[[labutar]]'''
[[Categoria:Forma verbal (Português)]]</text>
<sha1>hvso5ub3k5o3nj3gws0qjmui3bktbuv</sha1>
</revision>
