<page>
<title>labêstrigo</title>
<ns>0</ns>
<id>425860</id>
<revision>
<id>2594852</id>
<timestamp>2020-08-23T17:45:54Z</timestamp>
<contributor>
<username>Cpls</username>
<id>20608</id>
</contributor>
<comment>[[Ajuda:Guia de edição/Menus e ferramentas/Sumário de edição|→]] nova página: ={{-gl-}}= ==Substantivo== {{flex.gl|ms=labêstrigo|mp=labêstrigos}} {{proparoxítona|la|bês|tri|go|lang=gl...</comment>
<model>wikitext</model>
<format>text/x-wiki</format>
<text bytes="417" xml:space="preserve">={{-gl-}}=
==Substantivo==
{{flex.gl|ms=labêstrigo|mp=labêstrigos}}
{{proparoxítona|la|bês|tri|go|lang=gl}}, {{gramática|m|lang=gl}}
# {{escopo|gl|Planta}} [[saramago]] (''[[species:Raphanus raphanistrum|Raphanus raphanistrum]]'')
===Sinónimos===
* Vide em [[nabestro#{{gl}}|nabestro]]
=={{etimologia|gl}}==
: De ''[[labestro#{{gl}}|labestro]]'' + ''[[-igo#{{gl}}|-igo]]''.
[[Categoria:Substantivo (Galego)]]</text>
<sha1>rghvfvwmj6xs6f9lv3e1eh8fcc1v6j7</sha1>
</revision>
</page>
