<page>
<title>lac</title>
<ns>0</ns>
<id>78760</id>
<revision>
<id>2538159</id>
<parentid>2367885</parentid>
<timestamp>2019-03-06T15:26:31Z</timestamp>
<contributor>
<username>ValJor</username>
<id>1358</id>
</contributor>
<comment>Um verbete a menos usando a [[Predefinição:flex.fr.masculino|predefinição flex.fr.masculino]]</comment>
<model>wikitext</model>
<format>text/x-wiki</format>
<text bytes="3076" xml:space="preserve">{{Wikipédia|lang=fr}}
{{Wikipédia|lang=ro}}
[[Imagem:Schwarzsee.jpg|thumb|right|250px|&lt;center&gt;Lago&lt;/center&gt;]]
[[Imagem:Milk glass.jpg|thumb|right|250px|&lt;center&gt;Leite&lt;/center&gt;]]
={{-fr-}}=
==Substantivo==
{{flex.fr|ms=lac|mp=lacs|ms-div=lac|mp-div=lacs}}
'''lac''', {{gramática|m}}
# [[lago]]:
#* ''J'ai une maison au bord du '''lac'''.'' &lt;small&gt;(Tenho uma casa à beira do lago.)&lt;/small&gt;
===Sinónimos===
* [[bassin]], [[étang]], [[réservoir]], [[retenue]]
===Verbetes derivados===
* [[Grands Lacs]]
* [[lacustre#{{fr}}|lacustre]]
=={{pronúncia|fr}}==
* [[AFI]]: {{AFI|/lak/}}
* [[X-SAMPA]]: /lak/
===Homófonos===
* [[laque]]
[[Categoria:Substantivo (Francês)]]
[[Categoria:Monossílabo (Francês)]]
[[Categoria:Entrada com imagem (Francês)]]
={{-en-}}=
==Substantivo==
'''lac'''
# [[laca]]
{{flex.en|s=lac|p=lacs|s-div=lac|p-div=lacs}}
'''lac'''
# {{cont|2}} [[soma]] de [[cem]] [[mil]] (geralmente [[rúpia]]s)
#* '''Nota:''' comumente usado na [[Índia]].
==={{-varort-}}===
* De '''2''': [[lakh]]
===Verbetes derivados===
* [[shellac]]
=={{etimologia|en}}==
* De '''1''':
:Do [[sânscrito]] {{xlatio|sa|लाक्षा|(lākṣā)}}, pelo [[português]] ''[[laca]]''.
* De '''2''':
:Do [[sânscrito]] {{xlatio|sa|लक्षं|(lakṣaṇ)}}.
=={{pronúncia|en}}==
* [[AFI]]: {{AFI|/lɑːk/}}
* [[X-SAMPA]]: /lA:k/
[[Categoria:Substantivo (Inglês)]]
[[Categoria:Monossílabo (Inglês)]]
={{-ang-}}=
==Substantivo==
'''lac''' {{n}} ({{p}} '''''lac''''')
# [[presente]], [[dádiva]], [[oferenda]]:
#* ''Hie drihtne '''lac''' begen brohton.'' &lt;small&gt;(Eles (os dois) trouxeram uma oferenda para o Senhor.)&lt;/small&gt;
=={{etimologia|ang}}==
: Aparentemente do [[germânico]] *''laikom'', de *''laiko-''.
=={{pronúncia|ang}}==
* [[AFI]]: {{AFI|/lɑːk/}}
* [[X-SAMPA]]: /lA:k/
[[Categoria:Substantivo (Inglês Antigo)]]
[[Categoria:Monossílabo (Inglês Antigo)]]
={{-la-}}=
==Substantivo==
'''lac''' {{n}}
# [[leite]]
# {{escopo|la|Botânica}} [[suco]] [[leitoso]] de certas [[planta]]s
===Declinação===
{{decl.la.3a.genium|lact|NS=lac}}
==={{-varort-}}===
* [[lact]], [[lacte]]
===Expresssões===
* '''[[lac concretum]]:''' [[queijo]], [[leite]] [[coalhado]]
* '''[[lac gallinaceum]]:''' [[coisa]] [[inexistente]]
=={{pronúncia|la}}==
* [[AFI]]: {{AFI|/laːk/}}
* [[X-SAMPA]]: /la:k/
[[Categoria:Substantivo (Latim)]]
[[Categoria:Monossílabo (Latim)]]
[[Categoria:Alimentação (Latim)]]
[[Categoria:Botânica (Latim)]]
[[Categoria:Entrada com imagem (Latim)]]
={{-oc-}}=
==Substantivo==
'''lac'''
# [[lago]]
[[Categoria:Substantivo (Occitano)]]
[[Categoria:Monossílabo (Occitano)]]
[[Categoria:Entrada com imagem (Occitano)]]
={{-rm-}}=
==Substantivo==
'''lac'''
# [[lago]]
[[Categoria:Substantivo (Romanche)]]
[[Categoria:Monossílabo (Romanche)]]
[[Categoria:Entrada com imagem (Romanche)]]
={{-ro-}}=
==Substantivo==
'''lac'''
# [[lago]]
=={{pronúncia|ro}}==
* [[AFI]]: {{AFI|/lak/}}
* [[X-SAMPA]]: /lak/
[[Categoria:Substantivo (Romeno)]]
[[Categoria:Monossílabo (Romeno)]]
[[Categoria:Entrada com imagem (Romeno)]]</text>
<sha1>evc58vrtvdix8yof5d30ylfgm4krrfe</sha1>
</revision>
</page>
