<page>
<title>lacar</title>
<ns>0</ns>
<id>314867</id>
<revision>
<id>2621276</id>
<parentid>2367893</parentid>
<timestamp>2021-02-01T23:57:12Z</timestamp>
<contributor>
<username>MarxavBot</username>
<id>80155</id>
</contributor>
<minor />
<comment>AFI Portugal</comment>
<model>wikitext</model>
<format>text/x-wiki</format>
<text bytes="553" xml:space="preserve">={{-pt-}}=
==Verbo==
{{oxítona|la|car}}, {{gramática|vt}}
# [[revestir]] de [[laca]]
# [[pulverizar]] com laca
{{oxítona|la|car}}, {{gramática|intran}}
# {{cont|3}} {{escopo|pt|Regionalismo}} [[esbarrondar|esbarrondar-se]]; [[desmoronar|desmoronar-se]]; [[esboroar|esboroar-se]]
===Conjugação===
{{conj/pt|la|car}}
=={{etimologia|pt}}==
: {{escopo|Morfologia}} [[laca]] + [[-ar]].
=={{pronúncia|pt}}==
===Portugal===
* AFI: {{AFI|/lɐ.ˈkaɾ/}}
==Anagramas==
# [[alçar]]
# [[calar]]
# [[laçar]]
# [[lacra]]
[[Categoria:Verbo (Português)]]</text>
<sha1>adqhdpde6vgdo7rs1mwzvh9teq603zo</sha1>
</revision>
</page>
