<page>
<page>
<title>lacaçã</title>
<ns>0</ns>
<id>248412</id>
<revision>
<id>2063588</id>
<parentid>1454649</parentid>
<timestamp>2016-02-16T12:27:14Z</timestamp>
<contributor>
<username>Defender</username>
<id>15952</id>
</contributor>
<comment>Verbete [[:Categoria:!Página com idioma não informado em Predefinição:etimologia|sem indicação do idioma na seção de etimologia]]</comment>
<model>wikitext</model>
<format>text/x-wiki</format>
<text bytes="400" xml:space="preserve">={{-pt-}}=
==Adjetivo==
{{flex.pt|fs=lacaçã|fp=lacaçãs|ms=lacação|mp=lacaçães}} 
{{oxítona|la|ca|çã}}, {{f}}
#{{escopo|Galiza}} [[indolente]], ociosa, com desídia, [[nugalhã]], [[lacoeiro|lacoeira]]
#{{escopo|Galiza}} [[guloso|gulosa]], comiloa
=={{etimologia|pt}}==
: Do latim ''leccator'', [[lascivo]]
==Ver também==
===No Wikcionário===
* [[lacaceiro]]
==Anagrama==
# [[calaça]]</text>
<sha1>jaav1fthh5xzla3qou0q73aq146se24</sha1>
</revision>
