<page>
<title>lacaniano</title>
<ns>0</ns>
<id>14465</id>
<revision>
<id>2367891</id>
<parentid>2128488</parentid>
<timestamp>2017-05-03T19:02:18Z</timestamp>
<contributor>
<username>HydrizBot</username>
<id>29590</id>
</contributor>
<minor />
<comment>Robô: A limpar links interwikis antigos</comment>
<model>wikitext</model>
<format>text/x-wiki</format>
<text bytes="440" xml:space="preserve">={{-pt-}}=
==Adjetivo==
{{flex.pt|ms=lacaniano|mp=lacanianos|fs=lacaniana|fp=lacanianas}}
{{paroxítona|la|ca|ni|a|no}}
# relativo a Jacques Lacan, [[psicanalista]] francês
# que segue as [[teoria]]s de Jacques Lacan
===Tradução===
{{tradini}}
* {{trad|fr|lacanien}}
{{tradmeio}}
{{tradfim}}
=={{etimologia|pt}}==
: {{escopo|Morfologia}} ''Lacan'' + [[-iano]].
[[Categoria:Adjetivo (Português)]]
[[Categoria:Psicologia (Português)]]</text>
<sha1>9x3zfnix89l2f4ykhzy60e0rlp0xoem</sha1>
</revision>
</page>
