<page>
<page>
<title>lacação</title>
<ns>0</ns>
<id>248511</id>
<revision>
<id>2415794</id>
<parentid>2159542</parentid>
<timestamp>2017-06-04T14:00:36Z</timestamp>
<contributor>
<username>ValJor</username>
<id>1358</id>
</contributor>
<comment>Verbete [[:Categoria:!Página com idioma não informado em Predefinição:etimologia|sem indicação do idioma na seção de etimologia]]</comment>
<model>wikitext</model>
<format>text/x-wiki</format>
<text bytes="518" xml:space="preserve">={{-pt-}}=
==Adjetivo==
{{flex.pt|ms=lacação|mp=lacaçães|mp2=lacaçãos|fs=lacaçã|fp=lacaçãs}}
{{oxítona|la|ca|ção}}
# {{escopo|pt|Galiza}} [[indolente]], ocioso, com desídia, [[nugalhão]], [[lacoeiro]]
# {{escopo|pt|Galiza}} [[guloso]], comilão
=={{etimologia|pt}}==
: Aparentado com o latim {{etimo|la|leccator}}, &quot;[[lambido]], [[glutão]], [[lascivo]]&quot;.
=={{pronúncia|pt}}==
===Galiza===
* [[AFI]]: /la.ka.'saŋ/, /la.ka.'θaŋ/, /la.ka.'θa.o/ ou /la.ka.'θaw/
[[Categoria:Adjetivo (Português)]]</text>
<sha1>en4mpqavprw09owpzjky23s4daz1c2p</sha1>
</revision>
