<page>
<title>lacal</title>
<ns>0</ns>
<id>429704</id>
<revision>
<id>2622853</id>
<parentid>2607006</parentid>
<timestamp>2021-02-07T00:59:47Z</timestamp>
<contributor>
<username>ValJor</username>
<id>1358</id>
</contributor>
<comment>Corrigindo o idioma do verbete de acordo com o en.wikt</comment>
<model>wikitext</model>
<format>text/x-wiki</format>
<text bytes="219" xml:space="preserve">={{-ncl-}}=
==Substantivo==
'''tla.catl'''
# [[homem]], varão
=={{pronúncia|ncl}}==
* [[AFI]]: {{AFI|/ɬaːkaɬ/}}
[[Categoria:Substantivo (Náuatle de Michoacán)]]
[[Categoria:Dissílabo (Náuatle de Michoacán)]]</text>
<sha1>j06af5gh7hdcv24w1jjwqzgolxedb9t</sha1>
</revision>
</page>
