<page>
<page>
<title>lacanianos</title>
<ns>0</ns>
<id>252043</id>
<revision>
<id>2367892</id>
<parentid>2128487</parentid>
<timestamp>2017-05-03T19:02:20Z</timestamp>
<contributor>
<username>HydrizBot</username>
<id>29590</id>
</contributor>
<minor />
<comment>Robô: A limpar links interwikis antigos</comment>
<model>wikitext</model>
<format>text/x-wiki</format>
<text bytes="135" xml:space="preserve">={{-pt-}}=
==Forma de adjetivo==
{{paroxítona|la|ca|ni|a|nos}}
# plural de [[lacaniano]]
[[Categoria:Forma de adjetivo (Português)]]</text>
<sha1>b63l0l5i3rkbu39d4hbn9y7rpvbqtr3</sha1>
</revision>
