<page>
<page>
<title>lacarear</title>
<ns>0</ns>
<id>337621</id>
<revision>
<id>1905367</id>
<timestamp>2015-03-25T21:48:10Z</timestamp>
<contributor>
<username>Cpls</username>
<id>20608</id>
</contributor>
<comment>[[Ajuda:Guia de edição/Menus e ferramentas/Sumário de edição|→]] nova página: ={{-gl-}}= ==Verbo== {{oxítona|la|ca|re|ar|lang=gl}} # abrir a pele em [[greta]]s, fendas ou feridas  =={{et...</comment>
<model>wikitext</model>
<format>text/x-wiki</format>
<text bytes="317" xml:space="preserve">={{-gl-}}=
==Verbo==
{{oxítona|la|ca|re|ar|lang=gl}}
# abrir a pele em [[greta]]s, fendas ou feridas
=={{etimologia|gl}}==
: Talvez de uma raiz protoindo-europeia ''*lek''. Confronte-se com o [[galego]] ''[[laquear#Galego|laquear]]'' e o [[leonês]] ''[[lacaieira#Galego|lacaieira]]''.
[[Categoria:Verbo (Galego)]]</text>
<sha1>t5fhgv9li8x57emt5tfapxtseo8mr8d</sha1>
</revision>
