<page>
<page>
<title>lacaçanear</title>
<ns>0</ns>
<id>435071</id>
<revision>
<id>2639250</id>
<parentid>2639161</parentid>
<timestamp>2021-06-20T18:19:30Z</timestamp>
<contributor>
<username>Cpls</username>
<id>20608</id>
</contributor>
<comment>/* Sinónimos */</comment>
<model>wikitext</model>
<format>text/x-wiki</format>
<text bytes="1015" xml:space="preserve">={{-gl-}}=
{{ga-in}}
==Verbo==
{{oxítona|la|ca|ça|ne|ar|lang=gl}}
# preguiçar, [[mandriar]], gandular, [[vadiar]]
# não fazer nada
# não trabalhar
===Sinónimos===
* De '''1''': [[anhacear#{{gl}}|anhacear]], [[apaxoar#{{gl}}|apaxoar]], [[cajotear#{{gl}}|cajotear]], [[camandulear#{{gl}}|camandulear]], [[candonguear#{{gl}}|candonguear]], [[cujiar#{{gl}}|cujiar]], [[cujotear#{{gl}}|cujotear]], [[curciar#{{gl}}|curciar]], [[folgazanear#{{gl}}|folgazanear]], [[folguejar#{{gl}}|folguejar]], [[fopear#{{gl}}|fopear]], [[gandaiar#{{gl}}|gandaiar]], [[gandainar#{{gl}}|gandainar]], [[gandulear#{{gl}}|gandulear]], [[langranear#{{gl}}|langranear]], [[larchanear#{{gl}}|larchanear]], [[marralhar#{{gl}}|marralhar]], [[palanquinear#{{gl}}|palanquinear]], [[vadiar#{{gl}}|vadiar]], [[vaquejar#{{gl}}|vaquejar]], [[zangonear#{{gl}}|zangonear]], [[zanguriar#{{gl}}|zanguriar]]
=={{etimologia|gl}}==
: {{escopo|Morfologia}} De ''[[lacação#{{gl}}|lacação]]'' + ''[[-ear#{{gl}}|-ear]]''.
[[Categoria:Verbo (Galego)]]</text>
<sha1>kom8ys3d3gxk7vr5w5r4qtrjp575olk</sha1>
</revision>
