<page>
<title>Lacerda</title>
<ns>0</ns>
<id>351603</id>
<revision>
<id>2448380</id>
<parentid>2448379</parentid>
<timestamp>2017-09-09T01:58:22Z</timestamp>
<contributor>
<username>MIL973</username>
<id>41339</id>
</contributor>
<model>wikitext</model>
<format>text/x-wiki</format>
<text bytes="321" xml:space="preserve">={{-pt-}}=
==Substantivo==
{{flex.pt|s=Lacerda|p=Lacerdas}}
{{paroxítona|La|cer|da}}, {{gramática|pr|c2g}}
# {{escopo|pt|Antropônimo}} [[Apêndice:Sobrenomes em português|sobrenome]] comum em português
===Expressões===
* '''[[Nova Lacerda]]''':
* '''[[Pontes e Lacerda]]''':
[[Categoria:Substantivo (Português)]]</text>
<sha1>a8ghryn72ch50hnr295pipdfffl8f0v</sha1>
</revision>
</page>
