<page>
<page>
<title>laceras</title>
<ns>0</ns>
<id>155358</id>
<revision>
<id>2367924</id>
<parentid>1979587</parentid>
<timestamp>2017-05-03T19:03:42Z</timestamp>
<contributor>
<username>HydrizBot</username>
<id>29590</id>
</contributor>
<minor />
<comment>Robô: A limpar links interwikis antigos</comment>
<model>wikitext</model>
<format>text/x-wiki</format>
<text bytes="180" xml:space="preserve">={{-pt-}}=
==Forma verbal==
'''laceras'''
#[[segunda]] [[pessoa]] do [[singular]] do [[presente]] [[indicativo]] do verbo '''[[lacerar]]'''
[[Categoria:Forma verbal (Português)]]</text>
<sha1>fqybzgt0ukyep9x6ic25ujldexn9qqy</sha1>
</revision>
