<page>
<page>
<title>lacerarás</title>
<ns>0</ns>
<id>185849</id>
<revision>
<id>2367920</id>
<parentid>1979589</parentid>
<timestamp>2017-05-03T19:03:30Z</timestamp>
<contributor>
<username>HydrizBot</username>
<id>29590</id>
</contributor>
<minor />
<comment>Robô: A limpar links interwikis antigos</comment>
<model>wikitext</model>
<format>text/x-wiki</format>
<text bytes="174" xml:space="preserve">={{-pt-}}=
==Forma verbal==
'''lacerarás'''
#[[segunda pessoa]] do [[singular]] do [[futuro do presente]] do verbo '''[[lacerar]]'''
[[Categoria:Forma verbal (Português)]]</text>
<sha1>dwlwrgd83ssprfekfzk7tdquxk7wuq1</sha1>
</revision>
