<page>
<page>
<title>laceraríeis</title>
<ns>0</ns>
<id>195325</id>
<revision>
<id>2367923</id>
<parentid>1156740</parentid>
<timestamp>2017-05-03T19:03:39Z</timestamp>
<contributor>
<username>HydrizBot</username>
<id>29590</id>
</contributor>
<minor />
<comment>Robô: A limpar links interwikis antigos</comment>
<model>wikitext</model>
<format>text/x-wiki</format>
<text bytes="176" xml:space="preserve">={{-pt-}}=
==Forma verbal==
'''laceraríeis'''
#[[segunda pessoa]] do [[plural]] do [[futuro do pretérito]] do verbo '''[[lacerar]]'''
[[Categoria:Forma verbal (Português)]]</text>
<sha1>8t9x19buvggqshsynjpz8bpwd09fbff</sha1>
</revision>
