<page>
<title>lacerava</title>
<ns>0</ns>
<id>204954</id>
<revision>
<id>2367930</id>
<parentid>2128483</parentid>
<timestamp>2017-05-03T19:03:56Z</timestamp>
<contributor>
<username>HydrizBot</username>
<id>29590</id>
</contributor>
<minor />
<comment>Robô: A limpar links interwikis antigos</comment>
<model>wikitext</model>
<format>text/x-wiki</format>
<text bytes="230" xml:space="preserve">={{-pt-}}=
==Forma verbal==
'''lacerava'''
#[[primeira pessoa|primeira]] e [[terceira pessoa]] do [[singular]] do [[pretérito imperfeito]] do [[modo indicativo]] do verbo '''[[lacerar]]'''
[[Categoria:Forma verbal (Português)]]</text>
<sha1>n76pumqertrjlpb99uxuqoi5d1cykcv</sha1>
</revision>
</page>
