<page>
<title>lacerto</title>
<ns>0</ns>
<id>77077</id>
<revision>
<id>2544470</id>
<parentid>2367942</parentid>
<timestamp>2019-05-18T11:16:31Z</timestamp>
<contributor>
<username>ValJor</username>
<id>1358</id>
</contributor>
<comment>Verbete [[:Categoria:!Página com idioma não informado em Predefinição:etimologia|sem indicação do idioma na seção de etimologia]]</comment>
<model>wikitext</model>
<format>text/x-wiki</format>
<text bytes="1150" xml:space="preserve">{{Wikipédia|lang=eo}}
{{Wikipédia|lang=io}}
[[Imagem:Le Caylar fg22.jpg|thumb|right|250px|&lt;center&gt;Lagarto&lt;/center&gt;]]
={{-eo-}}=
==Substantivo==
'''la.{{grifar|cer}}.to'''
# {{escopo|eo|Zoologia}} [[lagarto]]
===Declinação===
{{decl.eo.subst}}
=={{etimologia|eo}}==
{{llietimo|la|lacerta|eo}}
{{etimo.eo|lacert|-o}}
=={{pronúncia|eo}}==
* [[AFI]]: {{AFI|/la.ˈtseɾ.to/}}, {{AFI|/lɑ.ˈtsɛɾ.tɔ/}}
* [[X-SAMPA]]: /la.&quot;tse4.to/, /lA.&quot;tsE4.tO/
[[Categoria:Substantivo (Esperanto)]]
[[Categoria:Trissílabo (Esperanto)]]
[[Categoria:Paroxítona (Esperanto)]]
[[Categoria:Réptil (Esperanto)]]
[[Categoria:Entrada com imagem (Esperanto)]]
={{-io-}}=
==Substantivo==
'''la.{{grifar|cer}}.to'''
# {{escopo|io|Zoologia}} [[lagarto]]
===Declinação===
{{decl.io.subst|lacert}}
=={{etimologia|io}}==
{{llietimo|eo|lacerto|io}}
{{etimo.eo|lacert|-o}}
=={{pronúncia|io}}==
* [[AFI]]: {{AFI|/la.ˈtseɾ.to/}}, {{AFI|/lɑ.ˈtsɛɾ.tɔ/}}
* [[X-SAMPA]]: /la.&quot;tse4.to/, /lA.&quot;tsE4.tO/
[[Categoria:Substantivo (Ido)]]
[[Categoria:Trissílabo (Ido)]]
[[Categoria:Paroxítona (Ido)]]
[[Categoria:Réptil (Ido)]]
[[Categoria:Entrada com imagem (Ido)]]</text>
<sha1>fpj5k5kapw9zj4jp849qgh8qqa1bb2v</sha1>
</revision>
</page>
