<page>
<title>lacedemónios</title>
<ns>0</ns>
<id>113597</id>
<revision>
<id>2367896</id>
<parentid>2128485</parentid>
<timestamp>2017-05-03T19:02:32Z</timestamp>
<contributor>
<username>HydrizBot</username>
<id>29590</id>
</contributor>
<minor />
<comment>Robô: A limpar links interwikis antigos</comment>
<model>wikitext</model>
<format>text/x-wiki</format>
<text bytes="304" xml:space="preserve">={{-pt-}}=
==Forma de substantivo==
{{proparoxítona aparente|la|ce|de|mó|ni|os}}
# plural de [[lacedemónio]]
==Forma de adjetivo==
{{proparoxítona aparente|la|ce|de|mó|ni|os}}
# plural de [[lacedemónio]]
[[Categoria:Forma de substantivo (Português)]]
[[Categoria:Forma de adjetivo (Português)]]</text>
<sha1>7ocr1tmrd6aj1oz3idptuuwcylu8k8x</sha1>
</revision>
</page>
