<page>
<title>lacerara</title>
<ns>0</ns>
<id>178122</id>
<revision>
<id>2367905</id>
<parentid>1979581</parentid>
<timestamp>2017-05-03T19:02:53Z</timestamp>
<contributor>
<username>HydrizBot</username>
<id>29590</id>
</contributor>
<minor />
<comment>Robô: A limpar links interwikis antigos</comment>
<model>wikitext</model>
<format>text/x-wiki</format>
<text bytes="231" xml:space="preserve">={{-pt-}}=
==Forma verbal==
'''lacerara'''
#[[primeira pessoa|primeira]] e [[terceira pessoa|terceira pessoas]] do [[singular]] do [[pretérito mais-que-perfeito]] do verbo '''[[lacerar]]'''
[[Categoria:Forma verbal (Português)]]</text>
<sha1>9e59mfizfkv1jc8vsw46ezu36ilnvix</sha1>
</revision>
</page>
