<page>
<title>lacerarão</title>
<ns>0</ns>
<id>191371</id>
<revision>
<id>2367921</id>
<parentid>1156738</parentid>
<timestamp>2017-05-03T19:03:33Z</timestamp>
<contributor>
<username>HydrizBot</username>
<id>29590</id>
</contributor>
<minor />
<comment>Robô: A limpar links interwikis antigos</comment>
<model>wikitext</model>
<format>text/x-wiki</format>
<text bytes="173" xml:space="preserve">={{-pt-}}=
==Forma verbal==
'''lacerarão'''
#[[terceira pessoa]] do [[plural]] do [[futuro do presente]] do verbo '''[[lacerar]]'''
[[Categoria:Forma verbal (Português)]]</text>
<sha1>al9yb5qa0g0swer3f9xkokq60aa9md7</sha1>
</revision>
</page>
