<page>
<page>
<title>lacei</title>
<ns>0</ns>
<id>368405</id>
<revision>
<id>2367897</id>
<parentid>2197229</parentid>
<timestamp>2017-05-03T19:02:34Z</timestamp>
<contributor>
<username>HydrizBot</username>
<id>29590</id>
</contributor>
<minor />
<comment>Robô: A limpar links interwikis antigos</comment>
<model>wikitext</model>
<format>text/x-wiki</format>
<text bytes="263" xml:space="preserve">={{-pt-}}=
==Forma verbal==
{{oxítona|la|cei}}
# primeira pessoa do singular do pretérito perfeito do indicativo do verbo [[laçar]]
{{avi-for-fle|laçar}}
==Anagramas==
# [[alcei]]
# [[Alice]]
# [[calei]]
# [[Célia]]
[[Categoria:Forma verbal (Português)]]</text>
<sha1>39a77eidiml1dahevmyoz87t4b0pha9</sha1>
</revision>
