<page>
<page>
<title>lacerávamos</title>
<ns>0</ns>
<id>163899</id>
<revision>
<id>2367948</id>
<parentid>1156763</parentid>
<timestamp>2017-05-03T19:04:50Z</timestamp>
<contributor>
<username>HydrizBot</username>
<id>29590</id>
</contributor>
<minor />
<comment>Robô: A limpar links interwikis antigos</comment>
<model>wikitext</model>
<format>text/x-wiki</format>
<text bytes="200" xml:space="preserve">={{-pt-}}=
==Forma verbal==
'''lacerávamos'''
#[[primeira pessoa]] do [[plural]] do [[pretérito imperfeito]] do [[modo indicativo]] do verbo '''[[lacerar]]'''
[[Categoria:Forma verbal (Português)]]</text>
<sha1>neygccshy8mtg4xm95lcqn6ugygh7w0</sha1>
</revision>
