<page>
<title>lacerarias</title>
<ns>0</ns>
<id>200953</id>
<revision>
<id>2367917</id>
<parentid>1156734</parentid>
<timestamp>2017-05-03T19:03:20Z</timestamp>
<contributor>
<username>HydrizBot</username>
<id>29590</id>
</contributor>
<minor />
<comment>Robô: A limpar links interwikis antigos</comment>
<model>wikitext</model>
<format>text/x-wiki</format>
<text bytes="176" xml:space="preserve">={{-pt-}}=
==Forma verbal==
'''lacerarias'''
#[[segunda pessoa]] do [[singular]] do [[futuro do pretérito]] do verbo '''[[lacerar]]'''
[[Categoria:Forma verbal (Português)]]</text>
<sha1>nbbb3twiasc17es63z74im51m4vssut</sha1>
</revision>
</page>
