<page>
<title>lacerei</title>
<ns>0</ns>
<id>171236</id>
<revision>
<id>2367934</id>
<parentid>1156751</parentid>
<timestamp>2017-05-03T19:04:07Z</timestamp>
<contributor>
<username>HydrizBot</username>
<id>29590</id>
</contributor>
<minor />
<comment>Robô: A limpar links interwikis antigos</comment>
<model>wikitext</model>
<format>text/x-wiki</format>
<text bytes="195" xml:space="preserve">={{-pt-}}=
==Forma verbal==
'''lacerei'''
#[[primeira pessoa]] do [[singular]] do [[pretérito perfeito]] do [[modo indicativo]] do verbo '''[[lacerar]]'''
[[Categoria:Forma verbal (Português)]]</text>
<sha1>ssvo35x5jvy71yqvs6xgxmcqz8pxuen</sha1>
</revision>
</page>
