<page>
<page>
<title>lacerarei</title>
<ns>0</ns>
<id>184291</id>
<revision>
<id>2367909</id>
<parentid>1156727</parentid>
<timestamp>2017-05-03T19:03:02Z</timestamp>
<contributor>
<username>HydrizBot</username>
<id>29590</id>
</contributor>
<minor />
<comment>Robô: A limpar links interwikis antigos</comment>
<model>wikitext</model>
<format>text/x-wiki</format>
<text bytes="174" xml:space="preserve">={{-pt-}}=
==Forma verbal==
'''lacerarei'''
#[[primeira pessoa]] do [[singular]] do [[futuro do presente]] do verbo '''[[lacerar]]'''
[[Categoria:Forma verbal (Português)]]</text>
<sha1>f49cpkfooqdaqeauyjkshn06hffr04f</sha1>
</revision>
