<page>
<title>laceramos</title>
<ns>0</ns>
<id>158183</id>
<revision>
<id>2494163</id>
<parentid>2367902</parentid>
<timestamp>2018-04-05T19:35:48Z</timestamp>
<contributor>
<username>ValJor</username>
<id>1358</id>
</contributor>
<comment>Acrescentando a predefinição avi-for-fle</comment>
<model>wikitext</model>
<format>text/x-wiki</format>
<text bytes="402" xml:space="preserve">={{-pt-}}=
==Forma verbal==
{{paroxítona|la|ce|ra|mos}}
# primeira pessoa do plural do presente do modo indicativo do verbo [[lacerar]]
# {{escopo2|grafia brasileira}} primeira pessoa do plural do pretérito perfeito do modo indicativo do verbo [[lacerar]]
{{avi-for-fle|lacerar}}
==Anagramas==
# [[aclaremos]]
# [[calaremos]]
# [[caramelos]]
# [[clareamos]]
[[Categoria:Forma verbal (Português)]]</text>
<sha1>jqgtfa1c1gm6vy6dqwgp5eo6r178sm7</sha1>
</revision>
</page>
