<page>
<page>
<title>lacerámos</title>
<ns>0</ns>
<id>166612</id>
<revision>
<id>2367943</id>
<parentid>2047911</parentid>
<timestamp>2017-05-03T19:04:37Z</timestamp>
<contributor>
<username>HydrizBot</username>
<id>29590</id>
</contributor>
<minor />
<comment>Robô: A limpar links interwikis antigos</comment>
<model>wikitext</model>
<format>text/x-wiki</format>
<text bytes="387" xml:space="preserve">{{grafiaPtpt|laceramos}}
={{-pt-}}=
==Forma verbal==
'''lacerámos'''
# primeira pessoa do plural do pretérito perfeito do modo indicativo do verbo [[lacerar]]
{{avi-for-fle|lacerar}}
==Anagramas==
# [[aclaremos]]
# [[calaremos]]
# [[caramelos]]
# [[clareamos]]
# [[laçaremos]]
# [[laceramos]]
# [[lacreamos]]
# [[recalamos]]
# [[sarcolema]]
[[Categoria:Forma verbal (Português)]]</text>
<sha1>1wygwzybvanvfhtvf9uihf8jirbpyxw</sha1>
</revision>
