<page>
<page>
<title>lacerar</title>
<ns>0</ns>
<id>79542</id>
<revision>
<id>2659997</id>
<parentid>2612798</parentid>
<timestamp>2022-02-12T15:51:05Z</timestamp>
<contributor>
<username>ValJor</username>
<id>1358</id>
</contributor>
<comment>Melhorando a apresentação do verbete</comment>
<model>wikitext</model>
<format>text/x-wiki</format>
<text bytes="902" xml:space="preserve">={{-pt-}}=
==Verbo==
{{oxítona|la|ce|rar}}, {{gramática|refl}}
# se [[ferir]]
#* '''2000'''. MONTAIGNE.  Apologia de Raymond Sebond.  In: _____.  ''Os ensaios''.  Tradução de Rosemary Costhek Abílio.  São Paulo: Martins Fontes, 2000.  Livro 2, p. 284.
#*: E depois, de que servem os dilaceramentos e desmembramentos dos coribantes, das mênades e, em nossa época, dos maometanos, que '''laceram''' o rosto, o estômago, os membros, para agradar a seu profeta, uma vez que a ofensa consiste na vontade,
===Conjugação===
{{conj/pt|lacer|ar}}
=={{etimologia|pt}}==
{{llietimo|la|lacerare|pt}}
=={{pronúncia|pt}}==
===Portugal===
* AFI: {{AFI|/lɐ.sɨ.ˈɾaɾ/}}
==Ligações externas==
* {{Aulete}}
* {{Michaelis}}
* {{DicioAberto}}
* {{DLPO}}
* {{Infopédia}}
* {{PLP}}
* {{VOLPABL}}
==Anagrama==
&lt;!-- índice para anagramas: pt: aacelrr --&gt;
# [[clarear]]
[[Categoria:Verbo (Português)]]</text>
<sha1>1hdncx7x1a9xmp2w6e7nnvzjjxso2qa</sha1>
</revision>
