<page>
<title>lacerta</title>
<ns>0</ns>
<id>77117</id>
<revision>
<id>2367941</id>
<parentid>2170081</parentid>
<timestamp>2017-05-03T19:04:31Z</timestamp>
<contributor>
<username>HydrizBot</username>
<id>29590</id>
</contributor>
<minor />
<comment>Robô: A limpar links interwikis antigos</comment>
<model>wikitext</model>
<format>text/x-wiki</format>
<text bytes="957" xml:space="preserve">{{ver também|Lacerta}}
[[Imagem:Le Caylar fg22.jpg|175px|thumb|&lt;center&gt;'''Lacerta'''&lt;/center&gt;]]
={{-ia-}}=
==Substantivo==
'''la.{{grifar|cer}}.ta''' {{p|lacertas}}
# {{escopo|Zoologia}} [[lagarto]]
=={{etimologia|ia}}==
{{llietimo|la|lacerta|ia}}
=={{pronúncia}}==
* [[AFI]]: {{AFI|/la.ˈseɾ.ta/}}, {{AFI|/la.ˈtseɾ.ta/}}
* [[X-SAMPA]]: /la.&quot;se4.ta/, /la.&quot;tse4.ta/
={{-la-}}=
==Substantivo==
'''la.cer.ta''', {{gramática|f}} ({{gramática|m}} '''''[[lacertus]]''''')
# {{escopo|Zoologia}} [[lagarto]]
===Declinação===
{{decl.la.subst.1d|lacert}}
[[Categoria:Substantivo (Interlíngua)]]
[[Categoria:Trissílabo (Interlíngua)]]
[[Categoria:Paroxítona (Interlíngua)]]
[[Categoria:Réptil (Interlíngua)]]
[[Categoria:Entrada com pronúncia (Interlíngua)]]
[[Categoria:Entrada com imagem (Interlíngua)]]
[[Categoria:Substantivo (Latim)]]
[[Categoria:Trissílabo (Latim)]]
[[Categoria:Réptil (Latim)]]
[[Categoria:Entrada com imagem (Latim)]]</text>
<sha1>dmcppykw78uj4gceaa17kqot6649b45</sha1>
</revision>
</page>
