<page>
<title>laceravam</title>
<ns>0</ns>
<id>169775</id>
<revision>
<id>2367931</id>
<parentid>1156748</parentid>
<timestamp>2017-05-03T19:03:59Z</timestamp>
<contributor>
<username>HydrizBot</username>
<id>29590</id>
</contributor>
<minor />
<comment>Robô: A limpar links interwikis antigos</comment>
<model>wikitext</model>
<format>text/x-wiki</format>
<text bytes="197" xml:space="preserve">={{-pt-}}=
==Forma verbal==
'''laceravam'''
#[[terceira pessoa]] do [[plural]] do [[pretérito imperfeito]] do [[modo indicativo]] do verbo '''[[lacerar]]'''
[[Categoria:Forma verbal (Português)]]</text>
<sha1>2iw1rw3a2gcb8lfivwenmw56atathfk</sha1>
</revision>
</page>
