<page>
<title>lacere</title>
<ns>0</ns>
<id>213753</id>
<revision>
<id>2367933</id>
<parentid>1979596</parentid>
<timestamp>2017-05-03T19:04:05Z</timestamp>
<contributor>
<username>HydrizBot</username>
<id>29590</id>
</contributor>
<minor />
<comment>Robô: A limpar links interwikis antigos</comment>
<model>wikitext</model>
<format>text/x-wiki</format>
<text bytes="407" xml:space="preserve">={{-pt-}}=
==Forma verbal==
'''lacere'''
#[[primeira pessoa|primeira]] e [[terceira pessoa]] do [[singular]] do [[presente]] do [[modo subjuntivo]] do verbo '''[[lacerar]]'''
#[[terceira pessoa]] do [[singular]] do [[imperativo]] [[afirmativo]] do verbo '''[[lacerar]]'''
#[[terceira pessoa]] do [[singular]] do [[imperativo]] [[negativo]] do verbo '''[[lacerar]]'''
[[Categoria:Forma verbal (Português)]]</text>
<sha1>h28pqnpxgdfy103y05qqdnutdtdw6lb</sha1>
</revision>
</page>
