<page>
<page>
<title>laceis</title>
<ns>0</ns>
<id>368407</id>
<revision>
<id>2367898</id>
<parentid>2197231</parentid>
<timestamp>2017-05-03T19:02:36Z</timestamp>
<contributor>
<username>HydrizBot</username>
<id>29590</id>
</contributor>
<minor />
<comment>Robô: A limpar links interwikis antigos</comment>
<model>wikitext</model>
<format>text/x-wiki</format>
<text bytes="349" xml:space="preserve">={{-pt-}}=
==Forma verbal==
{{oxítona|la|ceis}}
# segunda pessoa do plural do presente do {{PEPB|inline=1|conjuntivo|subjuntivo}} do verbo [[laçar]]
# segunda pessoa do plural do imperativo negativo do verbo laçar
{{avi-for-fle|laçar}}
==Anagramas==
# [[alceis]]
# [[Alices]]
# [[caleis]]
# [[Célias]]
[[Categoria:Forma verbal (Português)]]</text>
<sha1>79i74uk1w54lmdrptirxoc9x8m6l53o</sha1>
</revision>
