<page>
<title>laceraras</title>
<ns>0</ns>
<id>179615</id>
<revision>
<id>2367907</id>
<parentid>1979580</parentid>
<timestamp>2017-05-03T19:02:58Z</timestamp>
<contributor>
<username>HydrizBot</username>
<id>29590</id>
</contributor>
<minor />
<comment>Robô: A limpar links interwikis antigos</comment>
<model>wikitext</model>
<format>text/x-wiki</format>
<text bytes="183" xml:space="preserve">={{-pt-}}=
==Forma verbal==
'''laceraras'''
#[[segunda pessoa]] do [[singular]] do [[pretérito mais-que-perfeito]] do verbo '''[[lacerar]]'''
[[Categoria:Forma verbal (Português)]]</text>
<sha1>gpdqltajr1xywv7tmhbjvak5hqr2vt5</sha1>
</revision>
</page>
