<page>
<title>laceirado</title>
<ns>0</ns>
<id>397591</id>
<revision>
<id>2509029</id>
<timestamp>2018-07-04T16:40:02Z</timestamp>
<contributor>
<username>Cpls</username>
<id>20608</id>
</contributor>
<comment>[[Ajuda:Guia de edição/Menus e ferramentas/Sumário de edição|→]] nova página: ={{-gl-}}= ==Adjetivo== {{flex.gl|ms=laceirado|mp=laceirados|fs=laceirada|fp=laceiradas}} {{paroxítona|la|ce...</comment>
<model>wikitext</model>
<format>text/x-wiki</format>
<text bytes="500" xml:space="preserve">={{-gl-}}=
==Adjetivo==
{{flex.gl|ms=laceirado|mp=laceirados|fs=laceirada|fp=laceiradas}}
{{paroxítona|la|cei|ra|do|lang=gl}}
# [[lacerado]], rasgado; ferido, magoado
# que padece [[lepra]]
# [[miserável]], pobre, desgraçado
===Sinónimos===
* De '''2''': [[lazarado#{{gl}}|lazarado]]
* De '''3''': [[laceirento#{{gl}}|laceirento]]
=={{etimologia|gl}}==
: Do particípio do verbo ''[[laceirar#{{gl}}|laceirar]]''. Confronte-se com ''[[laceira#{{gl}}|laceira]]''.
[[Categoria:Adjetivo (Galego)]]</text>
<sha1>dcyqtcg78sxtic8blcotxomlquv52pn</sha1>
</revision>
</page>
