<page>
<page>
<title>lacear</title>
<ns>0</ns>
<id>271680</id>
<revision>
<id>2367894</id>
<parentid>1981407</parentid>
<timestamp>2017-05-03T19:02:28Z</timestamp>
<contributor>
<username>HydrizBot</username>
<id>29590</id>
</contributor>
<minor />
<comment>Robô: A limpar links interwikis antigos</comment>
<model>wikitext</model>
<format>text/x-wiki</format>
<text bytes="413" xml:space="preserve">={{-pt-}}=
==Verbo==
{{oxítona|la|ce|ar}}, ''transitivo direto''
# [[folgar]]
# [[tirar]] o aperto do sapato
# [[desapertar]] o sapato novo
# [[livrar]]-se do que apertava ou comprimia
# [[libertar]]-se daquilo que aperta
# [[desafogar]] 
# [[alargar]]
# {{escopo|Português clássico}} [[adornar]], [[enfeitar]], [[ornar]] com [[laço]]s
===Conjugação===
{{conj/pt|lac|ear}}
[[Categoria:Verbo (Português)]]</text>
<sha1>sdb20eck8mscawquw5fhrajxfb4im1h</sha1>
</revision>
