<page>
<page>
<title>lacete</title>
<ns>0</ns>
<id>100756</id>
<revision>
<id>1489912</id>
<parentid>1207966</parentid>
<timestamp>2012-10-21T18:30:37Z</timestamp>
<contributor>
<username>VJBot</username>
<id>33673</id>
</contributor>
<minor />
<comment>Robô: Substituição de texto automática  (-{{wikipedia}} +{{Wikipédia}})</comment>
<model>wikitext</model>
<format>text/x-wiki</format>
<text bytes="563" xml:space="preserve">{{Wikipédia}}
={{-pt-}}=
==Substantivo==
{{flex.pt|ms=lacete|mp=lacetes}}
{{paroxítona|la|ce|te}}
# parte da [[fechadura]], por onde passa o [[fecho]]
# [[curva]] e [[contra-curva]] de uma [[estrada]]
# [[movimento]] da [[máquina]] de [[comboio]], quando marcha coleando
# [[empedrado]], que, de espaço a espaço, se faz nas [[estrada]]s macadamizadas, para que as enxurradas as não descarnem
# {{escopo|Topologia}} [[caminho]] cujos [[ponto]]s [[inicial]] e [[final]] coincidem
=={{etimologia|pt}}==
: De [[laço]].
[[Categoria:Substantivo (Português)]]</text>
<sha1>hkyybyop11dbc0fcu5dwnwfq87fsj43</sha1>
</revision>
