<page>
<title>lacerasse</title>
<ns>0</ns>
<id>206262</id>
<revision>
<id>2367925</id>
<parentid>2128484</parentid>
<timestamp>2017-05-03T19:03:44Z</timestamp>
<contributor>
<username>HydrizBot</username>
<id>29590</id>
</contributor>
<minor />
<comment>Robô: A limpar links interwikis antigos</comment>
<model>wikitext</model>
<format>text/x-wiki</format>
<text bytes="231" xml:space="preserve">={{-pt-}}=
==Forma verbal==
'''lacerasse'''
#[[primeira pessoa|primeira]] e [[terceira pessoa]] do [[singular]] do [[pretérito imperfeito]] do [[modo subjuntivo]] do verbo '''[[lacerar]]'''
[[Categoria:Forma verbal (Português)]]</text>
<sha1>pj8g5xyqdu8ae41ut5lnzdqh8vwdt9b</sha1>
</revision>
</page>
