<page>
<title>laceremos</title>
<ns>0</ns>
<id>215068</id>
<revision>
<id>2367937</id>
<parentid>1979595</parentid>
<timestamp>2017-05-03T19:04:14Z</timestamp>
<contributor>
<username>HydrizBot</username>
<id>29590</id>
</contributor>
<minor />
<comment>Robô: A limpar links interwikis antigos</comment>
<model>wikitext</model>
<format>text/x-wiki</format>
<text bytes="373" xml:space="preserve">={{-pt-}}=
==Forma verbal==
'''laceremos'''
#[[primeira pessoa]] do [[plural]] do [[presente]] do [[modo subjuntivo]] do verbo '''[[lacerar]]'''
#[[primeira pessoa]] do [[plural]] do [[imperativo]] [[afirmativo]] do verbo '''[[lacerar]]'''
#[[primeira pessoa]] do [[plural]] do [[imperativo]] [[negativo]] do verbo '''[[lacerar]]'''
[[Categoria:Forma verbal (Português)]]</text>
<sha1>plnbb4mv31q2o1lli10x4rdhusyg094</sha1>
</revision>
</page>
