<page>
<page>
<title>laceraremos</title>
<ns>0</ns>
<id>188564</id>
<revision>
<id>2367912</id>
<parentid>1979578</parentid>
<timestamp>2017-05-03T19:03:10Z</timestamp>
<contributor>
<username>HydrizBot</username>
<id>29590</id>
</contributor>
<minor />
<comment>Robô: A limpar links interwikis antigos</comment>
<model>wikitext</model>
<format>text/x-wiki</format>
<text bytes="174" xml:space="preserve">={{-pt-}}=
==Forma verbal==
'''laceraremos'''
#[[primeira pessoa]] do [[plural]] do [[futuro do presente]] do verbo '''[[lacerar]]'''
[[Categoria:Forma verbal (Português)]]</text>
<sha1>01oei1j8k2mqzsh64faepu1t14w738x</sha1>
</revision>
