<page>
<page>
<title>laceram</title>
<ns>0</ns>
<id>161152</id>
<revision>
<id>2367901</id>
<parentid>1156720</parentid>
<timestamp>2017-05-03T19:02:42Z</timestamp>
<contributor>
<username>HydrizBot</username>
<id>29590</id>
</contributor>
<minor />
<comment>Robô: A limpar links interwikis antigos</comment>
<model>wikitext</model>
<format>text/x-wiki</format>
<text bytes="182" xml:space="preserve">={{-pt-}}=
==Forma verbal==
'''laceram'''
#[[terceira pessoa]] do [[plural]] do [[presente]] do [[modo indicativo]] do verbo '''[[lacerar]]'''
[[Categoria:Forma verbal (Português)]]</text>
<sha1>321cax4um45h6rgob0lsgt2i27lmi1v</sha1>
</revision>
