<page>
<title>laceraria</title>
<ns>0</ns>
<id>192667</id>
<revision>
<id>2367915</id>
<parentid>1156732</parentid>
<timestamp>2017-05-03T19:03:15Z</timestamp>
<contributor>
<username>HydrizBot</username>
<id>29590</id>
</contributor>
<minor />
<comment>Robô: A limpar links interwikis antigos</comment>
<model>wikitext</model>
<format>text/x-wiki</format>
<text bytes="207" xml:space="preserve">={{-pt-}}=
==Forma verbal==
'''laceraria'''
#[[primeira pessoa|primeira]] e [[terceira pessoa]] do [[singular]] do [[futuro do pretérito]] do verbo '''[[lacerar]]'''
[[Categoria:Forma verbal (Português)]]</text>
<sha1>tl7nr0h2y543k7we7nm2d0bjzpzwkkc</sha1>
</revision>
</page>
