<page>
<page>
<title>lacerou</title>
<ns>0</ns>
<id>174007</id>
<revision>
<id>2367940</id>
<parentid>1156757</parentid>
<timestamp>2017-05-03T19:04:25Z</timestamp>
<contributor>
<username>HydrizBot</username>
<id>29590</id>
</contributor>
<minor />
<comment>Robô: A limpar links interwikis antigos</comment>
<model>wikitext</model>
<format>text/x-wiki</format>
<text bytes="204" xml:space="preserve">={{-pt-}}=
==Forma verbal==
'''la.ce.&lt;u&gt;rou&lt;/u&gt;'''
#[[terceira pessoa]] do [[singular]] do [[pretérito perfeito]] do [[modo indicativo]] do verbo '''[[lacerar]]'''
[[Categoria:Forma verbal (Português)]]</text>
<sha1>irkuk3iinwrjohgqpzu83s8sqgh2agd</sha1>
</revision>
