<page>
<title>lacerai</title>
<ns>0</ns>
<id>220916</id>
<revision>
<id>2367899</id>
<parentid>1979585</parentid>
<timestamp>2017-05-03T19:02:38Z</timestamp>
<contributor>
<username>HydrizBot</username>
<id>29590</id>
</contributor>
<minor />
<comment>Robô: A limpar links interwikis antigos</comment>
<model>wikitext</model>
<format>text/x-wiki</format>
<text bytes="176" xml:space="preserve">={{-pt-}}=
==Forma verbal==
'''lacerai'''
#[[segunda pessoa]] do [[plural]] do [[imperativo]] [[afirmativo]] do verbo '''[[lacerar]]'''
[[Categoria:Forma verbal (Português)]]</text>
<sha1>mwnir2hsfbtc9g6h1acpez9necbirws</sha1>
</revision>
</page>
