<page>
<title>laceres</title>
<ns>0</ns>
<id>219431</id>
<revision>
<id>2367938</id>
<parentid>1979594</parentid>
<timestamp>2017-05-03T19:04:17Z</timestamp>
<contributor>
<username>HydrizBot</username>
<id>29590</id>
</contributor>
<minor />
<comment>Robô: A limpar links interwikis antigos</comment>
<model>wikitext</model>
<format>text/x-wiki</format>
<text bytes="278" xml:space="preserve">={{-pt-}}=
==Forma verbal==
'''laceres'''
#[[segunda pessoa]] do [[singular]] do [[presente]] do [[modo subjuntivo]] do verbo '''[[lacerar]]'''
#[[segunda pessoa]] do [[singular]] do [[imperativo]] [[negativo]] do verbo '''[[lacerar]]'''
[[Categoria:Forma verbal (Português)]]</text>
<sha1>1jfoykbdtwhpiwx06n1dz8m0qrk08xq</sha1>
</revision>
</page>
