<page>
<title>lacerais</title>
<ns>0</ns>
<id>159596</id>
<revision>
<id>2367900</id>
<parentid>1459816</parentid>
<timestamp>2017-05-03T19:02:40Z</timestamp>
<contributor>
<username>HydrizBot</username>
<id>29590</id>
</contributor>
<minor />
<comment>Robô: A limpar links interwikis antigos</comment>
<model>wikitext</model>
<format>text/x-wiki</format>
<text bytes="182" xml:space="preserve">={{-pt-}}=
==Forma verbal==
'''lacerais'''
#[[segunda pessoa]] do [[plural]] do [[presente]] do [[modo indicativo]] do verbo '''[[lacerar]]'''
[[Categoria:Forma verbal (Português)]]</text>
<sha1>ce5srqqpmewx6hc29dka43z9drilb75</sha1>
</revision>
</page>
