<page>
<title>laceira</title>
<ns>0</ns>
<id>397590</id>
<revision>
<id>2509038</id>
<parentid>2509028</parentid>
<timestamp>2018-07-04T17:03:20Z</timestamp>
<contributor>
<username>Cpls</username>
<id>20608</id>
</contributor>
<comment>/* {{-gl-}} */</comment>
<model>wikitext</model>
<format>text/x-wiki</format>
<text bytes="362" xml:space="preserve">={{-gl-}}=
==Substantivo==
{{flex.gl|fs=laceira|fp=laceiras}}
{{paroxítona|la|cei|ra|lang=gl}}, {{g|f|lang=gl}}
# [[leseira]], indolência, preguiça
# [[miséria]], pobreza
# [[desgraça]]; trabalho penoso
# [[fome]]
# [[ferida]], chaga
# [[lepra]]
=={{etimologia|gl}}==
: Confronte-se com ''[[laceirar#{{gl}}|laceirar]]''.
[[Categoria:Substantivo (Galego)]]</text>
<sha1>cu5nnybe1h20n3w5iaerhj2djr4fn9c</sha1>
</revision>
</page>
