<page>
<title>Lachs</title>
<ns>0</ns>
<id>237191</id>
<revision>
<id>2459033</id>
<parentid>2272760</parentid>
<timestamp>2017-11-04T06:09:33Z</timestamp>
<contributor>
<username>Spanier</username>
<id>43713</id>
</contributor>
<comment>suplementos</comment>
<model>wikitext</model>
<format>text/x-wiki</format>
<text bytes="352" xml:space="preserve">={{-de-}}=
==Substantivo==
'''Lachs''', {{gramática|m|lang=de}}
# {{escopo|de|peixe}} [[salmão]]
===Declinação===
{{decl.de.subst.masc|gs=es|np=e|ds=e|Lachs}}
=={{etimologia|de}}==
:Do [[alto alemão médio]] ''lahs''.
==={{pronúncia|de}}===
* [[AFI]]: {{AFI|/laks/|de}} {{audio|De-Lachs.ogg|ouvir|lang=de}}
[[Categoria:Substantivo (Alemão)]]</text>
<sha1>p21mj4janq0keu518teaae43nxhaqnb</sha1>
</revision>
</page>
