<page>
<title>lacho</title>
<ns>0</ns>
<id>382466</id>
<revision>
<id>2518034</id>
<parentid>2448862</parentid>
<timestamp>2018-09-08T10:01:22Z</timestamp>
<contributor>
<username>ValJor</username>
<id>1358</id>
</contributor>
<comment>Melhorando a apresentação do verbete</comment>
<model>wikitext</model>
<format>text/x-wiki</format>
<text bytes="546" xml:space="preserve">={{-pt-}}=
==Substantivo==
{{flex.pt|ms=lacho|mp=lachos}}
{{paroxítona|la|cho}}, {{gramática|m}}
# [[tipo]] de [[roupa de cama]] utilizada para cobrir o [[colchão]]
#* ''Este jogo de cama inclui um '''lacho''', um lençol e duas fronhas.''
===Sinônimo===
* [[lençol de baixo]]
==Ver também==
===No Wikcionário===
{{verTambém.Ini}}
* [[coberta]]
* [[cobertor]]
* [[colcha]]
* [[edredom]]
{{verTambém.NovaColuna}}
* [[fronha]]
* [[lençol]]
* [[roupa de cama]]
* [[travesseiro]]
{{verTambém.Fim}}
[[Categoria:Substantivo (Português)]]</text>
<sha1>8iphz8x4j7ix0ln1d0o1ddff55tiaeg</sha1>
</revision>
</page>
