<page>
<page>
<title>lachen</title>
<ns>0</ns>
<id>13312</id>
<revision>
<id>2455250</id>
<parentid>2367951</parentid>
<timestamp>2017-10-17T04:04:09Z</timestamp>
<contributor>
<username>Spanier</username>
<id>43713</id>
</contributor>
<comment>suplementos</comment>
<model>wikitext</model>
<format>text/x-wiki</format>
<text bytes="570" xml:space="preserve">={{-de-}}=
== Verbo ==
{{paroxítona|la|chen|lang=de}}, ''intransitivo''
# [[rir]](se) (de)
# {{tradex|de|Wer zuletzt '''lacht''', '''lacht''' am besten.|Quem ri por último, ri melhor.}}
=== Conjugação ===
{{conj.de.fraca|radical=lach|particípio ii=gelacht|verbo auxiliar=haben}}
{{conj.de.fraca.completa|radical=lach|particípio ii=gelacht|verbo auxiliar=haben}}
[[Categoria:Verbo regular (Alemão)]]
=={{etimologia|de}}==
: Do [[alto alemão antigo]] ''(h)lahhan''.
=={{pronúncia|de}}==
* [[AFI]]: {{AFI|/ˈlaxən/|de}} {{audio|De-at-lachen.ogg|ouvir|lang=de}}</text>
<sha1>angakf3y61t3tqh04iaqvpkcbwmjfcm</sha1>
</revision>
