<page>
<title>lack</title>
<ns>0</ns>
<id>38400</id>
<revision>
<id>2367953</id>
<parentid>2198479</parentid>
<timestamp>2017-05-03T19:05:15Z</timestamp>
<contributor>
<username>HydrizBot</username>
<id>29590</id>
</contributor>
<minor />
<comment>Robô: A limpar links interwikis antigos</comment>
<model>wikitext</model>
<format>text/x-wiki</format>
<text bytes="274" xml:space="preserve">={{-en-}}=
==Substantivo==
{{flex.en|s=lack|p=lacks}}
'''lack'''
# [[falta]], [[deficiência]]
==Verbo==
'''lack'''
# [[faltar]]; [[carecer]]
===Conjugação===
{{conj.en|lack|lacks|lacked|lacked|lacking}}
[[Categoria:Substantivo (Inglês)]]
[[Categoria:Verbo (Inglês)]]</text>
<sha1>by62wouqqmsk2v3zdj8mt9q3jbz6cbl</sha1>
</revision>
</page>
