<page>
<page>
<title>Lack</title>
<ns>0</ns>
<id>49287</id>
<revision>
<id>2272761</id>
<parentid>1834369</parentid>
<timestamp>2017-04-26T20:38:46Z</timestamp>
<contributor>
<username>HydrizBot</username>
<id>29590</id>
</contributor>
<minor />
<comment>Robô: A limpar links interwikis antigos</comment>
<model>wikitext</model>
<format>text/x-wiki</format>
<text bytes="366" xml:space="preserve">{{ver também|lack}}
={{-de-}}=
==Substantivo==
'''Lack''' {{m}}, ''[[forte]]''
# [[verniz]].
===Declinação===
{{decl.de.subst.forte.masc.date|ns=Lack|np=Lacke|gs=Lack(e)s}}
=={{pronúncia}}==
* [[AFI]]: {{AFI|/ˈlak/}}
* [[X-SAMPA]]: /&quot;lak/
[[Categoria:Substantivo (Alemão)]]
[[Categoria:Monossílabo (Alemão)]]
[[Categoria:Entrada com pronúncia (Alemão)]]</text>
<sha1>7xwmmgu9sbp6w2b2abthgkobwrlshiz</sha1>
</revision>
