<page>
<title>lacoriar</title>
<ns>0</ns>
<id>374876</id>
<revision>
<id>2243635</id>
<timestamp>2017-02-23T13:17:22Z</timestamp>
<contributor>
<username>Cpls</username>
<id>20608</id>
</contributor>
<comment>[[Ajuda:Guia de edição/Menus e ferramentas/Sumário de edição|→]] nova página: ={{-gl-}}= ==Verbo== {{oxítona|la|co|ri|ar|lang=gl}} {{g|trans}} # [[falar]], conversar, muito  ==={{-varort...</comment>
<model>wikitext</model>
<format>text/x-wiki</format>
<text bytes="354" xml:space="preserve">={{-gl-}}=
==Verbo==
{{oxítona|la|co|ri|ar|lang=gl}} {{g|trans}}
# [[falar]], conversar, muito
==={{-varort-}}===
* [[lacorear#{{gl}}|lacorear]], [[lecorear#{{gl}}|lecorear]], [[lecoriar#{{gl}}|lecoriar]]
=={{etimologia|gl}}==
: Da mesma raiz que ''[[lécora#{{gl}}|lécora]]''. Confronte-se com ''[[laca#{{gl}}|laca]]''.
[[Categoria:Verbo (Galego)]]</text>
<sha1>8nws776e9m6tt43on3d0p71m2k4ylht</sha1>
</revision>
</page>
