<page>
<page>
<title>laconic</title>
<ns>0</ns>
<id>335286</id>
<revision>
<id>2367957</id>
<parentid>1940304</parentid>
<timestamp>2017-05-03T19:05:34Z</timestamp>
<contributor>
<username>HydrizBot</username>
<id>29590</id>
</contributor>
<minor />
<comment>Robô: A limpar links interwikis antigos</comment>
<model>wikitext</model>
<format>text/x-wiki</format>
<text bytes="87" xml:space="preserve">={{-en-}}=
==Adjetivo==
'''laconic'''
# [[lacônico]]
[[Categoria:Adjetivo (Inglês)]]</text>
<sha1>bhih7nwxhtwdjxx65o8ge19rgco4n3m</sha1>
</revision>
