<page>
<page>
<title>laco</title>
<ns>0</ns>
<id>296857</id>
<revision>
<id>2367955</id>
<parentid>2250243</parentid>
<timestamp>2017-05-03T19:05:25Z</timestamp>
<contributor>
<username>HydrizBot</username>
<id>29590</id>
</contributor>
<minor />
<comment>Robô: A limpar links interwikis antigos</comment>
<model>wikitext</model>
<format>text/x-wiki</format>
<text bytes="348" xml:space="preserve">={{-gl-}}=
==Substantivo==
{{flex.pt|ms=laco|mp=lacos}}
{{paroxítona|la|co}}, {{m}}
# [[puxão]] que se dá na [[sedela]] de pescar para que o [[anzol]] se [[cravar|crave]] no peixe
==Ver também==
===No Wikcionário===
{{verTambém.Ini}}
* [[lacão]]
{{verTambém.NovaColuna}}
* [[laquear]]
{{verTambém.Fim}}
[[Categoria:Substantivo (Galego)]]</text>
<sha1>bkuz5o1w9s4qy4hwqnaegh1it76tf9g</sha1>
</revision>
