<page>
<page>
<title>lacoeira</title>
<ns>0</ns>
<id>433185</id>
<revision>
<id>2631034</id>
<timestamp>2021-04-20T17:33:16Z</timestamp>
<contributor>
<ip>176.83.89.217</ip>
</contributor>
<comment>Criar verbete</comment>
<model>wikitext</model>
<format>text/x-wiki</format>
<text bytes="806" xml:space="preserve">={{-gl-}}=
==Forma de adjetivo==
{{flex.gl|fs=lacoeira|fp=lacoeiras|ms=lacoeiro|mp=lacoeiros}} 
{{paroxítona|la|co|ei|ra|lang=gl}}
# vide em ''[[lacoeiro#{{gl}}|lacoeiro]]''
==Substantivo==
{{flex.gl|fs=lacoeira|fp=lacoeiras|ms=lacoeiro|mp=lacoeiros}}
{{paroxítona|la|co|ei|ra|lang=gl}}
# pessoa que comercia com [[lacão|lacões]], ou que tem apetência por eles
{{flex.gl|fs=lacoeira|fp=lacoeiras|ms=lacoeiro|mp=lacoeiros}}
{{paroxítona|la|co|ei|ra|lang=gl}}, {{g|f}}
#{{cont|2}} [[lacão]], extremidade anterior do [[porco]]
# {{escopo|gl|Culinária}} [[cozido]] que tem como base e ingrediente principal o lacão
=={{etimologia|gl}}==
: {{escopo|Morfologia}} De ''[[lacão#{{gl}}|lacão]]'' + ''[[-eira#{{gl}}|-eira]]''.
[[Categoria:Substantivo (Galego)]]
[[Categoria:Forma de adjetivo (Galego)]]</text>
<sha1>6vakvusc59ecmiuc5bp5ce5dwvdb1py</sha1>
</revision>
