<page>
<page>
<title>lacoada</title>
<ns>0</ns>
<id>295827</id>
<revision>
<id>1442128</id>
<timestamp>2012-08-12T14:15:09Z</timestamp>
<contributor>
<username>Cpls</username>
<id>20608</id>
</contributor>
<comment>[[Ajuda:Guia de edição/Menus e ferramentas/Sumário de edição|→]] nova página: ={{-pt-}}= ==Substantivo== {{flex.pt|fs=lacoada|fp=lacoadas}} {{paroxítona|la|co|a|da}} # {{escopo|Galiza}} ...</comment>
<model>wikitext</model>
<format>text/x-wiki</format>
<text bytes="314" xml:space="preserve">={{-pt-}}=
==Substantivo==
{{flex.pt|fs=lacoada|fp=lacoadas}}
{{paroxítona|la|co|a|da}}
# {{escopo|Galiza}} [[comida]] cozida na que o [[lacão]] é principal
# {{escopo|Galiza}} enchente a base de [[lacão]] 
=={{etimologia|pt}}==
: {{escopo|Morfologia}} De [[lacão]].
[[Categoria:Substantivo (Português)]]</text>
<sha1>n0hdc2l92utek0euph20wdjnisdj05n</sha1>
</revision>
