<page>
<title>lacraus</title>
<ns>0</ns>
<id>365736</id>
<revision>
<id>2367961</id>
<parentid>2179523</parentid>
<timestamp>2017-05-03T19:05:44Z</timestamp>
<contributor>
<username>HydrizBot</username>
<id>29590</id>
</contributor>
<minor />
<comment>Robô: A limpar links interwikis antigos</comment>
<model>wikitext</model>
<format>text/x-wiki</format>
<text bytes="171" xml:space="preserve">={{-pt-}}=
==Forma de substantivo==
{{oxítona|la|craus}} {{gramática|mp}}
# plural de [[lacrau]]
{{avi-for-fle|lacrau}}
[[Categoria:Forma de substantivo (Português)]]</text>
<sha1>mdpfkpbmkardpaq8ohyrch77fl8f93k</sha1>
</revision>
</page>
