<page>
<title>lacre</title>
<ns>0</ns>
<id>375964</id>
<revision>
<id>2691006</id>
<parentid>2687991</parentid>
<timestamp>2022-10-29T09:34:32Z</timestamp>
<contributor>
<username>ValJor</username>
<id>1358</id>
</contributor>
<comment>/*Ligações externas*/ (acrescentando esta seção)</comment>
<model>wikitext</model>
<format>text/x-wiki</format>
<text bytes="653" xml:space="preserve">{{Wikipédia|lang=pt}}
={{-pt-}}=
==Substantivo==
{{flex.pt|ms=lacre|mp=lacres}}
{{paroxítona|la|cre}}, {{gramática|m}}
# peça movível presa por um pedaço de metal a recipiente vedado para líquidos que permite abri-lo ao se incliná-la a aplicar pressão por meio de método de alavancagem a uma parte rompível
# {{escopo2|Plebeísmo}} resposta ultimada no intuito de fazer calar o destinatário; [[goga]], [[resposta]]
===Sinônimos===
* De '''1''':  [[anel de lata]]
==Ligações externas==
* {{Aulete}}
* {{Michaelis}}
* {{Dicio}}
* {{DicioAberto}}
* {{DLPO}}
* {{Infopédia}}
* {{PLP}}
* {{VOLPABL}}
[[Categoria:Substantivo (Português)]]</text>
<sha1>49q8agg8z83vlp996h9io4ug0yicm3y</sha1>
</revision>
</page>
