<page>
<page>
<title>lacrimar</title>
<ns>0</ns>
<id>317314</id>
<revision>
<id>2367963</id>
<parentid>1979600</parentid>
<timestamp>2017-05-03T19:05:50Z</timestamp>
<contributor>
<username>HydrizBot</username>
<id>29590</id>
</contributor>
<minor />
<comment>Robô: A limpar links interwikis antigos</comment>
<model>wikitext</model>
<format>text/x-wiki</format>
<text bytes="133" xml:space="preserve">={{-pt-}}=
==Verbo==
{{oxítona|la|cri|mar}}
# [[chorar]]
===Conjugação===
{{conj/pt|lacrim|ar}}
[[Categoria:Verbo (Português)]]</text>
<sha1>nsuhdulv6gs3e25qnvcdcogky3gmlkf</sha1>
</revision>
