<page>
<title>lacrar</title>
<ns>0</ns>
<id>314785</id>
<revision>
<id>2691009</id>
<parentid>2687983</parentid>
<timestamp>2022-10-29T09:43:25Z</timestamp>
<contributor>
<username>ValJor</username>
<id>1358</id>
</contributor>
<comment>Trocando escopo por escopo2 para desfazer pedido de categoria que não deve ser criada</comment>
<model>wikitext</model>
<format>text/x-wiki</format>
<text bytes="446" xml:space="preserve">={{-pt-}}=
==Verbo==
{{oxítona|la|crar}}, {{gramática|vt}}
# [[pôr]] [[lacre]] em; fechar com lacre
{{oxítona|la|crar}}, {{gramática|vi}}
# {{cont|2}} {{escopo2|Plebeísmo}} se dar bem em algo, obter sucesso sobre; dar um [[lacre]]
===Conjugação===
{{conj/pt|lacr|ar}}
=={{etimologia|pt}}==
: {{escopo|Morfologia}} [[lacre]] + [[-ar]].
=={{pronúncia|pt}}==
===Portugal===
* AFI: {{AFI|/lɐ.ˈkɾaɾ/}}
[[Categoria:Verbo (Português)]]</text>
<sha1>5f28q9bkipq4gammsv6rc3jkf2151q9</sha1>
</revision>
</page>
