<page>
<page>
<title>lacrimogêneo</title>
<ns>0</ns>
<id>49682</id>
<revision>
<id>2544400</id>
<parentid>1601439</parentid>
<timestamp>2019-05-17T14:30:06Z</timestamp>
<contributor>
<username>ValJor</username>
<id>1358</id>
</contributor>
<comment>Verbete [[:Categoria:!Página com idioma não informado em Predefinição:etimologia|sem indicação do idioma na seção de etimologia]]</comment>
<model>wikitext</model>
<format>text/x-wiki</format>
<text bytes="1071" xml:space="preserve">={{-pt-}}=
==Adjetivo==
{{flex.pt|ms=lacrimogêneo|mp=lacrimogêneos|fs=lacrimogênea|fp=lacrimogêneas}}
{{proparoxítona aparente|la|cri|mo|gê|ne|o}}
# que causa [[lágrima|lágrimas]], muito [[triste]]
# diz-se do [[gás]] que [[causar|causa]] [[lágrima]]s
==Substantivo==
{{proparoxítona aparente|la|cri|mo|gê|ne|o}}
# [[gás]] que [[causar|causa]] [[lágrima]]s, sem [[danificar]] os [[olho]]s, usado para [[dispersão]] de [[multidão|multidões]]
===Tradução===
{{tradini}}
* {{trad|en|lachrymator}}
{{tradmeio}}
{{tradfim}}
=={{etimologia|pt}}==
: {{escopo|Morfologia}} [[lacrimo-]] + [[-gen-]] + [[-eo]]
==Ligações externas==
* {{Aulete}}
* [http://michaelis.uol.com.br/busca?r=0&amp;f=0&amp;t=0&amp;palavra=lacrimog%C3%AAneo “lacrimogêneo”], in Trevisan, R. (coord.); Weiszflog, W. (ed.). Michaelis: Moderno Dicionário da Língua Portuguesa. São Paulo: Melhoramentos, 2012 (nova ortografia). ISBN 978-85-06-06953-0
* {{DPLP}}
* {{Infopédia}}
* {{PLP}}
[[Categoria:Adjetivo (Português)|lacrimogeneo]]
[[Categoria:Substantivo (Português)|lacrimogeneo]]</text>
<sha1>e1o4zine7oonl4vadzy732bopt6kacf</sha1>
</revision>
