<page>
<page>
<title>lacrau</title>
<ns>0</ns>
<id>365078</id>
<revision>
<id>2597092</id>
<parentid>2552792</parentid>
<timestamp>2020-09-24T12:21:40Z</timestamp>
<contributor>
<username>MSchoentgen</username>
<id>77084</id>
</contributor>
<minor />
<comment>Deletion of the unicode \u200e character (LEFT-TO-RIGHT MARK)</comment>
<model>wikitext</model>
<format>text/x-wiki</format>
<text bytes="530" xml:space="preserve">={{-pt-}}=
==Substantivo==
{{flex.pt|ms=lacrau|mp=lacraus}}
{{oxítona|la|crau}}, {{gramática|ms}}
# {{escopo|pt|Aracnídeo}} [[escorpião]]
=={{etimologia|pt}}==
{{llietimo|ar|العَقْرَب|pt|transcr= alʿaqrab|o escorpião}}
=={{pronúncia|pt}}==
===Brasil===
* [[AFI]]: {{IPA|/la.ˈkɾaw/|lang=pt}}
===Portugal===
* [[AFI]]: {{IPA|/lɐ.ˈkɾaw/|lang=pt}}
==Ligações externas==
* {{Aulete}}
* {{Michaelis}}
* {{DicioAberto}}
* {{DPLP}}
* {{Infopédia}}
* {{PLP}}
* {{VOLPABL}}
[[Categoria:Substantivo (Português)]]</text>
<sha1>2vmm4j2mafjv0ljzbvflap69uzig3fi</sha1>
</revision>
