<page>
<page>
<title>lacreámos</title>
<ns>0</ns>
<id>311113</id>
<revision>
<id>2546148</id>
<parentid>1654431</parentid>
<timestamp>2019-06-10T14:09:30Z</timestamp>
<contributor>
<username>ValJor</username>
<id>1358</id>
</contributor>
<comment>Acrescentando a predefinição avi-for-fle</comment>
<model>wikitext</model>
<format>text/x-wiki</format>
<text bytes="263" xml:space="preserve">={{-pt-}}=
==Forma verbal==
{{paroxítona|la|cre|á|mos}}
# {{escopo2|grafia lusitana}} primeira pessoa do plural do pretérito perfeito do indicativo do verbo [[lacrear]]
{{avi-for-fle|lacrear}}
[[Categoria:Forma verbal (Português)]]
[[Categoria:Lusitanismo]]</text>
<sha1>q6hzchvtvjkuda9r3nczffjwei4xsqn</sha1>
</revision>
