<page>
<page>
<title>lacrimejámos</title>
<ns>0</ns>
<id>311115</id>
<revision>
<id>2546022</id>
<parentid>2367965</parentid>
<timestamp>2019-06-07T14:23:00Z</timestamp>
<contributor>
<username>ValJor</username>
<id>1358</id>
</contributor>
<comment>Acrescentando a predefinição avi-for-fle</comment>
<model>wikitext</model>
<format>text/x-wiki</format>
<text bytes="273" xml:space="preserve">={{-pt-}}=
==Forma verbal==
{{paroxítona|la|cri|me|já|mos}}
# {{escopo2|grafia lusitana}} primeira pessoa do plural do pretérito perfeito do indicativo do verbo [[lacrimejar]]
{{avi-for-fle|lacrimejar}}
[[Categoria:Forma verbal (Português)]]
[[Categoria:Lusitanismo]]</text>
<sha1>19a6zj46tcp083zwmy6t8jrp9aa71v7</sha1>
</revision>
