<page>
<title>lacremos</title>
<ns>0</ns>
<id>392822</id>
<revision>
<id>2485443</id>
<parentid>2485442</parentid>
<timestamp>2018-02-17T11:40:36Z</timestamp>
<contributor>
<username>MIL973</username>
<id>41339</id>
</contributor>
<model>wikitext</model>
<format>text/x-wiki</format>
<text bytes="463" xml:space="preserve">={{-pt-}}=
==Forma verbal==
{{paroxítona|la|cre|mos}}
# primeira pessoa do plural do presente do {{PEPB|inline=1|conjuntivo|subjuntivo}} do verbo [[lacrar]]
# primeira pessoa do plural do imperativo afirmativo do verbo lacrar
# primeira pessoa do plural do imperativo negativo do verbo lacrar
{{avi-for-fle|lacrar}}
==Anagramas==
# [[carmelos]]
# [[Carmelos]]
# [[clamores]]
# [[Marcelos]]
# [[morcelas]]
# [[reclamos]]
[[Categoria:Forma verbal (Português)]]</text>
<sha1>d245g1wo8pi9e4o7v2rtbz9i8ur1lb8</sha1>
</revision>
</page>
