<page>
<title>lacrámos</title>
<ns>0</ns>
<id>311112</id>
<revision>
<id>2546010</id>
<parentid>2367967</parentid>
<timestamp>2019-06-07T13:53:04Z</timestamp>
<contributor>
<username>ValJor</username>
<id>1358</id>
</contributor>
<comment>Acrescentando a predefinição avi-for-fle</comment>
<model>wikitext</model>
<format>text/x-wiki</format>
<text bytes="259" xml:space="preserve">={{-pt-}}=
==Forma verbal==
{{paroxítona|la|crá|mos}}
# {{escopo2|grafia lusitana}} primeira pessoa do plural do pretérito perfeito do indicativo do verbo [[lacrar]]
{{avi-for-fle|lacrar}}
[[Categoria:Forma verbal (Português)]]
[[Categoria:Lusitanismo]]</text>
<sha1>cuhwg50xmmdkt1spj0hnekk18xdpt7b</sha1>
</revision>
</page>
