<page>
<page>
<title>lactose</title>
<ns>0</ns>
<id>107675</id>
<revision>
<id>2367976</id>
<parentid>2182578</parentid>
<timestamp>2017-05-03T19:06:27Z</timestamp>
<contributor>
<username>HydrizBot</username>
<id>29590</id>
</contributor>
<minor />
<comment>Robô: A limpar links interwikis antigos</comment>
<model>wikitext</model>
<format>text/x-wiki</format>
<text bytes="2253" xml:space="preserve">{{Wikipédia}}
={{-pt-}}=
==Substantivo==
{{flex.pt|fs=lactose|fp=lactoses}}
{{paroxítona|lac|to|se}}
# [[açúcar]] presente no [[leite]] e seus derivados
#* ''Em praticamente toda a história humana, a capacidade para digerir a '''lactose''', o principal açúcar do leite, desaparece após o desmame.'' {{OESP|2006|dezembro|27}}
===Sinônimo===
* [[lactina]]
===Tradução===
{{tradini}}
* {{trad|sq|laktoza}}
* {{trad|de|Lactose}}
* {{trad|ar|لاكتوز}}
* {{trad|eu|laktosa}}
* {{trad|bs|laktoza}}
* {{trad|bg|лактоза}}
* {{trad|ca|lactosa}}
* {{trad|cs|laktóza}}
* {{trad|zh|乳糖}}
* {{trad|ko|락토스}}
* {{trad|da|laktose}}
* {{trad|sl|laktoza}}
* {{trad|es|lactosa}}
* {{trad|eo|laktozo}}
* {{trad|et|laktoos}}
* {{trad|fi|laktoosi}}
* {{trad|fr|lactose}}
* {{trad|gl|lactosa}}
* {{trad|cy|lactos}}
* {{trad|he|לקטוז}}
* {{trad|nl|lactose}}
{{tradmeio}}
* {{trad|hu|laktóz}}
* {{trad|id|laktosa}}
* {{trad|en|lactose}}
* {{trad|is|laktósi}}
* {{trad|it|lattosio}}
* {{trad|ja|ラクトース}}
* {{trad|la|lactosium}}
* {{trad|lt|laktozė}}
* {{trad|mk|лактоза}}
* {{trad|ms|laktosa}}
* {{trad|no|laktose}}
* {{trad|nn|laktose}}
* {{trad|oc|lactòsa}}
* {{trad|pl|laktoza}}
* {{trad|ru|лактоза}}
* {{trad|sr|лактоза}}
* {{trad|sh|laktoza}}
* {{trad|sv|laktos}}
* {{trad|tr|laktoz}}
* {{trad|uk|лактоза}}
* {{trad|vi|lactoza}}
{{tradfim}}
=={{etimologia|pt}}==
: De [[lact-]] + [[-ose]].
==Ver também==
===No Wikcionário===
{{verTambém.Ini}}
* [[leite]]
{{verTambém.NovaColuna}}
* [[química]]
{{verTambém.Fim}}
==Anagramas==
# [[castelo]]
# [[calotes]]
# [[colaste]]
# [[coletas]]
# [[costela]]
# [[escatol]]
# [[escolta]]
# [[lácteos]]
# [[lotecas]]
# [[tacelos]]
[[Categoria:Substantivo (Português)]]
[[Categoria:Química (Português)]]
={{-fr-}}=
==Substantivo==
'''lactose'''
# [[lactose#Português|lactose]]
[[Categoria:Substantivo (Francês)]]
[[Categoria:Química (Francês)]]
={{-nl-}}=
==Substantivo==
'''lactose'''
# [[lactose#Português|lactose]]
[[Categoria:Substantivo (Holandês)]]
[[Categoria:Química (Holandês)]]
={{-en-}}=
==Substantivo==
'''lactose'''
# [[lactose#Português|lactose]]
[[Categoria:Substantivo (Inglês)]]
[[Categoria:Química (Inglês)]]</text>
<sha1>40ew1at98to42zdl5r6mm6qus9rwdmx</sha1>
</revision>
