<page>
<page>
<title>lactina</title>
<ns>0</ns>
<id>263156</id>
<revision>
<id>2367975</id>
<parentid>1908369</parentid>
<timestamp>2017-05-03T19:06:19Z</timestamp>
<contributor>
<username>HydrizBot</username>
<id>29590</id>
</contributor>
<minor />
<comment>Robô: A limpar links interwikis antigos</comment>
<model>wikitext</model>
<format>text/x-wiki</format>
<text bytes="118" xml:space="preserve">={{-pt-}}=
==Substantivo==
{{paroxítona|lac|ti|na}}
# o mesmo que [[lactose]]
[[Categoria:Substantivo (Português)]]</text>
<sha1>8bb3dadb33po57xyi8vi2nt7mojw5k2</sha1>
</revision>
