<page>
<title>lactente</title>
<ns>0</ns>
<id>108946</id>
<revision>
<id>2367972</id>
<parentid>2178800</parentid>
<timestamp>2017-05-03T19:06:12Z</timestamp>
<contributor>
<username>HydrizBot</username>
<id>29590</id>
</contributor>
<minor />
<comment>Robô: A limpar links interwikis antigos</comment>
<model>wikitext</model>
<format>text/x-wiki</format>
<text bytes="674" xml:space="preserve">{{Wikipédia}}
{{confundir|latente}}
={{-pt-}}=
==Adjetivo==
{{flex.pt|s=lactente|p=lactentes}}
{{paroxítona|lac|ten|te}}
# diz-se daquele que mama, que está em idade de [[mamar]]
==Substantivo==
{{paroxítona|lac|ten|te}}
# aquele que mama, que está em idade de [[mamar]]
#* ''O estudo foi feito com 202 bebês com leucemia aguda do '''lactente''' comparados a 440 sadios nascidos entre 1999 e 2005.'' {{OESP|2007|abril|03}}
=={{etimologia|pt}}==
{{llietimo|la|lactente|pt}}
==Ver também==
===No Wikcionário===
{{dividir em colunas|2}}
* [[amamentar]]
* [[lactante]]
{{dividir em colunas/fim}}
[[Categoria:Adjetivo (Português)]]
[[Categoria:Substantivo (Português)]]</text>
<sha1>55l0m7z16yh6w3j4zdhob0vdp1fgolw</sha1>
</revision>
</page>
