<page>
<title>lacticínio</title>
<ns>0</ns>
<id>42744</id>
<revision>
<id>2621210</id>
<parentid>2367973</parentid>
<timestamp>2021-02-01T23:45:50Z</timestamp>
<contributor>
<username>MarxavBot</username>
<id>80155</id>
</contributor>
<minor />
<comment>AFI Portugal</comment>
<model>wikitext</model>
<format>text/x-wiki</format>
<text bytes="246" xml:space="preserve">={{-pt-}}=
==Substantivo==
{{flex.pt|ms=lacticínio|mp=lacticínios}}
{{proparoxítona aparente|lac|ti|cí|ni|o}}
# vide [[laticínio]]
=={{pronúncia|pt}}==
===Portugal===
* AFI: {{AFI|/lɐ.ti.ˈsi.nju/}}
[[Categoria:Substantivo (Português)]]</text>
<sha1>05ekzugl6h0h9mxcfc6no003chvkv6v</sha1>
</revision>
</page>
