<page>
<title>lacte</title>
<ns>0</ns>
<id>78761</id>
<revision>
<id>2367971</id>
<parentid>2180280</parentid>
<timestamp>2017-05-03T19:06:10Z</timestamp>
<contributor>
<username>HydrizBot</username>
<id>29590</id>
</contributor>
<minor />
<comment>Robô: A limpar links interwikis antigos</comment>
<model>wikitext</model>
<format>text/x-wiki</format>
<text bytes="781" xml:space="preserve">[[Imagem:Milk glass.jpg|thumb|140px|&lt;center&gt;'''Lacte'''&lt;sup&gt;1&lt;/sup&gt;&lt;/center&gt;]]
={{-ia-}}=
==Substantivo==
'''{{grifar|lac}}.te'''
# [[leite]].
=={{pronúncia|ia}}==
* [[AFI]]: {{AFI|/ˈlak.te/}}
{{categorias|{{ia}}|Substantivo|Dissílabo|Alimentação|Entrada com imagem}}
={{-la-}}=
==Substantivo==
'''{{grifar|lac}}.te''' {{n}}
# [[leite]].
# {{escopo|Botânica}} [[suco]] [[leitoso]] de [[certo|certas]] [[planta]]s.
===Grafias alternativas===
* '''[[lac]]'''
===Declinação===
{{decl.la.3a.genium|lact|NS=lacte}}
===Fraseologia===
* '''lacte subducere [[agnus|agno]]''': ''[[desmamar]] um [[carneiro]]''
=={{pronúncia|la}}==
* [[AFI]]: {{AFI|/ˈlak.te/}}
* [[X-SAMPA]]: /&quot;lak.te/
{{categorias|{{la}}|Substantivo|Dissílabo|Alimentação|Entrada com imagem|Botânica}}</text>
<sha1>2i7bth34ip64jy422cm0tkosz83z5x7</sha1>
</revision>
</page>
