<page>
<page>
<title>lactante</title>
<ns>0</ns>
<id>108947</id>
<revision>
<id>2367968</id>
<parentid>2235866</parentid>
<timestamp>2017-05-03T19:06:02Z</timestamp>
<contributor>
<username>HydrizBot</username>
<id>29590</id>
</contributor>
<minor />
<comment>Robô: A limpar links interwikis antigos</comment>
<model>wikitext</model>
<format>text/x-wiki</format>
<text bytes="444" xml:space="preserve">={{-pt-}}=
==Adjetivo==
{{flex.pt|s=lactante|p=lactantes}}
{{paroxítona|lac|tan|te}}
# que produz [[leite]]
==Substantivo==
{{paroxítona|lac|tan|te}}
# mulher que [[amamentar|amamenta]]
=={{etimologia|pt}}==
{{llietimo|la|lactante|pt}}
==Ver também==
===No Wikcionário===
{{dividir em colunas|3}}
* [[criança]]
* [[lactente]]
* [[leite]]
{{dividir em colunas/fim}}
[[Categoria:Adjetivo (Português)]]
[[Categoria:Substantivo (Português)]]</text>
<sha1>hfufru4qpc43zwjhry74wsjuphmvasb</sha1>
</revision>
