<page>
<title>lactar</title>
<ns>0</ns>
<id>314780</id>
<revision>
<id>2367969</id>
<parentid>1981409</parentid>
<timestamp>2017-05-03T19:06:05Z</timestamp>
<contributor>
<username>HydrizBot</username>
<id>29590</id>
</contributor>
<minor />
<comment>Robô: A limpar links interwikis antigos</comment>
<model>wikitext</model>
<format>text/x-wiki</format>
<text bytes="313" xml:space="preserve">={{-pt-}}=
==Verbo==
{{oxítona|lac|tar}}, ''v. t.''
# [[aleitar]], [[amamentar]]
{{oxítona|lac|tar}}, ''v. i.''
# {{cont|2}} [[mamar]] 
===Conjugação===
{{conj/pt|lact|ar}}
=={{etimologia|pt}}==
: Do infinitivo latino ''lactare''.
==Ligações externas==
* {{DicioAberto}}
[[Categoria:Verbo (Português)]]</text>
<sha1>ele4fd2ky2cbxgrkaa7aol6iw666orx</sha1>
</revision>
</page>
