<page>
<page>
<title>lactámos</title>
<ns>0</ns>
<id>311116</id>
<revision>
<id>2546006</id>
<parentid>1654435</parentid>
<timestamp>2019-06-07T13:36:21Z</timestamp>
<contributor>
<username>ValJor</username>
<id>1358</id>
</contributor>
<comment>Acrescentando a predefinição avi-for-fle</comment>
<model>wikitext</model>
<format>text/x-wiki</format>
<text bytes="259" xml:space="preserve">={{-pt-}}=
==Forma verbal==
{{paroxítona|lac|tá|mos}}
# {{escopo2|grafia lusitana}} primeira pessoa do plural do pretérito perfeito do indicativo do verbo [[lactar]]
{{avi-for-fle|lactar}}
[[Categoria:Forma verbal (Português)]]
[[Categoria:Lusitanismo]]</text>
<sha1>q71b0na01pjty1saqsj76ykhz5rxhzp</sha1>
</revision>
