<page>
<title>lacuna</title>
<ns>0</ns>
<id>98436</id>
<revision>
<id>2622004</id>
<parentid>2453670</parentid>
<timestamp>2021-02-02T01:57:38Z</timestamp>
<contributor>
<username>MarxavBot</username>
<id>80155</id>
</contributor>
<minor />
<comment>AFI Portugal</comment>
<model>wikitext</model>
<format>text/x-wiki</format>
<text bytes="1417" xml:space="preserve">={{-pt-}}=
==Substantivo==
{{flex.pt|fs=lacuna|fp=lacunas}}
{{paroxítona|la|cu|na}}, {{gramática|f|s}}
# [[falha]], [[falta]], [[vazio]], [[omissão]], [[hiato]]
# [[cavidade]] [[intercelular]]
# [[buraco]]
# [[falha]] de [[continuidade]]
===Tradução===
{{tradini}}
* {{trad|de|Lücke|Loch}}
* {{trad|fi|aukko|kuoppa|syvennys}}
* {{trad|fr|lacune}}
* {{trad|nl|lacune}}
* {{trad|io|lakuno}}
{{tradmeio}}
* {{trad|en|lacuna}}
* {{trad|it|lacuna}}
* {{trad|la|lacuna}}
* {{trad|pl|dziura|luka}}
{{tradfim}}
=={{etimologia|pt}}==
{{llietimo|la|lacuna|pt|lacūna|ponto=não}}, diminutivo de ''[[lacus]]'' (&quot;lago&quot;).
=={{pronúncia|pt}}==
===Portugal===
* AFI: {{AFI|/lɐ.ˈku.nɐ/}}
[[Categoria:Substantivo (Português)]]
={{-en-}}=
==Substantivo==
'''lacuna'''
# [[lacuna#Português|lacuna]]
=={{pronúncia|en}}==
===Reino Unido===
* [[AFI]]: {{AFI|/ləˈkjuː.nə/|lang=en}}
===Estados Unidos===
* [[AFI]]: {{AFI|/ləˈkuː.nə/|lang=en}}
* {{audio|en-us-lacuna.ogg|Áudio|lang=en}}
* {{audio|en-us-lacuna-2.ogg|Áudio|lang=en}}
[[Categoria:Substantivo (Inglês)]]
={{-it-}}=
==Substantivo==
'''lacuna'''
# [[lacuna#Português|lacuna]]
[[Categoria:Substantivo (Italiano)]]
={{-la-}}=
==Substantivo==
'''lacuna''' {{gramática|f}}
# [[lacuna#Português|lacuna]], [[buraco]]
# [[brecha]]
# uma [[abertura]]
=={{etimologia|la}}==
: Diminutivo de ''[[lacus]]'' (&quot;lago&quot;).
[[Categoria:Substantivo (Latim)]]</text>
<sha1>6rt4q5thc8f88cfmupwa3kc7qnh8amx</sha1>
</revision>
</page>
