<page>
<page>
<title>lacônico</title>
<ns>0</ns>
<id>6757</id>
<revision>
<id>2367982</id>
<parentid>1800452</parentid>
<timestamp>2017-05-03T19:06:53Z</timestamp>
<contributor>
<username>HydrizBot</username>
<id>29590</id>
</contributor>
<minor />
<comment>Robô: A limpar links interwikis antigos</comment>
<model>wikitext</model>
<format>text/x-wiki</format>
<text bytes="676" xml:space="preserve">{{grafiaPtbr|lacónico}}
={{-pt-}}=
==Adjetivo==
{{flex.pt|ms=lacônico|mp=lacônicos|fs=lacônica|fp=lacônicas}}
{{proparoxítona|la|cô|ni|co}}
# [[resumido]], [[sucinto]], [[breve]]
===Tradução===
{{tradini}}
* {{trad|es|lacónico}}
* {{trad|fr|laconique}}
{{tradmeio}}
* {{trad|en|laconic}}
{{tradfim}}
=={{etimologia|pt}}==
: Do latim ''laconicus, a, um''.
=={{pronúncia|pt}}==
===Brasil===
====Carioca====
* [[AFI]]: /la.ˈko.ni.ku/ {{ouvir|pt-br-lacônico.ogg}}
* [[X-SAMPA]]: /la.&quot;ko.ni.ku/
==Ver também==
===No Wikcionário===
{{verTambém.Ini}}
* [[defeito]]
{{verTambém.NovaColuna}}
* [[qualidade]]
{{verTambém.Fim}}
[[Categoria:Adjetivo (Português)]]</text>
<sha1>740qle2kabfdpiitq4k32liwdiifgbb</sha1>
</revision>
