<page>
<page>
<title>lacón</title>
<ns>0</ns>
<id>265835</id>
<revision>
<id>2367980</id>
<parentid>1817588</parentid>
<timestamp>2017-05-03T19:06:47Z</timestamp>
<contributor>
<username>HydrizBot</username>
<id>29590</id>
</contributor>
<minor />
<comment>Robô: A limpar links interwikis antigos</comment>
<model>wikitext</model>
<format>text/x-wiki</format>
<text bytes="157" xml:space="preserve">{{Wikipédia|lang=es}}
={{-es-}}=
==Substantivo==
'''lacón''', ''masculino''
# [[presunto]]
# [[pernil]] [[defumado]]
[[Categoria:Substantivo (Espanhol)]]</text>
<sha1>3de55q4v7hgnuqrqdzvhqz6lz96rn4x</sha1>
</revision>
