<page>
<title>lacão</title>
<ns>0</ns>
<id>248546</id>
<revision>
<id>2159181</id>
<parentid>1512942</parentid>
<timestamp>2016-08-15T09:58:45Z</timestamp>
<contributor>
<username>ValJor</username>
<id>1358</id>
</contributor>
<comment>Um verbete a menos usando a [[Predefinição:flex.pt.masculino|predefinição flex.pt.masculino]]</comment>
<model>wikitext</model>
<format>text/x-wiki</format>
<text bytes="681" xml:space="preserve">={{-pt-}}=
==Substantivo==
{{flex.pt|ms=lacão|mp=lacões}}
{{oxítona|la|cão}}, {{m}}
# {{escopo|pt|Galiza}} [[membro]] anterior do [[porco]]
# {{escopo|pt|Galiza}} pode ser também o [[presunto]], ou as coxas
#* ''Anda com os '''lacões''' ao ar, vêm-se-lhe as coxas''
=={{etimologia|pt}}==
: Origem talvez germânica, no antigo alto alemão ''(h)lanka'', [[anca]], [[quadril]].
=={{pronúncia|pt}}==
===Galiza===
* [[AFI]]: /la.'koŋ/
==Ver também==
===No Wikcionário===
{{verTambém.Ini}}
* [[lacoada]]
{{verTambém.NovaColuna}}
* [[lacaceiro]]
{{verTambém.Fim}}
==Anagrama==
# [[calão]]
[[Categoria:Substantivo (Português)]]
[[Categoria:Regionalismo (Português)]]</text>
<sha1>7p316qi8jmcrtnkc487ex4s9mbnpbat</sha1>
</revision>
</page>
