<page>
<page>
<title>lad</title>
<ns>0</ns>
<id>248220</id>
<revision>
<id>2367983</id>
<parentid>2128494</parentid>
<timestamp>2017-05-03T19:07:00Z</timestamp>
<contributor>
<username>HydrizBot</username>
<id>29590</id>
</contributor>
<minor />
<comment>Robô: A limpar links interwikis antigos</comment>
<model>wikitext</model>
<format>text/x-wiki</format>
<text bytes="290" xml:space="preserve">={{-vo-}}=
==Substantivo==
'''lad'''
# [[coração]]
===Declinação===
{{decl.vo.subst}}
==={{pronúncia|vo}}===
*[[AFI]]: {{AFI|/ˈlad/}}
[[Categoria:Substantivo (Volapuque)]]
[[Categoria:Monossílabo (Volapuque)]]
[[Categoria:Oxítona (Volapuque)]]
[[Categoria:Anatomia (Volapuque)]]</text>
<sha1>0w87ewp587r8eyxznpbnb7dg7ytfxjq</sha1>
</revision>
