<page>
<title>ladainha</title>
<ns>0</ns>
<id>82366</id>
<revision>
<id>2661673</id>
<parentid>2653689</parentid>
<timestamp>2022-02-27T20:31:28Z</timestamp>
<contributor>
<username>ValJor</username>
<id>1358</id>
</contributor>
<comment>Melhorando a apresentação do verbete usando a [[:predefinição:cria-entrada]]</comment>
<model>wikitext</model>
<format>text/x-wiki</format>
<text bytes="711" xml:space="preserve">={{-pt-}}=
==Substantivo==
{{flex.pt|fs=ladainha|fp=ladainhas}}
{{paroxítona|la|da|i|nha}}, {{gramática|fs}}
# [[lenda]]
# [[lengalenga]]
# [[primeiro]] [[canto]] de uma roda de [[capoeira]], que evoca a história dos negros
# [[oração]]
=={{etimologia|pt}}==
: Do {{etm|la|pt}}, pelo {{etm|grc|pt}} {{etimo|grc|λιτανεία}} (''litaneia''), ([[reza]], [[prece]]), de {{etimo|grc|λιτή}}, ([[petição]]).
=={{pronúncia|pt}}==
===Portugal===
* AFI: {{AFI|/lɐ.dɐ.ˈi.ɲɐ/}}
==Ligações externas==
* {{Aulete}}
* {{Michaelis}}
* {{DLPO}}
* {{Infopédia}}
* {{PLP}}
* {{VOLPABL}}
==Anagrama==
&lt;!-- índice para anagramas: pt: aaadhiln --&gt;
# [[alinhada]]
[[Categoria:Substantivo (Português)]]</text>
<sha1>l78hc68ywbdmx7j2th3zhdje24bfer0</sha1>
</revision>
</page>
