<page>
<title>Ladainha</title>
<ns>0</ns>
<id>141124</id>
<revision>
<id>2272762</id>
<parentid>2109780</parentid>
<timestamp>2017-04-26T20:38:48Z</timestamp>
<contributor>
<username>HydrizBot</username>
<id>29590</id>
</contributor>
<minor />
<comment>Robô: A limpar links interwikis antigos</comment>
<model>wikitext</model>
<format>text/x-wiki</format>
<text bytes="289" xml:space="preserve">{{ver também|ladainha}}
={{-pt-}}=
{{Wikipédia}}
==Substantivo==
'''Ladainha''' {{pr}}
#[[município]] [[brasileiro]] do [[estado]] de [[Minas Gerais]]
==Ver também==
*[[Apêndice:Municípios do estado de Minas Gerais]]
[[Categoria:Município do estado de Minas Gerais (Português)]]</text>
<sha1>ek044m2ae4cg1xq6fzldn4m92ab5mw8</sha1>
</revision>
</page>
