<page>
<page>
<title>ladeiro</title>
<ns>0</ns>
<id>421030</id>
<revision>
<id>2577768</id>
<timestamp>2020-02-19T08:41:10Z</timestamp>
<contributor>
<username>Cpls</username>
<id>20608</id>
</contributor>
<comment>[[Ajuda:Guia de edição/Menus e ferramentas/Sumário de edição|→]] nova página: ={{-pt-}}= ==Adjetivo== {{flex.pt|ms=ladeiro|mp=ladeiros|fs=ladeira|fp=ladeiras}} {{paroxítona|la|dei|ro}} #...</comment>
<model>wikitext</model>
<format>text/x-wiki</format>
<text bytes="828" xml:space="preserve">={{-pt-}}=
==Adjetivo==
{{flex.pt|ms=ladeiro|mp=ladeiros|fs=ladeira|fp=ladeiras}}
{{paroxítona|la|dei|ro}}
# [[lateral]], que [[ladear|ladeia]]
# [[inclinado]] para um lado
# qualifica um prato pouco [[fundo]]
=={{etimologia|pt}}==
: {{escopo|Morfologia}} De ''[[lado]]'' + ''[[-eiro]]''.
[[Categoria:Adjetivo (Português)]]
={{-gl-}}=
==Adjetivo==
{{flex.gl|ms=ladeiro|mp=ladeiros|fs=ladeira|fp=ladeiras}}
{{paroxítona|la|dei|ro|lang=gl}}
# [[ladeiro#{{pt}}|ladeiro]], lateral
# [[ladeiro#{{pt}}|ladeiro]], inclinado para um lado
# qualifica um terreno em [[declive]], pendente
# que assenta, que está em uma [[ladeira]]
===Sinónimo===
* De '''3''': [[reborondo#{{gl}}|reborondo]]
=={{etimologia|gl}}==
: {{escopo|Morfologia}} De ''[[lado#{{gl}}|lado]]'' + ''[[-eiro#{{gl}}|-eiro]]''.
[[Categoria:Adjetivo (Galego)]]</text>
<sha1>oxvqa3znxcc25qjfm4xnlkl8s76m6vx</sha1>
</revision>
