<page>
<page>
<title>laderno</title>
<ns>0</ns>
<id>374817</id>
<revision>
<id>2242697</id>
<timestamp>2017-02-21T21:26:30Z</timestamp>
<contributor>
<username>Cpls</username>
<id>20608</id>
</contributor>
<comment>[[Ajuda:Guia de edição/Menus e ferramentas/Sumário de edição|→]] nova página: ={{-gl-}}= ==Substantivo== {{flex.gl|ms=laderno|mp=ladernos}} {{paroxítona|la|der|no|lang=gl}}, {{g|m|lang=g...</comment>
<model>wikitext</model>
<format>text/x-wiki</format>
<text bytes="495" xml:space="preserve">={{-gl-}}=
==Substantivo==
{{flex.gl|ms=laderno|mp=ladernos}}
{{paroxítona|la|der|no|lang=gl}}, {{g|m|lang=gl}}
# {{escopo|gl|Árvore}} [[lentisco]] (''[[species:Pistacia lentiscus|Pistacia lentiscus]]'')
===Sinónimos===
* [[almecegueira#{{gl}}|almecegueira]], [[aroeira#{{gl}}|aroeira]], [[aroeiro#{{gl}}|aroeiro]], [[charneca#{{gl}}|charneca]], [[lentisco#{{gl}}|lentisco]]
=={{etimologia|gl}}==
{{llietimo|la|alaternus|gl}} Confronte-se com [[aderno]].
[[Categoria:Substantivo (Galego)]]</text>
<sha1>jon57lh5cspxnh2hw0o78alrk6kh6t6</sha1>
</revision>
