<page>
<title>ladeira</title>
<ns>0</ns>
<id>75467</id>
<revision>
<id>2615063</id>
<parentid>2367986</parentid>
<timestamp>2021-01-31T21:10:44Z</timestamp>
<contributor>
<username>MarxavBot</username>
<id>80155</id>
</contributor>
<minor />
<comment>AFI Portugal</comment>
<model>wikitext</model>
<format>text/x-wiki</format>
<text bytes="261" xml:space="preserve">={{-pt-}}=
==Substantivo==
'''ladeira''' ''feminino ''
# [[inclinação]] [[de]] [[terreno]]
#*''Nós subimos a ladeira.''
# [[declive]]
# [[encosta]]
=={{pronúncia|pt}}==
===Portugal===
* AFI: {{AFI|/lɐ.ˈdɐj.ɾɐ/}}
[[Categoria:Substantivo (Português)]]</text>
<sha1>bf47gm4v4ratstjfdohrjzzflspcep5</sha1>
</revision>
</page>
