<page>
<title>ladeámos</title>
<ns>0</ns>
<id>311117</id>
<revision>
<id>2545964</id>
<parentid>2367987</parentid>
<timestamp>2019-06-06T19:44:32Z</timestamp>
<contributor>
<username>ValJor</username>
<id>1358</id>
</contributor>
<comment>Acrescentando a predefinição avi-for-fle</comment>
<model>wikitext</model>
<format>text/x-wiki</format>
<text bytes="260" xml:space="preserve">={{-pt-}}=
==Forma verbal==
{{paroxítona|la|de|á|mos}}
# {{escopo2|grafia lusitana}} primeira pessoa do plural do pretérito perfeito do indicativo do verbo [[ladear]]
{{avi-for-fle|ladear}}
[[Categoria:Forma verbal (Português)]]
[[Categoria:Lusitanismo]]</text>
<sha1>ft54sr4uzjsohz12b0calkb6gojc68q</sha1>
</revision>
</page>
