<page>
<page>
<title>ladinagem</title>
<ns>0</ns>
<id>119350</id>
<revision>
<id>2081354</id>
<parentid>1601447</parentid>
<timestamp>2016-04-03T21:26:39Z</timestamp>
<contributor>
<username>Defender</username>
<id>15952</id>
</contributor>
<comment>Um verbete a menos usando a [[Predefinição:flex.pt.feminino|predefinição flex.pt.feminino]]</comment>
<model>wikitext</model>
<format>text/x-wiki</format>
<text bytes="259" xml:space="preserve">={{-pt-}}=
==Substantivo==
{{flex.pt|fs=ladinagem|fp=ladinagens}}
{{paroxítona|la|di|na|gem}}, {{gramática|f}}
# comportamento próprio do [[ladino]]
=={{etimologia|pt}}==
:{{escopo|Morfologia}} [[ladino]] + [[-agem]].
[[Categoria:Substantivo (Português)]]</text>
<sha1>1uh1igsipdotx614abilnqp4n2rhyy4</sha1>
</revision>
