<page>
<title>ladino</title>
<ns>0</ns>
<id>66787</id>
<revision>
<id>2450589</id>
<parentid>2450580</parentid>
<timestamp>2017-09-17T10:58:38Z</timestamp>
<contributor>
<username>ValJor</username>
<id>1358</id>
</contributor>
<minor />
<comment>Revertidas edições por [[Especial:Contribuições/2804:214:82E4:9F8A:71FA:34F1:F982:C18|2804:214:82E4:9F8A:71FA:34F1:F982:C18]] para a última versão por [[Especial:Contribuições/191.173.20.27|191.173.20.27]]</comment>
<model>wikitext</model>
<format>text/x-wiki</format>
<text bytes="1133" xml:space="preserve">{{Wikipédia}}
={{-pt-}}=
==Adjetivo==
{{flex.pt|ms=ladino|mp=ladinos|fs=ladina|fp=ladinas}}
{{paroxítona|la|di|no}}
# [[astuto]], [[finório]], [[manhoso]]
#* '''''Ladino''', esperto, só se aprofunda sobre um tema quando tem certeza que sua opinião expressa os anseios e as verdades da maioria.'' A palavra &quot;ladino&quot; também é usada para designar pessoas malandras, que agem com astúcia tirando proveito em favor de seus interesses. {{OESP|2007|dezembro|21}}
# relativo ao [[escravo]] que sabia [[falar]] [[português]] em [[oposição]] ao [[boçal]]
==Substantivo==
{{paroxítona|la|di|no}}
# [[dialeto]] falado pelos judeus sefarditas
===Expressões===
* '''[[ladino dolomita]]'''
===Sinônimo===
* [[judeo-espanhol]]
===Tradução===
{{tradini}}
* {{trad|de|Ladino}}
* {{trad|nl|Ladino}}
* {{trad|en|Ladino}}
{{tradmeio}}
* {{trad|li|Ladino}}
* {{trad|tr|Ladino}}
{{tradfim}}
=={{etimologia|pt}}==
: Do latim ''latinu''.
==Ver também==
===No Wikcionário===
* [[ladinagem]]
==Anagramas==
* [[aldino]]
* [[dolina]]
* [[liando]]
* [[olandi]]
[[Categoria:Adjetivo (Português)]]
[[Categoria:Substantivo (Português)]]</text>
<sha1>1zjkwc7z23o245kk5cotrphxsmuxz96</sha1>
</revision>
</page>
