<page>
<page>
<title>ladies</title>
<ns>0</ns>
<id>148205</id>
<revision>
<id>2367988</id>
<parentid>1940303</parentid>
<timestamp>2017-05-03T19:07:15Z</timestamp>
<contributor>
<username>HydrizBot</username>
<id>29590</id>
</contributor>
<minor />
<comment>Robô: A limpar links interwikis antigos</comment>
<model>wikitext</model>
<format>text/x-wiki</format>
<text bytes="126" xml:space="preserve">={{-en-}}=
==Forma de substantivo==
'''ladies''' {{p}}
#plural de '''[[lady]]'''
[[Categoria:Forma de substantivo (Inglês)]]</text>
<sha1>4o1ai5zathcvzz1e62ee82katy6c25j</sha1>
</revision>
