<page>
<page>
<title>ladjap</title>
<ns>0</ns>
<id>231577</id>
<revision>
<id>2367990</id>
<parentid>1703896</parentid>
<timestamp>2017-05-03T19:07:27Z</timestamp>
<contributor>
<username>HydrizBot</username>
<id>29590</id>
</contributor>
<minor />
<comment>Robô: A limpar links interwikis antigos</comment>
<model>wikitext</model>
<format>text/x-wiki</format>
<text bytes="93" xml:space="preserve">={{-pwn-}}=
==Substantivo==
'''ladjap'''
# [[relâmpago]]
[[Categoria:Substantivo (Paiwan)]]</text>
<sha1>bjgheslu5todkv6yazwakcgxe8nswgc</sha1>
</revision>
