<page>
<page>
<title>lado</title>
<ns>0</ns>
<id>8977</id>
<revision>
<id>2650879</id>
<parentid>2648953</parentid>
<timestamp>2021-10-25T10:45:00Z</timestamp>
<contributor>
<username>ValJor</username>
<id>1358</id>
</contributor>
<comment>Melhorando a apresentação do verbete</comment>
<model>wikitext</model>
<format>text/x-wiki</format>
<text bytes="1915" xml:space="preserve">={{-pt-}}=
==Substantivo==
{{flex.pt|ms=lado|mp=lados}}
{{paroxítona|la|do}}, {{gramática|m}}
# parte [[direito|direita]] ou [[esquerdo|esquerda]] de qualquer corpo
#* ''Virou para o '''lado''' e dormiu.''
# faces de um [[polígono]]
#* ''Todos os '''lados''' da caixa foram pintados de vermelho.''
# direção
# posição no espaço à esquerda ou à direita em relação a um objeto
#* ''O atacante chutou a bola para o '''lado'''.''
===Expressões===
* '''[[de lado a lado]]''': de um [[extremo]] ao outro.
* '''[[de lado]]''':
* '''[[ficar no lado do bem]]''': fazer o bem 
* '''[[ficar no lado do celular]]''': esperar
* '''[[ficar no lado do mal]]''': fazer o mal 
* '''[[lado a lado]]''': em conjunto, a [[par]].
* '''[[lado de dentro]]''': parte interior de algo
* '''[[lado de fora]]''': parte externa de algo
* '''[[pôr de lado]]''': [[desprezar]], [[abandonar]].
===Tradução===
{{tradini}}
* {{trad|cod|tsɨma}}
* {{trad|es|lado}}
* {{trad|gl|lado}}
{{tradmeio}}
* {{trad|en|side}}
* {{trad|mwl|lhado}}
* {{trad|tet|sorin}}
{{tradfim}}
=={{etimologia|pt}}==
{{llietimo|la|latus|pt}}
=={{pronúncia|pt}}==
===Portugal===
* AFI: {{AFI|/ˈla.du/}}
[[Categoria:Substantivo (Português)]]
[[Categoria:Geometria (Português)]]
={{-cs-}}=
==Substantivo==
'''lado'''
# terra selvagem, não cultivada
[[Categoria:Substantivo (Checo)]]
[[Categoria:Falso cognato (Checo)]]
={{-es-}}=
==Substantivo==
'''lado'''
# [[lado#Português|lado]]
[[Categoria:Substantivo (Espanhol)]]
={{-eo-}}=
==Substantivo==
'''lado'''
# [[lata]] (folha de metal)
[[Categoria:Substantivo (Esperanto)]]
[[Categoria:Falso cognato (Esperanto)]]
={{-fi-}}=
==Forma verbal==
'''lado'''
# flexão do verbo [[latoa]]
{{avi-for-fle|latoa}}
[[Categoria:Forma verbal (Finlandês)]]
[[Categoria:Falso cognato (Finlandês)]]
={{-gl-}}=
==Substantivo==
'''lado'''
# [[lado#Português|lado]]
[[Categoria:Substantivo (Galego)]]</text>
<sha1>oye1bqvo4o03nl1mzddxq479veffqec</sha1>
</revision>
