<page>
<title>ladroeiras</title>
<ns>0</ns>
<id>155391</id>
<revision>
<id>2368069</id>
<parentid>1156829</parentid>
<timestamp>2017-05-03T19:10:47Z</timestamp>
<contributor>
<username>HydrizBot</username>
<id>29590</id>
</contributor>
<minor />
<comment>Robô: A limpar links interwikis antigos</comment>
<model>wikitext</model>
<format>text/x-wiki</format>
<text bytes="186" xml:space="preserve">={{-pt-}}=
==Forma verbal==
'''ladroeiras'''
#[[segunda]] [[pessoa]] do [[singular]] do [[presente]] [[indicativo]] do verbo '''[[ladroeirar]]'''
[[Categoria:Forma verbal (Português)]]</text>
<sha1>q9ffkb6w99h5830w0oomk0142qp3car</sha1>
</revision>
</page>
