<page>
<page>
<title>ladroeiráreis</title>
<ns>0</ns>
<id>182849</id>
<revision>
<id>2368088</id>
<parentid>1156848</parentid>
<timestamp>2017-05-03T19:11:22Z</timestamp>
<contributor>
<username>HydrizBot</username>
<id>29590</id>
</contributor>
<minor />
<comment>Robô: A limpar links interwikis antigos</comment>
<model>wikitext</model>
<format>text/x-wiki</format>
<text bytes="189" xml:space="preserve">={{-pt-}}=
==Forma verbal==
'''ladroeiráreis'''
#[[segunda pessoa]] do [[plural]] do [[pretérito mais-que-perfeito]] do verbo '''[[ladroeirar]]'''
[[Categoria:Forma verbal (Português)]]</text>
<sha1>djpw3an4bmy7le0wc41q74ux3eiqtjt</sha1>
</revision>
