<page>
<title>ladroeiravas</title>
<ns>0</ns>
<id>162532</id>
<revision>
<id>2368077</id>
<parentid>1156837</parentid>
<timestamp>2017-05-03T19:11:01Z</timestamp>
<contributor>
<username>HydrizBot</username>
<id>29590</id>
</contributor>
<minor />
<comment>Robô: A limpar links interwikis antigos</comment>
<model>wikitext</model>
<format>text/x-wiki</format>
<text bytes="204" xml:space="preserve">={{-pt-}}=
==Forma verbal==
'''ladroeiravas'''
#[[segunda pessoa]] do [[singular]] do [[pretérito imperfeito]] do [[modo indicativo]] do verbo '''[[ladroeirar]]'''
[[Categoria:Forma verbal (Português)]]</text>
<sha1>nh9tqhirvgglc7d2hzpbvpvjl0uh3ry</sha1>
</revision>
</page>
