<page>
<title>ladrarei</title>
<ns>0</ns>
<id>184197</id>
<revision>
<id>2368006</id>
<parentid>1156775</parentid>
<timestamp>2017-05-03T19:08:16Z</timestamp>
<contributor>
<username>HydrizBot</username>
<id>29590</id>
</contributor>
<minor />
<comment>Robô: A limpar links interwikis antigos</comment>
<model>wikitext</model>
<format>text/x-wiki</format>
<text bytes="172" xml:space="preserve">={{-pt-}}=
==Forma verbal==
'''ladrarei'''
#[[primeira pessoa]] do [[singular]] do [[futuro do presente]] do verbo '''[[ladrar]]'''
[[Categoria:Forma verbal (Português)]]</text>
<sha1>fl0um44j8jnsmo6vm81omhj8yvittem</sha1>
</revision>
</page>
