<page>
<title>ladrarmos</title>
<ns>0</ns>
<id>209384</id>
<revision>
<id>2368014</id>
<parentid>1156783</parentid>
<timestamp>2017-05-03T19:08:37Z</timestamp>
<contributor>
<username>HydrizBot</username>
<id>29590</id>
</contributor>
<minor />
<comment>Robô: A limpar links interwikis antigos</comment>
<model>wikitext</model>
<format>text/x-wiki</format>
<text bytes="269" xml:space="preserve">={{-pt-}}=
==Forma verbal==
'''ladrarmos'''
#[[primeira pessoa]] do [[plural]] do [[futuro]] do [[modo subjuntivo]] do verbo '''[[ladrar]]'''
#[[infinitivo pessoal]] da [[primeira pessoa]] do [[plural]] do verbo '''[[ladrar]]'''
[[Categoria:Forma verbal (Português)]]</text>
<sha1>4qsyrqxtsojoa1oxuatj23aosrr2syk</sha1>
</revision>
</page>
