<page>
<page>
<title>ladras</title>
<ns>0</ns>
<id>155265</id>
<revision>
<id>2368020</id>
<parentid>2018917</parentid>
<timestamp>2017-05-03T19:08:52Z</timestamp>
<contributor>
<username>HydrizBot</username>
<id>29590</id>
</contributor>
<minor />
<comment>Robô: A limpar links interwikis antigos</comment>
<model>wikitext</model>
<format>text/x-wiki</format>
<text bytes="178" xml:space="preserve">={{-pt-}}=
==Forma verbal==
'''ladras'''
#[[segunda]] [[pessoa]] do [[singular]] do [[presente]] [[indicativo]] do verbo '''[[ladrar]]'''
[[Categoria:Forma verbal (Português)]]</text>
<sha1>1iav5dnqh4dgar8kp51w29mq3kxgxmp</sha1>
</revision>
