<page>
<title>ladroeirarmos</title>
<ns>0</ns>
<id>209512</id>
<revision>
<id>2368063</id>
<parentid>1156823</parentid>
<timestamp>2017-05-03T19:10:33Z</timestamp>
<contributor>
<username>HydrizBot</username>
<id>29590</id>
</contributor>
<minor />
<comment>Robô: A limpar links interwikis antigos</comment>
<model>wikitext</model>
<format>text/x-wiki</format>
<text bytes="281" xml:space="preserve">={{-pt-}}=
==Forma verbal==
'''ladroeirarmos'''
#[[primeira pessoa]] do [[plural]] do [[futuro]] do [[modo subjuntivo]] do verbo '''[[ladroeirar]]'''
#[[infinitivo pessoal]] da [[primeira pessoa]] do [[plural]] do verbo '''[[ladroeirar]]'''
[[Categoria:Forma verbal (Português)]]</text>
<sha1>liq5h577h3fzr6zo0zig83dht59btbw</sha1>
</revision>
</page>
