<page>
<page>
<title>ladraio</title>
<ns>0</ns>
<id>434634</id>
<revision>
<id>2637331</id>
<timestamp>2021-06-06T14:18:53Z</timestamp>
<contributor>
<username>Cpls</username>
<id>20608</id>
</contributor>
<comment>[[Ajuda:Guia de edição/Menus e ferramentas/Sumário de edição|→]] nova página: ={{-gl-}}= ==Substantivo== {{flex.gl|ms=ladraio|mp=ladraios}} {{paroxítona|la|drai|o|lang=gl}}, {{gramática...</comment>
<model>wikitext</model>
<format>text/x-wiki</format>
<text bytes="386" xml:space="preserve">={{-gl-}}=
==Substantivo==
{{flex.gl|ms=ladraio|mp=ladraios}}
{{paroxítona|la|drai|o|lang=gl}}, {{gramática|m}}
# [[ladral]], cada um dos dois [[taipal|taipais]] do carro de bois
==={{-varort-}}===
* Vide em [[ladranho#{{gl}}|ladranho]]
=={{etimologia|gl}}==
: Confronte-se com ''[[ladrairo#{{gl}}|ladrairo]]'' e ''[[ladranho#{{gl}}|ladranho]]''.
[[Categoria:Substantivo (Galego)]]</text>
<sha1>5jbojkkysfqs2ofoerdurgrmnl1cnm3</sha1>
</revision>
