<page>
<title>ladre</title>
<ns>0</ns>
<id>213670</id>
<revision>
<id>2368029</id>
<parentid>2128495</parentid>
<timestamp>2017-05-03T19:09:12Z</timestamp>
<contributor>
<username>HydrizBot</username>
<id>29590</id>
</contributor>
<minor />
<comment>Robô: A limpar links interwikis antigos</comment>
<model>wikitext</model>
<format>text/x-wiki</format>
<text bytes="403" xml:space="preserve">={{-pt-}}=
==Forma verbal==
'''ladre'''
#[[primeira pessoa|primeira]] e [[terceira pessoa]] do [[singular]] do [[presente]] do [[modo subjuntivo]] do verbo '''[[ladrar]]'''
#[[terceira pessoa]] do [[singular]] do [[imperativo]] [[afirmativo]] do verbo '''[[ladrar]]'''
#[[terceira pessoa]] do [[singular]] do [[imperativo]] [[negativo]] do verbo '''[[ladrar]]'''
[[Categoria:Forma verbal (Português)]]</text>
<sha1>60ns52l1brzw0xah2xf4rxtfnril0lm</sha1>
</revision>
</page>
