<page>
<page>
<title>ladroeirais</title>
<ns>0</ns>
<id>159630</id>
<revision>
<id>2368046</id>
<parentid>1156807</parentid>
<timestamp>2017-05-03T19:09:59Z</timestamp>
<contributor>
<username>HydrizBot</username>
<id>29590</id>
</contributor>
<minor />
<comment>Robô: A limpar links interwikis antigos</comment>
<model>wikitext</model>
<format>text/x-wiki</format>
<text bytes="188" xml:space="preserve">={{-pt-}}=
==Forma verbal==
'''ladroeirais'''
#[[segunda pessoa]] do [[plural]] do [[presente]] do [[modo indicativo]] do verbo '''[[ladroeirar]]'''
[[Categoria:Forma verbal (Português)]]</text>
<sha1>jsw16mzbaymetivn3av3f04bqdkgppq</sha1>
</revision>
