<page>
<title>ladrasses</title>
<ns>0</ns>
<id>197879</id>
<revision>
<id>2368023</id>
<parentid>1156792</parentid>
<timestamp>2017-05-03T19:08:57Z</timestamp>
<contributor>
<username>HydrizBot</username>
<id>29590</id>
</contributor>
<minor />
<comment>Robô: A limpar links interwikis antigos</comment>
<model>wikitext</model>
<format>text/x-wiki</format>
<text bytes="198" xml:space="preserve">={{-pt-}}=
==Forma verbal==
'''ladrasses'''
#[[segunda pessoa]] do [[singular]] do [[pretérito imperfeito]] do [[modo subjuntivo]] do verbo '''[[ladrar]]'''
[[Categoria:Forma verbal (Português)]]</text>
<sha1>emjfljl4zcdon9imx4hlcgpm8phnskk</sha1>
</revision>
</page>
