<page>
<page>
<title>ladreis</title>
<ns>0</ns>
<id>217922</id>
<revision>
<id>2368031</id>
<parentid>1156800</parentid>
<timestamp>2017-05-03T19:09:16Z</timestamp>
<contributor>
<username>HydrizBot</username>
<id>29590</id>
</contributor>
<minor />
<comment>Robô: A limpar links interwikis antigos</comment>
<model>wikitext</model>
<format>text/x-wiki</format>
<text bytes="272" xml:space="preserve">={{-pt-}}=
==Forma verbal==
'''ladreis'''
#[[segunda pessoa]] do [[plural]] do [[presente]] do [[modo subjuntivo]] do verbo '''[[ladrar]]'''
#[[segunda pessoa]] do [[plural]] do [[imperativo]] [[negativo]] do verbo '''[[ladrar]]'''
[[Categoria:Forma verbal (Português)]]</text>
<sha1>iwn9oyiocw38tnsai1xzfgxb1o4yic2</sha1>
</revision>
