<page>
<page>
<title>ladráveis</title>
<ns>0</ns>
<id>168242</id>
<revision>
<id>2368101</id>
<parentid>1156860</parentid>
<timestamp>2017-05-03T19:11:51Z</timestamp>
<contributor>
<username>HydrizBot</username>
<id>29590</id>
</contributor>
<minor />
<comment>Robô: A limpar links interwikis antigos</comment>
<model>wikitext</model>
<format>text/x-wiki</format>
<text bytes="196" xml:space="preserve">={{-pt-}}=
==Forma verbal==
'''ladráveis'''
#[[segunda pessoa]] do [[plural]] do [[pretérito imperfeito]] do [[modo indicativo]] do verbo '''[[ladrar]]'''
[[Categoria:Forma verbal (Português)]]</text>
<sha1>98uoyxjnh0pzu0lhaj36u9lrdomhsdj</sha1>
</revision>
