<page>
<title>ladrei</title>
<ns>0</ns>
<id>171141</id>
<revision>
<id>2368030</id>
<parentid>1156799</parentid>
<timestamp>2017-05-03T19:09:14Z</timestamp>
<contributor>
<username>HydrizBot</username>
<id>29590</id>
</contributor>
<minor />
<comment>Robô: A limpar links interwikis antigos</comment>
<model>wikitext</model>
<format>text/x-wiki</format>
<text bytes="193" xml:space="preserve">={{-pt-}}=
==Forma verbal==
'''ladrei'''
#[[primeira pessoa]] do [[singular]] do [[pretérito perfeito]] do [[modo indicativo]] do verbo '''[[ladrar]]'''
[[Categoria:Forma verbal (Português)]]</text>
<sha1>pyr6h8a57a1bh2epc5t09t33zlnfo09</sha1>
</revision>
</page>
