<page>
<title>ladroeirarem</title>
<ns>0</ns>
<id>212319</id>
<revision>
<id>2368057</id>
<parentid>1156817</parentid>
<timestamp>2017-05-03T19:10:19Z</timestamp>
<contributor>
<username>HydrizBot</username>
<id>29590</id>
</contributor>
<minor />
<comment>Robô: A limpar links interwikis antigos</comment>
<model>wikitext</model>
<format>text/x-wiki</format>
<text bytes="280" xml:space="preserve">={{-pt-}}=
==Forma verbal==
'''ladroeirarem'''
#[[terceira pessoa]] do [[plural]] do [[futuro]] do [[modo subjuntivo]] do verbo '''[[ladroeirar]]'''
#[[infinitivo pessoal]] da [[terceira pessoa]] do [[plural]] do verbo '''[[ladroeirar]]'''
[[Categoria:Forma verbal (Português)]]</text>
<sha1>1oekz49e9dlaq5bb3wa2eyla075jkgb</sha1>
</revision>
</page>
