<page>
<title>ladranho</title>
<ns>0</ns>
<id>434621</id>
<revision>
<id>2637325</id>
<parentid>2637309</parentid>
<timestamp>2021-06-06T14:12:34Z</timestamp>
<contributor>
<username>Cpls</username>
<id>20608</id>
</contributor>
<comment>/* {{-gl-}} */</comment>
<model>wikitext</model>
<format>text/x-wiki</format>
<text bytes="1060" xml:space="preserve">={{-pt-}}=
==Substantivo==
{{flex.pt|ms=ladranho|mp=ladranhos}}
{{paroxítona|la|dra|nho}}, {{gramática|m}}
# {{escopo|pt|Trás-os-Montes}} [[ladral]], cada um dos dois [[taipal|taipais]] do carro de bois
=={{etimologia|pt}}==
: Se calhar de uma hipotética forma latina ''*lateranius'', de {{etimo|la|latus}}.
[[Categoria:Substantivo (Português)]]
={{-gl-}}=
==Substantivo==
{{flex.gl|ms=ladranho|mp=ladranhos}}
{{paroxítona|la|dra|nho|lang=gl}}, {{gramática|m}}
# [[ladranho#{{pt}}|ladranho]], cada um dos dois [[taipal|taipais]] do carro de bois
==={{-varort-}}===
* [[ladaira#{{gl}}|ladaira]], [[ladraia#{{gl}}|ladraia]], [[ladraio#{{gl}}|ladraio]], [[ladraira#{{gl}}|ladraira]], [[ladrairo#{{gl}}|ladrairo]], [[ladrado#{{gl}}|ladrado]], [[ladral#{{gl}}|ladral]], [[ladranha#{{gl}}|ladranha]], [[ladreá#{{gl}}|ladreá]], [[ladreal#{{gl}}|ladreal]], [[ladrião#{{gl}}|ladrião]], [[ladril#{{gl}}|ladril]]
=={{etimologia|gl}}==
: Se calhar de uma hipotética forma latina ''*lateranius'', de {{etimo|la|latus}}.
[[Categoria:Substantivo (Galego)]]</text>
<sha1>sgqtyryotwztcpmju0luh08kfeacmh4</sha1>
</revision>
</page>
