<page>
<title>ladroeirariam</title>
<ns>0</ns>
<id>196692</id>
<revision>
<id>2368061</id>
<parentid>1156821</parentid>
<timestamp>2017-05-03T19:10:29Z</timestamp>
<contributor>
<username>HydrizBot</username>
<id>29590</id>
</contributor>
<minor />
<comment>Robô: A limpar links interwikis antigos</comment>
<model>wikitext</model>
<format>text/x-wiki</format>
<text bytes="181" xml:space="preserve">={{-pt-}}=
==Forma verbal==
'''ladroeirariam'''
#[[terceira pessoa]] do [[plural]] do [[futuro do pretérito]] do verbo '''[[ladroeirar]]'''
[[Categoria:Forma verbal (Português)]]</text>
<sha1>nmmj16qccwd9ldk3cfqa1eqf2ownza9</sha1>
</revision>
</page>
