<page>
<title>ladráreis</title>
<ns>0</ns>
<id>182723</id>
<revision>
<id>2368097</id>
<parentid>1156856</parentid>
<timestamp>2017-05-03T19:11:44Z</timestamp>
<contributor>
<username>HydrizBot</username>
<id>29590</id>
</contributor>
<minor />
<comment>Robô: A limpar links interwikis antigos</comment>
<model>wikitext</model>
<format>text/x-wiki</format>
<text bytes="181" xml:space="preserve">={{-pt-}}=
==Forma verbal==
'''ladráreis'''
#[[segunda pessoa]] do [[plural]] do [[pretérito mais-que-perfeito]] do verbo '''[[ladrar]]'''
[[Categoria:Forma verbal (Português)]]</text>
<sha1>ress7nz9qtvyillumlio6l8h8tiwfpy</sha1>
</revision>
</page>
