<page>
<title>ladram</title>
<ns>0</ns>
<id>161057</id>
<revision>
<id>2367998</id>
<parentid>2128491</parentid>
<timestamp>2017-05-03T19:07:53Z</timestamp>
<contributor>
<username>HydrizBot</username>
<id>29590</id>
</contributor>
<minor />
<comment>Robô: A limpar links interwikis antigos</comment>
<model>wikitext</model>
<format>text/x-wiki</format>
<text bytes="180" xml:space="preserve">={{-pt-}}=
==Forma verbal==
'''ladram'''
#[[terceira pessoa]] do [[plural]] do [[presente]] do [[modo indicativo]] do verbo '''[[ladrar]]'''
[[Categoria:Forma verbal (Português)]]</text>
<sha1>i9ox3rcghmwffepk8yx4yfhze3a716m</sha1>
</revision>
</page>
