<page>
<title>ladraste</title>
<ns>0</ns>
<id>172554</id>
<revision>
<id>2368024</id>
<parentid>2018916</parentid>
<timestamp>2017-05-03T19:08:59Z</timestamp>
<contributor>
<username>HydrizBot</username>
<id>29590</id>
</contributor>
<minor />
<comment>Robô: A limpar links interwikis antigos</comment>
<model>wikitext</model>
<format>text/x-wiki</format>
<text bytes="194" xml:space="preserve">={{-pt-}}=
==Forma verbal==
'''ladraste'''
#[[segunda pessoa]] do [[singular]] do [[pretérito perfeito]] do [[modo indicativo]] do verbo '''[[ladrar]]'''
[[Categoria:Forma verbal (Português)]]</text>
<sha1>m45ugfrka2b2o6fdqzbqika4qw5iqe3</sha1>
</revision>
</page>
