<page>
<page>
<title>ladro</title>
<ns>0</ns>
<id>153806</id>
<revision>
<id>2368043</id>
<parentid>2235868</parentid>
<timestamp>2017-05-03T19:09:54Z</timestamp>
<contributor>
<username>HydrizBot</username>
<id>29590</id>
</contributor>
<minor />
<comment>Robô: A limpar links interwikis antigos</comment>
<model>wikitext</model>
<format>text/x-wiki</format>
<text bytes="354" xml:space="preserve">={{-pt-}}=
==Adjetivo==
{{paroxítona|la|dro}} {{m}} {{p|ladros}}
#que furta ou rouba; [[ladrão]]
#[[próprio]] de [[ladrão]]
#:''linguajar ladro''
==Forma verbal==
'''ladro'''
#[[primeira]] [[pessoa]] do [[singular]] do [[presente]] [[indicativo]] do verbo '''[[ladrar]]'''
[[Categoria:Forma verbal (Português)]]
[[Categoria:Adjetivo (Português)]]</text>
<sha1>5rbehh6xxx7zi39yqw7q23havzwxrfw</sha1>
</revision>
