<page>
<page>
<title>ladrilhada</title>
<ns>0</ns>
<id>336423</id>
<revision>
<id>2368037</id>
<parentid>1898658</parentid>
<timestamp>2017-05-03T19:09:34Z</timestamp>
<contributor>
<username>HydrizBot</username>
<id>29590</id>
</contributor>
<minor />
<comment>Robô: A limpar links interwikis antigos</comment>
<model>wikitext</model>
<format>text/x-wiki</format>
<text bytes="172" xml:space="preserve">={{-pt-}}=
==Forma de adjetivo==
{{paroxítona|la|dri|lha|da}}, {{f}}
# feminino de [[ladrilhado]]
{{avi-for-fle|ladrilhado}}
[[Categoria:Forma de adjetivo (Português)]]</text>
<sha1>poz6s0g27nrrezngepebe52ksybp35a</sha1>
</revision>
