<page>
<page>
<title>ladroeiram</title>
<ns>0</ns>
<id>161184</id>
<revision>
<id>2368047</id>
<parentid>1156808</parentid>
<timestamp>2017-05-03T19:10:00Z</timestamp>
<contributor>
<username>HydrizBot</username>
<id>29590</id>
</contributor>
<minor />
<comment>Robô: A limpar links interwikis antigos</comment>
<model>wikitext</model>
<format>text/x-wiki</format>
<text bytes="188" xml:space="preserve">={{-pt-}}=
==Forma verbal==
'''ladroeiram'''
#[[terceira pessoa]] do [[plural]] do [[presente]] do [[modo indicativo]] do verbo '''[[ladroeirar]]'''
[[Categoria:Forma verbal (Português)]]</text>
<sha1>jhbs65wa8w8sipmadxyfleninc20olr</sha1>
</revision>
