<page>
<title>ladrado</title>
<ns>0</ns>
<id>434626</id>
<revision>
<id>2637319</id>
<timestamp>2021-06-06T13:45:36Z</timestamp>
<contributor>
<username>Cpls</username>
<id>20608</id>
</contributor>
<comment>[[Ajuda:Guia de edição/Menus e ferramentas/Sumário de edição|→]] nova página: ={{-gl-}}= ==Substantivo== {{flex.gl|ms=ladrado|mp=ladrados}} {{paroxítona|la|dra|do|lang=gl}}, {{gramática...</comment>
<model>wikitext</model>
<format>text/x-wiki</format>
<text bytes="379" xml:space="preserve">={{-gl-}}=
==Substantivo==
{{flex.gl|ms=ladrado|mp=ladrados}}
{{paroxítona|la|dra|do|lang=gl}}, {{gramática|m}}
# [[ladral]], cada um dos dois [[taipal|taipais]] do carro de bois
==={{-varort-}}===
* Vide em [[ladranho#{{gl}}|ladranho]]
=={{etimologia|gl}}==
: De uma hipotética forma latina ''*lateratus'' derivada de {{etimo|la|latus}}.
[[Categoria:Substantivo (Galego)]]</text>
<sha1>7wn98gb708cf5vix5xltoysit7ft6el</sha1>
</revision>
</page>
