<page>
<title>ladrareis</title>
<ns>0</ns>
<id>189917</id>
<revision>
<id>2368007</id>
<parentid>2018923</parentid>
<timestamp>2017-05-03T19:08:18Z</timestamp>
<contributor>
<username>HydrizBot</username>
<id>29590</id>
</contributor>
<minor />
<comment>Robô: A limpar links interwikis antigos</comment>
<model>wikitext</model>
<format>text/x-wiki</format>
<text bytes="170" xml:space="preserve">={{-pt-}}=
==Forma verbal==
'''ladrareis'''
#[[segunda pessoa]] do [[plural]] do [[futuro do presente]] do verbo '''[[ladrar]]'''
[[Categoria:Forma verbal (Português)]]</text>
<sha1>27uylmt5pxlqsmx611vvi64sf4oayka</sha1>
</revision>
</page>
