<page>
<title>ladroeirasse</title>
<ns>0</ns>
<id>206293</id>
<revision>
<id>2368070</id>
<parentid>1156830</parentid>
<timestamp>2017-05-03T19:10:49Z</timestamp>
<contributor>
<username>HydrizBot</username>
<id>29590</id>
</contributor>
<minor />
<comment>Robô: A limpar links interwikis antigos</comment>
<model>wikitext</model>
<format>text/x-wiki</format>
<text bytes="237" xml:space="preserve">={{-pt-}}=
==Forma verbal==
'''ladroeirasse'''
#[[primeira pessoa|primeira]] e [[terceira pessoa]] do [[singular]] do [[pretérito imperfeito]] do [[modo subjuntivo]] do verbo '''[[ladroeirar]]'''
[[Categoria:Forma verbal (Português)]]</text>
<sha1>ezi3pzbsbxp1pcjfrtsa8y4lvdppg5o</sha1>
</revision>
</page>
