<page>
<title>ladroeiraram</title>
<ns>0</ns>
<id>176686</id>
<revision>
<id>2368052</id>
<parentid>1156812</parentid>
<timestamp>2017-05-03T19:10:09Z</timestamp>
<contributor>
<username>HydrizBot</username>
<id>29590</id>
</contributor>
<minor />
<comment>Robô: A limpar links interwikis antigos</comment>
<model>wikitext</model>
<format>text/x-wiki</format>
<text bytes="201" xml:space="preserve">={{-pt-}}=
==Forma verbal==
'''ladroeiraram'''
#[[terceira pessoa]] do [[plural]] do [[pretérito perfeito]] do [[modo indicativo]] do verbo '''[[ladroeirar]]'''
[[Categoria:Forma verbal (Português)]]</text>
<sha1>trl7sfpx0e39qwjelhrwia47kd90jbo</sha1>
</revision>
</page>
