<page>
<page>
<title>ladrões</title>
<ns>0</ns>
<id>237704</id>
<revision>
<id>2368104</id>
<parentid>1417658</parentid>
<timestamp>2017-05-03T19:12:02Z</timestamp>
<contributor>
<username>HydrizBot</username>
<id>29590</id>
</contributor>
<minor />
<comment>Robô: A limpar links interwikis antigos</comment>
<model>wikitext</model>
<format>text/x-wiki</format>
<text bytes="242" xml:space="preserve">={{-pt-}}=
==Forma de substantivo==
{{oxítona|la|drões}}
# plural de [[ladrão]]
==Anagramas==
# [[desolar]]
# [[dólares]]
# [[lesador]]
# [[rodelas]]
# [[selador]]
{{avi-for-fle|ladrão}}
[[Categoria:Forma de substantivo (Português)]]</text>
<sha1>2fhb0c7jesrzhq08uqlcj09n1auiji2</sha1>
</revision>
