<page>
<page>
<title>ladroeirarias</title>
<ns>0</ns>
<id>200984</id>
<revision>
<id>2368062</id>
<parentid>1156822</parentid>
<timestamp>2017-05-03T19:10:31Z</timestamp>
<contributor>
<username>HydrizBot</username>
<id>29590</id>
</contributor>
<minor />
<comment>Robô: A limpar links interwikis antigos</comment>
<model>wikitext</model>
<format>text/x-wiki</format>
<text bytes="182" xml:space="preserve">={{-pt-}}=
==Forma verbal==
'''ladroeirarias'''
#[[segunda pessoa]] do [[singular]] do [[futuro do pretérito]] do verbo '''[[ladroeirar]]'''
[[Categoria:Forma verbal (Português)]]</text>
<sha1>mcrarbkuy1vzj0e1d2zs6q7mplm3lj8</sha1>
</revision>
