<page>
<title>ladrillo</title>
<ns>0</ns>
<id>233345</id>
<revision>
<id>2487096</id>
<parentid>2368042</parentid>
<timestamp>2018-02-27T14:50:29Z</timestamp>
<contributor>
<username>ValJor</username>
<id>1358</id>
</contributor>
<comment>Confirmando [[:Categoria:!Entrada criada por robô|verbete criado por robô]]</comment>
<model>wikitext</model>
<format>text/x-wiki</format>
<text bytes="160" xml:space="preserve">{{Wikipédia|lang=es}}
={{-es-}}=
==Substantivo==
'''ladrillo'''
# [[tijolo]] (paralelepípedo de barro moldado e cozido)
[[Categoria:Substantivo (Espanhol)]]</text>
<sha1>pwbaw3curfraccpmoimverekz7s58tp</sha1>
</revision>
</page>
