<page>
<page>
<title>ladroeirasses</title>
<ns>0</ns>
<id>198004</id>
<revision>
<id>2368072</id>
<parentid>1156832</parentid>
<timestamp>2017-05-03T19:10:53Z</timestamp>
<contributor>
<username>HydrizBot</username>
<id>29590</id>
</contributor>
<minor />
<comment>Robô: A limpar links interwikis antigos</comment>
<model>wikitext</model>
<format>text/x-wiki</format>
<text bytes="206" xml:space="preserve">={{-pt-}}=
==Forma verbal==
'''ladroeirasses'''
#[[segunda pessoa]] do [[singular]] do [[pretérito imperfeito]] do [[modo subjuntivo]] do verbo '''[[ladroeirar]]'''
[[Categoria:Forma verbal (Português)]]</text>
<sha1>f6qlabe9jjskusosqbzzfsyxhfwbc2g</sha1>
</revision>
