<page>
<page>
<title>ladroeiráveis</title>
<ns>0</ns>
<id>168372</id>
<revision>
<id>2368092</id>
<parentid>1156852</parentid>
<timestamp>2017-05-03T19:11:32Z</timestamp>
<contributor>
<username>HydrizBot</username>
<id>29590</id>
</contributor>
<minor />
<comment>Robô: A limpar links interwikis antigos</comment>
<model>wikitext</model>
<format>text/x-wiki</format>
<text bytes="204" xml:space="preserve">={{-pt-}}=
==Forma verbal==
'''ladroeiráveis'''
#[[segunda pessoa]] do [[plural]] do [[pretérito imperfeito]] do [[modo indicativo]] do verbo '''[[ladroeirar]]'''
[[Categoria:Forma verbal (Português)]]</text>
<sha1>kjhqacm600w056nqwxx9pdcwtm3d91x</sha1>
</revision>
