<page>
<title>ladroíço</title>
<ns>0</ns>
<id>295829</id>
<revision>
<id>1523047</id>
<parentid>1442141</parentid>
<timestamp>2012-11-19T15:08:26Z</timestamp>
<contributor>
<username>Cpls</username>
<id>20608</id>
</contributor>
<comment>/* {{-pt-}} */</comment>
<model>wikitext</model>
<format>text/x-wiki</format>
<text bytes="315" xml:space="preserve">={{-pt-}}=
==Substantivo==
{{flex.pt|ms=ladroíço|mp=ladroíços}}
{{paroxítona|la|dro|í|ço}}
# {{escopo|Galiza}} [[roubo]]
=={{etimologia|pt}}==
: Do latim ''latrocinium''.
==Ver também==
===No Wikcionário===
* [[latrocínio]]
[[Categoria:Substantivo (Português)]]
[[Categoria:Regionalismo (Português)]]</text>
<sha1>tpbsdfmdifpypu8fekfyon4dlzlgkyb</sha1>
</revision>
</page>
