<page>
<title>ladroeiráramos</title>
<ns>0</ns>
<id>181152</id>
<revision>
<id>2368087</id>
<parentid>1156847</parentid>
<timestamp>2017-05-03T19:11:20Z</timestamp>
<contributor>
<username>HydrizBot</username>
<id>29590</id>
</contributor>
<minor />
<comment>Robô: A limpar links interwikis antigos</comment>
<model>wikitext</model>
<format>text/x-wiki</format>
<text bytes="191" xml:space="preserve">={{-pt-}}=
==Forma verbal==
'''ladroeiráramos'''
#[[primeira pessoa]] do [[plural]] do [[pretérito mais-que-perfeito]] do verbo '''[[ladroeirar]]'''
[[Categoria:Forma verbal (Português)]]</text>
<sha1>5mr6m5za3476hial3epoc8yhe2giv2t</sha1>
</revision>
</page>
