<page>
<title>ladril</title>
<ns>0</ns>
<id>434631</id>
<revision>
<id>2637328</id>
<timestamp>2021-06-06T14:18:25Z</timestamp>
<contributor>
<username>Cpls</username>
<id>20608</id>
</contributor>
<comment>[[Ajuda:Guia de edição/Menus e ferramentas/Sumário de edição|→]] nova página: ={{-gl-}}= ==Substantivo== {{flex.gl|ms=ladril|mp=ladris}} {{oxítona|la|dril|lang=gl}}, {{gramática|m}} # [...</comment>
<model>wikitext</model>
<format>text/x-wiki</format>
<text bytes="357" xml:space="preserve">={{-gl-}}=
==Substantivo==
{{flex.gl|ms=ladril|mp=ladris}}
{{oxítona|la|dril|lang=gl}}, {{gramática|m}}
# [[ladral]], cada um dos dois [[taipal|taipais]] do carro de bois
==={{-varort-}}===
* Vide em [[ladranho#{{gl}}|ladranho]]
=={{etimologia|gl}}==
: Da mesma origem que {{etimo|gl|ladral}} ou {{etimo|gl|ladreal}}.
[[Categoria:Substantivo (Galego)]]</text>
<sha1>hy9ox4fvvq11xx53cd4876zh0o1apqj</sha1>
</revision>
</page>
