<page>
<page>
<title>ladramos</title>
<ns>0</ns>
<id>158083</id>
<revision>
<id>2494161</id>
<parentid>2367999</parentid>
<timestamp>2018-04-05T19:27:36Z</timestamp>
<contributor>
<username>ValJor</username>
<id>1358</id>
</contributor>
<comment>Acrescentando a predefinição avi-for-fle</comment>
<model>wikitext</model>
<format>text/x-wiki</format>
<text bytes="379" xml:space="preserve">={{-pt-}}=
==Forma verbal==
{{paroxítona|la|dra|mos}}
# primeira pessoa do plural do presente do modo indicativo do verbo [[ladrar]]
# {{escopo2|grafia brasileira}} primeira pessoa do plural do pretérito perfeito do modo indicativo do verbo [[ladrar]]
{{avi-for-fle|ladrar}}
==Anagramas==
# [[moldaras]]
# [[moldarás]]
# [[soldaram]]
[[Categoria:Forma verbal (Português)]]</text>
<sha1>d370o5pvauxybiymnsuxbvt64jnz8nj</sha1>
</revision>
