<page>
<title>ladrávamos</title>
<ns>0</ns>
<id>163803</id>
<revision>
<id>2368100</id>
<parentid>1156859</parentid>
<timestamp>2017-05-03T19:11:50Z</timestamp>
<contributor>
<username>HydrizBot</username>
<id>29590</id>
</contributor>
<minor />
<comment>Robô: A limpar links interwikis antigos</comment>
<model>wikitext</model>
<format>text/x-wiki</format>
<text bytes="198" xml:space="preserve">={{-pt-}}=
==Forma verbal==
'''ladrávamos'''
#[[primeira pessoa]] do [[plural]] do [[pretérito imperfeito]] do [[modo indicativo]] do verbo '''[[ladrar]]'''
[[Categoria:Forma verbal (Português)]]</text>
<sha1>i9qwdzmxkrr1d9t2e8r2a1qex1xm49l</sha1>
</revision>
</page>
