<page>
<title>ladrarás</title>
<ns>0</ns>
<id>185754</id>
<revision>
<id>2368016</id>
<parentid>2018919</parentid>
<timestamp>2017-05-03T19:08:42Z</timestamp>
<contributor>
<username>HydrizBot</username>
<id>29590</id>
</contributor>
<minor />
<comment>Robô: A limpar links interwikis antigos</comment>
<model>wikitext</model>
<format>text/x-wiki</format>
<text bytes="172" xml:space="preserve">={{-pt-}}=
==Forma verbal==
'''ladrarás'''
#[[segunda pessoa]] do [[singular]] do [[futuro do presente]] do verbo '''[[ladrar]]'''
[[Categoria:Forma verbal (Português)]]</text>
<sha1>42sv0lwjonlaakakvhkq4i1q4ag6naq</sha1>
</revision>
</page>
