<page>
<title>ladroeirai</title>
<ns>0</ns>
<id>220947</id>
<revision>
<id>2368045</id>
<parentid>1156806</parentid>
<timestamp>2017-05-03T19:09:57Z</timestamp>
<contributor>
<username>HydrizBot</username>
<id>29590</id>
</contributor>
<minor />
<comment>Robô: A limpar links interwikis antigos</comment>
<model>wikitext</model>
<format>text/x-wiki</format>
<text bytes="182" xml:space="preserve">={{-pt-}}=
==Forma verbal==
'''ladroeirai'''
#[[segunda pessoa]] do [[plural]] do [[imperativo]] [[afirmativo]] do verbo '''[[ladroeirar]]'''
[[Categoria:Forma verbal (Português)]]</text>
<sha1>1xahioypnpf3yiyh6sx7h3amh2xngjk</sha1>
</revision>
</page>
