<page>
<page>
<title>ladronas</title>
<ns>0</ns>
<id>383507</id>
<revision>
<id>2454728</id>
<parentid>2449423</parentid>
<timestamp>2017-10-13T10:30:14Z</timestamp>
<contributor>
<username>ValJor</username>
<id>1358</id>
</contributor>
<comment>Salvando verbete da ER</comment>
<model>wikitext</model>
<format>text/x-wiki</format>
<text bytes="169" xml:space="preserve">={{-pt-}}=
==Forma de substantivo==
{{paroxítona|la|dro|nas}}
# feminino plural de [[ladrão]]
{{avi-for-fle|ladrão}}
[[Categoria:Forma de substantivo (Português)]]</text>
<sha1>ehspy6rh97wrqnz486rkqtith5hbkdj</sha1>
</revision>
