<page>
<page>
<title>ladroeirámos</title>
<ns>0</ns>
<id>166646</id>
<revision>
<id>2545499</id>
<parentid>2368086</parentid>
<timestamp>2019-05-31T14:03:45Z</timestamp>
<contributor>
<username>ValJor</username>
<id>1358</id>
</contributor>
<comment>Acrescentando a predefinição avi-for-fle</comment>
<model>wikitext</model>
<format>text/x-wiki</format>
<text bytes="273" xml:space="preserve">={{-pt-}}=
==Forma verbal==
{{paroxítona|la|dro|ei|rá|mos}}
# {{escopo2|grafia lusitana}} primeira pessoa do plural do pretérito perfeito do indicativo do verbo [[ladroeirar]]
{{avi-for-fle|ladroeirar}}
[[Categoria:Forma verbal (Português)]]
[[Categoria:Lusitanismo]]</text>
<sha1>nef07izk7fukgt6am42estkwr0jtluj</sha1>
</revision>
