<page>
<title>ladroeirava</title>
<ns>0</ns>
<id>204985</id>
<revision>
<id>2368075</id>
<parentid>1156835</parentid>
<timestamp>2017-05-03T19:10:58Z</timestamp>
<contributor>
<username>HydrizBot</username>
<id>29590</id>
</contributor>
<minor />
<comment>Robô: A limpar links interwikis antigos</comment>
<model>wikitext</model>
<format>text/x-wiki</format>
<text bytes="236" xml:space="preserve">={{-pt-}}=
==Forma verbal==
'''ladroeirava'''
#[[primeira pessoa|primeira]] e [[terceira pessoa]] do [[singular]] do [[pretérito imperfeito]] do [[modo indicativo]] do verbo '''[[ladroeirar]]'''
[[Categoria:Forma verbal (Português)]]</text>
<sha1>ogh4jzexz89s8qcw453yh0m91ck0zlb</sha1>
</revision>
</page>
