<page>
<title>ladravas</title>
<ns>0</ns>
<id>162404</id>
<revision>
<id>2368028</id>
<parentid>1156797</parentid>
<timestamp>2017-05-03T19:09:08Z</timestamp>
<contributor>
<username>HydrizBot</username>
<id>29590</id>
</contributor>
<minor />
<comment>Robô: A limpar links interwikis antigos</comment>
<model>wikitext</model>
<format>text/x-wiki</format>
<text bytes="196" xml:space="preserve">={{-pt-}}=
==Forma verbal==
'''ladravas'''
#[[segunda pessoa]] do [[singular]] do [[pretérito imperfeito]] do [[modo indicativo]] do verbo '''[[ladrar]]'''
[[Categoria:Forma verbal (Português)]]</text>
<sha1>met15qrmhh0n2lkliqq3v9lfoyw39nv</sha1>
</revision>
</page>
