<page>
<title>ladroeirareis</title>
<ns>0</ns>
<id>190042</id>
<revision>
<id>2368056</id>
<parentid>1156816</parentid>
<timestamp>2017-05-03T19:10:17Z</timestamp>
<contributor>
<username>HydrizBot</username>
<id>29590</id>
</contributor>
<minor />
<comment>Robô: A limpar links interwikis antigos</comment>
<model>wikitext</model>
<format>text/x-wiki</format>
<text bytes="178" xml:space="preserve">={{-pt-}}=
==Forma verbal==
'''ladroeirareis'''
#[[segunda pessoa]] do [[plural]] do [[futuro do presente]] do verbo '''[[ladroeirar]]'''
[[Categoria:Forma verbal (Português)]]</text>
<sha1>8embbc71fl7xnrkkaiiaq1vlo97r8kw</sha1>
</revision>
</page>
