<page>
<title>ladroa</title>
<ns>0</ns>
<id>104944</id>
<revision>
<id>2256828</id>
<parentid>1156805</parentid>
<timestamp>2017-03-27T09:09:41Z</timestamp>
<contributor>
<username>Cpls</username>
<id>20608</id>
</contributor>
<comment>/* {{-pt-}} */  a ligar com ladrona para que não fique órfã</comment>
<model>wikitext</model>
<format>text/x-wiki</format>
<text bytes="449" xml:space="preserve">={{-pt-}}=
==Forma verbal==
{{paroxítona|la|dro|a}}
# terceira pessoa do singular do presente do indicativo do verbo [[ladroar]]
# segunda pessoas do singular do imperativo do verbo [[ladroar]]
==Forma de substantivo==
{{paroxítona|la|dro|a}}, {{g|f}}
# o mesmo que [[ladra]]
==={{-varort-}}===
* [[ladrona]]
==Anagramas==
# [[ladrão]]
# [[ralar|ralado]]
[[Categoria:Forma verbal (Português)]]
[[Categoria:Forma de substantivo (Português)]]</text>
<sha1>8uoecg40g2b9njzvdvq9cbva0s468fx</sha1>
</revision>
</page>
