<page>
<page>
<title>ladrador</title>
<ns>0</ns>
<id>33815</id>
<revision>
<id>2367994</id>
<parentid>1777059</parentid>
<timestamp>2017-05-03T19:07:45Z</timestamp>
<contributor>
<username>HydrizBot</username>
<id>29590</id>
</contributor>
<minor />
<comment>Robô: A limpar links interwikis antigos</comment>
<model>wikitext</model>
<format>text/x-wiki</format>
<text bytes="328" xml:space="preserve">{{Wikisource|Nojenta prole da rainha Ginga}}
={{-pt-}}=
==Adjetivo==
{{flex.pt|ms=ladrador|mp=ladradores|fs=ladradora|fp=ladradoras}}
{{oxítona|la|dra|dor}}
# que [[ladrar|ladra]]
==Substantivo==
{{oxítona|la|dra|dor}}
# aquele que [[ladrar|ladra]]
[[Categoria:Adjetivo (Português)]]
[[Categoria:Substantivo (Português)]]</text>
<sha1>r5trsjq71gkm9kg4xwbeo3wglzdqdth</sha1>
</revision>
