<page>
<title>ladrea</title>
<ns>0</ns>
<id>434630</id>
<revision>
<id>2637327</id>
<timestamp>2021-06-06T14:18:05Z</timestamp>
<contributor>
<username>Cpls</username>
<id>20608</id>
</contributor>
<comment>[[Ajuda:Guia de edição/Menus e ferramentas/Sumário de edição|→]] nova página: {{ver também|ladreá}}  ={{-gl-}}= ==Substantivo== {{flex.gl|ms=ladrea|mp=ladreas}} {{paroxítona|la|dre|a|l...</comment>
<model>wikitext</model>
<format>text/x-wiki</format>
<text bytes="305" xml:space="preserve">{{ver também|ladreá}}
={{-gl-}}=
==Substantivo==
{{flex.gl|ms=ladrea|mp=ladreas}}
{{paroxítona|la|dre|a|lang=gl}}, {{gramática|m}}
# [[correia]] com a que é sujeitado o boi ao [[jugo]]
=={{etimologia|gl}}==
: Da mesma origem que ''[[ladriço#{{gl}}|ladriço]]''.
[[Categoria:Substantivo (Galego)]]</text>
<sha1>kopw3qm0ivwjpvmgosqg38rcatuzrqq</sha1>
</revision>
</page>
