<page>
<title>ladraira</title>
<ns>0</ns>
<id>434624</id>
<revision>
<id>2637317</id>
<timestamp>2021-06-06T13:37:43Z</timestamp>
<contributor>
<username>Cpls</username>
<id>20608</id>
</contributor>
<comment>[[Ajuda:Guia de edição/Menus e ferramentas/Sumário de edição|→]] nova página: ={{-gl-}}= ==Substantivo== {{flex.gl|fs=ladraira|fp=ladrairas}} {{paroxítona|la|drai|ra|lang=gl}}, {{gramát...</comment>
<model>wikitext</model>
<format>text/x-wiki</format>
<text bytes="382" xml:space="preserve">={{-gl-}}=
==Substantivo==
{{flex.gl|fs=ladraira|fp=ladrairas}}
{{paroxítona|la|drai|ra|lang=gl}}, {{gramática|f}}
# [[ladral]], cada um dos dois [[taipal|taipais]] do carro de bois
==={{-varort-}}===
* Vide em [[ladranho#{{gl}}|ladranho]]
=={{etimologia|gl}}==
: De uma hipotética forma latina ''*lateraria'' derivada de {{etimo|la|latus}}.
[[Categoria:Substantivo (Galego)]]</text>
<sha1>6uqq1yk1986xxqpmm7avv3ta4scks1s</sha1>
</revision>
</page>
