<page>
<page>
<title>ladroeiraste</title>
<ns>0</ns>
<id>172680</id>
<revision>
<id>2368073</id>
<parentid>1156833</parentid>
<timestamp>2017-05-03T19:10:55Z</timestamp>
<contributor>
<username>HydrizBot</username>
<id>29590</id>
</contributor>
<minor />
<comment>Robô: A limpar links interwikis antigos</comment>
<model>wikitext</model>
<format>text/x-wiki</format>
<text bytes="202" xml:space="preserve">={{-pt-}}=
==Forma verbal==
'''ladroeiraste'''
#[[segunda pessoa]] do [[singular]] do [[pretérito perfeito]] do [[modo indicativo]] do verbo '''[[ladroeirar]]'''
[[Categoria:Forma verbal (Português)]]</text>
<sha1>j0wm992efgeteulmpc9xl3vdn7kwl8o</sha1>
</revision>
