<page>
<page>
<title>ladraríeis</title>
<ns>0</ns>
<id>195231</id>
<revision>
<id>2368019</id>
<parentid>1156788</parentid>
<timestamp>2017-05-03T19:08:49Z</timestamp>
<contributor>
<username>HydrizBot</username>
<id>29590</id>
</contributor>
<minor />
<comment>Robô: A limpar links interwikis antigos</comment>
<model>wikitext</model>
<format>text/x-wiki</format>
<text bytes="174" xml:space="preserve">={{-pt-}}=
==Forma verbal==
'''ladraríeis'''
#[[segunda pessoa]] do [[plural]] do [[futuro do pretérito]] do verbo '''[[ladrar]]'''
[[Categoria:Forma verbal (Português)]]</text>
<sha1>epm6g1czd5i0gs8e9wruqwj7jm5fg0i</sha1>
</revision>
