<page>
<page>
<title>ladrilhar</title>
<ns>0</ns>
<id>336430</id>
<revision>
<id>2657542</id>
<parentid>2413763</parentid>
<timestamp>2022-01-09T16:14:19Z</timestamp>
<contributor>
<username>ValJor</username>
<id>1358</id>
</contributor>
<comment>Melhorando a apresentação do verbete</comment>
<model>wikitext</model>
<format>text/x-wiki</format>
<text bytes="603" xml:space="preserve">={{-pt-}}=
==Verbo==
{{oxítona|la|dri|lhar}}, {{gramática|vt}}
# [[revestir]] de [[ladrilho]]s ou lajotas (um pavimento, um piso)
===Conjugação===
{{conj/pt|ladrilh|ar}}
===Tradução===
{{tradini}}
* {{trad|fr|carreler}}
{{tradmeio}}
* {{trad|ru|укладывать плитки|облицовывать плитками|выстилать плитки}}
{{tradfim}}
=={{etimologia|pt}}==
: {{escopo|Morfologia}} [[ladrilho]] + [[-ar]].
==Ligações externas==
* {{Aulete}}
* {{Michaelis}}
* {{DicioAberto}}
* {{DLPO}}
* {{Infopédia}}
* {{PLP}}
* {{VOLPABL}}
[[Categoria:Verbo (Português)]]</text>
<sha1>bij8sby3gakoyqvb5afpz66qmq3q3ny</sha1>
</revision>
