<page>
<page>
<title>ladroeire</title>
<ns>0</ns>
<id>213783</id>
<revision>
<id>2368078</id>
<parentid>1156838</parentid>
<timestamp>2017-05-03T19:11:04Z</timestamp>
<contributor>
<username>HydrizBot</username>
<id>29590</id>
</contributor>
<minor />
<comment>Robô: A limpar links interwikis antigos</comment>
<model>wikitext</model>
<format>text/x-wiki</format>
<text bytes="419" xml:space="preserve">={{-pt-}}=
==Forma verbal==
'''ladroeire'''
#[[primeira pessoa|primeira]] e [[terceira pessoa]] do [[singular]] do [[presente]] do [[modo subjuntivo]] do verbo '''[[ladroeirar]]'''
#[[terceira pessoa]] do [[singular]] do [[imperativo]] [[afirmativo]] do verbo '''[[ladroeirar]]'''
#[[terceira pessoa]] do [[singular]] do [[imperativo]] [[negativo]] do verbo '''[[ladroeirar]]'''
[[Categoria:Forma verbal (Português)]]</text>
<sha1>si7ig08k6yydgwafk93llcvw70h1w1w</sha1>
</revision>
