<page>
<title>ladravam</title>
<ns>0</ns>
<id>169678</id>
<revision>
<id>2368027</id>
<parentid>1156796</parentid>
<timestamp>2017-05-03T19:09:06Z</timestamp>
<contributor>
<username>HydrizBot</username>
<id>29590</id>
</contributor>
<minor />
<comment>Robô: A limpar links interwikis antigos</comment>
<model>wikitext</model>
<format>text/x-wiki</format>
<text bytes="195" xml:space="preserve">={{-pt-}}=
==Forma verbal==
'''ladravam'''
#[[terceira pessoa]] do [[plural]] do [[pretérito imperfeito]] do [[modo indicativo]] do verbo '''[[ladrar]]'''
[[Categoria:Forma verbal (Português)]]</text>
<sha1>s6cei46ccuijii8m4i8qf3vaupdi4ds</sha1>
</revision>
</page>
