<page>
<title>ladroeirará</title>
<ns>0</ns>
<id>187261</id>
<revision>
<id>2368064</id>
<parentid>1156824</parentid>
<timestamp>2017-05-03T19:10:36Z</timestamp>
<contributor>
<username>HydrizBot</username>
<id>29590</id>
</contributor>
<minor />
<comment>Robô: A limpar links interwikis antigos</comment>
<model>wikitext</model>
<format>text/x-wiki</format>
<text bytes="180" xml:space="preserve">={{-pt-}}=
==Forma verbal==
'''ladroeirará'''
#[[terceira pessoa]] do [[singular]] do [[futuro do presente]] do verbo '''[[ladroeirar]]'''
[[Categoria:Forma verbal (Português)]]</text>
<sha1>g6v50br76zslo13864dewasf9qg6zpw</sha1>
</revision>
</page>
