<page>
<page>
<title>ladrardes</title>
<ns>0</ns>
<id>210848</id>
<revision>
<id>2368005</id>
<parentid>1156774</parentid>
<timestamp>2017-05-03T19:08:14Z</timestamp>
<contributor>
<username>HydrizBot</username>
<id>29590</id>
</contributor>
<minor />
<comment>Robô: A limpar links interwikis antigos</comment>
<model>wikitext</model>
<format>text/x-wiki</format>
<text bytes="267" xml:space="preserve">={{-pt-}}=
==Forma verbal==
'''ladrardes'''
#[[segunda pessoa]] do [[plural]] do [[futuro]] do [[modo subjuntivo]] do verbo '''[[ladrar]]'''
#[[infinitivo pessoal]] da [[segunda pessoa]] do [[plural]] do verbo '''[[ladrar]]'''
[[Categoria:Forma verbal (Português)]]</text>
<sha1>iatpkhhnuvmxwq2set8nqgqhnmwiy1v</sha1>
</revision>
