<page>
<title>ladroeirei</title>
<ns>0</ns>
<id>171267</id>
<revision>
<id>2368079</id>
<parentid>1156839</parentid>
<timestamp>2017-05-03T19:11:05Z</timestamp>
<contributor>
<username>HydrizBot</username>
<id>29590</id>
</contributor>
<minor />
<comment>Robô: A limpar links interwikis antigos</comment>
<model>wikitext</model>
<format>text/x-wiki</format>
<text bytes="201" xml:space="preserve">={{-pt-}}=
==Forma verbal==
'''ladroeirei'''
#[[primeira pessoa]] do [[singular]] do [[pretérito perfeito]] do [[modo indicativo]] do verbo '''[[ladroeirar]]'''
[[Categoria:Forma verbal (Português)]]</text>
<sha1>m6eet0xnkf8mqyg76sfyfiqxsq4snxm</sha1>
</revision>
</page>
