<page>
<title>ladrassem</title>
<ns>0</ns>
<id>203554</id>
<revision>
<id>2368022</id>
<parentid>1156791</parentid>
<timestamp>2017-05-03T19:08:55Z</timestamp>
<contributor>
<username>HydrizBot</username>
<id>29590</id>
</contributor>
<minor />
<comment>Robô: A limpar links interwikis antigos</comment>
<model>wikitext</model>
<format>text/x-wiki</format>
<text bytes="197" xml:space="preserve">={{-pt-}}=
==Forma verbal==
'''ladrassem'''
#[[terceira pessoa]] do [[plural]] do [[pretérito imperfeito]] do [[modo subjuntivo]] do verbo '''[[ladrar]]'''
[[Categoria:Forma verbal (Português)]]</text>
<sha1>16vo0upgorxiim6e92oi3oznfsj0usi</sha1>
</revision>
</page>
