<page>
<page>
<title>ladrem</title>
<ns>0</ns>
<id>216573</id>
<revision>
<id>2368032</id>
<parentid>1156801</parentid>
<timestamp>2017-05-03T19:09:18Z</timestamp>
<contributor>
<username>HydrizBot</username>
<id>29590</id>
</contributor>
<minor />
<comment>Robô: A limpar links interwikis antigos</comment>
<model>wikitext</model>
<format>text/x-wiki</format>
<text bytes="367" xml:space="preserve">={{-pt-}}=
==Forma verbal==
'''ladrem'''
#[[terceira pessoa]] do [[plural]] do [[presente]] do [[modo subjuntivo]] do verbo '''[[ladrar]]'''
#[[terceira pessoa]] do [[plural]] do [[imperativo]] [[afirmativo]] do verbo '''[[ladrar]]'''
#[[terceira pessoa]] do [[plural]] do [[imperativo]] [[negativo]] do verbo '''[[ladrar]]'''
[[Categoria:Forma verbal (Português)]]</text>
<sha1>j3h89e2z7t7xtfxnk3us7kag76bydd4</sha1>
</revision>
