<page>
<page>
<title>ladroeiremos</title>
<ns>0</ns>
<id>215099</id>
<revision>
<id>2368082</id>
<parentid>1156842</parentid>
<timestamp>2017-05-03T19:11:10Z</timestamp>
<contributor>
<username>HydrizBot</username>
<id>29590</id>
</contributor>
<minor />
<comment>Robô: A limpar links interwikis antigos</comment>
<model>wikitext</model>
<format>text/x-wiki</format>
<text bytes="385" xml:space="preserve">={{-pt-}}=
==Forma verbal==
'''ladroeiremos'''
#[[primeira pessoa]] do [[plural]] do [[presente]] do [[modo subjuntivo]] do verbo '''[[ladroeirar]]'''
#[[primeira pessoa]] do [[plural]] do [[imperativo]] [[afirmativo]] do verbo '''[[ladroeirar]]'''
#[[primeira pessoa]] do [[plural]] do [[imperativo]] [[negativo]] do verbo '''[[ladroeirar]]'''
[[Categoria:Forma verbal (Português)]]</text>
<sha1>2fv7g372fepaau3z8b6ego09y87zal1</sha1>
</revision>
