<page>
<page>
<title>ladroeires</title>
<ns>0</ns>
<id>219462</id>
<revision>
<id>2368083</id>
<parentid>1156843</parentid>
<timestamp>2017-05-03T19:11:12Z</timestamp>
<contributor>
<username>HydrizBot</username>
<id>29590</id>
</contributor>
<minor />
<comment>Robô: A limpar links interwikis antigos</comment>
<model>wikitext</model>
<format>text/x-wiki</format>
<text bytes="287" xml:space="preserve">={{-pt-}}=
==Forma verbal==
'''ladroeires'''
#[[segunda pessoa]] do [[singular]] do [[presente]] do [[modo subjuntivo]] do verbo '''[[ladroeirar]]'''
#[[segunda pessoa]] do [[singular]] do [[imperativo]] [[negativo]] do verbo '''[[ladroeirar]]'''
[[Categoria:Forma verbal (Português)]]</text>
<sha1>oxz7136lpj716z4b4qj2r3u6ij19nle</sha1>
</revision>
