<page>
<title>ladroeiraríeis</title>
<ns>0</ns>
<id>195356</id>
<revision>
<id>2368068</id>
<parentid>1156828</parentid>
<timestamp>2017-05-03T19:10:45Z</timestamp>
<contributor>
<username>HydrizBot</username>
<id>29590</id>
</contributor>
<minor />
<comment>Robô: A limpar links interwikis antigos</comment>
<model>wikitext</model>
<format>text/x-wiki</format>
<text bytes="182" xml:space="preserve">={{-pt-}}=
==Forma verbal==
'''ladroeiraríeis'''
#[[segunda pessoa]] do [[plural]] do [[futuro do pretérito]] do verbo '''[[ladroeirar]]'''
[[Categoria:Forma verbal (Português)]]</text>
<sha1>iathqvm2vkz7vcv0dbhn0uewlhix3gq</sha1>
</revision>
</page>
