<page>
<page>
<title>ladroeirarão</title>
<ns>0</ns>
<id>191402</id>
<revision>
<id>2368066</id>
<parentid>1156826</parentid>
<timestamp>2017-05-03T19:10:42Z</timestamp>
<contributor>
<username>HydrizBot</username>
<id>29590</id>
</contributor>
<minor />
<comment>Robô: A limpar links interwikis antigos</comment>
<model>wikitext</model>
<format>text/x-wiki</format>
<text bytes="179" xml:space="preserve">={{-pt-}}=
==Forma verbal==
'''ladroeirarão'''
#[[terceira pessoa]] do [[plural]] do [[futuro do presente]] do verbo '''[[ladroeirar]]'''
[[Categoria:Forma verbal (Português)]]</text>
<sha1>iqvjj5eme83ajgb40s8e0slkysa46yf</sha1>
</revision>
