<page>
<page>
<title>ladrarias</title>
<ns>0</ns>
<id>200858</id>
<revision>
<id>2368013</id>
<parentid>1156782</parentid>
<timestamp>2017-05-03T19:08:35Z</timestamp>
<contributor>
<username>HydrizBot</username>
<id>29590</id>
</contributor>
<minor />
<comment>Robô: A limpar links interwikis antigos</comment>
<model>wikitext</model>
<format>text/x-wiki</format>
<text bytes="174" xml:space="preserve">={{-pt-}}=
==Forma verbal==
'''ladrarias'''
#[[segunda pessoa]] do [[singular]] do [[futuro do pretérito]] do verbo '''[[ladrar]]'''
[[Categoria:Forma verbal (Português)]]</text>
<sha1>qdkhs2henzqhwrn3ylyvw5b3v4msho2</sha1>
</revision>
