<page>
<page>
<title>ladrará</title>
<ns>0</ns>
<id>187136</id>
<revision>
<id>2368015</id>
<parentid>2018920</parentid>
<timestamp>2017-05-03T19:08:40Z</timestamp>
<contributor>
<username>HydrizBot</username>
<id>29590</id>
</contributor>
<minor />
<comment>Robô: A limpar links interwikis antigos</comment>
<model>wikitext</model>
<format>text/x-wiki</format>
<text bytes="172" xml:space="preserve">={{-pt-}}=
==Forma verbal==
'''ladrará'''
#[[terceira pessoa]] do [[singular]] do [[futuro do presente]] do verbo '''[[ladrar]]'''
[[Categoria:Forma verbal (Português)]]</text>
<sha1>lf9d2crnj1qtfjin9ro6gux4ud74vqo</sha1>
</revision>
