<page>
<page>
<title>ladroeiraremos</title>
<ns>0</ns>
<id>188595</id>
<revision>
<id>2368058</id>
<parentid>1156818</parentid>
<timestamp>2017-05-03T19:10:21Z</timestamp>
<contributor>
<username>HydrizBot</username>
<id>29590</id>
</contributor>
<minor />
<comment>Robô: A limpar links interwikis antigos</comment>
<model>wikitext</model>
<format>text/x-wiki</format>
<text bytes="180" xml:space="preserve">={{-pt-}}=
==Forma verbal==
'''ladroeiraremos'''
#[[primeira pessoa]] do [[plural]] do [[futuro do presente]] do verbo '''[[ladroeirar]]'''
[[Categoria:Forma verbal (Português)]]</text>
<sha1>no34jzf05gfx5m3orpvwv69uohtowws</sha1>
</revision>
