<page>
<page>
<title>ladreá</title>
<ns>0</ns>
<id>434629</id>
<revision>
<id>2647941</id>
<parentid>2637326</parentid>
<timestamp>2021-09-11T04:18:20Z</timestamp>
<contributor>
<username>Minorax</username>
<id>71568</id>
</contributor>
<comment>fix [[Special:LintErrors/missing-end-tag]]</comment>
<model>wikitext</model>
<format>text/x-wiki</format>
<text bytes="352" xml:space="preserve">{{ver também|ladrea}}
={{-gl-}}=
==Substantivo==
{{oxítona|la|dre|á|lang=gl}}
# [[ladral]], cada um dos dois [[taipal|taipais]] do carro de bois
==={{-varort-}}===
* Vide em [[ladranho#{{gl}}|ladranho]]
=={{etimologia|gl}}==
: Confronte-se com ''[[ladrião#{{gl}}|ladrião]]'' e ''[[ladreal#{{gl}}|ladreal]]''.
[[Categoria:Substantivo (Galego)]]</text>
<sha1>re3a1lo9zn9sjotvje3gp7xykkptqyc</sha1>
</revision>
