<page>
<page>
<title>ladrarem</title>
<ns>0</ns>
<id>212190</id>
<revision>
<id>2368008</id>
<parentid>1156777</parentid>
<timestamp>2017-05-03T19:08:21Z</timestamp>
<contributor>
<username>HydrizBot</username>
<id>29590</id>
</contributor>
<minor />
<comment>Robô: A limpar links interwikis antigos</comment>
<model>wikitext</model>
<format>text/x-wiki</format>
<text bytes="268" xml:space="preserve">={{-pt-}}=
==Forma verbal==
'''ladrarem'''
#[[terceira pessoa]] do [[plural]] do [[futuro]] do [[modo subjuntivo]] do verbo '''[[ladrar]]'''
#[[infinitivo pessoal]] da [[terceira pessoa]] do [[plural]] do verbo '''[[ladrar]]'''
[[Categoria:Forma verbal (Português)]]</text>
<sha1>9nutgn625oo4izsb40833l86vii5v58</sha1>
</revision>
