<page>
<page>
<title>ladroeiro</title>
<ns>0</ns>
<id>153926</id>
<revision>
<id>2368084</id>
<parentid>1156844</parentid>
<timestamp>2017-05-03T19:11:14Z</timestamp>
<contributor>
<username>HydrizBot</username>
<id>29590</id>
</contributor>
<minor />
<comment>Robô: A limpar links interwikis antigos</comment>
<model>wikitext</model>
<format>text/x-wiki</format>
<text bytes="186" xml:space="preserve">={{-pt-}}=
==Forma verbal==
'''ladroeiro'''
#[[primeira]] [[pessoa]] do [[singular]] do [[presente]] [[indicativo]] do verbo '''[[ladroeirar]]'''
[[Categoria:Forma verbal (Português)]]</text>
<sha1>t9ro0lqk2ryitug9i78ykb964olltbi</sha1>
</revision>
