<page>
<title>ladrastes</title>
<ns>0</ns>
<id>175217</id>
<revision>
<id>2368025</id>
<parentid>1156794</parentid>
<timestamp>2017-05-03T19:09:01Z</timestamp>
<contributor>
<username>HydrizBot</username>
<id>29590</id>
</contributor>
<minor />
<comment>Robô: A limpar links interwikis antigos</comment>
<model>wikitext</model>
<format>text/x-wiki</format>
<text bytes="193" xml:space="preserve">={{-pt-}}=
==Forma verbal==
'''ladrastes'''
#[[segunda pessoa]] do [[plural]] do [[pretérito perfeito]] do [[modo indicativo]] do verbo '''[[ladrar]]'''
[[Categoria:Forma verbal (Português)]]</text>
<sha1>5w2sh2ngjgrg3flmdnx214bcowyye4h</sha1>
</revision>
</page>
