<page>
<page>
<title>ladraram</title>
<ns>0</ns>
<id>176562</id>
<revision>
<id>2368003</id>
<parentid>1156772</parentid>
<timestamp>2017-05-03T19:08:10Z</timestamp>
<contributor>
<username>HydrizBot</username>
<id>29590</id>
</contributor>
<minor />
<comment>Robô: A limpar links interwikis antigos</comment>
<model>wikitext</model>
<format>text/x-wiki</format>
<text bytes="193" xml:space="preserve">={{-pt-}}=
==Forma verbal==
'''ladraram'''
#[[terceira pessoa]] do [[plural]] do [[pretérito perfeito]] do [[modo indicativo]] do verbo '''[[ladrar]]'''
[[Categoria:Forma verbal (Português)]]</text>
<sha1>punp8sgpeg9rxaj00sh7aaykn04c7z9</sha1>
</revision>
