<page>
<page>
<title>ladrido</title>
<ns>0</ns>
<id>66297</id>
<revision>
<id>2368035</id>
<parentid>2224678</parentid>
<timestamp>2017-05-03T19:09:29Z</timestamp>
<contributor>
<username>HydrizBot</username>
<id>29590</id>
</contributor>
<minor />
<comment>Robô: A limpar links interwikis antigos</comment>
<model>wikitext</model>
<format>text/x-wiki</format>
<text bytes="1091" xml:space="preserve">={{-pt-}}=
==Substantivo==
{{flex.pt|ms=ladrido|mp=ladridos}}
{{paroxítona|la|dri|do}}, {{g|m}}
# o [[ladrar]] do [[cão]]
===Tradução===
{{tradini}}
* {{trad|de|Bellen}}
* {{trad|br|harzhal}}
* {{trad|ca|lladruc}}
* {{trad|es|ladrido}}
* {{trad|fr|aboiement}}
* {{trad|fur|vuacament}}
* {{trad|gd|cobhartaich}}
* {{trad|gl|ladrido}}
* {{trad|cy|cyfarth}}
* {{trad|gn|jagua ñarõ}}
{{tradmeio}}
* {{trad|he|נביחה}}
* {{trad|hu|ugatás|csaholás}}
* {{trad|en|barking|baying}}
* {{trad|it|abbaiamento|latrato}}
* {{trad|la|latratus}}
* {{trad|pl|szczekanie}}
* {{trad|sro|zaulu}}
* {{trad|sr|лајање|лавеж}}
* {{trad|val|lladrit}}
{{tradfim}}
=={{etimologia|pt}}==
: Derivado do verbo [[ladrar]].
==Ver também==
===No Wikcionário===
{{verTambém.Ini}}
* [[latido]]
{{verTambém.Fim}}
==Anagrama==
# [[lidador]]
[[Categoria:Substantivo (Português)]]
={{-es-}}=
==Substantivo==
'''ladrido'''
# [[ladrido#Português|ladrido]]
[[Categoria:Substantivo (Espanhol)]]
={{-gl-}}=
==Substantivo==
'''ladrido'''
# [[ladrido#Português|ladrido]]
[[Categoria:Substantivo (Galego)]]</text>
<sha1>hjy4qjavu87s3ltr6qbs28oz4f8mmdg</sha1>
</revision>
