<page>
<page>
<title>ladrilhados</title>
<ns>0</ns>
<id>336422</id>
<revision>
<id>2368040</id>
<parentid>1898657</parentid>
<timestamp>2017-05-03T19:09:41Z</timestamp>
<contributor>
<username>HydrizBot</username>
<id>29590</id>
</contributor>
<minor />
<comment>Robô: A limpar links interwikis antigos</comment>
<model>wikitext</model>
<format>text/x-wiki</format>
<text bytes="171" xml:space="preserve">={{-pt-}}=
==Forma de adjetivo==
{{paroxítona|la|dri|lha|dos}}, {{m}}
# plural de [[ladrilhado]]
{{avi-for-fle|ladrilhado}}
[[Categoria:Forma de adjetivo (Português)]]</text>
<sha1>sxqordspdyagdax1h8gb350fjlxa6f7</sha1>
</revision>
