<page>
<page>
<title>ladrais</title>
<ns>0</ns>
<id>159498</id>
<revision>
<id>2367996</id>
<parentid>1156767</parentid>
<timestamp>2017-05-03T19:07:49Z</timestamp>
<contributor>
<username>HydrizBot</username>
<id>29590</id>
</contributor>
<minor />
<comment>Robô: A limpar links interwikis antigos</comment>
<model>wikitext</model>
<format>text/x-wiki</format>
<text bytes="180" xml:space="preserve">={{-pt-}}=
==Forma verbal==
'''ladrais'''
#[[segunda pessoa]] do [[plural]] do [[presente]] do [[modo indicativo]] do verbo '''[[ladrar]]'''
[[Categoria:Forma verbal (Português)]]</text>
<sha1>8fo9znzz9estccdjwfqdtr3p83wm3g8</sha1>
</revision>
