<page>
<page>
<title>ladrares</title>
<ns>0</ns>
<id>207903</id>
<revision>
<id>2368010</id>
<parentid>2018921</parentid>
<timestamp>2017-05-03T19:08:27Z</timestamp>
<contributor>
<username>HydrizBot</username>
<id>29590</id>
</contributor>
<minor />
<comment>Robô: A limpar links interwikis antigos</comment>
<model>wikitext</model>
<format>text/x-wiki</format>
<text bytes="270" xml:space="preserve">={{-pt-}}=
==Forma verbal==
'''ladrares'''
#[[segunda pessoa]] do [[singular]] do [[futuro]] do [[modo subjuntivo]] do verbo '''[[ladrar]]'''
#[[infinitivo pessoal]] da [[segunda pessoa]] do [[singular]] do verbo '''[[ladrar]]'''
[[Categoria:Forma verbal (Português)]]</text>
<sha1>n1vtweh5bz7ftfbmlrht2el1ea7djrt</sha1>
</revision>
