<page>
<title>ladroeirar</title>
<ns>0</ns>
<id>82077</id>
<revision>
<id>2368050</id>
<parentid>1112687</parentid>
<timestamp>2017-05-03T19:10:06Z</timestamp>
<contributor>
<username>HydrizBot</username>
<id>29590</id>
</contributor>
<minor />
<comment>Robô: A limpar links interwikis antigos</comment>
<model>wikitext</model>
<format>text/x-wiki</format>
<text bytes="269" xml:space="preserve">={{-pt-}}=
==Verbo==
{{oxítona|la|dro|ei|rar}}, ''intransitivo''
# fazer [[ladroeira]]s
===Conjugação===
{{conj/pt|ladroeir|ar}}
=={{etimologia|pt}}==
: {{escopo|Morfologia}} [[ladroeira]] + [[-ar]].
==Anagrama==
# [[arreliador]]
[[Categoria:Verbo (Português)]]</text>
<sha1>2ekwhwlthcxfeabjqz04oy7ht8kh37d</sha1>
</revision>
</page>
