<page>
<page>
<title>ladroeirastes</title>
<ns>0</ns>
<id>175342</id>
<revision>
<id>2368074</id>
<parentid>1156834</parentid>
<timestamp>2017-05-03T19:10:56Z</timestamp>
<contributor>
<username>HydrizBot</username>
<id>29590</id>
</contributor>
<minor />
<comment>Robô: A limpar links interwikis antigos</comment>
<model>wikitext</model>
<format>text/x-wiki</format>
<text bytes="201" xml:space="preserve">={{-pt-}}=
==Forma verbal==
'''ladroeirastes'''
#[[segunda pessoa]] do [[plural]] do [[pretérito perfeito]] do [[modo indicativo]] do verbo '''[[ladroeirar]]'''
[[Categoria:Forma verbal (Português)]]</text>
<sha1>g5p90kt3gzht2cpbxhdl2i667r7qfdl</sha1>
</revision>
