<page>
<title>ladrássemos</title>
<ns>0</ns>
<id>199352</id>
<revision>
<id>2368099</id>
<parentid>1156858</parentid>
<timestamp>2017-05-03T19:11:48Z</timestamp>
<contributor>
<username>HydrizBot</username>
<id>29590</id>
</contributor>
<minor />
<comment>Robô: A limpar links interwikis antigos</comment>
<model>wikitext</model>
<format>text/x-wiki</format>
<text bytes="200" xml:space="preserve">={{-pt-}}=
==Forma verbal==
'''ladrássemos'''
#[[primeira pessoa]] do [[plural]] do [[pretérito imperfeito]] do [[modo subjuntivo]] do verbo '''[[ladrar]]'''
[[Categoria:Forma verbal (Português)]]</text>
<sha1>kh2qf2qo2n64qeiqx8ab48hiym8jion</sha1>
</revision>
</page>
