<page>
<page>
<title>ladrara</title>
<ns>0</ns>
<id>178029</id>
<revision>
<id>2368002</id>
<parentid>2018925</parentid>
<timestamp>2017-05-03T19:08:08Z</timestamp>
<contributor>
<username>HydrizBot</username>
<id>29590</id>
</contributor>
<minor />
<comment>Robô: A limpar links interwikis antigos</comment>
<model>wikitext</model>
<format>text/x-wiki</format>
<text bytes="229" xml:space="preserve">={{-pt-}}=
==Forma verbal==
'''ladrara'''
#[[primeira pessoa|primeira]] e [[terceira pessoa|terceira pessoas]] do [[singular]] do [[pretérito mais-que-perfeito]] do verbo '''[[ladrar]]'''
[[Categoria:Forma verbal (Português)]]</text>
<sha1>4oi3lz930zibogciyo7ufjqo4nt4haz</sha1>
</revision>
