<page>
<page>
<title>ladrião</title>
<ns>0</ns>
<id>434627</id>
<revision>
<id>2637322</id>
<timestamp>2021-06-06T13:54:43Z</timestamp>
<contributor>
<username>Cpls</username>
<id>20608</id>
</contributor>
<comment>[[Ajuda:Guia de edição/Menus e ferramentas/Sumário de edição|→]] nova página: ={{-gl-}}= ==Substantivo== {{flex.gl|ms=ladrião|mp=ladriãos}} {{paroxítona|la|dri|ão|lang=gl}}, {{gramát...</comment>
<model>wikitext</model>
<format>text/x-wiki</format>
<text bytes="432" xml:space="preserve">={{-gl-}}=
==Substantivo==
{{flex.gl|ms=ladrião|mp=ladriãos}}
{{paroxítona|la|dri|ão|lang=gl}}, {{gramática|m}}
# [[ladral]], cada um dos dois [[taipal|taipais]] do carro de bois
==={{-varort-}}===
* Vide em [[ladranho#{{gl}}|ladranho]]
=={{etimologia|gl}}==
: De uma hipotética forma latina ''*lateranus'' derivada de {{etimo|la|latus}}.
=={{pronúncia|gl}}==
* [[AFI]]: /la.dɾi.'a.ɤ/
[[Categoria:Substantivo (Galego)]]</text>
<sha1>8dcp1jp363b8fc6vq250hr0rw0wm0h5</sha1>
</revision>
