<page>
<page>
<title>ladrilhado</title>
<ns>0</ns>
<id>336416</id>
<revision>
<id>2368039</id>
<parentid>1898652</parentid>
<timestamp>2017-05-03T19:09:39Z</timestamp>
<contributor>
<username>HydrizBot</username>
<id>29590</id>
</contributor>
<minor />
<comment>Robô: A limpar links interwikis antigos</comment>
<model>wikitext</model>
<format>text/x-wiki</format>
<text bytes="261" xml:space="preserve">={{-pt-}}=
==Adjetivo==
{{flex.pt|ms=ladrilhado|mp=ladrilhados|fs=ladrilhada|fp=ladrilhadas}}
{{paroxítona|la|dri|lha|do}}, {{m}}
# cheio de [[ladrilho]]s
=={{etimologia|pt}}==
: Particípio passado do verbo [[ladrilhar]].
[[Categoria:Adjetivo (Português)]]</text>
<sha1>7rh7td35nky7ktn1i2euoj3wbg31csd</sha1>
</revision>
