<page>
<title>ladranha</title>
<ns>0</ns>
<id>434632</id>
<revision>
<id>2637329</id>
<timestamp>2021-06-06T14:18:41Z</timestamp>
<contributor>
<username>Cpls</username>
<id>20608</id>
</contributor>
<comment>[[Ajuda:Guia de edição/Menus e ferramentas/Sumário de edição|→]] nova página: ={{-gl-}}= ==Substantivo== {{flex.gl|fs=ladranha|fp=ladranhas}} {{paroxítona|la|dra|nha|lang=gl}}, {{gramát...</comment>
<model>wikitext</model>
<format>text/x-wiki</format>
<text bytes="402" xml:space="preserve">={{-gl-}}=
==Substantivo==
{{flex.gl|fs=ladranha|fp=ladranhas}}
{{paroxítona|la|dra|nha|lang=gl}}, {{gramática|f}}
# [[ladranho#{{pt}}|ladranho]], cada um dos dois [[taipal|taipais]] do carro de bois
==={{-varort-}}===
* Vide em [[ladranho#{{gl}}|ladranho]]
=={{etimologia|gl}}==
: Se calhar de uma hipotética forma latina ''*laterania'', de {{etimo|la|latus}}.
[[Categoria:Substantivo (Galego)]]</text>
<sha1>hqtoicyhfjotexv6f7jj88pw3gp648x</sha1>
</revision>
</page>
