<page>
<page>
<title>ladraria</title>
<ns>0</ns>
<id>192573</id>
<revision>
<id>2368011</id>
<parentid>1979605</parentid>
<timestamp>2017-05-03T19:08:30Z</timestamp>
<contributor>
<username>HydrizBot</username>
<id>29590</id>
</contributor>
<minor />
<comment>Robô: A limpar links interwikis antigos</comment>
<model>wikitext</model>
<format>text/x-wiki</format>
<text bytes="205" xml:space="preserve">={{-pt-}}=
==Forma verbal==
'''ladraria'''
#[[primeira pessoa|primeira]] e [[terceira pessoa]] do [[singular]] do [[futuro do pretérito]] do verbo '''[[ladrar]]'''
[[Categoria:Forma verbal (Português)]]</text>
<sha1>4eh257dd13a5nd9w4tj3mvnzm9a6m5z</sha1>
</revision>
