<page>
<title>ladún</title>
<ns>0</ns>
<id>61938</id>
<revision>
<id>1306249</id>
<parentid>1082083</parentid>
<timestamp>2011-11-28T23:37:40Z</timestamp>
<contributor>
<username>MalafayaBot</username>
<id>628</id>
</contributor>
<minor />
<comment>Robô: Substituição de texto automática (-^\=(\s*?)Tétum(\s*?)\= +={{-tet-}}= &amp; -^\=(\s*?)\{\{tet\}\}(\s*?)\= +={{-tet-}}=)</comment>
<model>wikitext</model>
<format>text/x-wiki</format>
<text bytes="105" xml:space="preserve">={{-tet-}}=
==Advérbio==
'''ladún'''
# [[não]] [[muito]]
# [[pouco]]
[[Categoria:Advérbio (Tétum)]]</text>
<sha1>r2oa7rw4emmk2i88h42872z99pgffx4</sha1>
</revision>
</page>
