<page>
<title>Ladário</title>
<ns>0</ns>
<id>139224</id>
<revision>
<id>2272765</id>
<parentid>1196899</parentid>
<timestamp>2017-04-26T20:38:59Z</timestamp>
<contributor>
<username>HydrizBot</username>
<id>29590</id>
</contributor>
<minor />
<comment>Robô: A limpar links interwikis antigos</comment>
<model>wikitext</model>
<format>text/x-wiki</format>
<text bytes="281" xml:space="preserve">={{-pt-}}=
{{Wikipédia}}
==Substantivo==
'''Ladário''' {{pr}}
#[[município]] [[brasileiro]] do [[estado]] de [[Mato Grosso do Sul]]
==Ver também==
*[[Apêndice:Municípios do estado de Mato Grosso do Sul]]
[[Categoria:Município do estado de Mato Grosso do Sul (Português)]]</text>
<sha1>28xbnoy4byw4hfa8grps0renkj7f5np</sha1>
</revision>
</page>
