<page>
<title>laepel</title>
<ns>0</ns>
<id>258960</id>
<revision>
<id>2368107</id>
<parentid>2128496</parentid>
<timestamp>2017-05-03T19:12:20Z</timestamp>
<contributor>
<username>HydrizBot</username>
<id>29590</id>
</contributor>
<minor />
<comment>Robô: A limpar links interwikis antigos</comment>
<model>wikitext</model>
<format>text/x-wiki</format>
<text bytes="158" xml:space="preserve">={{-li-}}=
==Substantivo==
'''laepel''', {{m}}
# [[colher]]
==={{pronúncia|li}}===
* [[AFI]]: {{AFI|/ˈlæːpɐl/}}
[[Categoria:Substantivo (Limburguês)]]</text>
<sha1>90a82ft6x515ew22a707rrd4q9mpge6</sha1>
</revision>
</page>
