<page>
<title>laeto</title>
<ns>0</ns>
<id>97360</id>
<revision>
<id>2368109</id>
<parentid>1869783</parentid>
<timestamp>2017-05-03T19:12:28Z</timestamp>
<contributor>
<username>HydrizBot</username>
<id>29590</id>
</contributor>
<minor />
<comment>Robô: A limpar links interwikis antigos</comment>
<model>wikitext</model>
<format>text/x-wiki</format>
<text bytes="197" xml:space="preserve">={{-la-}}=
==Verbo==
'''lae.to, -as, -are, -avi, -atum'''  ''verbo transitivo (arcaico)''
:# [[adubar]]
:# {{escopo|Figurado}} [[alegrar]]
{{conj.la.prim|laet|laet}}
[[Categoria:Verbo (Latim)]]</text>
<sha1>fqzqy6cdoi3lk8mrs1jblfczp8elakt</sha1>
</revision>
</page>
