<page>
<page>
<title>laetus</title>
<ns>0</ns>
<id>97361</id>
<revision>
<id>2368111</id>
<parentid>2246010</parentid>
<timestamp>2017-05-03T19:12:38Z</timestamp>
<contributor>
<username>HydrizBot</username>
<id>29590</id>
</contributor>
<minor />
<comment>Robô: A limpar links interwikis antigos</comment>
<model>wikitext</model>
<format>text/x-wiki</format>
<text bytes="314" xml:space="preserve">={{-la-}}=
==Adjetivo==
'''lae.tus, -a, -um'''
:# [[alegre]], [[contente]], [[satisfeito]]
:# [[agradável]], [[aprazível]]
:# [[fértil]], [[fecundo]], [[abundante]]
:# [[belo]]
:# {{escopo|Pecuária}} [[gordo]] (referindo-se a animais)
{{decl.la.adjprimclas.us|laet|VS=laete}}
[[Categoria:Adjetivo (Latim)]]</text>
<sha1>tlh5a0tj7nco5vss7iiaw1hiiho74tg</sha1>
</revision>
