<page>
<page>
<title>laetor</title>
<ns>0</ns>
<id>97184</id>
<revision>
<id>2368110</id>
<parentid>1893790</parentid>
<timestamp>2017-05-03T19:12:31Z</timestamp>
<contributor>
<username>HydrizBot</username>
<id>29590</id>
</contributor>
<minor />
<comment>Robô: A limpar links interwikis antigos</comment>
<model>wikitext</model>
<format>text/x-wiki</format>
<text bytes="231" xml:space="preserve">={{-la-}}=
==Verbo==
'''laetor, -aris, ari, atus''', ''depoente intransitivo''
# [[alegrar]]-se
# [[regozijar]]-se
===Conjugação===
{{conj.la.dep.prim|laet|laet}}
[[Categoria:Verbo depoente (Latim)]]
[[Categoria:Verbo (Latim)]]</text>
<sha1>pewzsy3v95damkof99nmmxiebcq8cah</sha1>
</revision>
