<page>
<page>
<title>laetitia</title>
<ns>0</ns>
<id>97362</id>
<revision>
<id>2368108</id>
<parentid>1777082</parentid>
<timestamp>2017-05-03T19:12:24Z</timestamp>
<contributor>
<username>HydrizBot</username>
<id>29590</id>
</contributor>
<minor />
<comment>Robô: A limpar links interwikis antigos</comment>
<model>wikitext</model>
<format>text/x-wiki</format>
<text bytes="252" xml:space="preserve">={{-la-}}=
==Substantivo==
'''lae.ti.tia''' ''feminino''
:# [[fecundidade]]
:# [[alegria]]
:# [[prazer]]
:# [[graça]]
:# [[beleza]]
{{decl.la.subst.1|laetiti}}
==Ver Também==
* [[laeto]], -are
* [[laetor]], -ari
[[Categoria:Substantivo (Latim)]]</text>
<sha1>bdvu6euew2zmr2s4x3fe5wy7dog77hj</sha1>
</revision>
