<page>
<page>
<title>Laeuliuli</title>
<ns>0</ns>
<id>224976</id>
<revision>
<id>2272766</id>
<parentid>2189946</parentid>
<timestamp>2017-04-26T20:39:02Z</timestamp>
<contributor>
<username>HydrizBot</username>
<id>29590</id>
</contributor>
<minor />
<comment>Robô: A limpar links interwikis antigos</comment>
<model>wikitext</model>
<format>text/x-wiki</format>
<text bytes="564" xml:space="preserve">={{-haw-}}=
==Substantivo==
'''Laeuliuli''', {{pr}}
#{{escopo|Geografia}} [[Cabo Verde]]
==Referências==
{{verTambém.Ini}}
* [http://books.google.pt/books?id=Ivml_Nx4ZK0C&amp;pg=PA245&amp;lpg=PA245&amp;dq=Laeuliuli&amp;source=bl&amp;ots=YOe6isjMHi&amp;sig=4VDUhG_DexjIkcJfEQ_ZoXRWGXA&amp;hl=en&amp;ei=9-63S8L7BI7u0gTdjpmrBQ&amp;sa=X&amp;oi=book_result&amp;ct=result&amp;resnum=1&amp;ved=0CAYQ6AEwAA#v=onepage&amp;q=Laeuliuli&amp;f=false ''Laeuliuli'' em &quot;Māmaka kaiao: a modern Hawaiian vocabulary&quot;]
{{verTambém.Fim}}
==Ver também==
{{África/haw}}
[[Categoria:Substantivo (Havaiano)]]
[[Categoria:País (Havaiano)]]</text>
<sha1>fnf6gl0zxj17l5loe9kdgcv3r79yfbk</sha1>
</revision>
