<page>
<title>lafardo</title>
<ns>0</ns>
<id>434640</id>
<revision>
<id>2637343</id>
<timestamp>2021-06-06T15:26:39Z</timestamp>
<contributor>
<username>Cpls</username>
<id>20608</id>
</contributor>
<comment>[[Ajuda:Guia de edição/Menus e ferramentas/Sumário de edição|→]] nova página: ={{-pt-}}= ==Adjetivo== {{flex.pt|ms=lafardo|mp=lafardos|fs=lafarda|fp=lafardas}} {{paroxítona|la|far|do}} #...</comment>
<model>wikitext</model>
<format>text/x-wiki</format>
<text bytes="370" xml:space="preserve">={{-pt-}}=
==Adjetivo==
{{flex.pt|ms=lafardo|mp=lafardos|fs=lafarda|fp=lafardas}}
{{paroxítona|la|far|do}}
# {{escopo|pt|Trás-os-Montes}} buliçoso, inquieto, de maus costumes, [[lapantim]], maroto, [[ordinário]]
=={{etimologia|pt}}==
: Confronte-se com [[lafrau]] e [[lapardo]].
==Ligações externas==
* {{DPLP}}
* {{VOLPABL}}
[[Categoria:Adjetivo (Português)]]</text>
<sha1>k6cmolw9j2lp9zcfuzu4o2fag7g6vul</sha1>
</revision>
</page>
