<page>
<title>lafacear</title>
<ns>0</ns>
<id>376511</id>
<revision>
<id>2256928</id>
<timestamp>2017-03-27T19:58:38Z</timestamp>
<contributor>
<username>Cpls</username>
<id>20608</id>
</contributor>
<comment>[[Ajuda:Guia de edição/Menus e ferramentas/Sumário de edição|→]] nova página: ={{-gl-}}= ==Verbo== {{oxítona|la|fa|ce|ar|lang=gl}} # [[esbofetear]]  =={{etimologia|gl}}== : Confronte-se...</comment>
<model>wikitext</model>
<format>text/x-wiki</format>
<text bytes="215" xml:space="preserve">={{-gl-}}=
==Verbo==
{{oxítona|la|fa|ce|ar|lang=gl}}
# [[esbofetear]]
=={{etimologia|gl}}==
: Confronte-se com ''[[lafaçada#Galego|lafaçada]]'' e ''[[lafação#Galego|lafação]]''.
[[Categoria:Verbo (Galego)]]</text>
<sha1>35d595wr1zjp2r97ld5jifx3r1vgyt1</sha1>
</revision>
</page>
