<page>
<page>
<title>Lafaietes</title>
<ns>0</ns>
<id>370796</id>
<revision>
<id>2213263</id>
<parentid>2213262</parentid>
<timestamp>2016-12-20T11:31:53Z</timestamp>
<contributor>
<username>MIL973</username>
<id>41339</id>
</contributor>
<model>wikitext</model>
<format>text/x-wiki</format>
<text bytes="186" xml:space="preserve">={{-pt-}}=
==Forma de substantivo==
{{paroxítona|La|fai|e|tes}}, {{gramática|pr|mp}}
# plural de [[Lafaiete]]
{{avi-for-fle|Lafaiete}}
[[Categoria:Forma de substantivo (Português)]]</text>
<sha1>ko9wk2dk3c1vznh8zrn5p0jdjoro0md</sha1>
</revision>
