<page>
<title>lafaek</title>
<ns>0</ns>
<id>61960</id>
<revision>
<id>2368112</id>
<parentid>2250250</parentid>
<timestamp>2017-05-03T19:12:40Z</timestamp>
<contributor>
<username>HydrizBot</username>
<id>29590</id>
</contributor>
<minor />
<comment>Robô: A limpar links interwikis antigos</comment>
<model>wikitext</model>
<format>text/x-wiki</format>
<text bytes="92" xml:space="preserve">={{-tet-}}=
==Substantivo==
'''lafaek'''
# [[crocodilo]]
[[Categoria:Substantivo (Tétum)]]</text>
<sha1>anznkwrj7tmrt4gcs0np9vokfl7bd3x</sha1>
</revision>
</page>
