<page>
<title>lafaçada</title>
<ns>0</ns>
<id>376492</id>
<revision>
<id>2256929</id>
<parentid>2256925</parentid>
<timestamp>2017-03-27T19:58:43Z</timestamp>
<contributor>
<username>Cpls</username>
<id>20608</id>
</contributor>
<comment>/* {{-gl-}} */</comment>
<model>wikitext</model>
<format>text/x-wiki</format>
<text bytes="593" xml:space="preserve">={{-pt-}}=
==Substantivo==
{{flex.pt|fs=lafaçada|fp=lafaçadas}}
{{paroxítona|la|fa|ça|da}}, {{g|f}}
# {{escopo|pt|Barroso}} [[bofetada]], [[golpe]] dado na cara com a [[palma]] da [[mão]] aberta
=={{etimologia|pt}}==
: Confronte-se com [[labaçada]].
[[Categoria:Substantivo (Português)]]
={{-gl-}}=
==Substantivo==
{{flex.gl|fs=lafaçada|fp=lafaçadas}}
{{paroxítona|la|fa|ça|da|lang=gl}}, {{g|f|lang=gl}}
# [[lafaçada#{{pt}}|lafaçada]], [[bofetada]]
=={{etimologia|gl}}==
: Confronte-se com [[labaçada]] e ''[[lafacear#{{gl}}|lafacear]]''.
[[Categoria:Substantivo (Galego)]]</text>
<sha1>0yzek1ao3z6vmajbqfj5ep952qmo8eh</sha1>
</revision>
</page>
