<page>
<title>lafação</title>
<ns>0</ns>
<id>376510</id>
<revision>
<id>2256977</id>
<parentid>2256973</parentid>
<timestamp>2017-03-28T12:58:52Z</timestamp>
<contributor>
<username>Cpls</username>
<id>20608</id>
</contributor>
<comment>/* {{-gl-}} */</comment>
<model>wikitext</model>
<format>text/x-wiki</format>
<text bytes="532" xml:space="preserve">={{-gl-}}=
==Substantivo==
{{flex.gl|ms=lafação|mp=lafações}}
{{oxítona|la|fa|ção|lang=gl}}, {{g|m|lang=gl}}
# pancada ou ferida em sentido [[oblíquo]]
# grande bofetada, [[bofetão]]
===Expressões===
* '''[[de lafação#{{gl}}|de lafação]]''': [[obliquamente]], de través
=={{etimologia|gl}}==
: Confronte-se com ''[[lafaçada#{{gl}}|lafaçada]]'', ''[[lafacear#{{gl}}|lafacear]]'' e ''[[lapaço#{{gl}}|lapaço]]''.
=={{pronúncia|gl}}==
* [[AFI]]: /la.fa.'soŋ/ ou /la.fa.'θoŋ/
[[Categoria:Substantivo (Galego)]]</text>
<sha1>j80wsxlzrhn8c9id7zktxkonwb6xvbq</sha1>
</revision>
</page>
