<page>
<page>
<title>laflaf</title>
<ns>0</ns>
<id>247692</id>
<revision>
<id>1374773</id>
<parentid>939530</parentid>
<timestamp>2012-02-04T15:01:37Z</timestamp>
<contributor>
<username>ValJor</username>
<id>1358</id>
</contributor>
<comment>Trocando o cabeçalho de língua: bzq --&gt; -bzq-</comment>
<model>wikitext</model>
<format>text/x-wiki</format>
<text bytes="278" xml:space="preserve">={{-bzq-}}=
==Substantivo==
'''laflaf'''
# [[sangue]]
==Ver também==
===No Wikcionário===
{{verTambém.Ini}}
* [[boboko]]
* [[kakamo]]
* [[mta]]
{{verTambém.NovaColuna}}
* [[sus]]
* [[yatai]]
{{verTambém.Fim}}
[[Categoria:Substantivo (Buli)]]
[[Categoria:Anatomia (Buli)]]</text>
<sha1>g52sg4fg7cxo0raoipyfnubyeurlzjz</sha1>
</revision>
