<page>
<page>
<title>lafo</title>
<ns>0</ns>
<id>262548</id>
<revision>
<id>2544252</id>
<parentid>2368113</parentid>
<timestamp>2019-05-14T20:18:29Z</timestamp>
<contributor>
<username>ValJor</username>
<id>1358</id>
</contributor>
<comment>Verbete [[:Categoria:!Página com idioma não informado em Predefinição:etimologia|sem indicação do idioma na seção de etimologia]]</comment>
<model>wikitext</model>
<format>text/x-wiki</format>
<text bytes="404" xml:space="preserve">[[Imagem:Aa large.jpg|thumb|right|250px|&lt;center&gt;Lava&lt;/center&gt;]]
={{-eo-}}=
==Substantivo==
'''{{grifar|la}}.fo'''
# [[lava]]
===Declinação===
{{decl.eo.subst}}
=={{etimologia|eo}}==
{{llietimo|la|lava|eo}}
{{etimo.eo|laf|-o}}
=={{pronúncia|eo}}==
* [[AFI]]: {{AFI|/ˈla.fo/}}.
[[Categoria:Substantivo (Esperanto)]]
[[Categoria:Dissílabo (Esperanto)]]
[[Categoria:Entrada com imagem (Esperanto)]]</text>
<sha1>atgijfhy3cd2o14wmtq4w0xix0db8tj</sha1>
</revision>
