<page>
<page>
<title>lagamar</title>
<ns>0</ns>
<id>369462</id>
<revision>
<id>2203736</id>
<parentid>2203640</parentid>
<timestamp>2016-11-30T11:23:58Z</timestamp>
<contributor>
<username>Cpls</username>
<id>20608</id>
</contributor>
<model>wikitext</model>
<format>text/x-wiki</format>
<text bytes="306" xml:space="preserve">{{ver também|Lagamar}}
={{-gl-}}=
==Substantivo==
{{flex.gl|ms=lagamar|mp=lagamares}}
{{oxítona|la|ga|mar|lang=gl}}, {{g|m|lang=gl}}
# [[lago]] de águas [[salobre]]s
=={{etimologia|gl}}==
: {{escopo|Morfologia}} De ''[[lago#{{gl}}|lago]]'' e ''[[mar#{{gl}}|mar]]''.
[[Categoria:Substantivo (Galego)]]</text>
<sha1>lyp74svsw10mbb1xvvu0vmkr6olurv6</sha1>
</revision>
