<page>
<title>lagaceiro</title>
<ns>0</ns>
<id>351610</id>
<revision>
<id>2065043</id>
<timestamp>2016-02-23T15:36:41Z</timestamp>
<contributor>
<username>Cpls</username>
<id>20608</id>
</contributor>
<comment>[[Ajuda:Guia de edição/Menus e ferramentas/Sumário de edição|→]] nova página: ={{-gl-}}= {{flex.gl|ms=lagaceiro|mp=lagaceiros}} {{paroxítona|la|ga|cei|ro|lang=gl}}. {{rubrica|ms}} # luga...</comment>
<model>wikitext</model>
<format>text/x-wiki</format>
<text bytes="326" xml:space="preserve">={{-gl-}}=
{{flex.gl|ms=lagaceiro|mp=lagaceiros}}
{{paroxítona|la|ga|cei|ro|lang=gl}}. {{rubrica|ms}}
# lugar [[encharcar|encharcado]], lugar [[lamacento]]
=={{etimologia|gl}}==
: {{escopo|Morfologia}} Derivada de [[lago]] e [[alagar]]. Confronte-se com ''[[lagarceiro#Galego|lagarceiro]]''.
[[Categoria:Adjetivo (Galego)]]</text>
<sha1>dwixc5z3wh1js252ddjywlhc8tvfk8d</sha1>
</revision>
</page>
