<page>
<page>
<title>lagas</title>
<ns>0</ns>
<id>313948</id>
<revision>
<id>2368122</id>
<parentid>1979609</parentid>
<timestamp>2017-05-03T19:13:16Z</timestamp>
<contributor>
<username>HydrizBot</username>
<id>29590</id>
</contributor>
<minor />
<comment>Robô: A limpar links interwikis antigos</comment>
<model>wikitext</model>
<format>text/x-wiki</format>
<text bytes="151" xml:space="preserve">={{-kw-}}=
==Substantivo==
'''lagas'''
# [[olho]] (órgão da visão)
{{página-automática|abril|2013|olho|kw}}
[[Categoria:Substantivo (Córnico)]]</text>
<sha1>0pft0sjqvfdmr5561pogxobzkxpf6jy</sha1>
</revision>
