<page>
<title>laganhento</title>
<ns>0</ns>
<id>317505</id>
<revision>
<id>1839110</id>
<parentid>1717752</parentid>
<timestamp>2014-07-12T13:09:01Z</timestamp>
<contributor>
<username>Cpls</username>
<id>20608</id>
</contributor>
<model>wikitext</model>
<format>text/x-wiki</format>
<text bytes="616" xml:space="preserve">={{-pt-}}=
==Adjetivo==
{{flex.gl|ms=laganhento|mp=laganhentos|fs=laganhenta|fp=laganhentas}}
{{paroxítona|la|ga|nhen|to}}
# {{escopo|Trás-os-Montes}} que tem [[remela]]s
===Sinônimo===
* [[laganhoso]]
=={{etimologia|pt}}==
: {{escopo|Morfologia}} De [[laganha]] + [[-ento]].
==Ver também==
===No Wikcionário===
* [[romeloso]]
[[Categoria:Adjetivo (Português)]]
[[Categoria:Regionalismo (Português)]]
={{-gl-}}=
==Adjetivo==
{{flex.gl|ms=laganhento|mp=laganhentos|fs=laganhenta|fp=laganhentas}}
{{paroxítona|la|ga|nhen|to|lang=gl}}
# [[laganhento#Português|laganhento]]
[[Categoria:Adjetivo (Galego)]]</text>
<sha1>obyjak4v3ex0uxz31b7gjqnovge6kmm</sha1>
</revision>
</page>
