<page>
<title>lagar</title>
<ns>0</ns>
<id>312072</id>
<revision>
<id>2615095</id>
<parentid>2368117</parentid>
<timestamp>2021-01-31T21:16:18Z</timestamp>
<contributor>
<username>MarxavBot</username>
<id>80155</id>
</contributor>
<minor />
<comment>AFI Portugal</comment>
<model>wikitext</model>
<format>text/x-wiki</format>
<text bytes="604" xml:space="preserve">={{-pt-}}=
==Substantivo==
{{flex.pt|ms=lagar|mp=lagares}}
{{oxítona|la|gar}}, {{m}}
# [[local]] onde se prensam as [[uva]]s, as [[maçã]]s ou as [[azeitona]]s, para a obtenção do seus [[suco]]s
# [[prensa]] para [[espremer]] frutos carnosos, [[tanque]] onde se pisam essas [[fruta]]s
=={{etimologia|pt}}==
: Do latim ''*lacālem'', de ''lacus'' ([[balde]]).
=={{pronúncia|pt}}==
===Portugal===
* AFI: {{AFI|/lɐ.ˈɡaɾ/}}
==Ver também==
===No Wikcionário===
{{verTambém.Ini}}
* [[lagareta]]
{{verTambém.NovaColuna}}
* [[lagariça]]
{{verTambém.Fim}}
[[Categoria:Substantivo (Português)]]</text>
<sha1>mk77ub0d592ir162nb4mtboqprzc0vm</sha1>
</revision>
</page>
