<page>
<page>
<title>lagartixas</title>
<ns>0</ns>
<id>388126</id>
<revision>
<id>2470002</id>
<timestamp>2017-12-12T11:48:19Z</timestamp>
<contributor>
<username>Imivorn</username>
<id>64513</id>
</contributor>
<comment>[[Ajuda:Guia de edição/Menus e ferramentas/Sumário de edição|→]] nova página: ={{-mwl-}}= ==Forma de substantivo== {{paroxítona|la|gar|ti|xas|língua=mwl}} # plural de '''lagartixa#{{m...</comment>
<model>wikitext</model>
<format>text/x-wiki</format>
<text bytes="176" xml:space="preserve">={{-mwl-}}=
==Forma de substantivo==
{{paroxítona|la|gar|ti|xas|língua=mwl}}
# plural de '''[[lagartixa#{{mwl}}|lagartixa]]'''
[[Categoria:Forma de substantivo (Mirandês)]]</text>
<sha1>id6fp4agfaysg0d3h4wykcnwf1indwm</sha1>
</revision>
