<page>
<title>laganhoso</title>
<ns>0</ns>
<id>317506</id>
<revision>
<id>1839020</id>
<parentid>1717749</parentid>
<timestamp>2014-07-11T22:48:29Z</timestamp>
<contributor>
<username>Cpls</username>
<id>20608</id>
</contributor>
<comment>/* Adjetivo */</comment>
<model>wikitext</model>
<format>text/x-wiki</format>
<text bytes="604" xml:space="preserve">={{-pt-}}=
==Adjetivo==
{{flex.gl|ms=laganhoso|mp=laganhosos|fs=laganhosa|fp=laganhosas}}
{{paroxítona|la|ga|nho|so}}
# {{escopo|Trás-os-Montes}} que tem [[remela]]s
===Sinônimo===
* [[laganhento]]
=={{etimologia|pt}}==
: {{escopo|Morfologia}} De [[laganha]] + [[-oso]].
==Ver também==
===No Wikcionário===
* [[romeloso]]
[[Categoria:Adjetivo (Português)]]
[[Categoria:Regionalismo (Português)]]
={{-gl-}}=
==Adjetivo==
{{flex.gl|ms=laganhoso|mp=laganhosos|fs=laganhosa|fp=laganhosas}}
{{paroxítona|la|ga|nho|so|lang=gl}}
# [[laganhoso#Português|laganhoso]]
[[Categoria:Adjetivo (Galego)]]</text>
<sha1>ja9bzqur0cctd0gdfqc0hsejsaq13pd</sha1>
</revision>
</page>
