<page>
<page>
<title>lagarceiro</title>
<ns>0</ns>
<id>351611</id>
<revision>
<id>2065044</id>
<timestamp>2016-02-23T15:36:44Z</timestamp>
<contributor>
<username>Cpls</username>
<id>20608</id>
</contributor>
<comment>[[Ajuda:Guia de edição/Menus e ferramentas/Sumário de edição|→]] nova página: ={{-gl-}}= {{flex.gl|ms=lagarceiro|mp=lagarceiros|fs=lagarceira|fp=lagarceiras}} {{paroxítona|la|gar|cei|ro|...</comment>
<model>wikitext</model>
<format>text/x-wiki</format>
<text bytes="342" xml:space="preserve">={{-gl-}}=
{{flex.gl|ms=lagarceiro|mp=lagarceiros|fs=lagarceira|fp=lagarceiras}}
{{paroxítona|la|gar|cei|ro|lang=gl}}
# que é [[encharcar|encharcado]], que é [[lamacento]]
=={{etimologia|gl}}==
: {{escopo|Morfologia}} Derivada de [[lago]] e [[alagar]]. Confronte-se com ''[[lagaceiro#Galego|lagaceiro]]''.
[[Categoria:Adjetivo (Galego)]]</text>
<sha1>oq00atu0g566eh0869omeixixmy8wmf</sha1>
</revision>
