<page>
<page>
<title>laga</title>
<ns>0</ns>
<id>401901</id>
<revision>
<id>2523146</id>
<parentid>2523027</parentid>
<timestamp>2018-10-19T16:15:32Z</timestamp>
<contributor>
<username>Cpls</username>
<id>20608</id>
</contributor>
<model>wikitext</model>
<format>text/x-wiki</format>
<text bytes="802" xml:space="preserve">={{-pt-}}=
==Substantivo==
{{flex.pt|fs=laga|fp=lagas}}
{{paroxítona|la|ga}}, {{g|f}}
# [[açude]] para o [[linho]]
=={{etimologia|pt}}==
: De ''[[lago]]''.
[[Categoria:Substantivo (Português)]]
={{-gl-}}=
==Substantivo==
{{flex.gl|fs=laga|fp=lagas}}
{{paroxítona|la|ga|lang=gl}}, {{g|f|lang=gl}}
# pequena [[lagoa]]
# [[remanso]] de rio
# lugar mais fundo de um rio
# [[açude]], reservatório, depósito para auga de [[rega]]
# [[represa]] menor para desvio de águas de rega
# [[laga#{{pt}}|laga]], açude para o linho; lugar de um rio onde é remolhado o linho, poça para remolhar o linho
# o lavor de meter o linho a [[remolho]] na água
==Sinónimo==
* De '''6''': [[linhadoiro#{{gl}}|linhadoiro]]
=={{etimologia|gl}}==
: De ''[[lago#{{gl}}|lago]]''.
[[Categoria:Substantivo (Galego)]]</text>
<sha1>4ezwrp8quynpy2xnn5e7ipxuz3cpbsy</sha1>
</revision>
