<page>
<page>
<title>lagartinha</title>
<ns>0</ns>
<id>421157</id>
<revision>
<id>2578078</id>
<timestamp>2020-02-21T11:08:20Z</timestamp>
<contributor>
<username>Cpls</username>
<id>20608</id>
</contributor>
<comment>[[Ajuda:Guia de edição/Menus e ferramentas/Sumário de edição|→]] nova página: ={{-gl-}}= ==Substantivo== {{flex.gl|fs=lagartinha|fp=lagartinhas}} {{paroxítona|la|gar|ti|nha|lang=gl}}, {{...</comment>
<model>wikitext</model>
<format>text/x-wiki</format>
<text bytes="653" xml:space="preserve">={{-gl-}}=
==Substantivo==
{{flex.gl|fs=lagartinha|fp=lagartinhas}}
{{paroxítona|la|gar|ti|nha|lang=gl}}, {{g|f}}
# {{escopo|gl|Réptil}} [[lagartixa]]
# {{escopo|gl|Veterinária}} doença na [[unha]] do pé dos [[bovídeo]]s que a corrói
==={{-varort-}}===
* De '''1''': [[lagarta#{{gl}}|lagarta]], [[lagarteira#{{gl}}|lagarteira]], [[lagartixa#{{gl}}|lagartixa]], [[largata#{{gl}}|largata]]
* De '''2''': [[lagartina#{{gl}}|lagartina]], [[lagartixa#{{gl}}|lagartixa]]
=={{etimologia|gl}}==
: {{escopo|Morfologia}} De ''[[lagarta#{{gl}}|lagarta]]'' ou ''[[lagarto#{{gl}}|lagarto]]'' + ''[[-inho#{{gl}}|-inha]]''.
[[Categoria:Substantivo (Galego)]]</text>
<sha1>mfwasxba6g1z3o8sgc5mna9dwqosdds</sha1>
</revision>
