<page>
<page>
<title>lagartina</title>
<ns>0</ns>
<id>421156</id>
<revision>
<id>2578077</id>
<parentid>2578073</parentid>
<timestamp>2020-02-21T11:08:12Z</timestamp>
<contributor>
<username>Cpls</username>
<id>20608</id>
</contributor>
<comment>/* {{-varort-}} */</comment>
<model>wikitext</model>
<format>text/x-wiki</format>
<text bytes="761" xml:space="preserve">={{-pt-}}=
==Substantivo==
{{flex.pt|fs=lagartina|fp=lagartinas}}
{{paroxítona|la|gar|ti|na}}, {{g|f}}
# {{escopo|pt|Trás-os-Montes|Réptil}} [[lagartixa]]
=={{etimologia|pt}}==
: Derivada de ''[[lagarto]]'', confronte-se com o ástur-leonês {{etimo|ast|llagartina}}.
[[Categoria:Substantivo (Português)]]
={{-gl-}}=
==Substantivo==
{{flex.gl|fs=lagartina|fp=lagartinas}}
{{paroxítona|la|gar|ti|na|lang=gl}}, {{g|f}}
# {{escopo|gl|Veterinária}} doença na [[unha]] do pé dos bovídeos que a corrói
==={{-varort-}}===
* [[lagartinha#{{gl}}|lagartinha]], [[lagartixa#{{gl}}|lagartixa]]
=={{etimologia|gl}}==
: Derivada de ''[[lagarto#{{gl}}|lagarto]]'', confronte-se com o ástur-leonês {{etimo|ast|llagartina}}.
[[Categoria:Substantivo (Galego)]]</text>
<sha1>8pg0eglxj79zq47v15ns91fe3kx4n1i</sha1>
</revision>
