<page>
<title>lagad</title>
<ns>0</ns>
<id>313890</id>
<revision>
<id>2368114</id>
<parentid>2246009</parentid>
<timestamp>2017-05-03T19:12:48Z</timestamp>
<contributor>
<username>HydrizBot</username>
<id>29590</id>
</contributor>
<minor />
<comment>Robô: A limpar links interwikis antigos</comment>
<model>wikitext</model>
<format>text/x-wiki</format>
<text bytes="163" xml:space="preserve">{{Wikipédia|lang=br}}
={{-br-}}=
==Substantivo==
'''lagad'''
# [[olho]] (órgão da visão)
[[Categoria:Substantivo (Bretão)]]
[[Categoria:Anatomia (Bretão)]]</text>
<sha1>8f6zhjbg4hx0sg1j560grmkz9kcsmbk</sha1>
</revision>
</page>
