<page>
<title>lagarteira</title>
<ns>0</ns>
<id>421158</id>
<revision>
<id>2578079</id>
<timestamp>2020-02-21T11:22:32Z</timestamp>
<contributor>
<username>Cpls</username>
<id>20608</id>
</contributor>
<comment>[[Ajuda:Guia de edição/Menus e ferramentas/Sumário de edição|→]] nova página: ={{-gl-}}= ==Substantivo== {{flex.gl|fs=lagarteira|fp=lagarteiras}} {{paroxítona|la|gar|tei|ra|lang=gl}}, {{...</comment>
<model>wikitext</model>
<format>text/x-wiki</format>
<text bytes="583" xml:space="preserve">={{-gl-}}=
==Substantivo==
{{flex.gl|fs=lagarteira|fp=lagarteiras}}
{{paroxítona|la|gar|tei|ra|lang=gl}}, {{g|f}}
# {{escopo|gl|Réptil}} [[lagartixa]]
# morada ou buraco de [[lagarto]]
# {{escopo|gl|ave}} [[peneireiro-vulgar]] (''[[species:Falco tinnunculus|Falco tinnunculus]]'')
===Sinónimos===
* De '''1''': Vide em [[lagartinha#{{gl}}|lagartinha]]
* De '''3''': [[lagarteiro#{{gl}}|lagarteiro]]
=={{etimologia|gl}}==
: {{escopo|Morfologia}} De ''[[lagarta#{{gl}}|lagarta]]'' ou ''[[lagarto#{{gl}}|lagarto]]'' + ''[[-eira#{{gl}}|-eira]]''.
[[Categoria:Substantivo (Galego)]]</text>
<sha1>3yi8nexkajj390gfc7i72vdtkfdcmn9</sha1>
</revision>
</page>
