<page>
<page>
<title>lagamento</title>
<ns>0</ns>
<id>369464</id>
<revision>
<id>2203917</id>
<parentid>2203662</parentid>
<timestamp>2016-11-30T16:51:37Z</timestamp>
<contributor>
<username>Cpls</username>
<id>20608</id>
</contributor>
<model>wikitext</model>
<format>text/x-wiki</format>
<text bytes="429" xml:space="preserve">={{-gl-}}=
==Substantivo==
{{flex.gl|ms=lagamento|mp=lagamentos}}
{{paroxítona|la|ga|men|to|lang=gl}}, {{g|m|lang=gl}}
# [[ardor]] irritante percebido numa ferida, chaga ou queimadura
===Sinónimo===
* [[laiamento#{{gl}}|laiamento]]
=={{etimologia|gl}}==
: Aparentado com o latim {{etimo|la|plaga}}. Confronte-se com ''[[eslacomar#{{gl}}|eslacomar]]'' e ''[[eslaganhar#{{gl}}|eslaganhar]]''
[[Categoria:Substantivo (Galego)]]</text>
<sha1>poyf4lgo1wps3of7g20kg2ddtds31lw</sha1>
</revision>
