<page>
<page>
<title>lagenorinco</title>
<ns>0</ns>
<id>376767</id>
<revision>
<id>2648619</id>
<parentid>2441591</parentid>
<timestamp>2021-09-18T08:52:38Z</timestamp>
<contributor>
<username>ValJor</username>
<id>1358</id>
</contributor>
<comment>Trocando a tag center pela predifinição centro para corrigir problema de lint</comment>
<model>wikitext</model>
<format>text/x-wiki</format>
<text bytes="1082" xml:space="preserve">[[Imagem:PacificWhiteSidedDolphine.jpg|thumb|right|250px|{{centro|Lagenorinco}}]]
={{-it-}}=
==Substantivo==
{{flex.it|ms=lagenorinco|mp=lagenorinci}}
'''lagenorinco'''
# [[mamífero]] da ordem dos [[cetáceo]]s, do [[género]] ''[[wikispecies:Lagenorhynchus|Lagenorhynchus]]'', família dos [[golfinho]]s
:: Nota: não existe tradução em língua portuguesa; os animais pertencentes a este género são denominados pelo nome genérico de &quot;golfinhos&quot;.
=={{etimologia|it}}==
{{llietimo|la|lagena|it|garrafa|ponto=não}} + {{etm|grc|it}} {{etimo|grc|ῥύγχος|''(bico)''}}.
==Ver também==
===No Wikcionário===
{{verTambém.Ini}}
* [[lagenorinco acuto]]
* [[lagenorinco dai denti obliqui]]
{{verTambém.NovaColuna}}
* [[lagenorinco dalla croce]]
* [[lagenorinco rostrobianco]]
{{verTambém.NovaColuna}}
* [[lagenorinco australe]]
{{verTambém.NovaColuna}}
* [[lagenorinco scuro]]
{{verTambém.Fim}}
[[Categoria:Substantivo (Italiano)]]
[[Categoria:Mamífero (Italiano)]]
[[Categoria:Entrada com imagem (Italiano)]]
[[Categoria:Palavra sem equivalente na língua portuguesa]]</text>
<sha1>nbpx04tng645axxrex7uz7dal8hn1lo</sha1>
</revision>
