<page>
<page>
<title>laggõd</title>
<ns>0</ns>
<id>219826</id>
<revision>
<id>1554151</id>
<parentid>812917</parentid>
<timestamp>2012-12-06T16:36:00Z</timestamp>
<contributor>
<username>VJBot</username>
<id>33673</id>
</contributor>
<minor />
<comment>Robô: Substituição de texto automática  (-{{vertb}} +Ver também)</comment>
<model>wikitext</model>
<format>text/x-wiki</format>
<text bytes="442" xml:space="preserve">={{-liv-}}=
==Substantivo==
'''laggõd'''
# {{escopo|Habitação}} [[teto]]
==Ver também==
{{tradini|}}
* [[ukš]]
* [[kuod]]
* [[kēk]]
* [[kȭrda]]
* [[tubāpēļi]]
* [[kūortiļ]]
* [[katūks]]
* [[strep]]
* [[läb]]
* [[kōrand]]
{{tradmeio}}
* [[kēldaŗ]]
* [[pōgrõb]]
* [[sōna]]
* [[tubāećći]]
* [[kūoršõn]]
* [[rovkuodā]]
* [[pȭrand]]
* [[āita]]
* [[tubā]]
* [[kouv]]
{{tradfim}}
[[Categoria:Substantivo (Livônio)]]</text>
<sha1>biqs9htr1nxqcjgkfp1v0zm79hi0cdv</sha1>
</revision>
