<page>
<page>
<title>lagi</title>
<ns>0</ns>
<id>229184</id>
<revision>
<id>2368124</id>
<parentid>1861249</parentid>
<timestamp>2017-05-03T19:13:23Z</timestamp>
<contributor>
<username>HydrizBot</username>
<id>29590</id>
</contributor>
<minor />
<comment>Robô: A limpar links interwikis antigos</comment>
<model>wikitext</model>
<format>text/x-wiki</format>
<text bytes="147" xml:space="preserve">={{-sm-}}=
==Substantivo==
'''lagi'''
# [[céu]] (abóbada celeste)
{{página-automática|Maio|2010|céu|sm}}
[[Categoria:Substantivo (Samoano)]]</text>
<sha1>t5xhk2zt68cyj8d9txd0rennf365wkl</sha1>
</revision>
