<page>
<title>lagoeiro</title>
<ns>0</ns>
<id>369501</id>
<revision>
<id>2368127</id>
<parentid>2203951</parentid>
<timestamp>2017-05-03T19:13:43Z</timestamp>
<contributor>
<username>HydrizBot</username>
<id>29590</id>
</contributor>
<minor />
<comment>Robô: A limpar links interwikis antigos</comment>
<model>wikitext</model>
<format>text/x-wiki</format>
<text bytes="1469" xml:space="preserve">={{-pt-}}=
==Substantivo==
{{flex.pt|ms=lagoeiro|mp=lagoeiros}}
{{paroxítona|la|go|ei|ro}}, {{g|m}}
# lugar para onde correm as águas [[pluvial|pluviais]]
# lugar úmido, terreno molhado
# aquela água [[derramar|derramada]] no chão
=={{etimologia|pt}}==
: {{escopo|Morfologia}} De [[lago]] + [[-eiro]].
[[Categoria:Substantivo (Português)]]
={{-gl-}}=
==Adjetivo==
{{flex.gl|ms=lagoeiro|mp=lagoeiros|fs=lagoeira|fp=lagoeiras}}
{{paroxítona|la|go|ei|ro|lang=gl}}
# relativo, pertencente à [[lagoa]], ou ao [[lago]]
# que vai mal [[vestir|vestido]], que leva roupa rota ou suja
==Substantivo&lt;sup&gt;1&lt;/sup&gt;==
{{flex.gl|ms=lagoeiro|mp=lagoeiros}}
{{paroxítona|la|go|ei|ro|lang=gl}}, {{g|m|lang=gl}}
# [[lagoeiro#{{pt}}|lagoeiro]], lugar para onde correm as águas [[pluvial|pluviais]]
# [[lagoeiro#{{pt}}|lagoeiro]], lugar úmido, terreno molhado
# pequena [[lagoa]]
# [[poço]] de rega
# terreno onde [[nascer|nasce]] água
===Sinónimos===
* De '''4''': [[lagoento#{{gl}}|lagoento]], [[lagumeiro#{{gl}}|lagumeiro]]
=={{etimologia|gl}}==
: {{escopo|Morfologia}} De ''[[lago#{{gl}}|lago]]'' + ''[[-eiro#{{gl}}|-eiro]]''.
==Substantivo&lt;sup&gt;2&lt;/sup&gt;==
{{flex.gl|ms=lagoeiro|mp=lagoeiros|fs=lagoeira|fp=lagoeiras}}
{{paroxítona|la|go|ei|ro|lang=gl}}
# [[cantoneiro]], pessoa que trabalha no cuidado e arranjo de caminhos e [[estrada]]s
=={{etimologia|gl}}==
: Da mesma origem que [[legoeiro]].
[[Categoria:Substantivo (Galego)]]
[[Categoria:Adjetivo (Galego)]]</text>
<sha1>rgg27e5kq2uik7vtmqv2yozjl3ypr5x</sha1>
</revision>
</page>
