<page>
<page>
<title>lagoena</title>
<ns>0</ns>
<id>231743</id>
<revision>
<id>2368128</id>
<parentid>1979612</parentid>
<timestamp>2017-05-03T19:13:45Z</timestamp>
<contributor>
<username>HydrizBot</username>
<id>29590</id>
</contributor>
<minor />
<comment>Robô: A limpar links interwikis antigos</comment>
<model>wikitext</model>
<format>text/x-wiki</format>
<text bytes="135" xml:space="preserve">={{-la-}}=
==Substantivo==
'''lagoena'''
# [[garrafa]]
{{página-automática|Maio|2010|garrafa|la}}
[[Categoria:Substantivo (Latim)]]</text>
<sha1>si4f4zc3s6sxxzr6jw30zpj8xemxs9v</sha1>
</revision>
