<page>
<page>
<title>lagoense</title>
<ns>0</ns>
<id>67971</id>
<revision>
<id>1648751</id>
<parentid>1186007</parentid>
<timestamp>2013-02-12T10:46:05Z</timestamp>
<contributor>
<username>MalafayaBot</username>
<id>628</id>
</contributor>
<minor />
<comment>Removendo predefinição {{apêndiceGentílicos}}</comment>
<model>wikitext</model>
<format>text/x-wiki</format>
<text bytes="393" xml:space="preserve">={{-pt-}}=
==Adjetivo==
'''la.go.en.se''' &amp;ensp;''2 géneros''
#da [[Lagoa]], [[concelho]] dos [[Açores]], [[Portugal]].
==Substantivo==
'''la.go.en.se''' &amp;ensp;''2 géneros''
#natural da [[Lagoa]].
[[Categoria:Adjetivo (Português)]]
[[Categoria:Substantivo (Português)]]
[[Categoria:Gentílico (Português)]]
[[Categoria:Polissílabo (Português)]]
[[Categoria:Paroxítona (Português)]]</text>
<sha1>mi2xap65axq7jvob0r2l85fp18qmlps</sha1>
</revision>
