<page>
<page>
<title>lagonha</title>
<ns>0</ns>
<id>433883</id>
<revision>
<id>2634129</id>
<timestamp>2021-05-14T21:51:41Z</timestamp>
<contributor>
<username>Cpls</username>
<id>20608</id>
</contributor>
<comment>[[Ajuda:Guia de edição/Menus e ferramentas/Sumário de edição|→]] nova página: ={{-gl-}}= {{ga-in}} ==Substantivo== {{flex.gl|fs=lagonha|fp=lagonhas}} {{paroxítona|la|go|nha|lang=gl}}, {{...</comment>
<model>wikitext</model>
<format>text/x-wiki</format>
<text bytes="373" xml:space="preserve">={{-gl-}}=
{{ga-in}}
==Substantivo==
{{flex.gl|fs=lagonha|fp=lagonhas}}
{{paroxítona|la|go|nha|lang=gl}}, {{g|f}}
# [[enxada]] de menor tamanho, sachola, instrumento de lavoura para cavar, mondar as ervas
==={{-varort-}}===
* Vide em [[ligonha#{{gl}}|ligonha]]
=={{etimologia|gl}}==
: Da mesma origem que ''[[lagão#{{gl}}|lagão]]''.
[[Categoria:Substantivo (Galego)]]</text>
<sha1>1sikgsffu8sm39nl4rcf3x6nunpy4cj</sha1>
</revision>
