<page>
<title>Lagos</title>
<ns>0</ns>
<id>298840</id>
<revision>
<id>2272810</id>
<parentid>2024125</parentid>
<timestamp>2017-04-26T20:40:40Z</timestamp>
<contributor>
<username>HydrizBot</username>
<id>29590</id>
</contributor>
<minor />
<comment>Robô: A limpar links interwikis antigos</comment>
<model>wikitext</model>
<format>text/x-wiki</format>
<text bytes="355" xml:space="preserve">= {{-pt-}} =
{{Wikipédia}}
==Substantivo==
'''Lagos''' {{AFI|/ˈlaɣuʃ/|pt}} {{pr}}
# [[cidade]] [[português|portuguesa]].
===Tradução===
{{tradini}}
{{tradfim}}
=={{pronúncia|pt}}==
{{áudio|Pt-pt Lagos FF.ogg|Português (PT)|/ˈlaɣuʃ/}}
==Ver também==
*[[w:Anexo:Lista de concelhos por NUTS]]
[[Categoria:Concelho de Portugal (Português)]]</text>
<sha1>ho9y2hqzx07c3bvdneni4mqt2s9ynvn</sha1>
</revision>
</page>
