<page>
<page>
<title>Lagoinha</title>
<ns>0</ns>
<id>136534</id>
<revision>
<id>2272808</id>
<parentid>2109797</parentid>
<timestamp>2017-04-26T20:40:36Z</timestamp>
<contributor>
<username>HydrizBot</username>
<id>29590</id>
</contributor>
<minor />
<comment>Robô: A limpar links interwikis antigos</comment>
<model>wikitext</model>
<format>text/x-wiki</format>
<text bytes="283" xml:space="preserve">{{ver também|lagoinha}}
={{-pt-}}=
{{Wikipédia}}
==Substantivo==
'''Lagoinha''' {{pr}}
#[[município]] [[brasileiro]] do [[estado]] de [[São Paulo]]
==Ver também==
*[[Apêndice:Municípios do estado de São Paulo]]
[[Categoria:Município do estado de São Paulo (Português)]]</text>
<sha1>8265hvnu9dgtm4nifpfiwsj9kezzd03</sha1>
</revision>
