<page>
<title>H</title>
<ns>0</ns>
<id>8157</id>
<revision>
<id>2679999</id>
<parentid>2679997</parentid>
<timestamp>2022-06-13T02:08:49Z</timestamp>
<contributor>
<username>Wilhelm Seifer</username>
<id>85860</id>
</contributor>
<model>wikitext</model>
<format>text/x-wiki</format>
<text bytes="249" xml:space="preserve">{{confundir|Н}}
{{ver também|h}}
{{caracteres info|hex=0048|nome=LATIN CAPITAL LETTER
H|anterior=G|próximo=I}}
{{SimbQuim|hidrogênio}}
==Letra==
'''H''', '''h'''
# a oitava [[letra]] do alfabeto latino
[[Categoria:Sistema de escrita latino]]</text>
<sha1>85qvy0xb7gajektaewq4au642lccl42</sha1>
</revision>
</page>
