<page>
<page>
<title>haai</title>
<ns>0</ns>
<id>38788</id>
<revision>
<id>2356721</id>
<parentid>2217954</parentid>
<timestamp>2017-05-03T06:33:38Z</timestamp>
<contributor>
<username>HydrizBot</username>
<id>29590</id>
</contributor>
<minor />
<comment>Robô: A limpar links interwikis antigos</comment>
<model>wikitext</model>
<format>text/x-wiki</format>
<text bytes="168" xml:space="preserve">={{-nl-}}=
== Substantivo ==
'''{{PAGENAME}}'''
# [[tubarão]]
[[Categoria:Substantivo (Holandês)]]
[[Categoria:Peixe (Holandês)]]
[[Categoria:Zoologia (Holandês)]]</text>
<sha1>qmrxz9q7a1tjv6vpdk7l6myci9u74bg</sha1>
</revision>
