<page>
<page>
<title>Haaren</title>
<ns>0</ns>
<id>222937</id>
<revision>
<id>2457983</id>
<parentid>2270267</parentid>
<timestamp>2017-10-30T04:00:30Z</timestamp>
<contributor>
<username>Spanier</username>
<id>43713</id>
</contributor>
<comment>estilo</comment>
<model>wikitext</model>
<format>text/x-wiki</format>
<text bytes="508" xml:space="preserve">={{-de-}}=
{{ver também|haaren}}
==Forma de substantivo==
'''{{grifar|Haa}}.ren'''
# [[dativo]] [[plural]] [[de]] '''''[[Haar#{{de}}|Haar]]'''''.
===Expressões===
* [[an den Haaren herbeigezogen]]: [[forçado]], {{link preto|implausível}}, [[improvável]] (''[[literalmente|lit.]]'': &quot;[[trazido]] [[pelos]] [[cabelo]]s&quot;)
=={{etimologia|de}}==
:De {{etimo|de|Haar}} (&quot;[[cabelo]]&quot;) + {{etimo|de|-en}}.
=={{pronúncia|de}}==
* [[AFI]]: {{AFI|/ˈhaːrən/|de}}
[[Categoria:Forma de substantivo (Alemão)]]</text>
<sha1>oswx3w8a2tbkmv4zxdkpijqteyyv138</sha1>
</revision>
