<page>
<title>haar</title>
<ns>0</ns>
<id>30412</id>
<revision>
<id>2356722</id>
<parentid>2204042</parentid>
<timestamp>2017-05-03T06:33:49Z</timestamp>
<contributor>
<username>HydrizBot</username>
<id>29590</id>
</contributor>
<minor />
<comment>Robô: A limpar links interwikis antigos</comment>
<model>wikitext</model>
<format>text/x-wiki</format>
<text bytes="347" xml:space="preserve">{{Wikipédia|lang=nl}}
{{Wikipédia|lang=en}}
{{ver também|Haar}}
={{-nl-}}=
==Substantivo==
'''haar'''
# [[cabelo]]
[[Categoria:Substantivo (Holandês)]]
[[Categoria:Anatomia (Holandês)]]
={{-en-}}=
==Substantivo==
'''haar'''
# [[nevoeiro]] [[costeiro]] na [[Escócia]]
[[Categoria:Substantivo (Inglês)]]
[[Categoria:Geografia (Inglês)]]</text>
<sha1>jqor9pqxsluvd84z2fw11z9y251n2ve</sha1>
</revision>
</page>
