<page>
<page>
<title>Haar</title>
<ns>0</ns>
<id>12463</id>
<revision>
<id>2457987</id>
<parentid>2270266</parentid>
<timestamp>2017-10-30T04:12:42Z</timestamp>
<contributor>
<username>Spanier</username>
<id>43713</id>
</contributor>
<comment>suplementos</comment>
<model>wikitext</model>
<format>text/x-wiki</format>
<text bytes="453" xml:space="preserve">={{-de-}}=
==Substantivo==
'''Haar''', ''neutro''
[[Categoria:Monossílabo (Alemão)]]
# {{escopo|de|anatomia}} [[pelo]]
# coletivo de [[cabelo]], não possui plural
=== Sinônimos ===
De '''2''':
* [[Kopfhaar]]
=== Declinação ===
{{decl.de.subst.forte.neu.date|ns=Haar|np=Haare|gs=Haar(e)s}}
=={{etimologia|de}}==
: Do [[alto alemão antigo]] ''hār''.
=={{pronúncia|de}}==
* [[AFI]]: {{AFI|/haːɐ̯/|de}} {{audio|De-at-Haar.ogg|ouvir|lang=de}}</text>
<sha1>tmjeq80tjreck9hk3tihlkk5f4b3e4n</sha1>
</revision>
