<page>
<title>haas</title>
<ns>0</ns>
<id>40282</id>
<revision>
<id>2356723</id>
<parentid>2126493</parentid>
<timestamp>2017-05-03T06:33:54Z</timestamp>
<contributor>
<username>HydrizBot</username>
<id>29590</id>
</contributor>
<minor />
<comment>Robô: A limpar links interwikis antigos</comment>
<model>wikitext</model>
<format>text/x-wiki</format>
<text bytes="385" xml:space="preserve">={{-af-}}=
==Substantivo==
'''haas'''
# [[lebre]]
# [[rapidez]], [[velocidade]], [[pressa]]
[[Categoria:Substantivo (Africâner)]]
[[Categoria:Mamífero (Africâner)]]
={{-nl-}}=
==Substantivo==
'''haas'''
# [[lebre]]
[[Categoria:Substantivo (Holandês)]]
[[Categoria:Mamífero (Holandês)]]
={{-tet-}}=
==Substantivo==
'''haas'''
# [[manga]] 
[[Categoria:Substantivo (Tétum)]]</text>
<sha1>b8k7wlqku9s755s6seqjpvybo0zfq5s</sha1>
</revision>
</page>
