<page>
<title>haat</title>
<ns>0</ns>
<id>4810</id>
<revision>
<id>2356724</id>
<parentid>2261191</parentid>
<timestamp>2017-05-03T06:33:59Z</timestamp>
<contributor>
<username>HydrizBot</username>
<id>29590</id>
</contributor>
<minor />
<comment>Robô: A limpar links interwikis antigos</comment>
<model>wikitext</model>
<format>text/x-wiki</format>
<text bytes="138" xml:space="preserve">={{-tet-}}=
==Numeral==
'''haat''', ''cardinal''
# [[quatro]]; representado pelo algarismo «4».
[[Categoria:Numeral cardinal (Tétum)]]</text>
<sha1>e3rzwh91bp2g5uhypy402so8ibc1913</sha1>
</revision>
</page>
