<page>
<title>habas</title>
<ns>0</ns>
<id>390878</id>
<revision>
<id>2477272</id>
<timestamp>2018-01-13T17:51:49Z</timestamp>
<contributor>
<username>Imivorn</username>
<id>64513</id>
</contributor>
<comment>[[Ajuda:Guia de edição/Menus e ferramentas/Sumário de edição|→]] nova página: ={{-mwl-}}= ==Forma verbal== {{paroxítona|ha|bas|língua=mwl}} # [[segunda pessoa]] do [[singular]] no pre...</comment>
<model>wikitext</model>
<format>text/x-wiki</format>
<text bytes="274" xml:space="preserve">={{-mwl-}}=
==Forma verbal==
{{paroxítona|ha|bas|língua=mwl}}
# [[segunda pessoa]] do [[singular]] no [[presente]] do [[conjuntivo]] de [[haber#{{mwl}}|haber]]
==={{-varort-}}===
* {{link opcional|haias|mwl}}
{{avi-for-fle|haber}}
[[Categoria:Forma verbal (Mirandês)]]</text>
<sha1>71zkp62ce3kpzzx9jzh57tmx8dsswmu</sha1>
</revision>
</page>
