<page>
<page>
<title>Habacuques</title>
<ns>0</ns>
<id>324800</id>
<revision>
<id>2223064</id>
<parentid>1911348</parentid>
<timestamp>2017-01-15T03:21:33Z</timestamp>
<contributor>
<username>MIL973</username>
<id>41339</id>
</contributor>
<model>wikitext</model>
<format>text/x-wiki</format>
<text bytes="420" xml:space="preserve">={{-pt-}}=
==Forma de substantivo==
{{paroxítona|Ha|ba|cu|ques}}, {{gramática|pr|mp}}
# plural de [[Habacuque]]
{{avi-for-fle|Habacuque}}
[[Categoria:Forma de substantivo (Português)]]
={{-es-}}=
==Forma de substantivo==
{{paroxítona|Ha|ba|cu|ques|lang=es}}, {{gramática|pr|mp|lang=es}}
# plural de [[Habacuque#{{es}}|Habacuque]]
{{avi-for-fle|Habacuque|lang=es}}
[[Categoria:Forma de substantivo (Espanhol)]]</text>
<sha1>spg7knet4xi3mm86bx2m6a1weyhf7n1</sha1>
</revision>
