<page>
<page>
<title>Habakuk</title>
<ns>0</ns>
<id>365085</id>
<revision>
<id>2590862</id>
<parentid>2462115</parentid>
<timestamp>2020-06-20T21:54:16Z</timestamp>
<contributor>
<username>Leonardo José Raimundo</username>
<id>43489</id>
</contributor>
<comment>Eu estou colocando as versões em frísio, limburguês, waray-waray e zelandês do nome &quot;Habakuk&quot;.</comment>
<model>wikitext</model>
<format>text/x-wiki</format>
<text bytes="3896" xml:space="preserve">={{-af-}}=
==Substantivo==
{{oxítona|Ha|ba|kuk|lang=af}}
# {{escopo|af|Cristianismo|religião}} [[Habacuque]]
==Ver também==
===No Wikcionário===
{{bíblia/af}}
[[Categoria:Substantivo (Africâner)]]
={{-de-}}=
==Substantivo==
{{oxítona|Ha|ba|kuk|lang=de}}
# {{escopo|de|Cristianismo|religião}} [[Habacuque]]
===Declinação===
{{decl.de.subst.próprio.masc}}
==Ver também==
===No Wikcionário===
{{bíblia/de}}
[[Categoria:Substantivo (Alemão)]]
={{-eu-}}=
==Substantivo==
{{oxítona|Ha|ba|kuk|lang=eu}}
# {{escopo|eu|Cristianismo|religião}} [[Habacuque]]
===Declinação===
{{decl.eu.completo|Habakuk|Habakukk|Habakukri|Habakukren|Habakukrekin|Habakuktaraino|Habakuktarako|Habakukrengatik|Habakuktan|Habakuktatik|Habakuktara|Habakukrentzat|Habakuktako|Habakuktarantz|Habakukz|Habakukrik|Habakuktzat|Habakuka|Habakukak|Habakukari|Habakukaren|Habakukarekin|Habakukraino|Habakukrako|Habakukarengatik|Habakukean|Habakuktik|Habakukra|Habakukarentzat|Habakukko|Habakukrantz|Habakukaz|–|–|Habakukak|Habakukek|Habakukei|Habakuken|Habakukekin|Habakuketaraino|Habakuketarako|Habakukengatik|Habakuketan|Habakuketatik|Habakuketara|Habakukentzat|Habakuketako|Habakuketarantz|Habakukez}}
==Ver também==
===No Wikcionário===
{{bíblia/eu}}
[[Categoria:Substantivo (Basco)]]
={{-sk-}}=
==Substantivo==
{{oxítona|Ha|ba|kuk|lang=sk}}
# {{escopo|sk|Cristianismo|religião}} [[Habacuque]]
==Ver também==
===No Wikcionário===
{{bíblia/sk}}
[[Categoria:Substantivo (Eslovaco)]]
={{-sl-}}=
==Substantivo==
{{oxítona|Ha|ba|kuk|lang=sl}}
# {{escopo|sl|Cristianismo|religião}} [[Habacuque]]
===Declinação===
{{decl.sl.subst.masc.1|Habakuk}}
==Ver também==
===No Wikcionário===
{{bíblia/sl}}
[[Categoria:Substantivo (Esloveno)]]
={{-et-}}=
==Substantivo==
{{oxítona|Ha|ba|kuk|lang=et}}
# {{escopo|et|Cristianismo|religião}} [[Habacuque]]
==Ver também==
===No Wikcionário===
{{bíblia/et}}
[[Categoria:Substantivo (Estoniano)]]
={{-fy-}}=
==Substantivo==
{{oxítona|Ha|ba|kuk|lang=fy}}
# {{escopo|fy|Cristianismo|religião}} [[Habacuque]]
==Ver também==
===No Wikcionário===
{{bíblia/fy}}
[[Categoria:Substantivo (Frísio)]]
={{-nl-}}=
==Substantivo==
{{oxítona|Ha|ba|kuk|lang=nl}}
# {{escopo|nl|Cristianismo|religião}} [[Habacuque]]
==Ver também==
===No Wikcionário===
{{bíblia/nl}}
[[Categoria:Substantivo (Holandês)]]
={{-hu-}}=
==Substantivo==
{{proparoxítona|Ha|ba|kuk|lang=hu}}
# {{escopo|hu|Cristianismo|religião}} [[Habacuque]]
==Ver também==
===No Wikcionário===
{{bíblia/hu}}
[[Categoria:Substantivo (Húngaro)]]
={{-io-}}=
==Substantivo==
{{oxítona|Ha|ba|kuk|lang=io}}
# {{escopo|io|Cristianismo|religião}} [[Habacuque]]
==Ver também==
===No Wikcionário===
{{bíblia/io}}
[[Categoria:Substantivo (Ido)]]
={{-li-}}=
==Substantivo==
{{oxítona|Ha|ba|kuk|lang=li}}
# {{escopo|li|Cristianismo|religião}} [[Habacuque]]
===Declinação===
{{decl.li.subst|Habakuk|Habakuk|Habakukes|Habakuk|Habakuk|Habakuker|Habakuker|Habakukese|Habakuker|Habakuker|Habakukske|Habakukskes|Habakukeske|Habakukske|Habakukske|Habakukskes|Habakukskes|Habakukeskes|Habakukskes|Habakukskes}}
==Ver também==
===No Wikcionário===
{{bíblia/li}}
[[Categoria:Substantivo (Limburguês)]]
={{-no-}}=
==Substantivo==
{{oxítona|Ha|ba|kuk|lang=no}}
# {{escopo|no|Cristianismo|religião}} [[Habacuque]]
===Declinação===
{{decl.no.subst.próprio}}
==Ver também==
===No Wikcionário===
{{bíblia/no}}
[[Categoria:Substantivo (Norueguês)]]
={{-war-}}=
==Substantivo==
{{oxítona|Ha|ba|kuk|lang=war}}
# {{escopo|war|Cristianismo|religião}} [[Habacuque]]
==Ver também==
===No Wikcionário===
{{bíblia/war}}
[[Categoria:Substantivo (Waray-Waray)]]
={{-zea-}}=
==Substantivo==
{{oxítona|Ha|ba|kuk|lang=zea}}
# {{escopo|zea|Cristianismo|religião}} [[Habacuque]]
==Ver também==
===No Wikcionário===
{{bíblia/zea}}
[[Categoria:Substantivo (Zelandês)]]</text>
<sha1>54vjm6vyvbuhhjmki4cyu9u7dibi9ux</sha1>
</revision>
