<page>
<title>Habacuc</title>
<ns>0</ns>
<id>374329</id>
<revision>
<id>2652569</id>
<parentid>2546256</parentid>
<timestamp>2021-11-16T23:39:51Z</timestamp>
<contributor>
<username>ValJor</username>
<id>1358</id>
</contributor>
<comment>Retirando ligação para a predefinição inv para poder eliminá-la em seguida</comment>
<model>wikitext</model>
<format>text/x-wiki</format>
<text bytes="2025" xml:space="preserve">={{-ast-}}=
==Substantivo==
{{oxítona|Ha|ba|cuc|lang=ast}}
# {{escopo|ast|Cristianismo|religião}} [[Habacuque]]
==Ver também==
===No Wikcionário===
{{bíblia/ast}}
[[Categoria:Substantivo (Asturiano)]]
={{-ca-}}=
==Substantivo==
{{oxítona|Ha|ba|cuc|lang=ca}}
# {{escopo|ca|Cristianismo|religião}} [[Habacuque]]
==Ver também==
===No Wikcionário===
{{bíblia/ca}}
[[Categoria:Substantivo (Catalão)]]
={{-ceb-}}=
==Substantivo==
{{oxítona|Ha|ba|cuc|lang=ceb}}
# {{escopo|ceb|Cristianismo|religião}} [[Habacuque]]
==Ver também==
===No Wikcionário===
{{bíblia/ceb}}
[[Categoria:Substantivo (Cebuano)]]
={{-co-}}=
==Substantivo==
{{oxítona|Ha|ba|cuc|lang=co}}
# {{escopo|co|Cristianismo|religião}} [[Habacuque]]
==Ver também==
===No Wikcionário===
{{bíblia/co}}
[[Categoria:Substantivo (Corso)]]
={{-fr-}}=
==Substantivo==
{{oxítona|Ha|ba|cuc|lang=fr}}
# {{escopo|fr|Cristianismo|religião}} [[Habacuque]]
==Ver também==
===No Wikcionário===
{{bíblia/fr}}
[[Categoria:Substantivo (Francês)]]
={{-gl-}}=
==Substantivo==
{{oxítona|Ha|ba|cuc|lang=gl}}
# {{escopo|gl|Cristianismo|religião}} [[Habacuque]]
==Ver também==
===No Wikcionário===
{{bíblia/gl}}
[[Categoria:Substantivo (Galego)]]
={{-ia-}}=
==Substantivo==
{{oxítona|Ha|ba|cuc|lang=ia}}
# {{escopo|ia|Cristianismo|religião}} [[Habacuque]]
==Ver também==
===No Wikcionário===
{{bíblia/ia}}
[[Categoria:Substantivo (Interlíngua)]]
={{-la-}}=
==Substantivo==
{{oxítona|Ha|ba|cuc|lang=la}}
# {{escopo|la|Cristianismo|religião}} [[Habacuque]]
==Ver também==
===No Wikcionário===
{{bíblia/la}}
[[Categoria:Substantivo (Latim)]]
={{-ro-}}=
==Substantivo==
{{oxítona|Ha|ba|cuc|lang=ro}}
# {{escopo|ro|Cristianismo|religião}} [[Habacuque]]
===Declinação===
{{decl.ro.subst
|nais=Habacuc
|naip=''invariável''
|nads=Habacuc
|nadp=''invariável''
|dgis=lui Habacuc
|dgip=''invariável''
|dgds=-
|dgdp=''invariável''
}}
==Ver também==
===No Wikcionário===
{{bíblia/ro}}
[[Categoria:Substantivo (Romeno)]]</text>
<sha1>0igoaj1eo8eb8zct2tzghjfwohlefg3</sha1>
</revision>
</page>
