<page>
<page>
<title>habai</title>
<ns>0</ns>
<id>61370</id>
<revision>
<id>2356726</id>
<parentid>1771572</parentid>
<timestamp>2017-05-03T06:34:03Z</timestamp>
<contributor>
<username>HydrizBot</username>
<id>29590</id>
</contributor>
<minor />
<comment>Robô: A limpar links interwikis antigos</comment>
<model>wikitext</model>
<format>text/x-wiki</format>
<text bytes="79" xml:space="preserve">={{-tet-}}=
==Verbo==
'''habai'''
# [[assoalhar]]
[[Categoria:Verbo (Tétum)]]</text>
<sha1>8wuehbpihwzdywx49187g0duqqxa4m7</sha1>
</revision>
