<page>
<title>Habakuka</title>
<ns>0</ns>
<id>362056</id>
<revision>
<id>2531453</id>
<parentid>2450184</parentid>
<timestamp>2019-01-05T15:06:52Z</timestamp>
<contributor>
<username>Leonardo José Raimundo</username>
<id>43489</id>
</contributor>
<comment>Eu estou colocando as categorias [[Categoria:Cristianismo|Cristianismo]] e [[Categoria:Religião|Religião]] em cada idioma no escopo e a seção &quot;No Wikcionário&quot;.</comment>
<model>wikitext</model>
<format>text/x-wiki</format>
<text bytes="839" xml:space="preserve">={{-sl-}}=
==Forma de substantivo==
{{paroxítona|Ha|ba|ku|ka|lang=sl}}
# nominativo dual do nome [[Habakuk]]
# genitivo singular de Habakuk
# acusativo dual de Habakuk
[[Categoria:Forma de substantivo (Esloveno)]]
={{-haw-}}=
==Substantivo==
{{paroxítona|Ha|ba|ku|ka|lang=haw}}
# {{escopo|haw|Cristianismo|religião}} [[Habacuque]]
==Ver também==
===No Wikcionário===
{{bíblia/haw}}
[[Categoria:Substantivo (Havaiano)]]
={{-lv-}}=
==Substantivo==
{{paroxítona|Ha|ba|ku|ka|lang=lv}}
# {{escopo|lv|Cristianismo|religião}} [[Habacuque]]
==Ver também==
===No Wikcionário===
{{bíblia/lv}}
[[Categoria:Substantivo (Letão)]]
={{-pl-}}=
==Forma de substantivo==
{{paroxítona|Ha|ba|ku|ka|lang=pl}}
# genitivo singular do nome [[Habakuk]], usado na Bíblia como [[Księga Habakuka]]
[[Categoria:Forma de substantivo (Polonês)]]</text>
<sha1>mstqf69dgh5u2gswrx3t9izmn3rirfw</sha1>
</revision>
</page>
