<page>
<title>Habacuque</title>
<ns>0</ns>
<id>324682</id>
<revision>
<id>2683922</id>
<parentid>2683898</parentid>
<timestamp>2022-07-18T13:16:32Z</timestamp>
<contributor>
<username>Leonardo José Raimundo</username>
<id>43489</id>
</contributor>
<comment>Eu estou colocando a versão em mirandês do nome &quot;Habacuque&quot;.</comment>
<model>wikitext</model>
<format>text/x-wiki</format>
<text bytes="3628" xml:space="preserve">={{-pt-}}=
==Substantivo==
{{flex.pt|ms=Habacuque|mp=Habacuques}}
{{paroxítona|Ha|ba|cu|que}}, {{gramática|pr|m}}
# {{escopo|pt|Cristianismo|religião}} trigésimo quinto livro da [[Bíblia]], composto de apenas três capítulos
# {{escopo|pt|Cristianismo|religião}} nome do profeta de Deus
# {{escopo|pt|Antropônimo}} [[Apêndice:Prenomes em português|prenome]] masculino
===Tradução===
{{tradini}}
* {{trad|af|Habakuk}}
* {{trad|de|Habakuk}}
* {{trad|an|Abacuc}}
* {{t|hy|Ամբակում||Ambakum}}
* {{trad|ast|Habacuc}}
* {{trad|eu|Habakuk}}
* {{trad|br|Havakouk}}
* {{t|bg|Авакумъ||Avakum}}
* {{trad|yue|哈巴谷書|哈巴谷书}} (haa¹ baa¹ guk¹ syu¹)
* {{trad|ca|Habacuc}}
* {{trad|ceb|Habacuc}}
* {{trad|cs|Abakuk}}
* {{trad|zh|哈巴谷書|哈巴谷书}} (Hābāgǔshū)
* {{trad|co|Habacuc}}
* {{trad|hr|Habakuk}}
* {{trad|da|Habakkuk}}
* {{trad|sco|Habakkuk}}
* {{trad|sk|Habakuk}}
* {{trad|sl|Habakuk}}
* {{trad|es|Habacuque}}
* {{trad|eo|Ĥabakuk}}
* {{trad|et|Habakuk}}
* {{trad|fo|Habakkuk}}
* {{trad|fi|Habakukin kirja}}
* {{trad|fr|Habacuc}}
* {{trad|fy|Habakuk}}
* {{trad|gd|Habacuc}}
* {{trad|gl|Habacuc}}
* {{trad|cy|Habacuc}}
* {{t|ka|აბაკუმი||Abakumi}}
* {{t|el|Αββακούμ||Avvakoúm}}
* {{t|grc|Ἁμβακοὺμ||Hambakoùm}}
* {{trad|kl|Habakkuki}}
* {{trad|haw|Habakuka}}
* {{t|he|חֲבַקּוּק||Ḥavaqúq}}
* {{t|hi|हबक्क़ूक़||Habakqūq}}
{{tradmeio}}
* {{trad|nl|Habakuk}}
* {{trad|hu|Habakuk}}
* {{trad|io|Habakuk}}
* {{trad|id|Habakuk}}
* {{trad|en|Habakkuk}}
* {{trad|ia|Habacuc}}
* {{trad|ga|Habacúc}}
* {{trad|is|Habakkuk}}
* {{trad|it|Abacuc}}
* {{t|ja|ハバクク書||Habakuku sho}}
* {{trad|la|Habacuc}}
* {{trad|lvk|Habakkuk}}
* {{trad|lv|Habakuka}}
* {{trad|li|Habakuk}}
* {{trad|lt|Habakuko knyga}}
* {{trad|ms|Habakuk}}
* {{trad|mt|Ktieb Ħabaqquq|Ktieb Ħabakkuk}}
* {{trad|gv|Habbakkuk}}
* {{trad|mi|Hapakuku}}
* {{t|cdo|哈巴谷書||Hăk-bă-gók-cṳ̆}}
* {{trad|no|Habakuk}}
* {{t|fa|حبقوق||Habaqquq}}
* {{trad|pl|Księga Habakuka}}
* {{trad|ro|Habacuc|Avacum}}
* {{t|ru|Аввакум||Avvakum}}
* {{trad|sr|Авакум|Avakum}}
* {{trad|sh|Habakuk}}
* {{trad|scn|Abacuc}}
* {{trad|sw|Habakuki}}
* {{trad|sv|Habackuk}}
* {{trad|tl|Habakkuk}}
* {{trad|uk|Абакум|Авакум}} (Abakum), (Avakum)
* {{t|ur|حبقوق||Habakqūq}}
* {{trad|war|Habakuk}}
* {{trad|zea|Habakuk}}
{{tradfim}}
==Ver também==
===No Wikcionário===
====Wikisaurus====
* [[Wikisaurus:religião|religião]]
{{bíblia/pt}}
[[Categoria:Substantivo (Português)]]
={{-es-}}=
==Substantivo==
{{flex.es|ms=Habacuque|mp=Habacuques}}
{{paroxítona|Ha|ba|cu|que|lang=es}}, {{gramática|pr|m|lang=es}}
# {{escopo|es|Cristianismo|religião}} [[Habacuque#{{pt}}|Habacuque]], trigésimo quinto livro da [[Bíblia]], composto de apenas três capítulos
# {{escopo|es|Cristianismo|religião}} [[Habacuque#{{pt}}|Habacuque]], nome do profeta de Deus
# {{escopo|es|Antropônimo}} [[Habacuque#{{pt}}|Habacuque]]
==Ver também==
===No Wikcionário===
{{bíblia/es}}
[[Categoria:Substantivo (Espanhol)]]
={{-mwl-}}=
==Substantivo==
{{flex.mwl|ms=Habacuque|mp=Habacuques}}
{{paroxítona|Ha|ba|cu|que|lang=mwl}}, {{gramática|pr|m|lang=mwl}}
# {{escopo|mwl|Cristianismo|religião}} [[Habacuque#{{pt}}|Habacuque]], trigésimo quinto livro da [[Bíblia]], composto de apenas três capítulos
# {{escopo|mwl|Cristianismo|religião}} [[Habacuque#{{pt}}|Habacuque]], nome do profeta de Deus
# {{escopo|mwl|Antropônimo}} [[Habacuque#{{pt}}|Habacuque]]
==Ver também==
===No Wikcionário===
{{bíblia/mwl}}
[[Categoria:Substantivo (Mirandês)]]</text>
<sha1>dza46denz8pf3d99f61wmngluq2yvd4</sha1>
</revision>
</page>
