<page>
<page>
<title>Habakuki</title>
<ns>0</ns>
<id>427438</id>
<revision>
<id>2599378</id>
<timestamp>2020-10-24T00:20:15Z</timestamp>
<contributor>
<username>Leonardo José Raimundo</username>
<id>43489</id>
</contributor>
<comment>Eu estou criando o nome &quot;Habakuki&quot;.</comment>
<model>wikitext</model>
<format>text/x-wiki</format>
<text bytes="206" xml:space="preserve">={{-sw-}}=
==Substantivo==
{{paroxítona|Ha|ba|ku|ki|lang=sw}}
# {{escopo|sw|Cristianismo|religião}} [[Habacuque]]
==Ver também==
===No Wikcionário===
{{bíblia/sw}}
[[Categoria:Substantivo (Suaíli)]]</text>
<sha1>t8tjb1q4cxv8ubfxhcj372x9equq2rg</sha1>
</revision>
