<page>
<title>habanera</title>
<ns>0</ns>
<id>347713</id>
<revision>
<id>2445149</id>
<parentid>2356727</parentid>
<timestamp>2017-08-22T19:18:42Z</timestamp>
<contributor>
<username>ValJor</username>
<id>1358</id>
</contributor>
<comment>Acrescentando código de língua à [[:Categoria:!Página com mensagem de erro em predefinição|predefinição escopo]]</comment>
<model>wikitext</model>
<format>text/x-wiki</format>
<text bytes="276" xml:space="preserve">{{Wikipédia}}
={{-pt-}}=
==Substantivo==
{{paroxítona|ha|ba|ne|ra}}, {{gramática|f}}
# {{escopo|pt|Música}} [[estilo]] [[musical]] criado em [[Havana]], [[Cuba]]
==Ver também==
===No Wikisaurus===
* [[Wikisaurus:música|música]]
[[Categoria:Substantivo (Português)]]</text>
<sha1>din3pt06p5pkbh4eupnxvpq0nahjcha</sha1>
</revision>
</page>
