<page>
<page>
<title>Habakkuk</title>
<ns>0</ns>
<id>371373</id>
<revision>
<id>2654484</id>
<parentid>2551268</parentid>
<timestamp>2021-12-07T22:22:05Z</timestamp>
<contributor>
<username>Leonardo José Raimundo</username>
<id>43489</id>
</contributor>
<comment>Eu estou colocando as versões em escocês e lavukaleve do nome &quot;Habakkuk&quot;.</comment>
<model>wikitext</model>
<format>text/x-wiki</format>
<text bytes="1497" xml:space="preserve">={{-da-}}=
==Substantivo==
{{oxítona|Ha|bak|kuk|lang=da}}
# {{escopo|da|Cristianismo|religião}} [[Habacuque]]
===Declinação===
{{decl.da.subst.próprio}}
==Ver também==
===No Wikcionário===
{{bíblia/da}}
[[Categoria:Substantivo (Dinamarquês)]]
={{-sco-}}=
==Substantivo==
{{oxítona|Ha|bak|kuk|lang=sco}}
# {{escopo|sco|Cristianismo|religião}} [[Habacuque]]
==Ver também==
===No Wikcionário===
{{bíblia/sco}}
[[Categoria:Substantivo (Escocês)]]
={{-fo-}}=
==Substantivo==
{{oxítona|Ha|bak|kuk|lang=fo}}
# {{escopo|fo|Cristianismo|religião}} [[Habacuque]]
==Ver também==
===No Wikcionário===
{{bíblia/fo}}
[[Categoria:Substantivo (Feroês)]]
={{-en-}}=
==Substantivo==
{{proparoxítona|Ha|bak|kuk|lang=en}}
# {{escopo|en|Cristianismo|religião}} [[Habacuque]]
==Ver também==
===No Wikcionário===
{{bíblia/en}}
[[Categoria:Substantivo (Inglês)]]
={{-is-}}=
==Substantivo==
{{oxítona|Ha|bak|kuk|lang=is}}
# {{escopo|is|Cristianismo|religião}} [[Habacuque]]
==Ver também==
===No Wikcionário===
{{bíblia/is}}
[[Categoria:Substantivo (Islandês)]]
={{-lvk-}}=
==Substantivo==
{{oxítona|Ha|bak|kuk|lang=lvk}}
# {{escopo|lvk|Cristianismo|religião}} [[Habacuque]]
==Ver também==
===No Wikcionário===
{{bíblia/lvk}}
[[Categoria:Substantivo (Lavukaleve)]]
={{-tl-}}=
==Substantivo==
{{oxítona|Ha|bak|kuk|lang=tl}}
# {{escopo|tl|Cristianismo|religião}} [[Habacuque]]
==Ver também==
===No Wikcionário===
{{bíblia/tl}}
[[Categoria:Substantivo (Tagalo)]]</text>
<sha1>qk9ocaen9ovplha1r5vnv586aamw974</sha1>
</revision>
