<page>
<page>
<title>habere</title>
<ns>0</ns>
<id>42883</id>
<revision>
<id>2690579</id>
<parentid>2356732</parentid>
<timestamp>2022-10-27T03:07:45Z</timestamp>
<contributor>
<username>InternetArchiveBot</username>
<id>81604</id>
</contributor>
<comment>Rescuing 1 sources and tagging 0 as dead.) #IABot (v2.0.9.2</comment>
<model>wikitext</model>
<format>text/x-wiki</format>
<text bytes="1912" xml:space="preserve">={{-la-}}=
==Forma verbal==
'''ha.bē.re'''
# [[infinitivo]] {{l.s.|presente}} [[ativo]] [[de]] '''''[[habeo]]'''''
===Expressões===
* '''habere ''{{link preto|aliquem}}'' [[odio]]''': [[odiar]] ''[[alguém]]''
* '''habere {{link preto|iter|la}}''': [[dirigir]]-[[se#Pronome|se]]
* '''habere [[male#{{la}}|male]]''': [[maltratar]]
=={{etimologia|la}}==
===Descendentes===
{{tradini|Termos descendentes de ''habere''}}
* {{trad|an|aber}}
* {{trad|ast|haber}}
* [[bolonhês|Bolonhês]] : {{xlatio|eml|aver|}}
* {{trad|ca|haver}}
* {{trad|co|avè}}
* {{trad|eml|avèir}}
* {{trad|es|haber}}
* {{trad|fr|avoir}}
* {{trad|frp|avêr}}
* {{trad|fur|vê}}
* {{trad|gl|haber}}
* {{trad|it|avere}}
* {{trad|lld|avei}}
* {{trad|lne|haber}}
* {{trad|lij|avei}}
* [[milanês|Milanês]] : {{xlatio|lmo|avè|}}, {{xlatio|lmo|avee|}}, {{xlatio|lmo|avègh|}}
{{tradmeio}}
* {{trad|mwl|haber}}
* [[modenense|Modenense]] : {{xlatio|eml|aver|avèr|}}
* {{trad|nap|avè}}
* {{trad|oc|aver}}
* {{trad|pms|avèj}}
* {{trad|pt|haver}}
* {{trad|rm|avair}}
* {{trad|ro|avea}}
* {{trad|sro|ai|àiri}}
* {{trad|sdn|aé|avè}}
* [[sardo logudorês|Sardo logudorês]] : {{xlatio|sc|àere|}}
* [[sardo nuorês|Sardo nuorês]] : {{xlatio|sc|àere|}}
* {{trad|sdc|abé}}
* {{trad|scn|aviri}}
* {{trad|wa|aveur|awè}}
* {{trad|vec|aver}}
{{tradfim}}
==Ver também==
===Referências===
{{verTambém.Ini}}
* [https://web.archive.org/web/20160305175226/http://www.latin-dictionary.org/JM-Latin-English-Dictionary/habere ''habere'' no JM Latin-English Dictionary (em inglês)]
{{verTambém.Fim}}
[[Categoria:Forma verbal (Latim)]]
[[Categoria:Trissílabo (Latim)]]
={{-tr-}}=
==Forma de substantivo==
'''ha.be.re'''
# [[dativo]] [[singular]] [[de]] '''''{{l.s.|haber|{{tr}}}}'''''
=={{etimologia|tr}}==
* {{escopo|Morfologia}} {{etimo|tr|haber}} + {{etimo|tr|-e}}.
[[Categoria:Forma de substantivo (Turco)]]
[[Categoria:Trissílabo (Turco)]]</text>
<sha1>7x4trh11llgpctjop2qmnx1jb3iwyeo</sha1>
</revision>
