<page>
<title>haberes</title>
<ns>0</ns>
<id>390903</id>
<revision>
<id>2477297</id>
<timestamp>2018-01-13T18:12:58Z</timestamp>
<contributor>
<username>Imivorn</username>
<id>64513</id>
</contributor>
<comment>[[Ajuda:Guia de edição/Menus e ferramentas/Sumário de edição|→]] nova página: ={{-mwl-}}= ==Forma verbal== {{paroxítona|ha|be|res|língua=mwl}} # [[segunda pessoa]] do [[singular]] no ...</comment>
<model>wikitext</model>
<format>text/x-wiki</format>
<text bytes="219" xml:space="preserve">={{-mwl-}}=
==Forma verbal==
{{paroxítona|ha|be|res|língua=mwl}}
# [[segunda pessoa]] do [[singular]] no [[infinitivo pessoal]] de [[haber#{{mwl}}|haber]]
{{avi-for-fle|haber}}
[[Categoria:Forma verbal (Mirandês)]]</text>
<sha1>o4gqmny9jnxpf1mlpvl8hc23vjodya2</sha1>
</revision>
</page>
