<page>
<page>
<title>haberemos</title>
<ns>0</ns>
<id>390865</id>
<revision>
<id>2477257</id>
<timestamp>2018-01-13T17:16:50Z</timestamp>
<contributor>
<username>Imivorn</username>
<id>64513</id>
</contributor>
<comment>[[Ajuda:Guia de edição/Menus e ferramentas/Sumário de edição|→]] nova página: ={{-mwl-}}= ==Forma verbal== {{paroxítona|ha|be|re|mos|língua=mwl}} # [[primeira pessoa]] do [[plural]] no...</comment>
<model>wikitext</model>
<format>text/x-wiki</format>
<text bytes="227" xml:space="preserve">={{-mwl-}}=
==Forma verbal==
{{paroxítona|ha|be|re|mos|língua=mwl}}
# [[primeira pessoa]] do [[plural]] no [[futuro]] do [[indicativo]] de [[haber#{{mwl}}|haber]]
{{avi-for-fle|haber}}
[[Categoria:Forma verbal (Mirandês)]]</text>
<sha1>glq9sayidkfgpx7b76gtob756yqqmtj</sha1>
</revision>
