<page>
<title>haberiemos</title>
<ns>0</ns>
<id>390874</id>
<revision>
<id>2477268</id>
<timestamp>2018-01-13T17:46:22Z</timestamp>
<contributor>
<username>Imivorn</username>
<id>64513</id>
</contributor>
<comment>[[Ajuda:Guia de edição/Menus e ferramentas/Sumário de edição|→]] nova página: ={{-mwl-}}= ==Forma verbal== {{paroxítona|ha|be|rie|mos|língua=mwl}} # [[primeira pessoa]] do [[plural]] no...</comment>
<model>wikitext</model>
<format>text/x-wiki</format>
<text bytes="233" xml:space="preserve">={{-mwl-}}=
==Forma verbal==
{{paroxítona|ha|be|rie|mos|língua=mwl}}
# [[primeira pessoa]] do [[plural]] no [[condicional]] do [[indicativo]] de [[haber#{{mwl}}|haber]]
{{avi-for-fle|haber}}
[[Categoria:Forma verbal (Mirandês)]]</text>
<sha1>44jcwfrrhav84ljimyo95d6hvcsg3ui</sha1>
</revision>
</page>
