<page>
<title>haberás</title>
<ns>0</ns>
<id>390863</id>
<revision>
<id>2477255</id>
<timestamp>2018-01-13T17:16:21Z</timestamp>
<contributor>
<username>Imivorn</username>
<id>64513</id>
</contributor>
<comment>[[Ajuda:Guia de edição/Menus e ferramentas/Sumário de edição|→]] nova página: ={{-mwl-}}= ==Forma verbal== {{oxítona|ha|be|rás|língua=mwl}} # [[segunda pessoa]] do [[singular]] no fu...</comment>
<model>wikitext</model>
<format>text/x-wiki</format>
<text bytes="223" xml:space="preserve">={{-mwl-}}=
==Forma verbal==
{{oxítona|ha|be|rás|língua=mwl}}
# [[segunda pessoa]] do [[singular]] no [[futuro]] do [[indicativo]] de [[haber#{{mwl}}|haber]]
{{avi-for-fle|haber}}
[[Categoria:Forma verbal (Mirandês)]]</text>
<sha1>emolp25md0zij3zj3mtyc0vltwgfa93</sha1>
</revision>
</page>
