<page>
<page>
<title>haberá</title>
<ns>0</ns>
<id>390864</id>
<revision>
<id>2477256</id>
<timestamp>2018-01-13T17:16:38Z</timestamp>
<contributor>
<username>Imivorn</username>
<id>64513</id>
</contributor>
<comment>[[Ajuda:Guia de edição/Menus e ferramentas/Sumário de edição|→]] nova página: ={{-mwl-}}= ==Forma verbal== {{oxítona|ha|be|rá|língua=mwl}} # [[terceira pessoa]] do [[singular]] no fu...</comment>
<model>wikitext</model>
<format>text/x-wiki</format>
<text bytes="223" xml:space="preserve">={{-mwl-}}=
==Forma verbal==
{{oxítona|ha|be|rá|língua=mwl}}
# [[terceira pessoa]] do [[singular]] no [[futuro]] do [[indicativo]] de [[haber#{{mwl}}|haber]]
{{avi-for-fle|haber}}
[[Categoria:Forma verbal (Mirandês)]]</text>
<sha1>ip989gnqfox7mkrc5sf2ywczr9n5f16</sha1>
</revision>
