<page>
<page>
<title>habeo</title>
<ns>0</ns>
<id>42869</id>
<revision>
<id>2690578</id>
<parentid>2356730</parentid>
<timestamp>2022-10-27T03:07:36Z</timestamp>
<contributor>
<username>InternetArchiveBot</username>
<id>81604</id>
</contributor>
<comment>Rescuing 1 sources and tagging 0 as dead.) #IABot (v2.0.9.2</comment>
<model>wikitext</model>
<format>text/x-wiki</format>
<text bytes="1395" xml:space="preserve">={{-la-}}=
==Verbo==
{{proparoxítona|ha|be|ō|lang=la}}, {{g|vt}}
# [[ter]]:
#: '''''Habet''' [[annus#{{la}}|annos]] {{l.s.|viginti|{{la}}}}.'' &lt;small&gt;([[ele#Pronome|Ele]] [[ter|tem]] [[vinte]] [[ano]]s.)&lt;/small&gt;
# [[possuir]]
# [[alcançar]], [[obter]]
# [[manter]]
# [[conduzir]], [[presidir]]
# [[considerar]], [[levar]] [[em]] [[consideração]]
# [[passar]] (''[[tempo]]'')
# {{l.s.|dever|Verbo}}
# {{l.s.|poder|Verbo}}
===Conjugação===
{{conj.la.2|hab|habu|habit|hab|habu|habit}}
===Verbetes derivados===
{{verTambém.Ini}}
* {{link preto|antehabeo}}
* {{link preto|dehabeo}}
{{verTambém.NovaColuna|50}}
* {{link preto|posthabeo}}
* {{link preto|ratihabeo}}
{{verTambém.Fim}}
=={{pronúncia}}==
===[[latim clássico|Latim clássico]]===
* [[AFI]]: {{AFI|/ˈha.be.oː/}}
* [[X-SAMPA]]: /&quot;ha.be.o:/
: '''Áudio''': {{ouvir|La-cls-habeo.ogg|&quot;habeo&quot;}}
==Ver também==
===Referências===
{{verTambém.Ini}}
* [http://www.bible-history.com/latin/latin_h.html Glossary of Latin Terms (em inglês)]
* [https://web.archive.org/web/20160305175229/http://www.latin-dictionary.org/JM-Latin-English-Dictionary/habeo ''habeo'' no JM Latin-English Dictionary (em inglês)]
* [http://www.latin-dictionary.net/q/latin/habeo.html ''habeo'' no LATDict (em inglês)]
{{verTambém.Fim}}
[[Categoria:Verbo (Latim)]]
[[Categoria:Entrada com pronúncia (Latim)]]
[[Categoria:Entrada com áudio (Latim)]]</text>
<sha1>iziqyqg3i49yka7iz6uhp86f9j1qaj4</sha1>
</revision>
