<page>
<page>
<title>haberei</title>
<ns>0</ns>
<id>390862</id>
<revision>
<id>2477254</id>
<timestamp>2018-01-13T17:15:55Z</timestamp>
<contributor>
<username>Imivorn</username>
<id>64513</id>
</contributor>
<comment>[[Ajuda:Guia de edição/Menus e ferramentas/Sumário de edição|→]] nova página: ={{-mwl-}}= ==Forma verbal== {{oxítona|ha|be|rei|língua=mwl}} # [[primeira pessoa]] do [[singular]] no fu...</comment>
<model>wikitext</model>
<format>text/x-wiki</format>
<text bytes="223" xml:space="preserve">={{-mwl-}}=
==Forma verbal==
{{oxítona|ha|be|rei|língua=mwl}}
# [[primeira pessoa]] do [[singular]] no [[futuro]] do [[indicativo]] de [[haber#{{mwl}}|haber]]
{{avi-for-fle|haber}}
[[Categoria:Forma verbal (Mirandês)]]</text>
<sha1>1p6ij7y7lb87ffbuajqeu5w381kc2oc</sha1>
</revision>
