<page>
<title>haberien</title>
<ns>0</ns>
<id>390876</id>
<revision>
<id>2477270</id>
<timestamp>2018-01-13T17:46:39Z</timestamp>
<contributor>
<username>Imivorn</username>
<id>64513</id>
</contributor>
<comment>[[Ajuda:Guia de edição/Menus e ferramentas/Sumário de edição|→]] nova página: ={{-mwl-}}= ==Forma verbal== {{paroxítona|ha|be|ri|en|língua=mwl}} # [[terceira pessoa]] do [[plural]] no [...</comment>
<model>wikitext</model>
<format>text/x-wiki</format>
<text bytes="231" xml:space="preserve">={{-mwl-}}=
==Forma verbal==
{{paroxítona|ha|be|ri|en|língua=mwl}}
# [[terceira pessoa]] do [[plural]] no [[condicional]] do [[indicativo]] de [[haber#{{mwl}}|haber]]
{{avi-for-fle|haber}}
[[Categoria:Forma verbal (Mirandês)]]</text>
<sha1>eykbntuwwyjm0ylvyndpr8wnvz763xd</sha1>
</revision>
</page>
