<page>
<page>
<title>habermos</title>
<ns>0</ns>
<id>390904</id>
<revision>
<id>2477298</id>
<timestamp>2018-01-13T18:13:04Z</timestamp>
<contributor>
<username>Imivorn</username>
<id>64513</id>
</contributor>
<comment>[[Ajuda:Guia de edição/Menus e ferramentas/Sumário de edição|→]] nova página: ={{-mwl-}}= ==Forma verbal== {{paroxítona|ha|ber|mos|língua=mwl}} # [[primeira pessoa]] do [[plural]] no ...</comment>
<model>wikitext</model>
<format>text/x-wiki</format>
<text bytes="219" xml:space="preserve">={{-mwl-}}=
==Forma verbal==
{{paroxítona|ha|ber|mos|língua=mwl}}
# [[primeira pessoa]] do [[plural]] no [[infinitivo pessoal]] de [[haber#{{mwl}}|haber]]
{{avi-for-fle|haber}}
[[Categoria:Forma verbal (Mirandês)]]</text>
<sha1>dil2e63ankhs1jju9yxz7a8llzn3wx9</sha1>
</revision>
