<page>
<page>
<title>haberies</title>
<ns>0</ns>
<id>390873</id>
<revision>
<id>2477267</id>
<timestamp>2018-01-13T17:46:10Z</timestamp>
<contributor>
<username>Imivorn</username>
<id>64513</id>
</contributor>
<comment>[[Ajuda:Guia de edição/Menus e ferramentas/Sumário de edição|→]] nova página: ={{-mwl-}}= ==Forma verbal== {{oxítona|ha|be|ries|língua=mwl}} # [[segunda pessoa]] do [[singular]] no co...</comment>
<model>wikitext</model>
<format>text/x-wiki</format>
<text bytes="228" xml:space="preserve">={{-mwl-}}=
==Forma verbal==
{{oxítona|ha|be|ries|língua=mwl}}
# [[segunda pessoa]] do [[singular]] no [[condicional]] do [[indicativo]] de [[haber#{{mwl}}|haber]]
{{avi-for-fle|haber}}
[[Categoria:Forma verbal (Mirandês)]]</text>
<sha1>cbbyiyrzdfr4t9rcgxdl9hcxxjiqtf2</sha1>
</revision>
