<page>
<title>habereis</title>
<ns>0</ns>
<id>390866</id>
<revision>
<id>2477258</id>
<timestamp>2018-01-13T17:16:57Z</timestamp>
<contributor>
<username>Imivorn</username>
<id>64513</id>
</contributor>
<comment>[[Ajuda:Guia de edição/Menus e ferramentas/Sumário de edição|→]] nova página: ={{-mwl-}}= ==Forma verbal== {{oxítona|ha|be|reis|língua=mwl}} # [[segunda pessoa]] do [[plural]] no futu...</comment>
<model>wikitext</model>
<format>text/x-wiki</format>
<text bytes="221" xml:space="preserve">={{-mwl-}}=
==Forma verbal==
{{oxítona|ha|be|reis|língua=mwl}}
# [[segunda pessoa]] do [[plural]] no [[futuro]] do [[indicativo]] de [[haber#{{mwl}}|haber]]
{{avi-for-fle|haber}}
[[Categoria:Forma verbal (Mirandês)]]</text>
<sha1>ofgtsbly6oqlp1ludrotqejybjvlkl6</sha1>
</revision>
</page>
