<page>
<page>
<title>haberan</title>
<ns>0</ns>
<id>390867</id>
<revision>
<id>2477259</id>
<timestamp>2018-01-13T17:17:06Z</timestamp>
<contributor>
<username>Imivorn</username>
<id>64513</id>
</contributor>
<comment>[[Ajuda:Guia de edição/Menus e ferramentas/Sumário de edição|→]] nova página: ={{-mwl-}}= ==Forma verbal== {{oxítona|ha|be|ran|língua=mwl}} # [[terceira pessoa]] do [[plural]] no futu...</comment>
<model>wikitext</model>
<format>text/x-wiki</format>
<text bytes="221" xml:space="preserve">={{-mwl-}}=
==Forma verbal==
{{oxítona|ha|be|ran|língua=mwl}}
# [[terceira pessoa]] do [[plural]] no [[futuro]] do [[indicativo]] de [[haber#{{mwl}}|haber]]
{{avi-for-fle|haber}}
[[Categoria:Forma verbal (Mirandês)]]</text>
<sha1>3cz9y1rkziszq3u0np84u98m8ov2u83</sha1>
</revision>
