<page>
<title>habitaríeis</title>
<ns>0</ns>
<id>194707</id>
<revision>
<id>2356775</id>
<parentid>2204081</parentid>
<timestamp>2017-05-03T07:01:04Z</timestamp>
<contributor>
<username>HydrizBot</username>
<id>29590</id>
</contributor>
<minor />
<comment>Robô: A limpar links interwikis antigos</comment>
<model>wikitext</model>
<format>text/x-wiki</format>
<text bytes="176" xml:space="preserve">={{-pt-}}=
==Forma verbal==
'''habitaríeis'''
#[[segunda pessoa]] do [[plural]] do [[futuro do pretérito]] do verbo '''[[habitar]]'''
[[Categoria:Forma verbal (Português)]]</text>
<sha1>grkk2ikk2irahglhl2mybrwb3ioq7ka</sha1>
</revision>
</page>
