<page>
<title>habituou</title>
<ns>0</ns>
<id>173202</id>
<revision>
<id>2356839</id>
<parentid>1152930</parentid>
<timestamp>2017-05-03T07:04:40Z</timestamp>
<contributor>
<username>HydrizBot</username>
<id>29590</id>
</contributor>
<minor />
<comment>Robô: A limpar links interwikis antigos</comment>
<model>wikitext</model>
<format>text/x-wiki</format>
<text bytes="197" xml:space="preserve">={{-pt-}}=
==Forma verbal==
'''habituou'''
#[[terceira pessoa]] do [[singular]] do [[pretérito perfeito]] do [[modo indicativo]] do verbo '''[[habituar]]'''
[[Categoria:Forma verbal (Português)]]</text>
<sha1>djevsc4gqp4d8wfz2mfzndroi93e94d</sha1>
</revision>
</page>
