<page>
<page>
<title>habit</title>
<ns>0</ns>
<id>8544</id>
<revision>
<id>2644742</id>
<parentid>2356742</parentid>
<timestamp>2021-08-07T14:24:19Z</timestamp>
<contributor>
<username>ValJor</username>
<id>1358</id>
</contributor>
<comment>Retirando ligação para *scibboleth, para poder eliminar essa entrada em seguida</comment>
<model>wikitext</model>
<format>text/x-wiki</format>
<text bytes="456" xml:space="preserve">={{-fr-}}=
==Substantivo==
'''habit'''
# [[roupa]]
[[Categoria:Substantivo (Francês)]]
[[Categoria:Vestuário (Francês)]]
={{-en-}}=
==Substantivo==
'''habit'''
# [[hábito]], [[costume]]
[[Categoria:Substantivo (Inglês)]]
={{-pl-}}=
==Substantivo==
'''habit'''
# [[hábito]] (roupa de monge)
[[Categoria:Substantivo (Polonês)]]
[[Categoria:Vestuário (Polonês)]]
={{-tet-}}=
==Verbo==
'''habit'''
# [[entalar]] 
[[Categoria:Verbo (Tétum)]]</text>
<sha1>m2w19c0jatzdc3y6gdm8264n84rtrmt</sha1>
</revision>
