<page>
<title>habituam</title>
<ns>0</ns>
<id>160354</id>
<revision>
<id>2356800</id>
<parentid>2126517</parentid>
<timestamp>2017-05-03T07:02:59Z</timestamp>
<contributor>
<username>HydrizBot</username>
<id>29590</id>
</contributor>
<minor />
<comment>Robô: A limpar links interwikis antigos</comment>
<model>wikitext</model>
<format>text/x-wiki</format>
<text bytes="184" xml:space="preserve">={{-pt-}}=
==Forma verbal==
'''habituam'''
#[[terceira pessoa]] do [[plural]] do [[presente]] do [[modo indicativo]] do verbo '''[[habituar]]'''
[[Categoria:Forma verbal (Português)]]</text>
<sha1>n3xj747456bfs2u6uzapadxzfz81p7n</sha1>
</revision>
</page>
