<page>
<title>habilitação</title>
<ns>0</ns>
<id>63917</id>
<revision>
<id>2621918</id>
<parentid>2356739</parentid>
<timestamp>2021-02-02T01:46:05Z</timestamp>
<contributor>
<username>MarxavBot</username>
<id>80155</id>
</contributor>
<minor />
<comment>AFI Portugal</comment>
<model>wikitext</model>
<format>text/x-wiki</format>
<text bytes="407" xml:space="preserve">={{-pt-}}=
==Substantivo==
{{flex.pt|fs=habilitação|fp=habilitações}}
{{oxítona|ha|bi|li|ta|ção}}, {{f}}
# [[aptidão]], [[habilidade]]
# [[documento]] que comprova uma [[habilidade]]
# [[ato]] [[ou]] [[efeito]] [[de]] [[habilitar]]
=={{pronúncia|pt}}==
===Portugal===
* AFI: {{AFI|/ɐ.bi.li.tɐ.ˈsɐ̃w̃/}}
==Ver também==
===No Wikcionário===
* [[CNH]]
[[Categoria:Substantivo (Português)]]</text>
<sha1>nur1caea08mqs8ugin9q4m0bu1wkk71</sha1>
</revision>
</page>
