<page>
<title>habitué</title>
<ns>0</ns>
<id>372340</id>
<revision>
<id>2356847</id>
<parentid>2222433</parentid>
<timestamp>2017-05-03T07:04:59Z</timestamp>
<contributor>
<username>HydrizBot</username>
<id>29590</id>
</contributor>
<minor />
<comment>Robô: A limpar links interwikis antigos</comment>
<model>wikitext</model>
<format>text/x-wiki</format>
<text bytes="334" xml:space="preserve">={{-pt-}}=
==Adjetivo==
{{flex.pt|s=habitué|p=habitués}}
''{{oxítona|ha|bi|tué}}'', {{gramática|c2g}}
# {{escopo|pt|estrangeirismo}} [[habituê]]
==Substantivo==
{{flex.pt|ms=habitué|mp=habitués}}
''{{oxítona|ha|bi|tué}}'', {{gramática|m}}
# {{escopo|pt|estrangeirismo}} [[habituê]]
[[Categoria:Substantivo (Português)]]</text>
<sha1>shzhtjk57k0a8x0rhw7busl32lfmrj4</sha1>
</revision>
</page>
