<page>
<page>
<title>habitou</title>
<ns>0</ns>
<id>173389</id>
<revision>
<id>2356795</id>
<parentid>2204064</parentid>
<timestamp>2017-05-03T07:02:44Z</timestamp>
<contributor>
<username>HydrizBot</username>
<id>29590</id>
</contributor>
<minor />
<comment>Robô: A limpar links interwikis antigos</comment>
<model>wikitext</model>
<format>text/x-wiki</format>
<text bytes="195" xml:space="preserve">={{-pt-}}=
==Forma verbal==
'''habitou'''
#[[terceira pessoa]] do [[singular]] do [[pretérito perfeito]] do [[modo indicativo]] do verbo '''[[habitar]]'''
[[Categoria:Forma verbal (Português)]]</text>
<sha1>jba80x14tgidt2muhckqbpbxl0h3f01</sha1>
</revision>
