<page>
<title>habituavas</title>
<ns>0</ns>
<id>161668</id>
<revision>
<id>2356830</id>
<parentid>1152922</parentid>
<timestamp>2017-05-03T07:04:14Z</timestamp>
<contributor>
<username>HydrizBot</username>
<id>29590</id>
</contributor>
<minor />
<comment>Robô: A limpar links interwikis antigos</comment>
<model>wikitext</model>
<format>text/x-wiki</format>
<text bytes="200" xml:space="preserve">={{-pt-}}=
==Forma verbal==
'''habituavas'''
#[[segunda pessoa]] do [[singular]] do [[pretérito imperfeito]] do [[modo indicativo]] do verbo '''[[habituar]]'''
[[Categoria:Forma verbal (Português)]]</text>
<sha1>gkekkyknstvedsa8styxg1dazb0xrtc</sha1>
</revision>
</page>
