<page>
<page>
<title>habitues</title>
<ns>0</ns>
<id>218628</id>
<revision>
<id>2356837</id>
<parentid>2126533</parentid>
<timestamp>2017-05-03T07:04:36Z</timestamp>
<contributor>
<username>HydrizBot</username>
<id>29590</id>
</contributor>
<minor />
<comment>Robô: A limpar links interwikis antigos</comment>
<model>wikitext</model>
<format>text/x-wiki</format>
<text bytes="281" xml:space="preserve">={{-pt-}}=
==Forma verbal==
'''habitues'''
#[[segunda pessoa]] do [[singular]] do [[presente]] do [[modo subjuntivo]] do verbo '''[[habituar]]'''
#[[segunda pessoa]] do [[singular]] do [[imperativo]] [[negativo]] do verbo '''[[habituar]]'''
[[Categoria:Forma verbal (Português)]]</text>
<sha1>jt2ulypqv92au3224h8s75aoammrgp9</sha1>
</revision>
