<page>
<page>
<title>habitemos</title>
<ns>0</ns>
<id>214444</id>
<revision>
<id>2356791</id>
<parentid>2204067</parentid>
<timestamp>2017-05-03T07:02:33Z</timestamp>
<contributor>
<username>HydrizBot</username>
<id>29590</id>
</contributor>
<minor />
<comment>Robô: A limpar links interwikis antigos</comment>
<model>wikitext</model>
<format>text/x-wiki</format>
<text bytes="373" xml:space="preserve">={{-pt-}}=
==Forma verbal==
'''habitemos'''
#[[primeira pessoa]] do [[plural]] do [[presente]] do [[modo subjuntivo]] do verbo '''[[habitar]]'''
#[[primeira pessoa]] do [[plural]] do [[imperativo]] [[afirmativo]] do verbo '''[[habitar]]'''
#[[primeira pessoa]] do [[plural]] do [[imperativo]] [[negativo]] do verbo '''[[habitar]]'''
[[Categoria:Forma verbal (Português)]]</text>
<sha1>3g2pc4sjnninc81x57xa9t4hnkchzpo</sha1>
</revision>
