<page>
<title>habitariam</title>
<ns>0</ns>
<id>196043</id>
<revision>
<id>2356768</id>
<parentid>2204088</parentid>
<timestamp>2017-05-03T06:48:38Z</timestamp>
<contributor>
<username>HydrizBot</username>
<id>29590</id>
</contributor>
<minor />
<comment>Robô: A limpar links interwikis antigos</comment>
<model>wikitext</model>
<format>text/x-wiki</format>
<text bytes="175" xml:space="preserve">={{-pt-}}=
==Forma verbal==
'''habitariam'''
#[[terceira pessoa]] do [[plural]] do [[futuro do pretérito]] do verbo '''[[habitar]]'''
[[Categoria:Forma verbal (Português)]]</text>
<sha1>4nb81wxf1klwskrqwjh3jocisyy5ldr</sha1>
</revision>
</page>
