<page>
<page>
<title>habituámos</title>
<ns>0</ns>
<id>164508</id>
<revision>
<id>2356840</id>
<parentid>2253194</parentid>
<timestamp>2017-05-03T07:04:43Z</timestamp>
<contributor>
<username>HydrizBot</username>
<id>29590</id>
</contributor>
<minor />
<comment>Robô: A limpar links interwikis antigos</comment>
<model>wikitext</model>
<format>text/x-wiki</format>
<text bytes="291" xml:space="preserve">={{-pt-}}=
==Forma verbal==
{{paroxítona|ha|bi|tu|á|mos}}
#{{escopo2|grafia lusitana}} [[primeira pessoa]] do [[plural]] do [[pretérito perfeito]] do [[modo indicativo]] do verbo '''[[habituar]]'''
{{avi-for-fle|habituar}}
[[Categoria:Forma verbal (Português)]]
[[Categoria:Lusitanismo]]</text>
<sha1>mf6gtgrp41smuefnsyuik31f1oylo18</sha1>
</revision>
