<page>
<page>
<title>habiemos</title>
<ns>0</ns>
<id>390848</id>
<revision>
<id>2477237</id>
<timestamp>2018-01-13T17:03:25Z</timestamp>
<contributor>
<username>Imivorn</username>
<id>64513</id>
</contributor>
<comment>[[Ajuda:Guia de edição/Menus e ferramentas/Sumário de edição|→]] nova página: ={{-mwl-}}= ==Forma verbal== {{paroxítona|ha|bie|mos|língua=mwl}} # [[primeira pessoa]] do [[plural]] no ...</comment>
<model>wikitext</model>
<format>text/x-wiki</format>
<text bytes="242" xml:space="preserve">={{-mwl-}}=
==Forma verbal==
{{paroxítona|ha|bie|mos|língua=mwl}}
# [[primeira pessoa]] do [[plural]] no [[pretérito imperfeito]] do [[indicativo]] de [[haber#Mirandês|haber]]
{{avi-for-fle|haber}}
[[Categoria:Forma verbal (Mirandês)]]</text>
<sha1>l46gtfzzbbiqs3g8n73rppar9zk96ac</sha1>
</revision>
