<page>
<page>
<title>habitaras</title>
<ns>0</ns>
<id>178997</id>
<revision>
<id>2356760</id>
<parentid>2204051</parentid>
<timestamp>2017-05-03T06:36:21Z</timestamp>
<contributor>
<username>HydrizBot</username>
<id>29590</id>
</contributor>
<minor />
<comment>Robô: A limpar links interwikis antigos</comment>
<model>wikitext</model>
<format>text/x-wiki</format>
<text bytes="183" xml:space="preserve">={{-pt-}}=
==Forma verbal==
'''habitaras'''
#[[segunda pessoa]] do [[singular]] do [[pretérito mais-que-perfeito]] do verbo '''[[habitar]]'''
[[Categoria:Forma verbal (Português)]]</text>
<sha1>ggs0q9c63uph66aqq1i2i59zqzkoafr</sha1>
</revision>
