<page>
<title>habituaríamos</title>
<ns>0</ns>
<id>193196</id>
<revision>
<id>2356820</id>
<parentid>1970914</parentid>
<timestamp>2017-05-03T07:03:50Z</timestamp>
<contributor>
<username>HydrizBot</username>
<id>29590</id>
</contributor>
<minor />
<comment>Robô: A limpar links interwikis antigos</comment>
<model>wikitext</model>
<format>text/x-wiki</format>
<text bytes="180" xml:space="preserve">={{-pt-}}=
==Forma verbal==
'''habituaríamos'''
#[[primeira pessoa]] do [[plural]] do [[futuro do pretérito]] do verbo '''[[habituar]]'''
[[Categoria:Forma verbal (Português)]]</text>
<sha1>52dac5cxwu77o4aimv6gvs4oy238b3w</sha1>
</revision>
</page>
