<page>
<title>habilitações</title>
<ns>0</ns>
<id>268395</id>
<revision>
<id>2356740</id>
<parentid>2126512</parentid>
<timestamp>2017-05-03T06:35:05Z</timestamp>
<contributor>
<username>HydrizBot</username>
<id>29590</id>
</contributor>
<minor />
<comment>Robô: A limpar links interwikis antigos</comment>
<model>wikitext</model>
<format>text/x-wiki</format>
<text bytes="168" xml:space="preserve">={{-pt-}}=
==Forma de substantivo==
'''habilitações''', {{p}}
#plural de '''[[habilitação#{{pt}}|habilitação]]'''
[[Categoria:Forma de substantivo (Português)]]</text>
<sha1>j1p342qgjytrcvb4b0mj60ddtggu1h6</sha1>
</revision>
</page>
