<page>
<title>habituaste</title>
<ns>0</ns>
<id>171830</id>
<revision>
<id>2356826</id>
<parentid>1970912</parentid>
<timestamp>2017-05-03T07:04:05Z</timestamp>
<contributor>
<username>HydrizBot</username>
<id>29590</id>
</contributor>
<minor />
<comment>Robô: A limpar links interwikis antigos</comment>
<model>wikitext</model>
<format>text/x-wiki</format>
<text bytes="198" xml:space="preserve">={{-pt-}}=
==Forma verbal==
'''habituaste'''
#[[segunda pessoa]] do [[singular]] do [[pretérito perfeito]] do [[modo indicativo]] do verbo '''[[habituar]]'''
[[Categoria:Forma verbal (Português)]]</text>
<sha1>e0uw0d9q5pn34hrwdkpu0k001jbtnwr</sha1>
</revision>
</page>
