<page>
<page>
<title>habituará</title>
<ns>0</ns>
<id>186403</id>
<revision>
<id>2356817</id>
<parentid>1970916</parentid>
<timestamp>2017-05-03T07:03:43Z</timestamp>
<contributor>
<username>HydrizBot</username>
<id>29590</id>
</contributor>
<minor />
<comment>Robô: A limpar links interwikis antigos</comment>
<model>wikitext</model>
<format>text/x-wiki</format>
<text bytes="176" xml:space="preserve">={{-pt-}}=
==Forma verbal==
'''habituará'''
#[[terceira pessoa]] do [[singular]] do [[futuro do presente]] do verbo '''[[habituar]]'''
[[Categoria:Forma verbal (Português)]]</text>
<sha1>niqu75daw0h1b62w0e3udv5gemjwksh</sha1>
</revision>
