<page>
<page>
<title>habitamos</title>
<ns>0</ns>
<id>102693</id>
<revision>
<id>2356752</id>
<parentid>2204058</parentid>
<timestamp>2017-05-03T06:35:45Z</timestamp>
<contributor>
<username>HydrizBot</username>
<id>29590</id>
</contributor>
<minor />
<comment>Robô: A limpar links interwikis antigos</comment>
<model>wikitext</model>
<format>text/x-wiki</format>
<text bytes="174" xml:space="preserve">={{-pt-}}=
== Forma verbal ==
{{paroxítona|ha|bi|ta|mos}}
# primeira pessoa do plural do presente do indicativo do verbo [[habitar]]
[[Categoria: Forma verbal (Português)]]</text>
<sha1>i0058tdpwdx8r2expq8u9i99ubsu0b2</sha1>
</revision>
