<page>
<page>
<title>habitara</title>
<ns>0</ns>
<id>177506</id>
<revision>
<id>2356758</id>
<parentid>2204053</parentid>
<timestamp>2017-05-03T06:36:14Z</timestamp>
<contributor>
<username>HydrizBot</username>
<id>29590</id>
</contributor>
<minor />
<comment>Robô: A limpar links interwikis antigos</comment>
<model>wikitext</model>
<format>text/x-wiki</format>
<text bytes="231" xml:space="preserve">={{-pt-}}=
==Forma verbal==
'''habitara'''
#[[primeira pessoa|primeira]] e [[terceira pessoa|terceira pessoas]] do [[singular]] do [[pretérito mais-que-perfeito]] do verbo '''[[habitar]]'''
[[Categoria:Forma verbal (Português)]]</text>
<sha1>sz50a62pijxu28h1i4ue3d63ce9hg53</sha1>
</revision>
