<page>
<page>
<title>habitaremos</title>
<ns>0</ns>
<id>187945</id>
<revision>
<id>2356765</id>
<parentid>2204046</parentid>
<timestamp>2017-05-03T06:36:33Z</timestamp>
<contributor>
<username>HydrizBot</username>
<id>29590</id>
</contributor>
<minor />
<comment>Robô: A limpar links interwikis antigos</comment>
<model>wikitext</model>
<format>text/x-wiki</format>
<text bytes="174" xml:space="preserve">={{-pt-}}=
==Forma verbal==
'''habitaremos'''
#[[primeira pessoa]] do [[plural]] do [[futuro do presente]] do verbo '''[[habitar]]'''
[[Categoria:Forma verbal (Português)]]</text>
<sha1>r3o45dq0xv50ow5bou1y4dqcyb12qak</sha1>
</revision>
