<page>
<title>habitei</title>
<ns>0</ns>
<id>170609</id>
<revision>
<id>2356788</id>
<parentid>2204070</parentid>
<timestamp>2017-05-03T07:02:26Z</timestamp>
<contributor>
<username>HydrizBot</username>
<id>29590</id>
</contributor>
<minor />
<comment>Robô: A limpar links interwikis antigos</comment>
<model>wikitext</model>
<format>text/x-wiki</format>
<text bytes="195" xml:space="preserve">={{-pt-}}=
==Forma verbal==
'''habitei'''
#[[primeira pessoa]] do [[singular]] do [[pretérito perfeito]] do [[modo indicativo]] do verbo '''[[habitar]]'''
[[Categoria:Forma verbal (Português)]]</text>
<sha1>t4ydtcmnbmj4r0xbpphuflxk4xxdcwl</sha1>
</revision>
</page>
