<page>
<title>habitavas</title>
<ns>0</ns>
<id>161873</id>
<revision>
<id>2356785</id>
<parentid>2204072</parentid>
<timestamp>2017-05-03T07:02:07Z</timestamp>
<contributor>
<username>HydrizBot</username>
<id>29590</id>
</contributor>
<minor />
<comment>Robô: A limpar links interwikis antigos</comment>
<model>wikitext</model>
<format>text/x-wiki</format>
<text bytes="198" xml:space="preserve">={{-pt-}}=
==Forma verbal==
'''habitavas'''
#[[segunda pessoa]] do [[singular]] do [[pretérito imperfeito]] do [[modo indicativo]] do verbo '''[[habitar]]'''
[[Categoria:Forma verbal (Português)]]</text>
<sha1>ccpcgmvjsoa4imp50l78s65mnrjkfpu</sha1>
</revision>
</page>
