<page>
<page>
<title>habituara</title>
<ns>0</ns>
<id>177310</id>
<revision>
<id>2356804</id>
<parentid>1970921</parentid>
<timestamp>2017-05-03T07:03:15Z</timestamp>
<contributor>
<username>HydrizBot</username>
<id>29590</id>
</contributor>
<minor />
<comment>Robô: A limpar links interwikis antigos</comment>
<model>wikitext</model>
<format>text/x-wiki</format>
<text bytes="233" xml:space="preserve">={{-pt-}}=
==Forma verbal==
'''habituara'''
#[[primeira pessoa|primeira]] e [[terceira pessoa|terceira pessoas]] do [[singular]] do [[pretérito mais-que-perfeito]] do verbo '''[[habituar]]'''
[[Categoria:Forma verbal (Português)]]</text>
<sha1>t3w9m9m11xxiezkfqej7685pswtw0jo</sha1>
</revision>
