<page>
<title>habitasse</title>
<ns>0</ns>
<id>205651</id>
<revision>
<id>2356777</id>
<parentid>2204079</parentid>
<timestamp>2017-05-03T07:01:14Z</timestamp>
<contributor>
<username>HydrizBot</username>
<id>29590</id>
</contributor>
<minor />
<comment>Robô: A limpar links interwikis antigos</comment>
<model>wikitext</model>
<format>text/x-wiki</format>
<text bytes="231" xml:space="preserve">={{-pt-}}=
==Forma verbal==
'''habitasse'''
#[[primeira pessoa|primeira]] e [[terceira pessoa]] do [[singular]] do [[pretérito imperfeito]] do [[modo subjuntivo]] do verbo '''[[habitar]]'''
[[Categoria:Forma verbal (Português)]]</text>
<sha1>ixxrl66kb9leqgxzowp65o4u6wuj15f</sha1>
</revision>
</page>
