<page>
<page>
<title>habitáveis</title>
<ns>0</ns>
<id>167711</id>
<revision>
<id>2356855</id>
<parentid>2204094</parentid>
<timestamp>2017-05-03T07:05:21Z</timestamp>
<contributor>
<username>HydrizBot</username>
<id>29590</id>
</contributor>
<minor />
<comment>Robô: A limpar links interwikis antigos</comment>
<model>wikitext</model>
<format>text/x-wiki</format>
<text bytes="198" xml:space="preserve">={{-pt-}}=
==Forma verbal==
'''habitáveis'''
#[[segunda pessoa]] do [[plural]] do [[pretérito imperfeito]] do [[modo indicativo]] do verbo '''[[habitar]]'''
[[Categoria:Forma verbal (Português)]]</text>
<sha1>qczudsk2uymy3h2ynfd6rt8gw2o6jbr</sha1>
</revision>
