<page>
<title>habies</title>
<ns>0</ns>
<id>390847</id>
<revision>
<id>2477236</id>
<timestamp>2018-01-13T17:03:18Z</timestamp>
<contributor>
<username>Imivorn</username>
<id>64513</id>
</contributor>
<comment>[[Ajuda:Guia de edição/Menus e ferramentas/Sumário de edição|→]] nova página: ={{-mwl-}}= ==Forma verbal== {{paroxítona|ha|bi|es|língua=mwl}} # [[segunda pessoa]] do [[singular]] no p...</comment>
<model>wikitext</model>
<format>text/x-wiki</format>
<text bytes="241" xml:space="preserve">={{-mwl-}}=
==Forma verbal==
{{paroxítona|ha|bi|es|língua=mwl}}
# [[segunda pessoa]] do [[singular]] no [[pretérito imperfeito]] do [[indicativo]] de [[haber#Mirandês|haber]]
{{avi-for-fle|haber}}
[[Categoria:Forma verbal (Mirandês)]]</text>
<sha1>d9s5j33hc4jeu04hy3gjn8g39pult9e</sha1>
</revision>
</page>
