<page>
<page>
<title>habitaram</title>
<ns>0</ns>
<id>176047</id>
<revision>
<id>2356759</id>
<parentid>2204052</parentid>
<timestamp>2017-05-03T06:36:17Z</timestamp>
<contributor>
<username>HydrizBot</username>
<id>29590</id>
</contributor>
<minor />
<comment>Robô: A limpar links interwikis antigos</comment>
<model>wikitext</model>
<format>text/x-wiki</format>
<text bytes="195" xml:space="preserve">={{-pt-}}=
==Forma verbal==
'''habitaram'''
#[[terceira pessoa]] do [[plural]] do [[pretérito perfeito]] do [[modo indicativo]] do verbo '''[[habitar]]'''
[[Categoria:Forma verbal (Português)]]</text>
<sha1>p4b7jhrd1cn6qoqzrw8h940mhr4mkcg</sha1>
</revision>
