<page>
<page>
<title>habituarão</title>
<ns>0</ns>
<id>190552</id>
<revision>
<id>2356819</id>
<parentid>1152911</parentid>
<timestamp>2017-05-03T07:03:48Z</timestamp>
<contributor>
<username>HydrizBot</username>
<id>29590</id>
</contributor>
<minor />
<comment>Robô: A limpar links interwikis antigos</comment>
<model>wikitext</model>
<format>text/x-wiki</format>
<text bytes="175" xml:space="preserve">={{-pt-}}=
==Forma verbal==
'''habituarão'''
#[[terceira pessoa]] do [[plural]] do [[futuro do presente]] do verbo '''[[habituar]]'''
[[Categoria:Forma verbal (Português)]]</text>
<sha1>kc1dpifxw1921sihx88ijd9n53ipieu</sha1>
</revision>
