<page>
<title>habitació</title>
<ns>0</ns>
<id>228954</id>
<revision>
<id>2653575</id>
<parentid>2356745</parentid>
<timestamp>2021-11-28T09:50:27Z</timestamp>
<contributor>
<username>ValJor</username>
<id>1358</id>
</contributor>
<comment>Confirmando [[:Categoria:!Entrada criada por robô|verbete criado por robô]]</comment>
<model>wikitext</model>
<format>text/x-wiki</format>
<text bytes="232" xml:space="preserve">={{-ca-}}=
==Substantivo==
'''habitació'''
# [[cômodo]] (parte de uma casa)
[[Categoria:Substantivo (Catalão)]]
={{-val-}}=
==Substantivo==
'''habitació'''
# [[casa]] (local de moradia)
[[Categoria:Substantivo (Valenciano)]]</text>
<sha1>jm8w50uufulgsk2yd3cnjrf324awhym</sha1>
</revision>
</page>
