<page>
<title>habiteyo</title>
<ns>0</ns>
<id>65210</id>
<revision>
<id>2356793</id>
<parentid>2064613</parentid>
<timestamp>2017-05-03T07:02:38Z</timestamp>
<contributor>
<username>HydrizBot</username>
<id>29590</id>
</contributor>
<minor />
<comment>Robô: A limpar links interwikis antigos</comment>
<model>wikitext</model>
<format>text/x-wiki</format>
<text bytes="589" xml:space="preserve">={{-io-}}=
==Substantivo==
'''ha.bi.{{grifar|te}}yo'''
# [[hábitat]], [[local]] [[onde]] se [[habitar|habita]]
===Declinação===
{{decl.io.subst|radical=habitey}}
=={{etimologia|io}}==
{{etimo.io|habit|-ey|-o}}
=={{pronúncia}}==
* [[AFI]]: {{AFI|/ha.bi.ˈte.yo/}}, {{AFI|/hɑ.bi.ˈtɛ.yɔ/}}
* [[X-SAMPA]]: /ha.bi.&quot;te.yo/, /hA.bi.&quot;tE.yO/
==Ver também==
===No Wikcionário===
{{verTambém.Ini}}
* {{verLigações|habitar}}
{{verTambém.Fim}}
[[Categoria:Substantivo (Ido)]]
[[Categoria:Polissílabo (Ido)]]
[[Categoria:Paroxítona (Ido)]]
[[Categoria:Entrada com pronúncia (Ido)]]</text>
<sha1>oxpaju5vjq367cc953y17oa5kl4dvuy</sha1>
</revision>
</page>
