<page>
<title>habilitado</title>
<ns>0</ns>
<id>64557</id>
<revision>
<id>2616058</id>
<parentid>2356735</parentid>
<timestamp>2021-02-01T00:00:16Z</timestamp>
<contributor>
<username>MarxavBot</username>
<id>80155</id>
</contributor>
<minor />
<comment>AFI Portugal</comment>
<model>wikitext</model>
<format>text/x-wiki</format>
<text bytes="578" xml:space="preserve">={{-pt-}}=
==Adjetivo==
{{flex.pt|ms=habilitado|mp=habilitados|fs=habilitada|fp=habilitadas}}
{{paroxítona|ha|bi|li|ta|do}}
# que possui [[habilitação|habilitações]]
# [[competente]]
# [[autorizado]]
#* ''A não ser que a Biografia da sua dama vestida de xadrez se encontre na « Enciclopédia do Século XIX » do bom P. Larousse, eu não estou '''habilitado''' a dar-lhe essas informações à Balzac, que a sua pobre alma reclama.''  Eça de Queiroz - A CAPITAL
=={{pronúncia|pt}}==
===Portugal===
* AFI: {{AFI|/ɐ.bi.li.ˈta.du/}}
[[Categoria:Adjetivo (Português)]]</text>
<sha1>geo6wbe2or7rko3pbv9o2lx09g1s2d7</sha1>
</revision>
</page>
