<page>
<title>habituaremos</title>
<ns>0</ns>
<id>187741</id>
<revision>
<id>2356811</id>
<parentid>1970918</parentid>
<timestamp>2017-05-03T07:03:31Z</timestamp>
<contributor>
<username>HydrizBot</username>
<id>29590</id>
</contributor>
<minor />
<comment>Robô: A limpar links interwikis antigos</comment>
<model>wikitext</model>
<format>text/x-wiki</format>
<text bytes="176" xml:space="preserve">={{-pt-}}=
==Forma verbal==
'''habituaremos'''
#[[primeira pessoa]] do [[plural]] do [[futuro do presente]] do verbo '''[[habituar]]'''
[[Categoria:Forma verbal (Português)]]</text>
<sha1>cg46kbyts5qvhzfrd4o8fh7g2hh73iw</sha1>
</revision>
</page>
