<page>
<page>
<title>habitadores</title>
<ns>0</ns>
<id>96367</id>
<revision>
<id>2356748</id>
<parentid>1978883</parentid>
<timestamp>2017-05-03T06:35:31Z</timestamp>
<contributor>
<username>HydrizBot</username>
<id>29590</id>
</contributor>
<minor />
<comment>Robô: A limpar links interwikis antigos</comment>
<model>wikitext</model>
<format>text/x-wiki</format>
<text bytes="268" xml:space="preserve">={{-pt-}}=
==Forma de substantivo==
{{paroxítona|ha|bi|ta|do|res}}
# plural de [[habitador]]
==Forma de adjetivo==
{{paroxítona|ha|bi|ta|do|res}}
# plural de [[habitador]]
[[Categoria:Forma de adjetivo (Português)]]
[[Categoria:Forma de substantivo (Português)]]</text>
<sha1>5ejn4hg53lnexsnofz2u9ycn4jcsi6f</sha1>
</revision>
