<page>
<title>habilhar</title>
<ns>0</ns>
<id>442316</id>
<revision>
<id>2669900</id>
<parentid>2669899</parentid>
<timestamp>2022-04-01T18:57:34Z</timestamp>
<contributor>
<username>Cpls</username>
<id>20608</id>
</contributor>
<comment>/* {{etimologia|gl}} */</comment>
<model>wikitext</model>
<format>text/x-wiki</format>
<text bytes="439" xml:space="preserve">={{-gl-}}=
==Verbo==
{{oxítona|ha|bi|lhar|lang=gl}}, {{g|trans|lang=gl}}
# [[ataviar]], enfeitar; [[aprontar]], aviar
===Verbete derivado===
* [[habilhado#{{gl}}|habilhado]]
=={{etimologia|gl}}==
{{llietimo|fr|habiller|gl|ponto=não}} ou do ocitano {{etimo|oc|abilhar}}, da mesma origem que o catalão {{etimo|ca|abillar}}. Confronte-se com o asturiano {{etimo|ast|abellugar}}.
==Homófono==
* [[abilhar]]
[[Categoria:Verbo (Galego)]]</text>
<sha1>dpffjdwwzjgyxfo1zu0bygp7xg2uj8a</sha1>
</revision>
</page>
