<page>
<page>
<title>habituáreis</title>
<ns>0</ns>
<id>181988</id>
<revision>
<id>2356842</id>
<parentid>1152933</parentid>
<timestamp>2017-05-03T07:04:47Z</timestamp>
<contributor>
<username>HydrizBot</username>
<id>29590</id>
</contributor>
<minor />
<comment>Robô: A limpar links interwikis antigos</comment>
<model>wikitext</model>
<format>text/x-wiki</format>
<text bytes="185" xml:space="preserve">={{-pt-}}=
==Forma verbal==
'''habituáreis'''
#[[segunda pessoa]] do [[plural]] do [[pretérito mais-que-perfeito]] do verbo '''[[habituar]]'''
[[Categoria:Forma verbal (Português)]]</text>
<sha1>lz12kw32158nhpgoz280jdtxv8xzzgg</sha1>
</revision>
