<page>
<title>habituáramos</title>
<ns>0</ns>
<id>180274</id>
<revision>
<id>2356841</id>
<parentid>1970926</parentid>
<timestamp>2017-05-03T07:04:45Z</timestamp>
<contributor>
<username>HydrizBot</username>
<id>29590</id>
</contributor>
<minor />
<comment>Robô: A limpar links interwikis antigos</comment>
<model>wikitext</model>
<format>text/x-wiki</format>
<text bytes="187" xml:space="preserve">={{-pt-}}=
==Forma verbal==
'''habituáramos'''
#[[primeira pessoa]] do [[plural]] do [[pretérito mais-que-perfeito]] do verbo '''[[habituar]]'''
[[Categoria:Forma verbal (Português)]]</text>
<sha1>hsalu65is6zstqgz2lqm1ym3smf6f5f</sha1>
</revision>
</page>
