<page>
<page>
<title>habitueis</title>
<ns>0</ns>
<id>217191</id>
<revision>
<id>2356834</id>
<parentid>1152925</parentid>
<timestamp>2017-05-03T07:04:30Z</timestamp>
<contributor>
<username>HydrizBot</username>
<id>29590</id>
</contributor>
<minor />
<comment>Robô: A limpar links interwikis antigos</comment>
<model>wikitext</model>
<format>text/x-wiki</format>
<text bytes="278" xml:space="preserve">={{-pt-}}=
==Forma verbal==
'''habitueis'''
#[[segunda pessoa]] do [[plural]] do [[presente]] do [[modo subjuntivo]] do verbo '''[[habituar]]'''
#[[segunda pessoa]] do [[plural]] do [[imperativo]] [[negativo]] do verbo '''[[habituar]]'''
[[Categoria:Forma verbal (Português)]]</text>
<sha1>recza3nn0u9dbvlecii4k9tppocpx4p</sha1>
</revision>
