<page>
<title>habitualmente</title>
<ns>0</ns>
<id>32190</id>
<revision>
<id>2356799</id>
<parentid>2033570</parentid>
<timestamp>2017-05-03T07:02:57Z</timestamp>
<contributor>
<username>HydrizBot</username>
<id>29590</id>
</contributor>
<minor />
<comment>Robô: A limpar links interwikis antigos</comment>
<model>wikitext</model>
<format>text/x-wiki</format>
<text bytes="575" xml:space="preserve">={{-pt-}}=
==Advérbio==
{{paroxítona|ha|bi|tu|al|men|te}}
# de [[modo]] [[habitual]]
# [[ordinariamente]]
===Tradução===
{{tradini}}
* {{trad|es|habitualmente}}
* {{trad|fi|tavallisesti|säännöllisesti}}
* {{trad|fr|ordinairement}}
* {{trad|el|συνήθως}}
{{tradmeio}}
* {{trad|en|habitually|normally}}
* {{trad|pl|zwykle|przeważnie}}
* {{trad|ru|обычно}}
* {{trad|tet|baibain}}
{{tradfim}}
[[Categoria:Advérbio (Português)]]
={{-es-}}=
==Advérbio==
'''habitualmente'''
# [[habitualmente#Português|habitualmente]]
[[Categoria:Advérbio (Espanhol)]]</text>
<sha1>4i6uapfjsrx80uqmr6jz1vdafjyf7r4</sha1>
</revision>
</page>
