<page>
<title>habituaram</title>
<ns>0</ns>
<id>175854</id>
<revision>
<id>2356805</id>
<parentid>1152897</parentid>
<timestamp>2017-05-03T07:03:18Z</timestamp>
<contributor>
<username>HydrizBot</username>
<id>29590</id>
</contributor>
<minor />
<comment>Robô: A limpar links interwikis antigos</comment>
<model>wikitext</model>
<format>text/x-wiki</format>
<text bytes="197" xml:space="preserve">={{-pt-}}=
==Forma verbal==
'''habituaram'''
#[[terceira pessoa]] do [[plural]] do [[pretérito perfeito]] do [[modo indicativo]] do verbo '''[[habituar]]'''
[[Categoria:Forma verbal (Português)]]</text>
<sha1>ic9tpa7x4bcw4iycutk77m3ew2t0tkd</sha1>
</revision>
</page>
