<page>
<page>
<title>habilidoso</title>
<ns>0</ns>
<id>63916</id>
<revision>
<id>2613556</id>
<parentid>2356734</parentid>
<timestamp>2021-01-31T15:06:14Z</timestamp>
<contributor>
<username>Marxav</username>
<id>73271</id>
</contributor>
<minor />
<comment>AFI Portugal</comment>
<model>wikitext</model>
<format>text/x-wiki</format>
<text bytes="575" xml:space="preserve">={{-pt-}}=
==Adjetivo==
{{flex.pt|habilidoso|habilidosos|habilidosa|habilidosas}}
{{paroxítona|ha|bi|li|do|so}}, {{m}}
# [[que]] [[ou]] [[aquele]] [[que]] [[possui]] [[ou]] [[revelar|revela]] [[habilidade]]
# [[hábil]]
# [[destro]]
#: ''Havia lá bento ou benta, '''habilidoso''' ou benzedeira para que não tivesse apelado!''   Manuel Ribeiro - A PLANÍCIE HERÓICA
===Tradução===
{{tradini}}
*{{trad|nl|bedreven}}
{{tradmeio}}
*{{trad|en|skilled}}
{{tradfim}}
=={{pronúncia|pt}}==
===Portugal===
* AFI: {{AFI|/ɐ.bi.li.ˈdo.zu/}}
[[Categoria:Adjetivo (Português)]]</text>
<sha1>osk52lhnwrqaf9owz5tqy1ak07cgihz</sha1>
</revision>
