<page>
<page>
<title>habitávamos</title>
<ns>0</ns>
<id>163275</id>
<revision>
<id>2356854</id>
<parentid>2204095</parentid>
<timestamp>2017-05-03T07:05:19Z</timestamp>
<contributor>
<username>HydrizBot</username>
<id>29590</id>
</contributor>
<minor />
<comment>Robô: A limpar links interwikis antigos</comment>
<model>wikitext</model>
<format>text/x-wiki</format>
<text bytes="200" xml:space="preserve">={{-pt-}}=
==Forma verbal==
'''habitávamos'''
#[[primeira pessoa]] do [[plural]] do [[pretérito imperfeito]] do [[modo indicativo]] do verbo '''[[habitar]]'''
[[Categoria:Forma verbal (Português)]]</text>
<sha1>scbtjna1nw1rs0gxrkdb622i4ky322l</sha1>
</revision>
