<page>
<title>habituasses</title>
<ns>0</ns>
<id>197151</id>
<revision>
<id>2356825</id>
<parentid>1970913</parentid>
<timestamp>2017-05-03T07:04:01Z</timestamp>
<contributor>
<username>HydrizBot</username>
<id>29590</id>
</contributor>
<minor />
<comment>Robô: A limpar links interwikis antigos</comment>
<model>wikitext</model>
<format>text/x-wiki</format>
<text bytes="202" xml:space="preserve">={{-pt-}}=
==Forma verbal==
'''habituasses'''
#[[segunda pessoa]] do [[singular]] do [[pretérito imperfeito]] do [[modo subjuntivo]] do verbo '''[[habituar]]'''
[[Categoria:Forma verbal (Português)]]</text>
<sha1>o1oqk2exektdhsxmfgsst9j6rupeind</sha1>
</revision>
</page>
