<page>
<title>habitanto</title>
<ns>0</ns>
<id>65207</id>
<revision>
<id>2356756</id>
<parentid>2064616</parentid>
<timestamp>2017-05-03T06:36:04Z</timestamp>
<contributor>
<username>HydrizBot</username>
<id>29590</id>
</contributor>
<minor />
<comment>Robô: A limpar links interwikis antigos</comment>
<model>wikitext</model>
<format>text/x-wiki</format>
<text bytes="402" xml:space="preserve">={{-io-}}=
== Substantivo ==
'''habitanto'''
# [[habitante]]
===Declinação===
{{decl.io.subst|radical=habitant}}
=={{etimologia|io}}==
: Do verbo ''[[habitar#Ido|habitar]]'', em partes: ''[[habit]][[-ant|.ant]][[-o|.o]]''.
== Ver também ==
=== No Wikcionário ===
{{verTambém.Ini}}
* {{verLigações|habitar}}
* [[habitantino]]
* [[habitantulo]]
{{verTambém.Fim}}
[[Categoria:Substantivo (Ido)]]</text>
<sha1>n74i3g79ilg6rawdbhjx5iry9osmnvk</sha1>
</revision>
</page>
