<page>
<title>habituarmos</title>
<ns>0</ns>
<id>208634</id>
<revision>
<id>2356816</id>
<parentid>1152908</parentid>
<timestamp>2017-05-03T07:03:41Z</timestamp>
<contributor>
<username>HydrizBot</username>
<id>29590</id>
</contributor>
<minor />
<comment>Robô: A limpar links interwikis antigos</comment>
<model>wikitext</model>
<format>text/x-wiki</format>
<text bytes="275" xml:space="preserve">={{-pt-}}=
==Forma verbal==
'''habituarmos'''
#[[primeira pessoa]] do [[plural]] do [[futuro]] do [[modo subjuntivo]] do verbo '''[[habituar]]'''
#[[infinitivo pessoal]] da [[primeira pessoa]] do [[plural]] do verbo '''[[habituar]]'''
[[Categoria:Forma verbal (Português)]]</text>
<sha1>t45xq5raw2ng7e24q251n7bj7powxy6</sha1>
</revision>
</page>
