<page>
<title>habilitámos</title>
<ns>0</ns>
<id>308682</id>
<revision>
<id>2253192</id>
<parentid>1634867</parentid>
<timestamp>2017-03-15T17:11:28Z</timestamp>
<contributor>
<username>Defender</username>
<id>15952</id>
</contributor>
<comment>Trocando predefinição escopo por escopo2</comment>
<model>wikitext</model>
<format>text/x-wiki</format>
<text bytes="294" xml:space="preserve">={{-pt-}}=
==Forma verbal==
{{paroxítona|ha|bi|li|tá|mos}}
#{{escopo2|grafia lusitana}} [[primeira pessoa]] do [[plural]] do [[pretérito perfeito]] do [[modo indicativo]] do verbo '''[[habilitar]]'''
{{avi-for-fle|habilitar}}
[[Categoria:Forma verbal (Português)]]
[[Categoria:Lusitanismo]]</text>
<sha1>hpm6pvz23aikjajcwfgy0suvjbvhty9</sha1>
</revision>
</page>
