<page>
<page>
<title>habituassem</title>
<ns>0</ns>
<id>202821</id>
<revision>
<id>2356824</id>
<parentid>1152916</parentid>
<timestamp>2017-05-03T07:03:58Z</timestamp>
<contributor>
<username>HydrizBot</username>
<id>29590</id>
</contributor>
<minor />
<comment>Robô: A limpar links interwikis antigos</comment>
<model>wikitext</model>
<format>text/x-wiki</format>
<text bytes="201" xml:space="preserve">={{-pt-}}=
==Forma verbal==
'''habituassem'''
#[[terceira pessoa]] do [[plural]] do [[pretérito imperfeito]] do [[modo subjuntivo]] do verbo '''[[habituar]]'''
[[Categoria:Forma verbal (Português)]]</text>
<sha1>hkthh56y45m446kq6dqakqxby835jhq</sha1>
</revision>
