<page>
<title>habitaria</title>
<ns>0</ns>
<id>192054</id>
<revision>
<id>2356767</id>
<parentid>2204089</parentid>
<timestamp>2017-05-03T06:36:40Z</timestamp>
<contributor>
<username>HydrizBot</username>
<id>29590</id>
</contributor>
<minor />
<comment>Robô: A limpar links interwikis antigos</comment>
<model>wikitext</model>
<format>text/x-wiki</format>
<text bytes="207" xml:space="preserve">={{-pt-}}=
==Forma verbal==
'''habitaria'''
#[[primeira pessoa|primeira]] e [[terceira pessoa]] do [[singular]] do [[futuro do pretérito]] do verbo '''[[habitar]]'''
[[Categoria:Forma verbal (Português)]]</text>
<sha1>kewa489jlphyeph48wxar0t8rediufn</sha1>
</revision>
</page>
