<page>
<page>
<title>habituarem</title>
<ns>0</ns>
<id>211439</id>
<revision>
<id>2356810</id>
<parentid>2126516</parentid>
<timestamp>2017-05-03T07:03:29Z</timestamp>
<contributor>
<username>HydrizBot</username>
<id>29590</id>
</contributor>
<minor />
<comment>Robô: A limpar links interwikis antigos</comment>
<model>wikitext</model>
<format>text/x-wiki</format>
<text bytes="274" xml:space="preserve">={{-pt-}}=
==Forma verbal==
'''habituarem'''
#[[terceira pessoa]] do [[plural]] do [[futuro]] do [[modo subjuntivo]] do verbo '''[[habituar]]'''
#[[infinitivo pessoal]] da [[terceira pessoa]] do [[plural]] do verbo '''[[habituar]]'''
[[Categoria:Forma verbal (Português)]]</text>
<sha1>0x7xs7cmcpnu9gr8qx8i5kcwsn1iwvi</sha1>
</revision>
