<page>
<title>habitáculo</title>
<ns>0</ns>
<id>63918</id>
<revision>
<id>2610087</id>
<parentid>2356848</parentid>
<timestamp>2021-01-30T19:53:32Z</timestamp>
<contributor>
<username>Marxav</username>
<id>73271</id>
</contributor>
<minor />
<comment>AFI Portugal</comment>
<model>wikitext</model>
<format>text/x-wiki</format>
<text bytes="409" xml:space="preserve">={{-pt-}}=
==Substantivo==
'''habitáculo''' {{m}}
# [[pequena]] [[habitação]]
# [[cubículo]]
::* ''Começou esse trabalho de traça, que consistia em aniquilar a pessoa de Walter, entrando dentro do seu '''habitáculo''' devagar, como uma espia. ''  Lídia Jorge - O VALE DA PAIXÃO : ROMANCE
=={{pronúncia|pt}}==
===Portugal===
* AFI: {{AFI|/ɐ.bi.ˈta.ku.lu/}}
[[Categoria:Substantivo (Português)]]</text>
<sha1>9mp5br8ic9ksx4nzuxhpjw1noc1iabv</sha1>
</revision>
</page>
