<page>
<page>
<title>habituarás</title>
<ns>0</ns>
<id>185010</id>
<revision>
<id>2356818</id>
<parentid>1970915</parentid>
<timestamp>2017-05-03T07:03:45Z</timestamp>
<contributor>
<username>HydrizBot</username>
<id>29590</id>
</contributor>
<minor />
<comment>Robô: A limpar links interwikis antigos</comment>
<model>wikitext</model>
<format>text/x-wiki</format>
<text bytes="176" xml:space="preserve">={{-pt-}}=
==Forma verbal==
'''habituarás'''
#[[segunda pessoa]] do [[singular]] do [[futuro do presente]] do verbo '''[[habituar]]'''
[[Categoria:Forma verbal (Português)]]</text>
<sha1>bk0rzdqlj27fxt0bnemy8rf1jrjlx2p</sha1>
</revision>
