<page>
<title>habituei</title>
<ns>0</ns>
<id>170405</id>
<revision>
<id>2356833</id>
<parentid>1152924</parentid>
<timestamp>2017-05-03T07:04:28Z</timestamp>
<contributor>
<username>HydrizBot</username>
<id>29590</id>
</contributor>
<minor />
<comment>Robô: A limpar links interwikis antigos</comment>
<model>wikitext</model>
<format>text/x-wiki</format>
<text bytes="197" xml:space="preserve">={{-pt-}}=
==Forma verbal==
'''habituei'''
#[[primeira pessoa]] do [[singular]] do [[pretérito perfeito]] do [[modo indicativo]] do verbo '''[[habituar]]'''
[[Categoria:Forma verbal (Português)]]</text>
<sha1>dzzj3zpfqb284oce65fidb6ia0l1hzc</sha1>
</revision>
</page>
