<page>
<title>habitado</title>
<ns>0</ns>
<id>351867</id>
<revision>
<id>2356746</id>
<parentid>2261193</parentid>
<timestamp>2017-05-03T06:35:28Z</timestamp>
<contributor>
<username>HydrizBot</username>
<id>29590</id>
</contributor>
<minor />
<comment>Robô: A limpar links interwikis antigos</comment>
<model>wikitext</model>
<format>text/x-wiki</format>
<text bytes="488" xml:space="preserve">={{-pt-}}=
==Adjetivo==
{{flex.pt|ms=habitado|mp=habitados|fs=habitada|fp=habitadas}}
{{paroxítona|ha|bi|ta|do}}
# algo ou alguém que se habitou ou que se habita
# que possui habitantes
#*''O apartamento já foi '''habitado'''.''
===Sinônimos===
{{colunas|2}}
*[[ocupado]]
*[[povoado]]
{{colunas.fim}}
===Antônimos===
{{colunas|2}}
*[[desabitado]]
*[[despovoado]]
{{colunas.fim}}
=={{etimologia|pt}}==
:Particípio passado do verbo [[habitar]].
[[Categoria:Adjetivo (Português)]]</text>
<sha1>egy7837cxvq473qkgz5l9r2zlg8pfh5</sha1>
</revision>
</page>
