<page>
<page>
<title>habituares</title>
<ns>0</ns>
<id>207151</id>
<revision>
<id>2356812</id>
<parentid>1970917</parentid>
<timestamp>2017-05-03T07:03:33Z</timestamp>
<contributor>
<username>HydrizBot</username>
<id>29590</id>
</contributor>
<minor />
<comment>Robô: A limpar links interwikis antigos</comment>
<model>wikitext</model>
<format>text/x-wiki</format>
<text bytes="276" xml:space="preserve">={{-pt-}}=
==Forma verbal==
'''habituares'''
#[[segunda pessoa]] do [[singular]] do [[futuro]] do [[modo subjuntivo]] do verbo '''[[habituar]]'''
#[[infinitivo pessoal]] da [[segunda pessoa]] do [[singular]] do verbo '''[[habituar]]'''
[[Categoria:Forma verbal (Português)]]</text>
<sha1>3qisl0h1kmh8e7gzkgo8pas3xhjc7ui</sha1>
</revision>
