<page>
<page>
<title>habilmente</title>
<ns>0</ns>
<id>64560</id>
<revision>
<id>2615839</id>
<parentid>2356741</parentid>
<timestamp>2021-01-31T23:23:20Z</timestamp>
<contributor>
<username>MarxavBot</username>
<id>80155</id>
</contributor>
<minor />
<comment>AFI Portugal</comment>
<model>wikitext</model>
<format>text/x-wiki</format>
<text bytes="620" xml:space="preserve">={{-pt-}}=
==Advérbio==
{{paroxítona|ha|bil|men|te}}
# [[com]] [[habilidade]]
#* ''Mas como nenhuma destas circunstâncias objectáveis concorria nele, Alípio não hesitou, e, '''habilmente''', deixou ver ao padre Augusto que ali, do outro lado do tabique, existia um bacharel com todas as qualidades de saúde, de fé, de moral e de disciplina que D. Laura exigia do futuro marido de sua...  '' Eça de Queiroz - O CONDE D'ABRANHOS
===Tradução===
{{tradini}}
* {{trad|en|ably}}
{{tradmeio}}
{{tradfim}}
=={{pronúncia|pt}}==
===Portugal===
* AFI: {{AFI|/a.biɫ.ˈmẽ.tɨ/}}
[[Categoria:Advérbio (Português)]]</text>
<sha1>l7gdkdoa8p393lbzzqbbyv0jceg1zrs</sha1>
</revision>
