<page>
<page>
<title>habituaras</title>
<ns>0</ns>
<id>178792</id>
<revision>
<id>2356806</id>
<parentid>1970920</parentid>
<timestamp>2017-05-03T07:03:20Z</timestamp>
<contributor>
<username>HydrizBot</username>
<id>29590</id>
</contributor>
<minor />
<comment>Robô: A limpar links interwikis antigos</comment>
<model>wikitext</model>
<format>text/x-wiki</format>
<text bytes="185" xml:space="preserve">={{-pt-}}=
==Forma verbal==
'''habituaras'''
#[[segunda pessoa]] do [[singular]] do [[pretérito mais-que-perfeito]] do verbo '''[[habituar]]'''
[[Categoria:Forma verbal (Português)]]</text>
<sha1>dj2j6yhcbk1iyxqv0cpwvkb5b1gssrr</sha1>
</revision>
