<page>
<title>habilitando</title>
<ns>0</ns>
<id>64558</id>
<revision>
<id>2356736</id>
<parentid>2017738</parentid>
<timestamp>2017-05-03T06:34:54Z</timestamp>
<contributor>
<username>HydrizBot</username>
<id>29590</id>
</contributor>
<minor />
<comment>Robô: A limpar links interwikis antigos</comment>
<model>wikitext</model>
<format>text/x-wiki</format>
<text bytes="707" xml:space="preserve">{{ver também|habilitanço}}
={{-pt-}}=
==Adjetivo==
{{flex.pt|ms=habilitando|mp=habilitandos|fs=habilitanda|fp=habilitandas}}
{{paroxítona|ha|bi|li|tan|do}}
# que tem de [[habilitar]]-se (em [[juízo]])
#* ''Que ele, o '''habilitando''', tem sempre dado aos seus escravos o sustento e o vestuário necessários, e o tempo indispensável para dormir em cada noite, ao menos seis horas seguidas, e que sempre os tem feito curar e tratar nas suas enfermidades...  '' J. J. da Cunha Azeredo Coutinho - OBRAS ECONÔMICAS
==Forma verbal==
{{paroxítona|ha|bi|li|tan|do}}
# gerúndio do verbo [[habilitar]]
{{avi-for-fle|habilitar}}
[[Categoria:Adjetivo (Português)]]
[[Categoria:Forma verbal (Português)]]</text>
<sha1>cgj3d0hk75tdxbdr7ibef4gte2et91s</sha1>
</revision>
</page>
