<page>
<page>
<title>habituai</title>
<ns>0</ns>
<id>220092</id>
<revision>
<id>2356796</id>
<parentid>1771590</parentid>
<timestamp>2017-05-03T07:02:46Z</timestamp>
<contributor>
<username>HydrizBot</username>
<id>29590</id>
</contributor>
<minor />
<comment>Robô: A limpar links interwikis antigos</comment>
<model>wikitext</model>
<format>text/x-wiki</format>
<text bytes="178" xml:space="preserve">={{-pt-}}=
==Forma verbal==
'''habituai'''
#[[segunda pessoa]] do [[plural]] do [[imperativo]] [[afirmativo]] do verbo '''[[habituar]]'''
[[Categoria:Forma verbal (Português)]]</text>
<sha1>142oive28wlo5rdvoox4dyjxj1d0lsm</sha1>
</revision>
