<page>
<page>
<title>habita</title>
<ns>0</ns>
<id>96016</id>
<revision>
<id>2356743</id>
<parentid>2150912</parentid>
<timestamp>2017-05-03T06:35:19Z</timestamp>
<contributor>
<username>HydrizBot</username>
<id>29590</id>
</contributor>
<minor />
<comment>Robô: A limpar links interwikis antigos</comment>
<model>wikitext</model>
<format>text/x-wiki</format>
<text bytes="236" xml:space="preserve">={{-pt-}}=
== Forma verbal ==
{{paroxítona|ha|bi|ta}}
# terceira pessoa do singular do presente do indicativo do verbo [[habitar]]
# segunda pessoa do singular do imperativo do verbo [[habitar]]
[[Categoria: Forma verbal (Português)]]</text>
<sha1>ggx9smpouw8y1kmnbo6xe1utnva1q11</sha1>
</revision>
