<page>
<page>
<title>habitareis</title>
<ns>0</ns>
<id>189391</id>
<revision>
<id>2356763</id>
<parentid>2204048</parentid>
<timestamp>2017-05-03T06:36:29Z</timestamp>
<contributor>
<username>HydrizBot</username>
<id>29590</id>
</contributor>
<minor />
<comment>Robô: A limpar links interwikis antigos</comment>
<model>wikitext</model>
<format>text/x-wiki</format>
<text bytes="172" xml:space="preserve">={{-pt-}}=
==Forma verbal==
'''habitareis'''
#[[segunda pessoa]] do [[plural]] do [[futuro do presente]] do verbo '''[[habitar]]'''
[[Categoria:Forma verbal (Português)]]</text>
<sha1>67eqmbbi2h81jxu95mcp1ezxjohsr16</sha1>
</revision>
