<page>
<page>
<title>habitar</title>
<ns>0</ns>
<id>32038</id>
<revision>
<id>2564272</id>
<parentid>2356757</parentid>
<timestamp>2019-12-02T09:48:46Z</timestamp>
<contributor>
<username>ValJor</username>
<id>1358</id>
</contributor>
<comment>Verbete [[:Categoria:!Página com idioma não informado em Predefinição:etimologia|sem indicação do idioma na seção de etimologia]]</comment>
<model>wikitext</model>
<format>text/x-wiki</format>
<text bytes="2278" xml:space="preserve">={{-pt-}}=
==Verbo==
{{oxítona|ha|bi|tar}}, {{gramática|vt}}
# [[morar]]
# [[residir]] ou [[viver]] em
# [[ocupar]]
{{oxítona|ha|bi|tar}}, {{gramática|vi}}
# {{cont|4}} [[estar]] domiciliado
# [[residir]]
#* ''Barg fora fundada por um semideus cansado de '''habitar''' no Paraíso.'' João Aguiar - O HOMEM SEM NOME
===Conjugação===
{{conj/pt|habit|ar}}
===Tradução===
{{tradini}}
* {{trad|sq|banoj|jetoj në}}
* {{trad|de|wohnen}}
* {{trad|ar|سكن}}
* {{trad|arn|mùlen}}
* {{trad|eu|bizi izan}}
* {{trad|ca|habitar|residir|viure}}
* {{trad|cs|bydlet}}
* {{trad|zh|居住}}
* {{trad|hr|stanovati}}
* {{trad|da|bo}}
* {{trad|sk|bývať}}
* {{trad|sl|stanovati|bivati|prebivati}}
* {{trad|es|vivir|habitar|morar}}
* {{trad|eo|enloĝi|loĝi en}}
* {{trad|et|elama}}
* {{trad|fi|asua}}
* {{trad|fr|habiter|demeurer|hanter}}
* {{trad|fur|vivi|stâ (di cjase)}}
* {{trad|gl|residir|morar}}
* {{trad|el|κατοικώ}}
* {{trad|gn|ko}}
* {{trad|gu|રહેવું}}
* {{trad|hi|रहना}}
* {{trad|nl|wonen}}
* {{trad|hu|lakik}}
{{tradmeio}}
* {{trad|id|tinggal}}
* {{trad|en|live}}
* {{trad|ga|cónaigh}}
* {{trad|it|abitare}}
* {{trad|ja|住む}}
* {{trad|la|habitare|colere|incolere}}
* {{trad|lv|dzivot}}
* {{trad|lb|wunnen}}
* {{trad|mr|राहाणें}}
* {{trad|mas|emanyata}}
* {{trad|no|bo}}
* {{trad|pms|sté}}
* {{trad|pl|mieszkać}}
* {{trad|pa|ਰਹਿ}}
* {{trad|ro|a locui}}
* {{trad|ru|жить}}
* {{trad|sa|वस्}}
* {{trad|sro|abitai}}
* {{trad|sr|боравити|становати|пребивати}}
* {{trad|scn|stari}}
* {{trad|sv|bo}}
* {{trad|tr|yaşamak|ikamet etmek}}
* {{trad|uk|мешкати|жити}}
* {{trad|val|residit}}
{{tradfim}}
=={{etimologia|pt}}==
{{llietimo|la|habitare|pt}}
==Ver também==
===No Wikcionário===
{{verTambém.Ini}}
* [[habitação]]
* [[habitáculo]]
* [[habitador]]
{{verTambém.NovaColuna}}
* [[habitante]]
* [[habitável]]
{{verTambém.Fim}}
==Ligações externas==
* {{Aulete}}
* {{Michaelis}}
* {{DPLP}}
* {{Infopédia}}
* {{PLP}}
* {{VOLPABL}}
[[Categoria:Verbo (Português)]]
={{-ca-}}=
==Verbo==
'''habitar'''
# [[habitar#Português|habitar]]
[[Categoria:Verbo (Catalão)]]
={{-es-}}=
==Verbo==
'''habitar'''
# [[habitar#Português|habitar]]
[[Categoria:Verbo (Espanhol)]]</text>
<sha1>js1fmptzhmqczvm4w3rzjekvuzfzs1h</sha1>
</revision>
