<page>
<title>habitação</title>
<ns>0</ns>
<id>54843</id>
<revision>
<id>2620940</id>
<parentid>2356786</parentid>
<timestamp>2021-02-01T23:00:05Z</timestamp>
<contributor>
<username>MarxavBot</username>
<id>80155</id>
</contributor>
<minor />
<comment>AFI Portugal</comment>
<model>wikitext</model>
<format>text/x-wiki</format>
<text bytes="4887" xml:space="preserve">{{Wikipédia}}
={{-pt-}}=
==Substantivo==
{{flex.pt|fs=habitação|fp=habitações}}
{{oxítona|ha|bi|ta|ção}} {{+info|data=século XV}}
# [[lugar]] [[ou]] [[casa]] [[onde]] [[se]] [[habita]]
# [[moradia]]
# [[domicílio]]
#* ''Dera-lhe por '''habitação''' uma casa de madeira e zinco, à beira de um caminho lamacento. ''  Júlio Dantas - &quot;Abelhas doiradas&quot;
===Tradução===
{{tradini}}
* {{trad|es|habitación}}
* {{trad|fi|asumus}}
* {{trad|fr|habitation}}
{{tradmeio}}
* {{trad|pl|mieszkanie}}
* [[talian|Talian]]: [[abitassion]]
{{tradfim}}
=={{etimologia|pt}}==
: Do latim ''habitātiō, -ōnis''.
=={{pronúncia|pt}}==
===Portugal===
* AFI: {{AFI|/ɐ.bi.tɐ.ˈsɐ̃w̃/}}
==Ver também==
===No Wikcionário===
====Substantivos====
Tipos:
{{verTambém.Ini}}
* [[apartamento]]
* [[bangalô]]
* [[barraca]]
* [[barraco]]
* [[cabana]]
* [[casa]]
* [[casarão]]
* [[casbá]]
{{verTambém.NovaColuna}}
* [[casebre]]
* [[caserna]]
* [[castelo]]
* [[chalé]]
* [[choupana]]
* [[cobertura]]
* [[condomínio]]
* [[cortiço]]
{{verTambém.NovaColuna}}
* [[dúplex]]
* [[escritório]]
* [[favela]]
* [[harém]]
* [[iglu]]
* [[maloca]]
* [[mansão]]
* [[morada]]
{{verTambém.NovaColuna}}
* [[moradia]]
* [[oca]]
* [[paço]]
* [[palacete]]
* [[palácio]]
* [[palafita]]
* [[quarto-e-sala]]
* [[quinta]]
{{verTambém.NovaColuna}}
* [[ancho]]
* [[residência]]
* [[senzala]]
* [[solar]]
* [[suíte]]
* [[tapera]]
* [[tenda]]
* [[tríplex]]
{{verTambém.Fim}}
Partes:
{{verTambém.Ini}}
* [[adega]]
* [[alcova]]
* [[antecâmara]]
* [[ante-sala]]
* [[aposento]]
* [[área]]
* [[átrio]]
{{verTambém.NovaColuna}}
* [[banheiro]]
* [[câmara]]
* [[cavalariça]]
* [[cave]]
* [[compartimento]]
* [[copa]]
* [[copa-cozinha]]
{{verTambém.NovaColuna}}
* [[corredor]]
* [[cozinha]]
* [[cubículo]]
* [[dependência]]
* [[despensa]]
* [[dormitório]]
* [[gabinete]]
{{verTambém.NovaColuna}}
* [[living]]
* [[porão]]
* [[quarto]]
* [[quintal]]
* [[rés-do-chão]]
* [[sala]]
{{verTambém.NovaColuna}}
* [[salão]]
* [[saleta]]
* [[solário]]
* [[sótão]]
* [[vestíbulo]]
* [[vestiário]]
{{verTambém.Fim}}
Equipamentos:
{{verTambém.Ini}}
* [[assoalho]]
* [[azulejo]]
* [[bidê]]
* [[boxe]]
* [[caibro]]
* [[caixa-d'água]]
* [[caixilho]]
* [[calha]]
* [[campainha]]
* [[carpete]]
* [[chuveiro]]
* [[coluna]]
* [[corrediça]]
{{verTambém.NovaColuna}}
* [[corrimão]]
* [[cortina]]
* [[degrau]]
* [[descarga]]
* [[divisória]]
* [[dobradiça]]
* [[ducha]]
* [[ferrolho]]
* [[janela]]
* [[ladrilho]]
* [[lareira]]
* [[latrina]]
{{verTambém.NovaColuna}}
* [[lavabo]]
* [[lavatório]]
* [[lingüeta]]
* [[maçaneta]]
* [[manilha]]
* [[marquise]]
* [[mobília]]
* [[mosquiteiro]]
* [[panô]]
* [[pastilha]]
* [[persiana]]
* [[pia]]
{{verTambém.NovaColuna}}
* [[piso]]
* [[porta]]
* [[porta-guardanapos]]
* [[portão]]
* [[porta-toalhas]]
* [[privada]]
* [[retrete]]
* [[rodapé]]
* [[sanitário]]
* [[ralo]]
* [[sifão]]
* [[sinteco]]
{{verTambém.NovaColuna}}
* [[soalho]]
* [[soleira]]
* [[taco]]
* [[tapeçaria]]
* [[tapete]]
* [[tatame]]
* [[toalheiro]]
* [[toldo]]
* [[treliça]]
* [[vaso]]
* [[veneziana]]
* [[vidraça]]
{{verTambém.Fim}}
Miscelâneo:
{{verTambém.Ini}}
* [[acomodação]]
* [[azulejador]]
* [[azulejista]]
* [[cal]]
* [[calafetagem]]
{{verTambém.NovaColuna}}
* [[casario]]
* [[chave]]
* [[concreto]]
* [[condomino]]
* [[despejo]]
{{verTambém.NovaColuna}}
* [[destelhamento]]
* [[habitáculo]]
* [[habitante]]
* [[imobiliária]]
* [[inquilino]]
{{verTambém.NovaColuna}}
* [[lar]]
* [[limiar]]
* [[morador]]
* [[morro]]
* [[mutuário]]
{{verTambém.NovaColuna}}
* [[ninho]]
* [[quadra]]
* [[quarteirão]]
* [[vila]]
* [[vilarejo]]
{{verTambém.Fim}}
====Verbos====
{{verTambém.Ini}}
* [[acarpetar]]
* [[azulejar]]
* [[calafetar]]
* [[colmar]]
{{verTambém.NovaColuna}}
* [[cortinar]]
* [[desmobilhar]]
* [[despejar]]
{{verTambém.NovaColuna}}
* [[destelhar]]
* [[embutir]]
* [[habitar]]
{{verTambém.NovaColuna}}
* [[ladrilhar]]
* [[morar]]
* [[residir]]
{{verTambém.Fim}}
====Adjetivos====
{{verTambém.Ini}}
* [[acarpetado]]
* [[calafetado]]
* [[corrediço]]
* [[desocupado]]
{{verTambém.NovaColuna}}
* [[despejado]]
* [[destelhado]]
* [[doméstico]]
* [[domiciliar]]
{{verTambém.NovaColuna}}
* [[embutido]]
* [[espaçoso]]
* [[habitacional]]
* [[habitável]]
{{verTambém.NovaColuna}}
* [[imobiliário]]
* [[palaciano]]
* [[palafítico]]
{{verTambém.NovaColuna}}
* [[residencial]]
* [[residente]]
* [[unifamiliar]]
{{verTambém.Fim}}
====Expressões====
{{verTambém.Ini}}
* [[aquecimento central]]
* [[área de serviço]]
* [[área útil]]
* [[armário embutido]]
{{verTambém.NovaColuna}}
* [[caixa de descarga]]
* [[condomínio fechado]]
* [[denúncia vazia]]
* [[escada em caracol]]
{{verTambém.NovaColuna}}
* [[louça sanitária]]
* [[papel de parede]]
* [[sala de estar]]
* [[vaso sanitário]]
{{verTambém.Fim}}
[[Categoria:Substantivo (Português)]]</text>
<sha1>bxqb12i5w84crbrgx6v0ldis762jpei</sha1>
</revision>
</page>
