<page>
<page>
<title>habituas</title>
<ns>0</ns>
<id>154415</id>
<revision>
<id>2356822</id>
<parentid>1771614</parentid>
<timestamp>2017-05-03T07:03:54Z</timestamp>
<contributor>
<username>HydrizBot</username>
<id>29590</id>
</contributor>
<minor />
<comment>Robô: A limpar links interwikis antigos</comment>
<model>wikitext</model>
<format>text/x-wiki</format>
<text bytes="182" xml:space="preserve">={{-pt-}}=
==Forma verbal==
'''habituas'''
#[[segunda]] [[pessoa]] do [[singular]] do [[presente]] [[indicativo]] do verbo '''[[habituar]]'''
[[Categoria:Forma verbal (Português)]]</text>
<sha1>mg2easlydgvv892f3m9nlp83vy2lo8i</sha1>
</revision>
