<page>
<title>habitualidade</title>
<ns>0</ns>
<id>251726</id>
<revision>
<id>2454674</id>
<parentid>2064614</parentid>
<timestamp>2017-10-13T00:56:11Z</timestamp>
<contributor>
<username>ValJor</username>
<id>1358</id>
</contributor>
<comment>Melhorando a apresentação do verbete usando a [[:predefinição:cria-entrada]]</comment>
<model>wikitext</model>
<format>text/x-wiki</format>
<text bytes="427" xml:space="preserve">={{-pt-}}=
==Substantivo==
{{flex.pt|fs=habitualidade|fp=habitualidades}}
{{paroxítona|ha|bi|tu|a|li|da|de}}, {{gramática|f}}
# [[qualidade]] ou [[característica]] do que é [[habitual]]; [[habitualismo]]
=={{etimologia|pt}}==
: {{escopo|Morfologia}} [[habitual]] + [[-idade]].
==Ligações externas==
* {{Aulete}}
* {{DPLP}}
* {{Infopédia}}
* {{Michaelis}}
* {{PLP}}
* {{VOLPABL}}
[[Categoria:Substantivo (Português)]]</text>
<sha1>9us5grhinb3i6xahk84j4a4cyqhnjpv</sha1>
</revision>
</page>
