<page>
<title>habilhado</title>
<ns>0</ns>
<id>442319</id>
<revision>
<id>2669902</id>
<timestamp>2022-04-01T19:05:22Z</timestamp>
<contributor>
<username>Cpls</username>
<id>20608</id>
</contributor>
<comment>[[Ajuda:Guia de edição/Menus e ferramentas/Sumário de edição|→]] nova página: ={{-gl-}}= {{ga-in}} ==Adjetivo== {{flex.gl|ms=habilhado|mp=habilhados|fs=habilhada|fp=habilhadas}} {{paroxítona|ha|bi|lha|do|lang=gl}} # {{escopo|gl|Arcaico}} ataviado, enfeitado, [[vestido]]  =={{etimologia|gl}}== : Do particípio de ''[[habilhar#{{gl}}|habilhar]]''.  ==Homófono== * [[abilhado]]  [[Categoria:Adjetivo (Galego)]]</comment>
<model>wikitext</model>
<format>text/x-wiki</format>
<text bytes="333" xml:space="preserve">={{-gl-}}=
{{ga-in}}
==Adjetivo==
{{flex.gl|ms=habilhado|mp=habilhados|fs=habilhada|fp=habilhadas}}
{{paroxítona|ha|bi|lha|do|lang=gl}}
# {{escopo|gl|Arcaico}} ataviado, enfeitado, [[vestido]]
=={{etimologia|gl}}==
: Do particípio de ''[[habilhar#{{gl}}|habilhar]]''.
==Homófono==
* [[abilhado]]
[[Categoria:Adjetivo (Galego)]]</text>
<sha1>pzhmecw9fb6jj6rchq1ir9yunmmgv3x</sha1>
</revision>
</page>
