<page>
<title>habitarão</title>
<ns>0</ns>
<id>190753</id>
<revision>
<id>2356773</id>
<parentid>2204083</parentid>
<timestamp>2017-05-03T07:00:56Z</timestamp>
<contributor>
<username>HydrizBot</username>
<id>29590</id>
</contributor>
<minor />
<comment>Robô: A limpar links interwikis antigos</comment>
<model>wikitext</model>
<format>text/x-wiki</format>
<text bytes="173" xml:space="preserve">={{-pt-}}=
==Forma verbal==
'''habitarão'''
#[[terceira pessoa]] do [[plural]] do [[futuro do presente]] do verbo '''[[habitar]]'''
[[Categoria:Forma verbal (Português)]]</text>
<sha1>2l0ma2babeyhiqrg0drc9rawxagp9xk</sha1>
</revision>
</page>
