<page>
<page>
<title>habilidade</title>
<ns>0</ns>
<id>34370</id>
<revision>
<id>2620247</id>
<parentid>2356733</parentid>
<timestamp>2021-02-01T21:04:40Z</timestamp>
<contributor>
<username>MarxavBot</username>
<id>80155</id>
</contributor>
<minor />
<comment>AFI Portugal</comment>
<model>wikitext</model>
<format>text/x-wiki</format>
<text bytes="1570" xml:space="preserve">={{-pt-}}=
==Substantivo==
{{flex.pt|fs=habilidade|fp=habilidades}}
{{paroxítona|ha|bi|li|da|de}}
# [[qualidade]] de quem é [[hábil]]
# [[aptidão]]
# [[capacidade]]; [[competência]]
# [[inteligência]]
# [[engenho]]
# {{escopo|Plural}} [[exercício]]s [[ginástico]]s de [[agilidade]] e [[destreza]]
# {{escopo|Plural}} [[truque]]s de [[prestidigitação]]
# {{escopo|Plural}} [[palhaçada]]s
# {{escopo|Plural}} [[momice]]s
#* ''Com efeito, as fauces do cão de fila abriram-se, e durante uma hora ladrou a injúria; e como ele tinha (meu Deus, sejamos justos com todo o mundo) uma certa '''habilidade''' de prosa, uma experiência astuta da perfídia parlamentar, não o fez claramente, o que lhe atrairia sobre o dorso as severidades do Regulamento. Não pronunciou o nome de Alípio. Falou apenas do traidor, do apóstata, e...''  Eça de Queiroz - O CONDE D'ABRANHOS
===Tradução===
{{tradini}}
* {{trad|de|Fähigkeit|Können}}
* {{trad|es|habilidad}}
* {{trad|fi|kyky}}
* {{trad|fr|abilité|pouvoir}}
* {{trad|en|ability}}
* {{trad|is|kunnátta}}
{{tradmeio}}
* {{trad|it|abilità}}
* {{trad|no|evne}}
* {{trad|pap|abilidat}}
* {{trad|ru|возможность|способность}}
* {{trad|sv|förmåga|makt}}
{{tradfim}}
=={{etimologia|pt}}==
: Do latim ''habilitas''.
=={{pronúncia|pt}}==
===Portugal===
* AFI: {{AFI|/ɐ.bɨ.li.ˈda.dɨ/}}
==Ver também==
===No Wikcionário===
{{verTambém.Ini}}
* [[habilmente]]
* [[habilidoso]]
{{verTambém.NovaColuna}}
* [[hábil]]
* [[inábil]]
{{verTambém.Fim}}
[[Categoria:Substantivo (Português)]]</text>
<sha1>cawhx2tmg2gsf1wob2enr548g3lgx3l</sha1>
</revision>
