<page>
<page>
<title>habituarei</title>
<ns>0</ns>
<id>183471</id>
<revision>
<id>2356808</id>
<parentid>1152900</parentid>
<timestamp>2017-05-03T07:03:24Z</timestamp>
<contributor>
<username>HydrizBot</username>
<id>29590</id>
</contributor>
<minor />
<comment>Robô: A limpar links interwikis antigos</comment>
<model>wikitext</model>
<format>text/x-wiki</format>
<text bytes="176" xml:space="preserve">={{-pt-}}=
==Forma verbal==
'''habituarei'''
#[[primeira pessoa]] do [[singular]] do [[futuro do presente]] do verbo '''[[habituar]]'''
[[Categoria:Forma verbal (Português)]]</text>
<sha1>d6skbyo4vuv42ggz8p7atql1vlsyzmo</sha1>
</revision>
