<page>
<page>
<title>habite</title>
<ns>0</ns>
<id>213189</id>
<revision>
<id>2356787</id>
<parentid>2204071</parentid>
<timestamp>2017-05-03T07:02:23Z</timestamp>
<contributor>
<username>HydrizBot</username>
<id>29590</id>
</contributor>
<minor />
<comment>Robô: A limpar links interwikis antigos</comment>
<model>wikitext</model>
<format>text/x-wiki</format>
<text bytes="407" xml:space="preserve">={{-pt-}}=
==Forma verbal==
'''habite'''
#[[primeira pessoa|primeira]] e [[terceira pessoa]] do [[singular]] do [[presente]] do [[modo subjuntivo]] do verbo '''[[habitar]]'''
#[[terceira pessoa]] do [[singular]] do [[imperativo]] [[afirmativo]] do verbo '''[[habitar]]'''
#[[terceira pessoa]] do [[singular]] do [[imperativo]] [[negativo]] do verbo '''[[habitar]]'''
[[Categoria:Forma verbal (Português)]]</text>
<sha1>8vvbwceif94dmki7gjwm752ejqrm5o3</sha1>
</revision>
