<page>
<page>
<title>habituais</title>
<ns>0</ns>
<id>158704</id>
<revision>
<id>2356797</id>
<parentid>2126518</parentid>
<timestamp>2017-05-03T07:02:48Z</timestamp>
<contributor>
<username>HydrizBot</username>
<id>29590</id>
</contributor>
<minor />
<comment>Robô: A limpar links interwikis antigos</comment>
<model>wikitext</model>
<format>text/x-wiki</format>
<text bytes="184" xml:space="preserve">={{-pt-}}=
==Forma verbal==
'''habituais'''
#[[segunda pessoa]] do [[plural]] do [[presente]] do [[modo indicativo]] do verbo '''[[habituar]]'''
[[Categoria:Forma verbal (Português)]]</text>
<sha1>b67l3k37dua4jdexaj5j4cy9oop72x1</sha1>
</revision>
