<page>
<title>habilitar</title>
<ns>0</ns>
<id>57369</id>
<revision>
<id>2619830</id>
<parentid>2356738</parentid>
<timestamp>2021-02-01T19:52:00Z</timestamp>
<contributor>
<username>MarxavBot</username>
<id>80155</id>
</contributor>
<minor />
<comment>AFI Portugal</comment>
<model>wikitext</model>
<format>text/x-wiki</format>
<text bytes="735" xml:space="preserve">={{-pt-}}=
==Verbo==
{{oxítona|ha|bi|li|tar}}, ''transitivo''
# [[tornar]] [[hábil]] ou [[apto]]
# [[autorizar]]
{{oxítona|ha|bi|li|tar}}, ''reflexo''
# [[tornar]]-se [[apto]] ou [[capaz]] para certo fim
# [[preparar]]-se
#* ''Homem habituado a não passar um só dia ocioso, exagerava as consequências da sua falta; guarda-livros que adquirira, por trabalhosa experiência, o saber comercial, supunha indispensáveis anos para '''habilitar''' qualquer inteligência a adquirir igual saber e a ordenar a escrituração dos livros de comércio. '' Júlio Dinis - UMA FAMÍLIA INGLESA
===Conjugação===
{{conj/pt|habilit|ar}}
=={{pronúncia|pt}}==
===Portugal===
* AFI: {{AFI|/ɐ.bi.li.ˈtaɾ/}}
[[Categoria:Verbo (Português)]]</text>
<sha1>pu8k1lkuot0nqr3s4umtj7wtoz1pqx0</sha1>
</revision>
</page>
