<page>
<page>
<title>habitantulo</title>
<ns>0</ns>
<id>65209</id>
<revision>
<id>2064617</id>
<parentid>1592012</parentid>
<timestamp>2016-02-21T19:40:44Z</timestamp>
<contributor>
<username>Defender</username>
<id>15952</id>
</contributor>
<comment>Verbete [[:Categoria:!Página com idioma não informado em Predefinição:etimologia|sem indicação do idioma na seção de etimologia]]</comment>
<model>wikitext</model>
<format>text/x-wiki</format>
<text bytes="489" xml:space="preserve">={{-io-}}=
== Substantivo ==
'''habitantulo'''
# [[habitante]] do [[sexo]] [[masculino]]
===Declinação===
{{decl.io.subst|radical=habitantul}}
=={{etimologia|io}}==
: Do substantivo ''[[habitanto#Ido|habitanto]]'', do verbo ''[[habitar#Ido|habitar]]'', em partes: ''[[habit]][[-ant|.ant]][[-ul|.ul]][[-o|.o]]''.
== Ver também ==
=== No Wikcionário ===
{{verTambém.Ini}}
* {{verLigações|habitar}}
* [[habitantino]]
* [[habitanto]]
{{verTambém.Fim}}
[[Categoria:Substantivo (Ido)]]</text>
<sha1>3tgqqbkuww6no2uu044wmv53q2a76r9</sha1>
</revision>
