<page>
<title>habitarias</title>
<ns>0</ns>
<id>200333</id>
<revision>
<id>2356769</id>
<parentid>2204087</parentid>
<timestamp>2017-05-03T07:00:41Z</timestamp>
<contributor>
<username>HydrizBot</username>
<id>29590</id>
</contributor>
<minor />
<comment>Robô: A limpar links interwikis antigos</comment>
<model>wikitext</model>
<format>text/x-wiki</format>
<text bytes="176" xml:space="preserve">={{-pt-}}=
==Forma verbal==
'''habitarias'''
#[[segunda pessoa]] do [[singular]] do [[futuro do pretérito]] do verbo '''[[habitar]]'''
[[Categoria:Forma verbal (Português)]]</text>
<sha1>5rxur0ce2q9by1r8m6rhvjf1d0igz9r</sha1>
</revision>
</page>
