<page>
<title>habitarem</title>
<ns>0</ns>
<id>211643</id>
<revision>
<id>2356764</id>
<parentid>2204047</parentid>
<timestamp>2017-05-03T06:36:31Z</timestamp>
<contributor>
<username>HydrizBot</username>
<id>29590</id>
</contributor>
<minor />
<comment>Robô: A limpar links interwikis antigos</comment>
<model>wikitext</model>
<format>text/x-wiki</format>
<text bytes="271" xml:space="preserve">={{-pt-}}=
==Forma verbal==
'''habitarem'''
#[[terceira pessoa]] do [[plural]] do [[futuro]] do [[modo subjuntivo]] do verbo '''[[habitar]]'''
#[[infinitivo pessoal]] da [[terceira pessoa]] do [[plural]] do verbo '''[[habitar]]'''
[[Categoria:Forma verbal (Português)]]</text>
<sha1>tov8i8x8ropb1dao753echpyr8y8868</sha1>
</revision>
</page>
