<page>
<page>
<title>habitáramos</title>
<ns>0</ns>
<id>180489</id>
<revision>
<id>2356850</id>
<parentid>2204099</parentid>
<timestamp>2017-05-03T07:05:09Z</timestamp>
<contributor>
<username>HydrizBot</username>
<id>29590</id>
</contributor>
<minor />
<comment>Robô: A limpar links interwikis antigos</comment>
<model>wikitext</model>
<format>text/x-wiki</format>
<text bytes="185" xml:space="preserve">={{-pt-}}=
==Forma verbal==
'''habitáramos'''
#[[primeira pessoa]] do [[plural]] do [[pretérito mais-que-perfeito]] do verbo '''[[habitar]]'''
[[Categoria:Forma verbal (Português)]]</text>
<sha1>sbu2wbg3dierqf594kv56xgji2lzu9u</sha1>
</revision>
