<page>
<title>hablar</title>
<ns>0</ns>
<id>324263</id>
<revision>
<id>2356858</id>
<parentid>2225773</parentid>
<timestamp>2017-05-03T07:05:33Z</timestamp>
<contributor>
<username>HydrizBot</username>
<id>29590</id>
</contributor>
<minor />
<comment>Robô: A limpar links interwikis antigos</comment>
<model>wikitext</model>
<format>text/x-wiki</format>
<text bytes="266" xml:space="preserve">={{-es-}}=
==Verbo==
'''hablar'''
# [[falar]]
=={{etimologia|es}}==
: Do espanhol antigo ''fablar'' e este do latim ''fābulārī'' .
=={{pronúncia|es}}==
* [[AFI]]: /aˈβ̞lar/
==Ver também==
===No Wikcionário===
* [[hablado]]
[[Categoria:Verbo (Espanhol)]]</text>
<sha1>3xkfr0bf3wum7dk1ul24dmk0cv0pvie</sha1>
</revision>
</page>
