<page>
<title>hablado</title>
<ns>0</ns>
<id>303225</id>
<revision>
<id>2655088</id>
<parentid>2356857</parentid>
<timestamp>2021-12-15T12:09:45Z</timestamp>
<contributor>
<username>ValJor</username>
<id>1358</id>
</contributor>
<comment>Retirando ligação para a predefinição partpas para poder eliminá-la em seguida</comment>
<model>wikitext</model>
<format>text/x-wiki</format>
<text bytes="148" xml:space="preserve">={{-es-}}=
==Forma verbal==
'''hablado'''
# particípio passado de [[hablar]]
{{avi-for-fle|hablar|lang=es}}
[[Categoria:Forma verbal (Espanhol)]]</text>
<sha1>5mx0e3vdyzrm7w21ivsg0v7ek39jqxe</sha1>
</revision>
</page>
