<page>
<page>
<title>habri</title>
<ns>0</ns>
<id>32255</id>
<revision>
<id>2356859</id>
<parentid>1467382</parentid>
<timestamp>2017-05-03T07:05:34Z</timestamp>
<contributor>
<username>HydrizBot</username>
<id>29590</id>
</contributor>
<minor />
<comment>Robô: A limpar links interwikis antigos</comment>
<model>wikitext</model>
<format>text/x-wiki</format>
<text bytes="79" xml:space="preserve">={{-pap-}}=
==Verbo==
'''habri'''
# [[abrir]]
[[Categoria:Verbo (Papiamento)]]</text>
<sha1>m0rwz3aydaqpj5gxwmflo1y6uegq8cd</sha1>
</revision>
