<page>
<title>habronemose</title>
<ns>0</ns>
<id>36057</id>
<revision>
<id>1213288</id>
<parentid>127985</parentid>
<timestamp>2011-07-10T16:45:09Z</timestamp>
<contributor>
<username>MalafayaBot</username>
<id>628</id>
</contributor>
<minor />
<comment>Robô: Substituição de texto automática (-^\=\s?Português\s?\= +={{-pt-}}= &amp; -^\=\s?\{\{pt\}\}\s?\= +={{-pt-}}=)</comment>
<model>wikitext</model>
<format>text/x-wiki</format>
<text bytes="167" xml:space="preserve">={{-pt-}}=
[[Categoria:Substantivo (Português)]]
'''{{PAGENAME}}, [[abronemose]]  [ha.bro.ne.mo.se] ''' ''substantivo feminino''
# doença parasitária dos equídeos</text>
<sha1>qqqhgrq3rnyp0hg7ch1mq62q4pb2qzr</sha1>
</revision>
</page>
