<page>
<title>Habsburg</title>
<ns>0</ns>
<id>396165</id>
<revision>
<id>2503636</id>
<timestamp>2018-05-19T07:49:45Z</timestamp>
<contributor>
<username>ValJor</username>
<id>1358</id>
</contributor>
<comment>Eliminando [[Habsburgo]] da lista de [[Especial:Lonelypages|órfãos]]</comment>
<model>wikitext</model>
<format>text/x-wiki</format>
<text bytes="118" xml:space="preserve">{{Wikipédia|lang=de}}
={{-de-}}=
==Substantivo==
'''Habsburg'''
# [[Habsburgo]]
[[Categoria:Substantivo (Alemão)]]</text>
<sha1>bav9k25nkybwavovyn181sbujcxd7zr</sha1>
</revision>
</page>
