<page>
<title>Habsburgo</title>
<ns>0</ns>
<id>395099</id>
<revision>
<id>2503640</id>
<parentid>2497177</parentid>
<timestamp>2018-05-19T07:59:23Z</timestamp>
<contributor>
<username>ValJor</username>
<id>1358</id>
</contributor>
<comment>Melhorando a apresentação do verbete</comment>
<model>wikitext</model>
<format>text/x-wiki</format>
<text bytes="758" xml:space="preserve">={{-pt-}}=
==Substantivo==
{{paroxítona|Habs|bur|go}}, {{gramática|m|pr}}
# um [[castelo]] [[alpino]] no norte da [[Suíça]]
# [[família]] [[nobre]] de origem [[suábico|suábica]] que se tornou dinastia regente na [[Áustria]] e, por vezes, em outros países (principalmente na [[Península Ibérica]] e nos antigos territórios dos [[burgúndio]]s), tendo vários de seus membros servido como [[imperador]]es eleitos do [[Sacro Império Romano-Germânico]]
===Tradução===
{{tradini}}
* {{trad|de|Habsburg}}
* {{trad|nl|Habsburg}}
{{tradmeio}}
* {{trad|en|Habsburg}}
{{tradfim}}
=={{etimologia|pt}}==
{{llietimo|de|Habsburg|pt}}
==Ver também==
===Na Wikipédia===
* [[w:Casa de Habsburgo|Casa de Habsburgo]]
[[Categoria:Substantivo (Português)]]</text>
<sha1>9khb45bdzuj259nc9a0tzy7328rjp8d</sha1>
</revision>
</page>
