<page>
<page>
<title>habíssen</title>
<ns>0</ns>
<id>390892</id>
<revision>
<id>2477286</id>
<timestamp>2018-01-13T18:05:16Z</timestamp>
<contributor>
<username>Imivorn</username>
<id>64513</id>
</contributor>
<comment>[[Ajuda:Guia de edição/Menus e ferramentas/Sumário de edição|→]] nova página: ={{-mwl-}}= ==Forma verbal== {{paroxítona|ha|bís|sen|língua=mwl}} # [[terceira pessoa]] do [[plural]] no [...</comment>
<model>wikitext</model>
<format>text/x-wiki</format>
<text bytes="285" xml:space="preserve">={{-mwl-}}=
==Forma verbal==
{{paroxítona|ha|bís|sen|língua=mwl}}
# [[terceira pessoa]] do [[plural]] no [[imperfeito]] do [[conjuntivo]] de [[haber#{{mwl}}|haber]]
==={{-varort-}}===
* {{link opcional|houbíssen|mwl}}
{{avi-for-fle|haber}}
[[Categoria:Forma verbal (Mirandês)]]</text>
<sha1>7b8fgcsdh3r0jno8cdexstxr3587lra</sha1>
</revision>
