<page>
<page>
<title>habéren</title>
<ns>0</ns>
<id>390906</id>
<revision>
<id>2477300</id>
<timestamp>2018-01-13T18:13:23Z</timestamp>
<contributor>
<username>Imivorn</username>
<id>64513</id>
</contributor>
<comment>[[Ajuda:Guia de edição/Menus e ferramentas/Sumário de edição|→]] nova página: ={{-mwl-}}= ==Forma verbal== {{paroxítona|ha|bé|ren|língua=mwl}} # [[terceira pessoa]] do [[plural]] no ...</comment>
<model>wikitext</model>
<format>text/x-wiki</format>
<text bytes="219" xml:space="preserve">={{-mwl-}}=
==Forma verbal==
{{paroxítona|ha|bé|ren|língua=mwl}}
# [[terceira pessoa]] do [[plural]] no [[infinitivo pessoal]] de [[haber#{{mwl}}|haber]]
{{avi-for-fle|haber}}
[[Categoria:Forma verbal (Mirandês)]]</text>
<sha1>guusqaq8uf3hu21t2cms8z9qsq0j105</sha1>
</revision>
