<page>
<title>habíssedes</title>
<ns>0</ns>
<id>390893</id>
<revision>
<id>2477287</id>
<timestamp>2018-01-13T18:05:42Z</timestamp>
<contributor>
<username>Imivorn</username>
<id>64513</id>
</contributor>
<comment>[[Ajuda:Guia de edição/Menus e ferramentas/Sumário de edição|→]] nova página: ={{-mwl-}}= ==Forma verbal== {{proparoxítona|ha|bís|se|des|língua=mwl}} # [[segunda pessoa]] do [[plural]]...</comment>
<model>wikitext</model>
<format>text/x-wiki</format>
<text bytes="292" xml:space="preserve">={{-mwl-}}=
==Forma verbal==
{{proparoxítona|ha|bís|se|des|língua=mwl}}
# [[segunda pessoa]] do [[plural]] no [[imperfeito]] do [[conjuntivo]] de [[haber#{{mwl}}|haber]]
==={{-varort-}}===
* {{link opcional|houbíssedes|mwl}}
{{avi-for-fle|haber}}
[[Categoria:Forma verbal (Mirandês)]]</text>
<sha1>39jd7dzdy9ohipyua8mzogle0u0r0g2</sha1>
</revision>
</page>
