<page>
<title>habíssemos</title>
<ns>0</ns>
<id>390894</id>
<revision>
<id>2477288</id>
<timestamp>2018-01-13T18:06:11Z</timestamp>
<contributor>
<username>Imivorn</username>
<id>64513</id>
</contributor>
<comment>[[Ajuda:Guia de edição/Menus e ferramentas/Sumário de edição|→]] nova página: ={{-mwl-}}= ==Forma verbal== {{proparoxítona|ha|bís|se|mos|língua=mwl}} # [[primeira pessoa]] do [[plural]...</comment>
<model>wikitext</model>
<format>text/x-wiki</format>
<text bytes="293" xml:space="preserve">={{-mwl-}}=
==Forma verbal==
{{proparoxítona|ha|bís|se|mos|língua=mwl}}
# [[primeira pessoa]] do [[plural]] no [[imperfeito]] do [[conjuntivo]] de [[haber#{{mwl}}|haber]]
==={{-varort-}}===
* {{link opcional|houbíssemos|mwl}}
{{avi-for-fle|haber}}
[[Categoria:Forma verbal (Mirandês)]]</text>
<sha1>ov7kot5h6olxms2hh4mtqd0xaq9k29x</sha1>
</revision>
</page>
