<page>
<page>
<title>hacaneia</title>
<ns>0</ns>
<id>36059</id>
<revision>
<id>2162543</id>
<parentid>2162540</parentid>
<timestamp>2016-08-24T00:02:58Z</timestamp>
<contributor>
<username>Jéssica S. Ciqueira</username>
<id>53180</id>
</contributor>
<model>wikitext</model>
<format>text/x-wiki</format>
<text bytes="797" xml:space="preserve">={{-pt-}}=
==Subsantivo==
{{flex.pt|fs=hacaneia|fp=hacaneias}}
{{paroxítona|ha|ca|nei|a}}, {{gramática|f|s}}
# [[cavalgadura]] [[de]] [[forma]] [[delgado|delgada]] [[e]] [[elegante]] [[própria]] [[para]] [[ser]] [[montado|montada]] [[por]] [[damas]]
# [[égua]] [[pequena]] [[e]] [[mansa]]
#* ''A senhora estava montada, não como romântica amazona, em '''hacaneia''' fogosa, mas modesta e simplesmente num digno exemplar daqueles pacíficos animais a que Sterne não duvidou dedicar algumas palavras de simpatia nas suas páginas mais humorísticas, e que Pelletan incluiu entre os colaboradores da humanidade na grande obra do progresso...  '' Júlio Dinis - A MORGADINHA DOS CANAVIAIS
===Variante ortográfica===
* Anterior ao AO 1990: [[hacanéia]]
[[Categoria:Substantivo (Português)]]</text>
<sha1>rfzim4694io7fcv50xrzni0da2xozi0</sha1>
</revision>
