<page>
<page>
<title>hacanéia</title>
<ns>0</ns>
<id>36060</id>
<revision>
<id>2053308</id>
<parentid>1599938</parentid>
<timestamp>2016-01-06T14:38:11Z</timestamp>
<contributor>
<username>ValJor</username>
<id>1358</id>
</contributor>
<comment>Eliminando a maior parte do conteúdo do verbete: AO 1990</comment>
<model>wikitext</model>
<format>text/x-wiki</format>
<text bytes="202" xml:space="preserve">{{Anterior ao Acordo de 1990|hacaneia}}
={{-pt-}}=
==Substantivo==
{{flex.pt|fs=hacanéia|fp=hacanéias}}
{{paroxítona|ha|ca|néi|a}}, {{f}}
# vide [[hacaneia]]
[[Categoria:Substantivo (Português)]]</text>
<sha1>4vl6ej0x73b5vxom44idac81puw0xno</sha1>
</revision>
