<page>
<page>
<title>hacanea</title>
<ns>0</ns>
<id>443522</id>
<revision>
<id>2675609</id>
<timestamp>2022-05-02T13:27:26Z</timestamp>
<contributor>
<username>Cpls</username>
<id>20608</id>
</contributor>
<comment>[[Ajuda:Guia de edição/Menus e ferramentas/Sumário de edição|→]] nova página: ={{-ca-}}= ==Substantivo== {{flex.ca|fs=hacanea|fp=hacanees}} {{paroxítona|ha|ca|ne|a|lang=ca}}, {{g|f}} # [[égua]] relativamente pequena e vigorosa  =={{etimologia|ca}}== : Da mesma origem que o castelhano {{etimo|es|hacanea}}, que o francês {{etimo|fr|haquenée}}, ou que o galego ''[[faquineu#{{gl}}|faquineu]]''.  [[Categoria:Substantivo (Catalão)]]   ={{-es-}}= ==Substantivo== {{flex.es|fs=hacanea|f...</comment>
<model>wikitext</model>
<format>text/x-wiki</format>
<text bytes="664" xml:space="preserve">={{-ca-}}=
==Substantivo==
{{flex.ca|fs=hacanea|fp=hacanees}}
{{paroxítona|ha|ca|ne|a|lang=ca}}, {{g|f}}
# [[égua]] relativamente pequena e vigorosa
=={{etimologia|ca}}==
: Da mesma origem que o castelhano {{etimo|es|hacanea}}, que o francês {{etimo|fr|haquenée}}, ou que o galego ''[[faquineu#{{gl}}|faquineu]]''.
[[Categoria:Substantivo (Catalão)]]
={{-es-}}=
==Substantivo==
{{flex.es|fs=hacanea|fp=hacaneas}}
{{paroxítona|ha|ca|ne|a|lang=es}}, {{g|f}}
# [[égua]] relativamente pequena em comparação com um cavalo
=={{etimologia|es}}==
{{llietimo|fr|haquenée|es|ponto=não}}, do inglês {{etimo|en|hakeney}}.
[[Categoria:Substantivo (Espanhol)]]</text>
<sha1>93mkn91cqkelwmvhj8aw1j9eil8njng</sha1>
</revision>
