<page>
<page>
<title>haca</title>
<ns>0</ns>
<id>443523</id>
<revision>
<id>2675620</id>
<timestamp>2022-05-02T13:37:55Z</timestamp>
<contributor>
<username>Cpls</username>
<id>20608</id>
</contributor>
<comment>[[Ajuda:Guia de edição/Menus e ferramentas/Sumário de edição|→]] nova página: ={{-ca-}}= ==Substantivo== {{flex.ca|fs=haca|fp=haques}} {{paroxítona|ha|ca|lang=ca}}, {{g|f}} # [[cavalo]] pequeno e vigoroso # [[mula]]  ==={{-varort-}}=== * [[faca#{{ca}}|faca]]  ==={{etimologia|ca}}=== : Regressivo de {{etimo|ca|hacanea}}, ou do catalão antigo ''aqua''.  [[Categoria:Substantivo (Catalão)]]</comment>
<model>wikitext</model>
<format>text/x-wiki</format>
<text bytes="314" xml:space="preserve">={{-ca-}}=
==Substantivo==
{{flex.ca|fs=haca|fp=haques}}
{{paroxítona|ha|ca|lang=ca}}, {{g|f}}
# [[cavalo]] pequeno e vigoroso
# [[mula]]
==={{-varort-}}===
* [[faca#{{ca}}|faca]]
==={{etimologia|ca}}===
: Regressivo de {{etimo|ca|hacanea}}, ou do catalão antigo ''aqua''.
[[Categoria:Substantivo (Catalão)]]</text>
<sha1>16b711dojmqrn3hr4b5o3klhbks0p1v</sha1>
</revision>
