<page>
<title>hacer</title>
<ns>0</ns>
<id>33278</id>
<revision>
<id>2356860</id>
<parentid>2202733</parentid>
<timestamp>2017-05-03T07:05:42Z</timestamp>
<contributor>
<username>HydrizBot</username>
<id>29590</id>
</contributor>
<minor />
<comment>Robô: A limpar links interwikis antigos</comment>
<model>wikitext</model>
<format>text/x-wiki</format>
<text bytes="1676" xml:space="preserve">={{-es-}}=
==Verbo==
{{oxítona|ha|cer|lang=es}}, {{g|vt}}
# [[fazer]]
===Conjugação===
Verbo irregular (tanto as irregularidades como as modificações ortográficas são assinaladas '''em negrito''').
{{conj.es|hacer|haciendo|hecho
|'''hago'''|haces|hacés|hace|hacemos|hacéis|hacen
|hacía|hacías|hacía|hacíamos|hacíais|hacían
|'''hice'''|'''hiciste'''|'''hizo'''|'''hicimos'''|'''hicisteis'''|'''hicieron'''
|'''haré'''|'''harás'''|'''hará'''|'''haremos'''|'''haréis'''|'''harán'''
|'''haría'''|'''harías'''|'''haría'''|'''haríamos'''|'''haríais'''|'''harían'''
|hecho|hecho|hecho|hecho|hecho|hecho
|hecho|hecho|hecho|hecho|hecho|hecho
|hecho|hecho|hecho|hecho|hecho|hecho
|hecho|hecho|hecho|hecho|hecho|hecho
|hecho|hecho|hecho|hecho|hecho|hecho
|'''haga'''|'''hagas'''|'''hagás''' |'''haga'''|'''hagamos'''|'''hagáis'''|'''hagan'''
|'''hiciera'''|'''hicieras'''|'''hiciera'''|'''hiciéramos'''|'''hicierais'''|'''hicieran'''
|'''hiciese'''|'''hicieses'''|'''hiciese'''|'''hiciésemos'''|'''hicieseis'''|'''hiciesen'''
|'''hiciere'''|'''hicieres'''|'''hiciere'''|'''hiciéremos'''|'''hiciereis'''|'''hicieren'''
|hecho|hecho|hecho|hecho|hecho|hecho|hecho
|hecho|hecho|hecho|hecho|hecho|hecho
|hecho|hecho|hecho|hecho|hecho|hecho
|'''haz'''|hacé |'''haga'''|'''hagamos'''|haced|'''hagan'''
}}
=={{etimologia|es}}==
: Do latim {{etimo|la|facere}}, infinitivo ativo do verbo {{etimo|la|facio}} (&quot;''eu faço''&quot;).
==Ver também==
===No Wikcionário===
{{verTambém.Ini}}
* [[haciendo]]
{{verTambém.NovaColuna}}
* [[quehacer]] ''m.''
{{verTambém.Fim}}
==Anagrama==
# [[echar]]
[[Categoria:Verbo (Espanhol)]]
[[Categoria:Verbo irregular (Espanhol)]]</text>
<sha1>btj47f8a41fh8i5pu6oes9prvska4wo</sha1>
</revision>
</page>
