<page>
<page>
<title>hachurar</title>
<ns>0</ns>
<id>318597</id>
<revision>
<id>2356865</id>
<parentid>1771627</parentid>
<timestamp>2017-05-03T07:05:57Z</timestamp>
<contributor>
<username>HydrizBot</username>
<id>29590</id>
</contributor>
<minor />
<comment>Robô: A limpar links interwikis antigos</comment>
<model>wikitext</model>
<format>text/x-wiki</format>
<text bytes="210" xml:space="preserve">={{-pt-}}=
==Verbo==
{{oxítona|ha|chu|rar}}
# fazer [[hachura]]
===Conjugação===
{{conj/pt|hachur|ar}}
=={{etimologia|pt}}==
: {{escopo|Morfologia}} [[hachura]] + [[-ar]].
[[Categoria:Verbo (Português)]]</text>
<sha1>e40aepel86spj66yvtt6z8u1nb9ttfx</sha1>
</revision>
