<page>
<title>hachurado</title>
<ns>0</ns>
<id>80136</id>
<revision>
<id>2660122</id>
<parentid>2356864</parentid>
<timestamp>2022-02-13T19:42:53Z</timestamp>
<contributor>
<username>ValJor</username>
<id>1358</id>
</contributor>
<comment>Melhorando a apresentação do verbete</comment>
<model>wikitext</model>
<format>text/x-wiki</format>
<text bytes="495" xml:space="preserve">={{-pt-}}=
==Adjetivo==
{{flex.pt|ms=hachurado|mp=hachurados|fs=hachurada|fp=hachuradas}}
{{paroxítona|ha|chu|ra|do}}
# que possui [[hachura]]s
#* '''1976'''.  SALDANHA, Carlos.  Zum e a metafísica.  In: HOLLANDA, Heloisa Buarque de.  ''26 poetas hoje''.  Rio de Janeiro: Aeroplano Editora, 2007.  p. 31.
#*: “Por que não é o mundo
#*: em forma de livro,
#*: com ilustrações sem sépia,
#*: ou '''hacurado''' grosso,
#*: ou escrito em papel de arroz?
[[Categoria:Adjetivo (Português)]]</text>
<sha1>bqwwspo5tin1p2mxj6tkee4wkl3g991</sha1>
</revision>
</page>
