<page>
<title>hachurámos</title>
<ns>0</ns>
<id>308683</id>
<revision>
<id>2549001</id>
<parentid>2035854</parentid>
<timestamp>2019-07-08T13:29:11Z</timestamp>
<contributor>
<username>ValJor</username>
<id>1358</id>
</contributor>
<comment>Acrescentando a predefinição avi-for-fle</comment>
<model>wikitext</model>
<format>text/x-wiki</format>
<text bytes="266" xml:space="preserve">={{-pt-}}=
==Forma verbal==
{{paroxítona|ha|chu|rá|mos}}
# {{escopo2|grafia lusitana}} primeira pessoa do plural do pretérito perfeito do indicativo do verbo [[hachurar]]
{{avi-for-fle|hachurar}}
[[Categoria:Forma verbal (Português)]]
[[Categoria:Lusitanismo]]</text>
<sha1>k4tm611kh3c6w0fswqtwb548p302ykz</sha1>
</revision>
</page>
