<page>
<title>haciendo</title>
<ns>0</ns>
<id>10178</id>
<revision>
<id>2356867</id>
<parentid>1832075</parentid>
<timestamp>2017-05-03T07:06:01Z</timestamp>
<contributor>
<username>HydrizBot</username>
<id>29590</id>
</contributor>
<minor />
<comment>Robô: A limpar links interwikis antigos</comment>
<model>wikitext</model>
<format>text/x-wiki</format>
<text bytes="199" xml:space="preserve">={{-es-}}=
==Forma verbal==
'''{{PAGENAME}}'''
# [[gerúndio]] do verbo '''''[[hacer]]'''''
==Pronúncia==
===Espanha===
* [[AFI]]: {{AFI|/aˈθjendo/|lang=es}}
[[Categoria:Forma verbal (Espanhol)]]</text>
<sha1>i10xdey9tas9sh6whjm31emfhjnnyl8</sha1>
</revision>
</page>
