<page>
<page>
<title>hadeer</title>
<ns>0</ns>
<id>61372</id>
<revision>
<id>2356877</id>
<parentid>1306858</parentid>
<timestamp>2017-05-03T07:06:44Z</timestamp>
<contributor>
<username>HydrizBot</username>
<id>29590</id>
</contributor>
<minor />
<comment>Robô: A limpar links interwikis antigos</comment>
<model>wikitext</model>
<format>text/x-wiki</format>
<text bytes="78" xml:space="preserve">={{-tet-}}=
==Verbo==
'''hadeer'''
# [[acordar]]
[[Categoria:Verbo (Tétum)]]</text>
<sha1>2u5j2h546wvoz9datqp3y7r16857dtx</sha1>
</revision>
