<page>
<page>
<title>hadji</title>
<ns>0</ns>
<id>199837</id>
<revision>
<id>2356880</id>
<parentid>1661031</parentid>
<timestamp>2017-05-03T07:06:52Z</timestamp>
<contributor>
<username>HydrizBot</username>
<id>29590</id>
</contributor>
<minor />
<comment>Robô: A limpar links interwikis antigos</comment>
<model>wikitext</model>
<format>text/x-wiki</format>
<text bytes="362" xml:space="preserve">={{-pt-}}=
==Substantivo==
'''had.ji''' - ''masculino''
# [[muçulmano]] que faz ou já fez a [[peregrinação]] [[ritual]] à [[Meca]] e [[Medina]]
==Ver também==
* [[muezim]]/[[almuadem]]
* [[minarete]]
* [[ramadã]]/[[ramadão]]
* [[jejum]]
* [[Corão]]
* [[hégira]]
* [[islã]]
[[Categoria:Substantivo (Português)]]
[[Categoria:Islamismo (Português)]]</text>
<sha1>lr3trq7m00sx1r6j6t5rl3uyb2iyaz5</sha1>
</revision>
