<page>
<title>hadreira</title>
<ns>0</ns>
<id>372206</id>
<revision>
<id>2221694</id>
<timestamp>2017-01-11T12:33:49Z</timestamp>
<contributor>
<username>Cpls</username>
<id>20608</id>
</contributor>
<comment>[[Ajuda:Guia de edição/Menus e ferramentas/Sumário de edição|→]] nova página: ={{-gl-}}= ==Substantivo== {{flex.gl|fs=hadreira|fp=hadreiras}} {{paroxítona|ha|drei|ra|lang=gl}}, {{gramát...</comment>
<model>wikitext</model>
<format>text/x-wiki</format>
<text bytes="586" xml:space="preserve">={{-gl-}}=
==Substantivo==
{{flex.gl|fs=hadreira|fp=hadreiras}}
{{paroxítona|ha|drei|ra|lang=gl}}, {{gramática|f}}
# {{escopoCat|Planta|gl}} [[hera]] (''[[species:Hedera helix|Hedera helix]]'')
===Sinónimos===
* [[fedra#Galego|fedra]], [[hedra#Galego|hedra]], [[hedre#Galego|hedre]], [[hedreira#Galego|hedreira]], [[hareira#Galego|hareira]], [[heradeira#Galego|heradeira]], [[hereira#Galego|hereira]], [[planta-do-aire#Galego|planta do aire]], [[trepadeira#Galego|trepadeira]]
=={{etimologia|gl}}==
: Vaiante de ''[[hedreira#{{gl}}|hedreira]]''.
[[Categoria:Substantivo (Galego)]]</text>
<sha1>q5ky0nq5q3wtun13i1jj1nychezwp3n</sha1>
</revision>
</page>
