<page>
<title>hae</title>
<ns>0</ns>
<id>61374</id>
<revision>
<id>2356883</id>
<parentid>2237692</parentid>
<timestamp>2017-05-03T07:07:00Z</timestamp>
<contributor>
<username>HydrizBot</username>
<id>29590</id>
</contributor>
<minor />
<comment>Robô: A limpar links interwikis antigos</comment>
<model>wikitext</model>
<format>text/x-wiki</format>
<text bytes="195" xml:space="preserve">={{-ja-}}=
==Transliteração==
# transliteração de [[はえ]]
[[Categoria:Transliteração (Japonês)]]
={{-tet-}}=
==Substantivo==
'''hae'''
# [[capim]]
[[Categoria:Substantivo (Tétum)]]</text>
<sha1>o7ulf65y6kqtxaj1zephc5ja8su7uqc</sha1>
</revision>
</page>
