<page>
<page>
<title>haearn</title>
<ns>0</ns>
<id>407175</id>
<revision>
<id>2537108</id>
<timestamp>2019-02-22T22:55:51Z</timestamp>
<contributor>
<username>Amigo7</username>
<id>58547</id>
</contributor>
<comment>Criação do verbete a partir da [[Especial:Páginas_pedidas|lista de palavras pedidas]]</comment>
<model>wikitext</model>
<format>text/x-wiki</format>
<text bytes="247" xml:space="preserve">{{Wikipédia|lang=cy}}
={{-cy-}}=
==Substantivo==
{{elementos|Fe|manganîs|Mn|cobalt|Co}}
'''haearn'''
# {{escopo|cy|Elemento químico}} [[ferro]]
==Ver também==
===No Wikcionário===
{{tabela periódica/cy}}
[[Categoria:Substantivo (Galês)]]</text>
<sha1>ks4hfuz7bqbglmgdugfmwssmtslrowl</sha1>
</revision>
