<page>
<page>
<title>haemolacria</title>
<ns>0</ns>
<id>246313</id>
<revision>
<id>2356886</id>
<parentid>1771622</parentid>
<timestamp>2017-05-03T07:07:11Z</timestamp>
<contributor>
<username>HydrizBot</username>
<id>29590</id>
</contributor>
<minor />
<comment>Robô: A limpar links interwikis antigos</comment>
<model>wikitext</model>
<format>text/x-wiki</format>
<text bytes="156" xml:space="preserve">{{Wikipédia|lang=en}}
={{-en-}}=
==Substantivo==
'''haemolacria'''
# [[hemolacria]]
[[Categoria:Substantivo (Inglês)]]
[[Categoria:Patologia (Inglês)]]</text>
<sha1>edi67pab0y9e2uw10zpil7b6q3jmmvk</sha1>
</revision>
