<page>
<page>
<title>haematologist</title>
<ns>0</ns>
<id>239159</id>
<revision>
<id>2356885</id>
<parentid>2246164</parentid>
<timestamp>2017-05-03T07:07:08Z</timestamp>
<contributor>
<username>HydrizBot</username>
<id>29590</id>
</contributor>
<minor />
<comment>Robô: A limpar links interwikis antigos</comment>
<model>wikitext</model>
<format>text/x-wiki</format>
<text bytes="156" xml:space="preserve">={{-en-}}=
==Substantivo==
'''haematologist'''
# [[hematologista]]
{{página-automática|julho|2010|hematologista|en}}
[[Categoria:Substantivo (Inglês)]]</text>
<sha1>f3vpiavohcjm11br7ensi3ubwymjx4w</sha1>
</revision>
