<page>
<title>haematologus</title>
<ns>0</ns>
<id>239163</id>
<revision>
<id>2655893</id>
<parentid>909702</parentid>
<timestamp>2021-12-24T11:43:22Z</timestamp>
<contributor>
<username>ValJor</username>
<id>1358</id>
</contributor>
<comment>Já fazia mais de dez anos que ninguém atualizava esse verbete</comment>
<model>wikitext</model>
<format>text/x-wiki</format>
<text bytes="131" xml:space="preserve">={{-la-}}=
==Substantivo==
'''haematologus'''
# [[hematologista]]
[[Categoria:Substantivo (Latim)]]
[[Categoria:Medicina (Latim)]]</text>
<sha1>lekyvenrekyllf7l1e3ef1h4jga11mf</sha1>
</revision>
</page>
