<page>
<page>
<title>haereo</title>
<ns>0</ns>
<id>101305</id>
<revision>
<id>2356887</id>
<parentid>1566203</parentid>
<timestamp>2017-05-03T07:07:14Z</timestamp>
<contributor>
<username>HydrizBot</username>
<id>29590</id>
</contributor>
<minor />
<comment>Robô: A limpar links interwikis antigos</comment>
<model>wikitext</model>
<format>text/x-wiki</format>
<text bytes="410" xml:space="preserve">={{-la-}}=
==Verbo==
'''haereo, -es, [[haerere]], [[haesi]], [[haesum]]''' ''intransitivo''
:# [[aderir]]
:# [[estar]] [[fixado]] a
:# [[estar]] [[imóvel]]
:# [[parar]]; [[deter-se]]
:# [[hesitar]]
===Sinônimo===
* De 3, 4 e 5: '''[[heasito]], -as, -are, -avi, -atum'''
&lt;br&gt;
{{conj.la.sec|haer|haer|haes|haes|haes|haes|}}
==Ver Também==
* [[haeres]], -edis
* [[haeresis]], -is
[[Categoria:Verbo (Latim)]]</text>
<sha1>edpmdsg9shygvs3ofm3948gr4ele68q</sha1>
</revision>
