<page>
<page>
<title>hafaho</title>
<ns>0</ns>
<id>51910</id>
<revision>
<id>2356891</id>
<parentid>1771620</parentid>
<timestamp>2017-05-03T07:07:31Z</timestamp>
<contributor>
<username>HydrizBot</username>
<id>29590</id>
</contributor>
<minor />
<comment>Robô: A limpar links interwikis antigos</comment>
<model>wikitext</model>
<format>text/x-wiki</format>
<text bytes="77" xml:space="preserve">={{-tet-}}=
==Verbo==
'''hafaho'''
# [[mondar]]
[[Categoria:Verbo (Tétum)]]</text>
<sha1>p2l87y8neap6b8px9w7tkwboesr81jm</sha1>
</revision>
