<page>
<title>hafila</title>
<ns>0</ns>
<id>36411</id>
<revision>
<id>1306861</id>
<parentid>1087100</parentid>
<timestamp>2011-11-28T23:52:51Z</timestamp>
<contributor>
<username>MalafayaBot</username>
<id>628</id>
</contributor>
<minor />
<comment>Robô: Substituição de texto automática (-^\=(\s*?)Tétum(\s*?)\= +={{-tet-}}= &amp; -^\=(\s*?)\{\{tet\}\}(\s*?)\= +={{-tet-}}=)</comment>
<model>wikitext</model>
<format>text/x-wiki</format>
<text bytes="76" xml:space="preserve">={{-tet-}}=
==Verbo==
'''hafila'''
# [[girar]]
[[Categoria:Verbo (Tétum)]]</text>
<sha1>lnchgbtk4ukuuaseprctdxgov28amgc</sha1>
</revision>
</page>
