<page>
<title>hafnis</title>
<ns>0</ns>
<id>402473</id>
<revision>
<id>2532847</id>
<parentid>2524437</parentid>
<timestamp>2019-01-13T16:35:22Z</timestamp>
<contributor>
<username>Amigo7</username>
<id>58547</id>
</contributor>
<model>wikitext</model>
<format>text/x-wiki</format>
<text bytes="250" xml:space="preserve">{{Wikipédia|lang=lt}}
={{-lt-}}=
==Substantivo==
{{elementos|Hf|lutecis|Lu|tantalas|Ta}}
'''hafnis'''
# {{escopo|lt|Elemento químico}} [[háfnio]]
==Ver também==
===No Wikcionário===
{{tabela periódica/lt}}
[[Categoria:Substantivo (Lituano)]]</text>
<sha1>q5pmosfu09b14l9e0z50qaxu8pjb3r0</sha1>
</revision>
</page>
