<page>
<title>hafniyum</title>
<ns>0</ns>
<id>284598</id>
<revision>
<id>2356900</id>
<parentid>2126538</parentid>
<timestamp>2017-05-03T07:08:05Z</timestamp>
<contributor>
<username>HydrizBot</username>
<id>29590</id>
</contributor>
<minor />
<comment>Robô: A limpar links interwikis antigos</comment>
<model>wikitext</model>
<format>text/x-wiki</format>
<text bytes="278" xml:space="preserve">{{Wikipédia|lang=tr}}
={{-tr-}}=
{{elementos|Hf|lütesyum|Lu|tantal|Ta}}
==Substantivo==
'''hafniyum'''
# {{escopo|Química}} [[háfnio]]
==Ver também==
===No Wikcionário===
{{tabela periódica/tr}}
[[Categoria:Substantivo (Turco)]]
[[Categoria:Elemento químico (Turco)]]</text>
<sha1>6pzywaphjgnbiw9muo2fjjqdulmkuej</sha1>
</revision>
</page>
