<page>
<page>
<title>hafnín</title>
<ns>0</ns>
<id>73499</id>
<revision>
<id>2356902</id>
<parentid>1816592</parentid>
<timestamp>2017-05-03T07:08:11Z</timestamp>
<contributor>
<username>HydrizBot</username>
<id>29590</id>
</contributor>
<minor />
<comment>Robô: A limpar links interwikis antigos</comment>
<model>wikitext</model>
<format>text/x-wiki</format>
<text bytes="369" xml:space="preserve">={{-is-}}=
== Substantivo ==
'''hafnín''' ''neutro, forte, grupo 1 (sem plural)''
# {{escopo|Química}} [[háfnio]].
=== Declinação ===
{{decl.is.subst.forte.neu.1.sing|hafnín|}}
== Ver também ==
=== No Wikcionário ===
{{tabela periódica/is}}
[[Categoria:Substantivo (Islandês)]]
[[Categoria:Química (Islandês)]]
[[Categoria:Elemento químico (Islandês)]]</text>
<sha1>la0j782xgfgrxl6dg76dsfecjpws7wt</sha1>
</revision>
