<page>
<page>
<title>hafn</title>
<ns>0</ns>
<id>294766</id>
<revision>
<id>2530431</id>
<parentid>2356893</parentid>
<timestamp>2018-12-28T23:27:22Z</timestamp>
<contributor>
<username>Amigo7</username>
<id>58547</id>
</contributor>
<comment>Acrescentando código de língua à predefinição escopo</comment>
<model>wikitext</model>
<format>text/x-wiki</format>
<text bytes="329" xml:space="preserve">{{Wikipédia|lang=pl}}
={{-pl-}}=
==Substantivo==
{{elementos|Hf|lutet|Lu|tantal|Ta}}
'''hafn''', {{gramática|m}} {{gramática|ina}}, {{s/p}}
# {{escopo|pl|Elemento químico}} [[háfnio]]
==Ver também==
===No Wikcionário===
{{tabela periódica/pl}}
[[Categoria:Substantivo (Polonês)]]
[[Categoria:Monossílabo (Polonês)]]</text>
<sha1>fbtf2ybirqej1v4t5ua9qgkj55jw8ye</sha1>
</revision>
