<page>
<title>hafniom</title>
<ns>0</ns>
<id>383675</id>
<revision>
<id>2450594</id>
<timestamp>2017-09-17T11:16:57Z</timestamp>
<contributor>
<username>ValJor</username>
<id>1358</id>
</contributor>
<comment>Criação do verbete a partir da [[Especial:Páginas_pedidas|lista de palavras pedidas]]</comment>
<model>wikitext</model>
<format>text/x-wiki</format>
<text bytes="546" xml:space="preserve">{{Wikipédia|lang=br}}
={{-br-}}=
==Substantivo==
{{elementos|Hf|lutesiom|Lu|tantalom|Ta}}
'''hafniom'''
# {{escopo|br|Química}} [[háfnio]]
==Ver também==
===No Wikcionário===
{{tabela periódica/br}}
[[Categoria:Substantivo (Bretão)]]
[[Categoria:Elemento químico (Bretão)]]
={{-wa-}}=
==Substantivo==
{{elementos|Hf|luteciom|Lu|tantale|Ta}}
'''hafniom'''
# {{escopo|wa|Química}} [[háfnio]]
==Ver também==
===No Wikcionário===
{{tabela periódica/wa}}
[[Categoria:Substantivo (Valão)]]
[[Categoria:Elemento químico (Valão)]]</text>
<sha1>l14xoum4t1c17kfizmro5lydzwsmuuh</sha1>
</revision>
</page>
