<page>
<page>
<title>hafniu</title>
<ns>0</ns>
<id>121411</id>
<revision>
<id>2356898</id>
<parentid>2204101</parentid>
<timestamp>2017-05-03T07:07:54Z</timestamp>
<contributor>
<username>HydrizBot</username>
<id>29590</id>
</contributor>
<minor />
<comment>Robô: A limpar links interwikis antigos</comment>
<model>wikitext</model>
<format>text/x-wiki</format>
<text bytes="343" xml:space="preserve">[[Imagem:Hf-crystal bar.jpg|thumb|200px|&lt;center&gt;Háfnio&lt;/center&gt;]]
={{-ro-}}=
{{elementos|Hf|lutețiu|Lu|tantal|Ta}}
==Substantivo==
'''hafniu'''
# [[háfnio]]
==Ver também==
===No Wikcionário===
{{tabela periódica/ro}}
[[Categoria:Substantivo (Romeno)]]
[[Categoria:Elemento químico (Romeno)]]
[[Categoria:Entrada com imagem (Romeno)]]</text>
<sha1>rfeol1t6lpa3qca5pjwnyitx5qh1dmk</sha1>
</revision>
