<page>
<title>hafniwm</title>
<ns>0</ns>
<id>407217</id>
<revision>
<id>2537174</id>
<timestamp>2019-02-23T18:18:29Z</timestamp>
<contributor>
<username>Amigo7</username>
<id>58547</id>
</contributor>
<comment>Criação do verbete a partir da [[Especial:Páginas_pedidas|lista de palavras pedidas]]</comment>
<model>wikitext</model>
<format>text/x-wiki</format>
<text bytes="277" xml:space="preserve">={{-cy-}}=
==Substantivo==
{{elementos|Hf|lwtetiwm|Lu|tantalwm|Ta}}
'''hafniwm'''
# {{escopo|cy|Elemento químico}} [[háfnio]]
==={{-varort-}}===
* {{link idioma|haffniwm|cy}}
==Ver também==
===No Wikcionário===
{{tabela periódica/cy}}
[[Categoria:Substantivo (Galês)]]</text>
<sha1>mf9n7tkv6icyhsosh3pp04o6z0gzmkd</sha1>
</revision>
</page>
