<page>
<page>
<title>hafnjóm</title>
<ns>0</ns>
<id>316763</id>
<revision>
<id>2356901</id>
<parentid>2211103</parentid>
<timestamp>2017-05-03T07:08:07Z</timestamp>
<contributor>
<username>HydrizBot</username>
<id>29590</id>
</contributor>
<minor />
<comment>Robô: A limpar links interwikis antigos</comment>
<model>wikitext</model>
<format>text/x-wiki</format>
<text bytes="238" xml:space="preserve">={{-li-}}=
==Substantivo==
{{elementos|Hf|luteesjóm|Lu|tantaaljóm|Ta}}
'''hafnjóm'''
# {{escopo|li|Elemento químico}} [[háfnio]]
==Ver também==
===No Wikcionário===
{{tabela periódica/li}}
[[Categoria:Substantivo (Limburguês)]]</text>
<sha1>s662datldy93rmxwecmt1khq3u6jrzk</sha1>
</revision>
