<page>
<page>
<title>hafnyo</title>
<ns>0</ns>
<id>387679</id>
<revision>
<id>2468604</id>
<timestamp>2017-12-09T11:58:17Z</timestamp>
<contributor>
<username>ValJor</username>
<id>1358</id>
</contributor>
<comment>Criação do verbete a partir da [[Especial:Páginas_pedidas|lista de palavras pedidas]]</comment>
<model>wikitext</model>
<format>text/x-wiki</format>
<text bytes="584" xml:space="preserve">{{Wikipédia|lang=ceb}}
{{Wikipédia|lang=war}}
={{-ceb-}}=
==Substantivo==
{{elementos|Hf|lutesyo|Lu|tantalyo|Ta}}
'''hafnyo'''
# {{escopo|ceb|Química}} [[háfnio]]
==Ver também==
===No Wikcionário===
{{tabela periódica/ceb}}
[[Categoria:Substantivo (Cebuano)]]
[[Categoria:Elemento químico (Cebuano)]]
={{-war-}}=
==Substantivo==
{{elementos|Hf|lutesyo|Lu|tantalyo|Ta}}
'''hafnyo'''
# {{escopo|war|Química}} [[háfnio]]
==Ver também==
===No Wikcionário===
{{tabela periódica/war}}
[[Categoria:Substantivo (Waray-Waray)]]
[[Categoria:Elemento químico (Waray-Waray)]]</text>
<sha1>evfjo7wuc074nwwc85eqr7y938fej1u</sha1>
</revision>
