<page>
<page>
<title>hafniyu</title>
<ns>0</ns>
<id>402458</id>
<revision>
<id>2536571</id>
<parentid>2524382</parentid>
<timestamp>2019-02-16T21:31:03Z</timestamp>
<contributor>
<username>Amigo7</username>
<id>58547</id>
</contributor>
<model>wikitext</model>
<format>text/x-wiki</format>
<text bytes="300" xml:space="preserve">{{Wikipédia|lang=qu}}
={{-qu-}}=
==Substantivo==
{{elementos|Hf|lutesyu|Lu|tantalyu|Ta}}
'''hafniyu'''
# {{escopo|qu|Elemento químico}} [[háfnio]]
==={{-varort-}}===
* {{link idioma|hafnyu|qu}}
==Ver também==
===No Wikcionário===
{{tabela periódica/qu}}
[[Categoria:Substantivo (Quéchua)]]</text>
<sha1>devm29quql09zjcw82s8zzxl67aapza</sha1>
</revision>
