<page>
<title>hafnij</title>
<ns>0</ns>
<id>363143</id>
<revision>
<id>2356895</id>
<parentid>2159798</parentid>
<timestamp>2017-05-03T07:07:44Z</timestamp>
<contributor>
<username>HydrizBot</username>
<id>29590</id>
</contributor>
<minor />
<comment>Robô: A limpar links interwikis antigos</comment>
<model>wikitext</model>
<format>text/x-wiki</format>
<text bytes="498" xml:space="preserve">{{Wikipédia|lang=hr}}
{{Wikipédia|lang=sl}}
={{-hr-}}=
{{elementos|Hf|lutecij|Lu|tantal|Ta}}
==Substantivo==
'''hafnij'''
# {{escopo|hr|Elemento químico}} [[háfnio]]
==Ver também==
===No Wikcionário===
{{tabela periódica/hr}}
[[Categoria:Substantivo (Croata)]]
={{-sl-}}=
{{elementos|Hf|lutecij|Lu|tantal|Ta}}
==Substantivo==
'''hafnij'''
# {{escopo|sl|Elemento químico}} [[háfnio]]
==Ver também==
===No Wikcionário===
{{tabela periódica/sl}}
[[Categoria:Substantivo (Esloveno)]]</text>
<sha1>di811cmo3hc7i5u94j68q2yw2lwzk9g</sha1>
</revision>
</page>
