<page>
<title>hafnium</title>
<ns>0</ns>
<id>116614</id>
<revision>
<id>2545599</id>
<parentid>2356899</parentid>
<timestamp>2019-06-01T13:39:16Z</timestamp>
<contributor>
<username>Amigo7</username>
<id>58547</id>
</contributor>
<comment>+seção {{-az-}}</comment>
<model>wikitext</model>
<format>text/x-wiki</format>
<text bytes="1697" xml:space="preserve">{{Wikipédia|lang=af}}
{{Wikipédia|lang=az}}
{{Wikipédia|lang=fr}}
{{Wikipédia|lang=en}}
{{Wikipédia|lang=ia}}
{{Wikipédia|lang=la}}
={{-af-}}=
==Substantivo==
{{elementos|Hf|lutetium|Lu|tantaal|Ta}}
'''hafnium'''
# {{escopo|af|Elemento químico}} [[háfnio]]
==Ver também==
===No Wikcionário===
{{tabela periódica/af}}
{{categorias|{{nome categoria|af}}|Substantivo}}
={{-az-}}=
==Substantivo==
{{elementos|Hf|lutesium|Lu|tantal|Ta}}
'''hafnium'''
# {{escopo|az|Elemento químico}} [[háfnio]]
==Ver também==
===No Wikcionário===
{{tabela periódica/az}}
[[Categoria:Substantivo (Azerbaijano)]]
={{-fr-}}=
==Substantivo==
{{elementos|Hf|lutécium|Lu|tantale|Ta}}
'''hafnium'''
# {{escopo|fr|Elemento químico}} [[háfnio]]
==Ver também==
===No Wikcionário===
{{tabela periódica/fr}}
{{categorias|{{nome categoria|fr}}|Substantivo}}
={{-en-}}=
==Substantivo==
{{elementos|Hf|lutetium|Lu|tantalum|Ta}}
'''hafnium''', {{s/p}}
# {{escopo|en|Elemento químico}} [[háfnio]]
=={{etimologia|en}}==
{{llietimo|la|Hafnia|en}}, significando [[Copenhaga]], onde foi descoberto.
==Ver também==
===No Wikcionário===
{{tabela periódica/en}}
{{categorias|{{nome categoria|en}}|Substantivo}}
={{-ia-}}=
==Substantivo==
{{elementos|Hf|lutetium|Lu|tantalium|Ta}}
'''hafnium'''
# {{escopo|ia|Elemento químico}} [[háfnio]]
==Ver também==
===No Wikcionário===
{{tabela periódica/ia}}
{{categorias|{{nome categoria|ia}}|Substantivo}}
={{-la-}}=
==Substantivo==
{{elementos|Hf|lutetium|Lu|tantalum|Ta}}
'''hafnium'''
# {{escopo|la|Elemento químico}} [[háfnio]]
==Ver também==
===No Wikcionário===
{{tabela periódica/la}}
{{categorias|{{nome categoria|la}}|Substantivo}}</text>
<sha1>myx500v04jic5rhf1yk5lxe933nciz8</sha1>
</revision>
</page>
