<page>
<title>hafoin</title>
<ns>0</ns>
<id>61375</id>
<revision>
<id>2356903</id>
<parentid>1306243</parentid>
<timestamp>2017-05-03T07:08:14Z</timestamp>
<contributor>
<username>HydrizBot</username>
<id>29590</id>
</contributor>
<minor />
<comment>Robô: A limpar links interwikis antigos</comment>
<model>wikitext</model>
<format>text/x-wiki</format>
<text bytes="85" xml:space="preserve">={{-tet-}}=
==Advérbio==
'''hafoin'''
# [[depois]]
[[Categoria:Advérbio (Tétum)]]</text>
<sha1>2xndptgttm1x3kj7125qo9dfi7wl79j</sha1>
</revision>
</page>
