<page>
<title>Haftung</title>
<ns>0</ns>
<id>116998</id>
<revision>
<id>2270280</id>
<parentid>2185486</parentid>
<timestamp>2017-04-26T18:37:26Z</timestamp>
<contributor>
<username>HydrizBot</username>
<id>29590</id>
</contributor>
<minor />
<comment>Robô: A limpar links interwikis antigos</comment>
<model>wikitext</model>
<format>text/x-wiki</format>
<text bytes="129" xml:space="preserve">={{-de-}}=
==Substantivo==
'''Haf.tung''', ''feminino''
# [[garantia]], [[responsabilidade]]
[[Categoria:Substantivo (Alemão)]]</text>
<sha1>g1mpfl2feoopia0b0yj9jlrsawpiqsw</sha1>
</revision>
</page>
