<page>
<page>
<title>hafuhu</title>
<ns>0</ns>
<id>61376</id>
<revision>
<id>2356905</id>
<parentid>1306862</parentid>
<timestamp>2017-05-03T07:08:24Z</timestamp>
<contributor>
<username>HydrizBot</username>
<id>29590</id>
</contributor>
<minor />
<comment>Robô: A limpar links interwikis antigos</comment>
<model>wikitext</model>
<format>text/x-wiki</format>
<text bytes="92" xml:space="preserve">={{-tet-}}=
==Verbo==
'''hafuhu'''
# [[espreitar]]; [[espiar]]
[[Categoria:Verbo (Tétum)]]</text>
<sha1>o7l7yg7v89rti32ozir5l3urqnmlqup</sha1>
</revision>
