<page>
<page>
<title>Hagaja</title>
<ns>0</ns>
<id>362137</id>
<revision>
<id>2438547</id>
<parentid>2270281</parentid>
<timestamp>2017-07-17T20:38:36Z</timestamp>
<contributor>
<username>Leonardo José Raimundo</username>
<id>43489</id>
</contributor>
<comment>Eu estou colocando a quantidade de sílabas e a prosódia em letão do nome &quot;Hagaja&quot;.</comment>
<model>wikitext</model>
<format>text/x-wiki</format>
<text bytes="207" xml:space="preserve">={{-lv-}}=
==Substantivo==
{{paroxítona|Ha|ga|ja|lang=lv}}
# [[Ageu]]
==Ver também==
{{bíblia/lv}}
[[Categoria:Substantivo (Letão)]]
[[Categoria:Cristianismo (Letão)]]
[[Categoria:Religião (Letão)]]</text>
<sha1>rncfz89ldc5r1l4ebanonpnhtdj5o85</sha1>
</revision>
