<page>
<page>
<title>hagen</title>
<ns>0</ns>
<id>71720</id>
<revision>
<id>2356908</id>
<parentid>1970946</parentid>
<timestamp>2017-05-03T07:08:34Z</timestamp>
<contributor>
<username>HydrizBot</username>
<id>29590</id>
</contributor>
<minor />
<comment>Robô: A limpar links interwikis antigos</comment>
<model>wikitext</model>
<format>text/x-wiki</format>
<text bytes="157" xml:space="preserve">={{-no-}}=
== Forma de substantivo ==
'''hagen'''
# [[singular]] [[definido]] de '''[[hage#{{no}}|hage]]'''.
[[Categoria:Forma de substantivo (Norueguês)]]</text>
<sha1>jak6p3yhg9z5htnj829z499n3uws123</sha1>
</revision>
