<page>
<title>hagel</title>
<ns>0</ns>
<id>416273</id>
<revision>
<id>2563669</id>
<timestamp>2019-11-27T23:06:55Z</timestamp>
<contributor>
<username>MalafayaBot</username>
<id>628</id>
</contributor>
<comment>Criada automaticamente a partir das traduções em [[granizo]]</comment>
<model>wikitext</model>
<format>text/x-wiki</format>
<text bytes="137" xml:space="preserve">={{-sv-}}=
==Substantivo==
'''hagel'''
# [[granizo]]
{{página-automática|novembro|2019|granizo|sv}}
[[Categoria:Substantivo (Sueco)]]</text>
<sha1>h0i86el0qtwda1qds7fbhoo39mxvgfl</sha1>
</revision>
</page>
