<page>
<page>
<title>hager</title>
<ns>0</ns>
<id>71721</id>
<revision>
<id>2356910</id>
<parentid>2246165</parentid>
<timestamp>2017-05-03T07:08:40Z</timestamp>
<contributor>
<username>HydrizBot</username>
<id>29590</id>
</contributor>
<minor />
<comment>Robô: A limpar links interwikis antigos</comment>
<model>wikitext</model>
<format>text/x-wiki</format>
<text bytes="142" xml:space="preserve">={{-no-}}=
== Forma de substantivo ==
'''hager'''
# [[plural]] de '''[[hage#{{no}}|hage]]'''.
[[Categoria:Forma de substantivo (Norueguês)]]</text>
<sha1>k1826uht7q8dhq47xo1yqzgs2gd7qk0</sha1>
</revision>
