<page>
<page>
<title>hage</title>
<ns>0</ns>
<id>71719</id>
<revision>
<id>2356906</id>
<parentid>2245320</parentid>
<timestamp>2017-05-03T07:08:29Z</timestamp>
<contributor>
<username>HydrizBot</username>
<id>29590</id>
</contributor>
<minor />
<comment>Robô: A limpar links interwikis antigos</comment>
<model>wikitext</model>
<format>text/x-wiki</format>
<text bytes="267" xml:space="preserve">={{-no-}}=
== Substantivo ==
'''hage''', ''masculino''
# [[jardim]].
=== Declinação ===
{{decl.no.subst.masc.1|hag|e=e}}
== Etimologia ==
: Do Nórdico Antigo, ''[[hagi]]''.
[[Categoria:Substantivo (Norueguês)]]
[[Categoria:Entrada com etimologia (Norueguês)]]</text>
<sha1>sk9231sc8sz58aw86m7z00wi79oqx84</sha1>
</revision>
