<page>
<page>
<title>Haggai</title>
<ns>0</ns>
<id>371419</id>
<revision>
<id>2655848</id>
<parentid>2591955</parentid>
<timestamp>2021-12-23T12:09:03Z</timestamp>
<contributor>
<username>Leonardo José Raimundo</username>
<id>43489</id>
</contributor>
<comment>Eu estou colocando a versão em lavukaleve do nome &quot;Haggai&quot;.</comment>
<model>wikitext</model>
<format>text/x-wiki</format>
<text bytes="3303" xml:space="preserve">={{-af-}}=
==Substantivo==
{{oxítona|Hag|gai|lang=af}}
# {{escopo|af|Cristianismo|religião}} [[Ageu]]
==Ver também==
===No Wikcionário===
{{bíblia/af}}
[[Categoria:Substantivo (Africâner)]]
={{-de-}}=
==Substantivo==
{{oxítona|Hag|gai|lang=de}}
# {{escopo|de|Cristianismo|religião}} [[Ageu]]
===Declinação===
{{decl.de.subst.próprio.masc}}
==Ver também==
===No Wikcionário===
{{bíblia/de}}
[[Categoria:Substantivo (Alemão)]]
={{-sco-}}=
==Substantivo==
{{oxítona|Hag|gai|lang=sco}}
# {{escopo|sco|Cristianismo|religião}} [[Ageu]]
==Ver também==
===No Wikcionário===
{{bíblia/sco}}
[[Categoria:Substantivo (Escocês)]]
={{-et-}}=
==Substantivo==
{{oxítona|Hag|gai|lang=et}}
# {{escopo|et|Cristianismo|religião}} [[Ageu]]
==Ver também==
===No Wikcionário===
{{bíblia/et}}
[[Categoria:Substantivo (Estoniano)]]
={{-fo-}}=
==Substantivo==
{{oxítona|Hag|gai|lang=fo}}
# {{escopo|fo|Cristianismo|religião}} [[Ageu]]
==Ver também==
===No Wikcionário===
{{bíblia/fo}}
[[Categoria:Substantivo (Feroês)]]
={{-fy-}}=
==Substantivo==
{{oxítona|Hag|gai|lang=fy}}
# {{escopo|fy|Cristianismo|religião}} [[Ageu]]
==Ver também==
===No Wikcionário===
{{bíblia/fy}}
[[Categoria:Substantivo (Frísio)]]
={{-cy-}}=
==Substantivo==
{{oxítona|Hag|gai|lang=cy}}
# {{escopo|cy|Cristianismo|religião}} [[Ageu]]
==Ver também==
===No Wikcionário===
{{bíblia/cy}}
[[Categoria:Substantivo (Galês)]]
={{-nl-}}=
==Substantivo==
{{oxítona|Hag|gai|lang=nl}}
# {{escopo|nl|Cristianismo|religião}} [[Ageu]]
==Ver também==
===No Wikcionário===
{{bíblia/nl}}
[[Categoria:Substantivo (Holandês)]]
={{-en-}}=
==Substantivo==
{{oxítona|Hag|gai|lang=en}}
# {{escopo|en|Cristianismo|religião}} [[Ageu]]
==Ver também==
===No Wikcionário===
{{bíblia/en}}
[[Categoria:Substantivo (Inglês)]]
={{-ia-}}=
==Substantivo==
{{oxítona|Hag|gai|lang=ia}}
# {{escopo|ia|Cristianismo|religião}} [[Ageu]]
==Ver também==
===No Wikcionário===
{{bíblia/ia}}
[[Categoria:Substantivo (Interlíngua)]]
={{-lvk-}}=
==Substantivo==
{{oxítona|Hag|gai|lang=lvk}}
# {{escopo|lvk|Cristianismo|religião}} [[Ageu]]
==Ver também==
===No Wikcionário===
{{bíblia/lvk}}
[[Categoria:Substantivo (Lavukaleve)]]
={{-li-}}=
==Substantivo==
{{oxítona|Hag|gai|lang=li}}
# {{escopo|li|Cristianismo|religião}} [[Ageu]]
===Declinação===
{{decl.li.subst|Haggai|Haggai|Haggaies|Haggai|Haggai|Haggaier|Haggaier|Haggaiese|Haggaier|Haggaier|Haggaiske|Haggaiskes|Haggaieske|Haggaiske|Haggaiske|Haggaiskes|Haggaiskes|Haggaieskes|Haggaiskes|Haggaiskes}}
==Ver também==
===No Wikcionário===
{{bíblia/li}}
[[Categoria:Substantivo (Limburguês)]]
={{-gv-}}=
==Substantivo==
{{oxítona|Hag|gai|lang=gv}}
# {{escopo|gv|Cristianismo|religião}} [[Ageu]]
==Ver também==
===No Wikcionário===
{{bíblia/gv}}
[[Categoria:Substantivo (Manquês)]]
={{-no-}}=
==Substantivo==
{{oxítona|Hag|gai|lang=no}}
# {{escopo|no|Cristianismo|religião}} [[Ageu]]
===Declinação===
{{decl.no.subst.próprio}}
==Ver também==
===No Wikcionário===
{{bíblia/no}}
[[Categoria:Substantivo (Norueguês)]]
={{-zea-}}=
==Substantivo==
{{oxítona|Hag|gai|lang=zea}}
# {{escopo|zea|Cristianismo|religião}} [[Ageu]]
==Ver também==
===No Wikcionário===
{{bíblia/zea}}
[[Categoria:Substantivo (Zelandês)]]</text>
<sha1>1hq12tzbhmfzs6zdqwr53ohqp57y5b1</sha1>
</revision>
