<page>
<title>Haggaí</title>
<ns>0</ns>
<id>439485</id>
<revision>
<id>2656407</id>
<timestamp>2021-12-30T03:36:59Z</timestamp>
<contributor>
<username>Leonardo José Raimundo</username>
<id>43489</id>
</contributor>
<comment>Eu estou criando o nome &quot;Haggaí&quot;.</comment>
<model>wikitext</model>
<format>text/x-wiki</format>
<text bytes="198" xml:space="preserve">={{-is-}}=
==Substantivo==
{{oxítona|Hag|ga|í|lang=is}}
# {{escopo|is|Cristianismo|religião}} [[Ageu]]
==Ver também==
===No Wikcionário===
{{bíblia/is}}
[[Categoria:Substantivo (Islandês)]]</text>
<sha1>nnodya8k0g3p5u7361f6vvne9yvjv9k</sha1>
</revision>
</page>
