<page>
<title>hagiolátricas</title>
<ns>0</ns>
<id>339372</id>
<revision>
<id>2489018</id>
<parentid>1925950</parentid>
<timestamp>2018-03-14T11:18:20Z</timestamp>
<contributor>
<username>MIL973</username>
<id>41339</id>
</contributor>
<model>wikitext</model>
<format>text/x-wiki</format>
<text bytes="206" xml:space="preserve">={{-pt-}}=
==Forma de adjetivo==
{{proparoxítona|ha|gi|o|lá|tri|cas}}, {{gramática|fp}}
# feminino plural de [[hagiolátrico]]
{{avi-for-fle|hagiolátrico}}
[[Categoria:Forma de adjetivo (Português)]]</text>
<sha1>huiykoup5m85dsmx7g9szyec2849n7j</sha1>
</revision>
</page>
