<page>
<title>hagiasmo</title>
<ns>0</ns>
<id>36070</id>
<revision>
<id>2516383</id>
<parentid>2512799</parentid>
<timestamp>2018-08-24T10:40:30Z</timestamp>
<contributor>
<username>ValJor</username>
<id>1358</id>
</contributor>
<comment>Eliminando [[agiasmo]] da lista de [[Especial:Lonelypages|órfãos]]</comment>
<model>wikitext</model>
<format>text/x-wiki</format>
<text bytes="343" xml:space="preserve">={{-pt-}}=
==Substantivo==
{{flex.pt|ms=hagiasmo|mp=hagiasmos}}
{{paroxítona|ha|gi|as|mo}}, {{gramática|m}}
# [[cerimônia]] da [[benção]] da [[água]] na qual os sacerdotes aspergem o povo grego no primeiro domingo de cada mês
==={{-varort-}}===
* [[agiasmo]]
[[Categoria:Substantivo (Português)]]
[[Categoria:Religião (Português)]]</text>
<sha1>8ixk1ia5xauuj1po1m5m0e2s99qap5p</sha1>
</revision>
</page>
