<page>
<page>
<title>hagiólatras</title>
<ns>0</ns>
<id>324543</id>
<revision>
<id>2489014</id>
<parentid>1925945</parentid>
<timestamp>2018-03-14T11:14:30Z</timestamp>
<contributor>
<username>MIL973</username>
<id>41339</id>
</contributor>
<model>wikitext</model>
<format>text/x-wiki</format>
<text bytes="198" xml:space="preserve">={{-pt-}}=
==Forma de substantivo==
{{proparoxítona|ha|gi|ó|la|tras}}, {{gramática|c2gp}}
# plural de [[hagiólatra]]
{{avi-for-fle|hagiólatra}}
[[Categoria:Forma de substantivo (Português)]]</text>
<sha1>02f1b02tr06p6bwahef3fg8ji1n8vww</sha1>
</revision>
