<page>
<page>
<title>hagiomaquia</title>
<ns>0</ns>
<id>64594</id>
<revision>
<id>2073501</id>
<parentid>1599951</parentid>
<timestamp>2016-03-20T18:45:51Z</timestamp>
<contributor>
<username>Defender</username>
<id>15952</id>
</contributor>
<comment>Um verbete a menos usando a [[Predefinição:flex.pt.feminino|predefinição flex.pt.feminino]]</comment>
<model>wikitext</model>
<format>text/x-wiki</format>
<text bytes="461" xml:space="preserve">={{-pt-}}=
==Substantivo==
{{flex.pt|fs=hagiomaquia|fp=hagiomaquias}}
{{paroxítona|ha|gi|o|ma|qui|a}}, {{f}} {{+info|data=1858}}
# [[guerra]] [[santo|santa]]
# [[martirológio]]
=={{etimologia|pt}}==
:{{escopo|Morfologia}} [[hagio-]] + [[-maquia]].
==Ver também==
===No Wikcionário===
{{verTambém.Ini}}
* [[hagiômaco]]
{{verTambém.NovaColuna}}
* [[hagiómaco]]
{{verTambém.Fim}}
[[Categoria:Substantivo (Português)]]
[[Categoria:Religião (Português)]]</text>
<sha1>p3s20ghow8shiqrlivngiscb7plj0y8</sha1>
</revision>
