<page>
<page>
<title>hagiónimo</title>
<ns>0</ns>
<id>342521</id>
<revision>
<id>2356918</id>
<parentid>1976723</parentid>
<timestamp>2017-05-03T07:09:00Z</timestamp>
<contributor>
<username>HydrizBot</username>
<id>29590</id>
</contributor>
<minor />
<comment>Robô: A limpar links interwikis antigos</comment>
<model>wikitext</model>
<format>text/x-wiki</format>
<text bytes="162" xml:space="preserve">={{-pt-}}=
==Substantivo==
{{proparoxítona|ha|gi|ó|ni|mo}} 
# o mesmo que [[hierónimo]]
# {{escopo|grafia no Brasil}} [[hagiônimo]]
[[Categoria:Lusitanismo]]</text>
<sha1>56r2g8udryb7sbd8w935ojmfnl7utpn</sha1>
</revision>
