<page>
<page>
<title>hagiológico</title>
<ns>0</ns>
<id>64590</id>
<revision>
<id>1523434</id>
<parentid>1185117</parentid>
<timestamp>2012-11-20T15:24:01Z</timestamp>
<contributor>
<username>ValJor</username>
<id>1358</id>
</contributor>
<comment>Melhorando a apresentação do verbete segundo o AO 1990: adjectivo --&gt; adjetivo</comment>
<model>wikitext</model>
<format>text/x-wiki</format>
<text bytes="808" xml:space="preserve">={{-pt-}}=
==Adjetivo==
{{flex.pt|ms=hagiológico|mp=hagiológicos|fs=hagiológica|fp=hagiológicas}}
{{proparoxítona|ha|gi|o|ló|gi|co}}
# que trata dos [[santo]]s
==Substantivo==
{{flex.pt|ms=hagiológico|mp=hagiológicos}}
{{proparoxítona|ha|gi|o|ló|gi|co}}
# [[descrição]] da [[vida]] dos santos
# [[história]] dos santos
#* ''...e inferiormente corre na banqueta, corre na banqueta um friso de santos, que eu agora confesso de repente não me lembro dos santos mas são santos do '''hagiológico''' lusitano, são santos A: Pois (.. ) X: Aqui frequentemente li(..), creio que era um são.. Um são bento um são braz e, e outros que não me lembro agora de repente.'' - CORPUS DE REFERÊNCIA DO PORTUGUÊS CONTEMPORÂNEO
[[Categoria:Adjetivo (Português)]]
[[Categoria:Substantivo (Português)]]</text>
<sha1>ocwwvnpq26r3he1of5d26epsxy7nngr</sha1>
</revision>
