<page>
<page>
<title>hagiologista</title>
<ns>0</ns>
<id>106361</id>
<revision>
<id>2459776</id>
<parentid>1605703</parentid>
<timestamp>2017-11-08T11:51:05Z</timestamp>
<contributor>
<username>ValJor</username>
<id>1358</id>
</contributor>
<comment>Um verbete a menos usando a [[Predefinição:flex.pt.com2|predefinição flex.pt.com2]]</comment>
<model>wikitext</model>
<format>text/x-wiki</format>
<text bytes="1122" xml:space="preserve">={{-pt-}}=
==Adjetivo==
{{flex.pt|s=hagiologista|p=hagiologistas|s-div=ha.gi.o.lo.{{grifar|gis}}.ta|p-div=ha.gi.o.lo.{{grifar|gis}}.tas}}
{{paroxítona|ha|gi|o|lo|gis|ta}}, {{gramática|c2g}}
# {{escopo|pt|Religião|Cristianismo}} referente à [[hagiologia]]/[[hagiológio]]
==Substantivo==
{{paroxítona|ha|gi|o|lo|gis|ta}}, {{gramática|c2g}}
# {{escopo|pt|Religião|Cristianismo}} [[especialista]] em [[hagiologia]]/[[hagiológio]]
===Sinônimo===
* [[hagiólogo]]
=={{etimologia|pt}}==
: {{escopo|Morfologia}} [[hagiologia]] + [[-ista]].
=={{pronúncia|pt}}==
===Brasil===
* [[AFI]]: {{AFI|/ɐ.ʒɪ.o.lo.ˈʒis.tɐ/}}, {{AFI|/ɐ.ʒjo.lo.ˈʒis.tɐ/}}
* [[X-SAMPA]]: /6.ZI.O.lo.&quot;Zis.t6/, /6.ZjO.lo.&quot;Zis.t6/
==Ver também==
===No Wikcionário===
{{verTambém.Ini}}
* [[biografia]]
* [[hagiografia]]
* [[hagiográfico]]
{{verTambém.Fim}}
===Na Wikipédia===
{{verTambém.Ini}}
* [[w:Hagiológio|hagiologia/hagiológio]]
* [[w:Santo|santo]]
{{verTambém.Fim}}
==Ligações externas==
* {{Aulete}}
* {{Michaelis}}
* {{PLP}}
* {{VOLPABL}}
[[Categoria:Substantivo (Português)]]
[[Categoria:Profissão (Português)]]</text>
<sha1>fwjvvsv7vydpj7rr9iyw19og86hube9</sha1>
</revision>
