<page>
<page>
<title>hagiografista</title>
<ns>0</ns>
<id>106359</id>
<revision>
<id>2414108</id>
<parentid>1605701</parentid>
<timestamp>2017-05-24T09:35:42Z</timestamp>
<contributor>
<username>ValJor</username>
<id>1358</id>
</contributor>
<comment>Verbete [[:Categoria:!Página com idioma não informado em Predefinição:etimologia|sem indicação do idioma na seção de etimologia]]</comment>
<model>wikitext</model>
<format>text/x-wiki</format>
<text bytes="1204" xml:space="preserve">={{-pt-}}=
==Substantivo==
{{flex.pt|s=hagiografista|p=hagiografistas|s-div=ha.gi.o.gra.{{grifar|fis}}.ta|p-div=ha.gi.o.gra.{{grifar|fis}}.tas}}
{{paroxítona|ha|gi|o|gra|fis|ta}}, {{gramática|c2g}}
# {{escopo|pt|Literatura|Religião|Cristianismo}} [[autor]] de [[hagiografia]]s, [[escritor]] que conta a [[vida]] de [[santo]]s
===Sinônimos===
* [[hagiógrafo]], [[hagiólogo]]
===Tradução===
{{tradini}}
* {{trad|fr|hagiographe}}
* {{trad|io|hagiografo}}
{{tradmeio}} 
* {{trad|en|hagiographist|hagiologist}}
* {{trad|la|hagiographus}}
{{tradfim}}
=={{etimologia|pt}}==
: {{escopo|Morfologia}} [[hagiografia]] + [[-ista]].
=={{pronúncia|pt}}==
===Brasil===
* [[AFI]]: {{AFI|/ɐ.ʒɪ.o.gɾɐ.ˈfis.tɐ/}}, {{AFI|/ɐ.ʒjo.gɾɐ.ˈfis.tɐ/}}
* [[X-SAMPA]]: /6.ZI.O.g46.&quot;fis.t6/, /6.ZjO.g46.&quot;fis.t6/
==Ver também==
===No Wikcionário===
{{verTambém.Ini}}
* [[biografia]]
* [[hagiográfico]]
* [[hagiologia]]
{{verTambém.Fim}}
===No Wikcionário===
{{verTambém.Ini}}
* [[w:Hagiografia|hagiografia]]
* [[w:Santo|santo]]
{{verTambém.Fim}}
==Ligações externas==
* {{Aulete}}
* {{Michaelis}}
* {{PLP}}
* {{VOLPABL}}
[[Categoria:Substantivo (Português)]]
[[Categoria:Profissão (Português)]]</text>
<sha1>6tpxa4w2gakggou7s54tvzhmnpmbpa8</sha1>
</revision>
