<page>
<page>
<title>hagiolátrica</title>
<ns>0</ns>
<id>339374</id>
<revision>
<id>2489020</id>
<parentid>1925954</parentid>
<timestamp>2018-03-14T11:18:56Z</timestamp>
<contributor>
<username>MIL973</username>
<id>41339</id>
</contributor>
<model>wikitext</model>
<format>text/x-wiki</format>
<text bytes="197" xml:space="preserve">={{-pt-}}=
==Forma de adjetivo==
{{proparoxítona|ha|gi|o|lá|tri|ca}}, {{gramática|f}}
# feminino de [[hagiolátrico]]
{{avi-for-fle|hagiolátrico}}
[[Categoria:Forma de adjetivo (Português)]]</text>
<sha1>edfrrku6c36q7189jsooadqwpp40i37</sha1>
</revision>
