<page>
<title>hagiolatrias</title>
<ns>0</ns>
<id>324540</id>
<revision>
<id>2489016</id>
<parentid>1925943</parentid>
<timestamp>2018-03-14T11:16:30Z</timestamp>
<contributor>
<username>MIL973</username>
<id>41339</id>
</contributor>
<model>wikitext</model>
<format>text/x-wiki</format>
<text bytes="194" xml:space="preserve">={{-pt-}}=
==Forma de substantivo==
{{paroxítona|ha|gi|o|la|tri|as}}, {{gramática|fp}}
# plural de [[hagiolatria]]
{{avi-for-fle|hagiolatria}}
[[Categoria:Forma de substantivo (Português)]]</text>
<sha1>ok4fiawrbalvbd3ilaxsx9c54gdtq9u</sha1>
</revision>
</page>
