<page>
<page>
<title>hagi</title>
<ns>0</ns>
<id>36067</id>
<revision>
<id>2356912</id>
<parentid>1955266</parentid>
<timestamp>2017-05-03T07:08:47Z</timestamp>
<contributor>
<username>HydrizBot</username>
<id>29590</id>
</contributor>
<minor />
<comment>Robô: A limpar links interwikis antigos</comment>
<model>wikitext</model>
<format>text/x-wiki</format>
<text bytes="163" xml:space="preserve">={{-pt-}}=
[[Categoria:Substantivo (Português)]]
'''{{PAGENAME}}, [[agi]]  [ha.gi] ''' ''substantivo masculino''
# o mulçumano que fez uma peregrinação a Meca</text>
<sha1>0jvnax2zyx9md0k3nlcsljz4d2dysfb</sha1>
</revision>
