<page>
<title>hagiossemantro</title>
<ns>0</ns>
<id>64595</id>
<revision>
<id>2512774</id>
<parentid>2512773</parentid>
<timestamp>2018-07-23T04:25:14Z</timestamp>
<contributor>
<username>Askekamo</username>
<id>60711</id>
</contributor>
<model>wikitext</model>
<format>text/x-wiki</format>
<text bytes="195" xml:space="preserve">={{-pt-}}=
==Substantivo==
{{paroxítona|ha|gi|os|se|man|tro}}, {{gramática|m}}
# [[instrumento]] de [[madeira]] que [[substituir|substitui]] os [[sino]]s
[[Categoria:Substantivo (Português)]]</text>
<sha1>ayqantw6lusyjjtfp8f8yt3tj5ey36k</sha1>
</revision>
</page>
