<page>
<page>
<title>hagiômaco</title>
<ns>0</ns>
<id>122427</id>
<revision>
<id>2562392</id>
<parentid>1599954</parentid>
<timestamp>2019-11-22T12:28:49Z</timestamp>
<contributor>
<username>ValJor</username>
<id>1358</id>
</contributor>
<comment>Verbete [[:Categoria:!Página com idioma não informado em Predefinição:etimologia|sem indicação do idioma na seção de etimologia]]</comment>
<model>wikitext</model>
<format>text/x-wiki</format>
<text bytes="687" xml:space="preserve">{{grafiaPtbr|hagiómaco}}
={{-pt-}}=
==Substantivo==
{{flex.pt|ms=hagiômaco|mp=hagiômacos|fs=hagiômaca|fp=hagiômacas}}
{{proparoxítona|ha|gi|ô|ma|co}} {{+info|data=1727}}
# [[herege]] que segue a [[hagiomaquia]]
=={{etimologia|pt}}==
: {{escopo|Morfologia}} [[hagio-]] + [[–maco]].
==Ligações externas==
* {{Aulete}}
* [http://michaelis.uol.com.br/busca?r=0&amp;f=0&amp;t=0&amp;palavra=hagi%C3%B4maco “hagiômaco”], in Trevisan, R. (coord.); Weiszflog, W. (ed.). Michaelis: Moderno Dicionário da Língua Portuguesa. São Paulo: Melhoramentos, 2012 (nova ortografia). ISBN 978-85-06-06953-0
* {{DPLP}}
* {{Infopédia}}
* {{PLP}}
* {{VOLPABL}}
[[Categoria:Substantivo (Português)]]</text>
<sha1>frhanzfqqu6pte3wn3zmkwa3e5v96kf</sha1>
</revision>
