<page>
<title>hagiolátrico</title>
<ns>0</ns>
<id>339371</id>
<revision>
<id>2495319</id>
<parentid>2489017</parentid>
<timestamp>2018-04-10T00:19:44Z</timestamp>
<contributor>
<username>MIL973</username>
<id>41339</id>
</contributor>
<model>wikitext</model>
<format>text/x-wiki</format>
<text bytes="500" xml:space="preserve">={{-pt-}}=
==Substantivo==
{{flex.pt|ms=hagiolátrico|mp=hagiolátricos|fs=hagiolátrica|fp=hagiolátricas}}
{{proparoxítona|ha|gi|o|lá|tri|co}}, {{gramática|m}}
# {{escopo|pt|Religião}} relativo a [[hagiólatra]] ou a [[hagiolatria]]
=={{etimologia|pt}}==
: {{escopo|Morfologia}} De [[hagio-]] + [[-látrico]].
==Ver também==
===No Wikcionário===
* [[santo]]
====Wikisaurus====
* [[Wikisaurus:religião|religião]]
==Ligações externas==
* {{VOLPABL}}
[[Categoria:Adjetivo (Português)]]</text>
<sha1>cyizejmon45sfv00rwro8e8whh0zzna</sha1>
</revision>
</page>
