<page>
<title>hagiologia</title>
<ns>0</ns>
<id>64589</id>
<revision>
<id>2356916</id>
<parentid>1676138</parentid>
<timestamp>2017-05-03T07:08:56Z</timestamp>
<contributor>
<username>HydrizBot</username>
<id>29590</id>
</contributor>
<minor />
<comment>Robô: A limpar links interwikis antigos</comment>
<model>wikitext</model>
<format>text/x-wiki</format>
<text bytes="412" xml:space="preserve">={{-pt-}}=
[[Categoria:Substantivo (Português)]]
'''{{PAGENAME}}''' ''substantivo feminino ''
# [[descrição]] [[da]] [[vida]] [[dos]] [[santos]]
# [[história]] [[dos]] [[santos]]
::*''Vamos embora. Íamos passando e entra-mos só para dar boa noite - disse Monsenhor Jesuíno. - Mas recebemos uma aula de '''hagiologia''' aqui do nosso amigo comentou Frei Amintas.'' Maria de Lourdes Teixeira - RUA AUGUSTA</text>
<sha1>2xt24bj53tnujxrrclwf82ld9ikgdsa</sha1>
</revision>
</page>
