<page>
<page>
<title>hahalok</title>
<ns>0</ns>
<id>5098</id>
<revision>
<id>2356921</id>
<parentid>1771639</parentid>
<timestamp>2017-05-03T07:09:07Z</timestamp>
<contributor>
<username>HydrizBot</username>
<id>29590</id>
</contributor>
<minor />
<comment>Robô: A limpar links interwikis antigos</comment>
<model>wikitext</model>
<format>text/x-wiki</format>
<text bytes="93" xml:space="preserve">={{-tet-}}=
==Substantivo==
'''hahalok'''  
# [[ação]]
[[Categoria:Substantivo (Tétum)]]</text>
<sha1>sjm7jbzvpmqg73w0pmkfbz678pjnh0t</sha1>
</revision>
