<page>
<page>
<title>hahk</title>
<ns>0</ns>
<id>222521</id>
<revision>
<id>2356923</id>
<parentid>2261203</parentid>
<timestamp>2017-05-03T07:09:12Z</timestamp>
<contributor>
<username>HydrizBot</username>
<id>29590</id>
</contributor>
<minor />
<comment>Robô: A limpar links interwikis antigos</comment>
<model>wikitext</model>
<format>text/x-wiki</format>
<text bytes="343" xml:space="preserve">={{-vep-}}=
==Adjetivo==
'''{{PAGENAME}}'''
# [[cinza]]
# [[cinzento]]
# [[acinzentado]]
==Substantivo==
'''hahk'''
# a cor [[cinza]]
==Ver também==
* [[must]]
* [[vihand]]
* [[rusked]]
* [[pakuine]]
* [[sinine]]
* [[vauged]]
* [[bur]]
* [[oranž]]
[[Categoria:Adjetivo (Vepso)]]
[[Categoria:Substantivo (Vepso)]]
[[Categoria:Cor (Vepso)]]</text>
<sha1>sr29tal6m343ha6cmjd9fbtu96bm93a</sha1>
</revision>
