<page>
<title>hahoris</title>
<ns>0</ns>
<id>61378</id>
<revision>
<id>2356924</id>
<parentid>1306863</parentid>
<timestamp>2017-05-03T07:09:14Z</timestamp>
<contributor>
<username>HydrizBot</username>
<id>29590</id>
</contributor>
<minor />
<comment>Robô: A limpar links interwikis antigos</comment>
<model>wikitext</model>
<format>text/x-wiki</format>
<text bytes="93" xml:space="preserve">={{-tet-}}=
==Verbo==
'''hahoris'''
# [[parir]]; [[dar à luz]]
[[Categoria:Verbo (Tétum)]]</text>
<sha1>hgzfiqsh7otzf5aeodw5y63j153ntpp</sha1>
</revision>
</page>
