<page>
<page>
<title>hahán</title>
<ns>0</ns>
<id>61377</id>
<revision>
<id>2356925</id>
<parentid>1306548</parentid>
<timestamp>2017-05-03T07:09:16Z</timestamp>
<contributor>
<username>HydrizBot</username>
<id>29590</id>
</contributor>
<minor />
<comment>Robô: A limpar links interwikis antigos</comment>
<model>wikitext</model>
<format>text/x-wiki</format>
<text bytes="89" xml:space="preserve">={{-tet-}}=
==Substantivo==
'''hahán'''
# [[comida]]
[[Categoria:Substantivo (Tétum)]]</text>
<sha1>pvn4e2ih52oo0fxitue8nkulk8khkyx</sha1>
</revision>
