<page>
<title>haias</title>
<ns>0</ns>
<id>390885</id>
<revision>
<id>2477279</id>
<timestamp>2018-01-13T17:55:22Z</timestamp>
<contributor>
<username>Imivorn</username>
<id>64513</id>
</contributor>
<comment>[[Ajuda:Guia de edição/Menus e ferramentas/Sumário de edição|→]] nova página: ={{-mwl-}}= ==Forma verbal== {{paroxítona|hai|as|língua=mwl}} # [[segunda pessoa]] do [[singular]] no pre...</comment>
<model>wikitext</model>
<format>text/x-wiki</format>
<text bytes="274" xml:space="preserve">={{-mwl-}}=
==Forma verbal==
{{paroxítona|hai|as|língua=mwl}}
# [[segunda pessoa]] do [[singular]] no [[presente]] do [[conjuntivo]] de [[haber#{{mwl}}|haber]]
==={{-varort-}}===
* {{link opcional|habas|mwl}}
{{avi-for-fle|haber}}
[[Categoria:Forma verbal (Mirandês)]]</text>
<sha1>b2v2nlrsukc6n7dr3gwep9hmp8p4lv1</sha1>
</revision>
</page>
