<page>
<title>haidd</title>
<ns>0</ns>
<id>318438</id>
<revision>
<id>2532030</id>
<parentid>2356928</parentid>
<timestamp>2019-01-09T16:18:58Z</timestamp>
<contributor>
<username>ValJor</username>
<id>1358</id>
</contributor>
<comment>Confirmando [[:Categoria:!Entrada criada por robô|verbete criado por robô]]</comment>
<model>wikitext</model>
<format>text/x-wiki</format>
<text bytes="211" xml:space="preserve">{{Wikipédia|lang=cy}}
={{-cy-}}=
==Substantivo==
'''haidd'''
# [[cevada]]
===Sinônimo===
* [[barlys]]
[[Categoria:Substantivo (Galês)]]
[[Categoria:Alimentação (Galês)]]
[[Categoria:Botânica (Galês)]]</text>
<sha1>7xjovpz116bcxg7u4z4ovpsjj0j6arz</sha1>
</revision>
</page>
