<page>
<page>
<title>Haifisch</title>
<ns>0</ns>
<id>38780</id>
<revision>
<id>2270286</id>
<parentid>2102025</parentid>
<timestamp>2017-04-26T18:37:50Z</timestamp>
<contributor>
<username>HydrizBot</username>
<id>29590</id>
</contributor>
<minor />
<comment>Robô: A limpar links interwikis antigos</comment>
<model>wikitext</model>
<format>text/x-wiki</format>
<text bytes="621" xml:space="preserve">={{-de-}}=
== Substantivo ==
'''Hai.fisch''' ''masculino, forte''
# [[tubarão]]
=== Sinônimo ===
* (''de 1'') [[Hai]].
=== Declinação ===
{{decl.de.subst.masc|gs=(e)s|ds=e|np=e|Haifisch}}
== Pronúncia ==
* [[Ajuda:Guia de pronúncia|AFI]]: {{AFI|['haɪ̯fɪʃ]}}&lt;small&gt;, Plural:&lt;/small&gt;{{AFI|[ˈhaɪ̯fɪʃə]}}.
== Pronúncia ==
* De ''[[Hai#{{de}}|Hai]]'' (''&quot;tubarão&quot;'') + ''[[Fisch#{{de}}|Fisch]]'' (''&quot;peixe&quot;'').
[[Categoria:Substantivo (Alemão)]]
[[Categoria:Peixe (Alemão)]]
[[Categoria:Zoologia (Alemão)]]
[[Categoria:Entrada com pronúncia (Alemão)]]
[[Categoria:Entrada com etimologia (Alemão)]]</text>
<sha1>4slzu7r8unoyhasii76hk5xgp9f83m1</sha1>
</revision>
