<page>
<title>haigo</title>
<ns>0</ns>
<id>241967</id>
<revision>
<id>2356930</id>
<parentid>2219026</parentid>
<timestamp>2017-05-03T07:09:31Z</timestamp>
<contributor>
<username>HydrizBot</username>
<id>29590</id>
</contributor>
<minor />
<comment>Robô: A limpar links interwikis antigos</comment>
<model>wikitext</model>
<format>text/x-wiki</format>
<text bytes="111" xml:space="preserve">={{-ja-}}=
==Transliteração==
# transliteração de [[はいご]]
[[Categoria:Transliteração (Japonês)]]</text>
<sha1>80tb81c3b508o0nlhutvytimqgu067z</sha1>
</revision>
</page>
