<page>
<title>haiiro</title>
<ns>0</ns>
<id>268795</id>
<revision>
<id>2219027</id>
<parentid>2093776</parentid>
<timestamp>2017-01-05T00:14:25Z</timestamp>
<contributor>
<username>Tribuno da Plebe</username>
<id>16095</id>
</contributor>
<comment>/* {{-ja-}} */</comment>
<model>wikitext</model>
<format>text/x-wiki</format>
<text bytes="114" xml:space="preserve">={{-ja-}}=
==Transliteração==
# transliteração de [[はいいろ]]
[[Categoria:Transliteração (Japonês)]]</text>
<sha1>bnozq7t37aj3gg330as15zg57y9nkpy</sha1>
</revision>
</page>
