<page>
<title>haikingu</title>
<ns>0</ns>
<id>237989</id>
<revision>
<id>2219030</id>
<parentid>2093812</parentid>
<timestamp>2017-01-05T00:15:23Z</timestamp>
<contributor>
<username>Tribuno da Plebe</username>
<id>16095</id>
</contributor>
<comment>/* {{-ja-}} */</comment>
<model>wikitext</model>
<format>text/x-wiki</format>
<text bytes="117" xml:space="preserve">={{-ja-}}=
==Transliteração==
# transliteração de [[ハイキング]]
[[Categoria:Transliteração (Japonês)]]</text>
<sha1>60a0tcdm9ye9799cwsa6yjj8y4rqr5d</sha1>
</revision>
</page>
