<page>
<title>hail</title>
<ns>0</ns>
<id>8547</id>
<revision>
<id>2356934</id>
<parentid>2150915</parentid>
<timestamp>2017-05-03T07:09:48Z</timestamp>
<contributor>
<username>HydrizBot</username>
<id>29590</id>
</contributor>
<minor />
<comment>Robô: A limpar links interwikis antigos</comment>
<model>wikitext</model>
<format>text/x-wiki</format>
<text bytes="574" xml:space="preserve">={{-en-}}=
== Interjeição ==
'''hail'''
# indica saudação, [[salve]], [[ave]].
=== Fraseologia ===
* '''[[Hail Mary]]''': [[Ave Maria]].
== Substantivo ==
'''hail'''
# [[granizo]]
=== Fraseologia ===
* '''[[shower of hail]]''': [[chuva de granizo]].
== Verbo ==
{{conj.en|to hail|hails|hailed|hailed|hailing}}
to '''hail'''
# [[saudar]];
# [[chamar]] a [[atenção]] de;
# [[ser]] [[nativo]] de.
=== Fraseologia ===
* '''to hail a taxi''': [[chamar]] um táxi.
[[Categoria:Substantivo (Inglês)]]
[[Categoria:Interjeição (Inglês)]]
[[Categoria:Verbo (Inglês)]]</text>
<sha1>fo28dz33ngm4kuuqkhzj4q8c6kojlqw</sha1>
</revision>
</page>
