<page>
<page>
<title>haine</title>
<ns>0</ns>
<id>49540</id>
<revision>
<id>2544669</id>
<parentid>2544666</parentid>
<timestamp>2019-05-20T13:16:45Z</timestamp>
<contributor>
<username>Lo Ximiendo</username>
<id>21963</id>
</contributor>
<model>wikitext</model>
<format>text/x-wiki</format>
<text bytes="222" xml:space="preserve">={{-roa-brg-}}=
==Substantivo==
'''haine'''
# [[ódio]]
[[Categoria:Substantivo (Borgonhês)]]
={{-fr-}}=
==Substantivo==
'''haine'''
# [[ódio]].
[[Categoria:Substantivo (Francês)]]
[[Categoria:Sentimento (Francês)]]</text>
<sha1>egchl9zlfoszw4y1pb1vo62wh94zlrv</sha1>
</revision>
