<page>
<page>
<title>haipyreporã</title>
<ns>0</ns>
<id>286798</id>
<revision>
<id>1390693</id>
<timestamp>2012-03-21T22:27:13Z</timestamp>
<contributor>
<username>MalafayaBot</username>
<id>628</id>
</contributor>
<comment>Criada automaticamente a partir das traduções em [[literatura]]</comment>
<model>wikitext</model>
<format>text/x-wiki</format>
<text bytes="150" xml:space="preserve">={{-gn-}}=
==Substantivo==
'''haipyreporã'''
# [[literatura]]
{{página-automática|março|2012|literatura|gn}}
[[Categoria:Substantivo (Guarani)]]</text>
<sha1>lgptbi4kb9hphtq92jq4i0vf2vakwdd</sha1>
</revision>
