<page>
<page>
<title>hairdryer</title>
<ns>0</ns>
<id>433062</id>
<revision>
<id>2630641</id>
<parentid>2630639</parentid>
<timestamp>2021-04-16T05:48:08Z</timestamp>
<contributor>
<username>GabMarquetto</username>
<id>81219</id>
</contributor>
<model>wikitext</model>
<format>text/x-wiki</format>
<text bytes="189" xml:space="preserve">={{-en-}}=
==Substantivo==
{{flex.en|s=hairdryer|p=hairdryers}}
'''hairdryer'''
#[[secador de cabelo]]
===Sinônimos===
*[[blow-dryer]]
*[[hair dryer]]
[[Categoria:Substantivo (Inglês)]]</text>
<sha1>t7h5hbpjjkg0rrfpe2nx2e5j67h4m0l</sha1>
</revision>
