<page>
<page>
<title>hairu</title>
<ns>0</ns>
<id>101953</id>
<revision>
<id>2356941</id>
<parentid>2219032</parentid>
<timestamp>2017-05-03T07:10:21Z</timestamp>
<contributor>
<username>HydrizBot</username>
<id>29590</id>
</contributor>
<minor />
<comment>Robô: A limpar links interwikis antigos</comment>
<model>wikitext</model>
<format>text/x-wiki</format>
<text bytes="111" xml:space="preserve">={{-ja-}}=
==Transliteração==
# transliteração de [[はいる]]
[[Categoria:Transliteração (Japonês)]]</text>
<sha1>9a7qq35d94jwmd20yvcvf8a3ri1thrx</sha1>
</revision>
