<page>
<title>haissuaque</title>
<ns>0</ns>
<id>91331</id>
<revision>
<id>2589985</id>
<parentid>1210535</parentid>
<timestamp>2020-06-10T12:36:41Z</timestamp>
<contributor>
<username>MSchoentgen</username>
<id>77084</id>
</contributor>
<minor />
<comment>Deletion of superfluous space</comment>
<model>wikitext</model>
<format>text/x-wiki</format>
<text bytes="345" xml:space="preserve">={{-pt-}}=
'''{{PAGENAME}} || hai.ssu.a.que || hais.su.a.que &lt;sup&gt;&lt;small&gt;([[translineação]])&lt;/small&gt;&lt;/sup&gt; ||'''   
==Substantivo, &lt;small&gt;''feminino''&lt;/small&gt;==   
# {{escopo|Termo timorense}} arado rudimentar de madeira pontiagudo para amanhar e revolver a terra
[[Categoria:Substantivo (Português)]]
[[Categoria:Polissílabo (Português)]]</text>
<sha1>j2ecqpqb5wk8yar1ym120eh355h7kp1</sha1>
</revision>
</page>
