<page>
<page>
<title>haiso</title>
<ns>0</ns>
<id>243512</id>
<revision>
<id>2356942</id>
<parentid>2219033</parentid>
<timestamp>2017-05-03T07:10:23Z</timestamp>
<contributor>
<username>HydrizBot</username>
<id>29590</id>
</contributor>
<minor />
<comment>Robô: A limpar links interwikis antigos</comment>
<model>wikitext</model>
<format>text/x-wiki</format>
<text bytes="125" xml:space="preserve">={{-ja-}}=
==Transliteração==
# transliteração de [[はいそ]]/[[ハイソ]]
[[Categoria:Transliteração (Japonês)]]</text>
<sha1>2tkprpksf6nv984tnflwvgz642nyrie</sha1>
</revision>
