<page>
<title>haitiana</title>
<ns>0</ns>
<id>334638</id>
<revision>
<id>2356943</id>
<parentid>1882516</parentid>
<timestamp>2017-05-03T07:10:26Z</timestamp>
<contributor>
<username>HydrizBot</username>
<id>29590</id>
</contributor>
<minor />
<comment>Robô: A limpar links interwikis antigos</comment>
<model>wikitext</model>
<format>text/x-wiki</format>
<text bytes="302" xml:space="preserve">={{-pt-}}=
==Forma de adjetivo==
{{paroxítona|hai|ti|a|na}}, {{f}}
# feminino de [[haitiano]]
==Forma de substantivo==
{{paroxítona|hai|ti|a|na}}, {{f}}
# feminino de [[haitiano]]
{{avi-for-fle|haitiano}}
[[Categoria:Forma de adjetivo (Português)]]
[[Categoria:Forma de substantivo (Português)]]</text>
<sha1>lpyejmsr6duermk5pc4zar2jj95rg0k</sha1>
</revision>
</page>
