<page>
<title>haitatsu</title>
<ns>0</ns>
<id>301571</id>
<revision>
<id>2219034</id>
<parentid>2093863</parentid>
<timestamp>2017-01-05T00:19:25Z</timestamp>
<contributor>
<username>Tribuno da Plebe</username>
<id>16095</id>
</contributor>
<model>wikitext</model>
<format>text/x-wiki</format>
<text bytes="114" xml:space="preserve">={{-ja-}}=
==Transliteração==
# transliteração de [[はいたつ]]
[[Categoria:Transliteração (Japonês)]]</text>
<sha1>4wayj9lbjicpxassbrkwwwaehudsv24</sha1>
</revision>
</page>
