<page>
<page>
<title>Haiti</title>
<ns>0</ns>
<id>55115</id>
<revision>
<id>2606833</id>
<parentid>2567932</parentid>
<timestamp>2021-01-02T12:48:57Z</timestamp>
<contributor>
<username>Amigo7</username>
<id>58547</id>
</contributor>
<comment>Substituindo a tag &lt;center&gt; pela predefinição {centro}</comment>
<model>wikitext</model>
<format>text/x-wiki</format>
<text bytes="28096" xml:space="preserve">{{Wikipédia}}
{{Wikipédia|lang=gsw}}
{{Wikipédia|lang=de}}
{{Wikipédia|lang=az}}
{{Wikipédia|lang=nds}}
{{Wikipédia|lang=bjn}}
{{Wikipédia|lang=eu}}
{{Wikipédia|lang=bar}}
{{Wikipédia|lang=bcl}}
{{Wikipédia|lang=bs}}
{{Wikipédia|lang=ceb}}
{{Wikipédia|lang=cbk}}
{{Wikipédia|lang=cs}}
{{Wikipédia|lang=sn}}
{{Wikipédia|lang=co}}
{{Wikipédia|lang=hr}}
{{Wikipédia|lang=diq}}
{{Wikipédia|lang=da}}
{{Wikipédia|lang=sco}}
{{Wikipédia|lang=sk}}
{{Wikipédia|lang=sl}}
{{Wikipédia|lang=et}}
{{Wikipédia|lang=fo}}
{{Wikipédia|lang=fi}}
{{Wikipédia|lang=frr}}
{{Wikipédia|lang=gd}}
{{Wikipédia|lang=gag}}
{{Wikipédia|lang=cy}}
{{Wikipédia|lang=hak}}
{{Wikipédia|lang=hif}}
{{Wikipédia|lang=hu}}
{{Wikipédia|lang=io}}
{{Wikipédia|lang=ilo}}
{{Wikipédia|lang=id}}
{{Wikipédia|lang=simple}}
{{Wikipédia|lang=en}}
{{Wikipédia|lang=ia}}
{{Wikipédia|lang=ie}}
{{Wikipédia|lang=it}}
{{Wikipédia|lang=jv}}
{{Wikipédia|lang=ee}}
{{Wikipédia|lang=ki}}
{{Wikipédia|lang=lv}}
{{Wikipédia|lang=lij}}
{{Wikipédia|lang=lmo}}
{{Wikipédia|lang=lb}}
{{Wikipédia|lang=ms}}
{{Wikipédia|lang=mg}}
{{Wikipédia|lang=gv}}
{{Wikipédia|lang=cdo}}
{{Wikipédia|lang=nan}}
{{Wikipédia|lang=pih}}
{{Wikipédia|lang=no}}
{{Wikipédia|lang=nov}}
{{Wikipédia|lang=nn}}
{{Wikipédia|lang=pam}}
{{Wikipédia|lang=pap}}
{{Wikipédia|lang=pms}}
{{Wikipédia|lang=pl}}
{{Wikipédia|lang=ro}}
{{Wikipédia|lang=se}}
{{Wikipédia|lang=sc}}
{{Wikipédia|lang=sh}}
{{Wikipédia|lang=so}}
{{Wikipédia|lang=hsb}}
{{Wikipédia|lang=dsb}}
{{Wikipédia|lang=sw}}
{{Wikipédia|lang=sv}}
{{Wikipédia|lang=su}}
{{Wikipédia|lang=crh}}
{{Wikipédia|lang=tt}}
{{Wikipédia|lang=tr}}
{{Wikipédia|lang=vec}}
{{Wikipédia|lang=vep}}
{{Wikipédia|lang=vi}}
{{Wikipédia|lang=vro}}
{{Wikipédia|lang=war}}
{{Wikipédia|lang=za}}
[[Imagem:Flag of Haiti.svg|thumb|right|250px|{{centro|Bandeira do Haiti}}]]
[[Imagem:LocationHaiti.svg|thumb|right|250px|{{centro|Localização do Haiti}}]]
={{-pt-}}=
==Substantivo==
{{oxítona|Hai|ti}}, {{gramática|m|pr}}
# {{escopo|pt|País}} [[país]] [[insular]] [[caribenho]], sua [[capital]] é [[Porto Príncipe]]
===Tradução===
{{tradini}}
* {{trad|ay|Ayti}}
* {{trad|sq|Haiti}}
* {{trad|gsw|Haiti}}
* {{trad|de|Haiti}}
* {{trad|ar|هايتي}}
* {{trad|an|Aití}}
* {{trad|nds|Haiti}}
* {{trad|eu|Haiti}}
* {{trad|bn|হাইতি}}
* {{trad|be|Гаіці}}
* {{trad|bs|Haiti}}
* {{trad|br|Haiti}}
* {{trad|bg|Хаити}}
* {{trad|ca|Haití}}
* {{trad|kk|Гаити}}
* {{trad|cs|Haiti}}
* {{trad|zh|海地}}
* {{trad|ko|아이티}}
* {{trad|kw|Hayti}}
* {{trad|hr|Haiti}}
* {{trad|ku|Haîtî}}
* {{trad|diq|Haiti}}
* {{trad|da|Haiti}}
* {{trad|sk|Haiti}}
* {{trad|sl|Haiti}}
* {{trad|es|Haití}}
* {{trad|eo|Haitio}}
* {{trad|et|Haiti}}
* {{trad|fi|Haiti}}
* {{trad|fr|Haïti}}
* {{trad|frp|Hayiti}}
* {{trad|fy|Haiti}}
* {{trad|gl|Haití}}
* {{trad|cy|Haiti}}
* {{trad|ka|ჰაიტი}}
* {{trad|el|Αϊτή}}
* {{trad|ht|Ayiti}}
* {{trad|he|האיטי}}
* {{trad|hi|हइती}}
* {{trad|nl|Haïti}}
* {{trad|hu|Haiti}}
* {{trad|io|Haiti}}
* {{trad|yi|האַיטי}}
* {{trad|ilo|Haiti}}
* {{trad|id|Haiti}}
* {{trad|en|Haiti}}
{{tradmeio}}
* {{trad|ia|Haiti}}
* {{trad|is|Haítí}}
* {{trad|it|Haiti}}
* {{trad|ja|ハイチ}}
* {{trad|kg|Ayiti}}
* {{trad|la|Haitia}}
* {{trad|lv|Haiti}}
* {{trad|lij|Haiti}}
* {{trad|ln|Haiti}}
* {{trad|lfn|Aiti|Аити}}
* {{trad|lt|Haitis}}
* {{trad|mk|Хаити}}
* {{trad|ms|Haiti}}
* {{trad|mr|हैती}}
* {{trad|nan|Haiti}}
* {{trad|na|Haiti}}
* {{trad|no|Haiti}}
* {{trad|nov|Haiti}}
* {{trad|nn|Haiti}}
* {{trad|oc|Haití}}
* {{trad|pam|Haiti}}
* {{trad|ps|هېياتي}}
* {{trad|fa|هائیتی}}
* {{trad|pms|Haiti}}
* {{trad|pl|Haiti}}
* {{trad|qu|Ayti mama llaqta}}
* {{trad|ro|Haiti}}
* {{trad|ru|Гаити}}
* {{trad|sa|हेटी}}
* {{trad|sr|Хаити}}
* {{trad|sh|Haiti}}
* {{trad|scn|Aiti}}
* {{trad|hsb|Haiti}}
* {{trad|dsb|Haiti}}
* {{trad|sw|Haiti}}
* {{trad|sv|Haiti}}
* {{trad|tl|Haïti}}
* {{trad|th|เฮติ}}
* {{trad|tt|Haiti}}
* {{trad|tr|Haiti}}
* {{trad|uk|Гаїті}}
* {{trad|ug|ھايتى}}
* {{trad|wo|Aayti}}
* {{trad|vec|Haiti}}
* {{trad|vi|Haiti}}
* {{trad|vo|Haitiyän}}
{{tradfim}}
=={{etimologia|pt}}==
: Das línguas indígenas taíno / arawak ''Hayiti / Hayti'' significando ''terra montanhosa''.
==Ver também==
===No Wikcionário===
* gentílico: [[haitiano]]
* unidade monetária: [[gourde]]
{{América/pt}}
[[Categoria:Substantivo (Português)]]
[[Categoria:Entrada com imagem (Português)]]
={{-sq-}}=
==Substantivo==
'''Haiti''', {{gramática|pr}}
# {{escopo|sq|País}} [[Haiti#Português|Haiti]]
==Ver também==
===No Wikcionário===
{{América/sq}}
[[Categoria:Substantivo (Albanês)]]
[[Categoria:Entrada com imagem (Albanês)]]
={{-gsw-}}=
==Substantivo==
'''Haiti''', {{gramática|pr}}
# {{escopo|gsw|País}} [[Haiti#Português|Haiti]]
==Ver também==
===No Wikcionário===
{{América/gsw}}
[[Categoria:Substantivo (Alemânico)]]
[[Categoria:Entrada com imagem (Alemânico)]]
={{-de-}}=
==Substantivo==
'''Haiti''', {{gramática|pr}}
# {{escopo|de|País}} [[Haiti#Português|Haiti]]
==Ver também==
===No Wikcionário===
{{América/de}}
[[Categoria:Substantivo (Alemão)]]
[[Categoria:Entrada com imagem (Alemão)]]
={{-rup-}}=
==Substantivo==
'''Haiti''', {{gramática|pr}}
# {{escopo|rup|País}} [[Haiti#Português|Haiti]]
==Ver também==
===No Wikcionário===
{{América/rup}}
[[Categoria:Substantivo (Arromeno)]]
[[Categoria:Entrada com imagem (Arromeno)]]
={{-az-}}=
==Substantivo==
'''Haiti''', {{gramática|pr}}
# {{escopo|az|País}} [[Haiti#Português|Haiti]]
==Ver também==
===No Wikcionário===
{{América/az}}
[[Categoria:Substantivo (Azerbaijano)]]
[[Categoria:Entrada com imagem (Azerbaijano)]]
={{-nds-}}=
==Substantivo==
'''Haiti''', {{gramática|pr}}
# {{escopo|nds|País}} [[Haiti#Português|Haiti]]
==Ver também==
===No Wikcionário===
{{América/nds}}
[[Categoria:Substantivo (Baixo Saxão)]]
[[Categoria:Entrada com imagem (Baixo Saxão)]]
={{-bjn-}}=
==Substantivo==
'''Haiti''', {{gramática|pr}}
# {{escopo|bjn|País}} [[Haiti#Português|Haiti]]
==Ver também==
===No Wikcionário===
{{América/bjn}}
[[Categoria:Substantivo (Banjar)]]
[[Categoria:Entrada com imagem (Banjar)]]
={{-eu-}}=
==Substantivo==
'''Haiti''', {{gramática|pr}}
# {{escopo|eu|País}} [[Haiti#Português|Haiti]]
==Ver também==
===No Wikcionário===
{{América/eu}}
[[Categoria:Substantivo (Basco)]]
[[Categoria:Entrada com imagem (Basco)]]
={{-bar-}}=
==Substantivo==
'''Haiti''', {{gramática|pr}}
# {{escopo|bar|País}} [[Haiti#Português|Haiti]]
==Ver também==
===No Wikcionário===
{{América/bar}}
[[Categoria:Substantivo (Bávaro)]]
[[Categoria:Entrada com imagem (Bávaro)]]
={{-bcl-}}=
==Substantivo==
'''Haiti''', {{gramática|pr}}
# {{escopo|bcl|País}} [[Haiti#Português|Haiti]]
==Ver também==
===No Wikcionário===
{{América/bcl}}
[[Categoria:Substantivo (Bicolano Central)]]
[[Categoria:Entrada com imagem (Bicolano Central)]]
={{-bs-}}=
==Substantivo==
'''Haiti''', {{gramática|pr}}
# {{escopo|bs|País}} [[Haiti#Português|Haiti]]
==Ver também==
===No Wikcionário===
{{América/bs}}
[[Categoria:Substantivo (Bósnio)]]
[[Categoria:Entrada com imagem (Bósnio)]]
={{-br-}}=
==Substantivo==
'''Haiti''', {{gramática|pr}}
# {{escopo|br|País}} [[Haiti#Português|Haiti]]
==Ver também==
===No Wikcionário===
{{América/br}}
[[Categoria:Substantivo (Bretão)]]
[[Categoria:Entrada com imagem (Bretão)]]
={{-ceb-}}=
==Substantivo==
'''Haiti''', {{gramática|pr}}
# {{escopo|ceb|País}} [[Haiti#Português|Haiti]]
==Ver também==
===No Wikcionário===
{{América/ceb}}
[[Categoria:Substantivo (Cebuano)]]
[[Categoria:Entrada com imagem (Cebuano)]]
={{-cbk-}}=
==Substantivo==
'''Haiti''', {{gramática|pr}}
# {{escopo|cbk|País}} [[Haiti#Português|Haiti]]
==Ver também==
===No Wikcionário===
{{América/cbk}}
[[Categoria:Substantivo (Chavacano)]]
[[Categoria:Entrada com imagem (Chavacano)]]
={{-cs-}}=
==Substantivo==
'''Haiti''', {{gramática|pr}}
# {{escopo|cs|País}} [[Haiti#Português|Haiti]]
==Ver também==
===No Wikcionário===
{{América/cs}}
[[Categoria:Substantivo (Checo)]]
[[Categoria:Entrada com imagem (Checo)]]
={{-chy-}}=
==Substantivo==
'''Haiti''', {{gramática|pr}}
# {{escopo|chy|País}} [[Haiti#Português|Haiti]]
==Ver também==
===No Wikcionário===
{{América/chy}}
[[Categoria:Substantivo (Cheyenne)]]
[[Categoria:Entrada com imagem (Cheyenne)]]
={{-sn-}}=
==Substantivo==
'''Haiti''', {{gramática|pr}}
# {{escopo|sn|País}} [[Haiti#Português|Haiti]]
==Ver também==
===No Wikcionário===
{{América/sn}}
[[Categoria:Substantivo (Chona)]]
[[Categoria:Entrada com imagem (Chona)]]
={{-co-}}=
==Substantivo==
'''Haiti''', {{gramática|pr}}
# {{escopo|co|País}} [[Haiti#Português|Haiti]]
==Ver também==
===No Wikcionário===
{{América/co}}
[[Categoria:Substantivo (Corso)]]
[[Categoria:Entrada com imagem (Corso)]]
={{-hr-}}=
==Substantivo==
'''Haiti''', {{gramática|pr}}
# {{escopo|hr|País}} [[Haiti#Português|Haiti]]
==Ver também==
===No Wikcionário===
{{América/hr}}
[[Categoria:Substantivo (Croata)]]
[[Categoria:Entrada com imagem (Croata)]]
={{-diq-}}=
==Substantivo==
'''Haiti''', {{gramática|pr}}
# {{escopo|diq|País}} [[Haiti#Português|Haiti]]
==Ver também==
===No Wikcionário===
{{América/diq}}
[[Categoria:Substantivo (Dimili)]]
[[Categoria:Entrada com imagem (Dimili)]]
={{-da-}}=
==Substantivo==
'''Haiti''', {{gramática|pr}}
# {{escopo|da|País}} [[Haiti#Português|Haiti]]
==Ver também==
===No Wikcionário===
{{América/da}}
[[Categoria:Substantivo (Dinamarquês)]]
[[Categoria:Entrada com imagem (Dinamarquês)]]
={{-sco-}}=
==Substantivo==
'''Haiti''', {{gramática|pr}}
# {{escopo|sco|País}} [[Haiti#Português|Haiti]]
==Ver também==
===No Wikcionário===
{{América/sco}}
[[Categoria:Substantivo (Escocês)]]
[[Categoria:Entrada com imagem (Escocês)]]
={{-sk-}}=
==Substantivo==
'''Haiti''', {{gramática|pr}}
# {{escopo|sk|País}} [[Haiti#Português|Haiti]]
==Ver também==
===No Wikcionário===
{{América/sk}}
[[Categoria:Substantivo (Eslovaco)]]
[[Categoria:Entrada com imagem (Eslovaco)]]
={{-sl-}}=
==Substantivo==
'''Haiti''', {{gramática|pr}}
# {{escopo|sl|País}} [[Haiti#Português|Haiti]]
==Ver também==
===No Wikcionário===
{{América/sl}}
[[Categoria:Substantivo (Esloveno)]]
[[Categoria:Entrada com imagem (Esloveno)]]
={{-et-}}=
==Substantivo==
'''Haiti''', {{gramática|pr}}
# {{escopo|et|País}} [[Haiti#Português|Haiti]]
==Ver também==
===No Wikcionário===
{{América/et}}
[[Categoria:Substantivo (Estoniano)]]
[[Categoria:Entrada com imagem (Estoniano)]]
={{-fo-}}=
==Substantivo==
'''Haiti''', {{gramática|pr}}
# {{escopo|fo|País}} [[Haiti#Português|Haiti]]
==Ver também==
===No Wikcionário===
{{América/fo}}
[[Categoria:Substantivo (Feroês)]]
[[Categoria:Entrada com imagem (Feroês)]]
={{-fi-}}=
==Substantivo==
'''Haiti''', {{gramática|pr}}
# {{escopo|fi|País}} [[Haiti#Português|Haiti]]
==Ver também==
===No Wikcionário===
{{América/fi}}
[[Categoria:Substantivo (Finlandês)]]
[[Categoria:Entrada com imagem (Finlandês)]]
={{-vls-}}=
==Substantivo==
'''Haiti''', {{gramática|pr}}
# {{escopo|vls|País}} [[Haiti#Português|Haiti]]
==Ver também==
===No Wikcionário===
{{América/vls}}
[[Categoria:Substantivo (Flamengo)]]
[[Categoria:Entrada com imagem (Flamengo)]]
={{-frr-}}=
==Substantivo==
'''Haiti''', {{gramática|pr}}
# {{escopo|frr|País}} [[Haiti#Português|Haiti]]
==Ver também==
===No Wikcionário===
{{América/frr}}
[[Categoria:Substantivo (Frísio Setentrional)]]
[[Categoria:Entrada com imagem (Frísio Setentrional)]]
={{-fy-}}=
==Substantivo==
'''Haiti''', {{gramática|pr}}
# {{escopo|fy|País}} [[Haiti#Português|Haiti]]
==Ver também==
===No Wikcionário===
{{América/fy}}
[[Categoria:Substantivo (Frísio)]]
[[Categoria:Entrada com imagem (Frísio)]]
={{-fur-}}=
==Substantivo==
'''Haiti''', {{gramática|pr}}
# {{escopo|fur|País}} [[Haiti#Português|Haiti]]
==Ver também==
===No Wikcionário===
{{América/fur}}
[[Categoria:Substantivo (Friuliano)]]
[[Categoria:Entrada com imagem (Friuliano)]]
={{-gd-}}=
==Substantivo==
'''Haiti''', {{gramática|pr}}
# {{escopo|gd|País}} [[Haiti#Português|Haiti]]
==Ver também==
===No Wikcionário===
{{América/gd}}
[[Categoria:Substantivo (Gaélico Escocês)]]
[[Categoria:Entrada com imagem (Gaélico Escocês)]]
={{-gag-}}=
==Substantivo==
'''Haiti''', {{gramática|pr}}
# {{escopo|gag|País}} [[Haiti#Português|Haiti]]
==Ver também==
===No Wikcionário===
{{América/gag}}
[[Categoria:Substantivo (Gagauz)]]
[[Categoria:Entrada com imagem (Gagauz)]]
={{-cy-}}=
==Substantivo==
'''Haiti''', {{gramática|pr}}
# {{escopo|cy|País}} [[Haiti#Português|Haiti]]
==Ver também==
===No Wikcionário===
{{América/cy}}
[[Categoria:Substantivo (Galês)]]
[[Categoria:Entrada com imagem (Galês)]]
={{-hak-}}=
==Substantivo==
'''Haiti''', {{gramática|pr}}
# {{escopo|hak|País}} [[Haiti#Português|Haiti]]
==Ver também==
===No Wikcionário===
{{América/hak}}
[[Categoria:Substantivo (Hakka)]]
[[Categoria:Entrada com imagem (Hakka)]]
={{-hif-}}=
==Substantivo==
'''Haiti''', {{gramática|pr}}
# {{escopo|hif|País}} [[Haiti#Português|Haiti]]
==Ver também==
===No Wikcionário===
{{América/hif}}
[[Categoria:Substantivo (Hindi Fijiano)]]
[[Categoria:Entrada com imagem (Hindi Fijiano)]]
={{-hu-}}=
==Substantivo==
'''Haiti''', {{gramática|pr}}
# {{escopo|hu|País}} [[Haiti#Português|Haiti]]
==Ver também==
===No Wikcionário===
{{América/hu}}
[[Categoria:Substantivo (Húngaro)]]
[[Categoria:Entrada com imagem (Húngaro)]]
={{-ig-}}=
==Substantivo==
'''Haiti''', {{gramática|pr}}
# {{escopo|ig|País}} [[Haiti#Português|Haiti]]
==Ver também==
===No Wikcionário===
{{América/ig}}
[[Categoria:Substantivo (Ibo)]]
[[Categoria:Entrada com imagem (Ibo)]]
={{-io-}}=
==Substantivo==
'''Haiti''', {{gramática|pr}}
# {{escopo|io|País}} [[Haiti#Português|Haiti]]
==Ver também==
===No Wikcionário===
{{América/io}}
[[Categoria:Substantivo (Ido)]]
[[Categoria:Entrada com imagem (Ido)]]
={{-ilo-}}=
==Substantivo==
'''Haiti''', {{gramática|pr}}
# {{escopo|ilo|País}} [[Haiti#Português|Haiti]]
==Ver também==
===No Wikcionário===
{{América/ilo}}
[[Categoria:Substantivo (Ilocano)]]
[[Categoria:Entrada com imagem (Ilocano)]]
={{-id-}}=
==Substantivo==
'''Haiti''', {{gramática|pr}}
# {{escopo|id|País}} [[Haiti#Português|Haiti]]
==Ver também==
===No Wikcionário===
{{América/id}}
[[Categoria:Substantivo (Indonésio)]]
[[Categoria:Entrada com imagem (Indonésio)]]
={{-ang-}}=
==Substantivo==
'''Haiti''', {{gramática|pr}}
# {{escopo|ang|País}} [[Haiti#Português|Haiti]]
==Ver também==
===No Wikcionário===
{{América/ang}}
[[Categoria:Substantivo (Inglês Antigo)]]
[[Categoria:Entrada com imagem (Inglês Antigo)]]
={{-en-}}=
==Substantivo==
'''Haiti''', {{gramática|pr}}
# {{escopo|en|País}} [[Haiti#Português|Haiti]]
==Ver também==
===No Wikcionário===
{{América/en}}
[[Categoria:Substantivo (Inglês)]]
[[Categoria:Entrada com imagem (Inglês)]]
={{-ia-}}=
==Substantivo==
'''Haiti''', {{gramática|pr}}
# {{escopo|ia|País}} [[Haiti#Português|Haiti]]
==Ver também==
===No Wikcionário===
{{América/ia}}
[[Categoria:Substantivo (Interlíngua)]]
[[Categoria:Entrada com imagem (Interlíngua)]]
={{-ie-}}=
==Substantivo==
'''Haiti''', {{gramática|pr}}
# {{escopo|ie|País}} [[Haiti#Português|Haiti]]
==Ver também==
===No Wikcionário===
{{América/ie}}
[[Categoria:Substantivo (Interlíngue)]]
[[Categoria:Entrada com imagem (Interlíngue)]]
={{-yo-}}=
==Substantivo==
'''Haiti''', {{gramática|pr}}
# {{escopo|yo|País}} [[Haiti#Português|Haiti]]
==Ver também==
===No Wikcionário===
{{América/yo}}
[[Categoria:Substantivo (Iorubá)]]
[[Categoria:Entrada com imagem (Iorubá)]]
={{-it-}}=
==Substantivo==
'''Haiti''', {{gramática|pr}}
# {{escopo|it|País}} [[Haiti#Português|Haiti]]
==Ver também==
===No Wikcionário===
{{América/it}}
[[Categoria:Substantivo (Italiano)]]
[[Categoria:Entrada com imagem (Italiano)]]
={{-jv-}}=
==Substantivo==
'''Haiti''', {{gramática|pr}}
# {{escopo|jv|País}} [[Haiti#Português|Haiti]]
==Ver também==
===No Wikcionário===
{{América/jv}}
[[Categoria:Substantivo (Javanês)]]
[[Categoria:Entrada com imagem (Javanês)]]
={{-ee-}}=
==Substantivo==
'''Haiti''', {{gramática|pr}}
# {{escopo|ee|País}} [[Haiti#Português|Haiti]]
==Ver também==
===No Wikcionário===
{{América/ee}}
[[Categoria:Substantivo (Jeje)]]
[[Categoria:Entrada com imagem (Jeje)]]
={{-ki-}}=
==Substantivo==
'''Haiti''', {{gramática|pr}}
# {{escopo|ki|País}} [[Haiti#Português|Haiti]]
==Ver também==
===No Wikcionário===
{{América/ki}}
[[Categoria:Substantivo (Kikuyo)]]
[[Categoria:Entrada com imagem (Kikuyo)]]
={{-lv-}}=
==Substantivo==
'''Haiti''', {{gramática|pr}}
# {{escopo|lv|País}} [[Haiti#Português|Haiti]]
==Ver também==
===No Wikcionário===
{{América/lv}}
[[Categoria:Substantivo (Letão)]]
[[Categoria:Entrada com imagem (Letão)]]
={{-lij-}}=
==Substantivo==
'''Haiti''', {{gramática|pr}}
# {{escopo|lij|País}} [[Haiti#Português|Haiti]]
==Ver também==
===No Wikcionário===
{{América/lij}}
[[Categoria:Substantivo (Liguriano)]]
[[Categoria:Entrada com imagem (Liguriano)]]
={{-ln-}}=
==Substantivo==
'''Haiti''', {{gramática|pr}}
# {{escopo|ln|País}} [[Haiti#Português|Haiti]]
==Ver também==
===No Wikcionário===
{{América/ln}}
[[Categoria:Substantivo (Lingala)]]
[[Categoria:Entrada com imagem (Lingala)]]
={{-lmo-}}=
==Substantivo==
'''Haiti''', {{gramática|pr}}
# {{escopo|lmo|País}} [[Haiti#Português|Haiti]]
==Ver também==
===No Wikcionário===
{{América/lmo}}
[[Categoria:Substantivo (Lombardo)]]
[[Categoria:Entrada com imagem (Lombardo)]]
={{-lb-}}=
==Substantivo==
'''Haiti''', {{gramática|pr}}
# {{escopo|lb|País}} [[Haiti#Português|Haiti]]
==Ver também==
===No Wikcionário===
{{América/lb}}
[[Categoria:Substantivo (Luxemburguês)]]
[[Categoria:Entrada com imagem (Luxemburguês)]]
={{-ms-}}=
==Substantivo==
'''Haiti''', {{gramática|pr}}
# {{escopo|ms|País}} [[Haiti#Português|Haiti]]
==Ver também==
===No Wikcionário===
{{América/ms}}
[[Categoria:Substantivo (Malaio)]]
[[Categoria:Entrada com imagem (Malaio)]]
={{-mg-}}=
==Substantivo==
'''Haiti''', {{gramática|pr}}
# {{escopo|mg|País}} [[Haiti#Português|Haiti]]
==Ver também==
===No Wikcionário===
{{América/mg}}
[[Categoria:Substantivo (Malgaxe)]]
[[Categoria:Entrada com imagem (Malgaxe)]]
={{-gv-}}=
==Substantivo==
'''Haiti''', {{gramática|pr}}
# {{escopo|gv|País}} [[Haiti#Português|Haiti]]
==Ver também==
===No Wikcionário===
{{América/gv}}
[[Categoria:Substantivo (Manquês)]]
[[Categoria:Entrada com imagem (Manquês)]]
={{-mi-}}=
==Substantivo==
'''Haiti''', {{gramática|pr}}
# {{escopo|mi|País}} [[Haiti#Português|Haiti]]
==Ver também==
===No Wikcionário===
{{América/mi}}
[[Categoria:Substantivo (Maori)]]
[[Categoria:Entrada com imagem (Maori)]]
={{-nan-}}=
==Substantivo==
'''Haiti''', {{gramática|pr}}
# {{escopo|nan|País}} [[Haiti#Português|Haiti]]
==Ver também==
===No Wikcionário===
{{América/nan}}
[[Categoria:Substantivo (Min Nan)]]
[[Categoria:Entrada com imagem (Min Nan)]]
={{-mwl-}}=
==Substantivo==
'''Haiti''', {{gramática|pr}}
# {{escopo|mwl|País}} [[Haiti#Português|Haiti]]
==Ver também==
===No Wikcionário===
{{América/mwl}}
[[Categoria:Substantivo (Mirandês)]]
[[Categoria:Entrada com imagem (Mirandês)]]
={{-pih-}}=
==Substantivo==
'''Haiti''', {{gramática|pr}}
# {{escopo|pih|País}} [[Haiti#Português|Haiti]]
==Ver também==
===No Wikcionário===
{{América/pih}}
[[Categoria:Substantivo (Norfuk)]]
[[Categoria:Entrada com imagem (Norfuk)]]
={{-roa-nor-}}=
==Substantivo==
'''Haiti''', {{gramática|pr}}
# {{escopo|roa-nor|País}} [[Haiti#Português|Haiti]]
==Ver também==
===No Wikcionário===
{{América/roa-nor}}
[[Categoria:Substantivo (Normando)]]
[[Categoria:Entrada com imagem (Normando)]]
={{-no-}}=
==Substantivo==
'''Haiti''', {{gramática|pr}}
# {{escopo|no|País}} [[Haiti#Português|Haiti]]
==Ver também==
===No Wikcionário===
{{América/no}}
[[Categoria:Substantivo (Norueguês)]]
[[Categoria:Entrada com imagem (Norueguês)]]
={{-nov-}}=
==Substantivo==
'''Haiti''', {{gramática|pr}}
# {{escopo|nov|País}} [[Haiti#Português|Haiti]]
==Ver também==
===No Wikcionário===
{{América/nov}}
[[Categoria:Substantivo (Novial)]]
[[Categoria:Entrada com imagem (Novial)]]
={{-nn-}}=
==Substantivo==
'''Haiti''', {{gramática|pr}}
# {{escopo|nn|País}} [[Haiti#Português|Haiti]]
==Ver também==
===No Wikcionário===
{{América/nn}}
[[Categoria:Substantivo (Novo Norueguês)]]
[[Categoria:Entrada com imagem (Novo Norueguês)]]
={{-pam-}}=
==Substantivo==
'''Haiti''', {{gramática|pr}}
# {{escopo|pam|País}} [[Haiti#Português|Haiti]]
==Ver também==
===No Wikcionário===
{{América/pam}}
[[Categoria:Substantivo (Pampangan)]]
[[Categoria:Entrada com imagem (Pampangan)]]
={{-pap-}}=
==Substantivo==
'''Haiti''', {{gramática|pr}}
# {{escopo|pap|País}} [[Haiti#Português|Haiti]]
==Ver também==
===No Wikcionário===
{{América/pap}}
[[Categoria:Substantivo (Papiamento)]]
[[Categoria:Entrada com imagem (Papiamento)]]
={{-pms-}}=
==Substantivo==
'''Haiti''', {{gramática|pr}}
# {{escopo|pms|País}} [[Haiti#Português|Haiti]]
==Ver também==
===No Wikcionário===
{{América/pms}}
[[Categoria:Substantivo (Piemontês)]]
[[Categoria:Entrada com imagem (Piemontês)]]
={{-pl-}}=
==Substantivo==
{{paroxítona|Ha|i|ti|lang=pl}}, {{gramática|n|pr}}
# {{escopo|pl|País}} [[Haiti#Português|Haiti]]
# {{tradex|pl|Stolicą '''Haiti''' jest Port-au-Prince.|A capital do Haiti é Porto Príncipe.}}
# {{tradex|pl|'''Haiti''' leży na tej samej wyspie co Dominikana.|O Haiti fica na mesma ilha que a República Dominicana.}}
===Sinônimos===
* {{link opcional|Republika Haiti|pl}} (''nome oficial'')
==Ver também==
===No Wikcionário===
{{verTambém.Ini}}
* {{link opcional|Haitańczyk|pl}}
* {{link opcional|Haitanka|pl}}
{{verTambém.NovaColuna|33}}
* {{link opcional|haitański|pl}}
{{verTambém.NovaColuna|33}}
* {{link opcional|Port-au-Prince|pl}}
{{verTambém.Fim}}
{{América/pl}}
[[Categoria:Substantivo (Polonês)]]
[[Categoria:Entrada com imagem (Polonês)]]
={{-rm-}}=
==Substantivo==
'''Haiti''', {{gramática|pr}}
# {{escopo|rm|País}} [[Haiti#Português|Haiti]]
==Ver também==
===No Wikcionário===
{{América/rm}}
[[Categoria:Substantivo (Romanche)]]
[[Categoria:Entrada com imagem (Romanche)]]
={{-rmy-}}=
==Substantivo==
'''Haiti''', {{gramática|pr}}
# {{escopo|rmy|País}} [[Haiti#Português|Haiti]]
==Ver também==
===No Wikcionário===
{{América/rmy}}
[[Categoria:Substantivo (Romani Vlax)]]
[[Categoria:Entrada com imagem (Romani Vlax)]]
={{-ro-}}=
==Substantivo==
'''Haiti''', {{gramática|pr}}
# {{escopo|ro|País}} [[Haiti#Português|Haiti]]
==={{-varort-}}===
* [[Republica Haiti]]
* '''Alfabeto cirílico''': {{escopo2|moldavo}} {{l.s.|Хаити|{{mo}}}} ''(Somente na Transnístria)'' 
==Ver também==
===No Wikcionário===
{{América/ro}}
[[Categoria:Substantivo (Romeno)]]
[[Categoria:Entrada com imagem (Romeno)]]
={{-se-}}=
==Substantivo==
'''Haiti''', {{gramática|pr}}
# {{escopo|se|País}} [[Haiti#Português|Haiti]]
==Ver também==
===No Wikcionário===
{{América/se}}
[[Categoria:Substantivo (Sami Setentrional)]]
[[Categoria:Entrada com imagem (Sami Setentrional)]]
={{-sc-}}=
==Substantivo==
'''Haiti''', {{gramática|pr}}
# {{escopo|sc|País}} [[Haiti#Português|Haiti]]
==Ver também==
===No Wikcionário===
{{América/sc}}
[[Categoria:Substantivo (Sardo)]]
[[Categoria:Entrada com imagem (Sardo)]]
={{-sh-}}=
==Substantivo==
'''Haiti''', {{gramática|pr}}
# {{escopo|sh|País}} [[Haiti#Português|Haiti]]
==Ver também==
===No Wikcionário===
{{América/sh}}
[[Categoria:Substantivo (Servocroata)]]
[[Categoria:Entrada com imagem (Servocroata)]]
={{-so-}}=
==Substantivo==
'''Haiti''', {{gramática|pr}}
# {{escopo|so|País}} [[Haiti#Português|Haiti]]
==Ver também==
===No Wikcionário===
{{América/so}}
[[Categoria:Substantivo (Somali)]]
[[Categoria:Entrada com imagem (Somali)]]
={{-hsb-}}=
==Substantivo==
'''Haiti''', {{gramática|m|pr}}
# {{escopo|hsb|País}} [[Haiti#Português|Haiti]]
==Ver também==
===No Wikcionário===
{{América/hsb}}
[[Categoria:Substantivo (Sorábio Alto)]]
[[Categoria:Entrada com imagem (Sorábio Alto)]]
={{-dsb-}}=
==Substantivo==
'''Haiti''', {{gramática|m|pr}}
# {{escopo|dsb|País}} [[Haiti#Português|Haiti]]
==Ver também==
===No Wikcionário===
{{América/dsb}}
[[Categoria:Substantivo (Sorábio Baixo)]]
[[Categoria:Entrada com imagem (Sorábio Baixo)]]
={{-sw-}}=
==Substantivo==
'''Haiti''', {{gramática|pr}}
# {{escopo|sw|País}} [[Haiti#Português|Haiti]]
==Ver também==
===No Wikcionário===
{{América/sw}}
[[Categoria:Substantivo (Suaíli)]]
[[Categoria:Entrada com imagem (Suaíli)]]
={{-sv-}}=
==Substantivo==
'''Haiti''', {{gramática|pr}}
# {{escopo|sv|País}} [[Haiti#Português|Haiti]]
==Ver também==
===No Wikcionário===
{{América/sv}}
[[Categoria:Substantivo (Sueco)]]
[[Categoria:Entrada com imagem (Sueco)]]
={{-su-}}=
==Substantivo==
'''Haiti''', {{gramática|pr}}
# {{escopo|su|País}} [[Haiti#Português|Haiti]]
==Ver também==
===No Wikcionário===
{{América/su}}
[[Categoria:Substantivo (Sundanês)]]
[[Categoria:Entrada com imagem (Sundanês)]]
={{-crh-}}=
==Substantivo==
'''Haiti''', {{gramática|pr}}
# {{escopo|crh|País}} [[Haiti#Português|Haiti]]
==Ver também==
===No Wikcionário===
{{América/crh}}
[[Categoria:Substantivo (Tártaro da Crimeia)]]
[[Categoria:Entrada com imagem (Tártaro da Crimeia)]]
={{-tt-}}=
==Substantivo==
'''Haiti''', {{gramática|pr}}
# {{escopo|tt|País}} [[Haiti#Português|Haiti]]
==Ver também==
===No Wikcionário===
{{América/tt}}
[[Categoria:Substantivo (Tártaro)]]
[[Categoria:Entrada com imagem (Tártaro)]]
={{-tpi-}}=
==Substantivo==
'''Haiti''', {{gramática|pr}}
# {{escopo|tpi|País}} [[Haiti#Português|Haiti]]
==Ver também==
===No Wikcionário===
{{América/tpi}}
[[Categoria:Substantivo (Tok Pisin)]]
[[Categoria:Entrada com imagem (Tok Pisin)]]
={{-tr-}}=
==Substantivo==
'''Haiti''', {{gramática|pr}}
# {{escopo|tr|País}} [[Haiti#Português|Haiti]]
==Ver também==
===No Wikcionário===
{{América/tr}}
[[Categoria:Substantivo (Turco)]]
[[Categoria:Entrada com imagem (Turco)]]
={{-vec-}}=
==Substantivo==
'''Haiti''', {{gramática|pr}}
# {{escopo|vec|País}} [[Haiti#Português|Haiti]]
==Ver também==
===No Wikcionário===
{{América/vec}}
[[Categoria:Substantivo (Vêneto)]]
[[Categoria:Entrada com imagem (Vêneto)]]
={{-vep-}}=
==Substantivo==
'''Haiti''', {{gramática|pr}}
# {{escopo|vep|País}} [[Haiti#Português|Haiti]]
==Ver também==
===No Wikcionário===
{{América/vep}}
[[Categoria:Substantivo (Vepso)]]
[[Categoria:Entrada com imagem (Vepso)]]
={{-vi-}}=
==Substantivo==
'''Haiti''', {{gramática|pr}}
# {{escopo|vi|País}} [[Haiti#Português|Haiti]]
==Ver também==
===No Wikcionário===
{{América/vi}}
[[Categoria:Substantivo (Vietnamita)]]
[[Categoria:Entrada com imagem (Vietnamita)]]
={{-vro-}}=
==Substantivo==
'''Haiti''', {{gramática|pr}}
# {{escopo|vro|País}} [[Haiti#Português|Haiti]]
==Ver também==
===No Wikcionário===
{{América/vro}}
[[Categoria:Substantivo (Võro)]]
[[Categoria:Entrada com imagem (Võro)]]
={{-war-}}=
==Substantivo==
'''Haiti''', {{gramática|pr}}
# {{escopo|war|País}} [[Haiti#Português|Haiti]]
==Ver também==
===No Wikcionário===
{{América/war}}
[[Categoria:Substantivo (Waray-Waray)]]
[[Categoria:Entrada com imagem (Waray-Waray)]]
={{-za-}}=
==Substantivo==
'''Haiti''', {{gramática|pr}}
# {{escopo|za|País}} [[Haiti#Português|Haiti]]
==Ver também==
===No Wikcionário===
{{América/za}}
[[Categoria:Substantivo (Zhuang)]]
[[Categoria:Entrada com imagem (Zhuang)]]</text>
<sha1>k9s2l2tjrmuw9i8qah6l3v8qg9v4ex8</sha1>
</revision>
