<page>
<title>haiteku</title>
<ns>0</ns>
<id>224813</id>
<revision>
<id>2219035</id>
<parentid>2093847</parentid>
<timestamp>2017-01-05T00:19:45Z</timestamp>
<contributor>
<username>Tribuno da Plebe</username>
<id>16095</id>
</contributor>
<model>wikitext</model>
<format>text/x-wiki</format>
<text bytes="114" xml:space="preserve">={{-ja-}}=
==Transliteração==
# transliteração de [[ハイテク]]
[[Categoria:Transliteração (Japonês)]]</text>
<sha1>3lttxikjk0oy5tg9ufxzxw7bwoglbo2</sha1>
</revision>
</page>
