<page>
<title>haitiano</title>
<ns>0</ns>
<id>5666</id>
<revision>
<id>2571155</id>
<parentid>2543117</parentid>
<timestamp>2020-01-16T20:45:17Z</timestamp>
<contributor>
<username>ValJor</username>
<id>1358</id>
</contributor>
<comment>Melhorando a apresentação do verbete</comment>
<model>wikitext</model>
<format>text/x-wiki</format>
<text bytes="1154" xml:space="preserve">={{-pt-}}=
==Adjetivo==
{{flex.pt|ms=haitiano|mp=haitianos|fs=haitiana|fp=haitianas}}
{{paroxítona|hai|ti|a|no}}
# do [[Haiti]] ou relativo a ele
#* ''Washington isentou-se de responsabilidades sobre o caso '''haitiano''', ao passar para o Brasil a liderança das tropas da Minutash.'' {{OESP|2006|fevereiro|05}}
===Tradução===
{{tradini}}
* {{trad|de|haitianisch}}
* {{trad|es|haitiano}}
* {{trad|fr|haïtien}}
{{tradmeio}}
* {{trad|en|Haitian}}
* {{trad|it|haitiano}}
{{tradfim}}
==Substantivo==
{{paroxítona|hai|ti|a|no}}, {{gramática|m}}
# [[natural]] do Haiti
# língua falada no Haiti
===Tradução===
{{tradini|De 2 (idioma)}}
* {{trad|de|Haitianisch}}
* {{trad|es|haitiano}}
* {{trad|fr|haïtien}}
{{tradmeio}}
* {{trad|en|Haitian}}
* {{trad|it|haitiano}}
* {{trad|vo|Haitiyänapük}}
{{tradfim}}
=={{etimologia|pt}}==
: {{escopo|Morfologia}} [[Haiti]] + [[-ano]].
==Ligações externas==
* {{Aulete}}
* {{Michaelis}}
* {{DicioAberto}}
* {{DPLP}}
* {{Infopédia}}
* {{PLP}}
* {{VOLPABL}}
[[Categoria:Adjetivo (Português)]]
[[Categoria:Substantivo (Português)]]
[[Categoria:Gentílico (Português)]]
[[Categoria:Língua (Português)]]</text>
<sha1>sqp8jwi0tm5bmey60eiwpfbvl6fqq4h</sha1>
</revision>
</page>
