<page>
<page>
<title>haitianos</title>
<ns>0</ns>
<id>334637</id>
<revision>
<id>2356946</id>
<parentid>1882515</parentid>
<timestamp>2017-05-03T07:10:33Z</timestamp>
<contributor>
<username>HydrizBot</username>
<id>29590</id>
</contributor>
<minor />
<comment>Robô: A limpar links interwikis antigos</comment>
<model>wikitext</model>
<format>text/x-wiki</format>
<text bytes="300" xml:space="preserve">={{-pt-}}=
==Forma de adjetivo==
{{paroxítona|hai|ti|a|nos}}, {{m}}
# plural de [[haitiano]]
==Forma de substantivo==
{{paroxítona|hai|ti|a|nos}}, {{m}}
# plural de [[haitiano]]
{{avi-for-fle|haitiano}}
[[Categoria:Forma de adjetivo (Português)]]
[[Categoria:Forma de substantivo (Português)]]</text>
<sha1>1it68epduckk2swi0lym61f2rf7eldc</sha1>
</revision>
