<page>
<title>Haitis</title>
<ns>0</ns>
<id>148231</id>
<revision>
<id>2270292</id>
<parentid>2028042</parentid>
<timestamp>2017-04-26T18:38:09Z</timestamp>
<contributor>
<username>HydrizBot</username>
<id>29590</id>
</contributor>
<minor />
<comment>Robô: A limpar links interwikis antigos</comment>
<model>wikitext</model>
<format>text/x-wiki</format>
<text bytes="240" xml:space="preserve">={{-lt-}}=
{{Wikipédia|lang=lt}}
==Substantivo==
'''Haitis''', {{pr}}
#{{escopo|Geografia}} [[Haiti]]
===Variante===
*[[Haičio Respublika]]
==Ver também==
{{América/lt}}
[[Categoria:Substantivo (Lituano)]]
[[Categoria:País (Lituano)]]</text>
<sha1>nyk5yy0gihxxsh6fuve24gv8dhpg039</sha1>
</revision>
</page>
