<page>
<title>Haití</title>
<ns>0</ns>
<id>127156</id>
<revision>
<id>2525182</id>
<parentid>2270294</parentid>
<timestamp>2018-11-04T16:36:02Z</timestamp>
<contributor>
<username>Marrovi</username>
<id>27953</id>
</contributor>
<model>wikitext</model>
<format>text/x-wiki</format>
<text bytes="795" xml:space="preserve">={{-ca-}}=
{{Wikipédia|lang=ca}}
==Substantivo==
'''Haití''', {{m}} {{pr}}
# {{escopo|Geografia}} [[Haiti]]
==Ver também==
===No Wikcionário===
{{América/ca}}
[[Categoria:Substantivo (Catalão)]]
[[Categoria:País (Catalão)]]
={{-es-}}=
{{Wikipédia|lang=es}}
==Substantivo==
'''Haití''', {{m}} {{pr}}
# {{escopo|Geografia}} [[Haiti]]
==Ver também==
===No Wikcionário===
{{América/es}}
[[Categoria:Substantivo (Espanhol)]]
[[Categoria:País (Espanhol)]]
={{-nch-}}=
==Substantivo==
'''Haití''', {{gramática|pr}}
# {{escopo|nch|Geografia}} [[Haiti]]
==Ver também==
===No Wikcionário===
{{América/nch}}
[[Categoria:Substantivo (Náuatle da Huasteca central)]]
[[Categoria:País (Náuatle da Huasteca central)]]
[[Categoria:Entrada com imagem (Náuatle da Huasteca central)]]</text>
<sha1>3etv6s3xbfob9srty6kro4wcdzjyll2</sha1>
</revision>
</page>
