<page>
<title>haitianas</title>
<ns>0</ns>
<id>334636</id>
<revision>
<id>2356944</id>
<parentid>1882514</parentid>
<timestamp>2017-05-03T07:10:28Z</timestamp>
<contributor>
<username>HydrizBot</username>
<id>29590</id>
</contributor>
<minor />
<comment>Robô: A limpar links interwikis antigos</comment>
<model>wikitext</model>
<format>text/x-wiki</format>
<text bytes="318" xml:space="preserve">={{-pt-}}=
==Forma de adjetivo==
{{paroxítona|hai|ti|a|nas}}, {{f}}
# feminino plural de [[haitiano]]
==Forma de substantivo==
{{paroxítona|hai|ti|a|nas}}, {{f}}
# feminino plural de [[haitiano]]
{{avi-for-fle|haitiano}}
[[Categoria:Forma de adjetivo (Português)]]
[[Categoria:Forma de substantivo (Português)]]</text>
<sha1>fdjmjw1wui1psa5id9jgjxr958nwa7s</sha1>
</revision>
</page>
