<page>
<title>hajam</title>
<ns>0</ns>
<id>97096</id>
<revision>
<id>2631438</id>
<parentid>2356950</parentid>
<timestamp>2021-04-23T21:31:16Z</timestamp>
<contributor>
<username>Amigo7</username>
<id>58547</id>
</contributor>
<minor />
<comment>Corrigindo elementos HTML mal intercalados</comment>
<model>wikitext</model>
<format>text/x-wiki</format>
<text bytes="449" xml:space="preserve">={{-pt-}}=
==Forma verbal==
{{paroxítona|ha|jam}}
# terceira  pessoa  do plural do presente do conjuntivo do verbo [[haver]]
#* ''&lt;small&gt; que eles, elas, vocês '''hajam''' &lt;/small&gt;''
# terceira pessoa do plural do imperativo do verbo [[haver]]
#* ''&lt;small&gt; '''hajam''' eles, elas, vocês  &lt;/small&gt;''
#* &lt;small&gt;'''''Hajam''' os Portugueses alcançado'' - Os Lusíadas   I-74-3&lt;/small&gt;
{{avi-for-fle|haver}}
[[Categoria:Forma verbal (Português)]]</text>
<sha1>7d174mrjtparr3zmigie9sefle1x3r2</sha1>
</revision>
</page>
