<page>
<page>
<title>hajas</title>
<ns>0</ns>
<id>341426</id>
<revision>
<id>2356952</id>
<parentid>2063087</parentid>
<timestamp>2017-05-03T07:10:51Z</timestamp>
<contributor>
<username>HydrizBot</username>
<id>29590</id>
</contributor>
<minor />
<comment>Robô: A limpar links interwikis antigos</comment>
<model>wikitext</model>
<format>text/x-wiki</format>
<text bytes="239" xml:space="preserve">={{-pt-}}=
==Forma verbal==
{{paroxítona|ha|jas}}
# segunda pessoa do singular do presente do conjuntivo do verbo [[haver]]
#* ''&lt;small&gt; que tu hajas &lt;/small&gt;''
{{avi-for-fle|haver|lang=Português}}
[[Categoria:Forma verbal (Português)]]</text>
<sha1>qref06efo7vpri40jwjcrh3jcz7e02f</sha1>
</revision>
