<page>
<page>
<title>hajimeru</title>
<ns>0</ns>
<id>121742</id>
<revision>
<id>2356955</id>
<parentid>2219037</parentid>
<timestamp>2017-05-03T07:10:56Z</timestamp>
<contributor>
<username>HydrizBot</username>
<id>29590</id>
</contributor>
<minor />
<comment>Robô: A limpar links interwikis antigos</comment>
<model>wikitext</model>
<format>text/x-wiki</format>
<text bytes="114" xml:space="preserve">={{-ja-}}=
==Transliteração==
# transliteração de [[はじめる]]
[[Categoria:Transliteração (Japonês)]]</text>
<sha1>so8vpi45ttb3ubf7fwltq1fgcrdwges</sha1>
</revision>
