<page>
<page>
<title>hajimaru</title>
<ns>0</ns>
<id>224655</id>
<revision>
<id>2356954</id>
<parentid>2219036</parentid>
<timestamp>2017-05-03T07:10:55Z</timestamp>
<contributor>
<username>HydrizBot</username>
<id>29590</id>
</contributor>
<minor />
<comment>Robô: A limpar links interwikis antigos</comment>
<model>wikitext</model>
<format>text/x-wiki</format>
<text bytes="114" xml:space="preserve">={{-ja-}}=
==Transliteração==
# transliteração de [[はじまる]]
[[Categoria:Transliteração (Japonês)]]</text>
<sha1>4h8ei2pqszw59ld4ptue4rxav3hhe94</sha1>
</revision>
