<page>
<page>
<title>hajó</title>
<ns>0</ns>
<id>101090</id>
<revision>
<id>2356956</id>
<parentid>2242315</parentid>
<timestamp>2017-05-03T07:11:01Z</timestamp>
<contributor>
<username>HydrizBot</username>
<id>29590</id>
</contributor>
<minor />
<comment>Robô: A limpar links interwikis antigos</comment>
<model>wikitext</model>
<format>text/x-wiki</format>
<text bytes="1243" xml:space="preserve">[[Ficheiro:DANA 2004 ubt.jpeg|thumb|250px|'''Hajó''' (&quot;[[navio]]&quot;)]]
={{-hu-}}=
==Substantivo==
'''{{grifar|ha}}.jó'''
# {{escopo|náutica}} [[navio]];
# {{escopo|arquitetura}} [[nave]].
===Declinação===
{{decl.hu.subst.k}}
{{flex.hu.poss.tok}}
===Fraseologia===
* '''{{link opcional|légpárnás hajó}}''': [[aerodeslizador]], ''[[hovercraft]]''
* '''{{link opcional|vitorlás hajó}}''': [[barco à vela]]
===Termos derivados===
{{verTambém.Ini}}
* {{link opcional|csatahajó}}
* {{link opcional|hajóraj}}
{{verTambém.NovaColuna|34}}
* {{link opcional|hajós}}
* {{link opcional|hajótörött}}
{{verTambém.NovaColuna|33}}
* {{link opcional|kalózhajó}}
* {{link opcional|űrhajó}}
{{verTambém.Fim}}
=={{pronúncia}}==
* [[AFI]]: {{AFI|/ˈhɒ.joː/}}
* [[X-SAMPA]]: /&quot;hQ.jo:/
==Ver também==
===No Wikcionário===
{{verTambém.Ini}}
* {{link opcional|csónak}}
{{verTambém.Fim}}
===Referências===
{{verTambém.Ini}}
* [http://dict.sztaki.hu/dict_search.php?O=ENG&amp;E=1&amp;in_form=1&amp;L=HUN%3AENG%3AEngHunDict&amp;W=hajó&amp;M=0&amp;P=0&amp;C=1&amp;T=1 ''hajó'' no Sztaki Szótár (em húngaro e inglês)]
{{verTambém.Fim}}
{{categorias|Húngaro|Substantivo|Dissílabo|Paroxítona|Arquitetura|Náutica|Entrada com pronúncia|Entrada com imagem}}</text>
<sha1>q322hgegwtco2uqw16ne78qihs0pgtc</sha1>
</revision>
