<page>
<title>hakarak</title>
<ns>0</ns>
<id>51927</id>
<revision>
<id>2356961</id>
<parentid>1306866</parentid>
<timestamp>2017-05-03T07:11:16Z</timestamp>
<contributor>
<username>HydrizBot</username>
<id>29590</id>
</contributor>
<minor />
<comment>Robô: A limpar links interwikis antigos</comment>
<model>wikitext</model>
<format>text/x-wiki</format>
<text bytes="78" xml:space="preserve">={{-tet-}}=
==Verbo==
'''hakarak'''
# [[querer]]
[[Categoria:Verbo (Tétum)]]</text>
<sha1>llpbkoo0idhrdg1i4csgpg6papjvydm</sha1>
</revision>
</page>
