<page>
<page>
<title>hakat</title>
<ns>0</ns>
<id>61380</id>
<revision>
<id>2356962</id>
<parentid>1306867</parentid>
<timestamp>2017-05-03T07:11:18Z</timestamp>
<contributor>
<username>HydrizBot</username>
<id>29590</id>
</contributor>
<minor />
<comment>Robô: A limpar links interwikis antigos</comment>
<model>wikitext</model>
<format>text/x-wiki</format>
<text bytes="80" xml:space="preserve">={{-tet-}}=
==Verbo==
'''hakat'''
# [[atravessar]]
[[Categoria:Verbo (Tétum)]]</text>
<sha1>15zrj5682mr11s7kshm05y89xzg45oq</sha1>
</revision>
