<page>
<title>Hakaraia</title>
<ns>0</ns>
<id>428772</id>
<revision>
<id>2603904</id>
<timestamp>2020-12-06T00:22:41Z</timestamp>
<contributor>
<username>Leonardo José Raimundo</username>
<id>43489</id>
</contributor>
<comment>Eu estou criando o nome &quot;Hakaraia&quot;.</comment>
<model>wikitext</model>
<format>text/x-wiki</format>
<text bytes="203" xml:space="preserve">={{-mi-}}=
==Substantivo==
{{paroxítona|Ha|ka|rai|a|lang=mi}}
# {{escopo|mi|Cristianismo|religião}} [[Zacarias]]
==Ver também==
===No Wikcionário===
{{bíblia/mi}}
[[Categoria:Substantivo (Maori)]]</text>
<sha1>njhi87xtfuw27w9l9b80ixei4v2hdml</sha1>
</revision>
</page>
