<page>
<title>hakakross</title>
<ns>0</ns>
<id>157122</id>
<revision>
<id>2356960</id>
<parentid>1593536</parentid>
<timestamp>2017-05-03T07:11:14Z</timestamp>
<contributor>
<username>HydrizBot</username>
<id>29590</id>
</contributor>
<minor />
<comment>Robô: A limpar links interwikis antigos</comment>
<model>wikitext</model>
<format>text/x-wiki</format>
<text bytes="694" xml:space="preserve">={{-is-}}=
== Substantivo ==
'''hakakross''', ''masculino, forte, grupo 1''
# [[suástica]]&lt;ref name=&quot;Icelandic Online Dictionary and Readings&quot;&gt;[http://digicoll.library.wisc.edu/cgi-bin/IcelOnline/IcelOnline.TEId-idx?type=entry&amp;eid=HAKAKROSS Hakakross], no [http://digicoll.library.wisc.edu/IcelOnline/Search.TEId.html Icelandic Online Dictionary and Readings]. Acessado em 26 de dezembro de 2009.&lt;/ref&gt;.
=== Declinação ===
{{decl.is.subst.forte.masc.1.-s|hakakross|}}
== Etimologia ==
: De [[haki#{{is}}|haka]] (''&quot;de gancho&quot;'') + [[kross#{{is}}|kross]] (''&quot;cruz&quot;'').
== Referências ==
&lt;references/&gt;
[[Categoria:Substantivo (Islandês)]]
[[Categoria:Entrada com etimologia (Islandês)]]</text>
<sha1>pkg9wcj5i93krx5n71bzqo4p1ge1qj2</sha1>
</revision>
</page>
