<page>
<title>hakfodak</title>
<ns>0</ns>
<id>61382</id>
<revision>
<id>2636251</id>
<parentid>795208</parentid>
<timestamp>2021-06-01T08:51:58Z</timestamp>
<contributor>
<username>ValJor</username>
<id>1358</id>
</contributor>
<comment>Já fazia mais de dez anos que ninguém atualizava esse verbete...</comment>
<model>wikitext</model>
<format>text/x-wiki</format>
<text bytes="144" xml:space="preserve">={{-tet-}}=
==Verbo==
'''hak.fo.dak'''
# [[admirar]]-se, [[ficar]] [[admirado]]
[[Categoria:Verbo (Tétum)]]
[[Categoria:Trissílabo (Tétum)]]</text>
<sha1>icphcjtla2905apgvszw1ztusowr315</sha1>
</revision>
</page>
