<page>
<title>hakili</title>
<ns>0</ns>
<id>34645</id>
<revision>
<id>2356968</id>
<parentid>1771652</parentid>
<timestamp>2017-05-03T07:11:32Z</timestamp>
<contributor>
<username>HydrizBot</username>
<id>29590</id>
</contributor>
<minor />
<comment>Robô: A limpar links interwikis antigos</comment>
<model>wikitext</model>
<format>text/x-wiki</format>
<text bytes="96" xml:space="preserve">={{-bm-}}=
==Substantivo==
'''hakili'''
# [[inteligência]]
[[Categoria:Substantivo (Bambara)]]</text>
<sha1>tox4a7mrmcfqds6ttxveyaiqze7462l</sha1>
</revision>
</page>
