<page>
<title>hakilar</title>
<ns>0</ns>
<id>61383</id>
<revision>
<id>2356967</id>
<parentid>795209</parentid>
<timestamp>2017-05-03T07:11:30Z</timestamp>
<contributor>
<username>HydrizBot</username>
<id>29590</id>
</contributor>
<minor />
<comment>Robô: A limpar links interwikis antigos</comment>
<model>wikitext</model>
<format>text/x-wiki</format>
<text bytes="116" xml:space="preserve">={{-tet-}}=
==Verbo==
'''ha.ki.lar'''
# [[gritar]].
[[Categoria:Verbo (Tétum)]]
[[Categoria:Trissílabo (Tétum)]]</text>
<sha1>44b0la4f892k4gqvx5ope8nn25b8npz</sha1>
</revision>
</page>
