<page>
<page>
<title>haklalak</title>
<ns>0</ns>
<id>45176</id>
<revision>
<id>2356970</id>
<parentid>1306871</parentid>
<timestamp>2017-05-03T07:11:36Z</timestamp>
<contributor>
<username>HydrizBot</username>
<id>29590</id>
</contributor>
<minor />
<comment>Robô: A limpar links interwikis antigos</comment>
<model>wikitext</model>
<format>text/x-wiki</format>
<text bytes="80" xml:space="preserve">={{-tet-}}=
==Verbo==
'''haklalak'''
# [[aclamar]]
[[Categoria:Verbo (Tétum)]]</text>
<sha1>2wqgk102m1akbxwa1i6oqyp9j16etno</sha1>
</revision>
