<page>
<page>
<title>hakohak</title>
<ns>0</ns>
<id>45144</id>
<revision>
<id>2356972</id>
<parentid>1535369</parentid>
<timestamp>2017-05-03T07:11:39Z</timestamp>
<contributor>
<username>HydrizBot</username>
<id>29590</id>
</contributor>
<minor />
<comment>Robô: A limpar links interwikis antigos</comment>
<model>wikitext</model>
<format>text/x-wiki</format>
<text bytes="236" xml:space="preserve">={{-tet-}}=
==Verbo==
'''ha.ko.hak'''
# [[abraçar]].
==Ver também==
{{tradini}}
* [[:pt:bársa|Cabo-verdiano [bársa]]] - [[:pt:dedê|São-tomense [dedê]]]
{{tradfim}}
[[Categoria:Verbo (Tétum)]]
[[Categoria:Trissílabo (Tétum)]]</text>
<sha1>0xn25htyzxcrlyes2ydoye1k7xdowtk</sha1>
</revision>
