<page>
<page>
<title>hakribi</title>
<ns>0</ns>
<id>61385</id>
<revision>
<id>1306872</id>
<parentid>1081562</parentid>
<timestamp>2011-11-28T23:53:02Z</timestamp>
<contributor>
<username>MalafayaBot</username>
<id>628</id>
</contributor>
<minor />
<comment>Robô: Substituição de texto automática (-^\=(\s*?)Tétum(\s*?)\= +={{-tet-}}= &amp; -^\=(\s*?)\{\{tet\}\}(\s*?)\= +={{-tet-}}=)</comment>
<model>wikitext</model>
<format>text/x-wiki</format>
<text bytes="81" xml:space="preserve">={{-tet-}}=
==Verbo==
'''hakribi'''
# [[desprezar]]
[[Categoria:Verbo (Tétum)]]</text>
<sha1>idmoduklyc4wwb39pwrl3lubb5y2zqa</sha1>
</revision>
