<page>
<page>
<title>haksesuk</title>
<ns>0</ns>
<id>16441</id>
<revision>
<id>2356974</id>
<parentid>830115</parentid>
<timestamp>2017-05-03T07:11:42Z</timestamp>
<contributor>
<username>HydrizBot</username>
<id>29590</id>
</contributor>
<minor />
<comment>Robô: A limpar links interwikis antigos</comment>
<model>wikitext</model>
<format>text/x-wiki</format>
<text bytes="78" xml:space="preserve">={{-tet-}}=
==Verbo==
'''haksesuk'''
#[[brigar]]
[[Categoria:Verbo (Tétum)]]</text>
<sha1>rb5pu8b2ru1a900uinddnruv2tussin</sha1>
</revision>
