<page>
<page>
<title>haksolok</title>
<ns>0</ns>
<id>61386</id>
<revision>
<id>2356976</id>
<parentid>1306874</parentid>
<timestamp>2017-05-03T07:11:47Z</timestamp>
<contributor>
<username>HydrizBot</username>
<id>29590</id>
</contributor>
<minor />
<comment>Robô: A limpar links interwikis antigos</comment>
<model>wikitext</model>
<format>text/x-wiki</format>
<text bytes="100" xml:space="preserve">={{-tet-}}=
==Verbo==
'''haksolok'''
# [[contente]]
# [[regozijar]]-se
[[Categoria:Verbo (Tétum)]]</text>
<sha1>jzsdw34a17tp1aayajx7tfyge0icgtq</sha1>
</revision>
