<page>
<page>
<title>haktuir</title>
<ns>0</ns>
<id>51933</id>
<revision>
<id>2356977</id>
<parentid>2204105</parentid>
<timestamp>2017-05-03T07:11:48Z</timestamp>
<contributor>
<username>HydrizBot</username>
<id>29590</id>
</contributor>
<minor />
<comment>Robô: A limpar links interwikis antigos</comment>
<model>wikitext</model>
<format>text/x-wiki</format>
<text bytes="79" xml:space="preserve">={{-tet-}}=
==Verbo==
'''haktuir'''
# [[relatar]]
[[Categoria:Verbo (Tétum)]]</text>
<sha1>qi4rhbz76m0nng3rzta75s0pdlqpw44</sha1>
</revision>
