<page>
<page>
<title>hakurut</title>
<ns>0</ns>
<id>36443</id>
<revision>
<id>1306877</id>
<parentid>1087037</parentid>
<timestamp>2011-11-28T23:53:07Z</timestamp>
<contributor>
<username>MalafayaBot</username>
<id>628</id>
</contributor>
<minor />
<comment>Robô: Substituição de texto automática (-^\=(\s*?)Tétum(\s*?)\= +={{-tet-}}= &amp; -^\=(\s*?)\{\{tet\}\}(\s*?)\= +={{-tet-}}=)</comment>
<model>wikitext</model>
<format>text/x-wiki</format>
<text bytes="81" xml:space="preserve">={{-tet-}}=
==Verbo==
'''hakurut'''
# [[amarrotar]]
[[Categoria:Verbo (Tétum)]]</text>
<sha1>eyo4wl9llvkajhuqlb7pg4upbesq423</sha1>
</revision>
