<page>
<title>hakur</title>
<ns>0</ns>
<id>61387</id>
<revision>
<id>1306876</id>
<parentid>1085081</parentid>
<timestamp>2011-11-28T23:53:06Z</timestamp>
<contributor>
<username>MalafayaBot</username>
<id>628</id>
</contributor>
<minor />
<comment>Robô: Substituição de texto automática (-^\=(\s*?)Tétum(\s*?)\= +={{-tet-}}= &amp; -^\=(\s*?)\{\{tet\}\}(\s*?)\= +={{-tet-}}=)</comment>
<model>wikitext</model>
<format>text/x-wiki</format>
<text bytes="81" xml:space="preserve">={{-tet-}}=
==Verbo==
'''hakur'''
# [[ultrapassar]]
[[Categoria:Verbo (Tétum)]]</text>
<sha1>byi1fmzdjskpsz7mqk0mrgl9zb12jzg</sha1>
</revision>
</page>
