<page>
<page>
<title>hal</title>
<ns>0</ns>
<id>101092</id>
<revision>
<id>2690581</id>
<parentid>2689684</parentid>
<timestamp>2022-10-27T03:11:36Z</timestamp>
<contributor>
<username>InternetArchiveBot</username>
<id>81604</id>
</contributor>
<comment>Rescuing 3 sources and tagging 0 as dead.) #IABot (v2.0.9.2</comment>
<model>wikitext</model>
<format>text/x-wiki</format>
<text bytes="11714" xml:space="preserve">[[Ficheiro:Mezgitb.jpg|thumb|350px|'''Hal''' (&quot;[[peixe]]&quot;)]]
{{ver também|häl|hål}}
={{-univ-}}=
==Abreviatura==
'''hal'''
# {{escopo|univ|Linguística}} [[w:ISO 639|código de língua ISO 639-3]] para o [[idioma]] '''{{link preto|halang}}'''
==Ver também==
===Ligações externas===
{{verTambém.Ini}}
* [http://www.ethnologue.com/show_language.asp?code=hal informações sobre o idioma halang no Ethnologue (em inglês)]
{{verTambém.Fim}}
[[Categoria:Abreviatura (Universal)]]
[[Categoria:Linguística (Universal)]]
={{-az-}}=
==Substantivo==
'''hal'''
# [[situação]], [[condição]], {{l.s.|estado}}
# {{escopo|az|Gramática}} {{l.s.|caso}}
===Declinação===
{{decl.az.subst|h|a|l}}
===Locuções e expressões===
* '''{{link preto|adlıq hal}}''': {{escopo2|gramática}} {{link preto|caso nominativo}}
* '''{{link preto|çıxışlıq hal}}''': {{escopo2|gramática}} {{link preto|caso ablativo}}
* '''{{link preto|təsirlik hal}}''': {{escopo2|gramática}} {{link preto|caso acusativo}}
* '''{{link preto|yerlik hal}}''': {{escopo2|gramática}} [[caso locativo]]
* '''{{link preto|yiyəlik hal}}''': {{escopo2|gramática}} {{link preto|caso genitivo}}
* '''{{link preto|yönlük hal}}''': {{escopo2|gramática}} {{link preto|caso dativo}}
==Ver também==
===Referências===
{{verTambém.Ini}}
* {{AzerDict}}
{{verTambém.Fim}}
[[Categoria:Substantivo (Azerbaijano)]]
[[Categoria:Monossílabo (Azerbaijano)]]
[[Categoria:Caso gramatical (Azerbaijano)|*]]
[[Categoria:Gramática (Azerbaijano)]]
={{-ku-}}=
==Substantivo==
'''hal''' / '''{{link preto|هال}}'''
# [[situação]]
===Sinônimos===
* {{link preto|ĥal}}
===Verbetes derivados===
{{verTambém.Ini}}
* {{link preto|bêhal}}/{{link preto|بێهال}}
* {{link preto|bêhalî}}/{{link preto|بێهالی}}
{{verTambém.NovaColuna|34}}
* {{link preto|bêhalîtî}}/{{link preto|بێهالیتی}}
* {{link preto|bêhaltî}}/{{link preto|بێهالتی}}
{{verTambém.NovaColuna|33}}
* {{link preto|haliyet}}/{{link preto|هالیەت}}
* {{link preto|halî}}/{{link preto|هالی}}
{{verTambém.Fim}}
[[Categoria:Substantivo (Curdo)]]
[[Categoria:Monossílabo (Curdo)]]
[[Categoria:Entrada com pronúncia (Curdo)]]
={{-da-}}=
==Substantivo==
'''hal''' {{c.}}
# [[salão]]
# [[centro]] [[desportivo]]
===Declinação===
{{decl.da.subst.com|hall}}
===Verbetes derivados===
{{verTambém.Ini}}
* {{link preto|ankomsthal}}
* {{link preto|bingohal}}
* {{link preto|boblehal}}
* {{link preto|fabrikshal}}
* {{link preto|forhal}}
* {{link preto|gildehal}}
{{verTambém.NovaColuna|25}}
* {{link preto|halfest}}
* {{link preto|halinspektør}}
* {{link preto|kongreshal}}
* {{link preto|kæmpehal}}
* {{link preto|lagerhal}}
* {{link preto|maskinhal}}
{{verTambém.NovaColuna|25}}
* {{link preto|montagehal}}
* {{link preto|produktionshal}}
* {{link preto|ridehal}}
* {{link preto|rådhushal}}
* {{link preto|slagtehal}}
* {{link preto|sportshal}}
{{verTambém.NovaColuna|25}}
* {{link preto|svømmehal}}
* {{link preto|synshal}}
* {{link preto|udstillingshal}}
* {{link preto|vaskehal}}
* {{link preto|ærkstedshal}}
{{verTambém.Fim}}
==Forma verbal==
'''hal'''
# forma imperativa de [[hale]]
{{avi-for-fle|hale}}
=={{etimologia|da}}==
* '''Substantivo''': {{llietimo|non|hǫll|da||[[grande]] [[sala de estar]]}}
=={{pronúncia|da}}==
* '''Forma verbal''':
** [[AFI]]: {{AFI|/ˈhæːˀl/}}
** [[X-SAMPA]]: /&quot;h{:_?l/
* '''Substantivo''':
** [[AFI]]: {{AFI|/ˈhalˀ/}}
** [[X-SAMPA]]: /&quot;hal_?/
==Ver também==
===Referências===
{{verTambém.Ini}}
* [http://ordnet.dk/ddo/ordbog?query=hal ''hal'' no Den Danske Ordbog (em dinamarquês)]
* [http://ordnet.dk/ods/opslag?opslag=hal ''hal'' no ODS (em dinamarquês)]
* [http://sproget.dk/lookup?SearchableText=hal ''hal'' no sproget.dk (em dinamarquês)]
{{verTambém.Fim}}
[[Categoria:Forma verbal (Dinamarquês)]]
[[Categoria:Substantivo (Dinamarquês)]]
[[Categoria:Monossílabo (Dinamarquês)]]
[[Categoria:Arquitetura (Dinamarquês)]]
[[Categoria:Desporto (Dinamarquês)]]
={{-eo-}}=
==Radical==
'''hal'''
# relacionado a [[salão]]
===Verbetes derivados===
{{verTambém.Ini}}
* {{link preto|draphalo}}
* {{link preto|festhalo}}
{{verTambém.NovaColuna|34}}
* {{link preto|halo}}
* {{link preto|honorohalo}}
{{verTambém.NovaColuna|33}}
* {{link preto|vinohalo}}
{{verTambém.Fim}}
[[Categoria:Radical (Esperanto)]]
={{-nl-}}=
==Substantivo==
{{flex.nl|s=hal|p=hallen|d=halletje|s-div=hal|p-div=hal.len|d-div=hal.le.tje}}
'''hal''' {{gênero|m}}/{{gênero|f}}
# [[salão]]
# [[vestíbulo]]
# [[corredor]]
===Sinônimos===
* De '''1''' e '''2''': [[zaal]]
* De '''2''': {{link preto|vestibule}}
* De '''3''': {{link idioma|corridor|nl}}, [[gang#{{nl}}|gang]]
===Verbetes derivados===
{{verTambém.Ini}}
* {{link preto|kunsthal}}
{{verTambém.Fim}}
=={{pronúncia|nl}}==
* [[AFI]]: {{AFI|/ˈɦɑl/}}
* [[X-SAMPA]]: /&quot;h\Al/
==Ver também==
===No Wikcionário===
{{verTambém.Ini}}
* {{link preto|kamer}}
{{verTambém.Fim}}
===Referências===
{{verTambém.Ini}}
* [https://web.archive.org/web/20080624064818/http://www.muiswerk.nl/WRDNBOEK/LTR_H/W5476.HTM ''hal'' no Muiswerk Woordenboek (em holandês)]
* [http://www.vertalen.nu/woord/nl/36751/hal/''hal'' no Vertalen.nu (Nederlands-Engels) (em holandês)]
* [http://www.woordenboek.eu/vertaling/Engels/ Woordenboek.eu (Engels-Nederlands, Nederlands-Engels) (em holandês)]
{{verTambém.Fim}}
[[Categoria:Substantivo (Holandês)]]
[[Categoria:Monossílabo (Holandês)]]
[[Categoria:Arquitetura (Holandês)]]
[[Categoria:Entrada com pronúncia (Holandês)]]
={{-hu-}}=
==Substantivo==
'''hal'''
# {{escopo|hu|Zoologia}} [[peixe]]
===Declinação===
{{decl.hu.subst.ak|ha|l|at}}
{{flex.hu.poss.atok}}
===Locuções e expressões===
* '''{{link preto|mint a hal a szárazon}}''': {{link preto|como um peixe fora d'água}}
===Verbetes derivados===
{{fraseini|Palavras compostas derivadas de ''hal''}}
* {{link preto|aranyhal}}
* {{link preto|ebihal}}
{{verTambém.NovaColuna|25}}
* {{link preto|harcoshal}}
* {{link preto|kardhal}}
{{verTambém.NovaColuna|25}}
* {{link preto|lepényhal}}
* {{link preto|tintahal}}
{{verTambém.NovaColuna|25}}
* {{link preto|tonhal}}
* {{link preto|tőkehal}}
{{frasefim}}
{{fraseini|Outros termos derivados de ''hal''}}
* {{link preto|Halak}}
* {{link preto|halász}}
{{verTambém.NovaColuna|34}}
* {{link preto|halastó}}
* {{link preto|halászik}}
{{verTambém.NovaColuna|33}}
* {{link preto|halászlé}}
{{frasefim}}
==Verbo==
'''hal''', {{gramática|intran}}
# [[morrer]], [[perecer]], [[falecer]]
===Conjugação===
{{conj.hu.ok|hal|t}}
===Verbetes derivados===
{{verTambém.Ini}}
* {{link preto|belehal}}
* {{link preto|elhal}}
* {{link preto|halál}}
{{verTambém.NovaColuna|34}}
* {{link preto|halandó}}
* {{link preto|haldoklik}}
* {{link preto|halhatatlan}}
{{verTambém.NovaColuna|33}}
* {{link preto|halott}}
* {{link preto|kihal}}
* {{link preto|meghal}}
{{verTambém.Fim}}
=={{etimologia|hu}}==
* '''Substantivo''': 
: Do {{l.s.|radical}} {{link preto|proto-urálico}} *''kala'';
* '''Verbo''':
: Do radical proto-urálico *''kole''
=={{pronúncia|hu}}==
* [[AFI]]: {{AFI|/ˈhɒl/}}
* [[X-SAMPA]]: /&quot;hQl/
==Ver também==
===Referências===
{{verTambém.Ini}}
* [http://www.jargot.com/hvc/hvcul.pl?conj conjugação do verbo ''hal'' no HVC (em inglês)]
* [https://web.archive.org/web/20160305142827/http://www.angol-szotar.com/h/hal.html ''hal'' no Hungarian English Dictionary (Angol-Szotar.com) (em inglês)]
* [http://dict.sztaki.hu/dict_search.php?O=ENG&amp;flash=&amp;E=1&amp;vk=&amp;in_form=1&amp;L=HUN%3AENG%3AEngHunDict&amp;W=hal&amp;M=0&amp;P=0&amp;C=1&amp;T=1 ''hal'' no Sztaki Szótár (em húngaro)]
* [http://mek.niif.hu/00000/00076/html/hun-eng/h.htm Magyar-angol szótár (Magyar Elektronikus Könyvtár) (em húngaro)]
* [http://www.mangol.net/ Magyar-Angol/Angol-Magyar szotar (Mangol) (em inglês)]
{{verTambém.Fim}}
[[Categoria:Substantivo (Húngaro)]]
[[Categoria:Verbo (Húngaro)]]
[[Categoria:Monossílabo (Húngaro)]]
[[Categoria:Animal (Húngaro)]]
[[Categoria:Peixe (Húngaro)|*]]
[[Categoria:Entrada com imagem (Húngaro)]]
={{-id-}}=
==Substantivo==
'''hal'''
# {{l.s.|caso}}, [[assunto]]
# [[problema]], [[questão]]
# [[evento]], [[acontecimento]]
# [[fato]]
===Verbetes derivados===
{{verTambém.Ini}}
* {{link preto|berhal}}
* {{link preto|terhal}}
{{verTambém.Fim}}
==Ver também==
===Referências===
{{verTambém.Ini}}
* [https://web.archive.org/web/20090420041851/http://www.kamus.com/indmay-eng/hal ''hal'' no Kamus (em inglês)]
* [http://www.kamus.net/result.php?w=id-indonesia&amp;q=hal&amp;e=0 ''hal'' no Kamus.net (em inglês)]
* [https://web.archive.org/web/20090805021214/http://pusatbahasa.diknas.go.id/kbbi/index.php Kamus Besar Bahasa Indonesia (em indonésio)]
{{verTambém.Fim}}
[[Categoria:Substantivo (Indonésio)]]
[[Categoria:Monossílabo (Indonésio)]]
={{-ang-}}=
==Adjetivo==
'''hāl'''
# {{link preto|sadio}}, [[saudável]]
# [[inteiro]], [[intacto]]
=={{etimologia|ang}}==
: Do {{link preto|proto-germânico}} *''hailaz''.
===Descendentes===
{{tradini|Termos descendentes de ''hal''}}
* {{trad|en|hale|whole}}
{{tradfim}}
=={{pronúncia|ang}}==
* [[AFI]]: {{AFI|/ˈhɑːl/}}
* [[X-SAMPA]]: /&quot;hA:l/
==Ver também==
===Referências===
{{verTambém.Ini}}
* [http://www.wordgumbo.com/pc/pap/erpapeng.htm A Concise Anglo-Saxon Dictionary (Project Gutemberg) (em inglês)]
* [http://archive.is/20120527080316/home.comcast.net/~modean52/oeme_dictionaries.htm Old English Dictionary (OEME) (em inglês)]
{{verTambém.Fim}}
[[Categoria:Adjetivo (Inglês Antigo)]]
[[Categoria:Monossílabo (Inglês Antigo)]]
={{-pap-}}=
==Substantivo==
'''hal'''
# [[amargura]], [[animosidade]]
==Ver também==
===Referências===
{{verTambém.Ini}}
* [http://www.wordgumbo.com/pc/pap/erpapeng.htm Papiamento to English lexicon (em inglês)]
{{verTambém.Fim}}
[[Categoria:Substantivo (Papiamento)]]
[[Categoria:Monossílabo (Papiamento)]]
={{-sv-}}=
==Adjetivo==
'''hal'''
# {{link preto|escorregadio}}
# [[confuso]], [[difícil]] de [[entender]] (''[[indivíduo]]'')
===Flexões===
{{flex.sv.adj.reg}}
===Sinônimos===
* {{link preto|halkig}}
=={{pronúncia|sv}}==
* [[AFI]]: {{AFI|/ˈhɑːl/}}
* [[X-SAMPA]]: /&quot;hA:l/
: '''Áudio''': {{ouvir|Sv-hal.ogg|&quot;hal&quot;}}
==Ver também==
===No Wikcionário===
{{verTambém.Ini}}
* {{link preto|halka}}
{{verTambém.Fim}}
===Referências===
{{verTambém.Ini}}
* [http://www.ord.se/oversattning/engelska/?s=hal&amp;l=SVEENG ''hal'' no Norstedts Ord (em sueco)]
* [http://lexin.nada.kth.se/lexin/#searchinfo=both,swe_swe,hal; ''hal'' no Svenska ord (Lexin) (em sueco)] 
{{verTambém.Fim}}
[[Categoria:Adjetivo (Sueco)]]
[[Categoria:Monossílabo (Sueco)]]
[[Categoria:Entrada com áudio (Sueco)]]
={{-tr-}}=
==Substantivo==
'''hal'''
# [[situação]]
===Sinônimos===
* {{link preto|durum}}, {{link preto|vaziyet}}
=={{pronúncia|tr}}==
* [[AFI]]: {{AFI|/haɫ/}}
* [[X-SAMPA]]: /ha5/
==Ver também==
===Referências===
{{verTambém.Ini}}
* [http://www.tureng.com/search/{{PAGENAME}} ''{{PAGENAME}}'' no Tureng Sözlük (em inglês e turco)]
{{verTambém.Fim}}
[[Categoria:Substantivo (Turco)]]
[[Categoria:Monossílabo (Turco)]]
[[Categoria:Entrada com pronúncia (Turco)]]
={{-tk-}}=
==Substantivo==
'''hal'''
# {{l.s.|força}}, [[poder]]
# {{escopo|tk|Anatomia}} {{link preto|marca de nascença}}
# {{escopo|tk|Gramática}} [[advérbio]]
==Ver também==
===No Wikcionário===
{{verTambém.Ini}}
* {{link idioma|grammatika|tk}}
{{verTambém.Fim}}
{{classes gramaticais/tk}}
===Referências===
{{verTambém.Ini}}
* [http://www.terjime.com/?gozle=hal ''hal'' no Turkmen-English Dictionary (terjime.com) (em inglês)]
{{verTambém.Fim}}
[[Categoria:Substantivo (Turcomeno)]]
[[Categoria:Monossílabo (Turcomeno)]]</text>
<sha1>7uvq52cprwfah9knjsxhpybzncuzyd3</sha1>
</revision>
