<page>
<title>Halak</title>
<ns>0</ns>
<id>162895</id>
<revision>
<id>2661248</id>
<parentid>2270295</parentid>
<timestamp>2022-02-25T05:17:45Z</timestamp>
<contributor>
<username>First jumper</username>
<id>44431</id>
</contributor>
<comment>húngaro</comment>
<model>wikitext</model>
<format>text/x-wiki</format>
<text bytes="423" xml:space="preserve">{{ver também|halak}}
={{-hu-}}=
==Substantivo==
'''Halak''' {{pr}}
#{{escopo|hu|constelação|astrologia}} [[Peixes]], [[décimo segundo]] [[signo]] do [[zodíaco]]
=={{etimologia|hu}}==
Tradução de empréstimo do latim {{l|la|Pisces}}.
=={{pronúncia|hu}}==
* [[AFI]]: {{AFI|/ˈhɒlɒk/}}
==Ver também==
===No Wikcionário===
{{zodíaco/hu}}
[[Categoria:Substantivo (Húngaro)]]
[[Categoria:Dissílabo (Húngaro)]]</text>
<sha1>cykdsge1gwjt3v569dz2ozny8ff8uch</sha1>
</revision>
</page>
