<page>
<page>
<title>halastjarna</title>
<ns>0</ns>
<id>326304</id>
<revision>
<id>2356983</id>
<parentid>2225776</parentid>
<timestamp>2017-05-03T07:12:18Z</timestamp>
<contributor>
<username>HydrizBot</username>
<id>29590</id>
</contributor>
<minor />
<comment>Robô: A limpar links interwikis antigos</comment>
<model>wikitext</model>
<format>text/x-wiki</format>
<text bytes="170" xml:space="preserve">={{-is-}}=
==Substantivo==
'''halastjarna'''
# [[cometa]] (astro de cauda luminosa)
{{página-automática|junho|2014|cometa|is}}
[[Categoria:Substantivo (Islandês)]]</text>
<sha1>6uxnp9n7zpejgq9v72sqzaszunljqqu</sha1>
</revision>
