<page>
<title>halakon</title>
<ns>0</ns>
<id>61392</id>
<revision>
<id>1306879</id>
<parentid>1085070</parentid>
<timestamp>2011-11-28T23:53:09Z</timestamp>
<contributor>
<username>MalafayaBot</username>
<id>628</id>
</contributor>
<minor />
<comment>Robô: Substituição de texto automática (-^\=(\s*?)Tétum(\s*?)\= +={{-tet-}}= &amp; -^\=(\s*?)\{\{tet\}\}(\s*?)\= +={{-tet-}}=)</comment>
<model>wikitext</model>
<format>text/x-wiki</format>
<text bytes="80" xml:space="preserve">={{-tet-}}=
==Verbo==
'''halakon'''
# [[destruir]]
[[Categoria:Verbo (Tétum)]]</text>
<sha1>kc2qh41p7zsjvbquflcstd71b2upa6v</sha1>
</revision>
</page>
