<page>
<page>
<title>halai</title>
<ns>0</ns>
<id>61391</id>
<revision>
<id>2356982</id>
<parentid>1971158</parentid>
<timestamp>2017-05-03T07:12:12Z</timestamp>
<contributor>
<username>HydrizBot</username>
<id>29590</id>
</contributor>
<minor />
<comment>Robô: A limpar links interwikis antigos</comment>
<model>wikitext</model>
<format>text/x-wiki</format>
<text bytes="186" xml:space="preserve">={{-fr-}}=
==Forma verbal==
'''halai'''
# flexão do verbo [[haler]]
[[Categoria:Forma verbal (Francês)]]
={{-tet-}}=
==Verbo==
'''halai'''
# [[correr]]
[[Categoria:Verbo (Tétum)]]</text>
<sha1>14ib9d1rfpcsqtq1b5i4n94qsg6z5rb</sha1>
</revision>
