<page>
<page>
<title>halacska</title>
<ns>0</ns>
<id>259066</id>
<revision>
<id>2631498</id>
<parentid>1013556</parentid>
<timestamp>2021-04-24T17:51:50Z</timestamp>
<contributor>
<username>ValJor</username>
<id>1358</id>
</contributor>
<comment>Confirmando [[:Categoria:!Entrada criada por robô|verbete criado por robô]]</comment>
<model>wikitext</model>
<format>text/x-wiki</format>
<text bytes="199" xml:space="preserve">{{Wikipédia|lang=hu|halak}}
={{-hu-}}=
==Substantivo==
'''halacska'''
# [[peixe]] (animal aquático)
===Sinônimo===
* [[hal]]
[[Categoria:Substantivo (Húngaro)]]
[[Categoria:Animal (Húngaro)]]</text>
<sha1>bdb1eldo10rmk8bkeo09mkswrghn26j</sha1>
</revision>
