<page>
<page>
<title>halak</title>
<ns>0</ns>
<id>440731</id>
<revision>
<id>2661249</id>
<timestamp>2022-02-25T05:22:04Z</timestamp>
<contributor>
<username>First jumper</username>
<id>44431</id>
</contributor>
<comment>húngaro</comment>
<model>wikitext</model>
<format>text/x-wiki</format>
<text bytes="212" xml:space="preserve">{{ver também|Halak}}
==Forma de substantivo==
'''{{grifar|ha}}.lak'''
#[[plural]] de '''[[hal]]'''
=={{pronúncia|hu}}==
* [[AFI]]: {{AFI|/ˈhɒlɒk/}}
{{categorias|{{nome categoria|hu}}|Forma de substantivo}}</text>
<sha1>b0jpet28nbnokksyju3e0tgp09303qr</sha1>
</revision>
