<page>
<title>halbert</title>
<ns>0</ns>
<id>363640</id>
<revision>
<id>2356986</id>
<parentid>2162374</parentid>
<timestamp>2017-05-03T07:12:31Z</timestamp>
<contributor>
<username>HydrizBot</username>
<id>29590</id>
</contributor>
<minor />
<comment>Robô: A limpar links interwikis antigos</comment>
<model>wikitext</model>
<format>text/x-wiki</format>
<text bytes="126" xml:space="preserve">={{-en-}}=
==Substantivo==
'''halbert'''
# {{escopo|en|Arma}} variação de [[halberd]]
[[categoria:Substantivo (Inglês)]]</text>
<sha1>cllgxlx0dboj6otkgadypk4t6zeo22w</sha1>
</revision>
</page>
