<page>
<title>halberd</title>
<ns>0</ns>
<id>363639</id>
<revision>
<id>2356984</id>
<parentid>2227429</parentid>
<timestamp>2017-05-03T07:12:24Z</timestamp>
<contributor>
<username>HydrizBot</username>
<id>29590</id>
</contributor>
<minor />
<comment>Robô: A limpar links interwikis antigos</comment>
<model>wikitext</model>
<format>text/x-wiki</format>
<text bytes="761" xml:space="preserve">[[Imagem:Lviv - Arsenal - 26.jpg|right|thumb|alabardas]]
={{-en-}}=
==Substantivo==
'''halberd'''
# {{escopo|en|Arma}} [[alabarda]]
==={{-varort-}}===
* [[halbert]]
===Sinônimos===
{{verTambém.Ini}}
* [[poleaxe]]
{{verTambém.NovaColuna}}
* [[pole-axe]]
{{verTambém.Fim}}
=={{etimologia|en}}==
{{llietimo|fr|hallebarde|en}}, derivado do alto-alemão médio ''[[halmbarte]]'' (''[[machado]]'' com ''[[cabo]]''), de ''[[halm]]'' (''cabo'') + ''[[barte]]'' (''machado'').
=={{pronúncia|en}}==
* {{IPA|/ˈhælbɜːd/|lang=en}} ou /ˈhælbəd/
==Ver também==
===No Wikcionário===
{{verTambém.Ini}}
* [[halberdier]]
{{verTambém.NovaColuna}}
* [[twibill]]
{{verTambém.Fim}}
[[Categoria:Substantivo (Inglês)]]
[[Categoria:Entrada com imagem (Inglês)]]</text>
<sha1>4cf0immyleffjuunjqwsxrunwc96kcn</sha1>
</revision>
</page>
