<page>
<page>
<title>Halbbruder</title>
<ns>0</ns>
<id>417877</id>
<revision>
<id>2568714</id>
<parentid>2568426</parentid>
<timestamp>2019-12-25T14:46:18Z</timestamp>
<contributor>
<ip>2804:431:D724:985A:C046:F819:973:D661</ip>
</contributor>
<model>wikitext</model>
<format>text/x-wiki</format>
<text bytes="327" xml:space="preserve">={{-de-}}=
==Substantivo==
'''Halbbruder''', {{m}}
# [[meio-irmão]]
===Expressões===
*'''Halbbruder mütterlicherseits''': meio-irmão materno
*'''Halbbruder väterlicherseits''': meio-irmão paterno
==Ver também==
===No Wikcionário===
{{família/de}}
[[Categoria:Substantivo (Alemão)]]
[[Categoria:Família (Alemão)]]</text>
<sha1>e1d4jhu3wpvfwdi6ga24uxn0p7d7mas</sha1>
</revision>
