<page>
<title>Halbschwager</title>
<ns>0</ns>
<id>418003</id>
<revision>
<id>2568587</id>
<timestamp>2019-12-24T14:57:33Z</timestamp>
<contributor>
<ip>2804:431:D725:C7A0:5D12:180F:EAC1:C17D</ip>
</contributor>
<comment>[[Ajuda:Guia de edição/Menus e ferramentas/Sumário de edição|→]] nova página: ={{-de-}}= ==Substantivo== '''Halbschwager''', {{m}} # [[meio-cunhado]]  ==Ver também== ===No Wikcionário==...</comment>
<model>wikitext</model>
<format>text/x-wiki</format>
<text bytes="196" xml:space="preserve">={{-de-}}=
==Substantivo==
'''Halbschwager''', {{m}}
# [[meio-cunhado]]
==Ver também==
===No Wikcionário===
{{família/de}}
[[Categoria:Substantivo (Alemão)]]
[[Categoria:Família (Alemão)]]</text>
<sha1>qg8titx67mjs21leijeqid57yacrlgq</sha1>
</revision>
</page>
