<page>
<title>Halbgarsein</title>
<ns>0</ns>
<id>239411</id>
<revision>
<id>2658092</id>
<parentid>910151</parentid>
<timestamp>2022-01-16T09:10:01Z</timestamp>
<contributor>
<username>ValJor</username>
<id>1358</id>
</contributor>
<comment>Já fazia mais de dez anos que ninguém atualizava esse verbete</comment>
<model>wikitext</model>
<format>text/x-wiki</format>
<text bytes="98" xml:space="preserve">={{-de-}}=
==Substantivo==
'''Halbgarsein'''
# [[verriondez]]
[[Categoria:Substantivo (Alemão)]]</text>
<sha1>ifajgupweuvzgdv2gjuccsiiklriu7m</sha1>
</revision>
</page>
