<page>
<title>Halbcousin</title>
<ns>0</ns>
<id>417883</id>
<revision>
<id>2568432</id>
<timestamp>2019-12-24T01:02:18Z</timestamp>
<contributor>
<ip>2804:431:D725:5ECF:EC63:D424:5DA1:CC5</ip>
</contributor>
<comment>[[Ajuda:Guia de edição/Menus e ferramentas/Sumário de edição|→]] nova página: ={{-de-}}= ==Substantivo== '''Halbcousin''', {{m}} # [[meio-primo]]  ==Ver também== ===No Wikcionário=== {{...</comment>
<model>wikitext</model>
<format>text/x-wiki</format>
<text bytes="192" xml:space="preserve">={{-de-}}=
==Substantivo==
'''Halbcousin''', {{m}}
# [[meio-primo]]
==Ver também==
===No Wikcionário===
{{família/de}}
[[Categoria:Substantivo (Alemão)]]
[[Categoria:Família (Alemão)]]</text>
<sha1>h0yn1c08t2j9g0gih40qy49b2t3pta4</sha1>
</revision>
</page>
