<page>
<page>
<title>Halbtante</title>
<ns>0</ns>
<id>417880</id>
<revision>
<id>2568429</id>
<timestamp>2019-12-24T01:00:09Z</timestamp>
<contributor>
<ip>2804:431:D725:5ECF:EC63:D424:5DA1:CC5</ip>
</contributor>
<comment>[[Ajuda:Guia de edição/Menus e ferramentas/Sumário de edição|→]] nova página: ={{-de-}}= ==Substantivo== '''Halbtante''', {{f}} # [[meia-tia]]  ==Ver também== ===No Wikcionário=== {{fam...</comment>
<model>wikitext</model>
<format>text/x-wiki</format>
<text bytes="189" xml:space="preserve">={{-de-}}=
==Substantivo==
'''Halbtante''', {{f}}
# [[meia-tia]]
==Ver também==
===No Wikcionário===
{{família/de}}
[[Categoria:Substantivo (Alemão)]]
[[Categoria:Família (Alemão)]]</text>
<sha1>h0jrkorpxn0cahqipr0b0u434mw00n8</sha1>
</revision>
