<page>
<page>
<title>halberdier</title>
<ns>0</ns>
<id>363645</id>
<revision>
<id>2356985</id>
<parentid>2162380</parentid>
<timestamp>2017-05-03T07:12:28Z</timestamp>
<contributor>
<username>HydrizBot</username>
<id>29590</id>
</contributor>
<minor />
<comment>Robô: A limpar links interwikis antigos</comment>
<model>wikitext</model>
<format>text/x-wiki</format>
<text bytes="122" xml:space="preserve">={{-en-}}=
==Substantivo==
'''halberdier'''
# {{escopo|en|Militar}} [[alabardeiro]]
[[categoria:Substantivo (Inglês)]]</text>
<sha1>gxjhwz05p5hyfjwx1vooh837sprolai</sha1>
</revision>
