<page>
<page>
<title>Halbonkel</title>
<ns>0</ns>
<id>417879</id>
<revision>
<id>2568428</id>
<timestamp>2019-12-24T00:59:34Z</timestamp>
<contributor>
<ip>2804:431:D725:5ECF:EC63:D424:5DA1:CC5</ip>
</contributor>
<comment>[[Ajuda:Guia de edição/Menus e ferramentas/Sumário de edição|→]] nova página: ={{-de-}}= ==Substantivo== '''Halbonkel''', {{m}} # [[meio-tio]]  ==Ver também== ===No Wikcionário=== {{fam...</comment>
<model>wikitext</model>
<format>text/x-wiki</format>
<text bytes="189" xml:space="preserve">={{-de-}}=
==Substantivo==
'''Halbonkel''', {{m}}
# [[meio-tio]]
==Ver também==
===No Wikcionário===
{{família/de}}
[[Categoria:Substantivo (Alemão)]]
[[Categoria:Família (Alemão)]]</text>
<sha1>87srg6v2j1ffpjczdvo0pcz1vpl0w10</sha1>
</revision>
