<page>
<page>
<title>halcón</title>
<ns>0</ns>
<id>327261</id>
<revision>
<id>2356988</id>
<parentid>2261207</parentid>
<timestamp>2017-05-03T07:12:37Z</timestamp>
<contributor>
<username>HydrizBot</username>
<id>29590</id>
</contributor>
<minor />
<comment>Robô: A limpar links interwikis antigos</comment>
<model>wikitext</model>
<format>text/x-wiki</format>
<text bytes="309" xml:space="preserve">{{Wikipédia|lang=es}}
={{-es-}}=
==Substantivo==
'''halcón'''
# [[falcão]]
===Sinônimos===
{{verTambém.Ini}}
* [[falco]]
{{verTambém.NovaColuna}}
* [[falcón]]
{{verTambém.Fim}}
=={{etimologia|es}}==
: Do latim ''falcō, falconis''.
[[Categoria:Substantivo (Espanhol)]]
[[Categoria:Ave (Espanhol)]]</text>
<sha1>kpiu23acq6dy723hpnp0uaxuo4owcm4</sha1>
</revision>
