<page>
<page>
<title>haliêutica</title>
<ns>0</ns>
<id>64596</id>
<revision>
<id>1213295</id>
<parentid>256733</parentid>
<timestamp>2011-07-10T16:45:16Z</timestamp>
<contributor>
<username>MalafayaBot</username>
<id>628</id>
</contributor>
<minor />
<comment>Robô: Substituição de texto automática (-^\=\s?Português\s?\= +={{-pt-}}= &amp; -^\=\s?\{\{pt\}\}\s?\= +={{-pt-}}=)</comment>
<model>wikitext</model>
<format>text/x-wiki</format>
<text bytes="128" xml:space="preserve">={{-pt-}}=
[[Categoria:Substantivo (Português)]]
'''{{PAGENAME}}''' ''substantivo feminino ''
# [[a]] [[arte]] [[da]] [[pesca]]</text>
<sha1>hldb78w1mkt6m83l6v9fdkqd9zfahz2</sha1>
</revision>
