<page>
<page>
<title>haliote</title>
<ns>0</ns>
<id>294264</id>
<revision>
<id>2626649</id>
<parentid>2356993</parentid>
<timestamp>2021-03-15T01:10:45Z</timestamp>
<contributor>
<username>ValJor</username>
<id>1358</id>
</contributor>
<comment>Substituindo a [[Especial:Páginas_afluentes/Predefinição:escopoCatLang|predefinição escopoCatLang]] por escopo</comment>
<model>wikitext</model>
<format>text/x-wiki</format>
<text bytes="385" xml:space="preserve">={{-pt-}}=
==Substantivo==
{{flex.pt|ms=haliote|mp=haliotes}}
{{paroxítona|ha|li|o|te}}, {{gramática|m}}
# {{escopo|pt|Zoologia}} [[gênero]] de [[molusco]]s [[gasterópode]]s [[marinho]]s de [[concha]] [[univalve]]; [[abalone]]
==Ligações externas==
* {{Aulete}}
* {{DicioAberto}}
* {{PLP}}
* {{VOLPABL}}
[[Categoria:Substantivo (Português)]]
[[Categoria:Molusco (Português)]]</text>
<sha1>4gmhe5j142yiqao97fxlldnrzy0y0o5</sha1>
</revision>
