<page>
<page>
<title>halitose</title>
<ns>0</ns>
<id>45071</id>
<revision>
<id>2356994</id>
<parentid>1971194</parentid>
<timestamp>2017-05-03T07:12:56Z</timestamp>
<contributor>
<username>HydrizBot</username>
<id>29590</id>
</contributor>
<minor />
<comment>Robô: A limpar links interwikis antigos</comment>
<model>wikitext</model>
<format>text/x-wiki</format>
<text bytes="859" xml:space="preserve">{{Wikipédia}}
={{-pt-}}=
==Substantivo==
{{flex.pt|fs=halitose|fp=halitoses}}
{{paroxítona|ha|li|to|se}}
# [[mau]] [[hálito]]
===Sinônimos===
{{verTambém.Ini}}
* [[estomatodisodia]]
{{verTambém.NovaColuna}}
* [[ozostomia]]
{{verTambém.Fim}}
===Tradução===
{{tradini}}
* {{trad|de|Halitosis}}
* {{trad|es|halitosis}} ''f''
* {{trad|fr|halitose}} ''f''
* {{trad|gl|halitose}} ''f''
{{tradmeio}}
* {{trad|nl|halitosis}}
* {{trad|en|halitosis}}
* {{trad|it|alitosi}} ''f''
* {{trad|sv|halitosis}}
{{tradfim}}
=={{etimologia|pt}}==
: {{escopo|Morfologia}} [[hálito]] + [[-ose]].
[[Categoria:Substantivo (Português)]]
={{-fr-}}=
==Substantivo==
'''halitose'''
# [[halitose#Português|halitose]]
[[Categoria:Substantivo (Francês)]]
={{-gl-}}=
==Substantivo==
'''halitose'''
# [[halitose#Português|halitose]]
[[Categoria:Substantivo (Galego)]]</text>
<sha1>34tnqk7hb1ai62c5721946041h9drdh</sha1>
</revision>
