<page>
<title>halibur</title>
<ns>0</ns>
<id>61393</id>
<revision>
<id>2636586</id>
<parentid>795210</parentid>
<timestamp>2021-06-03T10:25:48Z</timestamp>
<contributor>
<username>ValJor</username>
<id>1358</id>
</contributor>
<minor />
<comment>Já fazia mais de dez anos que ninguém atualizava esse verbete...</comment>
<model>wikitext</model>
<format>text/x-wiki</format>
<text bytes="115" xml:space="preserve">={{-tet-}}=
==Verbo==
'''ha.li.bur'''
# [[reunir]]
[[Categoria:Verbo (Tétum)]]
[[Categoria:Trissílabo (Tétum)]]</text>
<sha1>puzjma4jet2bpt6a7pr4f28wdbe7w8y</sha1>
</revision>
</page>
