<page>
<title>haliêutico</title>
<ns>0</ns>
<id>64598</id>
<revision>
<id>1523436</id>
<parentid>1185119</parentid>
<timestamp>2012-11-20T15:25:28Z</timestamp>
<contributor>
<username>ValJor</username>
<id>1358</id>
</contributor>
<comment>Melhorando a apresentação do verbete segundo o AO 1990: adjectivo --&gt; adjetivo</comment>
<model>wikitext</model>
<format>text/x-wiki</format>
<text bytes="193" xml:space="preserve">={{-pt-}}=
==Adjetivo==
{{flex.pt|ms=haliêutico|mp=haliêuticos|fs=haliêutica|fp=haliêuticas}}
{{proparoxítona|ha|li|êu|ti|co}}
# relativo à [[pesca]]
[[Categoria:Adjetivo (Português)]]</text>
<sha1>bbaspjzil2itjldwlu06mjdl68yjn1p</sha1>
</revision>
</page>
