<page>
<title>halimar</title>
<ns>0</ns>
<id>16443</id>
<revision>
<id>2356992</id>
<parentid>1306881</parentid>
<timestamp>2017-05-03T07:12:52Z</timestamp>
<contributor>
<username>HydrizBot</username>
<id>29590</id>
</contributor>
<minor />
<comment>Robô: A limpar links interwikis antigos</comment>
<model>wikitext</model>
<format>text/x-wiki</format>
<text bytes="79" xml:space="preserve">={{-tet-}}=
==Verbo==
'''halimar'''
# [[brincar]]
[[Categoria:Verbo (Tétum)]]</text>
<sha1>dzx9is9pt4goivrzm9h82soddi0ey92</sha1>
</revision>
</page>
