<page>
<title>hali</title>
<ns>0</ns>
<id>36416</id>
<revision>
<id>2356990</id>
<parentid>1971184</parentid>
<timestamp>2017-05-03T07:12:48Z</timestamp>
<contributor>
<username>HydrizBot</username>
<id>29590</id>
</contributor>
<minor />
<comment>Robô: A limpar links interwikis antigos</comment>
<model>wikitext</model>
<format>text/x-wiki</format>
<text bytes="821" xml:space="preserve">={{-fi-}}=
==Substantivo==
'''hali'''
# {{escopo|Coloquial}} [[abraço]]
==Forma verbal==
'''hali'''
# flexão do verbo [[halia]]
[[Categoria:Substantivo (Finlandês)]]
[[Categoria:Forma verbal (Finlandês)]]
={{-haw-}}=
==Verbo==
'''hali'''
# [[carregar]]
[[Categoria:Verbo (Havaiano)]]
={{-io-}}=
==Forma de substantivo==
'''hali'''
# flexão de [[halo]]
[[Categoria:Forma de substantivo (Ido)]]
={{-is-}}=
==Substantivo==
'''hali'''
# [[cauda]], [[rabo]]
[[Categoria:Substantivo (Islandês)]]
={{-pl-}}=
==Forma de substantivo==
'''hali'''
# flexão de [[hala]]
[[Categoria:Forma de substantivo (Polonês)]]
={{-sw-}}=
==Substantivo==
'''hali'''
# [[estado]], [[condição]]
[[Categoria:Substantivo (Suaíli)]]
={{-tet-}}=
==Substantivo==
'''hali'''
# [[gondão]]
[[Categoria:Substantivo (Tétum)]]</text>
<sha1>lbkpojqnizjwrn6p1nkkkq31wt2jri2</sha1>
</revision>
</page>
