<page>
<page>
<title>hall</title>
<ns>0</ns>
<id>59874</id>
<revision>
<id>2686885</id>
<parentid>2416402</parentid>
<timestamp>2022-08-22T19:34:33Z</timestamp>
<contributor>
<username>Itleda</username>
<id>86989</id>
</contributor>
<model>wikitext</model>
<format>text/x-wiki</format>
<text bytes="861" xml:space="preserve">={{-pt-}}=
==Substantivo==
''{{oxítona|hall}}'', {{g|m}}
# {{escopo|pt|estrangeirismo}} [[hol]]
=={{etimologia|pt}}==
{{llietimo|en|hall|pt}}
[[Categoria:Substantivo (Português)]]
={{-et-}}=
==Adjetivo==
'''hall'''
# [[cinza]]
==Substantivo==
'''hall'''
# a cor [[cinza]]
[[Categoria:Adjetivo (Estoniano)]]
[[Categoria:Substantivo (Estoniano)]]
[[Categoria:Cor (Estoniano)]]
={{-hu-}}=
==Substantivo==
'''hall'''
# [[saguão]]
==={{etimologia|hu}}===
: Do inglês hall.
==Verbo==
'''hall'''
# [[escutar]]
==={{etimologia|hu}}===
: Do proto-urálico *kule; comparar com o finlandês [[kuulla]] e o sami de Ter [[kullɨd]].
=={{pronúncia|hu}}==
* [[AFI]]: {{IPA|/ˈhɒlː/|lang=hu}}
[[Categoria:Substantivo (Húngaro)]]
={{-en-}}=
==Substantivo==
{{flex.en|s=hall|p=halls}}
'''hall''' 
# [[saguão]]; [[hol]]
[[Categoria:Substantivo (Inglês)]]</text>
<sha1>4olreryfh2ao1xzpawxj70kbuhrlwvk</sha1>
</revision>
