<page>
<page>
<title>Halloween</title>
<ns>0</ns>
<id>286564</id>
<revision>
<id>2523434</id>
<parentid>2457691</parentid>
<timestamp>2018-10-21T21:29:28Z</timestamp>
<contributor>
<username>ValJor</username>
<id>1358</id>
</contributor>
<minor />
<comment>Revertidas edições por [[Especial:Contribuições/Jasa611|Jasa611]] para a última versão por [[Especial:Contribuições/HydrizBot|HydrizBot]]</comment>
<model>wikitext</model>
<format>text/x-wiki</format>
<text bytes="544" xml:space="preserve">{{Wikipédia|lang=en}}
={{-pt-}}=
==Substantivo==
{{flex.pt|ms=Halloween|mp=Halloweens}}
'''''Halloween''''', {{gramática|m|pr}}
# {{escopo|pt|estrangeirismo}} ver [[Dia das Bruxas]]
[[Categoria:Substantivo (Português)]]
[[Categoria:Comemoração (Português)]]
={{-en-}}=
==Substantivo==
{{flex.en|s=Halloween|p=Halloweens}}
'''Halloween''', {{pr}}
# [[Dia das Bruxas]]
==Ver também==
===No Wikcionário===
{{verTambém.Ini}}
* [[hinkypunk]]
{{verTambém.Fim}}
[[Categoria:Substantivo (Inglês)]]
[[Categoria:Comemoração (Inglês)]]</text>
<sha1>3zrwua7toyqwdg495y8z5fcegd46694</sha1>
</revision>
