<page>
<title>hallon</title>
<ns>0</ns>
<id>221808</id>
<revision>
<id>2356998</id>
<parentid>2245327</parentid>
<timestamp>2017-05-03T07:13:22Z</timestamp>
<contributor>
<username>HydrizBot</username>
<id>29590</id>
</contributor>
<minor />
<comment>Robô: A limpar links interwikis antigos</comment>
<model>wikitext</model>
<format>text/x-wiki</format>
<text bytes="164" xml:space="preserve">={{-sv-}}=
{{Wikipédia|lang=sv}}
==Substantivo==
'''hallon''', {{n}}
#{{escopo|fruto}} [[framboesa]]
[[Categoria:Substantivo (Sueco)]]
[[Categoria:Fruta (Sueco)]]</text>
<sha1>rebqahlgn7ef1q9u1ip4m3773phsmyy</sha1>
</revision>
</page>
