<page>
<title>hallucinor</title>
<ns>0</ns>
<id>347309</id>
<revision>
<id>2036947</id>
<timestamp>2015-11-14T16:54:07Z</timestamp>
<contributor>
<username>Transtagano</username>
<id>30445</id>
</contributor>
<comment>[[Ajuda:Guia de edição/Menus e ferramentas/Sumário de edição|→]] nova página: ={{-la-}}= ==Verbo== ''presente ativo'' '''hallucinor''', ''infinitivo presente'' '''[[hallucinare]]''', ''pr...</comment>
<model>wikitext</model>
<format>text/x-wiki</format>
<text bytes="518" xml:space="preserve">={{-la-}}=
==Verbo==
''presente ativo'' '''hallucinor''', ''infinitivo presente'' '''[[hallucinare]]''', ''pretérito perfeito ativo'' '''[[hallucinatus]]''' '''[[sum]]'''.
# [[divagar]] em [[pensamento]], em [[sonhos]] ou em [[palavras]].
===Conjugação===
{{conj.la.dep.prim|hallucin|hallucin|hallucinat|hallucin|hallucin|hallucinat}}
==Pronúncia==
*[[AFI]]:  /haˈluː.ki.nor/, /haˈɫuː.kɪ.nɔr/.
[[Categoria:Entrada com pronúncia (Latim)]]
[[Categoria:Verbo (Latim)]]
[[Categoria:Verbo sem afixos (Latim)]]</text>
<sha1>thfh1jwpcukw12tqe9c9fg7n1w8w3r8</sha1>
</revision>
</page>
