<page>
<page>
<title>hallow</title>
<ns>0</ns>
<id>61154</id>
<revision>
<id>2356999</id>
<parentid>2180846</parentid>
<timestamp>2017-05-03T07:13:27Z</timestamp>
<contributor>
<username>HydrizBot</username>
<id>29590</id>
</contributor>
<minor />
<comment>Robô: A limpar links interwikis antigos</comment>
<model>wikitext</model>
<format>text/x-wiki</format>
<text bytes="742" xml:space="preserve">={{-en-}}=
== Substantivo ==
{{flex.en|hallow|hallows}}
'''hallow'''
# [[santo]];
# {{escopo|arcaico}} [[relíquia]].
== Verbo ==
'''hallow'''
# {{escopo|transitivo}} [[santificar]], [[consagrar]].
=== Sinônimos ===
* (''de 1'') [[consecrate]], [[sanctify]].
=== Antônimos ===
* (''de 1'') [[unhallow]], [[desecrate]].
=== Conjugação ===
{{conj.en|to hallow|hallows|hallowed|hallowed|hallowing}}
== Pronúncia ==
=== Estados Unidos ===
* [[AFI]]: {{AFI|[ˈhæloʊ]}}
=== Reino Unido ===
* [[AFI]]: {{AFI|[ˈhæləʊ]}}
== Ver também ==
=== No Wikcionário ===
{{verTambém.Ini}}
* [[Halloween]].
* [[hallowed]].
* [[hallower]].
* [[Hallowmas]].
{{verTambém.Fim}}
[[Categoria:Substantivo (Inglês)]]
[[Categoria:Verbo (Inglês)]]</text>
<sha1>k6ag356urf2oah6nzf4h9m3jy0tufsh</sha1>
</revision>
