<page>
<title>hallen</title>
<ns>0</ns>
<id>32553</id>
<revision>
<id>2356996</id>
<parentid>2017819</parentid>
<timestamp>2017-05-03T07:13:08Z</timestamp>
<contributor>
<username>HydrizBot</username>
<id>29590</id>
</contributor>
<minor />
<comment>Robô: A limpar links interwikis antigos</comment>
<model>wikitext</model>
<format>text/x-wiki</format>
<text bytes="169" xml:space="preserve">={{-de-}}=
==Verbo==
'''hal.len'''
# [[ressoar]], [[ecoar]].
{{conj.de.fraca|radical=hall|particípio ii=gehallt|verbo auxiliar= haben}}
[[Categoria:Verbo_(Alemão)]]</text>
<sha1>bix7put94gffbjwm8p09tblgdvlbc2d</sha1>
</revision>
</page>
