<page>
<page>
<title>hallo</title>
<ns>0</ns>
<id>57840</id>
<revision>
<id>2356997</id>
<parentid>2058476</parentid>
<timestamp>2017-05-03T07:13:17Z</timestamp>
<contributor>
<username>HydrizBot</username>
<id>29590</id>
</contributor>
<minor />
<comment>Robô: A limpar links interwikis antigos</comment>
<model>wikitext</model>
<format>text/x-wiki</format>
<text bytes="853" xml:space="preserve">={{-af-}}=
==Interjeição==
'''hallo'''
# [[oi]], [[olá]]
[[Categoria:Interjeição (Africâner)]]
={{-de-}}=
==Interjeição==
'''hallo'''
# [[oi]], [[olá]]
===Sinônimos===
* [[hei]]
[[Categoria:Interjeição (Alemão)]]
={{-da-}}=
==Interjeição==
'''hallo'''
# [[oi]], [[olá]]
[[Categoria:Interjeição (Dinamarquês)]]
={{-et-}}=
==Interjeição==
'''hallo'''
# [[oi]], [[olá]]
[[Categoria:Interjeição (Estoniano)]]
={{-nl-}}=
==Interjeição==
'''hallo'''
# [[oi]], [[olá]]
[[Categoria:Interjeição (Holandês)]]
={{-en-}}=
==Interjeição==
'''hallo'''
# [[oi]], [[olá]]
[[Categoria:Interjeição (Inglês)]]
={{-ia-}}=
==Interjeição==
'''hallo'''
# [[oi]], [[olá]]
[[Categoria:Interjeição (Interlíngua)]]
={{-no-}}=
==Interjeição==
'''hallo'''
# [[oi]], [[olá]]
[[Categoria:Interjeição (Norueguês)]]</text>
<sha1>s182y3skzgll42ni6fnsg64xjmfi7b8</sha1>
</revision>
