<page>
<title>halometria</title>
<ns>0</ns>
<id>64606</id>
<revision>
<id>1213300</id>
<parentid>543457</parentid>
<timestamp>2011-07-10T16:45:22Z</timestamp>
<contributor>
<username>MalafayaBot</username>
<id>628</id>
</contributor>
<minor />
<comment>Robô: Substituição de texto automática (-^\=\s?Português\s?\= +={{-pt-}}= &amp; -^\=\s?\{\{pt\}\}\s?\= +={{-pt-}}=)</comment>
<model>wikitext</model>
<format>text/x-wiki</format>
<text bytes="238" xml:space="preserve">={{-pt-}}=
==Substantivo==
[[Categoria:Substantivo (Português)]]
'''halometria''' ''feminino'' {{+info|data=1899}}
# [[processo]] [[para]] [[avaliar]] [[a]] [[qualidade]] [[das]] [[soluções]] [[salinas]] [[usadas]] [[no]] [[comércio]]</text>
<sha1>1r5tzxocfh7sv63qhvnvfge5mud6l7y</sha1>
</revision>
</page>
