<page>
<title>halologia</title>
<ns>0</ns>
<id>64601</id>
<revision>
<id>1213298</id>
<parentid>256743</parentid>
<timestamp>2011-07-10T16:45:19Z</timestamp>
<contributor>
<username>MalafayaBot</username>
<id>628</id>
</contributor>
<minor />
<comment>Robô: Substituição de texto automática (-^\=\s?Português\s?\= +={{-pt-}}= &amp; -^\=\s?\{\{pt\}\}\s?\= +={{-pt-}}=)</comment>
<model>wikitext</model>
<format>text/x-wiki</format>
<text bytes="161" xml:space="preserve">={{-pt-}}=
[[Categoria:Substantivo (Português)]]
'''{{PAGENAME}}''' ''substantivo feminino ''
# [[parte]] [[da]] [[química]] [[que]] [[trata]] [[dos]] [[sais]]</text>
<sha1>gup8xb2t8knggcyamkytovjd1z0b7cd</sha1>
</revision>
</page>
