<page>
<title>halogênico</title>
<ns>0</ns>
<id>431554</id>
<revision>
<id>2629667</id>
<parentid>2625713</parentid>
<timestamp>2021-04-05T09:09:59Z</timestamp>
<contributor>
<username>ValJor</username>
<id>1358</id>
</contributor>
<comment>Melhorando a apresentação do verbete</comment>
<model>wikitext</model>
<format>text/x-wiki</format>
<text bytes="450" xml:space="preserve">{{Wikipédia|lang=pt|halogênio}}
{{grafiaPtbr|halogénico}}
={{-pt-}}=
==Adjetivo==
{{flex.pt|ms=halogênico|mp=halogênios|fs=halogênica|fp=halogênicas}}
{{proparoxítona aparente|ha|lo|gê|ni|co}}
# vide [[halogéneo]]
==={{-varort-}}===
* [[halogéneo]]
* [[halogêneo]]
==Ligações externas==
* {{Aulete}}
* {{Michaelis|halogenico}}
* {{DicioAberto}}
* {{DPLP}}
* {{Infopédia}}
* {{PLP}}
* {{VOLPABL}}
[[Categoria:Adjetivo (Português)]]</text>
<sha1>60y6c7lffx9c2krn0frrabhz2avg2ta</sha1>
</revision>
</page>
