<page>
<title>halogenar</title>
<ns>0</ns>
<id>308949</id>
<revision>
<id>2357004</id>
<parentid>1771674</parentid>
<timestamp>2017-05-03T07:13:46Z</timestamp>
<contributor>
<username>HydrizBot</username>
<id>29590</id>
</contributor>
<minor />
<comment>Robô: A limpar links interwikis antigos</comment>
<model>wikitext</model>
<format>text/x-wiki</format>
<text bytes="153" xml:space="preserve">={{-pt-}}=
==Verbo==
{{oxítona|ha|lo|ge|nar}}
# misturar com [[halogênio]]
===Conjugação===
{{conj/pt|halogen|ar}}
[[Categoria:Verbo (Português)]]</text>
<sha1>2vgpv4zy828ykwf7sgshahnqke8ide9</sha1>
</revision>
</page>
