<page>
<title>halogenámos</title>
<ns>0</ns>
<id>308684</id>
<revision>
<id>2357005</id>
<parentid>2253195</parentid>
<timestamp>2017-05-03T07:13:47Z</timestamp>
<contributor>
<username>HydrizBot</username>
<id>29590</id>
</contributor>
<minor />
<comment>Robô: A limpar links interwikis antigos</comment>
<model>wikitext</model>
<format>text/x-wiki</format>
<text bytes="294" xml:space="preserve">={{-pt-}}=
==Forma verbal==
{{paroxítona|ha|lo|ge|ná|mos}}
#{{escopo2|grafia lusitana}} [[primeira pessoa]] do [[plural]] do [[pretérito perfeito]] do [[modo indicativo]] do verbo '''[[halogenar]]'''
{{avi-for-fle|halogenar}}
[[Categoria:Forma verbal (Português)]]
[[Categoria:Lusitanismo]]</text>
<sha1>jodp6h9emuyb7l188jdl9k8bpvhenz5</sha1>
</revision>
</page>
