<page>
<title>halogéneo</title>
<ns>0</ns>
<id>36080</id>
<revision>
<id>2629670</id>
<parentid>2625716</parentid>
<timestamp>2021-04-05T09:20:26Z</timestamp>
<contributor>
<username>ValJor</username>
<id>1358</id>
</contributor>
<comment>Melhorando a apresentação do verbete</comment>
<model>wikitext</model>
<format>text/x-wiki</format>
<text bytes="868" xml:space="preserve">={{-pt-}}=
==Adjetivo==
{{proparoxítona|ha|lo|gé|ne|o}}
# {{escopo|pt|Química}} diz-se de qualquer [[elemento químico]] pertencente ao grupo 17 da [[tabela periódica]] ([[flúor]], [[cloro]], [[bromo]], [[iodo]] e [[astatínio]])
==Substantivo==
{{flex.pt|ms=halogêneo|mp=halogéneos|ms-div=ha.lo.gé.ne.o|mp-div=ha.lo.gé.ne.os}}
{{proparoxítona|ha|lo|gé|ne|o}}, {{gramática|m}}
# {{escopo|pt|Química}} qualquer elemento químico pertencente ao grupo 17 da tabela periódica (flúor, cloro, bromo, iodo e [[ástato]])
#* ''Qualquer composto produzido pela combinação de um '''halogéneo''', tal como o cloro ou o iodo, com um elemento menos electronegativo'' (Aquecimento Global - ENCICLOPÉDIA UNIVERSAL)
=={{pronúncia|pt}}==
===Portugal===
* AFI: {{AFI|/ɐ.lɔ.ˈʒɛ.nju/}}
[[Categoria:Adjetivo (Português)]]
[[Categoria:Substantivo (Português)]]</text>
<sha1>lkaw0dtbfcrcmjzegziihzsadnnd4bv</sha1>
</revision>
</page>
