<page>
<title>halomancia</title>
<ns>0</ns>
<id>64603</id>
<revision>
<id>1892303</id>
<parentid>1892302</parentid>
<timestamp>2015-02-03T11:06:45Z</timestamp>
<contributor>
<username>MIL973</username>
<id>41339</id>
</contributor>
<comment>/* Substantivo */</comment>
<model>wikitext</model>
<format>text/x-wiki</format>
<text bytes="478" xml:space="preserve">={{-pt-}}=
==Substantivo==
{{flex.pt|fs=halomancia|fp=halomancias}}
{{paroxítona|ha|lo|man|ci|a}}, {{f}}
# [[adivinhação]] por meio do [[sal]]
=={{etimologia|pt}}==
: {{escopo|Morfologia}} [[halo-]] + [[-mancia]].
==Ver também==
===No Wikcionário===
{{verTambém.Ini}}
* [[halomante]]
{{verTambém.NovaColuna}}
* [[licnomancia]]
{{verTambém.NovaColuna}}
* [[licnomante]]
{{verTambém.Fim}}
[[Categoria:Substantivo (Português)]]
[[Categoria:Adivinhação (Português)]]</text>
<sha1>2mp1xyw0i3gtetzd5smels7pa7moogf</sha1>
</revision>
</page>
