<page>
<page>
<title>halo</title>
<ns>0</ns>
<id>38569</id>
<revision>
<id>2635863</id>
<parentid>2632089</parentid>
<timestamp>2021-05-27T10:06:04Z</timestamp>
<contributor>
<username>ValJor</username>
<id>1358</id>
</contributor>
<comment>Melhorando a apresentação do verbete</comment>
<model>wikitext</model>
<format>text/x-wiki</format>
<text bytes="1880" xml:space="preserve">={{-pt-}}=
==Substantivo==
{{flex.pt|ms=halo|mp=halos}}
{{paroxítona|ha|lo}}, {{gramática|m}}
# designação comum a uma grande variedade de meteoros luminosos contituídos de círculos ou arcos de círculos luminosos, tendo por centro o Sol ou Lua, e causados pela reflexão ou refração da luz solar ou lunar em cristais de gelo em suspensão na atmosfera terrestre
# prestígio, glória, etc
# [[círculo]] [[luminoso]] emitido por uma [[luz]] qualquer
#* ''Mas eram também os versos de Camões ao vivo. A literatura juntava-se à natureza e vestia-a dum '''halo''' mágico. '' Miguel Torga - A CRIAÇÃO DO MUNDO: O TERCEIRO DIA
===Expressões===
* '''[[halo galático]]''': {{escopo2|Astronomia}} região do espaço que envolve uma galáxia, e que tem pequena densidade estelar e forma esférica.
=={{pronúncia|pt}}==
===Portugal===
* AFI: {{AFI|/ˈa.lu/}}
===Brasil===
* AFI: {{AFI|/'heɪ.loʊ/}}
==Ligações externas==
* {{Aulete}}
* {{Michaelis}}
* {{DPLP}}
* {{Infopédia}}
* {{PLP}}
* {{VOLPABL}}
==Anagramas==
&lt;!-- índice para anagramas: pt: ahlo --&gt;
# [[alho]]
# [[olha]]
[[Categoria:Substantivo (Português)]]
[[Categoria:Astronomia (Português)]]
={{-fr-}}=
==Substantivo==
'''halo''', ''masculino''
# [[halo#Português|halo]]
[[Categoria:Substantivo (Francês)]]
={{-en-}}=
==Substantivo==
'''ha.lo'''
# [[halo#Português|halo]]
[[Categoria:Substantivo (Inglês)]]
={{-la-}}=
==Verbo==
''presente ativo'' '''halo''', ''infinitivo presente'' '''[[halare]]''', ''pretérito perfeito ativo'' '''[[halavi]]''', ''supino'' '''[[halatum]]'''.
# [[respirar]].
===Conjugação===
{{conj.la.1|hal|hal|halat|hal|hal|halat}}
=={{pronúncia|la}}==
* [[AFI]]:  /ˈhaː.loː/
[[Categoria:Verbo (Latim)]]
[[Categoria:Verbo sem afixos (Latim)]]
={{-tet-}}=
==Verbo==
'''halo'''
# [[fazer]]
[[Categoria:Verbo (Tétum)]]
[[Categoria:Falso cognato (Tétum)]]</text>
<sha1>axw1jgltoxz3osdnijofvx42sj3ar95</sha1>
</revision>
