<page>
<page>
<title>halomancias</title>
<ns>0</ns>
<id>329057</id>
<revision>
<id>1878922</id>
<parentid>1844804</parentid>
<timestamp>2014-12-15T09:07:56Z</timestamp>
<contributor>
<username>MIL973</username>
<id>41339</id>
</contributor>
<model>wikitext</model>
<format>text/x-wiki</format>
<text bytes="178" xml:space="preserve">={{-pt-}}=
==Forma de substantivo==
{{paroxítona|ha|lo|man|ci|as}}, {{f}}
# plural de [[halomancia]]
{{avi-for-fle|halomancia}}
[[Categoria:Forma de substantivo (Português)]]</text>
<sha1>galtl9cjd6z2d33gksd9u4e0vpdqybu</sha1>
</revision>
