<page>
<page>
<title>halomantes</title>
<ns>0</ns>
<id>329059</id>
<revision>
<id>1878924</id>
<parentid>1844808</parentid>
<timestamp>2014-12-15T09:08:44Z</timestamp>
<contributor>
<username>MIL973</username>
<id>41339</id>
</contributor>
<model>wikitext</model>
<format>text/x-wiki</format>
<text bytes="176" xml:space="preserve">={{-pt-}}=
==Forma de substantivo==
{{paroxítona|ha|lo|man|tes}}, {{c2g}}
# plural de [[halomante]]
{{avi-for-fle|halomante}}
[[Categoria:Forma de substantivo (Português)]]</text>
<sha1>as9dafkqk8z8n07e0j5x7bnvdpupchy</sha1>
</revision>
