<page>
<title>Hals</title>
<ns>0</ns>
<id>36938</id>
<revision>
<id>2468974</id>
<parentid>2270299</parentid>
<timestamp>2017-12-10T05:29:19Z</timestamp>
<contributor>
<username>Spanier</username>
<id>43713</id>
</contributor>
<comment>suplementos</comment>
<model>wikitext</model>
<format>text/x-wiki</format>
<text bytes="448" xml:space="preserve">={{-de-}}=
==Substantivo==
'''Hals''', {{g|m}}
# {{escopo|de|anatomia}} [[garganta]]
# [[pescoço]]
# coisas que são semelhantes a uma barba
===Declinação===
{{decl.de.subst.forte.masc.date|ns=Hals|np=Hälse|gs=Halses}}
=={{etimologia|de}}==
:Do [[alto alemão antigo]] ''hals''.
=={{pronúncia|de}}==
* [[AFI]]: {{AFI|/hals/|de}}
* {{audio|De-Hals.ogg|ouvir|lang=de}}
[[Categoria:Substantivo_(Alemão)]]
[[Categoria:Monossílabo (Alemão)]]</text>
<sha1>n6ns4rqdpo3696klx8atuast0bku918</sha1>
</revision>
</page>
