<page>
<title>Haltestelle</title>
<ns>0</ns>
<id>178582</id>
<revision>
<id>2270301</id>
<parentid>2089910</parentid>
<timestamp>2017-04-26T18:38:44Z</timestamp>
<contributor>
<username>HydrizBot</username>
<id>29590</id>
</contributor>
<minor />
<comment>Robô: A limpar links interwikis antigos</comment>
<model>wikitext</model>
<format>text/x-wiki</format>
<text bytes="158" xml:space="preserve">={{-de-}}=
==Substantivo==
'''Haltestelle''', {{f}} {{p|Haltestellen}}
#[[estação]], [[parada]] (de ônibus, de metrô)
[[Categoria:Substantivo (Alemão)]]</text>
<sha1>a7cre7kjhfue6woyk64wbycrig9x5lp</sha1>
</revision>
</page>
