<page>
<title>halting</title>
<ns>0</ns>
<id>324169</id>
<revision>
<id>2357012</id>
<parentid>1822838</parentid>
<timestamp>2017-05-03T07:14:10Z</timestamp>
<contributor>
<username>HydrizBot</username>
<id>29590</id>
</contributor>
<minor />
<comment>Robô: A limpar links interwikis antigos</comment>
<model>wikitext</model>
<format>text/x-wiki</format>
<text bytes="194" xml:space="preserve">={{-en-}}=
==Adjetivo==
'''halting'''
# dado a pausas ou interrupções; [[hesitante]]
===Sinônimo===
* [[hesitant]]
===Verbetes derivados===
* [[haltingly]]
[[Categoria:Adjetivo (Inglês)]]</text>
<sha1>os71sty4qrbibggigrqxykf13ruarkc</sha1>
</revision>
</page>
