<page>
<title>halten</title>
<ns>0</ns>
<id>43526</id>
<revision>
<id>2449564</id>
<parentid>2357007</parentid>
<timestamp>2017-09-13T11:52:52Z</timestamp>
<contributor>
<username>Spanier</username>
<id>43713</id>
</contributor>
<comment>suplementos</comment>
<model>wikitext</model>
<format>text/x-wiki</format>
<text bytes="876" xml:space="preserve">={{-de-}}=
==Verbo==
{{paroxítona|hal|ten}}
# [[segurar]], [[pegar]]
# [[parar]], [[agarrar]]
# [[segurar]], [[suportar]]
# [[manter]], [[permanecer]]
#: {{tradex|de|Der Wein hält mich jung|O vinho me '''mantem''' jovem.}}
===Conjugação===
{{conj.de.completa.haben|halten|gehalten|haltend|halt(e)|haltet|halte|hälst|hält|halten|haltet|halten|halte|haltest|halte|halten|haltet|halten|hielt|hielt(e)st|hielt|hielten|hieltet|hielten|hielte|hieltest|hielte|hielten|hieltet|hielten}}[[Categoria:Verbo irregular (Alemão)]]
=={{etimologia|de}}==
:Do [[alto alemão antigo]] ''[[haltan#Alto Alemão Antigo|haltan]]'', que por sua vez, vem do [[proto-germânico]] ''[[*haldaną]]''.
=={{pronúncia|de}}==
* [[AFI]]: {{AFI|/ˈhaltn̩/|de}}
* {{audio|De-halten.ogg|Áudio (Alemanha)|lang=de}}
* {{audio|De-at-halten.ogg|Audio (Áustria)|lang=de}}
[[Categoria:Verbo (Alemão)]]</text>
<sha1>o1iqsjxqk6wfn4owc7jwav30ms0h6ow</sha1>
</revision>
</page>
