<page>
<page>
<title>halterofilismo</title>
<ns>0</ns>
<id>63928</id>
<revision>
<id>2357011</id>
<parentid>1771672</parentid>
<timestamp>2017-05-03T07:14:05Z</timestamp>
<contributor>
<username>HydrizBot</username>
<id>29590</id>
</contributor>
<minor />
<comment>Robô: A limpar links interwikis antigos</comment>
<model>wikitext</model>
<format>text/x-wiki</format>
<text bytes="633" xml:space="preserve">{{Wikipédia}}
={{-pt-}}=
==Substantivo==
{{paroxítona|hal|te|ro|fi|lis|mo}}
# o mesmo que [[halterofilia]]; [[musculação]]; atividade física tem o objetivo de [[hipertrofiar]] os músculos do corpo
#* ''O uso de metiltrienolona foi o responsável, também, pela exclusão de 11 atletas da equipe grega de '''halterofilismo''' dos Jogos Olímpicos.'' {{OESP|2008|novembro|27}}
===Sinônimo===
* [[halterofilia]]
==Ver também==
===No Wikcionário===
{{verTambém.Ini}}
* [[halterofilista]]
{{verTambém.NovaColuna}}
* [[vigorexia]]
{{verTambém.Fim}}
[[Categoria:Substantivo (Português)]]
[[Categoria:Desporto (Português)]]</text>
<sha1>0tlbgli7mopv5k5286fwb63ci83sg4y</sha1>
</revision>
