<page>
<title>halterofilista</title>
<ns>0</ns>
<id>167264</id>
<revision>
<id>2042399</id>
<parentid>1438317</parentid>
<timestamp>2015-11-29T23:40:53Z</timestamp>
<contributor>
<username>ValJor</username>
<id>1358</id>
</contributor>
<comment>Melhorando a apresentação do verbete</comment>
<model>wikitext</model>
<format>text/x-wiki</format>
<text bytes="799" xml:space="preserve">={{-pt-}}=
==Adjetivo==
{{flex.pt|s=halterofilista|p=halterofilistas}}
{{paroxítona|hal|te|ro|fi|lis|ta}}
# diz-se daquele que pratica [[halterofilismo]]
==Substantivo==
{{paroxítona|hal|te|ro|fi|lis|ta}}
# aquele que pratica halterofilismo
# pessoa que, através do halterofilismo, torna seus próprios músculos super desenvolvidos/crescidos
===Tradução===
{{tradini|De 1 (aquele que pratica halterofilismo)}}
* {{trad|fr|haltérophile}}
{{tradmeio}}
{{tradfim}}
=={{etimologia|pt}}==
: {{escopo|Morfologia}} [[halterofilia]] + [[-ista]].
==Ver também==
===No Wikcionário===
{{verTambém.Ini}}
* [[ginástica]]
* [[halterofilismo]]
{{verTambém.NovaColuna}}
* [[musculação]]
* [[vigorexia]]
{{verTambém.Fim}}
[[Categoria:Adjetivo (Português)]]
[[Categoria:Substantivo (Português)]]</text>
<sha1>3pvsaajce2i7t7sd1c6e2p08ty8nbcr</sha1>
</revision>
</page>
