<page>
<title>haltere</title>
<ns>0</ns>
<id>63923</id>
<revision>
<id>2563580</id>
<parentid>2357008</parentid>
<timestamp>2019-11-27T14:47:30Z</timestamp>
<contributor>
<username>ValJor</username>
<id>1358</id>
</contributor>
<comment>Verbete [[:Categoria:!Página com idioma não informado em Predefinição:etimologia|sem indicação do idioma na seção de etimologia]]</comment>
<model>wikitext</model>
<format>text/x-wiki</format>
<text bytes="2135" xml:space="preserve">{{Wikipédia|lang=pt}}
[[Imagem:TwoDumbbells.JPG|thumb|right|250px|&lt;center&gt;Halteres&lt;/center&gt;]]
{{ver também|haltère}}
={{-pt-}}=
==Substantivo==
{{flex.pt|ms=haltere|mp=halteres|ms-div=hal.{{grifar|te}}.re|mp-div=hal.{{grifar|te}}.res}}
{{paroxítona|hal|te|re}}, {{gramática|m}}
# {{escopo|pt|Desporto}} {{escopo2|Ginástica}} [[aparelho]] de [[musculação]] ou [[ginástica]] formado por duas esferas ou discos (geralmente de ferro) de massas idênticas ligadas por uma haste e utilizado em exercícios de bíceps e tríceps
==={{-varort-}}===
* [[halter]]
===Sinónimos===
* [[peso]]
===Tradução===
{{tradini}}
* {{trad|de|Hantel|Gewicht}}
* {{trad-|ar|دمبلز|}}
* {{trad-|be|гантэль|(gamtel')}}
* {{trad-|bg|дъмбел|(dəmbel)}}
* {{trad|cs|činka}}
* {{trad-|zh|哑铃|(yǎlíng)}}, {{xlatio|zh|啞鈴|(yǎlíng)}}
* {{trad-|ko|아령|}}
* {{trad|es|haltera|mancuerna|pesa}}
* {{trad|eo|haltero}}
* {{trad|fi|käsipaino}}
* {{trad|fr|haltère}}
* {{trad|gl|haltera|pesa}}
{{tradmeio}}
* {{trad-|el|αλτήρας|(altíras)}}
* {{trad|nl|dumbbell|halter}}
* {{trad|hu|súlyzó}}
* {{trad|en|dumbbell|weight}}
* {{trad|it|manubrio|peso}}
* {{trad-|ja|ダンベル|}}
* {{trad|lt|svarmuo}}
* {{trad|pl|hantle}}
* {{trad-|ru|гантель|(gantel')}}, {{xlatio|ru|штанга|(shtanga)}}
* {{trad|hsb|hantla|ćeža|waha}}
* {{trad|dsb|hantla}}
* {{trad|sv|hantel}}
{{tradfim}}
===Verbetes derivados===
{{verTambém.Ini}}
* [[halterofilia]]/[[halterofilismo]]
* [[halterofilista]]
{{verTambém.Fim}}
=={{etimologia|pt}}==
{{llietimo|la|haltere|pt|ponto=não}} e este do {{etm|grc|pt}} {{etimo|grc|ἁλτῆρες|haltêres}}
=={{pronúncia|pt}}==
===Brasil===
* [[AFI]]: {{AFI|/aw.ˈtɛ.ɾɪ/}}
* [[X-SAMPA]]: /aw.&quot;tE.4I/
==Ver também==
===Na Wikipédia===
{{verTambém.Ini}}
{{Wikipédia}}
* [[w:Fisiculturismo|fisiculturismo]]
* [[w:Musculação|musculação]]
{{verTambém.Fim}}
==Ligações externas==
* {{Aulete}}
* {{Michaelis}}
* {{DPLP}}
* {{Infopédia}}
* {{PLP}}
* {{VOLPABL}}
==Anagrama==
# [[retalhe]]
[[Categoria:Substantivo (Português)]]
[[Categoria:Entrada com imagem (Português)]]</text>
<sha1>pe3rlsfywtifmlfxm826huklfw5x6vi</sha1>
</revision>
</page>
