<page>
<title>haluha</title>
<ns>0</ns>
<id>16635</id>
<revision>
<id>2357014</id>
<parentid>1971238</parentid>
<timestamp>2017-05-03T07:14:16Z</timestamp>
<contributor>
<username>HydrizBot</username>
<id>29590</id>
</contributor>
<minor />
<comment>Robô: A limpar links interwikis antigos</comment>
<model>wikitext</model>
<format>text/x-wiki</format>
<text bytes="79" xml:space="preserve">={{-tet-}}=
==Verbo==
'''haluha'''
# [[esquecer]]
[[Categoria:Verbo (Tétum)]]</text>
<sha1>1gumpgp633zgkulhp7xmx4c7bhxmp5u</sha1>
</revision>
</page>
