<page>
<title>halómetro</title>
<ns>0</ns>
<id>64609</id>
<revision>
<id>1495826</id>
<parentid>1386995</parentid>
<timestamp>2012-10-23T10:19:25Z</timestamp>
<contributor>
<username>VJBot</username>
<id>33673</id>
</contributor>
<minor />
<comment>Robô: Substituição de texto automática  (-{{vt| +{{ver também|)</comment>
<model>wikitext</model>
<format>text/x-wiki</format>
<text bytes="283" xml:space="preserve">{{ver também|calómetro|holómetro}}
{{grafiaPtpt|halômetro}}
={{-pt-}}=
==Substantivo==
{{proparoxítona|ha|ló|me|tro}}
# [[instrumento]] para [[determinar]] o [[álcool]] e o [[extrato]] [[seco]] em [[bebida]]s [[alcoólico|alcoólicas]]
[[Categoria:Substantivo (Português)]]</text>
<sha1>5y69qfsgecmlp2un1ssl9ftmj4491k1</sha1>
</revision>
</page>
