<page>
<page>
<title>halógeno</title>
<ns>0</ns>
<id>431550</id>
<revision>
<id>2629664</id>
<parentid>2625704</parentid>
<timestamp>2021-04-05T08:51:56Z</timestamp>
<contributor>
<username>ValJor</username>
<id>1358</id>
</contributor>
<comment>Melhorando a apresentação do verbete</comment>
<model>wikitext</model>
<format>text/x-wiki</format>
<text bytes="497" xml:space="preserve">{{Wikipédia|lang=pt|halogênio}}
={{-pt-}}=
==Adjetivo==
{{flex.pt|ms=halógeno|mp=halógenos|fs=halógena|fp=halógenas}}
{{proparoxítona|ha|ló|ge|no}}
# vide [[halogéneo]]
==Substantivo==
{{flex.pt|ms=halógeno|mp=halógenos}}
{{proparoxítona|ha|ló|ge|no}}
# vide [[halogéneo]]
==Ligações externas==
* {{Aulete}}
* {{Michaelis|halogeno}}
* {{DicioAberto}}
* {{DPLP}}
* {{Infopédia}}
* {{PLP}}
* {{VOLPABL}}
[[Categoria:Adjetivo (Português)]]
[[Categoria:Substantivo (Português)]]</text>
<sha1>k2hyivy1ig1v7obg8zk72sw0qtngmn7</sha1>
</revision>
