<page>
<title>halóide</title>
<ns>0</ns>
<id>64602</id>
<revision>
<id>1558253</id>
<parentid>1405499</parentid>
<timestamp>2012-12-10T15:58:56Z</timestamp>
<contributor>
<username>ValJor</username>
<id>1358</id>
</contributor>
<comment>Eliminando a maior parte do conteúdo do verbete: AO 1990</comment>
<model>wikitext</model>
<format>text/x-wiki</format>
<text bytes="181" xml:space="preserve">{{Anterior ao Acordo de 1990|haloide}}
={{-pt-}}=
==Adjetivo==
{{flex.pt|s=halóide|p=halóides}}
{{paroxítona|ha|lói|de}}
# vide [[haloide]]
[[Categoria:Adjetivo (Português)]]</text>
<sha1>ghhqq3rklyhisrn7244kx7pbbl52qbb</sha1>
</revision>
</page>
