<page>
<page>
<title>ham</title>
<ns>0</ns>
<id>84669</id>
<revision>
<id>2563292</id>
<parentid>2357017</parentid>
<timestamp>2019-11-26T14:34:12Z</timestamp>
<contributor>
<username>ValJor</username>
<id>1358</id>
</contributor>
<comment>Verbete [[:Categoria:!Página com idioma não informado em Predefinição:etimologia|sem indicação do idioma na seção de etimologia]]</comment>
<model>wikitext</model>
<format>text/x-wiki</format>
<text bytes="2169" xml:space="preserve">{{Wikipédia|lang=sco}}
{{Wikipédia|lang=nl}}
{{Wikipédia|lang=id}}
{{Wikipédia|lang=en}}
{{Wikipédia|lang=simple}}
{{Wikipédia|lang=jv}}
{{Wikipédia|lang=ms}}
={{-af-}}=
==Substantivo==
'''ham'''
# [[pernil]]
[[Categoria:Substantivo (Africâner)]]
[[Categoria:Alimentação (Africâner)]]
={{-ca-}}=
==Substantivo==
'''ham'''
# [[anzol]] de [[pesca]]
[[Categoria:Substantivo (Catalão)]]
={{-da-}}=
==Pronome==
'''ham'''
# [[dele]]
==Substantivo==
'''ham'''
# [[pele]]
[[Categoria:Pronome (Dinamarquês)]]
[[Categoria:Substantivo (Dinamarquês)]]
[[Categoria:Anatomia (Dinamarquês)]]
={{-sco-}}=
==Substantivo==
'''ham'''
# [[pernil]]
[[Categoria:Substantivo (Escocês)]]
[[Categoria:Alimentação (Escocês)]]
={{-vls-}}=
==Substantivo==
'''ham'''
# [[pernil]]
[[Categoria:Substantivo (Flamengo)]]
[[Categoria:Alimentação (Flamengo)]]
={{-cy-}}=
==Substantivo==
'''ham'''
# [[pernil]]
[[Categoria:Substantivo (Galês)]]
[[Categoria:Alimentação (Galês)]]
={{-nl-}}=
==Substantivo==
'''ham'''
# [[pernil]]
[[Categoria:Substantivo (Holandês)]]
[[Categoria:Alimentação (Holandês)]]
={{-id-}}=
==Substantivo==
'''ham'''
# [[pernil]]
[[Categoria:Substantivo (Indonésio)]]
[[Categoria:Alimentação (Indonésio)]]
={{-en-}}=
==Substantivo==
'''ham'''
# [[pernil]]
=={{etimologia|en}}==
{{llietimo|ang|ham|en|ponto=não}} e este do proto-germânico ''*kham-'' e este de uma raiz proto-indo-europeia ''konemo-''.
=={{pronúncia|en}}==
* [[AFI]]: /hæm/
* [[SAMPA]]: /h{m/
[[Categoria:Substantivo (Inglês)]]
[[Categoria:Monossílabo (Inglês)]]
[[Categoria:Alimentação (Inglês)]]
={{-jv-}}=
==Substantivo==
'''ham'''
# [[pernil]]
[[Categoria:Substantivo (Javanês)]]
[[Categoria:Alimentação (Javanês)]]
={{-ms-}}=
==Substantivo==
'''ham'''
# [[pernil]]
[[Categoria:Substantivo (Malaio)]]
[[Categoria:Alimentação (Malaio)]]
={{-no-}}=
==Pronome==
'''ham'''
# [[dele]]
[[Categoria:Pronome (Norueguês)]]
={{-pap-}}=
==Substantivo==
'''ham'''
# [[pernil]]
[[Categoria:Substantivo (Papiamento)]]
[[Categoria:Alimentação (Papiamento)]]
={{-tr-}}=
==Adjetivo==
'''ham'''
# [[cru]]
[[Categoria:Adjetivo (Turco)]]</text>
<sha1>h9cr4oyvqd18ldi4l3ygvc39srr7vef</sha1>
</revision>
