<page>
<title>hamate</title>
<ns>0</ns>
<id>36448</id>
<revision>
<id>2563283</id>
<parentid>2357025</parentid>
<timestamp>2019-11-26T10:40:39Z</timestamp>
<contributor>
<username>ValJor</username>
<id>1358</id>
</contributor>
<comment>Verbete [[:Categoria:!Página com idioma não informado em Predefinição:etimologia|sem indicação do idioma na seção de etimologia]]</comment>
<model>wikitext</model>
<format>text/x-wiki</format>
<text bytes="2471" xml:space="preserve">[[Imagem:Carpus.png|thumb|right|250px|&lt;center&gt;Hamato (h)&lt;/center&gt;]]
={{-en-}}=
==Adjetivo==
{{flex.en|s=hamate|p=&amp;ndash;}}
'''{{grifar|ha}}.mate'''
# {{escopo|en|Anatomia}} em formato de [[gancho]]
===Expressões===
* '''{{link opcional|hamate bone}}''': {{escopo2|anatomia}} [[hamato]]
==Substantivo==
{{flex.en|s=hamate|p=hamates|s-div={{grifar|ha}}.mate|p-div={{grifar|ha}}.mates}}
'''{{grifar|ha}}.mate'''
# {{escopo|en|Anatomia}} [[hamato]], um dos oito [[osso]]s que formam o [[pulso]]
===Sinônimos===
* {{link opcional|hamate bone}}, {{link opcional|unciform}} ([[bone]])
=={{etimologia|en}}==
{{llietimo|la|hamatus|en|enganchado}}
:* '''Datação''': [[w:1924|1924]]
=={{pronúncia|en}}==
* [[AFI]]: {{AFI|/ˈheɪ.ˌmeɪt/}}
* [[X-SAMPA]]: /&quot;heI.%meIt/
==Ver também==
===No Wikcionário===
{{verTambém.Ini}}
* {{link opcional|carpus|en}}
* [[hand]]
{{verTambém.NovaColuna|50}}
* [[hook]]
* [[wrist]]
{{verTambém.Fim}}
===Referências===
{{verTambém.Ini}}
* {{#ifeq: s|n||&lt;span style=&quot;color:#555;&quot;&gt;(em inglês)&lt;/span&gt;}}&amp;nbsp;“[http://www.merriam-webster.com/dictionary/{{urlencode:{{PAGENAME}}}} {{PAGENAME}}]” in ''[[w:Merriam-Webster|Merriam-Webster Online Dictionary]]'', Merriam-Webster Online. {{#if: | Consultado em {{{data}}}.}}
{{verTambém.Fim}}
[[Categoria:Adjetivo (Inglês)]]
[[Categoria:Substantivo (Inglês)]]
[[Categoria:Dissílabo (Inglês)]]
[[Categoria:Paroxítona (Inglês)]]
[[Categoria:Século XX (Inglês)]]
={{-ia-}}=
==Adjetivo==
'''ha.{{grifar|ma}}.te'''
# [[anzolado]], em formato de [[anzol]]
=={{etimologia|ia}}==
{{llietimo|la|hamatus|ia|enganchado}}
=={{pronúncia|ia}}==
* [[AFI]]: {{AFI|/a.ˈma.te/}}
* [[X-SAMPA]]: /a.&quot;ma.te/
==Ver também==
===No Wikcionário===
{{verTambém.Ini}}
* {{link opcional|hamirostre|ia}}
* {{link opcional|hamo|ia}}
* {{link opcional|hamulo|ia}}
{{verTambém.Fim}}
===Referências===
{{verTambém.Ini}}
* [http://www.interlingua.com/ied/cerca?edit%5Bkeys%5D=hamate ''hamate'' no Interlingua-English Dictionary (UMI) (em interlíngua)]
{{verTambém.Fim}}
[[Categoria:Adjetivo (Interlíngua)]]
[[Categoria:Trissílabo (Interlíngua)]]
[[Categoria:Paroxítona (Interlíngua)]]
={{-tet-}}=
==Verbo==
'''ha.ma.te'''
# [[apagar]]
==Ver também==
===Referências===
{{verTambém.Ini}}
* [http://purl.pt/915/1/cd1/database/dictionaries/Tetum-Portugues.pdf Glossário tétum-português (TimorAgri)]
{{verTambém.Fim}}
[[Categoria:Verbo (Tétum)]]
[[Categoria:Trissílabo (Tétum)]]</text>
<sha1>b9gvte67dgn4fsih04zzitgbwxnjqma</sha1>
</revision>
</page>
