<page>
<title>hamartologia</title>
<ns>0</ns>
<id>77297</id>
<revision>
<id>2046725</id>
<parentid>1837572</parentid>
<timestamp>2015-12-10T16:56:33Z</timestamp>
<contributor>
<username>ValJor</username>
<id>1358</id>
</contributor>
<comment>Melhorando a apresentação do verbete usando a [[:predefinição:cria-entrada]]</comment>
<model>wikitext</model>
<format>text/x-wiki</format>
<text bytes="696" xml:space="preserve">{{Wikipédia}}
={{-pt-}}=
==Substantivo==
{{flex.pt|fs=hamartologia|fp=hamartologias}}
{{paroxítona|ha|mar|to|lo|gi|a}}, {{f}}
# {{escopo|Teologia}} [[ciência]] que estuda o [[pecado]], em sua [[gênese]], natureza e consequências
===Tradução===
{{tradini}}
* {{trad|en|hamartiology}}
{{tradmeio}}
{{tradfim}}
==={{-varort-}}===
* [[hamartiologia]]
=={{etimologia|pt}}==
: Do [[grego]] αμαρτια + λογία , λόγος [[transliterado]] ''hamartia'' + ''lógos'', ''logia'', termo ou vocábulo composto, a significar a ciência (λόγος, λογία) que se ocupa do estudo do pecado (αμαρτια).
[[Categoria:Substantivo (Português)]]
[[Categoria:Teologia (Português)]]</text>
<sha1>bnxsfaggaxd1ndfgvgz5hp9f2ycgyjj</sha1>
</revision>
</page>
