<page>
<title>hamak</title>
<ns>0</ns>
<id>269505</id>
<revision>
<id>2357021</id>
<parentid>2204114</parentid>
<timestamp>2017-05-03T07:14:41Z</timestamp>
<contributor>
<username>HydrizBot</username>
<id>29590</id>
</contributor>
<minor />
<comment>Robô: A limpar links interwikis antigos</comment>
<model>wikitext</model>
<format>text/x-wiki</format>
<text bytes="699" xml:space="preserve">={{-pl-}}=
{{Wikipédia|lang=pl}}
==Substantivo==
'''hamak'''
# [[rede]], [[objeto]] [[feito]] de [[pano]], [[onde]] [[cada]] [[extremidade]] [[ser|é]] [[pendurar|pendurada]] [[numa]] [[parede]], [[para]] se [[deitar]]
===Declinação===
{{decl.pl.subst
|ns=hamak|np=hamaki
|gs=hamaka|gp=hamaków
|ds=hamakowi|dp=hamakom
|as=hamak|ap=hamaki
|is=hamakiem|ip=hamakami
|ls=hamaku|lp=hamakach
|vs=hamaku|vp=hamaki
}}
=={{etimologia|pl}}==
: Do espanhol [[hamaca]] que obteve a palavra do [http://pt.wikipedia.org/wiki/Taínos taíno] na primeira viagem de Cristovão Colombo.
[[Categoria:Substantivo (Polonês)]]
={{-tr-}}=
==Substantivo==
'''hamak'''
# [[rede]]
[[Categoria:Substantivo (Turco)]]</text>
<sha1>iqc9qnql9c4vo8xbwen58cd5tcef6ss</sha1>
</revision>
</page>
