<page>
<title>hamacas</title>
<ns>0</ns>
<id>394345</id>
<revision>
<id>2492172</id>
<timestamp>2018-03-30T21:37:32Z</timestamp>
<contributor>
<username>Alefher Andrade Cordeiro</username>
<id>52242</id>
</contributor>
<comment>[[Ajuda:Guia de edição/Menus e ferramentas/Sumário de edição|→]] nova página: ={{-es-}}= ==Forma de substantivo== {{flex.es|fs=hamaca|fp=hamacas}}  {{paroxítona|ha|ma|cas}}  # plural de...</comment>
<model>wikitext</model>
<format>text/x-wiki</format>
<text bytes="166" xml:space="preserve">={{-es-}}=
==Forma de substantivo==
{{flex.es|fs=hamaca|fp=hamacas}}
{{paroxítona|ha|ma|cas}}
# plural de [[hamaca]]
[[Categoria:Forma de substantivo (Espanhol)]]</text>
<sha1>ei7438rbu685m9ndtz11wa3kwcugith</sha1>
</revision>
</page>
