<page>
<page>
<title>hamaus</title>
<ns>0</ns>
<id>45238</id>
<revision>
<id>1306884</id>
<parentid>1086976</parentid>
<timestamp>2011-11-28T23:53:15Z</timestamp>
<contributor>
<username>MalafayaBot</username>
<id>628</id>
</contributor>
<minor />
<comment>Robô: Substituição de texto automática (-^\=(\s*?)Tétum(\s*?)\= +={{-tet-}}= &amp; -^\=(\s*?)\{\{tet\}\}(\s*?)\= +={{-tet-}}=)</comment>
<model>wikitext</model>
<format>text/x-wiki</format>
<text bytes="80" xml:space="preserve">={{-tet-}}=
==Verbo==
'''hamaus'''
# [[acariciar]]
[[Categoria:Verbo (Tétum)]]</text>
<sha1>gr09ux80ry3a4qe735ijvbyfw0h6xtp</sha1>
</revision>
