<page>
<page>
<title>hamadríada</title>
<ns>0</ns>
<id>64611</id>
<revision>
<id>2357019</id>
<parentid>1978889</parentid>
<timestamp>2017-05-03T07:14:36Z</timestamp>
<contributor>
<username>HydrizBot</username>
<id>29590</id>
</contributor>
<minor />
<comment>Robô: A limpar links interwikis antigos</comment>
<model>wikitext</model>
<format>text/x-wiki</format>
<text bytes="191" xml:space="preserve">={{-pt-}}=
[[Categoria:Substantivo (Português)]]
'''{{PAGENAME}}''' ''substantivo feminino ''
# [[ninfa]] [[dos]] [[bosques]] [[que]] [[nascia]] [[e]] [[morria]] [[como]] [[uma]] [[árvore]]</text>
<sha1>eya5jxlf9a022nrzxc71pqbrxgkpren</sha1>
</revision>
