<page>
<page>
<title>hamamelis</title>
<ns>0</ns>
<id>302480</id>
<revision>
<id>2357023</id>
<parentid>1980558</parentid>
<timestamp>2017-05-03T07:14:48Z</timestamp>
<contributor>
<username>HydrizBot</username>
<id>29590</id>
</contributor>
<minor />
<comment>Robô: A limpar links interwikis antigos</comment>
<model>wikitext</model>
<format>text/x-wiki</format>
<text bytes="386" xml:space="preserve">{{Wikipédia}}
={{-pt-}}=
==Substantivo==
{{flex.pt|fs=hamamelis|fp=hamamelis}}
{{paroxítona|ha|ma|me|lis}}
# [[árvore]] de folha caduca da família ''Hamamelidaceae'' que pode atingir cinco metros de altura; suas folhas, ovais e denteadas, são inodoras mas de gosto amargo
===Sinônimo===
* [[hamamélia]]
[[Categoria:Substantivo (Português)]]
[[Categoria:Árvore (Português)]]</text>
<sha1>s1mldur6coy9aseky9kekfbsdjzmwa0</sha1>
</revision>
