<page>
<title>hamaca</title>
<ns>0</ns>
<id>394340</id>
<revision>
<id>2513428</id>
<parentid>2513427</parentid>
<timestamp>2018-07-27T15:21:41Z</timestamp>
<contributor>
<username>Askekamo</username>
<id>60711</id>
</contributor>
<model>wikitext</model>
<format>text/x-wiki</format>
<text bytes="185" xml:space="preserve">={{-es-}}=
==Substantivo==
{{flex.es|fs=hamaca|fp=hamacas}}
{{paroxítona|ha|ma|ca|língua=es}}, {{gramática|f|língua=es}}
# [[rede]] (de dormir)
[[Categoria:Substantivo (Espanhol)]]</text>
<sha1>l2zszlfet3rja1ci1smm5rgo4yuy9hk</sha1>
</revision>
</page>
