<page>
<page>
<title>hamborgari</title>
<ns>0</ns>
<id>68509</id>
<revision>
<id>2357027</id>
<parentid>1472275</parentid>
<timestamp>2017-05-03T07:15:00Z</timestamp>
<contributor>
<username>HydrizBot</username>
<id>29590</id>
</contributor>
<minor />
<comment>Robô: A limpar links interwikis antigos</comment>
<model>wikitext</model>
<format>text/x-wiki</format>
<text bytes="260" xml:space="preserve">{{Wikipédia|lang=is}}
={{-is-}}=
==Substantivo==
'''hamborgari''', ''masculino, fraco, grupo 1''
# [[hambúrguer]]
===Declinação===
{{decl.is.subst.fraca.masc.1.a~u|hamborg|r}}
[[Categoria:Substantivo (Islandês)]]
[[Categoria:Alimentação (Islandês)]]</text>
<sha1>1q8yf2kzp7ezvvsqm6bszpvt5ej0k7w</sha1>
</revision>
