<page>
<title>Hamburgerin</title>
<ns>0</ns>
<id>64094</id>
<revision>
<id>2270305</id>
<parentid>1893777</parentid>
<timestamp>2017-04-26T18:38:55Z</timestamp>
<contributor>
<username>HydrizBot</username>
<id>29590</id>
</contributor>
<minor />
<comment>Robô: A limpar links interwikis antigos</comment>
<model>wikitext</model>
<format>text/x-wiki</format>
<text bytes="219" xml:space="preserve">={{-de-}}=
== Substantivo ==
{{decl.de.subst.fraca.fem
|ns=Hamburgerin
|np=Hamburgerinnen}}
'''Ham.bur.ge.rin''', ''feminino'' (''masculino: '''[[Hamburger]]''''')
# [[hamburguesa]].
[[Categoria:Substantivo (Alemão)]]</text>
<sha1>04gnv1lcf9rnxiktlohkahsxoto0n2h</sha1>
</revision>
</page>
