<page>
<page>
<title>hamba</title>
<ns>0</ns>
<id>77647</id>
<revision>
<id>2357026</id>
<parentid>2204112</parentid>
<timestamp>2017-05-03T07:14:57Z</timestamp>
<contributor>
<username>HydrizBot</username>
<id>29590</id>
</contributor>
<minor />
<comment>Robô: A limpar links interwikis antigos</comment>
<model>wikitext</model>
<format>text/x-wiki</format>
<text bytes="72" xml:space="preserve">={{-zu-}}=
==Verbo==
'''ham.ba'''
:# [[ir]]
[[Categoria:Verbo (Zulu)]]</text>
<sha1>2d4eamjbgidy9vljxjhb5mammtdaw41</sha1>
</revision>
