<page>
<title>hamburger</title>
<ns>0</ns>
<id>333047</id>
<revision>
<id>2357029</id>
<parentid>2223529</parentid>
<timestamp>2017-05-03T07:15:19Z</timestamp>
<contributor>
<username>HydrizBot</username>
<id>29590</id>
</contributor>
<minor />
<comment>Robô: A limpar links interwikis antigos</comment>
<model>wikitext</model>
<format>text/x-wiki</format>
<text bytes="377" xml:space="preserve">={{-pt-}}=
==Substantivo==
{{flex.pt|ms=hamburger|mp=hamburgers}}
''{{paroxítona|ham|bur|ger}}'', {{gramática|m}}
# {{escopo|pt|estrangeirismo}} [[hambúrguer]]
[[Categoria:Substantivo (Português)]]
={{-en-}}=
==Substantivo==
{{flex.en|s=hamburger|p=hamburgers}}
'''hamburger'''
# [[hambúrguer]]
[[Categoria:Substantivo (Inglês)]]
[[Categoria:Alimentação (Inglês)]]</text>
<sha1>5ir6e4gyojxkofz9r8tgm8xf904xx4q</sha1>
</revision>
</page>
