<page>
<page>
<title>Hamburger</title>
<ns>0</ns>
<id>64092</id>
<revision>
<id>2270304</id>
<parentid>2115354</parentid>
<timestamp>2017-04-26T18:38:54Z</timestamp>
<contributor>
<username>HydrizBot</username>
<id>29590</id>
</contributor>
<minor />
<comment>Robô: A limpar links interwikis antigos</comment>
<model>wikitext</model>
<format>text/x-wiki</format>
<text bytes="1610" xml:space="preserve">[[Imagem:Hamburger sandwich.jpg|thumb|150px|'''Hamburger'''&lt;sup&gt;2&lt;/sup&gt;]]
{{ver também|hamburger}}
={{-de-}}=
==Substantivo==
'''Ham.bur.ger''', {{gramática|m}} ({{gramática|f}} '''''[[Hamburgerin]]''''')
# [[hamburguês]], [[indivíduo]] [[natural]] [[de]] [[Hamburgo]] ([[Alemanha]]):
#: ''Er kommt aus Hamburg, also ist er ein '''Hamburger'''.''
'''Ham.bur.ger''', {{gramática|m}}
# {{cont|2}} [[hambúrguer]] ([[sanduíche]]):
#: ''Ich habe gerade einen '''Hamburger''' mit Pommes gegessen.''
'''Ham.bur.ger''', {{gramática|m}}, ''[[incontável]]''
# {{cont|3}} [[hambúrguer]] ([[carne]]).
===Declinação===
* De '''1''' e '''2''':
{{decl.de.subst.forte.masc|ns=Hamburger|gs=Hamburgers|np=Hamburger}}
* De '''3''':
{{decl.de.subst.masc.s.sing|Hamburger}}
=={{etimologia|de}}==
* De '''1''':
:Do [[topónimo]]/[[topônimo]] {{etimo|de|Hamburg}} + {{etimo|de|-er}};
* De '''2''' e '''3''':
:Do [[inglês]] {{etimo|en|hamburger}}, [[e#Conjunção|e]] [[este]] [[de]] [[origem]] [[incerto|incerta]].
=={{pronúncia}}==
* De '''1''':
** [[AFI]]: {{AFI|/ˈham.ˌbʊʁ.gɐ/}}
** [[w:X-SAMPA|X-SAMPA]]: /&quot;ham.%bUR.g6/
* De '''2''' e '''3''':
** [[AFI]]: {{AFI|/ˈham.ˌbʊʁ.gɐ/}}, {{AFI|/ˈhɛm.ˌbøːɐ̯.gɐ/}}, {{AFI|/ˈhæm.ˌbʏːɐ̯.gɐ/}}
** [[w:X-SAMPA|X-SAMPA]]: /&quot;ham.%bUR.g6/, /&quot;hEm.%b2:6_^.g6/, /&quot;ham.%bY6_^.g6/
[[Categoria:Substantivo (Alemão)]]
[[Categoria:Trissílabo (Alemão)]]
[[Categoria:Proparoxítona (Alemão)]]
[[Categoria:Gentílico (Alemão)]]
[[Categoria:Alimentação (Alemão)]]
[[Categoria:Entrada com pronúncia (Alemão)]]
[[Categoria:Entrada com imagem (Alemão)]]</text>
<sha1>ktczhqwhxamitgnsg4v7lin698duof0</sha1>
</revision>
