<page>
<page>
<title>xa</title>
<ns>0</ns>
<id>85149</id>
<revision>
<id>2630514</id>
<parentid>2140491</parentid>
<timestamp>2021-04-13T20:39:57Z</timestamp>
<contributor>
<username>ValJor</username>
<id>1358</id>
</contributor>
<comment>Desfazendo uso indevido da predefinição escopo</comment>
<model>wikitext</model>
<format>text/x-wiki</format>
<text bytes="929" xml:space="preserve">{{ver também|xá}}
={{-mmg-}}=
==Verbo==
'''xa'''
# [[voar]]
[[Categoria:Verbo (Ambrym)]]
={{-apy-}}=
==Substantivo==
'''xa'''
# [[chá]]
[[Categoria:Substantivo (Apalaí)]]
={{-gl-}}=
==Advérbio==
'''xa'''
# [[já]]
[[Categoria:Advérbio (Galego)]]
={{-jbo-}}=
==Numeral==
'''xa'''
# [[seis]]
[[Categoria:Numeral cardinal (Lojban)]]
={{-kmb-}}=
==Forma verbal==
'''xa'''
# {{escopo2|Candomblé}} [[deixar|deixa]] (imperativo)
===Nota===
* Este verbete é usado no idioma português dentro do âmbito do candomblé, mas seu uso ainda não foi corroborado pelos grandes dicionários da língua portuguesa.
==Ver também==
===No Wikcionário===
* [[Apêndice:Candomblé]]
[[Categoria:Forma verbal (Quimbundo)]]
={{-vi-}}=
==Adjetivo==
'''xa'''
# [[distante]]
===Antônimos===
* [[gần]]
[[Categoria:Adjetivo (Vietnamita)]]
={{-xh-}}=
==Conjunção==
'''xa'''
# [[quando]]
[[Categoria:Conjunção (Xhosa)]]</text>
<sha1>9brcu284ckbdvlezy82e4qqct1ik1lw</sha1>
</revision>
