<page>
<title>xab</title>
<ns>0</ns>
<id>282016</id>
<revision>
<id>2690902</id>
<parentid>1803638</parentid>
<timestamp>2022-10-27T22:18:56Z</timestamp>
<contributor>
<username>InternetArchiveBot</username>
<id>81604</id>
</contributor>
<comment>Rescuing 1 sources and tagging 0 as dead.) #IABot (v2.0.9.2</comment>
<model>wikitext</model>
<format>text/x-wiki</format>
<text bytes="492" xml:space="preserve">={{-vo-}}=
==Substantivo==
{{oxítona|xab|lang=vo}}
# [[eixo]]
===Declinação===
{{decl.vo.subst}}
==={{pronúncia|vo}}===
*[[AFI]]: {{AFI|/ksab/}}
==Ver também==
===Referências===
{{verTambém.Ini}}
* [https://web.archive.org/web/20090214001830/http://personal.southern.edu/~caviness/Volapuk/Misc/vol-eng.htm Volapük-English Dictionary (compilado por Ralph Midgley) (em inglês e volapuque)]
{{verTambém.Fim}}
[[Categoria:Substantivo (Volapuque)]]
[[en:xab]]
[[pl:xab]]
[[vo:xab]]</text>
<sha1>5u1eak0cibxcwy3drd76ei8fzv06sg4</sha1>
</revision>
</page>
