<page>
<page>
<title>xabaril</title>
<ns>0</ns>
<id>313791</id>
<revision>
<id>1803637</id>
<parentid>1685287</parentid>
<timestamp>2014-01-07T20:55:09Z</timestamp>
<contributor>
<username>MalafayaBot</username>
<id>628</id>
</contributor>
<minor />
<comment>r2.7.5) (Robô: A adicionar: [[mg:xabaril]]</comment>
<model>wikitext</model>
<format>text/x-wiki</format>
<text bytes="670" xml:space="preserve">={{-ast-}}=
==Adjetivo==
'''xabaril''', ''masculino''; '''xabarila''',  ''feminino''; '''xabaril''', ''neutro''
:{{oxítona|lng=ast|xa|ba|ril}}
# [[bruto]]
# [[teimoso]]
==Substantivo==
{{flex.ast|ms=xabaril|mp=xabariles|fs=xabarila|fp=xabariles}}
{{oxítona|lng=ast|xa|ba|ril}}
# [[javali]]
===Sinônimos===
{{verTambém.Ini}}
# ''[[pegosu#Asturiano|pegosu]]''
# ''[[verriacu#Asturiano|verriacu]]''
{{verTambém.NovaColuna}}
# ''[[xabalín#Asturiano|xabalín]]''
# ''[[xabardu#Asturiano|xabardu]]''
{{verTambém.Fim}}
[[Categoria:Adjetivo (Asturiano)]]
[[Categoria:Substantivo (Asturiano)]]
[[en:xabaril]]
[[eu:xabaril]]
[[gl:xabaril]]
[[mg:xabaril]]
[[pl:xabaril]]</text>
<sha1>ouedwgi1oauroikiahwy1z8cm9gjxmg</sha1>
</revision>
