<page>
<page>
<title>xabaz</title>
<ns>0</ns>
<id>374902</id>
<revision>
<id>2527136</id>
<parentid>2243930</parentid>
<timestamp>2018-11-24T19:22:31Z</timestamp>
<contributor>
<username>Cpls</username>
<id>20608</id>
</contributor>
<comment>/* {{etimologia|ast}} */</comment>
<model>wikitext</model>
<format>text/x-wiki</format>
<text bytes="541" xml:space="preserve">={{-ast-}}=
==Adjetivo==
{{flex.ast|s=xabaz|p=xabaces}}
{{oxítona|xa|baz|lang=ast}}, {{g|c2g|lang=ast}}
# [[silvestre]], [[selvagem]], [[bravo]], do monte
# [[assilvestrar|assilvestrado]]
# [[rude]], associal
# com pouca [[educação]] ou respeito
# [[violento]]
# desasseado, [[porco]]
# [[arteiro]], experiente, manhoso
=={{etimologia|ast}}==
: Da mesma origem que {{etimo|ast|xabardu}}. Aparentado com o latim {{etimo|la|sagaz}}, confronte-se com [[javali]] e com o galego ''[[javal#{{gl}}|javal]]''.
[[Categoria:Adjetivo (Asturiano)]]</text>
<sha1>0j3ogi58s89dzh6kdgmgf2bfda3uie1</sha1>
</revision>
