<page>
<page>
<title>xabalín</title>
<ns>0</ns>
<id>313792</id>
<revision>
<id>2140490</id>
<parentid>1677276</parentid>
<timestamp>2016-06-11T14:17:40Z</timestamp>
<contributor>
<username>UT-interwiki-Bot</username>
<id>56129</id>
</contributor>
<minor />
<comment>Robô: A adicionar: [[en:xabalín]], [[pl:xabalín]]</comment>
<model>wikitext</model>
<format>text/x-wiki</format>
<text bytes="630" xml:space="preserve">={{-ast-}}=
==Adjetivo==
'''xabalín''', ''masculino''; '''xabalina''',  ''feminino''; '''xabalino''', ''neutro''
:{{oxítona|lng=ast|xa|ba|lín}}
# [[bruto]]
# [[teimoso]]
==Substantivo==
{{flex.ast|ms=xabalín|mp=xabalinos|fs=xabalina|fp=xabalines}}
{{oxítona|lng=ast|xa|ba|lín}}
# [[javali]]
===Sinônimos===
{{verTambém.Ini}}
# ''[[pegosu#Asturiano|pegosu]]''
# ''[[verriacu#Asturiano|verriacu]]''
{{verTambém.NovaColuna}}
# ''[[xabardu#Asturiano|xabardu]]''
# ''[[xabaril#Asturiano|xabaril]]''
{{verTambém.Fim}}
[[Categoria:Adjetivo (Asturiano)]]
[[Categoria:Substantivo (Asturiano)]]
[[en:xabalín]]
[[pl:xabalín]]</text>
<sha1>s6ko5uhg2u4mg1rd2wmdb8tnsq3fepd</sha1>
</revision>
