<page>
<page>
<title>xabardu</title>
<ns>0</ns>
<id>313795</id>
<revision>
<id>1677345</id>
<parentid>1677279</parentid>
<timestamp>2013-04-08T16:54:45Z</timestamp>
<contributor>
<username>Cpls</username>
<id>20608</id>
</contributor>
<comment>/* Substantivo2 */</comment>
<model>wikitext</model>
<format>text/x-wiki</format>
<text bytes="998" xml:space="preserve">={{-ast-}}=
==Adjetivo==
'''xabardu''', ''masculino''; '''xabarda''',  ''feminino''; '''xabardo''', ''neutro''
:{{paroxítona|lng=ast|xa|bar|du}}
# [[javardo#Português|javardo]], que é [[bruto]]
==Substantivo&lt;sup&gt;1&lt;/sup&gt;==
{{flex.ast|ms=xavardu|mp=xavardos}}
{{paroxítona|lng=ast|xa|bar|du}}, {{m}}
# o segundo [[enxame]] tardio do ano que sai de uma [[colmeia]]
# pequeno enxame
==Substantivo&lt;sup&gt;2&lt;/sup&gt;==
{{flex.ast|ms=xavardu|mp=xavardos|fs=xabarda|fp=xabardes}}
{{paroxítona|lng=ast|xa|bar|du}}
# [[javali]]
# na terra de lavoura, parte que ficou sem cultivar, ou na terra cultivada parte que não se recolheu
===Sinônimos===
: '''De 1''' (javali):
{{verTambém.Ini}}
# ''[[pegosu#Asturiano|pegosu]]''
# ''[[verriacu#Asturiano|verriacu]]''
{{verTambém.NovaColuna}}
# ''[[xabalín#Asturiano|xabalín]]''
# ''[[xabaril#Asturiano|xabaril]]''
{{verTambém.Fim}}
==Ver também==
===No Wikcionário===
# [[javardo]]
[[Categoria:Adjetivo (Asturiano)]]
[[Categoria:Substantivo (Asturiano)]]</text>
<sha1>3ziye93lbh77h4ozozhctxznnlo7wne</sha1>
</revision>
