<page>
<page>
<title>Xabel</title>
<ns>0</ns>
<id>386590</id>
<revision>
<id>2465451</id>
<parentid>2465449</parentid>
<timestamp>2017-11-30T20:03:39Z</timestamp>
<contributor>
<username>Cpls</username>
<id>20608</id>
</contributor>
<comment>/* {{-gl-}} */</comment>
<model>wikitext</model>
<format>text/x-wiki</format>
<text bytes="346" xml:space="preserve">={{-gl-}}=
==Substantivo==
{{flex.gl|fs=Xabel|fp=Xabeis}}
{{oxítona|Xa|bel|lang=gl}}, {{g|f|pr|lang=gl}}
# [[hipocorístico]] do prenome [[Isabel]] ou [[Isabela]]
==={{-varort-}}===
* [[Sabel#{{gl}}|Sabel]], [[Sabela#{{gl}}|Sabela]]
=={{etimologia|gl}}==
: De [[Isabel]].
[[Categoria:Antropônimo (Galego)]]
[[Categoria:Substantivo (Galego)]]</text>
<sha1>r9zvj8fauifsltdurzsrvp5263btlvx</sha1>
</revision>
