<page>
<title>xabeca</title>
<ns>0</ns>
<id>434194</id>
<revision>
<id>2635348</id>
<parentid>2635343</parentid>
<timestamp>2021-05-23T15:54:26Z</timestamp>
<contributor>
<username>Cpls</username>
<id>20608</id>
</contributor>
<model>wikitext</model>
<format>text/x-wiki</format>
<text bytes="307" xml:space="preserve">={{-gl-}}=
==Substantivo==
{{flex.gl|fs=xabeca|fp=xabecas}}
{{paroxítona|xa|be|ca|lang=gl}}, {{gramática|f}}
# {{escopo|gl|Canteiros}} [[cabeça]]
# {{escopo|gl|Afiadores}} [[jaqueta]]
=={{etimologia|gl}}==
: De '''2''': Confronte-se com  ''[[xabeco#{{gl}}|xabeco]]''.
[[Categoria:Substantivo (Galego)]]</text>
<sha1>sungeiivvwpxee4yyvm7qx0ius00ygq</sha1>
</revision>
</page>
