<page>
<page>
<title>xable</title>
<ns>0</ns>
<id>374906</id>
<revision>
<id>2243969</id>
<timestamp>2017-02-24T11:49:15Z</timestamp>
<contributor>
<username>Cpls</username>
<id>20608</id>
</contributor>
<comment>[[Ajuda:Guia de edição/Menus e ferramentas/Sumário de edição|→]] nova página: ={{-gl-}}= ==Substantivo== {{flex.gl|ms=xable|mp=xables}} {{paroxítona|xa|ble|lang=gl}}, {{g|m|lang=gl}} # [...</comment>
<model>wikitext</model>
<format>text/x-wiki</format>
<text bytes="400" xml:space="preserve">={{-gl-}}=
==Substantivo==
{{flex.gl|ms=xable|mp=xables}}
{{paroxítona|xa|ble|lang=gl}}, {{g|m|lang=gl}}
# [[saibro#{{pt}}|saibro]], [[areia]] grossa; areia
==={{-varort-}}===
* [[saba#{{gl}}|saba]], [[saibro#{{gl}}|saibro]], [[xabe#{{gl}}|xabe]], [[xabre#{{gl}}|xabre]], [[zaba#{{gl}}|zaba]]
=={{etimologia|gl}}==
: Aparentada com o latim {{etimo|la|sabulum}}.
[[Categoria:Substantivo (Galego)]]</text>
<sha1>b809nzftt26ge4invtxy478aw2nypty</sha1>
</revision>
