<page>
<page>
<title>xaboneta</title>
<ns>0</ns>
<id>387455</id>
<revision>
<id>2467915</id>
<parentid>2467914</parentid>
<timestamp>2017-12-07T20:06:54Z</timestamp>
<contributor>
<username>Imivorn</username>
<id>64513</id>
</contributor>
<comment>/* {{-mwl-}} */</comment>
<model>wikitext</model>
<format>text/x-wiki</format>
<text bytes="432" xml:space="preserve">[[Imagem:Tualetsapo.jpg|thumb|300px|&lt;center&gt;sabonete&lt;/center&gt;]]
={{-mwl-}}=
==Substantivo==
{{flex.mwl|fs=xaboneta|fp=xabonetas}}
{{paroxítona|xa|bo|ne|ta|língua=mwl}}, {{f}}
# {{escopo|mwl|Objeto}} [[sabonete]]
==Ver também==
===No Wikcionário===
{{verTambém.Ini}}
* [[xabon]]
{{verTambém.NovaColuna}}
* [[xaboneteira]]
{{verTambém.Fim}}
[[Categoria:Substantivo (Mirandês)]]
[[Categoria:Entrada com imagem (Mirandês)]]</text>
<sha1>batwjq6tjrtb1am4cfbk87xn94vdt8k</sha1>
</revision>
