<page>
<page>
<title>xaboca</title>
<ns>0</ns>
<id>376623</id>
<revision>
<id>2257350</id>
<parentid>2257349</parentid>
<timestamp>2017-03-30T11:50:44Z</timestamp>
<contributor>
<username>Cpls</username>
<id>20608</id>
</contributor>
<comment>/* {{-gl-}} */</comment>
<model>wikitext</model>
<format>text/x-wiki</format>
<text bytes="417" xml:space="preserve">={{-gl-}}=
==Substantivo==
{{flex.gl|fs=xaboca|fp=xabocas}}
{{paroxítona|xa|bo|ca|lang=gl}}, {{g|f|lang=gl}}
# {{escopo|gl|Canteiros}} [[batata]]
==={{-varort-}}===
*[[tabouca#{{gl}}|tabouca]], [[xabouca#{{gl}}|xabouca]]
=={{etimologia|gl}}==
: Confronte-se com [[xabouco]] e com ''[[chabouco#{{gl}}|chabouco]]'', ''[[tarouco#{{gl}}|tarouco]]'' e ''[[zamouco#{{gl}}|zamouco]]''.
[[Categoria:Substantivo (Galego)]]</text>
<sha1>8hesgprv9fm1r4h7llzjvs8wscc8frj</sha1>
</revision>
