<page>
<page>
<title>xaboneteiras</title>
<ns>0</ns>
<id>387460</id>
<revision>
<id>2467922</id>
<timestamp>2017-12-07T20:13:23Z</timestamp>
<contributor>
<username>Imivorn</username>
<id>64513</id>
</contributor>
<comment>[[Ajuda:Guia de edição/Menus e ferramentas/Sumário de edição|→]] nova página: ={{-mwl-}}= ==Forma de substantivo== {{paroxítona|xa|bo|ne|tei|ras|língua=mwl}} # plural de '''xaboneteir...</comment>
<model>wikitext</model>
<format>text/x-wiki</format>
<text bytes="183" xml:space="preserve">={{-mwl-}}=
==Forma de substantivo==
{{paroxítona|xa|bo|ne|tei|ras|língua=mwl}}
# plural de '''[[xaboneteira#{{mwl}}|xaboneteira]]'''
[[Categoria:Forma de substantivo (Mirandês)]]</text>
<sha1>1rse19vssu8iudrlm6zc7zsme7idqdt</sha1>
</revision>
