<page>
<title>xaboneteira</title>
<ns>0</ns>
<id>387459</id>
<revision>
<id>2467921</id>
<timestamp>2017-12-07T20:12:45Z</timestamp>
<contributor>
<username>Imivorn</username>
<id>64513</id>
</contributor>
<comment>[[Ajuda:Guia de edição/Menus e ferramentas/Sumário de edição|→]] nova página: [[Imagem:Soap_in_blue_dish.JPG|thumb|300px|&lt;center&gt;sabonete numa saboneteira&lt;/center&gt;]]   ={{-mwl-}}= ==Subst...</comment>
<model>wikitext</model>
<format>text/x-wiki</format>
<text bytes="501" xml:space="preserve">[[Imagem:Soap_in_blue_dish.JPG|thumb|300px|&lt;center&gt;sabonete numa saboneteira&lt;/center&gt;]]
={{-mwl-}}=
==Substantivo==
{{flex.mwl|fs=xaboneteira|fp=xaboneteiras}}
{{paroxítona|xa|bo|ne|tei|ra|língua=mwl}}, {{f}}
# {{escopo|mwl|Objeto}} [[saboneteira]], objeto para colocar [[sabonete]]s
==Ver também==
===No Wikcionário===
{{verTambém.Ini}}
* [[xabon]]
{{verTambém.NovaColuna}}
* [[xaboneta]]
{{verTambém.Fim}}
[[Categoria:Substantivo (Mirandês)]]
[[Categoria:Entrada com imagem (Mirandês)]]</text>
<sha1>fnq90z0fhr7ve5a0zs6fb0jilex4znl</sha1>
</revision>
</page>
