<page>
<title>Xabon</title>
<ns>0</ns>
<id>400330</id>
<revision>
<id>2529242</id>
<parentid>2529134</parentid>
<timestamp>2018-12-17T15:07:04Z</timestamp>
<contributor>
<username>Marrovi</username>
<id>27953</id>
</contributor>
<model>wikitext</model>
<format>text/x-wiki</format>
<text bytes="440" xml:space="preserve">[[Imagem:Flag of Japan.svg|thumb|right|250px|&lt;center&gt;Bandeira do Japão&lt;/center&gt;]]
[[Imagem:LocationJapan.png|thumb|right|250px|&lt;center&gt;Localização do Japão&lt;/center&gt;]]
={{-nci-}}=
==Substantivo==
'''Xabon''', {{gramática|pr}}
# {{escopo|nci|País}} [[Japão]]
=={{etimologia|nci}}==
{{llietimo|es|Japón|nci}}
==Ver também==
===No Wikcionário===
{{Ásia/nci}}
{{categorias|{{nci}}|Substantivo|Dissílabo|País|Entrada com imagem}}</text>
<sha1>77zsjegkizafwigerg7rcw943v2co52</sha1>
</revision>
</page>
