<page>
<title>xabonetas</title>
<ns>0</ns>
<id>387456</id>
<revision>
<id>2467916</id>
<timestamp>2017-12-07T20:07:57Z</timestamp>
<contributor>
<username>Imivorn</username>
<id>64513</id>
</contributor>
<comment>[[Ajuda:Guia de edição/Menus e ferramentas/Sumário de edição|→]] nova página: ={{-mwl-}}= ==Forma de substantivo== {{paroxítona|xa|bo|ne|tas|língua=mwl}} # plural de '''xaboneta#{{mwl...</comment>
<model>wikitext</model>
<format>text/x-wiki</format>
<text bytes="173" xml:space="preserve">={{-mwl-}}=
==Forma de substantivo==
{{paroxítona|xa|bo|ne|tas|língua=mwl}}
# plural de '''[[xaboneta#{{mwl}}|xaboneta]]'''
[[Categoria:Forma de substantivo (Mirandês)]]</text>
<sha1>mwrjanhpel657rhfsl0hbyanabnfzyp</sha1>
</revision>
</page>
