<page>
<page>
<title>xabrasta</title>
<ns>0</ns>
<id>411691</id>
<revision>
<id>2548999</id>
<parentid>2548983</parentid>
<timestamp>2019-07-08T13:25:23Z</timestamp>
<contributor>
<username>Cpls</username>
<id>20608</id>
</contributor>
<comment>/* {{-gl-}} */</comment>
<model>wikitext</model>
<format>text/x-wiki</format>
<text bytes="432" xml:space="preserve">={{-gl-}}=
==Substantivo==
{{flex.gl|fs=xabrasta|fp=xabrastas}}
{{paroxítona|xa|bras|ta|lang=gl}}, {{g|f|lang=gl}}
# [[vergôntea]], renovo de árvore; [[verdasca]], vara fina e flexível
=={{etimologia|gl}}==
: Talvez da mesma origem que ''[[xamasco#{{gl}}|xamasco]]'', ou por metátese e variação de ''[[bragasta#{{gl}}|bragasta]]''. Confronte-se com ''[[xabastraço#{{gl}}|xabastraço]]''.
[[Categoria:Substantivo (Galego)]]</text>
<sha1>nqs5mtuz846zihmvymap6ocsmz5n70d</sha1>
</revision>
