<page>
<page>
<title>xabredo</title>
<ns>0</ns>
<id>329757</id>
<revision>
<id>2224958</id>
<parentid>1850826</parentid>
<timestamp>2017-01-18T09:34:45Z</timestamp>
<contributor>
<username>Cpls</username>
<id>20608</id>
</contributor>
<comment>/* Sinônimos */</comment>
<model>wikitext</model>
<format>text/x-wiki</format>
<text bytes="544" xml:space="preserve">={{-gl-}}=
==Substantivo==
{{flex.gl|ms=xabredo|mp=xabredos}}
{{paroxítona|xa|bre|do|lang=gl}}, {{m}}
# [[terreno]] de pouca fundura de terra, de muita [[areia]] grossa, inadequado para a [[lavra]]
===Variantes===
{{verTambém.Ini}}
* [[sabredo#Galego|sabredo]]
{{verTambém.NovaColuna}}
* [[sagredo#Galego|sagredo]]
{{verTambém.Fim}}
===Sinônimos===
* [[sartão#Galego|sartão]]
=={{etimologia|gl}}==
: {{escopo|Morfologia}} De [[xabre]] + [[-edo]].
==Ver também==
===No Wikcionário===
* [[saibro]]
[[Categoria:Substantivo (Galego)]]</text>
<sha1>6ayabgzcuk6kditvw9eayp4mulsa8b7</sha1>
</revision>
