<page>
<page>
<title>xabral</title>
<ns>0</ns>
<id>414397</id>
<revision>
<id>2556203</id>
<timestamp>2019-10-06T19:00:35Z</timestamp>
<contributor>
<username>Cpls</username>
<id>20608</id>
</contributor>
<comment>[[Ajuda:Guia de edição/Menus e ferramentas/Sumário de edição|→]] nova página: ={{-gl-}}= ==Substantivo== {{flex.gl|ms=xabral|mp=xabrais}} {{oxítona|xa|bral|lang=gl}}, {{g|m|lang=gl}} # l...</comment>
<model>wikitext</model>
<format>text/x-wiki</format>
<text bytes="363" xml:space="preserve">={{-gl-}}=
==Substantivo==
{{flex.gl|ms=xabral|mp=xabrais}}
{{oxítona|xa|bral|lang=gl}}, {{g|m|lang=gl}}
# lugar onde há [[areia]] grossa, [[areal]]
==={{-varort-}}===
* [[xabroal#{{gl}}|xabroal]]
=={{etimologia|gl}}==
: De ''[[xabre#{{gl}}|xabre]]'' + ''[[-al#{{gl}}|-al]]''. Confronte-se com ''[[saibro#{{gl}}|saibro]]''.
[[Categoria:Substantivo (Galego)]]</text>
<sha1>rzjhunfpj5f4w9i2w4la8u8zrmssexn</sha1>
</revision>
