<page>
<title>xabrega</title>
<ns>0</ns>
<id>404669</id>
<revision>
<id>2530980</id>
<timestamp>2019-01-02T15:12:07Z</timestamp>
<contributor>
<username>Cpls</username>
<id>20608</id>
</contributor>
<comment>[[Ajuda:Guia de edição/Menus e ferramentas/Sumário de edição|→]] nova página: {{ver também|xávrega}}  ={{-pt-}}= ==Substantivo== {{flex.pt|fs=xabrega|fp=xabregas}} {{paroxítona|xa|bre|...</comment>
<model>wikitext</model>
<format>text/x-wiki</format>
<text bytes="305" xml:space="preserve">{{ver também|xávrega}}
={{-pt-}}=
==Substantivo==
{{flex.pt|fs=xabrega|fp=xabregas}}
{{paroxítona|xa|bre|ga}}, {{g|f}}
# {{escopo|pt|Agricultura}} [[dano]] nas vinhas ou culturas
=={{etimologia|pt}}==
: Confronte-se com o galego ''[[javrear#{{gl}}|javrear]]''.
[[Categoria:Substantivo (Português)]]</text>
<sha1>8hv87lfeliaof8m7chswhvwieaandcr</sha1>
</revision>
</page>
