<page>
<page>
<title>Xabra</title>
<ns>0</ns>
<id>301501</id>
<revision>
<id>2554844</id>
<parentid>2531020</parentid>
<timestamp>2019-09-25T08:38:22Z</timestamp>
<contributor>
<username>ValJor</username>
<id>1358</id>
</contributor>
<comment>Trocando escopo por escopo2</comment>
<model>wikitext</model>
<format>text/x-wiki</format>
<text bytes="390" xml:space="preserve">={{-gl-}}=
==Substantivo==
{{paroxítona|Xa|bra|lang=gl}}, {{g|pr}}
# {{escopo2|Samora}} [[Seabra]], (também [[Seavra]]), [[comarca]] [[espanhol|espanhola]] da província de [[Samora]]
# {{escopo2|Samora}} [[Seabra]], (também [[Seavra]]), [[município]] [[espanhol]] que dá nome à comarca [[samorano|samorana]]
==Homófono==
* [[javra#{{gl}}|javra]]
[[Categoria:Substantivo (Galego)]]</text>
<sha1>5f66udjwryquoan25bdgiepve24hayj</sha1>
</revision>
