<page>
<title>xabreiro</title>
<ns>0</ns>
<id>404690</id>
<revision>
<id>2531030</id>
<timestamp>2019-01-02T19:10:30Z</timestamp>
<contributor>
<username>Cpls</username>
<id>20608</id>
</contributor>
<comment>[[Ajuda:Guia de edição/Menus e ferramentas/Sumário de edição|→]] nova página: ={{-gl-}}= ==Adjetivo== {{flex.gl|ms=xabreiro|mp=xabreiros|fs=xabreira|fp=xabreiras}} {{paroxítona|xa|brei|r...</comment>
<model>wikitext</model>
<format>text/x-wiki</format>
<text bytes="913" xml:space="preserve">={{-gl-}}=
==Adjetivo==
{{flex.gl|ms=xabreiro|mp=xabreiros|fs=xabreira|fp=xabreiras}}
{{paroxítona|xa|brei|ro|lang=gl}}
# [[frio]]; qualifica o terreno que é [[frio]], pela sua orientação ou lugar; qualifica o vento [[norte]] ou vento frio
==Substantivo&lt;sup&gt;1&lt;/sup&gt;==
{{flex.gl|ms=xabreiro|mp=xabreiros}}
{{paroxítona|xa|brei|ro|lang=gl}}, {{gramática|m|lang=gl}}
# [[umbria]]
# [[norte]]
==={{etimologia|gl}}===
: Da mesma origem que ''[[xebreiro#{{gl}}|xebreiro]]'' e que o asturiano {{etimo|ast|sebreñu}}.
==Substantivo&lt;sup&gt;2&lt;/sup&gt;==
{{flex.gl|ms=xabreiro|mp=xabreiros|fs=xabreira|fp=xabreiras}}
{{paroxítona|xa|brei|ro|lang=gl}}, {{gramática|m|lang=gl}}
# pessoa que trabalha com a [[argila]] ou [[areia]]
==={{etimologia|gl}}===
: {{escopo|Morfologia}} De ''[[xabre#{{gl}}|xabre]]'' + ''[[-eiro#{{gl}}|-eiro]]''.
==Homófono==
* [[javreiro#{{gl}}|javreiro]]
[[Categoria: Substantivo (Galego)]]</text>
<sha1>69hkboed70jq01nbq3er1h9q9z1prx0</sha1>
</revision>
</page>
