<page>
<title>xabre</title>
<ns>0</ns>
<id>276118</id>
<revision>
<id>2161798</id>
<parentid>2140489</parentid>
<timestamp>2016-08-21T21:48:21Z</timestamp>
<contributor>
<username>Cpls</username>
<id>20608</id>
</contributor>
<comment>/* {{-pt-}} */</comment>
<model>wikitext</model>
<format>text/x-wiki</format>
<text bytes="709" xml:space="preserve">={{-pt-}}=
==Substantivo==
{{flex.pt|ms=xabre|mp=xabres}}
{{paroxítona|xa|bre}}, {{gramática|m}}
# {{escopo|pt|Galiza}} terra [[arenosa]], [[areia]] grossa 
# {{escopo|pt|Galiza}} qualquer areia
# {{escopo|pt|Galiza}} [[argaço]], [[xebra]], argaço apanhado para [[esterco]]
# {{escopo|pt|Planta|Galiza}} [[alface-do-mar]], [[argaço]] da espécie ''[[species:Ulva lactuca|Ulva lactuca]]
=={{etimologia|pt}}==
: Do [[latim]] {{etimo|la|sabulum}}.
==Ver também==
===No Wikcionário===
{{verTambém.Ini}}
* [[saibro]]
{{verTambém.NovaColuna}}
* [[sabre]]
{{verTambém.Fim}}
[[Categoria:Substantivo (Português)]]
[[en:xabre]]
[[fj:xabre]]
[[gl:xabre]]
[[hu:xabre]]
[[lt:xabre]]
[[mg:xabre]]
[[tg:xabre]]</text>
<sha1>nquwm4kbe44nteh8g5wspiq2ndwafml</sha1>
</revision>
</page>
