<page>
<page>
<title>xabrento</title>
<ns>0</ns>
<id>423379</id>
<revision>
<id>2586837</id>
<timestamp>2020-04-30T20:31:06Z</timestamp>
<contributor>
<username>Cpls</username>
<id>20608</id>
</contributor>
<comment>[[Ajuda:Guia de edição/Menus e ferramentas/Sumário de edição|→]] nova página: ={{-gl-}}= ==Adjetivo== {{flex.gl|ms=xabrento|mp=xabrentos|fs=xabrenta|fp=xabrentas}} {{paroxítona|xa|bren|t...</comment>
<model>wikitext</model>
<format>text/x-wiki</format>
<text bytes="394" xml:space="preserve">={{-gl-}}=
==Adjetivo==
{{flex.gl|ms=xabrento|mp=xabrentos|fs=xabrenta|fp=xabrentas}}
{{paroxítona|xa|bren|to|lang=gl}}
# que tem [[saibro]]; que é de saibro, areoso
===Sinónimos===
* [[sabregoso#{{gl}}|sabregoso]], [[sabreguento#{{gl}}|sabreguento]]
=={{etimologia|gl}}==
: {{escopo|Morfologia}} De ''[[xabre#{{gl}}|xabre]]'' + ''[[-ento#{{gl}}|-ento]]''.
[[Categoria:Adjetivo (Galego)]]</text>
<sha1>19qlr0hoko3djsfhe2hbxyck11l0mfb</sha1>
</revision>
