<page>
<page>
<title>xabão</title>
<ns>0</ns>
<id>361575</id>
<revision>
<id>2152421</id>
<timestamp>2016-07-21T22:13:01Z</timestamp>
<contributor>
<username>Cpls</username>
<id>20608</id>
</contributor>
<comment>[[Ajuda:Guia de edição/Menus e ferramentas/Sumário de edição|→]] nova página: ={{-gl-}}= ==Substantivo== {{flex.gl|ms=xabão|mp=xabões}} {{oxítona|xa|bão|lang=gl}}, {{gramática|m}} #...</comment>
<model>wikitext</model>
<format>text/x-wiki</format>
<text bytes="438" xml:space="preserve">={{-gl-}}=
==Substantivo==
{{flex.gl|ms=xabão|mp=xabões}}
{{oxítona|xa|bão|lang=gl}}, {{gramática|m}}
# [[sabão]]
==={{-varort-}}===
{{dividir em colunas|3}}
* [[sabão#Galego|sabão]]
* [[sabrão#Galego|sabrão]]
* [[xabrão#Galego|xabrão]]
{{dividir em colunas.fim}}
=={{etimologia|gl}}==
: Aparentada com [[sabão]], confronte-se com [[xabre]].
=={{pronúncia|gl}}==
* [[AFI]]: /ʃa.'boŋ/
[[Categoria:Substantivo (Galego)]]</text>
<sha1>lusk43oq4n8u6nnmu9ankklcwp9ile7</sha1>
</revision>
