<page>
<page>
<title>xacal</title>
<ns>0</ns>
<id>339273</id>
<revision>
<id>2554842</id>
<parentid>2248010</parentid>
<timestamp>2019-09-25T08:35:39Z</timestamp>
<contributor>
<username>ValJor</username>
<id>1358</id>
</contributor>
<comment>Acrescentando código de língua à [[:Categoria:!Página com mensagem de erro em predefinição|predefinição escopo]]</comment>
<model>wikitext</model>
<format>text/x-wiki</format>
<text bytes="603" xml:space="preserve">{{Wikipédia|lang=ca}}
{{Wikipédia|lang=lfn}}
={{-ca-}}=
==Substantivo==
{{flex.lfn|xacal|xacals}}
{{oxítona|xa|cal|lang=ca}}
# {{escopo|ca|Mamífero}} [[chacal]]
=={{pronúncia|ca}}==
* [[AFI]]: {{AFI|/ɕəˈkaɫ/}}.
* [[AFI]]: {{AFI|/ʃə'kaɫ/}} ''(oriental)''.
* [[AFI]]: {{AFI|/ʧa'kaɫ/}} ''(valenciano)''.
[[Categoria:Substantivo (Catalão)]]
={{-lfn-}}=
==Substantivo==
{{flex.lfn|xacal|xacales}}
{{oxítona|xa|cal|lang=lfn}}
# {{escopo|lfn|Mamífero}} [[chacal]]
==={{-varort-}}===
* '''Alfabeto cirílico''': {{l.s.|шакал|{{lfn}}}}
[[Categoria:Substantivo (Língua Franca Nova)]]</text>
<sha1>gkrazyth3rjcrkzgzklgag69xhf64lh</sha1>
</revision>
