<page>
<title>xacho</title>
<ns>0</ns>
<id>360709</id>
<revision>
<id>2146283</id>
<timestamp>2016-06-28T02:41:23Z</timestamp>
<contributor>
<ip>201.86.132.232</ip>
</contributor>
<comment>[[Ajuda:Guia de edição/Menus e ferramentas/Sumário de edição|→]] nova página: ={{-pt-}}= ==Substantivo== {{flex.pt|ms=xacho|mp=xachos}} {{paroxítona|xa|cho}}, {{m}} # o mesmo que sacho...</comment>
<model>wikitext</model>
<format>text/x-wiki</format>
<text bytes="468" xml:space="preserve">={{-pt-}}=
==Substantivo==
{{flex.pt|ms=xacho|mp=xachos}}
{{paroxítona|xa|cho}}, {{m}}
# o mesmo que [[sacho]]: [[instrumento]] para [[sachar]] a [[terra]], isto é, revolvê-la; análogo a uma [[enxada]] pequena, que consiste numa [[lâmina]] de [[ferro]] em forma de [[lança]], com [[cabo]] de [[madeira]].
=={{etimologia|pt}}==
: De [[sacho]].
[[Categoria:Substantivo (Português)]]
[[Categoria:Forma verbal (Português)]]
[[Categoria:Ferramenta (Português)]]</text>
<sha1>fz1z7m1rk7qwcson8tbhnx8ocjvtffz</sha1>
</revision>
</page>
