<page>
<page>
<title>xacra</title>
<ns>0</ns>
<id>46855</id>
<revision>
<id>2563683</id>
<parentid>2563678</parentid>
<timestamp>2019-11-28T07:19:11Z</timestamp>
<contributor>
<username>MIL973</username>
<id>41339</id>
</contributor>
<model>wikitext</model>
<format>text/x-wiki</format>
<text bytes="892" xml:space="preserve">{{Wikipédia}}
={{-pt-}}=
==Substantivo==
{{flex.pt|ms=xacra|mp=xacras}}
{{paroxítona|xa|cra}}, {{gramática|m}}
# {{escopo|pt|Budismo|espiritualismo|hinduísmo}} [[centro]] de [[energia]]s [[corporal|corporais]]
===Sinônimo===
* [[chacra]]
===Tradução===
{{tradini}}
* {{t|de|Chakra|n}}
* {{t|ca|txakra|m}}
* {{t|es|chakra|m}}
* {{trad|eo|ĉakro}}
* {{t|fr|chakra|m}}
* {{t|el|τσάκρα||tsákra}}
* {{t|hi|चक्रम्||}}
* {{t|nl|chakra|}}
{{tradmeio}}
* {{trad|en|chakra}}
* {{t|it|chakra|m}}
* {{t|ja|チャクラ||chakura}}
* {{t|mk|чакра||čakra}}
* {{t|pl|ćakra|}}
* {{t|ro|chakra|}}
* {{t|ru|чакра||chakra}}
* {{t|uk|чакра||čakra}}
{{tradfim}}
=={{etimologia|pt}}&lt;sup&gt;2&lt;/sup&gt;==
: Do [[sânscrito]] ''[[chakra]]''.
==Ver também==
===No Wikcionário===
====Wikisaurus====
* [[Wikisaurus:religião|religião]]
[[Categoria:Substantivo (Português)]]</text>
<sha1>i906jhmv6t4vydcois8xcgv2wjac7ow</sha1>
</revision>
