<page>
<title>xacras</title>
<ns>0</ns>
<id>416278</id>
<revision>
<id>2563682</id>
<parentid>2563681</parentid>
<timestamp>2019-11-28T07:18:00Z</timestamp>
<contributor>
<username>MIL973</username>
<id>41339</id>
</contributor>
<model>wikitext</model>
<format>text/x-wiki</format>
<text bytes="172" xml:space="preserve">={{-pt-}}=
==Forma de substantivo==
{{paroxítona|xa|cras}}, {{gramática|mp}}
# plural de [[xacra]]
{{avi-for-fle|xacra}}
[[Categoria:Forma de substantivo (Português)]]</text>
<sha1>18ndndcbioazt8bdbz6y3vql3vb9a8k</sha1>
</revision>
</page>
