<page>
<title>Xade</title>
<ns>0</ns>
<id>402237</id>
<revision>
<id>2523829</id>
<timestamp>2018-10-25T10:43:08Z</timestamp>
<contributor>
<username>ValJor</username>
<id>1358</id>
</contributor>
<comment>Criação do verbete a partir da [[Especial:Páginas_pedidas|lista de palavras pedidas]]</comment>
<model>wikitext</model>
<format>text/x-wiki</format>
<text bytes="448" xml:space="preserve">{{Wikipédia|lang=tet}}
[[Imagem:Flag of Chad.svg|thumb|right|250px|&lt;center&gt;Bandeira do Chade&lt;/center&gt;]]
[[Imagem:LocationChad.svg|thumb|right|250px|&lt;center&gt;Localização do Chade&lt;/center&gt;]]
={{-tet-}}=
==Substantivo==
'''Xade''', {{gramática|pr}}
# {{escopo|tet|Geografia}} [[Chade]]
==Ver também==
===No Wikcionário===
{{África/tet}}
[[Categoria:Substantivo (Tétum)]]
[[Categoria:País (Tétum)]]
[[Categoria:Entrada com imagem (Tétum)]]</text>
<sha1>ium1thp856ymipovpzvensf1w0z1hyj</sha1>
</revision>
</page>
