<page>
<page>
<title>xadrezismo</title>
<ns>0</ns>
<id>322796</id>
<revision>
<id>2037944</id>
<parentid>1814254</parentid>
<timestamp>2015-11-17T13:44:28Z</timestamp>
<contributor>
<username>ValJor</username>
<id>1358</id>
</contributor>
<comment>Melhorando a apresentação do verbete</comment>
<model>wikitext</model>
<format>text/x-wiki</format>
<text bytes="203" xml:space="preserve">={{-pt-}}=
==Substantivo==
{{paroxítona|xa|dre|zis|mo}}, {{m}}
# o mesmo que [[enxadrismo]]
=={{etimologia|pt}}==
: {{escopo|Morfologia}} [[xadrez]] + [[-ismo]].
[[Categoria:Substantivo (Português)]]</text>
<sha1>0316yrpy5rlowkeqjdtiq7n5v3oc1me</sha1>
</revision>
