<page>
<page>
<title>xadrezar</title>
<ns>0</ns>
<id>256805</id>
<revision>
<id>1562493</id>
<parentid>1210297</parentid>
<timestamp>2012-12-20T21:21:44Z</timestamp>
<contributor>
<username>ValJor</username>
<id>1358</id>
</contributor>
<comment>Corrigindo a predefinição: paroxítona --&gt; oxítona</comment>
<model>wikitext</model>
<format>text/x-wiki</format>
<text bytes="245" xml:space="preserve">={{-pt-}}=
==Verbo==
{{oxítona|xa|dre|zar}}
# [[dispor]] em [[forma]] de [[xadrez]], [[enxadrezar]]
===Conjugação===
{{conj/pt|xadrez|ar}}
=={{etimologia|pt}}==
: {{escopo|Morfologia}} [[xadrez]] + [[-ar]].
[[Categoria:Verbo (Português)]]</text>
<sha1>tw9tcv68juie9umzddj0beqcgpgn0oo</sha1>
</revision>
