<page>
<title>xadrezes</title>
<ns>0</ns>
<id>322801</id>
<revision>
<id>1816776</id>
<parentid>1815327</parentid>
<timestamp>2014-03-28T22:56:40Z</timestamp>
<contributor>
<username>YS-Bot</username>
<id>32241</id>
</contributor>
<minor />
<comment>r2.7.3) (Robô: A adicionar: [[en:xadrezes]]</comment>
<model>wikitext</model>
<format>text/x-wiki</format>
<text bytes="186" xml:space="preserve">={{-pt-}}=
==Forma de substantivo==
{{paroxítona|xa|dre|zes}}, {{m}}
# [[plural]] de [[xadrez]]
{{avi-for-fle|xadrez}}
[[Categoria:Forma de substantivo (Português)]]
[[en:xadrezes]]</text>
<sha1>myt7rlxh4wnqfa8fr9yo5965z3g8uz7</sha1>
</revision>
</page>
