<page>
<page>
<title>xafra</title>
<ns>0</ns>
<id>401143</id>
<revision>
<id>2521595</id>
<timestamp>2018-10-08T09:39:25Z</timestamp>
<contributor>
<username>Cpls</username>
<id>20608</id>
</contributor>
<comment>[[Ajuda:Guia de edição/Menus e ferramentas/Sumário de edição|→]] nova página: ={{-gl-}}= ==Substantivo== {{flex.gl|fs=xafra|fp=xafras}} {{paroxítona|xa|fra|lang=gl}}, {{g|f|lang=gl}} # [...</comment>
<model>wikitext</model>
<format>text/x-wiki</format>
<text bytes="231" xml:space="preserve">={{-gl-}}=
==Substantivo==
{{flex.gl|fs=xafra|fp=xafras}}
{{paroxítona|xa|fra|lang=gl}}, {{g|f|lang=gl}}
# [[safra]], bigorna
==={{-varort-}}===
* [[safra#{{gl}}|safra]], [[zafra#{{gl}}|zafra]]
[[Categoria:Substantivo (Galego)]]</text>
<sha1>6qpc14dq2gx67v8x75kuh9tgwvwganf</sha1>
</revision>
