<page>
<title>xaguão</title>
<ns>0</ns>
<id>322026</id>
<revision>
<id>1810586</id>
<timestamp>2014-02-12T08:34:07Z</timestamp>
<contributor>
<username>ValJor</username>
<id>1358</id>
</contributor>
<comment>Por um [[Especial:Lonelypages|wikcionário sem órfãos]]: [[xaguões]]</comment>
<model>wikitext</model>
<format>text/x-wiki</format>
<text bytes="149" xml:space="preserve">={{-pt-}}=
==Substantivo==
{{flex.pt|ms=xaguão|mp=xaguões}}
{{oxítona|xa|guão}}
# o mesmo que [[saguão]]
[[Categoria:Substantivo (Português)]]</text>
<sha1>ivi8vtf0bwl5u4b5tu4fwa5di3vmk98</sha1>
</revision>
</page>
