<page>
<page>
<title>Xaiane</title>
<ns>0</ns>
<id>340084</id>
<revision>
<id>2057988</id>
<parentid>1931809</parentid>
<timestamp>2016-01-23T12:18:35Z</timestamp>
<contributor>
<username>ValJor</username>
<id>1358</id>
</contributor>
<comment>Melhorando a apresentação do verbete</comment>
<model>wikitext</model>
<format>text/x-wiki</format>
<text bytes="225" xml:space="preserve">={{-pt-}}=
==Substantivo==
{{flex.pt|fs=Xaiane|fp=Xaianes}}
{{paroxítona|Xai|a|ne}}, {{f}}
# [[prenome]] [[feminino]]
==Anagrama==
# [[anexai]]
[[Categoria:Substantivo (Português)]]
[[Categoria:Antropônimo (Português)]]</text>
<sha1>3dgbbye46lfu7qc3t5g40l841eomous</sha1>
</revision>
