<page>
<page>
<title>Xaime</title>
<ns>0</ns>
<id>292589</id>
<revision>
<id>2282556</id>
<parentid>1736951</parentid>
<timestamp>2017-04-27T04:08:20Z</timestamp>
<contributor>
<username>HydrizBot</username>
<id>29590</id>
</contributor>
<minor />
<comment>Robô: A limpar links interwikis antigos</comment>
<model>wikitext</model>
<format>text/x-wiki</format>
<text bytes="693" xml:space="preserve">={{-ast-}}=
==Substantivo==
'''Xaime''', {{pr}} {{m}}
# [[Jaime]]
=={{etimologia|ast}}==
:Do [[francês]] {{etimo|fr|Gemmes}} (em desuso), que por sua vez veio do [[latim]] {{etimo|la|Iacomus}}, variante de [[Iacobus]].
[[Categoria:Substantivo (Asturiano)]]
[[Categoria:Antropônimo (Asturiano)]]
[[Categoria:Entrada de étimo francês (Asturiano)]]
={{-gl-}}=
==Substantivo==
'''Xaime''', {{pr}} {{m}}
# [[Jaime]]
=={{etimologia|gl}}==
:Do [[francês]] {{etimo|fr|Gemmes}} (em desuso), que por sua vez veio do [[latim]] {{etimo|la|Iacomus}}, variante de [[Iacobus]].
[[Categoria:Substantivo (Galego)]]
[[Categoria:Antropônimo (Galego)]]
[[Categoria:Entrada de étimo francês (Galego)]]</text>
<sha1>3hfb141cmr424g9mbbdgn0du7ow8rqe</sha1>
</revision>
