<page>
<title>xairel</title>
<ns>0</ns>
<id>1750</id>
<revision>
<id>2140484</id>
<parentid>1203220</parentid>
<timestamp>2016-06-11T14:16:40Z</timestamp>
<contributor>
<username>UT-interwiki-Bot</username>
<id>56129</id>
</contributor>
<minor />
<comment>Robô: A adicionar: [[en:xairel]]</comment>
<model>wikitext</model>
<format>text/x-wiki</format>
<text bytes="357" xml:space="preserve">={{-pt-}}=
==Substantivo==
{{flex.pt|ms=xairel|mp=xairéis}}
{{oxítona|xai|rel}}
# [[cobertura]] para [[animal]] [[doméstico]], de [[tecido]] ou de [[couro]], sobre a qual é colocada a [[sela]] ou a [[albarda]]
===Sinônimo===
* [[xarel]]
=={{etimologia|pt}}==
: Do árabe ''jilal''.
[[Categoria:Substantivo (Português)]]
[[en:xairel]]
[[eo:xairel]]</text>
<sha1>dg132b1ftc17kfpktq9thdokms3h6gq</sha1>
</revision>
</page>
