<page>
<page>
<title>xaixupyrama</title>
<ns>0</ns>
<id>97081</id>
<revision>
<id>1372150</id>
<parentid>379482</parentid>
<timestamp>2012-02-01T11:36:42Z</timestamp>
<contributor>
<username>MalafayaBot</username>
<id>628</id>
</contributor>
<minor />
<comment>Robô: Substituição de texto automática  (-^\=(\s*?)(\{\{tu\}\}|Tupi)(\s*?)\= +={{-tu-}}=)</comment>
<model>wikitext</model>
<format>text/x-wiki</format>
<text bytes="174" xml:space="preserve">={{-tu-}}=
==Verbo==
'''xai.xu.py.ra.ma''''' particípio futuro do verbo [[xaixu]]''
:# [[aquele]] que [[amará]]
==Ver Também==
* [[amaturus]]
[[Categoria:Verbo (Tupi)]]</text>
<sha1>ju6wig5m50djuc7vxx0f6mqv7oqsmpr</sha1>
</revision>
