<page>
<title>xaixuara</title>
<ns>0</ns>
<id>42433</id>
<revision>
<id>1372125</id>
<parentid>160659</parentid>
<timestamp>2012-02-01T11:35:06Z</timestamp>
<contributor>
<username>MalafayaBot</username>
<id>628</id>
</contributor>
<minor />
<comment>Robô: Substituição de texto automática  (-^\=(\s*?)(\{\{tu\}\}|Tupi)(\s*?)\= +={{-tu-}}=)</comment>
<model>wikitext</model>
<format>text/x-wiki</format>
<text bytes="142" xml:space="preserve">={{-tu-}}=
==Substantivo==
'''xai.xu.a.ra'''
:# [[amante]]
:# particípio presente ativo do verbo [[xaixu]]
[[Categoria:Substantivo (Tupi)]]</text>
<sha1>6ip7kdq7mpkvyt14dk8ertyww0pg62v</sha1>
</revision>
</page>
