<page>
<page>
<title>xaixu</title>
<ns>0</ns>
<id>4725</id>
<revision>
<id>1372124</id>
<parentid>277388</parentid>
<timestamp>2012-02-01T11:35:05Z</timestamp>
<contributor>
<username>MalafayaBot</username>
<id>628</id>
</contributor>
<minor />
<comment>Robô: Substituição de texto automática  (-^\=(\s*?)(\{\{tu\}\}|Tupi)(\s*?)\= +={{-tu-}}=)</comment>
<model>wikitext</model>
<format>text/x-wiki</format>
<text bytes="326" xml:space="preserve">={{-tu-}}=
==Substantivo==
'''xai.xu'''
# [[amor]].
==Verbo==
'''xai.xu''' - ''transitivo direto''
# [[amar]].
===Sinónimos/Variações===
* [[saiçu]] ou [[saissu]]
* [[sassu]]
* [[iassassu]]
===Conjugação===
{{conj.tu|xaixu}}
[[Categoria:Substantivo (Tupi)]]
[[Categoria:Verbo (Tupi)]]
[[Categoria:Dissílabo (Tupi)]]</text>
<sha1>n6mj5kan7cui1jta6cc10fzdjx1sxes</sha1>
</revision>
