<page>
<title>xalavar</title>
<ns>0</ns>
<id>404662</id>
<revision>
<id>2530952</id>
<timestamp>2019-01-02T09:31:22Z</timestamp>
<contributor>
<username>Cpls</username>
<id>20608</id>
</contributor>
<comment>[[Ajuda:Guia de edição/Menus e ferramentas/Sumário de edição|→]] nova página: ={{-pt-}}= ==Substantivo== {{flex.pt|ms=xalavar|mp=xalavares}} {{oxítona|xa|la|var}}, {{g|m}} # [[saco]] de...</comment>
<model>wikitext</model>
<format>text/x-wiki</format>
<text bytes="381" xml:space="preserve">={{-pt-}}=
==Substantivo==
{{flex.pt|ms=xalavar|mp=xalavares}}
{{oxítona|xa|la|var}}, {{g|m}}
# [[saco]] de [[rede]] com aro metálico na sua boca usado por marinheiros para medir a pesca ou transportá-la
==={{-varort-}}===
* [[enxalavar]]
=={{etimologia|pt}}==
: Da mesma origem que [[salabardo]] ou o asturiano {{etimo|ast|zalabardu}}.
[[Categoria:Substantivo (Português)]]</text>
<sha1>i7lda0a5uk87ro2bt90wniu7hef2p6z</sha1>
</revision>
</page>
