<page>
<title>xalabriada</title>
<ns>0</ns>
<id>373561</id>
<revision>
<id>2232319</id>
<parentid>2232306</parentid>
<timestamp>2017-02-03T12:14:57Z</timestamp>
<contributor>
<username>Cpls</username>
<id>20608</id>
</contributor>
<comment>/* {{-gl-}} */</comment>
<model>wikitext</model>
<format>text/x-wiki</format>
<text bytes="497" xml:space="preserve">={{-gl-}}=
==Substantivo==
{{flex.gl|fs=xalabriada|fp=xalabriadas}}
{{paroxítona|xa|la|bri|a|da|lang=gl}}, {{g|f|lang=gl}}
# {{escopo|gl|Meteorologia|dialetal}} período de clima frio no inverno, com ventos [[norte]] e intervalos de [[chuva]] 
===Sinónimo===
* [[nortada#Galego|nortada]]
=={{etimologia|gl}}==
: Da mesma orem que ''[[salabreada#{{gl}}|salabreada]]'' e ''[[xarabeada#{{gl}}|xarabeada]]''. Confronte-se com o asturiano {{etimo|ast|sálabre}}.
[[Categoria:Substantivo (Galego)]]</text>
<sha1>h2wuf0m7yzkxul4wq11ks3ml9f5kbcj</sha1>
</revision>
</page>
