<page>
<title>xale</title>
<ns>0</ns>
<id>256940</id>
<revision>
<id>2451266</id>
<parentid>2451254</parentid>
<timestamp>2017-09-20T23:13:23Z</timestamp>
<contributor>
<username>Defender</username>
<id>15952</id>
</contributor>
<minor />
<comment>Revertidas edições por [[Especial:Contribuições/2804:7F2:380:ECC8:44E3:DC5F:D32C:78CF|2804:7F2:380:ECC8:44E3:DC5F:D32C:78CF]] para a última versão por [[Especial:Contribuições/UT-interwiki-Bot|UT-interwiki-Bot]]</comment>
<model>wikitext</model>
<format>text/x-wiki</format>
<text bytes="406" xml:space="preserve">{{Wikipédia|Xaile}}
={{-pt-}}=
==Substantivo==
[[Ficheiro:Orange triangle shawl.jpg|thumb|Um xale triangular.]]
{{flex.pt|ms=xale|mp=xales}}
{{paroxítona|xa|le}} {{m}}
# [[peça]] de [[roupa]] [[usada]] como [[cobertura]] dos [[ombros]], de [[forma]] [[não]] [[presa]]
[[ca:xale]]
[[chr:xale]]
[[en:xale]]
[[eo:xale]]
[[fr:xale]]
[[mg:xale]]
[[mn:xale]]
[[pl:xale]]
[[tg:xale]]
[[wo:xale]]
[[zh:xale]]</text>
<sha1>tcriym1jlzjpf83gc5oshqw39hjeer9</sha1>
</revision>
</page>
