<page>
<page>
<title>xalxocotl</title>
<ns>0</ns>
<id>403421</id>
<revision>
<id>2608116</id>
<parentid>2604472</parentid>
<timestamp>2021-01-13T08:44:27Z</timestamp>
<contributor>
<username>ValJor</username>
<id>1358</id>
</contributor>
<comment>Estava faltando a indicação do idioma na sessão de pronúncia</comment>
<model>wikitext</model>
<format>text/x-wiki</format>
<text bytes="314" xml:space="preserve">={{-nci-}}=
==Substantivo==
'''xalxocotl'''
# [[goiaba]]
=={{pronúncia|nci}}==
* [[AFI]]: {{AFI|/ʃaːlˈʃokot͡ɬ/}}
[[Categoria:Substantivo (Náuatle Clássico)]]
[[Categoria:Trissílabo (Náuatle Clássico)]]
[[Categoria:Fruta (Náuatle Clássico)]]
[[Categoria:Ortografia normalizada (Náuatle Clássico)]]</text>
<sha1>1bosur261wwc6a9smlvxlggi16wqrq6</sha1>
</revision>
