<page>
<title>xamasco</title>
<ns>0</ns>
<id>411697</id>
<revision>
<id>2548993</id>
<parentid>2548992</parentid>
<timestamp>2019-07-08T13:20:22Z</timestamp>
<contributor>
<username>Cpls</username>
<id>20608</id>
</contributor>
<comment>/* {{etimologia|gl}} */</comment>
<model>wikitext</model>
<format>text/x-wiki</format>
<text bytes="320" xml:space="preserve">={{-gl-}}=
==Substantivo==
{{flex.gl|ms=xamasco|mp=xamascos}}
{{paroxítona|xa|mas|co|lang=gl}}, {{g|m|lang=gl}}
# [[verdasca]]; vergôntea, renovo de árvore; [[rama]]
=={{etimologia|gl}}==
: Confronte-se com ''[[jamoco#{{gl}}|jamoco]]''. Cognado do asturiano {{etimo|ast|xamasca}}.
[[Categoria:Substantivo (Galego)]]</text>
<sha1>ia9bmytbsjnhq7ju26n1ybqbrckhq14</sha1>
</revision>
</page>
