<page>
<page>
<title>xamanismo</title>
<ns>0</ns>
<id>256945</id>
<revision>
<id>2240613</id>
<parentid>2140496</parentid>
<timestamp>2017-02-18T14:53:04Z</timestamp>
<contributor>
<username>UT-interwiki-Bot</username>
<id>56129</id>
</contributor>
<minor />
<comment>Robô: A adicionar: [[fi:xamanismo]]</comment>
<model>wikitext</model>
<format>text/x-wiki</format>
<text bytes="383" xml:space="preserve">{{Wikipédia|Xamanismo}}
={{-pt-}}=
==Substantivo==
[[Ficheiro:Urarina shaman B Dean.jpg|thumb|Urarina [[xamã]] em 1988.]]
{{flex.pt|ms=xamanismo|mp=xamanismos}}
{{paroxítona|xa|ma|nis|mo}} {{m}}
# sistema de [[magia]] e [[exorcismo]] [[usado]] [[por]] [[povos]] [[primitivos]]
[[en:xamanismo]]
[[eo:xamanismo]]
[[fi:xamanismo]]
[[hu:xamanismo]]
[[pl:xamanismo]]
[[zh:xamanismo]]</text>
<sha1>joxjew8jlsbofys36ndvries2k4p2us</sha1>
</revision>
