<page>
<title>xamasca</title>
<ns>0</ns>
<id>411696</id>
<revision>
<id>2549015</id>
<parentid>2548991</parentid>
<timestamp>2019-07-08T16:01:52Z</timestamp>
<contributor>
<username>Cpls</username>
<id>20608</id>
</contributor>
<comment>/* {{etimologia|ast}} */</comment>
<model>wikitext</model>
<format>text/x-wiki</format>
<text bytes="446" xml:space="preserve">={{-ast-}}=
==Substantivo==
{{flex.ast|fs=xamasca|fp=xamasques}}
{{paroxítona|xa|mas|ca|lang=ast}}, {{g|f|lang=ast}}
# [[verdasca]]; vergôntea, renovo de árvore; [[rama]]
# [[ramalhada]], conjunto de [[rama]]s; [[ramagem]]
# [[matagal]]
==={{-varort-}}===
* [[chamasca#{{ast}}|chamasca]]
=={{etimologia|ast}}==
: Confronte-se com {{etimo|ast|ramasca}}. Cognado do galego ''[[xamasco#{{gl}}|xamasco]]''.
[[Categoria:Substantivo (Asturiano)]]</text>
<sha1>ch1zfwq0ptw21gqgl2u1u0rt80y2nhx</sha1>
</revision>
</page>
