<page>
<page>
<title>xamborca</title>
<ns>0</ns>
<id>395393</id>
<revision>
<id>2499001</id>
<parentid>2498995</parentid>
<timestamp>2018-04-25T19:04:23Z</timestamp>
<contributor>
<username>Cpls</username>
<id>20608</id>
</contributor>
<comment>/* {{etimologia|gl}} */</comment>
<model>wikitext</model>
<format>text/x-wiki</format>
<text bytes="460" xml:space="preserve">={{-gl-}}=
==Substantivo==
{{flex.gl|fs=xamborca|fp=xamborcas}}
{{paroxítona|xam|bor|ca|lang=gl}}, {{g|f|lang=gl}}
# {{escopo|gl|Peixe}} [[sável]] (''[[species:Alosa alosa|Alosa alosa]]''); mais especificamente a fêmea desta espécie
===Sinónimos===
* Vide em [[samborca#{{gl}}|samborca]]
=={{etimologia|gl}}==
: Aparentada com o proto-céltico ''*samos'' &quot;[[verão]]&quot;. Confronte-se com ''[[jamouco#{{gl}}|jamouco]]''.
[[Categoria:Substantivo (Galego)]]</text>
<sha1>h3zia3w3weziplxqn1c1y1kmpl91dc1</sha1>
</revision>
