<page>
<page>
<title>xamelo</title>
<ns>0</ns>
<id>426280</id>
<revision>
<id>2596007</id>
<parentid>2596006</parentid>
<timestamp>2020-09-09T15:06:38Z</timestamp>
<contributor>
<username>Cpls</username>
<id>20608</id>
</contributor>
<model>wikitext</model>
<format>text/x-wiki</format>
<text bytes="443" xml:space="preserve">={{-ca-}}=
==Substantivo==
{{flex.ca|ms=xamelo|mp=xamelos}}
{{paroxítona|xa|me|lo|lang=ca}}, {{g|m}}
# {{escopo|ca|Jogo}} jogo do [[dominó]], no que cada jogador vai pondo as suas [[ficha]]s em uma [[fila]] própria, quando não pode continuar &quot;paga&quot; e outro jogador pode pôr nela
=={{etimologia|ca}}==
: Aparentada com o galego {{etimo|ca|chamelo}}, confronte-se com o castelhano {{etimo|es|camelo}}.
[[Categoria:Substantivo (Catalão)]]</text>
<sha1>6baha3ybmzac45rulzdjrwur5kimjo5</sha1>
</revision>
