<page>
<title>xamixunga</title>
<ns>0</ns>
<id>394532</id>
<revision>
<id>2493404</id>
<parentid>2493391</parentid>
<timestamp>2018-04-04T22:58:33Z</timestamp>
<contributor>
<username>Tribuno da Plebe</username>
<id>16095</id>
</contributor>
<comment>/* {{-pt-}} */</comment>
<model>wikitext</model>
<format>text/x-wiki</format>
<text bytes="228" xml:space="preserve">={{-pt-}}=
==Substantivo==
{{flex.pt|ms=xamixunga|mp=xamixungas}}
{{paroxítona|xa|mi|xun|ga}}, {{g|f}}
# {{escopo|pt|Rio Grande do Sul}} [[sanguessuga]]
===Sinônimo===
* [[sanguessuga]]
[[Categoria:Substantivo (Português)]]</text>
<sha1>2ydtu6rufqi1kyn820pizge60f07b6f</sha1>
</revision>
</page>
