<page>
<page>
<title>xamitl</title>
<ns>0</ns>
<id>439740</id>
<revision>
<id>2659693</id>
<parentid>2657459</parentid>
<timestamp>2022-02-09T22:07:59Z</timestamp>
<contributor>
<username>ValJor</username>
<id>1358</id>
</contributor>
<comment>Nossas definições não levam ponto final</comment>
<model>wikitext</model>
<format>text/x-wiki</format>
<text bytes="272" xml:space="preserve">={{-nci-}}=
==Substantivo==
'''xamitl'''
# [[adobe]], [[tijolo]] de barro
[[Categoria:Substantivo (Náuatle Clássico)]]
[[Categoria:Dissílabo (Náuatle Clássico)]]
[[Categoria:Arquitetura (Náuatle Clássico)]]
[[Categoria:Ortografia normalizada (Náuatle Clássico)]]</text>
<sha1>makkr2w1k4gyehqhbv3fas8ukpvw1qq</sha1>
</revision>
