<page>
<title>xamixuga</title>
<ns>0</ns>
<id>394531</id>
<revision>
<id>2493405</id>
<parentid>2493390</parentid>
<timestamp>2018-04-04T22:58:45Z</timestamp>
<contributor>
<username>Tribuno da Plebe</username>
<id>16095</id>
</contributor>
<comment>/* {{-pt-}} */</comment>
<model>wikitext</model>
<format>text/x-wiki</format>
<text bytes="225" xml:space="preserve">={{-pt-}}=
==Substantivo==
{{flex.pt|ms=xamixuga|mp=xamixugas}}
{{paroxítona|xa|mi|xu|ga}}, {{g|f}}
# {{escopo|pt|Rio Grande do Sul}} [[sanguessuga]]
===Sinônimo===
* [[sanguessuga]]
[[Categoria:Substantivo (Português)]]</text>
<sha1>22aqffsb0y4nqlgbv1wxihum2spmr9x</sha1>
</revision>
</page>
