<page>
<page>
<title>xamocu</title>
<ns>0</ns>
<id>385982</id>
<revision>
<id>2549004</id>
<parentid>2548998</parentid>
<timestamp>2019-07-08T13:35:25Z</timestamp>
<contributor>
<username>Cpls</username>
<id>20608</id>
</contributor>
<model>wikitext</model>
<format>text/x-wiki</format>
<text bytes="371" xml:space="preserve">={{-ast-}}=
==Substantivo==
{{flex.ast|ms=xamocu|mp=xamocos}}
{{paroxítona|lang=ast|xa|mo|cu}} {{g|m|lang=ast}}
# [[cabeçalha]]
# [[timão]] ou vara do arado
# [[sola]] para arraste
=={{etimologia|ast}}==
: Confronte-se com [[samoco]] e com o galego ''[[jamoco#{{gl}}|jamoco]]''. Cognado do galego ''[[jamouco#{{gl}}|jamouco]]''.
[[Categoria:Substantivo (Asturiano)]]</text>
<sha1>k8nhsq5ayvpf3v0lbgg0fa1wh3cwtho</sha1>
</revision>
