<page>
<page>
<title>xamouco</title>
<ns>0</ns>
<id>413807</id>
<revision>
<id>2554680</id>
<parentid>2554679</parentid>
<timestamp>2019-09-22T15:41:00Z</timestamp>
<contributor>
<username>Cpls</username>
<id>20608</id>
</contributor>
<comment>/* {{etimologia|gl}} */</comment>
<model>wikitext</model>
<format>text/x-wiki</format>
<text bytes="559" xml:space="preserve">={{-gl-}}=
==Substantivo==
{{flex.gl|ms=xamouco|mp=xamoucos}}
{{paroxítona|xa|mou|co|lang=gl}}, {{g|m|lang=gl}}
# terceiro [[enxame]] que uma colônia de [[abelha]]s faz num mesmo ano
# lança, [[cabeçalha]] do carro de vacas
==={{-varort-}}===
* [[jamouco#{{gl}}|jamouco]]
=={{etimologia|gl}}==
: Talvez do apócope de ''*enxamouco'' (''[[enxame#{{gl}}|enxame]]'' + ''[[-ouco#{{gl}}|-ouco]]''). Confronte-se com  ''[[jamoco#{{gl}}|jamoco]]'' e ''[[jabouco#{{gl}}|jabouco]]''. Cognado do asturiano {{etimo|ast|xamocu}}.
[[Categoria:Substantivo (Galego)]]</text>
<sha1>e2gypfliblmlf4aq8v9p7h18sdc67pn</sha1>
</revision>
