<page>
<page>
<title>xampu</title>
<ns>0</ns>
<id>9024</id>
<revision>
<id>1871657</id>
<parentid>1803661</parentid>
<timestamp>2014-11-09T02:03:48Z</timestamp>
<contributor>
<username>Kaleb Alkbashr</username>
<id>45065</id>
</contributor>
<model>wikitext</model>
<format>text/x-wiki</format>
<text bytes="957" xml:space="preserve">{{Wikipédia}}
{{grafiaPtbr|champô}}
={{-pt-}}=
==Substantivo==
{{flex.pt|ms=xampu|mp=xampus}}
{{oxítona|xam|pu}}, {{m}}
# [[produto]] [[líquido]] [[especial]] para [[lavar]] a [[cabeça]]
===Tradução===
{{tradini}}
* {{t|de|Schampon|n}}
* {{t|es|champú|m}}
* {{trad|eo|ŝampuo|}}
* {{t|fo|sjampo|n}}, {{xlatio|fo|hársápa| ''f'' }}
* {{t|fr|shampooing|m}}
* {{t|gl|xampú|m}}
{{tradmeio}}
* {{trad|io|shampuno}}
* {{trad|en|shampoo}}
* {{t|is|sjampó|n}}
* {{t|it|sciampo|m}}
* {{t|no|sjampo|m}}
* {{t|ro|şampon|n}}
{{tradfim}}
=={{etimologia|pt}}==
: Do inglês {{etimo|en|shampoo}} (''&quot;xampu&quot;'').
=={{pronúncia|pt}}==
===Brasil===
====Paranaense====
* [[Ajuda:Guia de pronúncia|AFI]]: {{AFI|[ʃɐ̃ŋˈpu]}}&lt;small&gt;, Plural: &lt;/small&gt;{{AFI|[ʃɐ̃ŋˈpus]}}
[[Categoria:Substantivo (Português)]]
[[Categoria:Entrada de étimo inglês (Português)]]
[[da:xampu]]
[[en:xampu]]
[[eu:xampu]]
[[fi:xampu]]
[[ko:xampu]]
[[ru:xampu]]
[[zh:xampu]]</text>
<sha1>o2fr9juebazmjzz81o0417rpiszmky9</sha1>
</revision>
