<page>
<page>
<title>xamuas</title>
<ns>0</ns>
<id>402002</id>
<revision>
<id>2523267</id>
<timestamp>2018-10-20T19:55:06Z</timestamp>
<contributor>
<username>Cpls</username>
<id>20608</id>
</contributor>
<comment>[[Ajuda:Guia de edição/Menus e ferramentas/Sumário de edição|→]] nova página: ={{-gl-}}= ==Substantivo== {{flex.pt|fs=-|fp=xamuas}} {{paroxítona|xa|mu|as|lang=gl}}, {{g|f|lang=gl}} # s...</comment>
<model>wikitext</model>
<format>text/x-wiki</format>
<text bytes="373" xml:space="preserve">={{-gl-}}=
==Substantivo==
{{flex.pt|fs=-|fp=xamuas}}
{{paroxítona|xa|mu|as|lang=gl}}, {{g|f|lang=gl}}
# [[sela]] de cavalgadura que é como uma [[cadeira]]
===Sinónimo===
* [[xamua#{{gl}}|xamua]]
=={{etimologia|gl}}==
: {{llietimo|la|sambuca|gl}} Confronte-se com o basco {{etimo|eu|zamukak}}.
[[Categoria:Substantivo (Galego)]]
[[Categoria:Pluralia tantum (Galego)]]</text>
<sha1>h42rxyro8d7ls56j8pv4tnk8197103m</sha1>
</revision>
