<page>
<title>xamã</title>
<ns>0</ns>
<id>363857</id>
<revision>
<id>2517157</id>
<parentid>2181819</parentid>
<timestamp>2018-09-01T09:12:29Z</timestamp>
<contributor>
<ip>189.27.153.48</ip>
</contributor>
<comment>+ ref, imagem; corrigindo gênero</comment>
<model>wikitext</model>
<format>text/x-wiki</format>
<text bytes="3683" xml:space="preserve">{{ver também|xama}}
[[Ficheiro:Khagdaev1.JPG|thumb|350px|'''Xamã''']]
={{-pt-}}=
{{Wikipédia}}
==Substantivo==
{{flex.pt|s=xamã|p=xamãs|s-div=xa.&lt;u&gt;mã&lt;/u&gt;|p-div=xa.&lt;u&gt;mãs&lt;/u&gt;}}
{{oxítona|xa|mã}} {{gramática|c2g}}
# [[sacerdote]] [[tribal]] de certos [[povo]]s da [[w:Ásia Setentrional|Ásia Setentrional]], [[América do Norte]] [[etc]]., que utiliza meios [[mágico]]s para [[curar]] {{l.s.|mal}}es e [[doença]]s, encontrar [[objeto]]s perdidos e [[controlar]] [[acontecimento]]s
===Sinônimos===
* {{link opcional|xamane}}
===Traduções===
{{tradini}}
* {{trad|de|Schamane}} ''m.''
* {{trad-|alt|кам|(kam)}}
* {{trad-|ar|شَامَان|(šāmān)}} ''m.''
* {{trad|eu|xaman}}
* {{trad-|ba|шаман|(šaman)}}
* {{trad-|bua|бөө|(böö)}}
* {{trad-|xal|бө|(bö)}}
* {{trad-|km|គ្រូហ្ម|(kruu maa)|sc=Khmr}}
* {{trad-|krc|шаман|(šaman)}}
* {{trad|ca|xaman}} ''m.''
* {{trad-|kk|бақсы|(baqsıf)}}
* {{trad|ccc|kapunutakajpola}}
* {{trad|cs|šaman}} ''m.''
* [[chinês|Chinês]] :
** {{trad|cmn|薩滿|sc=Hani}}, {{t+|cmn|萨满|tr=sàmǎn|sc=Hani}}, (&quot;curandeiro&quot;) {{t+|cmn|巫醫|sc=Hani}}, {{t+|cmn|巫医|tr=wūyī|sc=Hani}}, {{t+|cmn|巫|tr=wū|sc=Hani}}, {{t+|cmn|巫師|sc=Hani}}, {{t+|cmn|巫师|tr=wūshī|sc=Hani}}
* {{trad-|ko|무당|([[巫堂]], mudang)}}, {{t+|ko|샤먼|(syameon)}}
* {{trad-|dar|шаман|(šaman)}}
* {{trad|da|shaman}} ''c.''
* {{trad-|dlg|ойун|(oyun)}}
* {{trad|es|chamán}} ''m.'', {{t+|es|curandero}} ''m.'', {{t+|es|curandera}} ''f.''
* {{trad|eo|ŝamano}}
* {{trad-|evn|шаман|(šaman)}}
* {{trad|fo|shamanur}} ''m.''
* {{trad|fi|šamaani|poppamies}}
* {{trad|fr|chaman}} ''m.''
* {{trad-|el|σαμάνος|(samános)}}
* {{trad-|he|שמאן|(shaman)}} ''m.'', {{t+|he|שמאנית|f|tr=shamanit}} ''f.''
* {{trad|nl|sjamaan}} ''m.''
{{tradmeio}}
* {{trad|hu|sámán}}
* {{trad-|sah|ойуун|(oyuun)}}
* {{trad|en|shaman}}
* {{trad|it|sciamano}} ''m.''
* {{trad-|ja|シャーマン|(shāman)|sc=Jpan}}
* {{trad-|lez|шаман|(šaman)}}
* {{trad-|mk|шаман|(šáman)}} ''m.''
* {{trad|ms|pawang}}
* {{trad|nv|hataałii|sc=Latn}}
* {{trad-|yrk|тадебя|(tadebja)}}
* {{trad-|nio|ӈәʔ|([[ñå]])}}
* {{trad-|nog|шаман|(šaman)}}
* {{trad-|fa|شمن|(šaman)}}
* {{trad|pl|szaman}} ''m.''
* {{trad-|ru|шаман|(šamán)}} ''m.''
* [[servocroata|Servocroata]]:
** [[cirílico|Cirílico]] : {{t+|sh|шаман}} ''m.''
** [[latino|Latino]] : {{t+|sh|šaman}} ''m.''
* {{trad-|cjs|қам|(qam)}}
* {{trad|sv|schaman}} ''c.''
* {{trad-|tt|шаман|(šaman)}}
* {{trad|tli|íx̱t’}}
* {{trad-|kim|һам|(ham)}}
* {{trad|tr|şaman|kam|bakşı}}
* {{trad|tk|şaman}}
* {{trad-|tyv|хам|(kham)}}
* {{trad-|ug|باخشى|(baxshi)}}, {{t+|ug|شامان|(šaman)}}
* {{trad|esu|angalkuq}}
{{tradfim}}
===Termos derivados===
{{verTambém.Ini}} 
* [[xamanismo]]
* [[xamanista]]
{{verTambém.Fim}}
==Etimologia==
{{llietimo|evn|шаман|pt|transcr=šaman|ponto=não}}, por [[influência]] do {{etm|en|pt}} {{etimo|en|shaman}}.
=={{pronúncia|pt}}==
===Brasil===
* [[AFI]]: {{AFI|/ʃa.ˈmɐ̃/}}
* [[X-SAMPA]]: /Sa.&quot;m6~/
===Portugal===
* [[AFI]]: {{AFI|/ʃɐ.ˈmɐ̃/}}
* [[X-SAMPA]]: /S6.&quot;m6~/
==Ver também==
===No Wikcionário===
{{verTambém.Ini}}
* {{l.s.|adivinho}}
* [[curandeiro]]
{{verTambém.NovaColuna|25}}
* [[esconjurar]]
* [[feiticeiro]]
{{verTambém.NovaColuna|25}}
* [[mago]]
* [[médium]]
{{verTambém.NovaColuna|25}}
* [[pajé]]
* [[vidente]]
{{verTambém.Fim}}
==Ligações externas==
===Referências===
{{verTambém.Ini}}
* {{Houaiss}}
* {{Aulete}}
* {{Priberam}}
* {{Infopédia}}
{{verTambém.Fim}}
{{categorias|{{pt}}|Substantivo|Medicina|Religião}}</text>
<sha1>t8jjrc8dpnxtec1n61hopmrfn6zeo2j</sha1>
</revision>
</page>
