<page>
<page>
<title>xamãs</title>
<ns>0</ns>
<id>366032</id>
<revision>
<id>2207200</id>
<parentid>2181823</parentid>
<timestamp>2016-12-05T20:54:32Z</timestamp>
<contributor>
<username>UT-interwiki-Bot</username>
<id>56129</id>
</contributor>
<minor />
<comment>Robô: A adicionar: [[eo:xamãs]]</comment>
<model>wikitext</model>
<format>text/x-wiki</format>
<text bytes="184" xml:space="preserve">={{-pt-}}=
==Forma de substantivo==
{{oxítona|xa|mãs}}, {{gramática|mp}}
# plural de [[xamã]]
{{avi-for-fle|xamã}}
[[Categoria:Forma de substantivo (Português)]]
[[eo:xamãs]]</text>
<sha1>ogy4bpfy2gxmkjjtrpv1mz8ffmgmw6f</sha1>
</revision>
