<page>
<title>xana</title>
<ns>0</ns>
<id>14425</id>
<revision>
<id>2567413</id>
<parentid>2567410</parentid>
<timestamp>2019-12-19T14:54:54Z</timestamp>
<contributor>
<ip>85.138.18.250</ip>
</contributor>
<comment>/* Substantivo */</comment>
<model>wikitext</model>
<format>text/x-wiki</format>
<text bytes="1363" xml:space="preserve">={{-pt-}}=
==Substantivo==
{{flex.pt|fs=xana|fs-div=&lt;u&gt;xa&lt;/u&gt;.na|fp=xanas|fp-div=&lt;u&gt;xa&lt;/u&gt;.nas}}
{{paroxítona|xa|na}}, {{g|f}}
# {{escopo|pt|Popular|obsceno|Brasil|Anatomia}} {{escopo2|Calão muito carroceiro}} orgão sexual feminino
===Sinônimos===
* De '''1''': vide lista de sinônimos em ''[[Wikisaurus:buceta]]''.
===Tradução===
{{tradini}}
* {{trad|en|clam|cunt|pussy}}
{{tradmeio}}
* {{trad|es|concha|coño}}
{{tradfim}}
=={{pronúncia|pt}}==
===Brasil===
* [[AFI]]: {{AFI|/ˈʃã.nɐ/}}
* [[X-SAMPA]]: /&quot;Sa~.n6/
==Ver também==
===No Wikcionário===
{{dividir em colunas|3}}
* [[clitóride]]/[[clítoris]]/[[clitóris]]
* [[hímen]]
* [[lábio]]
* [[monte-de-vénus]]/[[monte de Vénus]]
* [[ovário]]
* [[pelve]]/[[pélvis]]
* [[púbis]]
* [[uretra]]
* [[útero]]
{{dividir em colunas.fim}}
===Na Wikipédia===
{{dividir em colunas|1}}
* [[w:Vagina|vagina]]
* [[w:Vulva|vulva]]
{{dividir em colunas.fim}}
[[Categoria:Substantivo (Português)]]
={{-ast-}}=
==Substantivo==
{{flex.ast|fs=xana|fp=xanes}}
{{paroxítona|xa|na|lang=ast}}, {{g|f|lang=ast}}
# ser [[mitológico]] feminino das fontes
=={{etimologia|ast}}==
: Cognato do galego ''[[jana#{{gl}}|jana]]''. Confronte-se com o latim {{etimo|la|Diana}}.
[[Categoria:Substantivo (Asturiano)]]
[[az:xana]]
[[en:xana]]
[[es:xana]]
[[fr:xana]]
[[io:xana]]
[[lt:xana]]
[[mg:xana]]
[[tr:xana]]</text>
<sha1>c2l3bbo167e7psr1xtjjp5wrwje55qg</sha1>
</revision>
</page>
