<page>
<title>xando</title>
<ns>0</ns>
<id>403130</id>
<revision>
<id>2526451</id>
<timestamp>2018-11-16T21:13:24Z</timestamp>
<contributor>
<username>Cpls</username>
<id>20608</id>
</contributor>
<comment>[[Ajuda:Guia de edição/Menus e ferramentas/Sumário de edição|→]] nova página: ={{-gl-}}= ==Substantivo== {{flex.gl|ms=xando|mp=xandos}} {{paroxítona|xan|do|lang=gl}}, {{g|m|lang=gl}} # {...</comment>
<model>wikitext</model>
<format>text/x-wiki</format>
<text bytes="363" xml:space="preserve">={{-gl-}}=
==Substantivo==
{{flex.gl|ms=xando|mp=xandos}}
{{paroxítona|xan|do|lang=gl}}, {{g|m|lang=gl}}
# {{escopo|gl|Árvore}} [[azevinho]] (''[[species:Ilex aquifolium|Ilex aquifolium]]'')
===Sinónimos===
* Vide em [[azivo#Galego|azivo]]
=={{etimologia|gl}}==
: Talvez da mesma origem que ''[[xardão#{{gl}}|xardão]]''.
[[Categoria:Substantivo (Galego)]]</text>
<sha1>ow7218j606fczg1hr74nn2ujvmxq0qe</sha1>
</revision>
</page>
