<page>
<title>xaneiro</title>
<ns>0</ns>
<id>38647</id>
<revision>
<id>2256591</id>
<parentid>1850294</parentid>
<timestamp>2017-03-27T00:13:03Z</timestamp>
<contributor>
<username>OctraBot</username>
<id>56948</id>
</contributor>
<minor />
<comment>Robô: A adicionar: [[ca:xaneiro]]</comment>
<model>wikitext</model>
<format>text/x-wiki</format>
<text bytes="702" xml:space="preserve">={{-gl-}}=
==Substantivo==
'''xaneiro'''
# [[janeiro]]; [[primeiro]] [[mês]] do [[ano]] civil, tendo 31 [[dia]]s
=={{pronúncia|gl}}==
===Galiza===
* {{ouvir|Gl-xaneiro.ogg}}
== Ver também ==
=== No Wikcionário ===
{{meses/gl}}
[[Categoria:Substantivo (Galego)]]
[[Categoria:Mês (Galego)]]
[[ast:xaneiro]]
[[az:xaneiro]]
[[br:xaneiro]]
[[ca:xaneiro]]
[[csb:xaneiro]]
[[cy:xaneiro]]
[[da:xaneiro]]
[[el:xaneiro]]
[[en:xaneiro]]
[[es:xaneiro]]
[[eu:xaneiro]]
[[fr:xaneiro]]
[[gl:xaneiro]]
[[hr:xaneiro]]
[[hu:xaneiro]]
[[id:xaneiro]]
[[it:xaneiro]]
[[lb:xaneiro]]
[[lo:xaneiro]]
[[lt:xaneiro]]
[[mg:xaneiro]]
[[nl:xaneiro]]
[[pl:xaneiro]]
[[ro:xaneiro]]
[[ru:xaneiro]]
[[sm:xaneiro]]
[[tr:xaneiro]]</text>
<sha1>3bn7ausu4h40p4296pg533o2ncms5o8</sha1>
</revision>
</page>
