<page>
<page>
<title>xangaiês</title>
<ns>0</ns>
<id>58733</id>
<revision>
<id>1466274</id>
<parentid>1189049</parentid>
<timestamp>2012-09-19T14:26:07Z</timestamp>
<contributor>
<username>ValJor</username>
<id>1358</id>
</contributor>
<comment>Separando adjetivo de substantivo</comment>
<model>wikitext</model>
<format>text/x-wiki</format>
<text bytes="486" xml:space="preserve">={{-pt-}}=
==Adjetivo==
{{flex.pt|ms=xangaiês|mp=xangaieses|fs=xangaiesa|fp=xangaiesas}}
{{oxítona|xan|gai|ês}}
# de ou relativo a [[Xangai]] - cidade da [[China]]
===Sinônimo===
* [[xangaiense]]
==Substantivo==
{{oxítona|xan|gai|ês}}
# habitante ou natural de Xangai - cidade da China
=={{etimologia|pt}}==
: {{escopo|Morfologia}} [[Xangai]] + [[-ês]].
[[Categoria:Adjetivo (Português)]]
[[Categoria:Substantivo (Português)]]
[[Categoria:Gentílico (Português)|xangaies]]</text>
<sha1>3s6t98gjw3mopob2cx1ijthenwhj7qq</sha1>
</revision>
