<page>
<page>
<title>Xangai</title>
<ns>0</ns>
<id>352567</id>
<revision>
<id>2282560</id>
<parentid>2260088</parentid>
<timestamp>2017-04-27T04:08:30Z</timestamp>
<contributor>
<username>HydrizBot</username>
<id>29590</id>
</contributor>
<minor />
<comment>Robô: A limpar links interwikis antigos</comment>
<model>wikitext</model>
<format>text/x-wiki</format>
<text bytes="687" xml:space="preserve">{{Wikipédia}}
={{-pt-}}=
==Substantivo==
{{flex.pt|ms=Xangai|mp=-}}
{{paroxítona|Xan|gai}}, {{m}}
# a [[maior]] [[cidade]] da [[República Popular da China]]
#* ''A medida entra em vigor nesta terça-feira e veio após as 20 maiores economias do mundo - que formam o G-20 - terem se reunido por dois dias em '''Xangai''', na sexta-feira e no sábado.'' {{OESP|2016|fevereiro|29}}
===Tradução===
{{tradini}}
* {{trad|zh|上海}}
{{tradmeio}}
* {{trad|en|Shanghai}}
{{tradfim}}
===Verbetes derivados===
{{verTambém.Ini}}
* [[xangaiense]]
{{verTambém.NovaColuna}}
* [[xangaiês]]
{{verTambém.Fim}}
[[Categoria:Substantivo (Português)]]
[[Categoria:Cidade da China (Português)]]</text>
<sha1>g1hwl7vtpps6qww8hgly1h2o2o6ofh6</sha1>
</revision>
