<page>
<title>xango</title>
<ns>0</ns>
<id>320008</id>
<revision>
<id>2507028</id>
<parentid>2507025</parentid>
<timestamp>2018-06-18T18:18:08Z</timestamp>
<contributor>
<username>Cpls</username>
<id>20608</id>
</contributor>
<comment>/* {{etimologia|gl}} */</comment>
<model>wikitext</model>
<format>text/x-wiki</format>
<text bytes="513" xml:space="preserve">={{-gl-}}=
==Substantivo==
{{flex.gl|ms=xango|mp=xangos}}
{{paroxítona|xan|go|lang=gl}}, {{g|m|lang=gl}}
# [[brocha]], [[correia]] do jugo dos bois que, passando por debaixo do pescoço, sujeita a rês entre as [[canga]]s
==={{-varort-}}===
* [[jango#{{gl}}|jango]]
===Sinônimo===
* [[apear#Galego|apear]]
=={{etimologia|gl}}==
: Confronte-se com [[jangada]] e a palavra [[galego|galega]] ''[[jangar#{{gl}}|jangar]]''.
==Ver também==
===No Wikcionário===
* [[enjangar]]
[[Categoria:Substantivo (Galego)]]</text>
<sha1>d5xifecqqu4i4d81xj41hap99ff3zvi</sha1>
</revision>
</page>
