<page>
<title>xangana</title>
<ns>0</ns>
<id>343434</id>
<revision>
<id>2193596</id>
<parentid>2008143</parentid>
<timestamp>2016-11-03T21:50:06Z</timestamp>
<contributor>
<ip>201.47.161.178</ip>
</contributor>
<model>wikitext</model>
<format>text/x-wiki</format>
<text bytes="153" xml:space="preserve">={{-pt-}}=
==Substantivo==
{{paroxítona|xan|ga|na}}, {{m}}
# ver [[changana]]
[[Categoria:Substantivo (Português)]]
[[Categoria:Língua (Português)]]</text>
<sha1>im68abkem8qu6nuj8lsq45q60vksvo7</sha1>
</revision>
</page>
