<page>
<title>Xangô</title>
<ns>0</ns>
<id>256947</id>
<revision>
<id>1477285</id>
<parentid>1203222</parentid>
<timestamp>2012-10-17T02:36:48Z</timestamp>
<contributor>
<username>VJBot</username>
<id>33673</id>
</contributor>
<minor />
<comment>Robô: Substituição de texto automática  (-{{wikipédia| +{{Wikipédia|)</comment>
<model>wikitext</model>
<format>text/x-wiki</format>
<text bytes="229" xml:space="preserve">{{Wikipédia|Xangô}}
={{-pt-}}=
==Substantivo==
[[Ficheiro:Casa Branca 178.JPG|thumb|Escultura de Xangô.]]
{{oxítona|Xan|gô}} {{m}}
# [[nome]] [[de]] [[um]] [[orixá]] [[poderoso]] [[das]] [[religiões]] [[afro-brasileiras]]</text>
<sha1>iwhcm48m1n60fqfi59frzmxa97do7ti</sha1>
</revision>
</page>
