<page>
<page>
<title>xangaiense</title>
<ns>0</ns>
<id>58732</id>
<revision>
<id>1466281</id>
<parentid>1189048</parentid>
<timestamp>2012-09-19T14:37:30Z</timestamp>
<contributor>
<username>ValJor</username>
<id>1358</id>
</contributor>
<comment>Separando adjetivo de substantivo</comment>
<model>wikitext</model>
<format>text/x-wiki</format>
<text bytes="460" xml:space="preserve">={{-pt-}}=
==Adjetivo==
{{flex.pt|s=xangaiense|p=xangaienses}}
{{paroxítona|xan|gai|en|se}}
# de ou relativo a [[Xangai]] - cidade da [[China]]
===Sinônimo===
* [[xangaiês]]
==Substantivo==
{{paroxítona|xan|gai|en|se}}
# habitante ou natural de Xangai - cidade da China
=={{etimologia|pt}}==
: {{escopo|Morfologia}} [[Xangai]] + [[-ense]].
[[Categoria:Adjetivo (Português)]]
[[Categoria:Substantivo (Português)]]
[[Categoria:Gentílico (Português)]]</text>
<sha1>owu3drwjbeq4jpeqixuyv9dvvbt3y2w</sha1>
</revision>
