<page>
<title>xantão</title>
<ns>0</ns>
<id>366413</id>
<revision>
<id>2656425</id>
<parentid>2184599</parentid>
<timestamp>2021-12-30T10:42:25Z</timestamp>
<contributor>
<username>ValJor</username>
<id>1358</id>
</contributor>
<comment>Corrigindo duplicação da preposição de</comment>
<model>wikitext</model>
<format>text/x-wiki</format>
<text bytes="456" xml:space="preserve">={{-gl-}}=
==Substantivo==
{{flex.gl|ms=xantão|mp=xantões}}
{{oxítona|xan|tão|lang=gl}}, {{g|m|lang=gl}}
# pequena [[estaca]], ponta de [[rama]] com um ou dous [[gomo]]s que serve para ser [[enxertar|enxertada]], [[garfo]]
# [[enxerto]], enxertia
===Sinônimo===
* De '''1''': [[puga#{{gl}}|puga]]
=={{etimologia|gl}}==
: Variante de ''[[chantão#{{gl}}|chantão]]''
=={{pronúncia|gl}}==
* [[AFI]]: /ʃaŋ.'toŋ/
[[Categoria:Substantivo (Galego)]]</text>
<sha1>dpumu51av7bndurhh4ba27il44daquk</sha1>
</revision>
</page>
