<page>
<page>
<title>xantopsia</title>
<ns>0</ns>
<id>257851</id>
<revision>
<id>2207199</id>
<parentid>1210304</parentid>
<timestamp>2016-12-05T20:54:17Z</timestamp>
<contributor>
<username>UT-interwiki-Bot</username>
<id>56129</id>
</contributor>
<minor />
<comment>Robô: A adicionar: [[fr:xantopsia]]</comment>
<model>wikitext</model>
<format>text/x-wiki</format>
<text bytes="306" xml:space="preserve">{{Wikipédia}}
={{-pt-}}=
==Substantivo==
[[File:Color-icon-yellow.png|thumb|Xantopsia: cor amarela.]]
{{paroxítona|xan|to|psi|a}} {{f}}
# [[perturbação]] [[visual]] [[na]] [[qual]] [[todos]] [[os]] [[objetos]] [[observados]] [[aparentam]] [[ter]] [[cor]] [[amarela]]
[[en:xantopsia]]
[[fr:xantopsia]]</text>
<sha1>irqrf62qmk113mf5a7fe7hvayichtkk</sha1>
</revision>
