<page>
<title>xantina</title>
<ns>0</ns>
<id>257848</id>
<revision>
<id>1883082</id>
<parentid>1450616</parentid>
<timestamp>2014-12-30T18:13:47Z</timestamp>
<contributor>
<username>YS-Bot</username>
<id>32241</id>
</contributor>
<minor />
<comment>r2.7.3) (Robô: A adicionar: [[it:xantina]], [[ms:xantina]]</comment>
<model>wikitext</model>
<format>text/x-wiki</format>
<text bytes="458" xml:space="preserve">{{Wikipédia}}
={{-pt-}}=
==Substantivo==
[[Ficheiro:Xanthin - Xanthine.svg|thumb|Estrutura da xantina.]]
{{paroxítona|xan|ti|na}} {{f}}
# [[composto]] [[orgânico]] [[encontrado]] [[na]] [[urina]] [[e]] [[em]] [[diversos]] [[tecidos]] [[do]] [[corpo]] [[humano]], [[além]] [[de]] [[algumas]] [[plantas]]
[[el:xantina]]
[[en:xantina]]
[[es:xantina]]
[[fr:xantina]]
[[io:xantina]]
[[it:xantina]]
[[ko:xantina]]
[[ms:xantina]]
[[nl:xantina]]
[[pl:xantina]]</text>
<sha1>g87p7wiz6s57kakrddm0j8wob025ysx</sha1>
</revision>
</page>
