<page>
<title>xanxerense</title>
<ns>0</ns>
<id>329512</id>
<revision>
<id>2143685</id>
<parentid>2020233</parentid>
<timestamp>2016-06-13T16:59:43Z</timestamp>
<contributor>
<ip>179.177.24.157</ip>
</contributor>
<model>wikitext</model>
<format>text/x-wiki</format>
<text bytes="537" xml:space="preserve">={{-pt-}}=
==Adjetivo==
{{flex.pt|s=xanxerense|p=xanxerenses}}
{{paroxítona|xan|xe|ren|se}}, {{c2g}}
# relativo à cidade de Xanxerê, em Santa Catarina
==Substantivo==
{{flex.pt|s=xanxerense|p=xanxerenses}}
{{paroxítona|xan|xe|ren|se}}, {{c2g}}
# nativo ou próprio da cidade de Xanxerê, em Santa Catarina
=={{etimologia|pt}}==
: {{escopo|Morfologia}} [[Xanxer(ê)]] + [[-ense]].
==Ligações externas==
* {{Aulete}}
[[Categoria:Adjetivo (Português)]]
[[Categoria:Substantivo (Português)]]
[[Categoria:Gentílico (Português)]]</text>
<sha1>nz33vb1eyp9va683yhvih34j4001vuo</sha1>
</revision>
</page>
