<page>
<page>
<title>xapeu</title>
<ns>0</ns>
<id>62591</id>
<revision>
<id>1306816</id>
<parentid>1083736</parentid>
<timestamp>2011-11-28T23:51:59Z</timestamp>
<contributor>
<username>MalafayaBot</username>
<id>628</id>
</contributor>
<minor />
<comment>Robô: Substituição de texto automática (-^\=(\s*?)Tétum(\s*?)\= +={{-tet-}}= &amp; -^\=(\s*?)\{\{tet\}\}(\s*?)\= +={{-tet-}}=)</comment>
<model>wikitext</model>
<format>text/x-wiki</format>
<text bytes="89" xml:space="preserve">={{-tet-}}=
==Substantivo==
'''xapeu'''
# [[chapéu]]
[[Categoria:Substantivo (Tétum)]]</text>
<sha1>l1r1geallypkf1qqufwpwbvhkva5pkk</sha1>
</revision>
