<page>
<page>
<title>Xapuri</title>
<ns>0</ns>
<id>142897</id>
<revision>
<id>2282564</id>
<parentid>2112847</parentid>
<timestamp>2017-04-27T04:08:37Z</timestamp>
<contributor>
<username>HydrizBot</username>
<id>29590</id>
</contributor>
<minor />
<comment>Robô: A limpar links interwikis antigos</comment>
<model>wikitext</model>
<format>text/x-wiki</format>
<text bytes="237" xml:space="preserve">={{-pt-}}=
{{Wikipédia}}
==Substantivo==
'''Xapuri''' {{pr}}
#[[município]] [[brasileiro]] do [[estado]] do [[Acre]]
==Ver também==
*[[Apêndice:Municípios do estado do Acre]]
[[Categoria:Município do estado do Acre (Português)]]</text>
<sha1>85hvfupr608fn2shcbnqz8qkwyslf5h</sha1>
</revision>
