<page>
<title>xaputa</title>
<ns>0</ns>
<id>45597</id>
<revision>
<id>2554839</id>
<parentid>2075305</parentid>
<timestamp>2019-09-25T08:31:35Z</timestamp>
<contributor>
<username>ValJor</username>
<id>1358</id>
</contributor>
<comment>Acrescentando código de língua à [[:Categoria:!Página com mensagem de erro em predefinição|predefinição escopo]]</comment>
<model>wikitext</model>
<format>text/x-wiki</format>
<text bytes="798" xml:space="preserve">={{-pt-}}=
==Substantivo==
{{flex.pt|fs=xaputa|fp=xaputas}}
{{paroxítona|xa|pu|ta}}, {{gênero|f}}
# {{escopo|pt|Peixe}} [[peixe]] da [[família]] dos ''Corífenídeos'', bastante comum na [[costa]] [[português|portuguesa]]
===Tradução===
{{tradini}}
* {{trad|de|Brachsenmakrele}}
* {{trad|eu|papardo}}
* {{trad|br|skandillig}}
* {{trad|ca|castanyola}}
* {{trad|da|havbrasen}}
* {{trad|es|japuta}}
* {{trad|fr|castagnole}}
{{tradmeio}}
* {{trad|cy|merfog môr}}
* {{trad|nl|zeebrasem}}
* {{trad|en|sea bream}}
* {{trad|it|pesce castagna}}
* {{trad|no|brasme|havbrasme}}
* {{trad|sv|havsbraxen}}
{{tradfim}}
=={{etimologia|pt}}==
: Do {{etm|ar|pt}} ''xabbútâ''.
==Ligações externas==
* {{Aulete}}
* {{DPLP}}
* {{Infopédia}}
* {{PLP}}
* {{VOLPABL}}
[[Categoria:Substantivo (Português)]]</text>
<sha1>feiqz3ztqx7cj64wau65fzqf1hoc850</sha1>
</revision>
</page>
