<page>
<page>
<title>Xapón</title>
<ns>0</ns>
<id>120392</id>
<revision>
<id>2282565</id>
<parentid>2222809</parentid>
<timestamp>2017-04-27T04:08:41Z</timestamp>
<contributor>
<username>HydrizBot</username>
<id>29590</id>
</contributor>
<minor />
<comment>Robô: A limpar links interwikis antigos</comment>
<model>wikitext</model>
<format>text/x-wiki</format>
<text bytes="378" xml:space="preserve">={{-ast-}}=
==Substantivo==
'''Xapón''', ''próprio''
# [[Japão]].
==Ver também==
===No Wikcionário===
{{Ásia/ast}}
[[Categoria:Substantivo (Asturiano)]]
[[Categoria:País (Asturiano)]]
={{-gl-}}=
==Substantivo==
'''Xapón''', ''próprio''
# [[Japão]].
==Ver também==
===No Wikcionário===
{{Ásia/gl}}
[[Categoria:Substantivo (Galego)]]
[[Categoria:País (Galego)]]</text>
<sha1>7bv3kizbt7rlogtfjxvf1uthbvkfrs1</sha1>
</revision>
