<page>
<page>
<title>xarabear</title>
<ns>0</ns>
<id>350847</id>
<revision>
<id>2061964</id>
<parentid>2061951</parentid>
<timestamp>2016-02-09T15:09:28Z</timestamp>
<contributor>
<username>Cpls</username>
<id>20608</id>
</contributor>
<comment>/* Sinónimos */</comment>
<model>wikitext</model>
<format>text/x-wiki</format>
<text bytes="356" xml:space="preserve">={{-gl-}}=
==Verbo==
{{oxítona|xa|ra|be|ar|lang=gl}}
# {{escopoCat|Meteorologia|gl}} [[saraivar]]
===Variante ortográfica===
* [[xaravear#Galego|xaravear]]
===Sinónimos===
{{dividir em colunas|3}}
* [[garabiar#Galego|garabiar]]
* [[salabrear#Galego|salabrear]]
* [[sarabulhar#Galego|sarabulhar]]
{{dividir em colunas.fim}}
[[Categoria:Verbo (Galego)]]</text>
<sha1>gst4pgugdgpum0xak75iu1nzaf94gko</sha1>
</revision>
