<page>
<page>
<title>xaramagales</title>
<ns>0</ns>
<id>390058</id>
<revision>
<id>2475488</id>
<timestamp>2018-01-07T21:23:17Z</timestamp>
<contributor>
<username>Imivorn</username>
<id>64513</id>
</contributor>
<comment>[[Ajuda:Guia de edição/Menus e ferramentas/Sumário de edição|→]] nova página: ={{-mwl-}}= ==Forma de substantivo== {{paroxítona|xa|ra|ma|ga|les|língua=mwl}} # plural de '''xaramagal#{...</comment>
<model>wikitext</model>
<format>text/x-wiki</format>
<text bytes="178" xml:space="preserve">={{-mwl-}}=
==Forma de substantivo==
{{paroxítona|xa|ra|ma|ga|les|língua=mwl}}
# plural de '''[[xaramagal#{{mwl}}|xaramagal]]'''
[[Categoria:Forma de substantivo (Mirandês)]]</text>
<sha1>9ghz1hpvrvzqsu4lixzl3703ibgp9uu</sha1>
</revision>
