<page>
<page>
<title>xaramaço</title>
<ns>0</ns>
<id>425859</id>
<revision>
<id>2594851</id>
<timestamp>2020-08-23T17:36:57Z</timestamp>
<contributor>
<username>Cpls</username>
<id>20608</id>
</contributor>
<comment>[[Ajuda:Guia de edição/Menus e ferramentas/Sumário de edição|→]] nova página: ={{-gl-}}= ==Substantivo== {{flex.gl|ms=xaramaço|mp=xaramaços}} {{paroxítona|xa|ra|ma|ço|lang=gl}}, {{gra...</comment>
<model>wikitext</model>
<format>text/x-wiki</format>
<text bytes="441" xml:space="preserve">={{-gl-}}=
==Substantivo==
{{flex.gl|ms=xaramaço|mp=xaramaços}}
{{paroxítona|xa|ra|ma|ço|lang=gl}}, {{gramática|m|lang=gl}}
# {{escopo|gl|Planta}} [[saramago]] (''[[species:Raphanus raphanistrum|Raphanus raphanistrum]]'')
===Sinónimos===
* Vide em [[nabestro#{{gl}}|nabestro]]
=={{etimologia|gl}}==
: Variante de ''[[saramago#{{gl}}|saramago]]''. Confronte-se com ''[[jaramolo#{{gl}}|jaramolo]]''.
[[Categoria:Substantivo (Galego)]]</text>
<sha1>depfjeagnvkg1lnoj2nj5ff6k5gewge</sha1>
</revision>
