<page>
<title>xaraveada</title>
<ns>0</ns>
<id>373571</id>
<revision>
<id>2232317</id>
<timestamp>2017-02-03T12:10:25Z</timestamp>
<contributor>
<username>Cpls</username>
<id>20608</id>
</contributor>
<comment>[[Ajuda:Guia de edição/Menus e ferramentas/Sumário de edição|→]] nova página: ={{-gl-}}= ==Adjetivo== {{flex.gl|ms=xaraveado|mp=xaraveados|fs=xaraveada|fp=xaraveadas}} {{paroxítona|xa|ra...</comment>
<model>wikitext</model>
<format>text/x-wiki</format>
<text bytes="857" xml:space="preserve">={{-gl-}}=
==Adjetivo==
{{flex.gl|ms=xaraveado|mp=xaraveados|fs=xaraveada|fp=xaraveadas}}
{{paroxítona|xa|ra|ve|a|da|lang=gl}}
# marcada de [[sarda]]s
===Expressão===
* [[cara xaraveada#{{gl}}|cara xaraveada]]
==Substantivo==
{{flex.gl|fs=xaraveada|fp=xaraveadas}}
{{paroxítona|xa|ra|ve|a|da|lang=gl}}, {{g|f|lang=gl}}
# {{escopo|gl|Meteorologia}} [[saraivada]], queda de saraiva 
==={{-varort-}}===
* [[xarabeada#{{gl}}|xarabeada]]
===Sinónimos===
* [[escaravanada#Galego|escaravanada]], [[pedraçada#Galego|pedraçada]], [[salabreada#Galego|salabreada]], [[saraivada#Galego|saraivada]], [[saravela#Galego|saravela]], [[saraviada#Galego|saraviada]], [[saravieira#Galego|saravieira]]
=={{etimologia|gl}}==
: Do particípio de ''[[xaravear#{{gl}}|xaravear]]''. Confronte-se com ''[[xalabriada#{{gl}}|xalabriada]].
[[Categoria:Substantivo (Galego)]]</text>
<sha1>1he36lfhusodg01fwg858z7iz6e1itz</sha1>
</revision>
</page>
