<page>
<title>xaras</title>
<ns>0</ns>
<id>386859</id>
<revision>
<id>2466258</id>
<timestamp>2017-12-02T19:26:40Z</timestamp>
<contributor>
<username>Imivorn</username>
<id>64513</id>
</contributor>
<comment>[[Ajuda:Guia de edição/Menus e ferramentas/Sumário de edição|→]] nova página: ={{-mwl-}}= ==Forma de substantivo== {{paroxítona|xa|ras|língua=mwl}} # plural de '''[[xara#{{mwl}}|xara]]'...</comment>
<model>wikitext</model>
<format>text/x-wiki</format>
<text bytes="159" xml:space="preserve">={{-mwl-}}=
==Forma de substantivo==
{{paroxítona|xa|ras|língua=mwl}}
# plural de '''[[xara#{{mwl}}|xara]]'''
[[Categoria:Forma de substantivo (Mirandês)]]</text>
<sha1>6dfyqdlka45n92o6szanzfpf6hj46cq</sha1>
</revision>
</page>
