<page>
<page>
<title>xarau</title>
<ns>0</ns>
<id>349237</id>
<revision>
<id>2534425</id>
<parentid>2233911</parentid>
<timestamp>2019-01-29T14:58:58Z</timestamp>
<contributor>
<username>Cpls</username>
<id>20608</id>
</contributor>
<model>wikitext</model>
<format>text/x-wiki</format>
<text bytes="694" xml:space="preserve">={{-gl-}}=
==Substantivo==
{{flex.gl|ms=xarau|mp=xaraus}}
{{oxítona|xa|rau|lang=gl}}, {{g|m|lang=gl}}
# {{escopo|gl|Ave}} [[pardal]] (''[[species:Passer domesticus|Passer domesticus]]'')
===Sinónimos===
* [[charrão#Galego|charrão]], [[golrão#{{gl}}|golrão]], [[gorrião#Galego|gorrião]], [[gorrão#Galego|gorrão]], [[gurripacho#Galego|gurripacho]], [[pardal#Galego|pardal]], [[pardao#Galego|pardao]], [[pardarego#Galego|pardarego]], [[pardolo#Galego|pardolo]], [[poveiro#Galego|poveiro]]
=={{etimologia|gl}}==
: Talvez de origem onomatopeica. Confronte-se com ''[[sarau#{{gl}}|sarau]]'', ''[[charrão#Galego|charrão]]'' e ''[[arau#{{gl}}|arau]]''.
[[Categoria:Substantivo (Galego)]]</text>
<sha1>i26hu6tvdnwa89cwqydq8eaulbzizpy</sha1>
</revision>
