<page>
<page>
<title>xaramago</title>
<ns>0</ns>
<id>295370</id>
<revision>
<id>2631311</id>
<parentid>2594808</parentid>
<timestamp>2021-04-22T10:56:13Z</timestamp>
<contributor>
<username>Archaeodontosaurus</username>
<id>17153</id>
</contributor>
<model>wikitext</model>
<format>text/x-wiki</format>
<text bytes="2478" xml:space="preserve">[[Imagem:(MHNT) Raphanus raphanistrum - flowers.jpg|thumb|200px|&lt;center&gt;Xaramago, ''Raphanus raphanistrum''&lt;/center&gt;]]
={{-pt-}}=
==Substantivo==
{{flex.pt|ms=xaramago|mp=xaramagos}}
{{paroxítona|xa|ra|ma|go}}, {{gramática|m}}
# {{escopo|pt|Planta|Galiza}} planta da espécie ''[[species:Sisymbrium officinale|Sisymbrium officinale]]'', conhecida também como [[saramago-rinchão]]
# {{escopo|pt|Planta|Galiza}} planta da espécie ''[[species:Raphanus raphanistrum|Raphanus raphanistrum]]''
===Sinônimo===
* De '''2''': [[saramago]]
===Tradução===
{{tradini|De 1}}
* {{trad|de|Weg-rauke}}
* {{trad|az|dərman şüvərəni}}
* {{trad|ca|herba dels cantors|herba de Sant Albert|erisimó|llúcia|te de canonge}}
* {{trad|cs|hulevník lékařský}}
* {{trad|es|erísimo}}
* {{trad|fi|rohtopernaruoho}}
* {{trad|fr|herbe au chantre|barbarée}}
{{tradmeio}}
* {{trad|nl|gewone raket}}
* {{trad|hu|szapora zsombor}}
* {{trad|en|hedge mustard}}
* {{trad|ga|burley cleiyee}}
* {{trad|it|erisimo}}
* {{trad|pl|stulisz lekarski }}
* {{trad|hsb|připućna rukej}}
* {{trad|sv|vägsenap}}
{{tradfim}}
{{tradini|De 2}}
* {{trad|de|Acker-rettich}}
* {{trad|ar|فجل بري}}
* {{trad|ca|rave bord|rave petit}}
* {{trad|cs|ředkev ohnice}}
* {{trad|zh|野芥菜}}
* {{trad|co|armuraccia}}
* {{trad|es|rabaniza|rabizón|rábano silvestre}}
* {{trad|fi|peltoretikka}}
* {{trad|fr|ravenelle}}
* {{trad|ka|ბოლოკურა}}
{{tradmeio}}
* {{trad|he|צנון מצוי}}
* {{trad|en|wild radish|jointed charlock}}
* {{trad|it|ravanello selvatico}}
* {{trad|lt|dirvinis ridikas}}
* {{trad|mwl|xaramago|nabresto}}
* {{trad|pl|rzodkiew świrzepa}}
* {{trad|ru|pедька полевая}}
* {{trad|sr|дивља ротква}}
* {{trad|sv|åkerrättika}}
* {{trad|uk|Редька дика}}
{{tradfim}}
==Ver também==
===No Wikcionário===
====Wikisaurus====
* [[Wikisaurus:planta|planta]]
[[Categoria:Substantivo (Português)]]
[[Categoria:Entrada com imagem (Português)]]
={{-mwl-}}=
==Substantivo==
{{flex.pt|ms=xaramago|mp=xaramagos}}
{{paroxítona|xa|ra|ma|go|lang=mwl}}, {{gramática|m|lang=mwl}}
# {{escopo|mwl|Planta}} [[saramago]], [[xaramago#{{pt}}|xaramago]], ''[[species:Raphanus raphanistrum|Raphanus raphanistrum]]''
===Sinónimo===
* [[nabresto#{{mwl}}|nabestro]]
=={{etimologia|mwl}}==
: Confronte-se com o asturiano {{etimo|ast|xaramagu}}.
[[Categoria:Substantivo (Mirandês)]]
[[Categoria:Botânica (Mirandês)]]
[[Categoria:Entrada com imagem (Mirandês)]]</text>
<sha1>irgtj9089ulq4zv2qiup7mcny7vzaxq</sha1>
</revision>
