<page>
<title>xarampim</title>
<ns>0</ns>
<id>438639</id>
<revision>
<id>2652819</id>
<parentid>2652816</parentid>
<timestamp>2021-11-19T13:04:21Z</timestamp>
<contributor>
<username>Cpls</username>
<id>20608</id>
</contributor>
<model>wikitext</model>
<format>text/x-wiki</format>
<text bytes="306" xml:space="preserve">={{-gl-}}=
{{ga-in}}
==Substantivo==
{{flex.gl|ms=xarampim|mp=xarampins}}
{{oxítona|xa|ram|pim|lang=gl}}, {{gramática|m}}
# [[sarampo#Português|sarampo]]
===Sinónimos===
* Vide em [[sarampelo#{{gl}}|sarampelo]]
=={{pronúncia|gl}}==
* AFI: {{AFI|/ʃa.raŋ.'piŋ/}}
[[Categoria:Substantivo (Galego)]]</text>
<sha1>q5at1xselpfq9gl0g25wulhzeuyqx0s</sha1>
</revision>
</page>
