<page>
<page>
<title>xaravear</title>
<ns>0</ns>
<id>350851</id>
<revision>
<id>2530915</id>
<parentid>2061963</parentid>
<timestamp>2019-01-01T22:36:22Z</timestamp>
<contributor>
<username>Cpls</username>
<id>20608</id>
</contributor>
<comment>/* {{-gl-}} */</comment>
<model>wikitext</model>
<format>text/x-wiki</format>
<text bytes="450" xml:space="preserve">={{-gl-}}=
==Verbo==
{{oxítona|xa|ra|ve|ar|lang=gl}}
# {{escopo|gl|Meteorologia}} [[saraivar]]
==={{-varort-}}===
* [[xarabear#Galego|xarabear]]
===Sinónimos===
{{dividir em colunas|3}}
* [[garabiar#Galego|garabiar]]
* [[salabrear#Galego|salabrear]]
* [[sarabulhar#Galego|sarabulhar]]
{{dividir em colunas.fim}}
=={{etimologia|gl}}==
: {{escopo|Morfologia}} De ''[[xarabe#{{gl}}|xarabe]]'' + [[-ear#{{gl}}|-ear]]''.
[[Categoria:Verbo (Galego)]]</text>
<sha1>42ekkhi26g9m0i66dyznx07eef3m4nj</sha1>
</revision>
