<page>
<page>
<title>xaraleiroa</title>
<ns>0</ns>
<id>368919</id>
<revision>
<id>2629649</id>
<parentid>2199932</parentid>
<timestamp>2021-04-05T07:46:01Z</timestamp>
<contributor>
<username>Cpls</username>
<id>20608</id>
</contributor>
<model>wikitext</model>
<format>text/x-wiki</format>
<text bytes="421" xml:space="preserve">={{-gl-}}=
==Substantivo==
{{flex.gl|fs=xaraleiroa|fp=xaraleiroas}}
{{paroxítona|xa|ra|lei|ro|a|lang=gl}}, {{g|f|lang=gl}}
# [[terreno]] de areia má qualidade para a [[agricultura]] 
===Sinónimos===
* [[xarancial#{{gl}}|xarancial]], [[xareal#{{gl}}|xareal]], [[xaredo#{{gl}}|xaredo]], [[zaranzal#{{gl}}|zaranzal]]
=={{etimologia|gl}}==
: Confronte-se com ''[[xara#{{gl}}|xara]]''.
[[Categoria:Substantivo (Galego)]]</text>
<sha1>2xszxth894x9x9zblcmpclcu6wyho60</sha1>
</revision>
