<page>
<title>xarapulho</title>
<ns>0</ns>
<id>404629</id>
<revision>
<id>2530843</id>
<parentid>2530839</parentid>
<timestamp>2019-01-01T19:09:50Z</timestamp>
<contributor>
<username>Cpls</username>
<id>20608</id>
</contributor>
<comment>/* {{-gl-}} */</comment>
<model>wikitext</model>
<format>text/x-wiki</format>
<text bytes="436" xml:space="preserve">={{-gl-}}=
==Substantivo==
{{flex.gl|ms=xarapulho|mp=xarapulhos}}
{{paroxítona|xa|ra|pu|lho|língua=gl}}, {{g|m|lang=gl}}
# {{escopo|gl|Medicina}} [[impigem#Português|impigem]], erupção cutânea
==={{-varort-}}===
* [[sarabulhaço#{{gl}}|sarabulhaço]], [[xarapulhas#{{gl}}|xarapulhas]]
=={{etimologia|gl}}==
: Da mesma origem que [[sarabulho]]. Confronte-se com ''[[xarapar#{{gl}}|xarapar]]''.
[[Categoria:Substantivo (Galego)]]</text>
<sha1>7bwsgui19ki4xj7z4de6rn97oq5tgan</sha1>
</revision>
</page>
