<page>
<title>xarapeiro</title>
<ns>0</ns>
<id>387554</id>
<revision>
<id>2468204</id>
<timestamp>2017-12-08T11:42:12Z</timestamp>
<contributor>
<username>Cpls</username>
<id>20608</id>
</contributor>
<comment>[[Ajuda:Guia de edição/Menus e ferramentas/Sumário de edição|→]] nova página: ={{-gl-}}= ==Substantivo== {{flex.gl|ms=xarapeiro|mp=xarapeiros}} {{paroxítona|xa|ra|pei|ro|lang=gl}}, {{g|f...</comment>
<model>wikitext</model>
<format>text/x-wiki</format>
<text bytes="337" xml:space="preserve">={{-gl-}}=
==Substantivo==
{{flex.gl|ms=xarapeiro|mp=xarapeiros}}
{{paroxítona|xa|ra|pei|ro|lang=gl}}, {{g|f|lang=gl}}
# {{escopo|gl|Meteorologia}} [[chuvasco]], chuva forte de curta duração
===Sinónimo===
* [[chuveiro#{{gl}}|chuveiro]]
=={{etimologia|gl}}==
: De ''[[xarapar#{{gl}}|xarapar]]''.
[[Categoria:Substantivo (Galego)]]</text>
<sha1>3gkh2vwqeiibc140ozki8llc0yxkehc</sha1>
</revision>
</page>
