<page>
<page>
<title>xara</title>
<ns>0</ns>
<id>127853</id>
<revision>
<id>2660574</id>
<parentid>2659699</parentid>
<timestamp>2022-02-19T19:50:05Z</timestamp>
<contributor>
<username>Leonardo José Raimundo</username>
<id>43489</id>
</contributor>
<comment>Eu estou traduzindo a palavra &quot;xara&quot; para o inglês (rockrose), espanhol (jara), francês (hélianthème), italiano (eliantemo) e alemão (Sonnenröschen).</comment>
<model>wikitext</model>
<format>text/x-wiki</format>
<text bytes="2974" xml:space="preserve">{{ver também|xará|chara}}
[[Imagem:Cistus_ladanifer_in_Almada.jpg|thumb|right|250px|{{centro|Xara}}]]
={{-pt-}}=
==Substantivo&lt;sup&gt;1&lt;/sup&gt;==
{{flex.pt|fs=xara|fp=xaras}}
{{paroxítona|xa|ra}}, {{gramática|f}}
# [[flecha]] de [[madeira]] [[queimado|queimada]]
==Substantivo&lt;sup&gt;2&lt;/sup&gt;==
{{flex.pt|fs=xara|fp=xaras}}
{{paroxítona|xa|ra}}, {{gramática|f}}
# {{escopo|pt|Planta}} arbusto da família [[species:Cistaceae|Cistaceae]], [[esteva]]
# [[certo|certa]] [[casta]] de [[uva]]
===Tradução===
{{tradini}}
* {{trad|de|Sonnenröschen}}
* {{trad|es|jara}}
* {{trad|fr|hélianthème}}
{{tradmeio}}
* {{trad|en|rockrose}}
* {{trad|it|eliantemo}}
* {{trad|nci|tlacotl}}
{{tradfim}}
==={{etimologia|pt}}===
{{llietimo|ar|شعراء|pt|šaʿrāʾ|cabelos, [[mata]]}}
==Anagrama==
&lt;!-- índice para anagramas: pt: aarx --&gt;
# [[raxa]]
[[Categoria:Substantivo (Português)]]
[[Categoria:Entrada com imagem (Português)]]
={{-ast-}}=
==Adjetivo==
'''xara''', {{gramática|f}}; '''xaro''', ''neutro''; '''xaru''', ''masculino''
:{{paroxítona|xa|ra|língua=ast}}
# qualifica de [[claro]] o cabelo ou os olhos de uma pessoa
# [[betar|betado]], listrado de cores várias
# a qualificar uma vaca de pelagem branca e negra; ou de cor [[creme]]
# qualifica uma ovelha com [[pinta]]s negras na cara
# qualifica uma cabra [[pedrês|pedresa]], com pelos brancos e pretos entremeados
==Substantivo==
{{flex.ast|fs=xara|fp=xaras}}
{{paroxítona|xa|ra|língua=gl}}, {{gramática|f|lang=ast}}
# {{escopo|gl|planta}} [[xara#{{pt}}|xara]] (''[[species:Cistus ladanifer|Cistus ladanifer]]'')
# [[barbeito]], terreno agrícola que fica em descanso 
# [[jarra]]
[[Categoria:Adjetivo (Asturiano)]]
[[Categoria:Substantivo (Asturiano)]]
[[Categoria:Entrada com imagem (Asturiano)]]
={{-gl-}}=
==Adjetivo==
{{flex.gl|s=xara|p=xaras}}
{{paroxítona|xa|ra|língua=gl}}
# ardente, cheio de desejo [[sexual]]
==={{PEPB|Sinónimos|Sinônimos|inline=1}}===
* [[jarondo#{{gl}}|jarondo]]
==Substantivo==
{{flex.gl|fs=xara|fp=xaras}}
{{paroxítona|xa|ra|língua=gl}}, {{gramática|f|lang=gl}}
# {{escopo|gl|planta}} [[xara#{{pt}}|xara]] (''[[species:Cistus ladanifer|Cistus ladanifer]]'')
# [[fogueira]], lume, labareda
# [[cardume]] compacto de [[sardinha]]
===Expressão===
* '''fazer-lhe xara''': [[cortejar]], namorar
==={{PEPB|Sinónimos|Sinônimos|inline=1}}===
* De '''3''': [[algareote#{{gl}}|algareote]]
===Verbetes derivados===
* [[xara-macho#{{gl}}|xara-macho]]
* [[xara-moura#{{gl}}|xara-moura]]
=={{etimologia|gl}}==
{{llietimo|ar|شعراء|gl|šaʿrāʾ|cabelos, [[mata]]}}
[[Categoria:Adjetivo (Galego)]]
[[Categoria:Substantivo (Galego)]]
[[Categoria:Entrada com imagem (Galego)]]
={{-mwl-}}=
==Substantivo==
{{flex.mwl|fs=xara|fp=xaras}}
{{paroxítona|xa|ra|língua=mwl}}, {{gramática|f|lang=mwl}}
# {{escopo|mwl|planta}} [[esteva]], ''[[species:Cistus ladanifer|Cistus ladanifer]]''
[[Categoria:Substantivo (Mirandês)]]
[[Categoria:Entrada com imagem (Mirandês)]]</text>
<sha1>498u48ianvj0y00cfmo0eepcc4v1dse</sha1>
</revision>
