<page>
<title>xaranzal</title>
<ns>0</ns>
<id>368723</id>
<revision>
<id>2198787</id>
<timestamp>2016-11-19T08:18:16Z</timestamp>
<contributor>
<username>Cpls</username>
<id>20608</id>
</contributor>
<comment>[[Ajuda:Guia de edição/Menus e ferramentas/Sumário de edição|→]] nova página: ={{-gl-}}= ==Substantivo== {{flex.gl|ms=xaranzal|mp=xaranzais}} {{oxítona|xa|ran|zal|lang=gl}}, {{g|m|lang=g...</comment>
<model>wikitext</model>
<format>text/x-wiki</format>
<text bytes="301" xml:space="preserve">={{-gl-}}=
==Substantivo==
{{flex.gl|ms=xaranzal|mp=xaranzais}}
{{oxítona|xa|ran|zal|lang=gl}}, {{g|m|lang=gl}}
# terreno coberto de [[silva]]s
==={{-varort-}}===
* [[xarancial#{{gl}}|xarancial]]
=={{etimologia|gl}}==
: Confronte-se com ''[[xara#{{gl}}|xara]]''.
[[Categoria:Substantivo (Galego)]]</text>
<sha1>lzk988dxg568an9vk5wrsf5vj12oz9n</sha1>
</revision>
</page>
