<page>
<page>
<title>xarabeada</title>
<ns>0</ns>
<id>373570</id>
<revision>
<id>2232315</id>
<parentid>2232314</parentid>
<timestamp>2017-02-03T12:06:28Z</timestamp>
<contributor>
<username>Cpls</username>
<id>20608</id>
</contributor>
<comment>/* Expressão */</comment>
<model>wikitext</model>
<format>text/x-wiki</format>
<text bytes="763" xml:space="preserve">={{-gl-}}=
==Adjetivo==
{{flex.gl|ms=xarabeado|mp=xarabeados|fs=xarabeada|fp=xarabeadas}}
{{paroxítona|xa|ra|be|a|da|lang=gl}}
# marcada de [[sarda]]s
===Expressão===
* [[cara xarabeada#{{gl}}|cara xarabeada]]
==Substantivo==
{{flex.gl|fs=xarabeada|fp=xarabeadas}}
{{paroxítona|xa|ra|be|a|da|lang=gl}}, {{g|f|lang=gl}}
# {{escopo|gl|Meteorologia}} [[saraivada]] 
==={{-varort-}}===
* [[xaraveada#{{gl}}|xaraveada]]
===Sinónimos===
* [[salabreu#Galego|salabreu]], [[saraivada#Galego|saraivada]], [[saravela#Galego|saravela]], [[saraviada#Galego|saraviada]], [[saravieira#Galego|saravieira]]
=={{etimologia|gl}}==
: Do particípio de ''[[xarabear#{{gl}}|xarabear]]''. Confronte-se com ''[[xalabriada#{{gl}}|xalabriada]].
[[Categoria:Substantivo (Galego)]]</text>
<sha1>31la9p0ui65vdlk6vem6jezbcvw6qp9</sha1>
</revision>
