<page>
<title>xaraiva</title>
<ns>0</ns>
<id>373582</id>
<revision>
<id>2232362</id>
<timestamp>2017-02-03T13:33:05Z</timestamp>
<contributor>
<username>Cpls</username>
<id>20608</id>
</contributor>
<comment>[[Ajuda:Guia de edição/Menus e ferramentas/Sumário de edição|→]] nova página: ={{-gl-}}= ==Substantivo== {{flex.gl|fs=xaraiva|fp=xaraivas}} {{proparoxítona|xa|rai|va|lang=gl}}, {{g|f|lan...</comment>
<model>wikitext</model>
<format>text/x-wiki</format>
<text bytes="454" xml:space="preserve">={{-gl-}}=
==Substantivo==
{{flex.gl|fs=xaraiva|fp=xaraivas}}
{{proparoxítona|xa|rai|va|lang=gl}}, {{g|f|lang=gl}}
# {{escopo|gl|Meteorologia}} [[saraiva]]
# {{escopo|gl|Meteorologia}} [[brisa]] {{o/a|salin}} proveniente do mar {{o/a|daninh}}
# {{escopo2|por extensão}} [[ar]] que dana os frutos
==={{-varort-}}===
* De '''1''': [[saraiva#Galego|saraiva]], [[sarávia#Galego|sarávia]], [[xarávia#Galego|xarávia]]
[[Categoria:Substantivo (Galego)]]</text>
<sha1>euqid0y4j24tjkj6ubvihajq5xb1297</sha1>
</revision>
</page>
