<page>
<title>xarapulhas</title>
<ns>0</ns>
<id>404630</id>
<revision>
<id>2530853</id>
<parentid>2530841</parentid>
<timestamp>2019-01-01T19:20:57Z</timestamp>
<contributor>
<username>Cpls</username>
<id>20608</id>
</contributor>
<comment>/* {{-varort-}} */</comment>
<model>wikitext</model>
<format>text/x-wiki</format>
<text bytes="498" xml:space="preserve">={{-gl-}}=
==Substantivo==
{{flex.gl|fs=-|fp=xarapulhas}}
{{paroxítona|xa|ra|pu|lhas|língua=gl}}, {{g|fp|lang=gl}}
# {{escopo|gl|Medicina}} [[impigem#Português|impigem]], erupção cutânea
==={{-varort-}}===
* [[sarabulhaço#{{gl}}|sarabulhaço]], [[sarapulha#{{gl}}|sarapulha]], [[xarapulho#{{gl}}|xarapulho]]
=={{etimologia|gl}}==
: Da mesma origem que [[sarabulho]]. Confronte-se com ''[[xarapar#{{gl}}|xarapar]]''
[[Categoria:Substantivo (Galego)]]
[[Categoria:Pluralia tantum (Galego)]]</text>
<sha1>4b8sojm9bbff2sdzutmo8hu999wrlbf</sha1>
</revision>
</page>
