<page>
<page>
<title>xarapar</title>
<ns>0</ns>
<id>387555</id>
<revision>
<id>2468206</id>
<parentid>2468205</parentid>
<timestamp>2017-12-08T11:45:57Z</timestamp>
<contributor>
<username>Cpls</username>
<id>20608</id>
</contributor>
<comment>/* {{-gl-}} */</comment>
<model>wikitext</model>
<format>text/x-wiki</format>
<text bytes="234" xml:space="preserve">={{-gl-}}=
==Verbo==
{{oxítona|xa|ra|par|lang=gl}}
# {{escopo|gl|Meteorologia}} cair [[pancada]] de chuva, cair um [[chuvasco]]
=={{etimologia|gl}}==
: Confronte-se com ''[[xaravear#{{gl}}|xaravear]]''.
[[Categoria:Verbo (Galego)]]</text>
<sha1>lqcmxtfijb7sm3wbo26a0r2i7zghgyu</sha1>
</revision>
