<page>
<title>xaramagu</title>
<ns>0</ns>
<id>425840</id>
<revision>
<id>2594807</id>
<timestamp>2020-08-23T14:10:45Z</timestamp>
<contributor>
<username>Cpls</username>
<id>20608</id>
</contributor>
<comment>[[Ajuda:Guia de edição/Menus e ferramentas/Sumário de edição|→]] nova página: ={{-ast-}}= ==Substantivo== {{flex.ast|ms=xaramagu|mp=xaramagos}} {{paroxítona|xa|ra|ma|gu|lang=ast}}, {{gra...</comment>
<model>wikitext</model>
<format>text/x-wiki</format>
<text bytes="438" xml:space="preserve">={{-ast-}}=
==Substantivo==
{{flex.ast|ms=xaramagu|mp=xaramagos}}
{{paroxítona|xa|ra|ma|gu|lang=ast}}, {{gramática|m|lang=ast}}
# {{escopo|ast|Planta}} [[saramago]] (''[[species:Raphanus raphanistrum|Raphanus raphanistrum]]'')
# [[maleza]], plantas de menor aproveitamento agro-pastoral
# tecido com [[cor]]es revoltas
=={{etimologia|ast}}==
: Confronte-se com o mirandês {{etimo|mwl|xaramago}}.
[[Categoria:Substantivo (Asturiano)]]</text>
<sha1>1mg6sve68fw5kvjsayw47dtyz22oebc</sha1>
</revision>
</page>
