<page>
<title>xardão</title>
<ns>0</ns>
<id>301390</id>
<revision>
<id>2658512</id>
<parentid>2646607</parentid>
<timestamp>2022-01-23T11:08:50Z</timestamp>
<contributor>
<username>Cpls</username>
<id>20608</id>
</contributor>
<comment>/* {{etimologia|gl}} */</comment>
<model>wikitext</model>
<format>text/x-wiki</format>
<text bytes="1173" xml:space="preserve">={{-gl-}}=
==Substantivo&lt;sup&gt;1&lt;/sup&gt;==
{{flex.gl|ms=xardão|mp=xardões}}
{{oxítona|xar|dão|lang=gl}}, {{g|m|lang=gl}}
# {{escopo|gl|Árvore}} [[azevinho]] (''[[species:Ilex aquifolium|Ilex aquifolium]]'')
# {{escopo|gl|Árvore}} [[espinho]] de flor branca
# {{escopo|gl|Árvore}} [[azinheira]] quando nova em forma de [[chaparro]]
===Sinônimos===
* De '''1''': [[axivo#Galego|axivo]], [[azivro#Galego|azivro]], [[sardão#Galego|sardão]]
==={{etimologia|gl}}===
: {{escopo|Morfologia}} De ''[[xarda#{{gl}}|xarda]]'' ou ''[[xardo#{{gl}}|xardo]]'' + ''[[-ão#{{gl}}|-ão]]''. Confronte-se com o grego antigo {{etimo|grc|σᾰρωνῐ́ς}} ''(sarōnís)'' &quot;[[carvalho]] velho&quot;, com o francês {{etimo|fr|chardon}}.
==Substantivo&lt;sup&gt;2&lt;/sup&gt;==
{{flex.gl|ms=xardão|mp=xardões}}
{{oxítona|xar|dão|lang=gl}}, {{g|m|lang=gl}}
# {{escopo|gl|Peixe}} [[atuarro]], [[atum]] da espécie ''[[species:Thunnus thynnus|Thunnus thynnus]]''
===Sinônimos===
* Vide em [[atum#{{gl}}|atum]]
==={{etimologia|gl}}===
: {{escopo|Morfologia}} De ''[[xarda#{{gl}}|xarda]]'' + ''[[-ão#{{gl}}|-ão]]''.
=={{pronúncia|gl}}==
* [[AFI]]: /ʃar.'doŋ/
[[Categoria:Substantivo (Galego)]]</text>
<sha1>0ukiqmumu1c38yx1n7mgz326xiqkock</sha1>
</revision>
</page>
