<page>
<page>
<title>xardeira</title>
<ns>0</ns>
<id>412114</id>
<revision>
<id>2550131</id>
<timestamp>2019-07-24T09:15:47Z</timestamp>
<contributor>
<username>Cpls</username>
<id>20608</id>
</contributor>
<comment>[[Ajuda:Guia de edição/Menus e ferramentas/Sumário de edição|→]] nova página: ={{-gl-}}= ==Substantivo== {{flex.gl|fs=xardeira|fp=xardeiras}} {{paroxítona|lang=gl|xar|dei|ra}}, {{g|f|lan...</comment>
<model>wikitext</model>
<format>text/x-wiki</format>
<text bytes="397" xml:space="preserve">={{-gl-}}=
==Substantivo==
{{flex.gl|fs=xardeira|fp=xardeiras}}
{{paroxítona|lang=gl|xar|dei|ra}}, {{g|f|lang=gl}}
# {{escopo|gl|Árvore}} [[azevinho]] (''[[species:Ilex aquifolium|Ilex aquifolium]]'') 
===Sinônimos===
* Vide em [[axivo#{{gl}}|axivo]]
=={{etimologia|gl}}==
: {{escopo|Morfologia}} De ''[[xardo#{{gl}}|xardo]]'' + ''[[-eira#{{gl}}|-eira]]''.
[[Categoria:Substantivo (Galego)]]</text>
<sha1>424qzl9g3nhrsox00xntt37x7oeo3ep</sha1>
</revision>
