<page>
<title>xardu</title>
<ns>0</ns>
<id>374249</id>
<revision>
<id>2236212</id>
<timestamp>2017-02-11T11:34:18Z</timestamp>
<contributor>
<username>Cpls</username>
<id>20608</id>
</contributor>
<comment>[[Ajuda:Guia de edição/Menus e ferramentas/Sumário de edição|→]] nova página: ={{-ast-}}= ==Substantivo== {{flex.gl|ms=xardu|mp=xardos}} {{paroxítona|lang=ast|xar|du}}, {{g|m|lang=ast}}...</comment>
<model>wikitext</model>
<format>text/x-wiki</format>
<text bytes="372" xml:space="preserve">={{-ast-}}=
==Substantivo==
{{flex.gl|ms=xardu|mp=xardos}}
{{paroxítona|lang=ast|xar|du}}, {{g|m|lang=ast}}
# {{escopo|ast|Árvore}} [[azevinho]] (''[[wikispecies:Ilex aquifolium|Ilex aquifolium]]'') 
=={{etimologia|ast}}==
: Cognato do galego ''[[xardo#{{gl}}|xardo]]''. Confronte-se com {{etimo|ast|xarda}} e {{etimo|ast|sardu}}.
[[Categoria:Substantivo (Asturiano)]]</text>
<sha1>hzhf65kb8jmlkkoql3avui50ug1fnr4</sha1>
</revision>
</page>
