<page>
<page>
<title>xardas</title>
<ns>0</ns>
<id>390053</id>
<revision>
<id>2475476</id>
<timestamp>2018-01-07T21:08:50Z</timestamp>
<contributor>
<username>Imivorn</username>
<id>64513</id>
</contributor>
<comment>[[Ajuda:Guia de edição/Menus e ferramentas/Sumário de edição|→]] nova página: ={{-mwl-}}= ==Forma de substantivo== {{paroxítona|xar|das|língua=mwl}} # plural de '''xarda#{{mwl}}|xarda...</comment>
<model>wikitext</model>
<format>text/x-wiki</format>
<text bytes="162" xml:space="preserve">={{-mwl-}}=
==Forma de substantivo==
{{paroxítona|xar|das|língua=mwl}}
# plural de '''[[xarda#{{mwl}}|xarda]]'''
[[Categoria:Forma de substantivo (Mirandês)]]</text>
<sha1>oq5l7df7ragu3vcanc9bx1ik7tk2b03</sha1>
</revision>
