<page>
<title>xardoeira</title>
<ns>0</ns>
<id>332263</id>
<revision>
<id>1868073</id>
<timestamp>2014-10-20T05:19:09Z</timestamp>
<contributor>
<username>Cpls</username>
<id>20608</id>
</contributor>
<comment>[[Ajuda:Guia de edição/Menus e ferramentas/Sumário de edição|→]] nova página: ={{-gl-}}= ==Substantivo== {{flex.gl|fs=xardoeira|fp=xardoeiras}} {{paroxítona|xar|do|ei|ra|lang=gl}}, {{m}}...</comment>
<model>wikitext</model>
<format>text/x-wiki</format>
<text bytes="395" xml:space="preserve">={{-gl-}}=
==Substantivo==
{{flex.gl|fs=xardoeira|fp=xardoeiras}}
{{paroxítona|xar|do|ei|ra|lang=gl}}, {{m}}
# lugar onde há muitos [[azevinho]]s
===Sinônimos===
* [[zebreiro#Galego|zebreiro]]
=={{etimologia|gl}}==
: {{escopo|Morfologia}} Derivada do [[galego]] ''[[xardão#Galego|xardão]]'' ([[azevinho]]) + [[-eira]].
[[Categoria:Substantivo (Galego)]]
[[Categoria:Botânica (Galego)]]</text>
<sha1>ohl1ejgbvlxjse893qxc6i3pe3qgh6c</sha1>
</revision>
</page>
