<page>
<page>
<title>xardoso</title>
<ns>0</ns>
<id>298512</id>
<revision>
<id>1466156</id>
<timestamp>2012-09-19T10:39:30Z</timestamp>
<contributor>
<username>Cpls</username>
<id>20608</id>
</contributor>
<comment>[[Ajuda:Guia de edição/Menus e ferramentas/Sumário de edição|→]] nova página: ={{-pt-}}= ==Adjetivo== {{flex.pt|ms=xardoso|mp=xardosos|fs=xardosa|fp=xardosas}} {{paroxítona|xar|do|so}} #...</comment>
<model>wikitext</model>
<format>text/x-wiki</format>
<text bytes="343" xml:space="preserve">={{-pt-}}=
==Adjetivo==
{{flex.pt|ms=xardoso|mp=xardosos|fs=xardosa|fp=xardosas}}
{{paroxítona|xar|do|so}}
# que tem [[xarda]]s, que tem [[efélide]]s
===Sinônimo===
* [[sardento]]
=={{etimologia|pt}}==
: {{escopo|Morfologia}} De [[xarda]] + [[-oso]].
==Ver também==
===No Wikcionário===
* [[xardo]]
[[Categoria:Adjetivo (Português)]]</text>
<sha1>6kmry9a7ct33ha2cri4tgnz164vw51b</sha1>
</revision>
