<page>
<page>
<title>xarda</title>
<ns>0</ns>
<id>298511</id>
<revision>
<id>2548976</id>
<parentid>2475477</parentid>
<timestamp>2019-07-08T06:44:51Z</timestamp>
<contributor>
<username>Cpls</username>
<id>20608</id>
</contributor>
<comment>/* {{-gl-}} */</comment>
<model>wikitext</model>
<format>text/x-wiki</format>
<text bytes="2289" xml:space="preserve">[[Imagem:Scomber scombrus.jpg|thumb|200px|right|&lt;center&gt;Xarda ''(S. scombrus)''&lt;/center&gt;]]
={{-pt-}}=
==Adjetivo==
{{flex.pt|ms=xardo|mp=xardos|fs=xarda|fp=xardas}}
{{paroxítona|xar|da}}
# {{escopo|pt|Trás-os-Montes}} [[alcunha]] que se dá às [[judeu|judias]]
==Substantivo==
{{flex.pt|fs=xarda|fp=xardas}}
{{paroxítona|xar|da}}, {{g|f}}
# {{escopo|pt|Peixe}} [[peixe]] perciforme, da família dos escombrídeos (''[[species:Sarda sarda|Sarda sarda]]'' ou ''[[species:Scomber scombrus|Scomber scombrus]]''), pelágico, do oceano Atlântico, de corpo robusto e fusiforme, dorso azul com faixas oblíquas escuras, ventre branco e nadadeira caudal muito furcada; serra, serra-comum, serra-de-escama
# {{escopo|pt|Regionalismo}} [[sarda]], [[efélide]]
===Sinônimos===
* De '''1''': [[sarda]], [[cavala]]
==={{etimologia|pt}}===
: Do grego ''sárda, és'' &quot;espécie de peixe&quot;, pelo {{etm|la|pt}} {{etimo|la|sarda}}, ''ae'' &quot;[[id.]]&quot;.
==Ver também==
===No Wikcionário===
* [[sardão]]
[[Categoria:Substantivo (Português)]]
[[Categoria:Adjetivo (Português)]]
={{-ast-}}=
==Substantivo==
{{flex.ast|fs=xarda|fp=xardes}}
{{paroxítona|lang=ast|xar|da}}, {{g|f|lang=ast}}
# {{escopo|ast|Peixe}} [[xarda#Português|xarda]] (''[[species:Scomber scombrus|Scomber scombrus]]'') 
[[Categoria:Substantivo (Asturiano)]]
={{-gl-}}=
==Substantivo==
{{flex.gl|fs=xarda|fp=xardas}}
{{paroxítona|lang=gl|xar|da}}, {{g|f|lang=gl}}
# {{escopo|gl|Peixe}} [[xarda#{{pt}}|xarda]], especificamente o ''[[species:Scomber scombrus|Scomber scombrus]]''; por extensão também o ''[[species:Scomber colias|Scomber colias]]''
# [[xarda#{{pt}}|xarda]], [[efélide]]
# {{escopo|gl|Planta}} ''[[species:Ruscus aculeatus|Ruscus aculeatus]]'', [[gilbardeira]]
# [[vergôntea]], renovo de árvore; [[verdasca]], vara fina e flexível que serve para atar
==Ver também==
===No Wikcionário===
* [[járdia]]
[[Categoria:Substantivo (Galego)]]
={{-mwl-}}=
==Substantivo==
{{flex.mwl|fs=xarda|fp=xardas}}
{{paroxítona|lang=mwl|xar|da}}, {{g|f|lang=mwl}}
# {{escopo|mwl|Peixe}} peixe de rio, ciprinídeo da espécie ''[[species:Achondrostoma arcasii|Achondrostoma arcasii]]''
# [[sarda]], [[efélide]]
[[Categoria:Substantivo (Mirandês)]]
[[en:xarda]]
[[fi:xarda]]
[[gl:xarda]]
[[pl:xarda]]
[[ru:xarda]]</text>
<sha1>j4a64y313zd6wl1uta0umjoeuyqwmks</sha1>
</revision>
