<page>
<title>xarela</title>
<ns>0</ns>
<id>373909</id>
<revision>
<id>2496241</id>
<parentid>2234223</parentid>
<timestamp>2018-04-13T12:43:14Z</timestamp>
<contributor>
<ip>2620:0:105F:13:B7D2:2400:EE1B:B3A</ip>
</contributor>
<comment>typo</comment>
<model>wikitext</model>
<format>text/x-wiki</format>
<text bytes="755" xml:space="preserve">={{-gl-}}=
==Adjetivo==
{{flex.gl|ms=xarelo|mp=xarelos|fs=xarela|fp=xarelas}}
{{paroxítona|xa|re|la|lang=gl}}
# {{o/a|descarad}}, que tem pouca vergonha, alvorotadora
# [[doidivanas]], que não tem critério nem firmeza no que diz ou no que faz
# que é [[fraco|fraca]] e de pouco peso
# a falar de uma criança que é [[alegre]] e {{o/a|vivarach}}
# {{escopo|gl|pejorativo}} referido o à mulher considerada {{o/a|promíscu}}, que anda muito atrás de homens
==Substantivo==
{{flex.gl|fs=xarela|fp=xarelas}}
{{paroxítona|xa|re|la|lang=gl}}, {{g|f|lang=gl}}
# [[bebedeira]]
=={{etimologia|gl}}==
: Confronte-se com ''[[xara#{{gl}}|xara]]'', ''[[garela#{{gl}}|garela]]'' e [[xarola]].
[[Categoria:Adjetivo (Galego)]]
[[Categoria:Substantivo (Galego)]]</text>
<sha1>5ti87nlo632zjr0uov9147g5s4oev2j</sha1>
</revision>
</page>
