<page>
<title>xareia</title>
<ns>0</ns>
<id>370177</id>
<revision>
<id>2588229</id>
<parentid>2210177</parentid>
<timestamp>2020-05-18T00:51:30Z</timestamp>
<contributor>
<username>ValJor</username>
<id>1358</id>
</contributor>
<comment>Corrigindo o uso da predefinição llietimo para tirar o verbete da Categoria:Entrada de étimo latino e colocá-lo na Categoria:Entrada de étimo latino (Galego)</comment>
<model>wikitext</model>
<format>text/x-wiki</format>
<text bytes="546" xml:space="preserve">={{-gl-}}=
==Substantivo==  
{{flex.gl|fs=xareia|fp=xareias}}
{{paroxítona|xa|rei|a|lang=gl}}, {{g|f|lang=gl}}
# {{escopo|gl|Mamífero}} [[morsa]], (''[[species:Odobenus rosmanus|Odobenus rosmanus]]'')
===Sinónimos===
* [[cereia#Galego|cereia]], [[peixe-mulher#Galego|peixe-mulher]], [[vaca#Galego|vaca]], [[vaca-marinha#Galego|vaca-marinha]], [[xereia#Galego|xereia]], [[xireia#Galego|xireia]]
=={{etimologia|gl}}==
{{llietimo|la|sirena|gl}}
=={{pronúncia|gl}}==
* [[AFI]]: /ʃa.'ɾei.a/ ou /ʃa.'ɾe.a/
[[Categoria:Substantivo (Galego)]]</text>
<sha1>3j1ca2sz14j7qkcjdanaslqeq1hhwd5</sha1>
</revision>
</page>
