<page>
<title>xarelete</title>
<ns>0</ns>
<id>429316</id>
<revision>
<id>2605350</id>
<timestamp>2020-12-23T21:51:19Z</timestamp>
<contributor>
<username>Yone Fernandes</username>
<id>11532</id>
</contributor>
<comment>[[Ajuda:Guia de edição/Menus e ferramentas/Sumário de edição|→]] nova página: {{Wikipédia|lang=pt}} ={{-pt-}}= ==Substantivo== {{flex.pt|ms=xarelete|mp=xareletes}} {{paroxítona|xa|re|le...</comment>
<model>wikitext</model>
<format>text/x-wiki</format>
<text bytes="635" xml:space="preserve">{{Wikipédia|lang=pt}}
={{-pt-}}=
==Substantivo==
{{flex.pt|ms=xarelete|mp=xareletes}}
{{paroxítona|xa|re|le|te}}, {{gramática|m}}
# {{escopo|pt|Peixe}} [[designação]] [[comum]] a três [[espécies]] de [[peixes]] [[teleósteo]]s [[w:perciformes|perciformes]], da [[família]] dos [[w:carangídeos|carangídeos]], do gênero ''Caranx'':
##[[w:Caranx crysos|''Caranx crysos'']]
##[[w:Caranx hippos|''Caranx hippos'']] 
##[[w:Caranx latus|''Caranx latus'']]
== {{etimologia|pt}} ==
:De [[xaréu]] + -ete, o '''u''' tomado como '''l'''.&lt;ref&gt;{{Houaiss}}&lt;/ref&gt;
== Referências ==
&lt;references /&gt;
[[Categoria:Substantivo (Português)]]</text>
<sha1>6vi1thhijqi3p0lnh96gtdss00i9dzs</sha1>
</revision>
</page>
