<page>
<title>xareal</title>
<ns>0</ns>
<id>368912</id>
<revision>
<id>2199923</id>
<timestamp>2016-11-23T11:38:29Z</timestamp>
<contributor>
<username>Cpls</username>
<id>20608</id>
</contributor>
<comment>[[Ajuda:Guia de edição/Menus e ferramentas/Sumário de edição|→]] nova página: ={{-gl-}}= ==Substantivo== {{flex.gl|ms=xareal|mp=xareais}} {{oxítona|xa|re|al|lang=gl}}, {{g|m|lang=gl}} #...</comment>
<model>wikitext</model>
<format>text/x-wiki</format>
<text bytes="453" xml:space="preserve">={{-gl-}}=
==Substantivo==
{{flex.gl|ms=xareal|mp=xareais}}
{{oxítona|xa|re|al|lang=gl}}, {{g|m|lang=gl}}
# [[terreno]] de areia má qualidade para a [[agricultura]] 
===Sinónimos===
* [[xaraleiroa#{{gl}}|xaraleiroa]], [[xarancial#{{gl}}|xarancial]], [[xaredo#{{gl}}|xaredo]], [[zaranzal#{{gl}}|zaranzal]]
=={{etimologia|gl}}==
: Confronte-se com ''[[xara#{{gl}}|xara]]'' e ''[[saranqueiro#{{gl}}|saranqueiro]]''.
[[Categoria:Substantivo (Galego)]]</text>
<sha1>lkapa3wu6luaw0jdo7fnvsg909uemek</sha1>
</revision>
</page>
