<page>
<page>
<title>xargão</title>
<ns>0</ns>
<id>401455</id>
<revision>
<id>2522133</id>
<timestamp>2018-10-11T12:47:28Z</timestamp>
<contributor>
<username>Cpls</username>
<id>20608</id>
</contributor>
<comment>[[Ajuda:Guia de edição/Menus e ferramentas/Sumário de edição|→]] nova página: ={{-gl-}}= ==Substantivo== {{flex.gl|fs=xargão|fp=xargões}} {{paroxítona|xar|gão|lang=gl}}, {{g|f|lang=gl...</comment>
<model>wikitext</model>
<format>text/x-wiki</format>
<text bytes="417" xml:space="preserve">={{-gl-}}=
==Substantivo==
{{flex.gl|fs=xargão|fp=xargões}}
{{paroxítona|xar|gão|lang=gl}}, {{g|f|lang=gl}}
# [[enxergão]], colchão feito de folha de milho ou palha
==={{-varort-}}===
* [[xergão#{{gl}}|xergão]]
=={{etimologia|gl}}==
: Aparentada com o latim {{etimo|la|serica}}. Confronte-se com ''[[xarga#{{gl}}|xarga]]''.
=={{pronúncia|gl}}==
* [[AFI]]: /ʃaɾ.'goŋ/
[[Categoria:Substantivo (Galego)]]</text>
<sha1>dia2nvhhr4egteypm82umuff0p9yh45</sha1>
</revision>
