<page>
<title>xarga</title>
<ns>0</ns>
<id>401456</id>
<revision>
<id>2568836</id>
<parentid>2568827</parentid>
<timestamp>2019-12-27T13:02:38Z</timestamp>
<contributor>
<username>Cpls</username>
<id>20608</id>
</contributor>
<comment>/* {{etimologia|gl}} */</comment>
<model>wikitext</model>
<format>text/x-wiki</format>
<text bytes="817" xml:space="preserve">={{-gl-}}=
==Substantivo&lt;sup&gt;1&lt;/sup&gt;==
{{flex.gl|fs=xarga|fp=xargas}}
{{paroxítona|xar|ga|lang=gl}}, {{g|f|lang=gl}}
# [[tecido]] grosso
# teia tecida [[obliquamente]]
# espécie de [[manta]] de abrigo usada quando se monta a cavalo
==={{-varort-}}===
* De '''1''': [[xerga#{{gl}}|xerga]]
* De '''2''': [[sarga#{{gl}}|sarga]]
==={{etimologia|gl}}===
: Aparentada com o latim {{etimo|la|serica}} ou variante de ''[[xerga#{{gl}}|xerga]]'', confronte-se com ''[[xargão#{{gl}}|xargão]]'' e ''[[enxirgar#{{gl}}|enxirgar]]''.
==Substantivo&lt;sup&gt;2&lt;/sup&gt;==
{{flex.gl|fs=xarga|fp=xargas}}
{{paroxítona|xar|ga|lang=gl}}, {{g|f|lang=gl}}
# [[charca]], poça extensa de água
==={{etimologia|gl}}===
: Confronte-se com ''[[sarga#{{gl}}|sarga]]''.
==Homófono==
* [[jarga#{{gl}}|jarga]]
[[Categoria:Substantivo (Galego)]]</text>
<sha1>39sbc82k7iabp2xupts15tuzywj6sg6</sha1>
</revision>
</page>
