<page>
<title>xaringa</title>
<ns>0</ns>
<id>390047</id>
<revision>
<id>2475467</id>
<timestamp>2018-01-07T20:50:16Z</timestamp>
<contributor>
<username>Imivorn</username>
<id>64513</id>
</contributor>
<comment>[[Ajuda:Guia de edição/Menus e ferramentas/Sumário de edição|→]] nova página: [[Imagem:Syringe_with_needle_and_needle_cap.jpeg|thumb|300px|&lt;center&gt;xaringa&lt;/center&gt;]]   ={{-mwl-}}= ==Subst...</comment>
<model>wikitext</model>
<format>text/x-wiki</format>
<text bytes="416" xml:space="preserve">[[Imagem:Syringe_with_needle_and_needle_cap.jpeg|thumb|300px|&lt;center&gt;xaringa&lt;/center&gt;]]
={{-mwl-}}=
==Substantivo==
{{flex.mwl|fs=xaringa|fp=xaringas}}
{{paroxítona|xa|rin|ga|língua=mwl}}, {{f}}
# [[seringa]]
==={{-varort-}}===
* {{link opcional|xeringa|mwl}}
[[Categoria:Substantivo (Mirandês)]]
[[Categoria:Objeto (Mirandês)]]
[[Categoria:Medicina (Mirandês)]]
[[Categoria:Entrada com imagem (Mirandês)]]</text>
<sha1>6tyxvoc4ml77zbyiur1wu0pgn4xod9t</sha1>
</revision>
</page>
