<page>
<title>xariá</title>
<ns>0</ns>
<id>378439</id>
<revision>
<id>2391315</id>
<parentid>2391314</parentid>
<timestamp>2017-05-09T04:50:19Z</timestamp>
<contributor>
<username>Askekamo</username>
<id>60711</id>
</contributor>
<model>wikitext</model>
<format>text/x-wiki</format>
<text bytes="340" xml:space="preserve">={{-pt-}}=
==Substantivo==
{{flex.pt|fs=xariá|fp=xariás}}
{{oxítona|xa|ri|á}}, {{gramática|f}}
# lei islâmica; código religioso dos muçulmanos
===Sinônimos===
De '''1''':
{{verTambém.Ini}}
* [[xaria]]
{{verTambém.NovaColuna}}
* {{escopo2|estrangeirismo}} ''[[sharia]]''
{{verTambém.Fim}}
[[Categoria:Substantivo (Português)]]</text>
<sha1>0m9znowlzplrvznlbeg7bwne59zyo0q</sha1>
</revision>
</page>
