<page>
<page>
<title>xaropámos</title>
<ns>0</ns>
<id>308898</id>
<revision>
<id>2247882</id>
<parentid>1645048</parentid>
<timestamp>2017-03-03T20:12:33Z</timestamp>
<contributor>
<username>ValJor</username>
<id>1358</id>
</contributor>
<comment>Trocando predefinição escopo por escopo2</comment>
<model>wikitext</model>
<format>text/x-wiki</format>
<text bytes="268" xml:space="preserve">={{-pt-}}=
==Forma verbal==
{{paroxítona|xa|ro|pá|mos}}
# {{escopo2|grafia lusitana}} primeira pessoa do plural do pretérito perfeito do modo indicativo do verbo [[xaropar]]
{{avi-for-fle|xaropar}}
[[Categoria:Forma verbal (Português)]]
[[Categoria:Lusitanismo]]</text>
<sha1>bv40mlgfskx2t2owliml56f3362a7p4</sha1>
</revision>
