<page>
<title>xarote</title>
<ns>0</ns>
<id>404750</id>
<revision>
<id>2531222</id>
<timestamp>2019-01-03T22:25:02Z</timestamp>
<contributor>
<username>Cpls</username>
<id>20608</id>
</contributor>
<comment>[[Ajuda:Guia de edição/Menus e ferramentas/Sumário de edição|→]] nova página: ={{-gl-}}= ==Substantivo== {{flex.gl|ms=xarote|mp=xarotes}} {{paroxítona|xa|ro|te|lang=gl}}, {{g|m|lang=gl}}...</comment>
<model>wikitext</model>
<format>text/x-wiki</format>
<text bytes="310" xml:space="preserve">={{-gl-}}=
==Substantivo==
{{flex.gl|ms=xarote|mp=xarotes}}
{{paroxítona|xa|ro|te|lang=gl}}, {{g|m|lang=gl}}
# {{escopo|gl|pejorativo}} dá nome a aquele homem [[alto]]
=={{etimologia|gl}}==
: Confronte-se com ''[[xaroto#{{gl}}|xaroto]]'' e ''[[garouto#{{gl}}|garouto]]''.
[[Categoria:Substantivo (Galego)]]</text>
<sha1>n1u5kj3pafiagdxh43667q94u4yl0dl</sha1>
</revision>
</page>
