<page>
<page>
<title>xaropa</title>
<ns>0</ns>
<id>324086</id>
<revision>
<id>2095492</id>
<parentid>1822214</parentid>
<timestamp>2016-05-01T14:03:08Z</timestamp>
<contributor>
<username>Cpls</username>
<id>20608</id>
</contributor>
<comment>/* {{etimologia|gl}} */</comment>
<model>wikitext</model>
<format>text/x-wiki</format>
<text bytes="468" xml:space="preserve">={{-gl-}}=
==Substantivo==
{{flex.gl|fs=xaropa|fp=xaropas}}
{{paroxítona|xa|ro|pa|lang=gl}}, {{f}}
# [[leite]] [[coalhar|coalhado]]
# [[mistura]] de líquidos
===Variantes===
: '''De 1:'''
* [[xaropo]]
=={{etimologia|gl}}==
: Aparentada, da mesma raiz que [[xarope]], do latim medieval ''syrupus, sirupus'', do árabe ''sarap''. Cognato do galego ''[[xiropa#Galego|xiropa]]''.
==Ver também==
===No Wikcionário===
* [[jeropia]]
[[Categoria:Substantivo (Galego)]]</text>
<sha1>kz7bh5xchck7iird6ewgntgaacwrzlk</sha1>
</revision>
