<page>
<page>
<title>xaroto</title>
<ns>0</ns>
<id>404749</id>
<revision>
<id>2531221</id>
<timestamp>2019-01-03T22:16:51Z</timestamp>
<contributor>
<username>Cpls</username>
<id>20608</id>
</contributor>
<comment>[[Ajuda:Guia de edição/Menus e ferramentas/Sumário de edição|→]] nova página: ={{-ast-}}= ==Adjetivo== '''xaroto''', ''neutro''; '''xarota''', ''feminino''; '''xarotu''', ''masculino'' :{...</comment>
<model>wikitext</model>
<format>text/x-wiki</format>
<text bytes="708" xml:space="preserve">={{-ast-}}=
==Adjetivo==
'''xaroto''', ''neutro''; '''xarota''', ''feminino''; '''xarotu''', ''masculino''
:{{paroxítona|xa|ro|to|lang=ast}}
# [[inábil]], [[lerdo]], esturvinhado
==={{-varort-}}===
* [[xarouto#{{ast}}|xarouto]]
[[Categoria:Adjetivo (Asturiano)]]
={{-gl-}}=
==Adjetivo==
{{flex.gl|s=xaroto|p=xarotos}}
{{paroxítona|xa|ro|to|lang=gl}}, {{g|c2g|lang=gl}}
# [[esquivo]], [[irritável]], pouco sociável, arisco
==={{-varort-}}===
* [[jaroto#{{gl}}|jaroto]]
===Sinónimos===
* [[garoto#{{gl}}|garoto]], [[garouto#{{gl}}|garouto]], [[jarouto#{{gl}}|jarouto]], [[xoto#Galego|xoto]]
=={{etimologia|gl}}==
: Confronte-se com ''[[xarote#{{gl}}|xarote]]''.
[[Categoria:Substantivo (Galego)]]</text>
<sha1>487ozw83pft5k5opcilaqds766e1ima</sha1>
</revision>
