<page>
<title>xaropar</title>
<ns>0</ns>
<id>311149</id>
<revision>
<id>2414371</id>
<parentid>1654671</parentid>
<timestamp>2017-05-26T08:45:47Z</timestamp>
<contributor>
<username>Cpls</username>
<id>20608</id>
</contributor>
<model>wikitext</model>
<format>text/x-wiki</format>
<text bytes="659" xml:space="preserve">={{-pt-}}=
==Verbo==
{{oxítona|xa|ro|par}}
# [[tratar]] com [[xarope]]
===Conjugação===
{{conj/pt|xarop|ar}}
=={{etimologia|pt}}==
: {{escopo|Morfologia}} [[xarope]] + [[-ar]].
[[Categoria:Verbo (Português)]]
={{-gl-}}=
{{oxítona|xa|ro|par|lang=gl}}, {{g|trans|pron|lang=gl}}
# [[xaropar#{{gl}}|xaropar]]; dar [[xarope]], licor ou medicina
# [[tomar]] xarope, licor ou medicina
# fabricar ou usar [[xarope]]s
===Sinónimos===
* De '''1''': [[enxaropar#{{gl}}|enxaropar]]
* De '''3''': [[xaropear#{{gl}}|xaropear]]
=={{etimologia|gl}}==
: {{escopo|Morfologia}} De ''[[xarope#{{gl}}|xarope]]'' + ''[[-ar#{{gl}}|-ar]]''.
[[Categoria:Verbo (Galego)]]</text>
<sha1>lvp1pi5zi0kv5adqb6rcrcvwe1oaasr</sha1>
</revision>
</page>
