<page>
<title>xaropear</title>
<ns>0</ns>
<id>315103</id>
<revision>
<id>2414370</id>
<parentid>1683809</parentid>
<timestamp>2017-05-26T08:45:43Z</timestamp>
<contributor>
<username>Cpls</username>
<id>20608</id>
</contributor>
<model>wikitext</model>
<format>text/x-wiki</format>
<text bytes="535" xml:space="preserve">={{-pt-}}=
==Verbo==
{{oxítona|xa|ro|pe|ar}}
# [[causar]] [[tédio]]
===Sinônimo===
* [[xaropar]]
===Conjugação===
{{conj/pt|xarop|ear}}
=={{etimologia|gl}}==
: {{escopo|Morfologia}} De [[xarope]] + [[-ear]].
[[Categoria:Verbo (Português)]]
={{-gl-}}=
{{oxítona|xa|ro|pe|ar|lang=gl}}, {{g|trans|pron|lang=gl}}
# fabricar ou usar [[xarope]]s
===Sinónimo===
* [[xaropar#{{gl}}|xaropar]]
=={{etimologia|gl}}==
: {{escopo|Morfologia}} De ''[[xarope#{{gl}}|xarope]]'' + ''[[-ear#{{gl}}|-ear]]''.
[[Categoria:Verbo (Galego)]]</text>
<sha1>t6r64153m0q2usi9wl8wct7auv8c9bm</sha1>
</revision>
</page>
