<page>
<page>
<title>xaropeámos</title>
<ns>0</ns>
<id>308899</id>
<revision>
<id>2247885</id>
<parentid>1645050</parentid>
<timestamp>2017-03-03T20:18:55Z</timestamp>
<contributor>
<username>ValJor</username>
<id>1358</id>
</contributor>
<comment>Trocando predefinição escopo por escopo2</comment>
<model>wikitext</model>
<format>text/x-wiki</format>
<text bytes="272" xml:space="preserve">={{-pt-}}=
==Forma verbal==
{{paroxítona|xa|ro|pe|á|mos}}
# {{escopo2|grafia lusitana}} primeira pessoa do plural do pretérito perfeito do modo indicativo do verbo [[xaropear]]
{{avi-for-fle|xaropear}}
[[Categoria:Forma verbal (Português)]]
[[Categoria:Lusitanismo]]</text>
<sha1>lxo6vizibnquno0vei51xtmicf8yvw2</sha1>
</revision>
