<page>
<title>xaropado</title>
<ns>0</ns>
<id>442020</id>
<revision>
<id>2668676</id>
<timestamp>2022-03-27T11:14:55Z</timestamp>
<contributor>
<username>Cpls</username>
<id>20608</id>
</contributor>
<comment>[[Ajuda:Guia de edição/Menus e ferramentas/Sumário de edição|→]] nova página: ={{-pt-}}= ==Forma verbal== {{flex.pt|ms=xaropado|mp=xaropados|fs=xaropada|fp=xaropadas}} {{paroxítona|xa|ro|pa|do}} # particípio passivo do verbo '''[[xaropar]]'''  ==Ligações externas== * {{Infopédia}} * {{VOLPABL}}  [[Categoria:Forma verbal (Português)]]</comment>
<model>wikitext</model>
<format>text/x-wiki</format>
<text bytes="263" xml:space="preserve">={{-pt-}}=
==Forma verbal==
{{flex.pt|ms=xaropado|mp=xaropados|fs=xaropada|fp=xaropadas}}
{{paroxítona|xa|ro|pa|do}}
# particípio passivo do verbo '''[[xaropar]]'''
==Ligações externas==
* {{Infopédia}}
* {{VOLPABL}}
[[Categoria:Forma verbal (Português)]]</text>
<sha1>eirn979z8gkuw5hj9jyegtl4c9lb1ps</sha1>
</revision>
</page>
