<page>
<title>xarola</title>
<ns>0</ns>
<id>54795</id>
<revision>
<id>2576078</id>
<parentid>2554837</parentid>
<timestamp>2020-02-08T18:51:34Z</timestamp>
<contributor>
<username>ValJor</username>
<id>1358</id>
</contributor>
<comment>Retirando a seção em português pois em nosso idioma a palavra se escreve com ch, não x; substituí por uma seção em catalão, idioma no qual a palavra existe tal e qual</comment>
<model>wikitext</model>
<format>text/x-wiki</format>
<text bytes="135" xml:space="preserve">={{-ca-}}=
==Forma verbal==
'''xarola'''
# flexão do verbo [[xarolar]]
{{avi-for-fle|xarolar}}
[[Categoria:Forma verbal (Catalão)]]</text>
<sha1>7hvtkz0ku21pq2b8mpfgz6vmn74mu4g</sha1>
</revision>
</page>
