<page>
<title>xaropo</title>
<ns>0</ns>
<id>324081</id>
<revision>
<id>2531220</id>
<parentid>2531219</parentid>
<timestamp>2019-01-03T22:16:34Z</timestamp>
<contributor>
<username>Cpls</username>
<id>20608</id>
</contributor>
<model>wikitext</model>
<format>text/x-wiki</format>
<text bytes="746" xml:space="preserve">={{-gl-}}=
==Substantivo==
{{flex.gl|ms=xaropo|mp=xaropos}}
{{paroxítona|xa|ro|po|lang=gl}}, {{g|m|lang=glm}}
# [[leite]] [[coalhar|coalhado]]
# comida ensopada, comida mui [[caldoso|caldosa]]
===Sinónimos===
* De '''1''' (leite coalhado): [[enxebro#Galego|enxebro]], [[jiprão#Galego|jiprão]], [[jirão#Galego|jirão]], [[jiripelo#Galego|jiripelo]], [[jiropo#Galego|jiropo]], [[leite preso#Galego|leite preso]], [[tourondo#Galego|tourondo]], [[xaropa#Galego|xaropa]]
=={{etimologia|gl}}==
: Aparentada, da mesma raiz que [[xarope]], do latim medieval {{etimo|la|syrupus}} ou {{etimo|la|sirupus}}, pelo árabe {{etimo|ar|شَرَاب‎}} (''sarap''). 
==Ver também==
===No Wikcionário===
* [[jeropia]]
[[Categoria:Substantivo (Galego)]]</text>
<sha1>3owo61wi5uzv6kqic1o5ef014wof59l</sha1>
</revision>
</page>
