<page>
<title>xaropada</title>
<ns>0</ns>
<id>442019</id>
<revision>
<id>2668706</id>
<parentid>2668690</parentid>
<timestamp>2022-03-27T16:21:30Z</timestamp>
<contributor>
<username>Cpls</username>
<id>20608</id>
</contributor>
<model>wikitext</model>
<format>text/x-wiki</format>
<text bytes="1182" xml:space="preserve">={{-pt-}}=
==Substantivo==
{{flex.pt|fs=xaropada|fp=xaropadas}}
{{paroxítona|xa|ro|pa|da}}, {{gramática|f}}
# grande quantidade de [[xarope]]
# [[dose]] de xarope
# {{escopo|pt|Popular}} [[medicamento]] líquido, pelo comum contra a tosse
# {{escopo|pt|Brasil}} conversa, discurso ou assunto [[maçante]]s, [[aborrecido]]s, tediosos
=={{etimologia|pt}}==
: {{escopo|Morfologia}} De ''[[xarope]]'' + ''[[-ada]]''.
==Ver também==
===No Wikcionário===
{{verTambém.Ini}}
* [[xaropado]]
{{verTambém.NovaColuna}}
* [[xaropar]]
{{verTambém.Fim}}
==Ligações externas==
* {{Aulete}}
* {{Michaelis}}
* {{DicioAberto}}
* {{DLPO}}
* {{Infopédia}}
* {{PLP}}
* {{VOLPABL}}
[[Categoria:Substantivo (Português)]]
={{-gl-}}=
==Substantivo==
{{flex.gl|fs=xaropada|fp=xaropadas}}
{{paroxítona|xa|ro|pa|da|lang=gl}}, {{gramática|f}}
# {{escopo|gl|pejorativo|Familiar}} [[xarope]]
# bebida que é uma mistura de [[ingrediente]]s ou diferentes licores
# [[xaropada#{{pt}}|xaropada]], [[dose]] de xarope
=={{etimologia|gl}}==
: {{escopo|Morfologia}} De ''[[xarope#{{gl}}|xarope]]'' + ''[[-ada#{{gl}}|-ada]]''.
==Ligações externas==
* {{Estraviz}}
[[Categoria:Substantivo (Galego)]]</text>
<sha1>3bws9p4i6owejv5pkdxdhw123v2vhe6</sha1>
</revision>
</page>
