<page>
<page>
<title>xarré</title>
<ns>0</ns>
<id>430788</id>
<revision>
<id>2623216</id>
<timestamp>2021-02-11T16:18:56Z</timestamp>
<contributor>
<username>Cpls</username>
<id>20608</id>
</contributor>
<comment>[[Ajuda:Guia de edição/Menus e ferramentas/Sumário de edição|→]] nova página: ={{-gl-}}= ==Interjeição== {{oxítona|xar|ré|lang=gl}} # voz para fazer andar as [[ovelha]]s e [[cabra]]s...</comment>
<model>wikitext</model>
<format>text/x-wiki</format>
<text bytes="192" xml:space="preserve">={{-gl-}}=
==Interjeição==
{{oxítona|xar|ré|lang=gl}}
# voz para fazer andar as [[ovelha]]s e [[cabra]]s
===Sinónimo===
* [[xerecó#{{gl}}|xerecó]]
[[Categoria:Interjeição (Galego)]]</text>
<sha1>miqoyrsn0tbw3kf0av91g7c0ullxgv0</sha1>
</revision>
