<page>
<page>
<title>xarro</title>
<ns>0</ns>
<id>419406</id>
<revision>
<id>2572793</id>
<timestamp>2020-01-25T21:05:34Z</timestamp>
<contributor>
<username>Cpls</username>
<id>20608</id>
</contributor>
<comment>[[Ajuda:Guia de edição/Menus e ferramentas/Sumário de edição|→]] nova página: ={{-gl-}}= ==Substantivo== {{flex.gl|ms=xarro|mp=xarro}} {{paroxítona|xar|ro|lang=gl}}, {{g|m}} # [[argila]]...</comment>
<model>wikitext</model>
<format>text/x-wiki</format>
<text bytes="317" xml:space="preserve">={{-gl-}}=
==Substantivo==
{{flex.gl|ms=xarro|mp=xarro}}
{{paroxítona|xar|ro|lang=gl}}, {{g|m}}
# [[argila]] branca
# [[xabre]], areia
=={{etimologia|gl}}==
: Confronte-se com ''[[sarro#{{gl}}|sarro]]'' ou ''[[sárrio#{{gl}}|sárrio]]''.
===Homófono===
* [[jarro#{{gl}}|jarro]]
[[Categoria:Substantivo (Galego)]]</text>
<sha1>m2y28uizr7edljb2bs1ctfltnqhuovq</sha1>
</revision>
