<page>
<title>xarta</title>
<ns>0</ns>
<id>329759</id>
<revision>
<id>1850821</id>
<timestamp>2014-08-25T09:25:12Z</timestamp>
<contributor>
<username>Cpls</username>
<id>20608</id>
</contributor>
<comment>[[Ajuda:Guia de edição/Menus e ferramentas/Sumário de edição|→]] nova página: ={{-gl-}}= ==Substantivo== {{flex.gl|fs=xarta|fp=xartas}} {{paroxítona|xar|ta|lang=gl}}, {{f}} # [[colar]] c...</comment>
<model>wikitext</model>
<format>text/x-wiki</format>
<text bytes="363" xml:space="preserve">={{-gl-}}=
==Substantivo==
{{flex.gl|fs=xarta|fp=xartas}}
{{paroxítona|xar|ta|lang=gl}}, {{f}}
# [[colar]] curto, gargantilha
# [[vértebra]]
===Variantes===
: '''De 2 (vértebra)''':
* [[sorta#Galego|sorta]]
=={{etimologia|gl}}==
: {{escopo|Morfologia}} Variante de ''[[sarta#Galego|sarta]]'', [[latim]] {{etimo|la|serta}}.
[[Categoria:Substantivo (Galego)]]</text>
<sha1>hz9lm7e2taeooalqsnfcbhjnmujubxj</sha1>
</revision>
</page>
