<page>
<title>xarávia</title>
<ns>0</ns>
<id>373581</id>
<revision>
<id>2232358</id>
<timestamp>2017-02-03T13:28:38Z</timestamp>
<contributor>
<username>Cpls</username>
<id>20608</id>
</contributor>
<comment>[[Ajuda:Guia de edição/Menus e ferramentas/Sumário de edição|→]] nova página: ={{-gl-}}= ==Substantivo== {{flex.gl|fs=xarávia|fp=xarávias}} {{proparoxítona|xa|rá|vi|a|lang=gl}}, {{g|f...</comment>
<model>wikitext</model>
<format>text/x-wiki</format>
<text bytes="303" xml:space="preserve">={{-gl-}}=
==Substantivo==
{{flex.gl|fs=xarávia|fp=xarávias}}
{{proparoxítona|xa|rá|vi|a|lang=gl}}, {{g|f|lang=gl}}
# {{escopo|gl|Meteorologia}} [[saraiva]]
==={{-varort-}}===
* [[saraiva#Galego|saraiva]], [[sarávia#Galego|sarávia]], [[xaraiva#Galego|xaraiva]]
[[Categoria:Substantivo (Galego)]]</text>
<sha1>a6or5ga8sdvm4pbhvf5r73ybutjuka2</sha1>
</revision>
</page>
