<page>
<page>
<title>xarém</title>
<ns>0</ns>
<id>46583</id>
<revision>
<id>2554786</id>
<parentid>1347090</parentid>
<timestamp>2019-09-24T10:39:26Z</timestamp>
<contributor>
<username>ValJor</username>
<id>1358</id>
</contributor>
<comment>Acrescentando código de língua à [[:Categoria:!Página com mensagem de erro em predefinição|predefinição escopo]]</comment>
<model>wikitext</model>
<format>text/x-wiki</format>
<text bytes="723" xml:space="preserve">={{-pt-}}=
==Substantivo==
{{flex.pt|ms=xarém|mp=xaréns}}
{{oxítona|xa|rém}}, {{g|m}}
# {{escopo|pt|Algarve|regionalismo}} [[farinha]] de [[milho]]
# {{escopo|pt|Culinária}} [[papa]]s de milho
# {{escopo|pt|Brasil}} [[tipo]] de [[dança]]
==={{-varort-}}===
* [[xerém]]
==Ligações externas==
* {{Aulete}}
* [http://michaelis.uol.com.br/busca?r=0&amp;f=0&amp;t=0&amp;palavra=xar%C3%A9m “xarém”], in Trevisan, R. (coord.); Weiszflog, W. (ed.). Michaelis: Moderno Dicionário da Língua Portuguesa. São Paulo: Melhoramentos, 2012 (nova ortografia). ISBN 978-85-06-06953-0
* {{DicioAberto}}
* {{DPLP}}
* {{Infopédia}}
* {{PLP}}
* {{VOLPABL}}
[[Categoria:Substantivo (Português)]]
[[Categoria:Alimentação (Português)]]</text>
<sha1>l5c2ooug6sizi6c1r90xf7tj8qyzp1f</sha1>
</revision>
