<page>
<title>xarço</title>
<ns>0</ns>
<id>370474</id>
<revision>
<id>2211650</id>
<parentid>2211649</parentid>
<timestamp>2016-12-14T13:50:59Z</timestamp>
<contributor>
<username>Cpls</username>
<id>20608</id>
</contributor>
<model>wikitext</model>
<format>text/x-wiki</format>
<text bytes="337" xml:space="preserve">={{-gl-}}=
==Substantivo==
{{flex.gl|ms=xarço|mp=xarços}}
{{paroxítona|xar|ço|lang=gl}}, {{g|m|lang=gl}}
# [[argila]] branca, ou azulada usada para fabricar o piso interior do forno por ser [[refratário|refratária]]
=={{etimologia|gl}}==
: Aparentado com [[sarro]] e ''[[zarzo#{{gl}}|zarzo]]''.
[[Categoria:Substantivo (Galego)]]</text>
<sha1>kbas89dfuz8ane1gks3h9tvujx9wyu2</sha1>
</revision>
</page>
