<page>
<page>
<title>xastrear</title>
<ns>0</ns>
<id>440950</id>
<revision>
<id>2662413</id>
<timestamp>2022-03-02T22:06:34Z</timestamp>
<contributor>
<username>Cpls</username>
<id>20608</id>
</contributor>
<comment>[[Ajuda:Guia de edição/Menus e ferramentas/Sumário de edição|→]] nova página: ={{-gl-}}= ==Verbo== {{oxítona|xas|tre|ar|lang=gl}} # desenvolver o trabalho de [[alfaiate]], [[confeccionar]] roupas  =={{etimologia|gl}}== : {{escopo|Morfologia}} De {{etimo|gl|xastre}} + {{etimo|gl|-ear}}.  [[Categoria:Verbo (Galego)]]</comment>
<model>wikitext</model>
<format>text/x-wiki</format>
<text bytes="239" xml:space="preserve">={{-gl-}}=
==Verbo==
{{oxítona|xas|tre|ar|lang=gl}}
# desenvolver o trabalho de [[alfaiate]], [[confeccionar]] roupas
=={{etimologia|gl}}==
: {{escopo|Morfologia}} De {{etimo|gl|xastre}} + {{etimo|gl|-ear}}.
[[Categoria:Verbo (Galego)]]</text>
<sha1>sj31r7j4rhf9el3sr62c0w7z9jrc619</sha1>
</revision>
