<page>
<title>xatas</title>
<ns>0</ns>
<id>389053</id>
<revision>
<id>2472987</id>
<timestamp>2017-12-25T16:36:57Z</timestamp>
<contributor>
<username>Imivorn</username>
<id>64513</id>
</contributor>
<comment>[[Ajuda:Guia de edição/Menus e ferramentas/Sumário de edição|→]] nova página: ={{-mwl-}}= ==Forma de adjetivo== {{paroxítona|xa|tas|língua=mwl}} # plural feminino de '''xato#{{mwl}}|x...</comment>
<model>wikitext</model>
<format>text/x-wiki</format>
<text bytes="162" xml:space="preserve">={{-mwl-}}=
==Forma de adjetivo==
{{paroxítona|xa|tas|língua=mwl}}
# plural feminino de '''[[xato#{{mwl}}|xato]]'''
[[Categoria:Forma de adjetivo (Mirandês)]]</text>
<sha1>nls8rylf5c00dtezr24b4ihzoym8v85</sha1>
</revision>
</page>
