<page>
<page>
<title>xatia</title>
<ns>0</ns>
<id>15091</id>
<revision>
<id>2635533</id>
<parentid>795065</parentid>
<timestamp>2021-05-24T09:47:07Z</timestamp>
<contributor>
<username>ValJor</username>
<id>1358</id>
</contributor>
<minor />
<comment>Já fazia mais de dez anos que ninguém atualizava esse verbete...</comment>
<model>wikitext</model>
<format>text/x-wiki</format>
<text bytes="97" xml:space="preserve">={{-kea-}}=
==Verbo==
'''xatia'''
# [[irritar]], [[chatear]]
[[Categoria:Verbo (Cabo-verdiano)]]</text>
<sha1>cwshi1u9a5ubr1d2qj0coitwdxnzrrp</sha1>
</revision>
