<page>
<page>
<title>xato</title>
<ns>0</ns>
<id>297036</id>
<revision>
<id>2546595</id>
<parentid>2546591</parentid>
<timestamp>2019-06-14T12:31:21Z</timestamp>
<contributor>
<username>Cpls</username>
<id>20608</id>
</contributor>
<comment>/* {{etimologia|gl}} */</comment>
<model>wikitext</model>
<format>text/x-wiki</format>
<text bytes="1154" xml:space="preserve">={{-pt-}}=
==Substantivo==
{{flex.pt|ms=xato|mp=xatos|fs=xata|fp=xatas}}
{{paroxítona|xa|to}}
# {{escopo|pt|Galiza}} filhote da vaca e do touro, [[bezerro]]
===Sinônimo===
* [[vitelo]]
==Ver também==
===No Wikcionário===
{{verTambém.Ini}}
* [[cuxo]]
{{verTambém.NovaColuna}}
* [[cucho]]
{{verTambém.Fim}}
[[Categoria:Substantivo (Português)]]
={{-mwl-}}=
==Adjetivo==
{{flex.pt|ms=xato|mp=xatos|fs=xata|fp=xatas}}
{{paroxítona|xa|to|lang=mwl}}
# [[aborrecido]], [[chato]]
[[Categoria:Adjetivo (Mirandês)]]
={{-gl-}}=
==Substantivo==
{{flex.gl|ms=xato|mp=xatos|fs=xata|fp=xatas}}
{{paroxítona|xa|to|lang=gl}}
# [[xato#{{pt}}|xato]], vitelo
{{flex.gl|ms=xato|mp=xatos}}
{{paroxítona|xa|to|lang=gl}}, {{g|m|lang=gl}}
#{{cont|2}} {{escopo|gl|Telheiros|Canteiros}} [[leite]]; [[sangue]]
==={{-varort-}}===
* De '''2''': [[chato#{{gl}}|chato]]
=={{etimologia|gl}}==
: Aparentado com o latim {{etimo|la|satus}} particípio de {{etimo|la|sero}}. Confronte-se com o asturiano {{etimo|ast|xatu}}.
[[Categoria:Substantivo (Galego)]]
[[ca:xato]]
[[chr:xato]]
[[en:xato]]
[[fr:xato]]
[[gl:xato]]
[[mg:xato]]
[[ru:xato]]
[[tg:xato]]
[[uz:xato]]</text>
<sha1>d1rt4ag9snk9chrz20ac5xvifcj9uc3</sha1>
</revision>
