<page>
<page>
<title>xatum</title>
<ns>0</ns>
<id>370111</id>
<revision>
<id>2210068</id>
<timestamp>2016-12-08T15:40:34Z</timestamp>
<contributor>
<username>Cpls</username>
<id>20608</id>
</contributor>
<comment>[[Ajuda:Guia de edição/Menus e ferramentas/Sumário de edição|→]] nova página: ={{-gl-}}= ==Substantivo== {{flex.gl|ms=xatum|mp=xatuns}} {{oxítona|xa|tum|lang=gl}}, {{g|m|lang=gl}} # ch...</comment>
<model>wikitext</model>
<format>text/x-wiki</format>
<text bytes="454" xml:space="preserve">={{-gl-}}=
==Substantivo==
{{flex.gl|ms=xatum|mp=xatuns}}
{{oxítona|xa|tum|lang=gl}}, {{g|m|lang=gl}}
# [[cheiro]] forte de animal, ou da sua carne
==={{-varort-}}===
* [[chatum#{{gl}}|chatum]]
===Sinónimos===
* [[bravu#{{gl}}|bravu]], [[bravio#{{gl}}|bravio]], [[farum#{{gl}}|farum]], [[ferum#{{gl}}|ferum]], [[ferume#{{gl}}|ferume]], [[recachiço#{{gl}}|recachiço]]
=={{pronúncia|gl}}==
* [[AFI]]: /ʃa.'tuŋ/
[[Categoria:Substantivo (Galego)]]</text>
<sha1>2vskgcfggy5sfqpdvl78tkajmj9hc49</sha1>
</revision>
