<page>
<title>xatu</title>
<ns>0</ns>
<id>301583</id>
<revision>
<id>1803674</id>
<parentid>1521865</parentid>
<timestamp>2014-01-07T21:25:46Z</timestamp>
<contributor>
<username>MalafayaBot</username>
<id>628</id>
</contributor>
<minor />
<comment>r2.7.5) (Robô: A adicionar: [[en:xatu]], [[mg:xatu]]</comment>
<model>wikitext</model>
<format>text/x-wiki</format>
<text bytes="524" xml:space="preserve">={{-ast-}}=
==Substantivo==
{{flex.ast|ms=xatu|mp=xatos|fs=xata|fp=xates}}
{{paroxítona|xa|tu|lang=ast}}
# [[bezerro]], [[novilho]]
# [[boi]], [[touro]]
# espécie de molhelha, [[almofada]] de feno apertado, para levar a carrega do próprio [[feno]] nas costas
===Variantes===
{{verTambém.Ini}}
* ''[[xatru#Asturiano|xatru]]''
{{verTambém.NovaColuna}}
* ''[[xetu#Asturiano|xetu]]''
{{verTambém.NovaColuna}}
* ''[[xotu#Asturiano|xotu]]''
{{verTambém.Fim}}
[[Categoria:Substantivo (Asturiano)]]
[[en:xatu]]
[[mg:xatu]]</text>
<sha1>grgjxuy7opml5h4dd3xgcn7spo7r1cj</sha1>
</revision>
</page>
