<page>
<page>
<title>xauarma</title>
<ns>0</ns>
<id>348777</id>
<revision>
<id>2140504</id>
<parentid>2086273</parentid>
<timestamp>2016-06-11T14:22:27Z</timestamp>
<contributor>
<username>UT-interwiki-Bot</username>
<id>56129</id>
</contributor>
<minor />
<comment>Robô: A adicionar: [[en:xauarma]]</comment>
<model>wikitext</model>
<format>text/x-wiki</format>
<text bytes="1134" xml:space="preserve">[[File:Jerusalem shawarma.jpg|thumbnail| Uma xauarma (''shawarma'')]]
={{-pt-}}=
==Substantivo==
{{flex.pt|fs=xauarma|fp=xauarmas}}
{{paroxítona|xau|ar|ma}}, {{f}}
# [[prato]] [[típico]] de [[país]]es [[árabe]]s, que consiste em [[carne]] (geralmente de cordeiro, frango ou boi, ou uma mistura delas) assada em um espeto giratório ao longo de várias horas, cortada diretamente do espeto para o consumo, em geral com algum tipo de pão; é bastante similar ao chamado &quot;churrasquinho grego&quot; e ao quebabe dos turcos
===Tradução===
{{tradini}}
* {{t|de|Schawarma|f}}
* {{t|ar|شَاوِرْمَا|f}}
* {{t|hy|շաուրմա}}, {{t+|hy|Ղարսի խորոված}}
* {{t|az|şaurma}}
* {{t|fi|shawarma}}
* {{t|fr|chawarma}}
{{tradmeio}}
* {{t|ka|შაურმა}}, {{t+|ka|შავერმა}}
* {{t|he|שווארמה‎}}, {{t+|he|שוורמה|f|tr=šawarma}}
* {{trad|en|shawarma}}
* {{t|pl|szałarma|f}}
* {{t|ru|шаурма́|f}}, {{t+|ru|шаверма́|f}}, {{t+|ru|шаварма́|f}}
* {{t|tr|çevirme}}
{{tradfim}}
[[Categoria:Substantivo (Português)]]
[[Categoria:Alimentação (Português)]]
[[en:xauarma]]</text>
<sha1>nrlnk9pykfk2a8pmm50vzr2rn3l4v8v</sha1>
</revision>
