<page>
<title>xaual</title>
<ns>0</ns>
<id>99316</id>
<revision>
<id>1203225</id>
<parentid>388236</parentid>
<timestamp>2011-07-09T17:18:49Z</timestamp>
<contributor>
<username>MalafayaBot</username>
<id>628</id>
</contributor>
<minor />
<comment>Robô: Substituição de texto automática (-^\=\s?Português\s?\= +={{-pt-}}= &amp; -^\=\s?\{\{pt\}\}\s?\= +={{-pt-}}=)</comment>
<model>wikitext</model>
<format>text/x-wiki</format>
<text bytes="597" xml:space="preserve">={{-pt-}}=
==Substantivo==
'''xau.&lt;u&gt;al&lt;/u&gt;'''
# [[décimo]] [[mês]] do [[calendário]] [[islâmico]]
==Ver também==
===No Wikcionário===
Meses do calendário islâmico:
{{verTambém.Ini}}
* [[muarrã]]
* [[safar]]
* [[rabi’ul-awwal]]
{{verTambém.NovaColuna}}
* [[rabi’ul-akhir]]
* [[jamadil awwal]]
* [[jamad’ul-akhir]]
{{verTambém.NovaColuna}}
* [[rajab]]
* [[xaban]]
* [[ramadã]]
{{verTambém.NovaColuna}}
* [[xaual]]
* [[dul-kadah]]
* [[dul-hijjah]]
{{verTambém.Fim}}
[[Categoria:Substantivo (Português)]]
[[Categoria:Dissílabo (Português)]]
[[Categoria:Oxítona (Português)]]</text>
<sha1>a6lmshmc262xdqdz0ph1i63ejwkugbr</sha1>
</revision>
</page>
