<page>
<title>xavante</title>
<ns>0</ns>
<id>58734</id>
<revision>
<id>2140502</id>
<parentid>1467583</parentid>
<timestamp>2016-06-11T14:22:07Z</timestamp>
<contributor>
<username>UT-interwiki-Bot</username>
<id>56129</id>
</contributor>
<minor />
<comment>Robô: A adicionar: [[en:xavante]], [[fr:xavante]]</comment>
<model>wikitext</model>
<format>text/x-wiki</format>
<text bytes="484" xml:space="preserve">={{-pt-}}=
==Adjetivo==
{{flex.pt|s=xavante|p=xavantes}}
{{paroxítona|xa|van|te}}
# de ou relativo à [[Xavantes]], cidade de São Paulo (Brasil)
==Substantivo==
{{paroxítona|xa|van|te}}
# habitante ou natural da Xavantes
===Sinônimos===
{{verTambém.Ini}}
* [[xavantense]]
{{verTambém.NovaColuna}}
* [[xavantino]]
{{verTambém.Fim}}
[[Categoria:Adjetivo (Português)]]
[[Categoria:Substantivo (Português)]]
[[Categoria:Gentílico (Português)]]
[[en:xavante]]
[[fr:xavante]]</text>
<sha1>21otug2ck5g4dqnd9a121zey2rh33di</sha1>
</revision>
</page>
