<page>
<page>
<title>xavantino</title>
<ns>0</ns>
<id>58742</id>
<revision>
<id>1466267</id>
<parentid>1189052</parentid>
<timestamp>2012-09-19T14:10:34Z</timestamp>
<contributor>
<username>ValJor</username>
<id>1358</id>
</contributor>
<comment>Separando adjetivo de substantivo</comment>
<model>wikitext</model>
<format>text/x-wiki</format>
<text bytes="617" xml:space="preserve">={{-pt-}}=
==Adjetivo==
{{flex.pt|ms=xavantino|mp=xavantinos|fs=xavantina|fp=xavantinas}}
{{paroxítona|xa|van|ti|no}}
# [[habitante]] ou [[natural]] de [[Xavantes]] - cidade de [[São Paulo]] ([[Brasil]])
==Substantivo==
{{paroxítona|xa|van|ti|no}}
# habitante ou natural de Xavantes - cidade de São Paulo (Brasil)
===Sinônimos===
{{verTambém.Ini}}
* [[xavante]]
{{verTambém.NovaColuna}}
* [[xavantense]]
{{verTambém.Fim}}
=={{etimologia|pt}}==
: {{escopo|Morfologia}} [[Xavantes]] + [[-ino]].
[[Categoria:Adjetivo (Português)]]
[[Categoria:Substantivo (Português)]]
[[Categoria:Gentílico (Português)]]</text>
<sha1>e51az6c66kypiivd2v797lo19guke3y</sha1>
</revision>
