<page>
<page>
<title>xavantense</title>
<ns>0</ns>
<id>58741</id>
<revision>
<id>1466271</id>
<parentid>1189051</parentid>
<timestamp>2012-09-19T14:18:32Z</timestamp>
<contributor>
<username>ValJor</username>
<id>1358</id>
</contributor>
<comment>Separando adjetivo de substantivo</comment>
<model>wikitext</model>
<format>text/x-wiki</format>
<text bytes="590" xml:space="preserve">={{-pt-}}=
==Adjetivo==
{{flex.pt|s=xavantense|p=xavantenses}}
{{paroxítona|xa|van|ten|se}}
# de ou relativo à [[Xavantes]] - cidade de [[São Paulo]] ([[Brasil]])
===Sinônimos===
{{verTambém.Ini}}
* [[xavante]]
{{verTambém.NovaColuna}}
* [[xavantino]]
{{verTambém.Fim}}
==Substantivo==
{{paroxítona|xa|van|ten|se}}
# habitante ou natural de [[Xavantes]] - cidade de [[São Paulo]] ([[Brasil]])
=={{etimologia|pt}}==
: {{escopo|Morfologia}} [[Xavantes]] + [[-ense]].
[[Categoria:Adjetivo (Português)]]
[[Categoria:Substantivo (Português)]]
[[Categoria:Gentílico (Português)]]</text>
<sha1>elgtkq7ehb22dcr3jwuhcxotifys3bl</sha1>
</revision>
