<page>
<page>
<title>xavana</title>
<ns>0</ns>
<id>345631</id>
<revision>
<id>2243988</id>
<parentid>2243987</parentid>
<timestamp>2017-02-24T12:13:15Z</timestamp>
<contributor>
<username>Cpls</username>
<id>20608</id>
</contributor>
<model>wikitext</model>
<format>text/x-wiki</format>
<text bytes="727" xml:space="preserve">={{-gl-}}=
==Substantivo==
{{flex.gl|fs=xavana|fp=xavanas}}
{{paroxítona|xa|va|na|lang=gl}}, {{g|f|lang=gl}}
# {{escopo|gl|Planta}} [[íris-amarelo]], ''[[wikispecies:Iris pseudacorus|Iris pseudacorus]]''
===Sinónimos===
{{colunas|3}}
* [[abolha-candeias#{{gl}}|abolha-candeias]]
* [[ácoro#{{gl}}|ácoro]]
* [[espadaina#{{gl}}|espadaina]]
* [[espadana#{{gl}}|espadana]]
* [[espadana-amarela#{{gl}}|espadana-amarela]]
* [[gladíolo#{{gl}}|gladíolo]]
* [[lírio#{{gl}}|lírio]]
* [[lírio-amarelo#{{gl}}|lírio-amarelo]]
* [[lírio-dos-charcos#{{gl}}|lírio-dos-charcos]]
{{colunas/fim}}
=={{etimologia|gl}}==
: Confronte-se com outros nomes de plantas como ''[[seoane#{{gl}}|seoane]]''.
[[Categoria:Substantivo (Galego)]]</text>
<sha1>2w14rhdmldjnb3l6dm4ax8z1inbv2b2</sha1>
</revision>
