<page>
<page>
<title>xavasca</title>
<ns>0</ns>
<id>430985</id>
<revision>
<id>2623838</id>
<parentid>2623837</parentid>
<timestamp>2021-02-16T18:06:03Z</timestamp>
<contributor>
<username>Jlvill</username>
<id>78237</id>
</contributor>
<comment>/* {{etimologia|pt}} */</comment>
<model>wikitext</model>
<format>text/x-wiki</format>
<text bytes="360" xml:space="preserve">={{-pt-}}=
==Substantivo==
{{flex.pt|fs=xavasca|fp=xavascas}}
{{paroxítona|xa|vas|ca|língua=pt}}, {{f}}
# [[rede]] de arrastar, usada na [[pesca]]
# pequena [[embarcação]] pesqueira que usa essa rede
# {{escopo|pt|Coloquial}} [[vulva]], [[vagina]]
=={{etimologia|pt}}==
{{llietimo|ar|شبكة|pt|shabaka|[[rede]]}} 
[[Categoria:Substantivo (Português)]]</text>
<sha1>pochudrv2uldckmf1p076nsit7ot5mz</sha1>
</revision>
