<page>
<page>
<title>xavecas</title>
<ns>0</ns>
<id>434192</id>
<revision>
<id>2635695</id>
<parentid>2635336</parentid>
<timestamp>2021-05-25T17:18:52Z</timestamp>
<contributor>
<username>Cpls</username>
<id>20608</id>
</contributor>
<comment>/* {{-gl-}} */</comment>
<model>wikitext</model>
<format>text/x-wiki</format>
<text bytes="455" xml:space="preserve">={{-gl-}}=
==Adjetivo==
{{flex.gl|s=xavecas|p=xavecas}}
{{paroxítona|xa|ve|cas|lang=gl}}, {{gramática|c2g2n}}
# [[encrenque]], fraco, sem força
===Sinónimos===
* [[enxancleu#{{gl}}|enxancleu]], [[fengueiro#{{gl}}|fengueiro]], [[trênguena#{{gl}}|trênguena]]
=={{etimologia|gl}}==
: Da mesma origem que [[xaveco]] &quot;pessoa insignificante&quot;. Confronte-se com ''[[xabeco#{{gl}}|xabeco]]'' e ''[[jabeca#{{gl}}|jabeca]]''.
[[Categoria:Adjetivo (Galego)]]</text>
<sha1>kalxvlpi0o9kili6nf0iqaebm096tvk</sha1>
</revision>
