<page>
<title>Xaverius</title>
<ns>0</ns>
<id>280910</id>
<revision>
<id>2282567</id>
<parentid>2030869</parentid>
<timestamp>2017-04-27T04:08:44Z</timestamp>
<contributor>
<username>HydrizBot</username>
<id>29590</id>
</contributor>
<minor />
<comment>Robô: A limpar links interwikis antigos</comment>
<model>wikitext</model>
<format>text/x-wiki</format>
<text bytes="1209" xml:space="preserve">={{-nl-}}=
==Substantivo==
'''Xaverius''' {{pr}} {{m}}
# [[Xavier]], [[Savério]].
=={{etimologia|nl}}==
:Do [[latim]] {{etimo|la|Xaverius}}, oriundo do [[basco]] {{etimo|eu|Xabier}}, que veio do epônimo da cidade Navarra de Xavier (''Javier'' em espanhol e ''Etxeberri'' em basco), o local de nascimento do sacerdote e missionário Francisco Xavier, e este do antigo navarro-aragonês [[Xavier]] e por sua vez do [[basco]] {{etimo|eu|etxeberri}}, {{etimo|eu|etxe}} (casa) e {{etimo|eu|berri}} (nova).
[[Categoria:Substantivo (Holandês)]]
[[Categoria:Antropônimo (Holandês)]]
[[Categoria:Entrada de étimo latino (Holandês)]]
={{-la-}}=
==Substantivo==
'''Xaverius''' {{pr}} {{m}}
# [[Xavier]], [[Savério]].
=={{etimologia|la}}==
:Do [[basco]] {{etimo|eu|Xabier}}, que veio do epônimo da cidade Navarra de Xavier (''Javier'' em espanhol e ''Etxeberri'' em basco), o local de nascimento do sacerdote e missionário Francisco Xavier, e este do antigo navarro-aragonês [[Xavier]] e por sua vez do [[basco]] {{etimo|eu|etxeberri}}, {{etimo|eu|etxe}} (casa) e {{etimo|eu|berri}} (nova).
[[Categoria:Substantivo (Latim)]]
[[Categoria:Antropônimo (Latim)]]
[[Categoria:Entrada de étimo basco (Latim)]]</text>
<sha1>rjg6r388344pjtkfbc35z5vw0accxyq</sha1>
</revision>
</page>
