<page>
<title>xavecar</title>
<ns>0</ns>
<id>381380</id>
<revision>
<id>2440581</id>
<parentid>2440578</parentid>
<timestamp>2017-07-27T01:08:09Z</timestamp>
<contributor>
<username>Askekamo</username>
<id>60711</id>
</contributor>
<model>wikitext</model>
<format>text/x-wiki</format>
<text bytes="298" xml:space="preserve">={{-pt-}}=
==Verbo==
{{oxítona|xa|ve|car}}
# insinuar-se seduzentemente e com galanteio
# persuadir com lábia
===Sinônimos===
De '''1''':
{{verTambém.Ini}}
* [[azarar]]
* [[cortejar]]
{{verTambém.NovaColuna}}
* [[galantear]]
* [[paquerar]]
{{verTambém.Fim}}
[[Categoria:Verbo (Português)]]</text>
<sha1>qets92okx2u8qyqjos9a3es3mtru348</sha1>
</revision>
</page>
