<page>
<title>xaxado</title>
<ns>0</ns>
<id>101733</id>
<revision>
<id>1489943</id>
<parentid>1192948</parentid>
<timestamp>2012-10-21T18:39:18Z</timestamp>
<contributor>
<username>VJBot</username>
<id>33673</id>
</contributor>
<minor />
<comment>Robô: Substituição de texto automática  (-{{wikipedia}} +{{Wikipédia}})</comment>
<model>wikitext</model>
<format>text/x-wiki</format>
<text bytes="552" xml:space="preserve">{{Wikipédia}}
={{-pt-}}=
==Substantivo==
'''xa.&lt;u&gt;xa&lt;/u&gt;.do'''
# certa [[dança]] [[nordestino|nordestina]]
#* ''Bem ritmado, seu CD é um híbrido de samba, coco, rock, xote, '''xaxado''', reggae, capoeira e tem até um approach com o drum'n'bass.'' {{OESP|2007|abril|02}}
==Ver também==
===No Wikcionário===
{{verTambém.Ini}}
* [[dança]]
{{verTambém.NovaColuna}}
* [[xaxar]]
{{verTambém.Fim}}
[[Categoria:Substantivo (Português)]]
[[Categoria:Trissílabo (Português)]]
[[Categoria:Paroxítona (Português)]]
[[Categoria:Dança (Português)]]</text>
<sha1>lry773u4184y9hvwmf9wygh5uimr0dd</sha1>
</revision>
</page>
