<page>
<title>xazam</title>
<ns>0</ns>
<id>433453</id>
<revision>
<id>2636578</id>
<parentid>2632516</parentid>
<timestamp>2021-06-03T09:55:06Z</timestamp>
<contributor>
<username>ValJor</username>
<id>1358</id>
</contributor>
<comment>Melhorando a apresentação do verbete</comment>
<model>wikitext</model>
<format>text/x-wiki</format>
<text bytes="749" xml:space="preserve">={{-pt-}}=
==Interjeição==
{{oxítona|xa|zam}}
# expressa o aparecimento transfigurativo repentino com certo aspecto místico
#* numa só voz gritaram : “'''Xazam'''!!!” - livro: O rebelde do traço - a vida de Henfil, por Dênis de Moraes · 1996, 142
#* ''e no fundo a lareira arde em labaredas que me queimam. '''Xazam''', zanzando estou na vida aquosa e vibro na escorregadia mucosa'' - livro: Anuário de poetas do Brasil, Folha Carioca Editora · 1978, página 390
#* '''''Xazam'''! Uma nova maneira de descobrir portas fechadas.'' - livro: Universidade H4CK3R, por Henrique Cesar Ulbrich· 2009, página 152
=={{etimologia|pt}}==
{{llietimo|en|shazam|pt}}
==Ligações externas==
* {{Aulete}}
[[Categoria:Interjeição (Português)]]</text>
<sha1>muriv0s9slvkcc3puqdw5tz0yyg9ah8</sha1>
</revision>
</page>
