<page>
<page>
<title>XC</title>
<ns>0</ns>
<id>421095</id>
<revision>
<id>2673817</id>
<parentid>2577912</parentid>
<timestamp>2022-04-18T18:30:52Z</timestamp>
<contributor>
<username>MIL973</username>
<id>41339</id>
</contributor>
<model>wikitext</model>
<format>text/x-wiki</format>
<text bytes="218" xml:space="preserve">={{-univ-}}=
==Símbolo==
'''XC'''
# [[algarismo]]s [[romano]]s que, juntos, representam o [[numeral]] [[noventa]]
==Ver também==
===No Wikcionário===
{{números romanos}}
[[Categoria:Número (Universal)|# 000090]]</text>
<sha1>6adacqr46etsvqqglv2kc6ww47242zt</sha1>
</revision>
