<page>
<title>XCIII</title>
<ns>0</ns>
<id>421135</id>
<revision>
<id>2673814</id>
<parentid>2578009</parentid>
<timestamp>2022-04-18T18:29:45Z</timestamp>
<contributor>
<username>MIL973</username>
<id>41339</id>
</contributor>
<model>wikitext</model>
<format>text/x-wiki</format>
<text bytes="229" xml:space="preserve">={{-univ-}}=
==Símbolo==
'''XCIII'''
# [[algarismo]]s [[romano]]s que, juntos, representam o [[numeral]] [[noventa e três]]
==Ver também==
===No Wikcionário===
{{números romanos}}
[[Categoria:Número (Universal)|# 000093]]</text>
<sha1>3zyqmk3y59bgh8nn43770xc3ttq8kt3</sha1>
</revision>
</page>
