<page>
<page>
<title>XCII</title>
<ns>0</ns>
<id>421134</id>
<revision>
<id>2673815</id>
<parentid>2670136</parentid>
<timestamp>2022-04-18T18:30:13Z</timestamp>
<contributor>
<username>MIL973</username>
<id>41339</id>
</contributor>
<model>wikitext</model>
<format>text/x-wiki</format>
<text bytes="246" xml:space="preserve">={{-univ-}}=
==Símbolo==
'''XCII'''
# [[algarismo]]s [[romano]]s que, juntos, representam o [[numeral]] [[noventa e dois]]/[[noventa e duas]]
==Ver também==
===No Wikcionário===
{{números romanos}}
[[Categoria:Número (Universal)|# 000092]]</text>
<sha1>dutl5llt12gpy7nnyg8bfe2thcq3fs2</sha1>
</revision>
