<page>
<title>XCIX</title>
<ns>0</ns>
<id>421141</id>
<revision>
<id>2673808</id>
<parentid>2578027</parentid>
<timestamp>2022-04-18T18:27:19Z</timestamp>
<contributor>
<username>MIL973</username>
<id>41339</id>
</contributor>
<model>wikitext</model>
<format>text/x-wiki</format>
<text bytes="227" xml:space="preserve">={{-univ-}}=
==Símbolo==
'''XCIX'''
# [[algarismo]]s [[romano]]s que, juntos, representam o [[numeral]] [[noventa e nove]]
==Ver também==
===No Wikcionário===
{{números romanos}}
[[Categoria:Número (Universal)|# 000099]]</text>
<sha1>2d1h0ygmmire7bwwg9f9pingeoz1ux5</sha1>
</revision>
</page>
