<page>
<title>XCV</title>
<ns>0</ns>
<id>421137</id>
<revision>
<id>2673812</id>
<parentid>2578015</parentid>
<timestamp>2022-04-18T18:29:02Z</timestamp>
<contributor>
<username>MIL973</username>
<id>41339</id>
</contributor>
<model>wikitext</model>
<format>text/x-wiki</format>
<text bytes="227" xml:space="preserve">={{-univ-}}=
==Símbolo==
'''XCV'''
# [[algarismo]]s [[romano]]s que, juntos, representam o [[numeral]] [[noventa e cinco]]
==Ver também==
===No Wikcionário===
{{números romanos}}
[[Categoria:Número (Universal)|# 000095]]</text>
<sha1>jrmvbipoojd2gl62vn29npqpzhqc0ox</sha1>
</revision>
</page>
