<page>
<title>xd</title>
<ns>0</ns>
<id>58431</id>
<revision>
<id>2207203</id>
<parentid>1282219</parentid>
<timestamp>2016-12-05T20:56:06Z</timestamp>
<contributor>
<username>UT-interwiki-Bot</username>
<id>56129</id>
</contributor>
<minor />
<comment>Robô: A adicionar: [[pl:xd]]</comment>
<model>wikitext</model>
<format>text/x-wiki</format>
<text bytes="161" xml:space="preserve">={{-en-}}=
==Abreviatura==
'''xd'''&lt;br&gt;
:# [[ex dividend]].
===Variantes===
:* [[x-d]].
:* [[x-div]].
[[Categoria:Abreviatura (Inglês)]]
[[en:xd]]
[[pl:xd]]</text>
<sha1>irf9g766uzlu88njwke09jkjyn2p8nd</sha1>
</revision>
</page>
