<page>
<page>
<title>Xe</title>
<ns>0</ns>
<id>28590</id>
<revision>
<id>2541582</id>
<parentid>2282571</parentid>
<timestamp>2019-04-12T19:17:58Z</timestamp>
<contributor>
<username>ValJor</username>
<id>1358</id>
</contributor>
<comment>Acrescentando código de língua à [[:Categoria:!Página com mensagem de erro em predefinição|predefinição escopo]]</comment>
<model>wikitext</model>
<format>text/x-wiki</format>
<text bytes="381" xml:space="preserve">{{Wikipédia|xenônio}}
{{ver também|xe}}
={{-univ-}}=
==Símbolo==
'''Xe'''
# {{escopo|univ|química}} {{PEPB|[[xenónio]]|[[xenônio]]|inline=1}} ([[elemento químico]])
=={{etimologia|univ}}==
{{llietimo|la|xenon|univ}}
==Ver também==
===No Wikcionário===
{{verTambém.Ini}}
* [[Apêndice:Tabela periódica]]
{{verTambém.Fim}}
[[Categoria:Símbolo de elemento químico]]</text>
<sha1>nmt6nwfeywysymuekj9xulr5oyj9dvj</sha1>
</revision>
