<page>
<title>xeanón</title>
<ns>0</ns>
<id>407461</id>
<revision>
<id>2537690</id>
<timestamp>2019-03-01T22:43:56Z</timestamp>
<contributor>
<username>Amigo7</username>
<id>58547</id>
</contributor>
<comment>Criação do verbete a partir da [[Especial:Páginas_pedidas|lista de palavras pedidas]]</comment>
<model>wikitext</model>
<format>text/x-wiki</format>
<text bytes="295" xml:space="preserve">{{Wikipédia|lang=ga}}
={{-ga-}}=
==Substantivo==
{{elementos|Xe|iaidín|I|caeisiam|Cs}}
'''xeanón'''
# {{escopo|ga|Elemento químico}} [[xénon]]/{{PEPB|[[xenónio]]|[[xenônio]]|inline=1}}
==Ver também==
===No Wikcionário===
{{tabela periódica/ga}}
[[Categoria:Substantivo (Irlandês)]]</text>
<sha1>0fifbn2b2tcigmlxi5sqqqzvh3dy92d</sha1>
</revision>
</page>
