<page>
<page>
<title>xear</title>
<ns>0</ns>
<id>310084</id>
<revision>
<id>1803671</id>
<parentid>1728448</parentid>
<timestamp>2014-01-07T21:25:22Z</timestamp>
<contributor>
<username>MalafayaBot</username>
<id>628</id>
</contributor>
<minor />
<comment>r2.7.5) (Robô: A adicionar: [[chr:xear]]</comment>
<model>wikitext</model>
<format>text/x-wiki</format>
<text bytes="184" xml:space="preserve">={{-gl-}}=
==Verbo==
'''xear'''
# [[gelar]]
{{página-automática|Fevereiro|2013|gelar|gl}}
[[Categoria:Verbo (Galego)]]
[[chr:xear]]
[[es:xear]]
[[gl:xear]]
[[hu:xear]]
[[mg:xear]]</text>
<sha1>nxereeq34k30yk0h8qqlxny8leh0ava</sha1>
</revision>
