<page>
<title>xebra</title>
<ns>0</ns>
<id>249586</id>
<revision>
<id>2668696</id>
<parentid>2554782</parentid>
<timestamp>2022-03-27T14:45:35Z</timestamp>
<contributor>
<username>Cpls</username>
<id>20608</id>
</contributor>
<comment>/* Substantivo2 */</comment>
<model>wikitext</model>
<format>text/x-wiki</format>
<text bytes="2000" xml:space="preserve">={{-pt-}}=
==Interjeição==
{{paroxítona|xe|bra}}
# {{escopo|pt|Galiza}} [[voz]] com a que os pastores provocam que o gado do rebanho comum se [[separar|separe]], cada um para a sua casa
==Substantivo&lt;sup&gt;1&lt;/sup&gt;==
{{flex.pt|fs=xebra|fp=xebras}}
{{paroxítona|xe|bra}}, {{g|f}}
# {{escopo|pt|Galiza}} [[sargaço]] que traz o mar, que recolhido serve para estercar; [[seba]]
# {{escopo|pt|Galiza}} [[planta]] marinha, das espécies: ''[[wikispecies:Ruppia maritima|Ruppia maritima]]'' , ''[[wikispecies:Zostera marina|Zostera marina]]'' , ''[[wikispecies:Ulva lactuca|Ulva lactuca]]'', e ''[[wikispecies:Enteromorpha intestinalis|Enteromorpha intestinalis]]''; (variantes: [[seba]], ''[[zebra#Galego|zebra]]'')
==={{etimologia|pt}}===
{{llietimo|la|separare|pt|ponto=não}}, do verbo galego [[xebrar]]. Confronte-se com o [[galego]] ''[[xebroada#Galego|xebroada]]''.
==Substantivo&lt;sup&gt;2&lt;/sup&gt;==
{{flex.pt|fs=xebra|fp=xebras}}
{{paroxítona|xe|bra}}, {{g|f}}
# {{escopo|pt|Galiza}}  planta semelhante à [[mostarda]], pertencente às espécies ''[[species:Brassica nigra|Brassica nigra]]'' ou ''[[species:Sisymbrium officinale|Sisymbrium officinale]]''; (variante: ''[[xiebra#Galego|xiebra]]'')
==={{etimologia|pt}}===
{{llietimo|la|acerbus|pt|acerbus, acerba}} Confronte-se com {{etimo|gl|xeibra}}.
[[Categoria:Interjeição (Português)]]
[[Categoria:Substantivo (Português)]]
={{-ast-}}=
==Interjeição==
{{paroxítona|xe|bra|lang=ast}}
# voz com a que os pastores provocam que o gado do rebanho comum se [[separar|separe]], cada um para a sua casa
==Substantivo==
{{flex.ast|fs=xebra|fp=xebres}}
{{paroxítona|xe|bra|lang=ast}}, {{g|f|lang=ast}}
# ação de [[xebrar]], de [[separar]]
# [[sulco]] que separa duas propriedades, [[limite]] entre propriedades, [[xebre]]
# [[senda]] pela beira de um cultivo
==={{-varort-}}===
* [[dexebra#{{ast}}|dexebra]], [[dixebra#{{ast}}|dixebra]], [[xibra#{{ast}}|xibra]]
[[Categoria:Interjeição (Asturiano)]]
[[Categoria:Substantivo (Asturiano)]]</text>
<sha1>c3hwmhr9xh5vtkivcu8yx5zrrlfk5ov</sha1>
</revision>
</page>
