<page>
<page>
<title>xebreiro</title>
<ns>0</ns>
<id>399146</id>
<revision>
<id>2531039</id>
<parentid>2531038</parentid>
<timestamp>2019-01-02T19:57:19Z</timestamp>
<contributor>
<username>Cpls</username>
<id>20608</id>
</contributor>
<comment>/* {{etimologia|gl}} */</comment>
<model>wikitext</model>
<format>text/x-wiki</format>
<text bytes="394" xml:space="preserve">={{-gl-}}=
==Substantivo==
{{flex.gl|ms=xebreiro|mp=xebreiros}}
{{paroxítona|xe|brei|ro|lang=gl}}, {{g|m|lang=gl}}
# terra, zona, lugar que são muito [[frio]]s
=={{etimologia|gl}}==
: Da mesma origem que ''[[xabreiro#{{gl}}|xabreiro]]'' ou o astruiano {{etimo|ast|sebreñu}}. Confronte-se com ''[[zebreiro#{{gl}}|zebreiro]]'' e ''[[xebre#{{gl}}|xebre]]''.
[[Categoria:Substantivo (Galego)]]</text>
<sha1>o0obhm0wracv7xlwqu1j0nic5sfz7vm</sha1>
</revision>
