<page>
<title>xebro</title>
<ns>0</ns>
<id>301188</id>
<revision>
<id>1803669</id>
<parentid>1517026</parentid>
<timestamp>2014-01-07T21:25:13Z</timestamp>
<contributor>
<username>MalafayaBot</username>
<id>628</id>
</contributor>
<minor />
<comment>r2.7.5) (Robô: A adicionar: [[en:xebro]]</comment>
<model>wikitext</model>
<format>text/x-wiki</format>
<text bytes="413" xml:space="preserve">={{-gl-}}=
==Substantivo==
{{flex.gl|ms=xebro|mp=xebros}}
{{paroxítona|xe|bro|lang=gl}}, {{m}}
# [[linde]], limite entre duas propriedades de terreno, linha divisória, raia
=={{etimologia|gl}}==
: {{escopo|Morfologia}} De [[xebrar]].
==Ver também==
===No Wikcionário===
{{verTambém.Ini}}
* [[xebre]]
{{verTambém.NovaColuna}}
* [[xebra]]
{{verTambém.Fim}}
[[Categoria:Substantivo (Galego)]]
[[en:xebro]]</text>
<sha1>56xaasziyntdoi5ftqsdo4z733fnpqw</sha1>
</revision>
</page>
