<page>
<page>
<title>xebre</title>
<ns>0</ns>
<id>249597</id>
<revision>
<id>2531035</id>
<parentid>2140499</parentid>
<timestamp>2019-01-02T19:52:30Z</timestamp>
<contributor>
<username>Cpls</username>
<id>20608</id>
</contributor>
<model>wikitext</model>
<format>text/x-wiki</format>
<text bytes="1728" xml:space="preserve">={{-pt-}}=
==Interjeição==
{{paroxítona|xe|bre}}
# {{escopo|pt|Galiza}} voz que açula aos animais a [[separar]]em-se para as suas diferentes casas quando volta o rebanho comum
==Adjetivo==
{{flex.pt|s=xebre|p=xebres}}
{{paroxítona|xe|bre}}, {{g|c2g}}
# {{escopo|pt|Galiza}} neto, [[limpo]], puro
# {{escopo|pt|Galiza}} [[forte]], bom, excelente
# {{escopo|pt|Trás-os-Montes|Galiza}} referido à comida pouco condimentada, com poucos ou nenhuns [[tempero|temperos]], [[enxabido]]. 
#* ''&quot;O pão '''xebre''' é sem sal, sem levedura, e o caldo '''xebre''' apenas é de berça&quot;.''
# {{escopo|pt|Galiza}} [[áspero]] ao tacto
# {{escopo|pt|Galiza}} pouco [[afável]], rude, rigoroso
# {{escopo|pt|Galiza}} separado do [[cônjuge]]
===Expressões===
# {{escopo2|Galiza e Trás-os-Montes}} '''[[em xebre]]''', [[nú]]
==Substantivo==
{{flex.pt|fs=xebre|fp=xebres}}
{{paroxítona|xe|bre}}, {{g|f}}
# {{escopo|pt|Galiza}} [[seba]], [[alga]] marinha arrastada pela maré
# {{escopo|pt|Galiza}} lindeiro, limite, [[sebe]]
=={{etimologia|pt}}==
: Derivado de [[xebrar]], &quot;com a ideia de [[separar]]&quot;.
: Do latim {{etimo|la|acerbus}}, &quot;com a ideia do [[sabor]]&quot;; confronte-se com a forma galega ''[[cebre#Galego|cebre]]'', &quot;[[teimoso]]&quot;.
==Ver também==
===No Wikcionário===
{{verTambém.Ini}}
* [[enxebre]]
{{verTambém.NovaColuna}}
* [[xebra]]
{{verTambém.Fim}}
[[Categoria:Interjeição (Português)]]
[[Categoria:Adjetivo (Português)]]
[[Categoria:Substantivo (Português)]]
={{-ast-}}=
==Substantivo==
{{flex.ast|ms=xebre|mp=xebres}}
{{paroxítona|xe|bre|lang=ast}}, {{m}}
# separação, [[distância]] entre dous lugares
# variante de ''[[xebru#Asturiano|xebru]]''
[[Categoria:Substantivo (Asturiano)]]
[[tg:xebre]]</text>
<sha1>afnorjbqd4y7jon9r1uic267rlunqqt</sha1>
</revision>
