<page>
<title>xebrar</title>
<ns>0</ns>
<id>249594</id>
<revision>
<id>2456479</id>
<parentid>2456478</parentid>
<timestamp>2017-10-22T08:03:06Z</timestamp>
<contributor>
<username>Cpls</username>
<id>20608</id>
</contributor>
<model>wikitext</model>
<format>text/x-wiki</format>
<text bytes="1172" xml:space="preserve">={{-pt-}}=
==Verbo==
{{oxítona|xe|brar}}, {{g|trans}}
# {{escopo|pt|Galiza}} [[separar]] os animais uns dos outros.
#* '''''&quot;Xebra''' o bezerro da vaca que já acabou de mamar.&quot;''
# {{escopo|pt|Galiza}} [[selecionar]], escolher o fruto, separando qualidades
# {{escopo|pt|Galiza}} separar, [[delimitar]], [[estremar]]
===Conjugação===
{{conj/pt|xebr|ar}}
=={{etimologia|pt}}==
: Aparentado ou derivado do latim {{etimo|la|separare}}. Confronte-se com o francês {{etimo|fr|sevrer}} e com o [[occitano]] {{etimo|oc|sebrar}}.
==Ver também==
===No Wikcionário===
* [[seixebra]]
[[Categoria:Verbo (Português)]]
={{-ast-}}=
==Verbo==
{{oxítona|xe|brar|lang=ast}}, {{g|trans|lang=ast}}
# [[separar]] terras umas das outras por meio de [[suco]]s ou [[marco]]s.
# [[separar]] o gado do rebanho comum, separar os animais uns dos outros
# [[separar]] a [[castanha]] do [[ouriço]]
# [[separar]], o unido ou mesclado
# [[diferenciar]], [[distinguir]] uma coisa de outra
{{oxítona|xe|brar|lang=ast}}, {{g|pron|lang=ast}}
#{{cont|6}} [[divorciar]]-se
==={{-varort-}}===
* ''[[dixebrar#Asturiano|dixebrar]]''
[[Categoria:Verbo (Asturiano)]]
[[gl:xebrar]]
[[tg:xebrar]]</text>
<sha1>5ulkbta21t21axdidr548oawv71d7d4</sha1>
</revision>
</page>
