<page>
<title>xebru</title>
<ns>0</ns>
<id>301379</id>
<revision>
<id>2527932</id>
<parentid>1867596</parentid>
<timestamp>2018-12-03T17:05:40Z</timestamp>
<contributor>
<username>Cpls</username>
<id>20608</id>
</contributor>
<comment>/* {{-ast-}} */</comment>
<model>wikitext</model>
<format>text/x-wiki</format>
<text bytes="300" xml:space="preserve">={{-ast-}}=
==Substantivo==
{{flex.ast|ms=xebru|mp=xebros}}
{{paroxítona|xe|bru|lang=ast}}, {{g|m|lang=ast}}
# [[marco]], pedra que marca o limite de uma terra
=={{etimologia|ast}}==
: Cognado do galego ''[[xebre#{{gl}}|xebre]]'' e ''[[xebro#{{gl}}|xebro]]''.
[[Categoria:Substantivo (Asturiano)]]</text>
<sha1>mpo6oz7d50ek9erdurhod7n6hhmh0ot</sha1>
</revision>
</page>
