<page>
<title>xefes</title>
<ns>0</ns>
<id>386853</id>
<revision>
<id>2466240</id>
<timestamp>2017-12-02T19:08:02Z</timestamp>
<contributor>
<username>Imivorn</username>
<id>64513</id>
</contributor>
<comment>[[Ajuda:Guia de edição/Menus e ferramentas/Sumário de edição|→]] nova página: ={{-mwl-}}= ==Forma de substantivo== {{paroxítona|xe|fes|língua=mwl}} # plural de '''[[xefe]]'''  Categor...</comment>
<model>wikitext</model>
<format>text/x-wiki</format>
<text bytes="146" xml:space="preserve">={{-mwl-}}=
==Forma de substantivo==
{{paroxítona|xe|fes|língua=mwl}}
# plural de '''[[xefe]]'''
[[Categoria:Forma de substantivo (Mirandês)]]</text>
<sha1>9qhq50c677m2x5tg2it86rd6c7drt8l</sha1>
</revision>
</page>
