<page>
<page>
<title>xefe</title>
<ns>0</ns>
<id>386852</id>
<revision>
<id>2466239</id>
<timestamp>2017-12-02T19:07:19Z</timestamp>
<contributor>
<username>Imivorn</username>
<id>64513</id>
</contributor>
<comment>[[Ajuda:Guia de edição/Menus e ferramentas/Sumário de edição|→]] nova página: ={{-mwl-}}= ==Substantivo== {{flex.mwl|s=xefe|p=xefes}} {{paroxítona|xe|fe|língua=mwl}}, {{mf}} # [[chefe]]...</comment>
<model>wikitext</model>
<format>text/x-wiki</format>
<text bytes="148" xml:space="preserve">={{-mwl-}}=
==Substantivo==
{{flex.mwl|s=xefe|p=xefes}}
{{paroxítona|xe|fe|língua=mwl}}, {{mf}}
# [[chefe]]
[[Categoria:Substantivo (Mirandês)]]</text>
<sha1>dpf2j97u9y3sfci96o0fdl5uqi5mi1x</sha1>
</revision>
