<page>
<title>xeia</title>
<ns>0</ns>
<id>15092</id>
<revision>
<id>1326087</id>
<parentid>1090072</parentid>
<timestamp>2011-12-08T01:06:28Z</timestamp>
<contributor>
<username>MalafayaBot</username>
<id>628</id>
</contributor>
<minor />
<comment>Robô: Substituição de texto automática (-^\=(\s*?)(\{\{kea\}\}|Cabo\-?verdiano)(\s*?)\= +={{-kea-}}=)</comment>
<model>wikitext</model>
<format>text/x-wiki</format>
<text bytes="82" xml:space="preserve">={{-kea-}}=
==Verbo==
'''xeia'''
# [[encher]]
[[Categoria:Verbo (Cabo-verdiano)]]</text>
<sha1>o548igczrjbvsyvtrxv7quehp9bmw5p</sha1>
</revision>
</page>
