<page>
<page>
<title>xeibroar</title>
<ns>0</ns>
<id>351430</id>
<revision>
<id>2064156</id>
<parentid>2064154</parentid>
<timestamp>2016-02-19T12:30:26Z</timestamp>
<contributor>
<username>Cpls</username>
<id>20608</id>
</contributor>
<comment>/* {{-gl-}} */</comment>
<model>wikitext</model>
<format>text/x-wiki</format>
<text bytes="284" xml:space="preserve">={{-gl-}}=
==Verbo==
{{oxítona|xei|bro|ar|lang=gl}}, ''pronominal''
# [[cobrir]]-se de [[seba]] a praia ou a costa
===Sinónimo===
* [[axeibroar#Galego|axeibroar]]
=={{etimologia|gl}}==
: {{escopo|Morfologia}} De ''[[xeibro#Galego|xeibro]]'' + [[-ar]].
[[Categoria:Verbo (Galego)]]</text>
<sha1>ggzc70bctr59wtd13aoiypd8dkpka97</sha1>
</revision>
