<page>
<title>xeibro</title>
<ns>0</ns>
<id>351428</id>
<revision>
<id>2064157</id>
<parentid>2064151</parentid>
<timestamp>2016-02-19T12:30:31Z</timestamp>
<contributor>
<username>Cpls</username>
<id>20608</id>
</contributor>
<comment>/* {{-gl-}} */</comment>
<model>wikitext</model>
<format>text/x-wiki</format>
<text bytes="319" xml:space="preserve">={{-gl-}}=
==Substantivo==
{{flex.gl|ms=xeibro|mp=xeibros}}
{{paroxítona|xei|bro|lang=gl}}, {{m}}
# [[seba]], [[argaço]] marinho que é recolhido para [[adubo]]
=={{etimologia|gl}}==
: {{escopo|Morfologia}} Variante de [[xebra]]. Confronte-se com ''[[xeibroar#Galego|xeibroar]]''.
[[Categoria:Substantivo (Galego)]]</text>
<sha1>n9hi96nbnn6uelkuzueqj0god9eberq</sha1>
</revision>
</page>
