<page>
<title>xeibra</title>
<ns>0</ns>
<id>351429</id>
<revision>
<id>2554780</id>
<parentid>2064153</parentid>
<timestamp>2019-09-24T10:07:13Z</timestamp>
<contributor>
<username>ValJor</username>
<id>1358</id>
</contributor>
<comment>Acrescentando código de língua à [[:Categoria:!Página com mensagem de erro em predefinição|predefinição escopo]]</comment>
<model>wikitext</model>
<format>text/x-wiki</format>
<text bytes="364" xml:space="preserve">={{-gl-}}=
==Substantivo==
{{flex.gl|fs=xeibra|fp=xeibras}}
{{paroxítona|xei|bra|lang=gl}}, {{g|f}}
# {{escopo|gl|Botânica}} mostarda-dos-campos, [[saramago]], nabo selvagem, ''[[wikispecies:Sinapis arvensis|Sinapis arvensis]]''
==={{-varort-}}===
* [[xiebra#Galego|xiebra]]
==Ver também==
===No Wikcionário===
* [[xebra]]
[[Categoria:Substantivo (Galego)]]</text>
<sha1>pfniy5gftyinpaat8n07ywvgualjvnt</sha1>
</revision>
</page>
