<page>
<page>
<title>xeixo</title>
<ns>0</ns>
<id>386854</id>
<revision>
<id>2531863</id>
<parentid>2466242</parentid>
<timestamp>2019-01-07T20:13:26Z</timestamp>
<contributor>
<username>Cpls</username>
<id>20608</id>
</contributor>
<model>wikitext</model>
<format>text/x-wiki</format>
<text bytes="673" xml:space="preserve">={{-gl-}}=
==Substantivo==
{{flex.gl|ms=xeixo|mp=xeixos}}
{{paroxítona|xei|xo|lang=gl}}, {{g|m|lang=gl}}
# [[seixo#{{pt}}|seixo]], pedra
# [[quartzo]]
==={{-varort-}}===
* [[seixo#{{gl}}|seixo]]
=={{etimologia|gl}}==
{{llietimo|la|saxum|gl}}
[[Categoria:Substantivo (Galego)]]
[[Categoria:Entrada com imagem (Galego)]]
={{-mwl-}}=
[[Imagem:Stone_IMAG1028.JPG|thumb|250px|xeixos]]
==Substantivo==
{{flex.mwl|ms=xeixo|mp=xeixos}}
{{paroxítona|xei|xo|língua=mwl}}, {{g|m|lang=mwl}}
# [[seixo]]
==Ver também==
===No Wikcionário===
{{verTambém.Ini}}
* [[xeixal]]
{{verTambém.Fim}}
[[Categoria:Substantivo (Mirandês)]]
[[Categoria:Entrada com imagem (Mirandês)]]</text>
<sha1>lj0rc4aegl3gyjx6lup46w3xumk7as3</sha1>
</revision>
