<page>
<title>xeixales</title>
<ns>0</ns>
<id>386858</id>
<revision>
<id>2466250</id>
<timestamp>2017-12-02T19:18:28Z</timestamp>
<contributor>
<username>Imivorn</username>
<id>64513</id>
</contributor>
<comment>[[Ajuda:Guia de edição/Menus e ferramentas/Sumário de edição|→]] nova página: ={{-mwl-}}= ==Forma de substantivo== {{paroxítona|xei|xa|les|língua=mwl}} # plural de '''[[xeixal]]'''  C...</comment>
<model>wikitext</model>
<format>text/x-wiki</format>
<text bytes="152" xml:space="preserve">={{-mwl-}}=
==Forma de substantivo==
{{paroxítona|xei|xa|les|língua=mwl}}
# plural de '''[[xeixal]]'''
[[Categoria:Forma de substantivo (Mirandês)]]</text>
<sha1>n71j71adnoqkg8af532033qfaqyd28d</sha1>
</revision>
</page>
