<page>
<title>xeixal</title>
<ns>0</ns>
<id>386856</id>
<revision>
<id>2466251</id>
<parentid>2466248</parentid>
<timestamp>2017-12-02T19:18:59Z</timestamp>
<contributor>
<username>Imivorn</username>
<id>64513</id>
</contributor>
<comment>/* {{-mwl-}} */</comment>
<model>wikitext</model>
<format>text/x-wiki</format>
<text bytes="367" xml:space="preserve">={{-mwl-}}=
[[Imagem:Stone_IMAG1028.JPG|thumb|250px|xeixos]]
==Substantivo==
{{flex.mwl|ms=xeixal|mp=xeixales}}
{{oxítona|xei|xal|língua=mwl}}, {{m}}
# [[seixal]], local com muitos [[seixo]]s
==Ver também==
===No Wikcionário===
{{verTambém.Ini}}
* [[xeixo]]
{{verTambém.Fim}}
[[Categoria:Substantivo (Mirandês)]]
[[Categoria:Entrada com imagem (Mirandês)]]</text>
<sha1>km2h2i396qjxtmgyzb7gtciyrlhz57s</sha1>
</revision>
</page>
