<page>
<page>
<title>xelfa</title>
<ns>0</ns>
<id>354072</id>
<revision>
<id>2076987</id>
<timestamp>2016-03-25T13:52:11Z</timestamp>
<contributor>
<username>Cpls</username>
<id>20608</id>
</contributor>
<comment>[[Ajuda:Guia de edição/Menus e ferramentas/Sumário de edição|→]] nova página: ={{-gl-}}= ==Substantivo== {{flex.gl|fs=xelfa|fp=xelfas}} {{paroxítona|xel|fa|lang=gl}}, {{f}} # pancadari...</comment>
<model>wikitext</model>
<format>text/x-wiki</format>
<text bytes="266" xml:space="preserve">={{-gl-}}=
==Substantivo==
{{flex.gl|fs=xelfa|fp=xelfas}}
{{paroxítona|xel|fa|lang=gl}}, {{f}}
# [[pancadaria]], tunda, sova
=={{etimologia|gl}}==
: Confronte-se com ''[[xerfa#Galego|xerfa]]'' e ''[[salferir#Galego|salferir]]''.
[[Categoria:Substantivo (Galego)]]</text>
<sha1>kx1wpka18jgzi8yqradri270r37eqci</sha1>
</revision>
