<page>
<page>
<title>xelim</title>
<ns>0</ns>
<id>256803</id>
<revision>
<id>2615178</id>
<parentid>1997954</parentid>
<timestamp>2021-01-31T21:30:20Z</timestamp>
<contributor>
<username>MarxavBot</username>
<id>80155</id>
</contributor>
<minor />
<comment>AFI Portugal</comment>
<model>wikitext</model>
<format>text/x-wiki</format>
<text bytes="434" xml:space="preserve">={{-pt-}}=
==Substantivo==
{{flex.pt|ms=xelim|mp=xelins}}
{{oxítona|xe|lim}} {{m}}
# [[moeda]] [[inglesa]] de [[prata]] que representava 1/20 da [[libra esterlina]], até 1971
=={{etimologia|pt}}==
: Do inglês {{etimo|en|shilling}}.
=={{pronúncia|pt}}==
===Portugal===
* AFI: {{AFI|/ʃɨ.ˈlĩ/}}
[[Categoria:Substantivo (Português)]]
[[Categoria:Entrada de étimo inglês (Português)]]
[[en:xelim]]
[[eo:xelim]]
[[zh:xelim]]</text>
<sha1>buofkcphcl3k21ci28mxi7sw1qyhwvg</sha1>
</revision>
