<page>
<title>xelu</title>
<ns>0</ns>
<id>229187</id>
<revision>
<id>2685639</id>
<parentid>2140519</parentid>
<timestamp>2022-08-09T08:00:11Z</timestamp>
<contributor>
<username>ValJor</username>
<id>1358</id>
</contributor>
<comment>Confirmando [[:Categoria:!Entrada criada por robô|verbete criado por robô]]</comment>
<model>wikitext</model>
<format>text/x-wiki</format>
<text bytes="295" xml:space="preserve">={{-ast-}}=
==Substantivo==
'''xelu'''
# [[gelo]]
[[Categoria:Substantivo (Asturiano)]]
={{-lne-}}=
==Substantivo==
'''xelu'''
# [[gelo]]
[[Categoria:Substantivo (Leonês)]]
={{-sro-}}=
==Substantivo==
'''xelu'''
# [[céu]] (abóbada celeste)
[[Categoria:Substantivo (Sardo Campidanês)]]</text>
<sha1>3et119a2ef7w3zweedvtm279qduekkf</sha1>
</revision>
</page>
