<page>
<page>
<title>Xemelgos</title>
<ns>0</ns>
<id>153238</id>
<revision>
<id>2554777</id>
<parentid>2282572</parentid>
<timestamp>2019-09-24T01:46:18Z</timestamp>
<contributor>
<username>ValJor</username>
<id>1358</id>
</contributor>
<comment>Acrescentando código de língua à [[:Categoria:!Página com mensagem de erro em predefinição|predefinição escopo]]</comment>
<model>wikitext</model>
<format>text/x-wiki</format>
<text bytes="193" xml:space="preserve">={{-gl-}}=
==Substantivo==
'''Xemelgos''', {{g|pr}}
# {{escopo|gl|Astrologia}} [[Gêmeos]], terceiro [[signo]] do [[zodíaco]]
===Sinônimo===
* [[Xémini]]
[[Categoria:Substantivo (Galego)]]</text>
<sha1>ixphhmzfg3btm8qersrzya65n8j0z43</sha1>
</revision>
