<page>
<title>xenaro</title>
<ns>0</ns>
<id>237001</id>
<revision>
<id>1961053</id>
<parentid>1689473</parentid>
<timestamp>2015-07-10T10:31:26Z</timestamp>
<contributor>
<username>HydrizBot</username>
<id>29590</id>
</contributor>
<minor />
<comment>Robô: A adicionar: [[hu:xenaro]]</comment>
<model>wikitext</model>
<format>text/x-wiki</format>
<text bytes="309" xml:space="preserve">={{-vec-}}=
==Substantivo==
'''xenaro'''
# [[janeiro]]; [[primeiro]] [[mês]] do [[ano]] civil, tendo 31 [[dia]]s.
== Ver também ==
=== No Wikcionário ===
{{meses/vec}}
[[Categoria:Substantivo (Vêneto)]]
[[Categoria:Mês (Vêneto)]]
[[en:xenaro]]
[[hu:xenaro]]
[[mg:xenaro]]
[[pl:xenaro]]
[[vec:xenaro]]</text>
<sha1>ekoje8t2hqm43yng9p1usjchaexu9ml</sha1>
</revision>
</page>
