<page>
<page>
<title>xena</title>
<ns>0</ns>
<id>399490</id>
<revision>
<id>2643846</id>
<parentid>2516822</parentid>
<timestamp>2021-07-28T16:36:20Z</timestamp>
<contributor>
<username>Cpls</username>
<id>20608</id>
</contributor>
<comment>/* {{-gl-}} */</comment>
<model>wikitext</model>
<format>text/x-wiki</format>
<text bytes="443" xml:space="preserve">={{-gl-}}=
==Adjetivo==
{{flex.gl|ms=xeno|mp=xenos|fs=xena|fp=xenas}}
{{paroxítona|xe|na|lang=gl}}
# qualifica a [[vaca]] que tem [[quadril]] caído, ou roto; que tem o quadril desequilibrado, não simétrico
==={{-varort-}}===
* [[gena#{{gl}}|gena]]
===Sinónimos===
* Vide em [[néciga#{{gl}}|néciga]]
=={{etimologia|gl}}==
: Confronte-se com ''[[coxém#{{gl}}|coxém]]'' e ''[[coxeno#{{gl}}|coxena]]''.
[[Categoria:Adjetivo (Galego)]]</text>
<sha1>4aq8ak5tanlkf84zm9s3tr3cn86whql</sha1>
</revision>
