<page>
<title>xenhenhém</title>
<ns>0</ns>
<id>381724</id>
<revision>
<id>2441995</id>
<parentid>2441991</parentid>
<timestamp>2017-08-04T16:54:22Z</timestamp>
<contributor>
<username>Askekamo</username>
<id>60711</id>
</contributor>
<comment>Eu sempre cantei assim: — ♩ Xenhenhém, xenhenhém, xenhenhém. Vou fazer tudo pra ganhar xenhenhém ♩ E você?: —♩ Xenhenhém, xenhenhém, xenhenhém. Vou fazer tudo pra ganhar no xenhenhém ♩ — Tá me puxando pra onde!? Ohhhhhhhhhhhhhhhhhh</comment>
<model>wikitext</model>
<format>text/x-wiki</format>
<text bytes="249" xml:space="preserve">={{-pt-}}=
==Substantivo==
{{flex.pt|ms=xenhenhém|mp=xenhenhém}}
{{oxítona|xe|nhe|nhém}}, {{gramática|m}}
# [[vulva]]
===Sinônimos===
* De '''1''': vide lista de sinônimos em ''[[Wikisaurus:buceta]]''.
[[Categoria:Substantivo (Português)]]</text>
<sha1>gxmvgcj45kpvasrw8fvmopoub1i3vg7</sha1>
</revision>
</page>
