<page>
<page>
<title>xenofilia</title>
<ns>0</ns>
<id>16605</id>
<revision>
<id>2081140</id>
<parentid>1563993</parentid>
<timestamp>2016-04-03T17:48:21Z</timestamp>
<contributor>
<username>HydrizBot</username>
<id>29590</id>
</contributor>
<minor />
<comment>Robô: A adicionar: [[pl:xenofilia]]</comment>
<model>wikitext</model>
<format>text/x-wiki</format>
<text bytes="995" xml:space="preserve">={{-pt-}}=
==Substantivo==
{{flex.pt|fs=xenofilia|fp=xenofilias}}
{{paroxítona|xe|no|fi|li|a}}, ''f''
# [[amor]] ou [[estima]] às [[pessoa]]s e coisas [[estrangeiro|estrangeiras]]
===Antônimo===
* [[xenofobia]]
===Tradução===
{{tradini}}
* {{trad|de|Xenophilie}}
* {{trad|es|xenofilia}}
* {{trad|fr|xénophilie}}
* {{trad|el|ξενοφιλία}}
{{tradmeio}}
* {{trad|nl|xenofilie}}
* {{trad|en|xenophily|xenophilia}}
* {{trad|it|xenofilia}}
* {{trad|pl|ksenofilia}}
{{tradfim}}
[[Categoria:Substantivo (Português)]]
[[Categoria:Sentimento (Português)]]
={{-es-}}=
==Substantivo==
'''xenofilia'''
# [[xenofilia#Português|xenofilia]]
[[Categoria:Substantivo (Espanhol)]]
[[Categoria:Sentimento (Espanhol)]]
={{-it-}}=
==Substantivo==
'''xenofilia'''
# [[xenofilia#Português|xenofilia]]
[[Categoria:Substantivo (Italiano)]]
[[Categoria:Sentimento (Italiano)]]
[[en:xenofilia]]
[[es:xenofilia]]
[[fr:xenofilia]]
[[io:xenofilia]]
[[nl:xenofilia]]
[[pl:xenofilia]]
[[zh:xenofilia]]</text>
<sha1>mohoktxeh6fdi6plcebdz8bp12x38lu</sha1>
</revision>
