<page>
<title>xenocio</title>
<ns>0</ns>
<id>229669</id>
<revision>
<id>2652884</id>
<parentid>1726458</parentid>
<timestamp>2021-11-20T16:43:15Z</timestamp>
<contributor>
<username>ValJor</username>
<id>1358</id>
</contributor>
<comment>Confirmando [[:Categoria:!Entrada criada por robô|verbete criado por robô]]</comment>
<model>wikitext</model>
<format>text/x-wiki</format>
<text bytes="231" xml:space="preserve">[[Imagem:Knee.female.jpg|thumb|right|250px|{{centro|Joelho}}]]
={{-vec-}}=
==Substantivo==
'''xenocio'''
# [[joelho]]
[[Categoria:Substantivo (Vêneto)]]
[[Categoria:Anatomia (Vêneto)]]
[[Categoria:Entrada com imagem (Vêneto)]]</text>
<sha1>ab7axejqyxzansob3ng8l6yry1cy2hu</sha1>
</revision>
</page>
