<page>
<title>xenono</title>
<ns>0</ns>
<id>253643</id>
<revision>
<id>2245956</id>
<parentid>2140515</parentid>
<timestamp>2017-02-28T04:08:12Z</timestamp>
<contributor>
<username>OctraBot</username>
<id>56948</id>
</contributor>
<minor />
<comment>Robô: A adicionar: [[eo:xenono]], [[ru:xenono]]</comment>
<model>wikitext</model>
<format>text/x-wiki</format>
<text bytes="303" xml:space="preserve">{{Wikipédia|lang=io}}
={{-io-}}=
{{elementos|Xe|iodo|I|cesio|Cs}}
==Substantivo==
'''xenono'''
# [[xenônio]]
==Ver também==
===No Wikcionário===
{{tabela periódica/io}}
[[Categoria:Substantivo (Ido)]]
[[Categoria:Elemento químico (Ido)]]
[[eo:xenono]]
[[io:xenono]]
[[pl:xenono]]
[[ru:xenono]]</text>
<sha1>hcxn490imvlyjmyug4sf0yjl3y70uwv</sha1>
</revision>
</page>
