<page>
<title>xenofóbico</title>
<ns>0</ns>
<id>124399</id>
<revision>
<id>1997953</id>
<parentid>1189056</parentid>
<timestamp>2015-09-06T11:23:47Z</timestamp>
<contributor>
<username>HydrizBot</username>
<id>29590</id>
</contributor>
<minor />
<comment>Robô: A adicionar: [[en:xenofóbico]]</comment>
<model>wikitext</model>
<format>text/x-wiki</format>
<text bytes="348" xml:space="preserve">={{-pt-}}=
==Adjetivo==
'''xe.no.fó.bi.co''' ''masculino singular''
:# [[qualidade]] relativa ao [[medo]] daquilo que é [[estrangeiro]]
:# que tem [[xenofobia]]
==Etimologia==
Do Grego '''{{etimo|el|ξένος}}''' (estrangeiro)  + '''{{etimo|el|φόβος}}''' (medo)
[[Categoria:Adjetivo (Português)]]
[[en:xenofóbico]]
[[zh:xenofóbico]]</text>
<sha1>gsqc4xea62pxhktqjes8n56roy9ucrk</sha1>
</revision>
</page>
