<page>
<title>xenoni</title>
<ns>0</ns>
<id>293836</id>
<revision>
<id>2541573</id>
<parentid>2245950</parentid>
<timestamp>2019-04-12T11:08:31Z</timestamp>
<contributor>
<username>ValJor</username>
<id>1358</id>
</contributor>
<comment>Acrescentando código de língua à [[:Categoria:!Página com mensagem de erro em predefinição|predefinição escopo]]</comment>
<model>wikitext</model>
<format>text/x-wiki</format>
<text bytes="340" xml:space="preserve">{{Wikipédia|lang=sw}}
={{-sw-}}=
==Substantivo==
{{elementos|Xe|iodini|I|caesi|Cs}}
'''xenoni'''
# {{escopo|sw|Química}} {{PEPB|[[xenónio]]|[[xenônio]]|inline=1}}
===Sinônimo===
* [[zenoni]]
==Ver também==
===No Wikcionário===
{{tabela periódica/sw}}
[[Categoria:Substantivo (Suaíli)]]
[[Categoria:Elemento químico (Suaíli)]]</text>
<sha1>0t2dicui5ym1gdqzwttaib7yhzhyfig</sha1>
</revision>
</page>
