<page>
<page>
<title>xeno</title>
<ns>0</ns>
<id>148490</id>
<revision>
<id>2245948</id>
<parentid>2147660</parentid>
<timestamp>2017-02-28T04:06:22Z</timestamp>
<contributor>
<username>OctraBot</username>
<id>56948</id>
</contributor>
<minor />
<comment>Robô: A adicionar: [[ru:xeno]]</comment>
<model>wikitext</model>
<format>text/x-wiki</format>
<text bytes="659" xml:space="preserve">{{Wikipédia|lang=it}}
[[Imagem:XeTube.jpg|thumb|130px|&lt;center&gt;Luminoso de xenônio&lt;/center&gt;]] 
={{-it-}}=
==Substantivo==
{{elementos|Xe|iodio|I|cesio|Cs}}
'''xeno'''
# {{PEPB|[[xenónio]]|[[xenônio]]}}
==Ver também==
===No Wikcionário===
{{tabela periódica/it}}
[[Categoria:Substantivo (Italiano)]]
[[Categoria:Elemento químico (Italiano)]]
[[Categoria:Entrada com imagem (Italiano)]]
[[ca:xeno]]
[[cs:xeno]]
[[de:xeno]]
[[en:xeno]]
[[es:xeno]]
[[et:xeno]]
[[eu:xeno]]
[[fr:xeno]]
[[hu:xeno]]
[[io:xeno]]
[[it:xeno]]
[[ja:xeno]]
[[ku:xeno]]
[[la:xeno]]
[[lt:xeno]]
[[mg:xeno]]
[[pl:xeno]]
[[ro:xeno]]
[[ru:xeno]]
[[sv:xeno]]
[[ta:xeno]]
[[zh:xeno]]</text>
<sha1>jaq2pqn7u9zhomog32flk664w9urmb4</sha1>
</revision>
