<page>
<title>xenomania</title>
<ns>0</ns>
<id>374061</id>
<revision>
<id>2235142</id>
<timestamp>2017-02-09T11:08:42Z</timestamp>
<contributor>
<username>ValJor</username>
<id>1358</id>
</contributor>
<comment>Eliminando [[xenomanias]] da lista de [[Especial:Lonelypages|órfãos]]</comment>
<model>wikitext</model>
<format>text/x-wiki</format>
<text bytes="778" xml:space="preserve">={{-pt-}}=
==Substantivo==
{{flex.pt|fs=xenomania|fp=xenomanias}}
{{paroxítona|xe|no|ma|ni|a}}, {{gramática|f}}
# [[paixão]] pelo que é [[estrangeiro]]
===Tradução===
{{tradini}}
* {{trad|fr|xénomanie}}
* {{trad|el|ξενομανία}}
{{tradmeio}}
* {{trad|nl|xenomanie}}
* {{trad|en|xenomania}}
{{tradfim}}
===Verbetes derivados===
* [[xenomaníaco]]
==Ligações externas==
* {{Aulete}}
* {{DicioAberto}}
* {{DPLP}}
* {{Houaiss}}
* {{Infopédia}}
* {{Michaelis}}
* {{PLP}}
* {{VOLPABL}}
[[Categoria:Substantivo (Português)]]
={{-en-}}=
==Substantivo==
'''xenomania'''
# [[xenomania#Português|xenomania]]
[[Categoria:Substantivo (Inglês)]]
[[el:xenomania]]
[[en:xenomania]]
[[id:xenomania]]
[[nl:xenomania]]
[[ru:xenomania]]
[[ta:xenomania]]
[[zh:xenomania]]</text>
<sha1>cn11zbhmipm7n4uco754e4qts5mas6d</sha1>
</revision>
</page>
