<page>
<page>
<title>xenonin</title>
<ns>0</ns>
<id>235089</id>
<revision>
<id>2554773</id>
<parentid>1803692</parentid>
<timestamp>2019-09-24T01:29:24Z</timestamp>
<contributor>
<username>ValJor</username>
<id>1358</id>
</contributor>
<comment>Acrescentando código de língua à [[:Categoria:!Página com mensagem de erro em predefinição|predefinição escopo]]</comment>
<model>wikitext</model>
<format>text/x-wiki</format>
<text bytes="329" xml:space="preserve">={{-vo-}}=
==Substantivo==
{{elementos|Xe|yodin|I|zäsin|Cs}}
'''xenonin'''
# {{escopo|vo|Química}} {{PEPB|[[xenónio]]|[[xenônio]]|inline=1}}
===Declinação===
{{decl.vo.subst}}
==Ver também==
===No Wikcionário===
{{tabela periódica/vo}}
[[Categoria:Substantivo (Volapuque)]]
[[Categoria:Elemento químico (Volapuque)]]</text>
<sha1>3kwvwedry3zl33qqo3dwjw2lopp679t</sha1>
</revision>
