<page>
<page>
<title>xenro</title>
<ns>0</ns>
<id>74579</id>
<revision>
<id>2071091</id>
<parentid>2058228</parentid>
<timestamp>2016-03-14T18:25:47Z</timestamp>
<contributor>
<username>Luan</username>
<id>1279</id>
</contributor>
<comment>aplicando substituição em [[Predefinição:flex.gl.masc.o]]</comment>
<model>wikitext</model>
<format>text/x-wiki</format>
<text bytes="339" xml:space="preserve">={{-gl-}}=
==Substantivo==
{{flex.gl|ms=xenro|mp=xenros}}
'''xenro''', {{gênero|m}}
# [[genro]]
=={{etimologia|gl}}==
{{llietimo|la|gener|gl}}
[[Categoria:Substantivo (Galego)]]
[[Categoria:Dissílabo (Galego)]]
[[Categoria:Família (Galego)]]
[[ast:xenro]]
[[en:xenro]]
[[gl:xenro]]
[[hu:xenro]]
[[mg:xenro]]
[[pl:xenro]]
[[ro:xenro]]</text>
<sha1>7jm1q4vv09rarnjn40nvasl0xnvo9p6</sha1>
</revision>
