<page>
<page>
<title>xenu</title>
<ns>0</ns>
<id>85151</id>
<revision>
<id>2541571</id>
<parentid>2245951</parentid>
<timestamp>2019-04-12T11:06:11Z</timestamp>
<contributor>
<username>ValJor</username>
<id>1358</id>
</contributor>
<comment>Acrescentando código de língua à [[:Categoria:!Página com mensagem de erro em predefinição|predefinição escopo]]</comment>
<model>wikitext</model>
<format>text/x-wiki</format>
<text bytes="1090" xml:space="preserve">{{Wikipédia|lang=co}}
{{Wikipédia|lang=scn}}
={{-co-}}=
==Substantivo==
{{elementos|Xe|iodiu|Te|cesiu|Cs}}
'''xenu'''
# {{escopo|co|Química}} {{PEPB|[[xenónio]]|[[xenônio]]|inline=1}} ou {{PEPB|[[xénon]]|[[xênon]]|inline=1}}
==Ver também==
===No Wikcionário===
{{tabela periódica/co}}
[[Categoria:Substantivo (Corso)]]
[[Categoria:Elemento químico (Corso)]]
={{-kmb-}}=
==Forma verbal==
'''xenu'''
# {{escopo2|Candomblé}} [[deixar|deixai]] (imperativo)
==Nota==
* Este verbete é usado no idioma português dentro do âmbito do candomblé, mas seu uso ainda não foi corroborado pelos grandes dicionários da língua portuguesa.
==Ver também==
===No Wikcionário===
* [[:Apêndice:Candomblé]]
[[Categoria:Forma verbal (Quimbundo)]]
={{-scn-}}=
==Substantivo==
{{elementos|Xe|iodiu|Te|cesiu|Cs}}
'''xenu'''
# {{escopo|scn|Química}} {{PEPB|[[xenónio]]|[[xenônio]]|inline=1}} ou {{PEPB|[[xénon]]|[[xênon]]|inline=1}}
==Ver também==
===No Wikcionário===
{{tabela periódica/scn}}
[[Categoria:Substantivo (Siciliano)]]
[[Categoria:Elemento químico (Siciliano)]]</text>
<sha1>0zm8aexbkzogcmxi1avlqs8mzatgb6z</sha1>
</revision>
