<page>
<title>xenxa</title>
<ns>0</ns>
<id>381255</id>
<revision>
<id>2439895</id>
<parentid>2439892</parentid>
<timestamp>2017-07-24T22:18:12Z</timestamp>
<contributor>
<username>Cpls</username>
<id>20608</id>
</contributor>
<model>wikitext</model>
<format>text/x-wiki</format>
<text bytes="375" xml:space="preserve">={{-gl-}}=
==Substantivo==
{{flex.gl|fs=xenxa|fp=xenxas}}
{{paroxítona|xen|xa|lang=gl}}, {{g|f|lang=gl}}
# {{escopo|gl|Popular}} [[habilidade]] destreza
# {{escopo|gl|Popular}} [[inteligência]], inteleto
# {{escopo|gl|Anatomia|Popular}} [[cabeça]]
==={{-varort-}}===
* [[chencha#{{gl}}|chencha]]
==Homófono==
* [[Genja#{{gl}}|Genja]]
[[Categoria:Substantivo (Galego)]]</text>
<sha1>7ojxchc0gy4x25rnh9uxqdg8e5ltm56</sha1>
</revision>
</page>
