<page>
<title>xenónio</title>
<ns>0</ns>
<id>131549</id>
<revision>
<id>2554755</id>
<parentid>2245953</parentid>
<timestamp>2019-09-23T17:45:41Z</timestamp>
<contributor>
<username>ValJor</username>
<id>1358</id>
</contributor>
<comment>Acrescentando código de língua à [[:Categoria:!Página com mensagem de erro em predefinição|predefinição escopo]]</comment>
<model>wikitext</model>
<format>text/x-wiki</format>
<text bytes="673" xml:space="preserve">{{grafiaPtpt|xenônio}} 
={{-pt-}}=
==Substantivo==
{{proparoxítona aparente|xe|nó|ni|o}}, {{g|m}}
# {{escopo|pt|Elemento químico}} [[elemento]] [[químico]] de número atómico 54 e [[símbolo]] '''[[Xe]]'''
===Sinónimos===
* {{escopo2|Portugal}} [[xénon]]
* {{escopo2|Brasil}} [[xenônio]]
* {{escopo2|Portugal}} [[xénio]]
=={{etimologia|pt}}==
{{llietimo|grc|ξενός|pt}}
==Ver também==
===No Wikcionário===
{{verTambém.Ini}}
* [[Xe]]
* [[Apêndice:Tabela periódica]]
{{verTambém.Fim}}
===Na Wikipédia===
{{verTambém.Ini}}
* [[w:Tabela periódica|Tabela periódica]]
{{verTambém.Fim}}
{{tabela periódica/pt}}
[[Categoria:Substantivo (Português)]]</text>
<sha1>mp0a4wv3quwcgquy4ef9hpq8skml1lw</sha1>
</revision>
</page>
