<page>
<page>
<title>xenón</title>
<ns>0</ns>
<id>17172</id>
<revision>
<id>2554770</id>
<parentid>2245959</parentid>
<timestamp>2019-09-24T01:11:49Z</timestamp>
<contributor>
<username>ValJor</username>
<id>1358</id>
</contributor>
<comment>Acrescentando código de língua à [[:Categoria:!Página com mensagem de erro em predefinição|predefinição escopo]]</comment>
<model>wikitext</model>
<format>text/x-wiki</format>
<text bytes="1429" xml:space="preserve">{{Wikipédia|lang=an}}
{{Wikipédia|lang=ast}}
{{Wikipédia|lang=sk}}
{{Wikipédia|lang=es}}
={{-an-}}=
==Substantivo==
{{elementos|Xe|yodo|I|cesio|Cs}}
'''xenón'''
# {{escopo|an|Química}} {{PEPB|[[xenónio]]|[[xenônio]]|inline=1}}
==Ver também==
===No Wikcionário===
{{tabela periódica/an}}
[[Categoria:Substantivo (Aragonês)]]
[[Categoria:Elemento químico (Aragonês)]]
={{-ast-}}=
==Substantivo==
{{elementos|Xe|yodu|I|cesiu|Cs}}
'''xenón'''
# {{escopo|ast|Química}} {{PEPB|[[xenónio]]|[[xenônio]]|inline=1}}
==Ver também==
===No Wikcionário===
{{tabela periódica/ast}}
[[Categoria:Substantivo (Asturiano)]]
[[Categoria:Elemento químico (Asturiano)]]
={{-sk-}}=
==Substantivo==
{{elementos|Xe|jód|I|cézium|Cs}}
'''xe.nón'''
# {{escopo|sk|Química}} {{PEPB|[[xenónio]]|[[xenônio]]|inline=1}}
==Ver também==
===No Wikcionário===
{{tabela periódica/sk}}
[[Categoria:Substantivo (Eslovaco)]]
[[Categoria:Dissílabo (Eslovaco)]]
[[Categoria:Elemento químico (Eslovaco)]]
={{-es-}}=
==Substantivo==
{{elementos|Xe|yodo|I|cesio|Cs}}
'''xe.{{grifar|nón}}'''
# {{escopo|es|Química}} {{PEPB|[[xenónio]]|[[xenônio]]|inline=1}}
=={{etimologia|es}}==
{{llietimo|grc|ξενός|es}}
==Ver também==
===No Wikcionário===
{{tabela periódica/es}}
[[Categoria:Substantivo (Espanhol)]]
[[Categoria:Dissílabo (Espanhol)]]
[[Categoria:Oxítona (Espanhol)]]
[[Categoria:Elemento químico (Espanhol)]]</text>
<sha1>nom3qyd4n0echdskcsjbole7kb8u7qb</sha1>
</revision>
