<page>
<title>xenão</title>
<ns>0</ns>
<id>17173</id>
<revision>
<id>2602838</id>
<parentid>2207206</parentid>
<timestamp>2020-11-22T22:57:53Z</timestamp>
<contributor>
<username>ValJor</username>
<id>1358</id>
</contributor>
<comment>Substituindo a [[Especial:Páginas_afluentes/Predefinição:escopoCatLang|predefinição escopoCatLang]] por escopo</comment>
<model>wikitext</model>
<format>text/x-wiki</format>
<text bytes="682" xml:space="preserve">{{Wikipédia|lang=pt|xenônio}}
[[Imagem:XeTube.jpg|thumb|right|250px|&lt;center&gt;Luminoso de xenão&lt;/center&gt;]]
{{grafiaPtpt|xenônio}} 
={{-pt-}}=
==Substantivo==
{{oxítona|xe|não}}, {{gramática|m}}
# {{escopo|pt|Química}} [[elemento]] [[químico]] de [[símbolo]] [[Xe]]; também é conhecido como [[xénon]] em [[Portugal]]; ver [[xenônio]]
===Tradução===
{{xenonio/traduções}}
==Ver também==
===No Wikcionário===
* [[Xe]]
* [[Apêndice:Tabela periódica|Tabela periódica]]
===Na Wikipédia===
* [[w:Tabela periódica|Tabela periódica]]
[[Categoria:Substantivo (Português)]]
[[Categoria:Elemento químico (Português)]]
[[Categoria:Entrada com imagem (Português)]]</text>
<sha1>h4k22arpyq7ok1mvbfhqm4sqgtyts1y</sha1>
</revision>
</page>
