<page>
<page>
<title>xenó</title>
<ns>0</ns>
<id>269709</id>
<revision>
<id>2245949</id>
<parentid>2196182</parentid>
<timestamp>2017-02-28T04:06:32Z</timestamp>
<contributor>
<username>OctraBot</username>
<id>56948</id>
</contributor>
<minor />
<comment>Robô: A adicionar: [[eo:xenó]], [[ru:xenó]], [[sv:xenó]]</comment>
<model>wikitext</model>
<format>text/x-wiki</format>
<text bytes="426" xml:space="preserve">{{Wikipédia|lang=ca}}
={{-ca-}}=
{{elementos|Xe|iode|I|cesi|Cs}}
==Substantivo==
'''xenó'''
# [[xenônio]] / [[xenónio]]
==Ver também==
===No Wikcionário===
{{tabela periódica/ca}}
[[Categoria:Substantivo (Catalão)]]
[[Categoria:Elemento químico (Catalão)]]
[[ca:xenó]]
[[de:xenó]]
[[en:xenó]]
[[eo:xenó]]
[[eu:xenó]]
[[fr:xenó]]
[[hr:xenó]]
[[lt:xenó]]
[[pl:xenó]]
[[ro:xenó]]
[[ru:xenó]]
[[sv:xenó]]</text>
<sha1>o4krbpzwj4q54ixzxzdhamtcgo77kfz</sha1>
</revision>
