<page>
<page>
<title>xenófoba</title>
<ns>0</ns>
<id>94385</id>
<revision>
<id>1474206</id>
<parentid>1190579</parentid>
<timestamp>2012-10-07T10:01:10Z</timestamp>
<contributor>
<username>YS-Bot</username>
<id>32241</id>
</contributor>
<minor />
<comment>r2.7.3) (Robô: A adicionar: [[en:xenófoba]], [[pl:xenófoba]], [[sv:xenófoba]]</comment>
<model>wikitext</model>
<format>text/x-wiki</format>
<text bytes="324" xml:space="preserve">={{-pt-}}=
==Forma de adjetivo==
{{proparoxítona|xe|nó|fo|ba}}
# feminino de [[xenófobo]]
==Forma de substantivo==
{{proparoxítona|xe|nó|fo|ba}}
# feminino de [[xenófobo]]
[[Categoria:Forma de adjetivo (Português)]]
[[Categoria:Forma de substantivo (Português)]]
[[en:xenófoba]]
[[pl:xenófoba]]
[[sv:xenófoba]]</text>
<sha1>n5cb41m057s5yg8ixn1tgfibk0d92s9</sha1>
</revision>
