<page>
<page>
<title>xenônio</title>
<ns>0</ns>
<id>17171</id>
<revision>
<id>2602835</id>
<parentid>2245952</parentid>
<timestamp>2020-11-22T22:48:52Z</timestamp>
<contributor>
<username>ValJor</username>
<id>1358</id>
</contributor>
<comment>Substituindo a [[Especial:Páginas_afluentes/Predefinição:escopoCatLang|predefinição escopoCatLang]] por escopo</comment>
<model>wikitext</model>
<format>text/x-wiki</format>
<text bytes="1128" xml:space="preserve">{{Wikipédia|lang=pt}}
[[Imagem:XeTube.jpg|thumb|right|250px|&lt;center&gt;Luminoso de xenônio&lt;/center&gt;]]
{{grafiaPtbr|xénon}}
={{-pt-}}=
==Substantivo==
{{elementos|Xe|iodo|I|césio|Cs}}
{{proparoxítona aparente|xe|nô|ni|o}}, {{gramática|m}}
# {{escopo|pt|Química}} [[elemento]] [[químico]] de [[símbolo]] [[Xe]], possui o [[número]] [[atômico]] 54 e [[massa]] [[atômico|atômica]] [[relativo|relativa]] 131.293 [[u]]; é um [[gás]] [[nobre]], [[incolor]]; é muito pouco [[abundante]] e se encontra distribuído na [[atmosfera]] [[terrestre]]; é utilizado em [[lâmpada]]s [[bactericida]]s, [[estroboscópico|estroboscópicas]] e ''flashes'' [[fotográfico]]s
===Sinônimo===
* [[xênon]]
===Tradução===
{{xenonio/traduções}}
=={{etimologia|pt}}==
{{llietimo|grc|ξένον|pt|estranho}}
==Ver também==
===No Wikcionário===
* [[Xe]]
* [[Apêndice:Tabela periódica|Tabela periódica]]
{{tabela periódica/pt-br}}
===Na Wikipédia===
* [[w:Tabela periódica|Tabela periódica]]
[[Categoria:Substantivo (Português)]]
[[Categoria:Elemento químico (Português)]]
[[Categoria:Entrada com imagem (Português)]]</text>
<sha1>rfqx7nhoy5rz1iuziy0gx5ykam75xcj</sha1>
</revision>
