<page>
<title>xeografía</title>
<ns>0</ns>
<id>98621</id>
<revision>
<id>2541568</id>
<parentid>2184270</parentid>
<timestamp>2019-04-12T10:56:48Z</timestamp>
<contributor>
<username>ValJor</username>
<id>1358</id>
</contributor>
<comment>Acrescentando código de língua à [[:Categoria:!Página com mensagem de erro em predefinição|predefinição escopo]]</comment>
<model>wikitext</model>
<format>text/x-wiki</format>
<text bytes="6160" xml:space="preserve">{{Wikipédia|lang=ast}}
{{Wikipédia|lang=gl}}
{{DEFAULTSORT:xeografia}}
={{-ast-}}=
==Substantivo==
{{flex.ast|fs=xeografía|fs-div=xe.o.gra.{{grifar|fí}}.a}}
'''xe.o.gra.{{grifar|fí}}.a''', {{gramática|f}}, {{s/p}}
# {{escopo|ast|Ciência}} [[geografia]]:
#* ''Algamó notes destacaes en matemátiques y '''xeografía''', consiguiendo tamién les notes necesaries p'aprobar les demás materies.''
{{pularLinhas|1}}
{{flex.ast|fs=xeografía|fp=xeografíes|fs-div=xe.o.gra.{{grifar|fí}}.a|fp-div=xe.o.gra.{{grifar|fí}}.es}}
'''xe.o.gra.{{grifar|fí}}.a''', {{gramática|f}}, {{s/p}}
# {{cont|2}} geografia, [[característica]]s [[geográfico|geográficas]] de uma [[região]]:
#* ''Entamo polos centros Municipales de Xixón pa recurrer depués tola '''xeografía''' del país.''
===Expressões===
* '''[[xeografía astronómica]]''': [[geografia#Fraseologia|geografia astronômica]]
* '''[[xeografía cultural]]''': [[geografia#Fraseologia|geografia cultural]]
* '''[[xeografía económica]]''': [[geografia#Fraseologia|geografia econômica]]
* '''[[xeografía física]]''': [[geografia#Fraseologia|geografia física]]
* '''[[xeografia humana]]''': [[geografia#Fraseologia|geografia humana]]
* '''[[xeografía rexonal]]''': [[geografia#Fraseologia|geografia regional]]
* '''[[xeografía rural]]''': [[geografia#Fraseologia|geografia rural]]
* '''[[xeografía urbana]]''': [[geografia#Fraseologia|geografia urbana]]
* '''[[xeografía xeneral]]''': [[geografia#Fraseologia|geografia geral]]
===Verbetes derivados===
{{verTambém.Ini}}
* {{link preto|bioxeografía|ast}}
* {{link preto|paleoxeografía|ast}}
{{verTambém.NovaColuna|50}}
* {{link preto|xeográficu|ast}}
* {{link preto|xeógrafu|ast}}
{{verTambém.Fim}}
=={{etimologia|ast}}==
{{llietimo|la|geographia|ast|ponto=não}} e este do {{etm|grc|ast}} {{etimo|grc|γεωγραφία}} (gheoghrafía).
==Ver também==
===No Wikcionário===
{{verTambém.Ini}}
* {{link preto|accidente xeográficu}}
* {{link preto|cartografía|ast}}
* {{link preto|climatoloxía|ast}}
* {{link preto|edafoloxía|ast}}
{{verTambém.NovaColuna|25}}
* {{link preto|glacioloxía|ast}}
* {{link preto|hidrografía|ast}}
* {{link preto|hidroloxía|ast}}
* {{link preto|oceanografía|ast}}
{{verTambém.NovaColuna|25}}
* {{link preto|orografía|ast}}
* {{link preto|pedoloxía|ast}}
* {{link preto|topografía|ast}}
* {{link preto|xeodesia|ast}}
{{verTambém.NovaColuna|25}}
* {{link preto|xeohestoria|ast}}
* {{link preto|xeomática|ast}}
* {{link preto|xeomorfoloxía|ast}}
* {{link preto|xeopolítica|ast}}
{{verTambém.Fim}}
===Referências===
{{verTambém.Ini}}
{{DALLA|xeografia}}
{{verTambém.Fim}}
[[Categoria:Substantivo (Asturiano)]]
[[Categoria:Polissílabo (Asturiano)]]
[[Categoria:Paroxítona (Asturiano)]]
[[Categoria:Ciência (Asturiano)]]
[[Categoria:Geografia (Asturiano)|*]]
[[Categoria:Cognato (Asturiano)]]
={{-gl-}}=
==Substantivo==
{{flex.gl|fs=xeografía|fs-div=xe.o.gra.{{grifar|fí}}.a}}
'''xe.o.gra.{{grifar|fí}}.a''', {{gramática|f}}, {{s/p}}
# {{escopo|gl|ciência}} [[geografia]]:
#* ''Licenciouse en '''Xeografía''' e Historia pola Universidade de Santiago de Compostela en 1993.'' &lt;small&gt;(Formou-se em Geografia e História pela Universidade de Santiago de Compostela em 1993.)&lt;/small&gt;
{{flex.gl|fs=xeografía|fp=xeografías|fs-div=xe.o.gra.{{grifar|fí}}.a|fp-div=xe.o.gra.{{grifar|fí}}.as}}
'''xe.o.gra.{{grifar|fí}}.a''', {{gramática|f}}
# {{cont|2}} geografia, [[característica]]s [[geográfico|geográficas]] de uma [[região]]:
#* ''O seu traballo é realizar un mapa dialectolóxico para coñecer os dialectos que se falan nos diferentes puntos da '''xeografía''' vasca. '' &lt;small&gt;(O seu trabalho é realizar um mapa dialetológico para conhecer os dialetos que se falam nos diferentes pontos da geografia basca.)&lt;/small&gt;
===Expressões===
* '''[[xeografía astronómica]]''': [[geografia#Fraseologia|geografia astronômica]]
* '''[[xeografía cultural]]''': [[geografia#Fraseologia|geografia cultural]]
* '''[[xeografía económica]]''': [[geografia#Fraseologia|geografia econômica]]
* '''[[xeografía física]]''': [[geografia#Fraseologia|geografia física]]
* '''[[xeografia histórica]]''': [[geografia#Fraseologia|geografia histórica]]
* '''[[xeografia humana]]''': [[geografia#Fraseologia|geografia humana]]
* '''[[xeografia industrial]]''': [[geografia#Fraseologia|geografia industrial]]
* '''[[xeografía rexonal]]''': [[geografia#Fraseologia|geografia regional]]
* '''[[xeografía rural]]''': [[geografia#Fraseologia|geografia rural]]
* '''[[xeografía turística]]''': [[geografia#Fraseologia|geografia turística]]
* '''[[xeografía urbana]]''': [[geografia#Fraseologia|geografia urbana]]
* '''[[xeografía xeneral]]''': [[geografia#Fraseologia|geografia geral]]
===Verbetes derivados===
{{verTambém.Ini}}
* {{link preto|bioxeografía|gl}}
* {{link preto|xeográfico|gl}}
* {{link preto|xeógrafo|gl}}
{{verTambém.Fim}}
=={{etimologia|gl}}==
{{llietimo|la|geographia|gl|ponto=não}} e este do {{etm|grc|gl}} {{etimo|grc|γεωγραφία}} (gheoghrafía).
==Ver também==
===No Wikcionário===
{{verTambém.Ini}}
* {{link preto|accidente xeográfico|gl}}
* {{link preto|cartografía|gl}}
* {{link preto|climatoloxía|gl}}
* {{link preto|edafoloxía|gl}}
{{verTambém.NovaColuna|25}}
* {{link preto|glacioloxía|gl}}
* {{link preto|hidrografía|gl}}
* {{link preto|hidroloxía|gl}}
* {{link preto|oceanografía|gl}}
{{verTambém.NovaColuna|25}}
* {{link preto|orografía|gl}}
* {{link preto|pedoloxía|gl}}
* {{link preto|topografía|gl}}
* {{link preto|xeodesia|gl}}
{{verTambém.NovaColuna|25}}
* {{link preto|xeohistoria|gl}}
* {{link preto|xeomática|gl}}
* {{link preto|xeomorfoloxía|gl}}
* {{link preto|xeopolítica|gl}}
{{verTambém.Fim}}
===Referências===
{{verTambém.Ini}}
* [http://www.edu.xunta.es/diccionarios/ListaDefinicion.jsp?IDXT=20269 ''xeografía'' no Diccionario da Real Academia Galega (em galego)]
{{verTambém.Fim}}
[[Categoria:Substantivo (Galego)]]
[[Categoria:Polissílabo (Galego)]]
[[Categoria:Paroxítona (Galego)]]
[[Categoria:Ciência (Galego)]]
[[Categoria:Geografia (Galego)|*]]
[[Categoria:Cognato (Galego)]]</text>
<sha1>qeyhexzrixht8mhs371vyn1lve6sdx6</sha1>
</revision>
</page>
