<page>
<title>xeol</title>
<ns>0</ns>
<id>381663</id>
<revision>
<id>2597095</id>
<parentid>2441681</parentid>
<timestamp>2020-09-24T12:22:30Z</timestamp>
<contributor>
<username>MSchoentgen</username>
<id>77084</id>
</contributor>
<minor />
<comment>Deletion of a superfluous space</comment>
<model>wikitext</model>
<format>text/x-wiki</format>
<text bytes="409" xml:space="preserve">={{-pt-}}=
==Substantivo==
{{flex.pt|ms=xeol|mp=xeóis}}
{{oxítona|xe|ol}}, {{gramática|ms}}
# a morada dos mortos, na tradição do [[judaísmo]]
===Tradução===
{{tradini}}
* {{trad|en|Sheol}}
{{tradfim}}
=={{etimologia|pt}}==
{{llietimo|he|שְׁאוֹל‏|pt|sheol}}
[[Categoria:Substantivo (Português)]]
[[Categoria:Entrada com imagem (Português)]]
[[Categoria:Instrumento musical (Português)]]</text>
<sha1>b38vp2d8jh20f2tyf4fkaf46p61b7wt</sha1>
</revision>
</page>
