<page>
<page>
<title>xeonllo</title>
<ns>0</ns>
<id>229604</id>
<revision>
<id>2140512</id>
<parentid>1726460</parentid>
<timestamp>2016-06-11T14:25:26Z</timestamp>
<contributor>
<username>UT-interwiki-Bot</username>
<id>56129</id>
</contributor>
<minor />
<comment>Robô: A adicionar: [[az:xeonllo]]</comment>
<model>wikitext</model>
<format>text/x-wiki</format>
<text bytes="300" xml:space="preserve">={{-gl-}}=
==Substantivo==
'''xeonllo'''
# [[joelho]]
{{página-automática|Maio|2010|joelho|gl}}
[[Categoria:Substantivo (Galego)]]
[[az:xeonllo]]
[[en:xeonllo]]
[[es:xeonllo]]
[[gl:xeonllo]]
[[hu:xeonllo]]
[[kn:xeonllo]]
[[ko:xeonllo]]
[[lo:xeonllo]]
[[mg:xeonllo]]
[[pl:xeonllo]]
[[ru:xeonllo]]</text>
<sha1>j5b66ez41k82xlbh6o6s07y2wadiq9k</sha1>
</revision>
