<page>
<title>Xeorxa</title>
<ns>0</ns>
<id>77758</id>
<revision>
<id>2554753</id>
<parentid>2282574</parentid>
<timestamp>2019-09-23T17:42:51Z</timestamp>
<contributor>
<username>ValJor</username>
<id>1358</id>
</contributor>
<comment>Acrescentando código de língua à [[:Categoria:!Página com mensagem de erro em predefinição|predefinição escopo]]</comment>
<model>wikitext</model>
<format>text/x-wiki</format>
<text bytes="608" xml:space="preserve">{{Wikipédia|lang=ast}}
[[Imagem:Flag of Georgia.svg|thumb|right|250px|&lt;center&gt;Bandeira da Geórgia&lt;/center&gt;]]
[[Imagem:Europe Georgia.svg|thumb|right|250px|&lt;center&gt;Localização da Geórgia&lt;/center&gt;]]
={{-ast-}}=
==Substantivo==
'''Xe.{{grifar|or}}.xa''', {{gramática|pr}}
# {{escopo|ast|País}} [[Geórgia]]
===Verbetes derivados===
* [[xeorxana]]
* [[xeorxanu]]
==Ver também==
===No Wikcionário===
* [[Tblisi#{{ast}}|Tblisi]]
{{Europa/ast}}
[[Categoria:Substantivo (Asturiano)]]
[[Categoria:Dissílabo (Asturiano)]]
[[Categoria:Paroxítona (Asturiano)]]
[[Categoria:Entrada com imagem (Asturiano)]]</text>
<sha1>mf4vkxhnpaaiqxmc06bunopoum1t8g1</sha1>
</revision>
</page>
