<page>
<page>
<title>Xeorxia</title>
<ns>0</ns>
<id>120370</id>
<revision>
<id>2282575</id>
<parentid>2190760</parentid>
<timestamp>2017-04-27T04:09:11Z</timestamp>
<contributor>
<username>HydrizBot</username>
<id>29590</id>
</contributor>
<minor />
<comment>Robô: A limpar links interwikis antigos</comment>
<model>wikitext</model>
<format>text/x-wiki</format>
<text bytes="209" xml:space="preserve">={{-gl-}}=
==Substantivo==
'''Xeorxia''', ''próprio''
# [[Geórgia]] (país).
==Ver também==
===No Wikcionário===
{{Europa/gl}}
{{Ásia/gl}}
[[Categoria:Substantivo (Galego)]]
[[Categoria:País (Galego)]]</text>
<sha1>bmcysie7qsbljjut5y6aap7szlyn1sp</sha1>
</revision>
