<page>
<page>
<title>xepa</title>
<ns>0</ns>
<id>122381</id>
<revision>
<id>2660536</id>
<parentid>2658236</parentid>
<timestamp>2022-02-19T08:53:17Z</timestamp>
<contributor>
<username>ValJor</username>
<id>1358</id>
</contributor>
<comment>Melhorando a apresentação do verbete</comment>
<model>wikitext</model>
<format>text/x-wiki</format>
<text bytes="1016" xml:space="preserve">={{-pt-}}=
==Substantivo==
{{flex.pt|fs=xepa|fp=xepas}}
{{paroxítona|xe|pa}}, {{gramática|f}}
# [[mercadoria]] de [[qualidade]] [[inferior]] vendida a [[preço]] [[baixo]] ao [[final]] da [[feira]]
#* ''Ela colheu a única '''xepa''' aproveitável do fim de feira que tem sido este segundo turno.'' {{OESP|2006|outubro|26}}
# [[comida]] servida em [[quartel]]
# [[sobra]] de [[alimento]]; resto de [[comida]] não consumido
=={{etimologia|pt}}==
: Provavelmente deriva do inglês [[cheap]]. A expressão &quot;to buy on the cheap&quot; por exemplo, comprar barato, apenas pelo preço baixo, transforma-se com o tempo em comprar na xepa.
==Ver também==
===No Wikcionário===
{{verTambém.Ini}}
* [[alimento]]
{{verTambém.NovaColuna}}
* [[xepeiro]]
{{verTambém.Fim}}
==Ligações externas==
* {{Aulete}}
* {{Michaelis}}
* {{DLPO}}
* {{Infopédia}}
* {{PLP}}
* {{VOLPABL}}
==Anagrama==
&lt;!-- índice para anagramas: pt: aepx --&gt;
# [[ápex]]
[[Categoria:Substantivo (Português)]]
[[Categoria:Alimentação (Português)]]</text>
<sha1>rua5tch4nfs8cem746lg9tppyhtqurq</sha1>
</revision>
