<page>
<page>
<title>xepeiro</title>
<ns>0</ns>
<id>122295</id>
<revision>
<id>2658237</id>
<parentid>2554748</parentid>
<timestamp>2022-01-18T22:05:15Z</timestamp>
<contributor>
<ip>179.199.118.21</ip>
</contributor>
<comment>/* Substantivo */</comment>
<model>wikitext</model>
<format>text/x-wiki</format>
<text bytes="517" xml:space="preserve">={{-pt-}}=
==Substantivo==
{{flex.pt|ms=xepeiro|mp=xepeiros|fs=xepeira|fp=xepeiras}}
{{paroxítona|xe|pei|ro}}, {{g|m}}
# {{escopo|pt|Brasil}} [[indivíduo]] que vive pedindo as coisas
# {{escopo|pt|Brasil}} quem vive de [[recurso]]s [[alheio]]s
# {{escopo|pt|Brasil}} quem vai aos locais sem ser convidado; [[penetra]]
=={{etimologia|pt}}==
: {{escopo|Morfologia}} [[xepa]] + [[-eiro]].
==Ligações externas==
* {{Aulete}}
* {{Michaelis}}
* {{DPLP}}
* {{PLP}}
* {{VOLPABL}}
[[Categoria:Substantivo (Português)]]</text>
<sha1>f81ybzc8zbh1fcrve4y7zzk4r7tuawh</sha1>
</revision>
