<page>
<page>
<title>xeque</title>
<ns>0</ns>
<id>34096</id>
<revision>
<id>2602940</id>
<parentid>2602926</parentid>
<timestamp>2020-11-23T20:41:20Z</timestamp>
<contributor>
<username>ValJor</username>
<id>1358</id>
</contributor>
<minor />
<comment>Revertidas edições por [[Especial:Contribuições/186.130.7.161|186.130.7.161]] para a última versão por [[Especial:Contribuições/ValJor|ValJor]]</comment>
<model>wikitext</model>
<format>text/x-wiki</format>
<text bytes="930" xml:space="preserve">{{confundir|cheque}}
={{-pt-}}=
==Substantivo==
{{flex.pt|ms=xeque|mp=xeques}}
{{paroxítona|xe|que}}, {{gramática|m}}
# [[chefe]] [[beduíno]]
# [[soberano]], líder, [[homem]] mais [[velho]] da [[tribo]]
# [[líder]] [[espiritual]] do [[sufismo]]
# [[lance]] no  jogo de [[xadrez]] em que o [[rei]] está sob ameaça; ver [[xeque-mate]]
# {{escopo|pt|Figurado}} risco, perigo, contratempo
#* ''A possível derrota de José Serra deixaria em '''xeque''' os ganhos de Marcos Valério com as contas publicitárias do Banco do Brasil, Ministério do Trabalho, Ministério dos Esportes e da Eletronorte.'' (FIGUEIREDO, Lucas. O OPERADOR. Como (e a mando de quem) Marcos Valério irrigou os cofres do PSDB e do PT. Rio de Janeiro: Record, 2006, p. 84)
# {{escopo|pt|Figurado}} acontecimento parlamentar que envolve perigo para o governo
=={{etimologia|pt}}==
{{llietimo|ar|شيخ|pt|sheikh}}
[[Categoria:Substantivo (Português)]]</text>
<sha1>5zxa80bc87rue8q3w1qwswi2jxf2125</sha1>
</revision>
