<page>
<page>
<title>xerardizar</title>
<ns>0</ns>
<id>352358</id>
<revision>
<id>2195964</id>
<parentid>2068350</parentid>
<timestamp>2016-11-09T16:54:32Z</timestamp>
<contributor>
<username>ValJor</username>
<id>1358</id>
</contributor>
<comment>Troca de predefinição: {{v.t.}} --&gt; {{gramática|vt}}</comment>
<model>wikitext</model>
<format>text/x-wiki</format>
<text bytes="334" xml:space="preserve">={{-pt-}}=
==Verbo==
{{oxítona|xe|rar|di|zar}}, {{gramática|vt}}
# {{escopo2|Metalurgia}} fazer com que fique recoberto de camada de [[zinco]] por procedimento que faz a [[fundição]] ocorrer a partir de material partículado adposto e aquecido
=={{etimologia|pt}}==
{{llietimo|en|sherardize|pt}}
[[Categoria:Verbo (Português)]]</text>
<sha1>e2nn8u4l519sxcwenxvhoe5tippyjgm</sha1>
</revision>
