<page>
<page>
<title>xeretar</title>
<ns>0</ns>
<id>311143</id>
<revision>
<id>2684059</id>
<parentid>2681027</parentid>
<timestamp>2022-07-20T08:44:10Z</timestamp>
<contributor>
<username>ValJor</username>
<id>1358</id>
</contributor>
<comment>/*Ligações externas*/ (acrescentando esta seção)</comment>
<model>wikitext</model>
<format>text/x-wiki</format>
<text bytes="466" xml:space="preserve">={{-pt-}}=
==Verbo==
{{oxítona|xe|re|tar}}
# {{escopo|pt|Brasil|Popular}} [[bisbilhotar]]
#* ''Hoje é a norma. Compramos e '''xeretamos''' livros rodeados pelo aroma de café.'' {{OESP|2012|outubro|28}}
===Conjugação===
{{conj/pt|xeret|ar}}
=={{etimologia|pt}}==
: {{escopo|Morfologia}} [[xereta]] + [[-ar]].
==Ligações externas==
* {{Aulete}}
* {{Michaelis}}
* {{Dicio}}
* {{DLPO}}
* {{Infopédia}}
* {{PLP}}
* {{VOLPABL}}
[[Categoria:Verbo (Português)]]</text>
<sha1>epkl5pv14qb8no3wbg8uldy4lhcig90</sha1>
</revision>
