<page>
<title>xerecó</title>
<ns>0</ns>
<id>430789</id>
<revision>
<id>2623217</id>
<timestamp>2021-02-11T16:19:06Z</timestamp>
<contributor>
<username>Cpls</username>
<id>20608</id>
</contributor>
<comment>[[Ajuda:Guia de edição/Menus e ferramentas/Sumário de edição|→]] nova página: ={{-gl-}}= ==Interjeição== {{oxítona|xe|re|có|lang=gl}} # voz para fazer andar as [[ovelha]]s  ===Sinóni...</comment>
<model>wikitext</model>
<format>text/x-wiki</format>
<text bytes="179" xml:space="preserve">={{-gl-}}=
==Interjeição==
{{oxítona|xe|re|có|lang=gl}}
# voz para fazer andar as [[ovelha]]s
===Sinónimo===
* [[xarré#{{gl}}|xarré]]
[[Categoria:Interjeição (Galego)]]</text>
<sha1>0wyp1vt4xjswb92g5lgznry1h6j7qff</sha1>
</revision>
</page>
