<page>
<title>xerecard</title>
<ns>0</ns>
<id>433688</id>
<revision>
<id>2680413</id>
<parentid>2639606</parentid>
<timestamp>2022-06-14T22:24:03Z</timestamp>
<contributor>
<username>Itleda</username>
<id>86989</id>
</contributor>
<model>wikitext</model>
<format>text/x-wiki</format>
<text bytes="649" xml:space="preserve">={{-pt-}}=
==Substantivo==
{{oxítona|xe|re|card}}, {{g|m}}
# {{escopo|pt|Neologismo|Gíria}} realização de [[favor]] [[sexual]] como forma de [[pagamento]]
#: ''- Se rolar sexo, orgia ou suruba eles cobram adicional''
#: ''- Aceita '''xerecard'''?''
#: ''- Isso é trote?''
#:: - livro: A Fucking Party por D.Holland · 101, página: 
=={{etimologia|pt}}==
: {{escopo|Morfologia}} [[xereca]] + [[card]].
==Ver também==
===No Wikcionário===
{{verTambém.Ini}}
* [[bandeira dois]]
{{verTambém.NovaColuna|50}}
[[é cu e rola]]
{{verTambém.Fim}}
[[Categoria:Substantivo (Português)]]
[[Categoria:Hibridismo vocabular de inglês (Português)]]</text>
<sha1>ky8x4h5uryghp7rt6xesxm8c17atisa</sha1>
</revision>
</page>
