<page>
<title>xereta</title>
<ns>0</ns>
<id>99289</id>
<revision>
<id>2462068</id>
<parentid>2026569</parentid>
<timestamp>2017-11-21T10:39:49Z</timestamp>
<contributor>
<username>ValJor</username>
<id>1358</id>
</contributor>
<comment>Um verbete a menos usando a [[Predefinição:flex.pt.com2|predefinição flex.pt.com2]]</comment>
<model>wikitext</model>
<format>text/x-wiki</format>
<text bytes="357" xml:space="preserve">={{-pt-}}=
==Substantivo==
{{flex.pt|s=xereta|p=xeretas}}
{{paroxítona|xe|re|ta}}, {{gramática|c2g}}
# [[bisbilhoteiro]]; [[intrometido]]
==Ver também==
===No Wikcionário===
{{verTambém.Ini}}
* [[defeito]]
==Ligações externas==
* {{Aulete}}
* {{Michaelis}}
* {{DPLP}}
* {{Infopédia}}
* {{PLP}}
* {{VOLPABL}}
[[Categoria:Substantivo (Português)]]</text>
<sha1>e1f9aijabxfppcuwquw6aph5v0ks0af</sha1>
</revision>
</page>
