<page>
<page>
<title>xerelete</title>
<ns>0</ns>
<id>429318</id>
<revision>
<id>2605354</id>
<timestamp>2020-12-23T22:16:38Z</timestamp>
<contributor>
<username>Yone Fernandes</username>
<id>11532</id>
</contributor>
<comment>[[Ajuda:Guia de edição/Menus e ferramentas/Sumário de edição|→]] nova página: ={{-pt-}}= == Substantivo == {{flex.pt|ms=xerelete|mp=xereletes}}  {{paroxítona|xe|re|le|te}} {{m}} {{dataç...</comment>
<model>wikitext</model>
<format>text/x-wiki</format>
<text bytes="216" xml:space="preserve">={{-pt-}}=
== Substantivo ==
{{flex.pt|ms=xerelete|mp=xereletes}} 
{{paroxítona|xe|re|le|te}} {{m}} {{datação|1911}}
#{{escopo|pt|ictiologia}} o mesmo que '''[[xarelete]]'''
[[Categoria:Substantivo (Português)]]</text>
<sha1>14292d1sgt912eqmukcbsk5kznv5x8d</sha1>
</revision>
