<page>
<page>
<title>Xerez</title>
<ns>0</ns>
<id>96502</id>
<revision>
<id>2282576</id>
<parentid>1548426</parentid>
<timestamp>2017-04-27T04:09:12Z</timestamp>
<contributor>
<username>HydrizBot</username>
<id>29590</id>
</contributor>
<minor />
<comment>Robô: A limpar links interwikis antigos</comment>
<model>wikitext</model>
<format>text/x-wiki</format>
<text bytes="466" xml:space="preserve">={{-pt-}}=
'''{{PAGENAME}} || Xe.rez || [[w:{{PAGENAME}}|Wikipédia]] ||'''      
==Substantivo, &lt;small&gt;''próprio''&lt;/small&gt;[[Categoria:Substantivo (Português)]]==  
# [[região]] [[vinícola]] [[espanhola]]
#* ''Xerez da Fronteira  (Jerez de la Frontera)''
===Tradução===
{{trad|sv|sherry}}
{{camonismo|
*** '''1 ocorrência n'Os Lusíadas'''
* [[de|De]] '''Xerez''' [[rouba]] [[o]] [[campo]] [[e]] [[quási]] [[alaga]]    -      Os Lusíadas    VIII-34-5
}}</text>
<sha1>8v9txc6z6jbf4x4rpytk2fqieer6rad</sha1>
</revision>
