<page>
<title>xerguilho</title>
<ns>0</ns>
<id>418096</id>
<revision>
<id>2568820</id>
<timestamp>2019-12-27T11:55:48Z</timestamp>
<contributor>
<username>Cpls</username>
<id>20608</id>
</contributor>
<comment>[[Ajuda:Guia de edição/Menus e ferramentas/Sumário de edição|→]] nova página: ={{-gl-}}= ==Substantivo== {{flex.gl|ms=xerguilho|mp=xerguilhos}} {{paroxítona|xer|gui|lho|lang=gl}}, {{g|m}...</comment>
<model>wikitext</model>
<format>text/x-wiki</format>
<text bytes="300" xml:space="preserve">={{-gl-}}=
==Substantivo==
{{flex.gl|ms=xerguilho|mp=xerguilhos}}
{{paroxítona|xer|gui|lho|lang=gl}}, {{g|m}}
# tecido [[urdir|urdido]] e tapado com [[lã]]
=={{etimologia|gl}}==
: {{escopo|Morfologia}} De ''[[xerga#{{gl}}|xerga]]'' + ''[[-ilho#{{gl}}|-ilho]]''.
[[Categoria:Substantivo (Galego)]]</text>
<sha1>3ofgcj12ppkxgeg9kon23veas6i810t</sha1>
</revision>
</page>
