<page>
<title>xergo</title>
<ns>0</ns>
<id>362855</id>
<revision>
<id>2158062</id>
<timestamp>2016-08-11T23:17:07Z</timestamp>
<contributor>
<username>Cpls</username>
<id>20608</id>
</contributor>
<comment>[[Ajuda:Guia de edição/Menus e ferramentas/Sumário de edição|→]] nova página: ={{-gl-}}= ==Adjetivo== {{flex.gl|ms=xergo|mp=xergos|fs=xerga|fp=xergas}} {{paroxítona|xer|go|lang=gl}} # ...</comment>
<model>wikitext</model>
<format>text/x-wiki</format>
<text bytes="856" xml:space="preserve">={{-gl-}}=
==Adjetivo==
{{flex.gl|ms=xergo|mp=xergos|fs=xerga|fp=xergas}}
{{paroxítona|xer|go|lang=gl}}
# [[canhoto]], que usa mais a mão esquerda
===Sinónimos===
{{dividir em colunas|3}}
* [[coxeno#Galego|coxeno]]
* [[curdo#Galego|curdo]]
* [[esquerdeiro#Galego|esquerdeiro]]
* [[esquerdo#Galego|esquerdo]]
* [[esquerdote#Galego|esquerdote]]
* [[goxeno#Galego|goxeno]]
* [[manicho#Galego|manicho]]
* [[xordeiro#Galego|xordeiro]]
* [[xurdo#Galego|xurdo]]
* [[zurdão#Galego|zurdão]]
{{dividir em colunas.fim}}
==={{etimologia|gl}}===
: {{escopo|Morfologia}} Confronte-se com ''[[sergo#Galego|sergo]]''.
==Substantivo==
{{flex.gl|ms=xergo|mp=xergos}}
{{paroxítona|xer|go|lang=gl}}
# [[descobrimento]] de algo sem importância
==={{etimologia|gl}}===
: Aparentado com [[enxergar]].
[[Categoria:Adjetivo (Galego)]]
[[Categoria:Substantivo (Galego)]]</text>
<sha1>hgh3q1p0lp90dv1mumzju4jwl7xe5x9</sha1>
</revision>
</page>
