<page>
<title>xerga</title>
<ns>0</ns>
<id>418095</id>
<revision>
<id>2568819</id>
<timestamp>2019-12-27T11:53:04Z</timestamp>
<contributor>
<username>Cpls</username>
<id>20608</id>
</contributor>
<comment>[[Ajuda:Guia de edição/Menus e ferramentas/Sumário de edição|→]] nova página: ={{-gl-}}= ==Adjetivo== {{flex.gl|ms=xergo|mp=xergos|fs=xerga|fp=xergas}} {{paroxítona|xer|ga|lang=gl}} # ...</comment>
<model>wikitext</model>
<format>text/x-wiki</format>
<text bytes="718" xml:space="preserve">={{-gl-}}=
==Adjetivo==
{{flex.gl|ms=xergo|mp=xergos|fs=xerga|fp=xergas}}
{{paroxítona|xer|ga|lang=gl}}
# [[canhoto|canhota]], que usa mais da mão esquerda
==={{etimologia|gl}}===
: Confronte-se com ''[[sergo#{{gl}}|sergo]]''.
==Substantivo==
{{flex.gl|fs=xerga|fp=xergas}}
{{paroxítona|xer|ga|lang=gl}}, {{g|f}}
# tecido [[grosso]] e basto
# manta de [[tear]]
# [[manta]] usada em cavalgaduras, sobre a que se dispõe a sela ou outro [[arreio]]
==={{-varort-}}===
* [[xorga#{{gl}}|xorga]]
==={{etimologia|gl}}===
: Da mesma origem que [[enxergão]]. Confronte-se com ''[[xerguilho#{{gl}}|xerguilho]]''.
==Homófono==
* [[jerga#{{gl}}|jerga]]
[[Categoria:Adjetivo (Galego)]]
[[Categoria:Substantivo (Galego)]]</text>
<sha1>bwbihb8t0kknbxkf45a2z3m7qk7i2bd</sha1>
</revision>
</page>
