<page>
<page>
<title>xergão</title>
<ns>0</ns>
<id>324976</id>
<revision>
<id>2522142</id>
<parentid>1827525</parentid>
<timestamp>2018-10-11T13:00:29Z</timestamp>
<contributor>
<username>Cpls</username>
<id>20608</id>
</contributor>
<model>wikitext</model>
<format>text/x-wiki</format>
<text bytes="510" xml:space="preserve">={{-pt-}}=
==Substantivo==
{{flex.pt|ms=xergão|mp=xergões}}
{{oxítona|xer|gão}}, {{g|m}}
# [[colchão]] feito de recheio vegetal, [[palha]], folhas do milho
# [[almofada|almofadão]] de palha sobre o que se coloca o colchão da cama
===Variante===
* [[enxergão]]
=={{etimologia|pt}}==
: Aparentado com o latim {{etimo|la|serica}}. Cognato do asturiano {{etimo|ast|sertón}} e do espanhol {{etimo|es|jergón}}.
==Ver também==
===No Wikcionário===
* [[enxergar]]
[[Categoria:Substantivo (Português)]]</text>
<sha1>iee7457g0d5tuy88ufpnzma0h4mr584</sha1>
</revision>
