<page>
<title>xerimbabo</title>
<ns>0</ns>
<id>83204</id>
<revision>
<id>2014000</id>
<parentid>1210310</parentid>
<timestamp>2015-10-11T22:53:38Z</timestamp>
<contributor>
<username>Andibira</username>
<id>52371</id>
</contributor>
<model>wikitext</model>
<format>text/x-wiki</format>
<text bytes="241" xml:space="preserve">={{-pt-}}=
==Substantivo==
{{flex.pt|ms=xerimbabo|mp=xerimbabos}}
{{paroxítona|xe|rim|ba|bo}}, {{m}}
# [[animal]] [[de]] [[estimação]]
=={{etimologia|pt}}==
: Do tupi-guarani &quot;minha coisa querida&quot;.
[[Categoria:Substantivo (Português)]]</text>
<sha1>i2a0p39qtch3tl61k0lsildlthicxdr</sha1>
</revision>
</page>
