<page>
<page>
<title>xerifino</title>
<ns>0</ns>
<id>360183</id>
<revision>
<id>2154664</id>
<parentid>2143517</parentid>
<timestamp>2016-07-31T11:28:03Z</timestamp>
<contributor>
<username>ValJor</username>
<id>1358</id>
</contributor>
<comment>Melhorando a apresentação do verbete</comment>
<model>wikitext</model>
<format>text/x-wiki</format>
<text bytes="499" xml:space="preserve">={{-pt-}}=
==Adjetivo==
{{flex.pt|ms=xerifino|mp=xerifinos|fs=xerifina|fp=xerifinas}}
{{paroxítona|xe|ri|fi|no}}
# relativo a [[xerife]]
# relativo à família dos descendentes de Maomé por sua filha
# relativo ao Marrocos; o mesmo que marroquino (porque a dinastia que reina sobre o Marrocos, a alauita, é considera descendente de Maomé)
===Tradução===
{{tradini}}
* {{trad|fr|chérifien}}
{{tradmeio}}
{{tradfim}}
=={{etimologia|pt}}==
: De ''xerife''.
[[Categoria:Adjetivo (Português)]]</text>
<sha1>5uch8z2p71a8xgt7n5wi6ojejm3h2cz</sha1>
</revision>
