<page>
<title>xerim</title>
<ns>0</ns>
<id>421117</id>
<revision>
<id>2577965</id>
<timestamp>2020-02-20T13:48:22Z</timestamp>
<contributor>
<username>Cpls</username>
<id>20608</id>
</contributor>
<comment>[[Ajuda:Guia de edição/Menus e ferramentas/Sumário de edição|→]] nova página: ={{-gl-}}= ==Substantivo== {{flex.gl|ms=xerim|mp=xerins}} {{oxítona|xe|rim|lang=gl}}, {{g|m}} # {{escopo|gl|...</comment>
<model>wikitext</model>
<format>text/x-wiki</format>
<text bytes="432" xml:space="preserve">={{-gl-}}=
==Substantivo==
{{flex.gl|ms=xerim|mp=xerins}}
{{oxítona|xe|rim|lang=gl}}, {{g|m}}
# {{escopo|gl|Ave}} [[chamariz]] (''[[species:Serinus serinus|Serinus serinus]]'') 
===Sinónimos===
* Vide em [[serim#{{gl}}|serim]]
=={{etimologia|gl}}==
: Talvez de origem onomatopeica pelo seu canto. Confronte-se com o latim {{etimo|la|Siren}} e com o grego clássico {{etimo|grc|Σειρήν}}.
[[Categoria:Substantivo (Galego)]]</text>
<sha1>l0n51gcbaxjr56linyohchpkn7sahym</sha1>
</revision>
</page>
