<page>
<page>
<title>xeringa</title>
<ns>0</ns>
<id>390048</id>
<revision>
<id>2475468</id>
<timestamp>2018-01-07T20:50:40Z</timestamp>
<contributor>
<username>Imivorn</username>
<id>64513</id>
</contributor>
<comment>[[Ajuda:Guia de edição/Menus e ferramentas/Sumário de edição|→]] nova página: [[Imagem:Syringe_with_needle_and_needle_cap.jpeg|thumb|300px|&lt;center&gt;xeringa&lt;/center&gt;]]   ={{-mwl-}}= ==Subst...</comment>
<model>wikitext</model>
<format>text/x-wiki</format>
<text bytes="416" xml:space="preserve">[[Imagem:Syringe_with_needle_and_needle_cap.jpeg|thumb|300px|&lt;center&gt;xeringa&lt;/center&gt;]]
={{-mwl-}}=
==Substantivo==
{{flex.mwl|fs=xeringa|fp=xeringas}}
{{paroxítona|xe|rin|ga|língua=mwl}}, {{f}}
# [[seringa]]
==={{-varort-}}===
* {{link opcional|xaringa|mwl}}
[[Categoria:Substantivo (Mirandês)]]
[[Categoria:Objeto (Mirandês)]]
[[Categoria:Medicina (Mirandês)]]
[[Categoria:Entrada com imagem (Mirandês)]]</text>
<sha1>448tltgw90pjcmmixnzatuthp5sqc0k</sha1>
</revision>
