<page>
<page>
<title>xerife</title>
<ns>0</ns>
<id>68737</id>
<revision>
<id>2654320</id>
<parentid>2616924</parentid>
<timestamp>2021-12-06T06:35:18Z</timestamp>
<contributor>
<username>Ydiutg</username>
<id>83668</id>
</contributor>
<model>wikitext</model>
<format>text/x-wiki</format>
<text bytes="1298" xml:space="preserve">={{-pt-}}=
==Substantivo&lt;sup&gt;1&lt;/sup&gt;==
{{flex.pt|ms=xerife|mp=xerifes}}
{{paroxítona|xe|ri|fe}}, {{m}}
# [[título]] usado por [[príncipe]]s [[mouro]]s
#* ''E ainda mal, porque os mouros de África, e principalmente o '''Xerife''' de Marrocos, neste nosso tempo em este uso de guerra se servem mais deles que nós. '' - João de Barros - DÉCADAS DA ÁSIA (DÉCADA PRIMEIRA, LIVROS I-X)
==={{etimologia|pt}}===
: Do árabe.
==Substantivo&lt;sup&gt;2&lt;/sup&gt;==
{{flex.pt|ms=xerife|mp=xerifes|fs=xerifa|fp=xerifas}}
{{paroxítona|xe|ri|fe}}, {{c2g}}
# [[magistrado]] em certas [[povoação|povoações]] de [[país]]es da [[América]] [[ocidental|Ocidental]]
#* ''Tinha Gabriel dos Cinco Reis, mascarilha com pistolas de graveto; tinha Cisco Kid Jé Caniço, '''Xerife''' num Oeste de silveiras; tinha índios pintados a rolha queimada e enfeitados com penas de galinha.'' - Vasco Pereira da Costa - A QUINTA DO SALOMÃO
===Sinônimos===
* De '''1''': {{escopo2|estrangeirismo}} ''[[sheriff]]''
==={{etimologia|pt}}===
: Do inglês {{etimo|en|sheriff}}.
=={{pronúncia|pt}}==
===Portugal===
* AFI: {{AFI|/ʃɨ.ˈɾi.fɨ/}}
[[Categoria:Substantivo (Português)]]
[[Categoria:Entrada de étimo inglês (Português)]]
[[chr:xerife]]
[[en:xerife]]
[[fr:xerife]]
[[mg:xerife]]
[[pl:xerife]]
[[zh:xerife]]</text>
<sha1>77lciwm6t88ysua9rqxb7dpbce8faxq</sha1>
</revision>
