<page>
<page>
<title>xeril</title>
<ns>0</ns>
<id>421116</id>
<revision>
<id>2577964</id>
<timestamp>2020-02-20T13:47:53Z</timestamp>
<contributor>
<username>Cpls</username>
<id>20608</id>
</contributor>
<comment>[[Ajuda:Guia de edição/Menus e ferramentas/Sumário de edição|→]] nova página: ={{-gl-}}= ==Substantivo== {{flex.gl|ms=xeril|mp=xeris}} {{oxítona|xe|ril|lang=gl}}, {{g|m}} # {{escopo|gl|A...</comment>
<model>wikitext</model>
<format>text/x-wiki</format>
<text bytes="431" xml:space="preserve">={{-gl-}}=
==Substantivo==
{{flex.gl|ms=xeril|mp=xeris}}
{{oxítona|xe|ril|lang=gl}}, {{g|m}}
# {{escopo|gl|Ave}} [[chamariz]] (''[[species:Serinus serinus|Serinus serinus]]'') 
===Sinónimos===
* Vide em [[serim#{{gl}}|serim]]
=={{etimologia|gl}}==
: Talvez de origem onomatopeica pelo seu canto. Confronte-se com o latim {{etimo|la|Siren}} e com o grego clássico {{etimo|grc|Σειρήν}}.
[[Categoria:Substantivo (Galego)]]</text>
<sha1>q483gaaa0rfh94jw9dzwu5mabyd8ab6</sha1>
</revision>
