<page>
<title>xeringas</title>
<ns>0</ns>
<id>390049</id>
<revision>
<id>2475469</id>
<timestamp>2018-01-07T20:51:21Z</timestamp>
<contributor>
<username>Imivorn</username>
<id>64513</id>
</contributor>
<comment>[[Ajuda:Guia de edição/Menus e ferramentas/Sumário de edição|→]] nova página: ={{-mwl-}}= ==Forma de substantivo== {{paroxítona|xe|rin|gas|língua=mwl}} # plural de '''xeringa#{{mwl}}|...</comment>
<model>wikitext</model>
<format>text/x-wiki</format>
<text bytes="169" xml:space="preserve">={{-mwl-}}=
==Forma de substantivo==
{{paroxítona|xe|rin|gas|língua=mwl}}
# plural de '''[[xeringa#{{mwl}}|xeringa]]'''
[[Categoria:Forma de substantivo (Mirandês)]]</text>
<sha1>bmpxxkcjzzicoo1tr4u4e0zkclyyamf</sha1>
</revision>
</page>
