<page>
<page>
<title>xeriga</title>
<ns>0</ns>
<id>417421</id>
<revision>
<id>2629652</id>
<parentid>2566909</parentid>
<timestamp>2021-04-05T07:46:59Z</timestamp>
<contributor>
<username>Cpls</username>
<id>20608</id>
</contributor>
<model>wikitext</model>
<format>text/x-wiki</format>
<text bytes="467" xml:space="preserve">={{-gl-}}=
==Substantivo==
{{flex.gl|fs=xeriga|fp=xerigas}}
{{paroxítona|xe|ri|ga|lang=gl}}, {{g|f|lang=gl}}
# {{escopo|gl|Ave}} [[chamariz]] (''[[species:Serinus serinus|Serinus serinus]]'')
===Sinónimos===
* Vide em [[siri#Galego|siri]]
=={{etimologia|gl}}==
: Talvez de origem onomatopeica pelo seu canto. Confronte-se com ''[[serigaita]]'', com o latim {{etimo|la|Siren}} e com o grego clássico {{etimo|grc|Σειρήν}}.
[[Categoria:Substantivo (Galego)]]</text>
<sha1>k697h8x0adwysuavoazp972sqyorttr</sha1>
</revision>
