<page>
<page>
<title>xermanio</title>
<ns>0</ns>
<id>223408</id>
<revision>
<id>1685284</id>
<parentid>1456700</parentid>
<timestamp>2013-05-04T08:05:44Z</timestamp>
<contributor>
<username>HydrizBot</username>
<id>29590</id>
</contributor>
<minor />
<comment>r2.7.3) (Robô: A adicionar: [[pl:xermanio]]</comment>
<model>wikitext</model>
<format>text/x-wiki</format>
<text bytes="382" xml:space="preserve">={{-gl-}}=
{{elementos|Ge|galio|Ga|arsénico|As}}
==Substantivo==
'''xermanio'''
# [[germânio]]
==Ver também==
===No Wikcionário===
{{tabela periódica/gl}}
[[Categoria:Substantivo (Galego)]]
[[Categoria:Elemento químico (Galego)]]
[[en:xermanio]]
[[eu:xermanio]]
[[fr:xermanio]]
[[gl:xermanio]]
[[hu:xermanio]]
[[lt:xermanio]]
[[mg:xermanio]]
[[pl:xermanio]]
[[ro:xermanio]]</text>
<sha1>cdi94nehwv6y283t6u14bbc0ondwb8v</sha1>
</revision>
