<page>
<page>
<title>xermaniu</title>
<ns>0</ns>
<id>279376</id>
<revision>
<id>1685283</id>
<parentid>1469315</parentid>
<timestamp>2013-05-04T08:05:04Z</timestamp>
<contributor>
<username>HydrizBot</username>
<id>29590</id>
</contributor>
<minor />
<comment>r2.7.3) (Robô: A adicionar: [[pl:xermaniu]]</comment>
<model>wikitext</model>
<format>text/x-wiki</format>
<text bytes="310" xml:space="preserve">={{-ast-}}=
==Substantivo==
{{elementos|Ge|galiu|Ga|arsénicu|As}}
'''xermaniu'''
# [[germânio]]
==Ver também==
===No Wikcionário===
{{tabela periódica/ast}}
[[Categoria:Substantivo (Asturiano)]]
[[Categoria:Elemento químico (Asturiano)]]
[[en:xermaniu]]
[[eu:xermaniu]]
[[mg:xermaniu]]
[[pl:xermaniu]]</text>
<sha1>9p65jemwy685dk75l10jnwabqf5jnp9</sha1>
</revision>
