<page>
<page>
<title>xerox</title>
<ns>0</ns>
<id>63505</id>
<revision>
<id>2554739</id>
<parentid>1871659</parentid>
<timestamp>2019-09-23T00:53:52Z</timestamp>
<contributor>
<username>ValJor</username>
<id>1358</id>
</contributor>
<comment>Trocando escopo por escopo2</comment>
<model>wikitext</model>
<format>text/x-wiki</format>
<text bytes="1626" xml:space="preserve">={{-pt-}}=
==Substantivo==
{{flex.pt|ms=xerox|mp=xerox|mp2=xeroxes}}
{{oxítona|xe|rox}} (cs), {{g|c2g}}, {{+info|data=1965}}
# [[máquina]] usada na reprodução de texto ou imagem, geralmente com finalidades escolares, universitárias, burocráticas, cartoriais, arquivísticas, bibliológicas ou documentais, que realiza um processo de reprografia a seco, por meio da técnica de fotocondutividade
# {{escopo2|Por metonímia}} esta [[técnica]] de [[reprodução]]
# {{escopo2|Por metonímia (da acepção 1)}} [[fotocópia]] obtida por meio de tal [[máquina]]
==={{-varort-}}===
* [[xérox]]
===Sinônimos===
* De '''3''': [[fotocópia]]
===Tradução===
{{tradini}}
* {{trad|nl|xerox}}
* {{trad|en|xerox}}
{{tradmeio}}
* {{trad|ro|xerox}}
{{tradfim}}
===Uso===
* Caso de marca registrada (''Xerox'') que passou a designar o seu gênero (máquina de reprografia).
=={{etimologia|pt}}==
{{llietimo|en|xerox|pt|ponto=não}} (idem), de ''Xerox'', marca registrada.
==Ver também==
===Na Wikipédia===
{{verTambém.Ini}}
* [[w:fotocopiadora|fotocopiadora]]
{{verTambém.NovaColuna}}
* [[w:Xerox|Xerox]]
{{verTambém.Fim}}
[[Categoria:Substantivo (Português)]]
[[Categoria:Metonímia (Português)]]
={{-nl-}}=
==Substantivo==
'''xerox'''
# [[xerox#Português|xerox]]
[[Categoria:Substantivo (Holandês)]]
={{-en-}}=
==Substantivo==
'''xerox'''
# [[xerox#Português|xerox]]
==Verbo==
'''xerox'''
# fazer uma cópia pelo método xerográfico
[[Categoria:Substantivo (Inglês)]]
[[Categoria:Verbo (Inglês)]]
={{-ro-}}=
==Substantivo==
'''xerox'''
# [[xerox#Português|xerox]]
[[Categoria:Substantivo (Romeno)]]</text>
<sha1>ofnd9li8jh75xnfp57ls96e5hrgdjdh</sha1>
</revision>
