<page>
<page>
<title>xerografia</title>
<ns>0</ns>
<id>83682</id>
<revision>
<id>2038230</id>
<parentid>1888358</parentid>
<timestamp>2015-11-17T22:01:27Z</timestamp>
<contributor>
<username>Luan</username>
<id>1279</id>
</contributor>
<comment>/* {{etimologia|pt}} */adição do idioma à [[predefinição:etimologia]] utilizando [[Project:AutoWikiBrowser|AWB]]</comment>
<model>wikitext</model>
<format>text/x-wiki</format>
<text bytes="1287" xml:space="preserve">={{-pt-}}=
==Substantivo==
{{flex.pt|fs=xerografia|fp=xerografias}}
{{paroxítona|xe|ro|gra|fi|a}}
# [[técnica]] através da qual são obtidas [[cópia]]s de [[imagem|imagens]] e/ou [[texto]]s através de [[fotoestimulação]] em uma [[máquina]] com a [[seguinte]] [[impressão]] numa [[folha]] de [[papel]]
# [[cópia]] (de um [[documento]], [[foto]], [[texto]], etc.) obtida através da técnica de xerografia&lt;sup&gt;1&lt;/sup&gt;
===Sinônimos===
{{verTambém.Ini}}
* [[fotocópia]]
{{verTambém.NovaColuna}}
* [[xérox]]
{{verTambém.Fim}}
===Tradução===
{{tradini}}
* {{trad|de|Xerographie}}
* {{trad|ca|xerografia}}
* {{trad|es|xerografía}}
* {{trad|eo|kserografio}}
{{tradmeio}}
* {{trad|fr|xérographie}}
* {{trad|nl|xerografie}}
* {{trad|en|xerography}}
* {{trad|it|xerografia}}
{{tradfim}}
=={{etimologia|pt}}==
: De ''Xerox'' (empresa fabricante das máquinas utilizadas nesta técnica) + [[grafia]].
[[Categoria:Substantivo (Português)]]
={{-ca-}}=
==Substantivo==
'''xerografia'''
# [[xerografia#Português|xerografia]]
[[Categoria:Substantivo (Catalão)]]
={{-it-}}=
==Substantivo==
'''xerografia'''
# [[xerografia#Português|xerografia]]
[[Categoria:Substantivo (Italiano)]]
[[da:xerografia]]
[[en:xerografia]]
[[fr:xerografia]]
[[pl:xerografia]]
[[zh:xerografia]]</text>
<sha1>cu9xhyfro65a2qfu4o5e4ce54lqal7h</sha1>
</revision>
