<page>
<page>
<title>xerocar</title>
<ns>0</ns>
<id>16353</id>
<revision>
<id>2140529</id>
<parentid>2038232</parentid>
<timestamp>2016-06-11T14:29:35Z</timestamp>
<contributor>
<username>UT-interwiki-Bot</username>
<id>56129</id>
</contributor>
<minor />
<comment>Robô: A adicionar: [[en:xerocar]]</comment>
<model>wikitext</model>
<format>text/x-wiki</format>
<text bytes="338" xml:space="preserve">={{-pt-}}=
==Verbo==
'''xe.ro.&lt;u&gt;car&lt;/u&gt;''', ''transitivo direto''
# produzir [[fotocópia]]s
===Sinônimos===
* [[fotocopiar]]
===Conjugação===
{{conj/pt|xero|car}}
=={{etimologia|pt}}==
: De [[xerox]] + [[-ar]]
[[Categoria:Verbo (Português)]]
[[Categoria:Oxítona (Português)]]
[[Categoria:Trissílabo (Português)]]
[[en:xerocar]]</text>
<sha1>lgdc4tl42ujoe1f5z2krgijip5gbq1z</sha1>
</revision>
