<page>
<page>
<title>Xerome</title>
<ns>0</ns>
<id>286263</id>
<revision>
<id>1587716</id>
<parentid>1514424</parentid>
<timestamp>2013-01-18T23:35:30Z</timestamp>
<contributor>
<username>MalafayaBot</username>
<id>628</id>
</contributor>
<minor />
<comment>Robô: A modificar Categoria:Vocábulo de étimo francês (Galego) para Categoria:Entrada de étimo francês (Galego)</comment>
<model>wikitext</model>
<format>text/x-wiki</format>
<text bytes="621" xml:space="preserve">={{-gl-}}=
==Substantivo==
'''Xerome''' {{pr}} {{m}}
# [[Jerônimo]]/[[Jerónimo]]
===Variante===
{{verTambém.Ini}}
* {{link opcional|Xerónimo|gl}}
{{verTambém.Fim}}
=={{etimologia|gl}}==
:Do [[francês]] {{etimo|fr|Jérôme}} proveniente do [[latim]] {{etimo|la|Hieronymus}} que veio do [[grego antigo]] {{etimo|grc|Ἱερώνυμος}} ''(Ieró̱nymos)'', de {{etimo|grc|ἱερός}} ''(ierós)'' &quot;santo, sagrado&quot; + {{etimo|grc|ὄνομα}} ''(ónoma)'' &quot;nome&quot;. Significa ''nome sagrado''.
[[Categoria:Substantivo (Galego)]]
[[Categoria:Antropônimo (Galego)]]
[[Categoria:Entrada de étimo francês (Galego)]]</text>
<sha1>8bu1oyhgv4wwa1b8k25d6t046sczi1y</sha1>
</revision>
