<page>
<page>
<title>xerocámos</title>
<ns>0</ns>
<id>308901</id>
<revision>
<id>2247848</id>
<parentid>2140528</parentid>
<timestamp>2017-03-03T18:46:00Z</timestamp>
<contributor>
<username>ValJor</username>
<id>1358</id>
</contributor>
<comment>Trocando predefinição escopo por escopo2</comment>
<model>wikitext</model>
<format>text/x-wiki</format>
<text bytes="287" xml:space="preserve">={{-pt-}}=
==Forma verbal==
{{paroxítona|xe|ro|cá|mos}}
# {{escopo2|grafia lusitana}} primeira pessoa do plural do pretérito perfeito do modo indicativo do verbo [[xerocar]]
{{avi-for-fle|xerocar}}
[[Categoria:Forma verbal (Português)]]
[[Categoria:Lusitanismo]]
[[en:xerocámos]]</text>
<sha1>fin6qci786fl5wum7oh8a8ot4b5f7gl</sha1>
</revision>
