<page>
<page>
<title>xerpo</title>
<ns>0</ns>
<id>353134</id>
<revision>
<id>2073530</id>
<timestamp>2016-03-20T20:11:17Z</timestamp>
<contributor>
<username>Cpls</username>
<id>20608</id>
</contributor>
<comment>[[Ajuda:Guia de edição/Menus e ferramentas/Sumário de edição|→]] nova página: ={{-gl-}}= ==Adjetivo== {{flex.gl|ms=xerpo|mp=xerpos|fs=xerpa|fp=xerpas}} {{paroxítona|xer|po|lang=gl}} # qu...</comment>
<model>wikitext</model>
<format>text/x-wiki</format>
<text bytes="398" xml:space="preserve">={{-gl-}}=
==Adjetivo==
{{flex.gl|ms=xerpo|mp=xerpos|fs=xerpa|fp=xerpas}}
{{paroxítona|xer|po|lang=gl}}
# que tem muita [[viveza]], muita atividade
# que nasceu para aquilo ao que se [[dedicar|dedica]], (a falar das pessoas), [[predestinar|predestinado]], adequado
=={{etimologia|gl}}==
: {{escopo|Morfologia}} Do galego ''[[xerpa#Galego|xerpa]]'' &quot;[[serpente]]&quot;.
[[Categoria:Adjetivo (Galego)]]</text>
<sha1>owaoi4bg01s780e33ffzu07f1c0ef88</sha1>
</revision>
