<page>
<page>
<title>xerpa</title>
<ns>0</ns>
<id>353130</id>
<revision>
<id>2157320</id>
<parentid>2140527</parentid>
<timestamp>2016-08-10T15:54:41Z</timestamp>
<contributor>
<username>Jéssica S. Ciqueira</username>
<id>53180</id>
</contributor>
<model>wikitext</model>
<format>text/x-wiki</format>
<text bytes="1450" xml:space="preserve">={{-pt-}}=
==Substantivo==
{{flex.pt|s=xerpa|p=xerpas}}
{{paroxítona|xer|pa}}, {{gramática|m|f|s}}
# pessoa que é do povo himalaia de nome homônimo
#: '''2015''', Justin Go, ''O constante correr das horas'', Editora Intrinseca, página: ''?''
#*: ''O '''xerpa''' dá a cada homem uma caneca de alumínio meticulosamente descongelada''
=={{etimologia|pt}}==
: Do inglês {{etimo|en|sherpa}}.
[[Categoria:Substantivo (Português)]]
[[Categoria:Entrada de étimo inglês (Português)]]
[[Categoria:Gentílico (Português)]]
={{-gl-}}=
==Adjetivo==
{{flex.gl|ms=xerpo|mp=xerpos|fs=xerpa|fp=xerpas}}
{{paroxítona|xer|pa|lang=gl}}
# que tem muita [[viveza]], muita atividade
# que nasceu para aquilo ao que se [[dedicar|dedica]], (a falar das pessoas), [[predestinar|predestinada]]
==Substantivo==
{{flex.gl|fs=xerpa|fp=xerpas}}
{{paroxítona|xer|pa|lang=gl}}, {{f}}
# {{escopoCat|Réptil|gl}} [[serpente]]
# [[sarmento]] de videira nascido ao pé da cepa. Sarmento qualquer de videira
===Sinónimos===
: '''De 1 (serpente):'''
{{dividir em colunas|3}}
* [[cobra#Galego|cobra]]
* [[cóbrega#Galego|cóbrega]]
* [[serpe#Galego|serpe]]
* [[serpente#Galego|serpente]]
{{dividir em colunas.fim}}
: '''De 2 (sarmento):'''
* [[serpa#Galego|serpa]]
=={{etimologia|gl}}==
: Do {{etm|la|gl}} {{etimo|la|serpens}}. Cognato do [[asturiano]] ''[[sierpe#Asturiano|sierpe]]''.
[[Categoria:Adjetivo (Galego)]]
[[Categoria:Substantivo (Galego)]]
[[en:xerpa]]</text>
<sha1>rq96n3bkrigazt28goghgquo1ejw944</sha1>
</revision>
