<page>
<title>Xerónimo</title>
<ns>0</ns>
<id>286264</id>
<revision>
<id>1599534</id>
<parentid>1514425</parentid>
<timestamp>2013-01-19T14:29:06Z</timestamp>
<contributor>
<username>MalafayaBot</username>
<id>628</id>
</contributor>
<minor />
<comment>Robô: Substituição de texto automática (-|Vocábulo de  +|Entrada de , -|Vocábulo com  +|Entrada com , -[[Categoria:Vocábulo +[[Categoria:Entrada)</comment>
<model>wikitext</model>
<format>text/x-wiki</format>
<text bytes="592" xml:space="preserve">{{Wikipédia|lang=gl}}
={{-gl-}}=
==Substantivo==
'''Xerónimo''' {{pr}} {{m}}
# [[Jerônimo]]/[[Jerónimo]]
===Variante===
{{verTambém.Ini}}
* {{link opcional|Xerome|gl}}
{{verTambém.Fim}}
=={{etimologia|gl}}==
:Do [[latim]] {{etimo|la|Hieronymus}} que veio do [[grego antigo]] {{etimo|grc|Ἱερώνυμος}} ''(Ieró̱nymos)'', de {{etimo|grc|ἱερός}} ''(ierós)'' &quot;santo, sagrado&quot; + {{etimo|grc|ὄνομα}} ''(ónoma)'' &quot;nome&quot;. Significa ''nome sagrado''.
[[Categoria:Substantivo (Galego)]]
[[Categoria:Antropônimo (Galego)]]
[[Categoria:Entrada de étimo latino (Galego)]]</text>
<sha1>hwvxw637nq30jo6fkepcxj8qw4rvp7y</sha1>
</revision>
</page>
