<page>
<page>
<title>xerófita</title>
<ns>0</ns>
<id>317236</id>
<revision>
<id>1712703</id>
<parentid>1712562</parentid>
<timestamp>2013-08-15T10:42:53Z</timestamp>
<contributor>
<username>ValJor</username>
<id>1358</id>
</contributor>
<comment>Melhorando a apresentação do verbete usando a [[:predefinição:cria-entrada]]</comment>
<model>wikitext</model>
<format>text/x-wiki</format>
<text bytes="165" xml:space="preserve">={{-pt-}}=
==Forma de adjetivo==
{{proparoxítona|xe|ró|fi|ta}}
# feminino de [[xerófito]]
{{avi-for-fle|xerófito}}
[[Categoria:Forma de adjetivo (Português)]]</text>
<sha1>jq5i93l7ro540432ktdz2caaibf2tzk</sha1>
</revision>
