<page>
<page>
<title>xesuíta</title>
<ns>0</ns>
<id>77836</id>
<revision>
<id>2518196</id>
<parentid>2140526</parentid>
<timestamp>2018-09-09T18:57:02Z</timestamp>
<contributor>
<username>ValJor</username>
<id>1358</id>
</contributor>
<comment>Um verbete a menos usando a [[Predefinição:flex.gl.com2|predefinição flex.gl.com2]]</comment>
<model>wikitext</model>
<format>text/x-wiki</format>
<text bytes="630" xml:space="preserve">={{-gl-}}=
==Adjetivo==
{{flex.gl|s=xesuíta|p=xesuítas|s-div=xe.su.{{grifar|í}}.ta|p-div=xe.su.{{grifar|í}}.tas}}
'''xe.su.{{grifar|í}}.ta''', {{gramática|c2g}}
# [[jesuíta]]
==Substantivo==
{{flex.gl|s=xesuíta|p=xesuítas|s-div=xe.su.{{grifar|í}}.ta|p-div=xe.su.{{grifar|í}}.tas}}
'''xe.su.{{grifar|í}}.ta''', {{gramática|c2g}}
# [[jesuíta]]
==Ver também==
===No Wikcionário===
{{verTambém.Ini}}
* [[Compañía de Xesús]]
{{verTambém.Fim}}
[[Categoria:Adjetivo (Galego)]]
[[Categoria:Substantivo (Galego)]]
[[Categoria:Polissílabo (Galego)]]
[[Categoria:Paroxítona (Galego)]]
[[Categoria:Cognato (Galego)]]</text>
<sha1>3x2frf5lxhmqjln3o05ogk0b1jf68bb</sha1>
</revision>
