<page>
<title>Xesús</title>
<ns>0</ns>
<id>283055</id>
<revision>
<id>2554737</id>
<parentid>2282577</parentid>
<timestamp>2019-09-23T00:47:36Z</timestamp>
<contributor>
<username>ValJor</username>
<id>1358</id>
</contributor>
<comment>Acrescentando código de língua à [[:Categoria:!Página com mensagem de erro em predefinição|predefinição escopo]]</comment>
<model>wikitext</model>
<format>text/x-wiki</format>
<text bytes="846" xml:space="preserve">{{Wikipédia|lang=ast}}
{{Wikipédia|lang=gl|Xesús de Nazaret}}
={{-ast-}}=
==Substantivo==
'''Xesús''', {{g|pr}}
# {{escopo|ast|Cristianismo}} [[Jesus]]
=={{etimologia|ast}}==
{{llietimo|la|Iesus|ast|ponto=não}} e este do {{etm|grc|ast}} {{etimo|grc|Ίησοῦς|(Iēsoûs)}}, tradução do nome {{etm|hbo|ast}} {{etimo|hbo|ישוע}} ''(Yeshua)''.
[[Categoria:Substantivo (Asturiano)]]
[[Categoria:Antropônimo (Asturiano)]]
={{-gl-}}=
==Substantivo==
'''Xesús''', {{g|pr}}
# {{escopo|gl|Cristianismo}} [[Jesus]]
===Sinônimos===
* {{link opcional|Xesús Cristo|gl}}
=={{etimologia|gl}}==
{{llietimo|la|Iesus|gl|ponto=não}} e este do {{etm|grc|gl}} {{etimo|grc|Ίησοῦς|(Iēsoûs)}}, tradução do nome {{etm|hbo|gl}} {{etimo|hbo|ישוע}} ''(Yeshua)''.
[[Categoria:Substantivo (Galego)]]
[[Categoria:Antropônimo (Galego)]]</text>
<sha1>sryver96ksaa5jr39ldly7jt4ueobmx</sha1>
</revision>
</page>
