<page>
<page>
<title>xetu</title>
<ns>0</ns>
<id>301585</id>
<revision>
<id>1521869</id>
<parentid>1521867</parentid>
<timestamp>2012-11-14T19:46:07Z</timestamp>
<contributor>
<username>Cpls</username>
<id>20608</id>
</contributor>
<comment>/* {{-ast-}} */</comment>
<model>wikitext</model>
<format>text/x-wiki</format>
<text bytes="645" xml:space="preserve">={{-ast-}}=
==Substantivo&lt;sup&gt;1&lt;/sup&gt;==
{{flex.ast|ms=xetu|mp=xetos|fs=xeta|fp=xetes}}
{{paroxítona|xe|tu|lang=ast}}
# [[bezerro]], [[novilho]]
# [[boi]], [[touro]]
===Variantes===
{{verTambém.Ini}}
* ''[[xatu#Asturiano|xatu]]''
{{verTambém.NovaColuna}}
* ''[[xatru#Asturiano|xatru]]''
{{verTambém.NovaColuna}}
* ''[[xotu#Asturiano|xotu]]''
{{verTambém.Fim}}
==Substantivo&lt;sup&gt;2&lt;/sup&gt;==
{{flex.ast|ms=xetu|mp=xetos}}
{{paroxítona|xe|tu|lang=ast}}, {{m}}
# [[sebe]]
# [[vedação]] de paus simples
# [[mato]], vegetação arbustiva baixa
# [[embrulho]]
===Variante===
* ''[[setu#Asturiano|setu]]''
[[Categoria:Substantivo (Asturiano)]]</text>
<sha1>l0woxtld018wxb4u41tx62yggw0deno</sha1>
</revision>
