<page>
<title>xetá</title>
<ns>0</ns>
<id>10355</id>
<revision>
<id>2036198</id>
<parentid>1189058</parentid>
<timestamp>2015-11-13T08:06:26Z</timestamp>
<contributor>
<username>Cpls</username>
<id>20608</id>
</contributor>
<comment>/* Interjeição */  tirando maiúscula de Xetá para xetá</comment>
<model>wikitext</model>
<format>text/x-wiki</format>
<text bytes="731" xml:space="preserve">={{-pt-}}=
== Adjetivo ==
'''xe.tá''' ''comum de dois gêneros''
:# Dos [[xetá]]s.
== Substantivo ==
'''xe.tá''' ''comum de dois gêneros''
:# Indivíduo do povo [[tupi-guarani]] que habitou o estado do [[Paraná]], [[Brasil]]
:# Língua [[tupi-guarani]] extinta que já foi falada pelos [[xetá]]s.
== Interjeição ==
{{oxítona|xe|tá}}!
# Própria para fazer parar as bestas; xó!.
== Pronúncia ==
=== Brasil ===
==== Caipira, Carioca e Paulistana ====
* AFI: /ʃe.ˈta/
* X-SAMPA: /Se.&quot;ta/
== Ligações externas ==
* [http://www.ethnologue.com/show_language.asp?code=xet Ethnologue: Xetá]
[[Categoria:Adjetivo (Português)|xeta]]
[[Categoria:Língua (Português)|xeta]]
[[Categoria:Substantivo (Português)|xeta]]</text>
<sha1>bzknyladowi1cld2b6tgy1u6anxyjeu</sha1>
</revision>
</page>
