<page>
<page>
<title>xeva</title>
<ns>0</ns>
<id>301230</id>
<revision>
<id>2554735</id>
<parentid>1519747</parentid>
<timestamp>2019-09-23T00:42:01Z</timestamp>
<contributor>
<username>ValJor</username>
<id>1358</id>
</contributor>
<minor />
<comment>Acrescentando código de língua à [[:Categoria:!Página com mensagem de erro em predefinição|predefinição escopo]]</comment>
<model>wikitext</model>
<format>text/x-wiki</format>
<text bytes="251" xml:space="preserve">={{-gl-}}=
==Substantivo==
{{flex.gl|fs=xeva|fp=xevas}}
{{oxítona|xe|va|lang=gl}}, {{g|f}}
# {{escopo|gl|Arcaísmo}} [[selva]]
==Ver também==
===No Wikcionário===
{{verTambém.Ini}}
* [[sebe]]
{{verTambém.Fim}}
[[Categoria:Substantivo (Galego)]]</text>
<sha1>lycf0k5jgd4k1846okrqy0462c9f95f</sha1>
</revision>
