<page>
<page>
<title>xevá</title>
<ns>0</ns>
<id>379642</id>
<revision>
<id>2416021</id>
<parentid>2416020</parentid>
<timestamp>2017-06-06T21:16:55Z</timestamp>
<contributor>
<username>Askekamo</username>
<id>60711</id>
</contributor>
<model>wikitext</model>
<format>text/x-wiki</format>
<text bytes="638" xml:space="preserve">={{-pt-}}=
==Substantivo==
{{flex.pt|fs=xevá|fp=xevás}}
{{oxítona|xe|vá}}, {{gramática|f}}
# {{escopo|pt|Linguística|Fonética}} som vocálico médio-central neutro, no centro da tabela de vogais, geralmente átono e não-tonal usado em certas línguas, representado no Alfabeto Fonético Internacional pelo símbolo do &quot;e&quot; invertido. ocorre no português de Portugal, é, por exemplo, o som do &quot;e&quot; na pronúncia lusitana de &quot;cabe&quot;
===Sinônimos===
De '''1''':
{{verTambém.Ini}}
* [[chevá]]
* {{escopo2|estrangeirismo}} ''[[schwa]]''
{{verTambém.NovaColuna}}
* [[xuá]]
{{verTambém.Fim}}
[[Categoria:Substantivo (Português)]]</text>
<sha1>gn48ul8ej2k2dgs1154vtu63a19gxtm</sha1>
</revision>
