<page>
<title>xewa</title>
<ns>0</ns>
<id>232539</id>
<revision>
<id>1803681</id>
<parentid>1726461</parentid>
<timestamp>2014-01-07T21:40:51Z</timestamp>
<contributor>
<username>MalafayaBot</username>
<id>628</id>
</contributor>
<minor />
<comment>r2.7.5) (Robô: A adicionar: [[mg:xewa]], [[nah:xewa]]</comment>
<model>wikitext</model>
<format>text/x-wiki</format>
<text bytes="246" xml:space="preserve">={{-arn-}}=
==Substantivo==
'''xewa'''
# [[cão]] (mamífero domesticado - ''Canis lupus familiaris'')
{{página-automática|Maio|2010|cão|arn}}
[[Categoria:Substantivo (Araucano)]]
[[en:xewa]]
[[ko:xewa]]
[[mg:xewa]]
[[nah:xewa]]
[[ru:xewa]]</text>
<sha1>h1j5cywk3a0dzl5gljobn4wn0vi8hot</sha1>
</revision>
</page>
