<page>
<title>Xhamajka</title>
<ns>0</ns>
<id>125036</id>
<revision>
<id>2541564</id>
<parentid>2282579</parentid>
<timestamp>2019-04-12T10:38:13Z</timestamp>
<contributor>
<username>ValJor</username>
<id>1358</id>
</contributor>
<comment>Acrescentando código de língua à [[:Categoria:!Página com mensagem de erro em predefinição|predefinição escopo]]</comment>
<model>wikitext</model>
<format>text/x-wiki</format>
<text bytes="432" xml:space="preserve">{{Wikipédia|lang=sq}}
[[Imagem:Flag of Jamaica.svg|thumb|right|250px|&lt;center&gt;Bandeira da Jamaica&lt;/center&gt;]]
[[Imagem:LocationJamaica.svg|thumb|right|250px|&lt;center&gt;Localização da Jamaica&lt;/center&gt;]]
={{-sq-}}=
==Substantivo==
'''Xhamajka''', {{gramática|pr}}
# {{escopo|sq|País}} [[Jamaica]]
==Ver também==
===No Wikcionário===
{{América/sq}}
[[Categoria:Substantivo (Albanês)]]
[[Categoria:Entrada com imagem (Albanês)]]</text>
<sha1>gjzy4agaenwatbb89g1bv8pule6hmnf</sha1>
</revision>
</page>
