<page>
<title>Xhibuti</title>
<ns>0</ns>
<id>124960</id>
<revision>
<id>2541561</id>
<parentid>2282580</parentid>
<timestamp>2019-04-12T10:31:13Z</timestamp>
<contributor>
<username>ValJor</username>
<id>1358</id>
</contributor>
<comment>Acrescentando código de língua à [[:Categoria:!Página com mensagem de erro em predefinição|predefinição escopo]]</comment>
<model>wikitext</model>
<format>text/x-wiki</format>
<text bytes="432" xml:space="preserve">{{Wikipédia|lang=sq}}
[[Imagem:Flag of Djibouti.svg|thumb|right|250px|&lt;center&gt;Bandeira de Djibuti&lt;/center&gt;]]
[[Imagem:LocationDjibouti.svg|thumb|right|250px|&lt;center&gt;Localização de Djibuti&lt;/center&gt;]]
={{-sq-}}=
==Substantivo==
'''Xhibuti''', {{gramática|pr}}
# {{escopo|sq|País}} [[Djibuti]]
==Ver também==
===No Wikcionário===
{{África/sq}}
[[Categoria:Substantivo (Albanês)]]
[[Categoria:Entrada com imagem (Albanês)]]</text>
<sha1>7fbbpp4tj5wc7p9j28g6u62hmrzf5fk</sha1>
</revision>
</page>
