<page>
<page>
<title>xhosa</title>
<ns>0</ns>
<id>70062</id>
<revision>
<id>2140524</id>
<parentid>2045608</parentid>
<timestamp>2016-06-11T14:28:45Z</timestamp>
<contributor>
<username>UT-interwiki-Bot</username>
<id>56129</id>
</contributor>
<minor />
<comment>Robô: A adicionar: [[oc:xhosa]]</comment>
<model>wikitext</model>
<format>text/x-wiki</format>
<text bytes="606" xml:space="preserve">{{Wikipédia}}
={{-pt-}}=
==Substantivo==
'''&lt;u&gt;xho&lt;/u&gt;.sa'''
# [[grupo]] [[étnico]] [[sul-africano]]
# [[idioma]] desse [[grupo]]
==Ver também==
===No Wikcionário===
* [[:Categoria:Xhosa]]
[[Categoria:Substantivo (Português)]]
[[Categoria:Dissílabo (Português)]]
[[Categoria:Paroxítona (Português)]]
[[Categoria:Língua (Português)]]
[[ca:xhosa]]
[[co:xhosa]]
[[en:xhosa]]
[[es:xhosa]]
[[fi:xhosa]]
[[fr:xhosa]]
[[hu:xhosa]]
[[io:xhosa]]
[[is:xhosa]]
[[it:xhosa]]
[[ko:xhosa]]
[[ku:xhosa]]
[[ml:xhosa]]
[[my:xhosa]]
[[oc:xhosa]]
[[ru:xhosa]]
[[scn:xhosa]]
[[sv:xhosa]]
[[tr:xhosa]]
[[vi:xhosa]]</text>
<sha1>q0njt7fgsoh2g8vrfdpipppl37islzo</sha1>
</revision>
