<page>
<title>xi</title>
<ns>0</ns>
<id>328701</id>
<revision>
<id>2626308</id>
<parentid>2184279</parentid>
<timestamp>2021-03-11T18:05:14Z</timestamp>
<contributor>
<username>Cpls</username>
<id>20608</id>
</contributor>
<comment>/* {{-roa-gpm-}} */</comment>
<model>wikitext</model>
<format>text/x-wiki</format>
<text bytes="877" xml:space="preserve">{{Wikipédia|Xi (sopa)}}
[[imagem:Schi.jpg|right|300px]]
={{-pt-}}=
==Substantivo==
{{flex.pt|ms=xi|mp=xis}}
{{oxítona|xi}}, {{m}}
# {{escopo|pt|Culinária}} [[sopa]] tradicional da [[Rússia]], feita com [[repolho]] e outros vegetais, podendo ter [[carne]]
=={{etimologia|pt}}==
{{llietimo|ru|щи|pt|shchi}}
[[categoria:Substantivo (Português)]]
[[categoria:Entrada com imagem (Português)]]
={{-roa-gpm-}}=
==Pronome==
{{oxítona|xi}}
# [[se]]
==={{-varort-}}===
* [[se#Galego-Português Medieval|se]], [[xe#Galego-Português Medieval|xe]]
[[Categoria:Pronome (Galego-Português Medieval)]]
[[ca:xi]]
[[de:xi]]
[[en:xi]]
[[es:xi]]
[[et:xi]]
[[eu:xi]]
[[fi:xi]]
[[fr:xi]]
[[gl:xi]]
[[id:xi]]
[[io:xi]]
[[it:xi]]
[[ja:xi]]
[[ko:xi]]
[[ku:xi]]
[[la:xi]]
[[mg:xi]]
[[oc:xi]]
[[pl:xi]]
[[ru:xi]]
[[simple:xi]]
[[sv:xi]]
[[ta:xi]]
[[th:xi]]
[[uz:xi]]
[[vi:xi]]
[[zh:xi]]</text>
<sha1>ig2b0yucw1oz5uxh17xw87k6pplridd</sha1>
</revision>
</page>
