<page>
<title>xiabre</title>
<ns>0</ns>
<id>382879</id>
<revision>
<id>2446538</id>
<timestamp>2017-08-30T17:22:04Z</timestamp>
<contributor>
<username>Cpls</username>
<id>20608</id>
</contributor>
<comment>[[Ajuda:Guia de edição/Menus e ferramentas/Sumário de edição|→]] nova página: ={{-gl-}}= ==Substantivo== {{flex.gl|ms=xiabre|mp=xiabres}} {{paroxítona|xia|bre|lang=gl}}, {{gramática|m|l...</comment>
<model>wikitext</model>
<format>text/x-wiki</format>
<text bytes="489" xml:space="preserve">={{-gl-}}=
==Substantivo==
{{flex.gl|ms=xiabre|mp=xiabres}}
{{paroxítona|xia|bre|lang=gl}}, {{gramática|m|lang=gl}}
# terra [[arenosa]], [[areia]] grossa de canteira e não de praia usada em construção
==={{-varort-}}===
* [[xabre#{{gl}}|xabre]]
=={{etimologia|gl}}==
: Aparentada com o  [[latim]] {{etimo|la|sabulum}}.
==Ver também==
===No Wikcionário===
{{verTambém.Ini}}
* [[saibro]]
{{verTambém.NovaColuna}}
* [[sabre]]
{{verTambém.Fim}}
[[Categoria:Substantivo (Galego)]]</text>
<sha1>1dlv9vuxp807zt6zjp4jdsabqaixgqe</sha1>
</revision>
</page>
