<page>
<page>
<title>xiang</title>
<ns>0</ns>
<id>437855</id>
<revision>
<id>2649717</id>
<timestamp>2021-10-04T18:44:04Z</timestamp>
<contributor>
<username>Leonardo José Raimundo</username>
<id>43489</id>
</contributor>
<comment>Eu estou criando a palavra &quot;xiang&quot;.</comment>
<model>wikitext</model>
<format>text/x-wiki</format>
<text bytes="560" xml:space="preserve">={{-pt-}}=
==Substantivo==
{{oxítona|xi|ang}}
# {{escopo|pt|Língua}} grupo de línguas siníticas [[linguisticamente]] semelhantes e [[historicamente]] [[relacionado|relacionadas]], [[falado|faladas]] [[principalmente]] na [[província]] de [[Hunan]], mas também no norte de [[Guangxi]] e em partes das províncias vizinhas de [[Guizhou]] e [[Hubei]], na [[China]]
==Ver também==
===No Wikcionário===
{{colunas|6}}
*[[cantonês]]
*[[hakka]]
*[[mandarim]]
*[[min dong]]
*[[min nan]]
*[[pu-xian min]]
{{colunas.fim}}
[[Categoria:Substantivo (Português)]]</text>
<sha1>j1if6vhk3lch4fm90ndy1cfwcdk8s5j</sha1>
</revision>
