<page>
<page>
<title>xibradal</title>
<ns>0</ns>
<id>301222</id>
<revision>
<id>2515963</id>
<parentid>1558603</parentid>
<timestamp>2018-08-19T17:57:16Z</timestamp>
<contributor>
<username>Cpls</username>
<id>20608</id>
</contributor>
<comment>/* {{etimologia|gl}} */</comment>
<model>wikitext</model>
<format>text/x-wiki</format>
<text bytes="396" xml:space="preserve">={{-gl-}}=
==Substantivo==
{{flex.gl|ms=xibradal|mp=xibradais}}
{{oxítona|xi|bra|dal|lang=gl}}
# bosque de [[mato]] espesso, no qual o gado não pode entrar ou se perde
=={{etimologia|gl}}==
: {{escopo|Morfologia}} De ''[[xibrar#Galego|xibrado]]'', (variante de [[xebrar|xebrado]]) + ''[[-al#{{gl}}|-al]]''.
==Ver também==
===No Wikcionário===
* [[xebre]]
[[Categoria:Substantivo (Galego)]]</text>
<sha1>ewlwntd4n418ib72iw9kk8nnj1igsb8</sha1>
</revision>
