<page>
<page>
<title>xibrelo</title>
<ns>0</ns>
<id>301218</id>
<revision>
<id>2515934</id>
<parentid>2515933</parentid>
<timestamp>2018-08-19T11:53:28Z</timestamp>
<contributor>
<username>Cpls</username>
<id>20608</id>
</contributor>
<comment>/* {{etimologia|gl}} */</comment>
<model>wikitext</model>
<format>text/x-wiki</format>
<text bytes="549" xml:space="preserve">={{-gl-}}=
==Adjetivo==
{{flex.gl|ms=xibrelo|mp=xibrelos|fs=xibrela|fp=xibrelas}}
{{paroxítona|xi|bre|lo|lang=gl}}
# que se aparta do [[rebanho]], inquieto, (a falar de animais), [[xebrar|xebrado]]
# que não obedece, inquieto, [[rebelde]], (a falar de pessoas)
=={{etimologia|gl}}==
: {{escopo|Morfologia}} De [[xebre]] + [[-elo]] com raiz em ''[[xibrar#Galego|xibrar]]'', (variante de [[xebrar]]). Confronte-se com ''[[jíbaro#{{gl}}|jíbaro]]'' e [[gibreiro]].
==Ver também==
===No Wikcionário===
* [[xebra]]
[[Categoria:Adjetivo (Galego)]]</text>
<sha1>4l7l15q1rjwx2cnichn12gmlae3w9c5</sha1>
</revision>
