<page>
<title>Xibuti</title>
<ns>0</ns>
<id>428241</id>
<revision>
<id>2602409</id>
<timestamp>2020-11-19T08:49:25Z</timestamp>
<contributor>
<username>ValJor</username>
<id>1358</id>
</contributor>
<comment>Criação do verbete a partir da [[Especial:Páginas_pedidas|lista de palavras pedidas]]</comment>
<model>wikitext</model>
<format>text/x-wiki</format>
<text bytes="437" xml:space="preserve">{{Wikipédia|lang=ast}}
[[Imagem:Flag of Djibouti.svg|thumb|right|250px|&lt;center&gt;Bandeira de Djibuti&lt;/center&gt;]]
[[Imagem:LocationDjibouti.svg|thumb|right|250px|&lt;center&gt;Localização de Djibuti&lt;/center&gt;]]
={{-ast-}}=
==Substantivo==
'''Xibuti''', {{gramática|pr}}
# {{escopo|ast|País}} [[Djibuti]]
==Ver também==
===No Wikcionário===
{{África/ast}}
[[Categoria:Substantivo (Asturiano)]]
[[Categoria:Entrada com imagem (Asturiano)]]</text>
<sha1>rvawd6iut4ii14dr1wrwyem8lp5hgk0</sha1>
</revision>
</page>
