<page>
<title>xica</title>
<ns>0</ns>
<id>336009</id>
<revision>
<id>2140520</id>
<parentid>1893880</parentid>
<timestamp>2016-06-11T14:28:05Z</timestamp>
<contributor>
<username>UT-interwiki-Bot</username>
<id>56129</id>
</contributor>
<minor />
<comment>Robô: A adicionar: [[ca:xica]], [[io:xica]]</comment>
<model>wikitext</model>
<format>text/x-wiki</format>
<text bytes="744" xml:space="preserve">={{-lfn-}}=
{{flex.lfn|xica|xicas}}
==Substantivo==
{{paroxítona|xi|ca|lang=lfn}}
# [[menina]]
# [[rapariga]], [[moça]].
===Grafias alternativas===
* '''[[alfabeto cirílico|Alfabeto cirílico]]:''' {{l.s.|шика|{{lfn}}}}
===Termos derivados===
{{verTambém.Ini}}
* {{link opcional|xica de cor|lfn}}
* {{link opcional|xica de jornales|lfn}}
* {{link opcional|xica masin|lfn}}
{{verTambém.NovaColuna}}
* {{link opcional|xica vagante|lfn}}
* {{link opcional|xico|lfn}}
* {{link opcional|xico de cor|lfn}}
{{verTambém.NovaColuna}}
* {{link opcional|xico de jornales|lfn}}
* {{link opcional|xico femin|lfn}}
* {{link opcional|xico vagante|lfn}}
{{verTambém.Fim}}
{{categorias|{{nome categoria|lfn}}|Substantivo}}
[[ca:xica]]
[[io:xica]]</text>
<sha1>4d9772xl5zd06uxiysqfnzdvdp3ggyz</sha1>
</revision>
</page>
