<page>
<title>xicalli</title>
<ns>0</ns>
<id>439737</id>
<revision>
<id>2659647</id>
<parentid>2657427</parentid>
<timestamp>2022-02-09T08:50:44Z</timestamp>
<contributor>
<username>ValJor</username>
<id>1358</id>
</contributor>
<comment>Nossas definições não levam ponto final</comment>
<model>wikitext</model>
<format>text/x-wiki</format>
<text bytes="278" xml:space="preserve">={{-nci-}}=
==Substantivo==
'''xicalli'''
# [[xícara]], chávena feita de abóbora
[[Categoria:Substantivo (Náuatle Clássico)]]
[[Categoria:Trissílabo (Náuatle Clássico)]]
[[Categoria:Objeto (Náuatle Clássico)]]
[[Categoria:Ortografia normalizada (Náuatle Clássico)]]</text>
<sha1>8sdc94pwzedemjh4fv4kpshfohc5ho4</sha1>
</revision>
</page>
