<page>
<page>
<title>XiChangana</title>
<ns>0</ns>
<id>401637</id>
<revision>
<id>2526293</id>
<parentid>2522522</parentid>
<timestamp>2018-11-15T10:04:47Z</timestamp>
<contributor>
<username>ValJor</username>
<id>1358</id>
</contributor>
<comment>Retirando da [[Especial:Uncategorizedpages|página de verbetes sem categoria]]</comment>
<model>wikitext</model>
<format>text/x-wiki</format>
<text bytes="248" xml:space="preserve">={{-pt-}}=
==Substantivo==
{{flex.pt|ms=XiChangana|mp=-}}
{{paroxítona|Xi|Chan|ga|na}}, {{gramática|m}}, ''[[incontável]]''
# {{escopo|pt|Linguística}} vide [[changana]]
[[Categoria:Substantivo (Português)]]
[[Categoria:Língua (Português)]]</text>
<sha1>rufui93bs7ydx4x6qmaeblygbwb5mvb</sha1>
</revision>
