<page>
<page>
<title>xico</title>
<ns>0</ns>
<id>336007</id>
<revision>
<id>1893875</id>
<timestamp>2015-02-13T12:12:51Z</timestamp>
<contributor>
<username>Luis Gabriel Moraes Dias</username>
<id>11628</id>
</contributor>
<comment>[[Ajuda:Guia de edição/Menus e ferramentas/Sumário de edição|→]] nova página: ={{-lfn-}}= {{flex.lfn|xico|xicos}} ==Substantivo== {{paroxítona|xi|co|lang=lfn}} # [[menino]] # [[rapaz]]....</comment>
<model>wikitext</model>
<format>text/x-wiki</format>
<text bytes="705" xml:space="preserve">={{-lfn-}}=
{{flex.lfn|xico|xicos}}
==Substantivo==
{{paroxítona|xi|co|lang=lfn}}
# [[menino]]
# [[rapaz]].
===Grafias alternativas===
* '''[[alfabeto cirílico|Alfabeto cirílico]]:''' {{l.s.|шико|{{lfn}}}}
===Termos derivados===
{{verTambém.Ini}}
* {{link opcional|xica|lfn}}
* {{link opcional|xica de cor|lfn}}
* {{link opcional|xica de jornales|lfn}}
{{verTambém.NovaColuna}}
* {{link opcional|xica masin|lfn}}
* {{link opcional|xica vagante|lfn}}
* {{link opcional|xico de cor|lfn}}
{{verTambém.NovaColuna}}
* {{link opcional|xico de jornales|lfn}}
* {{link opcional|xico femin|lfn}}
* {{link opcional|xico vagante|lfn}}
{{verTambém.Fim}}
{{categorias|{{nome categoria|lfn}}|Substantivo}}</text>
<sha1>hgc77bvzes7tv98soiqbnov3lrlppjq</sha1>
</revision>
