<page>
<page>
<title>xicohtli</title>
<ns>0</ns>
<id>402884</id>
<revision>
<id>2529266</id>
<parentid>2525660</parentid>
<timestamp>2018-12-17T15:23:34Z</timestamp>
<contributor>
<username>Marrovi</username>
<id>27953</id>
</contributor>
<model>wikitext</model>
<format>text/x-wiki</format>
<text bytes="144" xml:space="preserve">={{-nci-}}=
==Substantivo==
'''xicohtli'''
# [[besouro]], abelhão
{{categorias|{{nci}}|Substantivo|Trissílabo|Inseto|Ortografia normalizada}}</text>
<sha1>czj3pf8mt4prci0ucchdpxdeb63teba</sha1>
</revision>
