<page>
<title>xictli</title>
<ns>0</ns>
<id>436060</id>
<revision>
<id>2643626</id>
<timestamp>2021-07-25T08:59:25Z</timestamp>
<contributor>
<ip>2806:105E:F:52FF:7846:F82D:C04:BA5B</ip>
</contributor>
<comment>[[Ajuda:Guia de edição/Menus e ferramentas/Sumário de edição|→]] nova página: ={{-nci-}}= ==Substantivo== '''xic.tli''' # {{escopo|nci|Anatomia}} [[umbigo]]   {{categorias|{{nci}}|Substantivo|Dissílabo|Anatomia|Ortografia normalizada}}</comment>
<model>wikitext</model>
<format>text/x-wiki</format>
<text bytes="158" xml:space="preserve">={{-nci-}}=
==Substantivo==
'''xic.tli'''
# {{escopo|nci|Anatomia}} [[umbigo]] 
{{categorias|{{nci}}|Substantivo|Dissílabo|Anatomia|Ortografia normalizada}}</text>
<sha1>gn021tnz1ss468ayoj730pgdfezykiu</sha1>
</revision>
</page>
