<page>
<title>xido</title>
<ns>0</ns>
<id>361379</id>
<revision>
<id>2551486</id>
<parentid>2184283</parentid>
<timestamp>2019-08-22T20:02:51Z</timestamp>
<contributor>
<username>Cpls</username>
<id>20608</id>
</contributor>
<comment>/* {{-gl-}} */</comment>
<model>wikitext</model>
<format>text/x-wiki</format>
<text bytes="363" xml:space="preserve">={{-gl-}}=
{{flex.gl|ms=xido|mp=xidos|fs=xida|fp=xidas}}
{{paroxítona|xi|do|lang=gl}}
# [[bom]], [[baril]], adequado, conveniente, agradável, amável, formoso
=={{etimologia|gl}}==
: Cognato do asturiano {{etimo|ast|xidu}}. Muito usada na gíria dos [[canteiro]]s.
==Ver também==
===No Wikcionário===
* [[giro]]
[[Categoria:Adjetivo (Galego)]]
[[es:xido]]</text>
<sha1>bchk90b6chactat7dcb32h6nw3a54qj</sha1>
</revision>
</page>
