<page>
<page>
<title>xidu</title>
<ns>0</ns>
<id>361378</id>
<revision>
<id>2151424</id>
<timestamp>2016-07-17T11:20:55Z</timestamp>
<contributor>
<username>Cpls</username>
<id>20608</id>
</contributor>
<comment>[[Ajuda:Guia de edição/Menus e ferramentas/Sumário de edição|→]] nova página: ={{-ast-}}= '''xidu''', {{m}}; '''xida''', {{f}}; '''xido''', ''neutro'' :{{paroxítona|xi|du|lang=ast}} # ...</comment>
<model>wikitext</model>
<format>text/x-wiki</format>
<text bytes="311" xml:space="preserve">={{-ast-}}=
'''xidu''', {{m}}; '''xida''', {{f}}; '''xido''', ''neutro''
:{{paroxítona|xi|du|lang=ast}}
# [[formoso]], bem composto, belo; agradável, bom
=={{etimologia|ast}}==
: Cognato do galego ''[[xido#Galego|xido]]''.
==Ver também==
===No Wikcionário===
* [[giro]]
[[Categoria:Adjetivo (Asturiano)]]</text>
<sha1>aa7x2oxe479hh88vy9mh91rtarfyeej</sha1>
</revision>
