<page>
<title>xifro</title>
<ns>0</ns>
<id>336961</id>
<revision>
<id>1899455</id>
<parentid>1899444</parentid>
<timestamp>2015-03-13T18:23:37Z</timestamp>
<contributor>
<username>Cpls</username>
<id>20608</id>
</contributor>
<comment>/* Variantes */</comment>
<model>wikitext</model>
<format>text/x-wiki</format>
<text bytes="337" xml:space="preserve">={{-gl-}}=
==Substantivo==
{{flex.gl|ms=xifro|mp=xifros}}
{{paroxítona|xi|fro|lang=gl}}, {{m}}
# instrumento simples de sopro, [[apito]], corno
===Variantes===
{{verTambém.Ini}}
* [[chifro#Galego|chifro]]
* [[xifre#Galego|xifre]]
{{verTambém.NovaColuna}}
* [[xipro#Galego|xipro]]
{{verTambém.Fim}}
[[Categoria:Substantivo (Galego)]]</text>
<sha1>jn02w2251ej9lf2vijww3hpzgrm6pwy</sha1>
</revision>
</page>
