<page>
<page>
<title>xifre</title>
<ns>0</ns>
<id>336962</id>
<revision>
<id>1899445</id>
<timestamp>2015-03-13T17:39:18Z</timestamp>
<contributor>
<username>Cpls</username>
<id>20608</id>
</contributor>
<comment>[[Ajuda:Guia de edição/Menus e ferramentas/Sumário de edição|→]] nova página: ={{-gl-}}= ==Substantivo== {{flex.gl|ms=xifre|mp=xifres}} {{paroxítona|xi|fre|lang=gl}}, {{m}} # instrumento...</comment>
<model>wikitext</model>
<format>text/x-wiki</format>
<text bytes="312" xml:space="preserve">={{-gl-}}=
==Substantivo==
{{flex.gl|ms=xifre|mp=xifres}}
{{paroxítona|xi|fre|lang=gl}}, {{m}}
# instrumento simples de sopro, [[apito]], corno
===Variantes===
{{verTambém.Ini}}
* [[chifre#Galego|chifre]]
{{verTambém.NovaColuna}}
* [[xifro#Galego|xifro]]
{{verTambém.Fim}}
[[Categoria:Substantivo (Galego)]]</text>
<sha1>0n1uoo90ar4u3gkdw5guevf8uhi6uvm</sha1>
</revision>
