<page>
<page>
<title>xifuta</title>
<ns>0</ns>
<id>362075</id>
<redirect title="chifuta" />
<revision>
<id>2154531</id>
<timestamp>2016-07-30T21:01:53Z</timestamp>
<contributor>
<username>Amo schnek</username>
<id>53668</id>
</contributor>
<comment>Amo schnek moveu a página [[xifuta]] para [[chifuta]]: Corrigindo-me; é chifuta no dicionário: http://www.infopedia.pt/dicionarios/lingua-portuguesa/chifuta</comment>
<model>wikitext</model>
<format>text/x-wiki</format>
<text bytes="29" xml:space="preserve">#REDIRECIONAMENTO [[chifuta]]</text>
<sha1>ep1tyc4hy5plm1vrsd91amz5r4fq4p4</sha1>
</revision>
