<page>
<title>XII</title>
<ns>0</ns>
<id>420889</id>
<revision>
<id>2670273</id>
<parentid>2577286</parentid>
<timestamp>2022-04-03T09:27:12Z</timestamp>
<contributor>
<username>MIL973</username>
<id>41339</id>
</contributor>
<model>wikitext</model>
<format>text/x-wiki</format>
<text bytes="216" xml:space="preserve">={{-univ-}}=
==Símbolo==
'''XII'''
# [[algarismo]]s [[romano]]s que, juntos, representam o [[numeral]] [[doze]]
==Ver também==
===No Wikcionário===
{{números romanos}}
[[Categoria:Número (Universal)|# 000012]]</text>
<sha1>8idg0bgn6zrcdqennpgxuox221fjr9l</sha1>
</revision>
</page>
