<page>
<page>
<title>xiia</title>
<ns>0</ns>
<id>85162</id>
<revision>
<id>2630354</id>
<parentid>1313107</parentid>
<timestamp>2021-04-11T22:39:43Z</timestamp>
<contributor>
<username>ValJor</username>
<id>1358</id>
</contributor>
<comment>Desfazendo uso indevido da predefinição escopo</comment>
<model>wikitext</model>
<format>text/x-wiki</format>
<text bytes="370" xml:space="preserve">={{-kmb-}}=
==Substantivo==
'''xiia'''
# {{escopo2|Candomblé}} [[chifre]], [[corno]]s
===Nota===
* Este verbete é usado no idioma português dentro do âmbito do candomblé, mas seu uso ainda não foi corroborado pelos grandes dicionários da língua portuguesa.
==Ver também==
===No Wikcionário===
* [[Apêndice:Candomblé]]
[[Categoria:Substantivo (Quimbundo)]]</text>
<sha1>qkndt7ctse5f7ztwh5tg61p3su4jdi6</sha1>
</revision>
