<page>
<title>XIII</title>
<ns>0</ns>
<id>420890</id>
<revision>
<id>2670274</id>
<parentid>2577289</parentid>
<timestamp>2022-04-03T09:27:50Z</timestamp>
<contributor>
<username>MIL973</username>
<id>41339</id>
</contributor>
<model>wikitext</model>
<format>text/x-wiki</format>
<text bytes="218" xml:space="preserve">={{-univ-}}=
==Símbolo==
'''XIII'''
# [[algarismo]]s [[romano]]s que, juntos, representam o [[numeral]] [[treze]]
==Ver também==
===No Wikcionário===
{{números romanos}}
[[Categoria:Número (Universal)|# 000013]]</text>
<sha1>no31asmieq6w8fmszqdifb6yfew3tom</sha1>
</revision>
</page>
