<page>
<title>xiita</title>
<ns>0</ns>
<id>71098</id>
<revision>
<id>2690905</id>
<parentid>2236162</parentid>
<timestamp>2022-10-27T22:23:02Z</timestamp>
<contributor>
<username>InternetArchiveBot</username>
<id>81604</id>
</contributor>
<comment>Rescuing 1 sources and tagging 0 as dead.) #IABot (v2.0.9.2</comment>
<model>wikitext</model>
<format>text/x-wiki</format>
<text bytes="1484" xml:space="preserve">={{-pt-}}=
==Adjetivo==
{{flex.pt|s=xiita|p=xiitas}}
{{paroxítona|xi|i|ta}}, {{gramática|c2g}}
# {{escopo|pt|Religião}} partidário das convicções religiosas e políticas do xiismo
# {{escopo|pt|Figurado}} que é radicalmente obcesso em suas convicções
# radical e ardoroso
===Sinônimos===
* De '''1''': [[chiita]]
===Tradução===
{{tradini|De 3 (radical e ardoroso)}}
{{tradmeio}}
{{tradfim}}
==Substantivo==
{{flex.pt|s=xiita|p=xiitas}}
{{paroxítona|xi|i|ta}}, {{gramática|c2g}}
# {{escopo|pt|Religião}} partidário das convicções religiosas e políticas do xiismo
# {{escopo|pt|Figurado}} aquele que é obcesso radicalmente em alguma convicção
===Sinônimos===
* De '''1''': [[chiita]]
=={{etimologia|pt}}==
: Do [[árabe]] ''xíha'' (''grupo, partido, seita'') + ''-ita''
==Ligações externas==
De Adjetivo, '''3''' (radical e ardoroso):
*[https://web.archive.org/web/20111201041209/http://veja.abril.com.br/050308/p_118.shtml Veja Edição 2050 05 de março de 2008 - Dylan no palco]
*[http://books.google.com/books?id=G0stAAAAYAAJ&amp;q=%22xiita%22&amp;dq=%22xiita%22ei=sc_6U8j-DInnsASE-4DwAg&amp;ved=0CCUQ6AEwAQ Ele me trocou por uma porca chauvinista]
*[http://books.google.com/books?id=U_IuAAAAYAAJ&amp;q=%22xiita%22&amp;dq=%22xiita%22&amp;sa=X&amp;ei=sc_6U8j-DInnsASE-4DwAg&amp;ved=0CCkQ6AEwAg A onda maldita: como nasceu a Fluminense FM]
[[Categoria:Adjetivo (Português)]]
[[Categoria:Substantivo (Português)]]
[[en:xiita]]
[[eo:xiita]]
[[eu:xiita]]
[[fi:xiita]]
[[zh:xiita]]</text>
<sha1>c4k0cxjws2d7ivicog6wlmaghuhvwtw</sha1>
</revision>
</page>
