<page>
<page>
<title>xikama</title>
<ns>0</ns>
<id>85165</id>
<revision>
<id>2630343</id>
<parentid>1313019</parentid>
<timestamp>2021-04-11T18:46:54Z</timestamp>
<contributor>
<username>ValJor</username>
<id>1358</id>
</contributor>
<comment>Desfazendo uso indevido da predefinição escopo</comment>
<model>wikitext</model>
<format>text/x-wiki</format>
<text bytes="385" xml:space="preserve">={{-kmb-}}=
==Forma verbal==
'''xikama'''
# {{escopo2|Candomblé}} [[assentar|assenta]] (imperativo)
===Nota===
* Este verbete é usado no idioma português dentro do âmbito do candomblé, mas seu uso ainda não foi corroborado pelos grandes dicionários da língua portuguesa.
==Ver também==
===No Wikcionário===
* [[Apêndice:Candomblé]]
[[Categoria:Forma verbal (Quimbundo)]]</text>
<sha1>ftjourttzfq46gpbdw0sykkvo3rgpni</sha1>
</revision>
