<page>
<page>
<title>xikelela</title>
<ns>0</ns>
<id>85168</id>
<revision>
<id>2630291</id>
<parentid>1313005</parentid>
<timestamp>2021-04-11T02:57:14Z</timestamp>
<contributor>
<username>ValJor</username>
<id>1358</id>
</contributor>
<comment>Desfazendo uso indevido da predefinição escopo</comment>
<model>wikitext</model>
<format>text/x-wiki</format>
<text bytes="326" xml:space="preserve">={{-kmb-}}=
==Adjetivo==
'''xikelela'''
# {{escopo2|Candomblé}} [[cor]] [[preto|preta]]; [[negro]], [[escuro]]
===Nota===
* Este verbete é usado no idioma português dentro do âmbito do candomblé, mas seu uso ainda não foi corroborado pelos grandes dicionários da língua portuguesa.
[[Categoria:Adjetivo (Quimbundo)]]</text>
<sha1>itfyodiym5riquh0towh19qb0qwccvl</sha1>
</revision>
