<page>
<page>
<title>xikixiki</title>
<ns>0</ns>
<id>85170</id>
<revision>
<id>2630283</id>
<parentid>1313007</parentid>
<timestamp>2021-04-11T02:32:27Z</timestamp>
<contributor>
<username>ValJor</username>
<id>1358</id>
</contributor>
<comment>Desfazendo uso indevido da predefinição escopo</comment>
<model>wikitext</model>
<format>text/x-wiki</format>
<text bytes="393" xml:space="preserve">={{-kmb-}}=
==Adjetivo==
'''xikixiki'''
# {{escopo2|Candomblé}} muito [[cheio]], [[repleto]], [[transbordante]]
===Nota===
* Este verbete é usado no idioma português dentro do âmbito do candomblé, mas seu uso ainda não foi corroborado pelos grandes dicionários da língua portuguesa.
==Ver também==
===No Wikcionário===
* [[Apêndice:Candomblé]]
[[Categoria:Adjetivo (Quimbundo)]]</text>
<sha1>rmf71qsd4ftitvl8xsaa4gvv8kdfdzg</sha1>
</revision>
