<page>
<page>
<title>xilarmónico</title>
<ns>0</ns>
<id>294860</id>
<revision>
<id>1464467</id>
<parentid>1436256</parentid>
<timestamp>2012-09-16T15:29:12Z</timestamp>
<contributor>
<username>ValJor</username>
<id>1358</id>
</contributor>
<comment>Melhorando a apresentação do verbete</comment>
<model>wikitext</model>
<format>text/x-wiki</format>
<text bytes="257" xml:space="preserve">{{grafiaPtpt|xilarmônico}}
={{-pt-}}=
==Substantivo==
{{flex.pt|ms=xilarmónico|mp=xilarmónicos}}
{{proparoxítona|xi|lar|mó|ni|co}}, {{m}} 
# espécie de [[marimba]]
[[Categoria:Substantivo (Português)]]
[[Categoria:Instrumento musical (Português)]]</text>
<sha1>sv755iytcsrjob56ojzzl5f7n8igpdw</sha1>
</revision>
