<page>
<page>
<title>xilarmônico</title>
<ns>0</ns>
<id>294861</id>
<revision>
<id>1464415</id>
<parentid>1436261</parentid>
<timestamp>2012-09-16T12:46:20Z</timestamp>
<contributor>
<username>ValJor</username>
<id>1358</id>
</contributor>
<comment>Melhorando a apresentação do verbete</comment>
<model>wikitext</model>
<format>text/x-wiki</format>
<text bytes="257" xml:space="preserve">{{grafiaPtbr|xilarmónico}}
={{-pt-}}=
==Substantivo==
{{flex.pt|ms=xilarmônico|mp=xilarmônicos}}
{{proparoxítona|xi|lar|mô|ni|co}}, {{m}} 
# espécie de [[marimba]]
[[Categoria:Substantivo (Português)]]
[[Categoria:Instrumento musical (Português)]]</text>
<sha1>3bgzizkz2f7gd4mmxnacimye5qv1xpw</sha1>
</revision>
