<page>
<title>xilado</title>
<ns>0</ns>
<id>232947</id>
<revision>
<id>2039396</id>
<parentid>1189061</parentid>
<timestamp>2015-11-21T16:27:47Z</timestamp>
<contributor>
<username>Luan</username>
<id>1279</id>
</contributor>
<minor />
<comment>/* Adjetivo */inserção do idioma em [[predefinição:escopoUso]] utilizando [[Project:AutoWikiBrowser|AWB]]</comment>
<model>wikitext</model>
<format>text/x-wiki</format>
<text bytes="381" xml:space="preserve">={{-pt-}}=
== Adjetivo ==
{{flex.pt|ms=xilado |mp=xilados |fs=xilada |fp=xiladas |ms-div=xi.&lt;u&gt;la&lt;/u&gt;.do |mp-div=xi.&lt;u&gt;la&lt;/u&gt;.dos |fs-div=xi.&lt;u&gt;la&lt;/u&gt;.da |fp-div=xi.&lt;u&gt;la&lt;/u&gt;.das }}
{{paroxítona|xi|la|do}}
# {{escopoUso|Brasil|pt}} {{escopoUso|informal|pt}} [[intoxicado]] com [[bebida]] [[alcoólico|alcoólica]]; [[alcoolizado]], [[bêbado]]
[[Categoria:Adjetivo (Português)]]</text>
<sha1>n9beglhtfe5bkg3z63wyl8jdyqcva0m</sha1>
</revision>
</page>
