<page>
<page>
<title>xildo</title>
<ns>0</ns>
<id>336310</id>
<revision>
<id>1897319</id>
<parentid>1895910</parentid>
<timestamp>2015-03-03T11:11:02Z</timestamp>
<contributor>
<username>Cpls</username>
<id>20608</id>
</contributor>
<comment>/* {{-gl-}} */</comment>
<model>wikitext</model>
<format>text/x-wiki</format>
<text bytes="646" xml:space="preserve">={{-gl-}}=
==Substantivo==
{{flex.gl|ms=xildo|mp=xildos|fs=xilda|fp=xildas}}
{{paroxítona|xil|do|lang=gl}}
# [[pintassilgo]]-comum, (''[[wikispecies:Carduelis carduelis|Carduelis carduelis]]'').
===Variantes===
{{verTambém.Ini}}
* [[pintaxildo#Galego|pintaxildo]]
* [[sigueiro#Galego|sigueiro]]
{{verTambém.NovaColuna}}
* [[xílgaro]]
* [[xilgueiro#Galego|xilgueiro]]
{{verTambém.Fim}}
===Sinónimos===
{{verTambém.Ini}}
* [[barroso#Galego|barroso]]
* [[pica-cardinhos#Galego|pica-cardinhos]]
{{verTambém.NovaColuna}}
* [[pinta-silvas#Galego|pinta-silvas]]
{{verTambém.Fim}}
[[Categoria:Substantivo (Galego)]]
[[Categoria:Ave (Galego)]]</text>
<sha1>rhwym50hj01g686tclpig247c0kephl</sha1>
</revision>
