<page>
<page>
<title>xilema</title>
<ns>0</ns>
<id>234059</id>
<revision>
<id>2688088</id>
<parentid>1491501</parentid>
<timestamp>2022-09-09T02:24:51Z</timestamp>
<contributor>
<ip>45.5.104.236</ip>
</contributor>
<comment>/* Etimologia */</comment>
<model>wikitext</model>
<format>text/x-wiki</format>
<text bytes="2141" xml:space="preserve">{{Wikipédia}}
{{Wikipédia|lang=eu}}
{{Wikipédia|lang=ca}}
{{Wikipédia|lang=es}}
{{Wikipédia|lang=gl}}
{{Wikipédia|lang=it}}
={{-pt-}}=
==Substantivo==
{{flex.pt|ms=xilema|mp=xilemas}}
{{paroxítona|xi|le|ma}}
# [[tecido]] das [[planta]]s [[vascular]]es por onde circula a [[seiva]] desde a [[raiz]] até às [[folha]]s
===Sinônimo===
* [[lenho]]
===Tradução===
{{tradini}}
* {{trad|de|xylem}}
* {{trad|ar|زايلم}}
* {{trad|eu|xilema}}
* {{trad|bn|জাইলেম}}
* {{trad|ca|xilema}}
* {{trad|cs|xylém}}
* {{trad|zh|木质部}}
* {{trad|da|xylem}}
* {{trad|es|xilema}}
* {{trad|eo|ksilemo}}
* {{trad|et|ksüleem}}
* {{trad|fr|xylème}}
* {{trad|gl|xilema}}
* {{trad|he|עצה}}
* {{trad|hi|जाइलम}}
{{tradmeio}}
* {{trad|nl|xyleem}}
* {{trad|id|xilem}}
* {{trad|en|xylem}}
* {{trad|it|xilema}}
* {{trad|ja|木部}} (もくぶ, mokubu)
* {{trad|lt|mediena}}
* {{trad|ms|xilem}}
* {{trad|no|vedvev}}
* {{trad|fa|آوند چوبی}}
* {{trad|pl|drewno}}
* {{trad|ru|ксилема}}
* {{trad|sv|xylem}}
* {{trad|th|ไซเล็ม}}
* {{trad|tr|ksilem}}
{{tradfim}}
=={{etimologia|pt}}==
: {{escopo|Morfologia}} [[xilo-]] + [[-ema]].
[[Categoria:Substantivo (Português)]]
[[Categoria:Botânica (Português)]]
={{-eu-}}=
==Substantivo==
'''xilema'''
# [[xilema#Português|xilema]]
[[Categoria:Substantivo (Basco)]]
[[Categoria:Botânica (Basco)]]
={{-ca-}}=
==Substantivo==
'''xilema'''
# [[xilema#Português|xilema]]
[[Categoria:Substantivo (Catalão)]]
[[Categoria:Botânica (Catalão)]]
={{-es-}}=
==Substantivo==
'''xilema'''
# [[xilema#Português|xilema]]
===Sinônimos===
{{verTambém.Ini}}
* [[hadroma]]
{{verTambém.NovaColuna}}
* [[leño]]
{{verTambém.Fim}}
[[Categoria:Substantivo (Espanhol)]]
[[Categoria:Botânica (Espanhol)]]
={{-gl-}}=
==Substantivo==
'''xilema'''
# [[xilema#Português|xilema]]
[[Categoria:Substantivo (Galego)]]
[[Categoria:Botânica (Galego)]]
={{-it-}}=
==Substantivo==
'''xilema'''
# [[xilema#Português|xilema]]
===Sinônimo===
* [[legno]]
[[Categoria:Substantivo (Italiano)]]
[[Categoria:Botânica (Italiano)]]
[[en:xilema]]
[[es:xilema]]
[[ko:xilema]]</text>
<sha1>pbze7xe1uc33hkjvb9f9wh3a3co20oi</sha1>
</revision>
