<page>
<title>Xile</title>
<ns>0</ns>
<id>127164</id>
<revision>
<id>2541557</id>
<parentid>2282582</parentid>
<timestamp>2019-04-12T10:25:16Z</timestamp>
<contributor>
<username>ValJor</username>
<id>1358</id>
</contributor>
<comment>Acrescentando código de língua à [[:Categoria:!Página com mensagem de erro em predefinição|predefinição escopo]]</comment>
<model>wikitext</model>
<format>text/x-wiki</format>
<text bytes="669" xml:space="preserve">{{Wikipédia|lang=ca}}
{{Wikipédia|lang=tet}}
[[Imagem:Flag of Chile.svg|thumb|right|250px|&lt;center&gt;Bandeira do Chile&lt;/center&gt;]]
[[Imagem:LocationChile.svg|thumb|right|250px|&lt;center&gt;Localização do Chile&lt;/center&gt;]]
={{-ca-}}=
==Substantivo==
'''Xile''', {{gramática|pr}}
# {{escopo|ca|País}} [[Chile]]
==Ver também==
===No Wikcionário===
{{América/ca}}
[[Categoria:Substantivo (Catalão)]]
[[Categoria:Entrada com imagem (Catalão)]]
={{-tet-}}=
==Substantivo==
'''Xile''', {{gramática|pr}}
# {{escopo|tet|País}} [[Chile]]
==Ver também==
===No Wikcionário===
{{América/tet}}
[[Categoria:Substantivo (Tétum)]]
[[Categoria:Entrada com imagem (Tétum)]]</text>
<sha1>j3w29hg9wuf2hk87l33ozmyuhzvid3u</sha1>
</revision>
</page>
