<page>
<page>
<title>xilgueiro</title>
<ns>0</ns>
<id>336328</id>
<revision>
<id>1895936</id>
<timestamp>2015-02-24T14:17:15Z</timestamp>
<contributor>
<username>Cpls</username>
<id>20608</id>
</contributor>
<comment>[[Ajuda:Guia de edição/Menus e ferramentas/Sumário de edição|→]] nova página: ={{-gl-}}= ==Substantivo== {{flex.gl|ms=xilgueiro|mp=xilgueiros|fs=xilgueira|fp=xilgueiras}} {{paroxítona|xi...</comment>
<model>wikitext</model>
<format>text/x-wiki</format>
<text bytes="624" xml:space="preserve">={{-gl-}}=
==Substantivo==
{{flex.gl|ms=xilgueiro|mp=xilgueiros|fs=xilgueira|fp=xilgueiras}}
{{paroxítona|xil|guei|ro|lang=gl}}
# [[pintassilgo]]-comum, (''[[wikispecies:Carduelis carduelis|Carduelis carduelis]]'').
===Variantes===
{{verTambém.Ini}}
* [[sigueiro#Galego|sigueiro]]
* [[xildo#Galego|xildo]]
{{verTambém.NovaColuna}}
* [[xílgaro]]
{{verTambém.Fim}}
===Sinónimos===
{{verTambém.Ini}}
* [[barroso#Galego|barroso]]
* [[pica-cardinhos#Galego|pica-cardinhos]]
{{verTambém.NovaColuna}}
* [[pinta-silvas#Galego|pinta-silvas]]
{{verTambém.Fim}}
[[Categoria:Substantivo (Galego)]]
[[Categoria:Ave (Galego)]]</text>
<sha1>bzsfikqjml4oyh096rjwyl26pdjpfj5</sha1>
</revision>
