<page>
<page>
<title>xilindró</title>
<ns>0</ns>
<id>119892</id>
<revision>
<id>2567452</id>
<parentid>2567451</parentid>
<timestamp>2019-12-19T16:19:41Z</timestamp>
<contributor>
<ip>85.138.18.250</ip>
</contributor>
<comment>/* Substantivo */</comment>
<model>wikitext</model>
<format>text/x-wiki</format>
<text bytes="541" xml:space="preserve">={{-pt-}}=
==Substantivo==
{{flex.pt|ms=xilindró|mp=xilindrós}}
{{oxítona|xi|lin|dró}}, {{gramática|m}}
# {{escopo|pt|Gíria|Portugal|Coloquial}} [[cadeia]]
#* ''Um fato, porém, é inquestionável: a mão do Estado começa a pegar bandidos de todos os naipes e “colarinhos brancos” são convidados a visitar o '''xilindró'''.'' {{OESP|2008|dezembro|28}}
===Sinônimo===
* [[xadrez]]
==Ver também==
===No Wikcionário===
* [[justiça]]
[[Categoria:Substantivo (Português)]]
[[Categoria:Direito (Português)]]
[[en:xilindró]]</text>
<sha1>m1p0gtkehlwwnf6n5q7wg8f5bycczoi</sha1>
</revision>
