<page>
<title>xili</title>
<ns>0</ns>
<id>403205</id>
<revision>
<id>2526682</id>
<timestamp>2018-11-19T14:04:16Z</timestamp>
<contributor>
<username>Marrovi</username>
<id>27953</id>
</contributor>
<comment>[[Ajuda:Guia de edição/Menus e ferramentas/Sumário de edição|→]] nova página: ={{-nhw-}}= ==Substantivo== '''xil.i''' # [[caracol]]  Categoria:Substantivo (Náuatle da Huasteca ocidenta...</comment>
<model>wikitext</model>
<format>text/x-wiki</format>
<text bytes="167" xml:space="preserve">={{-nhw-}}=
==Substantivo==
'''xil.i'''
# [[caracol]]
[[Categoria:Substantivo (Náuatle da Huasteca ocidental)]]
[[Categoria:Animal (Náuatle da Huasteca ocidental)]]</text>
<sha1>rhz73ml2rexc0cvnssj3b6rxujd53cw</sha1>
</revision>
</page>
