<page>
<page>
<title>xilogravura</title>
<ns>0</ns>
<id>444253</id>
<revision>
<id>2679140</id>
<timestamp>2022-06-06T06:12:02Z</timestamp>
<contributor>
<username>Leonardo José Raimundo</username>
<id>43489</id>
</contributor>
<comment>Eu estou criando a palavra &quot;xilogravura&quot;.</comment>
<model>wikitext</model>
<format>text/x-wiki</format>
<text bytes="478" xml:space="preserve">={{-pt-}}=
==Substantivo==
{{flex.pt|fs=xilogravura|fp=xilogravuras}}
{{paroxítona|xi|lo|gra|vu|ra}}
# {{escopo|pt|Arte}} técnica ou arte de fazer [[gravura]]s em madeira, [[talhado|talhadas]] em relevo, [[pintado|pintadas]] para [[reprodução]] em papel ou em outro suporte
# esse [[desenho]] ou gravura feito por meio dessa técnica ou arte
===Sinônimo===
*[[xilografia]]
==Ver também==
===No Wikcionário===
*[[Wikisaurus:arte]]
[[Categoria:Substantivo (Português)]]</text>
<sha1>tnq745wu42ujs9sp7f9g9g80akh5ne3</sha1>
</revision>
