<page>
<page>
<title>xilolatria</title>
<ns>0</ns>
<id>319300</id>
<revision>
<id>2495330</id>
<parentid>2495326</parentid>
<timestamp>2018-04-10T00:23:52Z</timestamp>
<contributor>
<username>MIL973</username>
<id>41339</id>
</contributor>
<model>wikitext</model>
<format>text/x-wiki</format>
<text bytes="535" xml:space="preserve">={{-pt-}}=
==Substantivo==
{{flex.pt|fs=xilolatria|fp=xilolatrias}}
{{paroxítona|xi|lo|la|tri|a}}, {{gramática|f}}
# {{escopo|pt|Religião}} [[adoração]] a [[ídolo]]s de [[madeira]] ou [[culto]] a eles
=={{etimologia|pt}}==
: {{escopo|Morfologia}} De [[xilo-]] + [[-latria]].
==Ver também==
===No Wikcionário===
{{colunas|2}}
* [[xilólatra]]
* [[xilolátrico]]
{{colunas/fim}}
====Wikisaurus====
* [[Wikisaurus:religião|religião]]
==Ligações externas==
* {{Aulete}}
* {{VOLPABL}}
[[Categoria:Substantivo (Português)]]</text>
<sha1>01s01tns9tovez8kntx32p4fmn3ycs2</sha1>
</revision>
