<page>
<page>
<title>xilofone</title>
<ns>0</ns>
<id>123467</id>
<revision>
<id>2541554</id>
<parentid>2248013</parentid>
<timestamp>2019-04-12T10:16:42Z</timestamp>
<contributor>
<username>ValJor</username>
<id>1358</id>
</contributor>
<comment>Acrescentando código de língua à [[:Categoria:!Página com mensagem de erro em predefinição|predefinição escopo]]</comment>
<model>wikitext</model>
<format>text/x-wiki</format>
<text bytes="2380" xml:space="preserve">{{Wikipédia}}
{{Wikipédia|lang=mwl}}
[[Imagem:Ksylofon ubt 0053.jpeg|thumb|right|250px|&lt;center&gt;Xilofone&lt;/center&gt;]]
={{-pt-}}=
==Substantivo==
{{flex.pt|ms=xilofone|mp=xilofones}}
{{paroxítona|xi|lo|fo|ne}}, {{gramática|m}}
# {{escopo|pt|Música}} [[instrumento]] de [[percussão]] constituído por lâminas de madeira de tamanhos diversos de modo a reproduzir as escalas musicais quando percutidos por baquetas
===Sinônimo===
* [[marimba]]
===Tradução===
{{tradini}}
* {{trad|de|Xylophon}}
* {{trad|ar|سيلوفون}}
* {{trad|hy|քսիլոֆոն}}
* {{trad|eu|xilofono}}
* {{trad|be|ксілафон}}
* {{trad|my|ပတ္တလား}}
* {{trad|bg|ксилофон}}
* {{trad|ca|xilòfon}}
* {{trad|cs|xylofon}}
* {{trad|zh|木琴}}
* {{trad|si|සයිලොෆෝන්}}
* {{trad|ko|실로폰}}
* {{trad|hr|ksilofon}}
* {{trad|da|xylofon}}
* {{trad|sk|xylofón}}
* {{trad|sl|ksilofon}}
* {{trad|es|xilófono}}
* {{trad|eo|ksilofono}}
* {{trad|et|ksülofon}}
* {{trad|fi|ksylofoni}}
* {{trad|fr|xylophone}}
* {{trad|fy|ksylofoan}}
* {{trad|gl|xilófono}}
* {{trad|el|ξυλόφωνο}}
{{tradmeio}}
* {{trad|he|קסילופון}}
* {{trad|nl|xylofoon}}
* {{trad|io|xilofono}}
* {{trad|id|xilofon}}
* {{trad|en|xylophone}}
* {{trad|it|xilofono}}
* {{trad|ja|シロフォン}}
* {{trad|ms|xilofon}}
* {{trad|mdf|кальхциямат}}
* {{trad|no|xylofon}}
* {{trad|nov|xilofone}}
* {{trad|nn|xylofon}}
* {{trad|fa|زیلوفون}}
* {{trad|pl|ksylofon}}
* {{trad|ro|xilofon}}
* {{trad|ru|ксилофон}}
* {{trad|sr|ксилофон}}
* {{trad|sv|xylofon}}
* {{trad|tl|saylopon}}
* {{trad|th|ระนาด}}
* {{trad|bo|ཤིང་དཀྲོལ།}}
* {{trad|tr|ksilofon}}
* {{trad|uk|ксилофон}}
* {{trad|vi|mộc cầm}}
{{tradfim}}
=={{etimologia|pt}}==
: Do {{etm|grc|pt}} {{etimo|grc|ξύλον}} — xylon, &quot;madeira&quot; + {{etimo|grc|φωνή}} —phonē, &quot;som, voz&quot;.
[[Categoria:Substantivo (Português)]]
[[Categoria:Instrumento musical (Português)]]
={{-mwl-}}=
==Substantivo==
'''xi.lo.fo.ne'''
# [[#Português|xilofone]]
[[Categoria:Substantivo (Mirandês)]]
[[Categoria:Polissílabo (Mirandês)]]
[[Categoria:Instrumento musical (Mirandês)]]
={{-nov-}}=
==Substantivo==
'''xi.lo.fo.ne'''
# [[#Português|xilofone]]
[[Categoria:Substantivo (Novial)]]
[[Categoria:Polissílabo (Novial)]]
[[Categoria:Instrumento musical (Novial)]]</text>
<sha1>7tsdmqqranbkjj3o2ddobc1cxi4q8u4</sha1>
</revision>
