<page>
<page>
<title>xilolátricas</title>
<ns>0</ns>
<id>350181</id>
<revision>
<id>2495333</id>
<parentid>2058130</parentid>
<timestamp>2018-04-10T00:26:06Z</timestamp>
<contributor>
<username>MIL973</username>
<id>41339</id>
</contributor>
<model>wikitext</model>
<format>text/x-wiki</format>
<text bytes="202" xml:space="preserve">={{-pt-}}=
==Forma de adjetivo==
{{proparoxítona|xi|lo|lá|tri|cas}}, {{gramática|fp}}
# feminino plural de [[xilolátrico]]
{{avi-for-fle|xilolátrico}}
[[Categoria:Forma de adjetivo (Português)]]</text>
<sha1>oyuud0p4m4oa09raziwo6z3ygf4xjry</sha1>
</revision>
