<page>
<page>
<title>xilolatrias</title>
<ns>0</ns>
<id>350185</id>
<revision>
<id>2495327</id>
<parentid>2058139</parentid>
<timestamp>2018-04-10T00:22:32Z</timestamp>
<contributor>
<username>MIL973</username>
<id>41339</id>
</contributor>
<model>wikitext</model>
<format>text/x-wiki</format>
<text bytes="190" xml:space="preserve">={{-pt-}}=
==Forma de substantivo==
{{paroxítona|xi|lo|la|tri|as}}, {{gramática|fp}}
# plural de [[xilolatria]]
{{avi-for-fle|xilolatria}}
[[Categoria:Forma de substantivo (Português)]]</text>
<sha1>oq8f5ufssy3gevt1cqamgxiltbgr1pk</sha1>
</revision>
