<page>
<title>xilofon</title>
<ns>0</ns>
<id>326302</id>
<revision>
<id>2511082</id>
<parentid>2248014</parentid>
<timestamp>2018-07-16T19:19:51Z</timestamp>
<contributor>
<username>ValJor</username>
<id>1358</id>
</contributor>
<comment>Confirmando [[:Categoria:!Entrada criada por robô|verbete criado por robô]]</comment>
<model>wikitext</model>
<format>text/x-wiki</format>
<text bytes="650" xml:space="preserve">{{Wikipédia|lang=hu}}
{{Wikipédia|lang=id}}
{{Wikipédia|lang=ms}}
{{Wikipédia|lang=ro}}
={{-hu-}}=
==Substantivo==
'''xilofon'''
# [[xilofone]]
[[Categoria:Substantivo (Húngaro)]]
[[Categoria:Instrumento musical (Húngaro)]]
={{-id-}}=
==Substantivo==
'''xilofon'''
# [[xilofone]]
[[Categoria:Substantivo (Indonésio)]]
[[Categoria:Instrumento musical (Indonésio)]]
={{-ms-}}=
==Substantivo==
'''xilofon'''
# [[xilofone]]
[[Categoria:Substantivo (Malaio)]]
[[Categoria:Instrumento musical (Malaio)]]
={{-ro-}}=
==Substantivo==
'''xilofon'''
# [[xilofone]]
[[Categoria:Substantivo (Romeno)]]
[[Categoria:Instrumento musical (Romeno)]]</text>
<sha1>4jwwg3ynb85gcsyncoqz9up6z25z6um</sha1>
</revision>
</page>
