<page>
<page>
<title>xilolátrica</title>
<ns>0</ns>
<id>350183</id>
<revision>
<id>2495335</id>
<parentid>2058134</parentid>
<timestamp>2018-04-10T00:26:40Z</timestamp>
<contributor>
<username>MIL973</username>
<id>41339</id>
</contributor>
<model>wikitext</model>
<format>text/x-wiki</format>
<text bytes="193" xml:space="preserve">={{-pt-}}=
==Forma de adjetivo==
{{proparoxítona|xi|lo|lá|tri|ca}}, {{gramática|f}}
# feminino de [[xilolátrico]]
{{avi-for-fle|xilolátrico}}
[[Categoria:Forma de adjetivo (Português)]]</text>
<sha1>dgw99j3ah6jf5v51u53v5mubagukw3m</sha1>
</revision>
