<page>
<title>xilu</title>
<ns>0</ns>
<id>85172</id>
<revision>
<id>2630275</id>
<parentid>1313108</parentid>
<timestamp>2021-04-11T02:04:27Z</timestamp>
<contributor>
<username>ValJor</username>
<id>1358</id>
</contributor>
<comment>Desfazendo uso indevido da predefinição escopo</comment>
<model>wikitext</model>
<format>text/x-wiki</format>
<text bytes="371" xml:space="preserve">={{-kmb-}}=
==Substantivo==
'''xilu'''
# {{escopo2|Candomblé}} [[cômodo]], [[quarto]]
===Nota===
* Este verbete é usado no idioma português dentro do âmbito do candomblé, mas seu uso ainda não foi corroborado pelos grandes dicionários da língua portuguesa.
==Ver também==
===No Wikcionário===
* [[Apêndice:Candomblé]]
[[Categoria:Substantivo (Quimbundo)]]</text>
<sha1>54vc11hfkgnvm5nh8geitpryeva0e4m</sha1>
</revision>
</page>
