<page>
<title>xilzo</title>
<ns>0</ns>
<id>362944</id>
<revision>
<id>2158492</id>
<timestamp>2016-08-13T13:41:22Z</timestamp>
<contributor>
<username>Cpls</username>
<id>20608</id>
</contributor>
<comment>[[Ajuda:Guia de edição/Menus e ferramentas/Sumário de edição|→]] nova página: ={{-gl-}}= ==Substantivo== {{flex.gl|ms=xilzo|mp=xilzos}} {{paroxítona|xil|zo|lang=gl}}, {{m}} # {{escopoUso...</comment>
<model>wikitext</model>
<format>text/x-wiki</format>
<text bytes="337" xml:space="preserve">={{-gl-}}=
==Substantivo==
{{flex.gl|ms=xilzo|mp=xilzos}}
{{paroxítona|xil|zo|lang=gl}}, {{m}}
# {{escopoUso|arcaico|gl}} [[marco]] de pedra que indica um [[linde]]
==={{-varort-}}===
* [[jilso#Galego|jilso]]
=={{etimologia|gl}}==
: {{escopo|Morfologia}} Confronte-se com ''[[filso#Galego|filso]]''.
[[Categoria:Substantivo (Galego)]]</text>
<sha1>jzygqfoyfpkwga7vfnzvhey3dztjj5k</sha1>
</revision>
</page>
