<page>
<title>xilógrafo</title>
<ns>0</ns>
<id>138534</id>
<revision>
<id>1893348</id>
<parentid>1210720</parentid>
<timestamp>2015-02-10T22:08:45Z</timestamp>
<contributor>
<username>JAnDbot</username>
<id>25083</id>
</contributor>
<minor />
<comment>Robô: A adicionar: [[cs:xilógrafo]]</comment>
<model>wikitext</model>
<format>text/x-wiki</format>
<text bytes="281" xml:space="preserve">={{-pt-}}=
==Substantivo==
{{flex.pt|ms=xilógrafo|mp=xilógrafos|fs=xilógrafa|fp=xilógrafas}}
{{proparoxítona|xi|ló|gra|fo}} {{m}}
# pessoa que faz [[xilografia]].
[[Categoria:Substantivo (Português)]]
[[cs:xilógrafo]]
[[es:xilógrafo]]
[[nl:xilógrafo]]
[[zh:xilógrafo]]</text>
<sha1>boosbifduktf2ns54qg47kcoypfz6k5</sha1>
</revision>
</page>
