<page>
<page>
<title>xilófono</title>
<ns>0</ns>
<id>326237</id>
<revision>
<id>2240615</id>
<parentid>2156627</parentid>
<timestamp>2017-02-18T14:56:03Z</timestamp>
<contributor>
<username>UT-interwiki-Bot</username>
<id>56129</id>
</contributor>
<minor />
<comment>Robô: A adicionar: [[eo:xilófono]], [[fi:xilófono]]</comment>
<model>wikitext</model>
<format>text/x-wiki</format>
<text bytes="369" xml:space="preserve">{{Wikipédia|lang=es}}
={{-es-}}=
==Substantivo==
'''xilófono'''
# [[xilofone]]
[[Categoria:Substantivo (Espanhol)]]
[[Categoria:Instrumento musical (Espanhol)]]
[[ca:xilófono]]
[[en:xilófono]]
[[eo:xilófono]]
[[es:xilófono]]
[[fi:xilófono]]
[[fr:xilófono]]
[[gl:xilófono]]
[[hu:xilófono]]
[[io:xilófono]]
[[ko:xilófono]]
[[pl:xilófono]]
[[zh:xilófono]]</text>
<sha1>rghnh9t4a9d1fnyudq5j6angv4xgl3r</sha1>
</revision>
