<page>
<page>
<title>ximanenu</title>
<ns>0</ns>
<id>85175</id>
<revision>
<id>2630266</id>
<parentid>1313022</parentid>
<timestamp>2021-04-11T00:33:50Z</timestamp>
<contributor>
<username>ValJor</username>
<id>1358</id>
</contributor>
<comment>Desfazendo uso indevido da predefinição escopo</comment>
<model>wikitext</model>
<format>text/x-wiki</format>
<text bytes="386" xml:space="preserve">={{-kmb-}}=
==Forma verbal==
'''ximanenu'''
# {{escopo2|Candomblé}} [[elogiar|elogiai]] (imperativo)
===Nota===
* Este verbete é usado no idioma português dentro do âmbito do candomblé, mas seu uso ainda não foi corroborado pelos grandes dicionários da língua portuguesa.
==Ver também==
===No Wikcionário===
* [[Apêndice:Candomblé]]
[[Categoria:Forma verbal (Quimbundo)]]</text>
<sha1>jur7hm4vvzkpimqgkaf4ph4jyfl4v4x</sha1>
</revision>
