<page>
<title>ximbé</title>
<ns>0</ns>
<id>152543</id>
<revision>
<id>2463486</id>
<parentid>1481770</parentid>
<timestamp>2017-11-28T11:10:02Z</timestamp>
<contributor>
<username>ValJor</username>
<id>1358</id>
</contributor>
<comment>Um verbete a menos usando a [[Predefinição:flex.pt.com2|predefinição flex.pt.com2]]</comment>
<model>wikitext</model>
<format>text/x-wiki</format>
<text bytes="545" xml:space="preserve">={{-pt-}}=
==Adjetivo==
{{flex.pt|s=ximbé|p=ximbés}}
{{oxítona|xim|bé}}, {{gramática|c2g}}
# que tem o [[focinho]] ou o [[nariz]] [[achatado]]
===Sinônimo===
*[[ximbeva]]
==Ligações externas==
* {{Aulete}}
* [http://michaelis.uol.com.br/busca?r=0&amp;f=0&amp;t=0&amp;palavra=ximb%C3%A9 “ximbé”], in Trevisan, R. (coord.); Weiszflog, W. (ed.). Michaelis: Moderno Dicionário da Língua Portuguesa. São Paulo: Melhoramentos, 2012 (nova ortografia). ISBN 978-85-06-06953-0
* {{DPLP}}
* {{PLP}}
* {{VOLPABL}}
[[Categoria:Adjetivo (Português)]]</text>
<sha1>qfet1gfaegz26i4di9zl5cj13kh3hxv</sha1>
</revision>
</page>
