<page>
<title>ximbra</title>
<ns>0</ns>
<id>290914</id>
<revision>
<id>2236543</id>
<parentid>2210379</parentid>
<timestamp>2017-02-11T22:08:03Z</timestamp>
<contributor>
<username>Luan</username>
<id>1279</id>
</contributor>
<minor />
<model>wikitext</model>
<format>text/x-wiki</format>
<text bytes="451" xml:space="preserve">[[Ficheiro:Klickerpeng1.jpg|thumb|right|250px|Ximbras]]
={{-pt-}}=
==Substantivo==
{{flex.pt|fs=ximbra|fp=ximbras}}
{{paroxítona|xim|bra}}, ''f''
# {{escopo|pt|Pernambuco|Alagoas}} [[pequeno|pequena]] [[esfera]] vítrea [[usado|usada]] no [[jogo]] de [[gude]]; [[bola|bolinha]]
#* ''Os garotos jogavam '''ximbra''' no pátio.''
===Sinônimo===
* [[bola de gude]]
[[Categoria:Substantivo (Português)]]
[[Categoria:Entrada com imagem (Português)]]</text>
<sha1>0iiq6c5ula84wg3xskl9shcit0jib20</sha1>
</revision>
</page>
