<page>
<title>ximelgu</title>
<ns>0</ns>
<id>440566</id>
<revision>
<id>2660445</id>
<parentid>2660444</parentid>
<timestamp>2022-02-17T22:39:18Z</timestamp>
<contributor>
<username>Cpls</username>
<id>20608</id>
</contributor>
<comment>/* {{etimologia|ast}} */</comment>
<model>wikitext</model>
<format>text/x-wiki</format>
<text bytes="442" xml:space="preserve">={{-ast-}}=
==Adjetivo==
{{flex.ast|ms=ximelgu|mp=ximelgos|fs=ximelga|fp=ximelgas}}
{{paroxítona|xi|mel|gu|lang=ast}}
# [[gémeo]]
==={{-varort-}}===
* Vide em [[ximielgu#{{ast}}|ximielgu]]
==Substantivo==
'''ximelgu'''
# [[gémeo]]
=={{etimologia|ast}}==
: De um hipotético latim vulgar ''*gemellĭcus''. Confronte-se com o galego ''[[gimelgo#{{gl}}|gimelgo]]''.
[[Categoria:Substantivo (Asturiano)]]
[[Categoria:Adjetivo (Asturiano)]]</text>
<sha1>difuesy0lzftsw1p65iw2oh6osmi91z</sha1>
</revision>
</page>
