<page>
<title>ximielgu</title>
<ns>0</ns>
<id>440565</id>
<revision>
<id>2660443</id>
<timestamp>2022-02-17T22:38:33Z</timestamp>
<contributor>
<username>Cpls</username>
<id>20608</id>
</contributor>
<comment>[[Ajuda:Guia de edição/Menus e ferramentas/Sumário de edição|→]] nova página: ={{-ast-}}= ==Adjetivo== {{flex.ast|ms=ximielgu|mp=ximielgos|fs=ximielga|fp=ximielgues}} {{paroxítona|xi|miel|gu|lang=ast}} # [[gémeo]]  ==={{-varort-}}=== * [[xemielgu#{{ast}}|xemielgu]], [[ximelgu#{{ast}}|ximelgu]]  ==Substantivo== '''ximielgu''' # [[gémeo]]  =={{etimologia|ast}}== : De um hipotético latim vulgar ''*gemellĭcus''.  [[Categoria:Substantivo (Asturiano)]] [[Categoria:Adjetivo (Asturiano)]]</comment>
<model>wikitext</model>
<format>text/x-wiki</format>
<text bytes="412" xml:space="preserve">={{-ast-}}=
==Adjetivo==
{{flex.ast|ms=ximielgu|mp=ximielgos|fs=ximielga|fp=ximielgues}}
{{paroxítona|xi|miel|gu|lang=ast}}
# [[gémeo]]
==={{-varort-}}===
* [[xemielgu#{{ast}}|xemielgu]], [[ximelgu#{{ast}}|ximelgu]]
==Substantivo==
'''ximielgu'''
# [[gémeo]]
=={{etimologia|ast}}==
: De um hipotético latim vulgar ''*gemellĭcus''.
[[Categoria:Substantivo (Asturiano)]]
[[Categoria:Adjetivo (Asturiano)]]</text>
<sha1>8fzn3v1uffd1r34ccpl54hmb08q25gj</sha1>
</revision>
</page>
