<page>
<title>Xina</title>
<ns>0</ns>
<id>127181</id>
<revision>
<id>2565027</id>
<parentid>2541551</parentid>
<timestamp>2019-12-08T00:58:44Z</timestamp>
<contributor>
<username>ValJor</username>
<id>1358</id>
</contributor>
<comment>Tinha esquecido de colocar as imagens</comment>
<model>wikitext</model>
<format>text/x-wiki</format>
<text bytes="1088" xml:space="preserve">{{Wikipédia|lang=ca}}
[[Imagem:Flag_of_the_People's_Republic_of_China.svg|thumb|right|250px|&lt;center&gt;Bandeira da China&lt;/center&gt;]]
[[Imagem:LocationPRChina.svg|thumb|right|250px|&lt;center&gt;Localização da China&lt;/center&gt;]]
={{-ca-}}=
==Substantivo==
'''Xina''', {{gramática|pr}}
# {{escopo|ca|País}} [[China]]
==Ver também==
===No Wikcionário===
{{Ásia/ca}}
[[Categoria:Substantivo (Catalão)]]
[[Categoria:Entrada com imagem (Catalão)]]
={{-lfn-}}=
==Substantivo==
{{paroxítona|Xi|na|lang=lfn}}, {{gramática|pr}}
# {{escopo|lfn|País}} [[China]]
==={{-varort-}}===
{{verTambém.Ini}}
* {{link opcional|Jonguo|lfn}}
{{verTambém.NovaColuna}}
* {{link opcional|Жонгуо|lfn}} ''(em cirílico)''
{{verTambém.NovaColuna}}
* '''Alfabeto cirílico''': {{l.s.|Шина|{{lfn}}}}
{{verTambém.Fim}}
==Ver também==
===No Wikcionário===
{{verTambém.Ini}}
* {{link opcional|xines|lfn}}
{{verTambém.NovaColuna}}
* {{link opcional|jonguo|lfn}}
{{verTambém.Fim}}
{{Ásia/lfn}}
[[Categoria:Substantivo (Língua Franca Nova)]]
[[Categoria:Entrada com imagem (Língua Franca Nova)]]</text>
<sha1>8lod1n7atfub3gy39f0595l1pltsw1x</sha1>
</revision>
</page>
