<page>
<page>
<title>xineiru</title>
<ns>0</ns>
<id>236647</id>
<revision>
<id>2654217</id>
<parentid>906366</parentid>
<timestamp>2021-12-05T07:30:49Z</timestamp>
<contributor>
<username>ValJor</username>
<id>1358</id>
</contributor>
<comment>Já fazia mais de dez anos que ninguém atualizava esse verbete</comment>
<model>wikitext</model>
<format>text/x-wiki</format>
<text bytes="176" xml:space="preserve">={{-lne-}}=
== Substantivo ==
'''Xineiru'''
# [[janeiro]]
==Ver também==
===No Wikcionário===
{{meses/lne}}
[[Categoria:Substantivo (Leonês)]]
[[Categoria:Mês (Leonês)]]</text>
<sha1>9g3wr0z5y2zfpfn8viqeao10f03cn5u</sha1>
</revision>
