<page>
<page>
<title>xineque</title>
<ns>0</ns>
<id>351026</id>
<redirect title="chineque" />
<revision>
<id>2062855</id>
<timestamp>2016-02-13T00:19:46Z</timestamp>
<contributor>
<username>Amo schnek</username>
<id>53668</id>
</contributor>
<comment>Amo schnek moveu a página [[xineque]] para [[chineque]]: Eu tinha criado com o nome errado</comment>
<model>wikitext</model>
<format>text/x-wiki</format>
<text bytes="30" xml:space="preserve">#REDIRECIONAMENTO [[chineque]]</text>
<sha1>l090y0k09k55flpjsyn6n638i04efcm</sha1>
</revision>
