<page>
<page>
<title>xines</title>
<ns>0</ns>
<id>341642</id>
<revision>
<id>1953350</id>
<parentid>1952229</parentid>
<timestamp>2015-07-01T12:46:57Z</timestamp>
<contributor>
<username>YS-Bot</username>
<id>32241</id>
</contributor>
<minor />
<comment>r2.7.3) (Robô: A adicionar: [[en:xines]]</comment>
<model>wikitext</model>
<format>text/x-wiki</format>
<text bytes="794" xml:space="preserve">={{-lfn-}}=
{{flex.lfn|xines|xineses}}
==Substantivo==
{{oxítona|xi|nes|lang=lfn}}
#[[chinês]], língua chinesa, [[mandarim]]
==Adjetivo==
{{oxítona|xi|nes|lang=lfn}}
#[[chinês]], relativo à [[China]]
===Grafias alternativas===
* '''[[alfabeto cirílico|Alfabeto cirílico]]:''' {{l.s.|шинес|{{lfn}}}}
===Sinónimos===
{{verTambém.Ini}}
* {{link opcional|jonguo|lfn}} ''(habitante)''
{{verTambém.NovaColuna}}
* {{link opcional|putong|lfn}} ''(língua)''
{{verTambém.NovaColuna}}
* {{link opcional|mandarin|lfn}} ''(língua)''
{{verTambém.Fim}}
==Ver também==
{{verTambém.Ini}}
* {{link opcional|Xina|lfn}}
{{verTambém.NovaColuna}}
* {{link opcional|Jonguo|lfn}}
{{verTambém.Fim}}
{{categorias|{{nome categoria|lfn}}|Substantivo|Adjetivo|Gentílico|Língua}}
[[en:xines]]</text>
<sha1>lgfnod1q9ybubk7fw0sj8bhxxukuai0</sha1>
</revision>
