<page>
<page>
<title>xinestra</title>
<ns>0</ns>
<id>445061</id>
<revision>
<id>2685796</id>
<parentid>2683230</parentid>
<timestamp>2022-08-11T10:52:06Z</timestamp>
<contributor>
<username>Cpls</username>
<id>20608</id>
</contributor>
<model>wikitext</model>
<format>text/x-wiki</format>
<text bytes="359" xml:space="preserve">={{-ast-}}=
==Substantivo==
{{flex.ast|fs=xinestra|fp=xinestras}}
{{paroxítona|xi|nes|tra|lang=ast}}, {{g|f|lang=ast}}
# {{escopo|ast|Planta}} [[giesta]]
==={{-varort-}}===
* Vide em [[xinesta#{{ast}}|xinesta]]
=={{etimologia|ast}}==
{{llietimo|la|genista|ast}} Confronte-se com o galego ''[[gestra#{{gl}}|gestra]]''.
[[Categoria:Substantivo (Asturiano)]]</text>
<sha1>cvw9xyg2c5gbeemvdwdwex8avvgcq64</sha1>
</revision>
