<page>
<title>xineru</title>
<ns>0</ns>
<id>234143</id>
<revision>
<id>2037017</id>
<parentid>1839997</parentid>
<timestamp>2015-11-14T21:39:31Z</timestamp>
<contributor>
<username>HydrizBot</username>
<id>29590</id>
</contributor>
<minor />
<comment>Robô: A adicionar: [[ro:xineru]]</comment>
<model>wikitext</model>
<format>text/x-wiki</format>
<text bytes="491" xml:space="preserve">={{-ast-}}=
==Substantivo==
'''xineru'''
# [[janeiro]]
== Ver também ==
=== No Wikcionário ===
{{meses/ast}}
[[Categoria:Substantivo (Asturiano)]]
[[Categoria:Mês (Asturiano)]]
[[ast:xineru]]
[[br:xineru]]
[[el:xineru]]
[[en:xineru]]
[[eu:xineru]]
[[fr:xineru]]
[[hr:xineru]]
[[hu:xineru]]
[[id:xineru]]
[[io:xineru]]
[[it:xineru]]
[[lb:xineru]]
[[lo:xineru]]
[[lt:xineru]]
[[mg:xineru]]
[[nl:xineru]]
[[no:xineru]]
[[pl:xineru]]
[[ro:xineru]]
[[ru:xineru]]
[[sm:xineru]]
[[tr:xineru]]</text>
<sha1>h0j79usi4mg0uz2dzg3ljzybnigtm99</sha1>
</revision>
</page>
