<page>
<page>
<title>xinesta</title>
<ns>0</ns>
<id>445705</id>
<revision>
<id>2685794</id>
<timestamp>2022-08-11T10:49:06Z</timestamp>
<contributor>
<username>Cpls</username>
<id>20608</id>
</contributor>
<comment>[[Ajuda:Guia de edição/Menus e ferramentas/Sumário de edição|→]] nova página: ={{-ast-}}= ==Substantivo== {{flex.ast|fs=xinesta|fp=xinestes}} {{paroxítona|xi|nes|ta|lang=ast}}, {{g|f|lang=ast}} # {{escopo|ast|Planta}} [[giesta]]  ==={{-varort-}}=== * [[señesta#{{ast}}|señesta]], [[siñesta#{{ast}}|siñesta]], [[siñestra#{{ast}}|siñestra]], [[xinestra#{{ast}}|xinestra]], [[xiniesta#{{ast}}|xiniesta]], [[xiniestra#{{ast}}|xiniestra]]   =={{etimologia|ast}}== {{llietimo|la|genista...</comment>
<model>wikitext</model>
<format>text/x-wiki</format>
<text bytes="454" xml:space="preserve">={{-ast-}}=
==Substantivo==
{{flex.ast|fs=xinesta|fp=xinestes}}
{{paroxítona|xi|nes|ta|lang=ast}}, {{g|f|lang=ast}}
# {{escopo|ast|Planta}} [[giesta]]
==={{-varort-}}===
* [[señesta#{{ast}}|señesta]], [[siñesta#{{ast}}|siñesta]], [[siñestra#{{ast}}|siñestra]], [[xinestra#{{ast}}|xinestra]], [[xiniesta#{{ast}}|xiniesta]], [[xiniestra#{{ast}}|xiniestra]] 
=={{etimologia|ast}}==
{{llietimo|la|genista|ast}}
[[Categoria:Substantivo (Asturiano)]]</text>
<sha1>svyqycxuzajcswadrcp40rujtyzae16</sha1>
</revision>
