<page>
<title>Xinguara</title>
<ns>0</ns>
<id>143097</id>
<revision>
<id>2282584</id>
<parentid>1197904</parentid>
<timestamp>2017-04-27T04:09:33Z</timestamp>
<contributor>
<username>HydrizBot</username>
<id>29590</id>
</contributor>
<minor />
<comment>Robô: A limpar links interwikis antigos</comment>
<model>wikitext</model>
<format>text/x-wiki</format>
<text bytes="242" xml:space="preserve">={{-pt-}}=
{{Wikipédia}}
==Substantivo==
'''Xinguara''' {{pr}}
#[[município]] [[brasileiro]] do [[estado]] do [[Pará]]
==Ver também==
*[[Apêndice:Municípios do estado do Pará]]
[[Categoria:Município do estado do Pará (Português)]]</text>
<sha1>j701a2hf7vlo6aghjrmkrvermljt7ld</sha1>
</revision>
</page>
