<page>
<page>
<title>xingreta</title>
<ns>0</ns>
<id>354085</id>
<revision>
<id>2077128</id>
<timestamp>2016-03-25T22:57:32Z</timestamp>
<contributor>
<username>Cpls</username>
<id>20608</id>
</contributor>
<comment>[[Ajuda:Guia de edição/Menus e ferramentas/Sumário de edição|→]] nova página: ={{-gl-}}= ==Substantivo== {{flex.gl|fs=xingreta|fp=xingretas}} {{paroxítona|xin|gre|ta|lang=gl}}, {{f}} # [...</comment>
<model>wikitext</model>
<format>text/x-wiki</format>
<text bytes="364" xml:space="preserve">={{-gl-}}=
==Substantivo==
{{flex.gl|fs=xingreta|fp=xingretas}}
{{paroxítona|xin|gre|ta|lang=gl}}, {{f}}
# [[chacota]], burla, zombaria, mofa
=={{etimologia|gl}}==
: Aparentado com o latim {{etimo|la|syringa}}, com [[xingar]]. Confronte-se com as palavras galegas ''[[xingra#Galego|xingra]]'' e ''[[xingrar#Galego|xingrar]]''.
[[Categoria:Substantivo (Galego)]]</text>
<sha1>9ikn8tdnydt37q6q7txa955ogss21fr</sha1>
</revision>
