<page>
<title>xingiri</title>
<ns>0</ns>
<id>85178</id>
<revision>
<id>2630122</id>
<parentid>1313109</parentid>
<timestamp>2021-04-08T21:38:09Z</timestamp>
<contributor>
<username>ValJor</username>
<id>1358</id>
</contributor>
<comment>Desfazendo uso indevido da predefinição escopo</comment>
<model>wikitext</model>
<format>text/x-wiki</format>
<text bytes="404" xml:space="preserve">={{-kmb-}}=
==Substantivo==
'''xingiri'''
# {{escopo2|Candomblé}} [[adivinho]]; aquele que faz [[previsão|previsões]]
===Nota===
* Este verbete é usado no idioma português dentro do âmbito do candomblé, mas seu uso ainda não foi corroborado pelos grandes dicionários da língua portuguesa.
==Ver também==
===No Wikcionário===
* [[Apêndice:Candomblé]]
[[Categoria:Substantivo (Quimbundo)]]</text>
<sha1>d28zp4afpuslweksz9gku6kvsairvhy</sha1>
</revision>
</page>
