<page>
<title>xingra</title>
<ns>0</ns>
<id>354078</id>
<revision>
<id>2077023</id>
<parentid>2077018</parentid>
<timestamp>2016-03-25T14:44:14Z</timestamp>
<contributor>
<username>Cpls</username>
<id>20608</id>
</contributor>
<comment>/* {{etimologia|gl}} */</comment>
<model>wikitext</model>
<format>text/x-wiki</format>
<text bytes="537" xml:space="preserve">={{-gl-}}=
==Substantivo==
{{flex.gl|fs=xingra|fp=xingras}}
{{paroxítona|xin|gra|lang=gl}}, {{f}}
# {{escopoCat|Ave|gl}} [[fuinha-dos-juncos]] (''[[wikispecies:Cisticola juncidis|Cisticola juncidis]]'')
===Sinónimos===
{{verTambém.Ini}}
* [[pica-juncos#Galego|pica-juncos]]
{{verTambém.NovaColuna}}
* [[tuim#Galego|tuim]]
{{verTambém.Fim}}
=={{etimologia|gl}}==
: Aparentado com [[xingar]]. Confronte-se com as palavras galegas ''[[xingreta#Galego|xingreta]]'' e ''[[xingrar#Galego|xingrar]]''.
[[Categoria:Substantivo (Galego)]]</text>
<sha1>q8o18trnmgkucqeqrzvxxgl7n1ymgpg</sha1>
</revision>
</page>
