<page>
<title>xingação</title>
<ns>0</ns>
<id>322002</id>
<revision>
<id>1810506</id>
<timestamp>2014-02-11T10:05:53Z</timestamp>
<contributor>
<username>ValJor</username>
<id>1358</id>
</contributor>
<comment>Por um [[Especial:Lonelypages|wikcionário sem órfãos]]: [[xingações]]</comment>
<model>wikitext</model>
<format>text/x-wiki</format>
<text bytes="371" xml:space="preserve">={{-pt-}}=
==Substantivo==
{{flex.pt|fs=xingação|fp=xingações}}
{{oxítona|xin|ga|ção}}
# o ato de [[xingar]]
#* ''E pior: a maioria dos interlocutores não se apoia em fatos, números ou conceitos corretos, e prefere partir para a '''xingação''' pura e simples.'' {{OESP|2010|janeiro|09}}
===Sinônimo===
* [[xingamento]]
[[Categoria:Substantivo (Português)]]</text>
<sha1>782yqm3ris2lb08qh74zac2tbfqx21t</sha1>
</revision>
</page>
