<page>
<title>xingar</title>
<ns>0</ns>
<id>137771</id>
<revision>
<id>2541032</id>
<parentid>2514464</parentid>
<timestamp>2019-04-05T08:43:11Z</timestamp>
<contributor>
<username>Cpls</username>
<id>20608</id>
</contributor>
<model>wikitext</model>
<format>text/x-wiki</format>
<text bytes="869" xml:space="preserve">={{-pt-}}=
==Verbo==
{{oxítona|xin|gar}}, {{gramática|vtd||}}
# dirigir [[insulto]]s ou palavras afrontosas; falar mal de alguém
#* ''A maioria dos integrantes da torcida é jovem e o discurso é de nunca '''xingar''' os jogadores palmeirenses mesmo que o time esteja mal.'' {{OESP|2006|março|23}}
===Conjugação===
{{conj/pt|xin|gar}}
=={{etimologia|pt}}==
{{llietimo|kmb|xinga|pt}}
[[Categoria:Verbo (Português)]]
={{-ast-}}=
==Verbo==
{{oxítona|xin|gar|lang=ast}}
# [[oscilar]]
# [[menear]], sacudir
# [[abalar]] uma árvore para que caiam as [[frutas]]
# [[baloiçar]], balançar
# [[xingar#{{pt}}|xingar]], incomodar
# [[copular]] sexualmente
# [[cansar]] por trabalho excessivo
# [[escorregar]] um [[veículo]]
=={{etimologia|ast}}==
: De {{etimo|ast|xinga}}.
[[Categoria:Verbo (Asturiano)]]
[[chr:xingar]]
[[en:xingar]]
[[fr:xingar]]
[[mg:xingar]]</text>
<sha1>4p4qv2nd6rdindw6132980rdhjghjcj</sha1>
</revision>
</page>
