<page>
<page>
<title>xingadera</title>
<ns>0</ns>
<id>408972</id>
<revision>
<id>2541034</id>
<timestamp>2019-04-05T08:50:46Z</timestamp>
<contributor>
<username>Cpls</username>
<id>20608</id>
</contributor>
<comment>[[Ajuda:Guia de edição/Menus e ferramentas/Sumário de edição|→]] nova página: ={{-ast-}}= ==Substantivo== {{flex.ast|fs=xingadera|fp=xingaderes}} {{paroxítona|xin|ga|de|ra|lang=ast}}, {{...</comment>
<model>wikitext</model>
<format>text/x-wiki</format>
<text bytes="423" xml:space="preserve">={{-ast-}}=
==Substantivo==
{{flex.ast|fs=xingadera|fp=xingaderes}}
{{paroxítona|xin|ga|de|ra|lang=ast}}, {{g|f|lang=ast}}
# [[baloiço]], assento oscilante
# movimento [[oscilante]]
==={{-varort-}}===
* [[xingaera#{{ast}}|xingaera]]
===Sinónimo===
* De '''1''': [[xingaderu#{{ast}}|xingaderu]]
=={{etimologia|pt}}==
: Confronte-se com {{etimo|ast|xingar}} e {{etimo|ast|xinga}}.
[[Categoria:Substantivo (Asturiano)]]</text>
<sha1>kna0ng6oejdle9jep2f8214bhqznp0j</sha1>
</revision>
