<page>
<title>xingações</title>
<ns>0</ns>
<id>321883</id>
<revision>
<id>2037363</id>
<parentid>1809995</parentid>
<timestamp>2015-11-16T10:54:01Z</timestamp>
<contributor>
<username>ValJor</username>
<id>1358</id>
</contributor>
<comment>Acrescentando a predefinição avi-for-fle</comment>
<model>wikitext</model>
<format>text/x-wiki</format>
<text bytes="166" xml:space="preserve">={{-pt-}}=
==Forma de substantivo==
{{oxítona|xin|ga|ções}}
# plural de [[xingação]]
{{avi-for-fle|xingação}}
[[Categoria:Forma de substantivo (Português)]]</text>
<sha1>9f53j15dlqij83scsuqmfnm3odaxmyr</sha1>
</revision>
</page>
