<page>
<title>xingáu</title>
<ns>0</ns>
<id>408973</id>
<revision>
<id>2541035</id>
<timestamp>2019-04-05T08:50:58Z</timestamp>
<contributor>
<username>Cpls</username>
<id>20608</id>
</contributor>
<comment>[[Ajuda:Guia de edição/Menus e ferramentas/Sumário de edição|→]] nova página: ={{-ast-}}= ==Adjetivo== '''xingáu''', ''masculino''; '''xingada''', ''feminino''; '''xinngao''', ''neutro''...</comment>
<model>wikitext</model>
<format>text/x-wiki</format>
<text bytes="397" xml:space="preserve">={{-ast-}}=
==Adjetivo==
'''xingáu''', ''masculino''; '''xingada''', ''feminino''; '''xinngao''', ''neutro''
:{{oxítona|xin|gáu|lang=ast}}, {{g|f|lang=ast}}
# adoentado, [[achacoso]] pelo muito trabalho; extenuado
# [[inoportuno]], maçante
==={{-varort-}}===
* [[chingáu#{{ast}}|chingáu]]
=={{etimologia|ast}}==
: Do particípio de {{etimo|ast|xingar}}.
[[Categoria:Adjetivo (Asturiano)]]</text>
<sha1>icqtb6gj5jlek6zl5g5dm9u0y22agrk</sha1>
</revision>
</page>
