<page>
<title>xingu</title>
<ns>0</ns>
<id>85179</id>
<revision>
<id>2630114</id>
<parentid>1941212</parentid>
<timestamp>2021-04-08T21:22:26Z</timestamp>
<contributor>
<username>ValJor</username>
<id>1358</id>
</contributor>
<comment>Desfazendo uso indevido da predefinição escopo</comment>
<model>wikitext</model>
<format>text/x-wiki</format>
<text bytes="510" xml:space="preserve">[[Imagem:Neck.png|thumb|right|250px|{{centro|Um pescoço humano}}]]
={{-kmb-}}=
==Substantivo==
'''xingu'''
# {{escopo2|Candomblé}} [[pescoço]]
===Nota===
* Este verbete é usado no idioma português dentro do âmbito do candomblé, mas seu uso ainda não foi corroborado pelos grandes dicionários da língua portuguesa.
==Ver também==
===No Wikcionário===
* [[Apêndice:Candomblé]]
[[Categoria:Substantivo (Quimbundo)]]
[[Categoria:Anatomia (Quimbundo)]]
[[Categoria:Entrada com imagem (Quimbundo)]]</text>
<sha1>0wmgycmxbz6vuf5hmvjrtmw5s3w5dqz</sha1>
</revision>
</page>
