<page>
<page>
<title>xinja</title>
<ns>0</ns>
<id>354076</id>
<revision>
<id>2077009</id>
<timestamp>2016-03-25T14:26:16Z</timestamp>
<contributor>
<username>Cpls</username>
<id>20608</id>
</contributor>
<comment>[[Ajuda:Guia de edição/Menus e ferramentas/Sumário de edição|→]] nova página: ={{-gl-}}= ==Substantivo== {{flex.gl|fs=xinja|fp=xinjas}} {{paroxítona|xin|ja|lang=gl}}, {{f}} # {{escopoCat...</comment>
<model>wikitext</model>
<format>text/x-wiki</format>
<text bytes="315" xml:space="preserve">={{-gl-}}=
==Substantivo==
{{flex.gl|fs=xinja|fp=xinjas}}
{{paroxítona|xin|ja|lang=gl}}, {{f}}
# {{escopoCat|Botânica|gl}} [[junça]] (''[[species:Cyperus rotundus|Cyperus rotundus]]'')
===Sinónimo===
* [[cinja#Galego|cinja]]
=={{etimologia|gl}}==
{{llietimo|la|cingula|gl}}
[[Categoria:Substantivo (Galego)]]</text>
<sha1>kp7dj68g88mx6ysv88espgpcl5curxt</sha1>
</revision>
