<page>
<title>xinlheira</title>
<ns>0</ns>
<id>418345</id>
<revision>
<id>2569558</id>
<parentid>2569557</parentid>
<timestamp>2020-01-05T08:39:11Z</timestamp>
<contributor>
<username>Cpls</username>
<id>20608</id>
</contributor>
<comment>/* {{-gl-}} */</comment>
<model>wikitext</model>
<format>text/x-wiki</format>
<text bytes="367" xml:space="preserve">={{-gl-}}=
==Adjetivo==
{{flex.gl|fs=xinlheira|fp=xinlheiras}}
{{paroxítona|xin|lhei|ra|lang=gl}}
# qualifica a vaca seca, que não dá [[leite]]
===Sinónimos===
* [[cinlheira#{{gl}}|cinlheira]], [[silheira#{{gl}}|silheira]]
=={{etimologia|gl}}==
{{llietimo|la|singularius|gl}} Confronte-se com ''[[senlheiro#{{gl}}|senlheira]]''.
[[Categoria:Adjetivo (Galego)]]</text>
<sha1>qw6zasgmgk9nan9btq17d1btl3rt48b</sha1>
</revision>
</page>
