<page>
<title>xinti</title>
<ns>0</ns>
<id>15095</id>
<revision>
<id>1326090</id>
<parentid>635184</parentid>
<timestamp>2011-12-08T01:06:31Z</timestamp>
<contributor>
<username>MalafayaBot</username>
<id>628</id>
</contributor>
<minor />
<comment>Robô: Substituição de texto automática (-^\=(\s*?)(\{\{kea\}\}|Cabo\-?verdiano)(\s*?)\= +={{-kea-}}=)</comment>
<model>wikitext</model>
<format>text/x-wiki</format>
<text bytes="123" xml:space="preserve">={{-kea-}}=
==Verbo==
'''xinti'''
# [[sentir]]; [[perceber]]; [[reparar]]; [[cheirar]]
[[Categoria:Verbo (Cabo-verdiano)]]</text>
<sha1>b52ghojbc4ti561o9nglifaexf4lijc</sha1>
</revision>
</page>
