<page>
<title>xintoísmo</title>
<ns>0</ns>
<id>71418</id>
<revision>
<id>2656601</id>
<parentid>2413591</parentid>
<timestamp>2022-01-01T21:28:16Z</timestamp>
<contributor>
<username>TheWikipedian1250</username>
<id>71372</id>
</contributor>
<model>wikitext</model>
<format>text/x-wiki</format>
<text bytes="805" xml:space="preserve">={{-pt-}}=
==Substantivo==
{{paroxítona|xin|to|ís|mo}}, {{g|m}}
# antiga religião [[politeísta]] com características [[animismo|animistas]] do [[Japão]], de origem [[autóctone]] e ainda professada nos dias atuais, caracterizada pela adoração a [[divindade]]s que representam as forças da natureza, e pela ausência de escrituras sagradas, [[teologia]], busca da salvação, prescrições de conduta e mandamentos; [[xinto]]
===Variantes===
* [[sintoísmo]]
===Tradução===
{{tradini}}
* {{trad|en|Shintoism|Shinto}}
{{tradmeio}}
* {{t|ja|神道|shintō}}
{{tradfim}}
=={{etimologia|pt}}==
{{llietimo|ja|神道|pt|shintō}}
[[Categoria:Substantivo (Português)]]
[[Categoria:Xintoísmo (Português)]]
[[en:xintoísmo]]
[[ja:xintoísmo]]
[[pl:xintoísmo]]
[[ru:xintoísmo]]
[[zh:xintoísmo]]</text>
<sha1>06j1vqos4fdqi5xbwb18nrc2cundivx</sha1>
</revision>
</page>
