<page>
<title>xinuna</title>
<ns>0</ns>
<id>85181</id>
<revision>
<id>2630106</id>
<parentid>1313024</parentid>
<timestamp>2021-04-08T17:00:28Z</timestamp>
<contributor>
<username>ValJor</username>
<id>1358</id>
</contributor>
<comment>Desfazendo uso indevido da predefinição escopo</comment>
<model>wikitext</model>
<format>text/x-wiki</format>
<text bytes="367" xml:space="preserve">={{-kmb-}}=
==Forma verbal==
'''xinuna'''
# {{escopo2|Candomblé}} [[abrir|abra]]!
===Nota===
* Este verbete é usado no idioma português dentro do âmbito do candomblé, mas seu uso ainda não foi corroborado pelos grandes dicionários da língua portuguesa.
==Ver também==
===No Wikcionário===
* [[Apêndice:Candomblé]]
[[Categoria:Forma verbal (Quimbundo)]]</text>
<sha1>j71w3icz7g29gt8lm1yg4nxhhprfps2</sha1>
</revision>
</page>
