<page>
<title>xinxebra</title>
<ns>0</ns>
<id>358046</id>
<revision>
<id>2214835</id>
<parentid>2091913</parentid>
<timestamp>2016-12-26T14:01:06Z</timestamp>
<contributor>
<username>Cpls</username>
<id>20608</id>
</contributor>
<model>wikitext</model>
<format>text/x-wiki</format>
<text bytes="846" xml:space="preserve">={{-gl-}}=
==Substantivo==
{{flex.gl|fs=xinxebra|fp=xinxebras}}
{{paroxítona|xin|xe|bra|lang=gl}}, {{f}}
# {{escopoCat|Botânica|gl}} [[escorodônia]], ''[[wikispecies:Teucrium scorodonia|Teucrium scorodonia]]''
# {{escopoCat|Botânica|gl}} planta do gênero ''[[wikispecies:Saxifraga|Saxifraga]]''
# {{escopoCat|Botânica|gl}} [[gengibre]], ''[[wikispecies:Zingiber officinale|Zingiber officinale]]''
===Variante ortográfica===
{{dividir em colunas|3}}
* [[gingebra#Galego|gingebra]]
* [[seixebra#Galego|seixebra]]
* [[singebra#Galego|singebra]]
* [[sinxebra#Galego|sinxebra]]
{{dividir em colunas.fim}}
=={{etimologia|gl}}==
{{llietimo|la|zingiberi|gl|ponto=não}}, do {{etm|grc|gl}} {{etimo|grc|ζιγγίβερις}} ''zingíberis''. Confronte-se com o [[páli]] ''[[siṅgivera#Páli|siṅgivera]]''.
[[Categoria:Substantivo (Galego)]]</text>
<sha1>3q0dk08bbor1r5cyt9enzkb46bbay6r</sha1>
</revision>
</page>
