<page>
<title>E</title>
<ns>0</ns>
<id>5463</id>
<revision>
<id>2679994</id>
<parentid>2673754</parentid>
<timestamp>2022-06-13T02:05:44Z</timestamp>
<contributor>
<username>Wilhelm Seifer</username>
<id>85860</id>
</contributor>
<model>wikitext</model>
<format>text/x-wiki</format>
<text bytes="1060" xml:space="preserve">{{Wikipédia}}
{{caracteres info|hex=0045|nome=LATIN CAPITAL LETTER E|anterior=D|próximo=F}}
={{-pt-}}=
==Substantivo==
'''E''', {{gramática|m}}
# a [[quinto|quinta]] [[letra]] do [[alfabeto]] [[latino]] usado no português em sua forma em caixa alta
===Tradução===
{{tradini}}
* [[alfabeto|Alfabeto]] [[grego]]: [[Η]]
* [[braille|Braille]]: [[Imagem:Braille E5.svg|15px|clique aqui para ampliar a imagem]]
{{tradmeio}}
* [[linguagem|Linguagem]] de [[sinal|sinais]]: [[Imagem:Sign language E.svg|15px|clique aqui para ampliar a imagem]]
{{tradfim}}
==Ver também==
===No Wikcionário===
====Apêndices====
* [[Apêndice:Sistemas de escrita|alfabetos]]
{{Alfabeto Latino}}
[[Categoria:Substantivo (Português)]]
[[Categoria:Sistema de escrita latino]]
={{-univ-}}=
==Símbolo==
'''E'''
# {{escopo|univ|Música}} símbolo do [[acorde]] de [[mi maior]] ou da sua [[tonalidade]], a qual contém quatro sustenidos na sua armadura de clave
==Ver também==
===No Wikcionário===
{{tonalidades musicais/pt}}
[[Categoria:Símbolo da notação musical|E]]</text>
<sha1>3d7gdgi4pk6o6zmu2nzrb0eds9o379a</sha1>
</revision>
</page>
