<page>
<title>ea</title>
<ns>0</ns>
<id>54793</id>
<revision>
<id>2544853</id>
<parentid>2334782</parentid>
<timestamp>2019-05-22T23:48:29Z</timestamp>
<contributor>
<username>Leonardo José Raimundo</username>
<id>43489</id>
</contributor>
<comment>Eu estou melhorando a apresentação do verbete &quot;ea&quot;.</comment>
<model>wikitext</model>
<format>text/x-wiki</format>
<text bytes="2100" xml:space="preserve">={{-rup-}}=
==Pronome pessoal==
{{paroxítona|e|a|lang=rup}}
# [[ela]]
==Ver também==
===No Wikcionário===
{{decl.rup.pron.pessoal}}
[[Categoria:Pronome pessoal (Arromeno)]]
={{-la-}}=
==Pronome==
{{paroxítona|e|a|lang=la}}, ''feminino'': ''masculino'': [[is]]; ''neutro'': [[id]]
:# [[ela]]
:# [[esta]]
:# [[a]]
:# a coisa
:# [[aquela]]
=== Declinação ===
{| style=&quot;background-color: #fff8f8; border: 1px solid #8aa;&quot;
|+ 
|-
| rowspan=&quot;2&quot; colspan=&quot;2&quot; | 
| colspan=&quot;3&quot; bgcolor= #CDD align=center| '''singular'''
| colspan=&quot;3&quot; bgcolor= #CDD align=center| '''plural'''
|-
|bgcolor= #CDD align=center|'''Masculino'''
|bgcolor= #CDD align=center|'''Feminino'''
|bgcolor= #CDD align=center|'''Neutro'''
|bgcolor= #CDD align=center|'''Masculino'''
|bgcolor= #CDD align=center|'''Feminino'''
|bgcolor= #CDD align=center|'''Neutro'''
|-
| rowspan=&quot;5&quot; style=&quot;background-color: #ADF;&quot;| '''Casos'''
| style=&quot;background-color: #CDD;&quot;| '''Nominativo'''
| align=center|[[is]]
| align=center|[[ea]]
| align=center|[[id]]
| align=center|[[ii]]/[[ei]]
| align=center|[[eae]]
| align=center|[[ea]]
|-
| style=&quot;background-color: #CDD;&quot; | '''Genitivo'''
| align=center|[[ejus]]
| align=center|[[ejus]]
| align=center|[[ejus]]
| align=center|[[eorum]]
| align=center|[[earum]]
| align=center|[[eorum]]
|-
| style=&quot;background-color: #CDD;&quot; | '''Dativo'''
| align=center|[[ei]]
| align=center|[[ei]]
| align=center|[[ei]]
| align=center|[[iis]]/[[eis]]
| align=center|[[iis]]/[[eis]]
| align=center|[[iis]]/[[eis]]
|-
| style=&quot;background-color: #CDD;&quot; | '''Ablativo'''
| align=center|[[eo]]
| align=center|[[ea]]
| align=center|[[eo]]
| align=center|[[iis]]/[[eis]]
| align=center|[[iis]]/[[eis]]
| align=center|[[iis]]/[[eis]]
|-
| style=&quot;background-color: #CDD;&quot; | '''Acusativo'''
| align=center|[[eum]]
| align=center|[[eam]]
| align=center|[[id]]
| align=center|[[eos]]
| align=center|[[eas]]
| align=center|[[ea]]
|}
[[Categoria:Pronome (Latim)]]
==Advérbio==
'''ea''' ''de lugar''
:# por [[aquele]] [[lugar]]
==Outros Verbetes==
* [[ibi]] - [[ubi]] - [[inde]] - [[eo]]
[[Categoria:Advérbio (Latim)]]</text>
<sha1>0u0bn6t5ukicojkdl0elwilygjtbtyb</sha1>
</revision>
</page>
