<page>
<page>
<title>Eabhraigh</title>
<ns>0</ns>
<id>417031</id>
<revision>
<id>2565789</id>
<timestamp>2019-12-10T16:54:48Z</timestamp>
<contributor>
<username>Leonardo José Raimundo</username>
<id>43489</id>
</contributor>
<comment>Eu estou criando o nome &quot;Eabhraigh&quot;.</comment>
<model>wikitext</model>
<format>text/x-wiki</format>
<text bytes="203" xml:space="preserve">={{-ga-}}=
==Substantivo==
{{oxítona|E|a|bhraigh|lang=ga}}
# {{escopo|ga|Cristianismo|religião}} [[Hebreus]]
==Ver também==
===No Wikcionário===
{{bíblia/ga}}
[[Categoria:Substantivo (Irlandês)]]</text>
<sha1>olamckoysk2d2to15m7lilyscwvug84</sha1>
</revision>
