<page>
<page>
<title>each</title>
<ns>0</ns>
<id>4079</id>
<revision>
<id>2585971</id>
<parentid>2334784</parentid>
<timestamp>2020-04-17T20:42:12Z</timestamp>
<contributor>
<username>ValJor</username>
<id>1358</id>
</contributor>
<comment>Verbete [[:Categoria:!Página com idioma não informado em Predefinição:etimologia|sem indicação do idioma na seção de etimologia]]</comment>
<model>wikitext</model>
<format>text/x-wiki</format>
<text bytes="234" xml:space="preserve">={{-en-}}=
==Pronome==
'''each'''
# [[cada]]
===Expressões===
* [[each one]]
=={{etimologia|en}}==
: Do anglo-saxão ''[[æcl]]''.
=={{pronúncia|en}}==
* [[AFI]]: /ˈiːtʃ/
* [[X-SAMPA]]: /&quot;i:tS/
[[Categoria:Pronome (Inglês)]]</text>
<sha1>jsuhen10269pdczxnf2fvspfujl2bje</sha1>
</revision>
