<page>
<page>
<title>Eacuadór</title>
<ns>0</ns>
<id>51223</id>
<revision>
<id>2268156</id>
<parentid>2188980</parentid>
<timestamp>2017-04-26T16:46:35Z</timestamp>
<contributor>
<username>HydrizBot</username>
<id>29590</id>
</contributor>
<minor />
<comment>Robô: A limpar links interwikis antigos</comment>
<model>wikitext</model>
<format>text/x-wiki</format>
<text bytes="372" xml:space="preserve">[[Imagem:Flag of Ecuador.svg|thumb|145px|&lt;center&gt;'''Eacuadór'''&lt;/center&gt;]]
={{-ga-}}=
==Substantivo==
'''Ea.cua.dór''' {{pr}}
# {{escopo|Geografia}} [[Equador]].
==Ver também==
===No Wikcionário===
{{América/ga}}
[[Categoria:Substantivo (Irlandês)]]
[[Categoria:Trissílabo (Irlandês)]]
[[Categoria:País (Irlandês)]]
[[Categoria:Entrada com imagem (Irlandês)]]</text>
<sha1>t691xhkf9cwqwvb8kdzziux68vaao9u</sha1>
</revision>
