<page>
<page>
<title>Eacuador</title>
<ns>0</ns>
<id>134798</id>
<revision>
<id>2268155</id>
<parentid>2212336</parentid>
<timestamp>2017-04-26T16:46:33Z</timestamp>
<contributor>
<username>HydrizBot</username>
<id>29590</id>
</contributor>
<minor />
<comment>Robô: A limpar links interwikis antigos</comment>
<model>wikitext</model>
<format>text/x-wiki</format>
<text bytes="263" xml:space="preserve">={{-gd-}}=
==Substantivo==
'''Eacuador''', {{g|pr}}
#{{escopo|gd|País}} [[Equador]]
===Formas alternativas===
*[[Ecuador]]
*[[Poblachd Eacuador]]
==Ver também==
* {{Wikipédia|modelo=linha|lang=gd}}
{{América/gd}}
[[Categoria:Substantivo (Gaélico Escocês)]]</text>
<sha1>0qwfmroc2joqxr1itjv7bcg0wg69li9</sha1>
</revision>
