<page>
<title>ead</title>
<ns>0</ns>
<id>255372</id>
<revision>
<id>2334787</id>
<parentid>2037483</parentid>
<timestamp>2017-04-30T15:45:43Z</timestamp>
<contributor>
<username>HydrizBot</username>
<id>29590</id>
</contributor>
<minor />
<comment>Robô: A limpar links interwikis antigos</comment>
<model>wikitext</model>
<format>text/x-wiki</format>
<text bytes="219" xml:space="preserve">{{confundir|EAD}}
={{-ang-}}=
==Substantivo==
'''ead'''
# {{escopoUso|Poético|ang}} [[felicidade]], [[prosperidade]]
=={{etimologia|ang}}==
: Do proto-germânico ''*audaz''.
[[Categoria:Substantivo (Inglês Antigo)]]</text>
<sha1>5j3ltty9z76moofz34vtxg2anicymoa</sha1>
</revision>
</page>
