<page>
<title>eage</title>
<ns>0</ns>
<id>85294</id>
<revision>
<id>2589443</id>
<parentid>2492419</parentid>
<timestamp>2020-06-03T09:36:36Z</timestamp>
<contributor>
<username>ValJor</username>
<id>1358</id>
</contributor>
<minor />
<comment>Não me parece que precisemos dessa predefinição desc, a trad faz muito bem o serviço</comment>
<model>wikitext</model>
<format>text/x-wiki</format>
<text bytes="276" xml:space="preserve">={{-ang-}}=
==Substantivo==
'''ēage''', ''neutro, fraco''
# [[olho]]
===Declinação===
{{decl.ang.subst.fraca.neu|eag}}
===Descendentes===
{{caixa|Descendentes}}
* {{trad|en|eye|}}
{{fim}}
[[Categoria:Substantivo (Inglês Antigo)]]
[[Categoria:Anatomia (Inglês Antigo)]]</text>
<sha1>50ydnv2iotkejyb605eah8nt1988ez0</sha1>
</revision>
</page>
