<page>
<page>
<title>Eajipt</title>
<ns>0</ns>
<id>235442</id>
<revision>
<id>2268157</id>
<parentid>2188979</parentid>
<timestamp>2017-04-26T16:46:38Z</timestamp>
<contributor>
<username>HydrizBot</username>
<id>29590</id>
</contributor>
<minor />
<comment>Robô: A limpar links interwikis antigos</comment>
<model>wikitext</model>
<format>text/x-wiki</format>
<text bytes="133" xml:space="preserve">={{-gv-}}=
==Substantivo==
'''Eajipt'''
# [[Egito]]
{{página-automática|Maio|2010|Egito|gv}}
[[Categoria:Substantivo (Manquês)]]</text>
<sha1>dw4bi925jpmy5h1t8uklt137mhkwroq</sha1>
</revision>
