<page>
<title>earball</title>
<ns>0</ns>
<id>326115</id>
<revision>
<id>2334793</id>
<parentid>1960883</parentid>
<timestamp>2017-04-30T15:46:19Z</timestamp>
<contributor>
<username>HydrizBot</username>
<id>29590</id>
</contributor>
<minor />
<comment>Robô: A limpar links interwikis antigos</comment>
<model>wikitext</model>
<format>text/x-wiki</format>
<text bytes="181" xml:space="preserve">={{-gd-}}=
==Substantivo==
'''earball'''
# [[cauda]] (prolongamento posterior do corpo)
{{página-automática|junho|2014|cauda|gd}}
[[Categoria:Substantivo (Gaélico Escocês)]]</text>
<sha1>egvf39p6gfitw45gm5ki1q2gjkows4a</sha1>
</revision>
</page>
