<page>
<title>eard</title>
<ns>0</ns>
<id>360783</id>
<revision>
<id>2334794</id>
<parentid>2202939</parentid>
<timestamp>2017-04-30T15:46:21Z</timestamp>
<contributor>
<username>HydrizBot</username>
<id>29590</id>
</contributor>
<minor />
<comment>Robô: A limpar links interwikis antigos</comment>
<model>wikitext</model>
<format>text/x-wiki</format>
<text bytes="400" xml:space="preserve">={{-ang-}}=
==Substantivo==
{{flex.en|s=eard|p=eardas}}
'''eard''', {{m}}
# terra nativa, [[lar]], pátria, lugar de residência
# [[chão]], terreno, terra cultivada
# estado, país, região, terra
=={{etimologia|ang}}==
: Do proto-germânico ''*ardiz''. Confronte-se com o atual inglês {{etimo|en|erd}}.
==Ver também==
===No Wikcionário===
* [[herdade]]
[[Categoria:Substantivo (Português)]]</text>
<sha1>gujcgpuyf14dhu6o1zu5c2ff1gg8ejq</sha1>
</revision>
</page>
