<page>
<title>earl</title>
<ns>0</ns>
<id>117712</id>
<revision>
<id>2334795</id>
<parentid>2234003</parentid>
<timestamp>2017-04-30T15:46:25Z</timestamp>
<contributor>
<username>HydrizBot</username>
<id>29590</id>
</contributor>
<minor />
<comment>Robô: A limpar links interwikis antigos</comment>
<model>wikitext</model>
<format>text/x-wiki</format>
<text bytes="396" xml:space="preserve">={{-en-}}=
==Substantivo==
'''earl'''
# {{escopo|Inglaterra}} [[conde]]
=={{etimologia|en}}==
: Do inglês antigo ''eorl'' e este do proto-germânico ''*erlaz''e este de ''*erōn'' e este do proto-indo-europeu.
=={{pronúncia|en}}==
===Estados Unidos===
* AFI: /ɝl/
===Reino Unido===
* AFI: /ɜ:l/
==Anagramas==
# [[lare]]
# [[lear]]
# [[rale]]
# [[real]]
[[Categoria:Substantivo (Inglês)]]</text>
<sha1>amp2k6u8cen5081edhp8zk0is8m4eqk</sha1>
</revision>
</page>
