<page>
<page>
<title>earm</title>
<ns>0</ns>
<id>85309</id>
<revision>
<id>2334797</id>
<parentid>2122387</parentid>
<timestamp>2017-04-30T15:46:35Z</timestamp>
<contributor>
<username>HydrizBot</username>
<id>29590</id>
</contributor>
<minor />
<comment>Robô: A limpar links interwikis antigos</comment>
<model>wikitext</model>
<format>text/x-wiki</format>
<text bytes="441" xml:space="preserve">={{-ang-}}=
== Substantivo ==
'''earm''', ''masculino, forte''
# {{escopo|anatomia}} [[braço]].
=== Descendentes ===
{{tradini|De '''1'''}}
* {{en}}: {{xlatio|en|arm|}}
{{tradmeio}}
{{tradfim}}
=== Declinação ===
{{decl.ang.subst.forte.masc|earm}}
== Etimologia ==
: Do Germânico, ''[[*armaz]]''.
[[Categoria:Substantivo (Inglês Antigo)]]
[[Categoria:Anatomia (Inglês Antigo)]]
[[Categoria:Entrada com etimologia (Inglês Antigo)]]</text>
<sha1>fxeob2n91es4qfzlvrknykr8z4slc98</sha1>
</revision>
