<page>
<title>earring</title>
<ns>0</ns>
<id>432690</id>
<revision>
<id>2633930</id>
<parentid>2633546</parentid>
<timestamp>2021-05-13T03:34:17Z</timestamp>
<contributor>
<username>GabMarquetto</username>
<id>81219</id>
</contributor>
<model>wikitext</model>
<format>text/x-wiki</format>
<text bytes="417" xml:space="preserve">{{Wikipédia|lang=en}}
={{-en-}}=
==Substantivo==
{{flex.en|s=earring|p=earrings}}
'''earring'''
# [[brinco]]
=={{etimologia|en}}==
{{llietimo|enm|erering|en|ponto=não}} e este do {{etm|ang|en}} {{etimo|ang|earhring}}.
==Ver também==
===No Wikcionário===
{{verTambém.Ini}}
* [[ear]]
{{verTambém.NovaColuna}}
* [[ring]]
{{verTambém.Fim}}
[[Categoria:Vestuário (Inglês)]]
[[Categoria:Substantivo (Inglês)]]</text>
<sha1>m8znt45hjsijc8c7ueeogelvwp2pxf7</sha1>
</revision>
</page>
