<page>
<page>
<title>Earth</title>
<ns>0</ns>
<id>38429</id>
<revision>
<id>2476687</id>
<parentid>2268160</parentid>
<timestamp>2018-01-12T10:57:33Z</timestamp>
<contributor>
<username>ValJor</username>
<id>1358</id>
</contributor>
<comment>Acrescentando código de língua à [[:Categoria:!Página com mensagem de erro em predefinição|predefinição escopo]]</comment>
<model>wikitext</model>
<format>text/x-wiki</format>
<text bytes="3294" xml:space="preserve">{{Wikipédia|lang=en}}
{{Wikipédia|lang=simple}}
[[Imagem:The Earth seen from Apollo 17.jpg|thumb|250px|'''Earth''']]
{{ver também|earth}}
={{-en-}}=
==Substantivo==
'''Earth''', {{gramática|pr}}
# {{escopo|en|Astronomia}} [[Terra]], terceiro planeta do Sistema Solar a contar a partir do Sol, com órbita situada entre a de {{PEPB|Vénus|Vênus|inline=1}} e a de Marte:
#* ''The moon goes round the '''Earth'''.'' &lt;small&gt;(A lua gira em torno da Terra.)&lt;/small&gt;
# {{escopo|en|Religião}} {{escopo2|paganismo}} a [[deusa]] da Terra
===Expressões===
* '''{{link opcional|Earth Day|en}}''': {{escopo2|ecologia}} [[w:Dia da Terra|Dia da Terra]] ([[w:22 de Abril|22 de Abril]])
* '''{{link opcional|Earth Summit|en}}''': {{escopo2|ecologia, história}} [[w:ECO-92|ECO-92]]
* '''{{link opcional|hell on Earth|en}}''': {{escopo2|informal}} tormento, situação muito desagradável
===Verbetes derivados===
{{fraseini|Termos derivados de ''Earth''}}
* {{link opcional|Earthan|en}}
* {{link opcional|Earther|en}}
* {{link opcional|Earthian|en}}
* {{link opcional|Earthican|en}}
* {{link opcional|Earthite|en}}
{{verTambém.NovaColuna}}
* {{link opcional|earthlight|en}}
* {{link opcional|earthling|en}}
* {{link opcional|earthman|en}}
* {{link opcional|Earth Mother|en}}
* {{link opcional|earthrise|en}}
{{verTambém.NovaColuna}}
* {{link opcional|Earthscape|en}}
* {{link opcional|earth science|en}}
* {{link opcional|earth-shattering|en}}
* {{link opcional|earthshine|en}}
* {{link opcional|earthwoman|en}}
{{verTambém.NovaColuna}}
* {{link opcional|middle-earth|en}}
* {{link opcional|Middle-earth|en}}
* {{link opcional|Mother Earth|en}}
* {{link opcional|transearth|en}}
{{frasefim}}
=={{etimologia|en}}==
{{llietimo|ang|eorþe|en|ponto=não}}, pelo {{etm|enm|en}} {{etimo|enm|erthe}}.
:* '''Datação''': [[anterior]] ao [[w:Século XII|século XII]]
=={{pronúncia|en}}==
===Estados Unidos===
* [[AFI]]: {{AFI|/ˈɝːθ/}}
* [[X-SAMPA]]: /&quot;3`:T/
: '''Áudio''': {{ouvir|En-us-earth.ogg|&quot;Earth&quot; (Estados Unidos)}}
===Reino Unido===
* [[AFI]]: {{AFI|/ˈɜːθ/}}
* [[X-SAMPA]]: /&quot;3:T/
==Ver também==
===No Wikcionário===
{{verTambém.Ini}}
* [[Apêndice:Sistema Solar]]
{{confr|earth}}
{{verTambém.NovaColuna|33}}
* {{link opcional|planet|en}}
* [[star#{{en}}|star]]
{{verTambém.NovaColuna|33}}
* {{link opcional|solar system|en}}
{{verTambém.Fim}}
{{sistema solar/en}}
===Referências===
{{verTambém.Ini}}
* {{#ifeq: s|n||&lt;span style=&quot;color:#555;&quot;&gt;(em inglês)&lt;/span&gt;}} “[http://dictionary.cambridge.org/dictionary/learner-english/word_1?q={{urlencode:{{PAGENAME}}}} {{PAGENAME}}]” in ''[[w:en:Cambridge_Advanced_Learner's_Dictionary|Cambridge Advanced Learner's Dictionary]]'', [[w:Cambridge_University_Press|Cambridge University Press]]. {{#if: | Consultado em {{{data}}}.}}
* {{#ifeq: s|n||&lt;span style=&quot;color:#555;&quot;&gt;(em inglês)&lt;/span&gt;}}&amp;nbsp;“[http://www.merriam-webster.com/dictionary/{{urlencode:{{PAGENAME}}}} {{PAGENAME}}]” in ''[[w:Merriam-Webster|Merriam-Webster Online Dictionary]]'', Merriam-Webster Online. {{#if: | Consultado em {{{data}}}.}}
{{verTambém.Fim}}
[[Categoria:Substantivo (Inglês)]]
[[Categoria:Monossílabo (Inglês)]]
[[Categoria:Século XII (Inglês)]]
[[Categoria:Entrada com áudio (Inglês)]]
[[Categoria:Entrada com imagem (Inglês)]]</text>
<sha1>8qe5wgwoywopvtunqd2wreeoxuqwhu0</sha1>
</revision>
