<page>
<title>Earthling</title>
<ns>0</ns>
<id>327164</id>
<revision>
<id>2268161</id>
<parentid>1833702</parentid>
<timestamp>2017-04-26T16:46:54Z</timestamp>
<contributor>
<username>HydrizBot</username>
<id>29590</id>
</contributor>
<minor />
<comment>Robô: A limpar links interwikis antigos</comment>
<model>wikitext</model>
<format>text/x-wiki</format>
<text bytes="132" xml:space="preserve">={{-en-}}=
==Substantivo==
'''Earthling'''
# [[terráqueo]].
[[Categoria:Substantivo (Inglês)]]
[[Categoria:Gentílico (Inglês)]]</text>
<sha1>nc0eqaiebmzw7zckep68e71lsr41iwb</sha1>
</revision>
</page>
