<page>
<page>
<title>earwax</title>
<ns>0</ns>
<id>433041</id>
<revision>
<id>2630540</id>
<timestamp>2021-04-14T05:21:43Z</timestamp>
<contributor>
<ip>170.150.194.154</ip>
</contributor>
<comment>[[Ajuda:Guia de edição/Menus e ferramentas/Sumário de edição|→]] nova página: ={{-en-}}= ==Substantivo== '''earwax''' ''incontável'' # [[cera]] de [[ouvido]]  Categoria:Substantivo (In...</comment>
<model>wikitext</model>
<format>text/x-wiki</format>
<text bytes="117" xml:space="preserve">={{-en-}}=
==Substantivo==
'''earwax''' ''incontável''
# [[cera]] de [[ouvido]]
[[Categoria:Substantivo (Inglês)]]</text>
<sha1>5ol8470g7eag64fyxlofw7iot11sbcl</sha1>
</revision>
