<page>
<page>
<title>Easdras</title>
<ns>0</ns>
<id>416206</id>
<revision>
<id>2563482</id>
<timestamp>2019-11-26T22:44:16Z</timestamp>
<contributor>
<username>Leonardo José Raimundo</username>
<id>43489</id>
</contributor>
<comment>Eu estou criando o nome &quot;Easdras&quot;.</comment>
<model>wikitext</model>
<format>text/x-wiki</format>
<text bytes="203" xml:space="preserve">={{-ga-}}=
==Substantivo==
{{paroxítona|E|as|dras|lang=ga}}
# {{escopo|ga|Cristianismo|religião}} [[Esdras]]
==Ver também==
===No Wikcionário===
{{bíblia/ga}}
[[Categoria:Substantivo (Irlandês)]]</text>
<sha1>t4f14iicauinmwtwqrvi13ui9g842lx</sha1>
</revision>
