<page>
<page>
<title>easiness</title>
<ns>0</ns>
<id>349783</id>
<revision>
<id>2334802</id>
<parentid>2105383</parentid>
<timestamp>2017-04-30T15:47:03Z</timestamp>
<contributor>
<username>HydrizBot</username>
<id>29590</id>
</contributor>
<minor />
<comment>Robô: A limpar links interwikis antigos</comment>
<model>wikitext</model>
<format>text/x-wiki</format>
<text bytes="215" xml:space="preserve">={{-en-}}=
==Substantivo==
'''easiness''' (''geralmente incontável, plural [[easinesses]]'')
# [[facilidade]]
=={{etimologia|en}}==
:{{escopo|Morfologia}} [[easy]] +‎ [[-ness]]
[[Categoria:Substantivo (Inglês)]]</text>
<sha1>a4iad2aa4fivee3yw0slo8xobskui6j</sha1>
</revision>
