<page>
<title>Eastonia</title>
<ns>0</ns>
<id>134943</id>
<revision>
<id>1639211</id>
<parentid>1545367</parentid>
<timestamp>2013-02-01T14:23:59Z</timestamp>
<contributor>
<username>MalafayaBot</username>
<id>628</id>
</contributor>
<minor />
<comment>Removendo categoria Topónimo de entradas já na respetiva categoria País</comment>
<model>wikitext</model>
<format>text/x-wiki</format>
<text bytes="307" xml:space="preserve">={{-gd-}}=
==Substantivo==
'''Eastonia''', {{pr}}
#{{escopo|Geografia}} [[Estônia]]
===Variantes===
*[[Eastòinia]]
*[[An Eastoin]]
*[[An Eastoinia]]
*[[Eastònia]]
*[[Poblachd Eastòinia]]
==Ver também==
{{Europa/gd}}
[[Categoria:Substantivo (Gaélico Escocês)]]
[[Categoria:País (Gaélico Escocês)]]</text>
<sha1>m6hdrkd54ahsejlcuvc67ukg45oryvo</sha1>
</revision>
</page>
