<page>
<page>
<title>Eastenryk</title>
<ns>0</ns>
<id>134082</id>
<revision>
<id>2268167</id>
<parentid>1795506</parentid>
<timestamp>2017-04-26T16:47:09Z</timestamp>
<contributor>
<username>HydrizBot</username>
<id>29590</id>
</contributor>
<minor />
<comment>Robô: A limpar links interwikis antigos</comment>
<model>wikitext</model>
<format>text/x-wiki</format>
<text bytes="182" xml:space="preserve">={{-fy-}}=
==Substantivo==
'''Eastenryk''', {{pr}}
#{{escopo|Geografia}} [[Áustria]]
==Ver também==
{{Europa/fy}}
[[Categoria:Substantivo (Frísio)]]
[[Categoria:País (Frísio)]]</text>
<sha1>s8wbgxd3mieb5a3uaaf9hwxcopywzzr</sha1>
</revision>
