<page>
<title>Easter</title>
<ns>0</ns>
<id>60948</id>
<revision>
<id>2652902</id>
<parentid>2268168</parentid>
<timestamp>2021-11-20T20:23:17Z</timestamp>
<contributor>
<username>ValJor</username>
<id>1358</id>
</contributor>
<comment>Substituindo a [[Especial:Páginas_afluentes/Predefinição:escopoCatLang|predefinição escopoCatLang]] por escopo</comment>
<model>wikitext</model>
<format>text/x-wiki</format>
<text bytes="855" xml:space="preserve">={{-en-}}=
==Substantivo==
'''East.er'''
# {{escopo|en|Cristianismo}} [[Páscoa]]
# [[vento]] que vem do [[leste]]
===Expressões===
* '''[[Easter egg]]''': {{escopoClasseMorfo|locução substantiva}}
* '''[[Easter Bunny]]''': {{escopoClasseMorfo|loc. subst.}}
* '''[[Easter Monday]]''': {{escopoClasseMorfo|loc. subst.}}
* '''[[Easter Sunday]]''': {{escopoClasseMorfo|loc. subst.}}
===Sinônimos===
De '''2''' (vento do leste):
* [[east wind]]
* [[easterly]]
==Ver também==
===No Wikcionário===
{{verTambém.Ini}}
{{verTambém.Confrontar|Páscoa|Pessach}}
* [[easter-bonnet]]
* [[Good Friday]]
* [[Maundy Thursday]]
* [[nor-easter]]
* [[north-easter]]
* [[pace]]
{{verTambém.NovaColuna|50}}
* [[Palm Sunday]]
* [[Pasch]]
* [[Passion Sunday]]
* [[Passover]]
* [[pre-easter]]
* [[south-easter]]
{{verTambém.Fim}}
[[Categoria:Substantivo (Inglês)]]</text>
<sha1>mgfhpiee9yoj8brxi1dp33s8qs3nzgj</sha1>
</revision>
</page>
