<page>
<page>
<title>Eastóin</title>
<ns>0</ns>
<id>140486</id>
<revision>
<id>2268175</id>
<parentid>2108754</parentid>
<timestamp>2017-04-26T16:47:28Z</timestamp>
<contributor>
<username>HydrizBot</username>
<id>29590</id>
</contributor>
<minor />
<comment>Robô: A limpar links interwikis antigos</comment>
<model>wikitext</model>
<format>text/x-wiki</format>
<text bytes="254" xml:space="preserve">={{-ga-}}=
{{Wikipédia|lang=ga}}
==Substantivo==
'''An Eastóin''', {{pr}}
#{{escopo|Geografia}} [[Estônia]]
===Variante===
*[[Poblacht na hEastóine]]
==Ver também==
{{Europa/ga}}
[[Categoria:Substantivo (Irlandês)]]
[[Categoria:País (Irlandês)]]</text>
<sha1>7hakzi2pqil9gan7x5znecv9l24t2sl</sha1>
</revision>
