<page>
<page>
<title>eatable</title>
<ns>0</ns>
<id>396474</id>
<revision>
<id>2504958</id>
<timestamp>2018-05-29T22:55:35Z</timestamp>
<contributor>
<username>Askekamo</username>
<id>60711</id>
</contributor>
<comment>[[Ajuda:Guia de edição/Menus e ferramentas/Sumário de edição|→]] nova página: ={{-en-}}= ==Adjetivo== '''eatable''' # [[comível]]  [[Categoria:Adjetivo (Português)]]</comment>
<model>wikitext</model>
<format>text/x-wiki</format>
<text bytes="89" xml:space="preserve">={{-en-}}=
==Adjetivo==
'''eatable'''
# [[comível]]
[[Categoria:Adjetivo (Português)]]</text>
<sha1>c2hvk8f7sr0zxysxrv0kug7iric4q46</sha1>
</revision>
