<page>
<page>
<title>eaten</title>
<ns>0</ns>
<id>263905</id>
<revision>
<id>2334806</id>
<parentid>1882170</parentid>
<timestamp>2017-04-30T15:47:34Z</timestamp>
<contributor>
<username>HydrizBot</username>
<id>29590</id>
</contributor>
<minor />
<comment>Robô: A limpar links interwikis antigos</comment>
<model>wikitext</model>
<format>text/x-wiki</format>
<text bytes="135" xml:space="preserve">={{-en-}}=
==Forma verbal==
'''eaten'''
#passado[[particípio]] do verbo '''[[eat#{{en}}|eat]]'''
[[Categoria:Forma verbal (Inglês)]]</text>
<sha1>3vth9bxcdjb7qdjqpp6hnc9ylw871iw</sha1>
</revision>
