<page>
<page>
<title>eater</title>
<ns>0</ns>
<id>433556</id>
<revision>
<id>2632827</id>
<timestamp>2021-05-02T19:03:57Z</timestamp>
<contributor>
<username>GabMarquetto</username>
<id>81219</id>
</contributor>
<comment>[[Ajuda:Guia de edição/Menus e ferramentas/Sumário de edição|→]] nova página: ={{-en-}}= ==Substantivo== {{flex.en|s=eater|p=eaters}} '''eater''' # [[comedor]]  =={{etimologia|en}}== :{{e...</comment>
<model>wikitext</model>
<format>text/x-wiki</format>
<text bytes="182" xml:space="preserve">={{-en-}}=
==Substantivo==
{{flex.en|s=eater|p=eaters}}
'''eater'''
# [[comedor]]
=={{etimologia|en}}==
:{{escopo|Morfologia}} [[eat]] + [[-er]]
[[Categoria:Substantivo (Inglês)]]</text>
<sha1>by3vjzpi4xyhhdexd27210gvje6qlci</sha1>
</revision>
