<page>
<title>eating</title>
<ns>0</ns>
<id>263904</id>
<revision>
<id>2334807</id>
<parentid>1900336</parentid>
<timestamp>2017-04-30T15:47:39Z</timestamp>
<contributor>
<username>HydrizBot</username>
<id>29590</id>
</contributor>
<minor />
<comment>Robô: A limpar links interwikis antigos</comment>
<model>wikitext</model>
<format>text/x-wiki</format>
<text bytes="127" xml:space="preserve">={{-en-}}=
==Forma verbal==
'''eating'''
#[[gerúndio]] do verbo '''[[eat#{{en}}|eat]]'''
[[Categoria:Forma verbal (Inglês)]]</text>
<sha1>8kwheo7bqho4ukpt043v8qkweopc17j</sha1>
</revision>
</page>
