<page>
<page>
<title>eau</title>
<ns>0</ns>
<id>5251</id>
<revision>
<id>2440006</id>
<parentid>2440005</parentid>
<timestamp>2017-07-25T00:26:40Z</timestamp>
<contributor>
<username>Askekamo</username>
<id>60711</id>
</contributor>
<model>wikitext</model>
<format>text/x-wiki</format>
<text bytes="133" xml:space="preserve">={{-fr-}}=
==Substantivo==
{{flex.fr|fs=eau|fp=eaux}}
'''eau''', {{gramática|f|s}}
# [[água]]
[[Categoria:Substantivo (Francês)]]</text>
<sha1>9hlkau43tcvsjdp3bfa0bdjnm3g8k72</sha1>
</revision>
