<page>
<page>
<title>EB</title>
<ns>0</ns>
<id>322243</id>
<revision>
<id>2567554</id>
<parentid>2567543</parentid>
<timestamp>2019-12-20T08:16:56Z</timestamp>
<contributor>
<username>MIL973</username>
<id>41339</id>
</contributor>
<model>wikitext</model>
<format>text/x-wiki</format>
<text bytes="450" xml:space="preserve">={{-pt-}}=
==Sigla==
'''EB''', {{gramática|m}}
# {{escopo|pt|Brasil|militar|segurança}} [[w:Exército Brasileiro|'''E'''xército '''B'''rasileiro]]
==Ver também==
===No Wikcionário===
{{colunas|2}}
* [[brasileiro]]
* [[exército]]
{{colunas/fim}}
====Siglas====
{{colunas|2}}
* [[EP]]
* [[FAB]]
* [[FAP]]
* [[MB]]
* [[MP]]
{{colunas/fim}}
==Ligações externas==
* [http://www.eb.mil.br/ Exército Brasileiro]
[[Categoria:Sigla (Português)]]</text>
<sha1>fl0es9gsy3j5djvvsqh6mlik5pchmrf</sha1>
</revision>
