<page>
<page>
<title>ebano</title>
<ns>0</ns>
<id>226439</id>
<revision>
<id>2334812</id>
<parentid>1866113</parentid>
<timestamp>2017-04-30T15:48:06Z</timestamp>
<contributor>
<username>HydrizBot</username>
<id>29590</id>
</contributor>
<minor />
<comment>Robô: A limpar links interwikis antigos</comment>
<model>wikitext</model>
<format>text/x-wiki</format>
<text bytes="126" xml:space="preserve">{{Wikipédia|lang=it}}
={{-it-}}=
==Substantivo==
'''ebano''', {{p|ebani}}
# [[ébano]]
[[Categoria:Substantivo (Italiano)]]</text>
<sha1>g7ea9ypevp0m022pes7l1dz0myz5k20</sha1>
</revision>
