<page>
<page>
<title>ebanista</title>
<ns>0</ns>
<id>423723</id>
<revision>
<id>2588100</id>
<timestamp>2020-05-17T01:27:18Z</timestamp>
<contributor>
<username>Ddantasu</username>
<id>76569</id>
</contributor>
<comment>[[Ajuda:Guia de edição/Menus e ferramentas/Sumário de edição|→]] nova página: ={{-pt-}}= ==Substantivo== {{flex.pt|s=ebanista|p=ebanistas}} {{paroxítona|e|ba|nis|ta}}, {{gramática|c2g}}...</comment>
<model>wikitext</model>
<format>text/x-wiki</format>
<text bytes="718" xml:space="preserve">={{-pt-}}=
==Substantivo==
{{flex.pt|s=ebanista|p=ebanistas}}
{{paroxítona|e|ba|nis|ta}}, {{gramática|c2g}}
# {{escopo|pt|Arcaísmo}} aquele que trabalha com [[ébano]], [[ensamblador]], [[entalhador]] 
#* '''1936''', [[w:Sérgio Buarque de Holanda|Sérgio Buarque de Holanda]], Raízes do Brasil:
#*: ''Seguiam-se a esses os grêmios de seleiros e fabricantes de jaezes e guarnições, dos fundidores, dos '''ebanistas''', carpinteiros, alarifes, alvanéis, curtidores, surradores de couro, cerieiros, luveiros, chapineiros, alfaiates ou costureiros (os brancos com a confraria de São Francisco, o Grande), confeiteiros e pasteleiros.''
[[Categoria:Substantivo (Português)]]
[[Categoria:Profissão (Português)]]</text>
<sha1>mtistr7jwtz1769iwwjh075ei7p0mdl</sha1>
</revision>
