<page>
<page>
<title>ebani</title>
<ns>0</ns>
<id>87943</id>
<revision>
<id>2334811</id>
<parentid>1762335</parentid>
<timestamp>2017-04-30T15:48:02Z</timestamp>
<contributor>
<username>HydrizBot</username>
<id>29590</id>
</contributor>
<minor />
<comment>Robô: A limpar links interwikis antigos</comment>
<model>wikitext</model>
<format>text/x-wiki</format>
<text bytes="281" xml:space="preserve">={{-it-}}=
==Forma de substantivo==
'''ebani''' ''masculino''
#plural de '''[[ebano]]'''.
={{-goh-}}=
==Substantivo==
'''ebanī''' ''feminino''
#[[igualdade]]
#[[plano]], [[planície]]
[[Categoria:Forma de substantivo (Italiano)]]
[[Categoria:Substantivo  (Alto Alemão Antigo)]]</text>
<sha1>c8cedcaansgljlzg0vbp69w60l3nodd</sha1>
</revision>
