<page>
<title>Ebbe</title>
<ns>0</ns>
<id>259543</id>
<revision>
<id>2268176</id>
<parentid>1623536</parentid>
<timestamp>2017-04-26T16:47:31Z</timestamp>
<contributor>
<username>HydrizBot</username>
<id>29590</id>
</contributor>
<minor />
<comment>Robô: A limpar links interwikis antigos</comment>
<model>wikitext</model>
<format>text/x-wiki</format>
<text bytes="181" xml:space="preserve">={{-de-}}=
==Substantivo==
'''Ebbe''', {{f}} (''[[genitivo]]'': [[Ebbe]], ''plural'': [[Ebben]])
#[[maré]] [[baixa]]
===Antônimo===
*[[Flut]]
[[Categoria:Substantivo (Alemão)]]</text>
<sha1>g4fgq3vf1zilylgk9y8ys1qff7juxqh</sha1>
</revision>
</page>
