<page>
<title>EBC</title>
<ns>0</ns>
<id>299760</id>
<revision>
<id>2690294</id>
<parentid>2660714</parentid>
<timestamp>2022-10-26T03:34:35Z</timestamp>
<contributor>
<username>InternetArchiveBot</username>
<id>81604</id>
</contributor>
<comment>Rescuing 1 sources and tagging 0 as dead.) #IABot (v2.0.9.2</comment>
<model>wikitext</model>
<format>text/x-wiki</format>
<text bytes="1006" xml:space="preserve">={{-pt-}}=
==Sigla==
'''EBC'''
# {{escopo|pt|Brasil|comunicação|política|telecomunicações}} sigla para [[w:Empresa Brasil de Comunicação|'''E'''mpresa '''B'''rasil de '''C'''omunicação]]
==Ver também==
===No Wikcionário===
{{colunas|3}}
* [[Brasil]]
* [[comunicação]]
* [[empresa]]
{{colunas/fim}}
====Expressões====
* [[Voz do Brasil]]
====Siglas====
{{colunas|2}}
* [[AM]]
* [[Anatel]]
* [[ANATEL]]
* [[FM]]
* [[OC]]
* [[RF]]
{{colunas/fim}}
====Wikisaurus====
{{colunas|2}}
* [[Wikisaurus:comunicação|comunicação]]
* [[Wikisaurus:política|política]]
{{colunas/fim}}
==Ligações externas==
* [http://agenciabrasil.ebc.com.br/ Agência Brasil]
* [http://www.ebc.com.br/ Portal EBC]
* [http://radioagencianacional.ebc.com.br/ Radioagência Nacional]
* [http://radios.ebc.com.br/ Rádios EBC]
* [http://tvbrasil.ebc.com.br/ TV Brasil]
* [https://web.archive.org/web/20130808154445/http://tvbrasil.ebc.com.br/internacional/ TV Brasil Internacional]
[[Categoria:Sigla (Português)]]</text>
<sha1>s0my05ze082xmj0n9l8w9nzk1ul16yb</sha1>
</revision>
</page>
