<page>
<page>
<title>ebhegero</title>
<ns>0</ns>
<id>36128</id>
<revision>
<id>1379381</id>
<parentid>657876</parentid>
<timestamp>2012-02-20T23:56:24Z</timestamp>
<contributor>
<username>MalafayaBot</username>
<id>628</id>
</contributor>
<minor />
<comment>Robô: Substituição de texto automática  (-^\=(\s*?)(\{\{ikz\}\}|Ikizo)(\s*?)\= +={{-ikz-}}=)</comment>
<model>wikitext</model>
<format>text/x-wiki</format>
<text bytes="101" xml:space="preserve">={{-ikz-}}=
==Substantivo==
'''ebhegero'''
# [[pote]]
# [[vaso]]
[[Categoria:Substantivo ({{ikz}})]]</text>
<sha1>qa63ix8f2divp000q6pqmtf4hxao24b</sha1>
</revision>
