<page>
<page>
<title>ebi</title>
<ns>0</ns>
<id>186214</id>
<revision>
<id>2334815</id>
<parentid>2218797</parentid>
<timestamp>2017-04-30T15:48:15Z</timestamp>
<contributor>
<username>HydrizBot</username>
<id>29590</id>
</contributor>
<minor />
<comment>Robô: A limpar links interwikis antigos</comment>
<model>wikitext</model>
<format>text/x-wiki</format>
<text bytes="108" xml:space="preserve">={{-ja-}}=
==Transliteração==
# transliteração de [[えび]]
[[Categoria:Transliteração (Japonês)]]</text>
<sha1>1bftji0x6t8y7wdgembzy4d5efv7vbz</sha1>
</revision>
