<page>
<title>ebionitismi</title>
<ns>0</ns>
<id>239337</id>
<revision>
<id>2657255</id>
<parentid>910074</parentid>
<timestamp>2022-01-07T08:12:57Z</timestamp>
<contributor>
<username>ValJor</username>
<id>1358</id>
</contributor>
<comment>Já fazia mais de dez anos que ninguém atualizava esse verbete</comment>
<model>wikitext</model>
<format>text/x-wiki</format>
<text bytes="137" xml:space="preserve">={{-fi-}}=
==Substantivo==
'''ebionitismi'''
# [[ebionismo]]
[[Categoria:Substantivo (Finlandês)]]
[[Categoria:Religião (Finlandês)]]</text>
<sha1>ra4fs6on1zb1fapup1ytxtiri8osql7</sha1>
</revision>
</page>
