<page>
<page>
<title>ebionizmas</title>
<ns>0</ns>
<id>239450</id>
<revision>
<id>2658349</id>
<parentid>910192</parentid>
<timestamp>2022-01-21T08:20:36Z</timestamp>
<contributor>
<username>ValJor</username>
<id>1358</id>
</contributor>
<comment>Já fazia mais de dez anos que ninguém atualizava esse verbete</comment>
<model>wikitext</model>
<format>text/x-wiki</format>
<text bytes="130" xml:space="preserve">={{-lt-}}=
==Substantivo==
'''ebionizmas'''
# [[ebionismo]]
[[Categoria:Substantivo (Lituano)]]
[[Categoria:Religião (Lituano)]]</text>
<sha1>hbtut7o3jeh6w5y3we8d2iezuqb0ih0</sha1>
</revision>
