<page>
<page>
<title>ebionismo</title>
<ns>0</ns>
<id>47162</id>
<revision>
<id>2660786</id>
<parentid>2065852</parentid>
<timestamp>2022-02-21T21:14:36Z</timestamp>
<contributor>
<username>ValJor</username>
<id>1358</id>
</contributor>
<comment>Substituindo a [[Especial:Páginas_afluentes/Predefinição:escopoCat|predefinição escopoCat]] por escopo</comment>
<model>wikitext</model>
<format>text/x-wiki</format>
<text bytes="743" xml:space="preserve">{{Wikipédia|lang=pt}}
{{Wikipédia|lang=es}}
={{-pt-}}=
==Substantivo==
{{flex.pt|ms=ebionismo|mp=ebionismos}}
{{paroxítona|e|bi|o|nis|mo}}, {{gramática|m}}
# {{escopo|pt|Religião}} [[doutrina]] [[herético|herética]] do [[século]] VI, que [[negar|negava]] a [[divindade]] de [[Jesus]]
===Tradução===
{{tradini}}
* {{trad|es|ebionismo}}
* {{trad|fi|ebionitismi}}
{{tradmeio}}
* {{trad|ia|ebionitismo}}
* {{trad|lt|ebionizmas}}
{{tradfim}}
=={{etimologia|pt}}==
{{llietimo|hbo|אביונים|pt|[[pobre]]s|ponto=não}} + [[-ismo]].
[[Categoria:Substantivo (Português)]]
={{-es-}}=
==Substantivo==
'''ebionismo''', {{gramática|m}}
# {{escopo|es|Religião}} [[ebionismo#Português|ebionismo]]
[[Categoria:Substantivo (Espanhol)]]</text>
<sha1>iomdvl4328lxnz9pe37vsfc4z53emwe</sha1>
</revision>
