<page>
<page>
<title>ebocuei</title>
<ns>0</ns>
<id>62850</id>
<revision>
<id>1372057</id>
<parentid>249856</parentid>
<timestamp>2012-02-01T11:33:35Z</timestamp>
<contributor>
<username>MalafayaBot</username>
<id>628</id>
</contributor>
<minor />
<comment>Robô: Substituição de texto automática  (-^\=(\s*?)(\{\{tu\}\}|Tupi)(\s*?)\= +={{-tu-}}=)</comment>
<model>wikitext</model>
<format>text/x-wiki</format>
<text bytes="134" xml:space="preserve">={{-tu-}}=
==Pronome==
'''e.bo.cu.ei''' ''demonstrativo''
:# [[esse]]/[[essa]]
:# [[aquele]]/[[aquela]]
[[Categoria:Pronome (Tupi)]]</text>
<sha1>egtxdmcxhaq8h0n0g9opru7w2zom8u5</sha1>
</revision>
