<page>
<page>
<title>ebok</title>
<ns>0</ns>
<id>15342</id>
<revision>
<id>2334817</id>
<parentid>2071912</parentid>
<timestamp>2017-04-30T15:48:21Z</timestamp>
<contributor>
<username>HydrizBot</username>
<id>29590</id>
</contributor>
<minor />
<comment>Robô: A limpar links interwikis antigos</comment>
<model>wikitext</model>
<format>text/x-wiki</format>
<text bytes="94" xml:space="preserve">={{-na-}}=
==Substantivo==
'''ebok'''
# [[água|Água]].
[[Categoria:Substantivo (Nauruano)]]</text>
<sha1>0zce38qaob7tiaoavuxqu7yyox5osdi</sha1>
</revision>
