<page>
<page>
<title>ebolavírus</title>
<ns>0</ns>
<id>372754</id>
<revision>
<id>2225865</id>
<parentid>2225535</parentid>
<timestamp>2017-01-20T20:16:37Z</timestamp>
<contributor>
<username>Jéssica S. Ciqueira</username>
<id>53180</id>
</contributor>
<model>wikitext</model>
<format>text/x-wiki</format>
<text bytes="776" xml:space="preserve">={{-pt-}}=
==Substantivo==
{{paroxítona|e|bo|la|ví|rus}}, {{gramática|m}}
# agente virótico que produz proteína que ocasiona a perda de sangue através das paredes dos vasos e mortalidade
#: '''2014''', Kenneth Murphy, ''Imunobiologia de Janeway - 8.ed.'', Artmed Editora, página: 445
#*: ''O '''ebolavírus''' causa febre hemorrágica''
#: '''2005''', Fermin Roland Schramm, ''Bioética, riscos e proteção'', Editora UFRJ, página: 37
#*: ''uma série de enfermidades emergentes como as provocadas por hantavírus, '''ebolavírus'''''
#* ''Cientistas acreditam que os hospedeiros originais do '''ebolavírus''' sejam morcegos frutívoros'' (artigo da Revista Exame de 5 agosto de 2014)
===Sinônimos===
* De '''1''': [[ebola]]
[[Categoria:Substantivo (Português)]]</text>
<sha1>g3mxwf3e5rvdyn5mfe90zfz0escc71g</sha1>
</revision>
