<page>
<title>eborense</title>
<ns>0</ns>
<id>1219</id>
<revision>
<id>2202064</id>
<parentid>2042000</parentid>
<timestamp>2016-11-27T19:26:18Z</timestamp>
<contributor>
<username>Defender</username>
<id>15952</id>
</contributor>
<model>wikitext</model>
<format>text/x-wiki</format>
<text bytes="723" xml:space="preserve">={{-pt-}}=
==Adjetivo==
{{flex.pt|s=eborense|p=eborenses|s-div=e.bo.&lt;u&gt;ren&lt;/u&gt;.se|p-div=e.bo.&lt;u&gt;ren&lt;/u&gt;.ses}}
{{paroxítona|e|bo|ren|se}}, {{g|c2g}}
# que é da cidade portuguesa de Évora ou dos seus habitantes
==Substantivo==
{{flex.pt|s=eborense|p=eborenses|s-div=e.bo.&lt;u&gt;ren&lt;/u&gt;.se|p-div=e.bo.&lt;u&gt;ren&lt;/u&gt;.ses}}
{{paroxítona|e|bo|ren|se}}, {{g|c2g}}
# [[natural]] ou [[habitante]] de Évora
=={{etimologia|pt}}==
{{llietimo|la|eborensis|pt}}
=={{pronúncia|pt}}==
===Brasil===
;Carioca
* AFI: {{AFI|/e.bo.ˈɾe͂.si/}}
* X-SAMPA: /e.bo.4e~.si/
==Ver também==
===Na Wikipédia===
* [[:w:Évora|Évora]]
[[Categoria:Adjetivo (Português)]]
[[Categoria:Substantivo (Português)]]
[[Categoria:Gentílico (Português)]]</text>
<sha1>fkf2k84ayted5c6gn6guuxc8nn1wofn</sha1>
</revision>
</page>
