<page>
<page>
<title>Ebrei</title>
<ns>0</ns>
<id>377534</id>
<revision>
<id>2547884</id>
<parentid>2268177</parentid>
<timestamp>2019-06-29T01:22:02Z</timestamp>
<contributor>
<username>Leonardo José Raimundo</username>
<id>43489</id>
</contributor>
<comment>Eu estou colocando a seção &quot;No Wikcionário&quot; e a versão em corso do nome &quot;Ebrei&quot;.</comment>
<model>wikitext</model>
<format>text/x-wiki</format>
<text bytes="393" xml:space="preserve">={{-co-}}=
==Substantivo==
{{oxítona|E|brei|lang=co}}
# {{escopo|co|Cristianismo|religião}} [[Hebreus]]
==Ver também==
===No Wikcionário===
{{bíblia/co}}
[[Categoria:Substantivo (Corso)]]
={{-it-}}=
==Substantivo==
{{oxítona|E|brei|lang=it}}
# {{escopo|it|Cristianismo|religião}} [[Hebreus]]
==Ver também==
===No Wikcionário===
{{bíblia/it}}
[[Categoria:Substantivo (Italiano)]]</text>
<sha1>q51c8410zrjfsnk2agb79yykmjmpfun</sha1>
</revision>
