<page>
<page>
<title>Ebrejiem</title>
<ns>0</ns>
<id>362626</id>
<revision>
<id>2536891</id>
<parentid>2268178</parentid>
<timestamp>2019-02-20T03:36:53Z</timestamp>
<contributor>
<username>Leonardo José Raimundo</username>
<id>43489</id>
</contributor>
<comment>Eu estou colocando a quantidade de sílabas e a prosódia em letão do nome &quot;Ebrejiem&quot;, as categorias [[Categoria:Cristianismo|Cristianismo]] e [[Categoria:Religião|Religião]] na predefinição do escopo e a seção &quot;No Wikcionário&quot;.</comment>
<model>wikitext</model>
<format>text/x-wiki</format>
<text bytes="202" xml:space="preserve">={{-lv-}}=
==Substantivo==
{{paroxítona|E|bre|jiem|lang=lv}}
# {{escopo|lv|Cristianismo|religião}} [[Hebreus]]
==Ver também==
===No Wikcionário===
{{bíblia/lv}}
[[Categoria:Substantivo (Letão)]]</text>
<sha1>2papo7bp5cts9mu74scivirr91v8n1f</sha1>
</revision>
