<page>
<title>ebulições</title>
<ns>0</ns>
<id>334252</id>
<revision>
<id>2334820</id>
<parentid>1877450</parentid>
<timestamp>2017-04-30T15:48:28Z</timestamp>
<contributor>
<username>HydrizBot</username>
<id>29590</id>
</contributor>
<minor />
<comment>Robô: A limpar links interwikis antigos</comment>
<model>wikitext</model>
<format>text/x-wiki</format>
<text bytes="174" xml:space="preserve">={{-pt-}}=
==Forma de substantivo==
{{oxítona|e|bu|li|ções}}, {{f}}
# plural de [[ebulição]]
{{avi-for-fle|ebulição}}
[[Categoria:Forma de substantivo (Português)]]</text>
<sha1>g2wo760qx2uouqz375pciy1znf08729</sha1>
</revision>
</page>
