<page>
<title>ebulição</title>
<ns>0</ns>
<id>122575</id>
<revision>
<id>2617713</id>
<parentid>2334819</parentid>
<timestamp>2021-02-01T04:42:01Z</timestamp>
<contributor>
<username>MarxavBot</username>
<id>80155</id>
</contributor>
<minor />
<comment>AFI Portugal</comment>
<model>wikitext</model>
<format>text/x-wiki</format>
<text bytes="825" xml:space="preserve">={{-pt-}}=
==Substantivo==
{{flex.pt|fs=ebulição|fp=ebulições}}
{{oxítona|e|bu|li|ção}}, {{f}}
# ato ou efeito de [[ferver]]
# {{escopo|Física térmica}} [[passagem]] de um [[líquido]] ao [[estado]] de [[vapor]], que ocorre acompanhada da [[formação]] de [[bolha]]s
# [[fervura]] [[gasoso|gasosa]] que ocorre na [[fermentação]]
# {{escopo|Sentido figurado}} estado de [[euforia]]; [[agitação]], [[excitação]]
=={{pronúncia|pt}}==
===Portugal===
* AFI: {{AFI|/i.bu.li.ˈsɐ̃w̃/}}
==Ver também==
===No Wikcionário===
{{verTambém.Ini}}
* [[evaporação]]
* [[fusão]]
* [[liquefação]]
{{verTambém.NovaColuna}}
* [[solidificação]]
* [[sublimação]]
* [[vaporização]]
{{verTambém.Fim}}
[[Categoria:Substantivo (Português)]]
[[Categoria:Figurado (Português)]]
[[Categoria:Física (Português)]]</text>
<sha1>st0midmysv4x2rz4t8yaxx7rjioxakg</sha1>
</revision>
</page>
