<page>
<page>
<title>ebó</title>
<ns>0</ns>
<id>71346</id>
<revision>
<id>1194361</id>
<parentid>859236</parentid>
<timestamp>2011-07-08T23:10:40Z</timestamp>
<contributor>
<username>MalafayaBot</username>
<id>628</id>
</contributor>
<minor />
<comment>Robô: Substituição de texto automática (-^\=\s?Português\s?\= +={{-pt-}}= &amp; -^\=\s?\{\{pt\}\}\s?\= +={{-pt-}}=)</comment>
<model>wikitext</model>
<format>text/x-wiki</format>
<text bytes="408" xml:space="preserve">{{confundir|ebô}}
={{-pt-}}=
==Substantivo==
{{oxítona|e|bó}} ''masculino'' {{+info|data=1938}}
# {{escopo|Religião}} no [[candomblé]] e [[seita]]s afins, [[sacrifício]] de [[animal]] votivo [[dedicado]] a um [[orixá]] ou oferenda [[feita]] em [[sua]] [[intenção]]
===Sinônimos===
* ver sinonímia de ''[[feitiço]]''.
[[Categoria:Substantivo (Português)]]
[[Categoria:Candomblé (Português)]]</text>
<sha1>bkkzmyw3ecgh87m4m6ndamxxjrgvi9f</sha1>
</revision>
