<page>
<page>
<title>ebô</title>
<ns>0</ns>
<id>143994</id>
<revision>
<id>2585965</id>
<parentid>1201829</parentid>
<timestamp>2020-04-17T20:19:31Z</timestamp>
<contributor>
<username>ValJor</username>
<id>1358</id>
</contributor>
<comment>Verbete [[:Categoria:!Página com idioma não informado em Predefinição:etimologia|sem indicação do idioma na seção de etimologia]]</comment>
<model>wikitext</model>
<format>text/x-wiki</format>
<text bytes="625" xml:space="preserve">{{confundir|ebó}}
={{-pt-}}=
==Substantivo==
{{oxítona|e|bô}}, {{gramática|m}}, {{+info|uso=popular}}
# {{escopo|pt|Culinária|Religião}} [[prato]] [[baiano|afro-baiano]] feito de farinha de milho branco sem sal, ao qual, às vezes, se acrescenta feijão-fradinho torrado e azeite de dendê; prato votivo de orixá Oxalá (como Oxalufã e Oxaguiã), Iemanjá (com azeite de oliveira ou mel) e Oxumaré (com coco)
=={{etimologia|pt}}==
{{llietimo|yo|ẹgbọ|pt|ponto=não}} (milho seco cozido esmagado; pudim de milho), segundo Cacciatore.
==Ligações externas==
* {{VOLPABL}}
[[Categoria:Substantivo (Português)]]</text>
<sha1>0ibdv17wpiswlmk0p9m6m9zlpfnvq3e</sha1>
</revision>
