<page>
<title>ebúrnea</title>
<ns>0</ns>
<id>102604</id>
<revision>
<id>2334822</id>
<parentid>2122392</parentid>
<timestamp>2017-04-30T15:48:31Z</timestamp>
<contributor>
<username>HydrizBot</username>
<id>29590</id>
</contributor>
<minor />
<comment>Robô: A limpar links interwikis antigos</comment>
<model>wikitext</model>
<format>text/x-wiki</format>
<text bytes="131" xml:space="preserve">={{-pt-}}=
==Forma de adjetivo==
'''ebúrnea''' {{f}}
#feminino de '''[[ebúrneo]]'''
[[Categoria:Forma de adjetivo (Português)]]</text>
<sha1>5drzmq2rxuwzrwehg94v696xo91vrqs</sha1>
</revision>
</page>
