<page>
<page>
<title>ebúrneo</title>
<ns>0</ns>
<id>138627</id>
<revision>
<id>2334823</id>
<parentid>2037242</parentid>
<timestamp>2017-04-30T15:48:33Z</timestamp>
<contributor>
<username>HydrizBot</username>
<id>29590</id>
</contributor>
<minor />
<comment>Robô: A limpar links interwikis antigos</comment>
<model>wikitext</model>
<format>text/x-wiki</format>
<text bytes="424" xml:space="preserve">={{-pt-}}=
==Adjetivo==
{{flex.pt|ms=ebúrneo|mp=ebúrneos|fs=ebúrnea|fp=ebúrneas}}
{{proparoxítona aparente|e|búr|ne|o}}
# de ou semelhante ao [[marfim]]; [[alvo]] e [[liso]] como o [[marfim]]
===Sinônimos===
{{verTambém.Ini}}
* [[ebóreo]]
{{verTambém.NovaColuna}}
* [[marfíneo]]
{{verTambém.Fim}}
=={{pronúncia|pt}}==
===Portugal===
* [[AFI]]: {{IPA|/ɛˈburnju/|lang=pt}}
[[Categoria:Adjetivo (Português)]]</text>
<sha1>br0lbod7pvz9iwfkuudpjyd4pysusle</sha1>
</revision>
