<page>
<title>ecatombe</title>
<ns>0</ns>
<id>283246</id>
<revision>
<id>2471756</id>
<parentid>2334824</parentid>
<timestamp>2017-12-19T21:32:38Z</timestamp>
<contributor>
<username>ValJor</username>
<id>1358</id>
</contributor>
<comment>Acrescentando código de língua à [[:Categoria:!Página com mensagem de erro em predefinição|predefinição escopo]]</comment>
<model>wikitext</model>
<format>text/x-wiki</format>
<text bytes="1637" xml:space="preserve">{{Wikipédia|lang=it}}
={{-it-}}=
==Substantivo==
{{flex.it|ms=ecatombe|mp=ecatombi|ms-div=e.ca.{{grifar|tom}}.be|mp-div=e.ca.{{grifar|tom}}.bi}}
{{paroxítona|e|ca|tom|be|lang=it}}
# [[sacrifício]] de um grande número de [[animal#Substantivo|animais]]
# {{escopo|it|figurado}} [[hecatombe]], [[matança]], {{l.s.|massacre}}
#* ''Fu una vera '''ecatombe''' per entrambe le parti in campo, anche se tecnicamente la vittoria andò ai britannici.'' &lt;small&gt;(Foi um verdadeiro massacre de ambas as partes em campo, ainda que tecnicamente a vitória tenha sido dos britânicos.)&lt;/small&gt;
===Sinônimos===
* De '''2''': {{link idioma|massacro|it}}, {{link preto|strage}}
=={{etimologia|it}}==
{{llietimo|grc|ἑκατόμβη|it|hekatómbē|ponto=não}}, &quot;(sacrifício de) cem bois&quot;.
=={{pronúncia|it}}==
* [[AFI]]: {{AFI|/e.kaˈtom.be/}}
* [[X-SAMPA]]: /e.ka&quot;tom.be/
==Ver também==
===No Wikcionário===
{{verTambém.Ini}}
* {{link preto|bue|it}}
* {{link preto|disastro}}
{{verTambém.NovaColuna|50}}
* {{link preto|ecatombee}}
* {{link preto|sacrificio}}
{{verTambém.Fim}}
===Referências===
{{verTambém.Ini}}
* {{DEI}}
* [http://dizionari.hoepli.it/cerca.aspx?idD=1&amp;query=ecatombe ''ecatombe'' no Dizionario Italiano (HOEPLI) (em italiano)]
* [http://www.oxfordparavia.it/cerca.php?cerca_lemma=ecatombe ''ecatombe'' no Dizionario Oxford-Paravia Concise Online (em inglês e italiano)]
* [http://dizionari.corriere.it/dizionario_italiano/E/ecatombe.shtml ''ecatombe'' no Il Sabatini Coletti - Dizionario della Lingua Italiana (em italiano)]
{{verTambém.Fim}}
[[Categoria:Substantivo (Italiano)]]
[[Categoria:Cognato (Italiano)]]</text>
<sha1>cu1dstm3tdwv6i3yq4ns2e44scz3kmy</sha1>
</revision>
</page>
