<page>
<page>
<title>ecatuaba</title>
<ns>0</ns>
<id>62847</id>
<revision>
<id>1372081</id>
<parentid>249852</parentid>
<timestamp>2012-02-01T11:34:20Z</timestamp>
<contributor>
<username>MalafayaBot</username>
<id>628</id>
</contributor>
<minor />
<comment>Robô: Substituição de texto automática  (-^\=(\s*?)(\{\{tu\}\}|Tupi)(\s*?)\= +={{-tu-}}=)</comment>
<model>wikitext</model>
<format>text/x-wiki</format>
<text bytes="137" xml:space="preserve">={{-tu-}}=
==Substantivo==
'''e.ca.tu.a.ba'''
:# [[mão]] [[direita]]
==Outros Verbetes==
* [[ecatu]]
[[Categoria:Substantivo (Tupi)]]</text>
<sha1>3wn0iifk6ql5yauxi3odqrev9tpkeaw</sha1>
</revision>
