<page>
<page>
<title>ecatu</title>
<ns>0</ns>
<id>62830</id>
<revision>
<id>1563488</id>
<parentid>1371994</parentid>
<timestamp>2012-12-21T20:13:52Z</timestamp>
<contributor>
<username>VJBot</username>
<id>33673</id>
</contributor>
<minor />
<comment>Robô: Substituição de texto automática  (-a confirmar +confirmar)</comment>
<model>wikitext</model>
<format>text/x-wiki</format>
<text bytes="269" xml:space="preserve">={{-tu-}}=
==Verbo==
'''ecatu'''
# [[poder]]''(ter habilidade para)''
# [[saber]] [[fazer]]
# {{confirmar}} [[conhecer]] 
==Adjetivo==
'''ecatu'''
# [[saboroso]], [[gostoso]]
===Ver Também===
* [[ecatuaba]]
[[Categoria:Verbo (Tupi)]]
[[Categoria:Adjetivo (Tupi)]]</text>
<sha1>ex0k6viwotm8dvkg56lrazvu7if084d</sha1>
</revision>
