<page>
<title>eccema</title>
<ns>0</ns>
<id>60688</id>
<revision>
<id>2652679</id>
<parentid>2334825</parentid>
<timestamp>2021-11-18T08:59:22Z</timestamp>
<contributor>
<username>ValJor</username>
<id>1358</id>
</contributor>
<comment>Substituindo a [[Especial:Páginas_afluentes/Predefinição:escopoCatLang|predefinição escopoCatLang]] por escopo</comment>
<model>wikitext</model>
<format>text/x-wiki</format>
<text bytes="234" xml:space="preserve">={{-es-}}=
==Substantivo==
'''ec.ce.ma''', {{gramática|m}}
# {{escopo|es|Medicina}} [[eczema]]
=={{etimologia|es}}==
{{llietimo|grc|ἔκζεμα|es|ékzema|[[erupção]] [[cutâneo|cutânea]]}}
[[Categoria:Substantivo (Espanhol)]]</text>
<sha1>qsx2pfp12duwwrwsz8jw185az9jp5dr</sha1>
</revision>
</page>
