<page>
<page>
<title>Ecclesiasta</title>
<ns>0</ns>
<id>427191</id>
<revision>
<id>2598696</id>
<timestamp>2020-10-16T20:47:59Z</timestamp>
<contributor>
<username>Leonardo José Raimundo</username>
<id>43489</id>
</contributor>
<comment>Eu estou criando o nome &quot;Ecclesiasta&quot;.</comment>
<model>wikitext</model>
<format>text/x-wiki</format>
<text bytes="210" xml:space="preserve">={{-co-}}=
==Substantivo==
{{paroxítona|Ec|cle|si|as|ta|lang=co}}
# {{escopo|co|Cristianismo|religião}} [[Eclesiastes]]
==Ver também==
===No Wikcionário===
{{bíblia/co}}
[[Categoria:Substantivo (Corso)]]</text>
<sha1>1ggakh5pvqx8dj3cybmla723t0ycfnc</sha1>
</revision>
