<page>
<page>
<title>Ecclesiastes</title>
<ns>0</ns>
<id>371057</id>
<revision>
<id>2625158</id>
<parentid>2556965</parentid>
<timestamp>2021-02-28T00:34:54Z</timestamp>
<contributor>
<username>Leonardo José Raimundo</username>
<id>43489</id>
</contributor>
<comment>Eu estou colocando a versão em lavukaleve do nome &quot;Ecclesiastes&quot;.</comment>
<model>wikitext</model>
<format>text/x-wiki</format>
<text bytes="1521" xml:space="preserve">={{-eu-}}=
==Substantivo==
{{paroxítona|Ec|cle|si|as|tes|lang=eu}}
# {{escopo|eu|Cristianismo|religião}} [[Eclesiastes]]
==Ver também==
===No Wikcionário===
{{bíblia/eu}}
[[Categoria:Substantivo (Basco)]]
={{-sco-}}=
==Substantivo==
{{paroxítona|Ec|cle|si|as|tes|lang=sco}}
# {{escopo|sco|Cristianismo|religião}} [[Eclesiastes]]
==Ver também==
===No Wikcionário===
{{bíblia/sco}}
[[Categoria:Substantivo (Escocês)]]
={{-en-}}=
==Substantivo==
{{paroxítona|Ec|cle|si|as|tes|lang=en}}
# {{escopo|en|Cristianismo|religião}} [[Eclesiastes]]
==Ver também==
===No Wikcionário===
{{bíblia/en}}
[[Categoria:Substantivo (Inglês)]]
={{-ga-}}=
==Substantivo==
{{paroxítona|Ec|cle|si|as|tes|lang=ga}}
# {{escopo|ga|Cristianismo|religião}} [[Eclesiastes]]
==Ver também==
===No Wikcionário===
{{bíblia/ga}}
[[Categoria:Substantivo (Irlandês)]]
={{-la-}}=
==Substantivo==
{{paroxítona|Ec|cle|si|as|tes|lang=la}}
# {{escopo|la|Cristianismo|religião}} [[Eclesiastes]]
==Ver também==
===No Wikcionário===
{{bíblia/la}}
[[Categoria:Substantivo (Latim)]]
={{-lvk-}}=
==Substantivo==
{{paroxítona|Ec|cle|si|as|tes|lang=lvk}}
# {{escopo|lvk|Cristianismo|religião}} [[Eclesiastes]]
==Ver também==
===No Wikcionário===
{{bíblia/lvk}}
[[Categoria:Substantivo (Lavukaleve)]]
={{-war-}}=
==Substantivo==
{{paroxítona|Ec|cle|si|as|tes|lang=war}}
# {{escopo|war|Cristianismo|religião}} [[Eclesiastes]]
==Ver também==
===No Wikcionário===
{{bíblia/war}}
[[Categoria:Substantivo (Waray-Waray)]]</text>
<sha1>5bzgf47wo96s99pgetokbty0g0x9gr1</sha1>
</revision>
