<page>
<page>
<title>Ecclésiaste</title>
<ns>0</ns>
<id>374120</id>
<revision>
<id>2268184</id>
<parentid>2255303</parentid>
<timestamp>2017-04-26T16:47:52Z</timestamp>
<contributor>
<username>HydrizBot</username>
<id>29590</id>
</contributor>
<minor />
<comment>Robô: A limpar links interwikis antigos</comment>
<model>wikitext</model>
<format>text/x-wiki</format>
<text bytes="192" xml:space="preserve">={{-fr-}}=
==Substantivo==
{{paroxítona|Ec|clé|si|as|te|lang=fr}}
# {{escopo|fr|Cristianismo|religião}} [[Eclesiastes]]
==Ver também==
{{bíblia/fr}}
[[Categoria:Substantivo (Francês)]]</text>
<sha1>cm39egq4on6emp2u3781lqzlc97ext9</sha1>
</revision>
