<page>
<page>
<title>ecdise</title>
<ns>0</ns>
<id>253900</id>
<revision>
<id>2544249</id>
<parentid>2544247</parentid>
<timestamp>2019-05-14T20:14:58Z</timestamp>
<contributor>
<username>ValJor</username>
<id>1358</id>
</contributor>
<minor />
<comment>Revertidas edições por [[Especial:Contribuições/187.50.238.26|187.50.238.26]] para a última versão por [[Especial:Contribuições/HydrizBot|HydrizBot]]</comment>
<model>wikitext</model>
<format>text/x-wiki</format>
<text bytes="772" xml:space="preserve">{{Wikipédia}}
={{-pt-}}=
==Substantivo==
{{flex.pt|fs=ecdise|fp=ecdises}}
{{paroxítona|ec|di|se}}
# [[mudança]] de [[pele]] ou [[exoesqueleto]] que ocorre periodicamente com certos [[inseto]]s e [[crustáceo]]s
===Tradução===
{{tradini}}
* {{trad|de|Häutung}}
* {{trad|ca|ècdisi}}
* {{trad|cs|svlékání}}
* {{trad|es|ecdisis|muda}}
* {{trad|et|kestumine}}
* {{trad|fr|mue}}
* {{trad|el|έκδυση}}
* {{trad|nl|vervelling}}
{{tradmeio}}
* {{trad|id|ekdisis}}
* {{trad|en|ecdysis}}
* {{trad|ja|脱皮}}
* {{trad|la|ecdysis}}
* {{trad|no|hudskifte}}
* {{trad|pl|wylinka}}
* {{trad|sr|екдизис}}
{{tradfim}}
=={{etimologia|pt}}==
: Do grego ''ἔκδυσις'' (saída, evasão).
[[Categoria:Substantivo (Português)]]
[[Categoria:Biologia (Português)]]</text>
<sha1>hsvwmgu6rr4pq9nenidegc1mu4cfpmj</sha1>
</revision>
