<page>
<title>ecem</title>
<ns>0</ns>
<id>101123</id>
<revision>
<id>2334827</id>
<parentid>1762361</parentid>
<timestamp>2017-04-30T15:48:41Z</timestamp>
<contributor>
<username>HydrizBot</username>
<id>29590</id>
</contributor>
<minor />
<comment>Robô: A limpar links interwikis antigos</comment>
<model>wikitext</model>
<format>text/x-wiki</format>
<text bytes="276" xml:space="preserve">={{-ku-}}=
==Substantivo==
'''ecem'''
:# [[persa]]
===Sinônimo===
* [[faris]]
* [[îranî]]
==Adjetivo==
'''ecem'''
:# [[persa]]
===Sinônimo===
* [[faris]]
* [[îranî]]
==Ver Também==
* [[Ecemistan]]
[[Categoria:Substantivo (Curdo)]]
[[Categoria:Adjetivo (Curdo)]]</text>
<sha1>ev9mw9chqgg933egm3dedl30pm9cmx7</sha1>
</revision>
</page>
