<page>
<title>echaporanense</title>
<ns>0</ns>
<id>392983</id>
<revision>
<id>2491369</id>
<parentid>2486390</parentid>
<timestamp>2018-03-28T00:48:30Z</timestamp>
<contributor>
<username>MIL973</username>
<id>41339</id>
</contributor>
<model>wikitext</model>
<format>text/x-wiki</format>
<text bytes="629" xml:space="preserve">={{-pt-}}=
==Adjetivo==
{{flex.pt|s=echaporanense|p=echaporanenses}}
{{paroxítona|e|cha|po|ra|nen|se}}, {{gramática|c2g}}
# {{escopo|pt|Gentílico}} de [[Echaporã]], cidade paulista
===Sinônimo===
* [[exaporanense]]
==Substantivo==
{{flex.pt|s=echaporanense|p=echaporanenses}}
{{paroxítona|e|cha|po|ra|nen|se}}, {{gramática|c2g}}
# {{escopo|pt|Gentílico}} natural de Echaporã ou seu habitante
===Sinônimo===
* [[exaporanense]]
=={{etimologia|pt}}==
: {{escopo|Morfologia}} De [[Echaporã]] + [[-ense]].
==Ligações externas==
* {{Aulete}}
[[Categoria:Adjetivo (Português)]]
[[Categoria:Substantivo (Português)]]</text>
<sha1>k4gte7roev0om7jjfuzn531wl0b8keq</sha1>
</revision>
</page>
