<page>
<page>
<title>echaporanenses</title>
<ns>0</ns>
<id>392985</id>
<revision>
<id>2485944</id>
<parentid>2485943</parentid>
<timestamp>2018-02-20T14:39:02Z</timestamp>
<contributor>
<username>MIL973</username>
<id>41339</id>
</contributor>
<model>wikitext</model>
<format>text/x-wiki</format>
<text bytes="357" xml:space="preserve">={{-pt-}}=
==Forma de adjetivo==
{{paroxítona|e|cha|po|ra|nen|ses}}, {{gramática|c2gp}}
# plural de [[echaporanense]]
==Forma de substantivo==
{{paroxítona|e|cha|po|ra|nen|ses}}, {{gramática|c2gp}}
# plural de [[echaporanense]]
{{avi-for-fle|echaporanense}}
[[Categoria:Forma de adjetivo (Português)]]
[[Categoria:Forma de substantivo (Português)]]</text>
<sha1>0374oxggmd4r7srt7m6xzirrl5ht5c0</sha1>
</revision>
