<page>
<title>echacorvos</title>
<ns>0</ns>
<id>257903</id>
<revision>
<id>1206750</id>
<parentid>1009478</parentid>
<timestamp>2011-07-10T03:12:20Z</timestamp>
<contributor>
<username>MalafayaBot</username>
<id>628</id>
</contributor>
<minor />
<comment>Robô: Substituição de texto automática (-^\=\s?Português\s?\= +={{-pt-}}= &amp; -^\=\s?\{\{pt\}\}\s?\= +={{-pt-}}=)</comment>
<model>wikitext</model>
<format>text/x-wiki</format>
<text bytes="300" xml:space="preserve">={{-pt-}}=
==Substantivo==
{{flex.pt|ms=echacorvos|mp=echacorvos}}
{{paroxítona|e|cha|cor|vos}}
# [[embusteiro]]
# [[pregador]] que andava pelas pequenas povoações fazendo homilias e recolhendo esmolas
=={{etimologia|pt}}==
: Do castelhano [[echacuervos]].
[[Categoria:Substantivo (Português)]]</text>
<sha1>dtmu46i8h0l4aganrrr6xxellbebrzc</sha1>
</revision>
</page>
