<page>
<title>echelon</title>
<ns>0</ns>
<id>361348</id>
<revision>
<id>2334833</id>
<parentid>2180464</parentid>
<timestamp>2017-04-30T15:48:56Z</timestamp>
<contributor>
<username>HydrizBot</username>
<id>29590</id>
</contributor>
<minor />
<comment>Robô: A limpar links interwikis antigos</comment>
<model>wikitext</model>
<format>text/x-wiki</format>
<text bytes="465" xml:space="preserve">={{-en-}}=
==Substantivo==
'''echelon'''
# [[escalão]].
=={{etimologia|en}}==
Do francês {{etimo|fr|échelon}}, o qual deriva do francês antigo ''[[eschelon]]'' (''degrau'').
=={{pronúncia|en}}==
* [[IPA]]: {{IPA|/ˈɛʃəlɒn/|lang=en}}, {{IPA|/ˈɛkəlɒn/|lang=en}}
==Ver também==
{{verTambém.Ini}}
*[[échelle]]
*[[scala]]
{{verTambém.Fim}}
[[categoria:Substantivo (Inglês)]]
[[categoria:Trissílabo (Inglês)]]
[[categoria:Oxítona (Inglês)]]</text>
<sha1>45mmpfq50g7vnfx7n3qq9z78yto4367</sha1>
</revision>
</page>
