<page>
<page>
<title>eche</title>
<ns>0</ns>
<id>363703</id>
<revision>
<id>2334830</id>
<parentid>2163298</parentid>
<timestamp>2017-04-30T15:48:48Z</timestamp>
<contributor>
<username>HydrizBot</username>
<id>29590</id>
</contributor>
<minor />
<comment>Robô: A limpar links interwikis antigos</comment>
<model>wikitext</model>
<format>text/x-wiki</format>
<text bytes="563" xml:space="preserve">={{-gl-}}=
==Substantivo&lt;sup&gt;1&lt;/sup&gt;==
{{flex.gl|ms=eche|mp=eches}}
{{paroxítona|e|che|lang=gl}}, {{gramática|m}}
# [[jogo]] das [[escondidas]]
===Sinónimo===
* [[laburinha#{{gl}}|laburinha]]
==={{etimologia|gl}}===
: Confronte-se com ''[[acho#{{gl}}|acho]]''.
==Substantivo&lt;sup&gt;2&lt;/sup&gt;==
{{flex.gl|ms=eche|mp=eches}}
{{paroxítona|e|che|lang=gl}}, {{gramática|m}}
# afloramento em crista de um [[rochedo]] de [[xisto]]
==={{etimologia|gl}}===
: Aparentado com o germânico ''*agjo'', no atual inglês {{etimo|en|edge}}.
[[Categoria:Substantivo (Galego)]]</text>
<sha1>4jbcbl9njb3j35w76c7chf45yu6sarc</sha1>
</revision>
