<page>
<title>echidna</title>
<ns>0</ns>
<id>38819</id>
<revision>
<id>2334834</id>
<parentid>1976320</parentid>
<timestamp>2017-04-30T15:48:59Z</timestamp>
<contributor>
<username>HydrizBot</username>
<id>29590</id>
</contributor>
<minor />
<comment>Robô: A limpar links interwikis antigos</comment>
<model>wikitext</model>
<format>text/x-wiki</format>
<text bytes="334" xml:space="preserve">={{-en-}}=
== Substantivo ==
'''{{PAGENAME}}'''
# [[equidna]]
={{-it-}}=
== Substantivo ==
'''{{PAGENAME}}'''
# [[equidna]]
[[Categoria:Substantivo (Inglês)]]
[[Categoria:Mamífero (Inglês)]]
[[Categoria:Zoologia (Inglês)]]
[[Categoria:Substantivo (Italiano)]]
[[Categoria:Mamífero (Italiano)]]
[[Categoria:Zoologia (Italiano)]]</text>
<sha1>hrocbi4bxwv4kr9mkqki5zbw7ftyza5</sha1>
</revision>
</page>
