<page>
<title>Echidna</title>
<ns>0</ns>
<id>38820</id>
<revision>
<id>2451601</id>
<parentid>2268186</parentid>
<timestamp>2017-09-22T07:59:30Z</timestamp>
<contributor>
<username>Spanier</username>
<id>43713</id>
</contributor>
<comment>suplementos</comment>
<model>wikitext</model>
<format>text/x-wiki</format>
<text bytes="322" xml:space="preserve">{{ver também|equidna}}
{{Wikipédia|lang=de}}
={{-de-}}=
== Substantivo ==
{{paroxítona|lang=de|E|chi|dna}}, {{n}}
# {{escopo|de|mamífero}} [[equidna]]
=={{etimologia|de}}==
: Do [[grego antigo]] '' ἔχιδνα (ékhidna).
=={{pronúncia|de}}==
* [[AFI]]: {{AFI|/eˈkidna/|de}}
[[Categoria:Substantivo (Alemão)]]</text>
<sha1>6ebzf34mdg8yf9d2re5dw75nexw9xo0</sha1>
</revision>
</page>
