<page>
<title>Echinoidea</title>
<ns>0</ns>
<id>248800</id>
<revision>
<id>2268188</id>
<parentid>1491595</parentid>
<timestamp>2017-04-26T16:48:01Z</timestamp>
<contributor>
<username>HydrizBot</username>
<id>29590</id>
</contributor>
<minor />
<comment>Robô: A limpar links interwikis antigos</comment>
<model>wikitext</model>
<format>text/x-wiki</format>
<text bytes="239" xml:space="preserve">{{Wikipédia}}
={{-pt-}}=
==Substantivo==
'''Echinoidea'''
# [[classe]] taxonômica de animais marinhos, entre os quais a [[bolacha-do-mar]] e o [[pepino-do-mar]]
[[Categoria:Substantivo (Português)]]
[[Categoria:Biologia (Português)]]</text>
<sha1>4dsrnm3b5qbetvb1znv07vk4kmjbjw4</sha1>
</revision>
</page>
