<page>
<title>Echinodermata</title>
<ns>0</ns>
<id>248799</id>
<revision>
<id>2268187</id>
<parentid>1881556</parentid>
<timestamp>2017-04-26T16:47:59Z</timestamp>
<contributor>
<username>HydrizBot</username>
<id>29590</id>
</contributor>
<minor />
<comment>Robô: A limpar links interwikis antigos</comment>
<model>wikitext</model>
<format>text/x-wiki</format>
<text bytes="241" xml:space="preserve">{{Wikipédia}}
={{-pt-}}=
==Substantivo==
'''Echinodermata'''
# [[filo]] taxonômico de animais marinhos, entre os quais a [[estrela-do-mar]] e o [[ouriço-do-mar]]
[[Categoria:Substantivo (Português)]]
[[Categoria:Biologia (Português)]]</text>
<sha1>1cui5uuckwyln2571u6g57mg6docczt</sha1>
</revision>
</page>
