<page>
<title>echoma</title>
<ns>0</ns>
<id>36131</id>
<revision>
<id>2334837</id>
<parentid>1379382</parentid>
<timestamp>2017-04-30T15:49:10Z</timestamp>
<contributor>
<username>HydrizBot</username>
<id>29590</id>
</contributor>
<minor />
<comment>Robô: A limpar links interwikis antigos</comment>
<model>wikitext</model>
<format>text/x-wiki</format>
<text bytes="90" xml:space="preserve">={{-ikz-}}=
==Substantivo==
'''echoma'''
# [[ferro]]
[[Categoria:Substantivo ({{ikz}})]]</text>
<sha1>8vp1mkpok2d9erdj7x38t63npau6uoq</sha1>
</revision>
</page>
