<page>
<page>
<title>echuabo</title>
<ns>0</ns>
<id>423275</id>
<revision>
<id>2586491</id>
<timestamp>2020-04-25T19:16:01Z</timestamp>
<contributor>
<username>Leonardo José Raimundo</username>
<id>43489</id>
</contributor>
<comment>Eu estou criando a palavra &quot;echuabo&quot;.</comment>
<model>wikitext</model>
<format>text/x-wiki</format>
<text bytes="274" xml:space="preserve">={{-pt-}}=
==Substantivo==
{{flex.pt|ms=echuabo|mp=echuabos}}
{{paroxítona|e|chu|a|bo}}
# {{escopo|pt|Língua}} língua falada na região à volta da cidade de [[Quelimane]], na província central da [[Zambézia]], em [[Moçambique]]
[[Categoria:Substantivo (Português)]]</text>
<sha1>9koyg8sk08ucdd7f7bu3y6aokt9lr5c</sha1>
</revision>
