<page>
<title>eciano</title>
<ns>0</ns>
<id>386205</id>
<revision>
<id>2462810</id>
<timestamp>2017-11-25T10:48:08Z</timestamp>
<contributor>
<ip>213.245.146.70</ip>
</contributor>
<comment>[[Ajuda:Guia de edição/Menus e ferramentas/Sumário de edição|→]] nova página: ={{-pt-}}= ==Adjetivo== {{flex.pt|ms=eciano|mp=ecianos|fs=eciana|fp=ecianas}} {{paroxítona|e|ci|a|no}} # {{e...</comment>
<model>wikitext</model>
<format>text/x-wiki</format>
<text bytes="308" xml:space="preserve">={{-pt-}}=
==Adjetivo==
{{flex.pt|ms=eciano|mp=ecianos|fs=eciana|fp=ecianas}}
{{paroxítona|e|ci|a|no}}
# {{escopo|pt|Literatura}} o mesmo que [[queiroziano]]
=={{etimologia|pt}}==
: {{escopo|Morfologia}} ''Queiroz'' + [[-iano]].
[[Categoria:Adjetivo (Português)]] 
[[Categoria:Literatura (Português)]]</text>
<sha1>eu7j16t4s0weytg6tegnwox4pvproay</sha1>
</revision>
</page>
