<page>
<title>Ecke</title>
<ns>0</ns>
<id>178585</id>
<revision>
<id>2268190</id>
<parentid>2157787</parentid>
<timestamp>2017-04-26T16:48:09Z</timestamp>
<contributor>
<username>HydrizBot</username>
<id>29590</id>
</contributor>
<minor />
<comment>Robô: A limpar links interwikis antigos</comment>
<model>wikitext</model>
<format>text/x-wiki</format>
<text bytes="575" xml:space="preserve">={{-de-}}=
==Substantivo==
'''Ecke''', {{f}} {{p|Ecken}}
# [[esquina]], [[canto]]
# [[vértice]], [[nodo]], [[ângulo]]
=={{etimologia|de}}==
: Do [[alto alemão antigo]] ''[[ecka]]'', do latim ''[[ocris]]'', do [[grego antigo]] ''okris'' ([[ὄκρις]]).
=={{pronúncia|de}}==
* [[AFI]]: {{AFI|/ˈʔɛkə/|de}}
==Ver também==
===No Wikcionário===
{{verTambém.Ini}}
* [[eckig]]
* [[anecken]]
* [[um die Ecke bringen]]
* [[um die Ecke]]
{{verTambém.NovaColuna|50}}
* [[an der Ecke]]
* [[Dreieck]]
* [[Eckdaten]]
{{verTambém.Fim}}
[[Categoria:Substantivo (Alemão)]]</text>
<sha1>ct23awwlasb2l8bjs8em55ie20j7369</sha1>
</revision>
</page>
