<page>
<page>
<title>Ecken</title>
<ns>0</ns>
<id>178586</id>
<revision>
<id>2268191</id>
<parentid>1940941</parentid>
<timestamp>2017-04-26T16:48:13Z</timestamp>
<contributor>
<username>HydrizBot</username>
<id>29590</id>
</contributor>
<minor />
<comment>Robô: A limpar links interwikis antigos</comment>
<model>wikitext</model>
<format>text/x-wiki</format>
<text bytes="125" xml:space="preserve">={{-de-}}=
==Forma de substantivo==
'''Ecken''' {{p}}
#plural de '''[[Ecke]]'''
[[Categoria:Forma de substantivo (Alemão)]]</text>
<sha1>resp9lyicb949u01egcg75puwmg1pgc</sha1>
</revision>
