<page>
<page>
<title>eclampsia</title>
<ns>0</ns>
<id>222015</id>
<revision>
<id>2334839</id>
<parentid>2178463</parentid>
<timestamp>2017-04-30T15:49:21Z</timestamp>
<contributor>
<username>HydrizBot</username>
<id>29590</id>
</contributor>
<minor />
<comment>Robô: A limpar links interwikis antigos</comment>
<model>wikitext</model>
<format>text/x-wiki</format>
<text bytes="487" xml:space="preserve">={{-pt-}}=
==Substantivo==
{{paroxítona|e|clam|psi|a}}, {{f}}
# {{escopo|medicina}} [[afecção]] grave que ocorre geralmente no final da [[gravidez]], caracterizada por convulsões associadas à hipertensão arterial
===Sinônimos===
* [[eclampse]]
* [[eclâmpsia]]
=={{etimologia|pt}}==
: Do [[latim científico]] ''eclampsia'', do [[grego]] ''éklampsis,eós'' (''luz brilhante'') + ''-ia''
=={{pronúncia|pt}}==
*[[AFI]]: /eclɐ̃pjˈsiɐ/
[[Categoria:Substantivo (Português)]]</text>
<sha1>hdpmqm78oy23psab62lk17jvbvw98bj</sha1>
</revision>
