<page>
<page>
<title>eclesiástico</title>
<ns>0</ns>
<id>16084</id>
<revision>
<id>2617609</id>
<parentid>2585962</parentid>
<timestamp>2021-02-01T04:24:35Z</timestamp>
<contributor>
<username>MarxavBot</username>
<id>80155</id>
</contributor>
<minor />
<comment>AFI Portugal</comment>
<model>wikitext</model>
<format>text/x-wiki</format>
<text bytes="1271" xml:space="preserve">={{-pt-}}=
==Adjetivo==
{{flex.pt|ms=eclesiástico|mp=eclesiásticos|fs=eclesiástica|fp=eclesiásticas}}
{{proparoxítona|e|cle|si|ás|ti|co}}
# relativo ou pertencente à [[igreja]], ao [[clero]] e [[sacerdócio]], ou seja, seu corpo ministerial de obreiros, líderes religiosos e administradores
===Expressões===
* '''[[eslavo eclesiástico]]''': 
===Tradução===
{{tradini}}
* {{trad|es|eclesiástico}}
* {{trad|fi|kirkollinen|papillinen}}
{{tradmeio}}
* {{trad|en|ecclesiastic}}
{{tradfim}}
==Substantivo==
{{proparoxítona|e|cle|si|ás|ti|co}}
# [[sacerdote]], [[padre]], [[clérigo]] ou [[ministro]]
=={{etimologia|pt}}==
{{llietimo|la|ecclesiasticus|pt|ecclesiastĭcus|ponto=não}} e este do {{etm|grc|pt}} {{etimo|grc|ἐκκλησιαστικός}}.
=={{pronúncia|pt}}==
===Portugal===
* AFI: {{AFI|/e.klɨ.ˈzjaʃ.ti.ku/}}
==Ver também==
===No Wikcionário===
* [[murça]]
==Ligações externas==
* {{Aulete}}
* {{Michaelis|eclesiastico}}
* {{DicioAberto}}
* {{DPLP}}
* {{Infopédia}}
* {{PLP}}
* {{VOLPABL}}
[[Categoria:Adjetivo (Português)|eclesiastico]]
[[Categoria:Substantivo (Português)|eclesiastico]]
={{-es-}}=
==Adjetivo==
'''eclesiástico'''
# [[eclesiástico#Português|eclesiástico]]
[[Categoria:Adjetivo (Espanhol)|eclesiastico]]</text>
<sha1>jml1yxuqplef1f162gpuul550cm16qe</sha1>
</revision>
