<page>
<title>ecleticista</title>
<ns>0</ns>
<id>350097</id>
<revision>
<id>2057613</id>
<parentid>2057612</parentid>
<timestamp>2016-01-22T11:13:18Z</timestamp>
<contributor>
<username>MIL973</username>
<id>41339</id>
</contributor>
<model>wikitext</model>
<format>text/x-wiki</format>
<text bytes="476" xml:space="preserve">={{-pt-}}=
==Adjetivo==
{{flex.pt|s=ecleticista|p=ecleticistas}}
{{paroxítona|e|cle|ti|cis|ta}}, {{c2g}}
# relativo ao [[ecleticismo]]
===Sinônimo===
* [[ecletista]]
==Substantivo==
{{flex.pt|s=ecleticista|p=ecleticistas}}
{{paroxítona|e|cle|ti|cis|ta}}, {{c2g}}
# seguidor do ecleticismo
===Sinônimo===
* [[ecletista]]
=={{etimologia|pt}}==
: {{escopo|Morfologia}} [[eclético]] + [[-ista]].
[[Categoria:Adjetivo (Português)]]
[[Categoria:Substantivo (Português)]]</text>
<sha1>80ozdy9rhshbgdewhit1ztxuev6ssy6</sha1>
</revision>
</page>
