<page>
<title>ecler</title>
<ns>0</ns>
<id>86437</id>
<revision>
<id>2334840</id>
<parentid>2122391</parentid>
<timestamp>2017-04-30T15:49:23Z</timestamp>
<contributor>
<username>HydrizBot</username>
<id>29590</id>
</contributor>
<minor />
<comment>Robô: A limpar links interwikis antigos</comment>
<model>wikitext</model>
<format>text/x-wiki</format>
<text bytes="505" xml:space="preserve">={{-pt-}}=
==Substantivo==
{{flex.pt|ms=ecler|mp=ecleres}}
{{oxítona|e|cler}}, {{m}}
# [[doce]] também conhecido como [[bomba]]
# forma reduzida de [[fecho ecler]]
=={{etimologia|pt}}==
: Do francês {{etimo|fr|éclair}}.
==Ver também==
===No Wikcionário===
{{verTambém.Ini}}
* para outros verbetes relativos ao tema '''alimento''', veja o verbete [[alimento]]
{{verTambém.Fim}}
[[Categoria:Substantivo (Português)]]
[[Categoria:Alimentação (Português)]]
[[Categoria:Vestuário (Português)]]</text>
<sha1>6ehwp1b6bj74zoii6wjgtiyxhg4e8e4</sha1>
</revision>
</page>
