<page>
<title>Eclesiastés</title>
<ns>0</ns>
<id>371893</id>
<revision>
<id>2268193</id>
<parentid>2220228</parentid>
<timestamp>2017-04-26T16:48:16Z</timestamp>
<contributor>
<username>HydrizBot</username>
<id>29590</id>
</contributor>
<minor />
<comment>Robô: A limpar links interwikis antigos</comment>
<model>wikitext</model>
<format>text/x-wiki</format>
<text bytes="766" xml:space="preserve">={{-an-}}=
==Substantivo==
{{oxítona|E|cle|si|as|tés|lang=an}}
# {{escopo|an|Cristianismo|religião}} [[Eclesiastes]]
==Ver também==
{{bíblia/an}}
[[Categoria:Substantivo (Aragonês)]]
={{-ast-}}=
==Substantivo==
{{oxítona|E|cle|si|as|tés|lang=ast}}
# {{escopo|ast|Cristianismo|religião}} [[Eclesiastes]]
==Ver também==
{{bíblia/ast}}
[[Categoria:Substantivo (Asturiano)]]
={{-es-}}=
==Substantivo==
{{oxítona|E|cle|si|as|tés|lang=es}}
# {{escopo|es|Cristianismo|religião}} [[Eclesiastes]]
==Ver também==
{{bíblia/es}}
[[Categoria:Substantivo (Espanhol)]]
={{-gl-}}=
==Substantivo==
{{oxítona|E|cle|si|as|tés|lang=gl}}
# {{escopo|gl|Cristianismo|religião}} [[Eclesiastes]]
==Ver também==
{{bíblia/gl}}
[[Categoria:Substantivo (Galego)]]</text>
<sha1>l3inp5pbd8hc73d06ohschjzpivhbj2</sha1>
</revision>
</page>
