<page>
<title>Ecleziast</title>
<ns>0</ns>
<id>408862</id>
<revision>
<id>2540772</id>
<timestamp>2019-04-02T01:26:44Z</timestamp>
<contributor>
<username>Leonardo José Raimundo</username>
<id>43489</id>
</contributor>
<comment>Eu estou criando o nome &quot;Ecleziast&quot;.</comment>
<model>wikitext</model>
<format>text/x-wiki</format>
<text bytes="205" xml:space="preserve">={{-ro-}}=
==Substantivo==
{{oxítona|E|cle|zi|ast|lang=ro}}
# {{escopo|ro|Cristianismo|religião}} [[Eclesiastes]]
==Ver também==
===No Wikcionário===
{{bíblia/ro}}
[[Categoria:Substantivo (Romeno)]]</text>
<sha1>px9k5mvd81jyolhkmfbqiciv7yywrqh</sha1>
</revision>
</page>
