<page>
<page>
<title>ecletismos</title>
<ns>0</ns>
<id>350094</id>
<revision>
<id>2057607</id>
<parentid>2057606</parentid>
<timestamp>2016-01-22T11:09:17Z</timestamp>
<contributor>
<username>MIL973</username>
<id>41339</id>
</contributor>
<model>wikitext</model>
<format>text/x-wiki</format>
<text bytes="174" xml:space="preserve">={{-pt-}}=
==Forma de substantivo==
{{paroxítona|e|cle|tis|mos}}, {{m}}
# plural de [[ecletismo]]
{{avi-for-fle|ecletismo}}
[[Categoria:Forma de substantivo (Português)]]</text>
<sha1>gxlgpg2dgwcndlanlvry86kuuwk82tb</sha1>
</revision>
