<page>
<page>
<title>ecletista</title>
<ns>0</ns>
<id>350096</id>
<revision>
<id>2057611</id>
<parentid>2057610</parentid>
<timestamp>2016-01-22T11:12:03Z</timestamp>
<contributor>
<username>MIL973</username>
<id>41339</id>
</contributor>
<model>wikitext</model>
<format>text/x-wiki</format>
<text bytes="474" xml:space="preserve">={{-pt-}}=
==Adjetivo==
{{flex.pt|s=ecletista|p=ecletistas}}
{{paroxítona|e|cle|tis|ta}}, {{c2g}}
# relativo ao [[ecletismo]]
===Sinônimo===
* [[ecleticista]]
==Substantivo==
{{flex.pt|s=ecletista|p=ecletistas}}
{{paroxítona|e|cle|tis|ta}}, {{c2g}}
# seguidor do ecletismo
===Sinônimo===
* [[ecleticista]]
=={{etimologia|pt}}==
: {{escopo|Morfologia}} [[eclético|eclét(ico)]] + [[-ista]].
[[Categoria:Adjetivo (Português)]]
[[Categoria:Substantivo (Português)]]</text>
<sha1>m75trlbcovxrat94w04jm2442zmpa5q</sha1>
</revision>
