<page>
<page>
<title>ecleticismo</title>
<ns>0</ns>
<id>350093</id>
<revision>
<id>2057605</id>
<parentid>2057604</parentid>
<timestamp>2016-01-22T11:08:10Z</timestamp>
<contributor>
<username>MIL973</username>
<id>41339</id>
</contributor>
<model>wikitext</model>
<format>text/x-wiki</format>
<text bytes="545" xml:space="preserve">={{-pt-}}=
==Substantivo==
{{flex.pt|ms=ecleticismo|mp=ecleticismos}}
{{paroxítona|e|cle|ti|cis|mo}}, {{m}}
# [[método]] [[científico]] ou [[filosófico]] que busca a [[conciliação]] de teorias distintas
# liberdade ou hábito de preferir o que se julga melhor em ciência, arte, literatura ou política, sem que se siga exclusivamente sistema algum
===Sinônimo===
* [[ecletismo]]
===Verbetes derivados===
* [[ecleticista]]
=={{etimologia|pt}}==
: {{escopo|Morfologia}} [[eclético]] + [[-ismo]].
[[Categoria:Substantivo (Português)]]</text>
<sha1>su8a4bwgsxjbf5j4hphopj6prctu9fv</sha1>
</revision>
