<page>
<title>eclesiástica</title>
<ns>0</ns>
<id>69187</id>
<revision>
<id>2334842</id>
<parentid>1976906</parentid>
<timestamp>2017-04-30T15:49:26Z</timestamp>
<contributor>
<username>HydrizBot</username>
<id>29590</id>
</contributor>
<minor />
<comment>Robô: A limpar links interwikis antigos</comment>
<model>wikitext</model>
<format>text/x-wiki</format>
<text bytes="148" xml:space="preserve">={{-pt-}}=
==Forma de adjetivo==
{{proparoxítona|e|cle|si|ás|ti|ca}}
# feminino de [[eclesiástico]]
[[Categoria:Forma de adjetivo (Português)]]</text>
<sha1>3yalt432ojhbwm8lzl85ux230cu8h13</sha1>
</revision>
</page>
