<page>
<page>
<title>eclesiofobia</title>
<ns>0</ns>
<id>44899</id>
<revision>
<id>2334841</id>
<parentid>1212694</parentid>
<timestamp>2017-04-30T15:49:24Z</timestamp>
<contributor>
<username>HydrizBot</username>
<id>29590</id>
</contributor>
<minor />
<comment>Robô: A limpar links interwikis antigos</comment>
<model>wikitext</model>
<format>text/x-wiki</format>
<text bytes="206" xml:space="preserve">={{-pt-}}=
== Substantivo ==
'''eclesiofobia''' ''feminino''
:# [[horror]] às [[igreja]]s.
== Etimologia ==
:Do grego ''ekklesía'' (igreja) + ''phóbos'' (horror)
[[Categoria: Substantivo (Português)]]</text>
<sha1>pazktdttwpihbzvtxr5txi14wm3rsmb</sha1>
</revision>
