<page>
<page>
<title>ecletistas</title>
<ns>0</ns>
<id>350098</id>
<revision>
<id>2057615</id>
<parentid>2057614</parentid>
<timestamp>2016-01-22T11:14:40Z</timestamp>
<contributor>
<username>MIL973</username>
<id>41339</id>
</contributor>
<model>wikitext</model>
<format>text/x-wiki</format>
<text bytes="309" xml:space="preserve">={{-pt-}}=
==Forma de adjetivo==
{{paroxítona|e|cle|tis|tas}}, {{c2g}}
# plural de [[ecletista]]
==Forma de substantivo==
{{paroxítona|e|cle|tis|tas}}, {{c2g}}
# plural de [[ecletista]]
{{avi-for-fle|ecletista}}
[[Categoria:Forma de adjetivo (Português)]]
[[Categoria:Forma de substantivo (Português)]]</text>
<sha1>4im4evawmbnfxflfahl5o4nz48vnug9</sha1>
</revision>
