<page>
<page>
<title>eclesiásticos</title>
<ns>0</ns>
<id>66451</id>
<revision>
<id>2334844</id>
<parentid>1976904</parentid>
<timestamp>2017-04-30T15:49:31Z</timestamp>
<contributor>
<username>HydrizBot</username>
<id>29590</id>
</contributor>
<minor />
<comment>Robô: A limpar links interwikis antigos</comment>
<model>wikitext</model>
<format>text/x-wiki</format>
<text bytes="352" xml:space="preserve">={{-pt-}}=
==Forma de adjetivo==
{{proparoxítona|e|cle|si|ás|ti|cos}}
# plural de [[eclesiástico]]
{{avi-for-fle|eclesiástico}}
==Forma de substantivo==
{{proparoxítona|e|cle|si|ás|ti|cos}}
# plural de [[eclesiástico]]
{{avi-for-fle|eclesiástico}}
[[Categoria:Forma de adjetivo (Português)]]
[[Categoria:Forma de substantivo (Português)]]</text>
<sha1>mkobe8n9ds2lm7zrq4u44apvjd03yz8</sha1>
</revision>
