<page>
<page>
<title>eclipsámos</title>
<ns>0</ns>
<id>309636</id>
<revision>
<id>2571912</id>
<parentid>2334850</parentid>
<timestamp>2020-01-21T13:56:56Z</timestamp>
<contributor>
<username>ValJor</username>
<id>1358</id>
</contributor>
<comment>Acrescentando a predefinição avi-for-fle</comment>
<model>wikitext</model>
<format>text/x-wiki</format>
<text bytes="345" xml:space="preserve">={{-pt-}}=
==Forma verbal==
{{paroxítona|e|clip|sá|mos}}
# {{escopo2|grafia lusitana}} primeira pessoa do plural do pretérito perfeito do indicativo do verbo [[eclipsar]]
{{avi-for-fle|eclipsar}}
==Anagrama==
&lt;!-- índice para anagramas: pt: aceilmopss --&gt;
# [[compilasse]]
[[Categoria:Forma verbal (Português)]]
[[Categoria:Lusitanismo]]</text>
<sha1>2razj5n9j94ocsyf8v8v3bgtepur6nn</sha1>
</revision>
