<page>
<page>
<title>eclisse</title>
<ns>0</ns>
<id>317748</id>
<revision>
<id>2334851</id>
<parentid>1936117</parentid>
<timestamp>2017-04-30T15:49:51Z</timestamp>
<contributor>
<username>HydrizBot</username>
<id>29590</id>
</contributor>
<minor />
<comment>Robô: A limpar links interwikis antigos</comment>
<model>wikitext</model>
<format>text/x-wiki</format>
<text bytes="142" xml:space="preserve">={{-it-}}=
==Substantivo==
'''eclisse'''
# [[eclipse]]
{{página-automática|setembro|2013|eclipse|it}}
[[Categoria:Substantivo (Italiano)]]</text>
<sha1>9rrft58ah6796f6nwzeh7oileaz2g4p</sha1>
</revision>
