<page>
<title>eclissi</title>
<ns>0</ns>
<id>317749</id>
<revision>
<id>2334852</id>
<parentid>1953267</parentid>
<timestamp>2017-04-30T15:49:53Z</timestamp>
<contributor>
<username>HydrizBot</username>
<id>29590</id>
</contributor>
<minor />
<comment>Robô: A limpar links interwikis antigos</comment>
<model>wikitext</model>
<format>text/x-wiki</format>
<text bytes="324" xml:space="preserve">{{Wikipédia|lang=it}}
={{-it-}}=
==Substantivo==
'''eclissi'''
# [[eclipse]]
===Expressões===
* '''[[eclissi anulare]]''': 
* '''[[eclissi ibrida]]''': 
* '''[[eclissi parziale]]''': 
* '''[[eclissi totale]]''': 
==={{-varort-}}===
* [[eclisse]]
[[Categoria:Substantivo (Italiano)]]
[[Categoria:Astronomia (Italiano)]]</text>
<sha1>2ntd3te1d9g81gdbetq649zlh44ci9g</sha1>
</revision>
</page>
