<page>
<title>eclis</title>
<ns>0</ns>
<id>337519</id>
<revision>
<id>1904636</id>
<parentid>1904623</parentid>
<timestamp>2015-03-23T12:03:53Z</timestamp>
<contributor>
<username>Luis Gabriel Moraes Dias</username>
<id>11628</id>
</contributor>
<model>wikitext</model>
<format>text/x-wiki</format>
<text bytes="594" xml:space="preserve">[[Imagem:Solar eclipse 1999 4.jpg|thumb|100px|right|&lt;center&gt;eclis ''([[eclipse]])''&lt;/center&gt;]]
={{-lfn-}}=
==Substantivo==
{{flex.lfn|eclis|eclises}}
{{oxítona|e|clis|lang=lfn}}
# [[eclipse]]
===Grafias alternativas===
* '''[[alfabeto cirílico|Alfabeto cirílico]]:''' {{l.s.|еклис|{{lfn}}}}
===Termos derivados===
{{verTambém.Ini}}
* {{link opcional|eclis anelin|lfn}}
{{verTambém.NovaColuna}}
* {{link opcional|eclisal|lfn}}
{{verTambém.NovaColuna}}
* {{link opcional|eclisi|lfn}}
{{verTambém.Fim}}
{{categorias|{{nome categoria|lfn}}|Substantivo|Astronomia|Entrada com imagem}}</text>
<sha1>rz0ux6lsye35pdzlbhxnita25552vlv</sha1>
</revision>
</page>
