<page>
<page>
<title>eclipsar</title>
<ns>0</ns>
<id>313340</id>
<revision>
<id>2614103</id>
<parentid>2334847</parentid>
<timestamp>2021-01-31T16:38:52Z</timestamp>
<contributor>
<username>Marxav</username>
<id>73271</id>
</contributor>
<minor />
<comment>AFI Portugal</comment>
<model>wikitext</model>
<format>text/x-wiki</format>
<text bytes="632" xml:space="preserve">={{-pt-}}=
==Verbo==
{{oxítona|e|clip|sar}}, ''v. t.''
# [[interceptar]] a [[luz]] de (um [[astro]])
# {{escopo|Figurado}} [[obscurecer]], [[ocultar]]
# {{escopo|Figurado}} [[exceder]]; [[ofuscar]]
{{oxítona|e|clip|sar}}, ''v. i.''
# {{cont|4}} [[sofrer]] [[eclipse]] (em se falando de um astro)
# obscurecer-se
===Conjugação===
{{conj/pt|eclips|ar}}
=={{etimologia|pt}}==
: {{escopo|Morfologia}} [[eclipse]] + [[-ar]].
=={{pronúncia|pt}}==
===Portugal===
* AFI: {{AFI|/e.kli.ˈpsaɾ/}}
==Anagramas==
# [[palrices]]
# [[replicas]]
# [[réplicas]]
==Ligações externas==
* {{DicioAberto}}
[[Categoria:Verbo (Português)]]</text>
<sha1>gqch7le3tuacd2xiqnj7bpt77jhy9u9</sha1>
</revision>
