<page>
<title>eclosão</title>
<ns>0</ns>
<id>328782</id>
<revision>
<id>2334854</id>
<parentid>2202943</parentid>
<timestamp>2017-04-30T15:49:57Z</timestamp>
<contributor>
<username>HydrizBot</username>
<id>29590</id>
</contributor>
<minor />
<comment>Robô: A limpar links interwikis antigos</comment>
<model>wikitext</model>
<format>text/x-wiki</format>
<text bytes="207" xml:space="preserve">={{-pt-}}=
==Substantivo==
{{flex.pt|fs=eclosão|fp=eclosões}}
{{oxítona|e|clo|são}}, {{f}}
# [[nascimento]], [[surgimento]], [[aparecimento]]
# [[desabrochamento]]
[[Categoria:Substantivo (Português)]]</text>
<sha1>aa5pkawdgfztgyvb4adiyup5n9kp1d8</sha1>
</revision>
</page>
