<page>
<page>
<title>eclusa</title>
<ns>0</ns>
<id>322446</id>
<revision>
<id>2334855</id>
<parentid>1960919</parentid>
<timestamp>2017-04-30T15:50:00Z</timestamp>
<contributor>
<username>HydrizBot</username>
<id>29590</id>
</contributor>
<minor />
<comment>Robô: A limpar links interwikis antigos</comment>
<model>wikitext</model>
<format>text/x-wiki</format>
<text bytes="1443" xml:space="preserve">{{Wikipédia}}
={{-pt-}}=
==Substantivo==
{{flex.pt|fs=eclusa|fp=eclusas}}
{{paroxítona|e|clu|sa}}
# [[represa]] em [[rio]] ou [[canal]], para [[facilitar]] a [[navegação]]; [[comporta]]
#* ''A informação de que as obras iniciadas em maio de 2012 vão acabar antes do período de férias foi reiterada pelo governador Geraldo Alckmin na manhã de ontem, durante o início da construção da '''eclusa''' da barragem da Penha, na zona leste da cidade.'' {{OESP|2013|novembro|20}}
===Sinônimo===
* [[esclusa]]
===Tradução===
{{tradini}}
* {{trad|de|Schiffsschleuse}}
* {{trad|ar|هويس}}
* {{trad|an|inclusa}}
* {{trad|nds|slüüs}}
* {{trad|eu|esklusa}}
* {{trad|be|шлюз}}
* {{trad|bg|шлюз}}
* {{trad|ca|resclosa}}
* {{trad|cs|zdymadlo}}
* {{trad|zh|船閘}}
* {{trad|ko|갑문}}
* {{trad|da|sluse}}
* {{trad|es|esclusa}}
* {{trad|eo|kluzo}}
* {{trad|et|lüüs}}
* {{trad|fi|sulku}}
* {{trad|fr|écluse}}
* {{trad|fy|skutslûs}}
{{tradmeio}}
* {{trad|gl|esclusa}}
* {{trad|hi|जलपाश}}
* {{trad|nl|schutsluis}}
* {{trad|hu|zsilip}}
* {{trad|id|lock}}
* {{trad|en|lock}}
* {{trad|it|chiusa}}
* {{trad|ja|閘門}}
* {{trad|la|cataracta}}
* {{trad|lt|šliuzas}}
* {{trad|lb|Schëffsschleis}}
* {{trad|no|sluse}}
* {{trad|nn|sluse}}
* {{trad|ro|ecluză}}
* {{trad|ru|шлюз}}
* {{trad|sv|sluss}}
* {{trad|uk|шлюз}}
{{tradfim}}
=={{etimologia|pt}}==
: Do latim ''exclusa''.
[[Categoria:Substantivo (Português)]]</text>
<sha1>pfnwo3f1ylapk2bpkj9ps430q9gd1lx</sha1>
</revision>
