<page>
<title>eclíptica</title>
<ns>0</ns>
<id>1913</id>
<revision>
<id>2610342</id>
<parentid>2334860</parentid>
<timestamp>2021-01-30T20:36:44Z</timestamp>
<contributor>
<username>Marxav</username>
<id>73271</id>
</contributor>
<minor />
<comment>AFI Portugal</comment>
<model>wikitext</model>
<format>text/x-wiki</format>
<text bytes="2487" xml:space="preserve">{{Wikipédia}}
{{Wikipédia|lang=ast}}
{{Wikipédia|lang=ca}}
{{Wikipédia|lang=es}}
{{Wikipédia|lang=gl}}
={{-pt-}}=
==Substantivo==
{{flex.pt|fs=eclíptica|fp=eclípticas}}
{{proparoxítona|e|clíp|ti|ca}}, {{f}}
# [[plano]] da [[órbita]] da [[Terra]] ao [[redor]] do [[Sol]], ou a órbita descrita neste plano
===Tradução===
{{tradini}}
* {{trad|af|sonnebaan}}
* {{trad|gsw|Ekliptik}}
* {{trad|de|Ekliptik}}
* {{trad|ast|eclíptica}}
* {{trad|eu|ekliptika}}
* {{trad|bs|ekliptika}}
* {{trad|bg|еклиптика}}
* {{trad|kn|ಕ್ರಾಂತಿವೃತ್ತ}}
* {{trad|yue|黃道}}
* {{trad|ca|eclíptica}}
* {{trad|cs|ekliptika}}
* {{trad|zh|黄道}}
* {{trad|ko|황도}}
* {{trad|hr|ekliptika}}
* {{trad|da|ekliptika}}
* {{trad|sk|ekliptika}}
* {{trad|sl|ekliptika}}
* {{trad|es|eclíptica}}
* {{trad|eo|ekliptiko}}
* {{trad|et|ekliptika}}
* {{trad|fi|ekliptika}}
* {{trad|fr|écliptique}}
{{tradmeio}}
* {{trad|gl|eclíptica}}
* {{trad|nl|ecliptica}}
* {{trad|hu|ekliptika}}
* {{trad|io|ekliptiko}}
* {{trad|id|ekliptika}}
* {{trad|en|ecliptic}}
* {{trad|is|sólbaugur}}
* {{trad|it|eclittica}}
* {{trad|ja|黄道}} (こうどう、おうどう, kōdō, ōdō)
* {{trad|lt|ekliptika}}
* {{trad|lb|Ekliptik}}
* {{trad|no|ekliptikken}}
* {{trad|nn|ekliptikken}}
* {{trad|fa|دایرةالبروج}}
* {{trad|pl|ekliptyka}}
* {{trad|ro|ecliptică}}
* {{trad|ru|эклиптика}}
* {{trad|sr|еклиптика}}
* {{trad|sv|ekliptikan}}
* {{trad|th|สุริยวิถี}}
* {{trad|tr|tutulum}}
* {{trad|uk|екліптика}}
{{tradfim}}
==Forma de adjetivo==
{{proparoxítona|e|clíp|ti|ca}}, {{f}}
#feminino de '''[[eclíptico]]'''
=={{pronúncia|pt}}==
===Portugal===
* AFI: {{AFI|/e.ˈkli.ti.kɐ/}}
[[Categoria:Substantivo (Português)]]
[[Categoria:Astronomia (Português)]]
[[Categoria:Forma de adjetivo (Português)]]
={{-ast-}}=
==Substantivo==
'''eclíptica'''
# [[eclíptica#Português|eclíptica]]
[[Categoria:Substantivo (Asturiano)]]
[[Categoria:Astronomia (Asturiano)]]
={{-ca-}}=
==Substantivo==
'''eclíptica'''
# [[eclíptica#Português|eclíptica]]
[[Categoria:Substantivo (Catalão)]]
[[Categoria:Astronomia (Catalão)]]
={{-es-}}=
==Substantivo==
'''eclíptica'''
# [[eclíptica#Português|eclíptica]]
[[Categoria:Substantivo (Espanhol)]]
[[Categoria:Astronomia (Espanhol)]]
={{-gl-}}=
==Substantivo==
'''eclíptica'''
# [[eclíptica#Português|eclíptica]]
[[Categoria:Substantivo (Galego)]]
[[Categoria:Astronomia (Galego)]]</text>
<sha1>d4i6uyw780smc6y84ijoa57cgs7de0s</sha1>
</revision>
</page>
