<page>
<title>ecléticos</title>
<ns>0</ns>
<id>350101</id>
<revision>
<id>2334859</id>
<parentid>2122398</parentid>
<timestamp>2017-04-30T15:50:06Z</timestamp>
<contributor>
<username>HydrizBot</username>
<id>29590</id>
</contributor>
<minor />
<comment>Robô: A limpar links interwikis antigos</comment>
<model>wikitext</model>
<format>text/x-wiki</format>
<text bytes="171" xml:space="preserve">={{-pt-}}=
==Forma de adjetivo==
{{proparoxítona|e|clé|ti|cos}}, {{m}}
# plural de [[eclético]]
{{avi-for-fle|eclético}}
[[Categoria:Forma de adjetivo (Português)]]</text>
<sha1>7bpj5d0ciq5amgvoipss0dqm2y9hvrq</sha1>
</revision>
</page>
