<page>
<title>ecléticas</title>
<ns>0</ns>
<id>350100</id>
<revision>
<id>2334857</id>
<parentid>2122399</parentid>
<timestamp>2017-04-30T15:50:03Z</timestamp>
<contributor>
<username>HydrizBot</username>
<id>29590</id>
</contributor>
<minor />
<comment>Robô: A limpar links interwikis antigos</comment>
<model>wikitext</model>
<format>text/x-wiki</format>
<text bytes="180" xml:space="preserve">={{-pt-}}=
==Forma de adjetivo==
{{proparoxítona|e|clé|ti|cas}}, {{f}}
# feminino plural de [[eclético]]
{{avi-for-fle|eclético}}
[[Categoria:Forma de adjetivo (Português)]]</text>
<sha1>3gkmqy02flz8o8bx5c93m6wlewr6sso</sha1>
</revision>
</page>
