<page>
<page>
<title>ecoais</title>
<ns>0</ns>
<id>353165</id>
<revision>
<id>2334864</id>
<parentid>2122395</parentid>
<timestamp>2017-04-30T15:50:25Z</timestamp>
<contributor>
<username>HydrizBot</username>
<id>29590</id>
</contributor>
<minor />
<comment>Robô: A limpar links interwikis antigos</comment>
<model>wikitext</model>
<format>text/x-wiki</format>
<text bytes="227" xml:space="preserve">={{-pt-}}=
==Forma verbal==
{{oxítona|e|co|ais}}
# segunda pessoa do plural do presente do indicativo do verbo [[ecoar]]
{{avi-for-fle|ecoar}}
==Anagramas==
# [[Aécios]]
# [[escoai]]
[[Categoria:Forma verbal (Português)]]</text>
<sha1>cc2c9fz7yeygjbxy9x9lby4yiqnqv9d</sha1>
</revision>
