<page>
<page>
<title>ecoar</title>
<ns>0</ns>
<id>31681</id>
<revision>
<id>2334865</id>
<parentid>2180465</parentid>
<timestamp>2017-04-30T15:50:27Z</timestamp>
<contributor>
<username>HydrizBot</username>
<id>29590</id>
</contributor>
<minor />
<comment>Robô: A limpar links interwikis antigos</comment>
<model>wikitext</model>
<format>text/x-wiki</format>
<text bytes="259" xml:space="preserve">={{-pt-}}=
==Verbo==
{{oxítona|e|co|ar}}, ''intransitivo''
# [[fazer]] [[eco]]
# [[repetir]]
# [[repercutir]]
===Conjugação===
{{conj/pt|ec|oar}}
===Tradução===
{{tradini}}
* {{trad|kea|zini}}
{{tradmeio}} 
{{tradfim}}
[[Categoria:Verbo (Português)]]</text>
<sha1>tbh4f55xqusd7c3q02syjyl66phlx8g</sha1>
</revision>
