<page>
<page>
<title>ecobranqueamento</title>
<ns>0</ns>
<id>389287</id>
<revision>
<id>2473518</id>
<timestamp>2017-12-28T12:22:43Z</timestamp>
<contributor>
<username>DaddyCell</username>
<id>58604</id>
</contributor>
<comment>criar</comment>
<model>wikitext</model>
<format>text/x-wiki</format>
<text bytes="551" xml:space="preserve">{{Wikipédia}}
={{-pt-}}=
==Substantivo==
{{gramática|m}}
# Prática de [[apresentar]] alguma coisa como [[respeitosa]] com o meio ambiente a fim de [[esconder]] ou [[minimizar]] os aspectos da sua [[reputação]] considerados negativos, como atividades ou conseqüências prejudiciais à [[natureza]].
===Tradução===
{{tradini}}
* {{trad|en|greenwashing}}
* {{trad|es|ecoblanqueamiento}}
* {{trad|fr|écoblanchiment}}
{{tradfim}}
=={{etimologia|pt}}==
: {{escopo|Morfologia}} [[eco-]] + [[branqueamento]]
[[Categoria:Substantivo (Português)]]</text>
<sha1>myp3o3q5e2e3uew9k8ajrfch5zavp7n</sha1>
</revision>
