<page>
<title>ecocardiograma</title>
<ns>0</ns>
<id>222016</id>
<revision>
<id>2616314</id>
<parentid>2334866</parentid>
<timestamp>2021-02-01T00:43:39Z</timestamp>
<contributor>
<username>MarxavBot</username>
<id>80155</id>
</contributor>
<minor />
<comment>AFI Portugal</comment>
<model>wikitext</model>
<format>text/x-wiki</format>
<text bytes="344" xml:space="preserve">={{-pt-}}=
==Substantivo==
{{paroxítona|e|co|car|di|o|gra|ma}}, {{m}}
# {{escopo|medicina}} [[ecografia]] do [[coração]]
=={{etimologia|pt}}==
: De ''[[eco-]]'' + ''[[cardiograma]]''
=={{pronúncia|pt}}==
*[[AFI]]: /ɛkokaɾdioˈgrʌmɐ/
===Portugal===
* AFI: {{AFI|/ɛ.kɔ.kaɾ.dju.ˈɡɾɐ.mɐ/}}
[[Categoria:Substantivo (Português)]]</text>
<sha1>8rnhg88dcfdd2zinrjmbsk593jd4gb7</sha1>
</revision>
</page>
