<page>
<title>ecolocalizar</title>
<ns>0</ns>
<id>319254</id>
<revision>
<id>1735987</id>
<timestamp>2013-09-24T00:44:06Z</timestamp>
<contributor>
<username>ValJor</username>
<id>1358</id>
</contributor>
<comment>Por um [[Especial:Lonelypages|wikcionário sem órfãos]]: [[ecolocalizámos]]</comment>
<model>wikitext</model>
<format>text/x-wiki</format>
<text bytes="230" xml:space="preserve">={{-pt-}}=
==Verbo==
{{oxítona|e|co|lo|ca|li|zar}}
# o mesmo que [[ecolocar]]
===Conjugação===
{{conj/pt|ecolocaliz|ar}}
=={{etimologia|pt}}==
: {{escopo|Morfologia}} [[eco]] + [[localizar]].
[[Categoria:Verbo (Português)]]</text>
<sha1>smmyuwmt60wmealrwn6nxazlunuurcd</sha1>
</revision>
</page>
