<page>
<page>
<title>ecologias</title>
<ns>0</ns>
<id>324199</id>
<revision>
<id>2334869</id>
<parentid>1885933</parentid>
<timestamp>2017-04-30T15:50:38Z</timestamp>
<contributor>
<username>HydrizBot</username>
<id>29590</id>
</contributor>
<minor />
<comment>Robô: A limpar links interwikis antigos</comment>
<model>wikitext</model>
<format>text/x-wiki</format>
<text bytes="160" xml:space="preserve">={{-pt-}}=
==Adjetivo==
{{paroxítona|e|co|lo|gi|as}}, {{f}}
# plural de [[ecologia]]
{{avi-for-fle|ecologia}}
[[Categoria:Forma de substantivo (Português)]]</text>
<sha1>paszi7bxmgbdxm1m6n4v5ci0db0rcz4</sha1>
</revision>
