<page>
<page>
<title>ecologia</title>
<ns>0</ns>
<id>4600</id>
<revision>
<id>2618073</id>
<parentid>2468817</parentid>
<timestamp>2021-02-01T05:44:53Z</timestamp>
<contributor>
<username>MarxavBot</username>
<id>80155</id>
</contributor>
<minor />
<comment>AFI Portugal</comment>
<model>wikitext</model>
<format>text/x-wiki</format>
<text bytes="4039" xml:space="preserve">{{Wikipédia}}
{{Wikipédia|lang=ca}}
{{Wikipédia|lang=ia}}
{{Wikipédia|lang=it}}
{{Wikipédia|lang=oc}}
={{-pt-}}=
==Substantivo==
{{flex.pt|fs=ecologia|fp=ecologias}}
{{paroxítona|e|co|lo|gi|a}}, {{f}}
# parte da [[biologia]] que estuda das relações entre os [[ser]]es [[vivo]]s e o [[meio ambiente]]
===Verbetes derivados===
{{verTambém.Ini}}
* [[ecológico]]
{{verTambém.NovaColuna}}
* [[ecologista]]
{{verTambém.Fim}}
===Tradução===
{{tradini}}
* {{trad|af|ekologie}}
* {{trad|sq|ekologjia}}
* {{trad|gsw|ökologie}}
* {{trad|de|Ökologie|Umweltforschung}} ''f''
* {{trad|an|ecolochía}}
* {{trad|ast|ecoloxía}}
* {{trad|eu|ekologia}}
* {{trad|be|экалогія}}
* {{trad|bs|ekologija}}
* {{trad|bg|екология}}
* {{trad|ca|ecologia}}
* {{trad|ceb|ekolohiya}}
* {{trad|cs|ekologie}}
* {{trad|zh|生态学}}
* {{trad|ko|생태학}}
* {{trad|hr|ekologija}}
* {{trad|da|økologi}}
* {{trad|dv|އިކޮލޮޖީ}}
* {{trad|sco|ecologie}}
* {{trad|sk|ekológia}}
* {{trad|sl|ekologija}}
* {{t|es|ecología|f}}
* {{trad|eo|ekologio}}
* {{trad|et|ökoloogia}}
* {{trad|fi|ekologia}}
* {{t|fr|écologie|f}}
* {{trad|fur|ecologjie}}
* {{trad|gd|eigeòlas}}
* {{trad|gl|ecoloxía}}
* {{trad|cy|ecoleg}}
* {{trad|ka|ეკოლოგია}}
* {{trad|el|οικολογία}}
* {{trad|ht|ekoloji}}
* {{trad|haw|kālaikaiaola}}
* {{trad|he|אקולוגיה}}
* {{trad|hi|पारिस्थितिकी}}
* {{trad|nl|ecologie}}
* {{trad|hu|ökológia}}
* {{trad|sah|экология}}
* {{trad|io|ekologio}}
* {{trad|id|ekologi}}
* {{trad|en|ecology}}
* {{trad|ia|ecologia}}
* {{trad|ga|éiceolaíocht}}
{{tradmeio}}
* {{trad|is|vistfræði}}
* {{t|it|ecologia|f}}
* {{trad|ja|生態学}} (せいたいがく, seitaigaku)
* {{trad|jv|ékologi}}
* {{trad|lad|ekolojiya}}
* {{trad|la|oecologia}}
* {{trad|lt|ekologija}}
* {{trad|lmo|eculugía}}
* {{trad|lb|ecologie}}
* {{trad|mk|екологија}}
* {{trad|ms|ekologi}}
* {{trad|mg|ekolojia}}
* {{trad|gv|eggoaylleeaght}}
* {{trad|mi|mātauranga taupuhi kaiao}}
* {{trad|nan|seng-thài-ha̍k}}
* {{trad|mwl|eicologie}}
* {{trad|mn|экологи}}
* {{trad|pih|ekolojii}}
* {{trad|roa-nor|êcologie}}
* {{trad|no|økologi}}
* {{trad|nov|ekologia}}
* {{trad|nn|økologi}}
* {{trad|oc|ecologia}}
* {{trad|fa|بوم‌شناسی}}
* {{trad|pl|ekologia}}
* {{trad|ky|экология}}
* {{trad|ro|ecologie}}
* {{trad|ru|экология}}
* {{trad|sgs|ekuoluogėjė}}
* {{trad|sr|екологија}}
* {{trad|sh|ekologija}}
* {{trad|sv|ekologi}}
* {{trad|su|ékologi}}
* {{trad|tg|экология}}
* {{trad|tl|ekolohiya}}
* {{trad|th|นิเวศวิทยา}}
* {{trad|ta|சூழ்நிலையியல்}}
* {{trad|cv|экологи}}
* {{trad|tr|ekoloji}}
* {{trad|tk|ekologiýa}}
* {{trad|uk|екологія}}
* {{trad|ur|بيئيات}}
* {{trad|vi|sinh thái học}}
{{tradfim}}
=={{etimologia|pt}}==
: {{escopo|Morfologia}} [[eco-]] + [[-logia]].
=={{pronúncia|pt}}==
===Portugal===
* AFI: {{AFI|/ɛ.ku.lu.ˈʒi.ɐ/}}
==Ver também==
===No Wikcionário===
{{verTambém.Ini}}
* [[bioecologia]]
{{verTambém.NovaColuna}}
* [[ZEE]]
{{verTambém.Fim}}
[[Categoria:Substantivo (Português)]]
[[Categoria:Biologia (Português)]]
={{-ca-}}=
==Substantivo==
'''ecologia'''
# [[ecologia#Português|ecologia]]
[[Categoria:Substantivo (Catalão)]]
[[Categoria:Biologia (Catalão)]]
={{-ia-}}=
==Substantivo==
'''ecologia'''
# [[ecologia#Português|ecologia]]
[[Categoria:Substantivo (Interlíngua)]]
[[Categoria:Biologia (Interlíngua)]]
={{-it-}}=
==Substantivo==
{{flex.it|fs=ecologia|fp=ecologie}}
{{paroxítona|e|co|lo|gi|a|lang=it}}, {{f}} {{datação|1911}}
# [[ecologia#Português|ecologia]]
=={{etimologia|it}}==
: {{escopo|Morfologia}} [[eco-]] + [[-logia]].
=={{pronúncia|it}}==
* [[AFI]]: {{AFI|/ekolo'ʤia/}}
[[Categoria:Substantivo (Italiano)]]
[[Categoria:Biologia (Italiano)]]
={{-oc-}}=
==Substantivo==
'''ecologia'''
# [[ecologia#Português|ecologia]]
[[Categoria:Substantivo (Occitano)]]
[[Categoria:Biologia (Occitano)]]</text>
<sha1>alo6khb68f3ppb6ybw44cu3wk02yzxe</sha1>
</revision>
