<page>
<page>
<title>ecológicas</title>
<ns>0</ns>
<id>324201</id>
<revision>
<id>2334875</id>
<parentid>1885930</parentid>
<timestamp>2017-04-30T15:50:55Z</timestamp>
<contributor>
<username>HydrizBot</username>
<id>29590</id>
</contributor>
<minor />
<comment>Robô: A limpar links interwikis antigos</comment>
<model>wikitext</model>
<format>text/x-wiki</format>
<text bytes="184" xml:space="preserve">={{-pt-}}=
==Forma de adjetivo==
{{proparoxítona|e|co|ló|gi|cas}}, {{f}}
# feminino plural de [[ecológico]]
{{avi-for-fle|ecológico}}
[[Categoria:Forma de adjetivo (Português)]]</text>
<sha1>5tq6wmmubvl4jgehqkphiw77i4rxkkk</sha1>
</revision>
