<page>
<page>
<title>ecologistas</title>
<ns>0</ns>
<id>324205</id>
<revision>
<id>2334872</id>
<parentid>1885934</parentid>
<timestamp>2017-04-30T15:50:44Z</timestamp>
<contributor>
<username>HydrizBot</username>
<id>29590</id>
</contributor>
<minor />
<comment>Robô: A limpar links interwikis antigos</comment>
<model>wikitext</model>
<format>text/x-wiki</format>
<text bytes="180" xml:space="preserve">={{-pt-}}=
==Forma de substantivo==
{{paroxítona|e|co|lo|gis|tas}}, {{c2g}}
# plural de [[ecologista]]
{{avi-for-fle|ecologista}}
[[Categoria:Forma de substantivo (Português)]]</text>
<sha1>t7a523xy54de32flq4d08un7pjqk6yj</sha1>
</revision>
