<page>
<page>
<title>ecology</title>
<ns>0</ns>
<id>43001</id>
<revision>
<id>2334873</id>
<parentid>2164505</parentid>
<timestamp>2017-04-30T15:50:51Z</timestamp>
<contributor>
<username>HydrizBot</username>
<id>29590</id>
</contributor>
<minor />
<comment>Robô: A limpar links interwikis antigos</comment>
<model>wikitext</model>
<format>text/x-wiki</format>
<text bytes="96" xml:space="preserve">={{-en-}}=
==Substantivo==
'''Ecology'''
# [[ecologia]].
[[Categoria:Substantivo (Inglês)]]</text>
<sha1>8zdb8uil6p6pls2fok569mkzru9h5ch</sha1>
</revision>
