<page>
<title>ecológica</title>
<ns>0</ns>
<id>324203</id>
<revision>
<id>2334874</id>
<parentid>1885932</parentid>
<timestamp>2017-04-30T15:50:53Z</timestamp>
<contributor>
<username>HydrizBot</username>
<id>29590</id>
</contributor>
<minor />
<comment>Robô: A limpar links interwikis antigos</comment>
<model>wikitext</model>
<format>text/x-wiki</format>
<text bytes="176" xml:space="preserve">={{-pt-}}=
==Forma de adjetivo==
{{proparoxítona|e|co|ló|gi|ca}}, {{f}}
# feminino de [[ecológico]]
{{avi-for-fle|ecológico}}
[[Categoria:Forma de adjetivo (Português)]]</text>
<sha1>b7sou5rux3chmknz8yr2ng1rat4kktb</sha1>
</revision>
</page>
