<page>
<title>ecológicos</title>
<ns>0</ns>
<id>324202</id>
<revision>
<id>2334877</id>
<parentid>1885931</parentid>
<timestamp>2017-04-30T15:50:59Z</timestamp>
<contributor>
<username>HydrizBot</username>
<id>29590</id>
</contributor>
<minor />
<comment>Robô: A limpar links interwikis antigos</comment>
<model>wikitext</model>
<format>text/x-wiki</format>
<text bytes="175" xml:space="preserve">={{-pt-}}=
==Forma de adjetivo==
{{proparoxítona|e|co|ló|gi|cos}}, {{m}}
# plural de [[ecológico]]
{{avi-for-fle|ecológico}}
[[Categoria:Forma de adjetivo (Português)]]</text>
<sha1>obb8j0di3graw375xdr8yww5hz8ttyu</sha1>
</revision>
</page>
