<page>
<page>
<title>economy</title>
<ns>0</ns>
<id>4456</id>
<revision>
<id>2585956</id>
<parentid>2334884</parentid>
<timestamp>2020-04-17T19:33:05Z</timestamp>
<contributor>
<username>ValJor</username>
<id>1358</id>
</contributor>
<comment>Verbete [[:Categoria:!Página com idioma não informado em Predefinição:etimologia|sem indicação do idioma na seção de etimologia]]</comment>
<model>wikitext</model>
<format>text/x-wiki</format>
<text bytes="5588" xml:space="preserve">{{Wikipédia|lang=sco}}
{{Wikipédia|lang=en}}
{{Wikipédia|lang=simple}}
={{-sco-}}=
==Substantivo==
{{flex.sco|s=economy|p=economies|s-div=e.con.o.my|p-div=e.con.o.mies}}
'''e.con.o.my'''
# [[economia]], [[poupança]], [[contenção]] nos [[gasto#Substantivo|gastos]]
# economia, {{PEPB|[[parcimónia]]|[[parcimônia]]|inline=1}}, [[moderação]]
# economia, [[sistema]] {{PEPB|[[económico]]|[[econômico]]|inline=1}}
===Verbetes derivados===
{{verTambém.Ini}}
* {{link opcional|economic|sco}}
* {{link opcional|economics|sco}}
{{verTambém.NovaColuna|33}}
* {{link opcional|economist|sco}}
* {{link opcional|macroeconomics|sco}}
{{verTambém.NovaColuna|34}}
* {{link opcional|microeconomics|sco}}
{{verTambém.Fim}}
=={{etimologia|sco}}==
{{llietimo|la|oeconomia|sco|ponto=não}} e este do {{etm|grc|sco}} {{etimo|grc|οἰκονομία|(oikonomía)}} (&quot;[[administração]] de um [[lar]]&quot;).
==Ver também==
===No Wikcionário===
{{verTambém.Ini}}
* [[money]]
* [[trade]]
{{verTambém.Fim}}
[[Categoria:Substantivo (Escocês)]]
[[Categoria:Polissílabo (Escocês)]]
[[Categoria:Economia (Escocês)]]
[[Categoria:Cognato (Escocês)]]
={{-en-}}=
==Adjetivo==
{{flex.en.adj|economy|&amp;ndash;|&amp;ndash;}}
'''e.{{grifar|con}}.o.my'''
# [[económico]]/[[econômico]], [[frugal]]:
#* ''He bought an '''economy''' car.'' &lt;small&gt;(Ele comprou um carro económico.)&lt;/small&gt;
==Substantivo==
{{flex.en|s=economy|p=economies|s-div=e.{{grifar|con}}.o.my|p-div=e.{{grifar|con}}.o.mies}}
'''e.{{grifar|con}}.o.my'''
# [[economia]], [[poupança]], [[contenção]] nos [[gasto#Substantivo|gastos]]:
#* ''As building costs soared, Clarissa made '''economies''' in the budget for keeping followers.'' &lt;small&gt;(Com os custos de construção muito altos, Clarissa fez economias no orçamento para manter seguidores.)&lt;/small&gt;
# economia, {{PEPB|[[parcimónia]]|[[parcimônia]]|inline=1}}, [[moderação]]
# economia, [[sistema]] {{PEPB|[[económico]]|[[econômico]]|inline=1}}:
#* ''The '''economy''' of the United States is the largest national economy in the world.'' &lt;small&gt;(A economia dos Estados Unidos é a maior economia nacional do mundo.)&lt;/small&gt;
==={{-varort-}}===
* {{link opcional|œconomy|en}}
===Expressões===
* '''[[black economy|black]]'''/'''[[parallel economy|parallel]]'''/'''[[underground economy]]''': {{escopo2|economia}} mercado negro
* '''[[closed economy]]''': {{escopo2|economia}} economia fechada
* '''[[directed economy|directed]]'''/'''[[planned economy]]''': {{escopo2|economia}} economia planificada, economia centralizada
* '''[[economy class]]''': {{escopo2|aeronáutica}} classe económica/econômica
* '''[[economy drive]]''': cinto apertado, tentativa de economizar dinheiro gastando o mínimo possível
* '''[[economy pack]]''': grande quantidade de certo(s) produto(s) comercializados a um preço baixo
* '''[[false economy]]''': ato de tentar economizar ao adquirir-se determinado item que resulta mais tarde em um gasto ainda maior
* '''[[gift economy]]''': {{escopo2|economia}} economia de doação
* '''[[informal economy]]''': {{escopo2|economia}} economia informal
* '''[[market economy]]''': {{escopo2|economia}} economia de mercado, economia de livre mercado
* '''[[Ministry of Economy]]''': {{escopo2|economia, política}} Ministério da Economia
* '''[[mixed economy]]''': {{escopo2|economia}} economia mista
* '''[[open economy]]''': {{escopo2|economia}} economia aberta
* '''[[subsistence economy]]''': {{escopo2|economia}} economia de subsistência
===Verbetes derivados===
{{verTambém.Ini}}
* {{link opcional|economic|en}}
* {{link opcional|economical|en}}
{{verTambém.NovaColuna|25}}
* {{link opcional|economics|en}}
* {{link opcional|economist|en}}
{{verTambém.NovaColuna|25}}
* {{link opcional|economise|en}}/{{link opcional|economize|en}}
* {{link opcional|economy-sized|en}}
{{verTambém.NovaColuna|25}}
* {{link opcional|macroeconomics|en}}
* {{link opcional|microeconomics|en}}
{{verTambém.Fim}}
=={{etimologia|en}}==
{{llietimo|fro|yconomie|en|ponto=não}} e este do {{etm|la|en}} {{etimo|la|oeconomia}} e este do {{etm|grc|en}} {{etimo|grc|οἰκονομία|(oikonomía)}} (&quot;[[administração]] de um [[lar]]&quot;).
:* '''Datação''': [[w:1440|1440]]
=={{pronúncia|en}}==
* [[AFI]]: {{AFI|/iː.ˈkɒ.nə.mi/}}, {{AFI|/ɪ.ˈkɒ.nə.mi/}}
* [[X-SAMPA]]: /i:.&quot;kQ.n@.mi/, /I.&quot;kQ.n@.mi/
: '''Áudio''': {{ouvir|En-us-economy.ogg|&quot;economy&quot; (Estados Unidos)}}
==Ver também==
===No Wikcionário===
{{verTambém.Ini}}
* [[money#{{en}}|money]]
* [[resource#{{en}}|resource]]
{{verTambém.NovaColuna}}
* [[save#{{en}}|save]]
* [[trade#{{en}}|trade]]
{{verTambém.Fim}}
===Referências===
{{verTambém.Ini}}
* {{#ifeq: s|n||&lt;span style=&quot;color:#555;&quot;&gt;(em inglês)&lt;/span&gt;}} “[http://dictionary.cambridge.org/dictionary/learner-english/word_1?q={{urlencode:{{PAGENAME}}}} {{PAGENAME}}]” in ''[[w:en:Cambridge_Advanced_Learner's_Dictionary|Cambridge Advanced Learner's Dictionary]]'', [[w:Cambridge_University_Press|Cambridge University Press]]. {{#if: | Consultado em {{{data}}}.}}
* {{#ifeq: s|n||&lt;span style=&quot;color:#555;&quot;&gt;(em inglês)&lt;/span&gt;}}&amp;nbsp;“[http://www.merriam-webster.com/dictionary/{{urlencode:{{PAGENAME}}}} {{PAGENAME}}]” in ''[[w:Merriam-Webster|Merriam-Webster Online Dictionary]]'', Merriam-Webster Online. {{#if: | Consultado em {{{data}}}.}}
{{verTambém.Fim}}
[[Categoria:Substantivo (Inglês)]]
[[Categoria:Polissílabo (Inglês)]]
[[Categoria:Proparoxítona (Inglês)]]
[[Categoria:Século XV (Inglês)]]
[[Categoria:Economia (Inglês)]]
[[Categoria:Entrada com áudio (Inglês)]]
[[Categoria:Cognato (Inglês)]]</text>
<sha1>e21l2zbe2k233bc0bkanmwbjncr4e41</sha1>
</revision>
