<page>
<page>
<title>econômicos</title>
<ns>0</ns>
<id>190066</id>
<revision>
<id>2625324</id>
<parentid>2624949</parentid>
<timestamp>2021-02-28T17:32:26Z</timestamp>
<contributor>
<username>Ollie Dee1234</username>
<id>80685</id>
</contributor>
<comment>/* Adjetivo */</comment>
<model>wikitext</model>
<format>text/x-wiki</format>
<text bytes="257" xml:space="preserve">={{-pt-}}=
==Forma de adjetivo==
{{flex.pt|ms=econômico|mp=econômicos|fs=econômica|fp=econômicas}}
{{proparoxítona|e|co|nô|mi|cos}}, {{gramática|mp}}
# plural de [[econômico]]
{{avi-for-fle|econômico}}
[[Categoria:Forma de adjetivo (Português)]]</text>
<sha1>l7bvzp5zykzlq7cqjf5wecxax8ds316</sha1>
</revision>
