<page>
<title>econômico</title>
<ns>0</ns>
<id>9646</id>
<revision>
<id>2627906</id>
<parentid>2625295</parentid>
<timestamp>2021-03-30T07:24:59Z</timestamp>
<contributor>
<username>ValJor</username>
<id>1358</id>
</contributor>
<minor />
<comment>Corrigindo a categorização gramatical: Forma de adjetivo --&gt; Adjetivo</comment>
<model>wikitext</model>
<format>text/x-wiki</format>
<text bytes="242" xml:space="preserve">{{grafiaPtbr|económico}}
={{-pt-}}=
==Adjetivo==
{{flex.pt|ms=econômico|mp=econômicos|fs=econômica|fp=econômicas}}
{{proparoxítona|e|co|nô|mi|co}}, {{gramática|ms}}
# vide [[económico]]
[[Categoria:Adjetivo (Português)|economico]]</text>
<sha1>19ego6ytl7zt58l1zfk9cdnfk134ckl</sha1>
</revision>
</page>
