<page>
<title>economias</title>
<ns>0</ns>
<id>190261</id>
<revision>
<id>2334880</id>
<parentid>2122407</parentid>
<timestamp>2017-04-30T15:51:10Z</timestamp>
<contributor>
<username>HydrizBot</username>
<id>29590</id>
</contributor>
<minor />
<comment>Robô: A limpar links interwikis antigos</comment>
<model>wikitext</model>
<format>text/x-wiki</format>
<text bytes="287" xml:space="preserve">={{-pt-}}=
==Substantivo==
{{paroxítona|e|co|no|mi|as}} {{f}} {{p}} {{+info|data=1686}}
# [[dinheiro]], [[bens]] [[economizar|economizados]].
==={{etimologia|pt}}===
* Do [[plural]] de ''[[economia]]''.
[[Categoria:Substantivo (Português)]]
[[Categoria:Pluralia tantum (Português)]]</text>
<sha1>duwaafdmpmo0uyn91om09glc62wmbhr</sha1>
</revision>
</page>
