<page>
<title>económica</title>
<ns>0</ns>
<id>112576</id>
<revision>
<id>2334885</id>
<parentid>1960924</parentid>
<timestamp>2017-04-30T15:51:31Z</timestamp>
<contributor>
<username>HydrizBot</username>
<id>29590</id>
</contributor>
<minor />
<comment>Robô: A limpar links interwikis antigos</comment>
<model>wikitext</model>
<format>text/x-wiki</format>
<text bytes="141" xml:space="preserve">={{-pt-}}=
==Forma de adjetivo==
{{proparoxítona|e|co|nó|mi|ca}}
# feminino de [[económico]]
[[Categoria:Forma de adjetivo (Português)]]</text>
<sha1>mfksdlznlsfq999bp4xt8dpicwlvv4o</sha1>
</revision>
</page>
