<page>
<title>econômica</title>
<ns>0</ns>
<id>190414</id>
<revision>
<id>2625323</id>
<parentid>2624948</parentid>
<timestamp>2021-02-28T17:31:06Z</timestamp>
<contributor>
<username>Ollie Dee1234</username>
<id>80685</id>
</contributor>
<comment>/* Adjetivo */</comment>
<model>wikitext</model>
<format>text/x-wiki</format>
<text bytes="258" xml:space="preserve">={{-pt-}}=
==Forma de adjetivo==
{{flex.pt|ms=econômico|mp=econômicos|fs=econômica|fp=econômicas}}
{{proparoxítona|e|co|nô|mi|ca}}, {{gramática|fs}}
# feminino de [[econômico]]
{{avi-for-fle|econômico}}
[[Categoria:Forma de adjetivo (Português)]]</text>
<sha1>aec49de59mrxnskkt2so8wrezjne5h7</sha1>
</revision>
</page>
