<page>
<title>económico</title>
<ns>0</ns>
<id>9645</id>
<revision>
<id>2627403</id>
<parentid>2627399</parentid>
<timestamp>2021-03-23T11:33:44Z</timestamp>
<contributor>
<username>ValJor</username>
<id>1358</id>
</contributor>
<minor />
<comment>Revertidas edições por [[Especial:Contribuições/89.153.254.63|89.153.254.63]] para a última versão por [[Especial:Contribuições/MarxavBot|MarxavBot]]</comment>
<model>wikitext</model>
<format>text/x-wiki</format>
<text bytes="1720" xml:space="preserve">{{grafiaPtpt|econômico}}
={{-pt-}}=
==Adjetivo==
{{flex.pt|ms=económico|mp=económicos|fs=económica|fp=económicas}}
{{proparoxítona|e|co|nó|mi|co}}
# relativo à [[economia]]
#* &amp;ldquo;''Enquanto sistema '''económico''', o fascismo é socialismo com um verniz capitalista''&amp;rdquo;. &lt;small&gt;([[q:Sheldon_Richman|Sheldon Richman]])&lt;/small&gt;
# que [[gastar|gasta]] o menos [[possível]]; poupado
# [[barato]]
# diz-se do ano de [[gerência]] [[administrativo|administrativa]]
===Tradução===
{{tradini|De 1 (relativo à economia)}}
* {{trad|de|wirtschaftlich}}
* {{trad|ar|اقتصاد}}
* {{trad|br|armerzhel}}
* {{trad|cs|ekonomický}}
* {{trad|es|económico}}
* {{trad|cy|economaidd}}
* {{trad|gn|herokopykuaáva}}
* {{trad|gu|અર્થતંત્રને લગતું}}
* {{trad|hi|अर्थतंत्र संबंधी}}
* {{trad|hu|gazdaságos}}
* {{trad|en|economic}}
{{tradmeio}}
* {{trad|it|economico}}
* {{trad|mr|अर्थशास्त्रीय}}
* {{trad|mwl|eiquenómico}}
* {{trad|pms|econòmich}}
* {{trad|pa|ਅਰਥ ਤਂਤਰ ਸਂਬਂਧੀ}}
* {{trad|sa|परिमितव्ययसम्बन्धी}}
* {{trad|sr|економски}}
* {{trad|sv|ekonomisk}}
* {{trad|val|economic}}
* {{trad|xh|oqoqosho}}
{{tradfim}}
=={{etimologia|pt}}==
{{llietimo|la|oeconomicus|pt|oeconomĭcus|ponto=não}} e este do {{etm|grc|pt}} {{etimo|grc|οἰκονομικός}}.
=={{pronúncia|pt}}==
===Portugal===
* AFI: {{AFI|/i.ku.ˈnɔ.mi.ku/}}
[[Categoria:Adjetivo (Português)]]
[[Categoria:Economia (Português)]]
={{-es-}}=
==Adjetivo==
'''económico'''
# [[económico#Português|económico]]
[[Categoria:Adjetivo (Espanhol)]]
[[Categoria:Economia (Espanhol)]]</text>
<sha1>aab5jdkiy0kox6w1ikvsv87xl44xlkv</sha1>
</revision>
</page>
