<page>
<page>
<title>economizar</title>
<ns>0</ns>
<id>53995</id>
<revision>
<id>2616717</id>
<parentid>2334883</parentid>
<timestamp>2021-02-01T01:52:58Z</timestamp>
<contributor>
<username>MarxavBot</username>
<id>80155</id>
</contributor>
<minor />
<comment>AFI Portugal</comment>
<model>wikitext</model>
<format>text/x-wiki</format>
<text bytes="183" xml:space="preserve">={{-pt-}}=
==Verbo==
'''e.co.no.mi.zar''' 
# ([[transitivo]])
## [[poupar]]
=={{pronúncia|pt}}==
===Portugal===
* AFI: {{AFI|/i.kɔ.nu.mi.ˈzaɾ/}}
[[Categoria:Verbo (Português)]]</text>
<sha1>blkowiindr3huuoxlj26om5dhd8swf7</sha1>
</revision>
