<page>
<page>
<title>Ecoopi</title>
<ns>0</ns>
<id>403283</id>
<revision>
<id>2526992</id>
<timestamp>2018-11-23T12:13:30Z</timestamp>
<contributor>
<username>ValJor</username>
<id>1358</id>
</contributor>
<comment>Criação do verbete a partir da [[Especial:Páginas_pedidas|lista de palavras pedidas]]</comment>
<model>wikitext</model>
<format>text/x-wiki</format>
<text bytes="463" xml:space="preserve">{{Wikipédia|lang=wo}}
[[Imagem:Flag of Ethiopia.svg|thumb|right|250px|&lt;center&gt;Bandeira da Etiópia&lt;/center&gt;]]
[[Imagem:LocationEthiopia.svg|thumb|right|250px|&lt;center&gt;Localização da Etiópia&lt;/center&gt;]]
={{-wo-}}=
==Substantivo==
'''Ecoopi''', {{gramática|pr}}
# {{escopo|wo|Geografia}} [[Etiópia]]
==Ver também==
===No Wikcionário===
{{África/wo}}
[[Categoria:Substantivo (Uolofe)]]
[[Categoria:País (Uolofe)]]
[[Categoria:Entrada com imagem (Uolofe)]]</text>
<sha1>d31ipwfwbguiqh03po18b3796h1t30w</sha1>
</revision>
