<page>
<title>Ecoporanga</title>
<ns>0</ns>
<id>144801</id>
<revision>
<id>2268194</id>
<parentid>1196213</parentid>
<timestamp>2017-04-26T16:48:18Z</timestamp>
<contributor>
<username>HydrizBot</username>
<id>29590</id>
</contributor>
<minor />
<comment>Robô: A limpar links interwikis antigos</comment>
<model>wikitext</model>
<format>text/x-wiki</format>
<text bytes="274" xml:space="preserve">={{-pt-}}=
{{Wikipédia}}
==Substantivo==
'''Ecoporanga''' {{pr}}
#[[município]] [[brasileiro]] do [[estado]] do [[Espírito Santo]]
==Ver também==
*[[Apêndice:Municípios do estado do Espírito Santo]]
[[Categoria:Município do estado do Espírito Santo (Português)]]</text>
<sha1>704s33ushvnxtl1edfakq13abil6s5i</sha1>
</revision>
</page>
