<page>
<page>
<title>ecossistemas</title>
<ns>0</ns>
<id>221582</id>
<revision>
<id>2334894</id>
<parentid>1206758</parentid>
<timestamp>2017-04-30T15:51:48Z</timestamp>
<contributor>
<username>HydrizBot</username>
<id>29590</id>
</contributor>
<minor />
<comment>Robô: A limpar links interwikis antigos</comment>
<model>wikitext</model>
<format>text/x-wiki</format>
<text bytes="148" xml:space="preserve">={{-pt-}}=
==Forma de substantivo==
{{paroxítona|e|cos|sis|te|mas}}
# [[plural]] de [[ecossistema]]
[[Categoria:Forma de substantivo (Português)]]</text>
<sha1>jgexwjyryc9b5bn0gybql20nwdquqel</sha1>
</revision>
