<page>
<title>ecosfera</title>
<ns>0</ns>
<id>221583</id>
<revision>
<id>2334892</id>
<parentid>2082303</parentid>
<timestamp>2017-04-30T15:51:44Z</timestamp>
<contributor>
<username>HydrizBot</username>
<id>29590</id>
</contributor>
<minor />
<comment>Robô: A limpar links interwikis antigos</comment>
<model>wikitext</model>
<format>text/x-wiki</format>
<text bytes="253" xml:space="preserve">={{-pt-}}=
==Substantivo==
{{flex.pt|fs=ecosfera|fp=ecosferas}}
{{paroxítona|e|cos|fe|ra}}, {{gramática|f}}
# {{escopo|Geofísica}} conjunto de regiões do [[universo]] onde podem existir [[organismo]]s [[vivo]]s
[[Categoria:Substantivo (Português)]]</text>
<sha1>bbx8vqoxznahcqhn6jbpzrg1x50ufjj</sha1>
</revision>
</page>
