<page>
<title>ecos</title>
<ns>0</ns>
<id>92596</id>
<revision>
<id>2334891</id>
<parentid>1960921</parentid>
<timestamp>2017-04-30T15:51:43Z</timestamp>
<contributor>
<username>HydrizBot</username>
<id>29590</id>
</contributor>
<minor />
<comment>Robô: A limpar links interwikis antigos</comment>
<model>wikitext</model>
<format>text/x-wiki</format>
<text bytes="373" xml:space="preserve">={{-pt-}}=
==Forma de substantivo==
{{paroxítona|e|cos}}, {{m}}
# plural de [[eco]]
{{avi-for-fle|eco}}
==Anagramas==
* [[coes]]
* [[seco]]
[[Categoria:Forma de substantivo (Português)]]
={{-es-}}=
==Forma de substantivo==
{{paroxítona|e|cos|lang=es}}, {{m}}
# plural de [[eco#{{es}}|eco]]
{{avi-for-fle|eco|lang=es}}
[[Categoria:Forma de substantivo (Espanhol)]]</text>
<sha1>2zknb63x0zw9ty52r0h7bm9hql99e2j</sha1>
</revision>
</page>
