<page>
<title>ecoton</title>
<ns>0</ns>
<id>240124</id>
<revision>
<id>2668316</id>
<parentid>912309</parentid>
<timestamp>2022-03-26T10:39:10Z</timestamp>
<contributor>
<username>ValJor</username>
<id>1358</id>
</contributor>
<comment>Já fazia mais de dez anos que ninguém atualizava esse verbete</comment>
<model>wikitext</model>
<format>text/x-wiki</format>
<text bytes="146" xml:space="preserve">{{Wikipédia|lang=ro}}
={{-ro-}}=
==Substantivo==
'''ecoton'''
# [[ecótono]]
[[Categoria:Substantivo (Romeno)]]
[[Categoria:Biologia (Romeno)]]</text>
<sha1>tfofar4ef1zc0y9qe86bwtq6tc8j6z0</sha1>
</revision>
</page>
