<page>
<page>
<title>ecotone</title>
<ns>0</ns>
<id>240118</id>
<revision>
<id>2528284</id>
<parentid>2334895</parentid>
<timestamp>2018-12-08T23:42:36Z</timestamp>
<contributor>
<username>ValJor</username>
<id>1358</id>
</contributor>
<comment>Confirmando [[:Categoria:!Entrada criada por robô|verbete criado por robô]]</comment>
<model>wikitext</model>
<format>text/x-wiki</format>
<text bytes="149" xml:space="preserve">{{Wikipédia|lang=en}}
={{-en-}}=
==Substantivo==
'''ecotone'''
# [[ecótono]]
[[Categoria:Substantivo (Inglês)]]
[[Categoria:Biologia (Inglês)]]</text>
<sha1>4ayvwc220x46f3bgohakhg63wl882hy</sha1>
</revision>
