<page>
<page>
<title>ectotérmico</title>
<ns>0</ns>
<id>294118</id>
<revision>
<id>2104724</id>
<parentid>1435068</parentid>
<timestamp>2016-05-28T20:34:23Z</timestamp>
<contributor>
<username>Luan</username>
<id>1279</id>
</contributor>
<comment>/* {{-pt-}} */</comment>
<model>wikitext</model>
<format>text/x-wiki</format>
<text bytes="309" xml:space="preserve">={{-pt-}}=
==Adjetivo==
{{flex.pt|ms=ectotérmico|mp=ectotérmicos|fs=ectotérmica|fp=ectotérmicas}}
{{proparoxítona|ec|to|tér|mi|co}}
# que não possui [[temperatura]] [[corporal]] [[constante]]
=={{etimologia|pt}}==
: De ''[[ecto-]]'' + ''[[termo-]]'' + ''[[-ico]]''.
[[Categoria:Adjetivo (Português)]]</text>
<sha1>ibc0ti6e5fapzj08j5zl80mxvvkohkm</sha1>
</revision>
