<page>
<page>
<title>ectoprocto</title>
<ns>0</ns>
<id>14841</id>
<revision>
<id>1193482</id>
<parentid>1026956</parentid>
<timestamp>2011-07-08T22:41:38Z</timestamp>
<contributor>
<username>MalafayaBot</username>
<id>628</id>
</contributor>
<minor />
<comment>Robô: Substituição de texto automática (-^\=\s?Português\s?\= +={{-pt-}}= &amp; -^\=\s?\{\{pt\}\}\s?\= +={{-pt-}}=)</comment>
<model>wikitext</model>
<format>text/x-wiki</format>
<text bytes="607" xml:space="preserve">={{-pt-}}=
==Substantivo==
{{flex.pt|ms=ectoprocto|mp=ectoproctos}}
{{paroxítona|ec|to|proc|to}}
# [[indivíduo]] do subfilo dos ectoproctos (Ectoprocta), [[filo]] dos briozoários; são [[animal|animais]] [[marinho]]s, coloniais, lofoforados, que formam esqueletos de carbonato de cálcio, e cujo ânus se situa atrás do anel de tentáculos
==Ver também==
===No Wikcionário===
{{verTambém.Ini}}
* [[ectoprocta]]
{{verTambém.NovaColuna}}
* [[entoprocto]]
{{verTambém.Fim}}
===Na Wikipédia===
* [[w:Ectoprocta|Ectoprocta]]
[[Categoria:Substantivo (Português)]]
[[Categoria:Biologia (Português)]]</text>
<sha1>cp2eaiocosdir21oivul2rn9p699szn</sha1>
</revision>
