<page>
<title>ectoplasma</title>
<ns>0</ns>
<id>315791</id>
<revision>
<id>2689619</id>
<parentid>2565944</parentid>
<timestamp>2022-10-19T17:39:06Z</timestamp>
<contributor>
<username>InternetArchiveBot</username>
<id>81604</id>
</contributor>
<comment>Rescuing 1 sources and tagging 0 as dead.) #IABot (v2.0.9.2</comment>
<model>wikitext</model>
<format>text/x-wiki</format>
<text bytes="2752" xml:space="preserve">{{Wikipédia}}
={{-pt-}}=
==Substantivo==
{{paroxítona|ec|to|plas|ma}}, {{gramática|m}}, {{+info|data=1894|uso=citologia/parapsicologia/espiritismo/conscienciologia}}&lt;ref&gt;Taylor, Troy: ''[https://web.archive.org/web/20070213235725/http://www.prairieghosts.com/ectoplasm.html &quot;Ectoplasm&quot; - The Haunted Museum] (em inglês)''. Visitada 2013-06-15.&lt;/ref&gt;
# {{escopo|pt|Biologia}} camada externa do bioplasma; [[citoplasma]] extracelular
#* ''&quot;O plasma intra e o extracelular, também chamado de '''ectoplasma''', possuem consistências diferentes.&quot;''
# {{escopo|pt|Parapsicologia}} substância de composição predominantemente gasosa e origem desconhecida emanada por indivíduos aptos ou ainda exalada inconscientemente; plasma de origem psíquica
#* ''&quot;É muito comum se ouvir o termo '''ectoplasma''' quando se fala de cirurgias espirituais.&quot;''
# {{escopo|pt|Espiritismo}} {{escopo2|Ocultismo}} fenômeno paranormal de o que proporciona corporificação; aparição oriunda de materialização
#* ''&quot;Quando revelou a foto se surpreendeu com uma mancha branca. Dizia se tratar de '''ectoplasma'''.&quot;''
===Antónimos===
* De '''1''' (camada externa do bioplasma): [[endoplasma]]
===Sinónimos===
* De '''1''' (camada externa do bioplasma): [[exoplasma]]
* De '''2''' (plasma de origem psíquica): fluido vital
* De '''3''' (fenômeno paranormal de o que proporciona corporificação): [[fantasma]], gosma fantasmagórica
===Tradução===
{{tradini|De 1 &amp; 2}}
* {{t|de|Ektoplasma|n}}
* {{trad|es|ectoplasma}}
* {{trad|fr|ectoplasme}}
* {{t|el|εκτόπλασμα|n|ektoplasma}}
* {{trad|en|ectoplasm}}
{{tradmeio}}
* {{trad|it|ectoplasma}}
* {{trad|nl|ectoplasma}}
* {{trad|pl|ektoplazma}}
* {{t|ru|эктоплазма|f|ektoplasma}}
{{tradfim}}
{{tradini|De 3}}
* {{trad|es|ectoplasma}}
* {{trad|fr|ectoplasme}}
{{tradmeio}}
* {{trad|en|ectoplasm}}
{{tradfim}}
===Verbetes derivados===
{{verTambém.Ini}}
* [[ectoplasmático]]
* [[ectoplasmia]]
* [[ectoplásmico]]
* [[ectoplasia]]
{{verTambém.NovaColuna}}
* [[ectoplasta]]
* [[ectoplastia]]
* [[ectoplástico]]
* [[ectoplasto]]
{{verTambém.Fim}}
=={{etimologia|pt}}==
: Neologismo criado, a partir do grego, pelo médico francês Charles R. Richet (* 1850; † 1935) composto dos termos {{etimo|el|εκτός|(ektós)}} «fora», «para além de» e {{etimo|el|πλάσμα|(plásma)}} «moldado» ou «formado», «imagem», «corpo», «ficção».
==Ver também==
===No Wikcionário===
{{verTambém.Ini}}
* [[citologia]]
{{verTambém.NovaColuna}}
* [[histologia]]
{{verTambém.NovaColuna}}
* [[paranormal]]
{{verTambém.Fim}}
{{Referências}}
==Ligações externas==
* {{Michaelis}}
* {{DPLP}}
* {{VOP}}
[[Categoria:Substantivo (Português)]]
[[Categoria:Parapsiquismo (Português)]]</text>
<sha1>rkfl9kz9vvq9mh231lu9is9vip7yq9t</sha1>
</revision>
</page>
