<page>
<title>ectoplastia</title>
<ns>0</ns>
<id>315798</id>
<revision>
<id>2045728</id>
<parentid>1803611</parentid>
<timestamp>2015-12-07T18:58:25Z</timestamp>
<contributor>
<username>ValJor</username>
<id>1358</id>
</contributor>
<comment>Melhorando a apresentação do verbete</comment>
<model>wikitext</model>
<format>text/x-wiki</format>
<text bytes="802" xml:space="preserve">={{-pt-}}=
==Substantivo==
{{paroxítona|ec|to|plas|ti|a}} {{f}}
# fenômeno físico ou efeitos produzidos a partir da [[ectoplasmia]]&lt;sup&gt;1&lt;/sup&gt;, &lt;sup&gt;2&lt;/sup&gt;; manifestação [[ectoplástico|ectoplástica]]
# intervenção através do [[ectoplasma]]&lt;sup&gt;2&lt;/sup&gt;
===Expressões===
* '''[[neuro ectoplastia]]''': a [[ectoplasmia]] a partir do [[sistema nervoso central]]
===Verbetes derivados===
{{verTambém.Ini}}
* [[ectoplasta]]
{{verTambém.NovaColuna}}
* [[ectoplasto]]
{{verTambém.Fim}}
=={{etimologia|pt}}==
: Aglutinação dos termos gregos {{etimo|el|εκτός|(éktos)}} «fora», «para além de» e {{etimo|el|πλαστός|(plastós)}} «formado», «moldado».
==Ligações externas==
* {{Michaelis}}
[[Categoria:Substantivo (Português)]]
[[Categoria:Parapsiquismo (Português)]]</text>
<sha1>74cm9mfe50sixi8kboikg7mwxgd9jnq</sha1>
</revision>
</page>
