<page>
<page>
<title>ectoplasmia</title>
<ns>0</ns>
<id>315797</id>
<revision>
<id>1809530</id>
<parentid>1809523</parentid>
<timestamp>2014-02-04T01:34:29Z</timestamp>
<contributor>
<username>ValJor</username>
<id>1358</id>
</contributor>
<minor />
<comment>Revertidas edições por [[Especial:Contribuições/187.113.89.13|187.113.89.13]] para a última versão por [[Especial:Contribuições/AlchemistOfJoy|AlchemistOfJoy]]</comment>
<model>wikitext</model>
<format>text/x-wiki</format>
<text bytes="1133" xml:space="preserve">={{-pt-}}=
==Substantivo==
{{paroxítona|ec|to|plas|mi|a}}, {{f}}
# o [[ectoplasma]]&lt;sup&gt;2&lt;/sup&gt; enquanto fenômeno; efeito ou fenômeno produzido por ectoplasma
#* ''&quot;Alegava-se que a levitação, a materialização, a telecinesia e o poltergeist (dentre outros) seriam fenômenos inerentes à '''ectoplasmia'''.&quot;''
# modelação ou manejo do [[ectoplasma]]&lt;sup&gt;2&lt;/sup&gt;; exteriorização de ectoplasma
# {{escopo|Parapsicologia}} pseudociência que estuda o [[ectoplasma]]&lt;sup&gt;2&lt;/sup&gt; e os fenômenos relacionados a este
#* ''&quot;Os médiuns queriam colaborar com os cientistas para realizar experimentos de '''ectoplasmia'''.&quot;''
===Sinônimo===
* [[manifestação ectoplástica]]
===Tradução===
{{tradini}}
* {{t|de|Ektoplasmie|f}}
* {{trad|es|ectoplasmia}}
{{tradmeio}}
* {{trad|en|ectoplasmy}}
{{tradfim}}
===Verbetes derivados===
{{verTambém.Ini}}
* [[ectoplasmático]]
{{verTambém.NovaColuna}}
* [[ectoplásmico]]
{{verTambém.Fim}}
==Ver também==
===No Wikcionário===
* [[ectoplastia]]
==Ligações externas==
* {{Michaelis|ectoplasmia}}
[[Categoria:Substantivo (Português)]]
[[Categoria:Parapsiquismo (Português)]]</text>
<sha1>plw01fufwv65lsbo49csa99ffnqf3dh</sha1>
</revision>
