<page>
<title>ectoplasta</title>
<ns>0</ns>
<id>315792</id>
<revision>
<id>1939921</id>
<parentid>1803615</parentid>
<timestamp>2015-06-08T17:34:46Z</timestamp>
<contributor>
<username>ValJor</username>
<id>1358</id>
</contributor>
<comment>Corrigindo a categorização</comment>
<model>wikitext</model>
<format>text/x-wiki</format>
<text bytes="1259" xml:space="preserve">={{-pt-}}=
==Adjetivo==
{{flex.pt|s=ectoplasta|p=ectoplastas}}
{{paroxítona|ec|to|plas|ta}} {{m}}/{{f}}
# {{escopo|Parapsicologia}} aquele que produz ou controla [[ectoplasmia]]
#* ''&quot;Supunha-se que o médium Arigó, além de ser '''ectoplasta''', incorparava entidade conhecida como Dr. Fritz, em suas curas espirituais.&quot;''
===Expressões===
* '''médium ectoplasta''': 
* '''sensitivo ectoplasta''': 
==Substantivo==
{{flex.pt|ectoplasta|ectoplastas}}
{{paroxítona|ec|to|plas|ta}} {{m}}
# {{escopo|Parapsicologia}} {{escopo|Espiritismo}} designação para indivíduo que produz, emite ou controla a substância conhecida como [[ectoplasma]]; pessoa capaz de produzir [[ectoplasmia]]
#* ''&quot;O '''ectoplasta''' domina habitualmente o ectoplasma e tem a habilidade de produzí-lo de maneira espontânea.&quot;''
===Sinônimos===
{{verTambém.Ini}}
* [[médium]]
{{verTambém.NovaColuna}}
* [[psiquê]]
{{verTambém.NovaColuna}}
* [[sensitivo#Substantivo|sensitivo]]&lt;sup&gt;1&lt;/sup&gt;&lt;sup&gt;3&lt;/sup&gt;
{{verTambém.Fim}}
===Tradução===
{{tradini-checar}}
* {{trad|de|Ektoplastischer}}
{{tradmeio}}
* {{trad|en|ectoplastic}}
{{tradfim}}
==Ver também==
===No Wikcionário===
* [[ectoplastia]]
[[Categoria:Adjetivo (Português)]]
[[Categoria:Parapsiquismo (Português)]]</text>
<sha1>k6rz53svwtwrhpg0hnwwmih7krmwksx</sha1>
</revision>
</page>
