<page>
<title>ECU</title>
<ns>0</ns>
<id>415432</id>
<revision>
<id>2577498</id>
<parentid>2561523</parentid>
<timestamp>2020-02-17T11:30:15Z</timestamp>
<contributor>
<username>ValJor</username>
<id>1358</id>
</contributor>
<comment>Melhorando a apresentação do verbete usando a [[:predefinição:cria-entrada]]</comment>
<model>wikitext</model>
<format>text/x-wiki</format>
<text bytes="199" xml:space="preserve">{{Wikipédia|lang=en}}
={{-en-}}=
==Sigla==
'''ECU'''
# {{escopo|en|Economia|Arcaico}} [[European]] [[currency|Currency]] [[unit|Unit]], moeda predecessora do [[euro]]
[[Categoria:Sigla (Inglês)]]</text>
<sha1>3lrwhrglc6bssar23ndmwvi3y1t1o6x</sha1>
</revision>
</page>
