<page>
<title>Ecuador</title>
<ns>0</ns>
<id>51206</id>
<revision>
<id>2453880</id>
<parentid>2268195</parentid>
<timestamp>2017-10-07T09:47:51Z</timestamp>
<contributor>
<username>Spanier</username>
<id>43713</id>
</contributor>
<comment>códigos</comment>
<model>wikitext</model>
<format>text/x-wiki</format>
<text bytes="5976" xml:space="preserve">[[Imagem:Flag of Ecuador.svg|thumb|300px|&lt;center&gt;Bandeira do Equador&lt;/center&gt;]]
[[Imagem:LocationEcuador.svg|thumb|300px|&lt;center&gt;Localização do Equador&lt;/center&gt;]]
={{-af-}}=
==Substantivo==
'''Ecuador''', {{pr}}
#{{escopo|af|país}} [[Equador]]
==Ver também==
===No Wikcionário===
{{América/af}}
{{categorias|{{nome categoria|af}}|Substantivo|Entrada com imagem}}
={{-de-}}=
==Substantivo==
{{oxítona|E|cua|dor|lang=de}}, {{gramática|n|pr}}
#{{escopo|de|país}} [[Equador]]
=={{pronúncia|de}}==
* [[AFI]]: {{AFI|/eku̯aˈdoːɐ̯/|de}} {{audio|De-Ecuador.ogg|ouvir|lang=de}}
==Ver também==
===No Wikcionário===
{{América/de}}
{{categorias|{{nome categoria|de}}|Substantivo|Entrada com imagem}}
={{-an-}}=
==Substantivo==
'''Ecuador''', {{pr}}
#{{escopo|an|país}} [[Equador]]
==Ver também==
===No Wikcionário===
{{América/an}}
{{categorias|{{nome categoria|an}}|Substantivo|Entrada com imagem}}
={{-ast-}}=
==Substantivo==
'''Ecuador''', {{pr}}
#{{escopo|ast|país}} [[Equador]]
==Ver também==
===No Wikcionário===
{{América/ast}}
{{categorias|{{nome categoria|ast}}|Substantivo|Entrada com imagem}}
={{-nds-}}=
==Substantivo==
'''Ecuador''', {{pr}}
#{{escopo|nds|país}} [[Equador]]
==Ver também==
===No Wikcionário===
{{América/nds}}
{{categorias|{{nome categoria|nds}}|Substantivo|Entrada com imagem}}
={{-da-}}=
==Substantivo==
'''Ecuador''', {{pr}}
#{{escopo|da|país}} [[Equador]]
==Ver também==
===No Wikcionário===
{{América/da}}
{{categorias|{{nome categoria|da}}|Substantivo|Entrada com imagem}}
={{-es-}}=
==Substantivo==
'''Ecuador''', {{pr}}
#{{escopo|es|país}} [[Equador]]
==Ver também==
===No Wikcionário===
{{América/es}}
{{categorias|{{nome categoria|es}}|Substantivo|Entrada com imagem}}
={{-et-}}=
==Substantivo==
'''Ecuador''', {{pr}}
#{{escopo|et|país}} [[Equador]]
==Ver também==
===No Wikcionário===
{{América/et}}
{{categorias|{{nome categoria|et}}|Substantivo|Entrada com imagem}}
={{-fi-}}=
==Substantivo==
'''Ecuador''', {{pr}}
#{{escopo|fi|país}} [[Equador]]
==Ver também==
===No Wikcionário===
{{América/fi}}
{{categorias|{{nome categoria|fi}}|Substantivo|Entrada com imagem}}
={{-gl-}}=
==Substantivo==
'''Ecuador''', {{pr}}
#{{escopo|gl|país}} [[Equador]]
==Ver também==
===No Wikcionário===
{{América/gl}}
{{categorias|{{nome categoria|gl}}|Substantivo|Entrada com imagem}}
={{-nl-}}=
==Substantivo==
'''Ecuador''', {{pr}}
#{{escopo|país}} [[Equador]]
==Ver também==
===No Wikcionário===
{{América/nl}}
{{categorias|{{nome categoria|nl}}|Substantivo|Topónimo|País|Entrada com imagem}}
={{-hu-}}=
==Substantivo==
'''Ecuador''', {{pr}}
#{{escopo|hu|país}} [[Equador]]
==Ver também==
===No Wikcionário===
{{América/hu}}
{{categorias|{{nome categoria|hu}}|Substantivo|Entrada com imagem}}
={{-ilo-}}=
==Substantivo==
'''Ecuador''', {{pr}}
#{{escopo|ilo|país}} [[Equador]]
==Ver também==
===No Wikcionário===
{{América/ilo}}
{{categorias|{{nome categoria|ilo}}|Substantivo|Entrada com imagem}}
={{-en-}}=
==Substantivo==
'''Ecuador''', {{pr}}
#{{escopo|en|país}} [[Equador]]
==Ver também==
===No Wikcionário===
{{América/en}}
{{categorias|{{nome categoria|en}}|Substantivo|Entrada com imagem}}
={{-ia-}}=
==Substantivo==
'''Ecuador''', {{pr}}
#{{escopo|ia|país}} [[Equador]]
==Ver também==
===No Wikcionário===
{{América/ia}}
{{categorias|{{nome categoria|ia}}|Substantivo|Entrada com imagem}}
={{-it-}}=
==Substantivo==
'''Ecuador''', {{pr}}
#{{escopo|it|país}} [[Equador]]
==Ver também==
===No Wikcionário===
{{América/it}}
{{categorias|{{nome categoria|it}}|Substantivo|Entrada com imagem}}
={{-lfn-}}=
==Substantivo==
{{oxítona|E|cu|a|dor|lang=lfn}}, {{pr}}
#{{escopo|lfn|país}} [[Equador]]
===Grafias alternativas===
* '''[[alfabeto cirílico|Alfabeto cirílico]]:''' {{l.s.|Екуадор|{{lfn}}}}
===Termos derivados===
{{verTambém.Ini}}
* {{link opcional|ecuadoran|lfn}}
{{verTambém.NovaColuna}}
{{verTambém.Fim}}
==Ver também==
===No Wikcionário===
{{América/lfn}}
{{categorias|{{nome categoria|lfn}}|Substantivo|Entrada com imagem}}
={{-ms-}}=
==Substantivo==
'''Ecuador''', {{pr}}
#{{escopo|ms|país}} [[Equador]]
==Ver também==
===No Wikcionário===
{{América/ms}}
{{categorias|{{nome categoria|ms}}|Substantivo|Entrada com imagem}}
={{-no-}}=
==Substantivo==
'''Ecuador''', {{pr}}
#{{escopo|no|país}} [[Equador]]
==Ver também==
===No Wikcionário===
{{América/no}}
{{categorias|{{nome categoria|no}}|Substantivo|Entrada com imagem}}
={{-nn-}}=
==Substantivo==
'''Ecuador''', {{pr}}
#{{escopo|nn|país}} [[Equador]]
==Ver também==
===No Wikcionário===
{{América/nn}}
{{categorias|{{nome categoria|nn}}|Substantivo|Entrada com imagem}}
={{-pam-}}=
==Substantivo==
'''Ecuador''', {{pr}}
#{{escopo|pam|país}} [[Equador]]
==Ver também==
===No Wikcionário===
{{América/pam}}
{{categorias|{{nome categoria|pam}}|Substantivo|Entrada com imagem}}
={{-ro-}}=
{{Wikipédia|lang=ro}}
==Substantivo==
'''Ecuador''', {{pr}}
#{{escopo|ro|país}} [[Equador]]
===Variante===
*[[Republica Ecuador]]
===Grafias alternativas===
* [[alfabeto cirílico|Alfabeto cirílico]]:  {{escopo2|moldavo}}  {{l.s.|Екуадор|{{mo}}}} ''(Somente na Transnístria)''
==Ver também==
===No Wikcionário===
{{América/ro}}
{{categorias|{{nome categoria|ro}}|Substantivo|Entrada com imagem}}
={{-sv-}}=
==Substantivo==
'''Ecuador''', {{pr}}
#{{escopo|sv|país}} [[Equador]]
==Ver também==
===No Wikcionário===
{{América/sv}}
{{categorias|{{nome categoria|sv}}|Substantivo|Entrada com imagem}}
={{-tl-}}=
==Substantivo==
'''Ecuador''', {{pr}}
#{{escopo|tl|país}} [[Equador]]
==Ver também==
===No Wikcionário===
{{América/tl}}
{{categorias|{{nome categoria|tl}}|Substantivo|Entrada com imagem}}
={{-vi-}}=
==Substantivo==
'''Ecuador''', {{pr}}
#{{escopo|vi|país}} [[Equador]]
==Ver também==
===No Wikcionário===
{{América/vi}}
{{categorias|{{nome categoria|vi}}|Substantivo|Entrada com imagem}}</text>
<sha1>4cwo741l1s6ey6pizdaxnkuslnm4xhn</sha1>
</revision>
</page>
