<page>
<page>
<title>Ecuatôr</title>
<ns>0</ns>
<id>133946</id>
<revision>
<id>2226678</id>
<parentid>1615152</parentid>
<timestamp>2017-01-22T16:17:37Z</timestamp>
<contributor>
<username>Defender</username>
<id>15952</id>
</contributor>
<model>wikitext</model>
<format>text/x-wiki</format>
<text bytes="1300" xml:space="preserve">[[Ficheiro:Flag of Ecuador.svg|thumb|150px|'''Ecuatôr''' (&quot;[[Equador]]&quot;)]]
={{-fur-}}=
{{Wikipédia|L'ecuatôr|Ecuatôr|lang=fur}}
{{ver também|ecuatôr}}
==Substantivo==
[[Ficheiro:World map with equator.svg|thumb|175px|'''Ecuatôr''' (&quot;linha do Equador&quot;)]]
'''E.cua.tôr''', {{g|pr}}
# {{escopo|fur|País}} [[Equador]], [[país]] da [[América do Sul]]
# {{escopo|fur|Geografia}} Equador, [[linha]] {{o/a|imaginári}} [[perpendicular]] ao [[eixo]] da [[Terra]] que a [[dividir|divide]] em {{link preto|hemisfério norte}} e {{link preto|hemisfério sul}}:
#: ''L´'''Ecuatôr''' al divît la {{link preto|Tiere}} in doi emisferis.'' &lt;small&gt;(O Equador divide a Terra em [[dois]] [[hemisfério]]s.)&lt;/small&gt;
=={{etimologia|fur}}==
* De '''1''':
{{llietimo|es|Ecuador|fur}}
* De '''2''':
{{llietimo|la|aequator|fur}}
==Ver também==
===No Wikcionário===
{{verTambém.Ini}}
* {{link preto|Circul Polâr Antartic}}
* {{link preto|Circul Polâr Artic}}
{{verTambém.NovaColuna|34}}
* {{link preto|Quito}}
* {{link preto|Tropic dal Capricorni}}
{{verTambém.NovaColuna|33}}
* {{link preto|Tropic dal Gjambar}}
{{verTambém.Fim}}
{{América/fur}}
[[Categoria:Substantivo (Friuliano)]]
[[Categoria:Trissílabo (Friuliano)]]
[[Categoria:Entrada com imagem (Friuliano)]]
[[Categoria:Cognato (Friuliano)]]</text>
<sha1>andc6mxl4yx8l3oyacx8p58ityikh9m</sha1>
</revision>
