<page>
<page>
<title>ecuadoran</title>
<ns>0</ns>
<id>339997</id>
<revision>
<id>2334903</id>
<parentid>1934738</parentid>
<timestamp>2017-04-30T15:52:11Z</timestamp>
<contributor>
<username>HydrizBot</username>
<id>29590</id>
</contributor>
<minor />
<comment>Robô: A limpar links interwikis antigos</comment>
<model>wikitext</model>
<format>text/x-wiki</format>
<text bytes="506" xml:space="preserve">={{-lfn-}}=
{{flex.lfn|ecuadoran|ecuadoranes}}
==Substantivo==
{{oxítona|e|cu|a|do|ran|lang=lfn}}
#[[equatoriano]]
==Adjetivo==
{{oxítona|e|cu|a|do|ran|lang=lfn}}
#[[equatoriano]], relativo ao [[Equador]]
===Grafias alternativas===
* '''[[alfabeto cirílico|Alfabeto cirílico]]:''' {{l.s.|екуадоран|{{lfn}}}}
==Ver também==
{{verTambém.Ini}}
* {{link opcional|Ecuador|lfn}}
{{verTambém.NovaColuna}}
{{verTambém.Fim}}
{{categorias|{{nome categoria|lfn}}|Substantivo|Adjetivo|Gentílico}}</text>
<sha1>7a2kzcg8zw3ow7v3b8n24v4mka8wegv</sha1>
</revision>
