<page>
<page>
<title>ecuménico</title>
<ns>0</ns>
<id>328435</id>
<revision>
<id>2616773</id>
<parentid>2473288</parentid>
<timestamp>2021-02-01T02:02:21Z</timestamp>
<contributor>
<username>MarxavBot</username>
<id>80155</id>
</contributor>
<minor />
<comment>AFI Portugal</comment>
<model>wikitext</model>
<format>text/x-wiki</format>
<text bytes="1351" xml:space="preserve">{{grafiaPtpt|ecumênico}}
={{-pt-}}=
==Adjetivo==
{{flex.pt|ms=ecuménico|mp=ecuménicos|fs=ecuménica|fp=ecuménicas}}
{{proparoxítona|e|cu|mé|ni|co}}
# que aspira a [[reunir]] e [[unir]] [[diferente]]s [[tendência]]s [[religioso|religiosas]]
#* ''A procura da verdade deve estar na base de todo o diálogo '''ecuménico'''.''
===Sinônimo===
* [[universal]]
===Tradução===
{{tradini}}
* {{trad|de|ökumenisch}}
* {{trad|ca|ecumènic}}
* {{trad|cs|ekumenický}}
* {{trad|da|økumenisk}}
* {{trad|es|ecuménico}}
* {{trad|fi|ekumeeninen}}
* {{trad|fr|œcuménique}}
{{tradmeio}}
* {{trad|nl|oecumenisch}}
* {{trad|en|ecumenical}}
* {{trad|mwl|eicoménico}}
* {{trad|no|økumenisk}}
* {{t|ru|вселенский||vselenskij}}
* {{trad|sv|ekumenisk}}
* {{trad|tr|ekümenik}}
{{tradfim}}
===Verbetes derivados===
{{verTambém.Ini}}
* [[ecúmeno]]
{{verTambém.NovaColuna}}
* [[ecumenal]]
{{verTambém.NovaColuna}}
* [[ecumenismo]]
{{verTambém.Fim}}
=={{etimologia|pt}}==
: Do latim ''oecumenicus'' e este do grego ''οἰκουμενικός''.
=={{pronúncia|pt}}==
===Portugal===
* AFI: {{AFI|/e.ku.ˈmɛ.ni.ku/}}
[[Categoria:Adjetivo (Português)]]
[[Categoria:Religião (Português)]]
={{-es-}}=
==Adjetivo==
'''ecuménico'''
# [[ecuménico#Português|ecuménico]]
[[Categoria:Adjetivo (Espanhol)]]
[[Categoria:Religião (Espanhol)]]</text>
<sha1>0z0y7nnxtnjrxcy7yb8tsbzil4kykwz</sha1>
</revision>
