<page>
<title>ecumenismo</title>
<ns>0</ns>
<id>3120</id>
<revision>
<id>2334904</id>
<parentid>1998582</parentid>
<timestamp>2017-04-30T15:52:14Z</timestamp>
<contributor>
<username>HydrizBot</username>
<id>29590</id>
</contributor>
<minor />
<comment>Robô: A limpar links interwikis antigos</comment>
<model>wikitext</model>
<format>text/x-wiki</format>
<text bytes="2104" xml:space="preserve">{{Wikipédia}}
{{Wikipédia|lang=es}}
{{Wikipédia|lang=ia}}
{{Wikipédia|lang=it}}
={{-pt-}}=
==Substantivo==
{{flex.pt|ms=ecumenismo|mp=ecumenismos}}
{{paroxítona|e|cu|me|nis|mo}}
# movimento que prega a união de todos os povos numa mesma fraternidade
# união [[religioso|religiosa]]
===Tradução===
{{tradini}}
* {{trad|sq|ekumenizmi}}
* {{trad|de|Ökumenismus}}
* {{trad|bs|ekumenizam}}
* {{trad|bg|икуменизъм}}
* {{trad|ca|ecumenisme}}
* {{trad|kk|экуменизм}}
* {{trad|cs|ekumenismus}}
* {{trad|hr|ekumenizam}}
* {{trad|da|økumeni}}
* {{trad|sk|ekumenizmus}}
* {{trad|es|ecumenismo}}
* {{trad|eo|ekumenismo}}
* {{trad|fi|ekumenia}}
* {{trad|fr|œcuménisme}}
* {{trad|nl|oecumene}}
* {{trad|hu|ökumenizmus}}
* {{trad|id|ekumenisme}}
* {{trad|en|ecumenism}}
* {{trad|ia|ecumenismo}}
{{tradmeio}}
* {{trad|it|ecumenismo}}
* {{trad|ja|エキュメニズム}}
* {{trad|la|oecumenismus}}
* {{trad|lv|ekumēnisms}}
* {{trad|lt|ekumenizmas}}
* {{trad|ml|സഭൈക്യപ്രസ്ഥാനം}}
* {{trad|no|økumenikk}}
* {{trad|nn|økumenikk}}
* {{trad|pms|ecumenism}}
* {{trad|pl|ekumenizm}}
* {{trad|ro|ecumenism}}
* {{trad|ru|экуменизм}}
* {{trad|sr|екуменизам}}
* {{trad|sh|ekumenizam}}
* {{trad|sw|ekumeni}}
* {{trad|sv|ekumenik}}
* {{trad|tr|ekümeniklik}}
* {{trad|uk|екуменізм}}
{{tradfim}}
===Verbetes derivados===
{{verTambém.Ini}}
* [[ecumenal]]
* [[ecuménico]]
* [[ecúmeno]]
{{verTambém.Fim}}
=={{etimologia|pt}}==
: {{escopo|Morfologia}} [[ecumênico]] + [[-ismo]].
[[Categoria:Substantivo (Português)]]
[[Categoria:Religião (Português)]]
={{-es-}}=
==Substantivo==
'''ecumenismo'''
# [[ecumenismo#Português|ecumenismo]]
[[Categoria:Substantivo (Espanhol)]]
[[Categoria:Religião (Espanhol)]]
={{-ia-}}=
==Substantivo==
'''ecumenismo'''
# [[ecumenismo#Português|ecumenismo]]
[[Categoria:Substantivo (Interlíngua)]]
[[Categoria:Religião (Interlíngua)]]
={{-it-}}=
==Substantivo==
'''ecumenismo'''
# [[ecumenismo#Português|ecumenismo]]
[[Categoria:Substantivo (Italiano)]]
[[Categoria:Religião (Italiano)]]</text>
<sha1>3lfxfyy4xrrxi6ravqj7hfwzduvf6su</sha1>
</revision>
</page>
