<page>
<page>
<title>Ecwador</title>
<ns>0</ns>
<id>134386</id>
<revision>
<id>2268198</id>
<parentid>2188995</parentid>
<timestamp>2017-04-26T16:48:31Z</timestamp>
<contributor>
<username>HydrizBot</username>
<id>29590</id>
</contributor>
<minor />
<comment>Robô: A limpar links interwikis antigos</comment>
<model>wikitext</model>
<format>text/x-wiki</format>
<text bytes="256" xml:space="preserve">={{-cy-}}=
{{Wikipédia|lang=cy}}
==Substantivo==
'''Ecwador''', {{pr}}
#{{escopo|Geografia}} [[Equador]]
===Variantes===
*[[Ecuador]]
*[[Gweriniaeth Ecuador]]
==Ver também==
{{América/cy}}
[[Categoria:Substantivo (Galês)]]
[[Categoria:País (Galês)]]</text>
<sha1>j73t2l3tkfojcl6691h1q1x6u5si19a</sha1>
</revision>
