<page>
<page>
<title>eczema</title>
<ns>0</ns>
<id>60682</id>
<revision>
<id>2663251</id>
<parentid>2334907</parentid>
<timestamp>2022-03-05T03:41:42Z</timestamp>
<contributor>
<username>ValJor</username>
<id>1358</id>
</contributor>
<comment>Substituindo a [[Especial:Páginas_afluentes/Predefinição:escopoCat|predefinição escopoCat]] por escopo</comment>
<model>wikitext</model>
<format>text/x-wiki</format>
<text bytes="1359" xml:space="preserve">={{-pt-}}=
==Substantivo==
{{flex.pt|ms=eczema|mp=eczemas}}
{{paroxítona|ec|ze|ma}}, {{gramática|m}}
# {{escopo|pt|Medicina}} denominação genérica das [[inflamação|inflamações]] da [[pele]], especialmente as que apresentam [[vesícula]]s
===Tradução===
{{tradini}}
* {{trad|de|Ekzem}}
* {{trad|es|eccema}}
* {{trad|en|eczema}}
{{tradmeio}}
* {{trad|fr|eczéma}}
* {{trad|it|eczema}}
{{tradfim}}
=={{etimologia|pt}}==
{{llietimo|grc|ἔκζεμα|pt|ékzema|[[erupção]] [[cutâneo|cutânea]]}}
==Ver também==
===No Wikcionário===
{{verTambém.Ini}}
* [[eczemático]]
* [[eczemátide]]
* [[eczematiforme]]
{{verTambém.NovaColuna}}
* [[eczematização]]
* [[eczematógeno]]
* [[eczematóide]]
{{verTambém.NovaColuna}}
* [[eczematoso]]
* [[eczementoso]]
* [[eczemogênio]]
{{verTambém.Fim}}
==Ligações externas==
* {{Aulete}}
* {{Michaelis}}
* {{DicioAberto}}
* {{DLPO}}
* {{Infopédia}}
* {{PLP}}
* {{VOLPABL}}
[[Categoria:Substantivo (Português)]]
={{-en-}}=
==Substantivo==
'''eczema'''
# {{escopo|en|Medicina}} [[eczema#Português|eczema]]
==Ver também==
===No Wikcionário===
* [[eczematous]]
[[Categoria:Substantivo (Inglês)]]
[[Categoria:Cognato (Inglês)]]
={{-it-}}=
==Substantivo==
'''eczema'''
# {{escopo|it|Medicina}} [[eczema#Português|eczema]]
[[Categoria:Substantivo (Italiano)]]
[[Categoria:Cognato (Italiano)]]</text>
<sha1>74nmzr811h3o5edohxl4b8w531ujukn</sha1>
</revision>
