<page>
<title>ecótono</title>
<ns>0</ns>
<id>222678</id>
<revision>
<id>2334908</id>
<parentid>2122404</parentid>
<timestamp>2017-04-30T15:52:28Z</timestamp>
<contributor>
<username>HydrizBot</username>
<id>29590</id>
</contributor>
<minor />
<comment>Robô: A limpar links interwikis antigos</comment>
<model>wikitext</model>
<format>text/x-wiki</format>
<text bytes="704" xml:space="preserve">{{Wikipédia}}
={{-pt-}}=
==Substantivo==
{{flex.pt|ms=ecótono|mp=ecótonos}}
{{proparoxítona|e|có|to|no}}
# {{escopo|Ecologia}} zona de transição entre dois [[ecossistema]]s vizinhos
===Sinônimo===
* [[ecótone]]
===Tradução===
{{tradini}}
* {{trad|de|Ökoton}}
* {{trad|ca|ecotò}}
* {{trad|da|randzone}}
* {{trad|es|ecotono}}
* {{trad|fr|écotone}}
* {{trad|he|אקוטון}}
* {{trad|en|ecotone}}
{{tradmeio}}
* {{trad|no|ekoton}}
* {{trad|pl|ekoton}}
* {{trad|ro|ecoton}}
* {{trad|sr|екотон}}
* {{trad|sv|ekoton}}
* {{trad|tr|ekoton}}
* {{trad|uk|екотон}}
{{tradfim}}
=={{etimologia|pt}}==
: {{escopo|Morfologia}} [[eco-]] + [[-tono]].
[[Categoria:Substantivo (Português)]]</text>
<sha1>lhimfxjiee1ddwm95591x52q7w9p8fw</sha1>
</revision>
</page>
