<page>
<page>
<title>ecônomo</title>
<ns>0</ns>
<id>81598</id>
<revision>
<id>2334909</id>
<parentid>2229750</parentid>
<timestamp>2017-04-30T15:52:30Z</timestamp>
<contributor>
<username>HydrizBot</username>
<id>29590</id>
</contributor>
<minor />
<comment>Robô: A limpar links interwikis antigos</comment>
<model>wikitext</model>
<format>text/x-wiki</format>
<text bytes="504" xml:space="preserve">{{grafiaPtbr|ecónomo}}
={{-pt-}}=
==Substantivo==
{{flex.pt|ms=ecônomo|mp=ecônomos}}
{{proparoxítona|e|cô|no|mo}}, {{g|m}}
# [[administrador]] de uma [[casa]] [[grande]], ou de uma [[instituição]] [[particular]] ou [[pública]]
=={{etimologia|pt}}==
: Do latim ''oeconŏmus'' e este do grego ''οἰκονόμος''.
==Ver também==
===No Wikcionário===
{{verTambém.Ini}}
* [[mordomo]]
{{verTambém.Fim}}
[[Categoria:Substantivo (Português)]]
[[Categoria:Entrada de étimo latino (Português)]]</text>
<sha1>gai1npg9qog92qqdan4bhswla0g9178</sha1>
</revision>
