<page>
<title>Edealina</title>
<ns>0</ns>
<id>141745</id>
<revision>
<id>2268200</id>
<parentid>1196346</parentid>
<timestamp>2017-04-26T16:48:35Z</timestamp>
<contributor>
<username>HydrizBot</username>
<id>29590</id>
</contributor>
<minor />
<comment>Robô: A limpar links interwikis antigos</comment>
<model>wikitext</model>
<format>text/x-wiki</format>
<text bytes="245" xml:space="preserve">={{-pt-}}=
{{Wikipédia}}
==Substantivo==
'''Edealina''' {{pr}}
#[[município]] [[brasileiro]] do [[estado]] de [[Goiás]]
==Ver também==
*[[Apêndice:Municípios do estado de Goiás]]
[[Categoria:Município do estado de Goiás (Português)]]</text>
<sha1>anmom5j6fpnq6i1fdq6079l2u7q3el8</sha1>
</revision>
</page>
