<page>
<page>
<title>edebiyat</title>
<ns>0</ns>
<id>262931</id>
<revision>
<id>2334913</id>
<parentid>1946970</parentid>
<timestamp>2017-04-30T15:52:40Z</timestamp>
<contributor>
<username>HydrizBot</username>
<id>29590</id>
</contributor>
<minor />
<comment>Robô: A limpar links interwikis antigos</comment>
<model>wikitext</model>
<format>text/x-wiki</format>
<text bytes="150" xml:space="preserve">={{-tr-}}=
==Substantivo==
'''edebiyat'''
# {{escopo|Literatura}} [[literatura]]
[[Categoria:Substantivo (Turco)]]
[[Categoria:Literatura (Turco)]]</text>
<sha1>bkmvdx9w2qel5c1hqu9ldwt6u47krda</sha1>
</revision>
