<page>
<title>edeia</title>
<ns>0</ns>
<id>320723</id>
<revision>
<id>2609844</id>
<parentid>1785405</parentid>
<timestamp>2021-01-29T21:23:07Z</timestamp>
<contributor>
<username>ValJor</username>
<id>1358</id>
</contributor>
<comment>Substituindo a [[Especial:Páginas_afluentes/Predefinição:escopoCatLang|predefinição escopoCatLang]] por escopo</comment>
<model>wikitext</model>
<format>text/x-wiki</format>
<text bytes="381" xml:space="preserve">{{confundir|ideia}}
={{-pt-}}=
==Substantivo==
{{flex.pt|fs=edeia|fp=edeias}}
{{paroxítona|e|dei|a}}, {{gramática|f}}
# {{escopo|pt|Medicina}} o [[conjunto]] dos [[órgão]]s [[sexual|sexuais]]
==={{-varort-}}===
* {{escopo2|Anterior ao AO 1990}} [[edéia]]
=={{etimologia|pt}}==
{{llietimo|grc|αιδοία|pt|aidoîa|partes pudendas}}
[[Categoria:Substantivo (Português)]]</text>
<sha1>s3o2a3oxaxpt6gcl23ec9sq909ezefa</sha1>
</revision>
</page>
