<page>
<page>
<title>edemaciámos</title>
<ns>0</ns>
<id>309639</id>
<revision>
<id>2571795</id>
<parentid>1647540</parentid>
<timestamp>2020-01-20T16:33:16Z</timestamp>
<contributor>
<username>ValJor</username>
<id>1358</id>
</contributor>
<comment>Acrescentando a predefinição avi-for-fle</comment>
<model>wikitext</model>
<format>text/x-wiki</format>
<text bytes="271" xml:space="preserve">={{-pt-}}=
==Forma verbal==
{{paroxítona|e|de|ma|ci|á|mos}}
# {{escopo2|grafia lusitana}} primeira pessoa do plural do pretérito perfeito do indicativo do verbo [[edemaciar]]
{{avi-for-fle|edemaciar}}
[[Categoria:Forma verbal (Português)]]
[[Categoria:Lusitanismo]]</text>
<sha1>6myauqbmnr6ygyyl1c9ei7f4nk8weqx</sha1>
</revision>
