<page>
<page>
<title>edema</title>
<ns>0</ns>
<id>110685</id>
<revision>
<id>2334914</id>
<parentid>2202612</parentid>
<timestamp>2017-04-30T15:52:45Z</timestamp>
<contributor>
<username>HydrizBot</username>
<id>29590</id>
</contributor>
<minor />
<comment>Robô: A limpar links interwikis antigos</comment>
<model>wikitext</model>
<format>text/x-wiki</format>
<text bytes="1843" xml:space="preserve">{{Wikipédia}}
={{-pt-}}=
==Substantivo==
{{flex.pt|ms=edema|mp=edemas}}
{{paroxítona|e|de|ma}}, {{gramática|m}}
# [[acúmulo]] [[anormal]] de [[líquido]] no [[espaço]] [[intersticial]] devido ao [[desequilíbrio]] entre a [[pressão]] [[hidrostático|hidrostática]] e [[oncótico|oncótica]]
#* ''Nos animais, em especial no rebanho ovino, o mal causa febre, '''edema''' facial e necrose da língua, o que explica seu nome.'' {{OESP|2006|novembro|24}}
===Tradução===
{{tradini}}
* {{trad|de|Ödem}}
* {{trad|bs|edem}}
* {{trad|ko|부종}}
* {{trad|hr|edem}}
* {{trad|da|ødem}}
* {{trad|sk|opuch}}
* {{trad|sl|edem}}
* {{trad|es|edema}}
* {{trad|fi|turvotus}}
* {{trad|fr|œdème}}
* {{trad|gn|kandu}}
* {{trad|he|בצקת}}
* {{trad|nl|oedeem}}
* {{trad|hu|ödéma}}
* {{trad|io|edemo}}
* {{trad|id|sembap}}
{{tradmeio}}
* {{trad|en|edema}}
* {{trad|it|edema}}
* {{trad|ja|浮腫}} (ふしゅ, fushu)
* {{trad|ksh|Hääzwasser}}
* {{trad|no|ødem}}
* {{trad|nn|ødem}}
* {{trad|ps|بوغمه}}
* {{trad|pl|obrzęk}}
* {{trad|qu|punkillikuy}}
* {{trad|ru|отёк}}
* {{trad|scn|vunciuni}}
* {{trad|sw|tambazi}}
* {{trad|sv|ödem}}
* {{trad|tl|bilbil}}
* {{trad|tr|ödem}}
* {{trad|uk|набряк}}
{{tradfim}}
=={{etimologia|pt}}==
{{llietimo|grc|οἴδημα|pt|inchamento}}
==Ver também==
===No Wikcionário===
* [[medicina]]
[[Categoria:Substantivo (Português)]]
[[Categoria:Medicina (Português)]]
={{-es-}}=
==Substantivo==
'''edema'''
# [[edema#Português|edema]]
[[Categoria:Substantivo (Espanhol)]]
[[Categoria:Medicina (Espanhol)]]
={{-en-}}=
==Substantivo==
'''edema'''
# [[edema#Português|edema]]
[[Categoria:Substantivo (Inglês)]]
[[Categoria:Medicina (Inglês)]]
={{-it-}}=
==Substantivo==
'''edema'''
# [[edema#Português|edema]]
[[Categoria:Substantivo (Italiano)]]
[[Categoria:Medicina (Italiano)]]</text>
<sha1>73scstj7fnqckepri22sboer7f39pr9</sha1>
</revision>
