<page>
<title>edens</title>
<ns>0</ns>
<id>105352</id>
<revision>
<id>2334915</id>
<parentid>1762401</parentid>
<timestamp>2017-04-30T15:52:47Z</timestamp>
<contributor>
<username>HydrizBot</username>
<id>29590</id>
</contributor>
<minor />
<comment>Robô: A limpar links interwikis antigos</comment>
<model>wikitext</model>
<format>text/x-wiki</format>
<text bytes="155" xml:space="preserve">{{ver também|édenes}}
={{-pt-}}=
== Forma de substantivo ==
{{paroxítona|e|dens}}
# plural de [[éden]]
[[Categoria: Forma de substantivo (Português)]]</text>
<sha1>25ff6f8154cmsctiac7yt3hd0e43zlt</sha1>
</revision>
</page>
