<page>
<title>edeologia</title>
<ns>0</ns>
<id>58454</id>
<revision>
<id>2652103</id>
<parentid>2064478</parentid>
<timestamp>2021-11-13T09:28:47Z</timestamp>
<contributor>
<username>ValJor</username>
<id>1358</id>
</contributor>
<comment>Substituindo a [[Especial:Páginas_afluentes/Predefinição:escopoCatLang|predefinição escopoCatLang]] por escopo</comment>
<model>wikitext</model>
<format>text/x-wiki</format>
<text bytes="528" xml:space="preserve">={{-pt-}}=
==Substantivo==
{{flex.pt|fs=edeologia|fs-div=e.de.o.lo.&lt;u&gt;gi&lt;/u&gt;.a|fp=edeologias|fp-div=e.de.o.lo.&lt;u&gt;gi&lt;/u&gt;.as}}
{{paroxítona|e|de|o|lo|gi|a}} - {{rubrica|fs|c}}
# {{escopo|pt|Medicina}} [[estudo]] ou [[tratado]] sobre os [[órgão]]s [[genital|genitais]]
===Parônimos===
* [[ideologia]]
=={{etimologia|pt}}==
: {{escopo|Morfologia}} ''[[edeo-]]'' + ''[[-logia]]''.
==Ver também==
===No Wikcionário===
{{verTambém.Ligações|edeo-}}
{{verTambém.Confrontar|ideologia}}
[[Categoria:Substantivo (Português)]]</text>
<sha1>lksqpjm6p3hudzpahho5tm9fkttfgjf</sha1>
</revision>
</page>
