<page>
<title>edere</title>
<ns>0</ns>
<id>228986</id>
<revision>
<id>2545211</id>
<parentid>2334917</parentid>
<timestamp>2019-05-26T22:27:22Z</timestamp>
<contributor>
<username>VSA</username>
<id>63081</id>
</contributor>
<model>wikitext</model>
<format>text/x-wiki</format>
<text bytes="265" xml:space="preserve">={{-la-}}=
==Forma verbal==
'''edĕre'''
# [[infinitivo]] [[presente]] [[ativo]] de '''&lt;ins&gt;{{l|la|edō}}&lt;/ins&gt;'''
=={{pronúncia|la}}==
* {{AFI-la|proparoxítona|e|dĕ|re}}
{{avi-for-fle|edo}}
[[Categoria:Forma verbal (Latim)]]
[[Categoria:Paroxítona (Latim)]]</text>
<sha1>ryljy9ty417di4ip3bo97e9pn8tij57</sha1>
</revision>
</page>
