<page>
<page>
<title>eder</title>
<ns>0</ns>
<id>275815</id>
<revision>
<id>2585933</id>
<parentid>2334916</parentid>
<timestamp>2020-04-17T15:48:06Z</timestamp>
<contributor>
<username>ValJor</username>
<id>1358</id>
</contributor>
<comment>Verbete [[:Categoria:!Página com idioma não informado em Predefinição:etimologia|sem indicação do idioma na seção de etimologia]]</comment>
<model>wikitext</model>
<format>text/x-wiki</format>
<text bytes="414" xml:space="preserve">={{-eu-}}=
==Adjetivo== 
'''eder'''
# [[bonito]], [[lindo]], [[belo]]
[[Categoria:Adjetivo (Basco)]]
={{-ia-}}=
==Verbo== 
'''eder'''
# [[comer]]
===Conjugação===
{{conj.ia.er|ed}}
===Sinônimos===
{{verTambém.Ini}}
* {{link opcional|mangiar|ia}}
{{verTambém.NovaColuna}}
* {{link opcional|comeder|ia}}
{{verTambém.Fim}}
=={{etimologia|ia}}==
{{llietimo|la|edere|ia}}
[[Categoria:Verbo (Interlíngua)]]</text>
<sha1>ruhi33r2w1zaxvw8j37tceleof9v8r7</sha1>
</revision>
