<page>
<title>edge</title>
<ns>0</ns>
<id>111468</id>
<revision>
<id>2656903</id>
<parentid>2334919</parentid>
<timestamp>2022-01-04T10:31:59Z</timestamp>
<contributor>
<username>ValJor</username>
<id>1358</id>
</contributor>
<comment>Substituindo a [[Especial:Páginas_afluentes/Predefinição:escopoCatLang|predefinição escopoCatLang]] por escopo</comment>
<model>wikitext</model>
<format>text/x-wiki</format>
<text bytes="1210" xml:space="preserve">={{-en-}}=
==Substantivo==
'''edge'''
# {{escopo|en|Matemática}} [[aresta]], [[lado]]
#* ''The triangle has three '''edges'''.''
# {{escopo|en|Matemática}} [[face]]
# [[beira]], [[margem]]
#* ''After a while he found himself at the '''edge''' of a flat roof.'' (''Neverwhere'', Neil Gaiman)
# [[fio]], [[gume]] (de instrumento cortante)
# [[vantagem]]
===Expressões===
* '''[[be on the edge of one's seat]]''': 
* '''[[bleeding edge]]''': 
* '''[[bottom edge]]''': 
* '''[[cutting edge]]''': 
* '''[[directed edge]]''': 
* '''[[double-edged sword]]''': 
* '''[[inside edge]]''': 
* '''[[leading edge]]''': 
* '''[[outside edge]]''': 
* '''[[rough around the edges]]''': 
* '''[[straight edge]]''': 
* '''[[water's edge]]''': 
==Verbo==
'''edge'''
# mover um objeto lentamente e cuidadosamente numa determinada direção
=={{pronúncia|en}}==
* [[AFI]]: /ɛʤ/
* [[SAMPA]]: /EdZ/
==Ver também==
===No Wikcionário===
{{verTambém.Ini}}
* [[advantage]]
{{verTambém.NovaColuna}}
* [[bank]]
{{verTambém.NovaColuna}}
* [[border]]
{{verTambém.NovaColuna}}
* [[cutting-edge]]
{{verTambém.NovaColuna}}
* [[ragged-edged]]
{{verTambém.Fim}}
[[Categoria:Substantivo (Inglês)]]
[[Categoria:Verbo (Inglês)]]</text>
<sha1>qs1nhug8wrdt7mx27wq0p6exrmdft43</sha1>
</revision>
</page>
