<page>
<title>edi</title>
<ns>0</ns>
<id>85368</id>
<revision>
<id>2334921</id>
<parentid>2149960</parentid>
<timestamp>2017-04-30T15:53:11Z</timestamp>
<contributor>
<username>HydrizBot</username>
<id>29590</id>
</contributor>
<minor />
<comment>Robô: A limpar links interwikis antigos</comment>
<model>wikitext</model>
<format>text/x-wiki</format>
<text bytes="158" xml:space="preserve">={{-yo-}}=
==Substantivo==
'''edi'''
# [[ânus]]
==Anagramas==
# [[dar|dei]]
# [[ir|ide]]
[[Categoria:Substantivo (Iorubá)]]
[[Categoria:Anatomia (Iorubá)]]</text>
<sha1>480dxiez2y5f2i4yflbmz0pppcll410</sha1>
</revision>
</page>
