<page>
<page>
<title>edibleness</title>
<ns>0</ns>
<id>60934</id>
<revision>
<id>2652867</id>
<parentid>2334923</parentid>
<timestamp>2021-11-20T10:10:32Z</timestamp>
<contributor>
<username>ValJor</username>
<id>1358</id>
</contributor>
<comment>Substituindo a [[Especial:Páginas_afluentes/Predefinição:escopoCatLang|predefinição escopoCatLang]] por escopo</comment>
<model>wikitext</model>
<format>text/x-wiki</format>
<text bytes="303" xml:space="preserve">={{-en-}}=
==Substantivo==
{{flex.en|s=edibleness|p=ediblenesses}}
'''edibleness''' {{rubrica|s|cont}}
# {{escopo|en|Alimentação}} [[comestibilidade]]
===Sinônimos===
* [[edibility]]
==Ver também==
===No Wikcionário===
{{verTambém.Confrontar|incredibleness}}
[[Categoria:Substantivo (Inglês)]]</text>
<sha1>82f58z1degtpc24mf10h0h67rbg7h3i</sha1>
</revision>
