<page>
<title>edibility</title>
<ns>0</ns>
<id>60932</id>
<revision>
<id>2652847</id>
<parentid>2334922</parentid>
<timestamp>2021-11-20T08:05:54Z</timestamp>
<contributor>
<username>ValJor</username>
<id>1358</id>
</contributor>
<comment>Substituindo a [[Especial:Páginas_afluentes/Predefinição:escopoCatLang|predefinição escopoCatLang]] por escopo</comment>
<model>wikitext</model>
<format>text/x-wiki</format>
<text bytes="285" xml:space="preserve">={{-en-}}=
==Substantivo==
'''ed.i.bil.i.ty'''
# {{escopo|en|Alimentação}} [[comestibilidade]]
===Sinônimos===
* [[edibleness]]
==Ver também==
===No Wikcionário===
{{verTambém.Confrontar|credibility}}
{{verTambém.Confrontar|incredibility}}
[[Categoria:Substantivo (Inglês)]]</text>
<sha1>08hyhlea5zzosaobnd0dawqqqofoteg</sha1>
</revision>
</page>
