<page>
<title>edicionário</title>
<ns>0</ns>
<id>126254</id>
<revision>
<id>1212697</id>
<parentid>542266</parentid>
<timestamp>2011-07-10T14:43:35Z</timestamp>
<contributor>
<username>MalafayaBot</username>
<id>628</id>
</contributor>
<minor />
<comment>Robô: Substituição de texto automática (-^\=\s?Português\s?\= +={{-pt-}}= &amp; -^\=\s?\{\{pt\}\}\s?\= +={{-pt-}}=)</comment>
<model>wikitext</model>
<format>text/x-wiki</format>
<text bytes="141" xml:space="preserve">={{-pt-}}=
==Substantivo==
'''edicionário''' ''masculino''
# o [[mesmo]] que '''[[e-dicionário]]'''.
[[Categoria:Substantivo (Português)]]</text>
<sha1>opqorisr2oe422w044lsmxnwbc6xucm</sha1>
</revision>
</page>
