<page>
<title>edificámos</title>
<ns>0</ns>
<id>309640</id>
<revision>
<id>2571792</id>
<parentid>2334934</parentid>
<timestamp>2020-01-20T16:20:22Z</timestamp>
<contributor>
<username>ValJor</username>
<id>1358</id>
</contributor>
<comment>Acrescentando código de língua à [[:Categoria:!Página com mensagem de erro em predefinição|predefinição escopo]]</comment>
<model>wikitext</model>
<format>text/x-wiki</format>
<text bytes="267" xml:space="preserve">={{-pt-}}=
==Forma verbal==
{{paroxítona|e|di|fi|cá|mos}}
# {{escopo2|grafia lusitana}} primeira pessoa do plural do pretérito perfeito do indicativo do verbo [[edificar]]
{{avi-for-fle|edificar}}
[[Categoria:Forma verbal (Português)]]
[[Categoria:Lusitanismo]]</text>
<sha1>g28zgriwad1je58lv1qq0obh7etvtbz</sha1>
</revision>
</page>
