<page>
<page>
<title>edificiu</title>
<ns>0</ns>
<id>74245</id>
<revision>
<id>2545535</id>
<parentid>2334933</parentid>
<timestamp>2019-06-01T10:07:13Z</timestamp>
<contributor>
<username>ValJor</username>
<id>1358</id>
</contributor>
<comment>Um verbete a menos usando a [[Predefinição:flex.ast.subst.masc.u|predefinição flex.ast.subst.masc.u]]</comment>
<model>wikitext</model>
<format>text/x-wiki</format>
<text bytes="340" xml:space="preserve">{{Wikipédia|lang=ast}}
={{-ast-}}=
==Substantivo==
{{flex.ast|ms=edificiu|mp=edificios}}
'''edificiu''', {{gramática|m}}
# [[edifício]]
=={{etimologia|ast}}==
{{llietimo|la|aedificium|ast|aedificĭum}}
=={{pronúncia|ast}}==
* [[AFI]]: {{AFI|[ediˈfiθju]}}
[[Categoria:Substantivo (Asturiano)]]
[[Categoria:Arquitetura (Asturiano)]]</text>
<sha1>3mjtpthizyz9226pvrfutu6asy5zxf2</sha1>
</revision>
