<page>
<page>
<title>edifica</title>
<ns>0</ns>
<id>101674</id>
<revision>
<id>2334924</id>
<parentid>2016392</parentid>
<timestamp>2017-04-30T15:53:19Z</timestamp>
<contributor>
<username>HydrizBot</username>
<id>29590</id>
</contributor>
<minor />
<comment>Robô: A limpar links interwikis antigos</comment>
<model>wikitext</model>
<format>text/x-wiki</format>
<text bytes="240" xml:space="preserve">={{-pt-}}=
== Forma verbal ==
{{paroxítona|e|di|fi|ca}}
# terceira pessoa do singular do presente do indicativo do verbo [[edificar]]
# segunda pessoa do singular do imperativo do verbo [[edificar]]
[[Categoria: Forma verbal (Português)]]</text>
<sha1>2xqg9hejui7hqx4581070v1sj87pl5r</sha1>
</revision>
