<page>
<title>edil</title>
<ns>0</ns>
<id>76206</id>
<revision>
<id>2650466</id>
<parentid>2650463</parentid>
<timestamp>2021-10-17T21:01:30Z</timestamp>
<contributor>
<username>Cpls</username>
<id>20608</id>
</contributor>
<model>wikitext</model>
<format>text/x-wiki</format>
<text bytes="1651" xml:space="preserve">{{Wikipédia}}
={{-pt-}}=
==Substantivo==
{{flex.pt|ms=edil|mp=edis}}
{{oxítona|e|dil}}, {{g|m}}
# {{escopo|pt|Roma antiga}} [[funcionário]] ou [[magistrado]] cuja função era observar e garantir o bom estado e funcionamento de [[edifício]]s e outras obras e serviços públicos ou de interesse comum, como ruas e o tráfego, abastecimento de gêneros e de água, condições de culto e prática religiosa etc.; nas municipalidades do [[Império Romano]], funcionário administrativo regular, de segundo escalão
# {{escopo|pt|Política}} o mesmo que [[vereador]]
# (Regionalismo: Nordeste do Brasil) (Diacronismo: obsoleto) o mesmo que [[prefeito]] (''chefe do poder executivo'')
===Coletivo===
* [[edilidade]]
=={{etimologia|pt}}==
{{llietimo|la|aedilis|pt|ponto=não}} (''edil, magistrado romano cujo cargo era inspecionar os edifícios públicos e particulares, sacros e profanos, os aquedutos, os divertimentos públicos, o abastecimento da cidade e, em geral, tudo que fosse do bem comum''), este do latim ''aedés, is'' (''residência, templo comum''), cuja manutenção era a função inicial dos edis.
=={{pronúncia|pt}}==
===Portugal===
* AFI: {{AFI|/e.ˈdiɫ/}}
==Anagrama==
# [[lide]]
[[Categoria:Substantivo (Português)]]
={{-lne-}}=
==Substantivo==
{{flex.lne|ms=edil|mp=ediles}}
{{oxítona|e|dil|lang=lne}}, {{g|m}}
# [[adil#{{pt}}|adil]], [[poisio]], terreno agrícola em descanso
# [[terreno]] improdutivo que não está arado; terreno estéril
==={{-varort-}}===
* [[adil#{{lne}}|adil]]
=={{etimologia|lne}}==
: Aparentado com o latim {{etimo|la|arida}}. Confronte-se com [[eido]].
[[Categoria:Substantivo (Leonês)]]</text>
<sha1>6xakmelpt40fumyvxv8qfb61fc5wp89</sha1>
</revision>
</page>
