<page>
<page>
<title>Edimburgo</title>
<ns>0</ns>
<id>226914</id>
<revision>
<id>2569759</id>
<parentid>2268202</parentid>
<timestamp>2020-01-08T19:18:20Z</timestamp>
<contributor>
<username>Tribuno da Plebe</username>
<id>16095</id>
</contributor>
<comment>/* {{-pt-}} */</comment>
<model>wikitext</model>
<format>text/x-wiki</format>
<text bytes="360" xml:space="preserve">={{-pt-}}=
{{Wikipédia}}
==Substantivo==
'''Edimburgo''', {{g|pr}}
# capital da [[Escócia]]
===Tradução===
{{tradini}}
*{{trad|gd|Dùn Èideann}}
*{{trad|ka|ედინბურგი}}
{{tradmeio}}
*{{trad|en|Edinburgh}}
*{{trad|ja|エディンバラ}}
{{tradfim}}
[[Categoria:Substantivo (Português)]]
[[Categoria:Cidade do Reino Unido (Português)]]</text>
<sha1>fjv9ts9ff8sbznapitw6i2gege232nn</sha1>
</revision>
