<page>
<title>Edinburgh</title>
<ns>0</ns>
<id>149743</id>
<revision>
<id>2268203</id>
<parentid>1864978</parentid>
<timestamp>2017-04-26T16:48:43Z</timestamp>
<contributor>
<username>HydrizBot</username>
<id>29590</id>
</contributor>
<minor />
<comment>Robô: A limpar links interwikis antigos</comment>
<model>wikitext</model>
<format>text/x-wiki</format>
<text bytes="292" xml:space="preserve">={{-en-}}=
==Substantivo==
'''Edinburgh''', {{pr}}
#[[council area]] e [[capital]] da [[Escócia]]
==Ver também==
===No Wikcionário===
{{Subdivisões da Escócia/en}}
===Na Wikipédia===
*[[w:Edinburgh|Edinburgh]]
*[[w:en:Edinburgh|Edinburgh (Inglês)]]
[[Categoria:Topónimo (Inglês)]]</text>
<sha1>3fzmleoclt9d657f3udndmi5zfwvzej</sha1>
</revision>
</page>
