<page>
<page>
<title>Edires</title>
<ns>0</ns>
<id>350759</id>
<revision>
<id>2669969</id>
<parentid>2210270</parentid>
<timestamp>2022-04-01T21:09:25Z</timestamp>
<contributor>
<username>MIL973</username>
<id>41339</id>
</contributor>
<model>wikitext</model>
<format>text/x-wiki</format>
<text bytes="204" xml:space="preserve">={{-pt-}}=
==Forma de substantivo==
{{flex.pt|ms=Edir|mp=Edires}}
{{paroxítona|E|di|res}}, {{gramática|pr|mp}}
# plural de [[Edir]]
{{avi-for-fle|Edir}}
[[Categoria:Forma de substantivo (Português)]]</text>
<sha1>tv7tlsphrb2a74ojtqkr0r8hmavm2im</sha1>
</revision>
