<page>
<page>
<title>Edir</title>
<ns>0</ns>
<id>350758</id>
<revision>
<id>2457946</id>
<parentid>2210269</parentid>
<timestamp>2017-10-30T00:36:10Z</timestamp>
<contributor>
<username>MIL973</username>
<id>41339</id>
</contributor>
<model>wikitext</model>
<format>text/x-wiki</format>
<text bytes="220" xml:space="preserve">={{-pt-}}=
==Substantivo==
{{flex.pt|ms=Edir|mp=Edires}}
{{oxítona|E|dir}}, {{gramática|pr|m}}
# {{escopo|pt|Antropônimo}} [[Apêndice:Prenomes em português|prenome]] masculino
[[Categoria:Substantivo (Português)]]</text>
<sha1>mggfyitfv1gc3efet4qk9vfbbb1tp2a</sha1>
</revision>
