<page>
<title>editus</title>
<ns>0</ns>
<id>100867</id>
<revision>
<id>2334985</id>
<parentid>1976387</parentid>
<timestamp>2017-04-30T15:56:11Z</timestamp>
<contributor>
<username>HydrizBot</username>
<id>29590</id>
</contributor>
<minor />
<comment>Robô: A limpar links interwikis antigos</comment>
<model>wikitext</model>
<format>text/x-wiki</format>
<text bytes="316" xml:space="preserve">={{-la-}}=
==Verbo==
'''e.di.tus, -a, um''' 
:# [[particípio passado]] do [[verbo]] [[edo]]
:# [[publicado]], [[proclamado]]
==Adjetivo==
'''e.di.tus, -a, um'''
:# [[elevado]]
:# [[alto]]
:# [[superior]]
{{decl.la.adjprimclas.us|edit|VS=edite}}
[[Categoria:Forma verbal (Latim)]]
[[Categoria:Adjetivo (Latim)]]</text>
<sha1>ecdyv0160dshygsy6mzy55ht9xkir49</sha1>
</revision>
</page>
