<page>
<title>editarei</title>
<ns>0</ns>
<id>183369</id>
<revision>
<id>2334950</id>
<parentid>1139091</parentid>
<timestamp>2017-04-30T15:54:47Z</timestamp>
<contributor>
<username>HydrizBot</username>
<id>29590</id>
</contributor>
<minor />
<comment>Robô: A limpar links interwikis antigos</comment>
<model>wikitext</model>
<format>text/x-wiki</format>
<text bytes="172" xml:space="preserve">={{-pt-}}=
==Forma verbal==
'''editarei'''
#[[primeira pessoa]] do [[singular]] do [[futuro do presente]] do verbo '''[[editar]]'''
[[Categoria:Forma verbal (Português)]]</text>
<sha1>qy9nr5c1mft1fwxi6yu5to3maajrp13</sha1>
</revision>
</page>
