<page>
<page>
<title>editaram</title>
<ns>0</ns>
<id>175757</id>
<revision>
<id>2334947</id>
<parentid>1139088</parentid>
<timestamp>2017-04-30T15:54:40Z</timestamp>
<contributor>
<username>HydrizBot</username>
<id>29590</id>
</contributor>
<minor />
<comment>Robô: A limpar links interwikis antigos</comment>
<model>wikitext</model>
<format>text/x-wiki</format>
<text bytes="193" xml:space="preserve">={{-pt-}}=
==Forma verbal==
'''editaram'''
#[[terceira pessoa]] do [[plural]] do [[pretérito perfeito]] do [[modo indicativo]] do verbo '''[[editar]]'''
[[Categoria:Forma verbal (Português)]]</text>
<sha1>hfyrje8gjtkuezc7ffxxyh98fosa72v</sha1>
</revision>
