<page>
<page>
<title>editas</title>
<ns>0</ns>
<id>154315</id>
<revision>
<id>2334964</id>
<parentid>1961192</parentid>
<timestamp>2017-04-30T15:55:19Z</timestamp>
<contributor>
<username>HydrizBot</username>
<id>29590</id>
</contributor>
<minor />
<comment>Robô: A limpar links interwikis antigos</comment>
<model>wikitext</model>
<format>text/x-wiki</format>
<text bytes="178" xml:space="preserve">={{-pt-}}=
==Forma verbal==
'''editas'''
#[[segunda]] [[pessoa]] do [[singular]] do [[presente]] [[indicativo]] do verbo '''[[editar]]'''
[[Categoria:Forma verbal (Português)]]</text>
<sha1>i4tp5ap03m8zn30f3r92rg52lhv42a8</sha1>
</revision>
