<page>
<title>edite</title>
<ns>0</ns>
<id>212936</id>
<revision>
<id>2334973</id>
<parentid>2150342</parentid>
<timestamp>2017-04-30T15:55:37Z</timestamp>
<contributor>
<username>HydrizBot</username>
<id>29590</id>
</contributor>
<minor />
<comment>Robô: A limpar links interwikis antigos</comment>
<model>wikitext</model>
<format>text/x-wiki</format>
<text bytes="557" xml:space="preserve">={{-pt-}}=
==Forma verbal==
'''edite'''
#[[primeira pessoa|primeira]] e [[terceira pessoa]] do [[singular]] do [[presente]] do [[modo subjuntivo]] do verbo '''[[editar]]'''
#[[terceira pessoa]] do [[singular]] do [[imperativo]] [[afirmativo]] do verbo '''[[editar]]'''
#[[terceira pessoa]] do [[singular]] do [[imperativo]] [[negativo]] do verbo '''[[editar]]'''
[[Categoria:Forma verbal (Português)]]
={{-it-}}=
==Forma de adjetivo==
'''edite''', {{f}} {{p}}
#feminino plural de '''[[edito]]''' (publicadas)
[[Categoria:Forma de adjetivo (Português)]]</text>
<sha1>4jd3wjyf3vxz1dv70y7i8r48rm7x7uj</sha1>
</revision>
</page>
