<page>
<title>editava</title>
<ns>0</ns>
<id>204083</id>
<revision>
<id>2334970</id>
<parentid>2122421</parentid>
<timestamp>2017-04-30T15:55:31Z</timestamp>
<contributor>
<username>HydrizBot</username>
<id>29590</id>
</contributor>
<minor />
<comment>Robô: A limpar links interwikis antigos</comment>
<model>wikitext</model>
<format>text/x-wiki</format>
<text bytes="228" xml:space="preserve">={{-pt-}}=
==Forma verbal==
'''editava'''
#[[primeira pessoa|primeira]] e [[terceira pessoa]] do [[singular]] do [[pretérito imperfeito]] do [[modo indicativo]] do verbo '''[[editar]]'''
[[Categoria:Forma verbal (Português)]]</text>
<sha1>mmqrmaorncvk4hlasghaapq4wpisvh9</sha1>
</revision>
</page>
