<page>
<title>editora</title>
<ns>0</ns>
<id>65325</id>
<revision>
<id>2611203</id>
<parentid>2595839</parentid>
<timestamp>2021-01-30T23:19:24Z</timestamp>
<contributor>
<username>Marxav</username>
<id>73271</id>
</contributor>
<minor />
<comment>AFI Portugal</comment>
<model>wikitext</model>
<format>text/x-wiki</format>
<text bytes="532" xml:space="preserve">={{-pt-}}=
==Substantivo==
{{flex.pt|fs=editora|fp=editoras}}
{{paroxítona|e|di|to|ra}}, {{gramática|f|s}}
# [[empresa]] que [[editar|edita]] [[livro]]s ou outras [[publicação|publicações]]
=={{pronúncia|pt}}==
===Portugal===
* AFI: {{AFI|/i.di.ˈto.ɾɐ/}}
==Ligações externas==
* {{Aulete}}
* {{Michaelis}}
* {{DicioAberto}}
* {{DPLP}}
* {{Infopédia}}
* {{PLP}}
* {{VOLPABL}}
==Anagramas==
&lt;!-- índice para anagramas: pt: adeiort --&gt;
# [[dotarei]]
# [[iterado]]
# [[retidão]]
[[Categoria:Substantivo (Português)]]</text>
<sha1>ouojywagj4qgqju28ze7z29fy2ixkwn</sha1>
</revision>
</page>
