<page>
<title>editou</title>
<ns>0</ns>
<id>173092</id>
<revision>
<id>2334983</id>
<parentid>1139120</parentid>
<timestamp>2017-04-30T15:56:07Z</timestamp>
<contributor>
<username>HydrizBot</username>
<id>29590</id>
</contributor>
<minor />
<comment>Robô: A limpar links interwikis antigos</comment>
<model>wikitext</model>
<format>text/x-wiki</format>
<text bytes="193" xml:space="preserve">={{-pt-}}=
==Forma verbal==
'''editou'''
#[[terceira pessoa]] do [[singular]] do [[pretérito perfeito]] do [[modo indicativo]] do verbo '''[[editar]]'''
[[Categoria:Forma verbal (Português)]]</text>
<sha1>90xumlikta0l45n46uts2xt6onyfjns</sha1>
</revision>
</page>
