<page>
<page>
<title>editámos</title>
<ns>0</ns>
<id>164403</id>
<revision>
<id>2334986</id>
<parentid>2019260</parentid>
<timestamp>2017-04-30T15:56:13Z</timestamp>
<contributor>
<username>HydrizBot</username>
<id>29590</id>
</contributor>
<minor />
<comment>Robô: A limpar links interwikis antigos</comment>
<model>wikitext</model>
<format>text/x-wiki</format>
<text bytes="236" xml:space="preserve">{{grafiaPtpt|editamos}}
={{-pt-}}=
==Forma verbal==
{{paroxítona|e|di|tá|mos}}
# primeira pessoa do plural do pretérito perfeito do modo indicativo do verbo [[editar]]
{{avi-for-fle|editar}}
[[Categoria:Forma verbal (Português)]]</text>
<sha1>k1fzylirdi6h9kwj55ne87ho29zr6zc</sha1>
</revision>
