<page>
<title>editaríeis</title>
<ns>0</ns>
<id>194400</id>
<revision>
<id>2334963</id>
<parentid>1139104</parentid>
<timestamp>2017-04-30T15:55:16Z</timestamp>
<contributor>
<username>HydrizBot</username>
<id>29590</id>
</contributor>
<minor />
<comment>Robô: A limpar links interwikis antigos</comment>
<model>wikitext</model>
<format>text/x-wiki</format>
<text bytes="174" xml:space="preserve">={{-pt-}}=
==Forma verbal==
'''editaríeis'''
#[[segunda pessoa]] do [[plural]] do [[futuro do pretérito]] do verbo '''[[editar]]'''
[[Categoria:Forma verbal (Português)]]</text>
<sha1>j2zypt6z21ujcsw82hdg4drtoxfjdti</sha1>
</revision>
</page>
