<page>
<page>
<title>editardes</title>
<ns>0</ns>
<id>209990</id>
<revision>
<id>2334949</id>
<parentid>1139090</parentid>
<timestamp>2017-04-30T15:54:45Z</timestamp>
<contributor>
<username>HydrizBot</username>
<id>29590</id>
</contributor>
<minor />
<comment>Robô: A limpar links interwikis antigos</comment>
<model>wikitext</model>
<format>text/x-wiki</format>
<text bytes="267" xml:space="preserve">={{-pt-}}=
==Forma verbal==
'''editardes'''
#[[segunda pessoa]] do [[plural]] do [[futuro]] do [[modo subjuntivo]] do verbo '''[[editar]]'''
#[[infinitivo pessoal]] da [[segunda pessoa]] do [[plural]] do verbo '''[[editar]]'''
[[Categoria:Forma verbal (Português)]]</text>
<sha1>cx457b2h540jrt8s0wyu6yj3xuw48aw</sha1>
</revision>
