<page>
<page>
<title>editávamos</title>
<ns>0</ns>
<id>162955</id>
<revision>
<id>2334991</id>
<parentid>1139126</parentid>
<timestamp>2017-04-30T15:56:24Z</timestamp>
<contributor>
<username>HydrizBot</username>
<id>29590</id>
</contributor>
<minor />
<comment>Robô: A limpar links interwikis antigos</comment>
<model>wikitext</model>
<format>text/x-wiki</format>
<text bytes="198" xml:space="preserve">={{-pt-}}=
==Forma verbal==
'''editávamos'''
#[[primeira pessoa]] do [[plural]] do [[pretérito imperfeito]] do [[modo indicativo]] do verbo '''[[editar]]'''
[[Categoria:Forma verbal (Português)]]</text>
<sha1>4k2wrmg7vv1y61uov4j896dgajnigeh</sha1>
</revision>
