<page>
<page>
<title>editavas</title>
<ns>0</ns>
<id>161562</id>
<revision>
<id>2334972</id>
<parentid>1139113</parentid>
<timestamp>2017-04-30T15:55:34Z</timestamp>
<contributor>
<username>HydrizBot</username>
<id>29590</id>
</contributor>
<minor />
<comment>Robô: A limpar links interwikis antigos</comment>
<model>wikitext</model>
<format>text/x-wiki</format>
<text bytes="196" xml:space="preserve">={{-pt-}}=
==Forma verbal==
'''editavas'''
#[[segunda pessoa]] do [[singular]] do [[pretérito imperfeito]] do [[modo indicativo]] do verbo '''[[editar]]'''
[[Categoria:Forma verbal (Português)]]</text>
<sha1>kxdxxegewxwah3a8ea4vcnyym99176s</sha1>
</revision>
