<page>
<page>
<title>editáramos</title>
<ns>0</ns>
<id>180169</id>
<revision>
<id>2334987</id>
<parentid>2016407</parentid>
<timestamp>2017-04-30T15:56:16Z</timestamp>
<contributor>
<username>HydrizBot</username>
<id>29590</id>
</contributor>
<minor />
<comment>Robô: A limpar links interwikis antigos</comment>
<model>wikitext</model>
<format>text/x-wiki</format>
<text bytes="183" xml:space="preserve">={{-pt-}}=
==Forma verbal==
'''editáramos'''
#[[primeira pessoa]] do [[plural]] do [[pretérito mais-que-perfeito]] do verbo '''[[editar]]'''
[[Categoria:Forma verbal (Português)]]</text>
<sha1>ky0476u88ftasl1ccq19eu315biy1yj</sha1>
</revision>
