<page>
<page>
<title>editorar</title>
<ns>0</ns>
<id>313338</id>
<revision>
<id>1671519</id>
<timestamp>2013-03-21T09:05:15Z</timestamp>
<contributor>
<username>ValJor</username>
<id>1358</id>
</contributor>
<comment>Por um [[Especial:Lonelypages|wikcionário sem órfãos]]: [[editorámos]]</comment>
<model>wikitext</model>
<format>text/x-wiki</format>
<text bytes="332" xml:space="preserve">={{-pt-}}=
==Verbo==
{{oxítona|e|di|to|rar}}, ''v. t.''
# o mesmo que [[editar]]
===Conjugação===
{{conj/pt|editor|ar}}
=={{etimologia|pt}}==
: {{escopo|Morfologia}} [[editor]] + [[-ar]].
==Anagramas==
# [[diretora]]
# [[retardio]]
# [[retirado]]
# [[retraído]]
# [[tardeiro]]
# [[tordeira]]
[[Categoria:Verbo (Português)]]</text>
<sha1>91z49bgd9k25qyh8qt9xrhyr70lj7sk</sha1>
</revision>
