<page>
<page>
<title>editorações</title>
<ns>0</ns>
<id>351729</id>
<revision>
<id>2065481</id>
<timestamp>2016-02-25T22:06:38Z</timestamp>
<contributor>
<username>Defender</username>
<id>15952</id>
</contributor>
<comment>[[Ajuda:Guia de edição/Menus e ferramentas/Sumário de edição|→]] nova página: ={{-pt-}}= ==Forma de substantivo== {{oxítona|e|di|to|ra|ções}}, {{f}} # plural de [[editoração]] {{avi-...</comment>
<model>wikitext</model>
<format>text/x-wiki</format>
<text bytes="179" xml:space="preserve">={{-pt-}}=
==Forma de substantivo==
{{oxítona|e|di|to|ra|ções}}, {{f}}
# plural de [[editoração]]
{{avi-for-fle|editoração}}
[[Categoria:Forma de substantivo (Português)]]</text>
<sha1>pi1iuzj3ng5zjskw4imgbwadxaghhsw</sha1>
</revision>
