<page>
<title>editáreis</title>
<ns>0</ns>
<id>181885</id>
<revision>
<id>2334988</id>
<parentid>1139123</parentid>
<timestamp>2017-04-30T15:56:18Z</timestamp>
<contributor>
<username>HydrizBot</username>
<id>29590</id>
</contributor>
<minor />
<comment>Robô: A limpar links interwikis antigos</comment>
<model>wikitext</model>
<format>text/x-wiki</format>
<text bytes="181" xml:space="preserve">={{-pt-}}=
==Forma verbal==
'''editáreis'''
#[[segunda pessoa]] do [[plural]] do [[pretérito mais-que-perfeito]] do verbo '''[[editar]]'''
[[Categoria:Forma verbal (Português)]]</text>
<sha1>k63b7o9qtpvdjtk64g6p7zbpx8pjfhq</sha1>
</revision>
</page>
