<page>
<title>edites</title>
<ns>0</ns>
<id>218526</id>
<revision>
<id>2334978</id>
<parentid>2016396</parentid>
<timestamp>2017-04-30T15:55:47Z</timestamp>
<contributor>
<username>HydrizBot</username>
<id>29590</id>
</contributor>
<minor />
<comment>Robô: A limpar links interwikis antigos</comment>
<model>wikitext</model>
<format>text/x-wiki</format>
<text bytes="275" xml:space="preserve">={{-pt-}}=
==Forma verbal==
'''edites'''
#[[segunda pessoa]] do [[singular]] do [[presente]] do [[modo subjuntivo]] do verbo '''[[editar]]'''
#[[segunda pessoa]] do [[singular]] do [[imperativo]] [[negativo]] do verbo '''[[editar]]'''
[[Categoria:Forma verbal (Português)]]</text>
<sha1>aqf7a1an4rm072cp0i1p5bsj0qqmari</sha1>
</revision>
</page>
