<page>
<title>editarão</title>
<ns>0</ns>
<id>190450</id>
<revision>
<id>2334961</id>
<parentid>1139102</parentid>
<timestamp>2017-04-30T15:55:12Z</timestamp>
<contributor>
<username>HydrizBot</username>
<id>29590</id>
</contributor>
<minor />
<comment>Robô: A limpar links interwikis antigos</comment>
<model>wikitext</model>
<format>text/x-wiki</format>
<text bytes="171" xml:space="preserve">={{-pt-}}=
==Forma verbal==
'''editarão'''
#[[terceira pessoa]] do [[plural]] do [[futuro do presente]] do verbo '''[[editar]]'''
[[Categoria:Forma verbal (Português)]]</text>
<sha1>61zbwkvmlgvx2m0xsw0nusyhkzxifz2</sha1>
</revision>
</page>
