<page>
<title>editam</title>
<ns>0</ns>
<id>160257</id>
<revision>
<id>2334942</id>
<parentid>1762387</parentid>
<timestamp>2017-04-30T15:54:23Z</timestamp>
<contributor>
<username>HydrizBot</username>
<id>29590</id>
</contributor>
<minor />
<comment>Robô: A limpar links interwikis antigos</comment>
<model>wikitext</model>
<format>text/x-wiki</format>
<text bytes="180" xml:space="preserve">={{-pt-}}=
==Forma verbal==
'''editam'''
#[[terceira pessoa]] do [[plural]] do [[presente]] do [[modo indicativo]] do verbo '''[[editar]]'''
[[Categoria:Forma verbal (Português)]]</text>
<sha1>ls48hf2izt4m4tibwbpp4lqsmk6t9tg</sha1>
</revision>
</page>
