<page>
<title>editassem</title>
<ns>0</ns>
<id>202719</id>
<revision>
<id>2334966</id>
<parentid>1139107</parentid>
<timestamp>2017-04-30T15:55:23Z</timestamp>
<contributor>
<username>HydrizBot</username>
<id>29590</id>
</contributor>
<minor />
<comment>Robô: A limpar links interwikis antigos</comment>
<model>wikitext</model>
<format>text/x-wiki</format>
<text bytes="197" xml:space="preserve">={{-pt-}}=
==Forma verbal==
'''editassem'''
#[[terceira pessoa]] do [[plural]] do [[pretérito imperfeito]] do [[modo subjuntivo]] do verbo '''[[editar]]'''
[[Categoria:Forma verbal (Português)]]</text>
<sha1>1k5rjmsqfh84kqxpxzw90ibb8p83vl7</sha1>
</revision>
</page>
