<page>
<title>editarem</title>
<ns>0</ns>
<id>211335</id>
<revision>
<id>2334952</id>
<parentid>1139093</parentid>
<timestamp>2017-04-30T15:54:52Z</timestamp>
<contributor>
<username>HydrizBot</username>
<id>29590</id>
</contributor>
<minor />
<comment>Robô: A limpar links interwikis antigos</comment>
<model>wikitext</model>
<format>text/x-wiki</format>
<text bytes="268" xml:space="preserve">={{-pt-}}=
==Forma verbal==
'''editarem'''
#[[terceira pessoa]] do [[plural]] do [[futuro]] do [[modo subjuntivo]] do verbo '''[[editar]]'''
#[[infinitivo pessoal]] da [[terceira pessoa]] do [[plural]] do verbo '''[[editar]]'''
[[Categoria:Forma verbal (Português)]]</text>
<sha1>n3d1a4g16j1u3woaotqn0l02iyrsgf9</sha1>
</revision>
</page>
