<page>
<page>
<title>editai</title>
<ns>0</ns>
<id>219988</id>
<revision>
<id>2334939</id>
<parentid>2122409</parentid>
<timestamp>2017-04-30T15:54:07Z</timestamp>
<contributor>
<username>HydrizBot</username>
<id>29590</id>
</contributor>
<minor />
<comment>Robô: A limpar links interwikis antigos</comment>
<model>wikitext</model>
<format>text/x-wiki</format>
<text bytes="174" xml:space="preserve">={{-pt-}}=
==Forma verbal==
'''editai'''
#[[segunda pessoa]] do [[plural]] do [[imperativo]] [[afirmativo]] do verbo '''[[editar]]'''
[[Categoria:Forma verbal (Português)]]</text>
<sha1>qeq70qi6le4mqd81boflfd31mrpwmx8</sha1>
</revision>
