<page>
<page>
<title>editei</title>
<ns>0</ns>
<id>170302</id>
<revision>
<id>2334974</id>
<parentid>1139115</parentid>
<timestamp>2017-04-30T15:55:38Z</timestamp>
<contributor>
<username>HydrizBot</username>
<id>29590</id>
</contributor>
<minor />
<comment>Robô: A limpar links interwikis antigos</comment>
<model>wikitext</model>
<format>text/x-wiki</format>
<text bytes="193" xml:space="preserve">={{-pt-}}=
==Forma verbal==
'''editei'''
#[[primeira pessoa]] do [[singular]] do [[pretérito perfeito]] do [[modo indicativo]] do verbo '''[[editar]]'''
[[Categoria:Forma verbal (Português)]]</text>
<sha1>fpz0z7ya87u356ajdj3btz7hx3b95i4</sha1>
</revision>
