<page>
<title>editarmos</title>
<ns>0</ns>
<id>208528</id>
<revision>
<id>2334958</id>
<parentid>1139099</parentid>
<timestamp>2017-04-30T15:55:04Z</timestamp>
<contributor>
<username>HydrizBot</username>
<id>29590</id>
</contributor>
<minor />
<comment>Robô: A limpar links interwikis antigos</comment>
<model>wikitext</model>
<format>text/x-wiki</format>
<text bytes="269" xml:space="preserve">={{-pt-}}=
==Forma verbal==
'''editarmos'''
#[[primeira pessoa]] do [[plural]] do [[futuro]] do [[modo subjuntivo]] do verbo '''[[editar]]'''
#[[infinitivo pessoal]] da [[primeira pessoa]] do [[plural]] do verbo '''[[editar]]'''
[[Categoria:Forma verbal (Português)]]</text>
<sha1>ebfqaf0o0jpvvw2h9c223y70miv4q0n</sha1>
</revision>
</page>
