<page>
<title>editor</title>
<ns>0</ns>
<id>41487</id>
<revision>
<id>2675703</id>
<parentid>2675683</parentid>
<timestamp>2022-05-03T03:49:42Z</timestamp>
<contributor>
<username>DARIO SEVERI</username>
<id>27877</id>
</contributor>
<minor />
<comment>Revertidas edições por [[Especial:Contribuições/201.9.186.104|201.9.186.104]] para a última versão por [[Especial:Contribuições/ValJor|ValJor]]</comment>
<model>wikitext</model>
<format>text/x-wiki</format>
<text bytes="1423" xml:space="preserve">={{-pt-}}=
==Adjetivo==
{{flex.pt|ms=editor|mp=editores|fs=editora|fp=editoras}}
{{oxítona|e|di|tor}}
# que [[editar|edita]]
==Substantivo==
{{oxítona|e|di|tor}}, {{gramática|m}}
# o que ou [[aquele]] que [[edita]]:
#* ''O “OpenOffice” é um '''editor''' de texto livre.''
# [[proprietário]] ou [[responsável]] por [[casa]] [[editorial]]:
#* ''O '''editor''' não quis publicar a obra.''
# numa [[publicação]] [[periódico|periódica]], [[responsável]] por uma [[secção]]:
#* ''Houve conflito entre o '''editor''' de economia e o editor de política.''
===Tradução===
{{tradini}}
* {{trad|es|editor}}
* {{trad|fr|éditeur}}
{{tradmeio}}
* {{trad|en|editor}}
{{tradfim}}
=={{etimologia|pt}}==
{{llietimo|fr|éditeur|pt|ponto=não}} e este do {{etm|la|pt}} {{etimo|la|editor}}.
==Ligações externas==
* {{Aulete}}
* {{Michaelis}}
* {{DicioAberto}}
* {{DPLP}}
* {{Infopédia}}
* {{PLP}}
* {{VOLPABL}}
==Anagramas==
&lt;!-- índice para anagramas: pt: deiort --&gt;
# [[direto]]
# [[rédito]]
# [[retido]]
[[Categoria:Adjetivo (Português)]]
[[Categoria:Substantivo (Português)]]
[[Categoria:Profissão (Português)]]
={{-es-}}=
==Substantivo==
'''editor'''
# [[editor#Português|editor]]
[[Categoria:Substantivo (Espanhol)]]
[[Categoria:Profissão (Espanhol)]]
={{-en-}}=
==Substantivo==
'''editor'''
# [[editor#Português|editor]]
[[Categoria:Substantivo (Inglês)]]
[[Categoria:Profissão (Inglês)]]</text>
<sha1>5mgrz931kzpn5y9fwk4pwgp0oqho196</sha1>
</revision>
</page>
