<page>
<page>
<title>edital</title>
<ns>0</ns>
<id>331951</id>
<revision>
<id>2334941</id>
<parentid>1866303</parentid>
<timestamp>2017-04-30T15:54:18Z</timestamp>
<contributor>
<username>HydrizBot</username>
<id>29590</id>
</contributor>
<minor />
<comment>Robô: A limpar links interwikis antigos</comment>
<model>wikitext</model>
<format>text/x-wiki</format>
<text bytes="636" xml:space="preserve">{{Wikipédia}}
={{-pt-}}=
==Adjetivo==
{{flex.pt|s=edital|p=editais}}
{{oxítona|e|di|tal}}, {{c2g}}
# relativo a [[édito]]s
# que se faz [[público]] por afixação de editais
==Substantivo==
{{flex.pt|ms=edital|mp=editais}}
{{oxítona|e|di|tal}}, {{m}}
# [[ordem]] [[oficial]] ou traslado de édito ou postura, destinado ao conhecimento de todos, afixando-se em lugares públicos ou anunciando-se na [[imprensa]] [[periódico|periódica]]
=={{etimologia|pt}}==
: {{escopo|Morfologia}} [[édito]] + [[-al]].
==Ligações externas==
* {{DicioAberto}}
[[Categoria:Substantivo (Português)]]
[[Categoria:Comunicação (Português)]]</text>
<sha1>g8yarnqd2lkez3tiayu4vo6s9o1gqba</sha1>
</revision>
