<page>
<page>
<title>editais</title>
<ns>0</ns>
<id>158596</id>
<revision>
<id>2334940</id>
<parentid>1866302</parentid>
<timestamp>2017-04-30T15:54:10Z</timestamp>
<contributor>
<username>HydrizBot</username>
<id>29590</id>
</contributor>
<minor />
<comment>Robô: A limpar links interwikis antigos</comment>
<model>wikitext</model>
<format>text/x-wiki</format>
<text bytes="495" xml:space="preserve">={{-pt-}}=
==Forma de adjetivo==
{{oxítona|e|di|tais}}, {{c2g}}
# [[plural]] de [[edital]]
==Forma de substantivo==
{{oxítona|e|di|tais}}, {{m}}
# [[plural]] de [[edital]]
{{avi-for-fle|edital}}
==Forma verbal==
{{oxítona|e|di|tais}}
# [[segunda pessoa]] do [[plural]] do [[presente]] do [[modo indicativo]] do [[verbo]] [[editar]]
{{avi-for-fle|editar}}
[[Categoria:Forma de adjetivo (Português)]]
[[Categoria:Forma de substantivo (Português)]]
[[Categoria:Forma verbal (Português)]]</text>
<sha1>j1hb5kizg5g2pbt4vqkgm06b35vvj0d</sha1>
</revision>
