<page>
<page>
<title>edito</title>
<ns>0</ns>
<id>106708</id>
<revision>
<id>2334979</id>
<parentid>2149968</parentid>
<timestamp>2017-04-30T15:55:51Z</timestamp>
<contributor>
<username>HydrizBot</username>
<id>29590</id>
</contributor>
<minor />
<comment>Robô: A limpar links interwikis antigos</comment>
<model>wikitext</model>
<format>text/x-wiki</format>
<text bytes="634" xml:space="preserve">={{-pt-}}=
==Substantivo==
{{flex.pt|ms=edito|mp=editos}}
{{paroxítona|e|di|to}}, ''masculino''
# {{escopo|termo jurídico}} qualquer [[preceito]] legal
===Parônimos===
* [[édito]] ([[s.m.]])
==Forma verbal==
{{paroxítona|e|di|to}}
# primeira pessoa do singular do presente do indicativo do verbo [[editar]]
{{avi-for-fle|editar}}
=={{etimologia|pt}}==
: Do radical latino ''edictum, i'' [ordem, mandado (de pessoa particular); ordem, ordenação, regulamento; direito estabelecido por um edito; enunciado, exposição, elocução, enunciação].
[[Categoria:Substantivo (Português)]]
[[Categoria:Forma verbal (Português)]]</text>
<sha1>9oj6dyi7cye7y2hb2v1px84upudtcpg</sha1>
</revision>
