<page>
<page>
<title>editaste</title>
<ns>0</ns>
<id>171728</id>
<revision>
<id>2334968</id>
<parentid>2016398</parentid>
<timestamp>2017-04-30T15:55:27Z</timestamp>
<contributor>
<username>HydrizBot</username>
<id>29590</id>
</contributor>
<minor />
<comment>Robô: A limpar links interwikis antigos</comment>
<model>wikitext</model>
<format>text/x-wiki</format>
<text bytes="194" xml:space="preserve">={{-pt-}}=
==Forma verbal==
'''editaste'''
#[[segunda pessoa]] do [[singular]] do [[pretérito perfeito]] do [[modo indicativo]] do verbo '''[[editar]]'''
[[Categoria:Forma verbal (Português)]]</text>
<sha1>ikjbwce1tvlwtaim6mpk6ntcduobscx</sha1>
</revision>
