<page>
<page>
<title>editaria</title>
<ns>0</ns>
<id>191752</id>
<revision>
<id>2334955</id>
<parentid>1139096</parentid>
<timestamp>2017-04-30T15:54:58Z</timestamp>
<contributor>
<username>HydrizBot</username>
<id>29590</id>
</contributor>
<minor />
<comment>Robô: A limpar links interwikis antigos</comment>
<model>wikitext</model>
<format>text/x-wiki</format>
<text bytes="205" xml:space="preserve">={{-pt-}}=
==Forma verbal==
'''editaria'''
#[[primeira pessoa|primeira]] e [[terceira pessoa]] do [[singular]] do [[futuro do pretérito]] do verbo '''[[editar]]'''
[[Categoria:Forma verbal (Português)]]</text>
<sha1>1y74sbc4arr4mc10v07bhxam3ug3h68</sha1>
</revision>
