<page>
<title>editaremos</title>
<ns>0</ns>
<id>187638</id>
<revision>
<id>2334953</id>
<parentid>2016403</parentid>
<timestamp>2017-04-30T15:54:55Z</timestamp>
<contributor>
<username>HydrizBot</username>
<id>29590</id>
</contributor>
<minor />
<comment>Robô: A limpar links interwikis antigos</comment>
<model>wikitext</model>
<format>text/x-wiki</format>
<text bytes="172" xml:space="preserve">={{-pt-}}=
==Forma verbal==
'''editaremos'''
#[[primeira pessoa]] do [[plural]] do [[futuro do presente]] do verbo '''[[editar]]'''
[[Categoria:Forma verbal (Português)]]</text>
<sha1>91chjaug28m03mhiznd85mlvh5inqdy</sha1>
</revision>
</page>
