<page>
<page>
<title>editorial</title>
<ns>0</ns>
<id>12486</id>
<revision>
<id>2615505</id>
<parentid>2334982</parentid>
<timestamp>2021-01-31T22:26:07Z</timestamp>
<contributor>
<username>MarxavBot</username>
<id>80155</id>
</contributor>
<minor />
<comment>AFI Portugal</comment>
<model>wikitext</model>
<format>text/x-wiki</format>
<text bytes="890" xml:space="preserve">{{Wikipédia}}
={{-pt-}}=
==Adjetivo==
{{flex.pt|s=editorial|p=editoriais}}
{{oxítona|e|di|to|ri|al}}
# relativo a [[editor]] ou a [[edição]]
# diz-se do [[artigo]] de um periódico da responsabilidade da direção
===Tradução===
{{tradini}}
* {{trad|es|editorial}}
{{tradmeio}}
{{tradfim}}
===Verbetes derivados===
* [[ineditorial]]
==Substantivo&lt;sup&gt;1&lt;/sup&gt;==
{{flex.pt|ms=editorial|mp=editoriais}}
{{oxítona|e|di|to|ri|al}}, {{m}}
# artigo de um periódico da responsabilidade da direção
==Substantivo&lt;sup&gt;2&lt;/sup&gt;==
{{flex.pt|fs=editorial|fp=editoriais}}
{{oxítona|e|di|to|ri|al}}, {{f}}
# [[empresa]] editora
=={{etimologia|pt}}==
: Do francês {{etimo|fr|éditorial}}.
=={{pronúncia|pt}}==
===Portugal===
* AFI: {{AFI|/i.di.tu.ˈɾjaɫ/}}
[[Categoria:Adjetivo (Português)]]
[[Categoria:Substantivo (Português)]]
[[Categoria:Entrada de étimo francês (Português)]]</text>
<sha1>oeod2beqb90qwm0z91drgjj9mtxv4ms</sha1>
</revision>
