<page>
<page>
<title>editasses</title>
<ns>0</ns>
<id>197047</id>
<revision>
<id>2334967</id>
<parentid>1139108</parentid>
<timestamp>2017-04-30T15:55:25Z</timestamp>
<contributor>
<username>HydrizBot</username>
<id>29590</id>
</contributor>
<minor />
<comment>Robô: A limpar links interwikis antigos</comment>
<model>wikitext</model>
<format>text/x-wiki</format>
<text bytes="198" xml:space="preserve">={{-pt-}}=
==Forma verbal==
'''editasses'''
#[[segunda pessoa]] do [[singular]] do [[pretérito imperfeito]] do [[modo subjuntivo]] do verbo '''[[editar]]'''
[[Categoria:Forma verbal (Português)]]</text>
<sha1>80rteepdgzjmvz0slvldyu2npu0q5tf</sha1>
</revision>
