<page>
<title>editasse</title>
<ns>0</ns>
<id>205352</id>
<revision>
<id>2334965</id>
<parentid>2122422</parentid>
<timestamp>2017-04-30T15:55:21Z</timestamp>
<contributor>
<username>HydrizBot</username>
<id>29590</id>
</contributor>
<minor />
<comment>Robô: A limpar links interwikis antigos</comment>
<model>wikitext</model>
<format>text/x-wiki</format>
<text bytes="229" xml:space="preserve">={{-pt-}}=
==Forma verbal==
'''editasse'''
#[[primeira pessoa|primeira]] e [[terceira pessoa]] do [[singular]] do [[pretérito imperfeito]] do [[modo subjuntivo]] do verbo '''[[editar]]'''
[[Categoria:Forma verbal (Português)]]</text>
<sha1>1fdluku5dxjcvhae3bjsemt2hv5l89y</sha1>
</revision>
</page>
