<page>
<page>
<title>editaras</title>
<ns>0</ns>
<id>178688</id>
<revision>
<id>2334948</id>
<parentid>2016405</parentid>
<timestamp>2017-04-30T15:54:42Z</timestamp>
<contributor>
<username>HydrizBot</username>
<id>29590</id>
</contributor>
<minor />
<comment>Robô: A limpar links interwikis antigos</comment>
<model>wikitext</model>
<format>text/x-wiki</format>
<text bytes="181" xml:space="preserve">={{-pt-}}=
==Forma verbal==
'''editaras'''
#[[segunda pessoa]] do [[singular]] do [[pretérito mais-que-perfeito]] do verbo '''[[editar]]'''
[[Categoria:Forma verbal (Português)]]</text>
<sha1>qytc2rbnisewtfbx70c43wu6w2a4kh5</sha1>
</revision>
