<page>
<page>
<title>edição</title>
<ns>0</ns>
<id>1595</id>
<revision>
<id>2619039</id>
<parentid>2609653</parentid>
<timestamp>2021-02-01T17:36:55Z</timestamp>
<contributor>
<username>MarxavBot</username>
<id>80155</id>
</contributor>
<minor />
<comment>AFI Portugal</comment>
<model>wikitext</model>
<format>text/x-wiki</format>
<text bytes="815" xml:space="preserve">{{Wikipédia}}
={{-pt-}}=
==Substantivo==
{{flex.pt|fs=edição|fp=edições}}
{{oxítona|e|di|ção}}
# ato ou efeito de [[editar]]
# ato de [[alterar]] um [[registro]] de [[texto]], [[imagem]] ou [[som]] com o objetivo de melhorá-lo para o leitor
# [[seleção]] de quais informações ou partes de um texto, filme, foto ou som serão publicadas
===Tradução===
{{tradini}}
* {{trad|es|edición}}
* {{trad|gl|edición}}
{{tradmeio}}
{{tradfim}}
=={{etimologia|pt}}==
: Do latim ''editio, onis''.
=={{pronúncia|pt}}==
===Brasil===
====Paulistana e Caipira====
* AFI: /e.dʒi.ˈsãw/
===Portugal===
* AFI: {{AFI|/i.di.ˈsɐ̃w̃/}}
==Ver também==
===No Wikcionário===
{{verTambém.Ini}}
* [[editora]]
{{verTambém.NovaColuna}}
* [[editoração]]
{{verTambém.Fim}}
[[Categoria:Substantivo (Português)]]</text>
<sha1>ro81rz33zo4c9l7h6xojv8774e10ili</sha1>
</revision>
