<page>
<page>
<title>edições</title>
<ns>0</ns>
<id>181801</id>
<revision>
<id>2334994</id>
<parentid>1762403</parentid>
<timestamp>2017-04-30T15:56:30Z</timestamp>
<contributor>
<username>HydrizBot</username>
<id>29590</id>
</contributor>
<minor />
<comment>Robô: A limpar links interwikis antigos</comment>
<model>wikitext</model>
<format>text/x-wiki</format>
<text bytes="137" xml:space="preserve">={{-pt-}}=
==Forma de substantivo==
'''edições''' {{p}}
#plural de '''[[edição]]'''
[[Categoria:Forma de substantivo (Português)]].</text>
<sha1>dm2cezzt2invktcnshkuoaw2wbnsvf7</sha1>
</revision>
