<page>
<title>Edjipe</title>
<ns>0</ns>
<id>421944</id>
<revision>
<id>2580915</id>
<timestamp>2020-03-08T10:48:19Z</timestamp>
<contributor>
<username>ValJor</username>
<id>1358</id>
</contributor>
<comment>Criação do verbete a partir da [[Especial:Páginas_pedidas|lista de palavras pedidas]]</comment>
<model>wikitext</model>
<format>text/x-wiki</format>
<text bytes="415" xml:space="preserve">{{Wikipédia|lang=wa}}
[[Imagem:Flag of Egypt.svg|thumb|right|250px|&lt;center&gt;Bandeira do Egito&lt;/center&gt;]]
[[Imagem:LocationEgypt.svg|thumb|right|250px|&lt;center&gt;Localização do Egito&lt;/center&gt;]]
={{-wa-}}=
==Substantivo==
'''Edjipe''', {{gramática|pr}}
# {{escopo|wa|País}} [[Egito]]
==Ver também==
===No Wikcionário===
{{África/wa}}
[[Categoria:Substantivo (Valão)]]
[[Categoria:Entrada com imagem (Valão)]]</text>
<sha1>6jgqrfga5xnlaoxjkjmvy676vmpzudd</sha1>
</revision>
</page>
