<page>
<page>
<title>edl</title>
<ns>0</ns>
<id>314120</id>
<revision>
<id>2686935</id>
<parentid>2334995</parentid>
<timestamp>2022-08-23T13:45:30Z</timestamp>
<contributor>
<username>ValJor</username>
<id>1358</id>
</contributor>
<comment>Confirmando [[:Categoria:!Entrada criada por robô|verbete criado por robô]]</comment>
<model>wikitext</model>
<format>text/x-wiki</format>
<text bytes="264" xml:space="preserve">[[Imagem:Blue eye.jpg|thumb|right|250px|{{centro|Olho}}]]
={{-lld-}}=
==Substantivo==
'''edl'''
# [[olho]] (órgão da visão)
[[Categoria:Substantivo (Ladino Dolomita)]]
[[Categoria:Anatomia (Ladino Dolomita)]]
[[Categoria:Entrada com imagem (Ladino Dolomita)]]</text>
<sha1>q514bhl221rpsd79rskjh67q75rrl2w</sha1>
</revision>
