<page>
<page>
<title>EDL</title>
<ns>0</ns>
<id>403575</id>
<redirect title="Predefinição:EDL" />
<revision>
<id>2527822</id>
<timestamp>2018-12-01T22:45:55Z</timestamp>
<contributor>
<username>VSA</username>
<id>63081</id>
</contributor>
<comment>Vinícius dos Santos Alves moveu [[EDL]] para [[Predefinição:EDL]]</comment>
<model>wikitext</model>
<format>text/x-wiki</format>
<text bytes="40" xml:space="preserve">#REDIRECIONAMENTO [[Predefinição:EDL]]</text>
<sha1>3unp9vp1u8jyk2305pjxmosaav2cgcr</sha1>
</revision>
