<page>
<title>Ednalvos</title>
<ns>0</ns>
<id>390352</id>
<revision>
<id>2476262</id>
<parentid>2476261</parentid>
<timestamp>2018-01-10T00:45:23Z</timestamp>
<contributor>
<username>MIL973</username>
<id>41339</id>
</contributor>
<model>wikitext</model>
<format>text/x-wiki</format>
<text bytes="182" xml:space="preserve">={{-pt-}}=
==Forma de substantivo==
{{paroxítona|Ed|nal|vos}}, {{gramática|pr|mp}}
# plural de [[Ednalvo]]
{{avi-for-fle|Ednalvo}}
[[Categoria:Forma de substantivo (Português)]]</text>
<sha1>boz08oalhe7931k7qfv68izc82upsk3</sha1>
</revision>
</page>
