<page>
<title>Ednalva</title>
<ns>0</ns>
<id>390351</id>
<revision>
<id>2500337</id>
<parentid>2482836</parentid>
<timestamp>2018-05-02T12:51:03Z</timestamp>
<contributor>
<username>MIL973</username>
<id>41339</id>
</contributor>
<model>wikitext</model>
<format>text/x-wiki</format>
<text bytes="675" xml:space="preserve">={{-pt-}}=
==Substantivo==
{{flex.pt|fs=Ednalva|fp=Ednalvas}}
{{paroxítona|Ed|nal|va}}, {{gramática|pr|f}}
# {{escopo|pt|Antropônimo}} [[Apêndice:Prenomes em português|prenome]] feminino
==Ver também==
===No Wikcionário===
====Antropônimos====
{{colunas|3}}
* [[Edna]]
* [[Ednalvo]]
* [[Edno]]
{{colunas/fim}}
====Derivados de Alvo====
{{colunas|4}}
* [[Alba]]
* [[Albina]]
* [[Albino]]
* [[Albo]]
* [[Alva]]
* [[Alves]]
* [[Alvim]]
* [[Alvina]]
* [[Alvino]]
* [[Alvo]]
* [[Dalva]]
* [[Dalvina]]
* [[Dalvino]]
* [[Dalvo]]
* [[Lindalva]]
* [[Lindalvo]]
* [[Marialva]]
* [[Marialvo]]
* [[Rosalva]]
* [[Rosalvo]]
{{colunas/fim}}
[[Categoria:Substantivo (Português)]]</text>
<sha1>g228xqqfsfrvxtsr5f5p765pmkvkgaj</sha1>
</revision>
</page>
