<page>
<title>Ednos</title>
<ns>0</ns>
<id>382413</id>
<revision>
<id>2444752</id>
<parentid>2444751</parentid>
<timestamp>2017-08-20T01:32:03Z</timestamp>
<contributor>
<username>MIL973</username>
<id>41339</id>
</contributor>
<model>wikitext</model>
<format>text/x-wiki</format>
<text bytes="223" xml:space="preserve">={{-pt-}}=
==Forma de substantivo==
{{paroxítona|Ed|nos}}, {{gramática|pr|mp}}
# plural de [[Edno]]
{{avi-for-fle|Edno}}
==Anagramas==
# [[denso]]
# [[sendo]]
# [[sonde]]
[[Categoria:Forma de substantivo (Português)]]</text>
<sha1>9hdmejiwuq2i6uztlp8xmm5j4ej058h</sha1>
</revision>
</page>
