<page>
<page>
<title>Edno</title>
<ns>0</ns>
<id>382412</id>
<revision>
<id>2500344</id>
<parentid>2476256</parentid>
<timestamp>2018-05-02T12:53:59Z</timestamp>
<contributor>
<username>MIL973</username>
<id>41339</id>
</contributor>
<model>wikitext</model>
<format>text/x-wiki</format>
<text bytes="664" xml:space="preserve">={{-pt-}}=
==Substantivo==
{{flex.pt|ms=Edno|mp=Ednos}}
{{paroxítona|Ed|no}}, {{gramática|pr|m}}
# {{escopo|pt|Antropônimo}} [[Apêndice:Prenomes em português|prenome]] masculino
==Ver também==
===No Wikcionário===
====Antropônimos====
{{colunas|3}}
* [[Edna]]
* [[Ednalva]]
* [[Ednalvo]]
{{colunas/fim}}
====Derivados de Alvo====
{{colunas|3}}
* [[Alba]]
* [[Albina]]
* [[Albino]]
* [[Albo]]
* [[Alva]]
* [[Alves]]
* [[Alvim]]
* [[Alvina]]
* [[Alvino]]
* [[Alvo]]
* [[Dalva]]
* [[Dalvina]]
* [[Dalvino]]
* [[Dalvo]]
* [[Lindalva]]
* [[Lindalvo]]
* [[Rosalva]]
* [[Rosalvo]]
{{colunas/fim}}
==Anagrama==
# [[onde]]
[[Categoria:Substantivo (Português)]]</text>
<sha1>gvg4pd0t7ayn3xhau77r8xgr2ebxoyn</sha1>
</revision>
