<page>
<page>
<title>Edoardo</title>
<ns>0</ns>
<id>289409</id>
<revision>
<id>2268204</id>
<parentid>2108751</parentid>
<timestamp>2017-04-26T16:48:45Z</timestamp>
<contributor>
<username>HydrizBot</username>
<id>29590</id>
</contributor>
<minor />
<comment>Robô: A limpar links interwikis antigos</comment>
<model>wikitext</model>
<format>text/x-wiki</format>
<text bytes="1040" xml:space="preserve">{{Wikipédia|lang=it}}
={{-it-}}=
==Substantivo==
'''Edoardo''', {{pr}} {{m}}
# [[Eduardo#Português|Eduardo]].
===Variantes===
{{verTambém.Ini}}
* {{link opcional|Eduardo|it}}
{{verTambém.NovaColuna}}
* {{link opcional|Odoardo|it}}
{{verTambém.Fim}}
=={{etimologia|it}}==
:Do [[inglês]] {{etimo|en|Edward}} que veio do [[inglês antigo]] {{etimo|ang|Ēadƿeard}}, composto de [[ead]] ''(próspero)'' e [[ƿeard]] ''(guardião)''. Significa ''guardião próspero''.
===Termos derivados===
{{verTambém.Ini}}
* {{link opcional|Dado|it}}
* {{link opcional|Dodo|it}}
{{verTambém.NovaColuna}}
* {{link opcional|Edo|it}}
* {{link opcional|Edoarda|it}} ''(feminino)''
{{verTambém.NovaColuna}}
* {{link opcional|Edoardina|it}} ''(feminino)''
* {{link opcional|Edoardino|it}}
{{verTambém.NovaColuna}}
* {{link opcional|Eduarda|it}} ''(feminino)''
* {{link opcional|Odoarda|it}} ''(feminino)''
{{verTambém.Fim}}
[[Categoria:Substantivo (Italiano)]]
[[Categoria:Antropônimo (Italiano)]]
[[Categoria:Entrada de étimo inglês (Italiano)]]</text>
<sha1>9x50ypo8bqh9fw93ft2846rl4pz1bu4</sha1>
</revision>
