<page>
<page>
<title>edredão</title>
<ns>0</ns>
<id>8270</id>
<revision>
<id>2618949</id>
<parentid>2334999</parentid>
<timestamp>2021-02-01T17:21:04Z</timestamp>
<contributor>
<username>MarxavBot</username>
<id>80155</id>
</contributor>
<minor />
<comment>AFI Portugal</comment>
<model>wikitext</model>
<format>text/x-wiki</format>
<text bytes="823" xml:space="preserve">{{Wikipédia|edredom}}
={{-pt-}}=
==Substantivo==
{{flex.pt|ms=edredão|mp=edredões}}
{{oxítona|e|dre|dão}}, {{gramática|m}}
# [[cobertura]] acolchoada que contém penugem fina, sumaúma ou algodão
#* ''Ao abrir os olhos, reparou que estava deitado em um rico aposento, e que o tinham envolvido em magníficas casimiras e agasalhado os pés em '''edredão''' legítimo.'' (Em [[s:A Condessa Vésper/III|A Condessa Vésper (Capítulo III: Ascendentes)]] de Aluísio Azevedo)
===Forma alternativa===
* [[edredom]]
===Tradução===
{{tradini}}
* [[talian|Talian]] : [[straponta]]
{{tradmeio}}
{{tradfim}}
=={{etimologia|pt}}==
{{llietimo|fr|édredon|pt}}
=={{pronúncia|pt}}==
===Portugal===
* AFI: {{AFI|/ɛ.dɾɨ.ˈdɐ̃w̃/}}
==Ver também==
===No Wikcionário===
* [[frouxel]]
[[Categoria:Substantivo (Português)]]</text>
<sha1>sdmloxvgv3nkiexxqujcjhtbjvs6gsv</sha1>
</revision>
