<page>
<page>
<title>EDTA</title>
<ns>0</ns>
<id>131143</id>
<revision>
<id>2268138</id>
<parentid>1946297</parentid>
<timestamp>2017-04-26T16:45:41Z</timestamp>
<contributor>
<username>HydrizBot</username>
<id>29590</id>
</contributor>
<minor />
<comment>Robô: A limpar links interwikis antigos</comment>
<model>wikitext</model>
<format>text/x-wiki</format>
<text bytes="135" xml:space="preserve">={{-en-}}=
==Sigla==
'''EDTA''' {{+info|data=depois de 1954}}
# ver '''[[etilenodiaminotetracético]]'''.
[[Categoria:Sigla (Inglês)]]</text>
<sha1>ha8h64uz9d905848y72o3xc3tzsano3</sha1>
</revision>
