<page>
<title>Eduart</title>
<ns>0</ns>
<id>289420</id>
<revision>
<id>1594911</id>
<parentid>1514589</parentid>
<timestamp>2013-01-19T11:05:06Z</timestamp>
<contributor>
<username>MalafayaBot</username>
<id>628</id>
</contributor>
<minor />
<comment>Robô: A modificar Categoria:Vocábulo de étimo inglês (Alemão) para Categoria:Entrada de étimo inglês (Alemão)</comment>
<model>wikitext</model>
<format>text/x-wiki</format>
<text bytes="829" xml:space="preserve">={{-de-}}=
==Substantivo==
'''Eduart''', {{pr}} {{m}}
# [[Eduardo]].
===Variante===
{{verTambém.Ini}}
* {{link opcional|Eduard|de}}
{{verTambém.Fim}}
=={{etimologia|de}}==
:Do [[inglês]] {{etimo|en|Edward}} que veio do [[inglês antigo]] {{etimo|ang|Ēadƿeard}}, composto de [[ead]] ''(próspero)'' e [[ƿeard]] ''(guardião)''. Significa ''guardião próspero''.
===Termos derivados===
{{verTambém.Ini}}
* {{link opcional|Eduarde|de}} ''(feminino)''
* {{link opcional|Eduardina|de}} ''(feminino)''
{{verTambém.NovaColuna}}
* {{link opcional|Eduardine|de}} ''(feminino)''
* {{link opcional|Ede|de}}
{{verTambém.NovaColuna}}
* {{link opcional|Edu|de}}
* {{link opcional|Ed|de}}
{{verTambém.Fim}}
[[Categoria:Substantivo (Alemão)]]
[[Categoria:Antropônimo (Alemão)]]
[[Categoria:Entrada de étimo inglês (Alemão)]]</text>
<sha1>r2wi5uxr8m4bkw03b9af9d8cus66m6h</sha1>
</revision>
</page>
