<page>
<page>
<title>Eduardas</title>
<ns>0</ns>
<id>335377</id>
<revision>
<id>2268207</id>
<parentid>2261473</parentid>
<timestamp>2017-04-26T16:48:54Z</timestamp>
<contributor>
<username>HydrizBot</username>
<id>29590</id>
</contributor>
<minor />
<comment>Robô: A limpar links interwikis antigos</comment>
<model>wikitext</model>
<format>text/x-wiki</format>
<text bytes="407" xml:space="preserve">={{-pt-}}=
==Forma de substantivo==
{{paroxítona|E|du|ar|das}}, {{gramática|pr|fp}}
# plural de [[Eduarda]]
{{avi-for-fle|Eduarda}}
[[Categoria:Forma de substantivo (Português)]]
={{-es-}}=
==Forma de substantivo==
{{paroxítona|E|duar|das|lang=es}}, {{gramática|pr|fp|lang=es}}
# plural de [[Eduarda#{{es}}|Eduarda]]
{{avi-for-fle|Eduarda|lang=es}}
[[Categoria:Forma de substantivo (Português)]]</text>
<sha1>j3bt6uteskifm24uw8qcf1oudhk5p2t</sha1>
</revision>
