<page>
<title>Eduardos</title>
<ns>0</ns>
<id>335376</id>
<revision>
<id>2261471</id>
<parentid>2038767</parentid>
<timestamp>2017-04-19T03:56:04Z</timestamp>
<contributor>
<username>MIL973</username>
<id>41339</id>
</contributor>
<model>wikitext</model>
<format>text/x-wiki</format>
<text bytes="405" xml:space="preserve">={{-pt-}}=
==Forma de substantivo==
{{paroxítona|E|du|ar|dos}}, {{gramática|pr|mp}}
# plural de [[Eduardo]]
{{avi-for-fle|Eduardo}}
[[Categoria:Forma de substantivo (Português)]]
={{-es-}}=
==Forma de substantivo==
{{paroxítona|E|duar|dos|lang=es}}, {{gramática|pr|mp|lang=es}}
# plural de [[Eduardo#{{es}}|Eduardo]]
{{avi-for-fle|Eduardo|lang=es}}
[[Categoria:Forma de substantivo (Espanhol)]]</text>
<sha1>8jahokt6c1b64ltg03gzcoqten0z1wi</sha1>
</revision>
</page>
