<page>
<page>
<title>Eduardina</title>
<ns>0</ns>
<id>390413</id>
<revision>
<id>2499839</id>
<parentid>2476451</parentid>
<timestamp>2018-04-30T06:14:03Z</timestamp>
<contributor>
<username>MIL973</username>
<id>41339</id>
</contributor>
<model>wikitext</model>
<format>text/x-wiki</format>
<text bytes="483" xml:space="preserve">={{-pt-}}=
==Substantivo==
{{flex.pt|fs=Eduardina|fp=Eduardinas}}
{{paroxítona|E|du|ar|di|na}}, {{gramática|pr|f}}
# {{escopo|pt|Antropônimo}} [[Apêndice:Prenomes em português|prenome]] feminino
==={{-varort-}}===
* [[Edvaldina]]
==Ver também==
===No Wikcionário===
====Antropônimos====
{{colunas|2}}
* [[Duarte]]
* [[Eduarda]]
* [[Eduardino]]
* [[Eduardo]]
* [[Edvalda]]
* [[Edvaldina]]
* [[Edvaldino]]
* [[Edvaldo]]
{{colunas/fim}}
[[Categoria:Substantivo (Português)]]</text>
<sha1>g3sysw050wxfhua1joufzuwc24q81ji</sha1>
</revision>
