<page>
<page>
<title>Eduardinos</title>
<ns>0</ns>
<id>390416</id>
<revision>
<id>2476457</id>
<parentid>2476456</parentid>
<timestamp>2018-01-11T01:49:06Z</timestamp>
<contributor>
<username>MIL973</username>
<id>41339</id>
</contributor>
<model>wikitext</model>
<format>text/x-wiki</format>
<text bytes="190" xml:space="preserve">={{-pt-}}=
==Forma de substantivo==
{{paroxítona|E|du|ar|di|nos}}, {{gramática|pr|mp}}
# plural de [[Eduardino]]
{{avi-for-fle|Eduardino}}
[[Categoria:Forma de substantivo (Português)]]</text>
<sha1>dqjtmbvv1xbelxl2m13du9mq1z8xtz7</sha1>
</revision>
