<page>
<title>Eduarda</title>
<ns>0</ns>
<id>335359</id>
<revision>
<id>2499838</id>
<parentid>2476446</parentid>
<timestamp>2018-04-30T06:13:39Z</timestamp>
<contributor>
<username>MIL973</username>
<id>41339</id>
</contributor>
<model>wikitext</model>
<format>text/x-wiki</format>
<text bytes="921" xml:space="preserve">={{-pt-}}=
==Substantivo==
{{flex.pt|fs=Eduarda|fp=Eduardas}}
{{paroxítona|E|du|ar|da}}, {{gramática|pr|f}}
# {{escopo|pt|Antropônimo}} [[Apêndice:Prenomes em português|prenome]] feminino
==={{-varort-}}===
* [[Edvalda]]
===Tradução===
{{tradini}}
* {{trad|es|Eduarda}}
{{tradmeio}}
{{tradfim}}
==Ver também==
===No Wikcionário===
====Antropônimos====
{{colunas|2}}
* [[Duarte]]
* [[Eduardina]]
* [[Eduardino]]
* [[Eduardo]]
* [[Edvalda]]
* [[Edvaldina]]
* [[Edvaldino]]
* [[Edvaldo]]
{{colunas/fim}}
[[Categoria:Substantivo (Português)]]
={{-es-}}=
==Substantivo==
{{flex.es|fs=Eduarda|fp=Eduardas}}
{{paroxítona|E|duar|da|lang=es}}, {{gramática|pr|f|lang=es}}
# {{escopo|es|Antropônimo}} [[Eduarda#{{pt}}|Eduarda]]
==Ver também==
===No Wikcionário===
====Antropônimos====
{{colunas|2}}
* [[Duarte#{{es}}|Duarte]]
* [[Eduardo#{{es}}|Eduardo]]
{{colunas/fim}}
[[Categoria:Substantivo (Espanhol)]]</text>
<sha1>1uio3d158y26hmvu7z94s2uo0o65ruq</sha1>
</revision>
</page>
