<page>
<page>
<title>Eduard</title>
<ns>0</ns>
<id>289419</id>
<revision>
<id>2268205</id>
<parentid>1946313</parentid>
<timestamp>2017-04-26T16:48:49Z</timestamp>
<contributor>
<username>HydrizBot</username>
<id>29590</id>
</contributor>
<minor />
<comment>Robô: A limpar links interwikis antigos</comment>
<model>wikitext</model>
<format>text/x-wiki</format>
<text bytes="3216" xml:space="preserve">{{Wikipédia|lang=de}}
{{Wikipédia|lang=cs}}
{{Wikipédia|lang=sk}}
{{Wikipédia|lang=nl}}
={{-de-}}=
==Substantivo==
'''Eduard''', {{pr}} {{m}}
# [[Eduardo]].
===Variante===
{{verTambém.Ini}}
* {{link opcional|Eduart|de}}
{{verTambém.Fim}}
=={{etimologia|de}}==
:Do [[inglês]] {{etimo|en|Edward}} que veio do [[inglês antigo]] {{etimo|ang|Ēadƿeard}}, composto de [[ead]] ''(próspero)'' e [[weard]] ''(guardião)''. Significa ''guardião próspero''.
===Termos derivados===
{{verTambém.Ini}}
* {{link opcional|Eduarde|de}} ''(feminino)''
* {{link opcional|Eduardina|de}} ''(feminino)''
{{verTambém.NovaColuna}}
* {{link opcional|Eduardine|de}} ''(feminino)''
* {{link opcional|Ede|de}}
{{verTambém.NovaColuna}}
* {{link opcional|Edu|de}}
* {{link opcional|Ed|de}}
{{verTambém.Fim}}
[[Categoria:Substantivo (Alemão)]]
[[Categoria:Antropônimo (Alemão)]]
[[Categoria:Entrada de étimo inglês (Alemão)]]
={{-ca-}}=
==Substantivo==
'''Eduard''', {{pr}} {{m}}
# [[Eduardo]].
=={{etimologia|ca}}==
:Do [[inglês]] {{etimo|en|Edward}} que veio do [[inglês antigo]] {{etimo|ang|Ēadƿeard}}, composto de [[ead]] ''(próspero)'' e [[ƿeard]] ''(guardião)''. Significa ''guardião próspero''.
===Termos derivados===
{{verTambém.Ini}}
* {{link opcional|Duart|ca}}
{{verTambém.Fim}}
[[Categoria:Substantivo (Catalão)]]
[[Categoria:Antropônimo (Catalão)]]
[[Categoria:Entrada de étimo inglês (Catalão)]]
={{-cs-}}=
==Substantivo==
'''Eduard''', {{pr}} {{m}}
# [[Eduardo]].
=={{etimologia|cs}}==
:Do [[inglês]] {{etimo|en|Edward}} que veio do [[inglês antigo]] {{etimo|ang|Ēadƿeard}}, composto de [[ead]] ''(próspero)'' e [[ƿeard]] ''(guardião)''. Significa ''guardião próspero''.
=={{pronúncia|cs}}==
* [[AFI]]: {{AFI|/ɛdʊart/}}.
[[Categoria:Substantivo (Checo)]]
[[Categoria:Antropônimo (Checo)]]
[[Categoria:Entrada de étimo inglês (Checo)]]
={{-sk-}}=
==Substantivo==
'''Eduard''', {{pr}} {{m}}
# [[Eduardo]].
=={{etimologia|sk}}==
:Do [[inglês]] {{etimo|en|Edward}} que veio do [[inglês antigo]] {{etimo|ang|Ēadƿeard}}, composto de [[ead]] ''(próspero)'' e [[ƿeard]] ''(guardião)''. Significa ''guardião próspero''.
[[Categoria:Substantivo (Eslovaco)]]
[[Categoria:Antropônimo (Eslovaco)]]
[[Categoria:Entrada de étimo inglês (Eslovaco)]]
={{-et-}}=
==Substantivo==
'''Eduard''', {{pr}} {{m}}
# [[Eduardo]].
=={{etimologia|et}}==
:Do [[inglês]] {{etimo|en|Edward}} que veio do [[inglês antigo]] {{etimo|ang|Ēadƿeard}}, composto de [[ead]] ''(próspero)'' e [[ƿeard]] ''(guardião)''. Significa ''guardião próspero''.
[[Categoria:Substantivo (Estoniano)]]
[[Categoria:Antropônimo (Estoniano)]]
[[Categoria:Entrada de étimo inglês (Estoniano)]]
={{-nl-}}=
==Substantivo==
'''Eduard''', {{pr}} {{m}}
# [[Eduardo]].
===Variante===
{{verTambém.Ini}}
* {{link opcional|Edward|nl}}
{{verTambém.Fim}}
=={{etimologia|nl}}==
:Do [[inglês]] {{etimo|en|Edward}} que veio do [[inglês antigo]] {{etimo|ang|Ēadƿeard}}, composto de [[ead]] ''(próspero)'' e [[ƿeard]] ''(guardião)''. Significa ''guardião próspero''.
[[Categoria:Substantivo (Holandês)]]
[[Categoria:Antropônimo (Holandês)]]
[[Categoria:Entrada de étimo inglês (Holandês)]]</text>
<sha1>ksarr8nekzzxlui2mdz469rmitsxj0n</sha1>
</revision>
