<page>
<page>
<title>Eduardus</title>
<ns>0</ns>
<id>289450</id>
<revision>
<id>2268209</id>
<parentid>2188991</parentid>
<timestamp>2017-04-26T16:48:59Z</timestamp>
<contributor>
<username>HydrizBot</username>
<id>29590</id>
</contributor>
<minor />
<comment>Robô: A limpar links interwikis antigos</comment>
<model>wikitext</model>
<format>text/x-wiki</format>
<text bytes="514" xml:space="preserve">{{Wikipédia|lang=la}}
={{-la-}}=
==Substantivo==
'''Eduardus''', {{pr}} {{m}}
# [[Eduardo]].
===Variante===
{{verTambém.Ini}}
* {{link opcional|Edvardus|la}}
{{verTambém.Fim}}
=={{etimologia|la}}==
:Do [[inglês]] {{etimo|en|Edward}} que veio do [[inglês antigo]] {{etimo|ang|Ēadƿeard}}, composto de [[ead]] ''(próspero)'' e [[ƿeard]] ''(guardião)''. Significa ''guardião próspero''.
[[Categoria:Substantivo (Latim)]]
[[Categoria:Antropônimo (Latim)]]
[[Categoria:Entrada de étimo inglês (Latim)]]</text>
<sha1>dnmeg0l83kpn5uyha6tlov7zzwvnoqa</sha1>
</revision>
