<page>
<page>
<title>educandas</title>
<ns>0</ns>
<id>333250</id>
<revision>
<id>2443065</id>
<parentid>2335013</parentid>
<timestamp>2017-08-11T10:45:58Z</timestamp>
<contributor>
<username>MIL973</username>
<id>41339</id>
</contributor>
<model>wikitext</model>
<format>text/x-wiki</format>
<text bytes="192" xml:space="preserve">={{-pt-}}=
==Forma de substantivo==
{{paroxítona|e|du|can|das}}, {{gramática|fp}}
# feminino plural de [[educando]]
{{avi-for-fle|educando}}
[[Categoria:Forma de substantivo (Português)]]</text>
<sha1>gj5g71wsj361ovl5xi8q1ufhc63qcwf</sha1>
</revision>
