<page>
<page>
<title>educativas</title>
<ns>0</ns>
<id>327739</id>
<revision>
<id>2335020</id>
<parentid>1895718</parentid>
<timestamp>2017-04-30T15:57:34Z</timestamp>
<contributor>
<username>HydrizBot</username>
<id>29590</id>
</contributor>
<minor />
<comment>Robô: A limpar links interwikis antigos</comment>
<model>wikitext</model>
<format>text/x-wiki</format>
<text bytes="368" xml:space="preserve">={{-pt-}}=
==Forma de adjetivo==
{{paroxítona|e|du|ca|ti|vas}}, {{f}}
# feminino plural de [[educativo]]
{{avi-for-fle|educativo}}
[[Categoria:Forma de adjetivo (Português)]]
={{-es-}}=
==Forma de adjetivo==
'''educativas''', {{f}}
# feminino plural de [[educativo#{{es}}|educativo]]
{{avi-for-fle|educativo|lang=es}}
[[Categoria:Forma de adjetivo (Espanhol)]]</text>
<sha1>3uc56s4nnyxpnhlgp4a2kaadbjlyoxx</sha1>
</revision>
