<page>
<page>
<title>educadoras</title>
<ns>0</ns>
<id>329102</id>
<revision>
<id>2335009</id>
<parentid>2016410</parentid>
<timestamp>2017-04-30T15:57:00Z</timestamp>
<contributor>
<username>HydrizBot</username>
<id>29590</id>
</contributor>
<minor />
<comment>Robô: A limpar links interwikis antigos</comment>
<model>wikitext</model>
<format>text/x-wiki</format>
<text bytes="375" xml:space="preserve">={{-pt-}}=
==Forma de substantivo==
{{paroxítona|e|du|ca|do|ras}}, {{f}}
# feminino plural de [[educador]]
{{avi-for-fle|educador}}
[[Categoria:Forma de substantivo (Português)]]
={{-es-}}=
==Forma de substantivo==
'''educadoras''', {{f}}
# feminino plural de [[educador#{{es}}|educador]]
{{avi-for-fle|educador|lang=es}}
[[Categoria:Forma de substantivo (Espanhol)]]</text>
<sha1>035devvf709esy57fwfbi3gi2ndsztr</sha1>
</revision>
