<page>
<page>
<title>educacionismo</title>
<ns>0</ns>
<id>77357</id>
<revision>
<id>1488665</id>
<parentid>1227614</parentid>
<timestamp>2012-10-21T12:19:07Z</timestamp>
<contributor>
<username>VJBot</username>
<id>33673</id>
</contributor>
<minor />
<comment>Robô: Substituição de texto automática  (-{{wikipedia}} +{{Wikipédia}})</comment>
<model>wikitext</model>
<format>text/x-wiki</format>
<text bytes="955" xml:space="preserve">{{Wikipédia}}
={{-pt-}}=
==Substantivo==
{{flex.pt|ms=educacionismo|mp=educacionismos}}
{{paroxítona|e|du|ca|ci|o|nis|mo}}
# [[ideologia]] [[filosófico]]-[[pedagógico|pedagógica]] de Piotr Kropotkin (1842-1921), cuja [[tese]] [[central]] [[afirmar|afirma]] que a [[educação]] tem um [[papel]] [[social]] de tal [[transcendência]], que a ela se atribue a [[propriedade]] de transformar a sociedade
===Tradução===
{{tradini}}
* {{trad|es|educacionismo}}
{{tradmeio}}
{{tradfim}}
=={{etimologia|pt}}==
: {{escopo|Morfologia}} [[educação]] + [[-ismo]].
==Ver também==
===No Wikcionário===
{{verTambém.Ini}}
* [[educacionista]]
{{verTambém.NovaColuna}}
* [[educacionístico]]
{{verTambém.Fim}}
[[Categoria:Substantivo (Português)]]
[[Categoria:Educação (Português)]]
={{-es-}}=
==Substantivo==
'''educacionismo'''
# [[educacionismo#Português|educacionismo]] 
[[Categoria:Substantivo (Espanhol)]]
[[Categoria:Educação (Espanhol)]]</text>
<sha1>4doy3bb9ror1xk9husfi4tfqbauymx3</sha1>
</revision>
