<page>
<page>
<title>educacional</title>
<ns>0</ns>
<id>145182</id>
<revision>
<id>2622051</id>
<parentid>2335002</parentid>
<timestamp>2021-02-02T02:05:05Z</timestamp>
<contributor>
<username>MarxavBot</username>
<id>80155</id>
</contributor>
<minor />
<comment>AFI Portugal</comment>
<model>wikitext</model>
<format>text/x-wiki</format>
<text bytes="401" xml:space="preserve">={{-pt-}}=
==Adjetivo==
{{flex.pt|s=educacional|p=educacionais}}
{{oxítona|e|du|ca|ci|o|nal}}, {{c2g}} {{+info|data=1939}}
# relativo à [[educação]]; [[educativo]]
===Verbetes derivados===
* [[educacionalmente]]
=={{etimologia|pt}}==
: {{escopo|Morfologia}} [[educação]] + [[-al]].
=={{pronúncia|pt}}==
===Portugal===
* AFI: {{AFI|/i.du.kɐ.sju.ˈnaɫ/}}
[[Categoria:Adjetivo (Português)]]</text>
<sha1>p068qrql2lhz5ug46342y3qz6xvwean</sha1>
</revision>
