<page>
<title>educandário</title>
<ns>0</ns>
<id>120776</id>
<revision>
<id>2443068</id>
<parentid>1962941</parentid>
<timestamp>2017-08-11T10:49:38Z</timestamp>
<contributor>
<username>MIL973</username>
<id>41339</id>
</contributor>
<model>wikitext</model>
<format>text/x-wiki</format>
<text bytes="507" xml:space="preserve">={{-pt-}}=
==Substantivo==
{{flex.pt|ms=educandário|mp=educandários}}
{{proparoxítona aparente|e|du|can|dá|ri|o}}, {{gramática|m}} {{+info|data=1913}}
# {{escopo|pt|Educação}} [[estabelecimento]] que recebe [[educando]]s
# {{escopo|pt|Educação}} estabelecimento de [[ensino]] [[primário]] ou [[secundário]]
===Sinônimos===
{{colunas|2}}
* [[colégio]]
* [[escola]]
{{colunas/fim}}
=={{etimologia|pt}}==
: {{escopo|Morfologia}} [[educando]] + [[-ário]].
[[Categoria:Substantivo (Português)]]</text>
<sha1>tv9msys6pogccy9ej4ghbqtxzr89mnp</sha1>
</revision>
</page>
