<page>
<page>
<title>educativo</title>
<ns>0</ns>
<id>95502</id>
<revision>
<id>2612487</id>
<parentid>2335021</parentid>
<timestamp>2021-01-31T12:11:16Z</timestamp>
<contributor>
<username>Marxav</username>
<id>73271</id>
</contributor>
<minor />
<comment>AFI Portugal</comment>
<model>wikitext</model>
<format>text/x-wiki</format>
<text bytes="1395" xml:space="preserve">={{-pt-}}=
==Adjetivo==
{{flex.pt|ms=educativo|mp=educativos|fs=educativa|fp=educativas}}
{{paroxítona|e|du|ca|ti|vo}}, {{m}}
# relativo à [[educação]]
# que auxilia na educação
#* ''Há pesquisas que provam o valor '''educativo''' do videogame ou da internet?'' {{OESP|2006|maio|22}}
===Antônimo===
* [[deseducativo]]
===Tradução===
{{tradini}}
* {{trad|es|educativo}}
* {{trad|fr|éducatif}}
* {{trad|nl|educatief}}
{{tradmeio}}
* {{trad|en|educative}}
* {{trad|it|educativo}}
* {{trad|ru|воспитательный}}
{{tradfim}}
===Verbetes derivados===
* [[educativamente]]
=={{etimologia|pt}}==
: {{escopo|Morfologia}} [[educar]] + [[-tivo]].
=={{pronúncia|pt}}==
===Portugal===
* AFI: {{AFI|/i.du.kɐ.ˈti.vu/}}
==Ver também==
===No Wikcionário===
{{verTambém.Ini}}
* [[educado]]
* [[ensino]]
{{verTambém.NovaColuna}}
* [[instrutivo]]
* [[ludoterapia]]
{{verTambém.Fim}}
[[Categoria:Adjetivo (Português)]]
[[Categoria:Educação (Português)]]
={{-es-}}=
==Adjetivo==
{{flex.es|ms=educativo|mp=educativos|fs=educativa|fp=educativas}}
'''educativo''', {{m}}
# [[educativo#{{pt}}|educativo]]
===Antônimo===
* [[deseducativo#{{es}}|deseducativo]]
[[Categoria:Adjetivo (Espanhol)]]
[[Categoria:Educação (Espanhol)]]
={{-it-}}=
==Adjetivo==
'''educativo'''
# [[educativo#{{pt}}|educativo]]
[[Categoria:Adjetivo (Italiano)]]
[[Categoria:Educação (Italiano)]]</text>
<sha1>0w49xzyojnr3xu49u8kcb9rmdl408ha</sha1>
</revision>
