<page>
<page>
<title>educámos</title>
<ns>0</ns>
<id>309645</id>
<revision>
<id>2571787</id>
<parentid>2335025</parentid>
<timestamp>2020-01-20T15:54:39Z</timestamp>
<contributor>
<username>ValJor</username>
<id>1358</id>
</contributor>
<comment>Acrescentando código de língua à [[:Categoria:!Página com mensagem de erro em predefinição|predefinição escopo]]</comment>
<model>wikitext</model>
<format>text/x-wiki</format>
<text bytes="260" xml:space="preserve">={{-pt-}}=
==Forma verbal==
{{paroxítona|e|du|cá|mos}}
# {{escopo2|grafia lusitana}} primeira pessoa do plural do pretérito perfeito do indicativo do verbo [[educar]]
{{avi-for-fle|educar}}
[[Categoria:Forma verbal (Português)]]
[[Categoria:Lusitanismo]]</text>
<sha1>4mrruo4xi8yfrvgovm5blv1yzgmve6e</sha1>
</revision>
