<page>
<title>educativa</title>
<ns>0</ns>
<id>327741</id>
<revision>
<id>2335018</id>
<parentid>2122426</parentid>
<timestamp>2017-04-30T15:57:30Z</timestamp>
<contributor>
<username>HydrizBot</username>
<id>29590</id>
</contributor>
<minor />
<comment>Robô: A limpar links interwikis antigos</comment>
<model>wikitext</model>
<format>text/x-wiki</format>
<text bytes="352" xml:space="preserve">={{-pt-}}=
==Forma de adjetivo==
{{paroxítona|e|du|ca|ti|va}}, {{f}}
# feminino de [[educativo]]
{{avi-for-fle|educativo}}
[[Categoria:Forma de adjetivo (Português)]]
={{-es-}}=
==Forma de adjetivo==
'''educativa''', {{f}}
# feminino de [[educativo#{{es}}|educativo]]
{{avi-for-fle|educativo|lang=es}}
[[Categoria:Forma de adjetivo (Espanhol)]]</text>
<sha1>q40m9mzl44ykxco8x2batonpu9c9v9q</sha1>
</revision>
</page>
