<page>
<page>
<title>educadora</title>
<ns>0</ns>
<id>329104</id>
<revision>
<id>2335008</id>
<parentid>1976915</parentid>
<timestamp>2017-04-30T15:56:59Z</timestamp>
<contributor>
<username>HydrizBot</username>
<id>29590</id>
</contributor>
<minor />
<comment>Robô: A limpar links interwikis antigos</comment>
<model>wikitext</model>
<format>text/x-wiki</format>
<text bytes="359" xml:space="preserve">={{-pt-}}=
==Forma de substantivo==
{{paroxítona|e|du|ca|do|ra}}, {{f}}
# feminino de [[educador]]
{{avi-for-fle|educador}}
[[Categoria:Forma de substantivo (Português)]]
={{-es-}}=
==Forma de substantivo==
'''educadora''', {{f}}
# feminino de [[educador#{{es}}|educador]]
{{avi-for-fle|educador|lang=es}}
[[Categoria:Forma de substantivo (Espanhol)]]</text>
<sha1>lmqbzzsrz2cs0hiqjy9z3c3llesvxxo</sha1>
</revision>
