<page>
<title>educar</title>
<ns>0</ns>
<id>66250</id>
<revision>
<id>2676506</id>
<parentid>2676505</parentid>
<timestamp>2022-05-11T00:52:41Z</timestamp>
<contributor>
<username>ValJor</username>
<id>1358</id>
</contributor>
<minor />
<comment>Revertidas edições por [[Especial:Contribuições/170.239.8.43|170.239.8.43]] para a última versão por [[Especial:Contribuições/ValJor|ValJor]]</comment>
<model>wikitext</model>
<format>text/x-wiki</format>
<text bytes="2543" xml:space="preserve">={{-pt-}}=
==Verbo==
{{oxítona|e|du|car}}, {{g|vt}}
# [[ministrar]] [[educação]] a
# [[instruir]]
# [[desenvolver]] as [[faculdade]]s de
===Antônimo===
* [[deseducar]]
===Conjugação===
{{conj/pt|edu|car}}
===Tradução===
{{tradini}}
* {{trad|sq|edukoj}}
* {{trad|de|erziehen}}
* {{trad|ar|رَبَّى}}
* {{trad|arn|gübamün}}
* {{trad|br|kelenn}}
* {{trad|bg|възпитавам}}
* {{trad|ca|educar}}
* {{trad|es|educar}}
* {{trad|eo|eduki}}
* {{trad|fi|koulia|kouluttaa|kasvattaa}}
* {{trad|fr|éduquer}}
* {{trad|gl|educar|formar|instruir}}
* {{trad|cy|addysgu}}
* {{trad|grc|παιδεύω}}
* {{trad|nl|opvoeden}}
* {{trad|hu|nevel}}
* {{trad|io|edukar}}
* {{trad|id|mendidik}}
{{tradmeio}}
* {{trad|en|educate}}
* {{trad|ia|educar}}
* {{trad|it|educare}}
* {{trad|la|educo|erudio}}
* {{trad|lv|audzinât}}
* {{trad|mwl|eiducar}}
* {{trad|no|utdanne}}
* {{trad|fa|تربيت کردن|آموزش دادن}}
* {{trad|pl|wychowywać|edukować}}
* {{trad|qu|alliyachachiy|runachiy|uyway|edukay}}
* {{trad|sro|pesai}}
* {{trad|sw|elimisha}}
* {{trad|sv|uppfostra}}
* {{trad|tn|ruta}}
* {{trad|vec|arlevare|tirare sù}}
* {{trad|xh|fundisa}}
* {{trad|zu|fundisa|khulisa}}
{{tradfim}}
=={{etimologia|pt}}==
: Do {{etm|la|pt}} &quot;educare&quot;, que significa “educar, instruir” e também “criar”. Essa palavra era composta por &quot;ex&quot;, fora, e &quot;ducere&quot;, guiar, conduzir, liderar. Há a ideia de que introduzir alguém ao mundo por meio da instrução era como “levar uma pessoa para fora de si mesma, mostrar o que mais existe além dela. Confronte-se com [[eduzir]].
=={{pronúncia|pt}}==
===Portugal===
* AFI: {{AFI|/i.du.ˈkaɾ/}}
==Ver também==
===No Wikcionário===
{{verTambém.Ini}}
* [[cultivar]]
{{verTambém.NovaColuna}}
* [[educado]]
{{verTambém.NovaColuna}}
* [[escola]]
{{verTambém.NovaColuna}}
* [[formar]]
{{verTambém.Fim}}
==Anagrama==
&lt;!-- índice para anagramas: pt: acderu --&gt;
# [[decrua]]
[[Categoria:Verbo (Português)]]
[[Categoria:Educação (Português)]]
={{-ca-}}=
==Verbo==
'''educar'''
# [[educar#Português|educar]]
[[Categoria:Verbo (Catalão)]]
[[Categoria:Educação (Catalão)]]
={{-es-}}=
==Verbo==
'''educar'''
# [[educar#Português|educar]]
[[Categoria:Verbo (Espanhol)]]
[[Categoria:Educação (Espanhol)]]
={{-gl-}}=
==Verbo==
'''educar'''
# [[educar#Português|educar]]
[[Categoria:Verbo (Galego)]]
[[Categoria:Educação (Galego)]]
={{-ia-}}=
==Verbo==
'''educar'''
# [[educar#Português|educar]]
[[Categoria:Verbo (Interlíngua)]]
[[Categoria:Educação (Interlíngua)]]</text>
<sha1>dtkbivxcxyyiip39v0nxx5vvv3omdta</sha1>
</revision>
</page>
