<page>
<page>
<title>educando</title>
<ns>0</ns>
<id>120775</id>
<revision>
<id>2443064</id>
<parentid>2443063</parentid>
<timestamp>2017-08-11T10:45:25Z</timestamp>
<contributor>
<username>MIL973</username>
<id>41339</id>
</contributor>
<model>wikitext</model>
<format>text/x-wiki</format>
<text bytes="819" xml:space="preserve">={{-pt-}}=
==Substantivo==
{{flex.pt|ms=educando|mp=educandos|fs=educanda|fp=educandas}}
{{paroxítona|e|du|can|do}}, {{gramática|m}} {{+info|data=1727}}
# {{escopo|pt|Educação}} aquele que está sendo [[educado]]
===Sinônimos===
{{colunas|2}}
* [[aluno]]
* [[aprendiz]]
* [[discente]]
* [[discípulo]]
* [[estudante]]
{{colunas/fim}}
===Verbetes derivados===
* [[educandário]]
==Forma verbal==
{{paroxítona|e|du|can|do}}
# gerúndio do verbo [[educar]]
{{avi-for-fle|educar}}
=={{etimologia|pt}}==
{{llietimo|la|educandus|pt|ponto=não}}, supino do verbo {{etimo|la|educare}}.
==Ver também==
===No Wikcionário===
{{colunas|2}}
* [[doutorando]]
* [[formando]]
* [[graduando]]
* [[licenciando]]
* [[mestrando]]
{{colunas/fim}}
[[Categoria:Substantivo (Português)]]
[[Categoria:Forma verbal (Português)]]</text>
<sha1>fziw19s0c4dbb64s7bxk2kgiir61b38</sha1>
</revision>
