<page>
<page>
<title>education</title>
<ns>0</ns>
<id>38495</id>
<revision>
<id>2335017</id>
<parentid>2223456</parentid>
<timestamp>2017-04-30T15:57:28Z</timestamp>
<contributor>
<username>HydrizBot</username>
<id>29590</id>
</contributor>
<minor />
<comment>Robô: A limpar links interwikis antigos</comment>
<model>wikitext</model>
<format>text/x-wiki</format>
<text bytes="99" xml:space="preserve">={{-en-}}=
==Substantivo==
'''ed.u.ca.tion'''
:* [[educação]]
[[Categoria:Substantivo (Inglês)]]</text>
<sha1>pv098g7x0rwfwgp85ugkbdsfeubfbzp</sha1>
</revision>
