<page>
<page>
<title>educadores</title>
<ns>0</ns>
<id>329103</id>
<revision>
<id>2335010</id>
<parentid>1976914</parentid>
<timestamp>2017-04-30T15:57:02Z</timestamp>
<contributor>
<username>HydrizBot</username>
<id>29590</id>
</contributor>
<minor />
<comment>Robô: A limpar links interwikis antigos</comment>
<model>wikitext</model>
<format>text/x-wiki</format>
<text bytes="357" xml:space="preserve">={{-pt-}}=
==Forma de substantivo==
{{paroxítona|e|du|ca|do|res}}, {{m}}
# plural de [[educador]]
{{avi-for-fle|educador}}
[[Categoria:Forma de substantivo (Português)]]
={{-es-}}=
==Forma de substantivo==
'''educadores''', {{m}}
# plural de [[educador#{{es}}|educador]]
{{avi-for-fle|educador|lang=es}}
[[Categoria:Forma de substantivo (Espanhol)]]</text>
<sha1>s1i5l36ac329qnvvkgnbppu5ozfqspf</sha1>
</revision>
