<page>
<page>
<title>educada</title>
<ns>0</ns>
<id>327733</id>
<revision>
<id>2335004</id>
<parentid>1895731</parentid>
<timestamp>2017-04-30T15:56:51Z</timestamp>
<contributor>
<username>HydrizBot</username>
<id>29590</id>
</contributor>
<minor />
<comment>Robô: A limpar links interwikis antigos</comment>
<model>wikitext</model>
<format>text/x-wiki</format>
<text bytes="163" xml:space="preserve">={{-pt-}}=
==Forma de adjetivo==
{{paroxítona|e|du|ca|da}}, {{f}}
# feminino de [[educado]]
{{avi-for-fle|educado}}
[[Categoria:Forma de adjetivo (Português)]]</text>
<sha1>8akmfas4z7cypnilx31okq7159ly2px</sha1>
</revision>
