<page>
<page>
<title>educandos</title>
<ns>0</ns>
<id>333251</id>
<revision>
<id>2443066</id>
<parentid>2335015</parentid>
<timestamp>2017-08-11T10:46:23Z</timestamp>
<contributor>
<username>MIL973</username>
<id>41339</id>
</contributor>
<model>wikitext</model>
<format>text/x-wiki</format>
<text bytes="183" xml:space="preserve">={{-pt-}}=
==Forma de substantivo==
{{paroxítona|e|du|can|dos}}, {{gramática|mp}}
# plural de [[educando]]
{{avi-for-fle|educando}}
[[Categoria:Forma de substantivo (Português)]]</text>
<sha1>abqfv5149qh89lumt57zil33fdtxmgk</sha1>
</revision>
