<page>
<title>educador</title>
<ns>0</ns>
<id>113822</id>
<revision>
<id>2335007</id>
<parentid>2234009</parentid>
<timestamp>2017-04-30T15:56:57Z</timestamp>
<contributor>
<username>HydrizBot</username>
<id>29590</id>
</contributor>
<minor />
<comment>Robô: A limpar links interwikis antigos</comment>
<model>wikitext</model>
<format>text/x-wiki</format>
<text bytes="1415" xml:space="preserve">{{Wikipédia}}
{{Wikipédia|lang=ca}}
{{Wikipédia|lang=es}}
={{-pt-}}=
==Substantivo==
{{flex.pt|ms=educador|mp=educadores|fs=educadora|fp=educadoras}}
{{oxítona|e|du|ca|dor}}, {{m}}
# pessoa que orienta outras sobre como ter uma boa [[educação]]
===Sinônimo===
* [[pedagogo]]
===Tradução===
{{tradini}}
* {{trad|ca|educador}}
* {{trad|es|educador}}
{{tradmeio}}
* {{trad|fr|éducateur}}
* {{trad|gl|educador}}
{{tradfim}}
=={{etimologia|pt}}==
: Do [[latim]] {{etimo|la|educator}}.
==Ver também==
===No Wikcionário===
{{verTambém.Ini}}
* [[ensino]]
{{verTambém.NovaColuna}}
* [[profissão]]
{{verTambém.Fim}}
[[Categoria:Substantivo (Português)]]
[[Categoria:Educação (Português)]]
[[Categoria:Profissão (Português)]]
[[Categoria:Entrada de étimo latino (Português)]]
={{-ca-}}=
==Substantivo==
'''educador'''
# [[educador#{{pt}}|educador]]
[[Categoria:Substantivo (Catalão)]]
[[Categoria:Educação (Catalão)]]
[[Categoria:Profissão (Catalão)]]
={{-es-}}=
==Substantivo==
{{flex.es|ms=educador|mp=educadores|fs=educadora|fp=educadoras}}
'''educador''', {{m}}
# [[educador#{{pt}}|educador]]
[[Categoria:Substantivo (Espanhol)]]
[[Categoria:Educação (Espanhol)]]
[[Categoria:Profissão (Espanhol)]]
={{-gl-}}=
==Substantivo==
'''educador'''
# [[educador#{{pt}}|educador]]
[[Categoria:Substantivo (Galego)]]
[[Categoria:Educação (Galego)]]
[[Categoria:Profissão (Galego)]]</text>
<sha1>gpgxi1gp5ufi2i5aeud6dlkx5yzn3b5</sha1>
</revision>
</page>
