<page>
<title>educomunicação</title>
<ns>0</ns>
<id>319402</id>
<revision>
<id>1777701</id>
<parentid>1743971</parentid>
<timestamp>2013-11-30T11:12:49Z</timestamp>
<contributor>
<username>ValJor</username>
<id>1358</id>
</contributor>
<comment>Retirando da [[Especial:Uncategorizedpages|página de verbetes sem categoria]]</comment>
<model>wikitext</model>
<format>text/x-wiki</format>
<text bytes="409" xml:space="preserve">{{Wikipédia}}
={{-pt-}}=
==Substantivo==
{{flex.pt|fs=educomunicação|fp=educomunicações}}
{{oxítona|e|du|co|mu|ni|ca|ção}}
# [[metodologia]] [[pedagógico|pedagógica]] que propõe o uso de [[recurso]]s [[tecnológico]]s [[moderno]]s e [[técnica]]s da [[comunicação]] na [[aprendizagem]] através de meios de [[mídia]]
[[Categoria:Substantivo (Português)]]
[[Categoria:Educação (Português)]]</text>
<sha1>ma9cyp7vpze2sv56202uy76cr2kcagj</sha1>
</revision>
</page>
