<page>
<title>educados</title>
<ns>0</ns>
<id>327732</id>
<revision>
<id>2335011</id>
<parentid>1895730</parentid>
<timestamp>2017-04-30T15:57:04Z</timestamp>
<contributor>
<username>HydrizBot</username>
<id>29590</id>
</contributor>
<minor />
<comment>Robô: A limpar links interwikis antigos</comment>
<model>wikitext</model>
<format>text/x-wiki</format>
<text bytes="162" xml:space="preserve">={{-pt-}}=
==Forma de adjetivo==
{{paroxítona|e|du|ca|dos}}, {{m}}
# plural de [[educado]]
{{avi-for-fle|educado}}
[[Categoria:Forma de adjetivo (Português)]]</text>
<sha1>lc5ss68cdnowb8ur5c9qpr7yosdjcwk</sha1>
</revision>
</page>
