<page>
<page>
<title>edulcorar</title>
<ns>0</ns>
<id>313335</id>
<revision>
<id>2335026</id>
<parentid>2016416</parentid>
<timestamp>2017-04-30T15:57:48Z</timestamp>
<contributor>
<username>HydrizBot</username>
<id>29590</id>
</contributor>
<minor />
<comment>Robô: A limpar links interwikis antigos</comment>
<model>wikitext</model>
<format>text/x-wiki</format>
<text bytes="156" xml:space="preserve">={{-pt-}}=
==Verbo==
{{oxítona|e|dul|co|rar}}, ''v. t.''
# [[tornar]] [[doce]]
===Conjugação===
{{conj/pt|edulcor|ar}}
[[Categoria:Verbo (Português)]]</text>
<sha1>g40npwuyl7krrsxj8ybbywtzc1un0uf</sha1>
</revision>
