<page>
<title>Eduviges</title>
<ns>0</ns>
<id>382398</id>
<revision>
<id>2457953</id>
<parentid>2444682</parentid>
<timestamp>2017-10-30T00:41:04Z</timestamp>
<contributor>
<username>MIL973</username>
<id>41339</id>
</contributor>
<model>wikitext</model>
<format>text/x-wiki</format>
<text bytes="997" xml:space="preserve">={{-pt-}}=
==Substantivo==
{{flex.pt|fs=Eduviges|fp=Eduviges}}
{{paroxítona|E|du|vi|ges}}, {{gramática|pr|f2n}}
# {{escopo|pt|Antropônimo}} [[Apêndice:Prenomes em português|prenome]] feminino
==={{-varort-}}===
* [[Edviges]]
===Tradução===
{{tradini}}
* {{trad|es|Eduviges}}
{{tradmeio}}
* {{trad|en|Edwiges}}
{{tradfim}}
==Forma de substantivo==
{{paroxítona|E|du|vi|ges}}, {{gramática|pr|f2n}}
# plural de Eduviges
{{avi-for-fle|Eduviges}}
[[Categoria:Substantivo (Português)]]
[[Categoria:Forma de substantivo (Português)]]
={{-es-}}=
==Substantivo==
{{flex.es|fs=Eduviges|fp=Eduviges}}
{{paroxítona|E|du|vi|ges|lang=es}}, {{gramática|pr|f2n|lang=es}}
# {{escopo|es|Antropônimo}} [[Eduviges#{{pt}}|Eduviges]], [[Edviges]]
==Forma de substantivo==
{{paroxítona|E|du|vi|ges|lang=es}}, {{gramática|pr|f2n|lang=es}}
# plural de [[Eduviges#{{es}}|Eduviges]]
{{avi-for-fle|Eduviges|lang=es}}
[[Categoria:Substantivo (Espanhol)]]
[[Categoria:Forma de substantivo (Espanhol)]]</text>
<sha1>57pk33xqlveqzyi4fipghrb53si7q01</sha1>
</revision>
</page>
