<page>
<title>eduzir</title>
<ns>0</ns>
<id>327302</id>
<revision>
<id>1834156</id>
<timestamp>2014-06-21T06:43:34Z</timestamp>
<contributor>
<username>Cpls</username>
<id>20608</id>
</contributor>
<comment>[[Ajuda:Guia de edição/Menus e ferramentas/Sumário de edição|→]] nova página: ={{-pt-}}= ==Verbo== {{oxítona|e|du|zir}} # [[deduzir]], extrair com o pensamento uma conclusão  ===Conjuga...</comment>
<model>wikitext</model>
<format>text/x-wiki</format>
<text bytes="355" xml:space="preserve">={{-pt-}}=
==Verbo==
{{oxítona|e|du|zir}}
# [[deduzir]], extrair com o pensamento uma conclusão
===Conjugação===
{{conj/pt|eduz|ir}}
=={{etimologia|pt}}==
: Do latim ''educo, educere''.
==Ver também==
===No Wikcionário===
{{verTambém.Ini}}
* [[educar]]
{{verTambém.NovaColuna}}
* [[induzir]]
{{verTambém.Fim}}
[[Categoria:Verbo (Português)]]</text>
<sha1>68ggak53bv3015uhrtsxb0prl1mpnbq</sha1>
</revision>
</page>
