<page>
<page>
<title>Edvaldinas</title>
<ns>0</ns>
<id>390506</id>
<revision>
<id>2476619</id>
<parentid>2476618</parentid>
<timestamp>2018-01-12T01:37:27Z</timestamp>
<contributor>
<username>MIL973</username>
<id>41339</id>
</contributor>
<model>wikitext</model>
<format>text/x-wiki</format>
<text bytes="189" xml:space="preserve">={{-pt-}}=
==Forma de substantivo==
{{paroxítona|Ed|val|di|nas}}, {{gramática|pr|fp}}
# plural de [[Edvaldina]]
{{avi-for-fle|Edvaldina}}
[[Categoria:Forma de substantivo (Português)]]</text>
<sha1>sy6tyfdrjidv5zcdzldq6lb3zbp3lne</sha1>
</revision>
