<page>
<page>
<title>Edvalda</title>
<ns>0</ns>
<id>390417</id>
<revision>
<id>2499842</id>
<parentid>2476459</parentid>
<timestamp>2018-04-30T06:21:26Z</timestamp>
<contributor>
<username>MIL973</username>
<id>41339</id>
</contributor>
<model>wikitext</model>
<format>text/x-wiki</format>
<text bytes="475" xml:space="preserve">={{-pt-}}=
==Substantivo==
{{flex.pt|fs=Edvalda|fp=Edvaldas}}
{{paroxítona|Ed|val|da}}, {{gramática|pr|f}}
# {{escopo|pt|Antropônimo}} [[Apêndice:Prenomes em português|prenome]] feminino
==={{-varort-}}===
* [[Eduarda]]
==Ver também==
===No Wikcionário===
====Antropônimos====
{{colunas|2}}
* [[Duarte]]
* [[Eduarda]]
* [[Eduardina]]
* [[Eduardino]]
* [[Eduardo]]
* [[Edvaldina]]
* [[Edvaldino]]
* [[Edvaldo]]
{{colunas/fim}}
[[Categoria:Substantivo (Português)]]</text>
<sha1>h6bbobz21idctcu41oinj24l9gk9ayd</sha1>
</revision>
