<page>
<title>Edvardus</title>
<ns>0</ns>
<id>289451</id>
<revision>
<id>1596142</id>
<parentid>1514591</parentid>
<timestamp>2013-01-19T11:48:06Z</timestamp>
<contributor>
<username>MalafayaBot</username>
<id>628</id>
</contributor>
<minor />
<comment>Robô: A modificar Categoria:Vocábulo de étimo inglês (Latim) para Categoria:Entrada de étimo inglês (Latim)</comment>
<model>wikitext</model>
<format>text/x-wiki</format>
<text bytes="514" xml:space="preserve">{{Wikipédia|lang=la}}
={{-la-}}=
==Substantivo==
'''Edvardus''', {{pr}} {{m}}
# [[Eduardo]].
===Variante===
{{verTambém.Ini}}
* {{link opcional|Eduardus|la}}
{{verTambém.Fim}}
=={{etimologia|la}}==
:Do [[inglês]] {{etimo|en|Edward}} que veio do [[inglês antigo]] {{etimo|ang|Ēadƿeard}}, composto de [[ead]] ''(próspero)'' e [[ƿeard]] ''(guardião)''. Significa ''guardião próspero''.
[[Categoria:Substantivo (Latim)]]
[[Categoria:Antropônimo (Latim)]]
[[Categoria:Entrada de étimo inglês (Latim)]]</text>
<sha1>7j2fbsscgjiroxn2xkb9fu5yd1or19d</sha1>
</revision>
</page>
