<page>
<title>Edvaldo</title>
<ns>0</ns>
<id>390418</id>
<revision>
<id>2499845</id>
<parentid>2476462</parentid>
<timestamp>2018-04-30T06:22:34Z</timestamp>
<contributor>
<username>MIL973</username>
<id>41339</id>
</contributor>
<model>wikitext</model>
<format>text/x-wiki</format>
<text bytes="476" xml:space="preserve">={{-pt-}}=
==Substantivo==
{{flex.pt|ms=Edvaldo|mp=Edvaldos}}
{{paroxítona|Ed|val|do}}, {{gramática|pr|m}}
# {{escopo|pt|Antropônimo}} [[Apêndice:Prenomes em português|prenome]] masculino
==={{-varort-}}===
* [[Eduardo]]
==Ver também==
===No Wikcionário===
====Antropônimos====
{{colunas|2}}
* [[Duarte]]
* [[Eduarda]]
* [[Eduardina]]
* [[Eduardino]]
* [[Eduardo]]
* [[Edvalda]]
* [[Edvaldina]]
* [[Edvaldino]]
{{colunas/fim}}
[[Categoria:Substantivo (Português)]]</text>
<sha1>m9k5q6j2vkdn0reuc3b2fn945j54eor</sha1>
</revision>
</page>
