<page>
<title>Edvaldos</title>
<ns>0</ns>
<id>390419</id>
<revision>
<id>2476464</id>
<parentid>2476463</parentid>
<timestamp>2018-01-11T01:56:44Z</timestamp>
<contributor>
<username>MIL973</username>
<id>41339</id>
</contributor>
<model>wikitext</model>
<format>text/x-wiki</format>
<text bytes="182" xml:space="preserve">={{-pt-}}=
==Forma de substantivo==
{{paroxítona|Ed|val|dos}}, {{gramática|pr|mp}}
# plural de [[Edvaldo]]
{{avi-for-fle|Edvaldo}}
[[Categoria:Forma de substantivo (Português)]]</text>
<sha1>edn2tgdt7lahmi2muo6e7utc5n7pf7v</sha1>
</revision>
</page>
