<page>
<title>Edvaldina</title>
<ns>0</ns>
<id>390425</id>
<revision>
<id>2499843</id>
<parentid>2476613</parentid>
<timestamp>2018-04-30T06:21:44Z</timestamp>
<contributor>
<username>MIL973</username>
<id>41339</id>
</contributor>
<model>wikitext</model>
<format>text/x-wiki</format>
<text bytes="482" xml:space="preserve">={{-pt-}}=
==Substantivo==
{{flex.pt|fs=Edvaldina|fp=Edvaldinas}}
{{paroxítona|Ed|val|di|na}}, {{gramática|pr|f}}
# {{escopo|pt|Antropônimo}} [[Apêndice:Prenomes em português|prenome]] feminino
==={{-varort-}}===
* [[Eduardina]]
==Ver também==
===No Wikcionário===
====Antropônimos====
{{colunas|2}}
* [[Duarte]]
* [[Eduarda]]
* [[Eduardina]]
* [[Eduardino]]
* [[Eduardo]]
* [[Edvalda]]
* [[Edvaldino]]
* [[Edvaldo]]
{{colunas/fim}}
[[Categoria:Substantivo (Português)]]</text>
<sha1>fdw9o6b7grd6jshy0dqk9jcay39q7zz</sha1>
</revision>
</page>
