<page>
<page>
<title>Edvaldas</title>
<ns>0</ns>
<id>390420</id>
<revision>
<id>2476466</id>
<parentid>2476465</parentid>
<timestamp>2018-01-11T01:57:35Z</timestamp>
<contributor>
<username>MIL973</username>
<id>41339</id>
</contributor>
<model>wikitext</model>
<format>text/x-wiki</format>
<text bytes="182" xml:space="preserve">={{-pt-}}=
==Forma de substantivo==
{{paroxítona|Ed|val|das}}, {{gramática|pr|fp}}
# plural de [[Edvalda]]
{{avi-for-fle|Edvalda}}
[[Categoria:Forma de substantivo (Português)]]</text>
<sha1>oy3ctqlwbp3ziil3v0rlpc581vmdaco</sha1>
</revision>
