<page>
<page>
<title>Edviges</title>
<ns>0</ns>
<id>382253</id>
<revision>
<id>2457954</id>
<parentid>2444679</parentid>
<timestamp>2017-10-30T00:41:43Z</timestamp>
<contributor>
<username>MIL973</username>
<id>41339</id>
</contributor>
<model>wikitext</model>
<format>text/x-wiki</format>
<text bytes="535" xml:space="preserve">={{-pt-}}=
==Substantivo==
{{flex.pt|fs=Edviges|fp=Edviges}}
{{paroxítona|Ed|vi|ges}}, {{gramática|pr|f2n}}
# {{escopo|pt|Antropônimo}} [[Apêndice:Prenomes em português|prenome]] feminino
==={{-varort-}}===
* [[Eduviges]]
===Tradução===
{{tradini}}
* {{trad|es|Eduviges}}
{{tradmeio}}
* {{trad|en|Edwiges}}
{{tradfim}}
==Forma de substantivo==
{{paroxítona|Ed|vi|ges}}, {{gramática|pr|f2n}}
# plural de Edviges
{{avi-for-fle|Edviges}}
[[Categoria:Substantivo (Português)]]
[[Categoria:Forma de substantivo (Português)]]</text>
<sha1>6lurpjayybovitw404onrybt74q6f1v</sha1>
</revision>
