<page>
<page>
<title>edz</title>
<ns>0</ns>
<id>406446</id>
<revision>
<id>2535417</id>
<timestamp>2019-02-09T13:34:26Z</timestamp>
<contributor>
<username>ValJor</username>
<id>1358</id>
</contributor>
<comment>Criação do verbete a partir da [[Especial:Páginas_pedidas|lista de palavras pedidas]]</comment>
<model>wikitext</model>
<format>text/x-wiki</format>
<text bytes="321" xml:space="preserve">={{-hu-}}=
==Verbo==
'''edz'''
# [[treinar]]
===Sinônimos===
{{verTambém.Ini}}
* [[acéloz]]
{{verTambém.NovaColuna}}
* [[erősít]]
{{verTambém.Fim}}
===Verbetes derivados===
* [[edzés]]
=={{etimologia|hu}}==
: Derivado de [[redzi]].
=={{pronúncia|hu}}==
* [[AFI]]: /ˈɛd͡zː/
[[Categoria:Verbo (Húngaro)]]</text>
<sha1>c3yjbbx34og5gjusck5dsf6ssauvabo</sha1>
</revision>
