<page>
<title>edzino</title>
<ns>0</ns>
<id>91247</id>
<revision>
<id>2585919</id>
<parentid>2335027</parentid>
<timestamp>2020-04-17T14:09:58Z</timestamp>
<contributor>
<username>ValJor</username>
<id>1358</id>
</contributor>
<comment>Verbete [[:Categoria:!Página com idioma não informado em Predefinição:etimologia|sem indicação do idioma na seção de etimologia]]</comment>
<model>wikitext</model>
<format>text/x-wiki</format>
<text bytes="879" xml:space="preserve">={{-eo-}}=
==Substantivo==
'''ed.{{grifar|zi}}.no'''
# [[esposa]], [[mulher]], [[cônjuge]] do [[sexo]] [[feminino]]:
#* ''Ne deziru la '''edzinon''' de via proksimulo.'' &lt;small&gt;(Não cobiçarás a mulher do teu próximo.)&lt;/small&gt;
===Declinação===
{{decl.eo.subst}}
=={{etimologia|eo}}==
{{etimo.eo|edz|-in-|-o}}
=={{pronúncia|eo}}==
* [[AFI]]: {{AFI|/ed.ˈzi.no/}}, {{AFI|/ɛd.ˈzi.nɔ/}}
* [[X-SAMPA]]: /ed.&quot;zi.no/, /Ed.ˈzi.nO/
==Ver também==
===No Wikcionário===
{{verTambém.Ini}}
* {{link opcional|edzeco|eo}}
* {{link opcional|edzo|eo}}
{{verTambém.Fim}}
{{família/eo}}
===Referências===
{{verTambém.Ini}}
* [http://www.reta-vortaro.de/revo/art/edz.html#edz.0ino ''edzino'' no Reta Vortaro]
{{verTambém.Fim}}
[[Categoria:Substantivo (Esperanto)]]
[[Categoria:Trissílabo (Esperanto)]]
[[Categoria:Paroxítona (Esperanto)]]
[[Categoria:Família (Esperanto)]]</text>
<sha1>fueskmn80m0xgklydfjx1lexj14nf7e</sha1>
</revision>
</page>
