<page>
<page>
<title>edzo</title>
<ns>0</ns>
<id>237828</id>
<revision>
<id>2335040</id>
<parentid>2244851</parentid>
<timestamp>2017-04-30T15:58:21Z</timestamp>
<contributor>
<username>HydrizBot</username>
<id>29590</id>
</contributor>
<minor />
<comment>Robô: A limpar links interwikis antigos</comment>
<model>wikitext</model>
<format>text/x-wiki</format>
<text bytes="733" xml:space="preserve">={{-eo-}}=
==Substantivo==
'''{{grifar|ed}}.zo'''
# [[marido]], [[esposo]], [[cônjuge]] do [[sexo]] [[masculino]]
===Declinação===
{{decl.eo.subst}}
=={{etimologia|eo}}==
{{etimo.eo|edz|-o}}
=={{pronúncia}}==
* [[AFI]]: {{AFI|/ˈed.zo/}}.
==Ver também==
===No Wikcionário===
{{verTambém.Ini}}
* {{link opcional|edzeco|eo}}
* {{link opcional|edzino|eo}}
{{verTambém.Fim}}
{{família/eo}}
===Referências===
{{verTambém.Ini}}
* [http://www.reta-vortaro.de/revo/art/edz.html#edz.o ''edzo'' no Reta Vortaro]
{{verTambém.Fim}}
[[Categoria:Substantivo (Esperanto)]]
[[Categoria:Dissílabo (Esperanto)]]
[[Categoria:Paroxítona (Esperanto)]]
[[Categoria:Família (Esperanto)]]
[[Categoria:Entrada com pronúncia (Esperanto)]]</text>
<sha1>hgb31wav933t72yo0obdcmx8qoy3oq6</sha1>
</revision>
