<page>
<page>
<title>edéia</title>
<ns>0</ns>
<id>58502</id>
<revision>
<id>1630827</id>
<parentid>1212703</parentid>
<timestamp>2013-01-26T10:34:30Z</timestamp>
<contributor>
<username>ValJor</username>
<id>1358</id>
</contributor>
<comment>Eliminando a maior parte do conteúdo do verbete: AO 1990</comment>
<model>wikitext</model>
<format>text/x-wiki</format>
<text bytes="193" xml:space="preserve">{{Anterior ao Acordo de 1990|edeia}}
={{-pt-}}=
==Substantivo==
{{flex.pt|fs=edéia|fp=edéias}}
{{paroxítona|e|déi|a}}, ''feminino''
# vide [[edeia]]
[[Categoria:Substantivo (Português)]]</text>
<sha1>lkgyzmha7atz3v3kucrt32yqcn9of7y</sha1>
</revision>
