<page>
<page>
<title>Edéia</title>
<ns>0</ns>
<id>141746</id>
<revision>
<id>2268211</id>
<parentid>1196347</parentid>
<timestamp>2017-04-26T16:49:07Z</timestamp>
<contributor>
<username>HydrizBot</username>
<id>29590</id>
</contributor>
<minor />
<comment>Robô: A limpar links interwikis antigos</comment>
<model>wikitext</model>
<format>text/x-wiki</format>
<text bytes="243" xml:space="preserve">={{-pt-}}=
{{Wikipédia}}
==Substantivo==
'''Edéia''' {{pr}}
#[[município]] [[brasileiro]] do [[estado]] de [[Goiás]]
==Ver também==
*[[Apêndice:Municípios do estado de Goiás]]
[[Categoria:Município do estado de Goiás (Português)]]</text>
<sha1>epcqsa1a4hoijwz68xp9sadd7ujeohu</sha1>
</revision>
