<page>
<page>
<title>edílico</title>
<ns>0</ns>
<id>76205</id>
<revision>
<id>1447194</id>
<parentid>1184019</parentid>
<timestamp>2012-08-19T12:36:30Z</timestamp>
<contributor>
<username>ValJor</username>
<id>1358</id>
</contributor>
<comment>Desfazendo link para [[Predefinição:Etimologia]] para poder deletar o redirecionamento para minúscula</comment>
<model>wikitext</model>
<format>text/x-wiki</format>
<text bytes="285" xml:space="preserve">{{confundir|idílico|etílico}}
={{-pt-}}=
==Adjetivo==
{{flex.pt|ms=edílico|mp=edílicos|fs=edílica|fp=edílicas}}
{{proparoxítona|e|dí|li|co}}
# referente a [[edil]]
=={{etimologia|pt}}==
: {{escopo|Morfologia}} [[edil]] + [[-ico]].
[[Categoria:Adjetivo (Português)|edilico]]</text>
<sha1>eavnwlgsosg8npuy4eb8ed68yzgguyz</sha1>
</revision>
