<page>
<page>
<title>ee</title>
<ns>0</ns>
<id>167038</id>
<revision>
<id>2335042</id>
<parentid>2218798</parentid>
<timestamp>2017-04-30T15:58:26Z</timestamp>
<contributor>
<username>HydrizBot</username>
<id>29590</id>
</contributor>
<minor />
<comment>Robô: A limpar links interwikis antigos</comment>
<model>wikitext</model>
<format>text/x-wiki</format>
<text bytes="233" xml:space="preserve">={{-pt-}}=
==Forma de substantivo==
'''ee''' {{p}}
#plural de '''[[e]]'''
[[Categoria:Forma de substantivo (Português)]].
={{-ja-}}=
==Transliteração==
# transliteração de [[ええ]]
[[Categoria:Transliteração (Japonês)]]</text>
<sha1>96q1uxbibp5uqzwlz55tewqagxz7exj</sha1>
</revision>
