<page>
<title>eenheid</title>
<ns>0</ns>
<id>299609</id>
<revision>
<id>2335048</id>
<parentid>2255604</parentid>
<timestamp>2017-04-30T15:58:51Z</timestamp>
<contributor>
<username>HydrizBot</username>
<id>29590</id>
</contributor>
<minor />
<comment>Robô: A limpar links interwikis antigos</comment>
<model>wikitext</model>
<format>text/x-wiki</format>
<text bytes="312" xml:space="preserve">={{-af-}}=
==Substantivo==
'''eenheid''' {{p|eenheden}}
#[[unidade]]
[[Categoria:Substantivo (Africâner)]]
={{-nl-}}=
==Substantivo==
'''eenheid''', {{f}} {{p|eenheden}}
#[[unidade]]
===Termos derivados===
*[[munteenheid]]
=={{etimologia|nl}}==
:De [[een]] + [[-heid]]
[[Categoria:Substantivo (Holandês)]]</text>
<sha1>3udeovo17hloczacyh4e72w66o4pc0k</sha1>
</revision>
</page>
