<page>
<page>
<title>eenheden</title>
<ns>0</ns>
<id>299610</id>
<revision>
<id>2335047</id>
<parentid>2163241</parentid>
<timestamp>2017-04-30T15:58:48Z</timestamp>
<contributor>
<username>HydrizBot</username>
<id>29590</id>
</contributor>
<minor />
<comment>Robô: A limpar links interwikis antigos</comment>
<model>wikitext</model>
<format>text/x-wiki</format>
<text bytes="279" xml:space="preserve">={{-af-}}=
==Forma de substantivo==
'''eenheden'''
#plural de '''[[eenheid#af|eenheid]]'''
[[Categoria:Forma de substantivo (Africâner)]]
={{-nl-}}=
==Forma de substantivo==
'''eenheden'''
#plural de '''[[eenheid#nl|eenheid]]'''
[[Categoria:Forma de substantivo (Holandês)]]</text>
<sha1>ba0ibendnnxvu6ai5u1xztvgav7petr</sha1>
</revision>
