<page>
<page>
<title>eep</title>
<ns>0</ns>
<id>329017</id>
<revision>
<id>2335050</id>
<parentid>1845282</parentid>
<timestamp>2017-04-30T15:58:55Z</timestamp>
<contributor>
<username>HydrizBot</username>
<id>29590</id>
</contributor>
<minor />
<comment>Robô: A limpar links interwikis antigos</comment>
<model>wikitext</model>
<format>text/x-wiki</format>
<text bytes="87" xml:space="preserve">={{-en-}}=
==Interjeição==
'''eep'''
# [[epa]]
[[Categoria:Interjeição (Inglês)]]</text>
<sha1>5bki9ym24yuew7zrttyqfkfv1c0to6h</sha1>
</revision>
