<page>
<page>
<title>Eerd</title>
<ns>0</ns>
<id>148802</id>
<revision>
<id>2268212</id>
<parentid>1940945</parentid>
<timestamp>2017-04-26T16:49:08Z</timestamp>
<contributor>
<username>HydrizBot</username>
<id>29590</id>
</contributor>
<minor />
<comment>Robô: A limpar links interwikis antigos</comment>
<model>wikitext</model>
<format>text/x-wiki</format>
<text bytes="174" xml:space="preserve">{{Wikipédia|lang=li}}
{{ver também|aerj}}
={{-li-}}=
==Substantivo==
'''Eerd'''
# [[Terra]]
[[Categoria:Substantivo (Limburguês)]]
[[Categoria:Astronomia (Limburguês)]]</text>
<sha1>ja7dd9mjtw2ld7oggl4c7dlumfzt235</sha1>
</revision>
