<page>
<page>
<title>eerie</title>
<ns>0</ns>
<id>445535</id>
<revision>
<id>2687870</id>
<parentid>2685273</parentid>
<timestamp>2022-09-05T09:12:39Z</timestamp>
<contributor>
<username>ValJor</username>
<id>1358</id>
</contributor>
<comment>&quot;Suspeito de ficar assustador&quot;? Really? --- Tentando melhorar a definição do verbete...</comment>
<model>wikitext</model>
<format>text/x-wiki</format>
<text bytes="704" xml:space="preserve">={{-en-}}=
==Adjetivo==
{{paroxítona|eer|ie|lang=en}}
# [[estranho]]; que inspira [[medo]], especialmente de forma sombria ou misteriosa
=={{etimologia|en}}==
{{llietimo|enm|eri|en||medroso|ponto=n}}, do {{etm|ang|en}} {{etimo|ang|earg||medroso}}, do protoindo-europeu [[Apêndice:Adjetivos do protoindo-europeu|''argaz'']].
=={{pronúncia|en}}==
===Estados Unidos da América===
* {{l|pt|AFI}}: {{AFI|/ˈɪɹ.i/|lang=en}}
===Reino Unido===
* {{l|pt|AFI}}: {{AFI|/ˈɪə.ɹi/|lang=en}}
==Ver também==
===No Wikcionário===
{{verTambém.Ini}}
* {{l|en|afraid}}
* {{l|en|scary}}
{{verTambém.NovaColuna|50}}
* {{l|en|suspicious}}
* {{l|en|fearful}}
{{verTambém.Fim}}
[[Categoria:Adjetivo (Inglês)]]</text>
<sha1>axdmpc7ul2hr0z49x9srpdnplg0xhe6</sha1>
</revision>
