<page>
<page>
<title>eerste</title>
<ns>0</ns>
<id>301669</id>
<revision>
<id>2455521</id>
<parentid>2455520</parentid>
<timestamp>2017-10-18T05:19:40Z</timestamp>
<contributor>
<username>Spanier</username>
<id>43713</id>
</contributor>
<minor />
<model>wikitext</model>
<format>text/x-wiki</format>
<text bytes="375" xml:space="preserve">={{-af-}}=
==Numeral==
{{paroxítona|eer|ste|lang=af}}
# {{escopo|af|Numeral ordinal}} [[primeiro]]
={{-nl-}}=
==Numeral==
{{paroxítona|eer|ste|lang=nl}}
# {{escopo|nl|Numeral ordinal}} [[primeiro]]
=={{etimologia|nl}}==
: Do número cardinal ''[[een]]'' + sufixo ''[[-ste]]''.
=={{pronúncia|nl}}==
*[[AFI]]: {{AFI|/ˈeːrstə/|nl}} {{audio|Nl-eerste.ogg|ouvir|lang=nl}}</text>
<sha1>sc3rlak6s3bkcyqqfizyvj12ny0vyh9</sha1>
</revision>
