<page>
<title>eesti</title>
<ns>0</ns>
<id>219877</id>
<revision>
<id>2335053</id>
<parentid>1904477</parentid>
<timestamp>2017-04-30T15:59:04Z</timestamp>
<contributor>
<username>HydrizBot</username>
<id>29590</id>
</contributor>
<minor />
<comment>Robô: A limpar links interwikis antigos</comment>
<model>wikitext</model>
<format>text/x-wiki</format>
<text bytes="86" xml:space="preserve">={{-et-}}=
==Adjetivo==
'''eesti'''
#[[estoniano]]
[[Categoria:Adjetivo (Estoniano)]]</text>
<sha1>3exsoy3yysh9s6c38tg6imcmw0pwcwu</sha1>
</revision>
</page>
