<page>
<page>
<title>eey</title>
<ns>0</ns>
<id>232680</id>
<revision>
<id>2335055</id>
<parentid>2122435</parentid>
<timestamp>2017-04-30T15:59:10Z</timestamp>
<contributor>
<username>HydrizBot</username>
<id>29590</id>
</contributor>
<minor />
<comment>Robô: A limpar links interwikis antigos</comment>
<model>wikitext</model>
<format>text/x-wiki</format>
<text bytes="179" xml:space="preserve">={{-so-}}=
==Substantivo==
'''eey'''
# [[cão]] (mamífero domesticado - ''Canis lupus familiaris'')
{{página-automática|Maio|2010|cão|so}}
[[Categoria:Substantivo (Somali)]]</text>
<sha1>g3ipwx4zybe9h7yyw8misf30a0iplgr</sha1>
</revision>
