<page>
<title>efabulação</title>
<ns>0</ns>
<id>260469</id>
<revision>
<id>1203923</id>
<parentid>1030426</parentid>
<timestamp>2011-07-09T17:49:15Z</timestamp>
<contributor>
<username>MalafayaBot</username>
<id>628</id>
</contributor>
<minor />
<comment>Robô: Substituição de texto automática (-^\=\s?Português\s?\= +={{-pt-}}= &amp; -^\=\s?\{\{pt\}\}\s?\= +={{-pt-}}=)</comment>
<model>wikitext</model>
<format>text/x-wiki</format>
<text bytes="336" xml:space="preserve">={{-pt-}}=
==Substantivo==
{{flex.pt|fs=efabulação|fp=efabulações}}
{{oxítona|e|fa|bu|la|ção}}
# [[disposição]] dos [[fato]]s que constituem a [[trama]] de um [[romance]]
===Sinônimo===
* [[fabulação]]
=={{etimologia|pt}}==
: {{escopo|Morfologia}} [[e-]] + [[fabular]] + [[-ção]].
[[Categoria:Substantivo (Português)]]</text>
<sha1>8325yddwwj9e4c1kmddj7na66op19cr</sha1>
</revision>
</page>
