<page>
<page>
<title>efabulámos</title>
<ns>0</ns>
<id>309649</id>
<revision>
<id>2571158</id>
<parentid>1647555</parentid>
<timestamp>2020-01-16T21:18:33Z</timestamp>
<contributor>
<username>ValJor</username>
<id>1358</id>
</contributor>
<comment>Acrescentando a predefinição avi-for-fle</comment>
<model>wikitext</model>
<format>text/x-wiki</format>
<text bytes="267" xml:space="preserve">={{-pt-}}=
==Forma verbal==
{{paroxítona|e|fa|bu|lá|mos}}
# {{escopo2|grafia lusitana}} primeira pessoa do plural do pretérito perfeito do indicativo do verbo [[efabular]]
{{avi-for-fle|efabular}}
[[Categoria:Forma verbal (Português)]]
[[Categoria:Lusitanismo]]</text>
<sha1>hj2lmnvnu1it9k42gx66ich1mxlhpjl</sha1>
</revision>
