<page>
<page>
<title>Efan</title>
<ns>0</ns>
<id>238316</id>
<revision>
<id>2268215</id>
<parentid>905452</parentid>
<timestamp>2017-04-26T16:49:17Z</timestamp>
<contributor>
<username>HydrizBot</username>
<id>29590</id>
</contributor>
<minor />
<comment>Robô: A limpar links interwikis antigos</comment>
<model>wikitext</model>
<format>text/x-wiki</format>
<text bytes="230" xml:space="preserve">={{-kw-}}=
==Substantivo==
'''Efan'''
# [[junho]]; [[sexto]] [[mês]] do [[ano]] civil, tendo 30 [[dia]]s.
== Ver também ==
=== No Wikcionário ===
{{meses/kw}}
[[Categoria:Substantivo (Córnico)]]
[[Categoria:Mês (Córnico)]]</text>
<sha1>t2nl919ysx9mowtpy8vc4gmk49s3aoe</sha1>
</revision>
