<page>
<page>
<title>efe</title>
<ns>0</ns>
<id>293596</id>
<revision>
<id>2335056</id>
<parentid>2122434</parentid>
<timestamp>2017-04-30T15:59:15Z</timestamp>
<contributor>
<username>HydrizBot</username>
<id>29590</id>
</contributor>
<minor />
<comment>Robô: A limpar links interwikis antigos</comment>
<model>wikitext</model>
<format>text/x-wiki</format>
<text bytes="295" xml:space="preserve">={{-pt-}}=
==Substantivo==
{{flex.pt|ms=efe|mp=efes}}
{{paroxítona|e|fe}}, {{gramática|m}}
# [[nome]] da [[letra]] do [[alfabeto latino]] representada por ''[[f]]'', ''[[F]]''
==Ver também==
{{letras latinas/pt}}
[[Categoria:Substantivo (Português)]]
[[Categoria:Palíndromo (Português)]]</text>
<sha1>a6ihr1yeva8sbir50jws8nfdlgdv4li</sha1>
</revision>
