<page>
<title>efebo</title>
<ns>0</ns>
<id>218377</id>
<revision>
<id>2615161</id>
<parentid>2335057</parentid>
<timestamp>2021-01-31T21:27:30Z</timestamp>
<contributor>
<username>MarxavBot</username>
<id>80155</id>
</contributor>
<minor />
<comment>AFI Portugal</comment>
<model>wikitext</model>
<format>text/x-wiki</format>
<text bytes="519" xml:space="preserve">={{-pt-}}=
==Substantivo==
{{flex.pt|efebo|efebos}}
{{paroxítona|e|fe|bo}}, ''masculino''
# [[aquele]] que [[atingir|atingiu]] a [[puberdade]], [[moço]]
# [[moço]] entre os [[dezoito]] e os [[vinte]] [[anos]] de [[idade]], que, em [[muitas]] [[cidades-estado]] da [[Grécia]] [[antiga]], [[recebia]] [[instrução]] [[militar]] e [[treino]] de [[ginásio]], como [[preparação]] para a [[cidadania]] [[plena]]
=={{pronúncia|pt}}==
===Portugal===
* AFI: {{AFI|/i.ˈfe.bu/}}
[[Categoria: Substantivo (Português)]]</text>
<sha1>bdg8h0kd9zbw65jd606kjeym8i9egxd</sha1>
</revision>
</page>
