<page>
<title>efectuar</title>
<ns>0</ns>
<id>66237</id>
<revision>
<id>2335060</id>
<parentid>2200105</parentid>
<timestamp>2017-04-30T15:59:27Z</timestamp>
<contributor>
<username>HydrizBot</username>
<id>29590</id>
</contributor>
<minor />
<comment>Robô: A limpar links interwikis antigos</comment>
<model>wikitext</model>
<format>text/x-wiki</format>
<text bytes="190" xml:space="preserve">{{Anterior ao Acordo de 1990|efetuar}}
={{-pt-}}=
==Verbo==
{{oxítona|e|fec|tu|ar}}, {{g|vt}}
# vide [[efetuar]]
===Conjugação===
{{conj/pt|efectu|ar}}
[[Categoria:Verbo (Português)]]</text>
<sha1>m1loahtipxvexy3pmwhpd4a5ddocrzi</sha1>
</revision>
</page>
