<page>
<page>
<title>efectuado</title>
<ns>0</ns>
<id>66732</id>
<revision>
<id>2335059</id>
<parentid>1762450</parentid>
<timestamp>2017-04-30T15:59:22Z</timestamp>
<contributor>
<username>HydrizBot</username>
<id>29590</id>
</contributor>
<minor />
<comment>Robô: A limpar links interwikis antigos</comment>
<model>wikitext</model>
<format>text/x-wiki</format>
<text bytes="146" xml:space="preserve">={{-pt-}}=
[[Categoria:Verbo (Português)]]
==Verbo==
'''efectuado''' ''verbo''
#  [[particípio]] [[passado]] [[do]] [[verbo]] '''[[efectuar]]'''</text>
<sha1>bb8yt01dq84dvganv1vfpt7u1frh0j7</sha1>
</revision>
