<page>
<page>
<title>efedorin</title>
<ns>0</ns>
<id>243341</id>
<revision>
<id>2335061</id>
<parentid>2218799</parentid>
<timestamp>2017-04-30T15:59:28Z</timestamp>
<contributor>
<username>HydrizBot</username>
<id>29590</id>
</contributor>
<minor />
<comment>Robô: A limpar links interwikis antigos</comment>
<model>wikitext</model>
<format>text/x-wiki</format>
<text bytes="120" xml:space="preserve">={{-ja-}}=
==Transliteração==
# transliteração de [[エフェドリン]]
[[Categoria:Transliteração (Japonês)]]</text>
<sha1>sc2wi5gu0rcc29oa3kwzytkcetcsiu9</sha1>
</revision>
