<page>
<page>
<title>efedrin</title>
<ns>0</ns>
<id>243348</id>
<revision>
<id>2335063</id>
<parentid>1849725</parentid>
<timestamp>2017-04-30T15:59:32Z</timestamp>
<contributor>
<username>HydrizBot</username>
<id>29590</id>
</contributor>
<minor />
<comment>Robô: A limpar links interwikis antigos</comment>
<model>wikitext</model>
<format>text/x-wiki</format>
<text bytes="1202" xml:space="preserve">={{-cs-}}=
{{Wikipédia|lang=cs}}
==Substantivo==
'''efedrin'''
#[[efedrina#{{pt}}|efedrina]]
[[Categoria:Substantivo (Checo)]]
[[Categoria:Química (Checo)]]
[[Categoria:Farmácia (Checo)]]
={{-da-}}=
{{Wikipédia|lang=da}}
==Substantivo==
'''efedrin'''
#[[efedrina#{{pt}}|efedrina]]
[[Categoria:Substantivo (Dinamarquês)]]
[[Categoria:Química (Dinamarquês)]]
[[Categoria:Farmácia (Dinamarquês)]]
={{-hu-}}=
{{Wikipédia|lang=hu}}
==Substantivo==
'''efedrin'''
#[[efedrina#{{pt}}|efedrina]]
[[Categoria:Substantivo (Húngaro)]]
[[Categoria:Química (Húngaro)]]
[[Categoria:Farmácia (Húngaro)]]
={{-no-}}=
{{Wikipédia|lang=no}}
==Substantivo==
'''efedrin'''
#[[efedrina#{{pt}}|efedrina]]
[[Categoria:Substantivo (Norueguês)]]
[[Categoria:Química (Norueguês)]]
[[Categoria:Farmácia (Norueguês)]]
={{-sv-}}=
{{Wikipédia|lang=sv}}
==Substantivo==
'''efedrin'''
#[[efedrina#{{pt}}|efedrina]]
[[Categoria:Substantivo (Sueco)]]
[[Categoria:Química (Sueco)]]
[[Categoria:Farmácia (Sueco)]]
={{-tr-}}=
{{Wikipédia|lang=tr}}
==Substantivo==
'''Ephedrin'''
#[[efedrina#{{pt}}|efedrina]]
[[Categoria:Substantivo (Turco)]]
[[Categoria:Química (Turco)]]
[[Categoria:Farmácia (Turco)]]</text>
<sha1>t3jrygdc4wp6ob4mjvl306p2hxl251q</sha1>
</revision>
