<page>
<page>
<title>efedrina</title>
<ns>0</ns>
<id>243336</id>
<revision>
<id>2676245</id>
<parentid>2335064</parentid>
<timestamp>2022-05-07T15:14:12Z</timestamp>
<contributor>
<username>ValJor</username>
<id>1358</id>
</contributor>
<comment>Lista de traduções revista e aumentada</comment>
<model>wikitext</model>
<format>text/x-wiki</format>
<text bytes="3620" xml:space="preserve">{{Wikipédia|lang=pt}}
{{Wikipédia|lang=eu}}
{{Wikipédia|lang=ca}}
{{Wikipédia|lang=es}}
{{Wikipédia|lang=gl}}
{{Wikipédia|lang=id}}
{{Wikipédia|lang=it}}
{{Wikipédia|lang=ms}}
={{-pt-}}=
==Substantivo==
{{paroxítona|e|fe|dri|na}}, {{gramática|f}}
# [[alcalóide]] [[cristalino]] [[branco]] [[simpatomático]] (similar aos derivados sintéticos da [[anfetamina]]), de fórmula C&lt;sub&gt;10&lt;/sub&gt;H&lt;sub&gt;15&lt;/sub&gt;NO), extraído do [[arbusto]] de gênero ''Éfedra'' ou produzido sinteti­camente, usado sobretudo no tratamento de [[hipopressão]] [[sanguínea]], [[hemorragias]] e para aliviar [[febre do feno]], [[asma]] e [[congestão]] nasal; é muito utilizada em medicamentos para emagrecer, pois promove a aceleração do metabolismo
#* ''Além das duas, outras quatro drogas foram encontradas no corpo do cantor, entre elas diazepam, lidocaína e '''efedrina'''.'' {{OESP|2010|fevereiro|8}}
===Tradução===
{{tradini}}
* {{trad|de|Ephedrin}}
* {{trad|ar|إفيدرين}}
* {{trad|hy|էֆեդրին}}
* {{trad|azb|افدرین}}
* {{trad|eu|efedrina}}
* {{trad|be|эфедрын}}
* {{trad|ca|efedrina}}
* {{trad|cs|efedrin}}
* {{trad|zh|麻黃鹼}}
* {{trad|ko|에페드린}}
* {{trad|hr|efedrin}}
* {{trad|da|efedrin}}
* {{trad|sk|efedrín}}
* {{trad|es|efedrina}}
* {{trad|eo|efedrino}}
* {{trad|fi|efedriini}}
* {{trad|fr|éphédrine}}
* {{trad|gl|efedrina}}
* {{trad|cy|effedrin}}
* {{trad|el|εφεδρίνη}}
* {{trad|gu|એફેડ્રિન}}
* {{trad|he|אפדרין}}
* {{trad|nl|efedrine}}
* {{trad|hu|efedrin}}
{{tradmeio}}
* {{trad|id|efedrina}}
* {{trad|en|ephedrine}}
* {{trad|ga|eifidrín}}
* {{trad|it|efedrina}}
* {{trad|ja|エフェドリン}}
* {{trad|lv|efedrīns}}
* {{trad|lt|efedrinas}}
* {{trad|ms|efedrina}}
* {{trad|no|efedrin}}
* {{trad|or|ଏଫିଡ୍ରିନ୍}}
* {{trad|ps|افدرين}}
* {{trad|fa|افدرین}}
* {{trad|pl|efedryna}}
* {{trad|ro|efedrină}}
* {{trad|ru|эфедрин}}
* {{trad|sr|efedrin}}
* {{trad|sh|efedrin}}
* {{trad|sv|efedrin}}
* {{trad|th|เอฟิดรีน}}
* {{trad|tr|efedrin}}
* {{trad|uk|ефедрин}}
* {{trad|vi|ephedrin}}
* {{trad|wuu|麻黄碱}}
{{tradfim}}
[[Categoria:Farmácia (Português)]]
[[Categoria:Química (Português)]]
[[Categoria:Substantivo (Português)]]
={{-eu-}}=
==Substantivo==
'''efedrina''', {{gramática|f}}
# [[efedrina#{{pt}}|efedrina]]
[[Categoria:Farmácia (Basco)]]
[[Categoria:Química (Basco)]]
[[Categoria:Substantivo (Basco)]]
={{-ca-}}=
==Substantivo==
'''efedrina''', {{gramática|f}}
# [[efedrina#{{pt}}|efedrina]]
[[Categoria:Farmácia (Catalão)]]
[[Categoria:Química (Catalão)]]
[[Categoria:Substantivo (Catalão)]]
={{-es-}}=
==Substantivo==
'''efedrina''', {{gramática|f}}
# [[efedrina#{{pt}}|efedrina]]
[[Categoria:Farmácia (Espanhol)]]
[[Categoria:Química (Espanhol)]]
[[Categoria:Substantivo (Espanhol)]]
={{-gl-}}=
==Substantivo==
'''efedrina''', {{gramática|f}}
# [[efedrina#{{pt}}|efedrina]]
[[Categoria:Farmácia (Galego)]]
[[Categoria:Química (Galego)]]
[[Categoria:Substantivo (Galego)]]
={{-id-}}=
==Substantivo==
'''efedrina'''
# [[efedrina#{{pt}}|efedrina]]
[[Categoria:Farmácia (Indonésio)]]
[[Categoria:Química (Indonésio)]]
[[Categoria:Substantivo (Indonésio)]]
={{-it-}}=
==Substantivo==
'''efedrina''', {{gramática|f}}
# [[efedrina#{{pt}}|efedrina]]
[[Categoria:Farmácia (Italiano)]]
[[Categoria:Química (Italiano)]]
[[Categoria:Substantivo (Italiano)]]
={{-ms-}}=
==Substantivo==
'''efedrina'''
# [[efedrina#{{pt}}|efedrina]]
[[Categoria:Farmácia (Malaio)]]
[[Categoria:Química (Malaio)]]
[[Categoria:Substantivo (Malaio)]]</text>
<sha1>qtbojpoi6w4v02gokp3dh2fa16jf87g</sha1>
</revision>
