<page>
<page>
<title>efedrine</title>
<ns>0</ns>
<id>243349</id>
<revision>
<id>2335066</id>
<parentid>964007</parentid>
<timestamp>2017-04-30T15:59:38Z</timestamp>
<contributor>
<username>HydrizBot</username>
<id>29590</id>
</contributor>
<minor />
<comment>Robô: A limpar links interwikis antigos</comment>
<model>wikitext</model>
<format>text/x-wiki</format>
<text bytes="204" xml:space="preserve">={{-nl-}}=
{{Wikipédia|lang=nl}}
==Substantivo==
'''efedrine'''
#[[efedrina#{{pt}}|efedrina]]
[[Categoria:Substantivo (Holandês)]]
[[Categoria:Química (Holandês)]]
[[Categoria:Farmácia (Holandês)]]</text>
<sha1>llfofol54hco8sz9pt542gv4itvo2am</sha1>
</revision>
