<page>
<page>
<title>efedrín</title>
<ns>0</ns>
<id>243351</id>
<revision>
<id>2335067</id>
<parentid>1233626</parentid>
<timestamp>2017-04-30T15:59:40Z</timestamp>
<contributor>
<username>HydrizBot</username>
<id>29590</id>
</contributor>
<minor />
<comment>Robô: A limpar links interwikis antigos</comment>
<model>wikitext</model>
<format>text/x-wiki</format>
<text bytes="201" xml:space="preserve">={{-sk-}}=
{{Wikipédia|lang=sk}}
==Substantivo==
'''efedrín'''
#[[efedrina#{{pt}}|efedrina]]
[[Categoria:Substantivo (Eslovaco)]]
[[Categoria:Química (Eslovaco)]]
[[Categoria:Farmácia (Eslovaco)]]</text>
<sha1>g7t2hsxl9o94d4d2easa5hl9vjf1cad</sha1>
</revision>
