<page>
<title>efeito</title>
<ns>0</ns>
<id>6282</id>
<revision>
<id>2651040</id>
<parentid>2616403</parentid>
<timestamp>2021-10-28T09:39:09Z</timestamp>
<contributor>
<username>ValJor</username>
<id>1358</id>
</contributor>
<comment>Eliminando [[efeito tostines]] da lista de [[Especial:Lonelypages|órfãos]]</comment>
<model>wikitext</model>
<format>text/x-wiki</format>
<text bytes="1430" xml:space="preserve">={{-pt-}}=
==Substantivo==
{{flex.pt|ms=efeito|mp=efeitos}}
{{paroxítona|e|fei|to}}, {{gramática|m|abstr}}
# [[estado]] [[permanente]] [[provocado]] por uma [[ação]]; [[consequência]], [[resultado]]
# [[resultado]] de uma [[causa]]
# [[impressão]], [[sensação]]
===Expressões===
* '''[[ato ou efeito de]]''':
* '''[[com efeito]]''': definitivamente, com eficácia.
* '''[[efeito avalanche]]''':
* '''[[efeito bola de neve]]''':
* '''[[efeito borboleta]]''':
* '''[[efeito cascata]]''':
* '''[[efeito colateral]]''':
* '''[[efeito de estufa]]''': efeito termodinâmico que permite manter a temperatura superficial da Terra, evitando a perda de parte da energia irradiada; o aumento deste efeito provoca o aquecimento global.
* '''[[efeito dominó]]''':
* '''[[efeito especial]]''': imagem interessante causada por uma combinação de técnicas específicas.
* '''[[efeito estufa]]''':
* '''[[efeito rebote]]''':
* '''[[efeito tostines]]''':
===Tradução===
{{tradini}}
* {{trad|es|efecto}}
* {{trad|en|effect|fallout}}
{{tradmeio}}
* {{trad|sv|effekt}}
{{tradfim}}
=={{etimologia|pt}}==
{{llietimo|la|effectu|pt}}
=={{pronúncia|pt}}==
* [[AFI]]: \e.'fei.tu\
===Portugal===
* AFI: {{AFI|/i.ˈfɐj.tu/}}
==Ver também==
===No Wikcionário===
{{verTambém.Ini}}
* [[efetivamente]]
{{verTambém.NovaColuna}}
* [[efetivo]]
{{verTambém.NovaColuna}}
* [[causa]]
{{verTambém.Fim}}
[[Categoria:Substantivo (Português)]]</text>
<sha1>5umheljxonkyqvcp6n2fvclc10fnoc9</sha1>
</revision>
</page>
