<page>
<title>efeituação</title>
<ns>0</ns>
<id>397080</id>
<revision>
<id>2512032</id>
<parentid>2507207</parentid>
<timestamp>2018-07-21T09:01:53Z</timestamp>
<contributor>
<username>ValJor</username>
<id>1358</id>
</contributor>
<comment>Verbete com ligação interna e corroborado por pelo menos três grandes dicionários em linha. Não deveria ter sido colocado para ER. Num caso como esse use, ao invés, a predefinição {{reciclagem}}</comment>
<model>wikitext</model>
<format>text/x-wiki</format>
<text bytes="332" xml:space="preserve">={{-pt-}}=
==Substantivo==
{{flex.pt|fs=efeituação|fp=efeituações}}
{{oxítona|e|fei|tu|a|ção}}, {{gramática|f}}
# ato ou efeito de [[efeituar]]
=={{etimologia|pt}}==
: {{escopo|Morfologia}} [[efeituar]] + [[-ção]].
==Ligações externas==
* {{DicioAberto}}
* {{PLP}}
* {{VOLPABL}}
[[Categoria:Substantivo (Português)]]</text>
<sha1>ea1r9nngdex4o4nr514zznst6snpgdd</sha1>
</revision>
</page>
