<page>
<title>efeitos</title>
<ns>0</ns>
<id>87953</id>
<revision>
<id>2335072</id>
<parentid>2087542</parentid>
<timestamp>2017-04-30T15:59:50Z</timestamp>
<contributor>
<username>HydrizBot</username>
<id>29590</id>
</contributor>
<minor />
<comment>Robô: A limpar links interwikis antigos</comment>
<model>wikitext</model>
<format>text/x-wiki</format>
<text bytes="133" xml:space="preserve">={{-pt-}}=
==Forma de substantivo==
{{paroxítona|e|fei|tos}}
# plural de [[efeito]]
[[Categoria:Forma de substantivo (Português)]]</text>
<sha1>f30cjb6gwwnm1b7o2qqk78bm5q1eltp</sha1>
</revision>
</page>
