<page>
<page>
<title>efeituar</title>
<ns>0</ns>
<id>319232</id>
<revision>
<id>1735138</id>
<timestamp>2013-09-22T21:45:45Z</timestamp>
<contributor>
<username>ValJor</username>
<id>1358</id>
</contributor>
<comment>Por um [[Especial:Lonelypages|wikcionário sem órfãos]]: [[efeituámos]]</comment>
<model>wikitext</model>
<format>text/x-wiki</format>
<text bytes="345" xml:space="preserve">={{-pt-}}=
==Verbo==
{{oxítona|e|fei|tu|ar}}, ''v. t.''
# [[levar]] a [[efeito]]
# [[realizar]]
# [[consumar]]
# [[perfazer]]
===Conjugação===
{{conj/pt|efeitu|ar}}
===Sinônimo===
* [[efetuar]]
=={{etimologia|pt}}==
: {{escopo|Morfologia}} [[efeito]] + [[-ar]].
==Ligações externas==
* {{DicioAberto}}
[[Categoria:Verbo (Português)]]</text>
<sha1>i3nd2nqm8gu83s52ebbla9nuiujzme7</sha1>
</revision>
