<page>
<page>
<title>efeminásseis</title>
<ns>0</ns>
<id>201920</id>
<revision>
<id>2335121</id>
<parentid>1139171</parentid>
<timestamp>2017-04-30T16:01:20Z</timestamp>
<contributor>
<username>HydrizBot</username>
<id>29590</id>
</contributor>
<minor />
<comment>Robô: A limpar links interwikis antigos</comment>
<model>wikitext</model>
<format>text/x-wiki</format>
<text bytes="202" xml:space="preserve">={{-pt-}}=
==Forma verbal==
'''efeminásseis'''
#[[segunda pessoa]] do [[plural]] do [[pretérito imperfeito]] do [[modo subjuntivo]] do verbo '''[[efeminar]]'''
[[Categoria:Forma verbal (Português)]]</text>
<sha1>4n2yzfisob6jpsi8nbcs3rf1nrwvwio</sha1>
</revision>
