<page>
<title>efemeridade</title>
<ns>0</ns>
<id>334150</id>
<revision>
<id>2335074</id>
<parentid>2245504</parentid>
<timestamp>2017-04-30T15:59:53Z</timestamp>
<contributor>
<username>HydrizBot</username>
<id>29590</id>
</contributor>
<minor />
<comment>Robô: A limpar links interwikis antigos</comment>
<model>wikitext</model>
<format>text/x-wiki</format>
<text bytes="437" xml:space="preserve">={{-pt-}}=
==Substantivo==
{{flex.pt|fs=efemeridade|fp=efemeridades}}
{{paroxítona|e|fe|me|ri|da|de}}, {{f}}
# qualidade daquilo que é [[efêmero]]
#* ''A página também quer eliminar um dos principais aspectos do grafite: a '''efemeridade''' da obra, que some dos muros em pouco tempo.'' {{OESP|2013|janeiro|21}}
=={{etimologia|pt}}==
: {{escopo|Morfologia}} [[efémero]] + [[i]] + [[-dade]].
[[Categoria:Substantivo (Português)]]</text>
<sha1>1lyjladwi3j0fmztfrx5w3g8pu7obnx</sha1>
</revision>
</page>
