<page>
<title>efeminares</title>
<ns>0</ns>
<id>207627</id>
<revision>
<id>2335091</id>
<parentid>1762444</parentid>
<timestamp>2017-04-30T16:00:22Z</timestamp>
<contributor>
<username>HydrizBot</username>
<id>29590</id>
</contributor>
<minor />
<comment>Robô: A limpar links interwikis antigos</comment>
<model>wikitext</model>
<format>text/x-wiki</format>
<text bytes="276" xml:space="preserve">={{-pt-}}=
==Forma verbal==
'''efeminares'''
#[[segunda pessoa]] do [[singular]] do [[futuro]] do [[modo subjuntivo]] do verbo '''[[efeminar]]'''
#[[infinitivo pessoal]] da [[segunda pessoa]] do [[singular]] do verbo '''[[efeminar]]'''
[[Categoria:Forma verbal (Português)]]</text>
<sha1>o6vljwqe9tzvte8g8avm21mrk6c1qjl</sha1>
</revision>
</page>
