<page>
<title>efeminarmos</title>
<ns>0</ns>
<id>209110</id>
<revision>
<id>2335095</id>
<parentid>1139145</parentid>
<timestamp>2017-04-30T16:00:31Z</timestamp>
<contributor>
<username>HydrizBot</username>
<id>29590</id>
</contributor>
<minor />
<comment>Robô: A limpar links interwikis antigos</comment>
<model>wikitext</model>
<format>text/x-wiki</format>
<text bytes="275" xml:space="preserve">={{-pt-}}=
==Forma verbal==
'''efeminarmos'''
#[[primeira pessoa]] do [[plural]] do [[futuro]] do [[modo subjuntivo]] do verbo '''[[efeminar]]'''
#[[infinitivo pessoal]] da [[primeira pessoa]] do [[plural]] do verbo '''[[efeminar]]'''
[[Categoria:Forma verbal (Português)]]</text>
<sha1>nga8ybppt57f746sw4egzq311b3460f</sha1>
</revision>
</page>
