<page>
<title>efemináveis</title>
<ns>0</ns>
<id>167967</id>
<revision>
<id>2335124</id>
<parentid>1139174</parentid>
<timestamp>2017-04-30T16:01:26Z</timestamp>
<contributor>
<username>HydrizBot</username>
<id>29590</id>
</contributor>
<minor />
<comment>Robô: A limpar links interwikis antigos</comment>
<model>wikitext</model>
<format>text/x-wiki</format>
<text bytes="200" xml:space="preserve">={{-pt-}}=
==Forma verbal==
'''efemináveis'''
#[[segunda pessoa]] do [[plural]] do [[pretérito imperfeito]] do [[modo indicativo]] do verbo '''[[efeminar]]'''
[[Categoria:Forma verbal (Português)]]</text>
<sha1>rpftpt0dtztr2n30wn1tif0zqth4zjx</sha1>
</revision>
</page>
