<page>
<title>efemines</title>
<ns>0</ns>
<id>219072</id>
<revision>
<id>2335115</id>
<parentid>1762494</parentid>
<timestamp>2017-04-30T16:01:09Z</timestamp>
<contributor>
<username>HydrizBot</username>
<id>29590</id>
</contributor>
<minor />
<comment>Robô: A limpar links interwikis antigos</comment>
<model>wikitext</model>
<format>text/x-wiki</format>
<text bytes="281" xml:space="preserve">={{-pt-}}=
==Forma verbal==
'''efemines'''
#[[segunda pessoa]] do [[singular]] do [[presente]] do [[modo subjuntivo]] do verbo '''[[efeminar]]'''
#[[segunda pessoa]] do [[singular]] do [[imperativo]] [[negativo]] do verbo '''[[efeminar]]'''
[[Categoria:Forma verbal (Português)]]</text>
<sha1>h8o6ofti4et7fv89cwqyq91drdhjui5</sha1>
</revision>
</page>
