<page>
<title>efeminas</title>
<ns>0</ns>
<id>154870</id>
<revision>
<id>2335101</id>
<parentid>1139151</parentid>
<timestamp>2017-04-30T16:00:43Z</timestamp>
<contributor>
<username>HydrizBot</username>
<id>29590</id>
</contributor>
<minor />
<comment>Robô: A limpar links interwikis antigos</comment>
<model>wikitext</model>
<format>text/x-wiki</format>
<text bytes="182" xml:space="preserve">={{-pt-}}=
==Forma verbal==
'''efeminas'''
#[[segunda]] [[pessoa]] do [[singular]] do [[presente]] [[indicativo]] do verbo '''[[efeminar]]'''
[[Categoria:Forma verbal (Português)]]</text>
<sha1>9n7dbjcpnnhd6ezxxp32xsxvvvetrlb</sha1>
</revision>
</page>
