<page>
<page>
<title>efeminemos</title>
<ns>0</ns>
<id>214699</id>
<revision>
<id>2335114</id>
<parentid>1139164</parentid>
<timestamp>2017-04-30T16:01:07Z</timestamp>
<contributor>
<username>HydrizBot</username>
<id>29590</id>
</contributor>
<minor />
<comment>Robô: A limpar links interwikis antigos</comment>
<model>wikitext</model>
<format>text/x-wiki</format>
<text bytes="377" xml:space="preserve">={{-pt-}}=
==Forma verbal==
'''efeminemos'''
#[[primeira pessoa]] do [[plural]] do [[presente]] do [[modo subjuntivo]] do verbo '''[[efeminar]]'''
#[[primeira pessoa]] do [[plural]] do [[imperativo]] [[afirmativo]] do verbo '''[[efeminar]]'''
#[[primeira pessoa]] do [[plural]] do [[imperativo]] [[negativo]] do verbo '''[[efeminar]]'''
[[Categoria:Forma verbal (Português)]]</text>
<sha1>kh0ekxvak9nd4b9pp3vddw2uo9p9hvj</sha1>
</revision>
