<page>
<title>efeminais</title>
<ns>0</ns>
<id>159206</id>
<revision>
<id>2335078</id>
<parentid>1139129</parentid>
<timestamp>2017-04-30T16:00:00Z</timestamp>
<contributor>
<username>HydrizBot</username>
<id>29590</id>
</contributor>
<minor />
<comment>Robô: A limpar links interwikis antigos</comment>
<model>wikitext</model>
<format>text/x-wiki</format>
<text bytes="184" xml:space="preserve">={{-pt-}}=
==Forma verbal==
'''efeminais'''
#[[segunda pessoa]] do [[plural]] do [[presente]] do [[modo indicativo]] do verbo '''[[efeminar]]'''
[[Categoria:Forma verbal (Português)]]</text>
<sha1>512bz8vatujkwdws1mgo75df5e2hsg1</sha1>
</revision>
</page>
