<page>
<page>
<title>efeminam</title>
<ns>0</ns>
<id>160788</id>
<revision>
<id>2335079</id>
<parentid>1762447</parentid>
<timestamp>2017-04-30T16:00:01Z</timestamp>
<contributor>
<username>HydrizBot</username>
<id>29590</id>
</contributor>
<minor />
<comment>Robô: A limpar links interwikis antigos</comment>
<model>wikitext</model>
<format>text/x-wiki</format>
<text bytes="184" xml:space="preserve">={{-pt-}}=
==Forma verbal==
'''efeminam'''
#[[terceira pessoa]] do [[plural]] do [[presente]] do [[modo indicativo]] do verbo '''[[efeminar]]'''
[[Categoria:Forma verbal (Português)]]</text>
<sha1>dkhohbuxe2ec206k6iocokw1i6f9kwh</sha1>
</revision>
