<page>
<page>
<title>efeminado</title>
<ns>0</ns>
<id>83171</id>
<revision>
<id>2557374</id>
<parentid>2557291</parentid>
<timestamp>2019-10-14T09:36:32Z</timestamp>
<contributor>
<username>ValJor</username>
<id>1358</id>
</contributor>
<minor />
<comment>Revertidas edições por [[Especial:Contribuições/45.229.123.248|45.229.123.248]] para a última versão por [[Especial:Contribuições/HydrizBot|HydrizBot]]</comment>
<model>wikitext</model>
<format>text/x-wiki</format>
<text bytes="1331" xml:space="preserve">={{-pt-}}=
==Adjetivo==
{{flex.pt|ms=efeminado|mp=efeminados|fs=efeminada|fp=efeminadas}}
{{paroxítona|e|fe|mi|na|do}}
# diz-se de [[homem]] com [[característica]]s ou [[modo]]s de [[mulher]]
==Substantivo==
{{paroxítona|e|fe|mi|na|do}}
# [[homem]] com [[característica]]s ou [[modo]]s de [[mulher]]
===Sinônimo===
* {{escopo|Brasil, Santa Catarina, Florianópolis}} [[boiola]]
===Tradução===
{{tradini}}
* {{trad|de|Memme|Waschlappen|Weichei|Jammerlappen|Weichling}}
* {{trad|ar|مخنث}}
* {{trad|br|katig}}
* {{trad|es|maricón|mariquita|marico|raro|afeminado|mariposón}}
* {{trad|fr|lavette}}
* {{trad|gl|maricón|efeminado|maricallo|marica|maricas|maricona}}
{{tradmeio}}
* {{trad|cy|cadi}}
* {{trad|gn|kuña’i}}
* {{trad|en|sissy}}
* {{trad|it|donnicciola|femminuccia|pappamolle|checca}}
* {{trad|fa|مخنث}}
* {{trad|val|falder}}
{{tradfim}}
=={{etimologia|pt}}==
: Particípio passado do verbo [[efeminar]].
==Ver também==
===No Wikcionário===
{{verTambém.Ini}}
* [[feminil]]
{{verTambém.NovaColuna}}
* [[maricas]]
{{verTambém.Fim}}
[[Categoria:Adjetivo (Português)]]
[[Categoria:Substantivo (Português)]]
[[Categoria:Sexualidade (Português)]]
={{-gl-}}=
==Substantivo==
'''efeminado'''
# [[efeminado#Português|efeminado]]
[[Categoria:Substantivo (Galego)]]
[[Categoria:Sexualidade (Galego)]]</text>
<sha1>cxn1lsyyhlkcrgrerdv1ehyrxdr1u1g</sha1>
</revision>
