<page>
<page>
<title>efeminar</title>
<ns>0</ns>
<id>45372</id>
<revision>
<id>2610093</id>
<parentid>2335082</parentid>
<timestamp>2021-01-30T19:56:15Z</timestamp>
<contributor>
<username>Marxav</username>
<id>73271</id>
</contributor>
<minor />
<comment>AFI Portugal</comment>
<model>wikitext</model>
<format>text/x-wiki</format>
<text bytes="1324" xml:space="preserve">={{-pt-}}=
==Verbo==
{{oxítona|e|fe|mi|nar}}, {{gramática|vt|refl}}
# {{escopo2|Depreciativo para homens}} [[perder]] ou fazer perder as [[característica]]s tradicionalmente consideradas [[masculino|masculinas]] para adotar outras geralmente associadas ao [[sexo]] [[feminino]]
{{oxítona|e|fe|mi|nar}}, {{gramática|vt}}
# {{cont|2}} [[enfraquecer]]
===Conjugação===
{{conj/pt|efemin|ar}}
===Tradução===
{{tradini}}
* {{trad|es|efeminar|afeminar}}
* {{trad|eo|inigi|iniĝi}}
{{tradmeio}}
* {{trad|en|effeminate}}
* {{trad|it|effeminare|effemminare}}
{{tradfim}}
=={{etimologia|pt}}==
{{llietimo|la|effeminare|pt}}
=={{pronúncia|pt}}==
* [[AFI]]: {{AFI|/e.fe.mi.ˈnaɾ/}}, {{AFI|/e.fe.mi.ˈna/}}
* [[X-SAMPA]]: /e.fe.mi.&quot;na4/, /e.fe.mi.&quot;na/
===Portugal===
* AFI: {{AFI|/i.fɨ.mi.ˈnaɾ/}}
[[Categoria:Verbo (Português)]]
={{-es-}}=
==Verbo==
'''e.fe.mi.{{grifar|nar}}''', {{gramática|pron}}
# {{escopo2|Em desuso}} [[#{{pt}}|efeminar]]
===Conjugação===
{{conj.es.ar|efemin}}
===Sinônimos===
* [[afeminar#{{es}}|afeminar]]
=={{etimologia|es}}==
{{llietimo|la|effeminare|es}}
=={{pronúncia|es}}==
* [[AFI]]: {{AFI|/e.fe.mi.ˈnaɾ/}}
* [[X-SAMPA]]: /e.fe.mi.&quot;na4/
[[Categoria:Verbo (Espanhol)]]
[[Categoria:Polissílabo (Espanhol)]]
[[Categoria:Oxítona (Espanhol)]]
[[Categoria:Cognato (Espanhol)]]</text>
<sha1>5yg3daddqo32wlviv7bboe45o41ggbt</sha1>
</revision>
