<page>
<page>
<title>efeminaste</title>
<ns>0</ns>
<id>172281</id>
<revision>
<id>2335105</id>
<parentid>1139155</parentid>
<timestamp>2017-04-30T16:00:51Z</timestamp>
<contributor>
<username>HydrizBot</username>
<id>29590</id>
</contributor>
<minor />
<comment>Robô: A limpar links interwikis antigos</comment>
<model>wikitext</model>
<format>text/x-wiki</format>
<text bytes="198" xml:space="preserve">={{-pt-}}=
==Forma verbal==
'''efeminaste'''
#[[segunda pessoa]] do [[singular]] do [[pretérito perfeito]] do [[modo indicativo]] do verbo '''[[efeminar]]'''
[[Categoria:Forma verbal (Português)]]</text>
<sha1>t7g5b9nqq93wuo40rwpvl26d6wzpexu</sha1>
</revision>
