<page>
<title>efeminou</title>
<ns>0</ns>
<id>173653</id>
<revision>
<id>2335117</id>
<parentid>1139167</parentid>
<timestamp>2017-04-30T16:01:13Z</timestamp>
<contributor>
<username>HydrizBot</username>
<id>29590</id>
</contributor>
<minor />
<comment>Robô: A limpar links interwikis antigos</comment>
<model>wikitext</model>
<format>text/x-wiki</format>
<text bytes="197" xml:space="preserve">={{-pt-}}=
==Forma verbal==
'''efeminou'''
#[[terceira pessoa]] do [[singular]] do [[pretérito perfeito]] do [[modo indicativo]] do verbo '''[[efeminar]]'''
[[Categoria:Forma verbal (Português)]]</text>
<sha1>53b7k9lma4e2kaw5dz5d05x73rzk171</sha1>
</revision>
</page>
