<page>
<page>
<title>efeminaríamos</title>
<ns>0</ns>
<id>193653</id>
<revision>
<id>2335099</id>
<parentid>1139149</parentid>
<timestamp>2017-04-30T16:00:39Z</timestamp>
<contributor>
<username>HydrizBot</username>
<id>29590</id>
</contributor>
<minor />
<comment>Robô: A limpar links interwikis antigos</comment>
<model>wikitext</model>
<format>text/x-wiki</format>
<text bytes="180" xml:space="preserve">={{-pt-}}=
==Forma verbal==
'''efeminaríamos'''
#[[primeira pessoa]] do [[plural]] do [[futuro do pretérito]] do verbo '''[[efeminar]]'''
[[Categoria:Forma verbal (Português)]]</text>
<sha1>pp7nsucb7zd78dpb2alsr0qgmxxidzl</sha1>
</revision>
