<page>
<page>
<title>efeminaram</title>
<ns>0</ns>
<id>176294</id>
<revision>
<id>2335084</id>
<parentid>1139134</parentid>
<timestamp>2017-04-30T16:00:09Z</timestamp>
<contributor>
<username>HydrizBot</username>
<id>29590</id>
</contributor>
<minor />
<comment>Robô: A limpar links interwikis antigos</comment>
<model>wikitext</model>
<format>text/x-wiki</format>
<text bytes="197" xml:space="preserve">={{-pt-}}=
==Forma verbal==
'''efeminaram'''
#[[terceira pessoa]] do [[plural]] do [[pretérito perfeito]] do [[modo indicativo]] do verbo '''[[efeminar]]'''
[[Categoria:Forma verbal (Português)]]</text>
<sha1>npg9q3k1ql8nzwbkptotkakk7k0q060</sha1>
</revision>
