<page>
<page>
<title>efeminavas</title>
<ns>0</ns>
<id>162128</id>
<revision>
<id>2335109</id>
<parentid>1139159</parentid>
<timestamp>2017-04-30T16:00:59Z</timestamp>
<contributor>
<username>HydrizBot</username>
<id>29590</id>
</contributor>
<minor />
<comment>Robô: A limpar links interwikis antigos</comment>
<model>wikitext</model>
<format>text/x-wiki</format>
<text bytes="200" xml:space="preserve">={{-pt-}}=
==Forma verbal==
'''efeminavas'''
#[[segunda pessoa]] do [[singular]] do [[pretérito imperfeito]] do [[modo indicativo]] do verbo '''[[efeminar]]'''
[[Categoria:Forma verbal (Português)]]</text>
<sha1>2jbchofy0tbkpx3jzz7891i0suwmo8h</sha1>
</revision>
