<page>
<page>
<title>efeminarás</title>
<ns>0</ns>
<id>185473</id>
<revision>
<id>2335097</id>
<parentid>1139147</parentid>
<timestamp>2017-04-30T16:00:34Z</timestamp>
<contributor>
<username>HydrizBot</username>
<id>29590</id>
</contributor>
<minor />
<comment>Robô: A limpar links interwikis antigos</comment>
<model>wikitext</model>
<format>text/x-wiki</format>
<text bytes="176" xml:space="preserve">={{-pt-}}=
==Forma verbal==
'''efeminarás'''
#[[segunda pessoa]] do [[singular]] do [[futuro do presente]] do verbo '''[[efeminar]]'''
[[Categoria:Forma verbal (Português)]]</text>
<sha1>ebgnlb4sxo30eqlaf82xh542t7dfch7</sha1>
</revision>
