<page>
<page>
<title>efeminassem</title>
<ns>0</ns>
<id>203280</id>
<revision>
<id>2335103</id>
<parentid>1139153</parentid>
<timestamp>2017-04-30T16:00:47Z</timestamp>
<contributor>
<username>HydrizBot</username>
<id>29590</id>
</contributor>
<minor />
<comment>Robô: A limpar links interwikis antigos</comment>
<model>wikitext</model>
<format>text/x-wiki</format>
<text bytes="201" xml:space="preserve">={{-pt-}}=
==Forma verbal==
'''efeminassem'''
#[[terceira pessoa]] do [[plural]] do [[pretérito imperfeito]] do [[modo subjuntivo]] do verbo '''[[efeminar]]'''
[[Categoria:Forma verbal (Português)]]</text>
<sha1>bppzgzpwa2hs66uti7laumhz205spqe</sha1>
</revision>
