<page>
<page>
<title>efeminamos</title>
<ns>0</ns>
<id>157799</id>
<revision>
<id>2501723</id>
<parentid>2335080</parentid>
<timestamp>2018-05-09T15:02:04Z</timestamp>
<contributor>
<username>ValJor</username>
<id>1358</id>
</contributor>
<comment>Acrescentando a predefinição avi-for-fle</comment>
<model>wikitext</model>
<format>text/x-wiki</format>
<text bytes="328" xml:space="preserve">={{-pt-}}=
==Forma verbal==
{{paroxítona|e|fe|mi|na|mos}}
# primeira pessoa do plural do presente do modo indicativo do verbo [[efeminar]]
# {{escopo2|grafia brasileira}} primeira pessoa do plural do pretérito perfeito do modo indicativo do verbo [[efeminar]]
{{avi-for-fle|efeminar}}
[[Categoria:Forma verbal (Português)]]</text>
<sha1>1xhgjcmvdsfk4ppabvtubgblbxqwrn4</sha1>
</revision>
