<page>
<page>
<title>efeminavam</title>
<ns>0</ns>
<id>169407</id>
<revision>
<id>2335108</id>
<parentid>1139158</parentid>
<timestamp>2017-04-30T16:00:57Z</timestamp>
<contributor>
<username>HydrizBot</username>
<id>29590</id>
</contributor>
<minor />
<comment>Robô: A limpar links interwikis antigos</comment>
<model>wikitext</model>
<format>text/x-wiki</format>
<text bytes="199" xml:space="preserve">={{-pt-}}=
==Forma verbal==
'''efeminavam'''
#[[terceira pessoa]] do [[plural]] do [[pretérito imperfeito]] do [[modo indicativo]] do verbo '''[[efeminar]]'''
[[Categoria:Forma verbal (Português)]]</text>
<sha1>s5mbdkqbozkipgd3zxmap8l1uzg443w</sha1>
</revision>
