<page>
<page>
<title>efeminariam</title>
<ns>0</ns>
<id>196296</id>
<revision>
<id>2335093</id>
<parentid>1139143</parentid>
<timestamp>2017-04-30T16:00:27Z</timestamp>
<contributor>
<username>HydrizBot</username>
<id>29590</id>
</contributor>
<minor />
<comment>Robô: A limpar links interwikis antigos</comment>
<model>wikitext</model>
<format>text/x-wiki</format>
<text bytes="177" xml:space="preserve">={{-pt-}}=
==Forma verbal==
'''efeminariam'''
#[[terceira pessoa]] do [[plural]] do [[futuro do pretérito]] do verbo '''[[efeminar]]'''
[[Categoria:Forma verbal (Português)]]</text>
<sha1>i87p5jf1mrqae9fo20z0y8mbgzchz9p</sha1>
</revision>
