<page>
<page>
<title>efeminámos</title>
<ns>0</ns>
<id>164963</id>
<revision>
<id>2335118</id>
<parentid>2019265</parentid>
<timestamp>2017-04-30T16:01:15Z</timestamp>
<contributor>
<username>HydrizBot</username>
<id>29590</id>
</contributor>
<minor />
<comment>Robô: A limpar links interwikis antigos</comment>
<model>wikitext</model>
<format>text/x-wiki</format>
<text bytes="245" xml:space="preserve">{{grafiaPtpt|efeminamos}}
={{-pt-}}=
==Forma verbal==
{{paroxítona|e|fe|mi|ná|mos}}
# primeira pessoa do plural do pretérito perfeito do modo indicativo do verbo [[efeminar]]
{{avi-for-fle|efeminar}}
[[Categoria:Forma verbal (Português)]]</text>
<sha1>9thfatec9v80mpefinzq6tx3hxzfkom</sha1>
</revision>
