<page>
<title>efeminareis</title>
<ns>0</ns>
<id>189644</id>
<revision>
<id>2335088</id>
<parentid>1139138</parentid>
<timestamp>2017-04-30T16:00:16Z</timestamp>
<contributor>
<username>HydrizBot</username>
<id>29590</id>
</contributor>
<minor />
<comment>Robô: A limpar links interwikis antigos</comment>
<model>wikitext</model>
<format>text/x-wiki</format>
<text bytes="174" xml:space="preserve">={{-pt-}}=
==Forma verbal==
'''efeminareis'''
#[[segunda pessoa]] do [[plural]] do [[futuro do presente]] do verbo '''[[efeminar]]'''
[[Categoria:Forma verbal (Português)]]</text>
<sha1>dilqxugwgyv0v2dsxaxdc0vflbxdkai</sha1>
</revision>
</page>
