<page>
<title>efeminastes</title>
<ns>0</ns>
<id>174947</id>
<revision>
<id>2335106</id>
<parentid>1139156</parentid>
<timestamp>2017-04-30T16:00:53Z</timestamp>
<contributor>
<username>HydrizBot</username>
<id>29590</id>
</contributor>
<minor />
<comment>Robô: A limpar links interwikis antigos</comment>
<model>wikitext</model>
<format>text/x-wiki</format>
<text bytes="197" xml:space="preserve">={{-pt-}}=
==Forma verbal==
'''efeminastes'''
#[[segunda pessoa]] do [[plural]] do [[pretérito perfeito]] do [[modo indicativo]] do verbo '''[[efeminar]]'''
[[Categoria:Forma verbal (Português)]]</text>
<sha1>m7c35fbrb393k86gi74d57r2stupt8o</sha1>
</revision>
</page>
