<page>
<title>efeminássemos</title>
<ns>0</ns>
<id>199080</id>
<revision>
<id>2335122</id>
<parentid>1139172</parentid>
<timestamp>2017-04-30T16:01:22Z</timestamp>
<contributor>
<username>HydrizBot</username>
<id>29590</id>
</contributor>
<minor />
<comment>Robô: A limpar links interwikis antigos</comment>
<model>wikitext</model>
<format>text/x-wiki</format>
<text bytes="204" xml:space="preserve">={{-pt-}}=
==Forma verbal==
'''efeminássemos'''
#[[primeira pessoa]] do [[plural]] do [[pretérito imperfeito]] do [[modo subjuntivo]] do verbo '''[[efeminar]]'''
[[Categoria:Forma verbal (Português)]]</text>
<sha1>2sg8cscxvuo2bphc06izsyjr3li379e</sha1>
</revision>
</page>
