<page>
<title>efemináramos</title>
<ns>0</ns>
<id>180747</id>
<revision>
<id>2335119</id>
<parentid>1139169</parentid>
<timestamp>2017-04-30T16:01:16Z</timestamp>
<contributor>
<username>HydrizBot</username>
<id>29590</id>
</contributor>
<minor />
<comment>Robô: A limpar links interwikis antigos</comment>
<model>wikitext</model>
<format>text/x-wiki</format>
<text bytes="187" xml:space="preserve">={{-pt-}}=
==Forma verbal==
'''efemináramos'''
#[[primeira pessoa]] do [[plural]] do [[pretérito mais-que-perfeito]] do verbo '''[[efeminar]]'''
[[Categoria:Forma verbal (Português)]]</text>
<sha1>rzf98o8xcougj71gy3o27dqlo8s7dai</sha1>
</revision>
</page>
