<page>
<page>
<title>efeminaras</title>
<ns>0</ns>
<id>179251</id>
<revision>
<id>2335085</id>
<parentid>1139135</parentid>
<timestamp>2017-04-30T16:00:11Z</timestamp>
<contributor>
<username>HydrizBot</username>
<id>29590</id>
</contributor>
<minor />
<comment>Robô: A limpar links interwikis antigos</comment>
<model>wikitext</model>
<format>text/x-wiki</format>
<text bytes="185" xml:space="preserve">={{-pt-}}=
==Forma verbal==
'''efeminaras'''
#[[segunda pessoa]] do [[singular]] do [[pretérito mais-que-perfeito]] do verbo '''[[efeminar]]'''
[[Categoria:Forma verbal (Português)]]</text>
<sha1>bgkjb1ff9a5j1hdiv7iaqra1jixil1a</sha1>
</revision>
