<page>
<title>efenniht</title>
<ns>0</ns>
<id>309534</id>
<revision>
<id>2335126</id>
<parentid>2202953</parentid>
<timestamp>2017-04-30T16:01:30Z</timestamp>
<contributor>
<username>HydrizBot</username>
<id>29590</id>
</contributor>
<minor />
<comment>Robô: A limpar links interwikis antigos</comment>
<model>wikitext</model>
<format>text/x-wiki</format>
<text bytes="158" xml:space="preserve">={{-ang-}}=
==Substantivo==
'''efenniht'''
# [[equinócio]]
{{página-automática|fevereiro|2013|equinócio|ang}}
[[Categoria:Substantivo (Inglês Antigo)]]</text>
<sha1>ptg43yeu0to6gispg0hvbzaphaxctg7</sha1>
</revision>
</page>
