<page>
<title>efervescer</title>
<ns>0</ns>
<id>339349</id>
<revision>
<id>2335127</id>
<parentid>2144693</parentid>
<timestamp>2017-04-30T16:01:32Z</timestamp>
<contributor>
<username>HydrizBot</username>
<id>29590</id>
</contributor>
<minor />
<comment>Robô: A limpar links interwikis antigos</comment>
<model>wikitext</model>
<format>text/x-wiki</format>
<text bytes="408" xml:space="preserve">={{-pt-}}=
==Verbo==
{{oxítona|e|fer|ves|cer}}
# tornar-se, estar [[efervescente]], entrar em [[efervescência]]
===Conjugação===
{{conj.pt.cer|eferves}}
=={{etimologia|pt}}==
{{llietimo|la|effervescere|pt}}
===Termos derivados===
{{verTambém.Ini}}
* {{link opcional|efervescência|pt}}
{{verTambém.NovaColuna}}
* {{link opcional|efervescente|pt}}
{{verTambém.Fim}}
[[Categoria:Verbo (Português)]]</text>
<sha1>7qmzkfses6bm12t4v5m32avn0b6rxmr</sha1>
</revision>
</page>
