<page>
<page>
<title>Efeseni</title>
<ns>0</ns>
<id>408919</id>
<revision>
<id>2540897</id>
<timestamp>2019-04-03T20:16:40Z</timestamp>
<contributor>
<username>Leonardo José Raimundo</username>
<id>43489</id>
</contributor>
<comment>Eu estou criando o nome &quot;Efeseni&quot;.</comment>
<model>wikitext</model>
<format>text/x-wiki</format>
<text bytes="206" xml:space="preserve">={{-ro-}}=
==Substantivo==
{{proparoxítona|E|fe|se|ni|lang=ro}}
# {{escopo|ro|Cristianismo|religião}} [[Efésios]]
==Ver também==
===No Wikcionário===
{{bíblia/ro}}
[[Categoria:Substantivo (Romeno)]]</text>
<sha1>qzdz7i6yszddktznx3e3r9t6mjlmul3</sha1>
</revision>
