<page>
<title>efes</title>
<ns>0</ns>
<id>307844</id>
<revision>
<id>2335128</id>
<parentid>2258075</parentid>
<timestamp>2017-04-30T16:01:35Z</timestamp>
<contributor>
<username>HydrizBot</username>
<id>29590</id>
</contributor>
<minor />
<comment>Robô: A limpar links interwikis antigos</comment>
<model>wikitext</model>
<format>text/x-wiki</format>
<text bytes="154" xml:space="preserve">={{-pt-}}=
==Forma de substantivo==
{{paroxítona|e|fes}}, {{m}}
# plural de [[efe]]
{{avi-for-fle|efe}}
[[Categoria:Forma de substantivo (Português)]]</text>
<sha1>qawlqe7re5msx2wnoydenae7p538xgd</sha1>
</revision>
</page>
