<page>
<title>P</title>
<ns>0</ns>
<id>8167</id>
<revision>
<id>2680006</id>
<parentid>2276022</parentid>
<timestamp>2022-06-13T02:15:35Z</timestamp>
<contributor>
<username>Wilhelm Seifer</username>
<id>85860</id>
</contributor>
<model>wikitext</model>
<format>text/x-wiki</format>
<text bytes="335" xml:space="preserve">{{Wikipédia|P}}
{{caracteres info|hex=0050|nome=LATIN CAPITAL LETTER P|anterior=O|próximo=Q}}
{{SimbQuim|fósforo}}
==Letra==
'''P''', '''p'''
# a décima sexta [[letra]] do alfabeto latino
'''p'''.= pagina (abreviatura)
==Ver também==
===No Wikcionário===
* [[pp]]
{{Alfabeto Latino}}
[[Categoria:Sistema de escrita latino]]</text>
<sha1>peamqf7lwr7hmdycxlbu9wf4n17dwy4</sha1>
</revision>
</page>
