<page>
<title>paaina</title>
<ns>0</ns>
<id>232174</id>
<revision>
<id>1725515</id>
<parentid>875042</parentid>
<timestamp>2013-09-14T10:51:01Z</timestamp>
<contributor>
<username>MalafayaBot</username>
<id>628</id>
</contributor>
<minor />
<comment>Robô: Substituição de texto automática (-\]\](.*?)\.\r\n\s? +]]\1\n &amp; -\r\n\s\r\n +\n\n)</comment>
<model>wikitext</model>
<format>text/x-wiki</format>
<text bytes="136" xml:space="preserve">={{-mi-}}=
==Substantivo==
'''paaina'''
# [[pinheiro]]
{{página-automática|Maio|2010|pinheiro|mi}}
[[Categoria:Substantivo (Maori)]]</text>
<sha1>k9tvihakiirhskwanejm9lzboxpqo9a</sha1>
</revision>
</page>
