<page>
<title>paani</title>
<ns>0</ns>
<id>415878</id>
<revision>
<id>2658391</id>
<parentid>2563000</parentid>
<timestamp>2022-01-22T02:47:50Z</timestamp>
<contributor>
<username>ValJor</username>
<id>1358</id>
</contributor>
<comment>Confirmando [[:Categoria:!Entrada criada por robô|verbete criado por robô]]</comment>
<model>wikitext</model>
<format>text/x-wiki</format>
<text bytes="268" xml:space="preserve">[[Imagem:Rain showers in Stockholm 2015.jpg|thumb|right|250px|{{centro|Chuva}}]]
={{-hif-}}=
==Substantivo==
'''paani'''
# [[chuva]]
[[Categoria:Substantivo (Hindi Fijiano)]]
[[Categoria:Meteorologia (Hindi Fijiano)]]
[[Categoria:Entrada com imagem (Hindi Fijiano)]]</text>
<sha1>hddj0z9kumg6cmm04i7qkivd46usbvw</sha1>
</revision>
</page>
