<page>
<page>
<title>paard</title>
<ns>0</ns>
<id>37741</id>
<revision>
<id>2384749</id>
<parentid>2163239</parentid>
<timestamp>2017-05-05T21:30:28Z</timestamp>
<contributor>
<username>HydrizBot</username>
<id>29590</id>
</contributor>
<minor />
<comment>Robô: A limpar links interwikis antigos</comment>
<model>wikitext</model>
<format>text/x-wiki</format>
<text bytes="236" xml:space="preserve">{{Wikipédia|lang=nl}}
={{-nl-}}=
==Substantivo==
'''paard'''
# [[cavalo]]
==Ver também==
===No Wikcionário===
* [[bosal]]
[[Categoria:Substantivo (Holandês)]]
[[Categoria:Mamífero (Holandês)]]
[[Categoria:Zoologia (Holandês)]]</text>
<sha1>7to9l1plrghe6uzlirt66anklby1tzf</sha1>
</revision>
