<page>
<page>
<title>Paar</title>
<ns>0</ns>
<id>41999</id>
<revision>
<id>2276109</id>
<parentid>2096037</parentid>
<timestamp>2017-04-26T23:13:52Z</timestamp>
<contributor>
<username>HydrizBot</username>
<id>29590</id>
</contributor>
<minor />
<comment>Robô: A limpar links interwikis antigos</comment>
<model>wikitext</model>
<format>text/x-wiki</format>
<text bytes="175" xml:space="preserve">={{-de-}}=
==Substantivo==
{{decl.de.subst.forte.neu.date|ns=Paar|np=Paare|gs=Paar(e)s}}
'''Paar''', ''neutro''
# [[par]].
# [[casal]].
[[Categoria:Substantivo_(Alemão)]]</text>
<sha1>esocsph8vvnt4a6e03crh9skst87tqb</sha1>
</revision>
