<page>
<title>paaço</title>
<ns>0</ns>
<id>328508</id>
<revision>
<id>2384752</id>
<parentid>1842638</parentid>
<timestamp>2017-05-05T21:30:41Z</timestamp>
<contributor>
<username>HydrizBot</username>
<id>29590</id>
</contributor>
<minor />
<comment>Robô: A limpar links interwikis antigos</comment>
<model>wikitext</model>
<format>text/x-wiki</format>
<text bytes="331" xml:space="preserve">={{-roa-gpm-}}=
==Substantivo==
{{flex.pt|ms=paaço|mp=paaços}}
{{oxítona|pa|a|ço|lang=roa-gpm}}, {{m}}
# [[paço]], [[palácio]]
===Verbetes derivados===
* [[paação#Galego-Português Medieval|paação]]
=={{etimologia|roa-gpm}}==
: Do [[latim]] {{etimo|la|palatium}}.
[[Categoria:Substantivo (Galego-Português Medieval)]]</text>
<sha1>spia442rznmn93q843193jveg8zmbh0</sha1>
</revision>
</page>
