<page>
<page>
<title>paação</title>
<ns>0</ns>
<id>328509</id>
<revision>
<id>1841759</id>
<timestamp>2014-07-22T21:55:05Z</timestamp>
<contributor>
<username>Cpls</username>
<id>20608</id>
</contributor>
<comment>[[Ajuda:Guia de edição/Menus e ferramentas/Sumário de edição|→]] nova página: ={{-roa-gpm-}}= ==Adjetivo== {{oxítona|pa|a|ção|lang=roa-gpm}}, {{m}} # [[cortês]]  =={{etimologia|roa-gp...</comment>
<model>wikitext</model>
<format>text/x-wiki</format>
<text bytes="275" xml:space="preserve">={{-roa-gpm-}}=
==Adjetivo==
{{oxítona|pa|a|ção|lang=roa-gpm}}, {{m}}
# [[cortês]]
=={{etimologia|roa-gpm}}==
: {{escopo|Morfologia}} Do [[galego-português medieval]] ''[[paaço#Galego-Português Medieval|paaço]]''.
[[Categoria:Adjetivo (Galego-Português Medieval)]]</text>
<sha1>ktgm4okpgb6vvz853hz9mqgx9sisjll</sha1>
</revision>
