<page>
<page>
<title>Pabla</title>
<ns>0</ns>
<id>390635</id>
<revision>
<id>2558117</id>
<parentid>2476906</parentid>
<timestamp>2019-10-21T08:33:53Z</timestamp>
<contributor>
<username>MIL973</username>
<id>41339</id>
</contributor>
<model>wikitext</model>
<format>text/x-wiki</format>
<text bytes="1205" xml:space="preserve">={{-pt-}}=
==Substantivo==
{{flex.pt|fs=Pabla|fp=Pablas}}
{{paroxítona|Pa|bla}}, {{gramática|pr|f}}
# {{escopo|pt|Antropônimo}} [[Apêndice:Prenomes em português|prenome]] feminino
==={{-varort-}}===
{{colunas|2}}
* [[Paola]]
* [[Paula]]
{{colunas/fim}}
===Tradução===
{{tradini}}
* {{trad|es|Pabla|Paola|Paula}}
{{tradmeio}}
* {{trad|it|Paola}}
{{tradfim}}
==Ver também==
===No Wikcionário===
====Antropônimos====
{{colunas|2}}
* [[Pablo]]
* [[Paola]]
* [[Paolo]]
* [[Paula]]
* [[Paulina]]
* [[Paulino]]
* [[Paulo]]
* [[Sampaulo]]
{{colunas/fim}}
[[Categoria:Substantivo (Português)]]
={{-es-}}=
==Substantivo==
{{flex.es|fs=Pabla|fp=Pablas}}
{{paroxítona|Pa|bla|lang=es}}, {{gramática|pr|f|lang=es}}
# {{escopo|es|Antropônimo}} [[Pabla#{{pt}}|Pabla]], [[Paola]], [[Paula]]
==={{-varort-}}===
{{colunas|2}}
* [[Paola#{{es}}|Paola]]
* [[Paula#{{es}}|Paula]]
{{colunas/fim}}
==Ver também==
===No Wikcionário===
====Antropônimos====
{{colunas|2}}
* [[Pablo#{{es}}|Pablo]]
* [[Paola#{{es}}|Paola]]
* [[Paolo#{{es}}|Paolo]]
* [[Paula#{{es}}|Paula]]
* [[Paulina#{{es}}|Paulina]]
* [[Paulino#{{es}}|Paulino]]
* [[Paulo#{{es}}|Paulo]]
{{colunas/fim}}
[[Categoria:Substantivo (Espanhol)]]</text>
<sha1>c6k4zgh8i3dcte4d4lolavkf83xjg09</sha1>
</revision>
