<page>
<title>Pablos</title>
<ns>0</ns>
<id>390637</id>
<revision>
<id>2476900</id>
<parentid>2476899</parentid>
<timestamp>2018-01-13T00:31:50Z</timestamp>
<contributor>
<username>MIL973</username>
<id>41339</id>
</contributor>
<model>wikitext</model>
<format>text/x-wiki</format>
<text bytes="388" xml:space="preserve">={{-pt-}}=
==Forma de substantivo==
{{paroxítona|Pa|blos}}, {{gramática|pr|mp}}
# plural de [[Pablo]]
{{avi-for-fle|Pablo}}
[[Categoria:Forma de substantivo (Português)]]
={{-es-}}=
==Forma de substantivo==
{{paroxítona|Pa|blos|lang=es}}, {{gramática|pr|mp|lang=es}}
# plural de [[Pablo#{{es}}|Pablo]]
{{avi-for-fle|Pablo|lang=es}}
[[Categoria:Forma de substantivo (Espanhol)]]</text>
<sha1>77pytluien9oraqotv3xyu2zwuiu9xu</sha1>
</revision>
</page>
