<page>
<title>pablo</title>
<ns>0</ns>
<id>396741</id>
<revision>
<id>2506078</id>
<parentid>2506076</parentid>
<timestamp>2018-06-08T13:28:34Z</timestamp>
<contributor>
<username>Cpls</username>
<id>20608</id>
</contributor>
<model>wikitext</model>
<format>text/x-wiki</format>
<text bytes="392" xml:space="preserve">{{ver também|Pablo}}
={{-gl-}}=
==Substantivo==
{{flex.gl|ms=pablo|mp=pablos}}
{{paroxítona|pa|blo|lang=gl}}, {{g|m|lang=gl}}
# [[pavio]]
# extremo superior queimado da mecha ou [[torcida]]
===Sinónimos===
* [[pavilhão#{{gl}}|pavilhão]], [[pavilo#{{gl}}|pavilo]], [[pavio#{{gl}}|pavio]]
=={{etimologia|gl}}==
: Do latim vulgar {{etimo|la|papilus}}.
[[Categoria:Substantivo (Galego)]]</text>
<sha1>p46gblcpw8turi9zu5fetmkv5rjhtk4</sha1>
</revision>
</page>
