<page>
<title>Pablo</title>
<ns>0</ns>
<id>271011</id>
<revision>
<id>2592884</id>
<parentid>2592883</parentid>
<timestamp>2020-07-26T01:35:40Z</timestamp>
<contributor>
<username>ValJor</username>
<id>1358</id>
</contributor>
<minor />
<comment>Protegeu &quot;[[Pablo]]&quot;: Vandalismo excessivo ([Editar=Bloquear utilizadores não-registados] (expira a 01h35min de 2 de agosto de 2020 (UTC)) [Mover=Bloquear utilizadores não-registados] (expira a 01h35min de 2 de agosto de 2020 (UTC)))</comment>
<model>wikitext</model>
<format>text/x-wiki</format>
<text bytes="1457" xml:space="preserve">{{ver também|pablo}}
={{-pt-}}=
==Substantivo==
{{flex.pt|ms=Pablo|mp=Pablos}}
{{paroxítona|Pa|blo}}, {{gramática|pr|m}}
# {{escopo|pt|Antropônimo}} [[Apêndice:Prenomes em português|prenome]] masculino
==={{-varort-}}===
{{colunas|2}}
* [[Paolo]]
* [[Paulo]]
{{colunas/fim}}
===Tradução===
{{tradini}}
* {{trad|es|Pablo|Paolo|Paulo}}
{{tradmeio}}
* {{trad|it|Paolo}}
{{tradfim}}
=={{etimologia|it}}==
{{llietimo|la|Paulus|it}}
==Ver também==
===No Wikcionário===
====Antropônimos====
{{colunas|2}}
* [[Pabla]]
* [[Paola]]
* [[Paolo]]
* [[Paula]]
* [[Paulina]]
* [[Paulino]]
* [[Paulo]]
* [[Sampaulo]]
{{colunas/fim}}
[[Categoria:Substantivo (Português)]]
={{-es-}}=
==Substantivo==
{{flex.es|ms=Pablo|mp=Pablos}}
{{paroxítona|Pa|blo|lang=es}}, {{gramática|pr|m|lang=es}}
# {{escopo|es|Cristianismo|religião}} [[Paulo]], último apóstolo de Jesus Cristo
# {{escopo|es|Antropônimo}} [[Pablo#{{pt}}|Pablo]], [[Paolo]], Paulo
==={{-varort-}}===
{{colunas|2}}
* [[Paolo#{{es}}|Paolo]]
* [[Paulo#{{es}}|Paulo]]
{{colunas/fim}}
=={{etimologia|es}}==
{{llietimo|la|Paulus|es}}
=={{pronúncia|es}}==
* AFI: {{AFI|/'pa.βlo/}}.
==Ver também==
===No Wikcionário===
====Antropônimos====
{{colunas|2}}
* [[Pabla#{{es}}|Pabla]]
* [[Paola#{{es}}|Paola]]
* [[Paolo#{{es}}|Paolo]]
* [[Paula#{{es}}|Paula]]
* [[Paulina#{{es}}|Paulina]]
* [[Paulino#{{es}}|Paulino]]
* [[Paulo#{{es}}|Paulo]]
{{colunas/fim}}
[[Categoria:Substantivo (Espanhol)]]</text>
<sha1>blenuodwi5ax1mkilw0qaa505lzl3q7</sha1>
</revision>
</page>
