<page>
<title>pabola</title>
<ns>0</ns>
<id>7043</id>
<revision>
<id>2174609</id>
<parentid>2037798</parentid>
<timestamp>2016-09-19T22:20:01Z</timestamp>
<contributor>
<username>Luan</username>
<id>1279</id>
</contributor>
<comment>substituição da [[Predefinição:flex.pt.com2]] por [[predefinição:flex.pt]] utilizando [[Project:AutoWikiBrowser|AWB]]</comment>
<model>wikitext</model>
<format>text/x-wiki</format>
<text bytes="313" xml:space="preserve">={{-pt-}}=
==Adjetivo==
{{flex.pt|s=pabola|p=pabolas}}
{{paroxítona|pa|bo|la}}
# {{escopo|pt|Brasil}} [[mentiroso]]
==Substantivo==
{{paroxítona|pa|bo|la}}
# {{escopo|pt|Brasil}} [[mentiroso]]
=={{etimologia|pt}}==
: De ''[[pábulo]]''.
[[Categoria:Adjetivo (Português)]]
[[Categoria:Substantivo (Português)]]</text>
<sha1>07kr41ic5798xynjbhpl5uu6bk769ru</sha1>
</revision>
</page>
