<page>
<title>pabon</title>
<ns>0</ns>
<id>326863</id>
<revision>
<id>2474786</id>
<parentid>1833368</parentid>
<timestamp>2018-01-06T11:00:22Z</timestamp>
<contributor>
<username>Imivorn</username>
<id>64513</id>
</contributor>
<model>wikitext</model>
<format>text/x-wiki</format>
<text bytes="383" xml:space="preserve">{{Wikipédia|lang=mwl}}
[[Imagem:Peacock_058.jpg|thumb|240px|&lt;center&gt;pabon&lt;/center&gt;]]
={{-mwl-}}=
==Substantivo==
{{flex.mwl|ms=pabon|mp=pabones}}
{{oxítona|pa|bon|língua=mwl}}, {{m}}
# {{escopo|mwl|Ave}} [[pavão]] (''[[species:Pavo cristatus|Pavo cristatus]]'')
[[Categoria:Substantivo (Mirandês)]]
[[Categoria:Animal (Mirandês)]]
[[Categoria:Entrada com imagem (Mirandês)]]</text>
<sha1>npug0f5xb02bogj6i45lmo5y8zlpxc7</sha1>
</revision>
</page>
