<page>
<title>pabones</title>
<ns>0</ns>
<id>389743</id>
<revision>
<id>2474788</id>
<timestamp>2018-01-06T11:00:44Z</timestamp>
<contributor>
<username>Imivorn</username>
<id>64513</id>
</contributor>
<comment>[[Ajuda:Guia de edição/Menus e ferramentas/Sumário de edição|→]] nova página: ={{-mwl-}}= ==Forma de substantivo== {{paroxítona|pa|bo|nes|língua=mwl}} # plural de '''pabon#{{mwl}}|pab...</comment>
<model>wikitext</model>
<format>text/x-wiki</format>
<text bytes="164" xml:space="preserve">={{-mwl-}}=
==Forma de substantivo==
{{paroxítona|pa|bo|nes|língua=mwl}}
# plural de '''[[pabon#{{mwl}}|pabon]]'''
[[Categoria:Forma de substantivo (Mirandês)]]</text>
<sha1>op938sz9b2o2x3ho5h552ygoc55071u</sha1>
</revision>
</page>
