<page>
<title>pabular</title>
<ns>0</ns>
<id>7047</id>
<revision>
<id>2653596</id>
<parentid>2384756</parentid>
<timestamp>2021-11-28T15:16:46Z</timestamp>
<contributor>
<username>ValJor</username>
<id>1358</id>
</contributor>
<comment>Acrescentando código de língua à [[:Categoria:!Página com mensagem de erro em predefinição|predefinição escopo]]</comment>
<model>wikitext</model>
<format>text/x-wiki</format>
<text bytes="281" xml:space="preserve">={{-pt-}}=
==Verbo==
{{oxítona|pa|bu|lar}}, {{gramática|vi}}
# {{escopo|pt|Brasil}} [[mentir]] gabando-se; vangloriar-se; [[bazofiar]]
===Conjugação===
{{conj/pt|pabul|ar}}
=={{etimologia|pt}}==
: {{escopo|Morfologia}} [[pábulo]] + [[-ar]].
[[Categoria:Verbo (Português)]]</text>
<sha1>teeqvetapkzdh3ow29tbax8xn0pvorr</sha1>
</revision>
</page>
