<page>
<page>
<title>pabularem</title>
<ns>0</ns>
<id>211387</id>
<revision>
<id>2384757</id>
<parentid>1162809</parentid>
<timestamp>2017-05-05T21:30:55Z</timestamp>
<contributor>
<username>HydrizBot</username>
<id>29590</id>
</contributor>
<minor />
<comment>Robô: A limpar links interwikis antigos</comment>
<model>wikitext</model>
<format>text/x-wiki</format>
<text bytes="271" xml:space="preserve">={{-pt-}}=
==Forma verbal==
'''pabularem'''
#[[terceira pessoa]] do [[plural]] do [[futuro]] do [[modo subjuntivo]] do verbo '''[[pabular]]'''
#[[infinitivo pessoal]] da [[terceira pessoa]] do [[plural]] do verbo '''[[pabular]]'''
[[Categoria:Forma verbal (Português)]]</text>
<sha1>muywyv8t7gxywblf8cei521yg6horlu</sha1>
</revision>
