<page>
<page>
<title>pabulais</title>
<ns>0</ns>
<id>158648</id>
<revision>
<id>1162799</id>
<parentid>669883</parentid>
<timestamp>2011-07-05T23:34:42Z</timestamp>
<contributor>
<username>MalafayaBot</username>
<id>628</id>
</contributor>
<minor />
<comment>Robô: Substituição de texto automática (-^\=\s?Português\s?\= +={{-pt-}}= &amp; -^\=\s?\{\{pt\}\}\s?\= +={{-pt-}}=)</comment>
<model>wikitext</model>
<format>text/x-wiki</format>
<text bytes="182" xml:space="preserve">={{-pt-}}=
==Forma verbal==
'''pabulais'''
#[[segunda pessoa]] do [[plural]] do [[presente]] do [[modo indicativo]] do verbo '''[[pabular]]'''
[[Categoria:Forma verbal (Português)]]</text>
<sha1>n6phc6839mjoj3nmvij62r8hdcpgzpo</sha1>
</revision>
