<page>
<title>pabulai</title>
<ns>0</ns>
<id>220039</id>
<revision>
<id>1162798</id>
<parentid>817108</parentid>
<timestamp>2011-07-05T23:34:41Z</timestamp>
<contributor>
<username>MalafayaBot</username>
<id>628</id>
</contributor>
<minor />
<comment>Robô: Substituição de texto automática (-^\=\s?Português\s?\= +={{-pt-}}= &amp; -^\=\s?\{\{pt\}\}\s?\= +={{-pt-}}=)</comment>
<model>wikitext</model>
<format>text/x-wiki</format>
<text bytes="176" xml:space="preserve">={{-pt-}}=
==Forma verbal==
'''pabulai'''
#[[segunda pessoa]] do [[plural]] do [[imperativo]] [[afirmativo]] do verbo '''[[pabular]]'''
[[Categoria:Forma verbal (Português)]]</text>
<sha1>slrbkjk0xosh3qo8m0jj46gfgee7zoy</sha1>
</revision>
</page>
