<page>
<title>pabulavam</title>
<ns>0</ns>
<id>168917</id>
<revision>
<id>1162828</id>
<parentid>699840</parentid>
<timestamp>2011-07-05T23:35:12Z</timestamp>
<contributor>
<username>MalafayaBot</username>
<id>628</id>
</contributor>
<minor />
<comment>Robô: Substituição de texto automática (-^\=\s?Português\s?\= +={{-pt-}}= &amp; -^\=\s?\{\{pt\}\}\s?\= +={{-pt-}}=)</comment>
<model>wikitext</model>
<format>text/x-wiki</format>
<text bytes="197" xml:space="preserve">={{-pt-}}=
==Forma verbal==
'''pabulavam'''
#[[terceira pessoa]] do [[plural]] do [[pretérito imperfeito]] do [[modo indicativo]] do verbo '''[[pabular]]'''
[[Categoria:Forma verbal (Português)]]</text>
<sha1>svrrr1pb17t6up4fy8cmebd12jnz9zl</sha1>
</revision>
</page>
