<page>
<page>
<title>pabulará</title>
<ns>0</ns>
<id>186351</id>
<revision>
<id>1162816</id>
<parentid>736473</parentid>
<timestamp>2011-07-05T23:35:00Z</timestamp>
<contributor>
<username>MalafayaBot</username>
<id>628</id>
</contributor>
<minor />
<comment>Robô: Substituição de texto automática (-^\=\s?Português\s?\= +={{-pt-}}= &amp; -^\=\s?\{\{pt\}\}\s?\= +={{-pt-}}=)</comment>
<model>wikitext</model>
<format>text/x-wiki</format>
<text bytes="174" xml:space="preserve">={{-pt-}}=
==Forma verbal==
'''pabulará'''
#[[terceira pessoa]] do [[singular]] do [[futuro do presente]] do verbo '''[[pabular]]'''
[[Categoria:Forma verbal (Português)]]</text>
<sha1>9t6488rhj1tgvq1l5fydjr39w6b7f8s</sha1>
</revision>
