<page>
<page>
<title>pabuláveis</title>
<ns>0</ns>
<id>167451</id>
<revision>
<id>2037052</id>
<parentid>1974418</parentid>
<timestamp>2015-11-15T02:26:55Z</timestamp>
<contributor>
<username>ValJor</username>
<id>1358</id>
</contributor>
<comment>Acrescentando a predefinição avi-for-fle</comment>
<model>wikitext</model>
<format>text/x-wiki</format>
<text bytes="216" xml:space="preserve">={{-pt-}}=
==Forma verbal==
{{paroxítona|pa|bu|lá|veis}}
# segunda pessoa do plural do pretérito imperfeito do modo indicativo do verbo [[pabular]]
{{avi-for-fle|pabular}}
[[Categoria:Forma verbal (Português)]]</text>
<sha1>2ejjy22jq1cwqt83ivcswqci7zw0ccy</sha1>
</revision>
