<page>
<page>
<title>pabulagem</title>
<ns>0</ns>
<id>7045</id>
<revision>
<id>2653602</id>
<parentid>1208729</parentid>
<timestamp>2021-11-28T15:28:07Z</timestamp>
<contributor>
<username>ValJor</username>
<id>1358</id>
</contributor>
<comment>Acrescentando código de língua à [[:Categoria:!Página com mensagem de erro em predefinição|predefinição escopo]]</comment>
<model>wikitext</model>
<format>text/x-wiki</format>
<text bytes="321" xml:space="preserve">={{-pt-}}=
==Substantivo==
{{flex.pt|fs=pabulagem|fp=pabulagens}}
{{paroxítona|pa|bu|la|gem}}, {{gramática|f}}
# {{escopo|pt|Brasil}} [[mentira]]; [[embuste]]; [[pedantismo]]; [[gabarolice]]; [[pabulação]]
=={{etimologia|pt}}==
: {{escopo|Morfologia}} [[pabular]] + [[-agem]].
[[Categoria:Substantivo (Português)]]</text>
<sha1>sdy3wcvsjdggbddltzkn5jbpzxllbga</sha1>
</revision>
