<page>
<page>
<title>pabularás</title>
<ns>0</ns>
<id>184957</id>
<revision>
<id>1162817</id>
<parentid>734981</parentid>
<timestamp>2011-07-05T23:35:01Z</timestamp>
<contributor>
<username>MalafayaBot</username>
<id>628</id>
</contributor>
<minor />
<comment>Robô: Substituição de texto automática (-^\=\s?Português\s?\= +={{-pt-}}= &amp; -^\=\s?\{\{pt\}\}\s?\= +={{-pt-}}=)</comment>
<model>wikitext</model>
<format>text/x-wiki</format>
<text bytes="174" xml:space="preserve">={{-pt-}}=
==Forma verbal==
'''pabularás'''
#[[segunda pessoa]] do [[singular]] do [[futuro do presente]] do verbo '''[[pabular]]'''
[[Categoria:Forma verbal (Português)]]</text>
<sha1>2vsslh5qkvfkkv8cscwoq6x6m6a0x6l</sha1>
</revision>
