<page>
<page>
<title>pabularia</title>
<ns>0</ns>
<id>191802</id>
<revision>
<id>2384759</id>
<parentid>1162812</parentid>
<timestamp>2017-05-05T21:30:59Z</timestamp>
<contributor>
<username>HydrizBot</username>
<id>29590</id>
</contributor>
<minor />
<comment>Robô: A limpar links interwikis antigos</comment>
<model>wikitext</model>
<format>text/x-wiki</format>
<text bytes="207" xml:space="preserve">={{-pt-}}=
==Forma verbal==
'''pabularia'''
#[[primeira pessoa|primeira]] e [[terceira pessoa]] do [[singular]] do [[futuro do pretérito]] do verbo '''[[pabular]]'''
[[Categoria:Forma verbal (Português)]]</text>
<sha1>hpp96lnfivkr9eh68mp7w7emwzq6ut4</sha1>
</revision>
