<page>
<title>pabulam</title>
<ns>0</ns>
<id>160303</id>
<revision>
<id>1162800</id>
<parentid>673414</parentid>
<timestamp>2011-07-05T23:34:43Z</timestamp>
<contributor>
<username>MalafayaBot</username>
<id>628</id>
</contributor>
<minor />
<comment>Robô: Substituição de texto automática (-^\=\s?Português\s?\= +={{-pt-}}= &amp; -^\=\s?\{\{pt\}\}\s?\= +={{-pt-}}=)</comment>
<model>wikitext</model>
<format>text/x-wiki</format>
<text bytes="182" xml:space="preserve">={{-pt-}}=
==Forma verbal==
'''pabulam'''
#[[terceira pessoa]] do [[plural]] do [[presente]] do [[modo indicativo]] do verbo '''[[pabular]]'''
[[Categoria:Forma verbal (Português)]]</text>
<sha1>lr4zo5ujud71oldt4nescx4jysy7se2</sha1>
</revision>
</page>
