<page>
<title>pabularemos</title>
<ns>0</ns>
<id>187689</id>
<revision>
<id>1162810</id>
<parentid>737837</parentid>
<timestamp>2011-07-05T23:34:53Z</timestamp>
<contributor>
<username>MalafayaBot</username>
<id>628</id>
</contributor>
<minor />
<comment>Robô: Substituição de texto automática (-^\=\s?Português\s?\= +={{-pt-}}= &amp; -^\=\s?\{\{pt\}\}\s?\= +={{-pt-}}=)</comment>
<model>wikitext</model>
<format>text/x-wiki</format>
<text bytes="174" xml:space="preserve">={{-pt-}}=
==Forma verbal==
'''pabularemos'''
#[[primeira pessoa]] do [[plural]] do [[futuro do presente]] do verbo '''[[pabular]]'''
[[Categoria:Forma verbal (Português)]]</text>
<sha1>3ropsk0p1mp7gv1mjs335k9jtegm4ok</sha1>
</revision>
</page>
