<page>
<title>pabulávamos</title>
<ns>0</ns>
<id>163007</id>
<revision>
<id>2028649</id>
<parentid>1951055</parentid>
<timestamp>2015-10-29T17:25:06Z</timestamp>
<contributor>
<username>ValJor</username>
<id>1358</id>
</contributor>
<comment>Acrescentando a predefinição avi-for-fle</comment>
<model>wikitext</model>
<format>text/x-wiki</format>
<text bytes="222" xml:space="preserve">={{-pt-}}=
==Forma verbal==
{{proparoxítona|pa|bu|lá|va|mos}}
# primeira pessoa do plural do pretérito imperfeito do modo indicativo do verbo [[pabular]]
{{avi-for-fle|pabular}}
[[Categoria:Forma verbal (Português)]]</text>
<sha1>2jkry6vz1ghjobbmj9lj5mgkundb0gx</sha1>
</revision>
</page>
