<page>
<title>pabulem</title>
<ns>0</ns>
<id>215751</id>
<revision>
<id>1162833</id>
<parentid>806628</parentid>
<timestamp>2011-07-05T23:35:17Z</timestamp>
<contributor>
<username>MalafayaBot</username>
<id>628</id>
</contributor>
<minor />
<comment>Robô: Substituição de texto automática (-^\=\s?Português\s?\= +={{-pt-}}= &amp; -^\=\s?\{\{pt\}\}\s?\= +={{-pt-}}=)</comment>
<model>wikitext</model>
<format>text/x-wiki</format>
<text bytes="371" xml:space="preserve">={{-pt-}}=
==Forma verbal==
'''pabulem'''
#[[terceira pessoa]] do [[plural]] do [[presente]] do [[modo subjuntivo]] do verbo '''[[pabular]]'''
#[[terceira pessoa]] do [[plural]] do [[imperativo]] [[afirmativo]] do verbo '''[[pabular]]'''
#[[terceira pessoa]] do [[plural]] do [[imperativo]] [[negativo]] do verbo '''[[pabular]]'''
[[Categoria:Forma verbal (Português)]]</text>
<sha1>ph0nx7mifwnccjarb22bhygyo8s1bvg</sha1>
</revision>
</page>
