<page>
<title>pabulou</title>
<ns>0</ns>
<id>173140</id>
<revision>
<id>1162837</id>
<parentid>707636</parentid>
<timestamp>2011-07-05T23:35:21Z</timestamp>
<contributor>
<username>MalafayaBot</username>
<id>628</id>
</contributor>
<minor />
<comment>Robô: Substituição de texto automática (-^\=\s?Português\s?\= +={{-pt-}}= &amp; -^\=\s?\{\{pt\}\}\s?\= +={{-pt-}}=)</comment>
<model>wikitext</model>
<format>text/x-wiki</format>
<text bytes="195" xml:space="preserve">={{-pt-}}=
==Forma verbal==
'''pabulou'''
#[[terceira pessoa]] do [[singular]] do [[pretérito perfeito]] do [[modo indicativo]] do verbo '''[[pabular]]'''
[[Categoria:Forma verbal (Português)]]</text>
<sha1>ss23mmngvndlu9l8tv986cwvhmfcc3c</sha1>
</revision>
</page>
