<page>
<page>
<title>pabulão</title>
<ns>0</ns>
<id>7046</id>
<revision>
<id>2653568</id>
<parentid>1186929</parentid>
<timestamp>2021-11-28T09:10:24Z</timestamp>
<contributor>
<username>ValJor</username>
<id>1358</id>
</contributor>
<comment>Acrescentando código de língua à [[:Categoria:!Página com mensagem de erro em predefinição|predefinição escopo]]</comment>
<model>wikitext</model>
<format>text/x-wiki</format>
<text bytes="364" xml:space="preserve">={{-pt-}}=
==Adjetivo==
{{flex.pt|ms=pabulão|mp=pabulões|fs=pabulona|fp=pabulonas}}
{{oxítona|pa|bu|lão}}
# {{escopo|pt|Brasil}} [[trapalhão]]; [[mentiroso]]; [[gabarola]]
==Substantivo==
{{oxítona|pa|bu|lão}}
# {{escopo|pt|Brasil}} trapalhão; mentiroso; gabarola
[[Categoria:Adjetivo (Português)|pabulao]]
[[Categoria:Substantivo (Português)|pabulao]]</text>
<sha1>4n9p173e2y4li0keta3kl2js24qlhsj</sha1>
</revision>
