<page>
<title>pabularei</title>
<ns>0</ns>
<id>183418</id>
<revision>
<id>1162807</id>
<parentid>733275</parentid>
<timestamp>2011-07-05T23:34:50Z</timestamp>
<contributor>
<username>MalafayaBot</username>
<id>628</id>
</contributor>
<minor />
<comment>Robô: Substituição de texto automática (-^\=\s?Português\s?\= +={{-pt-}}= &amp; -^\=\s?\{\{pt\}\}\s?\= +={{-pt-}}=)</comment>
<model>wikitext</model>
<format>text/x-wiki</format>
<text bytes="174" xml:space="preserve">={{-pt-}}=
==Forma verbal==
'''pabularei'''
#[[primeira pessoa]] do [[singular]] do [[futuro do presente]] do verbo '''[[pabular]]'''
[[Categoria:Forma verbal (Português)]]</text>
<sha1>nax9xaa1ofyzzk6w5770sggkje6qjen</sha1>
</revision>
</page>
