<page>
<page>
<title>pabularíeis</title>
<ns>0</ns>
<id>194450</id>
<revision>
<id>1162820</id>
<parentid>747582</parentid>
<timestamp>2011-07-05T23:35:04Z</timestamp>
<contributor>
<username>MalafayaBot</username>
<id>628</id>
</contributor>
<minor />
<comment>Robô: Substituição de texto automática (-^\=\s?Português\s?\= +={{-pt-}}= &amp; -^\=\s?\{\{pt\}\}\s?\= +={{-pt-}}=)</comment>
<model>wikitext</model>
<format>text/x-wiki</format>
<text bytes="176" xml:space="preserve">={{-pt-}}=
==Forma verbal==
'''pabularíeis'''
#[[segunda pessoa]] do [[plural]] do [[futuro do pretérito]] do verbo '''[[pabular]]'''
[[Categoria:Forma verbal (Português)]]</text>
<sha1>lcko1ujx43z3upbtfo15ocsvoy7xj8m</sha1>
</revision>
