<page>
<page>
<title>pabulámos</title>
<ns>0</ns>
<id>164454</id>
<revision>
<id>2016012</id>
<parentid>1945057</parentid>
<timestamp>2015-10-15T09:34:30Z</timestamp>
<contributor>
<username>ValJor</username>
<id>1358</id>
</contributor>
<comment>Acrescentando a predefinição avi-for-fle</comment>
<model>wikitext</model>
<format>text/x-wiki</format>
<text bytes="240" xml:space="preserve">{{grafiaPtpt|pabulamos}}
={{-pt-}}=
==Forma verbal==
{{paroxítona|pa|bu|lá|mos}}
# primeira pessoa do plural do pretérito perfeito do modo indicativo do verbo [[pabular]]
{{avi-for-fle|pabular}}
[[Categoria:Forma verbal (Português)]]</text>
<sha1>5ovz8qqtj1wy5gq4c4q8oqmrykb60eg</sha1>
</revision>
