<page>
<title>pabulo</title>
<ns>0</ns>
<id>151941</id>
<revision>
<id>2384762</id>
<parentid>2193693</parentid>
<timestamp>2017-05-05T21:31:06Z</timestamp>
<contributor>
<username>HydrizBot</username>
<id>29590</id>
</contributor>
<minor />
<comment>Robô: A limpar links interwikis antigos</comment>
<model>wikitext</model>
<format>text/x-wiki</format>
<text bytes="180" xml:space="preserve">={{-pt-}}=
==Forma verbal==
'''pabulo'''
#[[primeira]] [[pessoa]] do [[singular]] do [[presente]] [[indicativo]] do verbo '''[[pabular]]'''
[[Categoria:Forma verbal (Português)]]</text>
<sha1>ts7kzsruu4x5kqq4sp0fxgmg19r814x</sha1>
</revision>
</page>
