<page>
<page>
<title>pabulares</title>
<ns>0</ns>
<id>207097</id>
<revision>
<id>2384758</id>
<parentid>1162811</parentid>
<timestamp>2017-05-05T21:30:57Z</timestamp>
<contributor>
<username>HydrizBot</username>
<id>29590</id>
</contributor>
<minor />
<comment>Robô: A limpar links interwikis antigos</comment>
<model>wikitext</model>
<format>text/x-wiki</format>
<text bytes="273" xml:space="preserve">={{-pt-}}=
==Forma verbal==
'''pabulares'''
#[[segunda pessoa]] do [[singular]] do [[futuro]] do [[modo subjuntivo]] do verbo '''[[pabular]]'''
#[[infinitivo pessoal]] da [[segunda pessoa]] do [[singular]] do verbo '''[[pabular]]'''
[[Categoria:Forma verbal (Português)]]</text>
<sha1>pa5c58zcpvpdvgbzf4ogfssuhktnrgr</sha1>
</revision>
