<page>
<page>
<title>pabularias</title>
<ns>0</ns>
<id>200074</id>
<revision>
<id>2384761</id>
<parentid>1162814</parentid>
<timestamp>2017-05-05T21:31:02Z</timestamp>
<contributor>
<username>HydrizBot</username>
<id>29590</id>
</contributor>
<minor />
<comment>Robô: A limpar links interwikis antigos</comment>
<model>wikitext</model>
<format>text/x-wiki</format>
<text bytes="176" xml:space="preserve">={{-pt-}}=
==Forma verbal==
'''pabularias'''
#[[segunda pessoa]] do [[singular]] do [[futuro do pretérito]] do verbo '''[[pabular]]'''
[[Categoria:Forma verbal (Português)]]</text>
<sha1>fg36oc00nqt8pxpazws0ll3x5q8nujc</sha1>
</revision>
