<page>
<page>
<title>pacas</title>
<ns>0</ns>
<id>289973</id>
<revision>
<id>2653564</id>
<parentid>2384763</parentid>
<timestamp>2021-11-28T08:50:18Z</timestamp>
<contributor>
<username>ValJor</username>
<id>1358</id>
</contributor>
<comment>Acrescentando código de língua à [[:Categoria:!Página com mensagem de erro em predefinição|predefinição escopo]]</comment>
<model>wikitext</model>
<format>text/x-wiki</format>
<text bytes="247" xml:space="preserve">={{-pt-}}=
==Advérbio==
{{paroxítona|pa|cas}}
# {{escopo|pt|Brasil}} [[muito]]
#* ''Gosto dela '''pacas'''.''
=={{etimologia|pt}}==
: {{escopo|Morfologia}} da aglutinação de '''pa'''(ra) + '''ca'''(cete).
[[Categoria:Advérbio (Português)]]</text>
<sha1>q26nsnhqo2zsjtz8vcgz8pv3ucwzlzv</sha1>
</revision>
