<page>
<page>
<title>pacarana</title>
<ns>0</ns>
<id>393929</id>
<revision>
<id>2524495</id>
<parentid>2489801</parentid>
<timestamp>2018-10-31T09:09:22Z</timestamp>
<contributor>
<username>ValJor</username>
<id>1358</id>
</contributor>
<comment>Melhorando a apresentação do verbete usando a [[:predefinição:cria-entrada]]</comment>
<model>wikitext</model>
<format>text/x-wiki</format>
<text bytes="377" xml:space="preserve">={{-pt-}}=
==Substantivo==
{{flex.pt|ms=pacarana|mp=pacaranas}}
{{paroxítona|pa|ca|ra|na}}, {{gramática|m}}
# [[roedor]] da família ''Dinomyidae'', é a única espécie do gênero ''Dinomys''; pode ser encontrado na [[Amazônia]]
==Ligações externas==
* {{Aulete}}
* {{Michaelis}}
* {{VOLPABL}}
[[Categoria:Substantivo (Português)]]
[[Categoria:Mamífero (Português)]]</text>
<sha1>hhia0edvzkkux0ztmzddwwm76durgul</sha1>
</revision>
