<page>
<page>
<title>pacatu</title>
<ns>0</ns>
<id>7050</id>
<revision>
<id>2653496</id>
<parentid>2384765</parentid>
<timestamp>2021-11-27T14:41:12Z</timestamp>
<contributor>
<username>ValJor</username>
<id>1358</id>
</contributor>
<comment>Acrescentando código de língua à [[:Categoria:!Página com mensagem de erro em predefinição|predefinição escopo]]</comment>
<model>wikitext</model>
<format>text/x-wiki</format>
<text bytes="171" xml:space="preserve">={{-pt-}}=
==Substantivo==
{{flex.pt|ms=pacatu|mp=pacatus}}
{{oxítona|pa|ca|tu}}
# {{escopo|pt|Brasil}} [[corrida]] de [[cavalo]]s
[[Categoria:Substantivo (Português)]]</text>
<sha1>mmz7d7qv3edpvif8tnkaxgpr0qpo4o0</sha1>
</revision>
