<page>
<title>Pacaraima</title>
<ns>0</ns>
<id>143622</id>
<revision>
<id>2276114</id>
<parentid>1199654</parentid>
<timestamp>2017-04-26T23:14:04Z</timestamp>
<contributor>
<username>HydrizBot</username>
<id>29590</id>
</contributor>
<minor />
<comment>Robô: A limpar links interwikis antigos</comment>
<model>wikitext</model>
<format>text/x-wiki</format>
<text bytes="249" xml:space="preserve">={{-pt-}}=
{{Wikipédia}}
==Substantivo==
'''Pacaraima''' {{pr}}
#[[município]] [[brasileiro]] do [[estado]] de [[Roraima]]
==Ver também==
*[[Apêndice:Municípios do estado de Roraima]]
[[Categoria:Município do estado de Roraima (Português)]]</text>
<sha1>bd9y84tlwue14oove1gv92fjqlf85ay</sha1>
</revision>
</page>
