<page>
<page>
<title>Pacatuba</title>
<ns>0</ns>
<id>137997</id>
<revision>
<id>2276116</id>
<parentid>1196134</parentid>
<timestamp>2017-04-26T23:14:08Z</timestamp>
<contributor>
<username>HydrizBot</username>
<id>29590</id>
</contributor>
<minor />
<comment>Robô: A limpar links interwikis antigos</comment>
<model>wikitext</model>
<format>text/x-wiki</format>
<text bytes="412" xml:space="preserve">={{-pt-}}=
{{Wikipédia}}
==Substantivo==
'''Pacatuba''' {{pr}}
#[[município]] [[brasileiro]] do [[estado]] do [[Ceará]]
#[[município]] [[brasileiro]] do [[estado]] de [[Sergipe]]
==Ver também==
*[[Apêndice:Municípios do estado do Ceará]]
*[[Apêndice:Municípios do estado de Sergipe]]
[[Categoria:Município do estado do Ceará (Português)]]
[[Categoria:Município do estado de Sergipe (Português)]]</text>
<sha1>280u9w4m7hys8mxqn1ma03jm4fx19wr</sha1>
</revision>
