<page>
<title>pacato</title>
<ns>0</ns>
<id>72017</id>
<revision>
<id>2620398</id>
<parentid>2510925</parentid>
<timestamp>2021-02-01T21:30:39Z</timestamp>
<contributor>
<username>MarxavBot</username>
<id>80155</id>
</contributor>
<minor />
<comment>AFI Portugal</comment>
<model>wikitext</model>
<format>text/x-wiki</format>
<text bytes="1366" xml:space="preserve">={{-pt-}}=
==Adjetivo==
{{flex.pt|ms=pacato|mp=pacatos|fs=pacata|fp=pacatas}}
{{paroxítona|pa|ca|to}} {{g|m}}
# [[calmo]]; [[tranquilo]]
===Tradução===
{{tradini}}
* {{trad|ar|هادئ|أنيس|ساكن|وديع}}
* {{trad|br|sioul}}
* {{trad|hr|miran|spokojan}}
* {{trad|es|pacato|tranquilo|moderado|tímido|pacífico}}
* {{trad|eo|trankvila|kvieta}}
* {{trad|fr|calme}}
* {{trad|cy|llonydd|tawel}}
* {{trad|gu|નિરુદ્વેગ}}
* {{trad|hi|निरुद्वेग}}
{{tradmeio}}
* {{trad|en|calm|quiet}}
* {{trad|it|pacato}}
* {{trad|la|pacatus}}
* {{trad|mr|उद्वेग रहित}}
* {{trad|pa|ਧੀਮਾ}}
* {{trad|sa|निरुद्वेग}}
* {{trad|vec|calmo|placido|tranquilo}}
* {{trad|xh|pholile|izolile}}
{{tradfim}}
=={{etimologia|pt}}==
{{llietimo|la|pacatus|pt|ponto=não}}, particípio passado de ''pacāre'' ([[pacificar]]).
=={{pronúncia|pt}}==
===Portugal===
* AFI: {{AFI|/pɐ.ˈka.tu/}}
==Ligações externas==
* {{Michaelis}}
* {{DicioAberto}}
* {{DPLP}}
* {{Infopédia}}
* {{PLP}}
* {{VOLPABL}}
==Anagrama==
# [[capota]]
[[Categoria:Adjetivo (Português)]]
={{-es-}}=
==Adjetivo==
'''pacato'''
# [[pacato#Português|pacato]]
==Ligações externas==
* {{DRAE}}
[[Categoria:Adjetivo (Espanhol)]]
={{-it-}}=
==Adjetivo==
'''pacato'''
# [[pacato#Português|pacato]]
[[Categoria:Adjetivo (Italiano)]]</text>
<sha1>e0c5jn9atqd928wvuk0zwcyd6fh00ft</sha1>
</revision>
</page>
