<page>
<title>pacaças</title>
<ns>0</ns>
<id>92265</id>
<revision>
<id>1208730</id>
<parentid>595033</parentid>
<timestamp>2011-07-10T04:14:56Z</timestamp>
<contributor>
<username>MalafayaBot</username>
<id>628</id>
</contributor>
<minor />
<comment>Robô: Substituição de texto automática (-^\=\s?Português\s?\= +={{-pt-}}= &amp; -^\=\s?\{\{pt\}\}\s?\= +={{-pt-}}=)</comment>
<model>wikitext</model>
<format>text/x-wiki</format>
<text bytes="163" xml:space="preserve">={{-pt-}}=
==Forma de substantivo==
{{paroxítona|pa|ca|ças}}
# plural de [[pacaça]]
==Anagramas==
# [[caçapa]]s
[[Categoria:Forma de substantivo (Português)]]</text>
<sha1>1ue35v0nbann5pajdb6aekrfch9y561</sha1>
</revision>
</page>
