<page>
<page>
<title>Pacajá</title>
<ns>0</ns>
<id>143044</id>
<revision>
<id>2276113</id>
<parentid>1197847</parentid>
<timestamp>2017-04-26T23:14:02Z</timestamp>
<contributor>
<username>HydrizBot</username>
<id>29590</id>
</contributor>
<minor />
<comment>Robô: A limpar links interwikis antigos</comment>
<model>wikitext</model>
<format>text/x-wiki</format>
<text bytes="241" xml:space="preserve">={{-pt-}}=
{{Wikipédia}}
==Substantivo==
'''Pacajá''' {{pr}}
#[[município]] [[brasileiro]] do [[estado]] do [[Pará]]
==Ver também==
*[[Apêndice:Municípios do estado do Pará]]
[[Categoria:Município do estado do Pará (Português)]]</text>
<sha1>70f2chhxfjjo3jyqctev4ay150ny51y</sha1>
</revision>
