<page>
<title>pacapeua</title>
<ns>0</ns>
<id>32624</id>
<revision>
<id>2653759</id>
<parentid>1442266</parentid>
<timestamp>2021-11-30T08:34:42Z</timestamp>
<contributor>
<username>ValJor</username>
<id>1358</id>
</contributor>
<comment>Trocando escopo por escopo2</comment>
<model>wikitext</model>
<format>text/x-wiki</format>
<text bytes="559" xml:space="preserve">={{-pt-}}=
==Substantivo==
{{flex.pt|fs=pacapeua|fp=pacapeuas}}
{{paroxítona|pa|ca|peu|a}}, {{gramática|f}}
# {{escopo2|Angiospermas}} [[árvore]] (''Swartzia racemosa'') da família das [[leguminosa]]s, subfamília papilionoídea, nativa da Amazônia, de folhas unifolioladas, flores em racemos e vagens grossas; a madeira é útil para construção e carpintaria e a casca é usado em curtume
==={{-varort-}}===
* [[pacapeuá]]
=={{etimologia|pt}}==
{{llietimo|tu|paka'pewa|pt}}
[[Categoria:Substantivo (Português)]]
[[Categoria:Árvore (Português)]]</text>
<sha1>kz3fodde8bym1zllm2i4tjr3l1nt9l9</sha1>
</revision>
</page>
