<page>
<title>Pacajus</title>
<ns>0</ns>
<id>137996</id>
<revision>
<id>2276112</id>
<parentid>1196133</parentid>
<timestamp>2017-04-26T23:14:00Z</timestamp>
<contributor>
<username>HydrizBot</username>
<id>29590</id>
</contributor>
<minor />
<comment>Robô: A limpar links interwikis antigos</comment>
<model>wikitext</model>
<format>text/x-wiki</format>
<text bytes="244" xml:space="preserve">={{-pt-}}=
{{Wikipédia}}
==Substantivo==
'''Pacajus''' {{pr}}
#[[município]] [[brasileiro]] do [[estado]] do [[Ceará]]
==Ver também==
*[[Apêndice:Municípios do estado do Ceará]]
[[Categoria:Município do estado do Ceará (Português)]]</text>
<sha1>rdm57l3f4jdh4a3jc5pnn8k37eszk8d</sha1>
</revision>
</page>
