<page>
<page>
<title>pacaembuense</title>
<ns>0</ns>
<id>394044</id>
<revision>
<id>2492223</id>
<parentid>2490355</parentid>
<timestamp>2018-03-31T03:42:39Z</timestamp>
<contributor>
<username>MIL973</username>
<id>41339</id>
</contributor>
<model>wikitext</model>
<format>text/x-wiki</format>
<text bytes="548" xml:space="preserve">={{-pt-}}=
==Adjetivo==
{{flex.pt|s=pacaembuense|p=pacaembuenses}}
{{paroxítona|pa|ca|em|bu|en|se}}, {{gramática|c2g}}
# {{escopo|pt|Gentílico}} de [[Pacaembu]], cidade paulista
==Substantivo==
{{flex.pt|s=pacaembuense|p=pacaembuenses}}
{{paroxítona|pa|ca|em|bu|en|se}}, {{gramática|c2g}}
# {{escopo|pt|Gentílico}} natural de Pacaembu ou seu habitante
=={{etimologia|pt}}==
: {{escopo|Morfologia}} De [[Pacaembu]] + [[-ense]].
==Ligações externas==
* {{Aulete}}
[[Categoria:Adjetivo (Português)]]
[[Categoria:Substantivo (Português)]]</text>
<sha1>dyxwvs0qtv9am0mic4qjurxpgucgps0</sha1>
</revision>
