<page>
<page>
<title>pacemaker</title>
<ns>0</ns>
<id>393187</id>
<revision>
<id>2611683</id>
<parentid>2486781</parentid>
<timestamp>2021-01-31T09:26:09Z</timestamp>
<contributor>
<username>Marxav</username>
<id>73271</id>
</contributor>
<minor />
<comment>AFI Portugal</comment>
<model>wikitext</model>
<format>text/x-wiki</format>
<text bytes="229" xml:space="preserve">={{-pt-}}=
==Substantivo==
'''''pacemaker''''', {{gramática|m}}
# {{escopo|pt|estrangeirismo}} ver [[marca-passo]]
=={{pronúncia|pt}}==
===Portugal===
* AFI: {{AFI|/pɐj.sˈmɐj.kɐɾ/}}
[[Categoria:Substantivo (Português)]]</text>
<sha1>3y2mu8njjh4fet1igi30o2z9qjr2brb</sha1>
</revision>
