<page>
<page>
<title>pachouchice</title>
<ns>0</ns>
<id>442301</id>
<revision>
<id>2669863</id>
<parentid>2669860</parentid>
<timestamp>2022-04-01T16:42:00Z</timestamp>
<contributor>
<username>Cpls</username>
<id>20608</id>
</contributor>
<model>wikitext</model>
<format>text/x-wiki</format>
<text bytes="349" xml:space="preserve">={{-pt-}}=
==Substantivo==
{{flex.gl|fs=pachouchice|fp=pachouchices}}
{{paroxítona|pa|chou|chi|ce}}, {{g|f}}
# {{escopo|pt|Trás-os-Montes}} [[parvoíce]], disparate, [[pachochada]], tolice
===Sinónimo===
* [[pachouchada]]
=={{etimologia|gl}}==
: {{escopo|Morfologia}} De ''[[pachoucha]]'' + ''[[-ice]]''.
[[Categoria:Substantivo (Português)]]</text>
<sha1>1kbhx96xnh7mpba0anchb1apsplma7w</sha1>
</revision>
