<page>
<page>
<title>pachacha</title>
<ns>0</ns>
<id>348759</id>
<revision>
<id>2050903</id>
<parentid>2048968</parentid>
<timestamp>2015-12-24T14:47:19Z</timestamp>
<contributor>
<username>Jéssica S. Ciqueira</username>
<id>53180</id>
</contributor>
<model>wikitext</model>
<format>text/x-wiki</format>
<text bytes="311" xml:space="preserve">={{-pt-}}=
==Substantivo==
{{flex.pt|fs=pachacha|fp=pachachas}}
{{paroxítona|pa|cha|cha}}, {{f}}
# [[parte]]s [[genital|genitais]] da [[mulher]]
===Sinônimos===
* De '''1''': vide lista de sinônimos em ''[[Wikisaurus:buceta]]''.
[[Categoria:Substantivo (Português)]]
[[Categoria:Sexualidade (Português)]]</text>
<sha1>daifql9uinnk6yfsldw6jux1i3gs7cm</sha1>
</revision>
