<page>
<title>Pachecos</title>
<ns>0</ns>
<id>321529</id>
<revision>
<id>2448547</id>
<parentid>2211289</parentid>
<timestamp>2017-09-10T01:31:39Z</timestamp>
<contributor>
<username>MIL973</username>
<id>41339</id>
</contributor>
<model>wikitext</model>
<format>text/x-wiki</format>
<text bytes="184" xml:space="preserve">={{-pt-}}=
==Forma de substantivo==
{{paroxítona|Pa|che|cos}}, {{gramática|pr|c2gp}}
# plural de [[Pacheco]]
{{avi-for-fle|Pacheco}}
[[Categoria:Forma de substantivo (Português)]]</text>
<sha1>6768q4581722u6i05c63okgpz27n5h8</sha1>
</revision>
</page>
