<page>
<page>
<title>Pacheco</title>
<ns>0</ns>
<id>92719</id>
<revision>
<id>2537906</id>
<parentid>2448546</parentid>
<timestamp>2019-03-04T12:23:15Z</timestamp>
<contributor>
<username>Cpls</username>
<id>20608</id>
</contributor>
<model>wikitext</model>
<format>text/x-wiki</format>
<text bytes="411" xml:space="preserve">{{ver também|pacheco}}
={{-pt-}}=
==Substantivo&lt;sup&gt;1&lt;/sup&gt;==
{{flex.pt|s=Pacheco|p=Pachecos}}
{{paroxítona|Pa|che|co}}, {{gramática|pr|c2g}}
# {{escopo|pt|Antropônimo}} [[Apêndice:Sobrenomes em português|sobrenome]] comum em português
==Substantivo&lt;sup&gt;2&lt;/sup&gt;==
{{paroxítona|Pa|che|co}}, {{gramática|pr|m}}
# [[personagem]] de [[w:Os Lusíadas|Os Lusíadas]]
[[Categoria:Substantivo (Português)]]</text>
<sha1>ok8e9ti7wx9eefj22qjflv0rx3xgtv3</sha1>
</revision>
