<page>
<page>
<title>pachoco</title>
<ns>0</ns>
<id>443069</id>
<revision>
<id>2673580</id>
<parentid>2673576</parentid>
<timestamp>2022-04-17T17:19:32Z</timestamp>
<contributor>
<username>Cpls</username>
<id>20608</id>
</contributor>
<comment>/* {{-gl-}} */</comment>
<model>wikitext</model>
<format>text/x-wiki</format>
<text bytes="481" xml:space="preserve">={{-gl-}}=
==Adjetivo==
{{flex.gl|ms=pachoco|mp=pachocos|fs=pachoca|fp=pachocas}}
{{paroxítona|pa|cho|co|lang=gl}}
# [[pachorrento]], pausado, fleumático, [[indolente]], sem disposição para fazer qualquer coisa, parado no obrar
===Sinónimos===
* Vide em [[pachão#{{gl}}|pachão]]
=={{etimologia|gl}}==
: Talvez da mesma origem que ''[[pachorra#{{gl}}|pachorra]]''. Confronte-se com ''[[pajó#{{gl}}|pajó]]'' e ''[[pajoco#{{gl}}|pajoco]]''.
[[Categoria:Adjetivo (Galego)]]</text>
<sha1>q589dgwvyypw059kc3a3jznxfotrp9a</sha1>
</revision>
