<page>
<page>
<title>Pacho</title>
<ns>0</ns>
<id>407564</id>
<revision>
<id>2537897</id>
<timestamp>2019-03-04T12:03:52Z</timestamp>
<contributor>
<username>Cpls</username>
<id>20608</id>
</contributor>
<comment>[[Ajuda:Guia de edição/Menus e ferramentas/Sumário de edição|→]] nova página: ={{-gl-}}= ==Substantivo== {{flex.gl|ms=Pacho|mp=Pachos}} {{paroxítona|Pa|cho|lang=gl}}, {{g|m|pr|lang=gl}}...</comment>
<model>wikitext</model>
<format>text/x-wiki</format>
<text bytes="226" xml:space="preserve">={{-gl-}}=
==Substantivo==
{{flex.gl|ms=Pacho|mp=Pachos}}
{{paroxítona|Pa|cho|lang=gl}}, {{g|m|pr|lang=gl}}
# [[hipocorístico]] do prenome [[Francisco]]
[[Categoria:Antropônimo (Galego)]]
[[Categoria:Substantivo (Galego)]]</text>
<sha1>5pwu1b2aovu8407nxu69c4gzmwezlzz</sha1>
</revision>
