<page>
<title>pachão</title>
<ns>0</ns>
<id>435095</id>
<revision>
<id>2639162</id>
<timestamp>2021-06-20T08:45:04Z</timestamp>
<contributor>
<username>Cpls</username>
<id>20608</id>
</contributor>
<comment>[[Ajuda:Guia de edição/Menus e ferramentas/Sumário de edição|→]] nova página: ={{-gl-}}= ==Adjetivo&lt;sup&gt;1&lt;/sup&gt;== {{flex.gl|ms=pachão|mp=pachões|fs=pachona|fp=pachonas}} {{oxítona|pa|c...</comment>
<model>wikitext</model>
<format>text/x-wiki</format>
<text bytes="1516" xml:space="preserve">={{-gl-}}=
==Adjetivo&lt;sup&gt;1&lt;/sup&gt;==
{{flex.gl|ms=pachão|mp=pachões|fs=pachona|fp=pachonas}}
{{oxítona|pa|chão|lang=gl}}
# [[pachorrento]], pausado, fleumático, [[indolente]], sem disposição para fazer qualquer coisa, parado no obrar
# que é [[gordo]], grosso, aplicado a pessoas e animais
# [[corpulento]]
===Sinónimos===
* De '''1''': [[pachoco#{{gl}}|pachoco]], [[pacholo#{{gl}}|pacholo]], [[pachorro#{{gl}}|pachorro]], [[pachorreiro#{{gl}}|pachorreiro]], [[pachorrento#{{gl}}|pachorrento]], [[pachoso#{{gl}}|pachoso]]
==={{pronúncia|gl}}===
* [[AFI]]: /pa.'t͡ʃ'''o'''ŋ/
==Adjetivo&lt;sup&gt;2&lt;/sup&gt;==
{{flex.gl|ms=pachão|mp=pachães|fs=pachana|fp=pachanas}}
{{oxítona|pa|chão|lang=gl}}
# que é [[gordo]], grosso, aplicado a pessoas e animais
# [[corpulento]]
==Substantivo==
{{flex.gl|ms=pachão|mp=pachães}}
{{oxítona|pa|chão|lang=gl}}, {{g|m}}
# {{escopo|gl|Mamífero}}  [[falsa-orca]] (''[[species:Pseudorca crassidens|Pseudorca crassidens]]'')
# {{escopo|gl|Peixe}} [[goraz]] (''[[species:Pagellus bogaraveo|Pagellus bogaraveo]]'')
===Sinónimos===
* De '''1''': [[falsa-candorca#{{gl}}|falsa-candorca]], [[negrão#{{gl}}|negrão]]
* de '''2''': [[olhomol#{{gl}}|olhomol]]
==={{etimologia|gl}}===
: Talvez da mesma origem que ''[[pancha#{{gl}}|pancha]]'', ''[[pancho#{{gl}}|pancho]]'', ''[[pachorra#{{gl}}|pachorra]]''. Confronte-se com ''[[paxó#{{gl}}|paxó]]''.
==={{pronúncia|gl}}===
* [[AFI]]: /pa.'t͡ʃ'''a'''ŋ/
[[Categoria:Adjetivo (Galego)]]
[[Categoria:Substantivo (Galego)]]</text>
<sha1>7hchunjz7f5qtst71opk62ibikj1ivu</sha1>
</revision>
</page>
