<page>
<page>
<title>pacheca</title>
<ns>0</ns>
<id>407566</id>
<revision>
<id>2537900</id>
<timestamp>2019-03-04T12:16:48Z</timestamp>
<contributor>
<username>Cpls</username>
<id>20608</id>
</contributor>
<comment>[[Ajuda:Guia de edição/Menus e ferramentas/Sumário de edição|→]] nova página: ={{-gl-}}= ==Substantivo== {{flex.gl|fs=pacheca|fp=pachecas}} {{paroxítona|pa|che|ca|lang=gl}}, {{g|f|lang=g...</comment>
<model>wikitext</model>
<format>text/x-wiki</format>
<text bytes="290" xml:space="preserve">={{-gl-}}=
==Substantivo==
{{flex.gl|fs=pacheca|fp=pachecas}}
{{paroxítona|pa|che|ca|lang=gl}}, {{g|f|lang=gl}}
# [[chatice]], incomodo, moléstia
=={{etimologia|gl}}==
: Confronte-se com ''[[pacheco#{{gl}}|pacheco]]'' e ''[[empacho#{{gl}}|empacho]]''.
[[Categoria:Substantivo (Galego)]]</text>
<sha1>5wrtcfdqt19vuykol80x7pz31amv5c0</sha1>
</revision>
