<page>
<title>pachoucha</title>
<ns>0</ns>
<id>442300</id>
<revision>
<id>2669867</id>
<parentid>2669864</parentid>
<timestamp>2022-04-01T16:51:03Z</timestamp>
<contributor>
<username>Cpls</username>
<id>20608</id>
</contributor>
<comment>/* {{-pt-}} */</comment>
<model>wikitext</model>
<format>text/x-wiki</format>
<text bytes="403" xml:space="preserve">={{-pt-}}=
==Substantivo==
{{flex.pt|fs=pachoucha|fp=pachouchas}}
{{paroxítona|pa|chou|cha}}, {{g|f}}
# {{escopo|pt|Trás-os-Montes|Sexualidade}} [[vulva]], [[pachacha]], [[parte]]s [[genital|genitais]] femininas
===Verbetes derivados===
* [[pachouchada]]
* [[pachouchice]]
=={{etimologia|pt}}==
: Da mesma origem que [[pachacha]] ou que o galego [[pachocha]].
[[Categoria:Substantivo (Português)]]</text>
<sha1>b0r58qyrycvopovlgwcf6yxsru9klnw</sha1>
</revision>
</page>
