<page>
<title>pachuco</title>
<ns>0</ns>
<id>407568</id>
<revision>
<id>2537903</id>
<timestamp>2019-03-04T12:22:31Z</timestamp>
<contributor>
<username>Cpls</username>
<id>20608</id>
</contributor>
<comment>[[Ajuda:Guia de edição/Menus e ferramentas/Sumário de edição|→]] nova página: {{ver também|Pachuco}}  ={{-gl-}}= ==Adjetivo== {{flex.gl|ms=pachuco|mp=pachucos|fs=pachuca|fp=pachucas}} {{...</comment>
<model>wikitext</model>
<format>text/x-wiki</format>
<text bytes="407" xml:space="preserve">{{ver também|Pachuco}}
={{-gl-}}=
==Adjetivo==
{{flex.gl|ms=pachuco|mp=pachucos|fs=pachuca|fp=pachucas}}
{{paroxítona|pa|chu|co|lang=gl}}
# qualifica carinhosamente uma [[criança]] [[boa]], afável
===Sinónimos===
* [[pachuqueiro#{{gl}}|pachuqueiro]], [[pachuquinho#{{gl}}|paschuquinho]]
=={{etimologia|gl}}==
: Confronte-se com ''[[apachucar#{{gl}}|apachucar]]''.
[[Categoria:Substantivo (Galego)]]</text>
<sha1>rohkz2cp2uvpf9j290kr3q6g72a0rsl</sha1>
</revision>
</page>
