<page>
<page>
<title>pachorreiro</title>
<ns>0</ns>
<id>418202</id>
<revision>
<id>2569228</id>
<timestamp>2020-01-01T11:07:23Z</timestamp>
<contributor>
<username>Cpls</username>
<id>20608</id>
</contributor>
<comment>[[Ajuda:Guia de edição/Menus e ferramentas/Sumário de edição|→]] nova página: ={{-gl-}}= ==Adjetivo== {{flex.gl|ms=pachorreiro|mp=pachorreiros|fs=pachorreira|fp=pachorreiras}} {{paroxíto...</comment>
<model>wikitext</model>
<format>text/x-wiki</format>
<text bytes="425" xml:space="preserve">={{-gl-}}=
==Adjetivo==
{{flex.gl|ms=pachorreiro|mp=pachorreiros|fs=pachorreira|fp=pachorreiras}}
{{paroxítona|pa|chor|rei|ro|lang=gl}}
# [[indolente]], calmoso
==={{-varort-}}===
* [[pachurreiro#{{gl}}|pachurreiro]]
===Sinónimos===
* vide em ''[[pachorro#{{gl}}|pachorro]]''.
=={{etimologia|gl}}==
:{{escopo|Morfologia}} De ''[[pachorra#{{gl}}|pachorra]]'' + ''[[-eiro#{{gl}}|-eiro]]''.
[[Categoria:Adjetivo (Galego)]]</text>
<sha1>81r6obayptuoivtlvdywa7p6v5xtg8h</sha1>
</revision>
