<page>
<title>pacholice</title>
<ns>0</ns>
<id>135654</id>
<revision>
<id>2089201</id>
<parentid>1480901</parentid>
<timestamp>2016-04-17T11:22:09Z</timestamp>
<contributor>
<username>ValJor</username>
<id>1358</id>
</contributor>
<comment>Um verbete a menos usando a [[Predefinição:flex.pt.feminino|predefinição flex.pt.feminino]]</comment>
<model>wikitext</model>
<format>text/x-wiki</format>
<text bytes="185" xml:space="preserve">={{-pt-}}=
==Substantivo==
{{flex.pt|fs=pacholice|fp=pacholices}}
{{paroxítona|pa|cho|li|ce}} {{f}}
# ato ou dito de [[pachola]]; [[pacholismo]]
[[Categoria:Substantivo (Português)]]</text>
<sha1>1qh7rhrh00c53l1ai0cbt1gvqj3l1qi</sha1>
</revision>
</page>
