<page>
<page>
<title>pacholo</title>
<ns>0</ns>
<id>418205</id>
<revision>
<id>2569231</id>
<timestamp>2020-01-01T11:07:59Z</timestamp>
<contributor>
<username>Cpls</username>
<id>20608</id>
</contributor>
<comment>[[Ajuda:Guia de edição/Menus e ferramentas/Sumário de edição|→]] nova página: ={{-gl-}}= ==Adjetivo== {{flex.gl|ms=pacholo|mp=pacholos|fs=pachola|fp=pacholas}} {{paroxítona|pa|cho|lo|lan...</comment>
<model>wikitext</model>
<format>text/x-wiki</format>
<text bytes="319" xml:space="preserve">={{-gl-}}=
==Adjetivo==
{{flex.gl|ms=pacholo|mp=pacholos|fs=pachola|fp=pacholas}}
{{paroxítona|pa|cho|lo|lang=gl}}
# [[lento]] nos seus movimentos
=={{etimologia|gl}}==
: Confronte-se com ''[[pachorro#{{gl}}|pachorro]]'', ''[[pajolo#{{gl}}|pajolo]]'' e ''[[empacho#{{gl}}|empacho]]''.
[[Categoria:Adjetivo (Galego)]]</text>
<sha1>t4s8hp8ffgtcaiwxn66itytu0s154cy</sha1>
</revision>
