<page>
<page>
<title>pachto</title>
<ns>0</ns>
<id>288119</id>
<revision>
<id>2384772</id>
<parentid>1431800</parentid>
<timestamp>2017-05-05T21:31:46Z</timestamp>
<contributor>
<username>HydrizBot</username>
<id>29590</id>
</contributor>
<minor />
<comment>Robô: A limpar links interwikis antigos</comment>
<model>wikitext</model>
<format>text/x-wiki</format>
<text bytes="537" xml:space="preserve">{{Wikipédia}}
{{grafiaPtbr|pastó}}
={{-pt-}}=
==Substantivo==
{{flex.pt|ms=pachto|mp=-}}
{{paroxítona|pach|to}}
# [[língua]] falada no [[Afeganistão]]
==={{-varort-}}===
{{verTambém.Ini}}
* [[pashto]]
* [[pashtoe]]
{{verTambém.NovaColuna}}
* [[pashtu]]
* [[pashtun]]
{{verTambém.NovaColuna}}
* [[pukhto]]
* [[pushto]]
{{verTambém.NovaColuna}}
* [[pushtu]]
* [[pushtun]]
{{verTambém.Fim}}
==Ver também==
===No Wikcionário===
* [[:Categoria:Pashtu]]
[[Categoria:Substantivo (Português)]]
[[Categoria:Língua (Português)]]</text>
<sha1>ct3hdfq6y3v6dcann293fg0nj0eav3s</sha1>
</revision>
