<page>
<page>
<title>pachurro</title>
<ns>0</ns>
<id>430850</id>
<revision>
<id>2623439</id>
<parentid>2623438</parentid>
<timestamp>2021-02-13T16:36:48Z</timestamp>
<contributor>
<username>Cpls</username>
<id>20608</id>
</contributor>
<comment>/* Sinónimo */</comment>
<model>wikitext</model>
<format>text/x-wiki</format>
<text bytes="730" xml:space="preserve">={{-gl-}}=
==Substantivo==
{{flex.gl|ms=pachurro|mp=pachurros}}
{{paroxítona|pa|chur|ro|lang=gl}}, {{g|m}}
# {{escopo|gl|Ave}} [[zarro-comum]] (''[[species:Aythya ferina|Aythya ferina]]'')
# {{escopo|gl|Ave}} [[zarro-negrinho]] (''[[species:Aythya fuligula|Aythya fuligula]]'')
===Sinónimo===
* De '''1''': Vide em [[parrulo-comum#{{gl}}|parrulo-comum]]
* De '''2''': Vide em [[parrulo-cristado#{{gl}}|parrulo-cristado]]
=={{etimologia|gl}}==
: Confronte-se com ''[[pachorro#{{gl}}|pachorro]]'' e ''[[parrulo#{{gl}}|parrulo]]''.
==Referência==
* [https://www.academia.edu/7570169/Os_nomes_galegos_das_aves CERRADELO, Silverio. Os nomes galegos das aves. Ourense: Edición do autor, 2015.]
[[Categoria:Substantivo (Galego)]]</text>
<sha1>c3djgcu8dv51u100ix1ijybmsndngus</sha1>
</revision>
