<page>
<title>pachim</title>
<ns>0</ns>
<id>407620</id>
<revision>
<id>2538031</id>
<parentid>2538029</parentid>
<timestamp>2019-03-05T10:30:56Z</timestamp>
<contributor>
<username>Cpls</username>
<id>20608</id>
</contributor>
<model>wikitext</model>
<format>text/x-wiki</format>
<text bytes="307" xml:space="preserve">{{ver também|Pachim}}
={{-gl-}}=
==Substantivo==
{{flex.gl|ms=pachim|mp=pachins}}
{{oxítona|pa|chim|lang=gl}}, {{g|m|lang=gl}}
# {{escopo|gl|Telheiros}} [[testículo]]
=={{etimologia|gl}}==
: Confronte-se com ''[[pacha#{{gl}}|pacha]]'' e ''[[pachir#{{gl}}|pachir]]''.
[[Categoria:Substantivo (Galego)]]</text>
<sha1>piapk5vr5puipli9rr7h9kcnbqndrcm</sha1>
</revision>
</page>
