<page>
<title>Pachuco</title>
<ns>0</ns>
<id>407567</id>
<revision>
<id>2537902</id>
<timestamp>2019-03-04T12:22:06Z</timestamp>
<contributor>
<username>Cpls</username>
<id>20608</id>
</contributor>
<comment>[[Ajuda:Guia de edição/Menus e ferramentas/Sumário de edição|→]] nova página: {{ver também|pachuco}}  ={{-gl-}}= ==Substantivo== {{flex.gl|ms=Pachuco|mp=Pachucos}} {{paroxítona|Pa|chu|c...</comment>
<model>wikitext</model>
<format>text/x-wiki</format>
<text bytes="363" xml:space="preserve">{{ver também|pachuco}}
={{-gl-}}=
==Substantivo==
{{flex.gl|ms=Pachuco|mp=Pachucos}}
{{paroxítona|Pa|chu|co|lang=gl}}, {{g|m|pr|lang=gl}}
# [[hipocorístico]] do prenome [[Francisco]]
=={{etimologia|gl}}==
: {{escopo|Morfologia}} De ''[[Pacho#{{gl}}|Pacho]]'' + ''[[-uco#{{gl}}|-uco]]''.
[[Categoria:Antropônimo (Galego)]]
[[Categoria:Substantivo (Galego)]]</text>
<sha1>039sfsxqdodv4100mf0dii3q548enbr</sha1>
</revision>
</page>
