<page>
<title>pachins</title>
<ns>0</ns>
<id>407624</id>
<revision>
<id>2538035</id>
<timestamp>2019-03-05T10:56:05Z</timestamp>
<contributor>
<username>Cpls</username>
<id>20608</id>
</contributor>
<comment>[[Ajuda:Guia de edição/Menus e ferramentas/Sumário de edição|→]] nova página: ={{-gl-}}= ==Forma de substantivo== {{flex.gl|ms=pachim|mp=pachins}} {{oxítona|pa|chins|lang=gl}}, {{g|m|lan...</comment>
<model>wikitext</model>
<format>text/x-wiki</format>
<text bytes="320" xml:space="preserve">={{-gl-}}=
==Forma de substantivo==
{{flex.gl|ms=pachim|mp=pachins}}
{{oxítona|pa|chins|lang=gl}}, {{g|m|lang=gl}}
# {{escopo|gl|Telheiros}} [[testículo]]s
===Expressão===
* [[de pachins#{{gl}}|de pachins]]
=={{etimologia|gl}}==
: Plural de ''[[pachim#{{gl}}|pachim]]''.
[[Categoria:Forma de substantivo (Galego)]]</text>
<sha1>n34ju7j8br23q70yz6mlkasuodgtvbw</sha1>
</revision>
</page>
