<page>
<title>pachir</title>
<ns>0</ns>
<id>407621</id>
<revision>
<id>2538030</id>
<timestamp>2019-03-05T10:28:23Z</timestamp>
<contributor>
<username>Cpls</username>
<id>20608</id>
</contributor>
<comment>[[Ajuda:Guia de edição/Menus e ferramentas/Sumário de edição|→]] nova página: ={{-gl-}}= ==Verbo== {{oxítona|pa|chir|lang=gl}} # {{escopo|gl|cesteiros}} [[fornicar]]  =={{etimologia|gl}}...</comment>
<model>wikitext</model>
<format>text/x-wiki</format>
<text bytes="219" xml:space="preserve">={{-gl-}}=
==Verbo==
{{oxítona|pa|chir|lang=gl}}
# {{escopo|gl|cesteiros}} [[fornicar]]
=={{etimologia|gl}}==
: Confronte-se com ''[[pacha#{{gl}}|pacha]]'' e ''[[pachim#{{gl}}|pachim]]''.
[[Categoria:Verbo (Galego)]]</text>
<sha1>ndq0tz4zs0u6rbprhzi7exxcctfntve</sha1>
</revision>
</page>
