<page>
<title>pacha</title>
<ns>0</ns>
<id>407584</id>
<revision>
<id>2537963</id>
<parentid>2537956</parentid>
<timestamp>2019-03-04T20:33:22Z</timestamp>
<contributor>
<username>Amigo7</username>
<id>58547</id>
</contributor>
<comment>Nova secção: -pl-</comment>
<model>wikitext</model>
<format>text/x-wiki</format>
<text bytes="1011" xml:space="preserve">={{-gl-}}=
==Substantivo&lt;sup&gt;1&lt;/sup&gt;==
{{flex.gl|fs=pacha|fp=pachas}}
{{paroxítona|pa|cha|lang=gl}}, {{g|f|lang=gl}}
# {{escopo|gl|Jogo}} [[raia]] usada no jogo dos [[berlinde]]s ou do [[pião]]
==Substantivo&lt;sup&gt;2&lt;/sup&gt;==
{{flex.gl|fs=pacha|fp=pachas}}
{{paroxítona|pa|cha|lang=gl}}, {{g|f|lang=gl}}
# {{escopo|gl|Canteiros}} [[vulva]], [[genital|genitais]] da [[mulher]]
==={{etimologia|gl}}===
: Confronte-se com [[pachacha]] e ''[[pachir#{{gl}}|pachir]]''.
==Substantivo&lt;sup&gt;3&lt;/sup&gt;==
{{flex.gl|fs=pacha|fp=pachas}}
{{paroxítona|pa|cha|lang=gl}}, {{g|f|lang=gl}}
# {{escopo|gl|Telheiros}} [[calma]], paciência, lentidão
# {{escopo|gl|Telheiros}} [[largueza]], suficiência de espaço
==={{etimologia|gl}}===
: Confronte-se com [[pachorra]].
[[Categoria:Substantivo (Galego)]]
[[Categoria:Sexualidade (Galego)]]
={{-pl-}}=
==Substantivo==
{{paroxítona|pa|cha|lang=pl}}
# {{escopo|pl|Anatomia}} [[sovaco]]
===Sinônimos===
* {{link idioma|dół pachowy|pl}}
[[Categoria:Substantivo (Polonês)]]</text>
<sha1>qocv842nhh5s479ly5j0y6v6vznnl4a</sha1>
</revision>
</page>
