<page>
<title>pachocho</title>
<ns>0</ns>
<id>383250</id>
<revision>
<id>2447879</id>
<parentid>2447878</parentid>
<timestamp>2017-09-06T07:10:22Z</timestamp>
<contributor>
<username>Askekamo</username>
<id>60711</id>
</contributor>
<model>wikitext</model>
<format>text/x-wiki</format>
<text bytes="247" xml:space="preserve">={{-pt-}}=
==Substantivo==
{{flex.pt|ms=pachocho|mp=pachochos}}
{{paroxítona|pa|cho|cho}}, {{gramática|m}}
# [[vulva]]
===Sinônimos===
* De '''1''': vide lista de sinônimos em ''[[Wikisaurus:buceta]]''.
[[Categoria:Substantivo (Português)]]</text>
<sha1>fqyc5hd9e8368hy4as3aad9fo0y2sy2</sha1>
</revision>
</page>
