<page>
<title>paciente</title>
<ns>0</ns>
<id>57078</id>
<revision>
<id>2498513</id>
<parentid>2474826</parentid>
<timestamp>2018-04-24T19:28:58Z</timestamp>
<contributor>
<username>Tribuno da Plebe</username>
<id>16095</id>
</contributor>
<comment>/* {{-pt-}} */</comment>
<model>wikitext</model>
<format>text/x-wiki</format>
<text bytes="686" xml:space="preserve">={{-pt-}}=
==Adjetivo==
{{flex.pt|s=paciente|p=pacientes}}
{{paroxítona|pa|ci|en|te}}, {{g|c2g}}
# [[dotado]] de [[paciência]]
# [[resignado]]
# [[sofredor]]
==Substantivo==
{{paroxítona|pa|ci|en|te}}, {{g|c2g}}
# {{escopo|pt|medicina}} [[pessoa]] que está sob [[cuidado]]s [[médico]]s
# {{escopo|pt|direito}} pessoa em favor de quem se impetra [[habeas corpus]]
===Tradução===
{{tradini}}
* {{t|zh|患者||huànzhě}}
* {{trad|en|patient}}
{{tradmeio}}
* {{t|ja|患者||kanja}}
* {{trad|mwl|padeciente}}
{{tradfim}}
=={{etimologia|pt}}==
{{llietimo|la|patiens|pt|ponto=não}} (doente; apaixonado).
[[Categoria:Adjetivo (Português)]]
[[Categoria:Substantivo (Português)]]</text>
<sha1>c4a6vk1edtmimme22lr5mk3yvvzv4qs</sha1>
</revision>
</page>
