<page>
<page>
<title>pacificar</title>
<ns>0</ns>
<id>54371</id>
<revision>
<id>2611678</id>
<parentid>2384775</parentid>
<timestamp>2021-01-31T09:25:19Z</timestamp>
<contributor>
<username>Marxav</username>
<id>73271</id>
</contributor>
<minor />
<comment>AFI Portugal</comment>
<model>wikitext</model>
<format>text/x-wiki</format>
<text bytes="229" xml:space="preserve">={{-pt-}}=
==Verbo==
'''pa.ci.fi.car''' 
# ([[transitivo]])
## [[pôr]] [[em]] [[paz]]
## [[apaziguar]]
## [[tranquilizar]]
=={{pronúncia|pt}}==
===Portugal===
* AFI: {{AFI|/pɐ.si.fi.ˈkaɾ/}}
[[Categoria:Verbo (Português)]]</text>
<sha1>ldft0nqi49tj9g17no6juqvc8h22doq</sha1>
</revision>
