<page>
<title>pacifier</title>
<ns>0</ns>
<id>225256</id>
<revision>
<id>2384776</id>
<parentid>2198089</parentid>
<timestamp>2017-05-05T21:32:03Z</timestamp>
<contributor>
<username>HydrizBot</username>
<id>29590</id>
</contributor>
<minor />
<comment>Robô: A limpar links interwikis antigos</comment>
<model>wikitext</model>
<format>text/x-wiki</format>
<text bytes="5123" xml:space="preserve">={{-fr-}}=
==Verbo==
'''pa.ci.fier''', {{gramática|vt}}
# [[pacificar]], [[apaziguar]], [[acalmar]]
===Conjugação===
{{conj.fr.er|pacifi}}
===Sinônimos===
* {{link preto|apaiser|fr}}
===Verbetes derivados===
{{verTambém.Ini}}
* {{link preto|pacificateur}}
* {{link preto|pacification|fr}}
{{verTambém.Fim}}
=={{etimologia|fr}}==
{{llietimo|la|pacificare|fr|ponto=não}}, infinitivo ativo de {{etimo|la|pacifico}}.
:* '''Datação''': [[w:1250|1250]]
=={{pronúncia|fr}}==
* [[AFI]]: {{AFI|/pa.si.fje/|fr}}
* [[X-SAMPA]]: /pa.si.fje/
===Homófonos===
{{fraseini|Homófonos de ''pacifier''}}
* {{link preto|pacifiai}}
* {{link preto|pacifié}}
{{verTambém.NovaColuna|34}}
* {{link preto|pacifiée}}
* {{link preto|pacifiées}}
{{verTambém.NovaColuna|33}}
* {{link preto|pacifiés}}
* {{link preto|pacifiez}}
{{frasefim}}
==Ver também==
===No Wikcionário===
{{verTambém.Ini}}
* {{link preto|calmer|fr}}
* [[paix]]
{{verTambém.NovaColuna|50}}
* {{link preto|pacifique}}
* {{link preto|pacifiste|fr}}
{{verTambém.Fim}}
===Referências===
{{verTambém.Ini}}
* [http://www.les-verbes.com/conjuguer.php?verbe=pacifier conjugação de ''pacifier'' no Les Verbes (em francês)]
* [http://www.cnrtl.fr/definition/{{PAGENAME}}/1 ''{{PAGENAME}}'' no CNRTL (em francês)]
* [http://michaelis.uol.com.br/escolar/frances/index.php?lingua=frances-portugues&amp;palavra=pacifier ''pacifier'' no Dicionário Escolar Francês (Michaelis)]
* [http://www.larousse.fr/dictionnaires/francais-anglais/pacifier ''pacifier'' no Dictionnaire Anglais-Français Larousse (em francês)]
{{verTambém.Fim}}
[[Categoria:Verbo (Francês)]]
[[Categoria:Polissílabo (Francês)]]
[[Categoria:Século XIII (Francês)]]
[[Categoria:Cognato (Francês)]]
={{-en-}}=
{{Wikipédia|lang=en}}
==Substantivo==
{{flex.en|s=pacifier|p=pacifiers|s-div={{grifar|pac}}.i.fi.er|p-div={{grifar|pac}}.i.fi.ers}}
[[Ficheiro:Schnuller.JPG|thumb|105px|'''Pacifier'''&lt;sup&gt;2&lt;/sup&gt;]]
'''{{grifar|pac}}.i.fi.er'''
# [[pacificador]], [[indivíduo]] que pacifica:
#* ''She comforts Fidel when troubled, and acts as a '''pacifier''' whenever there is a domestic problem.'' &lt;small&gt;(Ela conforta Fidel quando este está preocupado, e atua como pacificadora sempre que acontece um problema doméstico.)&lt;/small&gt;
# {{escopo|en|Estados Unidos}} [[chupeta]] (de [[nenê]]):
#* ''Children who suck '''pacifiers''' may be more prone to ear infections.'' &lt;small&gt;(Crianças que chupam chupetas podem ter mais predisposição a infecções de ouvido.)&lt;/small&gt;
===Sinônimos===
{{fraseini|Sinônimos de ''pacifier'' (1)}}
* {{link preto|pacificator|en}}
{{frasefim}}
{{fraseini|Sinônimos de ''pacifier'' (2)}}
* {{escopo2|Estados Unidos}} {{link preto|binky}}
* {{escopo2|Estados Unidos}} {{link preto|bo-bo}}
* {{escopo2|Austrália, Nova Zelândia e Reino Unido}} {{link preto|comforter}}
* {{escopo2|Austrália, Nova Zelândia e Reino Unido}} [[dummy]]
{{verTambém.NovaColuna|50}}
* {{escopo2|Estados Unidos}} {{link preto|nookie}}
* {{escopo2|Estados Unidos}} [[piece]]
* {{escopo2|Canadá e Irlanda}} {{link preto|soother}}
{{frasefim}}
=={{etimologia|en}}==
: {{escopo|Morfologia}} {{etimo|en|pacify}} (&quot;{{link preto|pacificar}}&quot;) + {{etimo|en|-er}}.
:* '''Datação''': [[w:1533|1533]]
=={{pronúncia|en}}==
===Estados Unidos===
* [[AFI]]: {{AFI|/ˈpæ.sɪ.faɪ.ɚ/|en}}, {{AFI|/ˈpæ.sə.faɪ.ɚ/|en}}
* [[X-SAMPA]]: /&quot;p{.sI.faI.@`/, /&quot;p{.s@.faI.@`/
===Reino Unido===
* [[AFI]]: {{AFI|/ˈpæ.sɪ.faɪ.ə/|en}}, {{AFI|/ˈpæ.sə.faɪ.ə/|en}}
* [[X-SAMPA]]: /&quot;p{.sI.faI.@/, /&quot;p{.s@.faI.@/
==Ver também==
===No Wikcionário===
{{fraseini|Outros termos relacionados a ''pacifier'' (1)}}
* {{link preto|calm}}
* {{link preto|paciferous}}
{{verTambém.NovaColuna|25}}
* {{link preto|pacific|en}}
* {{link preto|pacification|en}}
{{verTambém.NovaColuna|25}}
* {{link preto|pacificator|en}}
* {{link preto|pacificatory}}
{{verTambém.NovaColuna|25}}
* [[peace]]
{{frasefim}}
{{fraseini|Outros termos relacionados a ''pacifier'' (2)}}
* [[baby]]
{{verTambém.NovaColuna|25}}
* {{link preto|infant}}
{{verTambém.NovaColuna|25}}
* {{link preto|nipple}}
{{verTambém.NovaColuna|25}}
* {{link preto|teat}}
{{frasefim}}
===Referências===
{{verTambém.Ini}}
* {{#ifeq: s|n||&lt;span style=&quot;color:#555;&quot;&gt;(em inglês)&lt;/span&gt;}} “[http://dictionary.cambridge.org/dictionary/learner-english/word_1?q={{urlencode:{{PAGENAME}}}} {{PAGENAME}}]” in ''[[w:en:Cambridge_Advanced_Learner's_Dictionary|Cambridge Advanced Learner's Dictionary]]'', [[w:Cambridge_University_Press|Cambridge University Press]]. {{#if: | Consultado em {{{data}}}.}}
* {{#ifeq: s|n||&lt;span style=&quot;color:#555;&quot;&gt;(em inglês)&lt;/span&gt;}}&amp;nbsp;“[http://www.merriam-webster.com/dictionary/{{urlencode:{{PAGENAME}}}} {{PAGENAME}}]” in ''[[w:Merriam-Webster|Merriam-Webster Online Dictionary]]'', Merriam-Webster Online. {{#if: | Consultado em {{{data}}}.}}
* {{MDI}}
{{verTambém.Fim}}
[[Categoria:Substantivo (Inglês)]]
[[Categoria:Polissílabo (Inglês)]]
[[Categoria:Bisesdrúxula (Inglês)]]
[[Categoria:Regionalismo (Inglês)]]
[[Categoria:Século XVI (Inglês)]]
[[Categoria:Entrada com imagem (Inglês)]]</text>
<sha1>rcmvtqe10cdl0zlyo8r1s2g774wvrul</sha1>
</revision>
</page>
