<page>
<title>pacicá</title>
<ns>0</ns>
<id>7051</id>
<revision>
<id>2653560</id>
<parentid>2589964</parentid>
<timestamp>2021-11-28T08:44:01Z</timestamp>
<contributor>
<username>ValJor</username>
<id>1358</id>
</contributor>
<comment>Acrescentando código de língua à [[:Categoria:!Página com mensagem de erro em predefinição|predefinição escopo]]</comment>
<model>wikitext</model>
<format>text/x-wiki</format>
<text bytes="299" xml:space="preserve">={{-pt-}}=
==Substantivo==
{{flex.pt|ms=pacicá|mp=pacicás}}
{{oxítona|pa|ci|cá}}, {{gramática|m}}
# {{escopo|pt|Brasil|Alimentação}} [[quitute]] feito com os [[miúdo]]s da [[tartaruga]] temperados e cozinhados na própria casca que serve de [[panela]]
[[Categoria:Substantivo (Português)]]</text>
<sha1>cp05u00qpfls0kf7jac9bvlwi8r6867</sha1>
</revision>
</page>
