<page>
<title>pacificidade</title>
<ns>0</ns>
<id>337923</id>
<revision>
<id>2057485</id>
<parentid>1907204</parentid>
<timestamp>2016-01-21T13:57:26Z</timestamp>
<contributor>
<username>ValJor</username>
<id>1358</id>
</contributor>
<comment>Melhorando a apresentação do verbete</comment>
<model>wikitext</model>
<format>text/x-wiki</format>
<text bytes="318" xml:space="preserve">={{-pt-}}=
==Substantivo==
{{flex.pt|fs=pacificidade|fp=pacificidades}}
{{paroxítona|pa|ci|fi|ci|da|de}}, {{f}}
# característica ou particularidade de [[pacífico]]
# qualidade de quem deseja a [[paz]]
=={{etimologia|pt}}==
: {{escopo|Morfologia}} [[pacífico]] + [[-idade]].
[[Categoria:Substantivo (Português)]]</text>
<sha1>onov80ghf45fmtmnm5jy5rsm87qwqc2</sha1>
</revision>
</page>
