<page>
<page>
<title>Pacistania</title>
<ns>0</ns>
<id>146470</id>
<revision>
<id>2653155</id>
<parentid>1641789</parentid>
<timestamp>2021-11-24T08:13:39Z</timestamp>
<contributor>
<username>ValJor</username>
<id>1358</id>
</contributor>
<comment>Acrescentando código de língua à [[:Categoria:!Página com mensagem de erro em predefinição|predefinição escopo]]</comment>
<model>wikitext</model>
<format>text/x-wiki</format>
<text bytes="528" xml:space="preserve">{{Wikipédia|lang=la|Pakistania}}
[[Imagem:Flag of Pakistan.svg|thumb|right|250px|{{centro|Bandeira do Paquistão}}]]
[[Imagem:LocationPakistan.svg|thumb|right|250px|{{centro|Localização do Paquistão}}]]
={{-la-}}=
==Substantivo==
'''Pacistania''', {{gramática|pr}}
# {{escopo|la|País}} [[Paquistão]]
==={{-varort-}}===
* [[Pakistania]]
===Sinônimo===
* [[Res Publica Islamica Pakistaniae]]
==Ver também==
===No Wikcionário===
{{Ásia/la}}
[[Categoria:Substantivo (Latim)]]
[[Categoria:Entrada com imagem (Latim)]]</text>
<sha1>2jrszerpln3ztuowc4kuhptvqxmtea3</sha1>
</revision>
