<page>
<title>pacifismo</title>
<ns>0</ns>
<id>263069</id>
<revision>
<id>2612568</id>
<parentid>2384777</parentid>
<timestamp>2021-01-31T12:23:24Z</timestamp>
<contributor>
<username>Marxav</username>
<id>73271</id>
</contributor>
<minor />
<comment>AFI Portugal</comment>
<model>wikitext</model>
<format>text/x-wiki</format>
<text bytes="2076" xml:space="preserve">{{Wikipédia}}
{{Wikipédia|lang=es}}
{{Wikipédia|lang=gl}}
{{Wikipédia|lang=it}}
={{-pt-}}=
==Substantivo==
{{paroxítona|pa|ci|fis|mo}}, {{m}}
# [[sistema]] dos que pugnam pela [[paz]] [[universal]] e pelo [[desarmamento]] das nações
===Tradução===
{{tradini}}
* {{trad|de|Pazifismus}}
* {{trad|hy|պացիֆիզմ}}
* {{trad|az|پاسيفيزيم}}
* {{trad|bg|пацифизъм}}
* {{trad|ca|pacifisme}}
* {{trad|cs|pacifismus}}
* {{trad|zh|和平主义}}
* {{trad|ko|평화주의}}
* {{trad|hr|pacifizam}}
* {{trad|da|pacifisme}}
* {{trad|sk|pacifizmus}}
* {{trad|sl|pacifizem}}
* {{trad|es|pacifismo}}
* {{trad|eo|pacismo}}
* {{trad|et|patsifism}}
* {{trad|fi|rauhanaate}}
* {{trad|fr|pacifisme}}
* {{trad|gl|pacifismo}}
* {{trad|cy|heddychiaeth}}
* {{trad|ka|პაციფიზმი}}
* {{trad|el|πασιφισμός}}
* {{trad|he|פציפיזם}}
* {{trad|nl|pacifisme}}
* {{trad|hu|pacifizmus}}
{{tradmeio}}
* {{trad|id|pasifisme}}
* {{trad|en|pacifism}}
* {{trad|is|friðarsinni}}
* {{trad|it|pacifismo}}
* {{trad|ja|平和主義}}
* {{trad|lv|pacifisms}}
* {{trad|lt|pacifizmas}}
* {{trad|mk|пацифизам}}
* {{trad|ms|pasifisme}}
* {{trad|mn|пацифизм}}
* {{trad|no|pasifisme}}
* {{trad|nn|pasifisme}}
* {{trad|pl|pacyfizm}}
* {{trad|ro|pacifism}}
* {{trad|ru|пацифизм}}
* {{trad|sr|пацифизам}}
* {{trad|sh|pacifizam}}
* {{trad|scn|pacifismu}}
* {{trad|sv|pacifism}}
* {{trad|tl|pasipismo}}
* {{trad|th|สันตินิยม}}
* {{trad|tr|pasifizm}}
* {{trad|uk|пацифізм}}
{{tradfim}}
=={{etimologia|pt}}==
: Do francês [[pacifisme]].
=={{pronúncia|pt}}==
===Portugal===
* AFI: {{AFI|/pɐ.si.ˈfiʒ.mu/}}
[[Categoria:Substantivo (Português)]]
={{-es-}}=
==Substantivo==
'''pacifismo'''
# [[pacifismo#Português|pacifismo]]
[[Categoria:Substantivo (Espanhol)]]
={{-gl-}}=
==Substantivo==
'''pacifismo'''
# [[pacifismo#Português|pacifismo]]
[[Categoria:Substantivo (Galego)]]
={{-it-}}=
==Substantivo==
'''pacifismo'''
# [[pacifismo#Português|pacifismo]]
[[Categoria:Substantivo (Italiano)]]</text>
<sha1>gtes7az39p31e3t6j124e4ozg8azbca</sha1>
</revision>
</page>
