<page>
<title>Pacistan</title>
<ns>0</ns>
<id>320815</id>
<revision>
<id>2653158</id>
<parentid>2276118</parentid>
<timestamp>2021-11-24T08:24:05Z</timestamp>
<contributor>
<username>ValJor</username>
<id>1358</id>
</contributor>
<comment>Acrescentando código de língua à [[:Categoria:!Página com mensagem de erro em predefinição|predefinição escopo]]</comment>
<model>wikitext</model>
<format>text/x-wiki</format>
<text bytes="652" xml:space="preserve">{{Wikipédia|lang=lfn}}
[[Imagem:Flag of Pakistan.svg|thumb|right|250px|{{centro|Bandeira do Paquistão}}]]
[[Imagem:LocationPakistan.svg|thumb|right|250px|{{centro|Localização do Paquistão}}]]
={{-lfn-}}=
==Substantivo==
{{oxítona|Pa|cis|tan|lang=lfn}}, {{gramática|pr}}
# {{escopo|lfn|País}} [[Paquistão]]
==={{-varort-}}===
* '''Alfabeto cirílico''': {{l.s.|Пакистан|{{lfn}}}}
===Verbetes derivados===
{{verTambém.Ini}}
* {{link opcional|pacistani|lfn}}
{{verTambém.Fim}}
==Ver também==
===No Wikcionário===
{{Ásia/lfn}}
[[Categoria:Substantivo (Língua Franca Nova)]]
[[Categoria:Entrada com imagem (Língua Franca Nova)]]</text>
<sha1>rf9hycyduqyqr7b4jx9522qkstkef47</sha1>
</revision>
</page>
