<page>
<title>pacifista</title>
<ns>0</ns>
<id>262341</id>
<revision>
<id>2621858</id>
<parentid>2384778</parentid>
<timestamp>2021-02-02T01:37:33Z</timestamp>
<contributor>
<username>MarxavBot</username>
<id>80155</id>
</contributor>
<minor />
<comment>AFI Portugal</comment>
<model>wikitext</model>
<format>text/x-wiki</format>
<text bytes="222" xml:space="preserve">={{-pt-}}=
==Substantivo==
'''pa.ci.fis.ta'''  ''masculino e feminino''
# pessoa partidária do [[pacifismo]]
=={{pronúncia|pt}}==
===Portugal===
* AFI: {{AFI|/pɐ.si.ˈfiʃ.tɐ/}}
[[Categoria:Substantivo (Português)]]</text>
<sha1>d1u2gevvi0fszr7x57ygnu5z80pxly8</sha1>
</revision>
</page>
