<page>
<title>packen</title>
<ns>0</ns>
<id>81829</id>
<revision>
<id>2384782</id>
<parentid>1931840</parentid>
<timestamp>2017-05-05T21:32:36Z</timestamp>
<contributor>
<username>HydrizBot</username>
<id>29590</id>
</contributor>
<minor />
<comment>Robô: A limpar links interwikis antigos</comment>
<model>wikitext</model>
<format>text/x-wiki</format>
<text bytes="339" xml:space="preserve">={{-de-}}=
== Verbo ==
'''packen'''
# [[empacotar]];
# [[segurar]], [[agarrar]].
=== Fraseologia ===
* '''[[in Schachteln packen]]''': [[encaixotar]].
* '''[[am Genick paken]]''': [[segurar pelo pescoço]].
=== Conjugação ===
{{conj.de.fraca
|radical=pack
|particípio ii=gepackt
|verbo auxiliar=haben
}}
[[Categoria:Verbo (Alemão)]]</text>
<sha1>fi7lmumq71hpzt8s2gqolaog5kz2r71</sha1>
</revision>
</page>
