<page>
<title>pack</title>
<ns>0</ns>
<id>8635</id>
<revision>
<id>2682591</id>
<parentid>2497180</parentid>
<timestamp>2022-07-04T00:46:03Z</timestamp>
<contributor>
<username>Itleda</username>
<id>86989</id>
</contributor>
<model>wikitext</model>
<format>text/x-wiki</format>
<text bytes="457" xml:space="preserve">={{-pt-}}=
==Substantivo==
{{flex.pt|ms=pack|mp=packs}}
''{{oxítona|pack}}'', {{gramática|m}}
# {{escopo|pt|estrangeirismo}} {{escopo2|Comércio}} ver [[pacote]]
=={{etimologia|pt}}==
{{llietimo|en|pack|pt}}
[[Categoria:Substantivo (Português)]]
={{-en-}}=
==Verbo==
'''pack''', {{g|vt|lang=en}}
# [[apinhar]], [[lotar]] 
#* ''The singer '''packed''' the house.'' (O cantor lotou a casa)
[[Categoria:Música (Inglês)]]
[[Categoria:Verbo (Inglês)]]</text>
<sha1>pcx31rej0767inbqfq4dt4fxmc4bwm9</sha1>
</revision>
</page>
