<page>
<page>
<title>pacote</title>
<ns>0</ns>
<id>46084</id>
<revision>
<id>2463483</id>
<parentid>2384784</parentid>
<timestamp>2017-11-28T10:26:50Z</timestamp>
<contributor>
<username>ValJor</username>
<id>1358</id>
</contributor>
<comment>Acrescentando código de língua à [[:Categoria:!Página com mensagem de erro em predefinição|predefinição escopo]]</comment>
<model>wikitext</model>
<format>text/x-wiki</format>
<text bytes="1275" xml:space="preserve">{{Wikipédia}}
={{-pt-}}=
==Substantivo==
{{flex.pt|ms=pacote|mp=pacotes}}
{{paroxítona|pa|co|te}}, {{gramática|m}}
# [[embalagem]]
#* ''Tiveram que buscar no Correio, o '''pacote''' era grande.'' {{OESP|2006|janeiro|29}}
# {{escopo|pt|Informática}} arquivo, em geral compactado, contendo todos os arquivos para a instalação de um software
# {{escopo|pt|Economia}} conjunto de medidas econômicas aplicadas em conjunto pelo governo
#* ''O porta-voz advertiu que não se deve esperar o anúncio de cifras do '''pacote''', que certamente precisará ser aprovado pelo Congresso.'' {{OESP|2008|janeiro|18}}
# {{escopo|pt|Informal}} região das [[nádegas]]
# {{escopo|pt|Brasil}} delineação do contorno corporal de orgão sexual subjacente feita por roupa que se veste bem justa ao corpo
===Tradução===
{{tradini|De 1 (embalagem)}}
* {{trad|es|paquete}}
* {{trad|en|package}}
{{tradmeio}}
* {{trad|lv|paku}}
{{tradfim}}
=={{etimologia|pt}}==
: {{escopo|Morfologia}} [[paca]] + [[-ote]].
==Ver também==
===No Wikcionário===
{{verTambém.Ini}}
* [[correio]]
* [[embrulho]]
{{verTambém.NovaColuna}}
* [[empacotar]]
* [[maço]]
{{verTambém.NovaColuna}}
* [[política]]
* [[resma]]
{{verTambém.Fim}}
==Anagrama==
# [[capote]]
[[Categoria:Substantivo (Português)]]</text>
<sha1>l5i7gqd9ntgwnjxmlvu4bfxeinhj8mq</sha1>
</revision>
