<page>
<title>pacotes</title>
<ns>0</ns>
<id>271163</id>
<revision>
<id>2384785</id>
<parentid>1783936</parentid>
<timestamp>2017-05-05T21:32:43Z</timestamp>
<contributor>
<username>HydrizBot</username>
<id>29590</id>
</contributor>
<minor />
<comment>Robô: A limpar links interwikis antigos</comment>
<model>wikitext</model>
<format>text/x-wiki</format>
<text bytes="146" xml:space="preserve">={{-pt-}}=
==Forma de substantivo==
'''pa.{{grifar|co}}.tes''' {{m}}
# plural de '''[[pacote]]'''
[[Categoria:Forma de substantivo (Português)]]</text>
<sha1>21j8ke832vz90al45avvblvgbxnl7oq</sha1>
</revision>
</page>
