<page>
<page>
<title>Pacoti</title>
<ns>0</ns>
<id>137998</id>
<revision>
<id>2276119</id>
<parentid>1196135</parentid>
<timestamp>2017-04-26T23:14:13Z</timestamp>
<contributor>
<username>HydrizBot</username>
<id>29590</id>
</contributor>
<minor />
<comment>Robô: A limpar links interwikis antigos</comment>
<model>wikitext</model>
<format>text/x-wiki</format>
<text bytes="243" xml:space="preserve">={{-pt-}}=
{{Wikipédia}}
==Substantivo==
'''Pacoti''' {{pr}}
#[[município]] [[brasileiro]] do [[estado]] do [[Ceará]]
==Ver também==
*[[Apêndice:Municípios do estado do Ceará]]
[[Categoria:Município do estado do Ceará (Português)]]</text>
<sha1>dmsc8huwraxo8f3532h6mzox2r1yerp</sha1>
</revision>
