<page>
<page>
<title>PACO</title>
<ns>0</ns>
<id>376836</id>
<revision>
<id>2629889</id>
<parentid>2366637</parentid>
<timestamp>2021-04-07T08:16:55Z</timestamp>
<contributor>
<username>ValJor</username>
<id>1358</id>
</contributor>
<comment>Desfazendo ligação para redirecionamento para poder eliminá-lo em seguida</comment>
<model>wikitext</model>
<format>text/x-wiki</format>
<text bytes="423" xml:space="preserve">={{-pt-}}=
==Sigla==
'''PACO'''
# {{escopo|pt|Brasil|política}} Partido Conservador
==Ver também==
===No Wikcionário===
{{verTambém.Ini}}
* [[Apêndice:Siglas de partidos políticos em português]]
* [[partido]]
* [[política]]
* [[político]]
{{verTambém.Fim}}
==Ligações externas==
{{verTambém.Ini}}
* [http://paco.org.br/ Partido Conservador (Site oficial)]
{{verTambém.Fim}}
[[Categoria:Sigla (Português)]]</text>
<sha1>56peflxcwx9ep9ymsfnx6wmpzrb2kpa</sha1>
</revision>
