<page>
<title>pactos</title>
<ns>0</ns>
<id>113681</id>
<revision>
<id>2384789</id>
<parentid>1783935</parentid>
<timestamp>2017-05-05T21:32:55Z</timestamp>
<contributor>
<username>HydrizBot</username>
<id>29590</id>
</contributor>
<minor />
<comment>Robô: A limpar links interwikis antigos</comment>
<model>wikitext</model>
<format>text/x-wiki</format>
<text bytes="157" xml:space="preserve">={{-pt-}}=
==Forma de substantivo==
{{paroxítona|pac|tos}}
# plural de [[pacto]]
==Anagrama==
# [[coptas]]
[[Categoria:Forma de substantivo (Português)]]</text>
<sha1>0lrv7o5s052c0s695aaub5zuin9onjo</sha1>
</revision>
</page>
