<page>
<title>pactolo</title>
<ns>0</ns>
<id>257852</id>
<revision>
<id>1491845</id>
<parentid>1192138</parentid>
<timestamp>2012-10-22T09:04:21Z</timestamp>
<contributor>
<username>VJBot</username>
<id>33673</id>
</contributor>
<minor />
<comment>Robô: Substituição de texto automática  (-{{wikipedia}} +{{Wikipédia}})</comment>
<model>wikitext</model>
<format>text/x-wiki</format>
<text bytes="212" xml:space="preserve">{{Wikipédia}}
={{-pt-}}=
==Substantivo==
{{flex.pt|ms=pactolo|mp=pactolos}}
{{paroxítona|pac|to|lo}}
# [[crustáceo]] [[decápode]]
[[Categoria:Substantivo (Português)]]
[[Categoria:Crustáceo (Português)]]</text>
<sha1>rx4w19h8rrlytvhq0fl696imsz1px80</sha1>
</revision>
</page>
