<page>
<title>Pacujá</title>
<ns>0</ns>
<id>137999</id>
<revision>
<id>2276120</id>
<parentid>1196136</parentid>
<timestamp>2017-04-26T23:14:15Z</timestamp>
<contributor>
<username>HydrizBot</username>
<id>29590</id>
</contributor>
<minor />
<comment>Robô: A limpar links interwikis antigos</comment>
<model>wikitext</model>
<format>text/x-wiki</format>
<text bytes="244" xml:space="preserve">={{-pt-}}=
{{Wikipédia}}
==Substantivo==
'''Pacujá''' {{pr}}
#[[município]] [[brasileiro]] do [[estado]] do [[Ceará]]
==Ver também==
*[[Apêndice:Municípios do estado do Ceará]]
[[Categoria:Município do estado do Ceará (Português)]]</text>
<sha1>1rfcrd3pio26k0o4aup390av3dmt0q6</sha1>
</revision>
</page>
