<page>
<page>
<title>pacómetro</title>
<ns>0</ns>
<id>319182</id>
<revision>
<id>2049320</id>
<parentid>1733968</parentid>
<timestamp>2015-12-19T22:08:29Z</timestamp>
<contributor>
<username>ValJor</username>
<id>1358</id>
</contributor>
<comment>Incrementando o conteúdo de um verbete que aparecia na [[Especial:Páginas_curtas|lista de páginas curtas]]</comment>
<model>wikitext</model>
<format>text/x-wiki</format>
<text bytes="276" xml:space="preserve">{{grafiaPtpt|pacômetro}}
={{-pt-}}=
==Substantivo==
{{flex.pt|ms=pacómetro|mp=pacómetros}}
{{proparoxítona|pa|có|me|tro}}, {{m}}
# [[instrumento]] para [[medir]] a [[espessura]] dos [[corpo]]s
[[Categoria:Substantivo (Português)]]
[[Categoria:Metrologia (Português)]]</text>
<sha1>983zaaj0b0y1ijpfgetshyco567fe1z</sha1>
</revision>
