<page>
<title>Pacífico</title>
<ns>0</ns>
<id>323085</id>
<revision>
<id>2276122</id>
<parentid>2218970</parentid>
<timestamp>2017-04-26T23:14:20Z</timestamp>
<contributor>
<username>HydrizBot</username>
<id>29590</id>
</contributor>
<minor />
<comment>Robô: A limpar links interwikis antigos</comment>
<model>wikitext</model>
<format>text/x-wiki</format>
<text bytes="742" xml:space="preserve">{{ver também|pacífico}}
={{-pt-}}=
==Substantivo==
{{proparoxítona|Pa|cí|fi|co}}, {{pr}} {{m}}
# '''[[Oceano Pacífico]]:''' O primeiro maior [[oceano]], entre a [[Ásia]], a [[Oceania]] e as [[América]]s, estendendo-se na [[vertical]] até aos [[círculo polar|círculos polares]]
===Tradução===
{{tradini}}
* {{trad|de|Pazifik}}
* {{trad|es|Pacífico}}
* {{trad|fr|Pacifique}}
{{tradmeio}}
* {{trad|en|Pacific}}
* {{trad|it|Pacifico}}
* {{trad|pl|Pacyfik|Ocean Spokojny}}
{{tradfim}}
==Ver também==
===No Wikcionário===
{{verTambém.Ini}}
* [[Atlântico]]
{{verTambém.NovaColuna}}
* [[Índico]]
{{verTambém.Fim}}
[[Categoria:Substantivo (Português)]]
[[Categoria:Geografia (Português)]]
[[Categoria:Topónimo (Português)]]</text>
<sha1>91w7wffiy932v1elgk3ihs7k3i2to8o</sha1>
</revision>
</page>
