<page>
<page>
<title>pacíficos</title>
<ns>0</ns>
<id>336625</id>
<revision>
<id>2384793</id>
<parentid>1957419</parentid>
<timestamp>2017-05-05T21:33:05Z</timestamp>
<contributor>
<username>HydrizBot</username>
<id>29590</id>
</contributor>
<minor />
<comment>Robô: A limpar links interwikis antigos</comment>
<model>wikitext</model>
<format>text/x-wiki</format>
<text bytes="376" xml:space="preserve">={{-pt-}}=
==Forma de adjetivo==
{{proparoxítona|pa|cí|fi|cos}}, {{m}}
# plural de [[pacífico]]
{{avi-for-fle|pacífico}}
[[Categoria:Forma de adjetivo (Português)]]
={{-es-}}=
==Forma de adjetivo==
{{proparoxítona|pa|cí|fi|cos|lang=es}}, {{m}}
# plural de [[pacífico#{{es}}|pacífico]]
{{avi-for-fle|pacífico|lang=es}}
[[Categoria:Forma de adjetivo (Espanhol)]]</text>
<sha1>rid2qimla35hnng6tnq5q9h0qg9lokp</sha1>
</revision>
