<page>
<page>
<title>pacóvio</title>
<ns>0</ns>
<id>2614</id>
<revision>
<id>2642762</id>
<parentid>1240183</parentid>
<timestamp>2021-07-16T10:17:02Z</timestamp>
<contributor>
<username>Cpls</username>
<id>20608</id>
</contributor>
<comment>/* {{-pt-}} */</comment>
<model>wikitext</model>
<format>text/x-wiki</format>
<text bytes="704" xml:space="preserve">={{-pt-}}=
==Adjetivo==
{{flex.pt|ms=pacóvio|mp=pacóvios|fs=pacóvia|fp=pacóvias}}
{{proparoxítona aparente|pa|có|vi|o}}
# diz-se da pessoa que diz ou que faz bobagens
# pessoa de caráter [[ingênuo]]
# pouco inteligente, [[néscio]]
===Sinônimos===
{{verTambém.Ini}}
* [[boboca]]
* [[bocó]]
* [[idiota]]
* [[imbecil]]
{{verTambém.NovaColuna}}
* [[maluco]]
* [[bobo]]
* [[palerma]]
{{verTambém.NovaColuna}}
* [[parvo]]
* [[paspalhão]]
* [[pateta]]
{{verTambém.Fim}}
==Substantivo==
{{proparoxítona aparente|pa|có|vi|o}}
# pessoa [[tolo|tola]]
=={{etimologia|pt}}==
: {{escopo|Morfologia}} [[pacova]] + [[-io]].
[[Categoria:Adjetivo (Português)]]
[[Categoria:Substantivo (Português)]]</text>
<sha1>q99eqh3y16n6e5a068y8gz4llslu80m</sha1>
</revision>
