<page>
<title>pacífico</title>
<ns>0</ns>
<id>72832</id>
<revision>
<id>2621845</id>
<parentid>2384792</parentid>
<timestamp>2021-02-02T01:35:23Z</timestamp>
<contributor>
<username>MarxavBot</username>
<id>80155</id>
</contributor>
<minor />
<comment>AFI Portugal</comment>
<model>wikitext</model>
<format>text/x-wiki</format>
<text bytes="793" xml:space="preserve">{{ver também|Pacífico}}
={{-pt-}}=
==Adjetivo==
{{flex.pt|ms=pacífico|mp=pacíficos|fs=pacífica|fp=pacíficas}}
{{proparoxítona|pa|cí|fi|co}}, {{m}}
# [[amigo]] da [[paz]]
# [[manso]]
# [[sereno]]
# [[tranquilo]]
===Tradução===
{{tradini}}
* {{trad|de|friedlich}}
* {{trad|es|pacífico}}
* {{trad|fi|rauhallinen|tyyni}}
{{tradmeio}}
* {{trad|fr|pacifique}}
* {{trad|en|peaceful}}
* {{trad|it|pacifico}}
{{tradfim}}
=={{pronúncia|pt}}==
===Portugal===
* AFI: {{AFI|/pɐ.ˈsi.fi.ku/}}
==Ver também==
===No Wikcionário===
* [[qualidade]]
[[Categoria:Adjetivo (Português)]]
={{-es-}}=
==Adjetivo==
{{flex.es|ms=pacífico|mp=pacíficos|fs=pacífica|fp=pacíficas}}
{{proparoxítona|pa|cí|fi|co|lang=es}}, {{m}}
# [[pacífico#{{pt}}|pacífico]]
[[Categoria:Adjetivo (Espanhol)]]</text>
<sha1>kkc4a5a49ilw4xysmklb6degcrmh8uf</sha1>
</revision>
</page>
