<page>
<page>
<title>pacíficas</title>
<ns>0</ns>
<id>336624</id>
<revision>
<id>2384791</id>
<parentid>1957420</parentid>
<timestamp>2017-05-05T21:32:59Z</timestamp>
<contributor>
<username>HydrizBot</username>
<id>29590</id>
</contributor>
<minor />
<comment>Robô: A limpar links interwikis antigos</comment>
<model>wikitext</model>
<format>text/x-wiki</format>
<text bytes="394" xml:space="preserve">={{-pt-}}=
==Forma de adjetivo==
{{proparoxítona|pa|cí|fi|cas}}, {{f}}
# feminino plural de [[pacífico]]
{{avi-for-fle|pacífico}}
[[Categoria:Forma de adjetivo (Português)]]
={{-es-}}=
==Forma de adjetivo==
{{proparoxítona|pa|cí|fi|cas|lang=es}}, {{f}}
# feminino plural de [[pacífico#{{es}}|pacífico]]
{{avi-for-fle|pacífico|lang=es}}
[[Categoria:Forma de adjetivo (Espanhol)]]</text>
<sha1>2xdkzjiyehzw0zfccr4teaaus2y0hxc</sha1>
</revision>
