<page>
<title>pacó</title>
<ns>0</ns>
<id>85690</id>
<revision>
<id>2384794</id>
<parentid>2176318</parentid>
<timestamp>2017-05-05T21:33:07Z</timestamp>
<contributor>
<username>HydrizBot</username>
<id>29590</id>
</contributor>
<minor />
<comment>Robô: A limpar links interwikis antigos</comment>
<model>wikitext</model>
<format>text/x-wiki</format>
<text bytes="513" xml:space="preserve">={{-pt-}}=
==Adjetivo==
{{paroxítona|pa|có}}
# gíria de candomblé:
## diz-se da [[pessoa]] que não está [[bem]] [[mentalmente]]
## [[insano]]
## [[demente]]
==Substantivo==
{{paroxítona|pa|có}}, ''masculino''
# [[morcego]]
==Ligações externas==
* [http://www.palmares.gov.br/sites/000/2/download/leitor/lingcandomble.pdf Confirmação na Web]
==Anagramas==
# [[capo]]
# [[capô]]
# [[copa]]
# [[paço]]
# [[poça]]
[[Categoria:Adjetivo (Português)|paco]]
[[Categoria:Substantivo (Português)|paco]]</text>
<sha1>av0divnxevhjy0hd83h0i4myuatfaru</sha1>
</revision>
</page>
