<page>
<page>
<title>pada</title>
<ns>0</ns>
<id>297103</id>
<revision>
<id>2653493</id>
<parentid>2384795</parentid>
<timestamp>2021-11-27T14:36:33Z</timestamp>
<contributor>
<username>ValJor</username>
<id>1358</id>
</contributor>
<comment>Acrescentando código de língua à [[:Categoria:!Página com mensagem de erro em predefinição|predefinição escopo]]</comment>
<model>wikitext</model>
<format>text/x-wiki</format>
<text bytes="676" xml:space="preserve">={{-pt-}}=
==Substantivo&lt;sup&gt;1&lt;/sup&gt;==
{{flex.pt|fs=pada|fp=padas}}
{{paroxítona|pa|da}}, {{gramática|f}}
# [[pão]] pequeno
# {{escopo|pt|Regionalismo}} pães que ao serem cozidos ficaram [[unir|unidos]] pelas bordas
==={{etimologia|pt}}===
{{llietimo|la|pane|pt|pão}}
==Substantivo&lt;sup&gt;2&lt;/sup&gt;==
{{flex.pt|fs=pada|fp=padas}}
{{paroxítona|pa|da}}, {{gramática|f}}
# {{escopo|pt|Galiza}} [[pazada]], [[quantidade]] que a [[pá]] pode conter em si
==={{etimologia|pt}}===
{{llietimo|la|pala|pt|pá}}
==Ver também==
===No Wikcionário===
{{verTambém.Ini}}
* [[empada]]
{{verTambém.NovaColuna}}
* [[padejar]]
{{verTambém.Fim}}
[[Categoria:Substantivo (Português)]]</text>
<sha1>pokc5ue79s3xjkotzubpq7nyk08sqhb</sha1>
</revision>
