<page>
<page>
<title>padaria</title>
<ns>0</ns>
<id>16559</id>
<revision>
<id>2653523</id>
<parentid>2615009</parentid>
<timestamp>2021-11-27T20:23:42Z</timestamp>
<contributor>
<username>ValJor</username>
<id>1358</id>
</contributor>
<comment>Acrescentando código de língua à [[:Categoria:!Página com mensagem de erro em predefinição|predefinição escopo]]</comment>
<model>wikitext</model>
<format>text/x-wiki</format>
<text bytes="2538" xml:space="preserve">{{Wikipédia|lang=pt}}
={{-pt-}}=
==Substantivo==
{{flex.pt|fs=padaria|fp=padarias}}
{{paroxítona|pa|da|ri|a}}, {{gramática|f}}
# [[estabelecimento]] onde são feitos e vendidos os [[pão|pães]]; [[panificadora]]
# {{escopo|pt|Chulo}} [[bunda]], [[nádega]]s
===Tradução===
{{tradini}}
* {{t|de|Bäckerei|f}}
* {{trad|ar|مخبز}}
* {{trad|an|forno de pan}}
* {{trad|hy|փուռ}}
* {{trad|eu|okindegi}}
* {{trad|bn|রুটিঘর}}
* {{trad|be|пякарня}}
* {{t|bs|pekara|f}}
* {{trad|bg|пекарна}}
* {{trad|csb|piekarniô}}
* {{trad|kn|ಬೇಕರಿ}}
* {{trad|yue|麪包鋪}}
* {{trad|ca|forn de pa}}
* {{trad|cs|pekárna}}
* {{trad|chy|kóhkonôheonané-mâhéó'o}}
* {{trad|zh|糕點店}}, {{xlatio|zh|面包店|}}, {{xlatio|zh|麵包店|}}
* {{trad|ko|베이커리|빵집}}
* {{t|da|bageri|n}}
* {{trad|sco|bakery}}
* {{t|es|panadería|f}}
* {{trad|eo|panbakejo|panbutiko|panfarejo}}
* {{trad|fi|leipomo}}
* {{t|fr|boulangerie|f}}
* {{trad|gl|panadaría|panadería}}
* {{t|el|αρτοποιείο|n}}
* {{trad|he|מאפייה}}
* {{t|nl|bakkerij|f}}
* {{trad|yi|בעקעריי}}
* {{trad|id|toko roti}}
* {{trad|en|bakery|bakehouse}}
{{tradmeio}}
* {{trad|ga|báicéireacht}}
* {{t|is|bakarí|n}}
* {{trad|it|panificio|panetteria|forno}}
* {{trad|ja|ベーカリー|パン屋}}
* {{trad|jv|toko roti}}
* {{trad|la|pistrina}}
* {{trad|lv|ceptuve}}
* {{trad|ml|ബേക്കറി}}
* {{trad|ms|kedai membuat roti}}
* {{trad|roa-nor|boulangu'thie}}
* {{t|no|bakeri|n}}
* {{trad|oc|fornariá}}
* {{trad|fa|نانوایی}}
* {{trad|pcd|boulindjrie}}
* {{trad|pl|piekarnia}}
* {{trad|pnb|بیکری}}
* {{trad|ro|brutărie}}
* {{trad|ru|пекарня|хлебопекарня}}
* {{t|sr|пекара|f}}
* {{t|sh|pekara|f}}
* {{t|sv|bageri|n}}
* {{trad|th|ร้านขนมปัง}}
* {{trad|ta|அடுமனை}}
* {{trad|tr|ekmek fırını}}
* {{trad|uk|пекарня}}
* {{trad|uz|non sanoati}}
* {{trad|vi|tiệm bánh}}
* {{trad|vo|baköp}}
* {{trad|wuu|面包糕饼店}}
{{tradfim}}
=={{etimologia|pt}}==
: {{escopo|Morfologia}} [[pada]] + [[-aria]].
=={{pronúncia|pt}}==
===Portugal===
* AFI: {{AFI|/pa.dɐ.ˈɾi.ɐ/}}
==Ver também==
===No Wikcionário===
{{verTambém.Ini}}
* [[padeiro]]
{{verTambém.NovaColuna}}
* [[panificador]]
{{verTambém.Fim}}
==Ligações externas==
* {{Aulete}}
* {{Michaelis}}
* {{DicioAberto}}
* {{DPLP}}
* {{Infopédia}}
* {{PLP}}
* {{VOLPABL}}
[[Categoria:Substantivo (Português)]]
[[Categoria:Comércio (Português)]]
[[Categoria:Gíria (Português)]]</text>
<sha1>1a7t6ltqq05a8u6wawxvwid2h0rpc9t</sha1>
</revision>
