<page>
<page>
<title>paddle</title>
<ns>0</ns>
<id>352250</id>
<revision>
<id>2653491</id>
<parentid>2384799</parentid>
<timestamp>2021-11-27T14:31:30Z</timestamp>
<contributor>
<username>ValJor</username>
<id>1358</id>
</contributor>
<comment>Acrescentando código de língua à [[:Categoria:!Página com mensagem de erro em predefinição|predefinição escopo]]</comment>
<model>wikitext</model>
<format>text/x-wiki</format>
<text bytes="172" xml:space="preserve">={{-en-}}=
==Substantivo==
'''paddle'''
# {{escopo|en|Desporto}} {{escopo2|América do Norte}} [[pádel]]
===Sinônimos===
* [[padel]]
[[Categoria:Substantivo (Inglês)]]</text>
<sha1>o2fih89jmvqsb7kzg6uau0e9r5emdc7</sha1>
</revision>
