<page>
<page>
<title>padecimento</title>
<ns>0</ns>
<id>409556</id>
<revision>
<id>2567390</id>
<parentid>2542503</parentid>
<timestamp>2019-12-19T10:19:58Z</timestamp>
<contributor>
<username>ValJor</username>
<id>1358</id>
</contributor>
<comment>Melhorando a apresentação do verbete usando a [[:predefinição:cria-entrada]]</comment>
<model>wikitext</model>
<format>text/x-wiki</format>
<text bytes="428" xml:space="preserve">={{-pt-}}=
==Substantivo==
{{flex.pt|ms=padecimento|mp=padecimentos}}
{{paroxítona|pa|de|ci|men|to}}, {{gramática|m}}
# ato de [[padecer]]
# [[sofrimento]], [[sofrência]]
# [[perecimento]]
=={{etimologia|pt}}==
: {{escopo|Morfologia}} [[padecer]] + [[-mento]].
==Ligações externas==
* {{Aulete}}
* {{Michaelis}}
* {{DicioAberto}}
* {{DPLP}}
* {{Infopédia}}
* {{PLP}}
* {{VOLPABL}}
[[Categoria:Substantivo (Português)]]</text>
<sha1>qz9p9672con9xim63kwn8h3z4hx8410</sha1>
</revision>
