<page>
<title>padeira</title>
<ns>0</ns>
<id>351254</id>
<revision>
<id>2384805</id>
<parentid>2131782</parentid>
<timestamp>2017-05-05T21:33:44Z</timestamp>
<contributor>
<username>HydrizBot</username>
<id>29590</id>
</contributor>
<minor />
<comment>Robô: A limpar links interwikis antigos</comment>
<model>wikitext</model>
<format>text/x-wiki</format>
<text bytes="197" xml:space="preserve">={{-pt-}}=
==Forma de substantivo==
{{paroxítona|pa|dei|ra}}, {{f}}
# feminino de [[padeiro]]
{{avi-for-fle|padeiro}}
==Anagrama==
# [[parídea]]
[[Categoria:Forma de substantivo (Português)]]</text>
<sha1>mc5og9w130kk2osfbzucem3pik9v4ln</sha1>
</revision>
</page>
