<page>
<title>padeçam</title>
<ns>0</ns>
<id>113621</id>
<revision>
<id>2384811</id>
<parentid>1783953</parentid>
<timestamp>2017-05-05T21:33:57Z</timestamp>
<contributor>
<username>HydrizBot</username>
<id>29590</id>
</contributor>
<minor />
<comment>Robô: A limpar links interwikis antigos</comment>
<model>wikitext</model>
<format>text/x-wiki</format>
<text bytes="233" xml:space="preserve">={{-pt-}}=
==Forma verbal==
{{paroxítona|pa|de|çam}}
# terceira pessoa do plural do presente do conjuntivo do verbo [[padecer]]
# terceira pessoa do plural do imperativo do verbo [[padecer]]
[[Categoria:Forma verbal (Português)]]</text>
<sha1>3dgig70hkvojsuib4ywbqofx0h62p65</sha1>
</revision>
</page>
