<page>
<title>padecientes</title>
<ns>0</ns>
<id>389761</id>
<revision>
<id>2474825</id>
<timestamp>2018-01-06T11:49:23Z</timestamp>
<contributor>
<username>Imivorn</username>
<id>64513</id>
</contributor>
<comment>[[Ajuda:Guia de edição/Menus e ferramentas/Sumário de edição|→]] nova página: ={{-mwl-}}= ==Forma de substantivo== {{paroxítona|pa|de|cien|tes|língua=mwl}} # plural de '''padeciente#{...</comment>
<model>wikitext</model>
<format>text/x-wiki</format>
<text bytes="179" xml:space="preserve">={{-mwl-}}=
==Forma de substantivo==
{{paroxítona|pa|de|cien|tes|língua=mwl}}
# plural de '''[[padeciente#{{mwl}}|padeciente]]'''
[[Categoria:Forma de substantivo (Mirandês)]]</text>
<sha1>0moannsqdrjodv1awc9dg2x5w5nlibt</sha1>
</revision>
</page>
