<page>
<title>padecente</title>
<ns>0</ns>
<id>334003</id>
<revision>
<id>1875025</id>
<timestamp>2014-11-30T06:13:35Z</timestamp>
<contributor>
<username>Sturm</username>
<id>37327</id>
</contributor>
<comment>[[Ajuda:Guia de edição/Menus e ferramentas/Sumário de edição|→]] nova página:  ={{-pt-}}= == Substantivo == {{flex.pt|ms=padecente|mp=padecentes}} {{paroxítona|pa|de|cen|te}}, {{m}} # qu...</comment>
<model>wikitext</model>
<format>text/x-wiki</format>
<text bytes="184" xml:space="preserve">
={{-pt-}}=
== Substantivo ==
{{flex.pt|ms=padecente|mp=padecentes}}
{{paroxítona|pa|de|cen|te}}, {{m}}
# que ou quem [[padece]]; [[padecedor]]
[[Categoria:Substantivo (Português)]]</text>
<sha1>ig2ti0s5ba7xrzdtb9harvngsk65016</sha1>
</revision>
</page>
