<page>
<title>padece</title>
<ns>0</ns>
<id>81686</id>
<revision>
<id>2384801</id>
<parentid>1783932</parentid>
<timestamp>2017-05-05T21:33:34Z</timestamp>
<contributor>
<username>HydrizBot</username>
<id>29590</id>
</contributor>
<minor />
<comment>Robô: A limpar links interwikis antigos</comment>
<model>wikitext</model>
<format>text/x-wiki</format>
<text bytes="302" xml:space="preserve">={{-pt-}}=
[[Categoria:Verbo (Português)]]
==Verbo==
'''padece''' ''verbo''
# [[terceira]] [[pessoa]] [[do]] [[singular]] [[do]] [[presente]] [[do]] [[indicativo]] [[do]] [[verbo]] '''[[padecer]]'''	
# [[segunda]] [[pessoa]] [[do]] [[singular]] [[do]] [[imperativo]] [[do]] [[verbo]] '''[[padecer]]'''</text>
<sha1>6j6bnbupjwx3tutnvh1773366fq3mio</sha1>
</revision>
</page>
