<page>
<title>padecendo</title>
<ns>0</ns>
<id>115859</id>
<revision>
<id>2384802</id>
<parentid>1783956</parentid>
<timestamp>2017-05-05T21:33:35Z</timestamp>
<contributor>
<username>HydrizBot</username>
<id>29590</id>
</contributor>
<minor />
<comment>Robô: A limpar links interwikis antigos</comment>
<model>wikitext</model>
<format>text/x-wiki</format>
<text bytes="168" xml:space="preserve">={{-pt-}}=
==Forma verbal==
{{paroxítona|pa|de|cen|do}}
# gerúndio do verbo [[padecer]]
==Anagrama==
# [[decepar|decepando]]
[[Categoria:Forma verbal (Português)]]</text>
<sha1>pvhlnrddn34y7i3c5k997qnou2s2m95</sha1>
</revision>
</page>
