<page>
<title>padel</title>
<ns>0</ns>
<id>352249</id>
<revision>
<id>2653485</id>
<parentid>2384810</parentid>
<timestamp>2021-11-27T14:20:46Z</timestamp>
<contributor>
<username>ValJor</username>
<id>1358</id>
</contributor>
<comment>Acrescentando código de língua à [[:Categoria:!Página com mensagem de erro em predefinição|predefinição escopo]]</comment>
<model>wikitext</model>
<format>text/x-wiki</format>
<text bytes="142" xml:space="preserve">={{-en-}}=
==Substantivo==
'''padel'''
# {{escopo|en|Desporto}} [[pádel]]
===Sinônimos===
* [[paddle]]
[[Categoria:Substantivo (Inglês)]]</text>
<sha1>jhflo15b96x4lhwfmpu9oab1op1k2ea</sha1>
</revision>
</page>
