<page>
<title>padeciente</title>
<ns>0</ns>
<id>389760</id>
<revision>
<id>2474824</id>
<timestamp>2018-01-06T11:49:07Z</timestamp>
<contributor>
<username>Imivorn</username>
<id>64513</id>
</contributor>
<comment>[[Ajuda:Guia de edição/Menus e ferramentas/Sumário de edição|→]] nova página: ={{-mwl-}}= ==Substantivo== {{flex.mwl|s=padeciente|p=padecientes}} {{paroxítona|pa|de|cien|te|língua=mwl}}...</comment>
<model>wikitext</model>
<format>text/x-wiki</format>
<text bytes="203" xml:space="preserve">={{-mwl-}}=
==Substantivo==
{{flex.mwl|s=padeciente|p=padecientes}}
{{paroxítona|pa|de|cien|te|língua=mwl}}, {{c2g}}
# [[paciente]], aquele que [[padecer|padece]]
[[Categoria:Substantivo (Mirandês)]]</text>
<sha1>gmqssirdhhfaoqh31uxz3yimvytkuhs</sha1>
</revision>
</page>
