<page>
<title>padeceu</title>
<ns>0</ns>
<id>92958</id>
<revision>
<id>2384804</id>
<parentid>1783954</parentid>
<timestamp>2017-05-05T21:33:42Z</timestamp>
<contributor>
<username>HydrizBot</username>
<id>29590</id>
</contributor>
<minor />
<comment>Robô: A limpar links interwikis antigos</comment>
<model>wikitext</model>
<format>text/x-wiki</format>
<text bytes="182" xml:space="preserve">={{-pt-}}=
==Forma verbal==
{{paroxítona|pa|de|ceu}}
# terceira pessoa do singular do pretérito perfeito do indicativo do verbo [[padecer]]
[[Categoria:Forma verbal (Português)]]</text>
<sha1>mp44duz7oebdc321vmw5tot7363lrqi</sha1>
</revision>
</page>
