<page>
<page>
<title>padeiras</title>
<ns>0</ns>
<id>351252</id>
<revision>
<id>2384806</id>
<parentid>2131781</parentid>
<timestamp>2017-05-05T21:33:46Z</timestamp>
<contributor>
<username>HydrizBot</username>
<id>29590</id>
</contributor>
<minor />
<comment>Robô: A limpar links interwikis antigos</comment>
<model>wikitext</model>
<format>text/x-wiki</format>
<text bytes="206" xml:space="preserve">={{-pt-}}=
==Forma de substantivo==
{{paroxítona|pa|dei|ras}}, {{f}}
# feminino plural de [[padeiro]]
{{avi-for-fle|padeiro}}
==Anagrama==
# [[parídeas]]
[[Categoria:Forma de substantivo (Português)]]</text>
<sha1>sxe8uzivd7wphghfclygsumunbz2mtv</sha1>
</revision>
