<page>
<title>padecer</title>
<ns>0</ns>
<id>53964</id>
<revision>
<id>2617579</id>
<parentid>2384803</parentid>
<timestamp>2021-02-01T04:18:55Z</timestamp>
<contributor>
<username>MarxavBot</username>
<id>80155</id>
</contributor>
<minor />
<comment>AFI Portugal</comment>
<model>wikitext</model>
<format>text/x-wiki</format>
<text bytes="899" xml:space="preserve">={{-pt-}}=
==Verbo==
{{oxítona|pa|de|cer}}
# [[sofrer]]
===Sinônimos===
{{verTambém.Ini}}
* [[aguentar]]
* [[aturar]]
* [[penar]]
* [[provar]]
{{verTambém.NovaColuna}}
* [[sofrer]]
* [[suportar]]
* [[tolerar]]
{{verTambém.Fim}}
===Conjugação===
{{conj/pt|pade|cer}}
===Tradução===
{{tradini}}
* {{trad|es|padecer}}
* {{trad|fr|endurer|souffrir|subir}}
* {{trad|gl|padecer}}
{{tradmeio}}
* {{trad|hu|szenved}}
* {{trad|en|suffer}}
* {{trad|it|patire}}
{{tradfim}}
=={{etimologia|pt}}==
: Do infinitivo latino ''patiscĕre''.
=={{pronúncia|pt}}==
===Portugal===
* AFI: {{AFI|/pɐ.dɨ.ˈseɾ/}}
==Anagramas==
# [[decepar]]
# [[depreca]]
# [[preceda]]
[[Categoria:Verbo (Português)]]
={{-es-}}=
==Verbo==
'''padecer'''
# [[padecer#Português|padecer]]
[[Categoria:Verbo (Espanhol)]]
={{-gl-}}=
==Verbo==
'''padecer'''
# [[padecer#Português|padecer]]
[[Categoria:Verbo (Galego)]]</text>
<sha1>48h7dhzbykflvukgawd2q0ue0v772jb</sha1>
</revision>
</page>
