<page>
<title>padiola</title>
<ns>0</ns>
<id>35388</id>
<revision>
<id>2555314</id>
<parentid>2384813</parentid>
<timestamp>2019-09-30T16:40:27Z</timestamp>
<contributor>
<username>Cpls</username>
<id>20608</id>
</contributor>
<minor />
<comment>/* {{-gl-}} */</comment>
<model>wikitext</model>
<format>text/x-wiki</format>
<text bytes="1283" xml:space="preserve">={{-pt-}}=
==Substantivo==
{{flex.pt|fs=padiola|fs-div=pa.di.&lt;u&gt;o&lt;/u&gt;.la|fp=padiolas|fp-div=pa.di.&lt;u&gt;o&lt;/u&gt;.las}}
{{paroxítona|pa|di|o|la}} - {{gramática|f}}
# [[tabuleiro]] [[retangular]] com dois [[varal|varais]] [[paralelo]]s destinado a [[transporte]]s
# [[cama]] [[portátil]] para o [[transporte]] de [[doente]]s ou [[ferido]]s, [[maca]]
# {{escopo|pt|Florianópolis}} [[pessoa]] [[exibido|exibida]]
===Tradução===
{{tradini|De 1}}
* {{trad|sq|barelë}}
* {{trad|de|Trage}}
* {{trad|sk|nosidlá}}
* {{trad|es|camilla}}
* {{trad|fi|paarit}}
* {{trad|fr|civière}}
* {{trad|en|stretcher}}
{{tradmeio}}
* {{trad|it|barella}}
* {{trad|lv|nestuves}}
* {{trad|pl|nosze}}
* {{trad|sv|bår}}
* {{trad|tet|hadak}}
* {{trad|tr|sedye}}
* {{trad|uk|ношi}}
{{tradfim}}
[[Categoria:Substantivo (Português)]]
={{-gl-}}=
==Substantivo==
{{flex.gl|fs=padiola|fp=padiolas}}
{{paroxítona|pa|di|o|la}} - {{gramática|f|lang=gl}}
# [[padiola#{{pt}}|padiola]], tabuleiro com dois varais para transportes
# [[padiola#{{pt}}|padiola]], cama portátil para o transporte de pessoas
# [[cesto]] para a rede de pesca
# {{escopo|gl|Ictiologia}} [[ovo]] de [[raia]] e outros [[esqualo]]s
=={{etimologia|gl}}==
: Confronte-se com ''[[padial#{{gl}}|padial]]''.
[[Categoria:Substantivo (Galego)]]</text>
<sha1>q2b8ek58hc6o1olzvj69ddm4bm3h7ha</sha1>
</revision>
</page>
