<page>
<title>padieira</title>
<ns>0</ns>
<id>400412</id>
<revision>
<id>2519652</id>
<parentid>2519651</parentid>
<timestamp>2018-09-21T09:30:13Z</timestamp>
<contributor>
<username>Cpls</username>
<id>20608</id>
</contributor>
<model>wikitext</model>
<format>text/x-wiki</format>
<text bytes="945" xml:space="preserve">={{-pt-}}=
==Substantivo==
{{flex.pt|fs=padieira|fp=padieiras}}
{{paroxítona|pa|di|ei|a}}, {{g|f}}
# [[dintel]]
===Sinónimo===
* [[pavieira]]
[[Categoria:Substantivo (Português)]]
={{-gl-}}=
==Substantivo&lt;sup&gt;1&lt;/sup&gt;==
{{flex.gl|fs=padieira|fp=padieiras}}
{{paroxítona|pa|di|ei|a|lang=gl}}, {{g|f|lang=gl}}
# [[parede]] lateral feita de tábuas do [[espigueiro]]
# [[padieira#{{pt}}|padieira]], [[dintel]]
===Sinónimo===
* De '''1''': [[pudieira#{{gl}}|pudieira]]
==={{etimologia|gl}}===
: {{escopo|Morfologia}} De ''[[pádia#{{gl}}|pádia]]'' + ''[[-eira#{{gl}}|-eira]]''. Confronte-se com ''[[púdia#{{gl}}|púdia]]''.
==Substantivo&lt;sup&gt;2&lt;/sup&gt;==
{{flex.gl|fs=padieira|fp=padieiras}}
{{paroxítona|pa|di|ei|a|lang=gl}}, {{g|f|lang=gl}}
# na [[lareira]], pedra grande que sustém uma pedra onde é cozido um bolo entre as cinzas
==={{etimologia|gl}}===
: Aparentada com ''[[pão#{{gl}}|pão]]''.
[[Categoria:Substantivo (Galego)]]</text>
<sha1>b7nlxvy16i0keki6wo8qhpng8rr008g</sha1>
</revision>
</page>
