<page>
<page>
<title>padi</title>
<ns>0</ns>
<id>318324</id>
<revision>
<id>2594892</id>
<parentid>2384812</parentid>
<timestamp>2020-08-24T10:00:24Z</timestamp>
<contributor>
<username>ValJor</username>
<id>1358</id>
</contributor>
<comment>Confirmando [[:Categoria:!Entrada criada por robô|verbete criado por robô]]</comment>
<model>wikitext</model>
<format>text/x-wiki</format>
<text bytes="1026" xml:space="preserve">{{Wikipédia|lang=ban}}
{{Wikipédia|lang=id}}
{{Wikipédia|lang=ms}}
{{Wikipédia|lang=min}}
[[Imagem:Oryza sativa MHNT.BOT.2015.2.52.jpg|thumb|right|250px|&lt;center&gt;Arroz&lt;/center&gt;]]
={{-ban-}}=
==Substantivo==
'''padi'''
# [[arroz]]
[[Categoria:Substantivo (Balinês)]]
[[Categoria:Alimentação (Balinês)]]
[[Categoria:Botânica (Balinês)]]
[[Categoria:Entrada com imagem (Balinês)]]
={{-id-}}=
==Substantivo==
'''padi'''
# [[arroz]]
[[Categoria:Substantivo (Indonésio)]]
[[Categoria:Alimentação (Indonésio)]]
[[Categoria:Botânica (Indonésio)]]
[[Categoria:Entrada com imagem (Indonésio)]]
={{-ms-}}=
==Substantivo==
'''padi'''
# [[arroz]]
[[Categoria:Substantivo (Malaio)]]
[[Categoria:Alimentação (Malaio)]]
[[Categoria:Botânica (Malaio)]]
[[Categoria:Entrada com imagem (Malaio)]]
={{-min-}}=
==Substantivo==
'''padi'''
# [[arroz]]
[[Categoria:Substantivo (Minangkabau)]]
[[Categoria:Alimentação (Minangkabau)]]
[[Categoria:Botânica (Minangkabau)]]
[[Categoria:Entrada com imagem (Minangkabau)]]</text>
<sha1>n6t2d2vxq5ckakxlmedgw37poggji9d</sha1>
</revision>
