<page>
<title>padlock</title>
<ns>0</ns>
<id>111808</id>
<revision>
<id>2384814</id>
<parentid>1940620</parentid>
<timestamp>2017-05-05T21:34:09Z</timestamp>
<contributor>
<username>HydrizBot</username>
<id>29590</id>
</contributor>
<minor />
<comment>Robô: A limpar links interwikis antigos</comment>
<model>wikitext</model>
<format>text/x-wiki</format>
<text bytes="178" xml:space="preserve">={{-en-}}=
==Substantivo==
'''padlock'''
# [[cadeado]]
==Ver também==
===No Wikcionário===
{{verTambém.Ini}}
* [[key]]
{{verTambém.Fim}}
[[Categoria:Substantivo (Inglês)]]</text>
<sha1>ch4zkuna1sijuyxipx1ujmc3gd4b1hf</sha1>
</revision>
</page>
