<page>
<title>padoques</title>
<ns>0</ns>
<id>345736</id>
<revision>
<id>2010870</id>
<parentid>2010869</parentid>
<timestamp>2015-10-06T10:30:40Z</timestamp>
<contributor>
<username>MIL973</username>
<id>41339</id>
</contributor>
<minor />
<comment>adicionou [[Categoria:Forma de substantivo (Português)]] usando [[Wikcionário:HotCat|HotCat]]</comment>
<model>wikitext</model>
<format>text/x-wiki</format>
<text bytes="167" xml:space="preserve">={{-pt-}}=
==Forma de substantivo==
{{paroxítona|pa|do|ques}}, {{m}}
# plural de [[padoque]]
{{avi-for-fle|padoque}}
[[Categoria:Forma de substantivo (Português)]]</text>
<sha1>b7pp4vbvvp81tbh7rxyopo1thax2qyo</sha1>
</revision>
</page>
