<page>
<title>padoque</title>
<ns>0</ns>
<id>345708</id>
<revision>
<id>2089888</id>
<parentid>2089887</parentid>
<timestamp>2016-04-20T04:38:09Z</timestamp>
<contributor>
<username>Jéssica S. Ciqueira</username>
<id>53180</id>
</contributor>
<model>wikitext</model>
<format>text/x-wiki</format>
<text bytes="440" xml:space="preserve">={{-pt-}}=
==Substantivo==
{{flex.pt|ms=padoque|mp=padoques}}
{{paroxítona|pa|do|que}}, {{m}}
# [[recinto]] fechado para [[abrigar]] [[cavalo]]s no [[hipódromo]]
===Tradução===
{{tradini}}
* {{trad|en|paddock}}
{{tradmeio}}
{{tradfim}}
=={{etimologia|pt}}==
: Do inglês {{etimo|en|paddock}}.
==Ver também==
===No Wikcionário===
* [[box]]
[[Categoria:Substantivo (Português)]]
[[Categoria:Entrada de étimo inglês (Português)]]</text>
<sha1>em49sutopbvdf2ztn73zne9jk039deh</sha1>
</revision>
</page>
