<page>
<page>
<title>padreco</title>
<ns>0</ns>
<id>274341</id>
<revision>
<id>1233327</id>
<parentid>1233274</parentid>
<timestamp>2011-07-29T17:38:38Z</timestamp>
<contributor>
<username>OTAVIO1981</username>
<id>5983</id>
</contributor>
<model>wikitext</model>
<format>text/x-wiki</format>
<text bytes="133" xml:space="preserve">={{-pt-}}=
==Substantivo==
{{paroxítona|pa|dre|co}}, {{m}}
# forma depreciativa de [[padre]]
[[Categoria:Substantivo (Português)]]</text>
<sha1>faovyfc2o6lo14dr4xnu3pxamlywzar</sha1>
</revision>
