<page>
<title>padronizásseis</title>
<ns>0</ns>
<id>265892</id>
<revision>
<id>2384870</id>
<parentid>2131791</parentid>
<timestamp>2017-05-05T21:36:10Z</timestamp>
<contributor>
<username>HydrizBot</username>
<id>29590</id>
</contributor>
<minor />
<comment>Robô: A limpar links interwikis antigos</comment>
<model>wikitext</model>
<format>text/x-wiki</format>
<text bytes="206" xml:space="preserve">={{-pt-}}=
==Forma verbal==
'''padronizásseis'''
#[[segunda pessoa]] do [[plural]] do [[pretérito imperfeito]] do [[modo subjuntivo]] do verbo '''[[padronizar]]'''
[[Categoria:Forma verbal (Português)]]</text>
<sha1>2e5bo44fg7cxryrq8et03bxkt0m2avq</sha1>
</revision>
</page>
