<page>
<page>
<title>padronizássemos</title>
<ns>0</ns>
<id>265891</id>
<revision>
<id>2384871</id>
<parentid>2131790</parentid>
<timestamp>2017-05-05T21:36:12Z</timestamp>
<contributor>
<username>HydrizBot</username>
<id>29590</id>
</contributor>
<minor />
<comment>Robô: A limpar links interwikis antigos</comment>
<model>wikitext</model>
<format>text/x-wiki</format>
<text bytes="208" xml:space="preserve">={{-pt-}}=
==Forma verbal==
'''padronizássemos'''
#[[primeira pessoa]] do [[plural]] do [[pretérito imperfeito]] do [[modo subjuntivo]] do verbo '''[[padronizar]]'''
[[Categoria:Forma verbal (Português)]]</text>
<sha1>q9ta0k91y1qq61m3b84as1mx4k570ch</sha1>
</revision>
