<page>
<title>padrastos</title>
<ns>0</ns>
<id>387889</id>
<revision>
<id>2469242</id>
<timestamp>2017-12-10T19:51:10Z</timestamp>
<contributor>
<username>Imivorn</username>
<id>64513</id>
</contributor>
<comment>[[Ajuda:Guia de edição/Menus e ferramentas/Sumário de edição|→]] nova página: ={{-mwl-}}= ==Forma de substantivo== {{paroxítona|pa|dras|tos|língua=mwl}} # plural de '''padrasto#{{mwl}...</comment>
<model>wikitext</model>
<format>text/x-wiki</format>
<text bytes="172" xml:space="preserve">={{-mwl-}}=
==Forma de substantivo==
{{paroxítona|pa|dras|tos|língua=mwl}}
# plural de '''[[padrasto#{{mwl}}|padrasto]]'''
[[Categoria:Forma de substantivo (Mirandês)]]</text>
<sha1>5qskrzsx1ibkkrjizkbv8ebtueab9fh</sha1>
</revision>
</page>
