<page>
<title>padronizarem</title>
<ns>0</ns>
<id>265897</id>
<revision>
<id>2384837</id>
<parentid>2131822</parentid>
<timestamp>2017-05-05T21:35:09Z</timestamp>
<contributor>
<username>HydrizBot</username>
<id>29590</id>
</contributor>
<minor />
<comment>Robô: A limpar links interwikis antigos</comment>
<model>wikitext</model>
<format>text/x-wiki</format>
<text bytes="280" xml:space="preserve">={{-pt-}}=
==Forma verbal==
'''padronizarem'''
#[[terceira pessoa]] do [[plural]] do [[futuro]] do [[modo subjuntivo]] do verbo '''[[padronizar]]'''
#[[infinitivo pessoal]] da [[terceira pessoa]] do [[plural]] do verbo '''[[padronizar]]'''
[[Categoria:Forma verbal (Português)]]</text>
<sha1>7b5f8scpm43fd9f41rlw3yrx1g9ygjx</sha1>
</revision>
</page>
