<page>
<title>Padrões</title>
<ns>0</ns>
<id>330325</id>
<revision>
<id>2448714</id>
<parentid>2087403</parentid>
<timestamp>2017-09-11T00:39:39Z</timestamp>
<contributor>
<username>MIL973</username>
<id>41339</id>
</contributor>
<model>wikitext</model>
<format>text/x-wiki</format>
<text bytes="206" xml:space="preserve">{{ver também|padrões}}
={{-pt-}}=
==Forma de substantivo==
{{oxítona|Pa|drões}}, {{gramática|pr|c2gp}}
# plural de [[Padrão]]
{{avi-for-fle|Padrão}}
[[Categoria:Forma de substantivo (Português)]]</text>
<sha1>t5o6rk7o5kjxiep2usyl0p0j63goiqd</sha1>
</revision>
</page>
