<page>
<title>padronizarei</title>
<ns>0</ns>
<id>265873</id>
<revision>
<id>2384835</id>
<parentid>2131763</parentid>
<timestamp>2017-05-05T21:35:04Z</timestamp>
<contributor>
<username>HydrizBot</username>
<id>29590</id>
</contributor>
<minor />
<comment>Robô: A limpar links interwikis antigos</comment>
<model>wikitext</model>
<format>text/x-wiki</format>
<text bytes="180" xml:space="preserve">={{-pt-}}=
==Forma verbal==
'''padronizarei'''
#[[primeira pessoa]] do [[singular]] do [[futuro do presente]] do verbo '''[[padronizar]]'''
[[Categoria:Forma verbal (Português)]]</text>
<sha1>qkss1ex863lht3qgupvqqaqvlt1gl2i</sha1>
</revision>
</page>
