<page>
<title>padronizações</title>
<ns>0</ns>
<id>331437</id>
<revision>
<id>1863368</id>
<parentid>1863367</parentid>
<timestamp>2014-09-28T11:08:25Z</timestamp>
<contributor>
<username>MIL973</username>
<id>41339</id>
</contributor>
<minor />
<comment>adicionou [[Categoria:Forma de substantivo (Português)]] usando [[Wikcionário:HotCat|HotCat]]</comment>
<model>wikitext</model>
<format>text/x-wiki</format>
<text bytes="191" xml:space="preserve">={{-pt-}}=
==Forma de substantivo==
{{oxítona|pa|dro|ni|za|ções}}, {{f}}
# [[plural]] de [[padronização]]
{{avi-for-fle|padronização}}
[[Categoria:Forma de substantivo (Português)]]</text>
<sha1>djjbhry4401y4k9ljbrl9j3zqzbymbj</sha1>
</revision>
</page>
