<page>
<title>padronizei</title>
<ns>0</ns>
<id>265863</id>
<revision>
<id>2384860</id>
<parentid>2131801</parentid>
<timestamp>2017-05-05T21:35:52Z</timestamp>
<contributor>
<username>HydrizBot</username>
<id>29590</id>
</contributor>
<minor />
<comment>Robô: A limpar links interwikis antigos</comment>
<model>wikitext</model>
<format>text/x-wiki</format>
<text bytes="202" xml:space="preserve">={{-pt-}}=
==Forma verbal==
'''padronizei'''
#[[primeira pessoa]] do [[singular]] do [[pretérito perfeito]] do [[modo indicativo]] do verbo '''[[padronizar]]'''
[[Categoria:Forma verbal (Português)]]</text>
<sha1>raws7c09prbgmmilm4l8qey9grdpry6</sha1>
</revision>
</page>
