<page>
<title>padronizarias</title>
<ns>0</ns>
<id>265880</id>
<revision>
<id>2384842</id>
<parentid>2131817</parentid>
<timestamp>2017-05-05T21:35:17Z</timestamp>
<contributor>
<username>HydrizBot</username>
<id>29590</id>
</contributor>
<minor />
<comment>Robô: A limpar links interwikis antigos</comment>
<model>wikitext</model>
<format>text/x-wiki</format>
<text bytes="182" xml:space="preserve">={{-pt-}}=
==Forma verbal==
'''padronizarias'''
#[[segunda pessoa]] do [[singular]] do [[futuro do pretérito]] do verbo '''[[padronizar]]'''
[[Categoria:Forma verbal (Português)]]</text>
<sha1>cexbp8s7ymvfyzpwpvns815l16g35av</sha1>
</revision>
</page>
