<page>
<page>
<title>padres</title>
<ns>0</ns>
<id>69178</id>
<revision>
<id>2384820</id>
<parentid>2167878</parentid>
<timestamp>2017-05-05T21:34:33Z</timestamp>
<contributor>
<username>HydrizBot</username>
<id>29590</id>
</contributor>
<minor />
<comment>Robô: A limpar links interwikis antigos</comment>
<model>wikitext</model>
<format>text/x-wiki</format>
<text bytes="129" xml:space="preserve">={{-pt-}}=
[[Categoria:Substantivo (Português)]]
==Substantivo==
'''padres''' ''masculino ''
# [[plural]] [[de]] '''[[padre]]'''</text>
<sha1>7meux6majh3dmsxsmrwl3iz8acyn08p</sha1>
</revision>
