<page>
<page>
<title>padronizo</title>
<ns>0</ns>
<id>265852</id>
<revision>
<id>2384865</id>
<parentid>2131796</parentid>
<timestamp>2017-05-05T21:36:01Z</timestamp>
<contributor>
<username>HydrizBot</username>
<id>29590</id>
</contributor>
<minor />
<comment>Robô: A limpar links interwikis antigos</comment>
<model>wikitext</model>
<format>text/x-wiki</format>
<text bytes="186" xml:space="preserve">={{-pt-}}=
==Forma verbal==
'''padronizo'''
#[[primeira]] [[pessoa]] do [[singular]] do [[presente]] [[indicativo]] do verbo '''[[padronizar]]'''
[[Categoria:Forma verbal (Português)]]</text>
<sha1>bkgr58zbg912b3uyqw6nkv5p79ex20x</sha1>
</revision>
