<page>
<title>padronizas</title>
<ns>0</ns>
<id>265853</id>
<revision>
<id>2384849</id>
<parentid>2131811</parentid>
<timestamp>2017-05-05T21:35:29Z</timestamp>
<contributor>
<username>HydrizBot</username>
<id>29590</id>
</contributor>
<minor />
<comment>Robô: A limpar links interwikis antigos</comment>
<model>wikitext</model>
<format>text/x-wiki</format>
<text bytes="186" xml:space="preserve">={{-pt-}}=
==Forma verbal==
'''padronizas'''
#[[segunda]] [[pessoa]] do [[singular]] do [[presente]] [[indicativo]] do verbo '''[[padronizar]]'''
[[Categoria:Forma verbal (Português)]]</text>
<sha1>dhp2czqt8qfrdz9izn37ge8dcfklend</sha1>
</revision>
</page>
