<page>
<title>padrasgo</title>
<ns>0</ns>
<id>442305</id>
<revision>
<id>2669871</id>
<timestamp>2022-04-01T17:05:06Z</timestamp>
<contributor>
<username>Cpls</username>
<id>20608</id>
</contributor>
<comment>[[Ajuda:Guia de edição/Menus e ferramentas/Sumário de edição|→]] nova página: ={{-gl-}}= ==Substantivo== {{flex.gl|ms=padrasgo|mp=padrasgos}} {{paroxítona|pa|dras|go|lang=gl}}, {{g|m|lang=gl}} # [[padrasto#{{pt}}|padrasto]] # [[obstáculo]], impedimento, inconveniente # [[parede]] entre dous vãos  ===Sinónimos=== * De '''1''': [[padrasco#{{gl}}|padrasco]], [[padrasto#{{gl}}|padrasto]]  =={{etimologia|gl}}== : Variação de De ''[[padrasco#{{gl}}|padrasco]]''. Confronte-se com ''[...</comment>
<model>wikitext</model>
<format>text/x-wiki</format>
<text bytes="475" xml:space="preserve">={{-gl-}}=
==Substantivo==
{{flex.gl|ms=padrasgo|mp=padrasgos}}
{{paroxítona|pa|dras|go|lang=gl}}, {{g|m|lang=gl}}
# [[padrasto#{{pt}}|padrasto]]
# [[obstáculo]], impedimento, inconveniente
# [[parede]] entre dous vãos
===Sinónimos===
* De '''1''': [[padrasco#{{gl}}|padrasco]], [[padrasto#{{gl}}|padrasto]]
=={{etimologia|gl}}==
: Variação de De ''[[padrasco#{{gl}}|padrasco]]''. Confronte-se com ''[[madrasga#{{gl}}|madrasga]]''.
[[Categoria:Substantivo (Galego)]]</text>
<sha1>9hkcjymxeetw8k9bjm0b77k91cy9v4k</sha1>
</revision>
</page>
