<page>
<title>padronize</title>
<ns>0</ns>
<id>265884</id>
<revision>
<id>2384859</id>
<parentid>2131802</parentid>
<timestamp>2017-05-05T21:35:50Z</timestamp>
<contributor>
<username>HydrizBot</username>
<id>29590</id>
</contributor>
<minor />
<comment>Robô: A limpar links interwikis antigos</comment>
<model>wikitext</model>
<format>text/x-wiki</format>
<text bytes="419" xml:space="preserve">={{-pt-}}=
==Forma verbal==
'''padronize'''
#[[primeira pessoa|primeira]] e [[terceira pessoa]] do [[singular]] do [[presente]] do [[modo subjuntivo]] do verbo '''[[padronizar]]'''
#[[terceira pessoa]] do [[singular]] do [[imperativo]] [[afirmativo]] do verbo '''[[padronizar]]'''
#[[terceira pessoa]] do [[singular]] do [[imperativo]] [[negativo]] do verbo '''[[padronizar]]'''
[[Categoria:Forma verbal (Português)]]</text>
<sha1>26ic8bphpyi01zyn02hzv0ybe4sgze4</sha1>
</revision>
</page>
