<page>
<title>padronizasse</title>
<ns>0</ns>
<id>265889</id>
<revision>
<id>2384850</id>
<parentid>2131810</parentid>
<timestamp>2017-05-05T21:35:31Z</timestamp>
<contributor>
<username>HydrizBot</username>
<id>29590</id>
</contributor>
<minor />
<comment>Robô: A limpar links interwikis antigos</comment>
<model>wikitext</model>
<format>text/x-wiki</format>
<text bytes="237" xml:space="preserve">={{-pt-}}=
==Forma verbal==
'''padronizasse'''
#[[primeira pessoa|primeira]] e [[terceira pessoa]] do [[singular]] do [[pretérito imperfeito]] do [[modo subjuntivo]] do verbo '''[[padronizar]]'''
[[Categoria:Forma verbal (Português)]]</text>
<sha1>epmpivpfuusy32v1fmqj9wtxjitayic</sha1>
</revision>
</page>
