<page>
<title>padronizaríamos</title>
<ns>0</ns>
<id>265881</id>
<revision>
<id>2384847</id>
<parentid>2131813</parentid>
<timestamp>2017-05-05T21:35:26Z</timestamp>
<contributor>
<username>HydrizBot</username>
<id>29590</id>
</contributor>
<minor />
<comment>Robô: A limpar links interwikis antigos</comment>
<model>wikitext</model>
<format>text/x-wiki</format>
<text bytes="184" xml:space="preserve">={{-pt-}}=
==Forma verbal==
'''padronizaríamos'''
#[[primeira pessoa]] do [[plural]] do [[futuro do pretérito]] do verbo '''[[padronizar]]'''
[[Categoria:Forma verbal (Português)]]</text>
<sha1>jvh9tb71qpt50bhlitmllqtpndvts23</sha1>
</revision>
</page>
