<page>
<title>padronizávamos</title>
<ns>0</ns>
<id>265860</id>
<revision>
<id>2384872</id>
<parentid>2131789</parentid>
<timestamp>2017-05-05T21:36:14Z</timestamp>
<contributor>
<username>HydrizBot</username>
<id>29590</id>
</contributor>
<minor />
<comment>Robô: A limpar links interwikis antigos</comment>
<model>wikitext</model>
<format>text/x-wiki</format>
<text bytes="207" xml:space="preserve">={{-pt-}}=
==Forma verbal==
'''padronizávamos'''
#[[primeira pessoa]] do [[plural]] do [[pretérito imperfeito]] do [[modo indicativo]] do verbo '''[[padronizar]]'''
[[Categoria:Forma verbal (Português)]]</text>
<sha1>p0t2rc63vj77h1q0w0roltze68zndyv</sha1>
</revision>
</page>
