<page>
<page>
<title>padrões</title>
<ns>0</ns>
<id>330326</id>
<revision>
<id>2448711</id>
<parentid>2384875</parentid>
<timestamp>2017-09-11T00:37:45Z</timestamp>
<contributor>
<username>MIL973</username>
<id>41339</id>
</contributor>
<model>wikitext</model>
<format>text/x-wiki</format>
<text bytes="201" xml:space="preserve">{{ver também|Padrões}}
={{-pt-}}=
==Forma de substantivo==
{{oxítona|pa|drões}}, {{gramática|mp}}
# plural de [[padrão]]
{{avi-for-fle|padrão}}
[[Categoria:Forma de substantivo (Português)]]</text>
<sha1>19eo0wxlccz8ciwmubrmeho0to4swdh</sha1>
</revision>
