<page>
<title>padronizavas</title>
<ns>0</ns>
<id>265859</id>
<revision>
<id>2384857</id>
<parentid>2131803</parentid>
<timestamp>2017-05-05T21:35:46Z</timestamp>
<contributor>
<username>HydrizBot</username>
<id>29590</id>
</contributor>
<minor />
<comment>Robô: A limpar links interwikis antigos</comment>
<model>wikitext</model>
<format>text/x-wiki</format>
<text bytes="205" xml:space="preserve">={{-pt-}}=
==Forma verbal==
'''padronizavas'''
#[[segunda pessoa]] do [[singular]] do [[pretérito imperfeito]] do [[modo indicativo]] do verbo '''[[padronizar]]'''
[[Categoria:Forma verbal (Português)]]</text>
<sha1>sb8wjmyotaq9jqrg0327dzpvt7ukkp3</sha1>
</revision>
</page>
