<page>
<title>padronizareis</title>
<ns>0</ns>
<id>265877</id>
<revision>
<id>2384836</id>
<parentid>2131823</parentid>
<timestamp>2017-05-05T21:35:06Z</timestamp>
<contributor>
<username>HydrizBot</username>
<id>29590</id>
</contributor>
<minor />
<comment>Robô: A limpar links interwikis antigos</comment>
<model>wikitext</model>
<format>text/x-wiki</format>
<text bytes="178" xml:space="preserve">={{-pt-}}=
==Forma verbal==
'''padronizareis'''
#[[segunda pessoa]] do [[plural]] do [[futuro do presente]] do verbo '''[[padronizar]]'''
[[Categoria:Forma verbal (Português)]]</text>
<sha1>6411z5u8p2sgthbi7tyougkj2ktajpt</sha1>
</revision>
</page>
