<page>
<page>
<title>padrinho</title>
<ns>0</ns>
<id>30944</id>
<revision>
<id>2592663</id>
<parentid>2592662</parentid>
<timestamp>2020-07-23T04:00:30Z</timestamp>
<contributor>
<username>Nadzik</username>
<id>75685</id>
</contributor>
<minor />
<comment>Undid edits by [[Special:Contribs/170.233.102.233|170.233.102.233]] ([[User talk:170.233.102.233|talk]]) to last version by 189.40.90.80</comment>
<model>wikitext</model>
<format>text/x-wiki</format>
<text bytes="1179" xml:space="preserve">{{Wikipédia}}
[[Categoria:Família (Português)]]
={{-pt-}}=
==Substantivo==
{{flex.pt|ms=padrinho|mp=padrinhos|fs=madrinha|fp=madrinhas}}
{{paroxítona|pa|dri|nho}}
# um [[homem]] que [[servir|serve]] como [[testemunha]] no [[batismo]] de uma [[criança]], numa [[cerimônia]] de [[casamento]] etc
# homem que apresenta alguém (geralmente criança) para ser batizado ou crismado com o compromisso implícito de, na ausência dos pais, provê-lo de tudo quanto lhe seja necessário;
===Tradução===
{{tradini|Homem que serve como testemunha}}
* {{trad|de|Pate|Taufpate}}
* {{trad|hr|kum}}
* {{trad|es|padrino}}
* {{trad|eo|baptopatro}}
* {{trad|fr|parrain}}
* {{trad|nl|peet|peetvader}}
* {{trad|hu|keresztapa}}
{{tradmeio}}
* {{trad|en|godfather}}
* {{trad|it|compare|padrino}}
* {{trad|ms|bapak serani}}
* {{trad|mwl|padrino}}
* {{trad|sv|gudfar}}
* {{trad|tl|nínong}}
* {{trad|tet|aman-sarani}}
{{tradfim}}
{{tradini|Padrinho de casamento}}
*{{trad|de|Trauzeuge‎}}
{{tradmeio}}
*{{trad|en|best man}}
{{tradfim}}
=={{etimologia|pt}}==
: Do {{etm|la|pt}} ''patrinu'', diminutivo de ''pater''.
[[Categoria:Substantivo (Português)]]
[[Categoria:Religião (Português)]]</text>
<sha1>sltt5nmwah2a87vr6wvhj1hw3zrp4h6</sha1>
</revision>
