<page>
<title>padronizassem</title>
<ns>0</ns>
<id>265893</id>
<revision>
<id>2384851</id>
<parentid>2131809</parentid>
<timestamp>2017-05-05T21:35:33Z</timestamp>
<contributor>
<username>HydrizBot</username>
<id>29590</id>
</contributor>
<minor />
<comment>Robô: A limpar links interwikis antigos</comment>
<model>wikitext</model>
<format>text/x-wiki</format>
<text bytes="205" xml:space="preserve">={{-pt-}}=
==Forma verbal==
'''padronizassem'''
#[[terceira pessoa]] do [[plural]] do [[pretérito imperfeito]] do [[modo subjuntivo]] do verbo '''[[padronizar]]'''
[[Categoria:Forma verbal (Português)]]</text>
<sha1>629sfqi658wr5i2kc1smitfdn5rs05l</sha1>
</revision>
</page>
