<page>
<title>padronizar</title>
<ns>0</ns>
<id>226317</id>
<revision>
<id>2384830</id>
<parentid>2182024</parentid>
<timestamp>2017-05-05T21:34:54Z</timestamp>
<contributor>
<username>HydrizBot</username>
<id>29590</id>
</contributor>
<minor />
<comment>Robô: A limpar links interwikis antigos</comment>
<model>wikitext</model>
<format>text/x-wiki</format>
<text bytes="523" xml:space="preserve">={{-pt-}}=
==Verbo==
{{oxítona|pa|dro|ni|zar}}, {{gramática|vtd}}
# estabelecer o [[padrão]] de
# dar (a uma [[série]] de [[objeto]]s, [[processo]]s, [[formalidade]]s, etc.) uma [[feição]] comum, [[típico|típica]], segundo um [[modelo]] [[escolhido]]
===Conjugação===
{{conj/pt|padroniz|ar}}
==Ver também==
===No Wikcionário===
{{verTambém.Ini}}
* [[padronização]]
{{verTambém.NovaColuna}}
* [[padronizado]]
{{verTambém.NovaColuna}}
* [[padronizador]]
{{verTambém.Fim}}
[[Categoria:Verbo (Português)]]</text>
<sha1>33ey5kwi0vx4gah25goerj7zfjfgk6i</sha1>
</revision>
</page>
