<page>
<title>padronizava</title>
<ns>0</ns>
<id>265858</id>
<revision>
<id>2384855</id>
<parentid>2131805</parentid>
<timestamp>2017-05-05T21:35:41Z</timestamp>
<contributor>
<username>HydrizBot</username>
<id>29590</id>
</contributor>
<minor />
<comment>Robô: A limpar links interwikis antigos</comment>
<model>wikitext</model>
<format>text/x-wiki</format>
<text bytes="236" xml:space="preserve">={{-pt-}}=
==Forma verbal==
'''padronizava'''
#[[primeira pessoa|primeira]] e [[terceira pessoa]] do [[singular]] do [[pretérito imperfeito]] do [[modo indicativo]] do verbo '''[[padronizar]]'''
[[Categoria:Forma verbal (Português)]]</text>
<sha1>h02c4uv1wjymqwuj9h8k3yvzpcg6xsv</sha1>
</revision>
</page>
