<page>
<title>padronizavam</title>
<ns>0</ns>
<id>265862</id>
<revision>
<id>2384856</id>
<parentid>2131804</parentid>
<timestamp>2017-05-05T21:35:44Z</timestamp>
<contributor>
<username>HydrizBot</username>
<id>29590</id>
</contributor>
<minor />
<comment>Robô: A limpar links interwikis antigos</comment>
<model>wikitext</model>
<format>text/x-wiki</format>
<text bytes="204" xml:space="preserve">={{-pt-}}=
==Forma verbal==
'''padronizavam'''
#[[terceira pessoa]] do [[plural]] do [[pretérito imperfeito]] do [[modo indicativo]] do verbo '''[[padronizar]]'''
[[Categoria:Forma verbal (Português)]]</text>
<sha1>jnama5x58k97hd8i6mcqjqthvrak849</sha1>
</revision>
</page>
