<page>
<title>padronizarás</title>
<ns>0</ns>
<id>265874</id>
<revision>
<id>2384845</id>
<parentid>2131815</parentid>
<timestamp>2017-05-05T21:35:22Z</timestamp>
<contributor>
<username>HydrizBot</username>
<id>29590</id>
</contributor>
<minor />
<comment>Robô: A limpar links interwikis antigos</comment>
<model>wikitext</model>
<format>text/x-wiki</format>
<text bytes="202" xml:space="preserve">={{-pt-}}=
==Forma verbal==
{{oxítona|pa|dro|ni|za|rás}}
# segunda pessoa do singular do futuro do presente do verbo [[padronizar]]
{{avi-for-fle|padronizar}}
[[Categoria:Forma verbal (Português)]]</text>
<sha1>ozs8dvs4a12l4kq2idcj945mmeg02hz</sha1>
</revision>
</page>
