<page>
<title>padronizastes</title>
<ns>0</ns>
<id>265867</id>
<revision>
<id>2384854</id>
<parentid>2131806</parentid>
<timestamp>2017-05-05T21:35:39Z</timestamp>
<contributor>
<username>HydrizBot</username>
<id>29590</id>
</contributor>
<minor />
<comment>Robô: A limpar links interwikis antigos</comment>
<model>wikitext</model>
<format>text/x-wiki</format>
<text bytes="202" xml:space="preserve">={{-pt-}}=
==Forma verbal==
'''padronizastes'''
#[[segunda pessoa]] do [[plural]] do [[pretérito perfeito]] do [[modo indicativo]] do verbo '''[[padronizar]]'''
[[Categoria:Forma verbal (Português)]]</text>
<sha1>1rio4d4i7jo1r7o08flp2rg7ftyeeoo</sha1>
</revision>
</page>
