<page>
<title>padrinos</title>
<ns>0</ns>
<id>387821</id>
<revision>
<id>2469062</id>
<timestamp>2017-12-10T12:00:57Z</timestamp>
<contributor>
<username>Imivorn</username>
<id>64513</id>
</contributor>
<comment>[[Ajuda:Guia de edição/Menus e ferramentas/Sumário de edição|→]] nova página: ={{-mwl-}}= ==Forma de substantivo== {{paroxítona|pa|dri|nos|língua=mwl}} # plural de '''padrino#{{mwl}}|...</comment>
<model>wikitext</model>
<format>text/x-wiki</format>
<text bytes="169" xml:space="preserve">={{-mwl-}}=
==Forma de substantivo==
{{paroxítona|pa|dri|nos|língua=mwl}}
# plural de '''[[padrino#{{mwl}}|padrino]]'''
[[Categoria:Forma de substantivo (Mirandês)]]</text>
<sha1>dtt2vtrzurf154o1l09eogsaiwf03ub</sha1>
</revision>
</page>
