<page>
<page>
<title>padronização</title>
<ns>0</ns>
<id>331436</id>
<revision>
<id>2384858</id>
<parentid>1992993</parentid>
<timestamp>2017-05-05T21:35:48Z</timestamp>
<contributor>
<username>HydrizBot</username>
<id>29590</id>
</contributor>
<minor />
<comment>Robô: A limpar links interwikis antigos</comment>
<model>wikitext</model>
<format>text/x-wiki</format>
<text bytes="272" xml:space="preserve">={{-pt-}}=
==Substantivo==
{{flex.pt|fs=padronização|fp=padronizações}}
{{oxítona|pa|dro|ni|za|ção}}, {{f}}
# [[ato]] ou [[efeito]] de [[padronizar]]
=={{etimologia|pt}}==
: {{escopo|Morfologia}} [[padronizar]] + [[-ção]].
[[Categoria:Substantivo (Português)]]</text>
<sha1>aoe43o3o6gtiwem9qjmgpvesd86wh60</sha1>
</revision>
