<page>
<page>
<title>padronizares</title>
<ns>0</ns>
<id>265894</id>
<revision>
<id>2384839</id>
<parentid>2131820</parentid>
<timestamp>2017-05-05T21:35:12Z</timestamp>
<contributor>
<username>HydrizBot</username>
<id>29590</id>
</contributor>
<minor />
<comment>Robô: A limpar links interwikis antigos</comment>
<model>wikitext</model>
<format>text/x-wiki</format>
<text bytes="282" xml:space="preserve">={{-pt-}}=
==Forma verbal==
'''padronizares'''
#[[segunda pessoa]] do [[singular]] do [[futuro]] do [[modo subjuntivo]] do verbo '''[[padronizar]]'''
#[[infinitivo pessoal]] da [[segunda pessoa]] do [[singular]] do verbo '''[[padronizar]]'''
[[Categoria:Forma verbal (Português)]]</text>
<sha1>mm85euq6u99ogex4438a01baqw6593w</sha1>
</revision>
