<page>
<title>padronizaste</title>
<ns>0</ns>
<id>265864</id>
<revision>
<id>2384853</id>
<parentid>2131807</parentid>
<timestamp>2017-05-05T21:35:37Z</timestamp>
<contributor>
<username>HydrizBot</username>
<id>29590</id>
</contributor>
<minor />
<comment>Robô: A limpar links interwikis antigos</comment>
<model>wikitext</model>
<format>text/x-wiki</format>
<text bytes="203" xml:space="preserve">={{-pt-}}=
==Forma verbal==
'''padronizaste'''
#[[segunda pessoa]] do [[singular]] do [[pretérito perfeito]] do [[modo indicativo]] do verbo '''[[padronizar]]'''
[[Categoria:Forma verbal (Português)]]</text>
<sha1>ds7age41u5wzeloamlcext7nyg4c45a</sha1>
</revision>
</page>
