<page>
<page>
<title>Padrão</title>
<ns>0</ns>
<id>330324</id>
<revision>
<id>2448713</id>
<parentid>2100039</parentid>
<timestamp>2017-09-11T00:39:17Z</timestamp>
<contributor>
<username>MIL973</username>
<id>41339</id>
</contributor>
<model>wikitext</model>
<format>text/x-wiki</format>
<text bytes="247" xml:space="preserve">{{ver também|padrão}}
={{-pt-}}=
==Substantivo==
{{flex.pt|s=Padrão|p=Padrões}}
{{oxítona|Pa|drão}}, {{gramática|pr|c2g}}
# {{escopo|pt|Antropônimo}} [[Apêndice:Sobrenomes em português|sobrenome]]
[[Categoria:Substantivo (Português)]]</text>
<sha1>awefbslpt2xgxpl7vurd2bjtkxdbx91</sha1>
</revision>
