<page>
<title>padronizem</title>
<ns>0</ns>
<id>265888</id>
<revision>
<id>2384862</id>
<parentid>2131799</parentid>
<timestamp>2017-05-05T21:35:55Z</timestamp>
<contributor>
<username>HydrizBot</username>
<id>29590</id>
</contributor>
<minor />
<comment>Robô: A limpar links interwikis antigos</comment>
<model>wikitext</model>
<format>text/x-wiki</format>
<text bytes="383" xml:space="preserve">={{-pt-}}=
==Forma verbal==
'''padronizem'''
#[[terceira pessoa]] do [[plural]] do [[presente]] do [[modo subjuntivo]] do verbo '''[[padronizar]]'''
#[[terceira pessoa]] do [[plural]] do [[imperativo]] [[afirmativo]] do verbo '''[[padronizar]]'''
#[[terceira pessoa]] do [[plural]] do [[imperativo]] [[negativo]] do verbo '''[[padronizar]]'''
[[Categoria:Forma verbal (Português)]]</text>
<sha1>ih4qjrow6o5806atq6qdiqerlht29q9</sha1>
</revision>
</page>
