<page>
<title>padronizais</title>
<ns>0</ns>
<id>265856</id>
<revision>
<id>2384826</id>
<parentid>2131771</parentid>
<timestamp>2017-05-05T21:34:48Z</timestamp>
<contributor>
<username>HydrizBot</username>
<id>29590</id>
</contributor>
<minor />
<comment>Robô: A limpar links interwikis antigos</comment>
<model>wikitext</model>
<format>text/x-wiki</format>
<text bytes="189" xml:space="preserve">={{-pt-}}=
==Forma verbal==
'''padronizais'''
#[[segunda pessoa]] do [[plural]] do [[presente]] do [[modo indicativo]] do verbo '''[[padronizar]]'''
[[Categoria:Forma verbal (Português)]]</text>
<sha1>ihma0e75hy37gawesztan5fa1f48e8h</sha1>
</revision>
</page>
