<page>
<page>
<title>padronizarão</title>
<ns>0</ns>
<id>265878</id>
<revision>
<id>2384846</id>
<parentid>2131814</parentid>
<timestamp>2017-05-05T21:35:24Z</timestamp>
<contributor>
<username>HydrizBot</username>
<id>29590</id>
</contributor>
<minor />
<comment>Robô: A limpar links interwikis antigos</comment>
<model>wikitext</model>
<format>text/x-wiki</format>
<text bytes="179" xml:space="preserve">={{-pt-}}=
==Forma verbal==
'''padronizarão'''
#[[terceira pessoa]] do [[plural]] do [[futuro do presente]] do verbo '''[[padronizar]]'''
[[Categoria:Forma verbal (Português)]]</text>
<sha1>pbgqui1kthadf2b6e014yy0snk3e82b</sha1>
</revision>
