<page>
<title>padrinhos</title>
<ns>0</ns>
<id>405763</id>
<revision>
<id>2657137</id>
<parentid>2533529</parentid>
<timestamp>2022-01-05T16:48:16Z</timestamp>
<contributor>
<username>ValJor</username>
<id>1358</id>
</contributor>
<comment>Melhorando a apresentação do verbete</comment>
<model>wikitext</model>
<format>text/x-wiki</format>
<text bytes="165" xml:space="preserve">={{-pt-}}=
==Substantivo==
{{paroxítona|pa|dri|nhos}}, {{gramática|m|p}}
# plural de [[padrinho]]
{{avi-for-fle|padrinho}}
[[Categoria:Substantivo (Português)]]</text>
<sha1>rd57e6iqcb4i272lnxq3skvc20qty91</sha1>
</revision>
</page>
