<page>
<title>padrino</title>
<ns>0</ns>
<id>107769</id>
<revision>
<id>2565723</id>
<parentid>2478356</parentid>
<timestamp>2019-12-10T09:56:36Z</timestamp>
<contributor>
<ip>2804:214:85E8:2115:7498:3AA2:F77D:5F16</ip>
</contributor>
<comment>/*  Espanhol */</comment>
<model>wikitext</model>
<format>text/x-wiki</format>
<text bytes="635" xml:space="preserve">={{-es-}}=
==Substantivo==
'''padrino''', {{m}}
# [[padrinho]]
[[Categoria:Substantivo (Espanhol)]]
[[Categoria:Família (Espanhol)]]
={{-it-}}=
==Substantivo==
'''padrino'''
# [[padrinho]]
[[Categoria:Substantivo (Italiano)]]
[[Categoria:Família (Italiano)]]
={{-mwl-}}=
==Substantivo==
{{flex.mwl|ms=padrino|mp=padrinos}}
{{paroxítona|pa|dri|no|língua=mwl}}, {{m}}
# [[padrinho]]
==Ver também==
===No Wikcionário===
{{verTambém.Ini}}
* [[madrina]]
{{verTambém.NovaColuna}}
* [[batizado]]
{{verTambém.NovaColuna}}
* [[batismo]]
{{verTambém.Fim}}
[[Categoria:Substantivo (Mirandês)]]
[[Categoria:Família (Mirandês)]]</text>
<sha1>i1lly1svc2l875ud7xxecnfyct0z7qo</sha1>
</revision>
</page>
