<page>
<title>padroado</title>
<ns>0</ns>
<id>225756</id>
<revision>
<id>1491449</id>
<parentid>1208739</parentid>
<timestamp>2012-10-22T01:53:06Z</timestamp>
<contributor>
<username>VJBot</username>
<id>33673</id>
</contributor>
<minor />
<comment>Robô: Substituição de texto automática  (-{{wikipedia}} +{{Wikipédia}})</comment>
<model>wikitext</model>
<format>text/x-wiki</format>
<text bytes="624" xml:space="preserve">{{Wikipédia}}
={{-pt-}}=
==Substantivo==
{{flex.pt|ms=padroado|mp=padroados}}
{{paroxítona|pa|dro|a|do}}
# [[direito]] do [[fundador]] de uma [[igreja]] de [[servir]] como [[protetor]] à mesma
#* ''Desde a proclamação da República e o fim do regime do '''padroado''' não havia mais um instrumento jurídico público que deixasse claras as relações entre a Igreja Católica e o Estado em nosso país.'' {{OESP|2009|fevereiro|14}}
=={{etimologia|pt}}==
: Do latim ''patronatus, us''.
==Ver também==
===No Wikcionário===
* [[padroeiro]]
[[Categoria:Substantivo (Português)]]
[[Categoria:Religião (Português)]]</text>
<sha1>bs4hfggqe8hv6hskgh66dj4ib5k0m1h</sha1>
</revision>
</page>
