<page>
<page>
<title>padrasto</title>
<ns>0</ns>
<id>57084</id>
<revision>
<id>2621290</id>
<parentid>2569072</parentid>
<timestamp>2021-02-01T23:59:32Z</timestamp>
<contributor>
<username>MarxavBot</username>
<id>80155</id>
</contributor>
<minor />
<comment>AFI Portugal</comment>
<model>wikitext</model>
<format>text/x-wiki</format>
<text bytes="1301" xml:space="preserve">={{-pt-}}=
==Substantivo==
{{flex.pt|ms=padrasto|mp=padrastos}}
{{paroxítona|pa|dras|to}}, {{g|m}}
# [[homem]] que se [[casar|casou]] com [[mulher]] em relação aos [[filho]]s que ela teve do [[matrimônio]] [[anterior]]
===Tradução===
{{tradini}}
* {{trad|de|Stiefvater}}
* {{trad|es|padrastro}}
* {{trad|fr|beau-père}}
* {{trad|en|stepfather|stepdad}}
* {{trad|it|patrigno}}
{{tradfim}}
=={{pronúncia|pt}}==
===Portugal===
* AFI: {{AFI|/pɐ.ˈdɾaʃ.tu/}}
[[Categoria:Substantivo (Português)]]
[[Categoria:Família (Português)]]
={{-gl-}}=
==Substantivo==
{{flex.gl|ms=padrasto|mp=padrastos}}
{{paroxítona|pa|dras|to|lang=gl}}, {{g|m|lang=gl}}
# [[padrasto#{{pt}}|padrasto]]
# {{escopo|gl|figurado}} [[mal]] [[pai]]
# lugar [[elevado]]
# [[pelejo]] que se desprende ao lado da [[unha]]
# [[obstáculo]], impedimento
==={{-varort-}}===
* [[padastro#{{gl}}|padastro]], [[padrasco#{{gl}}|padrasco]], [[padrastro#{{gl}}|padrastro]], [[pradrastro#{{gl}}|pradrastro]]
[[Categoria:Substantivo (Galego)]]
[[Categoria:Família (Galego)]]
={{-mwl-}}=
==Substantivo==
{{flex.mwl|ms=padrasto|mp=padrastos}}
{{paroxítona|pa|dras|to|língua=mwl}}, {{m}}
# [[padrasto#Português|padrasto]]
{{Predefinição:família/mwl}}
[[Categoria:Substantivo (Mirandês)]]
[[Categoria:Família (Mirandês)]]</text>
<sha1>h8n0qdpo9eptni30w6gdk1aztp2k12r</sha1>
</revision>
