<page>
<title>padroniza</title>
<ns>0</ns>
<id>265854</id>
<revision>
<id>2384824</id>
<parentid>2131773</parentid>
<timestamp>2017-05-05T21:34:45Z</timestamp>
<contributor>
<username>HydrizBot</username>
<id>29590</id>
</contributor>
<minor />
<comment>Robô: A limpar links interwikis antigos</comment>
<model>wikitext</model>
<format>text/x-wiki</format>
<text bytes="289" xml:space="preserve">={{-pt-}}=
==Forma verbal==
'''padroniza'''
#[[terceira]] [[pessoa]] do [[singular]] do [[presente]] [[indicativo]] do verbo '''[[padronizar]]'''
#[[segunda]] [[pessoa]] do [[singular]] do [[imperativo]] [[afirmativo]] do verbo '''[[padronizar]]'''
[[Categoria:Forma verbal (Português)]]</text>
<sha1>o9qy53w8f859y9y2kvwjub2xpiw5by9</sha1>
</revision>
</page>
