<page>
<page>
<title>padrear</title>
<ns>0</ns>
<id>30984</id>
<revision>
<id>2384818</id>
<parentid>2020496</parentid>
<timestamp>2017-05-05T21:34:26Z</timestamp>
<contributor>
<username>HydrizBot</username>
<id>29590</id>
</contributor>
<minor />
<comment>Robô: A limpar links interwikis antigos</comment>
<model>wikitext</model>
<format>text/x-wiki</format>
<text bytes="333" xml:space="preserve">={{-pt-}}=
==Verbo==
{{oxítona|pa|dre|ar}}, ''intransitivo''
# dar [[origem]] a; [[procriar]], [[reproduzir]]-se
===Conjugação===
{{conj/pt|padr|ear}}
===Tradução===
{{tradini}}
* {{trad|kea|bodeka}}
{{tradmeio}}
{{tradfim}}
=={{etimologia|pt}}==
: {{escopo|Morfologia}} [[padre]] + [[-ar]].
[[Categoria:Verbo (Português)]]</text>
<sha1>1bsuv41mnqgk9huisntsgj79g6xpqgc</sha1>
</revision>
