<page>
<title>padronizemos</title>
<ns>0</ns>
<id>265886</id>
<revision>
<id>2384863</id>
<parentid>2131798</parentid>
<timestamp>2017-05-05T21:35:57Z</timestamp>
<contributor>
<username>HydrizBot</username>
<id>29590</id>
</contributor>
<minor />
<comment>Robô: A limpar links interwikis antigos</comment>
<model>wikitext</model>
<format>text/x-wiki</format>
<text bytes="385" xml:space="preserve">={{-pt-}}=
==Forma verbal==
'''padronizemos'''
#[[primeira pessoa]] do [[plural]] do [[presente]] do [[modo subjuntivo]] do verbo '''[[padronizar]]'''
#[[primeira pessoa]] do [[plural]] do [[imperativo]] [[afirmativo]] do verbo '''[[padronizar]]'''
#[[primeira pessoa]] do [[plural]] do [[imperativo]] [[negativo]] do verbo '''[[padronizar]]'''
[[Categoria:Forma verbal (Português)]]</text>
<sha1>khh9wd61yj9kjmmfqgk3auz8uagbxtk</sha1>
</revision>
</page>
