<page>
<title>padronizam</title>
<ns>0</ns>
<id>265857</id>
<revision>
<id>2384827</id>
<parentid>2131770</parentid>
<timestamp>2017-05-05T21:34:50Z</timestamp>
<contributor>
<username>HydrizBot</username>
<id>29590</id>
</contributor>
<minor />
<comment>Robô: A limpar links interwikis antigos</comment>
<model>wikitext</model>
<format>text/x-wiki</format>
<text bytes="189" xml:space="preserve">={{-pt-}}=
==Forma verbal==
'''padronizam'''
#[[terceira pessoa]] do [[plural]] do [[presente]] do [[modo indicativo]] do verbo '''[[padronizar]]'''
[[Categoria:Forma verbal (Português)]]</text>
<sha1>im26h2m7m8cqokwuxb9jd3j9oawh3r3</sha1>
</revision>
</page>
