<page>
<page>
<title>padronizasses</title>
<ns>0</ns>
<id>265890</id>
<revision>
<id>2384852</id>
<parentid>2131808</parentid>
<timestamp>2017-05-05T21:35:35Z</timestamp>
<contributor>
<username>HydrizBot</username>
<id>29590</id>
</contributor>
<minor />
<comment>Robô: A limpar links interwikis antigos</comment>
<model>wikitext</model>
<format>text/x-wiki</format>
<text bytes="206" xml:space="preserve">={{-pt-}}=
==Forma verbal==
'''padronizasses'''
#[[segunda pessoa]] do [[singular]] do [[pretérito imperfeito]] do [[modo subjuntivo]] do verbo '''[[padronizar]]'''
[[Categoria:Forma verbal (Português)]]</text>
<sha1>g2fen5xxrawtoiyfhl9b8p6dxu3ob7s</sha1>
</revision>
