<page>
<page>
<title>padrenuestro</title>
<ns>0</ns>
<id>64068</id>
<revision>
<id>2654301</id>
<parentid>2384819</parentid>
<timestamp>2021-12-06T02:21:58Z</timestamp>
<contributor>
<username>ValJor</username>
<id>1358</id>
</contributor>
<comment>Substituindo a [[Especial:Páginas_afluentes/Predefinição:escopoCatLang|predefinição escopoCatLang]] por escopo</comment>
<model>wikitext</model>
<format>text/x-wiki</format>
<text bytes="289" xml:space="preserve">={{-es-}}=
==Substantivo==
'''padrenuestro''', {{gramática|m}}
# {{escopo|es|Cristianismo}} [[pai-nosso]]
==={{-varort-}}===
* [[padre nuestro]]
==Ver também==
===No Wikcionário===
{{verTambém.Ligações|nuestro}}
{{verTambém.Ligações|padre}}
[[Categoria:Substantivo (Espanhol)]]</text>
<sha1>jlg2n3zgti5d9rnlmhoruo1ybdbrs5s</sha1>
</revision>
