<page>
<page>
<title>paeja</title>
<ns>0</ns>
<id>351565</id>
<revision>
<id>2653476</id>
<parentid>2384876</parentid>
<timestamp>2021-11-27T14:05:12Z</timestamp>
<contributor>
<username>ValJor</username>
<id>1358</id>
</contributor>
<comment>Acrescentando código de língua à [[:Categoria:!Página com mensagem de erro em predefinição|predefinição escopo]]</comment>
<model>wikitext</model>
<format>text/x-wiki</format>
<text bytes="199" xml:space="preserve">={{-pt-}}=
==Substantivo==
{{flex.pt|fs=paeja|fp=paejas}}
{{paroxítona|pa|e|ja}}, {{gramática|f}}
# {{escopo|pt|Alimentação|Brasil}} o mesmo que [[paelha]]
[[Categoria:Substantivo (Português)]]</text>
<sha1>9krkzh5bvyz32lzv1t4sh7hxkqq9zjs</sha1>
</revision>
