<page>
<title>paella</title>
<ns>0</ns>
<id>368366</id>
<revision>
<id>2384879</id>
<parentid>2215937</parentid>
<timestamp>2017-05-05T21:36:32Z</timestamp>
<contributor>
<username>HydrizBot</username>
<id>29590</id>
</contributor>
<minor />
<comment>Robô: A limpar links interwikis antigos</comment>
<model>wikitext</model>
<format>text/x-wiki</format>
<text bytes="188" xml:space="preserve">={{-pt-}}=
==Substantivo==
{{flex.pt|fs=paella|fp=paellas}}
''{{paroxítona|pa|el|la}}'', {{gramática|f}}
# {{escopo|pt|estrangeirismo}} [[paelha]]
[[Categoria:Substantivo (Português)]]</text>
<sha1>3nu8lnaak0pdj62smv5e386a89bq63n</sha1>
</revision>
</page>
