<page>
<title>paela</title>
<ns>0</ns>
<id>421599</id>
<revision>
<id>2579381</id>
<parentid>2579349</parentid>
<timestamp>2020-02-26T22:02:05Z</timestamp>
<contributor>
<username>Cpls</username>
<id>20608</id>
</contributor>
<model>wikitext</model>
<format>text/x-wiki</format>
<text bytes="506" xml:space="preserve">={{-gl-}}=
==Substantivo==
{{flex.gl|fs=paela|fp=paelas}}
{{paroxítona|pa|e|la|língua=gl}}, {{g|f}}
# [[pá#{{pt}}|pá]], ferramenta
# pau lavrado usado para remexer o [[caldo]] preparado para os [[porco]]s
# {{escopo|gl|Anatomia|Popular}} [[espádua]], omoplata
# nos [[quadrúpede]]s, a parte superior das [[extremidade]]s dianteiras
=={{etimologia|gl}}==
: Do diminutivo em {{etm|la|gl}} de {{etimo|la|pala}},''*palella'', confronte-se com ''[[elo#Galego|pelo]]''.
[[Categoria:Substantivo (Galego)]]</text>
<sha1>r4du3e9ashdebk3i53rdggxeyg0umpr</sha1>
</revision>
</page>
