<page>
<title>paenla</title>
<ns>0</ns>
<id>401833</id>
<revision>
<id>2522937</id>
<timestamp>2018-10-17T22:56:41Z</timestamp>
<contributor>
<username>Cpls</username>
<id>20608</id>
</contributor>
<comment>[[Ajuda:Guia de edição/Menus e ferramentas/Sumário de edição|→]] nova página: ={{-gl-}}= ==Substantivo== {{flex.gl|fs=paenla|fp=paenlas}} {{paroxítona|pa|en|la|lang=gl}}, {{g|f|lang=gl}}...</comment>
<model>wikitext</model>
<format>text/x-wiki</format>
<text bytes="271" xml:space="preserve">={{-gl-}}=
==Substantivo==
{{flex.gl|fs=paenla|fp=paenlas}}
{{paroxítona|pa|en|la|lang=gl}}, {{g|f|lang=gl}}
# [[cabeçada]] de [[cavalgadura]] com freio, rédeas
=={{etimologia|gl}}==
: Confronte-se com ''[[trenla#{{gl}}|trenla]]''.
[[Categoria:Substantivo (Galego)]]</text>
<sha1>cy67yl3f4w02o4r7j60n0ez7754bqu3</sha1>
</revision>
</page>
