<page>
<title>paese</title>
<ns>0</ns>
<id>38392</id>
<revision>
<id>2384881</id>
<parentid>2227812</parentid>
<timestamp>2017-05-05T21:36:47Z</timestamp>
<contributor>
<username>HydrizBot</username>
<id>29590</id>
</contributor>
<minor />
<comment>Robô: A limpar links interwikis antigos</comment>
<model>wikitext</model>
<format>text/x-wiki</format>
<text bytes="110" xml:space="preserve">={{-it-}}=
'''paese''' (pl.: '''paesi''')
==Substantivo==
# [[país]]
[[Categoria:Substantivo (Italiano)]]</text>
<sha1>enmle2a620ge1cy95foi4698pij0hvt</sha1>
</revision>
</page>
