<page>
<page>
<title>paeyiz</title>
<ns>0</ns>
<id>74127</id>
<revision>
<id>1364601</id>
<parentid>658410</parentid>
<timestamp>2012-01-11T23:50:35Z</timestamp>
<contributor>
<username>MalafayaBot</username>
<id>628</id>
</contributor>
<minor />
<comment>Robô: Substituição de texto automática  (-^\=(\s*?)(\{\{gll\}\}|Gallo)(\s*?)\= +={{-gll-}}=)</comment>
<model>wikitext</model>
<format>text/x-wiki</format>
<text bytes="90" xml:space="preserve">={{-gll-}}=
==Substantivo==
'''paeyiz'''
# [[país]]
[[Categoria:Substantivo ({{gll}})]]</text>
<sha1>k6iezu5d4p04m13w1in1gnjc854vfjx</sha1>
</revision>
