<page>
<title>pafado</title>
<ns>0</ns>
<id>243740</id>
<revision>
<id>2384882</id>
<parentid>2104221</parentid>
<timestamp>2017-05-05T21:36:51Z</timestamp>
<contributor>
<username>HydrizBot</username>
<id>29590</id>
</contributor>
<minor />
<comment>Robô: A limpar links interwikis antigos</comment>
<model>wikitext</model>
<format>text/x-wiki</format>
<text bytes="573" xml:space="preserve">={{-eo-}}=
==Substantivo==
'''pa.{{grifar|fa}}.do'''
# [[tiroteio]]
===Declinação===
{{decl.eo.subst}}
=={{etimologia|eo}}==
{{etimo.eo|paf|-ad-|-o}}
=={{pronúncia}}==
* [[AFI]]: {{AFI|/pa.ˈfa.dɔ/}}.
===Verbetes derivados===
{{verTambém.Ini}}
* {{link opcional|pafi|eo}}
* {{link opcional|pafo|eo}}
* {{link opcional|pafisto|eo}}
{{verTambém.NovaColuna}}
* {{link opcional|pafistino|eo}}
* {{link opcional|pafilo|eo}}
{{verTambém.Fim}}
[[Categoria:Substantivo (Esperanto)]]
[[Categoria:Trissílabo (Esperanto)]]
[[Categoria:Entrada com pronúncia (Esperanto)]]</text>
<sha1>05u20fxymkvhwqcqengdd2x2ohdq4sc</sha1>
</revision>
</page>
