<page>
<page>
<title>Pafos</title>
<ns>0</ns>
<id>122738</id>
<revision>
<id>2678961</id>
<parentid>2276129</parentid>
<timestamp>2022-06-04T21:17:05Z</timestamp>
<contributor>
<username>Cpls</username>
<id>20608</id>
</contributor>
<model>wikitext</model>
<format>text/x-wiki</format>
<text bytes="857" xml:space="preserve">{{ver também|pafo}}
={{-pt-}}=
==Substantivo==
{{paroxítona|Pa|fos}} {{pr}}
{{Wikipédia|Pafos (cidade)}}
# [[cidade]] portuária no [[sudoeste]] da [[ilha]] de [[Chipre]]. Era um dos mais célebres centros de [[peregrinação]] do antigo mundo grego, pois era onde se pensava ter nascido a deusa grega [[Afrodite]].
# [[distrito]] [[cipriota]], localizado na parte [[ocidental]] da [[ilha]], cuja [[capital]] é a cidade com o mesmo nome.
# [[mítico]] [[fundador]] da [[cidade]] com o mesmo [[nome]], filho de [[Pigmalião]] e [[Galateia]] (ou [[Céfalo]] e [[Éos]]).
===Tradução===
{{tradini}}
* {{trad|grc|Πάφος}}
{{tradmeio}}
* {{trad|en|Paphos}}
{{tradfim}}
==Ver também==
{{verTambém.Ini}}
* [[páfio]]
{{verTambém.Fim}}
[[Categoria:Substantivo (Português)]]
[[Categoria:Topónimo (Português)]]
[[Categoria:Mitologia (Português)]]</text>
<sha1>d8c2190krrrd9pozulve25buym8qhtk</sha1>
</revision>
