<page>
<title>paganizas</title>
<ns>0</ns>
<id>361526</id>
<revision>
<id>2384903</id>
<parentid>2181369</parentid>
<timestamp>2017-05-05T21:37:47Z</timestamp>
<contributor>
<username>HydrizBot</username>
<id>29590</id>
</contributor>
<minor />
<comment>Robô: A limpar links interwikis antigos</comment>
<model>wikitext</model>
<format>text/x-wiki</format>
<text bytes="202" xml:space="preserve">={{-pt-}}=
==Forma verbal==
{{paroxítona|pa|ga|ni|zas}}
# segunda pessoa do singular do presente do indicativo do verbo [[paganizar]]
{{avi-for-fle|paganizar}}
[[Categoria:Forma verbal (Português)]]</text>
<sha1>9fj795oi16c6boi96eotfokdd266mvk</sha1>
</revision>
</page>
