<page>
<title>paganizarei</title>
<ns>0</ns>
<id>361484</id>
<revision>
<id>2151869</id>
<parentid>2151868</parentid>
<timestamp>2016-07-19T12:05:29Z</timestamp>
<contributor>
<username>MIL973</username>
<id>41339</id>
</contributor>
<model>wikitext</model>
<format>text/x-wiki</format>
<text bytes="212" xml:space="preserve">={{-pt-}}=
==Forma verbal==
{{oxítona|pa|ga|ni|za|rei}}
# segunda pessoa do singular do futuro do presente do indicativo do verbo [[paganizar]]
{{avi-for-fle|paganizar}}
[[Categoria:Forma verbal (Português)]]</text>
<sha1>000gjrmkprglwa36fwyhjef5sa4kcdc</sha1>
</revision>
</page>
