<page>
<title>paganização</title>
<ns>0</ns>
<id>321317</id>
<revision>
<id>2384905</id>
<parentid>2198874</parentid>
<timestamp>2017-05-05T21:37:52Z</timestamp>
<contributor>
<username>HydrizBot</username>
<id>29590</id>
</contributor>
<minor />
<comment>Robô: A limpar links interwikis antigos</comment>
<model>wikitext</model>
<format>text/x-wiki</format>
<text bytes="468" xml:space="preserve">={{-pt-}}=
==Substantivo==
{{flex.pt|fs=paganização|fp=paganizações}}
{{oxítona|pa|ga|ni|za|ção}}, {{gramática|f}}
# {{escopo|pt|Cristianismo|religião}} ato de [[paganizar]]
===Antônimo===
* [[cristianização]]
=={{etimologia|pt}}==
: {{escopo|Morfologia}} [[paganizar]] + [[-ção]].
==Ver também==
===No Wikcionário===
{{colunas|2}}
* [[paganismo]]
* [[paganista]]
* [[paganizado]]
* [[pagão]]
{{colunas/fim}}
[[Categoria:Substantivo (Português)]]</text>
<sha1>ql0m0fa9vy23yi1ab2dt8pvd5y2kbjf</sha1>
</revision>
</page>
