<page>
<page>
<title>paganizar</title>
<ns>0</ns>
<id>319509</id>
<revision>
<id>2384894</id>
<parentid>2198868</parentid>
<timestamp>2017-05-05T21:37:28Z</timestamp>
<contributor>
<username>HydrizBot</username>
<id>29590</id>
</contributor>
<minor />
<comment>Robô: A limpar links interwikis antigos</comment>
<model>wikitext</model>
<format>text/x-wiki</format>
<text bytes="869" xml:space="preserve">={{-pt-}}=
==Verbo==
{{oxítona|pa|ga|ni|zar}}, {{gramática|vtd}}
# [[tornar]] [[pagão]]
===Antônimo===
* [[cristianizar]]
===Conjugação===
{{conj/pt|paganiz|ar}}
==Forma verbal==
{{oxítona|pa|ga|ni|zar}}
# primeira pessoa do singular do futuro do {{PEPB|inline=1|conjuntivo|subjuntivo}} do verbo paganizar
# terceira pessoa do singular do futuro do {{PEPB|inline=1|conjuntivo|subjuntivo}} do verbo paganizar
# infinitivo pessoal da primeira pessoa do singular do verbo paganizar
# infinitivo pessoal da terceira pessoa do singular do verbo paganizar
{{avi-for-fle|paganizar}}
=={{etimologia|pt}}==
: {{escopo|Morfologia}} [[pagão]] + [[-izar]].
==Ver também==
===No Wikcionário===
{{colunas|2}}
* [[paganismo]]
* [[paganista]]
* [[paganização]]
* [[paganizado]]
{{colunas/fim}}
[[Categoria:Verbo (Português)]]
[[Categoria:Forma verbal (Português)]]</text>
<sha1>luiarflb2jwsa7xvg5vh37hr6sqjosp</sha1>
</revision>
