<page>
<page>
<title>paganizando</title>
<ns>0</ns>
<id>361438</id>
<revision>
<id>2384893</id>
<parentid>2181378</parentid>
<timestamp>2017-05-05T21:37:26Z</timestamp>
<contributor>
<username>HydrizBot</username>
<id>29590</id>
</contributor>
<minor />
<comment>Robô: A limpar links interwikis antigos</comment>
<model>wikitext</model>
<format>text/x-wiki</format>
<text bytes="162" xml:space="preserve">={{-pt-}}=
==Forma verbal==
{{paroxítona|pa|ga|ni|zan|do}}
# gerúndio do verbo [[paganizar]]
{{avi-for-fle|paganizar}}
[[Categoria:Forma verbal (Português)]]</text>
<sha1>srkt7hpy4m0oyzg4s2wnsuju9o6gb5p</sha1>
</revision>
