<page>
<page>
<title>paganizes</title>
<ns>0</ns>
<id>361476</id>
<revision>
<id>2384907</id>
<parentid>2193709</parentid>
<timestamp>2017-05-05T21:37:57Z</timestamp>
<contributor>
<username>HydrizBot</username>
<id>29590</id>
</contributor>
<minor />
<comment>Robô: A limpar links interwikis antigos</comment>
<model>wikitext</model>
<format>text/x-wiki</format>
<text bytes="302" xml:space="preserve">={{-pt-}}=
==Forma verbal==
{{paroxítona|pa|ga|ni|zes}}
# segunda pessoa do singular do presente do {{PEPB|inline=1|conjuntivo|subjuntivo}} do verbo [[paganizar]]
# segunda pessoa do singular do imperativo negativo do verbo paganizar
{{avi-for-fle|paganizar}}
[[Categoria:Forma verbal (Português)]]</text>
<sha1>bf5cr143xct88javtaecud1bd5gwcby</sha1>
</revision>
