<page>
<page>
<title>paganizou</title>
<ns>0</ns>
<id>361514</id>
<revision>
<id>2152038</id>
<parentid>2152037</parentid>
<timestamp>2016-07-20T04:43:41Z</timestamp>
<contributor>
<username>MIL973</username>
<id>41339</id>
</contributor>
<model>wikitext</model>
<format>text/x-wiki</format>
<text bytes="211" xml:space="preserve">={{-pt-}}=
==Forma verbal==
{{oxítona|pa|ga|ni|zou}}
# terceira pessoa do singular do pretérito perfeito do indicativo do verbo [[paganizar]]
{{avi-for-fle|paganizar}}
[[Categoria:Forma verbal (Português)]]</text>
<sha1>592ag3acd3x1vx3x9fcsvf1y3hc42ib</sha1>
</revision>
