<page>
<title>paganizaram</title>
<ns>0</ns>
<id>361494</id>
<revision>
<id>2151889</id>
<parentid>2151888</parentid>
<timestamp>2016-07-19T12:15:30Z</timestamp>
<contributor>
<username>MIL973</username>
<id>41339</id>
</contributor>
<model>wikitext</model>
<format>text/x-wiki</format>
<text bytes="336" xml:space="preserve">{{confundir|paganizarão}}
={{-pt-}}=
==Forma verbal==
{{paroxítona|pa|ga|ni|za|ram}}
# terceira pessoa do plural do pretérito perfeito do indicativo do verbo [[paganizar]]
# terceira pessoa do plural do pretérito mais-que-perfeito do indicativo do verbo paganizar
{{avi-for-fle|paganizar}}
[[Categoria:Forma verbal (Português)]]</text>
<sha1>eg6c11j4vry57j2q8dkl03fpzl2khh9</sha1>
</revision>
</page>
