<page>
<title>paganizaste</title>
<ns>0</ns>
<id>361498</id>
<revision>
<id>2384904</id>
<parentid>2181368</parentid>
<timestamp>2017-05-05T21:37:49Z</timestamp>
<contributor>
<username>HydrizBot</username>
<id>29590</id>
</contributor>
<minor />
<comment>Robô: A limpar links interwikis antigos</comment>
<model>wikitext</model>
<format>text/x-wiki</format>
<text bytes="216" xml:space="preserve">={{-pt-}}=
==Forma verbal==
{{paroxítona|pa|ga|ni|zas|te}}
# segunda pessoa do singular do pretérito perfeito do indicativo do verbo [[paganizar]]
{{avi-for-fle|paganizar}}
[[Categoria:Forma verbal (Português)]]</text>
<sha1>qzgwqpzg0fawjk1hc2q1qg3xcdcdks2</sha1>
</revision>
</page>
