<page>
<title>paganizasses</title>
<ns>0</ns>
<id>361471</id>
<revision>
<id>2151827</id>
<parentid>2151826</parentid>
<timestamp>2016-07-19T11:21:24Z</timestamp>
<contributor>
<username>MIL973</username>
<id>41339</id>
</contributor>
<model>wikitext</model>
<format>text/x-wiki</format>
<text bytes="237" xml:space="preserve">={{-pt-}}=
==Forma verbal==
{{paroxítona|pa|ga|ni|zas|ses}}
# segunda pessoa do singular do pretérito do {{PEPB|inline=1|conjuntivo|subjuntivo}} do verbo [[paganizar]]
{{avi-for-fle|paganizar}}
[[Categoria:Forma verbal (Português)]]</text>
<sha1>g57zmu4wqip3vskldiehn0lzjj46oft</sha1>
</revision>
</page>
