<page>
<page>
<title>paganizarás</title>
<ns>0</ns>
<id>361485</id>
<revision>
<id>2384901</id>
<parentid>2181371</parentid>
<timestamp>2017-05-05T21:37:42Z</timestamp>
<contributor>
<username>HydrizBot</username>
<id>29590</id>
</contributor>
<minor />
<comment>Robô: A limpar links interwikis antigos</comment>
<model>wikitext</model>
<format>text/x-wiki</format>
<text bytes="242" xml:space="preserve">{{ver também|paganizaras}}
={{-pt-}}=
==Forma verbal==
{{oxítona|pa|ga|ni|za|rás}}
# segunda pessoa do singular do futuro do presente do indicativo do verbo [[paganizar]]
{{avi-for-fle|paganizar}}
[[Categoria:Forma verbal (Português)]]</text>
<sha1>g7406lhq3wlmxx2fe48obwzoypzske7</sha1>
</revision>
