<page>
<title>paganizávamos</title>
<ns>0</ns>
<id>361518</id>
<revision>
<id>2152046</id>
<parentid>2152045</parentid>
<timestamp>2016-07-20T04:47:58Z</timestamp>
<contributor>
<username>MIL973</username>
<id>41339</id>
</contributor>
<model>wikitext</model>
<format>text/x-wiki</format>
<text bytes="224" xml:space="preserve">={{-pt-}}=
==Forma verbal==
{{proparoxítona|pa|ga|ni|zá|va|mos}}
# primeira pessoa do plural do pretérito imperfeito do indicativo do verbo [[paganizar]]
{{avi-for-fle|paganizar}}
[[Categoria:Forma verbal (Português)]]</text>
<sha1>les6wscwm4a0yvioolwkjyfmiw3jlgt</sha1>
</revision>
</page>
