<page>
<title>pagar</title>
<ns>0</ns>
<id>31432</id>
<revision>
<id>2615890</id>
<parentid>2455476</parentid>
<timestamp>2021-01-31T23:31:34Z</timestamp>
<contributor>
<username>MarxavBot</username>
<id>80155</id>
</contributor>
<minor />
<comment>AFI Portugal</comment>
<model>wikitext</model>
<format>text/x-wiki</format>
<text bytes="4399" xml:space="preserve">={{-pt-}}=
==Verbo==
{{oxítona|pa|gar}}, {{gramática|vt}}
# [[remunerar]]
# {{escopo|pt|Comércio}} [[entregar]] ao [[vendedor]]/[[fornecedor]] o [[valor]] concordado pelo [[produto]] ou [[serviço]]
# {{escopo|pt|Religião}} [[expiar]]
# vir a expor deixando à vista sem se ter pretendido, de forma acidental de si
#* '''''Pagou''' peitinho.''
#* '''''Pagou''' calcinha.''
# [[entregar]]-se à realização como ser realizante ativo de determinado ato sexual oral
#* '''''Pagou''' chupisco.''
{{oxítona|pa|gar}}, {{gramática|pron}}
# {{cont|6}} gerar benefício como resultado
===Conjugação===
{{conj/pt|pa|gar}}
===Expressões===
* '''[[aqui se faz, aqui se paga]]''': 
* '''[[pagar a língua]]''':
* '''[[pagar a pena]]''': valer a pena, merecer o esforço.
* '''[[pagar o chão]]''': recebimento de valor em pecúnia pelo dirigente  do terreiro de candomblé.
* '''[[pagar o patau]]''':
* '''[[pagar o pato]]''':
* '''[[pagar pau]]''':
* '''[[pagar promessa]]''': cumprir o prometido ao santo.
===Tradução===
{{tradini}}
* {{trad|af|betaal}}
* {{trad|de|bezahlen|zahlen}}
* {{trad|ar|يدفع}}
* {{trad|an|bosar}}
* {{trad|eu|ordaindu|pagatu}}
* {{trad|br|paeañ}}
* {{trad|bg|плащам}}
* {{trad|ca|pagar}}
* {{trad|cs|platit}}
* {{trad|zh|支付|付钱|汇款}}
* {{trad|cod|chɨpɨta}}
* {{trad|hr|platiti}}
* {{trad|da|betale}}
* {{trad|sk|platiť}}
* {{trad|es|pagar|saldar}}
* {{trad|eo|pagi|kvitiĝi}}
* {{trad|et|maksma}}
* {{trad|fi|maksaa}}
* {{trad|vls|betalen}}
* {{trad|fr|payer}}
* {{trad|fur|pajâ}}
* {{trad|gl|pagar}}
* {{trad|cy|talu}}
* {{trad|el|πληρώνω}}
* {{trad|gn|hepyme’ê}}
* {{trad|hi|भुगताना}}
* {{trad|nl|betalen}}
* {{trad|hu|kifizet|fizet}}
* {{trad|io|pagar}}
* {{trad|id|membayar}}
* {{trad|en|pay}}
* {{trad|ia|pagar}}
* {{trad|yo|san}}
{{tradmeio}}
* {{trad|it|pagare}}
* {{trad|ja|払う}}
* {{trad|la|solvere|exsolvere}}
* {{trad|lv|maksāt}}
* {{trad|li|betaole}}
* {{trad|lt|mokėti|apmokėti|sumokėti|užmokėti|išmokėti}}
* {{trad|ms|membayar}}
* {{trad|mt|thallas}}
* {{trad|mr|परतफेड करणें}}
* {{trad|mdf|pandums|kajams}}
* {{trad|nap|pavà}}
* {{trad|no|betale}}
* {{trad|fa|پرداختن}}
* {{trad|pms|paghè}}
* {{trad|pl|płacić}}
* {{trad|pa|ਭੁਗਤਾਉ}}
* {{trad|oc|pagar}}
* {{trad|qu|kañiy|junt’ay}}
* {{trad|ro|a plăti|a achita}}
* {{trad|ru|платить|оплачивать|заплатить|выплатить|отплатить|рассчитываться}}
* {{trad|sa|परिशुद्धि कृ}}
* {{trad|sro|pagai}}
* {{trad|sr|платити}}
* {{trad|so|bixin}}
* {{trad|sv|betala}}
* {{trad|tet|selu}}
* {{trad|tn|duela}}
* {{trad|tr|ödemek}}
* {{trad|uk|платити}}
* {{trad|val|pagar}}
* {{trad|vec|pagare}}
{{tradfim}}
===Verbetes derivados===
* [[paga-pau]]
=={{etimologia|pt}}==
{{llietimo|la|pacāre|pt|[[apaziguar]], [[acalmar]], [[satisfazer]]}}
=={{pronúncia|pt}}==
===Portugal===
* AFI: {{AFI|/pɐ.ˈɡaɾ/}}
==Anagramas==
# [[grapa]]
# [[parga]]
# [[praga]]
[[Categoria:Verbo (Português)]]
={{-ca-}}=
==Verbo==
'''pagar'''
# [[pagar#Português|pagar]]
[[Categoria:Verbo (Catalão)]]
={{-es-}}=
==Verbo==
'''pagar'''
# [[pagar#Português|pagar]]
[[Categoria:Verbo (Espanhol)]]
={{-et-}}=
==Substantivo==
'''pagar'''
# [[padeiro]]
[[Categoria:Substantivo (Estoniano)]]
[[Categoria:Falso cognato (Estoniano)]]
[[Categoria:Profissão (Estoniano)]]
={{-gl-}}=
==Verbo==
'''pagar'''
# [[pagar#Português|pagar]]
[[Categoria:Verbo (Galego)]]
={{-roa-gpm-}}=
==Verbo==
{{oxítona|pa|gar|lang=roa-gpm}}, {{gramática|vt}}
# [[pagar#{{pt}}|pagar]]
# causar [[satisfação]]
{{oxítona|pa|gar|lang=roa-gpm}}, {{gramática|pron}}
# [[amar]], ter prazer, satisfazer-se
=={{etimologia|roa-gpm}}==
{{llietimo|la|placare|roa-gpm}} Confronte-se com ''[[pagadoiro#{{roa-gpm}}|pagadoiro]]''.
[[Categoria:Verbo (Galego-Português Medieval)]]
={{-io-}}=
==Verbo==
'''pagar'''
# [[pagar#Português|pagar]]
[[Categoria:Verbo (Ido)]]
={{-id-}}=
==Substantivo==
'''pagar'''
# [[cerca]]
[[Categoria:Substantivo (Indonésio)]]
={{-ia-}}=
==Verbo==
'''pagar'''
# [[pagar#Português|pagar]]
[[Categoria:Verbo (Interlíngua)]]
={{-oc-}}=
==Verbo==
'''pagar'''
# [[pagar#Português|pagar]]
[[Categoria:Verbo (Occitano)]]
={{-val-}}=
==Verbo==
'''pagar'''
# [[pagar#Português|pagar]]
[[Categoria:Verbo (Valenciano)]]</text>
<sha1>kzavuk0qjrk41835cs2gv7ykgq5gi04</sha1>
</revision>
</page>
