<page>
<title>paganizam</title>
<ns>0</ns>
<id>361528</id>
<revision>
<id>2384891</id>
<parentid>2205425</parentid>
<timestamp>2017-05-05T21:37:22Z</timestamp>
<contributor>
<username>HydrizBot</username>
<id>29590</id>
</contributor>
<minor />
<comment>Robô: A limpar links interwikis antigos</comment>
<model>wikitext</model>
<format>text/x-wiki</format>
<text bytes="201" xml:space="preserve">={{-pt-}}=
==Forma verbal==
{{paroxítona|pa|ga|ni|zam}}
# terceira pessoa do plural do presente do indicativo do verbo [[paganizar]]
{{avi-for-fle|paganizar}}
[[Categoria:Forma verbal (Português)]]</text>
<sha1>2nohnu5cczs974pwn1ic1qr86a45rjh</sha1>
</revision>
</page>
