<page>
<page>
<title>pagamentos</title>
<ns>0</ns>
<id>69658</id>
<revision>
<id>2384888</id>
<parentid>1783963</parentid>
<timestamp>2017-05-05T21:37:14Z</timestamp>
<contributor>
<username>HydrizBot</username>
<id>29590</id>
</contributor>
<minor />
<comment>Robô: A limpar links interwikis antigos</comment>
<model>wikitext</model>
<format>text/x-wiki</format>
<text bytes="139" xml:space="preserve">={{-pt-}}=
[[Categoria:Substantivo (Português)]]
==Substantivo==
'''{{PAGENAME}}''' ''masculino ''
# [[plural]] [[de]] '''[[pagamento]]'''</text>
<sha1>r9o64cy6a4gr9nv4to0iuwla79ldzc0</sha1>
</revision>
