<page>
<page>
<title>paganizava</title>
<ns>0</ns>
<id>361516</id>
<revision>
<id>2152042</id>
<parentid>2152041</parentid>
<timestamp>2016-07-20T04:45:56Z</timestamp>
<contributor>
<username>MIL973</username>
<id>41339</id>
</contributor>
<model>wikitext</model>
<format>text/x-wiki</format>
<text bytes="306" xml:space="preserve">={{-pt-}}=
==Forma verbal==
{{paroxítona|pa|ga|ni|za|va}}
# primeira pessoa do singular do pretérito imperfeito do indicativo do verbo [[paganizar]]
# terceira pessoa do singular do pretérito imperfeito do indicativo do verbo paganizar
{{avi-for-fle|paganizar}}
[[Categoria:Forma verbal (Português)]]</text>
<sha1>1m8zrt7dduj2qlk041r4i58g5tuty86</sha1>
</revision>
