<page>
<page>
<title>paganizáveis</title>
<ns>0</ns>
<id>361519</id>
<revision>
<id>2152048</id>
<parentid>2152047</parentid>
<timestamp>2016-07-20T04:48:50Z</timestamp>
<contributor>
<username>MIL973</username>
<id>41339</id>
</contributor>
<model>wikitext</model>
<format>text/x-wiki</format>
<text bytes="218" xml:space="preserve">={{-pt-}}=
==Forma verbal==
{{paroxítona|pa|ga|ni|zá|veis}}
# segunda pessoa do plural do pretérito imperfeito do indicativo do verbo [[paganizar]]
{{avi-for-fle|paganizar}}
[[Categoria:Forma verbal (Português)]]</text>
<sha1>goecyicv3dpbunj44rm7d33b1y12v6y</sha1>
</revision>
