<page>
<title>paganíssimo</title>
<ns>0</ns>
<id>348376</id>
<revision>
<id>2046049</id>
<parentid>2045764</parentid>
<timestamp>2015-12-09T09:23:38Z</timestamp>
<contributor>
<username>ValJor</username>
<id>1358</id>
</contributor>
<comment>Retirando da [[Especial:Uncategorizedpages|página de verbetes sem categoria]]</comment>
<model>wikitext</model>
<format>text/x-wiki</format>
<text bytes="186" xml:space="preserve">={{-pt-}}=
==Forma de adjetivo==
{{proparoxítona|pa|ga|nís|si|mo}}
# superlativo absoluto sintético de [[pagão]]
{{avi-for-fle|pagão}}
[[Categoria:Forma de adjetivo (Português)]]</text>
<sha1>lpy9ouxlllmqftx2mjcaxrchz00iucm</sha1>
</revision>
</page>
