<page>
<title>paganizáramos</title>
<ns>0</ns>
<id>361492</id>
<revision>
<id>2384909</id>
<parentid>2181381</parentid>
<timestamp>2017-05-05T21:38:00Z</timestamp>
<contributor>
<username>HydrizBot</username>
<id>29590</id>
</contributor>
<minor />
<comment>Robô: A limpar links interwikis antigos</comment>
<model>wikitext</model>
<format>text/x-wiki</format>
<text bytes="231" xml:space="preserve">={{-pt-}}=
==Forma verbal==
{{proparoxítona|pa|ga|ni|zá|ra|mos}}
# primeira pessoa do plural do pretérito mais-que-perfeito do indicativo do verbo [[paganizar]]
{{avi-for-fle|paganizar}}
[[Categoria:Forma verbal (Português)]]</text>
<sha1>qowtmjdusq2lwhoxn8oq8gq3co71xwq</sha1>
</revision>
</page>
