<page>
<title>paganizastes</title>
<ns>0</ns>
<id>361515</id>
<revision>
<id>2152040</id>
<parentid>2152039</parentid>
<timestamp>2016-07-20T04:44:30Z</timestamp>
<contributor>
<username>MIL973</username>
<id>41339</id>
</contributor>
<model>wikitext</model>
<format>text/x-wiki</format>
<text bytes="215" xml:space="preserve">={{-pt-}}=
==Forma verbal==
{{paroxítona|pa|ga|ni|zas|tes}}
# segunda pessoa do plural do pretérito perfeito do indicativo do verbo [[paganizar]]
{{avi-for-fle|paganizar}}
[[Categoria:Forma verbal (Português)]]</text>
<sha1>stsjbkcykhx7pprlcn8sny4259gflzg</sha1>
</revision>
</page>
