<page>
<title>paganizaremos</title>
<ns>0</ns>
<id>361487</id>
<revision>
<id>2384898</id>
<parentid>2181374</parentid>
<timestamp>2017-05-05T21:37:36Z</timestamp>
<contributor>
<username>HydrizBot</username>
<id>29590</id>
</contributor>
<minor />
<comment>Robô: A limpar links interwikis antigos</comment>
<model>wikitext</model>
<format>text/x-wiki</format>
<text bytes="217" xml:space="preserve">={{-pt-}}=
==Forma verbal==
{{paroxítona|pa|ga|ni|za|re|mos}}
# primeira pessoa do plural do futuro do presente do indicativo do verbo [[paganizar]]
{{avi-for-fle|paganizar}}
[[Categoria:Forma verbal (Português)]]</text>
<sha1>io73zx3rzpf7aj5eab3ehlbptht2mr8</sha1>
</revision>
</page>
