<page>
<title>paganizássemos</title>
<ns>0</ns>
<id>361472</id>
<revision>
<id>2151829</id>
<parentid>2151828</parentid>
<timestamp>2016-07-19T11:22:10Z</timestamp>
<contributor>
<username>MIL973</username>
<id>41339</id>
</contributor>
<model>wikitext</model>
<format>text/x-wiki</format>
<text bytes="243" xml:space="preserve">={{-pt-}}=
==Forma verbal==
{{proparoxítona|pa|ga|ni|zás|se|mos}}
# primeira pessoa do plural do pretérito do {{PEPB|inline=1|conjuntivo|subjuntivo}} do verbo [[paganizar]]
{{avi-for-fle|paganizar}}
[[Categoria:Forma verbal (Português)]]</text>
<sha1>ojv4u0wbz30p6s3nz873gfe7rixa3d9</sha1>
</revision>
</page>
