<page>
<page>
<title>paganizais</title>
<ns>0</ns>
<id>361527</id>
<revision>
<id>2152063</id>
<parentid>2152062</parentid>
<timestamp>2016-07-20T04:55:54Z</timestamp>
<contributor>
<username>MIL973</username>
<id>41339</id>
</contributor>
<model>wikitext</model>
<format>text/x-wiki</format>
<text bytes="198" xml:space="preserve">={{-pt-}}=
==Forma verbal==
{{oxítona|pa|ga|ni|zais}}
# segunda pessoa do plural do presente do indicativo do verbo [[paganizar]]
{{avi-for-fle|paganizar}}
[[Categoria:Forma verbal (Português)]]</text>
<sha1>gx0oau7axwdrtexd1osrum8a1dl4sb2</sha1>
</revision>
