<page>
<page>
<title>pagaram</title>
<ns>0</ns>
<id>113058</id>
<revision>
<id>2384913</id>
<parentid>1783958</parentid>
<timestamp>2017-05-05T21:38:12Z</timestamp>
<contributor>
<username>HydrizBot</username>
<id>29590</id>
</contributor>
<minor />
<comment>Robô: A limpar links interwikis antigos</comment>
<model>wikitext</model>
<format>text/x-wiki</format>
<text bytes="271" xml:space="preserve">={{-pt-}}=
==Forma verbal==
{{paroxítona|pa|ga|ram}}
# terceira pessoa do plural do pretérito perfeito do indicativo do verbo [[pagar]]
# terceira pessoa do plural do pretérito mais-que-perfeito do indicativo do verbo [[pagar]]
[[Categoria:Forma verbal (Português)]]</text>
<sha1>e8894us12ffs9zb1txbbl1xh80ztbbm</sha1>
</revision>
