<page>
<page>
<title>pagamento</title>
<ns>0</ns>
<id>38151</id>
<revision>
<id>2384887</id>
<parentid>2104010</parentid>
<timestamp>2017-05-05T21:37:12Z</timestamp>
<contributor>
<username>HydrizBot</username>
<id>29590</id>
</contributor>
<minor />
<comment>Robô: A limpar links interwikis antigos</comment>
<model>wikitext</model>
<format>text/x-wiki</format>
<text bytes="880" xml:space="preserve">={{-pt-}}=
==Substantivo==
{{flex.pt|ms=pagamento|mp=pagamentos}}
{{paroxítona|pa|ga|men|to}}, {{m}}
# ato de [[pagar]] por algum bem ou serviço
==Ver também==
===No Wikcionário===
{{verTambém.Ini}}
* [[à vista]]
* [[adiantamento]]
* [[adimplemento]]
* [[adimplente]]
* [[aval]]
* [[caderno de encargos]]
* [[caixa]]
* [[carnê]]
* [[couvert artístico]]
{{verTambém.NovaColuna}}
* [[dinheiro]]
* [[dividendo]]
* [[duplicata]]
* [[emprestar]]
* [[espórtula]]
* [[estipêndio]]
* [[fiador]]
* [[inadimplemento]]
* [[inadimplência]]
{{verTambém.NovaColuna}}
* [[inadimplente]]
* [[isenção]]
* [[jetom]]
* [[mensalão]]
* [[moratória]]
* [[multibanco]]
* [[receber]]
* [[reembolso]]
{{verTambém.NovaColuna}}
* [[remição]]
* [[renda]]
* [[salário]]
* [[saldo]]
* [[saque]]
* [[sinal]]
* [[taxa]]
* [[usura]]
{{verTambém.Fim}}
[[Categoria:Substantivo (Português)]]</text>
<sha1>bmh65077rfy4wurcrpfp4s15ym9dn6f</sha1>
</revision>
