<page>
<page>
<title>paganizavas</title>
<ns>0</ns>
<id>361517</id>
<revision>
<id>2152044</id>
<parentid>2152043</parentid>
<timestamp>2016-07-20T04:46:44Z</timestamp>
<contributor>
<username>MIL973</username>
<id>41339</id>
</contributor>
<model>wikitext</model>
<format>text/x-wiki</format>
<text bytes="218" xml:space="preserve">={{-pt-}}=
==Forma verbal==
{{paroxítona|pa|ga|ni|za|vas}}
# segunda pessoa do singular do pretérito imperfeito do indicativo do verbo [[paganizar]]
{{avi-for-fle|paganizar}}
[[Categoria:Forma verbal (Português)]]</text>
<sha1>3h3w7iza3to5z79c5hdpgiqgjnqhpqd</sha1>
</revision>
