<page>
<title>paganizações</title>
<ns>0</ns>
<id>322223</id>
<revision>
<id>2198872</id>
<parentid>2149784</parentid>
<timestamp>2016-11-19T12:20:02Z</timestamp>
<contributor>
<username>MIL973</username>
<id>41339</id>
</contributor>
<model>wikitext</model>
<format>text/x-wiki</format>
<text bytes="196" xml:space="preserve">={{-pt-}}=
==Forma de substantivo==
{{oxítona|pa|ga|ni|za|ções}}, {{gramática|fp}}
# plural de [[paganização]]
{{avi-for-fle|paganização}}
[[Categoria:Forma de substantivo (Português)]]</text>
<sha1>5io9zge1teh3ksftyxbqxfkc411paqm</sha1>
</revision>
</page>
