<page>
<title>paganizarmos</title>
<ns>0</ns>
<id>361437</id>
<revision>
<id>2151695</id>
<parentid>2151694</parentid>
<timestamp>2016-07-18T14:08:14Z</timestamp>
<contributor>
<username>MIL973</username>
<id>41339</id>
</contributor>
<model>wikitext</model>
<format>text/x-wiki</format>
<text bytes="301" xml:space="preserve">={{-pt-}}=
==Forma verbal==
{{paroxítona|pa|ga|ni|zar|mos}}
# primeira pessoa do plural do futuro do {{PEPB|inline=1|conjuntivo|subjuntivo}} do verbo [[paganizar]]
# infinitivo pessoal da primeira pessoa do plural do verbo paganizar
{{avi-for-fle|paganizar}}
[[Categoria:Forma verbal (Português)]]</text>
<sha1>9tjpghl82bvmi0nr92ouq2nzmp6t2xf</sha1>
</revision>
</page>
