<page>
<page>
<title>paganizaria</title>
<ns>0</ns>
<id>361481</id>
<revision>
<id>2355048</id>
<parentid>2151851</parentid>
<timestamp>2017-05-03T01:26:19Z</timestamp>
<contributor>
<username>MIL973</username>
<id>41339</id>
</contributor>
<model>wikitext</model>
<format>text/x-wiki</format>
<text bytes="306" xml:space="preserve">={{-pt-}}=
==Forma verbal==
{{paroxítona|pa|ga|ni|za|ri|a}}
# primeira pessoa do singular do futuro do pretérito do indicativo do verbo [[paganizar]]
# terceira pessoa do singular do futuro do pretérito do indicativo do verbo paganizar
{{avi-for-fle|paganizar}}
[[Categoria:Forma verbal (Português)]]</text>
<sha1>bwhs3u67tvi2bhv1jm130808zatmqzc</sha1>
</revision>
