<page>
<title>paganizares</title>
<ns>0</ns>
<id>361436</id>
<revision>
<id>2384899</id>
<parentid>2181373</parentid>
<timestamp>2017-05-05T21:37:38Z</timestamp>
<contributor>
<username>HydrizBot</username>
<id>29590</id>
</contributor>
<minor />
<comment>Robô: A limpar links interwikis antigos</comment>
<model>wikitext</model>
<format>text/x-wiki</format>
<text bytes="302" xml:space="preserve">={{-pt-}}=
==Forma verbal==
{{paroxítona|pa|ga|ni|za|res}}
# segunda pessoa do singular do futuro do {{PEPB|inline=1|conjuntivo|subjuntivo}} do verbo [[paganizar]]
# infinitivo pessoal da segunda pessoa do singular do verbo paganizar
{{avi-for-fle|paganizar}}
[[Categoria:Forma verbal (Português)]]</text>
<sha1>3n0ea0o4cu1kbw6cq8k2rad41lf2m84</sha1>
</revision>
</page>
