<page>
<title>paganiza</title>
<ns>0</ns>
<id>361479</id>
<revision>
<id>2384890</id>
<parentid>2181380</parentid>
<timestamp>2017-05-05T21:37:20Z</timestamp>
<contributor>
<username>HydrizBot</username>
<id>29590</id>
</contributor>
<minor />
<comment>Robô: A limpar links interwikis antigos</comment>
<model>wikitext</model>
<format>text/x-wiki</format>
<text bytes="275" xml:space="preserve">={{-pt-}}=
==Forma verbal==
{{paroxítona|pa|ga|ni|za}}
# terceira pessoa do singular do presente do indicativo do verbo [[paganizar]]
# segunda pessoa do singular do imperativo afirmativo do verbo paganizar
{{avi-for-fle|paganizar}}
[[Categoria:Forma verbal (Português)]]</text>
<sha1>84y18r2rfi8odrsvmw4wquenfl56zbd</sha1>
</revision>
</page>
