<page>
<title>paganizámos</title>
<ns>0</ns>
<id>361495</id>
<revision>
<id>2166249</id>
<parentid>2162911</parentid>
<timestamp>2016-09-02T01:43:02Z</timestamp>
<contributor>
<username>MIL973</username>
<id>41339</id>
</contributor>
<model>wikitext</model>
<format>text/x-wiki</format>
<text bytes="274" xml:space="preserve">{{grafiaPtpt|paganizamos}}
={{-pt-}}=
==Forma verbal==
{{paroxítona|pa|ga|ni|zá|mos}}
# {{escopo2|Grafia portuguesa}} primeira pessoa do plural do pretérito perfeito do indicativo do verbo [[paganizar]]
{{avi-for-fle|paganizar}}
[[Categoria:Forma verbal (Português)]]</text>
<sha1>4n7nhenqhrbsqmxn87n5ng0cv67ufde</sha1>
</revision>
</page>
