<page>
<title>paganizemos</title>
<ns>0</ns>
<id>361477</id>
<revision>
<id>2446659</id>
<parentid>2151842</parentid>
<timestamp>2017-08-31T01:52:25Z</timestamp>
<contributor>
<username>MIL973</username>
<id>41339</id>
</contributor>
<model>wikitext</model>
<format>text/x-wiki</format>
<text bytes="375" xml:space="preserve">={{-pt-}}=
==Forma verbal==
{{paroxítona|pa|ga|ni|ze|mos}}
# primeira pessoa do plural do presente do {{PEPB|inline=1|conjuntivo|subjuntivo}} do verbo [[paganizar]]
# primeira pessoa do plural do imperativo afirmativo do verbo paganizar
# primeira pessoa do plural do imperativo negativo do verbo paganizar
{{avi-for-fle|paganizar}}
[[Categoria:Forma verbal (Português)]]</text>
<sha1>g8fpwjyr9wf2733smix1kjzcle0pxyy</sha1>
</revision>
</page>
