<page>
<page>
<title>paganize</title>
<ns>0</ns>
<id>361475</id>
<revision>
<id>2384906</id>
<parentid>2183212</parentid>
<timestamp>2017-05-05T21:37:54Z</timestamp>
<contributor>
<username>HydrizBot</username>
<id>29590</id>
</contributor>
<minor />
<comment>Robô: A limpar links interwikis antigos</comment>
<model>wikitext</model>
<format>text/x-wiki</format>
<text bytes="481" xml:space="preserve">={{-pt-}}=
==Forma verbal==
{{paroxítona|pa|ga|ni|ze}}
# primeira pessoa do singular do presente do {{PEPB|inline=1|conjuntivo|subjuntivo}} do verbo [[paganizar]]
# terceira pessoa do singular do presente do {{PEPB|inline=1|conjuntivo|subjuntivo}} do verbo paganizar
# terceira pessoa do singular do imperativo afirmativo do verbo paganizar
# terceira pessoa do singular do imperativo negativo do verbo paganizar
{{avi-for-fle|paganizar}}
[[Categoria:Forma verbal (Português)]]</text>
<sha1>6g5thjoyv7y2jqnlb9npf44st0pdo1t</sha1>
</revision>
