<page>
<title>paganizarias</title>
<ns>0</ns>
<id>361482</id>
<revision>
<id>2151854</id>
<parentid>2151853</parentid>
<timestamp>2016-07-19T11:31:22Z</timestamp>
<contributor>
<username>MIL973</username>
<id>41339</id>
</contributor>
<model>wikitext</model>
<format>text/x-wiki</format>
<text bytes="219" xml:space="preserve">={{-pt-}}=
==Forma verbal==
{{paroxítona|pa|ga|ni|za|ri|as}}
# segunda pessoa do singular do futuro do pretérito do indicativo do verbo [[paganizar]]
{{avi-for-fle|paganizar}}
[[Categoria:Forma verbal (Português)]]</text>
<sha1>blpk1nkh7y86m3narkn61ohdv7w826u</sha1>
</revision>
</page>
