<page>
<title>paganizo</title>
<ns>0</ns>
<id>361525</id>
<revision>
<id>2384908</id>
<parentid>2181382</parentid>
<timestamp>2017-05-05T21:37:58Z</timestamp>
<contributor>
<username>HydrizBot</username>
<id>29590</id>
</contributor>
<minor />
<comment>Robô: A limpar links interwikis antigos</comment>
<model>wikitext</model>
<format>text/x-wiki</format>
<text bytes="202" xml:space="preserve">={{-pt-}}=
==Forma verbal==
{{paroxítona|pa|ga|ni|zo}}
# primeira pessoa do singular do presente do indicativo do verbo [[paganizar]]
{{avi-for-fle|paganizar}}
[[Categoria:Forma verbal (Português)]]</text>
<sha1>9cu1cljym8wi2ay1n3gythns12ogmuq</sha1>
</revision>
</page>
