<page>
<title>paganizeis</title>
<ns>0</ns>
<id>361521</id>
<revision>
<id>2152053</id>
<parentid>2152051</parentid>
<timestamp>2016-07-20T04:51:02Z</timestamp>
<contributor>
<username>MIL973</username>
<id>41339</id>
</contributor>
<model>wikitext</model>
<format>text/x-wiki</format>
<text bytes="296" xml:space="preserve">={{-pt-}}=
==Forma verbal==
{{oxítona|pa|ga|ni|zeis}}
# segunda pessoa do plural do presente do {{PEPB|inline=1|conjuntivo|subjuntivo}} do verbo [[paganizar]]
# segunda pessoa do plural do imperativo negativo do verbo paganizar
{{avi-for-fle|paganizar}}
[[Categoria:Forma verbal (Português)]]</text>
<sha1>bptotp2gv242tv6o4ui8nbbgb8tpd54</sha1>
</revision>
</page>
