<page>
<title>pagadoiro</title>
<ns>0</ns>
<id>345583</id>
<revision>
<id>2009392</id>
<parentid>2009391</parentid>
<timestamp>2015-10-04T22:02:40Z</timestamp>
<contributor>
<username>Cpls</username>
<id>20608</id>
</contributor>
<comment>/* {{etimologia|roa-gpm}} */</comment>
<model>wikitext</model>
<format>text/x-wiki</format>
<text bytes="379" xml:space="preserve">={{-roa-gpm-}}=
==Substantivo==
{{flex.pt|ms=pagadoiro|mp=pagadoiros|fs=pagadoira|fp=pagadoiras}}
{{paroxítona|pa|ga|doi|ro|lang=roa-gpm}}, {{m}}
# [[belo]], de bom trato, que causa satisfação
=={{etimologia|roa-gpm}}==
: {{escopo|Morfologia}} Derivada do [[galego-português medieval]] ''[[pagar#{{roa-gpm}}|pagar]]''.
[[Categoria:Substantivo (Galego-Português Medieval)]]</text>
<sha1>2vztnjs4pysw7on14qwawybc8qgub62</sha1>
</revision>
</page>
