<page>
<page>
<title>paganizei</title>
<ns>0</ns>
<id>361497</id>
<revision>
<id>2151896</id>
<parentid>2151895</parentid>
<timestamp>2016-07-19T12:19:03Z</timestamp>
<contributor>
<username>MIL973</username>
<id>41339</id>
</contributor>
<model>wikitext</model>
<format>text/x-wiki</format>
<text bytes="211" xml:space="preserve">={{-pt-}}=
==Forma verbal==
{{oxítona|pa|ga|ni|zei}}
# primeira pessoa do singular do pretérito perfeito do indicativo do verbo [[paganizar]]
{{avi-for-fle|paganizar}}
[[Categoria:Forma verbal (Português)]]</text>
<sha1>41t2oaou0slkqb2xzm7dq2vcpswzgjj</sha1>
</revision>
