<page>
<title>paganizáreis</title>
<ns>0</ns>
<id>361493</id>
<revision>
<id>2151887</id>
<parentid>2151886</parentid>
<timestamp>2016-07-19T12:14:06Z</timestamp>
<contributor>
<username>MIL973</username>
<id>41339</id>
</contributor>
<model>wikitext</model>
<format>text/x-wiki</format>
<text bytes="255" xml:space="preserve">{{ver também|paganizareis}}
={{-pt-}}=
==Forma verbal==
{{paroxítona|pa|ga|ni|zá|reis}}
# segunda pessoa do plural do pretérito mais-que-perfeito do indicativo do verbo [[paganizar]]
{{avi-for-fle|paganizar}}
[[Categoria:Forma verbal (Português)]]</text>
<sha1>a0ibc1wqh1lfuyp188lk5v93g3niay8</sha1>
</revision>
</page>
