<page>
<page>
<title>paganizara</title>
<ns>0</ns>
<id>361490</id>
<revision>
<id>2384895</id>
<parentid>2181377</parentid>
<timestamp>2017-05-05T21:37:30Z</timestamp>
<contributor>
<username>HydrizBot</username>
<id>29590</id>
</contributor>
<minor />
<comment>Robô: A limpar links interwikis antigos</comment>
<model>wikitext</model>
<format>text/x-wiki</format>
<text bytes="349" xml:space="preserve">{{ver também|paganizará}}
={{-pt-}}=
==Forma verbal==
{{paroxítona|pa|ga|ni|za|ra}}
# primeira pessoa do singular do pretérito mais-que-perfeito do indicativo do verbo [[paganizar]]
# terceira pessoa do singular do pretérito mais-que-perfeito do indicativo do verbo paganizar
{{avi-for-fle|paganizar}}
[[Categoria:Forma verbal (Português)]]</text>
<sha1>980d321sr19zkil30nf3ra8hajnl4vo</sha1>
</revision>
