<page>
<page>
<title>paganizaríeis</title>
<ns>0</ns>
<id>361524</id>
<revision>
<id>2152057</id>
<parentid>2152056</parentid>
<timestamp>2016-07-20T04:53:02Z</timestamp>
<contributor>
<username>MIL973</username>
<id>41339</id>
</contributor>
<model>wikitext</model>
<format>text/x-wiki</format>
<text bytes="219" xml:space="preserve">={{-pt-}}=
==Forma verbal==
{{paroxítona|pa|ga|ni|za|rí|eis}}
# segunda pessoa do plural do futuro do pretérito do indicativo do verbo [[paganizar]]
{{avi-for-fle|paganizar}}
[[Categoria:Forma verbal (Português)]]</text>
<sha1>ih9nbqzfyxgkk5ykgrpmgdnig1jy49e</sha1>
</revision>
