<page>
<page>
<title>paganizaras</title>
<ns>0</ns>
<id>361491</id>
<revision>
<id>2384896</id>
<parentid>2181376</parentid>
<timestamp>2017-05-05T21:37:32Z</timestamp>
<contributor>
<username>HydrizBot</username>
<id>29590</id>
</contributor>
<minor />
<comment>Robô: A limpar links interwikis antigos</comment>
<model>wikitext</model>
<format>text/x-wiki</format>
<text bytes="255" xml:space="preserve">{{ver também|paganizarás}}
={{-pt-}}=
==Forma verbal==
{{paroxítona|pa|ga|ni|za|ras}}
# segunda pessoa do singular do pretérito mais-que-perfeito do indicativo do verbo [[paganizar]]
{{avi-for-fle|paganizar}}
[[Categoria:Forma verbal (Português)]]</text>
<sha1>6nyc7e5j4qsgvy8ux1sdxij91zwagoz</sha1>
</revision>
