<page>
<title>pagay</title>
<ns>0</ns>
<id>318322</id>
<revision>
<id>2658366</id>
<parentid>2384914</parentid>
<timestamp>2022-01-21T17:43:53Z</timestamp>
<contributor>
<username>ValJor</username>
<id>1358</id>
</contributor>
<comment>Confirmando [[:Categoria:!Entrada criada por robô|verbete criado por robô]]</comment>
<model>wikitext</model>
<format>text/x-wiki</format>
<text bytes="260" xml:space="preserve">{{Wikipédia|lang=ilo|Oryza}}
[[Imagem:Gealypic5.JPG|thumb|right|250px|{{centro|Arroz}}]]
={{-ilo-}}=
==Substantivo==
'''pagay'''
# [[arroz]]
[[Categoria:Substantivo (Ilocano)]]
[[Categoria:Alimentação (Ilocano)]]
[[Categoria:Entrada com imagem (Ilocano)]]</text>
<sha1>phsbqqey63b03pw64qb6szhzdp7c492</sha1>
</revision>
</page>
