<page>
<title>paganizavam</title>
<ns>0</ns>
<id>361520</id>
<revision>
<id>2152050</id>
<parentid>2152049</parentid>
<timestamp>2016-07-20T04:49:48Z</timestamp>
<contributor>
<username>MIL973</username>
<id>41339</id>
</contributor>
<model>wikitext</model>
<format>text/x-wiki</format>
<text bytes="217" xml:space="preserve">={{-pt-}}=
==Forma verbal==
{{paroxítona|pa|ga|ni|za|vam}}
# terceira pessoa do plural do pretérito imperfeito do indicativo do verbo [[paganizar]]
{{avi-for-fle|paganizar}}
[[Categoria:Forma verbal (Português)]]</text>
<sha1>ktvapawrd2l547lq3f7f9utyr92cpdn</sha1>
</revision>
</page>
