<page>
<title>paga</title>
<ns>0</ns>
<id>52265</id>
<revision>
<id>2384885</id>
<parentid>2237462</parentid>
<timestamp>2017-05-05T21:37:03Z</timestamp>
<contributor>
<username>HydrizBot</username>
<id>29590</id>
</contributor>
<minor />
<comment>Robô: A limpar links interwikis antigos</comment>
<model>wikitext</model>
<format>text/x-wiki</format>
<text bytes="434" xml:space="preserve">={{-pt-}}=
==Substantivo==
{{flex.pt|fs=paga|fp=pagas}}
{{paroxítona|pa|ga}}
# ato ou efeito de [[pagar]]
# [[pagamento]]
# [[remuneração]]
# [[salário]]
# [[retribuição]]
==Forma verbal==
{{paroxítona|pa|ga}}
# terceira pessoa do singular do presente do indicativo do verbo [[pagar]]
# segunda pessoa do singular do imperativo do verbo [[pagar]]
[[Categoria:Substantivo (Português)]]
[[Categoria:Forma verbal (Português)]]</text>
<sha1>7iuwysarwmtprt3i0nhvmwm0h2eshiw</sha1>
</revision>
</page>
