<page>
<page>
<title>paganizará</title>
<ns>0</ns>
<id>361486</id>
<revision>
<id>2384900</id>
<parentid>2181372</parentid>
<timestamp>2017-05-05T21:37:40Z</timestamp>
<contributor>
<username>HydrizBot</username>
<id>29590</id>
</contributor>
<minor />
<comment>Robô: A limpar links interwikis antigos</comment>
<model>wikitext</model>
<format>text/x-wiki</format>
<text bytes="241" xml:space="preserve">{{ver também|paganizara}}
={{-pt-}}=
==Forma verbal==
{{oxítona|pa|ga|ni|za|rá}}
# terceira pessoa do singular do futuro do presente do indicativo do verbo [[paganizar]]
{{avi-for-fle|paganizar}}
[[Categoria:Forma verbal (Português)]]</text>
<sha1>knaiwkpvfcsqujss2fiycdjfvjqgfko</sha1>
</revision>
