<page>
<title>pager</title>
<ns>0</ns>
<id>393217</id>
<revision>
<id>2486949</id>
<timestamp>2018-02-26T06:51:58Z</timestamp>
<contributor>
<username>Askekamo</username>
<id>60711</id>
</contributor>
<comment>Às armas!!!!!!!!!!!!!!!!!!!!!!!!!!!!!!!</comment>
<model>wikitext</model>
<format>text/x-wiki</format>
<text bytes="156" xml:space="preserve">={{-pt-}}=
==Substantivo==
'''''pager''''', {{gramática|m}}
# {{escopo|pt|estrangeirismo}} ver [[bipe]]&lt;sup&gt;2&lt;/sup&gt;
[[Categoria:Substantivo (Português)]]</text>
<sha1>tem7ozv02lrknn48ugy71ph6py0pobv</sha1>
</revision>
</page>
