<page>
<page>
<title>pageira</title>
<ns>0</ns>
<id>407561</id>
<revision>
<id>2537891</id>
<timestamp>2019-03-04T11:41:57Z</timestamp>
<contributor>
<username>Cpls</username>
<id>20608</id>
</contributor>
<comment>[[Ajuda:Guia de edição/Menus e ferramentas/Sumário de edição|→]] nova página: ={{-gl-}}= ==Substantivo&lt;sup&gt;1&lt;/sup&gt;== {{flex.gl|ms=pageiro|mp=pageiros|fs=pageira|fp=pageiras}} {{paroxíton...</comment>
<model>wikitext</model>
<format>text/x-wiki</format>
<text bytes="978" xml:space="preserve">={{-gl-}}=
==Substantivo&lt;sup&gt;1&lt;/sup&gt;==
{{flex.gl|ms=pageiro|mp=pageiros|fs=pageira|fp=pageiras}}
{{paroxítona|pa|gei|ra|lang=gl}}
# pessoa que faz um tipo de [[cesto]]
{{flex.gl|fs=pageira|fp=pageiras}}
{{paroxítona|pa|gei|ra|lang=gl}}, {{g|f|lang=gl}}
#{{cont|2}} [[cesto]] de boca estreita usado para guardar e curar queijos entre a palha, ou pendurado do teto
===Sinónimo===
* De '''2''': [[pageiro#{{gl}}|pageiro]]
==={{etimologia|gl}}===
: {{escopo|Morfologia}} De ''[[page#{{gl}}|page]]'' ou ''[[paja#{{gl}}|paja]]'' + ''[[-eira#{{gl}}|-eira]]''.
==Substantivo&lt;sup&gt;2&lt;/sup&gt;==
{{flex.gl|fs=pageira|fp=pageiras}}
{{paroxítona|pa|gei|ra|lang=gl}}, {{g|f|lang=gl}}
# no [[forno]] tradicional de lenha para o pão, cada uma das duas [[jamba]]s interiores da sua porta
===Sinónimos===
* [[page#{{gl}}|page]], [[pas#{{gl}}|pas]]
==={{etimologia|gl}}===
: {{escopo|Morfologia}} De ''[[page#{{gl}}|page]]'' + ''[[-eira#{{gl}}|-eira]]''.
[[Categoria:Substantivo (Galego)]]</text>
<sha1>e33y3mzqsmgvlvnstorwch1axf1fgfe</sha1>
</revision>
