<page>
<page>
<title>paginaram</title>
<ns>0</ns>
<id>176253</id>
<revision>
<id>2384924</id>
<parentid>2131840</parentid>
<timestamp>2017-05-05T21:38:54Z</timestamp>
<contributor>
<username>HydrizBot</username>
<id>29590</id>
</contributor>
<minor />
<comment>Robô: A limpar links interwikis antigos</comment>
<model>wikitext</model>
<format>text/x-wiki</format>
<text bytes="195" xml:space="preserve">={{-pt-}}=
==Forma verbal==
'''paginaram'''
#[[terceira pessoa]] do [[plural]] do [[pretérito perfeito]] do [[modo indicativo]] do verbo '''[[paginar]]'''
[[Categoria:Forma verbal (Português)]]</text>
<sha1>5sbllacrz892m1aadrzweqdql8a1oe1</sha1>
</revision>
