<page>
<page>
<title>paginador</title>
<ns>0</ns>
<id>35981</id>
<revision>
<id>2653424</id>
<parentid>1204392</parentid>
<timestamp>2021-11-27T02:14:15Z</timestamp>
<contributor>
<username>ValJor</username>
<id>1358</id>
</contributor>
<comment>Acrescentando código de língua à [[:Categoria:!Página com mensagem de erro em predefinição|predefinição escopo]]</comment>
<model>wikitext</model>
<format>text/x-wiki</format>
<text bytes="481" xml:space="preserve">={{-pt-}}=
==Substantivo==
{{flex.pt|ms=paginador|mp=paginadores}}
{{oxítona|pa|gi|na|dor}}, {{gramática|m}}
# {{escopo}pt|Profissão}} [[profissional]] que, com recurso a meios informáticos, ordena na [[página]] os elementos que a constituem
=={{etimologia|pt}}==
: {{escopo|Morfologia}} [[paginar]] + [[-dor]].
==Ligações externas==
* {{Aulete}}
* {{Michaelis}}
* {{DicioAberto}}
* {{DPLP}}
* {{Infopédia}}
* {{PLP}}
* {{VOLPABL}}
[[Categoria:Substantivo (Português)]]</text>
<sha1>6r8zxb0e5lbvet443s4fqe1yqtlzb4r</sha1>
</revision>
