<page>
<page>
<title>pagináramos</title>
<ns>0</ns>
<id>180704</id>
<revision>
<id>2384960</id>
<parentid>2131856</parentid>
<timestamp>2017-05-05T21:40:19Z</timestamp>
<contributor>
<username>HydrizBot</username>
<id>29590</id>
</contributor>
<minor />
<comment>Robô: A limpar links interwikis antigos</comment>
<model>wikitext</model>
<format>text/x-wiki</format>
<text bytes="185" xml:space="preserve">={{-pt-}}=
==Forma verbal==
'''pagináramos'''
#[[primeira pessoa]] do [[plural]] do [[pretérito mais-que-perfeito]] do verbo '''[[paginar]]'''
[[Categoria:Forma verbal (Português)]]</text>
<sha1>my5q3hhfs87tc4fw5kcqdfyvxvsreyj</sha1>
</revision>
