<page>
<page>
<title>paginavas</title>
<ns>0</ns>
<id>162087</id>
<revision>
<id>2384949</id>
<parentid>2131866</parentid>
<timestamp>2017-05-05T21:39:51Z</timestamp>
<contributor>
<username>HydrizBot</username>
<id>29590</id>
</contributor>
<minor />
<comment>Robô: A limpar links interwikis antigos</comment>
<model>wikitext</model>
<format>text/x-wiki</format>
<text bytes="198" xml:space="preserve">={{-pt-}}=
==Forma verbal==
'''paginavas'''
#[[segunda pessoa]] do [[singular]] do [[pretérito imperfeito]] do [[modo indicativo]] do verbo '''[[paginar]]'''
[[Categoria:Forma verbal (Português)]]</text>
<sha1>t54fncrykmtj0g9tdl7a0z6rs4dzluz</sha1>
</revision>
