<page>
<title>paginava</title>
<ns>0</ns>
<id>204556</id>
<revision>
<id>2384947</id>
<parentid>2131868</parentid>
<timestamp>2017-05-05T21:39:46Z</timestamp>
<contributor>
<username>HydrizBot</username>
<id>29590</id>
</contributor>
<minor />
<comment>Robô: A limpar links interwikis antigos</comment>
<model>wikitext</model>
<format>text/x-wiki</format>
<text bytes="230" xml:space="preserve">={{-pt-}}=
==Forma verbal==
'''paginava'''
#[[primeira pessoa|primeira]] e [[terceira pessoa]] do [[singular]] do [[pretérito imperfeito]] do [[modo indicativo]] do verbo '''[[paginar]]'''
[[Categoria:Forma verbal (Português)]]</text>
<sha1>ix6r7f7kyp56h7728uxndimya76d9hc</sha1>
</revision>
</page>
