<page>
<page>
<title>pagináreis</title>
<ns>0</ns>
<id>182409</id>
<revision>
<id>2384961</id>
<parentid>2131855</parentid>
<timestamp>2017-05-05T21:40:21Z</timestamp>
<contributor>
<username>HydrizBot</username>
<id>29590</id>
</contributor>
<minor />
<comment>Robô: A limpar links interwikis antigos</comment>
<model>wikitext</model>
<format>text/x-wiki</format>
<text bytes="183" xml:space="preserve">={{-pt-}}=
==Forma verbal==
'''pagináreis'''
#[[segunda pessoa]] do [[plural]] do [[pretérito mais-que-perfeito]] do verbo '''[[paginar]]'''
[[Categoria:Forma verbal (Português)]]</text>
<sha1>tct2iza7icbi0l9c3ikn6ay27c85qnb</sha1>
</revision>
