<page>
<title>paginaremos</title>
<ns>0</ns>
<id>188158</id>
<revision>
<id>2384930</id>
<parentid>2131834</parentid>
<timestamp>2017-05-05T21:39:08Z</timestamp>
<contributor>
<username>HydrizBot</username>
<id>29590</id>
</contributor>
<minor />
<comment>Robô: A limpar links interwikis antigos</comment>
<model>wikitext</model>
<format>text/x-wiki</format>
<text bytes="174" xml:space="preserve">={{-pt-}}=
==Forma verbal==
'''paginaremos'''
#[[primeira pessoa]] do [[plural]] do [[futuro do presente]] do verbo '''[[paginar]]'''
[[Categoria:Forma verbal (Português)]]</text>
<sha1>qlid6564vtnlui3k5lx27fxeket1jni</sha1>
</revision>
</page>
