<page>
<title>pagino</title>
<ns>0</ns>
<id>153511</id>
<revision>
<id>2384957</id>
<parentid>2237466</parentid>
<timestamp>2017-05-05T21:40:12Z</timestamp>
<contributor>
<username>HydrizBot</username>
<id>29590</id>
</contributor>
<minor />
<comment>Robô: A limpar links interwikis antigos</comment>
<model>wikitext</model>
<format>text/x-wiki</format>
<text bytes="181" xml:space="preserve">={{-pt-}}=
==Forma verbal==
'''pagino'''
#[[primeira]] [[pessoa]] do [[singular]] do [[presente]] [[indicativo]] do verbo '''[[recortar]]'''
[[Categoria:Forma verbal (Português)]]</text>
<sha1>8gg9xpitq29e68jzjwo41tm2v560gcf</sha1>
</revision>
</page>
