<page>
<title>paginamos</title>
<ns>0</ns>
<id>157749</id>
<revision>
<id>2491966</id>
<parentid>2384920</parentid>
<timestamp>2018-03-29T19:24:14Z</timestamp>
<contributor>
<username>ValJor</username>
<id>1358</id>
</contributor>
<comment>Acrescentando a predefinição avi-for-fle</comment>
<model>wikitext</model>
<format>text/x-wiki</format>
<text bytes="323" xml:space="preserve">={{-pt-}}=
==Forma verbal==
{{paroxítona|pa|gi|na|mos}}
# primeira pessoa do plural do presente do modo indicativo do verbo [[paginar]]
# {{escopo2|grafia brasileira}} primeira pessoa do plural do pretérito perfeito do modo indicativo do verbo [[paginar]]
{{avi-for-fle|paginar}}
[[Categoria:Forma verbal (Português)]]</text>
<sha1>deoab35m4z8cipotrx84mzt0tymnw1n</sha1>
</revision>
</page>
