<page>
<title>paginarás</title>
<ns>0</ns>
<id>185431</id>
<revision>
<id>2384937</id>
<parentid>2131827</parentid>
<timestamp>2017-05-05T21:39:24Z</timestamp>
<contributor>
<username>HydrizBot</username>
<id>29590</id>
</contributor>
<minor />
<comment>Robô: A limpar links interwikis antigos</comment>
<model>wikitext</model>
<format>text/x-wiki</format>
<text bytes="174" xml:space="preserve">={{-pt-}}=
==Forma verbal==
'''paginarás'''
#[[segunda pessoa]] do [[singular]] do [[futuro do presente]] do verbo '''[[paginar]]'''
[[Categoria:Forma verbal (Português)]]</text>
<sha1>mzzihv8sjshwjsicoyfoadan0kvkm0l</sha1>
</revision>
</page>
