<page>
<page>
<title>paginaras</title>
<ns>0</ns>
<id>179210</id>
<revision>
<id>2384925</id>
<parentid>2131839</parentid>
<timestamp>2017-05-05T21:38:56Z</timestamp>
<contributor>
<username>HydrizBot</username>
<id>29590</id>
</contributor>
<minor />
<comment>Robô: A limpar links interwikis antigos</comment>
<model>wikitext</model>
<format>text/x-wiki</format>
<text bytes="183" xml:space="preserve">={{-pt-}}=
==Forma verbal==
'''paginaras'''
#[[segunda pessoa]] do [[singular]] do [[pretérito mais-que-perfeito]] do verbo '''[[paginar]]'''
[[Categoria:Forma verbal (Português)]]</text>
<sha1>0g3vwqme2gcc6985kpus06akqgvv4o0</sha1>
</revision>
