<page>
<title>paginara</title>
<ns>0</ns>
<id>177716</id>
<revision>
<id>2384923</id>
<parentid>2131841</parentid>
<timestamp>2017-05-05T21:38:52Z</timestamp>
<contributor>
<username>HydrizBot</username>
<id>29590</id>
</contributor>
<minor />
<comment>Robô: A limpar links interwikis antigos</comment>
<model>wikitext</model>
<format>text/x-wiki</format>
<text bytes="231" xml:space="preserve">={{-pt-}}=
==Forma verbal==
'''paginara'''
#[[primeira pessoa|primeira]] e [[terceira pessoa|terceira pessoas]] do [[singular]] do [[pretérito mais-que-perfeito]] do verbo '''[[paginar]]'''
[[Categoria:Forma verbal (Português)]]</text>
<sha1>el10n7d44is7pl3oc7aih3yifrorsve</sha1>
</revision>
</page>
