<page>
<page>
<title>paginariam</title>
<ns>0</ns>
<id>196255</id>
<revision>
<id>2384933</id>
<parentid>2131831</parentid>
<timestamp>2017-05-05T21:39:15Z</timestamp>
<contributor>
<username>HydrizBot</username>
<id>29590</id>
</contributor>
<minor />
<comment>Robô: A limpar links interwikis antigos</comment>
<model>wikitext</model>
<format>text/x-wiki</format>
<text bytes="175" xml:space="preserve">={{-pt-}}=
==Forma verbal==
'''paginariam'''
#[[terceira pessoa]] do [[plural]] do [[futuro do pretérito]] do verbo '''[[paginar]]'''
[[Categoria:Forma verbal (Português)]]</text>
<sha1>o1r7et26cc2caoylqgegsb1hutv1qf9</sha1>
</revision>
