<page>
<title>paginaríeis</title>
<ns>0</ns>
<id>194919</id>
<revision>
<id>2384940</id>
<parentid>2131824</parentid>
<timestamp>2017-05-05T21:39:30Z</timestamp>
<contributor>
<username>HydrizBot</username>
<id>29590</id>
</contributor>
<minor />
<comment>Robô: A limpar links interwikis antigos</comment>
<model>wikitext</model>
<format>text/x-wiki</format>
<text bytes="176" xml:space="preserve">={{-pt-}}=
==Forma verbal==
'''paginaríeis'''
#[[segunda pessoa]] do [[plural]] do [[futuro do pretérito]] do verbo '''[[paginar]]'''
[[Categoria:Forma verbal (Português)]]</text>
<sha1>r52quil7wsqa9bt2ogppkl60nrreavk</sha1>
</revision>
</page>
