<page>
<page>
<title>paginação</title>
<ns>0</ns>
<id>37045</id>
<revision>
<id>2646558</id>
<parentid>2609938</parentid>
<timestamp>2021-08-24T12:39:50Z</timestamp>
<contributor>
<username>ValJor</username>
<id>1358</id>
</contributor>
<comment>Trocando escopo por escopo2</comment>
<model>wikitext</model>
<format>text/x-wiki</format>
<text bytes="412" xml:space="preserve">={{-pt-}}=
==Substantivo==
{{oxítona|pa|gi|na|ção}}, {{gramática|f}}
# ato ou efeito de [[paginar]]
# a [[ordem]] e [[organização]] das [[página]]s num [[livro]] [[imprimir|impresso]]
# {{escopo2|artes gráficas}} ato de [[ordenar]] os [[elemento]]s [[constitutivo]]s de cada [[página]]
=={{pronúncia|pt}}==
===Portugal===
* AFI: {{AFI|/pɐ.ʒi.nɐ.ˈsɐ̃w̃/}}
[[Categoria:Substantivo (Português)]]</text>
<sha1>ij9c74pq59iy7trz4bnbqkoz5ymkq8d</sha1>
</revision>
