<page>
<page>
<title>paginaria</title>
<ns>0</ns>
<id>192262</id>
<revision>
<id>2384932</id>
<parentid>2131832</parentid>
<timestamp>2017-05-05T21:39:13Z</timestamp>
<contributor>
<username>HydrizBot</username>
<id>29590</id>
</contributor>
<minor />
<comment>Robô: A limpar links interwikis antigos</comment>
<model>wikitext</model>
<format>text/x-wiki</format>
<text bytes="207" xml:space="preserve">={{-pt-}}=
==Forma verbal==
'''paginaria'''
#[[primeira pessoa|primeira]] e [[terceira pessoa]] do [[singular]] do [[futuro do pretérito]] do verbo '''[[paginar]]'''
[[Categoria:Forma verbal (Português)]]</text>
<sha1>cw3nizkz0nkim0nk1kuulxra681i18x</sha1>
</revision>
