<page>
<title>paginarias</title>
<ns>0</ns>
<id>200545</id>
<revision>
<id>2384934</id>
<parentid>2131830</parentid>
<timestamp>2017-05-05T21:39:17Z</timestamp>
<contributor>
<username>HydrizBot</username>
<id>29590</id>
</contributor>
<minor />
<comment>Robô: A limpar links interwikis antigos</comment>
<model>wikitext</model>
<format>text/x-wiki</format>
<text bytes="176" xml:space="preserve">={{-pt-}}=
==Forma verbal==
'''paginarias'''
#[[segunda pessoa]] do [[singular]] do [[futuro do pretérito]] do verbo '''[[paginar]]'''
[[Categoria:Forma verbal (Português)]]</text>
<sha1>0v8y6wfspbfoe6n038oavqxu9xcbnbg</sha1>
</revision>
</page>
