<page>
<title>paginassem</title>
<ns>0</ns>
<id>203238</id>
<revision>
<id>2384943</id>
<parentid>2131872</parentid>
<timestamp>2017-05-05T21:39:36Z</timestamp>
<contributor>
<username>HydrizBot</username>
<id>29590</id>
</contributor>
<minor />
<comment>Robô: A limpar links interwikis antigos</comment>
<model>wikitext</model>
<format>text/x-wiki</format>
<text bytes="199" xml:space="preserve">={{-pt-}}=
==Forma verbal==
'''paginassem'''
#[[terceira pessoa]] do [[plural]] do [[pretérito imperfeito]] do [[modo subjuntivo]] do verbo '''[[paginar]]'''
[[Categoria:Forma verbal (Português)]]</text>
<sha1>cbv5hpbgr14o8eavzu7n1wmtginvptq</sha1>
</revision>
</page>
