<page>
<page>
<title>paginastes</title>
<ns>0</ns>
<id>174906</id>
<revision>
<id>2384946</id>
<parentid>2131869</parentid>
<timestamp>2017-05-05T21:39:44Z</timestamp>
<contributor>
<username>HydrizBot</username>
<id>29590</id>
</contributor>
<minor />
<comment>Robô: A limpar links interwikis antigos</comment>
<model>wikitext</model>
<format>text/x-wiki</format>
<text bytes="195" xml:space="preserve">={{-pt-}}=
==Forma verbal==
'''paginastes'''
#[[segunda pessoa]] do [[plural]] do [[pretérito perfeito]] do [[modo indicativo]] do verbo '''[[paginar]]'''
[[Categoria:Forma verbal (Português)]]</text>
<sha1>n81xpxysqpjfwvqee266odlsl9k8pzc</sha1>
</revision>
