<page>
<title>paginarei</title>
<ns>0</ns>
<id>183885</id>
<revision>
<id>2384927</id>
<parentid>2131837</parentid>
<timestamp>2017-05-05T21:39:00Z</timestamp>
<contributor>
<username>HydrizBot</username>
<id>29590</id>
</contributor>
<minor />
<comment>Robô: A limpar links interwikis antigos</comment>
<model>wikitext</model>
<format>text/x-wiki</format>
<text bytes="174" xml:space="preserve">={{-pt-}}=
==Forma verbal==
'''paginarei'''
#[[primeira pessoa]] do [[singular]] do [[futuro do presente]] do verbo '''[[paginar]]'''
[[Categoria:Forma verbal (Português)]]</text>
<sha1>bc6jvfc45cp9jcq47obxssn5vhow1mn</sha1>
</revision>
</page>
