<page>
<title>paginares</title>
<ns>0</ns>
<id>207586</id>
<revision>
<id>2384931</id>
<parentid>2131833</parentid>
<timestamp>2017-05-05T21:39:11Z</timestamp>
<contributor>
<username>HydrizBot</username>
<id>29590</id>
</contributor>
<minor />
<comment>Robô: A limpar links interwikis antigos</comment>
<model>wikitext</model>
<format>text/x-wiki</format>
<text bytes="273" xml:space="preserve">={{-pt-}}=
==Forma verbal==
'''paginares'''
#[[segunda pessoa]] do [[singular]] do [[futuro]] do [[modo subjuntivo]] do verbo '''[[paginar]]'''
#[[infinitivo pessoal]] da [[segunda pessoa]] do [[singular]] do verbo '''[[paginar]]'''
[[Categoria:Forma verbal (Português)]]</text>
<sha1>015b4wx42za03le8tlg8zezsvx2yeug</sha1>
</revision>
</page>
