<page>
<title>paginardes</title>
<ns>0</ns>
<id>210534</id>
<revision>
<id>2384926</id>
<parentid>2131838</parentid>
<timestamp>2017-05-05T21:38:59Z</timestamp>
<contributor>
<username>HydrizBot</username>
<id>29590</id>
</contributor>
<minor />
<comment>Robô: A limpar links interwikis antigos</comment>
<model>wikitext</model>
<format>text/x-wiki</format>
<text bytes="270" xml:space="preserve">={{-pt-}}=
==Forma verbal==
'''paginardes'''
#[[segunda pessoa]] do [[plural]] do [[futuro]] do [[modo subjuntivo]] do verbo '''[[paginar]]'''
#[[infinitivo pessoal]] da [[segunda pessoa]] do [[plural]] do verbo '''[[paginar]]'''
[[Categoria:Forma verbal (Português)]]</text>
<sha1>4j4mo5vs3iu0ysso49zgxow049kazb3</sha1>
</revision>
</page>
