<page>
<page>
<title>paginaríamos</title>
<ns>0</ns>
<id>193612</id>
<revision>
<id>2384939</id>
<parentid>2131825</parentid>
<timestamp>2017-05-05T21:39:28Z</timestamp>
<contributor>
<username>HydrizBot</username>
<id>29590</id>
</contributor>
<minor />
<comment>Robô: A limpar links interwikis antigos</comment>
<model>wikitext</model>
<format>text/x-wiki</format>
<text bytes="178" xml:space="preserve">={{-pt-}}=
==Forma verbal==
'''paginaríamos'''
#[[primeira pessoa]] do [[plural]] do [[futuro do pretérito]] do verbo '''[[paginar]]'''
[[Categoria:Forma verbal (Português)]]</text>
<sha1>cjn56nmdjsuc4kr1zkvls9zbuddcpof</sha1>
</revision>
