<page>
<title>paginou</title>
<ns>0</ns>
<id>173612</id>
<revision>
<id>2384958</id>
<parentid>2131858</parentid>
<timestamp>2017-05-05T21:40:14Z</timestamp>
<contributor>
<username>HydrizBot</username>
<id>29590</id>
</contributor>
<minor />
<comment>Robô: A limpar links interwikis antigos</comment>
<model>wikitext</model>
<format>text/x-wiki</format>
<text bytes="195" xml:space="preserve">={{-pt-}}=
==Forma verbal==
'''paginou'''
#[[terceira pessoa]] do [[singular]] do [[pretérito perfeito]] do [[modo indicativo]] do verbo '''[[paginar]]'''
[[Categoria:Forma verbal (Português)]]</text>
<sha1>musj8mya2ni01ifizoajhgnzr6v7m0p</sha1>
</revision>
</page>
