<page>
<page>
<title>paginais</title>
<ns>0</ns>
<id>159165</id>
<revision>
<id>2384918</id>
<parentid>2131844</parentid>
<timestamp>2017-05-05T21:38:36Z</timestamp>
<contributor>
<username>HydrizBot</username>
<id>29590</id>
</contributor>
<minor />
<comment>Robô: A limpar links interwikis antigos</comment>
<model>wikitext</model>
<format>text/x-wiki</format>
<text bytes="182" xml:space="preserve">={{-pt-}}=
==Forma verbal==
'''paginais'''
#[[segunda pessoa]] do [[plural]] do [[presente]] do [[modo indicativo]] do verbo '''[[paginar]]'''
[[Categoria:Forma verbal (Português)]]</text>
<sha1>6mclap29jj0hz3wfw3zekuvtkqho2bd</sha1>
</revision>
