<page>
<title>paginei</title>
<ns>0</ns>
<id>170819</id>
<revision>
<id>2384952</id>
<parentid>2131864</parentid>
<timestamp>2017-05-05T21:39:59Z</timestamp>
<contributor>
<username>HydrizBot</username>
<id>29590</id>
</contributor>
<minor />
<comment>Robô: A limpar links interwikis antigos</comment>
<model>wikitext</model>
<format>text/x-wiki</format>
<text bytes="195" xml:space="preserve">={{-pt-}}=
==Forma verbal==
'''paginei'''
#[[primeira pessoa]] do [[singular]] do [[pretérito perfeito]] do [[modo indicativo]] do verbo '''[[paginar]]'''
[[Categoria:Forma verbal (Português)]]</text>
<sha1>4e3t7liwh4qu6dsdh8ibw7sn1q0bwq1</sha1>
</revision>
</page>
