<page>
<page>
<title>paginarão</title>
<ns>0</ns>
<id>190965</id>
<revision>
<id>2384938</id>
<parentid>2131826</parentid>
<timestamp>2017-05-05T21:39:26Z</timestamp>
<contributor>
<username>HydrizBot</username>
<id>29590</id>
</contributor>
<minor />
<comment>Robô: A limpar links interwikis antigos</comment>
<model>wikitext</model>
<format>text/x-wiki</format>
<text bytes="173" xml:space="preserve">={{-pt-}}=
==Forma verbal==
'''paginarão'''
#[[terceira pessoa]] do [[plural]] do [[futuro do presente]] do verbo '''[[paginar]]'''
[[Categoria:Forma verbal (Português)]]</text>
<sha1>4y61spw2tyft4m8fm5ro2qzzhz4tpgf</sha1>
</revision>
