<page>
<title>paginássemos</title>
<ns>0</ns>
<id>199037</id>
<revision>
<id>2384963</id>
<parentid>2131853</parentid>
<timestamp>2017-05-05T21:40:25Z</timestamp>
<contributor>
<username>HydrizBot</username>
<id>29590</id>
</contributor>
<minor />
<comment>Robô: A limpar links interwikis antigos</comment>
<model>wikitext</model>
<format>text/x-wiki</format>
<text bytes="202" xml:space="preserve">={{-pt-}}=
==Forma verbal==
'''paginássemos'''
#[[primeira pessoa]] do [[plural]] do [[pretérito imperfeito]] do [[modo subjuntivo]] do verbo '''[[paginar]]'''
[[Categoria:Forma verbal (Português)]]</text>
<sha1>azx4w9x8a6fx6tfquao3c9cgfhs8aoj</sha1>
</revision>
</page>
