<page>
<page>
<title>paginai</title>
<ns>0</ns>
<id>220509</id>
<revision>
<id>2384917</id>
<parentid>2131845</parentid>
<timestamp>2017-05-05T21:38:34Z</timestamp>
<contributor>
<username>HydrizBot</username>
<id>29590</id>
</contributor>
<minor />
<comment>Robô: A limpar links interwikis antigos</comment>
<model>wikitext</model>
<format>text/x-wiki</format>
<text bytes="176" xml:space="preserve">={{-pt-}}=
==Forma verbal==
'''paginai'''
#[[segunda pessoa]] do [[plural]] do [[imperativo]] [[afirmativo]] do verbo '''[[paginar]]'''
[[Categoria:Forma verbal (Português)]]</text>
<sha1>21reycbtxbz637f336xc6tusf4mip2b</sha1>
</revision>
