<page>
<title>pagináveis</title>
<ns>0</ns>
<id>167926</id>
<revision>
<id>2384965</id>
<parentid>2131851</parentid>
<timestamp>2017-05-05T21:40:29Z</timestamp>
<contributor>
<username>HydrizBot</username>
<id>29590</id>
</contributor>
<minor />
<comment>Robô: A limpar links interwikis antigos</comment>
<model>wikitext</model>
<format>text/x-wiki</format>
<text bytes="198" xml:space="preserve">={{-pt-}}=
==Forma verbal==
'''pagináveis'''
#[[segunda pessoa]] do [[plural]] do [[pretérito imperfeito]] do [[modo indicativo]] do verbo '''[[paginar]]'''
[[Categoria:Forma verbal (Português)]]</text>
<sha1>sq7tal739nuyraaiwjsd1lyti0ghssa</sha1>
</revision>
</page>
