<page>
<page>
<title>pagi</title>
<ns>0</ns>
<id>108081</id>
<revision>
<id>2384916</id>
<parentid>2237467</parentid>
<timestamp>2017-05-05T21:38:31Z</timestamp>
<contributor>
<username>HydrizBot</username>
<id>29590</id>
</contributor>
<minor />
<comment>Robô: A limpar links interwikis antigos</comment>
<model>wikitext</model>
<format>text/x-wiki</format>
<text bytes="672" xml:space="preserve">={{-eo-}}=
==Verbo==
'''{{grifar|pa}}.gi''', {{gramática|vt}}
# [[pagar]]:
#* ''Mi devas '''pagi''' miajn ŝuojn.'' &lt;small&gt;(Eu devo pagar os meus sapatos)&lt;/small&gt;
# [[bancar]], [[financiar]]:
#* ''Mi '''pagis''' la lernejon de mia filo'' &lt;small&gt;(Eu financiei a escola do meu filho)&lt;/small&gt;
[[Categoria:Verbo (Esperanto)]]
={{-id-}}=
==Substantivo==
'''pa.gi'''
# [[manhã]]
==Ver também==
===No Wikcionário===
{{verTambém.Ini}}
* [[besok]]
* [[bulan]]
* [[hari]]
* [[malam]]
{{verTambém.NovaColuna}}
* [[minggu]]
* [[siang]]
* [[sore]]
{{verTambém.NovaColuna}}
* [[subuh]]
* [[tahun]]
* [[tengah malam]]
{{verTambém.Fim}}
[[Categoria:Substantivo (Indonésio)]]</text>
<sha1>8fcyhmobj9cyngzyu7v97drk9bvz8o8</sha1>
</revision>
