<page>
<page>
<title>paginávamos</title>
<ns>0</ns>
<id>163489</id>
<revision>
<id>2384964</id>
<parentid>2131852</parentid>
<timestamp>2017-05-05T21:40:27Z</timestamp>
<contributor>
<username>HydrizBot</username>
<id>29590</id>
</contributor>
<minor />
<comment>Robô: A limpar links interwikis antigos</comment>
<model>wikitext</model>
<format>text/x-wiki</format>
<text bytes="200" xml:space="preserve">={{-pt-}}=
==Forma verbal==
'''paginávamos'''
#[[primeira pessoa]] do [[plural]] do [[pretérito imperfeito]] do [[modo indicativo]] do verbo '''[[paginar]]'''
[[Categoria:Forma verbal (Português)]]</text>
<sha1>cq7uabmi8e2cyanq0bu1nne7mvi23j4</sha1>
</revision>
