<page>
<title>pagode</title>
<ns>0</ns>
<id>131890</id>
<revision>
<id>2635971</id>
<parentid>2612719</parentid>
<timestamp>2021-05-28T08:58:40Z</timestamp>
<contributor>
<username>ValJor</username>
<id>1358</id>
</contributor>
<comment>Substituindo a [[Especial:Páginas_afluentes/Predefinição:escopoCatLang|predefinição escopoCatLang]] por escopo</comment>
<model>wikitext</model>
<format>text/x-wiki</format>
<text bytes="2207" xml:space="preserve">{{Wikipédia}}
{{Wikipédia|lang=fr}}
{{Wikipédia|lang=nl}}
{{Wikipédia|lang=no}}
={{-pt-}}=
==Substantivo==
{{flex.pt|ms=pagode|mp=pagodes}}
{{paroxítona|pa|go|de}}
# {{escopo|pt|Religião}} [[templo]] ou [[monumento]] [[memorial]] [[budista]], composto por uma [[torre]] com múltiplas [[beirada]]s
# {{escopo|pt|Economia}} [[moeda]] de [[ouro]] utilizada no [[sul]] da [[Índia]] no século XVI
# {{escopo|pt|Música}} [[estilo]] [[musical]], variedade do [[samba]]
# por extensão, [[roda de samba]], [[reunião]] de [[sambista]]s
===Expressões===
* '''[[pagode de viola]]''': também conhecido como [[pagode caipira]] ou [[pagode sertanejo]] - estilo musical, variedade da música sertaneja, inventado e difundido por Tião Carreiro.
===Tradução===
{{tradini|De 1 (templo budista)}}
* {{trad|de|Pagode}}
* {{trad|ar|باغودا}}
* {{trad|az|paqoda}}
* {{trad|bn|প্যাগোডা}}
* {{trad|ca|pagoda}}
* {{trad|cs|pagoda}}
* {{trad|zh|塔}}
* {{trad|ko|탑파}}
* {{trad|hr|pagoda}}
* {{trad|es|pagoda}}
* {{trad|eo|pagodo}}
* {{trad|et|pagood}}
* {{trad|fi|pagodi}}
* {{trad|fr|pagode}}
* {{trad|gan|塔}}
* {{trad|nl|pagode}}
* {{trad|hu|pagoda}}
{{tradmeio}}
* {{trad|id|pagoda}}
* {{trad|en|pagoda}}
* {{trad|it|pagoda}}
* {{trad|ja|仏塔}} (ぶっとう,  buttō)
* {{trad|lt|pagoda}}
* {{trad|lb|pagod}}
* {{trad|no|pagode}}
* {{trad|fa|پاگودا}}
* {{trad|ru|пагода}}
* {{trad|sr|пагода}}
* {{trad|sh|pagoda}}
* {{trad|sv|pagod}}
* {{trad|tr|pagoda}}
* {{trad|uk|пагода}}
* {{trad|ur|پگوڈا}}
* {{trad|vi|chùa}}
{{tradfim}}
=={{pronúncia|pt}}==
===Portugal===
* AFI: {{AFI|/pɐ.ˈɡɔ.dɨ/}}
==Anagrama==
&lt;!-- índice para anagramas: pt: adegop --&gt;
# [[pegado]]
[[Categoria:Substantivo (Português)]]
={{-fr-}}=
==Substantivo==
'''pagode'''
# [[pagode#Português|pagode]]
[[Categoria:Substantivo (Francês)]]
[[Categoria:Religião (Francês)]]
={{-nl-}}=
==Substantivo==
'''pagode'''
# [[pagode#Português|pagode]]
[[Categoria:Substantivo (Holandês)]]
[[Categoria:Religião (Holandês)]]
={{-no-}}=
==Substantivo==
'''pagode'''
# [[pagode#Português|pagode]]
[[Categoria:Substantivo (Norueguês)]]
[[Categoria:Religião (Norueguês)]]</text>
<sha1>byrrmew0kewb62pxygg7v6rvb5lsu80</sha1>
</revision>
</page>
