<page>
<title>pagus</title>
<ns>0</ns>
<id>48722</id>
<revision>
<id>2384970</id>
<parentid>2043452</parentid>
<timestamp>2017-05-05T21:40:50Z</timestamp>
<contributor>
<username>HydrizBot</username>
<id>29590</id>
</contributor>
<minor />
<comment>Robô: A limpar links interwikis antigos</comment>
<model>wikitext</model>
<format>text/x-wiki</format>
<text bytes="306" xml:space="preserve">={{-la-}}=
==Substantivo==
'''pa.gus, -i''' ''masculino''
# [[marco]] que se enfia na [[terra]] para delimitar uma [[propriedade]]
# [[demarcação]] 
# [[povoado]]; [[aldeia]]
# [[pago]]
{{decl.la.seg.us|pag|VS=pagus}}
==Outros Verbetes==
* [[paganus]]
* [[pagatim]]
[[Categoria:Substantivo (Latim)]]</text>
<sha1>9vw0cskyueovppvas7m3i4epungrua0</sha1>
</revision>
</page>
