<page>
<title>paholainen</title>
<ns>0</ns>
<id>46811</id>
<revision>
<id>2384974</id>
<parentid>2145640</parentid>
<timestamp>2017-05-05T21:41:03Z</timestamp>
<contributor>
<username>HydrizBot</username>
<id>29590</id>
</contributor>
<minor />
<comment>Robô: A limpar links interwikis antigos</comment>
<model>wikitext</model>
<format>text/x-wiki</format>
<text bytes="263" xml:space="preserve">={{-fi-}}=
==Substantivo==
'''pa.ho.lai.nen''' ''sem gênero''
:# [[diabo]]
:# [[demônio]]
:# [[satanás]]
:# [[capeta]]
===Sinônimos===
* [[perkele]]
* [[piru]]
* [[vihtahousu]]
* [[pelsepuupi]] 
* [[sielunvihollinen]]
[[Categoria:Substantivo (Finlandês)]]</text>
<sha1>5iuichjm7qxov7wsjpd2rmxdjeqftey</sha1>
</revision>
</page>
