<page>
<title>pahtli</title>
<ns>0</ns>
<id>403992</id>
<revision>
<id>2529130</id>
<parentid>2529129</parentid>
<timestamp>2018-12-17T12:29:18Z</timestamp>
<contributor>
<username>Marrovi</username>
<id>27953</id>
</contributor>
<model>wikitext</model>
<format>text/x-wiki</format>
<text bytes="359" xml:space="preserve">={{-nci-}}=
==Substantivo==
'''pa.tli'''
# [[remédio]]
==={{-varort-}}===
* {{link preto|pahtli|nci}}
===Verbetes derivados===
{{verTambém.Ini}}
* {{link preto|tezonpahtli|nci}}
{{verTambém.Fim}}
=={{pronúncia|nah}}==
* [[AFI]]: {{AFI|/paʔ.tɬi/}}
* [[X-SAMPA]]: /pa?.t5i/
{{categorias|{{nci}}|Substantivo|Dissílabo|Medicina|Ortografia normalizada}}</text>
<sha1>ropqs92c3t8q2kvl98a7s4fq5yzaov7</sha1>
</revision>
</page>
