<page>
<title>paia</title>
<ns>0</ns>
<id>132504</id>
<revision>
<id>2626753</id>
<parentid>2623700</parentid>
<timestamp>2021-03-16T07:28:02Z</timestamp>
<contributor>
<username>ValJor</username>
<id>1358</id>
</contributor>
<comment>Desfazendo pedido para categoria que não deve ser criada</comment>
<model>wikitext</model>
<format>text/x-wiki</format>
<text bytes="669" xml:space="preserve">={{-pt-}}=
==Adjetivo==
{{flex.pt|s=paia|p=paia}}
{{paroxítona|pa|ia}}, {{gramática|c2g|inv}}
# {{escopo|pt|Minas Gerais}} [[ruim]], [[tosco]]
#* ''Os meus ancestrais sempre me disseram que a música brasileira era ruim, mas hoje em dia está '''paia''' de mais, nosso ouvido é feito de peniquinho.''
[[Categoria:Adjetivo (Português)]]
={{-it-}}=
==Forma de substantivo==
'''paia'''
# plural de [[paio]]
[[Categoria:Forma de substantivo (Italiano)]]
={{-scn-}}=
==Substantivo==
'''paia'''
# [[pagamento]], [[salário]]
[[Categoria:Substantivo (Siciliano)]]
={{-tpi-}}=
==Substantivo==
'''paia'''
# [[fogo]], [[chama]]
[[Categoria:Substantivo (Tok Pisin)]]</text>
<sha1>dp7irzktlx49vd8jxixskc85ia4t5aw</sha1>
</revision>
</page>
