<page>
<title>Paial</title>
<ns>0</ns>
<id>143896</id>
<revision>
<id>2276133</id>
<parentid>2110648</parentid>
<timestamp>2017-04-26T23:14:49Z</timestamp>
<contributor>
<username>HydrizBot</username>
<id>29590</id>
</contributor>
<minor />
<comment>Robô: A limpar links interwikis antigos</comment>
<model>wikitext</model>
<format>text/x-wiki</format>
<text bytes="266" xml:space="preserve">={{-pt-}}=
{{Wikipédia}}
==Substantivo==
'''Paial''' {{pr}}
#[[município]] [[brasileiro]] do [[estado]] de [[Santa Catarina]]
==Ver também==
*[[Apêndice:Municípios do estado de Santa Catarina]]
[[Categoria:Município do estado de Santa Catarina (Português)]]</text>
<sha1>k3cdqqty9v3gdj1yjpaibepxwwjglje</sha1>
</revision>
</page>
