<page>
<title>paica</title>
<ns>0</ns>
<id>335226</id>
<revision>
<id>2653365</id>
<parentid>2384977</parentid>
<timestamp>2021-11-26T14:44:36Z</timestamp>
<contributor>
<username>ValJor</username>
<id>1358</id>
</contributor>
<comment>Acrescentando código de língua à [[:Categoria:!Página com mensagem de erro em predefinição|predefinição escopo]]</comment>
<model>wikitext</model>
<format>text/x-wiki</format>
<text bytes="321" xml:space="preserve">={{-pt-}}=
==Substantivo==
{{flex.pt|fs=paica|fp=paicas}}
{{paroxítona|pai|ca}}, {{gramática|f}}
# {{escopo|pt|Tipografia}} unidade de medida tipográfica equivalente a 12 pontos
# dimensão de [[tipo]] maior do que as de tipo elite
=={{etimologia|pt}}==
{{llietimo|en|pica|pt}}
[[Categoria:Substantivo (Português)]]</text>
<sha1>l8g1op25whdosloepxaunnusg6z7zi7</sha1>
</revision>
</page>
