<page>
<page>
<title>paidéia</title>
<ns>0</ns>
<id>66567</id>
<revision>
<id>2653361</id>
<parentid>1214253</parentid>
<timestamp>2021-11-26T14:20:14Z</timestamp>
<contributor>
<username>ValJor</username>
<id>1358</id>
</contributor>
<comment>Retirando a maior parte do conteúdo do verbete: AO 1990</comment>
<model>wikitext</model>
<format>text/x-wiki</format>
<text bytes="152" xml:space="preserve">{{Anterior ao Acordo de 1990|paideia}}
={{-pt-}}=
==Substantivo==
{{paroxítona|pai|déi|a}}
# vide [[paideia]]
[[Categoria:Substantivo (Português)]]</text>
<sha1>d66sbcpwi319pt3jm7s16gadkve3s10</sha1>
</revision>
