<page>
<title>paifoco</title>
<ns>0</ns>
<id>293784</id>
<revision>
<id>2653357</id>
<parentid>2384978</parentid>
<timestamp>2021-11-26T14:04:16Z</timestamp>
<contributor>
<username>ValJor</username>
<id>1358</id>
</contributor>
<comment>Acrescentando código de língua à [[:Categoria:!Página com mensagem de erro em predefinição|predefinição escopo]]</comment>
<model>wikitext</model>
<format>text/x-wiki</format>
<text bytes="740" xml:space="preserve">={{-pt-}}=
==Adjetivo==
{{flex.pt|ms=paifoco|mp=paifocos|fs=paifoca|fp=paifocas}}
{{paroxítona|pai|fo|co}}
# {{escopo|pt|Galiza}} de modos [[rústico]]s, de pouca educação, ignorante
# {{escopo|pt|Galiza}} da [[aldeia]]
==Substantivo==
{{paroxítona|pai|fo|co}}
# {{escopo|pt|Galiza}} [[rústico]], grosseiro, de pouca educação, ignorante
# {{escopo|pt|Galiza}} [[aldeão]]
=={{etimologia|pt}}==
: {{escopo|Morfologia}} [[paio]] + ''[[foco]]'', (palavra [[galego|galega]] para [[fofo]]).
==Ver também==
===No Wikcionário===
{{verTambém.Ini}}
* [[pailão]]
{{verTambém.NovaColuna}}
* [[paiolo]]
{{verTambém.Fim}}
[[Categoria:Adjetivo (Português)]]
[[Categoria:Substantivo (Português)]]
[[Categoria:Regionalismo (Português)]]</text>
<sha1>4ba9sqncgqf2eeja3u2ltnqwjphx5ut</sha1>
</revision>
</page>
