<page>
<page>
<title>pailão</title>
<ns>0</ns>
<id>293771</id>
<revision>
<id>2653348</id>
<parentid>1700786</parentid>
<timestamp>2021-11-26T11:05:44Z</timestamp>
<contributor>
<username>ValJor</username>
<id>1358</id>
</contributor>
<comment>Acrescentando código de língua à [[:Categoria:!Página com mensagem de erro em predefinição|predefinição escopo]]</comment>
<model>wikitext</model>
<format>text/x-wiki</format>
<text bytes="553" xml:space="preserve">={{-pt-}}=
==Adjetivo==
{{flex.pt|ms=pailão|mp=pailães|fs=pailana|fp=pailanas}}
{{oxítona|pai|lão}}
# {{escopo|pt|Galiza}} [[imbecil]], parvo, idiota
# {{escopo|pt|Galiza}} forma desprezativa para nomear ao [[campesinho]]
===Sinônimo===
* [[badoco]]
=={{etimologia|pt}}==
: {{escopo|Morfologia}} Aparentado com [[paio]].
=={{pronúncia|pt}}==
===Galiza===
* [[AFI]]: /pai.'laŋ/
==Ver também==
===No Wikcionário===
{{verTambém.Ini}}
* [[paiolo]]
{{verTambém.NovaColuna}}
* [[paifoco]]
{{verTambém.Fim}}
[[Categoria:Adjetivo (Português)]]</text>
<sha1>g2hpe842s4rhel8gdepu8v4sgmuyiyh</sha1>
</revision>
