<page>
<title>paim</title>
<ns>0</ns>
<id>363867</id>
<revision>
<id>2586357</id>
<parentid>2503419</parentid>
<timestamp>2020-04-24T08:53:09Z</timestamp>
<contributor>
<username>ValJor</username>
<id>1358</id>
</contributor>
<comment>Retirando ligação para a predefinição Wikipedia com o objetivo de eliminar em seguida essa página de redirecionamento</comment>
<model>wikitext</model>
<format>text/x-wiki</format>
<text bytes="1284" xml:space="preserve">{{Wikipédia|lang=pt|painho|paim}}
={{-pt-}}=
==Substantivo==
{{flex.pt|ms=paim|mp=pains}}
{{oxítona|pa|im}}, {{gramática|m|lang=gl}}
# {{escopo|pt|Ave}} ave [[pelágico|pelágica]] de pequeno tamanho, da família [[species:Hydrobatidae|Hydrobatidae]]
===Sinónimos===
* [[alma-de-mestre]], [[calca-mares]], [[painho]]
===Tradução===
{{tradini}} 
* {{trad|ga|peadairín}}
{{tradmeio}} 
* {{trad|cy|pedryn}}
{{tradfim}}
==Ligações externas==
* {{Infopédia}}
* {{PLP}}
* {{VOLPABL}}
==Anagrama==
&lt;!-- índice para anagramas: pt: aimp --&gt;
# [[piam]]
[[Categoria:Substantivo (Português)]]
={{-gl-}}=
==Substantivo==
{{flex.gl|ms=paim|mp=pains}}
{{oxítona|pa|im|lang=gl}}, {{gramática|m|lang=gl}}
# {{escopo|gl|Ave}} [[paim#{{pt}}|paim]], [[painho-de-cauda-quadrada]] (''[[species:Hydrobates pelagicus|Hydrobates pelagicus]]''), [[painho-de-cauda-furcada]] (''[[species:Oceanodroma leucorhoa|Oceanodroma leucorhoa]]'')
===Sinónimos===
* [[pauinho#{{gl}}|pauinho]], [[painho#{{gl}}|painho]], [[paiolo#{{gl}}|paiolo]], [[papoia#{{gl}}|papoia]], [[peidinho#{{gl}}|peidinho]], [[peinho#{{gl}}|peinho]]
=={{etimologia|gl}}==
: Talvez do latim {{etimo|la|pelagicus}}, ou do diminutivo de ''[[pau#{{gl}}|pau]]''; confronte-se com [[Paio]].
[[Categoria:Substantivo (Galego)]]</text>
<sha1>1llypdwnxq1yd45axheynu2b5hdc4za</sha1>
</revision>
</page>
