<page>
<title>Paineiras</title>
<ns>0</ns>
<id>141240</id>
<revision>
<id>2276136</id>
<parentid>2110646</parentid>
<timestamp>2017-04-26T23:14:55Z</timestamp>
<contributor>
<username>HydrizBot</username>
<id>29590</id>
</contributor>
<minor />
<comment>Robô: A limpar links interwikis antigos</comment>
<model>wikitext</model>
<format>text/x-wiki</format>
<text bytes="264" xml:space="preserve">={{-pt-}}=
{{Wikipédia}}
==Substantivo==
'''Paineiras''' {{pr}}
#[[município]] [[brasileiro]] do [[estado]] de [[Minas Gerais]]
==Ver também==
*[[Apêndice:Municípios do estado de Minas Gerais]]
[[Categoria:Município do estado de Minas Gerais (Português)]]</text>
<sha1>o6pclljcgr1a0yhlu23bya4z4ukhx6r</sha1>
</revision>
</page>
