<page>
<title>paincréas</title>
<ns>0</ns>
<id>299104</id>
<revision>
<id>2384983</id>
<parentid>1750875</parentid>
<timestamp>2017-05-05T21:41:44Z</timestamp>
<contributor>
<username>HydrizBot</username>
<id>29590</id>
</contributor>
<minor />
<comment>Robô: A limpar links interwikis antigos</comment>
<model>wikitext</model>
<format>text/x-wiki</format>
<text bytes="157" xml:space="preserve">{{Wikipédia|lang=ga}}
={{-ga-}}=
==Substantivo==
'''paincréas'''
# [[pâncreas]]
[[Categoria:Substantivo (Irlandês)]]
[[Categoria:Anatomia (Irlandês)]]</text>
<sha1>mwko1hl0fcdoxn9i9iaq5gz4azbk5ml</sha1>
</revision>
</page>
