<page>
<title>paint</title>
<ns>0</ns>
<id>383382</id>
<revision>
<id>2454386</id>
<parentid>2448612</parentid>
<timestamp>2017-10-11T10:23:53Z</timestamp>
<contributor>
<username>ValJor</username>
<id>1358</id>
</contributor>
<comment>Retirando da [[Especial:Uncategorizedpages|página de verbetes sem categoria]]</comment>
<model>wikitext</model>
<format>text/x-wiki</format>
<text bytes="276" xml:space="preserve">{{Wikipédia|lang=en}}
={{-en-}}=
==Substantivo==
'''paint'''
# [[tinta]]
==Verbo==
'''paint'''
# [[pintar]]
===Conjugação===
{{conj.en|paint|paints|painted|painted|painting}}
[[Categoria:Substantivo (Inglês)]]
[[Categoria:Verbo (Inglês)]]
[[Categoria:Arte (Inglês)]]</text>
<sha1>d3ow51t7j7l0oxmy0zh3j5r2tb0gh2n</sha1>
</revision>
</page>
