<page>
<title>painting</title>
<ns>0</ns>
<id>11222</id>
<revision>
<id>2458334</id>
<parentid>2384986</parentid>
<timestamp>2017-10-31T11:48:18Z</timestamp>
<contributor>
<username>Spanier</username>
<id>43713</id>
</contributor>
<comment>suplementos</comment>
<model>wikitext</model>
<format>text/x-wiki</format>
<text bytes="435" xml:space="preserve">{{Wikipédia|lang=en}}
={{-en-}}=
==Substantivo==
{{paroxítona|pain|ting|lang=en}}
# {{escopo|en|pintura}} [[pintura]]
===Expressões===
* [[oil painting]]: [[pintura a óleo]]
==Forma verbal==
'''{{grifar|pain}}.ting'''
# gerúndio do verbo &quot;to [[paint]]&quot;
=={{pronúncia|en}}==
* [[AFI]]: {{AFI|/ˈpeintiŋ/|en}} {{audio|En-uk-painting.ogg|ouvir|lang=en}}
[[Categoria:Substantivo (Inglês)]]
[[Categoria:Forma verbal (Inglês)]]</text>
<sha1>hc6vohw6zf7qf3cf4bgmlxqb09yvu0u</sha1>
</revision>
</page>
