<page>
<title>painho</title>
<ns>0</ns>
<id>134874</id>
<revision>
<id>2595154</id>
<parentid>2589727</parentid>
<timestamp>2020-08-28T09:48:14Z</timestamp>
<contributor>
<username>Cpls</username>
<id>20608</id>
</contributor>
<comment>/* {{etimologia|gl}} */  gralha</comment>
<model>wikitext</model>
<format>text/x-wiki</format>
<text bytes="2265" xml:space="preserve">{{Wikipédia|painho|painho (ave)}}
={{-pt-}}=
==Substantivo&lt;sup&gt;1&lt;/sup&gt;==
{{flex.pt|ms=painho|mp=painhos}}
{{paroxítona|pa|i|nho}}, {{gramática|m}}
#{{escopo|pt|Nordeste|familiar}} [[pai]], [[papai]]
=={{etimologia|pt}}==
: Derivado de [[paizinho]], diminutivo de [[pai]].
==Substantivo&lt;sup&gt;2&lt;/sup&gt;==
{{flex.pt|ms=painho|mp=painhos}}
{{paroxítona|pa|i|nho}}, {{gramática|m}}
# {{escopo|gl|Ave}} pequena ave [[pelágico|pelágica]] semelhante a uma [[andorinha]], pertencente aos géneros ''[[species:Hydrobates|Hydrobates]]'', ''[[species:Oceanites|Oceanites]]'', ''[[species:Oceanodroma|Oceanodroma]]''
==={{-varort-}}===
* [[paim]]
==={{etimologia|pt}}===
: Da onomatopeia do seu [[chio]].
==Ver também==
===No Wikcionário===
*[[mãinha]]
[[Categoria:Substantivo (Português)]]
[[Categoria:Regionalismo (Português)]]
={{-gl-}}=
==Substantivo&lt;sup&gt;1&lt;/sup&gt;==
{{flex.gl|ms=painho|mp=painhos}}
{{paroxítona|pa|i|nho|lang=gl}}, {{gramática|m|lang=gl}}
# {{escopo|gl|familiar}} [[painho#{{pt}}|painho]], [[pai]]
==={{etimologia|gl}}===
: Do diminutivo de [[pai]].
==Substantivo&lt;sup&gt;2&lt;/sup&gt;==
{{flex.gl|ms=painho|mp=painhos}}
{{paroxítona|pa|i|nho|lang=gl}}, {{gramática|m|lang=gl}}
# {{escopo|gl|Ave}} [[painho#{{pt}}|painho]], (''[[species:Hydrobates|Hydrobates spp.]]'', ''[[species:Oceanites|Oceanites spp.]]'', ''[[species:Oceanodroma|Oceanodroma spp.]]''), mais frequentemente ''[[species:Hydrobates pelagicus|Hydrobates pelagicus]]''
===Sinónimos===
* [[andurinha#{{gl}}|andurinha]], [[azeiteira#{{gl}}|azeiteira]], [[azeiteiro#{{gl}}|azeiteiro]], [[chupa-grassas#{{gl}}|chupa-grassas]], [[paim#{{gl}}|paim]], [[paiolo#{{gl}}|paiolo]], [[país#{{gl}}|país]], [[papoia#{{gl}}|papoia]], [[pau#{{gl}}|pau]], [[pauinho#{{gl}}|pauinho]], [[peidinho#{{gl}}|peidinho]], [[peinha#{{gl}}|peinha]], [[peinho#{{gl}}|peinho]], [[pinaça#{{gl}}|pinaça]], [[pinarça#{{gl}}|pinarça]], [[sete-arroas#{{gl}}|sete-arroas]]
===Verbetes derivados===
* [[painho-da-grassa#{{gl}}|painho-da-grassa]]
==={{etimologia|gl}}===
: {{escopo|Morfologia}} De ''[[pau#{{gl}}|pau]]'' + ''[[-inho#{{gl}}|-inho]]''; confronte-se com ''[[pau-da-grassa#{{gl}}|pau-da-grassa]]'', ''[[pauinho#{{gl}}|pauinho]]'' e ''[[paim#{{gl}}|paim]]''.
[[Categoria:Substantivo (Galego)]]</text>
<sha1>idlyksfawsowctfb38ujjo0gx6g55dw</sha1>
</revision>
</page>
