<page>
<title>painça</title>
<ns>0</ns>
<id>381299</id>
<revision>
<id>2440249</id>
<timestamp>2017-07-25T13:48:32Z</timestamp>
<contributor>
<username>Cpls</username>
<id>20608</id>
</contributor>
<comment>[[Ajuda:Guia de edição/Menus e ferramentas/Sumário de edição|→]] nova página: ={{-gl-}}= ==Adjetivo== {{flex.gl|ms=painço|mp=painços|fs=painça|fp=painças}} {{paroxítona|pa|in|ça|lan...</comment>
<model>wikitext</model>
<format>text/x-wiki</format>
<text bytes="1172" xml:space="preserve">={{-gl-}}=
==Adjetivo==
{{flex.gl|ms=painço|mp=painços|fs=painça|fp=painças}}
{{paroxítona|pa|in|ça|lang=gl}}
# referida ao [[painço]], sobretudo à sua [[palha]] (''palha painça'')
==={{-varort-}}===
* [[paíça#{{gl}}|paíça]]
==Substantivo&lt;sup&gt;1&lt;/sup&gt;==
{{flex.gl|fs=paíça|fp=paíças}}
{{paroxítona|pa|in|ça|lang=gl}}, {{g|f|lang=gl}}
# {{escopo|gl|Agricultura}} [[palha]] do [[painço]]
==Substantivo&lt;sup&gt;2&lt;/sup&gt;==
{{flex.gl|fs=paíça|fp=paíças}}
{{paroxítona|pa|in|ça|lang=gl}}, {{g|f|lang=gl}}
# [[ferramenta]] para pescar [[longueirão|longueirões]] que consiste numa [[lança]] ou haste metálica, por vezes na ponta com um pequeno [[garfo]]
# {{escopo|gl|Molusco}} [[peixe navalha]] (''[[species:Solen marginatus|Solen marginatus]]'')
# cada um dos [[pau]]s verticais sobre os que é tecido o ladral ou [[cainço]] de varas do carro da vacas
===Verbetes derivados===
* [[longueirão da painça#{{gl}}|longueirão da painça]]
=={{etimologia|gl}}==
: Aparentada com ''[[pau#{{gl}}|pau]]''. Confronte-se com ''[[paliça#{{gl}}|paliça]]'' e ''[[bainço#{{gl}}|bainço]]''.
[[Categoria:Adjetivo (Galego)]]
[[Categoria:Substantivo (Galego)]]</text>
<sha1>aeenq7pu1etg0y8jvax3wgxjlm1ybek</sha1>
</revision>
</page>
