<page>
<page>
<title>paion</title>
<ns>0</ns>
<id>58594</id>
<revision>
<id>2384991</id>
<parentid>1784022</parentid>
<timestamp>2017-05-05T21:42:12Z</timestamp>
<contributor>
<username>HydrizBot</username>
<id>29590</id>
</contributor>
<minor />
<comment>Robô: A limpar links interwikis antigos</comment>
<model>wikitext</model>
<format>text/x-wiki</format>
<text bytes="177" xml:space="preserve">={{-roa-tal-}}=
[[Image:Pillowtop-mattress.jpg|thumb|300px|right|&lt;center&gt; colchão &lt;/center&gt;]]
==Substantivo==
'''paion'''&lt;br&gt;
# [[colchão]]
[[Categoria:Substantivo (Talian)]]</text>
<sha1>qes7pw5omiq3lqtayr6zpte3q4xxf7m</sha1>
</revision>
