<page>
<title>paiota</title>
<ns>0</ns>
<id>401150</id>
<revision>
<id>2521612</id>
<timestamp>2018-10-08T10:53:49Z</timestamp>
<contributor>
<username>Cpls</username>
<id>20608</id>
</contributor>
<comment>[[Ajuda:Guia de edição/Menus e ferramentas/Sumário de edição|→]] nova página: ={{-gl-}}= ==Substantivo== {{flex.gl|fs=paiota|fp=paiota}} {{paroxítona|pai|o|ta|lang=gl}}, {{g|f|lang=gl}}...</comment>
<model>wikitext</model>
<format>text/x-wiki</format>
<text bytes="284" xml:space="preserve">={{-gl-}}=
==Substantivo==
{{flex.gl|fs=paiota|fp=paiota}}
{{paroxítona|pai|o|ta|lang=gl}}, {{g|f|lang=gl}}
# [[tripa]] do ceco do porco
# {{escopo|gl|culinária}} [[enchido]] feito no [[ceco]]
=={{etimologia|gl}}==
: De ''[[paio#{{gl}}|paio]]''.
[[Categoria:Substantivo (Galego)]]</text>
<sha1>l62cw7smhg78bwf81we7s6ihvzgzv65</sha1>
</revision>
</page>
