<page>
<title>paioleiro</title>
<ns>0</ns>
<id>57743</id>
<revision>
<id>1351556</id>
<parentid>1214254</parentid>
<timestamp>2012-01-02T02:21:24Z</timestamp>
<contributor>
<username>ValJor</username>
<id>1358</id>
</contributor>
<comment>Desfazendo link para [[Predefinição:flex.pt.subst.simples]] para poder deletar o redirecionamento</comment>
<model>wikitext</model>
<format>text/x-wiki</format>
<text bytes="357" xml:space="preserve">={{-pt-}}=
==Substantivo==
{{flex.pt|ms=paioleiro|mp=paioleiros|fs=paioleira|fp=paioleiras}}
{{paroxítona|pai|o|lei|ro}}
# [[guarda]] [[encarregado]] de [[vigiar]] o [[paiol]]
=={{etimologia|pt}}==
: {{escopo|Morfologia}} [[paiol]] + [[-eiro]].
==Ver também==
===No Wikcionário===
{{verTambém.Ligações|paiol}}
[[Categoria:Substantivo (Português)]]</text>
<sha1>swji6hbhpr7atrl6sbdt473kyuqltqx</sha1>
</revision>
</page>
