<page>
<title>paio</title>
<ns>0</ns>
<id>275559</id>
<revision>
<id>2653406</id>
<parentid>2620396</parentid>
<timestamp>2021-11-26T21:04:26Z</timestamp>
<contributor>
<username>Cpls</username>
<id>20608</id>
</contributor>
<model>wikitext</model>
<format>text/x-wiki</format>
<text bytes="1201" xml:space="preserve">{{ver também|Paio}}
={{-pt-}}=
==Adjetivo==
{{flex.pt|ms=paio|mp=paios|fs=paia|fp=paias}}
{{paroxítona|pai|o}}, {{gramática|m|s}}
# [[ingênuo]]
# {{escopo2|Alimentação}} feito do paio
==Substantivo==
{{flex.pt|ms=paio|mp=paios}}
{{paroxítona|pai|o}}, {{gramática|m|s}}
# {{escopo2|Alimentação}} carne de porco, ensacada em [[tripa]] de intestino grosso de animal
=={{pronúncia|pt}}==
===Portugal===
* AFI: {{AFI|/ˈpaj.u/}}
==Ver também==
===No Wikcionário===
{{verTambém.Ini}}
* [[paiolo]]
{{verTambém.NovaColuna}}
* [[palaio]]
{{verTambém.Fim}}
==Anagramas==
# [[aipo]]
# [[opia]]
# [[pião]]
# [[poia]]
# [[poiá]]
[[Categoria:Adjetivo (Português)]]
[[Categoria:Substantivo (Português)]]
[[Categoria:Alimentação (Português)]]
={{-gl-}}=
==Substantivo==
{{flex.gl|ms=paio|mp=paios}}
{{paroxítona|pai|o|lang=gl}}, {{gramática|m|lang=gl}}
# [[paio#Português|paio]], intestino grosso do porco
# pessoa [[simples]] à que facilmente se engana, crédulo
===Sinónimo===
* De '''1''': [[paiolo#{{gl}}|paiolo]]
=={{etimologia|gl}}==
: Do nome pessoal ''[[Paio#{{gl}}|Paio]]'', confronte-se com ''[[paiota#{{gl}}|paiota]]'' e [[palaio]].
[[Categoria:Substantivo (Galego)]]</text>
<sha1>38mxrhhhbfetznnr9imtqrjqep1b9ai</sha1>
</revision>
</page>
