<page>
<title>paiol</title>
<ns>0</ns>
<id>57744</id>
<revision>
<id>2611812</id>
<parentid>2427055</parentid>
<timestamp>2021-01-31T10:17:32Z</timestamp>
<contributor>
<username>Marxav</username>
<id>73271</id>
</contributor>
<minor />
<comment>AFI Portugal</comment>
<model>wikitext</model>
<format>text/x-wiki</format>
<text bytes="734" xml:space="preserve">={{-pt-}}=
==Substantivo==
{{flex.pt|ms=paiol|mp=paióis}}
{{oxítona|pai|ol}}, {{gramática|m}}
# [[depósito]] de [[instrumento]]s [[bélico]]s
# depósito de [[material|materiais]] [[específico]]s
# depósito de [[produto]]s [[agrícola]]s
=={{etimologia|pt}}==
{{llietimo|ca|pallol|pt}}
=={{pronúncia|pt}}==
===Portugal===
* AFI: {{AFI|/paj.ˈɔɫ/}}
==Ver também==
===No Wikcionário===
{{verTambém.Ini}}
* [[apaiolar]]
* [[empaiolar]]
* [[paiol-de-bater-palhas]]
* [[paioleiro]]
{{verTambém.NovaColuna}}
* [[paiolense]]
* [[paiol-grandense]]
* [[paiolinhense]]
{{verTambém.Fim}}
==Anagramas==
# [[apiol]]
# [[pálio]]
# [[pialo]]
# [[pilão]]
# [[piola]]
# [[poial]]
# [[polia]]
[[Categoria:Substantivo (Português)]]</text>
<sha1>60227p9443n17jn8xlnb350diep4r4v</sha1>
</revision>
</page>
