<page>
<title>pairaríeis</title>
<ns>0</ns>
<id>195237</id>
<revision>
<id>2385016</id>
<parentid>1784067</parentid>
<timestamp>2017-05-05T21:43:13Z</timestamp>
<contributor>
<username>HydrizBot</username>
<id>29590</id>
</contributor>
<minor />
<comment>Robô: A limpar links interwikis antigos</comment>
<model>wikitext</model>
<format>text/x-wiki</format>
<text bytes="174" xml:space="preserve">={{-pt-}}=
==Forma verbal==
'''pairaríeis'''
#[[segunda pessoa]] do [[plural]] do [[futuro do pretérito]] do verbo '''[[pairar]]'''
[[Categoria:Forma verbal (Português)]]</text>
<sha1>f2hwr5c3rhmue67801c44g6ahclsjmm</sha1>
</revision>
</page>
