<page>
<page>
<title>pairaria</title>
<ns>0</ns>
<id>192579</id>
<revision>
<id>2385008</id>
<parentid>1784076</parentid>
<timestamp>2017-05-05T21:42:58Z</timestamp>
<contributor>
<username>HydrizBot</username>
<id>29590</id>
</contributor>
<minor />
<comment>Robô: A limpar links interwikis antigos</comment>
<model>wikitext</model>
<format>text/x-wiki</format>
<text bytes="205" xml:space="preserve">={{-pt-}}=
==Forma verbal==
'''pairaria'''
#[[primeira pessoa|primeira]] e [[terceira pessoa]] do [[singular]] do [[futuro do pretérito]] do verbo '''[[pairar]]'''
[[Categoria:Forma verbal (Português)]]</text>
<sha1>enq8sp37amx2blfwjct99dj5x0y1asw</sha1>
</revision>
