<page>
<title>pairarão</title>
<ns>0</ns>
<id>191283</id>
<revision>
<id>2385014</id>
<parentid>1784069</parentid>
<timestamp>2017-05-05T21:43:09Z</timestamp>
<contributor>
<username>HydrizBot</username>
<id>29590</id>
</contributor>
<minor />
<comment>Robô: A limpar links interwikis antigos</comment>
<model>wikitext</model>
<format>text/x-wiki</format>
<text bytes="171" xml:space="preserve">={{-pt-}}=
==Forma verbal==
'''pairarão'''
#[[terceira pessoa]] do [[plural]] do [[futuro do presente]] do verbo '''[[pairar]]'''
[[Categoria:Forma verbal (Português)]]</text>
<sha1>h5p04phfcjb7uhsdq5f4br0v7ue5c4f</sha1>
</revision>
</page>
