<page>
<title>pairareis</title>
<ns>0</ns>
<id>189923</id>
<revision>
<id>2385004</id>
<parentid>1784011</parentid>
<timestamp>2017-05-05T21:42:49Z</timestamp>
<contributor>
<username>HydrizBot</username>
<id>29590</id>
</contributor>
<minor />
<comment>Robô: A limpar links interwikis antigos</comment>
<model>wikitext</model>
<format>text/x-wiki</format>
<text bytes="170" xml:space="preserve">={{-pt-}}=
==Forma verbal==
'''pairareis'''
#[[segunda pessoa]] do [[plural]] do [[futuro do presente]] do verbo '''[[pairar]]'''
[[Categoria:Forma verbal (Português)]]</text>
<sha1>1o9lcrtddjh4mgsvz6nhk1fg9u4piyl</sha1>
</revision>
</page>
