<page>
<title>pairares</title>
<ns>0</ns>
<id>207909</id>
<revision>
<id>2385007</id>
<parentid>1784077</parentid>
<timestamp>2017-05-05T21:42:56Z</timestamp>
<contributor>
<username>HydrizBot</username>
<id>29590</id>
</contributor>
<minor />
<comment>Robô: A limpar links interwikis antigos</comment>
<model>wikitext</model>
<format>text/x-wiki</format>
<text bytes="270" xml:space="preserve">={{-pt-}}=
==Forma verbal==
'''pairares'''
#[[segunda pessoa]] do [[singular]] do [[futuro]] do [[modo subjuntivo]] do verbo '''[[pairar]]'''
#[[infinitivo pessoal]] da [[segunda pessoa]] do [[singular]] do verbo '''[[pairar]]'''
[[Categoria:Forma verbal (Português)]]</text>
<sha1>0143awu1xt5z9pce1zpxo7lwq3m8ykg</sha1>
</revision>
</page>
