<page>
<page>
<title>pairaras</title>
<ns>0</ns>
<id>179527</id>
<revision>
<id>2385001</id>
<parentid>1784014</parentid>
<timestamp>2017-05-05T21:42:42Z</timestamp>
<contributor>
<username>HydrizBot</username>
<id>29590</id>
</contributor>
<minor />
<comment>Robô: A limpar links interwikis antigos</comment>
<model>wikitext</model>
<format>text/x-wiki</format>
<text bytes="181" xml:space="preserve">={{-pt-}}=
==Forma verbal==
'''pairaras'''
#[[segunda pessoa]] do [[singular]] do [[pretérito mais-que-perfeito]] do verbo '''[[pairar]]'''
[[Categoria:Forma verbal (Português)]]</text>
<sha1>qmb7jfib9pdjocqzikce297l2yrk3c7</sha1>
</revision>
