<page>
<page>
<title>pairarei</title>
<ns>0</ns>
<id>184203</id>
<revision>
<id>2385003</id>
<parentid>1784012</parentid>
<timestamp>2017-05-05T21:42:46Z</timestamp>
<contributor>
<username>HydrizBot</username>
<id>29590</id>
</contributor>
<minor />
<comment>Robô: A limpar links interwikis antigos</comment>
<model>wikitext</model>
<format>text/x-wiki</format>
<text bytes="172" xml:space="preserve">={{-pt-}}=
==Forma verbal==
'''pairarei'''
#[[primeira pessoa]] do [[singular]] do [[futuro do presente]] do verbo '''[[pairar]]'''
[[Categoria:Forma verbal (Português)]]</text>
<sha1>szzz5uu7hdaerctf89hz88y8hjigkz5</sha1>
</revision>
