<page>
<page>
<title>paire</title>
<ns>0</ns>
<id>213676</id>
<revision>
<id>2385026</id>
<parentid>2227816</parentid>
<timestamp>2017-05-05T21:43:36Z</timestamp>
<contributor>
<username>HydrizBot</username>
<id>29590</id>
</contributor>
<minor />
<comment>Robô: A limpar links interwikis antigos</comment>
<model>wikitext</model>
<format>text/x-wiki</format>
<text bytes="599" xml:space="preserve">={{-pt-}}=
==Forma verbal==
'''paire'''
#[[primeira pessoa|primeira]] e [[terceira pessoa]] do [[singular]] do [[presente]] do [[modo subjuntivo]] do verbo '''[[pairar]]'''
#[[terceira pessoa]] do [[singular]] do [[imperativo]] [[afirmativo]] do verbo '''[[pairar]]'''
#[[terceira pessoa]] do [[singular]] do [[imperativo]] [[negativo]] do verbo '''[[pairar]]'''
[[Categoria:Forma verbal (Português)]]
={{-oc-}}=
==Substantivo==
{{flex.oc|ms=paire|mp=paires}}
{{paroxítona|pai|re|lang=oc}}, {{m}}
# [[pai]]
==={{etimologia|oc}}===
{{llietimo|la|pater|oc}}
[[Categoria:Substantivo (Occitano)]]</text>
<sha1>kentb0alw0w0axja03d8vzs73oq98dt</sha1>
</revision>
