<page>
<page>
<title>pairarias</title>
<ns>0</ns>
<id>200864</id>
<revision>
<id>2385010</id>
<parentid>1784074</parentid>
<timestamp>2017-05-05T21:43:02Z</timestamp>
<contributor>
<username>HydrizBot</username>
<id>29590</id>
</contributor>
<minor />
<comment>Robô: A limpar links interwikis antigos</comment>
<model>wikitext</model>
<format>text/x-wiki</format>
<text bytes="174" xml:space="preserve">={{-pt-}}=
==Forma verbal==
'''pairarias'''
#[[segunda pessoa]] do [[singular]] do [[futuro do pretérito]] do verbo '''[[pairar]]'''
[[Categoria:Forma verbal (Português)]]</text>
<sha1>1utbhnmlwe4uzi9v9upnt2ph30t7cf9</sha1>
</revision>
