<page>
<page>
<title>pairasses</title>
<ns>0</ns>
<id>197885</id>
<revision>
<id>2385020</id>
<parentid>1784063</parentid>
<timestamp>2017-05-05T21:43:21Z</timestamp>
<contributor>
<username>HydrizBot</username>
<id>29590</id>
</contributor>
<minor />
<comment>Robô: A limpar links interwikis antigos</comment>
<model>wikitext</model>
<format>text/x-wiki</format>
<text bytes="198" xml:space="preserve">={{-pt-}}=
==Forma verbal==
'''pairasses'''
#[[segunda pessoa]] do [[singular]] do [[pretérito imperfeito]] do [[modo subjuntivo]] do verbo '''[[pairar]]'''
[[Categoria:Forma verbal (Português)]]</text>
<sha1>g9dqy5tlogwvabefycpr6eb0qin74ky</sha1>
</revision>
