<page>
<page>
<title>paira</title>
<ns>0</ns>
<id>397450</id>
<revision>
<id>2508448</id>
<parentid>2508446</parentid>
<timestamp>2018-06-30T08:16:22Z</timestamp>
<contributor>
<username>Cpls</username>
<id>20608</id>
</contributor>
<comment>/* {{-gl-}} */</comment>
<model>wikitext</model>
<format>text/x-wiki</format>
<text bytes="402" xml:space="preserve">={{-gl-}}=
==Substantivo==
{{flex.gl|fs=paira|fp=pairas}}
{{paroxítona|pai|ra|lang=gl}}, {{g|f|lang=gl}}
# {{escopo|gl|Culinária}} [[pá]] para meter ou tirar os bolos do forno tradicional
==={{-varort-}}===
* [[paeira#{{gl}}|paeira]], [[peira#{{gl}}|peira]]
==={{etimologia|gl}}===
: {{escopo|Morfologia}} De ''[[pá#Galego|pá]]'' + ''[[-eira#{{gl}}|-eira]]''.
[[Categoria:Substantivo (Galego)]]</text>
<sha1>mpcm0dqn54ys3p6j00x99s92y14jmrc</sha1>
</revision>
