<page>
<title>pairar</title>
<ns>0</ns>
<id>67023</id>
<revision>
<id>2610420</id>
<parentid>2384998</parentid>
<timestamp>2021-01-30T20:49:18Z</timestamp>
<contributor>
<username>Marxav</username>
<id>73271</id>
</contributor>
<minor />
<comment>AFI Portugal</comment>
<model>wikitext</model>
<format>text/x-wiki</format>
<text bytes="506" xml:space="preserve">={{-pt-}}=
==Verbo==
{{oxítona|pai|rar}}, ''intransitivo''
# parar, deter a embarcação sem [[ancorar]]
# [[equilibrar]]-se no [[ar]]
#* ''O passarinho '''pairou''' facilmente.''
# [[adejar]]
#* ''Eles '''pairaram''' por muito tempo no céu.''
# [[estar]] [[iminente]]
#* ''Tu '''pairarás''', basta quereres.''
===Conjugação===
{{conj/pt|pair|ar}}
=={{pronúncia|pt}}==
===Portugal===
* AFI: {{AFI|/paj.ˈɾaɾ/}}
==Ver também==
===No Wikcionário===
* [[peirau]]
[[Categoria:Verbo (Português)]]</text>
<sha1>1xw4lu5jfl6kt2pv8b5n0ymdvc6fxd3</sha1>
</revision>
</page>
