<page>
<title>pairai</title>
<ns>0</ns>
<id>220828</id>
<revision>
<id>2384993</id>
<parentid>1784020</parentid>
<timestamp>2017-05-05T21:42:25Z</timestamp>
<contributor>
<username>HydrizBot</username>
<id>29590</id>
</contributor>
<minor />
<comment>Robô: A limpar links interwikis antigos</comment>
<model>wikitext</model>
<format>text/x-wiki</format>
<text bytes="174" xml:space="preserve">={{-pt-}}=
==Forma verbal==
'''pairai'''
#[[segunda pessoa]] do [[plural]] do [[imperativo]] [[afirmativo]] do verbo '''[[pairar]]'''
[[Categoria:Forma verbal (Português)]]</text>
<sha1>aqftzb2a251y0qcg5ph6t6so64j85ed</sha1>
</revision>
</page>
