<page>
<page>
<title>pairarás</title>
<ns>0</ns>
<id>185760</id>
<revision>
<id>2385013</id>
<parentid>1784070</parentid>
<timestamp>2017-05-05T21:43:08Z</timestamp>
<contributor>
<username>HydrizBot</username>
<id>29590</id>
</contributor>
<minor />
<comment>Robô: A limpar links interwikis antigos</comment>
<model>wikitext</model>
<format>text/x-wiki</format>
<text bytes="172" xml:space="preserve">={{-pt-}}=
==Forma verbal==
'''pairarás'''
#[[segunda pessoa]] do [[singular]] do [[futuro do presente]] do verbo '''[[pairar]]'''
[[Categoria:Forma verbal (Português)]]</text>
<sha1>l2q75eqzjiozddrpu1pvz9qzx0doay4</sha1>
</revision>
