<page>
<title>pairastes</title>
<ns>0</ns>
<id>175223</id>
<revision>
<id>2385022</id>
<parentid>1784060</parentid>
<timestamp>2017-05-05T21:43:25Z</timestamp>
<contributor>
<username>HydrizBot</username>
<id>29590</id>
</contributor>
<minor />
<comment>Robô: A limpar links interwikis antigos</comment>
<model>wikitext</model>
<format>text/x-wiki</format>
<text bytes="193" xml:space="preserve">={{-pt-}}=
==Forma verbal==
'''pairastes'''
#[[segunda pessoa]] do [[plural]] do [[pretérito perfeito]] do [[modo indicativo]] do verbo '''[[pairar]]'''
[[Categoria:Forma verbal (Português)]]</text>
<sha1>krreawp9zjkcr6i1160hasc9jbu7erg</sha1>
</revision>
</page>
