<page>
<page>
<title>pairando</title>
<ns>0</ns>
<id>156575</id>
<revision>
<id>2384997</id>
<parentid>1701821</parentid>
<timestamp>2017-05-05T21:42:34Z</timestamp>
<contributor>
<username>HydrizBot</username>
<id>29590</id>
</contributor>
<minor />
<comment>Robô: A limpar links interwikis antigos</comment>
<model>wikitext</model>
<format>text/x-wiki</format>
<text bytes="124" xml:space="preserve">={{-pt-}}=
==Forma verbal==
'''pairando'''
#[[gerúndio]] do verbo '''[[pairar]]'''
[[Categoria:Forma verbal (Português)]]</text>
<sha1>pz2qpgs3zm9beufzknyvf8uibl0h2sw</sha1>
</revision>
