<page>
<title>pairardes</title>
<ns>0</ns>
<id>210854</id>
<revision>
<id>2385002</id>
<parentid>1784013</parentid>
<timestamp>2017-05-05T21:42:44Z</timestamp>
<contributor>
<username>HydrizBot</username>
<id>29590</id>
</contributor>
<minor />
<comment>Robô: A limpar links interwikis antigos</comment>
<model>wikitext</model>
<format>text/x-wiki</format>
<text bytes="267" xml:space="preserve">={{-pt-}}=
==Forma verbal==
'''pairardes'''
#[[segunda pessoa]] do [[plural]] do [[futuro]] do [[modo subjuntivo]] do verbo '''[[pairar]]'''
#[[infinitivo pessoal]] da [[segunda pessoa]] do [[plural]] do verbo '''[[pairar]]'''
[[Categoria:Forma verbal (Português)]]</text>
<sha1>83u4o05djfjgo0usjyv3rta9kxuk0pk</sha1>
</revision>
</page>
