<page>
<title>pairaram</title>
<ns>0</ns>
<id>176568</id>
<revision>
<id>2385000</id>
<parentid>1784015</parentid>
<timestamp>2017-05-05T21:42:40Z</timestamp>
<contributor>
<username>HydrizBot</username>
<id>29590</id>
</contributor>
<minor />
<comment>Robô: A limpar links interwikis antigos</comment>
<model>wikitext</model>
<format>text/x-wiki</format>
<text bytes="193" xml:space="preserve">={{-pt-}}=
==Forma verbal==
'''pairaram'''
#[[terceira pessoa]] do [[plural]] do [[pretérito perfeito]] do [[modo indicativo]] do verbo '''[[pairar]]'''
[[Categoria:Forma verbal (Português)]]</text>
<sha1>attgvfbeob2f5v2dkathy7dfgbeu7hs</sha1>
</revision>
</page>
