<page>
<page>
<title>pairari</title>
<ns>0</ns>
<id>33551</id>
<revision>
<id>2605066</id>
<parentid>1220261</parentid>
<timestamp>2020-12-21T13:06:45Z</timestamp>
<contributor>
<username>ValJor</username>
<id>1358</id>
</contributor>
<comment>Substituindo a [[Especial:Páginas_afluentes/Predefinição:escopoCatLang|predefinição escopoCatLang]] por escopo</comment>
<model>wikitext</model>
<format>text/x-wiki</format>
<text bytes="256" xml:space="preserve">={{-pt-}}=
==Substantivo==
{{flex.pt|ms=pairari|mp=pairaris}}
{{oxítona|pai|ra|ri}}, {{gramática|m}}
# {{escopo|pt|Ave|Brasileirismo}} [[avoante]]
==Ligações externas==
* {{Aulete}}
* {{Michaelis}}
* {{VOLPABL}}
[[Categoria:Substantivo (Português)]]</text>
<sha1>pt62nk8r68hpcb6rttz4ax2ks451u0j</sha1>
</revision>
