<page>
<title>pairaste</title>
<ns>0</ns>
<id>172560</id>
<revision>
<id>2385021</id>
<parentid>1784062</parentid>
<timestamp>2017-05-05T21:43:23Z</timestamp>
<contributor>
<username>HydrizBot</username>
<id>29590</id>
</contributor>
<minor />
<comment>Robô: A limpar links interwikis antigos</comment>
<model>wikitext</model>
<format>text/x-wiki</format>
<text bytes="194" xml:space="preserve">={{-pt-}}=
==Forma verbal==
'''pairaste'''
#[[segunda pessoa]] do [[singular]] do [[pretérito perfeito]] do [[modo indicativo]] do verbo '''[[pairar]]'''
[[Categoria:Forma verbal (Português)]]</text>
<sha1>ot5y7gvnp7hqemg92utp4o85g8drc17</sha1>
</revision>
</page>
