<page>
<page>
<title>pairarmos</title>
<ns>0</ns>
<id>209390</id>
<revision>
<id>2385011</id>
<parentid>1784073</parentid>
<timestamp>2017-05-05T21:43:04Z</timestamp>
<contributor>
<username>HydrizBot</username>
<id>29590</id>
</contributor>
<minor />
<comment>Robô: A limpar links interwikis antigos</comment>
<model>wikitext</model>
<format>text/x-wiki</format>
<text bytes="269" xml:space="preserve">={{-pt-}}=
==Forma verbal==
'''pairarmos'''
#[[primeira pessoa]] do [[plural]] do [[futuro]] do [[modo subjuntivo]] do verbo '''[[pairar]]'''
#[[infinitivo pessoal]] da [[primeira pessoa]] do [[plural]] do verbo '''[[pairar]]'''
[[Categoria:Forma verbal (Português)]]</text>
<sha1>m0s9ax0xc53a80xz2lb48nftqq02wup</sha1>
</revision>
