<page>
<page>
<title>pairamos</title>
<ns>0</ns>
<id>158089</id>
<revision>
<id>2491964</id>
<parentid>2384996</parentid>
<timestamp>2018-03-29T19:08:45Z</timestamp>
<contributor>
<username>ValJor</username>
<id>1358</id>
</contributor>
<comment>Acrescentando a predefinição avi-for-fle</comment>
<model>wikitext</model>
<format>text/x-wiki</format>
<text bytes="395" xml:space="preserve">={{-pt-}}=
==Forma verbal==
{{paroxítona|pai|ra|mos}}
# primeira pessoa do plural do presente do modo indicativo do verbo [[pairar]]
# {{escopo2|grafia brasileira}} primeira pessoa do plural do pretérito perfeito do modo indicativo do verbo [[pairar]]
{{avi-for-fle|pairar}}
==Anagramas==
# [[mariposa]]
# [[paríamos]]
# [[piáramos]]
# [[posariam]]
[[Categoria:Forma verbal (Português)]]</text>
<sha1>dxtr77wdk88i1be04hvbq2t88h8urzo</sha1>
</revision>
