<page>
<page>
<title>pairava</title>
<ns>0</ns>
<id>204869</id>
<revision>
<id>2385023</id>
<parentid>1784059</parentid>
<timestamp>2017-05-05T21:43:26Z</timestamp>
<contributor>
<username>HydrizBot</username>
<id>29590</id>
</contributor>
<minor />
<comment>Robô: A limpar links interwikis antigos</comment>
<model>wikitext</model>
<format>text/x-wiki</format>
<text bytes="228" xml:space="preserve">={{-pt-}}=
==Forma verbal==
'''pairava'''
#[[primeira pessoa|primeira]] e [[terceira pessoa]] do [[singular]] do [[pretérito imperfeito]] do [[modo indicativo]] do verbo '''[[pairar]]'''
[[Categoria:Forma verbal (Português)]]</text>
<sha1>9rrzqi074gjoz0kg11x1tmikc4wwf61</sha1>
</revision>
