<page>
<title>pairará</title>
<ns>0</ns>
<id>187142</id>
<revision>
<id>2385012</id>
<parentid>1784071</parentid>
<timestamp>2017-05-05T21:43:06Z</timestamp>
<contributor>
<username>HydrizBot</username>
<id>29590</id>
</contributor>
<minor />
<comment>Robô: A limpar links interwikis antigos</comment>
<model>wikitext</model>
<format>text/x-wiki</format>
<text bytes="172" xml:space="preserve">={{-pt-}}=
==Forma verbal==
'''pairará'''
#[[terceira pessoa]] do [[singular]] do [[futuro do presente]] do verbo '''[[pairar]]'''
[[Categoria:Forma verbal (Português)]]</text>
<sha1>p9qyghn91y9j2luv0t9tvvqe39znv9n</sha1>
</revision>
</page>
