<page>
<title>pairavas</title>
<ns>0</ns>
<id>162410</id>
<revision>
<id>2385025</id>
<parentid>1784057</parentid>
<timestamp>2017-05-05T21:43:31Z</timestamp>
<contributor>
<username>HydrizBot</username>
<id>29590</id>
</contributor>
<minor />
<comment>Robô: A limpar links interwikis antigos</comment>
<model>wikitext</model>
<format>text/x-wiki</format>
<text bytes="196" xml:space="preserve">={{-pt-}}=
==Forma verbal==
'''pairavas'''
#[[segunda pessoa]] do [[singular]] do [[pretérito imperfeito]] do [[modo indicativo]] do verbo '''[[pairar]]'''
[[Categoria:Forma verbal (Português)]]</text>
<sha1>35kxiaupois79eubs50awxsmw3szecd</sha1>
</revision>
</page>
