<page>
<page>
<title>pairam</title>
<ns>0</ns>
<id>161063</id>
<revision>
<id>2384995</id>
<parentid>1784018</parentid>
<timestamp>2017-05-05T21:42:29Z</timestamp>
<contributor>
<username>HydrizBot</username>
<id>29590</id>
</contributor>
<minor />
<comment>Robô: A limpar links interwikis antigos</comment>
<model>wikitext</model>
<format>text/x-wiki</format>
<text bytes="180" xml:space="preserve">={{-pt-}}=
==Forma verbal==
'''pairam'''
#[[terceira pessoa]] do [[plural]] do [[presente]] do [[modo indicativo]] do verbo '''[[pairar]]'''
[[Categoria:Forma verbal (Português)]]</text>
<sha1>36ad03dpthqvl6kex5jds8yfasbdcjo</sha1>
</revision>
