<page>
<page>
<title>pairaríamos</title>
<ns>0</ns>
<id>193930</id>
<revision>
<id>2385015</id>
<parentid>1784068</parentid>
<timestamp>2017-05-05T21:43:11Z</timestamp>
<contributor>
<username>HydrizBot</username>
<id>29590</id>
</contributor>
<minor />
<comment>Robô: A limpar links interwikis antigos</comment>
<model>wikitext</model>
<format>text/x-wiki</format>
<text bytes="176" xml:space="preserve">={{-pt-}}=
==Forma verbal==
'''pairaríamos'''
#[[primeira pessoa]] do [[plural]] do [[futuro do pretérito]] do verbo '''[[pairar]]'''
[[Categoria:Forma verbal (Português)]]</text>
<sha1>imnz78gelpjtfybcbtfzaqzbq9hlkrv</sha1>
</revision>
