<page>
<title>pair</title>
<ns>0</ns>
<id>32055</id>
<revision>
<id>2603260</id>
<parentid>2463481</parentid>
<timestamp>2020-11-28T09:34:49Z</timestamp>
<contributor>
<username>ValJor</username>
<id>1358</id>
</contributor>
<minor />
<comment>A predefinição escopo2 já usa itálico dentro dela, portanto o sistema reclama quando a gente coloca uma palavra em itálico como parâmetro; substituí o itálico por aspas</comment>
<model>wikitext</model>
<format>text/x-wiki</format>
<text bytes="469" xml:space="preserve">={{-en-}}=
==Substantivo==
'''pair'''
# [[par]]
[[Categoria:Substantivo (Inglês)]]
={{-oc-}}=
==Substantivo== 
'''pair''', {{gramática|m}}
# {{escopo2|dialetos bearnês e gascão}} [[pai]]
==={{-varort-}}===
* {{escopo2|dialeto gascão &quot;landais&quot;}} [[pairé]]
==Ver também==
===No Wikcionário===
{{verTambém.Ini}}
* [[mair]]
{{verTambém.Fim}}
[[Categoria:Substantivo (Occitano)]]
[[Categoria:Família (Occitano)]]
[[Categoria:Bearnês]]
[[Categoria:Gascão]]</text>
<sha1>fsp5sob2nh0n40ina1htlxzlzmd8g93</sha1>
</revision>
</page>
