<page>
<page>
<title>V</title>
<ns>0</ns>
<id>8174</id>
<revision>
<id>2680012</id>
<parentid>2670262</parentid>
<timestamp>2022-06-13T02:19:50Z</timestamp>
<contributor>
<username>Wilhelm Seifer</username>
<id>85860</id>
</contributor>
<model>wikitext</model>
<format>text/x-wiki</format>
<text bytes="698" xml:space="preserve">{{ver também|v}}
{{caracteres info|hex=0056|nome=LATIN CAPITAL LETTER V|anterior=U|próximo=W}}
={{-la-}}=
==Símbolo==
'''V'''
# [[símbolo]] do [[numeral]] [[cinco]]
# [[algarismo]]  [[romano]] que representa o numeral cinco na composição de outros numerais. ''Ex.: [[IV]], [[VI]]''
==Ver também==
===No Wikcionário===
{{Algarismos romanos}}
{{números romanos}}
[[Categoria:Símbolo (Latim)]]
[[Categoria:Número (Universal)|# 000005]]
{{SimbQuim|vanádio}}
# [[cinco]], 5, em numeração romana
==Letra==
'''V''', '''v'''
# a vigésima segunda [[letra]] do alfabeto latino
{{Alfabeto Latino}}
==Ver também==
===No Wikcionário===
* [[vv]]
[[Categoria:Sistema de escrita latino]]</text>
<sha1>ahfxxa1brej181jmdj5tqqytln4got7</sha1>
</revision>
