<page>
<title>vaal</title>
<ns>0</ns>
<id>231911</id>
<revision>
<id>2220540</id>
<parentid>2206999</parentid>
<timestamp>2017-01-08T08:21:10Z</timestamp>
<contributor>
<username>UT-interwiki-Bot</username>
<id>56129</id>
</contributor>
<minor />
<comment>Robô: A adicionar: [[sv:vaal]]</comment>
<model>wikitext</model>
<format>text/x-wiki</format>
<text bytes="327" xml:space="preserve">={{-et-}}=
==Substantivo==
'''vaal'''
# [[baleia]] (cetáceo)
{{página-automática|Maio|2010|baleia|et}}
[[Categoria:Substantivo (Estoniano)]]
[[chr:vaal]]
[[el:vaal]]
[[en:vaal]]
[[eu:vaal]]
[[fi:vaal]]
[[fr:vaal]]
[[hu:vaal]]
[[li:vaal]]
[[lt:vaal]]
[[mg:vaal]]
[[nl:vaal]]
[[pl:vaal]]
[[ro:vaal]]
[[sv:vaal]]
[[tg:vaal]]</text>
<sha1>t43l8fd45bhqjx67s82v1bwwiuf7l9b</sha1>
</revision>
</page>
