<page>
<page>
<title>vaarikas</title>
<ns>0</ns>
<id>221790</id>
<revision>
<id>2558320</id>
<parentid>2139567</parentid>
<timestamp>2019-10-23T00:26:07Z</timestamp>
<contributor>
<username>ValJor</username>
<id>1358</id>
</contributor>
<comment>Acrescentando código de língua à [[:Categoria:!Página com mensagem de erro em predefinição|predefinição escopo]]</comment>
<model>wikitext</model>
<format>text/x-wiki</format>
<text bytes="140" xml:space="preserve">{{Wikipédia|lang=et}}
={{-et-}}=
==Substantivo==
'''vaarikas'''
# {{escopo|et|Fruta}} [[framboesa]]
[[Categoria:Substantivo (Estoniano)]]</text>
<sha1>9a37besjvyo37ppqd43y5xde4oj4xbb</sha1>
</revision>
