<page>
<page>
<title>vaatar</title>
<ns>0</ns>
<id>71176</id>
<revision>
<id>1801771</id>
<parentid>1370206</parentid>
<timestamp>2014-01-05T16:40:05Z</timestamp>
<contributor>
<username>MalafayaBot</username>
<id>628</id>
</contributor>
<minor />
<comment>r2.7.5) (Robô: A adicionar: [[fr:vaatar]], [[mg:vaatar]]</comment>
<model>wikitext</model>
<format>text/x-wiki</format>
<text bytes="1131" xml:space="preserve">={{-cim-}}=
==Substantivo==
'''vaatar''' ''masculino'' - ''feminino'': [[muatar]]
:# [[pai]]
==Variação==
* [[vatar]]
==Declinação==
&lt;div class=&quot;NavFrame&quot; style=&quot;clear:both; width:300px;&quot;&gt;
&lt;div class=&quot;NavHead&quot; align=left&gt;&amp;nbsp; &amp;nbsp;&lt;/div&gt;
&lt;div class=&quot;NavContent&quot;&gt;
{| style=&quot;background-color: #f8f8f8; border: 2px solid #888;&quot;
| colspan=&quot;2&quot; | 
| colspan=&quot;1&quot; align=center style=&quot;background-color: #DDD&quot; |'''singular'''
| colspan=&quot;1&quot; align=center style=&quot;background-color: #DDD&quot; | '''plural'''
|-
| rowspan=&quot;6&quot; style=&quot;background-color: #ADF;&quot; | '''Casos'''
| style=&quot;background-color: #ACD;&quot; | '''Nominativo'''
| align=center| dar [[vaatar]]
| align=center| de [[veetare]]
|-
| style=&quot;background-color: #ACD;&quot; | '''Genitivo'''
| align=center| não há
| align=center| não há
|-
| style=&quot;background-color: #ACD;&quot; | '''Dativo'''
| align=center| me [[vaatarn]]
| align=center| in [[veetarn]]
|-
| style=&quot;background-color: #ACD;&quot; | '''Acusativo'''
| align=center| in [[vaatar]]
| align=center| de [[veetare]]
|-
|}&lt;/div&gt;&lt;/div&gt;
[[Categoria:Substantivo (Címbrio)]]
[[Categoria:Família (Címbrio)]]
[[fr:vaatar]]
[[mg:vaatar]]</text>
<sha1>cu7qrlulglfcwpxe6rzinlqlu0924lb</sha1>
</revision>
