<page>
<page>
<title>vaavaa</title>
<ns>0</ns>
<id>255360</id>
<revision>
<id>1350245</id>
<parentid>985641</parentid>
<timestamp>2011-12-31T14:39:38Z</timestamp>
<contributor>
<username>ValJor</username>
<id>1358</id>
</contributor>
<comment>Trocando o cabeçalho de língua: ojv --&gt; -ojv-</comment>
<model>wikitext</model>
<format>text/x-wiki</format>
<text bytes="278" xml:space="preserve">={{-ojv-}}=
==Substantivo==
'''vaavaa'''
# [[intestinos]]
==Ver também==
===No Wikcionário===
{{verTambém.Ini}}
* [[isu]]
* [[ivi]]
{{verTambém.NovaColuna}}
* [[lima]]
* [[uu]]
{{verTambém.Fim}}
[[Categoria:Substantivo (Ontong Java)]]
[[Categoria:Anatomia (Ontong Java)]]</text>
<sha1>gr28wmb8gd891jbd42gox80o42hlkgh</sha1>
</revision>
