<page>
<page>
<title>vacarianos</title>
<ns>0</ns>
<id>324161</id>
<revision>
<id>2471491</id>
<parentid>1888596</parentid>
<timestamp>2017-12-19T02:43:52Z</timestamp>
<contributor>
<username>MIL973</username>
<id>41339</id>
</contributor>
<model>wikitext</model>
<format>text/x-wiki</format>
<text bytes="331" xml:space="preserve">={{-pt-}}=
==Forma de adjetivo==
{{paroxítona|va|ca|ri|a|nos}}, {{gramática|mp}}
# plural de [[vacariano]]
==Forma de substantivo==
{{paroxítona|va|ca|ri|a|nos}}, {{gramática|mp}}
# plural de [[vacariano]]
{{avi-for-fle|vacariano}}
[[Categoria:Forma de adjetivo (Português)]]
[[Categoria:Forma de substantivo (Português)]]</text>
<sha1>c8sv8v8t1yjgzm7esca7sx1v58zfdws</sha1>
</revision>
