<page>
<page>
<title>Vacaria</title>
<ns>0</ns>
<id>143538</id>
<revision>
<id>2492623</id>
<parentid>2471488</parentid>
<timestamp>2018-04-02T02:20:54Z</timestamp>
<contributor>
<username>MIL973</username>
<id>41339</id>
</contributor>
<model>wikitext</model>
<format>text/x-wiki</format>
<text bytes="558" xml:space="preserve">{{Wikipédia}}
{{ver também|vacaria}}
={{-pt-}}=
==Substantivo==
{{paroxítona|Va|ca|ri|a}}, {{gramática|pr}}
# {{escopo|pt|Município do estado do Rio Grande do Sul}} [[Apêndice:Gentílicos e topónimos em português/Brasil/Rio Grande do Sul|município brasileiro do estado do Rio Grande do Sul]]
==Ver também==
===No Wikcionário===
{{colunas|3}}
* [[vacaria]]
* [[vacariano]]
* [[vacariense]]
{{colunas/fim}}
==Ligações externas==
* [http://www.vacaria.rs.gov.br/ Prefeitura de Vacaria (Rio Grande do Sul)]
[[Categoria:Substantivo (Português)]]</text>
<sha1>6vqget0s857h65zeea7jbeuqg30do49</sha1>
</revision>
