<page>
<page>
<title>vacar</title>
<ns>0</ns>
<id>68484</id>
<revision>
<id>1997516</id>
<parentid>1801768</parentid>
<timestamp>2015-09-05T22:08:57Z</timestamp>
<contributor>
<username>HydrizBot</username>
<id>29590</id>
</contributor>
<minor />
<comment>Robô: A adicionar: [[en:vacar]], [[es:vacar]]</comment>
<model>wikitext</model>
<format>text/x-wiki</format>
<text bytes="358" xml:space="preserve">={{-pt-}}=
==Verbo==
{{oxítona|va|car}}
# [[estar]] [[vago]]
# [[vagar]]
===Conjugação===
{{conj/pt|va|car}}
===Verbetes derivados===
* [[vacação]]
==Anagramas==
# [[cavar]]
# [[crava]]
[[Categoria:Verbo (Português)]]
[[ca:vacar]]
[[en:vacar]]
[[es:vacar]]
[[fi:vacar]]
[[fr:vacar]]
[[io:vacar]]
[[mg:vacar]]
[[pl:vacar]]
[[ru:vacar]]
[[zh:vacar]]</text>
<sha1>cc9w0qvz7oqh8a99ibnrjzew5kf2jyy</sha1>
</revision>
