<page>
<page>
<title>vaca</title>
<ns>0</ns>
<id>12919</id>
<revision>
<id>2668072</id>
<parentid>2668067</parentid>
<timestamp>2022-03-25T14:17:26Z</timestamp>
<contributor>
<username>ValJor</username>
<id>1358</id>
</contributor>
<minor />
<comment>Revertidas edições por [[Especial:Contribuições/Pablo2.0SUS|Pablo2.0SUS]] para a última versão por [[Especial:Contribuições/Marxav|Marxav]]</comment>
<model>wikitext</model>
<format>text/x-wiki</format>
<text bytes="5683" xml:space="preserve">[[Imagem:Cow 00.jpg|thumb|right|250px|&lt;center&gt;Vaca&lt;sup&gt;1 e 2&lt;/sup&gt;&lt;/center&gt;]]
={{-pt-}}=
==Substantivo==
{{flex.pt|ms=boi|mp=bois|fs=vaca|fp=vacas}}
{{paroxítona|va|ca}}, ''feminino, singular, comum, simples, primitivo, concreto''
# feminino de [[boi]]
#* ''A '''vaca''' leiteira deu um belo bezerrinho.''
# {{escopo|pt|Zoologia}} [[fêmea]] do [[touro]]
#* ''Tá vendo aquelas '''vacas''' ao redor do meu touro?''
# [[carne]] do [[gado]] [[vacum]]
# {{escopo|pt|Brasileirismo}} o mesmo que [[vaquinha]]
# {{escopo|pt|Brasileirismo}} [[mulher]] de [[seio]]s [[grande]]s e [[caído]]s
#* ''Isso não é uma mulher, é uma '''vaca'''!''
# {{escopo|pt|pejorativo}} [[mulher]] [[devasso|devassa]], [[leviano|leviana]]
#* ''É uma '''vaca'''! Anda metida com todos os homens.''
===Expressões===
* '''[[a vaca foi pro brejo]]''': diz-se quando a situação torna-se difícil ou ruim
* '''[[mão de vaca]]''': cozido feito com a canela da vaca, acompanha pirão e arroz branco; sujeito avarento
* '''[[nem que a vaca tussa]]''': algo que não se deseja fazer.
*: Ex: ''Não viajo de avião, nem que a vaca tussa.''
* '''[[no tempo das vacas gordas]]''': em tempo de prosperidade
* '''[[vaca atolada]]''': cozido de costela de vaca com mandioca
* '''[[vaca preta]]''': sorvete com coca-cola
===Tradução===
{{tradini|De 1 e 2 (fêmea de bovino)}}
* {{trad|af|koei}}
* {{trad|ay|waka}}
* {{trad|sq|lopë}}
* {{trad|de|Kuh|Milchkuh}}
* {{trad|am|ላም}}
* {{t|ar|بقرة|f|báqara}}
* {{trad|ast|vaca}}
* {{trad|az|inək}}
* {{trad|eu|behi}}
* {{trad|bn|গরূ}}
* {{trad|be|карова}}
* {{trad|bi|buluk}}
* {{trad|br|buoc'h}}
* {{trad|bg|крава}}
* {{trad|kea|báka}}
* {{trad|ca|vaca}}
* {{trad|cs|kráva}}
* {{trad|zh|母牛}}
* {{trad|cod|huaca}}
* {{trad|ko|암소|젖소}}
* {{trad|hr|krava}}
* {{trad|ku|çêlek}}
* {{trad|dlm|baka}}
* {{trad|da|ko}}
* {{trad|sk|krava|dojnica}}
* {{trad|sl|krava}}
* {{trad|es|vaca}}
* {{trad|eo|bovino}}
* {{trad|et|lehm}}
* {{trad|fo|kúgv}}
* {{trad|fi|lehmä}}
* {{trad|fr|vache}}
* {{trad|fy|ko}}
* {{trad|gd|bò}}
* {{trad|gl|vaca}}
* {{t|ka|ძროხა||ẓroȟa}}
* {{trad|el|αγελάδα}}
* {{trad|grc|βοῦς}}
* {{trad|gn|vacá}}
* {{trad|gu|ગાય}}
* {{trad|he|פרה}}
* {{trad|hi|गाय|गऊ}}
* {{trad|nl|koe}}
{{tradmeio}}
* {{trad|hu|tehén}}
* {{trad|io|bovo|bovino}}
* {{trad|id|sapi}}
* {{trad|en|cow}}
* {{trad|ga|bó}}
* {{trad|is|kýr}}
* {{trad|it|mucca|vacca}}
* {{trad|ja|牛}} (うし, ushi)
* {{trad|la|bos}}
* {{trad|li|ko}}
* {{trad|mk|крава}}
* {{trad|ms|lembu betina}}
* {{trad|mg|omby}}
* {{trad|mt|baqra}}
* {{trad|gv|booa}}
* {{trad|mi|kau}}
* {{trad|mr|गाय}}
* {{t|mwl|baca|f}}
* {{trad|mn|үнээ}}
* {{trad|nhn|kuakuajye}}
* {{trad|no|melkeku}}
* {{trad|pap|baka}}
* {{t|fa|گاو||gav}}
* {{trad|pl|krowa}}
* {{trad|pa|ਗ਼ਾਂ}}
* {{trad|qu|waca}}
* {{trad|rm|vacha}}
* {{trad|rom|गुरुव्नी}}
* {{trad|ro|vacă}}
* {{trad|rw|inka}}
* {{trad|ru|корова}}
* {{trad|se|gussa}}
* {{trad|sa|गौ|धेनु}}
* {{trad|sr|крава}}
* {{trad|sw|ng'ombe jike}}
* {{trad|sv|ko}}
* {{trad|th|วัวตัวเมีย}}
* {{trad|tet|karau-baka}}
* {{trad|tr|inek|sığır}}
* {{trad|tk|сыгыр}}
* {{trad|uk|корова}}
* {{trad|vo|kun}}
* {{trad|zu|gogobeza}}
{{tradfim}}
==Forma verbal==
{{paroxítona|va|ca}}
# terceira pessoa do singular do presente do indicativo do verbo [[vacar]]
# segunda pessoa do singular do imperativo do verbo [[vacar]]
{{avi-for-fle|vacar}}
=={{etimologia|pt}}==
{{llietimo|la|vacca|pt}}
=={{pronúncia|pt}}==
===Portugal===
* AFI: {{AFI|/ˈva.kɐ/}}
==Ver também==
===No Wikcionário===
{{verTambém.Ini}}
* [[bezerro]]
* [[boi]]
* [[bovinocultor]]
{{verTambém.NovaColuna}}
* [[casco]]
* [[corno]]
* [[junta]]
{{verTambém.NovaColuna}}
* [[língua-de-vaca]]
* [[touro]]
* [[vaca-fria]]
{{verTambém.Fim}}
===Na Wikipédia===
* [[w:Gado bovino|gado bovino]]
==Ligações externas==
* {{Aulete}}
* {{Michaelis}}
* {{DicioAberto}}
* {{DPLP}}
* {{Infopédia}}
* {{PLP}}
* {{VOLPABL}}
==Anagrama==
&lt;!-- índice para anagramas: pt: aacv --&gt;
* [[cava]]
[[Categoria:Substantivo (Português)]]
[[Categoria:Forma verbal (Português)]]
[[Categoria:Mamífero (Português)]]
[[Categoria:Obscenidade (Português)]]
[[Categoria:Entrada com imagem (Português)]]
={{-ast-}}=
==Substantivo==
'''va.ca'''
# [[vaca#Português|vaca]]
[[Categoria:Substantivo (Asturiano)]]
[[Categoria:Dissílabo (Asturiano)]]
[[Categoria:Mamífero (Asturiano)]]
={{-ca-}}=
==Substantivo==
'''va.ca'''
# [[vaca#Português|vaca]]
===Expressões===
* '''[[com una vaca]]''': muito gordo
[[Categoria:Substantivo (Catalão)]]
[[Categoria:Dissílabo (Catalão)]]
[[Categoria:Mamífero (Catalão)]]
={{-es-}}=
==Substantivo==
'''va.ca'''
# [[vaca#Português|vaca]]
===Expressões===
* '''[[vacas flacas]]''': período de escassez
* '''[[vacas gordas]]''': período de abundância
=={{pronúncia|es}}==
* [[AFI]]: {{AFI|/'βa.ka/}}
==Ver também==
===No Wikcionário===
* [[becerro]]
* [[ternero]]
* [[toro]]
* [[vacuno]]
[[Categoria:Substantivo (Espanhol)]]
[[Categoria:Dissílabo (Espanhol)]]
[[Categoria:Mamífero (Espanhol)]]
={{-gl-}}=
==Substantivo==
{{flex.gl|fs=vaca|fp=vacas}}
{{paroxítona|va|ca|lang=gl}}, {{g|f|lang=gl}}
# {{escopo|gl|Mamífero}} [[vaca#Português|vaca]] (''[[species:Bos taurus|Bos taurus]]'')
# {{escopo|gl|Mamífero}} [[morsa]] (''[[species:Odobenus rosmanus|Odobenus rosmanus]]'')
# {{escopo|gl|Molusco}} [[lebre-de-mar]] da espécie ''[[species:Aplysia punctata|Aplysia punctata]]
# {{escopo|gl|Ictiologia}} [[ovo]] de [[raia]] e outros [[esqualo]]s
[[Categoria:Substantivo (Galego)]]</text>
<sha1>39j8z5ll0izicuaq69gz6mbs4hrsax7</sha1>
</revision>
