<page>
<page>
<title>vacate</title>
<ns>0</ns>
<id>112862</id>
<revision>
<id>2045484</id>
<parentid>1947039</parentid>
<timestamp>2015-12-07T03:20:03Z</timestamp>
<contributor>
<username>HydrizBot</username>
<id>29590</id>
</contributor>
<minor />
<comment>Robô: A adicionar: [[el:vacate]], [[ko:vacate]]</comment>
<model>wikitext</model>
<format>text/x-wiki</format>
<text bytes="767" xml:space="preserve">={{-en-}}=
[[Categoria:Verbo (Inglês)]]
==Verbo==
'''va.cate''' (''terceira pessoa do singular'' '''[[vacates]]''', ''presente particípio'' '''[[vacating]]''', ''passado simples e particípio'' '''[[vacated]]''')
#[[vagar]], [[desocupar]]
#[[anular]], [[suspender]]
===Etimologia===
Do [[latin]] ''[[vacare]]'', deixar vazio.
===Termos relacionados===
{{verTambém.Ini}}
*[[vacancy]]
{{verTambém.NovaColuna}}
*[[vacant]]
{{verTambém.Fim}}
[[de:vacate]]
[[el:vacate]]
[[en:vacate]]
[[et:vacate]]
[[fi:vacate]]
[[fr:vacate]]
[[hu:vacate]]
[[hy:vacate]]
[[io:vacate]]
[[it:vacate]]
[[ja:vacate]]
[[ka:vacate]]
[[kn:vacate]]
[[ko:vacate]]
[[ku:vacate]]
[[mg:vacate]]
[[ml:vacate]]
[[my:vacate]]
[[pl:vacate]]
[[ta:vacate]]
[[te:vacate]]
[[vi:vacate]]
[[zh:vacate]]</text>
<sha1>tdrc7prfwfm7o8cfgc5knj6tkep84i3</sha1>
</revision>
