<page>
<page>
<title>vacarianas</title>
<ns>0</ns>
<id>324160</id>
<revision>
<id>2471490</id>
<parentid>1888595</parentid>
<timestamp>2017-12-19T02:43:12Z</timestamp>
<contributor>
<username>MIL973</username>
<id>41339</id>
</contributor>
<model>wikitext</model>
<format>text/x-wiki</format>
<text bytes="349" xml:space="preserve">={{-pt-}}=
==Forma de adjetivo==
{{paroxítona|va|ca|ri|a|nas}}, {{gramática|fp}}
# feminino plural de [[vacariano]]
==Forma de substantivo==
{{paroxítona|va|ca|ri|a|nas}}, {{gramática|fp}}
# feminino plural de [[vacariano]]
{{avi-for-fle|vacariano}}
[[Categoria:Forma de adjetivo (Português)]]
[[Categoria:Forma de substantivo (Português)]]</text>
<sha1>d5ureybgc5rgfwixh35jzay66fqyw52</sha1>
</revision>
