<page>
<title>vacariano</title>
<ns>0</ns>
<id>321000</id>
<revision>
<id>2492624</id>
<parentid>2471489</parentid>
<timestamp>2018-04-02T02:21:06Z</timestamp>
<contributor>
<username>MIL973</username>
<id>41339</id>
</contributor>
<model>wikitext</model>
<format>text/x-wiki</format>
<text bytes="645" xml:space="preserve">={{-pt-}}=
==Adjetivo==
{{flex.pt|ms=vacariano|mp=vacarianos|fs=vacariana|fp=vacarianas}}
{{paroxítona|va|ca|ri|a|no}}, {{gramática|m}}
# {{escopo|pt|Gentílico}} de [[Vacaria]], cidade gaúcha
===Sinônimo===
* [[vacariense]]
==Substantivo==
{{flex.pt|ms=vacariano|mp=vacarianos|fs=vacariana|fp=vacarianas}}
{{paroxítona|va|ca|ri|a|no}}, {{gramática|m}}
# {{escopo|pt|Gentílico}} natural de Vacaria ou seu habitante
===Sinônimo===
* [[vacariense]]
=={{etimologia|pt}}==
: {{escopo|Morfologia}} De [[Vacaria]] + [[-ano]].
==Ligações externas==
* {{Aulete}}
[[Categoria:Adjetivo (Português)]]
[[Categoria:Substantivo (Português)]]</text>
<sha1>ggxata7ao0rgrw10hvoxpliidf4z26i</sha1>
</revision>
</page>
