<page>
<page>
<title>vacatura</title>
<ns>0</ns>
<id>68490</id>
<revision>
<id>2139592</id>
<parentid>1215131</parentid>
<timestamp>2016-06-11T08:10:32Z</timestamp>
<contributor>
<username>UT-interwiki-Bot</username>
<id>56129</id>
</contributor>
<minor />
<comment>Robô: A adicionar: [[en:vacatura]], [[mg:vacatura]]</comment>
<model>wikitext</model>
<format>text/x-wiki</format>
<text bytes="519" xml:space="preserve">={{-pt-}}=
[[Categoria:Substantivo (Português)]]
==Substantivo==
'''vacatura''' ''substantivo feminino ''
# [[tempo]] [[durante]] [[o]] [[qual]] [[um]] [[cargo]] [[não]] [[está]] [[preenchido]]
# [[vacância]]
#* ''Aquele cavalheiro constrangia o Fidalgo - ansioso por desafogar com o Gouveiasobre « a '''vacatura''' política», assim inesperadamente aberta, no circulo de Vila Clara, pela brusca desaparição do chefe tradicional.'' - Eça de Queiroz - 	A ILUSTRE CASA DE RAMIRES
[[en:vacatura]]
[[mg:vacatura]]</text>
<sha1>ci3x3w4qjfqulhtmjzvrzydsvpt9891</sha1>
</revision>
