<page>
<page>
<title>vacant</title>
<ns>0</ns>
<id>112845</id>
<revision>
<id>2247869</id>
<parentid>2220541</parentid>
<timestamp>2017-03-03T19:43:02Z</timestamp>
<contributor>
<username>UT-interwiki-Bot</username>
<id>56129</id>
</contributor>
<minor />
<comment>Robô: A adicionar: [[eo:vacant]]</comment>
<model>wikitext</model>
<format>text/x-wiki</format>
<text bytes="824" xml:space="preserve">={{-en-}}=
[[Categoria:Adjetivo (Inglês)]]
[[Categoria:Dissílabo (Inglês)]]
==Adjetivo==
'''va.cant''' ({{p}} [[vacancies]])
# [[vago]], [[desocupado]], [[vazio]]
===Sinônimos===
*[[available]]
*[[empty]]
*[[free]] 
*[[uninhabited]] 
*[[unoccupied]]
===Termos relacionados===
{{verTambém.Ini}}
*[[vacancy]]
{{verTambém.NovaColuna}}
*[[vacate]]
{{verTambém.Fim}}
[[ar:vacant]]
[[ca:vacant]]
[[chr:vacant]]
[[el:vacant]]
[[en:vacant]]
[[eo:vacant]]
[[et:vacant]]
[[fa:vacant]]
[[fi:vacant]]
[[fj:vacant]]
[[fr:vacant]]
[[hu:vacant]]
[[hy:vacant]]
[[id:vacant]]
[[io:vacant]]
[[it:vacant]]
[[ja:vacant]]
[[kn:vacant]]
[[ko:vacant]]
[[ku:vacant]]
[[mg:vacant]]
[[ml:vacant]]
[[my:vacant]]
[[nl:vacant]]
[[pl:vacant]]
[[ro:vacant]]
[[simple:vacant]]
[[sv:vacant]]
[[ta:vacant]]
[[te:vacant]]
[[vi:vacant]]
[[zh:vacant]]</text>
<sha1>nxu1e0mewo09qpkyxmpq0nzloo0nd0t</sha1>
</revision>
