<page>
<page>
<title>vacariana</title>
<ns>0</ns>
<id>324162</id>
<revision>
<id>2471492</id>
<parentid>1888597</parentid>
<timestamp>2017-12-19T02:44:11Z</timestamp>
<contributor>
<username>MIL973</username>
<id>41339</id>
</contributor>
<model>wikitext</model>
<format>text/x-wiki</format>
<text bytes="331" xml:space="preserve">={{-pt-}}=
==Forma de adjetivo==
{{paroxítona|va|ca|ri|a|na}}, {{gramática|f}}
# feminino de [[vacariano]]
==Forma de substantivo==
{{paroxítona|va|ca|ri|a|na}}, {{gramática|f}}
# feminino de [[vacariano]]
{{avi-for-fle|vacariano}}
[[Categoria:Forma de adjetivo (Português)]]
[[Categoria:Forma de substantivo (Português)]]</text>
<sha1>6i5mxmc8ulrjg6is9wr4lye7w4qnuue</sha1>
</revision>
