<page>
<page>
<title>vaccin</title>
<ns>0</ns>
<id>13514</id>
<revision>
<id>2247872</id>
<parentid>2240127</parentid>
<timestamp>2017-03-03T19:49:01Z</timestamp>
<contributor>
<username>UT-interwiki-Bot</username>
<id>56129</id>
</contributor>
<minor />
<comment>Robô: A adicionar: [[cs:vaccin]]</comment>
<model>wikitext</model>
<format>text/x-wiki</format>
<text bytes="418" xml:space="preserve">={{-ia-}}=
==Substantivo==
'''vaccin''' ''feminino''
# [[vacina]].
[[Categoria:Substantivo (Interlíngua)]]
[[cs:vaccin]]
[[da:vaccin]]
[[el:vaccin]]
[[en:vaccin]]
[[eo:vaccin]]
[[es:vaccin]]
[[fi:vaccin]]
[[fr:vaccin]]
[[hu:vaccin]]
[[io:vaccin]]
[[it:vaccin]]
[[ja:vaccin]]
[[ko:vaccin]]
[[mg:vaccin]]
[[nl:vaccin]]
[[pl:vaccin]]
[[ro:vaccin]]
[[ru:vaccin]]
[[scn:vaccin]]
[[sv:vaccin]]
[[vi:vaccin]]
[[zh:vaccin]]</text>
<sha1>qqvk2mtdnh4ik0b86zjwnt76uoye7gt</sha1>
</revision>
