<page>
<page>
<title>vacilas</title>
<ns>0</ns>
<id>155645</id>
<revision>
<id>2025992</id>
<parentid>1801785</parentid>
<timestamp>2015-10-27T12:22:53Z</timestamp>
<contributor>
<username>HydrizBot</username>
<id>29590</id>
</contributor>
<minor />
<comment>Robô: A adicionar: [[fr:vacilas]]</comment>
<model>wikitext</model>
<format>text/x-wiki</format>
<text bytes="241" xml:space="preserve">={{-pt-}}=
==Forma verbal==
'''vacilas'''
#[[segunda]] [[pessoa]] do [[singular]] do [[presente]] [[indicativo]] do verbo '''[[vacilar]]'''
[[Categoria:Forma verbal (Português)]]
[[en:vacilas]]
[[es:vacilas]]
[[fr:vacilas]]
[[nl:vacilas]]</text>
<sha1>hlggklxdaze5jhdvonpnhulv6fyojr3</sha1>
</revision>
