<page>
<page>
<title>vacinações</title>
<ns>0</ns>
<id>321887</id>
<revision>
<id>2037372</id>
<parentid>1810001</parentid>
<timestamp>2015-11-16T11:19:36Z</timestamp>
<contributor>
<username>ValJor</username>
<id>1358</id>
</contributor>
<comment>Acrescentando a predefinição avi-for-fle</comment>
<model>wikitext</model>
<format>text/x-wiki</format>
<text bytes="170" xml:space="preserve">={{-pt-}}=
==Forma de substantivo==
{{oxítona|va|ci|na|ções}}
# plural de [[vacinação]]
{{avi-for-fle|vacinação}}
[[Categoria:Forma de substantivo (Português)]]</text>
<sha1>r5hccou9km299howoozu7e0yxkn2e4y</sha1>
</revision>
