<page>
<page>
<title>vaciláveis</title>
<ns>0</ns>
<id>168617</id>
<revision>
<id>2139596</id>
<parentid>1178730</parentid>
<timestamp>2016-06-11T08:12:28Z</timestamp>
<contributor>
<username>UT-interwiki-Bot</username>
<id>56129</id>
</contributor>
<minor />
<comment>Robô: A adicionar: [[en:vaciláveis]]</comment>
<model>wikitext</model>
<format>text/x-wiki</format>
<text bytes="218" xml:space="preserve">={{-pt-}}=
==Forma verbal==
'''vaciláveis'''
#[[segunda pessoa]] do [[plural]] do [[pretérito imperfeito]] do [[modo indicativo]] do verbo '''[[vacilar]]'''
[[Categoria:Forma verbal (Português)]]
[[en:vaciláveis]]</text>
<sha1>7pav5z1covlnvn7pao4tkdj6q9149vc</sha1>
</revision>
