<page>
<title>vacilasse</title>
<ns>0</ns>
<id>206528</id>
<revision>
<id>2139577</id>
<parentid>1178707</parentid>
<timestamp>2016-06-11T08:08:03Z</timestamp>
<contributor>
<username>UT-interwiki-Bot</username>
<id>56129</id>
</contributor>
<minor />
<comment>Robô: A adicionar: [[en:vacilasse]]</comment>
<model>wikitext</model>
<format>text/x-wiki</format>
<text bytes="249" xml:space="preserve">={{-pt-}}=
==Forma verbal==
'''vacilasse'''
#[[primeira pessoa|primeira]] e [[terceira pessoa]] do [[singular]] do [[pretérito imperfeito]] do [[modo subjuntivo]] do verbo '''[[vacilar]]'''
[[Categoria:Forma verbal (Português)]]
[[en:vacilasse]]</text>
<sha1>pkh6kiy8sak7d9ihv282jga15mxxse6</sha1>
</revision>
</page>
