<page>
<page>
<title>vacilarem</title>
<ns>0</ns>
<id>212566</id>
<revision>
<id>2139584</id>
<parentid>1178694</parentid>
<timestamp>2016-06-11T08:09:12Z</timestamp>
<contributor>
<username>UT-interwiki-Bot</username>
<id>56129</id>
</contributor>
<minor />
<comment>Robô: A adicionar: [[en:vacilarem]]</comment>
<model>wikitext</model>
<format>text/x-wiki</format>
<text bytes="289" xml:space="preserve">={{-pt-}}=
==Forma verbal==
'''vacilarem'''
#[[terceira pessoa]] do [[plural]] do [[futuro]] do [[modo subjuntivo]] do verbo '''[[vacilar]]'''
#[[infinitivo pessoal]] da [[terceira pessoa]] do [[plural]] do verbo '''[[vacilar]]'''
[[Categoria:Forma verbal (Português)]]
[[en:vacilarem]]</text>
<sha1>21sxjclp23bwplcorflyicrdfj7b1e8</sha1>
</revision>
