<page>
<title>vacilarás</title>
<ns>0</ns>
<id>186119</id>
<revision>
<id>2025977</id>
<parentid>1801787</parentid>
<timestamp>2015-10-27T12:17:49Z</timestamp>
<contributor>
<username>HydrizBot</username>
<id>29590</id>
</contributor>
<minor />
<comment>Robô: A adicionar: [[fr:vacilarás]]</comment>
<model>wikitext</model>
<format>text/x-wiki</format>
<text bytes="247" xml:space="preserve">={{-pt-}}=
==Forma verbal==
'''vacilarás'''
#[[segunda pessoa]] do [[singular]] do [[futuro do presente]] do verbo '''[[vacilar]]'''
[[Categoria:Forma verbal (Português)]]
[[en:vacilarás]]
[[es:vacilarás]]
[[fr:vacilarás]]
[[nl:vacilarás]]</text>
<sha1>jf595i7q1mepbkidza32byijmcixm85</sha1>
</revision>
</page>
