<page>
<title>vacinarem</title>
<ns>0</ns>
<id>211455</id>
<revision>
<id>1178742</id>
<parentid>814495</parentid>
<timestamp>2011-07-06T22:12:16Z</timestamp>
<contributor>
<username>MalafayaBot</username>
<id>628</id>
</contributor>
<minor />
<comment>Robô: Substituição de texto automática (-^\=\s?Português\s?\= +={{-pt-}}= &amp; -^\=\s?\{\{pt\}\}\s?\= +={{-pt-}}=)</comment>
<model>wikitext</model>
<format>text/x-wiki</format>
<text bytes="289" xml:space="preserve">={{-pt-}}=
==Forma verbal==
'''vacinarem'''
#[[terceira pessoa]] do [[plural]] do [[futuro]] do [[modo subjuntivo]] do verbo '''[[vacinar]]'''
#[[infinitivo pessoal]] da [[terceira pessoa]] do [[plural]] do verbo '''[[vacinar]]'''
[[Categoria:Forma verbal (Português)]]
[[no:vacinarem]]</text>
<sha1>3z1mug0f7qzvwdtegir1047gx28277j</sha1>
</revision>
</page>
