<page>
<page>
<title>vacinam</title>
<ns>0</ns>
<id>160368</id>
<revision>
<id>1178733</id>
<parentid>685734</parentid>
<timestamp>2011-07-06T22:12:07Z</timestamp>
<contributor>
<username>MalafayaBot</username>
<id>628</id>
</contributor>
<minor />
<comment>Robô: Substituição de texto automática (-^\=\s?Português\s?\= +={{-pt-}}= &amp; -^\=\s?\{\{pt\}\}\s?\= +={{-pt-}}=)</comment>
<model>wikitext</model>
<format>text/x-wiki</format>
<text bytes="198" xml:space="preserve">={{-pt-}}=
==Forma verbal==
'''vacinam'''
#[[terceira pessoa]] do [[plural]] do [[presente]] do [[modo indicativo]] do verbo '''[[vacinar]]'''
[[Categoria:Forma verbal (Português)]]
[[no:vacinam]]</text>
<sha1>l4g8xn822c92db9udmv18iir3ezjx85</sha1>
</revision>
