<page>
<page>
<title>vacinardes</title>
<ns>0</ns>
<id>210114</id>
<revision>
<id>1178739</id>
<parentid>816809</parentid>
<timestamp>2011-07-06T22:12:13Z</timestamp>
<contributor>
<username>MalafayaBot</username>
<id>628</id>
</contributor>
<minor />
<comment>Robô: Substituição de texto automática (-^\=\s?Português\s?\= +={{-pt-}}= &amp; -^\=\s?\{\{pt\}\}\s?\= +={{-pt-}}=)</comment>
<model>wikitext</model>
<format>text/x-wiki</format>
<text bytes="289" xml:space="preserve">={{-pt-}}=
==Forma verbal==
'''vacinardes'''
#[[segunda pessoa]] do [[plural]] do [[futuro]] do [[modo subjuntivo]] do verbo '''[[vacinar]]'''
#[[infinitivo pessoal]] da [[segunda pessoa]] do [[plural]] do verbo '''[[vacinar]]'''
[[Categoria:Forma verbal (Português)]]
[[no:vacinardes]]</text>
<sha1>t0o8hgnzuakvj1c1r1jzs2lg3q8wodd</sha1>
</revision>
