<page>
<title>vacinaremos</title>
<ns>0</ns>
<id>187757</id>
<revision>
<id>1178743</id>
<parentid>778487</parentid>
<timestamp>2011-07-06T22:12:17Z</timestamp>
<contributor>
<username>MalafayaBot</username>
<id>628</id>
</contributor>
<minor />
<comment>Robô: Substituição de texto automática (-^\=\s?Português\s?\= +={{-pt-}}= &amp; -^\=\s?\{\{pt\}\}\s?\= +={{-pt-}}=)</comment>
<model>wikitext</model>
<format>text/x-wiki</format>
<text bytes="194" xml:space="preserve">={{-pt-}}=
==Forma verbal==
'''vacinaremos'''
#[[primeira pessoa]] do [[plural]] do [[futuro do presente]] do verbo '''[[vacinar]]'''
[[Categoria:Forma verbal (Português)]]
[[no:vacinaremos]]</text>
<sha1>r6on9ziafigcrg2y4xlxqhfb069cr83</sha1>
</revision>
</page>
