<page>
<page>
<title>vacilona</title>
<ns>0</ns>
<id>348200</id>
<revision>
<id>2139604</id>
<parentid>2044621</parentid>
<timestamp>2016-06-11T08:13:48Z</timestamp>
<contributor>
<username>UT-interwiki-Bot</username>
<id>56129</id>
</contributor>
<minor />
<comment>Robô: A adicionar: [[es:vacilona]]</comment>
<model>wikitext</model>
<format>text/x-wiki</format>
<text bytes="319" xml:space="preserve">={{-pt-}}=
==Forma de adjetivo==
{{paroxítona|va|ci|lo|na}}, {{f}}
# feminino de [[vacilão]]
==Forma de substantivo==
{{paroxítona|va|ci|lo|na}}, {{f}}
# feminino de [[vacilão]]
{{avi-for-fle|vacilão}}
[[Categoria:Forma de adjetivo (Português)]]
[[Categoria:Forma de substantivo (Português)]]
[[es:vacilona]]</text>
<sha1>c9llrepke9mgdvi94kc0taoki957fvc</sha1>
</revision>
