<page>
<title>vacilem</title>
<ns>0</ns>
<id>216930</id>
<revision>
<id>2139605</id>
<parentid>1178718</parentid>
<timestamp>2016-06-11T08:13:58Z</timestamp>
<contributor>
<username>UT-interwiki-Bot</username>
<id>56129</id>
</contributor>
<minor />
<comment>Robô: A adicionar: [[en:vacilem]]</comment>
<model>wikitext</model>
<format>text/x-wiki</format>
<text bytes="387" xml:space="preserve">={{-pt-}}=
==Forma verbal==
'''vacilem'''
#[[terceira pessoa]] do [[plural]] do [[presente]] do [[modo subjuntivo]] do verbo '''[[vacilar]]'''
#[[terceira pessoa]] do [[plural]] do [[imperativo]] [[afirmativo]] do verbo '''[[vacilar]]'''
#[[terceira pessoa]] do [[plural]] do [[imperativo]] [[negativo]] do verbo '''[[vacilar]]'''
[[Categoria:Forma verbal (Português)]]
[[en:vacilem]]</text>
<sha1>dmu93sbmm3wny211wlkx9bd616mjtwn</sha1>
</revision>
</page>
