<page>
<title>vacilemos</title>
<ns>0</ns>
<id>215335</id>
<revision>
<id>2025990</id>
<parentid>1801782</parentid>
<timestamp>2015-10-27T12:22:32Z</timestamp>
<contributor>
<username>HydrizBot</username>
<id>29590</id>
</contributor>
<minor />
<comment>Robô: A adicionar: [[fr:vacilemos]]</comment>
<model>wikitext</model>
<format>text/x-wiki</format>
<text bytes="459" xml:space="preserve">={{-pt-}}=
==Forma verbal==
'''vacilemos'''
#[[primeira pessoa]] do [[plural]] do [[presente]] do [[modo subjuntivo]] do verbo '''[[vacilar]]'''
#[[primeira pessoa]] do [[plural]] do [[imperativo]] [[afirmativo]] do verbo '''[[vacilar]]'''
#[[primeira pessoa]] do [[plural]] do [[imperativo]] [[negativo]] do verbo '''[[vacilar]]'''
[[Categoria:Forma verbal (Português)]]
[[en:vacilemos]]
[[es:vacilemos]]
[[fr:vacilemos]]
[[mg:vacilemos]]
[[nl:vacilemos]]</text>
<sha1>p56mpaunjnf8k2an1u6pkuhohvrmczl</sha1>
</revision>
</page>
