<page>
<page>
<title>vacinarmos</title>
<ns>0</ns>
<id>208650</id>
<revision>
<id>1178748</id>
<parentid>819197</parentid>
<timestamp>2011-07-06T22:12:22Z</timestamp>
<contributor>
<username>MalafayaBot</username>
<id>628</id>
</contributor>
<minor />
<comment>Robô: Substituição de texto automática (-^\=\s?Português\s?\= +={{-pt-}}= &amp; -^\=\s?\{\{pt\}\}\s?\= +={{-pt-}}=)</comment>
<model>wikitext</model>
<format>text/x-wiki</format>
<text bytes="291" xml:space="preserve">={{-pt-}}=
==Forma verbal==
'''vacinarmos'''
#[[primeira pessoa]] do [[plural]] do [[futuro]] do [[modo subjuntivo]] do verbo '''[[vacinar]]'''
#[[infinitivo pessoal]] da [[primeira pessoa]] do [[plural]] do verbo '''[[vacinar]]'''
[[Categoria:Forma verbal (Português)]]
[[no:vacinarmos]]</text>
<sha1>oyda04a93lmj9zpe7hlzb2xq3p8q70h</sha1>
</revision>
