<page>
<title>vacilastes</title>
<ns>0</ns>
<id>175575</id>
<revision>
<id>2139611</id>
<parentid>1178711</parentid>
<timestamp>2016-06-11T08:14:58Z</timestamp>
<contributor>
<username>UT-interwiki-Bot</username>
<id>56129</id>
</contributor>
<minor />
<comment>Robô: A adicionar: [[en:vacilastes]]</comment>
<model>wikitext</model>
<format>text/x-wiki</format>
<text bytes="214" xml:space="preserve">={{-pt-}}=
==Forma verbal==
'''vacilastes'''
#[[segunda pessoa]] do [[plural]] do [[pretérito perfeito]] do [[modo indicativo]] do verbo '''[[vacilar]]'''
[[Categoria:Forma verbal (Português)]]
[[en:vacilastes]]</text>
<sha1>i1k5lk05wac44oerx3nl0fpb5hwdg48</sha1>
</revision>
</page>
