<page>
<page>
<title>vacilara</title>
<ns>0</ns>
<id>178388</id>
<revision>
<id>2025983</id>
<parentid>1801763</parentid>
<timestamp>2015-10-27T12:18:29Z</timestamp>
<contributor>
<username>HydrizBot</username>
<id>29590</id>
</contributor>
<minor />
<comment>Robô: A adicionar: [[fr:vacilara]]</comment>
<model>wikitext</model>
<format>text/x-wiki</format>
<text bytes="312" xml:space="preserve">={{-pt-}}=
==Forma verbal==
'''vacilara'''
#[[primeira pessoa|primeira]] e [[terceira pessoa|terceira pessoas]] do [[singular]] do [[pretérito mais-que-perfeito]] do verbo '''[[vacilar]]'''
[[Categoria:Forma verbal (Português)]]
[[en:vacilara]]
[[es:vacilara]]
[[fr:vacilara]]
[[mg:vacilara]]
[[nl:vacilara]]</text>
<sha1>eu38vvfudf59mgxrgea1dgv8ond4bjg</sha1>
</revision>
