<page>
<title>vacilaria</title>
<ns>0</ns>
<id>192930</id>
<revision>
<id>2139583</id>
<parentid>1178697</parentid>
<timestamp>2016-06-11T08:09:02Z</timestamp>
<contributor>
<username>UT-interwiki-Bot</username>
<id>56129</id>
</contributor>
<minor />
<comment>Robô: A adicionar: [[en:vacilaria]]</comment>
<model>wikitext</model>
<format>text/x-wiki</format>
<text bytes="225" xml:space="preserve">={{-pt-}}=
==Forma verbal==
'''vacilaria'''
#[[primeira pessoa|primeira]] e [[terceira pessoa]] do [[singular]] do [[futuro do pretérito]] do verbo '''[[vacilar]]'''
[[Categoria:Forma verbal (Português)]]
[[en:vacilaria]]</text>
<sha1>q356e8t0ijzlvujpjste1rfwolkjzbs</sha1>
</revision>
</page>
