<page>
<title>vacilou</title>
<ns>0</ns>
<id>174268</id>
<revision>
<id>2139602</id>
<parentid>1178722</parentid>
<timestamp>2016-06-11T08:13:28Z</timestamp>
<contributor>
<username>UT-interwiki-Bot</username>
<id>56129</id>
</contributor>
<minor />
<comment>Robô: A adicionar: [[en:vacilou]]</comment>
<model>wikitext</model>
<format>text/x-wiki</format>
<text bytes="211" xml:space="preserve">={{-pt-}}=
==Forma verbal==
'''vacilou'''
#[[terceira pessoa]] do [[singular]] do [[pretérito perfeito]] do [[modo indicativo]] do verbo '''[[vacilar]]'''
[[Categoria:Forma verbal (Português)]]
[[en:vacilou]]</text>
<sha1>5u4673vkfh38mtgxtm7oyyb43v8k3ht</sha1>
</revision>
</page>
