<page>
<title>vacilos</title>
<ns>0</ns>
<id>348201</id>
<revision>
<id>2044634</id>
<parentid>2044633</parentid>
<timestamp>2015-12-05T10:50:47Z</timestamp>
<contributor>
<username>MIL973</username>
<id>41339</id>
</contributor>
<model>wikitext</model>
<format>text/x-wiki</format>
<text bytes="164" xml:space="preserve">={{-pt-}}=
==Forma de substantivo==
{{paroxítona|va|ci|los}}, {{m}}
# plural de [[vacilo]]
{{avi-for-fle|vacilo}}
[[Categoria:Forma de substantivo (Português)]]</text>
<sha1>jdi7bm46xil9h2j8j4wnsvzczg7vwsr</sha1>
</revision>
</page>
