<page>
<page>
<title>vacilai</title>
<ns>0</ns>
<id>221179</id>
<revision>
<id>2139590</id>
<parentid>1178683</parentid>
<timestamp>2016-06-11T08:10:12Z</timestamp>
<contributor>
<username>UT-interwiki-Bot</username>
<id>56129</id>
</contributor>
<minor />
<comment>Robô: A adicionar: [[en:vacilai]]</comment>
<model>wikitext</model>
<format>text/x-wiki</format>
<text bytes="192" xml:space="preserve">={{-pt-}}=
==Forma verbal==
'''vacilai'''
#[[segunda pessoa]] do [[plural]] do [[imperativo]] [[afirmativo]] do verbo '''[[vacilar]]'''
[[Categoria:Forma verbal (Português)]]
[[en:vacilai]]</text>
<sha1>msultwcne3k7juubyqil15rrr739pqw</sha1>
</revision>
