<page>
<title>vacilante</title>
<ns>0</ns>
<id>75330</id>
<revision>
<id>2616498</id>
<parentid>2025984</parentid>
<timestamp>2021-02-01T01:16:05Z</timestamp>
<contributor>
<username>MarxavBot</username>
<id>80155</id>
</contributor>
<minor />
<comment>AFI Portugal</comment>
<model>wikitext</model>
<format>text/x-wiki</format>
<text bytes="356" xml:space="preserve">={{-pt-}}=
==Adjetivo==
{{flex.pt|s=vacilante|p=vacilantes}}
{{paroxítona|va|ci|lan|te}}
# [[pouco]] [[firme]]
# [[instável]]
# [[trêmulo]]
=={{pronúncia|pt}}==
===Portugal===
* AFI: {{AFI|/vɐ.si.ˈlɐ̃.tɨ/}}
[[Categoria:Adjetivo (Português)]]
[[en:vacilante]]
[[es:vacilante]]
[[fi:vacilante]]
[[ko:vacilante]]
[[ru:vacilante]]
[[zh:vacilante]]</text>
<sha1>0yqcs1rvlut9rgbfjytyml88pvhdgqh</sha1>
</revision>
</page>
