<page>
<title>vacinaram</title>
<ns>0</ns>
<id>175869</id>
<revision>
<id>1178737</id>
<parentid>761088</parentid>
<timestamp>2011-07-06T22:12:11Z</timestamp>
<contributor>
<username>MalafayaBot</username>
<id>628</id>
</contributor>
<minor />
<comment>Robô: Substituição de texto automática (-^\=\s?Português\s?\= +={{-pt-}}= &amp; -^\=\s?\{\{pt\}\}\s?\= +={{-pt-}}=)</comment>
<model>wikitext</model>
<format>text/x-wiki</format>
<text bytes="213" xml:space="preserve">={{-pt-}}=
==Forma verbal==
'''vacinaram'''
#[[terceira pessoa]] do [[plural]] do [[pretérito perfeito]] do [[modo indicativo]] do verbo '''[[vacinar]]'''
[[Categoria:Forma verbal (Português)]]
[[no:vacinaram]]</text>
<sha1>mmj8xpj6yeolkm7eblfjqytpm7ljcb3</sha1>
</revision>
</page>
