<page>
<title>vacilaríeis</title>
<ns>0</ns>
<id>195589</id>
<revision>
<id>2139578</id>
<parentid>1178705</parentid>
<timestamp>2016-06-11T08:08:12Z</timestamp>
<contributor>
<username>UT-interwiki-Bot</username>
<id>56129</id>
</contributor>
<minor />
<comment>Robô: A adicionar: [[en:vacilaríeis]]</comment>
<model>wikitext</model>
<format>text/x-wiki</format>
<text bytes="197" xml:space="preserve">={{-pt-}}=
==Forma verbal==
'''vacilaríeis'''
#[[segunda pessoa]] do [[plural]] do [[futuro do pretérito]] do verbo '''[[vacilar]]'''
[[Categoria:Forma verbal (Português)]]
[[en:vacilaríeis]]</text>
<sha1>diwvyv2ad41me9eqbe55zyeat4vsbv1</sha1>
</revision>
</page>
