<page>
<page>
<title>vacilações</title>
<ns>0</ns>
<id>321886</id>
<revision>
<id>2044629</id>
<parentid>2037369</parentid>
<timestamp>2015-12-05T10:47:47Z</timestamp>
<contributor>
<username>MIL973</username>
<id>41339</id>
</contributor>
<model>wikitext</model>
<format>text/x-wiki</format>
<text bytes="177" xml:space="preserve">={{-pt-}}=
==Forma de substantivo==
{{oxítona|va|ci|la|ções}}, {{f}}
# plural de [[vacilação]]
{{avi-for-fle|vacilação}}
[[Categoria:Forma de substantivo (Português)]]</text>
<sha1>5jtn4ek9c1p545tfaowu7rvqc33o874</sha1>
</revision>
