<page>
<title>vacile</title>
<ns>0</ns>
<id>214001</id>
<revision>
<id>1801783</id>
<parentid>1383817</parentid>
<timestamp>2014-01-05T16:54:49Z</timestamp>
<contributor>
<username>MalafayaBot</username>
<id>628</id>
</contributor>
<minor />
<comment>r2.7.5) (Robô: A adicionar: [[es:vacile]], [[nl:vacile]]</comment>
<model>wikitext</model>
<format>text/x-wiki</format>
<text bytes="492" xml:space="preserve">={{-pt-}}=
==Forma verbal==
'''vacile'''
#[[primeira pessoa|primeira]] e [[terceira pessoa]] do [[singular]] do [[presente]] do [[modo subjuntivo]] do verbo '''[[vacilar]]'''
#[[terceira pessoa]] do [[singular]] do [[imperativo]] [[afirmativo]] do verbo '''[[vacilar]]'''
#[[terceira pessoa]] do [[singular]] do [[imperativo]] [[negativo]] do verbo '''[[vacilar]]'''
[[Categoria:Forma verbal (Português)]]
[[en:vacile]]
[[es:vacile]]
[[fr:vacile]]
[[it:vacile]]
[[mg:vacile]]
[[nl:vacile]]</text>
<sha1>1u1r13jc6zre0rdnd7cfgxcv9awst5l</sha1>
</revision>
</page>
