<page>
<page>
<title>vacinação</title>
<ns>0</ns>
<id>71604</id>
<revision>
<id>2620720</id>
<parentid>2462023</parentid>
<timestamp>2021-02-01T22:23:31Z</timestamp>
<contributor>
<username>MarxavBot</username>
<id>80155</id>
</contributor>
<minor />
<comment>AFI Portugal</comment>
<model>wikitext</model>
<format>text/x-wiki</format>
<text bytes="2023" xml:space="preserve">{{Wikipédia}}
={{-pt-}}=
==Substantivo==
{{flex.pt|fs=vacinação|fp=vacinações}}
{{oxítona|va|ci|na|ção}}
# ato ou efeito de [[vacinar]]
#* ''Autoridades afegãs lançaram hoje uma campanha de '''vacinação''' contra a poliomielite depois de uma menina de Cabul ter sido diagnosticada com a doença.'' {{OESP|2014|fevereiro|11}}
===Tradução===
{{tradini}}
* {{trad|de|Impfung}}
* {{trad|ar|تطعيم}}
* {{trad|az|peyvənd}}
* {{trad|be|прышчэпка}}
* {{trad|bs|vakcinacija}}
* {{trad|kn|ವ್ಯಾಕ್ಸಿನೇಷನ್}}
* {{trad|yue|接種}}
* {{trad|kk|вакцина}}
* {{trad|cs|očkování}}
* {{trad|zh|疫苗接種}}
* {{trad|hr|cijepljenje}}
* {{trad|da|vaccination}}
* {{trad|sk|očkovanie}}
* {{trad|sl|cepljenje}}
* {{t|es|vacunación|f}}
* {{trad|fi|rokotus}}
* {{trad|vls|vaccinoasje}}
* {{trad|fr|vaccination}}
* {{t|gl|vacinación|f}}
* {{trad|ka|ვაქცინაცია}}
* {{trad|gu|રસીકરણ}}
{{tradmeio}}
* {{trad|hi|टीकाकरण}}
* {{trad|nl|inenting}}
* {{trad|id|vaksinasi}}
* {{trad|en|vaccination}}
* {{trad|it|vaccinazione}}
* {{trad|ja|予防接種}}
* {{trad|ln|mángbɛlɛ́}}
* {{trad|ms|pemvaksinan}}
* {{trad|mr|लसीकरण}}
* {{trad|mwl|bacinaçon}} ''f''
* {{trad|fa|واکسیناسیون}}
* {{trad|ky|эмдөө}}
* {{trad|ru|вакцинация}}
* {{trad|sh|vakcinacija}}
* {{trad|sv|vaccination}}
* {{trad|tl|bakuna}}
* {{trad|tr|aşı}}
* {{trad|uz|vaksinatsiya}}
* {{trad|vi|tiêm chủng}}
* {{trad|fiu-vro|vaktsiniirmine}}
* {{trad|war|pagbakuna}}
{{tradfim}}
=={{etimologia|pt}}==
: {{escopo|Morfologia}} [[vacinar]] + [[-ção]].
=={{pronúncia|pt}}==
===Portugal===
* AFI: {{AFI|/vɐ.si.nɐ.ˈsɐ̃w̃/}}
==Ver também==
===No Wikcionário===
{{verTambém.Ini}}
* [[doença]]
{{verTambém.NovaColuna}}
* [[medicina]]
{{verTambém.Fim}}
[[Categoria:Substantivo (Português)]]
[[Categoria:Medicina (Português)]]
[[en:vacinação]]
[[eo:vacinação]]
[[fi:vacinação]]
[[ru:vacinação]]
[[zh:vacinação]]</text>
<sha1>72swpyg99ljnaqo0a3olwgy7jvu9h9k</sha1>
</revision>
