<page>
<title>vacilaras</title>
<ns>0</ns>
<id>179879</id>
<revision>
<id>2025982</id>
<parentid>1801762</parentid>
<timestamp>2015-10-27T12:18:20Z</timestamp>
<contributor>
<username>HydrizBot</username>
<id>29590</id>
</contributor>
<minor />
<comment>Robô: A adicionar: [[fr:vacilaras]]</comment>
<model>wikitext</model>
<format>text/x-wiki</format>
<text bytes="252" xml:space="preserve">={{-pt-}}=
==Forma verbal==
'''vacilaras'''
#[[segunda pessoa]] do [[singular]] do [[pretérito mais-que-perfeito]] do verbo '''[[vacilar]]'''
[[Categoria:Forma verbal (Português)]]
[[en:vacilaras]]
[[es:vacilaras]]
[[fr:vacilaras]]
[[nl:vacilaras]]</text>
<sha1>2s90uww7qpywenfdrlg5de015okxlub</sha1>
</revision>
</page>
