<page>
<title>vacilava</title>
<ns>0</ns>
<id>205216</id>
<revision>
<id>2139610</id>
<parentid>1178712</parentid>
<timestamp>2016-06-11T08:14:48Z</timestamp>
<contributor>
<username>UT-interwiki-Bot</username>
<id>56129</id>
</contributor>
<minor />
<comment>Robô: A adicionar: [[en:vacilava]]</comment>
<model>wikitext</model>
<format>text/x-wiki</format>
<text bytes="247" xml:space="preserve">={{-pt-}}=
==Forma verbal==
'''vacilava'''
#[[primeira pessoa|primeira]] e [[terceira pessoa]] do [[singular]] do [[pretérito imperfeito]] do [[modo indicativo]] do verbo '''[[vacilar]]'''
[[Categoria:Forma verbal (Português)]]
[[en:vacilava]]</text>
<sha1>3cbtjo2r2xtnv6ovs6kyfmc38u4f8j0</sha1>
</revision>
</page>
