<page>
<title>vacinareis</title>
<ns>0</ns>
<id>189199</id>
<revision>
<id>1178741</id>
<parentid>771907</parentid>
<timestamp>2011-07-06T22:12:15Z</timestamp>
<contributor>
<username>MalafayaBot</username>
<id>628</id>
</contributor>
<minor />
<comment>Robô: Substituição de texto automática (-^\=\s?Português\s?\= +={{-pt-}}= &amp; -^\=\s?\{\{pt\}\}\s?\= +={{-pt-}}=)</comment>
<model>wikitext</model>
<format>text/x-wiki</format>
<text bytes="191" xml:space="preserve">={{-pt-}}=
==Forma verbal==
'''vacinareis'''
#[[segunda pessoa]] do [[plural]] do [[futuro do presente]] do verbo '''[[vacinar]]'''
[[Categoria:Forma verbal (Português)]]
[[no:vacinareis]]</text>
<sha1>5nr5l3016ytumlxmk0m1ihnhlc3tpyx</sha1>
</revision>
</page>
