<page>
<title>vacinando</title>
<ns>0</ns>
<id>155874</id>
<revision>
<id>2023351</id>
<parentid>1949203</parentid>
<timestamp>2015-10-25T08:14:01Z</timestamp>
<contributor>
<username>ValJor</username>
<id>1358</id>
</contributor>
<comment>Acrescentando a predefinição avi-for-fle</comment>
<model>wikitext</model>
<format>text/x-wiki</format>
<text bytes="173" xml:space="preserve">={{-pt-}}=
==Forma verbal==
{{paroxítona|va|ci|nan|do}}
# gerúndio do verbo [[vacinar]]
{{avi-for-fle|vacinar}}
[[Categoria:Forma verbal (Português)]]
[[no:vacinando]]</text>
<sha1>2yzvyy3u1z08lxkzup1lac1a9omi583</sha1>
</revision>
</page>
