<page>
<page>
<title>vacinares</title>
<ns>0</ns>
<id>207166</id>
<revision>
<id>1178744</id>
<parentid>796054</parentid>
<timestamp>2011-07-06T22:12:18Z</timestamp>
<contributor>
<username>MalafayaBot</username>
<id>628</id>
</contributor>
<minor />
<comment>Robô: Substituição de texto automática (-^\=\s?Português\s?\= +={{-pt-}}= &amp; -^\=\s?\{\{pt\}\}\s?\= +={{-pt-}}=)</comment>
<model>wikitext</model>
<format>text/x-wiki</format>
<text bytes="291" xml:space="preserve">={{-pt-}}=
==Forma verbal==
'''vacinares'''
#[[segunda pessoa]] do [[singular]] do [[futuro]] do [[modo subjuntivo]] do verbo '''[[vacinar]]'''
#[[infinitivo pessoal]] da [[segunda pessoa]] do [[singular]] do verbo '''[[vacinar]]'''
[[Categoria:Forma verbal (Português)]]
[[no:vacinares]]</text>
<sha1>95vom84b4vjqhclyzy4ghg5cl6fas3f</sha1>
</revision>
