<page>
<title>vacilavam</title>
<ns>0</ns>
<id>170059</id>
<revision>
<id>2139609</id>
<parentid>1178713</parentid>
<timestamp>2016-06-11T08:14:38Z</timestamp>
<contributor>
<username>UT-interwiki-Bot</username>
<id>56129</id>
</contributor>
<minor />
<comment>Robô: A adicionar: [[en:vacilavam]]</comment>
<model>wikitext</model>
<format>text/x-wiki</format>
<text bytes="215" xml:space="preserve">={{-pt-}}=
==Forma verbal==
'''vacilavam'''
#[[terceira pessoa]] do [[plural]] do [[pretérito imperfeito]] do [[modo indicativo]] do verbo '''[[vacilar]]'''
[[Categoria:Forma verbal (Português)]]
[[en:vacilavam]]</text>
<sha1>9757pzbfhcxmeiylzc2s3t5ppzegojh</sha1>
</revision>
</page>
