<page>
<title>vacinastes</title>
<ns>0</ns>
<id>174504</id>
<revision>
<id>1178759</id>
<parentid>720946</parentid>
<timestamp>2011-07-06T22:12:33Z</timestamp>
<contributor>
<username>MalafayaBot</username>
<id>628</id>
</contributor>
<minor />
<comment>Robô: Substituição de texto automática (-^\=\s?Português\s?\= +={{-pt-}}= &amp; -^\=\s?\{\{pt\}\}\s?\= +={{-pt-}}=)</comment>
<model>wikitext</model>
<format>text/x-wiki</format>
<text bytes="214" xml:space="preserve">={{-pt-}}=
==Forma verbal==
'''vacinastes'''
#[[segunda pessoa]] do [[plural]] do [[pretérito perfeito]] do [[modo indicativo]] do verbo '''[[vacinar]]'''
[[Categoria:Forma verbal (Português)]]
[[no:vacinastes]]</text>
<sha1>t3udd02b6tt8j0t867p1zhkm09a816b</sha1>
</revision>
</page>
