<page>
<page>
<title>vacilando</title>
<ns>0</ns>
<id>156932</id>
<revision>
<id>2025985</id>
<parentid>2023347</parentid>
<timestamp>2015-10-27T12:18:40Z</timestamp>
<contributor>
<username>HydrizBot</username>
<id>29590</id>
</contributor>
<minor />
<comment>Robô: A adicionar: [[fr:vacilando]], [[nl:vacilando]]</comment>
<model>wikitext</model>
<format>text/x-wiki</format>
<text bytes="224" xml:space="preserve">={{-pt-}}=
==Forma verbal==
{{paroxítona|va|ci|lan|do}}
# gerúndio do verbo [[vacilar]]
{{avi-for-fle|vacilar}}
[[Categoria:Forma verbal (Português)]]
[[en:vacilando]]
[[es:vacilando]]
[[fr:vacilando]]
[[nl:vacilando]]</text>
<sha1>00drneefdscpuc5ugww9kzzic8q766q</sha1>
</revision>
