<page>
<title>vacinarão</title>
<ns>0</ns>
<id>190568</id>
<revision>
<id>1178751</id>
<parentid>773811</parentid>
<timestamp>2011-07-06T22:12:25Z</timestamp>
<contributor>
<username>MalafayaBot</username>
<id>628</id>
</contributor>
<minor />
<comment>Robô: Substituição de texto automática (-^\=\s?Português\s?\= +={{-pt-}}= &amp; -^\=\s?\{\{pt\}\}\s?\= +={{-pt-}}=)</comment>
<model>wikitext</model>
<format>text/x-wiki</format>
<text bytes="192" xml:space="preserve">={{-pt-}}=
==Forma verbal==
'''vacinarão'''
#[[terceira pessoa]] do [[plural]] do [[futuro do presente]] do verbo '''[[vacinar]]'''
[[Categoria:Forma verbal (Português)]]
[[no:vacinarão]]</text>
<sha1>kzmh1gkt35n6zsx5rr5ez2gbmvllqc9</sha1>
</revision>
</page>
