<page>
<page>
<title>vacinarei</title>
<ns>0</ns>
<id>183487</id>
<revision>
<id>1178740</id>
<parentid>750818</parentid>
<timestamp>2011-07-06T22:12:14Z</timestamp>
<contributor>
<username>MalafayaBot</username>
<id>628</id>
</contributor>
<minor />
<comment>Robô: Substituição de texto automática (-^\=\s?Português\s?\= +={{-pt-}}= &amp; -^\=\s?\{\{pt\}\}\s?\= +={{-pt-}}=)</comment>
<model>wikitext</model>
<format>text/x-wiki</format>
<text bytes="192" xml:space="preserve">={{-pt-}}=
==Forma verbal==
'''vacinarei'''
#[[primeira pessoa]] do [[singular]] do [[futuro do presente]] do verbo '''[[vacinar]]'''
[[Categoria:Forma verbal (Português)]]
[[no:vacinarei]]</text>
<sha1>6lr32ve1b4g4191jw5ue5n7944xa0mc</sha1>
</revision>
