<page>
<page>
<title>vacilão</title>
<ns>0</ns>
<id>348160</id>
<revision>
<id>2044627</id>
<parentid>2044615</parentid>
<timestamp>2015-12-05T10:45:45Z</timestamp>
<contributor>
<username>MIL973</username>
<id>41339</id>
</contributor>
<model>wikitext</model>
<format>text/x-wiki</format>
<text bytes="416" xml:space="preserve">={{-pt-}}=
==Adjetivo==
{{flex.pt|ms=vacilão|mp=vacilões|fs=vacilona|fp=vacilonas}}
{{oxítona|va|ci|lão}}, {{m}}
# que [[vacilar|vacila]]
==Substantivo==
{{flex.pt|ms=vacilão|mp=vacilões|fs=vacilona|fp=vacilonas}}
{{oxítona|va|ci|lão}}, {{m}}
# pessoa vacilona
=={{etimologia|pt}}==
: {{escopo|Morfologia}} [[vacilar]] + [[-ão]].
[[Categoria:Adjetivo (Português)]]
[[Categoria:Substantivo (Português)]]</text>
<sha1>cxqygmwivsork47nplb6n1qmn3evj1r</sha1>
</revision>
