<page>
<page>
<title>vacinariam</title>
<ns>0</ns>
<id>195855</id>
<revision>
<id>1178746</id>
<parentid>783244</parentid>
<timestamp>2011-07-06T22:12:20Z</timestamp>
<contributor>
<username>MalafayaBot</username>
<id>628</id>
</contributor>
<minor />
<comment>Robô: Substituição de texto automática (-^\=\s?Português\s?\= +={{-pt-}}= &amp; -^\=\s?\{\{pt\}\}\s?\= +={{-pt-}}=)</comment>
<model>wikitext</model>
<format>text/x-wiki</format>
<text bytes="194" xml:space="preserve">={{-pt-}}=
==Forma verbal==
'''vacinariam'''
#[[terceira pessoa]] do [[plural]] do [[futuro do pretérito]] do verbo '''[[vacinar]]'''
[[Categoria:Forma verbal (Português)]]
[[no:vacinariam]]</text>
<sha1>c78cf69n48bzgrkehfl4encontq8nmk</sha1>
</revision>
