<page>
<title>vacilará</title>
<ns>0</ns>
<id>187494</id>
<revision>
<id>2025978</id>
<parentid>2023350</parentid>
<timestamp>2015-10-27T12:17:56Z</timestamp>
<contributor>
<username>HydrizBot</username>
<id>29590</id>
</contributor>
<minor />
<comment>Robô: A adicionar: [[fr:vacilará]]</comment>
<model>wikitext</model>
<format>text/x-wiki</format>
<text bytes="261" xml:space="preserve">={{-pt-}}=
==Forma verbal==
{{oxítona|va|ci|la|rá}}
# terceira pessoa do singular do futuro do presente do verbo [[vacilar]]
{{avi-for-fle|vacilar}}
[[Categoria:Forma verbal (Português)]]
[[en:vacilará]]
[[es:vacilará]]
[[fr:vacilará]]
[[nl:vacilará]]</text>
<sha1>evp5qw5fwq9atbsgd08tvx2bdtz72oo</sha1>
</revision>
</page>
