<page>
<page>
<title>vaciles</title>
<ns>0</ns>
<id>219695</id>
<revision>
<id>2025989</id>
<parentid>1801781</parentid>
<timestamp>2015-10-27T12:22:25Z</timestamp>
<contributor>
<username>HydrizBot</username>
<id>29590</id>
</contributor>
<minor />
<comment>Robô: A adicionar: [[fr:vaciles]]</comment>
<model>wikitext</model>
<format>text/x-wiki</format>
<text bytes="339" xml:space="preserve">={{-pt-}}=
==Forma verbal==
'''vaciles'''
#[[segunda pessoa]] do [[singular]] do [[presente]] do [[modo subjuntivo]] do verbo '''[[vacilar]]'''
#[[segunda pessoa]] do [[singular]] do [[imperativo]] [[negativo]] do verbo '''[[vacilar]]'''
[[Categoria:Forma verbal (Português)]]
[[en:vaciles]]
[[es:vaciles]]
[[fr:vaciles]]
[[nl:vaciles]]</text>
<sha1>3gdlfmbk290aokf1nfsdvff4ingptfy</sha1>
</revision>
