<page>
<page>
<title>vacilássemos</title>
<ns>0</ns>
<id>199712</id>
<revision>
<id>2139598</id>
<parentid>1178727</parentid>
<timestamp>2016-06-11T08:12:48Z</timestamp>
<contributor>
<username>UT-interwiki-Bot</username>
<id>56129</id>
</contributor>
<minor />
<comment>Robô: A adicionar: [[en:vacilássemos]]</comment>
<model>wikitext</model>
<format>text/x-wiki</format>
<text bytes="224" xml:space="preserve">={{-pt-}}=
==Forma verbal==
'''vacilássemos'''
#[[primeira pessoa]] do [[plural]] do [[pretérito imperfeito]] do [[modo subjuntivo]] do verbo '''[[vacilar]]'''
[[Categoria:Forma verbal (Português)]]
[[en:vacilássemos]]</text>
<sha1>iiok7wxf2iadtptvksmjq72hs9qsqkr</sha1>
</revision>
