<page>
<page>
<title>vacinarás</title>
<ns>0</ns>
<id>185026</id>
<revision>
<id>1178750</id>
<parentid>760873</parentid>
<timestamp>2011-07-06T22:12:24Z</timestamp>
<contributor>
<username>MalafayaBot</username>
<id>628</id>
</contributor>
<minor />
<comment>Robô: Substituição de texto automática (-^\=\s?Português\s?\= +={{-pt-}}= &amp; -^\=\s?\{\{pt\}\}\s?\= +={{-pt-}}=)</comment>
<model>wikitext</model>
<format>text/x-wiki</format>
<text bytes="193" xml:space="preserve">={{-pt-}}=
==Forma verbal==
'''vacinarás'''
#[[segunda pessoa]] do [[singular]] do [[futuro do presente]] do verbo '''[[vacinar]]'''
[[Categoria:Forma verbal (Português)]]
[[no:vacinarás]]</text>
<sha1>5mdcisvsrqzulyan0j8ux8j0rxl67h9</sha1>
</revision>
