<page>
<page>
<title>vacinasses</title>
<ns>0</ns>
<id>197167</id>
<revision>
<id>1178757</id>
<parentid>782902</parentid>
<timestamp>2011-07-06T22:12:31Z</timestamp>
<contributor>
<username>MalafayaBot</username>
<id>628</id>
</contributor>
<minor />
<comment>Robô: Substituição de texto automática (-^\=\s?Português\s?\= +={{-pt-}}= &amp; -^\=\s?\{\{pt\}\}\s?\= +={{-pt-}}=)</comment>
<model>wikitext</model>
<format>text/x-wiki</format>
<text bytes="219" xml:space="preserve">={{-pt-}}=
==Forma verbal==
'''vacinasses'''
#[[segunda pessoa]] do [[singular]] do [[pretérito imperfeito]] do [[modo subjuntivo]] do verbo '''[[vacinar]]'''
[[Categoria:Forma verbal (Português)]]
[[no:vacinasses]]</text>
<sha1>qhx88m0fsbgjfzsmi40184iw7xe0cmu</sha1>
</revision>
