<page>
<title>vacinarias</title>
<ns>0</ns>
<id>200143</id>
<revision>
<id>1178747</id>
<parentid>786429</parentid>
<timestamp>2011-07-06T22:12:21Z</timestamp>
<contributor>
<username>MalafayaBot</username>
<id>628</id>
</contributor>
<minor />
<comment>Robô: Substituição de texto automática (-^\=\s?Português\s?\= +={{-pt-}}= &amp; -^\=\s?\{\{pt\}\}\s?\= +={{-pt-}}=)</comment>
<model>wikitext</model>
<format>text/x-wiki</format>
<text bytes="195" xml:space="preserve">={{-pt-}}=
==Forma verbal==
'''vacinarias'''
#[[segunda pessoa]] do [[singular]] do [[futuro do pretérito]] do verbo '''[[vacinar]]'''
[[Categoria:Forma verbal (Português)]]
[[no:vacinarias]]</text>
<sha1>si2y4tsopv0s399z6w1t0ftzscx69az</sha1>
</revision>
</page>
