<page>
<title>vacilaríamos</title>
<ns>0</ns>
<id>194282</id>
<revision>
<id>2025993</id>
<parentid>1801786</parentid>
<timestamp>2015-10-27T12:23:02Z</timestamp>
<contributor>
<username>HydrizBot</username>
<id>29590</id>
</contributor>
<minor />
<comment>Robô: A adicionar: [[fr:vacilaríamos]]</comment>
<model>wikitext</model>
<format>text/x-wiki</format>
<text bytes="284" xml:space="preserve">={{-pt-}}=
==Forma verbal==
'''vacilaríamos'''
#[[primeira pessoa]] do [[plural]] do [[futuro do pretérito]] do verbo '''[[vacilar]]'''
[[Categoria:Forma verbal (Português)]]
[[en:vacilaríamos]]
[[es:vacilaríamos]]
[[fr:vacilaríamos]]
[[mg:vacilaríamos]]
[[nl:vacilaríamos]]</text>
<sha1>fdjn3d52qer31cbtl01i5oj7xh4wf2u</sha1>
</revision>
</page>
