<page>
<page>
<title>vacilarão</title>
<ns>0</ns>
<id>191635</id>
<revision>
<id>2139579</id>
<parentid>1178703</parentid>
<timestamp>2016-06-11T08:08:22Z</timestamp>
<contributor>
<username>UT-interwiki-Bot</username>
<id>56129</id>
</contributor>
<minor />
<comment>Robô: A adicionar: [[en:vacilarão]]</comment>
<model>wikitext</model>
<format>text/x-wiki</format>
<text bytes="192" xml:space="preserve">={{-pt-}}=
==Forma verbal==
'''vacilarão'''
#[[terceira pessoa]] do [[plural]] do [[futuro do presente]] do verbo '''[[vacilar]]'''
[[Categoria:Forma verbal (Português)]]
[[en:vacilarão]]</text>
<sha1>e3urs56moqxhdl5o7edmw2kg8cs7lfh</sha1>
</revision>
