<page>
<page>
<title>vacilardes</title>
<ns>0</ns>
<id>211210</id>
<revision>
<id>2139586</id>
<parentid>1178691</parentid>
<timestamp>2016-06-11T08:09:33Z</timestamp>
<contributor>
<username>UT-interwiki-Bot</username>
<id>56129</id>
</contributor>
<minor />
<comment>Robô: A adicionar: [[en:vacilardes]]</comment>
<model>wikitext</model>
<format>text/x-wiki</format>
<text bytes="289" xml:space="preserve">={{-pt-}}=
==Forma verbal==
'''vacilardes'''
#[[segunda pessoa]] do [[plural]] do [[futuro]] do [[modo subjuntivo]] do verbo '''[[vacilar]]'''
#[[infinitivo pessoal]] da [[segunda pessoa]] do [[plural]] do verbo '''[[vacilar]]'''
[[Categoria:Forma verbal (Português)]]
[[en:vacilardes]]</text>
<sha1>gqdwgkga07ihy0ajpgskriv8a2oa6w9</sha1>
</revision>
