<page>
<page>
<title>vacinaras</title>
<ns>0</ns>
<id>178808</id>
<revision>
<id>1178738</id>
<parentid>755622</parentid>
<timestamp>2011-07-06T22:12:12Z</timestamp>
<contributor>
<username>MalafayaBot</username>
<id>628</id>
</contributor>
<minor />
<comment>Robô: Substituição de texto automática (-^\=\s?Português\s?\= +={{-pt-}}= &amp; -^\=\s?\{\{pt\}\}\s?\= +={{-pt-}}=)</comment>
<model>wikitext</model>
<format>text/x-wiki</format>
<text bytes="201" xml:space="preserve">={{-pt-}}=
==Forma verbal==
'''vacinaras'''
#[[segunda pessoa]] do [[singular]] do [[pretérito mais-que-perfeito]] do verbo '''[[vacinar]]'''
[[Categoria:Forma verbal (Português)]]
[[no:vacinaras]]</text>
<sha1>8jrog2lfcdv8hkz0p7uvmu7t72yw96k</sha1>
</revision>
