<page>
<title>vacilam</title>
<ns>0</ns>
<id>161426</id>
<revision>
<id>2139588</id>
<parentid>1178685</parentid>
<timestamp>2016-06-11T08:09:52Z</timestamp>
<contributor>
<username>UT-interwiki-Bot</username>
<id>56129</id>
</contributor>
<minor />
<comment>Robô: A adicionar: [[en:vacilam]]</comment>
<model>wikitext</model>
<format>text/x-wiki</format>
<text bytes="198" xml:space="preserve">={{-pt-}}=
==Forma verbal==
'''vacilam'''
#[[terceira pessoa]] do [[plural]] do [[presente]] do [[modo indicativo]] do verbo '''[[vacilar]]'''
[[Categoria:Forma verbal (Português)]]
[[en:vacilam]]</text>
<sha1>i5h672gablo9hv13606x9yhwlbuz70v</sha1>
</revision>
</page>
