<page>
<page>
<title>vacilaremos</title>
<ns>0</ns>
<id>188828</id>
<revision>
<id>2025980</id>
<parentid>1801760</parentid>
<timestamp>2015-10-27T12:18:09Z</timestamp>
<contributor>
<username>HydrizBot</username>
<id>29590</id>
</contributor>
<minor />
<comment>Robô: A adicionar: [[fr:vacilaremos]]</comment>
<model>wikitext</model>
<format>text/x-wiki</format>
<text bytes="270" xml:space="preserve">={{-pt-}}=
==Forma verbal==
'''vacilaremos'''
#[[primeira pessoa]] do [[plural]] do [[futuro do presente]] do verbo '''[[vacilar]]'''
[[Categoria:Forma verbal (Português)]]
[[en:vacilaremos]]
[[es:vacilaremos]]
[[fr:vacilaremos]]
[[mg:vacilaremos]]
[[nl:vacilaremos]]</text>
<sha1>oj4nx3gd1x9xx97gx8p3vi9isqybfe2</sha1>
</revision>
