<page>
<title>vacinava</title>
<ns>0</ns>
<id>204185</id>
<revision>
<id>1178760</id>
<parentid>795868</parentid>
<timestamp>2011-07-06T22:12:34Z</timestamp>
<contributor>
<username>MalafayaBot</username>
<id>628</id>
</contributor>
<minor />
<comment>Robô: Substituição de texto automática (-^\=\s?Português\s?\= +={{-pt-}}= &amp; -^\=\s?\{\{pt\}\}\s?\= +={{-pt-}}=)</comment>
<model>wikitext</model>
<format>text/x-wiki</format>
<text bytes="247" xml:space="preserve">={{-pt-}}=
==Forma verbal==
'''vacinava'''
#[[primeira pessoa|primeira]] e [[terceira pessoa]] do [[singular]] do [[pretérito imperfeito]] do [[modo indicativo]] do verbo '''[[vacinar]]'''
[[Categoria:Forma verbal (Português)]]
[[no:vacinava]]</text>
<sha1>slnpojfhnqs7lpyvhpoez1b5r2l54q2</sha1>
</revision>
</page>
