<page>
<title>vacina</title>
<ns>0</ns>
<id>84678</id>
<revision>
<id>2648687</id>
<parentid>2462013</parentid>
<timestamp>2021-09-19T15:15:01Z</timestamp>
<contributor>
<username>Frank C. Müller</username>
<id>19551</id>
</contributor>
<comment>+ trad de.</comment>
<model>wikitext</model>
<format>text/x-wiki</format>
<text bytes="2654" xml:space="preserve">{{Wikipédia}}
={{-pt-}}=
==Substantivo==
{{flex.pt|fs=vacina|fp=vacinas}}
{{paroxítona|va|ci|na}}, {{gênero|f}}
# [[preparação]] usada como [[inoculação]] [[preventivo|preventiva]] para [[dar]] [[imunidade]] contra uma [[doença]] [[específico|específica]] e que usualmente emprega uma [[forma]] enfraquecida do [[agente]] [[patogênico]]
#* ''Desde dezembro, 6,8 milhões de doses da '''vacina''' foram aplicadas no País.'' {{OESP|2008|fevereiro|05}}
===Tradução===
{{tradini}}
* {{trad|af|entstof}}
* {{t|de|Vakzin|n}}, {{xlatio|de|Impfstoff|''m.''}}
* {{trad|ar|طعم|لقاح}}
* {{trad|an|bacuna}}
* {{trad|hy|պատվաստանյութ}}
* {{trad|eu|txerto}}
* {{trad|br|vaksin}}
* {{trad|ca|vacuna}}
* {{trad|cs|vakcína}}
* {{trad|zh|疫苗}}
* {{trad|ko|백신}}
* {{trad|hr|vakcina}}
* {{trad|da|vaccine}}
* {{trad|sk|vakcína}}
* {{trad|sl|cepivo}}
* {{trad|es|vacuna}}
* {{trad|eo|vakcino|serumo}}
* {{trad|et|vaktsiin}}
* {{trad|fi|rokote}}
* {{trad|vls|vaccin|entstof}}
* {{trad|fr|vaccin}}
* {{trad|fur|vacine}}
* {{trad|gl|vacina}}
* {{trad|cy|brechlyn}}
* {{trad|el|εμβόλιο}}
* {{trad|gn|tasymo’ãha}}
* {{trad|gu|રસી|ટીકા}}
* {{trad|he|חיסון}}
* {{trad|hi|टीका}}
* {{trad|nl|vaccin|entstof}}
{{tradmeio}}
* {{trad|hu|vakcina}}
* {{trad|id|vaksin}}
* {{trad|en|vaccine|vaccinum}}
* {{trad|it|vaccino}}
* {{trad|ja|ワクチン}}
* {{trad|la|vaccinum pus}}
* {{trad|lv|vakcīna}}
* {{trad|li|vaksae|ènênting}}
* {{trad|lt|vakcina}}
* {{trad|mt|tilqima}}
* {{trad|mr|इंजेकशन}}
* {{trad|mwl|bacina}} ''f''
* {{trad|nap|vaccino}}
* {{trad|no|vaksine}}
* {{trad|nn|vaksine}}
* {{trad|fa|واکسن}}
* {{trad|pms|vacin}}
* {{trad|pl|szczepionka}}
* {{trad|pa|ਟੀਕਾ}}
* {{trad|ro|vaccin}}
* {{trad|ru|вакцина}}
* {{trad|sr|вакцина}}
* {{trad|sv|vaccin}}
* {{trad|th|วัคซีน}}
* {{trad|te|టీకా}}
* {{trad|uk|вакцина}}
* {{trad|wa|vaccin}}
* {{trad|val|vacuna}}
* {{trad|vi|vắc-xin}}
{{tradfim}}
===Verbetes derivados===
{{verTambém.Ini}}
* [[vacinação]]
{{verTambém.NovaColuna}}
* [[vacinado]]
{{verTambém.NovaColuna}}
* [[vacinar]]
{{verTambém.Fim}}
=={{etimologia|pt}}==
: Do latim ''vaccina'' (''de vaca'').
[[Categoria:Substantivo (Português)]]
[[Categoria:Medicina (Português)]]
={{-gl-}}=
==Substantivo==
'''vacina'''
# [[vacina#Português|vacina]]
[[Categoria:Substantivo (Galego)]]
[[Categoria:Medicina (Galego)]]
[[Categoria:Cognato (Galego)]]
[[en:vacina]]
[[eo:vacina]]
[[es:vacina]]
[[et:vacina]]
[[fi:vacina]]
[[hu:vacina]]
[[hy:vacina]]
[[ja:vacina]]
[[mg:vacina]]
[[no:vacina]]
[[pl:vacina]]
[[zh:vacina]]</text>
<sha1>4hw6lr0k1v1a1idti1m619ip4ziaddf</sha1>
</revision>
</page>
