<page>
<page>
<title>vacinará</title>
<ns>0</ns>
<id>186419</id>
<revision>
<id>1178749</id>
<parentid>745298</parentid>
<timestamp>2011-07-06T22:12:23Z</timestamp>
<contributor>
<username>MalafayaBot</username>
<id>628</id>
</contributor>
<minor />
<comment>Robô: Substituição de texto automática (-^\=\s?Português\s?\= +={{-pt-}}= &amp; -^\=\s?\{\{pt\}\}\s?\= +={{-pt-}}=)</comment>
<model>wikitext</model>
<format>text/x-wiki</format>
<text bytes="192" xml:space="preserve">={{-pt-}}=
==Forma verbal==
'''vacinará'''
#[[terceira pessoa]] do [[singular]] do [[futuro do presente]] do verbo '''[[vacinar]]'''
[[Categoria:Forma verbal (Português)]]
[[no:vacinará]]</text>
<sha1>7sbexo58p14kp6xwka24ni9rh49wym2</sha1>
</revision>
