<page>
<page>
<title>vacilar</title>
<ns>0</ns>
<id>120148</id>
<revision>
<id>2612559</id>
<parentid>2558291</parentid>
<timestamp>2021-01-31T12:22:03Z</timestamp>
<contributor>
<username>Marxav</username>
<id>73271</id>
</contributor>
<minor />
<comment>AFI Portugal</comment>
<model>wikitext</model>
<format>text/x-wiki</format>
<text bytes="1070" xml:space="preserve">={{-pt-}}=
==Verbo==
{{oxítona|va|ci|lar}}
# [[balançar]], [[cambalear]], [[oscilar]], [[tremer]]
# [[estar]] [[duvidoso]], [[indeciso]]
# {{escopo|pt|Gíria}} [[decepcionar]]
===Conjugação===
{{conj/pt|vacil|ar}}
==Forma verbal==
{{oxítona|va|ci|lar}}
# primeira pessoa do singular do futuro do {{PEPB|inline=1|conjuntivo|subjuntivo}} do verbo vacilar
# terceira pessoa do singular do futuro do {{PEPB|inline=1|conjuntivo|subjuntivo}} do verbo vacilar
# infinitivo pessoal da primeira pessoa do singular do verbo vacilar
# infinitivo pessoal da terceira pessoa do singular do verbo vacilar
{{avi-for-fle|vacilar}}
=={{pronúncia|pt}}==
===Portugal===
* AFI: {{AFI|/vɐ.si.ˈlaɾ/}}
==Ver também==
===No Wikcionário===
{{verTambém.Ini}}
* [[vacilação]]
* [[vacilador]]
* [[vacilante]]
{{verTambém.NovaColuna}}
* [[vacilão]]
* [[vacilo]]
{{verTambém.Fim}}
==Ligações externas==
* {{Aulete}}
* {{Michaelis}}
* {{DicioAberto}}
* {{DPLP}}
* {{Infopédia}}
* {{PLP}}
* {{VOLPABL}}
[[Categoria:Verbo (Português)]]
[[Categoria:Forma verbal (Português)]]</text>
<sha1>1jhvph90g8950bzlgy2i34r6c5jao9f</sha1>
</revision>
