<page>
<page>
<title>vacinou</title>
<ns>0</ns>
<id>173217</id>
<revision>
<id>1178770</id>
<parentid>764483</parentid>
<timestamp>2011-07-06T22:12:44Z</timestamp>
<contributor>
<username>MalafayaBot</username>
<id>628</id>
</contributor>
<minor />
<comment>Robô: Substituição de texto automática (-^\=\s?Português\s?\= +={{-pt-}}= &amp; -^\=\s?\{\{pt\}\}\s?\= +={{-pt-}}=)</comment>
<model>wikitext</model>
<format>text/x-wiki</format>
<text bytes="211" xml:space="preserve">={{-pt-}}=
==Forma verbal==
'''vacinou'''
#[[terceira pessoa]] do [[singular]] do [[pretérito perfeito]] do [[modo indicativo]] do verbo '''[[vacinar]]'''
[[Categoria:Forma verbal (Português)]]
[[no:vacinou]]</text>
<sha1>1y86ijc9ezogcvkenz7krsohl6zpcaw</sha1>
</revision>
