<page>
<title>vacinásseis</title>
<ns>0</ns>
<id>201476</id>
<revision>
<id>1178774</id>
<parentid>786453</parentid>
<timestamp>2011-07-06T22:12:48Z</timestamp>
<contributor>
<username>MalafayaBot</username>
<id>628</id>
</contributor>
<minor />
<comment>Robô: Substituição de texto automática (-^\=\s?Português\s?\= +={{-pt-}}= &amp; -^\=\s?\{\{pt\}\}\s?\= +={{-pt-}}=)</comment>
<model>wikitext</model>
<format>text/x-wiki</format>
<text bytes="221" xml:space="preserve">={{-pt-}}=
==Forma verbal==
'''vacinásseis'''
#[[segunda pessoa]] do [[plural]] do [[pretérito imperfeito]] do [[modo subjuntivo]] do verbo '''[[vacinar]]'''
[[Categoria:Forma verbal (Português)]]
[[no:vacinásseis]]</text>
<sha1>juf50hn1i17uafozitfpwrv826ysksx</sha1>
</revision>
</page>
