<page>
<page>
<title>vacinais</title>
<ns>0</ns>
<id>158720</id>
<revision>
<id>1178732</id>
<parentid>679430</parentid>
<timestamp>2011-07-06T22:12:06Z</timestamp>
<contributor>
<username>MalafayaBot</username>
<id>628</id>
</contributor>
<minor />
<comment>Robô: Substituição de texto automática (-^\=\s?Português\s?\= +={{-pt-}}= &amp; -^\=\s?\{\{pt\}\}\s?\= +={{-pt-}}=)</comment>
<model>wikitext</model>
<format>text/x-wiki</format>
<text bytes="199" xml:space="preserve">={{-pt-}}=
==Forma verbal==
'''vacinais'''
#[[segunda pessoa]] do [[plural]] do [[presente]] do [[modo indicativo]] do verbo '''[[vacinar]]'''
[[Categoria:Forma verbal (Português)]]
[[no:vacinais]]</text>
<sha1>7q4wsrjqk9kmnag9sdnpy5a0c0j8fhz</sha1>
</revision>
