<page>
<page>
<title>vacilação</title>
<ns>0</ns>
<id>322100</id>
<revision>
<id>2044631</id>
<parentid>2044628</parentid>
<timestamp>2015-12-05T10:49:35Z</timestamp>
<contributor>
<username>MIL973</username>
<id>41339</id>
</contributor>
<model>wikitext</model>
<format>text/x-wiki</format>
<text bytes="425" xml:space="preserve">={{-pt-}}=
==Substantivo==
{{flex.pt|fs=vacilação|fp=vacilações}}
{{oxítona|va|ci|la|ção}}, {{f}}
# ato ou efeito de [[vacilar]]
# estado daquilo que vacila
# [[oscilação]]
# [[perplexidade]]
===Sinônimo===
* [[vacilo]]
=={{etimologia|pt}}==
: {{escopo|Morfologia}} [[vacilar]] + [[-ção]].
==Ligações externas==
* {{DicioAberto}}
[[Categoria:Substantivo (Português)]]
[[es:vacilação]]
[[zh:vacilação]]</text>
<sha1>jzk996wdt2yk8bsq77hmeccxtw0ltsx</sha1>
</revision>
