<page>
<page>
<title>vacinássemos</title>
<ns>0</ns>
<id>198627</id>
<revision>
<id>1178775</id>
<parentid>765555</parentid>
<timestamp>2011-07-06T22:12:50Z</timestamp>
<contributor>
<username>MalafayaBot</username>
<id>628</id>
</contributor>
<minor />
<comment>Robô: Substituição de texto automática (-^\=\s?Português\s?\= +={{-pt-}}= &amp; -^\=\s?\{\{pt\}\}\s?\= +={{-pt-}}=)</comment>
<model>wikitext</model>
<format>text/x-wiki</format>
<text bytes="224" xml:space="preserve">={{-pt-}}=
==Forma verbal==
'''vacinássemos'''
#[[primeira pessoa]] do [[plural]] do [[pretérito imperfeito]] do [[modo subjuntivo]] do verbo '''[[vacinar]]'''
[[Categoria:Forma verbal (Português)]]
[[no:vacinássemos]]</text>
<sha1>3w9c525eept5bzd86q2w491dalcncjh</sha1>
</revision>
