<page>
<title>vacilamos</title>
<ns>0</ns>
<id>158469</id>
<revision>
<id>2487350</id>
<parentid>2025986</parentid>
<timestamp>2018-03-01T14:02:55Z</timestamp>
<contributor>
<username>ValJor</username>
<id>1358</id>
</contributor>
<comment>Acrescentando a predefinição avi-for-fle</comment>
<model>wikitext</model>
<format>text/x-wiki</format>
<text bytes="323" xml:space="preserve">={{-pt-}}=
==Forma verbal==
{{paroxítona|va|ci|la|mos}}
# primeira pessoa do plural do presente do modo indicativo do verbo [[vacilar]]
# {{escopo2|grafia brasileira}} primeira pessoa do plural do pretérito perfeito do modo indicativo do verbo [[vacilar]]
{{avi-for-fle|vacilar}}
[[Categoria:Forma verbal (Português)]]</text>
<sha1>b3qw1nndthtrglpe00ksmc050obdjp1</sha1>
</revision>
</page>
