<page>
<title>vacinara</title>
<ns>0</ns>
<id>177325</id>
<revision>
<id>1178736</id>
<parentid>720001</parentid>
<timestamp>2011-07-06T22:12:10Z</timestamp>
<contributor>
<username>MalafayaBot</username>
<id>628</id>
</contributor>
<minor />
<comment>Robô: Substituição de texto automática (-^\=\s?Português\s?\= +={{-pt-}}= &amp; -^\=\s?\{\{pt\}\}\s?\= +={{-pt-}}=)</comment>
<model>wikitext</model>
<format>text/x-wiki</format>
<text bytes="248" xml:space="preserve">={{-pt-}}=
==Forma verbal==
'''vacinara'''
#[[primeira pessoa|primeira]] e [[terceira pessoa|terceira pessoas]] do [[singular]] do [[pretérito mais-que-perfeito]] do verbo '''[[vacinar]]'''
[[Categoria:Forma verbal (Português)]]
[[no:vacinara]]</text>
<sha1>2vvf006esuxrd035qdi9yd32v3fqnth</sha1>
</revision>
</page>
