<page>
<page>
<title>vacinavam</title>
<ns>0</ns>
<id>168981</id>
<revision>
<id>1178761</id>
<parentid>750160</parentid>
<timestamp>2011-07-06T22:12:35Z</timestamp>
<contributor>
<username>MalafayaBot</username>
<id>628</id>
</contributor>
<minor />
<comment>Robô: Substituição de texto automática (-^\=\s?Português\s?\= +={{-pt-}}= &amp; -^\=\s?\{\{pt\}\}\s?\= +={{-pt-}}=)</comment>
<model>wikitext</model>
<format>text/x-wiki</format>
<text bytes="215" xml:space="preserve">={{-pt-}}=
==Forma verbal==
'''vacinavam'''
#[[terceira pessoa]] do [[plural]] do [[pretérito imperfeito]] do [[modo indicativo]] do verbo '''[[vacinar]]'''
[[Categoria:Forma verbal (Português)]]
[[no:vacinavam]]</text>
<sha1>okpxop2l7ue2c02gaaiap55sxsu8fl6</sha1>
</revision>
