<page>
<page>
<title>vacilares</title>
<ns>0</ns>
<id>208261</id>
<revision>
<id>2025979</id>
<parentid>1801759</parentid>
<timestamp>2015-10-27T12:18:02Z</timestamp>
<contributor>
<username>HydrizBot</username>
<id>29590</id>
</contributor>
<minor />
<comment>Robô: A adicionar: [[fr:vacilares]]</comment>
<model>wikitext</model>
<format>text/x-wiki</format>
<text bytes="342" xml:space="preserve">={{-pt-}}=
==Forma verbal==
'''vacilares'''
#[[segunda pessoa]] do [[singular]] do [[futuro]] do [[modo subjuntivo]] do verbo '''[[vacilar]]'''
#[[infinitivo pessoal]] da [[segunda pessoa]] do [[singular]] do verbo '''[[vacilar]]'''
[[Categoria:Forma verbal (Português)]]
[[en:vacilares]]
[[es:vacilares]]
[[fr:vacilares]]
[[nl:vacilares]]</text>
<sha1>irlb0ey8odbfpww6362j0q8b3101api</sha1>
</revision>
