<page>
<title>vaciláramos</title>
<ns>0</ns>
<id>181392</id>
<revision>
<id>2025987</id>
<parentid>1801779</parentid>
<timestamp>2015-10-27T12:22:10Z</timestamp>
<contributor>
<username>HydrizBot</username>
<id>29590</id>
</contributor>
<minor />
<comment>Robô: A adicionar: [[fr:vaciláramos]]</comment>
<model>wikitext</model>
<format>text/x-wiki</format>
<text bytes="286" xml:space="preserve">={{-pt-}}=
==Forma verbal==
'''vaciláramos'''
#[[primeira pessoa]] do [[plural]] do [[pretérito mais-que-perfeito]] do verbo '''[[vacilar]]'''
[[Categoria:Forma verbal (Português)]]
[[en:vaciláramos]]
[[es:vaciláramos]]
[[fr:vaciláramos]]
[[mg:vaciláramos]]
[[nl:vaciláramos]]</text>
<sha1>a02bggpfkca5ny7qbtrim7z33tb0cy9</sha1>
</revision>
</page>
