<page>
<page>
<title>vaco</title>
<ns>0</ns>
<id>368668</id>
<revision>
<id>2198477</id>
<parentid>2198472</parentid>
<timestamp>2016-11-17T22:29:56Z</timestamp>
<contributor>
<username>RobokoBot</username>
<id>56179</id>
</contributor>
<minor />
<comment>Robô: A adicionar: ca, el, en, es, fr, it, ja, ko, ro, ru, zh</comment>
<model>wikitext</model>
<format>text/x-wiki</format>
<text bytes="397" xml:space="preserve">={{-gl-}}=
==Adjetivo==
{{flex.gl|ms=vaco|mp=vacos|fs=vaca|fp=vacas}}
{{paroxítona|va|co|lang=gl}}
# [[vazio]]
# [[vácuo ]]
# [[vacante]], livre, isento
# sem [[uso]], sem utilizar
=={{etimologia|gl}}==
{{llietimo|la|vacuus|gl}}
[[Categoria:Adjetivo (Galego)]]
[[ca:vaco]]
[[el:vaco]]
[[en:vaco]]
[[es:vaco]]
[[fr:vaco]]
[[it:vaco]]
[[ja:vaco]]
[[ko:vaco]]
[[ro:vaco]]
[[ru:vaco]]
[[zh:vaco]]</text>
<sha1>tbj01qpblvygtpcfbh501odeeuax37q</sha1>
</revision>
