<page>
<title>vacuus</title>
<ns>0</ns>
<id>38206</id>
<revision>
<id>2240133</id>
<parentid>2079223</parentid>
<timestamp>2017-02-18T03:55:48Z</timestamp>
<contributor>
<username>UT-interwiki-Bot</username>
<id>56129</id>
</contributor>
<minor />
<comment>Robô: A adicionar: [[eo:vacuus]]</comment>
<model>wikitext</model>
<format>text/x-wiki</format>
<text bytes="471" xml:space="preserve">={{-la-}}=
==Adjetivo==
'''vacuus''' ''masculino; feminino: [[vacua]]; neutro: [[vacuum]]''
# [[vazio]]
===Comparativo===
* '''[[magis]] vacuus, -a, -um'''
===Superlativo===
* '''[[maxime]] vacuus, -a, -um'''
{{decl.la.adjprimclas.us|vacu|VS=vacuus}}
[[Categoria:Adjetivo ({{la}})]]
[[chr:vacuus]]
[[cs:vacuus]]
[[en:vacuus]]
[[eo:vacuus]]
[[es:vacuus]]
[[fi:vacuus]]
[[fr:vacuus]]
[[ja:vacuus]]
[[ko:vacuus]]
[[mg:vacuus]]
[[pl:vacuus]]
[[ru:vacuus]]
[[zh:vacuus]]</text>
<sha1>t3o2p6f8wjq2nzvvo265dlzxryki2c7</sha1>
</revision>
</page>
