<page>
<page>
<title>vacua</title>
<ns>0</ns>
<id>340967</id>
<revision>
<id>2251711</id>
<parentid>2251709</parentid>
<timestamp>2017-03-12T10:37:02Z</timestamp>
<contributor>
<username>Cpls</username>
<id>20608</id>
</contributor>
<comment>/* {{etimologia|gl}} */</comment>
<model>wikitext</model>
<format>text/x-wiki</format>
<text bytes="1087" xml:space="preserve">{{ver também|vácua}}
={{-gl-}}=
==Adjetivo==
{{flex.gl|s=vacua|p=vacuas}}
{{paroxítona|va|cu|a|lang=gl}}, {{g|c2g|lang=gl}}
# {{escopo|gl|pejorativo}} [[rústico]], rural
=={{etimologia|gl}}==
: De ''[[vacum#{{gl}}|vacum]]''. Confronte-se com ''[[bacua#{{gl}}|bacua]]''.
[[Categoria:Adjetivo (Galego)]]
={{-lfn-}}=
==Adjetivo==
{{paroxítona|va|cua|lang=lfn}}
# [[vazio]], [[oco]], [[sem]] [[nada]].
==Substantivo==
{{flex.lfn|vacua|vacuas}}
{{paroxítona|va|cua|lang=lfn}}
# [[vácuo]]
===Grafias alternativas===
* '''[[alfabeto cirílico|Alfabeto cirílico]]:''' {{l.s.|вакуа|{{lfn}}}}
===Termos derivados===
{{verTambém.Ini}}
* {{link opcional|suvacua|lfn}}
* {{link opcional|vacui|lfn}}
{{verTambém.NovaColuna}}
* {{link opcional|vacuia|lfn}}
* {{link opcional|vacuida|lfn}}
{{verTambém.Fim}}
{{categorias|{{nome categoria|lfn}}|Adjetivo|Substantivo}}
[[ar:vacua]]
[[cs:vacua]]
[[de:vacua]]
[[en:vacua]]
[[es:vacua]]
[[et:vacua]]
[[fi:vacua]]
[[fr:vacua]]
[[ja:vacua]]
[[ku:vacua]]
[[my:vacua]]
[[nl:vacua]]
[[pl:vacua]]
[[simple:vacua]]
[[vi:vacua]]
[[zh:vacua]]</text>
<sha1>520tofzisvsf8hdhely1mypqq13xdhx</sha1>
</revision>
