<page>
<page>
<title>vacuxo</title>
<ns>0</ns>
<id>368438</id>
<revision>
<id>2197634</id>
<parentid>2197628</parentid>
<timestamp>2016-11-14T16:30:57Z</timestamp>
<contributor>
<username>Cpls</username>
<id>20608</id>
</contributor>
<comment>/* {{-gl-}} */  pondo o significado de vacuxo em galego, e retirando a eliminação rápida</comment>
<model>wikitext</model>
<format>text/x-wiki</format>
<text bytes="372" xml:space="preserve">{{ver também|bacuxo}}
={{-gl-}}=
==Substantivo==
{{flex.gl|ms=vacuxo|mp=vacuxos|fs=vacuxa|fp=vacuxas}}
{{paroxítona|va|cu|xo|lang=gl}}
# {{escopo|gl|Mamífero}} [[bezerro]], filho da vaca e o boi, de menos de um ano que ainda mama
=={{etimologia|gl}}==
: {{escopo|Morfologia}} De ''[[vaca#{{gl}}|vaca]]'' + ''[[-uxo#{{gl}}|-uxo]]''.
[[Categoria:Substantivo (Galego)]]</text>
<sha1>nk9v9pfln6q2v83t2epux2gkbaxtrxf</sha1>
</revision>
