<page>
<page>
<title>vacume</title>
<ns>0</ns>
<id>435059</id>
<revision>
<id>2639073</id>
<parentid>2639072</parentid>
<timestamp>2021-06-19T11:07:24Z</timestamp>
<contributor>
<username>Cpls</username>
<id>20608</id>
</contributor>
<comment>/* {{-gl-}} */</comment>
<model>wikitext</model>
<format>text/x-wiki</format>
<text bytes="341" xml:space="preserve">={{-gl-}}=
==Substantivo==
{{flex.gl|ms=vacume|mp=vacumes}}
{{paroxítona|va|cu|me|lang=gl}}, {{g|m}}
# [[vacada]], coletivo para [[vaca]]s, o rebanho de vacas, o gado [[vacum]]
=={{etimologia|gl}}==
: {{escopo|Morfologia}} De {{etimo|gl|vaca}} + {{etimo|gl|-ume}}. Confronte-se com {{etimo|gl|cabrume}}.
[[Categoria:Substantivo (Galego)]]</text>
<sha1>pb0fml5hi44jc8fqlcn3nqj6du0boy6</sha1>
</revision>
