<page>
<title>vacui</title>
<ns>0</ns>
<id>336271</id>
<revision>
<id>2041073</id>
<parentid>1941096</parentid>
<timestamp>2015-11-26T07:30:26Z</timestamp>
<contributor>
<username>JAnDbot</username>
<id>25083</id>
</contributor>
<minor />
<comment>Robô: A adicionar: [[cs:vacui]]</comment>
<model>wikitext</model>
<format>text/x-wiki</format>
<text bytes="700" xml:space="preserve">={{-lfn-}}=
{{flex.lfn|vacui|vacuis}}
==Substantivo==
{{paroxítona|va|cui|lang=lfn}}
# [[evacuação]], [[remoção]], [[desocupação]].
==Verbo==
{{paroxítona|va|cui|lang=lfn}}
# [[evacuar]], [[remover]], [[desocupar]].
===Conjugação===
{{conj.lfn}}
===Grafias alternativas===
* '''[[alfabeto cirílico|Alfabeto cirílico]]:''' {{l.s.|вакуи|{{lfn}}}}
===Termos derivados===
{{verTambém.Ini}}
* {{link opcional|vacua|lfn}}
* {{link opcional|suvacua|lfn}}
{{verTambém.NovaColuna}}
* {{link opcional|vacuia|lfn}}
* {{link opcional|vacuida|lfn}}
{{verTambém.Fim}}
{{categorias|{{nome categoria|lfn}}|Substantivo|Verbo}}
[[cs:vacui]]
[[en:vacui]]
[[fi:vacui]]
[[fr:vacui]]
[[ja:vacui]]</text>
<sha1>0sg7no2t43z5qnda4weoeao4y8pwy7a</sha1>
</revision>
</page>
