<page>
<page>
<title>vacuidades</title>
<ns>0</ns>
<id>339164</id>
<revision>
<id>1924324</id>
<parentid>1923893</parentid>
<timestamp>2015-04-27T15:05:41Z</timestamp>
<contributor>
<username>MalafayaBot</username>
<id>628</id>
</contributor>
<minor />
<comment>r2.7.9) (Robô: A adicionar: [[en:vacuidades]], [[es:vacuidades]], [[ja:vacuidades]]</comment>
<model>wikitext</model>
<format>text/x-wiki</format>
<text bytes="230" xml:space="preserve">={{-pt-}}=
==Forma de substantivo==
{{paroxítona|va|cu|i|da|des}}, {{f}}
# plural de [[vacuidade]]
{{avi-for-fle|vacuidade}}
[[Categoria:Forma de substantivo (Português)]]
[[en:vacuidades]]
[[es:vacuidades]]
[[ja:vacuidades]]</text>
<sha1>he69rkaqvawy7n72bwyh3118ieyz27t</sha1>
</revision>
