<page>
<title>vacuna</title>
<ns>0</ns>
<id>342351</id>
<revision>
<id>2220543</id>
<parentid>1971568</parentid>
<timestamp>2017-01-08T08:36:59Z</timestamp>
<contributor>
<username>UT-interwiki-Bot</username>
<id>56129</id>
</contributor>
<minor />
<comment>Robô: A adicionar: [[eo:vacuna]]</comment>
<model>wikitext</model>
<format>text/x-wiki</format>
<text bytes="703" xml:space="preserve">{{Wikipédia|lang=ast}}
{{Wikipédia|lang=ca}}
{{Wikipédia|lang=es}}
={{-ast-}}=
==Substantivo==
{{flex.ast|fs=vacuna|fp=vacunes}}
'''vacuna'''
# [[vacina]]
[[Categoria:Substantivo (Asturiano)]]
={{-ca-}}=
==Substantivo==
{{flex.ast|fs=vacuna|fp=vacunes}}
'''vacuna'''
# [[vacina]]
[[Categoria:Substantivo (Catalão)]]
={{-es-}}=
==Substantivo==
{{flex.es|fs=vacuna|fp=vacunas}}
'''vacuna'''
# [[vacina]]
[[Categoria:Substantivo (Espanhol)]]
[[ca:vacuna]]
[[en:vacuna]]
[[eo:vacuna]]
[[es:vacuna]]
[[eu:vacuna]]
[[fi:vacuna]]
[[fr:vacuna]]
[[hu:vacuna]]
[[id:vacuna]]
[[io:vacuna]]
[[ja:vacuna]]
[[ko:vacuna]]
[[mg:vacuna]]
[[nl:vacuna]]
[[no:vacuna]]
[[pl:vacuna]]
[[th:vacuna]]
[[zh:vacuna]]</text>
<sha1>qwng2ibg8a7sfwlcpwhtai35ahm5z5t</sha1>
</revision>
</page>
