<page>
<title>vacuo</title>
<ns>0</ns>
<id>13515</id>
<revision>
<id>2041074</id>
<parentid>2025994</parentid>
<timestamp>2015-11-26T07:30:37Z</timestamp>
<contributor>
<username>JAnDbot</username>
<id>25083</id>
</contributor>
<minor />
<comment>Robô: A adicionar: [[cs:vacuo]]</comment>
<model>wikitext</model>
<format>text/x-wiki</format>
<text bytes="338" xml:space="preserve">={{-ia-}}=
==Substantivo==
'''va.cuo''' {{m}}
# [[vácuo]].
[[Categoria:Substantivo (Interlíngua)]]
[[Categoria:Dissílabo (Interlíngua)]]
[[chr:vacuo]]
[[cs:vacuo]]
[[en:vacuo]]
[[es:vacuo]]
[[fi:vacuo]]
[[fr:vacuo]]
[[hu:vacuo]]
[[io:vacuo]]
[[it:vacuo]]
[[ja:vacuo]]
[[ko:vacuo]]
[[mg:vacuo]]
[[pl:vacuo]]
[[ru:vacuo]]
[[zh:vacuo]]</text>
<sha1>0eubawzs02jdi6n97passoz1itwhntx</sha1>
</revision>
</page>
