<page>
<title>vacância</title>
<ns>0</ns>
<id>68488</id>
<revision>
<id>2075752</id>
<parentid>2040579</parentid>
<timestamp>2016-03-24T15:36:39Z</timestamp>
<contributor>
<username>Defender</username>
<id>15952</id>
</contributor>
<comment>Um verbete a menos usando a [[Predefinição:flex.pt.feminino|predefinição flex.pt.feminino]]</comment>
<model>wikitext</model>
<format>text/x-wiki</format>
<text bytes="790" xml:space="preserve">={{-pt-}}=
==Substantivo==
{{flex.pt|fs=vacância|fp=vacâncias}}
{{proparoxítona aparente|va|cân|ci|a}}, {{gênero|f}}
# [[estado]] do que está [[vago]]
#* ''Vagaram por sua morte bons lugares, que logo foram providos com o acerto que Sua Santidade costuma, sucedendo no Vicariato de Roma o Sr. Cardeal Altieri. A '''vacância''' do capelo tem muitos e muito dignos opositores, a quem se entende não será mui agradável a vinda do Sr. Bispo de Laon, que se esperava brevemente, e depois dele a do duque seu irmão, embaixador extraordinário.'' - Padre António Vieira - CARTAS
===Sinônimo===
* [[vacatura]]
=={{etimologia|pt}}==
: Do latim ''vacantia''.
==Ver também==
===No Wikcionário===
* [[lacuna]]
[[Categoria:Substantivo (Português)]]
[[en:vacância]]
[[zh:vacância]]</text>
<sha1>17faapsxtmhkot1xbb5a272t29hgbq1</sha1>
</revision>
</page>
