<page>
<title>vacão</title>
<ns>0</ns>
<id>322061</id>
<revision>
<id>2625903</id>
<parentid>2558289</parentid>
<timestamp>2021-03-07T11:58:09Z</timestamp>
<contributor>
<ip>2001:8A0:6392:FF01:B095:A0BD:86B5:C3DB</ip>
</contributor>
<comment>/* Substantivo */</comment>
<model>wikitext</model>
<format>text/x-wiki</format>
<text bytes="455" xml:space="preserve">={{-pt-}}=
==Substantivo==
{{flex.pt|ms=vacão|mp=vacões}}
{{oxítona|va|cão}}, {{gramática|m}}
# {{escopo|pt|Portugal}} [[camponês]]; [[rústico]]
# {{escopo|pt|Portugal}} [[palerma]]; [[homem]] [[estúpido]]
# {{escopo|pt|Portugal}} homem [[inútil]], [[indolente]], [[mandrião]]
# vaca gorda
=={{etimologia|pt}}==
: Derivado de [[vaca]].
==Ligações externas==
* {{DicioAberto}}
==Anagrama==
# [[coava]]
[[Categoria:Substantivo (Português)]]</text>
<sha1>i4l95cwrfykiq9h3vkdq0yvjid70hq0</sha1>
</revision>
</page>
