<page>
<page>
<title>vacé</title>
<ns>0</ns>
<id>291844</id>
<revision>
<id>2690874</id>
<parentid>2656119</parentid>
<timestamp>2022-10-27T21:10:13Z</timestamp>
<contributor>
<username>InternetArchiveBot</username>
<id>81604</id>
</contributor>
<comment>Rescuing 1 sources and tagging 0 as dead.) #IABot (v2.0.9.2</comment>
<model>wikitext</model>
<format>text/x-wiki</format>
<text bytes="857" xml:space="preserve">={{-pt-}}=
==Pronome==
{{flex.pt|s=vacé|p=vacéis}}
{{oxítona|va|cé}}, {{gramática|2g|pess}}
# {{escopo|pt|Popular|Brasil}} {{escopo2|caipira}} o mesmo que [[você]]
==={{-varort-}}===
* [[vancê]]
=={{etimologia|pt}}==
: Alteração de ''[[você]]''.
==Ligações externas==
* {{Aulete}}
* [[w:Amadeu Amaral|Amaral, Amadeu]]. [https://web.archive.org/web/20090430134430/http://biblio.tempsite.ws/defaultz.asp?link=http%3A%2F%2Fbiblio.tempsite.ws%2Fconteudo%2FAmadeuAmaral%2Fodialetocaipira.htm O dialeto caipira] [[w:São Paulo (cidade)|São Paulo]]: HUCITEC, [[w:1976|1976]].
* [[w:Dicionário Houaiss da Língua Portuguesa|Dicionário Houaiss da Língua Portuguesa]]
* [http://www.dicio.com.br/vace/ Dicionário Online de Português]
==Anagrama==
&lt;!-- índice para anagramas: pt: acev --&gt;
# [[cave]]
# [[ceva]]
[[Categoria:Pronome (Português)]]</text>
<sha1>r20cthmnns6gvlq5rrq9xzyrdx2s9s1</sha1>
</revision>
