<page>
<page>
<title>vacío</title>
<ns>0</ns>
<id>50468</id>
<revision>
<id>2558287</id>
<parentid>2079222</parentid>
<timestamp>2019-10-22T09:58:51Z</timestamp>
<contributor>
<username>ValJor</username>
<id>1358</id>
</contributor>
<comment>Acrescentando código de língua à [[:Categoria:!Página com mensagem de erro em predefinição|predefinição escopo]]</comment>
<model>wikitext</model>
<format>text/x-wiki</format>
<text bytes="350" xml:space="preserve">={{-es-}}=
==Adjetivo==
{{flex.es|ms=vacío|mp=vacíos|fs=vacía|fp=vacías}}
'''vacío'''
# [[vazio]]
==Substantivo==
{{flex.es|ms=vacío|mp=vacíos}}
'''vacío'''
# {{escopo|es|Física}} [[lugar]] onde não existe [[matéria]]
=={{etimologia|es}}==
{{llietimo|la|vacuus|es}}
[[Categoria:Adjetivo (Espanhol)]]
[[Categoria:Substantivo (Espanhol)]]</text>
<sha1>0yljr58l7cw82krp8xlhg5ow10aefu0</sha1>
</revision>
