<page>
<page>
<title>vade</title>
<ns>0</ns>
<id>334969</id>
<revision>
<id>2139615</id>
<parentid>1956893</parentid>
<timestamp>2016-06-11T08:17:03Z</timestamp>
<contributor>
<username>UT-interwiki-Bot</username>
<id>56129</id>
</contributor>
<minor />
<comment>Robô: A adicionar: [[ca:vade]], [[da:vade]], [[de:vade]]</comment>
<model>wikitext</model>
<format>text/x-wiki</format>
<text bytes="548" xml:space="preserve">={{-lfn-}}=
==Verbo==
'''{{grifar|va}}.de'''
# [[ir]].
===Conjugação===
{{conj.lfn}}
===Grafias alternativas===
* '''[[alfabeto cirílico|Alfabeto cirílico]]:''' {{l.s.|ваде|{{lfn}}}}
===Termos derivados===
{{verTambém.Ini}}
* {{link opcional|revade|lfn}}
{{verTambém.NovaColuna}}
{{verTambém.Fim}}
{{categorias|{{nome categoria|lfn}}|Verbo|Dissílabo|Paroxítona}}
[[ca:vade]]
[[da:vade]]
[[de:vade]]
[[en:vade]]
[[fr:vade]]
[[ja:vade]]
[[ku:vade]]
[[mg:vade]]
[[nl:vade]]
[[ru:vade]]
[[sq:vade]]
[[tr:vade]]
[[uz:vade]]
[[zh:vade]]</text>
<sha1>1synwji2e6aenpkowm6igfcwal7d0oc</sha1>
</revision>
