<page>
<title>vademécum</title>
<ns>0</ns>
<id>13726</id>
<revision>
<id>2184112</id>
<parentid>1997532</parentid>
<timestamp>2016-10-18T03:47:17Z</timestamp>
<contributor>
<username>UT-interwiki-Bot</username>
<id>56129</id>
</contributor>
<minor />
<comment>Robô: A adicionar: [[en:vademécum]]</comment>
<model>wikitext</model>
<format>text/x-wiki</format>
<text bytes="690" xml:space="preserve">={{-pt-}}=
==Substantivo==
{{flex.pt|ms=vademécum|mp=vademécuns}}
{{paroxítona|va|de|mé|cum}}, {{m}}
# livro (ou lista) frequentemente carregado e usado para pronta [[referência]] ou [[aprendizado]]
===Sinônimos===
{{verTambém.Ini}}
* [[livro de cabeceira]]
{{verTambém.NovaColuna}}
* [[manual]]
{{verTambém.Fim}}
===Tradução===
{{tradini}}
* {{trad|en|vade mecum}}
{{tradmeio}}
* {{trad|la|vade mecum}}
{{tradfim}}
=={{etimologia|pt}}==
: Do [[latim]] ''vade'' (vá) + ''mecum'' (comigo).
[[Categoria:Substantivo (Português)]]
[[Categoria:Educação (Português)]]
[[en:vademécum]]
[[es:vademécum]]
[[hu:vademécum]]
[[io:vademécum]]
[[pl:vademécum]]
[[zh:vademécum]]</text>
<sha1>r917smlunxlw2tclwbw7z7opp54f2zq</sha1>
</revision>
</page>
