<page>
<page>
<title>vadeações</title>
<ns>0</ns>
<id>321888</id>
<revision>
<id>2037375</id>
<parentid>1810002</parentid>
<timestamp>2015-11-16T11:24:51Z</timestamp>
<contributor>
<username>ValJor</username>
<id>1358</id>
</contributor>
<comment>Acrescentando a predefinição avi-for-fle</comment>
<model>wikitext</model>
<format>text/x-wiki</format>
<text bytes="168" xml:space="preserve">={{-pt-}}=
==Forma de substantivo==
{{oxítona|va|de|a|ções}}
# plural de [[vadeação]]
{{avi-for-fle|vadeação}}
[[Categoria: Forma de substantivo (Português)]]</text>
<sha1>cp9zpi5cjwcjjfv02zv4q0rmi2dl77m</sha1>
</revision>
