<page>
<page>
<title>vadear</title>
<ns>0</ns>
<id>362693</id>
<revision>
<id>2184114</id>
<parentid>2157091</parentid>
<timestamp>2016-10-18T03:47:31Z</timestamp>
<contributor>
<username>UT-interwiki-Bot</username>
<id>56129</id>
</contributor>
<minor />
<comment>Robô: A adicionar: chr, en, es, fr, gl, id, io, ko, mg, pl, zh</comment>
<model>wikitext</model>
<format>text/x-wiki</format>
<text bytes="987" xml:space="preserve">={{-pt-}}=
==Verbo==
{{oxítona|va|de|ar}}, ''transitivo''
# [[passar]] um [[vau]]
# {{escopoUso|figurado|pt}} [[superar]] uma [[dificuldade]]
===Conjugação===
{{conj/pt|vad|ear}}
=={{etimologia|pt}}==
: {{escopo|Morfologia}} Da forma latina {{etimo|la|vadus}} &quot;[[vau]]&quot; + [[-ear]].
[[Categoria:Verbo (Português)]]
={{-gl-}}=
==Verbo&lt;sup&gt;1&lt;/sup&gt;==
{{oxítona|va|de|ar}}, ''transitivo''
# [[vadear#{{pt}}|vadear]], [[passar]] um [[vau]]
==={{etimologia|gl}}===
: {{escopo|Morfologia}} Da forma latina {{etimo|la|vadus}} &quot;[[vau]]&quot; + [[-ear]].
==Verbo&lt;sup&gt;2&lt;/sup&gt;==
{{oxítona|va|de|ar}}
# viver de [[vadia]] ou de [[vadio]], [[vadiar]]
# perder o juízo e a capacidade de [[razão]]
==={{etimologia|gl}}===
: {{escopo|Morfologia}} De [[vadiar]]. Confronte-se com ''[[baduar#Galego|baduar]]''.
[[Categoria:Verbo (Galego)]]
[[chr:vadear]]
[[en:vadear]]
[[es:vadear]]
[[fr:vadear]]
[[gl:vadear]]
[[id:vadear]]
[[io:vadear]]
[[ko:vadear]]
[[mg:vadear]]
[[pl:vadear]]
[[zh:vadear]]</text>
<sha1>h3zf08xwd4bg2vulzbuxvxpl4q2ccvs</sha1>
</revision>
