<page>
<title>vadiar</title>
<ns>0</ns>
<id>7626</id>
<revision>
<id>2618920</id>
<parentid>1997531</parentid>
<timestamp>2021-02-01T17:16:15Z</timestamp>
<contributor>
<username>MarxavBot</username>
<id>80155</id>
</contributor>
<minor />
<comment>AFI Portugal</comment>
<model>wikitext</model>
<format>text/x-wiki</format>
<text bytes="530" xml:space="preserve">={{-pt-}}=
==Verbo==
{{oxítona|va|di|ar}}, ''intransitivo''
# [[levar]] [[vida]] de [[vadio]]
# [[andar]] à tuna
# não [[ter]] [[ofício]] nem [[emprego]]
===Conjugação===
{{conj/pt|vad|iar}}
===Tradução===
{{tradini}}
* {{trad|de|faulenzen}}
{{tradmeio}}
{{tradfim}}
=={{etimologia|pt}}==
: {{escopo|Morfologia}} [[vadio]] + [[-ar]].
=={{pronúncia|pt}}==
===Portugal===
* AFI: {{AFI|/va.ˈdjaɾ/}}
[[Categoria:Verbo (Português)]]
[[chr:vadiar]]
[[en:vadiar]]
[[fr:vadiar]]
[[gl:vadiar]]
[[mg:vadiar]]
[[zh:vadiar]]</text>
<sha1>bk0viyciybigaywe0k3ehuoh5y31sec</sha1>
</revision>
</page>
