<page>
<title>vadiagem</title>
<ns>0</ns>
<id>45845</id>
<revision>
<id>2611063</id>
<parentid>2139626</parentid>
<timestamp>2021-01-30T22:56:43Z</timestamp>
<contributor>
<username>Marxav</username>
<id>73271</id>
</contributor>
<minor />
<comment>AFI Portugal</comment>
<model>wikitext</model>
<format>text/x-wiki</format>
<text bytes="496" xml:space="preserve">={{-pt-}}=
==Substantivo==
{{flex.pt|fs=vadiagem|fp=vadiagens}}
{{paroxítona|va|di|a|gem}}, {{f}}
# [[vida]] de [[vadio]]
# vida [[errante]]
===Sinônimos===
{{verTambém.Ini}}
* [[ociosidade]]
{{verTambém.NovaColuna}}
* [[vagabundagem]]
{{verTambém.Fim}}
=={{etimologia|pt}}==
: {{escopo|Morfologia}} [[vadiar]] + [[-agem]].
=={{pronúncia|pt}}==
===Portugal===
* AFI: {{AFI|/va.ˈdja.ʒɐ̃j̃/}}
[[Categoria:Substantivo (Português)]]
[[Categoria:Direito (Português)]]
[[en:vadiagem]]</text>
<sha1>hpap1j3tnn7ovcppwj1176uusb4vb3j</sha1>
</revision>
</page>
