<page>
<title>vadiação</title>
<ns>0</ns>
<id>252896</id>
<revision>
<id>2012039</id>
<parentid>1204709</parentid>
<timestamp>2015-10-08T13:21:07Z</timestamp>
<contributor>
<username>Malafaya</username>
<id>313</id>
</contributor>
<comment>{{confundir}}</comment>
<model>wikitext</model>
<format>text/x-wiki</format>
<text bytes="284" xml:space="preserve">{{confundir|vadeação}}
={{-pt-}}=
==Substantivo==
{{flex.pt|fs=vadiação|fp=vadiações}}
{{oxítona|va|di|a|ção}}
# ato de [[vadiar]]
===Sinônimo===
* [[vadiagem]]
=={{etimologia|pt}}==
: {{escopo|Morfologia}} [[vadiar]] + [[-ção]].
[[Categoria:Substantivo (Português)]]</text>
<sha1>8g54eb4r841cxdobr3mc6zangsv7kli</sha1>
</revision>
</page>
