<page>
<title>vadia</title>
<ns>0</ns>
<id>88910</id>
<revision>
<id>2688504</id>
<parentid>2688496</parentid>
<timestamp>2022-09-18T16:20:15Z</timestamp>
<contributor>
<username>ValJor</username>
<id>1358</id>
</contributor>
<minor />
<comment>Revertidas edições por [[Especial:Contribuições/131.108.54.39|131.108.54.39]] para a última versão por [[Especial:Contribuições/Askekamo|Askekamo]]</comment>
<model>wikitext</model>
<format>text/x-wiki</format>
<text bytes="1134" xml:space="preserve">={{-pt-}}=
==Substantivo==
{{flex.pt|fs=vadia|fp=vadias}}
{{paroxítona|va|di|a}}, {{gênero|f}}
# [[mulher]] de [[conduta]] [[duvidoso|duvidosa]], [[licencioso|licenciosa]]
# [[pronome]] de [[tratamento]] utilizado para designar toda e qualquer pessoa independente de sua posição hierárquica
===Sinônimos===
* De '''1''': [[vagabunda]]
=={{etimologia|pt}}==
: Feminino de [[vadio]].
==Forma de substantivo==
{{paroxítona|va|di|a}}, {{gramática|f}}
# feminino de [[vadio]]
==Ver também==
===No Wikcionário===
{{verTambém.Ini}}
* para outros verbetes relacionados ao tema '''sexo''', veja o verbete [[sexo]]
{{verTambém.Fim}}
[[Categoria:Substantivo (Português)]]
[[Categoria:Forma de substantivo (Português)]]
[[Categoria:Obscenidade (Português)]]
={{-gl-}}=
==Substantivo==
{{flex.gl|s=vadia|p=vadias}}
{{paroxítona|va|di|a|lang=gl}}
# [[vagamundo]]
# que é [[vadio]]
# pessoa [[aloucado|aloucada]], irresponsável, que anda de festa continuamente
=={{etimologia|gl}}==
: Do adjetivo [[vadio|vadia]], confronte-se com ''[[vadear#Galego|vadear]]''.
[[Categoria:Substantivo (Galego)]]
[[en:vadia]]
[[mg:vadia]]</text>
<sha1>5wz2rxvbaa04nuo58wndmvqpmnuagee</sha1>
</revision>
</page>
