<page>
<page>
<title>vae</title>
<ns>0</ns>
<id>100873</id>
<revision>
<id>1961407</id>
<parentid>1801790</parentid>
<timestamp>2015-07-10T22:36:12Z</timestamp>
<contributor>
<username>HydrizBot</username>
<id>29590</id>
</contributor>
<minor />
<comment>Robô: A adicionar: [[pl:vae]]</comment>
<model>wikitext</model>
<format>text/x-wiki</format>
<text bytes="270" xml:space="preserve">={{-la-}}=
==Interjeição==
'''vae'''
:# '''ai de'''
:# [[coitado]]!
===Fraseologia===
* '''[[vae victis]]''': ''ai dos vencidos''
[[Categoria:Interjeição (Latim)]]
[[de:vae]]
[[en:vae]]
[[fi:vae]]
[[fr:vae]]
[[ja:vae]]
[[lt:vae]]
[[mg:vae]]
[[nl:vae]]
[[pl:vae]]</text>
<sha1>lni2oc53monrinuheikriajzio431bu</sha1>
</revision>
