<page>
<title>vaen</title>
<ns>0</ns>
<id>229293</id>
<revision>
<id>2036900</id>
<parentid>914630</parentid>
<timestamp>2015-11-14T13:06:15Z</timestamp>
<contributor>
<username>HydrizBot</username>
<id>29590</id>
</contributor>
<minor />
<comment>Robô: A adicionar: [[en:vaen]], [[gl:vaen]]</comment>
<model>wikitext</model>
<format>text/x-wiki</format>
<text bytes="241" xml:space="preserve">={{-vo-}}=
==Substantivo==
'''vaen'''
# [[aveia]].
===Declinação===
{{decl.vo.subst}}
[[Categoria:Substantivo (Volapuque)]]
[[Categoria:Alimentação (Volapuque)]]
[[en:vaen]]
[[fr:vaen]]
[[gl:vaen]]
[[mg:vaen]]
[[nl:vaen]]
[[vo:vaen]]</text>
<sha1>1vfpci93ejk834xz2tgav9vmh4l5cc0</sha1>
</revision>
</page>
