<page>
<page>
<title>vaevae</title>
<ns>0</ns>
<id>251572</id>
<revision>
<id>1555310</id>
<parentid>1253025</parentid>
<timestamp>2012-12-06T22:22:37Z</timestamp>
<contributor>
<username>VJBot</username>
<id>33673</id>
</contributor>
<minor />
<comment>Robô: Substituição de texto automática  (-{{vertb}} +Ver também)</comment>
<model>wikitext</model>
<format>text/x-wiki</format>
<text bytes="170" xml:space="preserve">={{-rkh-}}=
==Substantivo==
'''vaevae'''
# [[pé]]
==Ver também==
* [[rima]]
[[Categoria:Substantivo (Rakahanga-Manihiki)]]
[[Categoria:Anatomia (Rakahanga-Manihiki)]]</text>
<sha1>dsltb42gx0dx7v9ay65egjpps2jyopv</sha1>
</revision>
