<page>
<page>
<title>vafu</title>
<ns>0</ns>
<id>334251</id>
<revision>
<id>1876943</id>
<timestamp>2014-12-07T09:07:46Z</timestamp>
<contributor>
<username>Cpls</username>
<id>20608</id>
</contributor>
<comment>[[Ajuda:Guia de edição/Menus e ferramentas/Sumário de edição|→]] nova página: ={{-ast-}}= ==Substantivo== {{flex.ast|ms=vafu|mp=vafos}} {{paroxítona|va|fu|lang=ast}}, {{m}} # [[bafo]], a...</comment>
<model>wikitext</model>
<format>text/x-wiki</format>
<text bytes="339" xml:space="preserve">={{-ast-}}=
==Substantivo==
{{flex.ast|ms=vafu|mp=vafos}}
{{paroxítona|va|fu|lang=ast}}, {{m}}
# [[bafo]], ar expirado
# [[bafo]], corrente de ar maligno
# [[bafo]], vapor
# [[onda]] encrespada, [[marejada]]
=={{etimologia|ast}}==
: Cognata de [[bafo]] e do [[espanhol]] ''[[vaho#Espanhol|vaho]]''.
[[Categoria:Substantivo (Asturiano)]]</text>
<sha1>ibpycilq7n4exjj50uwh7gwjxawzj39</sha1>
</revision>
