<page>
<page>
<title>vagajear</title>
<ns>0</ns>
<id>435081</id>
<revision>
<id>2639125</id>
<timestamp>2021-06-19T21:41:44Z</timestamp>
<contributor>
<username>Cpls</username>
<id>20608</id>
</contributor>
<comment>[[Ajuda:Guia de edição/Menus e ferramentas/Sumário de edição|→]] nova página: ={{-gl-}}= {{ga-in}} ==Verbo== {{oxítona|va|ga|je|ar|lang=gl}} # [[vaguear#{{pt}}|vaguear]], vagabundear, mo...</comment>
<model>wikitext</model>
<format>text/x-wiki</format>
<text bytes="596" xml:space="preserve">={{-gl-}}=
{{ga-in}}
==Verbo==
{{oxítona|va|ga|je|ar|lang=gl}}
# [[vaguear#{{pt}}|vaguear]], vagabundear, mover-se de um lugar a outro sem [[rumo]]
# [[gandular]], levar uma vida [[vadio|vadia]]
==={{-varort-}}===
* [[bagagear#{{gl}}|bagagear]]
===Sinónimos===
* [[andar de vaquejo#{{gl}}|andar de vaquejo]], [[lacaçanear#{{gl}}|lacaçanear]], [[vaguejar#{{gl}}|vaguejar]], [[vaquejar#{{gl}}|vaquejar]]
=={{etimologia|gl}}==
: Da mesma origem ''[[vaguejar#{{gl}}|vaguejar]]''. Confronte-se com ''[[vagajeiro#{{gl}}|vagajeiro]]'' e ''[[bagaja#{{gl}}|bagaja]]''.
[[Categoria:Verbo (Galego)]]</text>
<sha1>fpok8mgernrygvazqipjc688h2ut56l</sha1>
</revision>
