<page>
<page>
<title>vagabundage</title>
<ns>0</ns>
<id>13518</id>
<revision>
<id>1340774</id>
<parentid>615581</parentid>
<timestamp>2011-12-19T20:38:16Z</timestamp>
<contributor>
<username>MalafayaBot</username>
<id>628</id>
</contributor>
<minor />
<comment>Robô: Substituição de texto automática  (-^\=(\s*?)(\{\{ia\}\}|Interlíngua)(\s*?)\= +={{-ia-}}=)</comment>
<model>wikitext</model>
<format>text/x-wiki</format>
<text bytes="158" xml:space="preserve">={{-ia-}}=
==Substantivo==
'''va.ga.bun.da.ge''' {{f}}
# [[vagabundagem]].
[[Categoria:Substantivo (Interlíngua)]]
[[Categoria:Polissílabo (Interlíngua)]]</text>
<sha1>b0gn1hbsba32ocjulxz6t2s7356dzx8</sha1>
</revision>
