<page>
<page>
<title>vagary</title>
<ns>0</ns>
<id>303055</id>
<revision>
<id>2251202</id>
<parentid>2045486</parentid>
<timestamp>2017-03-11T03:32:33Z</timestamp>
<contributor>
<username>HydrizBot</username>
<id>29590</id>
</contributor>
<minor />
<comment>Robô: A adicionar: [[ky:vagary]]</comment>
<model>wikitext</model>
<format>text/x-wiki</format>
<text bytes="425" xml:space="preserve">={{-en-}}=
==Substantivo==
{{flex.en|s=vagary|p=vagaries}}
'''vagary'''
# [[capricho]]
# [[extravagância]]
[[Categoria:Substantivo (Inglês)]]
[[el:vagary]]
[[en:vagary]]
[[eo:vagary]]
[[et:vagary]]
[[fi:vagary]]
[[hy:vagary]]
[[io:vagary]]
[[ka:vagary]]
[[kn:vagary]]
[[ko:vagary]]
[[ku:vagary]]
[[ky:vagary]]
[[mg:vagary]]
[[ml:vagary]]
[[my:vagary]]
[[pl:vagary]]
[[ta:vagary]]
[[te:vagary]]
[[vi:vagary]]
[[zh:vagary]]</text>
<sha1>hxwdhbpy2isd7ce8ptlpaxnej6vl7k7</sha1>
</revision>
