<page>
<title>vagantela</title>
<ns>0</ns>
<id>330834</id>
<revision>
<id>2572465</id>
<parentid>1858429</parentid>
<timestamp>2020-01-25T01:33:36Z</timestamp>
<contributor>
<username>ValJor</username>
<id>1358</id>
</contributor>
<comment>Corrigindo erro de ortografia: Subsntativo --&gt; Substantivo</comment>
<model>wikitext</model>
<format>text/x-wiki</format>
<text bytes="257" xml:space="preserve">={{-gl-}}=
==Substantivo==
{{flex.pt|fs=vagantela|fp=vagantelas}}
{{paroxítona|va|gan|te|la|lang=gl}}, {{gramática|f}}
# [[depressão]] num terreno
=={{etimologia|gl}}==
: {{escopo|Morfologia}} Derivada de [[vagante]].
[[Categoria:Substantivo (Galego)]]</text>
<sha1>t37pawuyi8mm73hxhsdgbbql9g71pkt</sha1>
</revision>
</page>
