<page>
<page>
<title>vagar</title>
<ns>0</ns>
<id>64957</id>
<revision>
<id>2613600</id>
<parentid>2220544</parentid>
<timestamp>2021-01-31T15:13:45Z</timestamp>
<contributor>
<username>Marxav</username>
<id>73271</id>
</contributor>
<minor />
<comment>AFI Portugal</comment>
<model>wikitext</model>
<format>text/x-wiki</format>
<text bytes="775" xml:space="preserve">={{-pt-}}=
==Substantivo==
{{flex.pt|ms=vagar|mp=vagares}}
{{oxítona|va|gar}}, {{m}}
# [[falta]] [[de]] [[pressa]]
# [[descanso]]
# [[lentidão]]
==Verbo==
{{oxítona|va|gar}}, ''transitivo''
# [[deixar]] [[vago]]
{{oxítona|va|gar}}, ''intransitivo''
# [[deixar]] [[vago]]
# [[estar]] [[vago]] ([[lugar]], [[dignidade]], [[etc.]])
# [[estar]] [[desocupado]]
===Conjugação===
{{conj/pt|va|gar}}
=={{pronúncia|pt}}==
===Portugal===
* AFI: {{AFI|/vɐ.ˈɡaɾ/}}
[[Categoria:Verbo (Português)]]
[[Categoria:Substantivo (Português)]]
[[ca:vagar]]
[[chr:vagar]]
[[en:vagar]]
[[eo:vagar]]
[[es:vagar]]
[[fi:vagar]]
[[fr:vagar]]
[[gl:vagar]]
[[id:vagar]]
[[io:vagar]]
[[ja:vagar]]
[[ko:vagar]]
[[mg:vagar]]
[[nl:vagar]]
[[pl:vagar]]
[[ru:vagar]]
[[sv:vagar]]
[[tr:vagar]]</text>
<sha1>luik1oxqibu1lch2dblkujoku5zh20t</sha1>
</revision>
