<page>
<page>
<title>vagabundear</title>
<ns>0</ns>
<id>51685</id>
<revision>
<id>2260530</id>
<parentid>2040576</parentid>
<timestamp>2017-04-14T06:31:36Z</timestamp>
<contributor>
<username>UT-interwiki-Bot</username>
<id>56129</id>
</contributor>
<minor />
<comment>Robô: A adicionar: [[ky:vagabundear]]</comment>
<model>wikitext</model>
<format>text/x-wiki</format>
<text bytes="1031" xml:space="preserve">={{-pt-}}=
==Verbo==
'''va.ga.bun.de.&lt;u&gt;ar&lt;/u&gt;'''
# [[vagar]] sem [[destino]], [[andar]] à [[toa]]
===Variante Ortográfica===
# [[vagabundar]]
===Tradução===
{{tradini}}
* {{trad|de|wandern}}
* {{trad|es|vagabundear}}
* {{trad|fr|vagabonder}}&lt;br&gt; {{trad|fr|errer}}&lt;br&gt; {{trad|fr|rôder}}
{{tradmeio}}
* {{trad|id|mengapung}}&lt;br&gt;{{trad|id|mengambang}}
* {{trad|en|wander}}
* {{trad|it|vagabondare}}
{{tradfim}}
===Conjugação===
{{conj/pt|vagabund|ear}}
=={{etimologia|pt}}==
: De [[vagabundo]] + [[-ear]]
[[Categoria:Verbo (Português)]]
[[Categoria:Polissílabo (Português)]]
[[Categoria:Oxítona (Português)]]
={{-es-}}=
==Verbo==
'''vagabundear'''
# [[vagabundear#Português|vagabundear]]
[[Categoria:Verbo (Espanhol)]]
[[Categoria:Cognato (Espanhol)]]
[[chr:vagabundear]]
[[el:vagabundear]]
[[en:vagabundear]]
[[es:vagabundear]]
[[fi:vagabundear]]
[[fr:vagabundear]]
[[gl:vagabundear]]
[[id:vagabundear]]
[[ko:vagabundear]]
[[ky:vagabundear]]
[[mg:vagabundear]]
[[nl:vagabundear]]
[[pl:vagabundear]]
[[zh:vagabundear]]</text>
<sha1>ioa421yrs235k8b1jx3zf37p8e8dfiw</sha1>
</revision>
