<page>
<title>vaganto</title>
<ns>0</ns>
<id>330831</id>
<revision>
<id>2572467</id>
<parentid>2139620</parentid>
<timestamp>2020-01-25T01:39:01Z</timestamp>
<contributor>
<username>ValJor</username>
<id>1358</id>
</contributor>
<comment>Corrigindo erro de ortografia: Subsntativo --&gt; Substantivo</comment>
<model>wikitext</model>
<format>text/x-wiki</format>
<text bytes="549" xml:space="preserve">={{-gl-}}=
==Substantivo==
{{flex.pt|ms=vaganto|mp=vagantos}}
{{paroxítona|va|gan|to|lang=gl}}, {{gramática|m}}
# [[vale]] pequeno
# [[depressão]] num terreno ou superfície
# [[fosso]]
# [[valeta]] natural pola que escorrem as águas de um terreno
==={{-varort-}}===
{{verTambém.Ini}}
* [[vaganta#Galego|vaganta]]
{{verTambém.NovaColuna}}
* [[vagante#Galego|vagante]]
{{verTambém.Fim}}
===Sinônimo===
: '''De 1, 2, 3 e 4:'''
* [[vaguada#Galego|vaguada]]
=={{etimologia|gl}}==
{{llietimo|la|vacante|gl}}
[[Categoria:Substantivo (Galego)]]</text>
<sha1>ftwpy52z5ogz1ekoa65rkywlyrdby74</sha1>
</revision>
</page>
