<page>
<page>
<title>vagareza</title>
<ns>0</ns>
<id>350702</id>
<revision>
<id>2060934</id>
<timestamp>2016-02-05T22:04:33Z</timestamp>
<contributor>
<username>Leonardo José Raimundo</username>
<id>43489</id>
</contributor>
<comment>Eu estou criando a palavra &quot;vagareza&quot;.</comment>
<model>wikitext</model>
<format>text/x-wiki</format>
<text bytes="404" xml:space="preserve">={{-pt-}}=
==Substantivo==
{{flex.pt|fs=vagareza|fp=vagarezas}}
{{paroxítona|va|ga|re|za}}
# ausência ou falta de pressa
# lentidão ou morosidade
===Sinônimos===
{{colunas|2}}
*[[lentidão]]
*[[morosidade]]
{{colunas.fim}}
===Antônimos===
{{colunas|2}}
*[[pressa]]
*[[velocidade]]
{{colunas.fim}}
=={{etimologia|pt}}==
:{{escopo|Morfologia}} [[vagar]]+eza.
[[Categoria:Substantivo (Português)]]</text>
<sha1>m58zyj0eja4irioym76rmkcbblyhxbs</sha1>
</revision>
