<page>
<page>
<title>vagabundeia</title>
<ns>0</ns>
<id>51653</id>
<revision>
<id>1101363</id>
<parentid>204377</parentid>
<timestamp>2011-07-02T12:22:43Z</timestamp>
<contributor>
<username>ValJor</username>
<id>1358</id>
</contributor>
<comment>Eliminando um verbete da [[Especial:Redireccionamentos|lista de redirecionamentos]]</comment>
<model>wikitext</model>
<format>text/x-wiki</format>
<text bytes="249" xml:space="preserve">={{-pt-}}=
==Forma verbal==
{{paroxítona|va|ga|bun|dei|a}}
# terceira pessoa do singular do presente do indicativo do verbo [[vagabundear]]
# segunda pessoa do singular do imperativo do verbo [[vagabundear]]
[[Categoria:Forma verbal (Português)]]</text>
<sha1>g2aeffkhrjlx0elf0wa9eftc9z6my90</sha1>
</revision>
