<page>
<title>vagabundar</title>
<ns>0</ns>
<id>221460</id>
<revision>
<id>1106805</id>
<parentid>822452</parentid>
<timestamp>2011-07-03T13:49:40Z</timestamp>
<contributor>
<username>MalafayaBot</username>
<id>628</id>
</contributor>
<minor />
<comment>Robô: Substituição de texto automática (-^\=\s?Português\s?\= +={{-pt-}}= &amp; -^\=\s?\{\{pt\}\}\s?\= +={{-pt-}}=)</comment>
<model>wikitext</model>
<format>text/x-wiki</format>
<text bytes="155" xml:space="preserve">={{-pt-}}=
==Verbo==
{{oxítona|va|ga|bun|dar}}, ''intransitivo''
# [[vagabundear]]
[[Categoria: Verbo (Português)]]
[[pl:vagabundar]]
[[ru:vagabundar]]</text>
<sha1>0ttetosg1mvhb07f59obljrtgb92xl7</sha1>
</revision>
</page>
