<page>
<title>vagaries</title>
<ns>0</ns>
<id>303054</id>
<revision>
<id>1659963</id>
<parentid>1620173</parentid>
<timestamp>2013-02-24T21:21:26Z</timestamp>
<contributor>
<username>ValJor</username>
<id>1358</id>
</contributor>
<comment>Melhorando a apresentação do verbete</comment>
<model>wikitext</model>
<format>text/x-wiki</format>
<text bytes="313" xml:space="preserve">={{-en-}}=
==Forma de substantivo==
'''vagaries'''
# plural de [[vagary]]
{{avi-for-fle|vagary}}
[[Categoria:Forma de substantivo (Inglês)|vagaries]]
[[ar:vagaries]]
[[en:vagaries]]
[[eo:vagaries]]
[[fr:vagaries]]
[[ku:vagaries]]
[[mg:vagaries]]
[[ml:vagaries]]
[[my:vagaries]]
[[no:vagaries]]
[[sv:vagaries]]</text>
<sha1>ijgdjpfom59485qsq261z4dq2sxm95b</sha1>
</revision>
</page>
