<page>
<page>
<title>vagalhão</title>
<ns>0</ns>
<id>276315</id>
<revision>
<id>1246201</id>
<parentid>1245988</parentid>
<timestamp>2011-09-11T09:57:10Z</timestamp>
<contributor>
<username>ValJor</username>
<id>1358</id>
</contributor>
<comment>Retirando da [[Especial:Uncategorizedpages|página de verbetes sem categoria]]</comment>
<model>wikitext</model>
<format>text/x-wiki</format>
<text bytes="195" xml:space="preserve">={{-pt-}}=
==Forma de substantivo==
{{flex.pt|ms=vagalhão|mp=vagalhões}}
{{paroxítona|va|ga|lhão}}
# aumentativo de [[vaga]]
[[Categoria:Forma de substantivo (Português)]]
[[zh:vagalhão]]</text>
<sha1>mwgj1e2i09fkvheaxxrgdkd6kxfc2o2</sha1>
</revision>
