<page>
<title>vagante</title>
<ns>0</ns>
<id>330829</id>
<revision>
<id>2580623</id>
<parentid>2572302</parentid>
<timestamp>2020-03-05T21:25:17Z</timestamp>
<contributor>
<username>ValJor</username>
<id>1358</id>
</contributor>
<comment>Melhorando a apresentação do verbete</comment>
<model>wikitext</model>
<format>text/x-wiki</format>
<text bytes="1278" xml:space="preserve">={{-pt-}}=
==Adjetivo==
{{flex.pt|s=vagante|p=vagantes}}
{{paroxítona|va|gan|te}}
# que anda [[errante]]
# que não quer [[trabalhar]]
==Substantivo==
{{flex.pt|fs=vagante|fp=vagantes}}
{{paroxítona|va|gan|te}}, {{gramática|f}}
# [[tempo]] durante o qual uma função administrativa, fica sem executor
===Sinônimo===
* [[vacância]]
=={{etimologia|pt}}==
{{llietimo|la|vacante|pt}}
==Ligações externas==
* {{Aulete}}
* {{Michaelis}}
* {{DicioAberto}}
* {{DPLP}}
* {{Infopédia}}
* {{PLP}}
* {{VOLPABL}}
[[Categoria:Adjetivo (Português)]]
[[Categoria:Substantivo (Português)]]
={{-gl-}}=
==Adjetivo==
{{flex.gl|s=vagante|p=vagantes}}
{{paroxítona|va|gan|te|lang=gl}}
# [[vacante#Português|vacante]], [[errante]]
# que anda [[livre]]
# [[vacante#Português|vacante]], [[vago]]
# [[oco]], vazio
# que não tem [[titular]], a falar de cargos ou funções
==Substantivo==
{{flex.pt|fs=vagante|fp=vagantes}}
{{paroxítona|va|gan|te|lang=gl}}, {{gramática|f}}
# [[vagante#Português|vagante]], [[vacatura]]
# [[vale]] pequeno
# [[depressão]] num terreno ou superfície
# [[fosso]]
===Sinônimo===
: '''De 2, 3 e 4''':
* [[vaganta#Galego|vaganta]]
=={{etimologia|gl}}==
{{llietimo|la|vacante|gl}}
[[Categoria:Adjetivo (Galego)]]
[[Categoria:Substantivo (Galego)]]</text>
<sha1>5gttv0710k4rb6qdpy8v8tjfd8c3q1n</sha1>
</revision>
</page>
