<page>
<page>
<title>vagem</title>
<ns>0</ns>
<id>30980</id>
<revision>
<id>2621827</id>
<parentid>2053688</parentid>
<timestamp>2021-02-02T01:32:13Z</timestamp>
<contributor>
<username>MarxavBot</username>
<id>80155</id>
</contributor>
<minor />
<comment>AFI Portugal</comment>
<model>wikitext</model>
<format>text/x-wiki</format>
<text bytes="1161" xml:space="preserve">{{Wikipédia}}
={{-pt-}}=
==Substantivo==
{{flex.pt|fs=vagem|fp=vagens}}
{{paroxítona|va|gem}}, {{f}}
# [[fruto]] [[de|das]] [[leguminosa]]s
# [[feijão]] [[verde]]
===Tradução===
{{tradini|De 1 (fruto das leguminosas)}}
* {{trad|sq|bishtajë}}
* {{trad|de|Hülse|Schote}}
* {{trad|ar|السنفة}}
* {{trad|br|kog}}
* {{trad|kea|baxinha}}
* {{trad|cs|lusk}}
* {{trad|sk|struk}}
* {{trad|es|vaina|capullo}}
* {{trad|et|guŝo}}
* {{trad|fi|palko}}
* {{trad|fr|gousse|cosse}}
* {{trad|gl|vaíña}}
* {{trad|gu|ફળી}}
* {{trad|hi|फली}}
{{tradmeio}}
* {{trad|nl|peul}}
* {{trad|hu|hüvely}}
* {{trad|en|pod}}
* {{trad|it|baccello|buccia}}
* {{trad|ja|箘}}
* {{trad|la|siliqua}}
* {{trad|lv|pâksts}}
* {{trad|mr|शेंग}}
* {{trad|fa|سبوس}}
* {{trad|pl|strąk}}
* {{trad|ru|стручок}} ''m''
* {{trad|sa|बीजपुटं}}
* {{trad|sv|fröskida}}
{{tradfim}}
=={{etimologia|pt}}==
: Do latim ''vagina'' ([[bainha]])
=={{pronúncia|pt}}==
===Portugal===
* AFI: {{AFI|/ˈva.ʒɐ̃j̃/}}
[[Categoria:Substantivo (Português)]]
[[chr:vagem]]
[[de:vagem]]
[[el:vagem]]
[[en:vagem]]
[[eo:vagem]]
[[mg:vagem]]
[[ro:vagem]]
[[zh:vagem]]</text>
<sha1>7kpdscs42vmyqzqcduwrrya9ncxcfc5</sha1>
</revision>
