<page>
<title>vage</title>
<ns>0</ns>
<id>13520</id>
<revision>
<id>2181458</id>
<parentid>2143749</parentid>
<timestamp>2016-10-10T20:14:13Z</timestamp>
<contributor>
<username>JAnDbot</username>
<id>25083</id>
</contributor>
<minor />
<comment>Robô: A adicionar: [[sk:vage]]</comment>
<model>wikitext</model>
<format>text/x-wiki</format>
<text bytes="344" xml:space="preserve">={{-ia-}}=
==Substantivo==
'''va.ge''' {{m}}
# [[vago]].
[[Categoria:Substantivo (Interlíngua)]]
[[Categoria:Dissílabo (Interlíngua)]]
[[ca:vage]]
[[chr:vage]]
[[cs:vage]]
[[de:vage]]
[[en:vage]]
[[fi:vage]]
[[fr:vage]]
[[io:vage]]
[[ko:vage]]
[[ku:vage]]
[[mg:vage]]
[[nl:vage]]
[[pl:vage]]
[[ru:vage]]
[[sk:vage]]
[[sv:vage]]
[[zh:vage]]</text>
<sha1>s1oelsjfbgz70qa195a8h61bchrfhqt</sha1>
</revision>
</page>
