<page>
<title>vaginuterino</title>
<ns>0</ns>
<id>88950</id>
<revision>
<id>2040571</id>
<parentid>1607892</parentid>
<timestamp>2015-11-23T16:46:49Z</timestamp>
<contributor>
<username>Luan</username>
<id>1279</id>
</contributor>
<minor />
<comment>/* {{etimologia|pt}} */adição do idioma à [[predefinição:etimologia]] utilizando [[Project:AutoWikiBrowser|AWB]]</comment>
<model>wikitext</model>
<format>text/x-wiki</format>
<text bytes="377" xml:space="preserve">={{-pt-}}=
==Adjetivo==
{{flex.pt|ms=vaginuterino|mp=vaginuterinos|fs=vaginuterina|fp=vaginuterinas}}
'''va.gi.nu.te.&lt;u&gt;ri&lt;/u&gt;.no'''
# relativo à [[vagina]] e ao [[útero]]
=={{etimologia|pt}}==
: De [[vagin-]] + [[uterino]].
[[Categoria:Adjetivo (Português)]]
[[Categoria:Polissílabo (Português)]]
[[Categoria:Paroxítona (Português)]]
[[Categoria:Anatomia (Português)]]</text>
<sha1>si6jjl05lj1bcaoxd9dukvnvsfxj9nl</sha1>
</revision>
</page>
