<page>
<page>
<title>vaginas</title>
<ns>0</ns>
<id>181818</id>
<revision>
<id>1886212</id>
<parentid>1854944</parentid>
<timestamp>2015-01-13T00:54:22Z</timestamp>
<contributor>
<username>HydrizBot</username>
<id>29590</id>
</contributor>
<minor />
<comment>r2.7.3) (Robô: A adicionar: [[ca:vaginas]]</comment>
<model>wikitext</model>
<format>text/x-wiki</format>
<text bytes="399" xml:space="preserve">={{-pt-}}=
==Forma de substantivo==
{{paroxítona|va|gi|nas}}, {{f}}
# [[plural]] de [[vagina]]
{{avi-for-fle|vagina}}
[[Categoria:Forma de substantivo (Português)]]
[[ar:vaginas]]
[[ast:vaginas]]
[[ca:vaginas]]
[[cs:vaginas]]
[[en:vaginas]]
[[eo:vaginas]]
[[es:vaginas]]
[[fi:vaginas]]
[[fr:vaginas]]
[[ja:vaginas]]
[[my:vaginas]]
[[simple:vaginas]]
[[sk:vaginas]]
[[sv:vaginas]]
[[th:vaginas]]</text>
<sha1>q1mff28xip3xgyohiqd9baiq8rfpabt</sha1>
</revision>
