<page>
<title>vagina</title>
<ns>0</ns>
<id>6472</id>
<revision>
<id>2690875</id>
<parentid>2689770</parentid>
<timestamp>2022-10-27T21:11:20Z</timestamp>
<contributor>
<username>InternetArchiveBot</username>
<id>81604</id>
</contributor>
<comment>Rescuing 5 sources and tagging 0 as dead.) #IABot (v2.0.9.2</comment>
<model>wikitext</model>
<format>text/x-wiki</format>
<text bytes="40705" xml:space="preserve">{{Wikipédia|lang=pt}}
{{Wikipédia|lang=af}}
{{Wikipédia|lang=sq}}
{{Wikipédia|lang=bs}}
{{Wikipédia|lang=ca}}
{{Wikipédia|lang=sco}}
{{Wikipédia|lang=es}}
{{Wikipédia|lang=nl}}
{{Wikipédia|lang=id}}
{{Wikipédia|lang=simple}}
{{Wikipédia|lang=en}}
{{Wikipédia|lang=it}}
{{Wikipédia|lang=la}}
{{Wikipédia|lang=no}}
{{Wikipédia|lang=nn}}
{{Wikipédia|lang=oc}}
{{Wikipédia|lang=sh}}
{{Wikipédia|lang=uz}}
{{ver também|Vagina|vágina|vagína}}
[[Imagem:Scheme female reproductive system-pt.svg|thumb|right|250px|{{centro|Corte frontal do aparelho reprodutor feminino}}]]
={{-pt-}}=
==Substantivo==
{{flex.pt|fs=vagina|fp=vaginas}}
{{paroxítona|va|gi|na}}, {{gramática|f}}
# {{escopo|pt|Anatomia}} [[canal]] do [[órgão]] [[sexual]] [[feminino]] dos [[mamífero]]s, que se estende desde o [[colo]] do [[útero]] à [[vulva]] e cujas funções são [[receber]] o {{PEPB|inline=1|pénis|pênis}} durante o [[coito]] e dar saída ao [[feto]] no momento do [[parto]], assim como [[expulsar]] o [[conteúdo]] [[menstrual]]
# {{escopo|pt|Botânica}} [[membrana]] que envolve a base do [[pedúnculo]] de [[musgo]]s
===Expressões===
* '''[[vagina artificial]]''': objeto nos moldes de uma vagina real usada para obtenção de prazer sexual
===Tradução===
Vide traduções na seguinte página:
* [[vagina/traduções]]
===Verbetes derivados===
{{verTambém.Ini}}
* [[invaginação]]
* {{link preto|invaginado}}
* {{link preto|invaginante}}
* {{link preto|invaginar}}
* {{link preto|invaginável}}
* {{link preto|vagin-}}
* {{link preto|vaginabdominal}}
* {{link preto|vaginado}}
* [[vaginal]]
* {{link preto|vaginalectomia}}
* {{link preto|vaginalectómico}}/{{link preto|vaginalectômico}}
* {{link preto|vaginalite}}
* {{link preto|vaginante}}
* {{link preto|vaginária}}
* {{link preto|vaginectomia}}
* {{link preto|vaginectómico}}/{{link preto|vaginectômico}}
* {{link preto|vaginela}}
{{verTambém.NovaColuna}}
* {{link preto|vaginérveo}}
* {{link preto|vagínico}}
* {{link preto|vaginícola}}
* {{link preto|vaginicolíneo}}
* {{link preto|vaginífero}}
* {{link preto|vaginiforme}}
* {{link preto|vaginísmico}}
* {{link preto|vaginismo}}
* {{link preto|vaginista}}
* {{link preto|vaginite}}
* {{link preto|vaginoabdominal}}
* {{link preto|vaginocele}}
* {{link preto|vaginocélico}}
* {{link preto|vaginodinia}}
* {{link preto|vaginodínico}}
* {{link preto|vaginofixação}}
* {{link preto|vaginoide}}
{{verTambém.NovaColuna}}
* {{link preto|vaginolabial}}
* {{link preto|vaginomicose}}
* {{link preto|vaginomicósico}}
* {{link preto|vaginomicótico}}
* {{link preto|vaginopéctico}}
* {{link preto|vaginoperineorrafia}}
* {{link preto|vaginoperineorráfico}}
* {{link preto|vaginoperineotomia}}
* {{link preto|vaginoperineotómico}}/{{link preto|vaginoperineotômico}}
* {{link preto|vaginoperitoneal}}
* {{link preto|vaginopético}}
* {{link preto|vaginopexia}}
* {{link preto|vaginoplastia}}
* {{link preto|vaginoplástico}}
* {{link preto|vaginorragia}}
* {{link preto|vaginorrágico}}
{{verTambém.NovaColuna}}
* {{link preto|vaginorretal}}
* {{link preto|vaginoscopia}}
* {{link preto|vaginoscópico}}
* {{link preto|vaginoscópio}}
* {{link preto|vaginose}}
* {{link preto|vaginotomia}}
* {{link preto|vaginotómico}}/{{link preto|vaginotômico}}
* {{link preto|vaginouterino}}
* {{link preto|vaginovesical}}
* {{link preto|vaginovulvar}}
* {{link preto|vagínula}} (''[[diminutivo]]'')
* {{link preto|vaginulado}}
* {{link preto|vaginulídeo}}
* {{link preto|vaginulífero}}
* {{link preto|vaginuretral}}
* [[vaginuterino]]
{{verTambém.Fim}}
=={{etimologia|pt}}==
{{llietimo|la|vagina|pt|bainha}}
:* '''Datação''': [[w:1788]]
=={{pronúncia|pt}}==
===Brasil===
* [[AFI]]: {{AFI|/vɐ.'ʒi.nɐ/}}
* [[X-SAMPA]]: /v6.&quot;Zi.n6/
==Ver também==
===No Wikcionário===
{{verTambém.Ini}}
* {{link preto|coleo-}}
* {{l.o.|colp-|colp(o)-}}
* {{link preto|elitr-}}
{{verTambém.Fim}}
{{Sistema reprodutor/pt}}
===Na Wikipédia===
{{verTambém.Ini}}
* [[w:aparelho reprodutor feminino|aparelho reprodutor feminino]]
* [[w:mulher|mulher]]
{{verTambém.Fim}}
===No Wikimedia Commons===
{{verTambém.Ini}}
* [[commons:Category:Vagina|Categoria:Vagina]]
* [[commons:Vagina|Vagina]]
{{verTambém.Fim}}
==Ligações externas==
* {{Aulete}}
* {{Michaelis}}
* {{Dicio}}
* {{DicioAberto}}
* {{DLPO}}
* {{Infopédia}}
* {{PLP}}
* {{VOLPABL}}
[[Categoria:Substantivo (Português)]]
[[Categoria:Sexualidade (Português)]]
[[Categoria:Século XVIII (Português)]]
[[Categoria:Entrada com imagem (Português)]]
={{-af-}}=
==Substantivo==
'''va.gi.na'''
# {{escopo|af|anatomia}} [[#Substantivo|vagina]]:
#* ''Die '''vagina''' is geskik om die man se penis te ontvang tydens seksuele omgang.''
===Sinônimos===
* {{link preto|skede}}
=={{etimologia|af}}==
{{llietimo|la|vagina|af|bainha}}
==Ver também==
===No Wikcionário===
{{verTambém.Ini}}
* {{link preto|geslagsorgaan}}
* {{link preto|vrou}}
* [[vulva#{{af}}|vulva]]
{{verTambém.Fim}}
[[Categoria:Substantivo (Africâner)]]
[[Categoria:Trissílabo (Africâner)]]
[[Categoria:Anatomia (Africâner)]]
[[Categoria:Sexualidade (Africâner)]]
[[Categoria:Entrada com imagem (Africâner)]]
[[Categoria:Cognato (Africâner)]]
={{-sq-}}=
==Substantivo==
'''va.gi.na'''
# {{escopo|sq|anatomia}} [[#Substantivo|vagina]]
=={{etimologia|sq}}==
{{llietimo|la|vagina|sq|bainha}}
[[Categoria:Substantivo (Albanês)]]
[[Categoria:Sexualidade (Albanês)]]
[[Categoria:Entrada com imagem (Albanês)]]
[[Categoria:Cognato (Albanês)]]
={{-nds-nl-}}=
==Substantivo==
'''va.gi.na'''
# {{escopo|nds-nl|anatomia}} [[#Substantivo|vagina]]
=={{etimologia|nds-nl}}==
{{llietimo|la|vagina|nds-nl|bainha}}
==Ver também==
===No Wikcionário===
{{verTambém.Ini}}
* {{link preto|boarmouder|vls}}
* {{link preto|hoantje}}/[[penis#{{nds-nl}}|penis]]
* {{link preto|vraauw}}
{{verTambém.Fim}}
[[Categoria:Substantivo (Baixo Saxão Holandês)]]
[[Categoria:Trissílabo (Baixo Saxão Holandês)]]
[[Categoria:Anatomia (Baixo Saxão Holandês)]]
[[Categoria:Sexualidade (Baixo Saxão Holandês)]]
[[Categoria:Entrada com imagem (Baixo Saxão Holandês)]]
[[Categoria:Cognato (Baixo Saxão Holandês)]]
={{-bs-}}=
==Substantivo==
'''va.gi.na'''
# {{escopo|bs|anatomia}} [[#Substantivo|vagina]]
=={{etimologia|bs}}==
{{llietimo|la|vagina|bs|bainha}}
[[Categoria:Substantivo (Bósnio)]]
[[Categoria:Sexualidade (Bósnio)]]
[[Categoria:Entrada com imagem (Bósnio)]]
[[Categoria:Cognato (Bósnio)]]
={{-ca-}}=
==Substantivo==
{{flex.ca|fs=vagina|fp=vagines|fs-div=va.&lt;u&gt;gi&lt;/u&gt;.na|fp-div=va.&lt;u&gt;gi&lt;/u&gt;.nes}}
'''va.&lt;u&gt;gi&lt;/u&gt;.na''' {{gramática|f}}
# {{escopo|ca|anatomia}} [[#Substantivo|vagina]]:
#* ''La '''vagina''' és un òrgan molt musculós, ric en fibres de col·làgena, i relativament innervat, en comparació amb la vulva.'' &lt;small&gt;(A vagina é um órgão muito musculoso, rico em fibras de colágeno e relativamente cheio de nervos, em comparação com a vulva.)&lt;/small&gt;
===Verbetes derivados===
{{verTambém.Ini}}
* [[vaginal#{{ca}}|vaginal]]
{{verTambém.Fim}}
=={{etimologia|ca}}==
{{llietimo|la|vagina|ca|bainha}}
=={{pronúncia|ca}}==
===Barcelona===
* [[AFI]]: {{AFI|/bə.'ʒi.nə/}}
* [[X-SAMPA]]: /b@.&quot;Zi.n@/
===Palma de Maiorca===
* [[AFI]]: {{AFI|/və.'ʒi.nə/}}
* [[X-SAMPA]]: /v@.&quot;Zi.n@/
===Valência===
* [[AFI]]: {{AFI|/ba.'ʧi.na/}}
* [[X-SAMPA]]: /ba.&quot;tSi.na/
==Ver também==
===No Wikcionário===
{{verTambém.Ini}}
* [[dona#{{ca}}|dona]]
* [[penis#{{ca}}|penis]]
* {{link preto|úter|ca}}
{{verTambém.Fim}}
===Referências===
{{verTambém.Ini}}
* [http://dcvb.iec.cat/ Diccionari català-valencià-balear (IEC) (em catalão)] 
* [http://www.racv.es/diccionari/diccionario.html Diccionari Ortogràfic Valencià-Castellà, Castellà-Valencià (RACV) (em valenciano)] 
* [http://ec.grec.net/cgi-bin/AppDLC3.exe?APP=CERCADLC&amp;GECART={{urlencode:vagina}}{{#if:|{{#switch:{{{CE1}}}|à=%E0|è=%E8|é=%E9|í=%ED|ï=%EF|ò=%F2|ó=%F3|ú=%FA|ü=%FC|ç=%E7|·=%B7| =_|{{{CE1}}}}}}}{{#if:|{{{PAR2}}}}}{{#if:|{{#switch:{{{CE2}}}|  =_|à=%E0|è=%E8|é=%E9|í=%ED|ï=%EF|ò=%F2|ó=%F3|ú=%FA|ü=%FC|ç=%E7|·=%B7| =_|{{{CE2}}}}}}}{{#if:|{{{PAR3}}}}} ''vagina'' no Gran Dicionario de la Llengua Catalana (GREC) (em catalão)]
{{verTambém.Fim}}
[[Categoria:Substantivo (Catalão)]]
[[Categoria:Trissílabo (Catalão)]]
[[Categoria:Paroxítona (Catalão)]]
[[Categoria:Anatomia (Catalão)]]
[[Categoria:Sexualidade (Catalão)]]
[[Categoria:Entrada com imagem (Catalão)]]
[[Categoria:Cognato (Catalão)]]
[[Categoria:Substantivo (Valenciano)]]
[[Categoria:Trissílabo (Valenciano)]]
[[Categoria:Paroxítona (Valenciano)]]
[[Categoria:Anatomia (Valenciano)]]
[[Categoria:Sexualidade (Valenciano)]]
[[Categoria:Entrada com imagem (Valenciano)]]
[[Categoria:Cognato (Valenciano)]]
={{-cs-}}=
{{ver também|vagína}}
==Substantivo==
'''&lt;u&gt;va&lt;/u&gt;.gi.na''' {{gramática|f}}
# {{escopo|cs|anatomia}} [[#Substantivo|vagina]]:
#* ''Vyšetření '''vaginy''' neodhalilo žádné abnormality.'' &lt;small&gt;(O exame na vagina não detectou nenhuma anormalidade.)&lt;/small&gt;
===Declinação===
{{decl.cs.subst.fem.1|vagin}}
===Sinônimos===
* {{link preto|pochva}}
==={{-varort-}}===
* {{link preto|vagína}}
=={{etimologia|cs}}==
{{llietimo|la|vagina|cs|bainha}}
=={{pronúncia|cs}}==
* [[AFI]]: {{AFI|/'va.giː.na/}}
* [[X-SAMPA]]: /&quot;va.gi:.na/
==Ver também==
===No Wikcionário===
{{verTambém.Ini}}
* {{link preto|deviška kožica|sl}}/{{link preto|himen|sl}}
* {{link preto|maternica|sl}}
{{verTambém.NovaColuna|33}}
* [[penis#{{sl}}|penis]]
* {{link preto|ščegetavček|sl}}/{{link preto|himen|sl}}
{{verTambém.NovaColuna|33}}
* {{link preto|ženska|sl}}
* [[vulva#{{sl}}|vulva]]
{{verTambém.Fim}}
[[Categoria:Substantivo (Checo)]]
[[Categoria:Trissílabo (Checo)]]
[[Categoria:Proparoxítona (Checo)]]
[[Categoria:Anatomia (Checo)]]
[[Categoria:Sexualidade (Checo)]]
[[Categoria:Entrada com imagem (Checo)]]
[[Categoria:Cognato (Checo)]]
={{-co-}}=
==Substantivo==
{{flex.co|fs=vagina|fp=vagine|fs-div=va.&lt;u&gt;gi&lt;/u&gt;.na|fp-div=va.&lt;u&gt;gi&lt;/u&gt;.ne}}
'''va.&lt;u&gt;gi&lt;/u&gt;.na''' {{gramática|f}}
# {{escopo|co|anatomia}} [[#Substantivo|vagina]]
===Verbetes derivados===
{{verTambém.Ini}}
* {{link idioma|vaginale|co}}
{{verTambém.Fim}}
=={{etimologia|co}}==
{{llietimo|la|vagina|co|bainha}}
==Ver também==
===No Wikcionário===
{{verTambém.Ini}}
* [[donna]]
* [[vulva#{{co}}|vulva]]
{{verTambém.Fim}}
===Referências===
{{verTambém.Ini}}
* [http://adecec.net/infcor/ricerca.php?sc=4&amp;f=&amp;sf=4&amp;d=&amp;natura=1&amp;prununcia=1&amp;definizione=1&amp;etimulugia=1&amp;sinonimi=1&amp;derivadi=1&amp;indice=1&amp;c=vagina ''vagina'' no INFCOR (em corso)]
{{verTambém.Fim}}
[[Categoria:Substantivo (Corso)]]
[[Categoria:Trissílabo (Corso)]]
[[Categoria:Paroxítona (Corso)]]
[[Categoria:Anatomia (Corso)]]
[[Categoria:Sexualidade (Corso)]]
[[Categoria:Entrada com imagem (Corso)]]
[[Categoria:Cognato (Corso)]]
={{-da-}}=
==Substantivo==
'''va.gi.na''' {{gramática|gc}}, {{s/p}}
# {{escopo|da|anatomia}} [[#Substantivo|vagina]]
===Declinação===
{{decl.da.subst.com|num=s}}
===Sinônimos===
* {{link preto|skede|da}}
===Verbetes derivados===
{{verTambém.Ini}}
* [[vaginal#{{da}}|vaginal]]
{{verTambém.Fim}}
=={{etimologia|da}}==
{{llietimo|la|vagina|da|bainha}}
==Ver também==
===No Wikcionário===
{{verTambém.Ini}}
* {{link preto|jomfruhinde}}/[[hymen#{{da}}|hymen]]
* [[kvinde]]
{{verTambém.NovaColuna|50}}
* {{link preto|kønsorgan}}
* [[penis#{{da}}|penis]]
{{verTambém.Fim}}
===Referências===
{{verTambém.Ini}}
* [http://sproget.dk/lookup?SearchableText=vagina ''vagina'' no sproget.dk (em dinamarquês)]
{{verTambém.Fim}}
[[Categoria:Substantivo (Dinamarquês)]]
[[Categoria:Trissílabo (Dinamarquês)]]
[[Categoria:Anatomia (Dinamarquês)]]
[[Categoria:Sexualidade (Dinamarquês)]]
[[Categoria:Entrada com imagem (Dinamarquês)]]
[[Categoria:Cognato (Dinamarquês)]]
={{-sco-}}=
==Substantivo==
'''va.gi.na'''
# {{escopo|sco|anatomia}} [[#Substantivo|vagina]]
=={{etimologia|sco}}==
{{llietimo|la|vagina|sco|bainha}}
[[Categoria:Substantivo (Escocês)]]
[[Categoria:Sexualidade (Escocês)]]
[[Categoria:Entrada com imagem (Escocês)]]
[[Categoria:Cognato (Escocês)]]
={{-sl-}}=
==Substantivo==
'''va.&lt;u&gt;gi&lt;/u&gt;.na''' {{gramática|f}}
# {{escopo|sl|anatomia}} [[#Substantivo|vagina]]
===Sinônimos===
* {{link preto|nožnica|sl}}
=={{etimologia|sl}}==
{{llietimo|la|vagina|sl|bainha}}
==Ver também==
===No Wikcionário===
{{verTambém.Ini}}
* {{link preto|deviška kožica|sl}}/{{link preto|himen|sl}}
* {{link preto|maternica|sl}}
{{verTambém.NovaColuna|33}}
* [[penis#{{sl}}|penis]]
* {{link preto|ščegetavček|sl}}/{{link preto|himen|sl}}
{{verTambém.NovaColuna|33}}
* {{link preto|ženska|sl}}
* [[vulva#{{sl}}|vulva]]
{{verTambém.Fim}}
[[Categoria:Substantivo (Esloveno)]]
[[Categoria:Trissílabo (Esloveno)]]
[[Categoria:Paroxítona (Esloveno)]]
[[Categoria:Anatomia (Esloveno)]]
[[Categoria:Sexualidade (Esloveno)]]
[[Categoria:Entrada com imagem (Esloveno)]]
[[Categoria:Cognato (Esloveno)]]
={{-es-}}=
==Substantivo==
{{flex.es|fs=vagina|fp=vaginas|fs-div=va.&lt;u&gt;gi&lt;/u&gt;.na|fp-div=va.&lt;u&gt;gi&lt;/u&gt;.nas}}
'''va.&lt;u&gt;gi&lt;/u&gt;.na''' {{gramática|f}}
# {{escopo|es|anatomia}} [[#Substantivo|vagina]]:
#* ''La vulva y la '''vagina''' son parte fundamental en las relaciones sexuales y en el parto, y por su proximidad –en lenguaje coloquial–, tiende a confundirse a la primera, con el nombre de la segunda, lo que es un error conceptual.'' &lt;small&gt;(A vulva e a vagina são partes fundamentais nas relação sexual e no parto, e pela proximidade de ambos, há a tendência, na linguagem coloquial, de confundir-se a primeira com o nome da segunda, o que é um erro conceitual.)&lt;/small&gt;
===Sinônimos===
* {{link preto|colpos|es}}
===Verbetes derivados===
{{verTambém.Ini}}
* [[vaginal#{{es}}|vaginal]]
{{verTambém.Fim}}
=={{etimologia|es}}==
{{llietimo|la|vagina|es|bainha}}
=={{pronúncia|es}}==
* [[AFI]]: {{AFI|/βa.'xi.na/}}
* [[X-SAMPA]]: /Ba.&quot;xi.na/
==Ver também==
===No Wikcionário===
{{verTambém.Ini}}
* {{link preto|himen|es}}
* [[mujer#{{es}}|mujer]]
{{verTambém.NovaColuna|50}}
* [[pene#{{es}}|pene]]
* [[matriz#{{es}}|matriz]]/[[útero#{{es}}|útero]]
{{verTambém.Fim}}
===Referências===
{{verTambém.Ini}}
* {{DLE-RAE}}
{{verTambém.Fim}}
[[Categoria:Substantivo (Espanhol)]]
[[Categoria:Trissílabo (Espanhol)]]
[[Categoria:Anatomia (Espanhol)]]
[[Categoria:Sexualidade (Espanhol)]]
[[Categoria:Entrada com imagem (Espanhol)]]
[[Categoria:Cognato (Espanhol)]]
={{-eo-}}=
==Adjetivo==
'''va.&lt;u&gt;gi&lt;/u&gt;.na'''
# [[vaginal]], relativo a [[#Substantivo|vagina]]
===Declinação===
{{decl.eo.subst}}
=={{etimologia|eo}}==
{{etimo.eo|vagin|-a}}
=={{pronúncia|eo}}==
* [[AFI]]: {{AFI|/va.'gi.na/}}, {{AFI|/vɑ.'gi.nɑ/}}
* [[X-SAMPA]]: /va.&quot;gi.na/, /vA.&quot;gi.nA/
==Ver também==
===No Wikcionário===
{{verTambém.Ini}}
* {{link idioma|vagino|eo}}
{{verTambém.Fim}}
[[Categoria:Adjetivo (Esperanto)]]
[[Categoria:Trissílabo (Esperanto)]]
[[Categoria:Paroxítona (Esperanto)]]
={{-fi-}}=
==Substantivo==
'''va.gi.na'''
# {{escopo|fi|anatomia}} [[#Substantivo|vagina]]
===Declinação===
{{decl.fi.subst.13|vagin}}
===Sinônimos===
* {{link preto|emätin}}
===Verbetes derivados===
{{verTambém.Ini}}
* {{link preto|tekovagina}}
{{verTambém.Fim}}
=={{etimologia|fi}}==
{{llietimo|la|vagina|fi|bainha}}
==Ver também==
===No Wikcionário===
{{verTambém.Ini}}
* {{link preto|immenkalvo}}
* {{link preto|nainen}}
* {{link preto|siitin}}/[[penis#{{fi}}|penis]]
{{verTambém.Fim}}
===Referências===
{{verTambém.Ini}}
* [http://kaannos.com/haku-sanakirjasta-suomi-englanti-vagina.htm ''vagina'' no Kaannos.com (suomi-englanti) (em finlandês)]
* [http://www.sanakirja.org/search.php?q=vagina&amp;l=17&amp;l2=12 ''vagina'' no Sanakirja.org (em finlandês e inglês)]
{{verTambém.Fim}}
[[Categoria:Substantivo (Finlandês)]]
[[Categoria:Trissílabo (Finlandês)]]
[[Categoria:Anatomia (Finlandês)]]
[[Categoria:Sexualidade (Finlandês)]]
[[Categoria:Entrada com imagem (Finlandês)]]
[[Categoria:Cognato (Finlandês)]]
={{-vls-}}=
==Substantivo==
'''va.gi.na'''
# {{escopo|vls|anatomia}} [[#Substantivo|vagina]]
=={{etimologia|vls}}==
{{llietimo|la|vagina|vls|bainha}}
==Ver também==
===No Wikcionário===
{{verTambém.Ini}}
* {{link preto|baarmoeder|vls}}
* [[penis#{{vls}}|penis]]
* {{link preto|vrouwe}}/{{link preto|wuuf}}
{{verTambém.Fim}}
[[Categoria:Substantivo (Flamengo)]]
[[Categoria:Trissílabo (Flamengo)]]
[[Categoria:Anatomia (Flamengo)]]
[[Categoria:Sexualidade (Flamengo)]]
[[Categoria:Entrada com imagem (Flamengo)]]
[[Categoria:Cognato (Flamengo)]]
={{-nl-}}=
==Substantivo==
{{flex.nl|fs=vagina|fp=vagina's|d=vaginaatje|fs-div=&lt;u&gt;va&lt;/u&gt;.gi.na|fp-div=&lt;u&gt;va&lt;/u&gt;.gi.na's|d-div=va.gi.naat.je}}
'''&lt;u&gt;va&lt;/u&gt;.gi.na''' {{gramática|f}}
# {{escopo|nl|anatomia}} [[#Substantivo|vagina]]:
#* ''Tijdens een bevalling wordt de '''vagina''' opgerekt, zodat de baby er doorheen kan.'' &lt;small&gt;(Durante o parto, a vagina é aumentada de forma que o bebé possa passar por ela.)&lt;/small&gt;
===Sinônimos===
* {{link preto|gleuf|nl}}, {{link preto|kut|nl}}, {{link preto|schede|nl}}
===Verbetes derivados===
{{verTambém.Ini}}
* {{link preto|vaginaal}}
{{verTambém.Fim}}
=={{etimologia|nl}}==
{{llietimo|la|vagina|nl|bainha}}
=={{pronúncia|nl}}==
* [[AFI]]: {{AFI|/'fa.xi.na/}}
* [[X-SAMPA]]: /&quot;fa.xi.na/
: '''Áudio''': {{ouvir|Nl-vagina.ogg|&quot;vagina&quot;}}
==Ver também==
===No Wikcionário===
{{verTambém.Ini}}
* {{link preto|baarmoeder|nl}}
* {{link preto|maagdenvlies|nl}}/[[hymen#{{id}}|hymen]]
{{verTambém.NovaColuna|50}}
* [[penis#{{nl}}|penis]]/[[lid#{{nl}}|lid]]
* {{link preto|vrouw|nl}}
{{verTambém.Fim}}
===Referências===
{{verTambém.Ini}}
* [https://web.archive.org/web/20071208211856/http://www.muiswerk.nl/WRDNBOEK/LTR_V/W6910.HTM ''vagina'' no Muiswerk Woordenboek (em holandês)]
* [http://www.mijnwoordenboek.nl/vertalen.php?src=NL&amp;des=EN&amp;woord=vagina ''vagina'' no MWB (em holandês)]
{{verTambém.Fim}}
[[Categoria:Substantivo (Holandês)]]
[[Categoria:Trissílabo (Holandês)]]
[[Categoria:Proparoxítona (Holandês)]]
[[Categoria:Anatomia (Holandês)]]
[[Categoria:Sexualidade (Holandês)]]
[[Categoria:Entrada com áudio (Holandês)]]
[[Categoria:Entrada com imagem (Holandês)]]
[[Categoria:Cognato (Holandês)]]
={{-hu-}}=
==Substantivo==
'''va.gi.na'''
# {{escopo|hu|anatomia}} [[#Substantivo|vagina]]
===Sinônimos===
* {{link preto|hüvely}}
=={{etimologia|hu}}==
{{llietimo|la|vagina|hu|bainha}}
==Ver também==
===No Wikcionário===
{{verTambém.Ini}}
* {{link preto|hímvessző}}/{{link preto|pénisz}}
* {{link preto|nő}}/{{link preto|asszony}}
{{verTambém.Fim}}
===Referências===
{{verTambém.Ini}}
* [http://dict.sztaki.hu/dict_search.php?in_form=1&amp;L=HUN%3AENG%3AEngHunDict&amp;C=1&amp;E=1&amp;M=1&amp;O=ENG&amp;P=0&amp;T=1&amp;W=vagina ''vagina'' no Sztaki Szótár (em húngaro e inglês)]
{{verTambém.Fim}}
[[Categoria:Substantivo (Húngaro)]]
[[Categoria:Trissílabo (Húngaro)]]
[[Categoria:Anatomia (Húngaro)]]
[[Categoria:Sexualidade (Húngaro)]]
[[Categoria:Entrada com imagem (Húngaro)]]
[[Categoria:Cognato (Húngaro)]]
={{-io-}}=
==Adjetivo==
'''va.&lt;u&gt;gi&lt;/u&gt;.na'''
# [[vaginal]], relativo a [[#Substantivo|vagina]]
=={{etimologia|io}}==
{{etimo.io|vagin|-a}}
=={{pronúncia|io}}==
* [[AFI]]: {{AFI|/va.'gi.na/}}, {{AFI|/vɑ.'gi.nɑ/}}
* [[X-SAMPA]]: /va.&quot;gi.na/, /vA.&quot;gi.nA/
==Ver também==
===No Wikcionário===
{{verTambém.Ini}}
* {{link idioma|vagino|io}}
{{verTambém.Fim}}
[[Categoria:Adjetivo (Ido)]]
[[Categoria:Trissílabo (Ido)]]
[[Categoria:Paroxítona (Ido)]]
={{-id-}}=
==Adjetivo==
'''va.gi.na'''
# [[vaginal]], relativo a [[#Substantivo|vagina]]
==Substantivo==
'''va.gi.na'''
# {{escopo|id|anatomia}} [[#Substantivo|vagina]]
===Sinônimos===
* {{link preto|puki|id}}
===Verbetes derivados===
{{verTambém.Ini}}
* {{link preto|pervaginaan}}
{{verTambém.Fim}}
=={{etimologia|id}}==
{{llietimo|la|vagina|id|bainha}}
==Ver também==
===No Wikcionário===
{{verTambém.Ini}}
* [[penis#{{id}}|penis]]
* {{link preto|rahim}}/{{link preto|uterus|id}}
{{verTambém.NovaColuna|50}}
* {{link preto|selaput dara}}/[[hymen#{{id}}|hymen]]
* {{link preto|wanita}}
{{verTambém.Fim}}
===Referências===
{{verTambém.Ini}}
* [https://web.archive.org/web/20090805021214/http://pusatbahasa.diknas.go.id/kbbi/index.php Kamus Besar Bahasa Indonesia (em indonésio)]
* [https://web.archive.org/web/20090831105059/http://www.kamus.com/indmay-eng/vagina ''vagina'' no Kamus (em inglês)]
* [https://web.archive.org/web/20100128183324/http://kamus.orisinil.com/indonesia-english/vagina ''vagina'' no Kamus Orisinil (em inglês)]
{{verTambém.Fim}}
[[Categoria:Adjetivo (Indonésio)]]
[[Categoria:Substantivo (Indonésio)]]
[[Categoria:Trissílabo (Indonésio)]]
[[Categoria:Anatomia (Indonésio)]]
[[Categoria:Sexualidade (Indonésio)]]
[[Categoria:Entrada com imagem (Indonésio)]]
[[Categoria:Cognato (Indonésio)]]
={{-en-}}=
==Substantivo==
{{flex.en|s=vagina|p=vaginas|p2=vaginae|s-div=va.&lt;u&gt;gi&lt;/u&gt;.na|p-div=va.&lt;u&gt;gi&lt;/u&gt;.nas|p2-div=va.&lt;u&gt;gi&lt;/u&gt;.nae}}
'''va.&lt;u&gt;gi&lt;/u&gt;.na'''
# {{escopo|en|anatomia}} [[#Substantivo|vagina]]
# {{escopo|en|coloquial|anatomia}} [[vulva]]
# {{escopo|en|zoologia}} [[parte]] [[terminal]] do [[oviduto]], em alguns [[inseto]]s e [[invertebrado]]s
# {{escopo|en|botânica}} [[estrutura]] em [[formato]] de [[bainha]]
===Sinônimos===
* De '''2''': [[vulva#{{en}}|vulva]]
* De '''4''': {{link preto|sheath}}
===Expressões===
* '''[[artificial vagina]]''': vagina artificial
===Verbetes derivados===
{{verTambém.Ini}}
* {{link preto|invaginate|en}}
* [[vaginal#{{en}}|vaginal]]
{{verTambém.NovaColuna|33}}
* {{link preto|vaginate|en}}
* {{link preto|vaginectomy}}
{{verTambém.NovaColuna|33}}
* {{link preto|vaginismus}}
* {{link preto|vaginitis}}
{{verTambém.Fim}}
=={{etimologia|en}}==
{{llietimo|la|vagina|en|bainha}}
:* '''Datação''': [[w:1682|1682]]
=={{pronúncia|en}}==
* [[AFI]]: {{AFI|/və.ˈʤaɪ.nə/}}
* [[AHD]]: vəjīʹnə
* [[X-SAMPA]]: /v@.&quot;dZaI.n@/
: '''Áudio''': {{ouvir|En-us-vagina.ogg|&quot;vagina&quot; (Estados Unidos)}}
==Ver também==
===No Wikcionário===
{{verTambém.Ini}}
* {{link preto|birth}}
* {{link preto|clitoris|en}}
{{verTambém.NovaColuna|25}}
* {{link preto|G-spot}}
* [[hymen#{{en}}|hymen]]
{{verTambém.NovaColuna|25}}
* {{link preto|labia|en}}
* [[penis#{{en}}|penis]]
{{verTambém.NovaColuna|25}}
* {{link preto|uterus|en}}/{{link preto|womb|en}}
* [[woman]]
{{verTambém.Fim}}
==Ligações externas==
* {{CALD}}
* {{COED}}
* {{MDI}}
* {{MWOD}}
* {{OED}}
* {{Oxford}}
[[Categoria:Substantivo (Inglês)]]
[[Categoria:Trissílabo (Inglês)]]
[[Categoria:Paroxítona (Inglês)]]
[[Categoria:Anatomia (Inglês)]]
[[Categoria:Botânica (Inglês)]]
[[Categoria:Coloquialismo (Inglês)]]
[[Categoria:Sexualidade (Inglês)]]
[[Categoria:Zoologia (Inglês)]]
[[Categoria:Século XVII (Inglês)]]
[[Categoria:Entrada com áudio (Inglês)]]
[[Categoria:Entrada com imagem (Inglês)]]
[[Categoria:Cognato (Inglês)]]
={{-ia-}}=
==Substantivo==
{{flex.ia|s=vagina|p=vaginas|s-div=va.&lt;u&gt;gi&lt;/u&gt;.na|p-div=va.&lt;u&gt;gi&lt;/u&gt;.nas}}
'''va.&lt;u&gt;gi&lt;/u&gt;.na'''
# [[bainha]], [[estojo]]
# {{escopo|ia|anatomia}} [[#Substantivo|vagina]]
===Verbetes derivados===
{{verTambém.Ini}}
* {{link preto|evaginar|ia}}
* {{link preto|invaginar|ia}}
{{verTambém.NovaColuna|33}}
* {{link preto|vaginismo|ia}}
* {{link preto|vaginitis|ia}}
{{verTambém.NovaColuna|33}}
* {{link preto|vaginula|ia}}
* [[vaginal#{{ia}}|vaginal]]
{{verTambém.Fim}}
=={{etimologia|ia}}==
{{llietimo|la|vagina|ia|bainha}}
=={{pronúncia|ia}}==
* [[AFI]]: {{AFI|/va.'ʒi.na/}}
* [[X-SAMPA]]: /va.&quot;Zi.na/
==Ver também==
===No Wikcionário===
{{verTambém.Ini}}
* [[femina#{{ia}}|femina]]
* {{link preto|utero|ia}}
* [[vulva#{{ia}}|vulva]]
{{verTambém.Fim}}
===Referências===
{{verTambém.Ini}}
* [http://www.interlingua.com/an/ceid-englishv Concise English-Interlingua Dictionary (em interlíngua)]
* [http://www.interlingua.com/ied/cerca?edit%5Bkeys%5D=vagina ''vagina'' no Interlingua-English Dictionary (UMI) (em interlíngua)]
{{verTambém.Fim}}
[[Categoria:Substantivo (Interlíngua)]]
[[Categoria:Trissílabo (Interlíngua)]]
[[Categoria:Anatomia (Interlíngua)]]
[[Categoria:Sexualidade (Interlíngua)]]
[[Categoria:Entrada com imagem (Interlíngua)]]
[[Categoria:Cognato (Interlíngua)]]
={{-it-}}=
==Substantivo==
{{flex.it|fs=vagina|fp=vagine|fs-div=va.&lt;u&gt;gi&lt;/u&gt;.na|fp-div=va.&lt;u&gt;gi&lt;/u&gt;.ne}}
'''va.&lt;u&gt;gi&lt;/u&gt;.na''' {{gramática|f}}
# {{escopo|it|anatomia}} [[#Substantivo|vagina]]:
#* ''La '''vagina''' è auto-detergente e pertanto di norma non ha bisogno di speciali trattamenti di sorta.'' &lt;small&gt;(A vagina é autolimpante e, portanto, geralmente não necessita de tratamentos especiais de qualquer tipo.)&lt;/small&gt;
# {{escopo|it|coloquial|anatomia}} [[vulva]]
# {{escopo|it|poético}} [[bainha]], [[estojo]] (de [[faca]] ou [[espada]])
===Sinônimos===
* De '''2''': [[vulva#{{it}}|vulva]]
* De '''3''': {{link preto|fodero|it}}, {{link preto|guaina|it}}
===Verbetes derivados===
{{verTambém.Ini}}
* {{link preto|invaginare|it}}
* {{link idioma|vaginale|it}}
{{verTambém.NovaColuna|33}}
* {{link preto|vaginalite|it}}
* {{link preto|vaginato|it}}
{{verTambém.NovaColuna|33}}
* {{link preto|vaginismo|it}}
* {{link preto|vaginite|it}}
{{verTambém.Fim}}
=={{etimologia|it}}==
{{llietimo|la|vagina|it|bainha}}
=={{pronúncia|it}}==
* [[AFI]]: {{AFI|/va.'ʤi.na/}}
* [[X-SAMPA]]: /va.&quot;dZi.na/
==Ver também==
===No Wikcionário===
{{verTambém.Ini}}
* {{link preto|clitoride|it}}
* [[donna#{{it}}|donna]]
{{verTambém.NovaColuna|33}}
* {{link preto|imene|it}}
* [[pene#{{it}}|pene]]
{{verTambém.NovaColuna|33}}
* {{link preto|utero|it}}
{{verTambém.Fim}}
===Referências===
{{verTambém.Ini}}
* [http://dizionari.hoepli.it/cerca.aspx?idD=1&amp;query=vagina ''vagina'' no Dizionario Italiano (HOEPLI) (em italiano)]
* [http://www.oxfordparavia.it/cerca.php?cerca_lemma=vagina ''vagina'' no Dizionario Oxford-Paravia Concise Online (em inglês e italiano)]
{{verTambém.Fim}}
[[Categoria:Substantivo (Italiano)]]
[[Categoria:Trissílabo (Italiano)]]
[[Categoria:Paroxítona (Italiano)]]
[[Categoria:Anatomia (Italiano)]]
[[Categoria:Coloquialismo (Italiano)]]
[[Categoria:Poético (Italiano)]]
[[Categoria:Sexualidade (Italiano)]]
[[Categoria:Entrada com imagem (Italiano)]]
[[Categoria:Cognato (Italiano)]]
={{-ja-}}=
==Transliteração==
'''vagina'''
# transliteração de [[ヴァギナ]]
[[Categoria:Transliteração (Japonês)]]
={{-jv-}}=
==Substantivo==
'''va.gi.na'''
# {{escopo|jv|anatomia}} [[#Substantivo|vagina]]
===Sinônimos===
* {{link preto|puki|jv}}
=={{etimologia|jv}}==
{{llietimo|la|vagina|jv|bainha}}
==Ver também==
===No Wikcionário===
{{verTambém.Ini}}
* {{link preto|rahim|jv}}
* {{link preto|wanita|jv}}
{{verTambém.Fim}}
[[Categoria:Substantivo (Javanês)]]
[[Categoria:Trissílabo (Javanês)]]
[[Categoria:Anatomia (Javanês)]]
[[Categoria:Sexualidade (Javanês)]]
[[Categoria:Entrada com imagem (Javanês)]]
[[Categoria:Cognato (Javanês)]]
={{-la-}}=
==Substantivo==
'''vā.gī.na''' {{gramática|f}}
# [[bainha]], [[estojo]] (de [[faca]] ou [[espada]]):
#* ''Mitte gladium in '''vaginam'''.'' &lt;small&gt;(Ponha a espada na bainha.)&lt;/small&gt;
# estojo, [[capa]], proteção
# {{escopo|la|agricultura}} [[casca]] de [[grão]]
# {{escopo|la|anatomia}} [[#Substantivo|vagina]]
===Declinação===
{{decl.la.subst.1d|vagin|vāgīn}}
===Expressões===
* '''[[vagina dentata]]''': {{escopo2|Mitologia}} mito, presente em diversas culturas, que trata de mulheres ou deusas que possuem dentes na vagina, de modo a castrar aquele que tentar manter relações sexuais com ela (lit.: &quot;vagina com dentes&quot;)
==={{-varort-}}===
* {{link preto|uagina}}
===Verbetes derivados===
{{verTambém.Ini}}
* {{link preto|evagino|la}}
* {{link preto|vaginula|la}}
{{verTambém.Fim}}
==Forma de substantivo==
'''vā.gī.nā''' {{gramática|f}}
# [[ablativo]] [[singular]] de '''''vagina'''''
=={{etimologia|la}}==
: Derivado de {{etimo|la|vas}} (&quot;[[vaso]]&quot;).
===Descendentes===
{{tradini|Termos descendentes de ''vagina''}}
* {{trad|af|vagina}}
* {{trad|gsw|Vagina}}
* {{trad|de|Vagina}}
* {{trad|ast|vaxina}}
* {{trad|nds|Vagina}}
* {{trad|nds-nl|vagina}}
* {{trad|eu|bagina}}
* {{trad-|bg|вагіна|(vagina)}} 
* {{trad|bs|vagina}}
* {{trad|ca|vagina}}
* {{trad|cs|vagina|vagína}}
* {{trad|co|vagina}}
* {{trad|hr|vagina}}
* {{trad|ku|ڤاژینا|vajîna}}
* {{trad|nb|vagina}}
* {{trad|da|vagina}}
* {{trad|sk|vagína}}
* {{trad|sl|vagina}}
* {{trad|es|vagina|vaina}}
* {{trad|eo|vagino}}
* {{trad|et|vagiina}}
* {{trad|fi|vagina}}
* {{trad|vls|vagina}}
* {{trad|fr|gaine|vagin}}
* {{trad|fy|fagina}}
* {{trad|fur|vagine}}
* {{trad|gd|faighean}}
* {{trad|gl|vaxina}}
* {{trad-|ka|ვაგინა|(vagina)}}
* {{trad|nl|vagina}}
{{tradmeio}}
* {{trad|hu|vagina}}
* {{trad|io|vagino}}
* {{trad|id|vagina}}
* {{trad-|yi|וואַגינע|(vagine)}}
* {{trad|en|vagina}}
* {{trad|ia|vagina}}
* {{trad|ie|vágine}}
* {{trad|ga|faighin}}
* {{trad|it|vagina}}
* {{trad|jv|vagina}}
* {{trad|la|vagina}}
* {{trad|lne|vaxina}}
* {{trad|li|vagina}}
* {{trad|lfn|vajina}}
* {{trad-|mk|вагина|(vagína)}}
* {{trad|ms|vagina}}
* {{trad|mt|vagina}}
* {{trad|nov|vagine}}
* {{trad|nn|vagina}}
* {{trad|oc|vagina}}
* {{trad|pap|vágina}}
* {{trad|rm|vagina}}
* {{trad|ro|vagin}}
* {{trad-|ru|вагина|(vagína)}}
* {{trad|sr|вагина|vagina}}
* {{trad|scn|vaggina}}
* {{trad|hsb|wagina}}
* {{trad|dsb|wagina}}
* {{trad|sv|vagina}}
* {{trad|tr|vajina|vagina}}
{{tradfim}}
=={{pronúncia|la}}==
* '''Forma de substantivo''':
** [[AFI]]: {{AFI|/waːˈgiː.naː/}}
** [[X-SAMPA]]: /wa:.&quot;gi:.na:/
* '''Substantivo''':
* [[AFI]]: {{AFI|//}}
* [[X-SAMPA]]: //
** [[AFI]]: {{AFI|/waːˈgiː.na/}}
** [[X-SAMPA]]: /wa:.&quot;gi:.na/
==Ver também==
===No Wikcionário===
{{verTambém.Ini}}
* {{link preto|genitalia|la}}
* [[mulier#{{la}}|mulier]]
* [[penis#{{la}}|penis]]
{{verTambém.Fim}}
===Referências===
{{verTambém.Ini}}
* [http://www.bible-history.com/latin/latin_f.html Glossary of Latin Words (em inglês)]
* [http://www.latin-dictionary.org/JM-Latin-English-Dictionary/vagina ''vagina'' no JM Latin-English Dictionary (Latin-dictionary.org) (em inglês)]
* [http://www.latin-dictionary.net/q/latin/vagina.html ''vagina'' no LATDict (em inglês)]
{{verTambém.Fim}}
[[Categoria:Forma de substantivo (Latim)]]
[[Categoria:Substantivo (Latim)]]
[[Categoria:Trissílabo (Latim)]]
[[Categoria:Paroxítona (Latim)]]
[[Categoria:Agricultura (Latim)]]
[[Categoria:Anatomia (Latim)]]
[[Categoria:Sexualidade (Latim)]]
[[Categoria:Entrada com imagem (Latim)]]
={{-li-}}=
==Substantivo==
'''va.gi.na'''
# {{escopo|li|anatomia}} [[#Substantivo|vagina]]
=={{etimologia|li}}==
{{llietimo|la|vagina|li|bainha}}
==Ver também==
===No Wikcionário===
{{verTambém.Ini}}
* [[penis#{{li}}|penis]]
{{verTambém.Fim}}
[[Categoria:Substantivo (Limburguês)]]
[[Categoria:Trissílabo (Limburguês)]]
[[Categoria:Anatomia (Limburguês)]]
[[Categoria:Sexualidade (Limburguês)]]
[[Categoria:Entrada com imagem (Limburguês)]]
[[Categoria:Cognato (Limburguês)]]
={{-ms-}}=
==Substantivo==
'''va.gi.na'''
# {{escopo|ms|anatomia}} [[#Substantivo|vagina]]
===Sinônimos===
* {{link preto|faraj|ms}}
===Verbetes derivados===
{{verTambém.Ini}}
* {{link preto|pervaginaan}}
{{verTambém.Fim}}
=={{etimologia|ms}}==
{{llietimo|la|vagina|ms|bainha}}
==Ver também==
===No Wikcionário===
{{verTambém.Ini}}
* {{link preto|kelentit|ms}}
* {{link preto|rahim|ms}}/{{link preto|uterus|ms}}
{{verTambém.NovaColuna|50}}
* {{link preto|zakar|ms}}/[[penis#{{ms}}|penis]]
* [[perempuan]]
{{verTambém.Fim}}
===Referências===
{{verTambém.Ini}}
* [http://www.karyanet.com.my/knetbeta/index.php?tpf=kamus_Dewan&amp;kata_utama=vagina ''vagina'' no Kamus Dewan (Karyanet) (em malaio)]
{{verTambém.Fim}}
[[Categoria:Substantivo (Malaio)]]
[[Categoria:Trissílabo (Malaio)]]
[[Categoria:Anatomia (Malaio)]]
[[Categoria:Sexualidade (Malaio)]]
[[Categoria:Entrada com imagem (Malaio)]]
[[Categoria:Cognato (Malaio)]]
={{-mt-}}=
==Substantivo==
'''va.&lt;u&gt;gi&lt;/u&gt;.na''' {{gramática|f}}
# {{escopo|mt|anatomia}} [[#Substantivo|vagina]]
===Sinônimos===
* {{link preto|il-parti}}
=={{etimologia|mt}}==
{{llietimo|la|vagina|mt|bainha}}
=={{pronúncia|mt}}==
* [[AFI]]: {{AFI|/va.'ʤi.na/}}
* [[X-SAMPA]]: /va.&quot;dZi.na/
==Ver também==
===No Wikcionário===
{{verTambém.Ini}}
* {{link preto|guf|mt}}/{{link preto|utru|mt}}
* [[mara#{{mt}}|mara]]
{{verTambém.Fim}}
===Referências===
{{verTambém.Ini}}
* [https://web.archive.org/web/20090208152945/http://aboutmalta.com/language/engmal.htm Basic English-Maltese Dictionary (em inglês)]
{{verTambém.Fim}}
[[Categoria:Substantivo (Maltês)]]
[[Categoria:Trissílabo (Maltês)]]
[[Categoria:Paroxítona (Maltês)]]
[[Categoria:Anatomia (Maltês)]]
[[Categoria:Sexualidade (Maltês)]]
[[Categoria:Entrada com imagem (Maltês)]]
[[Categoria:Cognato (Maltês)]]
={{-no-}}=
==Substantivo==
'''va.gi.na''' {{gramática|m}}
# {{escopo|no|anatomia}} [[#Substantivo|vagina]]:
#* ''G-punktet er et punkt som ligger ca 5 cm inni kvinnens '''vagina'''.'' &lt;small&gt;(O ponto G é um ponto localizado a cerca de 5 centímetros dentro da vagina da mulher.)&lt;/small&gt;
===Declinação===
{{decl.no.subst.masc.1}}
===Sinônimos===
* {{link preto|skjede|no}}, {{link preto|slir|no}}
===Expressões===
* '''[[kunstig vagina]]''': vagina artificial
===Verbetes derivados===
{{verTambém.Ini}}
* [[vaginal#{{no}}|vaginal]]
* {{link preto|vaginektomi|no}}
* {{link preto|vaginisme|no}}
{{verTambém.Fim}}
=={{etimologia|no}}==
{{llietimo|la|vagina|no|bainha}}
==Ver também==
===No Wikcionário===
{{verTambém.Ini}}
* {{link preto|jomfruhinnen|no}}/[[hymen#{{no}}|hymen]]
* {{link preto|livmor|no}}/{{link preto|uterus|no}}
{{verTambém.NovaColuna|50}}
* [[penis#{{no}}|penis]]
* [[vulva#{{no}}|vulva]]
{{verTambém.Fim}}
===Referências===
{{verTambém.Ini}}
* [http://www.dokpro.uio.no/perl/ordboksoek/ordbok.cgi?OPP=vagina ''vagina'' no Norske ordbøker (em norueguês)]
* [http://www.ordnett.no/ordbok.html?publications=20&amp;publications=23&amp;publications=33&amp;publications=36&amp;search=vagina ''vagina'' no The Ordnett Dictionary (em norueguês)]
{{verTambém.Fim}}
[[Categoria:Substantivo (Norueguês)]]
[[Categoria:Trissílabo (Norueguês)]]
[[Categoria:Anatomia (Norueguês)]]
[[Categoria:Sexualidade (Norueguês)]]
[[Categoria:Entrada com imagem (Norueguês)]]
[[Categoria:Cognato (Norueguês)]]
={{-nn-}}=
==Substantivo==
'''va.gi.na'''
# {{escopo|nn|anatomia}} [[#Substantivo|vagina]]
=={{etimologia|nn}}==
{{llietimo|la|vagina|nn|bainha}}
[[Categoria:Substantivo (Novo Norueguês)]]
[[Categoria:Trissílabo (Novo Norueguês)]]
[[Categoria:Anatomia (Novo Norueguês)]]
[[Categoria:Sexualidade (Novo Norueguês)]]
[[Categoria:Entrada com imagem (Novo Norueguês)]]
[[Categoria:Cognato (Novo Norueguês)]]
={{-oc-}}=
==Substantivo==
{{flex.oc|fs=vagina|fp=vaginas|fs-div=va.&lt;u&gt;gi&lt;/u&gt;.na|fp-div=va.&lt;u&gt;gi&lt;/u&gt;.nas}}
'''va.&lt;u&gt;gi&lt;/u&gt;.na''' {{gramática|f}}
# {{escopo|oc|anatomia}} [[#Substantivo|vagina]]
=={{etimologia|oc}}==
{{llietimo|la|vagina|oc|bainha}}
==Ver também==
===No Wikcionário===
{{verTambém.Ini}}
* {{link preto|penís}}
* {{link preto|utèr|oc}}
* [[vulva#{{oc}}|vulva]]
{{verTambém.Fim}}
[[Categoria:Substantivo (Occitano)]]
[[Categoria:Trissílabo (Occitano)]]
[[Categoria:Paroxítona (Occitano)]]
[[Categoria:Anatomia (Occitano)]]
[[Categoria:Sexualidade (Occitano)]]
[[Categoria:Entrada com imagem (Occitano)]]
[[Categoria:Cognato (Occitano)]]
={{-rm-}}=
==Substantivo==
{{flex.rm|fs=vagina|fp=vaginas|fs-div=va.&lt;u&gt;gi&lt;/u&gt;.na|fp-div=va.&lt;u&gt;gi&lt;/u&gt;.nas}}
'''va.&lt;u&gt;gi&lt;/u&gt;.na''' {{gramática|f}}
# {{escopo|rm|anatomia}} [[#Substantivo|vagina]]
===Verbetes derivados===
{{verTambém.Ini}}
* [[vaginal#{{rm}}|vaginal]]
{{verTambém.Fim}}
=={{etimologia|rm}}==
{{llietimo|la|vagina|rm|bainha}}
==Ver também==
===No Wikcionário===
{{verTambém.Ini}}
* {{link preto|dunna|rm}}
* [[penis#{{rm}}|penis]]
* [[vulva#{{rm}}|vulva]]
{{verTambém.Fim}}
===Referências===
{{verTambém.Ini}}
* [http://www.pledarigrond.ch/simpel.php Pledari Grond online (em alemão e romanche)]
{{verTambém.Fim}}
[[Categoria:Substantivo (Romanche)]]
[[Categoria:Trissílabo (Romanche)]]
[[Categoria:Anatomia (Romanche)]]
[[Categoria:Sexualidade (Romanche)]]
[[Categoria:Entrada com imagem (Romanche)]]
[[Categoria:Cognato (Romanche)]]
={{-sh-}}=
==Substantivo==
'''va.gi.na''' {{gramática|f}}
# {{escopo|sh|anatomia}} [[#Substantivo|vagina]]
===Expressões===
* '''[[umjetna vagina]]''': vagina artificial
==={{-varort-}}===
* '''[[alfabeto cirílico|Alfabeto cirílico]]''': {{escopo2|sérvio}} {{link preto|вагина|sr}}
===Sinônimos===
* {{link preto|rodnica|sh}}/{{link preto|родница|sh}}
===Verbetes derivados===
{{verTambém.Ini}}
* {{link preto|vaginalni|sh}}//{{link preto|вагинални|sh}}
{{verTambém.Fim}}
=={{etimologia|sh}}==
{{llietimo|la|vagina|sh|bainha}}
==Ver também==
===No Wikcionário===
{{verTambém.Ini}}
* {{link preto|himen|sh}}/{{link preto|химен|sh}}
* [[penis#{{sh}}|penis]]/{{link preto|пенис|sh}}
{{verTambém.NovaColuna|50}}
* {{link preto|stidnica|sh}}/{{link preto|стидница|sh}}
* [[žena#{{sh}}|žena]]/[[жена#{{sh}}|жена]]
{{verTambém.Fim}}
===Referências===
{{verTambém.Ini}}
* [https://web.archive.org/web/20151016154625/http://engleskirjecnik.com/vagina ''vagina'' no Engleski rječnik (em servo-croata e inglês)]
* [http://dict.susjed.com/index.php?lang=en_hr&amp;word=vagina ''vagina'' no Hrvatski-Engleski Rječnik (Dict.Susjed.com) (em croata)]
* [http://www.krstarica.com/dictionary/index.php?u=vagina ''vagina'' no Internet Cruiser Dictionary - Serbian-English (em inglês)]
{{verTambém.Fim}}
[[Categoria:Substantivo (Croata)]]
[[Categoria:Trissílabo (Croata)]]
[[Categoria:Anatomia (Croata)]]
[[Categoria:Sexualidade (Croata)]]
[[Categoria:Entrada com imagem (Croata)]]
[[Categoria:Cognato (Croata)]]
[[Categoria:Substantivo (Sérvio)]]
[[Categoria:Trissílabo (Sérvio)]]
[[Categoria:Anatomia (Sérvio)]]
[[Categoria:Sexualidade (Sérvio)]]
[[Categoria:Entrada com imagem (Sérvio)]]
[[Categoria:Cognato (Sérvio)]]
[[Categoria:Substantivo (Servocroata)]]
[[Categoria:Trissílabo (Servocroata)]]
[[Categoria:Anatomia (Servocroata)]]
[[Categoria:Sexualidade (Servocroata)]]
[[Categoria:Entrada com imagem (Servocroata)]]
[[Categoria:Cognato (Servocroata)]]
={{-sv-}}=
==Substantivo==
'''va.&lt;u&gt;gi&lt;/u&gt;.na''' {{gramática|gc}}
# {{escopo|sv|anatomia}} [[#Substantivo|vagina]]
===Declinação===
{{decl.sv.subst.1|vagin}}
===Sinônimos===
* {{link preto|slida|sv}}
===Verbetes derivados===
{{verTambém.Ini}}
* {{link preto|lösvagina}}
* [[vaginal#{{sv}}|vaginal]]
{{verTambém.Fim}}
=={{etimologia|sv}}==
{{llietimo|la|vagina|sv|bainha}}
=={{pronúncia|sv}}==
* [[AFI]]: {{AFI|/va.'ɖiː.na/}}
* [[X-SAMPA]]: /va.&quot;d`i.na/
==Ver também==
===No Wikcionário===
{{verTambém.Ini}}
* {{link preto|könsorgan|sv}}
* [[kvinna]]
{{verTambém.NovaColuna|33}}
* {{link preto|livmoder}}
* [[penis#{{sv}}|penis]]
{{verTambém.NovaColuna|33}}
* {{link preto|vaginism|sv}}
* [[vulva#{{sv}}|vulva]]
{{verTambém.Fim}}
===Referências===
{{verTambém.Ini}}
* [http://lexin.nada.kth.se/sve-sve.html Svenska ord (Lexin) (em sueco)] 
{{verTambém.Fim}}
[[Categoria:Substantivo (Sueco)]]
[[Categoria:Trissílabo (Sueco)]]
[[Categoria:Anatomia (Sueco)]]
[[Categoria:Sexualidade (Sueco)]]
[[Categoria:Entrada com imagem (Sueco)]]
[[Categoria:Cognato (Sueco)]]
={{-tr-}}=
==Substantivo==
'''va.gi.na'''
# {{escopo|tr|anatomia}} [[#Substantivo|vagina]]
===Sinônimos===
* {{link preto|vajen|tr}}
==={{-varort-}}===
* [[vajina#{{tr}}|vajina]]
=={{etimologia|tr}}==
{{llietimo|la|vagina|tr|bainha}}
==Ver também==
===No Wikcionário===
{{verTambém.Ini}}
* [[kadın]]
* {{link preto|kızlık zarı}}/{{link preto|himen|tr}}
{{verTambém.NovaColuna|33}}
* [[penis#{{tr}}|penis]]
* {{link preto|rahim|tr}}/{{link preto|dölyatağı}}
{{verTambém.NovaColuna|33}}
* {{link preto|vajinismus}}
* {{link preto|vajinit}}
{{verTambém.Fim}}
===Referências===
{{verTambém.Ini}}
* [http://www.tureng.com/search/vagina ''vagina'' no Tureng Sözlük (em inglês e turco)]
{{verTambém.Fim}}
[[Categoria:Substantivo (Turco)]]
[[Categoria:Trissílabo (Turco)]]
[[Categoria:Anatomia (Turco)]]
[[Categoria:Sexualidade (Turco)]]
[[Categoria:Entrada com imagem (Turco)]]
[[Categoria:Cognato (Turco)]]
={{-uz-}}=
==Substantivo==
'''va.gi.na'''
# {{escopo|uz|anatomia}} [[#Substantivo|vagina]]
=={{etimologia|uz}}==
{{llietimo|la|vagina|uz|bainha}}
[[Categoria:Substantivo (Uzbeque)]]
[[Categoria:Sexualidade (Uzbeque)]]
[[Categoria:Entrada com imagem (Uzbeque)]]
[[Categoria:Cognato (Uzbeque)]]</text>
<sha1>ezlkq2fps2i5s4lgh0ecoquc4dumqdo</sha1>
</revision>
</page>
