<page>
<title>vagir</title>
<ns>0</ns>
<id>94341</id>
<revision>
<id>2139638</id>
<parentid>2040570</parentid>
<timestamp>2016-06-11T08:25:02Z</timestamp>
<contributor>
<username>UT-interwiki-Bot</username>
<id>56129</id>
</contributor>
<minor />
<comment>Robô: A adicionar: [[sr:vagir]]</comment>
<model>wikitext</model>
<format>text/x-wiki</format>
<text bytes="749" xml:space="preserve">={{-pt-}}=
==Verbo==
'''va.&lt;u&gt;gir&lt;/u&gt;'''
# [[gemer]], [[chorar]]
===Tradução===
{{tradini}}
* {{trad|fr|vagir}}
{{tradmeio}}
* {{trad|io|vajisar}}
{{tradfim}}
===Conjugação===
{{conj.pt.gir|va}}
=={{etimologia|pt}}==
: Do infinitivo latino ''vagire''.
==Ver também==
===No Wikcionário===
* [[vagido]]
==Anagramas==
# [[vigar]]
# [[virga]]
[[Categoria:Verbo (Português)]]
[[Categoria:Dissílabo (Português)]]
[[Categoria:Oxítona (Português)]]
={{-fr-}}=
==Verbo==
'''vagir'''
# [[vagir#Português|vagir]]
[[Categoria:Verbo (Francês)]]
[[Categoria:Cognato (Francês)]]
[[chr:vagir]]
[[da:vagir]]
[[el:vagir]]
[[en:vagir]]
[[fr:vagir]]
[[hu:vagir]]
[[io:vagir]]
[[ko:vagir]]
[[pl:vagir]]
[[ru:vagir]]
[[sh:vagir]]
[[sr:vagir]]
[[vi:vagir]]</text>
<sha1>lh2ue9g4ggqlc7m0qy02t7hl33ieh0y</sha1>
</revision>
</page>
