<page>
<title>vagido</title>
<ns>0</ns>
<id>79296</id>
<revision>
<id>2658582</id>
<parentid>2611515</parentid>
<timestamp>2022-01-25T01:13:28Z</timestamp>
<contributor>
<username>ValJor</username>
<id>1358</id>
</contributor>
<comment>Melhorando a apresentação do verbete usando a [[:predefinição:cria-entrada]]</comment>
<model>wikitext</model>
<format>text/x-wiki</format>
<text bytes="740" xml:space="preserve">={{-pt-}}=
==Substantivo==
{{flex.pt|ms=vagido|mp=vagidos}}
{{paroxítona|va|gi|do}}, {{gramática|m}}
# [[choro]] dado pelo [[bebê]] logo após o [[parto]]
#* '''2000'''. LUCRÉCIO.  V, 223.  In:  MONTAIGNE.  Os ensaios.  Tradução de Rosemary Costhek Abílio.  São Paulo: Martins Fontes, 2000.  Livro II, p. 187.
#*: ela enche com seus '''vagidos''' queixosos o local do nascimento;
=={{etimologia|pt}}==
{{llietimo|la|vagitus|pt}}
=={{pronúncia|pt}}==
===Portugal===
* AFI: {{AFI|/vɐ.ˈʒi.du/}}
==Ligações externas==
* {{Aulete}}
* {{Michaelis}}
* {{DicioAberto}}
* {{DLPO}}
* {{Infopédia}}
* {{PLP}}
* {{VOLPABL}}
==Anagrama==
&lt;!-- índice para anagramas: pt: adgiov --&gt;
# [[divago]]
[[Categoria:Substantivo (Português)]]</text>
<sha1>dwuqea97mi5gax9g185n5xxdhqddvh1</sha1>
</revision>
</page>
