<page>
<title>vaginale</title>
<ns>0</ns>
<id>223022</id>
<revision>
<id>2515196</id>
<parentid>2462617</parentid>
<timestamp>2018-08-10T09:26:12Z</timestamp>
<contributor>
<username>ValJor</username>
<id>1358</id>
</contributor>
<comment>Um verbete a menos usando a [[Predefinição:flex.it.com2|predefinição flex.it.com2]]</comment>
<model>wikitext</model>
<format>text/x-wiki</format>
<text bytes="721" xml:space="preserve">={{-fr-}}=
==Forma de adjetivo==
{{flex.fr|ms=vaginal|mp=vaginaux|fs=vaginale|fp=vaginales}}
'''va.gi.nale'''
# feminino de [[vaginal]]
{{avi-for-fle|vaginal}}
=={{pronúncia|fr}}==
* [[AFI]]: {{AFI|/va.ʒi.nal/|fr}} {{audio|Fr-Paris--vaginal.ogg|ouvir|lang=fr}}
[[Categoria:Forma de adjetivo (Francês)]]
[[Categoria:Trissílabo (Francês)]]
={{-it-}}=
==Adjetivo==
{{flex.it|s=vaginale|p=vaginali}}
{{paroxítona|va|gi|na|le|lang=it}}, {{gramática|c2g}}
# {{escopo|it|medicina}} [[vaginal]], relativo à [[vagina]]
=={{etimologia|it}}==
: Derivação do substantivo ''[[vagina]]'' (''&quot;vagina&quot;'') + sufixo ''-ale''.
=={{pronúncia|it}}==
* [[AFI]]: {{AFI|/vad͡ʒiˈna:le/|it}}
[[Categoria:Adjetivo (Italiano)]]</text>
<sha1>bzcpxkkin7rz52qeplnyw7cdzstic2e</sha1>
</revision>
</page>
