<page>
<page>
<title>vaginoscopia</title>
<ns>0</ns>
<id>335225</id>
<revision>
<id>2056618</id>
<parentid>1888340</parentid>
<timestamp>2016-01-17T10:48:28Z</timestamp>
<contributor>
<username>ValJor</username>
<id>1358</id>
</contributor>
<comment>Melhorando a apresentação do verbete</comment>
<model>wikitext</model>
<format>text/x-wiki</format>
<text bytes="286" xml:space="preserve">={{-pt-}}=
==Substantivo==
{{flex.pt|fs=vaginoscopia|fp=vaginoscopias}}
{{paroxítona|va|gi|nos|co|pi|a}}, {{f}}
# [[exame]] da [[vagina]], também chamado de [[papanicolau]]
[[Categoria:Substantivo (Português)]]
[[Categoria:Anatomia (Português)]]
[[Categoria:Medicina (Português)]]</text>
<sha1>lwg1mpy50b8qwsiclrwbjgc0gr1do6a</sha1>
</revision>
