<page>
<page>
<title>Vagina</title>
<ns>0</ns>
<id>386180</id>
<revision>
<id>2462623</id>
<timestamp>2017-11-24T06:04:52Z</timestamp>
<contributor>
<username>Spanier</username>
<id>43713</id>
</contributor>
<comment>alemão</comment>
<model>wikitext</model>
<format>text/x-wiki</format>
<text bytes="427" xml:space="preserve">={{-de-}}=
==Substantivo==
{{proparoxítona|Va|gi|na|lang=de}}, {{gramática|f|lang=de}}
# {{escopo|de|anatomia}} [[vagina]]
===Declinação===
{{decl.de.subst.fraca.fem|ns=Vagina|np=Vaginen}}
===Verbetes derivados===
* [[vaginal]]
=={{etimologia|de}}==
{{llietimo|la|vagina|de}}
=={{pronúncia|de}}==
* [[AFI]]: {{AFI|/ˈvaːgina, vaˈgiːna/|de}} {{audio|De-Vagina.ogg|ouvir|lang=de}}
[[Categoria:Substantivo (Alemão)]]</text>
<sha1>s1ve5uhhxxkfessoww145w094lrwe3b</sha1>
</revision>
