<page>
<title>vaginite</title>
<ns>0</ns>
<id>332513</id>
<revision>
<id>1961413</id>
<parentid>1869384</parentid>
<timestamp>2015-07-10T22:42:07Z</timestamp>
<contributor>
<username>HydrizBot</username>
<id>29590</id>
</contributor>
<minor />
<comment>Robô: A adicionar: de, en, fr, gl, it, mg, pl, ru, vi</comment>
<model>wikitext</model>
<format>text/x-wiki</format>
<text bytes="422" xml:space="preserve">={{-pt-}}=
==Substantivo==
{{flex.pt|fs=vaginite|fp=vaginites}}
{{paroxítona|va|gi|ni|te}}, {{f}}
# [[inflamação]] da [[vagina]]
=={{etimologia|pt}}==
: {{escopo|Morfologia}} [[vagina]] + [[-ite]].
[[Categoria:Substantivo (Português)]]
[[Categoria:Medicina (Português)]]
[[de:vaginite]]
[[en:vaginite]]
[[fr:vaginite]]
[[gl:vaginite]]
[[it:vaginite]]
[[mg:vaginite]]
[[pl:vaginite]]
[[ru:vaginite]]
[[vi:vaginite]]</text>
<sha1>e9ozl7q0uxbg8ed6s02fjn8s8pxmbfd</sha1>
</revision>
</page>
