<page>
<page>
<title>vago</title>
<ns>0</ns>
<id>6692</id>
<revision>
<id>2616322</id>
<parentid>2220546</parentid>
<timestamp>2021-02-01T00:45:00Z</timestamp>
<contributor>
<username>MarxavBot</username>
<id>80155</id>
</contributor>
<minor />
<comment>AFI Portugal</comment>
<model>wikitext</model>
<format>text/x-wiki</format>
<text bytes="2476" xml:space="preserve">={{-pt-}}=
==Adjetivo==
{{flex.pt|ms=vago|mp=vagos|fs=vaga|fp=vagas}}
{{paroxítona|va|go}}
# [[sem]] um [[sentido]] bem [[definido]]
#* ''Texto '''vago''' ameaça decisão do G-20.'' {{OESP|2008|novembro|17}}
# ([[vaga]], [[lugar]], [[cadeira]]) [[desocupado]]
#* ''Durante sete meses ficou '''vago''' o assento do quinto diretor da Anatel, enquanto se discutia uma indicação política.'' {{OESP|2008|junho|18}}
===Sinônimo===
* [[vacante]]
===Tradução===
{{tradini|De 1 (sem um sentido bem definido)}}
* {{trad|de|ungefähr|undeutlich|vage}}
* {{trad|ar|غامض}}
* {{trad|br|displann}}
* {{trad|ca|vaga}}
* {{trad|cs|nepřesný|nejasný}}
* {{trad|zh|模糊}}
* {{trad|ko|몽롱하다}}
* {{trad|es|vago}}
* {{trad|eo|svaga}}
* {{trad|et|ebamäärane|ähmane|ebaselge}}
* {{trad|fi|epämääräinen}}
* {{trad|fr|vague}}
* {{trad|fur|torzeon}}
* {{trad|cy|annelwig|niwlog}}
* {{trad|gu|અસ્પષ્ટ}}
{{tradmeio}}
* {{trad|hi|अस्पष्ट}}
* {{trad|hu|bizonytalan|homályos}}
* {{trad|en|vague}}
* {{trad|it|vago}}
* {{trad|la|vagus}}
* {{trad|lv|nenoteikts}}
* {{trad|pl|nieokreślony|niejasny}}
* {{trad|pa|ਅਸਪੱਸ਼ਟ}}
* {{trad|ro|vag|neprecis|neclar}}
* {{trad|ru|неясный|смутный|неопределённый}}
* {{trad|sr|неодређен|непрецизан|нејасан}}
* {{trad|sv|vag}}
* {{trad|uk|неясний|невиразний}}
* {{trad|vec|vago}}
{{tradfim}}
{{tradini|De 2 (lugar desocupado)}}
* {{trad|id|kosong}}
{{tradmeio}}
* {{trad|en|empty|vacant}}
{{tradfim}}
=={{etimologia|pt}}==
: Do latim ''vagu''.
=={{pronúncia|pt}}==
===Portugal===
* AFI: {{AFI|/ˈva.ɡu/}}
==Ver também==
===No Wikcionário===
{{verTambém.Ini}}
* [[confusão]]
* [[confuso]]
* [[defeito]]
{{verTambém.NovaColuna}}
* [[dúbio]]
* [[indecisão]]
* [[obscuro]]
{{verTambém.NovaColuna}}
* [[vacância]]
* [[vacar]]
* [[vagar]]
{{verTambém.Fim}}
==Anagrama==
# [[voga]]
[[Categoria:Adjetivo (Português)]]
={{-es-}}=
==Adjetivo==
'''vago'''
# [[vago#Português|vago]]
[[Categoria:Adjetivo (Espanhol)]]
={{-it-}}=
==Adjetivo==
'''vago'''
# [[vago#Português|vago]]
[[Categoria:Adjetivo (Italiano)]]
={{-vec-}}=
==Adjetivo==
'''vago'''
# [[vago#Português|vago]]
[[Categoria:Adjetivo (Vêneto)]]
[[az:vago]]
[[chr:vago]]
[[en:vago]]
[[eo:vago]]
[[es:vago]]
[[fi:vago]]
[[fr:vago]]
[[gl:vago]]
[[io:vago]]
[[it:vago]]
[[ko:vago]]
[[mg:vago]]
[[nl:vago]]
[[pl:vago]]
[[ro:vago]]
[[ru:vago]]
[[zh:vago]]</text>
<sha1>qhmdnxlk25ci73kwxok1yuxnhvmzx0r</sha1>
</revision>
