<page>
<page>
<title>vagon</title>
<ns>0</ns>
<id>138203</id>
<revision>
<id>2058303</id>
<parentid>2036901</parentid>
<timestamp>2016-01-25T17:15:41Z</timestamp>
<contributor>
<username>JAnDbot</username>
<id>25083</id>
</contributor>
<minor />
<comment>Robô: A adicionar: [[cs:vagon]]</comment>
<model>wikitext</model>
<format>text/x-wiki</format>
<text bytes="777" xml:space="preserve">={{-ku-}}=
==Substantivo==
'''{{PAGENAME}}''' ''feminino''
:# [[vagão]]
===Variação===
* [[wagon]]
===Outros Verbetes===
* [[şemendefer]]
* [[rêasin]]
* [[tram]]
* [[lokomotîv]]
&lt;br&gt;
{{tradini|Ver também}}
* [[trên]]
* [[helîkopter]]
* [[tirimpêl]]
* [[otomobîl]]
* [[seyare]]
* [[lorî]]
* [[qamyon]]/[[kamyon]]
* [[maşîn]]
* [[jêp]]/[[jîp]]
* [[cêp]]/[[cîp]]
* [[qemere]]
* [[taksî]]
* [[traktor]]
* [[keştî]]
{{tradfim}}
[[Categoria:Substantivo (Curdo)]]
[[Categoria:Transporte (Curdo)]]
[[az:vagon]]
[[chr:vagon]]
[[cs:vagon]]
[[en:vagon]]
[[fi:vagon]]
[[fr:vagon]]
[[hu:vagon]]
[[io:vagon]]
[[ku:vagon]]
[[mg:vagon]]
[[nl:vagon]]
[[no:vagon]]
[[pl:vagon]]
[[ro:vagon]]
[[ru:vagon]]
[[sh:vagon]]
[[sq:vagon]]
[[sr:vagon]]
[[tr:vagon]]
[[uz:vagon]]</text>
<sha1>hxjepd88lbhxvrfrdgxpqsu3qppv97c</sha1>
</revision>
