<page>
<page>
<title>vaguada</title>
<ns>0</ns>
<id>330832</id>
<revision>
<id>2572471</id>
<parentid>2139637</parentid>
<timestamp>2020-01-25T02:03:05Z</timestamp>
<contributor>
<username>ValJor</username>
<id>1358</id>
</contributor>
<comment>Corrigindo erro de ortografia: Subsntativo --&gt; Substantivo</comment>
<model>wikitext</model>
<format>text/x-wiki</format>
<text bytes="593" xml:space="preserve">={{-gl-}}=
==Substantivo==
{{flex.pt|fs=vaguada|fp=vaguadas}}
{{paroxítona|va|gu|a|da|lang=gl}}, {{gramática|f}}
# [[valeta]] natural pola que escorrem as águas de um terreno
# [[vale]] pequeno, depressão de um terreno
# [[fojo]]
===Sinônimos===
{{verTambém.Ini}}
* [[vaganta#Galego|vaganta]]
* [[vagante#Galego|vagante]]
{{verTambém.NovaColuna}}
* [[vaganto#Galego|vaganto]]
{{verTambém.Fim}}
=={{etimologia|gl}}==
{{llietimo|la|vacuata|gl|ponto=não}}, particípio do verbo {{etimo|la|vacuo}}.
==Ver também==
===No Wikcionário===
* [[bágua]]
[[Categoria:Substantivo (Galego)]]</text>
<sha1>dkp6q4noutbdlkdprg6gxjlikk4hko5</sha1>
</revision>
