<page>
<title>vaguear</title>
<ns>0</ns>
<id>338718</id>
<revision>
<id>2633315</id>
<parentid>1913318</parentid>
<timestamp>2021-05-07T15:58:55Z</timestamp>
<contributor>
<username>Frank C. Müller</username>
<id>19551</id>
</contributor>
<comment>+ trad de.</comment>
<model>wikitext</model>
<format>text/x-wiki</format>
<text bytes="880" xml:space="preserve">={{-pt-}}=
==Verbo==
{{oxítona|va|gue|ar}}
# andar sem destino
# passear ociosamente
#*''Passa os dias '''vagueando''' pela cidade.''
# perder-se em sonhos ou devaneios; devanear
===Conjugação===
{{conj/pt|vagu|ear}}
===Sinônimos===
*[[deambular]]
*[[divagar]]
*[[flanar]]
*[[passear]]
*[[perambular]]
*[[vagabundear]]
*[[errar]]
*[[zanzar]]
*[[devanear]]
*[[sonhar]]
*[[boiar]]
*[[flutuar]]
*[[andar]]
*[[atravessar]]
*[[cruzar]]
*[[girar]]
*[[percorrer]]
===Tradução===
{{tradini|1. andar sem destino}}
* {{trad|de|umhergehen|umherreisen|umherfahren|streunen|herumstreunen}}
&lt;!--* {{t|ca|}}--&gt;
&lt;!--* {{t|es|}}--&gt;
&lt;!--* {{t|fr|}}--&gt;
{{tradmeio}}
&lt;!--* {{t|nl|}}--&gt;
&lt;!--* {{t|en|}}--&gt;
&lt;!--* {{t|it|}}--&gt;
{{tradfim}}
[[Categoria:Verbo (Português)]]
[[chr:vaguear]]
[[en:vaguear]]
[[es:vaguear]]
[[gl:vaguear]]
[[io:vaguear]]
[[ko:vaguear]]
[[mg:vaguear]]
[[zh:vaguear]]</text>
<sha1>85beojydhqo2y5jrfj6p0n1d18bsf62</sha1>
</revision>
</page>
