<page>
<page>
<title>vaguense</title>
<ns>0</ns>
<id>58748</id>
<revision>
<id>1469522</id>
<parentid>1188810</parentid>
<timestamp>2012-09-25T18:16:09Z</timestamp>
<contributor>
<username>ValJor</username>
<id>1358</id>
</contributor>
<comment>Separando adjetivo de substantivo</comment>
<model>wikitext</model>
<format>text/x-wiki</format>
<text bytes="331" xml:space="preserve">={{-pt-}}=
==Adjetivo==
{{flex.pt|s=vaguense|p=vaguenses}}
{{paroxítona|va|guen|se}}
# de ou relativo a [[Vagos]], vila de Aveiro (Portugal)
==Substantivo==
{{paroxítona|va|guen|se}}
# habitante ou natural de Vagos
[[Categoria:Adjetivo (Português)]]
[[Categoria:Substantivo (Português)]]
[[Categoria:Gentílico (Português)]]</text>
<sha1>gnbnv4cnologaj165giim0wq6h1niyi</sha1>
</revision>
