<page>
<page>
<title>vaguejar</title>
<ns>0</ns>
<id>435083</id>
<revision>
<id>2639127</id>
<timestamp>2021-06-19T21:42:01Z</timestamp>
<contributor>
<username>Cpls</username>
<id>20608</id>
</contributor>
<comment>[[Ajuda:Guia de edição/Menus e ferramentas/Sumário de edição|→]] nova página: ={{-gl-}}= {{ga-in}} ==Verbo== {{oxítona|va|gue|jar|lang=gl}} # [[vaguear#{{pt}}|vaguear]], mover-se sem r...</comment>
<model>wikitext</model>
<format>text/x-wiki</format>
<text bytes="597" xml:space="preserve">={{-gl-}}=
{{ga-in}}
==Verbo==
{{oxítona|va|gue|jar|lang=gl}}
# [[vaguear#{{pt}}|vaguear]], mover-se sem [[rumo]], sem equilíbrio
# [[vaguear#{{pt}}|vaguear]] de um lugar a outro sem fazer nada, [[gandular]], levar uma vida [[vadio|vadia]]
# [[vaguear#{{pt}}|vaguear]], divagar, devanear
===Sinónimos===
* De '''2''': [[andar de vaquejo#{{gl}}|andar de vaquejo]], [[bagagear#{{gl}}|bagagear]], [[lacaçanear#{{gl}}|lacaçanear]], [[vaquejar#{{gl}}|vaquejar]]
=={{etimologia|gl}}==
: {{escopo|Morfologia}} De ''[[vago#{{gl}}|vago]]'' + ''[[-ejar#{{gl}}|-ejar]]''.
[[Categoria:Verbo (Galego)]]</text>
<sha1>if16qev00kp6yj1t18se3aionyt5e49</sha1>
</revision>
