<page>
<title>vaho</title>
<ns>0</ns>
<id>334253</id>
<revision>
<id>2558230</id>
<parentid>1877451</parentid>
<timestamp>2019-10-22T09:02:27Z</timestamp>
<contributor>
<username>ValJor</username>
<id>1358</id>
</contributor>
<comment>Trocando escopo por escopo2</comment>
<model>wikitext</model>
<format>text/x-wiki</format>
<text bytes="274" xml:space="preserve">={{-es-}}=
==Substantivo==
{{flex.es|ms=vaho|mp=vahos}}
{{paroxítona|va|ho|lang=es}}, {{gramática|m}}
# [[vapor]] que sai dos corpos
# {{escopo2|Nicaragua}} [[guisado]] feito ao vapor
=={{etimologia|es}}==
: Da onomatopeia ''&quot;baf&quot;''.
[[Categoria:Substantivo (Espanhol)]]</text>
<sha1>040jist9ewg7ii3fr5suhkalfljviuj</sha1>
</revision>
</page>
