<page>
<page>
<title>vahvistaa</title>
<ns>0</ns>
<id>50902</id>
<revision>
<id>2240145</id>
<parentid>2139635</parentid>
<timestamp>2017-02-18T04:05:00Z</timestamp>
<contributor>
<username>UT-interwiki-Bot</username>
<id>56129</id>
</contributor>
<minor />
<comment>Robô: A adicionar: [[eo:vahvistaa]]</comment>
<model>wikitext</model>
<format>text/x-wiki</format>
<text bytes="260" xml:space="preserve">={{-fi-}}=
==Verbo==
'''vahvistaa'''
:# [[homologar]].
[[Categoria:Verbo (Finlandês)]]
[[chr:vahvistaa]]
[[el:vahvistaa]]
[[en:vahvistaa]]
[[eo:vahvistaa]]
[[fi:vahvistaa]]
[[fr:vahvistaa]]
[[io:vahvistaa]]
[[mg:vahvistaa]]
[[pl:vahvistaa]]
[[ru:vahvistaa]]</text>
<sha1>jfctp4pjfdjetz8l11a8k7k11i7a6jt</sha1>
</revision>
