<page>
<title>vai</title>
<ns>0</ns>
<id>14909</id>
<revision>
<id>2578354</id>
<parentid>2570160</parentid>
<timestamp>2020-02-22T12:05:10Z</timestamp>
<contributor>
<username>ValJor</username>
<id>1358</id>
</contributor>
<minor />
<comment>Revertidas edições por [[Especial:Contribuições/Bianchi-Bihan|Bianchi-Bihan]] para a última versão por [[Especial:Contribuições/ValJor|ValJor]]</comment>
<model>wikitext</model>
<format>text/x-wiki</format>
<text bytes="8933" xml:space="preserve">[[Imagem:Vai.gif|thumb|275px|[[escrita|Escrita]] '''vai''']]
[[Imagem:Water, sea (ubt).jpeg|thumb|275px|'''Vai''' (&quot;[[água]]&quot;)]]
{{ver também|vaï}}
={{-pt-}}=
==Adjetivo==
{{flex.pt|s=vai|p=vais|s-div=vai|p-div=vais}}
{{oxítona|vai}}
# relativo aos [[vais]]
# {{escopo|pt|Linguística}} relativo ao [[idioma]] [[#Substantivo|vai]]
===Tradução===
{{tradini}}
* {{trad|es|vai}}
* {{trad|fr|vaï}}
{{tradmeio}}
* {{trad|en|Vai|Vy|Gallina}}
{{tradfim}}
===Verbetes derivados===
* [[escrita vai]]
==Substantivo==
{{flex.pt|ms=vai|mp=vais|s-div=vai|p-div=vais}}
{{oxítona|vai}}
# [[indivíduo]] do [[povo]] vai, [[grupo]] [[étnico]] que [[habitar|habita]] a [[Libéria]] e [[Serra Leoa]]
{{pularLinhas|3}}
{{flex.pt|ms=vai|mp=-|s-div=vai|p-div=-}}
{{oxítona|vai}}, ''invariável''
# {{cont|2}} {{escopo|pt|Linguística}} [[língua]] [[tonal]] [[mandê]] [[falado|falada]] pelos vais
===Sinônimos===
* De '''1''': [[galinha]], [[gallina]], [[vay]], [[vehie]], [[vu]]
===Tradução===
{{tradini|De 1 (indivíduo dos vais)}}
* {{trad|es|vai}}
* {{trad|fr|vaï}}
{{tradmeio}}
* {{trad|en|Vai|Vy|Gallina}}
{{tradfim}}
{{tradini|De 2 (idioma)}}
* {{trad|es|vai}}
* {{trad|fr|vaï}}
{{tradmeio}}
* {{trad|en|Vai|Vy|Gallina}}
{{tradfim}}
==Forma verbal==
{{oxítona|vai}}
# terceira pessoa do singular do presente do indicativo do verbo [[ir]]:
#* ''À tarde, ela '''vai''' às compras.''
#* ''Com esse trânsito, ele '''vai''' se atrasar com certeza.''
# segunda pessoa do singular do imperativo do verbo [[ir]]
=={{pronúncia|pt}}==
* [[AFI]]: {{AFI|/vaɨ/}}
* [[X-SAMPA]]: /va1/
===Brasil===
* [[AFI]]: {{AFI|/ˈvaj/}}
* [[X-SAMPA]]: /&quot;vaj/
==Ver também==
===No Wikcionário===
* [[bambara]]
===Na Wikipédia===
* [[w:Línguas mandê|línguas mandê]]
===Referências===
{{verTambém.Ini}}
* LOPES, Nei. ''Enciclopédia brasileira da diáspora africana''. São Paulo, Selo Negro, 2004. [http://books.google.com.br/books?id=88KI6pZyjDwC ]
{{verTambém.Fim}}
===Ligações externas===
* [http://www.ethnologue.com/show_language.asp?code=vai Idioma vai no Ethnologue (em inglês)]
[[Categoria:Adjetivo (Português)]]
[[Categoria:Substantivo (Português)]]
[[Categoria:Forma verbal (Português)]]
[[Categoria:Monossílabo (Português)]]
[[Categoria:Língua (Português)]]
[[Categoria:Entrada com imagem (Português)]]
={{-univ-}}=
==Abreviatura==
'''vai'''
# {{escopo|univ|Linguística}} [[código]] de [[língua]] [[w:ISO 639|ISO 639-3]] para o [[idioma]] '''[[vai]]'''
==Ver também==
===No Wikcionário===
===Ligações externas===
* [http://www.ethnologue.com/show_language.asp?code={{PAGENAME}} Informações sobre o idioma vai no Ethnologue (em inglês)]
[[Categoria:Abreviatura (Universal)]]
[[Categoria:Linguística (Universal)]]
={{-aud-}}=
==Substantivo==
'''vai'''
# [[água]]
[[Categoria:Substantivo (Anuta)]]
[[Categoria:Entrada com imagem (Anuta)]]
={{-mmw-}}=
==Substantivo==
'''vai'''
# [[água]]
[[Categoria:Substantivo (Emai)]]
[[Categoria:Entrada com imagem (Emai)]]
={{-es-}}=
==Adjetivo==
{{flex.es|s=vai|p=vais|s-div=vai|p-div=vais}}
'''vai''', {{gramática|c2g}}
# [[#{{pt}}|vai]]
# {{escopo|es|Linguística}} [[#{{pt}}|vai]]
===Verbetes derivados===
{{verTambém.Ini}}
* [[silabário vai]]
{{verTambém.Fim}}
==Substantivo==
{{flex.es|ms=vai|mp=vais|ms-div=vai|mp-div=vais}}
'''vai''', {{gramática|m}}
# [[#{{pt}}|vai]]
{{pularLinhas|3}}
{{flex.es|ms=vai|ms-div=vai}}
'''vai''', {{gramática|m}}, ''[[invariável]]''
# {{cont|2}} {{escopo|es|Linguística}} [[#{{pt}}|vai]]
{{pularLinhas|2}}
=={{pronúncia|es}}==
* [[AFI]]: {{AFI|/ˈβaj/}}
* [[X-SAMPA]]: /&quot;Baj/
==Ver também==
===No Wikcionário===
* [[bambara#{{es}}|bambara]]
[[Categoria:Adjetivo (Espanhol)]]
[[Categoria:Substantivo (Espanhol)]]
[[Categoria:Língua (Espanhol)]]
[[Categoria:Monossílabo (Espanhol)]]
[[Categoria:Cognato (Espanhol)]]
[[Categoria:Entrada com imagem (Espanhol)]]
={{-fj-}}=
==Substantivo==
[[Imagem:Stingray head on.jpg|thumb|100px|'''Vai''']]
'''vai'''
# {{escopo|fj|Zoologia}} [[arraia]], [[peixe]] [[cartilaginoso]] das [[sub-ordem|sub-ordens]] ''[[w:Bathoidea|Bathoidea]]'' ou ''[[wikispecies:Rajomorphii|Rajomorphii]]'')
=={{etimologia|fj}}==
: Do [[proto-oceânico]].
[[Categoria:Substantivo (Fijiano)]]
[[Categoria:Peixe (Fijiano)]]
[[Categoria:Entrada com imagem (Fijiano)]]
={{-fi-}}=
==Conjunção==
'''vai''' ''[[conjunção alternativa|alternativa]]''
# [[ou]]:
#* ''Suuri '''vai''' pieni?'' &lt;small&gt;(Grande ou pequeno?)&lt;/small&gt;
===Expressões===
* '''vai niin!''': [[ah]]!
=={{pronúncia|fi}}==
* [[AFI]]: {{AFI|/ʋɑi/}}
* [[X-SAMPA]]: /v\Ai/
[[Categoria:Conjunção (Finlandês)]]
={{-fut-}}=
==Substantivo==
'''vai'''
# [[água]]
[[Categoria:Substantivo (Futuna-Aniua)]]
[[Categoria:Entrada com imagem (Futuna-Aniua)]]
={{-gn-}}=
==Adjetivo==
'''va.{{grifar|i}}'''
# [[mau]], [[ruim]]
=={{pronúncia|gn}}==
* [[AFI]]: {{AFI|/ʋɑ.'i/}}
* [[X-SAMPA]]: /v\A.&quot;i/
[[Categoria:Adjetivo (Guarani)]]
[[Categoria:Dissílabo (Guarani)]]
[[Categoria:Oxítona (Guarani)]]
={{-en-}}=
{{ver também|Vai}}
==Abreviatura==
'''vai'''
# {{escopo|en|Gramática}} sigla de ''[[verb]] [[animate]] [[intransitive]]'' ([[verbo]] [[animado]] [[intransitivo]])
==Ver também==
===No Wikcionário===
{{verTambém.Ini}}
* [[vii]]
{{verTambém.NovaColuna}}
* [[vta]]
{{verTambém.NovaColuna}}
* [[vti]]
{{verTambém.Fim}}
[[Categoria:Abreviatura (Inglês)]]
[[Categoria:Gramática (Inglês)]]
={{-it-}}=
==Forma verbal==
'''vai'''
# segunda pessoa do singular do presente do indicativo do verbo [[andare]]:
## ([[tu]]) [[ir|vais]]
# segunda pessoa do singular do imperativo do verbo [[andare]]
## [[#{{pt}}|vai]] (tu)([[!]])
{{avi-for-fle|andare}}
=={{pronúncia|it}}==
* [[AFI]]: {{AFI|/vaɨ/}}, {{AFI|/ˈvaj/}}
* [[X-SAMPA]]: /va1/, /&quot;vaj/
[[Categoria:Forma verbal (Italiano)]]
[[Categoria:Monossílabo (Italiano)]]
={{-lv-}}=
==Conjunção==
'''vai''' ''[[conjunção alternativa|alternativa]]''
# [[ou]]
[[Categoria:Conjunção (Letão)]]
={{-jbo-}}=
==Cmavo==
'''vai'''
# [[quinze]] (15, XV)
=={{pronúncia|jbo}}==
* [[AFI]]: {{AFI|/vaj/}}
* [[X-SAMPA]]: /vaj/
==Ver também==
===No Wikcionário===
{{números/jbo}}
[[Categoria:Cmavo]]
[[Categoria:Numeral cardinal (Lojban)]]
[[Categoria:Monossílabo (Lojban)]]
={{-mrv-}}=
==Substantivo==
'''vai'''
# [[água]]
=={{etimologia|mrv}}==
: Do [[proto-oceânico]].
[[Categoria:Substantivo (Mangareva)]]
[[Categoria:Entrada com imagem (Mangareva)]]
={{-niu-}}=
==Substantivo==
'''vai'''
# [[água]]
[[Categoria:Substantivo (Niue)]]
[[Categoria:Entrada com imagem (Niue)]]
={{-nkr-}}=
==Substantivo==
'''vai'''
# [[água]]
[[Categoria:Substantivo (Nukuoro)]]
[[Categoria:Entrada com imagem (Nukuoro)]]
={{-rap-}}=
==Substantivo==
'''vai'''
# [[água]]
[[Categoria:Substantivo (Rapanui)]]
[[Categoria:Entrada com imagem (Rapanui)]]
={{-rar-}}=
==Substantivo==
'''vai'''
# [[água]]
[[Categoria:Substantivo (Rarotonga)]]
[[Categoria:Entrada com imagem (Rarotonga)]]
={{-ro-}}=
{{ver também|văi}}
==Interjeição==
'''vai'''
# usado para expressar [[tristeza]], [[arrependimento]], [[compaixão]] ou [[pesar]]
[[Categoria:Interjeição (Romeno)]]
[[Categoria:Monossílabo (Romeno)]]
={{-sm-}}=
==Substantivo==
'''vai'''
# [[água]]
[[Categoria:Substantivo (Samoano)]]
[[Categoria:Entrada com imagem (Samoano)]]
={{-sky-}}=
==Substantivo==
'''vai'''
# [[água]]
[[Categoria:Substantivo (Sicaiana)]]
[[Categoria:Entrada com imagem (Sicaiana)]]
={{-tkp-}}=
==Substantivo==
'''vai'''
# [[água]]
[[Categoria:Substantivo (Tikopia)]]
[[Categoria:Entrada com imagem (Tikopia)]]
={{-to-}}=
==Substantivo==
'''vai'''
# [[água]]
[[Categoria:Substantivo (Tonganês)]]
[[Categoria:Entrada com imagem (Tonganês)]]
={{-tkl-}}=
==Substantivo==
'''vai'''
# [[água]]
[[Categoria:Substantivo (Toquelau)]]
[[Categoria:Entrada com imagem (Toquelau)]]
={{-tvl-}}=
==Substantivo==
'''va.i'''
# [[água]]
=={{pronúncia|tvl}}==
* [[AFI]]: {{AFI|/va.i/}}
* [[X-SAMPA]]: /va.i/
[[Categoria:Substantivo (Tuvaluano)]]
[[Categoria:Dissílabo (Tuvaluano)]]
[[Categoria:Entrada com imagem (Tuvaluano)]]
={{-vi-}}=
{{ver também|vài|vải|vại}}
==Substantivo==
[[Imagem:Japanese_lady_shoulder_in_Tōkyō.jpg|thumb|100px|'''Vai'''&lt;sup&gt;1&lt;/sup&gt;]]
'''vai'''
# {{escopo|vi|Anatomia}} [[ombro]]:
#* ''Nó cao ngang '''vai''' tôi.''
# [[enchimento]] (de [[roupa]]);
# [[nível]], [[grau]], [[classe]]:
#* ''Ông ta bằng '''vai''' với bố anh.'' &lt;small&gt;(Ele é do mesmo nível de seu pai.)&lt;/small&gt;
# [[papel]], aquilo que se espera que alguém faça:
#* ''giữ một '''vai''' quan_trọng'' &lt;small&gt;(ter um papel importante)&lt;/small&gt;
=={{pronúncia|vi}}==
* [[AFI]]: {{AFI|/vɐːj˧/}}
* [[X-SAMPA]]: /v6:j_M/
[[Categoria:Substantivo (Vietnamita)]]
[[Categoria:Monossílabo (Vietnamita)]]
[[Categoria:Anatomia (Vietnamita)]]
[[Categoria:Vestuário (Vietnamita)]]
[[Categoria:Entrada com imagem (Vietnamita)]]</text>
<sha1>9veny5pew20ous4uzgacv1nllb2f0oc</sha1>
</revision>
</page>
