<page>
<title>Vai</title>
<ns>0</ns>
<id>28141</id>
<revision>
<id>2281867</id>
<parentid>2258390</parentid>
<timestamp>2017-04-27T03:34:09Z</timestamp>
<contributor>
<username>HydrizBot</username>
<id>29590</id>
</contributor>
<minor />
<comment>Robô: A limpar links interwikis antigos</comment>
<model>wikitext</model>
<format>text/x-wiki</format>
<text bytes="229" xml:space="preserve">{{Wikipédia|lang=en}}
{{ver também|vai}}
={{-en-}}=
==Substantivo==
'''Vai'''
# [[vai]] (povo e língua de [[Serra Leoa]])
[[Categoria:Substantivo (Inglês)]]
[[Categoria:Gentílico (Inglês)]]
[[Categoria:Língua (Inglês)]]</text>
<sha1>bajgeonlf1h138zto6o7fep9d8b06o2</sha1>
</revision>
</page>
