<page>
<page>
<title>vaiar</title>
<ns>0</ns>
<id>300751</id>
<revision>
<id>2139634</id>
<parentid>1510780</parentid>
<timestamp>2016-06-11T08:24:22Z</timestamp>
<contributor>
<username>UT-interwiki-Bot</username>
<id>56129</id>
</contributor>
<minor />
<comment>Robô: A adicionar: [[en:vaiar]]</comment>
<model>wikitext</model>
<format>text/x-wiki</format>
<text bytes="365" xml:space="preserve">={{-pt-}}=
==Verbo==
{{oxítona|vai|ar}}
# dar [[vaia]]s; [[apupar]]
#* ''Insatisfeita, a torcida '''vaiou''' o time do Vitória na saída do gramado.'' {{OESP|2012|outubro|26}}
===Conjugação===
{{conj/pt|vai|ar}}
==Anagramas==
# [[aviar]]
# [[avirá]]
# [[irava]]
# [[raiva]]
# [[vaira]]
# [[varia]]
# [[vária]]
[[Categoria:Verbo (Português)]]
[[en:vaiar]]</text>
<sha1>epy160kfp67kxcoatbz9owoy41ozo95</sha1>
</revision>
