<page>
<title>vaibe</title>
<ns>0</ns>
<id>345752</id>
<revision>
<id>2682938</id>
<parentid>2682937</parentid>
<timestamp>2022-07-07T22:26:13Z</timestamp>
<contributor>
<username>Itleda</username>
<id>86989</id>
</contributor>
<model>wikitext</model>
<format>text/x-wiki</format>
<text bytes="1175" xml:space="preserve">={{-pt-}}=
==Substantivo==
{{flex.pt|fs=vaibe|fp=vaibes}}
{{paroxítona|vai|be}}, {{gramática|f}}
# estado de ânimo, estado de espírito
#* '''2011''', Márcio El-Jaick, '''PARA A SUA JUKEBOX''', página ''?'':
#:* ''ela naquela animação surreal que acompanhava a '''vaibe''' da turma''
#* ''com uma “'''vaibe'''” boa relaxante'' livro: Apenas + 1 História De Amor, por Dileia Souza · 2021, pag: 78
#* ''Que heresia , acho grosseirão o lance , mas preciso cortar essa '''vaibe''' e logo.'' livro: Saga lusa o relato de uma viagem, por Adriana Calcanhotto · 2008, pag: 28
===Sinônimos===
De '''1''':
{{verTambém.Ini}}
* [[clima]]
{{verTambém.NovaColuna}}
* {{escopo2|estrangeirismo}} ''[[vibe]]''
{{verTambém.Fim}}
=={{etimologia|pt}}==
{{llietimo|en|vibe|pt}}
==Ver também==
===No Wikcionário===
{{verTambém.Ini}}
* [[ambiente]]
{{verTambém.NovaColuna}}
* [[momento]]
{{verTambém.Fim}}
==Ligações externas==
* [https://groups.google.com/d/msg/undertreta/5CJjDDt3gr0/n3cZPr6HNOcJ Google Groups - citação 1]
* [https://groups.google.com/d/msg/gentebonita/M1VhsTYRayM/EKOA-fdAFq4J Google Groups - citação 2]
[[Categoria:Substantivo (Português)]]</text>
<sha1>jd95oygk577k9xu8tkfx30j0zzhuuwx</sha1>
</revision>
</page>
