<page>
<title>vaidosa</title>
<ns>0</ns>
<id>173006</id>
<revision>
<id>1983849</id>
<parentid>1190529</parentid>
<timestamp>2015-08-15T17:14:01Z</timestamp>
<contributor>
<username>YS-Bot</username>
<id>32241</id>
</contributor>
<minor />
<comment>r2.7.3) (Robô: A adicionar: [[en:vaidosa]]</comment>
<model>wikitext</model>
<format>text/x-wiki</format>
<text bytes="215" xml:space="preserve">={{-pt-}}=
==Adjetivo==
{{flex.pt|ms=vaidoso|mp=vaidosos|fs=vaidosa|fp=vaidosas}}
{{paroxítona|vai|do|sa}} {{f}}
#[[feminino]] [[de]] '''[[vaidoso]]'''
[[Categoria:Forma de adjetivo (Português)]]
[[en:vaidosa]]</text>
<sha1>p3y8uyudb3j4f566dxomos9c7l8pzck</sha1>
</revision>
</page>
