<page>
<page>
<title>vaidoso</title>
<ns>0</ns>
<id>43773</id>
<revision>
<id>2610646</id>
<parentid>2463735</parentid>
<timestamp>2021-01-30T21:49:28Z</timestamp>
<contributor>
<username>Marxav</username>
<id>73271</id>
</contributor>
<minor />
<comment>AFI Portugal</comment>
<model>wikitext</model>
<format>text/x-wiki</format>
<text bytes="786" xml:space="preserve">{{Wikisource|Não lamentes, Alcino, o teu estado}}
={{-pt-}}=
==Adjetivo==
{{flex.pt|ms=vaidoso|mp=vaidosos|fs=vaidosa|fp=vaidosas}}
{{paroxítona|vai|do|so}}
# [[que]] [[possuir|possui]] [[vaidade]]
# [[fútil]], [[presunçoso]]
===Tradução===
{{tradini}}
* {{trad|fr|vaniteux}}
* {{trad|el|ματαιόδοξος}}
* {{trad|it|vanitoso}}
{{tradmeio}}
* {{trad|mwl|baidoso|beidoso|prouista}}
* [[talian|Talian]]: [[afetà]]
{{tradfim}}
==Substantivo==
{{paroxítona|vai|do|so}}
# [[aquele]] [[que]] [[possuir|possui]] [[vaidade]]
===Antônimo===
* [[modesto]]
=={{pronúncia|pt}}==
===Portugal===
* AFI: {{AFI|/vaj.ˈdo.zu/}}
[[Categoria:Adjetivo (Português)]]
[[Categoria:Substantivo (Português)]]
[[chr:vaidoso]]
[[el:vaidoso]]
[[en:vaidoso]]
[[fr:vaidoso]]
[[mg:vaidoso]]</text>
<sha1>h6omoyv7f2tm7zfjsb7jff22qwhz1yx</sha1>
</revision>
