<page>
<page>
<title>vaidades</title>
<ns>0</ns>
<id>103386</id>
<revision>
<id>1711734</id>
<parentid>1711731</parentid>
<timestamp>2013-08-13T17:21:58Z</timestamp>
<contributor>
<username>ValJor</username>
<id>1358</id>
</contributor>
<minor />
<comment>Revertidas edições por [[Especial:Contribuições/177.158.112.41|177.158.112.41]] para a última versão por [[Especial:Contribuições/HydrizBot|HydrizBot]]</comment>
<model>wikitext</model>
<format>text/x-wiki</format>
<text bytes="340" xml:space="preserve">={{-pt-}}=
==Forma de substantivo==
{{paroxítona|vai|da|des}}
# plural de [[vaidade]]
=={{etimologia|pt}}==
: {{escopo|Morfologia}} [[vaidade]] + [[-s]].
=={{pronúncia|pt}}==
===Brasil===
* [[AFI]]: {{AFI|/vɐj.ˈda.ʤɪs/}}
* [[X-SAMPA]]: /v6j.&quot;da.dZIs/
[[Categoria:Forma de substantivo (Português)]]
[[en:vaidades]]
[[eo:vaidades]]</text>
<sha1>kf7p23r4lowabyufdd22w78bihb1es9</sha1>
</revision>
