<page>
<page>
<title>vaidade</title>
<ns>0</ns>
<id>56455</id>
<revision>
<id>2610991</id>
<parentid>2488160</parentid>
<timestamp>2021-01-30T22:45:10Z</timestamp>
<contributor>
<username>Marxav</username>
<id>73271</id>
</contributor>
<minor />
<comment>AFI Portugal</comment>
<model>wikitext</model>
<format>text/x-wiki</format>
<text bytes="555" xml:space="preserve">{{Wikiquote}}
={{-pt-}}=
==Substantivo==
{{flex.pt|fs=vaidade|fp=vaidades}}
{{paroxítona|vai|da|de}} {{f}}
# [[ostentação]]
# [[orgulho]]
# [[presunção]]
{{tradini}}
* {{trad|fr|vanité}}
* {{trad|en|vanity}}
{{tradmeio}}
* {{trad|mwl|baidade|beidade|proua}}
{{tradfim}}
==={{etimologia|pt}}===
* Do [[latim]]: ''[[vanitas]], -atem''
=={{pronúncia|pt}}==
===Portugal===
* AFI: {{AFI|/vaj.ˈda.dɨ/}}
[[Categoria:Substantivo (Português)]]
[[chr:vaidade]]
[[en:vaidade]]
[[eo:vaidade]]
[[fr:vaidade]]
[[gl:vaidade]]
[[mg:vaidade]]
[[zh:vaidade]]</text>
<sha1>sx043ygzck3mecgqm9eoh9iuu8nc4hv</sha1>
</revision>
