<page>
<title>vaina</title>
<ns>0</ns>
<id>13519</id>
<revision>
<id>2080719</id>
<parentid>1997538</parentid>
<timestamp>2016-04-03T09:46:12Z</timestamp>
<contributor>
<username>HydrizBot</username>
<id>29590</id>
</contributor>
<minor />
<comment>Robô: A adicionar: [[et:vaina]]</comment>
<model>wikitext</model>
<format>text/x-wiki</format>
<text bytes="556" xml:space="preserve">={{-es-}}=
==Substantivo==
'''vaina'''
# [[vagem]]
[[Categoria:Substantivo (Espanhol)]]
={{-ia-}}=
==Substantivo==
'''va.i.na''', {{f}}
# [[bainha]]
[[Categoria:Substantivo (Interlíngua)]]
[[Categoria:Trissílabo (Interlíngua)]]
={{-lv-}}=
==Substantivo==
'''vaina'''
# [[defeito]]
[[Categoria:Substantivo (Letão)]]
[[ca:vaina]]
[[chr:vaina]]
[[en:vaina]]
[[es:vaina]]
[[et:vaina]]
[[eu:vaina]]
[[fi:vaina]]
[[fr:vaina]]
[[gl:vaina]]
[[io:vaina]]
[[it:vaina]]
[[ko:vaina]]
[[lt:vaina]]
[[mg:vaina]]
[[nl:vaina]]
[[pl:vaina]]
[[ru:vaina]]
[[zh:vaina]]</text>
<sha1>63pe8hx2hb0rfvlxg52p8092aca0pus</sha1>
</revision>
</page>
