<page>
<page>
<title>vainglory</title>
<ns>0</ns>
<id>11062</id>
<revision>
<id>2147558</id>
<parentid>1961411</parentid>
<timestamp>2016-07-03T22:54:30Z</timestamp>
<contributor>
<username>HydrizBot</username>
<id>29590</id>
</contributor>
<minor />
<comment>Robô: A adicionar: [[hu:vainglory]]</comment>
<model>wikitext</model>
<format>text/x-wiki</format>
<text bytes="577" xml:space="preserve">={{-en-}}=
==Substantivo==
'''vainglory'''
# [[vanglória]]
===Sinônimos===
{{verTambém.Ini}}
* [[presumption]]
{{verTambém.NovaColuna}}
* [[presumptuousness]]
{{verTambém.NovaColuna}}
* [[self-aggrandizing]]
{{verTambém.Fim}}
[[Categoria:Substantivo (Inglês)]]
[[Categoria:Sentimento (Inglês)]]
[[de:vainglory]]
[[en:vainglory]]
[[et:vainglory]]
[[fi:vainglory]]
[[fr:vainglory]]
[[hu:vainglory]]
[[hy:vainglory]]
[[kn:vainglory]]
[[ko:vainglory]]
[[ku:vainglory]]
[[mg:vainglory]]
[[ml:vainglory]]
[[pl:vainglory]]
[[ta:vainglory]]
[[vi:vainglory]]
[[zh:vainglory]]</text>
<sha1>nvhis59tqq00fk7brw4dhl9jmy7fs21</sha1>
</revision>
