<page>
<page>
<title>vaivéns</title>
<ns>0</ns>
<id>333917</id>
<revision>
<id>1882710</id>
<parentid>1874995</parentid>
<timestamp>2014-12-28T16:45:03Z</timestamp>
<contributor>
<username>YS-Bot</username>
<id>32241</id>
</contributor>
<minor />
<comment>r2.7.3) (Robô: A adicionar: [[en:vaivéns]]</comment>
<model>wikitext</model>
<format>text/x-wiki</format>
<text bytes="181" xml:space="preserve">={{-pt-}}=
==Forma de substantivo==
{{oxítona|vai|véns}}, {{mp}}
# plural de [[vaivém]]
{{avi-for-fle|vaivém}}
[[Categoria:Forma de substantivo (Português)]]
[[en:vaivéns]]</text>
<sha1>hsseswevo7rguyxdei6h5rkdjz5cn6u</sha1>
</revision>
