<page>
<title>vaivém</title>
<ns>0</ns>
<id>333870</id>
<revision>
<id>2451103</id>
<parentid>1874733</parentid>
<timestamp>2017-09-20T10:56:22Z</timestamp>
<contributor>
<username>Askekamo</username>
<id>60711</id>
</contributor>
<model>wikitext</model>
<format>text/x-wiki</format>
<text bytes="742" xml:space="preserve">={{-pt-}}=
==Substantivo==
{{flex.pt|ms=vaivém|mp=vaivéns}}
{{oxítona|vai|vém}}, {{m}}
# [[antigo|antiga]] [[máquina]] de [[guerra]], para [[desmoronar]] [[muralha]]s ou [[arrombar]] as [[porta]]s das [[fortificação|fortificações]]
# [[aríete]]
# [[pancada]] dessa máquina de guerra
# [[movimento]] [[oscilatório]]
# movimento de [[objeto]] que [[ir|vai]] e [[vir|vem]]
# [[balanço]], com que se [[impelir|impele]] alguma coisa
# [[alternativa]]
# [[vicissitude]]
# [[capricho]] da [[fortuna]]
=={{etimologia|pt}}==
: {{escopo|Morfologia}} [[ir]] + [[vir]].
==Ver também==
===No Wikcionário===
* [[entra e sai]]
==Ligações externas==
* {{DicioAberto}}
[[Categoria:Substantivo (Português)]]
[[en:vaivém]]
[[mg:vaivém]]</text>
<sha1>kl9f6qj8m7051z5ndgq731pghk4bidz</sha1>
</revision>
</page>
