<page>
<page>
<title>vajisar</title>
<ns>0</ns>
<id>239364</id>
<revision>
<id>2256661</id>
<parentid>1801842</parentid>
<timestamp>2017-03-27T00:59:15Z</timestamp>
<contributor>
<username>OctraBot</username>
<id>56948</id>
</contributor>
<minor />
<comment>Robô: A adicionar: [[eo:vajisar]]</comment>
<model>wikitext</model>
<format>text/x-wiki</format>
<text bytes="179" xml:space="preserve">={{-io-}}=
==Verbo==
'''vajisar'''
# [[vagir]]
{{página-automática|julho|2010|vagir|io}}
[[Categoria:Verbo (Ido)]]
[[en:vajisar]]
[[eo:vajisar]]
[[fr:vajisar]]
[[io:vajisar]]</text>
<sha1>0sk4q3epqw7z79eedmjcpou1dh33kta</sha1>
</revision>
