<page>
<title>vajina</title>
<ns>0</ns>
<id>52157</id>
<revision>
<id>2139630</id>
<parentid>2134069</parentid>
<timestamp>2016-06-11T08:23:42Z</timestamp>
<contributor>
<username>UT-interwiki-Bot</username>
<id>56129</id>
</contributor>
<minor />
<comment>Robô: A adicionar: [[fi:vajina]]</comment>
<model>wikitext</model>
<format>text/x-wiki</format>
<text bytes="1120" xml:space="preserve">={{-lfn-}}=
==Substantivo==
{{flex.lfn|vajina|vaginas}}
{{paroxítona|va|ji|na|lang=lfn}}
# [[vagina]]
===Formas alternativas===
* '''[[alfabeto cirílico|Alfabeto cirílico]]:''' {{l.s.|важина|{{lfn}}}}
===Verbetes derivados===
{{verTambém.Ini}}
* {{link opcional|vajinal|lfn}}
{{verTambém.NovaColuna}}
{{verTambém.Fim}}
{{categorias|{{nome categoria|lfn}}|Substantivo|Anatomia}}
={{-tr-}}=
{{Wikipédia|lang=tr}}
==Substantivo==
'''vajina''', ''sem gênero''
# [[vagina]]
# [[órgão]] [[sexual]] [[feminino]]
===Declinação===
{{decl.tr.sub.y|vajina|vajinalar}}
===Sinônimos===
{{verTambém.Ini}}
* {{link opcional|döl yolu|tr}}
{{verTambém.NovaColuna}}
{{verTambém.Fim}}
=={{etimologia|tr}}==
{{llietimo|la|vagina|tr}}
==Ver Também==
{{verTambém.Ini}}
* {{link opcional|dişilik organı|tr}}
{{verTambém.NovaColuna}}
{{verTambém.Fim}}
{{categorias|{{nome categoria|tr}}|Substantivo|Anatomia}}
[[az:vajina]]
[[bs:vajina]]
[[el:vajina]]
[[en:vajina]]
[[fi:vajina]]
[[fr:vajina]]
[[io:vajina]]
[[ka:vajina]]
[[ku:vajina]]
[[mg:vajina]]
[[nl:vajina]]
[[pl:vajina]]
[[th:vajina]]
[[tr:vajina]]</text>
<sha1>hpgbpmwrvimqtc7csfnyq89t5eejq8w</sha1>
</revision>
</page>
