<page>
<page>
<title>vajoca</title>
<ns>0</ns>
<id>411758</id>
<revision>
<id>2549267</id>
<parentid>2549266</parentid>
<timestamp>2019-07-11T15:07:23Z</timestamp>
<contributor>
<username>Cpls</username>
<id>20608</id>
</contributor>
<comment>/* Sinónimos */</comment>
<model>wikitext</model>
<format>text/x-wiki</format>
<text bytes="541" xml:space="preserve">={{-gl-}}=
==Substantivo==
{{flex.gl|fs=vajoca|fp=vajocas}}
{{paroxítona|va|jo|ca|lang=gl}}, {{g|f|lang=gl}}
# {{escopo|gl|Botânica}} [[vagem]] de legume
===Sinónimos===
* [[careca#{{gl}}|careca]], [[casula#{{gl}}|casula]], [[casulo#{{gl}}|casulo]], [[gaja#Galego|gaja]], [[vagina#Galego|vagina]], [[vaja#Galego|vaja]], [[vajola#Galego|vajola]], [[varja#Galego|varja]]
=={{etimologia|gl}}==
: {{escopo|Morfologia}} De ''[[vagem#{{gl}}|vagem]]'' ou ''[[vaja#{{gl}}|vaja]]'' + ''[[-oco#{{gl}}|-oca]]''.
[[Categoria:Substantivo (Galego)]]</text>
<sha1>ta7hgue9bn1712ds2hymfs4ufrsketf</sha1>
</revision>
