<page>
<title>vajola</title>
<ns>0</ns>
<id>358730</id>
<revision>
<id>2549269</id>
<parentid>2097526</parentid>
<timestamp>2019-07-11T15:12:30Z</timestamp>
<contributor>
<username>Cpls</username>
<id>20608</id>
</contributor>
<comment>/* {{-gl-}} */</comment>
<model>wikitext</model>
<format>text/x-wiki</format>
<text bytes="577" xml:space="preserve">={{-gl-}}=
==Substantivo==
{{flex.gl|fs=vajola|fp=vajolas}}
{{paroxítona|va|jo|la|lang=gl}}, {{g|f|lang=gl}}
# [[papo]], parte anterior do colo que apresenta inchaço
# [[vagem]]
# [[baga]]
==={{-varort-}}===
* [[bajola#Galego|bajola]]
===Sinónimos===
* De '''2''' (vagem): [[gaja#Galego|gaja]], [[vagina#Galego|vagina]], [[vaja#Galego|vaja]], [[vajoca#Galego|vajoca]], [[varja#Galego|varja]]
=={{etimologia|gl}}==
: De [[vagem]]. Confronte-se com ''[[gajola#Galego|gajola]]'', ''[[gajeira#Galego|gajeira]]'' e ''[[gaja#Galego|gaja]]''.
[[Categoria:Substantivo (Galego)]]</text>
<sha1>7ins9w44t6lvulejcavlrn2ddoxsrkw</sha1>
</revision>
</page>
