<page>
<page>
<title>vakapi</title>
<ns>0</ns>
<id>331740</id>
<revision>
<id>2520645</id>
<parentid>1944148</parentid>
<timestamp>2018-09-29T10:14:41Z</timestamp>
<contributor>
<username>ValJor</username>
<id>1358</id>
</contributor>
<comment>Confirmando [[:Categoria:!Entrada criada por robô|verbete criado por robô]]</comment>
<model>wikitext</model>
<format>text/x-wiki</format>
<text bytes="112" xml:space="preserve">{{Wikipédia|lang=gn}}
={{-gn-}}=
==Substantivo==
'''vakapi'''
# [[couro]]
[[Categoria:Substantivo (Guarani)]]</text>
<sha1>ldjlss6eby4rcem37qlq2rthjrosqnq</sha1>
</revision>
