<page>
<page>
<title>vakarai</title>
<ns>0</ns>
<id>66974</id>
<revision>
<id>2631395</id>
<parentid>2045490</parentid>
<timestamp>2021-04-23T13:58:20Z</timestamp>
<contributor>
<username>ValJor</username>
<id>1358</id>
</contributor>
<comment>Acrescentando código de língua à [[:Categoria:!Página com mensagem de erro em predefinição|predefinição escopo]]</comment>
<model>wikitext</model>
<format>text/x-wiki</format>
<text bytes="215" xml:space="preserve">{{Wikipédia|lang=lt}}
={{-lt-}}=
==Substantivo==
'''vakarai''' 
# {{escopo|lt|Geografia}} [[oeste]]
# [[ocidente]]
==Ver também==
===No Wikcionário===
{{pontos cardeais/lt}}
[[Categoria:Substantivo (Lituano)]]</text>
<sha1>r8cf9bdmk5n0g0n12rkd6inwtvmp3oj</sha1>
</revision>
