<page>
<page>
<title>Valahia</title>
<ns>0</ns>
<id>336876</id>
<revision>
<id>2631385</id>
<parentid>2281869</parentid>
<timestamp>2021-04-23T13:30:11Z</timestamp>
<contributor>
<username>ValJor</username>
<id>1358</id>
</contributor>
<comment>Acrescentando código de língua à [[:Categoria:!Página com mensagem de erro em predefinição|predefinição escopo]]</comment>
<model>wikitext</model>
<format>text/x-wiki</format>
<text bytes="313" xml:space="preserve">={{-lfn-}}=
==Substantivo==
'''Valahia'''
# {{escopo|lfn|Geografia}} [[Valáquia]]
==={{-varort-}}===
* '''Alfabeto cirílico''': {{l.s.|Валахиа|{{lfn}}}}
===Verbetes derivados===
* {{link opcional|valah|lfn}}
[[Categoria:Substantivo (Língua Franca Nova)]]
[[Categoria:Topónimo (Língua Franca Nova)]]</text>
<sha1>n8iuiru0thxcmaoohxct2bpkpv5v8x0</sha1>
</revision>
