<page>
<page>
<title>valado</title>
<ns>0</ns>
<id>263379</id>
<revision>
<id>2139627</id>
<parentid>1188812</parentid>
<timestamp>2016-06-11T08:23:12Z</timestamp>
<contributor>
<username>UT-interwiki-Bot</username>
<id>56129</id>
</contributor>
<minor />
<comment>Robô: A adicionar: [[en:valado]]</comment>
<model>wikitext</model>
<format>text/x-wiki</format>
<text bytes="441" xml:space="preserve">={{-pt-}}=
==Adjetivo==
{{flex.pt|ms=valado|mp=valados|fs=valada|fp=valadas}}
{{paroxítona|valado}}
# que está cercado por uma [[vala]]
==Substantivo==
# [[valo]] de terra e vegetação
==Ver também==
===No Wikcionário===
{{verTambém.Ini}}
* [[valar]]
{{verTambém.NovaColuna}}
* [[vala]]
{{verTambém.NovaColuna}}
* [[vale]]
{{verTambém.Fim}}
[[Categoria:Adjetivo (Português)]]
[[Categoria:Substantivo (Português)]]
[[en:valado]]</text>
<sha1>i9za6ys62svraabdgc3ugfbyfp8gxsk</sha1>
</revision>
