<page>
<title>valar</title>
<ns>0</ns>
<id>263380</id>
<revision>
<id>2139643</id>
<parentid>2036903</parentid>
<timestamp>2016-06-11T08:27:27Z</timestamp>
<contributor>
<username>UT-interwiki-Bot</username>
<id>56129</id>
</contributor>
<minor />
<comment>Robô: A adicionar: [[ro:valar]]</comment>
<model>wikitext</model>
<format>text/x-wiki</format>
<text bytes="409" xml:space="preserve">={{-pt-}}=
==Verbo==
{{oxítona|va|lar}}
# escavar covas, fazer [[vala]]s, [[suco]]s
# [[limitar]], defender com muro, com valo
===Conjugação===
{{conj/pt|valar|ar}}
==Ver também==
===No Wikcionário===
{{verTambém.Ini}}
* [[valado]]
{{verTambém.NovaColuna}}
* [[vale]]
{{verTambém.Fim}}
[[Categoria:Verbo (Português)]]
[[en:valar]]
[[gl:valar]]
[[mg:valar]]
[[nl:valar]]
[[ro:valar]]
[[sv:valar]]</text>
<sha1>f80f05wlq8z9ievacx394tyaw3920mo</sha1>
</revision>
</page>
