<page>
<page>
<title>vala</title>
<ns>0</ns>
<id>69575</id>
<revision>
<id>2622236</id>
<parentid>2596996</parentid>
<timestamp>2021-02-02T02:33:54Z</timestamp>
<contributor>
<username>MarxavBot</username>
<id>80155</id>
</contributor>
<minor />
<comment>AFI Portugal</comment>
<model>wikitext</model>
<format>text/x-wiki</format>
<text bytes="2065" xml:space="preserve">={{-pt-}}=
==Substantivo==
{{flex.pt|fs=vala|fp=valas}}
{{paroxítona|va|la}}, {{gramática|f}} {{+info|data=século XV}}
# [[escavação]] em um [[terreno]], de forma alongada e mais ou menos profunda, feita para variados fins, mais frequentemente para condução de águas, drenagem, ou instalação de encanamentos, esgotos etc
# {{escopo|pt|Minas Gerais|Espírito Santo}} leito de certos rios cujas águas secam regularmente em determinadas épocas do ano, geralmente entre maio e setembro
# o [[mesmo]] que '''[[vala comum]]'''
#* ''No buraco da '''vala''', a laje é brinquedo.''
# {{escopo|pt|São Paulo}} o [[mesmo]] que '''[[matumbo]]''' ('cova')
# {{escopo|pt|Futebol}} [[espaço]] [[limitado]] por [[traves]] que a [[bola]] deve [[transpor]], para [[marcar]] [[ponto]] no [[jogo]]
===Expressões===
* '''[[vala cabocla]]''': {{escopo2|Brasileirismo}} vala profunda que delimita propriedades ou terras.
* '''[[vala comum]]''': sepultura coletiva onde são enterrados gratuitamente os indigentes, ou onde se lançam cadáveres em períodos de epidemia, de mortandades coletivas como execuções, guerras etc.
===Sinônimos===
De '''5''':
{{verTambém.Ini}}
* [[gol]]
{{verTambém.NovaColuna}}
* [[meta]]
{{verTambém.Fim}}
=={{etimologia|pt}}==
{{llietimo|la|valla|pt|ponto=não}}, plural de {{etimo|la|vāllum}}, ''i'' &quot;paliçada, trincheira&quot; (segundo [[w:José Pedro Machado|José Pedro Machado]]).
=={{pronúncia|pt}}==
===Portugal===
* AFI: {{AFI|/ˈva.lɐ/}}
==Ligações externas==
* {{Aulete}}
* {{Michaelis}}
* {{DicioAberto}}
* {{DPLP}}
* {{Infopédia}}
* {{PLP}}
* {{VOLPABL}}
==Anagramas==
# [[aval]]
# [[lava]]
[[Categoria:Substantivo (Português)]]
={{-gl-}}=
==Substantivo==
{{flex.gl|fs=vala|fp=valas}}
{{paroxítona|va|la|lang=gl}}, {{gramática|f}}
# [[faixa]] estreita entre dous campos de cultura de distinta propriedade
=={{etimologia|gl}}==
{{llietimo|la|valla|pt|ponto=não}}, plural de {{etimo|la|vāllum}}. Confronte-se com ''[[valo#{{gl}}|valo]]''
==Homófono==
# [[bala#{{gl}}|bala]]
[[Categoria:Substantivo (Galego)]]</text>
<sha1>b9de5i98bodn910afmig1q9qordg555</sha1>
</revision>
