<page>
<title>valagoto</title>
<ns>0</ns>
<id>439140</id>
<revision>
<id>2654840</id>
<timestamp>2021-12-12T18:47:22Z</timestamp>
<contributor>
<username>Cpls</username>
<id>20608</id>
</contributor>
<comment>[[Ajuda:Guia de edição/Menus e ferramentas/Sumário de edição|→]] nova página: ={{-pt-}}= ==Substantivo== {{flex.pt|ms=valagoto|mp=valagotos}} {{paroxítona|va|la|go|to}}, ''(ô)'', {{gramática|m}} # {{escopo|pt|Alentejo}} pequena [[vala]]  ==={{-varort-}}=== * [[valigoto]]  =={{etimologia|pt}}== : Derivado de [[vala]].  ==Ligações externas== * {{Aulete}} * {{VOLPABL}}  [[Categoria:Substantivo (Português)]]</comment>
<model>wikitext</model>
<format>text/x-wiki</format>
<text bytes="335" xml:space="preserve">={{-pt-}}=
==Substantivo==
{{flex.pt|ms=valagoto|mp=valagotos}}
{{paroxítona|va|la|go|to}}, ''(ô)'', {{gramática|m}}
# {{escopo|pt|Alentejo}} pequena [[vala]]
==={{-varort-}}===
* [[valigoto]]
=={{etimologia|pt}}==
: Derivado de [[vala]].
==Ligações externas==
* {{Aulete}}
* {{VOLPABL}}
[[Categoria:Substantivo (Português)]]</text>
<sha1>hn2eruq9n3a99spuhh168fl2wjpmr8t</sha1>
</revision>
</page>
