<page>
<page>
<title>valas</title>
<ns>0</ns>
<id>181826</id>
<revision>
<id>2240182</id>
<parentid>2026000</parentid>
<timestamp>2017-02-18T04:21:15Z</timestamp>
<contributor>
<username>UT-interwiki-Bot</username>
<id>56129</id>
</contributor>
<minor />
<comment>Robô: A adicionar: [[eo:valas]]</comment>
<model>wikitext</model>
<format>text/x-wiki</format>
<text bytes="477" xml:space="preserve">={{-pt-}}=
==Forma de substantivo==
'''valas''' {{p}}
#plural de '''[[vala]]'''
[[Categoria:Forma de substantivo (Português)]].
[[chr:valas]]
[[el:valas]]
[[en:valas]]
[[eo:valas]]
[[es:valas]]
[[et:valas]]
[[eu:valas]]
[[fi:valas]]
[[fr:valas]]
[[hu:valas]]
[[id:valas]]
[[io:valas]]
[[ja:valas]]
[[ku:valas]]
[[lt:valas]]
[[mg:valas]]
[[pl:valas]]
[[ro:valas]]
[[ru:valas]]
[[sv:valas]]
[[tg:valas]]
[[th:valas]]
[[tl:valas]]
[[tr:valas]]
[[uk:valas]]
[[zh-min-nan:valas]]</text>
<sha1>r6k3rszndx8cxitgd4mh5kpv3suyx4a</sha1>
</revision>
