<page>
<page>
<title>Valadares</title>
<ns>0</ns>
<id>342487</id>
<revision>
<id>2449439</id>
<parentid>2281868</parentid>
<timestamp>2017-09-13T00:52:16Z</timestamp>
<contributor>
<username>MIL973</username>
<id>41339</id>
</contributor>
<model>wikitext</model>
<format>text/x-wiki</format>
<text bytes="484" xml:space="preserve">={{-pt-}}=
==Substantivo==
{{flex.pt|s=Valadares|p=Valadares}}
{{paroxítona|Va|la|da|res}}, {{gramática|pr|c2g2n}}
# {{escopo|pt|Antropônimo}} [[Apêndice:Sobrenomes em português|sobrenome]] comum em português
===Expressões===
* '''[[Governador Valadares]]''':
==Forma de substantivo==
{{paroxítona|Va|la|da|res}}, {{gramática|pr|c2g2n}}
# plural de Valadares
{{avi-for-fle|Valadares}}
[[Categoria:Substantivo (Português)]]
[[Categoria:Forma de substantivo (Português)]]</text>
<sha1>m4oh8wi632gx55pak05q4pa60wegoth</sha1>
</revision>
