<page>
<title>valboeiro</title>
<ns>0</ns>
<id>438473</id>
<revision>
<id>2654839</id>
<parentid>2651965</parentid>
<timestamp>2021-12-12T15:25:51Z</timestamp>
<contributor>
<username>ValJor</username>
<id>1358</id>
</contributor>
<comment>Melhorando a apresentação do verbete</comment>
<model>wikitext</model>
<format>text/x-wiki</format>
<text bytes="422" xml:space="preserve">={{-pt-}}=
==Adjetivo==
{{flex.pt|ms=valboeiro|mp=valboeiros|fs=valboeira|fp=valboeiras}}
{{paroxítona|val|bo|ei|ro}}
# de ou relativo ao distrito de Valbom localizado no Porto, Portugal
==Substantivo==
{{paroxítona|val|bo|ei|ro}}
# habitante ou natural do distrito de Valbom localizado no Porto, Portugal
[[Categoria:Adjetivo (Português)]]
[[Categoria:Substantivo (Português)]]
[[Categoria:Gentílico (Português)]]</text>
<sha1>40n0czpxp0apb7g8c90u5mqwd9g790v</sha1>
</revision>
</page>
