<page>
<page>
<title>valboense</title>
<ns>0</ns>
<id>58750</id>
<revision>
<id>1469514</id>
<parentid>1188813</parentid>
<timestamp>2012-09-25T17:54:17Z</timestamp>
<contributor>
<username>ValJor</username>
<id>1358</id>
</contributor>
<comment>Separando adjetivo de substantivo</comment>
<model>wikitext</model>
<format>text/x-wiki</format>
<text bytes="340" xml:space="preserve">={{-pt-}}=
==Adjetivo==
{{flex.pt|s=valboense|p=valboenses}}
{{paroxítona|val|bo|en|se}}
# de ou relativo a [[Valbom]], cidade do Porto (Portugal)
==Substantivo==
{{paroxítona|val|bo|en|se}}
# habitante ou natural de Valbom
[[Categoria:Adjetivo (Português)]]
[[Categoria:Substantivo (Português)]]
[[Categoria:Gentílico (Português)]]</text>
<sha1>ba3ikexhcjxdwhhryx59gt3tx4rak38</sha1>
</revision>
