<page>
<title>Valdete</title>
<ns>0</ns>
<id>350678</id>
<revision>
<id>2559773</id>
<parentid>2467687</parentid>
<timestamp>2019-11-02T09:53:52Z</timestamp>
<contributor>
<username>MIL973</username>
<id>41339</id>
</contributor>
<model>wikitext</model>
<format>text/x-wiki</format>
<text bytes="375" xml:space="preserve">={{-pt-}}=
==Substantivo==
{{flex.pt|fs=Valdete|fp=Valdetes}}
{{paroxítona|Val|de|te}}, {{gramática|pr|f}}
# {{escopo|pt|Antropônimo}} [[Apêndice:Prenomes em português|prenome]] feminino
==Ver também==
===No Wikcionário===
====Antropônimos====
{{colunas|2}}
* [[Valda]]
* [[Valdir]]
* [[Valdirene]]
* [[Valdo]]
{{colunas/fim}}
[[Categoria:Substantivo (Português)]]</text>
<sha1>lt5g73s77v82geg2fjp5d7f2nqpmqne</sha1>
</revision>
</page>
