<page>
<page>
<title>Valdir</title>
<ns>0</ns>
<id>348107</id>
<revision>
<id>2559774</id>
<parentid>2467689</parentid>
<timestamp>2019-11-02T09:54:05Z</timestamp>
<contributor>
<username>MIL973</username>
<id>41339</id>
</contributor>
<model>wikitext</model>
<format>text/x-wiki</format>
<text bytes="371" xml:space="preserve">={{-pt-}}=
==Substantivo==
{{flex.pt|ms=Valdir|mp=Valdires}}
{{oxítona|Val|dir}}, {{gramática|pr|m}}
# {{escopo|pt|Antropônimo}} [[Apêndice:Prenomes em português|prenome]] masculino
==Ver também==
===No Wikcionário===
====Antropônimos====
{{colunas|2}}
* [[Valda]]
* [[Valdete]]
* [[Valdirene]]
* [[Valdo]]
{{colunas/fim}}
[[Categoria:Substantivo (Português)]]</text>
<sha1>d3n6eb1rf0g620g1vek91oatqo7hm8i</sha1>
</revision>
