<page>
<title>valdeva</title>
<ns>0</ns>
<id>373002</id>
<revision>
<id>2555794</id>
<parentid>2555793</parentid>
<timestamp>2019-10-03T17:51:19Z</timestamp>
<contributor>
<username>Cpls</username>
<id>20608</id>
</contributor>
<comment>/* {{-gl-}} */</comment>
<model>wikitext</model>
<format>text/x-wiki</format>
<text bytes="741" xml:space="preserve">={{-gl-}}=
==Substantivo==
{{flex.gl|fs=valdeva|fp=valdevas}}
{{paroxítona|val|de|va|lang=gl}}, {{g|f|lang=gl}}
# [[sarmento]] de [[videira]]
# {{escopo|gl|Planta}} [[vitalba]], (''[[species:Clematis vitalba|Clematis vitalba]]'')
# {{escopo|gl|Planta}} [[tamo]], (''[[species:Dioscorea communis|Dioscorea communis]]'')
# {{escopo|gl|Planta}} [[norça-preta]] (''[[species:Tamus communis|Tamus communis]]'')
==={{-varort-}}===
* [[valdeba#{{gl}}|valdeba]]
===Sinónimo===
* De '''1''': [[vidra#{{gl}}|vidra]]
=={{etimologia|gl}}==
: Aparentada com o latim {{etimo|la|balteus}} &quot;[[cinto]]&quot;,  da raiz protoindo-europeia ''*welH-'' &quot;[[virar]], enrolar&quot;. Confronte-se com ''[[veldregas#Galego|veldregas]]''.
[[Categoria:Substantivo (Galego)]]</text>
<sha1>0z9q0h54kt9cnznu51v0s5ywzwkn70g</sha1>
</revision>
</page>
