<page>
<page>
<title>Valdetes</title>
<ns>0</ns>
<id>350679</id>
<revision>
<id>2467688</id>
<parentid>2060784</parentid>
<timestamp>2017-12-07T00:44:50Z</timestamp>
<contributor>
<username>MIL973</username>
<id>41339</id>
</contributor>
<model>wikitext</model>
<format>text/x-wiki</format>
<text bytes="182" xml:space="preserve">={{-pt-}}=
==Forma de substantivo==
{{paroxítona|Val|de|tes}}, {{gramática|pr|fp}}
# plural de [[Valdete]]
{{avi-for-fle|Valdete}}
[[Categoria:Forma de substantivo (Português)]]</text>
<sha1>hynqh2x4vfwzppfho35uv23f0hjxhvw</sha1>
</revision>
