<page>
<title>Valdirenes</title>
<ns>0</ns>
<id>348109</id>
<revision>
<id>2467692</id>
<parentid>2043582</parentid>
<timestamp>2017-12-07T00:50:06Z</timestamp>
<contributor>
<username>MIL973</username>
<id>41339</id>
</contributor>
<model>wikitext</model>
<format>text/x-wiki</format>
<text bytes="189" xml:space="preserve">={{-pt-}}=
==Forma de substantivo==
{{paroxítona|Val|di|re|nes}}, {{gramática|pr|fp}}
# plural de [[Valdirene]]
{{avi-for-fle|Valdirene}}
[[Categoria:Forma de substantivo (Português)]]</text>
<sha1>607zrp2093rpohbpkv08ksz2taguah8</sha1>
</revision>
</page>
