<page>
<title>valdenses</title>
<ns>0</ns>
<id>348110</id>
<revision>
<id>2467697</id>
<parentid>2139642</parentid>
<timestamp>2017-12-07T00:56:53Z</timestamp>
<contributor>
<username>MIL973</username>
<id>41339</id>
</contributor>
<model>wikitext</model>
<format>text/x-wiki</format>
<text bytes="326" xml:space="preserve">={{-pt-}}=
==Forma de adjetivo==
{{paroxítona|val|den|ses}}, {{gramática|c2gp}}
# plural de [[valdense]]
==Forma de substantivo==
{{paroxítona|val|den|ses}}, {{gramática|c2gp}}
# plural de [[valdense]]
{{avi-for-fle|valdense}}
[[Categoria:Forma de adjetivo (Português)]]
[[Categoria:Forma de substantivo (Português)]]</text>
<sha1>iaobdpguwystc4y6ca2bts9e9188gay</sha1>
</revision>
</page>
