<page>
<page>
<title>Valdo</title>
<ns>0</ns>
<id>348103</id>
<revision>
<id>2561325</id>
<parentid>2559776</parentid>
<timestamp>2019-11-14T08:06:20Z</timestamp>
<contributor>
<username>MIL973</username>
<id>41339</id>
</contributor>
<model>wikitext</model>
<format>text/x-wiki</format>
<text bytes="646" xml:space="preserve">{{ver também|valdo}}
={{-pt-}}=
==Substantivo==
{{flex.pt|ms=Valdo|mp=Valdos}}
{{paroxítona|Val|do}}, {{gramática|pr|m}}
# {{escopo|pt|Antropônimo}} [[Apêndice:Prenomes em português|prenome]] masculino
# {{escopo|pt|Topónimo}} região da [[Suíça]]
# {{escopo|pt|Religião}} religioso francês, fundador da Igreja [[valdense|Valdense]] no [[w:século XII|século XII]]
==Ver também==
===No Wikcionário===
====Antropônimos====
{{colunas|2}}
* [[Valda]]
* [[Valdete]]
* [[Valdir]]
* [[Valdirene]]
{{colunas/fim}}
====Wikisaurus====
* [[Wikisaurus:religião|religião]]
==Anagrama==
# [[Dalvo]]
[[Categoria:Substantivo (Português)]]</text>
<sha1>fjavs6yz2ekk46cnvu5kljesbt8aws3</sha1>
</revision>
