<page>
<title>Valdos</title>
<ns>0</ns>
<id>348104</id>
<revision>
<id>2561326</id>
<parentid>2467695</parentid>
<timestamp>2019-11-14T08:06:46Z</timestamp>
<contributor>
<username>MIL973</username>
<id>41339</id>
</contributor>
<model>wikitext</model>
<format>text/x-wiki</format>
<text bytes="226" xml:space="preserve">{{ver também|valdos}}
={{-pt-}}=
==Forma de substantivo==
{{paroxítona|Val|dos}}, {{gramática|pr|mp}}
# plural de [[Valdo]]
{{avi-for-fle|Valdo}}
==Anagrama==
# [[Dalvos]]
[[Categoria:Forma de substantivo (Português)]]</text>
<sha1>38j4qki2bfcoh32zj6491yvvd1s9knw</sha1>
</revision>
</page>
