<page>
<title>Valdirene</title>
<ns>0</ns>
<id>348106</id>
<revision>
<id>2559775</id>
<parentid>2467691</parentid>
<timestamp>2019-11-02T09:54:24Z</timestamp>
<contributor>
<username>MIL973</username>
<id>41339</id>
</contributor>
<model>wikitext</model>
<format>text/x-wiki</format>
<text bytes="380" xml:space="preserve">={{-pt-}}=
==Substantivo==
{{flex.pt|fs=Valdirene|fp=Valdirenes}}
{{paroxítona|Val|di|re|ne}}, {{gramática|pr|f}}
# {{escopo|pt|Antropônimo}} [[Apêndice:Prenomes em português|prenome]] feminino
==Ver também==
===No Wikcionário===
====Antropônimos====
{{colunas|2}}
* [[Valda]]
* [[Valdete]]
* [[Valdir]]
* [[Valdo]]
{{colunas/fim}}
[[Categoria:Substantivo (Português)]]</text>
<sha1>m3zhtxkgbfpo9mj788xty8wp3c6npk5</sha1>
</revision>
</page>
