<page>
<title>valdense</title>
<ns>0</ns>
<id>58751</id>
<revision>
<id>2559777</id>
<parentid>2467696</parentid>
<timestamp>2019-11-02T09:55:12Z</timestamp>
<contributor>
<username>MIL973</username>
<id>41339</id>
</contributor>
<model>wikitext</model>
<format>text/x-wiki</format>
<text bytes="760" xml:space="preserve">={{-pt-}}=
==Adjetivo==
{{flex.pt|s=valdense|p=valdenses}}
{{paroxítona|val|den|se}}, {{gramática|c2g}}
# {{escopo|pt|Gentílico}} de [[Valdo]], região da [[Suíça]]
# {{escopo|pt|Religião}} relativo ao religioso Valdo, à Igreja Valdense ou aos seus seguidores
==Substantivo==
{{flex.pt|s=valdense|p=valdenses}}
{{paroxítona|val|den|se}}, {{gramática|c2g}}
# {{escopo|pt|Gentílico}} natural de Valdo ou seu habitante
# {{escopo|pt|Religião}} seguidor desta religião
=={{etimologia|pt}}==
: {{escopo|Morfologia}} De [[Valdo]] + [[-ense]].
==Ver também==
===No Wikcionário===
====Wikisaurus====
* [[Wikisaurus:religião|religião]]
==Ligações externas==
* {{VOLPABL}}
[[Categoria:Adjetivo (Português)]]
[[Categoria:Substantivo (Português)]]</text>
<sha1>mp42azieuzitbawzpqo4909v6uslwp6</sha1>
</revision>
</page>
