<page>
<title>Valdires</title>
<ns>0</ns>
<id>348108</id>
<revision>
<id>2467690</id>
<parentid>2043580</parentid>
<timestamp>2017-12-07T00:46:46Z</timestamp>
<contributor>
<username>MIL973</username>
<id>41339</id>
</contributor>
<model>wikitext</model>
<format>text/x-wiki</format>
<text bytes="180" xml:space="preserve">={{-pt-}}=
==Forma de substantivo==
{{paroxítona|Val|di|res}}, {{gramática|pr|mp}}
# plural de [[Valdir]]
{{avi-for-fle|Valdir}}
[[Categoria:Forma de substantivo (Português)]]</text>
<sha1>1qbsbatqwijmgy2x50h5afzb2xyiqt5</sha1>
</revision>
</page>
