<page>
<page>
<title>valdeba</title>
<ns>0</ns>
<id>331995</id>
<revision>
<id>2555795</id>
<parentid>2227427</parentid>
<timestamp>2019-10-03T17:51:40Z</timestamp>
<contributor>
<username>Cpls</username>
<id>20608</id>
</contributor>
<comment>/* {{-gl-}} */</comment>
<model>wikitext</model>
<format>text/x-wiki</format>
<text bytes="700" xml:space="preserve">={{-gl-}}=
==Substantivo==
{{flex.gl|fs=valdeba|fp=valdebas}}
{{paroxítona|val|de|ba|lang=gl}}, {{g|f|lang=gl}}
# {{escopo|gl|Planta}} [[vitalba]], (''[[species:Clematis vitalba|Clematis vitalba]]'')
# {{escopo|gl|Planta}} [[tamo]], (''[[species:Dioscorea communis|Dioscorea communis]]'')
# {{escopo|gl|Planta}} [[norça-preta]] (''[[species:Tamus communis|Tamus communis]]'')
==={{-varort-}}===
* [[valdeva#{{gl}}|valdeva]]
===Sinónimos===
* De '''1''' (vitalba): [[congórcia#Galego|congórcia]], [[erva dos esmoleiros#Galego|erva dos esmoleiros]], [[uminha#Galego|uminhas]], [[veldregas#Galego|veldregas]]
==Ver também==
===No Wikcionário===
* [[baldar]]
[[Categoria:Substantivo (Galego)]]</text>
<sha1>gfvvlx16cooi6b3pcvrh1q1hgymy6je</sha1>
</revision>
