<page>
<page>
<title>Valda</title>
<ns>0</ns>
<id>348102</id>
<revision>
<id>2561323</id>
<parentid>2559772</parentid>
<timestamp>2019-11-14T08:05:28Z</timestamp>
<contributor>
<username>MIL973</username>
<id>41339</id>
</contributor>
<model>wikitext</model>
<format>text/x-wiki</format>
<text bytes="419" xml:space="preserve">{{ver também|valda}}
={{-pt-}}=
==Substantivo==
{{flex.pt|fs=Valda|fp=Valdas}}
{{paroxítona|Val|da}}, {{gramática|pr|f}}
# {{escopo|pt|Antropônimo}} [[Apêndice:Prenomes em português|prenome]] feminino
==Ver também==
===No Wikcionário===
====Antropônimos====
{{colunas|2}}
* [[Valdete]]
* [[Valdir]]
* [[Valdirene]]
* [[Valdo]]
{{colunas/fim}}
==Anagrama==
# [[Dalva]]
[[Categoria:Substantivo (Português)]]</text>
<sha1>kvgwyatshgwva8hduzyg26oammad7r8</sha1>
</revision>
