<page>
<title>Valdas</title>
<ns>0</ns>
<id>348105</id>
<revision>
<id>2561324</id>
<parentid>2467686</parentid>
<timestamp>2019-11-14T08:05:55Z</timestamp>
<contributor>
<username>MIL973</username>
<id>41339</id>
</contributor>
<model>wikitext</model>
<format>text/x-wiki</format>
<text bytes="226" xml:space="preserve">{{ver também|valdas}}
={{-pt-}}=
==Forma de substantivo==
{{paroxítona|Val|das}}, {{gramática|pr|fp}}
# plural de [[Valda]]
{{avi-for-fle|Valda}}
==Anagrama==
# [[Dalvas]]
[[Categoria:Forma de substantivo (Português)]]</text>
<sha1>o9vrlr960crrtn262ypznlxcczpdy0y</sha1>
</revision>
</page>
