<page>
<title>valdarán</title>
<ns>0</ns>
<id>95900</id>
<revision>
<id>2207012</id>
<parentid>1801835</parentid>
<timestamp>2016-12-05T14:10:11Z</timestamp>
<contributor>
<username>UT-interwiki-Bot</username>
<id>56129</id>
</contributor>
<minor />
<comment>Robô: A adicionar: [[hr:valdarán]]</comment>
<model>wikitext</model>
<format>text/x-wiki</format>
<text bytes="388" xml:space="preserve">={{-is-}}=
== Substantivo ==
'''valdarán''', ''neutro, forte, grupo 1''
# [[golpe de estado]].
=== Declinação ===
{{decl.is.subst.forte.neu.1|valdarán}}
== Etimologia ==
: De ''[[vald#{{is}}|valda]]'' (''&quot;de poder&quot;'') + ''[[rán#{{is}}|rán]]'' (''&quot;roubo&quot;'').
[[Categoria:Substantivo (Islandês)]]
[[Categoria:Entrada com etimologia (Islandês)]]
[[hr:valdarán]]
[[ru:valdarán]]</text>
<sha1>1eokfb1h9feajwjfg6u1taaevbxlnlu</sha1>
</revision>
</page>
