<page>
<title>valetudo</title>
<ns>0</ns>
<id>327039</id>
<revision>
<id>2045489</id>
<parentid>1833544</parentid>
<timestamp>2015-12-07T03:35:31Z</timestamp>
<contributor>
<username>HydrizBot</username>
<id>29590</id>
</contributor>
<minor />
<comment>Robô: A adicionar: en, fr, ko, mg, ru</comment>
<model>wikitext</model>
<format>text/x-wiki</format>
<text bytes="283" xml:space="preserve">={{-la-}}=
==Substantivo==
'''valetudo'''
# [[saúde]] (condição geral do corpo e da mente em relação às doenças)
{{página-automática|junho|2014|saúde|la}}
[[Categoria:Substantivo (Latim)]]
[[en:valetudo]]
[[fr:valetudo]]
[[ko:valetudo]]
[[mg:valetudo]]
[[ru:valetudo]]</text>
<sha1>0jzd2z0ej18cbhdhck50y3gv620taxk</sha1>
</revision>
</page>
