<page>
<page>
<title>valentinas</title>
<ns>0</ns>
<id>415111</id>
<revision>
<id>2559914</id>
<parentid>2559913</parentid>
<timestamp>2019-11-03T09:43:40Z</timestamp>
<contributor>
<username>MIL973</username>
<id>41339</id>
</contributor>
<model>wikitext</model>
<format>text/x-wiki</format>
<text bytes="375" xml:space="preserve">{{ver também|Valentinas}}
={{-pt-}}=
==Forma de adjetivo==
{{paroxítona|va|len|ti|nas}}, {{gramática|fp}}
# feminino plural de [[valentino]]
==Forma de substantivo==
{{paroxítona|va|len|ti|nas}}, {{gramática|fp}}
# feminino plural de [[valentino]]
{{avi-for-fle|valentino}}
[[Categoria:Forma de adjetivo (Português)]]
[[Categoria:Forma de substantivo (Português)]]</text>
<sha1>2w6mozk82yqqeprnduu0gkmzs1vuadr</sha1>
</revision>
