<page>
<title>valeroso</title>
<ns>0</ns>
<id>64285</id>
<revision>
<id>1986273</id>
<parentid>1801829</parentid>
<timestamp>2015-08-21T09:11:57Z</timestamp>
<contributor>
<username>YS-Bot</username>
<id>32241</id>
</contributor>
<minor />
<comment>r2.7.3) (Robô: A adicionar: [[an:valeroso]], [[az:valeroso]], [[nl:valeroso]]</comment>
<model>wikitext</model>
<format>text/x-wiki</format>
<text bytes="593" xml:space="preserve">={{-pt-}}=
==Adjetivo==
{{flex.pt|ms=valeroso|mp=valerosos|fs=valerosa|fp=valerosas}}
{{paroxítona|va|le|ro|so}}
# variante pouco usada de [[valoroso]]
#: ''&quot;Acorda o índio '''valeroso''', e salta&lt;br /&gt;Longe da curva rede, e sem demora&lt;br /&gt;Os arcos e as setas arrebata [...]&quot;&lt;br /&gt;(Basílio da Gama. O Uraguai, Canto Terceiro)''
[[Categoria:Adjetivo (Português)]]
[[an:valeroso]]
[[az:valeroso]]
[[en:valeroso]]
[[es:valeroso]]
[[fi:valeroso]]
[[fr:valeroso]]
[[hu:valeroso]]
[[id:valeroso]]
[[io:valeroso]]
[[ko:valeroso]]
[[mg:valeroso]]
[[nl:valeroso]]
[[pl:valeroso]]
[[zh:valeroso]]</text>
<sha1>a25rshfh69f8z7pzyhqe3e7leezxms3</sha1>
</revision>
</page>
