<page>
<title>valerianatos</title>
<ns>0</ns>
<id>415139</id>
<revision>
<id>2560082</id>
<parentid>2560081</parentid>
<timestamp>2019-11-04T09:27:28Z</timestamp>
<contributor>
<username>MIL973</username>
<id>41339</id>
</contributor>
<model>wikitext</model>
<format>text/x-wiki</format>
<text bytes="194" xml:space="preserve">={{-pt-}}=
==Forma de substantivo==
{{paroxítona|va|le|ri|a|na|tos}}, {{gramática|mp}}
# plural de [[valerianato]]
{{avi-for-fle|valerianato}}
[[Categoria:Forma de substantivo (Português)]]</text>
<sha1>kd9u3187l6xikyxrlhtx00xqrflfrss</sha1>
</revision>
</page>
