<page>
<title>valenciano</title>
<ns>0</ns>
<id>62866</id>
<revision>
<id>2559907</id>
<parentid>2559832</parentid>
<timestamp>2019-11-03T09:30:07Z</timestamp>
<contributor>
<username>MIL973</username>
<id>41339</id>
</contributor>
<model>wikitext</model>
<format>text/x-wiki</format>
<text bytes="1837" xml:space="preserve">{{ver também|Valenciano}}
={{-pt-}}=
==Adjetivo==
{{flex.pt|ms=valenciano|mp=valencianos|fs=valenciana|fp=valencianas}}
{{paroxítona|va|len|ci|a|no}}, {{gramática|m}}
# {{escopo|pt|Gentílico}} das cidades de nome [[Valença]], na Bahia e no Rio de Janeiro, ou de [[Valença do Piauí]] (Piauí)
# {{escopo|pt|Gentílico}} relativo a [[Valência]], região autônoma da [[Espanha]] e província dela
# {{escopo|pt|Gentílico}} relativo a [[Valença]], cidade, freguesia e concelho do distrito de [[Apêndice:Gentílicos e topónimos em português/Portugal|Viana do Castelo]], [[Portugal]]
# {{escopo|pt|Gentílico}} relativo a Valença do Douro, freguesia do concelho de Tabuaço, distrito de Viseu, Portugal
===Expressões===
* '''[[Comunidade Valenciana]]''':
===Sinônimo===
* De '''1''':
* [[valencense]]
==Substantivo==
{{flex.pt|ms=valenciano|mp=valencianos|fs=valenciana|fp=valencianas}}
{{paroxítona|va|len|ci|a|no}}, {{gramática|m}}
# {{escopo|pt|Gentílico}} natural destas três cidades brasileiras ou seu habitante
# {{escopo|pt|Língua}} designação que recebe na [[Comunidade Valenciana]] a [[língua]] [[catalão|catalã]]
# {{escopo|pt|Gentílico}} natural de Valência ou seu habitante
# {{escopo|pt|Gentílico}} natural de Valença ou seu habitante
# {{escopo|pt|Gentílico}} natural de Valença do Douro ou seu habitante
===Sinônimo===
* De '''1''':
* [[valencense]]
=={{etimologia|pt}}==
: {{escopo|Morfologia}} De [[Valência]] + [[-ano]].
==Ver também==
===No Wikcionário===
* [[valentino]]
====Antropônimos====
{{colunas|3}}
* [[Valença]]
* [[Valência]]
* [[Valenciana]]
* [[Valenciano]]
* [[Valêncio]]
* [[Valente]]
* [[Valentim]]
* [[Valentina]]
* [[Valentiniana]]
* [[Valentiniano]]
* [[Valentino]]
{{colunas/fim}}
[[Categoria:Adjetivo (Português)]]
[[Categoria:Substantivo (Português)]]</text>
<sha1>r8ydimqi3wsbr8g0ho0z5ts7xy33956</sha1>
</revision>
</page>
