<page>
<page>
<title>valeriana</title>
<ns>0</ns>
<id>321956</id>
<revision>
<id>2561460</id>
<parentid>2560046</parentid>
<timestamp>2019-11-15T07:56:42Z</timestamp>
<contributor>
<username>MIL973</username>
<id>41339</id>
</contributor>
<model>wikitext</model>
<format>text/x-wiki</format>
<text bytes="1126" xml:space="preserve">{{Wikipédia}}
{{ver também|Valeriana}}
={{-pt-}}=
==Substantivo==
{{flex.pt|fs=valeriana|fp=valerianas}}
{{paroxítona|va|le|ri|a|na}}, {{gramática|f}}
# {{escopo|pt|Botânica|planta}} planta da família das valerianáceas
===Tradução===
{{tradini}}
* {{trad|de|Valerian}}
* {{trad|es|valeriana}}
* {{trad|fr|valérianne}}
{{tradmeio}}
* {{trad|en|valerian}}
* {{trad|it|valeriana}}
{{tradfim}}
===Verbetes derivados===
{{colunas|2}}
* [[valeral]]
* [[valerato]]
* [[valerianáceo]]
* [[valerianato]]
* [[valerianela]]
* [[valeriânico]]
* [[valérico]]
* [[valerol]]
{{colunas/fim}}
=={{etimologia|pt}}==
: Do prenome [[Valeriana]].
==Ver também==
===No Wikcionário===
====Antropônimos====
{{colunas|2}}
* [[Valéria]]
* [[Valeriana]]
* [[Valeriano]]
* [[Valério]]
* [[Valesca]]
* [[Valesco]]
{{colunas/fim}}
====Expressões====
{{colunas|2}}
* [[ácido valeriânico]]
* [[ácido valérico]]
{{colunas/fim}}
====Wikisaurus====
* [[Wikisaurus:planta|planta]]
==Anagramas==
# [[alevianar]]
# [[alvaneira]]
# [[alvenaria]]
# [[laverânia]]
# [[raveliana]]
# [[varianela]]
[[Categoria:Substantivo (Português)]]</text>
<sha1>3u3n4z4hdwowp9bfsnv9c6cd56ho8b9</sha1>
</revision>
