<page>
<title>Valescas</title>
<ns>0</ns>
<id>391136</id>
<revision>
<id>2560054</id>
<parentid>2560053</parentid>
<timestamp>2019-11-04T09:14:40Z</timestamp>
<contributor>
<username>MIL973</username>
<id>41339</id>
</contributor>
<model>wikitext</model>
<format>text/x-wiki</format>
<text bytes="404" xml:space="preserve">={{-pt-}}=
==Forma de substantivo==
{{paroxítona|Va|les|cas}}, {{gramática|pr|fp}}
# plural de [[Valesca]]
{{avi-for-fle|Valesca}}
[[Categoria:Forma de substantivo (Português)]]
={{-es-}}=
==Forma de substantivo==
{{paroxítona|Va|les|cas|lang=es}}, {{gramática|pr|fp|lang=es}}
# plural de [[Valesca#{{es}}|Valesca]]
{{avi-for-fle|Valesca|lang=es}}
[[Categoria:Forma de substantivo (Espanhol)]]</text>
<sha1>0z46y20yz5mty59ndrjxm3bqv2bo24r</sha1>
</revision>
</page>
