<page>
<title>Valentiniana</title>
<ns>0</ns>
<id>387360</id>
<revision>
<id>2559794</id>
<parentid>2559791</parentid>
<timestamp>2019-11-02T10:06:19Z</timestamp>
<contributor>
<username>MIL973</username>
<id>41339</id>
</contributor>
<model>wikitext</model>
<format>text/x-wiki</format>
<text bytes="674" xml:space="preserve">{{ver também|valentiniana}}
={{-pt-}}=
==Substantivo==
{{flex.pt|fs=Valentiniana|fp=Valentinianas}}
{{paroxítona|Va|len|ti|ni|a|na}}, {{gramática|pr|f}}
# {{escopo|pt|Antropônimo}} [[Apêndice:Prenomes em português|prenome]] feminino
==Ver também==
===No Wikcionário===
{{colunas|2}}
* [[valença]]
* [[valência]]
* [[valenciano]]
* [[valente]]
* [[valentia]]
* [[valentiniano]]
* [[valentino]]
{{colunas/fim}}
====Antropônimos====
{{colunas|2}}
* [[Valença]]
* [[Valência]]
* [[Valenciana]]
* [[Valenciano]]
* [[Valêncio]]
* [[Valente]]
* [[Valentim]]
* [[Valentina]]
* [[Valentiniano]]
* [[Valentino]]
{{colunas/fim}}
[[Categoria:Substantivo (Português)]]</text>
<sha1>0kg6igs7cyv05plzk27y23q153tdaw8</sha1>
</revision>
</page>
