<page>
<page>
<title>Valenciana</title>
<ns>0</ns>
<id>387364</id>
<revision>
<id>2559784</id>
<parentid>2559779</parentid>
<timestamp>2019-11-02T10:00:33Z</timestamp>
<contributor>
<username>MIL973</username>
<id>41339</id>
</contributor>
<model>wikitext</model>
<format>text/x-wiki</format>
<text bytes="667" xml:space="preserve">{{ver também|valenciana}}
={{-pt-}}=
==Substantivo==
{{flex.pt|fs=Valenciana|fp=Valencianas}}
{{paroxítona|Va|len|ci|a|na}}, {{gramática|pr|f}}
# {{escopo|pt|Antropônimo}} [[Apêndice:Prenomes em português|prenome]] feminino
==Ver também==
===No Wikcionário===
{{colunas|2}}
* [[valença]]
* [[valência]]
* [[valenciano]]
* [[valente]]
* [[valentia]]
* [[valentiniano]]
* [[valentino]]
{{colunas/fim}}
====Antropônimos====
{{colunas|2}}
* [[Valença]]
* [[Valência]]
* [[Valenciano]]
* [[Valêncio]]
* [[Valente]]
* [[Valentim]]
* [[Valentina]]
* [[Valentiniana]]
* [[Valentiniano]]
* [[Valentino]]
{{colunas/fim}}
[[Categoria:Substantivo (Português)]]</text>
<sha1>0nnisapjrbw1k9wyaojbnirq542htcf</sha1>
</revision>
