<page>
<page>
<title>valeriânica</title>
<ns>0</ns>
<id>335915</id>
<revision>
<id>2559937</id>
<parentid>1893274</parentid>
<timestamp>2019-11-03T09:56:32Z</timestamp>
<contributor>
<username>MIL973</username>
<id>41339</id>
</contributor>
<model>wikitext</model>
<format>text/x-wiki</format>
<text bytes="194" xml:space="preserve">={{-pt-}}=
==Forma de adjetivo==
{{proparoxítona|va|le|ri|â|ni|ca}}, {{gramática|f}}
# feminino de [[valeriânico]]
{{avi-for-fle|valeriânico}}
[[Categoria:Forma de adjetivo (Português)]]</text>
<sha1>7dsof2npn6nkc6r8kp3bw3xu1rwxwk5</sha1>
</revision>
