<page>
<title>valenciana</title>
<ns>0</ns>
<id>387522</id>
<revision>
<id>2468091</id>
<parentid>2468090</parentid>
<timestamp>2017-12-08T02:13:59Z</timestamp>
<contributor>
<username>MIL973</username>
<id>41339</id>
</contributor>
<model>wikitext</model>
<format>text/x-wiki</format>
<text bytes="364" xml:space="preserve">{{ver também|Valenciana}}
={{-pt-}}=
==Forma de adjetivo==
{{paroxítona|va|len|ci|a|na}}, {{gramática|f}}
# feminino de [[valenciano]]
==Forma de substantivo==
{{paroxítona|va|len|ci|a|na}}, {{gramática|f}}
# feminino de [[valenciano]]
{{avi-for-fle|valenciano}}
[[Categoria:Forma de adjetivo (Português)]]
[[Categoria:Forma de substantivo (Português)]]</text>
<sha1>amsopmc1bd9ma365rko4bk2bbk5ujgu</sha1>
</revision>
</page>
