<page>
<title>valentino</title>
<ns>0</ns>
<id>415110</id>
<revision>
<id>2559908</id>
<parentid>2559906</parentid>
<timestamp>2019-11-03T09:33:25Z</timestamp>
<contributor>
<username>MIL973</username>
<id>41339</id>
</contributor>
<model>wikitext</model>
<format>text/x-wiki</format>
<text bytes="873" xml:space="preserve">{{ver também|Valentino}}
={{-pt-}}=
==Adjetivo==
{{flex.pt|ms=valentino|mp=valentinos|fs=valentina|fp=valentinas}}
{{paroxítona|va|len|ti|no}}, {{gramática|m}}
# {{escopo|pt|Gentílico}} das cidades antigas de nome [[Valência]], exordialmente uma [[Sardenha|sardenha]]
==Substantivo==
{{flex.pt|ms=valentino|mp=valentinos|fs=valentina|fp=valentinas}}
{{paroxítona|va|len|ti|no}}, {{gramática|m}}
# {{escopo|pt|Gentílico}} natural destas cidades ou seu habitante
==Ver também==
===No Wikcionário===
* [[valenciano]]
====Antropônimos====
{{colunas|3}}
* [[Valença]]
* [[Valência]]
* [[Valenciana]]
* [[Valenciano]]
* [[Valêncio]]
* [[Valente]]
* [[Valentim]]
* [[Valentina]]
* [[Valentiniana]]
* [[Valentiniano]]
* [[Valentino]]
{{colunas/fim}}
==Ligações externas==
* {{Aulete}}
[[Categoria:Adjetivo (Português)]]
[[Categoria:Substantivo (Português)]]</text>
<sha1>o8p4j1v7gmt4ttelfz0nnokdnfmua0k</sha1>
</revision>
</page>
