<page>
<title>valerosas</title>
<ns>0</ns>
<id>72071</id>
<revision>
<id>2026004</id>
<parentid>1569412</parentid>
<timestamp>2015-10-27T12:52:32Z</timestamp>
<contributor>
<username>HydrizBot</username>
<id>29590</id>
</contributor>
<minor />
<comment>Robô: A adicionar: [[en:valerosas]], [[nl:valerosas]]</comment>
<model>wikitext</model>
<format>text/x-wiki</format>
<text bytes="193" xml:space="preserve">={{-pt-}}=
==Forma de adjetivo==
{{paroxítona|va|le|ro|sas}}
# feminino plural de [[valeroso]]
[[Categoria:Forma de adjetivo (Português)]]
[[en:valerosas]]
[[es:valerosas]]
[[nl:valerosas]]</text>
<sha1>bnu7e4dyytq4y05gjvn20kqs42gvvn7</sha1>
</revision>
</page>
