<page>
<page>
<title>Valescos</title>
<ns>0</ns>
<id>391137</id>
<revision>
<id>2560055</id>
<parentid>2560051</parentid>
<timestamp>2019-11-04T09:15:14Z</timestamp>
<contributor>
<username>MIL973</username>
<id>41339</id>
</contributor>
<model>wikitext</model>
<format>text/x-wiki</format>
<text bytes="404" xml:space="preserve">={{-pt-}}=
==Forma de substantivo==
{{paroxítona|Va|les|cos}}, {{gramática|pr|mp}}
# plural de [[Valesco]]
{{avi-for-fle|Valesco}}
[[Categoria:Forma de substantivo (Português)]]
={{-es-}}=
==Forma de substantivo==
{{paroxítona|Va|les|cos|lang=es}}, {{gramática|pr|mp|lang=es}}
# plural de [[Valesco#{{es}}|Valesco]]
{{avi-for-fle|Valesco|lang=es}}
[[Categoria:Forma de substantivo (Espanhol)]]</text>
<sha1>qjvvmi2ovfwtt7jlaux0xe9wtcbmlzg</sha1>
</revision>
