<page>
<page>
<title>valeriânico</title>
<ns>0</ns>
<id>335911</id>
<revision>
<id>2560048</id>
<parentid>2559971</parentid>
<timestamp>2019-11-04T09:11:20Z</timestamp>
<contributor>
<username>MIL973</username>
<id>41339</id>
</contributor>
<model>wikitext</model>
<format>text/x-wiki</format>
<text bytes="817" xml:space="preserve">={{-pt-}}=
==Adjetivo==
{{flex.pt|ms=valeriânico|mp=valeriânicos|fs=valeriânica|fp=valeriânicas}}
{{proparoxítona|va|le|ri|â|ni|co}}, {{gramática|m}}
# {{escopo|pt|Botânica}} relativo a [[valeriana]]
# {{escopo|pt|Química}} relativo a [[valerato]] ou a [[valerianato]]
===Sinônimos===
* De '''1''':
{{colunas|2}}
* [[valerianáceo]]
* [[valérico]]
{{colunas/fim}}
* De '''2''':
* [[valérico]]
=={{etimologia|pt}}==
: {{escopo|Morfologia}} De [[valeriana]] + [[-ico]].
==Ver também==
===No Wikcionário===
====Antropônimos====
{{colunas|2}}
* [[Valéria]]
* [[Valeriana]]
* [[Valeriano]]
* [[Valério]]
* [[Valesca]]
* [[Valesco]]
{{colunas/fim}}
====Wikisaurus====
{{colunas|2}}
* [[Wikisaurus:planta|planta]]
* [[Wikisaurus:química|química]]
{{colunas/fim}}
[[Categoria:Adjetivo (Português)]]</text>
<sha1>apkh8y2kgujcmymu5gal2ru9wiqb640</sha1>
</revision>
