<page>
<title>Valeta</title>
<ns>0</ns>
<id>336528</id>
<revision>
<id>2281898</id>
<parentid>2053197</parentid>
<timestamp>2017-04-27T03:35:16Z</timestamp>
<contributor>
<username>HydrizBot</username>
<id>29590</id>
</contributor>
<minor />
<comment>Robô: A limpar links interwikis antigos</comment>
<model>wikitext</model>
<format>text/x-wiki</format>
<text bytes="201" xml:space="preserve">={{-pt-}}=
==Substantivo==
{{paroxítona|Va|le|ta}}
# capital de [[Malta]]
==Ver também==
*[[valeta]]
{{capitais.Europa/pt}}
[[Categoria:Substantivo (Português)]]
[[Categoria:Capital (Português)]]</text>
<sha1>tm9uvvojiro20yoyx7bp0r7nklxiqvn</sha1>
</revision>
</page>
