<page>
<page>
<title>Valerias</title>
<ns>0</ns>
<id>370931</id>
<revision>
<id>2281894</id>
<parentid>2213893</parentid>
<timestamp>2017-04-27T03:35:07Z</timestamp>
<contributor>
<username>HydrizBot</username>
<id>29590</id>
</contributor>
<minor />
<comment>Robô: A limpar links interwikis antigos</comment>
<model>wikitext</model>
<format>text/x-wiki</format>
<text bytes="265" xml:space="preserve">{{ver também|valerias|valérias|Valérias}}
={{-es-}}=
==Forma de substantivo==
{{paroxítona|Va|le|rias|lang=es}}, {{gramática|pr|fp|lang=es}}
# plural de [[Valeria#{{es}}|Valeria]]
{{avi-for-fle|Valeria|lang=es}}
[[Categoria:Forma de substantivo (Espanhol)]]</text>
<sha1>jjta8xquoxi0fcdyzyx57nvjfq3bars</sha1>
</revision>
