<page>
<title>Valencianas</title>
<ns>0</ns>
<id>387519</id>
<revision>
<id>2468070</id>
<parentid>2468069</parentid>
<timestamp>2017-12-08T01:41:35Z</timestamp>
<contributor>
<username>MIL973</username>
<id>41339</id>
</contributor>
<model>wikitext</model>
<format>text/x-wiki</format>
<text bytes="222" xml:space="preserve">{{ver também|valencianas}}
={{-pt-}}=
==Forma de substantivo==
{{paroxítona|Va|len|ci|a|nas}}, {{gramática|pr|fp}}
# plural de [[Valenciana]]
{{avi-for-fle|Valenciana}}
[[Categoria:Forma de substantivo (Português)]]</text>
<sha1>ridewzg9u3858izhby04wz23vqqd5or</sha1>
</revision>
</page>
