<page>
<page>
<title>valeras</title>
<ns>0</ns>
<id>369118</id>
<revision>
<id>2200962</id>
<parentid>2200940</parentid>
<timestamp>2016-11-25T10:30:56Z</timestamp>
<contributor>
<username>RobokoBot</username>
<id>56179</id>
</contributor>
<minor />
<comment>Robô: A adicionar: [[en:valeras]], [[fr:valeras]], [[mg:valeras]]</comment>
<model>wikitext</model>
<format>text/x-wiki</format>
<text bytes="399" xml:space="preserve">{{ver também|valerás}}
={{-pt-}}=
==Forma verbal==
{{paroxítona|va|le|ras}}
# segunda pessoa do singular do pretérito mais-que-perfeito do indicativo do verbo [[valer]]
{{avi-for-fle|valer}}
==Anagramas==
# [[Álvares]]
# [[lavares]]
# [[levaras]]
# [[levarás]]
# [[resvala]]
# [[velaras]]
# [[velarás]]
[[Categoria:Forma verbal (Português)]]
[[en:valeras]]
[[fr:valeras]]
[[mg:valeras]]</text>
<sha1>gw8gx2wimqfu6ttraodo7rru2s8o8e0</sha1>
</revision>
