<page>
<title>Valerios</title>
<ns>0</ns>
<id>370932</id>
<revision>
<id>2213890</id>
<parentid>2213889</parentid>
<timestamp>2016-12-23T02:26:06Z</timestamp>
<contributor>
<username>MIL973</username>
<id>41339</id>
</contributor>
<model>wikitext</model>
<format>text/x-wiki</format>
<text bytes="246" xml:space="preserve">{{ver também|Valérios}}
={{-es-}}=
==Forma de substantivo==
{{paroxítona|Va|le|rios|lang=es}}, {{gramática|pr|mp|lang=es}}
# plural de [[Valerio#{{es}}|Valerio]]
{{avi-for-fle|Valerio|lang=es}}
[[Categoria:Forma de substantivo (Espanhol)]]</text>
<sha1>obv5ib7e52xd1s2fhr8glj4vet6fu9w</sha1>
</revision>
</page>
