<page>
<page>
<title>valeo</title>
<ns>0</ns>
<id>100554</id>
<revision>
<id>2558155</id>
<parentid>2146293</parentid>
<timestamp>2019-10-21T10:22:12Z</timestamp>
<contributor>
<username>ValJor</username>
<id>1358</id>
</contributor>
<comment>Retirando escopo indevido</comment>
<model>wikitext</model>
<format>text/x-wiki</format>
<text bytes="653" xml:space="preserve">={{-la-}}=
==Verbo==
'''va.leo, -es, [[valere]], valui, valitum''' 
# [[ser]] [[forte]], [[robusto]], [[vigoroso]]
# [[ter]] [[saúde]]
# [[estar]] [[bem]], [[passar]] bem
# [[prevalecer]]
# [[valer]], ter o [[valor]] de
# [[significar]]
===Conjugação===
{{conj.la.sec|val|val|valu|valu|valit|valit}}
==Particípio presente==
'''va.lens, -entis'''
* '''que é [[forte]]'''
* '''que é [[robusto]]'''
* '''que [[vale]]'''
==Ver também==
===No Wikcionário===
{{verTambém.Ini}}
* '''[[vale]]'''
* '''[[valenter]]'''
{{verTambém.NovaColuna}}
* '''[[valentes]], -entium'''
* '''[[validus]], -a, -um'''
{{verTambém.Fim}}
[[Categoria:Verbo (Latim)]]</text>
<sha1>frp5420us55meznvlkcprcxfpm0k0th</sha1>
</revision>
