<page>
<page>
<title>valeriânicas</title>
<ns>0</ns>
<id>335913</id>
<revision>
<id>2559935</id>
<parentid>1893270</parentid>
<timestamp>2019-11-03T09:56:00Z</timestamp>
<contributor>
<username>MIL973</username>
<id>41339</id>
</contributor>
<model>wikitext</model>
<format>text/x-wiki</format>
<text bytes="203" xml:space="preserve">={{-pt-}}=
==Forma de adjetivo==
{{proparoxítona|va|le|ri|â|ni|cas}}, {{gramática|fp}}
# feminino plural de [[valeriânico]]
{{avi-for-fle|valeriânico}}
[[Categoria:Forma de adjetivo (Português)]]</text>
<sha1>inh8yuphl44xv0930a76rgy3bcefs5o</sha1>
</revision>
