<page>
<title>Valentinianos</title>
<ns>0</ns>
<id>387363</id>
<revision>
<id>2559797</id>
<parentid>2467734</parentid>
<timestamp>2019-11-02T10:07:31Z</timestamp>
<contributor>
<username>MIL973</username>
<id>41339</id>
</contributor>
<model>wikitext</model>
<format>text/x-wiki</format>
<text bytes="231" xml:space="preserve">{{ver também|valentinianos}}
={{-pt-}}=
==Forma de substantivo==
{{paroxítona|Va|len|ti|ni|a|nos}}, {{gramática|pr|mp}}
# plural de [[Valentiniano]]
{{avi-for-fle|Valentiniano}}
[[Categoria:Forma de substantivo (Português)]]</text>
<sha1>dljvr8ojnv8sotqp3d3r22ik4d3cep7</sha1>
</revision>
</page>
