<page>
<page>
<title>Valentinos</title>
<ns>0</ns>
<id>325085</id>
<revision>
<id>2559799</id>
<parentid>2467712</parentid>
<timestamp>2019-11-02T10:08:19Z</timestamp>
<contributor>
<username>MIL973</username>
<id>41339</id>
</contributor>
<model>wikitext</model>
<format>text/x-wiki</format>
<text bytes="217" xml:space="preserve">{{ver também|valentinos}}
={{-pt-}}=
==Forma de substantivo==
{{paroxítona|Va|len|ti|nos}}, {{gramática|pr|mp}}
# plural de [[Valentino]]
{{avi-for-fle|Valentino}}
[[Categoria:Forma de substantivo (Português)]]</text>
<sha1>h1jcmxoki2r57bwtr83h4xff0cz504z</sha1>
</revision>
