<page>
<title>valeão</title>
<ns>0</ns>
<id>432950</id>
<revision>
<id>2630260</id>
<timestamp>2021-04-10T21:02:10Z</timestamp>
<contributor>
<username>Cpls</username>
<id>20608</id>
</contributor>
<comment>[[Ajuda:Guia de edição/Menus e ferramentas/Sumário de edição|→]] nova página: ={{-gl-}}= {{ga-in}} ==Substantivo== {{flex.gl|ms=valeão|mp=valeões}} {{oxítona|va|le|ão|lang=gl}}, {{g|m...</comment>
<model>wikitext</model>
<format>text/x-wiki</format>
<text bytes="325" xml:space="preserve">={{-gl-}}=
{{ga-in}}
==Substantivo==
{{flex.gl|ms=valeão|mp=valeões}}
{{oxítona|va|le|ão|lang=gl}}, {{g|m}}
# [[talude]] de terra
=={{etimologia|gl}}==
: Talvez da mesma origem que ''[[vale#{{gl}}|vale]]''.
=={{pronúncia|gl}}==
* [[AFI]]: singular /ba.le.'oŋ/, plural /ba.le.'oŋs/
[[Categoria:Substantivo (Galego)]]</text>
<sha1>ozowpvzls3mxo3bladjo7g2z3c8aho5</sha1>
</revision>
</page>
