<page>
<page>
<title>valeiro</title>
<ns>0</ns>
<id>271618</id>
<revision>
<id>2485070</id>
<parentid>2485069</parentid>
<timestamp>2018-02-14T21:56:24Z</timestamp>
<contributor>
<username>Cpls</username>
<id>20608</id>
</contributor>
<comment>/* {{-pt-}} */</comment>
<model>wikitext</model>
<format>text/x-wiki</format>
<text bytes="672" xml:space="preserve">={{-pt-}}=
==Substantivo==
{{flex.pt|ms=valeiro|mp=valeiros}}
{{paroxítona|va|lei|ro}}, {{g|m}}
# {{escopo|pt|Trás-os-Montes}} [[vala]] nas vinhas
=={{etimologia|pt}}==
: {{escopo|Morfologia}} De ''[[vala]]'' + ''[[-eiro]]''.
==Ver também==
===No Wikcionário===
{{verTambém.Ini}}
* [[vale]]
{{verTambém.NovaColuna}}
* [[baleiro]]
{{verTambém.NovaColuna}}
* [[baldeiro]]
{{verTambém.Fim}}
[[Categoria:Substantivo (Português)]]
={{-gl-}}=
==Substantivo==
{{flex.gl|ms=valeiro|mp=valeiros}}
{{paroxítona|va|lei|ro|lang=gl}}, {{g|m|lang=gl}}
# [[cavidade]], buraco, vazio interior
===Homófono===
* [[baleiro#{{gl}}|baleiro]]
[[Categoria:Substantivo (Galego)]]</text>
<sha1>9fg3tnx9nazy649dquq0t178wvhwegl</sha1>
</revision>
