<page>
<title>valente</title>
<ns>0</ns>
<id>65313</id>
<revision>
<id>2616949</id>
<parentid>2559899</parentid>
<timestamp>2021-02-01T02:31:22Z</timestamp>
<contributor>
<username>MarxavBot</username>
<id>80155</id>
</contributor>
<minor />
<comment>AFI Portugal</comment>
<model>wikitext</model>
<format>text/x-wiki</format>
<text bytes="1400" xml:space="preserve">{{ver também|Valente}}
={{-pt-}}=
==Adjetivo==
{{flex.pt|s=valente|p=valentes}}
{{paroxítona|va|len|te}}, {{gramática|c2g}}
# [[robusto]]
# [[corajoso]]
# que [[valer|vale]]
# {{escopo|pt|Química}} que contém [[valência]]
===Tradução===
{{tradini}}
* {{trad|de|mutig}}
* {{trad|es|valiente}}
* {{trad|fr|vaillant}}
{{tradmeio}}
* {{trad|en|valiant}}
* {{trad|it|valente}}
{{tradfim}}
===Verbetes derivados===
{{colunas|2}}
* [[valentão]]
* [[valentia]]
{{colunas/fim}}
=={{etimologia|pt}}==
{{llietimo|la|valentis|pt}}
: {{escopo|Morfologia}} De [[valer]] + [[-nte]].
=={{pronúncia|pt}}==
===Portugal===
* AFI: {{AFI|/vɐ.ˈlẽ.tɨ/}}
==Ver também==
===No Wikcionário===
====Antropônimos====
{{colunas|3}}
* [[Valença]]
* [[Valência]]
* [[Valenciana]]
* [[Valenciano]]
* [[Valêncio]]
* [[Valente]]
* [[Valentim]]
* [[Valentina]]
* [[Valentiniana]]
* [[Valentiniano]]
* [[Valentino]]
{{colunas/fim}}
====Expressões====
* [[cabra da peste]]
====Wikisaurus====
{{colunas|2}}
* [[Wikisaurus:qualidade|qualidade]]
* [[Wikisaurus:química|química]]
{{colunas/fim}}
==Anagramas==
# [[levante]]
# [[velante]]
[[Categoria:Adjetivo (Português)]]
={{-it-}}=
==Adjetivo==
{{flex.it|s=valente|p=valenti}}
{{paroxítona|va|len|te|lang=it}}, {{gramática|c2g|lang=it}}
# [[valente#{{pt}}|valente]]
=={{etimologia|it}}==
{{llietimo|la|valentis|it}}
[[Categoria:Adjetivo (Italiano)]]</text>
<sha1>pmg31p5hjfydnhneuntjrxs51a2geiv</sha1>
</revision>
</page>
