<page>
<title>Valentinianas</title>
<ns>0</ns>
<id>387361</id>
<revision>
<id>2559795</id>
<parentid>2467730</parentid>
<timestamp>2019-11-02T10:06:41Z</timestamp>
<contributor>
<username>MIL973</username>
<id>41339</id>
</contributor>
<model>wikitext</model>
<format>text/x-wiki</format>
<text bytes="231" xml:space="preserve">{{ver também|valentinianas}}
={{-pt-}}=
==Forma de substantivo==
{{paroxítona|Va|len|ti|ni|a|nas}}, {{gramática|pr|fp}}
# plural de [[Valentiniana]]
{{avi-for-fle|Valentiniana}}
[[Categoria:Forma de substantivo (Português)]]</text>
<sha1>mj9oqr8y5apeoubwbcrty240s2ag89w</sha1>
</revision>
</page>
