<page>
<title>valentense</title>
<ns>0</ns>
<id>345690</id>
<revision>
<id>2559788</id>
<parentid>2467713</parentid>
<timestamp>2019-11-02T10:02:23Z</timestamp>
<contributor>
<username>MIL973</username>
<id>41339</id>
</contributor>
<model>wikitext</model>
<format>text/x-wiki</format>
<text bytes="527" xml:space="preserve">={{-pt-}}=
==Adjetivo==
{{flex.pt|s=valentense|p=valentenses}}
{{paroxítona|va|len|ten|se}}, {{gramática|c2g}}
# {{escopo|pt|Gentílico}} de [[Valente]], cidade baiana
==Substantivo==
{{flex.pt|s=valentense|p=valentenses}}
{{paroxítona|va|len|ten|se}}, {{gramática|c2g}}
# {{escopo|pt|Gentílico}} natural de Valente ou seu habitante
=={{etimologia|pt}}==
: {{escopo|Morfologia}} De [[Valente]] + [[-ense]].
==Ligações externas==
* {{Aulete}}
[[Categoria:Adjetivo (Português)]]
[[Categoria:Substantivo (Português)]]</text>
<sha1>268cj9h2kw7fvtp8il9yn53x8kr3x1d</sha1>
</revision>
</page>
