<page>
<page>
<title>valentias</title>
<ns>0</ns>
<id>345697</id>
<revision>
<id>2467720</id>
<parentid>2018328</parentid>
<timestamp>2017-12-07T01:24:57Z</timestamp>
<contributor>
<username>MIL973</username>
<id>41339</id>
</contributor>
<model>wikitext</model>
<format>text/x-wiki</format>
<text bytes="213" xml:space="preserve">={{-pt-}}=
==Forma de substantivo==
{{paroxítona|va|len|ti|as}}, {{gramática|fp}}
# plural de [[valentia]]
{{avi-for-fle|valentia}}
==Anagrama==
# [[levantais]]
[[Categoria:Forma de substantivo (Português)]]</text>
<sha1>fhdncrwv5za1g5kr1urrxgpf4r3t0v7</sha1>
</revision>
