<page>
<title>Valerianos</title>
<ns>0</ns>
<id>322162</id>
<revision>
<id>2281893</id>
<parentid>2213892</parentid>
<timestamp>2017-04-27T03:35:05Z</timestamp>
<contributor>
<username>HydrizBot</username>
<id>29590</id>
</contributor>
<minor />
<comment>Robô: A limpar links interwikis antigos</comment>
<model>wikitext</model>
<format>text/x-wiki</format>
<text bytes="452" xml:space="preserve">={{-pt-}}=
==Forma de substantivo==
{{paroxítona|Va|le|ri|a|nos}}, {{gramática|pr|mp}}
# plural de [[Valeriano]]
{{avi-for-fle|Valeriano}}
==Anagrama==
# [[ravelianos]]
[[Categoria:Forma de substantivo (Português)]]
={{-es-}}=
==Forma de substantivo==
{{paroxítona|Va|le|ria|nos|lang=es}}, {{gramática|pr|mp|lang=es}}
# plural de [[Valeriano#{{es}}|Valeriano]]
{{avi-for-fle|Valeriano|lang=es}}
[[Categoria:Forma de substantivo (Espanhol)]]</text>
<sha1>tmpc23se1oq00jfv23rjo66b681tyjt</sha1>
</revision>
</page>
