<page>
<title>valentenses</title>
<ns>0</ns>
<id>345691</id>
<revision>
<id>2467714</id>
<parentid>2010180</parentid>
<timestamp>2017-12-07T01:17:36Z</timestamp>
<contributor>
<username>MIL973</username>
<id>41339</id>
</contributor>
<model>wikitext</model>
<format>text/x-wiki</format>
<text bytes="338" xml:space="preserve">={{-pt-}}=
==Forma de adjetivo==
{{paroxítona|va|len|ten|ses}}, {{gramática|c2gp}}
# plural de [[valentense]]
==Forma de substantivo==
{{paroxítona|va|len|ten|ses}}, {{gramática|c2gp}}
# plural de [[valentense]]
{{avi-for-fle|valentense}}
[[Categoria:Forma de adjetivo (Português)]]
[[Categoria:Forma de substantivo (Português)]]</text>
<sha1>pcw9wgr77qgiutqc9uuth4vo6sfsegq</sha1>
</revision>
</page>
