<page>
<title>Valedolide</title>
<ns>0</ns>
<id>347592</id>
<revision>
<id>2061010</id>
<parentid>2039197</parentid>
<timestamp>2016-02-06T11:16:20Z</timestamp>
<contributor>
<username>ValJor</username>
<id>1358</id>
</contributor>
<minor />
<comment>Corrigindo a categorização</comment>
<model>wikitext</model>
<format>text/x-wiki</format>
<text bytes="286" xml:space="preserve">={{-roa-gpm-}}=
==Substantivo==
{{paroxítona|Va|le|do|li|de|lang=roa-gpm}}, {{pr}}
# [[Valhadolid]]
=={{etimologia|roa-gpm}}==
: {{escopo|Morfologia}} De [[vale]] do [[lide]].
[[Categoria:Substantivo (Galego-Português Medieval)]]
[[Categoria:Topónimo (Galego-Português Medieval)]]</text>
<sha1>kbtb9wjz7ka79sbdlwmevrx4ve1cbjh</sha1>
</revision>
</page>
