<page>
<title>Valerianas</title>
<ns>0</ns>
<id>322036</id>
<revision>
<id>2213891</id>
<parentid>2184659</parentid>
<timestamp>2016-12-23T02:27:50Z</timestamp>
<contributor>
<username>MIL973</username>
<id>41339</id>
</contributor>
<model>wikitext</model>
<format>text/x-wiki</format>
<text bytes="550" xml:space="preserve">{{ver também|valerianas}}
={{-pt-}}=
==Forma de substantivo==
{{paroxítona|Va|le|ri|a|nas}}, {{gramática|pr|fp}}
# plural de [[Valeriana]]
{{avi-for-fle|Valeriana}}
==Anagramas==
# [[alvaneiras]]
# [[alvenarias]]
# [[laverânias]]
# [[ravelianas]]
# [[varianelas]]
[[Categoria:Forma de substantivo (Português)]]
={{-es-}}=
==Forma de substantivo==
{{paroxítona|Va|le|ria|nas|lang=es}}, {{gramática|pr|fp|lang=es}}
# plural de [[Valeriana#{{es}}|Valeriana]]
{{avi-for-fle|Valeriana|lang=es}}
[[Categoria:Forma de substantivo (Espanhol)]]</text>
<sha1>0l2io33oaboq55pw122vc7ef3mxikp3</sha1>
</revision>
</page>
