<page>
<title>Valeskos</title>
<ns>0</ns>
<id>415134</id>
<revision>
<id>2560059</id>
<parentid>2560058</parentid>
<timestamp>2019-11-04T09:16:33Z</timestamp>
<contributor>
<username>MIL973</username>
<id>41339</id>
</contributor>
<model>wikitext</model>
<format>text/x-wiki</format>
<text bytes="219" xml:space="preserve">={{-es-}}=
==Forma de substantivo==
{{paroxítona|Va|les|kos|lang=es}}, {{gramática|pr|mp|lang=es}}
# plural de [[Valesko#{{es}}|Valesko]]
{{avi-for-fle|Valesko|lang=es}}
[[Categoria:Forma de substantivo (Espanhol)]]</text>
<sha1>nql8qqt9s3r41a13s3cbymmutpf1o90</sha1>
</revision>
</page>
