<page>
<title>valentões</title>
<ns>0</ns>
<id>345391</id>
<revision>
<id>2467723</id>
<parentid>2018456</parentid>
<timestamp>2017-12-07T01:28:49Z</timestamp>
<contributor>
<username>MIL973</username>
<id>41339</id>
</contributor>
<model>wikitext</model>
<format>text/x-wiki</format>
<text bytes="321" xml:space="preserve">={{-pt-}}=
==Forma de adjetivo==
{{oxítona|va|len|tões}}, {{gramática|mp}}
# plural de [[valentão]]
==Forma de substantivo==
{{oxítona|va|len|tões}}, {{gramática|mp}}
# plural de [[valentão]]
{{avi-for-fle|valentão}}
[[Categoria:Forma de adjetivo (Português)]]
[[Categoria:Forma de substantivo (Português)]]</text>
<sha1>noppip3sjl769ig35s5ubimmflob1pv</sha1>
</revision>
</page>
