<page>
<title>valeta</title>
<ns>0</ns>
<id>69576</id>
<revision>
<id>2619234</id>
<parentid>2139639</parentid>
<timestamp>2021-02-01T18:08:56Z</timestamp>
<contributor>
<username>MarxavBot</username>
<id>80155</id>
</contributor>
<minor />
<comment>AFI Portugal</comment>
<model>wikitext</model>
<format>text/x-wiki</format>
<text bytes="346" xml:space="preserve">={{-pt-}}=
==Substantivo==
{{flex.pt|fs=valeta|fp=valetas}}
{{paroxítona|va|le|ta}}, {{f}}
# [[vala]] [[pequeno|pequena]] e [[estreito|estreita]] para [[escoamento]]
===Sinônimo===
* [[sanja]]
=={{pronúncia|pt}}==
===Portugal===
* AFI: {{AFI|/vɐ.ˈle.tɐ/}}
[[Categoria:Substantivo (Português)]]
[[en:valeta]]
[[fr:valeta]]
[[mg:valeta]]</text>
<sha1>5rxth914fr0c79fyf3zzp4lqfn6ctaa</sha1>
</revision>
</page>
