<page>
<title>valerato</title>
<ns>0</ns>
<id>415137</id>
<revision>
<id>2560075</id>
<parentid>2560074</parentid>
<timestamp>2019-11-04T09:25:23Z</timestamp>
<contributor>
<username>MIL973</username>
<id>41339</id>
</contributor>
<model>wikitext</model>
<format>text/x-wiki</format>
<text bytes="529" xml:space="preserve">={{-pt-}}=
==Substantivo==
{{flex.pt|ms=valerato|mp=valeratos}}
{{paroxítona|va|le|ra|to}}, {{gramática|m}}
# {{escopo|pt|Química}} nome comum aos [[sal|sais]] e [[éster]]es em cuja composição entra o ácido [[valeriânico]]/[[valérico]]
===Sinônimo===
* [[valerianato]]
==Ver também==
===No Wikcionário===
* [[valeriana]]
====Expressões====
{{colunas|2}}
* [[ácido valeriânico]]
* [[ácido valérico]]
{{colunas/fim}}
====Wikisaurus====
* [[Wikisaurus:química|química]]
[[Categoria:Substantivo (Português)]]</text>
<sha1>oz30tgyiktzcx1kl4xqvw9bwauplfei</sha1>
</revision>
</page>
