<page>
<page>
<title>Valerie</title>
<ns>0</ns>
<id>370893</id>
<revision>
<id>2671015</id>
<parentid>2281895</parentid>
<timestamp>2022-04-06T13:00:08Z</timestamp>
<contributor>
<username>MIL973</username>
<id>41339</id>
</contributor>
<model>wikitext</model>
<format>text/x-wiki</format>
<text bytes="183" xml:space="preserve">={{-en-}}=
==Substantivo==
{{flex.en|fs=Valerie|fp=Valeries}}
'''Valerie''', {{gramática|pr|f|lang=en}}
# {{escopo|pt|Antropônimo}} [[Valéria]]
[[Categoria:Substantivo (Inglês)]]</text>
<sha1>gbkq30oqkwi7qfcc8z2zpzk8av0p2nj</sha1>
</revision>
