<page>
<title>vale</title>
<ns>0</ns>
<id>63554</id>
<revision>
<id>2660352</id>
<parentid>2659772</parentid>
<timestamp>2022-02-16T13:34:18Z</timestamp>
<contributor>
<username>Leonardo José Raimundo</username>
<id>43489</id>
</contributor>
<comment>Eu estou traduzindo a palavra &quot;vale&quot; para o alemão (Tal).</comment>
<model>wikitext</model>
<format>text/x-wiki</format>
<text bytes="1588" xml:space="preserve">{{Wikipédia|lang=pt}}
{{Wikipédia|lang=ro}}
[[Imagem:Kashmir valley.jpg|thumb|right|250px|{{centro|Vale}}]]
={{-pt-}}=
==Substantivo==
{{flex.pt|ms=vale|ms-div=&lt;u&gt;va&lt;/u&gt;.le|mp=vales|mp-div=&lt;u&gt;va&lt;/u&gt;.les}}
{{paroxítona|va|le}}, {{gramática|m}}
# [[planície]] entre duas [[montanha]]s ou [[colina]]s
===Tradução===
{{tradini}}
* {{trad|de|Tal}}
* {{t|cs|údolí|n}}, {{t+|cs|dolína|f}}
* {{t|es|valle|m}}
* {{trad|eo|valo}}
* {{t|fr|vallée|f}}
* {{trad|gl|vale}}
* {{trad|io|valo}}
* {{trad|en|valley|vale|dale|dell}}
{{tradmeio}}
* {{t|it|valle|f}}
* {{t|is|dalur|m}}
* {{t|ja|谷||tani}}
* {{t|ml|താഴ്വര||tāḻvara}}
* {{trad|nci|teotlalli}}
* {{trad|ro|vale}}
* {{trad|tet|foho-leet}}
{{tradfim}}
=={{etimologia|pt}}==
{{llietimo|la|vallis|pt}}
=={{pronúncia|pt}}==
===Portugal===
* AFI: {{AFI|/ˈva.lɨ/}}
==Ver também==
===No Wikcionário===
* [[valgada]]
==Anagramas==
&lt;!-- índice para anagramas: pt: aelv --&gt;
# [[lave]]
# [[leva]]
# [[vela]]
[[Categoria:Substantivo (Português)]]
[[Categoria:Geologia (Português)]]
[[Categoria:Entrada com imagem (Português)]]
={{-la-}}=
==Interjeição==
{{paroxítona|va|le|lang=la}}
# [[passar|Passar]] [[bem]]!
# [[adeus|Adeus]]!
==Forma verbal==
'''va.le''', ''imperativo''
# segunda pessoa do singular do imperativo do verbo [[valeo]]
{{avi-for-fle|valeo}}
[[Categoria:Interjeição (Latim)]]
[[Categoria:Forma verbal (Latim)]]
={{-ro-}}=
==Substantivo==
'''vale'''
# [[vale#Português|vale]]
[[Categoria:Substantivo (Romeno)]]
[[Categoria:Geologia (Romeno)]]
[[Categoria:Entrada com imagem (Romeno)]]</text>
<sha1>d6eo9i9zz4xu2nhflolmz8f4i1qzg6p</sha1>
</revision>
</page>
