<page>
<title>Valeska</title>
<ns>0</ns>
<id>415133</id>
<revision>
<id>2560064</id>
<parentid>2560043</parentid>
<timestamp>2019-11-04T09:18:36Z</timestamp>
<contributor>
<username>MIL973</username>
<id>41339</id>
</contributor>
<model>wikitext</model>
<format>text/x-wiki</format>
<text bytes="554" xml:space="preserve">={{-es-}}=
==Substantivo==
{{flex.es|fs=Valeska|fp=Valeskas}}
{{paroxítona|Va|les|ka|lang=es}}, {{gramática|pr|f|lang=es}}
# {{escopo|es|Antropônimo}} [[Valesca]]
==={{-varort-}}===
* [[Valesca#{{es}}|Valesca]]
==Ver também==
===No Wikcionário===
====Antropônimos====
{{colunas|2}}
* [[Valeria#{{es}}|Valeria]]
* [[Valeriana#{{es}}|Valeriana]]
* [[Valeriano#{{es}}|Valeriano]]
* [[Valerio#{{es}}|Valerio]]
* [[Valesca#{{es}}|Valesca]]
* [[Valesco#{{es}}|Valesco]]
* [[Valesko#{{es}}|Valesko]]
{{colunas/fim}}
[[Categoria:Substantivo (Espanhol)]]</text>
<sha1>f1iavbksb5knf5gvkpdd2a24xepxmqq</sha1>
</revision>
</page>
