<page>
<page>
<title>valencianas</title>
<ns>0</ns>
<id>387520</id>
<revision>
<id>2468087</id>
<parentid>2468086</parentid>
<timestamp>2017-12-08T02:11:13Z</timestamp>
<contributor>
<username>MIL973</username>
<id>41339</id>
</contributor>
<model>wikitext</model>
<format>text/x-wiki</format>
<text bytes="383" xml:space="preserve">{{ver também|Valencianas}}
={{-pt-}}=
==Forma de adjetivo==
{{paroxítona|va|len|ci|a|nas}}, {{gramática|fp}}
# feminino plural de [[valenciano]]
==Forma de substantivo==
{{paroxítona|va|len|ci|a|nas}}, {{gramática|fp}}
# feminino plural de [[valenciano]]
{{avi-for-fle|valenciano}}
[[Categoria:Forma de adjetivo (Português)]]
[[Categoria:Forma de substantivo (Português)]]</text>
<sha1>innl33q8k2680fjmokr773j78krpjka</sha1>
</revision>
