<page>
<page>
<title>valencense</title>
<ns>0</ns>
<id>415089</id>
<revision>
<id>2559826</id>
<parentid>2559825</parentid>
<timestamp>2019-11-02T10:41:29Z</timestamp>
<contributor>
<username>MIL973</username>
<id>41339</id>
</contributor>
<model>wikitext</model>
<format>text/x-wiki</format>
<text bytes="678" xml:space="preserve">={{-pt-}}=
==Adjetivo==
{{flex.pt|s=valencense|p=valencenses}}
{{paroxítona|va|len|cen|se}}, {{gramática|c2g}}
# {{escopo|pt|Gentílico}} das cidades de nome [[Valença]], na Bahia e no Rio de Janeiro, ou de [[Valença do Piauí]] (Piauí)
===Sinônimo===
* [[valenciano]]
==Substantivo==
{{flex.pt|s=valencense|p=valencenses}}
{{paroxítona|va|len|cen|se}}, {{gramática|c2g}}
# {{escopo|pt|Gentílico}} natural destas três cidades ou seu habitante
===Sinônimo===
* [[valenciano]]
=={{etimologia|pt}}==
: {{escopo|Morfologia}} De [[Valença]] + [[-ense]].
==Ligações externas==
* {{Aulete}}
[[Categoria:Adjetivo (Português)]]
[[Categoria:Substantivo (Português)]]</text>
<sha1>kqx9jrt2pnjuoxki4nnw0htuko7pvgj</sha1>
</revision>
