<page>
<page>
<title>valete</title>
<ns>0</ns>
<id>83441</id>
<revision>
<id>2217000</id>
<parentid>2028073</parentid>
<timestamp>2016-12-31T13:01:21Z</timestamp>
<contributor>
<username>UT-interwiki-Bot</username>
<id>56129</id>
</contributor>
<minor />
<comment>Robô: A adicionar: [[la:valete]]</comment>
<model>wikitext</model>
<format>text/x-wiki</format>
<text bytes="1572" xml:space="preserve">[[Image:Poker-sm-214-Js.png|thumb|140px|right|&lt;center&gt;Valete&lt;/center&gt;]]
={{-pt-}}=
==Substantivo==
{{flex.pt|ms=valete|mp=valetes}}
{{paroxítona|va|le|te}}, {{m}}
# num [[baralho]] [[convencional]], [[carta]] identificada pela [[letra]] J (do [[inglês]] ''Jack'') e que [[habitualmente]] vale mais do que as cartas numeradas, mas menos do que o [[rei]] e a [[dama]]
#* ''E seu livro 'cult', O &quot;'''Valete''' de Espadas&quot; (1960), é um romance expressionista que não funciona como romance, mas tem prosa poética com muitos achados.'' {{OESP|2007|março|18}}
===Sinônimo===
* [[conde]]
===Tradução===
{{tradini}}
* {{t|de|Bube|m}}
* {{trad|cs|spodek}}
* {{trad|zh|杰克}}
* {{trad|da|knægt}}
* {{trad|sk|dolník}}
* {{trad|sl|fant}}
* {{trad|es|sota}}
* {{trad|et|soldat}}
* {{trad|fi|sotamies}}
* {{trad|fr|valet}}
* {{trad|el|βαλές}}
* {{trad|nl|boer}}
* {{trad|hu|bubi}}
{{tradmeio}}
* {{trad|id|kartu jack}}
* {{trad|en|jack|knave}}
* {{trad|is|gosi}}
* {{trad|it|jack|fante}}
* {{trad|ja|ジャック}}
* {{trad|lt|valetas}}
* {{trad|no|knekt}}
* {{trad|pl|walet}}
* {{trad|ro|valet}}
* {{trad|ru|валет}}
* {{trad|sv|knekt}}
* {{trad|tr|bacak|vale}}
{{tradfim}}
=={{etimologia|pt}}==
: Do francês ''valet''.
==Ver também==
===No Wikcionário===
{{verTambém.Ini}}
* [[ás]]
{{verTambém.NovaColuna}}
* [[curinga]]
{{verTambém.Fim}}
==Anagrama==
# [[veleta]]
[[Categoria:Substantivo (Português)]]
[[Categoria:Entrada com imagem (Português)]]
[[chr:valete]]
[[en:valete]]
[[eo:valete]]
[[es:valete]]
[[fr:valete]]
[[la:valete]]
[[mg:valete]]</text>
<sha1>hz1tk1sev6gemwehm1i0nbwmz2zzymo</sha1>
</revision>
