<page>
<title>Valeskas</title>
<ns>0</ns>
<id>415135</id>
<revision>
<id>2560063</id>
<parentid>2560062</parentid>
<timestamp>2019-11-04T09:18:07Z</timestamp>
<contributor>
<username>MIL973</username>
<id>41339</id>
</contributor>
<model>wikitext</model>
<format>text/x-wiki</format>
<text bytes="219" xml:space="preserve">={{-es-}}=
==Forma de substantivo==
{{paroxítona|Va|les|kas|lang=es}}, {{gramática|pr|fp|lang=es}}
# plural de [[Valeska#{{es}}|Valeska]]
{{avi-for-fle|Valeska|lang=es}}
[[Categoria:Forma de substantivo (Espanhol)]]</text>
<sha1>9fjhutvk88v3rv6yl7mraeuuq5uwxrz</sha1>
</revision>
</page>
