<page>
<title>valere</title>
<ns>0</ns>
<id>100555</id>
<revision>
<id>2240185</id>
<parentid>2216996</parentid>
<timestamp>2017-02-18T04:23:10Z</timestamp>
<contributor>
<username>UT-interwiki-Bot</username>
<id>56129</id>
</contributor>
<minor />
<comment>Robô: A adicionar: [[eo:valere]]</comment>
<model>wikitext</model>
<format>text/x-wiki</format>
<text bytes="441" xml:space="preserve">={{-la-}}=
==Forma verbal==
'''valere'''
# infinitivo do verbo [[valeo]]
{{avi-for-fle|valeo}}
[[Categoria:Forma verbal (Latim)]]
[[ca:valere]]
[[chr:valere]]
[[co:valere]]
[[cs:valere]]
[[de:valere]]
[[el:valere]]
[[en:valere]]
[[eo:valere]]
[[fi:valere]]
[[fr:valere]]
[[gl:valere]]
[[id:valere]]
[[io:valere]]
[[it:valere]]
[[ja:valere]]
[[ko:valere]]
[[la:valere]]
[[mg:valere]]
[[nl:valere]]
[[pl:valere]]
[[ro:valere]]
[[sk:valere]]</text>
<sha1>q5b2h3hezwo6d5krn8s5f5ctu1kjnfu</sha1>
</revision>
</page>
