<page>
<title>Valencianos</title>
<ns>0</ns>
<id>387518</id>
<revision>
<id>2468068</id>
<parentid>2468067</parentid>
<timestamp>2017-12-08T01:39:58Z</timestamp>
<contributor>
<username>MIL973</username>
<id>41339</id>
</contributor>
<model>wikitext</model>
<format>text/x-wiki</format>
<text bytes="222" xml:space="preserve">{{ver também|valencianos}}
={{-pt-}}=
==Forma de substantivo==
{{paroxítona|Va|len|ci|a|nos}}, {{gramática|pr|mp}}
# plural de [[Valenciano]]
{{avi-for-fle|Valenciano}}
[[Categoria:Forma de substantivo (Português)]]</text>
<sha1>sxfp4cb0cf2ldq2ktog59cpesxsfh19</sha1>
</revision>
</page>
