<page>
<page>
<title>valentona</title>
<ns>0</ns>
<id>345390</id>
<revision>
<id>2467724</id>
<parentid>2018455</parentid>
<timestamp>2017-12-07T01:29:15Z</timestamp>
<contributor>
<username>MIL973</username>
<id>41339</id>
</contributor>
<model>wikitext</model>
<format>text/x-wiki</format>
<text bytes="329" xml:space="preserve">={{-pt-}}=
==Forma de adjetivo==
{{paroxítona|va|len|to|na}}, {{gramática|f}}
# feminino de [[valentão]]
==Forma de substantivo==
{{paroxítona|va|len|to|na}}, {{gramática|f}}
# feminino de [[valentão]]
{{avi-for-fle|valentão}}
[[Categoria:Forma de adjetivo (Português)]]
[[Categoria:Forma de substantivo (Português)]]</text>
<sha1>lnf4rk4m63t7s05bep0e8u2y5gnd7jp</sha1>
</revision>
