<page>
<title>valerianáceo</title>
<ns>0</ns>
<id>376857</id>
<revision>
<id>2560047</id>
<parentid>2559970</parentid>
<timestamp>2019-11-04T09:10:56Z</timestamp>
<contributor>
<username>MIL973</username>
<id>41339</id>
</contributor>
<model>wikitext</model>
<format>text/x-wiki</format>
<text bytes="753" xml:space="preserve">={{-pt-}}=
==Adjetivo==
{{flex.pt|ms=valerianáceo|mp=valerianáceos|fs=valerianácea|fp=valerianáceas}}
{{proparoxítona aparente|va|le|ri|a|ná|ce|o}}, {{gramática|m}}
# {{escopo|pt|Botânica}} relativo à família das valerianáceas ou pertencente a ela
# {{escopo|pt|Botânica}} relativo a [[valeriana]]
===Sinônimos===
* De '''2''':
{{colunas|2}}
* [[valeriânico]]
* [[valérico]]
{{colunas/fim}}
=={{etimologia|pt}}==
: {{escopo|Morfologia}} De [[valeriana]] + [[-áceo]].
==Ver também==
===No Wikcionário===
====Antropônimos====
{{colunas|2}}
* [[Valéria]]
* [[Valeriana]]
* [[Valeriano]]
* [[Valério]]
* [[Valesca]]
* [[Valesco]]
{{colunas/fim}}
====Wikisaurus====
* [[Wikisaurus:planta|planta]]
[[Categoria:Adjetivo (Português)]]</text>
<sha1>mhsfseugkmc5j9aygcmokyb1dlwwddh</sha1>
</revision>
</page>
