<page>
<page>
<title>valentes</title>
<ns>0</ns>
<id>89768</id>
<revision>
<id>2467716</id>
<parentid>2139641</parentid>
<timestamp>2017-12-07T01:21:50Z</timestamp>
<contributor>
<username>MIL973</username>
<id>41339</id>
</contributor>
<model>wikitext</model>
<format>text/x-wiki</format>
<text bytes="246" xml:space="preserve">{{ver também|Valentes}}
={{-pt-}}=
==Forma de adjetivo==
{{paroxítona|va|len|tes}}, {{gramática|c2gp}}
# plural de [[valente]]
{{avi-for-fle|valente}}
==Anagramas==
# [[levantes]]
# [[velantes]]
[[Categoria:Forma de adjetivo (Português)]]</text>
<sha1>i8u82p70tekwn64nt2uhkq6eiij6sn2</sha1>
</revision>
