<page>
<page>
<title>valerosos</title>
<ns>0</ns>
<id>96291</id>
<revision>
<id>2026003</id>
<parentid>1569413</parentid>
<timestamp>2015-10-27T12:52:28Z</timestamp>
<contributor>
<username>HydrizBot</username>
<id>29590</id>
</contributor>
<minor />
<comment>Robô: A adicionar: [[en:valerosos]], [[nl:valerosos]]</comment>
<model>wikitext</model>
<format>text/x-wiki</format>
<text bytes="184" xml:space="preserve">={{-pt-}}=
==Forma de adjetivo==
{{paroxítona|va|le|ro|sos}}
# plural de [[valeroso]]
[[Categoria:Forma de adjetivo (Português)]]
[[en:valerosos]]
[[es:valerosos]]
[[nl:valerosos]]</text>
<sha1>l0de9yx9bern9s1d2ovhnioegkv1ns5</sha1>
</revision>
