<page>
<page>
<title>valerianáceas</title>
<ns>0</ns>
<id>415114</id>
<revision>
<id>2559962</id>
<parentid>2559961</parentid>
<timestamp>2019-11-03T10:11:07Z</timestamp>
<contributor>
<username>MIL973</username>
<id>41339</id>
</contributor>
<model>wikitext</model>
<format>text/x-wiki</format>
<text bytes="216" xml:space="preserve">={{-pt-}}=
==Forma de adjetivo==
{{proparoxítona aparente|va|le|ri|a|ná|ce|as}}, {{gramática|fp}}
# feminino plural de [[valerianáceo]]
{{avi-for-fle|valerianáceo}}
[[Categoria:Forma de adjetivo (Português)]]</text>
<sha1>is4dhtro8lzyj6ptkjkrg0b76587hml</sha1>
</revision>
