<page>
<title>Valença</title>
<ns>0</ns>
<id>137836</id>
<revision>
<id>2559835</id>
<parentid>2559827</parentid>
<timestamp>2019-11-02T10:53:39Z</timestamp>
<contributor>
<username>MIL973</username>
<id>41339</id>
</contributor>
<model>wikitext</model>
<format>text/x-wiki</format>
<text bytes="1420" xml:space="preserve">{{Wikipédia|Valença (Bahia)}}
{{Wikipédia|Valença (Portugal)}}
{{Wikipédia|Valença (Rio de Janeiro)}}
{{ver também|valença}}
={{-pt-}}=
==Substantivo==
{{flex.pt|s=Valença|p=Valenças}}
{{paroxítona|Va|len|ça}}, {{gramática|pr|c2g}}
# {{escopo|pt|Antropônimo}} [[Apêndice:Sobrenomes em português|sobrenome]] comum em português
# {{escopo|pt|Município do estado da Bahia}} [[Apêndice:Gentílicos e topónimos em português/Brasil/Bahia|município brasileiro do estado da Bahia]]
# {{escopo|pt|Município do estado do Rio de Janeiro}} [[Apêndice:Gentílicos e topónimos em português/Brasil/Rio de Janeiro|município brasileiro do estado do Rio de Janeiro]]
# {{escopo|pt|Concelho de Portugal}} [[Apêndice:Gentílicos e topónimos em português/Portugal|município português do distrito de Viana do Castelo]]
===Expressões===
* '''[[Valença do Piauí]]''':
==Ver também==
===No Wikcionário===
{{colunas|3}}
* [[valença]]
* [[valencense]]
* [[valenciano]]
{{colunas/fim}}
====Antropônimos====
{{colunas|2}}
* [[Valência]]
* [[Valenciana]]
* [[Valenciano]]
* [[Valêncio]]
* [[Valente]]
* [[Valentim]]
* [[Valentina]]
* [[Valentiniana]]
* [[Valentiniano]]
* [[Valentino]]
{{colunas/fim}}
==Ligações externas==
* [http://www.valenca.ba.gov.br/ Prefeitura de Valença (Bahia)]
* [http://www.valenca.rj.gov.br/ Prefeitura de Valença (Rio de Janeiro)]
[[Categoria:Substantivo (Português)]]</text>
<sha1>0cnugti7hamg7lulqx2z7e8y03y0b0g</sha1>
</revision>
</page>
