<page>
<page>
<title>valentinos</title>
<ns>0</ns>
<id>415112</id>
<revision>
<id>2559919</id>
<parentid>2559918</parentid>
<timestamp>2019-11-03T09:44:56Z</timestamp>
<contributor>
<username>MIL973</username>
<id>41339</id>
</contributor>
<model>wikitext</model>
<format>text/x-wiki</format>
<text bytes="357" xml:space="preserve">{{ver também|Valentinos}}
={{-pt-}}=
==Forma de adjetivo==
{{paroxítona|va|len|ti|nos}}, {{gramática|mp}}
# plural de [[valentino]]
==Forma de substantivo==
{{paroxítona|va|len|ti|nos}}, {{gramática|mp}}
# plural de [[valentino]]
{{avi-for-fle|valentino}}
[[Categoria:Forma de adjetivo (Português)]]
[[Categoria:Forma de substantivo (Português)]]</text>
<sha1>as36c0v0g4xmnrxfy2u9fst9t6csokq</sha1>
</revision>
