<page>
<page>
<title>Valeria</title>
<ns>0</ns>
<id>370925</id>
<revision>
<id>2560030</id>
<parentid>2559930</parentid>
<timestamp>2019-11-04T08:59:10Z</timestamp>
<contributor>
<username>MIL973</username>
<id>41339</id>
</contributor>
<model>wikitext</model>
<format>text/x-wiki</format>
<text bytes="907" xml:space="preserve">{{ver também|valeria|valéria|Valéria}}
={{-es-}}=
==Substantivo==
{{flex.es|fs=Valeria|fp=Valerias}}
{{paroxítona|Va|le|ria|lang=es}}, {{gramática|pr|f|lang=es}}
# {{escopo|es|Antropônimo}} [[Valéria]]
==Ver também==
===No Wikcionário===
====Antropônimos====
{{colunas|2}}
* [[Valeriana#{{es}}|Valeriana]]
* [[Valeriano#{{es}}|Valeriano]]
* [[Valerio#{{es}}|Valerio]]
* [[Valesca#{{es}}|Valesca]]
* [[Valesco#{{es}}|Valesco]]
* [[Valeska#{{es}}|Valeska]]
* [[Valesko#{{es}}|Valesko]]
{{colunas/fim}}
[[Categoria:Substantivo (Espanhol)]]
={{-it-}}=
==Substantivo==
{{paroxítona|Va|le|ria|lang=it}}, {{gramática|pr|f|lang=it}}
# {{escopo|it|Antropônimo}} [[Valéria]]
==Ver também==
===No Wikcionário===
====Antropônimos====
{{colunas|3}}
* [[Valeriana#{{it}}|Valeriana]]
* [[Valeriano#{{it}}|Valeriano]]
* [[Valerio#{{it}}|Valerio]]
{{colunas/fim}}
[[Categoria:Substantivo (Italiano)]]</text>
<sha1>1jmad0x49zu049ooer2699u9d9etfjs</sha1>
</revision>
