<page>
<page>
<title>vales</title>
<ns>0</ns>
<id>107081</id>
<revision>
<id>2216998</id>
<parentid>2026002</parentid>
<timestamp>2016-12-31T13:01:10Z</timestamp>
<contributor>
<username>UT-interwiki-Bot</username>
<id>56129</id>
</contributor>
<minor />
<comment>Robô: A adicionar: [[la:vales]]</comment>
<model>wikitext</model>
<format>text/x-wiki</format>
<text bytes="663" xml:space="preserve">={{-pt-}}=
==Forma verbal==
{{paroxítona|va|les}}
# segunda pessoa do singular do presente do conjuntivo do verbo [[valar]]
# segunda pessoa do singular do presente do indicativo do verbo [[valer]]
==Forma de substantivo==
{{paroxítona|va|les}}
# plural de [[vale]]
==Anagramas==
# [[lavar|laves]]
# [[levar|levas]]
# [[salve]]
# [[selva]]
# [[valsar|valse]]
# [[vela]]s
[[Categoria:Forma verbal (Português)]]
[[Categoria:Forma de substantivo (Português)]]
[[ar:vales]]
[[ca:vales]]
[[de:vales]]
[[en:vales]]
[[eo:vales]]
[[es:vales]]
[[fi:vales]]
[[fr:vales]]
[[ku:vales]]
[[la:vales]]
[[mg:vales]]
[[my:vales]]
[[nl:vales]]
[[simple:vales]]
[[sv:vales]]</text>
<sha1>cj5enbrj3c2i5a9mu7m08zaytrutz25</sha1>
</revision>
