<page>
<title>valencianos</title>
<ns>0</ns>
<id>387521</id>
<revision>
<id>2468089</id>
<parentid>2468088</parentid>
<timestamp>2017-12-08T02:13:16Z</timestamp>
<contributor>
<username>MIL973</username>
<id>41339</id>
</contributor>
<model>wikitext</model>
<format>text/x-wiki</format>
<text bytes="365" xml:space="preserve">{{ver também|Valencianos}}
={{-pt-}}=
==Forma de adjetivo==
{{paroxítona|va|len|ci|a|nos}}, {{gramática|mp}}
# plural de [[valenciano]]
==Forma de substantivo==
{{paroxítona|va|len|ci|a|nos}}, {{gramática|mp}}
# plural de [[valenciano]]
{{avi-for-fle|valenciano}}
[[Categoria:Forma de adjetivo (Português)]]
[[Categoria:Forma de substantivo (Português)]]</text>
<sha1>tl843j1tdva4jmqq626oi92wh7e0zh1</sha1>
</revision>
</page>
