<page>
<page>
<title>valeratos</title>
<ns>0</ns>
<id>415138</id>
<revision>
<id>2560079</id>
<parentid>2560078</parentid>
<timestamp>2019-11-04T09:26:37Z</timestamp>
<contributor>
<username>MIL973</username>
<id>41339</id>
</contributor>
<model>wikitext</model>
<format>text/x-wiki</format>
<text bytes="183" xml:space="preserve">={{-pt-}}=
==Forma de substantivo==
{{paroxítona|va|le|ra|tos}}, {{gramática|mp}}
# plural de [[valerato]]
{{avi-for-fle|valerato}}
[[Categoria:Forma de substantivo (Português)]]</text>
<sha1>r95wp551c77yf3muo3cxifnypa0e2lh</sha1>
</revision>
