<page>
<page>
<title>valerianato</title>
<ns>0</ns>
<id>415129</id>
<revision>
<id>2560070</id>
<parentid>2560069</parentid>
<timestamp>2019-11-04T09:22:45Z</timestamp>
<contributor>
<username>MIL973</username>
<id>41339</id>
</contributor>
<model>wikitext</model>
<format>text/x-wiki</format>
<text bytes="537" xml:space="preserve">={{-pt-}}=
==Substantivo==
{{flex.pt|ms=valerianato|mp=valerianatos}}
{{paroxítona|va|le|ri|a|na|to}}, {{gramática|m}}
# {{escopo|pt|Química}} nome comum aos [[sal|sais]] e [[éster]]es em cuja composição entra o ácido [[valeriânico]]/[[valérico]]
===Sinônimo===
* [[valerato]]
==Ver também==
===No Wikcionário===
* [[valeriana]]
====Expressões====
{{colunas|2}}
* [[ácido valeriânico]]
* [[ácido valérico]]
{{colunas/fim}}
====Wikisaurus====
* [[Wikisaurus:química|química]]
[[Categoria:Substantivo (Português)]]</text>
<sha1>7c7hmsbq9249bbnlgwywkzao4mo1a0j</sha1>
</revision>
