<page>
<title>valeriodutos</title>
<ns>0</ns>
<id>332648</id>
<revision>
<id>2418347</id>
<parentid>1875503</parentid>
<timestamp>2017-06-21T01:15:07Z</timestamp>
<contributor>
<username>MIL973</username>
<id>41339</id>
</contributor>
<model>wikitext</model>
<format>text/x-wiki</format>
<text bytes="194" xml:space="preserve">={{-pt-}}=
==Forma de substantivo==
{{paroxítona|va|le|ri|o|du|tos}}, {{gramática|mp}}
# plural de [[valerioduto]]
{{avi-for-fle|valerioduto}}
[[Categoria:Forma de substantivo (Português)]]</text>
<sha1>lu25zlxeowaaemus3l634oo6ubvcigw</sha1>
</revision>
</page>
