<page>
<page>
<title>valerianácea</title>
<ns>0</ns>
<id>415116</id>
<revision>
<id>2559964</id>
<parentid>2559960</parentid>
<timestamp>2019-11-03T10:11:39Z</timestamp>
<contributor>
<username>MIL973</username>
<id>41339</id>
</contributor>
<model>wikitext</model>
<format>text/x-wiki</format>
<text bytes="207" xml:space="preserve">={{-pt-}}=
==Forma de adjetivo==
{{proparoxítona aparente|va|le|ri|a|ná|ce|a}}, {{gramática|f}}
# feminino de [[valerianáceo]]
{{avi-for-fle|valerianáceo}}
[[Categoria:Forma de adjetivo (Português)]]</text>
<sha1>i6a1gs4ean31cd45wc27n3kzlczds6z</sha1>
</revision>
