<page>
<title>valerias</title>
<ns>0</ns>
<id>340226</id>
<revision>
<id>2417932</id>
<parentid>2213854</parentid>
<timestamp>2017-06-18T02:19:13Z</timestamp>
<contributor>
<username>MIL973</username>
<id>41339</id>
</contributor>
<model>wikitext</model>
<format>text/x-wiki</format>
<text bytes="403" xml:space="preserve">{{ver também|Valerias|valérias|Valérias}}
={{-pt-}}=
==Forma verbal==
{{paroxítona|va|le|ri|as}}
# segunda pessoa do singular do futuro do pretérito do indicativo do verbo [[valer]]
{{avi-for-fle|valer}}
==Anagramas==
# [[lavareis]]
# [[laváreis]]
# [[levarias]]
# [[raláveis]]
# [[resvalai]]
# [[salvarei]]
# [[valerais]]
# [[valsarei]]
# [[velarias]]
[[Categoria:Forma verbal (Português)]]</text>
<sha1>0l1m0wek1oqh1fzf48s10z08rraostx</sha1>
</revision>
</page>
