<page>
<page>
<title>valentia</title>
<ns>0</ns>
<id>86803</id>
<revision>
<id>2612475</id>
<parentid>2559807</parentid>
<timestamp>2021-01-31T12:09:16Z</timestamp>
<contributor>
<username>Marxav</username>
<id>73271</id>
</contributor>
<minor />
<comment>AFI Portugal</comment>
<model>wikitext</model>
<format>text/x-wiki</format>
<text bytes="756" xml:space="preserve">={{-pt-}}=
==Substantivo==
{{flex.pt|fs=valentia|fp=valentias}}
{{paroxítona|va|len|ti|a}}, {{gramática|f}}
# qualidade de [[valente]]
# ato de [[valor]]
# [[façanha]]
# [[energia]] 
# [[vigor]]
=={{etimologia|pt}}==
: {{escopo|Morfologia}} De [[valente]] + [[-ia]].
=={{pronúncia|pt}}==
===Portugal===
* AFI: {{AFI|/vɐ.lẽ.ˈti.ɐ/}}
==Ver também==
===No Wikcionário===
* [[valentão]]
====Antropônimos====
{{colunas|3}}
* [[Valença]]
* [[Valência]]
* [[Valenciana]]
* [[Valenciano]]
* [[Valêncio]]
* [[Valente]]
* [[Valentim]]
* [[Valentina]]
* [[Valentiniana]]
* [[Valentiniano]]
* [[Valentino]]
{{colunas/fim}}
====Wikisaurus====
* [[Wikisaurus:qualidade|qualidade]]
==Anagrama==
# [[levantai]]
[[Categoria:Substantivo (Português)]]</text>
<sha1>8ftjtrgewkudko43f33alxaqonqjlkj</sha1>
</revision>
