<page>
<title>valentão</title>
<ns>0</ns>
<id>69566</id>
<revision>
<id>2467721</id>
<parentid>2139640</parentid>
<timestamp>2017-12-07T01:27:51Z</timestamp>
<contributor>
<username>MIL973</username>
<id>41339</id>
</contributor>
<model>wikitext</model>
<format>text/x-wiki</format>
<text bytes="654" xml:space="preserve">={{-pt-}}=
==Adjetivo==
{{flex.pt|ms=valentão|mp=valentões|fs=valentona|fp=valentonas}}
{{oxítona|va|len|tão}}, {{gramática|m}}
# [[fanfarrão]]
==Substantivo==
{{flex.pt|ms=valentão|mp=valentões|fs=valentona|fp=valentonas}}
{{oxítona|va|len|tão}}, {{gramática|m}}
# [[fanfarrão]]
===Sinônimo===
* [[molosso]]
=={{etimologia|pt}}==
: {{escopo|Morfologia}} [[valente]] + [[-ão]].
==Ver também==
===No Wikcionário===
{{colunas|2}}
* [[valente]]
* [[valentia]]
{{colunas/fim}}
====Wikisaurus====
* [[Wikisaurus:qualidade|qualidade]]
==Anagrama==
# [[alevanto]]
[[Categoria:Adjetivo (Português)]]
[[Categoria:Substantivo (Português)]]</text>
<sha1>myy8b7it88fp3i2se2xe00ag68mdtmd</sha1>
</revision>
</page>
