<page>
<page>
<title>valer</title>
<ns>0</ns>
<id>53656</id>
<revision>
<id>2678170</id>
<parentid>2678036</parentid>
<timestamp>2022-05-30T14:29:17Z</timestamp>
<contributor>
<username>ValJor</username>
<id>1358</id>
</contributor>
<minor />
<comment>Revertidas edições por [[Especial:Contribuições/2804:14C:17C:801E:692E:763E:D1E9:1892|2804:14C:17C:801E:692E:763E:D1E9:1892]] para a última versão por [[Especial:Contribuições/ValJor|ValJor]]</comment>
<model>wikitext</model>
<format>text/x-wiki</format>
<text bytes="1193" xml:space="preserve">={{-pt-}}=
==Verbo==
{{oxítona|va|ler}}, {{gramática|vt}}
# [[significar]]
# [[amparar]]
# ter [[valor]]
# ter [[aplicação]] ou [[mérito]]
# [[exercer]] [[influência]]
# [[ostentar]] [[importância]]
# ser de certo [[preço]]
# [[dar]] [[proveito]]
# ser igual em valor a
===Conjugação===
{{conj.pt|valer|valendo|valido
|valho|vales|vale|valemos|valeis|valem
|valia|valias|valia|valíamos|valíeis|valiam
|vali|valeste|valeu|valemos|valestes|valeram 
|valera|valeras|valera|valêramos|valêreis|valeram 
|valerei|valerás|valerá|valeremos|valereis|valerão 
|valeria|valerias|valeria|valeríamos|valeríeis|valeriam
|valha|valhas|valha|valhamos|valhais|valham 
|valesse|valesses|valesse|valêssemos|valêsseis|valessem 
|valer|valeres|valer|valermos|valerdes|valerem 
|vale|valha|valhamos|valei|valham
|valhas|valha|valhamos|valhais|valham
|valer|valeres|valer|valermos|valerdes|valerem 
|}}
===Expressões===
* '''[[valer a pena]]'''
==Ligações externas==
* {{Aulete}}
* {{DicioAberto}}
* {{DPLP}}
* {{Infopédia}}
* {{PLP}}
* {{VOLPABL}}
==Anagramas==
&lt;!-- índice para anagramas: pt: aelrv --&gt;
# [[lavre]]
# [[levar]]
# [[relva]]
# [[velar]]
[[Categoria:Verbo (Português)]]</text>
<sha1>sgnys083dts6terdne6hkid66394tjh</sha1>
</revision>
