<page>
<page>
<title>Valesca</title>
<ns>0</ns>
<id>391134</id>
<revision>
<id>2560117</id>
<parentid>2560044</parentid>
<timestamp>2019-11-04T20:04:48Z</timestamp>
<contributor>
<username>Leonardo José Raimundo</username>
<id>43489</id>
</contributor>
<comment>Eu estou traduzindo o nome &quot;Valesca&quot; para o francês (Valeska) e italiano (Valesca).</comment>
<model>wikitext</model>
<format>text/x-wiki</format>
<text bytes="1216" xml:space="preserve">={{-pt-}}=
==Substantivo==
{{flex.pt|fs=Valesca|fp=Valescas}}
{{paroxítona|Va|les|ca}}, {{gramática|pr|f}}
# {{escopo|pt|Antropônimo}} [[Apêndice:Prenomes em português|prenome]] feminino
===Tradução===
{{tradini}}
* {{trad|de|Valeska}}
* {{trad|es|Valesca|Valeska}}
* {{trad|fr|Valeska}}
{{tradmeio}}
* {{trad|en|Valeska}}
* {{trad|it|Valesca}}
{{tradfim}}
==Ver também==
===No Wikcionário===
{{colunas|2}}
* [[valeriana]]
* [[valerianáceo]]
* [[valeriânico]]
* [[valérico]]
{{colunas/fim}}
====Antropônimos====
{{colunas|2}}
* [[Valéria]]
* [[Valeriana]]
* [[Valeriano]]
* [[Valério]]
* [[Valesco]]
{{colunas/fim}}
[[Categoria:Substantivo (Português)]]
={{-es-}}=
==Substantivo==
{{flex.es|fs=Valesca|fp=Valescas}}
{{paroxítona|Va|les|ca|lang=es}}, {{gramática|pr|f|lang=es}}
# {{escopo|es|Antropônimo}} [[Valesca#{{pt}}|Valesca]]
==={{-varort-}}===
* [[Valeska#{{es}}|Valeska]]
==Ver também==
===No Wikcionário===
====Antropônimos====
{{colunas|2}}
* [[Valeriana#{{es}}|Valeriana]]
* [[Valeriano#{{es}}|Valeriano]]
* [[Valerio#{{es}}|Valerio]]
* [[Valesco#{{es}}|Valesco]]
* [[Valeska#{{es}}|Valeska]]
* [[Valesko#{{es}}|Valesko]]
{{colunas/fim}}
[[Categoria:Substantivo (Espanhol)]]</text>
<sha1>8o3rnbps20zcbo0cax0hd2qegdjzhau</sha1>
</revision>
