<page>
<title>Valgõvinne</title>
<ns>0</ns>
<id>403022</id>
<revision>
<id>2526073</id>
<timestamp>2018-11-13T08:35:55Z</timestamp>
<contributor>
<username>ValJor</username>
<id>1358</id>
</contributor>
<comment>Criação do verbete a partir da [[Especial:Páginas_pedidas|lista de palavras pedidas]]</comment>
<model>wikitext</model>
<format>text/x-wiki</format>
<text bytes="485" xml:space="preserve">{{Wikipédia|lang=vro}}
[[Imagem:Flag of Belarus.svg|thumb|right|250px|&lt;center&gt;Bandeira da Bielorrússia&lt;/center&gt;]]
[[Imagem:Europe location BLR.png|thumb|right|250px|&lt;center&gt;Localização da Bielorrússia&lt;/center&gt;]]
={{-vro-}}=
==Substantivo==
'''Valgõvinne''', {{gramática|pr}}
# {{escopo|vro|Geografia}} [[Bielorrússia]]
==Ver também==
===No Wikcionário===
{{Europa/vro}}
[[Categoria:Substantivo (Võro)]]
[[Categoria:País (Võro)]]
[[Categoria:Entrada com imagem (Võro)]]</text>
<sha1>i6moh9lmkol4xysni64iq2jbiyolbp3</sha1>
</revision>
</page>
