<page>
<page>
<title>valga</title>
<ns>0</ns>
<id>400212</id>
<revision>
<id>2654804</id>
<parentid>2519021</parentid>
<timestamp>2021-12-11T19:36:38Z</timestamp>
<contributor>
<username>Cpls</username>
<id>20608</id>
</contributor>
<comment>/* {{-gl-}} */</comment>
<model>wikitext</model>
<format>text/x-wiki</format>
<text bytes="415" xml:space="preserve">={{-gl-}}=
==Substantivo==
{{flex.gl|fs=valga|fp=valgas}}
{{paroxítona|val|ga|lang=gl}}, {{g|f|lang=gl}}
# [[aba]] de um monte
# [[vale]]
=={{etimologia|gl}}==
: Do diminutivo latino ''*vallica'' de {{etimo|la|vallis}}. Confronte-se com ''[[barga#Galego|barga]]'', ''[[valgada#Galego|valgada]]'' e ''[[envalgonada#{{gl}}|envalgonada]]''.
==Homófono==
* [[balga#{{gl}}|balga]]
[[Categoria:Substantivo (Galego)]]</text>
<sha1>th898tyoosot4ak1il5ov6z4h7wfitb</sha1>
</revision>
