<page>
<title>valg</title>
<ns>0</ns>
<id>290746</id>
<revision>
<id>2247878</id>
<parentid>2080720</parentid>
<timestamp>2017-03-03T20:05:33Z</timestamp>
<contributor>
<username>UT-interwiki-Bot</username>
<id>56129</id>
</contributor>
<minor />
<comment>Robô: A adicionar: [[eo:valg]]</comment>
<model>wikitext</model>
<format>text/x-wiki</format>
<text bytes="572" xml:space="preserve">{{Wikipédia|lang=da}}
{{Wikipédia|lang=no}}
={{-da-}}=
==Substantivo==
'''valg'''
# [[eleição]]
# [[escolha]]
[[Categoria:Substantivo (Dinamarquês)]]
[[Categoria:Política (Dinamarquês)]]
={{-no-}}=
==Substantivo==
'''valg'''
# [[eleição]]
# [[escolha]]
[[Categoria:Substantivo (Norueguês)]]
[[Categoria:Política (Norueguês)]]
[[chr:valg]]
[[da:valg]]
[[en:valg]]
[[eo:valg]]
[[fr:valg]]
[[hu:valg]]
[[ja:valg]]
[[lo:valg]]
[[lt:valg]]
[[mg:valg]]
[[nl:valg]]
[[no:valg]]
[[pl:valg]]
[[ru:valg]]
[[sv:valg]]
[[tl:valg]]
[[tr:valg]]
[[vi:valg]]
[[zh:valg]]</text>
<sha1>09iur1gsydthnnw8qaj4v2nj9bzbud0</sha1>
</revision>
</page>
