<page>
<page>
<title>valge</title>
<ns>0</ns>
<id>59871</id>
<revision>
<id>2690876</id>
<parentid>2520624</parentid>
<timestamp>2022-10-27T21:13:01Z</timestamp>
<contributor>
<username>InternetArchiveBot</username>
<id>81604</id>
</contributor>
<comment>Rescuing 1 sources and tagging 0 as dead.) #IABot (v2.0.9.2</comment>
<model>wikitext</model>
<format>text/x-wiki</format>
<text bytes="4495" xml:space="preserve">{{ver também|valgė}}
[[Ficheiro:Solid white.svg|thumb|225px|'''Valge''' (&quot;branco&quot;)]]
[[Ficheiro:Berndpolster01.jpg|thumb|225px|'''Valge''' (&quot;caucasiano&quot;)]]
={{-et-}}=
{{Wikipédia|lang=et}}
==Adjetivo==
{{paroxítona|val|ge|lang=et}}
# {{escopo|et|cor}} [[branco]]; [[alvo]]
#: '''''valge''' nagu [[lumi#{{et}}|lumi]]'' &lt;small&gt;(branco como [[neve]])&lt;/small&gt;
# [[claro]]; [[iluminado]]
# {{escopo|et|antropologia}} branco; [[caucasiano]]
===Declinação===
{{decl.et.subst.1|título=Adjetivo do grupo 1 (''[[ohutu]]'') ([[comparativo]] ''{{link opcional|valgem|et}}''; [[superlativo]] ''{{link opcional|kõige}} valgem'' / ''{{link opcional|valgeim|et}}'')}}
===Locuções e expressões===
* '''suur valge''': em plena luz do dia
* '''valge elevant''': {{link opcional|elefante branco}}
* '''valge kärbseseen''': {{escopo2|biologia}} [[espécie]] {{o/a|venenos}} de [[cogumelo]] (''[[wikispecies:Amanita|Amanita virosa]]'')
* '''valge kääbus''': {{escopo2|astronomia}} {{link opcional|anã branca}}
* '''valge kuld''': {{escopo2|química}} {{link opcional|ouro branco}}
* '''valge liha''': [[carne branca]]
* '''valge lipp''': {{link opcional|bandeira branca}}, [[trégua]]
* '''valge maagia''': [[magia branca]]
* '''valge müra''': {{escopo2|física}} [[ruído branco]]
* '''valge nulg''': {{escopo2|botânica}} abeto-prateado, abeto-branco (''[[wikispecies:Abies alba|Abies alba]]'')
* '''valge pipar''': {{link opcional|pimenta branca}}
* '''valge upsujuur''': {{escopo2|botânica}} hébolo-branco (''[[wikispecies:Veratrum album|Veratrum album]]'')
* '''valge vein''': [[vinho branco]]
* '''valge verelible''': {{escopo2|anatomia}} [[leucócito]], {{link opcional|célula branca}}
* '''valge šokolaad''': {{link opcional|chocolate branco}}
===Termos derivados===
{{verTambém.Ini}}
* {{link opcional|munavalge|et}}
* {{link opcional|must-valge|et}}
{{verTambém.NovaColuna|25}}
* {{link opcional|valgekraeline|et}} 
* {{link opcional|valgenahaline|et}} 
{{verTambém.NovaColuna|25}}
* {{link opcional|valgendi|et}}
* {{link opcional|valgeplekk|et}}
{{verTambém.NovaColuna|25}}
* [[Valgevene]]
* {{link opcional|välkvalge|et}}
{{verTambém.Fim}}
==Substantivo==
'''{{grifar|val}}.ge'''
# {{escopo|et|cor}} {{l.s.|branco}}; [[cor]] {{o/a|branc}}
# {{escopo|et|antropologia}} ([[indivíduo]]) branco; {{l.s.|caucasiano}}
===Declinação===
{{decl.et.subst.1}}
=={{etimologia|et}}==
:Do {{link opcional|protofino-úgrico}} *''walke'' ou *''wïlki''.
===Cognatos===
{{tradini|Cognatos de ''valge''}}
* {{trad|fi|valkea}}
* {{trad|hu|világ}}
{{tradmeio}}
* {{trad|se|vielgok}}
* {{trad-|udm|-валь|(-valʹ)}}
{{tradfim}}
=={{pronúncia|et}}==
* [[AFI]]: {{AFI|/ˈvɑl.ge/}}
* [[X-SAMPA]]: /&quot;vAl.ge/
==Ver também==
===No Wikcionário===
{{verTambém.Ini}}
* {{link opcional|mongoliidne|et}}
* {{link opcional|neeger|et}}
{{verTambém.NovaColuna|50}}
* {{link opcional|rass|et}}
* {{link opcional|värvus|et}}
{{verTambém.Fim}}
{{cores/et}}
==Ligações externas==
===Referências===
{{verTambém.Ini}}
* &lt;span style=&quot;color:#555;&quot;&gt;(em estoniano)&lt;/span&gt; “[https://web.archive.org/web/20201128215035/http://test.keeleleek.ee/e-keelenou/?Q=valge valge]” no ''e-keelenõu''
* &lt;span style=&quot;color:#555;&quot;&gt;(em inglês)&lt;/span&gt; “[https://aare.edu.ee/dictionary.html?lang=ee&amp;meth=exact&amp;switch=en&amp;query=valge valge]” no ''Estonian-English-Estonian Dictionary'' (''aare.pri.ee'') (em estoniano e inglês)]
{{verTambém.Fim}}
{{categorias|{{et}}|Adjetivo|Substantivo|Entrada com imagem}}
={{-ia-}}=
==Adjetivo==
{{paroxítona|val|ge|lang=ia}}
# {{o/a|tort}}s, {{o/a|arquead}} ([[perna]]s)
===Sinônimos===
* {{link opcional|genu-var|ia}}, {{link opcional|var|ia}}
=={{pronúncia|ia}}==
* [[AFI]]: {{AFI|/ˈval.ge/}}
* [[X-SAMPA]]: /&quot;val.ge/
==Ver também==
===No Wikcionário===
{{verTambém.Ini}}
* [[gamba#{{ia}}|gamba]]
{{verTambém.Fim}}
==Ligações externas==
===Referências===
{{verTambém.Ini}}
* &lt;span style=&quot;color:#555;&quot;&gt;(em inglês)&lt;/span&gt; “[http://www.interlingua.com/ied/cerca?edit%5Bkeys%5D=valge valge]” no ''Interlingua-English Dictionary'' (''[[w:Union Mundial pro Interlingua|UMI]]'')
{{verTambém.Fim}}
[[Categoria:Adjetivo (Interlíngua)]]
={{-la-}}=
==Forma de adjetivo==
{{paroxítona|val|ge|lang=la}} {{g|m}}
# {{l.s.|forma}} {{o/a|vocativ}} {{o/a|masculin}} [[singular]] de '''''[[valgus]]'''''
{{avi-for-fle|valgus|lang=la}}
=={{pronúncia|la}}==
* [[AFI]]: {{AFI|/ˈwal.ge/}}
* [[X-SAMPA]]: /&quot;wal.ge/
[[Categoria:Forma de adjetivo (Latim)]]</text>
<sha1>2ogxbx8mwdvlyqgcr50exijz7e6ewbn</sha1>
</revision>
