<page>
<title>valhala</title>
<ns>0</ns>
<id>380252</id>
<revision>
<id>2419036</id>
<parentid>2419035</parentid>
<timestamp>2017-06-27T15:18:46Z</timestamp>
<contributor>
<username>Askekamo</username>
<id>60711</id>
</contributor>
<model>wikitext</model>
<format>text/x-wiki</format>
<text bytes="259" xml:space="preserve">={{-pt-}}=
==Substantivo==
{{paroxítona|va|lha|la}}
# {{escopo|pt|Mitologia|Religião}} palácio majestoso e enorme da mitologia nórdica com salão de 504 portas
==Ver também==
===No Wikcionário===
* [[valquíria]]
[[Categoria:Substantivo (Português)]]</text>
<sha1>5v53iw8azzwg1m3oaweu3o76b6459w7</sha1>
</revision>
</page>
