<page>
<title>valhacouto</title>
<ns>0</ns>
<id>11182</id>
<revision>
<id>2167924</id>
<parentid>2040568</parentid>
<timestamp>2016-09-05T21:33:19Z</timestamp>
<contributor>
<username>Defender</username>
<id>15952</id>
</contributor>
<comment>Um verbete a menos usando a [[Predefinição:flex.pt.masculino|predefinição flex.pt.masculino]]</comment>
<model>wikitext</model>
<format>text/x-wiki</format>
<text bytes="282" xml:space="preserve">={{-pt-}}=
==Substantivo==
{{flex.pt|ms=valhacouto|mp=valhacoutos}}
{{paroxítona|va|lha|cou|to}}, {{g|m}}
# [[refúgio]], [[abrigo]]
# [[asilo]], [[proteção]]
# [[amparo]]
# [[defesa]]
=={{etimologia|pt}}==
: Do latim ''valer'' + ''couto''.
[[Categoria:Substantivo (Português)]]</text>
<sha1>ci3up56t8tcwx8pab35k1gd1cz6narv</sha1>
</revision>
</page>
