<page>
<page>
<title>valha</title>
<ns>0</ns>
<id>103398</id>
<revision>
<id>2656685</id>
<parentid>2070843</parentid>
<timestamp>2022-01-02T18:42:08Z</timestamp>
<contributor>
<username>ValJor</username>
<id>1358</id>
</contributor>
<comment>Substituindo a [[Especial:Páginas_afluentes/Predefinição:escopoCatLang|predefinição escopoCatLang]] por escopo</comment>
<model>wikitext</model>
<format>text/x-wiki</format>
<text bytes="530" xml:space="preserve">={{-pt-}}=
==Substantivo==
{{flex.pt|fs=valha|fs-div=&lt;u&gt;va&lt;/u&gt;.lha|fp=valhas|fp-div=&lt;u&gt;va&lt;/u&gt;.lhas}}
{{paroxítona|va|lha}}, {{gênero|f}}
# {{escopo|pt|Família}} [[valia]]
==Forma verbal==
{{paroxítona|va|lha}}
# primeira pessoa do singular do presente do conjuntivo do verbo [[valer]]
# terceira pessoa do singular do presente do conjuntivo do verbo [[valer]]
# terceira pessoa do singular do imperativo do verbo [[valer]]
{{avi-for-fle|valer}}
[[Categoria:Substantivo (Português)]]
[[Categoria:Forma verbal (Português)]]</text>
<sha1>sux0gp4igsqfgb4pdilhz1ldijoteki</sha1>
</revision>
