<page>
<page>
<title>valioso</title>
<ns>0</ns>
<id>65881</id>
<revision>
<id>1997549</id>
<parentid>1959726</parentid>
<timestamp>2015-09-05T22:41:59Z</timestamp>
<contributor>
<username>HydrizBot</username>
<id>29590</id>
</contributor>
<minor />
<comment>Robô: A adicionar: [[el:valioso]]</comment>
<model>wikitext</model>
<format>text/x-wiki</format>
<text bytes="638" xml:space="preserve">={{-pt-}}=
==Adjetivo==
{{flex.pt|ms=valioso|mp=valiosos|fs=valiosa|fp=valiosas}}
{{paroxítona|va|li|o|so}}
# que tem grande [[valor]]
# [[influente]]
===Tradução===
{{tradini}}
* {{trad|de|kostbar}}
* {{trad|es|valioso}}
{{tradmeio}}
* {{trad|nl|kostbaar}}
* {{trad|en|valuable}}
{{tradfim}}
[[Categoria:Adjetivo (Português)]]
={{-es-}}=
==Adjetivo==
'''valioso'''
# [[valioso#Português|valioso]]
[[Categoria:Adjetivo (Espanhol)]]
[[chr:valioso]]
[[el:valioso]]
[[en:valioso]]
[[es:valioso]]
[[fi:valioso]]
[[fr:valioso]]
[[id:valioso]]
[[ko:valioso]]
[[mg:valioso]]
[[nl:valioso]]
[[pl:valioso]]
[[tg:valioso]]
[[zh:valioso]]</text>
<sha1>qaqnwul2woc8v6vq25w5003237i37ic</sha1>
</revision>
