<page>
<title>valigote</title>
<ns>0</ns>
<id>439126</id>
<revision>
<id>2654797</id>
<timestamp>2021-12-11T19:14:26Z</timestamp>
<contributor>
<username>Cpls</username>
<id>20608</id>
</contributor>
<comment>[[Ajuda:Guia de edição/Menus e ferramentas/Sumário de edição|→]] nova página: ={{-gl-}}= ==Substantivo== {{flex.gl|ms=valigote|mp=valigotes}} {{paroxítona|va|li|go|te|lang=gl}}, {{g|m|lang=gl}} # {{escopo|gl|Geologia}} pequeno [[vale]]  ===Sinónimos=== * Vide em [[valigota#{{gl}}|valigota]]  =={{etimologia|gl}}== : Derivada de ''[[vale#{{gl}}|vale]]''.  [[Categoria:Substantivo (Galego)]]</comment>
<model>wikitext</model>
<format>text/x-wiki</format>
<text bytes="314" xml:space="preserve">={{-gl-}}=
==Substantivo==
{{flex.gl|ms=valigote|mp=valigotes}}
{{paroxítona|va|li|go|te|lang=gl}}, {{g|m|lang=gl}}
# {{escopo|gl|Geologia}} pequeno [[vale]]
===Sinónimos===
* Vide em [[valigota#{{gl}}|valigota]]
=={{etimologia|gl}}==
: Derivada de ''[[vale#{{gl}}|vale]]''.
[[Categoria:Substantivo (Galego)]]</text>
<sha1>mun69d9yaayt60jskty9hw1wu8iemjx</sha1>
</revision>
</page>
