<page>
<page>
<title>validara</title>
<ns>0</ns>
<id>265083</id>
<revision>
<id>2207023</id>
<parentid>2026020</parentid>
<timestamp>2016-12-05T14:18:20Z</timestamp>
<contributor>
<username>UT-interwiki-Bot</username>
<id>56129</id>
</contributor>
<minor />
<comment>Robô: A adicionar: [[ca:validara]]</comment>
<model>wikitext</model>
<format>text/x-wiki</format>
<text bytes="390" xml:space="preserve">={{-pt-}}=
==Forma verbal==
'''validara'''
#[[primeira pessoa|primeira]] do [[singular]] do [[pretérito mais-que-perfeito]] do verbo '''[[validar]]'''
#[[terceira pessoa|terceira pessoas]] do [[singular]] do [[pretérito mais-que-perfeito]] do verbo '''[[validar]]'''
[[Categoria:Forma verbal (Português)]]
[[ca:validara]]
[[en:validara]]
[[es:validara]]
[[mg:validara]]
[[nl:validara]]</text>
<sha1>qkyqwnk3gx333s1ytiepcplkxsqddva</sha1>
</revision>
