<page>
<title>validou</title>
<ns>0</ns>
<id>265079</id>
<revision>
<id>1801849</id>
<parentid>1178822</parentid>
<timestamp>2014-01-05T18:37:12Z</timestamp>
<contributor>
<username>MalafayaBot</username>
<id>628</id>
</contributor>
<minor />
<comment>r2.7.5) (Robô: A adicionar: [[en:validou]]</comment>
<model>wikitext</model>
<format>text/x-wiki</format>
<text bytes="212" xml:space="preserve">={{-pt-}}=
==Forma verbal==
'''validou'''
#[[terceira pessoa]] do [[singular]] do [[pretérito perfeito]] do [[modo indicativo]] do verbo '''[[validar]]'''
[[Categoria:Forma verbal (Português)]]
[[en:validou]]</text>
<sha1>mbm01kuyszl1ou8vyo3q7onr6ygklja</sha1>
</revision>
</page>
