<page>
<title>validando</title>
<ns>0</ns>
<id>265066</id>
<revision>
<id>2026021</id>
<parentid>1801886</parentid>
<timestamp>2015-10-27T12:55:38Z</timestamp>
<contributor>
<username>HydrizBot</username>
<id>29590</id>
</contributor>
<minor />
<comment>Robô: A adicionar: [[es:validando]], [[it:validando]], [[nl:validando]]</comment>
<model>wikitext</model>
<format>text/x-wiki</format>
<text bytes="195" xml:space="preserve">={{-pt-}}=
==Forma verbal==
'''validando'''
#[[gerúndio]] do verbo '''[[validar]]'''
[[Categoria:Forma verbal (Português)]]
[[en:validando]]
[[es:validando]]
[[it:validando]]
[[nl:validando]]</text>
<sha1>6dgmnz7bs7ilbgm57uzc43oiez4cmti</sha1>
</revision>
</page>
