<page>
<page>
<title>validarmos</title>
<ns>0</ns>
<id>265109</id>
<revision>
<id>1801873</id>
<parentid>1178800</parentid>
<timestamp>2014-01-05T18:38:35Z</timestamp>
<contributor>
<username>MalafayaBot</username>
<id>628</id>
</contributor>
<minor />
<comment>r2.7.5) (Robô: A adicionar: [[en:validarmos]]</comment>
<model>wikitext</model>
<format>text/x-wiki</format>
<text bytes="291" xml:space="preserve">={{-pt-}}=
==Forma verbal==
'''validarmos'''
#[[primeira pessoa]] do [[plural]] do [[futuro]] do [[modo subjuntivo]] do verbo '''[[validar]]'''
#[[infinitivo pessoal]] da [[primeira pessoa]] do [[plural]] do verbo '''[[validar]]'''
[[Categoria:Forma verbal (Português)]]
[[en:validarmos]]</text>
<sha1>ji45tyjle5ginmeqm14ver77eewyfe1</sha1>
</revision>
