<page>
<title>validamento</title>
<ns>0</ns>
<id>316138</id>
<revision>
<id>2040566</id>
<parentid>1697419</parentid>
<timestamp>2015-11-23T16:45:34Z</timestamp>
<contributor>
<username>Luan</username>
<id>1279</id>
</contributor>
<minor />
<comment>/* {{etimologia|pt}} */adição do idioma à [[predefinição:etimologia]] utilizando [[Project:AutoWikiBrowser|AWB]]</comment>
<model>wikitext</model>
<format>text/x-wiki</format>
<text bytes="241" xml:space="preserve">={{-pt-}}=
==Substantivo==
{{paroxítona|va|li|da|men|to}}, {{m}} {{p|validamentos}}
# ato ou efeito de [[validar]]; [[validação]]
=={{etimologia|pt}}==
:{{escopo|Morfologia}} [[validar]] + [[-mento]]
[[Categoria:Substantivo (Português)]]</text>
<sha1>lyxnwd105gt0fzpbwe66lgcuewen0if</sha1>
</revision>
</page>
