<page>
<page>
<title>valikos</title>
<ns>0</ns>
<id>282699</id>
<revision>
<id>1801912</id>
<parentid>1527657</parentid>
<timestamp>2014-01-05T18:55:53Z</timestamp>
<contributor>
<username>MalafayaBot</username>
<id>628</id>
</contributor>
<minor />
<comment>r2.7.5) (Robô: A adicionar: [[chr:valikos]], [[pl:valikos]]</comment>
<model>wikitext</model>
<format>text/x-wiki</format>
<text bytes="409" xml:space="preserve">={{-vo-}}=
==Substantivo==
{{oxítona|va|li|kos|lang=vo}}
# [[tudo]]
#:''Dunob '''valikosi''', kelosi kanob dunön. = &lt;small&gt;Estou fazendo '''tudo''' o que posso fazer.&lt;/small&gt;
===Declinação===
{{decl.vo.subst.sing}}
==={{etimologia|vo}}===
:{{escopo|Morfologia}} De {{etimo|vo|valik}} + {{etimo|vo|-os}}
[[Categoria:Substantivo (Volapuque)]]
[[chr:valikos]]
[[en:valikos]]
[[pl:valikos]]
[[vo:valikos]]</text>
<sha1>qbeg6nilipx1mzevxqf302juib9pxz5</sha1>
</revision>
