<page>
<page>
<title>valide</title>
<ns>0</ns>
<id>265098</id>
<revision>
<id>2158195</id>
<parentid>2079319</parentid>
<timestamp>2016-08-12T10:53:49Z</timestamp>
<contributor>
<username>UT-interwiki-Bot</username>
<id>56129</id>
</contributor>
<minor />
<comment>Robô: A adicionar: [[ca:valide]]</comment>
<model>wikitext</model>
<format>text/x-wiki</format>
<text bytes="716" xml:space="preserve">={{-pt-}}=
==Forma verbal==
'''valide'''
#[[primeira pessoa|primeira]] e [[terceira pessoa]] do [[singular]] do [[presente]] do [[modo subjuntivo]] do verbo '''[[validar]]'''
#[[terceira pessoa]] do [[singular]] do [[imperativo]] [[afirmativo]] do verbo '''[[validar]]'''
#[[terceira pessoa]] do [[singular]] do [[imperativo]] [[negativo]] do verbo '''[[validar]]'''
[[Categoria:Forma verbal (Português)]]
[[af:valide]]
[[ca:valide]]
[[co:valide]]
[[cs:valide]]
[[de:valide]]
[[el:valide]]
[[en:valide]]
[[es:valide]]
[[fr:valide]]
[[id:valide]]
[[io:valide]]
[[it:valide]]
[[ja:valide]]
[[ko:valide]]
[[ku:valide]]
[[mg:valide]]
[[nl:valide]]
[[pl:valide]]
[[ru:valide]]
[[tr:valide]]
[[uz:valide]]
[[vi:valide]]</text>
<sha1>tuk1yf743lesz91c33krw90zn5z7x0k</sha1>
</revision>
