<page>
<title>valis</title>
<ns>0</ns>
<id>231999</id>
<revision>
<id>2522273</id>
<parentid>2207026</parentid>
<timestamp>2018-10-12T08:38:40Z</timestamp>
<contributor>
<username>ValJor</username>
<id>1358</id>
</contributor>
<comment>Confirmando [[:Categoria:!Entrada criada por robô|verbete criado por robô]]</comment>
<model>wikitext</model>
<format>text/x-wiki</format>
<text bytes="155" xml:space="preserve">{{Wikipédia|lang=lv}}
={{-lv-}}=
==Substantivo==
'''valis'''
# [[baleia]] (cetáceo)
[[Categoria:Substantivo (Letão)]]
[[Categoria:Mamífero (Letão)]]</text>
<sha1>ljzowggk9sj2pvihef9jpvvf50q8hou</sha1>
</revision>
</page>
