<page>
<page>
<title>validaram</title>
<ns>0</ns>
<id>265082</id>
<revision>
<id>1801884</id>
<parentid>1178789</parentid>
<timestamp>2014-01-05T18:38:56Z</timestamp>
<contributor>
<username>MalafayaBot</username>
<id>628</id>
</contributor>
<minor />
<comment>r2.7.5) (Robô: A adicionar: [[en:validaram]]</comment>
<model>wikitext</model>
<format>text/x-wiki</format>
<text bytes="214" xml:space="preserve">={{-pt-}}=
==Forma verbal==
'''validaram'''
#[[terceira pessoa]] do [[plural]] do [[pretérito perfeito]] do [[modo indicativo]] do verbo '''[[validar]]'''
[[Categoria:Forma verbal (Português)]]
[[en:validaram]]</text>
<sha1>nwcs6rw9dqx1bk7i912rt87m415ccxp</sha1>
</revision>
