<page>
<title>validaras</title>
<ns>0</ns>
<id>265084</id>
<revision>
<id>2026019</id>
<parentid>1801883</parentid>
<timestamp>2015-10-27T12:55:24Z</timestamp>
<contributor>
<username>HydrizBot</username>
<id>29590</id>
</contributor>
<minor />
<comment>Robô: A adicionar: [[es:validaras]]</comment>
<model>wikitext</model>
<format>text/x-wiki</format>
<text bytes="235" xml:space="preserve">={{-pt-}}=
==Forma verbal==
'''validaras'''
#[[segunda pessoa]] do [[singular]] do [[pretérito mais-que-perfeito]] do verbo '''[[validar]]'''
[[Categoria:Forma verbal (Português)]]
[[en:validaras]]
[[es:validaras]]
[[nl:validaras]]</text>
<sha1>ly2urzbkq9zrbe4q3dags10bpinxspl</sha1>
</revision>
</page>
