<page>
<page>
<title>validavam</title>
<ns>0</ns>
<id>265076</id>
<revision>
<id>1801860</id>
<parentid>1178813</parentid>
<timestamp>2014-01-05T18:38:03Z</timestamp>
<contributor>
<username>MalafayaBot</username>
<id>628</id>
</contributor>
<minor />
<comment>r2.7.5) (Robô: A adicionar: [[en:validavam]]</comment>
<model>wikitext</model>
<format>text/x-wiki</format>
<text bytes="216" xml:space="preserve">={{-pt-}}=
==Forma verbal==
'''validavam'''
#[[terceira pessoa]] do [[plural]] do [[pretérito imperfeito]] do [[modo indicativo]] do verbo '''[[validar]]'''
[[Categoria:Forma verbal (Português)]]
[[en:validavam]]</text>
<sha1>og2x8t9094wg17500rsjxq8d6wgqxek</sha1>
</revision>
