<page>
<page>
<title>validariam</title>
<ns>0</ns>
<id>265097</id>
<revision>
<id>1801875</id>
<parentid>1178798</parentid>
<timestamp>2014-01-05T18:38:37Z</timestamp>
<contributor>
<username>MalafayaBot</username>
<id>628</id>
</contributor>
<minor />
<comment>r2.7.5) (Robô: A adicionar: [[en:validariam]]</comment>
<model>wikitext</model>
<format>text/x-wiki</format>
<text bytes="194" xml:space="preserve">={{-pt-}}=
==Forma verbal==
'''validariam'''
#[[terceira pessoa]] do [[plural]] do [[futuro do pretérito]] do verbo '''[[validar]]'''
[[Categoria:Forma verbal (Português)]]
[[en:validariam]]</text>
<sha1>6gin571if71cxc14m71eigx077idmbj</sha1>
</revision>
