<page>
<page>
<title>validar</title>
<ns>0</ns>
<id>221404</id>
<revision>
<id>2619911</id>
<parentid>2463772</parentid>
<timestamp>2021-02-01T20:05:26Z</timestamp>
<contributor>
<username>MarxavBot</username>
<id>80155</id>
</contributor>
<minor />
<comment>AFI Portugal</comment>
<model>wikitext</model>
<format>text/x-wiki</format>
<text bytes="535" xml:space="preserve">={{-pt-}}=
==Verbo==
{{oxítona|va|li|dar}}, ''transitivo''
# [[tornar|tornar(-se)]] [[válido]], [[legítimo]], [[legal]].
===Tradução===
{{tradini}}
* {{trad|en|validate}}
{{tradmeio}}
* {{trad|mwl|balidar}}
{{tradfim}}
===Conjugação===
{{conj/pt|valid|ar}}
=={{pronúncia|pt}}==
===Portugal===
* AFI: {{AFI|/vɐ.li.ˈdaɾ/}}
[[Categoria: Verbo (Português)]]
[[ca:validar]]
[[en:validar]]
[[es:validar]]
[[fi:validar]]
[[ja:validar]]
[[ko:validar]]
[[mg:validar]]
[[nl:validar]]
[[pl:validar]]
[[ru:validar]]
[[zh:validar]]</text>
<sha1>hp1ekrl9tdpgq1l9dlc8o513e970vpx</sha1>
</revision>
