<page>
<page>
<title>validem</title>
<ns>0</ns>
<id>265102</id>
<revision>
<id>2454615</id>
<parentid>2454532</parentid>
<timestamp>2017-10-12T09:23:32Z</timestamp>
<contributor>
<username>ValJor</username>
<id>1358</id>
</contributor>
<minor />
<comment>Revertidas edições por [[Especial:Contribuições/2003:72:F3B:7B79:CDA2:DCB8:F529:1433|2003:72:F3B:7B79:CDA2:DCB8:F529:1433]] para a última versão por [[Especial:Contribuições/Defender|Defender]]</comment>
<model>wikitext</model>
<format>text/x-wiki</format>
<text bytes="417" xml:space="preserve">={{-pt-}}=
==Forma verbal==
'''validem'''
#[[terceira pessoa]] do [[plural]] do [[presente]] do [[modo subjuntivo]] do verbo '''[[validar]]'''
#[[terceira pessoa]] do [[plural]] do [[imperativo]] [[afirmativo]] do verbo '''[[validar]]'''
#[[terceira pessoa]] do [[plural]] do [[imperativo]] [[negativo]] do verbo '''[[validar]]'''
[[Categoria:Forma verbal (Português)]]
[[ca:validem]]
[[de:validem]]
[[en:validem]]</text>
<sha1>j9q3kkk2di56mejsbzludxkaf7kdccl</sha1>
</revision>
