<page>
<title>validardes</title>
<ns>0</ns>
<id>265110</id>
<revision>
<id>1801882</id>
<parentid>1178791</parentid>
<timestamp>2014-01-05T18:38:52Z</timestamp>
<contributor>
<username>MalafayaBot</username>
<id>628</id>
</contributor>
<minor />
<comment>r2.7.5) (Robô: A adicionar: [[en:validardes]]</comment>
<model>wikitext</model>
<format>text/x-wiki</format>
<text bytes="289" xml:space="preserve">={{-pt-}}=
==Forma verbal==
'''validardes'''
#[[segunda pessoa]] do [[plural]] do [[futuro]] do [[modo subjuntivo]] do verbo '''[[validar]]'''
#[[infinitivo pessoal]] da [[segunda pessoa]] do [[plural]] do verbo '''[[validar]]'''
[[Categoria:Forma verbal (Português)]]
[[en:validardes]]</text>
<sha1>egh302juw33jtezoiyvhl0wpwcqm8fw</sha1>
</revision>
</page>
