<page>
<page>
<title>validade</title>
<ns>0</ns>
<id>68273</id>
<revision>
<id>2612817</id>
<parentid>2463769</parentid>
<timestamp>2021-01-31T13:04:21Z</timestamp>
<contributor>
<username>Marxav</username>
<id>73271</id>
</contributor>
<minor />
<comment>AFI Portugal</comment>
<model>wikitext</model>
<format>text/x-wiki</format>
<text bytes="918" xml:space="preserve">{{Wikipédia}}
={{-pt-}}=
==Substantivo==
{{flex.pt|fs=validade|fp=validades}}
'''va.li.&lt;u&gt;da&lt;/u&gt;.de'''
# qualidade de ser [[válido]]
# [[legitimidade]]
===Tradução===
{{tradini}}
* {{trad|de|Gültigkeit}}
* {{trad|ar|صلوحية}}
* {{trad|da|gyldighed}}
* {{trad|es|validez}}
* {{trad|eo|valideco}}
* {{trad|fr|validité}}
* {{trad|gu|વાજબીપણું}}
{{tradmeio}}
* {{trad|hi|वैधता}}
* {{trad|en|validity}}
* {{trad|it|validità}}
* {{trad|mwl|balidade}}
* {{trad|ru|действительность}}
* {{trad|uk|чинність|дійсність}}
{{tradfim}}
=={{etimologia|pt}}==
: De [[válido]] + [[-idade]]
=={{pronúncia|pt}}==
===Portugal===
* AFI: {{AFI|/vɐ.li.ˈda.dɨ/}}
[[Categoria:Substantivo (Português)]]
[[Categoria:Polissílabo (Português)]]
[[Categoria:Paroxítona (Português)]]
[[chr:validade]]
[[en:validade]]
[[fi:validade]]
[[mg:validade]]
[[zh:validade]]</text>
<sha1>q62u7x8ul8acssebt3f147d26zq1fon</sha1>
</revision>
