<page>
<page>
<title>valinha</title>
<ns>0</ns>
<id>406532</id>
<revision>
<id>2535640</id>
<timestamp>2019-02-12T11:59:56Z</timestamp>
<contributor>
<username>Cpls</username>
<id>20608</id>
</contributor>
<comment>[[Ajuda:Guia de edição/Menus e ferramentas/Sumário de edição|→]] nova página: ={{-gl-}}= ==Substantivo== {{flex.gl|fs=valinha|fp=valinhas}} {{paroxítona|va|li|nha|lang=gl}}, {{g|f|lang=g...</comment>
<model>wikitext</model>
<format>text/x-wiki</format>
<text bytes="404" xml:space="preserve">={{-gl-}}=
==Substantivo==
{{flex.gl|fs=valinha|fp=valinhas}}
{{paroxítona|va|li|nha|lang=gl}}, {{g|f|lang=gl}}
# {{escopo|gl|Geologia}} pequeno [[vale]]
===Sinónimos===
* [[vaincela#{{gl}}|vaincela]], [[valarego#{{gl}}|valarego]], [[valigota#{{gl}}|valigota]]
=={{etimologia|gl}}==
: {{escopo|Morfologia}} De ''[[vale#{{gl}}|vale]]'' + ''[[-inho#{{gl}}|-inha]]''.
[[Categoria:Substantivo (Galego)]]</text>
<sha1>lt6sy5fjmfkdt3kyj1hofyes8id2gr7</sha1>
</revision>
