<page>
<title>valigota</title>
<ns>0</ns>
<id>406531</id>
<revision>
<id>2535639</id>
<timestamp>2019-02-12T11:59:47Z</timestamp>
<contributor>
<username>Cpls</username>
<id>20608</id>
</contributor>
<comment>[[Ajuda:Guia de edição/Menus e ferramentas/Sumário de edição|→]] nova página: ={{-gl-}}= ==Substantivo== {{flex.gl|fs=valigota|fp=valigotas}} {{paroxítona|va|li|go|ta|lang=gl}}, {{g|f|la...</comment>
<model>wikitext</model>
<format>text/x-wiki</format>
<text bytes="488" xml:space="preserve">={{-gl-}}=
==Substantivo==
{{flex.gl|fs=valigota|fp=valigotas}}
{{paroxítona|va|li|go|ta|lang=gl}}, {{g|f|lang=gl}}
# {{escopo|gl|Geologia}} pequeno [[vale]]
===Sinónimos===
* [[envalgonada#{{gl}}|envalgonada]], [[valicato#{{gl}}|valicato]], [[valigato#{{gl}}|valigato]], [[valigote#{{gl}}|valigote]], [[valigoto#{{gl}}|valigoto]], [[valinha#{{gl}}|valinha]], [[valuada#{{gl}}|valuada]]
=={{etimologia|gl}}==
: Derivada de ''[[vale#{{gl}}|vale]]''.
[[Categoria:Substantivo (Galego)]]</text>
<sha1>55fwwhtt6sc31vafzelq2ir520fsx8r</sha1>
</revision>
</page>
