<page>
<page>
<title>validado</title>
<ns>0</ns>
<id>344869</id>
<revision>
<id>2073826</id>
<parentid>2006552</parentid>
<timestamp>2016-03-21T11:45:09Z</timestamp>
<contributor>
<username>Defender</username>
<id>15952</id>
</contributor>
<minor />
<comment>removeu [[Categoria:Particípio (Português)]] usando [[Wikcionário:HotCat|HotCat]]</comment>
<model>wikitext</model>
<format>text/x-wiki</format>
<text bytes="654" xml:space="preserve">={{-pt-}}=
==Adjetivo==
{{flex.pt|ms=validado|mp=validados|fs=validada|fp=validadas}}
{{paroxítona|va|li|da|do}}
# legitimado
# que se tornou [[válido]] a partir das regras em vigor
# que se valorizou
# exaltado de seus próprios méritos
===Sinônimos===
{{verTambém.Ini}}
*[[aprovado]]
*[[autenticado]]
{{verTambém.NovaColuna}}
*[[confirmado]]
*[[legalizado]]
{{verTambém.NovaColuna}}
*[[ratificado]]
*[[reconhecido]]
{{verTambém.NovaColuna}}
*[[revalidado]]
*[[sancionado]]
{{verTambém.Fim}}
=={{etimologia|pt}}==
:Particípio passado do verbo [[validar]].
[[Categoria:Adjetivo (Português)]]
[[en:validado]]
[[es:validado]]
[[nl:validado]]</text>
<sha1>stb8bio97oa7ouvdi4ld2bh0ce3lmm9</sha1>
</revision>
