<page>
<page>
<title>validus</title>
<ns>0</ns>
<id>100551</id>
<revision>
<id>2147559</id>
<parentid>2079317</parentid>
<timestamp>2016-07-03T22:58:53Z</timestamp>
<contributor>
<username>HydrizBot</username>
<id>29590</id>
</contributor>
<minor />
<comment>Robô: A adicionar: [[ca:validus]]</comment>
<model>wikitext</model>
<format>text/x-wiki</format>
<text bytes="608" xml:space="preserve">={{-la-}}=
==Adjetivo==
'''va.li.dus, -a, -um'''
:# [[forte]], [[robusto]], [[vigoroso]]
:# [[válido]], [[eficaz]], [[salutar]]
:# [[enérgico]], [[violento]]
{{decl.la.adjprimclas.us|valid|VS=valide}}
===Antônimo===
* '''[[invalidus]], -a, -um'''
==Ver Também==
* '''[[valeo]], -es, -ere, valui, valitum'''
* '''[[valenter]]'''
* '''[[valens]], -entis'''
* '''[[vale]]'''
[[Categoria:Adjetivo (Latim)]]
[[ca:validus]]
[[chr:validus]]
[[co:validus]]
[[cs:validus]]
[[en:validus]]
[[fi:validus]]
[[fj:validus]]
[[fr:validus]]
[[ja:validus]]
[[mg:validus]]
[[pl:validus]]
[[ru:validus]]
[[zh:validus]]</text>
<sha1>jqqs842wvu7ns3eyfc73ilr3nak73ek</sha1>
</revision>
