<page>
<page>
<title>validaste</title>
<ns>0</ns>
<id>265078</id>
<revision>
<id>2026009</id>
<parentid>1801863</parentid>
<timestamp>2015-10-27T12:54:17Z</timestamp>
<contributor>
<username>HydrizBot</username>
<id>29590</id>
</contributor>
<minor />
<comment>Robô: A adicionar: [[es:validaste]], [[it:validaste]]</comment>
<model>wikitext</model>
<format>text/x-wiki</format>
<text bytes="266" xml:space="preserve">={{-pt-}}=
==Forma verbal==
'''validaste'''
#[[segunda pessoa]] do [[singular]] do [[pretérito perfeito]] do [[modo indicativo]] do verbo '''[[validar]]'''
[[Categoria:Forma verbal (Português)]]
[[en:validaste]]
[[es:validaste]]
[[it:validaste]]
[[nl:validaste]]</text>
<sha1>pvz5yokkysumxeoy9qwg9h856otnzlx</sha1>
</revision>
