<page>
<title>validareis</title>
<ns>0</ns>
<id>265091</id>
<revision>
<id>2026018</id>
<parentid>1801880</parentid>
<timestamp>2015-10-27T12:55:19Z</timestamp>
<contributor>
<username>HydrizBot</username>
<id>29590</id>
</contributor>
<minor />
<comment>Robô: A adicionar: [[es:validareis]]</comment>
<model>wikitext</model>
<format>text/x-wiki</format>
<text bytes="227" xml:space="preserve">={{-pt-}}=
==Forma verbal==
'''validareis'''
#[[segunda pessoa]] do [[plural]] do [[futuro do presente]] do verbo '''[[validar]]'''
[[Categoria:Forma verbal (Português)]]
[[en:validareis]]
[[es:validareis]]
[[nl:validareis]]</text>
<sha1>9bcuyt1tyddzcbyld90ysne7024hfee</sha1>
</revision>
</page>
