<page>
<title>validai</title>
<ns>0</ns>
<id>265112</id>
<revision>
<id>2139648</id>
<parentid>1801890</parentid>
<timestamp>2016-06-11T08:29:47Z</timestamp>
<contributor>
<username>UT-interwiki-Bot</username>
<id>56129</id>
</contributor>
<minor />
<comment>Robô: A adicionar: [[it:validai]], [[mg:validai]]</comment>
<model>wikitext</model>
<format>text/x-wiki</format>
<text bytes="237" xml:space="preserve">={{-pt-}}=
==Forma verbal==
'''validai'''
#[[segunda pessoa]] do [[plural]] do [[imperativo]] [[afirmativo]] do verbo '''[[validar]]'''
[[Categoria:Forma verbal (Português)]]
[[en:validai]]
[[fr:validai]]
[[it:validai]]
[[mg:validai]]</text>
<sha1>1af9nfekypqfl174gygudubj42i5vrz</sha1>
</revision>
</page>
