<page>
<page>
<title>valimento</title>
<ns>0</ns>
<id>221408</id>
<revision>
<id>1942410</id>
<parentid>1801911</parentid>
<timestamp>2015-06-15T17:10:55Z</timestamp>
<contributor>
<username>YS-Bot</username>
<id>32241</id>
</contributor>
<minor />
<comment>r2.7.3) (Robô: A adicionar: [[en:valimento]]</comment>
<model>wikitext</model>
<format>text/x-wiki</format>
<text bytes="277" xml:space="preserve">={{-pt-}}=
==Substantivo==
{{paroxítona|va|li|men|to}} {{m}}
# [[ação]] ou [[efeito]] de [[valer]];
# [[influência]], [[prestígio]];
# [[favorecimento]], [[ajuda]], [[proteção]].
[[Categoria:Substantivo (Português)]]
[[en:valimento]]
[[fr:valimento]]
[[mg:valimento]]</text>
<sha1>gffkxyis3veo3y1wfxbbmwg66frlscy</sha1>
</revision>
