<page>
<title>validemos</title>
<ns>0</ns>
<id>265100</id>
<revision>
<id>2026008</id>
<parentid>1801853</parentid>
<timestamp>2015-10-27T12:54:10Z</timestamp>
<contributor>
<username>HydrizBot</username>
<id>29590</id>
</contributor>
<minor />
<comment>Robô: A adicionar: [[es:validemos]]</comment>
<model>wikitext</model>
<format>text/x-wiki</format>
<text bytes="442" xml:space="preserve">={{-pt-}}=
==Forma verbal==
'''validemos'''
#[[primeira pessoa]] do [[plural]] do [[presente]] do [[modo subjuntivo]] do verbo '''[[validar]]'''
#[[primeira pessoa]] do [[plural]] do [[imperativo]] [[afirmativo]] do verbo '''[[validar]]'''
#[[primeira pessoa]] do [[plural]] do [[imperativo]] [[negativo]] do verbo '''[[validar]]'''
[[Categoria:Forma verbal (Português)]]
[[en:validemos]]
[[es:validemos]]
[[mg:validemos]]
[[nl:validemos]]</text>
<sha1>hlftmpecu4map6riuc50piaokvxc35a</sha1>
</revision>
</page>
