<page>
<title>validavas</title>
<ns>0</ns>
<id>265073</id>
<revision>
<id>1801859</id>
<parentid>1178814</parentid>
<timestamp>2014-01-05T18:38:02Z</timestamp>
<contributor>
<username>MalafayaBot</username>
<id>628</id>
</contributor>
<minor />
<comment>r2.7.5) (Robô: A adicionar: [[en:validavas]]</comment>
<model>wikitext</model>
<format>text/x-wiki</format>
<text bytes="217" xml:space="preserve">={{-pt-}}=
==Forma verbal==
'''validavas'''
#[[segunda pessoa]] do [[singular]] do [[pretérito imperfeito]] do [[modo indicativo]] do verbo '''[[validar]]'''
[[Categoria:Forma verbal (Português)]]
[[en:validavas]]</text>
<sha1>n06y15favt55hsrdsmghgp3zex3r4vc</sha1>
</revision>
</page>
