<page>
<title>validam</title>
<ns>0</ns>
<id>265071</id>
<revision>
<id>2207024</id>
<parentid>2041066</parentid>
<timestamp>2016-12-05T14:18:30Z</timestamp>
<contributor>
<username>UT-interwiki-Bot</username>
<id>56129</id>
</contributor>
<minor />
<comment>Robô: A adicionar: [[ca:validam]]</comment>
<model>wikitext</model>
<format>text/x-wiki</format>
<text bytes="259" xml:space="preserve">={{-pt-}}=
==Forma verbal==
'''validam'''
#[[terceira pessoa]] do [[plural]] do [[presente]] do [[modo indicativo]] do verbo '''[[validar]]'''
[[Categoria:Forma verbal (Português)]]
[[ca:validam]]
[[cs:validam]]
[[en:validam]]
[[fr:validam]]
[[ja:validam]]</text>
<sha1>9fhc641gercmpjsx5353o529567tm5x</sha1>
</revision>
</page>
