<page>
<title>valicoto</title>
<ns>0</ns>
<id>439141</id>
<revision>
<id>2654844</id>
<parentid>2654842</parentid>
<timestamp>2021-12-12T18:50:54Z</timestamp>
<contributor>
<username>Cpls</username>
<id>20608</id>
</contributor>
<model>wikitext</model>
<format>text/x-wiki</format>
<text bytes="339" xml:space="preserve">={{-pt-}}=
==Substantivo==
{{flex.pt|ms=valicoto|mp=valicotos}}
{{paroxítona|va|li|co|to}}, ''(ô)'', {{gramática|m}}
# {{escopo|pt|Leiria|Geologia}} pequeno [[vale]]
==={{-varort-}}===
* [[valigoto]]
=={{etimologia|pt}}==
: Derivado de [[vale]]. Confronte-se com o galego {{etimo|gl|valicato}}.
[[Categoria:Substantivo (Português)]]</text>
<sha1>egj4d664ljvd0sg7mcwlngkmlf77sk1</sha1>
</revision>
</page>
