<page>
<title>validasse</title>
<ns>0</ns>
<id>265103</id>
<revision>
<id>2139646</id>
<parentid>1801866</parentid>
<timestamp>2016-06-11T08:29:23Z</timestamp>
<contributor>
<username>UT-interwiki-Bot</username>
<id>56129</id>
</contributor>
<minor />
<comment>Robô: A adicionar: [[it:validasse]], [[mg:validasse]]</comment>
<model>wikitext</model>
<format>text/x-wiki</format>
<text bytes="300" xml:space="preserve">={{-pt-}}=
==Forma verbal==
'''validasse'''
#[[primeira pessoa|primeira]] e [[terceira pessoa]] do [[singular]] do [[pretérito imperfeito]] do [[modo subjuntivo]] do verbo '''[[validar]]'''
[[Categoria:Forma verbal (Português)]]
[[en:validasse]]
[[fr:validasse]]
[[it:validasse]]
[[mg:validasse]]</text>
<sha1>tg1kj0jkh1bbtx8gjku1ukuepe4eqpb</sha1>
</revision>
</page>
