<page>
<title>valido</title>
<ns>0</ns>
<id>265067</id>
<revision>
<id>2079318</id>
<parentid>2041065</parentid>
<timestamp>2016-04-01T19:57:18Z</timestamp>
<contributor>
<username>JAnDbot</username>
<id>25083</id>
</contributor>
<minor />
<comment>r2.7.3) (Robô: A adicionar: [[co:valido]]</comment>
<model>wikitext</model>
<format>text/x-wiki</format>
<text bytes="473" xml:space="preserve">{{ver também|válido}}
={{-pt-}}=
==Forma verbal==
'''valido'''
#[[primeira]] [[pessoa]] do [[singular]] do [[presente]] [[indicativo]] do verbo '''[[validar]]'''
[[Categoria:Forma verbal (Português)]]
[[ca:valido]]
[[chr:valido]]
[[co:valido]]
[[cs:valido]]
[[de:valido]]
[[en:valido]]
[[es:valido]]
[[fr:valido]]
[[id:valido]]
[[io:valido]]
[[it:valido]]
[[ja:valido]]
[[ko:valido]]
[[mg:valido]]
[[nl:valido]]
[[no:valido]]
[[pl:valido]]
[[ru:valido]]
[[zh:valido]]</text>
<sha1>rxrdahsgxa7gdkadudu949ck7dcjvvx</sha1>
</revision>
</page>
