<page>
<title>valise</title>
<ns>0</ns>
<id>80897</id>
<revision>
<id>2497429</id>
<parentid>2482968</parentid>
<timestamp>2018-04-19T14:21:41Z</timestamp>
<contributor>
<username>ValJor</username>
<id>1358</id>
</contributor>
<comment>Melhorando a apresentação do verbete</comment>
<model>wikitext</model>
<format>text/x-wiki</format>
<text bytes="664" xml:space="preserve">{{Wikipédia|lang=fr}}
={{-pt-}}=
==Substantivo==
{{flex.pt|fs=valise|fs-div=va.&lt;u&gt;li&lt;/u&gt;.se|fp=valises|fp-div=va.&lt;u&gt;li&lt;/u&gt;.ses}}
{{paroxítona|va|li|se}}, {{gramática|f}}
# [[maleta]]
#* '''1976'''.  CHACAL.  Preço da passagem.  In: Heloisa Buarque de Hollanda.  ''26 poetas hoje''.  Rio de Janeiro: Aeroplano Editora, 2007.  p. 228.
#*: Passou por uma '''valise''' carregando um
#*: terno tropical trambiqueiro
[[Categoria:Substantivo (Português)]]
={{-fr-}}=
==Substantivo==
{{flex.fr|fs=valise|fs-div=va.&lt;u&gt;li&lt;/u&gt;.se|fp=valises|fp-div=va.&lt;u&gt;li&lt;/u&gt;.ses}}
{{paroxítona|va|li|se|lang=fr}}, {{gramática|f}}
# [[mala]]
[[Categoria:Substantivo (Francês)]]</text>
<sha1>a3edjqt5ff9rr1ipr95parv1otiukby</sha1>
</revision>
</page>
