<page>
<page>
<title>validaria</title>
<ns>0</ns>
<id>265093</id>
<revision>
<id>2207020</id>
<parentid>1801876</parentid>
<timestamp>2016-12-05T14:17:49Z</timestamp>
<contributor>
<username>UT-interwiki-Bot</username>
<id>56129</id>
</contributor>
<minor />
<comment>Robô: A adicionar: [[ca:validaria]]</comment>
<model>wikitext</model>
<format>text/x-wiki</format>
<text bytes="242" xml:space="preserve">={{-pt-}}=
==Forma verbal==
'''validaria'''
#[[primeira pessoa|primeira]] e [[terceira pessoa]] do [[singular]] do [[futuro do pretérito]] do verbo '''[[validar]]'''
[[Categoria:Forma verbal (Português)]]
[[ca:validaria]]
[[en:validaria]]</text>
<sha1>tkbkh9plwthsamh1tidjtosg5tsct8w</sha1>
</revision>
