<page>
<title>valides</title>
<ns>0</ns>
<id>265099</id>
<revision>
<id>2168867</id>
<parentid>2026007</parentid>
<timestamp>2016-09-08T02:15:49Z</timestamp>
<contributor>
<username>UT-interwiki-Bot</username>
<id>56129</id>
</contributor>
<minor />
<comment>Robô: A adicionar: [[ca:valides]]</comment>
<model>wikitext</model>
<format>text/x-wiki</format>
<text bytes="414" xml:space="preserve">={{-pt-}}=
==Forma verbal==
'''valides'''
#[[segunda pessoa]] do [[singular]] do [[presente]] do [[modo subjuntivo]] do verbo '''[[validar]]'''
#[[segunda pessoa]] do [[singular]] do [[imperativo]] [[negativo]] do verbo '''[[validar]]'''
[[Categoria:Forma verbal (Português)]]
[[ca:valides]]
[[de:valides]]
[[el:valides]]
[[en:valides]]
[[es:valides]]
[[fr:valides]]
[[ja:valides]]
[[mg:valides]]
[[nl:valides]]</text>
<sha1>tc2aoi1epzdpp07chdd3zg42tjhu44w</sha1>
</revision>
</page>
