<page>
<title>validassem</title>
<ns>0</ns>
<id>265107</id>
<revision>
<id>1801865</id>
<parentid>1178808</parentid>
<timestamp>2014-01-05T18:38:12Z</timestamp>
<contributor>
<username>MalafayaBot</username>
<id>628</id>
</contributor>
<minor />
<comment>r2.7.5) (Robô: A adicionar: [[en:validassem]]</comment>
<model>wikitext</model>
<format>text/x-wiki</format>
<text bytes="218" xml:space="preserve">={{-pt-}}=
==Forma verbal==
'''validassem'''
#[[terceira pessoa]] do [[plural]] do [[pretérito imperfeito]] do [[modo subjuntivo]] do verbo '''[[validar]]'''
[[Categoria:Forma verbal (Português)]]
[[en:validassem]]</text>
<sha1>q4a50g5se76i71p42vnuk7rfoyhwun9</sha1>
</revision>
</page>
