<page>
<page>
<title>validastes</title>
<ns>0</ns>
<id>265081</id>
<revision>
<id>1801862</id>
<parentid>1178811</parentid>
<timestamp>2014-01-05T18:38:05Z</timestamp>
<contributor>
<username>MalafayaBot</username>
<id>628</id>
</contributor>
<minor />
<comment>r2.7.5) (Robô: A adicionar: [[en:validastes]]</comment>
<model>wikitext</model>
<format>text/x-wiki</format>
<text bytes="215" xml:space="preserve">={{-pt-}}=
==Forma verbal==
'''validastes'''
#[[segunda pessoa]] do [[plural]] do [[pretérito perfeito]] do [[modo indicativo]] do verbo '''[[validar]]'''
[[Categoria:Forma verbal (Português)]]
[[en:validastes]]</text>
<sha1>ezdg15rexmfknlbkpi4rr2d91ndig8i</sha1>
</revision>
