<page>
<title>validaríamos</title>
<ns>0</ns>
<id>265095</id>
<revision>
<id>2026012</id>
<parentid>1801869</parentid>
<timestamp>2015-10-27T12:54:40Z</timestamp>
<contributor>
<username>HydrizBot</username>
<id>29590</id>
</contributor>
<minor />
<comment>Robô: A adicionar: [[es:validaríamos]]</comment>
<model>wikitext</model>
<format>text/x-wiki</format>
<text bytes="263" xml:space="preserve">={{-pt-}}=
==Forma verbal==
'''validaríamos'''
#[[primeira pessoa]] do [[plural]] do [[futuro do pretérito]] do verbo '''[[validar]]'''
[[Categoria:Forma verbal (Português)]]
[[en:validaríamos]]
[[es:validaríamos]]
[[mg:validaríamos]]
[[nl:validaríamos]]</text>
<sha1>a8zpo4kfk9zmuy70hq0736isdk0dbva</sha1>
</revision>
</page>
