<page>
<page>
<title>validarão</title>
<ns>0</ns>
<id>265092</id>
<revision>
<id>1801870</id>
<parentid>1178803</parentid>
<timestamp>2014-01-05T18:38:27Z</timestamp>
<contributor>
<username>MalafayaBot</username>
<id>628</id>
</contributor>
<minor />
<comment>r2.7.5) (Robô: A adicionar: [[en:validarão]]</comment>
<model>wikitext</model>
<format>text/x-wiki</format>
<text bytes="192" xml:space="preserve">={{-pt-}}=
==Forma verbal==
'''validarão'''
#[[terceira pessoa]] do [[plural]] do [[futuro do presente]] do verbo '''[[validar]]'''
[[Categoria:Forma verbal (Português)]]
[[en:validarão]]</text>
<sha1>8ulex1l5ojuvnyvu0suj90acg9ecyo2</sha1>
</revision>
