<page>
<title>vallankumous</title>
<ns>0</ns>
<id>34795</id>
<revision>
<id>2079314</id>
<parentid>2062227</parentid>
<timestamp>2016-04-01T19:56:32Z</timestamp>
<contributor>
<username>JAnDbot</username>
<id>25083</id>
</contributor>
<minor />
<comment>r2.7.3) (Robô: A adicionar: [[az:vallankumous]]</comment>
<model>wikitext</model>
<format>text/x-wiki</format>
<text bytes="651" xml:space="preserve">={{-fi-}}=
==Substantivo==
'''vallankumous'''
# [[revolução]]
#* ''Ranskan '''vallankumous''''': Revolução Francesa
#* ''tehdä '''vallankumous''''': revolucionar
===Sinônimos===
{{verTambém.Ini}}
* [[kumous]]
{{verTambém.NovaColuna}}
* [[mullistus]]
{{verTambém.Fim}}
=={{etimologia|fi}}==
: {{escopo|Morfologia}} [[vallan]] (genitivo de [[valta]]) + [[kumous]].
[[Categoria:Substantivo (Finlandês)]]
[[Categoria:Política (Finlandês)]]
[[az:vallankumous]]
[[cs:vallankumous]]
[[en:vallankumous]]
[[et:vallankumous]]
[[fi:vallankumous]]
[[hu:vallankumous]]
[[io:vallankumous]]
[[lo:vallankumous]]
[[pl:vallankumous]]
[[ru:vallankumous]]</text>
<sha1>2jrgdkiwuwntklausqhg9o683hs12s5</sha1>
</revision>
</page>
