<page>
<title>valley</title>
<ns>0</ns>
<id>112839</id>
<revision>
<id>2229703</id>
<parentid>2184143</parentid>
<timestamp>2017-01-28T10:43:35Z</timestamp>
<contributor>
<username>UT-interwiki-Bot</username>
<id>56129</id>
</contributor>
<minor />
<comment>Robô: A adicionar: [[no:valley]]</comment>
<model>wikitext</model>
<format>text/x-wiki</format>
<text bytes="929" xml:space="preserve">={{-en-}}=
[[Categoria:Substantivo (Inglês)]]
[[Categoria:Dissílabo (Inglês)]]
[[Categoria:Geografia (Inglês)]]
==Substantivo==
'''Val.ley''' ({{p}} [[valleys]])
#[[vale]], [[baixada]]
===Etimologia===
Do [[latim]] ''vales'' e do [[francês]] ''[[vallée]]''
[[af:valley]]
[[an:valley]]
[[ang:valley]]
[[ar:valley]]
[[chr:valley]]
[[cs:valley]]
[[cy:valley]]
[[da:valley]]
[[de:valley]]
[[el:valley]]
[[en:valley]]
[[eo:valley]]
[[es:valley]]
[[et:valley]]
[[eu:valley]]
[[fi:valley]]
[[fr:valley]]
[[hu:valley]]
[[hy:valley]]
[[io:valley]]
[[it:valley]]
[[ja:valley]]
[[kk:valley]]
[[km:valley]]
[[kn:valley]]
[[ko:valley]]
[[ku:valley]]
[[li:valley]]
[[lt:valley]]
[[lv:valley]]
[[mg:valley]]
[[ml:valley]]
[[my:valley]]
[[no:valley]]
[[oc:valley]]
[[pl:valley]]
[[ru:valley]]
[[simple:valley]]
[[sv:valley]]
[[sw:valley]]
[[ta:valley]]
[[te:valley]]
[[tr:valley]]
[[ug:valley]]
[[vi:valley]]
[[wa:valley]]
[[zh:valley]]</text>
<sha1>n78esbdiu9p2daviwbaimegv9b13zt6</sha1>
</revision>
</page>
