<page>
<title>vallata</title>
<ns>0</ns>
<id>13521</id>
<revision>
<id>2158197</id>
<parentid>1801907</parentid>
<timestamp>2016-08-12T11:02:55Z</timestamp>
<contributor>
<username>UT-interwiki-Bot</username>
<id>56129</id>
</contributor>
<minor />
<comment>Robô: A adicionar: [[sv:vallata]]</comment>
<model>wikitext</model>
<format>text/x-wiki</format>
<text bytes="274" xml:space="preserve">={{-ia-}}=
==Substantivo==
'''vale''' 
# [[vale]].
[[Categoria:Substantivo (Interlíngua)]]
[[chr:vallata]]
[[en:vallata]]
[[fi:vallata]]
[[io:vallata]]
[[it:vallata]]
[[mg:vallata]]
[[pl:vallata]]
[[ro:vallata]]
[[ru:vallata]]
[[sv:vallata]]
[[tr:vallata]]
[[vi:vallata]]</text>
<sha1>q0dhbkyduc701sc8qa93aj8a43osqjq</sha1>
</revision>
</page>
