<page>
<title>vallico</title>
<ns>0</ns>
<id>347487</id>
<revision>
<id>2683717</id>
<parentid>2038547</parentid>
<timestamp>2022-07-15T01:05:32Z</timestamp>
<contributor>
<username>ValJor</username>
<id>1358</id>
</contributor>
<comment>Substituindo a [[Especial:Páginas_afluentes/Predefinição:escopoCat|predefinição escopoCat]] por escopo</comment>
<model>wikitext</model>
<format>text/x-wiki</format>
<text bytes="420" xml:space="preserve">={{-es-}}=
==Substantivo==
{{flex.es|ms=vallico|mp=vallicos}}
{{paroxítona|va|lli|co|lang=es}}, {{gramática|m}}
# {{escopo|es|Botânica}} [[joio]], (''[[species:Lolium perenne|Lolium perennne]]'')
==={{-varort-}}===
* [[ballico#Espanhol|ballico]]
=={{etimologia|es}}==
: Cognato do [[galego]] ''[[balhico#Galego|balhico]]'', e do [[asturiano]] ''[[ballicu#Asturiano|ballicu]]''.
[[Categoria:Substantivo (Espanhol)]]</text>
<sha1>eug7rjfmbcvvxwwm5w1aphr7duofcxa</sha1>
</revision>
</page>
