<page>
<title>valoir</title>
<ns>0</ns>
<id>101865</id>
<revision>
<id>2240206</id>
<parentid>2079312</parentid>
<timestamp>2017-02-18T04:43:04Z</timestamp>
<contributor>
<username>UT-interwiki-Bot</username>
<id>56129</id>
</contributor>
<minor />
<comment>Robô: A adicionar: [[eo:valoir]]</comment>
<model>wikitext</model>
<format>text/x-wiki</format>
<text bytes="537" xml:space="preserve">={{-fr-}}=
==Verbo==
'''valoir'''
# [[valer]]
# [[custar]]
=={{etimologia|fr}}==
: Do infinitivo latino ''valere''.
=={{pronúncia|fr}}==
* [[AFI]]: /valwaʁ/
==Ver também==
===No Wikcionário===
* [[vaut]]
[[Categoria:Verbo (Francês)]]
[[co:valoir]]
[[cs:valoir]]
[[de:valoir]]
[[el:valoir]]
[[en:valoir]]
[[eo:valoir]]
[[es:valoir]]
[[et:valoir]]
[[fi:valoir]]
[[fr:valoir]]
[[gl:valoir]]
[[hu:valoir]]
[[id:valoir]]
[[io:valoir]]
[[ja:valoir]]
[[ko:valoir]]
[[mg:valoir]]
[[pl:valoir]]
[[ro:valoir]]
[[sv:valoir]]
[[vi:valoir]]</text>
<sha1>34fkbcenjwv48p3mzre4fbpdfdqdbsh</sha1>
</revision>
</page>
