<page>
<page>
<title>valorizam</title>
<ns>0</ns>
<id>161413</id>
<revision>
<id>1178833</id>
<parentid>840753</parentid>
<timestamp>2011-07-06T22:13:57Z</timestamp>
<contributor>
<username>MalafayaBot</username>
<id>628</id>
</contributor>
<minor />
<comment>Robô: Substituição de texto automática (-^\=\s?Português\s?\= +={{-pt-}}= &amp; -^\=\s?\{\{pt\}\}\s?\= +={{-pt-}}=)</comment>
<model>wikitext</model>
<format>text/x-wiki</format>
<text bytes="204" xml:space="preserve">={{-pt-}}=
==Forma verbal==
'''valorizam'''
#[[terceira pessoa]] do [[plural]] do [[presente]] do [[modo indicativo]] do verbo '''[[valorizar]]'''
[[Categoria:Forma verbal (Português)]]
[[en:valorizam]]</text>
<sha1>peokj46dlg1ccgiu15aah9cknd8snus</sha1>
</revision>
