<page>
<page>
<title>valorizareis</title>
<ns>0</ns>
<id>190284</id>
<revision>
<id>2026034</id>
<parentid>1801900</parentid>
<timestamp>2015-10-27T13:07:44Z</timestamp>
<contributor>
<username>HydrizBot</username>
<id>29590</id>
</contributor>
<minor />
<comment>Robô: A adicionar: [[fr:valorizareis]]</comment>
<model>wikitext</model>
<format>text/x-wiki</format>
<text bytes="237" xml:space="preserve">={{-pt-}}=
==Forma verbal==
'''valorizareis'''
#[[segunda pessoa]] do [[plural]] do [[futuro do presente]] do verbo '''[[valorizar]]'''
[[Categoria:Forma verbal (Português)]]
[[en:valorizareis]]
[[es:valorizareis]]
[[fr:valorizareis]]</text>
<sha1>ixjgrxsst8s1jye0jhx653lf4gpun1p</sha1>
</revision>
