<page>
<page>
<title>valorizara</title>
<ns>0</ns>
<id>178377</id>
<revision>
<id>2026036</id>
<parentid>1801902</parentid>
<timestamp>2015-10-27T13:07:54Z</timestamp>
<contributor>
<username>HydrizBot</username>
<id>29590</id>
</contributor>
<minor />
<comment>Robô: A adicionar: [[fr:valorizara]]</comment>
<model>wikitext</model>
<format>text/x-wiki</format>
<text bytes="308" xml:space="preserve">={{-pt-}}=
==Forma verbal==
'''valorizara'''
#[[primeira pessoa|primeira]] e [[terceira pessoa|terceira pessoas]] do [[singular]] do [[pretérito mais-que-perfeito]] do verbo '''[[valorizar]]'''
[[Categoria:Forma verbal (Português)]]
[[en:valorizara]]
[[es:valorizara]]
[[fr:valorizara]]
[[mg:valorizara]]</text>
<sha1>7y3kh3hwa37yg2j0t096z97wec8fzur</sha1>
</revision>
