<page>
<title>valo</title>
<ns>0</ns>
<id>95385</id>
<revision>
<id>2690256</id>
<parentid>2541630</parentid>
<timestamp>2022-10-25T20:23:31Z</timestamp>
<contributor>
<username>InternetArchiveBot</username>
<id>81604</id>
</contributor>
<comment>Rescuing 1 sources and tagging 0 as dead.) #IABot (v2.0.9.2</comment>
<model>wikitext</model>
<format>text/x-wiki</format>
<text bytes="7187" xml:space="preserve">[[Imagem:Rivierdal.jpg|thumb|right|250px|&lt;center&gt;'''Valo''' (&quot;[[vale]]&quot;)&lt;/center&gt;]]
={{-pt-}}=
==Adjetivo==
{{flex.pt|ms=valo|mp=valos|fs=vala|fp=valas|ms-div={{grifar|va}}.lo|mp-div={{grifar|va}}.los|fs-div={{grifar|va}}.la|fp-div={{grifar|va}}.las}}
{{paroxítona|va|lo}}
# {{escopo|pt|História}} indivíduo dos valos, [[povo]] [[antigo]] que habitava a Sarmácia asiática
{{pularLinhas|5}}
==Substantivo==
{{flex.pt|ms=valo|mp=valos|s-div={{grifar|va}}.lo|p-div={{grifar|va}}.los}}
{{paroxítona|va|lo}}, {{gramática|m}}
# {{escopo|pt|Militar}} [[parapeito]] usado como [[proteção]] de um [[acampamento]] ou [[trincheira]]
# [[muro]] erguido para [[proteger]]
# [[local]] destinado a [[torneio]]s [[medieval|medievais]], [[justa]]s, [[combate]]s, etc
# [[estrutura]] que dividia esse local
# [[sulco]] para [[escoamento]] d'[[água]]
# [[rede]] utilizada em [[pescaria]]s para [[cercar]] [[peixe]]s
# {{escopo|pt|História}} indivíduo dos valos
===Sinônimos===
* De '''3''': [[liça]]
* De '''4''': [[balha]]
* De '''5''': [[fosso]], [[rego]], [[valado]], [[valão]], [[vala]], [[valeta]].
===Tradução===
{{tradini|De 5 (fosso)}}
* {{trad|sq|hendek}}
* {{trad|de|Graben|Schanze}}
* {{trad-|yue|渎|}}
* {{trad-|zh|渎|}}
* {{trad|hr|rov|nasip}}
* {{trad|sco|sheuch}}
* {{trad|sl|jarek|grapa}}
* {{trad|es|acequia|cuneta|trinchera|zanja}}
* {{trad|fi|oja}}
* {{trad|fr|fossé|tranchée|rigole}}
{{tradmeio}}
* {{trad|nl|sloot|greppel}}
* {{trad|hu|árok|sánc}}
* {{trad|en|ditch|trench}}
* {{trad|it|fossato}}
* {{trad-|ja|側溝|(sokkō)}}
* {{trad|no|grøft|dike}}
* {{trad|ro|șanț}}
* {{trad-|ru|канава|(kanava)}}, {{xlatio|ru|траншея|(transheja)}}
* {{trad|tr|hendek}}
{{tradfim}}
==Forma verbal==
{{paroxítona|va|lo}}
# primeira pessoa do singular do presente do indicativo do verbo [[valar]]
{{avi-for-fle|valar}}
=={{etimologia|pt}}==
* '''De 1-5''':
{{llietimo|la|vallum|pt|paliçada}}
:* '''Datação''': [[w:842|842]] (1-2), [[w:1572|1572]] (3), [[w:Século XV|século XV]] (4-5)
* '''De 6''':
:* '''Datação''': [[w:1899|1899]]
* '''De 7''':
:* '''Datação''': [[w:1881|1881]]
=={{pronúncia|pt}}==
===Brasil===
* [[AFI]]: {{AFI|/ˈva.lʊ/}}
* [[X-SAMPA]]: /&quot;va.lU/
==Ligações externas==
* {{Aulete}}
* {{Michaelis}}
* {{DicioAberto}}
* {{DPLP}}
* {{Infopédia}}
* {{PLP}}
* {{VOLPABL}}
==Anagramas==
# [[alvo]]
# [[lavo]]
# [[oval]]
[[Categoria:Adjetivo (Português)]]
[[Categoria:Substantivo (Português)]]
[[Categoria:Forma verbal (Português)]]
[[Categoria:Engenharia (Português)]]
[[Categoria:História (Português)]]
[[Categoria:Militar (Português)]]
[[Categoria:Século IX (Português)]]
[[Categoria:Século XV (Português)]]
[[Categoria:Século XVI (Português)]]
[[Categoria:Século XIX (Português)]]
={{-eo-}}=
==Substantivo==
'''{{grifar|va}}.lo'''
# {{escopo|eo|Geografia}} [[vale#Substantivo|vale]]
===Declinação===
{{decl.eo.subst}}
=={{etimologia|eo}}==
{{etimo.eo|val|-o}}
=={{pronúncia|eo}}==
* [[AFI]]: {{AFI|/ˈva.lo/}}, {{AFI|/ˈvɑ.lɔ/}}
* [[X-SAMPA]]: /&quot;va.lo/, /&quot;vA.lO/
==Ver também==
===Referências===
{{verTambém.Ini}}
* [http://www.reta-vortaro.de/revo/art/val.html#val.0o ''valo'' no Reta Vortaro (em esperanto)]
{{verTambém.Fim}}
[[Categoria:Substantivo (Esperanto)]]
[[Categoria:Dissílabo (Esperanto)]]
[[Categoria:Paroxítona (Esperanto)]]
[[Categoria:Geografia (Esperanto)]]
[[Categoria:Entrada com imagem (Esperanto)]]
={{-fi-}}=
==Substantivo==
'''{{grifar|va}}.lo'''
# {{escopo|fi|Física}} [[luz]]
# luz, [[brilho]]:
#* '''''Valot''' loistavat läpi yön.'' &lt;small&gt;(As luzes brilham na noite.)&lt;/small&gt;
# [[iluminação]] [[espiritual]] ou [[mental]]
===Declinação===
{{decl.fi.subst.1|val||o}}
===Verbetes derivados===
{{verTambém.Ini}}
* {{link opcional|liikennevalot|fi}}
* {{link opcional|salamavalo|fi}}
* {{link opcional|valaista|fi}}
* {{link opcional|valaistua|fi}}
* {{link opcional|valaistus|fi}}
* {{link opcional|valistus|fi}}
{{verTambém.NovaColuna}}
* {{link opcional|valoanturi|fi}}
* {{link opcional|valodiodi|fi}}
* {{link opcional|valoisa|fi}}
* {{link opcional|valoisuus|fi}}
* {{link opcional|valokopio|fi}}
* {{link opcional|valokopioida|fi}}
{{verTambém.NovaColuna}}
* {{link opcional|valokopiokone|fi}}
* {{link opcional|valokuva|fi}}
* {{link opcional|valokynä|fi}}
* {{link opcional|valoladonta|fi}}
* {{link opcional|valonarka|fi}}
{{verTambém.NovaColuna}}
* {{link opcional|valopilkku|fi}}
* {{link opcional|valoton|fi}}
* {{link opcional|valottaa|fi}}
* {{link opcional|valovoima|fi}}
* {{link opcional|valovuosi|fi}}
{{verTambém.Fim}}
=={{etimologia|fi}}==
: Do [[proto-fino-úgrico]] *''walke''.
===[[cognato|Cognatos]]===
{{verTambém.Ini}}
* {{trad|hu|világ}}
{{verTambém.Fim}}
=={{pronúncia|fi}}==
* [[AFI]]: {{AFI|/ˈʋɑ.lo/}}
* [[X-SAMPA]]: /&quot;v\A.lo/
==Ver também==
===No Wikcionário===
{{verTambém.Ini}}
* {{link opcional|pimeys|fi}}
* {{link opcional|pimeä|fi}}
{{verTambém.NovaColuna}}
* {{link opcional|vaalea|fi}}
* {{link opcional|varjo|fi}}
{{verTambém.Fim}}
===Referências===
{{verTambém.Ini}}
* [http://kaannos.com/nopeahaku-sanakirjasta-suomi-valo.htm ''valo'' no Kaannos.com (em finlandês)]
* [http://www.sanakirja.org/search.php?q=valo&amp;l=17&amp;l2=12 ''valo'' no Sanakirja.org (em finlandês e inglês)]
{{verTambém.Fim}}
[[Categoria:Substantivo (Finlandês)]]
[[Categoria:Dissílabo (Finlandês)]]
[[Categoria:Paroxítona (Finlandês)]]
[[Categoria:Física (Finlandês)]]
={{-fr-}}=
==Substantivo==
{{flex.fr|fs=valo|fp=valos|fs-div=va.lo|fp-div=va.los}}
'''va.lo''', {{gramática|f}}
# {{escopo|fr|Familiar|Economia}} [[valorização]]
===Sinônimos===
* {{link opcional|valorisation|fr}}
=={{etimologia|fr}}==
: Apócope de {{etimo|fr|valorisation}}.
=={{pronúncia|fr}}==
* [[AFI]]: {{AFI|/va.lo/}}
* [[X-SAMPA]]: /va.lo/
==Ver também==
===No Wikcionário===
{{verTambém.Ini}}
* [http://www.cnrtl.fr/definition/{{PAGENAME}}/1 ''{{PAGENAME}}'' no CNRTL (em francês)]
* [https://web.archive.org/web/20110820105711/http://www.mediadico.com/dictionnaire/definition/api/1 ''{{PAGENAME}}'' no MEDIADICO (em francês)]
{{verTambém.Fim}}
[[Categoria:Substantivo (Francês)]]
[[Categoria:Dissílabo (Francês)]]
[[Categoria:Economia (Francês)]]
[[Categoria:Coloquialismo (Francês)]]
={{-io-}}=
==Substantivo==
'''{{grifar|va}}.lo'''
# {{escopo|io|Geografia}} [[vale#Substantivo|vale]]
===Antônimos===
* {{link opcional|monto|io}}
===Declinação===
{{decl.io.subst|val}}
=={{etimologia|io}}==
{{etimo.io|val|-o}}
=={{pronúncia|io}}==
* [[AFI]]: {{AFI|/ˈva.lo/}}, {{AFI|/ˈvɑ.lɔ/}}
* [[X-SAMPA]]: /&quot;va.lo/, /&quot;vA.lO/
[[Categoria:Substantivo (Ido)]]
[[Categoria:Dissílabo (Ido)]]
[[Categoria:Paroxítona (Ido)]]
[[Categoria:Geografia (Ido)]]
[[Categoria:Entrada com imagem (Ido)]]
={{-mg-}}=
==Numeral==
'''va.lo''', {{gramática|card}}
# [[oito]] (8, VIII)
=={{etimologia|mg}}==
: Do [[malaio-polinésio comum]].
=={{pronúncia|mg}}==
* [[AFI]]: {{AFI|/ˈva.lu/}}
* [[X-SAMPA]]: /&quot;va.lu/
==Ver também==
===No Wikcionário===
{{verTambém.Ini}}
* [[Apêndice:Números]]
{{verTambém.Fim}}
{{números/mg}}
[[Categoria:Numeral cardinal (Malgaxe)]]
[[Categoria:Dissílabo (Malgaxe)]]</text>
<sha1>6qki3vzrfk9786wagl86khwptbu4s3j</sha1>
</revision>
</page>
