<page>
<page>
<title>valor</title>
<ns>0</ns>
<id>6633</id>
<revision>
<id>2683068</id>
<parentid>2683066</parentid>
<timestamp>2022-07-09T01:16:38Z</timestamp>
<contributor>
<username>ValJor</username>
<id>1358</id>
</contributor>
<minor />
<comment>Revertidas edições por [[Especial:Contribuições/138.94.174.213|138.94.174.213]] para a última versão por [[Especial:Contribuições/Marxav|Marxav]]</comment>
<model>wikitext</model>
<format>text/x-wiki</format>
<text bytes="2711" xml:space="preserve">{{Wikipédia}}
{{Wikiquote}}
={{-pt-}}=
==Substantivo==
{{flex.pt|ms=valor|mp=valores}}
{{oxítona|va|lor}}, {{g|m}}
# [[qualidade]] que distingue algo em comparação aos seus iguais; [[medida]] da [[importância]] de algo
# [[preço]]
# [[importância]]
# [[qualidade]] [[inerente]] a um bem ou serviço que traduz o seu grau de [[utilidade]]
# [[valia]]
# [[estimação]]
# [[coragem]]
# [[mérito]]
# {{escopo|pt|música}} [[duração]] de uma [[figura]] [[musical]]
# {{escopo|pt|gramática}} [[sentido]] [[particular]]
# {{escopo|pt|linguística}} sentido de uma palavra limitado ou precisado pelo contexto a que pertence, isto é, pela relação que estabelece com outros termos
# {{escopo|pt|filosofia}} o próprio [[juízo]]
# [[virtude]] de quem é [[forte]], audaz, corajoso, valente, vigoroso
===Expressões===
* '''[[escala de valores]]''': conjunto dos valores classificados e hierarquizados que servem de referência aos juízos e condutas.
* '''[[valor real]]''': o valor do metal de que se faz a moeda, independentemente do valor que foi atribuído pela cunhagem.
===Tradução===
{{tradini|qualidade, importância, valia}}
* {{trad|de|Wert}}
* {{trad|ca|valor}}
* {{trad|hr|vrijednost|f}}
* {{trad|es|valor}}
* {{trad|fi|arvo}}
* {{trad|fr|valeur}}
{{tradmeio}}
* {{trad|gl|valor}}
* {{trad|en|value}}
* {{t|ja|価値||kachi}}
* {{trad|mwl|balor}}
* {{trad|oc|valor}}
{{tradfim}}
=={{etimologia|pt}}==
{{llietimo|la|valor|pt}}
=={{pronúncia|pt}}==
===Portugal===
* AFI: {{AFI|/vɐ.ˈloɾ/}}
==Anagramas==
# [[lavor]]
# [[lavrar|lavro]]
[[Categoria:Substantivo (Português)]]
={{-ca-}}=
==Substantivo==
'''valor'''
# [[valor#Português|valor]]
[[Categoria:Substantivo (Catalão)]]
={{-hr-}}=
==Substantivo==
'''valor'''
# [[valor#Português|valor]]
[[Categoria:Substantivo (Croata)]]
={{-es-}}=
==Substantivo==
'''valor'''
# [[valor#Português|valor]]
[[Categoria:Substantivo (Espanhol)]]
={{-gl-}}=
==Substantivo==
'''valor'''
# [[valor#Português|valor]]
[[Categoria:Substantivo (Galego)]]
={{-en-}}=
==Substantivo==
'''valor'''
# [[valor#Português|valor]]
[[Categoria:Substantivo (Inglês)]]
={{-oc-}}=
==Substantivo==
'''valor'''
# [[valor#Português|valor]]
[[Categoria:Substantivo (Occitano)]]
[[az:valor]]
[[ca:valor]]
[[chr:valor]]
[[cs:valor]]
[[de:valor]]
[[el:valor]]
[[en:valor]]
[[eo:valor]]
[[es:valor]]
[[et:valor]]
[[fi:valor]]
[[fr:valor]]
[[gl:valor]]
[[hr:valor]]
[[hu:valor]]
[[id:valor]]
[[io:valor]]
[[ja:valor]]
[[ko:valor]]
[[la:valor]]
[[lo:valor]]
[[lt:valor]]
[[mg:valor]]
[[ml:valor]]
[[my:valor]]
[[nl:valor]]
[[oc:valor]]
[[pl:valor]]
[[ru:valor]]
[[sq:valor]]
[[sv:valor]]
[[ta:valor]]
[[tg:valor]]
[[th:valor]]
[[vi:valor]]
[[zh:valor]]</text>
<sha1>iyy6whaml4ngogjm2smwazsybjo4oez</sha1>
</revision>
