<page>
<page>
<title>valonguense</title>
<ns>0</ns>
<id>58754</id>
<revision>
<id>1469446</id>
<parentid>1188822</parentid>
<timestamp>2012-09-25T15:19:58Z</timestamp>
<contributor>
<username>ValJor</username>
<id>1358</id>
</contributor>
<comment>Separando adjetivo de substantivo</comment>
<model>wikitext</model>
<format>text/x-wiki</format>
<text bytes="350" xml:space="preserve">={{-pt-}}=
==Adjetivo==
{{flex.pt|s=valonguense|p=valonguenses}}
{{paroxítona|va|lon|guen|se}}
# de ou relativo a [[Valongo]], cidade do Porto (Portugal)
==Substantivo==
{{paroxítona|va|lon|guen|se}}
# habitante ou natural de Valongo
[[Categoria:Adjetivo (Português)]]
[[Categoria:Substantivo (Português)]]
[[Categoria:Gentílico (Português)]]</text>
<sha1>karxz4wmu21dbz7q4ebm5l0kgpa4rpo</sha1>
</revision>
