<page>
<page>
<title>valorizais</title>
<ns>0</ns>
<id>159867</id>
<revision>
<id>1178832</id>
<parentid>852351</parentid>
<timestamp>2011-07-06T22:13:56Z</timestamp>
<contributor>
<username>MalafayaBot</username>
<id>628</id>
</contributor>
<minor />
<comment>Robô: Substituição de texto automática (-^\=\s?Português\s?\= +={{-pt-}}= &amp; -^\=\s?\{\{pt\}\}\s?\= +={{-pt-}}=)</comment>
<model>wikitext</model>
<format>text/x-wiki</format>
<text bytes="205" xml:space="preserve">={{-pt-}}=
==Forma verbal==
'''valorizais'''
#[[segunda pessoa]] do [[plural]] do [[presente]] do [[modo indicativo]] do verbo '''[[valorizar]]'''
[[Categoria:Forma verbal (Português)]]
[[en:valorizais]]</text>
<sha1>i60dfv1iaqi6fhr7rbpd44k0zblapfn</sha1>
</revision>
