<page>
<page>
<title>Valongo</title>
<ns>0</ns>
<id>146727</id>
<revision>
<id>2651503</id>
<parentid>2634756</parentid>
<timestamp>2021-11-05T10:32:34Z</timestamp>
<contributor>
<username>ValJor</username>
<id>1358</id>
</contributor>
<comment>Eliminando [[valongueiro]] da lista de [[Especial:Lonelypages|órfãos]]</comment>
<model>wikitext</model>
<format>text/x-wiki</format>
<text bytes="391" xml:space="preserve">{{Wikipédia|lang=pt}}
={{-pt-}}=
==Substantivo==
{{paroxítona|Va|lon|go}}, {{gramática|pr}}
# [[município]] [[português]] do [[distrito]] do [[Porto]]
===Verbetes derivados===
* [[valongueiro]]
==Ver também==
===No Wikcionário===
* [[Apêndice:Gentílicos e topónimos em português/Portugal]]
[[Categoria:Substantivo (Português)]]
[[Categoria:Concelho de Portugal (Português)]]</text>
<sha1>e9m9nfla2kjm1lc2b463i2ou0obwp2n</sha1>
</revision>
