<page>
<title>valorizamos</title>
<ns>0</ns>
<id>158456</id>
<revision>
<id>2487254</id>
<parentid>2026038</parentid>
<timestamp>2018-02-28T21:15:27Z</timestamp>
<contributor>
<username>ValJor</username>
<id>1358</id>
</contributor>
<comment>Acrescentando a predefinição avi-for-fle</comment>
<model>wikitext</model>
<format>text/x-wiki</format>
<text bytes="332" xml:space="preserve">={{-pt-}}=
==Forma verbal==
{{paroxítona|va|lo|ri|za|mos}}
# primeira pessoa do plural do presente do modo indicativo do verbo [[valorizar]]
# {{escopo2|grafia brasileira}} primeira pessoa do plural do pretérito perfeito do modo indicativo do verbo [[valorizar]]
{{avi-for-fle|valorizar}}
[[Categoria:Forma verbal (Português)]]</text>
<sha1>qp0o48d0fzym0qlx8as696deg5gx6vf</sha1>
</revision>
</page>
