<page>
<page>
<title>valorizaras</title>
<ns>0</ns>
<id>179868</id>
<revision>
<id>2026035</id>
<parentid>1801901</parentid>
<timestamp>2015-10-27T13:07:48Z</timestamp>
<contributor>
<username>HydrizBot</username>
<id>29590</id>
</contributor>
<minor />
<comment>Robô: A adicionar: [[fr:valorizaras]]</comment>
<model>wikitext</model>
<format>text/x-wiki</format>
<text bytes="245" xml:space="preserve">={{-pt-}}=
==Forma verbal==
'''valorizaras'''
#[[segunda pessoa]] do [[singular]] do [[pretérito mais-que-perfeito]] do verbo '''[[valorizar]]'''
[[Categoria:Forma verbal (Português)]]
[[en:valorizaras]]
[[es:valorizaras]]
[[fr:valorizaras]]</text>
<sha1>gd15zv5cdxmf4ysz2tsqn9jqjykz7vl</sha1>
</revision>
