<page>
<page>
<title>valorizarias</title>
<ns>0</ns>
<id>201208</id>
<revision>
<id>1178847</id>
<parentid>840938</parentid>
<timestamp>2011-07-06T22:14:12Z</timestamp>
<contributor>
<username>MalafayaBot</username>
<id>628</id>
</contributor>
<minor />
<comment>Robô: Substituição de texto automática (-^\=\s?Português\s?\= +={{-pt-}}= &amp; -^\=\s?\{\{pt\}\}\s?\= +={{-pt-}}=)</comment>
<model>wikitext</model>
<format>text/x-wiki</format>
<text bytes="201" xml:space="preserve">={{-pt-}}=
==Forma verbal==
'''valorizarias'''
#[[segunda pessoa]] do [[singular]] do [[futuro do pretérito]] do verbo '''[[valorizar]]'''
[[Categoria:Forma verbal (Português)]]
[[en:valorizarias]]</text>
<sha1>d3355f2b0ppwjoionj63u5w1nnbk10b</sha1>
</revision>
