<page>
<page>
<title>valorizares</title>
<ns>0</ns>
<id>208250</id>
<revision>
<id>2026032</id>
<parentid>1801898</parentid>
<timestamp>2015-10-27T13:07:37Z</timestamp>
<contributor>
<username>HydrizBot</username>
<id>29590</id>
</contributor>
<minor />
<comment>Robô: A adicionar: [[fr:valorizares]]</comment>
<model>wikitext</model>
<format>text/x-wiki</format>
<text bytes="337" xml:space="preserve">={{-pt-}}=
==Forma verbal==
'''valorizares'''
#[[segunda pessoa]] do [[singular]] do [[futuro]] do [[modo subjuntivo]] do verbo '''[[valorizar]]'''
#[[infinitivo pessoal]] da [[segunda pessoa]] do [[singular]] do verbo '''[[valorizar]]'''
[[Categoria:Forma verbal (Português)]]
[[en:valorizares]]
[[es:valorizares]]
[[fr:valorizares]]</text>
<sha1>6wlyxmujwu7krzbxbso541dq93w8kl8</sha1>
</revision>
