<page>
<title>valorizaria</title>
<ns>0</ns>
<id>192919</id>
<revision>
<id>1178845</id>
<parentid>855681</parentid>
<timestamp>2011-07-06T22:14:11Z</timestamp>
<contributor>
<username>MalafayaBot</username>
<id>628</id>
</contributor>
<minor />
<comment>Robô: Substituição de texto automática (-^\=\s?Português\s?\= +={{-pt-}}= &amp; -^\=\s?\{\{pt\}\}\s?\= +={{-pt-}}=)</comment>
<model>wikitext</model>
<format>text/x-wiki</format>
<text bytes="231" xml:space="preserve">={{-pt-}}=
==Forma verbal==
'''valorizaria'''
#[[primeira pessoa|primeira]] e [[terceira pessoa]] do [[singular]] do [[futuro do pretérito]] do verbo '''[[valorizar]]'''
[[Categoria:Forma verbal (Português)]]
[[en:valorizaria]]</text>
<sha1>4mud6y6ssuh8fv8kt4bgei35ytq49oq</sha1>
</revision>
</page>
