<page>
<page>
<title>valorizaremos</title>
<ns>0</ns>
<id>188817</id>
<revision>
<id>2026033</id>
<parentid>1801899</parentid>
<timestamp>2015-10-27T13:07:41Z</timestamp>
<contributor>
<username>HydrizBot</username>
<id>29590</id>
</contributor>
<minor />
<comment>Robô: A adicionar: [[fr:valorizaremos]]</comment>
<model>wikitext</model>
<format>text/x-wiki</format>
<text bytes="263" xml:space="preserve">={{-pt-}}=
==Forma verbal==
'''valorizaremos'''
#[[primeira pessoa]] do [[plural]] do [[futuro do presente]] do verbo '''[[valorizar]]'''
[[Categoria:Forma verbal (Português)]]
[[en:valorizaremos]]
[[es:valorizaremos]]
[[fr:valorizaremos]]
[[mg:valorizaremos]]</text>
<sha1>siu5qivtrbej0kaf6uxyaf2on3cmr3y</sha1>
</revision>
