<page>
<title>valorizando</title>
<ns>0</ns>
<id>156919</id>
<revision>
<id>2026037</id>
<parentid>1703244</parentid>
<timestamp>2015-10-27T13:07:57Z</timestamp>
<contributor>
<username>HydrizBot</username>
<id>29590</id>
</contributor>
<minor />
<comment>Robô: A adicionar: [[fr:valorizando]]</comment>
<model>wikitext</model>
<format>text/x-wiki</format>
<text bytes="188" xml:space="preserve">={{-pt-}}=
==Forma verbal==
'''valorizando'''
#[[gerúndio]] do verbo '''[[valorizar]]'''
[[Categoria:Forma verbal (Português)]]
[[en:valorizando]]
[[es:valorizando]]
[[fr:valorizando]]</text>
<sha1>eo4l5fq5u8cbf5idaht3pkm0ka4ptnx</sha1>
</revision>
</page>
