<page>
<page>
<title>valorizaram</title>
<ns>0</ns>
<id>176911</id>
<revision>
<id>1178837</id>
<parentid>840839</parentid>
<timestamp>2011-07-06T22:14:02Z</timestamp>
<contributor>
<username>MalafayaBot</username>
<id>628</id>
</contributor>
<minor />
<comment>Robô: Substituição de texto automática (-^\=\s?Português\s?\= +={{-pt-}}= &amp; -^\=\s?\{\{pt\}\}\s?\= +={{-pt-}}=)</comment>
<model>wikitext</model>
<format>text/x-wiki</format>
<text bytes="219" xml:space="preserve">={{-pt-}}=
==Forma verbal==
'''valorizaram'''
#[[terceira pessoa]] do [[plural]] do [[pretérito perfeito]] do [[modo indicativo]] do verbo '''[[valorizar]]'''
[[Categoria:Forma verbal (Português)]]
[[en:valorizaram]]</text>
<sha1>5fk3pai2u4368zhqbhjpt3vtt7bu89a</sha1>
</revision>
