<page>
<page>
<title>valoco</title>
<ns>0</ns>
<id>347659</id>
<revision>
<id>2039621</id>
<timestamp>2015-11-22T01:25:15Z</timestamp>
<contributor>
<username>Cpls</username>
<id>20608</id>
</contributor>
<comment>[[Ajuda:Guia de edição/Menus e ferramentas/Sumário de edição|→]] nova página: {{ver também|baloco}} ={{-gl-}}= ==Substantivo== {{flex.gl|ms=valoco|mp=valocos}} {{paroxítona|lang=gl|va|l...</comment>
<model>wikitext</model>
<format>text/x-wiki</format>
<text bytes="346" xml:space="preserve">{{ver também|baloco}}
={{-gl-}}=
==Substantivo==
{{flex.gl|ms=valoco|mp=valocos}}
{{paroxítona|lang=gl|va|lo|co}}, {{m}}
# pequena [[vala]]
# vala criada pelo correr das águas da [[chuva]]
# terreno fundo defendido por dois ou três lados
=={{etimologia|gl}}==
: {{escopo|Morfologia}} Derivado de [[vale]].
[[Categoria:Substantivo (Galego)]]</text>
<sha1>f8sstbhvbqdy5xq0qq162dv2higck6t</sha1>
</revision>
