<page>
<page>
<title>valorizarei</title>
<ns>0</ns>
<id>184546</id>
<revision>
<id>1178840</id>
<parentid>841434</parentid>
<timestamp>2011-07-06T22:14:05Z</timestamp>
<contributor>
<username>MalafayaBot</username>
<id>628</id>
</contributor>
<minor />
<comment>Robô: Substituição de texto automática (-^\=\s?Português\s?\= +={{-pt-}}= &amp; -^\=\s?\{\{pt\}\}\s?\= +={{-pt-}}=)</comment>
<model>wikitext</model>
<format>text/x-wiki</format>
<text bytes="198" xml:space="preserve">={{-pt-}}=
==Forma verbal==
'''valorizarei'''
#[[primeira pessoa]] do [[singular]] do [[futuro do presente]] do verbo '''[[valorizar]]'''
[[Categoria:Forma verbal (Português)]]
[[en:valorizarei]]</text>
<sha1>392yo3v7hufxkys2oqt4yofkjjgajml</sha1>
</revision>
