<page>
<page>
<title>Q</title>
<ns>0</ns>
<id>32324</id>
<revision>
<id>2680007</id>
<parentid>2602305</parentid>
<timestamp>2022-06-13T02:15:59Z</timestamp>
<contributor>
<username>Wilhelm Seifer</username>
<id>85860</id>
</contributor>
<model>wikitext</model>
<format>text/x-wiki</format>
<text bytes="595" xml:space="preserve">{{Wikipédia}}
{{caracteres info|hex=0051|nome=LATIN CAPITAL LETTER Q|anterior=P|próximo=R}}
={{-pt-}}=
==Substantivo==
'''Q'''
# 17ª letra do [[alfabeto]] [[português]], precedida por '''[[P]]''' e seguida por '''[[R]]'''
==Ver também==
===No Wikcionário===
{{Alfabeto Latino}}
[[Categoria:Substantivo (Português)]]
[[Categoria:Física (Português)]]
[[Categoria:Sistema de escrita latino]]
={{-univ-}}=
==Símbolo==
'''Q'''
# {{escopo|univ|Física}} representa a quantidade de [[carga]] adquirida por um [[corpo]], antes eletricamente [[neutro]]
[[Categoria:Símbolo (Universal)]]</text>
<sha1>3b1jih003a0aciyf78ss2uhoo12ka5o</sha1>
</revision>
