<page>
<title>qalay</title>
<ns>0</ns>
<id>315786</id>
<revision>
<id>2545549</id>
<parentid>2396537</parentid>
<timestamp>2019-06-01T11:07:30Z</timestamp>
<contributor>
<username>Amigo7</username>
<id>58547</id>
</contributor>
<comment>Melhorando a apresentação do verbete</comment>
<model>wikitext</model>
<format>text/x-wiki</format>
<text bytes="593" xml:space="preserve">{{Wikipédia|lang=az}}
{{Wikipédia|lang=uz}}
={{-az-}}=
==Substantivo==
{{elementos|Sn|indium|In|stibium|Sb}}
'''qalay'''
# {{escopo|az|Elemento químico}} [[estanho]]
==Ver também==
===No Wikcionário===
{{tabela periódica/az}}
[[Categoria:Substantivo (Azerbaijano)]]
[[Categoria:Entrada com imagem (Azerbaijano)]]
={{-uz-}}=
==Substantivo==
{{elementos|Sn|indiy|In|surma|Sb}}
'''qalay'''
# {{escopo|uz|Elemento químico}} [[estanho]]
==Ver também==
===No Wikcionário===
{{tabela periódica/uz}}
[[Categoria:Elemento químico (Uzbeque)]]
[[Categoria:Entrada com imagem (Uzbeque)]]</text>
<sha1>gmxppfvfstmn8vad8k2zfku6i2tvs1l</sha1>
</revision>
</page>
