<page>
<page>
<title>qalb</title>
<ns>0</ns>
<id>38356</id>
<revision>
<id>2690778</id>
<parentid>2602267</parentid>
<timestamp>2022-10-27T14:16:28Z</timestamp>
<contributor>
<username>InternetArchiveBot</username>
<id>81604</id>
</contributor>
<comment>Rescuing 1 sources and tagging 0 as dead.) #IABot (v2.0.9.2</comment>
<model>wikitext</model>
<format>text/x-wiki</format>
<text bytes="885" xml:space="preserve">{{Wikipédia|lang=mt}}
[[Imagem:Heart frontally PDA.jpg|thumb|right|250px|&lt;center&gt;Coração&lt;/center&gt;]]
={{-ku-}}=
==Substantivo==
'''qalb'''
# {{escopo|ku|Anatomia}} [[coração]]
==={{-varort-}}===
* '''Alfabeto árabe''': {{link opcional|قالب|ku}}
===Sinónimos===
* [[dil]]/{{link opcional|دل|ku}}, [[qelb]]/{{link opcional|کوردی|ku}}
[[Categoria:Substantivo (Curdo)]]
[[Categoria:Monossílabo (Curdo)]]
[[Categoria:Entrada com imagem (Curdo)]]
={{-mt-}}=
==Substantivo==
'''qalb''', {{gramática|m}}
# {{escopo|mt|Anatomia}} [[coração]]
==Ver também==
===Referências===
{{verTambém.Ini}}
* [https://web.archive.org/web/20090208152945/http://aboutmalta.com/language/engmal.htm Basic English-Maltese Dictionary (em inglês)]
{{verTambém.Fim}}
[[Categoria:Substantivo (Maltês)]]
[[Categoria:Monossílabo (Maltês)]]
[[Categoria:Entrada com imagem (Maltês)]]</text>
<sha1>956ncmnvyh4nw17h7aad3ugyw71b1gm</sha1>
</revision>
