<page>
<title>qalima</title>
<ns>0</ns>
<id>251555</id>
<revision>
<id>2396539</id>
<parentid>1390377</parentid>
<timestamp>2017-05-13T10:52:29Z</timestamp>
<contributor>
<username>HydrizBot</username>
<id>29590</id>
</contributor>
<minor />
<comment>Robô: A limpar links interwikis antigos</comment>
<model>wikitext</model>
<format>text/x-wiki</format>
<text bytes="171" xml:space="preserve">={{-mmn-}}=
==Substantivo==
'''qalima'''
# [[mão]]
==Ver também==
===No Wikcionário===
* [[paqa]]
[[Categoria:Substantivo (Mamanwa)]]
[[Categoria:Anatomia (Mamanwa)]]</text>
<sha1>3xwxyrq0wpww2g29z1zjzoj3ybqw1i0</sha1>
</revision>
</page>
