<page>
<title>Qambiya</title>
<ns>0</ns>
<id>126299</id>
<revision>
<id>2602261</id>
<parentid>2277388</parentid>
<timestamp>2020-11-17T22:17:04Z</timestamp>
<contributor>
<username>ValJor</username>
<id>1358</id>
</contributor>
<comment>Acrescentando código de língua à [[:Categoria:!Página com mensagem de erro em predefinição|predefinição escopo]]</comment>
<model>wikitext</model>
<format>text/x-wiki</format>
<text bytes="438" xml:space="preserve">{{Wikipédia|lang=az}}
[[Imagem:Flag of The Gambia.svg|thumb|right|250px|&lt;center&gt;Bandeira de Gâmbia&lt;/center&gt;]]
[[Imagem:LocationGambia.svg|thumb|right|250px|&lt;center&gt;Localização de Gâmbia&lt;/center&gt;]]
={{-az-}}=
==Substantivo==
'''Qambiya''', {{gramática|pr}}
# {{escopo|az|País}} [[Gâmbia]]
==Ver também==
===No Wikcionário===
{{África/az}}
[[Categoria:Substantivo (Azerbaijano)]]
[[Categoria:Entrada com imagem (Azerbaijano)]]</text>
<sha1>bposklw6p6zfob4cgn18cap9n4gvxir</sha1>
</revision>
</page>
