<page>
<title>qamyon</title>
<ns>0</ns>
<id>137439</id>
<revision>
<id>2396541</id>
<parentid>1789351</parentid>
<timestamp>2017-05-13T10:52:32Z</timestamp>
<contributor>
<username>HydrizBot</username>
<id>29590</id>
</contributor>
<minor />
<comment>Robô: A limpar links interwikis antigos</comment>
<model>wikitext</model>
<format>text/x-wiki</format>
<text bytes="145" xml:space="preserve">={{-ku-}}=
==Substantivo==
'''qamyon'''
# variante ortográfica de [[kamyon]]
[[Categoria:Substantivo (Curdo)]]
[[Categoria:Transporte (Curdo)]]</text>
<sha1>at5pssgryy25yraa7w0xcptjpx7qak2</sha1>
</revision>
</page>
