<page>
<page>
<title>qan</title>
<ns>0</ns>
<id>230518</id>
<revision>
<id>2396542</id>
<parentid>2247078</parentid>
<timestamp>2017-05-13T10:52:36Z</timestamp>
<contributor>
<username>HydrizBot</username>
<id>29590</id>
</contributor>
<minor />
<comment>Robô: A limpar links interwikis antigos</comment>
<model>wikitext</model>
<format>text/x-wiki</format>
<text bytes="135" xml:space="preserve">={{-az-}}=
==Substantivo==
'''qan'''
# [[sangue]]
{{página-automática|Maio|2010|sangue|az}}
[[Categoria:Substantivo (Azerbaijano)]]</text>
<sha1>h7hpvoxwimnax84a9e584a0m6baa2au</sha1>
</revision>
