<page>
<title>qar</title>
<ns>0</ns>
<id>309876</id>
<revision>
<id>2396544</id>
<parentid>2238438</parentid>
<timestamp>2017-05-13T10:52:43Z</timestamp>
<contributor>
<username>HydrizBot</username>
<id>29590</id>
</contributor>
<minor />
<comment>Robô: A limpar links interwikis antigos</comment>
<model>wikitext</model>
<format>text/x-wiki</format>
<text bytes="136" xml:space="preserve">={{-az-}}=
==Substantivo==
'''qar'''
# [[neve]]
{{página-automática|Fevereiro|2013|neve|az}}
[[Categoria:Substantivo (Azerbaijano)]]</text>
<sha1>okemlp017f0i4ljakljeitn5l7n3onm</sha1>
</revision>
</page>
