<page>
<title>qara</title>
<ns>0</ns>
<id>61020</id>
<revision>
<id>2690234</id>
<parentid>2602210</parentid>
<timestamp>2022-10-25T14:36:11Z</timestamp>
<contributor>
<username>InternetArchiveBot</username>
<id>81604</id>
</contributor>
<comment>Rescuing 1 sources and tagging 0 as dead.) #IABot (v2.0.9.2</comment>
<model>wikitext</model>
<format>text/x-wiki</format>
<text bytes="7130" xml:space="preserve">{{Wikipédia|lang=az}}
{{Wikipédia|lang=qu}}
[[Imagem:Solid black.svg|thumb|right|250px|&lt;center&gt;Preto&lt;/center&gt;]]
={{-az-}}=
==Adjetivo==
'''qa.ra'''
# [[preto]], [[negro]], [[atro]]
===Expressões===
* '''{{link opcional|qara ciyər}}''': {{escopo2|anatomia}} [[fígado]]
* '''{{link opcional|qara çuxur}}''': {{escopo2|astronomia}} [[buraco negro]]
* '''{{link opcional|Qara dəniz}}''': {{escopo2|geografia}} [[Mar Negro]]
* '''{{link opcional|qara kəndəlaş}}''': {{escopo2|botânica}} [[sabugueiro]], [[sabugueirinho]] (''[[wikispecies:Sambucus nigra|Sambucus nigra]]'')
* '''{{link opcional|qara ölüm}}''': {{escopo2|história, medicina}} [[peste negra]]
* '''{{link opcional|qara qutu}}''': {{escopo2|aeronáutica}} [[caixa-negra]]/[[caixa-preta]]
* '''{{link opcional|qara tut}}''': {{escopo2|botânica}} [[amoreira-negra]] (''[[wikispecies:Morus nigra|Morus nigra]]'')
===Verbetes derivados===
{{fraseini|Nome de animais derivados de ''qara''}}
* {{link opcional|Amerika qara ayısı}} ([[urso-negro]], ''[[wikispecies:Ursus americanus|Ursus americanus]]'')
* {{link opcional|Asiya qara ayısı}} ([[urso-negro-asiático]], ''[[wikispecies:Ursus thibetanus|Ursus thibetanus]]'')
* {{link opcional|dəniz qara ördək}} ([[zarro-bastardo]], ''[[wikispecies:Aythya marila|Aythya marila]]'')
* {{link opcional|kəkilli qara ördək}} ([[zarro-negrinha]], ''[[wikispecies:Aythya fuligula|Aythya fuligula]]'')
* {{link opcional|qara ağacdələn}} ([[pica-pau-negro]], [[wikispecies:Dryocopus martius|Dryocopus martius]]'')
* {{link opcional|qara çalağan}} ([[milhafre-negro]], ''[[wikispecies:Milvus migrans|Milvus migrans]]'')
{{verTambém.NovaColuna|51}}
* {{link opcional|qara kərkəs}} ([[abutre-fusco]], ''[[wikispecies:Aegypius monachus|Aegypius monachus]]'')
* {{link opcional|qara leylək}} ([[cegonha-negra]], ''[[wikispecies:Ciconia nigra|Ciconia nigra]]'')
* {{link opcional|qara neon tetra}} ([[neon preto]], ''[[wikispecies:Hyphessobrycon herbertaxelrodi|Hyphessobrycon herbertaxelrodi]]'')
* {{link opcional|qara tetra}} ([[tetra-preto]], ''[[wikispecies:Gymnocorymbus ternetzi|Gymnocorymbus ternetzi]]'')
* {{link opcional|qara xəyalət tetra}} ([[tetra-fantasma-preto]], ''[[wikispecies:Hyphessobrycon megalopterus|Hyphessobrycon megalopterus]]'')
* {{link opcional|qırmızıbaş qara ördək}} ([[zarro-comum]], ''[[wikispecies:Aythya ferina|Aythya ferina]]'')
{{frasefim}}
==Substantivo==
'''qa.ra'''
# [[preto]], [[cor]] [[negro|negra]]
=={{etimologia|az}}==
: Do [[proto-túrquico]] *''qara''.
==Ver também==
===No Wikcionário===
{{verTambém.Ini}}
* {{link opcional|rəng}}
{{verTambém.Fim}}
{{cores/az}}
[[Categoria:Adjetivo (Azerbaijano)]]
[[Categoria:Substantivo (Azerbaijano)]]
[[Categoria:Dissílabo (Azerbaijano)]]
[[Categoria:Cor (Azerbaijano)]]
[[Categoria:Entrada com imagem (Azerbaijano)]]
={{-kaa-}}=
==Adjetivo==
'''qa.ra'''
# [[preto]], [[negro]], [[atro]]
==={{-varort-}}===
* [[ķara]]
===Verbetes derivados===
{{verTambém.Ini}}
* {{link opcional|qaraqalpaq|kaa}}
{{verTambém.Fim}}
=={{etimologia|kaa}}==
: Do [[proto-túrquico]] *''qara''.
==Ver também==
===No Wikcionário===
{{verTambém.Ini}}
* {{link opcional|aq|kaa}}
* {{link opcional|ko'k|kaa}}
* {{link opcional|qızıl|kaa}}
{{verTambém.Fim}}
{{cores/kaa}}
[[Categoria:Adjetivo (Caracalpaque)]]
[[Categoria:Dissílabo (Caracalpaque)]]
[[Categoria:Cor (Caracalpaque)]]
[[Categoria:Entrada com imagem (Caracalpaque)]]
={{-qu-}}=
==Substantivo==
[[Ficheiro:Human skin structure.jpg|thumb|100px|'''Qara'''&lt;sup&gt;1&lt;/sup&gt;]]
[[Ficheiro:LeatherTexture.jpg|thumb|100px|'''Qara'''²]]
'''&lt;u&gt;qa&lt;/u&gt;.ra'''
# {{escopo|qu|anatomia}} [[pele]]
# {{escopo|qu|zoologia}} [[couro]]
==={{-varort-}}===
* [[kara#{{qu}}|kara]]
===Expressões===
* '''{{link opcional|qara hampikamayuq}}''': {{escopo2|medicina}} [[dermatólogo]]
* '''{{link opcional|yura qara}}''': {{escopo2|botânica}} [[súber]]
==Ver também==
===No Wikcionário===
{{verTambém.Ini}}
* {{link opcional|aycha|qu}}
* {{link opcional|k'akalli|qu}}
{{verTambém.Fim}}
===Referências===
{{verTambém.Ini}}
* [http://www.educar.org/diccionarios/DiccionarioQuechua/quechuaespanol/Q.asp Diccionario Quechua (Educar.org) (em espanhol)]
{{verTambém.Fim}}
[[Categoria:Substantivo (Quéchua)]]
[[Categoria:Dissílabo (Quéchua)]]
[[Categoria:Paroxítona (Quéchua)]]
[[Categoria:Entrada com imagem (Quéchua)]]
={{-tt-}}=
==Adjetivo==
'''qa.&lt;u&gt;ra&lt;/u&gt;'''
# [[preto]], [[negro]], [[atro]]
==={{-varort-}}===
* '''Alfabeto cirílico''': {{link opcional|кара|tt}}
=={{etimologia|tt}}==
: Do [[proto-túrquico]] *''qara''.
=={{pronúncia|tt}}==
* [[AFI]]: {{AFI|/qɑ.'ra/}}
* [[X-SAMPA]]: /qA.&quot;ra/
==Ver também==
===No Wikcionário===
{{cores/tt}}
[[Categoria:Adjetivo (Tártaro)]]
[[Categoria:Dissílabo (Tártaro)]]
[[Categoria:Cor (Tártaro)]]
[[Categoria:Entrada com imagem (Tártaro)]]
={{-crh-}}=
==Adjetivo==
'''qa.ra'''
# [[preto]], [[negro]], [[atro]]
# negro, [[mal]], [[sinistro]]
===Expressões===
* '''{{link opcional|Qara deñiz}}''': {{escopo2|geografia}} [[Mar Negro]]
==Substantivo==
'''qa.ra'''
# [[preto#Substantivo|preto]], [[negro#Substantivo|negro]], [[cor]] [[preto|preta]]
# [[terra]]
===Declinação===
{{decl.crh.subst|qar|a|-}}
==Forma verbal==
'''qa.ra'''
# forma imperativa do verbo [[qaramaq]]
{{avi-for-fle|qaramaq}}
=={{etimologia|crh}}==
: Do [[proto-túrquico]] *''qara''.
==Ver também==
===No Wikcionário===
{{verTambém.Ini}}
* {{link opcional|aq|crh}}
{{verTambém.Fim}}
{{cores/crh}}
===Referências===
{{verTambém.Ini}}
* [http://medeniye.org/lugat Luğat (Alem-i Medeniye) (em russo e tártaro da Crimeia)]
{{verTambém.Fim}}
[[Categoria:Adjetivo (Tártaro da Crimeia)]]
[[Categoria:Substantivo (Tártaro da Crimeia)]]
[[Categoria:Forma verbal (Tártaro da Crimeia)]]
[[Categoria:Dissílabo (Tártaro da Crimeia)]]
[[Categoria:Cor (Tártaro da Crimeia)]]
[[Categoria:Geografia (Tártaro da Crimeia)]]
[[Categoria:Entrada com imagem (Tártaro da Crimeia)]]
={{-ug-}}=
==Adjetivo==
'''qa.ra'''
# [[preto]], [[negro]], [[atro]]
# [[mau]], [[maligno]]
# [[ruim]], [[doente]], [[enfermo]]
# [[difícil]], [[complicado]], [[árduo]]
==Substantivo==
[[Ficheiro:Congenital_pupil_membrane.png|thumb|150px|'''Qara&lt;sup&gt;5&lt;/sup&gt;''']]
'''qa.ra'''
# [[preto]], [[cor]] [[negro|negra]]
# [[sombra]]
# [[alvo]], [[mira]]
# [[difamação]], [[calúnia]]
# {{escopo|ug|anatomia}} [[pupila#Substantivo|pupila]]
# [[luto#Substantivo|luto]]
==={{-varort-}}===
* '''Alfabeto árabe''': [[قارا]]
* '''Alfabeto cirílico''': {{link opcional|қара|ug}}
=={{etimologia|ug}}==
: Do [[proto-túrquico]] *''qara''.
==Ver também==
===No Wikcionário===
{{verTambém.Ini}}
* [[kök#{{ug}}|kök]]
{{verTambém.Fim}}
{{cores/ug}}
===Referências===
{{verTambém.Ini}}
* [https://web.archive.org/web/20100708224859/http://www.uyghurdictionary.org/en/default.aspx The Uyghur-English Dictionary Project (em inglês e uigure)]
{{verTambém.Fim}}
[[Categoria:Adjetivo (Uigure)]]
[[Categoria:Substantivo (Uigure)]]
[[Categoria:Dissílabo (Uigure)]]
[[Categoria:Cor (Uigure)]]
[[Categoria:Entrada com imagem (Uigure)]]</text>
<sha1>0fjqjq4si4n4dsg8f8fsayl4q0eifwp</sha1>
</revision>
</page>
