<page>
<page>
<title>qare</title>
<ns>0</ns>
<id>147228</id>
<revision>
<id>2396547</id>
<parentid>639787</parentid>
<timestamp>2017-05-13T10:52:51Z</timestamp>
<contributor>
<username>HydrizBot</username>
<id>29590</id>
</contributor>
<minor />
<comment>Robô: A limpar links interwikis antigos</comment>
<model>wikitext</model>
<format>text/x-wiki</format>
<text bytes="116" xml:space="preserve">={{-so-}}=
==Substantivo==
'''qare'''
#[[melancia]]
[[Categoria:Substantivo (Somali)]]
[[Categoria:Fruta (Somali)]]</text>
<sha1>rq7dorflvo9pu90kja73u0oci7gj8xt</sha1>
</revision>
