<page>
<page>
<title>qartop</title>
<ns>0</ns>
<id>91062</id>
<revision>
<id>2445156</id>
<parentid>2396549</parentid>
<timestamp>2017-08-22T20:03:08Z</timestamp>
<contributor>
<username>ValJor</username>
<id>1358</id>
</contributor>
<comment>Acrescentando código de língua à [[:Categoria:!Página com mensagem de erro em predefinição|predefinição escopo]]</comment>
<model>wikitext</model>
<format>text/x-wiki</format>
<text bytes="457" xml:space="preserve">[[Imagem:Kartoffeln_der_Sorte_Marabel.JPG|thumb|250px|'''Qartop''']]
={{-crh-}}=
==Substantivo==
'''qar.top''' 
# {{escopo|crh|Botânica}} [[batata]] (''[[wikispecies:Solanum tuberosum|Solanum tuberosum]]'')
===Declinação===
{{decl.crh.subst|qart|o|p}}
[[Categoria:Substantivo (Tártaro da Crimeia)]]
[[Categoria:Dissílabo (Tártaro da Crimeia)]]
[[Categoria:Alimentação (Tártaro da Crimeia)]]
[[Categoria:Entrada com imagem (Tártaro da Crimeia)]]</text>
<sha1>44eblybbmv4vqgbcmj137ecoo6nhrab</sha1>
</revision>
