<page>
<title>Qatar</title>
<ns>0</ns>
<id>47388</id>
<revision>
<id>2655700</id>
<parentid>2608812</parentid>
<timestamp>2021-12-22T08:33:12Z</timestamp>
<contributor>
<username>ValJor</username>
<id>1358</id>
</contributor>
<comment>Retirando ligação para a predefinição mq para poder eliminá-la em seguida</comment>
<model>wikitext</model>
<format>text/x-wiki</format>
<text bytes="20793" xml:space="preserve">{{Wikipédia|lang=ace}}
{{Wikipédia|lang=an}}
{{Wikipédia|lang=ast}}
{{Wikipédia|lang=eu}}
{{Wikipédia|lang=bcl}}
{{Wikipédia|lang=bug}}
{{Wikipédia|lang=kaa}}
{{Wikipédia|lang=ca}}
{{Wikipédia|lang=sn}}
{{Wikipédia|lang=da}}
{{Wikipédia|lang=sco}}
{{Wikipédia|lang=fi}}
{{Wikipédia|lang=vls}}
{{Wikipédia|lang=fr}}
{{Wikipédia|lang=frp}}
{{Wikipédia|lang=gl}}
{{Wikipédia|lang=cy}}
{{Wikipédia|lang=kl}}
{{Wikipédia|lang=hak}}
{{Wikipédia|lang=ha}}
{{Wikipédia|lang=hif}}
{{Wikipédia|lang=nl}}
{{Wikipédia|lang=id}}
{{Wikipédia|lang=simple}}
{{Wikipédia|lang=en}}
{{Wikipédia|lang=it}}
{{Wikipédia|lang=jv}}
{{Wikipédia|lang=ee}}
{{Wikipédia|lang=kg}}
{{Wikipédia|lang=ki}}
{{Wikipédia|lang=lij}}
{{Wikipédia|lang=li}}
{{Wikipédia|lang=lmo}}
{{Wikipédia|lang=ms}}
{{Wikipédia|lang=mt}}
{{Wikipédia|lang=cdo}}
{{Wikipédia|lang=nan}}
{{Wikipédia|lang=min}}
{{Wikipédia|lang=na}}
{{Wikipédia|lang=no}}
{{Wikipédia|lang=nn}}
{{Wikipédia|lang=oc}}
{{Wikipédia|lang=pms}}
{{Wikipédia|lang=qu}}
{{Wikipédia|lang=ro}}
{{Wikipédia|lang=se}}
{{Wikipédia|lang=scn}}
{{Wikipédia|lang=so}}
{{Wikipédia|lang=sw}}
{{Wikipédia|lang=sv}}
{{Wikipédia|lang=su}}
{{Wikipédia|lang=tl}}
{{Wikipédia|lang=crh}}
{{Wikipédia|lang=tpi}}
{{Wikipédia|lang=tum}}
{{Wikipédia|lang=uz}}
{{Wikipédia|lang=vec}}
{{Wikipédia|lang=vi}}
{{Wikipédia|lang=war}}
{{Wikipédia|lang=zea}}
{{Wikipédia|lang=za}}
[[Imagem:Flag of Qatar.svg|thumb|right|250px|{{centro|Bandeira do Qatar}}]]
[[Imagem:LocationQatar.png|thumb|right|250px|{{centro|Localização do Qatar}}]]
={{-pt-}}=
==Substantivo==
{{oxítona|Qa|tar}}, {{rubrica|ms|pr}}
# {{escopo|pt|País}} o mesmo que [[Catar]]
=={{etimologia|pt}}==
: De ''Qatara'', referência à cidade de Zubara, no Catar, um importante porto comercial na região na Antiguidade.
==Ver também==
===No Wikcionário===
{{verTambém.Ini}}
* [[catariano]]
{{verTambém.NovaColuna}}
* [[catarense]]
{{verTambém.NovaColuna}}
* [[catari]]
{{verTambém.Fim}}
{{Ásia/pt}}
[[Categoria:Substantivo (Português)]]
[[Categoria:Entrada com imagem (Português)]]
={{-ace-}}=
==Substantivo==
'''Qatar''', {{gramática|pr}}
# {{escopo|ace|País}} [[Qatar#Português|Qatar]]
==Ver também==
===No Wikcionário===
{{Ásia/ace}}
[[Categoria:Substantivo (Acenês)]]
[[Categoria:Entrada com imagem (Acenês)]]
={{-af-}}=
==Substantivo==
'''Qa.tar''', {{gramática|pr}}
# {{escopo|af|País}} [[Qatar#Português|Qatar]]
==Ver também==
===No Wikcionário===
{{Ásia/af}}
[[Categoria:Substantivo (Africâner)]]
[[Categoria:Dissílabo (Africâner)]]
[[Categoria:Entrada com imagem (Africâner)]]
={{-an-}}=
==Substantivo==
'''Qa.tar''', {{gramática|pr}}
# {{escopo|an|País}} [[Qatar#Português|Qatar]]
==Ver também==
===No Wikcionário===
{{Ásia/an}}
[[Categoria:Substantivo (Aragonês)]]
[[Categoria:Dissílabo (Aragonês)]]
[[Categoria:Entrada com imagem (Aragonês)]]
={{-ast-}}=
==Substantivo==
'''Qa.tar''', {{gramática|pr}}
# {{escopo|ast|País}} [[Qatar#Português|Qatar]]
==Ver também==
===No Wikcionário===
{{Ásia/ast}}
[[Categoria:Substantivo (Asturiano)]]
[[Categoria:Dissílabo (Asturiano)]]
[[Categoria:Entrada com imagem (Asturiano)]]
={{-az-}}=
==Substantivo==
'''Qa.tar''', {{gramática|pr}}
# {{escopo|az|País}} [[Qatar#Português|Qatar]]
==Ver também==
===No Wikcionário===
{{Ásia/az}}
[[Categoria:Substantivo (Azerbaijano)]]
[[Categoria:Dissílabo (Azerbaijano)]]
[[Categoria:Entrada com imagem (Azerbaijano)]]
={{-eu-}}=
==Substantivo==
'''Qa.tar''', {{gramática|pr}}
# {{escopo|eu|País}} [[Qatar#Português|Qatar]]
==Ver também==
===No Wikcionário===
{{Ásia/eu}}
[[Categoria:Substantivo (Basco)]]
[[Categoria:Dissílabo (Basco)]]
[[Categoria:Entrada com imagem (Basco)]]
={{-bcl-}}=
==Substantivo==
'''Qatar''', {{gramática|pr}}
# {{escopo|bcl|País}} [[Qatar#Português|Qatar]]
==Ver também==
===No Wikcionário===
{{Ásia/bcl}}
[[Categoria:Substantivo (Bicolano Central)]]
[[Categoria:Entrada com imagem (Bicolano Central)]]
={{-br-}}=
==Substantivo==
'''Qa.tar''', {{gramática|pr}}
# {{escopo|br|País}} [[Qatar#Português|Qatar]]
==Ver também==
===No Wikcionário===
{{Ásia/br}}
[[Categoria:Substantivo (Bretão)]]
[[Categoria:Dissílabo (Bretão)]]
[[Categoria:Entrada com imagem (Bretão)]]
={{-bug-}}=
==Substantivo==
'''Qatar''', {{gramática|pr}}
# {{escopo|bug|País}} [[Qatar#Português|Qatar]]
==Ver também==
===No Wikcionário===
{{Ásia/bug}}
[[Categoria:Substantivo (Buginês)]]
[[Categoria:Entrada com imagem (Buginês)]]
={{-kaa-}}=
==Substantivo==
'''Qatar''', {{gramática|pr}}
# {{escopo|kaa|País}} [[Qatar#Português|Qatar]]
==Ver também==
===No Wikcionário===
{{Ásia/kaa}}
[[Categoria:Substantivo (Caracalpaque)]]
[[Categoria:Entrada com imagem (Caracalpaque)]]
={{-ca-}}=
==Substantivo==
'''Qa.tar''', {{gramática|pr}}
# {{escopo|ca|País}} [[Qatar#Português|Qatar]]
==Ver também==
===No Wikcionário===
{{Ásia/ca}}
[[Categoria:Substantivo (Catalão)]]
[[Categoria:Dissílabo (Catalão)]]
[[Categoria:Entrada com imagem (Catalão)]]
={{-sn-}}=
==Substantivo==
'''Qatar''', {{gramática|pr}}
# {{escopo|sn|País}} [[Qatar#Português|Qatar]]
==Ver também==
===No Wikcionário===
{{Ásia/sn}}
[[Categoria:Substantivo (Chona)]]
[[Categoria:Entrada com imagem (Chona)]]
={{-da-}}=
==Substantivo==
'''Qa.tar''', {{gramática|pr}}
# {{escopo|da|País}} [[Qatar#Português|Qatar]]
==Ver também==
===No Wikcionário===
{{Ásia/da}}
[[Categoria:Substantivo (Dinamarquês)]]
[[Categoria:Dissílabo (Dinamarquês)]]
[[Categoria:Entrada com imagem (Dinamarquês)]]
={{-sco-}}=
==Substantivo==
'''Qatar''', {{gramática|pr}}
# {{escopo|sco|País}} [[Qatar#Português|Qatar]]
==Ver também==
===No Wikcionário===
{{Ásia/sco}}
[[Categoria:Substantivo (Escocês)]]
[[Categoria:Entrada com imagem (Escocês)]]
={{-es-}}=
==Substantivo==
{{oxítona|Qa|tar|lang=es}} {{rubrica|s|pr}}
# {{escopo|es|País}} [[Catar#Português|Catar]]
===Verbetes derivados===
* [[qatarí]]
=={{pronúncia|es}}==
* [[AFI]]: {{AFI|/ka.'tar/}}
* [[X-SAMPA]]: /ka.&quot;tar/
==Ver também==
===No Wikcionário===
{{Ásia/es}}
[[Categoria:Substantivo (Espanhol)]]
[[Categoria:Dissílabo (Espanhol)]]
[[Categoria:Oxítona (Espanhol)]]
[[Categoria:Entrada com imagem (Espanhol)]]
={{-fi-}}=
==Substantivo==
'''Qa.tar''', {{gramática|pr}}
# {{escopo|fi|País}} [[Qatar#Português|Qatar]]
==Ver também==
===No Wikcionário===
{{Ásia/fi}}
[[Categoria:Substantivo (Finlandês)]]
[[Categoria:Dissílabo (Finlandês)]]
[[Categoria:Entrada com imagem (Finlandês)]]
={{-vls-}}=
==Substantivo==
'''Qatar''', {{gramática|pr}}
# {{escopo|vls|País}} [[Qatar#Português|Qatar]]
==Ver também==
===No Wikcionário===
{{Ásia/vls}}
[[Categoria:Substantivo (Flamengo)]]
[[Categoria:Entrada com imagem (Flamengo)]]
={{-fr-}}=
==Substantivo==
{{oxítona|Qa|tar|lang=fr}} {{rubrica|ms|pr}}
# {{escopo|fr|País}} [[Catar#Português|Catar]]
===Verbetes derivados===
* [[qatari]]/[[Qatari]]
=={{pronúncia|fr}}==
* [[AFI]]: {{AFI|/ka.'taʁ/}}
* [[X-SAMPA]]: /ka.&quot;taR/
==Ver também==
===No Wikcionário===
{{Ásia/fr}}
[[Categoria:Substantivo (Francês)]]
[[Categoria:Dissílabo (Francês)]]
[[Categoria:Oxítona (Francês)]]
[[Categoria:Entrada com imagem (Francês)]]
={{-frp-}}=
==Substantivo==
'''Qatar''', {{gramática|pr}}
# {{escopo|frp|País}} [[Qatar#Português|Qatar]]
==Ver também==
===No Wikcionário===
{{Ásia/frp}}
[[Categoria:Substantivo (Franco-Provençal)]]
[[Categoria:Entrada com imagem (Franco-Provençal)]]
={{-gl-}}=
==Substantivo==
'''Qa.tar''', {{gramática|pr}}
# {{escopo|gl|País}} [[Qatar#Português|Qatar]]
==Ver também==
===No Wikcionário===
{{Ásia/gl}}
[[Categoria:Substantivo (Galego)]]
[[Categoria:Dissílabo (Galego)]]
[[Categoria:Entrada com imagem (Galego)]]
={{-cy-}}=
==Substantivo==
'''Qatar''', {{gramática|pr}}
# {{escopo|cy|País}} [[Qatar#Português|Qatar]]
==Ver também==
===No Wikcionário===
{{Ásia/cy}}
[[Categoria:Substantivo (Galês)]]
[[Categoria:Entrada com imagem (Galês)]]
={{-kl-}}=
==Substantivo==
'''Qatar''', {{gramática|pr}}
# {{escopo|kl|País}} [[Qatar#Português|Qatar]]
==Ver também==
===No Wikcionário===
{{Ásia/kl}}
[[Categoria:Substantivo (Groenlandês)]]
[[Categoria:Entrada com imagem (Groenlandês)]]
={{-hak-}}=
==Substantivo==
'''Qatar''', {{gramática|pr}}
# {{escopo|hak|País}} [[Qatar#Português|Qatar]]
==Ver também==
===No Wikcionário===
{{Ásia/hak}}
[[Categoria:Substantivo (Hakka)]]
[[Categoria:Entrada com imagem (Hakka)]]
={{-ha-}}=
==Substantivo==
'''Qatar''', {{gramática|pr}}
# {{escopo|ha|País}} [[Qatar#Português|Qatar]]
==Ver também==
===No Wikcionário===
{{Ásia/ha}}
[[Categoria:Substantivo (Hauçá)]]
[[Categoria:Entrada com imagem (Hauçá)]]
={{-hif-}}=
==Substantivo==
'''Qatar''', {{gramática|pr}}
# {{escopo|hif|País}} [[Qatar#Português|Qatar]]
==Ver também==
===No Wikcionário===
{{Ásia/hif}}
[[Categoria:Substantivo (Hindi Fijiano)]]
[[Categoria:Entrada com imagem (Hindi Fijiano)]]
={{-nl-}}=
==Substantivo==
'''Qa.tar''' {{n}},, {{gramática|pr}}
# {{escopo|nl|País}} [[Qatar#Português|Qatar]]
==Ver também==
===No Wikcionário===
{{Ásia/nl}}
[[Categoria:Substantivo (Holandês)]]
[[Categoria:Dissílabo (Holandês)]]
[[Categoria:Entrada com imagem (Holandês)]]
={{-id-}}=
==Substantivo==
'''Qa.tar''', {{gramática|pr}}
# {{escopo|id|País}} [[Qatar#Português|Qatar]]
==Ver também==
===No Wikcionário===
{{Ásia/id}}
[[Categoria:Substantivo (Indonésio)]]
[[Categoria:Dissílabo (Indonésio)]]
[[Categoria:Entrada com imagem (Indonésio)]]
={{-en-}}=
==Substantivo==
'''Qa.tar''', {{gramática|pr}}
# {{escopo|en|País}} [[Qatar#Português|Qatar]]
==={{-varort-}}===
* [[Katar]]
===Verbetes derivados===
* [[Qatari]]
==Ver também==
===No Wikcionário===
{{Ásia/en}}
[[Categoria:Substantivo (Inglês)]]
[[Categoria:Dissílabo (Inglês)]]
[[Categoria:Entrada com imagem (Inglês)]]
={{-ang-}}=
==Substantivo==
'''Qa.tar''', {{gramática|pr}}
# {{escopo|ang|País}} [[Qatar#Português|Qatar]]
==Ver também==
===No Wikcionário===
{{Ásia/ang}}
[[Categoria:Substantivo (Inglês Antigo)]]
[[Categoria:Dissílabo (Inglês Antigo)]]
[[Categoria:Entrada com imagem (Inglês Antigo)]]
={{-ia-}}=
==Substantivo==
'''Qa.tar''', {{gramática|pr}}
# {{escopo|ia|País}} [[Qatar#Português|Qatar]]
==Ver também==
===No Wikcionário===
{{Ásia/ia}}
[[Categoria:Substantivo (Interlíngua)]]
[[Categoria:Dissílabo (Interlíngua)]]
[[Categoria:Entrada com imagem (Interlíngua)]]
={{-it-}}=
==Substantivo==
'''Qa.tar''', {{gramática|pr}}
# {{escopo|it|País}} [[Qatar#Português|Qatar]]
==Ver também==
===No Wikcionário===
{{Ásia/it}}
[[Categoria:Substantivo (Italiano)]]
[[Categoria:Dissílabo (Italiano)]]
[[Categoria:Entrada com imagem (Italiano)]]
={{-jv-}}=
==Substantivo==
'''Qatar''', {{gramática|pr}}
# {{escopo|jv|País}} [[Qatar#Português|Qatar]]
==Ver também==
===No Wikcionário===
{{Ásia/jv}}
[[Categoria:Substantivo (Javanês)]]
[[Categoria:Entrada com imagem (Javanês)]]
={{-ee-}}=
==Substantivo==
'''Qatar''', {{gramática|pr}}
# {{escopo|ee|País}} [[Qatar#Português|Qatar]]
==Ver também==
===No Wikcionário===
{{Ásia/ee}}
[[Categoria:Substantivo (Jeje)]]
[[Categoria:Entrada com imagem (Jeje)]]
={{-kg-}}=
==Substantivo==
'''Qatar''', {{gramática|pr}}
# {{escopo|kg|País}} [[Qatar#Português|Qatar]]
==Ver também==
===No Wikcionário===
{{Ásia/kg}}
[[Categoria:Substantivo (Kikongo)]]
[[Categoria:Entrada com imagem (Kikongo)]]
={{-ki-}}=
==Substantivo==
'''Qatar''', {{gramática|pr}}
# {{escopo|ki|País}} [[Qatar#Português|Qatar]]
==Ver também==
===No Wikcionário===
{{Ásia/ki}}
[[Categoria:Substantivo (Kikuyo)]]
[[Categoria:Entrada com imagem (Kikuyo)]]
={{-lij-}}=
==Substantivo==
'''Qa.tar''', {{gramática|pr}}
# {{escopo|lij|País}} [[Qatar#Português|Qatar]]
==Ver também==
===No Wikcionário===
{{Ásia/lij}}
[[Categoria:Substantivo (Liguriano)]]
[[Categoria:Dissílabo (Liguriano)]]
[[Categoria:Entrada com imagem (Liguriano)]]
={{-li-}}=
==Substantivo==
'''Qatar''', {{gramática|pr}}
# {{escopo|li|País}} [[Qatar#Português|Qatar]]
==={{-varort-}}===
* [[Kèttaar]]
==Ver também==
===No Wikcionário===
{{Ásia/li}}
[[Categoria:Substantivo (Limburguês)]]
[[Categoria:Entrada com imagem (Limburguês)]]
={{-lmo-}}=
==Substantivo==
'''Qatar''', {{gramática|pr}}
# {{escopo|lmo|País}} [[Qatar#Português|Qatar]]
==Ver também==
===No Wikcionário===
{{Ásia/lmo}}
[[Categoria:Substantivo (Lombardo)]]
[[Categoria:Entrada com imagem (Lombardo)]]
={{-ms-}}=
==Substantivo==
'''Qa.tar''', {{gramática|pr}}
# {{escopo|ms|País}} [[Qatar#Português|Qatar]]
==Ver também==
===No Wikcionário===
{{Ásia/ms}}
[[Categoria:Substantivo (Malaio)]]
[[Categoria:Dissílabo (Malaio)]]
[[Categoria:Entrada com imagem (Malaio)]]
={{-mt-}}=
==Substantivo==
'''Qatar''', {{gramática|pr}}
# {{escopo|mt|País}} [[Qatar#Português|Qatar]]
==Ver também==
===No Wikcionário===
{{Ásia/mt}}
[[Categoria:Substantivo (Maltês)]]
[[Categoria:Entrada com imagem (Maltês)]]
={{-cdo-}}=
==Substantivo==
'''Qatar''', {{gramática|pr}}
# {{escopo|cdo|País}} [[Qatar#Português|Qatar]]
==Ver também==
===No Wikcionário===
{{Ásia/cdo}}
[[Categoria:Substantivo (Min Dong)]]
[[Categoria:Entrada com imagem (Min Dong)]]
={{-nan-}}=
==Substantivo==
'''Qa.tar''', {{gramática|pr}}
# {{escopo|nan|País}} [[Qatar#Português|Qatar]]
==Ver também==
===No Wikcionário===
{{Ásia/nan}}
[[Categoria:Substantivo (Min Nan)]]
[[Categoria:Dissílabo (Min Nan)]]
[[Categoria:Entrada com imagem (Min Nan)]]
={{-min-}}=
==Substantivo==
'''Qatar''', {{gramática|pr}}
# {{escopo|min|País}} [[Qatar#Português|Qatar]]
==Ver também==
===No Wikcionário===
{{Ásia/min}}
[[Categoria:Substantivo (Minangkabau)]]
[[Categoria:Entrada com imagem (Minangkabau)]]
={{-na-}}=
==Substantivo==
'''Qatar''', {{gramática|pr}}
# {{escopo|na|País}} [[Qatar#Português|Qatar]]
==Ver também==
===No Wikcionário===
{{Ásia/na}}
[[Categoria:Substantivo (Nauruano)]]
[[Categoria:Entrada com imagem (Nauruano)]]
={{-no-}}=
==Substantivo==
'''Qa.tar''', {{gramática|pr}}
# {{escopo|no|País}} [[Qatar#Português|Qatar]]
===Verbetes derivados===
* [[qatarer]]
* [[qatarsk]]
==Ver também==
===No Wikcionário===
{{Ásia/no}}
[[Categoria:Substantivo (Norueguês)]]
[[Categoria:Dissílabo (Norueguês)]]
[[Categoria:Entrada com imagem (Norueguês)]]
={{-nn-}}=
==Substantivo==
'''Qa.tar''', {{gramática|pr}}
# {{escopo|nn|País}} [[Qatar#Português|Qatar]]
==Ver também==
===No Wikcionário===
{{Ásia/nn}}
[[Categoria:Substantivo (Novo Norueguês)]]
[[Categoria:Dissílabo (Novo Norueguês)]]
[[Categoria:Entrada com imagem (Novo Norueguês)]]
={{-oc-}}=
==Substantivo==
'''Qa.tar''', {{gramática|pr}}
# {{escopo|oc|País}} [[Qatar#Português|Qatar]]
==Ver também==
===No Wikcionário===
{{Ásia/oc}}
[[Categoria:Substantivo (Occitano)]]
[[Categoria:Dissílabo (Occitano)]]
[[Categoria:Entrada com imagem (Occitano)]]
={{-pam-}}=
==Substantivo==
'''Qa.tar''', {{gramática|pr}}
# {{escopo|pam|País}} [[Qatar#Português|Qatar]]
==Ver também==
===No Wikcionário===
{{Ásia/pam}}
[[Categoria:Substantivo (Pampangan)]]
[[Categoria:Dissílabo (Pampangan)]]
[[Categoria:Entrada com imagem (Pampangan)]]
={{-pms-}}=
==Substantivo==
'''Qa.tar''', {{gramática|pr}}
# {{escopo|pms|País}} [[Qatar#Português|Qatar]]
==Ver também==
===No Wikcionário===
{{Ásia/pms}}
[[Categoria:Substantivo (Piemontês)]]
[[Categoria:Dissílabo (Piemontês)]]
[[Categoria:Entrada com imagem (Piemontês)]]
={{-qu-}}=
==Substantivo==
'''Qa.tar''', {{gramática|pr}}
# {{escopo|qu|País}} [[Qatar#Português|Qatar]]
==Ver também==
===No Wikcionário===
{{Ásia/qu}}
[[Categoria:Substantivo (Quéchua)]]
[[Categoria:Dissílabo (Quéchua)]]
[[Categoria:Entrada com imagem (Quéchua)]]
={{-ro-}}=
==Substantivo==
'''Qa.tar''', {{gramática|pr}}
# {{escopo|ro|País}} [[Qatar#Português|Qatar]]
==={{-varort-}}===
* '''Alfabeto cirílico''':  {{escopo2|moldavo}}  {{l.s.|Катар|{{mo}}}} ''(Somente na Transnístria)''
==Ver também==
===No Wikcionário===
{{Ásia/ro}}
[[Categoria:Substantivo (Romeno)]]
[[Categoria:Dissílabo (Romeno)]]
[[Categoria:Entrada com imagem (Romeno)]]
={{-se-}}=
==Substantivo==
'''Qa.tar''', {{gramática|pr}}
# {{escopo|se|País}} [[Qatar#Português|Qatar]]
==Ver também==
===No Wikcionário===
{{Ásia/se}}
[[Categoria:Substantivo (Sami Setentrional)]]
[[Categoria:Dissílabo (Sami Setentrional)]]
[[Categoria:Entrada com imagem (Sami Setentrional)]]
={{-scn-}}=
==Substantivo==
'''Qatar''', {{gramática|pr}}
# {{escopo|scn|País}} [[Qatar#Português|Qatar]]
==Ver também==
===No Wikcionário===
{{Ásia/scn}}
[[Categoria:Substantivo (Siciliano)]]
[[Categoria:Entrada com imagem (Siciliano)]]
={{-so-}}=
==Substantivo==
'''Qatar''', {{gramática|pr}}
# {{escopo|so|País}} [[Qatar#Português|Qatar]]
==Ver também==
===No Wikcionário===
{{Ásia/so}}
[[Categoria:Substantivo (Somali)]]
[[Categoria:Entrada com imagem (Somali)]]
={{-sw-}}=
==Substantivo==
'''Qa.tar''', {{gramática|pr}}
# {{escopo|sw|País}} [[Qatar#Português|Qatar]]
==Ver também==
===No Wikcionário===
{{Ásia/sw}}
[[Categoria:Substantivo (Suaíli)]]
[[Categoria:Dissílabo (Suaíli)]]
[[Categoria:Entrada com imagem (Suaíli)]]
={{-sv-}}=
==Substantivo==
'''Qa.tar''' {{n}},, {{gramática|pr}}
# {{escopo|sv|País}} [[Qatar#Português|Qatar]]
==Ver também==
===No Wikcionário===
{{Ásia/sv}}
[[Categoria:Substantivo (Sueco)]]
[[Categoria:Dissílabo (Sueco)]]
[[Categoria:Entrada com imagem (Sueco)]]
={{-su-}}=
==Substantivo==
'''Qatar''', {{gramática|pr}}
# {{escopo|su|País}} [[Qatar#Português|Qatar]]
==Ver também==
===No Wikcionário===
{{Ásia/su}}
[[Categoria:Substantivo (Sundanês)]]
[[Categoria:Entrada com imagem (Sundanês)]]
={{-tl-}}=
==Substantivo==
'''Qa.tar''', {{gramática|pr}}
# {{escopo|tl|País}} [[Qatar#Português|Qatar]]
==Ver também==
===No Wikcionário===
{{Ásia/tl}}
[[Categoria:Substantivo (Tagalo)]]
[[Categoria:Dissílabo (Tagalo)]]
[[Categoria:Entrada com imagem (Tagalo)]]
={{-crh-}}=
==Substantivo==
'''Qatar''', {{gramática|pr}}
# {{escopo|crh|País}} [[Qatar#Português|Qatar]]
==Ver também==
===No Wikcionário===
{{Ásia/crh}}
[[Categoria:Substantivo (Tártaro da Crimeia)]]
[[Categoria:Entrada com imagem (Tártaro da Crimeia)]]
={{-tpi-}}=
==Substantivo==
'''Qatar''', {{gramática|pr}}
# {{escopo|tpi|País}} [[Qatar#Português|Qatar]]
==Ver também==
===No Wikcionário===
{{Ásia/tpi}}
[[Categoria:Substantivo (Tok Pisin)]]
[[Categoria:Entrada com imagem (Tok Pisin)]]
={{-tum-}}=
==Substantivo==
'''Qatar''', {{gramática|pr}}
# {{escopo|tum|País}} [[Qatar#Português|Qatar]]
==Ver também==
===No Wikcionário===
{{Ásia/tum}}
[[Categoria:Substantivo (Tumbuca)]]
[[Categoria:Entrada com imagem (Tumbuca)]]
={{-ug-}}=
==Substantivo==
'''Qa.tar''', {{gramática|pr}}
# {{escopo|ug|País}} [[Qatar#Português|Qatar]]
==Ver também==
===No Wikcionário===
{{Ásia/ug}}
[[Categoria:Substantivo (Uigure)]]
[[Categoria:Dissílabo (Uigure)]]
[[Categoria:Entrada com imagem (Uigure)]]
={{-uz-}}=
==Substantivo==
'''Qa.tar''', {{gramática|pr}}
# {{escopo|uz|País}} [[Qatar#Português|Qatar]]
==Ver também==
===No Wikcionário===
{{Ásia/uz}}
[[Categoria:Substantivo (Uzbeque)]]
[[Categoria:Dissílabo (Uzbeque)]]
[[Categoria:Entrada com imagem (Uzbeque)]]
={{-vec-}}=
==Substantivo==
'''Qatar''', {{gramática|pr}}
# {{escopo|vec|País}} [[Qatar#Português|Qatar]]
==Ver também==
===No Wikcionário===
{{Ásia/vec}}
[[Categoria:Substantivo (Vêneto)]]
[[Categoria:Entrada com imagem (Vêneto)]]
={{-vi-}}=
==Substantivo==
'''Qa.tar''', {{gramática|pr}}
# {{escopo|vi|País}} [[Qatar#Português|Qatar]]
==Ver também==
===No Wikcionário===
{{Ásia/vi}}
[[Categoria:Substantivo (Vietnamita)]]
[[Categoria:Dissílabo (Vietnamita)]]
[[Categoria:Entrada com imagem (Vietnamita)]]
={{-war-}}=
==Substantivo==
'''Qatar''', {{gramática|pr}}
# {{escopo|war|País}} [[Qatar#Português|Qatar]]
==Ver também==
===No Wikcionário===
{{Ásia/war}}
[[Categoria:Substantivo (Waray-Waray)]]
[[Categoria:Entrada com imagem (Waray-Waray)]]
={{-zea-}}=
==Substantivo==
'''Qatar''', {{gramática|pr}}
# {{escopo|zea|País}} [[Qatar#Português|Qatar]]
==Ver também==
===No Wikcionário===
{{Ásia/zea}}
[[Categoria:Substantivo (Zelandês)]]
[[Categoria:Entrada com imagem (Zelandês)]]
={{-za-}}=
==Substantivo==
'''Qatar''', {{gramática|pr}}
# {{escopo|za|País}} [[Qatar#Português|Qatar]]
==Ver também==
===No Wikcionário===
{{Ásia/za}}
[[Categoria:Substantivo (Zhuang)]]
[[Categoria:Entrada com imagem (Zhuang)]]</text>
<sha1>e9flblw6fvol3a8l6xvcsebxozdrfrb</sha1>
</revision>
</page>
