<page>
<page>
<title>qawsalla</title>
<ns>0</ns>
<id>184713</id>
<revision>
<id>2396552</id>
<parentid>2134227</parentid>
<timestamp>2017-05-13T10:53:06Z</timestamp>
<contributor>
<username>HydrizBot</username>
<id>29590</id>
</contributor>
<minor />
<comment>Robô: A limpar links interwikis antigos</comment>
<model>wikitext</model>
<format>text/x-wiki</format>
<text bytes="124" xml:space="preserve">={{-mt-}}=
{{Wikipédia|lang=mt}}
==Substantivo==
'''qawsalla''', {{f}}
#[[arco-íris]]
[[Categoria:Substantivo (Maltês)]]</text>
<sha1>0sz4yd33yli1zt6o686k8102hkfsv5o</sha1>
</revision>
