<page>
<page>
<title>qayda</title>
<ns>0</ns>
<id>98109</id>
<revision>
<id>2396553</id>
<parentid>2134226</parentid>
<timestamp>2017-05-13T10:53:09Z</timestamp>
<contributor>
<username>HydrizBot</username>
<id>29590</id>
</contributor>
<minor />
<comment>Robô: A limpar links interwikis antigos</comment>
<model>wikitext</model>
<format>text/x-wiki</format>
<text bytes="579" xml:space="preserve">={{-tt-}}=
==Advérbio==
'''qay.da'''
# [[onde]], [[em]] [[que]] [[lugar]].
[[Categoria:Advérbio (Tártaro)]]
[[Categoria:Dissílabo (Tártaro)]]
={{-crh-}}=
==Advérbio==
'''qay.da'''
# [[onde]], [[em]] [[que]] [[lugar]]:
#: ''Olar '''qayda'''[[?]]'' &lt;small&gt;(Onde [[eles#Pronome|eles]] [[estar#Verbo|estão]]?)&lt;/small&gt;
===Sinónimos===
* [[qayerde]]
=={{pronúncia}}==
* [[AFI]]: {{AFI|/qay.da/}}
* [[X-SAMPA]]: /qay.da/
[[Categoria:Advérbio (Tártaro da Crimeia)]]
[[Categoria:Dissílabo (Tártaro da Crimeia)]]
[[Categoria:Entrada com pronúncia (Tártaro da Crimeia)]]</text>
<sha1>i5mm0jjpheefa5nserziyt6b6obg3fl</sha1>
</revision>
