<page>
<page>
<title>qayerde</title>
<ns>0</ns>
<id>98110</id>
<revision>
<id>2396554</id>
<parentid>2051598</parentid>
<timestamp>2017-05-13T10:53:11Z</timestamp>
<contributor>
<username>HydrizBot</username>
<id>29590</id>
</contributor>
<minor />
<comment>Robô: A limpar links interwikis antigos</comment>
<model>wikitext</model>
<format>text/x-wiki</format>
<text bytes="355" xml:space="preserve">={{-crh-}}=
==Advérbio==
'''qa.yer.de'''
# [[onde]], [[em]] [[que]] [[lugar]].
===Sinónimos===
* [[qayda#{{crh}}|qayda]]
=={{pronúncia}}==
* [[AFI]]: {{AFI|/qa.yer.de/}}
* [[X-SAMPA]]: /qa.yer.de/
[[Categoria:Advérbio (Tártaro da Crimeia)]]
[[Categoria:Trissílabo (Tártaro da Crimeia)]]
[[Categoria:Entrada com pronúncia (Tártaro da Crimeia)]]</text>
<sha1>c3yvirtkososq9u1pxyrfze4b804m9d</sha1>
</revision>
