<page>
<title>qaz</title>
<ns>0</ns>
<id>310191</id>
<revision>
<id>2396555</id>
<parentid>2134225</parentid>
<timestamp>2017-05-13T10:53:15Z</timestamp>
<contributor>
<username>HydrizBot</username>
<id>29590</id>
</contributor>
<minor />
<comment>Robô: A limpar links interwikis antigos</comment>
<model>wikitext</model>
<format>text/x-wiki</format>
<text bytes="165" xml:space="preserve">={{-az-}}=
==Substantivo==
'''qaz'''
# [[ganso]] (ave do género ''Anser'')
{{página-automática|Fevereiro|2013|ganso|az}}
[[Categoria:Substantivo (Azerbaijano)]]</text>
<sha1>4k4rknhcvmleph6x9gj788b20ewtcek</sha1>
</revision>
</page>
