<page>
<title>Qazahistan</title>
<ns>0</ns>
<id>407048</id>
<revision>
<id>2536750</id>
<timestamp>2019-02-18T10:15:43Z</timestamp>
<contributor>
<username>ValJor</username>
<id>1358</id>
</contributor>
<comment>Criação do verbete a partir da [[Especial:Páginas_pedidas|lista de palavras pedidas]]</comment>
<model>wikitext</model>
<format>text/x-wiki</format>
<text bytes="478" xml:space="preserve">{{Wikipédia|lang=crh}}
[[Imagem:Flag of Kazakhstan.svg|thumb|right|250px|&lt;center&gt;Bandeira do Cazaquistão&lt;/center&gt;]]
[[Imagem:LocationKazakhstan.png|thumb|right|250px|&lt;center&gt;Localização do Cazaquistão&lt;/center&gt;]]
={{-crh-}}=
==Substantivo==
'''Qazahistan''', {{gramática|pr}}
# {{escopo|crh|País}} [[Cazaquistão]]
==Ver também==
===No Wikcionário===
{{Ásia/crh}}
[[Categoria:Substantivo (Tártaro da Crimeia)]]
[[Categoria:Entrada com imagem (Tártaro da Crimeia)]]</text>
<sha1>lgv114jlep8b83exwlqknx7yp0z2yu8</sha1>
</revision>
</page>
