<page>
<page>
<title>qelb</title>
<ns>0</ns>
<id>227859</id>
<revision>
<id>2518040</id>
<parentid>2396556</parentid>
<timestamp>2018-09-08T10:16:36Z</timestamp>
<contributor>
<username>ValJor</username>
<id>1358</id>
</contributor>
<comment>Confirmando [[:Categoria:!Entrada criada por robô|verbete criado por robô]]</comment>
<model>wikitext</model>
<format>text/x-wiki</format>
<text bytes="119" xml:space="preserve">={{-ku-}}=
==Substantivo==
'''qelb'''
# [[coração]]
[[Categoria:Substantivo (Curdo)]]
[[Categoria:Anatomia (Curdo)]]</text>
<sha1>cz3l74utvb8pxke70xsanm4nqvg7jfc</sha1>
</revision>
