<page>
<page>
<title>qelbanik</title>
<ns>0</ns>
<id>76930</id>
<revision>
<id>2396557</id>
<parentid>2134223</parentid>
<timestamp>2017-05-13T10:53:19Z</timestamp>
<contributor>
<username>HydrizBot</username>
<id>29590</id>
</contributor>
<minor />
<comment>Robô: A limpar links interwikis antigos</comment>
<model>wikitext</model>
<format>text/x-wiki</format>
<text bytes="87" xml:space="preserve">={{-sq-}}=
== Adjetivo ==
'''qelbanik''' 
# [[sujo]]
[[Categoria:Adjetivo (Albanês)]]</text>
<sha1>4q4kk8u5yaesa3s8pg56axlaivyuqhr</sha1>
</revision>
