<page>
<title>qeliza</title>
<ns>0</ns>
<id>235421</id>
<revision>
<id>2479429</id>
<parentid>2396558</parentid>
<timestamp>2018-01-22T18:15:11Z</timestamp>
<contributor>
<username>ValJor</username>
<id>1358</id>
</contributor>
<comment>Confirmando [[:Categoria:!Entrada criada por robô|verbete criado por robô]]</comment>
<model>wikitext</model>
<format>text/x-wiki</format>
<text bytes="149" xml:space="preserve">{{Wikipédia|lang=sq}}
={{-sq-}}=
==Substantivo==
'''qeliza'''
# [[célula]]
[[Categoria:Substantivo (Albanês)]]
[[Categoria:Biologia (Albanês)]]</text>
<sha1>rgcol4ku3yw9ktq82icbd11dtizt225</sha1>
</revision>
</page>
