<page>
<title>qemer</title>
<ns>0</ns>
<id>103092</id>
<revision>
<id>2396559</id>
<parentid>2134222</parentid>
<timestamp>2017-05-13T10:53:23Z</timestamp>
<contributor>
<username>HydrizBot</username>
<id>29590</id>
</contributor>
<minor />
<comment>Robô: A limpar links interwikis antigos</comment>
<model>wikitext</model>
<format>text/x-wiki</format>
<text bytes="539" xml:space="preserve">={{-ku-}}=
==Substantivo==
'''qemer''' 
# [[lua]]
===Sinônimos===
{{verTambém.Ini}}
* [[heyv]]
{{verTambém.NovaColuna}}
* [[hîv]]
{{verTambém.Fim}}
==Ver também==
===No Wikcionário===
{{verTambém.Ini}}
* [[bahoz]]
* [[baran]]
* [[barîn]]
* [[berf]]
{{verTambém.NovaColuna}}
* [[berfîn]]
* [[ewr]]
* [[gijlok]]
* [[heyv]]
{{verTambém.NovaColuna}}
* [[hîv]]
* [[roj]]
* [[seet]]
{{verTambém.NovaColuna}}
* [[şev]]
* [[stêra]]
* [[terg]]
{{verTambém.Fim}}
[[Categoria:Substantivo (Curdo)]]
[[Categoria:Astronomia (Curdo)]]</text>
<sha1>bga48kemzfyr022nccllll2rm6f5wt1</sha1>
</revision>
</page>
