<page>
<title>qershori</title>
<ns>0</ns>
<id>234880</id>
<revision>
<id>2396563</id>
<parentid>2151721</parentid>
<timestamp>2017-05-13T10:53:35Z</timestamp>
<contributor>
<username>HydrizBot</username>
<id>29590</id>
</contributor>
<minor />
<comment>Robô: A limpar links interwikis antigos</comment>
<model>wikitext</model>
<format>text/x-wiki</format>
<text bytes="173" xml:space="preserve">={{-sq-}}=
==Substantivo==
'''qershori'''
# [[junho]]
==Ver também==
===No Wikcionário===
{{meses/sq}}
[[Categoria:Substantivo (Albanês)]]
[[Categoria:Mês (Albanês)]]</text>
<sha1>9615ecqjmqt0swvxhoqng89hfoqnpsk</sha1>
</revision>
</page>
