<page>
<title>qeyran</title>
<ns>0</ns>
<id>309302</id>
<revision>
<id>2518012</id>
<parentid>2396564</parentid>
<timestamp>2018-09-08T01:44:47Z</timestamp>
<contributor>
<username>ValJor</username>
<id>1358</id>
</contributor>
<comment>Confirmando [[:Categoria:!Entrada criada por robô|verbete criado por robô]]</comment>
<model>wikitext</model>
<format>text/x-wiki</format>
<text bytes="86" xml:space="preserve">={{-ku-}}=
==Substantivo==
'''qeyran'''
# [[crise]]
[[Categoria:Substantivo (Curdo)]]</text>
<sha1>pjvbhkiur4jecmselbdl8bz4qmzdmjx</sha1>
</revision>
</page>
