<page>
<page>
<title>QG</title>
<ns>0</ns>
<id>342350</id>
<revision>
<id>2277384</id>
<parentid>2184782</parentid>
<timestamp>2017-04-27T00:07:42Z</timestamp>
<contributor>
<username>HydrizBot</username>
<id>29590</id>
</contributor>
<minor />
<comment>Robô: A limpar links interwikis antigos</comment>
<model>wikitext</model>
<format>text/x-wiki</format>
<text bytes="429" xml:space="preserve">={{-pt-}}=
==Sigla==
'''QG'''
# {{escopo|pt|Militar|Arquitetura}} [[quartel-general]]
#* ''Os ninjas não achavam nada, então, voltaram para o '''QG'''.''
===Tradução===
{{tradini}}
* {{trad|fr|QG}}
{{tradmeio}}
* {{trad|en|HQ}}
{{tradfim}}
==Ver também==
===No Wikcionário===
{{verTambém.Ini}}
* [[EB]]
* [[EP]]
* [[PM]]
{{verTambém.NovaColuna}}
* [[qsp]]
* [[Q.I.]]
{{verTambém.Fim}}
[[Categoria:Sigla (Português)]]</text>
<sha1>l7krqrboo8z7lh00ifotxn5hcvdpjri</sha1>
</revision>
