<page>
<page>
<title>qharqayuy</title>
<ns>0</ns>
<id>231025</id>
<revision>
<id>2494164</id>
<parentid>2396567</parentid>
<timestamp>2018-04-05T19:38:24Z</timestamp>
<contributor>
<username>ValJor</username>
<id>1358</id>
</contributor>
<comment>Confirmando [[:Categoria:!Entrada criada por robô|verbete criado por robô]]</comment>
<model>wikitext</model>
<format>text/x-wiki</format>
<text bytes="150" xml:space="preserve">{{Wikipédia|lang=qu}}
={{-qu-}}=
==Substantivo==
'''qharqayuy'''
# [[asma]]
[[Categoria:Substantivo (Quéchua)]]
[[Categoria:Patologia (Quéchua)]]</text>
<sha1>4j3gs1t0qxrphg90f30kd7r6clrkor7</sha1>
</revision>
