<page>
<page>
<title>QI</title>
<ns>0</ns>
<id>342429</id>
<revision>
<id>2602060</id>
<parentid>2277385</parentid>
<timestamp>2020-11-15T10:08:51Z</timestamp>
<contributor>
<username>ValJor</username>
<id>1358</id>
</contributor>
<minor />
<comment>Acrescentando código de língua à [[:Categoria:!Página com mensagem de erro em predefinição|predefinição escopo]]</comment>
<model>wikitext</model>
<format>text/x-wiki</format>
<text bytes="130" xml:space="preserve">={{-pt-}}=
==Sigla==
'''QI'''
# o mesmo que '''[[Q.I.]]'''
# {{escopo|pt|Coloquial}} quem indica
[[Categoria:Sigla (Português)]]</text>
<sha1>c0sy8f6vtm870r99hxt53l592o0vwyn</sha1>
</revision>
