<page>
<page>
<title>Qibris</title>
<ns>0</ns>
<id>402705</id>
<revision>
<id>2525100</id>
<timestamp>2018-11-04T12:36:01Z</timestamp>
<contributor>
<username>ValJor</username>
<id>1358</id>
</contributor>
<comment>Criação do verbete a partir da [[Especial:Páginas_pedidas|lista de palavras pedidas]]</comment>
<model>wikitext</model>
<format>text/x-wiki</format>
<text bytes="454" xml:space="preserve">{{Wikipédia|lang=uz}}
[[Imagem:Flag of Cyprus.svg|thumb|right|250px|&lt;center&gt;Bandeira do Chipre&lt;/center&gt;]]
[[Imagem:LocationCyprus.svg|thumb|right|250px|&lt;center&gt;Localização do Chipre&lt;/center&gt;]]
={{-uz-}}=
==Substantivo==
'''Qibris''', {{gramática|pr}}
# {{escopo|uz|Geografia}} [[Chipre]]
==Ver também==
===No Wikcionário===
{{Ásia/uz}}
[[Categoria:Substantivo (Uzbeque)]]
[[Categoria:País (Uzbeque)]]
[[Categoria:Entrada com imagem (Uzbeque)]]</text>
<sha1>jskuz4zwixu935wvydb9s2w8vxnftz1</sha1>
</revision>
