<page>
<title>qiell</title>
<ns>0</ns>
<id>229114</id>
<revision>
<id>2543293</id>
<parentid>2396570</parentid>
<timestamp>2019-05-02T12:46:32Z</timestamp>
<contributor>
<username>ValJor</username>
<id>1358</id>
</contributor>
<comment>Confirmando [[:Categoria:!Entrada criada por robô|verbete criado por robô]]</comment>
<model>wikitext</model>
<format>text/x-wiki</format>
<text bytes="106" xml:space="preserve">={{-sq-}}=
==Substantivo==
'''qiell'''
# [[céu]] (abóbada celeste)
[[Categoria:Substantivo (Albanês)]]</text>
<sha1>b3w3hdk23fbpsgamn8tbeawkhx6oku7</sha1>
</revision>
</page>
