<page>
<title>qillqara</title>
<ns>0</ns>
<id>233451</id>
<revision>
<id>2648114</id>
<parentid>1725700</parentid>
<timestamp>2021-09-12T21:09:35Z</timestamp>
<contributor>
<username>ValJor</username>
<id>1358</id>
</contributor>
<comment>Confirmando [[:Categoria:!Entrada criada por robô|verbete criado por robô]]</comment>
<model>wikitext</model>
<format>text/x-wiki</format>
<text bytes="241" xml:space="preserve">[[Imagem:Latin dictionary.jpg|thumb|right|250px|{{centro|Livro}}]]
={{-qu-}}=
==Substantivo==
'''qillqara'''
# [[livro]] (objeto com folhas contendo um texto)
[[Categoria:Substantivo (Quéchua)]]
[[Categoria:Entrada com imagem (Quéchua)]]</text>
<sha1>fbuoihxxumz537zfdphhobal8n1ee3g</sha1>
</revision>
</page>
