<page>
<title>qiri</title>
<ns>0</ns>
<id>314078</id>
<revision>
<id>2543289</id>
<parentid>2396573</parentid>
<timestamp>2019-05-02T10:06:30Z</timestamp>
<contributor>
<username>ValJor</username>
<id>1358</id>
</contributor>
<comment>Confirmando [[:Categoria:!Entrada criada por robô|verbete criado por robô]]</comment>
<model>wikitext</model>
<format>text/x-wiki</format>
<text bytes="113" xml:space="preserve">={{-sq-}}=
==Substantivo==
'''qiri'''
# [[vela]] (rolo cilíndrico de cera)
[[Categoria:Substantivo (Albanês)]]</text>
<sha1>9wyq8y1a76b10ci18g3ndom6as1w867</sha1>
</revision>
</page>
