<page>
<title>qoerr</title>
<ns>0</ns>
<id>74135</id>
<revision>
<id>1364584</id>
<parentid>658417</parentid>
<timestamp>2012-01-11T23:50:18Z</timestamp>
<contributor>
<username>MalafayaBot</username>
<id>628</id>
</contributor>
<minor />
<comment>Robô: Substituição de texto automática  (-^\=(\s*?)(\{\{gll\}\}|Gallo)(\s*?)\= +={{-gll-}}=)</comment>
<model>wikitext</model>
<format>text/x-wiki</format>
<text bytes="118" xml:space="preserve">={{-gll-}}=
==Substantivo==
qoerr
# [[coração]]
[[Categoria:Substantivo ({{gll}})]]
[[Categoria:Anatomia (Gallo)]]</text>
<sha1>71ui76nwg3elzwzsek45mfctnh00qgj</sha1>
</revision>
</page>
