<page>
<title>qoy</title>
<ns>0</ns>
<id>233137</id>
<revision>
<id>2542685</id>
<parentid>2396578</parentid>
<timestamp>2019-04-24T23:07:25Z</timestamp>
<contributor>
<username>Marrovi</username>
<id>27953</id>
</contributor>
<model>wikitext</model>
<format>text/x-wiki</format>
<text bytes="110" xml:space="preserve">={{-qwc-}}=
==Substantivo==
'''qoy'''
# [[coelho]] (mamífero)
[[Categoria:Substantivo (Quéchua Clássico)]]</text>
<sha1>dchgqrngzxjlup5i3czat4sucujz976</sha1>
</revision>
</page>
