<page>
<title>qozeqer</title>
<ns>0</ns>
<id>184674</id>
<revision>
<id>2396579</id>
<parentid>2044701</parentid>
<timestamp>2017-05-13T10:54:14Z</timestamp>
<contributor>
<username>HydrizBot</username>
<id>29590</id>
</contributor>
<minor />
<comment>Robô: A limpar links interwikis antigos</comment>
<model>wikitext</model>
<format>text/x-wiki</format>
<text bytes="187" xml:space="preserve">={{-ku-}}=
{{Wikipédia|lang=ku}}
==Substantivo==
'''qozeqer''', {{f}}
#[[arco-íris]]
===Sinônimos===
*[[keskesor]]
*[[keskûala]]
*[[bûka baranê]]
[[Categoria:Substantivo (Curdo)]]</text>
<sha1>493e8fvqr9cmd4748a5ch45gl2p9tqk</sha1>
</revision>
</page>
