<page>
<title>Qoç</title>
<ns>0</ns>
<id>142526</id>
<revision>
<id>2602020</id>
<parentid>2277399</parentid>
<timestamp>2020-11-14T21:01:43Z</timestamp>
<contributor>
<username>ValJor</username>
<id>1358</id>
</contributor>
<comment>Acrescentando código de língua à [[:Categoria:!Página com mensagem de erro em predefinição|predefinição escopo]]</comment>
<model>wikitext</model>
<format>text/x-wiki</format>
<text bytes="385" xml:space="preserve">{{Wikipédia|lang=az|Qoç (astrologiya)|Qoç}}
[[Imagem:Aries2.jpg|thumb|right|250px|&lt;center&gt;Áries&lt;/center&gt;]]
={{-az-}}=
==Substantivo==
'''Qoç''', {{gramática|pr}}
# {{escopo|az|Astrologia}} [[Áries]], primeiro [[signo]] do [[zodíaco]]
==Ver também==
===No Wikcionário===
{{zodíaco/az}}
[[Categoria:Substantivo (Azerbaijano)]]
[[Categoria:Entrada com imagem (Azerbaijano)]]</text>
<sha1>1rnnmdcxw5jku71tohjkxwepvnrnrnm</sha1>
</revision>
</page>
