<page>
<title>QPS</title>
<ns>0</ns>
<id>342845</id>
<revision>
<id>2494267</id>
<parentid>1977539</parentid>
<timestamp>2018-04-06T06:35:45Z</timestamp>
<contributor>
<username>Askekamo</username>
<id>60711</id>
</contributor>
<model>wikitext</model>
<format>text/x-wiki</format>
<text bytes="280" xml:space="preserve">={{-pt-}}=
==Sigla==
'''QPS'''
# [[quadro por segundo]]
==={{-varort-}}===
* De '''1''': [[qps]]
===Sinônimos===
* De '''1''': {{escopo2|estrangeirismo}} ''[[FPS]]''
===Tradução===
{{tradini|De 1}}
* {{trad|en|FPS}}
{{tradmeio}}
{{tradfim}}
[[Categoria:Sigla (Português)]]</text>
<sha1>gw9pfwjlh72fz86ryw14dtho1k5udwd</sha1>
</revision>
</page>
