<page>
<title>quacre</title>
<ns>0</ns>
<id>71198</id>
<revision>
<id>2609958</id>
<parentid>2584423</parentid>
<timestamp>2021-01-30T10:42:27Z</timestamp>
<contributor>
<username>Marxav</username>
<id>73271</id>
</contributor>
<minor />
<comment>AFI Portugal</comment>
<model>wikitext</model>
<format>text/x-wiki</format>
<text bytes="946" xml:space="preserve">={{-pt-}}=
==Substantivo==
{{paroxítona|qua|cre}}, {{c2g}}
# {{escopo|pt|Religião}} membro de seita religiosa protestante inglesa (a Sociedade dos Amigos), fundada no século XVII [Prega a existência da luz interior, rejeita os sacramentos e os representantes eclesiásticos, não presta nenhum juramento e opõe-se à guerra.] 
===Sinônimos===
De '''1''' (membro da seita religiosa):
{{verTambém.Ini}}
* {{escopo2|estrangeirismo}} ''[[quaker]]''
* [[quáquer]]
{{verTambém.NovaColuna}}
* [[quáquero]]
{{verTambém.Fim}}
===Tradução===
{{tradini|De 1 (membro da seita)}}
* {{t|de|Quäker|m}}
{{tradmeio}}
* {{trad|en|Quaker}}
{{tradfim}}
=={{etimologia|pt}}==
: Do inglês {{etimo|en|quaker}} (''nome popular para membro da seita protestante Religious Society of Friends'').
=={{pronúncia|pt}}==
===Portugal===
* AFI: {{AFI|/ˈkwa.kɾɨ/}}
[[Categoria:Substantivo (Português)]]
[[Categoria:Entrada de étimo inglês (Português)]]</text>
<sha1>64zz4hpsjc1e7zaxmeequ3l5aq9jwij</sha1>
</revision>
</page>
