<page>
<page>
<title>quacrismo</title>
<ns>0</ns>
<id>322315</id>
<revision>
<id>1812176</id>
<timestamp>2014-02-24T13:58:10Z</timestamp>
<contributor>
<username>ValJor</username>
<id>1358</id>
</contributor>
<comment>Por um [[Especial:Lonelypages|wikcionário sem órfãos]]: [[quacrismos]]</comment>
<model>wikitext</model>
<format>text/x-wiki</format>
<text bytes="386" xml:space="preserve">={{-pt-}}=
==Substantivo==
{{flex.pt|ms=quacrismo|mp=quacrismos}}
{{paroxítona|qua|cris|mo}}
# [[movimento]] [[protestante]] [[britânico]] do século XVII
===Tradução===
{{tradini}}
* {{trad|en|Quakerism}}
{{tradmeio}}
{{tradfim}}
=={{etimologia|pt}}==
: {{escopo|Morfologia}} [[quacre]] + [[-ismo]].
[[Categoria:Substantivo (Português)]]
[[Categoria:Cristianismo (Português)]]</text>
<sha1>kk3afk48wynxnqu7v4wguyt571satkm</sha1>
</revision>
