<page>
<page>
<title>quadrarei</title>
<ns>0</ns>
<id>184492</id>
<revision>
<id>2396604</id>
<parentid>1167982</parentid>
<timestamp>2017-05-13T10:55:12Z</timestamp>
<contributor>
<username>HydrizBot</username>
<id>29590</id>
</contributor>
<minor />
<comment>Robô: A limpar links interwikis antigos</comment>
<model>wikitext</model>
<format>text/x-wiki</format>
<text bytes="174" xml:space="preserve">={{-pt-}}=
==Forma verbal==
'''quadrarei'''
#[[primeira pessoa]] do [[singular]] do [[futuro do presente]] do verbo '''[[quadrar]]'''
[[Categoria:Forma verbal (Português)]]</text>
<sha1>q1mipwg80u6vugpx9znw9tqhn4oeeii</sha1>
</revision>
