<page>
<page>
<title>quadraturista</title>
<ns>0</ns>
<id>322234</id>
<revision>
<id>2396626</id>
<parentid>2134266</parentid>
<timestamp>2017-05-13T10:55:51Z</timestamp>
<contributor>
<username>HydrizBot</username>
<id>29590</id>
</contributor>
<minor />
<comment>Robô: A limpar links interwikis antigos</comment>
<model>wikitext</model>
<format>text/x-wiki</format>
<text bytes="308" xml:space="preserve">={{-pt-}}=
==Substantivo==
{{flex.pt|s=quadraturista|p=quadraturistas}}
{{paroxítona|qua|dra|tu|ris|ta}}
# [[pessoa]] que [[pintar|pinta]] [[quadratura]]s
=={{etimologia|pt}}==
: {{escopo|Morfologia}} [[quadratura]] + [[-ista]].
[[Categoria:Substantivo (Português)]]
[[Categoria:Profissão (Português)]]</text>
<sha1>r032hahceyc7v4vaal7ssu4pgzp6w73</sha1>
</revision>
