<page>
<page>
<title>quadernais</title>
<ns>0</ns>
<id>322005</id>
<revision>
<id>2037485</id>
<parentid>1810510</parentid>
<timestamp>2015-11-16T21:18:59Z</timestamp>
<contributor>
<username>ValJor</username>
<id>1358</id>
</contributor>
<comment>Acrescentando a predefinição avi-for-fle</comment>
<model>wikitext</model>
<format>text/x-wiki</format>
<text bytes="166" xml:space="preserve">={{-pt-}}=
==Forma de substantivo==
{{paroxítona|qua|der|nais}}
# plural de [[quadernal]]
{{avi-for-fle|quadernal}}
[[Categoria:Forma de substantivo (Português)]]</text>
<sha1>nw0w6q8uj9jhbdx488leoht1afpda2l</sha1>
</revision>
