<page>
<title>quadres</title>
<ns>0</ns>
<id>92531</id>
<revision>
<id>2396635</id>
<parentid>1789407</parentid>
<timestamp>2017-05-13T10:56:10Z</timestamp>
<contributor>
<username>HydrizBot</username>
<id>29590</id>
</contributor>
<minor />
<comment>Robô: A limpar links interwikis antigos</comment>
<model>wikitext</model>
<format>text/x-wiki</format>
<text bytes="168" xml:space="preserve">={{-pt-}}=
==Forma verbal==
{{paroxítona|qua|dres}}
# segunda pessoa do singular do presente do conjuntivo do verbo [[quadrar]]
[[Categoria:Forma verbal (Português)]]</text>
<sha1>l1teiil3ofrlrofsns9dfbncxzxa604</sha1>
</revision>
</page>
