<page>
<page>
<title>quadernal</title>
<ns>0</ns>
<id>322310</id>
<revision>
<id>1812150</id>
<timestamp>2014-02-24T09:54:09Z</timestamp>
<contributor>
<username>ValJor</username>
<id>1358</id>
</contributor>
<comment>Por um [[Especial:Lonelypages|wikcionário sem órfãos]]: [[quadernais]]</comment>
<model>wikitext</model>
<format>text/x-wiki</format>
<text bytes="157" xml:space="preserve">={{-pt-}}=
==Substantivo==
{{flex.pt|ms=quadernal|mp=quadernais}}
{{oxítona|qua|der|nal}}
# o mesmo que [[cadernal]]
[[Categoria:Substantivo (Português)]]</text>
<sha1>9bh5mllyrjhytjsywifmc6b2l2alqo0</sha1>
</revision>
