<page>
<page>
<title>quadrarão</title>
<ns>0</ns>
<id>191570</id>
<revision>
<id>2396615</id>
<parentid>1167993</parentid>
<timestamp>2017-05-13T10:55:29Z</timestamp>
<contributor>
<username>HydrizBot</username>
<id>29590</id>
</contributor>
<minor />
<comment>Robô: A limpar links interwikis antigos</comment>
<model>wikitext</model>
<format>text/x-wiki</format>
<text bytes="173" xml:space="preserve">={{-pt-}}=
==Forma verbal==
'''quadrarão'''
#[[terceira pessoa]] do [[plural]] do [[futuro do presente]] do verbo '''[[quadrar]]'''
[[Categoria:Forma verbal (Português)]]</text>
<sha1>dku82lvin3bahztjp6in4yf15gva0un</sha1>
</revision>
