<page>
<page>
<title>quadrienal</title>
<ns>0</ns>
<id>333331</id>
<revision>
<id>1872633</id>
<parentid>1872488</parentid>
<timestamp>2014-11-14T11:27:38Z</timestamp>
<contributor>
<username>MIL973</username>
<id>41339</id>
</contributor>
<model>wikitext</model>
<format>text/x-wiki</format>
<text bytes="484" xml:space="preserve">={{-pt-}}=
==Adjetivo==
{{flex.pt|s=quadrienal|p=quadrienais}}
{{oxítona|qua|dri|e|nal}}, {{c2g}}
# que sucede de [[quatro]] em quatro [[ano]]s
#* ''Levou mais de um século para o COI, finalmente, levar seu festival '''quadrienal''' a todo o mundo.'' {{OESP|2009|outubro|03}}
# [[relativo]] ao [[quadriênio]]
=={{etimologia|pt}}==
: {{escopo|Morfologia}} [[quadriênio]] + [[-al]].
==Ver também==
===No Wikcionário===
* [[Wikisaurus:tempo]]
[[Categoria:Adjetivo (Português)]]</text>
<sha1>p5cdc5swq7jo83512evms1cb97lr34q</sha1>
</revision>
