<page>
<page>
<title>quadrámos</title>
<ns>0</ns>
<id>166827</id>
<revision>
<id>2396717</id>
<parentid>2048439</parentid>
<timestamp>2017-05-13T10:58:52Z</timestamp>
<contributor>
<username>HydrizBot</username>
<id>29590</id>
</contributor>
<minor />
<comment>Robô: A limpar links interwikis antigos</comment>
<model>wikitext</model>
<format>text/x-wiki</format>
<text bytes="239" xml:space="preserve">{{grafiaPtpt|quadramos}}
={{-pt-}}=
==Forma verbal==
{{paroxítona|qua|drá|mos}}
# primeira pessoa do plural do pretérito perfeito do modo indicativo do verbo [[quadrar]]
{{avi-for-fle|quadrar}}
[[Categoria:Forma verbal (Português)]]</text>
<sha1>p4l8l08hm1y2zv2giu8nzmytt3n6yr3</sha1>
</revision>
