<page>
<page>
<title>quadrai</title>
<ns>0</ns>
<id>221115</id>
<revision>
<id>2396591</id>
<parentid>2134236</parentid>
<timestamp>2017-05-13T10:54:43Z</timestamp>
<contributor>
<username>HydrizBot</username>
<id>29590</id>
</contributor>
<minor />
<comment>Robô: A limpar links interwikis antigos</comment>
<model>wikitext</model>
<format>text/x-wiki</format>
<text bytes="176" xml:space="preserve">={{-pt-}}=
==Forma verbal==
'''quadrai'''
#[[segunda pessoa]] do [[plural]] do [[imperativo]] [[afirmativo]] do verbo '''[[quadrar]]'''
[[Categoria:Forma verbal (Português)]]</text>
<sha1>33l0y8kl47imli81xabvsmwth3uw44w</sha1>
</revision>
