<page>
<page>
<title>quadringentena</title>
<ns>0</ns>
<id>442736</id>
<revision>
<id>2672275</id>
<timestamp>2022-04-11T20:40:27Z</timestamp>
<contributor>
<username>Leonardo José Raimundo</username>
<id>43489</id>
</contributor>
<comment>Eu estou criando a palavra &quot;quadringentena&quot;.</comment>
<model>wikitext</model>
<format>text/x-wiki</format>
<text bytes="702" xml:space="preserve">={{-pt-}}=
==Substantivo==
{{flex.pt|fs=quadringentena|fp=quadringentenas}}
{{paroxítona|qua|drin|gen|te|na}}
# quatrocentas unidades
# {{escopo|pt|Matemática}} [[conjunto]] de [[quatrocentos]] elementos
==Ver também==
===No Wikcionário===
{{colunas|2}}
*[[onzena]]
*[[dúzia]]
*[[trezena]]
*[[quatorzena]]
*[[quinzena]]
*[[sezena]]
*[[septenzena]]
*[[octozena]]
*[[novenzena]]
*[[vintena]]
*[[trintena]]
*[[quarentena]]
*[[cinquentena]]
*[[sessentena]]
*[[setentena]]
*[[oitentena]]
*[[noventena]]
*[[centena]]
*[[ducentena]]
*[[tricentena]]
*[[quingentena]]
*[[sexcentena]]
*[[setingentena]]
*[[octingentena]]
*[[noningentena]]
*[[milhar]]
{{colunas.fim}}
[[Categoria:Substantivo (Português)]]</text>
<sha1>petbe85thhm6ex8d32bffmrtj3hinss</sha1>
</revision>
