<page>
<title>quadriculássemos</title>
<ns>0</ns>
<id>199420</id>
<revision>
<id>2396684</id>
<parentid>2134283</parentid>
<timestamp>2017-05-13T10:57:47Z</timestamp>
<contributor>
<username>HydrizBot</username>
<id>29590</id>
</contributor>
<minor />
<comment>Robô: A limpar links interwikis antigos</comment>
<model>wikitext</model>
<format>text/x-wiki</format>
<text bytes="210" xml:space="preserve">={{-pt-}}=
==Forma verbal==
'''quadriculássemos'''
#[[primeira pessoa]] do [[plural]] do [[pretérito imperfeito]] do [[modo subjuntivo]] do verbo '''[[quadricular]]'''
[[Categoria:Forma verbal (Português)]]</text>
<sha1>rpzgn9wmjtnpkez73dlar40j0u6hpdv</sha1>
</revision>
</page>
