<page>
<title>quadrinho</title>
<ns>0</ns>
<id>320572</id>
<revision>
<id>2483873</id>
<parentid>2483872</parentid>
<timestamp>2018-02-08T16:48:47Z</timestamp>
<contributor>
<username>Askekamo</username>
<id>60711</id>
</contributor>
<comment>cerquilhando</comment>
<model>wikitext</model>
<format>text/x-wiki</format>
<text bytes="428" xml:space="preserve">{{Wikipédia}}
={{-pt-}}=
==Substantivo==
{{flex.pt|ms=quadrinho|mp=quadrinhos}}
{{paroxítona|qua|dri|nho}}, {{gramática|m}}
# [[quadro]] pequeno
# [[arte sequencial]]
# forma de arte que conjuga texto e imagens com o objetivo de narrar histórias dos mais variados gêneros e estilos
# sequência de imagens com ou sem texto
===Sinônimos===
* De '''3''': [[história em quadrinhos]]
[[Categoria:Substantivo (Português)]]</text>
<sha1>b3l8b9ch24rlwaqsnzgvtntfby29imy</sha1>
</revision>
</page>
