<page>
<page>
<title>quadrigário</title>
<ns>0</ns>
<id>434867</id>
<revision>
<id>2638298</id>
<parentid>2638262</parentid>
<timestamp>2021-06-13T12:10:59Z</timestamp>
<contributor>
<username>Cpls</username>
<id>20608</id>
</contributor>
<comment>/* {{-pt-}} */</comment>
<model>wikitext</model>
<format>text/x-wiki</format>
<text bytes="486" xml:space="preserve">={{-pt-}}=
==Substantivo==
{{flex.pt|ms=quadrigário|mp=quadrigários}}
{{proparoxítona aparente|qua|dri|gá|ri|o}}, {{gramática|m}}
# [[condutor]] de [[quadriga]]
=={{etimologia|pt}}==
{{llietimo|la|quadrigarius|pt}}
==Ver também==
===No Wikcionário===
{{colunas|2}}
* [[quadriga]]
* [[quadríjugo]]
{{colunas/fim}}
==Ligações externas==
* {{Aulete}}
* {{Michaelis}}
* {{DicioAberto}}
* {{DPLP}}
* {{Infopédia}}
* {{PLP}}
* {{VOLPABL}}
[[Categoria:Substantivo (Português)]]</text>
<sha1>k25tyon68m7hjr2k3p8vdtbaltuqqw1</sha1>
</revision>
