<page>
<page>
<title>quadrupedar</title>
<ns>0</ns>
<id>17224</id>
<revision>
<id>1106036</id>
<parentid>1074934</parentid>
<timestamp>2011-07-03T13:18:57Z</timestamp>
<contributor>
<username>MalafayaBot</username>
<id>628</id>
</contributor>
<minor />
<comment>Robô: Substituição de texto automática (-^\=\s?Português\s?\= +={{-pt-}}= &amp; -^\=\s?\{\{pt\}\}\s?\= +={{-pt-}}=)</comment>
<model>wikitext</model>
<format>text/x-wiki</format>
<text bytes="426" xml:space="preserve">={{-pt-}}=
==Verbo==
{{oxítona|qua|dru|pe|dar}}, ''intransitivo''
# [[andar]] em [[quatro]] patas
===Conjugação===
{{conj/pt|quadruped|ar}}
=={{etimologia|pt}}==
: {{escopo|Morfologia}} [[quadrúpede]] + [[-ar]].
==Ver também==
===No Wikcionário===
{{verTambém.Ini}}
* [[bipedar]]
{{verTambém.NovaColuna}}
* [[bípede]]
{{verTambém.NovaColuna}}
* [[quadrúpede]]
{{verTambém.Fim}}
[[Categoria:Verbo (Português)]]</text>
<sha1>gpdcxabsny1zt4hxcm11swt730cl07w</sha1>
</revision>
