<page>
<title>quadrávamos</title>
<ns>0</ns>
<id>164107</id>
<revision>
<id>2396724</id>
<parentid>1168065</parentid>
<timestamp>2017-05-13T10:59:04Z</timestamp>
<contributor>
<username>HydrizBot</username>
<id>29590</id>
</contributor>
<minor />
<comment>Robô: A limpar links interwikis antigos</comment>
<model>wikitext</model>
<format>text/x-wiki</format>
<text bytes="200" xml:space="preserve">={{-pt-}}=
==Forma verbal==
'''quadrávamos'''
#[[primeira pessoa]] do [[plural]] do [[pretérito imperfeito]] do [[modo indicativo]] do verbo '''[[quadrar]]'''
[[Categoria:Forma verbal (Português)]]</text>
<sha1>ertzvlsmualpfsr2fk7rg2jl3hnelg8</sha1>
</revision>
</page>
