<page>
<title>quadringentenário</title>
<ns>0</ns>
<id>330011</id>
<revision>
<id>2052175</id>
<parentid>1853296</parentid>
<timestamp>2016-01-01T10:51:40Z</timestamp>
<contributor>
<username>ValJor</username>
<id>1358</id>
</contributor>
<comment>Melhorando a apresentação do verbete</comment>
<model>wikitext</model>
<format>text/x-wiki</format>
<text bytes="789" xml:space="preserve">={{-pt-}}=
==Substantivo==
{{flex.pt|ms=quadringentenário|mp=quadringentenários}}
{{proparoxítona aparente|qua|drin|gen|te|ná|ri|o}}, {{m}}
# [[comemoração]] dos [[quatrocentos]] [[ano]]s
==Ver também==
===No Wikcionário===
{{verTambém.Ini}}
* [[vigenário]]
* [[trigenário]]
* [[quadragenário]]
* [[quinquagenário]]
* [[sexagenário]]
{{verTambém.NovaColuna}}
* [[septuagenário]]
* [[octogenário]]
* [[nonagenário]]
* [[centenário]]
* [[sesquicentenário]]
{{verTambém.NovaColuna}}
* [[ducentenário]]
* [[tricentenário]]
* [[quingentenário]]
* [[sexcentenário]]
{{verTambém.NovaColuna}}
* [[setingentenário]]
* [[octingentenário]]
* [[noningentenário]]
* [[milenário]]
{{verTambém.Fim}}
[[Categoria:Substantivo (Português)]]
[[Categoria:Tempo (Português)]]</text>
<sha1>kh1zmnvtanop4cn88ofsz1k69agczzp</sha1>
</revision>
</page>
