<page>
<title>quadrienais</title>
<ns>0</ns>
<id>333373</id>
<revision>
<id>1872635</id>
<parentid>1872634</parentid>
<timestamp>2014-11-14T11:28:51Z</timestamp>
<contributor>
<username>MIL973</username>
<id>41339</id>
</contributor>
<minor />
<comment>adicionou [[Categoria:Forma de substantivo (Português)]] usando [[Wikcionário:HotCat|HotCat]]</comment>
<model>wikitext</model>
<format>text/x-wiki</format>
<text bytes="177" xml:space="preserve">={{-pt-}}=
==Forma de adjetivo==
{{oxítona|qua|dri|e|nais}}, {{c2g}}
# [[plural]] de [[quadrienal]]
{{avi-for-fle|quadrienal}}
[[Categoria:Forma de substantivo (Português)]]</text>
<sha1>rssr748s8k7jdez0mn3ipfoe6fgt6ub</sha1>
</revision>
</page>
