<page>
<page>
<title>quadrângulos</title>
<ns>0</ns>
<id>322006</id>
<revision>
<id>1970976</id>
<parentid>1970701</parentid>
<timestamp>2015-07-24T11:16:48Z</timestamp>
<contributor>
<username>ValJor</username>
<id>1358</id>
</contributor>
<comment>Desfazendo vandalismos múltiplos no braço</comment>
<model>wikitext</model>
<format>text/x-wiki</format>
<text bytes="179" xml:space="preserve">={{-pt-}}=
==Forma de substantivo==
{{proparoxítona|qua|drân|gu|los}}
# plural de [[quadrângulo]]
{{avi-for-fle|quadrângulo}}
[[Categoria:Forma de substantivo (Português)]]</text>
<sha1>3qogapid1ji6lict55pb5xgokwuavii</sha1>
</revision>
