<page>
<title>quadriculamos</title>
<ns>0</ns>
<id>158156</id>
<revision>
<id>2490459</id>
<parentid>2396642</parentid>
<timestamp>2018-03-22T14:35:26Z</timestamp>
<contributor>
<username>ValJor</username>
<id>1358</id>
</contributor>
<comment>Acrescentando a predefinição avi-for-fle</comment>
<model>wikitext</model>
<format>text/x-wiki</format>
<text bytes="340" xml:space="preserve">={{-pt-}}=
==Forma verbal==
{{paroxítona|qua|dri|cu|la|mos}}
# primeira pessoa do plural do presente do modo indicativo do verbo [[quadricular]]
# {{escopo2|grafia brasileira}} primeira pessoa do plural do pretérito perfeito do modo indicativo do verbo [[quadricular]]
{{avi-for-fle|quadricular}}
[[Categoria:Forma verbal (Português)]]</text>
<sha1>ag14n2ud5q17zcfm932yz5ayfkj2tgp</sha1>
</revision>
</page>
