<page>
<page>
<title>quadrassem</title>
<ns>0</ns>
<id>203855</id>
<revision>
<id>2396620</id>
<parentid>1789411</parentid>
<timestamp>2017-05-13T10:55:38Z</timestamp>
<contributor>
<username>HydrizBot</username>
<id>29590</id>
</contributor>
<minor />
<comment>Robô: A limpar links interwikis antigos</comment>
<model>wikitext</model>
<format>text/x-wiki</format>
<text bytes="199" xml:space="preserve">={{-pt-}}=
==Forma verbal==
'''quadrassem'''
#[[terceira pessoa]] do [[plural]] do [[pretérito imperfeito]] do [[modo subjuntivo]] do verbo '''[[quadrar]]'''
[[Categoria:Forma verbal (Português)]]</text>
<sha1>ang7qubgfl18n3zshoio6ehjrfmek8i</sha1>
</revision>
