<page>
<title>quadragésima</title>
<ns>0</ns>
<id>374087</id>
<revision>
<id>2396589</id>
<parentid>2235260</parentid>
<timestamp>2017-05-13T10:54:39Z</timestamp>
<contributor>
<username>HydrizBot</username>
<id>29590</id>
</contributor>
<minor />
<comment>Robô: A limpar links interwikis antigos</comment>
<model>wikitext</model>
<format>text/x-wiki</format>
<text bytes="1136" xml:space="preserve">={{-gl-}}=
==Numeral ordinal==
{{proparoxítona|qua|dra|gé|si|ma|lang=gl}}
# ordem de um [[elemento]] em um conjunto, que ocupe a posição equivalente ao número [[quarenta]]
==Adjetivo==
{{flex.gl|ms=quadragésimo|mp=quadragésimos|fs=quadragésima|fp=quadragésimas}}
{{proparoxítona|qua|dra|gé|si|ma|lang=gl}}
# refere-se àquele que ocupa a posição [[quarenta]] em uma série; o que vem depois do [[trigésimo-nono]]
==Substantivo==
{{flex.gl|ms=quadragésimo|mp=quadragésimos|fs=quadragésima|fp=quadragésimas}}
{{proparoxítona|qua|dra|gé|si|ma|lang=gl}}
# a pessoa, animal ou coisa que está logo após o trigésimo-nono numa série
{{flex.gl|fs=quadragésima|fp=quadragésimas}}
{{proparoxítona|qua|dra|gé|si|ma|lang=gl}}, {{g|f|lang=gl}}
# {{escopo|gl|Religião}} [[quaresma]], período de quarenta dias prévios à Semana Santa
===Sinónimos===
* [[cadragésima#{{gl}}|cadragésima]], [[cadrela#{{gl}}|cadrela]], [[quaresma#{{gl}}|quaresma]]
=={{etimologia|gl}}==
{{llietimo|la|quadragesima|gl}}
[[Categoria:Numeral ordinal (Galego)|# 000040]]
[[Categoria:Adjetivo (Galego)]]
[[Categoria:Substantivo (Galego)]]</text>
<sha1>6mi3waq6rj8cndfnf8uupeuawfl58lr</sha1>
</revision>
</page>
