<page>
<title>quadrarmos</title>
<ns>0</ns>
<id>209683</id>
<revision>
<id>2396612</id>
<parentid>1167990</parentid>
<timestamp>2017-05-13T10:55:25Z</timestamp>
<contributor>
<username>HydrizBot</username>
<id>29590</id>
</contributor>
<minor />
<comment>Robô: A limpar links interwikis antigos</comment>
<model>wikitext</model>
<format>text/x-wiki</format>
<text bytes="272" xml:space="preserve">={{-pt-}}=
==Forma verbal==
'''quadrarmos'''
#[[primeira pessoa]] do [[plural]] do [[futuro]] do [[modo subjuntivo]] do verbo '''[[quadrar]]'''
#[[infinitivo pessoal]] da [[primeira pessoa]] do [[plural]] do verbo '''[[quadrar]]'''
[[Categoria:Forma verbal (Português)]]</text>
<sha1>27fgcw1armnd2eue6z1bv4xdmicqok8</sha1>
</revision>
</page>
