<page>
<page>
<title>quadraram</title>
<ns>0</ns>
<id>176856</id>
<revision>
<id>2396601</id>
<parentid>1789378</parentid>
<timestamp>2017-05-13T10:55:06Z</timestamp>
<contributor>
<username>HydrizBot</username>
<id>29590</id>
</contributor>
<minor />
<comment>Robô: A limpar links interwikis antigos</comment>
<model>wikitext</model>
<format>text/x-wiki</format>
<text bytes="195" xml:space="preserve">={{-pt-}}=
==Forma verbal==
'''quadraram'''
#[[terceira pessoa]] do [[plural]] do [[pretérito perfeito]] do [[modo indicativo]] do verbo '''[[quadrar]]'''
[[Categoria:Forma verbal (Português)]]</text>
<sha1>okvoh446adolz5lhb2vnoztzr9xwsaz</sha1>
</revision>
