<page>
<page>
<title>quadriculáramos</title>
<ns>0</ns>
<id>181092</id>
<revision>
<id>2396681</id>
<parentid>2134286</parentid>
<timestamp>2017-05-13T10:57:43Z</timestamp>
<contributor>
<username>HydrizBot</username>
<id>29590</id>
</contributor>
<minor />
<comment>Robô: A limpar links interwikis antigos</comment>
<model>wikitext</model>
<format>text/x-wiki</format>
<text bytes="193" xml:space="preserve">={{-pt-}}=
==Forma verbal==
'''quadriculáramos'''
#[[primeira pessoa]] do [[plural]] do [[pretérito mais-que-perfeito]] do verbo '''[[quadricular]]'''
[[Categoria:Forma verbal (Português)]]</text>
<sha1>s7wwgnqdy2y1aocpkuzet9f7il1dpr9</sha1>
</revision>
