<page>
<title>quadricularia</title>
<ns>0</ns>
<id>192641</id>
<revision>
<id>2396654</id>
<parentid>2134248</parentid>
<timestamp>2017-05-13T10:56:44Z</timestamp>
<contributor>
<username>HydrizBot</username>
<id>29590</id>
</contributor>
<minor />
<comment>Robô: A limpar links interwikis antigos</comment>
<model>wikitext</model>
<format>text/x-wiki</format>
<text bytes="215" xml:space="preserve">={{-pt-}}=
==Forma verbal==
'''quadricularia'''
#[[primeira pessoa|primeira]] e [[terceira pessoa]] do [[singular]] do [[futuro do pretérito]] do verbo '''[[quadricular]]'''
[[Categoria:Forma verbal (Português)]]</text>
<sha1>pync3ht7bvmtm7igvsyncj8dofj6o17</sha1>
</revision>
</page>
