<page>
<page>
<title>quadriculáreis</title>
<ns>0</ns>
<id>182791</id>
<revision>
<id>2396682</id>
<parentid>2134285</parentid>
<timestamp>2017-05-13T10:57:44Z</timestamp>
<contributor>
<username>HydrizBot</username>
<id>29590</id>
</contributor>
<minor />
<comment>Robô: A limpar links interwikis antigos</comment>
<model>wikitext</model>
<format>text/x-wiki</format>
<text bytes="191" xml:space="preserve">={{-pt-}}=
==Forma verbal==
'''quadriculáreis'''
#[[segunda pessoa]] do [[plural]] do [[pretérito mais-que-perfeito]] do verbo '''[[quadricular]]'''
[[Categoria:Forma verbal (Português)]]</text>
<sha1>fhapl5fn11mujwhfuofhb2j7xpf06d9</sha1>
</revision>
