<page>
<page>
<title>quadraríeis</title>
<ns>0</ns>
<id>195524</id>
<revision>
<id>2396617</id>
<parentid>1167995</parentid>
<timestamp>2017-05-13T10:55:32Z</timestamp>
<contributor>
<username>HydrizBot</username>
<id>29590</id>
</contributor>
<minor />
<comment>Robô: A limpar links interwikis antigos</comment>
<model>wikitext</model>
<format>text/x-wiki</format>
<text bytes="176" xml:space="preserve">={{-pt-}}=
==Forma verbal==
'''quadraríeis'''
#[[segunda pessoa]] do [[plural]] do [[futuro do pretérito]] do verbo '''[[quadrar]]'''
[[Categoria:Forma verbal (Português)]]</text>
<sha1>t48wf1sxnszgzb7nozl0wrmv4r0ogiz</sha1>
</revision>
