<page>
<title>quadrilha</title>
<ns>0</ns>
<id>83955</id>
<revision>
<id>2614287</id>
<parentid>2585518</parentid>
<timestamp>2021-01-31T18:18:43Z</timestamp>
<contributor>
<username>Marxav</username>
<id>73271</id>
</contributor>
<minor />
<comment>AFI Portugal</comment>
<model>wikitext</model>
<format>text/x-wiki</format>
<text bytes="2714" xml:space="preserve">{{Wikipédia}}
={{-pt-}}=
==Substantivo==
{{flex.pt|fs=quadrilha|fp=quadrilhas}}
{{paroxítona|qua|dri|lha}}, {{gramática|f}}
# tipo de [[dança]] agitada
#* ''A confusão da dança permitiu a Amélia esquivar-se, sem responder. Quando, terminada a '''quadrilha''', voltou a seu lugar, ficou perplexa. Tinha ela se comprometido ou não a dançar a seguinte '''quadrilha''' com Leopoldo?'' (&quot;A Pata da Gazela&quot;, capítulo IX, de José de Alencar)
# [[grupo]] de [[pessoa]]s, geralmente [[criminoso]]s
#* ''Ex-ministros e notáveis do “núcleo duro” do governo estão sendo processados pelo Supremo Tribunal Federal (STF) por corrupção ativa e formação de '''quadrilha'''.'' {{OESP|2007|dezembro|31}}
# {{escopo2|Tauromaquia}} [[conjunto]] de [[subalterno]]s que atuam sob as [[ordem|ordens]] do [[matador]] ou do [[cavaleiro]]
===Verbetes derivados===
* [[quadrilheiro]]
===Tradução===
{{tradini|De 1 (tipo de dança agitada)}}
* {{trad|de|Reel|Quadrille}}
* {{trad|cs|rejdovák}}
* {{trad|da|reel}}
* {{trad|et|riil}}
* {{trad|fi|reel}}
* {{trad|fr|reel|quadrille}}
* {{trad|fur|cuadriglie}}
* {{trad|nl|reel}}
* {{trad|en|reel|quadrille}}
* {{trad|is|ræll}}
{{tradmeio}}
* {{trad|it|reel}}
* {{trad|ja|リールダンス}}
* {{trad|lv|kadriļa}}
* {{trad|lt|rilis}}
* {{trad|no|reel}}
* {{trad|pl|kadryl}}
* {{trad|ru|кадриль|рил|хоровод}}
* {{trad|sv|kadrilj|reel}}
* {{trad|uk|кадриль}}
{{tradfim}}
{{tradini|De 2 (grupo de pessoas, geralmente criminosos)}}
* {{t|de|Ring|m}}
* {{trad|cs|banda|gang}}
* {{trad|zh|伙}}
* {{trad|da|kreds|kreds|ring}}
* {{trad|sk|banda|gang}}
* {{trad|sl|krog|tolpa}}
* {{trad|es|red|círculo}}
* {{trad|et|kamp}}
* {{trad|fi|rengas}}
* {{trad|fr|gang}}
* {{trad|el|σπείρα}}
* {{trad|nl|syndicaat}}
* {{trad|hu|érdekcsoport|klikk}}
{{tradmeio}}
* {{trad|id|komplotan}}
* {{trad|en|ring}}
* {{trad|is|glæpahringur|samtök}}
* {{trad|ja|一味}}
* {{trad|lv|banda|kliķe}}
* {{trad|lt|gauja|šutvė}}
* {{trad|no|ring}}
* {{trad|pl|krąg|szajka}}
* {{trad|ro|grup|gașcă}}
* {{trad|ru|объединение|клика|шайка}}
* {{trad|sv|klick|liga}}
* {{trad|tr|çete|şebeke}}
{{tradfim}}
=={{etimologia|pt}}==
{{llietimo|es|cuadrilla|pt}}
=={{pronúncia|pt}}==
===Portugal===
* AFI: {{AFI|/kwɐ.ˈdɾi.ʎɐ/}}
==Ver também==
===No Wikcionário===
{{verTambém.Ini}}
* [[Apêndice:Substantivos coletivos do português]]
{{verTambém.NovaColuna}}
* [[aquadrilhar]]
{{verTambém.NovaColuna}}
* [[chefão]]
{{verTambém.Fim}}
==Ligações externas==
* {{Aulete}}
* {{Michaelis}}
* {{DicioAberto}}
* {{DPLP}}
* {{Infopédia}}
* {{PLP}}
* {{VOLPABL}}
[[Categoria:Substantivo (Português)]]
[[Categoria:Coletivo (Português)]]</text>
<sha1>lgu324ffwkg20swutmoodzi61d6cf47</sha1>
</revision>
</page>
