<page>
<page>
<title>quadriculará</title>
<ns>0</ns>
<id>187204</id>
<revision>
<id>2396658</id>
<parentid>2134244</parentid>
<timestamp>2017-05-13T10:56:57Z</timestamp>
<contributor>
<username>HydrizBot</username>
<id>29590</id>
</contributor>
<minor />
<comment>Robô: A limpar links interwikis antigos</comment>
<model>wikitext</model>
<format>text/x-wiki</format>
<text bytes="182" xml:space="preserve">={{-pt-}}=
==Forma verbal==
'''quadriculará'''
#[[terceira pessoa]] do [[singular]] do [[futuro do presente]] do verbo '''[[quadricular]]'''
[[Categoria:Forma verbal (Português)]]</text>
<sha1>oqo6tqpzp0re33s069kd1xwuj2snebl</sha1>
</revision>
