<page>
<title>quadruplex</title>
<ns>0</ns>
<id>65810</id>
<revision>
<id>2396712</id>
<parentid>1668825</parentid>
<timestamp>2017-05-13T10:58:43Z</timestamp>
<contributor>
<username>HydrizBot</username>
<id>29590</id>
</contributor>
<minor />
<comment>Robô: A limpar links interwikis antigos</comment>
<model>wikitext</model>
<format>text/x-wiki</format>
<text bytes="191" xml:space="preserve">={{-la-}}=
== Adjetivo ==
'''quadruplex''' 
# [[quádruplo]].
=== Declinação ===
{{decl.la.adjsegclas.impar2|quadruplex|quadruplic|quadrūplex|quadrūplic}}
[[Categoria:Adjetivo (Latim)]]</text>
<sha1>e3dzeyk69lr96qypq5m1yl1nezxoilp</sha1>
</revision>
</page>
