<page>
<title>quadriculávamos</title>
<ns>0</ns>
<id>163872</id>
<revision>
<id>2396685</id>
<parentid>2134282</parentid>
<timestamp>2017-05-13T10:57:49Z</timestamp>
<contributor>
<username>HydrizBot</username>
<id>29590</id>
</contributor>
<minor />
<comment>Robô: A limpar links interwikis antigos</comment>
<model>wikitext</model>
<format>text/x-wiki</format>
<text bytes="208" xml:space="preserve">={{-pt-}}=
==Forma verbal==
'''quadriculávamos'''
#[[primeira pessoa]] do [[plural]] do [[pretérito imperfeito]] do [[modo indicativo]] do verbo '''[[quadricular]]'''
[[Categoria:Forma verbal (Português)]]</text>
<sha1>74r4bwzcd68awpo9ex8iidqmx87r1y2</sha1>
</revision>
</page>
