<page>
<page>
<title>quadriculou</title>
<ns>0</ns>
<id>173981</id>
<revision>
<id>2396679</id>
<parentid>2134288</parentid>
<timestamp>2017-05-13T10:57:40Z</timestamp>
<contributor>
<username>HydrizBot</username>
<id>29590</id>
</contributor>
<minor />
<comment>Robô: A limpar links interwikis antigos</comment>
<model>wikitext</model>
<format>text/x-wiki</format>
<text bytes="203" xml:space="preserve">={{-pt-}}=
==Forma verbal==
'''quadriculou'''
#[[terceira pessoa]] do [[singular]] do [[pretérito perfeito]] do [[modo indicativo]] do verbo '''[[quadricular]]'''
[[Categoria:Forma verbal (Português)]]</text>
<sha1>qlyol6g71edbynzhs5qtzppfrk20luf</sha1>
</revision>
