<page>
<title>quadrava</title>
<ns>0</ns>
<id>205153</id>
<revision>
<id>2396627</id>
<parentid>2134265</parentid>
<timestamp>2017-05-13T10:55:53Z</timestamp>
<contributor>
<username>HydrizBot</username>
<id>29590</id>
</contributor>
<minor />
<comment>Robô: A limpar links interwikis antigos</comment>
<model>wikitext</model>
<format>text/x-wiki</format>
<text bytes="230" xml:space="preserve">={{-pt-}}=
==Forma verbal==
'''quadrava'''
#[[primeira pessoa|primeira]] e [[terceira pessoa]] do [[singular]] do [[pretérito imperfeito]] do [[modo indicativo]] do verbo '''[[quadrar]]'''
[[Categoria:Forma verbal (Português)]]</text>
<sha1>t88d7fa2710xn9zu62g7fexd0ucvod5</sha1>
</revision>
</page>
