<page>
<title>quadrupedámos</title>
<ns>0</ns>
<id>308804</id>
<revision>
<id>2259396</id>
<parentid>1644366</parentid>
<timestamp>2017-04-09T06:17:43Z</timestamp>
<contributor>
<username>Defender</username>
<id>15952</id>
</contributor>
<comment>Trocando predefinição escopo por escopo2</comment>
<model>wikitext</model>
<format>text/x-wiki</format>
<text bytes="272" xml:space="preserve">={{-pt-}}=
==Forma verbal==
{{paroxítona|qua|dru|pe|dá|mos}}
#{{escopo2|grafia lusitana}} [[primeira pessoa]] do [[plural]] do [[pretérito perfeito]] do [[modo indicativo]] do verbo '''[[quadrupedar]]'''
[[Categoria:Forma verbal (Português)]]
[[Categoria:Lusitanismo]]</text>
<sha1>dfqqavih6dwu9tdatwnmivbh1ttmggx</sha1>
</revision>
</page>
