<page>
<title>quadrissílabo</title>
<ns>0</ns>
<id>75788</id>
<revision>
<id>1473082</id>
<parentid>1187556</parentid>
<timestamp>2012-10-02T17:45:57Z</timestamp>
<contributor>
<username>ValJor</username>
<id>1358</id>
</contributor>
<comment>Separando adjetivo de substantivo</comment>
<model>wikitext</model>
<format>text/x-wiki</format>
<text bytes="443" xml:space="preserve">={{-pt-}}=
==Adjetivo==
{{flex.pt|ms=quadrissílabo|mp=quadrissílabos|
fs=quadrissílaba|fp=quadrissílabas}}
{{proparoxítona|qua|dris|sí|la|bo}}
# que é formado por [[quatro]] [[sílaba]]s
===Sinônimo===
* [[tetrassílabo]]
==Substantivo==
{{proparoxítona|qua|dris|sí|la|bo}}
# palavra que é formada por quatro sílabas
===Sinônimo===
* [[tetrassílabo]]
[[Categoria:Adjetivo (Português)]]
[[Categoria:Substantivo (Português)]]</text>
<sha1>pbai5mne0m8oygs2ooosaicl9dwr178</sha1>
</revision>
</page>
