<page>
<page>
<title>quadraria</title>
<ns>0</ns>
<id>192865</id>
<revision>
<id>2396609</id>
<parentid>1167987</parentid>
<timestamp>2017-05-13T10:55:20Z</timestamp>
<contributor>
<username>HydrizBot</username>
<id>29590</id>
</contributor>
<minor />
<comment>Robô: A limpar links interwikis antigos</comment>
<model>wikitext</model>
<format>text/x-wiki</format>
<text bytes="207" xml:space="preserve">={{-pt-}}=
==Forma verbal==
'''quadraria'''
#[[primeira pessoa|primeira]] e [[terceira pessoa]] do [[singular]] do [[futuro do pretérito]] do verbo '''[[quadrar]]'''
[[Categoria:Forma verbal (Português)]]</text>
<sha1>a0k2yo6okonpqafqvawwolhecxf968q</sha1>
</revision>
