<page>
<page>
<title>quadruplico</title>
<ns>0</ns>
<id>151689</id>
<revision>
<id>2396715</id>
<parentid>2044702</parentid>
<timestamp>2017-05-13T10:58:48Z</timestamp>
<contributor>
<username>HydrizBot</username>
<id>29590</id>
</contributor>
<minor />
<comment>Robô: A limpar links interwikis antigos</comment>
<model>wikitext</model>
<format>text/x-wiki</format>
<text bytes="193" xml:space="preserve">={{-pt-}}=
==Forma verbal==
'''quadruplico'''
#[[primeira]] [[pessoa]] do [[singular]] do [[presente]] do [[indicativo]] do verbo '''[[quadruplicar]]'''
[[Categoria:Forma verbal (Português)]]</text>
<sha1>4ssdzlntgdcwogn77jqengrr0x9z1zm</sha1>
</revision>
