<page>
<page>
<title>quadrilátero</title>
<ns>0</ns>
<id>1470</id>
<revision>
<id>2657348</id>
<parentid>2610270</parentid>
<timestamp>2022-01-08T09:46:47Z</timestamp>
<contributor>
<username>ValJor</username>
<id>1358</id>
</contributor>
<comment>Substituindo a [[Especial:Páginas_afluentes/Predefinição:escopoCat|predefinição escopoCat]] por escopo</comment>
<model>wikitext</model>
<format>text/x-wiki</format>
<text bytes="3860" xml:space="preserve">{{Wikipédia|lang=pt}}
[[Imagem:Parelogramos.PNG|thumb|right|250px|{{centro|Quadriláteros}}]]
={{-pt-}}=
==Adjetivo==
{{flex.pt|ms=quadrilátero|mp=quadriláteros|fs=quadrilátera|fp=quadriláteras}}
{{proparoxítona|qua|dri|lá|te|ro}}
# [[quadrilateral]]
==Substantivo==
{{flex.pt|ms=quadrilátero|mp=quadriláteros}}
{{proparoxítona|qua|dri|lá|te|ro}}, {{gramática|m}}
# {{escopo|pt|Geometria}} [[polígono]] de [[quatro]] [[lado]]s
# {{escopo|pt|Militar}} [[delimitação]] [[quadrangular]] [[fortificado|fortificada]]
===Tradução===
{{tradini|De 1 (geometria)}}
* {{trad|af|vierhoek}}
* {{trad|de|Viereck}}
* {{trad|am|አራት ማዕዘን}}
* {{trad|ar|رباعي أضلاع}}
* {{trad|hy|քառանկյուն}}
* {{trad|as|চতুৰ্ভুজ}}
* {{trad|ast|cuadriláteru}}
* {{trad|az|dördbucaqlı}}
* {{trad|eu|lauki}}
* {{trad|ba|дүртмөйөш}}
* {{trad|bn|চতুর্ভুজ}}
* {{trad|bcl|kwadrilatero}}
* {{trad|be|чатырохвугольнік}}
* {{trad|my|စတုဂံ}}
* {{trad|bs|četverougao}}
* {{trad|br|pevarc'hostezeg}}
* {{trad|bg|четириъгълник}}
* {{trad|kbd|плӏимэ}}
* {{trad|km|ចតុកោណ}}
* {{trad|yue|四邊形}}
* {{trad|ca|quadrilàter}}
* {{trad|kk|төртбұрыш}}
* {{trad|cs|čtyřúhelník}}
* {{trad|zh|sì-kak-hêng}}
* {{trad|zh|四邊形}}
* {{trad|sn|gonyoina}}
* {{trad|ko|사각형}}
* {{trad|hr|četverokut}}
* {{trad|ku|çargoşe}}
* {{trad|da|firkant}}
* {{trad|sk|štvoruholník}}
* {{trad|sl|štirikotnik}}
* {{trad|es|cuadrilátero}}
* {{trad|eo|kvarlatero}}
* {{trad|et|nelinurk}}
* {{trad|fi|nelikulmio}}
* {{trad|vls|vieroek}}
* {{trad|fr|quadrilatère}}
* {{trad|gd|ceithir-cheàrnach}}
* {{trad|gl|cuadrilátero}}
* {{trad|cy|pedrochr}}
* {{trad|ka|ოთხკუთხედი}}
* {{trad|el|τετράπλευρο}}
* {{trad|he|מרובע}}
* {{trad|hi|चतुर्भुज}}
* {{trad|nl|vierhoek}}
* {{trad|hu|négyszög}}
* {{trad|io|quadrilatero}}
{{tradmeio}}
* {{trad|id|segi empat}}
* {{trad|en|quadrilateral}}
* {{trad|ia|quadrilatero}}
* {{trad|is|ferhyrningur}}
* {{trad|it|quadrilatero}}
* {{trad|ja|四角形}}
* {{trad|jv|quadrilateral}}
* {{trad|lv|četrstūris}}
* {{trad|li|veerhook}}
* {{trad|lt|keturkampis}}
* {{trad|lmo|quadrilàter}}
* {{trad|mk|четириаголник}}
* {{trad|ml|ചതുർഭുജം}}
* {{trad|ms|segi empat}}
* {{trad|mg|efadafy}}
* {{trad|mr|चौकोन}}
* {{trad|ne|चतुर्भुज}}
* {{trad|new|प्यकुं}}
* {{trad|no|firkant}}
* {{trad|nn|firkant}}
* {{trad|oc|quadrilatèr}}
* {{trad|or|ଚତୁର୍ଭୁଜ}}
* {{trad|ps|څلورڅنډی}}
* {{trad|fa|چهارضلعی}}
* {{trad|pl|czworokąt}}
* {{trad|pa|ਚੁਬਾਹੀਆ}}
* {{trad|qu|tawak'uchu}}
* {{trad|ro|patrulater}}
* {{trad|ru|четырёхугольник}}
* {{trad|se|njealječiegat}}
* {{trad|sr|четвороугао}}
* {{trad|sh|četverokut}}
* {{trad|ckb|چوارلا}}
* {{trad|sw|pembenne}}
* {{trad|sv|fyrhörning}}
* {{trad|tl|kuwadrilateral}}
* {{trad|th|รูปสี่เหลี่ยม}}
* {{trad|ta|நாற்கரம்}}
* {{trad|cv|тăваткĕтеслĕх}}
* {{trad|te|చతుర్భుజి}}
* {{trad|tr|dörtgen}}
* {{trad|uk|чотирикутник}}
* {{trad|ug|تۆت تەرەپلىك}}
* {{trad|uz|toʻrtburchak}}
* {{trad|vi|tứ giác}}
* {{trad|vo|follien}}
* {{trad|war|kwadrilatero}}
* {{trad|wuu|四边形}}
{{tradfim}}
=={{etimologia|pt}}==
{{llietimo|la|quadrilaterus|pt|quadrilaterus, a, um}}
=={{pronúncia|pt}}==
===Brasil===
====Paulistana e Caipira====
* AFI: /kwa.dɾi.ˈla.te.ɾu/
* X-SAMPA: /kwa.d4i.&quot;la.te.4u/
===Portugal===
* AFI: {{AFI|/kwɐ.dɾi.ˈla.tɨ.ɾu/}}
[[Categoria:Adjetivo (Português)|quadrilatero]]
[[Categoria:Substantivo (Português)|quadrilatero]]
[[Categoria:Entrada com imagem (Português)]]</text>
<sha1>k4wwks9g6it49iyazrwmz18aipwq1eu</sha1>
</revision>
