<page>
<title>quadrado</title>
<ns>0</ns>
<id>1722</id>
<revision>
<id>2611513</id>
<parentid>2604067</parentid>
<timestamp>2021-01-31T08:39:33Z</timestamp>
<contributor>
<username>Marxav</username>
<id>73271</id>
</contributor>
<minor />
<comment>AFI Portugal</comment>
<model>wikitext</model>
<format>text/x-wiki</format>
<text bytes="4110" xml:space="preserve">{{Wikipédia}}
={{-pt-}}=
==Adjetivo==
{{flex.pt|ms=quadrado|mp=quadrados|fs=quadrada|fp=quadradas}}
{{paroxítona|qua|dra|do}}
# em forma de quadrado
# {{escopo|pt|Brasil|Gíria}} pessoa de [[mentalidade]] [[conservador]]a, com padrões de pensamentos tradicionais; [[careta]]
#* ''Você é uma pessoa '''quadrada'''!''
# {{escopo|pt|Portugal}} [[gordo]], muito gordo, [[obeso]]
#* ''Se continuas a comer assim, vais ficar '''quadrado'''.''
===Tradução===
{{tradini|De 1 (em forma de quadrado)}}
* {{trad|de|quadratisch}}
* {{trad|fr|carré}}
* {{trad|en|square}}
{{tradmeio}}
* {{trad|pl|kwadratowy}}
* {{trad|vo|kvadik}}
{{tradfim}}
==Substantivo==
{{flex.pt|ms=quadrado|mp=quadrados}}
{{paroxítona|qua|dra|do}}, {{gramática|m}}
# [[polígono]] [[regular]] de [[quatro]] [[lado]]s de mesmo [[comprimento]]
# qualquer coisa que tenha forma quadrada
# {{escopo|pt|Matemática}} [[potência]] de [[expoente]] [[dois]]; o produto de um número por ele mesmo
===Expressões===
* {{escopo2|Matemática}} '''[[quadrado mágico]]''': matriz numérica quadrada onde os elementos das linhas, colunas e diagonais têm a mesma soma.
* {{escopo2|Dito popular}} '''[[cada um no seu quadrado]]''': entende-se por cada pessoa ficar em seu lugar sem invadir o espaço do outro.
===Tradução===
{{tradini|De 1 (polígono regular de quatro lados de mesmo comprimento)}}
* {{trad|af|vierkant}}
* {{trad|ay|pusi k'uchuni}}
* {{t|de|Quadrat|n}}
* {{trad|ar|مربع}}
* {{trad|arz|مربع}}
* {{trad|an|cuadrato}}
* {{trad|ast|cuadráu}}
* {{trad|az|kvadrat}}
* {{trad|eu|lauki}}
* {{trad|bn|বর্গক্ষেত্র}}
* {{trad|be|квадрат}}
* {{trad|bs|kvadrat}}
* {{trad|bg|квадрат}}
* {{trad|km|ការ៉េ}}
* {{trad|yue|正方形}}
* {{trad|ca|quadrat}}
* {{trad|cs|čtverec}}
* {{trad|zh|正方形}}
* {{trad|ko|정사각형}}
* {{trad|hr|kvadrat}}
* {{trad|da|kvadrat}}
* {{trad|sco|squerr}}
* {{trad|sk|štvorec}}
* {{trad|sl|kvadrat}}
* {{trad|es|cuadrado}}
* {{trad|eo|kvadrato}}
* {{trad|et|ruut}}
* {{trad|fi|neliö}}
* {{trad|vls|vierkant}}
* {{t|fr|carré|m}}
* {{trad|gl|cadrado}}
* {{trad|cy|sgwâr}}
* {{trad|ka|კვადრატი}}
* {{trad|el|τετράγωνο}}
* {{trad|ht|kare}}
* {{trad|he|ריבוע}}
* {{trad|hi|वर्गाकार}}
* {{trad|nl|vierkant}}
* {{trad|hu|négyzet}}
* {{trad|io|quadrato}}
{{tradmeio}}
* {{trad|yi|קוואדראט}}
* {{trad|id|persegi}}
* {{trad|en|square}}
* {{trad|is|kvaðrat|ferningur}}
* {{t|it|quadrato|m}}
* {{trad|ja|正方形}}
* {{trad|lo|ຮູບຈັດຕຸລັດ}}
* {{trad|la|quadrum}}
* {{trad|lv|kvadrāts}}
* {{trad|li|veerkant}}
* {{trad|lt|kvadratas}}
* {{trad|mk|квадрат}}
* {{trad|ml|സമചതുരം}}
* {{trad|mr|चौरस}}
* {{trad|mn|квадрат}}
* {{trad|no|kvadrat}}
* {{trad|nn|kvadrat}}
* {{trad|fa|مربع}}
* {{trad|pl|kwadrat}}
* {{trad|qu|t'asra}}
* {{trad|ro|pătrat}}
* {{trad|ru|квадрат}}
* {{trad|sgs|kvadrots}}
* {{trad|sr|квадрат}}
* {{trad|sh|kvadrat}}
* {{trad|scn|quatratu}}
* {{trad|szl|kwadrat}}
* {{trad|sw|mraba}}
* {{trad|sv|kvadrat}}
* {{trad|su|pasagi bener}}
* {{trad|tl|parisukat}}
* {{trad|th|รูปสี่เหลี่ยมจัตุรัส}}
* {{trad|ta|சதுரம்}}
* {{trad|tr|kare}}
* {{trad|uk|квадрат}}
* {{trad|ur|مربع}}
* {{trad|uz|kvadrat}}
* {{trad|vi|hình vuông}}
* {{trad|vo|kvad}}
{{tradfim}}
{{tradini|De 3 (multiplicação de um número por ele mesmo)}}
* {{t|de|Quadrat|n}}
* {{trad|en|square}}
{{tradmeio}}
* {{trad|ja|平方}}
{{tradfim}}
=={{etimologia|pt}}==
{{llietimo|la|quadratus|pt}}
=={{pronúncia|pt}}==
===Portugal===
* AFI: {{AFI|/kwɐ.ˈdɾa.du/}}
==Ver também==
===No Wikcionário===
{{verTambém.Ini}}
* [[defeito]]
* [[matemática]]
{{verTambém.NovaColuna}}
* [[quadradinho]]
* [[quadrar]]
{{verTambém.NovaColuna}}
* [[quadrícula]]
* [[quadricular]]
{{verTambém.Fim}}
==Ligações externas==
* {{Aulete}}
* {{Michaelis}}
* {{DicioAberto}}
* {{DPLP}}
* {{Infopédia}}
* {{PLP}}
[[Categoria:Adjetivo (Português)]]
[[Categoria:Substantivo (Português)]]</text>
<sha1>sqos3552yks5j79cqqbvtecl1cjgcbt</sha1>
</revision>
</page>
