<page>
<title>quadriculai</title>
<ns>0</ns>
<id>220890</id>
<revision>
<id>2396639</id>
<parentid>2134263</parentid>
<timestamp>2017-05-13T10:56:16Z</timestamp>
<contributor>
<username>HydrizBot</username>
<id>29590</id>
</contributor>
<minor />
<comment>Robô: A limpar links interwikis antigos</comment>
<model>wikitext</model>
<format>text/x-wiki</format>
<text bytes="184" xml:space="preserve">={{-pt-}}=
==Forma verbal==
'''quadriculai'''
#[[segunda pessoa]] do [[plural]] do [[imperativo]] [[afirmativo]] do verbo '''[[quadricular]]'''
[[Categoria:Forma verbal (Português)]]</text>
<sha1>2qmsov28qvku2s1xzekbvl04ovzc27g</sha1>
</revision>
</page>
