<page>
<title>quadrisseculares</title>
<ns>0</ns>
<id>328766</id>
<revision>
<id>1887636</id>
<parentid>1843299</parentid>
<timestamp>2015-01-18T11:14:39Z</timestamp>
<contributor>
<username>MIL973</username>
<id>41339</id>
</contributor>
<model>wikitext</model>
<format>text/x-wiki</format>
<text bytes="188" xml:space="preserve">={{-pt-}}=
==Forma de adjetivo==
{{paroxítona|qua|dris|se|cu|la|res}}, {{c2g}}
# plural de [[quadrissecular]]
{{avi-for-fle|quadrissecular}}
[[Categoria:Forma de adjetivo (Português)]]</text>
<sha1>beoixsilphohv17do2fzidn3ofzc7n8</sha1>
</revision>
</page>
