<page>
<page>
<title>quadráreis</title>
<ns>0</ns>
<id>183019</id>
<revision>
<id>2396719</id>
<parentid>1168062</parentid>
<timestamp>2017-05-13T10:58:55Z</timestamp>
<contributor>
<username>HydrizBot</username>
<id>29590</id>
</contributor>
<minor />
<comment>Robô: A limpar links interwikis antigos</comment>
<model>wikitext</model>
<format>text/x-wiki</format>
<text bytes="183" xml:space="preserve">={{-pt-}}=
==Forma verbal==
'''quadráreis'''
#[[segunda pessoa]] do [[plural]] do [[pretérito mais-que-perfeito]] do verbo '''[[quadrar]]'''
[[Categoria:Forma verbal (Português)]]</text>
<sha1>8cdw3rfxm2a3lolrpstjyquu21xsy2t</sha1>
</revision>
