<page>
<page>
<title>quadrático</title>
<ns>0</ns>
<id>312886</id>
<revision>
<id>2396723</id>
<parentid>2134305</parentid>
<timestamp>2017-05-13T10:59:02Z</timestamp>
<contributor>
<username>HydrizBot</username>
<id>29590</id>
</contributor>
<minor />
<comment>Robô: A limpar links interwikis antigos</comment>
<model>wikitext</model>
<format>text/x-wiki</format>
<text bytes="621" xml:space="preserve">={{-pt-}}=
==Adjetivo==
{{flex.pt|ms=quadrático|mp=quadráticos|fs=quadrática|fp=quadráticas}}
{{proparoxítona|qua|drá|ti|co}}
# relativo ao [[quadrado]]
# de, ou relativo ao [[segundo]] [[grau]]
===Expressões===
* '''[[função quadrática]]'''
===Tradução===
{{tradini}}
* {{trad|de|quadratisch}}
* {{trad|fr|quadratique}}
* {{trad|nl|kwadratisch}}
{{tradmeio}}
* {{trad|en|quadratic}}
* {{trad|it|quadratico}}
* {{trad|sv|kvadratisk}}
{{tradfim}}
=={{etimologia|pt}}==
: Do latim ''quadratus''.
[[Categoria:Adjetivo (Português)]]
[[Categoria:Matemática (Português)]]
[[Categoria:Geometria (Português)]]</text>
<sha1>cn2x4ioyy4yzthd2pwupvrq8g5i2aao</sha1>
</revision>
