<page>
<title>quadrando</title>
<ns>0</ns>
<id>156867</id>
<revision>
<id>2396595</id>
<parentid>2134235</parentid>
<timestamp>2017-05-13T10:54:50Z</timestamp>
<contributor>
<username>HydrizBot</username>
<id>29590</id>
</contributor>
<minor />
<comment>Robô: A limpar links interwikis antigos</comment>
<model>wikitext</model>
<format>text/x-wiki</format>
<text bytes="126" xml:space="preserve">={{-pt-}}=
==Forma verbal==
'''quadrando'''
#[[gerúndio]] do verbo '''[[quadrar]]'''
[[Categoria:Forma verbal (Português)]]</text>
<sha1>fhl4q4iqvbjynlzk6pjqi50evnkmczy</sha1>
</revision>
</page>
