<page>
<title>quadrimestrais</title>
<ns>0</ns>
<id>332831</id>
<revision>
<id>2396696</id>
<parentid>2134275</parentid>
<timestamp>2017-05-13T10:58:11Z</timestamp>
<contributor>
<username>HydrizBot</username>
<id>29590</id>
</contributor>
<minor />
<comment>Robô: A limpar links interwikis antigos</comment>
<model>wikitext</model>
<format>text/x-wiki</format>
<text bytes="179" xml:space="preserve">={{-pt-}}=
==Forma de adjetivo==
{{oxítona|qua|dri|mes|trais}}, {{c2g}}
# plural de [[quadrimestral]]
{{avi-for-fle|quadrimestral}}
[[Categoria:Forma de adjetivo (Português)]]</text>
<sha1>j9i3ys0hzases4qvqd8txy0g7whozqb</sha1>
</revision>
</page>
