<page>
<page>
<title>quadrículo</title>
<ns>0</ns>
<id>74838</id>
<revision>
<id>1210671</id>
<parentid>333873</parentid>
<timestamp>2011-07-10T13:14:26Z</timestamp>
<contributor>
<username>MalafayaBot</username>
<id>628</id>
</contributor>
<minor />
<comment>Robô: Substituição de texto automática (-^\=\s?Português\s?\= +={{-pt-}}= &amp; -^\=\s?\{\{pt\}\}\s?\= +={{-pt-}}=)</comment>
<model>wikitext</model>
<format>text/x-wiki</format>
<text bytes="209" xml:space="preserve">={{-pt-}}=
==Substantivo==
'''qua.&lt;u&gt;drí&lt;/u&gt;.cu.lo''' ''masculino ''
# [[quadrícula]]
[[Categoria:Substantivo (Português)]]
[[Categoria:Polissílabo (Português)]]
[[Categoria:Proparoxítona (Português)]]</text>
<sha1>o6qfou6sble3951qbxgbdvj7eak4ed4</sha1>
</revision>
