<page>
<page>
<title>quadridécuplo</title>
<ns>0</ns>
<id>428136</id>
<revision>
<id>2604790</id>
<parentid>2602156</parentid>
<timestamp>2020-12-17T09:09:41Z</timestamp>
<contributor>
<username>ValJor</username>
<id>1358</id>
</contributor>
<comment>Por um [[Especial:Páginas_sem_saída|Wikcionário com saídas]]!</comment>
<model>wikitext</model>
<format>text/x-wiki</format>
<text bytes="221" xml:space="preserve">={{-pt-}}=
==Numeral==
{{proparoxítona|qua|dri|dé|cu|plo}}
# [[numeral]] [[multiplicativo]] relativo a 40
==Ver também==
===No Wikcionário===
* [[Apêndice:Numerais do português]]
[[Categoria:Numeral (Português)]]</text>
<sha1>iqow4wv7934szvnsubwrwyrr9e3z9ab</sha1>
</revision>
