<page>
<title>Quadra</title>
<ns>0</ns>
<id>136941</id>
<revision>
<id>2277400</id>
<parentid>2010629</parentid>
<timestamp>2017-04-27T00:08:22Z</timestamp>
<contributor>
<username>HydrizBot</username>
<id>29590</id>
</contributor>
<minor />
<comment>Robô: A limpar links interwikis antigos</comment>
<model>wikitext</model>
<format>text/x-wiki</format>
<text bytes="279" xml:space="preserve">{{ver também|quadra}}
={{-pt-}}=
{{Wikipédia}}
==Substantivo==
'''Quadra''' {{pr}}
#[[município]] [[brasileiro]] do [[estado]] de [[São Paulo]]
==Ver também==
*[[Apêndice:Municípios do estado de São Paulo]]
[[Categoria:Município do estado de São Paulo (Português)]]</text>
<sha1>jmj9sytnbsdnu48o4umyvbokjq1iios</sha1>
</revision>
</page>
