<page>
<page>
<title>quadricules</title>
<ns>0</ns>
<id>219405</id>
<revision>
<id>2396677</id>
<parentid>2134290</parentid>
<timestamp>2017-05-13T10:57:37Z</timestamp>
<contributor>
<username>HydrizBot</username>
<id>29590</id>
</contributor>
<minor />
<comment>Robô: A limpar links interwikis antigos</comment>
<model>wikitext</model>
<format>text/x-wiki</format>
<text bytes="290" xml:space="preserve">={{-pt-}}=
==Forma verbal==
'''quadricules'''
#[[segunda pessoa]] do [[singular]] do [[presente]] do [[modo subjuntivo]] do verbo '''[[quadricular]]'''
#[[segunda pessoa]] do [[singular]] do [[imperativo]] [[negativo]] do verbo '''[[quadricular]]'''
[[Categoria:Forma verbal (Português)]]</text>
<sha1>589dkpoinq0ddrccpxuyyhsvm0l3dtx</sha1>
</revision>
