<page>
<page>
<title>quadrilhámos</title>
<ns>0</ns>
<id>308803</id>
<revision>
<id>2259395</id>
<parentid>1644157</parentid>
<timestamp>2017-04-09T06:17:31Z</timestamp>
<contributor>
<username>Defender</username>
<id>15952</id>
</contributor>
<comment>Trocando predefinição escopo por escopo2</comment>
<model>wikitext</model>
<format>text/x-wiki</format>
<text bytes="269" xml:space="preserve">={{-pt-}}=
==Forma verbal==
{{paroxítona|qua|dri|lhá|mos}}
#{{escopo2|grafia lusitana}} [[primeira pessoa]] do [[plural]] do [[pretérito perfeito]] do [[modo indicativo]] do verbo '''[[quadrilhar]]'''
[[Categoria:Forma verbal (Português)]]
[[Categoria:Lusitanismo]]</text>
<sha1>s3rlazvx2hufgvv48o69bk8xalh2vn2</sha1>
</revision>
