<page>
<page>
<title>quadruplicar</title>
<ns>0</ns>
<id>1073</id>
<revision>
<id>2613212</id>
<parentid>2396713</parentid>
<timestamp>2021-01-31T14:08:03Z</timestamp>
<contributor>
<username>Marxav</username>
<id>73271</id>
</contributor>
<minor />
<comment>AFI Portugal</comment>
<model>wikitext</model>
<format>text/x-wiki</format>
<text bytes="955" xml:space="preserve">={{-pt-}}=
==Verbo==
{{oxítona|qua|dru|pli|car}}, {{gramática|intran}}
# tornar-se o [[quádruplo]] (do que se era antes)
{{oxítona|qua|dru|pli|car}}, {{gramática|vtd}}
# {{cont|2}} [[multiplicar]] algo por [[quatro]]
===Conjugação===
{{conj/pt|quadrupli|car}}
===Tradução===
{{tradini}}
* {{trad|ca|quadruplicar}}
{{tradmeio}}
* {{trad|en|fourfold}}
{{tradfim}}
=={{etimologia|pt}}==
{{llietimo|la|quadruplicare|pt}}
=={{pronúncia|pt}}==
===Brasil===
====Paulistana====
* AFI: /kwa.dɾu.pli.ˈka''ɾ''/
* SAMPA: /kwa.d4u.pli.&quot;ka4/
====Carioca====
* AFI: /kwa.dɾu.pli.ˈkax/
* SAMPA: /kwa.d4u.pli.&quot;kax/
===Portugal===
* AFI: {{AFI|/kwɐ.dɾu.pli.ˈkaɾ/}}
==Ver também==
===No Wikcionário===
{{verTambém.Ini}}
* [[duplicar]]
{{verTambém.NovaColuna}}
* [[triplicar]]
{{verTambém.Fim}}
[[Categoria:Verbo (Português)]]
={{-ca-}}=
==Verbo==
'''quadruplicar'''
# [[quadruplicar#Português|quadruplicar]]
[[Categoria:Verbo (Catalão)]]</text>
<sha1>ek3xg7qb5ttug8v6dpjh4awodg3ljth</sha1>
</revision>
