<page>
<page>
<title>quadriculasse</title>
<ns>0</ns>
<id>206236</id>
<revision>
<id>2396664</id>
<parentid>2134303</parentid>
<timestamp>2017-05-13T10:57:13Z</timestamp>
<contributor>
<username>HydrizBot</username>
<id>29590</id>
</contributor>
<minor />
<comment>Robô: A limpar links interwikis antigos</comment>
<model>wikitext</model>
<format>text/x-wiki</format>
<text bytes="239" xml:space="preserve">={{-pt-}}=
==Forma verbal==
'''quadriculasse'''
#[[primeira pessoa|primeira]] e [[terceira pessoa]] do [[singular]] do [[pretérito imperfeito]] do [[modo subjuntivo]] do verbo '''[[quadricular]]'''
[[Categoria:Forma verbal (Português)]]</text>
<sha1>88k9eikfu7k1ftsf4vzibru094yfeog</sha1>
</revision>
