<page>
<title>quadragenário</title>
<ns>0</ns>
<id>329993</id>
<revision>
<id>2061635</id>
<parentid>1999956</parentid>
<timestamp>2016-02-07T22:36:32Z</timestamp>
<contributor>
<username>ValJor</username>
<id>1358</id>
</contributor>
<comment>Melhorando a apresentação do verbete</comment>
<model>wikitext</model>
<format>text/x-wiki</format>
<text bytes="943" xml:space="preserve">={{-pt-}}=
==Adjetivo==
{{flex.pt|ms=quadragenário|mp=quadragenários|fs=quadragenária|fp=quadragenárias}}
{{proparoxítona aparente|qua|dra|ge|ná|ri|o}}
# que tem [[quarenta]] [[ano]]s, [[quarentão]]
==Substantivo==
{{proparoxítona aparente|qua|dra|ge|ná|ri|o}}
# aniversário de quarenta anos
# pessoa que tem quarenta anos
==Ver também==
===No Wikcionário===
{{verTambém.Ini}}
* [[vigenário]]
* [[trigenário]]
* [[quinquagenário]]
* [[sexagenário]]
* [[septuagenário]]
* [[octogenário]]
{{verTambém.NovaColuna}}
* [[nonagenário]]
* [[centenário]]
* [[sesquicentenário]]
* [[ducentenário]]
* [[tricentenário]]
* [[quadringentenário]]
{{verTambém.NovaColuna}}
* [[quingentenário]]
* [[sexcentenário]]
* [[setingentenário]]
* [[octingentenário]]
* [[noningentenário]]
* [[milenário]]
{{verTambém.Fim}}
[[Categoria:Adjetivo (Português)]]
[[Categoria:Substantivo (Português)]]
[[Categoria:Tempo (Português)]]</text>
<sha1>jahf39v4midohad52ljz265xpoczqmb</sha1>
</revision>
</page>
