<page>
<page>
<title>quadrática</title>
<ns>0</ns>
<id>312887</id>
<revision>
<id>2396722</id>
<parentid>2134306</parentid>
<timestamp>2017-05-13T10:59:00Z</timestamp>
<contributor>
<username>HydrizBot</username>
<id>29590</id>
</contributor>
<minor />
<comment>Robô: A limpar links interwikis antigos</comment>
<model>wikitext</model>
<format>text/x-wiki</format>
<text bytes="171" xml:space="preserve">={{-pt-}}=
==Forma de adjetivo==
{{proparoxítona|qua|drá|ti|ca}}
# feminino de [[quadrático]]
{{avi-for-fle|quadrático}}
[[Categoria:Forma de adjetivo (Português)]]</text>
<sha1>0emdd825zelb305c036idyzoe8iratb</sha1>
</revision>
