<page>
<page>
<title>quadriculasses</title>
<ns>0</ns>
<id>197947</id>
<revision>
<id>2396666</id>
<parentid>2134301</parentid>
<timestamp>2017-05-13T10:57:17Z</timestamp>
<contributor>
<username>HydrizBot</username>
<id>29590</id>
</contributor>
<minor />
<comment>Robô: A limpar links interwikis antigos</comment>
<model>wikitext</model>
<format>text/x-wiki</format>
<text bytes="208" xml:space="preserve">={{-pt-}}=
==Forma verbal==
'''quadriculasses'''
#[[segunda pessoa]] do [[singular]] do [[pretérito imperfeito]] do [[modo subjuntivo]] do verbo '''[[quadricular]]'''
[[Categoria:Forma verbal (Português)]]</text>
<sha1>spwwltwbzn8w2d7n8kycz99y915bq3v</sha1>
</revision>
