<page>
<page>
<title>quadreis</title>
<ns>0</ns>
<id>218215</id>
<revision>
<id>2396632</id>
<parentid>1168007</parentid>
<timestamp>2017-05-13T10:56:05Z</timestamp>
<contributor>
<username>HydrizBot</username>
<id>29590</id>
</contributor>
<minor />
<comment>Robô: A limpar links interwikis antigos</comment>
<model>wikitext</model>
<format>text/x-wiki</format>
<text bytes="275" xml:space="preserve">={{-pt-}}=
==Forma verbal==
'''quadreis'''
#[[segunda pessoa]] do [[plural]] do [[presente]] do [[modo subjuntivo]] do verbo '''[[quadrar]]'''
#[[segunda pessoa]] do [[plural]] do [[imperativo]] [[negativo]] do verbo '''[[quadrar]]'''
[[Categoria:Forma verbal (Português)]]</text>
<sha1>986nnaj6qyybcmi5klz73fdxqzw1sak</sha1>
</revision>
