<page>
<title>quadragésimo</title>
<ns>0</ns>
<id>2436</id>
<revision>
<id>2396590</id>
<parentid>2037778</parentid>
<timestamp>2017-05-13T10:54:41Z</timestamp>
<contributor>
<username>HydrizBot</username>
<id>29590</id>
</contributor>
<minor />
<comment>Robô: A limpar links interwikis antigos</comment>
<model>wikitext</model>
<format>text/x-wiki</format>
<text bytes="1090" xml:space="preserve">={{-pt-}}=
==Numeral ordinal==
{{proparoxítona|qua|dra|gé|si|mo}}
# ordem de um [[elemento]] em um conjunto, que ocupe a posição equivalente ao número [[quarenta]]
===Tradução===
{{tradini}}
* {{trad|de|vierzigste}}
* {{trad|fr|quarantième}}
* {{trad|en|fortieth}}
* {{trad|it|quarantesimo}}
{{tradmeio}}
* {{trad|la|quadragesimus}}
* {{trad|lt|keturiasdešimtas}}
* {{trad|sv|fyrtionde}}
{{tradfim}}
==Adjetivo==
{{flex.pt|ms=quadragésimo|mp=quadragésimos|
fs=quadragésima|fp=quadragésimas}}
{{proparoxítona|qua|dra|gé|si|mo}}
# refere-se àquele que ocupa a posição quarenta em uma série; o que vem depois do [[trigésimo-nono]]
==Substantivo==
{{proparoxítona|qua|dra|gé|si|mo}}
# a pessoa ou coisa que está logo após o trigésimo-nono numa série
=={{etimologia|pt}}==
: Do latim ''quadragesimus''.
==Ver também==
===No Wikcionário===
{{verTambém.Ini}}
* [[trigésimo]]
{{verTambém.NovaColuna}}
* [[quinquagésimo]]
{{verTambém.Fim}}
[[Categoria:Numeral ordinal (Português)|# 000040]]
[[Categoria:Adjetivo (Português)]]
[[Categoria:Substantivo (Português)]]</text>
<sha1>94hnhyzxavb2y45l05blokz2b5x33r2</sha1>
</revision>
</page>
