<page>
<title>quadrasse</title>
<ns>0</ns>
<id>206461</id>
<revision>
<id>2396619</id>
<parentid>2134268</parentid>
<timestamp>2017-05-13T10:55:36Z</timestamp>
<contributor>
<username>HydrizBot</username>
<id>29590</id>
</contributor>
<minor />
<comment>Robô: A limpar links interwikis antigos</comment>
<model>wikitext</model>
<format>text/x-wiki</format>
<text bytes="231" xml:space="preserve">={{-pt-}}=
==Forma verbal==
'''quadrasse'''
#[[primeira pessoa|primeira]] e [[terceira pessoa]] do [[singular]] do [[pretérito imperfeito]] do [[modo subjuntivo]] do verbo '''[[quadrar]]'''
[[Categoria:Forma verbal (Português)]]</text>
<sha1>619kxbcwxoo0p5z2xnncnrsuni48fte</sha1>
</revision>
</page>
