<page>
<title>quadrante</title>
<ns>0</ns>
<id>322271</id>
<revision>
<id>2611412</id>
<parentid>2602003</parentid>
<timestamp>2021-01-31T08:22:43Z</timestamp>
<contributor>
<username>Marxav</username>
<id>73271</id>
</contributor>
<minor />
<comment>AFI Portugal</comment>
<model>wikitext</model>
<format>text/x-wiki</format>
<text bytes="1786" xml:space="preserve">{{Wikipédia|lang=pt}}
[[Imagem:Azimuth quadrant, Museum Boerhaave Leiden.jpg|thumb|right|250px|&lt;center&gt;Quadrante&lt;/center&gt;]]
={{-pt-}}=
==Substantivo==
{{flex.pt|ms=quadrante|mp=quadrantes}}
{{paroxítona|qua|dran|te}}, {{gramática|m}}
# {{escopo|pt|Matemática}} [[quarto|quarta]] [[parte]] da [[circunferência]]
# [[mostrador]] de [[relógio]]
# {{escopo|pt|Astronomia}} [[instrumento]] que consiste num [[quarto]] de [[círculo]] [[graduado]] ao qual está fixo um [[fio de prumo]]; sua [[função]] é a [[medição]] da [[distância]] [[angular]] de um [[objeto]] em relação ao [[horizonte]]
===Tradução===
{{tradini|De 1 (quarta parte da circunferência)}}
* {{trad|fr|quadrant}}
* {{trad|nl|kwadrant}}
* {{trad|en|quadrant}}
{{tradmeio}}
* {{trad|it|quadrante}}
* {{t|ru|квадрант|m|kvadránt}}
{{tradfim}}
{{tradini|De 2 (mostrador de relógio)}}
* {{trad|en|face}}
{{tradmeio}}
{{tradfim}}
{{tradini|De 3 (instrumento astronômico)}}
* {{trad|de|Quadrant}}
* {{trad|es|cuadrante}}
* {{trad|fr|quadrant}}
* {{trad|nl|kwadrant}}
{{tradmeio}}
* {{trad|en|quadrant}}
* {{trad|it|quadrante}}
* {{t|ru|квадрант|m|kvadránt}}
{{tradfim}}
=={{etimologia|pt}}==
{{llietimo|la|quadrans|pt}}
=={{pronúncia|pt}}==
===Portugal===
* AFI: {{AFI|/kwɐ.ˈdɾɐ̃.tɨ/}}
==Ver também==
===No Wikcionário===
{{verTambém.Ini}}
* [[geografia]]
{{verTambém.NovaColuna}}
* [[matemática]]
{{verTambém.Fim}}
==Ligações externas==
* {{Aulete}}
* {{Michaelis}}
* {{DicioAberto}}
* {{DPLP}}
* {{Infopédia}}
* {{PLP}}
* {{VOLPABL}}
[[Categoria:Substantivo (Português)]]
={{-it-}}=
==Substantivo==
'''quadrante'''
# {{escopo|it|Matemática}} [[quadrante#Português|quadrante]]&lt;sup&gt;1 e 3&lt;/sup&gt;
[[Categoria:Substantivo (Italiano)]]
[[Categoria:Astronomia (Italiano)]]</text>
<sha1>ftxt38nmhtdok1r7fj5grl4qtzfricb</sha1>
</revision>
</page>
