<page>
<page>
<title>quadrúpede</title>
<ns>0</ns>
<id>1653</id>
<revision>
<id>2615718</id>
<parentid>2396727</parentid>
<timestamp>2021-01-31T23:02:59Z</timestamp>
<contributor>
<username>MarxavBot</username>
<id>80155</id>
</contributor>
<minor />
<comment>AFI Portugal</comment>
<model>wikitext</model>
<format>text/x-wiki</format>
<text bytes="2433" xml:space="preserve">{{Wikipédia|tetrápode}}
={{-pt-}}=
==Substantivo==
{{flex.pt|ms=quadrúpede|ms-div=qua.&lt;u&gt;drú&lt;/u&gt;.pe.de|mp=quadrúpedes|mp-div=qua.&lt;u&gt;drú&lt;/u&gt;.pe.des}}
{{proparoxítona|qua|drú|pe|de}}, ''masculino''
# [[aquilo]] [[que]] [[ser|é]] [[sustentado]] [[por]] [[quatro]] [[pé]]s
===Tradução===
{{tradini}}
* {{trad|de|Vierbeiner}} ''m''
* {{trad|ar|رباعي الأرجل}}
* {{trad|an|cuatropedia}}
* {{trad|br|pevarzroadeg}}
* {{trad|bg|четириного}}
* {{trad|cs|čtyřnožec}}
* {{trad|zh|四足动物}}
* {{trad|kw|peswardrösek}}
* {{trad|hr|četveronožac}}
* {{trad|es|cuadrúpedo}}
* {{trad|eo|kvarpiedulo}}
* {{trad|et|neljajalgne}}
* {{trad|fi|nelijalkainen}}
* {{trad|vls|viervoeter}}
* {{trad|fur|cuadrupid}}
* {{trad|fr|quadrupède}}
* {{trad|el|τετράποδο}}
* {{trad|gn|pyirundýva}}
* {{trad|gu|ચોપગું પશુ}}
* {{trad|he|ארבע-רגלי}}
* {{trad|hi|चौपाया}}
{{tradmeio}}
* {{trad|nl|viervoeter}}
* {{trad|hu|négylábú}}
* {{trad|en|quadruped}}
* {{trad|it|quadrupede}}
* {{trad|lad|cuadruped}}
* {{trad|la|quadrupes}}
* {{trad|lv|četrkājains}}
* {{trad|mt|quadruped}}
* {{trad|mdf|nilaepiljgae}}
* {{trad|nap|quatrupede}}
* {{trad|pap|kuadrúpedo}}
* {{trad|pms|quadruped|quatr-piòte}}
* {{trad|pl|czworonóg}}
* {{trad|pa|ਚੋਪਾਯਾ}}
* {{trad|ro|patruped}}
* {{trad|ru|четвероногое}}
* {{trad|sa|चतुष्पादः}}
* {{trad|sr|четвороножац}}
* {{trad|sv|fyrbenta djur}}
* {{trad|wa|cwate-pates}}
* {{trad|val|quadrupet}}
{{tradfim}}
==Adjetivo==
{{flex.pt|s=quadrúpede|p=quadrúpedes|s-div=qua.&lt;u&gt;drú&lt;/u&gt;.pe.de|p-div=qua.&lt;u&gt;drú&lt;/u&gt;.pe.des}}
'''qua.&lt;u&gt;drú&lt;/u&gt;.pe.de''', ''comum de dois gêneros''
# [[que]] [[possuir|possui]] [[quatro]] [[pé]]s
#* ''Os restos do dinossauro, '''quadrúpede''' e herbívoro, foram localizados em Níger (África).'' {{OESP|2007|novembro|16}}
===Sinônimo===
* [[tetrápode]]
===Tradução===
{{tradini}}
* {{trad|de|vierfüßig}}
* {{trad|es|cuadrúpedo}}
* {{trad|fr|quadrupède}}
{{tradmeio}}
* {{trad|en|quadruped}}
* {{trad|it|quadrupede}}
* {{trad|la|quadrups}}
{{tradfim}}
=={{etimologia|pt}}==
: Do [[latim]] ''quadrupĕdus''.
=={{pronúncia|pt}}==
===Portugal===
* AFI: {{AFI|/kwɐ.ˈdɾu.pɨ.dɨ/}}
==Ver também==
===No Wikcionário===
{{verTambém.Ini}}
* [[quadrupedar]]
{{verTambém.Fim}}
[[Categoria:Adjetivo (Português)]]
[[Categoria:Substantivo (Português)]]</text>
<sha1>pqd7ads8pe4dggvsdn4og5pswaf4zx0</sha1>
</revision>
