<page>
<title>quadricule</title>
<ns>0</ns>
<id>213732</id>
<revision>
<id>2396672</id>
<parentid>2134295</parentid>
<timestamp>2017-05-13T10:57:29Z</timestamp>
<contributor>
<username>HydrizBot</username>
<id>29590</id>
</contributor>
<minor />
<comment>Robô: A limpar links interwikis antigos</comment>
<model>wikitext</model>
<format>text/x-wiki</format>
<text bytes="423" xml:space="preserve">={{-pt-}}=
==Forma verbal==
'''quadricule'''
#[[primeira pessoa|primeira]] e [[terceira pessoa]] do [[singular]] do [[presente]] do [[modo subjuntivo]] do verbo '''[[quadricular]]'''
#[[terceira pessoa]] do [[singular]] do [[imperativo]] [[afirmativo]] do verbo '''[[quadricular]]'''
#[[terceira pessoa]] do [[singular]] do [[imperativo]] [[negativo]] do verbo '''[[quadricular]]'''
[[Categoria:Forma verbal (Português)]]</text>
<sha1>7s5n2yzdbfpi83d4mp4jcyq10fkt90h</sha1>
</revision>
</page>
