<page>
<title>quadrilhas</title>
<ns>0</ns>
<id>273669</id>
<revision>
<id>2396692</id>
<parentid>2134278</parentid>
<timestamp>2017-05-13T10:58:06Z</timestamp>
<contributor>
<username>HydrizBot</username>
<id>29590</id>
</contributor>
<minor />
<comment>Robô: A limpar links interwikis antigos</comment>
<model>wikitext</model>
<format>text/x-wiki</format>
<text bytes="212" xml:space="preserve">={{-pt-}}=
==Forma de substantivo==
{{flex.pt|fs=quadrilha|fp=quadrilhas}}
{{paroxítona|qua|dri|lhas}}, {{f}}
# plural de [[quadrilha]]
{{avi-for-fle|quadrilha}}
[[Categoria:Forma de substantivo (Português)]]</text>
<sha1>hfo8ojnzxflladaeigxs2tg0ib9lwdi</sha1>
</revision>
</page>
