<page>
<title>quadram</title>
<ns>0</ns>
<id>161360</id>
<revision>
<id>2396593</id>
<parentid>1789380</parentid>
<timestamp>2017-05-13T10:54:46Z</timestamp>
<contributor>
<username>HydrizBot</username>
<id>29590</id>
</contributor>
<minor />
<comment>Robô: A limpar links interwikis antigos</comment>
<model>wikitext</model>
<format>text/x-wiki</format>
<text bytes="182" xml:space="preserve">={{-pt-}}=
==Forma verbal==
'''quadram'''
#[[terceira pessoa]] do [[plural]] do [[presente]] do [[modo indicativo]] do verbo '''[[quadrar]]'''
[[Categoria:Forma verbal (Português)]]</text>
<sha1>rhg2k7ib6b8v1dnahhldaos7dj0h057</sha1>
</revision>
</page>
