<page>
<page>
<title>quadrara</title>
<ns>0</ns>
<id>178322</id>
<revision>
<id>2396600</id>
<parentid>1167978</parentid>
<timestamp>2017-05-13T10:55:04Z</timestamp>
<contributor>
<username>HydrizBot</username>
<id>29590</id>
</contributor>
<minor />
<comment>Robô: A limpar links interwikis antigos</comment>
<model>wikitext</model>
<format>text/x-wiki</format>
<text bytes="231" xml:space="preserve">={{-pt-}}=
==Forma verbal==
'''quadrara'''
#[[primeira pessoa|primeira]] e [[terceira pessoa|terceira pessoas]] do [[singular]] do [[pretérito mais-que-perfeito]] do verbo '''[[quadrar]]'''
[[Categoria:Forma verbal (Português)]]</text>
<sha1>kprvqu9eznazuls5rl5e50i631tbzw7</sha1>
</revision>
