<page>
<page>
<title>quadras</title>
<ns>0</ns>
<id>155572</id>
<revision>
<id>2396618</id>
<parentid>1879474</parentid>
<timestamp>2017-05-13T10:55:34Z</timestamp>
<contributor>
<username>HydrizBot</username>
<id>29590</id>
</contributor>
<minor />
<comment>Robô: A limpar links interwikis antigos</comment>
<model>wikitext</model>
<format>text/x-wiki</format>
<text bytes="356" xml:space="preserve">={{-pt-}}=
==Forma de substantivo==
{{paroxítona|qua|dras}}, {{f}}
# plural de [[quadra]]
{{avi-for-fle|quadra}}
==Forma verbal==
{{paroxítona|qua|dras}}
# [[segunda pessoa]] do singular do [[presente]] [[indicativo]] do verbo [[quadrar]]
{{avi-for-fle|quadrar}}
[[Categoria:Forma de substantivo (Português)]]
[[Categoria:Forma verbal (Português)]]</text>
<sha1>pmzliqmskgx60chr74bm2axygmste2m</sha1>
</revision>
