<page>
<page>
<title>quadradinho</title>
<ns>0</ns>
<id>74840</id>
<revision>
<id>1214578</id>
<parentid>292879</parentid>
<timestamp>2011-07-10T17:38:49Z</timestamp>
<contributor>
<username>MalafayaBot</username>
<id>628</id>
</contributor>
<minor />
<comment>Robô: Substituição de texto automática (-^\=\s?Português\s?\= +={{-pt-}}= &amp; -^\=\s?\{\{pt\}\}\s?\= +={{-pt-}}=)</comment>
<model>wikitext</model>
<format>text/x-wiki</format>
<text bytes="253" xml:space="preserve">={{-pt-}}=
[[Categoria:Substantivo (Português)]]
==Substantivo==
'''quadradinho''' ''masculino ''
# [[quadrado]] [[pequeno]]
# [[quadro]] [[pequeno]]
==Expressão==
# '''[[história aos quadradinhos]]''' - [[história]] [[contada]] [[em]] [[desenhos]]</text>
<sha1>1p80kvcej4fkq51x81igy8ved2yq6gu</sha1>
</revision>
