<page>
<page>
<title>quadricularei</title>
<ns>0</ns>
<id>184265</id>
<revision>
<id>2396649</id>
<parentid>2134253</parentid>
<timestamp>2017-05-13T10:56:30Z</timestamp>
<contributor>
<username>HydrizBot</username>
<id>29590</id>
</contributor>
<minor />
<comment>Robô: A limpar links interwikis antigos</comment>
<model>wikitext</model>
<format>text/x-wiki</format>
<text bytes="182" xml:space="preserve">={{-pt-}}=
==Forma verbal==
'''quadricularei'''
#[[primeira pessoa]] do [[singular]] do [[futuro do presente]] do verbo '''[[quadricular]]'''
[[Categoria:Forma verbal (Português)]]</text>
<sha1>dluqygaoq3wccjdhmxne7y4x5afjse7</sha1>
</revision>
