<page>
<title>quadringenti</title>
<ns>0</ns>
<id>2965</id>
<revision>
<id>2396700</id>
<parentid>2134271</parentid>
<timestamp>2017-05-13T10:58:18Z</timestamp>
<contributor>
<username>HydrizBot</username>
<id>29590</id>
</contributor>
<minor />
<comment>Robô: A limpar links interwikis antigos</comment>
<model>wikitext</model>
<format>text/x-wiki</format>
<text bytes="387" xml:space="preserve">={{-la-}}=
== Numeral ==
'''qua.drin.gen.ti''' ''numeral cardinal'' ''masculino''
:(feminino: ''quadringentae'') (neutro: ''quadringenta'')
:*O número ''[[quatrocentos]]''  (400). Representado também pelos algarimos romanos '''CD'''.
=== Ordinal equivalente ===
:* [[quadringentesimus]]
=== Outros verbetes ===
[[trecenti]], [[quingenti]]
[[Categoria:Numeral (Latim)|# 000400]]</text>
<sha1>lb633hx28cat76cn8cnxj1av15ij4ez</sha1>
</revision>
</page>
