<page>
<title>quadriculariam</title>
<ns>0</ns>
<id>196635</id>
<revision>
<id>2396655</id>
<parentid>2134247</parentid>
<timestamp>2017-05-13T10:56:48Z</timestamp>
<contributor>
<username>HydrizBot</username>
<id>29590</id>
</contributor>
<minor />
<comment>Robô: A limpar links interwikis antigos</comment>
<model>wikitext</model>
<format>text/x-wiki</format>
<text bytes="183" xml:space="preserve">={{-pt-}}=
==Forma verbal==
'''quadriculariam'''
#[[terceira pessoa]] do [[plural]] do [[futuro do pretérito]] do verbo '''[[quadricular]]'''
[[Categoria:Forma verbal (Português)]]</text>
<sha1>jegjlpclayfqlb41bn75yfxmtqjrzg8</sha1>
</revision>
</page>
