<page>
<title>quadricularas</title>
<ns>0</ns>
<id>179589</id>
<revision>
<id>2396647</id>
<parentid>2134255</parentid>
<timestamp>2017-05-13T10:56:28Z</timestamp>
<contributor>
<username>HydrizBot</username>
<id>29590</id>
</contributor>
<minor />
<comment>Robô: A limpar links interwikis antigos</comment>
<model>wikitext</model>
<format>text/x-wiki</format>
<text bytes="191" xml:space="preserve">={{-pt-}}=
==Forma verbal==
'''quadricularas'''
#[[segunda pessoa]] do [[singular]] do [[pretérito mais-que-perfeito]] do verbo '''[[quadricular]]'''
[[Categoria:Forma verbal (Português)]]</text>
<sha1>36vghodpgksu2xp7xg8wu6c7u3cyf7h</sha1>
</revision>
</page>
