<page>
<page>
<title>quadraginta</title>
<ns>0</ns>
<id>2753</id>
<revision>
<id>2396588</id>
<parentid>2247083</parentid>
<timestamp>2017-05-13T10:54:37Z</timestamp>
<contributor>
<username>HydrizBot</username>
<id>29590</id>
</contributor>
<minor />
<comment>Robô: A limpar links interwikis antigos</comment>
<model>wikitext</model>
<format>text/x-wiki</format>
<text bytes="267" xml:space="preserve">={{-la-}}=
== Numeral ==
'''qua.dra.gin.ta''' ''numeral cardinal''  invariável
:*O número ''[[quarenta]]''  (40).
=== Ordinal equivalente ===
:* [[undevicesimus]]
=== Outros verbetes ===
[[triginta]], [[quinquaginta]]
[[Categoria:Numeral (Latim)|# 000040]]</text>
<sha1>izgmu8fxugas7oflnrrl9zqfpxwbn9v</sha1>
</revision>
