<page>
<title>quadrareis</title>
<ns>0</ns>
<id>190229</id>
<revision>
<id>2396605</id>
<parentid>1167983</parentid>
<timestamp>2017-05-13T10:55:13Z</timestamp>
<contributor>
<username>HydrizBot</username>
<id>29590</id>
</contributor>
<minor />
<comment>Robô: A limpar links interwikis antigos</comment>
<model>wikitext</model>
<format>text/x-wiki</format>
<text bytes="172" xml:space="preserve">={{-pt-}}=
==Forma verbal==
'''quadrareis'''
#[[segunda pessoa]] do [[plural]] do [[futuro do presente]] do verbo '''[[quadrar]]'''
[[Categoria:Forma verbal (Português)]]</text>
<sha1>b8qdxbm6z02fxf64pu8bi06z7ko8386</sha1>
</revision>
</page>
