<page>
<page>
<title>quadrigas</title>
<ns>0</ns>
<id>339622</id>
<revision>
<id>2396689</id>
<parentid>1934853</parentid>
<timestamp>2017-05-13T10:57:59Z</timestamp>
<contributor>
<username>HydrizBot</username>
<id>29590</id>
</contributor>
<minor />
<comment>Robô: A limpar links interwikis antigos</comment>
<model>wikitext</model>
<format>text/x-wiki</format>
<text bytes="345" xml:space="preserve">={{-pt-}}=
==Forma de substantivo==
{{paroxítona|qua|dri|gas}}, {{f}}
# plural de [[quadriga]]
{{avi-for-fle|quadriga}}
[[Categoria:Forma de substantivo (Português)]]
={{-en-}}=
==Forma de substantivo==
'''quadrigas'''
# plural de [[quadriga#{{en}}|quadriga]]
{{avi-for-fle|quadriga|lang=en}}
[[Categoria:Forma de substantivo (Inglês)]]</text>
<sha1>hdrjpbgoucr5otv6mryvsjgknqiqpfx</sha1>
</revision>
