<page>
<title>quadrariam</title>
<ns>0</ns>
<id>196860</id>
<revision>
<id>2396610</id>
<parentid>1167988</parentid>
<timestamp>2017-05-13T10:55:21Z</timestamp>
<contributor>
<username>HydrizBot</username>
<id>29590</id>
</contributor>
<minor />
<comment>Robô: A limpar links interwikis antigos</comment>
<model>wikitext</model>
<format>text/x-wiki</format>
<text bytes="175" xml:space="preserve">={{-pt-}}=
==Forma verbal==
'''quadrariam'''
#[[terceira pessoa]] do [[plural]] do [[futuro do pretérito]] do verbo '''[[quadrar]]'''
[[Categoria:Forma verbal (Português)]]</text>
<sha1>08ayn3qfrm9rgkpxy6ueu27klpy6acr</sha1>
</revision>
</page>
