<page>
<title>quadriculaste</title>
<ns>0</ns>
<id>172622</id>
<revision>
<id>2396667</id>
<parentid>2134300</parentid>
<timestamp>2017-05-13T10:57:19Z</timestamp>
<contributor>
<username>HydrizBot</username>
<id>29590</id>
</contributor>
<minor />
<comment>Robô: A limpar links interwikis antigos</comment>
<model>wikitext</model>
<format>text/x-wiki</format>
<text bytes="204" xml:space="preserve">={{-pt-}}=
==Forma verbal==
'''quadriculaste'''
#[[segunda pessoa]] do [[singular]] do [[pretérito perfeito]] do [[modo indicativo]] do verbo '''[[quadricular]]'''
[[Categoria:Forma verbal (Português)]]</text>
<sha1>eoqmnhz7hpr048yvu18w0zkjvu1ksob</sha1>
</revision>
</page>
