<page>
<page>
<title>quadrimestralidades</title>
<ns>0</ns>
<id>332863</id>
<revision>
<id>1876289</id>
<parentid>1870438</parentid>
<timestamp>2014-12-04T04:36:42Z</timestamp>
<contributor>
<username>MIL973</username>
<id>41339</id>
</contributor>
<model>wikitext</model>
<format>text/x-wiki</format>
<text bytes="204" xml:space="preserve">={{-pt-}}=
==Forma de substantivo==
{{paroxítona|qua|dri|mes|tra|li|da|des}}, {{f}}
# plural de [[quadrimestralidade]]
{{avi-for-fle|quadrimestralidade}}
[[Categoria:Forma de substantivo (Português)]]</text>
<sha1>k1ivuzsigyv11yha27hxa33s5ybn85q</sha1>
</revision>
