<page>
<title>quadriculara</title>
<ns>0</ns>
<id>178097</id>
<revision>
<id>2396645</id>
<parentid>2134257</parentid>
<timestamp>2017-05-13T10:56:25Z</timestamp>
<contributor>
<username>HydrizBot</username>
<id>29590</id>
</contributor>
<minor />
<comment>Robô: A limpar links interwikis antigos</comment>
<model>wikitext</model>
<format>text/x-wiki</format>
<text bytes="239" xml:space="preserve">={{-pt-}}=
==Forma verbal==
'''quadriculara'''
#[[primeira pessoa|primeira]] e [[terceira pessoa|terceira pessoas]] do [[singular]] do [[pretérito mais-que-perfeito]] do verbo '''[[quadricular]]'''
[[Categoria:Forma verbal (Português)]]</text>
<sha1>f1g0i67fugg8wczwybf7wxz9op5cvat</sha1>
</revision>
</page>
