<page>
<page>
<title>quadrangular</title>
<ns>0</ns>
<id>66447</id>
<revision>
<id>2653075</id>
<parentid>2620104</parentid>
<timestamp>2021-11-23T02:03:55Z</timestamp>
<contributor>
<username>Calq</username>
<id>27699</id>
</contributor>
<comment>/* Tradução */</comment>
<model>wikitext</model>
<format>text/x-wiki</format>
<text bytes="747" xml:space="preserve">[[File:Igreja Matriz da exaltação de Santa Cruz, Batalha (Portugal) (2906317171).jpg|thumb|&lt;center&gt;Portal quadrangular&lt;/center&gt;]]
={{-pt-}}=
==Adjetivo==
{{flex.pt|s=quadrangular|p=quadrangulares}}
{{oxítona|qua|dran|gu|lar}}
# de [[quatro]] [[ângulo]]s
# que tem por base um [[quadrângulo]]
===Tradução===
{{tradini}}
* {{trad|de|viereckig}}
* {{trad|es|cuadrangular}}
* {{trad|fr|quadrangulaire}}
{{tradmeio}}
* {{trad|gl|cuadrangular}}
* {{trad|nl|vierhoekig}}
* {{trad|en|quadrangular}}
{{tradfim}}
=={{pronúncia|pt}}==
===Portugal===
* AFI: {{AFI|/kwɐ.dɾɐ̃.ɡu.ˈlaɾ/}}
[[Categoria:Adjetivo (Português)]]
={{-en-}}=
==Adjetivo==
'''quadrangular'''
# [[quadrangular#Português|quadrangular]]
[[Categoria:Adjetivo (Inglês)]]</text>
<sha1>mf504bnye397i4vnak5glusuae57rnc</sha1>
</revision>
