<page>
<title>quadricularias</title>
<ns>0</ns>
<id>200927</id>
<revision>
<id>2396656</id>
<parentid>2134246</parentid>
<timestamp>2017-05-13T10:56:53Z</timestamp>
<contributor>
<username>HydrizBot</username>
<id>29590</id>
</contributor>
<minor />
<comment>Robô: A limpar links interwikis antigos</comment>
<model>wikitext</model>
<format>text/x-wiki</format>
<text bytes="184" xml:space="preserve">={{-pt-}}=
==Forma verbal==
'''quadricularias'''
#[[segunda pessoa]] do [[singular]] do [[futuro do pretérito]] do verbo '''[[quadricular]]'''
[[Categoria:Forma verbal (Português)]]</text>
<sha1>3i57cvenymqqd4y5597magsh0iqmpm1</sha1>
</revision>
</page>
