<page>
<title>quadríceps</title>
<ns>0</ns>
<id>257917</id>
<revision>
<id>1191902</id>
<parentid>1007848</parentid>
<timestamp>2011-07-08T20:32:40Z</timestamp>
<contributor>
<username>MalafayaBot</username>
<id>628</id>
</contributor>
<minor />
<comment>Robô: Substituição de texto automática (-^\=\s?Português\s?\= +={{-pt-}}= &amp; -^\=\s?\{\{pt\}\}\s?\= +={{-pt-}}=)</comment>
<model>wikitext</model>
<format>text/x-wiki</format>
<text bytes="627" xml:space="preserve">={{-pt-}}=
==Substantivo==
{{flex.pt|ms=quadríceps|mp=quadríceps}}
{{paroxítona|qua|drí|ceps}}
# [[músculo]] [[femoral]] localizado na face anterior da [[coxa]] e que envolve quase que por completo o [[fêmur]]
===Sinônimo===
* [[quadricípite]]
=={{etimologia|pt}}==
: Do latim ''quadriceps, cipitis'' (de quatro cabeças).
==Ver também==
===No Wikcionário===
{{verTambém.Ini}}
* [[bíceps]]
{{verTambém.NovaColuna}}
* [[tríceps]]
{{verTambém.Fim}}
===Na Wikipédia===
* [[w:músculo quadríceps femural|músculo quadríceps femural]]
[[Categoria:Substantivo (Português)]]
[[Categoria:Anatomia (Português)]]</text>
<sha1>oenlrzkjx5jd3lo3lulowk20ekngpt6</sha1>
</revision>
</page>
