<page>
<page>
<title>quadraturas</title>
<ns>0</ns>
<id>322009</id>
<revision>
<id>2396625</id>
<parentid>1810876</parentid>
<timestamp>2017-05-13T10:55:49Z</timestamp>
<contributor>
<username>HydrizBot</username>
<id>29590</id>
</contributor>
<minor />
<comment>Robô: A limpar links interwikis antigos</comment>
<model>wikitext</model>
<format>text/x-wiki</format>
<text bytes="142" xml:space="preserve">={{-pt-}}=
==Forma de substantivo==
{{paroxítona|qua|dra|tu|ras}}
# plural de [[quadratura]]
[[Categoria: Forma de substantivo (Português)]]</text>
<sha1>qgi2u4v5ymumxyqhau4vhtx35xhmfx7</sha1>
</revision>
