<page>
<title>quadricularem</title>
<ns>0</ns>
<id>212259</id>
<revision>
<id>2396651</id>
<parentid>2134251</parentid>
<timestamp>2017-05-13T10:56:33Z</timestamp>
<contributor>
<username>HydrizBot</username>
<id>29590</id>
</contributor>
<minor />
<comment>Robô: A limpar links interwikis antigos</comment>
<model>wikitext</model>
<format>text/x-wiki</format>
<text bytes="283" xml:space="preserve">={{-pt-}}=
==Forma verbal==
'''quadricularem'''
#[[terceira pessoa]] do [[plural]] do [[futuro]] do [[modo subjuntivo]] do verbo '''[[quadricular]]'''
#[[infinitivo pessoal]] da [[terceira pessoa]] do [[plural]] do verbo '''[[quadricular]]'''
[[Categoria:Forma verbal (Português)]]</text>
<sha1>t4kpc18xmggaeg318lp9n1wxc4bqg37</sha1>
</revision>
</page>
