<page>
<title>quadrinhos</title>
<ns>0</ns>
<id>8753</id>
<revision>
<id>2602001</id>
<parentid>2396703</parentid>
<timestamp>2020-11-14T13:11:43Z</timestamp>
<contributor>
<username>ValJor</username>
<id>1358</id>
</contributor>
<comment>Trocando escopo por escopo2</comment>
<model>wikitext</model>
<format>text/x-wiki</format>
<text bytes="929" xml:space="preserve">[[Imagem:Comics.jpg|thumb|right|250px|&lt;center&gt;Quadrinhos&lt;/center&gt;]]
{{signBr|banda desenhada}}
={{-pt-}}=
==Substantivo==
{{flex.pt|ms=-|mp=quadrinhos}}
{{paroxítona|qua|dri|nhos}}
# forma de [[arte]] sequencial que conjuga [[texto]] e [[imagem|imagens]] com o objetivo de narrar [[história]]s
===Sinônimos===
{{verTambém.Ini}}
* [[banda desenhada]]
* [[BD]]
* [[gibi]]
{{verTambém.NovaColuna}}
* [[história em quadrinhos]]
* [[HQ]]
* {{escopo2|Portugal}} [[livro aos quadradinhos]]
{{verTambém.Fim}}
===Tradução===
{{tradini}}
* {{trad|ia|historietta designate}}
{{tradmeio}}
{{tradfim}}
==Forma de substantivo==
{{paroxítona|qua|dri|nhos}}
# plural do diminutivo de [[quadro]]; quadros pequenos
{{avi-for-fle|quadro}}
=={{etimologia|pt}}==
: Plural do diminutivo de [[quadro]].
[[Categoria:Substantivo (Português)]]
[[Categoria:Forma de substantivo (Português)]]
[[Categoria:Entrada com imagem (Português)]]</text>
<sha1>fv43o1272dj40217fkx0pvt4pvtv8ty</sha1>
</revision>
</page>
