<page>
<title>quadrículas</title>
<ns>0</ns>
<id>74836</id>
<revision>
<id>1214583</id>
<parentid>292871</parentid>
<timestamp>2011-07-10T17:38:59Z</timestamp>
<contributor>
<username>MalafayaBot</username>
<id>628</id>
</contributor>
<minor />
<comment>Robô: Substituição de texto automática (-^\=\s?Português\s?\= +={{-pt-}}= &amp; -^\=\s?\{\{pt\}\}\s?\= +={{-pt-}}=)</comment>
<model>wikitext</model>
<format>text/x-wiki</format>
<text bytes="141" xml:space="preserve">={{-pt-}}=
[[Categoria:Substantivo (Português)]]
==Substantivo==
'''quadrículas''' ''feminino ''
#  [[plural]] [[de]] '''[[quadrícula]]'''</text>
<sha1>d10siz46arrgln2w7o55d61ifrxr4fe</sha1>
</revision>
</page>
