<page>
<page>
<title>quadraremos</title>
<ns>0</ns>
<id>188763</id>
<revision>
<id>2396607</id>
<parentid>1167985</parentid>
<timestamp>2017-05-13T10:55:16Z</timestamp>
<contributor>
<username>HydrizBot</username>
<id>29590</id>
</contributor>
<minor />
<comment>Robô: A limpar links interwikis antigos</comment>
<model>wikitext</model>
<format>text/x-wiki</format>
<text bytes="174" xml:space="preserve">={{-pt-}}=
==Forma verbal==
'''quadraremos'''
#[[primeira pessoa]] do [[plural]] do [[futuro do presente]] do verbo '''[[quadrar]]'''
[[Categoria:Forma verbal (Português)]]</text>
<sha1>shy3cd33hsv5lda46qdhjvwahm82o6e</sha1>
</revision>
