<page>
<page>
<title>quadrásseis</title>
<ns>0</ns>
<id>202488</id>
<revision>
<id>2396720</id>
<parentid>1168063</parentid>
<timestamp>2017-05-13T10:58:57Z</timestamp>
<contributor>
<username>HydrizBot</username>
<id>29590</id>
</contributor>
<minor />
<comment>Robô: A limpar links interwikis antigos</comment>
<model>wikitext</model>
<format>text/x-wiki</format>
<text bytes="200" xml:space="preserve">={{-pt-}}=
==Forma verbal==
'''quadrásseis'''
#[[segunda pessoa]] do [[plural]] do [[pretérito imperfeito]] do [[modo subjuntivo]] do verbo '''[[quadrar]]'''
[[Categoria:Forma verbal (Português)]]</text>
<sha1>oysfst250q5dus9bi18wzhjlj6vyebp</sha1>
</revision>
