<page>
<title>quadrimestralidade</title>
<ns>0</ns>
<id>332857</id>
<revision>
<id>1876288</id>
<parentid>1870424</parentid>
<timestamp>2014-12-04T04:36:28Z</timestamp>
<contributor>
<username>MIL973</username>
<id>41339</id>
</contributor>
<model>wikitext</model>
<format>text/x-wiki</format>
<text bytes="483" xml:space="preserve">={{-pt-}}=
==Substantivo==
{{flex.pt|fs=quadrimestralidade|fp=quadrimestralidades}}
{{paroxítona|qua|dri|mes|tra|li|da|de}}, {{f}}
# qualidade de [[quadrimestral]]
=={{etimologia|pt}}==
: {{escopo|Morfologia}} [[quadrimestral]] + [[i]] + [[-dade]].
==Ver também==
===No Wikcionário===
{{verTambém.Ini}}
* [[bimestralidade]]
{{verTambém.NovaColuna}}
* [[semestralidade]]
{{verTambém.NovaColuna}}
* [[trimestralidade]]
{{verTambém.Fim}}
[[Categoria:Substantivo (Português)]]</text>
<sha1>4sp7n35trzxcvsy9isnf29ccpmod7mg</sha1>
</revision>
</page>
