<page>
<title>quadrisavoli</title>
<ns>0</ns>
<id>416978</id>
<revision>
<id>2565596</id>
<timestamp>2019-12-09T19:28:21Z</timestamp>
<contributor>
<ip>2804:431:D724:8895:5CF6:E17C:433C:D336</ip>
</contributor>
<comment>[[Ajuda:Guia de edição/Menus e ferramentas/Sumário de edição|→]] nova página: ={{-it-}}= ==Substantivo== '''quadrisavoli''', {{n}} # tetravós ([[tetravó]] + [[tetravô]])  Categoria:S...</comment>
<model>wikitext</model>
<format>text/x-wiki</format>
<text bytes="166" xml:space="preserve">={{-it-}}=
==Substantivo==
'''quadrisavoli''', {{n}}
# tetravós ([[tetravó]] + [[tetravô]])
[[Categoria:Substantivo (Italiano)]]
[[Categoria:Família (Italiano)]]</text>
<sha1>ndkwk1u0odv7cpivikyz6xfkaqdtex7</sha1>
</revision>
</page>
