<page>
<title>quadrará</title>
<ns>0</ns>
<id>187429</id>
<revision>
<id>2396613</id>
<parentid>1167991</parentid>
<timestamp>2017-05-13T10:55:26Z</timestamp>
<contributor>
<username>HydrizBot</username>
<id>29590</id>
</contributor>
<minor />
<comment>Robô: A limpar links interwikis antigos</comment>
<model>wikitext</model>
<format>text/x-wiki</format>
<text bytes="174" xml:space="preserve">={{-pt-}}=
==Forma verbal==
'''quadrará'''
#[[terceira pessoa]] do [[singular]] do [[futuro do presente]] do verbo '''[[quadrar]]'''
[[Categoria:Forma verbal (Português)]]</text>
<sha1>0cmgw4xctwegi9cnb5baxwc3lexz44u</sha1>
</revision>
</page>
