<page>
<title>quadratriz</title>
<ns>0</ns>
<id>323014</id>
<revision>
<id>1815402</id>
<timestamp>2014-03-20T10:51:19Z</timestamp>
<contributor>
<username>ValJor</username>
<id>1358</id>
</contributor>
<comment>Eliminando [[quadratrizes]] da lista de [[Especial:Lonelypages|órfãos]]</comment>
<model>wikitext</model>
<format>text/x-wiki</format>
<text bytes="410" xml:space="preserve">={{-pt-}}=
==Substantivo==
{{flex.pt|fs=quadratriz|fp=quadratrizes}}
{{oxítona|qua|dra|triz}}
# [[curva]] que serve para a [[resolução]] aproximada do [[problema]] da [[quadratura]] do [[círculo]] e para a [[trissecção]] do [[ângulo]]
=={{etimologia|pt}}==
: Do latim ''quadratus''.
==Ligações externas==
* {{DicioAberto}}
[[Categoria:Substantivo (Português)]]
[[Categoria:Geometria (Português)]]</text>
<sha1>oy71had7rtodvhi4jz91jimsg38ezp4</sha1>
</revision>
</page>
