<page>
<title>quadramos</title>
<ns>0</ns>
<id>158403</id>
<revision>
<id>2490463</id>
<parentid>2396594</parentid>
<timestamp>2018-03-22T14:52:36Z</timestamp>
<contributor>
<username>ValJor</username>
<id>1358</id>
</contributor>
<comment>Acrescentando a predefinição avi-for-fle</comment>
<model>wikitext</model>
<format>text/x-wiki</format>
<text bytes="322" xml:space="preserve">={{-pt-}}=
==Forma verbal==
{{paroxítona|qua|dra|mos}}
# primeira pessoa do plural do presente do modo indicativo do verbo [[quadrar]]
# {{escopo2|grafia brasileira}} primeira pessoa do plural do pretérito perfeito do modo indicativo do verbo [[quadrar]]
{{avi-for-fle|quadrar}}
[[Categoria:Forma verbal (Português)]]</text>
<sha1>l5wz7zwezsuow6id1gle31n49o7yta9</sha1>
</revision>
</page>
