<page>
<page>
<title>quadriculardes</title>
<ns>0</ns>
<id>210917</id>
<revision>
<id>2396648</id>
<parentid>2134254</parentid>
<timestamp>2017-05-13T10:56:29Z</timestamp>
<contributor>
<username>HydrizBot</username>
<id>29590</id>
</contributor>
<minor />
<comment>Robô: A limpar links interwikis antigos</comment>
<model>wikitext</model>
<format>text/x-wiki</format>
<text bytes="282" xml:space="preserve">={{-pt-}}=
==Forma verbal==
'''quadriculardes'''
#[[segunda pessoa]] do [[plural]] do [[futuro]] do [[modo subjuntivo]] do verbo '''[[quadricular]]'''
#[[infinitivo pessoal]] da [[segunda pessoa]] do [[plural]] do verbo '''[[quadricular]]'''
[[Categoria:Forma verbal (Português)]]</text>
<sha1>btn09iv7ybyb0g3o266u7a8hr1pd96k</sha1>
</revision>
