<page>
<title>quadriculemos</title>
<ns>0</ns>
<id>215041</id>
<revision>
<id>2396676</id>
<parentid>2134291</parentid>
<timestamp>2017-05-13T10:57:36Z</timestamp>
<contributor>
<username>HydrizBot</username>
<id>29590</id>
</contributor>
<minor />
<comment>Robô: A limpar links interwikis antigos</comment>
<model>wikitext</model>
<format>text/x-wiki</format>
<text bytes="389" xml:space="preserve">={{-pt-}}=
==Forma verbal==
'''quadriculemos'''
#[[primeira pessoa]] do [[plural]] do [[presente]] do [[modo subjuntivo]] do verbo '''[[quadricular]]'''
#[[primeira pessoa]] do [[plural]] do [[imperativo]] [[afirmativo]] do verbo '''[[quadricular]]'''
#[[primeira pessoa]] do [[plural]] do [[imperativo]] [[negativo]] do verbo '''[[quadricular]]'''
[[Categoria:Forma verbal (Português)]]</text>
<sha1>bpcob94lwz5vnal6b11qm1cw8ru0y1t</sha1>
</revision>
</page>
