<page>
<page>
<title>quadre</title>
<ns>0</ns>
<id>213942</id>
<revision>
<id>2396630</id>
<parentid>2251229</parentid>
<timestamp>2017-05-13T10:56:00Z</timestamp>
<contributor>
<username>HydrizBot</username>
<id>29590</id>
</contributor>
<minor />
<comment>Robô: A limpar links interwikis antigos</comment>
<model>wikitext</model>
<format>text/x-wiki</format>
<text bytes="407" xml:space="preserve">={{-pt-}}=
==Forma verbal==
'''quadre'''
#[[primeira pessoa|primeira]] e [[terceira pessoa]] do [[singular]] do [[presente]] do [[modo subjuntivo]] do verbo '''[[quadrar]]'''
#[[terceira pessoa]] do [[singular]] do [[imperativo]] [[afirmativo]] do verbo '''[[quadrar]]'''
#[[terceira pessoa]] do [[singular]] do [[imperativo]] [[negativo]] do verbo '''[[quadrar]]'''
[[Categoria:Forma verbal (Português)]]</text>
<sha1>h92x6ekwroo6zvpioxc7hn3g9lvkxpz</sha1>
</revision>
