<page>
<title>quaderna</title>
<ns>0</ns>
<id>322286</id>
<revision>
<id>2609479</id>
<parentid>2609477</parentid>
<timestamp>2021-01-26T18:27:17Z</timestamp>
<contributor>
<username>Diegobiavati</username>
<id>71646</id>
</contributor>
<minor />
<model>wikitext</model>
<format>text/x-wiki</format>
<text bytes="1112" xml:space="preserve">={{-pt-}}=
==Substantivo==
{{flex.pt|fs=quaderna|fp=quadernas}}
{{paroxítona|qua|der|na}}, {{g|f}}
# {{escopo|pt|Heráldica}} [[objeto]] composto de [[quatro]] [[peça]]s em [[quadrado]] em forma de [[crescente]]s
# a [[face]] do [[dado]] que apresenta quatro [[ponto]]s
# {{escopo|pt|Militar}} [[insígnia]] representativa dos cursos de formação dos cabos e sargentos do [[w:Exército Brasileiro|Exército Brasileiro]]
=={{etimologia|pt}}==
{{llietimo|la|quaternus|pt}}
==Ligações externas==
* {{Aulete}}
* {{Michaelis}}
* {{DicioAberto}}
* {{DPLP}}
* {{Infopédia}}
* {{PLP}}
* {{VOLPABL}}
==Anagrama==
&lt;!-- índice para anagramas: pt: aadenqru --&gt;
# [[enquadra]]
[[Categoria:Substantivo (Português)]]
={{-gl-}}=
==Substantivo==
{{flex.gl|fs=quaderna|fp=quadernas}}
{{paroxítona|qua|der|na|lang=gl}}, {{g|f|lang=gl}}
# {{escopo|gl|Náutica}} [[caverna]], cada uma das traves verticais, que a jeito de costelas, formam e dão força ao [[costado]] do navio
===Sinónimos===
* Vide em [[caderna#{{gl}}|caderna]]
=={{etimologia|gl}}==
{{llietimo|la|quaterna|gl}}
[[Categoria:Substantivo (Galego)]]</text>
<sha1>lxxu3tho8qxljxcikhmsvt66l0xdl3m</sha1>
</revision>
</page>
