<page>
<page>
<title>quadrou</title>
<ns>0</ns>
<id>174203</id>
<revision>
<id>2396708</id>
<parentid>1168058</parentid>
<timestamp>2017-05-13T10:58:35Z</timestamp>
<contributor>
<username>HydrizBot</username>
<id>29590</id>
</contributor>
<minor />
<comment>Robô: A limpar links interwikis antigos</comment>
<model>wikitext</model>
<format>text/x-wiki</format>
<text bytes="195" xml:space="preserve">={{-pt-}}=
==Forma verbal==
'''quadrou'''
#[[terceira pessoa]] do [[singular]] do [[pretérito perfeito]] do [[modo indicativo]] do verbo '''[[quadrar]]'''
[[Categoria:Forma verbal (Português)]]</text>
<sha1>1kqeonh0xsa7qm0d8rmof1hbitwxl6a</sha1>
</revision>
