<page>
<title>quadriculásseis</title>
<ns>0</ns>
<id>202261</id>
<revision>
<id>2396683</id>
<parentid>2134284</parentid>
<timestamp>2017-05-13T10:57:46Z</timestamp>
<contributor>
<username>HydrizBot</username>
<id>29590</id>
</contributor>
<minor />
<comment>Robô: A limpar links interwikis antigos</comment>
<model>wikitext</model>
<format>text/x-wiki</format>
<text bytes="208" xml:space="preserve">={{-pt-}}=
==Forma verbal==
'''quadriculásseis'''
#[[segunda pessoa]] do [[plural]] do [[pretérito imperfeito]] do [[modo subjuntivo]] do verbo '''[[quadricular]]'''
[[Categoria:Forma verbal (Português)]]</text>
<sha1>786wjstjcqs8j050csuqem9r8i08atp</sha1>
</revision>
</page>
