<page>
<page>
<title>quadriculavas</title>
<ns>0</ns>
<id>162473</id>
<revision>
<id>2396671</id>
<parentid>2134296</parentid>
<timestamp>2017-05-13T10:57:28Z</timestamp>
<contributor>
<username>HydrizBot</username>
<id>29590</id>
</contributor>
<minor />
<comment>Robô: A limpar links interwikis antigos</comment>
<model>wikitext</model>
<format>text/x-wiki</format>
<text bytes="206" xml:space="preserve">={{-pt-}}=
==Forma verbal==
'''quadriculavas'''
#[[segunda pessoa]] do [[singular]] do [[pretérito imperfeito]] do [[modo indicativo]] do verbo '''[[quadricular]]'''
[[Categoria:Forma verbal (Português)]]</text>
<sha1>g3i1ik4e5409vh79rew5qrx0d4h7w04</sha1>
</revision>
