<page>
<page>
<title>quaderno</title>
<ns>0</ns>
<id>58529</id>
<revision>
<id>2446273</id>
<parentid>2396584</parentid>
<timestamp>2017-08-29T10:50:17Z</timestamp>
<contributor>
<username>ValJor</username>
<id>1358</id>
</contributor>
<comment>Verbete [[:Categoria:!Página com idioma não informado em Predefinição:etimologia|sem indicação do idioma na seção de etimologia]]</comment>
<model>wikitext</model>
<format>text/x-wiki</format>
<text bytes="3210" xml:space="preserve">[[Ficheiro:2000 Notebook, Pages 4-5.jpg|thumb|350px|'''Quaderno''']]
={{-pt-}}=
==Substantivo==
{{flex.pt|ms=quaderno|mp=quadernos|ms-div=qua.{{grifar|der}}.no|mp-div=qua.{{grifar|der}}.nos}}
{{paroxítona|qua|der|no}}, {{gramática|m}}
# antiga grafia de [[caderno]]
=={{etimologia|pt}}==
{{llietimo|la|quaternu|pt}}
=={{pronúncia|pt}}==
* [[AFI]]: {{AFI|/kwa.'deɾ.no/}}
* [[X-SAMPA]]: /kwa.&quot;de4.no/
==Ver também==
===No Wikcionário===
{{verTambém.Ini}}
* {{link opcional|caderno|ia}}
{{verTambém.Fim}}
[[Categoria:Substantivo (Português)]]
[[Categoria:Educação (Português)]]
[[Categoria:Entrada com imagem (Português)]]
={{-ia-}}=
==Substantivo==
{{flex.ia|s=quaderno|p=quadernos|s-div=qua.{{grifar|der}}.no|p-div=qua.{{grifar|der}}.nos}}
'''qua.{{grifar|der}}.no''', {{gramática|m}}
# [[caderno]]
=={{etimologia|ia}}==
{{llietimo|la|quaternu|ia}}
=={{pronúncia|ia}}==
* [[AFI]]: {{AFI|/kwa.'deɾ.no/}}
* [[X-SAMPA]]: /kwa.&quot;de4.no/
==Ver também==
===No Wikcionário===
{{verTambém.Ini}}
* {{link opcional|brochure|ia}}
* {{link opcional|fasciculo|ia}}
* {{link opcional|opusculo|ia}}
{{verTambém.Fim}}
[[Categoria:Substantivo (Interlíngua)]]
[[Categoria:Trissílabo (Interlíngua)]]
[[Categoria:Paroxítona (Interlíngua)]]
[[Categoria:Educação (Interlíngua)]]
[[Categoria:Cognato (Interlíngua)]]
[[Categoria:Entrada com imagem (Interlíngua)]]
={{-it-}}=
==Substantivo==
{{flex.it|ms=quaderno|mp=quaderni|ms-div=qua.{{grifar|der}}.no|mp-div=qua.{{grifar|der}}.ni}}
'''qua.{{grifar|der}}.no''', {{gramática|m}}
# [[caderno]]
# caderno, [[fascículo]] de um periódico
# {{escopo2|obsoleto}} {{escopo|it|literatura}} [[quarteto]], cada uma das duas estrofes com 4 versos em um [[soneto]]
=={{etimologia|it}}==
{{llietimo|la|quaternu|it}}
=={{pronúncia|it}}==
* [[AFI]]: {{AFI|/kwa.'dɛɾ.no/}}
* [[X-SAMPA]]: /kwa.&quot;dE4.no/
==Ver também==
===No Wikcionário===
{{verTambém.Ini}}
* {{link opcional|fascicolo|it}}
* {{link opcional|quaderna|it}}
{{verTambém.NovaColuna|50}}
* {{link opcional|quadernario|it}}
* {{link opcional|sonetto|it}}
{{verTambém.Fim}}
===Referências===
{{verTambém.Ini}}
* [http://old.demauroparavia.it/cerca.php?lemma=quaderno ''quaderno'' no Dizionario De Mauro Paravia On-line (em italiano)]
* [http://dizionari.hoepli.it/cerca.aspx?idD=1&amp;query=quaderno ''quaderno'' no Dizionario Italiano (HOEPLI) (em italiano)]
* [http://www.oxfordparavia.it/cerca.php?cerca_lemma=quaderno ''quaderno'' no Dizionario Oxford-Paravia Concise Online (em inglês e italiano)]
{{verTambém.Fim}}
[[Categoria:Substantivo (Italiano)]]
[[Categoria:Trissílabo (Italiano)]]
[[Categoria:Paroxítona (Italiano)]]
[[Categoria:Arcaísmo (Italiano)]]
[[Categoria:Educação (Italiano)]]
[[Categoria:Literatura (Italiano)]]
[[Categoria:Cognato (Italiano)]]
[[Categoria:Entrada com imagem (Italiano)]]
={{-roa-tal-}}=
==Substantivo==
'''qua.{{grifar|der}}.no''', {{gramática|m}}
# [[caderno]]
=={{etimologia|roa-tal}}==
{{llietimo|la|quaternu|roa-tal}}
[[Categoria:Substantivo (Talian)]]
[[Categoria:Trissílabo (Talian)]]
[[Categoria:Paroxítona (Talian)]]
[[Categoria:Educação (Talian)]]
[[Categoria:Entrada com imagem (Talian)]]
[[Categoria:Cognato (Talian)]]</text>
<sha1>5aps327knav4ckrwnc7g2ky556856d0</sha1>
</revision>
