<page>
<title>quadruplicámos</title>
<ns>0</ns>
<id>308807</id>
<revision>
<id>2396716</id>
<parentid>2259398</parentid>
<timestamp>2017-05-13T10:58:50Z</timestamp>
<contributor>
<username>HydrizBot</username>
<id>29590</id>
</contributor>
<minor />
<comment>Robô: A limpar links interwikis antigos</comment>
<model>wikitext</model>
<format>text/x-wiki</format>
<text bytes="274" xml:space="preserve">={{-pt-}}=
==Forma verbal==
{{paroxítona|qua|dru|pli|cá|mos}}
#{{escopo2|grafia lusitana}} [[primeira pessoa]] do [[plural]] do [[pretérito perfeito]] do [[modo indicativo]] do verbo '''[[quadruplicar]]'''
[[Categoria:Forma verbal (Português)]]
[[Categoria:Lusitanismo]]</text>
<sha1>h5133w3jcc4af64otkoqhzvl13mvuca</sha1>
</revision>
</page>
