<page>
<title>quadriculo</title>
<ns>0</ns>
<id>153870</id>
<revision>
<id>2396678</id>
<parentid>2134289</parentid>
<timestamp>2017-05-13T10:57:38Z</timestamp>
<contributor>
<username>HydrizBot</username>
<id>29590</id>
</contributor>
<minor />
<comment>Robô: A limpar links interwikis antigos</comment>
<model>wikitext</model>
<format>text/x-wiki</format>
<text bytes="188" xml:space="preserve">={{-pt-}}=
==Forma verbal==
'''quadriculo'''
#[[primeira]] [[pessoa]] do [[singular]] do [[presente]] [[indicativo]] do verbo '''[[quadricular]]'''
[[Categoria:Forma verbal (Português)]]</text>
<sha1>6iwkov3fihernfopx9y4cehw63sf1o5</sha1>
</revision>
</page>
