<page>
<page>
<title>quadridimensional</title>
<ns>0</ns>
<id>113114</id>
<revision>
<id>2478876</id>
<parentid>2478875</parentid>
<timestamp>2018-01-19T02:57:44Z</timestamp>
<contributor>
<username>Askekamo</username>
<id>60711</id>
</contributor>
<model>wikitext</model>
<format>text/x-wiki</format>
<text bytes="768" xml:space="preserve">={{-pt-}}=
==Adjetivo==
{{flex.pt|s=quadridimensional|p=quadridimensionais}}
{{oxítona|qua|dri|di|men|si|o|nal}}, {{gramática|c2g}}
# diz-se daquilo que tem [[quatro]] [[dimensão|dimensões]]
===Sinônimos===
* De '''1''': [[tetradimensional]]
===Tradução===
{{tradini|De 1}}
* {{trad|en|four-dimensional}}
{{tradmeio}}
{{tradfim}}
=={{etimologia|pt}}==
: De ''[[quadri-]]'' + ''[[dimensional]]''.
==Ver também==
===No Wikcionário===
{{verTambém.Ini}}
* [[adimensional]]
* [[bidimensional]]
* [[física]]
* [[hiperdimensional]]
* [[matemática]]
* [[medida]]
{{verTambém.NovaColuna}}
* [[multimensional]]
* [[pluridimensional]]
* [[quadrivetor]]
* [[tridimensional]]
* [[unidimensional]]
* [[vetor]]
{{verTambém.Fim}}
[[Categoria:Adjetivo (Português)]]</text>
<sha1>nxai6rs7esplw2gd3nhmlbl7tgwb0z1</sha1>
</revision>
