<page>
<title>quadriculam</title>
<ns>0</ns>
<id>161125</id>
<revision>
<id>2396641</id>
<parentid>2134261</parentid>
<timestamp>2017-05-13T10:56:19Z</timestamp>
<contributor>
<username>HydrizBot</username>
<id>29590</id>
</contributor>
<minor />
<comment>Robô: A limpar links interwikis antigos</comment>
<model>wikitext</model>
<format>text/x-wiki</format>
<text bytes="190" xml:space="preserve">={{-pt-}}=
==Forma verbal==
'''quadriculam'''
#[[terceira pessoa]] do [[plural]] do [[presente]] do [[modo indicativo]] do verbo '''[[quadricular]]'''
[[Categoria:Forma verbal (Português)]]</text>
<sha1>3hskz1qgtenajb5ubrpqpxxpfwottt5</sha1>
</revision>
</page>
