<page>
<title>quadriculava</title>
<ns>0</ns>
<id>204929</id>
<revision>
<id>2396669</id>
<parentid>2134298</parentid>
<timestamp>2017-05-13T10:57:24Z</timestamp>
<contributor>
<username>HydrizBot</username>
<id>29590</id>
</contributor>
<minor />
<comment>Robô: A limpar links interwikis antigos</comment>
<model>wikitext</model>
<format>text/x-wiki</format>
<text bytes="238" xml:space="preserve">={{-pt-}}=
==Forma verbal==
'''quadriculava'''
#[[primeira pessoa|primeira]] e [[terceira pessoa]] do [[singular]] do [[pretérito imperfeito]] do [[modo indicativo]] do verbo '''[[quadricular]]'''
[[Categoria:Forma verbal (Português)]]</text>
<sha1>5by7favkqfrd8ae57j59xh3mkcoq0en</sha1>
</revision>
</page>
