<page>
<title>quadraturistas</title>
<ns>0</ns>
<id>322010</id>
<revision>
<id>2037486</id>
<parentid>1810517</parentid>
<timestamp>2015-11-16T21:20:17Z</timestamp>
<contributor>
<username>ValJor</username>
<id>1358</id>
</contributor>
<comment>Acrescentando a predefinição avi-for-fle</comment>
<model>wikitext</model>
<format>text/x-wiki</format>
<text bytes="181" xml:space="preserve">={{-pt-}}=
==Forma de substantivo==
{{paroxítona|qua|dra|tu|ris|tas}}
# plural de [[quadraturista]]
{{avi-for-fle|quadraturista}}
[[Categoria: Forma de substantivo (Português)]]</text>
<sha1>fyamnl0c1v3s7edbt0hwp5179o52aq8</sha1>
</revision>
</page>
