<page>
<page>
<title>quadrimestres</title>
<ns>0</ns>
<id>332868</id>
<revision>
<id>2396699</id>
<parentid>2134272</parentid>
<timestamp>2017-05-13T10:58:16Z</timestamp>
<contributor>
<username>HydrizBot</username>
<id>29590</id>
</contributor>
<minor />
<comment>Robô: A limpar links interwikis antigos</comment>
<model>wikitext</model>
<format>text/x-wiki</format>
<text bytes="183" xml:space="preserve">={{-pt-}}=
==Forma de substantivo==
{{paroxítona|qua|dri|mes|tres}}, {{m}}
# plural de [[quadrimestre]]
{{avi-for-fle|quadrimestre}}
[[Categoria:Forma de substantivo (Português)]]</text>
<sha1>btf1zind2ywvnl7on3u2xo0xito7py5</sha1>
</revision>
