<page>
<title>quadrivium</title>
<ns>0</ns>
<id>70637</id>
<revision>
<id>2445612</id>
<parentid>2396705</parentid>
<timestamp>2017-08-24T17:33:06Z</timestamp>
<contributor>
<username>ValJor</username>
<id>1358</id>
</contributor>
<comment>Verbete [[:Categoria:!Página com idioma não informado em Predefinição:etimologia|sem indicação do idioma na seção de etimologia]]</comment>
<model>wikitext</model>
<format>text/x-wiki</format>
<text bytes="750" xml:space="preserve">={{-pt-}}=
==Substantivo==
{{flex.pt|ms=quadrivium|mp=quadrivia}}
{{paroxítona|qua|dri|vi|um}}, {{gramática|m}}
# na Idade Média, o conjunto dos quatro ramos do saber (aritmética, geometria, música e astronomia), orientados pela matemática, que compunham, com o trivium, as sete artes liberais ministradas nas universidades
#: Obs.: confira [[trivium]]
=={{etimologia|pt}}==
{{llietimo|la|quadrivìum|pt|quadrivìum, ìi|lugar onde quatro caminhos terminam; encruzilhada}}
:* por extensão  (''reunião de quatro partes da ciência matemática (aritmética, música, geometria, astronomia)''), composto de ''quattuor'' (''quatro'') e ''via,ae'' (''estrada, caminho'').
:* compare com ''[[quadrívio]]''.
[[Categoria:Substantivo (Português)]]</text>
<sha1>43wn4b6zcfqpwz20z0ydtpqsl84tgu5</sha1>
</revision>
</page>
