<page>
<page>
<title>quadruplámos</title>
<ns>0</ns>
<id>308805</id>
<revision>
<id>2259397</id>
<parentid>1644547</parentid>
<timestamp>2017-04-09T06:17:55Z</timestamp>
<contributor>
<username>Defender</username>
<id>15952</id>
</contributor>
<comment>Trocando predefinição escopo por escopo2</comment>
<model>wikitext</model>
<format>text/x-wiki</format>
<text bytes="269" xml:space="preserve">={{-pt-}}=
==Forma verbal==
{{paroxítona|qua|dru|plá|mos}}
#{{escopo2|grafia lusitana}} [[primeira pessoa]] do [[plural]] do [[pretérito perfeito]] do [[modo indicativo]] do verbo '''[[quadruplar]]'''
[[Categoria:Forma verbal (Português)]]
[[Categoria:Lusitanismo]]</text>
<sha1>c5wrgw2r7drkiggewygs3zb43y944dz</sha1>
</revision>
