<page>
<title>quadrímana</title>
<ns>0</ns>
<id>342631</id>
<revision>
<id>1974070</id>
<parentid>1974069</parentid>
<timestamp>2015-07-29T10:13:15Z</timestamp>
<contributor>
<username>MIL973</username>
<id>41339</id>
</contributor>
<model>wikitext</model>
<format>text/x-wiki</format>
<text bytes="323" xml:space="preserve">={{-pt-}}=
==Forma de adjetivo==
{{proparoxítona|qua|drí|ma|na}}, {{f}}
# feminino de [[quadrímano]]
==Forma de substantivo==
{{proparoxítona|qua|drí|ma|na}}, {{f}}
# feminino de [[quadrímano]]
{{avi-for-fle|quadrímano}}
[[Categoria:Forma de adjetivo (Português)]]
[[Categoria:Forma de substantivo (Português)]]</text>
<sha1>sqocqlxv19nyfmaza2jp5xes1wt61p5</sha1>
</revision>
</page>
