<page>
<page>
<title>quadricularam</title>
<ns>0</ns>
<id>176629</id>
<revision>
<id>2396646</id>
<parentid>2134256</parentid>
<timestamp>2017-05-13T10:56:27Z</timestamp>
<contributor>
<username>HydrizBot</username>
<id>29590</id>
</contributor>
<minor />
<comment>Robô: A limpar links interwikis antigos</comment>
<model>wikitext</model>
<format>text/x-wiki</format>
<text bytes="203" xml:space="preserve">={{-pt-}}=
==Forma verbal==
'''quadricularam'''
#[[terceira pessoa]] do [[plural]] do [[pretérito perfeito]] do [[modo indicativo]] do verbo '''[[quadricular]]'''
[[Categoria:Forma verbal (Português)]]</text>
<sha1>ngamfo8ikzi2zco3aqq65p4uhcdf3rb</sha1>
</revision>
