<page>
<title>quadrisavolo</title>
<ns>0</ns>
<id>416936</id>
<revision>
<id>2565545</id>
<timestamp>2019-12-09T15:13:37Z</timestamp>
<contributor>
<ip>2804:431:D724:5777:580C:5B3E:278B:D298</ip>
</contributor>
<comment>[[Ajuda:Guia de edição/Menus e ferramentas/Sumário de edição|→]] nova página: ={{-it-}}= ==Substantivo== '''quadrisavolo''', {{m}} # [[tetravô]]  [[Categoria:Substantivo (Italiano)]] C...</comment>
<model>wikitext</model>
<format>text/x-wiki</format>
<text bytes="139" xml:space="preserve">={{-it-}}=
==Substantivo==
'''quadrisavolo''', {{m}}
# [[tetravô]]
[[Categoria:Substantivo (Italiano)]]
[[Categoria:Família (Italiano)]]</text>
<sha1>223bmnoozc0zgc7vhq5jcb7stwym70p</sha1>
</revision>
</page>
