<page>
<title>quadraste</title>
<ns>0</ns>
<id>172848</id>
<revision>
<id>2396622</id>
<parentid>2134267</parentid>
<timestamp>2017-05-13T10:55:43Z</timestamp>
<contributor>
<username>HydrizBot</username>
<id>29590</id>
</contributor>
<minor />
<comment>Robô: A limpar links interwikis antigos</comment>
<model>wikitext</model>
<format>text/x-wiki</format>
<text bytes="196" xml:space="preserve">={{-pt-}}=
==Forma verbal==
'''quadraste'''
#[[segunda pessoa]] do [[singular]] do [[pretérito perfeito]] do [[modo indicativo]] do verbo '''[[quadrar]]'''
[[Categoria:Forma verbal (Português)]]</text>
<sha1>jz07op51ksn6nq8y822ox3g24tg9m48</sha1>
</revision>
</page>
