<page>
<page>
<title>quadrássemos</title>
<ns>0</ns>
<id>199647</id>
<revision>
<id>2396721</id>
<parentid>1168064</parentid>
<timestamp>2017-05-13T10:58:59Z</timestamp>
<contributor>
<username>HydrizBot</username>
<id>29590</id>
</contributor>
<minor />
<comment>Robô: A limpar links interwikis antigos</comment>
<model>wikitext</model>
<format>text/x-wiki</format>
<text bytes="202" xml:space="preserve">={{-pt-}}=
==Forma verbal==
'''quadrássemos'''
#[[primeira pessoa]] do [[plural]] do [[pretérito imperfeito]] do [[modo subjuntivo]] do verbo '''[[quadrar]]'''
[[Categoria:Forma verbal (Português)]]</text>
<sha1>3vsdttj4cr6ckjf6walt6b9skxgmjek</sha1>
</revision>
