<page>
<title>quadrisnipote</title>
<ns>0</ns>
<id>416638</id>
<revision>
<id>2565128</id>
<timestamp>2019-12-08T16:30:12Z</timestamp>
<contributor>
<ip>2804:431:D725:8CD4:D5A7:60C5:9A7F:5BE2</ip>
</contributor>
<comment>[[Ajuda:Guia de edição/Menus e ferramentas/Sumário de edição|→]] nova página: ={{-it-}}= ==Substantivo== '''quadrisnipote''', ''neutro'' # [[tetraneta]] ou [[tetraneto]]  Categoria:Subs...</comment>
<model>wikitext</model>
<format>text/x-wiki</format>
<text bytes="163" xml:space="preserve">={{-it-}}=
==Substantivo==
'''quadrisnipote''', ''neutro''
# [[tetraneta]] ou [[tetraneto]]
[[Categoria:Substantivo (Italiano)]]
[[Categoria:Família (Italiano)]]</text>
<sha1>f3fzn6aw6g0kan24xbwlh6i5f9qi8z5</sha1>
</revision>
</page>
