<page>
<title>quadriculais</title>
<ns>0</ns>
<id>159567</id>
<revision>
<id>2396640</id>
<parentid>2134262</parentid>
<timestamp>2017-05-13T10:56:18Z</timestamp>
<contributor>
<username>HydrizBot</username>
<id>29590</id>
</contributor>
<minor />
<comment>Robô: A limpar links interwikis antigos</comment>
<model>wikitext</model>
<format>text/x-wiki</format>
<text bytes="190" xml:space="preserve">={{-pt-}}=
==Forma verbal==
'''quadriculais'''
#[[segunda pessoa]] do [[plural]] do [[presente]] do [[modo indicativo]] do verbo '''[[quadricular]]'''
[[Categoria:Forma verbal (Português)]]</text>
<sha1>0947730stsjnyis56hs4f1g8idefvcn</sha1>
</revision>
</page>
