<page>
<page>
<title>quadraríamos</title>
<ns>0</ns>
<id>194217</id>
<revision>
<id>2396616</id>
<parentid>1167994</parentid>
<timestamp>2017-05-13T10:55:31Z</timestamp>
<contributor>
<username>HydrizBot</username>
<id>29590</id>
</contributor>
<minor />
<comment>Robô: A limpar links interwikis antigos</comment>
<model>wikitext</model>
<format>text/x-wiki</format>
<text bytes="178" xml:space="preserve">={{-pt-}}=
==Forma verbal==
'''quadraríamos'''
#[[primeira pessoa]] do [[plural]] do [[futuro do pretérito]] do verbo '''[[quadrar]]'''
[[Categoria:Forma verbal (Português)]]</text>
<sha1>ejshmubcr28pyo0d7qv52irs3rayk39</sha1>
</revision>
