<page>
<title>quadráramos</title>
<ns>0</ns>
<id>181326</id>
<revision>
<id>2396718</id>
<parentid>1168061</parentid>
<timestamp>2017-05-13T10:58:54Z</timestamp>
<contributor>
<username>HydrizBot</username>
<id>29590</id>
</contributor>
<minor />
<comment>Robô: A limpar links interwikis antigos</comment>
<model>wikitext</model>
<format>text/x-wiki</format>
<text bytes="185" xml:space="preserve">={{-pt-}}=
==Forma verbal==
'''quadráramos'''
#[[primeira pessoa]] do [[plural]] do [[pretérito mais-que-perfeito]] do verbo '''[[quadrar]]'''
[[Categoria:Forma verbal (Português)]]</text>
<sha1>8nmbu61vc09r93rvrhhriqftyx9lx5m</sha1>
</revision>
</page>
