<page>
<title>quadro</title>
<ns>0</ns>
<id>12814</id>
<revision>
<id>2679006</id>
<parentid>2655167</parentid>
<timestamp>2022-06-05T09:59:43Z</timestamp>
<contributor>
<username>ValJor</username>
<id>1358</id>
</contributor>
<comment>Trocando a tag center pela predefinição centro para corrigir problema de lint</comment>
<model>wikitext</model>
<format>text/x-wiki</format>
<text bytes="1039" xml:space="preserve">{| style=&quot;float:right; &quot;
|-
| colspan = 2 | {{Wikipédia|lang=pt}}
|-
| [[Imagem:Vasily_Tropinin_17_(frame).jpg|160px|right|thumb|{{centro|Quadro&lt;sup&gt;3&lt;/sup&gt;}}]]
| [[Imagem:Bicycle frame mtb hardtail.jpg|250px|right|thumb|{{centro|Quadro&lt;sup&gt;4&lt;/sup&gt;}}]]
|}
={{-pt-}}=
==Substantivo==
{{flex.pt|ms=quadro|mp=quadros}}
{{paroxítona|qua|dro}}, {{gramática|m}}
# [[espaço]] limitado por quatro lados iguais; quadrado; caixilho
# [[painel]] emoldurado
# [[obra]] de pintura ou desenho; panorama
# [[estrutura]] metálica de velocípedes e motociclos
# [[pessoa]] hierarquizada com lugar permanente num serviço ou numa empresa
# [[subdivisão]] de um ato numa peça teatral
# [[subdivisão]] de um programa de televisão
===Tradução===
{{tradini}}
* {{trad|es|cuadro}}
{{tradmeio}}
{{tradfim}}
===Verbetes derivados===
* [[quadro-negro]]
=={{etimologia|pt}}==
{{llietimo|la|quadrum|pt|quadrum, i}}
=={{pronúncia|pt}}==
===Portugal===
* AFI: {{AFI|/ˈkwa.dɾu/}}
[[Categoria:Substantivo (Português)]]
[[Categoria:Arte (Português)]]</text>
<sha1>956eq0vre6ezi5vdrnsds3ewuwkh3qw</sha1>
</revision>
</page>
