<page>
<title>quadrarás</title>
<ns>0</ns>
<id>186054</id>
<revision>
<id>2396614</id>
<parentid>1167992</parentid>
<timestamp>2017-05-13T10:55:28Z</timestamp>
<contributor>
<username>HydrizBot</username>
<id>29590</id>
</contributor>
<minor />
<comment>Robô: A limpar links interwikis antigos</comment>
<model>wikitext</model>
<format>text/x-wiki</format>
<text bytes="174" xml:space="preserve">={{-pt-}}=
==Forma verbal==
'''quadrarás'''
#[[segunda pessoa]] do [[singular]] do [[futuro do presente]] do verbo '''[[quadrar]]'''
[[Categoria:Forma verbal (Português)]]</text>
<sha1>93fe1w0s5t4wdeqgzygfww5f4dy8xiu</sha1>
</revision>
</page>
