<page>
<page>
<title>quadriculareis</title>
<ns>0</ns>
<id>189985</id>
<revision>
<id>2396650</id>
<parentid>2134252</parentid>
<timestamp>2017-05-13T10:56:32Z</timestamp>
<contributor>
<username>HydrizBot</username>
<id>29590</id>
</contributor>
<minor />
<comment>Robô: A limpar links interwikis antigos</comment>
<model>wikitext</model>
<format>text/x-wiki</format>
<text bytes="180" xml:space="preserve">={{-pt-}}=
==Forma verbal==
'''quadriculareis'''
#[[segunda pessoa]] do [[plural]] do [[futuro do presente]] do verbo '''[[quadricular]]'''
[[Categoria:Forma verbal (Português)]]</text>
<sha1>omm0jai23cgp35tw7zuby30ish34k5p</sha1>
</revision>
