<page>
<title>quais</title>
<ns>0</ns>
<id>95597</id>
<revision>
<id>2396731</id>
<parentid>2074269</parentid>
<timestamp>2017-05-13T10:59:19Z</timestamp>
<contributor>
<username>HydrizBot</username>
<id>29590</id>
</contributor>
<minor />
<comment>Robô: A limpar links interwikis antigos</comment>
<model>wikitext</model>
<format>text/x-wiki</format>
<text bytes="273" xml:space="preserve">={{-pt-}}=
==Forma de pronome==
{{oxítona|quais}}
# plural de [[qual]]
[[Categoria:Forma de pronome (Português)]]
={{-fr-}}=
==Forma de substantivo==
'''quais'''
# plural de [[quai]]
[[Categoria:Forma de substantivo (Francês)]]
[[Categoria:Falso cognato (Francês)]]</text>
<sha1>gluuj85nigb58pc4mdaev1hm3oadmfl</sha1>
</revision>
</page>
