<page>
<page>
<title>quaker</title>
<ns>0</ns>
<id>71197</id>
<revision>
<id>2456689</id>
<parentid>2396732</parentid>
<timestamp>2017-10-23T04:50:20Z</timestamp>
<contributor>
<username>Askekamo</username>
<id>60711</id>
</contributor>
<model>wikitext</model>
<format>text/x-wiki</format>
<text bytes="147" xml:space="preserve">={{-pt-}}=
==Substantivo==
'''''quaker''''', {{gramática|m}}
# {{escopo|pt|estrangeirismo}} ver [[quacre]]
[[Categoria:Substantivo (Português)]]</text>
<sha1>rh3u1ycdi22dcyohqih0bmm03t3h0x1</sha1>
</revision>
