<page>
<title>qualité</title>
<ns>0</ns>
<id>124252</id>
<revision>
<id>2396746</id>
<parentid>2238444</parentid>
<timestamp>2017-05-13T11:00:02Z</timestamp>
<contributor>
<username>HydrizBot</username>
<id>29590</id>
</contributor>
<minor />
<comment>Robô: A limpar links interwikis antigos</comment>
<model>wikitext</model>
<format>text/x-wiki</format>
<text bytes="109" xml:space="preserve">={{-fr-}}= 
== Substantivo ==
'''qualité'''  
# [[qualidade]] – s.f.
[[Categoria:Substantivo (Francês)]]</text>
<sha1>sz4nvfghpcbwz04qem7ekgg0hfr1j87</sha1>
</revision>
</page>
