<page>
<title>qualificámos</title>
<ns>0</ns>
<id>308808</id>
<revision>
<id>2396740</id>
<parentid>2259399</parentid>
<timestamp>2017-05-13T10:59:38Z</timestamp>
<contributor>
<username>HydrizBot</username>
<id>29590</id>
</contributor>
<minor />
<comment>Robô: A limpar links interwikis antigos</comment>
<model>wikitext</model>
<format>text/x-wiki</format>
<text bytes="270" xml:space="preserve">={{-pt-}}=
==Forma verbal==
{{paroxítona|qua|li|fi|cá|mos}}
#{{escopo2|grafia lusitana}} [[primeira pessoa]] do [[plural]] do [[pretérito perfeito]] do [[modo indicativo]] do verbo '''[[qualificar]]'''
[[Categoria:Forma verbal (Português)]]
[[Categoria:Lusitanismo]]</text>
<sha1>74x4pd0xyomdad89jjh20xemle28rj9</sha1>
</revision>
</page>
