<page>
<title>qualsevol</title>
<ns>0</ns>
<id>277669</id>
<revision>
<id>2474392</id>
<parentid>2462651</parentid>
<timestamp>2018-01-04T20:16:07Z</timestamp>
<contributor>
<username>ValJor</username>
<id>1358</id>
</contributor>
<minor />
<comment>Eliminando [[qualssevol]] da lista de [[Especial:Lonelypages|órfãos]]</comment>
<model>wikitext</model>
<format>text/x-wiki</format>
<text bytes="3191" xml:space="preserve">={{-ca-}}=
==Adjetivo==
{{flex.ca|s=qualsevol|p=[[qualssevol]]|s-div=qual.se.{{grifar|vol}}|p-div=quals.se.{{grifar|vol}}}}
'''qual.se.{{grifar|vol}}''', {{gramática|c2g}}
# [[qualquer]]:
#* ''En '''qualsevol''' cas, una deficiència de l'hemoglobina disminueix la capacitat de transportar oxigen de la sang.'' &lt;small&gt;(Em qualquer caso, uma deficiência da hemoglobina diminui a capacidade de transportar oxigênio do sangue.)&lt;/small&gt;
# [[ordinário]], [[vulgar]]
===Sinônimos===
* De '''2''': [[vulgar#{{ca}}|vulgar]]
===Locuções e expressões===
* '''[[de qualsevol mal amèn Jesús]]''': {{escopo2|regionalismo, irônico}} do jeito que for, de qualquer maneira
==Pronome==
{{flex.ca|s=qualsevol|p=qualssevol|s-div=qual.se.{{grifar|vol}}|p-div=quals.se.{{grifar|vol}}}}
'''qual.se.{{grifar|vol}}''' ''indefinido''
# [[qualquer]] ([[um#Pronome|um]]):
#* ''La gira durà 18 mesos, més que '''qualsevol''' de les anteriors.'' &lt;small&gt;(A turnê durou 18 meses, mais do que qualquer uma das anteriores.)&lt;/small&gt;
===Locuções e expressões===
* '''[[i qualsevol]]''': et cetera, e outros
==Substantivo==
{{flex.ca|s=qualsevol|p=qualssevol|s-div=qual.se.{{grifar|vol}}|p-div=quals.se.{{grifar|vol}}}}
'''qual.se.{{grifar|vol}}''', {{gramática|c2g}}
# {{l.s.|qualquer}}, {{l.s.|ninguém}}, [[indivíduo]] sem [[importância]]
{{limpar}}
=={{etimologia|ca}}==
: {{escopo|Morfologia}} {{etimo|ca|qual}} + {{etimo|ca|se}} + {{etimo|la|vol}} (&quot;quem quer que&quot;).
:* '''Datação''': [[w:1295|1295]]
=={{pronúncia|ca}}==
===Catalão ocidental===
* [[AFI]]: {{AFI|/kwaɫ.se'βɔɫ/}}
* [[X-SAMPA]]: /kwa5.se&quot;BO5/
====Valenciano====
* [[AFI]]: {{AFI|/ku.an.se'βɔɫ/}}
* [[X-SAMPA]]: /ku.an.se&quot;BO5/
===Catalão oriental===
* [[AFI]]: {{AFI|/kwaɫ.sə.βɔɫ/}}
* [[X-SAMPA]]: /kwa5.s@&quot;BO5/
====Alguerês====
* [[AFI]]: {{AFI|/kwal.sa.vɔɫ/}}
* [[X-SAMPA]]: /kwal.sa&quot;vO5/
====Balear====
* [[AFI]]: {{AFI|/kwal.sə.vɔ̞ɫ/}}
* [[X-SAMPA]]: /kwal.s@&quot;vO_o5/
====Menorquino====
* [[AFI]]: {{AFI|/kwan.sə.vɔ̞ɫ/}}
* [[X-SAMPA]]: /kwan.s@&quot;vO_o5/
==Ver também==
===Referências===
{{verTambém.Ini}}
* [http://dcvb.iec.cat/ Diccionari català-valencià-balear (IEC) (em catalão)]
* [http://www.racv.es/diccionari/diccionario.html Diccionari Ortogràfic Valencià-Castellà, Castellà-Valencià (RACV) (em valenciano)] 
* [http://ec.grec.net/cgi-bin/AppDLC3.exe?APP=CERCADLC&amp;GECART={{urlencode:{{PAGENAME}}}}{{#if:|{{#switch:{{{CE1}}}|à=%E0|è=%E8|é=%E9|í=%ED|ï=%EF|ò=%F2|ó=%F3|ú=%FA|ü=%FC|ç=%E7|·=%B7| =_|{{{CE1}}}}}}}{{#if:|{{{PAR2}}}}}{{#if:|{{#switch:{{{CE2}}}|  =_|à=%E0|è=%E8|é=%E9|í=%ED|ï=%EF|ò=%F2|ó=%F3|ú=%FA|ü=%FC|ç=%E7|·=%B7| =_|{{{CE2}}}}}}}{{#if:|{{{PAR3}}}}} ''{{PAGENAME}}'' no Gran Dicionario de la Llengua Catalana (GREC) (em catalão)]
{{verTambém.Fim}}
[[Categoria:Adjetivo (Catalão)]]
[[Categoria:Pronome (Catalão)]]
[[Categoria:Substantivo (Catalão)]]
[[Categoria:Trissílabo (Catalão)]]
[[Categoria:Oxítona (Catalão)]]
[[Categoria:Século XIII (Catalão)]]
[[Categoria:Adjetivo (Valenciano)]]
[[Categoria:Pronome (Valenciano)]]
[[Categoria:Substantivo (Valenciano)]]
[[Categoria:Trissílabo (Valenciano)]]
[[Categoria:Oxítona (Valenciano)]]</text>
<sha1>19ozmqcjwu7ir3l29m16yxx5hvtzdeg</sha1>
</revision>
</page>
