<page>
<title>qualitativamente</title>
<ns>0</ns>
<id>181567</id>
<revision>
<id>2396742</id>
<parentid>2256628</parentid>
<timestamp>2017-05-13T10:59:43Z</timestamp>
<contributor>
<username>HydrizBot</username>
<id>29590</id>
</contributor>
<minor />
<comment>Robô: A limpar links interwikis antigos</comment>
<model>wikitext</model>
<format>text/x-wiki</format>
<text bytes="300" xml:space="preserve">={{-pt-}}=
==Advérbio==
{{paroxítona|qua|li|ta|ti|va|men|te}}
# [[de]] [[modo]] [[qualitativo]], levando em conta a qualidade em detrimento da [[quantidade]]
# [[em]] [[relação]] [[à]] [[qualidade]]
===Ver também===
* [[qualidade]]
* [[quantitativamente]]
[[Categoria:Advérbio (Português)]]</text>
<sha1>1rzgg1p2vgldb70c6qohomi3d4jwxlx</sha1>
</revision>
</page>
