<page>
<page>
<title>quality</title>
<ns>0</ns>
<id>43004</id>
<revision>
<id>2396745</id>
<parentid>2247084</parentid>
<timestamp>2017-05-13T10:59:55Z</timestamp>
<contributor>
<username>HydrizBot</username>
<id>29590</id>
</contributor>
<minor />
<comment>Robô: A limpar links interwikis antigos</comment>
<model>wikitext</model>
<format>text/x-wiki</format>
<text bytes="246" xml:space="preserve">{{Wikipédia|lang=en}}
={{-en-}}=
==Substantivo==
'''quality'''
# [[qualidade]]
==Ver também==
===No Wikcionário===
{{verTambém.Ini}}
* [[quantity]]
{{verTambém.NovaColuna}}
* [[TDQM]]
{{verTambém.Fim}}
[[Categoria:Substantivo (Inglês)]]</text>
<sha1>5riyac81img8lenggu60i2o5v89ygi3</sha1>
</revision>
