<page>
<title>qualcuno</title>
<ns>0</ns>
<id>261249</id>
<revision>
<id>2396734</id>
<parentid>1716779</parentid>
<timestamp>2017-05-13T10:59:27Z</timestamp>
<contributor>
<username>HydrizBot</username>
<id>29590</id>
</contributor>
<minor />
<comment>Robô: A limpar links interwikis antigos</comment>
<model>wikitext</model>
<format>text/x-wiki</format>
<text bytes="242" xml:space="preserve">={{-it-}}=
==Pronome==
'''qualcuno''', {{m}} (apenas singular, ''feminino'': [[qualcuna]])
# [[alguém]]
=={{etimologia|it}}==
:De ''[[qualche]]'' + ''[[uno]]''
=={{pronúncia|it}}==
*[[AFI]]: /kwal.ˈkuno/
[[Categoria:Pronome (Italiano)]]</text>
<sha1>hyleje255ed3nfghw3hlb0ommmppevt</sha1>
</revision>
</page>
