<page>
<title>qualificação</title>
<ns>0</ns>
<id>100677</id>
<revision>
<id>2685174</id>
<parentid>2396739</parentid>
<timestamp>2022-08-01T17:32:00Z</timestamp>
<contributor>
<username>ValJor</username>
<id>1358</id>
</contributor>
<comment>Eliminando [[não-qualificação]] da lista de [[Especial:Lonelypages|órfãos]]</comment>
<model>wikitext</model>
<format>text/x-wiki</format>
<text bytes="1146" xml:space="preserve">={{-pt-}}=
==Substantivo==
{{flex.pt|fs=qualificação|fp=qualificações}}
{{oxítona|qua|li|fi|ca|ção}}, {{gramática|f}}
# ato ou efeito de [[qualificar|qualificar-se]]
# [[habilitação]]; [[conjunto]] de [[qualidade]]s
#* ''Quanto mais rápida a extensão do sufrágio em países do Terceiro Mundo, mais forte a tendência de formação de um corpo eleitoral muito pobre e de muito baixa '''qualificação''' educacional.'' {{OESP|2008|outubro|05}}
===Tradução===
{{tradini}}
* {{trad|de|Qualifikation}}
* {{trad|es|calificación}}
* {{trad|fr|qualification}}
* {{trad|nl|vaardigheid}}
{{tradmeio}}
* {{trad|en|qualification}}
* {{trad|it|qualificazione}}
* {{trad|sv|förutsättning}}
{{tradfim}}
===Verbetes derivados===
* [[não-qualificação]]
=={{etimologia|pt}}==
:{{escopo|Morfologia}} [[qualificar]] + [[-ção]].
==Ver também==
===No Wikcionário===
{{verTambém.Ini}}
* [[classificar]]
{{verTambém.NovaColuna}}
* [[epíteto]]
{{verTambém.Fim}}
==Ligações externas==
* {{Aulete}}
* {{Michaelis}}
* {{Dicio}}
* {{DicioAberto}}
* {{DLPO}}
* {{Infopédia}}
* {{PLP}}
* {{VOLPABL}}
[[Categoria:Substantivo (Português)]]</text>
<sha1>t67ypxw1ilhtx3ujv5au50im6wyzc5c</sha1>
</revision>
</page>
