<page>
<title>qualquer</title>
<ns>0</ns>
<id>4940</id>
<revision>
<id>2648007</id>
<parentid>2637985</parentid>
<timestamp>2021-09-12T02:14:09Z</timestamp>
<contributor>
<username>Maykeinwiki</username>
<id>81160</id>
</contributor>
<comment>/*  Português */Assim tá bom, Val?</comment>
<model>wikitext</model>
<format>text/x-wiki</format>
<text bytes="2191" xml:space="preserve">={{-pt-}}=
==Pronome==
{{flex.pt|s=qualquer|p=quaisquer}}
{{oxítona|qual|quer}}, {{datação|1162}}
# pronome indefinido variável singular que significa [[todo]] ou [[toda]]
#* '''''Qualquer''' pessoa nota sua presença.''
#* ''Essa nota não é '''qualquer''' aluno que tira.''
# [[pessoa]] ou coisa [[indeterminado|indeterminada]]
#* ''Agora, quem for flagrado em '''qualquer''' situação, como em blitze das polícias rodoviária ou militar, também pode ser preso.'' {{OESP|2008|junho|24}}
# {{escopo|pt|brasileirismo}} {{escopo2|impróprio}} [[usado]] [[para]] [[excluir]] qualquer dos [[elemento]]s do [[conjunto]] [[referir|referido]] pelo [[substantivo]] ou [[pronome]] a que [[estar|está]] [[ligar|ligado]]; [[nenhum]]
#* ''O Conselho Curador da TV Brasil se comprometeu a apurar as acusações, mas até agora não chegou a '''qualquer''' conclusão, o que não causa estranheza.'' {{OESP|2008|junho|23}}
===Notas===
* Usado depois de um [[substantivo]], com [[artigo indefinido]] antes deste, adquire valor adjetival [[pejorativo]]: ''risoto não se faz com um arroz qualquer''; ''Eliana não era uma qualquer''; 
* Embora de emprego hoje bastante comum no [[Brasil]], a gramática da língua condena o [[uso]] de ''qualquer'' no lugar de nenhum, ou seja, com o sentido de '[[exclusão]]', o que ocorre em frases como: ''embora ferida, não recebeu qualquer ajuda da polícia'' ou ''reviu o pai, mas sem qualquer emoção visível''.
===Tradução===
{{tradini}}
* {{trad|de|irgendein}}
* {{trad|es|cualquier}}
* {{trad|fr|quelconque}}
* {{trad|en|whatever|whatsoever|any}}
{{tradmeio}}
* {{trad|it|qualunque|qualsiasi}}
* {{trad|mwl|qualquiera}}
* {{trad|pap|algun}}
* {{trad|tet|naran|ruma}}
{{tradfim}}
=={{etimologia|pt}}==
: {{escopo|Morfologia}} [[qual]] + [[querer|quer]].
=={{pronúncia|pt}}==
===Brasil===
* [[AFI]]: /kwaw.ˈkɛɾ/
* [[X-SAMPA]]: /kwaw.&quot;kE4/
====Carioca====
* [[AFI]]: /kwaw.ˈkɛχ/ {{ouvir|pt-br-qualquer.ogg}}
* [[X-SAMPA]]: /kwaw.&quot;kEX/
===Portugal===
* AFI: {{AFI|/kwaɫ.ˈkɛɾ/}}
==Ligações externas==
* {{Aulete}}
* {{Michaelis}}
* {{DicioAberto}}
* {{DPLP}}
* {{Infopédia}}
* {{PLP}}
* {{VOLPABL}}
[[Categoria:Pronome (Português)]]</text>
<sha1>lvktvd1p3u44u0e6g4ecvvq517judss</sha1>
</revision>
</page>
