<page>
<page>
<title>qualidade</title>
<ns>0</ns>
<id>34297</id>
<revision>
<id>2664498</id>
<parentid>2614374</parentid>
<timestamp>2022-03-09T19:07:49Z</timestamp>
<contributor>
<username>MIL973</username>
<id>41339</id>
</contributor>
<model>wikitext</model>
<format>text/x-wiki</format>
<text bytes="3441" xml:space="preserve">{{Wikipédia}}
{{Wikiquote}}
={{-pt-}}=
==Substantivo==
{{flex.pt|fs=qualidade|fp=qualidades}}
{{paroxítona|qua|li|da|de}}, {{gramática|f}} {{+info|data=século XIV}}
# [[característica]], [[propriedade]] ou [[atributo]] [[essencial]] ou [[distintivo]] de algo
# [[caráter]] ou [[natureza]] que [[distinguir|distingue]] uma coisa
# caráter de algo em relação à [[fineza]] ou [[grau]] de [[excelência]]
# [[alto]] grau; [[superioridade]]; excelência
# [[traço]] de [[personalidade]] ou de [[caráter]]
# {{escopo|pt|Física}} a [[textura]] de um [[som]], que o distingue dos outros de mesma [[altura]] e [[tom]]
# {{escopo|pt|Linguística}} em [[fonética]], a [[coloração]] [[tonal]] ou [[timbre]], que caracteriza um [[som]] [[vocálico]] em [[particular]]
# {{escopo|pt|Matemática}} em [[lógica]], o caráter de uma [[proposição]] como [[afirmativo|afirmativa]] ou [[negativo|negativa]]
# [[posição]] ou [[status]] [[social]] 
# a [[superioridade]] ou [[distinção]] associada a uma [[alto|alta]] [[posição]] [[social]]
# {{escopo2|Xadrez}} a vantagem da torre sobre as peças menores (bispo ou cavalo)
===Expressões===
* '''[[de qualidade]]''': 
* '''[[ganhar a qualidade]]''': {{escopo2|Xadrez}} trocar uma peça menor por uma torre.
* '''[[perder a qualidade]]''': {{escopo2|Xadrez}} ser forçado a trocar uma torre por uma peça menor.
* '''[[sacrificar a qualidade]]''': {{escopo2|Xadrez}} trocar uma torre por uma peça menor por sua própria decisão.
===Tradução===
{{tradini}}
* {{t|de|Qualität|f}}
* {{trad|ar|النوعية}}
* {{trad|eu|kalitate|nolakotasun}}
* {{trad|br|perzh}}
* {{trad|bg|качество}}
* {{trad|ca|qualitat}}
* {{trad|cs|jakostní|kvalita|jakost}}
* {{trad|zh|品质|质量}}
* {{trad|hr|kvaliteta}}
* {{trad|da|kvalitet}}
* {{trad|sk|akosť|akostný}}
* {{trad|sl|kakovost}}
* {{trad|es|calidad}}
* {{trad|eo|kvalito}}
* {{trad|et|kvaliteet}}
* {{trad|fi|laatu}}
* {{trad|fr|qualité}}
* {{trad|gl|calidade}}
* {{trad|cy|ansawdd}}
* {{trad|el|ποιότητα|ιδιότητα}}
* {{trad|gn|tekoterã|porãngue|apoporãngue|apyporãngue}}
* {{trad|gu|ગુણવત્તા|ગુણધર્મ}}
* {{trad|he|איכות|תכונה}}
* {{trad|hi|गुणता}}
* {{trad|nl|kwaliteit}}
* {{trad|hu|minőség}}
* {{trad|id|mutu}}
{{tradmeio}}
* {{trad|en|quality}}
* {{trad|is|gæði}}
* {{trad|it|qualità}}
* {{trad|ja|品質}}
* {{trad|la|qualitas|dognitas}}
* {{trad|lv|kvalitāte|labums}}
* {{trad|lt|kokybė|rūšis|kokybiškas}}
* {{trad|mk|квалитет}}
* {{trad|mr|गुण}}
* {{trad|mwl|culidade}}
* {{trad|no|kvalitet}}
* {{trad|nn|kvalitet}}
* {{trad|fa|چونی|کیفیت}}
* {{trad|pl|gatunek|jakość}}
* {{trad|pa|ਵਿਸ਼ੇਸ਼ਤਾ}}
* {{trad|qu|laya}}
* {{trad|ro|calitate}}
* {{trad|ru|качество}}
* {{trad|sa|गुणः}}
* {{trad|sro|calidadi|genia}}
* {{trad|scn|qualità}}
* {{trad|sv|kvalitet}}
* {{trad|tl|husay|kabutihan}}
* {{trad|tr|nitelik|kalite}}
* {{trad|uk|якість}}
* {{trad|val|qualitat}}
* {{trad|vec|qualità|gestra}}
{{tradfim}}
=={{etimologia|pt}}==
: Do [[latim]] ''qualĭtas, -ātis''.
=={{pronúncia|pt}}==
===Portugal===
* AFI: {{AFI|/kwɐ.li.ˈda.dɨ/}}
==Ver também==
===No Wikcionário===
====Sufixos====
* [[-eima]]
====Siglas====
{{colunas|2}}
* [[Inmetro]]
* [[INMETRO]]
{{colunas/fim}}
====Wikisaurus====
* [[Wikisaurus:qualidade|qualidade]]
[[Categoria:Substantivo (Português)]]</text>
<sha1>dghi2hvxtsbm5spnw2dyktmr7qa9z1p</sha1>
</revision>
