<page>
<title>qualidades</title>
<ns>0</ns>
<id>106847</id>
<revision>
<id>2624840</id>
<parentid>2396736</parentid>
<timestamp>2021-02-26T03:57:29Z</timestamp>
<contributor>
<username>Ollie Dee1234</username>
<id>80685</id>
</contributor>
<comment>/* Forma de substantivo */</comment>
<model>wikitext</model>
<format>text/x-wiki</format>
<text bytes="225" xml:space="preserve">={{-pt-}}=
==Forma de substantivo==
{{flex.pt|fs=qualidade|fp=qualidades}}
{{paroxítona|qua|li|da|des}}, {{gramática|fp}}
# plural de [[qualidade]]
{{avi-for-fle|qualidade}}
[[Categoria:Forma de substantivo (Português)]]</text>
<sha1>9t45527omanexybjjhwdgj9u4s3gffi</sha1>
</revision>
</page>
