<page>
<title>qualitativo</title>
<ns>0</ns>
<id>149616</id>
<revision>
<id>2396744</id>
<parentid>2153372</parentid>
<timestamp>2017-05-13T10:59:48Z</timestamp>
<contributor>
<username>HydrizBot</username>
<id>29590</id>
</contributor>
<minor />
<comment>Robô: A limpar links interwikis antigos</comment>
<model>wikitext</model>
<format>text/x-wiki</format>
<text bytes="250" xml:space="preserve">={{-pt-}}=
==Adjetivo==
{{flex.pt|qualitativo|qualitativos|qualitativa|qualitativas}}
{{paroxítona|qua|li|ta|ti|vo}}
# relativo a [[qualidade]]
# que [[qualificar|qualifica]]; [[qualificativo]] ([[adjetivo|adj.]])
[[Categoria:Adjetivo (Português)]]</text>
<sha1>5y6st7maikrjwmpwkcekmmclbc9biys</sha1>
</revision>
</page>
