<page>
<page>
<title>qualificativo</title>
<ns>0</ns>
<id>363401</id>
<revision>
<id>2453558</id>
<parentid>2396738</parentid>
<timestamp>2017-10-05T09:45:01Z</timestamp>
<contributor>
<username>ValJor</username>
<id>1358</id>
</contributor>
<comment>Melhorando a apresentação do verbete usando a [[:predefinição:cria-entrada]]</comment>
<model>wikitext</model>
<format>text/x-wiki</format>
<text bytes="653" xml:space="preserve">={{-pt-}}=
==Adjetivo==
{{flex.pt|ms=qualificativo|mp=qualificativos|fs=qualificativa|fp=qualificativas}}
{{paroxítona|qua|li|fi|ca|ti|vo}}
# que [[qualificar|qualifica]]; que exprime [[qualidade]] 
===Sinônimo===
* [[qualitativo]]
==Substantivo==
{{flex.pt|ms=qualificativo|mp=qualificativos}}
{{paroxítona|qua|li|fi|ca|ti|vo}}
# palavra que [[qualificar|qualifica]] outra
=={{etimologia|pt}}==
: {{escopo|Morfologia}} [[qualificar]] + [[-tivo]].
==Ligações externas==
* {{Aulete}}
* {{DicioAberto}}
* {{DPLP}}
* {{Infopédia}}
* {{Michaelis}}
* {{PLP}}
* {{VOLPABL}}
[[Categoria:Adjetivo (Português)]]
[[Categoria:Substantivo (Português)]]</text>
<sha1>9pz3ckaus3vl9oh7q0ee1j1feantlv4</sha1>
</revision>
