<page>
<page>
<title>qualificar</title>
<ns>0</ns>
<id>79136</id>
<revision>
<id>2610766</id>
<parentid>2396737</parentid>
<timestamp>2021-01-30T22:08:59Z</timestamp>
<contributor>
<username>Marxav</username>
<id>73271</id>
</contributor>
<minor />
<comment>AFI Portugal</comment>
<model>wikitext</model>
<format>text/x-wiki</format>
<text bytes="1118" xml:space="preserve">={{-pt-}}=
==Verbo==
{{oxítona|qua|li|fi|car}}
# [[classificar]]
# [[atribuir]] [[qualidade]]s
# [[tornar]] [[melhor]]
#* ''Qualquer esforço no sentido de '''qualificar''' mais o estudante da rede pública é louvável.'' {{OESP|2007|agosto|30}}
===Conjugação===
{{conj/pt|qualifi|car}}
===Tradução===
{{tradini}}
* {{trad|af|kwalifiseer}}
* {{trad|ca|qualificar}}
* {{trad|es|calificar|calificar|definir|titular}}
* {{trad|fr|qualifier}}
* {{trad|gn|hekochauka|hepyme’ẽ}}
* {{trad|io|qualifikar}}
{{tradmeio}}
* {{trad|en|qualify}}
* {{trad|it|qualificare}}
* {{trad|pl|kwalifikować}}
* {{trad|qu|sanaychay}}
* {{trad|tr|nitelemek}}
* {{trad|val|cualificar}}
{{tradfim}}
=={{etimologia|pt}}==
{{llietimo|la|qualificare|pt}}
=={{pronúncia|pt}}==
===Portugal===
* AFI: {{AFI|/kwɐ.li.fi.ˈkaɾ/}}
==Ver também==
===No Wikcionário===
{{verTambém.Ini}}
* [[abonar]]
* [[adjectivar]]
{{verTambém.NovaColuna}}
* [[adjetivar]]
* [[apurar]]
{{verTambém.Fim}}
[[Categoria:Verbo (Português)]]
={{-ca-}}=
==Verbo==
'''qualificar'''
# [[qualificar#Português|qualificar]]
[[Categoria:Verbo (Catalão)]]</text>
<sha1>gliszpsw0blyvz6k12ue4orld2xff5h</sha1>
</revision>
