<page>
<title>quamanha</title>
<ns>0</ns>
<id>104808</id>
<revision>
<id>1190295</id>
<parentid>959555</parentid>
<timestamp>2011-07-08T18:57:34Z</timestamp>
<contributor>
<username>MalafayaBot</username>
<id>628</id>
</contributor>
<minor />
<comment>Robô: Substituição de texto automática (-^\=\s?Português\s?\= +={{-pt-}}= &amp; -^\=\s?\{\{pt\}\}\s?\= +={{-pt-}}=)</comment>
<model>wikitext</model>
<format>text/x-wiki</format>
<text bytes="132" xml:space="preserve">={{-pt-}}=
==Forma de adjetivo==
{{paroxítona|qua|ma|nha}}
# feminino de [[quamanho]]
[[Categoria:Forma de adjetivo (Português)]]</text>
<sha1>9cux29js2uds1sepazx4zo3zkz4zc44</sha1>
</revision>
</page>
