<page>
<page>
<title>quantitative</title>
<ns>0</ns>
<id>243578</id>
<revision>
<id>2396763</id>
<parentid>1959388</parentid>
<timestamp>2017-05-13T11:00:54Z</timestamp>
<contributor>
<username>HydrizBot</username>
<id>29590</id>
</contributor>
<minor />
<comment>Robô: A limpar links interwikis antigos</comment>
<model>wikitext</model>
<format>text/x-wiki</format>
<text bytes="362" xml:space="preserve">={{-en-}}=
== Adjetivo ==
{{flex.en.adj.longo|quantitative}}
'''quantitative'''
# [[quantitativo]] (relativo a quantidade).
=== Antônimos ===
* (''de 1'') [[qualitative]].
=== Ver também ===
{{verTambém.Ini}}
* [[quantify]]
* [[quantitate]]
{{verTambém.NovaColuna}}
* [[quantitativeness]]
* [[quantity]]
{{verTambém.Fim}}
[[Categoria:Adjetivo (Inglês)]]</text>
<sha1>igttcsog6wcg16zxxv5wo31dwrtkfei</sha1>
</revision>
