<page>
<page>
<title>quantidade</title>
<ns>0</ns>
<id>34373</id>
<revision>
<id>2609591</id>
<parentid>2396756</parentid>
<timestamp>2021-01-28T05:47:26Z</timestamp>
<contributor>
<username>Marxav</username>
<id>73271</id>
</contributor>
<minor />
<comment>AFI Portugal</comment>
<model>wikitext</model>
<format>text/x-wiki</format>
<text bytes="1418" xml:space="preserve">{{Wikipédia}}
={{-pt-}}=
==Substantivo==
{{flex.pt|fs=quantidade|fp=quantidades}}
{{paroxítona|quan|ti|da|de}}
# [[qualidade]] do que [[pode]] ser [[medido]] ou [[numerado]]
# [[tudo]] o que pode [[aumentar]] ou [[diminuir]]
# [[grande]] [[número]]
# [[valor]] das [[vogal|vogais]] ou das [[sílaba]]s [[breve]]s ou [[longa]]s na [[prosódia]] [[latina]] ou [[grega]]
# [[duração]] relativa das [[nota]]s de [[música]]
===Tradução===
{{tradini}}
* {{trad-|de|Anzahl|f.}}, {{xlatio|de|Quantität|''f.''}}, {{xlatio|de|Zahl|''f.''}}, {{xlatio|de|Menge|''f.''}}
* {{trad|ar|كمية}}
* {{trad|cs|kvantita}}
* {{trad|zh|数量}}
* {{trad|ko|양}}
* {{trad|sk|kvantita}}
* {{trad|es|cantidad}}
* {{trad|eo|kvanto}}
* {{trad|fi|määrä}}
* {{trad|fr|quantité}}
* {{trad|el|ποσότητα}}
* {{trad|ht|anpil}}
* {{trad|nl|kwantiteit}}
{{tradmeio}}
* {{trad|hu|mennyiség}}
* {{trad|yi|צאל}}
* {{trad|en|quantity}}
* {{trad|it|quantità}}
* {{trad|ja|量}} (りょう, ryō)
* {{trad|mk|количество}}
* {{trad|nn|storleik}}
* {{trad|fa|کمیت}}
* {{trad|ru|количество}}
* {{trad|scn|quantitati}}
* {{trad|sv|kvantitet}}
* {{trad|uk|кількість}}
{{tradfim}}
=={{etimologia|pt}}==
: Do latim ''quantitate''.
=={{pronúncia|pt}}==
===Portugal===
* AFI: {{AFI|/kwɐ̃.ti.ˈda.dɨ/}}
==Ver também==
===No Wikcionário===
* [[quantofrenia]]
[[Categoria:Substantivo (Português)]]</text>
<sha1>estwwy0ncirefaqv0k7659dddepxkxw</sha1>
</revision>
