<page>
<title>quantitativo</title>
<ns>0</ns>
<id>78556</id>
<revision>
<id>2610616</id>
<parentid>2396765</parentid>
<timestamp>2021-01-30T21:44:58Z</timestamp>
<contributor>
<username>Marxav</username>
<id>73271</id>
</contributor>
<minor />
<comment>AFI Portugal</comment>
<model>wikitext</model>
<format>text/x-wiki</format>
<text bytes="1873" xml:space="preserve">={{-pt-}}=
==Adjetivo==
{{flex.pt|ms=quantitativo|mp=quantitativos|fs=quantitativa|fp=quantitativas}}
{{paroxítona|quan|ti|ta|ti|vo}}
# [[relativo]] [[a]] [[quantidade]]
#* ''O governo brasileiro, quando toma suas decisões de política agrícola, não tem à disposição nenhum cenário '''quantitativo''' de impacto dos instrumentos de política na alocação e no uso da terra para produção agropecuária.'' {{OESP|2007|dezembro|19}}
# [[que]] [[indicar|indica]] [[quantidade]]
===Antônimo===
* [[qualititativo]]
===Tradução===
{{tradini}}
* {{trad|de|quantitativ}}
* {{trad|da|kvantitativ}}
* {{trad|es|cuantitativo}}
* {{trad|fi|määrällinen}}
{{tradmeio}}
* {{trad|fr|quantitatif}}
* {{trad|nl|kwantitatief}}
* {{trad|en|quantitative}}
* {{trad|it|quantitativo}}
{{tradfim}}
==Substantivo==
{{flex.pt|ms=quantitativo|mp=quantitativos}}
{{paroxítona|quan|ti|ta|ti|vo}}, {{gramática|m}}
# [[o]] [[total]] [[da]] [[quantidade]]
#* ''Entre as necessidades, estão listadas: “adequar o '''quantitativo''' do efetivo de oficiais-generais da Força às demandas atuais [...]&quot;'' {{OESP|2007|dezembro|18}}
=={{etimologia|pt}}==
: Do latim ''quantitas, atis'' ([[quantidade]]) + [[-ivo]].
=={{pronúncia|pt}}==
===Portugal===
* AFI: {{AFI|/kwɐ̃.ti.tɐ.ˈti.vu/}}
==Ver também==
===No Wikcionário===
{{verTambém.Ini}}
* [[quantitativamente]]
{{verTambém.Fim}}
[[Categoria:Adjetivo (Português)]]
[[Categoria:Substantivo (Português)]]
={{-it-}}=
==Adjetivo==
'''quantitativo'''
# [[quantitativo#Português|quantitativo]]
#* ''«Cambiare o sospendere un provvedimento per una notte è sbagliato. Il provvedimento c'è e va rispettato», gela le speranze il ministro della Giustizia Clemente Mastella che di recente ha contestato i parametri sul '''quantitativo''' minimo di alcol consentito.'' {{corriere|2007|dezembro|21}}
[[Categoria:Adjetivo (Italiano)]]</text>
<sha1>jb2jnew7m5ufsdljgyf2h5tgrltz8fe</sha1>
</revision>
</page>
