<page>
<page>
<title>quantity</title>
<ns>0</ns>
<id>79454</id>
<revision>
<id>2396766</id>
<parentid>2224250</parentid>
<timestamp>2017-05-13T11:01:08Z</timestamp>
<contributor>
<username>HydrizBot</username>
<id>29590</id>
</contributor>
<minor />
<comment>Robô: A limpar links interwikis antigos</comment>
<model>wikitext</model>
<format>text/x-wiki</format>
<text bytes="128" xml:space="preserve">={{-en-}}=
==Substantivo==
'''quantity''' (''plural'' '''quantities''')
# [[quantidade]].
[[Categoria:Substantivo (Inglês)]]</text>
<sha1>enq1s8nqhttxp9sizf7d8ohkarra5et</sha1>
</revision>
