<page>
<title>quantia</title>
<ns>0</ns>
<id>39620</id>
<revision>
<id>2634629</id>
<parentid>2622222</parentid>
<timestamp>2021-05-19T20:26:55Z</timestamp>
<contributor>
<username>Cpls</username>
<id>20608</id>
</contributor>
<model>wikitext</model>
<format>text/x-wiki</format>
<text bytes="624" xml:space="preserve">={{-pt-}}=
==Substantivo==
{{flex.pt|fs=quantia|fp=quantias}}
{{paroxítona|quan|ti|a}}
# [[quantidade]], [[soma]]
=={{pronúncia|pt}}==
===Portugal===
* AFI: {{AFI|/kwɐ̃.ˈti.ɐ/}}
[[Categoria:Substantivo (Português)]]
={{-roa-gpm-}}=
==Substantivo==
{{flex.roa-gpm|fs=quantia|fp=quantias}}
{{paroxítona|qu|an|ti|a|lang=roa-gpm}}, {{g|f}}
# [[quantia#{{pt}}|quantia]], valor monetário; [[dinheiro]]
# [[quantidade]]
==={{-varort-}}===
* Vide em [[contia#{{roa-gpm}}|contia]]
=={{etimologia|roa-gpm}}==
: De {{etimo|roa-gpm|quanto}} + {{etimo|roa-gpm|-ia}}.
[[Categoria:Substantivo (Galego-Português Medieval)]]</text>
<sha1>12wxiffjox03zh69k1lgsdk52g8nyl1</sha1>
</revision>
</page>
