<page>
<title>quantifier</title>
<ns>0</ns>
<id>80088</id>
<revision>
<id>2396761</id>
<parentid>2074277</parentid>
<timestamp>2017-05-13T11:00:47Z</timestamp>
<contributor>
<username>HydrizBot</username>
<id>29590</id>
</contributor>
<minor />
<comment>Robô: A limpar links interwikis antigos</comment>
<model>wikitext</model>
<format>text/x-wiki</format>
<text bytes="158" xml:space="preserve">={{-en-}}=
==Substantivo==
{{flex.en|s=quantifier|p=quantifiers}}
'''quantifier''' {{gênero|s|cont}}
# [[quantificador]]
[[Categoria:Substantivo (Inglês)]]</text>
<sha1>0nc5di8oiazebxinfg9xzpmp8iy8r3h</sha1>
</revision>
</page>
