<page>
<page>
<title>quand</title>
<ns>0</ns>
<id>11696</id>
<revision>
<id>2396751</id>
<parentid>2256638</parentid>
<timestamp>2017-05-13T11:00:20Z</timestamp>
<contributor>
<username>HydrizBot</username>
<id>29590</id>
</contributor>
<minor />
<comment>Robô: A limpar links interwikis antigos</comment>
<model>wikitext</model>
<format>text/x-wiki</format>
<text bytes="584" xml:space="preserve">={{-fr-}}=
==Advérbio==
'''quand'''
# [[quando]]
===Expressões===
* '''[[je ne sais quand]]''': 
* '''[[n’importe quand]]''': 
* '''[[on ne sait quand]]''': 
* '''[[quand que ce soit]]''': 
==Conjunção==
'''quand'''
# [[quando]]
===Expressões===
* '''[[quand même]]''': 
* '''[[quand bien même]]''': 
===Sinônimos===
{{verTambém.Ini}}
* [[lorsque]]
{{verTambém.NovaColuna}}
* [[mais que]]
{{verTambém.Fim}}
=={{etimologia|fr}}==
: Do latim ''quando''.
=={{pronúncia|fr}}==
* [[AFI]]: /kɑ̃/
[[Categoria:Advérbio (Francês)]]
[[Categoria:Conjunção (Francês)]]</text>
<sha1>3j3m0y6q4zatjvzyvbhtvrv0rhacn72</sha1>
</revision>
