<page>
<title>quantiar</title>
<ns>0</ns>
<id>78551</id>
<revision>
<id>1659735</id>
<parentid>1106041</parentid>
<timestamp>2013-02-24T13:29:38Z</timestamp>
<contributor>
<username>ValJor</username>
<id>1358</id>
</contributor>
<comment>Por um [[Especial:Lonelypages|wikcionário sem órfãos]]: [[quantiámos]]</comment>
<model>wikitext</model>
<format>text/x-wiki</format>
<text bytes="263" xml:space="preserve">={{-pt-}}=
==Verbo==
{{oxítona|quan|ti|ar}}, ''transitivo''
# [[contar]]
# [[numerar]]
# [[avaliar]]
# [[recensear]]
===Conjugação===
{{conj/pt|quanti|ar}}
=={{etimologia|pt}}==
: {{escopo|Morfologia}} [[quantia]] + [[-ar]].
[[Categoria:Verbo (Português)]]</text>
<sha1>k53iezfg2ivdjjnhusy5uxoc42ttmu4</sha1>
</revision>
</page>
