<page>
<title>quantofrenia</title>
<ns>0</ns>
<id>78561</id>
<revision>
<id>1214588</id>
<parentid>303630</parentid>
<timestamp>2011-07-10T17:39:04Z</timestamp>
<contributor>
<username>MalafayaBot</username>
<id>628</id>
</contributor>
<minor />
<comment>Robô: Substituição de texto automática (-^\=\s?Português\s?\= +={{-pt-}}= &amp; -^\=\s?\{\{pt\}\}\s?\= +={{-pt-}}=)</comment>
<model>wikitext</model>
<format>text/x-wiki</format>
<text bytes="330" xml:space="preserve">={{-pt-}}=
[[Categoria:Substantivo (Português)]]
==Substantivo==
'''quantofrenia''' ''feminino ''
# [[designação]] [[da]] [[tendência]] [[excessiva]] [[para]] [[a]] [[introdução]] [[da]] [[quantidade]] [[e]] [[da]] [[medição]] [[nas]] [[ciências]] [[do]] [[espírito]]
#* termo criado pelo sociólogo americano P. Sorokin</text>
<sha1>crkbiyox7hyyixcse349ex6uab0z0rf</sha1>
</revision>
</page>
