<page>
<title>quanto</title>
<ns>0</ns>
<id>41719</id>
<revision>
<id>2617166</id>
<parentid>2396767</parentid>
<timestamp>2021-02-01T03:08:02Z</timestamp>
<contributor>
<username>MarxavBot</username>
<id>80155</id>
</contributor>
<minor />
<comment>AFI Portugal</comment>
<model>wikitext</model>
<format>text/x-wiki</format>
<text bytes="1059" xml:space="preserve">={{-pt-}}=
==Pronome==
{{flex.pt|ms=quanto|mp=quantos|fs=quanta|fp=quantas}}
# [[qual]] [[quantidade]], [[qual]] [[valor]]
#* '''''Quanto''' custa esse produto?''
==Advérbio==
'''quanto'''
# o mesmo que &quot;[[a]] [[respeito]] [[de]]&quot;
#* ''Não sei '''quanto''' a este produto.''
===Tradução===
{{tradini}}
* {{trad|de|wie viele}}
* {{trad|es|cuánto}}
* {{trad|fr|combien}}
* {{trad|nl|hoeveel}}
* {{trad|en|how much}}
* {{trad|it|quanto}}
{{tradmeio}}
* {{trad|ms|berapa}}
* {{trad|no|hvor mange}}
* {{trad|pl|ile}}
* {{trad|ru|сколько}}
* {{trad|sv|hur många}}
* {{trad|tet|hira}}
* {{trad|ur|کتنا}}
{{tradfim}}
=={{etimologia|pt}}==
: Do latim ''quantu''.
=={{pronúncia|pt}}==
===Portugal===
* AFI: {{AFI|/ˈkwɐ̃.tu/}}
==Ver também==
===No Wikcionário===
{{verTambém.Ini}}
* [[quantificador]]
{{verTambém.NovaColuna}}
* [[quantíssimo]]
{{verTambém.NovaColuna}}
* [[quão]]
{{verTambém.Fim}}
[[Categoria:Pronome (Português)]]
={{-it-}}=
==Pronome==
'''quanto'''
# [[quanto#Português|quanto]]
[[Categoria:Pronome (Italiano)]]</text>
<sha1>4kauhu4f6q2w7t2vgv25a9ja934dx6c</sha1>
</revision>
</page>
