<page>
<title>quantas</title>
<ns>0</ns>
<id>113329</id>
<revision>
<id>2396754</id>
<parentid>1789444</parentid>
<timestamp>2017-05-13T11:00:32Z</timestamp>
<contributor>
<username>HydrizBot</username>
<id>29590</id>
</contributor>
<minor />
<comment>Robô: A limpar links interwikis antigos</comment>
<model>wikitext</model>
<format>text/x-wiki</format>
<text bytes="133" xml:space="preserve">={{-pt-}}=
==Forma de pronome==
{{paroxítona|quan|tas}}
# feminino plural de [[quanto]]
[[Categoria:Forma de pronome (Português)]]</text>
<sha1>my5d4odnoll74vmamhrzodmb590a2dh</sha1>
</revision>
</page>
