<page>
<title>quantitativeness</title>
<ns>0</ns>
<id>243579</id>
<revision>
<id>2396764</id>
<parentid>2134308</parentid>
<timestamp>2017-05-13T11:00:56Z</timestamp>
<contributor>
<username>HydrizBot</username>
<id>29590</id>
</contributor>
<minor />
<comment>Robô: A limpar links interwikis antigos</comment>
<model>wikitext</model>
<format>text/x-wiki</format>
<text bytes="342" xml:space="preserve">={{-en-}}=
== Substantivo ==
'''quantitativeness'''
# [[quantitatividade]].
=== Antônimos ===
* (''de 1'') [[qualitativeness]].
== Etimologia ==
: De ''[[quantitative#{{en}}|quantitative]]'' (''&quot;quantitativo&quot;'') + ''[[-ness#{{en}}|-ness]]'' (''&quot;-dade&quot;'').
[[Categoria:Substantivo (Inglês)]]
[[Categoria:Entrada com etimologia (Inglês)]]</text>
<sha1>141bpftavzxonzbxd9068gpefxcu4rn</sha1>
</revision>
</page>
