<page>
<page>
<title>quantificateur</title>
<ns>0</ns>
<id>80664</id>
<revision>
<id>2690235</id>
<parentid>2601989</parentid>
<timestamp>2022-10-25T14:38:50Z</timestamp>
<contributor>
<username>InternetArchiveBot</username>
<id>81604</id>
</contributor>
<comment>Rescuing 1 sources and tagging 0 as dead.) #IABot (v2.0.9.2</comment>
<model>wikitext</model>
<format>text/x-wiki</format>
<text bytes="2077" xml:space="preserve">={{-fr-}}=
==Substantivo==
{{flex.fr|ms=quantificateur|mp=quantificateurs|ms-div=quan.ti.fi.ca.teur|mp-div=quan.ti.fi.ca.teurs}}
'''quan.ti.fi.ca.teur''', {{gramática|m}}
# {{escopo|fr|Lógica}} [[quantificador]]
# {{escopo|fr|Lógica}} quantificador, [[símbolo]] de quantificador&lt;sup&gt;1&lt;/sup&gt;
# {{escopo|fr|Gramática}} quantificador
===Expressões===
* '''[[quantificateur adverbial]]''': {{escopo2|Gramática}} locução adverbial formada por um advérbio de quantidade e a preposição de
* '''[[quantificateur existentiel]]''': {{escopo2|Lógica}} quantificador existencial
* '''[[quantificateur nominal]]''': {{escopo2|Gramática}} locução nominal formada a partir de um coletivo e a preposição de
* '''[[quantificateur universel]]''': {{escopo2|Lógica}} quantificador universal
===Sinónimos===
* De '''1''': {{escopo2|Obsoleto}} {{link opcional|quantifieur|fr}}, {{escopo2|Raro}} {{link opcional|quanteur|fr}}
* De '''2''': {{link opcional|quantifieur|fr}}
=={{etimologia|fr}}==
: Derivado de {{etimo|fr|quantification}}, com substituição do sufixo {{etimo|fr|-ation}} por {{etimo|fr|-ateur}}.
:* '''Datação''': [[w:1957|1957]]
=={{pronúncia|fr}}==
* [[AFI]]: {{AFI|/kɑ̃.ti.fi.ka.tœːʁ/}}
* [[X-SAMPA]]: /kA~.ti.fi.ka.t2:R/
==Ver também==
===No Wikcionário===
{{verTambém.Ini}}
* {{link opcional|déterminant|fr}}
* {{link opcional|locution|fr}}
{{verTambém.NovaColuna}}
* {{link opcional|logique|fr}}
* {{link opcional|mathématique|fr}}
{{verTambém.NovaColuna}}
* {{link opcional|noyau|fr}}
* {{link opcional|numérique|fr}}
{{verTambém.NovaColuna}}
* {{link opcional|opérateur|fr}}
* {{link opcional|quantité|fr}}
{{verTambém.Fim}}
===Referências===
{{verTambém.Ini}}
* [http://www.cnrtl.fr/definition/{{PAGENAME}}/1 ''{{PAGENAME}}'' no CNRTL (em francês)]
* [https://web.archive.org/web/20110820105711/http://www.mediadico.com/dictionnaire/definition/api/1 ''{{PAGENAME}}'' no MEDIADICO (em francês)]
{{verTambém.Fim}}
[[Categoria:Substantivo (Francês)]]
[[Categoria:Polissílabo (Francês)]]
[[Categoria:Século XX (Francês)]]</text>
<sha1>4ureay98zba82k9t3dybd3hs0xo1wt0</sha1>
</revision>
