<page>
<title>quantus</title>
<ns>0</ns>
<id>41406</id>
<revision>
<id>2396771</id>
<parentid>2134315</parentid>
<timestamp>2017-05-13T11:01:24Z</timestamp>
<contributor>
<username>HydrizBot</username>
<id>29590</id>
</contributor>
<minor />
<comment>Robô: A limpar links interwikis antigos</comment>
<model>wikitext</model>
<format>text/x-wiki</format>
<text bytes="376" xml:space="preserve">={{-la-}}=
==Pronome==
'''quan.tus''' ''interrogativo''
:# de que [[tamanho]]?
:# [[quão]] [[grande]]?
::''Obs.Não confundir com [[quot]] ou [[quotus]] que significam [[quantos]]''
===Fraseologia===
* '''quanta [[urbs]]?''' = ''de que tamanho é a cidade?''
* '''in quantum''' = ''tanto quanto''
{{decl.la.adjprimclas.us|quant|VS=quantus}}
[[Categoria:Pronome (Latim)]]</text>
<sha1>n2rdvh1zrm35vty4z4i3b6b3n8o6zln</sha1>
</revision>
</page>
