<page>
<title>quantidades</title>
<ns>0</ns>
<id>431330</id>
<revision>
<id>2625302</id>
<parentid>2624906</parentid>
<timestamp>2021-02-28T16:19:41Z</timestamp>
<contributor>
<username>Ollie Dee1234</username>
<id>80685</id>
</contributor>
<comment>/* {{-pt-}} */</comment>
<model>wikitext</model>
<format>text/x-wiki</format>
<text bytes="230" xml:space="preserve">={{-pt-}}=
==Forma de substantivo==
{{flex.pt|fs=quantidade|fp=quantidades}}
{{paroxítona|quan|ti|da|des}}, {{gramática|fp}}
# plural de [[quantidade]]
{{avi-for-fle|quantidade}}
[[Categoria:Forma de substantivo (Português)]]</text>
<sha1>eqac9dxbbm2n2j6737556dajyu6xbga</sha1>
</revision>
</page>
