<page>
<page>
<title>quaram</title>
<ns>0</ns>
<id>160573</id>
<revision>
<id>2396774</id>
<parentid>1168069</parentid>
<timestamp>2017-05-13T11:01:29Z</timestamp>
<contributor>
<username>HydrizBot</username>
<id>29590</id>
</contributor>
<minor />
<comment>Robô: A limpar links interwikis antigos</comment>
<model>wikitext</model>
<format>text/x-wiki</format>
<text bytes="180" xml:space="preserve">={{-pt-}}=
==Forma verbal==
'''quaram'''
#[[terceira pessoa]] do [[plural]] do [[presente]] do [[modo indicativo]] do verbo '''[[quarar]]'''
[[Categoria:Forma verbal (Português)]]</text>
<sha1>22qdzip0641nozzvdw1rk8yupin0731</sha1>
</revision>
