<page>
<title>quararmos</title>
<ns>0</ns>
<id>208881</id>
<revision>
<id>2396793</id>
<parentid>1168084</parentid>
<timestamp>2017-05-13T11:02:10Z</timestamp>
<contributor>
<username>HydrizBot</username>
<id>29590</id>
</contributor>
<minor />
<comment>Robô: A limpar links interwikis antigos</comment>
<model>wikitext</model>
<format>text/x-wiki</format>
<text bytes="269" xml:space="preserve">={{-pt-}}=
==Forma verbal==
'''quararmos'''
#[[primeira pessoa]] do [[plural]] do [[futuro]] do [[modo subjuntivo]] do verbo '''[[quarar]]'''
#[[infinitivo pessoal]] da [[primeira pessoa]] do [[plural]] do verbo '''[[quarar]]'''
[[Categoria:Forma verbal (Português)]]</text>
<sha1>mdygf5bjundpftk0uc12p0dzg1mqw8m</sha1>
</revision>
</page>
