<page>
<title>quart</title>
<ns>0</ns>
<id>2720</id>
<revision>
<id>2396825</id>
<parentid>2238445</parentid>
<timestamp>2017-05-13T11:03:14Z</timestamp>
<contributor>
<username>HydrizBot</username>
<id>29590</id>
</contributor>
<minor />
<comment>Robô: A limpar links interwikis antigos</comment>
<model>wikitext</model>
<format>text/x-wiki</format>
<text bytes="324" xml:space="preserve">={{-fr-}}=
== Numeral Ordinal ==
'''quart''' ''numeral ordinal'' ''masculino'' (feminino: [[quarte]])
:#O numeral ''[[quarto]]'' ou ''[[quarta]]''.
== Sinónimos ==
:# [[quatrième]]
== Cardinal equivalente ==
:# [[quatre]]
== Outros verbetes ==
[[tiers]] [[quint]]
[[Categoria:Numeral (Francês)|# B00004 ]]</text>
<sha1>llx8uh3r7rltrp9abbqflf84u03toqi</sha1>
</revision>
</page>
