<page>
<page>
<title>quartega</title>
<ns>0</ns>
<id>401551</id>
<revision>
<id>2522319</id>
<timestamp>2018-10-12T12:40:12Z</timestamp>
<contributor>
<username>Cpls</username>
<id>20608</id>
</contributor>
<comment>[[Ajuda:Guia de edição/Menus e ferramentas/Sumário de edição|→]] nova página: ={{-gl-}}= ==Substantivo== {{flex.gl|fs=quartega|fp=quartegas}} {{paroxítona|quar|te|ga|lang=gl}}, {{gramát...</comment>
<model>wikitext</model>
<format>text/x-wiki</format>
<text bytes="436" xml:space="preserve">={{-gl-}}=
==Substantivo==
{{flex.gl|fs=quartega|fp=quartegas}}
{{paroxítona|quar|te|ga|lang=gl}}, {{gramática|f|lang=gl}}
# {{escopo|gl|Arcaico}} [[quadriga]]
==={{-varort-}}===
* [[cuartega#{{gl}}|cuartega]], [[quatrega#{{gl}}|quatrega]]
=={{etimologia|gl}}==
: Da mesma origem que o latim {{etimo|la|quādrīga}}. Confronte-se com ''[[quartia#{{gl}}|quartia]]'' e ''[[cartao#{{gl}}|cartao]]''.
[[Categoria:Substantivo (Galego)]]</text>
<sha1>7u4qki8rcn1vo1u0e7hjeie5dm4t22m</sha1>
</revision>
