<page>
<title>quartéis</title>
<ns>0</ns>
<id>375957</id>
<revision>
<id>2396843</id>
<parentid>2252181</parentid>
<timestamp>2017-05-13T11:04:07Z</timestamp>
<contributor>
<username>HydrizBot</username>
<id>29590</id>
</contributor>
<minor />
<comment>Robô: A limpar links interwikis antigos</comment>
<model>wikitext</model>
<format>text/x-wiki</format>
<text bytes="176" xml:space="preserve">={{-pt-}}=
==Forma de substantivo==
{{oxítona|quar|téis}}, {{gramática|mp}}
# plural de [[quartel]]
{{avi-for-fle|quartel}}
[[Categoria:Forma de substantivo (Português)]]</text>
<sha1>ngg63on74dwt6th13qoi2nvw1l9mbtz</sha1>
</revision>
</page>
