<page>
<title>quarteto</title>
<ns>0</ns>
<id>339150</id>
<revision>
<id>2455712</id>
<parentid>2455711</parentid>
<timestamp>2017-10-18T22:29:47Z</timestamp>
<contributor>
<username>Askekamo</username>
<id>60711</id>
</contributor>
<model>wikitext</model>
<format>text/x-wiki</format>
<text bytes="1219" xml:space="preserve">{{Wikipédia}}
={{-pt-}}=
==Substantivo==
{{flex.pt|ms=quarteto|mp=quartetos}}
{{paroxítona|quar|te|to}}, {{m}}
# [[composição]] [[musical]], própria para ser executada por [[quatro]] [[voz]]es ou quatro [[instrumento]]s
# [[grupo]] de quatro [[pessoa]]s
#* ''Muito ovacionado, o '''quarteto''' (que na verdade veio para a América Latina como um trio) mistura o ritmo eletrônico com um pé fincado numa espécie de funk europeu e com memórias do soul.'' {{OESP|2015|março|29}}
===Tradução===
{{tradini}}
* {{trad|de|Quartett}}
* {{trad|es|cuarteto}}
* {{trad|fr|quatuor|quartette}}
* {{trad|nl|kwartet}}
{{tradmeio}}
* {{trad|en|quartet}}
* {{trad|it|quartetto}}
* {{trad|ru|квартет}}
* {{trad|sv|kvartett}}
{{tradfim}}
=={{etimologia|pt}}==
: Derivado de [[quarto]].
==Ver também==
===No Wikcionário===
* [[quadrimembre]]
====Conjuntos====
{{verTambém.Ini}}
* [[dueto]]
* [[duo]]
* [[dupla]]
* [[hepteto]]
* [[noneto]]
{{verTambém.NovaColuna}}
* [[octeto]]
* [[quinteto]]
* [[sexteto]]
* [[terceto]]
* [[trio]]
{{verTambém.Fim}}
====Wikisaurus====
* [[Wikisaurus:música|música]]
[[Categoria:Substantivo (Português)]]
[[Categoria:Coletivo (Português)]]
[[Categoria:Música (Português)]]</text>
<sha1>p92xerp6zmba109pteend8ujlxenxcn</sha1>
</revision>
</page>
