<page>
<title>quaras</title>
<ns>0</ns>
<id>154642</id>
<revision>
<id>2396799</id>
<parentid>1168090</parentid>
<timestamp>2017-05-13T11:02:19Z</timestamp>
<contributor>
<username>HydrizBot</username>
<id>29590</id>
</contributor>
<minor />
<comment>Robô: A limpar links interwikis antigos</comment>
<model>wikitext</model>
<format>text/x-wiki</format>
<text bytes="178" xml:space="preserve">={{-pt-}}=
==Forma verbal==
'''quaras'''
#[[segunda]] [[pessoa]] do [[singular]] do [[presente]] [[indicativo]] do verbo '''[[quarar]]'''
[[Categoria:Forma verbal (Português)]]</text>
<sha1>0gqsticbe5k2pgywzhe512txfgcy2kg</sha1>
</revision>
</page>
