<page>
<title>quarteiros</title>
<ns>0</ns>
<id>236669</id>
<revision>
<id>1209294</id>
<parentid>897975</parentid>
<timestamp>2011-07-10T11:40:49Z</timestamp>
<contributor>
<username>MalafayaBot</username>
<id>628</id>
</contributor>
<minor />
<comment>Robô: Substituição de texto automática (-^\=\s?Português\s?\= +={{-pt-}}= &amp; -^\=\s?\{\{pt\}\}\s?\= +={{-pt-}}=)</comment>
<model>wikitext</model>
<format>text/x-wiki</format>
<text bytes="139" xml:space="preserve">={{-pt-}}=
==Forma de substantivo==
{{paroxítona|quar|tei|ros}}
# plural de [[quarteiro]]
[[Categoria:Forma de substantivo (Português)]]</text>
<sha1>3i25curkw5f5vocyin2oe6e1duibd9q</sha1>
</revision>
</page>
