<page>
<page>
<title>quararem</title>
<ns>0</ns>
<id>211676</id>
<revision>
<id>2396787</id>
<parentid>1168078</parentid>
<timestamp>2017-05-13T11:02:00Z</timestamp>
<contributor>
<username>HydrizBot</username>
<id>29590</id>
</contributor>
<minor />
<comment>Robô: A limpar links interwikis antigos</comment>
<model>wikitext</model>
<format>text/x-wiki</format>
<text bytes="268" xml:space="preserve">={{-pt-}}=
==Forma verbal==
'''quararem'''
#[[terceira pessoa]] do [[plural]] do [[futuro]] do [[modo subjuntivo]] do verbo '''[[quarar]]'''
#[[infinitivo pessoal]] da [[terceira pessoa]] do [[plural]] do verbo '''[[quarar]]'''
[[Categoria:Forma verbal (Português)]]</text>
<sha1>l01l4cxuzi2nzp0d3ox8hyml3mi6gdb</sha1>
</revision>
