<page>
<page>
<title>quarei</title>
<ns>0</ns>
<id>170639</id>
<revision>
<id>2396809</id>
<parentid>1789461</parentid>
<timestamp>2017-05-13T11:02:36Z</timestamp>
<contributor>
<username>HydrizBot</username>
<id>29590</id>
</contributor>
<minor />
<comment>Robô: A limpar links interwikis antigos</comment>
<model>wikitext</model>
<format>text/x-wiki</format>
<text bytes="193" xml:space="preserve">={{-pt-}}=
==Forma verbal==
'''quarei'''
#[[primeira pessoa]] do [[singular]] do [[pretérito perfeito]] do [[modo indicativo]] do verbo '''[[quarar]]'''
[[Categoria:Forma verbal (Português)]]</text>
<sha1>ii479s2bbaofba6uk0obrdva0dlqnlt</sha1>
</revision>
