<page>
<title>quares</title>
<ns>0</ns>
<id>218852</id>
<revision>
<id>2396817</id>
<parentid>1168104</parentid>
<timestamp>2017-05-13T11:02:52Z</timestamp>
<contributor>
<username>HydrizBot</username>
<id>29590</id>
</contributor>
<minor />
<comment>Robô: A limpar links interwikis antigos</comment>
<model>wikitext</model>
<format>text/x-wiki</format>
<text bytes="275" xml:space="preserve">={{-pt-}}=
==Forma verbal==
'''quares'''
#[[segunda pessoa]] do [[singular]] do [[presente]] do [[modo subjuntivo]] do verbo '''[[quarar]]'''
#[[segunda pessoa]] do [[singular]] do [[imperativo]] [[negativo]] do verbo '''[[quarar]]'''
[[Categoria:Forma verbal (Português)]]</text>
<sha1>98m7afjp7ejxj7qono88d5y3db495o3</sha1>
</revision>
</page>
