<page>
<page>
<title>quaradouro</title>
<ns>0</ns>
<id>39792</id>
<revision>
<id>2211165</id>
<parentid>1606733</parentid>
<timestamp>2016-12-12T19:00:35Z</timestamp>
<contributor>
<username>Defender</username>
<id>15952</id>
</contributor>
<model>wikitext</model>
<format>text/x-wiki</format>
<text bytes="316" xml:space="preserve">={{-pt-}}=
==Substantivo==
{{flex.pt|ms=quaradouro|mp=quaradouros}}
{{paroxítona|qua|ra|dou|ro}}, ''masculino''
# {{escopo|pt|Brasil}} lugar onde se põe a [[roupa]] a [[corar]]; [[coradouro]]; [[quarador]]
=={{etimologia|pt}}==
:{{escopo|Morfologia}} [[quarar]] + [[-douro]].
[[Categoria:Substantivo (Português)]]</text>
<sha1>ah89khwwybyuukmz7kej1r0ub0h4q9o</sha1>
</revision>
