<page>
<title>quaravam</title>
<ns>0</ns>
<id>169187</id>
<revision>
<id>2396806</id>
<parentid>1168097</parentid>
<timestamp>2017-05-13T11:02:30Z</timestamp>
<contributor>
<username>HydrizBot</username>
<id>29590</id>
</contributor>
<minor />
<comment>Robô: A limpar links interwikis antigos</comment>
<model>wikitext</model>
<format>text/x-wiki</format>
<text bytes="195" xml:space="preserve">={{-pt-}}=
==Forma verbal==
'''quaravam'''
#[[terceira pessoa]] do [[plural]] do [[pretérito imperfeito]] do [[modo indicativo]] do verbo '''[[quarar]]'''
[[Categoria:Forma verbal (Português)]]</text>
<sha1>4bo18xklawvap98fv6czfbuwkr6bdkn</sha1>
</revision>
</page>
