<page>
<page>
<title>quaresmámos</title>
<ns>0</ns>
<id>308814</id>
<revision>
<id>2259405</id>
<parentid>1644863</parentid>
<timestamp>2017-04-09T06:19:44Z</timestamp>
<contributor>
<username>Defender</username>
<id>15952</id>
</contributor>
<comment>Trocando predefinição escopo por escopo2</comment>
<model>wikitext</model>
<format>text/x-wiki</format>
<text bytes="267" xml:space="preserve">={{-pt-}}=
==Forma verbal==
{{paroxítona|qua|res|má|mos}}
#{{escopo2|grafia lusitana}} [[primeira pessoa]] do [[plural]] do [[pretérito perfeito]] do [[modo indicativo]] do verbo '''[[quaresmar]]'''
[[Categoria:Forma verbal (Português)]]
[[Categoria:Lusitanismo]]</text>
<sha1>mifux5gbx8xk9buoskhlv5haa72o3mo</sha1>
</revision>
