<page>
<page>
<title>quarava</title>
<ns>0</ns>
<id>204382</id>
<revision>
<id>2396805</id>
<parentid>1168096</parentid>
<timestamp>2017-05-13T11:02:28Z</timestamp>
<contributor>
<username>HydrizBot</username>
<id>29590</id>
</contributor>
<minor />
<comment>Robô: A limpar links interwikis antigos</comment>
<model>wikitext</model>
<format>text/x-wiki</format>
<text bytes="228" xml:space="preserve">={{-pt-}}=
==Forma verbal==
'''quarava'''
#[[primeira pessoa|primeira]] e [[terceira pessoa]] do [[singular]] do [[pretérito imperfeito]] do [[modo indicativo]] do verbo '''[[quarar]]'''
[[Categoria:Forma verbal (Português)]]</text>
<sha1>ov7bvitlzs3axijmlv240o46gpw5iv0</sha1>
</revision>
