<page>
<page>
<title>quarando</title>
<ns>0</ns>
<id>156079</id>
<revision>
<id>2396776</id>
<parentid>1168071</parentid>
<timestamp>2017-05-13T11:01:32Z</timestamp>
<contributor>
<username>HydrizBot</username>
<id>29590</id>
</contributor>
<minor />
<comment>Robô: A limpar links interwikis antigos</comment>
<model>wikitext</model>
<format>text/x-wiki</format>
<text bytes="124" xml:space="preserve">={{-pt-}}=
==Forma verbal==
'''quarando'''
#[[gerúndio]] do verbo '''[[quarar]]'''
[[Categoria:Forma verbal (Português)]]</text>
<sha1>0mubstx4hwl5sjjxl2dpoe2bu4ntxpg</sha1>
</revision>
