<page>
<title>quarávamos</title>
<ns>0</ns>
<id>163305</id>
<revision>
<id>2396851</id>
<parentid>1168112</parentid>
<timestamp>2017-05-13T11:04:22Z</timestamp>
<contributor>
<username>HydrizBot</username>
<id>29590</id>
</contributor>
<minor />
<comment>Robô: A limpar links interwikis antigos</comment>
<model>wikitext</model>
<format>text/x-wiki</format>
<text bytes="198" xml:space="preserve">={{-pt-}}=
==Forma verbal==
'''quarávamos'''
#[[primeira pessoa]] do [[plural]] do [[pretérito imperfeito]] do [[modo indicativo]] do verbo '''[[quarar]]'''
[[Categoria:Forma verbal (Português)]]</text>
<sha1>temuj70o386cnx45kmfms4f0623eocv</sha1>
</revision>
</page>
