<page>
<title>quartela</title>
<ns>0</ns>
<id>435886</id>
<revision>
<id>2643187</id>
<parentid>2643184</parentid>
<timestamp>2021-07-20T17:09:43Z</timestamp>
<contributor>
<username>Cpls</username>
<id>20608</id>
</contributor>
<model>wikitext</model>
<format>text/x-wiki</format>
<text bytes="969" xml:space="preserve">={{-pt-}}=
==Substantivo==
{{flex.pt|fs=quartela|fp=quartelas}}
{{paroxítona|qu|ar|te|la}}, {{g|f}}
# parte do pé das [[cavalgadura]]s entre a coroa do casco e o boleto
# [[peça]] de pedra ou madeira que sustenta outra maior
# [[mísula]]
# em um [[automóvel]], a estrutura da [[porta]] interiormente
===Sinónimo===
* De '''2''': [[calço]]
=={{etimologia|pt}}==
: {{escopo|Morfologia}} De ''[[quarta]]'' + ''[[-elo|-ela]]''.
==Ligações externas==
* {{Aulete}}
* {{Michaelis}}
* {{DicioAberto}}
* {{DPLP}}
* {{Infopédia}}
* {{PLP}}
* {{VOLPABL}}
==Anagrama==
&lt;!-- índice para anagramas: pt: aaa --&gt;
# [[traqueal]]
[[Categoria:Substantivo (Português)]]
={{-roa-gpm-}}=
==Substantivo==
{{flex.roa-gpm|fs=quartela|fp=quartelas}}
{{paroxítona|qu|ar|te|la|lang=roa-gpm}}, {{g|f}}
# [[quartela#{{pt}}|quartela]], parte do pé das cavalgaduras
=={{etimologia|roa-gpm}}==
: De {{etimo|roa-gpm|quarta}}.
[[Categoria:Substantivo (Galego-Português Medieval)]]</text>
<sha1>oemqkn1toj8b3ijgs1xnnezj4d7lgzc</sha1>
</revision>
</page>
