<page>
<page>
<title>quarto</title>
<ns>0</ns>
<id>2256</id>
<revision>
<id>2611034</id>
<parentid>2445178</parentid>
<timestamp>2021-01-30T22:51:53Z</timestamp>
<contributor>
<username>Marxav</username>
<id>73271</id>
</contributor>
<minor />
<comment>AFI Portugal</comment>
<model>wikitext</model>
<format>text/x-wiki</format>
<text bytes="1875" xml:space="preserve">={{-pt-}}=
==Numeral==
{{flex.pt|ms=quarto|mp=-|fs=quarta|fp=-}}
{{paroxítona|quar|to}} {{gramática|ord}}
# ordem de um [[elemento]] em um [[conjunto]], que ocupe a [[posição]] [[equivalente]] ao [[número]] [[quatro]]
{{paroxítona|quar|to}} ''partitivo''
#{{cont|2}} uma das [[subdivisões]] do [[inteiro]] em [[quatro]] [[partes]].
==Adjetivo==
{{paroxítona|quar|to}}
# refere-se àquele que ocupa a [[posição]] quaternária em uma série; o que vem [[depois]] do [[terceiro]].
:: ''O quarto aluno da fila é o menor da classe''
===Tradução===
{{tradini}}
* {{trad|de|vierte}}
* {{trad|fi|neljäs}}
* {{trad|fr|quatrième|quart}}
{{tradmeio}}
* {{trad|el|τέταρτος}}
* {{trad|en|fourth|quarter}}
* {{trad|la|quartus}}
{{tradfim}}
==Substantivo== 
{{paroxítona|quar|to}} {{gramática|m}}
{{flex.pt|ms=quarto|mp=quartos}}
# a  [[pessoa]] ou [[coisa]] que está logo após o [[terceiro]] numa [[série]].
# uma das divisões da [[casa]]; [[lugar]] onde habitualmente se [[dormir|dorme]].
==={{etimologia|pt}}===
{{llietimo|la|quartus|pt}}
===Tradução===
{{tradini}}
* {{trad|de|Zimmer|Schlafzimmer}}
* {{trad|es|cuarto}}
* {{trad|fi|huone}}
* {{trad|fr|chambre}}
* {{trad|el|δωμάτιο}}
* {{trad|hi|कमरा}}
{{tradmeio}}
* {{trad|en|room|bedroom}}
* {{trad|it|camera}}
* {{trad|ja|部屋}}
* {{trad|fa|اتاق}}
* {{trad|tet|dahaat|kuartu|tobi}}
{{tradfim}}
=={{pronúncia|pt}}==
===Portugal===
* AFI: {{AFI|/ˈkwaɾ.tu/}}
==Ver também==
* [[terço]], [[terça]]
* [[terceiro]]
* [[quinto]]
={{-it-}}=
==Numeral==
'''quar.to''' {{gramática|m|ord}}
# numeral [[quarto#Português|quarto]]
==Ver também==
* [[quatro]] (cardinal equivalente)
* [[terzo]]
* [[quinto]]
[[Categoria:Adjetivo (Português)]]
[[Categoria:Substantivo (Português)]]
[[Categoria:Numeral (Italiano)|# A00004]]
[[Categoria:Numeral ordinal (Português)|# 000004]]</text>
<sha1>gglom9keqi5l49g2xmej94chg2u5fha</sha1>
</revision>
