<page>
<title>quark</title>
<ns>0</ns>
<id>108993</id>
<revision>
<id>2601981</id>
<parentid>2396821</parentid>
<timestamp>2020-11-14T11:27:11Z</timestamp>
<contributor>
<username>ValJor</username>
<id>1358</id>
</contributor>
<comment>Acrescentando código de língua à [[:Categoria:!Página com mensagem de erro em predefinição|predefinição escopo]]</comment>
<model>wikitext</model>
<format>text/x-wiki</format>
<text bytes="1193" xml:space="preserve">[[Image:Standard Model of Elementary Particles.svg|thumb|250px|Seis das particulas (em lilás) do [[Modelo Padrão]] são quarks.]]
={{-pt-}}=
==Substantivo==
{{flex.pt|ms=quark|mp=quarks}}
{{oxítona|quark}}, {{gramática|m|s}}
# {{escopo|pt|Estrangeirismo}} [[partícula]] [[elementar]] do [[Modelo Padrão]], que constitui os [[próton]]s e os [[nêutron]]s
==Ligações externas==
* {{VOLPABL}}
[[Categoria:Substantivo (Português)]]
[[Categoria:Física (Português)]]
={{-en-}}=
==Substantivo==
'''quark'''
# [[partícula]] [[elementar]] do [[Modelo Padrão]], que constitui os [[próton]]s e os [[nêutron]]s
==={{etimologia|en}}===
* Nome proposto por [http://en.wikipedia.org/wiki/Murray_Gell-Mann Murray Gell-Mann], retirado do livro ''Finnegans Wake'' de [http://en.wikipedia.org/wiki/James_Joyce James Joyce]:
''Three quarks for Muster Mark!''
''Sure he has not got much of a bark''
''And sure any he has it's all beside the mark.''
==Ver também==
===No Wikcionário===
{{verTambém.Ini}}
* [[bottom]]
* [[charm]]
* [[down]]
{{verTambém.NovaColuna}}
* [[strange]]
* [[top]]
* [[up]]
{{verTambém.Fim}}
[[Categoria:Substantivo (Inglês)]]
[[Categoria:Física (Inglês)]]</text>
<sha1>2aw73sadvm95nstqg8v9lnjg75ba0pq</sha1>
</revision>
</page>
