<page>
<page>
<title>quarássemos</title>
<ns>0</ns>
<id>198852</id>
<revision>
<id>2396850</id>
<parentid>1168111</parentid>
<timestamp>2017-05-13T11:04:20Z</timestamp>
<contributor>
<username>HydrizBot</username>
<id>29590</id>
</contributor>
<minor />
<comment>Robô: A limpar links interwikis antigos</comment>
<model>wikitext</model>
<format>text/x-wiki</format>
<text bytes="200" xml:space="preserve">={{-pt-}}=
==Forma verbal==
'''quarássemos'''
#[[primeira pessoa]] do [[plural]] do [[pretérito imperfeito]] do [[modo subjuntivo]] do verbo '''[[quarar]]'''
[[Categoria:Forma verbal (Português)]]</text>
<sha1>cpdugglucqcyvozsi9szorhi36d8ujl</sha1>
</revision>
