<page>
<title>quarareis</title>
<ns>0</ns>
<id>189421</id>
<revision>
<id>2396786</id>
<parentid>1168077</parentid>
<timestamp>2017-05-13T11:01:58Z</timestamp>
<contributor>
<username>HydrizBot</username>
<id>29590</id>
</contributor>
<minor />
<comment>Robô: A limpar links interwikis antigos</comment>
<model>wikitext</model>
<format>text/x-wiki</format>
<text bytes="170" xml:space="preserve">={{-pt-}}=
==Forma verbal==
'''quarareis'''
#[[segunda pessoa]] do [[plural]] do [[futuro do presente]] do verbo '''[[quarar]]'''
[[Categoria:Forma verbal (Português)]]</text>
<sha1>r78e432tgucnm102yjyev9l4b4b1r2z</sha1>
</revision>
</page>
