<page>
<title>quartil</title>
<ns>0</ns>
<id>64530</id>
<revision>
<id>2601963</id>
<parentid>2396837</parentid>
<timestamp>2020-11-14T08:26:32Z</timestamp>
<contributor>
<username>ValJor</username>
<id>1358</id>
</contributor>
<comment>Acrescentando código de língua à [[:Categoria:!Página com mensagem de erro em predefinição|predefinição escopo]]</comment>
<model>wikitext</model>
<format>text/x-wiki</format>
<text bytes="674" xml:space="preserve">{{Wikipédia}}
={{-pt-}}=
==Substantivo==
{{flex.pt|s=quartil|p=quartis}}
{{oxítona|quar|til}}
# diz-se do [[aspecto]] de dois [[planeta]]s [[afastado]]s um do outro 90º
# a [[quarto|quarta]] [[parte]] do [[zodíaco|Zodíaco]]
# {{escopo|pt|Estatística}} cada um dos três valores que divide o [[conjunto]] [[ordenado]] de [[dado]]s em [[quatro]] partes iguais
=={{etimologia|pt}}==
: {{escopo|Morfologia}} [[quarto]] + [[-il]].
==Ligações externas==
* {{Aulete}}
* {{Michaelis}}
* {{DicioAberto}}
* {{DPLP}}
* {{Infopédia}}
* {{PLP}}
* {{VOLPABL}}
[[Categoria:Substantivo (Português)]]
[[Categoria:Astrologia (Português)]]
[[Categoria:Matemática (Português)]]</text>
<sha1>o6cc4h3qt5ycl06zepkc3c8ndbjo1gy</sha1>
</revision>
</page>
