<page>
<page>
<title>quararias</title>
<ns>0</ns>
<id>200363</id>
<revision>
<id>2396792</id>
<parentid>1168083</parentid>
<timestamp>2017-05-13T11:02:09Z</timestamp>
<contributor>
<username>HydrizBot</username>
<id>29590</id>
</contributor>
<minor />
<comment>Robô: A limpar links interwikis antigos</comment>
<model>wikitext</model>
<format>text/x-wiki</format>
<text bytes="174" xml:space="preserve">={{-pt-}}=
==Forma verbal==
'''quararias'''
#[[segunda pessoa]] do [[singular]] do [[futuro do pretérito]] do verbo '''[[quarar]]'''
[[Categoria:Forma verbal (Português)]]</text>
<sha1>dvw8x1a5edufpy7jev0mbaofm88w98c</sha1>
</revision>
