<page>
<page>
<title>quaraiense</title>
<ns>0</ns>
<id>319210</id>
<revision>
<id>1734271</id>
<parentid>1734270</parentid>
<timestamp>2013-09-21T19:06:02Z</timestamp>
<contributor>
<ip>200.203.69.53</ip>
</contributor>
<model>wikitext</model>
<format>text/x-wiki</format>
<text bytes="447" xml:space="preserve">={{-pt-}}=
==Adjetivo==
{{flex.pt|s=quaraiense|p=quaraienses}}
'''quaraiense'''
# referente a [[Quaraí]], RS, Brasil
==Substantivo==
'''quaraiense'''
# nativo ou habitante de [[Quaraí]], RS, Brasil
=={{etimologia|pt}}==
: {{escopo|Morfologia}} [[Quaraí]] + [[-ense]].
==Ver também==
===Na Wikipédia===
* [[w:Quaraí|Quaraí]]
[[Categoria:Adjetivo (Português)]]
[[Categoria:Substantivo (Português)]]
[[Categoria:Gentílico (Português)]]</text>
<sha1>8po9midatoy4u7w7d6i7v6dqp18xwuz</sha1>
</revision>
