<page>
<page>
<title>quarásseis</title>
<ns>0</ns>
<id>201697</id>
<revision>
<id>2396849</id>
<parentid>1168110</parentid>
<timestamp>2017-05-13T11:04:19Z</timestamp>
<contributor>
<username>HydrizBot</username>
<id>29590</id>
</contributor>
<minor />
<comment>Robô: A limpar links interwikis antigos</comment>
<model>wikitext</model>
<format>text/x-wiki</format>
<text bytes="198" xml:space="preserve">={{-pt-}}=
==Forma verbal==
'''quarásseis'''
#[[segunda pessoa]] do [[plural]] do [[pretérito imperfeito]] do [[modo subjuntivo]] do verbo '''[[quarar]]'''
[[Categoria:Forma verbal (Português)]]</text>
<sha1>be0194r0aarb61lbt697p9zva31in32</sha1>
</revision>
