<page>
<page>
<title>quararemos</title>
<ns>0</ns>
<id>187976</id>
<revision>
<id>2396788</id>
<parentid>1168079</parentid>
<timestamp>2017-05-13T11:02:01Z</timestamp>
<contributor>
<username>HydrizBot</username>
<id>29590</id>
</contributor>
<minor />
<comment>Robô: A limpar links interwikis antigos</comment>
<model>wikitext</model>
<format>text/x-wiki</format>
<text bytes="172" xml:space="preserve">={{-pt-}}=
==Forma verbal==
'''quararemos'''
#[[primeira pessoa]] do [[plural]] do [[futuro do presente]] do verbo '''[[quarar]]'''
[[Categoria:Forma verbal (Português)]]</text>
<sha1>5i8l9df0wcxtki3dk2nh1xcx37fjm23</sha1>
</revision>
