<page>
<title>quaresmais</title>
<ns>0</ns>
<id>372942</id>
<revision>
<id>2671702</id>
<parentid>2226840</parentid>
<timestamp>2022-04-09T08:40:06Z</timestamp>
<contributor>
<username>MIL973</username>
<id>41339</id>
</contributor>
<model>wikitext</model>
<format>text/x-wiki</format>
<text bytes="215" xml:space="preserve">={{-pt-}}=
==Forma de adjetivo==
{{flex.pt|s=quaresmal|p=quaresmais}}
{{oxítona|qua|res|mais}}, {{gramática|c2gp}}
# plural de [[quaresmal]]
{{avi-for-fle|quaresmal}}
[[Categoria:Forma de adjetivo (Português)]]</text>
<sha1>7m78reld7ph0li4dnrzkiwkqe5kzexf</sha1>
</revision>
</page>
