<page>
<page>
<title>quarentão</title>
<ns>0</ns>
<id>126863</id>
<revision>
<id>2601983</id>
<parentid>2038156</parentid>
<timestamp>2020-11-14T11:37:20Z</timestamp>
<contributor>
<username>ValJor</username>
<id>1358</id>
</contributor>
<comment>Acrescentando código de língua à [[:Categoria:!Página com mensagem de erro em predefinição|predefinição escopo]]</comment>
<model>wikitext</model>
<format>text/x-wiki</format>
<text bytes="559" xml:space="preserve">={{-pt-}}=
==Substantivo==
{{flex.pt|ms=quarentão|mp=quarentões|fs=quarentona|fp=quarentonas}}
{{oxítona|qua|ren|tão}}, {{gramática|m}}
# {{escopo|pt|Informal}} [[homem]] na [[faixa etária]] entre os 40 e 49 [[ano]]s
=={{etimologia|pt}}==
: Aumentativo de quarenta; [[quarenta]] + [[-ão]].
=={{pronúncia|pt}}==
* [[AFI]]: {{AFI|kwa.rɛ̃.ˈtãw}}
==Ver também==
===No Wikcionário===
* [[quarentar]]
==Ligações externas==
* {{Aulete}}
* {{DicioAberto}}
* {{DPLP}}
* {{Infopédia}}
* {{PLP}}
* {{VOLPABL}}
[[Categoria:Substantivo (Português)]]</text>
<sha1>0rsp3uvk2uhg7ylx9iz7we02r7nvt4i</sha1>
</revision>
