<page>
<title>quarzo</title>
<ns>0</ns>
<id>230882</id>
<revision>
<id>2396845</id>
<parentid>1881903</parentid>
<timestamp>2017-05-13T11:04:13Z</timestamp>
<contributor>
<username>HydrizBot</username>
<id>29590</id>
</contributor>
<minor />
<comment>Robô: A limpar links interwikis antigos</comment>
<model>wikitext</model>
<format>text/x-wiki</format>
<text bytes="148" xml:space="preserve">{{Wikipédia|lang=it}}
={{-it-}}=
==Substantivo==
'''quarzo'''
# [[quartzo]]
[[Categoria:Substantivo (Italiano)]]
[[Categoria:Mineral (Italiano)]]</text>
<sha1>ls1wjl8ui8kjcstwmwbbhf7wgyh6d8i</sha1>
</revision>
</page>
