<page>
<page>
<title>quarastes</title>
<ns>0</ns>
<id>174724</id>
<revision>
<id>2396804</id>
<parentid>1168095</parentid>
<timestamp>2017-05-13T11:02:26Z</timestamp>
<contributor>
<username>HydrizBot</username>
<id>29590</id>
</contributor>
<minor />
<comment>Robô: A limpar links interwikis antigos</comment>
<model>wikitext</model>
<format>text/x-wiki</format>
<text bytes="193" xml:space="preserve">={{-pt-}}=
==Forma verbal==
'''quarastes'''
#[[segunda pessoa]] do [[plural]] do [[pretérito perfeito]] do [[modo indicativo]] do verbo '''[[quarar]]'''
[[Categoria:Forma verbal (Português)]]</text>
<sha1>fnkazytwsyck1h35xqql4spa2yrgkmi</sha1>
</revision>
