<page>
<page>
<title>Quarta</title>
<ns>0</ns>
<id>26170</id>
<revision>
<id>2277405</id>
<parentid>1897607</parentid>
<timestamp>2017-04-27T00:08:37Z</timestamp>
<contributor>
<username>HydrizBot</username>
<id>29590</id>
</contributor>
<minor />
<comment>Robô: A limpar links interwikis antigos</comment>
<model>wikitext</model>
<format>text/x-wiki</format>
<text bytes="162" xml:space="preserve">{{ver também|quarta}}
={{-mwl-}}=
==Substantivo==
'''Quarta'''
# [[quarta-feira]]
[[Categoria:Substantivo (Mirandês)]]
[[Categoria:Dia da semana (Mirandês)]]</text>
<sha1>fze7imidvjv4fjtecqzsvave338ln9g</sha1>
</revision>
