<page>
<page>
<title>quaresmal</title>
<ns>0</ns>
<id>372941</id>
<revision>
<id>2490703</id>
<parentid>2396819</parentid>
<timestamp>2018-03-24T14:23:53Z</timestamp>
<contributor>
<username>MIL973</username>
<id>41339</id>
</contributor>
<model>wikitext</model>
<format>text/x-wiki</format>
<text bytes="555" xml:space="preserve">={{-pt-}}=
==Adjetivo==
{{flex.pt|s=quaresmal|p=quaresmais}}
{{oxítona|qua|res|mal}}, {{gramática|c2g}}
# relativo a [[quaresma]]
# {{escopo|pt|Catolicismo|religião}} relativo à [[Quaresma]]
=={{etimologia|pt}}==
: {{escopo|Morfologia}} De [[quaresma]]/[[Quaresma]] + [[-al]].
==Ver também==
===No Wikcionário===
{{colunas|3}}
* [[adventício]]
* [[epifânico]]
* [[teofânico]]
{{colunas/fim}}
====Wikisaurus====
{{colunas|2}}
* [[Wikisaurus:religião|religião]]
* [[Wikisaurus:tempo|tempo]]
{{colunas/fim}}
[[Categoria:Adjetivo (Português)]]</text>
<sha1>s3n8x3rbmppu39j01ebz4v71xzu3emg</sha1>
</revision>
