<page>
<title>quartau</title>
<ns>0</ns>
<id>401524</id>
<revision>
<id>2522260</id>
<timestamp>2018-10-12T08:16:00Z</timestamp>
<contributor>
<username>Cpls</username>
<id>20608</id>
</contributor>
<comment>[[Ajuda:Guia de edição/Menus e ferramentas/Sumário de edição|→]] nova página: ={{-pt-}}= ==Substantivo== {{flex.pt|ms=quartau|mp=quartaus}} {{oxítona|quar|tau}}, {{gramática|m}} # {{esc...</comment>
<model>wikitext</model>
<format>text/x-wiki</format>
<text bytes="347" xml:space="preserve">={{-pt-}}=
==Substantivo==
{{flex.pt|ms=quartau|mp=quartaus}}
{{oxítona|quar|tau}}, {{gramática|m}}
# {{escopo|pt|Brasil}} [[cavalo]] pequeno e resistente
==={{-varort-}}===
* [[quartão]]
=={{etimologia|pt}}==
: Talvez parentada com ''[[quarto]]''. Confronte-se com o galego ''[[cartao#{{gl}}|cartao]].
[[Categoria:Substantivo (Português)]]</text>
<sha1>4npuveoyb0wk4345ovzkrvorfngb2va</sha1>
</revision>
</page>
