<page>
<title>quararão</title>
<ns>0</ns>
<id>190783</id>
<revision>
<id>2396796</id>
<parentid>1168087</parentid>
<timestamp>2017-05-13T11:02:15Z</timestamp>
<contributor>
<username>HydrizBot</username>
<id>29590</id>
</contributor>
<minor />
<comment>Robô: A limpar links interwikis antigos</comment>
<model>wikitext</model>
<format>text/x-wiki</format>
<text bytes="171" xml:space="preserve">={{-pt-}}=
==Forma verbal==
'''quararão'''
#[[terceira pessoa]] do [[plural]] do [[futuro do presente]] do verbo '''[[quarar]]'''
[[Categoria:Forma verbal (Português)]]</text>
<sha1>rp8xetu35jx8mfssk4y5k37i4fe4zko</sha1>
</revision>
</page>
