<page>
<page>
<title>quareis</title>
<ns>0</ns>
<id>217427</id>
<revision>
<id>2396810</id>
<parentid>1404658</parentid>
<timestamp>2017-05-13T11:02:38Z</timestamp>
<contributor>
<username>HydrizBot</username>
<id>29590</id>
</contributor>
<minor />
<comment>Robô: A limpar links interwikis antigos</comment>
<model>wikitext</model>
<format>text/x-wiki</format>
<text bytes="272" xml:space="preserve">={{-pt-}}=
==Forma verbal==
'''quareis'''
#[[segunda pessoa]] do [[plural]] do [[presente]] do [[modo subjuntivo]] do verbo '''[[quarar]]'''
#[[segunda pessoa]] do [[plural]] do [[imperativo]] [[negativo]] do verbo '''[[quarar]]'''
[[Categoria:Forma verbal (Português)]]</text>
<sha1>gwkhj9gf6vkiy6d6re9cap61hb4pqsx</sha1>
</revision>
