<page>
<title>quartámos</title>
<ns>0</ns>
<id>308816</id>
<revision>
<id>2259407</id>
<parentid>1644866</parentid>
<timestamp>2017-04-09T06:20:07Z</timestamp>
<contributor>
<username>Defender</username>
<id>15952</id>
</contributor>
<comment>Trocando predefinição escopo por escopo2</comment>
<model>wikitext</model>
<format>text/x-wiki</format>
<text bytes="262" xml:space="preserve">={{-pt-}}=
==Forma verbal==
{{paroxítona|quar|tá|mos}}
#{{escopo2|grafia lusitana}} [[primeira pessoa]] do [[plural]] do [[pretérito perfeito]] do [[modo indicativo]] do verbo '''[[quartar]]'''
[[Categoria:Forma verbal (Português)]]
[[Categoria:Lusitanismo]]</text>
<sha1>6o9zwtrem8k2r2pfuodaqjz822hupiz</sha1>
</revision>
</page>
