<page>
<title>quartear</title>
<ns>0</ns>
<id>312116</id>
<revision>
<id>2601975</id>
<parentid>1659416</parentid>
<timestamp>2020-11-14T09:02:40Z</timestamp>
<contributor>
<username>ValJor</username>
<id>1358</id>
</contributor>
<comment>Acrescentando código de língua à [[:Categoria:!Página com mensagem de erro em predefinição|predefinição escopo]]</comment>
<model>wikitext</model>
<format>text/x-wiki</format>
<text bytes="539" xml:space="preserve">={{-pt-}}=
==Verbo==
{{oxítona|quar|te|ar}}, {{gramática|vt}}
# [[dividir]] em [[quatro]] [[parte]]s
# [[decorar]] com quatro cores diferentes
# {{escopo2|Tauromaquia}} fazer [[quarteio]] a
# {{escopo|pt|Brasil|Sul}} [[ajudar]], a [[cavalo]], a [[puxar]] um [[carro]]
===Conjugação===
{{conj/pt|quart|ear}}
=={{etimologia|pt}}==
: {{escopo|Morfologia}} [[quarto]] + [[-ear]].
==Ligações externas==
* {{Aulete}}
* {{Michaelis}}
* {{DicioAberto}}
* {{DPLP}}
* {{Infopédia}}
* {{PLP}}
* {{VOLPABL}}
[[Categoria:Verbo (Português)]]</text>
<sha1>a639jntgcg1dr71140ppaldsk4g2yn7</sha1>
</revision>
</page>
