<page>
<page>
<title>quartapisar</title>
<ns>0</ns>
<id>312117</id>
<revision>
<id>1659433</id>
<timestamp>2013-02-23T14:55:24Z</timestamp>
<contributor>
<username>ValJor</username>
<id>1358</id>
</contributor>
<comment>Por um [[Especial:Lonelypages|wikcionário sem órfãos]]: [[quartapisámos]]</comment>
<model>wikitext</model>
<format>text/x-wiki</format>
<text bytes="245" xml:space="preserve">={{-pt-}}=
==Verbo==
{{oxítona|quar|ta|pi|sar}}, ''v. t.'' (Antigo)
# pôr [[quartapisa]] em
===Conjugação===
{{conj/pt|quartapis|ar}}
=={{etimologia|pt}}==
: {{escopo|Morfologia}} [[quartapisa]] + [[-ar]].
[[Categoria:Verbo (Português)]]</text>
<sha1>22l0my82kadq5gogdajr43q0qkwosyl</sha1>
</revision>
