<page>
<title>quartejar</title>
<ns>0</ns>
<id>316062</id>
<revision>
<id>2396831</id>
<parentid>2197391</parentid>
<timestamp>2017-05-13T11:03:30Z</timestamp>
<contributor>
<username>HydrizBot</username>
<id>29590</id>
</contributor>
<minor />
<comment>Robô: A limpar links interwikis antigos</comment>
<model>wikitext</model>
<format>text/x-wiki</format>
<text bytes="322" xml:space="preserve">={{-pt-}}=
==Verbo==
{{oxítona|quar|te|jar}}, {{gramática|vt}}
# o mesmo que [[esquartejar]], [[partir]] em [[quarto]]s ou em [[pedaço]]s:
#* «...cebolas verdes quartejadas.» Bibl. do G. do Campo, 433
===Conjugação===
{{conj/pt|quartej|ar}}
=={{etimologia|pt}}==
: De [[quarto]].
[[Categoria:Verbo (Português)]]</text>
<sha1>j8pt212x0unil2d1dowr6bzw6y1rl8w</sha1>
</revision>
</page>
