<page>
<title>quararás</title>
<ns>0</ns>
<id>185243</id>
<revision>
<id>2396795</id>
<parentid>1168086</parentid>
<timestamp>2017-05-13T11:02:13Z</timestamp>
<contributor>
<username>HydrizBot</username>
<id>29590</id>
</contributor>
<minor />
<comment>Robô: A limpar links interwikis antigos</comment>
<model>wikitext</model>
<format>text/x-wiki</format>
<text bytes="172" xml:space="preserve">={{-pt-}}=
==Forma verbal==
'''quararás'''
#[[segunda pessoa]] do [[singular]] do [[futuro do presente]] do verbo '''[[quarar]]'''
[[Categoria:Forma verbal (Português)]]</text>
<sha1>bc1ppmiv8k9nlcnpsm1wwhm0lxzbdun</sha1>
</revision>
</page>
