<page>
<title>quartia</title>
<ns>0</ns>
<id>443051</id>
<revision>
<id>2673530</id>
<timestamp>2022-04-17T12:06:08Z</timestamp>
<contributor>
<username>Cpls</username>
<id>20608</id>
</contributor>
<comment>[[Ajuda:Guia de edição/Menus e ferramentas/Sumário de edição|→]] nova página: ={{-gl-}}= ==Substantivo== {{flex.gl|fs=quartia|fp=quartias}} {{paroxítona|quar|ti|a|lang=gl}}, {{g|f}} # segunda [[junta]] de tiro no carro de vacas  =={{etimologia|gl}}== : Da mesma origem que ''[[quartega#{{gl}}|quartega]]''.  [[Categoria:Substantivo (Galego)]]</comment>
<model>wikitext</model>
<format>text/x-wiki</format>
<text bytes="265" xml:space="preserve">={{-gl-}}=
==Substantivo==
{{flex.gl|fs=quartia|fp=quartias}}
{{paroxítona|quar|ti|a|lang=gl}}, {{g|f}}
# segunda [[junta]] de tiro no carro de vacas
=={{etimologia|gl}}==
: Da mesma origem que ''[[quartega#{{gl}}|quartega]]''.
[[Categoria:Substantivo (Galego)]]</text>
<sha1>jxrd6vcf5h9p1wwr1vvu8wfz73ci013</sha1>
</revision>
</page>
