<page>
<title>quarariam</title>
<ns>0</ns>
<id>196073</id>
<revision>
<id>2396791</id>
<parentid>1168082</parentid>
<timestamp>2017-05-13T11:02:07Z</timestamp>
<contributor>
<username>HydrizBot</username>
<id>29590</id>
</contributor>
<minor />
<comment>Robô: A limpar links interwikis antigos</comment>
<model>wikitext</model>
<format>text/x-wiki</format>
<text bytes="173" xml:space="preserve">={{-pt-}}=
==Forma verbal==
'''quarariam'''
#[[terceira pessoa]] do [[plural]] do [[futuro do pretérito]] do verbo '''[[quarar]]'''
[[Categoria:Forma verbal (Português)]]</text>
<sha1>jfxg5xeidddet5sfwo0jfmpn3dvwepi</sha1>
</revision>
</page>
