<page>
<page>
<title>quaresma</title>
<ns>0</ns>
<id>14297</id>
<revision>
<id>2671693</id>
<parentid>2671690</parentid>
<timestamp>2022-04-09T08:32:57Z</timestamp>
<contributor>
<username>MIL973</username>
<id>41339</id>
</contributor>
<model>wikitext</model>
<format>text/x-wiki</format>
<text bytes="1765" xml:space="preserve">{{Wikipédia|lang=pt}}
{{ver também|Quaresma}}
={{-pt-}}=
==Substantivo==
{{flex.pt|fs=quaresma|fp=quaresmas}}
{{paroxítona|qua|res|ma}}, {{gramática|f}}
# [[período]] de quarenta dias entre a [[Quarta-Feira de Cinzas]] até o [[Domingo de Páscoa]] durante o qual o [[homem]], supostamente [[livre]] dos [[prazer]]es [[material|materiais]], tem [[tempo]] pra [[refletir]] sobre a [[vida]] e [[existência]]
# [[pessoa]] [[tenaz]] que [[resistir|resiste]] à mais [[duro|dura]] das [[prova]]s
# {{escopo|pt|Botânica|Brasil|flor}} [[flor-da-quaresma]]
===Tradução===
{{tradini|De 1}}
* {{trad|gsw|Fastenzeit}}
* {{trad|de|Fastenzeiten}}
* {{trad|cs|půst}}
* {{trad-|zh|四旬期|}}
* {{trad|es|cuaresma}}
* {{trad|eo|Karesmo}}
* {{trad|fr|Carême}}
{{tradmeio}}
* {{trad|nl|vastentijd}}
* {{trad|id|Pra-Paskah}}
* {{trad|en|Lent}}
* {{trad-|ja|四旬節|}}
* {{trad|no|fastetid}}
* {{trad|pl|Wielki Post}}
{{tradfim}}
===Verbetes derivados===
{{colunas|2}}
* [[quaresmal]]
* [[quaresmeira]]
{{colunas/fim}}
=={{etimologia|pt}}==
{{llietimo|la|quadragesima|pt}}
=={{pronúncia|pt}}==
===Brasil===
====Carioca====
* AFI: {{AFI|/kwa.ˈɾɛʒ.mɐ/}}, {{AFI|/kwa.ˈɾɛz.mɐ/}} &lt;small&gt;([[menos]] [[frequente]])&lt;/small&gt;
* X-SAMPA: /kwa.&quot;reZ.m6/, /kwa.&quot;reZ.m6/ &lt;small&gt;([[menos]] [[freqüente]])&lt;/small&gt;
==Ver também==
===No Wikcionário===
{{colunas|3}}
* [[advento]]
* [[epifania]]
* [[teofania]]
{{colunas/fim}}
====Antropônimos====
* [[Quaresma]]
====Wikisaurus====
{{colunas|2}}
* [[Wikisaurus:flor|flor]]
* [[Wikisaurus:religião|religião]]
{{colunas/fim}}
==Ligações externas==
* {{Aulete}}
* {{Michaelis}}
* {{DicioAberto}}
* {{DPLP}}
* {{Infopédia}}
* {{PLP}}
* {{VOLPABL}}
==Anagrama==
# [[marquesa]]
[[Categoria:Substantivo (Português)]]</text>
<sha1>c6i0c587sy4eklh4jrcryxefnvwcqdh</sha1>
</revision>
