<page>
<title>quaro</title>
<ns>0</ns>
<id>152720</id>
<revision>
<id>2396822</id>
<parentid>1168105</parentid>
<timestamp>2017-05-13T11:03:04Z</timestamp>
<contributor>
<username>HydrizBot</username>
<id>29590</id>
</contributor>
<minor />
<comment>Robô: A limpar links interwikis antigos</comment>
<model>wikitext</model>
<format>text/x-wiki</format>
<text bytes="178" xml:space="preserve">={{-pt-}}=
==Forma verbal==
'''quaro'''
#[[primeira]] [[pessoa]] do [[singular]] do [[presente]] [[indicativo]] do verbo '''[[quarar]]'''
[[Categoria:Forma verbal (Português)]]</text>
<sha1>b26kfu6biaff5jeiofbgpz8cmz498t6</sha1>
</revision>
</page>
