<page>
<page>
<title>quarasses</title>
<ns>0</ns>
<id>197385</id>
<revision>
<id>2396802</id>
<parentid>1168093</parentid>
<timestamp>2017-05-13T11:02:23Z</timestamp>
<contributor>
<username>HydrizBot</username>
<id>29590</id>
</contributor>
<minor />
<comment>Robô: A limpar links interwikis antigos</comment>
<model>wikitext</model>
<format>text/x-wiki</format>
<text bytes="198" xml:space="preserve">={{-pt-}}=
==Forma verbal==
'''quarasses'''
#[[segunda pessoa]] do [[singular]] do [[pretérito imperfeito]] do [[modo subjuntivo]] do verbo '''[[quarar]]'''
[[Categoria:Forma verbal (Português)]]</text>
<sha1>8a413zjfg7ge3ixbibmf5yjn05cu04g</sha1>
</revision>
