<page>
<title>quaresmeira</title>
<ns>0</ns>
<id>184671</id>
<revision>
<id>2226861</id>
<parentid>2226860</parentid>
<timestamp>2017-01-23T02:32:34Z</timestamp>
<contributor>
<username>MIL973</username>
<id>41339</id>
</contributor>
<model>wikitext</model>
<format>text/x-wiki</format>
<text bytes="625" xml:space="preserve">[[Imagem:FABULOSAQUARESMEIRA.jpg|thumb|200 px|Quaresmeira]]
={{-pt-}}=
==Substantivo==
{{flex.pt|fs=quaresmeira|fp=quaresmeiras}}
{{paroxítona|qua|res|mei|ra}}, {{gramática|f}}
# {{escopo|pt|Árvore|botânica}} [[árvore]] da [[família]] das [[melastomatáceas]], com [[floração]] [[exuberante]] no período de [[janeiro]] a [[abril]]; [[w:Tibouchina granulosa|Tibouchina granulosa]]
=={{etimologia|pt}}==
: {{escopo|Morfologia}} [[quaresma]] + [[-eira]].
==Ver também==
===No Wikcionário===
{{colunas|3}}
* [[eratataca]]
* [[manacá]]
* [[manacá-de-cheiro]]
{{colunas/fim}}
[[Categoria:Substantivo (Português)]]</text>
<sha1>mlmyckfqihrownv4tu0750q0jwerd57</sha1>
</revision>
</page>
