<page>
<title>Quaresma</title>
<ns>0</ns>
<id>294455</id>
<revision>
<id>2671694</id>
<parentid>2582814</parentid>
<timestamp>2022-04-09T08:33:39Z</timestamp>
<contributor>
<username>MIL973</username>
<id>41339</id>
</contributor>
<model>wikitext</model>
<format>text/x-wiki</format>
<text bytes="1970" xml:space="preserve">{{ver também|quaresma}}
={{-pt-}}=
==Substantivo&lt;sup&gt;1&lt;/sup&gt;==
{{flex.pt|s=Quaresma|p=Quaresmas}}
{{paroxítona|Qua|res|ma}}, {{gramática|pr|c2g}}
# {{escopo|pt|Antropônimo}} [[Apêndice:Sobrenomes em português|sobrenome]] comum em português
==Substantivo&lt;sup&gt;2&lt;/sup&gt;==
{{flex.pt|fs=Quaresma|fp=Quaresmas}}
{{paroxítona|Qua|res|ma}}, {{gramática|pr|f}}
# {{escopo|pt|Catolicismo|comemoração|cristianismo|religião}} para os [[praticante]]s da [[fé]] [[católico|católica]], é o [[período]] de [[reflexão]] [[interior]] [[compreender|compreendido]] de 46 [[dia]]s entre a [[Quarta-Feira de Cinzas]], entre 4 de [[fevereiro]] e 10 de [[março]], e o [[Sábado de Aleluia]] ([[Sábado Santo]]), entre o 21 dele e 24 de [[abril]]
===Tradução===
{{tradini}}
* {{trad|gsw|Fastenzeit}}
* {{trad|de|Fastenzeiten}}
* {{trad|cs|Půst}}
* {{trad-|zh|四旬期|}}
* {{trad|es|Cuaresma}}
* {{trad|eo|Karesmo}}
* {{trad|fr|Carême}}
{{tradmeio}}
* {{trad|nl|Vastentijd}}
* {{trad|id|Pra-Paskah}}
* {{trad|en|Lent}}
* {{trad|it|Quaresima}}
* {{trad-|ja|四旬節|}}
* {{trad|mwl|Quaresma}}
* {{trad|no|Fastetid}}
* {{trad|pl|Wielki Post}}
{{tradfim}}
===Verbetes derivados===
* [[quaresmal]]
=={{etimologia|pt}}==
{{llietimo|la|Quadragesima|pt}}
=={{pronúncia|pt}}==
===Brasil===
====Carioca====
* AFI: {{AFI|/kwa.ˈɾɛʒ.mɐ/}}, {{AFI|/kwa.ˈɾɛz.mɐ/}} &lt;small&gt;([[menos]] [[frequente]])&lt;/small&gt;
* X-SAMPA: /kwa.&quot;reZ.m6/, /kwa.&quot;reZ.m6/ &lt;small&gt;([[menos]] [[frequente]])&lt;/small&gt;
==Ver também==
===No Wikcionário===
{{colunas|2}}
* [[Advento]]
* [[Cristo]]
* [[Epifania]]
* [[Jesus]]
* [[quaresma]]
* [[Reisado]]
* [[Teofania]]
{{colunas/fim}}
====Expressões====
{{colunas|3}}
* [[ano litúrgico]]
* [[Dia de Reis]]
* [[Semana Santa]]
{{colunas/fim}}
====Wikisaurus====
{{colunas|2}}
* [[Wikisaurus:religião|religião]]
* [[Wikisaurus:tempo|tempo]]
{{colunas/fim}}
{{comemorações/pt}}
==Anagrama==
# [[marquesa]]
[[Categoria:Substantivo (Português)]]</text>
<sha1>rnspk6vqtjk2tshn6b0ogkws7en6tj4</sha1>
</revision>
</page>
