<page>
<page>
<title>quarteirão</title>
<ns>0</ns>
<id>65186</id>
<revision>
<id>2610306</id>
<parentid>2517557</parentid>
<timestamp>2021-01-30T20:31:21Z</timestamp>
<contributor>
<username>Marxav</username>
<id>73271</id>
</contributor>
<minor />
<comment>AFI Portugal</comment>
<model>wikitext</model>
<format>text/x-wiki</format>
<text bytes="544" xml:space="preserve">={{-pt-}}=
== Substantivo ==
{{flex.pt|ms=quarteirão|mp=quarteirões}}
{{oxítona|quar|tei|rão}}, {{g|m}}
# {{escopo|pt|urbanismo}} no [[traçado]] de uma [[cidade]], [[terreno]] [[quadrangular]], formado por quatro [[rua]]s que se [[cruzar|cruzam]] duas a duas; [[quadra]]
=== Tradução ===
{{tradini}}
* {{trad|de|Block|Häuserblock}}  (''m.'')
* {{t|es|cuadra||f.}}
{{tradmeio}}
* {{trad|en|block|quarter}}
{{tradfim}}
=={{pronúncia|pt}}==
===Portugal===
* AFI: {{AFI|/kwɐɾ.tɐj.ˈɾɐ̃w̃/}}
[[Categoria:Substantivo (Português)]]</text>
<sha1>mxicrvf707kv7a0emhdyo73hcvsbsi9</sha1>
</revision>
