<page>
<title>quarço</title>
<ns>0</ns>
<id>257665</id>
<revision>
<id>2396853</id>
<parentid>2134327</parentid>
<timestamp>2017-05-13T11:04:25Z</timestamp>
<contributor>
<username>HydrizBot</username>
<id>29590</id>
</contributor>
<minor />
<comment>Robô: A limpar links interwikis antigos</comment>
<model>wikitext</model>
<format>text/x-wiki</format>
<text bytes="207" xml:space="preserve">={{-pt-}}=
==Substantivo==
{{flex.pt|ms=quarço|mp=quarços}}
{{paroxítona|quar|ço}}
# o mesmo que [[quartzo]]
==Ver também==
===No Wikcionário===
* [[quarçoso]]
[[Categoria:Substantivo (Português)]]</text>
<sha1>dlay0iw8es9dl9kgxoslt8zgj8hz2du</sha1>
</revision>
</page>
