<page>
<page>
<title>quarentona</title>
<ns>0</ns>
<id>341176</id>
<revision>
<id>1943296</id>
<timestamp>2015-06-17T22:04:48Z</timestamp>
<contributor>
<username>Lichiki</username>
<id>49629</id>
</contributor>
<comment>[[Ajuda:Guia de edição/Menus e ferramentas/Sumário de edição|→]] nova página: ={{-pt-}}= ==Forma de substantivo== {{flex.pt|fs=quarentona|fp=quarentonas}} {{paroxítona|qua|ren|to|na}}, {...</comment>
<model>wikitext</model>
<format>text/x-wiki</format>
<text bytes="191" xml:space="preserve">={{-pt-}}=
==Forma de substantivo==
{{flex.pt|fs=quarentona|fp=quarentonas}}
{{paroxítona|qua|ren|to|na}}, {{f}}
# feminino de [[quarentão]]
[[Categoria:Forma de substantivo (Português)]]</text>
<sha1>2vxzjtw839iijhi9arkdgydvtxvs5or</sha1>
</revision>
