<page>
<page>
<title>quaráreis</title>
<ns>0</ns>
<id>182226</id>
<revision>
<id>2396848</id>
<parentid>1168109</parentid>
<timestamp>2017-05-13T11:04:18Z</timestamp>
<contributor>
<username>HydrizBot</username>
<id>29590</id>
</contributor>
<minor />
<comment>Robô: A limpar links interwikis antigos</comment>
<model>wikitext</model>
<format>text/x-wiki</format>
<text bytes="181" xml:space="preserve">={{-pt-}}=
==Forma verbal==
'''quaráreis'''
#[[segunda pessoa]] do [[plural]] do [[pretérito mais-que-perfeito]] do verbo '''[[quarar]]'''
[[Categoria:Forma verbal (Português)]]</text>
<sha1>ecf8k6ptelju04z7y5qogfbtmafxzsm</sha1>
</revision>
