<page>
<page>
<title>quartão</title>
<ns>0</ns>
<id>401525</id>
<revision>
<id>2522261</id>
<timestamp>2018-10-12T08:16:14Z</timestamp>
<contributor>
<username>Cpls</username>
<id>20608</id>
</contributor>
<comment>[[Ajuda:Guia de edição/Menus e ferramentas/Sumário de edição|→]] nova página: ={{-pt-}}= ==Substantivo== {{flex.pt|ms=quartão|mp=quartões}} {{oxítona|quar|tão}}, {{gramática|m}} # {{...</comment>
<model>wikitext</model>
<format>text/x-wiki</format>
<text bytes="349" xml:space="preserve">={{-pt-}}=
==Substantivo==
{{flex.pt|ms=quartão|mp=quartões}}
{{oxítona|quar|tão}}, {{gramática|m}}
# {{escopo|pt|Brasil}} [[cavalo]] pequeno e resistente
==={{-varort-}}===
* [[quartau]]
=={{etimologia|pt}}==
: Talvez parentada com ''[[quarto]]''. Confronte-se com o galego ''[[cartao#{{gl}}|cartao]].
[[Categoria:Substantivo (Português)]]</text>
<sha1>1c1qlxfeo0o5c49fz2peigsy6jkxkyw</sha1>
</revision>
