<page>
<page>
<title>quartus</title>
<ns>0</ns>
<id>3016</id>
<revision>
<id>2440036</id>
<parentid>2396840</parentid>
<timestamp>2017-07-25T00:47:28Z</timestamp>
<contributor>
<username>Askekamo</username>
<id>60711</id>
</contributor>
<comment>não deveria estar aqui</comment>
<model>wikitext</model>
<format>text/x-wiki</format>
<text bytes="324" xml:space="preserve">={{-la-}}=
== Numeral Ordinal ==
'''quar.tus''' ''numeral cardinal''  ''masculino''
:feminino: [[quarta]]; neutro: [[quartum]]
:#O numeral ordinal ''[[quarto]]''
=== Cardinais equivalentes ===
:# [[quatuor]], [[quattuor]]
== Outros verbetes ==
[[tertius]], [[quintus]]
[[Categoria:Numeral ordinal (Latim)|# A00004 ]]</text>
<sha1>l5siuxhhjr0o2ipp5ekb8qdpt885ynm</sha1>
</revision>
