<page>
<page>
<title>quarasse</title>
<ns>0</ns>
<id>205680</id>
<revision>
<id>2396800</id>
<parentid>1168091</parentid>
<timestamp>2017-05-13T11:02:20Z</timestamp>
<contributor>
<username>HydrizBot</username>
<id>29590</id>
</contributor>
<minor />
<comment>Robô: A limpar links interwikis antigos</comment>
<model>wikitext</model>
<format>text/x-wiki</format>
<text bytes="229" xml:space="preserve">={{-pt-}}=
==Forma verbal==
'''quarasse'''
#[[primeira pessoa|primeira]] e [[terceira pessoa]] do [[singular]] do [[pretérito imperfeito]] do [[modo subjuntivo]] do verbo '''[[quarar]]'''
[[Categoria:Forma verbal (Português)]]</text>
<sha1>hvqra0c4yvazppgomebevfxhb8y6ttc</sha1>
</revision>
