<page>
<title>quarenta</title>
<ns>0</ns>
<id>2245</id>
<revision>
<id>2620050</id>
<parentid>2584208</parentid>
<timestamp>2021-02-01T20:29:18Z</timestamp>
<contributor>
<username>MarxavBot</username>
<id>80155</id>
</contributor>
<minor />
<comment>AFI Portugal</comment>
<model>wikitext</model>
<format>text/x-wiki</format>
<text bytes="3075" xml:space="preserve">{{Wikipédia}}
={{-pt-}}=
==Numeral cardinal==
{{paroxítona|qua|ren|ta}}, {{gramática|c2g}}
# [[número]] equivalente a quatro [[dezena]]s; cardinalidade de um conjunto que contenha quatro dezenas de elementos distintos; representado pelo símbolo '''40''' (algarismos arábicos) ou '''XL''' ([[algarismos romanos]])
===Tradução===
{{tradini}}
* {{trad|af|veertig}}
* {{trad|ay|pusi tunka}}
* {{trad|sq|dyzet}}
* {{trad|de|vierzig}}
* {{trad|ar|أربعون}}
* {{trad|arn|meli mari}}
* {{trad|hy|քառասուն}}
* {{trad|az|qirx}}
* {{trad|eu|berrogei}}
* {{trad|bs|četrdeset}}
* {{trad|br|daou-ugent}}
* {{trad|bg|четиридесет}}
* {{trad|ca|quaranta}}
* {{trad|cs|čtyřicet}}
* {{trad|zh|四 十}}
* {{trad|sn|makumi mana}}
* {{trad|ku|çel}}
* {{trad|da|fyrre}}
* {{trad|sk|štyridsať}}
* {{trad|es|cuarenta}}
* {{trad|eo|kvardek}}
* {{trad|et|nelikümmend}}
* {{trad|fo|fjøruti}}
* {{trad|fi|neljäkymmentä}}
* {{trad|vls|veertig}}
* {{trad|fr|quarante}}
* {{trad|fur|cuarante}}
* {{trad|gl|corenta}}
* {{trad|cy|pedwar deg|deugain}}
* {{trad-|el|σαράντα|(saránta)}}
* {{trad|gn|irundypa}}
* {{trad|gu|ચાળીસ}}
* {{trad|he|ארבעים}}
* {{trad|hi|चालीस}}
* {{trad|nl|veertig}}
* {{trad|hu|negyven}}
* {{trad|id|empat puluh}}
* {{trad|en|forty}}
{{tradmeio}}
* {{trad|yo|ogójì}}
* {{trad|ga|daichead}}
* {{trad|is|fjörutíu}}
* {{trad|it|quaranta}}
* {{trad|ja|四十}}
* {{trad|lad|caranta}}
* {{trad|la|quadraginta}}
* {{trad|lij|quaranta}}
* {{trad|lt|keturiasdešimt}}
* {{trad|mg|efa-polo}}
* {{trad|mr|चाळीस}}
* {{trad|mas|artam}}
* {{trad|mwl|quarenta}}
* {{trad|mdf|niljkemaenj}}
* {{trad|no|førti}}
* {{trad|pap|cuarenta}}
* {{trad|fa|چهل}}
* {{trad|pl|czterdzieści}}
* {{trad|pa|ਚਾਲੀਂ}}
* {{trad|qu|tawachunka}}
* {{trad|ro|patruzeci}}
* {{trad|rw|mirongo ine}}
* {{trad|ru|сорок}}
* {{trad|sa|चत्वारिंशत्}}
* {{trad|sro|coranta}}
* {{trad|sr|четрдесет}}
* {{trad|scn|quaranta}}
* {{trad|sw|arubaini}}
* {{trad|sv|fyrtio}}
* {{trad|tl|apatnapu}}
* {{trad|tet|haatnulu}}
* {{trad|tn|somamanne|masome a mane}}
* {{trad|tr|kırk}}
* {{trad|wo|ñeent-fukk}}
* {{trad|val|quaranta}}
* {{trad|vec|quaranta}}
* {{trad|vo|foldeg}}
{{tradfim}}
=={{etimologia|pt}}==
{{llietimo|la|quadraginta|pt}}
=={{pronúncia|pt}}==
===Portugal===
* AFI: {{AFI|/kwɐ.ˈɾẽ.tɐ/}}
==Ver também==
===No Wikcionário===
[[dez]] | [[vinte]] | [[trinta]] | [[quarenta]] | [[cinqüenta]]
[[sessenta]] | [[setenta]] | [[oitenta]] | [[noventa]] | [[cem]]
* [[quadragésimo]]
* [[Apêndice:Numerais do português]]
==Ligações externas==
* {{Aulete}}
* {{Michaelis}}
* {{DicioAberto}}
* {{DPLP}}
* {{Infopédia}}
* {{PLP}}
* {{VOLPABL}}
[[Categoria:Numeral cardinal (Português)|# 000040]]
={{-mwl-}}=
==Numeral==
'''quarenta''', {{gramática|card}}
# [[quarenta#Português|quarenta]], representado pelo número [[40]]
==Ver também==
===No Wikcionário===
{{números/mwl}}
[[Categoria:Numeral (Mirandês)|# 000040]]
[[Categoria:Numeral cardinal (Mirandês)]]</text>
<sha1>6l9dfydjtgtoqxk8dqiutqzkk81sqyk</sha1>
</revision>
</page>
