<page>
<page>
<title>quarem</title>
<ns>0</ns>
<id>216041</id>
<revision>
<id>2396811</id>
<parentid>1168102</parentid>
<timestamp>2017-05-13T11:02:39Z</timestamp>
<contributor>
<username>HydrizBot</username>
<id>29590</id>
</contributor>
<minor />
<comment>Robô: A limpar links interwikis antigos</comment>
<model>wikitext</model>
<format>text/x-wiki</format>
<text bytes="367" xml:space="preserve">={{-pt-}}=
==Forma verbal==
'''quarem'''
#[[terceira pessoa]] do [[plural]] do [[presente]] do [[modo subjuntivo]] do verbo '''[[quarar]]'''
#[[terceira pessoa]] do [[plural]] do [[imperativo]] [[afirmativo]] do verbo '''[[quarar]]'''
#[[terceira pessoa]] do [[plural]] do [[imperativo]] [[negativo]] do verbo '''[[quarar]]'''
[[Categoria:Forma verbal (Português)]]</text>
<sha1>gwtylsn9ujg3md4jb4y3elmar17cytw</sha1>
</revision>
