<page>
<page>
<title>quartz</title>
<ns>0</ns>
<id>230877</id>
<revision>
<id>2453073</id>
<parentid>2453072</parentid>
<timestamp>2017-10-02T12:19:27Z</timestamp>
<contributor>
<username>Askekamo</username>
<id>60711</id>
</contributor>
<model>wikitext</model>
<format>text/x-wiki</format>
<text bytes="400" xml:space="preserve">{{Wikipédia|lang=fr}}
{{Wikipédia|lang=en}}
={{-fr-}}=
==Substantivo==
'''quartz'''
# [[quarço]], [[quartzo]]
[[Categoria:Substantivo (Francês)]]
[[Categoria:Mineral (Francês)]]
={{-en-}}=
==Substantivo==
{{flex.en|s=quartz|p=quartzes}}
'''quartz'''
# [[quarço]], [[quartzo]]
===Verbetes derivados===
* [[quartz-shaped]]
[[Categoria:Substantivo (Inglês)]]
[[Categoria:Mineral (Inglês)]]</text>
<sha1>77wjyxxzlifyy79jo3f130cp3hxs9j2</sha1>
</revision>
