<page>
<title>quartic</title>
<ns>0</ns>
<id>312881</id>
<revision>
<id>2601968</id>
<parentid>2396836</parentid>
<timestamp>2020-11-14T08:40:53Z</timestamp>
<contributor>
<username>ValJor</username>
<id>1358</id>
</contributor>
<comment>Acrescentando código de língua à [[:Categoria:!Página com mensagem de erro em predefinição|predefinição escopo]]</comment>
<model>wikitext</model>
<format>text/x-wiki</format>
<text bytes="288" xml:space="preserve">{{Wikipédia|lang=en}}
={{-en-}}=
==Adjetivo==
'''quartic'''
# {{escopo|en|Matemática}} de ou relativo ao [[quarto]] [[grau]]
==Substantivo==
'''quartic'''
# {{escopo|en|Matemática}} função de [[quarto]] [[grau]]
[[Categoria:Adjetivo (Inglês)]]
[[Categoria:Substantivo (Inglês)]]</text>
<sha1>a1o5it79fygu1dc5qzclqdp3qywrq28</sha1>
</revision>
</page>
