<page>
<page>
<title>quarara</title>
<ns>0</ns>
<id>177536</id>
<revision>
<id>2396781</id>
<parentid>1168072</parentid>
<timestamp>2017-05-13T11:01:50Z</timestamp>
<contributor>
<username>HydrizBot</username>
<id>29590</id>
</contributor>
<minor />
<comment>Robô: A limpar links interwikis antigos</comment>
<model>wikitext</model>
<format>text/x-wiki</format>
<text bytes="181" xml:space="preserve">={{-pt-}}=
==Forma verbal==
'''quarara'''
#[[primeira pessoa]] do [[singular]] do [[pretérito mais-que-perfeito]] do verbo '''[[quarar]]'''
[[Categoria:Forma verbal (Português)]]</text>
<sha1>rsyr4ttn5l20kd5xelm5nmjsyqrxim9</sha1>
</revision>
