<page>
<page>
<title>quaráveis</title>
<ns>0</ns>
<id>167742</id>
<revision>
<id>2396852</id>
<parentid>1168113</parentid>
<timestamp>2017-05-13T11:04:23Z</timestamp>
<contributor>
<username>HydrizBot</username>
<id>29590</id>
</contributor>
<minor />
<comment>Robô: A limpar links interwikis antigos</comment>
<model>wikitext</model>
<format>text/x-wiki</format>
<text bytes="196" xml:space="preserve">={{-pt-}}=
==Forma verbal==
'''quaráveis'''
#[[segunda pessoa]] do [[plural]] do [[pretérito imperfeito]] do [[modo indicativo]] do verbo '''[[quarar]]'''
[[Categoria:Forma verbal (Português)]]</text>
<sha1>8vw3viv4sctetpxo6larbpx72qp1pdd</sha1>
</revision>
