<page>
<title>quarador</title>
<ns>0</ns>
<id>39790</id>
<revision>
<id>2601985</id>
<parentid>1280628</parentid>
<timestamp>2020-11-14T11:47:00Z</timestamp>
<contributor>
<username>ValJor</username>
<id>1358</id>
</contributor>
<comment>Acrescentando código de língua à [[:Categoria:!Página com mensagem de erro em predefinição|predefinição escopo]]</comment>
<model>wikitext</model>
<format>text/x-wiki</format>
<text bytes="388" xml:space="preserve">={{-pt-}}=
==Substantivo==
{{flex.pt|ms=quarador|mp=quaradores}}
{{oxítona|qua|ra|dor}}, {{gramática|m}}
# {{escopo|pt|Brasil}} o mesmo que [[quaradouro]]
===Sinônimo===
* [[coradouro]]
=={{etimologia|pt}}==
: {{escopo|Morfologia}} [[quarado]] + [[-or]].
==Ligações externas==
* {{Aulete}}
* {{Michaelis}}
* {{DPLP}}
* {{PLP}}
* {{VOLPABL}}
[[Categoria:Substantivo (Português)]]</text>
<sha1>icapzvr8sugvg3jvfgde1uxdclqmuoz</sha1>
</revision>
</page>
