<page>
<page>
<title>quarentar</title>
<ns>0</ns>
<id>316825</id>
<revision>
<id>1706094</id>
<timestamp>2013-07-31T11:19:06Z</timestamp>
<contributor>
<username>ValJor</username>
<id>1358</id>
</contributor>
<comment>Por um [[Especial:Lonelypages|wikcionário sem órfãos]]: [[quarentámos]]</comment>
<model>wikitext</model>
<format>text/x-wiki</format>
<text bytes="223" xml:space="preserve">={{-pt-}}=
==Verbo==
{{oxítona|qua|ren|tar}}
# o mesmo que [[quarentenar]]
===Conjugação===
{{conj/pt|quarent|ar}}
=={{etimologia|pt}}==
: {{escopo|Morfologia}} [[quarenta]] + [[-ar]].
[[Categoria:Verbo (Português)]]</text>
<sha1>gq2ldllxarwe2906gawf9spbv74v0v0</sha1>
</revision>
