<page>
<page>
<title>quarentámos</title>
<ns>0</ns>
<id>308812</id>
<revision>
<id>2259403</id>
<parentid>1644861</parentid>
<timestamp>2017-04-09T06:19:20Z</timestamp>
<contributor>
<username>Defender</username>
<id>15952</id>
</contributor>
<comment>Trocando predefinição escopo por escopo2</comment>
<model>wikitext</model>
<format>text/x-wiki</format>
<text bytes="267" xml:space="preserve">={{-pt-}}=
==Forma verbal==
{{paroxítona|qua|ren|tá|mos}}
#{{escopo2|grafia lusitana}} [[primeira pessoa]] do [[plural]] do [[pretérito perfeito]] do [[modo indicativo]] do verbo '''[[quarentar]]'''
[[Categoria:Forma verbal (Português)]]
[[Categoria:Lusitanismo]]</text>
<sha1>7yoag11o6536wuej6ng9wfj1q1ye1zu</sha1>
</revision>
