<page>
<page>
<title>quasicristal</title>
<ns>0</ns>
<id>321082</id>
<revision>
<id>2038841</id>
<parentid>1796224</parentid>
<timestamp>2015-11-20T10:50:00Z</timestamp>
<contributor>
<username>ValJor</username>
<id>1358</id>
</contributor>
<comment>Melhorando a apresentação do verbete usando a [[:predefinição:cria-entrada]]</comment>
<model>wikitext</model>
<format>text/x-wiki</format>
<text bytes="452" xml:space="preserve">={{-pt-}}=
==Substantivo==
{{flex.pt|ms=quasicristal|mp=quasicristais}}
{{oxítona|qua|si|cris|tal}}, {{m}}
# [[sólido]] com um [[espectro]] de [[difração]] essencialmente discreto, como os [[cristal|cristais]] clássicos, mas com uma estrutura não periódica
==={{-varort-}}===
* [[quase-cristal]]
==Ver também==
===Na Wikipédia===
* [[w:quase-cristal|quase-cristal]]
[[Categoria:Substantivo (Português)]]
[[Categoria:Química (Português)]]</text>
<sha1>l1xzek09mitafpiico0aavifqgek8tu</sha1>
</revision>
