<page>
<title>quase</title>
<ns>0</ns>
<id>39730</id>
<revision>
<id>2613397</id>
<parentid>2514271</parentid>
<timestamp>2021-01-31T14:39:30Z</timestamp>
<contributor>
<username>Marxav</username>
<id>73271</id>
</contributor>
<minor />
<comment>AFI Portugal</comment>
<model>wikitext</model>
<format>text/x-wiki</format>
<text bytes="2076" xml:space="preserve">{{ver também|aquase}}
={{-pt-}}=
==Advérbio==
{{paroxítona|qua|se}}
# [[perto]] de
# [[aproximadamente]]
#* ''Como a extinção, a não ser em caso de guerra, é impossível, o que ocorre, '''quase''' sempre, é um retrocesso drástico no campo das relações sociais.'' {{OESP|2008|fevereiro|29}}
# por [[pouco]]
===Tradução===
{{tradini}}
* {{trad|ay|niya}}
* {{trad|de|fast|nahezu}}
* {{trad|ar|تقريبا}}
* {{trad|arn|epe}}
* {{trad|br|hogos|tost|kazi|tost da vat|darbet}}
* {{trad|bg|почти}}
* {{trad|ca|gairebé}}
* {{trad|da|næsten}}
* {{trad|sk|väčšinou}}
* {{trad|es|casi|por poco|aproximadamente}}
* {{trad|eo|preskaŭ}}
* {{trad|et|peaaegu}}
* {{trad|fi|lähes}}
* {{trad|fr|presque|quasi|à peine|guère}}
* {{trad|cy|bron}}
* {{trad|gn|haimete|háime}}
* {{trad|gu|લગભગ}}
* {{trad|he|כמעט}}
* {{trad|hi|लगभग}}
* {{trad|nl|bijna}}
* {{trad|hu|majdnem}}
* {{trad|id|hampir}}
* {{trad|en|almost|nearly}}
* {{trad|ga|beagnach}}
* {{trad|it|quasi|circa|pressoché|pressapoco}}
{{tradmeio}}
* {{trad|ja|大体|ほとんど}}
* {{trad|la|fere|paene|ferme|vixdum}}
* {{trad|lv|gandriz}}
* {{trad|lfn|cuasi|куаси}}
* {{trad|mr|जवळ जवळ}}
* {{trad|mwl|quaije}}
* {{trad|nap|quase}}
* {{trad|no|nesten}}
* {{trad|fa|تقريباً}}
* {{trad|pl|prawie}}
* {{trad|pa|ਤਕਰੀਬਨ}}
* {{trad|qu|sacha}}
* {{trad|ro|aproape}}
* {{trad|ru|почти|чуть}}
* {{trad|sa|प्रायः}}
* {{trad|sro|cuasi|belle}}
* {{trad|sv|nästan}}
* {{trad|th|เกือบ|แทบ|แทบจะ}}
* {{trad|tn|batla|ratile|senkile}}
* {{trad|tr|hemen hemen}}
* {{trad|ur|قریب|تقریبا}}
* {{trad|val|quasi|casi}}
* {{trad|vec|quasi}}
* {{trad|xh|phantse}}
{{tradfim}}
===Verbetes derivados===
* {{escopo|pt|Trás-os-Montes}} [[quasemente]]
=={{etimologia|pt}}==
{{llietimo|la|quasi|pt}}
== {{pronúncia|pt}} ==
=== Brasil ===
* [[AFI]]: {{AFI|/ˈkʷa.zi/|pt}}
=={{pronúncia|pt}}==
===Portugal===
* AFI: {{AFI|/ˈkwa.zɨ/}}
==Anagramas==
# [[saque]]
# [[saquê]]
[[Categoria:Advérbio (Português)]]</text>
<sha1>q4wmqp78en3z7xh0xjpc8t8aw3t8zp2</sha1>
</revision>
</page>
