<page>
<page>
<title>quattuordecim</title>
<ns>0</ns>
<id>2723</id>
<revision>
<id>2396877</id>
<parentid>2247092</parentid>
<timestamp>2017-05-13T11:06:08Z</timestamp>
<contributor>
<username>HydrizBot</username>
<id>29590</id>
</contributor>
<minor />
<comment>Robô: A limpar links interwikis antigos</comment>
<model>wikitext</model>
<format>text/x-wiki</format>
<text bytes="422" xml:space="preserve">={{-la-}}=
==Numeral==
'''quat.tuor.de.cim''', ''numeral cardinal''  invariável
# o número [[quatorze]] (14)
===Ordinal equivalente===
* [[quartus decimus]]
==Ver também==
===No Wikcionário===
[[decem]] | [[undecim]] | [[duodecim]] | [[tredecim]] | [[quattuordecim]]
[[quindecim]] | [[sedecim]] |[[septemdecim]]/[[septendecim]]
[[duodeviginti]] | [[undeviginti]] | [[viginti]]
[[Categoria:Numeral (Latim)|# 000014]]</text>
<sha1>ntz4x411wt9qo07tl3gbffa79fq3few</sha1>
</revision>
