<page>
<title>quatio</title>
<ns>0</ns>
<id>338742</id>
<revision>
<id>2396859</id>
<parentid>1923864</parentid>
<timestamp>2017-05-13T11:04:40Z</timestamp>
<contributor>
<username>HydrizBot</username>
<id>29590</id>
</contributor>
<minor />
<comment>Robô: A limpar links interwikis antigos</comment>
<model>wikitext</model>
<format>text/x-wiki</format>
<text bytes="453" xml:space="preserve">={{-la-}}=
==Verbo==
''presente ativo'' '''quatio''', ''infinitivo presente'' '''[[quatere]]''', ''supino'' '''[[quassum]]'''.
# [[agitar]].
# [[sacudir]].
# [[segurar]].
# [[molestar]], [[perturbar]], [[abalar]].
# [[impelir]].
===Conjugação===
: Terceira conjugação; sem formas no perfeito.
==Pronúncia==
*[[AFI]]:  /ˈkʷa.ti.oː/.
[[Categoria:Entrada com pronúncia (Latim)]]
[[Categoria:Verbo (Latim)]]
[[Categoria:Verbo sem afixos (Latim)]]</text>
<sha1>hppgggy12l6nev8m6io1ergsfh2arh5</sha1>
</revision>
</page>
