<page>
<title>Quatá</title>
<ns>0</ns>
<id>136942</id>
<revision>
<id>2277416</id>
<parentid>2111048</parentid>
<timestamp>2017-04-27T00:09:00Z</timestamp>
<contributor>
<username>HydrizBot</username>
<id>29590</id>
</contributor>
<minor />
<comment>Robô: A limpar links interwikis antigos</comment>
<model>wikitext</model>
<format>text/x-wiki</format>
<text bytes="255" xml:space="preserve">={{-pt-}}=
{{Wikipédia}}
==Substantivo==
'''Quatá''' {{pr}}
#[[município]] [[brasileiro]] do [[estado]] de [[São Paulo]]
==Ver também==
*[[Apêndice:Municípios do estado de São Paulo]]
[[Categoria:Município do estado de São Paulo (Português)]]</text>
<sha1>0p2t1qbqif8aoe001d14a8d8zougabr</sha1>
</revision>
</page>
