<page>
<page>
<title>Quatar</title>
<ns>0</ns>
<id>423865</id>
<revision>
<id>2588565</id>
<timestamp>2020-05-23T10:31:36Z</timestamp>
<contributor>
<username>ValJor</username>
<id>1358</id>
</contributor>
<comment>Criação do verbete a partir da [[Especial:Páginas_pedidas|lista de palavras pedidas]]</comment>
<model>wikitext</model>
<format>text/x-wiki</format>
<text bytes="425" xml:space="preserve">{{Wikipédia|lang=ie}}
[[Imagem:Flag of Qatar.svg|thumb|right|250px|&lt;center&gt;Bandeira do Catar&lt;/center&gt;]]
[[Imagem:LocationQatar.png|thumb|right|250px|&lt;center&gt;Localização do Catar&lt;/center&gt;]]
={{-ie-}}=
==Substantivo==
'''Quatar''', {{gramática|pr}}
# {{escopo|ie|País}} [[Catar]]
==Ver também==
===No Wikcionário===
{{Ásia/ie}}
[[Categoria:Substantivo (Interlíngue)]]
[[Categoria:Entrada com imagem (Interlíngue)]]</text>
<sha1>qaf66ibvlxhq8qf2ssrcl8tmfuyworg</sha1>
</revision>
