<page>
<title>quatorzeno</title>
<ns>0</ns>
<id>278957</id>
<revision>
<id>1891528</id>
<parentid>1829342</parentid>
<timestamp>2015-01-31T10:29:57Z</timestamp>
<contributor>
<username>MIL973</username>
<id>41339</id>
</contributor>
<model>wikitext</model>
<format>text/x-wiki</format>
<text bytes="549" xml:space="preserve">={{-pt-}}=
==Adjetivo==
{{flex.pt|ms=quatorzeno|mp=quatorzenos|fs=quatorzena|fp=quatorzenas}}
{{paroxítona|qua|tor|ze|no}}, {{m}}
# [[décimo]]-[[quarto]]
# [[último]] numa [[série]] de [[quatorze]]
===Variante===
* {{link preto|catorzeno}}
==Substantivo==
{{flex.pt|ms=quatorzeno|mp=quatorzenos}}
{{paroxítona|qua|tor|ze|no}}, {{m}}
# antiga espécie de [[pano]] com 14 [[fio]]s de [[urdidura]]
=={{etimologia|pt}}==
: {{escopo|Morfologia}} [[quatorze]] + [[-eno]].
[[Categoria:Adjetivo (Português)]]
[[Categoria:Substantivo (Português)]]</text>
<sha1>6i187cduzvz5vlhjonw3v8yg4095pk2</sha1>
</revision>
</page>
