<page>
<title>quatipuruenses</title>
<ns>0</ns>
<id>340106</id>
<revision>
<id>2472369</id>
<parentid>1932129</parentid>
<timestamp>2017-12-22T02:46:06Z</timestamp>
<contributor>
<username>MIL973</username>
<id>41339</id>
</contributor>
<model>wikitext</model>
<format>text/x-wiki</format>
<text bytes="357" xml:space="preserve">={{-pt-}}=
==Forma de adjetivo==
{{paroxítona|qua|ti|pu|ru|en|ses}}, {{gramática|c2gp}}
# plural de [[quatipuruense]]
==Forma de substantivo==
{{paroxítona|qua|ti|pu|ru|en|ses}}, {{gramática|c2gp}}
# plural de [[quatipuruense]]
{{avi-for-fle|quatipuruense}}
[[Categoria:Forma de adjetivo (Português)]]
[[Categoria:Forma de substantivo (Português)]]</text>
<sha1>t2imu0m632j3rd81dptpu3uvggw74qm</sha1>
</revision>
</page>
