<page>
<page>
<title>quatipuru</title>
<ns>0</ns>
<id>152777</id>
<revision>
<id>2472513</id>
<parentid>2472512</parentid>
<timestamp>2017-12-23T00:40:42Z</timestamp>
<contributor>
<username>MIL973</username>
<id>41339</id>
</contributor>
<model>wikitext</model>
<format>text/x-wiki</format>
<text bytes="676" xml:space="preserve">{{Wikipédia|caxinguelê|quatipuru}}
[[Imagem:Caxinguele (Sciurus aestuans).jpg|thumb|200px|'''Quatipuru''']]
{{ver também|Quatipuru}}
={{-pt-}}=
==Substantivo==
{{flex.pt|ms=quatipuru|mp=quatipurus}}
{{oxítona|qua|ti|pu|ru}}, {{gramática|m}}
# {{escopo|pt|Mamífero}} espécie de [[esquilo]] [[brasileiro]] (''[[wikispecies:Sciurus aestuans|Sciurus aestuans]]'')
===Sinônimos===
{{colunas|2}}
* [[acutipuru]]
* [[agutipuru]]
* [[caxinguelê]]
* [[serelepe]]
{{colunas/fim}}
=={{etimologia|pt}}==
: Do termo [[tupi]] ''acutipu'ru'', que significa &quot;[[cutia]] [[enfeitado|enfeitada]]&quot;.
[[Categoria:Substantivo (Português)]]
[[Categoria:Entrada com imagem (Português)]]</text>
<sha1>h8sa600k0jw060ekzjzpr5ms5ilxknm</sha1>
</revision>
