<page>
<page>
<title>quattordici</title>
<ns>0</ns>
<id>2570</id>
<revision>
<id>2396873</id>
<parentid>2256673</parentid>
<timestamp>2017-05-13T11:05:46Z</timestamp>
<contributor>
<username>HydrizBot</username>
<id>29590</id>
</contributor>
<minor />
<comment>Robô: A limpar links interwikis antigos</comment>
<model>wikitext</model>
<format>text/x-wiki</format>
<text bytes="256" xml:space="preserve">={{-it-}}=
== Numeral ==
'''quat.tor.di.ci''' ''numeral cardinal''
:#O número ''[[quatorze]]''  (14).
=== Ordinal equivalente ===
:* [[quattrodicesimo]]
=== Outros verbetes ===
[[tredici]] [[quindici]]
[[Categoria:Numeral (Italiano)|# 000014]]</text>
<sha1>0lvhgh0hqrca4i8mwh7u8ydccmor1gz</sha1>
</revision>
