<page>
<page>
<title>quatordécuplo</title>
<ns>0</ns>
<id>441609</id>
<revision>
<id>2667052</id>
<timestamp>2022-03-20T21:55:14Z</timestamp>
<contributor>
<username>Leonardo José Raimundo</username>
<id>43489</id>
</contributor>
<comment>Eu estou criando o numeral &quot;quatordécuplo&quot;.</comment>
<model>wikitext</model>
<format>text/x-wiki</format>
<text bytes="223" xml:space="preserve">={{-pt-}}=
==Numeral multiplicativo==
{{flex.pt|ms=quatordécuplo|mp=quatordécuplos}}
{{proparoxítona|qua|tor|dé|cu|plo}}
# quantidade [[quatorze]] vezes maior que outra
[[Categoria:Numeral multiplicativo (Português)]]</text>
<sha1>kk3084m4tj4cliqd6p3carv5wv0gyuq</sha1>
</revision>
