<page>
<title>Quatiguá</title>
<ns>0</ns>
<id>140199</id>
<revision>
<id>2277410</id>
<parentid>1198165</parentid>
<timestamp>2017-04-27T00:08:49Z</timestamp>
<contributor>
<username>HydrizBot</username>
<id>29590</id>
</contributor>
<minor />
<comment>Robô: A limpar links interwikis antigos</comment>
<model>wikitext</model>
<format>text/x-wiki</format>
<text bytes="249" xml:space="preserve">={{-pt-}}=
{{Wikipédia}}
==Substantivo==
'''Quatiguá''' {{pr}}
#[[município]] [[brasileiro]] do [[estado]] do [[Paraná]]
==Ver também==
*[[Apêndice:Municípios do estado do Paraná]]
[[Categoria:Município do estado do Paraná (Português)]]</text>
<sha1>d6or233xk0asd3tmt8z3hwyj5i3f5ux</sha1>
</revision>
</page>
