<page>
<title>quatuor</title>
<ns>0</ns>
<id>2654</id>
<revision>
<id>2396878</id>
<parentid>2134342</parentid>
<timestamp>2017-05-13T11:06:13Z</timestamp>
<contributor>
<username>HydrizBot</username>
<id>29590</id>
</contributor>
<minor />
<comment>Robô: A limpar links interwikis antigos</comment>
<model>wikitext</model>
<format>text/x-wiki</format>
<text bytes="405" xml:space="preserve">={{-la-}}=
==Numeral==
'''qua.tu.or''' ''numeral cardinal''  invariável
# [[quatro]] (4)
=== Declinação ===
Todos os casos: [[quatuor]] ou [[quattuor]]
===Grafia alternativa===
* [[quattuor]]
===Ordinal equivalente===
* [[quarto]]
==Ver também==
===No Wikcionário===
{{verTambém.Ini}}
* [[tres]]
{{verTambém.NovaColuna}}
* [[quinque]]
{{verTambém.Fim}}
[[Categoria:Numeral (Latim)|# 000004]]</text>
<sha1>0gfvsi3zwnkrmtjg0rdqdld597u09la</sha1>
</revision>
</page>
