<page>
<title>quatorzenos</title>
<ns>0</ns>
<id>325535</id>
<revision>
<id>1891529</id>
<parentid>1829347</parentid>
<timestamp>2015-01-31T10:30:14Z</timestamp>
<contributor>
<username>MIL973</username>
<id>41339</id>
</contributor>
<model>wikitext</model>
<format>text/x-wiki</format>
<text bytes="310" xml:space="preserve">={{-pt-}}=
==Forma de adjetivo==
{{paroxítona|qua|tor|ze|nos}}, {{m}}
# plural de [[quatorzeno]]
==Forma de substantivo==
{{paroxítona|qua|tor|ze|nos}}, {{m}}
# plural de [[quatorzeno]]
{{avi-for-fle|quatorzeno}}
[[Categoria:Forma de adjetivo (Português)]]
[[Categoria:Forma de substantivo (Português)]]</text>
<sha1>cb5l3c706qnr70kw6b8gsorfgc3kr0r</sha1>
</revision>
</page>
