<page>
<page>
<title>quatríduo</title>
<ns>0</ns>
<id>313456</id>
<revision>
<id>2066364</id>
<parentid>1759389</parentid>
<timestamp>2016-02-29T09:40:45Z</timestamp>
<contributor>
<username>MIL973</username>
<id>41339</id>
</contributor>
<model>wikitext</model>
<format>text/x-wiki</format>
<text bytes="521" xml:space="preserve">={{-pt-}}=
==Substantivo== 
{{flex.pt|ms=quatríduo|mp=quatríduos}}
{{proparoxítona aparente|qua|trí|du|o}}, {{m}}
# [[período]] de [[quatro]] [[dia]]s consecutivos
=={{etimologia|pt}}==
: Do latim {{etimo|la|quatriduu}}.
==Ver também==
===No Wikcionário===
{{verTambém.Ini}}
* [[bíduo]]
{{verTambém.NovaColuna}}
* [[tríduo]]
{{verTambém.Fim}}
==Ligações externas==
* {{Priberam}}
[[Categoria:Substantivo (Português)]]
[[Categoria:Entrada de étimo latino (Português)]]
[[Categoria:Tempo (Português)]]</text>
<sha1>971opeu0yn8nkcwfcr3cpas3ahoz0jn</sha1>
</revision>
