<page>
<title>quatrega</title>
<ns>0</ns>
<id>401550</id>
<revision>
<id>2522318</id>
<timestamp>2018-10-12T12:39:57Z</timestamp>
<contributor>
<username>Cpls</username>
<id>20608</id>
</contributor>
<comment>[[Ajuda:Guia de edição/Menus e ferramentas/Sumário de edição|→]] nova página: ={{-gl-}}= ==Substantivo== {{flex.gl|fs=quatrega|fp=quatregas}} {{paroxítona|qua|tre|ga|lang=gl}}, {{gramát...</comment>
<model>wikitext</model>
<format>text/x-wiki</format>
<text bytes="439" xml:space="preserve">={{-gl-}}=
==Substantivo==
{{flex.gl|fs=quatrega|fp=quatregas}}
{{paroxítona|qua|tre|ga|lang=gl}}, {{gramática|f|lang=gl}}
# {{escopo|gl|Arcaico}} [[quadriga]]
==={{-varort-}}===
* [[cuatrega#{{gl}}|cuatrega]], [[quartega#{{gl}}|quatega]]
=={{etimologia|gl}}==
: Da mesma origem que o latim {{etimo|la|quādrīga}}. Confronte-se com ''[[quatreiro#{{gl}}|quatreiro]]'' e ''[[cartao#{{gl}}|cartao]]''.
[[Categoria:Substantivo (Galego)]]</text>
<sha1>22z14g0hhm5f4ypqq1rji3r9xt8u9kp</sha1>
</revision>
</page>
