<page>
<title>Quatipuru</title>
<ns>0</ns>
<id>143056</id>
<revision>
<id>2690324</id>
<parentid>2472366</parentid>
<timestamp>2022-10-26T06:19:18Z</timestamp>
<contributor>
<username>InternetArchiveBot</username>
<id>81604</id>
</contributor>
<comment>Rescuing 1 sources and tagging 0 as dead.) #IABot (v2.0.9.2</comment>
<model>wikitext</model>
<format>text/x-wiki</format>
<text bytes="501" xml:space="preserve">{{Wikipédia}}
{{ver também|quatipuru}}
={{-pt-}}=
==Substantivo==
{{oxítona|Qua|ti|pu|ru}}, {{gramática|pr}}
# {{escopo|pt|Município do estado do Pará}} [[Apêndice:Gentílicos e topónimos em português/Brasil/Pará|município brasileiro do estado do Pará]]
==Ver também==
===No Wikcionário===
* [[quatipuruense]]
==Ligações externas==
* [https://web.archive.org/web/20151028073610/http://www.quatipuru.pa.gov.br/ Prefeitura de Quatipuru (Pará)]
[[Categoria:Substantivo (Português)]]</text>
<sha1>cy00hjzph03dan3r1t2zphsls0ang4j</sha1>
</revision>
</page>
