<page>
<page>
<title>quatrilião</title>
<ns>0</ns>
<id>72093</id>
<revision>
<id>2618698</id>
<parentid>2396869</parentid>
<timestamp>2021-02-01T16:39:23Z</timestamp>
<contributor>
<username>MarxavBot</username>
<id>80155</id>
</contributor>
<minor />
<comment>AFI Portugal</comment>
<model>wikitext</model>
<format>text/x-wiki</format>
<text bytes="249" xml:space="preserve">={{-pt-}}=
==Substantivo==
'''quatrilião''' ''masculino ''
# [[um]] [[milhão]] [[de]] [[triliões]]: 1.000.000.000.000.000.000.000
=={{pronúncia|pt}}==
===Portugal===
* AFI: {{AFI|/kwɐ.tɾi.ˈljɐ̃w̃/}}
[[Categoria:Substantivo (Português)]]</text>
<sha1>jx6qws0zztd1l34y94k98cfuuf3td35</sha1>
</revision>
