<page>
<page>
<title>quatrocentismos</title>
<ns>0</ns>
<id>339722</id>
<revision>
<id>1929512</id>
<parentid>1929511</parentid>
<timestamp>2015-05-12T12:23:37Z</timestamp>
<contributor>
<username>MIL973</username>
<id>41339</id>
</contributor>
<minor />
<comment>adicionou [[Categoria:Forma de substantivo (Português)]] usando [[Wikcionário:HotCat|HotCat]]</comment>
<model>wikitext</model>
<format>text/x-wiki</format>
<text bytes="190" xml:space="preserve">={{-pt-}}=
==Forma de substantivo==
{{paroxítona|qua|tro|cen|tis|mos}}, {{m}}
# plural de [[quatrocentismo]]
{{avi-for-fle|quatrocentismo}}
[[Categoria:Forma de substantivo (Português)]]</text>
<sha1>8ndzpkanzfuzni3y1ds0pvhlxrti0p8</sha1>
</revision>
