<page>
<title>quaterni</title>
<ns>0</ns>
<id>2918</id>
<revision>
<id>2396856</id>
<parentid>2246378</parentid>
<timestamp>2017-05-13T11:04:34Z</timestamp>
<contributor>
<username>HydrizBot</username>
<id>29590</id>
</contributor>
<minor />
<comment>Robô: A limpar links interwikis antigos</comment>
<model>wikitext</model>
<format>text/x-wiki</format>
<text bytes="683" xml:space="preserve">={{-la-}}=
==Adjetivo numeral distributivo==
'''qua.ter.ni''', ''masculino''
(feminino: ''[[quaternae]]'') (neutro: ''[[quaterna]]'')
# [[quatro]] de cada vez; de quatro em quatro
: '''Obs.''': Não existem adjetivos numerais distributivos em português.
===Outros Verbetes===
{{verTambém.Ini}}
* [[trini]]
{{verTambém.NovaColuna}}
* [[terni]]
{{verTambém.NovaColuna}}
* [[quini]]
{{verTambém.Fim}}
==Ver também==
===No Wikcionário===
{{verTambém.Ini}}
* [[quattuor]]
{{verTambém.NovaColuna}}
* [[quatuor]]
{{verTambém.NovaColuna}}
* [[quadruplex]]
{{verTambém.Fim}}
[[Categoria:Numeral distributivo (Latim)|# D00004]]
[[Categoria:Adjetivo numeral distributivo (Latim)]]</text>
<sha1>3i6wcs8gpzv871gjqmnt0sb024x7lir</sha1>
</revision>
</page>
