<page>
<title>quatrilhão</title>
<ns>0</ns>
<id>72061</id>
<revision>
<id>2396868</id>
<parentid>2134323</parentid>
<timestamp>2017-05-13T11:05:24Z</timestamp>
<contributor>
<username>HydrizBot</username>
<id>29590</id>
</contributor>
<minor />
<comment>Robô: A limpar links interwikis antigos</comment>
<model>wikitext</model>
<format>text/x-wiki</format>
<text bytes="373" xml:space="preserve">={{-pt-}}=
==Numeral cardinal==
{{flex.pt|s=quatrilhão|p=quatrilhões}}
{{oxítona|qua|tri|lhão}}
# [[mil]] [[trilhão|trilhões]]; 1.000.000.000.000.000
==={{-varort-}}===
{{verTambém.Ini}}
* [[quadrilhão]]
{{verTambém.NovaColuna}}
* [[quatrilião]]
{{verTambém.Fim}}
=={{etimologia|pt}}==
: Do francês ''quatrillon''.
[[Categoria:Numeral cardinal (Português)]]</text>
<sha1>efvrn8zwtc9fo7owhnm6okvu5565njv</sha1>
</revision>
</page>
