<page>
<title>Quataria</title>
<ns>0</ns>
<id>146449</id>
<revision>
<id>2601916</id>
<parentid>2277409</parentid>
<timestamp>2020-11-13T10:33:53Z</timestamp>
<contributor>
<username>ValJor</username>
<id>1358</id>
</contributor>
<comment>Acrescentando código de língua à [[:Categoria:!Página com mensagem de erro em predefinição|predefinição escopo]]</comment>
<model>wikitext</model>
<format>text/x-wiki</format>
<text bytes="447" xml:space="preserve">{{Wikipédia|lang=la}}
[[Imagem:Flag of Qatar.svg|thumb|right|250px|&lt;center&gt;Bandeira do Qatar&lt;/center&gt;]]
[[Imagem:LocationQatar.png|thumb|right|250px|&lt;center&gt;Localização do Qatar&lt;/center&gt;]]
={{-la-}}=
==Substantivo==
'''Quataria''', {{gramática|pr}}
# {{escopo|la|País}} [[Qatar]]
==={{-varort-}}===
* [[Cataria]]
==Ver também==
===No Wikcionário===
{{Ásia/la}}
[[Categoria:Substantivo (Latim)]]
[[Categoria:Entrada com imagem (Latim)]]</text>
<sha1>500y9imnoc2d90r9qzp6b9crg5f09qg</sha1>
</revision>
</page>
