<page>
<title>quattro</title>
<ns>0</ns>
<id>2523</id>
<revision>
<id>2470722</id>
<parentid>2456452</parentid>
<timestamp>2017-12-15T12:56:56Z</timestamp>
<contributor>
<username>ValJor</username>
<id>1358</id>
</contributor>
<comment>Desfazendo ligação para Ajuda:Guia de pronúncia/Italiano</comment>
<model>wikitext</model>
<format>text/x-wiki</format>
<text bytes="360" xml:space="preserve">={{-it-}}=
==Numeral==
{{paroxítona|quat|tro|lang=it}}, {{gramática|card}}, ''indeclinável'' (''ordinal: [[quarto#{{it}}|quarto]]'')
# [[quatro]]
=={{etimologia|it}}==
{{llietimo|la|quattuor|it}}
=={{pronúncia|it}}==
* [[AFI]]: {{AFI|/ˈkuattro/}}
==Ver também==
===No Wikcionário===
{{números/it}}
[[Categoria:Numeral cardinal (Italiano)|# 000004]]</text>
<sha1>a85wwkhq6njdgi4aq09k17qc2w0mm32</sha1>
</revision>
</page>
