<page>
<title>quatreiro</title>
<ns>0</ns>
<id>401547</id>
<revision>
<id>2522315</id>
<timestamp>2018-10-12T12:38:47Z</timestamp>
<contributor>
<username>Cpls</username>
<id>20608</id>
</contributor>
<comment>[[Ajuda:Guia de edição/Menus e ferramentas/Sumário de edição|→]] nova página: ={{-pt-}}= ==Substantivo== {{flex.pt|ms=quatreiro|mp=quatreiros|fs=quatreira|fp=quatreiras}} {{paroxítona|qu...</comment>
<model>wikitext</model>
<format>text/x-wiki</format>
<text bytes="361" xml:space="preserve">={{-pt-}}=
==Substantivo==
{{flex.pt|ms=quatreiro|mp=quatreiros|fs=quatreira|fp=quatreiras}}
{{paroxítona|qua|trei|ro}}
# {{escopo|pt|Rio Grande do Sul|Mato Grosso|Mato Grosso do Sul}} pessoa que rouba [[gado]]
===Sinónimos===
* [[abactor]], [[abigeatário]], [[abígeo]]
=={{etimologia|pt}}==
{{llietimo|es|cuatrero|pt}}
[[Categoria:Substantivo (Galego)]]</text>
<sha1>lby036i1hi9jrnhg8cq5j4njt0lr7o4</sha1>
</revision>
</page>
