<page>
<page>
<title>quattru</title>
<ns>0</ns>
<id>252501</id>
<revision>
<id>2396875</id>
<parentid>1986965</parentid>
<timestamp>2017-05-13T11:05:57Z</timestamp>
<contributor>
<username>HydrizBot</username>
<id>29590</id>
</contributor>
<minor />
<comment>Robô: A limpar links interwikis antigos</comment>
<model>wikitext</model>
<format>text/x-wiki</format>
<text bytes="313" xml:space="preserve">={{-co-}}=
===Numeral===
'''quattru'''  ''cardinal''
# [[quatro]], [[número]] [[representado]] [[por]] '''4''' em [[algarismo]]s [[arábico]]s.
==Ver também==
===No Wikcionário===
{{verTambém.Ini}}
* [[Apêndice:Números|Apêndice: Números]]
{{verTambém.Fim}}
{{números/co}}
[[Categoria:Numeral (Corso)]]</text>
<sha1>bfv7y4u7cdw4zxv2a1f9lx3e6648u9e</sha1>
</revision>
