<page>
<title>quatipuruense</title>
<ns>0</ns>
<id>340104</id>
<revision>
<id>2472368</id>
<parentid>2472367</parentid>
<timestamp>2017-12-22T02:45:37Z</timestamp>
<contributor>
<username>MIL973</username>
<id>41339</id>
</contributor>
<model>wikitext</model>
<format>text/x-wiki</format>
<text bytes="554" xml:space="preserve">={{-pt-}}=
==Adjetivo==
{{flex.pt|s=quatipuruense|p=quatipuruenses}}
{{paroxítona|qua|ti|pu|ru|en|se}}, {{gramática|c2g}}
# {{escopo|pt|Gentílico}} de [[Quatipuru]], cidade paraense
==Substantivo==
{{flex.pt|s=quatipuruense|p=quatipuruenses}}
{{paroxítona|qua|ti|pu|ru|en|se}}, {{gramática|c2g}}
# {{escopo|pt|Gentílico}} natural de Quatipuru ou seu habitante
=={{etimologia|pt}}==
: {{escopo|Morfologia}} [[Quatipuru]] + [[-ense]].
==Ligações externas==
* {{Aulete}}
[[Categoria:Adjetivo (Português)]]
[[Categoria:Substantivo (Português)]]</text>
<sha1>7s163ljfj1m9cz21gao9da1ctfu7naw</sha1>
</revision>
</page>
