<page>
<page>
<title>quatorzena</title>
<ns>0</ns>
<id>315459</id>
<revision>
<id>1891530</id>
<parentid>1769408</parentid>
<timestamp>2015-01-31T10:30:28Z</timestamp>
<contributor>
<username>MIL973</username>
<id>41339</id>
</contributor>
<model>wikitext</model>
<format>text/x-wiki</format>
<text bytes="172" xml:space="preserve">={{-pt-}}=
==Forma de adjetivo==
{{paroxítona|qua|tor|ze|na}}, {{f}}
# feminino de [[quatorzeno]]
{{avi-for-fle|quatorzeno}}
[[Categoria:Forma de adjetivo (Português)]]</text>
<sha1>pin298cmk0im2sraqlmkvcjm4irwx5l</sha1>
</revision>
