<page>
<title>quatre</title>
<ns>0</ns>
<id>2332</id>
<revision>
<id>2396861</id>
<parentid>2238489</parentid>
<timestamp>2017-05-13T11:04:57Z</timestamp>
<contributor>
<username>HydrizBot</username>
<id>29590</id>
</contributor>
<minor />
<comment>Robô: A limpar links interwikis antigos</comment>
<model>wikitext</model>
<format>text/x-wiki</format>
<text bytes="445" xml:space="preserve">={{-ca-}}=
==Numeral==
'''quatre''', ''cardinal''
# [[quatro]]
==Ver também==
===No Wikcionário===
{{números/ca}}
[[Categoria:Numeral (Catalão)]]
={{-fr-}}=
==Numeral==
'''qua.tre''' ''numeral cardinal''
# [[quatro]] (4)
===Ordinal equivalente===
{{verTambém.Ini}}
* [[quatrième]]
{{verTambém.NovaColuna}}
* [[quart]]
{{verTambém.Fim}}
==Ver também==
===No Wikcionário===
{{números/fr}}
[[Categoria:Numeral (Francês)|# 00004]]</text>
<sha1>naoqg44guyp649jgqkxaogjzn3cz04b</sha1>
</revision>
</page>
