<page>
<title>quati</title>
<ns>0</ns>
<id>44625</id>
<revision>
<id>2537072</id>
<parentid>2537071</parentid>
<timestamp>2019-02-22T20:19:15Z</timestamp>
<contributor>
<username>Amigo7</username>
<id>58547</id>
</contributor>
<minor />
<comment>/* Tradução */ Ordem alfabética</comment>
<model>wikitext</model>
<format>text/x-wiki</format>
<text bytes="1110" xml:space="preserve">{{Wikipédia|lang=pt}}
={{-pt-}}=
==Substantivo==
{{flex.pt|ms=quati|mp=quatis}}
{{oxítona|qua|ti}}, {{gramática|m}}
# {{escopo|pt|Brasil|Zoologia}} [[mamífero]] [[carnívoro]] de [[focinho]] comprido
#* ''Um homem de 39 anos foi preso segunda-feira por ter caçado ilegalmente para comer animais da fauna silvestre, como tatu-peba e '''quati''', no bairro Pedregulho, na zona rural de Itu (SP).'' {{OESP|2012|maio|15}}
===Tradução===
{{tradini}}
* {{trad|de|Nasenbär|Rüsselbär}}
* {{trad|cs|nosál}}
* {{trad|sk|nosati medved|koati}}
* {{trad|es|coatí}}
* {{trad|fr|coati}}
* {{trad|nl|neusbeer}}
* {{trad|it|coati}}
{{tradmeio}}
* {{trad|nci|pezohtli}}
* {{trad|pl|ostronos}}
* {{trad|ro|coati}}
* {{trad|ru|носуха|коати}}
* {{trad|hsb|nosowy mjedwjedź|pyskaty mjedwjedź}}
* {{trad|dsb|nosowy mjadwjeź|pyskowy mjadwjeź}}
* {{trad|aoc|kuwachi}}
{{tradfim}}
==Ligações externas==
* {{Aulete}}
* {{Michaelis}}
* {{DicioAberto}}
* {{DPLP}}
* {{Infopédia}}
* {{PLP}}
* {{VOLPABL}}
==Anagrama==
# [[quita]]
[[Categoria:Substantivo (Português)]]
[[Categoria:Mamífero (Português)]]</text>
<sha1>ki9mce3tsg8c0qnh0r6l8bidhw67kdw</sha1>
</revision>
</page>
