<page>
<page>
<title>quatorze</title>
<ns>0</ns>
<id>1969</id>
<revision>
<id>2463032</id>
<parentid>2396860</parentid>
<timestamp>2017-11-26T17:19:47Z</timestamp>
<contributor>
<username>Imivorn</username>
<id>64513</id>
</contributor>
<comment>adição do mirandês</comment>
<model>wikitext</model>
<format>text/x-wiki</format>
<text bytes="1275" xml:space="preserve">{{Wikipédia}}
={{-pt-}}=
==Numeral==
{{paroxítona|qua|tor|ze}}, ''cardinal'', {{c2g}}
# número equivalente a treze mais um; cardinalidade de um [[conjunto]] que contenha quatorze elementos distintos; representado pelo símbolo '''14''' (algarismos arábicos) ou '''XIV''' (algarismos romanos)
==={{-varort-}}===
* [[catorze]]
===Tradução===
{{tradini}}
* {{trad|de|vierzehn}}
* {{trad|es|catorce}}
* {{trad|fi|neljätoista}}
* {{trad|fr|quatorze}}
* {{trad|el|δεκατέσσερις|δεκατέσσερα}}
* {{trad|hu|tizennégy}}
* {{trad|en|fourteen}}
* {{trad|it|quattordici}}
{{tradmeio}}
* {{trad|la|quattuordecim}}
* {{trad|mwl|catorze}}
* {{trad|pap|diescuater}}
* {{trad|cri|déch-ku kuatlu}}
* {{trad|sv|fjorton}}
* {{trad|tet|sanulu-resin-haat}}
* {{trad|wa|catoize}}
{{tradfim}}
==Ver também==
===No Wikcionário===
{{verTambém.Ini}}
* [[quinze]]
{{verTambém.NovaColuna}}
* [[treze]]
{{verTambém.Fim}}
[[Categoria:Numeral cardinal (Português)|# 000014]]
={{-fr-}}=
==Numeral==
'''quatorze'''
# [[quatorze#Português|quatorze]]
===Ordinal equivalente===
* [[quatorzième]]
==Ver também==
===No Wikcionário===
{{verTambém.Ini}}
* [[quinze]]
{{verTambém.NovaColuna}}
* [[treize]]
{{verTambém.Fim}}
[[Categoria:Numeral (Francês)|# 00014]]</text>
<sha1>iq6mpeiuayubudyqrl3qn5xjvrlndar</sha1>
</revision>
