<page>
<title>quaternário</title>
<ns>0</ns>
<id>322882</id>
<revision>
<id>2621094</id>
<parentid>2601913</parentid>
<timestamp>2021-02-01T23:26:07Z</timestamp>
<contributor>
<username>MarxavBot</username>
<id>80155</id>
</contributor>
<minor />
<comment>AFI Portugal</comment>
<model>wikitext</model>
<format>text/x-wiki</format>
<text bytes="1009" xml:space="preserve">={{-pt-}}=
==Adjetivo==
{{flex.pt|ms=quaternário|mp=quaternários|fs=quaternária|fp=quaternárias}}
{{proparoxítona aparente|qua|ter|ná|ri|o}}
# composto de [[quatro]] [[unidade]]s
# que tem quatro faces, quatro elementos, etc
# {{escopo|pt|Música}} que tem quatro tempos
# {{escopo|pt|Geologia}} diz-se do [[período]] [[geológico]], imediatamente posterior ao [[terciário]]
===Tradução===
{{tradini}}
* {{trad|de|quaternär}}
* {{trad|es|cuaternario}}
* {{trad|fr|quaternaire}}
{{tradmeio}}
* {{trad|en|quaternary}}
* {{trad|it|quaternario}}
* {{t|ru|четвертичный||četvertičnyj}}
{{tradfim}}
=={{etimologia|pt}}==
{{llietimo|la|quaternarius|pt}}
=={{pronúncia|pt}}==
===Portugal===
* AFI: {{AFI|/kwɐ.tɨɾ.ˈna.ɾju/}}
==Ver também==
===No Wikcionário===
* vide [[Wikisaurus:tempo]]
==Ligações externas==
* {{Aulete}}
* {{Michaelis|quaternario}}
* {{DPLP}}
* {{Infopédia}}
* {{PLP}}
* {{VOLPABL}}
[[Categoria:Adjetivo (Português)]]
[[Categoria:Matemática (Português)]]</text>
<sha1>1pt4yb8d944d69aok5qyyq8v8dly8nu</sha1>
</revision>
</page>
