<page>
<title>quatrocentas</title>
<ns>0</ns>
<id>442772</id>
<revision>
<id>2672392</id>
<parentid>2672391</parentid>
<timestamp>2022-04-12T19:01:00Z</timestamp>
<contributor>
<username>MIL973</username>
<id>41339</id>
</contributor>
<model>wikitext</model>
<format>text/x-wiki</format>
<text bytes="489" xml:space="preserve">={{-pt-}}=
==Numeral==
{{flex.pt|ms=-|mp=quatrocentos|fs=-|fp=quatrocentas}}
{{paroxítona|qua|tro|cen|tas}}, {{gramática|card|fp}}
# feminino de [[quatrocentos]]; representado pelo símbolo '''[[400]]''' (algarismos indo-arábicos) ou '''[[CD]]''' (algarismos romanos)
===Tradução===
{{tradini}}
* {{trad|es|cuatrocientas}}
{{tradmeio}}
* {{trad|en|four hundred}}
{{tradfim}}
==Ver também==
===No Wikcionário===
{{números/pt}}
[[Categoria:Numeral cardinal (Português)|# 000400]]</text>
<sha1>n9a23y6zj1mf8qh16m53koxf1f5rx11</sha1>
</revision>
</page>
