<page>
<title>Quauhtemallan</title>
<ns>0</ns>
<id>400421</id>
<revision>
<id>2650242</id>
<parentid>2648137</parentid>
<timestamp>2021-10-14T11:21:35Z</timestamp>
<contributor>
<username>ValJor</username>
<id>1358</id>
</contributor>
<minor />
<comment>Revertidas edições por [[Especial:Contribuições/2806:105E:22:47A:81A2:43B6:A6C4:5898|2806:105E:22:47A:81A2:43B6:A6C4:5898]] para a última versão por [[Especial:Contribuições/ValJor|ValJor]]</comment>
<model>wikitext</model>
<format>text/x-wiki</format>
<text bytes="631" xml:space="preserve">[[Imagem:Flag of Guatemala.svg|thumb|right|250px|&lt;center&gt;Bandeira da Guatemala&lt;/center&gt;]]
[[Imagem:LocationGuatemala.svg|thumb|right|250px|&lt;center&gt;Localização da Guatemala&lt;/center&gt;]]
={{-nci-}}=
==Substantivo==
'''Quauhtemallan''', {{gramática|pr}}
# {{escopo|nci|País|Arcaico}} [[Guatemala]]
==={{-varort-}}===
* [[Cuauhtemallan]]
* [[Cuauhtēmallān]]
==Ver também==
===No Wikcionário===
{{América/nci}}
[[Categoria:Substantivo (Náuatle Clássico)]]
[[Categoria:Polissílabo (Náuatle Clássico)]]
[[Categoria:Entrada com imagem (Náuatle Clássico)]]
[[Categoria:Ortografia de Alonso de Molina (Náuatle Clássico)]]</text>
<sha1>gq9z2u3dxxo1fd0vnwp0poin2quiogo</sha1>
</revision>
</page>
