<page>
<title>Qubris</title>
<ns>0</ns>
<id>130849</id>
<revision>
<id>2651726</id>
<parentid>2277417</parentid>
<timestamp>2021-11-08T11:22:12Z</timestamp>
<contributor>
<username>ValJor</username>
<id>1358</id>
</contributor>
<comment>Acrescentando código de língua à [[:Categoria:!Página com mensagem de erro em predefinição|predefinição escopo]]</comment>
<model>wikitext</model>
<format>text/x-wiki</format>
<text bytes="486" xml:space="preserve">{{Wikipédia|lang=ku|Kîpros}}
[[Imagem:Flag of Cyprus.svg|thumb|right|250px|{{centro|Bandeira do Chipre}}]]
[[Imagem:LocationCyprus.svg|thumb|right|250px|{{centro|Localização do Chipre}}]]
={{-ku-}}=
==Substantivo==
'''Qubris''', {{gramática|pr}}
# {{escopo|ku|País}} [[Chipre]]
==={{-varort-}}===
* [[Kîpros]]
===Sinônimo===
* [[Komara Kîprosê]]
==Ver também==
===No Wikcionário===
{{Ásia/ku}}
[[Categoria:Substantivo (Curdo)]]
[[Categoria:Entrada com imagem (Curdo)]]</text>
<sha1>hzv95twr289avi3eqq2cq6snwsrbg2i</sha1>
</revision>
</page>
