<page>
<page>
<title>r</title>
<ns>0</ns>
<id>33713</id>
<revision>
<id>2680066</id>
<parentid>2498247</parentid>
<timestamp>2022-06-13T13:10:12Z</timestamp>
<contributor>
<username>Wilhelm Seifer</username>
<id>85860</id>
</contributor>
<model>wikitext</model>
<format>text/x-wiki</format>
<text bytes="357" xml:space="preserve">{{caracteres info|hex=0072|nome=LATIN SMALL LETTER R|anterior=q|próximo=s}}
={{-pt-}}=
==Substantivo==
'''r''' (erre)
# décima oitava letra do [[alfabeto]] [[português]], sucede ao [[q]] e precede o [[s]]
==Ver também==
===No Wikcionário===
* [[rr]]
{{Alfabeto Latino}}
[[Categoria:Substantivo (Português)]]
[[Categoria:Sistema de escrita latino]]</text>
<sha1>ixq3jrl6akb45ynuphnb3m8a0knu4ao</sha1>
</revision>
