<page>
<page>
<title>raadjóm</title>
<ns>0</ns>
<id>287327</id>
<revision>
<id>2397400</id>
<parentid>2211154</parentid>
<timestamp>2017-05-13T11:25:49Z</timestamp>
<contributor>
<username>HydrizBot</username>
<id>29590</id>
</contributor>
<minor />
<comment>Robô: A limpar links interwikis antigos</comment>
<model>wikitext</model>
<format>text/x-wiki</format>
<text bytes="322" xml:space="preserve">={{-li-}}=
==Substantivo==
{{elementos|Ra|fransjóm|Fr|aktienjóm|Ac}}
'''raadjóm''', {{g|n}}
# {{escopo|li|Elemento químico}} [[rádio]]
==={{pronúncia|li}}===
* [[AFI]]: {{AFI|/ˈraːɟom/}} {{escopo2|Etsbergs}}
==Ver também==
===No Wikcionário===
{{tabela periódica/li}}
[[Categoria:Substantivo (Limburguês)]]</text>
<sha1>oc284oo4az3zjdz33df9iy1zj3z9pnh</sha1>
</revision>
