<page>
<page>
<title>raadon</title>
<ns>0</ns>
<id>389677</id>
<revision>
<id>2474578</id>
<timestamp>2018-01-05T20:25:05Z</timestamp>
<contributor>
<username>ValJor</username>
<id>1358</id>
</contributor>
<comment>Criação do verbete a partir da [[Especial:Páginas_pedidas|lista de palavras pedidas]]</comment>
<model>wikitext</model>
<format>text/x-wiki</format>
<text bytes="319" xml:space="preserve">{{Wikipédia|lang=gv}}
={{-gv-}}=
==Substantivo==
{{elementos|Rn|astatçheen|At|frankium|Fr}}
'''raadon'''
# {{escopo|gv|Química}} {{PEPB|[[radão]]|[[radônio]]|inline=1}}
==Ver também==
===No Wikcionário===
{{tabela periódica/gv}}
[[Categoria:Substantivo (Manquês)]]
[[Categoria:Elemento químico (Manquês)]]</text>
<sha1>bz2axihlrfzi2yagfq1hbit5v81s9rm</sha1>
</revision>
