<page>
<title>raan</title>
<ns>0</ns>
<id>5145</id>
<revision>
<id>2397402</id>
<parentid>2167216</parentid>
<timestamp>2017-05-13T11:25:56Z</timestamp>
<contributor>
<username>HydrizBot</username>
<id>29590</id>
</contributor>
<minor />
<comment>Robô: A limpar links interwikis antigos</comment>
<model>wikitext</model>
<format>text/x-wiki</format>
<text bytes="121" xml:space="preserve">={{-tet-}}=
==Substantivo==
'''raan'''  
# [[sangue]]
[[Categoria:Substantivo (Tétum)]]
[[Categoria:Biologia (Tétum)]]</text>
<sha1>jigobd65bdmb4dg0cqsysadi7wizeyw</sha1>
</revision>
</page>
