<page>
<page>
<title>raapeti</title>
<ns>0</ns>
<id>233126</id>
<redirect title="rāpeti" />
<revision>
<id>1258416</id>
<parentid>907848</parentid>
<timestamp>2011-10-18T07:22:22Z</timestamp>
<contributor>
<ip>50.12.144.17</ip>
</contributor>
<comment>redirecionando (título incorreto)</comment>
<model>wikitext</model>
<format>text/x-wiki</format>
<text bytes="29" xml:space="preserve">#REDIRECIONAMENTO [[rāpeti]]</text>
<sha1>413xzusesoftrr6z8jeimn2m5xgbsw2</sha1>
</revision>
