<page>
<title>Rab</title>
<ns>0</ns>
<id>61062</id>
<revision>
<id>2277505</id>
<parentid>2111067</parentid>
<timestamp>2017-04-27T00:12:47Z</timestamp>
<contributor>
<username>HydrizBot</username>
<id>29590</id>
</contributor>
<minor />
<comment>Robô: A limpar links interwikis antigos</comment>
<model>wikitext</model>
<format>text/x-wiki</format>
<text bytes="310" xml:space="preserve">={{-tr-}}=
==Substantivo==
'''Rab''' 
:# [[Deus]]
:# [[Alá]]
:# o [[Senhor]]
===Sinônimos===
* [[Allah]]
* [[Tanrı]]
* [[Hüda]]
* [[Mevla]]
==Outros Verbetes==
* [[ilah]]
* [[tanrı]]
* [[tanrıbilim]]
* [[tanrısal]]
* [[tanrısız]]
[[Categoria:Substantivo (Turco)]]
[[Categoria:Religião (Turco)]]</text>
<sha1>455qhpp1g979lv2gm5d9ezs81e4q2qe</sha1>
</revision>
</page>
