<page>
<page>
<title>rabaceiro</title>
<ns>0</ns>
<id>267423</id>
<revision>
<id>2511592</id>
<parentid>1187589</parentid>
<timestamp>2018-07-18T06:31:18Z</timestamp>
<contributor>
<username>Askekamo</username>
<id>60711</id>
</contributor>
<model>wikitext</model>
<format>text/x-wiki</format>
<text bytes="404" xml:space="preserve">={{-pt-}}=
==Adjetivo==
{{flex.pt|ms=rabaceiro|mp=rabaceiros|fs=rabaceira|fp=rabaceiras}}
{{paroxítona|ra|ba|cei|ro}}, {{gramática|m}}
# que tem apetite, que gosta muito de fruta ou [[hortaliça]]s
==Ver também==
===No Wikcionário===
{{verTambém.Ini}}
* [[rabaça]]
{{verTambém.NovaColuna}}
* [[rabiça]]
{{verTambém.NovaColuna}}
* [[rapa]]
{{verTambém.Fim}}
[[Categoria:Adjetivo (Português)]]</text>
<sha1>6527mrexw32ink03liwdip3b7k4oxyu</sha1>
</revision>
