<page>
<page>
<title>rabato</title>
<ns>0</ns>
<id>366011</id>
<revision>
<id>2397406</id>
<parentid>2205790</parentid>
<timestamp>2017-05-13T11:26:06Z</timestamp>
<contributor>
<username>HydrizBot</username>
<id>29590</id>
</contributor>
<minor />
<comment>Robô: A limpar links interwikis antigos</comment>
<model>wikitext</model>
<format>text/x-wiki</format>
<text bytes="853" xml:space="preserve">={{-eo-}}=
{{Wikipédia|Rabato (ekonomiko)|rabato|lang=eo}}
==Substantivo==
{{paroxítona|ra|ba|to|lang=eo}}
# [[desconto]], [[abatimento]] (preço)
===Declinação===
{{decl.eo.subst}}
===Verbetes derivados===
{{verTambém.Ini}}
* {{link opcional|rabati|eo}}
{{verTambém.NovaColuna}}
* {{link opcional|rabataĵo|eo}}
{{verTambém.Fim}}
=={{etimologia|eo}}==
{{llietimo|pl|rabat|eo}}
{{etimo.eo|rabat|-o}}
=={{pronúncia|eo}}==
* [[AFI]]: {{IPA|/ra.ˈba.tɔ/|lang=eo}}
{{categorias|{{nome categoria|eo}}|Substantivo}}
={{-io-}}=
==Substantivo==
{{paroxítona|ra|ba|to|lang=io}}
# [[desconto]], [[abatimento]] (preço)
===Declinação===
{{decl.io.subst|rabat}}
=={{etimologia|eo}}==
{{llietimo|eo|rabato|io}}
{{etimo.io|rabat|-o}}
=={{pronúncia|io}}==
* [[AFI]]: {{IPA|/ra.ˈba.tɔ/|lang=io}}
{{categorias|{{nome categoria|io}}|Substantivo}}</text>
<sha1>g5k9924xot9sfszna8ay7jv4qqg02s3</sha1>
</revision>
