<page>
<page>
<title>rabalo</title>
<ns>0</ns>
<id>397254</id>
<revision>
<id>2507862</id>
<timestamp>2018-06-26T09:53:25Z</timestamp>
<contributor>
<username>Cpls</username>
<id>20608</id>
</contributor>
<comment>[[Ajuda:Guia de edição/Menus e ferramentas/Sumário de edição|→]] nova página: ={{-gl-}}= ==Substantivo== {{flex.gl|ms=rabalo|mp=rabalos}} {{paroxítona|ra|ba|lo|lang=gl}}, {{g|m|lang=gl}}...</comment>
<model>wikitext</model>
<format>text/x-wiki</format>
<text bytes="378" xml:space="preserve">={{-gl-}}=
==Substantivo==
{{flex.gl|ms=rabalo|mp=rabalos}}
{{paroxítona|ra|ba|lo|lang=gl}}, {{g|m|lang=gl}}
# {{escopo|gl|Peixe}} [[robalo#{{pt}}|robalo]] (''[[species:Dicentrarchus labrax|Dicentrarchus labrax]]'')
===Sinónimos===
* Vide em: [[robalo#{{gl}}|robalo]]
=={{etimologia|gl}}==
: Confronte-se com ''[[gabala#{{gl}}|gabala]]''.
[[Categoria:Substantivo (Galego)]]</text>
<sha1>7ietkvtdthduz9inqbxhtb3kbmtahvy</sha1>
</revision>
