<page>
<page>
<title>rabas</title>
<ns>0</ns>
<id>386640</id>
<revision>
<id>2465645</id>
<timestamp>2017-12-01T15:32:43Z</timestamp>
<contributor>
<username>Imivorn</username>
<id>64513</id>
</contributor>
<comment>[[Ajuda:Guia de edição/Menus e ferramentas/Sumário de edição|→]] nova página: ={{-mwl-}}= ==Forma de substantivo== {{paroxítona|ra|bas|língua=mwl}} # plural de '''[[raba#{{mwl}}|raba]]'...</comment>
<model>wikitext</model>
<format>text/x-wiki</format>
<text bytes="159" xml:space="preserve">={{-mwl-}}=
==Forma de substantivo==
{{paroxítona|ra|bas|língua=mwl}}
# plural de '''[[raba#{{mwl}}|raba]]'''
[[Categoria:Forma de substantivo (Mirandês)]]</text>
<sha1>7s03kemb3oiqcvbo0u4dw1dselewues</sha1>
</revision>
