<page>
<title>rabanada</title>
<ns>0</ns>
<id>423707</id>
<revision>
<id>2616849</id>
<parentid>2588046</parentid>
<timestamp>2021-02-01T02:14:53Z</timestamp>
<contributor>
<username>MarxavBot</username>
<id>80155</id>
</contributor>
<minor />
<comment>AFI Portugal</comment>
<model>wikitext</model>
<format>text/x-wiki</format>
<text bytes="613" xml:space="preserve">={{-pt-}}=
==Substantivo==
{{flex.pt|fs=rabanada|fp=rabanadas}}
{{paroxítona|ra|ba|na|da}}, {{gramática|f}}
# {{escopo|pt|Alimentação}} fatia de pão embebida em leite e ovo, frita e coberta de açúcar e canela
# golpe com o rabo ou cauda
#* '''1933''', [[w:José Lins do Rego|José Lins do Rego]], Banguê:
#*: ''Passávamos por cima do balde do açude. Gritavam [[maracanã|maracanãs]] pelas [[baronesa|baronesas]]. De vez em quando uma [[curimatã]] espanava a água com uma '''rabanada'''.''
=={{pronúncia|pt}}==
===Portugal===
* AFI: {{AFI|/Rɐ.bɐ.ˈna.dɐ/}}
[[Categoria:Substantivo (Português)]]</text>
<sha1>h0xgzy00p2seuhwrpwwmth0yfglaucu</sha1>
</revision>
</page>
