<page>
<title>rabada</title>
<ns>0</ns>
<id>396194</id>
<revision>
<id>2503733</id>
<timestamp>2018-05-19T21:34:14Z</timestamp>
<contributor>
<username>Cpls</username>
<id>20608</id>
</contributor>
<comment>[[Ajuda:Guia de edição/Menus e ferramentas/Sumário de edição|→]] nova página: ={{-gl-}}= ==Substantivo== {{flex.gl|fs=rabada|fp=rabadas}} {{paroxítona|ra|ba|da|lang=gl}}, {{g|f|lang=gl}}...</comment>
<model>wikitext</model>
<format>text/x-wiki</format>
<text bytes="874" xml:space="preserve">={{-gl-}}=
==Substantivo==
{{flex.gl|fs=rabada|fp=rabadas}}
{{paroxítona|ra|ba|da|lang=gl}}, {{g|f|lang=gl}}
# extremo do [[rabo]]
# [[nadadeira]] caudal dos peixes; parte final da cauda de crustáceos como a lagosta
# no corte do [[peixe]], parte que leva a [[cauda]]
# no corte da [[carcaça]] de um animal de [[abate]], [[quarto traseiro]]
# {{escopo|gl|Peixe}} [[peixe-pescador]] (''[[species:Lophius piscatorius|Lophius piscatorius]]'')
# {{escopo|gl|Peixe}} [[peixe-pau-lira]] (''[[species:Callionymus lyra|Callionymus lyra]]'')
===Verbetes derivados===
* [[rabada-d'area#{{gl}}|rabada-d'area]]
* [[rabada-mulisca#{{gl}}|rabada-mulisca]]
* [[rabada-pequena#{{gl}}|rabada-pequena]]
=={{etimologia|gl}}==
: {{escopo|Morfologia}} De ''[[rabo#{{gl}}|rabo]]'' + ''[[-ado#{{gl}}|-ada]]''. Confronte-se com ''[[rebada#{{gl}}|rebada]]''.
[[Categoria:Substantivo (Galego)]]</text>
<sha1>940s73smn3z4r0jpv2f7kqut8b0xdgt</sha1>
</revision>
</page>
