<page>
<title>rabadilha</title>
<ns>0</ns>
<id>222031</id>
<revision>
<id>1491413</id>
<parentid>1209331</parentid>
<timestamp>2012-10-22T01:41:24Z</timestamp>
<contributor>
<username>VJBot</username>
<id>33673</id>
</contributor>
<minor />
<comment>Robô: Substituição de texto automática  (-{{wikipedia}} +{{Wikipédia}})</comment>
<model>wikitext</model>
<format>text/x-wiki</format>
<text bytes="305" xml:space="preserve">{{Wikipédia}}
={{-pt-}}=
==Substantivo==
{{flex.pt|fs=rabadilha|fp=rabadilhas}}
{{paroxítona|ra|ba|di|lha}}
# [[nádegas]], [[traseiro]]; [[assento]]; [[rabo]]
===Sinônimo===
* [[rabadela]]
=={{etimologia|pt}}==
: {{escopo|Morfologia}} [[rabada]] + [[-ilha]].
[[Categoria:Substantivo (Português)]]</text>
<sha1>8yk8nt2i006k298w3q867u57ejjtca5</sha1>
</revision>
</page>
