<page>
<page>
<title>rabaneti</title>
<ns>0</ns>
<id>11350</id>
<revision>
<id>1325904</id>
<parentid>1092870</parentid>
<timestamp>2011-12-08T01:01:31Z</timestamp>
<contributor>
<username>MalafayaBot</username>
<id>628</id>
</contributor>
<minor />
<comment>Robô: Substituição de texto automática (-^\=(\s*?)(\{\{kea\}\}|Cabo\-?verdiano)(\s*?)\= +={{-kea-}}=)</comment>
<model>wikitext</model>
<format>text/x-wiki</format>
<text bytes="100" xml:space="preserve">={{-kea-}}=
==Substantivo==
'''rabaneti'''
# [[rabanete]]
[[Categoria:Substantivo (Cabo-verdiano)]]</text>
<sha1>exmlkf9c2nt1qmb4p2eremojf8uox78</sha1>
</revision>
