<page>
<page>
<title>Rabana</title>
<ns>0</ns>
<id>422112</id>
<revision>
<id>2581550</id>
<timestamp>2020-03-11T21:08:36Z</timestamp>
<contributor>
<username>Cpls</username>
<id>20608</id>
</contributor>
<comment>[[Ajuda:Guia de edição/Menus e ferramentas/Sumário de edição|→]] nova página: ={{-gl-}}= ==Substantivo== {{flex.gl|fs=Rabana|fp=Rabanas}} {{paroxítona|Ra|ba|na|lang=gl}}, {{gramática|pr...</comment>
<model>wikitext</model>
<format>text/x-wiki</format>
<text bytes="225" xml:space="preserve">={{-gl-}}=
==Substantivo==
{{flex.gl|fs=Rabana|fp=Rabanas}}
{{paroxítona|Ra|ba|na|lang=gl}}, {{gramática|pr|f}}
# {{escopo|gl|Religião|Popular|Cronónimo}} segunda semana da [[Quaresma]]
[[Categoria:Substantivo (Galego)]]</text>
<sha1>mix4zca0jcr97mmxtpa0qjfsdagom1j</sha1>
</revision>
