<page>
<title>rabadela</title>
<ns>0</ns>
<id>246681</id>
<revision>
<id>1209330</id>
<parentid>935132</parentid>
<timestamp>2011-07-10T11:41:53Z</timestamp>
<contributor>
<username>MalafayaBot</username>
<id>628</id>
</contributor>
<minor />
<comment>Robô: Substituição de texto automática (-^\=\s?Português\s?\= +={{-pt-}}= &amp; -^\=\s?\{\{pt\}\}\s?\= +={{-pt-}}=)</comment>
<model>wikitext</model>
<format>text/x-wiki</format>
<text bytes="298" xml:space="preserve">={{-pt-}}=
==Substantivo==
{{flex.pt|fs=rabadela|fp=rabadelas}}
{{paroxítona|ra|ba|de|la}}
# parte traseira de certos animais
===Sinônimo===
* [[rabadilha]]
=={{etimologia|pt}}==
: {{escopo|Morfologia}} [[rabada]] + [[-ela]].
==Anagrama==
# [[labareda]]
[[Categoria:Substantivo (Português)]]</text>
<sha1>3glbi22xjg1rkue35065i0tttjdmvrw</sha1>
</revision>
</page>
