<page>
<title>rabanceira</title>
<ns>0</ns>
<id>391501</id>
<revision>
<id>2479118</id>
<timestamp>2018-01-20T14:13:38Z</timestamp>
<contributor>
<username>Cpls</username>
<id>20608</id>
</contributor>
<comment>[[Ajuda:Guia de edição/Menus e ferramentas/Sumário de edição|→]] nova página: ={{-pt-}}= ==Substantivo== {{flex.pt|fs=rabanceira|fp=rabanceiras}} {{paroxítona|ra|ban|cei|ra}}, {{g|f}} #...</comment>
<model>wikitext</model>
<format>text/x-wiki</format>
<text bytes="247" xml:space="preserve">={{-pt-}}=
==Substantivo==
{{flex.pt|fs=rabanceira|fp=rabanceiras}}
{{paroxítona|ra|ban|cei|ra}}, {{g|f}}
# {{escopo|pt|Trás-os-Montes}} [[precipício]]
=={{etimologia|pt}}==
: Variante de [[ribanceira]].
[[Categoria:Substantivo (Português)]]</text>
<sha1>4hdqb9kp6d6cgynnknht37tfd1um93o</sha1>
</revision>
</page>
