<page>
<title>rabanetes</title>
<ns>0</ns>
<id>386641</id>
<revision>
<id>2465651</id>
<timestamp>2017-12-01T15:39:05Z</timestamp>
<contributor>
<username>Imivorn</username>
<id>64513</id>
</contributor>
<comment>[[Ajuda:Guia de edição/Menus e ferramentas/Sumário de edição|→]] nova página: ={{-mwl-}}= ==Forma de substantivo== {{paroxítona|ra|ba|ne|tes|língua=mwl}} # plural de '''rabanete#{{mwl...</comment>
<model>wikitext</model>
<format>text/x-wiki</format>
<text bytes="173" xml:space="preserve">={{-mwl-}}=
==Forma de substantivo==
{{paroxítona|ra|ba|ne|tes|língua=mwl}}
# plural de '''[[rabanete#{{mwl}}|rabanete]]'''
[[Categoria:Forma de substantivo (Mirandês)]]</text>
<sha1>1h6014byiemxoj15ox38g86c4ayrroo</sha1>
</revision>
</page>
