<page>
<title>rabarbari</title>
<ns>0</ns>
<id>94610</id>
<revision>
<id>2397404</id>
<parentid>1593947</parentid>
<timestamp>2017-05-13T11:26:01Z</timestamp>
<contributor>
<username>HydrizBot</username>
<id>29590</id>
</contributor>
<minor />
<comment>Robô: A limpar links interwikis antigos</comment>
<model>wikitext</model>
<format>text/x-wiki</format>
<text bytes="410" xml:space="preserve">={{-is-}}=
== Substantivo ==
'''rabarbari''', ''masculino, fraco, grupo 1''
# [[ruibarbo]].
=== Declinação ===
{{decl.is.subst.fraca.masc.1.a~ö|rabarb|r}}
== Etimologia ==
: Do Dinamarquês, ''[[rabarber#{{da}}|rabarber]]'' (''&quot;ruibarbo&quot;'').
[[Categoria:Substantivo (Islandês)]]
[[Categoria:Alimentação (Islandês)]]
[[Categoria:Botânica (Islandês)]]
[[Categoria:Entrada com etimologia (Islandês)]]</text>
<sha1>kusdnqtycl3v5ycrh547kjr8j7z68lg</sha1>
</revision>
</page>
