<page>
<title>rabbíni</title>
<ns>0</ns>
<id>94221</id>
<revision>
<id>2397408</id>
<parentid>1789621</parentid>
<timestamp>2017-05-13T11:26:15Z</timestamp>
<contributor>
<username>HydrizBot</username>
<id>29590</id>
</contributor>
<minor />
<comment>Robô: A limpar links interwikis antigos</comment>
<model>wikitext</model>
<format>text/x-wiki</format>
<text bytes="373" xml:space="preserve">={{-is-}}=
== Substantivo ==
'''rabbíni''', ''masculino, fraco, grupo 1''
# [[rabino]].
=== Declinação ===
{{decl.is.subst.fraca.masc.1|rabbín}}
== Etimologia ==
: Do Hebraico, ''[[רבי#{{he}}|rabbī]]''.
[[Categoria:Substantivo (Islandês)]]
[[Categoria:Religião (Islandês)]]
[[Categoria:Profissão (Islandês)]]
[[Categoria:Entrada com etimologia (Islandês)]]</text>
<sha1>o9slubu6xo591cbbepi2w4hwgja6vq6</sha1>
</revision>
</page>
