<page>
<title>rabdomancias</title>
<ns>0</ns>
<id>430677</id>
<revision>
<id>2622820</id>
<timestamp>2021-02-06T20:00:37Z</timestamp>
<contributor>
<ip>2001:8A0:63A0:C101:E893:99A:7619:ABCB</ip>
</contributor>
<comment>[[Ajuda:Guia de edição/Menus e ferramentas/Sumário de edição|→]] nova página: ={{-pt-}}= ==Forma de substantivo== {{paroxítona|rab|do|man|ci|as}}, {{f}} # plural de [[rabdomancia]]  {{av...</comment>
<model>wikitext</model>
<format>text/x-wiki</format>
<text bytes="181" xml:space="preserve">={{-pt-}}=
==Forma de substantivo==
{{paroxítona|rab|do|man|ci|as}}, {{f}}
# plural de [[rabdomancia]]
{{avi-for-fle|rabdomancia}}
[[Categoria:Forma de substantivo (Português)]]</text>
<sha1>mxan8ufgikhmphotaqlt2rc2bkily52</sha1>
</revision>
</page>
