<page>
<title>rabeta</title>
<ns>0</ns>
<id>112524</id>
<revision>
<id>2540665</id>
<parentid>2540649</parentid>
<timestamp>2019-03-31T20:22:02Z</timestamp>
<contributor>
<username>ValJor</username>
<id>1358</id>
</contributor>
<comment>Desfazendo vandalismos múltiplos no braço</comment>
<model>wikitext</model>
<format>text/x-wiki</format>
<text bytes="728" xml:space="preserve">={{-pt-}}=
==Adjetivo==
{{paroxítona|ra|be|ta}}
# diz-se de uma espécie de formiga muito pequena
==Substantivo==
{{flex.pt|ms=rabeta|mp=rabetas}}
{{paroxítona|ra|be|ta}}, {{gramática|m}}
# o mesmo que [[alvéloa]]
# rapariga esperta
# charuto reles
# {{escopo|pt|Portugal|Pejorativo|Calão}} [[homossexual]] [[masculino]]
# certa [[ave]] também chamada de [[rabirruivo]]
==Ver também==
===No Wikcionário===
* [[maricas]]
==Ligações externas==
* {{Aulete}}
* {{DicioAberto}}
* {{DPLP}}
* {{Infopédia}}
* {{PLP}}
* {{VOLPABL}}
==Anagramas==
# [[abater]]
# [[aberta]]
# [[bareta]]
# [[batear]]
# [[batera]]
# [[baterá]]
# [[betara]]
# [[rebata]]
[[Categoria:Substantivo (Português)]]
[[Categoria:Ave (Português)]]</text>
<sha1>hhu3nmegl5l62eet8tpr61ripdv4wxn</sha1>
</revision>
</page>
