<page>
<title>rabelo</title>
<ns>0</ns>
<id>359265</id>
<revision>
<id>2397412</id>
<parentid>2134460</parentid>
<timestamp>2017-05-13T11:26:24Z</timestamp>
<contributor>
<username>HydrizBot</username>
<id>29590</id>
</contributor>
<minor />
<comment>Robô: A limpar links interwikis antigos</comment>
<model>wikitext</model>
<format>text/x-wiki</format>
<text bytes="714" xml:space="preserve">={{-gl-}}=
==Adjetivo==
{{flex.gl|ms=rabelo|mp=rabelos|fs=rabela|fp=rabelas}}
{{paroxítona|ra|be|lo|lang=gl}}
# com o rabo cortado, sem [[rabo]]
# [[pequeno]], [[curto]]
# [[derradeiro]], último da série
# [[retorcido]] na ação ou no pensamento, de más intenções
==Substantivo==
{{flex.gl|ms=rabelo|mp=rabelos}}
{{paroxítona|ra|be|lo|lang=gl}}, {{m}}
# [[sátiro]], fauno
# lugar por onde é segurado o [[arado]], [[rabiça]]
# {{escopoCat|Música|gl}} [[rabela]]
===Sinónimos===
: '''De 1 (fauno):'''
{{dividir em colunas|2}}
* [[marelo#Galego|marelo]]
* [[rabeno#Galego|rabeno]]
{{dividir em colunas.fim}}
=={{etimologia|gl}}==
: {{escopo|Morfologia}} De [[rabo]].
[[Categoria:Substantivo (Galego)]]</text>
<sha1>3v99gva46afnfv497gccrsjb56j1i4q</sha1>
</revision>
</page>
