<page>
<page>
<title>rabela</title>
<ns>0</ns>
<id>43712</id>
<revision>
<id>1231106</id>
<parentid>166734</parentid>
<timestamp>2011-07-22T13:33:37Z</timestamp>
<contributor>
<username>ValJor</username>
<id>1358</id>
</contributor>
<comment>Eliminando um verbete da [[Especial:Redireccionamentos|lista de redirecionamentos]]</comment>
<model>wikitext</model>
<format>text/x-wiki</format>
<text bytes="426" xml:space="preserve">={{-pt-}}=
==Substantivo==
{{flex.pt|fs=rabela|fp=rabelas}}
{{paroxítona|ra|be|la}}
# [[instrumento]] [[musical]] de [[quatro]] [[corda]]s, musicalidade fanhosa e tocado com arco
===Sinônimos===
{{verTambém.Ini}}
* [[rabeca]]
{{verTambém.NovaColuna}}
* [[rabeca chuleira]]
{{verTambém.NovaColuna}}
* [[ramaldeira]]
{{verTambém.Fim}}
[[Categoria:Substantivo (Português)]]
[[Categoria:Instrumento musical (Português)]]</text>
<sha1>ehgjdsqf40auwo8juuq43gdfx1l7lld</sha1>
</revision>
