<page>
<title>rabear</title>
<ns>0</ns>
<id>313425</id>
<revision>
<id>2601091</id>
<parentid>2397409</parentid>
<timestamp>2020-11-04T13:19:43Z</timestamp>
<contributor>
<username>ValJor</username>
<id>1358</id>
</contributor>
<comment>Acrescentando código de língua à [[:Categoria:!Página com mensagem de erro em predefinição|predefinição escopo]]</comment>
<model>wikitext</model>
<format>text/x-wiki</format>
<text bytes="837" xml:space="preserve">={{-pt-}}=
==Verbo&lt;sup&gt;1&lt;/sup&gt;==
{{oxítona|ra|be|ar}}
# [[mover]] o [[rabo]]
===Conjugação===
{{conj/pt|rab|ear}}
==={{etimologia|pt}}===
: {{escopo|Morfologia}} [[rabo]] + [[-ear]].
==Verbo&lt;sup&gt;2&lt;/sup&gt;==
{{oxítona|ra|be|ar}}
# {{escopo|pt|Trás-os-Montes}} [[sofrer]]
==={{etimologia|pt}}===
{{llietimo|la|rabea|pt|raiva}}
==Ligações externas==
* {{Aulete}}
* {{Michaelis}}
* {{DicioAberto}}
* {{DPLP}}
* {{Infopédia}}
* {{PLP}}
* {{VOLPABL}}
==Anagrama==
&lt;!-- índice para anagramas: pt: aaberr --&gt;
# [[reabra]]
[[Categoria:Verbo (Português)]]
={{-gl-}}=
==Verbo==
{{oxítona|lang=gl|ra|be|ar}}
# [[raivar]], enraivar, encolerizar 
# [[rabear#Português|rabear]], [[sofrer]], sofrer de dor
===Expressões===
# '''''rabear por''''', desejar ardentemente
#* ''&quot;'''Rabeia por''' se casar&quot;''
[[Categoria:Verbo (Galego)]]</text>
<sha1>tmj7vn1zcl596qkrfdbu47mos2idbi3</sha1>
</revision>
</page>
