<page>
<title>rabecos</title>
<ns>0</ns>
<id>297785</id>
<revision>
<id>1460370</id>
<timestamp>2012-09-10T10:04:28Z</timestamp>
<contributor>
<username>ValJor</username>
<id>1358</id>
</contributor>
<comment>Eliminando um verbete da [[Wikcionário:Listas de verbetes com problemas|lista de &quot;pseudo-não-órfãos&quot;]]: [[rabeco]]</comment>
<model>wikitext</model>
<format>text/x-wiki</format>
<text bytes="157" xml:space="preserve">={{-pt-}}=
==Forma de substantivo==
{{paroxítona|ra|be|cos}}
# plural de [[rabeco]]
{{avi-for-fle|rabeco}}
[[Categoria:Forma de substantivo (Português)]]</text>
<sha1>6kmpv1b4nabdom4qknnp3ysct0i2mqx</sha1>
</revision>
</page>
