<page>
<title>rabejar</title>
<ns>0</ns>
<id>331930</id>
<revision>
<id>2683845</id>
<parentid>2683842</parentid>
<timestamp>2022-07-16T18:38:31Z</timestamp>
<contributor>
<username>Cpls</username>
<id>20608</id>
</contributor>
<comment>/* {{-gl-}} */</comment>
<model>wikitext</model>
<format>text/x-wiki</format>
<text bytes="2710" xml:space="preserve">={{-pt-}}=
==Verbo==
{{oxítona|ra|be|jar}}, {{gramática|vi}}
# [[arrastar]] a cauda, o rabo do [[vestido]] pelo chão
{{oxítona|ra|be|jar}}, {{gramática|vt}}
# {{cont|2}} nas [[tourada]]s, pegar pelo [[rabo]] no [[touro]]
===Conjugação===
{{conj/pt|rabej|ar}}
=={{etimologia|pt}}==
: {{escopo|Morfologia}} Derivada de [[rabo]] + [[-ejar]].
==Ligações externas==
* {{Aulete}}
* {{Michaelis}}
* {{DicioAberto}}
* {{DPLP}}
* {{Infopédia}}
* {{PLP}}
* {{VOLPABL}}
[[Categoria:Verbo (Português)]]
={{-ca-}}=
==Verbo==
{{oxítona|ra|be|jar|lang=ca}}
# [[molhar]] em água que corre
# [[remolhar]], [[molhar]], ensopar
# [[remexer]]
# [[sacudir]]
# [[banhar]]-se numa corrente de água
# {{escopo|ca|Figurado}} achar [[satisfação]] em algo, comprazer, [[deleitar]]
=={{etimologia|ca}}==
: {{escopo|Morfologia}} Possível [[metátese]] do [[catalão]] ''[[barrejar#Catalão|barrejar]]'', ([[misturar]]).
[[Categoria:Verbo (Catalão)]]
={{-gl-}}=
==Verbo&lt;sup&gt;1&lt;/sup&gt;==
{{oxítona|ra|be|jar|lang=gl}}, {{gramática|vi}}
# [[rabear]], mover o [[rabo]]
# [[brincar]] as [[criança]]s, enredar alegremente, ocupar-se em algo de suposto pouco proveito
# [[roussar]] o carro de bois pela [[cabeçalha]]
# [[virar]] o [[arado]] ao final do suco pela cabeçalha para não invadir, pisar a propriedade lindante
# [[rabejar#Português|rabejar]], pegar no rabo do touro
# ocupar-se de pequenos trabalhos; passar o tempo em labores sem importância ou de aparente nula utilidade
==={{PEPB|Sinónimos|Sinônimos|inline=1}}===
* De '''3''': [[arroussar#{{gl}}|arroussar]], [[recantiar#{{gl}}|recantiar]], [[recarear#{{gl}}|recarear]], [[recotear#{{gl}}|recotear]], [[roussar#{{gl}}|roussar]]
==={{etimologia|gl}}===
: {{escopo|Morfologia}} Derivada de [[rabo]] + [[-ejar]].
==Verbo&lt;sup&gt;2&lt;/sup&gt;==
{{oxítona|ra|be|jar|lang=gl}}, ''intransitivo''
# [[castrar]] as [[colmeia]]s
==={{-varort-}}===
* [[rabechar#Galego|rabechar]]
==Verbo&lt;sup&gt;3&lt;/sup&gt;==
{{oxítona|ra|ve|jar|lang=gl}}, {{gramática|vi}}
# [[raivar]], ter [[raiva]]
==={{etimologia|gl}}===
: {{escopo|Morfologia}} De ''[[rábia#{{gl}}|rábia]] + ''[[-ejar#{{gl}}|-ejar]]''.
[[Categoria:Verbo (Galego)]]
={{-roa-gpm-}}=
==Verbo==
{{oxítona|ra|be|jar|lang=roa-gpm}}
# [[rabear]], dar-lhe ao [[rabo]]
=={{etimologia|roa-gpm}}==
: {{escopo|Morfologia}} De [[rabo]] + [[-ejar]]
[[Categoria:Verbo (Galego-Português Medieval)]]
={{-oc-}}=
==Verbo==
{{oxítona|ra|be|jar|lang=oc}}
# [[molhar]] algo em água que corre para [[lavar]]
# [[banhar]]-se, [[lavar]]-se numa corrente de água
=={{etimologia|oc}}==
: {{escopo|Morfologia}} Do [[occitano]] ''[[rabeg#Occitano|rabeg]]'', ([[rápido]] de um rio) + [[-ejar]]
[[Categoria:Verbo (Occitano)]]</text>
<sha1>d62aqwqf3i8uik9oauvhzkzlbtug7r8</sha1>
</revision>
</page>
