<page>
<title>rabeca</title>
<ns>0</ns>
<id>33942</id>
<revision>
<id>2690780</id>
<parentid>2610857</parentid>
<timestamp>2022-10-27T14:34:19Z</timestamp>
<contributor>
<username>InternetArchiveBot</username>
<id>81604</id>
</contributor>
<comment>Rescuing 1 sources and tagging 0 as dead.) #IABot (v2.0.9.2</comment>
<model>wikitext</model>
<format>text/x-wiki</format>
<text bytes="1812" xml:space="preserve">{{Wikipédia}}
={{-pt-}}=
==Substantivo==
{{flex.pt|fs=rabeca|fp=rabecas}}
{{paroxítona|ra|be|ca}}, {{gramática|f}}
# {{escopo|pt|Música}} antiga denominação do [[violino]]
# {{escopo|pt|Música|Brasileirismo}} [[instrumento]] [[musical]] de quatro [[corda]]s, [[musicalidade]] [[fanhoso|fanhosa]] e tocado com [[arco]]
# [[apoio]] para o [[braço]] ou o [[taco]] utilizado em algumas [[jogada]]s [[difícil|difíceis]] de [[bilhar]]
# {{escopo|pt|Esporte|Náutica}} [[tipo]] de [[vela]] latina
# [[utensílio]] de [[ferreiro]] para [[girar]] a [[broca]]
# {{escopo|pt|Música|popular}} [[violino popular]]
===Sinônimos===
De '''1''' (antiga denominação do violino):
* [[violino]]
De '''2''' (instrumento musical de quatro cordas):
* [[rabeca chuleira]]
* [[rabela]]
* [[ramaldeira]]
De '''3''' (apoio para o braço ou o taco):
* [[resto]]
* [[fancho]]
De '''4''' (tipo de vela latina):
* [[rebeca]]
De '''5''' (utensílio de ferreiro para girar a broca):
* [[sanfona]]
=={{etimologia|pt}}==
: Do {{etm|ar|pt}} ''rabãb'' pelo {{etm|fr|pt}} {{etimo|fr|rebec}} ou pelo {{etm|prv|pt}} {{etimo|prv|rebec}}
=={{pronúncia|pt}}==
===Portugal===
* AFI: {{AFI|/Rɐ.ˈbɛ.kɐ/}}
==Ver também==
===No Wikcionário===
* [[rabecada]]
* [[rabecão]]
===Na Wikipédia===
* [[w:bilhar|bilhar]]
* [[w:rabecão|rabecão]]
* [[w:Vela_%28n%C3%A1utica%29|vela náutica]]
===Ligações externas===
* [http://rabeca.org Rabeca.org]
* [http://attambur.com/Recolhas/Tocadores/documento_encontro_de_tocadores_Rabeca.htm Rabeca. Os instrumentos e os seus tocadores.]
* [https://web.archive.org/web/20050212162036/http://www.pedexumbo.com/tocadores/instrumentos/rabeca/Rabeca.pdf#search=%22rabeca%20voluta%22 Rabeca voluta, em pdf]
[[Categoria:Substantivo (Português)]]
[[Categoria:Instrumento musical (Português)]]</text>
<sha1>62to93cnkwe71i6nw5qmz9jhnjruxb2</sha1>
</revision>
</page>
