<page>
<title>Rabe</title>
<ns>0</ns>
<id>13336</id>
<revision>
<id>2451924</id>
<parentid>2451607</parentid>
<timestamp>2017-09-24T05:10:10Z</timestamp>
<contributor>
<username>Spanier</username>
<id>43713</id>
</contributor>
<comment>/* Declinação */</comment>
<model>wikitext</model>
<format>text/x-wiki</format>
<text bytes="375" xml:space="preserve">={{-de-}}=
== Substantivo ==
{{paroxítona|Ra|be|lang=de}}, {{m}}
# {{escopo|de|ave}} [[corvo]]
=== Declinação ===
{{decl.de.subst.fraca.masc|ns=Rabe|np=Raben}}
=={{etimologia|de}}==
: Do [[alto alemão antigo]] ''[[raban#{{goh}}|raban]]''.
=={{pronúncia|de}}==
* [[AFI]]: {{AFI|/ˈraːbə/|de]}} {{audio|De-Rabe.ogg|ouvir|lang=de}}
[[Categoria:Substantivo (Alemão)]]</text>
<sha1>d0521qs9xhz76oqf2wsaybimzmu0wwz</sha1>
</revision>
</page>
