<page>
<title>rabechar</title>
<ns>0</ns>
<id>331969</id>
<revision>
<id>1910460</id>
<parentid>1910456</parentid>
<timestamp>2015-04-08T15:27:07Z</timestamp>
<contributor>
<username>Cpls</username>
<id>20608</id>
</contributor>
<comment>/* Ver também */</comment>
<model>wikitext</model>
<format>text/x-wiki</format>
<text bytes="741" xml:space="preserve">={{-gl-}}=
==Verbo&lt;sup&gt;1&lt;/sup&gt;==
{{oxítona|ra|be|char|lang=gl}}, ''transitivo''
# [[cortar]] o rabo
# [[cortar]] as saliências
# [[castrar]] o mel das colmeias
# sair brincando o animal, dar-lhe ao [[rabo]]
===Variante===
: '''De 3:'''
* [[rabejar#Galego|rabejar]]
==={{etimologia|gl}}===
: {{escopo|Morfologia}} Derivada de [[rabo]] + [[-echar]].
==Verbo&lt;sup&gt;2&lt;/sup&gt;==
{{oxítona|ra|be|char|lang=gl}}, ''intransitivo''
# [[sentir]] uma [[irritação]], um enfado súbito
# sentir um [[arrebato]]
==={{etimologia|gl}}===
: Do galego ''[[rabecha#Galego|rabecha]]'' + [[-ar]].
==Ver também==
===No Wikcionário===
{{verTambém.Ini}}
* [[rabear]]
{{verTambém.NovaColuna}}
* [[robechar]]
{{verTambém.Fim}}
[[Categoria:Verbo (Galego)]]</text>
<sha1>71e6725bjvnjyact5kr3mwgileaicrx</sha1>
</revision>
</page>
