<page>
<page>
<title>rabiscavam</title>
<ns>0</ns>
<id>170055</id>
<revision>
<id>1168374</id>
<parentid>701006</parentid>
<timestamp>2011-07-06T12:17:53Z</timestamp>
<contributor>
<username>MalafayaBot</username>
<id>628</id>
</contributor>
<minor />
<comment>Robô: Substituição de texto automática (-^\=\s?Português\s?\= +={{-pt-}}= &amp; -^\=\s?\{\{pt\}\}\s?\= +={{-pt-}}=)</comment>
<model>wikitext</model>
<format>text/x-wiki</format>
<text bytes="199" xml:space="preserve">={{-pt-}}=
==Forma verbal==
'''rabiscavam'''
#[[terceira pessoa]] do [[plural]] do [[pretérito imperfeito]] do [[modo indicativo]] do verbo '''[[rabiscar]]'''
[[Categoria:Forma verbal (Português)]]</text>
<sha1>qbbz15vp67ywfv5jsxcf5fuvwwzz9gb</sha1>
</revision>
