<page>
<page>
<title>rabiscávamos</title>
<ns>0</ns>
<id>164169</id>
<revision>
<id>1168377</id>
<parentid>678017</parentid>
<timestamp>2011-07-06T12:17:57Z</timestamp>
<contributor>
<username>MalafayaBot</username>
<id>628</id>
</contributor>
<minor />
<comment>Robô: Substituição de texto automática (-^\=\s?Português\s?\= +={{-pt-}}= &amp; -^\=\s?\{\{pt\}\}\s?\= +={{-pt-}}=)</comment>
<model>wikitext</model>
<format>text/x-wiki</format>
<text bytes="202" xml:space="preserve">={{-pt-}}=
==Forma verbal==
'''rabiscávamos'''
#[[primeira pessoa]] do [[plural]] do [[pretérito imperfeito]] do [[modo indicativo]] do verbo '''[[rabiscar]]'''
[[Categoria:Forma verbal (Português)]]</text>
<sha1>ks12mac18lgndznxqpnjcwimsp9c1gu</sha1>
</revision>
