<page>
<page>
<title>rabioso</title>
<ns>0</ns>
<id>369784</id>
<revision>
<id>2474208</id>
<parentid>2397422</parentid>
<timestamp>2018-01-03T19:47:36Z</timestamp>
<contributor>
<username>Imivorn</username>
<id>64513</id>
</contributor>
<model>wikitext</model>
<format>text/x-wiki</format>
<text bytes="1034" xml:space="preserve">={{-gl-}}=
==Adjetivo==
{{flex.gl|ms=rabioso|mp=rabiosos|fs=rabiosa|fp=rabiosas}}
{{paroxítona|ra|bi|o|so|lang=gl}}
# [[raivoso]], que tem raiva
==={{-varort-}}===
* [[rabeoso#{{gl}}|rabeoso]]
==Substantivo==
{{flex.gl|ms=rabioso|mp=rabiosos}}
{{paroxítona|ra|bi|o|so|lang=gl}}, {{g|m|lang=gl}}
# {{escopo|gl|Molusco}} [[pé-de-burrinho]], (''[[wikispecies:Chamelea gallina|Chamelea gallina]]'')
# {{escopo|gl|Molusco}} [[bivalve]] da espécie ''[[wikispecies:Glycineris violacescens|Glycineris violacescens]]''
# {{escopo|gl|Peixe}} [[trilha]], (''[[wikispecies:Trigla lyra|Trigla lyra]]'')
=={{etimologia|gl}}==
: Do latim {{etimo|la|rabies}}, de ''[[rábia#{{gl}}|rábia]]''.
[[Categoria:Substantivo (Galego)]]
={{-mwl-}}=
==Adjetivo==
{{flex.mwl|ms=rabioso|mp=rabiosos|fs=rabiosa|fp=rabiosas}}
{{paroxítona|ra|bi|o|so|língua=mwl}}, {{m}}
# [[raivoso]], [[zangado]]
===Sinónimo===
* [[raibado]]
==Ver também==
===No Wikcionário===
{{verTambém.Ini}}
* [[rábia]]
{{verTambém.Fim}}
[[Categoria:Adjetivo (Mirandês)]]</text>
<sha1>shv7fkc0voctyczi2jtb4ji6dfonabz</sha1>
</revision>
