<page>
<title>rabicho</title>
<ns>0</ns>
<id>73279</id>
<revision>
<id>2611424</id>
<parentid>2601065</parentid>
<timestamp>2021-01-31T08:24:43Z</timestamp>
<contributor>
<username>Marxav</username>
<id>73271</id>
</contributor>
<minor />
<comment>AFI Portugal</comment>
<model>wikitext</model>
<format>text/x-wiki</format>
<text bytes="718" xml:space="preserve">={{-pt-}}=
==Adjetivo==
{{flex.pt|ms=rabicho|mp=rabichos|fs=rabicha|fp=rabichas}}
{{paroxítona|ra|bi|cho}}
# diz-se do touro que não tem [[pelo]] na ponta da cauda
==Substantivo==
{{flex.pt|ms=rabicho|mp=rabichos}}
{{paroxítona|ra|bi|cho}}, {{gramática|m}}
# [[trança]] de [[cabelo]] [[pendente]] da [[nuca]]
# [[extremidade]]
# {{escopo|pt|Brasil}} amor, paixão, namoro
=={{pronúncia|pt}}==
===Portugal===
* AFI: {{AFI|/Rɐ.ˈbi.ʃu/}}
==Ligações externas==
* {{Aulete}}
* {{Michaelis}}
* {{DicioAberto}}
* {{DPLP}}
* {{Infopédia}}
* {{PLP}}
* {{VOLPABL}}
==Anagrama==
&lt;!-- índice para anagramas: pt: abchior --&gt;
# [[brochai]]
[[Categoria:Adjetivo (Português)]]
[[Categoria:Substantivo (Português)]]</text>
<sha1>olm9l5mblu2tejyg0hltc2ypy49gjb0</sha1>
</revision>
</page>
