<page>
<title>rabilonga</title>
<ns>0</ns>
<id>134683</id>
<revision>
<id>1190303</id>
<parentid>575303</parentid>
<timestamp>2011-07-08T18:57:42Z</timestamp>
<contributor>
<username>MalafayaBot</username>
<id>628</id>
</contributor>
<minor />
<comment>Robô: Substituição de texto automática (-^\=\s?Português\s?\= +={{-pt-}}= &amp; -^\=\s?\{\{pt\}\}\s?\= +={{-pt-}}=)</comment>
<model>wikitext</model>
<format>text/x-wiki</format>
<text bytes="152" xml:space="preserve">={{-pt-}}=
==Forma de adjetivo==
{{paroxítona|ra|bi|lon|ga}} {{f}}
#forma feminina de '''[[rabilongo]]'''
[[Categoria:Forma de adjetivo (Português)]]</text>
<sha1>n6tcltw9rfq5eydllvt8ylson4gkagi</sha1>
</revision>
</page>
