<page>
<title>rabirruivo</title>
<ns>0</ns>
<id>315183</id>
<revision>
<id>2601059</id>
<parentid>2397423</parentid>
<timestamp>2020-11-04T09:41:47Z</timestamp>
<contributor>
<username>ValJor</username>
<id>1358</id>
</contributor>
<comment>Acrescentando código de língua à [[:Categoria:!Página com mensagem de erro em predefinição|predefinição escopo]]</comment>
<model>wikitext</model>
<format>text/x-wiki</format>
<text bytes="391" xml:space="preserve">={{-pt-}}=
==Substantivo==
{{flex.pt|ms=rabirruivo|mp=rabirruivos}}
{{paroxítona|ra|bir|rui|vo}}, {{gramática|m}}
# {{escopo|pt|Ave}} o mesmo que [[rabeta]]
=={{etimologia|pt}}==
: {{escopo|Morfologia}} [[rabo]] + [[ruivo]].
==Ligações externas==
* {{Aulete}}
* {{Michaelis}}
* {{DicioAberto}}
* {{DPLP}}
* {{Infopédia}}
* {{PLP}}
* {{VOLPABL}}
[[Categoria:Substantivo (Português)]]</text>
<sha1>h648jn7kgzmqlzahmheirqjgy7y8l01</sha1>
</revision>
</page>
