<page>
<page>
<title>rabiscáveis</title>
<ns>0</ns>
<id>168613</id>
<revision>
<id>1168378</id>
<parentid>699062</parentid>
<timestamp>2011-07-06T12:17:58Z</timestamp>
<contributor>
<username>MalafayaBot</username>
<id>628</id>
</contributor>
<minor />
<comment>Robô: Substituição de texto automática (-^\=\s?Português\s?\= +={{-pt-}}= &amp; -^\=\s?\{\{pt\}\}\s?\= +={{-pt-}}=)</comment>
<model>wikitext</model>
<format>text/x-wiki</format>
<text bytes="200" xml:space="preserve">={{-pt-}}=
==Forma verbal==
'''rabiscáveis'''
#[[segunda pessoa]] do [[plural]] do [[pretérito imperfeito]] do [[modo indicativo]] do verbo '''[[rabiscar]]'''
[[Categoria:Forma verbal (Português)]]</text>
<sha1>0h4md0uanmuooc4ot00foyomka0jh6a</sha1>
</revision>
