<page>
<page>
<title>rabisca</title>
<ns>0</ns>
<id>119866</id>
<revision>
<id>2081356</id>
<parentid>1606788</parentid>
<timestamp>2016-04-03T21:27:05Z</timestamp>
<contributor>
<username>Defender</username>
<id>15952</id>
</contributor>
<comment>Um verbete a menos usando a [[Predefinição:flex.pt.feminino|predefinição flex.pt.feminino]]</comment>
<model>wikitext</model>
<format>text/x-wiki</format>
<text bytes="262" xml:space="preserve">={{-pt-}}=
==Substantivo==
{{flex.pt|fs=rabisca|fp=rabiscas}}
{{paroxítona|ra|bis|ca}}, {{gramática|f}}
# o mesmo que [[rabisco]]
===Sinônimo===
* [[gatafunhos]]
=={{etimologia|pt}}==
: De ''Arabisca'', de [[árabe]].
[[Categoria:Substantivo (Português)]]</text>
<sha1>mgb7ougz4ktyyzwz6qej6l73c181x9m</sha1>
</revision>
