<page>
<page>
<title>rabisto</title>
<ns>0</ns>
<id>366019</id>
<revision>
<id>2397427</id>
<parentid>2205792</parentid>
<timestamp>2017-05-13T11:27:20Z</timestamp>
<contributor>
<username>HydrizBot</username>
<id>29590</id>
</contributor>
<minor />
<comment>Robô: A limpar links interwikis antigos</comment>
<model>wikitext</model>
<format>text/x-wiki</format>
<text bytes="350" xml:space="preserve">={{-eo-}}=
{{Wikipédia|lang=eo}}
==Substantivo==
{{paroxítona|ra|bis|to|lang=eo}}
# [[ladrão]] (que rouba), [[salteador]]
===Declinação===
{{decl.eo.subst}}
=={{etimologia|eo}}==
:De {{etimo|eo|rabi|eo}}
{{etimo.eo|rab|-ist|-o}}
=={{pronúncia|eo}}==
* [[AFI]]: {{IPA|/ɾa.ˈbis.to/|lang=eo}}
{{categorias|{{nome categoria|eo}}|Substantivo}}</text>
<sha1>hcnb6gjk941edj6md3ky8z93la066ek</sha1>
</revision>
