<page>
<title>rabissaco</title>
<ns>0</ns>
<id>296611</id>
<revision>
<id>2479705</id>
<parentid>2439763</parentid>
<timestamp>2018-01-24T13:14:11Z</timestamp>
<contributor>
<username>Cpls</username>
<id>20608</id>
</contributor>
<comment>/* {{etimologia|pt}} */</comment>
<model>wikitext</model>
<format>text/x-wiki</format>
<text bytes="865" xml:space="preserve">[[Imagem:Genetta genetta felina (Wroclaw zoo).JPG|thumb|150px|right|&lt;center&gt;Rabissaco (geneta)&lt;/center&gt;]]
={{-pt-}}=
==Adjetivo==
{{flex.pt|ms=rabissaco|mp=rabissacos|fs=rabissaca|fp=rabissacas}}
{{paroxítona|ra|bis|sa|co}}
# {{escopo|pt|Galiza}} que não para [[quieto]] aparentando trabalhar, mas nada faz
==Substantivo==
{{flex.pt|ms=rabissaco|mp=rabissacos}}
{{paroxítona|ra|bis|sa|co}}, {{m}}
# {{escopo|pt|Galiza|Mamífero}} [[geneta]], mamífero carnívoro
# {{escopo|pt|Galiza|Mamífero}} mustelídeo [[fuinha]], [[gardunha]]
=={{etimologia|pt}}==
: {{escopo|Morfologia}} [[rabo]] + [[saco]]. Confronte-se com [[rebiassacos]].
==Ver também==
===No Wikcionário===
{{colunas|2}}
* [[rebiassacos]]
* [[sacarrabos]]
{{colunas/fim}}
[[Categoria:Adjetivo (Português)]]
[[Categoria:Substantivo (Português)]]
[[Categoria:Entrada com imagem (Português)]]</text>
<sha1>c4hehg82hh658zcqgtxflspmvhuzlel</sha1>
</revision>
</page>
