<page>
<page>
<title>rabina</title>
<ns>0</ns>
<id>352350</id>
<revision>
<id>2622818</id>
<parentid>2397418</parentid>
<timestamp>2021-02-06T19:02:09Z</timestamp>
<contributor>
<username>Jlvill</username>
<id>78237</id>
</contributor>
<model>wikitext</model>
<format>text/x-wiki</format>
<text bytes="198" xml:space="preserve">={{-pt-}}=
==Substantivo==
{{flex.pt|ms=rabino|mp=rabinos|fs=rabina|fp=rabinas|s=|p=}}
{{paroxítona|ra|bi|na}}, {{f}}
# forma feminina de [[rabino]]
[[Categoria:Forma de substantivo (Português)]]</text>
<sha1>htg7q3idjekibg1n8k2hqfe1164lwrt</sha1>
</revision>
