<page>
<title>rabiscamos</title>
<ns>0</ns>
<id>158465</id>
<revision>
<id>2490281</id>
<parentid>1168371</parentid>
<timestamp>2018-03-21T20:20:56Z</timestamp>
<contributor>
<username>ValJor</username>
<id>1358</id>
</contributor>
<comment>Acrescentando a predefinição avi-for-fle</comment>
<model>wikitext</model>
<format>text/x-wiki</format>
<text bytes="327" xml:space="preserve">={{-pt-}}=
==Forma verbal==
{{paroxítona|ra|bis|ca|mos}}
# primeira pessoa do plural do presente do modo indicativo do verbo [[rabiscar]]
# {{escopo2|grafia brasileira}} primeira pessoa do plural do pretérito perfeito do modo indicativo do verbo [[rabiscar]]
{{avi-for-fle|rabiscar}}
[[Categoria:Forma verbal (Português)]]</text>
<sha1>bhe3swmxzm57ywegyk0a898n6zo5pym</sha1>
</revision>
</page>
