<page>
<page>
<title>rabies</title>
<ns>0</ns>
<id>5502</id>
<revision>
<id>2397417</id>
<parentid>2249290</parentid>
<timestamp>2017-05-13T11:26:42Z</timestamp>
<contributor>
<username>HydrizBot</username>
<id>29590</id>
</contributor>
<minor />
<comment>Robô: A limpar links interwikis antigos</comment>
<model>wikitext</model>
<format>text/x-wiki</format>
<text bytes="602" xml:space="preserve">={{-es-}}=
==Forma verbal==
'''rabies'''
# flexão do verbo [[rabiar]]
[[Categoria:Forma verbal (Espanhol)]]
={{-en-}}=
{{Wikipédia|lang=en}}
==Substantivo==
'''rabies'''
# [[raiva]] (doença causada por [[vírus]] e que provoca [[encefalite]] em animais e seres humanos)
#* ''Louis Pasteur developed the first '''rabies''' vaccination in 1886.''
===Sinônimo===
* [[hydrophobia]]
=={{etimologia|en}}==
: Do latim ''rabiēs'' ([[raiva]]) e este do verbo ''[[rabio]]'' (estar zangado).
==Anagramas==
# [[braise]]
# [[Serbia]]
[[Categoria:Substantivo (Inglês)]]
[[Categoria:Patologia (Inglês)]]</text>
<sha1>se5ws74lcalsowm8sa5dh6h4a3wshzn</sha1>
</revision>
