<page>
<title>rabiscais</title>
<ns>0</ns>
<id>159876</id>
<revision>
<id>1168369</id>
<parentid>671293</parentid>
<timestamp>2011-07-06T12:17:48Z</timestamp>
<contributor>
<username>MalafayaBot</username>
<id>628</id>
</contributor>
<minor />
<comment>Robô: Substituição de texto automática (-^\=\s?Português\s?\= +={{-pt-}}= &amp; -^\=\s?\{\{pt\}\}\s?\= +={{-pt-}}=)</comment>
<model>wikitext</model>
<format>text/x-wiki</format>
<text bytes="184" xml:space="preserve">={{-pt-}}=
==Forma verbal==
'''rabiscais'''
#[[segunda pessoa]] do [[plural]] do [[presente]] do [[modo indicativo]] do verbo '''[[rabiscar]]'''
[[Categoria:Forma verbal (Português)]]</text>
<sha1>rvj4xdyaf7t1ujey0ug5461k8pwno1e</sha1>
</revision>
</page>
