<page>
<title>rabiscam</title>
<ns>0</ns>
<id>161422</id>
<revision>
<id>1168370</id>
<parentid>674549</parentid>
<timestamp>2011-07-06T12:17:49Z</timestamp>
<contributor>
<username>MalafayaBot</username>
<id>628</id>
</contributor>
<minor />
<comment>Robô: Substituição de texto automática (-^\=\s?Português\s?\= +={{-pt-}}= &amp; -^\=\s?\{\{pt\}\}\s?\= +={{-pt-}}=)</comment>
<model>wikitext</model>
<format>text/x-wiki</format>
<text bytes="184" xml:space="preserve">={{-pt-}}=
==Forma verbal==
'''rabiscam'''
#[[terceira pessoa]] do [[plural]] do [[presente]] do [[modo indicativo]] do verbo '''[[rabiscar]]'''
[[Categoria:Forma verbal (Português)]]</text>
<sha1>edqw9iv57cahaogjlmsztbwef6rs11d</sha1>
</revision>
</page>
