<page>
<title>rabio</title>
<ns>0</ns>
<id>337612</id>
<revision>
<id>2397420</id>
<parentid>2134475</parentid>
<timestamp>2017-05-13T11:27:02Z</timestamp>
<contributor>
<username>HydrizBot</username>
<id>29590</id>
</contributor>
<minor />
<comment>Robô: A limpar links interwikis antigos</comment>
<model>wikitext</model>
<format>text/x-wiki</format>
<text bytes="367" xml:space="preserve">={{-la-}}=
==Verbo==
''presente ativo'' '''rabio''', ''infinitivo presente'' '''[[rabere]]'''.
# [[estar]] [[zangado]], [[raivoso]].
===Conjugação===
* Terceira conjugação; sem pretérito perfeito nem supino.
==Pronúncia==
*[[AFI]]:  /ˈra.bi.oː/.
[[Categoria:Entrada com pronúncia (Latim)]]
[[Categoria:Verbo (Latim)]]
[[Categoria:Verbo sem afixos (Latim)]]</text>
<sha1>83kqok0r944dul1l5kzn45j9dqvh67i</sha1>
</revision>
</page>
