<page>
<title>rabigo</title>
<ns>0</ns>
<id>376146</id>
<revision>
<id>2680332</id>
<parentid>2254185</parentid>
<timestamp>2022-06-14T13:25:23Z</timestamp>
<contributor>
<username>ValJor</username>
<id>1358</id>
</contributor>
<comment>Melhorando a apresentação do verbete</comment>
<model>wikitext</model>
<format>text/x-wiki</format>
<text bytes="400" xml:space="preserve">={{-pt-}}=
==Substantivo==
{{paroxítona|ra|bi|go}}, {{gramática|m}}
# que de maneira recorrente mexe a [[cauda]]
==Ligações externas==
* {{Aulete}}
* {{Michaelis}}
* {{DicioAberto}}
* {{DLPO}}
* {{Infopédia}}
* {{PLP}}
* {{VOLPABL}}
==Anagramas==
&lt;!-- índice para anagramas: pt: abgior --&gt;
# [[abrigo]]
# [[bogari]]
# [[brigão]]
# [[gobira]]
# [[obriga]]
[[Categoria:Adjetivo (Português)]]</text>
<sha1>jgofttncn5fihlsebpabqpq8spafa22</sha1>
</revision>
</page>
