<page>
<page>
<title>rabiosa</title>
<ns>0</ns>
<id>369785</id>
<revision>
<id>2474211</id>
<parentid>2397421</parentid>
<timestamp>2018-01-03T19:48:51Z</timestamp>
<contributor>
<username>Imivorn</username>
<id>64513</id>
</contributor>
<model>wikitext</model>
<format>text/x-wiki</format>
<text bytes="683" xml:space="preserve">={{-gl-}}=
==Adjetivo==
{{flex.gl|ms=rabioso|mp=rabiosos|fs=rabiosa|fp=rabiosas}}
{{paroxítona|ra|bi|o|sa|lang=gl}}
# {{o/a|raivos}}, que tem raiva
==={{-varort-}}===
* [[rabeoso#{{gl}}|rabeosa]]
==Substantivo==
{{flex.gl|ms=rabiosa|mp=rabiosas}}
{{paroxítona|ra|bi|o|sa|lang=gl}}, {{g|m|lang=gl}}
# classe de [[maçã]] de pequeno tamanho e cor [[encarnado|encarnada]]
=={{etimologia|gl}}==
: {{escopo|Morfologia}} De ''[[rábia#{{gl}}|rábia]]'' + ''[[-oso#{{gl}}|-osa]]''.
[[Categoria:Substantivo (Galego)]]
={{-mwl-}}=
==Forma de adjetivo==
{{paroxítona|ra|bi|o|sa|língua=mwl}}
# feminino de '''[[rabioso#{{mwl}}|rabioso]]'''
[[Categoria:Forma de adjetivo (Mirandês)]]</text>
<sha1>8w064ta65pinvnl0ywbwmid82icu0a5</sha1>
</revision>
