<page>
<page>
<title>rabiscar</title>
<ns>0</ns>
<id>119800</id>
<revision>
<id>2619493</id>
<parentid>2397424</parentid>
<timestamp>2021-02-01T18:53:44Z</timestamp>
<contributor>
<username>MarxavBot</username>
<id>80155</id>
</contributor>
<minor />
<comment>AFI Portugal</comment>
<model>wikitext</model>
<format>text/x-wiki</format>
<text bytes="1067" xml:space="preserve">={{-pt-}}=
==Verbo==
{{oxítona|ra|bis|car}}
(transitivo direto e intransitivo)
#(transitivo direto e intransitivo) [[fazer]] rabiscos ([[risco]]) [[em]]; [[cobrir]] de rabiscos.
#:''A criança ficou horas rabiscando.''
#(transitivo direto) [[escrever]] ([[algo]]) de [[forma]] [[pouco]] ou [[nada]] [[legível]]; garatujar.
#:''Rabiscou na agenda os nomes dos convidados.''
#(transitivo direto) [[escrever]] [[rapidamente]]; escrevinhar.
#:''Ele rabiscou um recado.''
#(transitivo direto) [[dar]] [[forma]] [[escrita]] a ([[algo]]).
#:''Preenchia as horas insones rabiscando poemas.''
#(transitivo direto) [[desenhar]] ([[algo]]) de [[maneira]] [[tosco|tosca]]; garatujar.
#:'' Rabiscou numa folha as reformas que planejara para a cozinha.''
#(transitivo direto) [[fazer]] o [[desenho]] [[de]].
#:''Eu rabisco o Sol que a chuva apagou...''
===Conjugação===
{{conj/pt|rabis|car}}
=={{etimologia|pt}}==
* ''rabo'' + ''-iscar''.
==Sinônimos==
* [[arabescar]]
=={{pronúncia|pt}}==
===Portugal===
* AFI: {{AFI|/Rɐ.biʃ.ˈkaɾ/}}
[[Categoria:Verbo (Português)]]</text>
<sha1>gjy15lsccv3mngjfgbpqz0qzd07qtxb</sha1>
</revision>
