<page>
<page>
<title>rabiscámos</title>
<ns>0</ns>
<id>166895</id>
<revision>
<id>2035594</id>
<parentid>1970949</parentid>
<timestamp>2015-11-11T08:51:54Z</timestamp>
<contributor>
<username>ValJor</username>
<id>1358</id>
</contributor>
<comment>Acrescentando a predefinição avi-for-fle</comment>
<model>wikitext</model>
<format>text/x-wiki</format>
<text bytes="244" xml:space="preserve">{{grafiaPtpt|rabiscamos}}
={{-pt-}}=
==Forma verbal==
{{paroxítona|ra|bis|cá|mos}}
# primeira pessoa do plural do pretérito perfeito do modo indicativo do verbo [[rabiscar]]
{{avi-for-fle|rabiscar}}
[[Categoria:Forma verbal (Português)]]</text>
<sha1>m7vdfiwjx9pg8ntgvm9q4nwubtc7xmk</sha1>
</revision>
