<page>
<title>rabiça</title>
<ns>0</ns>
<id>266884</id>
<revision>
<id>2609536</id>
<parentid>2609535</parentid>
<timestamp>2021-01-27T13:39:28Z</timestamp>
<contributor>
<username>ValJor</username>
<id>1358</id>
</contributor>
<minor />
<comment>Revertidas edições por [[Especial:Contribuições/194.65.37.70|194.65.37.70]] para a última versão por [[Especial:Contribuições/ValJor|ValJor]]</comment>
<model>wikitext</model>
<format>text/x-wiki</format>
<text bytes="974" xml:space="preserve">={{-pt-}}=
==Substantivo==
{{flex.pt|fs=rabiça|fp=rabiças}}
{{paroxítona|ra|bi|ça}}, {{g|f}}
# {{escopo|pt|Trás-os-Montes}} primeiro estado de crescimento do [[nabo]], [[nabiça]]
# {{escopo|pt|Trás-os-Montes}} rabanete
# lugar por onde se segura com a mão o [[arado]] tirado por animais
=={{etimologia|pt}}==
{{llietimo|la|rapus|pt|ponto=não}}, nome do nabo, rapo + -iça.
: De [[rabo]] + -iça.
==Ver também==
===No Wikcionário===
{{verTambém.Ini}}
* [[rabaça]]
{{verTambém.NovaColuna}}
* [[temão]]
{{verTambém.Fim}}
[[Categoria:Substantivo (Português)]]
[[Categoria:Regionalismo (Português)]]
={{-gl-}}=
==Substantivo==
{{flex.pt|fs=rabiça|fp=rabiças}}
{{paroxítona|ra|bi|ça|lang=gl}}, {{g|f|lang=gl}}
# [[rabiça#Português|rabiça]], [[nabiça]]
# [[rabiça#Português|rabiça]], (parte do arado)
=={{etimologia|gl}}==
{{llietimo|la|rapus|gl|ponto=não}}, nome do nabo, rapo + -iça.
: De [[rabo]] + -iça.
[[Categoria:Substantivo (Galego)]]</text>
<sha1>cw0v4xvq112oxr6uvyvbo0vb5aqzmf5</sha1>
</revision>
</page>
