<page>
<page>
<title>rabisku</title>
<ns>0</ns>
<id>11352</id>
<revision>
<id>1325905</id>
<parentid>1092864</parentid>
<timestamp>2011-12-08T01:01:32Z</timestamp>
<contributor>
<username>MalafayaBot</username>
<id>628</id>
</contributor>
<minor />
<comment>Robô: Substituição de texto automática (-^\=(\s*?)(\{\{kea\}\}|Cabo\-?verdiano)(\s*?)\= +={{-kea-}}=)</comment>
<model>wikitext</model>
<format>text/x-wiki</format>
<text bytes="150" xml:space="preserve">={{-kea-}}=
==Substantivo==
'''rabisku'''
# [[legume]]
=={{etimologia|kea}}==
: Do português [[rabisco]].
[[Categoria:Substantivo (Cabo-verdiano)]]</text>
<sha1>polm3y5p47rqm9x1d5hhhpgrvk3j3fs</sha1>
</revision>
