<page>
<page>
<title>rabo</title>
<ns>0</ns>
<id>31348</id>
<revision>
<id>2652993</id>
<parentid>2617977</parentid>
<timestamp>2021-11-22T10:07:34Z</timestamp>
<contributor>
<username>ValJor</username>
<id>1358</id>
</contributor>
<comment>Retirando ligação para a predefinição inv para poder eliminá-la em seguida</comment>
<model>wikitext</model>
<format>text/x-wiki</format>
<text bytes="4347" xml:space="preserve">{{Wikipédia|lang=pt}}
={{-pt-}}=
==Substantivo&lt;sup&gt;1&lt;/sup&gt;==
{{flex.pt|ms=rabo|mp=rabos}}
{{paroxítona|ra|bo}}, {{gramática|m}}
# [[extremidade]] do [[corpo]] oposta à [[cabeça]], nos [[peixe]]s, répteis e alguns [[inseto]]s
# [[cabo]] de [[utensílio]] ou [[ferramenta]]
# [[continuação]] da [[coluna]] [[vertebral]] em vários [[mamífero]]s
# {{escopo|pt|Popular}} [[nádegas]], [[bunda]], [[traseiro]], {{PE|[[cu]]}}
# {{escopo|pt|Portugal|chulo}} [[homossexual]] [[masculino]]
===Notas===
* O termo ''rabo'' (definição 4) no Brasil é percebido como termo chulo que também possui tom de vulgaridade.
===Sinônimos===
* De '''4''': vide lista de sinônimos em ''[[Wikisaurus:bunda]]''.
===Expressões===
* '''[[aqui é que a porca torce o rabo]]''': aí é que está a dificuldade.
* '''[[arranca-rabo]]''': discussão, confusão, briga.
* '''[[cachaça do rabo]]''': produto da destilação da cachaça, impróprio para o consumo.
* '''[[comer o rabo]]''': {{escopo2|Informal}} repreender com severidade.
* '''[[dar um rabo de cotia]]''': enganar, &quot;passar rasteira&quot;.
* '''[[de cabo a rabo]]''': do começo ao fim.
* '''[[fogo no rabo]]''': pressa; desejo sexual; inquieção.
* '''[[fugir com o rabo à seringa]]''': evitar assumir responsabilidades.
* '''[[meter o rabo entre as pernas]]''': dar-se por vencido; estar amedrontado.
* '''[[nascer com o rabo para a Lua]]''': {{escopo2|Informal}} ser sortudo.
* '''[[nascer de rabo virado para a Lua]]''': {{escopo2|Informal}} ser sortudo.
* '''[[o rabo é o pior de esfolar]]''': {{escopo2|Provérbio}} os extremos são os mais difíceis
* '''[[rabo de cavalo]]''': cabelos longos presos em forma de feixe.
* '''[[rabo de saia]]''': sinônimo para mulher.
* '''[[rabo-de-galo]]''': o mesmo que coquetel.
* '''[[ter o rabo preso]]''':
* '''[[ter rabo-de-palha]]''': ser conhecido por atos pouco dignos.
===Tradução===
{{tradini|De 3 (o mesmo que cauda)}}
* {{t|de|Schwanz}}
* {{t|ar|ذيل||dhil}}
* {{t|ast|rabu}}
* {{t|eu|buztana}}
* {{t|kea|ku}}
* {{t|ca|cua}}
* {{t|zh|尾巴||wěibā}}
* {{t|ko|꼬리||kkoli}}
* {{t|es|cola}}
* {{t|eo|vosto}}
* {{t|so|häntä}}
* {{t|fr|queue}}
* {{t|gd|earball}}
* {{t|cy|cynffon}}
* {{t|ka|კუდი||k'udi}}
* {{t|cs|ocas}}
* {{t|el|ουρά||ourá}}
* {{t|he|זָנָב||zanáv}}
* {{t|hi|पूंछ||poonchh}}
* {{t|nl|staart}}
* {{t|hu|farok}}
* {{t|io|kaudo}}
{{tradmeio}}
* {{t|en|tail}}
* {{t|ang|tæġl||taegel}}
* {{t|ia|cauda}}
* {{t|yo|iru}}
* {{t|ga|eireaball}}
* {{t|is|skott}}
* {{t|it|coda}}
* {{t|ja|尾||o}}
* {{t|la|cauda}}
* {{t|no|hale}}
* {{t|oc|coa}}
* {{t|fa|دم||dum}}
* {{t|pl|ogon}}
* {{t|ro|coadă}}
* {{t|ru|хвост||khvost}}
* {{t|scn|cuda}}
* {{t|sw|mkia}}
* {{t|sv|svans}}
* {{t|th|หาง||h̄āng}}
* {{t|tl|buntot}}
* {{t|tet|ikun}}
* {{t|tr|tuyruk}}
{{tradfim}}
==Substantivo&lt;sup&gt;2&lt;/sup&gt;==
{{flex.pt|ms=rabo|mp=-}}
{{paroxítona|ra|bo}}, {{gramática|inv}}
# {{escopo|pt|Brasil|informal|coloquial}} [[sorte]]
#* ''Essa garota tem um '''rabo''' que eu vou te contar! Só consegue umas minas gostosas para si! Eu fico admirado!''
==={{etimologia|pt}}===
{{llietimo|la|rapu|pt}}
=={{pronúncia|pt}}==
===Portugal===
* AFI: {{AFI|/ˈRa.bu/}}
==Ligações externas==
* [https://books.google.com/books?id=RFrCN3hCsHoC&amp;pg=PA1163&amp;dq=%22rabo%22&amp;sa=X&amp;ei=_4KSVZLSDoq1ggS6yYIw&amp;ved=0CBwQ6AEwAA#v=onepage&amp;q=%22rabo%22&amp;f=false Google Books - citação 1]
==Anagramas==
&lt;!-- índice para anagramas: pt: abor --&gt;
# [[abro]]
# [[bora]]
# [[broa]]
# [[obra]]
[[Categoria:Substantivo (Português)]]
={{-es-}}=
==Substantivo==
'''rabo''', {{gramática|m}}
# [[rabo#Português|rabo]]
[[Categoria:Substantivo (Espanhol)]]
={{-gl-}}=
==Substantivo==
{{flex.gl|ms=rabo|mp=rabos}}
{{paroxítona|ra|bo|lang=gl}}, {{g|m|lang=gl}}
# [[rabo#{{pt}}|rabo]], cauda
# [[rabo#{{pt}}|rabo]], [[cabo]] de utensílio
# [[pedúnculo]] de [[fruta]] ou de flor
# o [[racimo]] de uvas, sem os [[bago]]s
# no [[candil]], extremo que serve para pendurar da parede
# na [[arte]] de pesca do [[jeito]], parte por onde é começada a ser largada
# no [[arado]], lugar onde vão seguradas as [[aiveca]]s
# [[extremo]] final de uma fileira ou série
# {{escopo|gl|Planta}} [[azevém-italiano]], (''[[species:Lolium perenne|Lolium perenne]]'')
=={{etimologia|gl}}==
{{llietimo|la|rapus|gl}}
[[Categoria:Substantivo (Galego)]]</text>
<sha1>psl1nxruy2s4kndyqvkf38s7nbh491l</sha1>
</revision>
