<page>
<page>
<title>rabugentos</title>
<ns>0</ns>
<id>328172</id>
<revision>
<id>2397436</id>
<parentid>1841322</parentid>
<timestamp>2017-05-13T11:27:45Z</timestamp>
<contributor>
<username>HydrizBot</username>
<id>29590</id>
</contributor>
<minor />
<comment>Robô: A limpar links interwikis antigos</comment>
<model>wikitext</model>
<format>text/x-wiki</format>
<text bytes="172" xml:space="preserve">={{-pt-}}=
==Forma de adjetivo==
{{paroxítona|ra|bu|gen|tos}}, {{m}}
# [[plural]] de [[rabugento]]
{{avi-for-fle|rabugento}}
[[Categoria:Forma de adjetivo (Português)]]</text>
<sha1>12hwp4mafxoz9nucb71vufj4yw0rjf4</sha1>
</revision>
