<page>
<title>rabugenta</title>
<ns>0</ns>
<id>328150</id>
<revision>
<id>2397434</id>
<parentid>2134470</parentid>
<timestamp>2017-05-13T11:27:42Z</timestamp>
<contributor>
<username>HydrizBot</username>
<id>29590</id>
</contributor>
<minor />
<comment>Robô: A limpar links interwikis antigos</comment>
<model>wikitext</model>
<format>text/x-wiki</format>
<text bytes="173" xml:space="preserve">={{-pt-}}=
==Forma de adjetivo==
{{paroxítona|ra|bu|gen|ta}}, {{f}}
# [[feminino]] de [[rabugento]]
{{avi-for-fle|rabugento}}
[[Categoria:Forma de adjetivo (Português)]]</text>
<sha1>83pzax2y658b7mucrbd9ah83hmu9vhp</sha1>
</revision>
</page>
