<page>
<page>
<title>rabudu</title>
<ns>0</ns>
<id>436241</id>
<revision>
<id>2644154</id>
<parentid>2644151</parentid>
<timestamp>2021-08-02T15:28:30Z</timestamp>
<contributor>
<username>Cpls</username>
<id>20608</id>
</contributor>
<comment>/* {{-ast-}} */</comment>
<model>wikitext</model>
<format>text/x-wiki</format>
<text bytes="724" xml:space="preserve">={{-ast-}}=
==Adjetivo==
{{flex.ast.adj|ms=rabudu|mp=rabudos|fs=rabuda|fp=rabudes|n=rabudo}}
{{paroxítona|ra|bu|du|lang=ast}}
# [[rabudo#{{pt}}|rabudo]], de rabo ou cauda longos
# [[rabudo#{{pt}}|rabudo]], indócil, desordeiro
# [[picuinhas]]
# {{escopo|ast|pejorativo}} insulto para as pessoas que vivem com o [[gado]] em [[transterminância]]
# [[gentílico]] para os habitantes de ''Abania'' (Cangas de Onís)
==Substantivo==
{{flex.ast|ms=rabudu|mp=rabudos}}
{{paroxítona|ra|bu|du|lang=ast}}, {{g|m}}
# [[rabudo#{{pt}}|rabudo]], [[armadilha]] de pesca
=={{etimologia|ast}}==
: {{escopo|Morfologia}} De {{etimo|ast|rabu}} + {{etimo|ast|-udu}}.
[[Categoria:Adjetivo (Asturiano)]]
[[Categoria:Substantivo (Asturiano)]]</text>
<sha1>0jm47ph9ogv9qi7j819ifcs6ifepenf</sha1>
</revision>
