<page>
<page>
<title>rabugentas</title>
<ns>0</ns>
<id>328171</id>
<revision>
<id>1839462</id>
<parentid>1839461</parentid>
<timestamp>2014-07-14T09:49:25Z</timestamp>
<contributor>
<username>MIL973</username>
<id>41339</id>
</contributor>
<minor />
<comment>adicionou [[Categoria:Forma de adjetivo (Português)]] usando [[Wikcionário:HotCat|HotCat]]</comment>
<model>wikitext</model>
<format>text/x-wiki</format>
<text bytes="185" xml:space="preserve">={{-pt-}}=
==Forma de adjetivo==
{{paroxítona|ra|bu|gen|tas}}, {{f}}
# [[feminino]] [[plural]] de [[rabugento]]
{{avi-for-fle|rabugento}}
[[Categoria:Forma de adjetivo (Português)]]</text>
<sha1>ox1lldl9cd6dalj7mvw3trj7u97vjv1</sha1>
</revision>
