<page>
<page>
<title>rabunhar</title>
<ns>0</ns>
<id>276112</id>
<revision>
<id>2636779</id>
<parentid>2239708</parentid>
<timestamp>2021-06-03T18:04:30Z</timestamp>
<contributor>
<username>Cpls</username>
<id>20608</id>
</contributor>
<comment>/* {{-pt-}} */</comment>
<model>wikitext</model>
<format>text/x-wiki</format>
<text bytes="320" xml:space="preserve">={{-pt-}}=
==Verbo==
{{oxítona|ra|bu|nhar}}
# {{escopo|pt|Trás-os-Montes|Galiza}} [[arranhar]], [[arrebunhar]]
===Conjugação===
{{conj/pt|rabunh|ar}}
==Ver também==
===No Wikcionário===
{{verTambém.Ini}}
* [[agatunhar]]
{{verTambém.NovaColuna}}
* [[ranhar]]
{{verTambém.Fim}}
[[Categoria:Verbo (Português)]]</text>
<sha1>jifq18n7l57efbbby55kjvs2hpzplb8</sha1>
</revision>
