<page>
<title>rabu</title>
<ns>0</ns>
<id>208413</id>
<revision>
<id>2397431</id>
<parentid>2220110</parentid>
<timestamp>2017-05-13T11:27:36Z</timestamp>
<contributor>
<username>HydrizBot</username>
<id>29590</id>
</contributor>
<minor />
<comment>Robô: A limpar links interwikis antigos</comment>
<model>wikitext</model>
<format>text/x-wiki</format>
<text bytes="108" xml:space="preserve">={{-ja-}}=
==Transliteração==
# transliteração de [[ラブ]]
[[Categoria:Transliteração (Japonês)]]</text>
<sha1>mh0otynhrbpyaayh6yrty1bwdpk5eu2</sha1>
</revision>
</page>
