<page>
<page>
<title>rabuhoteru</title>
<ns>0</ns>
<id>208360</id>
<revision>
<id>2220112</id>
<parentid>2094058</parentid>
<timestamp>2017-01-06T18:12:28Z</timestamp>
<contributor>
<username>Tribuno da Plebe</username>
<id>16095</id>
</contributor>
<model>wikitext</model>
<format>text/x-wiki</format>
<text bytes="117" xml:space="preserve">={{-ja-}}=
==Transliteração==
# transliteração de [[ラブホテル]]
[[Categoria:Transliteração (Japonês)]]</text>
<sha1>gsnrx4mmufipiglwsyydi506bq7vqf2</sha1>
</revision>
