<page>
<title>rabugice</title>
<ns>0</ns>
<id>69600</id>
<revision>
<id>2397437</id>
<parentid>1214628</parentid>
<timestamp>2017-05-13T11:27:46Z</timestamp>
<contributor>
<username>HydrizBot</username>
<id>29590</id>
</contributor>
<minor />
<comment>Robô: A limpar links interwikis antigos</comment>
<model>wikitext</model>
<format>text/x-wiki</format>
<text bytes="135" xml:space="preserve">={{-pt-}}=
[[Categoria:Substantivo (Português)]]
==Substantivo==
'''rabugice''' ''feminino ''
# [[impertinência]]
# [[mau]] [[humor]]</text>
<sha1>k134262k3mqeijd5vhv8ohk37zsnt5q</sha1>
</revision>
</page>
