<page>
<page>
<title>rabão</title>
<ns>0</ns>
<id>343445</id>
<revision>
<id>2652602</id>
<parentid>2397439</parentid>
<timestamp>2021-11-17T11:01:52Z</timestamp>
<contributor>
<username>ValJor</username>
<id>1358</id>
</contributor>
<comment>Retirando ligação para a predefinição inv para poder eliminá-la em seguida</comment>
<model>wikitext</model>
<format>text/x-wiki</format>
<text bytes="277" xml:space="preserve">={{-pt-}}=
==Substantivo==
{{oxítona|ra|bão}}, {{gramática|m|inv}}
# [[Diabo]] (Lúcifer na mitologia judaico-cristã)
===Sinônimos===
* vide [[Wikisaurus:diabo]]
==Anagrama==
&lt;!-- índice para anagramas: pt: aabor --&gt;
# [[barão]]
[[Categoria:Substantivo (Português)]]</text>
<sha1>tc3hi5435xrnbi2eog7y1faeyin0jhy</sha1>
</revision>
