<page>
<page>
<title>Rac</title>
<ns>0</ns>
<id>157073</id>
<revision>
<id>2600943</id>
<parentid>2277509</parentid>
<timestamp>2020-11-03T10:26:23Z</timestamp>
<contributor>
<username>ValJor</username>
<id>1358</id>
</contributor>
<comment>Acrescentando código de língua à [[:Categoria:!Página com mensagem de erro em predefinição|predefinição escopo]]</comment>
<model>wikitext</model>
<format>text/x-wiki</format>
<text bytes="188" xml:space="preserve">{{Wikipédia|lang=ro}}
={{-ro-}}=
==Substantivo==
'''Rac''', {{gramática|pr}}
# {{escopo|ro|Astrologia}} [[Câncer]], quarto [[signo]] do [[zodíaco]]
[[Categoria:Substantivo (Romeno)]]</text>
<sha1>066q46q54hklhip5y25ma489rhvk5ga</sha1>
</revision>
