<page>
<title>racano</title>
<ns>0</ns>
<id>367937</id>
<revision>
<id>2195054</id>
<parentid>2195050</parentid>
<timestamp>2016-11-07T16:33:50Z</timestamp>
<contributor>
<username>Cpls</username>
<id>20608</id>
</contributor>
<model>wikitext</model>
<format>text/x-wiki</format>
<text bytes="183" xml:space="preserve">{{ver também|rácano}}
={{-gl-}}=
==Adjetivo==
{{flex.gl|ms=racano|mp=racanos|fs=racana|fp=racanas}}
{{paroxítona|ra|ca|no|lang=gl}}
# [[queixoso]]
[[Categoria:Adjetivo (Galego)]]</text>
<sha1>k3c14qo54tdue0gnxvf81liikxrvdzr</sha1>
</revision>
</page>
