<page>
<title>racemo</title>
<ns>0</ns>
<id>321419</id>
<revision>
<id>2397441</id>
<parentid>2134469</parentid>
<timestamp>2017-05-13T11:27:57Z</timestamp>
<contributor>
<username>HydrizBot</username>
<id>29590</id>
</contributor>
<minor />
<comment>Robô: A limpar links interwikis antigos</comment>
<model>wikitext</model>
<format>text/x-wiki</format>
<text bytes="149" xml:space="preserve">={{-pt-}}=
==Substantivo==
{{flex.pt|ms=racemo|mp=racemos}}
{{paroxítona|ra|ce|mo}}
# o mesmo que [[racimo]]
[[Categoria:Substantivo (Português)]]</text>
<sha1>co2mh7hbiwabnuxtny2z19w3pf0y286</sha1>
</revision>
</page>
