<page>
<title>race</title>
<ns>0</ns>
<id>397791</id>
<revision>
<id>2510284</id>
<timestamp>2018-07-11T19:32:30Z</timestamp>
<contributor>
<username>Askekamo</username>
<id>60711</id>
</contributor>
<comment>[[Ajuda:Guia de edição/Menus e ferramentas/Sumário de edição|→]] nova página: ={{-en-}}= ==Verbo== '''race''' # [[disparar]]  [[Categoria:Verbo (Inglês)]]</comment>
<model>wikitext</model>
<format>text/x-wiki</format>
<text bytes="77" xml:space="preserve">={{-en-}}=
==Verbo==
'''race'''
# [[disparar]]
[[Categoria:Verbo (Inglês)]]</text>
<sha1>8aaujj9j5japry4yji6q6rwxarn9sce</sha1>
</revision>
</page>
