<page>
<title>racharem</title>
<ns>0</ns>
<id>211831</id>
<revision>
<id>2397458</id>
<parentid>1789634</parentid>
<timestamp>2017-05-13T11:28:31Z</timestamp>
<contributor>
<username>HydrizBot</username>
<id>29590</id>
</contributor>
<minor />
<comment>Robô: A limpar links interwikis antigos</comment>
<model>wikitext</model>
<format>text/x-wiki</format>
<text bytes="268" xml:space="preserve">={{-pt-}}=
==Forma verbal==
'''racharem'''
#[[terceira pessoa]] do [[plural]] do [[futuro]] do [[modo subjuntivo]] do verbo '''[[rachar]]'''
#[[infinitivo pessoal]] da [[terceira pessoa]] do [[plural]] do verbo '''[[rachar]]'''
[[Categoria:Forma verbal (Português)]]</text>
<sha1>92dx1b4kw3zq7gtkwltq60fyo7grhdd</sha1>
</revision>
</page>
