<page>
<page>
<title>rachavas</title>
<ns>0</ns>
<id>162059</id>
<revision>
<id>2397478</id>
<parentid>1789672</parentid>
<timestamp>2017-05-13T11:29:06Z</timestamp>
<contributor>
<username>HydrizBot</username>
<id>29590</id>
</contributor>
<minor />
<comment>Robô: A limpar links interwikis antigos</comment>
<model>wikitext</model>
<format>text/x-wiki</format>
<text bytes="196" xml:space="preserve">={{-pt-}}=
==Forma verbal==
'''rachavas'''
#[[segunda pessoa]] do [[singular]] do [[pretérito imperfeito]] do [[modo indicativo]] do verbo '''[[rachar]]'''
[[Categoria:Forma verbal (Português)]]</text>
<sha1>b5o0ze0dsk5mbxa5tbc7pz72ty40825</sha1>
</revision>
