<page>
<page>
<title>racharão</title>
<ns>0</ns>
<id>190937</id>
<revision>
<id>2397467</id>
<parentid>1789683</parentid>
<timestamp>2017-05-13T11:28:47Z</timestamp>
<contributor>
<username>HydrizBot</username>
<id>29590</id>
</contributor>
<minor />
<comment>Robô: A limpar links interwikis antigos</comment>
<model>wikitext</model>
<format>text/x-wiki</format>
<text bytes="171" xml:space="preserve">={{-pt-}}=
==Forma verbal==
'''racharão'''
#[[terceira pessoa]] do [[plural]] do [[futuro do presente]] do verbo '''[[rachar]]'''
[[Categoria:Forma verbal (Português)]]</text>
<sha1>8slfkooewoxl7j15w5se268d33rrcsm</sha1>
</revision>
