<page>
<page>
<title>racháreis</title>
<ns>0</ns>
<id>182381</id>
<revision>
<id>2397490</id>
<parentid>1789662</parentid>
<timestamp>2017-05-13T11:29:27Z</timestamp>
<contributor>
<username>HydrizBot</username>
<id>29590</id>
</contributor>
<minor />
<comment>Robô: A limpar links interwikis antigos</comment>
<model>wikitext</model>
<format>text/x-wiki</format>
<text bytes="181" xml:space="preserve">={{-pt-}}=
==Forma verbal==
'''racháreis'''
#[[segunda pessoa]] do [[plural]] do [[pretérito mais-que-perfeito]] do verbo '''[[rachar]]'''
[[Categoria:Forma verbal (Português)]]</text>
<sha1>idqha1sg82r5tnynw37wzxspfxfx1a1</sha1>
</revision>
