<page>
<page>
<title>racharemos</title>
<ns>0</ns>
<id>188130</id>
<revision>
<id>2397459</id>
<parentid>2022439</parentid>
<timestamp>2017-05-13T11:28:33Z</timestamp>
<contributor>
<username>HydrizBot</username>
<id>29590</id>
</contributor>
<minor />
<comment>Robô: A limpar links interwikis antigos</comment>
<model>wikitext</model>
<format>text/x-wiki</format>
<text bytes="172" xml:space="preserve">={{-pt-}}=
==Forma verbal==
'''racharemos'''
#[[primeira pessoa]] do [[plural]] do [[futuro do presente]] do verbo '''[[rachar]]'''
[[Categoria:Forma verbal (Português)]]</text>
<sha1>8fd5xm2iiovgydvkgq5evw9mw5dk9is</sha1>
</revision>
