<page>
<title>rachavam</title>
<ns>0</ns>
<id>169338</id>
<revision>
<id>2397477</id>
<parentid>1789673</parentid>
<timestamp>2017-05-13T11:29:04Z</timestamp>
<contributor>
<username>HydrizBot</username>
<id>29590</id>
</contributor>
<minor />
<comment>Robô: A limpar links interwikis antigos</comment>
<model>wikitext</model>
<format>text/x-wiki</format>
<text bytes="195" xml:space="preserve">={{-pt-}}=
==Forma verbal==
'''rachavam'''
#[[terceira pessoa]] do [[plural]] do [[pretérito imperfeito]] do [[modo indicativo]] do verbo '''[[rachar]]'''
[[Categoria:Forma verbal (Português)]]</text>
<sha1>4ajpy2bfqwngnydmfbld7r6nffj2lhs</sha1>
</revision>
</page>
