<page>
<title>rachai</title>
<ns>0</ns>
<id>220481</id>
<revision>
<id>2397446</id>
<parentid>2134480</parentid>
<timestamp>2017-05-13T11:28:08Z</timestamp>
<contributor>
<username>HydrizBot</username>
<id>29590</id>
</contributor>
<minor />
<comment>Robô: A limpar links interwikis antigos</comment>
<model>wikitext</model>
<format>text/x-wiki</format>
<text bytes="174" xml:space="preserve">={{-pt-}}=
==Forma verbal==
'''rachai'''
#[[segunda pessoa]] do [[plural]] do [[imperativo]] [[afirmativo]] do verbo '''[[rachar]]'''
[[Categoria:Forma verbal (Português)]]</text>
<sha1>nnpfn28onhx1fz5268wqpnpx3m2uhzz</sha1>
</revision>
</page>
