<page>
<title>racham</title>
<ns>0</ns>
<id>160722</id>
<revision>
<id>2397448</id>
<parentid>1789644</parentid>
<timestamp>2017-05-13T11:28:12Z</timestamp>
<contributor>
<username>HydrizBot</username>
<id>29590</id>
</contributor>
<minor />
<comment>Robô: A limpar links interwikis antigos</comment>
<model>wikitext</model>
<format>text/x-wiki</format>
<text bytes="180" xml:space="preserve">={{-pt-}}=
==Forma verbal==
'''racham'''
#[[terceira pessoa]] do [[plural]] do [[presente]] do [[modo indicativo]] do verbo '''[[rachar]]'''
[[Categoria:Forma verbal (Português)]]</text>
<sha1>dq08r82sk8hezxtrpgtoa7ej3ua5s6o</sha1>
</revision>
</page>
