<page>
<page>
<title>rachas</title>
<ns>0</ns>
<id>154801</id>
<revision>
<id>2397470</id>
<parentid>2022434</parentid>
<timestamp>2017-05-13T11:28:52Z</timestamp>
<contributor>
<username>HydrizBot</username>
<id>29590</id>
</contributor>
<minor />
<comment>Robô: A limpar links interwikis antigos</comment>
<model>wikitext</model>
<format>text/x-wiki</format>
<text bytes="306" xml:space="preserve">={{-pt-}}=
==Forma de substantivo==
'''rachas''' {{f}} {{p}}
#plural de '''[[racha]]'''
[[Categoria:Forma de substantivo (Português)]]
==Forma verbal==
'''rachas'''
#[[segunda]] [[pessoa]] do [[singular]] do [[presente]] [[indicativo]] do verbo '''[[rachar]]'''
[[Categoria:Forma verbal (Português)]]</text>
<sha1>03izsm822lx95b1jok677xvgzcst48w</sha1>
</revision>
