<page>
<title>rachão</title>
<ns>0</ns>
<id>327602</id>
<revision>
<id>2502980</id>
<parentid>1835649</parentid>
<timestamp>2018-05-16T15:52:36Z</timestamp>
<contributor>
<username>Askekamo</username>
<id>60711</id>
</contributor>
<model>wikitext</model>
<format>text/x-wiki</format>
<text bytes="347" xml:space="preserve">={{-pt-}}=
==Substantivo==
{{flex.pt|ms=rachão|mp=rachões}}
{{oxítona|ra|chão}}, {{gramática|m}}
# [[grande]] [[racha]]
# grande [[racho]]
# [[pedaço]] de [[lenha]]
=={{etimologia|pt}}==
: {{escopo|Morfologia}} De [[racha]] ou [[racho]] + [[-ão]].
==Ver também==
===No Wikcionário===
* [[rachar]]
[[Categoria:Substantivo (Português)]]</text>
<sha1>tnp93rybgkuxucw4szva2uij28456ip</sha1>
</revision>
</page>
