<page>
<title>raches</title>
<ns>0</ns>
<id>219003</id>
<revision>
<id>2397484</id>
<parentid>2182311</parentid>
<timestamp>2017-05-13T11:29:16Z</timestamp>
<contributor>
<username>HydrizBot</username>
<id>29590</id>
</contributor>
<minor />
<comment>Robô: A limpar links interwikis antigos</comment>
<model>wikitext</model>
<format>text/x-wiki</format>
<text bytes="275" xml:space="preserve">={{-pt-}}=
==Forma verbal==
'''raches'''
#[[segunda pessoa]] do [[singular]] do [[presente]] do [[modo subjuntivo]] do verbo '''[[rachar]]'''
#[[segunda pessoa]] do [[singular]] do [[imperativo]] [[negativo]] do verbo '''[[rachar]]'''
[[Categoria:Forma verbal (Português)]]</text>
<sha1>iyyege5khy7lejkk63c9qi3hxck0yo2</sha1>
</revision>
</page>
