<page>
<page>
<title>racheira</title>
<ns>0</ns>
<id>426260</id>
<revision>
<id>2595964</id>
<timestamp>2020-09-09T09:03:53Z</timestamp>
<contributor>
<username>Cpls</username>
<id>20608</id>
</contributor>
<comment>[[Ajuda:Guia de edição/Menus e ferramentas/Sumário de edição|→]] nova página: ={{-gl-}}= ==Substantivo== {{flex.gl|fs=racheira|fp=racheiras}} {paroxítona|ra|chei|ra|lang=gl}}, {{g|f}} #...</comment>
<model>wikitext</model>
<format>text/x-wiki</format>
<text bytes="574" xml:space="preserve">={{-gl-}}=
==Substantivo==
{{flex.gl|fs=racheira|fp=racheiras}}
{paroxítona|ra|chei|ra|lang=gl}}, {{g|f}}
# [[raio]] solar; raio de sol que atravessa as nuvens
# [[labareda]] da lareira ou lume
# [[maré de sorte]]
# [[racha]], abertura alongada; [[rachadura]] em um tecido
===Sinónimo===
* De '''1''': [[raeira#{{gl}}|raeira]], [[rajeira#{{gl}}|rajeira]]
* De '''2''': [[fogarada#{{gl}}|fogarada]], [[racheiro#{{gl}}|racheiro]]
=={{etimologia|gl}}==
: {{escopo|Morfologia}} De ''[[racha#{{gl}}|racha]]'' + ''[[-eira#{{gl}}|-eira]]''.
[[Categoria:Substantivo (Galego)]]</text>
<sha1>b9ji09ndhqe7iwz0ong89avv71lanxb</sha1>
</revision>
