<page>
<page>
<title>racharias</title>
<ns>0</ns>
<id>200517</id>
<revision>
<id>2397463</id>
<parentid>1789629</parentid>
<timestamp>2017-05-13T11:28:40Z</timestamp>
<contributor>
<username>HydrizBot</username>
<id>29590</id>
</contributor>
<minor />
<comment>Robô: A limpar links interwikis antigos</comment>
<model>wikitext</model>
<format>text/x-wiki</format>
<text bytes="174" xml:space="preserve">={{-pt-}}=
==Forma verbal==
'''racharias'''
#[[segunda pessoa]] do [[singular]] do [[futuro do pretérito]] do verbo '''[[rachar]]'''
[[Categoria:Forma verbal (Português)]]</text>
<sha1>mfyf9z13vsoywtcfc5yhaxncfxpcjzs</sha1>
</revision>
