<page>
<page>
<title>rachueira</title>
<ns>0</ns>
<id>327661</id>
<revision>
<id>1835891</id>
<parentid>1835889</parentid>
<timestamp>2014-06-30T22:07:40Z</timestamp>
<contributor>
<username>Cpls</username>
<id>20608</id>
</contributor>
<comment>/* Substantivo */</comment>
<model>wikitext</model>
<format>text/x-wiki</format>
<text bytes="335" xml:space="preserve">={{-gl-}}=
==Substantivo==
{{flex.pt|fs=rachueira|fp=rachueiras}}
{{paroxítona|ra|chu|ei|ra|lang=gl}}, {{f}}
# [[fogueira]]
===Variante===
* [[rachoeira#Galego|rachoeira]]
=={{etimologia|gl}}==
: {{escopo|Morfologia}} De [[rachão]] + [[-eira]].
==Ver também==
===No Wikcionário===
* [[rachar]]
[[Categoria:Substantivo (Galego)]]</text>
<sha1>0zsv5tqw7du8dcmgv5c4r5g3bubdtmq</sha1>
</revision>
