<page>
<page>
<title>racháveis</title>
<ns>0</ns>
<id>167898</id>
<revision>
<id>2397494</id>
<parentid>1789658</parentid>
<timestamp>2017-05-13T11:29:34Z</timestamp>
<contributor>
<username>HydrizBot</username>
<id>29590</id>
</contributor>
<minor />
<comment>Robô: A limpar links interwikis antigos</comment>
<model>wikitext</model>
<format>text/x-wiki</format>
<text bytes="196" xml:space="preserve">={{-pt-}}=
==Forma verbal==
'''racháveis'''
#[[segunda pessoa]] do [[plural]] do [[pretérito imperfeito]] do [[modo indicativo]] do verbo '''[[rachar]]'''
[[Categoria:Forma verbal (Português)]]</text>
<sha1>7ruew8w0lkrbvdvfps2zgiu5y376urz</sha1>
</revision>
