<page>
<page>
<title>rachariam</title>
<ns>0</ns>
<id>196227</id>
<revision>
<id>2397462</id>
<parentid>1789630</parentid>
<timestamp>2017-05-13T11:28:39Z</timestamp>
<contributor>
<username>HydrizBot</username>
<id>29590</id>
</contributor>
<minor />
<comment>Robô: A limpar links interwikis antigos</comment>
<model>wikitext</model>
<format>text/x-wiki</format>
<text bytes="173" xml:space="preserve">={{-pt-}}=
==Forma verbal==
'''rachariam'''
#[[terceira pessoa]] do [[plural]] do [[futuro do pretérito]] do verbo '''[[rachar]]'''
[[Categoria:Forma verbal (Português)]]</text>
<sha1>imvfzuchar3ghke87qqkn9t9cbxh1ys</sha1>
</revision>
