<page>
<page>
<title>rachardes</title>
<ns>0</ns>
<id>210504</id>
<revision>
<id>2397455</id>
<parentid>1789637</parentid>
<timestamp>2017-05-13T11:28:25Z</timestamp>
<contributor>
<username>HydrizBot</username>
<id>29590</id>
</contributor>
<minor />
<comment>Robô: A limpar links interwikis antigos</comment>
<model>wikitext</model>
<format>text/x-wiki</format>
<text bytes="267" xml:space="preserve">={{-pt-}}=
==Forma verbal==
'''rachardes'''
#[[segunda pessoa]] do [[plural]] do [[futuro]] do [[modo subjuntivo]] do verbo '''[[rachar]]'''
#[[infinitivo pessoal]] da [[segunda pessoa]] do [[plural]] do verbo '''[[rachar]]'''
[[Categoria:Forma verbal (Português)]]</text>
<sha1>kj2qz0knudbhfyo8acf6wwoyceb3aq6</sha1>
</revision>
