<page>
<page>
<title>rachais</title>
<ns>0</ns>
<id>159137</id>
<revision>
<id>2397447</id>
<parentid>2134479</parentid>
<timestamp>2017-05-13T11:28:10Z</timestamp>
<contributor>
<username>HydrizBot</username>
<id>29590</id>
</contributor>
<minor />
<comment>Robô: A limpar links interwikis antigos</comment>
<model>wikitext</model>
<format>text/x-wiki</format>
<text bytes="180" xml:space="preserve">={{-pt-}}=
==Forma verbal==
'''rachais'''
#[[segunda pessoa]] do [[plural]] do [[presente]] do [[modo indicativo]] do verbo '''[[rachar]]'''
[[Categoria:Forma verbal (Português)]]</text>
<sha1>aeiekow900qkhmy10ol3j4i8d383y4q</sha1>
</revision>
