<page>
<page>
<title>rachamos</title>
<ns>0</ns>
<id>157718</id>
<revision>
<id>2490279</id>
<parentid>2397449</parentid>
<timestamp>2018-03-21T20:15:24Z</timestamp>
<contributor>
<username>ValJor</username>
<id>1358</id>
</contributor>
<comment>Acrescentando a predefinição avi-for-fle</comment>
<model>wikitext</model>
<format>text/x-wiki</format>
<text bytes="347" xml:space="preserve">={{-pt-}}=
==Forma verbal==
{{paroxítona|ra|cha|mos}}
# primeira pessoa do plural do presente do modo indicativo do verbo [[rachar]]
# {{escopo2|grafia brasileira}} primeira pessoa do plural do pretérito perfeito do modo indicativo do verbo [[rachar]]
{{avi-for-fle|rachar}}
==Anagrama==
# [[acharmos]]
[[Categoria:Forma verbal (Português)]]</text>
<sha1>kq56jyywn6dun8zem8y0mex2oznhyfu</sha1>
</revision>
