<page>
<title>racharia</title>
<ns>0</ns>
<id>192234</id>
<revision>
<id>2397461</id>
<parentid>1789631</parentid>
<timestamp>2017-05-13T11:28:37Z</timestamp>
<contributor>
<username>HydrizBot</username>
<id>29590</id>
</contributor>
<minor />
<comment>Robô: A limpar links interwikis antigos</comment>
<model>wikitext</model>
<format>text/x-wiki</format>
<text bytes="205" xml:space="preserve">={{-pt-}}=
==Forma verbal==
'''racharia'''
#[[primeira pessoa|primeira]] e [[terceira pessoa]] do [[singular]] do [[futuro do pretérito]] do verbo '''[[rachar]]'''
[[Categoria:Forma verbal (Português)]]</text>
<sha1>s2eihxmv5n48lolwg76fkmgvdl59k6g</sha1>
</revision>
</page>
