<page>
<page>
<title>rache</title>
<ns>0</ns>
<id>213359</id>
<revision>
<id>2397479</id>
<parentid>2252342</parentid>
<timestamp>2017-05-13T11:29:08Z</timestamp>
<contributor>
<username>HydrizBot</username>
<id>29590</id>
</contributor>
<minor />
<comment>Robô: A limpar links interwikis antigos</comment>
<model>wikitext</model>
<format>text/x-wiki</format>
<text bytes="403" xml:space="preserve">={{-pt-}}=
==Forma verbal==
'''rache'''
#[[primeira pessoa|primeira]] e [[terceira pessoa]] do [[singular]] do [[presente]] do [[modo subjuntivo]] do verbo '''[[rachar]]'''
#[[terceira pessoa]] do [[singular]] do [[imperativo]] [[afirmativo]] do verbo '''[[rachar]]'''
#[[terceira pessoa]] do [[singular]] do [[imperativo]] [[negativo]] do verbo '''[[rachar]]'''
[[Categoria:Forma verbal (Português)]]</text>
<sha1>17mulc95sx3z5ze0f5cccn4o5yxbk86</sha1>
</revision>
