<page>
<page>
<title>rachareis</title>
<ns>0</ns>
<id>189575</id>
<revision>
<id>2397457</id>
<parentid>2022440</parentid>
<timestamp>2017-05-13T11:28:29Z</timestamp>
<contributor>
<username>HydrizBot</username>
<id>29590</id>
</contributor>
<minor />
<comment>Robô: A limpar links interwikis antigos</comment>
<model>wikitext</model>
<format>text/x-wiki</format>
<text bytes="170" xml:space="preserve">={{-pt-}}=
==Forma verbal==
'''rachareis'''
#[[segunda pessoa]] do [[plural]] do [[futuro do presente]] do verbo '''[[rachar]]'''
[[Categoria:Forma verbal (Português)]]</text>
<sha1>24olou8iuyu6nqk3q0dfekzq3m8ksv8</sha1>
</revision>
