<page>
<page>
<title>rachoeira</title>
<ns>0</ns>
<id>327601</id>
<revision>
<id>1835890</id>
<parentid>1835648</parentid>
<timestamp>2014-06-30T22:07:28Z</timestamp>
<contributor>
<username>Cpls</username>
<id>20608</id>
</contributor>
<model>wikitext</model>
<format>text/x-wiki</format>
<text bytes="335" xml:space="preserve">={{-gl-}}=
==Substantivo==
{{flex.pt|fs=rachoeira|fp=rachoeiras}}
{{paroxítona|ra|cho|ei|ra|lang=gl}}, {{f}}
# [[fogueira]]
===Variante===
* [[rachueira#Galego|rachueira]]
=={{etimologia|gl}}==
: {{escopo|Morfologia}} De [[rachão]] + [[-eira]].
==Ver também==
===No Wikcionário===
* [[rachar]]
[[Categoria:Substantivo (Galego)]]</text>
<sha1>0g1n3fyg45tnylc7axaxcd67k7z22jz</sha1>
</revision>
