<page>
<page>
<title>racheis</title>
<ns>0</ns>
<id>217581</id>
<revision>
<id>2397481</id>
<parentid>1789669</parentid>
<timestamp>2017-05-13T11:29:11Z</timestamp>
<contributor>
<username>HydrizBot</username>
<id>29590</id>
</contributor>
<minor />
<comment>Robô: A limpar links interwikis antigos</comment>
<model>wikitext</model>
<format>text/x-wiki</format>
<text bytes="272" xml:space="preserve">={{-pt-}}=
==Forma verbal==
'''racheis'''
#[[segunda pessoa]] do [[plural]] do [[presente]] do [[modo subjuntivo]] do verbo '''[[rachar]]'''
#[[segunda pessoa]] do [[plural]] do [[imperativo]] [[negativo]] do verbo '''[[rachar]]'''
[[Categoria:Forma verbal (Português)]]</text>
<sha1>oh4yc73iiae00ll1uv5zlz21op7q4da</sha1>
</revision>
