<page>
<title>racharíeis</title>
<ns>0</ns>
<id>194891</id>
<revision>
<id>2397469</id>
<parentid>1789681</parentid>
<timestamp>2017-05-13T11:28:51Z</timestamp>
<contributor>
<username>HydrizBot</username>
<id>29590</id>
</contributor>
<minor />
<comment>Robô: A limpar links interwikis antigos</comment>
<model>wikitext</model>
<format>text/x-wiki</format>
<text bytes="174" xml:space="preserve">={{-pt-}}=
==Forma verbal==
'''racharíeis'''
#[[segunda pessoa]] do [[plural]] do [[futuro do pretérito]] do verbo '''[[rachar]]'''
[[Categoria:Forma verbal (Português)]]</text>
<sha1>jbxrpf4ikbe9re7su0lhzmj3og4o1dd</sha1>
</revision>
</page>
