<page>
<title>rachando</title>
<ns>0</ns>
<id>156236</id>
<revision>
<id>2397450</id>
<parentid>2022443</parentid>
<timestamp>2017-05-13T11:28:15Z</timestamp>
<contributor>
<username>HydrizBot</username>
<id>29590</id>
</contributor>
<minor />
<comment>Robô: A limpar links interwikis antigos</comment>
<model>wikitext</model>
<format>text/x-wiki</format>
<text bytes="124" xml:space="preserve">={{-pt-}}=
==Forma verbal==
'''rachando'''
#[[gerúndio]] do verbo '''[[rachar]]'''
[[Categoria:Forma verbal (Português)]]</text>
<sha1>tssn6qliywtzxhs6mo1f6poh3ozhf2v</sha1>
</revision>
</page>
