<page>
<page>
<title>rachaste</title>
<ns>0</ns>
<id>172212</id>
<revision>
<id>2397474</id>
<parentid>2022433</parentid>
<timestamp>2017-05-13T11:29:00Z</timestamp>
<contributor>
<username>HydrizBot</username>
<id>29590</id>
</contributor>
<minor />
<comment>Robô: A limpar links interwikis antigos</comment>
<model>wikitext</model>
<format>text/x-wiki</format>
<text bytes="194" xml:space="preserve">={{-pt-}}=
==Forma verbal==
'''rachaste'''
#[[segunda pessoa]] do [[singular]] do [[pretérito perfeito]] do [[modo indicativo]] do verbo '''[[rachar]]'''
[[Categoria:Forma verbal (Português)]]</text>
<sha1>tdtwm7b3irxppx8wgp1ktzis90s2jaz</sha1>
</revision>
