<page>
<page>
<title>racharíamos</title>
<ns>0</ns>
<id>193584</id>
<revision>
<id>2397468</id>
<parentid>2022435</parentid>
<timestamp>2017-05-13T11:28:49Z</timestamp>
<contributor>
<username>HydrizBot</username>
<id>29590</id>
</contributor>
<minor />
<comment>Robô: A limpar links interwikis antigos</comment>
<model>wikitext</model>
<format>text/x-wiki</format>
<text bytes="176" xml:space="preserve">={{-pt-}}=
==Forma verbal==
'''racharíamos'''
#[[primeira pessoa]] do [[plural]] do [[futuro do pretérito]] do verbo '''[[rachar]]'''
[[Categoria:Forma verbal (Português)]]</text>
<sha1>e7mrewtwahiuf0fcseeojsti0giyhoz</sha1>
</revision>
