<page>
<title>racho</title>
<ns>0</ns>
<id>152974</id>
<revision>
<id>2600934</id>
<parentid>2397485</parentid>
<timestamp>2020-11-03T09:53:18Z</timestamp>
<contributor>
<username>ValJor</username>
<id>1358</id>
</contributor>
<comment>Acrescentando código de língua à [[:Categoria:!Página com mensagem de erro em predefinição|predefinição escopo]]</comment>
<model>wikitext</model>
<format>text/x-wiki</format>
<text bytes="493" xml:space="preserve">={{-pt-}}=
==Substantivo==
{{flex.pt|ms=racho|mp=rachos}}
{{paroxítona|ra|cho}}, {{gramática|m}}
# [[rachadura]], [[fenda]]
# {{escopo|pt|vulgar|gíria}} [[vulva]]
==Forma verbal==
'''racho'''
# primeira pessoa do singular do presente indicativo do verbo [[rachar]]
{{avi-for-fle|rachar}}
==Ligações externas==
* {{Aulete}}
==Anagramas==
&lt;!-- índice para anagramas: pt: achor --&gt;
# [[chora]]
# [[rocha]]
[[Categoria:Substantivo (Português)]]
[[Categoria:Forma verbal (Português)]]</text>
<sha1>chkx0pwnwval1uhagilklqye1wsl17z</sha1>
</revision>
</page>
