<page>
<title>racha</title>
<ns>0</ns>
<id>6828</id>
<revision>
<id>2600940</id>
<parentid>2509622</parentid>
<timestamp>2020-11-03T10:19:21Z</timestamp>
<contributor>
<username>ValJor</username>
<id>1358</id>
</contributor>
<comment>Acrescentando código de língua à [[:Categoria:!Página com mensagem de erro em predefinição|predefinição escopo]]</comment>
<model>wikitext</model>
<format>text/x-wiki</format>
<text bytes="2144" xml:space="preserve">{{Wikipédia}}
={{-pt-}}=
==Substantivo&lt;sup&gt;1&lt;/sup&gt;==
{{flex.pt|fs=racha|fp=rachas}}
{{paroxítona|ra|cha}}, {{gramática|f}}
# [[rachadura]]
# [[fenda]], greta
# {{escopo|pt|Calão}} [[vulva]]
# {{escopo|pt|Trás-os-Montes}} lenha partida, fendida, lenha grossa [[rachar|rachada]], [[acha]]
# {{escopo|pt|Trás-os-Montes}} parte, pedaço, [[quinhão]]
===Sinônimos===
* De '''3''': vide lista de sinônimos em ''[[Wikisaurus:buceta]]''.
===Expressões===
* '''[[sair o pau à racha]]''': 
===Tradução===
{{tradini|De 1 (rachadura)}}
* {{t|de|Kluft|f|}}
* {{t|ka|ბზარი||bzari}}
{{tradmeio}}
* {{trad|en|split|crack}}
{{tradfim}}
{{tradini|De 2 (vulva)}}
* {{trad|en|cunt}}
{{tradmeio}}
{{tradfim}}
==Substantivo&lt;sup&gt;2&lt;/sup&gt;==
{{flex.pt|ms=racha|mp=rachas}}
{{paroxítona|ra|cha}}, {{gramática|m}}
# {{escopo|pt|Brasil|sudeste}} [[corrida]] de automóveis [[ilegal]] realizada normalmente em vias públicas
# {{escopo|pt|Brasil|sudeste}} partida de [[futebol]] amador
=={{etimologia|pt}}==
: Derivação regressiva do verbo [[rachar]].
=={{pronúncia|pt}}==
===Brasil===
====Caipira, Carioca e Paulistana====
* [[AFI]]: /ˈχa.ʃa/
* [[X-SAMPA]]: /&quot;Xa.Sa/
===Portugal===
* [[AFI]]: /'ʀa.ʃɐ/
==Ligações externas==
* {{Aulete}}
* {{Michaelis}}
* {{DicioAberto}}
* {{DPLP}}
* {{Infopédia}}
* {{PLP}}
* {{VOLPABL}}
==Anagramas==
&lt;!-- índice para anagramas: pt: aachr --&gt;
# [[achar]]
# [[archa]]
# [[chara]]
[[Categoria:Substantivo (Português)]]
[[Categoria:Obscenidade (Português)]]
[[Categoria:Regionalismo (Português)]]
={{-gl-}}=
==Substantivo==
{{flex.gl|fs=racha|fp=rachas}}
{{paroxítona|ra|cha|lang=gl}}, {{gramática|f}}
# [[racha#Português|racha]], [[rachadura]]
# [[racha#Português|racha]], [[fenda]]
# [[racha#Português|racha]], [[vulva]]
# [[racha#Português|racha]], [[acha]], lasca
# pequena pedra para tapar fendas nas paredes
# pedra afiada e aguda
# [[rajada]] de vento
# período de fortuna
# fogueira
===Expressões===
* '''de tal pau tal racha''': 
* '''sol de racha''', a pleno sol
=={{etimologia|gl}}==
: Derivação regressiva do verbo [[rachar]].
[[Categoria:Substantivo (Galego)]]</text>
<sha1>lffw9bbnygk7x9ph6jyv78bwtg206tj</sha1>
</revision>
</page>
