<page>
<page>
<title>rachuncho</title>
<ns>0</ns>
<id>324746</id>
<revision>
<id>1825840</id>
<parentid>1825838</parentid>
<timestamp>2014-05-19T13:32:18Z</timestamp>
<contributor>
<username>Generdina Beneluscia Von Zÿuber</username>
<id>43307</id>
</contributor>
<model>wikitext</model>
<format>text/x-wiki</format>
<text bytes="338" xml:space="preserve">={{-pt-}}=
==Substantivo==
{{flex.pt|ms=rachuncho|mp=rachunchos}}
{{oxítona|ra|chun|cho}}, {{m}}
# divisão das custas de alguma coisa, [[rateio]]
#: ''Vamos fazer um churras, como sempre o pessoal vai fazer na base do rachuncho''.
# divisão de valor angariado ou angariável com alguma atividade
[[Categoria:Substantivo (Português)]]</text>
<sha1>honiy0eg5a2qj42l49jqr526x2hr14t</sha1>
</revision>
