<page>
<page>
<title>rachava</title>
<ns>0</ns>
<id>204529</id>
<revision>
<id>2397476</id>
<parentid>1789674</parentid>
<timestamp>2017-05-13T11:29:03Z</timestamp>
<contributor>
<username>HydrizBot</username>
<id>29590</id>
</contributor>
<minor />
<comment>Robô: A limpar links interwikis antigos</comment>
<model>wikitext</model>
<format>text/x-wiki</format>
<text bytes="228" xml:space="preserve">={{-pt-}}=
==Forma verbal==
'''rachava'''
#[[primeira pessoa|primeira]] e [[terceira pessoa]] do [[singular]] do [[pretérito imperfeito]] do [[modo indicativo]] do verbo '''[[rachar]]'''
[[Categoria:Forma verbal (Português)]]</text>
<sha1>lzst9ydcxsqm9u8ihlbx07y01dqs7qr</sha1>
</revision>
