<page>
<page>
<title>rachávamos</title>
<ns>0</ns>
<id>163461</id>
<revision>
<id>2397493</id>
<parentid>1789659</parentid>
<timestamp>2017-05-13T11:29:33Z</timestamp>
<contributor>
<username>HydrizBot</username>
<id>29590</id>
</contributor>
<minor />
<comment>Robô: A limpar links interwikis antigos</comment>
<model>wikitext</model>
<format>text/x-wiki</format>
<text bytes="198" xml:space="preserve">={{-pt-}}=
==Forma verbal==
'''rachávamos'''
#[[primeira pessoa]] do [[plural]] do [[pretérito imperfeito]] do [[modo indicativo]] do verbo '''[[rachar]]'''
[[Categoria:Forma verbal (Português)]]</text>
<sha1>jonpvmmzt3qm8v0mnaxzq64tqmppe7t</sha1>
</revision>
