<page>
<page>
<title>racharas</title>
<ns>0</ns>
<id>179182</id>
<revision>
<id>2397454</id>
<parentid>2022441</parentid>
<timestamp>2017-05-13T11:28:23Z</timestamp>
<contributor>
<username>HydrizBot</username>
<id>29590</id>
</contributor>
<minor />
<comment>Robô: A limpar links interwikis antigos</comment>
<model>wikitext</model>
<format>text/x-wiki</format>
<text bytes="181" xml:space="preserve">={{-pt-}}=
==Forma verbal==
'''racharas'''
#[[segunda pessoa]] do [[singular]] do [[pretérito mais-que-perfeito]] do verbo '''[[rachar]]'''
[[Categoria:Forma verbal (Português)]]</text>
<sha1>gfev104hj1oteeffx60qwsr4kujvxay</sha1>
</revision>
