<page>
<title>racháramos</title>
<ns>0</ns>
<id>180676</id>
<revision>
<id>2397489</id>
<parentid>2022445</parentid>
<timestamp>2017-05-13T11:29:25Z</timestamp>
<contributor>
<username>HydrizBot</username>
<id>29590</id>
</contributor>
<minor />
<comment>Robô: A limpar links interwikis antigos</comment>
<model>wikitext</model>
<format>text/x-wiki</format>
<text bytes="183" xml:space="preserve">={{-pt-}}=
==Forma verbal==
'''racháramos'''
#[[primeira pessoa]] do [[plural]] do [[pretérito mais-que-perfeito]] do verbo '''[[rachar]]'''
[[Categoria:Forma verbal (Português)]]</text>
<sha1>knnrc2ez30qh0ufgk9t9xemska4bivx</sha1>
</revision>
</page>
