<page>
<title>racharmos</title>
<ns>0</ns>
<id>209039</id>
<revision>
<id>2397464</id>
<parentid>1789628</parentid>
<timestamp>2017-05-13T11:28:42Z</timestamp>
<contributor>
<username>HydrizBot</username>
<id>29590</id>
</contributor>
<minor />
<comment>Robô: A limpar links interwikis antigos</comment>
<model>wikitext</model>
<format>text/x-wiki</format>
<text bytes="269" xml:space="preserve">={{-pt-}}=
==Forma verbal==
'''racharmos'''
#[[primeira pessoa]] do [[plural]] do [[futuro]] do [[modo subjuntivo]] do verbo '''[[rachar]]'''
#[[infinitivo pessoal]] da [[primeira pessoa]] do [[plural]] do verbo '''[[rachar]]'''
[[Categoria:Forma verbal (Português)]]</text>
<sha1>mbwpgujoaxldfypncigp9ledqz20037</sha1>
</revision>
</page>
