<page>
<title>rachado</title>
<ns>0</ns>
<id>357479</id>
<revision>
<id>2600961</id>
<parentid>2397444</parentid>
<timestamp>2020-11-03T13:22:22Z</timestamp>
<contributor>
<username>Cpls</username>
<id>20608</id>
</contributor>
<model>wikitext</model>
<format>text/x-wiki</format>
<text bytes="917" xml:space="preserve">={{-pt-}}=
==Adjetivo==
{{flex.pt|ms=rachado|mp=rachados|fs=rachada|fp=rachadas}}
{{paroxítona|ra|cha|do}}
# que se rachou
# que tem fenda
# gretado
# repartido em duas porções
===Sinônimo===
*[[cortado]]
=={{etimologia|pt}}==
: Particípio passado do verbo [[rachar]].
[[Categoria:Adjetivo (Português)]]
={{-gl-}}=
==Adjetivo==
{{flex.gl|ms=rachado|mp=rachados|fs=rachada|fp=rachadas}}
{{paroxítona|ra|cha|do|lang=gl}}
# que está separado do tronco principal, a falar de vegetais
# [[rompido]]
# que veste roupas [[esfarrapar|esfarrapadas]]
# que tem [[sinceridade]], que diz o que pensa
# sem vergonha, que é [[descarado]], insolente
===Expressões===
* '''festa rachada''', festa grande, festa na que não se mira o gasto
* '''boca rachada''', que fala de mais, que fala sem vergonha
=={{etimologia|gl}}==
: Particípio passado do verbo ''[[rachar#{{gl}}|rachar]]''.
[[Categoria:Adjetivo (Galego)]]</text>
<sha1>fci1fam1naavddikvat1xgc9w0laoo4</sha1>
</revision>
</page>
