<page>
<page>
<title>rachadinha</title>
<ns>0</ns>
<id>446440</id>
<revision>
<id>2691073</id>
<parentid>2688241</parentid>
<timestamp>2022-10-30T11:17:37Z</timestamp>
<contributor>
<username>ValJor</username>
<id>1358</id>
</contributor>
<comment>Melhorando a apresentação do verbete</comment>
<model>wikitext</model>
<format>text/x-wiki</format>
<text bytes="352" xml:space="preserve">{{Wikipédia|lang=pt}}
={{-pt-}}=
==Substantivo==
{{paroxítona|ra|cha|di|nha}}, {{gramática|f}}
# {{escopo|pt|Política}} prática ilícita de contratar funcionários públicos que não trabalham e que retém parte do salário e destinam parte do mesmo ao responsável pela sua contratação ao cargo público
[[Categoria:Substantivo (Português)]]</text>
<sha1>jqoma9qn9tuhn64e471t1fp3a2agv2v</sha1>
</revision>
