<page>
<title>rachara</title>
<ns>0</ns>
<id>177688</id>
<revision>
<id>2397452</id>
<parentid>2022442</parentid>
<timestamp>2017-05-13T11:28:19Z</timestamp>
<contributor>
<username>HydrizBot</username>
<id>29590</id>
</contributor>
<minor />
<comment>Robô: A limpar links interwikis antigos</comment>
<model>wikitext</model>
<format>text/x-wiki</format>
<text bytes="229" xml:space="preserve">={{-pt-}}=
==Forma verbal==
'''rachara'''
#[[primeira pessoa|primeira]] e [[terceira pessoa|terceira pessoas]] do [[singular]] do [[pretérito mais-que-perfeito]] do verbo '''[[rachar]]'''
[[Categoria:Forma verbal (Português)]]</text>
<sha1>94khwrc4qbgzojzljysshafvdq3op88</sha1>
</revision>
</page>
