<page>
<title>rachemos</title>
<ns>0</ns>
<id>214630</id>
<revision>
<id>2397483</id>
<parentid>2022448</parentid>
<timestamp>2017-05-13T11:29:14Z</timestamp>
<contributor>
<username>HydrizBot</username>
<id>29590</id>
</contributor>
<minor />
<comment>Robô: A limpar links interwikis antigos</comment>
<model>wikitext</model>
<format>text/x-wiki</format>
<text bytes="369" xml:space="preserve">={{-pt-}}=
==Forma verbal==
'''rachemos'''
#[[primeira pessoa]] do [[plural]] do [[presente]] do [[modo subjuntivo]] do verbo '''[[rachar]]'''
#[[primeira pessoa]] do [[plural]] do [[imperativo]] [[afirmativo]] do verbo '''[[rachar]]'''
#[[primeira pessoa]] do [[plural]] do [[imperativo]] [[negativo]] do verbo '''[[rachar]]'''
[[Categoria:Forma verbal (Português)]]</text>
<sha1>ad1v8t2u8yt8eog46rcziplaznywcy6</sha1>
</revision>
</page>
