<page>
<title>racionalizásseis</title>
<ns>0</ns>
<id>202567</id>
<revision>
<id>1168471</id>
<parentid>772839</parentid>
<timestamp>2011-07-06T12:19:33Z</timestamp>
<contributor>
<username>MalafayaBot</username>
<id>628</id>
</contributor>
<minor />
<comment>Robô: Substituição de texto automática (-^\=\s?Português\s?\= +={{-pt-}}= &amp; -^\=\s?\{\{pt\}\}\s?\= +={{-pt-}}=)</comment>
<model>wikitext</model>
<format>text/x-wiki</format>
<text bytes="210" xml:space="preserve">={{-pt-}}=
==Forma verbal==
'''racionalizásseis'''
#[[segunda pessoa]] do [[plural]] do [[pretérito imperfeito]] do [[modo subjuntivo]] do verbo '''[[racionalizar]]'''
[[Categoria:Forma verbal (Português)]]</text>
<sha1>45w48tnd7q0o1bld6kop9hn0snhdic3</sha1>
</revision>
</page>
