<page>
<page>
<title>racionalizamos</title>
<ns>0</ns>
<id>158483</id>
<revision>
<id>2490276</id>
<parentid>2397504</parentid>
<timestamp>2018-03-21T20:08:57Z</timestamp>
<contributor>
<username>ValJor</username>
<id>1358</id>
</contributor>
<comment>Acrescentando a predefinição avi-for-fle</comment>
<model>wikitext</model>
<format>text/x-wiki</format>
<text bytes="346" xml:space="preserve">={{-pt-}}=
==Forma verbal==
{{paroxítona|ra|ci|o|na|li|za|mos}}
# primeira pessoa do plural do presente do modo indicativo do verbo [[racionalizar]]
# {{escopo2|grafia brasileira}} primeira pessoa do plural do pretérito perfeito do modo indicativo do verbo [[racionalizar]]
{{avi-for-fle|racionalizar}}
[[Categoria:Forma verbal (Português)]]</text>
<sha1>c4sthn38755f9mfjj89ksct4jzibnw6</sha1>
</revision>
