<page>
<page>
<title>racionalizáreis</title>
<ns>0</ns>
<id>183097</id>
<revision>
<id>2034219</id>
<parentid>1958743</parentid>
<timestamp>2015-11-06T21:22:25Z</timestamp>
<contributor>
<username>ValJor</username>
<id>1358</id>
</contributor>
<comment>Acrescentando a predefinição avi-for-fle</comment>
<model>wikitext</model>
<format>text/x-wiki</format>
<text bytes="222" xml:space="preserve">={{-pt-}}=
==Forma verbal==
{{paroxítona|ra|ci|o|na|li|zá|reis}}
# segunda pessoa do plural do pretérito mais-que-perfeito do verbo [[racionalizar]]
{{avi-for-fle|racionalizar}}
[[Categoria:Forma verbal (Português)]]</text>
<sha1>1cpo344c1d46jtdd5s3utrwfsjh2mhp</sha1>
</revision>
