<page>
<title>racionalizara</title>
<ns>0</ns>
<id>178401</id>
<revision>
<id>2397507</id>
<parentid>1715447</parentid>
<timestamp>2017-05-13T11:30:07Z</timestamp>
<contributor>
<username>HydrizBot</username>
<id>29590</id>
</contributor>
<minor />
<comment>Robô: A limpar links interwikis antigos</comment>
<model>wikitext</model>
<format>text/x-wiki</format>
<text bytes="241" xml:space="preserve">={{-pt-}}=
==Forma verbal==
'''racionalizara'''
#[[primeira pessoa|primeira]] e [[terceira pessoa|terceira pessoas]] do [[singular]] do [[pretérito mais-que-perfeito]] do verbo '''[[racionalizar]]'''
[[Categoria:Forma verbal (Português)]]</text>
<sha1>ob7rb8ovh9n6izbibta0770z14bk696</sha1>
</revision>
</page>
