<page>
<title>racionam</title>
<ns>0</ns>
<id>376001</id>
<revision>
<id>2252992</id>
<parentid>2252991</parentid>
<timestamp>2017-03-15T04:23:43Z</timestamp>
<contributor>
<username>MIL973</username>
<id>41339</id>
</contributor>
<model>wikitext</model>
<format>text/x-wiki</format>
<text bytes="289" xml:space="preserve">={{-pt-}}=
==Forma verbal==
{{paroxítona|ra|ci|o|nam}}
# terceira pessoa do plural do presente do indicativo do verbo [[racionar]]
{{avi-for-fle|racionar}}
==Anagramas==
# [[cominara]]
# [[cominará]]
# [[incoaram]]
# [[marciano]]
# [[Marciano]]
[[Categoria:Forma verbal (Português)]]</text>
<sha1>bchkd3a24rirnacvh3ab0qog1xfq94b</sha1>
</revision>
</page>
