<page>
<page>
<title>racionalizareis</title>
<ns>0</ns>
<id>190308</id>
<revision>
<id>2397509</id>
<parentid>1715445</parentid>
<timestamp>2017-05-13T11:30:11Z</timestamp>
<contributor>
<username>HydrizBot</username>
<id>29590</id>
</contributor>
<minor />
<comment>Robô: A limpar links interwikis antigos</comment>
<model>wikitext</model>
<format>text/x-wiki</format>
<text bytes="182" xml:space="preserve">={{-pt-}}=
==Forma verbal==
'''racionalizareis'''
#[[segunda pessoa]] do [[plural]] do [[futuro do presente]] do verbo '''[[racionalizar]]'''
[[Categoria:Forma verbal (Português)]]</text>
<sha1>gehdlmern2spjt62baise2sqx6lv85n</sha1>
</revision>
