<page>
<title>racionalizaras</title>
<ns>0</ns>
<id>179892</id>
<revision>
<id>2397508</id>
<parentid>1715446</parentid>
<timestamp>2017-05-13T11:30:09Z</timestamp>
<contributor>
<username>HydrizBot</username>
<id>29590</id>
</contributor>
<minor />
<comment>Robô: A limpar links interwikis antigos</comment>
<model>wikitext</model>
<format>text/x-wiki</format>
<text bytes="193" xml:space="preserve">={{-pt-}}=
==Forma verbal==
'''racionalizaras'''
#[[segunda pessoa]] do [[singular]] do [[pretérito mais-que-perfeito]] do verbo '''[[racionalizar]]'''
[[Categoria:Forma verbal (Português)]]</text>
<sha1>bdl5ym2kjh0cu25k3spl5fkjj2tugyv</sha1>
</revision>
</page>
