<page>
<page>
<title>racional</title>
<ns>0</ns>
<id>6000</id>
<revision>
<id>2621643</id>
<parentid>2397501</parentid>
<timestamp>2021-02-02T01:00:56Z</timestamp>
<contributor>
<username>MarxavBot</username>
<id>80155</id>
</contributor>
<minor />
<comment>AFI Portugal</comment>
<model>wikitext</model>
<format>text/x-wiki</format>
<text bytes="1914" xml:space="preserve">={{-pt-}}=
==Adjetivo==
{{flex.pt|s=racional|p=racionais}}
{{oxítona|ra|cio|nal}}
# relativo a ou [[dotado]] de [[razão]]
# diz-se de quem toma [[atitude|atitudes]] [[razoável|razoáveis]], [[baseado|baseadas]] na [[razão]], de quem [[raciocinar|raciocina]]
# [[razoável]], algo que pode ser [[deduzir|deduzido]] usando-se a [[razão]]
#* ''Os elementos básicos de um pacote de recuperação incluem, primeiro e principalmente, um método '''racional''' para reiniciar o sistema financeiro.'' {{OESP|2009|janeiro|07}}
# {{escopo|pt|Matemática}} diz-se de algo que pode ser [[expressar|expresso]] pela [[razão]] entre dois [[inteiro|inteiros]]
===Antônimo===
* De '''1''' e '''2''': [[irracional]], [[antirracional]]
===Expressões===
* '''[[animal racional]]'''
* '''[[equação racional]]'''
* '''[[número racional]]'''
===Tradução===
{{tradini}}
* {{trad|ca|racional}}
* {{trad|es|racional}}
* {{trad|fr|rationnel}}
* {{trad|gl|racional}}
* {{trad|nl|rationeel}}
* {{trad|io|racionala}}
{{tradmeio}}
* {{trad|en|rational}}
* {{trad|it|razionale}}
* {{trad|lt|racionalus}}
* {{trad|pl|racjonalny}}
* {{trad|ru|рациональный}}
* {{trad|sv|rationell}}
{{tradfim}}
=={{etimologia|pt}}==
{{llietimo|la|rationale|pt}}
=={{pronúncia|pt}}==
===Portugal===
* AFI: {{AFI|/Rɐ.sju.ˈnaɫ/}}
==Ver também==
===No Wikcionário===
{{dividir em colunas|3}}
* [[racionalizar]]
* [[razoável]]
* [[semirracional]]
{{dividir em colunas/fim}}
[[Categoria:Adjetivo (Português)]]
={{-ca-}}=
==Adjetivo==
'''ra.cio.nal'''
# [[racional#Português|racional]]
[[Categoria:Adjetivo (Catalão)]]
[[Categoria:Cognato (Catalão)]]
={{-es-}}=
==Adjetivo==
'''ra.cio.nal'''
# [[racional#Português|racional]]
[[Categoria:Adjetivo (Espanhol)]]
[[Categoria:Cognato (Espanhol)]]
={{-gl-}}=
==Adjetivo==
'''racional'''
# [[racional#Português|racional]]
[[Categoria:Adjetivo (Galego)]]
[[Categoria:Cognato (Galego)]]</text>
<sha1>go6jmn3q34w13rvhfydc6jdtvvnubys</sha1>
</revision>
