<page>
<page>
<title>racismo</title>
<ns>0</ns>
<id>49639</id>
<revision>
<id>2618957</id>
<parentid>2593926</parentid>
<timestamp>2021-02-01T17:22:24Z</timestamp>
<contributor>
<username>MarxavBot</username>
<id>80155</id>
</contributor>
<minor />
<comment>AFI Portugal</comment>
<model>wikitext</model>
<format>text/x-wiki</format>
<text bytes="2186" xml:space="preserve">{{Wikipédia}}
{{Wikiquote}}
={{-pt-}}=
==Substantivo==
{{flex.pt|ms=racismo|mp=racismos}}
{{paroxítona|ra|cis|mo}}, {{gramática|m}}
# conjunto de teorias e crenças que estabelecem uma hierarquia entre as raças, entre as etnias
# [[doutrina]] que afirma que uma [[raça]] é [[superior]] a outra num dado [[lugar]] ou [[país]]
#* ''Dois homens foram detidos na noite do sábado, 24, por suspeita de '''racismo''' no Anhangabaú, centro de São Paulo.'' {{OESP|2011|abril|25}}
===Tradução===
{{tradini}}
* {{trad|af|rasseleer|rassisme}}
* {{trad|de|Rassismus}}
* {{trad|ar|عنصرية|عرقية}}
* {{trad|eu|arrazakeria}}
* {{trad|br|gouennelouriezh}}
* {{trad|ca|racisme}}
* {{trad|cs|rasismus}}
* {{trad|zh|种族主义}}
* {{trad|hr|racizmo}}
* {{trad|da|racisme}}
* {{trad|es|racismo}}
* {{trad|eo|rasismo}}
* {{trad|et|rassism}}
* {{trad|fr|racisme}}
* {{trad|gl|racismo}}
* {{trad|cy|hiliaeth}}
* {{trad|gu|જાતિવાદ}}
* {{trad|he|גזענות}}
{{tradmeio}}
* {{trad|hi|जातिवाद}}
* {{trad|nl|racisme}}
* {{trad|hu|rasszizmus}}
* {{trad|id|rasisme}}
* {{trad|en|racism}}
* {{trad|it|razzismo}}
* {{trad|ja|人種差別}}
* {{trad|la|odium phyleticum}}
* {{trad|lv|rasizmas}}
* {{trad|no|rasisme}}
* {{trad|fa|نژادپرستی}}
* {{trad|pl|rasizm}}
* {{trad|ro|rasism}}
* {{trad|ru|pасизм}}
* {{trad|sv|rasism}}
* {{trad|tr|ırkçılık}}
* {{trad|vec|rassismo}}
{{tradfim}}
=={{etimologia|pt}}==
: {{escopo|Morfologia}} [[raça]] + [[-ismo]].
=={{pronúncia|pt}}==
===Portugal===
* AFI: {{AFI|/Ra.ˈsiʒ.mu/}}
==Ver também==
===No Wikcionário===
{{verTambém.Ini}}
* [[aporofobia]]
{{verTambém.NovaColuna}}
* [[xenofobia]]
{{verTambém.Fim}}
==Ligações externas==
* {{Aulete}}
* {{Michaelis}}
* {{DPLP}}
* {{Infopédia}}
* {{PLP}}
* {{VOLPABL}}
==Anagramas==
# [[cairmos]]
# [[criamos]]
# [[críamos]]
# [[cromais]]
# [[Márcios]]
# [[márcios]]
# [[marisco]]
[[Categoria:Substantivo (Português)]]
={{-es-}}=
==Substantivo==
'''racismo'''
# [[racismo#Português|racismo]]
[[Categoria:Substantivo (Espanhol)]]
={{-gl-}}=
==Substantivo==
'''racismo'''
# [[racismo#Português|racismo]]
[[Categoria:Substantivo (Galego)]]</text>
<sha1>nt0vn9cnzvwf8e51mmh36gyjw9dkmzu</sha1>
</revision>
