<page>
<page>
<title>racionalizam</title>
<ns>0</ns>
<id>161439</id>
<revision>
<id>2397503</id>
<parentid>2216006</parentid>
<timestamp>2017-05-13T11:30:01Z</timestamp>
<contributor>
<username>HydrizBot</username>
<id>29590</id>
</contributor>
<minor />
<comment>Robô: A limpar links interwikis antigos</comment>
<model>wikitext</model>
<format>text/x-wiki</format>
<text bytes="192" xml:space="preserve">={{-pt-}}=
==Forma verbal==
'''racionalizam'''
#[[terceira pessoa]] do [[plural]] do [[presente]] do [[modo indicativo]] do verbo '''[[racionalizar]]'''
[[Categoria:Forma verbal (Português)]]</text>
<sha1>i1sicp8rgo0psla89zusa8bmyrbfmuu</sha1>
</revision>
