<page>
<page>
<title>racionalizarias</title>
<ns>0</ns>
<id>201232</id>
<revision>
<id>1168443</id>
<parentid>770709</parentid>
<timestamp>2011-07-06T12:19:05Z</timestamp>
<contributor>
<username>MalafayaBot</username>
<id>628</id>
</contributor>
<minor />
<comment>Robô: Substituição de texto automática (-^\=\s?Português\s?\= +={{-pt-}}= &amp; -^\=\s?\{\{pt\}\}\s?\= +={{-pt-}}=)</comment>
<model>wikitext</model>
<format>text/x-wiki</format>
<text bytes="186" xml:space="preserve">={{-pt-}}=
==Forma verbal==
'''racionalizarias'''
#[[segunda pessoa]] do [[singular]] do [[futuro do pretérito]] do verbo '''[[racionalizar]]'''
[[Categoria:Forma verbal (Português)]]</text>
<sha1>b6hm3b1fsqnum5o80eh42dteq8m15hv</sha1>
</revision>
