<page>
<title>racine</title>
<ns>0</ns>
<id>109488</id>
<revision>
<id>2397498</id>
<parentid>2107022</parentid>
<timestamp>2017-05-13T11:29:49Z</timestamp>
<contributor>
<username>HydrizBot</username>
<id>29590</id>
</contributor>
<minor />
<comment>Robô: A limpar links interwikis antigos</comment>
<model>wikitext</model>
<format>text/x-wiki</format>
<text bytes="127" xml:space="preserve">={{-fr-}}=
==Substantivo==
'''racine''' 
:# [[raiz]] 
[[Categoria:Substantivo (Francês)]]
[[Categoria:Botânica (Francês)]]</text>
<sha1>5hebytvjmqbfm2q21c37zgtonwktgmn</sha1>
</revision>
</page>
