<page>
<title>racionalizasses</title>
<ns>0</ns>
<id>198253</id>
<revision>
<id>1168453</id>
<parentid>754211</parentid>
<timestamp>2011-07-06T12:19:14Z</timestamp>
<contributor>
<username>MalafayaBot</username>
<id>628</id>
</contributor>
<minor />
<comment>Robô: Substituição de texto automática (-^\=\s?Português\s?\= +={{-pt-}}= &amp; -^\=\s?\{\{pt\}\}\s?\= +={{-pt-}}=)</comment>
<model>wikitext</model>
<format>text/x-wiki</format>
<text bytes="210" xml:space="preserve">={{-pt-}}=
==Forma verbal==
'''racionalizasses'''
#[[segunda pessoa]] do [[singular]] do [[pretérito imperfeito]] do [[modo subjuntivo]] do verbo '''[[racionalizar]]'''
[[Categoria:Forma verbal (Português)]]</text>
<sha1>fm4wvkji5b57lpivx07oc8drd9cn0ra</sha1>
</revision>
</page>
