<page>
<page>
<title>racionalizaríeis</title>
<ns>0</ns>
<id>195602</id>
<revision>
<id>1168449</id>
<parentid>748927</parentid>
<timestamp>2011-07-06T12:19:10Z</timestamp>
<contributor>
<username>MalafayaBot</username>
<id>628</id>
</contributor>
<minor />
<comment>Robô: Substituição de texto automática (-^\=\s?Português\s?\= +={{-pt-}}= &amp; -^\=\s?\{\{pt\}\}\s?\= +={{-pt-}}=)</comment>
<model>wikitext</model>
<format>text/x-wiki</format>
<text bytes="186" xml:space="preserve">={{-pt-}}=
==Forma verbal==
'''racionalizaríeis'''
#[[segunda pessoa]] do [[plural]] do [[futuro do pretérito]] do verbo '''[[racionalizar]]'''
[[Categoria:Forma verbal (Português)]]</text>
<sha1>bj1cttacvf35kr3auiwruq1a04zthzi</sha1>
</revision>
