<page>
<page>
<title>raciocínio</title>
<ns>0</ns>
<id>13228</id>
<revision>
<id>2690928</id>
<parentid>2690891</parentid>
<timestamp>2022-10-27T23:37:46Z</timestamp>
<contributor>
<username>ValJor</username>
<id>1358</id>
</contributor>
<minor />
<comment>Revertidas edições por [[Especial:Contribuições/85.138.9.229|85.138.9.229]] para a última versão por [[Especial:Contribuições/ValJor|ValJor]]</comment>
<model>wikitext</model>
<format>text/x-wiki</format>
<text bytes="2379" xml:space="preserve">{{Wikipédia|raciocínio lógico}}
{{Wikiquote}}
={{-pt-}}=
==Substantivo==
{{flex.pt|ms=raciocínio|mp=raciocínios}}
{{proparoxítona aparente|ra|ci|o|cí|ni|o}}, {{gramática|m}}
# forma de [[raciocinar]]
#* ''Curioso este teu '''raciocínio'''!''
# {{escopo|pt|Lógica}} operação na qual, da [[asserção]] de uma ou mais proposições, segue necessariamente a asserção de outra(s)
===Sinônimos===
De '''2''':
{{verTambém.Ini}}
* [[dedução]]
{{verTambém.NovaColuna}}
* [[inferência]]
{{verTambém.Fim}}
===Tradução===
{{tradini}}
* {{trad|de|Denken|Argumentation}}
* {{trad|ar|عقل|تفكير|إدراك}}
* {{trad|an|ragonamién}}
* {{trad|arn|rakizuamün}}
* {{trad|eu|arrazoiketa}}
* {{trad|bg|размисъл}}
* {{trad|ca|raonament}}
* {{trad|cs|úvaha|uvažování|usuzování}}
* {{trad|hr|razmišljanje}}
* {{trad|ku|bellgehênanewe}}
* {{trad|da|tankegang|ræsonnement}}
* {{trad|sk|uvažovanie}}
* {{trad|es|razonamiento}}
* {{trad|eo|rezonado|penso|diskursiva penso}}
* {{trad|et|argumenteerimine|põhjendamine}}
* {{trad|fr|raisonnement}}
* {{trad|fur|resonament}}
* {{trad|gl|raciocinio|argumentación|razoamento}}
* {{trad|el|λογική|λογική συνεπαγωγή|επιχειρηματολογία}}
* {{trad|gn|apy’ãreko|apy’ãrembiapo}}
* {{trad|gu|તર્ક}}
* {{trad|hi|तर्क}}
* {{trad|nl|redenering|denkwijze|argumentatie}}
{{tradmeio}}
* {{trad|hu|okosodás|érvelés}}
* {{trad|en|reasoning|argumentation}}
* {{trad|is|rökleiðsla}}
* {{trad|it|ragionamento|argomentazione|dimostrazione}}
* {{trad|ja|推論}}
* {{trad|la|ratiocinatio|adstructio}}
* {{trad|lv|spriešana}}
* {{trad|li|rèzzenaose}}
* {{trad|mr|तर्क}}
* {{trad|nap|raggiunamento}}
* {{trad|fa|استدلال|دليل و برهان}}
* {{trad|pms|rasonament|argumentassion}}
* {{trad|pl|rozumowanie}}
* {{trad|pa|ਤਰਕ}}
* {{trad|ro|raționament|judecată}}
* {{trad|sa|आन्वीक्षिकी}}
* {{trad|sr|размишљање}}
* {{trad|sv|resonemang}}
* {{trad|tn|akanyo|seakanyo|kakanyo}}
* {{trad|wa|råjhonmint|tuzaedje}}
* {{trad|val|raonament}}
* {{trad|vec|rajonamento}}
{{tradfim}}
=={{etimologia|pt}}==
{{llietimo|la|ratiocinium|pt}}
==Ligações externas==
* {{Aulete}}
* {{Michaelis|raciocinio}}
* {{DicioAberto}}
* {{DPLP}}
* {{Infopédia}}
* {{PLP}}
* {{VOLPABL}}
[[Categoria:Substantivo (Português)]]</text>
<sha1>fxvoe1e5dkrcrq4uzuwqd4wkefokqm4</sha1>
</revision>
