<page>
<title>racionalizo</title>
<ns>0</ns>
<id>154225</id>
<revision>
<id>2397518</id>
<parentid>1715432</parentid>
<timestamp>2017-05-13T11:30:30Z</timestamp>
<contributor>
<username>HydrizBot</username>
<id>29590</id>
</contributor>
<minor />
<comment>Robô: A limpar links interwikis antigos</comment>
<model>wikitext</model>
<format>text/x-wiki</format>
<text bytes="190" xml:space="preserve">={{-pt-}}=
==Forma verbal==
'''racionalizo'''
#[[primeira]] [[pessoa]] do [[singular]] do [[presente]] [[indicativo]] do verbo '''[[racionalizar]]'''
[[Categoria:Forma verbal (Português)]]</text>
<sha1>n36e0q3zs8qgabmlgxkg6187qb03qbd</sha1>
</revision>
</page>
