<page>
<title>racionalizas</title>
<ns>0</ns>
<id>155658</id>
<revision>
<id>2397515</id>
<parentid>1715437</parentid>
<timestamp>2017-05-13T11:30:23Z</timestamp>
<contributor>
<username>HydrizBot</username>
<id>29590</id>
</contributor>
<minor />
<comment>Robô: A limpar links interwikis antigos</comment>
<model>wikitext</model>
<format>text/x-wiki</format>
<text bytes="190" xml:space="preserve">={{-pt-}}=
==Forma verbal==
'''racionalizas'''
#[[segunda]] [[pessoa]] do [[singular]] do [[presente]] [[indicativo]] do verbo '''[[racionalizar]]'''
[[Categoria:Forma verbal (Português)]]</text>
<sha1>ex8uym9eojw7mb1np5vjlgzo2zx35ju</sha1>
</revision>
</page>
