<page>
<title>racionalizaste</title>
<ns>0</ns>
<id>172924</id>
<revision>
<id>2397516</id>
<parentid>1715434</parentid>
<timestamp>2017-05-13T11:30:25Z</timestamp>
<contributor>
<username>HydrizBot</username>
<id>29590</id>
</contributor>
<minor />
<comment>Robô: A limpar links interwikis antigos</comment>
<model>wikitext</model>
<format>text/x-wiki</format>
<text bytes="206" xml:space="preserve">={{-pt-}}=
==Forma verbal==
'''racionalizaste'''
#[[segunda pessoa]] do [[singular]] do [[pretérito perfeito]] do [[modo indicativo]] do verbo '''[[racionalizar]]'''
[[Categoria:Forma verbal (Português)]]</text>
<sha1>13aogmn9dghszxp0jhp6myexkh2vezo</sha1>
</revision>
</page>
