<page>
<page>
<title>racionalizaram</title>
<ns>0</ns>
<id>176935</id>
<revision>
<id>1168433</id>
<parentid>713096</parentid>
<timestamp>2011-07-06T12:18:54Z</timestamp>
<contributor>
<username>MalafayaBot</username>
<id>628</id>
</contributor>
<minor />
<comment>Robô: Substituição de texto automática (-^\=\s?Português\s?\= +={{-pt-}}= &amp; -^\=\s?\{\{pt\}\}\s?\= +={{-pt-}}=)</comment>
<model>wikitext</model>
<format>text/x-wiki</format>
<text bytes="205" xml:space="preserve">={{-pt-}}=
==Forma verbal==
'''racionalizaram'''
#[[terceira pessoa]] do [[plural]] do [[pretérito perfeito]] do [[modo indicativo]] do verbo '''[[racionalizar]]'''
[[Categoria:Forma verbal (Português)]]</text>
<sha1>97slxvbo2sd8b4mfp5cbe5j8715591d</sha1>
</revision>
