<page>
<title>racionalizaríamos</title>
<ns>0</ns>
<id>194295</id>
<revision>
<id>2397514</id>
<parentid>1715438</parentid>
<timestamp>2017-05-13T11:30:21Z</timestamp>
<contributor>
<username>HydrizBot</username>
<id>29590</id>
</contributor>
<minor />
<comment>Robô: A limpar links interwikis antigos</comment>
<model>wikitext</model>
<format>text/x-wiki</format>
<text bytes="188" xml:space="preserve">={{-pt-}}=
==Forma verbal==
'''racionalizaríamos'''
#[[primeira pessoa]] do [[plural]] do [[futuro do pretérito]] do verbo '''[[racionalizar]]'''
[[Categoria:Forma verbal (Português)]]</text>
<sha1>380ynyvtk58ukxbzqip0ch9ejzwlpyy</sha1>
</revision>
</page>
