<page>
<page>
<title>racionalizar</title>
<ns>0</ns>
<id>122446</id>
<revision>
<id>2619518</id>
<parentid>2439376</parentid>
<timestamp>2021-02-01T18:58:03Z</timestamp>
<contributor>
<username>MarxavBot</username>
<id>80155</id>
</contributor>
<minor />
<comment>AFI Portugal</comment>
<model>wikitext</model>
<format>text/x-wiki</format>
<text bytes="850" xml:space="preserve">={{-pt-}}=
==Verbo==
{{oxítona|ra|ci|o|na|li|zar}}, {{gramática|vtd}}
# [[tornar]] [[racional]]
# tornar mais [[eficiente]] (atividade, trabalho, etc.), com planejamento ou pelo emprego de métodos científicos ou técnicas mais adequadas
{{oxítona|ra|ci|o|na|li|zar}}, {{gramática|vti}}
# {{cont|3}} [[explicar]] ou [[conceber]] os próprios atos e reações como consequentes de motivos racionais, e não dos impulsos e desejos inconscientes
===Conjugação===
{{conj/pt|racionaliz|ar}}
===Verbetes derivados===
* [[racionalização]]
=={{etimologia|pt}}==
: {{escopo|Morfologia}} [[racional]] + [[-izar]].
=={{pronúncia|pt}}==
===Portugal===
* AFI: {{AFI|/Rɐ.sju.nɐ.li.ˈzaɾ/}}
==Ligações externas==
* {{Aulete}}
* {{DicioAberto}}
* {{DPLP}}
* {{Infopédia}}
* {{Michaelis}}
* {{PLP}}
* {{VOLPABL}}
[[Categoria:Verbo (Português)]]</text>
<sha1>bmj9om82dgkx3pxxg97gcuksnc52et3</sha1>
</revision>
