<page>
<page>
<title>racionalizeis</title>
<ns>0</ns>
<id>218293</id>
<revision>
<id>1168462</id>
<parentid>809649</parentid>
<timestamp>2011-07-06T12:19:24Z</timestamp>
<contributor>
<username>MalafayaBot</username>
<id>628</id>
</contributor>
<minor />
<comment>Robô: Substituição de texto automática (-^\=\s?Português\s?\= +={{-pt-}}= &amp; -^\=\s?\{\{pt\}\}\s?\= +={{-pt-}}=)</comment>
<model>wikitext</model>
<format>text/x-wiki</format>
<text bytes="290" xml:space="preserve">={{-pt-}}=
==Forma verbal==
'''racionalizeis'''
#[[segunda pessoa]] do [[plural]] do [[presente]] do [[modo subjuntivo]] do verbo '''[[racionalizar]]'''
#[[segunda pessoa]] do [[plural]] do [[imperativo]] [[negativo]] do verbo '''[[racionalizar]]'''
[[Categoria:Forma verbal (Português)]]</text>
<sha1>4vi75snrq0osev2dyviotbnwmgqqgpa</sha1>
</revision>
