<page>
<title>racionalização</title>
<ns>0</ns>
<id>122447</id>
<revision>
<id>2439173</id>
<parentid>2397517</parentid>
<timestamp>2017-07-21T14:21:15Z</timestamp>
<contributor>
<username>ValJor</username>
<id>1358</id>
</contributor>
<comment>Verbete [[:Categoria:!Página com idioma não informado em Predefinição:etimologia|sem indicação do idioma na seção de etimologia]]</comment>
<model>wikitext</model>
<format>text/x-wiki</format>
<text bytes="959" xml:space="preserve">={{-pt-}}=
==Substantivo==
{{flex.pt|fs=racionalização|fp=racionalizações}}
{{oxítona|ra|ci|o|na|li|za|ção}}, {{gramática|f}}
# ato ou efeito de [[racionalizar]]
# {{escopo|pt|Matemática}} operação de racionalizar
# {{escopo2|Psicanálise}} [[processo]] de [[caráter]] [[defensivo]] pelo qual um indivíduo apresenta uma explicação coerente ou moralmente aceitável para atos, ideias ou sentimentos cujos motivos verdadeiros não percebe
=={{etimologia|pt}}==
: {{escopo|Morfologia}} [[racionalizar]] + [[-ção]].
==Ligações externas==
* {{Aulete}}
* {{DPLP}}
* {{DicioAberto}}
* {{Infopédia}}
* [http://michaelis.uol.com.br/busca?r=0&amp;f=0&amp;t=0&amp;palavra=racionaliza%C3%A7%C3%A3o “racionalização”], in Trevisan, R. (coord.); Weiszflog, W. (ed.). Michaelis: Moderno Dicionário da Língua Portuguesa. São Paulo: Melhoramentos, 2012 (nova ortografia). ISBN 978-85-06-06953-0
* {{PLP}}
* {{VOLPABL}}
[[Categoria:Substantivo (Português)]]</text>
<sha1>fhmrxwgdkrm2cu4zvh8hiytugitelqq</sha1>
</revision>
</page>
