<page>
<page>
<title>racionalizasse</title>
<ns>0</ns>
<id>206541</id>
<revision>
<id>1168451</id>
<parentid>780115</parentid>
<timestamp>2011-07-06T12:19:13Z</timestamp>
<contributor>
<username>MalafayaBot</username>
<id>628</id>
</contributor>
<minor />
<comment>Robô: Substituição de texto automática (-^\=\s?Português\s?\= +={{-pt-}}= &amp; -^\=\s?\{\{pt\}\}\s?\= +={{-pt-}}=)</comment>
<model>wikitext</model>
<format>text/x-wiki</format>
<text bytes="241" xml:space="preserve">={{-pt-}}=
==Forma verbal==
'''racionalizasse'''
#[[primeira pessoa|primeira]] e [[terceira pessoa]] do [[singular]] do [[pretérito imperfeito]] do [[modo subjuntivo]] do verbo '''[[racionalizar]]'''
[[Categoria:Forma verbal (Português)]]</text>
<sha1>jvfbnfiguvf0tdr10c7fazrkn22sl39</sha1>
</revision>
