<page>
<title>racionalizáveis</title>
<ns>0</ns>
<id>168631</id>
<revision>
<id>1168474</id>
<parentid>699081</parentid>
<timestamp>2011-07-06T12:19:36Z</timestamp>
<contributor>
<username>MalafayaBot</username>
<id>628</id>
</contributor>
<minor />
<comment>Robô: Substituição de texto automática (-^\=\s?Português\s?\= +={{-pt-}}= &amp; -^\=\s?\{\{pt\}\}\s?\= +={{-pt-}}=)</comment>
<model>wikitext</model>
<format>text/x-wiki</format>
<text bytes="208" xml:space="preserve">={{-pt-}}=
==Forma verbal==
'''racionalizáveis'''
#[[segunda pessoa]] do [[plural]] do [[pretérito imperfeito]] do [[modo indicativo]] do verbo '''[[racionalizar]]'''
[[Categoria:Forma verbal (Português)]]</text>
<sha1>2xvmk33pyb0pk5w1kas6i9pg1rbgumk</sha1>
</revision>
</page>
