<page>
<title>racionalizardes</title>
<ns>0</ns>
<id>211223</id>
<revision>
<id>1168435</id>
<parentid>799509</parentid>
<timestamp>2011-07-06T12:18:56Z</timestamp>
<contributor>
<username>MalafayaBot</username>
<id>628</id>
</contributor>
<minor />
<comment>Robô: Substituição de texto automática (-^\=\s?Português\s?\= +={{-pt-}}= &amp; -^\=\s?\{\{pt\}\}\s?\= +={{-pt-}}=)</comment>
<model>wikitext</model>
<format>text/x-wiki</format>
<text bytes="285" xml:space="preserve">={{-pt-}}=
==Forma verbal==
'''racionalizardes'''
#[[segunda pessoa]] do [[plural]] do [[futuro]] do [[modo subjuntivo]] do verbo '''[[racionalizar]]'''
#[[infinitivo pessoal]] da [[segunda pessoa]] do [[plural]] do verbo '''[[racionalizar]]'''
[[Categoria:Forma verbal (Português)]]</text>
<sha1>9ufq792huxeqss32zcxaip62j0levdd</sha1>
</revision>
</page>
