<page>
<title>racial</title>
<ns>0</ns>
<id>248804</id>
<revision>
<id>2611816</id>
<parentid>2397495</parentid>
<timestamp>2021-01-31T10:18:22Z</timestamp>
<contributor>
<username>Marxav</username>
<id>73271</id>
</contributor>
<minor />
<comment>AFI Portugal</comment>
<model>wikitext</model>
<format>text/x-wiki</format>
<text bytes="345" xml:space="preserve">={{-pt-}}=
==Adjetivo==
{{flex.pt|s=racial|s-div=ra.ci.{{grifar|al}}|p=raciais|p-div=ra.ci.{{grifar|ais}}}}
{{oxítona|ra|ci|al}}, {{c2g}}
# relativo a [[raça]]
===Sinônimo===
* [[rácico]]
=={{etimologia|pt}}==
{{llietimo|en|racial|pt}}
=={{pronúncia|pt}}==
===Portugal===
* AFI: {{AFI|/Rɐ.ˈsjaɫ/}}
[[Categoria:Adjetivo (Português)]]</text>
<sha1>c95uggiakc9igmvam3v3itxp6f36imn</sha1>
</revision>
</page>
