<page>
<page>
<title>raciocinar</title>
<ns>0</ns>
<id>54983</id>
<revision>
<id>2619762</id>
<parentid>2397499</parentid>
<timestamp>2021-02-01T19:40:10Z</timestamp>
<contributor>
<username>MarxavBot</username>
<id>80155</id>
</contributor>
<minor />
<comment>AFI Portugal</comment>
<model>wikitext</model>
<format>text/x-wiki</format>
<text bytes="262" xml:space="preserve">={{-pt-}}=
==Verbo==
'''ra.ci.o.ci.nar''' 
# ([[intransitivo]])
## [[fazer]] [[raciocínio]]s
## [[apresentar]] [[razões]]
## [[calcular]]
## [[ponderar]]
=={{pronúncia|pt}}==
===Portugal===
* AFI: {{AFI|/Rɐ.sju.si.ˈnaɾ/}}
[[Categoria:Verbo (Português)]]</text>
<sha1>470aruzezyb62ot90c1adtya1dud0g5</sha1>
</revision>
