<page>
<page>
<title>racionalizais</title>
<ns>0</ns>
<id>159893</id>
<revision>
<id>1168428</id>
<parentid>671310</parentid>
<timestamp>2011-07-06T12:18:49Z</timestamp>
<contributor>
<username>MalafayaBot</username>
<id>628</id>
</contributor>
<minor />
<comment>Robô: Substituição de texto automática (-^\=\s?Português\s?\= +={{-pt-}}= &amp; -^\=\s?\{\{pt\}\}\s?\= +={{-pt-}}=)</comment>
<model>wikitext</model>
<format>text/x-wiki</format>
<text bytes="192" xml:space="preserve">={{-pt-}}=
==Forma verbal==
'''racionalizais'''
#[[segunda pessoa]] do [[plural]] do [[presente]] do [[modo indicativo]] do verbo '''[[racionalizar]]'''
[[Categoria:Forma verbal (Português)]]</text>
<sha1>fdmdyhsq67dz4m4xyvv8aou9e1m81ir</sha1>
</revision>
