<page>
<page>
<title>racionalizáramos</title>
<ns>0</ns>
<id>181405</id>
<revision>
<id>2397519</id>
<parentid>1715430</parentid>
<timestamp>2017-05-13T11:30:32Z</timestamp>
<contributor>
<username>HydrizBot</username>
<id>29590</id>
</contributor>
<minor />
<comment>Robô: A limpar links interwikis antigos</comment>
<model>wikitext</model>
<format>text/x-wiki</format>
<text bytes="195" xml:space="preserve">={{-pt-}}=
==Forma verbal==
'''racionalizáramos'''
#[[primeira pessoa]] do [[plural]] do [[pretérito mais-que-perfeito]] do verbo '''[[racionalizar]]'''
[[Categoria:Forma verbal (Português)]]</text>
<sha1>opnftf5dcd6216e34ul6okx8q6up6l4</sha1>
</revision>
