<page>
<title>racionalizou</title>
<ns>0</ns>
<id>174280</id>
<revision>
<id>1168467</id>
<parentid>708913</parentid>
<timestamp>2011-07-06T12:19:29Z</timestamp>
<contributor>
<username>MalafayaBot</username>
<id>628</id>
</contributor>
<minor />
<comment>Robô: Substituição de texto automática (-^\=\s?Português\s?\= +={{-pt-}}= &amp; -^\=\s?\{\{pt\}\}\s?\= +={{-pt-}}=)</comment>
<model>wikitext</model>
<format>text/x-wiki</format>
<text bytes="205" xml:space="preserve">={{-pt-}}=
==Forma verbal==
'''racionalizou'''
#[[terceira pessoa]] do [[singular]] do [[pretérito perfeito]] do [[modo indicativo]] do verbo '''[[racionalizar]]'''
[[Categoria:Forma verbal (Português)]]</text>
<sha1>1fa5oqwam3tcntqs3o0wjanzrp4yu8w</sha1>
</revision>
</page>
