<page>
<title>racionalizariam</title>
<ns>0</ns>
<id>196938</id>
<revision>
<id>1168442</id>
<parentid>752613</parentid>
<timestamp>2011-07-06T12:19:03Z</timestamp>
<contributor>
<username>MalafayaBot</username>
<id>628</id>
</contributor>
<minor />
<comment>Robô: Substituição de texto automática (-^\=\s?Português\s?\= +={{-pt-}}= &amp; -^\=\s?\{\{pt\}\}\s?\= +={{-pt-}}=)</comment>
<model>wikitext</model>
<format>text/x-wiki</format>
<text bytes="185" xml:space="preserve">={{-pt-}}=
==Forma verbal==
'''racionalizariam'''
#[[terceira pessoa]] do [[plural]] do [[futuro do pretérito]] do verbo '''[[racionalizar]]'''
[[Categoria:Forma verbal (Português)]]</text>
<sha1>1h57ras8g1ka9qbvh995h58p7f7xxx0</sha1>
</revision>
</page>
