<page>
<page>
<title>racket</title>
<ns>0</ns>
<id>133812</id>
<revision>
<id>2397524</id>
<parentid>2198954</parentid>
<timestamp>2017-05-13T11:30:52Z</timestamp>
<contributor>
<username>HydrizBot</username>
<id>29590</id>
</contributor>
<minor />
<comment>Robô: A limpar links interwikis antigos</comment>
<model>wikitext</model>
<format>text/x-wiki</format>
<text bytes="659" xml:space="preserve">={{-en-}}=
{{Wikipédia|lang=en}}
==Substantivo==
'''racket''' (''plural:'' '''[[rackets]]''')
#[[raquete]]
#[[agitação]], [[algazarra]]
#[[barulho]], [[clamor]]
#[[extorsão]], [[negócio]] [[ilegal]]
#[[vida]] [[movimentada]]
#[[refeição]] [[alegre]]
#[[festança]]
===Termos derivados===
* [[racketeer]], [[racketeering]]
==Verbo==
'''racket'''
#[[fazer]] [[barulho]], [[festejar]]
#[[desperdiçar]]
===Conjugação===
{{conj.en.reg|racket}}
=={{pronúncia}}==
*[[AFI]]: /ˈɹækɪt/
*[[SAMPA]]: /&quot;r{kIt/
==Ver também==
*[[racquet]]
[[Categoria:Substantivo (Inglês)]]
[[Categoria:Verbo (Inglês)]]
[[Categoria:Entrada com pronúncia (Inglês)]]</text>
<sha1>7glslnwvqp83zdde0w4dmzktin3j8v0</sha1>
</revision>
