<page>
<page>
<title>rack</title>
<ns>0</ns>
<id>356801</id>
<revision>
<id>2486805</id>
<parentid>2397523</parentid>
<timestamp>2018-02-25T09:54:23Z</timestamp>
<contributor>
<username>Askekamo</username>
<id>60711</id>
</contributor>
<model>wikitext</model>
<format>text/x-wiki</format>
<text bytes="221" xml:space="preserve">={{-pt-}}=
==Substantivo==
{{flex.pt|ms=rack|mp=racks}}
''{{paroxítona|ra|ck}}'', {{g|m}}
# {{escopo|pt|estrangeirismo|Móvel}} ver [[raque]]
==Ligações externas==
* {{VOLPABL}}
[[Categoria:Substantivo (Português)]]</text>
<sha1>03cv5i1zwiyf8kiqr7767j6msjg3pbg</sha1>
</revision>
