<page>
<page>
<title>raconte</title>
<ns>0</ns>
<id>322906</id>
<revision>
<id>2397525</id>
<parentid>1963940</parentid>
<timestamp>2017-05-13T11:30:54Z</timestamp>
<contributor>
<username>HydrizBot</username>
<id>29590</id>
</contributor>
<minor />
<comment>Robô: A limpar links interwikis antigos</comment>
<model>wikitext</model>
<format>text/x-wiki</format>
<text bytes="137" xml:space="preserve">={{-fr-}}=
==Forma verbal==
'''raconte'''
# conjugação de [[raconter]]
{{avi-for-fle|raconter}}
[[Categoria:Forma verbal (Francês)]]</text>
<sha1>hw7i2t4hgrf8wjete1xhb61fn8mvuq9</sha1>
</revision>
