<page>
<page>
<title>racêmico</title>
<ns>0</ns>
<id>334156</id>
<revision>
<id>2600926</id>
<parentid>2055823</parentid>
<timestamp>2020-11-03T09:22:52Z</timestamp>
<contributor>
<username>ValJor</username>
<id>1358</id>
</contributor>
<comment>Acrescentando código de língua à [[:Categoria:!Página com mensagem de erro em predefinição|predefinição escopo]]</comment>
<model>wikitext</model>
<format>text/x-wiki</format>
<text bytes="571" xml:space="preserve">{{grafiaPtbr|racémico}}
={{-pt-}}=
==Adjetivo==
{{flex.pt|ms=racêmico|mp=racêmicos|fs=racêmica|fp=racêmicas}}
{{proparoxítona|ra|cê|mi|co}}
# {{escopo|pt|Química}} que se refere a [[racemo]]
# diz-se de uma mistura de dois isômeros que não desvia o plano de polarização da luz:
#* ''ácido tartárico '''racêmico'''''
=={{etimologia|pt}}==
: {{escopo|Morfologia}} [[racemo]] + [[-ico]].
==Ligações externas==
* {{Aulete}}
* {{Michaelis|racemico}}
* {{DicioAberto}}
* {{DPLP}}
* {{Infopédia}}
* {{PLP}}
* {{VOLPABL}}
[[Categoria:Adjetivo (Português)]]</text>
<sha1>0all341rgs8zpjfdhkrpt5egv96td9z</sha1>
</revision>
