<page>
<title>rad</title>
<ns>0</ns>
<id>363393</id>
<revision>
<id>2530822</id>
<parentid>2397528</parentid>
<timestamp>2019-01-01T18:24:23Z</timestamp>
<contributor>
<username>Amigo7</username>
<id>58547</id>
</contributor>
<comment>/* {{-pl-}} */</comment>
<model>wikitext</model>
<format>text/x-wiki</format>
<text bytes="996" xml:space="preserve">{{Wikipédia|lang=sk}}
{{Wikipédia|lang=nl}}
{{Wikipédia|lang=pl}}
{{Wikipédia|lang=sv}}
={{-da-}}=
==Substantivo==
'''rad'''
# [[fileira]]
# [[linha]]
[[Categoria:Substantivo (Dinamarquês)]]
={{-sk-}}=
==Substantivo==
'''rad'''
# [[fileira]]
# [[linha]]
[[Categoria:Substantivo (Eslovaco)]]
={{-sl-}}=
==Adjetivo==
'''rad'''
# [[contente]], [[feliz]]
[[Categoria:Adjetivo (Holandês)]]
={{-nl-}}=
==Substantivo==
'''rad'''
# [[roda]]
[[Categoria:Substantivo (Holandês)]]
={{-no-}}=
==Substantivo==
'''rad'''
# [[fileira]]
# [[linha]]
[[Categoria:Substantivo (Norueguês)]]
={{-pl-}}=
==Substantivo==
{{elementos|Ra|frans|Fr|aktyn|Ac}}
'''rad''', {{gramática|m}} {{gramática|ina}}, {{s/p}}
# {{escopo|pl|Elemento químico}} [[rádio]]
==Ver também==
===No Wikcionário===
{{tabela periódica/pl}}
[[Categoria:Substantivo (Polonês)]]
[[Categoria:Monossílabo (Polonês)]]
={{-sv-}}=
==Substantivo==
'''rad'''
# [[fileira]]
# [[linha]]
[[Categoria:Substantivo (Sueco)]]</text>
<sha1>jjpy6pcf1z7122xr3zojl56juu6sbrs</sha1>
</revision>
</page>
