<page>
<title>radalho</title>
<ns>0</ns>
<id>409440</id>
<revision>
<id>2542045</id>
<timestamp>2019-04-18T08:23:19Z</timestamp>
<contributor>
<username>Cpls</username>
<id>20608</id>
</contributor>
<comment>[[Ajuda:Guia de edição/Menus e ferramentas/Sumário de edição|→]] nova página: ={{-gl-}}= ==Substantivo== {{flex.gl|ms=radalho|mp=radalhos}} {{paroxítona|ra|da|lho|lang=gl}}, {{g|m|lqang=...</comment>
<model>wikitext</model>
<format>text/x-wiki</format>
<text bytes="283" xml:space="preserve">={{-gl-}}=
==Substantivo==
{{flex.gl|ms=radalho|mp=radalhos}}
{{paroxítona|ra|da|lho|lang=gl}}, {{g|m|lqang=gl}}
# [[gordura]] sólida interna da [[carcaça]] da rês, [[sebo]]
=={{etimologia|gl}}==
: Confronte-se com [[redelho#{{gl}}|redelho]].
[[Categoria:Substantivo (Galego)]]</text>
<sha1>tstf33em3abd8n021sczl5afpjy2npn</sha1>
</revision>
</page>
