<page>
<title>rada</title>
<ns>0</ns>
<id>379385</id>
<revision>
<id>2414946</id>
<parentid>2414944</parentid>
<timestamp>2017-05-30T10:57:58Z</timestamp>
<contributor>
<username>Cpls</username>
<id>20608</id>
</contributor>
<comment>/* {{-gl-}} */</comment>
<model>wikitext</model>
<format>text/x-wiki</format>
<text bytes="404" xml:space="preserve">={{-gl-}}=
==Substantivo==
{{flex.gl|fs=rada|fp=radas}}
{{paroxítona|ra|da|lang=gl}}, {{g|f|lang=gl}}
# {{escopo|gl|Náutica}} [[enseada]]
===Sinónimos===
* [[abra#{{gl}}|abra]], [[angra#{{gl}}|angra]], [[cala#{{gl}}|cala]], [[enseada#{{gl}}|enseada]], [[seio#{{gl}}|seio]], [[sina#{{gl}}|sina]]
=={{etimologia|gl}}==
: Aparentada com o francês {{etimo|fr|rade}}.
[[Categoria:Substantivo (Galego)]]</text>
<sha1>ndazgpqxtswp57hqcxmxx77jw8hyyok</sha1>
</revision>
</page>
