<page>
<title>raderfordij</title>
<ns>0</ns>
<id>293523</id>
<revision>
<id>2397531</id>
<parentid>1862333</parentid>
<timestamp>2017-05-13T11:31:20Z</timestamp>
<contributor>
<username>HydrizBot</username>
<id>29590</id>
</contributor>
<minor />
<comment>Robô: A limpar links interwikis antigos</comment>
<model>wikitext</model>
<format>text/x-wiki</format>
<text bytes="312" xml:space="preserve">{{Wikipédia|lang=sl}}
={{-sl-}}=
{{elementos|Rf|lavrencij|Lr|dubnij|Db}}
==Substantivo==
'''raderfordij'''
# [[rutherfórdio]]
==={{-varort-}}===
* [[ruterfórdio]]
==Ver também==
===No Wikcionário===
{{tabela periódica/sl}}
[[Categoria:Substantivo (Esloveno)]]
[[Categoria:Elemento químico (Esloveno)]]</text>
<sha1>rjgyghx5z2iiwmd4eqld26ijlq87ypc</sha1>
</revision>
</page>
