<page>
<page>
<title>raderfordium</title>
<ns>0</ns>
<id>283444</id>
<revision>
<id>2397532</id>
<parentid>1368619</parentid>
<timestamp>2017-05-13T11:31:21Z</timestamp>
<contributor>
<username>HydrizBot</username>
<id>29590</id>
</contributor>
<minor />
<comment>Robô: A limpar links interwikis antigos</comment>
<model>wikitext</model>
<format>text/x-wiki</format>
<text bytes="250" xml:space="preserve">={{-sq-}}=
{{elementos|Rf|lorencium|Lr|dubnium|Db}}
==Substantivo==
'''raderfordium'''
# [[ruterfórdio]]
==Ver também==
===No Wikcionário===
{{tabela periódica/sq}}
[[Categoria:Substantivo (Albanês)]]
[[Categoria:Elemento químico (Albanês)]]</text>
<sha1>rnvh6m06eem7zwlvp88yinbq2br1ppo</sha1>
</revision>
