<page>
<page>
<title>radiodifundia</title>
<ns>0</ns>
<id>377709</id>
<revision>
<id>2262724</id>
<parentid>2262723</parentid>
<timestamp>2017-04-26T02:24:58Z</timestamp>
<contributor>
<username>MIL973</username>
<id>41339</id>
</contributor>
<model>wikitext</model>
<format>text/x-wiki</format>
<text bytes="323" xml:space="preserve">={{-pt-}}=
==Forma verbal==
{{paroxítona|ra|di|o|di|fun|di|a}}
# primeira pessoa do singular do pretérito imperfeito do indicativo do verbo [[radiodifundir]]
# terceira pessoa do singular do pretérito imperfeito do indicativo do verbo radiodifundir
{{avi-for-fle|radiodifundir}}
[[Categoria:Forma verbal (Português)]]</text>
<sha1>57d64c49rw0z2fkk6z72s607qswe8hw</sha1>
</revision>
