<page>
<title>Radium</title>
<ns>0</ns>
<id>308359</id>
<revision>
<id>2600510</id>
<parentid>2277512</parentid>
<timestamp>2020-11-01T09:37:52Z</timestamp>
<contributor>
<username>ValJor</username>
<id>1358</id>
</contributor>
<comment>Acrescentando código de língua à [[:Categoria:!Página com mensagem de erro em predefinição|predefinição escopo]]</comment>
<model>wikitext</model>
<format>text/x-wiki</format>
<text bytes="1433" xml:space="preserve">{{Wikipédia|lang=de}}
{{Wikipédia|lang=stq}}
{{Wikipédia|lang=lb}}
={{-gsw-}}=
==Substantivo==
{{elementos|Ra|Francium|Fr|Actinium|Ac}}
'''Radium'''
# {{escopo|gsw|Química}} [[rádio]]
==Ver também==
===No Wikcionário===
{{tabela periódica/gsw}}
[[Categoria:Substantivo (Alemânico)]]
[[Categoria:Elemento químico (Alemânico)]]
={{-de-}}=
==Substantivo==
{{elementos|Ra|Francium|Fr|Actinium|Ac}}
'''Radium'''
# {{escopo|de|Química}} [[rádio]]
==Ver também==
===No Wikcionário===
{{tabela periódica/de}}
[[Categoria:Substantivo (Alemão)]]
[[Categoria:Elemento químico (Alemão)]]
={{-nds-}}=
==Substantivo==
{{elementos|Ra|Francium|Fr|Actinium|Ac}}
'''Radium'''
# {{escopo|nds|Química}} [[rádio]]
==Ver também==
===No Wikcionário===
{{tabela periódica/nds}}
[[Categoria:Substantivo (Baixo Saxão)]]
[[Categoria:Elemento químico (Baixo Saxão)]]
={{-stq-}}=
==Substantivo==
{{elementos|Ra|Francium|Fr|Actinium|Ac}}
'''Radium'''
# {{escopo|stq|Química}} [[rádio]]
==Ver também==
===No Wikcionário===
{{tabela periódica/stq}}
[[Categoria:Substantivo (Frísio Oriental)]]
[[Categoria:Elemento químico (Frísio Oriental)]]
={{-lb-}}=
==Substantivo==
{{elementos|Ra|Francium|Fr|Actinium|Ac}}
'''Radium'''
# {{escopo|lb|Química}} [[rádio]]
==Ver também==
===No Wikcionário===
{{tabela periódica/lb}}
[[Categoria:Substantivo (Luxemburguês)]]
[[Categoria:Elemento químico (Luxemburguês)]]</text>
<sha1>a7jp39fhkwqzls5m99fm5ba7bjtaqe6</sha1>
</revision>
</page>
