<page>
<page>
<title>radicalidades</title>
<ns>0</ns>
<id>340637</id>
<revision>
<id>2397548</id>
<parentid>2022454</parentid>
<timestamp>2017-05-13T11:32:13Z</timestamp>
<contributor>
<username>HydrizBot</username>
<id>29590</id>
</contributor>
<minor />
<comment>Robô: A limpar links interwikis antigos</comment>
<model>wikitext</model>
<format>text/x-wiki</format>
<text bytes="185" xml:space="preserve">={{-pt-}}=
==Forma de substantivo==
{{paroxítona|ra|di|ca|li|da|des}}, {{f}}
# plural de [[radicalidade]]
{{avi-for-fle|radicalidade}}
[[Categoria:Forma de substantivo (Português)]]</text>
<sha1>jj46dnn7svyuilaowc5vla4lcxvydbb</sha1>
</revision>
