<page>
<title>radioemitiriam</title>
<ns>0</ns>
<id>377795</id>
<revision>
<id>2279186</id>
<parentid>2279178</parentid>
<timestamp>2017-04-27T01:23:25Z</timestamp>
<contributor>
<username>MIL973</username>
<id>41339</id>
</contributor>
<model>wikitext</model>
<format>text/x-wiki</format>
<text bytes="226" xml:space="preserve">={{-pt-}}=
==Forma verbal==
{{paroxítona|ra|di|o|e|mi|ti|ri|am}}
# terceira pessoa do plural do futuro do pretérito do indicativo do verbo [[radioemitir]]
{{avi-for-fle|radioemitir}}
[[Categoria:Forma verbal (Português)]]</text>
<sha1>mmx49eig0e7wnv0ruew84aezg886ax9</sha1>
</revision>
</page>
