<page>
<page>
<title>radioemitirmos</title>
<ns>0</ns>
<id>377719</id>
<revision>
<id>2262744</id>
<parentid>2262743</parentid>
<timestamp>2017-04-26T02:36:08Z</timestamp>
<contributor>
<username>MIL973</username>
<id>41339</id>
</contributor>
<model>wikitext</model>
<format>text/x-wiki</format>
<text bytes="311" xml:space="preserve">={{-pt-}}=
==Forma verbal==
{{paroxítona|ra|di|o|e|mi|tir|mos}}
# primeira pessoa do plural do futuro do {{PEPB|inline=1|conjuntivo|subjuntivo}} do verbo [[radioemitir]]
# infinitivo pessoal da primeira pessoa do plural do verbo radioemitir
{{avi-for-fle|radioemitir}}
[[Categoria:Forma verbal (Português)]]</text>
<sha1>40a5hcoxthe0qsohryubolg0vcsyxes</sha1>
</revision>
