<page>
<page>
<title>radioemitireis</title>
<ns>0</ns>
<id>377800</id>
<revision>
<id>2279333</id>
<parentid>2279324</parentid>
<timestamp>2017-04-27T01:29:08Z</timestamp>
<contributor>
<username>MIL973</username>
<id>41339</id>
</contributor>
<model>wikitext</model>
<format>text/x-wiki</format>
<text bytes="252" xml:space="preserve">{{ver também|radioemitíreis}}
={{-pt-}}=
==Forma verbal==
{{oxítona|ra|di|o|e|mi|ti|reis}}
# segunda pessoa do plural do futuro do presente do indicativo do verbo [[radioemitir]]
{{avi-for-fle|radioemitir}}
[[Categoria:Forma verbal (Português)]]</text>
<sha1>15l2x4scub0hz9r064dkivqrl11p2gn</sha1>
</revision>
