<page>
<page>
<title>radiola</title>
<ns>0</ns>
<id>379855</id>
<revision>
<id>2417332</id>
<parentid>2417326</parentid>
<timestamp>2017-06-14T03:11:46Z</timestamp>
<contributor>
<username>Askekamo</username>
<id>60711</id>
</contributor>
<model>wikitext</model>
<format>text/x-wiki</format>
<text bytes="523" xml:space="preserve">={{-pt-}}=
==Substantivo==
{{flex.pt|fs=radiola|fp=radiolas}}
{{paroxítona|ra|di|o|la}}, {{gramática|f|s}}
# aparelho eletrônico ou aparelho de som para tocar discos de vinil
===Sinônimos===
De '''1''':
{{verTambém.Ini}}
* [[gira-discos]]
* [[toca-disco]]
{{verTambém.NovaColuna}}
* [[toca-discos]]
* [[vitrola]]
{{verTambém.Fim}}
==Ver também==
===No Wikcionário===
{{verTambém.Ini}}
* [[longueplei]]
{{verTambém.NovaColuna}}
* [[Wikisaurus:música]]
{{verTambém.Fim}}
[[Categoria:Substantivo (Português)]]</text>
<sha1>sravw31z79iui4954qb77a1wz9a16cv</sha1>
</revision>
