<page>
<page>
<title>radialista</title>
<ns>0</ns>
<id>1174</id>
<revision>
<id>2661314</id>
<parentid>2600829</parentid>
<timestamp>2022-02-25T09:42:45Z</timestamp>
<contributor>
<username>MIL973</username>
<id>41339</id>
</contributor>
<model>wikitext</model>
<format>text/x-wiki</format>
<text bytes="1197" xml:space="preserve">[[Imagem:2008 ML - Jan IMG 5900 (5349058278).jpg|thumb|right|250px|&lt;center&gt;Radialista&lt;/center&gt;]]
={{-pt-}}=
==Substantivo==
{{flex.pt|s=radialista|p=radialistas}}
{{paroxítona|ra|di|a|lis|ta}}, {{gramática|c2g}}
# {{escopo|pt|Brasil|comunicação|profissão}} pessoa que trabalha em programas transmitidos por [[radiodifusão]]
#* ''Certamente, uma das vozes mais ouvidas da metrópole. Ana Maria Mello, '''radialista''' e ex-vendedora de produtos de acrílico, é a voz de estacionamentos dos shoppings da capital.'' {{OESP|2010|maio|02}}
=={{etimologia|pt}}==
: {{escopo|Morfologia}} De [[radial]] + [[-ista]].
=={{pronúncia|pt}}==
===Brasileira: Paulistana e Caipira===
* AFI: /xa.dʒi.a.ˈlis.tə/
* SAMPA: /xa.dZi.a.&quot;lis.t@/
==Ver também==
===No Wikcionário===
====Apêndices====
* [[Apêndice:Profissões em português|profissões em português]]
====Wikisaurus====
* [[Wikisaurus:comunicação|comunicação]]
==Ligações externas==
* {{Aulete}}
* {{Michaelis}}
* {{DPLP}}
* {{Infopédia}}
* {{PLP}}
* {{VOLPABL}}
==Anagrama==
&lt;!-- índice para anagramas: pt: aaadiilrst --&gt;
# [[dilatarias]]
[[Categoria:Substantivo (Português)]]
[[Categoria:Entrada com imagem (Português)]]</text>
<sha1>357528wz5ny92iv3pitalphiwy8a9uk</sha1>
</revision>
