<page>
<title>radiotelescópio</title>
<ns>0</ns>
<id>16318</id>
<revision>
<id>2685633</id>
<parentid>2682699</parentid>
<timestamp>2022-08-09T01:45:25Z</timestamp>
<contributor>
<username>ValJor</username>
<id>1358</id>
</contributor>
<comment>Substituindo placeholder aaa pelo código do idioma da seção</comment>
<model>wikitext</model>
<format>text/x-wiki</format>
<text bytes="2127" xml:space="preserve">{{Wikipédia|lang=pt}}
[[Imagem:KSC radio telescope.jpg|thumb|right|250px|{{centro|Radiotelescópio}}]]
={{-pt-}}=
==Substantivo==
{{flex.pt|ms=radiotelescópio|mp=radiotelescópios}}
{{proparoxítona aparente|ra|di|o|te|les|có|pi|o}}, {{gramática|m}}
# [[telescópio]] sensível a [[onda]]s de [[rádio]]
#* ''Usando o Atacama Large Millimeter/submillimeter Array, ou ALMA - uma coleção de '''radiotelescópios''' no Chile - Harikane e sua equipe obtiveram um desvio para o vermelho provisório para o HD1 de 13, o que significa que o comprimento de onda da luz emitida por um átomo de oxigênio esticou em 14 vezes seu comprimento de onda em repouso.'' {{OESP|2022|maio|7}}
===Tradução===
{{tradini}}
* {{trad|sq|radio teleskopi}}
* {{trad|de|Radioteleskop}}
* {{trad|bg|радиотелескоп}}
* {{trad|ca|radiotelescopi}}
* {{trad|cs|radioteleskop}}
* {{trad|zh|射电望远镜}}
* {{trad|hr|radio teleskop}}
* {{trad|sk|rádioteleskop}}
* {{trad|es|radiotelescopio}}
* {{trad|eo|radioteleskopo}}
* {{trad|fi|radioteleskooppi}}
* {{trad|fr|radiotélescope}}
* {{trad|gl|radiotelescopio}}
* {{trad|el|ραδιοτηλεσκόπιο}}
* {{trad|he|רדיו-טלסקופ}}
* {{trad|nl|radiotelescoop}}
{{tradmeio}}
* {{trad|hu|rádiótávcső}}
* {{trad|en|radio telescope}}
* {{trad|it|radiotelescopio}}
* {{trad|ja|電波望遠鏡}}
* {{trad|lv|radioteleskops}}
* {{trad|lt|radioteleskopas}}
* {{trad|fa|رادیو تلسکوپ}}
* {{trad|pl|radioteleskop}}
* {{trad|ro|radiotelescop}}
* {{trad|ru|радиотелескоп}}
* {{trad|sr|радио телескоп}}
* {{trad|sv|radioteleskop}}
* {{trad|th|กล้องโทรทรรศน์วิทยุ}}
* {{trad|tr|radyo teleskoplar}}
* {{trad|uk|радіотелескоп}}
{{tradfim}}
=={{etimologia|pt}}==
: {{escopo|Morfologia}} [[radio]] + [[telescópio]].
=={{pronúncia|pt}}==
===Portugal===
* [[AFI]]: /ʀadjutələʃˈkɔpju/
==Ligações externas==
* {{Aulete}}
* {{Michaelis|radiotelescopio}}
* {{DLPO}}
* {{Infopédia}}
* {{PLP}}
* {{VOLPABL}}
[[Categoria:Substantivo (Português)]]
[[Categoria:Entrada com imagem (Português)]]</text>
<sha1>0o6ylixza2yk1f43pr8t4o4xsus1ct0</sha1>
</revision>
</page>
