<page>
<page>
<title>radiodifunda</title>
<ns>0</ns>
<id>377668</id>
<revision>
<id>2262626</id>
<parentid>2262625</parentid>
<timestamp>2017-04-25T08:50:40Z</timestamp>
<contributor>
<username>MIL973</username>
<id>41339</id>
</contributor>
<model>wikitext</model>
<format>text/x-wiki</format>
<text bytes="507" xml:space="preserve">={{-pt-}}=
==Forma verbal==
{{paroxítona|ra|di|o|di|fun|da}}
# primeira pessoa do singular do presente do {{PEPB|inline=1|conjuntivo|subjuntivo}} do verbo [[radiodifundir]]
# terceira pessoa do singular do presente do {{PEPB|inline=1|conjuntivo|subjuntivo}} do verbo radiodifundir
# terceira pessoa do singular do imperativo afirmativo do verbo radiodifundir
# terceira pessoa do singular do imperativo negativo do verbo radiodifundir
{{avi-for-fle|radiodifundir}}
[[Categoria:Forma verbal (Português)]]</text>
<sha1>lzh2khmass2uvr1y0avmy1a35ek24s3</sha1>
</revision>
