<page>
<title>radiodifundiam</title>
<ns>0</ns>
<id>377713</id>
<revision>
<id>2262732</id>
<parentid>2262731</parentid>
<timestamp>2017-04-26T02:28:58Z</timestamp>
<contributor>
<username>MIL973</username>
<id>41339</id>
</contributor>
<model>wikitext</model>
<format>text/x-wiki</format>
<text bytes="230" xml:space="preserve">={{-pt-}}=
==Forma verbal==
{{paroxítona|ra|di|o|di|fun|di|am}}
# terceira pessoa do plural do pretérito imperfeito do indicativo do verbo [[radiodifundir]]
{{avi-for-fle|radiodifundir}}
[[Categoria:Forma verbal (Português)]]</text>
<sha1>ktoleoft4t6tz4by4nsrocmiw31sdak</sha1>
</revision>
</page>
