<page>
<title>radiyu</title>
<ns>0</ns>
<id>406976</id>
<revision>
<id>2536598</id>
<timestamp>2019-02-16T22:16:49Z</timestamp>
<contributor>
<username>Amigo7</username>
<id>58547</id>
</contributor>
<comment>Criação do verbete</comment>
<model>wikitext</model>
<format>text/x-wiki</format>
<text bytes="484" xml:space="preserve">{{Wikipédia|lang=qu}}
={{-qu-}}=
==Substantivo==
{{elementos|Ra|fransyu|Fr|aktinyu|Ac}}
'''radiyu'''
# {{escopo|qu|Elemento químico}} [[rádio]]
# {{escopo2|aparelho}} [[rádio]]
==={{-varort-}}===
* {{link idioma|radyu|qu}}
===Sinônimos===
* De 1: {{link idioma|radyu q'illay|qu}}, {{link idioma|radiyu q'illay|qu}}
* De 2: {{link idioma|ankichiy}}, {{link idioma|wayrasimi}}
==Ver também==
===No Wikcionário===
{{tabela periódica/qu}}
[[Categoria:Substantivo (Quéchua)]]</text>
<sha1>cwhshcna88a6q2quo433jyj0w7dvjh4</sha1>
</revision>
</page>
