<page>
<page>
<title>radioemitíeis</title>
<ns>0</ns>
<id>377858</id>
<revision>
<id>2294312</id>
<parentid>2294311</parentid>
<timestamp>2017-04-28T00:23:59Z</timestamp>
<contributor>
<username>MIL973</username>
<id>41339</id>
</contributor>
<model>wikitext</model>
<format>text/x-wiki</format>
<text bytes="225" xml:space="preserve">={{-pt-}}=
==Forma verbal==
{{paroxítona|ra|di|o|e|mi|tí|eis}}
# segunda pessoa do plural do pretérito imperfeito do indicativo do verbo [[radioemitir]]
{{avi-for-fle|radioemitir}}
[[Categoria:Forma verbal (Português)]]</text>
<sha1>2p6aj0zf5u4mhz8zvvh8s63oa8axsvm</sha1>
</revision>
