<page>
<page>
<title>radiodifundem</title>
<ns>0</ns>
<id>377717</id>
<revision>
<id>2262740</id>
<parentid>2262739</parentid>
<timestamp>2017-04-26T02:33:07Z</timestamp>
<contributor>
<username>MIL973</username>
<id>41339</id>
</contributor>
<model>wikitext</model>
<format>text/x-wiki</format>
<text bytes="215" xml:space="preserve">={{-pt-}}=
==Forma verbal==
{{paroxítona|ra|di|o|di|fun|dem}}
# terceira pessoa do plural do presente do indicativo do verbo [[radiodifundir]]
{{avi-for-fle|radiodifundir}}
[[Categoria:Forma verbal (Português)]]</text>
<sha1>gssyfmbl5denr5twf9cmt70shvockop</sha1>
</revision>
