<page>
<page>
<title>radioemitiras</title>
<ns>0</ns>
<id>377803</id>
<revision>
<id>2279441</id>
<parentid>2279435</parentid>
<timestamp>2017-04-27T01:33:19Z</timestamp>
<contributor>
<username>MIL973</username>
<id>41339</id>
</contributor>
<model>wikitext</model>
<format>text/x-wiki</format>
<text bytes="265" xml:space="preserve">{{ver também|radioemitirás}}
={{-pt-}}=
==Forma verbal==
{{paroxítona|ra|di|o|e|mi|ti|ras}}
# segunda pessoa do singular do pretérito mais-que-perfeito do indicativo do verbo [[radioemitir]]
{{avi-for-fle|radioemitir}}
[[Categoria:Forma verbal (Português)]]</text>
<sha1>lww0126nfh8zcer2jvhk7jfz0ynagio</sha1>
</revision>
