<page>
<page>
<title>radiar</title>
<ns>0</ns>
<id>334072</id>
<revision>
<id>2397541</id>
<parentid>2238520</parentid>
<timestamp>2017-05-13T11:31:51Z</timestamp>
<contributor>
<username>HydrizBot</username>
<id>29590</id>
</contributor>
<minor />
<comment>Robô: A limpar links interwikis antigos</comment>
<model>wikitext</model>
<format>text/x-wiki</format>
<text bytes="417" xml:space="preserve">={{-pt-}}=
==Verbo==
{{oxítona|ra|di|ar}}
# [[aureolar]], cercar de [[raio]]s [[refulgente]]s
# emitir raios de luz ou calor; [[irradiar]]
# lançar raios, [[resplandecer]], [[refulgir]]
===Conjugação===
{{conj/pt|radi|ar}}
===Sinônimos===
{{verTambém.Ini}}
* [[brilhar]]
{{verTambém.NovaColuna}}
* [[cintilar]]
{{verTambém.NovaColuna}}
* [[resplandecer]]
{{verTambém.Fim}}
[[Categoria:Verbo (Português)]]</text>
<sha1>l8eddzmcjcyaq9nlmwndev7sev9qy70</sha1>
</revision>
