<page>
<title>radioemitiríamos</title>
<ns>0</ns>
<id>377793</id>
<revision>
<id>2279135</id>
<parentid>2279128</parentid>
<timestamp>2017-04-27T01:21:30Z</timestamp>
<contributor>
<username>MIL973</username>
<id>41339</id>
</contributor>
<model>wikitext</model>
<format>text/x-wiki</format>
<text bytes="233" xml:space="preserve">={{-pt-}}=
==Forma verbal==
{{proparoxítona|ra|di|o|e|mi|ti|rí|a|mos}}
# primeira pessoa do plural do futuro do pretérito do indicativo do verbo [[radioemitir]]
{{avi-for-fle|radioemitir}}
[[Categoria:Forma verbal (Português)]]</text>
<sha1>t4ks20d2rdp3p6vwtu270mezhvw07i1</sha1>
</revision>
</page>
