<page>
<title>radioemita</title>
<ns>0</ns>
<id>377783</id>
<revision>
<id>2278899</id>
<parentid>2278891</parentid>
<timestamp>2017-04-27T01:10:02Z</timestamp>
<contributor>
<username>MIL973</username>
<id>41339</id>
</contributor>
<model>wikitext</model>
<format>text/x-wiki</format>
<text bytes="495" xml:space="preserve">={{-pt-}}=
==Forma verbal==
{{paroxítona|ra|di|o|e|mi|ta}}
# primeira pessoa do singular do presente do {{PEPB|inline=1|conjuntivo|subjuntivo}} do verbo [[radioemitir]]
# terceira pessoa do singular do presente do {{PEPB|inline=1|conjuntivo|subjuntivo}} do verbo radioemitir
# terceira pessoa do singular do imperativo afirmativo do verbo radioemitir
# terceira pessoa do singular do imperativo negativo do verbo radioemitir
{{avi-for-fle|radioemitir}}
[[Categoria:Forma verbal (Português)]]</text>
<sha1>6sksfcuoyvvz8exkfdl2wow3m075ivb</sha1>
</revision>
</page>
