<page>
<title>radioemissão</title>
<ns>0</ns>
<id>330366</id>
<revision>
<id>2660716</id>
<parentid>2496165</parentid>
<timestamp>2022-02-21T12:15:37Z</timestamp>
<contributor>
<username>MIL973</username>
<id>41339</id>
</contributor>
<model>wikitext</model>
<format>text/x-wiki</format>
<text bytes="1065" xml:space="preserve">[[File:2008 ML - Jan IMG 5900 (5349058278).jpg|thumb|Radioemissão.]]
={{-pt-}}=
==Substantivo==
{{flex.pt|fs=radioemissão|fp=radioemissões}}
{{oxítona|ra|di|o|e|mis|são}}, {{gramática|f}} 
# {{escopo|pt|Comunicação|telecomunicações}} ação de [[radiodifundir]] ou de [[radioemitir]]
# {{escopo|pt|Comunicação|telecomunicações}} comunicação via [[rádio]]
#* ''Exemplo de '''radioemissão''': Rádio Bandeirantes AM de São Paulo (840 kHz).''
===Sinônimo===
* [[radiodifusão]]
=={{etimologia|pt}}==
: {{escopo|Morfologia}} De [[rádio-]] + [[emissão]].
==Ver também==
===No Wikcionário===
{{colunas|2}}
* [[difusor]]
* [[difusora]]
* [[emissor]]
* [[emissora]]
* [[radialista]]
* [[radiodifusor]]
* [[radiodifusora]]
* [[radioemissor]]
* [[radioemissora]]
* [[telecomunicação]]
{{colunas/fim}}
====Siglas====
{{colunas|2}}
* [[AM]]
* [[Anatel]]
* [[ANATEL]]
* [[FM]]
* [[OC]]
{{colunas/fim}}
====Expressões====
* [[Voz do Brasil]]
====Wikisaurus====
* [[Wikisaurus:comunicação|comunicação]]
[[Categoria:Substantivo (Português)]]</text>
<sha1>ibgjpovoig9pbnehwoxuln48bjqpzmu</sha1>
</revision>
</page>
