<page>
<title>radiodifundíramos</title>
<ns>0</ns>
<id>377702</id>
<revision>
<id>2262710</id>
<parentid>2262709</parentid>
<timestamp>2017-04-26T02:17:44Z</timestamp>
<contributor>
<username>MIL973</username>
<id>41339</id>
</contributor>
<model>wikitext</model>
<format>text/x-wiki</format>
<text bytes="245" xml:space="preserve">={{-pt-}}=
==Forma verbal==
{{proparoxítona|ra|di|o|di|fun|dí|ra|mos}}
# primeira pessoa do plural do pretérito mais-que-perfeito do indicativo do verbo [[radiodifundir]]
{{avi-for-fle|radiodifundir}}
[[Categoria:Forma verbal (Português)]]</text>
<sha1>1iuqdkb7obb81l3xypgju1lleept89w</sha1>
</revision>
</page>
