<page>
<page>
<title>radialismo</title>
<ns>0</ns>
<id>350833</id>
<revision>
<id>2061900</id>
<timestamp>2016-02-09T09:53:17Z</timestamp>
<contributor>
<username>ValJor</username>
<id>1358</id>
</contributor>
<comment>Criação do verbete a partir da lista de palavras do Wikisaurus</comment>
<model>wikitext</model>
<format>text/x-wiki</format>
<text bytes="318" xml:space="preserve">{{Wikipédia}}
{{confundir|radicalismo}}
={{-pt-}}=
==Substantivo==
{{flex.pt|ms=radialismo|mp=radialismos}}
{{paroxítona|ra|di|a|lis|mo}}, {{m}}
# todo o [[processo]] envolvente da [[rádio]] e [[televisão]]
==Ver também==
===No Wikcionário===
* [[Wikisaurus:profissão]]
[[Categoria:Substantivo (Português)]]</text>
<sha1>p2ob3bcfmqou6ne6n5n0666krx68ndj</sha1>
</revision>
