<page>
<page>
<title>radiodifundireis</title>
<ns>0</ns>
<id>377698</id>
<revision>
<id>2262702</id>
<parentid>2262701</parentid>
<timestamp>2017-04-26T02:13:14Z</timestamp>
<contributor>
<username>MIL973</username>
<id>41339</id>
</contributor>
<model>wikitext</model>
<format>text/x-wiki</format>
<text bytes="260" xml:space="preserve">{{ver também|radiodifundíreis}}
={{-pt-}}=
==Forma verbal==
{{oxítona|ra|di|o|di|fun|di|reis}}
# segunda pessoa do plural do futuro do presente do indicativo do verbo [[radiodifundir]]
{{avi-for-fle|radiodifundir}}
[[Categoria:Forma verbal (Português)]]</text>
<sha1>g330nif2k460ocq2na5un2ejrnvds25</sha1>
</revision>
