<page>
<title>radiantes</title>
<ns>0</ns>
<id>84250</id>
<revision>
<id>2397540</id>
<parentid>2194723</parentid>
<timestamp>2017-05-13T11:31:48Z</timestamp>
<contributor>
<username>HydrizBot</username>
<id>29590</id>
</contributor>
<minor />
<comment>Robô: A limpar links interwikis antigos</comment>
<model>wikitext</model>
<format>text/x-wiki</format>
<text bytes="229" xml:space="preserve">={{-pt-}}=
==Forma de adjetivo==
{{paroxítona|ra|di|an|tes}}
# plural de [[radiante]]
==Anagramas==
# [[ardentias]]
# [[dentárias]]
# [[desatinar]]
# [[destinara]]
# [[destinará]]
[[Categoria:Forma de adjetivo (Português)]]</text>
<sha1>krx17scw15m69s3yrfpm9n3zai1v137</sha1>
</revision>
</page>
