<page>
<page>
<title>radioemissora</title>
<ns>0</ns>
<id>330350</id>
<revision>
<id>2664086</id>
<parentid>2664085</parentid>
<timestamp>2022-03-07T20:52:08Z</timestamp>
<contributor>
<username>MIL973</username>
<id>41339</id>
</contributor>
<model>wikitext</model>
<format>text/x-wiki</format>
<text bytes="1166" xml:space="preserve">={{-pt-}}=
==Substantivo==
{{flex.pt|fs=radioemissora|fp=radioemissoras}}
{{paroxítona|ra|di|o|e|mis|so|ra}}, {{gramática|f}}
# {{escopo|pt|Comunicação|telecomunicações}} [[estação]] de [[rádio]] ([[AM]], [[FM]] ou [[OC]])
===Sinônimo===
* [[radiodifusora]]
==Forma de adjetivo==
{{flex.pt|ms=radioemissor|mp=radioemissores|fs=radioemissora|fp=radioemissoras}}
{{paroxítona|ra|di|o|e|mis|so|ra}}, {{gramática|f}}
# feminino de [[radioemissor]]
{{avi-for-fle|radioemissor}}
==Forma de substantivo==
{{flex.pt|ms=radioemissor|mp=radioemissores|fs=radioemissora|fp=radioemissoras}}
{{paroxítona|ra|di|o|e|mis|so|ra}}, {{gramática|f}}
# feminino de [[radioemissor]]
{{avi-for-fle|radioemissor}}
=={{etimologia|pt}}==
: {{escopo|Morfologia}} De [[rádio-]] + [[emissora]].
==Ver também==
===No Wikcionário===
{{colunas|2}}
* [[radiodifusão]]
* [[radioemissão]]
{{colunas/fim}}
====Siglas====
{{colunas|2}}
* [[Anatel]]
* [[ANATEL]]
{{colunas/fim}}
====Wikisaurus====
* [[Wikisaurus:comunicação|comunicação]]
[[Categoria:Substantivo (Português)]]
[[Categoria:Forma de adjetivo (Português)]]
[[Categoria:Forma de substantivo (Português)]]</text>
<sha1>gwb248jq0vwxs35fxruqapoogxacvp9</sha1>
</revision>
