<page>
<title>radiodifundias</title>
<ns>0</ns>
<id>377710</id>
<revision>
<id>2262726</id>
<parentid>2262725</parentid>
<timestamp>2017-04-26T02:26:03Z</timestamp>
<contributor>
<username>MIL973</username>
<id>41339</id>
</contributor>
<model>wikitext</model>
<format>text/x-wiki</format>
<text bytes="266" xml:space="preserve">={{-pt-}}=
==Forma verbal==
{{paroxítona|ra|di|o|di|fun|di|as}}
# segunda pessoa do singular do pretérito imperfeito do indicativo do verbo [[radiodifundir]]
{{avi-for-fle|radiodifundir}}
==Anagrama==
# [[radiodifundais]]
[[Categoria:Forma verbal (Português)]]</text>
<sha1>2su6vgunpllamykup6zmjm0v123ea1v</sha1>
</revision>
</page>
