<page>
<title>radioemitias</title>
<ns>0</ns>
<id>377856</id>
<revision>
<id>2294308</id>
<parentid>2294307</parentid>
<timestamp>2017-04-28T00:22:18Z</timestamp>
<contributor>
<username>MIL973</username>
<id>41339</id>
</contributor>
<model>wikitext</model>
<format>text/x-wiki</format>
<text bytes="258" xml:space="preserve">={{-pt-}}=
==Forma verbal==
{{paroxítona|ra|di|o|e|mi|ti|as}}
# segunda pessoa do singular do pretérito imperfeito do indicativo do verbo [[radioemitir]]
{{avi-for-fle|radioemitir}}
==Anagrama==
# [[radioemitais]]
[[Categoria:Forma verbal (Português)]]</text>
<sha1>duozfzbns9gu6t4fl2l4wd62u2pg8an</sha1>
</revision>
</page>
