<page>
<title>radial</title>
<ns>0</ns>
<id>222935</id>
<revision>
<id>2397535</id>
<parentid>2098381</parentid>
<timestamp>2017-05-13T11:31:36Z</timestamp>
<contributor>
<username>HydrizBot</username>
<id>29590</id>
</contributor>
<minor />
<comment>Robô: A limpar links interwikis antigos</comment>
<model>wikitext</model>
<format>text/x-wiki</format>
<text bytes="292" xml:space="preserve">={{-pt-}}=
==Substantivo==
{{flex.pt|fs=radial|fp=radiais}}
{{oxítona|ra|di|al}}, {{gramática|f}}
# [[semi-reta]] que parte do centro de uma [[circunferência]] ou [[esfera]], em qualquer [[direção]] do plano (circunferência) ou do espaço (esfera)
[[Categoria:Substantivo (Português)]]</text>
<sha1>mduzm57q4fre8ekop7snn0r09jjulub</sha1>
</revision>
</page>
