<page>
<title>radiodifusores</title>
<ns>0</ns>
<id>330361</id>
<revision>
<id>2664093</id>
<parentid>2664091</parentid>
<timestamp>2022-03-07T21:00:45Z</timestamp>
<contributor>
<username>MIL973</username>
<id>41339</id>
</contributor>
<model>wikitext</model>
<format>text/x-wiki</format>
<text bytes="755" xml:space="preserve">={{-pt-}}=
==Forma de adjetivo==
{{flex.pt|ms=radiodifusor|mp=radiodifusores|fs=radiodifusora|fp=radiodifusoras}}
{{paroxítona|ra|di|o|di|fu|so|res}}, {{gramática|mp}}
# plural de [[radiodifusor]]
{{avi-for-fle|radiodifusor}}
==Forma de substantivo&lt;sup&gt;1&lt;/sup&gt;==
{{flex.pt|ms=radiodifusor|mp=radiodifusores|fs=radiodifusora|fp=radiodifusoras}}
{{paroxítona|ra|di|o|di|fu|so|res}}, {{gramática|mp}}
# plural de [[radiodifusor]]
{{avi-for-fle|radiodifusor}}
==Forma de substantivo&lt;sup&gt;2&lt;/sup&gt;==
{{flex.pt|ms=radiodifusor|mp=radiodifusores}}
{{paroxítona|ra|di|o|di|fu|so|res}}, {{gramática|mp}}
# plural de [[radiodifusor]]
{{avi-for-fle|radiodifusor}}
[[Categoria:Forma de adjetivo (Português)]]
[[Categoria:Forma de substantivo (Português)]]</text>
<sha1>ri5nklt75rkm5r4mnjcbcjcen6b1rcb</sha1>
</revision>
</page>
