<page>
<page>
<title>radiodifundires</title>
<ns>0</ns>
<id>377659</id>
<revision>
<id>2262608</id>
<parentid>2262607</parentid>
<timestamp>2017-04-25T08:39:26Z</timestamp>
<contributor>
<username>MIL973</username>
<id>41339</id>
</contributor>
<model>wikitext</model>
<format>text/x-wiki</format>
<text bytes="320" xml:space="preserve">={{-pt-}}=
==Forma verbal==
{{paroxítona|ra|di|o|di|fun|di|res}}
# segunda pessoa do singular do futuro do {{PEPB|inline=1|conjuntivo|subjuntivo}} do verbo [[radiodifundir]]
# infinitivo pessoal da segunda pessoa do singular do verbo radiodifundir
{{avi-for-fle|radiodifundir}}
[[Categoria:Forma verbal (Português)]]</text>
<sha1>mhct5hj1svwyyynl3vcaofazuxgxhb2</sha1>
</revision>
