<page>
<page>
<title>radiodifundira</title>
<ns>0</ns>
<id>377700</id>
<revision>
<id>2262706</id>
<parentid>2262705</parentid>
<timestamp>2017-04-26T02:15:18Z</timestamp>
<contributor>
<username>MIL973</username>
<id>41339</id>
</contributor>
<model>wikitext</model>
<format>text/x-wiki</format>
<text bytes="371" xml:space="preserve">{{ver também|radiodifundirá}}
={{-pt-}}=
==Forma verbal==
{{paroxítona|ra|di|o|di|fun|di|ra}}
# primeira pessoa do singular do pretérito mais-que-perfeito do indicativo do verbo [[radiodifundir]]
# terceira pessoa do singular do pretérito mais-que-perfeito do indicativo do verbo radiodifundir
{{avi-for-fle|radiodifundir}}
[[Categoria:Forma verbal (Português)]]</text>
<sha1>hlatsqrlkokj0jx7lgziyb1hqybhj1e</sha1>
</revision>
