<page>
<title>radium</title>
<ns>0</ns>
<id>144290</id>
<revision>
<id>2545627</id>
<parentid>2496205</parentid>
<timestamp>2019-06-01T15:04:18Z</timestamp>
<contributor>
<username>Amigo7</username>
<id>58547</id>
</contributor>
<comment>+seção {{-az-}}</comment>
<model>wikitext</model>
<format>text/x-wiki</format>
<text bytes="2269" xml:space="preserve">{{Wikipédia|lang=pt}}
{{Wikipédia|lang=af}}
{{Wikipédia|lang=az}}
{{Wikipédia|lang=fi}}
{{Wikipédia|lang=fr}}
{{Wikipédia|lang=nl}}
{{Wikipédia|lang=en}}
{{Wikipédia|lang=ia}}
{{Wikipédia|lang=la}}
={{-pt-}}=
==Substantivo==
'''''radium'''''
# {{escopo|pt|Elemento químico}} ver [[rádio]]
[[Categoria: Substantivo (Português)]]
={{-af-}}=
==Substantivo==
{{elementos|Ra|fransium|Fr|actinium|Ac}}
'''radium'''
# {{escopo|af|Elemento químico}} [[rádio]]
==Ver também==
===No Wikcionário===
{{tabela periódica/af}}
{{categorias|{{nome categoria|af}}|Substantivo}}
={{-az-}}=
==Substantivo==
{{elementos|Ra|fransium|Fr|aktinium|Ac}}
'''radium'''
# {{escopo|az|Elemento químico}} [[rádio]]
==Ver também==
===No Wikcionário===
{{tabela periódica/az}}
[[Categoria:Substantivo (Azerbaijano)]]
={{-fi-}}=
==Substantivo==
{{elementos|Ra|frankium|Fr|aktinium|Ac}}
'''radium'''
# {{escopo|fi|Elemento químico}} [[rádio]]
==Ver também==
===No Wikcionário===
{{tabela periódica/fi}}
{{categorias|{{nome categoria|fi}}|Substantivo}}
={{-fr-}}=
==Substantivo==
{{elementos|Ra|francium|Fr|actinium|Ac}}
'''radium'''
# {{escopo|fr|Elemento químico}} [[rádio]]
==Ver também==
===No Wikcionário===
{{tabela periódica/fr}}
{{categorias|{{nome categoria|fr}}|Substantivo}}
={{-nl-}}=
==Substantivo==
{{elementos|Ra|francium|Fr|actinium|Ac}}
'''radium'''
# {{escopo|nl|Elemento químico}} [[rádio]]
==Ver também==
===No Wikcionário===
{{tabela periódica/nl}}
{{categorias|{{nome categoria|nl}}|Substantivo}}
={{-en-}}=
==Substantivo==
{{elementos|Ra|francium|Fr|actinium|Ac}}
'''radium'''
# {{escopo|en|Elemento químico}} [[rádio]]
==Ver também==
===No Wikcionário===
{{tabela periódica/en}}
{{categorias|{{nome categoria|en}}|Substantivo}}
={{-ia-}}=
==Substantivo==
{{elementos|Ra|francium|Fr|actinium|Ac}}
'''radium'''
# {{escopo|ia|Elemento químico}} [[rádio]]
==Ver também==
===No Wikcionário===
{{tabela periódica/ia}}
{{categorias|{{nome categoria|ia}}|Substantivo}}
={{-la-}}=
==Substantivo==
{{elementos|Ra|francium|Fr|actinium|Ac}}
'''radium'''
# {{escopo|la|Elemento químico}} [[rádio]]
==Ver também==
===No Wikcionário===
{{tabela periódica/la}}
{{categorias|{{nome categoria|la}}|Substantivo}}</text>
<sha1>90nhe3p1r1odpyneqf2rrvixphdhh95</sha1>
</revision>
</page>
