<page>
<page>
<title>radiodifusões</title>
<ns>0</ns>
<id>327249</id>
<revision>
<id>2496149</id>
<parentid>1893148</parentid>
<timestamp>2018-04-13T03:57:15Z</timestamp>
<contributor>
<username>MIL973</username>
<id>41339</id>
</contributor>
<model>wikitext</model>
<format>text/x-wiki</format>
<text bytes="197" xml:space="preserve">={{-pt-}}=
==Forma de substantivo==
{{oxítona|ra|di|o|di|fu|sões}}, {{gramática|fp}}
# plural de [[radiodifusão]]
{{avi-for-fle|radiodifusão}}
[[Categoria:Forma de substantivo (Português)]]</text>
<sha1>mgjtye2u40sbfsekyopyjwvzyx0sn4d</sha1>
</revision>
