<page>
<page>
<title>radiodifundir</title>
<ns>0</ns>
<id>317728</id>
<revision>
<id>2496159</id>
<parentid>2496157</parentid>
<timestamp>2018-04-13T04:05:33Z</timestamp>
<contributor>
<username>MIL973</username>
<id>41339</id>
</contributor>
<model>wikitext</model>
<format>text/x-wiki</format>
<text bytes="1000" xml:space="preserve">={{-pt-}}=
==Verbo==
{{oxítona|ra|di|o|di|fun|dir}}, {{gramática|vt}}
# [[difundir]] por [[onda]]s de [[rádio]]
===Conjugação===
{{conj/pt|radiodifund|ir}}
===Sinônimo===
* [[radioemitir]]
==Forma verbal==
{{oxítona|ra|di|o|fun|dir}}
# primeira pessoa do singular do futuro do {{PEPB|inline=1|conjuntivo|subjuntivo}} do verbo radiodifundir
# terceira pessoa do singular do futuro do {{PEPB|inline=1|conjuntivo|subjuntivo}} do verbo radiodifundir
# infinitivo pessoal da primeira pessoa do singular do verbo radiodifundir
# infinitivo pessoal da terceira pessoa do singular do verbo radiodifundir
{{avi-for-fle|radiodifundir}}
=={{etimologia|pt}}==
: {{escopo|Morfologia}} De [[rádio-]] + [[difundir]].
==Ver também==
===No Wikcionário===
{{colunas|2}}
* [[radiodifusão]]
* [[radiodifusor]]
* [[radioemissão]]
* [[radioemissor]]
{{colunas/fim}}
====Wikisaurus====
* [[Wikisaurus:comunicação|comunicação]]
[[Categoria:Verbo (Português)]]
[[Categoria:Forma verbal (Português)]]</text>
<sha1>tfghubkpdk5id5ym4qf3m8xllzj4avt</sha1>
</revision>
