<page>
<title>radioemitindo</title>
<ns>0</ns>
<id>377790</id>
<revision>
<id>2279066</id>
<parentid>2279062</parentid>
<timestamp>2017-04-27T01:18:32Z</timestamp>
<contributor>
<username>MIL973</username>
<id>41339</id>
</contributor>
<model>wikitext</model>
<format>text/x-wiki</format>
<text bytes="170" xml:space="preserve">={{-pt-}}=
==Forma verbal==
{{paroxítona|ra|di|o|e|mi|tin|do}}
# gerúndio do verbo [[radioemitir]]
{{avi-for-fle|radioemitir}}
[[Categoria:Forma verbal (Português)]]</text>
<sha1>dy8ujg08erd3dxn8b4voaabcorj2fxd</sha1>
</revision>
</page>
