<page>
<title>radioemitíamos</title>
<ns>0</ns>
<id>377857</id>
<revision>
<id>2294310</id>
<parentid>2294309</parentid>
<timestamp>2017-04-28T00:23:08Z</timestamp>
<contributor>
<username>MIL973</username>
<id>41339</id>
</contributor>
<model>wikitext</model>
<format>text/x-wiki</format>
<text bytes="231" xml:space="preserve">={{-pt-}}=
==Forma verbal==
{{proparoxítona|ra|di|o|e|mi|tí|a|mos}}
# primeira pessoa do plural do pretérito imperfeito do indicativo do verbo [[radioemitir]]
{{avi-for-fle|radioemitir}}
[[Categoria:Forma verbal (Português)]]</text>
<sha1>i0b5ekz93b0p2d3jcfuoozj927vqk4a</sha1>
</revision>
</page>
