<page>
<title>radiodifusora</title>
<ns>0</ns>
<id>330358</id>
<revision>
<id>2664089</id>
<parentid>2661476</parentid>
<timestamp>2022-03-07T20:56:28Z</timestamp>
<contributor>
<username>MIL973</username>
<id>41339</id>
</contributor>
<model>wikitext</model>
<format>text/x-wiki</format>
<text bytes="1166" xml:space="preserve">={{-pt-}}=
==Substantivo==
{{flex.pt|fs=radiodifusora|fp=radiodifusoras}}
{{paroxítona|ra|di|o|di|fu|so|ra}}, {{gramática|f}}
# {{escopo|pt|Comunicação|telecomunicações}} [[estação]] de [[rádio]] ([[AM]], [[FM]] ou [[OC]])
===Sinônimo===
* [[radioemissora]]
==Forma de adjetivo==
{{flex.pt|ms=radiodifusor|mp=radiodifusores|fs=radiodifusora|fp=radiodifusoras}}
{{paroxítona|ra|di|o|di|fu|so|ra}}, {{gramática|f}}
# feminino de [[radiodifusor]]
{{avi-for-fle|radiodifusor}}
==Forma de substantivo==
{{flex.pt|ms=radiodifusor|mp=radiodifusores|fs=radiodifusora|fp=radiodifusoras}}
{{paroxítona|ra|di|o|di|fu|so|ra}}, {{gramática|f}}
# feminino de [[radiodifusor]]
{{avi-for-fle|radiodifusor}}
=={{etimologia|pt}}==
: {{escopo|Morfologia}} De [[rádio-]] + [[difusora]].
==Ver também==
===No Wikcionário===
{{colunas|2}}
* [[radiodifusão]]
* [[radioemissão]]
{{colunas/fim}}
====Siglas====
{{colunas|2}}
* [[Anatel]]
* [[ANATEL]]
{{colunas/fim}}
====Wikisaurus====
* [[Wikisaurus:comunicação|comunicação]]
[[Categoria:Substantivo (Português)]]
[[Categoria:Forma de adjetivo (Português)]]
[[Categoria:Forma de substantivo (Português)]]</text>
<sha1>gen32n7712wekmyqaizpxic2u0x7osv</sha1>
</revision>
</page>
