<page>
<page>
<title>radiodifusor</title>
<ns>0</ns>
<id>330355</id>
<revision>
<id>2661473</id>
<parentid>2496175</parentid>
<timestamp>2022-02-26T10:29:27Z</timestamp>
<contributor>
<username>MIL973</username>
<id>41339</id>
</contributor>
<model>wikitext</model>
<format>text/x-wiki</format>
<text bytes="1270" xml:space="preserve">={{-pt-}}=
==Adjetivo==
{{flex.pt|ms=radiodifusor|mp=radiodifusores|fs=radiodifusora|fp=radiodifusoras}}
{{oxítona|ra|di|o|di|fu|sor}}, {{gramática|m}}
# {{escopo|pt|Comunicação|telecomunicações}} que [[radiodifundir|radiodifunde]] ou [[radioemitir|radioemite]]
===Sinônimo===
* [[radioemissor]]
==Substantivo&lt;sup&gt;1&lt;/sup&gt;==
{{flex.pt|ms=radiodifusor|mp=radiodifusores|fs=radiodifusora|fp=radiodifusoras}}
{{oxítona|ra|di|o|di|fu|sor}}, {{gramática|m}}
# {{escopo|pt|Comunicação|telecomunicações}} pessoa radiodifusora
===Sinônimo===
* [[radioemissor]]
==Substantivo&lt;sup&gt;2&lt;/sup&gt;==
{{flex.pt|ms=radiodifusor|mp=radiodifusores}}
{{oxítona|ra|di|o|di|fu|sor}}, {{gramática|m}}
# {{escopo|pt|Comunicação|telecomunicações}} [[aparelho]] de [[rádio]] ([[AM]], [[FM]] ou [[OC]])
===Sinônimo===
* [[radioemissor]]
=={{etimologia|pt}}==
: {{escopo|Morfologia}} De [[rádio-]] + [[difusor]].
==Ver também==
===No Wikcionário===
{{colunas|2}}
* [[radiodifusão]]
* [[radiodifusora]]
* [[radioemissão]]
* [[radioemissora]]
{{colunas/fim}}
====Siglas====
{{colunas|2}}
* [[Anatel]]
* [[ANATEL]]
{{colunas/fim}}
====Wikisaurus====
* [[Wikisaurus:comunicação|comunicação]]
[[Categoria:Adjetivo (Português)]]
[[Categoria:Substantivo (Português)]]</text>
<sha1>be7k7kbtuto5mvt5uwfo71qevz06kwz</sha1>
</revision>
