<page>
<page>
<title>radicado</title>
<ns>0</ns>
<id>171693</id>
<revision>
<id>2619334</id>
<parentid>2397544</parentid>
<timestamp>2021-02-01T18:26:13Z</timestamp>
<contributor>
<username>MarxavBot</username>
<id>80155</id>
</contributor>
<minor />
<comment>AFI Portugal</comment>
<model>wikitext</model>
<format>text/x-wiki</format>
<text bytes="397" xml:space="preserve">={{-pt-}}=
==Adjetivo==
{{flex.pt|radicado|radicados|radicada|radicadas}}
{{paroxítona|ra|di|ca|do}}, {{m}}
#que se [[radicou]]; que criou [[raízes]]; [[enraizado]]
#[[inveterado]], que não muda
#[[residente]], [[domiciliado]]
=={{etimologia|pt}}==
:particípio do verbo ''[[radicar]]''
=={{pronúncia|pt}}==
===Portugal===
* AFI: {{AFI|/Rɐ.di.ˈka.du/}}
[[Categoria:Adjetivo (Português)]]</text>
<sha1>d2yaeqccg6715r5pfm0jlg9h4vd3ee8</sha1>
</revision>
