<page>
<title>radioamadorismo</title>
<ns>0</ns>
<id>356343</id>
<revision>
<id>2397559</id>
<parentid>2086272</parentid>
<timestamp>2017-05-13T11:32:49Z</timestamp>
<contributor>
<username>HydrizBot</username>
<id>29590</id>
</contributor>
<minor />
<comment>Robô: A limpar links interwikis antigos</comment>
<model>wikitext</model>
<format>text/x-wiki</format>
<text bytes="564" xml:space="preserve">{{Wikipédia}}
={{-pt-}}=
==Substantivo==
{{flex.pt|ms=radioamadorismo|mp=radioamadorismos}}
{{paroxítona|ra|di|o|a|ma|do|ris|mo}}, {{m}}
# hobby praticado em quase todos os países do mundo por pessoas habilitadas e licenciadas por autoridades, para a [[intercomunicação]] e estudos técnicos sem [[motivo]] de [[lucro]]
=={{etimologia|pt}}==
: {{escopo|Morfologia}} [[rádio]] + [[amadorismo]].
==Ver também==
===No Wikisaurus===
* [[Wikisaurus:comunicação|comunicação]]
[[Categoria:Substantivo (Português)]]
[[Categoria:Comunicação (Português)]]</text>
<sha1>92fbglhw8mx0a68r1ns0vm4efoe3l7h</sha1>
</revision>
</page>
