<page>
<page>
<title>radis</title>
<ns>0</ns>
<id>405429</id>
<revision>
<id>2532867</id>
<timestamp>2019-01-13T16:58:49Z</timestamp>
<contributor>
<username>Amigo7</username>
<id>58547</id>
</contributor>
<comment>Criação do verbete a partir da [[Especial:Páginas_pedidas|lista de palavras pedidas]]</comment>
<model>wikitext</model>
<format>text/x-wiki</format>
<text bytes="247" xml:space="preserve">{{Wikipédia|lang=lt}}
={{-lt-}}=
==Substantivo==
{{elementos|Ra|francis|Fr|aktinis|Ac}}
'''radis'''
# {{escopo|lt|Elemento químico}} [[rádio]]
==Ver também==
===No Wikcionário===
{{tabela periódica/lt}}
[[Categoria:Substantivo (Lituano)]]</text>
<sha1>6pi3pvswz3zp273e0lndt8xhjd7yzkx</sha1>
</revision>
