<page>
<page>
<title>radiodifundiriam</title>
<ns>0</ns>
<id>377693</id>
<revision>
<id>2262692</id>
<parentid>2262691</parentid>
<timestamp>2017-04-26T02:08:29Z</timestamp>
<contributor>
<username>MIL973</username>
<id>41339</id>
</contributor>
<model>wikitext</model>
<format>text/x-wiki</format>
<text bytes="232" xml:space="preserve">={{-pt-}}=
==Forma verbal==
{{paroxítona|ra|di|o|di|fun|di|ri|am}}
# terceira pessoa do plural do futuro do pretérito do indicativo do verbo [[radiodifundir]]
{{avi-for-fle|radiodifundir}}
[[Categoria:Forma verbal (Português)]]</text>
<sha1>car2f1xsdqu83cn63nu6udp8qje91jw</sha1>
</revision>
