<page>
<title>radioemites</title>
<ns>0</ns>
<id>377861</id>
<revision>
<id>2294318</id>
<parentid>2294317</parentid>
<timestamp>2017-04-28T00:26:35Z</timestamp>
<contributor>
<username>MIL973</username>
<id>41339</id>
</contributor>
<model>wikitext</model>
<format>text/x-wiki</format>
<text bytes="210" xml:space="preserve">={{-pt-}}=
==Forma verbal==
{{paroxítona|ra|di|o|e|mi|tes}}
# segunda pessoa do singular do presente do indicativo do verbo [[radioemitir]]
{{avi-for-fle|radioemitir}}
[[Categoria:Forma verbal (Português)]]</text>
<sha1>dk8l6nhhfl7j112drw053d1rnhbp5yx</sha1>
</revision>
</page>
