<page>
<title>radioemitiremos</title>
<ns>0</ns>
<id>377799</id>
<revision>
<id>2279291</id>
<parentid>2279281</parentid>
<timestamp>2017-04-27T01:27:43Z</timestamp>
<contributor>
<username>MIL973</username>
<id>41339</id>
</contributor>
<model>wikitext</model>
<format>text/x-wiki</format>
<text bytes="225" xml:space="preserve">={{-pt-}}=
==Forma verbal==
{{paroxítona|ra|di|o|e|mi|ti|re|mos}}
# primeira pessoa do plural do futuro do presente do indicativo do verbo [[radioemitir]]
{{avi-for-fle|radioemitir}}
[[Categoria:Forma verbal (Português)]]</text>
<sha1>m5l7q29y2qfounpn49g9x4yiuq3sdyo</sha1>
</revision>
</page>
