<page>
<page>
<title>radiolas</title>
<ns>0</ns>
<id>379856</id>
<revision>
<id>2417325</id>
<timestamp>2017-06-14T02:55:21Z</timestamp>
<contributor>
<username>Askekamo</username>
<id>60711</id>
</contributor>
<comment>[[Ajuda:Guia de edição/Menus e ferramentas/Sumário de edição|→]] nova página: ={{-pt-}}= ==Forma de substantivo== {{paroxítona|ra|di|o|las}}, {{gramática|f|p}} # forma plural de radio...</comment>
<model>wikitext</model>
<format>text/x-wiki</format>
<text bytes="187" xml:space="preserve">={{-pt-}}=
==Forma de substantivo==
{{paroxítona|ra|di|o|las}}, {{gramática|f|p}}
# forma plural de [[radiola]]
{{avi-for-fle|radiola}}
[[Categoria:Forma de substantivo (Português)]]</text>
<sha1>eybhcsfobs9nq39s3dtz8mgiiqom09n</sha1>
</revision>
