<page>
<title>radioemitirão</title>
<ns>0</ns>
<id>377801</id>
<revision>
<id>2279379</id>
<parentid>2279365</parentid>
<timestamp>2017-04-27T01:30:50Z</timestamp>
<contributor>
<username>MIL973</username>
<id>41339</id>
</contributor>
<model>wikitext</model>
<format>text/x-wiki</format>
<text bytes="249" xml:space="preserve">{{confundir|radioemitiram}}
={{-pt-}}=
==Forma verbal==
{{oxítona|ra|di|o|e|mi|ti|rão}}
# terceira pessoa do plural do futuro do presente do indicativo do verbo [[radioemitir]]
{{avi-for-fle|radioemitir}}
[[Categoria:Forma verbal (Português)]]</text>
<sha1>0v61hwh26i9cb3ew6j38q7k6488eg7h</sha1>
</revision>
</page>
