<page>
<page>
<title>radiodifunde</title>
<ns>0</ns>
<id>377673</id>
<revision>
<id>2262636</id>
<parentid>2262635</parentid>
<timestamp>2017-04-25T08:57:25Z</timestamp>
<contributor>
<username>MIL973</username>
<id>41339</id>
</contributor>
<model>wikitext</model>
<format>text/x-wiki</format>
<text bytes="293" xml:space="preserve">={{-pt-}}=
==Forma verbal==
{{paroxítona|ra|di|o|di|fun|de}}
# terceira pessoa do singular do presente do indicativo do verbo [[radiodifundir]]
# segunda pessoa do singular do imperativo afirmativo do verbo radiodifundir
{{avi-for-fle|radiodifundir}}
[[Categoria:Forma verbal (Português)]]</text>
<sha1>9isfrwxnegplsghiip3nvqzm2cvsd1n</sha1>
</revision>
