<page>
<page>
<title>radiativo</title>
<ns>0</ns>
<id>384106</id>
<redirect title="radioativo" />
<revision>
<id>2452313</id>
<timestamp>2017-09-27T04:27:25Z</timestamp>
<contributor>
<username>ThrasherÜbermensch</username>
<id>13154</id>
</contributor>
<comment>Redirecionamento para [[radioativo]]</comment>
<model>wikitext</model>
<format>text/x-wiki</format>
<text bytes="31" xml:space="preserve">#REDIRECIONAMENTO[[radioativo]]</text>
<sha1>108sx3orh1msqwpxs55o1seupaq1f0g</sha1>
</revision>
