<page>
<page>
<title>radioemitíreis</title>
<ns>0</ns>
<id>377805</id>
<revision>
<id>2279507</id>
<parentid>2279501</parentid>
<timestamp>2017-04-27T01:35:42Z</timestamp>
<contributor>
<username>MIL973</username>
<id>41339</id>
</contributor>
<model>wikitext</model>
<format>text/x-wiki</format>
<text bytes="265" xml:space="preserve">{{ver também|radioemitireis}}
={{-pt-}}=
==Forma verbal==
{{paroxítona|ra|di|o|e|mi|tí|reis}}
# segunda pessoa do plural do pretérito mais-que-perfeito do indicativo do verbo [[radioemitir]]
{{avi-for-fle|radioemitir}}
[[Categoria:Forma verbal (Português)]]</text>
<sha1>te54krrnkshirbg8x8i4uthscztcq7o</sha1>
</revision>
