<page>
<page>
<title>Radio</title>
<ns>0</ns>
<id>388133</id>
<revision>
<id>2470024</id>
<timestamp>2017-12-12T14:10:12Z</timestamp>
<contributor>
<username>Spanier</username>
<id>43713</id>
</contributor>
<comment>alemão</comment>
<model>wikitext</model>
<format>text/x-wiki</format>
<text bytes="416" xml:space="preserve">{{ver também|radio}}
{{Wikipédia|lang=de}}
={{-de-}}=
==Substantivo==
{{paroxítona|Ra|dio|lang=de}}, {{gramática|n}}
# {{escopo|de|tecnologia}} [[rádio]]
===Declinação===
{{decl.de.subst.mista.neu|ns=Radio|np=Radios|gs=Radios}}
=={{etimologia|de}}==
:{{llietimo|la|radius|de}}
=={{pronúncia|de}}==
* [[AFI]]: {{AFI|/ˈraːdi̯o/|de}}
* {{audio|De-Radio.ogg|ouvir|lang=de}}
[[Categoria:Substantivo (Alemão)]]</text>
<sha1>dx1lodclsr5ke3lmhv70b81e87qa657</sha1>
</revision>
