<page>
<title>radius</title>
<ns>0</ns>
<id>232527</id>
<revision>
<id>2631475</id>
<parentid>2397573</parentid>
<timestamp>2021-04-24T10:07:15Z</timestamp>
<contributor>
<username>ValJor</username>
<id>1358</id>
</contributor>
<comment>Substituindo a [[Especial:Páginas_afluentes/Predefinição:escopoCatLang|predefinição escopoCatLang]] por escopo</comment>
<model>wikitext</model>
<format>text/x-wiki</format>
<text bytes="367" xml:space="preserve">{{Wikipédia|lang=fr}}
{{Wikipédia|lang=en}}
={{-fr-}}=
==Substantivo==
'''radius'''
# {{escopo|fr|Anatomia}} [[rádio]]
[[Categoria:Substantivo (Francês)]]
={{-en-}}=
==Substantivo==
'''radius'''
# {{escopo|en|Matemática}} [[raio]]
# {{escopo|en|Anatomia}} [[rádio]]
==Ver também==
===No Wikcionário===
* [[corradial]]
[[Categoria:Substantivo (Inglês)]]</text>
<sha1>cd2u7tqtgv2k0ga0j5sd6caznek2yb7</sha1>
</revision>
</page>
