<page>
<title>radiodifusoras</title>
<ns>0</ns>
<id>330359</id>
<revision>
<id>2664090</id>
<parentid>2496171</parentid>
<timestamp>2022-03-07T20:57:34Z</timestamp>
<contributor>
<username>MIL973</username>
<id>41339</id>
</contributor>
<model>wikitext</model>
<format>text/x-wiki</format>
<text bytes="776" xml:space="preserve">={{-pt-}}=
==Forma de adjetivo==
{{flex.pt|ms=radiodifusor|mp=radiodifusores|fs=radiodifusora|fp=radiodifusoras}}
{{paroxítona|ra|di|o|di|fu|so|ras}}, {{gramática|fp}}
# feminino plural de [[radiodifusor]]
{{avi-for-fle|radiodifusor}}
==Forma de substantivo&lt;sup&gt;1&lt;/sup&gt;==
{{flex.pt|ms=radiodifusor|mp=radiodifusores|fs=radiodifusora|fp=radiodifusoras}}
{{paroxítona|ra|di|o|di|fu|so|ras}}, {{gramática|fp}}
# feminino plural de [[radiodifusor]]
{{avi-for-fle|radiodifusor}}
==Forma de substantivo&lt;sup&gt;2&lt;/sup&gt;==
{{flex.pt|fs=radiodifusora|fp=radiodifusoras}}
{{paroxítona|ra|di|o|di|fu|so|ras}}, {{gramática|fp}}
# plural de [[radiodifusora]]
{{avi-for-fle|radiodifusora}}
[[Categoria:Forma de adjetivo (Português)]]
[[Categoria:Forma de substantivo (Português)]]</text>
<sha1>g9tmmzy1c28zy8iyzmkn5haw4iurapp</sha1>
</revision>
</page>
