<page>
<page>
<title>radiodifundiste</title>
<ns>0</ns>
<id>377705</id>
<revision>
<id>2262716</id>
<parentid>2262715</parentid>
<timestamp>2017-04-26T02:20:48Z</timestamp>
<contributor>
<username>MIL973</username>
<id>41339</id>
</contributor>
<model>wikitext</model>
<format>text/x-wiki</format>
<text bytes="230" xml:space="preserve">={{-pt-}}=
==Forma verbal==
{{paroxítona|ra|di|o|di|fun|dis|te}}
# segunda pessoa do singular do pretérito perfeito do indicativo do verbo [[radiodifundir]]
{{avi-for-fle|radiodifundir}}
[[Categoria:Forma verbal (Português)]]</text>
<sha1>0fkmw8h1qzahf2pu6eik8vc0ver64my</sha1>
</revision>
