<page>
<title>radiodifundais</title>
<ns>0</ns>
<id>377671</id>
<revision>
<id>2262632</id>
<parentid>2262631</parentid>
<timestamp>2017-04-25T08:54:49Z</timestamp>
<contributor>
<username>MIL973</username>
<id>41339</id>
</contributor>
<model>wikitext</model>
<format>text/x-wiki</format>
<text bytes="349" xml:space="preserve">={{-pt-}}=
==Forma verbal==
{{oxítona|ra|di|o|di|fun|dais}}
# segunda pessoa do plural do presente do {{PEPB|inline=1|conjuntivo|subjuntivo}} do verbo [[radiodifundir]]
# segunda pessoa do plural do imperativo negativo do verbo radiodifundir
{{avi-for-fle|radiodifundir}}
==Anagrama==
# [[radiodifundias]]
[[Categoria:Forma verbal (Português)]]</text>
<sha1>22sja6jxm19u3f9a7x9chmteuph3r9z</sha1>
</revision>
</page>
