<page>
<page>
<title>radioactivo</title>
<ns>0</ns>
<id>37296</id>
<revision>
<id>2397557</id>
<parentid>2044733</parentid>
<timestamp>2017-05-13T11:32:43Z</timestamp>
<contributor>
<username>HydrizBot</username>
<id>29590</id>
</contributor>
<minor />
<comment>Robô: A limpar links interwikis antigos</comment>
<model>wikitext</model>
<format>text/x-wiki</format>
<text bytes="266" xml:space="preserve">{{Anterior ao Acordo de 1990|radioativo}}
={{-pt-}}=
==Adjetivo==
'''ra.dio.ac.ti.vo'''  ''masculino''  (''plural'': '''ra.dio.ac.ti.vos''')
# diz-se da substância que tem [[radioactividade]]
==Ver também==
* [[☢]]
* [[☣]]
[[Categoria:Adjetivo (Português)]]</text>
<sha1>q3mgxz3nu6a0xuodnom0ahi6qjjipuz</sha1>
</revision>
