<page>
<title>radiodifusão</title>
<ns>0</ns>
<id>317497</id>
<revision>
<id>2660715</id>
<parentid>2612907</parentid>
<timestamp>2022-02-21T12:15:19Z</timestamp>
<contributor>
<username>MIL973</username>
<id>41339</id>
</contributor>
<model>wikitext</model>
<format>text/x-wiki</format>
<text bytes="1159" xml:space="preserve">{{Wikipédia}}
[[File:2008 ML - Jan IMG 5900 (5349058278).jpg|thumb|Radiodifusão.]]
={{-pt-}}=
==Substantivo==
{{flex.pt|fs=radiodifusão|fp=radiodifusões}}
{{oxítona|ra|di|o|di|fu|são}}, {{gramática|f}} 
# {{escopo|pt|Comunicação|telecomunicações}} ação de [[radiodifundir]] ou de [[radioemitir]]
# {{escopo|pt|Comunicação|telecomunicações}} comunicação via [[rádio]]
#* ''Exemplo de '''radiodifusão''': Rádio Bandeirantes AM de São Paulo (840 kHz).''
===Sinônimo===
* [[radioemissão]]
=={{etimologia|pt}}==
: {{escopo|Morfologia}} De [[rádio-]] + [[difusão]].
=={{pronúncia|pt}}==
===Portugal===
* AFI: {{AFI|/Ra.dju.di.fu.ˈzɐ̃w̃/}}
==Ver também==
===No Wikcionário===
{{colunas|2}}
* [[difusor]]
* [[difusora]]
* [[emissor]]
* [[emissora]]
* [[radialista]]
* [[radiodifusor]]
* [[radiodifusora]]
* [[radioemissor]]
* [[radioemissora]]
* [[telecomunicação]]
{{colunas/fim}}
====Siglas====
{{colunas|2}}
* [[AM]]
* [[Anatel]]
* [[ANATEL]]
* [[FM]]
* [[OC]]
{{colunas/fim}}
====Expressões====
* [[Voz do Brasil]]
====Wikisaurus====
* [[Wikisaurus:comunicação|comunicação]]
[[Categoria:Substantivo (Português)]]</text>
<sha1>dplxq85ce12cd3mf5k1k25vl921aay8</sha1>
</revision>
</page>
