<page>
<page>
<title>radiodifundi</title>
<ns>0</ns>
<id>377674</id>
<revision>
<id>2262638</id>
<parentid>2262637</parentid>
<timestamp>2017-04-25T08:58:20Z</timestamp>
<contributor>
<username>MIL973</username>
<id>41339</id>
</contributor>
<model>wikitext</model>
<format>text/x-wiki</format>
<text bytes="299" xml:space="preserve">={{-pt-}}=
==Forma verbal==
{{oxítona|ra|di|o|di|fun|di}}
# primeira pessoa do singular do pretérito perfeito do indicativo do verbo [[radiodifundir]]
# segunda pessoa do plural do imperativo afirmativo do verbo radiodifundir
{{avi-for-fle|radiodifundir}}
[[Categoria:Forma verbal (Português)]]</text>
<sha1>5pnjlp4zi5zttjfqjlh2o7acg99kchz</sha1>
</revision>
