<page>
<title>radiodifundo</title>
<ns>0</ns>
<id>377714</id>
<revision>
<id>2262734</id>
<parentid>2262733</parentid>
<timestamp>2017-04-26T02:29:58Z</timestamp>
<contributor>
<username>MIL973</username>
<id>41339</id>
</contributor>
<model>wikitext</model>
<format>text/x-wiki</format>
<text bytes="216" xml:space="preserve">={{-pt-}}=
==Forma verbal==
{{paroxítona|ra|di|o|di|fun|do}}
# primeira pessoa do singular do presente do indicativo do verbo [[radiodifundir]]
{{avi-for-fle|radiodifundir}}
[[Categoria:Forma verbal (Português)]]</text>
<sha1>75skhm802fgrw53sfiub2ilzi9v6rht</sha1>
</revision>
</page>
