<page>
<title>radioativo</title>
<ns>0</ns>
<id>37295</id>
<revision>
<id>2612222</id>
<parentid>2438850</parentid>
<timestamp>2021-01-31T11:26:51Z</timestamp>
<contributor>
<username>Marxav</username>
<id>73271</id>
</contributor>
<minor />
<comment>AFI Portugal</comment>
<model>wikitext</model>
<format>text/x-wiki</format>
<text bytes="982" xml:space="preserve">={{-pt-}}=
==Adjetivo==
{{flex.pt|ms=radioativo|mp=radioativos|fs=radioativa|fp=radioativas}}
{{paroxítona|ra|di|o|a|ti|vo}}
# diz-se das [[substância]]s que apresentam [[radioatividade]]
#* ''O material é o tecnécio, um marcador '''radioativo''' produzido a partir do molibdênio.'' {{OESP|2007|dezembro|08}}
==={{-varort-}}===
* {{escopo2|Anterior ao AO 1990}}: [[radioactivo]]
===Sinônimo===
* [[radiativo]]
===Tradução===
{{tradini}}
* {{trad|de|radioaktiv}}
* {{trad|es|radioactivo}}
* {{trad|eo|radioaktiva}}
* {{trad|fr|radioactive}}
{{tradmeio}}
* {{trad|cy|ymbelydrol}}
* {{trad|en|radioactive}}
* {{trad|it|radioattivo}}
* {{trad|pl|radioaktywny}}
{{tradfim}}
=={{etimologia|pt}}==
: {{escopo|Morfologia}} [[radio-]] + [[ativo]].
=={{pronúncia|pt}}==
===Portugal===
* AFI: {{AFI|/Ra.dju.a.ˈti.vu/}}
==Ver também==
===No Wikcionário===
{{verTambém.Ini}}
* [[☢]]
{{verTambém.NovaColuna}}
* [[☣]]
{{verTambém.Fim}}
[[Categoria:Adjetivo (Português)]]</text>
<sha1>1cg3yxsgelc1g69r5soi4n9b22ntqny</sha1>
</revision>
</page>
