<page>
<title>radioativa</title>
<ns>0</ns>
<id>291032</id>
<revision>
<id>2397560</id>
<parentid>1789702</parentid>
<timestamp>2017-05-13T11:32:50Z</timestamp>
<contributor>
<username>HydrizBot</username>
<id>29590</id>
</contributor>
<minor />
<comment>Robô: A limpar links interwikis antigos</comment>
<model>wikitext</model>
<format>text/x-wiki</format>
<text bytes="167" xml:space="preserve">={{-pt-}}=
==Forma de adjetivo==
{{paroxítona|ra|di|o|a|ti|va}}
# feminino de [[radioativo]]
{{avi-for-fle|radioativo}}
[[Categoria:Forma de adjetivo (Português)]]</text>
<sha1>aii2g1ynmjkdpl6j1znqshhx5ov2acp</sha1>
</revision>
</page>
