<page>
<page>
<title>radioemitis</title>
<ns>0</ns>
<id>377862</id>
<revision>
<id>2294320</id>
<parentid>2294319</parentid>
<timestamp>2017-04-28T00:27:35Z</timestamp>
<contributor>
<username>MIL973</username>
<id>41339</id>
</contributor>
<model>wikitext</model>
<format>text/x-wiki</format>
<text bytes="205" xml:space="preserve">={{-pt-}}=
==Forma verbal==
{{oxítona|ra|di|o|e|mi|tis}}
# segunda pessoa do plural do presente do indicativo do verbo [[radioemitir]]
{{avi-for-fle|radioemitir}}
[[Categoria:Forma verbal (Português)]]</text>
<sha1>9yvdgcwihor994dxegtcg9m6aiz5jjo</sha1>
</revision>
