<page>
<title>radiodifundamos</title>
<ns>0</ns>
<id>377670</id>
<revision>
<id>2262630</id>
<parentid>2262629</parentid>
<timestamp>2017-04-25T08:53:49Z</timestamp>
<contributor>
<username>MIL973</username>
<id>41339</id>
</contributor>
<model>wikitext</model>
<format>text/x-wiki</format>
<text bytes="397" xml:space="preserve">={{-pt-}}=
==Forma verbal==
{{paroxítona|ra|di|o|di|fun|da|mos}}
# primeira pessoa do plural do presente do {{PEPB|inline=1|conjuntivo|subjuntivo}} do verbo [[radiodifundir]]
# primeira pessoa do plural do imperativo afirmativo do verbo radiodifundir
# primeira pessoa do plural do imperativo negativo do verbo radiodifundir
{{avi-for-fle|radiodifundir}}
[[Categoria:Forma verbal (Português)]]</text>
<sha1>m0sizz4b5339vdckbu75f8dx0ador8k</sha1>
</revision>
</page>
