<page>
<title>radioemitirei</title>
<ns>0</ns>
<id>377796</id>
<revision>
<id>2279204</id>
<parentid>2279198</parentid>
<timestamp>2017-04-27T01:24:25Z</timestamp>
<contributor>
<username>MIL973</username>
<id>41339</id>
</contributor>
<model>wikitext</model>
<format>text/x-wiki</format>
<text bytes="221" xml:space="preserve">={{-pt-}}=
==Forma verbal==
{{oxítona|ra|di|o|e|mi|ti|rei}}
# primeira pessoa do singular do futuro do presente do indicativo do verbo [[radioemitir]]
{{avi-for-fle|radioemitir}}
[[Categoria:Forma verbal (Português)]]</text>
<sha1>s0otigsfgj9p1l48htlxbyoj0jqs182</sha1>
</revision>
</page>
