<page>
<page>
<title>radikal</title>
<ns>0</ns>
<id>51662</id>
<revision>
<id>2397554</id>
<parentid>2247107</parentid>
<timestamp>2017-05-13T11:32:27Z</timestamp>
<contributor>
<username>HydrizBot</username>
<id>29590</id>
</contributor>
<minor />
<comment>Robô: A limpar links interwikis antigos</comment>
<model>wikitext</model>
<format>text/x-wiki</format>
<text bytes="195" xml:space="preserve">={{-de-}}=
==Adjetivo==
'''ra.di.kal'''
# [[radical]]
===Declinação===
{{decl.de.adj.regular
|normal=radikal
|comparativo=radikaler
|superlativo=radikalste
}}
[[Categoria:Adjetivo (Alemão)]]</text>
<sha1>odl1pnygmsn7enjqcf4njntewomr7j3</sha1>
</revision>
