<page>
<page>
<title>radioemitires</title>
<ns>0</ns>
<id>377718</id>
<revision>
<id>2262742</id>
<parentid>2262741</parentid>
<timestamp>2017-04-26T02:34:54Z</timestamp>
<contributor>
<username>MIL973</username>
<id>41339</id>
</contributor>
<model>wikitext</model>
<format>text/x-wiki</format>
<text bytes="312" xml:space="preserve">={{-pt-}}=
==Forma verbal==
{{paroxítona|ra|di|o|e|mi|ti|res}}
# segunda pessoa do singular do futuro do {{PEPB|inline=1|conjuntivo|subjuntivo}} do verbo [[radioemitir]]
# infinitivo pessoal da segunda pessoa do singular do verbo radioemitir
{{avi-for-fle|radioemitir}}
[[Categoria:Forma verbal (Português)]]</text>
<sha1>7wpwclqn7qsx7oquobthr4unshfw0qj</sha1>
</revision>
