<page>
<page>
<title>radioemitir</title>
<ns>0</ns>
<id>330363</id>
<revision>
<id>2496158</id>
<parentid>2294325</parentid>
<timestamp>2018-04-13T04:05:22Z</timestamp>
<contributor>
<username>MIL973</username>
<id>41339</id>
</contributor>
<model>wikitext</model>
<format>text/x-wiki</format>
<text bytes="985" xml:space="preserve">={{-pt-}}=
==Verbo==
{{oxítona|ra|di|o|e|mi|tir}}, {{gramática|vt}}
# [[emitir]] por [[onda]]s de [[rádio]]
===Conjugação===
{{conj/pt|radioemit|ir}}
===Sinônimo===
* [[radiodifundir]]
==Forma verbal==
{{oxítona|ra|di|o|e|mi|tir}}
# primeira pessoa do singular do futuro do {{PEPB|inline=1|conjuntivo|subjuntivo}} do verbo radioemitir
# terceira pessoa do singular do futuro do {{PEPB|inline=1|conjuntivo|subjuntivo}} do verbo radioemitir
# infinitivo pessoal da primeira pessoa do singular do verbo radioemitir
# infinitivo pessoal da terceira pessoa do singular do verbo radioemitir
{{avi-for-fle|radioemitir}}
=={{etimologia|pt}}==
: {{escopo|Morfologia}} De [[rádio-]] + [[emitir]].
==Ver também==
===No Wikcionário===
{{colunas|2}}
* [[radiodifusão]]
* [[radiodifusor]]
* [[radioemissão]]
* [[radioemissor]]
{{colunas/fim}}
====Wikisaurus====
* [[Wikisaurus:comunicação|comunicação]]
[[Categoria:Verbo (Português)]]
[[Categoria:Forma verbal (Português)]]</text>
<sha1>gchxp15zn3fabouy2xfi7qkh4291sss</sha1>
</revision>
