<page>
<title>radiodifundirmos</title>
<ns>0</ns>
<id>377660</id>
<revision>
<id>2262610</id>
<parentid>2262609</parentid>
<timestamp>2017-04-25T08:40:39Z</timestamp>
<contributor>
<username>MIL973</username>
<id>41339</id>
</contributor>
<model>wikitext</model>
<format>text/x-wiki</format>
<text bytes="319" xml:space="preserve">={{-pt-}}=
==Forma verbal==
{{paroxítona|ra|di|o|di|fun|dir|mos}}
# primeira pessoa do plural do futuro do {{PEPB|inline=1|conjuntivo|subjuntivo}} do verbo [[radiodifundir]]
# infinitivo pessoal da primeira pessoa do plural do verbo radiodifundir
{{avi-for-fle|radiodifundir}}
[[Categoria:Forma verbal (Português)]]</text>
<sha1>j1jdwj1vr7fyggp27vwa563v1pjnfly</sha1>
</revision>
</page>
