<page>
<page>
<title>radioemitissem</title>
<ns>0</ns>
<id>377782</id>
<revision>
<id>2278837</id>
<parentid>2278828</parentid>
<timestamp>2017-04-27T01:08:05Z</timestamp>
<contributor>
<username>MIL973</username>
<id>41339</id>
</contributor>
<model>wikitext</model>
<format>text/x-wiki</format>
<text bytes="244" xml:space="preserve">={{-pt-}}=
==Forma verbal==
{{paroxítona|ra|di|o|e|mi|tis|sem}}
# terceira pessoa do plural do pretérito do {{PEPB|inline=1|conjuntivo|subjuntivo}} do verbo [[radioemitir]]
{{avi-for-fle|radioemitir}}
[[Categoria:Forma verbal (Português)]]</text>
<sha1>hmdak06xf6z5y4ghk7sj3j6ab2t1hnb</sha1>
</revision>
