<page>
<page>
<title>radioemitísseis</title>
<ns>0</ns>
<id>377781</id>
<revision>
<id>2278798</id>
<parentid>2278790</parentid>
<timestamp>2017-04-27T01:06:48Z</timestamp>
<contributor>
<username>MIL973</username>
<id>41339</id>
</contributor>
<model>wikitext</model>
<format>text/x-wiki</format>
<text bytes="245" xml:space="preserve">={{-pt-}}=
==Forma verbal==
{{paroxítona|ra|di|o|e|mi|tís|seis}}
# segunda pessoa do plural do pretérito do {{PEPB|inline=1|conjuntivo|subjuntivo}} do verbo [[radioemitir]]
{{avi-for-fle|radioemitir}}
[[Categoria:Forma verbal (Português)]]</text>
<sha1>jr4201lrt7v0jr66reluuq9rnsswcal</sha1>
</revision>
