<page>
<page>
<title>radiodifundam</title>
<ns>0</ns>
<id>377672</id>
<revision>
<id>2262634</id>
<parentid>2262633</parentid>
<timestamp>2017-04-25T08:56:02Z</timestamp>
<contributor>
<username>MIL973</username>
<id>41339</id>
</contributor>
<model>wikitext</model>
<format>text/x-wiki</format>
<text bytes="394" xml:space="preserve">={{-pt-}}=
==Forma verbal==
{{paroxítona|ra|di|o|di|fun|dam}}
# terceira pessoa do plural do presente do {{PEPB|inline=1|conjuntivo|subjuntivo}} do verbo [[radiodifundir]]
# terceira pessoa do plural do imperativo afirmativo do verbo radiodifundir
# terceira pessoa do plural do imperativo negativo do verbo radiodifundir
{{avi-for-fle|radiodifundir}}
[[Categoria:Forma verbal (Português)]]</text>
<sha1>qhsykzqwhwnm3nlhzpm1d8llti5rl79</sha1>
</revision>
