<page>
<title>radiodifundiras</title>
<ns>0</ns>
<id>377701</id>
<revision>
<id>2262708</id>
<parentid>2262707</parentid>
<timestamp>2017-04-26T02:16:13Z</timestamp>
<contributor>
<username>MIL973</username>
<id>41339</id>
</contributor>
<model>wikitext</model>
<format>text/x-wiki</format>
<text bytes="273" xml:space="preserve">{{ver também|radiodifundirás}}
={{-pt-}}=
==Forma verbal==
{{paroxítona|ra|di|o|di|fun|di|ras}}
# segunda pessoa do singular do pretérito mais-que-perfeito do indicativo do verbo [[radiodifundir]]
{{avi-for-fle|radiodifundir}}
[[Categoria:Forma verbal (Português)]]</text>
<sha1>08oczkgmn53i2qknjj66kyz6ke3exl3</sha1>
</revision>
</page>
