<page>
<page>
<title>radiom</title>
<ns>0</ns>
<id>383839</id>
<revision>
<id>2451249</id>
<timestamp>2017-09-20T20:02:42Z</timestamp>
<contributor>
<username>ValJor</username>
<id>1358</id>
</contributor>
<comment>Criação do verbete a partir da [[Especial:Páginas_pedidas|lista de palavras pedidas]]</comment>
<model>wikitext</model>
<format>text/x-wiki</format>
<text bytes="543" xml:space="preserve">{{Wikipédia|lang=br}}
={{-br-}}=
==Substantivo==
{{elementos|Ra|frankiom|Fr|aktiniom|Ac}}
'''radiom'''
# {{escopo|br|Química}} [[rádio]]
==Ver também==
===No Wikcionário===
{{tabela periódica/br}}
[[Categoria:Substantivo (Bretão)]]
[[Categoria:Elemento químico (Bretão)]]
={{-wa-}}=
==Substantivo==
{{elementos|Ra|franciom|Fr|actiniom|Ac}}
'''radiom'''
# {{escopo|wa|Química}} [[rádio]]
==Ver também==
===No Wikcionário===
{{tabela periódica/wa}}
[[Categoria:Substantivo (Valão)]]
[[Categoria:Elemento químico (Valão)]]</text>
<sha1>c44i93mzrn5waqjvlfjsfcbnmqg6629</sha1>
</revision>
