<page>
<page>
<title>radicalismos</title>
<ns>0</ns>
<id>340798</id>
<revision>
<id>2397550</id>
<parentid>2022453</parentid>
<timestamp>2017-05-13T11:32:16Z</timestamp>
<contributor>
<username>HydrizBot</username>
<id>29590</id>
</contributor>
<minor />
<comment>Robô: A limpar links interwikis antigos</comment>
<model>wikitext</model>
<format>text/x-wiki</format>
<text bytes="398" xml:space="preserve">={{-pt-}}=
==Forma de substantivo==
{{paroxítona|ra|di|ca|lis|mos}}, {{m}}
# plural de [[radicalismo]]
{{avi-for-fle|radicalismo}}
[[Categoria:Forma de substantivo (Português)]]
={{-es-}}=
==Forma de substantivo==
{{paroxítona|ra|di|ca|lis|mos|lang=es}}, {{m}}
# plural de [[radicalismo#{{es}}|radicalismo]]
{{avi-for-fle|radicalismo|lang=es}}
[[Categoria:Forma de substantivo (Espanhol)]]</text>
<sha1>9e704sx5fzwueb4msk4c5no2aek328q</sha1>
</revision>
