<page>
<title>radiodifundirá</title>
<ns>0</ns>
<id>377696</id>
<revision>
<id>2262698</id>
<parentid>2262697</parentid>
<timestamp>2017-04-26T02:11:27Z</timestamp>
<contributor>
<username>MIL973</username>
<id>41339</id>
</contributor>
<model>wikitext</model>
<format>text/x-wiki</format>
<text bytes="259" xml:space="preserve">{{ver também|radiodifundira}}
={{-pt-}}=
==Forma verbal==
{{oxítona|ra|di|o|di|fun|di|rá}}
# terceira pessoa do singular do futuro do presente do indicativo do verbo [[radiodifundir]]
{{avi-for-fle|radiodifundir}}
[[Categoria:Forma verbal (Português)]]</text>
<sha1>3yafa69mfh7lcj02y3oz8cxsskztzgk</sha1>
</revision>
</page>
