<page>
<page>
<title>radicalistas</title>
<ns>0</ns>
<id>340797</id>
<revision>
<id>1939829</id>
<parentid>1939828</parentid>
<timestamp>2015-06-08T12:25:50Z</timestamp>
<contributor>
<username>MIL973</username>
<id>41339</id>
</contributor>
<model>wikitext</model>
<format>text/x-wiki</format>
<text bytes="703" xml:space="preserve">={{-pt-}}=
==Forma de adjetivo==
{{paroxítona|ra|di|ca|lis|tas}}, {{c2g}}
# plural de [[radicalista]]
==Forma de substantivo==
{{paroxítona|ra|di|ca|lis|tas}}, {{c2g}}
# plural de [[radicalista]]
{{avi-for-fle|radicalista}}
[[Categoria:Forma de adjetivo (Português)]]
[[Categoria:Forma de substantivo (Português)]]
={{-es-}}=
==Forma de adjetivo==
{{paroxítona|ra|di|ca|lis|tas|lang=es}}, {{c2g}}
# plural de [[radicalista#{{es}}|radicalista]]
==Forma de substantivo==
{{paroxítona|ra|di|ca|lis|tas|lang=es}}, {{c2g}}
# plural de [[radicalista#{{es}}|radicalista]]
{{avi-for-fle|radicalista|lang=es}}
[[Categoria:Forma de adjetivo (Espanhol)]]
[[Categoria:Forma de substantivo (Espanhol)]]</text>
<sha1>1dngvxhzjnxvntdq04yr855obf7zsql</sha1>
</revision>
