<page>
<page>
<title>radiodifundirão</title>
<ns>0</ns>
<id>377699</id>
<revision>
<id>2262704</id>
<parentid>2262703</parentid>
<timestamp>2017-04-26T02:14:15Z</timestamp>
<contributor>
<username>MIL973</username>
<id>41339</id>
</contributor>
<model>wikitext</model>
<format>text/x-wiki</format>
<text bytes="257" xml:space="preserve">{{confundir|radiodifundiram}}
={{-pt-}}=
==Forma verbal==
{{oxítona|ra|di|o|di|fun|di|rão}}
# terceira pessoa do plural do futuro do presente do indicativo do verbo [[radiodifundir]]
{{avi-for-fle|radiodifundir}}
[[Categoria:Forma verbal (Português)]]</text>
<sha1>m22ux013de4srxh5vlwjyvmfozg6ivt</sha1>
</revision>
