<page>
<page>
<title>radiu</title>
<ns>0</ns>
<id>344034</id>
<revision>
<id>2600512</id>
<parentid>2397570</parentid>
<timestamp>2020-11-01T09:46:40Z</timestamp>
<contributor>
<username>ValJor</username>
<id>1358</id>
</contributor>
<comment>Acrescentando código de língua à [[:Categoria:!Página com mensagem de erro em predefinição|predefinição escopo]]</comment>
<model>wikitext</model>
<format>text/x-wiki</format>
<text bytes="1332" xml:space="preserve">{{Wikipédia|radiu (dixebra)|lang=ast}}
{{Wikipédia|lang=co}}
{{Wikipédia|lang=ro}}
={{-ast-}}=
==Substantivo==
{{elementos|Ra|franciu|Fr|actiniu|Ac}}
'''radiu''', {{gramática|m}}
# {{escopo|ast|Química}} [[rádio]] (elemento químico)
# {{escopo|ast|Geometria}} [[raio]] (distância de qualquer ponto de uma circunferência ao seu centro)
# {{escopo|ast|Anatomia}} [[rádio]] (osso do antebraço)
==Ver também==
===No Wikcionário===
{{tabela periódica/ast}}
[[Categoria:Substantivo (Asturiano)]]
[[Categoria:Elemento químico (Asturiano)]]
={{-co-}}=
==Substantivo==
{{elementos|Ra|franciu|Fr|attiniu|Ac}}
'''radiu'''
# {{escopo|co|Química}} [[rádio]] (elemento químico)
==Ver também==
===No Wikcionário===
{{tabela periódica/co}}
[[Categoria:Substantivo (Corso)]]
[[Categoria:Elemento químico (Corso)]]
={{-eo-}}=
==Forma verbal==
'''radiu'''
# imperativo de '''{{link idioma|radii|eo}}'''
{{avi-for-fle|radii}}
[[Categoria:Forma verbal (Esperanto)]]
={{-ro-}}=
==Substantivo==
{{elementos|Ra|franciu|Fr|actiniu|Ac}}
'''radiu''', {{gramática|n}}
# {{escopo|ro|Química}} [[rádio]] (elemento químico)
=={{pronúncia|ro}}==
* [[AFI]]: {{AFI|/'ra.dju/|lang=ro}}
==Ver também==
===No Wikcionário===
{{tabela periódica/ro}}
[[Categoria:Substantivo (Romeno)]]
[[Categoria:Elemento químico (Romeno)]]</text>
<sha1>i0rhw1ncp4vo01b02vo3j6dvlxtraco</sha1>
</revision>
