<page>
<title>radicalista</title>
<ns>0</ns>
<id>340796</id>
<revision>
<id>2600803</id>
<parentid>2397551</parentid>
<timestamp>2020-11-02T01:21:48Z</timestamp>
<contributor>
<username>ValJor</username>
<id>1358</id>
</contributor>
<comment>Acrescentando código de língua à [[:Categoria:!Página com mensagem de erro em predefinição|predefinição escopo]]</comment>
<model>wikitext</model>
<format>text/x-wiki</format>
<text bytes="1432" xml:space="preserve">={{-pt-}}=
==Adjetivo==
{{flex.pt|s=radicalista|p=radicalistas}}
{{paroxítona|ra|di|ca|lis|ta}}, {{gramática|c2g}}
# {{escopo|pt|Política}} relativo ao [[radicalismo]]; [[radical]]
===Tradução===
{{tradini}}
* {{trad|es|radicalista}}
{{tradmeio}}
* {{trad|en|radicalist}}
{{tradfim}}
==Substantivo==
{{flex.pt|s=radicalista|p=radicalistas}}
{{paroxítona|ra|di|ca|lis|ta}}, {{gramática|c2g}}
# {{escopo|pt|Política}} seguidor do radicalismo; [[radical]]
===Tradução===
{{tradini}}
* {{trad|es|radicalista}}
{{tradmeio}}
* {{trad|en|radicalist}}
{{tradfim}}
=={{etimologia|pt}}==
: {{escopo|Morfologia}} [[radical]] + [[-ista]].
==Ver também==
===No Wikcionário===
* [[Wikisaurus:política]]
==Ligações externas==
* {{Aulete}}
* {{Michaelis}}
* {{DicioAberto}}
* {{DPLP}}
* {{Infopédia}}
* {{PLP}}
* {{VOLPABL}}
[[Categoria:Adjetivo (Português)]]
[[Categoria:Substantivo (Português)]]
={{-es-}}=
==Adjetivo==
{{flex.es|s=radicalista|p=radicalistas}}
{{paroxítona|ra|di|ca|lis|ta|lang=es}}, {{gramática|c2g}}
# [[radicalista#{{pt}}|radicalista]]
==Substantivo==
{{flex.es|s=radicalista|p=radicalistas}}
{{paroxítona|ra|di|ca|lis|ta|lang=es}}, {{gramática|c2g}}
# [[radicalista#{{pt}}|radicalista]]
=={{etimologia|pt}}==
: {{escopo|Morfologia}} [[radical#{{es}}|radical]] + [[-ista#{{es}}|-ista]].
[[Categoria:Adjetivo (Espanhol)]]
[[Categoria:Substantivo (Espanhol)]]
[[Categoria:Política (Espanhol)]]</text>
<sha1>649lvf7z8n29i3szo08fn7so3anub27</sha1>
</revision>
</page>
