<page>
<page>
<title>radiodifundindo</title>
<ns>0</ns>
<id>377675</id>
<revision>
<id>2262640</id>
<parentid>2262639</parentid>
<timestamp>2017-04-25T08:59:20Z</timestamp>
<contributor>
<username>MIL973</username>
<id>41339</id>
</contributor>
<model>wikitext</model>
<format>text/x-wiki</format>
<text bytes="176" xml:space="preserve">={{-pt-}}=
==Forma verbal==
{{paroxítona|ra|di|o|di|fun|din|do}}
# gerúndio do verbo [[radiodifundir]]
{{avi-for-fle|radiodifundir}}
[[Categoria:Forma verbal (Português)]]</text>
<sha1>dv7g7tsgkumnpzwn9n9p3qopvbzm29j</sha1>
</revision>
