<page>
<page>
<title>radiodifundísseis</title>
<ns>0</ns>
<id>377666</id>
<revision>
<id>2262622</id>
<parentid>2262621</parentid>
<timestamp>2017-04-25T08:47:26Z</timestamp>
<contributor>
<username>MIL973</username>
<id>41339</id>
</contributor>
<model>wikitext</model>
<format>text/x-wiki</format>
<text bytes="251" xml:space="preserve">={{-pt-}}=
==Forma verbal==
{{paroxítona|ra|di|o|di|fun|dís|seis}}
# segunda pessoa do plural do pretérito do {{PEPB|inline=1|conjuntivo|subjuntivo}} do verbo [[radiodifundir]]
{{avi-for-fle|radiodifundir}}
[[Categoria:Forma verbal (Português)]]</text>
<sha1>pvgjf90hmgawye34hw5obsg1w7ifu14</sha1>
</revision>
