<page>
<page>
<title>radiumo</title>
<ns>0</ns>
<id>261742</id>
<revision>
<id>2438465</id>
<parentid>2397572</parentid>
<timestamp>2017-07-17T12:55:46Z</timestamp>
<contributor>
<username>ValJor</username>
<id>1358</id>
</contributor>
<comment>Verbete [[:Categoria:!Página com idioma não informado em Predefinição:etimologia|sem indicação do idioma na seção de etimologia]]</comment>
<model>wikitext</model>
<format>text/x-wiki</format>
<text bytes="1595" xml:space="preserve">{{Wikipédia|lang=eo}}
{{Wikipédia|lang=io}}
[[Imagem:Radium.svg|thumb|120px|right|&lt;center&gt;radiumo&lt;/center&gt;]]
={{-eo-}}=
{{elementos|Ra|franciumo|Fr|aktinio|Ac}}
==Substantivo==
'''ra.di.{{grifar|u}}.mo'''
# {{escopo|eo|Química}} [[rádio]], [[elemento]] [[químico]] de [[número atômico]] '''88''' e [[símbolo]] '''[[Ra]]'''
===Declinação===
{{decl.eo.subst.sing}}
=={{etimologia|eo}}==
{{llietimo|la|radium|eo}}
{{etimo.eo|radium|-o}}
=={{pronúncia|eo}}==
* [[AFI]]: {{AFI|/ra.di.ˈu.mɔ/}}
==Ver também==
===No Wikcionário===
{{verTambém.Ini}}
* [[Apêndice:Tabela periódica|Tabela periódica]]
{{verTambém.Fim}}
{{tabela periódica/eo}}
[[Categoria:Substantivo (Esperanto)]]
[[Categoria:Polissílabo (Esperanto)]]
[[Categoria:Paroxítona (Esperanto)]]
[[Categoria:Elemento químico (Esperanto)]]
[[Categoria:Entrada com imagem (Esperanto)]]
={{-io-}}=
{{elementos|Ra|francio|Fr|aktinio|Ac}}
==Substantivo==
'''ra.di.{{grifar|u}}.mo'''
# {{escopo|io|Química}} [[rádio]], [[elemento]] [[químico]] de [[número atômico]] '''88''' e [[símbolo]] '''[[Ra]]'''.
===Declinação===
{{decl.io.subst.sing|radiumo}}
=={{etimologia|io}}==
{{llietimo|eo|radiumo|io}}
{{etimo.io|radium|-o}}
=={{pronúncia|io}}==
* [[AFI]]: {{AFI|/ra.di.ˈu.mɔ/}}
==Ver também==
===No Wikcionário===
{{verTambém.Ini}}
* [[Apêndice:Tabela periódica|Tabela periódica]]
{{verTambém.Fim}}
{{tabela periódica/io}}
[[Categoria:Substantivo (Ido)]]
[[Categoria:Polissílabo (Ido)]]
[[Categoria:Paroxítona (Ido)]]
[[Categoria:Elemento químico (Ido)]]
[[Categoria:Entrada com imagem (Ido)]]</text>
<sha1>6b8z6zf9tbh3x0wfhb2n709ps7maonx</sha1>
</revision>
