<page>
<title>radioemitiam</title>
<ns>0</ns>
<id>377859</id>
<revision>
<id>2294314</id>
<parentid>2294313</parentid>
<timestamp>2017-04-28T00:24:49Z</timestamp>
<contributor>
<username>MIL973</username>
<id>41339</id>
</contributor>
<model>wikitext</model>
<format>text/x-wiki</format>
<text bytes="224" xml:space="preserve">={{-pt-}}=
==Forma verbal==
{{paroxítona|ra|di|o|e|mi|ti|am}}
# terceira pessoa do plural do pretérito imperfeito do indicativo do verbo [[radioemitir]]
{{avi-for-fle|radioemitir}}
[[Categoria:Forma verbal (Português)]]</text>
<sha1>layqa938aed5chb8dbgwxdv1efi1tq4</sha1>
</revision>
</page>
