<page>
<page>
<title>radical</title>
<ns>0</ns>
<id>53893</id>
<revision>
<id>2625715</id>
<parentid>2625700</parentid>
<timestamp>2021-03-05T03:51:14Z</timestamp>
<contributor>
<username>DARIO SEVERI</username>
<id>27877</id>
</contributor>
<minor />
<comment>Revertidas edições por [[Especial:Contribuições/2804:14C:101:8952:DD6C:C8B6:DAB0:922C|2804:14C:101:8952:DD6C:C8B6:DAB0:922C]] para a última versão por [[Especial:Contribuições/Marxav|Marxav]]</comment>
<model>wikitext</model>
<format>text/x-wiki</format>
<text bytes="4945" xml:space="preserve">{{Wikipédia}}
={{-pt-}}=
==Adjetivo==
{{flex.pt|s=radical|p=radicais}}
{{oxítona|ra|di|cal}}, {{gramática|c2g}}
# relativo a [[raiz]]
# relativo à [[essência]] de algo
#* ''Há uma diferença '''radical''' entre nós dois.''
# {{escopo|pt|Linguística}} relativo à [[raiz]] de uma [[palavra]]
# {{escopo|pt|Matemática}} relativo à [[extração]] da [[raiz]] de um [[número]]
# [[absoluto]], que vai até o [[fim]]
#* ''Uma revolução é uma reforma '''radical''' numa sociedade.''
# {{escopo|pt|Política}} que [[preconizar|preconiza]] o [[radicalismo]]; [[radicalista]]
#* ''Não sou partidário de políticas '''radicais''', sou um moderado.''
===Tradução===
{{tradini}}
* {{trad|sq|radikal}}
* {{trad|de|radikal}}
* {{trad|bs|radikalan}}
* {{trad|ca|radical}}
* {{trad|hr|radikalan}}
* {{trad|ku|radîkal}}
* {{trad|es|radical}}
* {{trad|et|radikaalne}}
* {{trad|fi|radikaali}}
{{tradmeio}}
* {{trad|fr|radical}}
* {{trad|el|ριζοσπαστικός}}
* {{trad|en|radical}}
* {{trad|it|radicale}}
* {{trad|sr|радикалан}}
* {{trad|so|xag jira}}
* {{trad|sv|radikal}}
* {{trad|tr|ilerici}}
{{tradfim}}
===Verbetes derivados===
* [[radicalidade]]
==Substantivo&lt;sup&gt;1&lt;/sup&gt;==
{{flex.pt|s=radical|p=radicais}}
{{oxítona|ra|di|cal}}, {{gramática|c2g}}
# {{escopo|pt|Política}} [[membro]] de um [[partido]] [[político]] radical; [[radicalista]]
#* ''Existem tanto '''radicais''' de esquerda como '''radicais''' de direita.''
==Substantivo&lt;sup&gt;2&lt;/sup&gt;==
{{flex.pt|ms=radical|mp=radicais}}
{{oxítona|ra|di|cal}}, {{gramática|m}}
# {{escopo|pt|Química}} [[entidade]] [[molecular]] que possui um ou vários [[elétron]]s não emparelhados
#* ''O óxido de carbono é um '''radical'''.''
# {{escopo|pt|Linguística}} a [[raiz]] ou [[parte]] [[invariável]] de uma [[palavra]], por oposição às diferentes [[terminação|terminações]] ou [[desinência]]s que esta [[palavra]] pode receber
# {{escopo|pt|Matemática}} [[símbolo]] da [[raiz]] [[quadrado|quadrada]]
#* ''O sinal &lt;math&gt;\sqrt{\quad}&lt;/math&gt; é chamado '''radical'''.''
===Expressões===
* '''[[radical livre]]''':
===Tradução===
{{tradini}}
* {{trad|de|Radikale}}
* {{trad|ca|radical}}
* {{trad|es|radical}}
* {{trad|fi|radikaali}}
* {{trad|fr|radical}}
* {{trad|nl|radicaal}}
* {{trad|id|radikal}}
{{tradmeio}}
* {{trad|en|radical}}
* {{trad|it|radicale}}
* {{trad|mk|радикал}}
* {{trad|pl|rodnik}}
* {{trad|ru|радикал}}
* {{trad|sv|radikal}}
{{tradfim}}
=={{etimologia|pt}}==
: {{escopo|Morfologia}} [[radic-]] + [[-al]].
=={{pronúncia|pt}}==
===Portugal===
* AFI: {{AFI|/Rɐ.di.ˈkaɫ/}}
==Ver também==
===No Wikcionário===
* [[Wikisaurus:política]]
==Ligações externas==
* {{Aulete}}
* {{Michaelis}}
* {{DicioAberto}}
* {{DPLP}}
* {{Infopédia}}
* {{PLP}}
* {{VOLPABL}}
==Anagrama==
&lt;!-- índice para anagramas: pt: aacdilr --&gt;
# [[cardial]]
[[Categoria:Adjetivo (Português)]]
[[Categoria:Substantivo (Português)]]
={{-ca-}}=
==Adjetivo==
'''radical'''
# [[radical#{{pt}}|radical]]
==Substantivo==
'''radical'''
# [[radical#{{pt}}|radical]]
[[Categoria:Adjetivo (Catalão)]]
[[Categoria:Substantivo (Catalão)]]
[[Categoria:Linguística (Catalão)]]
[[Categoria:Matemática (Catalão)]]
[[Categoria:Política (Catalão)]]
[[Categoria:Química (Catalão)]]
={{-es-}}=
==Adjetivo==
{{flex.es|s=radical|p=radicales}}
{{oxítona|ra|di|cal|lang=es}}, {{gramática|c2g}}
# [[radical#{{pt}}|radical]]
==Substantivo&lt;sup&gt;1&lt;/sup&gt;==
{{flex.es|s=radical|p=radicales}}
{{oxítona|ra|di|cal|lang=es}}, {{gramática|c2g}}
# [[radical#{{pt}}|radical]]
==Substantivo&lt;sup&gt;2&lt;/sup&gt;==
{{flex.es|ms=radical|mp=radicales}}
{{oxítona|ra|di|cal|lang=es}}, {{gramática|m}}
# [[radical#{{pt}}|radical]]
[[Categoria:Adjetivo (Espanhol)]]
[[Categoria:Substantivo (Espanhol)]]
[[Categoria:Linguística (Espanhol)]]
[[Categoria:Matemática (Espanhol)]]
[[Categoria:Política (Espanhol)]]
[[Categoria:Química (Espanhol)]]
={{-fr-}}=
==Adjetivo==
'''radical'''
# [[radical#{{pt}}|radical]]
==Substantivo==
'''radical'''
# [[radical#{{pt}}|radical]]
=={{pronúncia|fr}}==
* [[AFI]]: {{AFI|/ʁa.di.kal/|fr}}
* SAMPA: /Ra.di.kal/
[[Categoria:Adjetivo (Francês)]]
[[Categoria:Substantivo (Francês)]]
[[Categoria:Linguística (Francês)]]
[[Categoria:Matemática (Francês)]]
[[Categoria:Política (Francês)]]
[[Categoria:Química (Francês)]]
={{-en-}}=
==Adjetivo==
'''rad.i.cal'''
# [[radical#{{pt}}|radical]]
# {{escopo|en|Gíria}} [[extremo]], [[incrível]]
#* ''That was a '''radical''' jump, man!'' &lt;small&gt;(Cara, este foi um salto incrível!)&lt;/small&gt;
==Substantivo==
'''rad.i.cal'''
# [[radical#{{pt}}|radical]]
# na escrita chinesa, cada um dos 214 elementos básicos que são usados para formar todos os ideogramas
[[Categoria:Adjetivo (Inglês)]]
[[Categoria:Substantivo (Inglês)]]
[[Categoria:Linguística (Inglês)]]
[[Categoria:Matemática (Inglês)]]
[[Categoria:Política (Inglês)]]
[[Categoria:Química (Inglês)]]</text>
<sha1>jm5qlwfvgujfmwqmi1tkamgbvdpcgm3</sha1>
</revision>
