<page>
<page>
<title>radicales</title>
<ns>0</ns>
<id>340635</id>
<revision>
<id>2397547</id>
<parentid>2052458</parentid>
<timestamp>2017-05-13T11:32:11Z</timestamp>
<contributor>
<username>HydrizBot</username>
<id>29590</id>
</contributor>
<minor />
<comment>Robô: A limpar links interwikis antigos</comment>
<model>wikitext</model>
<format>text/x-wiki</format>
<text bytes="484" xml:space="preserve">={{-es-}}=
==Forma de adjetivo==
{{paroxítona|ra|di|ca|les|lang=es}}, {{c2g}}
# plural de [[radical#{{es}}|radical]]
==Forma de substantivo&lt;sup&gt;1&lt;/sup&gt;==
{{paroxítona|ra|di|ca|les|lang=es}}, {{c2g}}
# plural de [[radical#{{es}}|radical]]
==Forma de substantivo&lt;sup&gt;2&lt;/sup&gt;==
{{paroxítona|ra|di|ca|les|lang=es}}, {{m}}
# plural de [[radical#{{es}}|radical]]
{{avi-for-fle|radical|lang=es}}
[[Categoria:Forma de adjetivo (Espanhol)]]
[[Categoria:Forma de substantivo (Espanhol)]]</text>
<sha1>rpdnpsc0kgu96ir4ot0dgxqn00tpam3</sha1>
</revision>
