<page>
<title>radian</title>
<ns>0</ns>
<id>87893</id>
<revision>
<id>2439249</id>
<parentid>2397537</parentid>
<timestamp>2017-07-21T21:26:29Z</timestamp>
<contributor>
<username>ValJor</username>
<id>1358</id>
</contributor>
<comment>Verbete [[:Categoria:!Página com idioma não informado em Predefinição:etimologia|sem indicação do idioma na seção de etimologia]]</comment>
<model>wikitext</model>
<format>text/x-wiki</format>
<text bytes="6529" xml:space="preserve">[[Imagem:Angle radian.svg|thumb|300px|'''Radian''']]
{{ver também|rađian|radián}}
={{-eu-}}=
==Substantivo==
'''radian''' (''abreviatura: '''[[rad.]]''''')
# {{escopo|eu|Geometria|Física}} [[radiano]]
[[Categoria:Substantivo (Basco)]]
[[Categoria:Geometria (Basco)]]
[[Categoria:Física (Basco)]]
[[Categoria:Entrada com imagem (Basco)]]
={{-hr-}}=
==Substantivo==
'''ra.di.an''' (''abreviatura: '''[[rad.]]''''')
# {{escopo|hr|Geometria|Física}} [[radiano]]
[[Categoria:Substantivo (Croata)]]
[[Categoria:Trissílabo (Croata)]]
[[Categoria:Geometria (Croata)]]
[[Categoria:Física (Croata)]]
[[Categoria:Entrada com imagem (Croata)]]
={{-da-}}=
==Substantivo==
'''ra.di.an''' (''abreviatura: '''[[rad.]]''''')
# {{escopo|da|Geometria|Física}} [[radiano]]
[[Categoria:Substantivo (Dinamarquês)]]
[[Categoria:Trissílabo (Dinamarquês)]]
[[Categoria:Geometria (Dinamarquês)]]
[[Categoria:Física (Dinamarquês)]]
[[Categoria:Entrada com imagem (Dinamarquês)]]
={{-sl-}}=
==Substantivo==
'''ra.di.an''' (''abreviatura: '''[[rad.]]''''')
# {{escopo|sl|Geometria|Física}} [[radiano]]
[[Categoria:Substantivo (Esloveno)]]
[[Categoria:Trissílabo (Esloveno)]]
[[Categoria:Geometria (Esloveno)]]
[[Categoria:Física (Esloveno)]]
[[Categoria:Entrada com imagem (Esloveno)]]
={{-fr-}}=
==Substantivo==
{{flex.fr|ms=radian|mp=radians|ms-div=ra.di.an|mp-div=ra.di.ans}}
'''ra.dian''', {{gramática|m}} (''abreviatura: '''[[rad.]]''''')
# {{escopo|fr|Geometria|Física}} [[radiano]]:
#* ''Il y π '''radians''' dans un demi-cercle (180°).'' &lt;small&gt;(Há π radianos em um semi-círculo (180º).)&lt;/small&gt;
===Verbetes derivados===
{{verTambém.Ini}}
* {{link opcional|attoradian|fr}}
* {{link opcional|centiradian|fr}}
* {{link opcional|décaradian|fr}}
* {{link opcional|déciradian|fr}}
* {{link opcional|exaradian|fr}}
* {{link opcional|femtoradian|fr}}
* {{link opcional|gigaradian|fr}}
{{verTambém.NovaColuna}}
* {{link opcional|hectoradian|fr}}
* {{link opcional|kiloradian|fr}}
* {{link opcional|mégaradian|fr}}
* {{link opcional|microradian|fr}}
* {{link opcional|milliradian|fr}}
* {{link opcional|nanoradian|fr}}
* {{link opcional|pétaradian|fr}}
{{verTambém.NovaColuna}}
* {{link opcional|picoradian|fr}}
* {{link opcional|stéradian|fr}}
* {{link opcional|téraradian|fr}}
* {{link opcional|yoctoradian|fr}}
* {{link opcional|yottaradian|fr}}
* {{link opcional|zeptoradian|fr}}
* {{link opcional|zettaradian|fr}}
{{verTambém.Fim}}
=={{etimologia|fr}}==
{{llietimo|la|radius|fr}}
=={{pronúncia|fr}}==
* [[AFI]]: {{AFI|/ʁa.djɑ̃/}}
* [[X-SAMPA]]: /Ra.djA~/
===Homófonos===
* [[radiant#{{fr}}|radiant]]
* [[radiants#{{fr}}|radiants]]
[[Categoria:Substantivo (Francês)]]
[[Categoria:Dissílabo (Francês)]]
[[Categoria:Geometria (Francês)]]
[[Categoria:Física (Francês)]]
[[Categoria:Entrada de étimo latino (Francês)]]
[[Categoria:Entrada com imagem (Francês)]]
={{-id-}}=
==Substantivo==
'''ra.di.an''' (''abreviatura: '''[[rad.]]''''')
# {{escopo|id|Geometria|Física}} [[radiano]]
[[Categoria:Substantivo (Indonésio)]]
[[Categoria:Trissílabo (Indonésio)]]
[[Categoria:Geometria (Indonésio)]]
[[Categoria:Física (Indonésio)]]
[[Categoria:Entrada com imagem (Indonésio)]]
={{-en-}}=
==Substantivo==
{{flex.en|s=radian|p=radians|s-div={{grifar|ra}}.di.an|p-div={{grifar|ra}}.di.ans}}
'''{{grifar|ra}}.di.an''' (''abreviatura: '''[[rad.]]''''')
# {{escopo|en|Geometria|Física}} [[radiano]]
===Verbetes derivados===
* [[steradian]]
=={{etimologia|en}}==
: {{escopo|Morfologia}} ''[[radius#{{en}}|radi(us)]]'' + ''[[-an|-an]]''.
=={{pronúncia|en}}==
* [[AFI]]: {{AFI|/ˈɹeɪ.di.ən/}}
* [[X-SAMPA]]: /&quot;r\eI.di.@n/
[[Categoria:Substantivo (Inglês)]]
[[Categoria:Trissílabo (Inglês)]]
[[Categoria:Proparoxítona (Inglês)]]
[[Categoria:Geometria (Inglês)]]
[[Categoria:Física (Inglês)]]
[[Categoria:Entrada com etimologia (Inglês)]]
[[Categoria:Entrada com imagem (Inglês)]]
={{-ia-}}=
==Substantivo==
'''radian''' (''abreviatura: '''[[rad.]]''''')
# {{escopo|ia|Geometria|Física}} [[radiano]]
[[Categoria:Substantivo (Interlíngua)]]
[[Categoria:Trissílabo (Interlíngua)]]
[[Categoria:Geometria (Interlíngua)]]
[[Categoria:Física (Interlíngua)]]
[[Categoria:Entrada com imagem (Interlíngua)]]
={{-ms-}}=
==Substantivo==
'''ra.di.an''' (''abreviatura: '''[[rad.]]''''')
# {{escopo|ms|Geometria|Física}} [[radiano]]
[[Categoria:Substantivo (Malaio)]]
[[Categoria:Trissílabo (Malaio)]]
[[Categoria:Geometria (Malaio)]]
[[Categoria:Física (Malaio)]]
[[Categoria:Entrada com imagem (Malaio)]]
={{-no-}}=
==Substantivo==
'''ra.di.an''' (''abreviatura: '''[[rad.]]''''')
# {{escopo|no|Geometria|Física}} [[radiano]]
[[Categoria:Substantivo (Norueguês)]]
[[Categoria:Trissílabo (Norueguês)]]
[[Categoria:Geometria (Norueguês)]]
[[Categoria:Física (Norueguês)]]
[[Categoria:Entrada com imagem (Norueguês)]]
={{-nn-}}=
==Substantivo==
'''ra.di.an''' (''abreviatura: '''[[rad.]]''''')
# {{escopo|nn|Geometria|Física}} [[radiano]]
[[Categoria:Substantivo (Novo Norueguês)]]
[[Categoria:Trissílabo (Novo Norueguês)]]
[[Categoria:Geometria (Novo Norueguês)]]
[[Categoria:Física (Novo Norueguês)]]
[[Categoria:Entrada com imagem (Novo Norueguês)]]
={{-pl-}}=
==Substantivo==
'''ra.dian''', {{gramática|m}} (''abreviatura: '''[[rad.]]''''')
# {{escopo|pl|Geometria|Física}} [[radiano]]
[[Categoria:Substantivo (Polonês)]]
[[Categoria:Dissílabo (Polonês)]]
[[Categoria:Geometria (Polonês)]]
[[Categoria:Física (Polonês)]]
[[Categoria:Entrada com imagem (Polonês)]]
={{-ro-}}=
==Substantivo==
'''ra.di.an''' (''abreviatura: '''[[rad.]]''''')
# {{escopo|ro|Geometria|Física}} [[radiano]]
[[Categoria:Substantivo (Romeno)]]
[[Categoria:Trissílabo (Romeno)]]
[[Categoria:Geometria (Romeno)]]
[[Categoria:Física (Romeno)]]
[[Categoria:Entrada com imagem (Romeno)]]
={{-sv-}}=
==Substantivo==
'''ra.di.an''' {{c.}} (''abreviatura: '''[[rad.]]''''')
# {{escopo|sv|Geometria|Física}} [[radiano]]
===Declinação===
{{decl.sv.subst.3.com|radian}}
[[Categoria:Substantivo (Sueco)]]
[[Categoria:Trissílabo (Sueco)]]
[[Categoria:Geometria (Sueco)]]
[[Categoria:Física (Sueco)]]
[[Categoria:Entrada com imagem (Sueco)]]
={{-vi-}}=
==Substantivo==
'''radian''' (''abreviatura: '''[[rad.]]''''')
# {{escopo|vi|Geometria|Física}} [[radiano]]
==={{-varort-}}===
* [[rađian]]
[[Categoria:Substantivo (Vietnamita)]]
[[Categoria:Geometria (Vietnamita)]]
[[Categoria:Física (Vietnamita)]]
[[Categoria:Entrada com imagem (Vietnamita)]]</text>
<sha1>5w5wz8ld3y1zfaj420fe9qmc8058p1u</sha1>
</revision>
</page>
