<page>
<title>radiodifundirdes</title>
<ns>0</ns>
<id>377661</id>
<revision>
<id>2262612</id>
<parentid>2262611</parentid>
<timestamp>2017-04-25T08:41:46Z</timestamp>
<contributor>
<username>MIL973</username>
<id>41339</id>
</contributor>
<model>wikitext</model>
<format>text/x-wiki</format>
<text bytes="317" xml:space="preserve">={{-pt-}}=
==Forma verbal==
{{paroxítona|ra|di|o|di|fun|dir|des}}
# segunda pessoa do plural do futuro do {{PEPB|inline=1|conjuntivo|subjuntivo}} do verbo [[radiodifundir]]
# infinitivo pessoal da segunda pessoa do plural do verbo radiodifundir
{{avi-for-fle|radiodifundir}}
[[Categoria:Forma verbal (Português)]]</text>
<sha1>jtrev3e0of2uu9rcd9et4itduvvfm48</sha1>
</revision>
</page>
