<page>
<title>radiodifundíamos</title>
<ns>0</ns>
<id>377711</id>
<revision>
<id>2262728</id>
<parentid>2262727</parentid>
<timestamp>2017-04-26T02:27:01Z</timestamp>
<contributor>
<username>MIL973</username>
<id>41339</id>
</contributor>
<model>wikitext</model>
<format>text/x-wiki</format>
<text bytes="237" xml:space="preserve">={{-pt-}}=
==Forma verbal==
{{proparoxítona|ra|di|o|di|fun|dí|a|mos}}
# primeira pessoa do plural do pretérito imperfeito do indicativo do verbo [[radiodifundir]]
{{avi-for-fle|radiodifundir}}
[[Categoria:Forma verbal (Português)]]</text>
<sha1>j7dim93j8g1q06k9o75pv11xtokk5x8</sha1>
</revision>
</page>
