<page>
<page>
<title>radiodifundirem</title>
<ns>0</ns>
<id>377662</id>
<revision>
<id>2262614</id>
<parentid>2262613</parentid>
<timestamp>2017-04-25T08:42:48Z</timestamp>
<contributor>
<username>MIL973</username>
<id>41339</id>
</contributor>
<model>wikitext</model>
<format>text/x-wiki</format>
<text bytes="318" xml:space="preserve">={{-pt-}}=
==Forma verbal==
{{paroxítona|ra|di|o|di|fun|di|rem}}
# terceira pessoa do plural do futuro do {{PEPB|inline=1|conjuntivo|subjuntivo}} do verbo [[radiodifundir]]
# infinitivo pessoal da terceira pessoa do plural do verbo radiodifundir
{{avi-for-fle|radiodifundir}}
[[Categoria:Forma verbal (Português)]]</text>
<sha1>jishlk371x63cwgqj10dhwyvf1c665p</sha1>
</revision>
