<page>
<title>radioemissor</title>
<ns>0</ns>
<id>330351</id>
<revision>
<id>2661474</id>
<parentid>2496176</parentid>
<timestamp>2022-02-26T10:29:56Z</timestamp>
<contributor>
<username>MIL973</username>
<id>41339</id>
</contributor>
<model>wikitext</model>
<format>text/x-wiki</format>
<text bytes="1270" xml:space="preserve">={{-pt-}}=
==Adjetivo==
{{flex.pt|ms=radioemissor|mp=radioemissores|fs=radioemissora|fp=radioemissoras}}
{{oxítona|ra|di|o|e|mis|sor}}, {{gramática|m}}
# {{escopo|pt|Comunicação|telecomunicações}} que [[radiodifundir|radiodifunde]] ou [[radioemitir|radioemite]]
===Sinônimo===
* [[radiodifusor]]
==Substantivo&lt;sup&gt;1&lt;/sup&gt;==
{{flex.pt|ms=radioemissor|mp=radioemissores|fs=radioemissora|fp=radioemissoras}}
{{oxítona|ra|di|o|e|mis|sor}}, {{gramática|m}}
# {{escopo|pt|Comunicação|telecomunicações}} pessoa radioemissora
===Sinônimo===
* [[radiodifusor]]
==Substantivo&lt;sup&gt;2&lt;/sup&gt;==
{{flex.pt|ms=radioemissor|mp=radioemissores}}
{{oxítona|ra|di|o|e|mis|sor}}, {{gramática|m}}
# {{escopo|pt|Comunicação|telecomunicações}} [[aparelho]] de [[rádio]] ([[AM]], [[FM]] ou [[OC]])
===Sinônimo===
* [[radiodifusor]]
=={{etimologia|pt}}==
: {{escopo|Morfologia}} De [[rádio-]] + [[emissor]].
==Ver também==
===No Wikcionário===
{{colunas|2}}
* [[radiodifusão]]
* [[radiodifusora]]
* [[radioemissão]]
* [[radioemissora]]
{{colunas/fim}}
====Siglas====
{{colunas|2}}
* [[Anatel]]
* [[ANATEL]]
{{colunas/fim}}
====Wikisaurus====
* [[Wikisaurus:comunicação|comunicação]]
[[Categoria:Adjetivo (Português)]]
[[Categoria:Substantivo (Português)]]</text>
<sha1>7waj2cz8wakvsx3wgtdc4rea82srztq</sha1>
</revision>
</page>
