<page>
<page>
<title>radioemitiram</title>
<ns>0</ns>
<id>377806</id>
<revision>
<id>2279531</id>
<parentid>2279525</parentid>
<timestamp>2017-04-27T01:36:49Z</timestamp>
<contributor>
<username>MIL973</username>
<id>41339</id>
</contributor>
<model>wikitext</model>
<format>text/x-wiki</format>
<text bytes="348" xml:space="preserve">{{confundir|radioemitirão}}
={{-pt-}}=
==Forma verbal==
{{paroxítona|ra|di|o|e|mi|ti|ram}}
# terceira pessoa do plural do pretérito perfeito do indicativo do verbo [[radioemitir]]
# terceira pessoa do plural do pretérito mais-que-perfeito do indicativo do verbo radioemitir
{{avi-for-fle|radioemitir}}
[[Categoria:Forma verbal (Português)]]</text>
<sha1>ctqt97y84yjojo3xyse3k8f3sebqn8b</sha1>
</revision>
