<page>
<page>
<title>radiologia</title>
<ns>0</ns>
<id>179973</id>
<revision>
<id>2600515</id>
<parentid>2397566</parentid>
<timestamp>2020-11-01T10:00:16Z</timestamp>
<contributor>
<username>ValJor</username>
<id>1358</id>
</contributor>
<comment>Acrescentando código de língua à [[:Categoria:!Página com mensagem de erro em predefinição|predefinição escopo]]</comment>
<model>wikitext</model>
<format>text/x-wiki</format>
<text bytes="3905" xml:space="preserve">{{Wikipédia|lang=pt}}
{{Wikipédia|lang=ca}}
{{Wikipédia|lang=fi}}
{{Wikipédia|lang=ia}}
{{Wikipédia|lang=it}}
{{Wikipédia|lang=la}}
{{Wikipédia|lang=pl}}
={{-pt-}}=
==Substantivo==
{{flex.pt|fs=radiologia|fp=radiologias}}
{{paroxítona|ra|di|o|lo|gi|a}}, {{gramática|f}}
# {{escopo|pt|Medicina}} [[ramo]] da [[ciência]] que estuda as aplicações dos raios-X em exames e tratamentos médicos
===Tradução===
{{tradini}}
* {{trad|sq|radiologjia}}
* {{trad|de|radiologie}}
* {{trad|ar|علم الأشعة}}
* {{trad|ast|radioloxía}}
* {{trad|az|radiologiya}}
* {{trad|azb|رادیولوژی}}
* {{trad|eu|erradiologia}}
* {{trad|bn|রঞ্জনবিদ্যা}}
* {{trad|be|радыялогія}}
* {{trad|bpy|রঞ্জনবিদ্যা}}
* {{trad|bs|radiologija}}
* {{trad|bg|радиология}}
* {{trad|kn|ವಿಕಿರಣಶಾಸ್ತ್ರ}}
* {{trad|yue|放射科}}
* {{trad|ca|radiologia}}
* {{trad|kk|радиолог}}
* {{trad|cs|radiologie}}
* {{trad|zh|影像诊断学}}
* {{trad|ko|영상의학}}
* {{trad|hr|radiologija}}
* {{trad|da|radiologi}}
* {{trad|sk|rádiológia}}
* {{trad|sl|radiologija}}
* {{trad|es|radiología}}
* {{trad|eo|radiologio}}
* {{trad|et|radioloogia}}
* {{trad|fi|radiologia}}
* {{trad|fr|radiologie}}
* {{trad|gl|radioloxía}}
* {{trad|ka|რადიოლოგია}}
* {{trad|el|ακτινολογία}}
* {{trad|he|רדיולוגיה}}
* {{trad|hi|विकिरण विज्ञान}}
{{tradmeio}}
* {{trad|nl|radiologie}}
* {{trad|io|radiologio}}
* {{trad|id|radiologi}}
* {{trad|en|radiology}}
* {{trad|ia|radiologia}}
* {{trad|ga|raideolaíocht}}
* {{trad|it|radiologia}}
* {{trad|ja|放射線医学}}
* {{trad|jv|radhiologi}}
* {{trad|la|radiologia}}
* {{trad|lv|radioloģija}}
* {{trad|mk|радиологија}}
* {{trad|ms|radiologi}}
* {{trad|no|radiologi}}
* {{trad|ps|وړانگپوهنه}}
* {{trad|fa|رادیولوژی}}
* {{trad|pl|radiologia}}
* {{trad|ky|радиология}}
* {{trad|ro|radiologie}}
* {{trad|ru|радиология}}
* {{trad|sr|радиологија}}
* {{trad|sh|radiologija}}
* {{trad|ckb|ڕادیۆلۆجی}}
* {{trad|sv|radiologi}}
* {{trad|th|รังสีวิทยา}}
* {{trad|ta|ஊடுகதிரியல்}}
* {{trad|te|రేడియాలజీ}}
* {{trad|tr|radyoloji}}
* {{trad|uk|радіологія}}
* {{trad|ur|مشعیات}}
* {{trad|vi|khoa x quang}}
* {{trad|war|radiolohiya}}
* {{trad|wuu|影像诊断学}}
{{tradfim}}
=={{etimologia|pt}}==
: {{escopo|Morfologia}} [[radio-]] + [[-logia]].
==Ver também==
===No Wikcionário===
{{verTambém.Ini}}
* [[medicina]]
* [[radiologista]]
{{verTambém.NovaColuna}}
* [[radioterapia]]
* [[raio-x]]
{{verTambém.Fim}}
==Ligações externas==
* {{Aulete}}
* {{Michaelis}}
* {{DicioAberto}}
* {{DPLP}}
* {{Infopédia}}
* {{PLP}}
* {{VOLPABL}}
[[Categoria:Substantivo (Português)]]
={{-ca-}}=
==Substantivo==
'''radiologia'''
# {{escopo|ca|Medicina}} [[radiologia#Português|radiologia]]
[[Categoria:Substantivo (Catalão)]]
={{-fi-}}=
==Substantivo==
'''radiologia'''
# {{escopo|fi|Medicina}} [[radiologia#Português|radiologia]]
[[Categoria:Substantivo (Finlandês)]]
={{-ia-}}=
==Substantivo==
'''radiologia'''
# {{escopo|ia|Medicina}} [[radiologia#Português|radiologia]]
[[Categoria:Substantivo (Interlíngua)]]
={{-it-}}=
==Substantivo==
'''radiologia'''
# {{escopo|it|Medicina}} [[radiologia#Português|radiologia]]
[[Categoria:Substantivo (Italiano)]]
={{-ca-}}=
==Substantivo==
'''radiologia'''
# {{escopo|ca|Medicina}} [[radiologia#Português|radiologia]]
[[Categoria:Substantivo (Catalão)]]
={{-la-}}=
==Substantivo==
'''radiologia'''
# {{escopo|la|Medicina}} [[radiologia#Português|radiologia]]
[[Categoria:Substantivo (Latim)]]
={{-pl-}}=
==Substantivo==
'''radiologia'''
# {{escopo|pl|Medicina}} [[radiologia#Português|radiologia]]
[[Categoria:Substantivo (Polonês)]]</text>
<sha1>3sves0ojr37mq18286ee9a3wwi0qzdu</sha1>
</revision>
