<page>
<page>
<title>radiodifundirás</title>
<ns>0</ns>
<id>377695</id>
<revision>
<id>2262696</id>
<parentid>2262695</parentid>
<timestamp>2017-04-26T02:10:24Z</timestamp>
<contributor>
<username>MIL973</username>
<id>41339</id>
</contributor>
<model>wikitext</model>
<format>text/x-wiki</format>
<text bytes="260" xml:space="preserve">{{ver também|radiodifundiras}}
={{-pt-}}=
==Forma verbal==
{{oxítona|ra|di|o|di|fun|di|rás}}
# segunda pessoa do singular do futuro do presente do indicativo do verbo [[radiodifundir]]
{{avi-for-fle|radiodifundir}}
[[Categoria:Forma verbal (Português)]]</text>
<sha1>j0lp0venonen8mwdiw3ybu3qivczx1s</sha1>
</revision>
