<page>
<title>radioemitamos</title>
<ns>0</ns>
<id>377785</id>
<revision>
<id>2278954</id>
<parentid>2278950</parentid>
<timestamp>2017-04-27T01:12:39Z</timestamp>
<contributor>
<username>MIL973</username>
<id>41339</id>
</contributor>
<model>wikitext</model>
<format>text/x-wiki</format>
<text bytes="387" xml:space="preserve">={{-pt-}}=
==Forma verbal==
{{paroxítona|ra|di|o|e|mi|ta|mos}}
# primeira pessoa do plural do presente do {{PEPB|inline=1|conjuntivo|subjuntivo}} do verbo [[radioemitir]]
# primeira pessoa do plural do imperativo afirmativo do verbo radioemitir
# primeira pessoa do plural do imperativo negativo do verbo radioemitir
{{avi-for-fle|radioemitir}}
[[Categoria:Forma verbal (Português)]]</text>
<sha1>5h8u4l5feast2vqqhaxnl0wgoyw3tjd</sha1>
</revision>
</page>
