<page>
<title>radioemitisse</title>
<ns>0</ns>
<id>377778</id>
<revision>
<id>2278694</id>
<parentid>2278689</parentid>
<timestamp>2017-04-27T01:03:29Z</timestamp>
<contributor>
<username>MIL973</username>
<id>41339</id>
</contributor>
<model>wikitext</model>
<format>text/x-wiki</format>
<text bytes="353" xml:space="preserve">={{-pt-}}=
==Forma verbal==
{{paroxítona|ra|di|o|e|mi|tis|se}}
# primeira pessoa do singular do pretérito do {{PEPB|inline=1|conjuntivo|subjuntivo}} do verbo [[radioemitir]]
# terceira pessoa do singular do pretérito do {{PEPB|inline=1|conjuntivo|subjuntivo}} do verbo radioemitir
{{avi-for-fle|radioemitir}}
[[Categoria:Forma verbal (Português)]]</text>
<sha1>37xpkb5ondxxvwccfptzpy9qex5h7w9</sha1>
</revision>
</page>
