<page>
<title>radioatividade</title>
<ns>0</ns>
<id>264713</id>
<revision>
<id>2629147</id>
<parentid>2629146</parentid>
<timestamp>2021-04-03T23:33:25Z</timestamp>
<contributor>
<username>GabMarquetto</username>
<id>81219</id>
</contributor>
<model>wikitext</model>
<format>text/x-wiki</format>
<text bytes="3216" xml:space="preserve">{{Wikipédia|lang=pt}}
={{-pt-}}=
==Substantivo==
{{flex.pt|fs=radioatividade|fp=radioatividades}}
{{paroxítona|ra|di|o|a|ti|vi|da|de}}, {{gramática|f}}
# {{escopo|pt|Física}} [[efeito]] [[físico]] espontâneo que certos [[átomo]]s realizam quando instáveis, liberando partículas
===Tradução===
{{tradini}}
* {{trad|af|radioaktiwiteit}}
* {{trad|sq|radioaktivitet}}
* {{trad|als|Radioaktivität}}
* {{trad|de|Radioaktivität}}
* {{trad|an|radioactividat}}
* {{trad|hy|ռադիոակտիվություն}}
* {{trad|ast|radioactividá}}
* {{trad|az|radioaktivlik}}
* {{trad|nds|Radioaktivität}}
* {{trad|bar|radioaktivität}}
* {{trad|bn|তেজস্ক্রিয়তা}}
* {{trad|my|ရေဒီယိုသတ္တိကြွပြိုကွဲမှု}}
* {{trad|bs|radioaktivnost}}
* {{trad|bg|радиоактивност}}
* {{trad|yue|核衰變}}
* {{trad|ca|radioactivitat}}
* {{trad|cs|radioaktivita}}
* {{trad|zh|放射性}}
* {{trad|hr|radioaktivnost}}
* {{trad|da|radioaktivitet}}
* {{trad|sl|radioaktivnost}}
* {{trad|es|radiactividad}}
* {{trad|eo|radioaktiveco}}
* {{trad|et|radioaktiivsus}}
* {{trad|ext|radioatividá}}
* {{trad|fi|radioaktiivisuus}}
* {{trad|fr|radioactivité}}
* {{trad|fy|radio-aktiviteit}}
* {{trad|frr|raadioaktiwiteet}}
* {{trad|gl|radioactividade}}
* {{trad|el|ραδιενέργεια}}
* {{trad|ht|radyo-aktivite}}
* {{trad|he|רדיואקטיביות}}
* {{trad|hi|रेडियोसक्रियता}}
* {{trad|nl|radioactiviteit}}
* {{trad|hu|radioaktivitás}}
{{tradmeio}}
* {{trad|yi|ראדיאאקטיוויטעט}}
* {{trad|en|radioactivity}}
* {{trad|ia|radioactivitate}}
* {{trad|is|geislavirkni}}
* {{trad|it|radioattività}}
* {{trad|ja|放射能}}
* {{trad|la|radioactivitas}}
* {{trad|lv|radioaktivitāte}}
* {{trad|li|radioactiviteit}}
* {{trad|lt|radioaktyvumas}}
* {{trad|mk|радиоактивност}}
* {{trad|ml|ആണവവികിരണം}}
* {{trad|nan|hòng-siā-sèng}}
* {{trad|no|radioaktivitet}}
* {{trad|nn|radioaktivitet}}
* {{trad|oc|radioactivitat}}
* {{trad|pl|radioaktywność}}
* {{trad|pnb|تابکاری}}
* {{trad|qu|illanchaykuy}}
* {{trad|ky|радиоактивдүүлүк}}
* {{trad|rm|radioactivitad}}
* {{trad|ro|radioactivitate}}
* {{trad|ru|радиоактивность}}
* {{trad|sc|radioatividade}}
* {{trad|sr|радиоактивност}}
* {{trad|sh|radioaktivnost}}
* {{trad|ckb|تیشکەچالاکی}}
* {{trad|sw|unururifu}}
* {{trad|sv|radioaktivitet}}
* {{trad|th|การสลายให้กัมมันตรังสี}}
* {{trad|ta|கதிரியக்கம்}}
* {{trad|tr|radyoaktivite}}
* {{trad|ur|اشعاعی تنزل}}
* {{trad|uz|radioaktivlik}}
* {{trad|wa|radiactivité}}
* {{trad|vi|phóng xạ}}
* {{trad|wuu|放射性}}
{{tradfim}}
=={{etimologia|pt}}==
: {{escopo|Morfologia}} [[rádio]] + [[atividade]].
=={{pronúncia|pt}}==
===Portugal===
* AFI: {{AFI|/Ra.dju.a.ti.vi.ˈda.dɨ/}}
==Ver também==
===No Wikcionário===
{{verTambém.Ini}}
* {{verTambém.Confrontar|radiação}}
{{verTambém.Fim}}
==Ligações externas==
* {{Aulete}}
* {{Michaelis}}
* {{DPLP}}
* {{Infopédia}}
* {{PLP}}
* {{VOLPABL}}
[[Categoria:Substantivo (Português)]]</text>
<sha1>5durzjs5mpp145sesapa5e9sn0pq0be</sha1>
</revision>
</page>
