<page>
<page>
<title>radonin</title>
<ns>0</ns>
<id>235094</id>
<revision>
<id>2600499</id>
<parentid>2397578</parentid>
<timestamp>2020-11-01T09:00:52Z</timestamp>
<contributor>
<username>ValJor</username>
<id>1358</id>
</contributor>
<comment>Acrescentando código de língua à [[:Categoria:!Página com mensagem de erro em predefinição|predefinição escopo]]</comment>
<model>wikitext</model>
<format>text/x-wiki</format>
<text bytes="332" xml:space="preserve">={{-vo-}}=
==Substantivo==
{{elementos|Rn|lastatin|At|fransin|Fr}}
'''radonin'''
# {{escopo|vo|Química}} {{PEPB|[[rádon]]|[[radônio]]|inline=1}}
===Declinação===
{{decl.vo.subst}}
==Ver também==
===No Wikcionário===
{{tabela periódica/vo}}
[[Categoria:Substantivo (Volapuque)]]
[[Categoria:Elemento químico (Volapuque)]]</text>
<sha1>e7mmd1ookw245wv095jbf1kyrd5a0v7</sha1>
</revision>
