<page>
<title>radoni</title>
<ns>0</ns>
<id>293872</id>
<revision>
<id>2600502</id>
<parentid>2397577</parentid>
<timestamp>2020-11-01T09:14:42Z</timestamp>
<contributor>
<username>ValJor</username>
<id>1358</id>
</contributor>
<comment>Acrescentando código de língua à [[:Categoria:!Página com mensagem de erro em predefinição|predefinição escopo]]</comment>
<model>wikitext</model>
<format>text/x-wiki</format>
<text bytes="629" xml:space="preserve">{{Wikipédia|lang=sq}}
{{Wikipédia|lang=sw}}
={{-sq-}}=
==Substantivo==
{{elementos|Rn|astati|At|franciumi|Fr}}
'''radoni'''
# {{escopo|sq|Química}} {{PEPB|[[rádon]]|[[radônio]]|inline=1}}
==Ver também==
===No Wikcionário===
{{tabela periódica/sq}}
[[Categoria:Substantivo (Albanês)]]
[[Categoria:Elemento químico (Albanês)]]
={{-sw-}}=
==Substantivo==
{{elementos|Rn|astatini|At|fransi|Fr}}
'''radoni'''
# {{escopo|sw|Química}} {{PEPB|[[rádon]]|[[radônio]]|inline=1}}
==Ver também==
===No Wikcionário===
{{tabela periódica/sw}}
[[Categoria:Substantivo (Suaíli)]]
[[Categoria:Elemento químico (Suaíli)]]</text>
<sha1>bciglf1kgxp0wfmokpr1vrkzy0apy3t</sha1>
</revision>
</page>
