<page>
<title>radone</title>
<ns>0</ns>
<id>291960</id>
<revision>
<id>2600505</id>
<parentid>2397576</parentid>
<timestamp>2020-11-01T09:28:04Z</timestamp>
<contributor>
<username>ValJor</username>
<id>1358</id>
</contributor>
<comment>Acrescentando código de língua à [[:Categoria:!Página com mensagem de erro em predefinição|predefinição escopo]]</comment>
<model>wikitext</model>
<format>text/x-wiki</format>
<text bytes="487" xml:space="preserve">{{Wikipédia|lang=co}}
={{-co-}}=
==Substantivo==
{{elementos|Rn|astatu|At|franciu|Fr}}
'''radone'''
# {{escopo|co|Química}} {{PEPB|[[rádon]]|[[radônio]]|inline=1}}
==={{-varort-}}===
* [[radonu]]
==Ver também==
===No Wikcionário===
{{tabela periódica/co}}
[[Categoria:Substantivo (Corso)]]
[[Categoria:Elemento químico (Corso)]]
={{-lt-}}=
==Forma de substantivo==
'''radone'''
# flexão de [[radonas]]
{{avi-for-fle|radonas}}
[[Categoria:Forma de substantivo (Lituano)]]</text>
<sha1>ffg709u9cy14t5zwlok57lku99kp9ow</sha1>
</revision>
</page>
