<page>
<title>rado</title>
<ns>0</ns>
<id>347438</id>
<revision>
<id>2397574</id>
<parentid>2153394</parentid>
<timestamp>2017-05-13T11:33:38Z</timestamp>
<contributor>
<username>HydrizBot</username>
<id>29590</id>
</contributor>
<minor />
<comment>Robô: A limpar links interwikis antigos</comment>
<model>wikitext</model>
<format>text/x-wiki</format>
<text bytes="478" xml:space="preserve">={{-la-}}=
==Verbo==
''presente ativo'' '''rado''', ''infinitivo presente'' '''[[radere]]''', ''pretérito perfeito ativo'' '''[[rasi]]''', ''supino'' '''[[rasum]]'''.
# [[raspar]], [[arranhar]].
# [[barbear]].
# [[polir]], [[esfregar]].
# [[escovar]].
# [[abrasar]].
===Conjugação===
{{conj.la.3|rad|ras|ras|rad|ras|ras}}
==Pronúncia==
*[[AFI]]:  /ˈraː.doː/
[[Categoria:Entrada com pronúncia (Latim)]]
[[Categoria:Verbo (Latim)]]
[[Categoria:Verbo sem afixos (Latim)]]</text>
<sha1>264qscaqw048aflwwz4nyanb13u6c31</sha1>
</revision>
</page>
