<page>
<page>
<title>Radon</title>
<ns>0</ns>
<id>361967</id>
<revision>
<id>2600507</id>
<parentid>2277513</parentid>
<timestamp>2020-11-01T09:34:12Z</timestamp>
<contributor>
<username>ValJor</username>
<id>1358</id>
</contributor>
<comment>Acrescentando código de língua à [[:Categoria:!Página com mensagem de erro em predefinição|predefinição escopo]]</comment>
<model>wikitext</model>
<format>text/x-wiki</format>
<text bytes="1592" xml:space="preserve">{{Wikipédia|lang=de}}
{{Wikipédia|lang=nds}}
{{Wikipédia|lang=stq}}
{{Wikipédia|lang=lb}}
={{-gsw-}}=
{{elementos|Rn|Astat|At|Francium|Fr}}
==Substantivo==
'''Radon'''
# {{escopo|gsw|Química}} {{PEPB|[[rádon]]|[[radônio]]|inline=1}}
==Ver também==
===No Wikcionário===
{{tabela periódica/gsw}}
[[Categoria:Substantivo (Alemânico)]]
[[Categoria:Elemento químico (Alemânico)]]
={{-de-}}=
{{elementos|Rn|Astat|At|Francium|Fr}}
==Substantivo==
'''Radon'''
# {{escopo|de|Química}} {{PEPB|[[rádon]]|[[radônio]]|inline=1}}
==Ver também==
===No Wikcionário===
{{tabela periódica/de}}
[[Categoria:Substantivo (Alemão)]]
[[Categoria:Elemento químico (Alemão)]]
={{-nds-}}=
{{elementos|Rn|Astat|At|Francium|Fr}}
==Substantivo==
'''Radon'''
# {{escopo|nds|Química}} {{PEPB|[[rádon]]|[[radônio]]|inline=1}}
==Ver também==
===No Wikcionário===
{{tabela periódica/nds}}
[[Categoria:Substantivo (Baixo Saxão)]]
[[Categoria:Elemento químico (Baixo Saxão)]]
={{-stq-}}=
{{elementos|Rn|Astat|At|Francium|Fr}}
==Substantivo==
'''Radon'''
# {{escopo|stq|Química}} {{PEPB|[[rádon]]|[[radônio]]|inline=1}}
==Ver também==
===No Wikcionário===
{{tabela periódica/stq}}
[[Categoria:Substantivo (Frísio Oriental)]]
[[Categoria:Elemento químico (Frísio Oriental)]]
={{-lb-}}=
{{elementos|Rn|Astat|At|Francium|Fr}}
==Substantivo==
'''Radon'''
# {{escopo|lb|Química}} {{PEPB|[[rádon]]|[[radônio]]|inline=1}}
==Ver também==
===No Wikcionário===
{{tabela periódica/lb}}
[[Categoria:Substantivo (Luxemburguês)]]
[[Categoria:Elemento químico (Luxemburguês)]]</text>
<sha1>ac5hbofj1akljrfg1f15cfhusw79mvd</sha1>
</revision>
