<page>
<page>
<title>radula</title>
<ns>0</ns>
<id>125305</id>
<revision>
<id>2686586</id>
<parentid>2397581</parentid>
<timestamp>2022-08-18T19:47:08Z</timestamp>
<contributor>
<username>ValJor</username>
<id>1358</id>
</contributor>
<comment>Corrigindo as categorizações conforme pedido em [[Wikcionário:Problemas espinhosos/Norueguês]]</comment>
<model>wikitext</model>
<format>text/x-wiki</format>
<text bytes="2221" xml:space="preserve">{{Wikipédia|lang=cs}}
{{Wikipédia|lang=fr}}
{{Wikipédia|lang=nl}}
{{Wikipédia|lang=en}}
{{Wikipédia|lang=it}}
{{Wikipédia|lang=nb}}
{{Wikipédia|lang=sv}}
={{-cs-}}=
==Substantivo==
'''radula'''
# [[rádula#Português|rádula]]
=={{etimologia|cs}}==
{{llietimo|la|radula|cs|raspador}}
[[Categoria:Substantivo (Checo)]]
[[Categoria:Biologia (Checo)]]
[[Categoria:Zoologia (Checo)]]
={{-fr-}}=
==Substantivo==
'''radula'''
# [[rádula#Português|rádula]]
=={{etimologia|fr}}==
{{llietimo|la|radula|fr|raspador}}
[[Categoria:Substantivo (Francês)]]
[[Categoria:Biologia (Francês)]]
[[Categoria:Zoologia (Francês)]]
={{-nl-}}=
==Substantivo==
'''radula'''
# [[rádula#Português|rádula]]
=={{etimologia|nl}}==
{{llietimo|la|radula|nl|raspador}}
[[Categoria:Substantivo (Holandês)]]
[[Categoria:Biologia (Holandês)]]
[[Categoria:Zoologia (Holandês)]]
={{-en-}}=
==Substantivo==
'''radula''' (''[[plural]]'': [[radulae]])
# [[rádula#Português|rádula]]
=={{etimologia|en}}==
{{llietimo|la|radula|en|raspador}}
[[Categoria:Substantivo (Inglês)]]
[[Categoria:Biologia (Inglês)]]
[[Categoria:Zoologia (Inglês)]]
={{-it-}}=
==Substantivo==
'''radula'''
# [[rádula#Português|rádula]]
=={{etimologia|it}}==
{{llietimo|la|radula|it|raspador}}
[[Categoria:Substantivo (Italiano)]]
[[Categoria:Biologia (Italiano)]]
[[Categoria:Zoologia (Italiano)]]
={{-la-}}=
==Substantivo==
'''rādula''' (''genitivo'': [[rādulae]]); ''feminino'', primeira declinação
# [[raspador]]
===Declinação===
{{decl.la.subst.1d|radul|rādul}}
=={{etimologia|la}}==
: De [[rādō]] (''[[raspar]], [[arranhar]]''). 
[[Categoria:Substantivo (Latim)]]
[[Categoria:Biologia (Latim)]]
[[Categoria:Zoologia (Latim)]]
={{-nb-}}=
==Substantivo==
'''radula'''
# [[rádula#Português|rádula]]
=={{etimologia|nb}}==
{{llietimo|la|radula|nb|raspador}}
[[Categoria:Substantivo (Norueguês Bokmål)]]
[[Categoria:Biologia (Norueguês Bokmål)]]
[[Categoria:Zoologia (Norueguês Bokmål)]]
={{-sv-}}=
==Substantivo==
'''radula'''
# [[rádula#Português|rádula]]
=={{etimologia|sv}}==
{{llietimo|la|radula|sv|raspador}}
[[Categoria:Substantivo (Sueco)]]
[[Categoria:Biologia (Sueco)]]
[[Categoria:Zoologia (Sueco)]]</text>
<sha1>se4fw0m7j3eqklp0qh3cyvh6s0uxhc0</sha1>
</revision>
