<page>
<page>
<title>radun</title>
<ns>0</ns>
<id>406973</id>
<revision>
<id>2536595</id>
<timestamp>2019-02-16T21:59:17Z</timestamp>
<contributor>
<username>Amigo7</username>
<id>58547</id>
</contributor>
<comment>Criação do verbete a partir da [[Especial:Páginas_pedidas|lista de palavras pedidas]]</comment>
<model>wikitext</model>
<format>text/x-wiki</format>
<text bytes="278" xml:space="preserve">{{Wikipédia|lang=qu}}
={{-qu-}}=
==Substantivo==
{{elementos|Rn|astatu|At|fransyu|Fr}}
'''radun'''
# {{escopo|qu|Elemento químico}} {{PEPB|[[rádon]]|[[radônio]]|inline=1}}
==Ver também==
===No Wikcionário===
{{tabela periódica/qu}}
[[Categoria:Substantivo (Quéchua)]]</text>
<sha1>5vupzhi8l3yr227qdxccbmf6z791i4c</sha1>
</revision>
