<page>
<title>radyo</title>
<ns>0</ns>
<id>385817</id>
<revision>
<id>2460564</id>
<timestamp>2017-11-12T14:23:17Z</timestamp>
<contributor>
<username>ValJor</username>
<id>1358</id>
</contributor>
<comment>Criação do verbete a partir da [[Especial:Páginas_pedidas|lista de palavras pedidas]]</comment>
<model>wikitext</model>
<format>text/x-wiki</format>
<text bytes="989" xml:space="preserve">{{Wikipédia|lang=ceb}}
{{Wikipédia|lang=tl|radyo (elemento)|radyo}}
{{Wikipédia|lang=war|radyo (elemento)|radyo}}
={{-ceb-}}=
==Substantivo==
{{elementos|Ra|pransiyo|Fr|aktinyo|Ac}}
'''radyo'''
# {{escopo|ceb|Química}} [[rádio]]
==Ver também==
===No Wikcionário===
{{tabela periódica/ceb}}
[[Categoria:Substantivo (Cebuano)]]
[[Categoria:Elemento químico (Cebuano)]]
={{-tl-}}=
==Substantivo==
{{elementos|Ra|pransiyo|Fr|aktinyo|Ac}}
'''radyo'''
# {{escopo|tl|Química}} [[rádio]]
# {{escopo|tl|Comunicação}} [[rádio]]
==Ver também==
===No Wikcionário===
{{tabela periódica/tl}}
[[Categoria:Substantivo (Tagalo)]]
[[Categoria:Elemento químico (Tagalo)]]
={{-war-}}=
==Substantivo==
{{elementos|Ra|fransyo|Fr|actinyo|Ac}}
'''radyo'''
# {{escopo|war|Química}} [[rádio]]
# {{escopo|war|Comunicação}} [[rádio]]
==Ver também==
===No Wikcionário===
{{tabela periódica/war}}
[[Categoria:Substantivo (Waray-Waray)]]
[[Categoria:Elemento químico (Waray-Waray)]]</text>
<sha1>8ml86naq2wa58q2nhismw23wcjo99xq</sha1>
</revision>
</page>
