<page>
<title>radyum</title>
<ns>0</ns>
<id>245030</id>
<revision>
<id>2600493</id>
<parentid>2397582</parentid>
<timestamp>2020-11-01T08:29:18Z</timestamp>
<contributor>
<username>ValJor</username>
<id>1358</id>
</contributor>
<minor />
<comment>Acrescentando código de língua à [[:Categoria:!Página com mensagem de erro em predefinição|predefinição escopo]]</comment>
<model>wikitext</model>
<format>text/x-wiki</format>
<text bytes="538" xml:space="preserve">{{Wikipédia|lang=tr}}
={{-tl-}}=
==Substantivo==
{{elementos|Ra|pransyo|Fr|aktinyo|Ac}}
'''radyum'''
# {{escopo|tl|Química}} [[rádio]]
==Ver também==
===No Wikcionário===
{{tabela periódica/tl}}
[[Categoria:Substantivo (Tagalo)]]
[[Categoria:Elemento químico (Tagalo)]]
={{-tr-}}=
==Substantivo==
{{elementos|Ra|fransiyum|Fr|aktinyum|Ac}}
'''radyum'''
# {{escopo|tr|Química}} [[rádio]]
==Ver também==
===No Wikcionário===
{{tabela periódica/tr}}
[[Categoria:Substantivo (Turco)]]
[[Categoria:Elemento químico (Turco)]]</text>
<sha1>kky2ybpyldk4ibck23a8jsd08tw92vj</sha1>
</revision>
</page>
