<page>
<title>radyu</title>
<ns>0</ns>
<id>406975</id>
<revision>
<id>2536597</id>
<timestamp>2019-02-16T22:16:45Z</timestamp>
<contributor>
<username>Amigo7</username>
<id>58547</id>
</contributor>
<comment>Criação do verbete a partir da [[Especial:Páginas_pedidas|lista de palavras pedidas]]</comment>
<model>wikitext</model>
<format>text/x-wiki</format>
<text bytes="484" xml:space="preserve">{{Wikipédia|lang=qu}}
={{-qu-}}=
==Substantivo==
{{elementos|Ra|fransyu|Fr|aktinyu|Ac}}
'''radyu'''
# {{escopo|qu|Elemento químico}} [[rádio]]
# {{escopo2|aparelho}} [[rádio]]
==={{-varort-}}===
* {{link idioma|radiyu|qu}}
===Sinônimos===
* De 1: {{link idioma|radyu q'illay|qu}}, {{link idioma|radiyu q'illay|qu}}
* De 2: {{link idioma|ankichiy}}, {{link idioma|wayrasimi}}
==Ver também==
===No Wikcionário===
{{tabela periódica/qu}}
[[Categoria:Substantivo (Quéchua)]]</text>
<sha1>ghojme91gdohaufz7y4ksc0wjvg2pm1</sha1>
</revision>
</page>
