<page>
<page>
<title>radônio</title>
<ns>0</ns>
<id>5905</id>
<revision>
<id>2507900</id>
<parentid>2397590</parentid>
<timestamp>2018-06-26T17:35:54Z</timestamp>
<contributor>
<username>Luis Gabriel Moraes Dias</username>
<id>11628</id>
</contributor>
<comment>/* Tradução */</comment>
<model>wikitext</model>
<format>text/x-wiki</format>
<text bytes="2277" xml:space="preserve">{{Wikipédia}}
={{-pt-}}=
{{grafiaPtbr|radão}} 
==Substantivo==
{{elementos|Rn|astato|At|frâncio|Fr}}
{{proparoxítona aparente|ra|dô|ni|o}}, ''masculino''
# {{escopo|pt|Elemento químico}} [[elemento]] [[químico]] de [[símbolo]] [[Rn]], possui o [[número]] [[atômico]] 86 e [[massa]] [[atômico|atômica]] [[relativo|relativa]] 222 [[u]]. É um [[gás]] [[nobre]] [[radioativo]], [[incolor]]. É encontrado em [[fonte]]s de [[água]]s [[termal|termais]]. Ele também é [[expelir|expelido]] [[naturalmente]] pela [[superfície]] da [[terra]], principalmente, em regiões de [[solo]] [[granítico]]. Sua [[ocorrência]] é de um [[átomo]] de [[radônio]] para 1 x 10&lt;sup&gt;21&lt;/sup&gt; [[molécula]]s de [[ar]].
===Sinônimos===
# [[rádon]]
# {{escopo2|Portugal}} [[rádão]]
# {{escopo2|Portugal}} [[radão]]
===Tradução===
{{tradini}}
* {{trad|af|radon}}
* {{trad|de|Radon}}
* {{trad|ar|رادون}}
* {{trad|hy|ռադոն}}
* {{trad|bg|радон}}
* {{trad|ca|radó}}
* {{trad|cs|radon}}
* {{trad|zh|氡}}
* {{trad|ko|라돈}}
* {{trad|co|radone}}
* {{trad|hr|radon}}
* {{trad|da|radon}}
* {{trad|sk|radón}}
* {{trad|sl|radon}}
* {{trad|es|radón}}
* {{trad|eo|radono}}
* {{trad|et|radoon}}
* {{trad|fi|radon}}
* {{trad|fr|radon}}
* {{trad|gl|radon}}
* {{trad|el|ραδόνιο}}
* {{trad|he|רדון}}
* {{trad|nl|radon}}
* {{trad|hu|radon}}
* {{trad|io|radono}}
* {{trad|yi|ראַדאָן}}
{{tradmeio}}
* {{trad|id|radon}}
* {{trad|en|radon}}
* {{trad|is|radon}}
* {{trad|it|radon}}
* {{trad|ja|ラドン}}
* {{trad|la|radon}}
* {{trad|lv|radons}}
* {{trad|lt|radonas}}
* {{trad|jbo|dircynavni}}
* {{trad|lb|Radon}}
* {{trad|ms|radon}}
* {{trad|no|radon}}
* {{trad|nn|radon}}
* {{trad|oc|radon}}
* {{trad|fa|رادون}}
* {{trad|pl|radon}}
* {{trad|ro|radon}}
* {{trad|ru|радон}}
* {{trad|sr|радон}}
* {{trad|sh|radon}}
* {{trad|sv|radon}}
* {{trad|th|เรดอน}}
* {{trad|tr|radon}}
* {{trad|uk|радон}}
* {{trad|vo|radonin}}
{{tradfim}}
=={{etimologia|pt}}==
: Derivado do grego ''radium'', [[rádio]].
==Ver também==
===No Wikcionário===
# [[Rn]]
# [[Apêndice:Tabela periódica|Tabela periódica]]
{{tabela periódica/pt-br}}
===Na Wikipédia===
# [[w:Tabela periódica|Tabela periódica]]
[[Categoria:Substantivo (Português)]]</text>
<sha1>dysljy5d8un18v5pomwe7exhrs3sgd5</sha1>
</revision>
