<page>
<title>radíus</title>
<ns>0</ns>
<id>89174</id>
<revision>
<id>2397587</id>
<parentid>2175846</parentid>
<timestamp>2017-05-13T11:34:09Z</timestamp>
<contributor>
<username>HydrizBot</username>
<id>29590</id>
</contributor>
<minor />
<comment>Robô: A limpar links interwikis antigos</comment>
<model>wikitext</model>
<format>text/x-wiki</format>
<text bytes="459" xml:space="preserve">{{ver também|radius}}
={{-is-}}=
==Substantivo ==
'''radíus''', {{gramática|m}} ''forte, grupo 1 (dativo indefinido com -i opcional)''
# {{escopo|pt|Geometria}} [[raio]].
===Sinônimos===
* De '''1''': [[geisli]]
===Declinação===
{{decl.is.subst.forte.masc.1a e 1b|radíus|}}
=={{pronúncia|is}}==
* [[AFI]]: {{IPA|[ˈraːtiʏs]|lang=is}}
[[Categoria:Substantivo (Islandês)]]
[[Categoria:Geometria (Islandês)]]
[[Categoria:Matemática (Islandês)]]</text>
<sha1>7lnw8qirew49i6ldhp1cun0izvmixof</sha1>
</revision>
</page>
