<page>
<title>radão</title>
<ns>0</ns>
<id>261604</id>
<revision>
<id>2397584</id>
<parentid>2064909</parentid>
<timestamp>2017-05-13T11:34:04Z</timestamp>
<contributor>
<username>HydrizBot</username>
<id>29590</id>
</contributor>
<minor />
<comment>Robô: A limpar links interwikis antigos</comment>
<model>wikitext</model>
<format>text/x-wiki</format>
<text bytes="343" xml:space="preserve">{{Wikipédia}}
={{-pt-}}=
==Substantivo==
{{elementos|Rn|astato|At|frâncio|Fr}}
{{oxítona|ra|dão}}, ''masculino''
#  o mesmo que [[radônio]]
=={{etimologia|pt}}==
: Derivado do grego {{etimo|el|radium}} ([[rádio]]).
[[Categoria:Substantivo (Português)]]
[[Categoria:Elemento químico (Português)]]
[[Categoria:Química (Português)]]</text>
<sha1>f1sldc37teowq41zwegjdpz67je6ysl</sha1>
</revision>
</page>
