<page>
<page>
<title>radícula</title>
<ns>0</ns>
<id>345900</id>
<revision>
<id>2397585</id>
<parentid>2018146</parentid>
<timestamp>2017-05-13T11:34:05Z</timestamp>
<contributor>
<username>HydrizBot</username>
<id>29590</id>
</contributor>
<minor />
<comment>Robô: A limpar links interwikis antigos</comment>
<model>wikitext</model>
<format>text/x-wiki</format>
<text bytes="243" xml:space="preserve">={{-pt-}}=
== Substantivo ==
{{flex.pt|fs=radícula|fp=radículas}}
{{proparoxítona|ra|dí|cul|la}}, {{f}}
# pequena [[raiz]]
# parte do embrião das plantas com semente que dá origem à raiz primária
[[Categoria:Substantivo (Português)]]</text>
<sha1>c4vskt7aaxjkxdku5h1brv3rtsyclp9</sha1>
</revision>
