<page>
<page>
<title>rae</title>
<ns>0</ns>
<id>250271</id>
<revision>
<id>2600400</id>
<parentid>2397591</parentid>
<timestamp>2020-10-31T23:30:40Z</timestamp>
<contributor>
<username>ValJor</username>
<id>1358</id>
</contributor>
<comment>Trocando escopo por escopo2</comment>
<model>wikitext</model>
<format>text/x-wiki</format>
<text bytes="915" xml:space="preserve">={{-fi-}}=
==Substantivo==
'''ra.e''' (''plural'' : rakeet)
# [[granizo]], [[gota]]s de [[chuva]] que chegam ao [[solo]] [[congelada]]s
#* '''''Rakeet''' tarvitsevat syntyäkseen voimakkaita ilmavirtauksia.'' &lt;small&gt;(Os grãos de granizo, para se formarem, precisam de fortes correntes de ar.)&lt;/small&gt;
#* ''Miksi joskus sataa '''rakeita'''?'' &lt;small&gt;(Por que às vezes chove granizo?)&lt;/small&gt;
# {{escopo2|Ciência dos materiais}} [[grão]], [[grânulo]] 
===Verbetes derivados===
* [[raesade]] : chuva de granizo
==Ver também==
===No Wikcionário===
{{verTambém.Ini}}
* [[jää]]
{{verTambém.NovaColuna}}
* [[lumi]]
{{verTambém.NovaColuna}}
* [[sade]]
{{verTambém.Fim}}
[[Categoria:Substantivo (Finlandês)]]
[[Categoria:Meteorologia (Finlandês)]]
={{-kem-}}=
==Substantivo==
'''rae'''
# [[terra]]
# [[solo]]
==Ver também==
===No Wikcionário===
* [[hatu]]
* [[tasi]]
[[Categoria:Substantivo (Kemak)]]</text>
<sha1>pcr07x9ozle86qbjk1y9zqjqixfrz7z</sha1>
</revision>
