<page>
<title>raeira</title>
<ns>0</ns>
<id>392404</id>
<revision>
<id>2504462</id>
<parentid>2483471</parentid>
<timestamp>2018-05-24T17:12:32Z</timestamp>
<contributor>
<username>Cpls</username>
<id>20608</id>
</contributor>
<model>wikitext</model>
<format>text/x-wiki</format>
<text bytes="830" xml:space="preserve">={{-gl-}}=
==Substantivo&lt;sup&gt;1&lt;/sup&gt;==
{{flex.gl|fs=raeira|fp=raeiras}}
{{paroxítona|ra|ei|ra|lang=gl}}, {{g|f|lang=gl}}
# {{escopo|gl|Náutica}} tipo de [[rede]] de fundo para a pesca da [[raia]] e outros peixes
===Sinónimos===
* [[raieira#{{gl}}|raieira]], [[rasco#{{gl}}|rasco]]
==={{etimologia|gl}}===
: {{escopo|Morfologia}} De ''[[raia#{{gl}}|raia]]'' + ''[[-eira#{{gl}}|-eira]]'', ou de ''[[raer#{{gl}}|raer]]''.
==Substantivo&lt;sup&gt;2&lt;/sup&gt;==
{{flex.gl|fs=raeira|fp=raeiras}}
{{paroxítona|ra|ei|ra|lang=gl}}, {{g|f|lang=gl}}
# [[calor]] do sol
# lugar [[solheiro]]
# terreno sem amparo, [[descampado]]
===Sinónimos===
* De '''1''' e '''2''': [[recacheira#{{gl}}|recacheira]]
==={{etimologia|gl}}===
: {{escopo|Morfologia}} De ''[[raio#{{gl}}|raio]]'' + ''[[-eira#{{gl}}|-eira]]''.
[[Categoria:Substantivo (Galego)]]</text>
<sha1>1dagu9qp8b1l645t01amhfem646wh0s</sha1>
</revision>
</page>
