<page>
<title>raeiro</title>
<ns>0</ns>
<id>396325</id>
<revision>
<id>2595960</id>
<parentid>2504466</parentid>
<timestamp>2020-09-09T08:41:29Z</timestamp>
<contributor>
<username>Cpls</username>
<id>20608</id>
</contributor>
<comment>/* Substantivo2 */</comment>
<model>wikitext</model>
<format>text/x-wiki</format>
<text bytes="1613" xml:space="preserve">={{-gl-}}=
==Substantivo&lt;sup&gt;1&lt;/sup&gt;==
{{flex.gl|ms=raeiro|mp=raeiros}}
{{paroxítona|ra|ei|ro|lang=gl}}, {{g|m|lang=gl}}
# {{escopo|gl|Crustáceo}} [[caranguejola]] (''[[species:Cancer pagurus|Cancer pagurus]]'')
===Sinónimos===
* [[bicâncora#{{gl}}|bicâncora]], [[boi#{{gl}}|boi]], [[boi-arrieiro#{{gl}}|boi-arrieiro]], [[boi-de-fondio#{{gl}}|boi-fondio]], [[boi-de-frância#{{gl}}|boi-de-frância]], [[boi-do-mar#{{gl}}|boi-do-mar]], [[boi-vidal#{{gl}}|boi-vidal]], [[bueu#{{gl}}|bueu]], [[burão#{{gl}}|burão]], [[burro#{{gl}}|burro]], [[cagão#{{gl}}|cagão]], [[câncamo#{{gl}}|câncamo]], [[cangro#{{gl}}|cangro]], [[chispolvo#{{gl}}|chispolvo]], [[esqueiro#{{gl}}|esqueiro]], [[moca#{{gl}}|moca]], [[neca#{{gl}}|neca]], [[noca#{{gl}}|noca]], [[nócara#{{gl}}|nócara]], [[nócaro#{{gl}}|nócaro]], [[nocla#{{gl}}|nocla]], [[noco#{{gl}}|noco]], [[nocra#{{gl}}|nocra]], [[nocro#{{gl}}|nocro]], [[nouca#{{gl}}|nouca]], [[reeiro#{{gl}}|reeiro]], [[vaca#{{gl}}|vaca]], [[vaca-do-mar#{{gl}}|vaca-do-mar]] 
==={{etimologia|gl}}===
: Confronte-se com ''[[raeira#{{gl}}|raeira]]''.
==Substantivo&lt;sup&gt;2&lt;/sup&gt;==
{{flex.gl|ms=raeiro|mp=raeiros}}
{{paroxítona|ra|ei|ro|lang=gl}}, {{g|m|lang=gl}}
# [[calor]] do sol
# lugar [[solheiro]]; lugar solheiro onde se toma o sol no inverno
# raio de sol
# [[raio]] de sol de pouca força
# terreno sem amparo, [[descampado]]
===Sinónimos===
* De '''1''' e '''2''': [[raeira#{{gl}}|raeira]], [[recacheira#{{gl}}|recacheira]]
==={{etimologia|gl}}===
: {{escopo|Morfologia}} De ''[[raio#{{gl}}|raio]]'' + ''[[-eiro#{{gl}}|-eiro]]''.
[[Categoria:Substantivo (Galego)]]</text>
<sha1>oy04a5oyznv2vh3y156sk67yfn4hb0e</sha1>
</revision>
</page>
