<page>
<page>
<title>raer</title>
<ns>0</ns>
<id>275558</id>
<revision>
<id>2608845</id>
<parentid>2600397</parentid>
<timestamp>2021-01-18T18:12:32Z</timestamp>
<contributor>
<username>Cpls</username>
<id>20608</id>
</contributor>
<comment>/* {{-gl-}} */</comment>
<model>wikitext</model>
<format>text/x-wiki</format>
<text bytes="945" xml:space="preserve">={{-pt-}}=
==Verbo==
{{oxítona|ra|er}}
# {{escopo2|Marnotagem}} o mesmo que [[rer]]
=={{etimologia|pt}}==
: Do infinitivo latino ''radere''.
==Anagramas==
# [[arre]]
# [[erra]]
[[Categoria:Verbo (Português)]]
={{-gl-}}=
==Verbo==
{{oxítona|lang=gl|ra|er}}
# {{escopo|gl|Meteorologia}} deixar de [[chover]], [[escampar]]
# [[tensionar]], fazer que aperte a corda que segura uma carga
# passar roçando
# limpar de [[raspão]]
# [[cortar]] superficialmente, tirar a pela
# [[segar]] o centeio
# segar no [[baldio]]
# [[ceifar]] o cereal deixando a palha mui alta
# [[exterminar]]
# [[romper]], fender
# [[roçar]] monte para plantar centeio
# [[rejeitar]] inteiramente uma coisa
# [[arrastar]]
{{oxítona|lang=gl|ra|er}}, {{gramática|pron}}
# {{cont|14}} [[fugir]]
===Sinónimos===
* De '''1''': [[escampar#{{gl}}|escampar]], [[esparragar#{{gl}}|esparragar]]
=={{etimologia|gl}}==
{{llietimo|la|radere|gl}}
[[Categoria:Verbo (Galego)]]</text>
<sha1>fpqotpl7sxa37jtekysi3f68gztlrpg</sha1>
</revision>
