<page>
<page>
<title>rafardes</title>
<ns>0</ns>
<id>211000</id>
<revision>
<id>2397603</id>
<parentid>1168483</parentid>
<timestamp>2017-05-13T11:34:41Z</timestamp>
<contributor>
<username>HydrizBot</username>
<id>29590</id>
</contributor>
<minor />
<comment>Robô: A limpar links interwikis antigos</comment>
<model>wikitext</model>
<format>text/x-wiki</format>
<text bytes="264" xml:space="preserve">={{-pt-}}=
==Forma verbal==
'''rafardes'''
#[[segunda pessoa]] do [[plural]] do [[futuro]] do [[modo subjuntivo]] do verbo '''[[rafar]]'''
#[[infinitivo pessoal]] da [[segunda pessoa]] do [[plural]] do verbo '''[[rafar]]'''
[[Categoria:Forma verbal (Português)]]</text>
<sha1>b8y114xk3zenqqx236sxz8hk9hyz0lr</sha1>
</revision>
