<page>
<title>rafaríamos</title>
<ns>0</ns>
<id>194072</id>
<revision>
<id>2397616</id>
<parentid>1168496</parentid>
<timestamp>2017-05-13T11:34:59Z</timestamp>
<contributor>
<username>HydrizBot</username>
<id>29590</id>
</contributor>
<minor />
<comment>Robô: A limpar links interwikis antigos</comment>
<model>wikitext</model>
<format>text/x-wiki</format>
<text bytes="174" xml:space="preserve">={{-pt-}}=
==Forma verbal==
'''rafaríamos'''
#[[primeira pessoa]] do [[plural]] do [[futuro do pretérito]] do verbo '''[[rafar]]'''
[[Categoria:Forma verbal (Português)]]</text>
<sha1>1sp23imr90e73wdcszk5rix5lzz5bo0</sha1>
</revision>
</page>
