<page>
<title>rafasse</title>
<ns>0</ns>
<id>206316</id>
<revision>
<id>2397619</id>
<parentid>1168542</parentid>
<timestamp>2017-05-13T11:35:04Z</timestamp>
<contributor>
<username>HydrizBot</username>
<id>29590</id>
</contributor>
<minor />
<comment>Robô: A limpar links interwikis antigos</comment>
<model>wikitext</model>
<format>text/x-wiki</format>
<text bytes="227" xml:space="preserve">={{-pt-}}=
==Forma verbal==
'''rafasse'''
#[[primeira pessoa|primeira]] e [[terceira pessoa]] do [[singular]] do [[pretérito imperfeito]] do [[modo subjuntivo]] do verbo '''[[rafar]]'''
[[Categoria:Forma verbal (Português)]]</text>
<sha1>7zbnjrhzv8qf19e4czbyyfrf378bb9z</sha1>
</revision>
</page>
