<page>
<page>
<title>rafarão</title>
<ns>0</ns>
<id>191425</id>
<revision>
<id>2397615</id>
<parentid>1168495</parentid>
<timestamp>2017-05-13T11:34:58Z</timestamp>
<contributor>
<username>HydrizBot</username>
<id>29590</id>
</contributor>
<minor />
<comment>Robô: A limpar links interwikis antigos</comment>
<model>wikitext</model>
<format>text/x-wiki</format>
<text bytes="169" xml:space="preserve">={{-pt-}}=
==Forma verbal==
'''rafarão'''
#[[terceira pessoa]] do [[plural]] do [[futuro do presente]] do verbo '''[[rafar]]'''
[[Categoria:Forma verbal (Português)]]</text>
<sha1>2puo3oyyaf0g9bkjm5pefo0unkyuf9u</sha1>
</revision>
