<page>
<title>rafavas</title>
<ns>0</ns>
<id>162560</id>
<revision>
<id>2397626</id>
<parentid>1168549</parentid>
<timestamp>2017-05-13T11:35:16Z</timestamp>
<contributor>
<username>HydrizBot</username>
<id>29590</id>
</contributor>
<minor />
<comment>Robô: A limpar links interwikis antigos</comment>
<model>wikitext</model>
<format>text/x-wiki</format>
<text bytes="194" xml:space="preserve">={{-pt-}}=
==Forma verbal==
'''rafavas'''
#[[segunda pessoa]] do [[singular]] do [[pretérito imperfeito]] do [[modo indicativo]] do verbo '''[[rafar]]'''
[[Categoria:Forma verbal (Português)]]</text>
<sha1>ozp9aitzspo2e1d8t1iabu87zscnzrk</sha1>
</revision>
</page>
