<page>
<page>
<title>rafaríeis</title>
<ns>0</ns>
<id>195379</id>
<revision>
<id>2397617</id>
<parentid>1168540</parentid>
<timestamp>2017-05-13T11:35:00Z</timestamp>
<contributor>
<username>HydrizBot</username>
<id>29590</id>
</contributor>
<minor />
<comment>Robô: A limpar links interwikis antigos</comment>
<model>wikitext</model>
<format>text/x-wiki</format>
<text bytes="172" xml:space="preserve">={{-pt-}}=
==Forma verbal==
'''rafaríeis'''
#[[segunda pessoa]] do [[plural]] do [[futuro do pretérito]] do verbo '''[[rafar]]'''
[[Categoria:Forma verbal (Português)]]</text>
<sha1>lwqupil87j6djp2ovg9q8heqjhqneyq</sha1>
</revision>
