<page>
<page>
<title>Rafard</title>
<ns>0</ns>
<id>136946</id>
<revision>
<id>2569790</id>
<parentid>2569787</parentid>
<timestamp>2020-01-09T04:12:17Z</timestamp>
<contributor>
<username>Defender</username>
<id>15952</id>
</contributor>
<minor />
<comment>Revertidas edições por [[Especial:Contribuições/2804:D41:A15A:7400:A58B:6028:7F70:84F1|2804:D41:A15A:7400:A58B:6028:7F70:84F1]] para a última versão por [[Especial:Contribuições/HydrizBot|HydrizBot]]</comment>
<model>wikitext</model>
<format>text/x-wiki</format>
<text bytes="255" xml:space="preserve">={{-pt-}}=
{{Wikipédia}}
==Substantivo==
'''Rafard''' {{pr}}
#[[município]] [[brasileiro]] do [[estado]] de [[São Paulo]]
==Ver também==
*[[Apêndice:Municípios do estado de São Paulo]]
[[Categoria:Município do estado de São Paulo (Português)]]</text>
<sha1>j7fap4s0thuui4oa2qph9fdh4f69nlp</sha1>
</revision>
