<page>
<title>rafaras</title>
<ns>0</ns>
<id>179669</id>
<revision>
<id>2397602</id>
<parentid>1168482</parentid>
<timestamp>2017-05-13T11:34:40Z</timestamp>
<contributor>
<username>HydrizBot</username>
<id>29590</id>
</contributor>
<minor />
<comment>Robô: A limpar links interwikis antigos</comment>
<model>wikitext</model>
<format>text/x-wiki</format>
<text bytes="179" xml:space="preserve">={{-pt-}}=
==Forma verbal==
'''rafaras'''
#[[segunda pessoa]] do [[singular]] do [[pretérito mais-que-perfeito]] do verbo '''[[rafar]]'''
[[Categoria:Forma verbal (Português)]]</text>
<sha1>2cgn12mcx9sv7s0adykyu5l6prjnxcm</sha1>
</revision>
</page>
