<page>
<page>
<title>rafa</title>
<ns>0</ns>
<id>349277</id>
<revision>
<id>2504310</id>
<parentid>2479457</parentid>
<timestamp>2018-05-22T20:11:29Z</timestamp>
<contributor>
<username>Cpls</username>
<id>20608</id>
</contributor>
<comment>/* {{-gl-}} */</comment>
<model>wikitext</model>
<format>text/x-wiki</format>
<text bytes="541" xml:space="preserve">={{-gl-}}=
==Substantivo==
{{flex.gl|fs=rafa|fp=rafa}}
{{paroxítona|ra|fa|lang=gl}}, {{g|f|lang=gl}}
# [[migalha]] de pão
# [[miolo]] do pão
# [[raspa]], raladura
# pequeno [[anaco]]
# [[miséria]]
===Sinónimo===
* De '''1''' (migalha): [[faragulha#Galego|faragulha]]
=={{etimologia|gl}}==
: Confronte-se com ''[[sarrafo#{{gl}}|sarrafo]]'' e ''[[rafão#{{gl}}|rafão]]''.
==Ver também==
===No Wikcionário===
{{dividir em colunas|3}}
* [[rafar]]
* [[rafeiro]]
* [[rafo]]
{{dividir em colunas.fim}}
[[Categoria:Substantivo (Galego)]]</text>
<sha1>1xf4e8lsgqfzt5dtoei4p42q8ye8cpd</sha1>
</revision>
