<page>
<title>rafara</title>
<ns>0</ns>
<id>178177</id>
<revision>
<id>2397600</id>
<parentid>1789690</parentid>
<timestamp>2017-05-13T11:34:37Z</timestamp>
<contributor>
<username>HydrizBot</username>
<id>29590</id>
</contributor>
<minor />
<comment>Robô: A limpar links interwikis antigos</comment>
<model>wikitext</model>
<format>text/x-wiki</format>
<text bytes="227" xml:space="preserve">={{-pt-}}=
==Forma verbal==
'''rafara'''
#[[primeira pessoa|primeira]] e [[terceira pessoa|terceira pessoas]] do [[singular]] do [[pretérito mais-que-perfeito]] do verbo '''[[rafar]]'''
[[Categoria:Forma verbal (Português)]]</text>
<sha1>9dvv6gfqu01oyw3tw88pmbowsiw3p43</sha1>
</revision>
</page>
