<page>
<page>
<title>rafasses</title>
<ns>0</ns>
<id>198027</id>
<revision>
<id>2397621</id>
<parentid>1168544</parentid>
<timestamp>2017-05-13T11:35:08Z</timestamp>
<contributor>
<username>HydrizBot</username>
<id>29590</id>
</contributor>
<minor />
<comment>Robô: A limpar links interwikis antigos</comment>
<model>wikitext</model>
<format>text/x-wiki</format>
<text bytes="196" xml:space="preserve">={{-pt-}}=
==Forma verbal==
'''rafasses'''
#[[segunda pessoa]] do [[singular]] do [[pretérito imperfeito]] do [[modo subjuntivo]] do verbo '''[[rafar]]'''
[[Categoria:Forma verbal (Português)]]</text>
<sha1>2kt0e2hqy5aft21xemwvbldc9do6zc5</sha1>
</revision>
