<page>
<page>
<title>rafaremos</title>
<ns>0</ns>
<id>188618</id>
<revision>
<id>2397607</id>
<parentid>1168487</parentid>
<timestamp>2017-05-13T11:34:46Z</timestamp>
<contributor>
<username>HydrizBot</username>
<id>29590</id>
</contributor>
<minor />
<comment>Robô: A limpar links interwikis antigos</comment>
<model>wikitext</model>
<format>text/x-wiki</format>
<text bytes="170" xml:space="preserve">={{-pt-}}=
==Forma verbal==
'''rafaremos'''
#[[primeira pessoa]] do [[plural]] do [[futuro do presente]] do verbo '''[[rafar]]'''
[[Categoria:Forma verbal (Português)]]</text>
<sha1>fqv9ryky6hhiewnksinft4kpib67863</sha1>
</revision>
