<page>
<title>rafas</title>
<ns>0</ns>
<id>155419</id>
<revision>
<id>2397618</id>
<parentid>1168541</parentid>
<timestamp>2017-05-13T11:35:02Z</timestamp>
<contributor>
<username>HydrizBot</username>
<id>29590</id>
</contributor>
<minor />
<comment>Robô: A limpar links interwikis antigos</comment>
<model>wikitext</model>
<format>text/x-wiki</format>
<text bytes="176" xml:space="preserve">={{-pt-}}=
==Forma verbal==
'''rafas'''
#[[segunda]] [[pessoa]] do [[singular]] do [[presente]] [[indicativo]] do verbo '''[[rafar]]'''
[[Categoria:Forma verbal (Português)]]</text>
<sha1>ey8adzfohutxiww0cvmyosblektckpp</sha1>
</revision>
</page>
