<page>
<title>rafai</title>
<ns>0</ns>
<id>220970</id>
<revision>
<id>2397594</id>
<parentid>1168475</parentid>
<timestamp>2017-05-13T11:34:27Z</timestamp>
<contributor>
<username>HydrizBot</username>
<id>29590</id>
</contributor>
<minor />
<comment>Robô: A limpar links interwikis antigos</comment>
<model>wikitext</model>
<format>text/x-wiki</format>
<text bytes="172" xml:space="preserve">={{-pt-}}=
==Forma verbal==
'''rafai'''
#[[segunda pessoa]] do [[plural]] do [[imperativo]] [[afirmativo]] do verbo '''[[rafar]]'''
[[Categoria:Forma verbal (Português)]]</text>
<sha1>2lfu66tn5f2jj9fhcy6cenicdha9x2b</sha1>
</revision>
</page>
