<page>
<title>rafaste</title>
<ns>0</ns>
<id>172703</id>
<revision>
<id>2397622</id>
<parentid>1168545</parentid>
<timestamp>2017-05-13T11:35:10Z</timestamp>
<contributor>
<username>HydrizBot</username>
<id>29590</id>
</contributor>
<minor />
<comment>Robô: A limpar links interwikis antigos</comment>
<model>wikitext</model>
<format>text/x-wiki</format>
<text bytes="192" xml:space="preserve">={{-pt-}}=
==Forma verbal==
'''rafaste'''
#[[segunda pessoa]] do [[singular]] do [[pretérito perfeito]] do [[modo indicativo]] do verbo '''[[rafar]]'''
[[Categoria:Forma verbal (Português)]]</text>
<sha1>jsgnq2kf5bpr82i6sa9vv01qznhqf4h</sha1>
</revision>
</page>
