<page>
<page>
<title>rafariam</title>
<ns>0</ns>
<id>196715</id>
<revision>
<id>2397610</id>
<parentid>1168490</parentid>
<timestamp>2017-05-13T11:34:51Z</timestamp>
<contributor>
<username>HydrizBot</username>
<id>29590</id>
</contributor>
<minor />
<comment>Robô: A limpar links interwikis antigos</comment>
<model>wikitext</model>
<format>text/x-wiki</format>
<text bytes="171" xml:space="preserve">={{-pt-}}=
==Forma verbal==
'''rafariam'''
#[[terceira pessoa]] do [[plural]] do [[futuro do pretérito]] do verbo '''[[rafar]]'''
[[Categoria:Forma verbal (Português)]]</text>
<sha1>grywfcfgqn2xecrcttc8gnsxy2t4drk</sha1>
</revision>
