<page>
<page>
<title>rafeind</title>
<ns>0</ns>
<id>81018</id>
<revision>
<id>2600392</id>
<parentid>2397630</parentid>
<timestamp>2020-10-31T19:13:35Z</timestamp>
<contributor>
<username>ValJor</username>
<id>1358</id>
</contributor>
<comment>Acrescentando código de língua à [[:Categoria:!Página com mensagem de erro em predefinição|predefinição escopo]]</comment>
<model>wikitext</model>
<format>text/x-wiki</format>
<text bytes="527" xml:space="preserve">{{Wikipédia|lang=is}}
={{-is-}}=
==Substantivo==
'''rafeind''', ''feminino, forte, grupo 2''
# {{escopo|is|Eletrônica|Física|Química}} {{PEPB|[[eletrão]]|[[elétron]]|inline=1}}
===Antônimos===
{{verTambém.Ini}}
* [[jáeind]]
{{verTambém.NovaColuna}}
* [[róteind]]
{{verTambém.Fim}}
===Declinação===
{{decl.is.subst.forte.fem.2|rafeind|}}
=={{etimologia|is}}==
: {{escopo|Morfologia}} ''[[raf-#{{is}}|raf-]]'' (''&quot;eletro-&quot;'') + ''[[eind#{{is}}|eind]]'' (''&quot;partícula&quot;'').
[[Categoria:Substantivo (Islandês)]]</text>
<sha1>0fxqzm2c2bmr3sz8yprf2wxxl7i49yk</sha1>
</revision>
