<page>
<page>
<title>rafeiro</title>
<ns>0</ns>
<id>44489</id>
<revision>
<id>2612513</id>
<parentid>2600362</parentid>
<timestamp>2021-01-31T12:14:46Z</timestamp>
<contributor>
<username>Marxav</username>
<id>73271</id>
</contributor>
<minor />
<comment>AFI Portugal</comment>
<model>wikitext</model>
<format>text/x-wiki</format>
<text bytes="812" xml:space="preserve">={{-pt-}}=
==Adjetivo==
{{flex.pt|ms=rafeiro|mp=rafeiros|fs=rafeira|fp=rafeiras}}
{{paroxítona|ra|fei|ro}}
# que não tem [[raça]] [[definido|definida]]
# {{escopo|pt|Pejorativo}} que anda sempre a [[aborrecer]] outrem
# {{escopo|pt|Pejorativo}} que não [[prestar|presta]]
==Substantivo==
{{paroxítona|ra|fei|ro}}, {{gramática|m}}
# [[cão]] de uma raça própria para [[guarda]]
# cão sem raça definida
# {{escopo|pt|Pejorativo}} que não presta
=={{pronúncia|pt}}==
===Portugal===
* AFI: {{AFI|/Rɐ.ˈfɐj.ɾu/}}
==Ligações externas==
* {{Aulete}}
* {{Michaelis}}
* {{DicioAberto}}
* {{DPLP}}
* {{Infopédia}}
* {{PLP}}
* {{VOLPABL}}
==Anagramas==
&lt;!-- índice para anagramas: pt: aefiorr --&gt;
# [[farreio]]
# [[foreira]]
[[Categoria:Adjetivo (Português)]]
[[Categoria:Substantivo (Português)]]</text>
<sha1>7884woucjbboz0uiqgrtyvlrbgge3b7</sha1>
</revision>
