<page>
<title>rafeis</title>
<ns>0</ns>
<id>218070</id>
<revision>
<id>2397632</id>
<parentid>1168552</parentid>
<timestamp>2017-05-13T11:35:26Z</timestamp>
<contributor>
<username>HydrizBot</username>
<id>29590</id>
</contributor>
<minor />
<comment>Robô: A limpar links interwikis antigos</comment>
<model>wikitext</model>
<format>text/x-wiki</format>
<text bytes="269" xml:space="preserve">={{-pt-}}=
==Forma verbal==
'''rafeis'''
#[[segunda pessoa]] do [[plural]] do [[presente]] do [[modo subjuntivo]] do verbo '''[[rafar]]'''
#[[segunda pessoa]] do [[plural]] do [[imperativo]] [[negativo]] do verbo '''[[rafar]]'''
[[Categoria:Forma verbal (Português)]]</text>
<sha1>6sos3izk0cpxudjke18giq8r2pmviin</sha1>
</revision>
</page>
