<page>
<title>rafes</title>
<ns>0</ns>
<id>219486</id>
<revision>
<id>2397635</id>
<parentid>2254302</parentid>
<timestamp>2017-05-13T11:35:31Z</timestamp>
<contributor>
<username>HydrizBot</username>
<id>29590</id>
</contributor>
<minor />
<comment>Robô: A limpar links interwikis antigos</comment>
<model>wikitext</model>
<format>text/x-wiki</format>
<text bytes="272" xml:space="preserve">={{-pt-}}=
==Forma verbal==
'''rafes'''
#[[segunda pessoa]] do [[singular]] do [[presente]] do [[modo subjuntivo]] do verbo '''[[rafar]]'''
#[[segunda pessoa]] do [[singular]] do [[imperativo]] [[negativo]] do verbo '''[[rafar]]'''
[[Categoria:Forma verbal (Português)]]</text>
<sha1>9zb7we7hk5cva8vbte6fi52mrtx8msk</sha1>
</revision>
</page>
