<page>
<title>rafe</title>
<ns>0</ns>
<id>213805</id>
<revision>
<id>2499024</id>
<parentid>2397628</parentid>
<timestamp>2018-04-25T23:43:34Z</timestamp>
<contributor>
<username>Askekamo</username>
<id>60711</id>
</contributor>
<model>wikitext</model>
<format>text/x-wiki</format>
<text bytes="719" xml:space="preserve">={{-pt-}}=
==Substantivo==
{{flex.pt|ms=rafe|mp=rafes}}
{{paroxítona|ra|fe}}, {{gramática|m}}
# [[esboço]] solto e descompromissado um tanto já bem elaborado e desenvolvido
==={{etimologia|en}}===
: Do inglês {{etimo|en|rough}}.
==Forma verbal==
'''rafe'''
# [[primeira pessoa|primeira]] e [[terceira pessoa]] do [[singular]] do [[presente]] do [[modo subjuntivo]] do verbo '''[[rafar]]'''
# [[terceira pessoa]] do [[singular]] do [[imperativo]] [[afirmativo]] do verbo '''[[rafar]]'''
# [[terceira pessoa]] do [[singular]] do [[imperativo]] [[negativo]] do verbo '''[[rafar]]'''
[[Categoria:Forma verbal (Português)]]
[[Categoria:Substantivo (Português)]]
[[Categoria:Entrada de étimo inglês (Português)]]</text>
<sha1>nt58l8ui1pwuk1vztu7z0mwp0hoj00z</sha1>
</revision>
</page>
