<page>
<title>Raffaele</title>
<ns>0</ns>
<id>283000</id>
<revision>
<id>2277522</id>
<parentid>2111089</parentid>
<timestamp>2017-04-27T00:13:37Z</timestamp>
<contributor>
<username>HydrizBot</username>
<id>29590</id>
</contributor>
<minor />
<comment>Robô: A limpar links interwikis antigos</comment>
<model>wikitext</model>
<format>text/x-wiki</format>
<text bytes="1370" xml:space="preserve">{{Wikipédia|lang=it}}
={{-it-}}=
==Substantivo==
'''Raffaele''' {{pr}} {{m}}
# [[Rafael]]
# [[arcanjo]] [[que]] [[aparece]] no [[cristianismo]], [[judaísmo]] e [[islamismo]]
===Variantes===
{{verTambém.Ini}}
* {{link opcional|Raffaello|it}}
* {{link opcional|Raffaelo|it}}
{{verTambém.NovaColuna}}
* {{link opcional|Rafaele|it}}
* {{link opcional|Raffaelino|it}}
{{verTambém.Fim}}
=={{etimologia|it}}==
:Do [[latim]] {{etimo|la|Raphael}}, que veio do [[grego]] {{etimo|el|Ραφαήλ}} ''(Rafaí̱l)'' e que veio do [[hebraico]] {{etimo|he|רפאל}}. Significa ''Deus cura'' ou ''curado por Deus''; ''rafa'' (cura) e ''el'' (Deus)
===Termos derivados===
{{verTambém.Ini}}
* {{link opcional|Raffaella|it}} ''(feminino)''
* {{link opcional|Raffaela|it}} ''(feminino)''
* {{link opcional|Raffaelina|it}} ''(feminino)''
{{verTambém.NovaColuna}}
* {{link opcional|Raffaellina|it}} ''(feminino)''
* {{link opcional|Rafaela|it}} ''(feminino)''
* {{link opcional|Rafaela|it}} ''(feminino)''
{{verTambém.NovaColuna}}
* {{link opcional|Lello|it}}
* {{link opcional|Lella|it}}
* {{link opcional|Raffa|it}}
{{verTambém.NovaColuna}}
* {{link opcional|Raffo|it}}
* {{link opcional|Lele|it}}
{{verTambém.Fim}}
[[Categoria:Substantivo (Italiano)]]
[[Categoria:Antropônimo (Italiano)]]
[[Categoria:Entrada de étimo latino (Italiano)]]
[[Categoria:Religião (Italiano)]]</text>
<sha1>7dzsvmxvneuy0v0xh9k9sait16hn03a</sha1>
</revision>
</page>
