<page>
<page>
<title>rafmagnsrakvél</title>
<ns>0</ns>
<id>94287</id>
<revision>
<id>1593955</id>
<parentid>1224562</parentid>
<timestamp>2013-01-19T10:38:21Z</timestamp>
<contributor>
<username>MalafayaBot</username>
<id>628</id>
</contributor>
<minor />
<comment>Robô: A modificar Categoria:Vocábulo com etimologia (Islandês) para Categoria:Entrada com etimologia (Islandês)</comment>
<model>wikitext</model>
<format>text/x-wiki</format>
<text bytes="394" xml:space="preserve">={{-is-}}=
== Substantivo ==
'''rafmagnsrakvél''', ''feminino, forte, grupo 1''
# [[barbeador elétrico]].
=== Declinação ===
{{decl.is.subst.forte.fem.1|rafmagnsrakvél}}
== Etimologia ==
: De ''[[rafmagn#{{is}}|rafmagns]]'' (''&quot;de eletricidade&quot;'') + ''[[rakvél#{{is}}|rakvél]]'' (''&quot;barbeador&quot;'').
[[Categoria:Substantivo (Islandês)]]
[[Categoria:Entrada com etimologia (Islandês)]]</text>
<sha1>723xgmv1o4amuyby62avalht09hagbd</sha1>
</revision>
