<page>
<title>rafo</title>
<ns>0</ns>
<id>153951</id>
<revision>
<id>2479455</id>
<parentid>2397640</parentid>
<timestamp>2018-01-22T23:37:22Z</timestamp>
<contributor>
<username>Cpls</username>
<id>20608</id>
</contributor>
<model>wikitext</model>
<format>text/x-wiki</format>
<text bytes="724" xml:space="preserve">={{-pt-}}=
==Forma verbal==
'''rafo'''
#[[primeira]] [[pessoa]] do [[singular]] do [[presente]] [[indicativo]] do verbo '''[[rafar]]'''
==Adjetivo==
{{flex.pt|ms=rafo|mp=rafos|fs=rafa|fp=rafas}}
{{paroxítona|ra|fo}}
# {{escopo|pt|Trás-os-Montes}} [[insuficiente]], que é pouca quantidade
=={{etimologia|pt}}==
: Confronte-se com ''[[rafa]]''.
[[Categoria:Forma verbal (Português)]]
[[Categoria:Adjetivo (Português)]]
={{-gl-}}=
==Substantivo==
{{flex.gl|ms=rafo|mp=rafos}}
{{paroxítona|ra|fo|lang=gl}}, {{g|m|lang=gl}}
# {{escopo|gl|Agricultura}} [[vime]]s que atados nas [[aiveca]]s do arado alargam o sulco
=={{etimologia|gl}}==
: Confronte-se com ''[[rafar#{{gl}}|rafar]]''.
[[Categoria:Substantivo (Galego)]]</text>
<sha1>t94aqytd9mf2wv4gkk8vwdwkbrnjhqa</sha1>
</revision>
</page>
