<page>
<page>
<title>rafu</title>
<ns>0</ns>
<id>395432</id>
<revision>
<id>2499457</id>
<parentid>2499451</parentid>
<timestamp>2018-04-27T19:23:33Z</timestamp>
<contributor>
<username>Askekamo</username>
<id>60711</id>
</contributor>
<comment>formatação</comment>
<model>wikitext</model>
<format>text/x-wiki</format>
<text bytes="129" xml:space="preserve">={{-ja-}}=
==Substantivo==
'''rafu'''
# [[rafe]]
===Sinônimos===
* De '''1''': [[ラフ]]
[[Categoria:Substantivo (Japonês)]]</text>
<sha1>h7isyev6qxyasyevpxvryi4gzvm954n</sha1>
</revision>
