<page>
<title>rafássemos</title>
<ns>0</ns>
<id>199500</id>
<revision>
<id>2397647</id>
<parentid>1168562</parentid>
<timestamp>2017-05-13T11:35:50Z</timestamp>
<contributor>
<username>HydrizBot</username>
<id>29590</id>
</contributor>
<minor />
<comment>Robô: A limpar links interwikis antigos</comment>
<model>wikitext</model>
<format>text/x-wiki</format>
<text bytes="198" xml:space="preserve">={{-pt-}}=
==Forma verbal==
'''rafássemos'''
#[[primeira pessoa]] do [[plural]] do [[pretérito imperfeito]] do [[modo subjuntivo]] do verbo '''[[rafar]]'''
[[Categoria:Forma verbal (Português)]]</text>
<sha1>bbc4gk44jc6e68zbspjme14ucr0xrnb</sha1>
</revision>
</page>
