<page>
<page>
<title>rafáveis</title>
<ns>0</ns>
<id>168399</id>
<revision>
<id>2397649</id>
<parentid>1168564</parentid>
<timestamp>2017-05-13T11:35:53Z</timestamp>
<contributor>
<username>HydrizBot</username>
<id>29590</id>
</contributor>
<minor />
<comment>Robô: A limpar links interwikis antigos</comment>
<model>wikitext</model>
<format>text/x-wiki</format>
<text bytes="194" xml:space="preserve">={{-pt-}}=
==Forma verbal==
'''rafáveis'''
#[[segunda pessoa]] do [[plural]] do [[pretérito imperfeito]] do [[modo indicativo]] do verbo '''[[rafar]]'''
[[Categoria:Forma verbal (Português)]]</text>
<sha1>j6axcvk4pqfxhnfqmrgzr7ykngtbb36</sha1>
</revision>
