<page>
<page>
<title>rafáreis</title>
<ns>0</ns>
<id>182872</id>
<revision>
<id>2397645</id>
<parentid>1168560</parentid>
<timestamp>2017-05-13T11:35:47Z</timestamp>
<contributor>
<username>HydrizBot</username>
<id>29590</id>
</contributor>
<minor />
<comment>Robô: A limpar links interwikis antigos</comment>
<model>wikitext</model>
<format>text/x-wiki</format>
<text bytes="179" xml:space="preserve">={{-pt-}}=
==Forma verbal==
'''rafáreis'''
#[[segunda pessoa]] do [[plural]] do [[pretérito mais-que-perfeito]] do verbo '''[[rafar]]'''
[[Categoria:Forma verbal (Português)]]</text>
<sha1>8xsdi2litga0ivt2e970ffdhrv9mlfc</sha1>
</revision>
