<page>
<page>
<title>rafávamos</title>
<ns>0</ns>
<id>163958</id>
<revision>
<id>2397648</id>
<parentid>1168563</parentid>
<timestamp>2017-05-13T11:35:52Z</timestamp>
<contributor>
<username>HydrizBot</username>
<id>29590</id>
</contributor>
<minor />
<comment>Robô: A limpar links interwikis antigos</comment>
<model>wikitext</model>
<format>text/x-wiki</format>
<text bytes="196" xml:space="preserve">={{-pt-}}=
==Forma verbal==
'''rafávamos'''
#[[primeira pessoa]] do [[plural]] do [[pretérito imperfeito]] do [[modo indicativo]] do verbo '''[[rafar]]'''
[[Categoria:Forma verbal (Português)]]</text>
<sha1>9qwiwqp19615eqhbuxzjtrbnk6ppb8g</sha1>
</revision>
