<page>
<title>rafámos</title>
<ns>0</ns>
<id>166673</id>
<revision>
<id>2397643</id>
<parentid>2262226</parentid>
<timestamp>2017-05-13T11:35:44Z</timestamp>
<contributor>
<username>HydrizBot</username>
<id>29590</id>
</contributor>
<minor />
<comment>Robô: A limpar links interwikis antigos</comment>
<model>wikitext</model>
<format>text/x-wiki</format>
<text bytes="261" xml:space="preserve">={{-pt-}}=
==Forma verbal==
{{paroxítona|ra|fá|mos}}
# {{escopo2|grafia lusitana}} primeira pessoa do plural do pretérito perfeito do modo indicativo do verbo [[rafar]]
{{avi-for-fle|rafar}}
[[Categoria:Forma verbal (Português)]]
[[Categoria:Lusitanismo]]</text>
<sha1>o51qg6rjceks9jj4ro5z3wnrqysuy8a</sha1>
</revision>
</page>
