<page>
<title>rafásseis</title>
<ns>0</ns>
<id>202342</id>
<revision>
<id>2397646</id>
<parentid>1168561</parentid>
<timestamp>2017-05-13T11:35:49Z</timestamp>
<contributor>
<username>HydrizBot</username>
<id>29590</id>
</contributor>
<minor />
<comment>Robô: A limpar links interwikis antigos</comment>
<model>wikitext</model>
<format>text/x-wiki</format>
<text bytes="196" xml:space="preserve">={{-pt-}}=
==Forma verbal==
'''rafásseis'''
#[[segunda pessoa]] do [[plural]] do [[pretérito imperfeito]] do [[modo subjuntivo]] do verbo '''[[rafar]]'''
[[Categoria:Forma verbal (Português)]]</text>
<sha1>epaiuown1py83dzfm3khloba0u670zw</sha1>
</revision>
</page>
