<page>
<title>rafáramos</title>
<ns>0</ns>
<id>181177</id>
<revision>
<id>2397644</id>
<parentid>1168559</parentid>
<timestamp>2017-05-13T11:35:46Z</timestamp>
<contributor>
<username>HydrizBot</username>
<id>29590</id>
</contributor>
<minor />
<comment>Robô: A limpar links interwikis antigos</comment>
<model>wikitext</model>
<format>text/x-wiki</format>
<text bytes="181" xml:space="preserve">={{-pt-}}=
==Forma verbal==
'''rafáramos'''
#[[primeira pessoa]] do [[plural]] do [[pretérito mais-que-perfeito]] do verbo '''[[rafar]]'''
[[Categoria:Forma verbal (Português)]]</text>
<sha1>tf1rciyqd1oceg87bhzl4lnj9yce5w8</sha1>
</revision>
</page>
