<page>
<title>raganha</title>
<ns>0</ns>
<id>444810</id>
<revision>
<id>2682133</id>
<timestamp>2022-06-28T17:23:06Z</timestamp>
<contributor>
<username>Cpls</username>
<id>20608</id>
</contributor>
<comment>[[Ajuda:Guia de edição/Menus e ferramentas/Sumário de edição|→]] nova página: ={{-gl-}}= ==Substantivo== {{flex.gl|fs=raganha|fp=raganhas}} {{paroxítona|ra|ga|nha|lang=gl}}, {{gramática|f}} # [[reganha#Português|reganha]]  ==={{-varort-}}=== * [[reganha#{{gl}}|reganha]]  [[Categoria:Substantivo (Galego)]]</comment>
<model>wikitext</model>
<format>text/x-wiki</format>
<text bytes="231" xml:space="preserve">={{-gl-}}=
==Substantivo==
{{flex.gl|fs=raganha|fp=raganhas}}
{{paroxítona|ra|ga|nha|lang=gl}}, {{gramática|f}}
# [[reganha#Português|reganha]]
==={{-varort-}}===
* [[reganha#{{gl}}|reganha]]
[[Categoria:Substantivo (Galego)]]</text>
<sha1>2b4t8vruj7i61cq6f6xa10zsy6ekbwv</sha1>
</revision>
</page>
