<page>
<title>raganosis</title>
<ns>0</ns>
<id>235709</id>
<revision>
<id>2397651</id>
<parentid>2205799</parentid>
<timestamp>2017-05-13T11:35:59Z</timestamp>
<contributor>
<username>HydrizBot</username>
<id>29590</id>
</contributor>
<minor />
<comment>Robô: A limpar links interwikis antigos</comment>
<model>wikitext</model>
<format>text/x-wiki</format>
<text bytes="131" xml:space="preserve">={{-lt-}}=
==Substantivo==
'''raganosis'''
# [[rinoceronte]]
[[Categoria:Substantivo (Lituano)]]
[[Categoria:Mamífero (Lituano)]]</text>
<sha1>slwo9t1s89jl12wqbimblljzgiq9w8p</sha1>
</revision>
</page>
