<page>
<title>raga</title>
<ns>0</ns>
<id>62374</id>
<revision>
<id>2600353</id>
<parentid>2397650</parentid>
<timestamp>2020-10-31T09:50:47Z</timestamp>
<contributor>
<username>ValJor</username>
<id>1358</id>
</contributor>
<comment>Esse verbete existe em português, também!</comment>
<model>wikitext</model>
<format>text/x-wiki</format>
<text bytes="808" xml:space="preserve">{{Wikipédia|lang=pt}}
={{-pt-}}=
==Substantivo==
{{flex.pt|ms=raga|mp=ragas}}
{{paroxítona|ra|ga}}, {{gramática|m}}
# {{escopo|pt|Música}} [[modo]] [[melódico]] usado na [[música]] [[clássico|clássica]] da [[Índia]]
==Ligações externas==
* {{DPLP}}
* {{Infopédia}}
* {{VOLPABL}}
[[Categoria:Substantivo (Português)]]
={{-id-}}=
==Substantivo==
'''raga'''
# [[cesto]]
[[Categoria:Substantivo (Indonésio)]]
={{-en-}}=
==Substantivo==
'''raga'''
# {{escopo|en|Música}} [[modo]] [[melódico]] usado na [[música]] [[clássico|clássica]] da [[Índia]]
[[Categoria:Substantivo (Inglês)]]
={{-sw-}}=
==Substantivo==
'''raga'''
# {{escopo|sw|Desporto}} [[rugby]]
[[Categoria:Substantivo (Suaíli)]]
={{-tet-}}=
==Substantivo==
'''raga'''
# [[cesto]]
[[Categoria:Substantivo (Tétum)]]</text>
<sha1>5bnem8hbflx67kj69wrail6vfsgsbq1</sha1>
</revision>
</page>
