<page>
<page>
<title>W</title>
<ns>0</ns>
<id>8771</id>
<revision>
<id>2680013</id>
<parentid>2677610</parentid>
<timestamp>2022-06-13T02:20:50Z</timestamp>
<contributor>
<username>Wilhelm Seifer</username>
<id>85860</id>
</contributor>
<model>wikitext</model>
<format>text/x-wiki</format>
<text bytes="600" xml:space="preserve">{{caracteres info|hex=0057|nome=LATIN CAPITAL LETTER W|anterior=V|próximo=X}}
={{-univ-}}=
==Símbolo==
'''W'''
# {{escopo|univ|Química}} [[símbolo]] do [[elemento químico]] de nome {{PEPB|[[tungsténio]]|[[tungstênio]]|inline=1}}
# {{escopo|univ|Física}} unidade de medida de potência (watt)
==Letra==
'''W''', '''w'''
# a vigésima terceira [[letra]] do alfabeto latino
==Ver também==
===No Wikcionário===
* [[ww]]
{{tabela periódica/símbolos}}
{{Alfabeto Latino}}
[[Categoria:Símbolo de elemento químico]]
[[Categoria:Sistema de escrita latino]]
[[Categoria:Símbolo (Universal)]]</text>
<sha1>jriq1r61rzl09bujvy4043vpbsrbzqz</sha1>
</revision>
