<page>
<page>
<title>Waage</title>
<ns>0</ns>
<id>383858</id>
<revision>
<id>2659817</id>
<parentid>2451395</parentid>
<timestamp>2022-02-11T04:12:24Z</timestamp>
<contributor>
<username>First jumper</username>
<id>44431</id>
</contributor>
<comment>/* {{-de-}} */ +Ver também</comment>
<model>wikitext</model>
<format>text/x-wiki</format>
<text bytes="648" xml:space="preserve">{{Wikipédia|lang=de}}
={{-de-}}=
== Substantivo&lt;sup&gt;1&lt;/sup&gt; ==
{{paroxítona|Waa|ge|lang=de}}, {{gramática|f}}
# {{escopo|de|ferramenta}} [[balança]]
=== Declinação ===
{{decl.de.subst.fraca.fem|ns=Waage|np=Waagen}}
== Substantivo&lt;sup&gt;2&lt;/sup&gt; ==
'''Waa.ge''', {{gramática|f|pr}}
# {{escopo|de|constelação|astrologia}} [[Balança]]
=== Declinação ===
{{decl.de.subst.fem.-/-.sing|Waage}}
=={{etimologia|de}}==
: Do [[alto alemão antigo]] ''wāga''.
=={{pronúncia|de}}==
* [[AFI]]: {{AFI|/ˈvaːɡə/}} {{audio|De-at-Waage.ogg|ouvir|lang=de}}
==Ver também==
===No Wikcionário===
{{zodíaco/de}}
[[Categoria:Substantivo (Alemão)]]</text>
<sha1>hvda0m2n64ycb4scx40zb29am5bjwk6</sha1>
</revision>
