<page>
<title>waal</title>
<ns>0</ns>
<id>232000</id>
<revision>
<id>2001935</id>
<parentid>1803457</parentid>
<timestamp>2015-09-14T14:02:02Z</timestamp>
<contributor>
<username>MalafayaBot</username>
<id>628</id>
</contributor>
<minor />
<comment>Robô: A adicionar: [[pl:waal]]</comment>
<model>wikitext</model>
<format>text/x-wiki</format>
<text bytes="212" xml:space="preserve">={{-li-}}=
==Substantivo==
'''walvèsj'''
# [[baleia]] (cetáceo)
{{página-automática|Maio|2010|baleia|li}}
[[Categoria:Substantivo (Limburguês)]]
[[ca:waal]]
[[li:waal]]
[[mg:waal]]
[[nl:waal]]
[[pl:waal]]</text>
<sha1>eg8hn275qyibs1vp0x26iulrd53qbqh</sha1>
</revision>
</page>
