<page>
<title>Waamuzi</title>
<ns>0</ns>
<id>427401</id>
<revision>
<id>2599284</id>
<timestamp>2020-10-22T20:02:33Z</timestamp>
<contributor>
<username>Leonardo José Raimundo</username>
<id>43489</id>
</contributor>
<comment>Eu estou criando o nome &quot;Waamuzi&quot;.</comment>
<model>wikitext</model>
<format>text/x-wiki</format>
<text bytes="202" xml:space="preserve">={{-sw-}}=
==Substantivo==
{{paroxítona|Waa|mu|zi|lang=sw}}
# {{escopo|sw|Cristianismo|religião}} [[Juízes]]
==Ver também==
===No Wikcionário===
{{bíblia/sw}}
[[Categoria:Substantivo (Suaíli)]]</text>
<sha1>of73lqhjrv4w62rf7bt0rcqke6w4bus</sha1>
</revision>
</page>
