<page>
<page>
<title>waars</title>
<ns>0</ns>
<id>113268</id>
<revision>
<id>1234012</id>
<parentid>728821</parentid>
<timestamp>2011-08-02T13:09:35Z</timestamp>
<contributor>
<username>Luckas-bot</username>
<id>5986</id>
</contributor>
<minor />
<comment>r2.7.1) (Robô: A adicionar: [[en:waars]]</comment>
<model>wikitext</model>
<format>text/x-wiki</format>
<text bytes="266" xml:space="preserve">={{-lb-}}=
==Forma verbal==
'''waars'''
# [[segundo|segunda]] [[pessoa]] [[do]] [[singular]] do [[pretérito]] do [[indicativo]] do [[verbo]] '''''[[sinn#{{lb}}|sinn]]'''''.
===Sinónimos===
* [[woers]]
{{categorias|{{lb}}|Forma verbal|Monossílabo}}
[[en:waars]]</text>
<sha1>rhva43wed1lygko18gxkv01hx0s4b0h</sha1>
</revision>
