<page>
<page>
<title>waart</title>
<ns>0</ns>
<id>113265</id>
<revision>
<id>2001884</id>
<parentid>1564117</parentid>
<timestamp>2015-09-14T13:17:54Z</timestamp>
<contributor>
<username>MalafayaBot</username>
<id>628</id>
</contributor>
<minor />
<comment>Robô: A adicionar: [[ja:waart]]</comment>
<model>wikitext</model>
<format>text/x-wiki</format>
<text bytes="316" xml:space="preserve">={{-lb-}}=
==Forma verbal==
'''waart'''
# [[segundo|segunda]] [[pessoa]] [[do]] [[plural]] do [[pretérito]] do [[indicativo]] do [[verbo]] '''''[[sinn#{{lb}}|sinn]]'''''.
===Sinónimos===
* [[woert]]
{{categorias|{{lb}}|Forma verbal|Monossílabo}}
[[en:waart]]
[[fi:waart]]
[[ja:waart]]
[[mg:waart]]
[[nl:waart]]</text>
<sha1>5e2tgrermnco03otpilfnnpgbhc02cm</sha1>
</revision>
