<page>
<title>waasamowin</title>
<ns>0</ns>
<id>231576</id>
<revision>
<id>2664328</id>
<parentid>1726393</parentid>
<timestamp>2022-03-09T02:45:07Z</timestamp>
<contributor>
<username>ValJor</username>
<id>1358</id>
</contributor>
<comment>Confirmando [[:Categoria:!Entrada criada por robô|verbete criado por robô]]</comment>
<model>wikitext</model>
<format>text/x-wiki</format>
<text bytes="241" xml:space="preserve">[[Imagem:Lightning2.jpg|thumb|right|250px|{{centro|Relâmpago}}]]
={{-oj-}}=
==Substantivo==
'''waasamowin'''
# [[relâmpago]]
[[Categoria:Substantivo (Ojibua)]]
[[Categoria:Meteorologia (Ojibua)]]
[[Categoria:Entrada com imagem (Ojibua)]]</text>
<sha1>cqv75kv4hwfo13gdve9k5xa0sac1t4l</sha1>
</revision>
</page>
