<page>
<title>waatlemoen</title>
<ns>0</ns>
<id>147168</id>
<revision>
<id>1803455</id>
<parentid>1361998</parentid>
<timestamp>2014-01-07T16:08:18Z</timestamp>
<contributor>
<username>MalafayaBot</username>
<id>628</id>
</contributor>
<minor />
<comment>r2.7.5) (Robô: A adicionar: [[chr:waatlemoen]]</comment>
<model>wikitext</model>
<format>text/x-wiki</format>
<text bytes="362" xml:space="preserve">={{-af-}}=
{{Wikipédia|lang=af}}
==Substantivo==
'''waatlemoen''' {{p|waterlemoene}}
#[[melancia]]
[[Categoria:Substantivo (Africâner)]]
[[Categoria:Fruta (Africâner)]]
[[af:waatlemoen]]
[[chr:waatlemoen]]
[[en:waatlemoen]]
[[fr:waatlemoen]]
[[hu:waatlemoen]]
[[mg:waatlemoen]]
[[nl:waatlemoen]]
[[pl:waatlemoen]]
[[tr:waatlemoen]]
[[zh-min-nan:waatlemoen]]</text>
<sha1>tr4w9yzmvfi2hx35j7jhcxv932e7ofz</sha1>
</revision>
</page>
