<page>
<page>
<title>wachen</title>
<ns>0</ns>
<id>13791</id>
<revision>
<id>2229877</id>
<parentid>2186181</parentid>
<timestamp>2017-01-29T04:07:13Z</timestamp>
<contributor>
<username>UT-interwiki-Bot</username>
<id>56129</id>
</contributor>
<minor />
<comment>Robô: A adicionar: [[ca:wachen]]</comment>
<model>wikitext</model>
<format>text/x-wiki</format>
<text bytes="568" xml:space="preserve">={{-de-}}=
==Verbo==
'''wa.chen'''
# estar [[desperto]], ficar em estado de [[vigília]]
# [[velar]], [[vigiar]]
===Conjugação===
{{conj.de.fraca
|radical=wach
|particípio ii=gewacht
|verbo auxiliar=haben}}
{{conj.de.fraca.completa
|radical=wach
|particípio ii=gewacht
|verbo auxiliar=haben}}
[[categoria:Verbo (Alemão)]]
[[az:wachen]]
[[ca:wachen]]
[[cs:wachen]]
[[de:wachen]]
[[en:wachen]]
[[eo:wachen]]
[[fi:wachen]]
[[fr:wachen]]
[[io:wachen]]
[[ja:wachen]]
[[ko:wachen]]
[[mg:wachen]]
[[pl:wachen]]
[[ro:wachen]]
[[sv:wachen]]
[[tg:wachen]]
[[zh:wachen]]</text>
<sha1>h6baleqanilmqskzpw304hfrpjcj4n3</sha1>
</revision>
