<page>
<page>
<title>wacky</title>
<ns>0</ns>
<id>148192</id>
<revision>
<id>2186179</id>
<parentid>2045556</parentid>
<timestamp>2016-10-24T11:32:32Z</timestamp>
<contributor>
<username>HydrizBot</username>
<id>29590</id>
</contributor>
<minor />
<comment>Robô: A adicionar: [[eu:wacky]]</comment>
<model>wikitext</model>
<format>text/x-wiki</format>
<text bytes="536" xml:space="preserve">={{-en-}}=
==Adjetivo==
'''wacky'''
#[[excêntrico]], [[estranho]], [[esquisito]]
#[[desequilibrado]], [[louco]]
===Sinônimos===
*'''De 1''': [[eccentric]], [[zany]]
===Termos derivados===
*[[wack]]
=={{pronúncia|en}}==
*[[AFI]]: /ˈwæk.i:/
*[[SAMPA]]: /&quot;w{ki:/
[[Categoria:Adjetivo (Inglês)]]
[[ca:wacky]]
[[el:wacky]]
[[en:wacky]]
[[eu:wacky]]
[[fi:wacky]]
[[fr:wacky]]
[[io:wacky]]
[[ko:wacky]]
[[ku:wacky]]
[[mg:wacky]]
[[ml:wacky]]
[[my:wacky]]
[[pl:wacky]]
[[ru:wacky]]
[[sv:wacky]]
[[ta:wacky]]
[[vi:wacky]]
[[zh:wacky]]</text>
<sha1>gmutpchlkb6di23zsf6msjfzxcnttvh</sha1>
</revision>
