<page>
<title>wad</title>
<ns>0</ns>
<id>379779</id>
<revision>
<id>2680616</id>
<parentid>2416704</parentid>
<timestamp>2022-06-16T18:15:12Z</timestamp>
<contributor>
<username>Itleda</username>
<id>86989</id>
</contributor>
<model>wikitext</model>
<format>text/x-wiki</format>
<text bytes="238" xml:space="preserve">={{-pt-}}=
==Substantivo==
{{flex.pt|ms=wad|mp=wads}}
'''''wad''''', {{gramática|m}}
# {{escopo|pt|estrangeirismo}} {{escopo2|Mineralogia}} ver [[vad]]
=={{etimologia|pt}}==
{{llietimo|en|wad|pt}}
[[Categoria:Substantivo (Português)]]</text>
<sha1>4jt5zrwhdz1z14ivih9x0drb87zaqvd</sha1>
</revision>
</page>
