<page>
<title>wadon</title>
<ns>0</ns>
<id>247845</id>
<revision>
<id>2247972</id>
<parentid>2140387</parentid>
<timestamp>2017-03-04T00:42:04Z</timestamp>
<contributor>
<username>UT-interwiki-Bot</username>
<id>56129</id>
</contributor>
<minor />
<comment>Robô: A adicionar: [[pl:wadon]]</comment>
<model>wikitext</model>
<format>text/x-wiki</format>
<text bytes="300" xml:space="preserve">={{-mhs-}}=
==Substantivo==
'''wadon'''
# [[pescoço]]
==Ver também==
* [[fahan]]
* [[okon]]
* [[olon]]
* [[kolin]]
[[Categoria:Substantivo (Buru)]]
[[Categoria:Anatomia (Buru)]]
[[chr:wadon]]
[[en:wadon]]
[[fj:wadon]]
[[hu:wadon]]
[[jv:wadon]]
[[lt:wadon]]
[[mg:wadon]]
[[pl:wadon]]
[[ro:wadon]]</text>
<sha1>1o41srbrul1v392l5zeimpdh4ocu602</sha1>
</revision>
</page>
