<page>
<page>
<title>Waebrania</title>
<ns>0</ns>
<id>427468</id>
<revision>
<id>2599481</id>
<timestamp>2020-10-25T01:12:47Z</timestamp>
<contributor>
<username>Leonardo José Raimundo</username>
<id>43489</id>
</contributor>
<comment>Eu estou criando o nome &quot;Waebrania&quot;.</comment>
<model>wikitext</model>
<format>text/x-wiki</format>
<text bytes="205" xml:space="preserve">={{-sw-}}=
==Substantivo==
{{paroxítona|Wa|e|bra|nia|lang=sw}}
# {{escopo|sw|Cristianismo|religião}} [[Hebreus]]
==Ver também==
===No Wikcionário===
{{bíblia/sw}}
[[Categoria:Substantivo (Suaíli)]]</text>
<sha1>c659q0axqodmt3cj9dmxg4tpsa8pqrl</sha1>
</revision>
