<page>
<page>
<title>waek</title>
<ns>0</ns>
<id>231253</id>
<revision>
<id>2250576</id>
<parentid>2140386</parentid>
<timestamp>2017-03-09T20:53:06Z</timestamp>
<contributor>
<username>UT-interwiki-Bot</username>
<id>56129</id>
</contributor>
<minor />
<comment>Robô: A adicionar: [[pl:waek]]</comment>
<model>wikitext</model>
<format>text/x-wiki</format>
<text bytes="294" xml:space="preserve">={{-li-}}=
==Substantivo==
'''waek'''
# [[semana]] (período de sete dias)
{{página-automática|Maio|2010|semana|li}}
[[Categoria:Substantivo (Limburguês)]]
[[af:waek]]
[[chr:waek]]
[[en:waek]]
[[fj:waek]]
[[fr:waek]]
[[li:waek]]
[[lt:waek]]
[[mg:waek]]
[[pl:waek]]
[[ro:waek]]
[[ru:waek]]</text>
<sha1>nclyo5is2k1pj06r3ee4o6ee3pisr21</sha1>
</revision>
