<page>
<title>waeterstof</title>
<ns>0</ns>
<id>92965</id>
<revision>
<id>2555431</id>
<parentid>1537289</parentid>
<timestamp>2019-10-01T11:03:30Z</timestamp>
<contributor>
<username>ValJor</username>
<id>1358</id>
</contributor>
<comment>Acrescentando código de língua à [[:Categoria:!Página com mensagem de erro em predefinição|predefinição escopo]]</comment>
<model>wikitext</model>
<format>text/x-wiki</format>
<text bytes="728" xml:space="preserve">={{-nds-nl-}}=
==Substantivo==
{|id=&quot;elementos&quot; style=&quot;width:20%;&quot; align=right cellpadding=&quot;5&quot; cellspacing=&quot;2&quot; border=0
|colspan=2 style=&quot;text-align:center;background-color:#b0ffff;&quot;|'''[[H]]'''
|-
|style=&quot;width:50%;text-align:center;background-color:#d0ffff;&quot;|&amp;nbsp;
|style=&quot;width:50%;text-align:center;background-color:#d0ffff;&quot;|[[heeljum|He '''&amp;rarr;''']] 
|-
|}
'''wae.ter.stof'''
# {{escopo|nds-nl|Química}} {{PEPB|[[hidrogénio]]|[[hidrogênio]]|inline=1}}
==={{-varort-}}===
* [[wotterstof]]
==Ver também==
===No Wikcionário===
{{tabela periódica/nds-nl}}
[[Categoria:Substantivo (Baixo Saxão Holandês)]]
[[Categoria:Trissílabo (Baixo Saxão Holandês)]]
[[Categoria:Elemento químico (Baixo Saxão Holandês)]]</text>
<sha1>s9jszuxbif1j1b9as668rbuld5a7yxm</sha1>
</revision>
</page>
