<page>
<page>
<title>Waffenstillstand</title>
<ns>0</ns>
<id>32088</id>
<revision>
<id>2485782</id>
<parentid>2282322</parentid>
<timestamp>2018-02-19T18:29:04Z</timestamp>
<contributor>
<ip>37.153.194.169</ip>
</contributor>
<comment>/* Substantivo */</comment>
<model>wikitext</model>
<format>text/x-wiki</format>
<text bytes="254" xml:space="preserve">{{Wikipédia|lang=de}}
={{-de-}}=
==Substantivo==
'''Waf.fen.still.stand''', ''masculino''
# [[cessar-fogo]], [[armistício]], [[trégua]]
===Declinação===
{{decl.de.subst.masc|gs=(e)s|np=e|Waffenstillst|a|nd|ä}}
[[Categoria:Substantivo (Alemão)]]</text>
<sha1>otjuw0m3xvhcaq2pz7kwy1mqz5o4s2u</sha1>
</revision>
