<page>
<page>
<title>Waffe</title>
<ns>0</ns>
<id>33035</id>
<revision>
<id>2282321</id>
<parentid>2197251</parentid>
<timestamp>2017-04-27T03:54:38Z</timestamp>
<contributor>
<username>HydrizBot</username>
<id>29590</id>
</contributor>
<minor />
<comment>Robô: A limpar links interwikis antigos</comment>
<model>wikitext</model>
<format>text/x-wiki</format>
<text bytes="151" xml:space="preserve">={{-de-}}=
==Substantivo==
{{decl.de.subst.fraca.fem|ns=Waffe|np=Waffen}}
'''Waf.fe''', ''feminino''
# [[arma]].
[[Categoria:Substantivo_(Alemão)]]</text>
<sha1>86j5293rd9mtwx7koz1jv0mgvo6m15y</sha1>
</revision>
