<page>
<title>wafle</title>
<ns>0</ns>
<id>344365</id>
<revision>
<id>1999241</id>
<parentid>1998677</parentid>
<timestamp>2015-09-09T11:09:35Z</timestamp>
<contributor>
<username>ValJor</username>
<id>1358</id>
</contributor>
<comment>Retirando da [[Especial:Uncategorizedpages|página de verbetes sem categoria]]</comment>
<model>wikitext</model>
<format>text/x-wiki</format>
<text bytes="154" xml:space="preserve">={{-es-}}=
==Substantivo==
'''wafle'''
# [[gofre]]
[[Categoria:Substantivo (Espanhol)]]
[[Categoria:Alimentação (Espanhol)]]
[[en:wafle]]
[[ko:wafle]]</text>
<sha1>sa20hfqy666zvdfi51jit1py91zow0v</sha1>
</revision>
</page>
