<page>
<title>wag</title>
<ns>0</ns>
<id>320444</id>
<revision>
<id>2631841</id>
<parentid>2631823</parentid>
<timestamp>2021-04-26T03:44:26Z</timestamp>
<contributor>
<username>GabMarquetto</username>
<id>81219</id>
</contributor>
<comment>Desfeita a edição 2631823 de GabMarquetto ([[Utilizador Discussão:GabMarquetto|discussão]] | [[Special:Contributions/GabMarquetto|contribuições]])</comment>
<model>wikitext</model>
<format>text/x-wiki</format>
<text bytes="368" xml:space="preserve">={{-en-}}=
==Substantivo==
'''wag'''
# [[gaiato]], [[gracejador]]
#* ''There are a lot of '''wags''' on Twitter and Facebook''.
==Verbo==
'''wag'''
# [[abanar]], [[mexer]] de um lado para o outro
#* ''The dog is '''wagging''' his tail''.
===Conjugação===
{{conj.en|wag|wags|wagged|wagged|wagging}}
[[Categoria:Substantivo (Inglês)]]
[[Categoria:Verbo (Inglês)]]</text>
<sha1>r8ov9og8exlq2u7c0mk2wu5o32qzmeh</sha1>
</revision>
</page>
