<page>
<title>Wagalatia</title>
<ns>0</ns>
<id>427459</id>
<revision>
<id>2599469</id>
<timestamp>2020-10-24T22:56:46Z</timestamp>
<contributor>
<username>Leonardo José Raimundo</username>
<id>43489</id>
</contributor>
<comment>Eu estou criando o nome &quot;Wagalatia&quot;.</comment>
<model>wikitext</model>
<format>text/x-wiki</format>
<text bytes="206" xml:space="preserve">={{-sw-}}=
==Substantivo==
{{paroxítona|Wa|ga|la|tia|lang=sw}}
# {{escopo|sw|Cristianismo|religião}} [[Gálatas]]
==Ver também==
===No Wikcionário===
{{bíblia/sw}}
[[Categoria:Substantivo (Suaíli)]]</text>
<sha1>m3udyuoop9dwmrf4yb2bgwejj1cyfnw</sha1>
</revision>
</page>
