<page>
<title>wages</title>
<ns>0</ns>
<id>444390</id>
<revision>
<id>2679887</id>
<timestamp>2022-06-12T10:17:33Z</timestamp>
<contributor>
<username>ValJor</username>
<id>1358</id>
</contributor>
<comment>Criando uma das [[Wikcionário:Entradas requisitadas|entradas pedidas por consulentes]]</comment>
<model>wikitext</model>
<format>text/x-wiki</format>
<text bytes="299" xml:space="preserve">={{-en-}}=
==Forma de substantivo==
'''wages'''
# plural de [[wage]]
{{avi-for-fle|wage}}
==Forma verbal==
'''wages'''
# terceira pessoa do singular do presente do indicativo do verbo [[wage]]
{{avi-for-fle|wage}}
[[Categoria:Forma de substantivo (Inglês)]]
[[Categoria:Forma verbal (Inglês)]]</text>
<sha1>8n7ogbnakmgujgqmrja14r4p0yixyx7</sha1>
</revision>
</page>
