<page>
<title>wage</title>
<ns>0</ns>
<id>204049</id>
<revision>
<id>2555424</id>
<parentid>2215503</parentid>
<timestamp>2019-10-01T09:32:59Z</timestamp>
<contributor>
<username>ValJor</username>
<id>1358</id>
</contributor>
<comment>Acrescentando código de língua à [[:Categoria:!Página com mensagem de erro em predefinição|predefinição escopo]]</comment>
<model>wikitext</model>
<format>text/x-wiki</format>
<text bytes="364" xml:space="preserve">={{-en-}}=
==Substantivo==
{{flex.en|s=wage|p=wages}}
'''wage'''
# [[salário]]
==Verbo==
'''to wage'''
# {{escopo|en|obsoleto}} [[apostar]]
# {{escopo|en|obsoleto}} [[empregar]], [[contratar]]
# [[conduzir]] ou [[realizar]] (uma guerra ou outra disputa)
===Conjugação===
{{conj.en.reg|wag|e}}
[[Categoria:Substantivo (Inglês)]]
[[Categoria:Verbo (Inglês)]]</text>
<sha1>nb68iwontrcca1edj1d8zrrdwrutklp</sha1>
</revision>
</page>
