<page>
<page>
<title>wagging</title>
<ns>0</ns>
<id>432145</id>
<revision>
<id>2628409</id>
<parentid>2628051</parentid>
<timestamp>2021-04-01T19:14:31Z</timestamp>
<contributor>
<username>GabMarquetto</username>
<id>81219</id>
</contributor>
<model>wikitext</model>
<format>text/x-wiki</format>
<text bytes="144" xml:space="preserve">={{-en-}}=
==Forma verbal==
'''{{grifar|wag}}.ging'''
# gerúndio do verbo to [[wag]]
{{avi-for-fle|wag}}
[[Categoria:Forma verbal (Inglês)]]</text>
<sha1>qx11wttopi1rzf0w2ups6o8jmkjr82w</sha1>
</revision>
