<page>
<page>
<title>waggle</title>
<ns>0</ns>
<id>320442</id>
<revision>
<id>1997813</id>
<parentid>1798130</parentid>
<timestamp>2015-09-06T06:08:28Z</timestamp>
<contributor>
<username>HydrizBot</username>
<id>29590</id>
</contributor>
<minor />
<comment>Robô: A adicionar: [[ca:waggle]], [[hu:waggle]], [[pl:waggle]]</comment>
<model>wikitext</model>
<format>text/x-wiki</format>
<text bytes="478" xml:space="preserve">={{-en-}}=
==Verbo==
'''waggle'''
# [[sacudir]]; [[abanar]]
===Conjugação===
{{conj.en|waggle|waggles|waggled|waggled|waggling}}
=={{etimologia|en}}==
: {{escopo|Morfologia}} [[wag]] +‎ [[-le]].
=={{pronúncia|en}}==
===Reino Unido===
* [[AFI]]: /ˈwaɡəl/
[[Categoria:Verbo (Inglês)]]
[[ca:waggle]]
[[en:waggle]]
[[fi:waggle]]
[[hu:waggle]]
[[io:waggle]]
[[kn:waggle]]
[[ku:waggle]]
[[mg:waggle]]
[[ml:waggle]]
[[my:waggle]]
[[pl:waggle]]
[[vi:waggle]]
[[zh:waggle]]</text>
<sha1>mdjb60rtckmdx748seyfxank8k8efyg</sha1>
</revision>
