<page>
<page>
<title>wagku</title>
<ns>0</ns>
<id>229786</id>
<revision>
<id>1803488</id>
<parentid>1726395</parentid>
<timestamp>2014-01-07T17:05:30Z</timestamp>
<contributor>
<username>MalafayaBot</username>
<id>628</id>
</contributor>
<minor />
<comment>r2.7.5) (Robô: A adicionar: [[mg:wagku]]</comment>
<model>wikitext</model>
<format>text/x-wiki</format>
<text bytes="239" xml:space="preserve">={{-arn-}}=
==Substantivo==
'''wagku'''
# [[cadeira]] (objeto do mobiliário sobre o qual se assenta)
{{página-automática|Maio|2010|cadeira|arn}}
[[Categoria:Substantivo (Araucano)]]
[[en:wagku]]
[[ko:wagku]]
[[mg:wagku]]
[[ru:wagku]]</text>
<sha1>ndbtlffjp0thgix14ljp4f6o5k2q5tj</sha1>
</revision>
