<page>
<page>
<title>wagnerismo</title>
<ns>0</ns>
<id>146364</id>
<revision>
<id>1193131</id>
<parentid>966479</parentid>
<timestamp>2011-07-08T22:26:36Z</timestamp>
<contributor>
<username>MalafayaBot</username>
<id>628</id>
</contributor>
<minor />
<comment>Robô: Substituição de texto automática (-^\=\s?Português\s?\= +={{-pt-}}= &amp; -^\=\s?\{\{pt\}\}\s?\= +={{-pt-}}=)</comment>
<model>wikitext</model>
<format>text/x-wiki</format>
<text bytes="359" xml:space="preserve">={{-pt-}}=
==Substantivo==
{{flex.pt|ms=wagnerismo|mp=wagnerismos}}
{{paroxítona|wag|ne|ris|mo}}, {{+info|data=século XX}}
# [[sistema]] [[musical]] de Wagner
# processo ou sistema de Wagner, em música
=={{etimologia|pt}}==
: Do [[antropônimo]] de Richard ''Wagner'' + [[-ismo]].
[[Categoria:Substantivo (Português)]]
[[Categoria:Música (Português)]]</text>
<sha1>rj50rvdwdh71a9n6h3rrbjdfofxy010</sha1>
</revision>
