<page>
<page>
<title>wagon</title>
<ns>0</ns>
<id>138204</id>
<revision>
<id>2251275</id>
<parentid>2220787</parentid>
<timestamp>2017-03-11T04:04:11Z</timestamp>
<contributor>
<username>OctraBot</username>
<id>56948</id>
</contributor>
<minor />
<comment>Robô: A adicionar: [[te:wagon]]</comment>
<model>wikitext</model>
<format>text/x-wiki</format>
<text bytes="986" xml:space="preserve">={{-ku-}}=
==Substantivo==
'''{{PAGENAME}}''' ''feminino''
:# [[trem]]
===Variação===
* [[vagon]]
===Outros Verbetes===
* [[şemendefer]]
* [[rêasin]]
* [[tram]]
* [[lokomotîv]]
&lt;br&gt;
{{tradini|Ver também}}
* [[trên]]
* [[qîtar]]
* [[helîkopter]]
* [[tirimpêl]]
* [[otomobîl]]
* [[seyare]]
* [[lorî]]
* [[qamyon]]/[[kamyon]]
* [[maşîn]]
* [[jêp]]/[[jîp]]
* [[cêp]]/[[cîp]]
* [[qemere]]
* [[taksî]]
* [[traktor]]
* [[keştî]]
{{tradfim}}
[[Categoria:Substantivo (Curdo)]]
[[Categoria:Transporte (Curdo)]]
[[chr:wagon]]
[[cs:wagon]]
[[cy:wagon]]
[[da:wagon]]
[[de:wagon]]
[[el:wagon]]
[[en:wagon]]
[[eo:wagon]]
[[es:wagon]]
[[et:wagon]]
[[eu:wagon]]
[[fi:wagon]]
[[fr:wagon]]
[[hu:wagon]]
[[id:wagon]]
[[io:wagon]]
[[it:wagon]]
[[ko:wagon]]
[[ku:wagon]]
[[li:wagon]]
[[mg:wagon]]
[[ml:wagon]]
[[my:wagon]]
[[nl:wagon]]
[[pl:wagon]]
[[ru:wagon]]
[[simple:wagon]]
[[sv:wagon]]
[[ta:wagon]]
[[te:wagon]]
[[tr:wagon]]
[[tt:wagon]]
[[vi:wagon]]
[[wa:wagon]]
[[zh:wagon]]</text>
<sha1>m2gglckcvzhdvi9c9xw1av19hukvjt1</sha1>
</revision>
