<page>
<title>waha</title>
<ns>0</ns>
<id>248724</id>
<revision>
<id>2026528</id>
<parentid>1687960</parentid>
<timestamp>2015-10-27T21:47:32Z</timestamp>
<contributor>
<username>HydrizBot</username>
<id>29590</id>
</contributor>
<minor />
<comment>Robô: A adicionar: [[ru:waha]]</comment>
<model>wikitext</model>
<format>text/x-wiki</format>
<text bytes="403" xml:space="preserve">={{-don-}}=
==Substantivo==
'''waha'''
# [[pele]]
==={{-varort-}}===
* [[vaha]]
==Ver também==
===No Wikcionário===
{{verTambém.Ini}}
* [[ara'u]]
* [[ima]]
{{verTambém.NovaColuna}}
* [[maka]]
* [[ururu]]
{{verTambém.Fim}}
[[Categoria:Substantivo (Toura)]]
[[Categoria:Anatomia (Toura)]]
[[en:waha]]
[[es:waha]]
[[jv:waha]]
[[ku:waha]]
[[lt:waha]]
[[mg:waha]]
[[pl:waha]]
[[ru:waha]]
[[tr:waha]]</text>
<sha1>mld84dd2gmnyodpwbmmk5mbg4xo2t5r</sha1>
</revision>
</page>
