<page>
<page>
<title>Wahl</title>
<ns>0</ns>
<id>32917</id>
<revision>
<id>2282325</id>
<parentid>2059729</parentid>
<timestamp>2017-04-27T03:54:53Z</timestamp>
<contributor>
<username>HydrizBot</username>
<id>29590</id>
</contributor>
<minor />
<comment>Robô: A limpar links interwikis antigos</comment>
<model>wikitext</model>
<format>text/x-wiki</format>
<text bytes="865" xml:space="preserve">={{-de-}}=
==Substantivo==
'''Wahl''', {{f}}
# [[escolha]]
# [[eleição]]
===Declinação===
{{decl.de.subst.fraca.fem|ns=Wahl|np=Wahlen}}
===Homófono===
* [[Wal]]
===Sinônimo===
* De '''1''': [[Entscheidung]]
* De '''2''': [[Abstimmung]], [[Kür]]
=={{etimologia|de}}==
: Do médio alto alemão ''wal'' ou ''wale'' e estes do antigo alto alemão ''wala'' e este do indogermânico ''uel'' ([[desejar]]).
=={{pronúncia|de}}==
* [[AFI]]: /vɑ:l/
==Ver também==
===No Wikcionário===
{{verTambém.Ini}}
* [[Auswahl]]
* [[Option]]
{{verTambém.NovaColuna}}
* [[Stichwahl]]
* [[wählen]]
{{verTambém.NovaColuna}}
* [[Wahlkabine]]
* [[Wahlkampf]]
{{verTambém.NovaColuna}}
* [[Wahllokal]]
* [[Wahlsieg]]
{{verTambém.NovaColuna}}
* [[Wahlurne]]
* [[Wahlversprechen]]
{{verTambém.Fim}}
[[Categoria:Substantivo (Alemão)]]
[[Categoria:Monossílabo (Alemão)]]</text>
<sha1>rzebsk8cnl7q5622i4xhzr0qxe00kpk</sha1>
</revision>
