<page>
<page>
<title>Wahlkampf</title>
<ns>0</ns>
<id>30773</id>
<revision>
<id>2452071</id>
<parentid>2282326</parentid>
<timestamp>2017-09-25T11:32:55Z</timestamp>
<contributor>
<username>Spanier</username>
<id>43713</id>
</contributor>
<comment>suplementos</comment>
<model>wikitext</model>
<format>text/x-wiki</format>
<text bytes="488" xml:space="preserve">{{Wikipédia|lang=de}}
={{-de-}}=
==Substantivo==
{{paroxítona|Wahl|kampf|lang=de}}, {{m}}
# {{escopo|de|política}} [[campanha]] [[eleitoral]]
===Declinação===
{{decl.de.subst.forte.masc.date|ns=Wahlkampf|np=Wahlkämpfe|gs=Wahlkampf(e)s}}
=={{etimologia|de}}==
: Composição de [[Wahl]] (''[[eleição]]'') + [[Kampf]] (''[[competição]]'').
=={{pronúncia|de}}==
* [[AFI]]: {{AFI|/ˈvaːlkampf/|de}} {{audio|De-Wahlkampf.ogg|ouvir|lang=de}}
[[Categoria:Substantivo (Alemão)]]</text>
<sha1>cw89wv0n623l29jxlg2x11yrye00ame</sha1>
</revision>
