<page>
<title>Wahrheit</title>
<ns>0</ns>
<id>91715</id>
<revision>
<id>2282327</id>
<parentid>2165638</parentid>
<timestamp>2017-04-27T03:55:01Z</timestamp>
<contributor>
<username>HydrizBot</username>
<id>29590</id>
</contributor>
<minor />
<comment>Robô: A limpar links interwikis antigos</comment>
<model>wikitext</model>
<format>text/x-wiki</format>
<text bytes="352" xml:space="preserve">={{-de-}}=
== Substantivo ==
'''Wahrheit''', ''feminino, fraco''
# [[verdade]].
=== Declinação ===
{{decl.de.subst.fem.-/en|Wahrheit}}
== Etimologia ==
: De ''[[wahr#{{de}}|wahr]]'' (''&quot;verdadeiro&quot;'') + ''[[-heit#{{de}}|-heit]]''.
[[Categoria:Substantivo (Alemão)]]
[[Categoria:Filosofia (Alemão)]]
[[Categoria:Entrada com etimologia (Alemão)]]</text>
<sha1>6rjqf9jbc3fxlw4bx3uhx7zbxg69a6i</sha1>
</revision>
</page>
