<page>
<page>
<title>wai</title>
<ns>0</ns>
<id>15345</id>
<revision>
<id>2172750</id>
<parentid>1944749</parentid>
<timestamp>2016-09-15T09:39:25Z</timestamp>
<contributor>
<username>JAnDbot</username>
<id>25083</id>
</contributor>
<minor />
<comment>Robô: A adicionar: [[sk:wai]]</comment>
<model>wikitext</model>
<format>text/x-wiki</format>
<text bytes="831" xml:space="preserve">={{-bty-}}=
==Substantivo==
'''wai'''
# [[água]]
===Sinônimo===
* [[way]]
[[Categoria:Substantivo (Bobot)]]
={{-fj-}}=
==Substantivo==
'''wai'''
# [[água]]
[[Categoria:Substantivo (Fijiano)]]
={{-haw-}}=
==Substantivo==
'''wai'''
# [[água]]
[[Categoria:Substantivo (Havaiano)]]
={{-mi-}}=
==Substantivo==
'''wai'''
# [[água]]
===Sinônimo===
* [[hane]]
[[Categoria:Substantivo (Maori)]]
[[az:wai]]
[[be:wai]]
[[chr:wai]]
[[de:wai]]
[[el:wai]]
[[en:wai]]
[[es:wai]]
[[et:wai]]
[[eu:wai]]
[[fi:wai]]
[[fj:wai]]
[[fr:wai]]
[[fy:wai]]
[[hu:wai]]
[[id:wai]]
[[ja:wai]]
[[jv:wai]]
[[ko:wai]]
[[ku:wai]]
[[li:wai]]
[[lt:wai]]
[[mg:wai]]
[[mi:wai]]
[[mn:wai]]
[[na:wai]]
[[nl:wai]]
[[pl:wai]]
[[ru:wai]]
[[sk:wai]]
[[sm:wai]]
[[sv:wai]]
[[tg:wai]]
[[th:wai]]
[[tr:wai]]
[[uz:wai]]
[[wa:wai]]
[[zh:wai]]
[[zh-min-nan:wai]]</text>
<sha1>tvg8dya4baoh7h2lbyy4jr50fbrepco</sha1>
</revision>
