<page>
<page>
<title>waiká</title>
<ns>0</ns>
<id>381731</id>
<revision>
<id>2442025</id>
<timestamp>2017-08-04T21:06:49Z</timestamp>
<contributor>
<username>Askekamo</username>
<id>60711</id>
</contributor>
<comment>[[Ajuda:Guia de edição/Menus e ferramentas/Sumário de edição|→]] nova página: ={{-pt-}}= ==Substantivo== {{oxítona|wa|i|ká}} # o mesmo que [[uaicá]]  Categoria:Substantivo (Portuguê...</comment>
<model>wikitext</model>
<format>text/x-wiki</format>
<text bytes="113" xml:space="preserve">={{-pt-}}=
==Substantivo==
{{oxítona|wa|i|ká}}
# o mesmo que [[uaicá]]
[[Categoria:Substantivo (Português)]]</text>
<sha1>882xwnj8mx2ewrl5jd1z0c6mhd5mlva</sha1>
</revision>
