<page>
<page>
<title>waira</title>
<ns>0</ns>
<id>406703</id>
<revision>
<id>2550314</id>
<parentid>2536108</parentid>
<timestamp>2019-07-28T11:02:27Z</timestamp>
<contributor>
<username>Amigo7</username>
<id>58547</id>
</contributor>
<comment>Desfazendo uso da predefinição verbete-aoc</comment>
<model>wikitext</model>
<format>text/x-wiki</format>
<text bytes="452" xml:space="preserve">[[Imagem:Flachlandtapir.jpg|thumb|250px|&lt;center&gt;Anta&lt;/center&gt;]]
={{-aoc-}}=
==Substantivo==
'''waira'''
# {{escopo|aoc|Mamífero}} [[anta]] ([[species:Tapirus terrestris|''Tapirus terrestris'']])
# {{tradex|aoc|'''Waira''' erema'pö pemonda.|O homem viu a anta.}}
# {{tradex|aoc|'''Waira''' tuna'wak teenaik, tüwekapö'sen.|A anta cai no rio, defecando.}}
=={{pronúncia|aoc}}==
* [[AFI]]: /waj.ɽa/ [&lt;u&gt;'''waj'''&lt;/u&gt;.ɽa] ~ [&lt;u&gt;'''wa(j)'''&lt;/u&gt;.ʎa]</text>
<sha1>mseuiohr7wrlnz0cvkiljttdrzu3t4g</sha1>
</revision>
