<page>
<page>
<title>waist</title>
<ns>0</ns>
<id>283882</id>
<revision>
<id>2140385</id>
<parentid>1927447</parentid>
<timestamp>2016-06-11T13:12:34Z</timestamp>
<contributor>
<username>UT-interwiki-Bot</username>
<id>56129</id>
</contributor>
<minor />
<comment>Robô: A adicionar: [[ar:waist]]</comment>
<model>wikitext</model>
<format>text/x-wiki</format>
<text bytes="724" xml:space="preserve">{{Wikipédia|lang=en}}
{{confundir|waste}}
={{-en-}}=
==Substantivo==
'''waist'''
# [[cintura]]
===Verbetes derivados===
* [[waistband]]
==Anagrama==
# [[waits]]
[[Categoria:Substantivo (Inglês)]]
[[ar:waist]]
[[ast:waist]]
[[chr:waist]]
[[cs:waist]]
[[de:waist]]
[[en:waist]]
[[eo:waist]]
[[es:waist]]
[[et:waist]]
[[eu:waist]]
[[fi:waist]]
[[fr:waist]]
[[hr:waist]]
[[hu:waist]]
[[hy:waist]]
[[io:waist]]
[[it:waist]]
[[ja:waist]]
[[ka:waist]]
[[kk:waist]]
[[kn:waist]]
[[ko:waist]]
[[ku:waist]]
[[mg:waist]]
[[ml:waist]]
[[my:waist]]
[[pl:waist]]
[[ru:waist]]
[[sm:waist]]
[[sv:waist]]
[[sw:waist]]
[[ta:waist]]
[[te:waist]]
[[th:waist]]
[[tl:waist]]
[[tr:waist]]
[[uz:waist]]
[[vi:waist]]
[[zh:waist]]
[[zu:waist]]</text>
<sha1>rqskfhapbrn6czuqlu0mmgsfubj4e6k</sha1>
</revision>
