<page>
<title>waiter</title>
<ns>0</ns>
<id>61088</id>
<revision>
<id>2653001</id>
<parentid>2116244</parentid>
<timestamp>2021-11-22T10:37:40Z</timestamp>
<contributor>
<username>ValJor</username>
<id>1358</id>
</contributor>
<comment>Se alguém souber porque está aparecendo um &quot;en&quot; no quadro de flexões e puder consertar, eu ficaria muito grato</comment>
<model>wikitext</model>
<format>text/x-wiki</format>
<text bytes="560" xml:space="preserve">{{Wikipédia|lang=en}}
={{-en-}}=
==Substantivo==
{{flex.en|ms=waiter|mp=waiters|fs=waitress|fp=waitresses}}
'''waiter''' {{rubrica|s|cont}}
# {{escopo|en|Profissão}} [[garçom]]
# alguém que está aguardando, esperando
===Sinônimos===
De '''1''' (garçom):
* [[server]]
==Ver também==
===No Wikcionário===
{{verTambém.Ini}}
* [[dumb-waiter]]
* [[land-waiter]]
* [[Shad-waiter]]
* [[tide-waiter]]
{{verTambém.NovaColuna}}
* [[under-waiter]]
* [[waiter-service]]
* [[waitress]]
* [[wine-waiter]]
{{verTambém.Fim}}
[[Categoria:Substantivo (Inglês)]]</text>
<sha1>p5e1xii9tk5fov4lzogf8qnjp2014dz</sha1>
</revision>
</page>
