<page>
<page>
<title>wait</title>
<ns>0</ns>
<id>8952</id>
<revision>
<id>2515236</id>
<parentid>2199524</parentid>
<timestamp>2018-08-10T19:56:05Z</timestamp>
<contributor>
<username>Tribuno da Plebe</username>
<id>16095</id>
</contributor>
<comment>/* {{-en-}} */</comment>
<model>wikitext</model>
<format>text/x-wiki</format>
<text bytes="770" xml:space="preserve">{{Wikipédia|lang=en}}
={{-en-}}=
==Substantivo==
{{flex.en|s=wait|p=waits}}
'''wait'''
# [[espera]]
==Verbo==
'''wait'''
# [[esperar]]
===Conjugação===
{{conj.en.reg|wait}}
=={{etimologia|en}}==
{{llietimo|enm|waiten|en|ponto=não}}, do francês antigo {{etimo|fro|waitier}}/{{etimo|fro|gaitier}} (francês moderno {{etimo|fr|guetter}} - &quot;vigiar&quot;; &quot;espiar&quot;), do franco ''*wahtōn/*wahtijan'', do proto-germânico ''*wahtwō'' (&quot;guarda&quot;), do proto-indo-europeu ''[[*weǵ-]]''. Palavra [[dublê]] de {{etimo|en|watch}}.
=={{pronúncia|en}}==
* [[AFI]]: {{IPA|/weɪt/|lang=en}}
* {{audio|en-us-wait.ogg|Audio (US)|lang=en}}
* {{audio|En-uk-to wait.ogg|Audio (UK)|lang=en}}
* homófono: [[weight]]
[[Categoria:Substantivo (Inglês)]]
[[Categoria:Verbo (Inglês)]]</text>
<sha1>m5okfwfgjwvohoeb9ope6v9zzqgnxtv</sha1>
</revision>
