<page>
<page>
<title>waitress</title>
<ns>0</ns>
<id>61089</id>
<revision>
<id>2653005</id>
<parentid>2079588</parentid>
<timestamp>2021-11-22T10:50:37Z</timestamp>
<contributor>
<username>ValJor</username>
<id>1358</id>
</contributor>
<comment>Substituindo a [[Especial:Páginas_afluentes/Predefinição:escopoCatLang|predefinição escopoCatLang]] por escopo</comment>
<model>wikitext</model>
<format>text/x-wiki</format>
<text bytes="315" xml:space="preserve">={{-en-}}=
==Substantivo==
{{flex.en|ms=waiter|ms-div=|mp=waiters|mp-div=|fs=waitress|fs-div=wait.ress |fp=waitresses|fp-div=}}
'''wait.ress''' {{rubrica|s|cont}}
# {{escopo|en|Profissão}} [[garçonete]]
==Ver também==
===No Wikcionário===
* [[waitressed]]
* [[waitressing]]
[[Categoria:Substantivo (Inglês)]]</text>
<sha1>2m7mojioubpd6qwzj50vzczhvimzu09</sha1>
</revision>
