<page>
<page>
<title>waiver</title>
<ns>0</ns>
<id>13632</id>
<revision>
<id>2555419</id>
<parentid>2186184</parentid>
<timestamp>2019-10-01T09:17:33Z</timestamp>
<contributor>
<username>ValJor</username>
<id>1358</id>
</contributor>
<comment>Acrescentando código de língua à [[:Categoria:!Página com mensagem de erro em predefinição|predefinição escopo]]</comment>
<model>wikitext</model>
<format>text/x-wiki</format>
<text bytes="2168" xml:space="preserve">={{-en-}}=
==Substantivo==
{{flex.en|s=waiver|p=waivers|s-div={{grifar|waiv}}.er|p-div={{grifar|waiv}}.ers}}
'''{{grifar|waiv}}.er'''
# [[abdicação]], [[renúncia]], [[desistência]] (de algum direito, pedido ou privilégio)
# [[dispensa]]:
#* ''I needed a '''waiver''' from the department head to take the course because I didn't technically have the prerequisite courses.'' &lt;small&gt;(Precisei de uma dispensa do chefe de departamento para fazer o curso porque eu tecnicamente não tinha os pré-requisitos.)&lt;/small&gt;
# {{escopo|en|Direito}} [[acordo]], [[contrato]] ou [[documento]] [[legal]] pelo qual se desiste de algum direito, pedido ou privilégio, ou ainda se exime de uma responsabilidade
===Verbetes derivados===
{{verTambém.Ini}}
* {{link opcional|waivered}}
* {{link opcional|waiverer}}
{{verTambém.Fim}}
=={{etimologia|en}}==
: Do [[anglo-normando]] {{etimo|xno|weyver}}.
:* '''Datação''': [[w:1628|1628]]
=={{pronúncia|en}}==
===Estados Unidos===
* [[AFI]]: {{AFI|/ˈweɪ.vɚ/}}
* [[X-SAMPA]]: /&quot;weI.v@`/
===Reino Unido===
* [[AFI]]: {{AFI|/ˈweɪ.və/}}
* [[X-SAMPA]]: /&quot;weI.v@/
===Homófonos===
{{fraseini|Termos homófonos de ''waiver''}}
* {{link opcional|waver}}
{{frasefim}}
==Ver também==
===No Wikcionário===
{{verTambém.Ini}}
* {{link opcional|waive}}
{{verTambém.Fim}}
===Referências===
{{verTambém.Ini}}
* {{#ifeq: s|n||&lt;span style=&quot;color:#555;&quot;&gt;(em inglês)&lt;/span&gt;}} “[http://dictionary.cambridge.org/dictionary/learner-english/word_1?q={{urlencode:{{PAGENAME}}}} {{PAGENAME}}]” in ''[[w:en:Cambridge_Advanced_Learner's_Dictionary|Cambridge Advanced Learner's Dictionary]]'', [[w:Cambridge_University_Press|Cambridge University Press]]. {{#if: | Consultado em {{{data}}}.}}
* {{#ifeq: s|n||&lt;span style=&quot;color:#555;&quot;&gt;(em inglês)&lt;/span&gt;}}&amp;nbsp;“[http://www.merriam-webster.com/dictionary/{{urlencode:{{PAGENAME}}}} {{PAGENAME}}]” in ''[[w:Merriam-Webster|Merriam-Webster Online Dictionary]]'', Merriam-Webster Online. {{#if: | Consultado em {{{data}}}.}}
{{verTambém.Fim}}
[[Categoria:Substantivo (Inglês)]]
[[Categoria:Dissílabo (Inglês)]]
[[Categoria:Paroxítona (Inglês)]]
[[Categoria:Século XVII (Inglês)]]</text>
<sha1>23fuplpyyjui7c4vh4phck7dyizc2m0</sha1>
</revision>
