<page>
<title>wak</title>
<ns>0</ns>
<id>247320</id>
<revision>
<id>1792989</id>
<parentid>1371048</parentid>
<timestamp>2013-12-22T23:32:13Z</timestamp>
<contributor>
<username>Luckas-bot</username>
<id>5986</id>
</contributor>
<minor />
<comment>r2.7.2) (Robô: A adicionar: [[mg:wak]], [[pl:wak]]</comment>
<model>wikitext</model>
<format>text/x-wiki</format>
<text bytes="375" xml:space="preserve">={{-bps-}}=
==Substantivo==
'''wak'''
# [[cabelo]]
==Ver também==
===No Wikcionário===
{{verTambém.Ini}}
* [[baq]]
* [[kfi]]
{{verTambém.NovaColuna}}
* [[qulu]]
* [[sigal]]
{{verTambém.Fim}}
[[Categoria:Substantivo (Bilaan)]]
[[Categoria:Anatomia (Bilaan)]]
[[en:wak]]
[[fr:wak]]
[[id:wak]]
[[io:wak]]
[[it:wak]]
[[ku:wak]]
[[mg:wak]]
[[nl:wak]]
[[pl:wak]]
[[qu:wak]]</text>
<sha1>cnnmbkl02nql95hw67bs8in7p0zns19</sha1>
</revision>
</page>
