<page>
<page>
<title>waka</title>
<ns>0</ns>
<id>360984</id>
<revision>
<id>2158389</id>
<parentid>2154865</parentid>
<timestamp>2016-08-13T03:30:26Z</timestamp>
<contributor>
<username>UT-interwiki-Bot</username>
<id>56129</id>
</contributor>
<minor />
<comment>Robô: A adicionar: ay, az, cs, de, en, es, et, fj, fr, hu, it, ko, ky, lo, lt, mg, mn, nl, pl, ro, ru, sv, tg, tr, zh</comment>
<model>wikitext</model>
<format>text/x-wiki</format>
<text bytes="686" xml:space="preserve">={{-wau-}}=
==Substantivo==
{{oxítona|wa|ka|lang=wau}}
# mensageiro cerimonial da comunidade
#: ''Jahawe '''wanakiu'''. Meeneke amunaun oukawe '''waka'''.''
#:: Lá vem mensageiro. Logo o cacique vai saudar-lo.   
===Plural===
* [[wakanãu]]
===Sinônimos===
* [[wanaka]] (mensageiro cerimonial)
=={{pronúncia|wau}}==
* [[AFI]]: {{AFI|/waˈka/}}
[[Categoria:Substantivo (Wauja)]]
[[ay:waka]]
[[az:waka]]
[[cs:waka]]
[[de:waka]]
[[en:waka]]
[[es:waka]]
[[et:waka]]
[[fj:waka]]
[[fr:waka]]
[[hu:waka]]
[[it:waka]]
[[ko:waka]]
[[ky:waka]]
[[lo:waka]]
[[lt:waka]]
[[mg:waka]]
[[mn:waka]]
[[nl:waka]]
[[pl:waka]]
[[ro:waka]]
[[ru:waka]]
[[sv:waka]]
[[tg:waka]]
[[tr:waka]]
[[zh:waka]]</text>
<sha1>pi4795h6bvfnj4nitd2db0v7w1di774</sha1>
</revision>
