<page>
<title>wakatteru</title>
<ns>0</ns>
<id>150417</id>
<revision>
<id>2224025</id>
<parentid>2090186</parentid>
<timestamp>2017-01-16T23:34:33Z</timestamp>
<contributor>
<username>Tribuno da Plebe</username>
<id>16095</id>
</contributor>
<model>wikitext</model>
<format>text/x-wiki</format>
<text bytes="117" xml:space="preserve">={{-ja-}}=
==Transliteração==
# transliteração de [[わかってる]]
[[Categoria:Transliteração (Japonês)]]</text>
<sha1>qz1zjeuwact4ezf50f9qgjrxzsglsi1</sha1>
</revision>
</page>
