<page>
<title>wakanãu</title>
<ns>0</ns>
<id>361035</id>
<revision>
<id>2155834</id>
<parentid>2154867</parentid>
<timestamp>2016-08-04T00:42:06Z</timestamp>
<contributor>
<username>Emi-Ireland</username>
<id>45616</id>
</contributor>
<minor />
<comment>Emi-Ireland moveu a página [[wakanaun]] para [[wakanãu]]: A comunidade Wauja esta no processo de estabelecer uma ortografia para todos as aldeias. Recentemente a comunidade maior decidiu de soletrar /nɐ̃w/ como nɑ̃u e nɑ̃o como naun.</comment>
<model>wikitext</model>
<format>text/x-wiki</format>
<text bytes="212" xml:space="preserve">={{-wau-}}=
==Forma de substantivo==
{{oxítona|wa|ka|nãu|lang=wau}}
# plural de [[waka]]
{{avi-for-fle|waka}}
=={{pronúncia|wau}}==
* [[AFI]]: {{AFI|/wa.kaˈnɐ̃w/}}
[[Categoria:Forma de substantivo (Wauja)]]</text>
<sha1>5uzhp0objeqgd9wkv4tyz9zpdzxa5zj</sha1>
</revision>
</page>
