<page>
<page>
<title>Wakolosai</title>
<ns>0</ns>
<id>427463</id>
<revision>
<id>2599475</id>
<timestamp>2020-10-24T23:20:01Z</timestamp>
<contributor>
<username>Leonardo José Raimundo</username>
<id>43489</id>
</contributor>
<comment>Eu estou criando o nome &quot;Wakolosai&quot;.</comment>
<model>wikitext</model>
<format>text/x-wiki</format>
<text bytes="206" xml:space="preserve">={{-sw-}}=
==Substantivo==
{{oxítona|Wa|ko|lo|sai|lang=sw}}
# {{escopo|sw|Cristianismo|religião}} [[Colossenses]]
==Ver também==
===No Wikcionário===
{{bíblia/sw}}
[[Categoria:Substantivo (Suaíli)]]</text>
<sha1>swtscx0wzbg0v2hkjz9yw2uo1arjxr4</sha1>
</revision>
