<page>
<page>
<title>Wakorintho</title>
<ns>0</ns>
<id>427458</id>
<revision>
<id>2599467</id>
<timestamp>2020-10-24T22:52:03Z</timestamp>
<contributor>
<username>Leonardo José Raimundo</username>
<id>43489</id>
</contributor>
<comment>Eu estou criando o nome &quot;Wakorintho&quot;.</comment>
<model>wikitext</model>
<format>text/x-wiki</format>
<text bytes="209" xml:space="preserve">={{-sw-}}=
==Substantivo==
{{paroxítona|Wa|ko|rin|tho|lang=sw}}
# {{escopo|sw|Cristianismo|religião}} [[Coríntios]]
==Ver também==
===No Wikcionário===
{{bíblia/sw}}
[[Categoria:Substantivo (Suaíli)]]</text>
<sha1>5v4xd465u10u0cn4s2gyk9acitik2ok</sha1>
</revision>
