<page>
<page>
<title>wakpa</title>
<ns>0</ns>
<id>146424</id>
<revision>
<id>2555408</id>
<parentid>1621735</parentid>
<timestamp>2019-10-01T08:33:29Z</timestamp>
<contributor>
<username>ValJor</username>
<id>1358</id>
</contributor>
<comment>Acrescentando código de língua à [[:Categoria:!Página com mensagem de erro em predefinição|predefinição escopo]]</comment>
<model>wikitext</model>
<format>text/x-wiki</format>
<text bytes="528" xml:space="preserve">[[Imagem:Rio douro.jpg|thumb|right|250px|&lt;center&gt;Rio&lt;/center&gt;]]
={{-dak-}}=
==Substantivo==
'''wak.pa'''
# {{escopo|dak|Geografia}} {{l.s.|rio}}
=={{pronúncia|dak}}==
* [[AFI]]: {{AFI|/wak.pa/}}
* [[X-SAMPA]]: /wak.pa/
[[Categoria:Substantivo (Dakota)]]
[[Categoria:Dissílabo (Dakota)]]
[[Categoria:Entrada com imagem (Dakota)]]
={{-lkt-}}=
==Substantivo==
'''wak.pa'''
# {{escopo|lkt|Geografia}} {{l.s.|rio}}
[[Categoria:Substantivo (Lakota)]]
[[Categoria:Dissílabo (Lakota)]]
[[Categoria:Entrada com imagem (Lakota)]]</text>
<sha1>d5uny75cczng26m4wrn7ahnrxnd3oe7</sha1>
</revision>
