<page>
<title>wakuwaku</title>
<ns>0</ns>
<id>149523</id>
<revision>
<id>2224028</id>
<parentid>2092395</parentid>
<timestamp>2017-01-16T23:37:15Z</timestamp>
<contributor>
<username>Tribuno da Plebe</username>
<id>16095</id>
</contributor>
<model>wikitext</model>
<format>text/x-wiki</format>
<text bytes="131" xml:space="preserve">={{-ja-}}=
==Transliteração==
# transliteração de [[わくわく]]
[[Categoria:Transliteração (Japonês)]]
[[en:wakuwaku]]</text>
<sha1>8dpq71cgcpjdo0su71217grpojilg5d</sha1>
</revision>
</page>
