<page>
<page>
<title>Wal</title>
<ns>0</ns>
<id>232005</id>
<revision>
<id>2451665</id>
<parentid>2451664</parentid>
<timestamp>2017-09-22T11:55:21Z</timestamp>
<contributor>
<username>Spanier</username>
<id>43713</id>
</contributor>
<minor />
<model>wikitext</model>
<format>text/x-wiki</format>
<text bytes="556" xml:space="preserve">{{Wikipédia|lang=de}}
={{-de-}}=
==Substantivo==
'''Wal''', {{m}}
# {{escopo|de|mamífero}} [[baleia]]
===Declinação===
{{decl.de.subst.forte.masc.date|ns=Wal|np=Wale|gs=Wal(e)s}}
=={{etimologia|de}}==
: Do [[alto alemão antigo]] ''(h)wal''.
=={{pronúncia|de}}==
* [[AFI]]: {{AFI|/vaːl/|de}} {{audio|De-Wal.ogg|áudio|lang=de}}
{{categorias|{{nome categoria|de}}|Monossílabo|Substantivo}}
={{-lb-}}=
==Substantivo==
'''Wal''', {{m}}
# {{escopo|de|mamífero}} [[baleia]] (cetáceo)
{{categorias|{{nome categoria|lb}}|Monossílabo|Substantivo}}</text>
<sha1>h5bypam110z96cpewlzfapiwm3pkuyj</sha1>
</revision>
