<page>
<title>Walfisch</title>
<ns>0</ns>
<id>231878</id>
<revision>
<id>2451593</id>
<parentid>2282334</parentid>
<timestamp>2017-09-22T07:03:16Z</timestamp>
<contributor>
<username>Spanier</username>
<id>43713</id>
</contributor>
<comment>suplementos</comment>
<model>wikitext</model>
<format>text/x-wiki</format>
<text bytes="463" xml:space="preserve">{{Wikipédia|lang=de}}
={{-de-}}=
==Substantivo==
{{paroxítona|Wal|fisch|lang=de}}, {{m}}
# {{escopo|de|mamífero}} [[baleia]] (cetáceo)
=== Declinação ===
{{decl.de.subst.forte.masc.date|ns=Walfisch|np=Walfische|gs=Walfisch(e)s}}
=={{etimologia|de}}==
: Composição de {{etimo|de|Wal}} (''&quot;[[baleia]]&quot;'') + {{etimo|de|Fisch}} (''&quot;[[peixe]]&quot;'').
=={{pronúncia|de}}==
* [[AFI]]: {{AFI|/ˈvaːlfɪʃ/|de}}
{{categorias|{{nome categoria|de}}|Substantivo}}</text>
<sha1>ib4mnl16h8ykw0dkawp0p0tevfonjb7</sha1>
</revision>
</page>
