<page>
<page>
<title>walgul</title>
<ns>0</ns>
<id>314056</id>
<revision>
<id>2658403</id>
<parentid>1677728</parentid>
<timestamp>2022-01-22T03:42:06Z</timestamp>
<contributor>
<username>ValJor</username>
<id>1358</id>
</contributor>
<comment>Confirmando [[:Categoria:!Entrada criada por robô|verbete criado por robô]]</comment>
<model>wikitext</model>
<format>text/x-wiki</format>
<text bytes="261" xml:space="preserve">[[Imagem:Blue eye.jpg|thumb|right|250px|{{centro|Olho}}]]
={{-kky-}}=
==Substantivo==
'''walgul'''
# [[olho]] (órgão da visão)
[[Categoria:Substantivo (Guugu Yimidir)]]
[[Categoria:Anatomia (Guugu Yimidir)]]
[[Categoria:Entrada com imagem (Guugu Yimidir)]]</text>
<sha1>mfsl6mby9pfu77xb2th1br5ikqjcnql</sha1>
</revision>
