<page>
<page>
<title>Walia</title>
<ns>0</ns>
<id>398153</id>
<revision>
<id>2606027</id>
<parentid>2559602</parentid>
<timestamp>2020-12-27T23:06:20Z</timestamp>
<contributor>
<username>Amigo7</username>
<id>58547</id>
</contributor>
<comment>Substituindo a tag &lt;center&gt; pela predefinição {centro}</comment>
<model>wikitext</model>
<format>text/x-wiki</format>
<text bytes="931" xml:space="preserve">{{Wikipédia|lang=pl}}
[[Imagem:Flag of Wales.svg|thumb|right|250px|{{centro|Bandeira do País de Gales}}]]
[[Imagem:LocationWales.svg|thumb|right|250px|{{centro|Localização do País de Gales}}]]
={{-pl-}}=
==Substantivo==
{{paroxítona|Wa|lia|lang=pl}}, {{gramática|f|pr}}
# {{escopo|pl|Topónimo}} [[País de Gales]]
# {{tradex|pl|Stolicą '''Walii''' jest Cardiff.|A capital do País de Gales é Cardiff.}}
# {{tradex|pl|'''Walia''' jest częścią Wielkiej Brytanii.|O País de Gales faz parte do Reino Unido.}}
==Ver também==
===No Wikcionário===
{{verTambém.Ini}}
* {{link opcional|Walijczyk|pl}}
* {{link opcional|Walijka|pl}}
{{verTambém.NovaColuna|25}}
* {{link opcional|walijski|pl}}
{{verTambém.NovaColuna|25}}
* {{link opcional|Cardiff|pl}}
{{verTambém.NovaColuna|25}}
* {{link opcional|Wielka Brytania|pl}}
{{verTambém.Fim}}
[[Categoria:Substantivo (Polonês)]]
[[Categoria:Entrada com imagem (Polonês)]]</text>
<sha1>23d49z6ry3s45tsm3kz9z653mkfn7ba</sha1>
</revision>
