<page>
<title>walks</title>
<ns>0</ns>
<id>147540</id>
<revision>
<id>1908670</id>
<parentid>1846613</parentid>
<timestamp>2015-04-03T10:57:36Z</timestamp>
<contributor>
<username>YS-Bot</username>
<id>32241</id>
</contributor>
<minor />
<comment>r2.7.3) (Robô: A adicionar: [[es:walks]]</comment>
<model>wikitext</model>
<format>text/x-wiki</format>
<text bytes="546" xml:space="preserve">={{-en-}}=
==Forma verbal==
'''walks'''
#3ª pessoa do singular do verbo '''[[walk]]'''
[[Categoria:Forma verbal (Inglês)]]
={{-en-}}=
==Forma de substantivo==
'''walks''' {{p}}
#plural de '''[[walk]]'''
[[Categoria:Forma de substantivo (Inglês)]]
[[ar:walks]]
[[ca:walks]]
[[chr:walks]]
[[de:walks]]
[[en:walks]]
[[es:walks]]
[[fi:walks]]
[[fr:walks]]
[[hu:walks]]
[[it:walks]]
[[ja:walks]]
[[ku:walks]]
[[li:walks]]
[[ml:walks]]
[[my:walks]]
[[nl:walks]]
[[simple:walks]]
[[sv:walks]]
[[sw:walks]]
[[ta:walks]]
[[th:walks]]
[[vi:walks]]</text>
<sha1>scx2ldrkwv3dhbhfgqpi19ltxglydsj</sha1>
</revision>
</page>
