<page>
<title>walkover</title>
<ns>0</ns>
<id>341284</id>
<revision>
<id>2542528</id>
<parentid>2080895</parentid>
<timestamp>2019-04-23T10:25:25Z</timestamp>
<contributor>
<username>ValJor</username>
<id>1358</id>
</contributor>
<comment>Acrescentando código de língua à [[:Categoria:!Página com mensagem de erro em predefinição|predefinição escopo]]</comment>
<model>wikitext</model>
<format>text/x-wiki</format>
<text bytes="357" xml:space="preserve">{{Wikipédia}}
={{-pt-}}=
==Substantivo==
{{flex.pt|ms=walkover|mp=walkovers}}
'''walkover''', {{gramática|m}}
# {{escopo|pt|Desporto}} [[vitória]] de um indivíduo ou equipe quando o [[adversário]] está impossibilitado de [[competir]]
===Sinônimo===
* [[WO]]
=={{etimologia|pt}}==
{{llietimo|en|walkover|pt}}
[[Categoria:Substantivo (Português)]]</text>
<sha1>tblduw6iiks4o6nru992m6ruqybhujk</sha1>
</revision>
</page>
