<page>
<title>walking</title>
<ns>0</ns>
<id>147546</id>
<revision>
<id>2080898</id>
<parentid>1998385</parentid>
<timestamp>2016-04-03T14:48:46Z</timestamp>
<contributor>
<username>HydrizBot</username>
<id>29590</id>
</contributor>
<minor />
<comment>Robô: A adicionar: [[co:walking]]</comment>
<model>wikitext</model>
<format>text/x-wiki</format>
<text bytes="660" xml:space="preserve">={{-en-}}=
==Adjetivo==
'''walking'''
# [[andante]]
# [[ambulante]]
==Forma verbal==
'''walking'''
# gerúndio do verbo '''[[walk]]'''
[[Categoria:Forma verbal (Inglês)]]
[[ang:walking]]
[[ca:walking]]
[[chr:walking]]
[[co:walking]]
[[de:walking]]
[[el:walking]]
[[en:walking]]
[[es:walking]]
[[fi:walking]]
[[fr:walking]]
[[hu:walking]]
[[hy:walking]]
[[it:walking]]
[[ja:walking]]
[[kn:walking]]
[[ko:walking]]
[[ku:walking]]
[[li:walking]]
[[lv:walking]]
[[ml:walking]]
[[my:walking]]
[[nl:walking]]
[[pl:walking]]
[[ru:walking]]
[[simple:walking]]
[[sv:walking]]
[[ta:walking]]
[[te:walking]]
[[th:walking]]
[[tr:walking]]
[[vi:walking]]
[[zh:walking]]</text>
<sha1>nox2vknnno02ncu2u7h6lknnhub0cj7</sha1>
</revision>
</page>
