<page>
<title>wallet</title>
<ns>0</ns>
<id>432809</id>
<revision>
<id>2629739</id>
<timestamp>2021-04-05T23:53:40Z</timestamp>
<contributor>
<username>GabMarquetto</username>
<id>81219</id>
</contributor>
<comment>[[Ajuda:Guia de edição/Menus e ferramentas/Sumário de edição|→]] nova página: ={{-en-}}= ==Substantivo== '''wallet''' {{flex.en|s=wallet|p=wallets}} #[[carteira]] (onde se guardam objetos...</comment>
<model>wikitext</model>
<format>text/x-wiki</format>
<text bytes="167" xml:space="preserve">={{-en-}}=
==Substantivo==
'''wallet'''
{{flex.en|s=wallet|p=wallets}}
#[[carteira]] (onde se guardam objetos pessoais e dinheiro)
[[Categoria:Substantivo (Inglês)]]</text>
<sha1>d9cxl9uia8d7958j4uvm9gadzaifhak</sha1>
</revision>
</page>
