<page>
<title>wallawalla</title>
<ns>0</ns>
<id>256546</id>
<revision>
<id>2057126</id>
<parentid>1450404</parentid>
<timestamp>2016-01-19T13:43:53Z</timestamp>
<contributor>
<username>ValJor</username>
<id>1358</id>
</contributor>
<comment>Atualizando [[:Categoria:!Entrada criada por robô|verbete criado por robô]]</comment>
<model>wikitext</model>
<format>text/x-wiki</format>
<text bytes="168" xml:space="preserve">={{-qu-}}=
==Substantivo==
'''wallawalla'''
# [[montanha]]
[[Categoria:Substantivo (Quéchua)]]
[[Categoria:Geografia (Quéchua)]]
[[es:wallawalla]]
[[tr:wallawalla]]</text>
<sha1>e3ydacq3a7tj07d2j7py2275041f535</sha1>
</revision>
</page>
