<page>
<page>
<title>wallina</title>
<ns>0</ns>
<id>232020</id>
<revision>
<id>2057048</id>
<parentid>1803481</parentid>
<timestamp>2016-01-19T09:25:59Z</timestamp>
<contributor>
<username>ValJor</username>
<id>1358</id>
</contributor>
<comment>Ampliando [[:Categoria:!Entrada criada por robô|verbete criado por robô]]</comment>
<model>wikitext</model>
<format>text/x-wiki</format>
<text bytes="166" xml:space="preserve">{{Wikipédia|lang=qu}}
={{-qu-}}=
==Substantivo==
'''wallina'''
# [[baleia]]
[[Categoria:Substantivo (Quéchua)]]
[[Categoria:Mamífero (Quéchua)]]
[[es:wallina]]</text>
<sha1>9md069s08ae8bik66vty1zlemkwp5x3</sha1>
</revision>
