<page>
<page>
<title>wallplug</title>
<ns>0</ns>
<id>333041</id>
<revision>
<id>2555389</id>
<parentid>2140394</parentid>
<timestamp>2019-09-30T23:35:54Z</timestamp>
<contributor>
<username>ValJor</username>
<id>1358</id>
</contributor>
<comment>Acrescentando código de língua à [[:Categoria:!Página com mensagem de erro em predefinição|predefinição escopo]]</comment>
<model>wikitext</model>
<format>text/x-wiki</format>
<text bytes="183" xml:space="preserve">={{-en-}}=
==Substantivo==
{{flex.en|s=wallplug|p=wallplugs}}
'''wallplug'''
# {{escopo|en|Reino Unido}} variante ortográfica de [[wall plug]]
[[Categoria:Substantivo (Português)]]</text>
<sha1>i3vdvtydlznoeo9vpii468f71nme33s</sha1>
</revision>
