<page>
<page>
<title>wallaby</title>
<ns>0</ns>
<id>398858</id>
<revision>
<id>2518438</id>
<parentid>2515170</parentid>
<timestamp>2018-09-11T22:46:18Z</timestamp>
<contributor>
<username>ValJor</username>
<id>1358</id>
</contributor>
<comment>Verbete com ligações externas. Não deveria ter sido colocado para ER. Num caso como esse use, ao invés, a predefinição {{reciclagem}}</comment>
<model>wikitext</model>
<format>text/x-wiki</format>
<text bytes="299" xml:space="preserve">{{Wikipédia|lang=en}}
={{-en-}}=
==Substantivo==
'''wallaby'''
# designação comum das várias espécies de [[marsupial|marsupiais]] da família ''Macropodidae'' da [[Oceania]], caracteristicamente menores que os [[canguru]]s
[[Categoria:Substantivo (Inglês)]]
[[Categoria:Mamífero (Inglês)]]</text>
<sha1>f8764y4ecevr7v92gslng71jkcotaoy</sha1>
</revision>
