<page>
<page>
<title>wallpaper</title>
<ns>0</ns>
<id>117343</id>
<revision>
<id>2542480</id>
<parentid>1964455</parentid>
<timestamp>2019-04-23T01:03:37Z</timestamp>
<contributor>
<username>ValJor</username>
<id>1358</id>
</contributor>
<comment>Acrescentando código de língua à [[:Categoria:!Página com mensagem de erro em predefinição|predefinição escopo]]</comment>
<model>wikitext</model>
<format>text/x-wiki</format>
<text bytes="513" xml:space="preserve">{{Wikipédia|lang=en}}
={{-en-}}=
==Substantivo==
{{flex.en|s=wallpaper|p=wallpapers}}
'''wallpaper'''
# [[papel de parede]]
# {{escopo|en|Informática|Interface gráfica}} [[papel de parede]]
==Verbo==
'''wallpaper'''
# [[aplicar]] [[papel de parede]] (a uma parede)
===Conjugação===
{{conj.en|wallpaper|wallpapers|wallpapered|wallpapered|wallpapering}}
=={{etimologia|en}}==
: {{escopo|Morfologia}} {{etimo|en|wall}} + {{etimo|en|paper}}.
[[Categoria:Substantivo (Inglês)]]
[[Categoria:Verbo (Inglês)]]</text>
<sha1>in0r3swp6z1cclust04exzpfr0hldjq</sha1>
</revision>
