<page>
<page>
<title>wall</title>
<ns>0</ns>
<id>4284</id>
<revision>
<id>2260320</id>
<parentid>2260319</parentid>
<timestamp>2017-04-13T03:09:31Z</timestamp>
<contributor>
<username>Askekamo</username>
<id>60711</id>
</contributor>
<model>wikitext</model>
<format>text/x-wiki</format>
<text bytes="1727" xml:space="preserve">{{ver também|Wall}}
={{-en-}}=
==Substantivo==
{{flex.en|s=wall|p=walls}}
'''wall'''
# [[parede]]
#* ''Any room in a house has four '''wall'''s.'' &lt;small&gt;(Qualquer cômodo em uma casa tem quatro paredes)&lt;/small&gt;
# [[muro]]
#* ''A '''wall''' separates the two estates.'' &lt;small&gt;(Um muro separa as duas propriedades)&lt;/small&gt;
# [[muralha]]
===Verbetes derivados===
{{verTambém.Ini}}
* [[Great Wall]]
* [[party wall]]
{{verTambém.NovaColuna}}
* [[wallpaper]]
* [[Wall Street]]
{{verTambém.Fim}}
==Verbo==
'''wall'''
# [[murar]]
# [[fortificar]]
==Conjugação==
{{conj.en.reg|wall}}
=={{pronúncia|en}}==
* [[AFI]]: {{AFI|/wɔːl/|en}}
* {{audio|lang=en|en-us-wall.ogg|Audio (US)}}
=={{etimologia|en}}==
:Do inglês antigo ''[[weall]]'', do latim ''[[vallum]]'' (“‘parede, plataforma’”). Cognato do holandês ''[[wal]]'' e do alemão ''[[Wall]]''
[[Categoria:Verbo (Inglês)]]
[[Categoria:Substantivo (Inglês)]]
[[ang:wall]]
[[ar:wall]]
[[ay:wall]]
[[ca:wall]]
[[chr:wall]]
[[co:wall]]
[[cs:wall]]
[[cy:wall]]
[[da:wall]]
[[de:wall]]
[[el:wall]]
[[en:wall]]
[[eo:wall]]
[[es:wall]]
[[et:wall]]
[[eu:wall]]
[[fa:wall]]
[[fi:wall]]
[[fr:wall]]
[[fy:wall]]
[[ga:wall]]
[[gl:wall]]
[[gv:wall]]
[[hi:wall]]
[[hu:wall]]
[[hy:wall]]
[[id:wall]]
[[io:wall]]
[[it:wall]]
[[ja:wall]]
[[kk:wall]]
[[kn:wall]]
[[ko:wall]]
[[ku:wall]]
[[li:wall]]
[[lo:wall]]
[[lt:wall]]
[[lv:wall]]
[[mg:wall]]
[[mk:wall]]
[[ml:wall]]
[[mn:wall]]
[[my:wall]]
[[nl:wall]]
[[no:wall]]
[[oc:wall]]
[[pa:wall]]
[[pl:wall]]
[[ro:wall]]
[[ru:wall]]
[[simple:wall]]
[[sm:wall]]
[[sr:wall]]
[[sv:wall]]
[[sw:wall]]
[[ta:wall]]
[[te:wall]]
[[tg:wall]]
[[th:wall]]
[[tr:wall]]
[[uk:wall]]
[[vec:wall]]
[[vi:wall]]
[[wa:wall]]
[[zh:wall]]
[[zu:wall]]</text>
<sha1>2y4ispjwhavdj5t6vuznwk1x7wqlf5d</sha1>
</revision>
