<page>
<title>walnut</title>
<ns>0</ns>
<id>230508</id>
<revision>
<id>2224409</id>
<parentid>2140393</parentid>
<timestamp>2017-01-17T11:41:53Z</timestamp>
<contributor>
<username>HydrizBot</username>
<id>29590</id>
</contributor>
<minor />
<comment>Robô: A adicionar: [[sd:walnut]]</comment>
<model>wikitext</model>
<format>text/x-wiki</format>
<text bytes="639" xml:space="preserve">={{-en-}}=
==Substantivo==
'''walnut'''
# [[noz]]
# [[nogueira]]
[[Categoria:Substantivo (Inglês)]]
[[an:walnut]]
[[ar:walnut]]
[[chr:walnut]]
[[cs:walnut]]
[[da:walnut]]
[[en:walnut]]
[[eo:walnut]]
[[et:walnut]]
[[fa:walnut]]
[[fi:walnut]]
[[fr:walnut]]
[[hi:walnut]]
[[hr:walnut]]
[[hu:walnut]]
[[hy:walnut]]
[[io:walnut]]
[[it:walnut]]
[[kn:walnut]]
[[ko:walnut]]
[[ku:walnut]]
[[li:walnut]]
[[mg:walnut]]
[[ml:walnut]]
[[my:walnut]]
[[pl:walnut]]
[[ro:walnut]]
[[ru:walnut]]
[[sd:walnut]]
[[simple:walnut]]
[[sq:walnut]]
[[sv:walnut]]
[[ta:walnut]]
[[te:walnut]]
[[tg:walnut]]
[[th:walnut]]
[[tr:walnut]]
[[vi:walnut]]
[[zh:walnut]]</text>
<sha1>e8dm4nf5u9rro5bdetmvhxzvqrmnviv</sha1>
</revision>
</page>
