<page>
<title>walo</title>
<ns>0</ns>
<id>165723</id>
<revision>
<id>2690897</id>
<parentid>2198904</parentid>
<timestamp>2022-10-27T22:10:46Z</timestamp>
<contributor>
<username>InternetArchiveBot</username>
<id>81604</id>
</contributor>
<comment>Rescuing 1 sources and tagging 0 as dead.) #IABot (v2.0.9.2</comment>
<model>wikitext</model>
<format>text/x-wiki</format>
<text bytes="3022" xml:space="preserve">={{-kud-}}=
==Verbo==
'''wa.lo''', {{gramática|vt}}
# [[dizer]]
[[Categoria:Verbo ('Auhelawa)]]
[[Categoria:Dissílabo ('Auhelawa)]]
={{-baq-}}=
==Numeral==
'''wa.lo''', {{gramática|card}}
# [[oito]]
==Ver também==
===No Wikcionário===
{{números/baq}}
[[Categoria:Numeral cardinal (Benuaque)]]
[[Categoria:Dissílabo (Benuaque)]]
={{-fil-}}=
==Numeral==
'''wa.lo''', {{gramática|card}}
# [[oito]]
=={{pronúncia|fil}}==
* [[AFI]]: {{AFI|/wa.ˈlɔ/}}
* [[X-SAMPA]]: /wa.&quot;lO/
==Ver também==
===No Wikcionário===
{{números/fil}}
[[Categoria:Numeral cardinal (Filipino)]]
[[Categoria:Dissílabo (Filipino)]]
[[Categoria:Oxítona (Filipino)]]
={{-hil-}}=
==Numeral==
'''wa.ló''', {{gramática|card}}
# [[oito]]
=={{pronúncia|hil}}==
* [[AFI]]: {{AFI|/wa.ˈlɔ/}}
* [[X-SAMPA]]: /wa.&quot;lO/
==Ver também==
===No Wikcionário===
{{números/hil}}
[[Categoria:Numeral cardinal (Hiligaynon)]]
[[Categoria:Dissílabo (Hiligaynon)]]
[[Categoria:Oxítona (Hiligaynon)]]
={{-tl-}}=
==Numeral==
'''wa.ló''', {{gramática|card}}
# [[oito]]
=={{etimologia|tl}}==
: Do {{link preto|proto-oceânico}}.
===Cognatos===
{{tradini|Cognatos de ''walo''}}
* {{trad|fj|walu}}
{{tradfim}}
=={{pronúncia|tl}}==
* [[AFI]]: {{AFI|/wa.ˈlɔ/}}
* [[X-SAMPA]]: /wa.&quot;lO/
==Ver também==
===No Wikcionário===
{{números/tl}}
===Referências===
{{verTambém.Ini}}
* [https://web.archive.org/web/20160306035256/http://www.bansa.org/dictionaries/tgl/?dict_lang=tgl&amp;type=search&amp;data=walo ''walo'' no Tagalog English Dictionary (Bansa.org) (em inglês)]
{{verTambém.Fim}}
[[Categoria:Numeral cardinal (Tagalo)]]
[[Categoria:Dissílabo (Tagalo)]]
[[Categoria:Oxítona (Tagalo)]]
={{-txb-}}=
[[Ficheiro:Portrait Roi de france Childéric II.jpg|thumb|80px|'''Walo''']]
==Substantivo==
'''wa.lo'''
# [[rei]], [[soberano]], [[monarca]]
{{pularLinhas|2}}
[[Categoria:Substantivo (Tocariano B)]]
[[Categoria:Dissílabo (Tocariano B)]]
[[Categoria:Política (Tocariano B)]]
[[Categoria:Entrada com imagem (Tocariano B)]]
={{-tok-}}=
==Adjetivo==
[[Ficheiro:Solid white.svg|thumb|175px|'''Walo'''&lt;sup&gt;1&lt;/sup&gt;]]
'''wa.lo'''
# [[branco]]
# [[claro]] (''[[cor]]'')
==Substantivo==
'''wa.lo'''
# {{l.s.|branco}}, a [[cor]] branca
# branco, {{l.s.|parte}} branca de algo
# [[brancura]]
# [[claridade]]
=={{pronúncia|tok}}==
* [[AFI]]: {{AFI|/ˈwa.lo/}}
* [[X-SAMPA]]: /&quot;wa.lo/
==Ver também==
===No Wikcionário===
{{verTambém.Ini}}
* [http://pt.conlang.wikia.com/wiki/Dicion%C3%A1rio_Toki_Pona_-_Portugu%C3%AAs Dicionário Toki Pona - Português (Conlang)]
{{verTambém.Fim}}
[[Categoria:Adjetivo (Toki Pona)]]
[[Categoria:Substantivo (Toki Pona)]]
[[Categoria:Dissílabo (Toki Pona)]]
[[Categoria:Paroxítona (Toki Pona)]]
[[Categoria:Cor (Toki Pona)]]
[[Categoria:Entrada com imagem (Toki Pona)]]
[[az:walo]]
[[chr:walo]]
[[en:walo]]
[[es:walo]]
[[fi:walo]]
[[fr:walo]]
[[hu:walo]]
[[io:walo]]
[[ja:walo]]
[[ko:walo]]
[[lt:walo]]
[[mg:walo]]
[[nl:walo]]
[[pl:walo]]
[[ru:walo]]
[[tl:walo]]
[[tr:walo]]
[[uz:walo]]
[[zh:walo]]</text>
<sha1>l167l2i27n2ukclrviql2clflswxazl</sha1>
</revision>
</page>
