<page>
<page>
<title>walrús</title>
<ns>0</ns>
<id>34108</id>
<revision>
<id>1327551</id>
<parentid>1097360</parentid>
<timestamp>2011-12-10T00:16:27Z</timestamp>
<contributor>
<username>MalafayaBot</username>
<id>628</id>
</contributor>
<minor />
<comment>Robô: Substituição de texto automática (-^\=(\s*?)(\{\{pap\}\}|Papiamento)(\s*?)\= +={{-pap-}}=)</comment>
<model>wikitext</model>
<format>text/x-wiki</format>
<text bytes="166" xml:space="preserve">={{-pap-}}=
==Substantivo==
'''walrús'''
# [[morsa]]
[[Categoria:Substantivo (Papiamento)]]
[[Categoria:Mamífero (Papiamento)]]
[[Categoria:Zoologia (Papiamento)]]</text>
<sha1>607vpv82iguqsaylv4qslg825hcl5hs</sha1>
</revision>
