<page>
<page>
<title>Walross</title>
<ns>0</ns>
<id>38824</id>
<revision>
<id>2457291</id>
<parentid>2451589</parentid>
<timestamp>2017-10-26T16:20:25Z</timestamp>
<contributor>
<username>ValJor</username>
<id>1358</id>
</contributor>
<comment>Eliminando [[Walroß]] da lista de [[Especial:Lonelypages|órfãos]]</comment>
<model>wikitext</model>
<format>text/x-wiki</format>
<text bytes="647" xml:space="preserve">{{Wikipédia|lang=de}}
[[Imagem:Noaa-walrus30.jpg|thumb|250px|&lt;center&gt;'''Walross'''&lt;/center&gt;]]
={{-de-}}=
==Substantivo==
{{paroxítona|Wal|ross|lang=de}}, {{gramática|n}}
# {{escopo|de|mamífero}} [[morsa]]
===Declinação===
{{decl.de.subst.forte.neu.date|ns=Walross|np=Walrosse|gs=Walrosses}}
==={{-varort-}}===
* {{escopo2|Anterior à Reforma Ortográfica de 1996}} [[Walroß]]
=={{etimologia|de}}==
: {{escopo|Morfologia}} {{etimo|de|Wal}} (''&quot;[[baleia]]&quot;'') + {{etimo|de|Ross}} (''&quot;[[cavalo]]&quot;'').
=={{pronúncia|de}}==
* [[AFI]]: {{AFI|/ˈvaːlrɔs/|de}}
[[Categoria:Substantivo (Alemão)]]
[[Categoria:Entrada com imagem (Alemão)]]</text>
<sha1>4ffncnvb0m4tkivw2q8zb5j8o1bc9tw</sha1>
</revision>
