<page>
<title>walten</title>
<ns>0</ns>
<id>13000</id>
<revision>
<id>1803478</id>
<parentid>1347486</parentid>
<timestamp>2014-01-07T17:03:34Z</timestamp>
<contributor>
<username>MalafayaBot</username>
<id>628</id>
</contributor>
<minor />
<comment>r2.7.5) (Robô: A adicionar: [[ku:walten]], [[mg:walten]], [[pl:walten]]</comment>
<model>wikitext</model>
<format>text/x-wiki</format>
<text bytes="413" xml:space="preserve">={{-de-}}=
==Verbo==
'''wal.ten'''
# [[dominar]], [[reinar]]
===Conjugação===
{{conj.de.fraca.dmnt|radical=walt|particípio ii=gewaltet|verbo auxiliar=haben}}
{{conj.de.fraca.dmnt.completa
|radical=walt
|particípio ii=gewaltet
|verbo auxiliar=haben}}
[[Categoria:Verbo (Alemão)]]
[[de:walten]]
[[fr:walten]]
[[it:walten]]
[[ko:walten]]
[[ku:walten]]
[[mg:walten]]
[[pl:walten]]
[[ru:walten]]
[[zh:walten]]</text>
<sha1>54jpmq2ufgtjy3opbvumwlf26sehw6d</sha1>
</revision>
</page>
