<page>
<title>wanakua</title>
<ns>0</ns>
<id>362331</id>
<revision>
<id>2184201</id>
<parentid>2155563</parentid>
<timestamp>2016-10-18T10:36:03Z</timestamp>
<contributor>
<username>ValJor</username>
<id>1358</id>
</contributor>
<comment>Troca de predefinição: {{v.r.}} --&gt; {{gramática|refl}}</comment>
<model>wikitext</model>
<format>text/x-wiki</format>
<text bytes="584" xml:space="preserve">={{-wau-}}=
==Verbo==
{{oxítona|wa|na|ku|a|lang=wau}}, {{gramática|refl}}
# [ele/ela] se [[abrir|abre]]
#* '''''Wanakua''' nisakula. Pa uno iya onakuwiu.'' &lt;small&gt;Minha sacola se abriu. A água entrou dentro.&lt;/small&gt;
===Conjugação===
{{conj.wau|nuwanakua|puwanakua|wanakua|auwanakua|yuwanakua|wanakuapa}}
===Verbetes derivados===
{{verTambém.Ini}}
* [[awanakata]] (ele/ela envia), {{gramática|vt}}
{{verTambém.NovaColuna}}
* [[wanaka]] (ele/ela abre), {{gramática|vt}}
{{verTambém.Fim}}
=={{pronúncia|wau}}==
* [[AFI]]: {{AFI|/waˌna.kuˈa/}}
[[Categoria:Verbo (Wauja)]]</text>
<sha1>3otk5da8fnfb30427lb5cs1cl4mhw56</sha1>
</revision>
</page>
