<page>
<title>wanaume</title>
<ns>0</ns>
<id>38964</id>
<revision>
<id>1583038</id>
<parentid>1534743</parentid>
<timestamp>2013-01-18T20:08:33Z</timestamp>
<contributor>
<username>MalafayaBot</username>
<id>628</id>
</contributor>
<minor />
<comment>Robô: A modificar Categoria:Vocábulo com pronúncia (Suaíli) para Categoria:Entrada com pronúncia (Suaíli)</comment>
<model>wikitext</model>
<format>text/x-wiki</format>
<text bytes="501" xml:space="preserve">={{-sw-}}=
==Forma de substantivo==
'''wa.na.{{grifar|u}}.me'''
:# [[homem|homens]], [[forma]] [[plural]] de '''''[[mwanaume]]'''''.
=={{pronúncia}}==
* [[AFI]]: {{AFI|/wa.na.'u.me/}}
* [[X-SAMPA]]: /wa.na.&quot;u.me/
==Ver também==
===No Wikcionário===
{{verTambém.Ini}}
*[[wanamke]]
{{verTambém.Fim}}
[[Categoria:Forma de substantivo (Suaíli)]]
[[Categoria:Polissílabo (Suaíli)]]
[[Categoria:Paroxítona (Suaíli)]]
[[Categoria:Entrada com pronúncia (Suaíli)]]
[[en:wanaume]]
[[sw:wanaume]]</text>
<sha1>taitt5x62mymzh7ytxjubutzehswn3f</sha1>
</revision>
</page>
