<page>
<title>wanamke</title>
<ns>0</ns>
<id>38966</id>
<revision>
<id>1583030</id>
<parentid>1534748</parentid>
<timestamp>2013-01-18T20:08:25Z</timestamp>
<contributor>
<username>MalafayaBot</username>
<id>628</id>
</contributor>
<minor />
<comment>Robô: A modificar Categoria:Vocábulo com pronúncia (Suaíli) para Categoria:Entrada com pronúncia (Suaíli)</comment>
<model>wikitext</model>
<format>text/x-wiki</format>
<text bytes="418" xml:space="preserve">={{-sw-}}=
==Forma de substantivo==
'''wa.{{grifar|na}}.mke'''
:# [[mulher]]es, [[forma]] [[plural]] de '''''[[mwanamke]]'''''.
=={{pronúncia}}==
* [[AFI]]: {{AFI|/wa.'na.mke/}}
* [[X-SAMPA]]: /wa.&quot;na.mke/
==Ver também==
===No Wikcionário===
{{verTambém.Ini}}
* [[wanaume]]
{{verTambém.Fim}}
[[Categoria:Substantivo (Suaíli)]]
[[Categoria:Trissílabo (Suaíli)]]
[[Categoria:Entrada com pronúncia (Suaíli)]]</text>
<sha1>nfo2jws1asr2zl49idnmjugcaxrevti</sha1>
</revision>
</page>
