<page>
<title>wanaka</title>
<ns>0</ns>
<id>360737</id>
<revision>
<id>2191777</id>
<parentid>2184292</parentid>
<timestamp>2016-10-30T23:09:15Z</timestamp>
<contributor>
<username>Emi-Ireland</username>
<id>45616</id>
</contributor>
<comment>/* Verbo */</comment>
<model>wikitext</model>
<format>text/x-wiki</format>
<text bytes="1746" xml:space="preserve">={{-wau-}}=
==Substantivo==
{{paroxítona|wa|na|ka|lang=wau}}
# mensageiro cerimonial da comunidade
#* ''Jahawe '''wanakiu'''. Meeneke amunaun oukawe '''wanaka'''.'' &lt;small&gt;Lá vem o mensageiro. Logo o cacique vai saudá-lo.&lt;/small&gt;
# pessoa que trabalha para outra pessoa ou entidade
#* ''Puruwesu katumalapai aupeki '''owanakalepei'''.'' &lt;small&gt;O professor trabalha a serviço da comunidade.&lt;/small&gt;
#* ''Aitsa minya hona numawano. Kamani, '''wanakata''' natu.'' &lt;small&gt;Eu não posso responder, porque sou apenas o empregado.&lt;/small&gt;
===Possessão===
{{posse em wauja|nuwanakala|awanakala|piyanakala|yiyanakala|owanakala|owanakalapa}}
===Plural===
* [[wanakanãu]]
===Sinônimos===
* De '''1''' (mensageiro cerimonial): [[waka]]
===Verbetes derivados===
{{verTambém.Ini}}
* [[wanaki]] (mutirão)
{{verTambém.Fim}}
==Verbo==
{{paroxítona|wa|na|ka|lang=wau}}, {{gramática|vt}}
# [ele/ela] [[abrir|abre]]
#* ''Inyaun '''wanaka''' apona, putukapai.'' &lt;small&gt;Alguém abriu a porta e entrou em nossa casa.&lt;/small&gt;
#* ''Yamukutai homakapai, etemepei kitsaki, pa '''wanaka''' paujutaiyiu.'' &lt;small&gt;A criança estava dormindo. Ouviu ruído, e logo abriu os olhos.&lt;/small&gt;
#* ''Papa iya '''wanaka''' paputãkã.'' &lt;small&gt;Papa foi abrir a sua nova aldeia.&lt;/small&gt;
===Conjugação===
{{conj.wau|nuwanaka|puwanaka|wanaka|auwanaka|yuwanaka|wanakapa}}
===Verbetes derivados===
{{verTambém.Ini}}
* [[awanakata]] (ele/ela envia), {{gramática|vt}}
* [[wanakua]] (ele/ela se abre), {{gramática|refl}}
{{verTambém.Fim}}
=={{pronúncia|wau}}==
* [[AFI]]: {{AFI|/waˈna.ka/}}
==Ver também==
===No Wikcionário===
{{verTambém.Ini}}
* [[waka]] (mensageiro cerimonial)
{{verTambém.Fim}}
[[Categoria:Substantivo (Wauja)]]
[[Categoria:Verbo (Wauja)]]</text>
<sha1>c58scc6abunowshinfjrf7efvf7ggm8</sha1>
</revision>
</page>
