<page>
<title>wanadyu</title>
<ns>0</ns>
<id>406874</id>
<revision>
<id>2536446</id>
<timestamp>2019-02-16T20:27:54Z</timestamp>
<contributor>
<username>Amigo7</username>
<id>58547</id>
</contributor>
<comment>Criação do verbete a partir da [[Especial:Páginas_pedidas|lista de palavras pedidas]]</comment>
<model>wikitext</model>
<format>text/x-wiki</format>
<text bytes="249" xml:space="preserve">{{Wikipédia|lang=qu}}
={{-qu-}}=
==Substantivo==
{{elementos|V|titanyu|Ti|krumu|Cr}}
'''wanadyu'''
# {{escopo|qu|Elemento químico}} [[vanádio]]
==Ver também==
===No Wikcionário===
{{tabela periódica/qu}}
[[Categoria:Substantivo (Quéchua)]]</text>
<sha1>86vrsdda84twzak7kxp3lqtb5t92zbq</sha1>
</revision>
</page>
