<page>
<title>wanad</title>
<ns>0</ns>
<id>99348</id>
<revision>
<id>2530891</id>
<parentid>2530890</parentid>
<timestamp>2019-01-01T20:33:16Z</timestamp>
<contributor>
<username>Amigo7</username>
<id>58547</id>
</contributor>
<model>wikitext</model>
<format>text/x-wiki</format>
<text bytes="421" xml:space="preserve">{{Wikipédia|lang=pl}}
={{-pl-}}=
==Substantivo==
{{elementos|V|tytan|Ti|chrom|Cr}}
{{paroxítona|wa|nad|lang=pl}}, {{gramática|m}} {{gramática|ina}}, {{s/p}}
# {{escopo|pl|Elemento químico}} [[vanádio]]
===Declinação===
{{decl.pl.subst.sing|n=wanad|g=wanadu|d=wanadowi|a=wanad|i=wanadem|l=wanadzie|v=wanadzie}}
==Ver também==
===No Wikcionário===
{{tabela periódica/pl}}
[[Categoria:Substantivo (Polonês)]]</text>
<sha1>15nvkhcnwyupqirzt550e2eq3rflhj5</sha1>
</revision>
</page>
