<page>
<page>
<title>wander</title>
<ns>0</ns>
<id>410643</id>
<revision>
<id>2574167</id>
<parentid>2546112</parentid>
<timestamp>2020-02-01T11:58:03Z</timestamp>
<contributor>
<username>Amigo7</username>
<id>58547</id>
</contributor>
<comment>Melhorando o verbete</comment>
<model>wikitext</model>
<format>text/x-wiki</format>
<text bytes="627" xml:space="preserve">={{-en-}}=
==Substantivo==
{{flex.en|s=wander|p=wanders|s-div={{grifar|wan}}.der|p-div={{grifar|wan}}.ders}}
{{paroxítona|wan|der|lang=en}}
# [[perambulação]], [[vagueação]]
==Verbo==
{{paroxítona|wan|der|lang=en}}
# [[perambular]], [[vagabundear]], [[vagar]]
===Conjugação===
{{conj.en.reg|wander}}
===Verbetes derivados===
{{verTambém.Ini}}
* [[wanderer]]
{{verTambém.NovaColuna}}
* [[wanderlust]]
{{verTambém.Fim}}
=={{etimologia|en}}==
{{llietimo|ang|wandrian|en|ponto=não}} pelo {{etm|enm|en}} {{etimo|enm|wandren}}, {{etimo|enm|wandrien}}
[[Categoria:Substantivo (Inglês)]]
[[Categoria:Verbo (Inglês)]]</text>
<sha1>ohmr5q11g9eynr2qpctljorle3wjnhv</sha1>
</revision>
