<page>
<page>
<title>wanderlust</title>
<ns>0</ns>
<id>320286</id>
<revision>
<id>1997821</id>
<parentid>1803508</parentid>
<timestamp>2015-09-06T06:32:59Z</timestamp>
<contributor>
<username>HydrizBot</username>
<id>29590</id>
</contributor>
<minor />
<comment>Robô: A adicionar: [[hy:wanderlust]], [[tr:wanderlust]]</comment>
<model>wikitext</model>
<format>text/x-wiki</format>
<text bytes="441" xml:space="preserve">{{Wikipédia|lang=en}}
={{-en-}}=
==Substantivo==
{{flex.en|s=wanderlust|p=wanderlusts}}
'''wanderlust'''
# [[desejo]] de [[viajar]]
[[Categoria:Substantivo (Inglês)]]
[[en:wanderlust]]
[[et:wanderlust]]
[[fi:wanderlust]]
[[hy:wanderlust]]
[[io:wanderlust]]
[[kn:wanderlust]]
[[ku:wanderlust]]
[[ml:wanderlust]]
[[my:wanderlust]]
[[pl:wanderlust]]
[[ru:wanderlust]]
[[ta:wanderlust]]
[[tr:wanderlust]]
[[vi:wanderlust]]
[[zh:wanderlust]]</text>
<sha1>hab0jhzptkzjyx5tqoq5bmryydrkej0</sha1>
</revision>
