<page>
<title>Wanderlândia</title>
<ns>0</ns>
<id>146229</id>
<revision>
<id>2652294</id>
<parentid>2282343</parentid>
<timestamp>2021-11-15T08:46:39Z</timestamp>
<contributor>
<username>ValJor</username>
<id>1358</id>
</contributor>
<comment>Desfazendo ligação para redirecionamento para poder eliminá-lo em seguida</comment>
<model>wikitext</model>
<format>text/x-wiki</format>
<text bytes="390" xml:space="preserve">{{Wikipédia|lang=pt}}
={{-pt-}}=
==Substantivo==
{{proparoxítona aparente|Wan|der|lân|di|a}}, {{gramática|pr}}
# [[município]] [[brasileiro]] do [[estado]] do [[Tocantins]]
==Ver também==
===No Wikcionário===
* [[Apêndice:Gentílicos e topónimos em português/Brasil/Tocantins]]
[[Categoria:Substantivo (Português)]]
[[Categoria:Município do estado do Tocantins (Português)]]</text>
<sha1>n8po621uznh3oil5u9djcyi4u9kjsab</sha1>
</revision>
</page>
