<page>
<title>Wanderschaft</title>
<ns>0</ns>
<id>12731</id>
<revision>
<id>2282344</id>
<parentid>2096377</parentid>
<timestamp>2017-04-27T03:55:47Z</timestamp>
<contributor>
<username>HydrizBot</username>
<id>29590</id>
</contributor>
<minor />
<comment>Robô: A limpar links interwikis antigos</comment>
<model>wikitext</model>
<format>text/x-wiki</format>
<text bytes="187" xml:space="preserve">={{-de-}}=
===Substantivo===
{{decl.de.subst.fraca.fem|ns=Wanderschat|np=Wanderschaften}}
'''Wan.der.schaft''', ''f.''
# [[andança]], [[errância]].
[[Categoria:Substantivo_(Alemão)]]</text>
<sha1>q5wjliltzt3ubsqh6obzbfa7p5h48qr</sha1>
</revision>
</page>
