<page>
<title>wanga</title>
<ns>0</ns>
<id>87726</id>
<revision>
<id>2210812</id>
<parentid>1803504</parentid>
<timestamp>2016-12-11T11:56:16Z</timestamp>
<contributor>
<username>ValJor</username>
<id>1358</id>
</contributor>
<comment>Desfazendo ligação para predefinição que não existe e que provavelmente nunca vai ser criada</comment>
<model>wikitext</model>
<format>text/x-wiki</format>
<text bytes="746" xml:space="preserve">={{-goh-}}=
[[Imagem:Chica cachetona.jpg|thumb|100px|'''Wanga''']]
==Substantivo==
'''wanga''', {{f}}
# {{escopo|goh|Anatomia}} [[bochecha]]
[[Categoria:Substantivo (Alto Alemão Antigo)]]
[[Categoria:Dissílabo (Alto Alemão Antigo)]]
[[Categoria:Anatomia (Alto Alemão Antigo)]]
[[Categoria:Entrada com imagem (Alto Alemão Antigo)]]
={{-ss-}}=
==Substantivo==
'''wanga'''
# [[ano]]
==Ver também==
===No Wikcionário===
{{verTambém.Ini}}
* [[Apêndice:Estações do ano]]
* [[Apêndice:Meses do ano|Apêndice:Meses do ano]]
* [[Apêndice:Unidades de tempo]]
{{verTambém.Fim}}
{{meses/ss}}
[[Categoria:Substantivo (Suazi)]]
[[Categoria:Dissílabo (Suazi)]]
[[Categoria:Tempo (Suazi)]]
[[en:wanga]]
[[fr:wanga]]
[[mg:wanga]]
[[sw:wanga]]</text>
<sha1>o9eruumahjnr76n4jjfe43ufqtimmnc</sha1>
</revision>
</page>
