<page>
<title>Wange</title>
<ns>0</ns>
<id>231064</id>
<revision>
<id>2450094</id>
<parentid>2450081</parentid>
<timestamp>2017-09-15T06:44:43Z</timestamp>
<contributor>
<username>Spanier</username>
<id>43713</id>
</contributor>
<minor />
<model>wikitext</model>
<format>text/x-wiki</format>
<text bytes="364" xml:space="preserve">{{Wikipédia|lang=de}}
={{-de-}}=
==Substantivo==
{{paroxítona|Wan|ge|lang=de}}, {{gramática|f}}
# {{escopo|de|anatomia}} [[bochecha]]
===Declinação===
{{decl.de.subst.fraca.fem|Wange|Wangen}}
=={{etimologia|de}}==
: Do [[alto alemão antigo]] {{etimo|goh|wanga}}.
=={{pronúncia|de}}==
* [[AFI]]: {{AFI|/ˈvaŋə/|de}}
[[Categoria:Substantivo (Alemão)]]</text>
<sha1>syycnm7vl9xk50lkbs6148360tj97fr</sha1>
</revision>
</page>
