<page>
<title>wang</title>
<ns>0</ns>
<id>231074</id>
<revision>
<id>2535361</id>
<parentid>2229884</parentid>
<timestamp>2019-02-08T13:47:27Z</timestamp>
<contributor>
<username>ValJor</username>
<id>1358</id>
</contributor>
<comment>Confirmando [[:Categoria:!Entrada criada por robô|verbete criado por robô]]</comment>
<model>wikitext</model>
<format>text/x-wiki</format>
<text bytes="317" xml:space="preserve">{{Wikipédia|lang=nl|Wang_(anatomie)|wang}}
{{Wikipédia|lang=ms}}
={{-nl-}}=
==Substantivo==
'''wang'''
# [[bochecha]]
[[Categoria:Substantivo (Holandês)]]
[[Categoria:Anatomia (Holandês)]]
={{-ms-}}=
==Substantivo==
'''wang'''
# [[dinheiro]]
[[Categoria:Substantivo (Malaio)]]
[[Categoria:Economia (Malaio)]]</text>
<sha1>i0r1ymx3yxa7z56xm1yq6yrc2nx7udd</sha1>
</revision>
</page>
