<page>
<page>
<title>wanker</title>
<ns>0</ns>
<id>418934</id>
<revision>
<id>2578645</id>
<parentid>2572266</parentid>
<timestamp>2020-02-24T10:06:43Z</timestamp>
<contributor>
<username>ValJor</username>
<id>1358</id>
</contributor>
<comment>Refazendo por completo o verbete, pois estava tão mal feito que não dava para se aproveitar grande coisa</comment>
<model>wikitext</model>
<format>text/x-wiki</format>
<text bytes="779" xml:space="preserve">={{-en-}}=
==Substantivo==
{{flex.en|s=wanker|p=wankers}}
'''wanker'''
# {{escopo|en|Gíria|vulgar}} uma pessoa que se [[masturbar|masturba]]
# {{escopo|en|Gíria|vulgar}} um idiota, uma pessoa [[estúpido|estúpida]]
# {{escopo|en|Gíria|vulgar}} uma pessoa [[irritante]]
# {{escopo|en|Gíria|vulgar}} uma pessoa [[ineficaz]]
# {{escopo|en|Gíria|vulgar}} alguém que mostra demais, um posudo
# {{escopo|en|Gíria|vulgar}} uma forma de tratamento muito informal usado entre amigos
===Sinônimo===
* De '''1''' (pessoa que se masturba): [[masturbator]]
=={{etimologia|en}}==
: {{escopo|Morfologia}} [[wank]] + [[-er]].
=={{pronúncia|en}}==
* [[AFI]]: /ˈwæŋkə(ɹ)/
==Anagrama==
&lt;!-- índice para anagramas: en: aeknrw --&gt;
# [[Newark]]
[[Categoria:Substantivo (Inglês)]]</text>
<sha1>1uz4pw8aw8u9fidw8mqkfuwdz97g8s4</sha1>
</revision>
