<page>
<page>
<title>wann</title>
<ns>0</ns>
<id>13106</id>
<revision>
<id>2196097</id>
<parentid>2068140</parentid>
<timestamp>2016-11-09T23:53:39Z</timestamp>
<contributor>
<username>UT-interwiki-Bot</username>
<id>56129</id>
</contributor>
<minor />
<comment>Robô: A adicionar: [[el:wann]]</comment>
<model>wikitext</model>
<format>text/x-wiki</format>
<text bytes="1037" xml:space="preserve">={{-de-}}=
==Advérbio==
'''wann'''
# [[quando]].
===Expressões===
*[[dann#Alemão|dann]] und '''wann''' - [[de vez em quando]]
*[[seit]] '''wann'''? - [[desde quando]]?
===Verbetes derivados===
*[[irgendwann]]
*[[nirgendwann]]
==Conjunção==
'''wann'''
# ''(conjunção subordinativa)'' [[quando]].
===Verbetes derivados===
*'''wann''' [[immer]] - alguma vez
=={{etimologia|de}}==
:Do antigo Antigo Alto Alemão ''[[wanne]]'', do Proto-Germânico ''*hwannē''. Cognato com inglês ''[[when]]''.
=={{pronúncia|de}}==
*[[AFI]]: {{AFI|/van/|de}}
[[Categoria: Monossílabo (Alemão)]]
[[Categoria:Advérbio_(Alemão)]]
[[Categoria:Conjunção_(Alemão)]]
[[az:wann]]
[[br:wann]]
[[chr:wann]]
[[da:wann]]
[[de:wann]]
[[el:wann]]
[[en:wann]]
[[es:wann]]
[[eu:wann]]
[[fi:wann]]
[[fj:wann]]
[[fr:wann]]
[[hr:wann]]
[[hu:wann]]
[[ie:wann]]
[[io:wann]]
[[it:wann]]
[[ja:wann]]
[[ko:wann]]
[[ku:wann]]
[[lb:wann]]
[[mg:wann]]
[[nds:wann]]
[[nl:wann]]
[[no:wann]]
[[pl:wann]]
[[ru:wann]]
[[sv:wann]]
[[tr:wann]]
[[wo:wann]]
[[zh:wann]]</text>
<sha1>0kb5j9qa6g7h942ev5y4ws3sln27uic</sha1>
</revision>
