<page>
<page>
<title>wanni</title>
<ns>0</ns>
<id>32277</id>
<revision>
<id>1381950</id>
<parentid>657715</parentid>
<timestamp>2012-02-27T11:54:51Z</timestamp>
<contributor>
<username>ValJor</username>
<id>1358</id>
</contributor>
<comment>Trocando o cabeçalho de língua: bug --&gt; -bug-</comment>
<model>wikitext</model>
<format>text/x-wiki</format>
<text bytes="89" xml:space="preserve">={{-bug-}}=
==Substantivo==
'''wanni'''
# [[noite]]
[[Categoria:Substantivo (Buginês)]]</text>
<sha1>2b00fmf0x62puomez42zb92hhosjn3h</sha1>
</revision>
