<page>
<title>Wantermount</title>
<ns>0</ns>
<id>238512</id>
<revision>
<id>2282346</id>
<parentid>1736856</parentid>
<timestamp>2017-04-27T03:55:54Z</timestamp>
<contributor>
<username>HydrizBot</username>
<id>29590</id>
</contributor>
<minor />
<comment>Robô: A limpar links interwikis antigos</comment>
<model>wikitext</model>
<format>text/x-wiki</format>
<text bytes="189" xml:space="preserve">={{-lb-}}=
==Substantivo==
'''Wantermount'''
# [[novembro]]
==Ver também==
===No Wikcionário===
{{meses/lb}}
[[Categoria:Substantivo (Luxemburguês)]]
[[Categoria:Mês (Luxemburguês)]]</text>
<sha1>ofnvsl0dawokxs4huaijsd5u6no3soi</sha1>
</revision>
</page>
