<page>
<page>
<title>want</title>
<ns>0</ns>
<id>4657</id>
<revision>
<id>2555267</id>
<parentid>2140405</parentid>
<timestamp>2019-09-30T09:26:03Z</timestamp>
<contributor>
<username>ValJor</username>
<id>1358</id>
</contributor>
<comment>Acrescentando código de língua à [[:Categoria:!Página com mensagem de erro em predefinição|predefinição escopo]]</comment>
<model>wikitext</model>
<format>text/x-wiki</format>
<text bytes="1450" xml:space="preserve">={{-en-}}=
==Substantivo==
'''want'''
# [[falta]]
# [[necessidade]]
# [[desejo]]
==Verbo==
'''want''', {{gramática|vt}} 
# [[querer]]; [[desejar]]
#* ''What do you '''want''' to eat?'' &lt;small&gt;O que você '''quer''' comer?&lt;/small&gt;
# [[passar]] [[falta]]; [[precisar]] de
# {{escopo|en|Coloquialismo}} [[requerer]]; [[necessitar]]
#* ''That chair '''wants''' fixing. (= That chair requires to be fixed.)''  &lt;small&gt;Aquela cadeira '''requer''' conserto.'' (= Aquela cadeira '''necessita''' ser consertada.)&lt;/small&gt;
===Sinônimos===
De '''1''' (querer):
{{verTambém.Ini}}
* [[desire]]
{{verTambém.NovaColuna}}
* [[wish]] for
{{verTambém.NovaColuna}}
* [[would]] [[like]] 
{{verTambém.Fim}}
De '''3''' (necessitar):
{{verTambém.Ini}}
* [[be]] [[in need of]]
{{verTambém.NovaColuna}}
* [[need]]
{{verTambém.NovaColuna}}
* [[require]]
{{verTambém.Fim}}
===Verbetes derivados===
{{verTambém.Ini}}
* [[unwanted]]
* [[want ads]]
* [[want for]]
{{verTambém.NovaColuna}}
* [[wanted]]
* [[wanting]]
{{verTambém.Fim}}
=={{etimologia|en}}==
: Do {{etm|enm|en}}, do {{etm|non|en}} {{etimo|non|vanta}}.
=={{pronúncia|en}}==
===Estados Unidos===
* [[AFI]]: {{AFI|/wɑnt/}}, [[X-SAMPA]]: /wAnt/ 
* {{ouvir|En-us-want.ogg}}
===Reino Unido===
* [[AFI]]: {{AFI|/wɒnt/}}, [[X-SAMPA]]: /wQnt/ 
==Ver também==
===No Wikcionário===
* [[wanna]]
[[Categoria:Verbo (Inglês)]]
[[Categoria:Monossílabo (Inglês)]]
[[Categoria:Entrada com áudio (Inglês)]]</text>
<sha1>qrxd2d5l60trr363pza8wtc7xrgilph</sha1>
</revision>
