<page>
<title>Wanwatu</title>
<ns>0</ns>
<id>153478</id>
<revision>
<id>2542460</id>
<parentid>1644771</parentid>
<timestamp>2019-04-22T15:39:49Z</timestamp>
<contributor>
<username>ValJor</username>
<id>1358</id>
</contributor>
<comment>Acrescentando código de língua à [[:Categoria:!Página com mensagem de erro em predefinição|predefinição escopo]]</comment>
<model>wikitext</model>
<format>text/x-wiki</format>
<text bytes="476" xml:space="preserve">{{Wikipédia|lang=qu}}
[[Imagem:Flag of Vanuatu.svg|thumb|250px|&lt;center&gt;Bandeira de '''Vanuatu'''.&lt;/center&gt;]]
[[Imagem:LocationVanuatu.png|thumb|250px|&lt;center&gt;Localização de '''Vanuatu'''.&lt;/center&gt;]]
={{-qu-}}=
==Substantivo==
'''Wanwatu''', {{gramática|pr}}
# {{escopo|qu|País}} [[Vanuatu]]
==={{-varort-}}===
* [[Wanwatu Republika]]
==Ver também==
===No Wikcionário===
{{Oceania/qu}}
[[Categoria:Substantivo (Quéchua)]]
[[Categoria:Entrada com imagem (Quéchua)]]</text>
<sha1>j8u2o79kyxout2h15qdakbqmexziqok</sha1>
</revision>
</page>
