<page>
<title>war</title>
<ns>0</ns>
<id>32892</id>
<revision>
<id>2690898</id>
<parentid>2220791</parentid>
<timestamp>2022-10-27T22:11:19Z</timestamp>
<contributor>
<username>InternetArchiveBot</username>
<id>81604</id>
</contributor>
<comment>Rescuing 1 sources and tagging 0 as dead.) #IABot (v2.0.9.2</comment>
<model>wikitext</model>
<format>text/x-wiki</format>
<text bytes="14883" xml:space="preserve">={{-univ-}}=
==Abreviatura==
'''war'''
# {{escopo|univ|Linguística}} [[código]] de [[língua]] [[w:ISO 639|ISO 639-3]] para o [[idioma]] '''[[waray-waray]]'''
==Ver também==
===Ligações externas===
{{verTambém.Ini}}
* [http://www.ethnologue.com/show_language.asp?code=war informações sobre o idioma waray-waray no Ethnologue (em inglês)]
{{verTambém.Fim}}
[[Categoria:Abreviatura (Universal)]]
[[Categoria:Linguística (Universal)]]
={{-de-}}=
==Forma verbal==
'''war''' ''[[verbo auxiliar|auxiliar]]''/''[[verbo de ligação|ligação]]''
# primeira pessoa do singular do presente do indicativo do verbo [[sein]]
# terceira pessoa do singular do presente do indicativo do verbo [[sein]]
{{avi-for-fle|sein}}
=={{pronúncia|de}}==
* [[AFI]]: {{AFI|/ˈvaːɐ̯/}}
* [[X-SAMPA]]: /&quot;va:6_^/
: '''Áudio''': {{ouvir|De-war.ogg|&quot;war&quot;}}
==Ver também==
===Referências===
{{verTambém.Ini}}
* [http://www.verbformen.de/konjugation/sein.htm conjugação do verbo ''sein'' no Verbformen.de (em alemão)]
{{verTambém.Fim}}
[[Categoria:Forma verbal (Alemão)]]
[[Categoria:Monossílabo (Alemão)]]
={{-goh-}}=
==Adjetivo==
'''wār'''
# [[verdadeiro]], [[real]]
[[Categoria:Adjetivo (Alto Alemão Antigo)]]
[[Categoria:Monossílabo (Alto Alemão Antigo)]]
={{-br-}}=
==Preposição==
'''war'''
# [[sobre]]
# [[durante]]:
#* '''''war''' ar sizhun'' &lt;small&gt;(durante a semana)&lt;/small&gt;
==={{-varort-}}===
Variedades dialetais:
* Bretão de [[w:Morbihan|Morbihan]] : {{link opcional|àr|br}}
===Verbetes derivados===
{{fraseini|Verbetes derivados de ''war''}}
* {{link opcional|diwar|br}}
* {{link opcional|war-barzh|br}}
* {{link opcional|war-benn|br}}
* {{link opcional|war-benn-hent|br}}
* {{link opcional|war-bign|br}}
* {{link opcional|war-blaen|br}}
* {{link opcional|war-bouez|br}}
* {{link opcional|war-c’hed|br}}
* {{link opcional|war-c’horre|br}}
* {{link opcional|war-dost|br}}
* {{link opcional|war-dreñv|br}}
{{verTambém.NovaColuna|20}}
* {{link opcional|war-dreuz|br}}
* {{link opcional|war-dro|br}}
* {{link opcional|war-du|br}}
* {{link opcional|war-eeun|br}}
* {{link opcional|war-eeun-tenn|br}}
* {{link opcional|war-gil|br}}
* {{link opcional|war-giz|br}}
* {{link opcional|war-grec’h|br}}
* {{link opcional|war-greiz|br}}
* {{link opcional|war-hed-gwel|br}}
* {{link opcional|war-hed-taol|br}}
{{verTambém.NovaColuna|20}}
* {{link opcional|war-hed-tenn|br}}
* {{link opcional|war-laez|br}}
* {{link opcional|war-lein|br}}
* {{link opcional|war-lerc’h|br}}
* {{link opcional|war-naou|br}}
* {{link opcional|war-nes|br}}
* {{link opcional|war-nes-taol|br}}
* {{link opcional|war-raok|br}}
* {{link opcional|war-renk|br}}
* {{link opcional|war-sav|br}}
* {{link opcional|war-sin|br}}
{{verTambém.NovaColuna|20}}
* {{link opcional|war-souz|br}}
* {{link opcional|war-vete|br}}
* {{link opcional|war-zinaou|br}}
* {{link opcional|war-ziribin|br}}
* {{link opcional|war-ziskenn|br}}
* {{link opcional|war-zu|br}}
* {{link opcional|warc’hoazh|br}}
* {{link opcional|warlene|br}}
* {{link opcional|warn-ugent|br}}
* {{link opcional|warnañ|br}}
{{verTambém.NovaColuna|20}}
* {{link opcional|warnezhañ|br}}
* {{link opcional|warnezhi|br}}
* {{link opcional|warnezho|br}}
* {{link opcional|warni|br}}
* {{link opcional|warno|br}}
* {{link opcional|warnoc'h|br}}
* {{link opcional|warnomp|br}}
* {{link opcional|warnon|br}}
* {{link opcional|warnor|br}}
* {{link opcional|warnout|br}}
{{frasefim}}
=={{etimologia|br}}==
: Do [[bretão antigo]] ''guar''. [[mencionado|Mencionado]] no ''Catholicon''.
=={{pronúncia|br}}==
* [[AFI]]: {{AFI|/ˈwar/}}, {{AFI|/ˈvar/}}
* [[X-SAMPA]]: /&quot;war/, /&quot;var/
==Ver também==
===Referências===
{{verTambém.Ini}}
* [http://www.preder.net/klask.php?ger=brezhoneg&amp;key=war ''war'' no PREDER (em bretão, francês e inglês)]
{{verTambém.Fim}}
[[Categoria:Preposição (Bretão)]]
[[Categoria:Monossílabo (Bretão)]]
={{-kw-}}=
==Preposição==
'''war'''
# [[sobre]]
=={{etimologia|kw}}==
: Mencionado no ''Catholicon''.
=={{pronúncia|kw}}==
* [[AFI]]: {{AFI|/ˈwaʁ/}}
* [[X-SAMPA]]: /&quot;waR/
[[Categoria:Preposição (Córnico)]]
[[Categoria:Monossílabo (Córnico)]]
={{-ku-}}=
==Substantivo==
'''war''' {{gramática|m}}
# [[lugar]], [[local#Substantivo|local]]
# [[país]], [[pátria]], [[terra]]:
#* ''Kurdistan '''warê''' me ye.'' &lt;small&gt;(O Curdistão é a nossa pátria.)&lt;/small&gt;
# [[progênie]], [[descendência]]
==={{-varort-}}===
* '''[[alfabeto árabe|Alfabeto árabe]]''': {{link opcional|وار|ku}}
===Sinônimos===
* De '''1''': {{link opcional|cih|ku}}/{{link opcional|جه|ku}}
* De '''2''': {{link opcional|welat|ku}}/{{link opcional|وەلات|ku}}
* De '''3''': {{link opcional|dûnde|ku}}/{{link opcional|دووندە|ku}}
===Verbetes derivados===
{{verTambém.Ini}}
* {{link opcional|aware|ku}}/{{link opcional|اوارە|ku}}
* {{link opcional|awaretî|ku}}/{{link opcional|اوارەتی|ku}}
* {{link opcional|awareyî|ku}}/{{link opcional|اوارەیی|ku}}
{{verTambém.NovaColuna|25}}
* {{link opcional|bêwar|ku}}/{{link opcional|بێوار|ku}}
* {{link opcional|bêwarî|ku}}/{{link opcional|بێواری|ku}}
* {{link opcional|biwar|ku}}/{{link opcional|بوار|ku}}
{{verTambém.NovaColuna|25}}
* {{link opcional|biwarî|ku}}/{{link opcional|بواری|ku}}
* {{link opcional|cîwar|ku}}/{{link opcional|جیوار|ku}}
* {{link opcional|cîwarî|ku}}/{{link opcional|جیواری|ku}}
{{verTambém.NovaColuna|25}}
* {{link opcional|jîwar|ku}}/{{link opcional|ژیوار|ku}}
* {{link opcional|jîwarî|ku}}/{{link opcional|ژیواری|ku}}
{{verTambém.Fim}}
[[Categoria:Substantivo (Curdo)]]
[[Categoria:Monossílabo (Curdo)]]
={{-nl-}}=
==Substantivo==
'''war'''
# [[dispositivo]] para [[apanhar]] [[peixe]]s
# [[confusão]], [[embaraço#Substantivo|embaraço]]
===Expressões===
* '''[[in de war brengen]]''': confundir
===Verbetes derivados===
{{verTambém.Ini}}
* {{link opcional|verwarren|nl}}
* {{link opcional|ontwarren|nl}}
{{verTambém.NovaColuna|33}}
* {{link opcional|warrig|nl}}
* {{link opcional|warhoofd|nl}}
{{verTambém.NovaColuna|33}}
* {{link opcional|warboel|nl}}
{{verTambém.Fim}}
==Ver também==
===Referências===
{{verTambém.Ini}}
* [http://www.heelom.com/Echo/zoekrobot/woordenboek/search/?waar=Feld2&amp;k=war ''war'' no Heelom (em holandês)]
* [https://web.archive.org/web/20090907162700/http://www.muiswerk.nl/WRDNBOEK/LTR_W/W4106.HTM ''war'' no Muiswerk Woordenboek (em holandês)]
{{verTambém.Fim}}
[[Categoria:Substantivo (Holandês)]]
[[Categoria:Monossílabo (Holandês)]]
[[Categoria:Pescaria (Holandês)]]
={{-en-}}=
==Substantivo==
{{flex.en|s=war|p=wars|s-div=war|p-div=wars}}
[[Imagem:Bundesarchiv Bild 101I-587-2253-15, Normandie, Fallschirmjäger mit MG 42.jpg|thumb|200px|'''War'''&lt;sup&gt;1&lt;/sup&gt;]]
'''war'''
# {{escopo|en|Militar}} [[guerra]], [[conflito]]:
#* ''A '''war''' broke out between both tribes.'' &lt;small&gt;(Estourou uma guerra entre ambas as tribos.)&lt;/small&gt;
# guerra, [[intenso|intensa]] [[campanha]] contra [[algo]]:
#* '''''war''' on drugs'' &lt;small&gt;(guerra contra as drogas)&lt;/small&gt;
# {{escopo2|jogo, cartas}} guerra
===Antônimos===
* [[peace]]
===Expressões===
* '''[[all's fair in love and war.]]''': &quot;no amor e na guerra vale tudo.&quot;
* '''[[bidding war]]''': {{escopo2|comércio}} guerra de lances
* '''[[civil war]]''': {{escopo2|militar}} guerra civil
* '''[[Cold War]]''': {{escopo2|história|política}} guerra fria
* '''[[dance war]]''': dança de guerra
* '''[[holy war]]''': {{escopo2|religião}} guerra santa
* '''[[nuclear war]]''': {{escopo2|militar}} guerra nuclear
* '''[[phony war|phony]]'''/'''[[phoney war]]''': {{escopo2|militar}} período de aparente calmaria durante uma guerra
* '''[[price war]]''': {{escopo2|comércio}} guerra de preços
* '''[[prisoner of war]]''': prisioneiro de guerra
* '''[[sinews of war]]''': {{escopo2|literário|militar}} dinheiro necessário para adquirir armas e provisões em uma guerra
* '''[[the war of the sexes]]'''/'''[[the war between the sexes]]''': guerra dos sexos
* '''[[turf war]]''': discussão acerca do controle de uma área ou atividade
* '''[[war bride]]''':
*# mulher que se casa com um homem convocado para uma guerra;
*# indivíduo ou empresa cujos negócios prosperam em tempos de guerra.
* '''[[war chest]]''': fundo para financiar uma guerra
* '''[[war child]]''': filho da guerra
* '''[[war crime]]''': {{escopo2|militar}} crime de guerra
* '''[[war cry]]''': {{escopo2|militar}} grito de guerra
* '''[[war game]]''': {{escopo2|militar}} jogo de guerra
* '''[[war of nerves]]''': {{escopo2|militar}} guerra de nervos
* '''[[war paint]]''': {{escopo2|militar}} pintura de guerra
* '''[[war party]]''': {{escopo2|militar}} grupo de pessoas reunido para realizar um ataque militar
* '''[[war room]]''':
*# centro de comando para coordenar atividades militares;
*# ponto a partir do qual alguma atividade é dirigida.
* '''[[war torn]]''': devastado pela guerra
* '''[[World War I]]'''/'''[[World War One]]''': {{escopo2|história}} Primeira Guerra Mundial
* '''[[World War II]]'''/'''[[World War Two]]''': {{escopo2|história}} Segunda Guerra Mundial
==={{-varort-}}===
* {{escopo2|obsoleto}} {{link opcional|warre|en}}
===Verbetes derivados===
{{verTambém.Ini}}
* {{link opcional|pre-war|en}}
* {{link opcional|post-war|en}}
* {{link opcional|tug-of-war|en}}
* {{link opcional|war-torn|en}}
{{verTambém.NovaColuna|25}}
* {{link opcional|warbonnet|en}}
* {{link opcional|warfare|en}}
* {{link opcional|warhead|en}}
* {{link opcional|warless|en}}
{{verTambém.NovaColuna|25}}
* [[warlord]]
* {{link opcional|warmonger|en}}
* {{link opcional|warpaint|en}}
* {{link opcional|warpath|en}}
{{verTambém.NovaColuna|25}}
* {{link opcional|warring|en}}
* {{link opcional|warrior|en}}
* {{link opcional|wartime|en}}
{{verTambém.Fim}}
==Verbo==
'''war''', {{gramática|intran}}
# [[lutar]], [[enfrentar]] ([[inimigo]]):
#* ''His emotions '''war''' with his intellect, making him conflicted.'' &lt;small&gt;(Suas emoções enfrentavam seu intelecto, deixando-o atormentado.)&lt;/small&gt;
===Conjugação===
{{conj.en.regular|warr|3s={{link opcional|wars|en}}}}
=={{etimologia|en}}==
{{llietimo|ang|werre|en|ponto=não}} ou {{etimo|ang|wyrre}}, pelo [[inglês médio]] {{etimo|enm|werre}}.
:* '''Datação''': [[w:Século XII|século XII]]
=={{pronúncia|en}}==
===Estados Unidos===
* [[AFI]]: {{AFI|/ˈwoʊɹ/}}, {{AFI|/ˈwɔːɹ/}}
* [[X-SAMPA]]: /&quot;woUr\/, /&quot;wO:r\/
: '''Áudio''': {{ouvir|En-us-war.ogg|&quot;war&quot; (Estados Unidos)}}
===Reino Unido===
* [[AFI]]: {{AFI|/ˈwɔː/}}
* [[X-SAMPA]]: /&quot;wO:/
==Ver também==
===No Wikcionário===
{{verTambém.Ini}}
* [[battle]]
{{verTambém.Fim}}
===Referências===
{{verTambém.Ini}}
* {{#ifeq: s|n||&lt;span style=&quot;color:#555;&quot;&gt;(em inglês)&lt;/span&gt;}} “[http://dictionary.cambridge.org/dictionary/learner-english/word_1?q={{urlencode:{{PAGENAME}}}} {{PAGENAME}}]” in ''[[w:en:Cambridge_Advanced_Learner's_Dictionary|Cambridge Advanced Learner's Dictionary]]'', [[w:Cambridge_University_Press|Cambridge University Press]]. {{#if: | Consultado em {{{data}}}.}}
* {{#ifeq: s|n||&lt;span style=&quot;color:#555;&quot;&gt;(em inglês)&lt;/span&gt;}}&amp;nbsp;“[http://www.merriam-webster.com/dictionary/{{urlencode:{{PAGENAME}}}} {{PAGENAME}}]” in ''[[w:Merriam-Webster|Merriam-Webster Online Dictionary]]'', Merriam-Webster Online. {{#if: | Consultado em {{{data}}}.}}
{{verTambém.Fim}}
[[Categoria:Substantivo (Inglês)]]
[[Categoria:Verbo (Inglês)]]
[[Categoria:Monossílabo (Inglês)]]
[[Categoria:Jogo (Inglês)]]
[[Categoria:Militar (Inglês)]]
[[Categoria:Século XII (Inglês)]]
[[Categoria:Entrada com áudio (Inglês)]]
[[Categoria:Entrada com imagem (Inglês)]]
={{-lb-}}=
==Forma verbal==
'''war''' ''[[verbo auxiliar|auxiliar]]''/''[[verbo de ligação|ligação]]''
# primeira pessoa do singular do presente do indicativo do verbo [[sinn]]
# terceira pessoa do singular do presente do indicativo do verbo sinn
{{avi-for-fle|sinn}}
===Sinônimo===
* De '''1''': [[wor#{{lb}}|wor]]
==Ver também==
===Referências===
{{verTambém.Ini}}
* [http://engelmann.uni.lu:8080/portal/luxogramm/de/doc/page_template?mode=aktiv&amp;listid=V4851 conjugação do verbo ''sinn'' no Luxogramm (em luxemburguês)]
{{verTambém.Fim}}
[[Categoria:Forma verbal (Luxemburguês)]]
[[Categoria:Monossílabo (Luxemburguês)]]
={{-pl-}}=
==Substantivo==
[[Imagem:Kochendes wasser02.jpg|thumb|100px|'''War'''&lt;sup&gt;1&lt;/sup&gt;]]
'''war''', {{m}}
# {{escopo|pl|obsoleto}} [[água]] [[fervente]]
# {{escopo|pl|antigo}} [[calor]]
# {{escopo|pl|Física|Eletrônica}} [[VAr]], [[unidade de medida]] [[de]] [[potência elétrica reativa]]
{{pularLinhas|2}}
===Declinação===
{{decl.pl.subst.masc.inanimado|3=warze|gs={{link opcional|waru|pl}}}}
===Sinônimos===
* De '''1''': {{link opcional|ukrop|pl}}, {{link opcional|wrzątek|pl}}
* De '''2''': {{link opcional|ciepło|pl}}, {{link opcional|gorąc|pl}}, {{link opcional|gorąco|pl}}, {{link opcional|kanikuła|pl}}, {{link opcional|skwar|pl}}, {{link opcional|upał|pl}}
* De '''3''': {{link opcional|wrzątek|pl}}
=={{etimologia|pl}}==
* De '''3''':
: Do [[inglês]] {{etimo|en|volt}} {{etimo|en|ampere}} {{etimo|en|reactive}} (&quot;[[potência]] [[elétrico|elétrica]] [[reativo|reativa]]&quot;).
[[Categoria:Substantivo (Polonês)]]
[[Categoria:Monossílabo (Polonês)]]
[[Categoria:Arcaísmo (Polonês)]]
[[Categoria:Metrologia (Polonês)]]
[[Categoria:Entrada de étimo inglês (Polonês)]]
[[Categoria:Entrada com imagem (Polonês)]]
={{-so-}}=
==Substantivo==
'''war'''
# [[novas#Substantivo|novas]], [[novidade]]s, [[notícia]]s
[[Categoria:Substantivo (Somali)]]
[[Categoria:Monossílabo (Somali)]]
={{-txb-}}=
[[Imagem:Water, sea (ubt).jpeg|thumb|125px|'''War''']]
==Substantivo==
'''war'''
# {{escopo|txb|Química}} [[água]]
{{pularLinhas|2}}
[[Categoria:Substantivo (Tocariano B)]]
[[Categoria:Monossílabo (Tocariano B)]]
[[Categoria:Bebida (Tocariano B)]]
[[Categoria:Entrada com imagem (Tocariano B)]]
={{-wo-}}=
==Verbo==
'''war'''
# [[dever]], [[precisar]], [[ter]] [[que]]:
#* '''''War''' naa dem léegi.'' &lt;small&gt;(Tenho que ir agora.)&lt;/small&gt;
# [[montar]] a [[cavalo]]
[[Categoria:Verbo (Uolofe)]]
[[Categoria:Monossílabo (Uolofe)]]
[[ang:war]]
[[ar:war]]
[[az:war]]
[[be:war]]
[[br:war]]
[[ca:war]]
[[chr:war]]
[[co:war]]
[[cs:war]]
[[cy:war]]
[[da:war]]
[[de:war]]
[[el:war]]
[[en:war]]
[[es:war]]
[[et:war]]
[[eu:war]]
[[fa:war]]
[[fi:war]]
[[fr:war]]
[[gl:war]]
[[hu:war]]
[[hy:war]]
[[id:war]]
[[io:war]]
[[it:war]]
[[ja:war]]
[[kk:war]]
[[km:war]]
[[kn:war]]
[[ko:war]]
[[ku:war]]
[[la:war]]
[[lb:war]]
[[li:war]]
[[lo:war]]
[[lt:war]]
[[lv:war]]
[[mg:war]]
[[mk:war]]
[[ml:war]]
[[mn:war]]
[[my:war]]
[[na:war]]
[[nl:war]]
[[no:war]]
[[oc:war]]
[[pl:war]]
[[roa-rup:war]]
[[ru:war]]
[[simple:war]]
[[sk:war]]
[[sm:war]]
[[sr:war]]
[[sv:war]]
[[sw:war]]
[[ta:war]]
[[te:war]]
[[th:war]]
[[tr:war]]
[[uk:war]]
[[vec:war]]
[[vi:war]]
[[wo:war]]
[[zh:war]]</text>
<sha1>sknp313equw9csh8xpjuk9s1ttvy9yn</sha1>
</revision>
</page>
