<page>
<page>
<title>warau</title>
<ns>0</ns>
<id>123026</id>
<revision>
<id>2224029</id>
<parentid>2091131</parentid>
<timestamp>2017-01-16T23:37:24Z</timestamp>
<contributor>
<username>Tribuno da Plebe</username>
<id>16095</id>
</contributor>
<model>wikitext</model>
<format>text/x-wiki</format>
<text bytes="125" xml:space="preserve">={{-ja-}}=
==Transliteração==
# transliteração de [[わらう]]
[[Categoria:Transliteração (Japonês)]]
[[en:warau]]</text>
<sha1>rh9w21hh9dt7qa8v6prf7ilr17utkrt</sha1>
</revision>
