<page>
<title>warda</title>
<ns>0</ns>
<id>229919</id>
<revision>
<id>1930913</id>
<parentid>1726408</parentid>
<timestamp>2015-05-18T19:11:23Z</timestamp>
<contributor>
<username>YS-Bot</username>
<id>32241</id>
</contributor>
<minor />
<comment>r2.7.3) (Robô: A adicionar: [[et:warda]]</comment>
<model>wikitext</model>
<format>text/x-wiki</format>
<text bytes="293" xml:space="preserve">={{-mt-}}=
==Substantivo==
'''warda'''
# [[flor]] (órgão sexual de angiospermas)
{{página-automática|Maio|2010|flor|mt}}
[[Categoria:Substantivo (Maltês)]]
[[en:warda]]
[[es:warda]]
[[et:warda]]
[[fr:warda]]
[[hu:warda]]
[[jv:warda]]
[[mg:warda]]
[[pl:warda]]
[[sv:warda]]
[[tr:warda]]</text>
<sha1>s0eg0q8y7g2rq2d09ygjlixejf1z9jq</sha1>
</revision>
</page>
