<page>
<title>Ware</title>
<ns>0</ns>
<id>36584</id>
<revision>
<id>2282348</id>
<parentid>2082020</parentid>
<timestamp>2017-04-27T03:56:01Z</timestamp>
<contributor>
<username>HydrizBot</username>
<id>29590</id>
</contributor>
<minor />
<comment>Robô: A limpar links interwikis antigos</comment>
<model>wikitext</model>
<format>text/x-wiki</format>
<text bytes="154" xml:space="preserve">={{-de-}}=
==Substantivo==
{{decl.de.subst.fraca.fem|ns=Ware|np=Waren}}
'''Wa.re''', ''feminino''
# [[mercadoria]].
[[Categoria:Substantivo_(Alemão)]]</text>
<sha1>ru6ywzns87ggob0haqccju78j1wf57p</sha1>
</revision>
</page>
