<page>
<title>warez</title>
<ns>0</ns>
<id>75487</id>
<revision>
<id>2186188</id>
<parentid>1997823</parentid>
<timestamp>2016-10-24T11:49:00Z</timestamp>
<contributor>
<username>HydrizBot</username>
<id>29590</id>
</contributor>
<minor />
<comment>Robô: A adicionar: [[pl:warez]]</comment>
<model>wikitext</model>
<format>text/x-wiki</format>
<text bytes="409" xml:space="preserve">={{-en-}}=
==Substantivo==
'''wa.rez'''
# [[disponibilizar|disponibilização]] [[ilegal]] de [[arquivo|arquivos]] [[proteger|protegidos]] por [[Direito autoral|direitos autorais]], com [[finalidade]] [[comercial]] ou não.
==Ver também==
{{Wikipédia}}
[[Categoria:Substantivo (Inglês)]]
[[Categoria:Informática (Inglês)]]
[[en:warez]]
[[fi:warez]]
[[fr:warez]]
[[pl:warez]]
[[sv:warez]]
[[zh:warez]]</text>
<sha1>njt0hmfl402rhql4p1sfhsfjb1ft3qt</sha1>
</revision>
</page>
