<page>
<page>
<title>waren</title>
<ns>0</ns>
<id>113270</id>
<revision>
<id>2140403</id>
<parentid>1803499</parentid>
<timestamp>2016-06-11T13:22:59Z</timestamp>
<contributor>
<username>UT-interwiki-Bot</username>
<id>56129</id>
</contributor>
<minor />
<comment>Robô: A adicionar: [[la:waren]]</comment>
<model>wikitext</model>
<format>text/x-wiki</format>
<text bytes="588" xml:space="preserve">={{-lb-}}=
{{ver também|wären}}
==Forma verbal==
'''wa.ren'''
# [[primeiro|primeira]] [[pessoa]] [[do]] [[plural]] do [[pretérito]] do [[indicativo]] do [[verbo]] '''''[[sinn#{{lb}}|sinn]]''''';
# [[terceiro|terceira]] pessoa do plural do pretérito do indicativo do verbo '''''sinn'''''.
==Ver também==
===No Wikcionário===
{{verTambém.Ini}}
{{confr|ware}}
{{verTambém.Fim}}
{{categorias|{{lb}}|Forma verbal|Dissílabo}}
[[chr:waren]]
[[de:waren]]
[[en:waren]]
[[fi:waren]]
[[fr:waren]]
[[ja:waren]]
[[la:waren]]
[[mg:waren]]
[[nl:waren]]
[[pl:waren]]
[[sv:waren]]
[[zh:waren]]</text>
<sha1>bcsycsr6d0rep012v6opm23ps5xsmjh</sha1>
</revision>
