<page>
<title>warlord</title>
<ns>0</ns>
<id>93685</id>
<revision>
<id>2542456</id>
<parentid>1961808</parentid>
<timestamp>2019-04-22T15:00:58Z</timestamp>
<contributor>
<username>ValJor</username>
<id>1358</id>
</contributor>
<comment>Acrescentando código de língua à [[:Categoria:!Página com mensagem de erro em predefinição|predefinição escopo]]</comment>
<model>wikitext</model>
<format>text/x-wiki</format>
<text bytes="2735" xml:space="preserve">{{Wikipédia|lang=en}}
={{-en-}}=
==Substantivo==
{{flex.en|s=warlord|p=warlords|s-div={{grifar|war}}.lord|p-div={{grifar|war}}.lords}}
'''{{grifar|war}}.lord'''
# {{escopo|en|militar}} [[chefe]] [[militar]], senhor da guerra, indivíduo com poder tanto civil quanto militar sobre determinado local, com forças armadas leais a ele e não a uma autoridade central:
#* ''Bai Chongxi was credited with many victories over the northern '''warlords''', often using speed, maneuver and surprise to defeat larger enemy forces.'' &lt;small&gt;(Bai Chongxi recebeu crédito por muitas vitórias sobre chefes militares do norte, geralmente usando velocidade, manobras e o fator surpresa para derrotar maiores forças inimigas.)&lt;/small&gt;
===Verbetes derivados===
{{verTambém.Ini}}
* {{link preto|warlording}}
* {{link preto|warlordism}}
{{verTambém.Fim}}
=={{etimologia|en}}==
: {{escopo|Morfologia}} {{etimo|en|war}} (&quot;[[guerra]]&quot;) + {{etimo|en|lord}} (&quot;[[senhor]]&quot;), decalque do {{etm|de|en}} {{etimo|de|Kriegsherr}}.
:* '''Datação''': [[w:1856|1856]]
=={{pronúncia|en}}==
===Estados Unidos===
* [[AFI]]: {{AFI|/ˈwɔːɹ.lɔːɹd/}}
* [[X-SAMPA]]: /&quot;wO:r\.lO:r\d/
: '''Áudio''': {{ouvir|En-us-warlord.ogg|&quot;warlord&quot; (Estados Unidos)}}
===Reino Unido===
* [[AFI]]: {{AFI|/ˈwɔː.lɔːd/}}
* [[X-SAMPA]]: /&quot;wO:.lO:d/
==Ver também==
===No Wikcionário===
{{verTambém.Ini}}
* {{link preto|despot}}
* [[tyrant]]
{{verTambém.Fim}}
===Referências===
{{verTambém.Ini}}
* {{#ifeq: s|n||&lt;span style=&quot;color:#555;&quot;&gt;(em inglês)&lt;/span&gt;}} “[http://dictionary.cambridge.org/dictionary/learner-english/word_1?q={{urlencode:{{PAGENAME}}}} {{PAGENAME}}]” in ''[[w:en:Cambridge_Advanced_Learner's_Dictionary|Cambridge Advanced Learner's Dictionary]]'', [[w:Cambridge_University_Press|Cambridge University Press]]. {{#if: | Consultado em {{{data}}}.}}
* {{#ifeq: s|n||&lt;span style=&quot;color:#555;&quot;&gt;(em inglês)&lt;/span&gt;}} “[http://www.wordreference.com/definition/{{urlencode:{{PAGENAME}}}} {{PAGENAME}}]” in ''[[w:en:Concise_Oxford_English_Dictionary|Concise Oxford English Dictionary]]'', Revised 11th Edition. [[w:Oxford_University_Press|Oxford University Press]], [[w:2008|2008]].
* {{#ifeq: s|n||&lt;span style=&quot;color:#555;&quot;&gt;(em inglês)&lt;/span&gt;}}&amp;nbsp;“[http://www.merriam-webster.com/dictionary/{{urlencode:{{PAGENAME}}}} {{PAGENAME}}]” in ''[[w:Merriam-Webster|Merriam-Webster Online Dictionary]]'', Merriam-Webster Online. {{#if: | Consultado em {{{data}}}.}}
* {{MDI}}
{{verTambém.Fim}}
[[Categoria:Substantivo (Inglês)]]
[[Categoria:Dissílabo (Inglês)]]
[[Categoria:Paroxítona (Inglês)]]
[[Categoria:Militar (Inglês)]]
[[Categoria:Política (Inglês)]]
[[Categoria:Século XIX (Inglês)]]
[[Categoria:Entrada com áudio (Inglês)]]</text>
<sha1>i4wakque31gq5q2ga4pt0kwpipzn0nf</sha1>
</revision>
</page>
