<page>
<title>warlock</title>
<ns>0</ns>
<id>8956</id>
<revision>
<id>2555258</id>
<parentid>2059367</parentid>
<timestamp>2019-09-30T09:11:38Z</timestamp>
<contributor>
<username>ValJor</username>
<id>1358</id>
</contributor>
<comment>Acrescentando código de língua à [[:Categoria:!Página com mensagem de erro em predefinição|predefinição escopo]]</comment>
<model>wikitext</model>
<format>text/x-wiki</format>
<text bytes="868" xml:space="preserve">={{-en-}}=
==Substantivo==
{{flex.en|s=warlock|p=warlocks|s-div={{grifar|war}}.lock|p-div={{grifar|war}}.locks}}
'''{{grifar|war}}.lock''' ({{f}} '''''[[witch]]''''')
# [[bruxo]], [[mago]], [[feiticeiro]]
# {{escopo|en|Antigo}} [[traidor]], aquele que [[quebrar|quebra]] um [[juramento]]
# {{escopo|en|Antigo}} [[diabo]], [[demônio]]
# {{escopo|en|Antigo}} [[diabo|Diabo]], [[Satanás]]
===Sinônimo===
* [[wizard]]
=={{etimologia|en}}==
: Do {{etm|ang|en}} {{etimo|ang|wǣrloga}} + ''[[-ek#{{en}}|-ek]]'' (&quot;[[traidor]]&quot;, &quot;[[mentiroso]]&quot;), pelo {{etm|enm|en}}  ''warloghe''.
=={{pronúncia|en}}==
===Estados Unidos===
* [[AFI]]: {{AFI|/ˈwɔɹ.lɒk/}}
* [[X-SAMPA]]: /&quot;wOr\.lAk/
===Reino Unido===
* [[AFI]]: {{AFI|/ˈwɔː.lɒk/}}
* [[X-SAMPA]]: /&quot;wO:.lAk/
[[Categoria:Substantivo (Inglês)]]
[[Categoria:Dissílabo (Inglês)]]
[[Categoria:Paroxítona (Inglês)]]</text>
<sha1>9uifplvs4alwjtf59lptwr4cy02oarx</sha1>
</revision>
</page>
