<page>
<page>
<title>warm</title>
<ns>0</ns>
<id>35144</id>
<revision>
<id>2470469</id>
<parentid>2462216</parentid>
<timestamp>2017-12-14T12:04:28Z</timestamp>
<contributor>
<username>Spanier</username>
<id>43713</id>
</contributor>
<minor />
<model>wikitext</model>
<format>text/x-wiki</format>
<text bytes="656" xml:space="preserve">={{-de-}}=
==Adjetivo==
'''warm'''
# [[quente]]
# {{escopo2|figurativo}} [[caloroso]]
===Declinação===
{{decl.de.adj.regular|
normal=warm
|comparativo=wärmer
|superlativo=wärmste
}}
=={{etimologia|de}}==
: Do [[alto alemão antigo]] ''warm''.
=={{pronúncia|de}}==
*[[AFI]]: {{AFI|/vaɪ̯t/|de}} {{audio|De-warm.ogg|ouvir|lang=de}}
={{-en-}}=
==Adjetivo==
{{decl.de.adj.grau|
normal=warm
|comparativo=warmer
|superlativo=warmest
}}
'''warm'''
# [[quente]]
=={{pronúncia|en}}==
*[[AFI]]: {{AFI|/wɔ:m/|en}}
[[Categoria:Adjetivo (Alemão)]]
[[Categoria:Monossílabo (Alemão)]]
[[Categoria:Adjetivo (Inglês)]]
[[Categoria:Monossílabo (Inglês)]]</text>
<sha1>comy05s2azg5340ixph72q5tql9l3yx</sha1>
</revision>
