<page>
<page>
<title>Warnung</title>
<ns>0</ns>
<id>51704</id>
<revision>
<id>2282349</id>
<parentid>2231757</parentid>
<timestamp>2017-04-27T03:56:05Z</timestamp>
<contributor>
<username>HydrizBot</username>
<id>29590</id>
</contributor>
<minor />
<comment>Robô: A limpar links interwikis antigos</comment>
<model>wikitext</model>
<format>text/x-wiki</format>
<text bytes="189" xml:space="preserve">={{-de-}}=
==Substantivo==
'''War.nung''', ''feminino''
# [[alerta]], [[aviso]].
===Declinação===
{{decl.de.subst.fraca.fem|ns=Warnung|np=Warnungen}}
[[Categoria:Substantivo (Alemão)]]</text>
<sha1>6dmejrdk27uufwzao71lj74502y7xxv</sha1>
</revision>
