<page>
<page>
<title>waro</title>
<ns>0</ns>
<id>375334</id>
<revision>
<id>2546528</id>
<parentid>2247844</parentid>
<timestamp>2019-06-13T18:21:29Z</timestamp>
<contributor>
<username>Amigo7</username>
<id>58547</id>
</contributor>
<comment>Limpando interwikis</comment>
<model>wikitext</model>
<format>text/x-wiki</format>
<text bytes="242" xml:space="preserve">{{Wikipédia|lang=mi}}
={{-mi-}}=
==Substantivo==
{{elementos|C|pūtiwha|B|hauota|N}}
'''waro'''
# {{escopo|mi|Elemento químico}} [[carbono]]
==Ver também==
===No Wikcionário===
{{tabela periódica/mi}}
[[Categoria:Substantivo (Maori)]]</text>
<sha1>ac7l23kxrf69a2jhcakl6e3ezn832l6</sha1>
</revision>
