<page>
<page>
<title>Waroma</title>
<ns>0</ns>
<id>427457</id>
<revision>
<id>2599465</id>
<timestamp>2020-10-24T22:45:16Z</timestamp>
<contributor>
<username>Leonardo José Raimundo</username>
<id>43489</id>
</contributor>
<comment>Eu estou criando o nome &quot;Waroma&quot;.</comment>
<model>wikitext</model>
<format>text/x-wiki</format>
<text bytes="201" xml:space="preserve">={{-sw-}}=
==Substantivo==
{{paroxítona|Wa|ro|ma|lang=sw}}
# {{escopo|sw|Cristianismo|religião}} [[Romanos]]
==Ver também==
===No Wikcionário===
{{bíblia/sw}}
[[Categoria:Substantivo (Suaíli)]]</text>
<sha1>2leygty2m1m3gibdk5ishlf5okbtkac</sha1>
</revision>
