<page>
<title>warten</title>
<ns>0</ns>
<id>40577</id>
<revision>
<id>2220792</id>
<parentid>2036491</parentid>
<timestamp>2017-01-09T00:56:57Z</timestamp>
<contributor>
<username>UT-interwiki-Bot</username>
<id>56129</id>
</contributor>
<minor />
<comment>Robô: A adicionar: [[ca:warten]]</comment>
<model>wikitext</model>
<format>text/x-wiki</format>
<text bytes="734" xml:space="preserve">={{-de-}}=
==Verbo==
'''war.ten'''
# [[esperar]]
# [[fazer]] [[manutenção]] ''(em uma máquina)''
===Conjugação===
{{conj.de.fraca.dmnt|radical=wart|particípio ii=gewartet|verbo auxiliar=haben}}
{{conj.de.fraca.dmnt.completa
|radical=wart
|particípio ii=gewartet
|verbo auxiliar=haben
}}
[[Categoria:Verbo (Alemão)]]
[[br:warten]]
[[ca:warten]]
[[chr:warten]]
[[cs:warten]]
[[da:warten]]
[[de:warten]]
[[el:warten]]
[[en:warten]]
[[es:warten]]
[[et:warten]]
[[eu:warten]]
[[fi:warten]]
[[fr:warten]]
[[hu:warten]]
[[id:warten]]
[[io:warten]]
[[ja:warten]]
[[ko:warten]]
[[ku:warten]]
[[mg:warten]]
[[nl:warten]]
[[no:warten]]
[[pl:warten]]
[[ro:warten]]
[[ru:warten]]
[[sv:warten]]
[[tg:warten]]
[[uk:warten]]
[[zh:warten]]</text>
<sha1>86fkpxizj3s31esbwoa9drc13r72v95</sha1>
</revision>
</page>
