<page>
<page>
<title>Warteraum</title>
<ns>0</ns>
<id>82333</id>
<revision>
<id>2580296</id>
<parentid>2282350</parentid>
<timestamp>2020-03-03T06:49:27Z</timestamp>
<contributor>
<username>Minorax</username>
<id>71568</id>
</contributor>
<comment>fix lint error</comment>
<model>wikitext</model>
<format>text/x-wiki</format>
<text bytes="384" xml:space="preserve">={{-de-}}=
==Substantivo==
'''Warteraum''', {{gramática|m}}
# [[sala]] ou [[saguão]] de [[espera]]
=== Hipônimos ===
* [[Wartesaal]], [[Wartezimmer]]
=== Declinação ===
{{decl.de.subst.masc|gs=(e)s|ds=e|np=e|Warter|a|um|ä}}
=={{etimologia|de}}==
: De ''[[warten#Alemão|warten]]'' (''&quot;esperar&quot;'') + ''[[Raum#Alemão|Raum]]'' (''&quot;sala&quot;'').
[[Categoria:Substantivo (Alemão)]]</text>
<sha1>airw6ouc9icmy1vdwpnt12x5imx3t4b</sha1>
</revision>
