<page>
<title>warum</title>
<ns>0</ns>
<id>358815</id>
<revision>
<id>2669125</id>
<parentid>2555254</parentid>
<timestamp>2022-03-29T11:03:18Z</timestamp>
<contributor>
<username>Jeuwre</username>
<id>61717</id>
</contributor>
<comment>+ pronúncia</comment>
<model>wikitext</model>
<format>text/x-wiki</format>
<text bytes="695" xml:space="preserve">={{-de-}}=
==Advérbio==
'''wa.r.um''', ''interrogativo''
# [[por que]]?
'''wa.r.um''', ''relativo''
# {{cont|2}} por que
===Sinônimos===
{{dividir em colunas|4}}
* [[weshalb]]
* [[wieso]]
* [[weswegen]]
* [[wozu]]
{{dividir em colunas.fim}}
=={{etimologia|de}}==
{{llietimo|gmh|warumbe|de|ponto=não}} e este do {{etm|goh|de}} {{etimo|goh|war umbe|(wār umbe)}}, da composição de ''[[war#Alto Alemão Antigo|war]]'' (&quot;onde&quot;) e ''[[umbe#Alto Alemão Antigo|umbe]]'' (&quot;sobre&quot;, &quot;em&quot;).
=={{pronúncia|de}}==
* [[AFI]]: {{AFI|/vaˈʀʊm/|de}}
* {{audio|De-warum.ogg|Áudio|lang=de}}
* {{audio|De-Warum.ogg|Áudio|lang=de}}
[[Categoria:Advérbio (Alemão)]]
[[Categoria:Trissílabo (Alemão)]]</text>
<sha1>kmr7nvqm9t25ocfrfefc4mtohgbp2na</sha1>
</revision>
</page>
