<page>
<page>
<title>warui</title>
<ns>0</ns>
<id>39437</id>
<revision>
<id>2224033</id>
<parentid>2092359</parentid>
<timestamp>2017-01-16T23:38:18Z</timestamp>
<contributor>
<username>Tribuno da Plebe</username>
<id>16095</id>
</contributor>
<model>wikitext</model>
<format>text/x-wiki</format>
<text bytes="125" xml:space="preserve">={{-ja-}}=
==Transliteração==
# transliteração de [[わるい]]
[[Categoria:Transliteração (Japonês)]]
[[en:warui]]</text>
<sha1>poqg5hdwgtkhaeoqrkdvfmbhiei2z13</sha1>
</revision>
