<page>
<page>
<title>warukuchi</title>
<ns>0</ns>
<id>241960</id>
<revision>
<id>2224034</id>
<parentid>2093282</parentid>
<timestamp>2017-01-16T23:38:29Z</timestamp>
<contributor>
<username>Tribuno da Plebe</username>
<id>16095</id>
</contributor>
<model>wikitext</model>
<format>text/x-wiki</format>
<text bytes="114" xml:space="preserve">={{-ja-}}=
==Transliteração==
# transliteração de [[わるくち]]
[[Categoria:Transliteração (Japonês)]]</text>
<sha1>r25nie7noyovysp4sz5u0j6xjnvxcqo</sha1>
</revision>
