<page>
<page>
<title>waruguchi</title>
<ns>0</ns>
<id>241962</id>
<revision>
<id>2224031</id>
<parentid>2094288</parentid>
<timestamp>2017-01-16T23:38:08Z</timestamp>
<contributor>
<username>Tribuno da Plebe</username>
<id>16095</id>
</contributor>
<model>wikitext</model>
<format>text/x-wiki</format>
<text bytes="132" xml:space="preserve">={{-ja-}}=
==Transliteração==
# transliteração de [[わるぐち]]
[[Categoria:Transliteração (Japonês)]]
[[en:waruguchi]]</text>
<sha1>agou1tsk7ietvk684mxvqcj31j45afr</sha1>
</revision>
