<page>
<title>waru</title>
<ns>0</ns>
<id>380327</id>
<revision>
<id>2419288</id>
<timestamp>2017-06-30T00:58:53Z</timestamp>
<contributor>
<username>Tribuno da Plebe</username>
<id>16095</id>
</contributor>
<comment>[[Ajuda:Guia de edição/Menus e ferramentas/Sumário de edição|→]] nova página: ={{-ja-}}= ==Transliteração== # transliteração de [[わる]]  [[Categoria:Transliteração (Japonês)]]...</comment>
<model>wikitext</model>
<format>text/x-wiki</format>
<text bytes="228" xml:space="preserve">={{-ja-}}=
==Transliteração==
# transliteração de [[わる]]
[[Categoria:Transliteração (Japonês)]]
={{-mi-}}=
==Numeral==
'''waru'''
# [[oito]]
==Ver também==
{{números/mi}}
[[Categoria:Numeral cardinal (Maori)]]</text>
<sha1>1eay960dp78eef2za0sslqm270sxqrd</sha1>
</revision>
</page>
