<page>
<title>wash</title>
<ns>0</ns>
<id>90687</id>
<revision>
<id>2210083</id>
<parentid>2199527</parentid>
<timestamp>2016-12-08T15:52:13Z</timestamp>
<contributor>
<username>Defender</username>
<id>15952</id>
</contributor>
<comment>troca de predefinição</comment>
<model>wikitext</model>
<format>text/x-wiki</format>
<text bytes="1076" xml:space="preserve">={{-en-}}=
==Verbo==
'''to wash''', {{g|vt}}
# [[tirar]] as [[impureza]]s usando-se de [[água]] ou outro [[líquido]]; [[lavar]]
# [[mover]] pela [[força]] da [[água]] em movimento
#* ''The flood '''washed''' away houses.'' &lt;small&gt;(A inundação arrastou casas.)&lt;/small&gt;
=={{etimologia|en}}==
: Do [[inglês antigo]] ''wæscan'' (cognato com neerlandês ''wassen'' e alemão ''waschen'').
[[Categoria:Verbo (Inglês)]]
[[Categoria:Dissílabo (Inglês)]]
[[Categoria:Paroxítona (Inglês)]]
[[ar:wash]]
[[bg:wash]]
[[br:wash]]
[[chr:wash]]
[[co:wash]]
[[cs:wash]]
[[cy:wash]]
[[de:wash]]
[[en:wash]]
[[es:wash]]
[[et:wash]]
[[eu:wash]]
[[fa:wash]]
[[fi:wash]]
[[fj:wash]]
[[fr:wash]]
[[hr:wash]]
[[hu:wash]]
[[hy:wash]]
[[id:wash]]
[[io:wash]]
[[it:wash]]
[[ja:wash]]
[[kk:wash]]
[[kn:wash]]
[[ko:wash]]
[[ku:wash]]
[[li:wash]]
[[lo:wash]]
[[lv:wash]]
[[mg:wash]]
[[ml:wash]]
[[my:wash]]
[[nl:wash]]
[[no:wash]]
[[oc:wash]]
[[pl:wash]]
[[ru:wash]]
[[simple:wash]]
[[sm:wash]]
[[sv:wash]]
[[ta:wash]]
[[te:wash]]
[[th:wash]]
[[tr:wash]]
[[uk:wash]]
[[vi:wash]]
[[zh:wash]]</text>
<sha1>kth3l9b5l7r9lf3oet0szoibf87xykb</sha1>
</revision>
</page>
