<page>
<title>washingtoniano</title>
<ns>0</ns>
<id>58745</id>
<revision>
<id>1468112</id>
<parentid>1326805</parentid>
<timestamp>2012-09-22T14:30:53Z</timestamp>
<contributor>
<username>ValJor</username>
<id>1358</id>
</contributor>
<comment>Separando adjetivo de substantivo</comment>
<model>wikitext</model>
<format>text/x-wiki</format>
<text bytes="426" xml:space="preserve">={{-pt-}}=
==Adjetivo==
{{flex.pt|ms=washingtoniano|mp=washingtonianos|
fs=washingtoniana|fp=washingtonianas}}
'''washingtoniano'''
# de ou relativo a [[Washington]], cidade dos Estados Unidos
==Substantivo==
'''washingtoniano'''
# habitante ou natural de Washington
[[Categoria:Adjetivo (Português)]]
[[Categoria:Substantivo (Português)]]
[[Categoria:Gentílico (Português)]]
[[en:washingtoniano]]
[[es:washingtoniano]]</text>
<sha1>tdec7p4ekg6scffte0lk4akgon9sjhr</sha1>
</revision>
</page>
