<page>
<title>wasi</title>
<ns>0</ns>
<id>228933</id>
<revision>
<id>2546814</id>
<parentid>2542688</parentid>
<timestamp>2019-06-15T15:59:54Z</timestamp>
<contributor>
<username>ValJor</username>
<id>1358</id>
</contributor>
<comment>Retirando ligação para Wikipédia inexistente</comment>
<model>wikitext</model>
<format>text/x-wiki</format>
<text bytes="374" xml:space="preserve">={{-quz-}}=
==Substantivo==
'''wasi'''
# [[casa]]
[[Categoria:Substantivo (Quéchua de Cusco)]]
[[Categoria:Arquitetura (Quéchua de Cusco)]]
={{-pl-}}=
==Pronome==
{{paroxítona|wa|si|lang=pl}}, {{gramática|poss|m}} ''pessoal'', {{gramática|pl}}
# nominativo masculino pessoal plural de {{link opcional|wasz|pl}}
{{avi-for-fle|wasz}}
[[Categoria:Pronome (Polonês)]]</text>
<sha1>mvnt13bowa34axjzhphsmrpe9muinv4</sha1>
</revision>
</page>
