<page>
<page>
<title>Wasser</title>
<ns>0</ns>
<id>13418</id>
<revision>
<id>2461860</id>
<parentid>2461692</parentid>
<timestamp>2017-11-20T08:11:44Z</timestamp>
<contributor>
<username>Spanier</username>
<id>43713</id>
</contributor>
<minor />
<model>wikitext</model>
<format>text/x-wiki</format>
<text bytes="693" xml:space="preserve">={{-gsw-}}=
==Substantivo==
'''Wasser'''
# {{escopo|gsw|natureza|geografia}} [[água]]
[[Categoria:Substantivo (Alemânico)]]
={{-de-}}=
==Substantivo==
{{paroxítona|Was|ser|lang=de}}, {{gramática|n|lang=de}}
# {{escopo|de|natureza|geografia}} [[água]]
===Declinação===
{{decl.de.subst.forte.neu|ns=Wasser|np=Wasser|gs=Wassers}}
===Verbetes derivados===
{{verTambém.Ini}}
* [[Wasserfall]]
* [[Wasserstoff]]
{{verTambém.NovaColuna}}
* [[Wassermelone]]
* [[Brackwasser]]
{{verTambém.Fim}}
=={{etimologia|de}}==
: Do [[alto alemão antigo]] '' wazzar''.
=={{pronúncia|de}}==
* [[AFI]]: {{AFI|/ˈvasɐ/|de}} {{audio|De-Wasser.ogg|ouvir|lang=de}}
[[Categoria:Substantivo (Alemão)]]</text>
<sha1>bsk1ua3gshoena6en0no901a9uvojy9</sha1>
</revision>
