<page>
<page>
<title>Wasserhahn</title>
<ns>0</ns>
<id>33769</id>
<revision>
<id>2282355</id>
<parentid>2222745</parentid>
<timestamp>2017-04-27T03:56:32Z</timestamp>
<contributor>
<username>HydrizBot</username>
<id>29590</id>
</contributor>
<minor />
<comment>Robô: A limpar links interwikis antigos</comment>
<model>wikitext</model>
<format>text/x-wiki</format>
<text bytes="197" xml:space="preserve">={{-de-}}=
==Substantivo==
{{decl.de.subst.forte.masc.date|ns=Wasserhahn|np=Wasserhähne|gs=Wasserhahn(e)s}}
'''Was.ser.hahn''', ''masculino''
# [[torneira]].
[[Categoria:Substantivo_(Alemão)]]</text>
<sha1>9ou5git11a5wcarfn9001zklype8nwz</sha1>
</revision>
