<page>
<page>
<title>Wasserstoff</title>
<ns>0</ns>
<id>70012</id>
<revision>
<id>2457442</id>
<parentid>2449864</parentid>
<timestamp>2017-10-27T12:32:34Z</timestamp>
<contributor>
<username>Spanier</username>
<id>43713</id>
</contributor>
<comment>códigos</comment>
<model>wikitext</model>
<format>text/x-wiki</format>
<text bytes="785" xml:space="preserve">={{-de-}}=
==Substantivo==
{{proparoxítona|Was|ser|stoff|lang=de}}, {{m}}
# {{escopo|de|Elemento químico}} {{PEPB|[[hidrogénio]]|[[hidrogênio]]}}
===Declinação===
{{decl.de.subst.masc.s.sing|Wasserstoff}}
===Sinônimos===
{{verTambém.Ini}}
* [[Hydrogen]]
{{verTambém.NovaColuna}}
* [[Hydrogenium]]
{{verTambém.Fim}}
=={{etimologia|de}}==
: Composição de [[Wasser]] + [[Stoff]].
=={{pronúncia|de}}==
* [[AFI]]: {{AFI|/ˈvasɐˌʃtɔf/|de}} {{audio|De-Wasserstoff.ogg|ouvir|lang=de}}
==Ver também==
===No Wikcionário===
{{tabela periódica/de}}
[[Categoria:Substantivo (Alemão)]]
={{-ksh-}}=
==Substantivo==
{{proparoxítona|Was|ser|stoff|lang=ksh}}
# {{escopo|ksh|Elemento químico}} {{PEPB|[[hidrogénio]]|[[hidrogênio]]}}
[[Categoria:Substantivo (Francônio)]]</text>
<sha1>g3jjphsv03ga55jlqtrv2h1dustpgde</sha1>
</revision>
