<page>
<page>
<title>Wassermann</title>
<ns>0</ns>
<id>440465</id>
<revision>
<id>2660069</id>
<timestamp>2022-02-13T11:11:44Z</timestamp>
<contributor>
<username>First jumper</username>
<id>44431</id>
</contributor>
<comment>alemão</comment>
<model>wikitext</model>
<format>text/x-wiki</format>
<text bytes="655" xml:space="preserve">={{-de-}}=
==Substantivo&lt;sup&gt;1&lt;/sup&gt;==
{{proparoxítona|Was|ser|mann|lang=de}}, {{m}}
#{{escopo|de|mitologia}} espírito das águas
=== Declinação ===
{{decl.de.subst.masc|gs=(e)s|np=er|Wasserm|a|nn|ä}}
== Substantivo&lt;sup&gt;2&lt;/sup&gt; ==
'''{{grifar|Was}}.ser.mann''', {{gramática|m|pr}}
# {{escopo|de|constelação|astrologia}} [[Aquário]]
=== Declinação ===
{{decl.de.subst.masc.s.sing|Wassermann}}
=={{etimologia|de}}==
{{llietimo|la|Aquarius|de|Aquário}}
=={{pronúncia|de}}==
* [[AFI]]: {{AFI|/ˈvasɐˌman/}} {{audio|De-Wassermann.ogg|ouvir|lang=de}}
==Ver também==
===No Wikcionário===
{{zodíaco/de}}
[[Categoria:Substantivo (Alemão)]]</text>
<sha1>9yhogdmhmlsoie3jphu3kz63npz6gt4</sha1>
</revision>
