<page>
<page>
<title>wasza</title>
<ns>0</ns>
<id>399025</id>
<revision>
<id>2515600</id>
<timestamp>2018-08-15T15:36:12Z</timestamp>
<contributor>
<username>Amigo7</username>
<id>58547</id>
</contributor>
<comment>[[Ajuda:Guia de edição/Menus e ferramentas/Sumário de edição|→]] nova página: ={{-pl-}}= ==Pronome== {{paroxítona|wa|sza|lang=pl}}, {{gramática|poss|f}} # nominativo feminino singular d...</comment>
<model>wikitext</model>
<format>text/x-wiki</format>
<text bytes="192" xml:space="preserve">={{-pl-}}=
==Pronome==
{{paroxítona|wa|sza|lang=pl}}, {{gramática|poss|f}}
# nominativo feminino singular de {{link opcional|wasz|pl}}
{{avi-for-fle|wasz}}
[[Categoria:Pronome (Polonês)]]</text>
<sha1>lxwcyn3zsozx5xue2xo7crk7ia7zg49</sha1>
</revision>
