<page>
<title>wasze</title>
<ns>0</ns>
<id>399026</id>
<revision>
<id>2515601</id>
<timestamp>2018-08-15T15:36:39Z</timestamp>
<contributor>
<username>Amigo7</username>
<id>58547</id>
</contributor>
<comment>[[Ajuda:Guia de edição/Menus e ferramentas/Sumário de edição|→]] nova página: ={{-pl-}}= ==Pronome== {{paroxítona|wa|sze|lang=pl}}, {{gramática|poss|n}} # nominativo neutro singular de...</comment>
<model>wikitext</model>
<format>text/x-wiki</format>
<text bytes="190" xml:space="preserve">={{-pl-}}=
==Pronome==
{{paroxítona|wa|sze|lang=pl}}, {{gramática|poss|n}}
# nominativo neutro singular de {{link opcional|wasz|pl}}
{{avi-for-fle|wasz}}
[[Categoria:Pronome (Polonês)]]</text>
<sha1>55s3rn2l3qyxm17vqnj7uxm6xq37a0s</sha1>
</revision>
</page>
