<page>
<title>watakushi</title>
<ns>0</ns>
<id>147948</id>
<revision>
<id>2224035</id>
<parentid>2091291</parentid>
<timestamp>2017-01-16T23:38:38Z</timestamp>
<contributor>
<username>Tribuno da Plebe</username>
<id>16095</id>
</contributor>
<model>wikitext</model>
<format>text/x-wiki</format>
<text bytes="132" xml:space="preserve">={{-ja-}}=
==Transliteração==
# transliteração de [[わたくし]]
[[Categoria:Transliteração (Japonês)]]
[[en:watakushi]]</text>
<sha1>hd86ht7zqofctf52x6aga1mrv31e3fo</sha1>
</revision>
</page>
