<page>
<title>watch</title>
<ns>0</ns>
<id>350449</id>
<revision>
<id>2513781</id>
<parentid>2513778</parentid>
<timestamp>2018-07-30T13:16:39Z</timestamp>
<contributor>
<username>ValJor</username>
<id>1358</id>
</contributor>
<minor />
<comment>Revertidas edições por [[Especial:Contribuições/177.13.178.208|177.13.178.208]] para a última versão por [[Especial:Contribuições/JAnDbot|JAnDbot]]</comment>
<model>wikitext</model>
<format>text/x-wiki</format>
<text bytes="1073" xml:space="preserve">{{Wikipédia|lang=en}}
={{-en-}}=
==Substantivo==
'''watch'''
# [[relógio]]
# [[vigia]], [[guarda]]
==Verbo==
'''watch'''
# [[ver]], [[assistir]]
# assistir, [[observar]]
# [[vigiar]]
==Ver também==
===No Wikcionário===
{{verTambém.Ini}}
* [[look]]
{{verTambém.NovaColuna}}
* [[see]]
{{verTambém.Fim}}
[[Categoria:Substantivo (Inglês)]]
[[Categoria:Verbo (Inglês)]]
[[ar:watch]]
[[br:watch]]
[[chr:watch]]
[[co:watch]]
[[cs:watch]]
[[cy:watch]]
[[da:watch]]
[[de:watch]]
[[el:watch]]
[[en:watch]]
[[es:watch]]
[[et:watch]]
[[eu:watch]]
[[fa:watch]]
[[fi:watch]]
[[fr:watch]]
[[hu:watch]]
[[hy:watch]]
[[io:watch]]
[[is:watch]]
[[it:watch]]
[[ja:watch]]
[[jbo:watch]]
[[kk:watch]]
[[kn:watch]]
[[ko:watch]]
[[ku:watch]]
[[lb:watch]]
[[li:watch]]
[[lo:watch]]
[[lt:watch]]
[[lv:watch]]
[[mg:watch]]
[[ml:watch]]
[[my:watch]]
[[nl:watch]]
[[no:watch]]
[[oc:watch]]
[[pa:watch]]
[[pl:watch]]
[[ro:watch]]
[[ru:watch]]
[[simple:watch]]
[[sm:watch]]
[[sv:watch]]
[[ta:watch]]
[[te:watch]]
[[th:watch]]
[[tr:watch]]
[[uk:watch]]
[[vi:watch]]
[[zh:watch]]
[[zu:watch]]</text>
<sha1>icmlpvmrpb1empf615ncl135td8jn0m</sha1>
</revision>
</page>
