<page>
<title>waterfall</title>
<ns>0</ns>
<id>86039</id>
<revision>
<id>2441870</id>
<parentid>2140414</parentid>
<timestamp>2017-08-03T23:39:57Z</timestamp>
<contributor>
<username>Askekamo</username>
<id>60711</id>
</contributor>
<model>wikitext</model>
<format>text/x-wiki</format>
<text bytes="878" xml:space="preserve">={{-en-}}=
==Substantivo==
{{flex.en|s=waterfall|p=waterfalls}}
'''waterfall'''
# [[queda d'água]], [[cachoeira]]
[[Categoria:Substantivo (Inglês)]]
[[ar:waterfall]]
[[cs:waterfall]]
[[da:waterfall]]
[[de:waterfall]]
[[el:waterfall]]
[[en:waterfall]]
[[eo:waterfall]]
[[es:waterfall]]
[[et:waterfall]]
[[eu:waterfall]]
[[fa:waterfall]]
[[fi:waterfall]]
[[fj:waterfall]]
[[fr:waterfall]]
[[hu:waterfall]]
[[hy:waterfall]]
[[io:waterfall]]
[[it:waterfall]]
[[ja:waterfall]]
[[kk:waterfall]]
[[km:waterfall]]
[[kn:waterfall]]
[[ko:waterfall]]
[[ku:waterfall]]
[[lo:waterfall]]
[[mg:waterfall]]
[[ml:waterfall]]
[[my:waterfall]]
[[nl:waterfall]]
[[om:waterfall]]
[[pl:waterfall]]
[[ro:waterfall]]
[[ru:waterfall]]
[[simple:waterfall]]
[[sv:waterfall]]
[[ta:waterfall]]
[[te:waterfall]]
[[th:waterfall]]
[[tr:waterfall]]
[[vi:waterfall]]
[[zh:waterfall]]
[[zh-min-nan:waterfall]]</text>
<sha1>6hhkrqugvkpt6wm9ak4kpaxh8pyowc3</sha1>
</revision>
</page>
