<page>
<page>
<title>Waterstoff</title>
<ns>0</ns>
<id>70025</id>
<revision>
<id>2555164</id>
<parentid>2439203</parentid>
<timestamp>2019-09-29T09:10:35Z</timestamp>
<contributor>
<username>ValJor</username>
<id>1358</id>
</contributor>
<comment>Acrescentando código de língua à [[:Categoria:!Página com mensagem de erro em predefinição|predefinição escopo]]</comment>
<model>wikitext</model>
<format>text/x-wiki</format>
<text bytes="804" xml:space="preserve">{{Wikipédia|lang=nds}}
={{-nds-}}=
==Substantivo==
{|id=&quot;elementos&quot; style=&quot;width:20%;&quot; align=right cellpadding=&quot;5&quot; cellspacing=&quot;2&quot; border=0
|colspan=2 style=&quot;text-align:center;background-color:#b0ffff;&quot;|'''[[H]]'''
|-
|style=&quot;width:50%;text-align:center;background-color:#d0ffff;&quot;|&amp;nbsp;
|style=&quot;width:50%;text-align:center;background-color:#d0ffff;&quot;|[[Helium|He '''&amp;rarr;''']] 
|-
|}
'''Waterstoff'''
# {{escopo|nds|Química}} {{PEPB|[[hidrogénio]]|[[hidrogênio]]|inline=1}}
===Declinação===
{{decl.nds.subst
|gg= m
|nos = Waterstoff
|nns = Waterstoff
|nop = 
|nnp = 
}}
==Ver também==
===No Wikcionário===
{{verTambém.Ini}}
* [[Apêndice:Tabela periódica]]
{{verTambém.Fim}}
{{tabela periódica/nds}}
[[Categoria:Substantivo (Baixo Saxão)]]
[[Categoria:Elemento químico (Baixo Saxão)]]</text>
<sha1>1dwebnpqhf2b5kjq9zxugjefladym4h</sha1>
</revision>
