<page>
<page>
<title>waterstóf</title>
<ns>0</ns>
<id>148817</id>
<revision>
<id>2684977</id>
<parentid>1512420</parentid>
<timestamp>2022-07-30T16:33:30Z</timestamp>
<contributor>
<username>Maykeinwiki</username>
<id>81160</id>
</contributor>
<comment>/*  Limburguês */Limpeza de interwikis antigos.</comment>
<model>wikitext</model>
<format>text/x-wiki</format>
<text bytes="261" xml:space="preserve">={{-li-}}=
==Substantivo==
'''waterstóf'''
:# [[hidrogênio]]
==Outros Verbetes==
* [[stóf]]
* [[innerzjie]]
* [[sjemisj illemèntj]]
[[Categoria:Substantivo (Limburguês)]]
[[Categoria:Elemento químico (Limburguês)]]
[[Categoria:Ciência (Limburguês)]]</text>
<sha1>ksfnpnm15ot5bg5jr1s4363nizcnrvk</sha1>
</revision>
