<page>
<page>
<title>wate</title>
<ns>0</ns>
<id>294077</id>
<revision>
<id>1961850</id>
<parentid>1646050</parentid>
<timestamp>2015-07-11T10:01:45Z</timestamp>
<contributor>
<username>HydrizBot</username>
<id>29590</id>
</contributor>
<minor />
<comment>Robô: A adicionar: [[sv:wate]]</comment>
<model>wikitext</model>
<format>text/x-wiki</format>
<text bytes="252" xml:space="preserve">={{-ku-}}=
==Substantivo==
'''wa.te''', ''feminino''
# [[significado]]
===Termos derivados===
* [[watedar]]
[[Categoria:Substantivo (Curdo)]]
[[az:wate]]
[[de:wate]]
[[en:wate]]
[[fr:wate]]
[[ku:wate]]
[[mg:wate]]
[[nl:wate]]
[[sv:wate]]
[[tr:wate]]</text>
<sha1>f4xqgga76pomwvvgj60sl2vjd93zxti</sha1>
</revision>
