<page>
<page>
<title>waterproof</title>
<ns>0</ns>
<id>375929</id>
<revision>
<id>2251900</id>
<parentid>2251896</parentid>
<timestamp>2017-03-13T00:01:29Z</timestamp>
<contributor>
<username>RobokoBot</username>
<id>56179</id>
</contributor>
<minor />
<comment>Robô: A adicionar: ca, cy, de, el, en, es, et, fa, fi, fr, hu, hy, io, it, kn, ko, ku, mg, ml, my, pl, ru, simple, ta, vi, zh</comment>
<model>wikitext</model>
<format>text/x-wiki</format>
<text bytes="845" xml:space="preserve">={{-pt-}}=
==Adjetivo==
{{flex.pt|s=waterproof|p=waterproofs}}
'''''waterproof''''', {{gramática|c2g}}
# {{escopo|pt|estrangeirismo}} ver [[à prova d'água]], [[impermeável]]
==Substantivo==
{{flex.pt|s=waterproof|p=waterproofs}}
'''''waterproof''''', {{gramática|m}}
# {{escopo|pt|estrangeirismo|Vestuário}} ver [[impermeável]]
[[Categoria:Adjetivo (Português)]]
[[ca:waterproof]]
[[cy:waterproof]]
[[de:waterproof]]
[[el:waterproof]]
[[en:waterproof]]
[[es:waterproof]]
[[et:waterproof]]
[[fa:waterproof]]
[[fi:waterproof]]
[[fr:waterproof]]
[[hu:waterproof]]
[[hy:waterproof]]
[[io:waterproof]]
[[it:waterproof]]
[[kn:waterproof]]
[[ko:waterproof]]
[[ku:waterproof]]
[[mg:waterproof]]
[[ml:waterproof]]
[[my:waterproof]]
[[pl:waterproof]]
[[ru:waterproof]]
[[simple:waterproof]]
[[ta:waterproof]]
[[vi:waterproof]]
[[zh:waterproof]]</text>
<sha1>rmxhkse49jmaaixjrx01vhq1xze18fn</sha1>
</revision>
