<page>
<title>waterflow</title>
<ns>0</ns>
<id>379773</id>
<revision>
<id>2416684</id>
<timestamp>2017-06-10T19:17:14Z</timestamp>
<contributor>
<username>ValJor</username>
<id>1358</id>
</contributor>
<comment>Eliminando [[waterflows]] da lista de [[Especial:Lonelypages|órfãos]]</comment>
<model>wikitext</model>
<format>text/x-wiki</format>
<text bytes="210" xml:space="preserve">={{-en-}}=
==Substantivo==
{{flex.en|s=waterflow|p=waterflows}}
'''waterflow'''
# [[fluxo]] de [[água]]
=={{etimologia|en}}==
: {{escopo|Morfologia}} [[water]] + [[flow]].
[[Categoria:Substantivo (Inglês)]]</text>
<sha1>f5028ckrgnlknrk67gawzppvgfioos1</sha1>
</revision>
</page>
