<page>
<page>
<title>watermeloen</title>
<ns>0</ns>
<id>147195</id>
<revision>
<id>2240536</id>
<parentid>1803514</parentid>
<timestamp>2017-02-18T13:02:15Z</timestamp>
<contributor>
<username>UT-interwiki-Bot</username>
<id>56129</id>
</contributor>
<minor />
<comment>Robô: A adicionar: [[sv:watermeloen]]</comment>
<model>wikitext</model>
<format>text/x-wiki</format>
<text bytes="542" xml:space="preserve">={{-vls-}}=
{{Wikipédia|lang=vls}}
==Substantivo==
'''watermeloen'''
#[[melancia]]
[[Categoria:Substantivo (Flamengo)]]
[[Categoria:Fruta (Flamengo)]]
[[chr:watermeloen]]
[[da:watermeloen]]
[[el:watermeloen]]
[[en:watermeloen]]
[[es:watermeloen]]
[[et:watermeloen]]
[[fi:watermeloen]]
[[fr:watermeloen]]
[[hr:watermeloen]]
[[hu:watermeloen]]
[[io:watermeloen]]
[[lo:watermeloen]]
[[mg:watermeloen]]
[[nl:watermeloen]]
[[pl:watermeloen]]
[[sv:watermeloen]]
[[tl:watermeloen]]
[[tr:watermeloen]]
[[uk:watermeloen]]
[[zh-min-nan:watermeloen]]</text>
<sha1>bt2z2q12dnseyr60g2oqnf8kh9ancg2</sha1>
</revision>
