<page>
<page>
<title>wathe</title>
<ns>0</ns>
<id>15880</id>
<revision>
<id>1803513</id>
<parentid>1355059</parentid>
<timestamp>2014-01-07T18:15:02Z</timestamp>
<contributor>
<username>MalafayaBot</username>
<id>628</id>
</contributor>
<minor />
<comment>r2.7.5) (Robô: A adicionar: [[en:wathe]]</comment>
<model>wikitext</model>
<format>text/x-wiki</format>
<text bytes="110" xml:space="preserve">={{-tus-}}=
==Numeral==
wathe
# [[dez]]
[[Categoria:Numeral (Tuscarora)|# 000010]]
[[en:wathe]]
[[fr:wathe]]</text>
<sha1>e8y6xdyevz7x4hmw0d5pg49uyx32qft</sha1>
</revision>
