<page>
<page>
<title>Watikan</title>
<ns>0</ns>
<id>129326</id>
<revision>
<id>2542454</id>
<parentid>2282359</parentid>
<timestamp>2019-04-22T14:49:52Z</timestamp>
<contributor>
<username>ValJor</username>
<id>1358</id>
</contributor>
<comment>Acrescentando código de língua à [[:Categoria:!Página com mensagem de erro em predefinição|predefinição escopo]]</comment>
<model>wikitext</model>
<format>text/x-wiki</format>
<text bytes="975" xml:space="preserve">{{Wikipédia|lang=csb}}
{{Wikipédia|lang=ff}}
{{Wikipédia|lang=tk}}
[[Imagem:Flag of the Vatican City.svg|thumb|right|250px|&lt;center&gt;Bandeira da Cidade do Vaticano&lt;/center&gt;]]
[[Imagem:LocationVaticanCity.svg|thumb|right|250px|&lt;center&gt;Localização da Cidade do Vaticano&lt;/center&gt;]]
={{-csb-}}=
==Substantivo==
'''Watikan''', {{gramática|pr}}
# {{escopo|csb|País}} [[Vaticano]]
==Ver também==
===No Wikcionário===
{{Europa/csb}}
[[Categoria:Substantivo (Cachúbio)]]
[[Categoria:Entrada com imagem (Cachúbio)]]
={{-ff-}}=
==Substantivo==
'''Watikan''', {{gramática|pr}}
# {{escopo|ff|País}} [[Vaticano]]
==Ver também==
===No Wikcionário===
{{Europa/ff}}
[[Categoria:Substantivo (Fula)]]
[[Categoria:Entrada com imagem (Fula)]]
={{-tk-}}=
==Substantivo==
'''Watikan''', {{gramática|pr}}
# {{escopo|tk|País}} [[Vaticano]]
==Ver também==
===No Wikcionário===
{{Europa/tk}}
[[Categoria:Substantivo (Turcomeno)]]
[[Categoria:Entrada com imagem (Turcomeno)]]</text>
<sha1>l5bjj4u1hnayz6sbg3qps0rs4tduvw1</sha1>
</revision>
