<page>
<page>
<title>watraskotriki</title>
<ns>0</ns>
<id>372555</id>
<revision>
<id>2590164</id>
<parentid>2224432</parentid>
<timestamp>2020-06-12T21:32:38Z</timestamp>
<contributor>
<username>ValJor</username>
<id>1358</id>
</contributor>
<comment>Substituindo a predefinição escopoCatLang por escopo</comment>
<model>wikitext</model>
<format>text/x-wiki</format>
<text bytes="267" xml:space="preserve">={{-srn-}}=
==Substantivo==
{{elementos|H|4=helimi|5=He}}
'''watraskotriki'''
# {{escopo|srn|Elemento químico}} {{PEPB|[[hidrogénio]]|[[hidrogênio]]|inline=1}}
==Ver também==
===No Wikcionário===
{{tabela periódica/srn}}
[[Categoria:Substantivo (Surinamês)]]</text>
<sha1>ah5fv4y1ruue9mex62134zrwtw8i3om</sha1>
</revision>
