<page>
<title>watsoniano</title>
<ns>0</ns>
<id>427229</id>
<revision>
<id>2688017</id>
<parentid>2688016</parentid>
<timestamp>2022-09-07T14:51:36Z</timestamp>
<contributor>
<username>ValJor</username>
<id>1358</id>
</contributor>
<minor />
<comment>Revertidas edições por [[Especial:Contribuições/179.209.45.155|179.209.45.155]] para a última versão por [[Especial:Contribuições/ValJor|ValJor]]</comment>
<model>wikitext</model>
<format>text/x-wiki</format>
<text bytes="1048" xml:space="preserve">={{-pt-}}=
==Adjetivo==
{{flex.pt|ms=watsoniano|mp=watsonianos|fs=watsoniana|fp=watsonianas}}
{{paroxítona|wat|so|ni|a|no}}
# semelhante ou próprio do personagem [[w:Dr. Watson|Dr. John Watson]], das histórias de Sherlock Holmes
# {{escopo|pt|gíria}} explicação interna à narrativa, da perspectiva do universo fictício
# {{escopo|pt|psicologia}} relativo ao pensamento behaviorista do psicólogo [[w:John B. Watson|John B. Watson]]
===Antônimo===
* [[doylístico]]
===Sinônimos===
* [[diegético]]
* {{escopo2|estrangeirismo}} [[watsonian]]
=={{etimologia|pt}}==
{{llietimo|en|Watsonian|pt}}
: {{escopo|Morfologia}} Watson + [[-iano]].
: Referência à personagem Dr. Watson. Uma analogia a Watson autor fictício das histórias de Sherlock Holmes, em contraste com Sir Arthur Conan Doyle como o autor real dentro dos contos. Iniciado como gíria pela fanbase de Sherlock Holmes. No âmbito acadêmico, utilizado como referência ao psicólogo John B. Watson.
==Ligações externas==
* {{VOLPABL}}
[[Categoria:Adjetivo (Português)]]</text>
<sha1>lt6wwj6m3x7vkndb3n5qhdc7x8zp10o</sha1>
</revision>
</page>
