<page>
<page>
<title>wattímetro</title>
<ns>0</ns>
<id>57290</id>
<revision>
<id>1997831</id>
<parentid>1943006</parentid>
<timestamp>2015-09-06T07:18:10Z</timestamp>
<contributor>
<username>HydrizBot</username>
<id>29590</id>
</contributor>
<minor />
<comment>Robô: A adicionar: [[en:wattímetro]]</comment>
<model>wikitext</model>
<format>text/x-wiki</format>
<text bytes="979" xml:space="preserve">[[Imagem:Wattmeter.jpg|thumb|130px|&lt;center&gt;Um wattímetro&lt;/center&gt;]]
={{-pt-}}=
==Substantivo==
{{flex.pt|ms=wattímetro|mp=wattímetros}}
{{proparoxítona|wat|tí|me|tro}}, {{m}}
# [[instrumento]] de [[medida]] de [[potência]] [[elétrico|elétrica]] fornecida ou dissipada por um elemento
# instrumento usado para medir potência em circuitos [[trifásico]]s; ele contém duas [[bobina]]s onde uma é chamada de bobina de corrente (é fixa e recebe [[corrente]] proporcional a corrente na carga), e a outra de bobina de potencial (é móvel e recebe corrente proporcional a tensão na carga)
===Tradução===
{{tradini}}
* {{t|de|Leistungsmesser|m}}
* {{t|es|vatímetro|m}}
* {{t|fr|wattmètre|m}}
{{tradmeio}}
* {{trad|en|wattmeter}}
* {{t|it|wattmetro|m}}
{{tradfim}}
=={{etimologia|pt}}==
: {{escopo|Morfologia}} [[watt]] + [[-i-]] + [[-metro]].
[[Categoria:Substantivo (Português)]]
[[Categoria:Entrada com imagem (Português)]]
[[en:wattímetro]]
[[zh:wattímetro]]</text>
<sha1>2ivc672r49e2yt2moa4weoih4gehsf2</sha1>
</revision>
