<page>
<title>wattagem</title>
<ns>0</ns>
<id>438162</id>
<revision>
<id>2650720</id>
<timestamp>2021-10-22T19:23:56Z</timestamp>
<contributor>
<username>Ydiutg</username>
<id>83668</id>
</contributor>
<comment>[[Ajuda:Guia de edição/Menus e ferramentas/Sumário de edição|→]] nova página: ={{-pt-}}= ==Substantivo== {{paroxítona|wat|ta|gem}}, {{g|f}} # ver [[vatagem]]  [[Categoria:Substantivo (Português)]]</comment>
<model>wikitext</model>
<format>text/x-wiki</format>
<text bytes="120" xml:space="preserve">={{-pt-}}=
==Substantivo==
{{paroxítona|wat|ta|gem}}, {{g|f}}
# ver [[vatagem]]
[[Categoria:Substantivo (Português)]]</text>
<sha1>5nfx7kuan07vk2tq64fq8e8hpamy7pr</sha1>
</revision>
</page>
