<page>
<title>watubela</title>
<ns>0</ns>
<id>300757</id>
<revision>
<id>1803511</id>
<parentid>1510789</parentid>
<timestamp>2014-01-07T18:14:24Z</timestamp>
<contributor>
<username>MalafayaBot</username>
<id>628</id>
</contributor>
<minor />
<comment>r2.7.5) (Robô: A adicionar: [[fi:watubela]]</comment>
<model>wikitext</model>
<format>text/x-wiki</format>
<text bytes="308" xml:space="preserve">={{-pt-}}=
==Substantivo==
{{flex.pt|ms=watubela|mp=-}}
{{paroxítona|wa|tu|be|la}}
# [[língua]] da [[Indonésia]] cujo código ISO 639-3 é '''wah'''
==Ver também==
===No Wikcionário===
* [[:Categoria:Watubela]]
[[Categoria:Substantivo (Português)]]
[[Categoria:Língua (Português)]]
[[fi:watubela]]</text>
<sha1>afpijtq1jxvbjlrdmxug2g4dgrjn3wz</sha1>
</revision>
</page>
