<page>
<page>
<title>Watykan</title>
<ns>0</ns>
<id>152066</id>
<revision>
<id>2606021</id>
<parentid>2559591</parentid>
<timestamp>2020-12-27T23:03:10Z</timestamp>
<contributor>
<username>Amigo7</username>
<id>58547</id>
</contributor>
<comment>Substituindo a tag &lt;center&gt; pela predefinição {centro}</comment>
<model>wikitext</model>
<format>text/x-wiki</format>
<text bytes="873" xml:space="preserve">{{Wikipédia|lang=pl}}
[[Imagem:Flag of Vatican City.svg|thumb|right|250px|{{centro|Bandeira do Vaticano}}]]
[[Imagem:LocationVaticanCity.png|thumb|right|250px|{{centro|Localização do Vaticano}}]]
={{-pl-}}=
==Substantivo==
{{paroxítona|Wa|ty|kan|lang=pl}}, {{gramática|m}} ''inanimado'', {{gramática|pr}}
# {{escopo|pl|País}} [[Vaticano]]
# {{tradex|pl|'''Watykan''' jest siedzibą papieża.|O Vaticano é a sede do papa.}}
===Sinônimos===
* [[Państwo Watykańskie]] (''nome oficial'')
==Ver também==
===No Wikcionário===
{{verTambém.Ini}}
* {{link opcional|Watykańczyk|pl}}
* {{link opcional|Watykanka|pl}}
{{verTambém.NovaColuna|33}}
* {{link opcional|watykański|pl}}
{{verTambém.NovaColuna|33}}
* {{link opcional|Stolica Apostolska|pl}}
{{verTambém.Fim}}
{{Europa/pl}}
[[Categoria:Substantivo (Polonês)]]
[[Categoria:Entrada com imagem (Polonês)]]</text>
<sha1>sef7yxq5lb89pebmjuiyfqpb9h3jhoi</sha1>
</revision>
