<page>
<title>wauja</title>
<ns>0</ns>
<id>362425</id>
<revision>
<id>2565046</id>
<parentid>2557410</parentid>
<timestamp>2019-12-08T09:47:41Z</timestamp>
<contributor>
<username>ValJor</username>
<id>1358</id>
</contributor>
<comment>Acrescentando a seção em português</comment>
<model>wikitext</model>
<format>text/x-wiki</format>
<text bytes="1815" xml:space="preserve">[[Imagem:Upper-Xingu-in-South-America.jpg|thumb|right|250px|&lt;center&gt;Localização do povo Wauja, no estado de Mato Grosso&lt;/center&gt;]]
={{-pt-}}=
==Adjetivo==
{{paroxítona|wau|ja|lang=pt}}
# diz-se de um povo indígena que habita o Xingu, Brasil
==={{-varort-}}===
* {{escopo2|Em desuso, pejorativo}} [[uaurá]]
==Substantivo==
{{paroxítona|wau|ja|lang=pt}}
# povo indígena que habita o Xingu, Brasil
# a língua indígena falada por esse povo
==={{-varort-}}===
* {{escopo2|Em desuso, pejorativo}} [[uaurá]]
==Ver também==
===Na Wikipédia===
* [[w:uaurás|wauja]]
[[Categoria:Adjetivo (Português)]]
[[Categoria:Substantivo (Português)]]
[[Categoria:Entrada com imagem (Português)]]
={{-wau-}}=
==Adjetivo==
{{paroxítona|wau|ja|lang=wau}}
# [[wauja#Português|wauja]] (pertencente à língua, à cultura, ou às pessoas wauja)
# {{tradex|wau| Ninye '''wauja''' ogatakoja.|Falo a língua wauja.}}
# {{tradex|wau|'''Wauja''' onaanka, nitsupalu. Itsapai aitsu.|[Isto é o] costume wauja, minha filha. Somos assim.}}
==Substantivo==
{{paroxítona|wau|ja|lang=wau}}
# [[wauja#Português|wauja]] (etnia indígena do Alto Xingu do Brasil Central, da família linguística aruaque)
# {{tradex|wau|'''Wauja''' natu.|Sou wauja. [homem falando]}}
# {{tradex|wau|'''Waujaneju''' natu.|Sou uma mulher wauja.}}
# [[wauja#Português|wauja]] (a língua indígena falada pelo povo wauja)
# {{tradex|wau|Piye '''wauja''' maka petemo.|Fale wauja de modo que você vai entender. [Pratique falar, a fim de aprender].}}
=={{pronúncia|wau}}==
* [[AFI]]: {{AFI|/ˈwaʊ.ʐa/}}, [waʊ.ʐɐ]
==Ver também==
===No Wikcionário===
{{colunas|2}}
* [[putaka]] (alto-xinguano)
* [[muteitsi]] (indígena)
{{colunas/fim}}
[[Categoria:Adjetivo (Wauja)]]
[[Categoria:Substantivo (Wauja)]]
[[Categoria:Entrada com imagem (Wauja)]]</text>
<sha1>8byohxdh6yz1nkwpbh52m4470lvywgg</sha1>
</revision>
</page>
