<page>
<title>waura</title>
<ns>0</ns>
<id>403337</id>
<revision>
<id>2530549</id>
<parentid>2527576</parentid>
<timestamp>2018-12-30T11:11:28Z</timestamp>
<contributor>
<username>ValJor</username>
<id>1358</id>
</contributor>
<comment>Melhorando a apresentação do verbete</comment>
<model>wikitext</model>
<format>text/x-wiki</format>
<text bytes="436" xml:space="preserve">[[Imagem:Tucunaré pescado na lagoa feia Formosa Goias - panoramio (1).jpg|thumb|right|250px|&lt;center&gt;Tucunaré &lt;/center&gt;]]
={{-kpj-}}=
==Substantivo==
{{oxítona|wa|u|ra|lang=kpj}}
# [[tucunaré]] (antes da piracema)
# {{tradex|kpj|Inyboho '''waura''' hetòtò-my kiròrenykre.|Nós vamos comer '''tucunaré''' assado.}}
=={{pronúncia|kpj}}==
: [[AFI]]: /wa.u.'ɾa/
[[Categoria:Substantivo (Karajá)]]
[[Categoria:Animal (Karajá)]]</text>
<sha1>mx2s5v6bze5imcw91fpipc8zzfpfsba</sha1>
</revision>
</page>
