<page>
<title>wavellítico</title>
<ns>0</ns>
<id>444317</id>
<revision>
<id>2683567</id>
<parentid>2679545</parentid>
<timestamp>2022-07-14T08:57:04Z</timestamp>
<contributor>
<username>ValJor</username>
<id>1358</id>
</contributor>
<comment>/*Ligações externas*/ (acrescentando esta seção)</comment>
<model>wikitext</model>
<format>text/x-wiki</format>
<text bytes="252" xml:space="preserve">={{-pt-}}=
==Adjetivo==
{{proparoxítona|wa|vel|lí|ti|co}}
# referente a [[wavellita]]
=={{etimologia|pt}}==
: {{escopo|Morfologia}} [[wavellita]] + [[-ico]].
==Ligações externas==
* {{Michaelis}}
* {{VOLPABL}}
[[Categoria:Adjetivo (Português)]]</text>
<sha1>2sndma35jg2cnckjv1uuaer0k6o0txe</sha1>
</revision>
</page>
