<page>
<page>
<title>wavellita</title>
<ns>0</ns>
<id>379892</id>
<revision>
<id>2683569</id>
<parentid>2417501</parentid>
<timestamp>2022-07-14T09:00:37Z</timestamp>
<contributor>
<username>ValJor</username>
<id>1358</id>
</contributor>
<comment>Eliminando [[wavellítico]] da lista de [[Especial:Lonelypages|órfãos]]</comment>
<model>wikitext</model>
<format>text/x-wiki</format>
<text bytes="301" xml:space="preserve">={{-pt-}}=
==Substantivo==
{{paroxítona|wa|vel|li|ta}}, {{gramática|f}}
# {{escopo|pt|Mineral}} o mesmo que [[vavelita]]
===Verbetes derivados===
* [[wavellítico]]
==Ligações externas==
* {{Dicio}}
* {{Infopédia}}
* {{Michaelis}}
* {{PLP}}
* {{VOLPABL}}
[[Categoria:Substantivo (Português)]]</text>
<sha1>eoefwib3aharir5joblhj7bu6v4mnww</sha1>
</revision>
