<page>
<page>
<title>wave</title>
<ns>0</ns>
<id>43011</id>
<revision>
<id>2116294</id>
<parentid>2059179</parentid>
<timestamp>2016-06-04T09:28:58Z</timestamp>
<contributor>
<username>JAnDbot</username>
<id>25083</id>
</contributor>
<minor />
<comment>r2.7.3) (Robô: A adicionar: [[no:wave]]</comment>
<model>wikitext</model>
<format>text/x-wiki</format>
<text bytes="2804" xml:space="preserve">{{Wikipédia|lang=en}}
={{-en-}}=
==Substantivo==
'''wave'''
# [[onda]] (em suas várias acepções)
==Verbo==
'''wave'''
# [[ondular]]
# [[agitar]] (a mão, por exemplo, ao dar adeus)
=={{etimologia|en}}==
: Para o substantivo: alteração de [[waw]], sob influência do verbo.
: Para o verbo: do inglês antigo ''wafian'' e este do proto-germânico ''*wab-'' e este do proto-indo-europeu ''*webh-'' (mover-se para cá e para lá).
==Ver também==
===No Wikcionário===
{{verTambém.Ini}}
* [[adrift]]
* [[alpha wave]]
* [[ankle slapper]]
* [[beach break]]
* [[beckon]]
* [[beckoning]]
* [[beta wave]]
* [[billow]]
* [[billowy]]
* [[body wave]]
* [[brain wave]]
* [[brandish]]
* [[carrier wave]]
* [[cold wave]]
* [[coldwave]]
* [[compression wave]]
* [[electromagnetic wave]]
* [[electron wave function]]
* [[Elliott wave]]
* [[fixed wave]]
* [[flail about]]
* [[frequency modulation]]
* [[gravitational wave]]
* [[heat wave]]
* [[heatwave]]
* [[high frequency gravitational wave]]
* [[hot wave]]
* [[hybrid wave function]]
{{verTambém.NovaColuna}}
* [[interference]]
* [[Korean wave]]
* [[make waves]]
* [[marcel wave]]
* [[mediumwave]]
* [[Mexican wave]]
* [[microwave]]
* [[new wave]]
* [[ola]]
* [[period]]
* [[permanent wave]]
* [[phase modulator]]
* [[propagation]]
* [[pulse demodulator]]
* [[radio wave]]
* [[reflection]]
* [[refraction]]
* [[rogue wave]]
* [[Schrödinger wave function]]
* [[Schrödinger's wave equation]]
* [[seismic wave]]
* [[shear wave]]
* [[shoaling wave]]
* [[shock wave]]
* [[shortwave]]
* [[sinusoidal]]
* [[sound wave]]
* [[space wave]]
{{verTambém.NovaColuna}}
* [[spin wave]]
* [[spin-density wave]]
* [[standing wave]]
* [[stationary wave]]
* [[surf]]
* [[theta wave]]
* [[tidal wave]]
* [[transverse wave]]
* [[travelling wave]]
* [[tsunami]]
* [[wave field synthesis]]
* [[wave function]]
* [[wave mechanics]]
* [[wave number]]
* [[wave packet]]
* [[wave ski]]
* [[wave train]]
* [[wave vector]]
* [[wave-particle duality]]
* [[waveform]]
* [[waveguide]]
* [[wavelength]]
* [[wavelet]]
* [[wavelike]]
* [[wavenumber]]
* [[waviness]]
* [[waving]]
* [[wavy]]
{{verTambém.Fim}}
[[Categoria:Verbo (Inglês)]]
[[Categoria:Substantivo (Inglês)]]
[[ang:wave]]
[[ar:wave]]
[[ca:wave]]
[[cs:wave]]
[[cy:wave]]
[[de:wave]]
[[el:wave]]
[[en:wave]]
[[eo:wave]]
[[es:wave]]
[[et:wave]]
[[eu:wave]]
[[fa:wave]]
[[fi:wave]]
[[fj:wave]]
[[fr:wave]]
[[hu:wave]]
[[hy:wave]]
[[io:wave]]
[[it:wave]]
[[ja:wave]]
[[kk:wave]]
[[kn:wave]]
[[ko:wave]]
[[ku:wave]]
[[li:wave]]
[[lo:wave]]
[[lv:wave]]
[[mg:wave]]
[[ml:wave]]
[[mt:wave]]
[[my:wave]]
[[nl:wave]]
[[no:wave]]
[[pl:wave]]
[[ru:wave]]
[[simple:wave]]
[[sm:wave]]
[[sv:wave]]
[[sw:wave]]
[[ta:wave]]
[[te:wave]]
[[tg:wave]]
[[th:wave]]
[[tl:wave]]
[[tr:wave]]
[[uk:wave]]
[[vi:wave]]
[[zh:wave]]
[[zh-min-nan:wave]]</text>
<sha1>nr2spqqb50p8gg84kosx1oh4gc3m08i</sha1>
</revision>
