<page>
<page>
<title>wax</title>
<ns>0</ns>
<id>124700</id>
<revision>
<id>2147639</id>
<parentid>1855691</parentid>
<timestamp>2016-07-04T03:49:30Z</timestamp>
<contributor>
<username>HydrizBot</username>
<id>29590</id>
</contributor>
<minor />
<comment>Robô: A adicionar: [[so:wax]]</comment>
<model>wikitext</model>
<format>text/x-wiki</format>
<text bytes="554" xml:space="preserve">={{-en-}}=
==Substantivo==
# [[cera]]
[[Categoria:Substantivo (Inglês)]]
[[ar:wax]]
[[ca:wax]]
[[chr:wax]]
[[cs:wax]]
[[cy:wax]]
[[de:wax]]
[[el:wax]]
[[en:wax]]
[[es:wax]]
[[et:wax]]
[[fa:wax]]
[[fi:wax]]
[[fr:wax]]
[[hr:wax]]
[[hu:wax]]
[[hy:wax]]
[[io:wax]]
[[it:wax]]
[[ja:wax]]
[[kk:wax]]
[[kn:wax]]
[[ko:wax]]
[[ku:wax]]
[[li:wax]]
[[lv:wax]]
[[mg:wax]]
[[mi:wax]]
[[ml:wax]]
[[my:wax]]
[[nl:wax]]
[[pl:wax]]
[[ru:wax]]
[[simple:wax]]
[[sm:wax]]
[[so:wax]]
[[sv:wax]]
[[ta:wax]]
[[te:wax]]
[[tr:wax]]
[[uk:wax]]
[[vi:wax]]
[[wo:wax]]
[[zh:wax]]</text>
<sha1>0072qka0gyur4q5mv4tcsp1hdj10sd8</sha1>
</revision>
