<page>
<page>
<title>way</title>
<ns>0</ns>
<id>6992</id>
<revision>
<id>1981276</id>
<parentid>1969406</parentid>
<timestamp>2015-08-11T20:19:35Z</timestamp>
<contributor>
<username>JAnDbot</username>
<id>25083</id>
</contributor>
<minor />
<comment>r2.7.3) (Robô: A adicionar: [[ay:way]]</comment>
<model>wikitext</model>
<format>text/x-wiki</format>
<text bytes="1084" xml:space="preserve">={{-bty-}}=
==Substantivo==
'''way'''
# [[água]]
==={{-varort-}}===
* [[wai]]
[[Categoria:Substantivo (Bobot)]]
={{-en-}}=
==Substantivo==
{{flex.en|s=way|p=ways}}
'''way'''
# [[forma]], [[jeito]]
# [[caminho]], [[via]]
===Sinônimos===
De '''1''' (forma, jeito):
{{verTambém.Ini}}
* [[manner]]
{{verTambém.NovaColuna}}
* [[mode]]
{{verTambém.Fim}}
===Expressões===
* '''[[by the way]]''': por falar nisto/nisso.
* '''[[no way]]''': de jeito nenhum.
[[Categoria:Substantivo (Inglês)]]
[[ang:way]]
[[ar:way]]
[[ay:way]]
[[ca:way]]
[[chr:way]]
[[co:way]]
[[cs:way]]
[[cy:way]]
[[de:way]]
[[el:way]]
[[en:way]]
[[es:way]]
[[et:way]]
[[fa:way]]
[[fi:way]]
[[fr:way]]
[[hu:way]]
[[hy:way]]
[[id:way]]
[[io:way]]
[[it:way]]
[[ja:way]]
[[jv:way]]
[[kk:way]]
[[kn:way]]
[[ko:way]]
[[ku:way]]
[[li:way]]
[[lo:way]]
[[lt:way]]
[[lv:way]]
[[mg:way]]
[[ml:way]]
[[my:way]]
[[nl:way]]
[[no:way]]
[[pl:way]]
[[ru:way]]
[[simple:way]]
[[sm:way]]
[[sv:way]]
[[sw:way]]
[[ta:way]]
[[te:way]]
[[th:way]]
[[tr:way]]
[[uk:way]]
[[vi:way]]
[[wa:way]]
[[wo:way]]
[[zh:way]]
[[zh-min-nan:way]]</text>
<sha1>e8qsrd7cd4ijwfj1111vvdt5qnfv2id</sha1>
</revision>
