<page>
<page>
<title>wayay</title>
<ns>0</ns>
<id>406613</id>
<revision>
<id>2535832</id>
<timestamp>2019-02-13T17:36:30Z</timestamp>
<contributor>
<username>Amigo7</username>
<id>58547</id>
</contributor>
<comment>Criação do verbete a partir da [[Especial:Páginas_pedidas|lista de palavras pedidas]]</comment>
<model>wikitext</model>
<format>text/x-wiki</format>
<text bytes="568" xml:space="preserve">{{Wikipédia|lang=qu}}
={{-qu-}}=
==Substantivo==
{{elementos|O|qullpachaq|N|flur|F}}
'''wayay'''
# {{escopo|qu|Elemento químico}} {{PEPB|[[oxigénio]]|[[oxigênio]]|inline=1}}
===Sinônimos===
{{verTambém.Ini}}
* {{link idioma|chhuhu|qu}}
* {{link idioma|chhuju|qu}}
{{verTambém.NovaColuna}}
* {{link idioma|muksichaq|qu}}
* {{link idioma|nahasllay|qu}}
{{verTambém.NovaColuna}}
* {{link idioma|uksihinu|qu}}
* {{link idioma|wayrasamay|qu}}
{{verTambém.Fim}}
==Ver também==
===No Wikcionário===
{{tabela periódica/qu}}
[[Categoria:Substantivo (Quéchua)]]</text>
<sha1>30slqhfox1utws2boh3x0cfsq08yqc1</sha1>
</revision>
