<page>
<title>Wayana</title>
<ns>0</ns>
<id>152331</id>
<revision>
<id>2542444</id>
<parentid>2282363</parentid>
<timestamp>2019-04-22T13:21:47Z</timestamp>
<contributor>
<username>ValJor</username>
<id>1358</id>
</contributor>
<comment>Acrescentando código de língua à [[:Categoria:!Página com mensagem de erro em predefinição|predefinição escopo]]</comment>
<model>wikitext</model>
<format>text/x-wiki</format>
<text bytes="431" xml:space="preserve">{{Wikipédia|lang=qu}}
[[Imagem:Flag of Guyana.svg|thumb|right|250px|&lt;center&gt;Bandeira da Guiana&lt;/center&gt;]]
[[Imagem:Guyana in its region.svg|thumb|right|250px|&lt;center&gt;Localização da Guiana&lt;/center&gt;]]
={{-qu-}}=
==Substantivo==
'''Wayana''', {{gramática|pr}}
# {{escopo|qu|País}} [[Guiana]]
==Ver também==
===No Wikcionário===
{{América/qu}}
[[Categoria:Substantivo (Quéchua)]]
[[Categoria:Entrada com imagem (Quéchua)]]</text>
<sha1>rkacpyp0vlpth11ly063d4tj7fkamz2</sha1>
</revision>
</page>
