<page>
<title>waya</title>
<ns>0</ns>
<id>243194</id>
<revision>
<id>2140412</id>
<parentid>1803510</parentid>
<timestamp>2016-06-11T13:28:45Z</timestamp>
<contributor>
<username>UT-interwiki-Bot</username>
<id>56129</id>
</contributor>
<minor />
<comment>Robô: A adicionar: [[oc:waya]]</comment>
<model>wikitext</model>
<format>text/x-wiki</format>
<text bytes="222" xml:space="preserve">={{-gzn-}}=
==Substantivo==
'''waya'''
# [[água]]
[[Categoria:Substantivo (Gane)]]
[[Categoria:Bebida (Gane)]]
[[chr:waya]]
[[en:waya]]
[[es:waya]]
[[fr:waya]]
[[hu:waya]]
[[ku:waya]]
[[mg:waya]]
[[oc:waya]]
[[sw:waya]]</text>
<sha1>4xrf2wgyxyktzrm3bluuux9evkd6vjk</sha1>
</revision>
</page>
