<page>
<page>
<title>waychi</title>
<ns>0</ns>
<id>406970</id>
<revision>
<id>2536590</id>
<timestamp>2019-02-16T21:48:58Z</timestamp>
<contributor>
<username>Amigo7</username>
<id>58547</id>
</contributor>
<comment>Criação do verbete</comment>
<model>wikitext</model>
<format>text/x-wiki</format>
<text bytes="296" xml:space="preserve">={{-qu-}}=
==Substantivo==
{{elementos|Pb|thalyu|Tl|wismutu|Bi}}
'''waychi'''
# {{escopo|qu|Elemento químico}} [[chumbo]]
===Sinônimos===
* {{link idioma|antaki|qu}}
* {{link idioma|titi|qu}}
==Ver também==
===No Wikcionário===
{{tabela periódica/qu}}
[[Categoria:Substantivo (Quéchua)]]</text>
<sha1>jiulfs9sgg90sn5chzqium213rb6voz</sha1>
</revision>
