<page>
<page>
<title>wayo</title>
<ns>0</ns>
<id>237869</id>
<revision>
<id>2036989</id>
<parentid>1803509</parentid>
<timestamp>2015-11-14T19:47:18Z</timestamp>
<contributor>
<username>HydrizBot</username>
<id>29590</id>
</contributor>
<minor />
<comment>Robô: A adicionar: [[en:wayo]]</comment>
<model>wikitext</model>
<format>text/x-wiki</format>
<text bytes="275" xml:space="preserve">={{-tlv-}}=
==Substantivo==
'''wa.yo'''
# [[água]]
==Ver também==
===No Wikcionário===
{{verTambém.Ini}}
* [[ndolu]]
{{verTambém.NovaColuna}}
* [[unac]]
{{verTambém.Fim}}
[[Categoria:Substantivo (Taliabu)]]
[[en:wayo]]
[[fr:wayo]]
[[mg:wayo]]
[[nl:wayo]]
[[sw:wayo]]</text>
<sha1>iq65zniw3dnity517vax3mo5zov9slc</sha1>
</revision>
