<page>
<page>
<title>wayrasamay</title>
<ns>0</ns>
<id>406612</id>
<revision>
<id>2535831</id>
<parentid>2535830</parentid>
<timestamp>2019-02-13T17:35:50Z</timestamp>
<contributor>
<username>Amigo7</username>
<id>58547</id>
</contributor>
<minor />
<model>wikitext</model>
<format>text/x-wiki</format>
<text bytes="544" xml:space="preserve">={{-qu-}}=
==Substantivo==
{{elementos|O|qullpachaq|N|flur|F}}
'''wayrasamay'''
# {{escopo|qu|Elemento químico}} {{PEPB|[[oxigénio]]|[[oxigênio]]|inline=1}}
===Sinônimos===
{{verTambém.Ini}}
* {{link idioma|chhuhu|qu}}
* {{link idioma|chhuju|qu}}
{{verTambém.NovaColuna}}
* {{link idioma|nahasllay|qu}}
* {{link idioma|muksichaq|qu}}
{{verTambém.NovaColuna}}
* {{link idioma|uksihinu|qu}}
* {{link idioma|wayay|qu}}
{{verTambém.Fim}}
==Ver também==
===No Wikcionário===
{{tabela periódica/qu}}
[[Categoria:Substantivo (Quéchua)]]</text>
<sha1>limxizmfno73dbrm18zst9o18dvrrwv</sha1>
</revision>
