<page>
<page>
<title>wazimog</title>
<ns>0</ns>
<id>231574</id>
<revision>
<id>2664324</id>
<parentid>1726416</parentid>
<timestamp>2022-03-09T02:35:01Z</timestamp>
<contributor>
<username>ValJor</username>
<id>1358</id>
</contributor>
<comment>Confirmando [[:Categoria:!Entrada criada por robô|verbete criado por robô]]</comment>
<model>wikitext</model>
<format>text/x-wiki</format>
<text bytes="238" xml:space="preserve">[[Imagem:Lightning2.jpg|thumb|right|250px|{{centro|Relâmpago}}]]
={{-oj-}}=
==Substantivo==
'''wazimog'''
# [[relâmpago]]
[[Categoria:Substantivo (Ojibua)]]
[[Categoria:Meteorologia (Ojibua)]]
[[Categoria:Entrada com imagem (Ojibua)]]</text>
<sha1>61xjzrpa0jxe60xaf7qqro6o0s5h0eu</sha1>
</revision>
