<page>
<title>Wcráin</title>
<ns>0</ns>
<id>59709</id>
<revision>
<id>2282365</id>
<parentid>2006487</parentid>
<timestamp>2017-04-27T03:57:04Z</timestamp>
<contributor>
<username>HydrizBot</username>
<id>29590</id>
</contributor>
<minor />
<comment>Robô: A limpar links interwikis antigos</comment>
<model>wikitext</model>
<format>text/x-wiki</format>
<text bytes="216" xml:space="preserve">{{Wikipédia|lang=cy}}
={{-cy-}}=
==Substantivo==
'''Wcráin''', {{pr}}
# [[Ucrânia]]
==={{-varort-}}===
* [[Ukrain]]
==Ver também==
{{Europa/cy}}
[[Categoria:Substantivo (Galês)]]
[[Categoria:País (Galês)]]</text>
<sha1>nyy1yl2a51de9h3jgpgd7p8nllqk2dd</sha1>
</revision>
</page>
