<page>
<page>
<title>weak</title>
<ns>0</ns>
<id>380908</id>
<revision>
<id>2438669</id>
<parentid>2438668</parentid>
<timestamp>2017-07-18T19:42:22Z</timestamp>
<contributor>
<username>Tribuno da Plebe</username>
<id>16095</id>
</contributor>
<model>wikitext</model>
<format>text/x-wiki</format>
<text bytes="580" xml:space="preserve">={{-en-}}=
==Adjetivo==
{{flex.en.adj}}
'''weak'''
# [[fraco]]; [[frágil]]
===Antônimos===
* [[strong]]
===Termos derivados===
{{colunas|3}}
* [[weaken]]
* [[weakness]]
* [[weakling]]
{{colunas/fim}}
==={{etimologia|en}}===
{{llietimo|enm|weik|en|ponto=não}}, {{etimo|enm|waik}}, do nórdico antigo {{etimo|non|veikr}}, do proto-germânico ''*waikwaz'', do proto-indo-europeu ''*weyk-''.
==={{pronúncia|en}}===
* [[AFI]]: {{IPA|/wiːk/|lang=en}}, {{enPR|wēk}}
* {{audio|en-us-weak.ogg|Audio (US)|lang=en}}
====Homófonos====
* [[week]]
[[Categoria:Adjetivo (Inglês)]]</text>
<sha1>od39vdcpkaa2hvh97rqon68h1r4byh4</sha1>
</revision>
