<page>
<title>weapon</title>
<ns>0</ns>
<id>38507</id>
<revision>
<id>2116287</id>
<parentid>2058663</parentid>
<timestamp>2016-06-04T09:25:30Z</timestamp>
<contributor>
<username>JAnDbot</username>
<id>25083</id>
</contributor>
<minor />
<comment>r2.7.3) (Robô: A adicionar: [[ar:weapon]]</comment>
<model>wikitext</model>
<format>text/x-wiki</format>
<text bytes="872" xml:space="preserve">={{-en-}}=
==Substantivo==
{{flex.en|s=weapon|p=weapons}}
'''weap.on'''
# [[arma]]
===Expressões===
* '''[[weapon of mass destruction]]''': arma de destruição massiva.
[[Categoria:Substantivo (Inglês)]]
[[ang:weapon]]
[[ar:weapon]]
[[ca:weapon]]
[[cs:weapon]]
[[cy:weapon]]
[[da:weapon]]
[[de:weapon]]
[[el:weapon]]
[[en:weapon]]
[[eo:weapon]]
[[es:weapon]]
[[et:weapon]]
[[eu:weapon]]
[[fi:weapon]]
[[fr:weapon]]
[[hr:weapon]]
[[hu:weapon]]
[[hy:weapon]]
[[io:weapon]]
[[it:weapon]]
[[ja:weapon]]
[[kk:weapon]]
[[kn:weapon]]
[[ko:weapon]]
[[ku:weapon]]
[[li:weapon]]
[[lo:weapon]]
[[lt:weapon]]
[[lv:weapon]]
[[mg:weapon]]
[[ml:weapon]]
[[my:weapon]]
[[nl:weapon]]
[[no:weapon]]
[[pl:weapon]]
[[ro:weapon]]
[[ru:weapon]]
[[simple:weapon]]
[[sk:weapon]]
[[sm:weapon]]
[[sv:weapon]]
[[ta:weapon]]
[[te:weapon]]
[[th:weapon]]
[[tr:weapon]]
[[vi:weapon]]
[[zh:weapon]]</text>
<sha1>8e7m4jg4kodbe2jfowxc4qmj7sciv3y</sha1>
</revision>
</page>
