<page>
<page>
<title>wears</title>
<ns>0</ns>
<id>316509</id>
<revision>
<id>2140407</id>
<parentid>2063106</parentid>
<timestamp>2016-06-11T13:27:54Z</timestamp>
<contributor>
<username>UT-interwiki-Bot</username>
<id>56129</id>
</contributor>
<minor />
<comment>Robô: A adicionar: [[ca:wears]]</comment>
<model>wikitext</model>
<format>text/x-wiki</format>
<text bytes="381" xml:space="preserve">={{-en-}}=
==Forma verbal==
'''we.ars'''
# 3ª pessoa do singular do presente do indicativo do verbo [[wear]]
{{avi-for-fle|wear|lang=Inglês}}
[[Categoria:Forma verbal (Inglês)]]
[[ca:wears]]
[[chr:wears]]
[[de:wears]]
[[en:wears]]
[[fi:wears]]
[[fr:wears]]
[[hu:wears]]
[[it:wears]]
[[ja:wears]]
[[ku:wears]]
[[ml:wears]]
[[my:wears]]
[[simple:wears]]
[[sv:wears]]
[[ta:wears]]</text>
<sha1>j5d0k7o8xy5qkr439xan4nbwbtlhjvw</sha1>
</revision>
