<page>
<title>weasel</title>
<ns>0</ns>
<id>1889</id>
<revision>
<id>2116283</id>
<parentid>1975654</parentid>
<timestamp>2016-06-04T09:24:31Z</timestamp>
<contributor>
<username>JAnDbot</username>
<id>25083</id>
</contributor>
<minor />
<comment>r2.7.3) (Robô: A adicionar: [[ro:weasel]]</comment>
<model>wikitext</model>
<format>text/x-wiki</format>
<text bytes="990" xml:space="preserve">={{-en-}}=
==Substantivo==
'''wea.sel'''
:# (''zoologia'') [[Doninha]].
==Verbo==
'''to wea.sel''' (''ger.'' weaselling (GB), weaseling (USA), ''part. pas.'' weaselled (GB), weaseled (USA))
:# (seguido de '''out of''' entre o objeto e o sujeito) Obter (algo) de alguém ou de alguma transação, geralmente por ser engenhoso, tortuoso ou malicioso (da suposta astúcia da doninha).
== Etimologia ==
:Do anglo-saxão ''[[weosule]]''.
== Pronúncia ==
* AFI: /ˈwiː.zəɫ/
* X-SAMPA: /&quot;wi:.z@5/
[[Categoria:Substantivo (Inglês)]]
[[Categoria:Verbo (Inglês)]]
[[ay:weasel]]
[[cs:weasel]]
[[el:weasel]]
[[en:weasel]]
[[et:weasel]]
[[fa:weasel]]
[[fi:weasel]]
[[fr:weasel]]
[[fy:weasel]]
[[hu:weasel]]
[[hy:weasel]]
[[io:weasel]]
[[it:weasel]]
[[ko:weasel]]
[[ku:weasel]]
[[mg:weasel]]
[[ml:weasel]]
[[nl:weasel]]
[[no:weasel]]
[[oc:weasel]]
[[pl:weasel]]
[[ro:weasel]]
[[ru:weasel]]
[[simple:weasel]]
[[sq:weasel]]
[[ta:weasel]]
[[te:weasel]]
[[vi:weasel]]
[[wa:weasel]]
[[zh:weasel]]</text>
<sha1>mjv9nvkug0mp29pr25y1kg2iyq4d7gu</sha1>
</revision>
</page>
