<page>
<page>
<title>weave</title>
<ns>0</ns>
<id>127021</id>
<revision>
<id>2081007</id>
<parentid>2052053</parentid>
<timestamp>2016-04-03T15:34:02Z</timestamp>
<contributor>
<username>HydrizBot</username>
<id>29590</id>
</contributor>
<minor />
<comment>Robô: A adicionar: [[co:weave]]</comment>
<model>wikitext</model>
<format>text/x-wiki</format>
<text bytes="645" xml:space="preserve">={{-en-}}=
==Verbo==
'''weave'''
# [[tecer]]
==Ver também==
===No Wikcionário===
* [[woven]]
[[Categoria:Verbo (Inglês)]]
[[Categoria:Entrada com etimologia (Inglês)]]
[[ca:weave]]
[[chr:weave]]
[[co:weave]]
[[cy:weave]]
[[da:weave]]
[[de:weave]]
[[en:weave]]
[[eo:weave]]
[[es:weave]]
[[et:weave]]
[[fi:weave]]
[[fr:weave]]
[[hr:weave]]
[[hu:weave]]
[[hy:weave]]
[[io:weave]]
[[it:weave]]
[[ja:weave]]
[[kn:weave]]
[[ko:weave]]
[[ku:weave]]
[[li:weave]]
[[mg:weave]]
[[ml:weave]]
[[my:weave]]
[[nl:weave]]
[[pl:weave]]
[[ru:weave]]
[[simple:weave]]
[[sv:weave]]
[[ta:weave]]
[[te:weave]]
[[tr:weave]]
[[uk:weave]]
[[vi:weave]]
[[zh:weave]]</text>
<sha1>lti1ptyp2pchlifqj45b224rxx4oe4b</sha1>
</revision>
