<page>
<title>Web</title>
<ns>0</ns>
<id>49579</id>
<revision>
<id>2282366</id>
<parentid>2053222</parentid>
<timestamp>2017-04-27T03:57:07Z</timestamp>
<contributor>
<username>HydrizBot</username>
<id>29590</id>
</contributor>
<minor />
<comment>Robô: A limpar links interwikis antigos</comment>
<model>wikitext</model>
<format>text/x-wiki</format>
<text bytes="141" xml:space="preserve">{{ver também|web}}
={{-de-}}=
==Substantivo==
'''Web'''
# [[web]]
[[Categoria:Substantivo (Alemão)]]
[[Categoria:Informática (Alemão)]]</text>
<sha1>gtdy91rm94o50ta6k8z60stlfsvxvxp</sha1>
</revision>
</page>
