<page>
<page>
<title>webcomic</title>
<ns>0</ns>
<id>410154</id>
<revision>
<id>2546999</id>
<parentid>2544363</parentid>
<timestamp>2019-06-18T09:29:49Z</timestamp>
<contributor>
<username>ValJor</username>
<id>1358</id>
</contributor>
<comment>Melhorando a apresentação do verbete usando a [[:predefinição:cria-entrada]]</comment>
<model>wikitext</model>
<format>text/x-wiki</format>
<text bytes="320" xml:space="preserve">{{Wikipédia|lang=pt}}
{{Wikipédia|lang=en}}
={{-en-}}=
==Substantivo==
'''webcomic'''
# {{PEPB|[[banda desenhada]]|[[história em quadrinhos]]|inline=1}} em formato digital ou virtual
=={{etimologia|en}}==
: {{escopo|Morfologia}} [[web]] + [[comic]].
[[Categoria:Substantivo (Inglês)]]
[[Categoria:Arte (Inglês)]]</text>
<sha1>nuz15bzvw8l0qcaylym72ctan6btgtx</sha1>
</revision>
