<page>
<page>
<title>Webmail</title>
<ns>0</ns>
<id>28467</id>
<revision>
<id>2282368</id>
<parentid>1238242</parentid>
<timestamp>2017-04-27T03:57:09Z</timestamp>
<contributor>
<username>HydrizBot</username>
<id>29590</id>
</contributor>
<minor />
<comment>Robô: A limpar links interwikis antigos</comment>
<model>wikitext</model>
<format>text/x-wiki</format>
<text bytes="153" xml:space="preserve">{{ver também|webmail}}
={{-de-}}=
==Substantivo==
'''Webmail'''
# [[webmail]]
[[Categoria:Substantivo (Alemão)]]
[[Categoria:Informática (Alemão)]]</text>
<sha1>spmn9niuz9d5mou5ig17ro9qu44sky9</sha1>
</revision>
