<page>
<title>websítio</title>
<ns>0</ns>
<id>325002</id>
<revision>
<id>2555153</id>
<parentid>1827622</parentid>
<timestamp>2019-09-29T08:14:00Z</timestamp>
<contributor>
<username>ValJor</username>
<id>1358</id>
</contributor>
<comment>Acrescentando código de língua à [[:Categoria:!Página com mensagem de erro em predefinição|predefinição escopo]]</comment>
<model>wikitext</model>
<format>text/x-wiki</format>
<text bytes="333" xml:space="preserve">={{-pt-}}=
==Substantivo==
{{proparoxítona aparente|web|sí|ti|o}}, {{gramática|m}} 
# {{escopo|pt|Informática}} o mesmo que '''[[website]]'''
=={{etimologia|pt}}==
: {{escopo|Morfologia}} ''[[web]]'' + [[sítio]], por influência do {{etm|en|pt}} ''[[website#Inglês|website]]'' (&quot;idem&quot;).
[[Categoria:Substantivo (Português)]]</text>
<sha1>1dmf7uo6n3wy62fy0u8eu00f4dhc0rs</sha1>
</revision>
</page>
