<page>
<title>website</title>
<ns>0</ns>
<id>50042</id>
<revision>
<id>2555155</id>
<parentid>2169151</parentid>
<timestamp>2019-09-29T08:19:14Z</timestamp>
<contributor>
<username>ValJor</username>
<id>1358</id>
</contributor>
<comment>Acrescentando código de língua à [[:Categoria:!Página com mensagem de erro em predefinição|predefinição escopo]]</comment>
<model>wikitext</model>
<format>text/x-wiki</format>
<text bytes="762" xml:space="preserve">={{-pt-}}=
==Substantivo==
{{flex.pt|ms=website|mp=websites}}
'''website''', {{gramática|m}} 
# {{escopo|pt|Informática|Estrangeirismo}} [[saite]], [[sítio]]
==Ligações externas==
* {{Priberam}}
[[Categoria:Substantivo (Português)]]
={{-da-}}=
==Substantivo==
'''website'''
# [[site]], [[sítio]]
[[Categoria:Substantivo (Dinamarquês)]]
[[Categoria:Informática (Dinamarquês)]]
={{-nl-}}=
==Substantivo==
'''website'''
# [[site]], [[sítio]]
[[Categoria:Substantivo (Holandês)]]
[[Categoria:Informática (Holandês)]]
={{-en-}}=
==Substantivo==
{{flex.en|s=website|p=websites}}
'''website'''
# [[site]], [[sítio]]
==Ver também==
===No Wikcionário===
* [[webmaster]]
[[Categoria:Substantivo (Inglês)]]
[[Categoria:Informática (Inglês)]]</text>
<sha1>fa364po06kk6j0u2ulu94ewmq91mvi4</sha1>
</revision>
</page>
