<page>
<title>Wechsel</title>
<ns>0</ns>
<id>15116</id>
<revision>
<id>2282369</id>
<parentid>2200858</parentid>
<timestamp>2017-04-27T03:57:13Z</timestamp>
<contributor>
<username>HydrizBot</username>
<id>29590</id>
</contributor>
<minor />
<comment>Robô: A limpar links interwikis antigos</comment>
<model>wikitext</model>
<format>text/x-wiki</format>
<text bytes="205" xml:space="preserve">={{-de-}}=
==Substantivo==
{{decl.de.subst.forte.masc|ns=Wechsel|np=Wechsel|gs=Wechsels}}
'''Wech.sel''', ''masculino''
# [[mudança]].
# [[câmbio]] ''(de moedas)''.
[[Categoria:Substantivo_(Alemão)]]</text>
<sha1>5bsxpudvusghpelguyfejegosb9xoo4</sha1>
</revision>
</page>
