<page>
<page>
<title>Wechselstube</title>
<ns>0</ns>
<id>383818</id>
<revision>
<id>2451122</id>
<timestamp>2017-09-20T11:18:50Z</timestamp>
<contributor>
<username>Spanier</username>
<id>43713</id>
</contributor>
<comment>alemão</comment>
<model>wikitext</model>
<format>text/x-wiki</format>
<text bytes="429" xml:space="preserve">={{-de-}}=
==Substantivo==
'''{{grifar|Wech}}.sel.stu.be, {{f}}
# {{escopo|de|comércio}} [[agência de câmbio]]
===Declinação===
{{decl.de.subst.fraca.fem|ns=Wechselstube|np=Wechselstuben}}
=={{etimologia|de}}==
: Composição de ''[[wechseln]]'' (''&quot;cambiar&quot;'') + ''[[Stube]]'' (''&quot;quarto&quot;'').
=={{pronúncia|de}}==
* [[AFI]]: {{AFI|/ˈvɛksl̩ʃtuːbə|de}}
{{categorias|{{nome categoria|de}}|Polissílabo|Substantivo}}</text>
<sha1>nodamusud37nktcijgtckx3cggyhltx</sha1>
</revision>
