<page>
<page>
<title>wecken</title>
<ns>0</ns>
<id>41986</id>
<revision>
<id>2169150</id>
<parentid>2079608</parentid>
<timestamp>2016-09-08T17:53:22Z</timestamp>
<contributor>
<username>UT-interwiki-Bot</username>
<id>56129</id>
</contributor>
<minor />
<comment>Robô: A adicionar: [[da:wecken]]</comment>
<model>wikitext</model>
<format>text/x-wiki</format>
<text bytes="680" xml:space="preserve">={{-de-}}=
==Verbo==
'''we.cken'''
# [[despertar]]
===Conjugação===
{{conj.de.fraca|radical=weck|particípio ii=geweckt|verbo auxiliar=haben}}
=={{etimologia|de}}==
: Do [[alto alemão antigo]] ''[[wecchen]]''.
==Ver também==
===No Wikcionário===
{{verTambém.Ini}}
* [[aufwachen]]
{{verTambém.NovaColuna}}
* [[Wecker]]
{{verTambém.Fim}}
[[Categoria:Verbo (Alemão)]]
[[Categoria:Dissílabo (Alemão)]]
[[chr:wecken]]
[[cs:wecken]]
[[da:wecken]]
[[de:wecken]]
[[el:wecken]]
[[en:wecken]]
[[et:wecken]]
[[fi:wecken]]
[[hu:wecken]]
[[io:wecken]]
[[ja:wecken]]
[[ko:wecken]]
[[ku:wecken]]
[[mg:wecken]]
[[nl:wecken]]
[[pl:wecken]]
[[ro:wecken]]
[[sv:wecken]]
[[zh:wecken]]</text>
<sha1>a7ygcvr128rw9ckjuv898i49d4wxbq2</sha1>
</revision>
