<page>
<title>weder</title>
<ns>0</ns>
<id>13285</id>
<revision>
<id>2186192</id>
<parentid>1897764</parentid>
<timestamp>2016-10-24T12:22:33Z</timestamp>
<contributor>
<username>HydrizBot</username>
<id>29590</id>
</contributor>
<minor />
<comment>Robô: A adicionar: [[nds:weder]]</comment>
<model>wikitext</model>
<format>text/x-wiki</format>
<text bytes="337" xml:space="preserve">={{-de-}}=
==Conjunção==
'''we.der'''
# ''(weder ... noch ...)'' [[nem]] ... [[nem]] ...
==Ver também==
===No Wikcionário===
* [[entweder]]
[[Categoria:Conjunção (Alemão)]]
[[de:weder]]
[[en:weder]]
[[fi:weder]]
[[fr:weder]]
[[hu:weder]]
[[io:weder]]
[[ko:weder]]
[[mg:weder]]
[[nds:weder]]
[[nl:weder]]
[[pl:weder]]
[[zh:weder]]</text>
<sha1>szgkp3a9vgyk4dbf6xyeiybwfybiygp</sha1>
</revision>
</page>
