<page>
<page>
<title>wedlock</title>
<ns>0</ns>
<id>343026</id>
<revision>
<id>1984427</id>
<parentid>1980770</parentid>
<timestamp>2015-08-16T12:30:57Z</timestamp>
<contributor>
<username>YS-Bot</username>
<id>32241</id>
</contributor>
<minor />
<comment>r2.7.3) (Robô: A adicionar: chr, en, eo, es, et, fi, fr, hu, hy, io, kn, ko, ku, lt, mg, ml, my, pl, ta, te, vi, zh</comment>
<model>wikitext</model>
<format>text/x-wiki</format>
<text bytes="687" xml:space="preserve">={{-en-}}=
==Substantivo==
{{flex.en|s=wedlock|p=wedlocks}}
'''wedlock'''
# [[casamento]], [[matrimônio]]
#* ''Sacred bond of '''wedlock'''.'' &lt;small&gt;(Sagrado laço do matrimônio)&lt;/small&gt;
#* ''Holy bond of '''wedlock'''.'' &lt;small&gt;(Santo laço do matrimônio)&lt;/small&gt;
==Ver também==
===No Wikcionário===
* [[bond]]
[[Categoria:Substantivo (Inglês)]]
[[chr:wedlock]]
[[en:wedlock]]
[[eo:wedlock]]
[[es:wedlock]]
[[et:wedlock]]
[[fi:wedlock]]
[[fr:wedlock]]
[[hu:wedlock]]
[[hy:wedlock]]
[[io:wedlock]]
[[kn:wedlock]]
[[ko:wedlock]]
[[ku:wedlock]]
[[lt:wedlock]]
[[mg:wedlock]]
[[ml:wedlock]]
[[my:wedlock]]
[[pl:wedlock]]
[[ta:wedlock]]
[[te:wedlock]]
[[vi:wedlock]]
[[zh:wedlock]]</text>
<sha1>57jvxqke04mkbtmev4d842mshzjjskw</sha1>
</revision>
