<page>
<title>Wednesday</title>
<ns>0</ns>
<id>2957</id>
<revision>
<id>2455151</id>
<parentid>2282371</parentid>
<timestamp>2017-10-16T05:46:29Z</timestamp>
<contributor>
<username>Spanier</username>
<id>43713</id>
</contributor>
<comment>estilo</comment>
<model>wikitext</model>
<format>text/x-wiki</format>
<text bytes="1787" xml:space="preserve">{{Wikipédia|lang=en}}
={{-en-}}=
==Substantivo==
{{flex.en|s=Wednesday|p=Wednesdays}}
{{paroxítona|Wednes|day|lang=en}} (''[[abreviatura|abrev.]] '''{{link preto|Wed}}/{{link preto|Wed.}}''''')
# {{escopo|en|dia da semana}} [[quarta-feira]], [[terceiro]] [[dia]] da [[semana]] pela [[w:ISO 8601|norma ISO 8601]], [[posterior]] [[à]] [[terça-feira]] e [[anterior]] à [[quinta-feira]]:
# {{tradex|en|The choir meets regularly for rehearsals on '''Wednesday''' evenings.|O coral se reúne para ensaios regularmente nas quartas à noite.}}
===Sinónimos===
* {{escopo2|gíria}} {{link preto|hump day}}
===Expressões===
* {{link preto|Ash Wednesday}}: {{escopo2|religião, cristianismo}} {{link preto|Quarta-Feira de Cinzas}}
* {{l.o.|Holy Wednesday|Holy}}/{{link preto|Spy Wednesday}}: {{escopo2|religião, cristianismo}} {{link preto|Quarta-Feira de Páscoa}}
===Termos derivados===
{{verTambém.Ini}}
* {{link preto|Wednesdays}}
* {{link preto|on Wednesday}}
{{verTambém.Fim}}
=={{etimologia|en}}==
:Do [[inglês antigo]] {{etimo|ang|wodnesdæg}}, pelo [[inglês médio]] {{etimo|enm|Wednesdai}}.
:* '''Datação''': [[anterior]] ao [[w:século XII|século XII]]
=={{pronúncia|en}}==
===[[África do Sul]]===
* [[AFI]]: {{AFI|/ˈwenz.dəɪ/}}
===[[inglês americano|Inglês americano]]===
* [[AFI]]: {{AFI|/ˈwɛnz.deɪ/}}, {{AFI|/ˈwɛnz.di/}} {{audio|En-us-Wednesday.ogg|ouvir|lang=en}}
===[[inglês britânico|Inglês britânico]]===
* [[AFI]]: {{AFI|/ˈwɛnz.deɪ/}}, {{AFI|/ˈwɛdnz.deɪ/}}, {{AFI|/ˈwɛnz.di/}}, {{AFI|/ˈwɛdnz.di/}} {{ouvir|En-uk-Wednesday.ogg|ouvir}}
== Ver também ==
=== No Wikcionário ===
{{semana/en}}
[[Categoria:Substantivo (Inglês)]]
[[Categoria:Inglês americano]]
[[Categoria:Coloquialismo (Inglês)]]
[[Categoria:Século XII (Inglês)]]</text>
<sha1>pyhcr9srd4bo2hz33klw02j4f5a8i8h</sha1>
</revision>
</page>
