<page>
<page>
<title>wee</title>
<ns>0</ns>
<id>352838</id>
<revision>
<id>2224412</id>
<parentid>2169153</parentid>
<timestamp>2017-01-17T11:58:58Z</timestamp>
<contributor>
<username>HydrizBot</username>
<id>29590</id>
</contributor>
<minor />
<comment>Robô: A adicionar: [[ta:wee]]</comment>
<model>wikitext</model>
<format>text/x-wiki</format>
<text bytes="897" xml:space="preserve">={{-en-}}=
==Adjetivo==
{{oxítona|wee|lang=en}}
# {{escopo|en|Escócia|Irlanda do Norte|Norte da Inglaterra|Nova Zelândia}} [[pequeno]], [[minúsculo]]
===Sinônimos===
* [[small]]
* [[little]]
==Substantivo==
{{oxítona|wee|lang=en}}
# {{escopo|en|coloquial}} [[xixi]]
===Sinônimos===
* [[wee wee]]
==Verbo==
{{oxítona|wee|lang=en}}
# {{escopo|en|coloquial}} [[fazer]] [[xixi]]
===Sinônimos===
* to [[urinate]]
=={{pronúncia|en}}==
* AFI: {{AFI|/wi:/|lang=en}}
[[Categoria:Adjetivo (Inglês)]]
[[Categoria:Substantivo (Inglês)]]
[[Categoria:Verbo (Inglês)]]
[[ca:wee]]
[[cy:wee]]
[[el:wee]]
[[en:wee]]
[[es:wee]]
[[et:wee]]
[[fr:wee]]
[[hu:wee]]
[[hy:wee]]
[[io:wee]]
[[it:wee]]
[[ka:wee]]
[[kn:wee]]
[[ko:wee]]
[[ku:wee]]
[[mg:wee]]
[[ml:wee]]
[[my:wee]]
[[nl:wee]]
[[oc:wee]]
[[pl:wee]]
[[ru:wee]]
[[simple:wee]]
[[sv:wee]]
[[ta:wee]]
[[te:wee]]
[[tr:wee]]
[[vi:wee]]
[[zh:wee]]</text>
<sha1>27ffrxizgwqs9saw47i1dhljs4v3cee</sha1>
</revision>
