<page>
<title>weech</title>
<ns>0</ns>
<id>400642</id>
<revision>
<id>2520358</id>
<timestamp>2018-09-27T04:32:45Z</timestamp>
<contributor>
<username>Marrovi</username>
<id>27953</id>
</contributor>
<comment>[[Ajuda:Guia de edição/Menus e ferramentas/Sumário de edição|→]] nova página: ={{-yua-}}= ==Substantivo== '''weech''' # [[tatu]]  [[Categoria:Substantivo (Iucateco)]] Categoria:Mamífer...</comment>
<model>wikitext</model>
<format>text/x-wiki</format>
<text bytes="123" xml:space="preserve">={{-yua-}}=
==Substantivo==
'''weech'''
# [[tatu]]
[[Categoria:Substantivo (Iucateco)]]
[[Categoria:Mamífero (Iucateco)]]</text>
<sha1>1eqr4e7q3uvegsrphflyqtljljrrnpw</sha1>
</revision>
</page>
