<page>
<page>
<title>Weegschaal</title>
<ns>0</ns>
<id>440477</id>
<revision>
<id>2662572</id>
<parentid>2662182</parentid>
<timestamp>2022-03-03T05:15:09Z</timestamp>
<contributor>
<username>First jumper</username>
<id>44431</id>
</contributor>
<minor />
<comment>/* {{-nl-}} */</comment>
<model>wikitext</model>
<format>text/x-wiki</format>
<text bytes="585" xml:space="preserve">{{ver também|weegschaal}}
={{-nl-}}=
== Substantivo&lt;sup&gt;1&lt;/sup&gt; ==
'''{{grifar|Weeg}}.schaal''', {{gramática|f|pr}}
# {{escopo|nl|constelação|astrologia}} [[Balança]]
== Substantivo&lt;sup&gt;2&lt;/sup&gt; ==
'''{{grifar|Weeg}}.schaal''', {{gramática|f}}
# alguém com o signo de Balança
=={{etimologia|nl}}==
:Tradução de empréstimo do {{etm|la|nl}} {{l|la|Libra|Lībra}}.
=={{pronúncia|nl}}==
* [[AFI]]: {{AFI|/ˈwexsxal/}} {{audio|Nl-Weegschaal.ogg|ouvir|lang=nl}}
==Ver também==
===No Wikcionário===
{{zodíaco/nl}}
{{categorias|{{nome categoria|nl}}|Dissílabo|Substantivo}}</text>
<sha1>gitx8bl5ghpih0mvjildv25tcqlk24m</sha1>
</revision>
