<page>
<page>
<title>weegschaal</title>
<ns>0</ns>
<id>440500</id>
<revision>
<id>2662186</id>
<parentid>2660238</parentid>
<timestamp>2022-03-02T04:51:03Z</timestamp>
<contributor>
<username>First jumper</username>
<id>44431</id>
</contributor>
<comment>/* {{-nl-}} */ complementos</comment>
<model>wikitext</model>
<format>text/x-wiki</format>
<text bytes="439" xml:space="preserve">{{ver também|Weegschaal}}
={{-nl-}}=
==Substantivo==
'''{{grifar|weeg}}.schaal''', {{gramática|f}}
# {{escopo|nl|ferramenta}} [[balança]]
=={{etimologia|nl}}==
: {{escopo|Morfologia|lang=nl}} ''[[wegen#{{nl}}|wegen]]'' (''&quot;pesar&quot;'') + ''[[schaal#{{nl}}|schaal]]'' (''&quot;prato&quot;'')
=={{pronúncia|nl}}==
* [[AFI]]: {{AFI|/ˈwexsxal/}} {{audio|Nl-weegschaal.ogg|ouvir|lang=nl}}
{{categorias|{{nome categoria|nl}}|Dissílabo|Substantivo}}</text>
<sha1>cmqfiugmk5c0dewnxkmnn05v2g51usv</sha1>
</revision>
