<page>
<title>weerlucht</title>
<ns>0</ns>
<id>231406</id>
<revision>
<id>1726418</id>
<parentid>872973</parentid>
<timestamp>2013-09-14T17:12:19Z</timestamp>
<contributor>
<username>MalafayaBot</username>
<id>628</id>
</contributor>
<minor />
<comment>Robô: Substituição de texto automática (-\]\](.*?)\.\r\n\s? +]]\1\n &amp; -\r\n\s\r\n +\n\n)</comment>
<model>wikitext</model>
<format>text/x-wiki</format>
<text bytes="168" xml:space="preserve">={{-nds-nl-}}=
==Substantivo==
'''weerlucht'''
# [[relâmpago]]
{{página-automática|Maio|2010|relâmpago|nds-nl}}
[[Categoria:Substantivo (Baixo Saxão Holandês)]]</text>
<sha1>5w83cn3gdlx7yzdspphsq7cvomcpu9j</sha1>
</revision>
</page>
