<page>
<page>
<title>wegen</title>
<ns>0</ns>
<id>260885</id>
<revision>
<id>2453862</id>
<parentid>2240549</parentid>
<timestamp>2017-10-07T06:32:02Z</timestamp>
<contributor>
<username>Spanier</username>
<id>43713</id>
</contributor>
<comment>estilo</comment>
<model>wikitext</model>
<format>text/x-wiki</format>
<text bytes="878" xml:space="preserve">={{-de-}}=
==Preposição==
{{paroxítona|we|gen|lang=de}} (''rege o caso genitivo'')
# [[por causa de]]
===Verbetes derivados===
{{verTambém.Ini}}
* [[deinetwegen]]
* [[euretwegen]]
{{verTambém.NovaColuna}}
* [[ihretwegen]]
* [[meinetwegen]]
{{verTambém.NovaColuna}}
* [[seinetwegen]]
* [[unsretwegen]]
{{verTambém.Fim}}
=={{etimologia|nl}}==
: Abreviação do ''von … wegen''.
=={{pronúncia|de}}==
* [[AFI]]: {{AFI|/ˈveːɡən/|de}}
[[Categoria:Preposição (Alemão)]]
={{-nl-}}=
==Verbo==
{{paroxítona|we|gen|lang=nl}}
# [[pesar]]
=={{etimologia|nl}}==
: Do holandês antigo ''*wegan'' e este do proto-germânico ''*weganan''.
=={{pronúncia|nl}}==
* [[AFI]]: {{AFI|/weɣə(n)/|nl}} {{audio|Nl-wegen.ogg|ouvir|lang=nl}}
==Forma de substantivo==
'''wegen'''
# plural de [[weg]]
[[Categoria:Verbo (Holandês)]]
[[Categoria:Forma de substantivo (Holandês)]]</text>
<sha1>5j3hn9j7trttyy1q66nthln5xmv7a53</sha1>
</revision>
