<page>
<title>weggehen</title>
<ns>0</ns>
<id>64481</id>
<revision>
<id>2186193</id>
<parentid>2087086</parentid>
<timestamp>2016-10-24T12:28:30Z</timestamp>
<contributor>
<username>HydrizBot</username>
<id>29590</id>
</contributor>
<minor />
<comment>Robô: A adicionar: [[da:weggehen]]</comment>
<model>wikitext</model>
<format>text/x-wiki</format>
<text bytes="753" xml:space="preserve">={{-de-}}=
== Verbo ==
'''weg.ge.hen'''
# [[partir]], [[sair]].
=== Conjugação ===
{{conj.de.irregular.separável
|radical do infinitivo=geh
|radical do pretérito=ging
|radical do conjuntivo ii=ging
|verbo auxiliar=sein
|particípio ii=weggegangen
|prefixo=weg
}}
=={{etimologia|de}}==
:Da composição de ''[[weg-]]'' (&quot;longe&quot;) e ''[[gehen]]'' (&quot;ir&quot;).
== Ver também ==
=== No Wikcionário ===
{{verTambém.Ini}}
* {{verLigações|gehen}}
{{verTambém.Fim}}
[[Categoria:Verbo (Alemão)]]
[[br:weggehen]]
[[chr:weggehen]]
[[da:weggehen]]
[[de:weggehen]]
[[en:weggehen]]
[[fr:weggehen]]
[[hu:weggehen]]
[[io:weggehen]]
[[ko:weggehen]]
[[ku:weggehen]]
[[mg:weggehen]]
[[pl:weggehen]]
[[ro:weggehen]]
[[ru:weggehen]]
[[sv:weggehen]]
[[zh:weggehen]]</text>
<sha1>a84aeqhssdikn38i3c9fmydyc1beg3h</sha1>
</revision>
</page>
