<page>
<title>weh</title>
<ns>0</ns>
<id>30575</id>
<revision>
<id>2494671</id>
<parentid>2470190</parentid>
<timestamp>2018-04-07T03:08:13Z</timestamp>
<contributor>
<username>Askekamo</username>
<id>60711</id>
</contributor>
<model>wikitext</model>
<format>text/x-wiki</format>
<text bytes="515" xml:space="preserve">{{ver também|Weh}}
={{-de-}}=
==Adjetivo==
'''weh'''
# [[doloroso]]
=== Declinação ===
{{decl.de.adj.regular
|normal=weh
|comparativo=weher
|superlativo=weh(e)ste
}}
=={{etimologia|de}}==
: Do [[alto alemão antigo]] ''wē''.
=={{pronúncia|de}}==
*[[AFI]]: {{AFI|/veː/|de}} {{audio|De-weh.ogg|ouvir|lang=de}}
[[Categoria:Adjetivo (Alemão)]]
[[Categoria:Monossílabo (Alemão)]]
={{-en-}}=
==Interjeição==
'''weh'''
# [[ué]]
===Sinônimos===
* De '''1''': [[wah]]
[[Categoria:Interjeição (Inglês)]]</text>
<sha1>kn2d97y49p1er63z8n21t1s2zaq19qh</sha1>
</revision>
</page>
