<page>
<title>Weib</title>
<ns>0</ns>
<id>13364</id>
<revision>
<id>2282374</id>
<parentid>2222769</parentid>
<timestamp>2017-04-27T03:57:36Z</timestamp>
<contributor>
<username>HydrizBot</username>
<id>29590</id>
</contributor>
<minor />
<comment>Robô: A limpar links interwikis antigos</comment>
<model>wikitext</model>
<format>text/x-wiki</format>
<text bytes="162" xml:space="preserve">={{-de-}}=
===Substantivo===
{{decl.de.subst.forte.neu.date|ns=Weib|np=Weiber|gs=Weib(e)s}}
'''Weib''', ''n.''
# [[mulher]].
[[Categoria:Substantivo_(Alemão)]]</text>
<sha1>gw8hz63gueyt67avq5krxa9h8tyw6pg</sha1>
</revision>
</page>
