<page>
<page>
<title>weight</title>
<ns>0</ns>
<id>380907</id>
<revision>
<id>2438666</id>
<parentid>2438665</parentid>
<timestamp>2017-07-18T19:36:50Z</timestamp>
<contributor>
<username>Tribuno da Plebe</username>
<id>16095</id>
</contributor>
<minor />
<comment>/* {{pronúncia|en}} */</comment>
<model>wikitext</model>
<format>text/x-wiki</format>
<text bytes="815" xml:space="preserve">={{-en-}}=
=={{etimologia|en}}==
{{llietimo|ang|wiht|en|ponto=não}}, {{etimo|ang|ġewiht}}, do proto-germânico ''*wihtiz'', do proto-indo-europeu ''*weǵʰ-''.
=={{pronúncia|en}}==
* [[AFI]]: {{IPA|/weɪt/|lang=en}}
* {{audio|en-us-weight.ogg|Audio (US)|lang=en}}
===Homófonos===
* [[wait]]
==Substantivo==
{{flex.en|s=weight|p=weights}}
'''weight'''
# {{escopo|en|objeto|física}} [[peso]]
#* the '''weight''' of an elephant - o peso de um elefante
#* He's working out with '''weights'''. - Ele está fazendo exercícios com pesos.
==Verbo==
'''weight''', {{g|tran}}
# adicionar peso a algo, tornando-o mais pesado
# {{escopo|en|matemática}} [[ponderar]]
===Conjugação===
{{conj.en.reg|weight}}
===Termos relacionados===
* [[weigh]]
[[Categoria:Substantivo (Inglês)]]
[[Categoria:Verbo (Inglês)]]</text>
<sha1>nwlzd98qg32crpuv1hin8t2m4dnkpjj</sha1>
</revision>
