<page>
<page>
<title>Weihnachtsbaum</title>
<ns>0</ns>
<id>388260</id>
<revision>
<id>2470360</id>
<timestamp>2017-12-14T04:00:38Z</timestamp>
<contributor>
<username>Spanier</username>
<id>43713</id>
</contributor>
<comment>alemão</comment>
<model>wikitext</model>
<format>text/x-wiki</format>
<text bytes="531" xml:space="preserve">{{Wikipédia|lang=de}}
={{-de-}}=
== Substantivo ==
{{proparoxítona|Weih|nachts|baum|lang=de}}, {{gramática|m}}
# {{escopo|de|cultura}} [[árvore de Natal]]
===Sinônimo===
* [[Christbaum]]
===Declinação===
{{decl.de.subst.masc|gs=(e)s|np=e|ds=e|Weihnachtsb|a|um|ä}}
=={{etimologia|de}}==
: De ''[[Weihnacht]]'' (''&quot;Natal&quot;'') + ''[[Baum#{{de}}|Baum]]'' (''&quot;árvore&quot;'').
=={{pronúncia|de}}==
* [[AFI]]: {{AFI|/ˈvaɪ̯naxt͡sbaʊ̯m|de}}
* {{audio|De-Weihnachtsbaum.ogg|ouvir|lang=de}}
[[Categoria:Substantivo (Alemão)]]</text>
<sha1>eglmaxonzx6feju1os67rlu2zj7nlgp</sha1>
</revision>
