<page>
<page>
<title>Weihnachten</title>
<ns>0</ns>
<id>38342</id>
<revision>
<id>2452465</id>
<parentid>2446676</parentid>
<timestamp>2017-09-28T06:35:10Z</timestamp>
<contributor>
<username>Spanier</username>
<id>43713</id>
</contributor>
<comment>estilo</comment>
<model>wikitext</model>
<format>text/x-wiki</format>
<text bytes="4243" xml:space="preserve">={{-de-}}=
==Substantivo==
{{proparoxítona|Weih|nach|ten|lang=de}}, {{n}} (''[[abreviatura|abrev.]] '''{{link opcional|Weihn.|de}}''''')
# {{escopo|de|Catolicismo|comemoração|cristianismo|religião}} [[Natal]]
# {{tradex|de|In 3 Tagen ist '''Weihnachten'''.|Faltam 3 dias para o Natal.}}
===Declinação===
{{decl.de.subst|título=Substantivo neutro indeclinável
|NS=[[das#{{de}}|das]] '''Weihnachten'''
|NP=[[die]] '''Weihnachten'''
|AS=[[das#{{de}}|das]] '''Weihnachten'''
|AP=[[die]] '''Weihnachten'''
|DS=[[dem]] '''Weihnachten'''
|DP=[[den]] '''Weihnachten'''
|GS=[[des]] '''Weihnachten'''
|GP=[[der#{{de}}|der]] '''Weihnachten'''
}}
===Sinônimos===
{{fraseini|Sinónimos de ''Weihnachten''}}
* {{link opcional|Christfest|de}}
* {{link opcional|das Fest|de}}
* {{link opcional|Festtage|de}}
{{verTambém.NovaColuna}}
* {{link opcional|Weihnacht|de}}
* {{link opcional|Weihnachtsfest|de}}
* {{link opcional|Weihnachtstag|de}}
{{verTambém.NovaColuna}}
* {{link opcional|Weihnachtstage|de}}
* {{link opcional|Fest des Friedens|de}}
* {{link opcional|Fest des Lichtes|de}}
{{verTambém.NovaColuna}}
{{frasefim}}
===Expressões===
* [[ein Gefühl wie Weihnachten]]''': sensação estranha
* [[Frohe Weihnachten (und ein glückliches neues Jahr)|Frohe]]/[[Fröhliche Weihnachten (und ein glückliches neues Jahr)]]: Feliz Natal (e feliz Ano Novo)
* [[grüne Weihnachten]]: Natal sem neve
* [[weiße Weihnachten]]: Natal com neve
* [[wenn Ostern und Weihnachten auf einen Tag fallen]] (literalmente: &quot;quando a Páscoa e o Natal caírem no mesmo dia&quot;): no Dia de São Nunca, nunquinha, nunca, jamais
* [[zu Weihnachten bekommen]]: ganhar de Natal, receber de presente no Natal
===Verbetes derivados===
{{fraseini|Verbetes derivados de ''Weihnachten''}}
* {{link opcional|weihnachten|de}}
* {{link opcional|weihnachtlich|de}}
* {{link opcional|Weihnachtsabend|de}}
* {{link opcional|Weihnachtsbäckerei|de}}
* {{link opcional|Weihnachtsbasar|de}}
* {{link opcional|Weihnachtsbaum|de}}
* {{link opcional|Weihnachtsbescherung|de}}
* {{link opcional|Weihnachtsbrauch|de}}
* {{link opcional|Weihachtsbraten|de}}
* {{link opcional|Weihnachtsbummel|de}}
* {{link opcional|Weihnachtsdekoration|de}}
* {{link opcional|Weihnachtseinkauf|de}}
* {{link opcional|Weihnachtsengel|de}}
{{verTambém.NovaColuna}}
* {{link opcional|Weihnachtsessen|de}}
* {{link opcional|Weihnachtsfeier|de}}
* {{link opcional|Weihnachtsfeiertag|de}}
* {{link opcional|Weihnachtsferien|de}}
* {{link opcional|Weihnachtsfest|de}}
* {{link opcional|Weihnachtsgans|de}}
* {{link opcional|Weihnachtsgebäck|de}}
* {{link opcional|Weihnachtsgeld|de}}
* {{link opcional|Weihnachtsgeschäft|de}}
* {{link opcional|Weihnachtsgeschenk|de}}
* {{link opcional|Weihnachtsgeschichte|de}}
* {{link opcional|Weihnachtsgottesdienst|de}}
{{verTambém.NovaColuna}}
* {{link opcional|Weihnachtsgratifikation|de}}
* {{link opcional|Weihnachtsinsel|de}}
* {{link opcional|Weihnachtskaktus|de}}
* {{link opcional|Weihnachtskarte|de}}
* {{link opcional|Weihnachtskrippe|de}}
* {{link opcional|Weihnachtslied|de}}
* {{link opcional|Weihnachtslieferung|de}}
* {{link opcional|Weihnachtsmann|de}}
* {{link opcional|Weihnachtsmarkt|de}}
* {{link opcional|Weihnachtsmenü|de}}
* {{link opcional|Weihnachtsplätzchen|de}}
* {{link opcional|Weihnachtspyramide|de}}
{{verTambém.NovaColuna}}
* {{link opcional|Weihnachtsrede|de}}
* {{link opcional|Weihnachtssendung|de}}
* {{link opcional|Weihnachtsstern|de}}
* {{link opcional|Weihnachtsstimmung|de}}
* {{link opcional|Weihnachtsstollen|de}}
* {{link opcional|Weihnachtstag|de}}
* {{link opcional|Weihnachtsteller|de}}
* {{link opcional|Weihnachtstradition|de}}
* {{link opcional|Weihnachtszauber|de}}
* {{link opcional|Weihnachtszeit|de}}
* {{link opcional|Weihnachtszelt|de}}
* {{link opcional|Weihnachtszeremonie|de}}
{{frasefim}}
=={{etimologia|de}}==
: Do [[alto alemão médio]] {{etimo|gmh|wīhenahten}}, [[derivado]] da [[expressão]] ''ze wīhen nahten'' (&quot;nas [[noite]]s [[santo|santas]]&quot;).
=={{pronúncia|de}}==
* [[AFI]]: {{AFI|/ˈvaɪ̯.nax.tn̩/|de}} {{audio|De-Weihnachten.ogg|ouvir (voz feminina)|lang=de}}, {{ouvir|De-Weihnachten.OGG|(voz masculina)}}
[[Categoria:Substantivo (Alemão)]]
[[Categoria:Entrada com imagem (Alemão)]]</text>
<sha1>59qfjv04rqyyhu93go0eac3dlapsiwk</sha1>
</revision>
