<page>
<title>weil</title>
<ns>0</ns>
<id>40225</id>
<revision>
<id>2240551</id>
<parentid>2196134</parentid>
<timestamp>2017-02-18T13:19:41Z</timestamp>
<contributor>
<username>UT-interwiki-Bot</username>
<id>56129</id>
</contributor>
<minor />
<comment>Robô: A adicionar: [[az:weil]]</comment>
<model>wikitext</model>
<format>text/x-wiki</format>
<text bytes="478" xml:space="preserve">={{-de-}}=
==Conjunção==
'''weil''' ''conjunção subordinativa causal''
#  [[porque]], [[já que]].
[[Categoria:Conjunção_(Alemão)]]
[[az:weil]]
[[br:weil]]
[[chr:weil]]
[[cs:weil]]
[[da:weil]]
[[de:weil]]
[[el:weil]]
[[en:weil]]
[[es:weil]]
[[et:weil]]
[[fi:weil]]
[[fj:weil]]
[[fr:weil]]
[[hr:weil]]
[[hu:weil]]
[[id:weil]]
[[io:weil]]
[[it:weil]]
[[ja:weil]]
[[ko:weil]]
[[ku:weil]]
[[mg:weil]]
[[nl:weil]]
[[pl:weil]]
[[ru:weil]]
[[sv:weil]]
[[tr:weil]]
[[zh:weil]]</text>
<sha1>47xuomf0xvxqheynqk4szmxa9zpagi2</sha1>
</revision>
</page>
