<page>
<page>
<title>Weinkeller</title>
<ns>0</ns>
<id>385099</id>
<revision>
<id>2456732</id>
<parentid>2456731</parentid>
<timestamp>2017-10-23T07:00:52Z</timestamp>
<contributor>
<username>Spanier</username>
<id>43713</id>
</contributor>
<comment>suplementos</comment>
<model>wikitext</model>
<format>text/x-wiki</format>
<text bytes="465" xml:space="preserve">{{Wikipédia|lang=de}}
={{-de-}}=
==Substantivo==
{{proparoxítona|Wein|kel|ler|lang=de}}, {{m}}
# {{escopo|de|arquitetura}} [[garrafeira]] (cave)
# {{escopo|de|comércio}} [[adega]]
=== Declinação ===
{{decl.de.subst.masc.s/-|Weinkeller}}
=={{etimologia|de}}==
: Do ''[[Wein]]'' (''&quot;vinho&quot;'') + ''[[Keller]]'' (''&quot;cave&quot;'').
=={{pronúncia|de}}==
* [[AFI]]: {{AFI|/ˈvaɪ̯nkɛlɐ/|de}}
[[Categoria:Substantivo (Alemão)]]
[[Categoria:Restaurante (Alemão)]]</text>
<sha1>o0la5j99qx1wdqc7zlayt8yy3ehb7h4</sha1>
</revision>
