<page>
<page>
<title>Weinen</title>
<ns>0</ns>
<id>28477</id>
<revision>
<id>2282379</id>
<parentid>2186468</parentid>
<timestamp>2017-04-27T03:57:58Z</timestamp>
<contributor>
<username>HydrizBot</username>
<id>29590</id>
</contributor>
<minor />
<comment>Robô: A limpar links interwikis antigos</comment>
<model>wikitext</model>
<format>text/x-wiki</format>
<text bytes="140" xml:space="preserve">{{ver também|weinen}}
={{-de-}}=
==Forma de substantivo==
'''Weinen'''
# flexão de [[Wein]]
[[Categoria:Forma de substantivo (Alemão)]]</text>
<sha1>2oghkrbgd8h1jjmd5tzjzkdxqwrnlf1</sha1>
</revision>
