<page>
<title>weirder</title>
<ns>0</ns>
<id>444389</id>
<revision>
<id>2679885</id>
<timestamp>2022-06-12T09:50:14Z</timestamp>
<contributor>
<username>ValJor</username>
<id>1358</id>
</contributor>
<comment deleted="deleted" />
<model>wikitext</model>
<format>text/x-wiki</format>
<text bytes="139" xml:space="preserve">={{-en-}}=
==Forma de adjetivo==
'''weirder'''
# comparativo de [[weird]]
{{avi-for-fle|weird}}
[[Categoria:Forma de adjetivo (Inglês)]]</text>
<sha1>aram1z7tpps07p0n8wjicxvhfawv91t</sha1>
</revision>
</page>
