<page>
<page>
<title>Weise</title>
<ns>0</ns>
<id>117904</id>
<revision>
<id>2446527</id>
<parentid>2439051</parentid>
<timestamp>2017-08-30T16:08:14Z</timestamp>
<contributor>
<username>Spanier</username>
<id>43713</id>
</contributor>
<comment>suplementos</comment>
<model>wikitext</model>
<format>text/x-wiki</format>
<text bytes="356" xml:space="preserve">{{ver também|weise}}
={{-de-}}=
==Substantivo==
'''&lt;u&gt;Wei&lt;/u&gt;.se''', {{f}}
# [[modo]]; [[jeito]]; [[maneira]]
===Declinação===
{{decl.de.subst.fraca.fem|ns=Weise|np=Weisen}}
=={{etimologia|de}}==
{{llietimo|goh|wisa|de|ponto=não}}, do proto-germânico ''*wīsaz''.
=={{pronúncia|de}}==
* [[AFI]]: /ˈvaɪ̯zə/
[[Categoria:Substantivo (Alemão)]]</text>
<sha1>jx1jc3wvv4dxgd8tvn84zruqvlirf70</sha1>
</revision>
