<page>
<title>weitesjap</title>
<ns>0</ns>
<id>76259</id>
<revision>
<id>1803523</id>
<parentid>1535157</parentid>
<timestamp>2014-01-07T18:32:55Z</timestamp>
<contributor>
<username>MalafayaBot</username>
<id>628</id>
</contributor>
<minor />
<comment>r2.7.5) (Robô: A adicionar: [[ru:weitesjap]]</comment>
<model>wikitext</model>
<format>text/x-wiki</format>
<text bytes="642" xml:space="preserve">={{-li-}}=
==Substantivo==
'''wei.te.sjap'''
# [[ciência]].
===Verbetes derivados===
{{verTambém.Ini}}
* {{link opcional|Minsjweitesjappe|li}}
* {{link opcional|Natuurweitesjappe|li}}
* {{link opcional|Taalweitesjap|li}}
{{verTambém.NovaColuna}}
* {{link opcional|weitesjappelik|li}}
* {{link opcional|weitesjapsfilosofie|li}}
{{verTambém.Fim}}
==Ver também==
===No Wikcionário===
{{verTambém.Ini}}
* [[kóns]]
{{verTambém.Fim}}
[[Categoria:Substantivo (Limburguês)]]
[[Categoria:Trissílabo (Limburguês)]]
[[Categoria:Ciência (Limburguês)]]
[[fr:weitesjap]]
[[it:weitesjap]]
[[li:weitesjap]]
[[mg:weitesjap]]
[[ru:weitesjap]]</text>
<sha1>369itk2i5cx44tjb21ch71lwjex9vz1</sha1>
</revision>
</page>
