<page>
<page>
<title>Weizenmehl</title>
<ns>0</ns>
<id>86758</id>
<revision>
<id>2282384</id>
<parentid>2186473</parentid>
<timestamp>2017-04-27T03:58:16Z</timestamp>
<contributor>
<username>HydrizBot</username>
<id>29590</id>
</contributor>
<minor />
<comment>Robô: A limpar links interwikis antigos</comment>
<model>wikitext</model>
<format>text/x-wiki</format>
<text bytes="387" xml:space="preserve">={{-de-}}=
== Substantivo ==
'''Weizenmehl''', ''neutro, forte''
# [[farinha de trigo]].
=== Declinação ===
{{decl.de.subst.neu.(e)s_e|ds=e|Weizenmehl}}
== Etimologia ==
: De ''[[Weizen#{{de}}|Weizen]]'' (''&quot;trigo&quot;'') + ''[[Mehl#{{de}}|Mehl]]'' (''&quot;farinha&quot;'').
[[Categoria:Substantivo (Alemão)]]
[[Categoria:Alimentação (Alemão)]]
[[Categoria:Entrada com etimologia (Alemão)]]</text>
<sha1>ctddt6bmizmtx2alryyydkr48v19qcf</sha1>
</revision>
