<page>
<page>
<title>weke</title>
<ns>0</ns>
<id>231209</id>
<revision>
<id>1726419</id>
<parentid>897134</parentid>
<timestamp>2013-09-14T17:12:21Z</timestamp>
<contributor>
<username>MalafayaBot</username>
<id>628</id>
</contributor>
<minor />
<comment>Robô: Substituição de texto automática (-\]\](.*?)\.\r\n\s? +]]\1\n &amp; -\r\n\s\r\n +\n\n)</comment>
<model>wikitext</model>
<format>text/x-wiki</format>
<text bytes="252" xml:space="preserve">={{-nds-nl-}}=
==Substantivo==
'''weke'''
# [[semana]] (período de sete dias)
{{página-automática|Maio|2010|semana|nds-nl}}
[[Categoria:Substantivo (Baixo Saxão Holandês)]]
[[af:weke]]
[[en:weke]]
[[hr:weke]]
[[ku:weke]]
[[nl:weke]]
[[vo:weke]]</text>
<sha1>entpcmfy86uvsu7bvqqq4asb8lz9zub</sha1>
</revision>
