<page>
<title>welcher</title>
<ns>0</ns>
<id>383150</id>
<revision>
<id>2449904</id>
<parentid>2447467</parentid>
<timestamp>2017-09-14T15:02:48Z</timestamp>
<contributor>
<username>Spanier</username>
<id>43713</id>
</contributor>
<minor />
<comment>/* {{pronúncia|de}} */</comment>
<model>wikitext</model>
<format>text/x-wiki</format>
<text bytes="667" xml:space="preserve">={{-de-}}=
== Pronome ==
'''&lt;u&gt;wel&lt;/u&gt;.cher'''
# {{escopo|de|Pronome interrogativo}} [[qual]], [[quais]], [[que]]
#*'''Welcher''' Ring gefällt dir besser? : qual é a anel que mais te agrada?
# {{escopo|de|Pronome relativo}} [[que]]
# {{escopo|de|Pronome indefinido}} [[algum]]
=== Declinação ===
{{decl.de.pronome
|nm=welcher|am=welchen|dm=welchem|gm=welches, (welchen)
|nf=welche |af=welche |df=welcher|gf=welcher
|nn=welches|an=welches|dn=welchem|gn=welches, (welchen)
|np=welche |ap=welche |dp=welcher|gp=welcher
}}
=={{etimologia|de}}==
: Do antigo alto-alemão '' (h)welīh''.
=={{pronúncia|de}}==
*{{áudio|De-welcher.ogg|ouvir|lang=de|/ˈvɛlçɐ/|de}}</text>
<sha1>gta01p7z610iy6vxtz3984yw68k6egm</sha1>
</revision>
</page>
