<page>
<page>
<title>welfare</title>
<ns>0</ns>
<id>388078</id>
<revision>
<id>2497119</id>
<parentid>2469803</parentid>
<timestamp>2018-04-18T12:40:40Z</timestamp>
<contributor>
<username>ValJor</username>
<id>1358</id>
</contributor>
<comment>Melhorando a apresentação do verbete usando a [[:predefinição:cria-entrada]]</comment>
<model>wikitext</model>
<format>text/x-wiki</format>
<text bytes="524" xml:space="preserve">{{Wikipédia|lang=en}}
{{Wikipédia|lang=simple}}
={{-pt-}}=
==Substantivo==
{{flex.pt|s=welfare|p=-}}
'''''welfare'''''
# {{escopo|pt|Estrangeirismo}} [[assistência]] [[social]] (benefícios concedidos pelo Estado a indivíduos em necessidade)
[[Categoria:Substantivo (Português)]]
={{-en-}}=
==Substantivo==
'''welfare'''
# [[bem-estar]]
# [[assistência]] [[social]]
=={{etimologia|en}}==
{{llietimo|enm|welfare|en|ponto=não}} e este do {{etm|ang|en}} {{etimo|ang|wel faran}}.
[[Categoria:Substantivo (Inglês)]]</text>
<sha1>bkxe9h28dgg9y3ic54ditpty07pjup2</sha1>
</revision>
