<page>
<title>wellingtoniano</title>
<ns>0</ns>
<id>58747</id>
<revision>
<id>1468100</id>
<parentid>1189045</parentid>
<timestamp>2012-09-22T14:20:38Z</timestamp>
<contributor>
<username>ValJor</username>
<id>1358</id>
</contributor>
<comment>Separando adjetivo de substantivo</comment>
<model>wikitext</model>
<format>text/x-wiki</format>
<text bytes="434" xml:space="preserve">={{-pt-}}=
==Adjetivo==
{{flex.pt|ms=wellingtoniano|mp=wellingtonianos|
fs=wellingtoniana|fp=wellingtonianas}}
{{paroxítona|wel|ling|to|ni|a|no}}
# de ou relativo à [[Wellington]], cidade da Nova Zelândia
==Substantivo==
{{paroxítona|wel|ling|to|ni|a|no}}
# habitante ou natural do Wellington
[[Categoria:Adjetivo (Português)]]
[[Categoria:Substantivo (Português)]]
[[Categoria:Gentílico (Português)]]
[[es:wellingtoniano]]</text>
<sha1>khn3upn14us0yk3f6bi4c2qk214zk6o</sha1>
</revision>
</page>
