<page>
<page>
<title>well</title>
<ns>0</ns>
<id>5053</id>
<revision>
<id>2240555</id>
<parentid>2224410</parentid>
<timestamp>2017-02-18T13:23:26Z</timestamp>
<contributor>
<username>UT-interwiki-Bot</username>
<id>56129</id>
</contributor>
<minor />
<comment>Robô: A adicionar: [[da:well]]</comment>
<model>wikitext</model>
<format>text/x-wiki</format>
<text bytes="1425" xml:space="preserve">{{Wikipédia|lang=en}}
={{-en-}}=
==Adjetivo==
'''well'''
# [[bem]], em boa saúde
==Advérbio==
'''well'''
# [[bem]]
#* ''He does that '''well'''. &lt;small&gt;(Ele faz aquilo '''bem'''.)&lt;/small&gt;''
===Expressões===
* '''[[as well as]]''': assim como, como também.
==Interjeição==
'''well'''
# [[bem]], [[bom]]
==Substantivo==
'''well'''
# [[poço]]
==Verbo==
'''well'''
# [[verter]], [[jorrar]]
==Ver também==
===No Wikcionário===
{{verTambém.Ini}}
* [[well-meaning]]
{{verTambém.NovaColuna}}
* [[well-meant]]
{{verTambém.NovaColuna}}
* [[well-thought-of]]
{{verTambém.Fim}}
[[Categoria:Adjetivo (Inglês)]]
[[Categoria:Advérbio (Inglês)]]
[[Categoria:Interjeição (Inglês)]]
[[Categoria:Substantivo (Inglês)]]
[[Categoria:Verbo (Inglês)]]
[[an:well]]
[[ar:well]]
[[az:well]]
[[ca:well]]
[[chr:well]]
[[co:well]]
[[cs:well]]
[[cy:well]]
[[da:well]]
[[de:well]]
[[dv:well]]
[[el:well]]
[[en:well]]
[[eo:well]]
[[es:well]]
[[et:well]]
[[eu:well]]
[[fa:well]]
[[fi:well]]
[[fj:well]]
[[fr:well]]
[[hi:well]]
[[hu:well]]
[[hy:well]]
[[io:well]]
[[it:well]]
[[ja:well]]
[[ka:well]]
[[kk:well]]
[[km:well]]
[[kn:well]]
[[ko:well]]
[[ku:well]]
[[li:well]]
[[lo:well]]
[[lv:well]]
[[mg:well]]
[[ml:well]]
[[my:well]]
[[nds:well]]
[[nl:well]]
[[no:well]]
[[oc:well]]
[[pl:well]]
[[ru:well]]
[[simple:well]]
[[sv:well]]
[[ta:well]]
[[te:well]]
[[th:well]]
[[tr:well]]
[[uk:well]]
[[vi:well]]
[[wa:well]]
[[zh:well]]</text>
<sha1>jw3owxr7xgqvusvvqaksgkrkhro32b6</sha1>
</revision>
