<page>
<page>
<title>Weltkrieg</title>
<ns>0</ns>
<id>259702</id>
<revision>
<id>2282390</id>
<parentid>2014080</parentid>
<timestamp>2017-04-27T03:58:40Z</timestamp>
<contributor>
<username>HydrizBot</username>
<id>29590</id>
</contributor>
<minor />
<comment>Robô: A limpar links interwikis antigos</comment>
<model>wikitext</model>
<format>text/x-wiki</format>
<text bytes="175" xml:space="preserve">={{-de-}}=
==Substantivo==
'''Weltkrieg''', {{m}} {{p|Weltkriege}}
#[[guerra]] [[mundial]]
=={{etimologia|de}}==
:De [[Welt]] + [[Krieg]]
[[Categoria:Substantivo (Alemão)]]</text>
<sha1>c63kha4qv2vwkt8wietdjfaunbzj22f</sha1>
</revision>
