<page>
<title>weltanschauung</title>
<ns>0</ns>
<id>444793</id>
<revision>
<id>2682016</id>
<timestamp>2022-06-27T22:36:14Z</timestamp>
<contributor>
<username>Itleda</username>
<id>86989</id>
</contributor>
<comment>[[Ajuda:Guia de edição/Menus e ferramentas/Sumário de edição|→]] nova página: ={{-pt-}}= ==Substantivo== '''''weltanschauung''''' # {{escopo|pt|estrangeirismo}} ver [[cosmovisão]], [[visão do mundo]]  =={{etimologia|pt}}== {{llietimo|de|Weltanschauung|pt}}  [[Categoria:Substantivo (Português)]]</comment>
<model>wikitext</model>
<format>text/x-wiki</format>
<text bytes="220" xml:space="preserve">={{-pt-}}=
==Substantivo==
'''''weltanschauung'''''
# {{escopo|pt|estrangeirismo}} ver [[cosmovisão]], [[visão do mundo]]
=={{etimologia|pt}}==
{{llietimo|de|Weltanschauung|pt}}
[[Categoria:Substantivo (Português)]]</text>
<sha1>h0om417gzqb87n2q2g3pwzxktavi7yf</sha1>
</revision>
</page>
