<page>
<title>wen</title>
<ns>0</ns>
<id>383152</id>
<revision>
<id>2451817</id>
<parentid>2449906</parentid>
<timestamp>2017-09-23T07:42:46Z</timestamp>
<contributor>
<username>Spanier</username>
<id>43713</id>
</contributor>
<minor />
<model>wikitext</model>
<format>text/x-wiki</format>
<text bytes="399" xml:space="preserve">={{-de-}}=
== Pronome ==
'''wem'''
# {{escopo|de|Pronome interrogativo}} a [[quem]], de quem, par quem
#*Ich weiß nicht '''wen''' ich fragen soll: Eu não sei a quem deveria perguntar.
=== Declinação ===
{{decl.de.pron.wer}}
=={{etimologia|de}}==
: Acusativo singular de [[wer]].
=={{pronúncia|de}}==
*{{áudio|De-Wen.OGG‎‎|ouvir|lang=de|/veːn/|de}}
[[Categoria:Monossílabo (Alemão)]]</text>
<sha1>a58nf2jn7u510axgz7cuebc3iupsi39</sha1>
</revision>
</page>
