<page>
<page>
<title>wenge</title>
<ns>0</ns>
<id>444784</id>
<revision>
<id>2681997</id>
<timestamp>2022-06-27T21:54:34Z</timestamp>
<contributor>
<username>Itleda</username>
<id>86989</id>
</contributor>
<comment>[[Ajuda:Guia de edição/Menus e ferramentas/Sumário de edição|→]] nova página: ={{-pt-}}= ==Substantivo== '''''wenge''''', {{gramática|m}} # {{escopo|pt|estrangeirismo}} ver [[vengué]], [[venguê]]  =={{etimologia|pt}}== {{llietimo|en|wenge|pt}}  [[Categoria:Substantivo (Português)]]</comment>
<model>wikitext</model>
<format>text/x-wiki</format>
<text bytes="208" xml:space="preserve">={{-pt-}}=
==Substantivo==
'''''wenge''''', {{gramática|m}}
# {{escopo|pt|estrangeirismo}} ver [[vengué]], [[venguê]]
=={{etimologia|pt}}==
{{llietimo|en|wenge|pt}}
[[Categoria:Substantivo (Português)]]</text>
<sha1>bil0pp5o42q1geqs432k2wrekn0ruo5</sha1>
</revision>
