<page>
<title>wenigstens</title>
<ns>0</ns>
<id>36024</id>
<revision>
<id>2229900</id>
<parentid>2081049</parentid>
<timestamp>2017-01-29T05:59:28Z</timestamp>
<contributor>
<username>UT-interwiki-Bot</username>
<id>56129</id>
</contributor>
<minor />
<comment>Robô: A adicionar: [[da:wenigstens]]</comment>
<model>wikitext</model>
<format>text/x-wiki</format>
<text bytes="334" xml:space="preserve">={{-de-}}=
==Advérbio==
'''we.nigs.tens'''
# [[ao]] [[menos]].
[[Categoria:Advérbio_(Alemão)]]
[[da:wenigstens]]
[[de:wenigstens]]
[[el:wenigstens]]
[[en:wenigstens]]
[[et:wenigstens]]
[[fr:wenigstens]]
[[hu:wenigstens]]
[[io:wenigstens]]
[[ku:wenigstens]]
[[pl:wenigstens]]
[[ru:wenigstens]]
[[sv:wenigstens]]
[[zh:wenigstens]]</text>
<sha1>d44vlh11t25hhse3057rs3h9ywz95vl</sha1>
</revision>
</page>
