<page>
<title>wenn</title>
<ns>0</ns>
<id>13416</id>
<revision>
<id>2220802</id>
<parentid>2116346</parentid>
<timestamp>2017-01-09T02:50:54Z</timestamp>
<contributor>
<username>UT-interwiki-Bot</username>
<id>56129</id>
</contributor>
<minor />
<comment>Robô: A adicionar: [[ca:wenn]]</comment>
<model>wikitext</model>
<format>text/x-wiki</format>
<text bytes="611" xml:space="preserve">={{-de-}}=
==Conjunção==
'''wenn'''
# ''(subordinativa condicional)'' [[se]].
# ''(subordinativa temporal)'' [[quando]].
# ''(com [[auch]], [[schon]], subordinativa concessiva)'' [[embora]], [[mesmo que]], [[ainda que]].
[[Categoria:Conjunção_(Alemão)]]
[[br:wenn]]
[[ca:wenn]]
[[chr:wenn]]
[[cs:wenn]]
[[da:wenn]]
[[de:wenn]]
[[el:wenn]]
[[en:wenn]]
[[es:wenn]]
[[et:wenn]]
[[fi:wenn]]
[[fj:wenn]]
[[fr:wenn]]
[[hr:wenn]]
[[hu:wenn]]
[[io:wenn]]
[[ko:wenn]]
[[ku:wenn]]
[[li:wenn]]
[[lt:wenn]]
[[mg:wenn]]
[[nds:wenn]]
[[nl:wenn]]
[[no:wenn]]
[[pl:wenn]]
[[ru:wenn]]
[[sv:wenn]]
[[tr:wenn]]
[[zh:wenn]]</text>
<sha1>jhjb810b3rlgoa2gnlm1axcv4y05mbt</sha1>
</revision>
</page>
