<page>
<title>wensten</title>
<ns>0</ns>
<id>148433</id>
<revision>
<id>2602793</id>
<parentid>639666</parentid>
<timestamp>2020-11-22T10:44:04Z</timestamp>
<contributor>
<username>ValJor</username>
<id>1358</id>
</contributor>
<comment>Já fazia mais de dez anos que ninguém atualizava esse verbete...</comment>
<model>wikitext</model>
<format>text/x-wiki</format>
<text bytes="191" xml:space="preserve">={{-nl-}}=
==Forma verbal==
'''wensten'''
# primeira, segunda e terceira pessoas do plural do passado do verbo '''[[wensen]]'''
{{avi-for-fle|wensen}}
[[Categoria:Forma verbal (Holandês)]]</text>
<sha1>0q0ihi9zkl8jxo0wzjk9h0srp9popfp</sha1>
</revision>
</page>
