<page>
<page>
<title>wensende</title>
<ns>0</ns>
<id>148436</id>
<revision>
<id>2601666</id>
<parentid>639662</parentid>
<timestamp>2020-11-10T10:41:07Z</timestamp>
<contributor>
<username>ValJor</username>
<id>1358</id>
</contributor>
<comment>Já fazia mais de dez anos que ninguém atualizava esse verbete...</comment>
<model>wikitext</model>
<format>text/x-wiki</format>
<text bytes="147" xml:space="preserve">={{-nl-}}=
==Forma verbal==
'''wensende'''
# forma flexionada de '''[[wensend]]'''
{{avi-for-fle|wensend}}
[[Categoria:Forma verbal (Holandês)]]</text>
<sha1>ovib9ibrchfj5t9avqh7ra3pht4umyj</sha1>
</revision>
