<page>
<title>wens</title>
<ns>0</ns>
<id>148431</id>
<revision>
<id>2140416</id>
<parentid>2052057</parentid>
<timestamp>2016-06-11T13:33:03Z</timestamp>
<contributor>
<username>UT-interwiki-Bot</username>
<id>56129</id>
</contributor>
<minor />
<comment>Robô: A adicionar: [[pl:wens]]</comment>
<model>wikitext</model>
<format>text/x-wiki</format>
<text bytes="420" xml:space="preserve">={{-nl-}}=
==Forma verbal==
'''wens'''
#1ª pessoa do singular do presente do verbo '''[[wensen]]'''
#imperativo do verbo '''[[wensen]]'''
[[Categoria:Forma verbal (Holandês)]]
[[af:wens]]
[[ca:wens]]
[[chr:wens]]
[[da:wens]]
[[en:wens]]
[[eo:wens]]
[[fj:wens]]
[[fr:wens]]
[[hu:wens]]
[[hy:wens]]
[[id:wens]]
[[io:wens]]
[[ku:wens]]
[[lb:wens]]
[[li:wens]]
[[mg:wens]]
[[my:wens]]
[[nl:wens]]
[[pl:wens]]
[[ru:wens]]</text>
<sha1>gcm7p85moysesfhe8w4qum1kulzap3e</sha1>
</revision>
</page>
