<page>
<title>wensend</title>
<ns>0</ns>
<id>148435</id>
<revision>
<id>2601766</id>
<parentid>639663</parentid>
<timestamp>2020-11-11T11:26:46Z</timestamp>
<contributor>
<username>ValJor</username>
<id>1358</id>
</contributor>
<comment>Já fazia mais de dez anos que ninguém atualizava esse verbete...</comment>
<model>wikitext</model>
<format>text/x-wiki</format>
<text bytes="137" xml:space="preserve">={{-nl-}}=
==Forma verbal==
'''wensend'''
# gerúndio do verbo [[wensen]]
{{avi-for-fle|wensen}}
[[Categoria:Forma verbal (Holandês)]]</text>
<sha1>7lk36og33uwxpud0jpzzjg1z5fv8g0q</sha1>
</revision>
</page>
