<page>
<title>wensen</title>
<ns>0</ns>
<id>92022</id>
<revision>
<id>1803517</id>
<parentid>1577460</parentid>
<timestamp>2014-01-07T18:32:08Z</timestamp>
<contributor>
<username>MalafayaBot</username>
<id>628</id>
</contributor>
<minor />
<comment>r2.7.5) (Robô: A adicionar: [[chr:wensen]], [[da:wensen]], [[mg:wensen]]</comment>
<model>wikitext</model>
<format>text/x-wiki</format>
<text bytes="779" xml:space="preserve">={{-nl-}}=
==Verbo==
'''{{grifar|wen}}.sen'''
# [[desejar]]
#:''[[wij|Wij]] [[wensen]] [[je]] [[een]] [[heleboel]] [[plezier]].''
#:''Nós desejamos que você tenha muita diversão.''
===Conjugação===
{{conj.nl.reg|wens|t}}
===Verbetes derivados===
{{verTambém.Ini}}
*[[toewensen]]
{{verTambém.Fim}}
=={{pronúncia}}==
* [[AFI]]: {{AFI|/ˈʋɛn.sən/}}
* [[X-SAMPA]]: /&quot;v\En.s@n/
: '''Áudio''': {{ouvir|Nl-wensen.ogg|&quot;wensen&quot;}}
[[Categoria:Verbo (Holandês)]]
[[Categoria:Dissílabo (Holandês)]]
[[Categoria:Paroxítona (Holandês)]]
[[Categoria:Entrada com pronúncia (Holandês)]]
[[Categoria:Entrada com áudio (Holandês)]]
[[chr:wensen]]
[[da:wensen]]
[[el:wensen]]
[[en:wensen]]
[[fr:wensen]]
[[hu:wensen]]
[[io:wensen]]
[[mg:wensen]]
[[nl:wensen]]
[[sv:wensen]]</text>
<sha1>2jrauelt0ph0be972fep8n6bto0lojz</sha1>
</revision>
</page>
