<page>
<title>wenst</title>
<ns>0</ns>
<id>148430</id>
<revision>
<id>2036997</id>
<parentid>1055458</parentid>
<timestamp>2015-11-14T20:23:35Z</timestamp>
<contributor>
<username>HydrizBot</username>
<id>29590</id>
</contributor>
<minor />
<comment>Robô: A adicionar: [[ru:wenst]]</comment>
<model>wikitext</model>
<format>text/x-wiki</format>
<text bytes="214" xml:space="preserve">={{-nl-}}=
==Forma verbal==
'''wenst'''
#2ª e 3ª pessoas do singular do presente do verbo '''[[wensen]]'''
[[Categoria:Forma verbal (Holandês)]]
[[en:wenst]]
[[fr:wenst]]
[[mg:wenst]]
[[nl:wenst]]
[[ru:wenst]]</text>
<sha1>s9ot53pgq09ykmwo5y9rev0fcbv2tw0</sha1>
</revision>
</page>
