<page>
<title>Wenus</title>
<ns>0</ns>
<id>372264</id>
<revision>
<id>2282396</id>
<parentid>2221901</parentid>
<timestamp>2017-04-27T03:58:54Z</timestamp>
<contributor>
<username>HydrizBot</username>
<id>29590</id>
</contributor>
<minor />
<comment>Robô: A limpar links interwikis antigos</comment>
<model>wikitext</model>
<format>text/x-wiki</format>
<text bytes="398" xml:space="preserve">={{-pl-}}=
==Substantivo==
{{paroxítona|We|nus|lang=pl}}, {{gramática|f|pr}}
# {{escopo|pl|Astronomia}} [[Vénus]]/[[Vênus]]
# {{escopo|pl|Mitologia}} Vénus/Vênus
==Ver também==
===No Wikcionário===
{{verTambém.Ini}}
* [[Układ Słoneczny]]
{{verTambém.Fim}}
{{sistema solar/pl}}
[[Categoria:Substantivo (Polonês)]]
[[Categoria:Astronomia (Polonês)]]
[[Categoria:Mitologia (Polonês)]]</text>
<sha1>govyynnuuzc2af2hyz9fj2bk6egt2ry</sha1>
</revision>
</page>
