<page>
<page>
<title>wenumapu</title>
<ns>0</ns>
<id>229117</id>
<revision>
<id>1726420</id>
<parentid>868417</parentid>
<timestamp>2013-09-14T17:12:23Z</timestamp>
<contributor>
<username>MalafayaBot</username>
<id>628</id>
</contributor>
<minor />
<comment>Robô: Substituição de texto automática (-\]\](.*?)\.\r\n\s? +]]\1\n &amp; -\r\n\s\r\n +\n\n)</comment>
<model>wikitext</model>
<format>text/x-wiki</format>
<text bytes="154" xml:space="preserve">={{-arn-}}=
==Substantivo==
'''wenumapu'''
# [[céu]] (abóbada celeste)
{{página-automática|Maio|2010|céu|arn}}
[[Categoria:Substantivo (Araucano)]]</text>
<sha1>2ppwwuybsianhsh1jxiyuyokdzqq7y5</sha1>
</revision>
