<page>
<title>wepe</title>
<ns>0</ns>
<id>324763</id>
<revision>
<id>2555141</id>
<parentid>2087337</parentid>
<timestamp>2019-09-28T20:23:09Z</timestamp>
<contributor>
<username>ValJor</username>
<id>1358</id>
</contributor>
<comment>Retirando escopo indevido</comment>
<model>wikitext</model>
<format>text/x-wiki</format>
<text bytes="602" xml:space="preserve">[[Imagem:1.svg|thumb|right|40px|&lt;center&gt;Um&lt;/center&gt;]]
={{-cod-}}=
==Numeral==
'''{{grifar|we}}.pe''', {{gramática|card}} 
# [[um]], uma:
#* ''kuika ɨatira uri-ari '''wepe''' awa.'' &lt;small&gt;(à frente vai uma pessoa)&lt;/small&gt;
===Referências===
{{verTambém.Ini}}
* &lt;span style=&quot;color:#555;&quot;&gt;(em espanhol)&lt;/span&gt; ESPINOSA, Lucas. ''Breve Diccionario Analitico Castellano-Tupi del Peru - Sección Cocama''. Iquitos (PER): Ediciones C.E.T.A, 1989. ISBN 84-89295-43-3.
{{verTambém.Fim}}
[[Categoria:Numeral cardinal (Cocama)]]
[[Categoria:Dissílabo (Cocama)]]
[[Categoria:Entrada com imagem (Cocama)]]</text>
<sha1>ptxtib3fg75oaeq4nflvpx4unvvhcmk</sha1>
</revision>
</page>
