<page>
<page>
<title>Werbung</title>
<ns>0</ns>
<id>260486</id>
<revision>
<id>2282397</id>
<parentid>2186483</parentid>
<timestamp>2017-04-27T03:58:58Z</timestamp>
<contributor>
<username>HydrizBot</username>
<id>29590</id>
</contributor>
<minor />
<comment>Robô: A limpar links interwikis antigos</comment>
<model>wikitext</model>
<format>text/x-wiki</format>
<text bytes="163" xml:space="preserve">={{-de-}}=
==Substantivo==
'''Wer.bung''', {{f}}
#[[anúncio]], [[propaganda]]
=={{etimologia|de}}==
:Do verbo ''[[werben]]''
[[Categoria:Substantivo (Alemão)]]</text>
<sha1>aqvmpzsascgnom9jlh53clb6t8p1kqh</sha1>
</revision>
