<page>
<page>
<title>wereld</title>
<ns>0</ns>
<id>429792</id>
<revision>
<id>2607320</id>
<timestamp>2021-01-07T12:25:37Z</timestamp>
<contributor>
<username>ValJor</username>
<id>1358</id>
</contributor>
<comment>Discurso do trono de 2020 (Holanda)</comment>
<model>wikitext</model>
<format>text/x-wiki</format>
<text bytes="666" xml:space="preserve">{{Wikipédia|lang=nl}}
={{-nl-}}=
==Substantivo==
'''wereld'''
# [[mundo]]
#* ''Nederland blijft steun geven aan de kwetsbaarste regio’s in de '''wereld''', die zwaar door corona zijn getroffen.''([[s:nl:Troonrede_2020|Discurso do trono de 2020 (Holanda)]]) &lt;small&gt;(A Holanda continua a apoiar as regiões mais vulneráveis ​​do mundo, que foram severamente afetadas pelo vírus corona.)&lt;/small&gt;
=={{etimologia|nl}}==
{{llietimo|dum|werelt|nl}}
=={{pronúncia|nl}}==
* [[AFI]]: /ˈʋeːrəlt/, /ˈʋiːrəlt/, /ˈʋirəlt/
==Ver também==
===No Wikcionário===
* [[Apêndice:As mil palavras mais usadas em holandês]]
[[Categoria:Substantivo (Holandês)]]</text>
<sha1>emmyzy3dcjb95jbu7e3wjoi6201fwsk</sha1>
</revision>
