<page>
<title>weregirl</title>
<ns>0</ns>
<id>439004</id>
<revision>
<id>2654389</id>
<timestamp>2021-12-06T17:31:14Z</timestamp>
<contributor>
<username>Ydiutg</username>
<id>83668</id>
</contributor>
<comment>[[Ajuda:Guia de edição/Menus e ferramentas/Sumário de edição|→]] nova página: ={{-en-}}= ==Substantivo== {{flex.en|s=weregirl|p=weregirls}} '''weregirl''' # [[lobismoça]]  ===Hiperônimos=== De '''1''': {{verTambém.Ini}} * [[werewolfess]] * [[|werewoman]] {{verTambém.NovaColuna}} * [[|wolfwoman]] {{verTambém.Fim}}  [[Categoria:Substantivo (Inglês)]]</comment>
<model>wikitext</model>
<format>text/x-wiki</format>
<text bytes="276" xml:space="preserve">={{-en-}}=
==Substantivo==
{{flex.en|s=weregirl|p=weregirls}}
'''weregirl'''
# [[lobismoça]]
===Hiperônimos===
De '''1''':
{{verTambém.Ini}}
* [[werewolfess]]
* [[werewoman]]
{{verTambém.NovaColuna}}
* [[wolfwoman]]
{{verTambém.Fim}}
[[Categoria:Substantivo (Inglês)]]</text>
<sha1>kv29ijau5f30r47j5wvelsqg3am6ln0</sha1>
</revision>
</page>
