<page>
<title>werechicken</title>
<ns>0</ns>
<id>396036</id>
<revision>
<id>2504870</id>
<parentid>2502658</parentid>
<timestamp>2018-05-28T15:28:59Z</timestamp>
<contributor>
<username>Askekamo</username>
<id>60711</id>
</contributor>
<model>wikitext</model>
<format>text/x-wiki</format>
<text bytes="141" xml:space="preserve">={{-en-}}=
==Substantivo==
'''werechicken'''
# {{escopo2|Ficção}} criatura meio galinha meio humana
[[Categoria:Substantivo (Português)]]</text>
<sha1>a29q5w6uf73wdjvpe2d83kuri3i7umo</sha1>
</revision>
</page>
