<page>
<title>werekangaroo</title>
<ns>0</ns>
<id>396030</id>
<revision>
<id>2504871</id>
<parentid>2502602</parentid>
<timestamp>2018-05-28T15:29:22Z</timestamp>
<contributor>
<username>Askekamo</username>
<id>60711</id>
</contributor>
<model>wikitext</model>
<format>text/x-wiki</format>
<text bytes="139" xml:space="preserve">={{-en-}}=
==Substantivo==
'''werekangaroo'''
# {{escopo2|Ficção}} criatura meio canguru meio humana
[[Categoria:Substantivo (Inglês)]]</text>
<sha1>2imv9mm13494rb6k9tttmwrx16ufwb7</sha1>
</revision>
</page>
