<page>
<title>werewolfess</title>
<ns>0</ns>
<id>438998</id>
<revision>
<id>2654390</id>
<parentid>2654366</parentid>
<timestamp>2021-12-06T17:33:45Z</timestamp>
<contributor>
<username>Ydiutg</username>
<id>83668</id>
</contributor>
<model>wikitext</model>
<format>text/x-wiki</format>
<text bytes="342" xml:space="preserve">={{-en-}}=
==Substantivo==
{{flex.en|s=werewolfess|p=werewolfesses}}
'''werewolfess'''
# [[lobismulher]], [[lobisoma]], [[licantropa]]
===Sinônimos===
De '''1''':
{{verTambém.Ini}}
* [[werewoman]]
{{verTambém.NovaColuna}}
* [[wolfwoman]]
{{verTambém.Fim}}
===Hipônimos===
* De '''1''': [[weregirl]]
[[Categoria:Substantivo (Inglês)]]</text>
<sha1>igje18fz2049qn7slbnyvdhyk8xjul4</sha1>
</revision>
</page>
