<page>
<title>werehyena</title>
<ns>0</ns>
<id>396031</id>
<revision>
<id>2509485</id>
<parentid>2504872</parentid>
<timestamp>2018-07-07T10:04:09Z</timestamp>
<contributor>
<username>ValJor</username>
<id>1358</id>
</contributor>
<comment>Eliminando [[were-]] da lista de [[Especial:Lonelypages|órfãos]]</comment>
<model>wikitext</model>
<format>text/x-wiki</format>
<text bytes="490" xml:space="preserve">{{Wikipédia|lang=en}}
={{-en-}}=
==Substantivo==
'''werehyena'''
# {{escopo2|Ficção}} [[criatura]] meio [[hiena]] meio [[humano|humana]]
=={{etimologia|en}}==
: {{escopo|Morfologia}} [[were-]] + [[hyena]].
=={{pronúncia|en}}==
===Estados Unidos===
* [[AFI]]: /ˈwɛɹhaɪˌiːnə/, /ˈwɪɹhaɪˌiːnə/
===Reino Unido===
* [[AFI]]: /ˈwɪəːhaɪˌiːnə/, /ˈwɛəhaɪˌiːnə/
[[Categoria:Substantivo (Inglês)]]
[[Categoria:Folclore (Inglês)]]
[[Categoria:Mitologia (Inglês)]]</text>
<sha1>sh0f93oxpt3fuvajdfuaa47dw8ua085</sha1>
</revision>
</page>
