<page>
<title>werken</title>
<ns>0</ns>
<id>148925</id>
<revision>
<id>2052060</id>
<parentid>1952001</parentid>
<timestamp>2015-12-31T12:06:47Z</timestamp>
<contributor>
<username>HydrizBot</username>
<id>29590</id>
</contributor>
<minor />
<comment>Robô: A adicionar: [[ru:werken]]</comment>
<model>wikitext</model>
<format>text/x-wiki</format>
<text bytes="937" xml:space="preserve">={{-nl-}}=
==Verbo==
'''werken'''
#[[trabalhar]]
#[[funcionar]]
===Conjugação===
{{conj.nl.reg|werk|t}}
===Sinônimos===
*(trabalhar) [[arbeiden]], [[zwoegen]]
*(duncionar) [[functioneren]], het doen
==Termos derivados==
{{verTambém.Ini}}
*[[werkbaar]]
*[[onwerkbaar]]
*[[werkzaam]]
*[[afwerken]]
*[[bewerken]]
*[[doorwerken]]
*[[inwerken]]
*[[meewerken]]
*[[werker]]
{{verTambém.NovaColuna}}
*[[werkman]]
*[[opwerken]]
*[[samenwerken]]
*[[tegenwerken]]
*[[uitwerken]]
*[[verwerken]]
*[[wegwerken]]
*[[werking]]
{{verTambém.Fim}}
[[Categoria:Verbo (Holandês)]]
[[chr:werken]]
[[cy:werken]]
[[da:werken]]
[[de:werken]]
[[el:werken]]
[[en:werken]]
[[eu:werken]]
[[fi:werken]]
[[fr:werken]]
[[hu:werken]]
[[id:werken]]
[[io:werken]]
[[ko:werken]]
[[lt:werken]]
[[mg:werken]]
[[nds:werken]]
[[nl:werken]]
[[no:werken]]
[[oc:werken]]
[[pl:werken]]
[[ro:werken]]
[[ru:werken]]
[[tr:werken]]
[[vi:werken]]
[[wa:werken]]
[[zh:werken]]</text>
<sha1>qhulcoungj2u1vp0z08nbhvd65jhzmo</sha1>
</revision>
</page>
