<page>
<page>
<title>Werkzeug</title>
<ns>0</ns>
<id>38484</id>
<revision>
<id>2282398</id>
<parentid>2096380</parentid>
<timestamp>2017-04-27T03:59:04Z</timestamp>
<contributor>
<username>HydrizBot</username>
<id>29590</id>
</contributor>
<minor />
<comment>Robô: A limpar links interwikis antigos</comment>
<model>wikitext</model>
<format>text/x-wiki</format>
<text bytes="186" xml:space="preserve">={{-de-}}=
==Substantivo==
{{decl.de.subst.forte.neu.date|ns=Werkzeug|np=Werkzeuge|gs=Werkzeug(e)s}}
'''Werk.zeug''', ''neutro''
# [[ferramenta]].
[[Categoria:Substantivo_(Alemão)]]</text>
<sha1>gnz92gfcbwh0u494tq19p67oravrdj6</sha1>
</revision>
