<page>
<title>werkte</title>
<ns>0</ns>
<id>148927</id>
<revision>
<id>2140428</id>
<parentid>1067671</parentid>
<timestamp>2016-06-11T13:40:16Z</timestamp>
<contributor>
<username>UT-interwiki-Bot</username>
<id>56129</id>
</contributor>
<minor />
<comment>Robô: A adicionar: [[de:werkte]]</comment>
<model>wikitext</model>
<format>text/x-wiki</format>
<text bytes="210" xml:space="preserve">={{-nl-}}=
==Forma verbal==
'''werkte'''
#1ª, 2ª e 3ª pessoas do singular do passado do verbo '''[[werken]]'''
[[Categoria:Forma verbal (Holandês)]]
[[de:werkte]]
[[en:werkte]]
[[fr:werkte]]
[[nl:werkte]]</text>
<sha1>gg22vv1n31dpeg9uyqltwpcaclnret5</sha1>
</revision>
</page>
