<page>
<title>werkt</title>
<ns>0</ns>
<id>148926</id>
<revision>
<id>2140429</id>
<parentid>2037000</parentid>
<timestamp>2016-06-11T13:40:26Z</timestamp>
<contributor>
<username>UT-interwiki-Bot</username>
<id>56129</id>
</contributor>
<minor />
<comment>Robô: A adicionar: [[de:werkt]]</comment>
<model>wikitext</model>
<format>text/x-wiki</format>
<text bytes="227" xml:space="preserve">={{-nl-}}=
==Forma verbal==
'''werkt'''
#2ª e 3ª pessoas do singular do presente do verbo '''[[werken]]'''
[[Categoria:Forma verbal (Holandês)]]
[[de:werkt]]
[[el:werkt]]
[[en:werkt]]
[[fr:werkt]]
[[mg:werkt]]
[[nl:werkt]]</text>
<sha1>na78txdsbuswvp7f5emf1c258glphur</sha1>
</revision>
</page>
