<page>
<page>
<title>werk</title>
<ns>0</ns>
<id>81984</id>
<revision>
<id>2079620</id>
<parentid>1878727</parentid>
<timestamp>2016-04-02T10:57:12Z</timestamp>
<contributor>
<username>JAnDbot</username>
<id>25083</id>
</contributor>
<minor />
<comment>r2.7.3) (Robô: A adicionar: [[de:werk]], [[ja:werk]]</comment>
<model>wikitext</model>
<format>text/x-wiki</format>
<text bytes="448" xml:space="preserve">={{-nl-}}=
==Substantivo==
'''werk''', {{n}} {{p|werken}}
# [[trabalho]]
# [[obra]]
[[Categoria:Substantivo (Holandês)]]
[[af:werk]]
[[chr:werk]]
[[cs:werk]]
[[da:werk]]
[[de:werk]]
[[el:werk]]
[[en:werk]]
[[es:werk]]
[[eu:werk]]
[[fi:werk]]
[[fj:werk]]
[[fr:werk]]
[[gd:werk]]
[[hu:werk]]
[[id:werk]]
[[io:werk]]
[[it:werk]]
[[ja:werk]]
[[ku:werk]]
[[lb:werk]]
[[mg:werk]]
[[nl:werk]]
[[no:werk]]
[[pl:werk]]
[[ru:werk]]
[[sv:werk]]
[[vi:werk]]</text>
<sha1>0052usqq2xionq6hraor23v0xox33gy</sha1>
</revision>
