<page>
<title>Wert</title>
<ns>0</ns>
<id>32765</id>
<revision>
<id>2282399</id>
<parentid>2050710</parentid>
<timestamp>2017-04-27T03:59:09Z</timestamp>
<contributor>
<username>HydrizBot</username>
<id>29590</id>
</contributor>
<minor />
<comment>Robô: A limpar links interwikis antigos</comment>
<model>wikitext</model>
<format>text/x-wiki</format>
<text bytes="167" xml:space="preserve">={{-de-}}=
==Substantivo==
{{decl.de.subst.forte.masc.date|ns=Wert|np=Werte|gs=Wert(e)s}}
'''Wert''', ''masculino''
# [[valor]].
[[Categoria:Substantivo_(Alemão)]]</text>
<sha1>t2dct5ed3202esy6yzyd84fp7etbdot</sha1>
</revision>
</page>
