<page>
<page>
<title>Wesen</title>
<ns>0</ns>
<id>13181</id>
<revision>
<id>2461857</id>
<parentid>2461705</parentid>
<timestamp>2017-11-20T08:10:35Z</timestamp>
<contributor>
<username>Spanier</username>
<id>43713</id>
</contributor>
<minor />
<model>wikitext</model>
<format>text/x-wiki</format>
<text bytes="428" xml:space="preserve">={{-de-}}=
==Substantivo==
{{paroxítona|We|sen|lang=de}}, {{gramática|n|lang=de}}
# {{escopo2|criatura}} [[ente]], [[ser]]
# {{escopo2|âmago}} [[essência]]
# {{escopo2|caráter}} [[índole]]
===Declinação===
{{decl.de.subst.mista.neu|ns=Wesen|np=Wesen|gs=Wesens}}
=={{etimologia|de}}==
: Do [[alto alemão antigo]] ''wezan''.
=={{pronúncia|de}}==
* [[AFI]]: {{AFI|/ˈveːzn̩/|de}}
[[Categoria:Substantivo_(Alemão)]]</text>
<sha1>2o5fci2ii67hvbnsu3ntqpahmk9mn4t</sha1>
</revision>
