<page>
<title>weso</title>
<ns>0</ns>
<id>289562</id>
<revision>
<id>2140426</id>
<parentid>2037001</parentid>
<timestamp>2016-06-11T13:39:57Z</timestamp>
<contributor>
<username>UT-interwiki-Bot</username>
<id>56129</id>
</contributor>
<minor />
<comment>Robô: A adicionar: [[tg:weso]]</comment>
<model>wikitext</model>
<format>text/x-wiki</format>
<text bytes="297" xml:space="preserve">={{-pap-}}=
==Substantivo==
'''weso'''
# [[osso]] (cada uma das peças rígidas que formam o esqueleto dos animais)
{{página-automática|abril|2012|osso|pap}}
[[Categoria:Substantivo (Papiamento)]]
[[el:weso]]
[[en:weso]]
[[fr:weso]]
[[ku:weso]]
[[li:weso]]
[[mg:weso]]
[[nl:weso]]
[[tg:weso]]</text>
<sha1>0ciuhhygnnxv2x5mxy3sa9dvuvttmem</sha1>
</revision>
</page>
