<page>
<title>Wespe</title>
<ns>0</ns>
<id>42695</id>
<revision>
<id>2451763</id>
<parentid>2282402</parentid>
<timestamp>2017-09-23T05:15:29Z</timestamp>
<contributor>
<username>Spanier</username>
<id>43713</id>
</contributor>
<comment>suplementos</comment>
<model>wikitext</model>
<format>text/x-wiki</format>
<text bytes="328" xml:space="preserve">={{-de-}}=
==Substantivo==
{{paroxítona|Wes|pe|lang=de}}, {{f}}
# {{escopo|de|inseto}} [[vespa]]
===Declinação===
{{decl.de.subst.fraca.fem|ns=Wespe|np=Wespen}}
=={{etimologia|de}}==
: Do [[alto alemão antigo]] ''wefsa, wafs''.
=={{pronúncia|de}}==
* [[AFI]]: {{AFI|/ˈvɛspə/|de]}}
[[Categoria:Substantivo (Alemão)]]</text>
<sha1>jpjcbku3pdgsbvltie9pv9jcw7eachq</sha1>
</revision>
</page>
