<page>
<page>
<title>wesp</title>
<ns>0</ns>
<id>42702</id>
<revision>
<id>2220810</id>
<parentid>2169246</parentid>
<timestamp>2017-01-09T03:16:49Z</timestamp>
<contributor>
<username>UT-interwiki-Bot</username>
<id>56129</id>
</contributor>
<minor />
<comment>Robô: A adicionar: [[zh:wesp]]</comment>
<model>wikitext</model>
<format>text/x-wiki</format>
<text bytes="352" xml:space="preserve">={{-nl-}}=
==Substantivo==
'''wesp'''
# [[vespa]].
[[Categoria:Substantivo (Holandês)]]
[[Categoria:Inseto (Holandês)]]
[[chr:wesp]]
[[da:wesp]]
[[en:wesp]]
[[es:wesp]]
[[eu:wesp]]
[[fr:wesp]]
[[gl:wesp]]
[[hu:wesp]]
[[lb:wesp]]
[[mg:wesp]]
[[nl:wesp]]
[[no:wesp]]
[[oc:wesp]]
[[pl:wesp]]
[[ru:wesp]]
[[sv:wesp]]
[[tl:wesp]]
[[tr:wesp]]
[[zh:wesp]]</text>
<sha1>5y5slg30kwzrpylqh9y31rhddb7p109</sha1>
</revision>
