<page>
<title>west</title>
<ns>0</ns>
<id>9552</id>
<revision>
<id>2240564</id>
<parentid>2196175</parentid>
<timestamp>2017-02-18T13:29:40Z</timestamp>
<contributor>
<username>UT-interwiki-Bot</username>
<id>56129</id>
</contributor>
<minor />
<comment>Robô: A adicionar: [[no:west]]</comment>
<model>wikitext</model>
<format>text/x-wiki</format>
<text bytes="896" xml:space="preserve">{{Wikipédia|lang=en}}
={{-en-}}=
==Adjetivo==
'''west'''
# [[oeste]]
==Advérbio==
'''west'''
# [[oeste]]
==Substantivo==
'''west'''
# [[oeste]]
==Ver também==
===No Wikcionário===
{{pontos cardeais/en}}
[[Categoria:Adjetivo (Inglês)]]
[[Categoria:Advérbio (Inglês)]]
[[Categoria:Substantivo (Inglês)]]
[[ar:west]]
[[az:west]]
[[chr:west]]
[[cs:west]]
[[cy:west]]
[[da:west]]
[[de:west]]
[[el:west]]
[[en:west]]
[[eo:west]]
[[es:west]]
[[et:west]]
[[eu:west]]
[[fi:west]]
[[fr:west]]
[[fy:west]]
[[ga:west]]
[[hr:west]]
[[hu:west]]
[[hy:west]]
[[id:west]]
[[io:west]]
[[it:west]]
[[ja:west]]
[[kk:west]]
[[kn:west]]
[[ko:west]]
[[ku:west]]
[[li:west]]
[[lt:west]]
[[lv:west]]
[[mg:west]]
[[ml:west]]
[[my:west]]
[[nl:west]]
[[no:west]]
[[pl:west]]
[[ro:west]]
[[ru:west]]
[[simple:west]]
[[sv:west]]
[[ta:west]]
[[te:west]]
[[th:west]]
[[tr:west]]
[[uk:west]]
[[vi:west]]
[[zh:west]]</text>
<sha1>gv94fb0twl1cr9rtcvj9d96mr9v5wao</sha1>
</revision>
</page>
