<page>
<page>
<title>West</title>
<ns>0</ns>
<id>28487</id>
<revision>
<id>2470294</id>
<parentid>2282403</parentid>
<timestamp>2017-12-13T14:08:22Z</timestamp>
<contributor>
<username>Spanier</username>
<id>43713</id>
</contributor>
<comment>suplementos</comment>
<model>wikitext</model>
<format>text/x-wiki</format>
<text bytes="394" xml:space="preserve">{{ver também|west}}
={{-de-}}=
==Substantivo==
'''West''', {{gramática|m}}
# [[oeste]]
== Declinação ==
{{decl.de.subst.masc.-.sing}}
=={{etimologia|de}}==
: Abreviação de ''[[Westen]]''.
=={{pronúncia|de}}==
* [[AFI]]: {{AFI|/vɛst/|de}}
* {{audio|De-West.ogg|ouvir|lang=de}}
[[Categoria:Substantivo_(Alemão)]]
[[Categoria:Monossílabo (Alemão)]]
[[Categoria:Substantivo (Alemão)]]</text>
<sha1>on1sxtl1sgbbg5y2lsha3dl25xl1j22</sha1>
</revision>
