<page>
<page>
<title>westlich</title>
<ns>0</ns>
<id>31321</id>
<revision>
<id>2470187</id>
<parentid>2260657</parentid>
<timestamp>2017-12-13T09:27:25Z</timestamp>
<contributor>
<username>Spanier</username>
<id>43713</id>
</contributor>
<comment>suplementos</comment>
<model>wikitext</model>
<format>text/x-wiki</format>
<text bytes="408" xml:space="preserve">={{-de-}}=
==Adjetivo==
{{paroxítona|west|lich|lang=de}}
# [[ocidental]], do [[oeste]]
=== Declinação ===
{{decl.de.adj.regular
|normal=westlich
|comparativo=westlicher
|superlativo=westlichste
}}
=={{etimologia|de}}==
: Derivação de ''[[West]]'' + sufixo ''[[-lich]]''.
=={{pronúncia|de}}==
*[[AFI]]: {{AFI|/ˈvɛstlɪç/|de}} {{audio|De-westlich.ogg|ouvir|lang=de}}
[[Categoria:Adjetivo_(Alemão)]]</text>
<sha1>nja335rds2dn3f0ghqvp7mbcrvnrdwq</sha1>
</revision>
