<page>
<page>
<title>Westeuropa</title>
<ns>0</ns>
<id>15433</id>
<revision>
<id>2454118</id>
<parentid>2282410</parentid>
<timestamp>2017-10-09T13:47:57Z</timestamp>
<contributor>
<username>Spanier</username>
<id>43713</id>
</contributor>
<comment>suplementos</comment>
<model>wikitext</model>
<format>text/x-wiki</format>
<text bytes="455" xml:space="preserve">{{Wikipédia|lang=de}}
={{-de-}}=
==Substantivo==
{{paroxítona|West|eu|ro|pa|lang=de}}, {{gramática|n|pr}} 
# {{escopo|de|topónimo}} [[Europa]] [[ocidental]]
===Antônimo===
* [[Osteuropa]]
===Declinação===
{{decl.de.subst.próprio.neu}}
=={{etimologia|de}}==
:Composição de ''[[West]]'' (''&quot;ocidente&quot;'') + ''[[Europa]]'' (''&quot;Europa&quot;'').
=={{pronúncia|de}}==
* [[AFI]]: {{AFI|/vɛstʔɔɪ̯ˈʀoːpa/|de}}
[[Categoria:Substantivo (Alemão)]]</text>
<sha1>b5nqc1slljnfepzev3a6of0de6m1gzd</sha1>
</revision>
