<page>
<page>
<title>wet</title>
<ns>0</ns>
<id>383850</id>
<revision>
<id>2456493</id>
<parentid>2451478</parentid>
<timestamp>2017-10-22T09:54:03Z</timestamp>
<contributor>
<username>ValJor</username>
<id>1358</id>
</contributor>
<comment>Salvando verbete da ER</comment>
<model>wikitext</model>
<format>text/x-wiki</format>
<text bytes="338" xml:space="preserve">={{-en-}}=
==Adjetivo==
'''wet'''
# [[molhado]]
===Antônimo===
* [[dry]]
=={{etimologia|en}}==
{{llietimo|enm|wett|en|ponto=não}}, e este do {{etm|ang|en}} {{etimo|ang|wætan}} e este do proto-germânico ''*wētijaną'' e este do proto-indo-europeu ''*wed-''.
=={{pronúncia|en}}==
* [[AFI]]: /wɛt/
[[Categoria:Adjetivo (Inglês)]]</text>
<sha1>94f7sxdnulhla1q9dyq3r8k18bu9j9d</sha1>
</revision>
