<page>
<title>Wetter</title>
<ns>0</ns>
<id>28490</id>
<revision>
<id>2462447</id>
<parentid>2282414</parentid>
<timestamp>2017-11-23T08:57:25Z</timestamp>
<contributor>
<username>Spanier</username>
<id>43713</id>
</contributor>
<comment>suplementos</comment>
<model>wikitext</model>
<format>text/x-wiki</format>
<text bytes="1003" xml:space="preserve">{{ver também|wetter}}
{{Wikipédia|lang=de}}
={{-de-}}=
==Substantivo==
{{paroxítona|Wet|ter|lang=de}}, {{gramática|n|lang=de}}
# ''(relativo ao clima ou estado da atmosfera)'' [[tempo]]
# [[temporal]]
===Declinação===
{{decl.de.subst.forte.neu|ns=Wetter|np=Wetter|gs=Wetters}}
=={{etimologia|de}}==
: Do médio alto alemão ''weter'', ''wetter'' e estes do antigo alto alemão ''wetar'' ([[vento]]).
=={{pronúncia|de}}==
* [[AFI]]: {{AFI|/ˈvɛtɐ/|de}} {{audio|De-Wetter.ogg|ouvir|lang=de}}
==Ver também==
===No Wikcionário===
{{verTambém.Ini}}
* [[Blitz]]
* [[Frost]]
* [[Gewitter]]
* [[Gewitter]]
{{verTambém.NovaColuna}}
* [[Glatteis]]
* [[Hagel]]
* [[Hitze]]
* [[Hochdruck]]
{{verTambém.NovaColuna}}
* [[Klima]]
* [[Nebel]]
* [[Regen]]
* [[Regenbogen]]
{{verTambém.NovaColuna}}
* [[Reif]]
* [[Schnee]]
* [[Sonnenschein]]
* [[Sturm]]
{{verTambém.NovaColuna}}
* [[Tiefdruck]]
* [[Wetterbericht]]
* [[wettern]]
* [[Witterung]]
{{verTambém.Fim}}
[[Categoria:Substantivo (Alemão)]]</text>
<sha1>sb6lvu4k0p19hyw1i7gosjzu2lp1nlc</sha1>
</revision>
</page>
