<page>
<title>wetter</title>
<ns>0</ns>
<id>15223</id>
<revision>
<id>2651068</id>
<parentid>2079617</parentid>
<timestamp>2021-10-28T20:39:09Z</timestamp>
<contributor>
<username>Maykeinwiki</username>
<id>81160</id>
</contributor>
<comment>/*  Frísio/Frisão */Limpando interwikis antigos.</comment>
<model>wikitext</model>
<format>text/x-wiki</format>
<text bytes="95" xml:space="preserve">={{-fy-}}=
==Substantivo==
'''{{PAGENAME}}'''
# [[água]]
[[Categoria:Substantivo (Frísio)]]</text>
<sha1>q7iu6fcz83kryy0jtid3tyg79hnypc9</sha1>
</revision>
</page>
