<page>
<page>
<title>wetterstof</title>
<ns>0</ns>
<id>70103</id>
<revision>
<id>2541707</id>
<parentid>2229906</parentid>
<timestamp>2019-04-14T18:29:11Z</timestamp>
<contributor>
<username>ValJor</username>
<id>1358</id>
</contributor>
<comment>Acrescentando código de língua à [[:Categoria:!Página com mensagem de erro em predefinição|predefinição escopo]]</comment>
<model>wikitext</model>
<format>text/x-wiki</format>
<text bytes="925" xml:space="preserve">{{Wikipédia|lang=fy}}
[[Imagem:Electron shell 001 Hydrogen.svg|thumb|right|250px|&lt;center&gt;Hidrogênio&lt;/center&gt;]]
={{-fy-}}=
==Substantivo==
{|id=&quot;elementos&quot; style=&quot;width:20%;&quot; align=right cellpadding=&quot;5&quot; cellspacing=&quot;2&quot; border=0
|colspan=2 style=&quot;text-align:center;background-color:#b0ffff;&quot;|'''[[H]]'''
|-
|style=&quot;width:50%;text-align:center;background-color:#d0ffff;&quot;|&amp;nbsp;
|style=&quot;width:50%;text-align:center;background-color:#d0ffff;&quot;|[[helium|He '''&amp;rarr;''']] 
|-
|}
'''wet.ter.stof'''
# {{escopo|fy|química}} {{PEPB|[[hidrogénio]]|[[hidrogênio]]|inline=1}}
#* ''De sinne bestiet foar in grut part út '''wetterstof'''.''
==Ver também==
===No Wikcionário===
{{verTambém.Ini}}
* {{link opcional|alkalimetaal}}
{{verTambém.Fim}}
{{tabela periódica/fy}}
[[Categoria:Substantivo (Frísio)]]
[[Categoria:Trissílabo (Frísio)]]
[[Categoria:Elemento químico (Frísio)]]
[[Categoria:Entrada com imagem (Frísio)]]</text>
<sha1>6jj1eh3yg9798op2n4dq4vs3pzqeeiw</sha1>
</revision>
