<page>
<page>
<title>wey</title>
<ns>0</ns>
<id>406795</id>
<revision>
<id>2550058</id>
<parentid>2536264</parentid>
<timestamp>2019-07-23T17:39:08Z</timestamp>
<contributor>
<username>ValJor</username>
<id>1358</id>
</contributor>
<comment>Desfazendo uso da predefinição verbete-aoc que impedia a edição normal do verbete</comment>
<model>wikitext</model>
<format>text/x-wiki</format>
<text bytes="385" xml:space="preserve">[[Imagem:&quot;Sun&quot;.JPG|thumb|right|250px|&lt;center&gt;Sol&lt;/center&gt;]]
={{-aoc-}}=
==Substantivo==
'''wey'''
# [[sol]] (astro que ilumina a Terra durante o dia)
#* ''A'nek pe '''wey''' echi.'' &lt;small&gt;(O sol está quente.)&lt;/small&gt;
=={{pronúncia|aoc}}==
* [[AFI]]: /wej/ [wej]
[[Categoria:Substantivo (Taurepang)]]
[[Categoria:Natureza (Taurepang)]]
[[Categoria:Entrada com imagem (Taurepang)]]</text>
<sha1>m1jddwmhdb1pv1z4qhlvgwa416wfjg8</sha1>
</revision>
