<page>
<page>
<title>Whakakitenga</title>
<ns>0</ns>
<id>428847</id>
<revision>
<id>2604091</id>
<timestamp>2020-12-08T01:08:25Z</timestamp>
<contributor>
<username>Leonardo José Raimundo</username>
<id>43489</id>
</contributor>
<comment>Já terminei de criar verbetes com livros da Bíblia em maori no Wikcionário em português.</comment>
<model>wikitext</model>
<format>text/x-wiki</format>
<text bytes="210" xml:space="preserve">={{-mi-}}=
==Substantivo==
{{paroxítona|Wha|ka|ki|ten|ga|lang=mi}}
# {{escopo|mi|Cristianismo|religião}} [[Apocalipse]]
==Ver também==
===No Wikcionário===
{{bíblia/mi}}
[[Categoria:Substantivo (Maori)]]</text>
<sha1>88apxkcp068jmwvfd95b53j6xf64tk8</sha1>
</revision>
