<page>
<page>
<title>whatever</title>
<ns>0</ns>
<id>430410</id>
<revision>
<id>2609644</id>
<timestamp>2021-01-28T13:40:01Z</timestamp>
<contributor>
<username>Tribuno da Plebe</username>
<id>16095</id>
</contributor>
<comment>[[Ajuda:Guia de edição/Menus e ferramentas/Sumário de edição|→]] nova página: ={{-en-}}= ==Pronome== '''whatever'''  # [[qualquer que seja]]; [[independentemente]] de #* '''Whatever''' ch...</comment>
<model>wikitext</model>
<format>text/x-wiki</format>
<text bytes="761" xml:space="preserve">={{-en-}}=
==Pronome==
'''whatever'''
# [[qualquer que seja]]; [[independentemente]] de
#* '''Whatever''' choice you make, there will be consequences. - &lt;small&gt;Qualquer que seja sua escolha, haverá consequências.&lt;/small&gt;
#* '''Whatever''' he does, he will still lose the game. - &lt;small&gt;Independentemente do que faça, ele ainda assim vai perder o jogo.&lt;/small&gt;
===Entradas relacionadas===
* [[whatsoever]]
==Interjeição==
'''whatever'''
# [[tanto faz]]
=={{etimologia|en}}==
:{{etimo|en|what}} + {{etimo|en|ever}}
=={{pronúncia|en}}==
* [[AFI]]: {{IPA|[wɒtˈɛvə]|lang=en}} (RP); {{IPA|[wəɾˈɛvɚ]|lang=en}} (Estados Unidos)
* {{audio|en-us-whatever.ogg|Audio (US)|lang=en}}
[[Categoria:Pronome (Inglês)]]
[[Categoria:Interjeição (Inglês)]]</text>
<sha1>6sotahs6jefgp8oy0chkgak7cnsyk2a</sha1>
</revision>
