<page>
<title>wheat</title>
<ns>0</ns>
<id>79321</id>
<revision>
<id>2158396</id>
<parentid>2145160</parentid>
<timestamp>2016-08-13T08:34:43Z</timestamp>
<contributor>
<username>UT-interwiki-Bot</username>
<id>56129</id>
</contributor>
<minor />
<comment>Robô: A adicionar: [[da:wheat]]</comment>
<model>wikitext</model>
<format>text/x-wiki</format>
<text bytes="768" xml:space="preserve">={{-en-}}=
==Substantivo==
'''Wheat'''
# [[trigo]]
[[Categoria:Substantivo (Inglês)]]
[[ang:wheat]]
[[ar:wheat]]
[[az:wheat]]
[[chr:wheat]]
[[co:wheat]]
[[cs:wheat]]
[[cy:wheat]]
[[da:wheat]]
[[de:wheat]]
[[el:wheat]]
[[en:wheat]]
[[eo:wheat]]
[[es:wheat]]
[[et:wheat]]
[[eu:wheat]]
[[fi:wheat]]
[[fr:wheat]]
[[hi:wheat]]
[[hu:wheat]]
[[hy:wheat]]
[[id:wheat]]
[[io:wheat]]
[[it:wheat]]
[[ja:wheat]]
[[kk:wheat]]
[[kn:wheat]]
[[ko:wheat]]
[[ku:wheat]]
[[li:wheat]]
[[lo:wheat]]
[[lv:wheat]]
[[mg:wheat]]
[[mk:wheat]]
[[ml:wheat]]
[[my:wheat]]
[[nl:wheat]]
[[no:wheat]]
[[oc:wheat]]
[[pl:wheat]]
[[ro:wheat]]
[[ru:wheat]]
[[simple:wheat]]
[[sk:wheat]]
[[sv:wheat]]
[[ta:wheat]]
[[te:wheat]]
[[th:wheat]]
[[tr:wheat]]
[[vi:wheat]]
[[zh:wheat]]
[[zh-min-nan:wheat]]</text>
<sha1>5962injpj5jzvdsoz5qhauff8nnvjvr</sha1>
</revision>
</page>
