<page>
<page>
<title>wheel</title>
<ns>0</ns>
<id>222343</id>
<revision>
<id>2184248</id>
<parentid>2116382</parentid>
<timestamp>2016-10-18T16:08:17Z</timestamp>
<contributor>
<username>UT-interwiki-Bot</username>
<id>56129</id>
</contributor>
<minor />
<comment>Robô: A adicionar: [[km:wheel]]</comment>
<model>wikitext</model>
<format>text/x-wiki</format>
<text bytes="842" xml:space="preserve">={{-en-}}=
== Substantivo ==
'''wheel'''
:# [[roda]].
==Pronúncia==
* [[AFI]]: /wiːl/
[[Categoria:Substantivo (Inglês)]]
[[ar:wheel]]
[[ca:wheel]]
[[chr:wheel]]
[[cs:wheel]]
[[cy:wheel]]
[[da:wheel]]
[[de:wheel]]
[[el:wheel]]
[[en:wheel]]
[[eo:wheel]]
[[es:wheel]]
[[et:wheel]]
[[eu:wheel]]
[[fa:wheel]]
[[fi:wheel]]
[[fr:wheel]]
[[hi:wheel]]
[[hr:wheel]]
[[hu:wheel]]
[[hy:wheel]]
[[io:wheel]]
[[it:wheel]]
[[kk:wheel]]
[[km:wheel]]
[[kn:wheel]]
[[ko:wheel]]
[[ku:wheel]]
[[li:wheel]]
[[lo:wheel]]
[[lt:wheel]]
[[lv:wheel]]
[[mg:wheel]]
[[ml:wheel]]
[[mt:wheel]]
[[my:wheel]]
[[nl:wheel]]
[[oc:wheel]]
[[pl:wheel]]
[[ru:wheel]]
[[sh:wheel]]
[[simple:wheel]]
[[sm:wheel]]
[[sq:wheel]]
[[sv:wheel]]
[[ta:wheel]]
[[te:wheel]]
[[th:wheel]]
[[tr:wheel]]
[[uk:wheel]]
[[uz:wheel]]
[[vi:wheel]]
[[wa:wheel]]
[[zh:wheel]]
[[zh-min-nan:wheel]]</text>
<sha1>m96mks8ixdmvgmgfa2vqp5y7r53dku3</sha1>
</revision>
