<page>
<page>
<title>whee</title>
<ns>0</ns>
<id>13217</id>
<revision>
<id>2140421</id>
<parentid>1961895</parentid>
<timestamp>2016-06-11T13:39:03Z</timestamp>
<contributor>
<username>UT-interwiki-Bot</username>
<id>56129</id>
</contributor>
<minor />
<comment>Robô: A remover: [[de:whee]]</comment>
<model>wikitext</model>
<format>text/x-wiki</format>
<text bytes="193" xml:space="preserve">={{-en-}}=
== Interjeição ==
'''whee'''
# expressa [[alegria]].
== Pronúncia ==
* AFI: /ˈwiː/
* X-SAMPA: /&quot;wi:/
[[Categoria:Interjeição (Inglês)]]
[[en:whee]]
[[fr:whee]]
[[ku:whee]]</text>
<sha1>gjaw4nu3wb5xoibhz7lg45iixt8w5qr</sha1>
</revision>
