<page>
<title>whence</title>
<ns>0</ns>
<id>55748</id>
<revision>
<id>2184246</id>
<parentid>2058799</parentid>
<timestamp>2016-10-18T16:07:23Z</timestamp>
<contributor>
<username>UT-interwiki-Bot</username>
<id>56129</id>
</contributor>
<minor />
<comment>Robô: A adicionar: [[ta:whence]]</comment>
<model>wikitext</model>
<format>text/x-wiki</format>
<text bytes="741" xml:space="preserve">={{-en-}}=
==Advérbio==
'''whence'''
# [[donde]]
=={{etimologia|en}}==
: Do Inglês Médio ''whennes, whannes'', equivalent a ''whanne'' (por síncope do Inglês Antigo ''hwanone'', whence) + ''-s''
=={{pronúncia|en}}==
* [[AFI]]: /ʰwɛns/ ou /wɛns/
* [[SAMPA]]: /wens/ ou /Wens/
[[Categoria:Advérbio (Inglês)]]
[[Categoria:Monossílabo (Inglês)]]
[[chr:whence]]
[[cs:whence]]
[[el:whence]]
[[en:whence]]
[[es:whence]]
[[et:whence]]
[[fi:whence]]
[[fr:whence]]
[[hu:whence]]
[[hy:whence]]
[[io:whence]]
[[it:whence]]
[[ja:whence]]
[[ko:whence]]
[[ku:whence]]
[[li:whence]]
[[ml:whence]]
[[my:whence]]
[[pl:whence]]
[[ro:whence]]
[[ru:whence]]
[[simple:whence]]
[[sv:whence]]
[[ta:whence]]
[[te:whence]]
[[vi:whence]]
[[zh:whence]]</text>
<sha1>0swsgosd9omwuutv49ubncq62eam08z</sha1>
</revision>
</page>
