<page>
<title>whenever</title>
<ns>0</ns>
<id>316501</id>
<revision>
<id>2078152</id>
<parentid>1855727</parentid>
<timestamp>2016-03-29T21:19:17Z</timestamp>
<contributor>
<username>Thiago90ap</username>
<id>470</id>
</contributor>
<comment>+ etimologia, expressões, catergorias, pronúncia e áudio</comment>
<model>wikitext</model>
<format>text/x-wiki</format>
<text bytes="1083" xml:space="preserve">={{-en-}}=
==Advérbio==
'''whenever'''
# [[sempre]] [[que]], [[toda]] [[vez]] [[que]]
#:''Visit '''whenever''' you want to'' &lt;small&gt;Visite '''sempre que''' quiser.&lt;/small&gt;
==Conjunção==
'''whenever'''
# [[quando]]
#:''We’ll start '''whenever''' you arrive'' &lt;small&gt;Nós começaremos quando você chegar.&lt;/small&gt;
=={{etimologia|en}}==
:De composição de ''[[when]]'' (&quot;quando&quot;) e ''[[ever]]'' (&quot;sempre&quot;)
=={{pronúncia|en}}==
* {{audio|en-us-whenever.ogg|lang=en|Áudio (EUA)}}
*[[AFI]]: {{AFI|/wəˈnɛvɚ/|lang=en}}
==Ver também==
===No Wikcionário===
*[[ever]]
[[Categoria:Advérbio (Inglês)]]
[[Categoria:Conjunção (Inglês)]]
[[ca:whenever]]
[[chr:whenever]]
[[cs:whenever]]
[[en:whenever]]
[[es:whenever]]
[[et:whenever]]
[[fi:whenever]]
[[fr:whenever]]
[[hu:whenever]]
[[hy:whenever]]
[[io:whenever]]
[[it:whenever]]
[[ja:whenever]]
[[kk:whenever]]
[[ko:whenever]]
[[ku:whenever]]
[[li:whenever]]
[[ml:whenever]]
[[my:whenever]]
[[pl:whenever]]
[[ru:whenever]]
[[simple:whenever]]
[[sv:whenever]]
[[ta:whenever]]
[[te:whenever]]
[[vi:whenever]]
[[zh:whenever]]</text>
<sha1>epq81t3zwa92d4vp9kx0uex2o73lnv3</sha1>
</revision>
</page>
