<page>
<title>when</title>
<ns>0</ns>
<id>38219</id>
<revision>
<id>2169269</id>
<parentid>1997847</parentid>
<timestamp>2016-09-08T19:24:10Z</timestamp>
<contributor>
<username>UT-interwiki-Bot</username>
<id>56129</id>
</contributor>
<minor />
<comment>Robô: A adicionar: [[km:when]]</comment>
<model>wikitext</model>
<format>text/x-wiki</format>
<text bytes="1152" xml:space="preserve">={{-en-}}=
==Advérbio==
'''when'''
# [[quando]]
==Conjunção==
'''when'''
# [[quando]]
===Expressões===
* '''[[cross a bridge when one comes to it]]''': enfrentar uma situação difícil somente quando ela acontecer.
* '''[[when push comes to shove]]''': na hora do vamos ver.
==Pronome==
'''when'''
# [[quando]]
==Substantivo==
'''when'''
# [[quando]]
[[Categoria:Advérbio (Inglês)]]
[[Categoria:Conjunção (Inglês)]]
[[Categoria:Pronome (Inglês)]]
[[Categoria:Substantivo (Inglês)]]
[[ar:when]]
[[az:when]]
[[ca:when]]
[[chr:when]]
[[cs:when]]
[[da:when]]
[[de:when]]
[[el:when]]
[[en:when]]
[[eo:when]]
[[es:when]]
[[et:when]]
[[eu:when]]
[[fi:when]]
[[fj:when]]
[[fr:when]]
[[hr:when]]
[[hu:when]]
[[hy:when]]
[[ie:when]]
[[io:when]]
[[it:when]]
[[ja:when]]
[[kk:when]]
[[km:when]]
[[kn:when]]
[[ko:when]]
[[ku:when]]
[[la:when]]
[[li:when]]
[[lo:when]]
[[lv:when]]
[[mg:when]]
[[mi:when]]
[[ml:when]]
[[my:when]]
[[nl:when]]
[[no:when]]
[[pa:when]]
[[pl:when]]
[[ro:when]]
[[ru:when]]
[[simple:when]]
[[sm:when]]
[[sv:when]]
[[ta:when]]
[[te:when]]
[[tg:when]]
[[th:when]]
[[tl:when]]
[[tr:when]]
[[uk:when]]
[[vi:when]]
[[zh:when]]</text>
<sha1>fmjg1nrwaykx5w7ta1pwvlw7u8ub5l0</sha1>
</revision>
</page>
