<page>
<page>
<title>whereupon</title>
<ns>0</ns>
<id>272177</id>
<revision>
<id>1895177</id>
<parentid>1886489</parentid>
<timestamp>2015-02-18T23:43:47Z</timestamp>
<contributor>
<username>YS-Bot</username>
<id>32241</id>
</contributor>
<minor />
<comment>r2.7.3) (Robô: A adicionar: [[sv:whereupon]]</comment>
<model>wikitext</model>
<format>text/x-wiki</format>
<text bytes="3034" xml:space="preserve">={{-en-}}=
==Conjunção==
'''where.up.{{grifar|on}}'''
# [[ato contínuo]], e [[após]] [[isso]], e [[logo]] {{link preto|em seguida}}:
#: ''The [[network]] {{l.o.|go down|went down}}, '''whereupon''' [[I#{{en}}|I]] [[make#{{en}}|made]] a [[cup#{{en}}|cup]] of [[tea#{{en}}|tea]].'' &lt;small&gt;(A [[rede]] {{l.o.|sair do ar|saiu do ar}}, e logo em {{o/a|seguid}} [[fazer|fiz]] uma [[xícara]] de [[chá]].)&lt;/small&gt;
# e {{link preto|subsequentemente}}, e [[como]]/{{link preto|por consequência}}:
#: ''[[she#{{en}}|She]] [[see#{{en}}|saw]] [[him#{{en}}|him]], '''whereupon''' she [[begin|began]] [[run#{{en}}|running]].'' &lt;small&gt;([[ela#Pronome|Ela]] [[o#Pronome|o]] [[ver|viu]], e por [[consequência]] {{o/a|começ|ou|ar}} a [[correr]].)&lt;/small&gt;
===Sinónimos===
* De '''2''': {{link preto|whereat}}
==Etimologia==
:De {{etimo|en|where}} + {{etimo|en|upon}}.
:* '''Datação''': [[w:século XIV|século XIV]]
==Pronúncia==
===[[inglês americano|Inglês americano]]===
* [[AFI]]: {{AFI|/ˌwe.ɹəˈpɑːn/}}
* [[X-SAMPA]]: /%we.r\@&quot;pA:n/
: '''Áudio''': {{ouvir|En-us-whereupon.ogg|&quot;whereupon&quot; (Estados Unidos)}}
===[[inglês britânico|Inglês britânico]]===
* [[AFI]]: {{AFI|/ˌweə.ɹəˈpɒn/}}, {{AFI|/ˌwɛː.ɹəˈpɒn/}}
* [[X-SAMPA]]: /%we@.r\@&quot;pQn/, /%wE:.r\@&quot;pQn/
==Ver também==
===No Wikcionário===
{{verTambém.Ini}}
* {{link preto|hereupon}}
* {{link preto|thereupon}}
{{verTambém.Fim}}
===Referências===
{{verTambém.Ini}}
* {{#ifeq: s|n||&lt;span style=&quot;color:#555;&quot;&gt;(em inglês)&lt;/span&gt;}} “[http://dictionary.cambridge.org/dictionary/learner-english/word_1?q={{urlencode:{{PAGENAME}}}} {{PAGENAME}}]” in ''[[w:en:Cambridge_Advanced_Learner's_Dictionary|Cambridge Advanced Learner's Dictionary]]'', [[w:Cambridge_University_Press|Cambridge University Press]]. {{#if: | Consultado em {{{data}}}.}}
* {{#ifeq: s|n||&lt;span style=&quot;color:#555;&quot;&gt;(em inglês)&lt;/span&gt;}} “[http://www.wordreference.com/definition/{{urlencode:{{PAGENAME}}}} {{PAGENAME}}]” in ''[[w:en:Concise_Oxford_English_Dictionary|Concise Oxford English Dictionary]]'', Revised 11th Edition. [[w:Oxford_University_Press|Oxford University Press]], [[w:2008|2008]].
* {{#ifeq: s|n||&lt;span style=&quot;color:#555;&quot;&gt;(em inglês)&lt;/span&gt;}}&amp;nbsp;“[http://www.merriam-webster.com/dictionary/{{urlencode:{{PAGENAME}}}} {{PAGENAME}}]” in ''[[w:Merriam-Webster|Merriam-Webster Online Dictionary]]'', Merriam-Webster Online. {{#if: | Consultado em {{{data}}}.}}
{{MDI}}
{{verTambém.Fim}}
[[Categoria:Conjunção (Inglês)]]
[[Categoria:Trissílabo (Inglês)]]
[[Categoria:Oxítona (Inglês)]]
[[Categoria:Entrada com etimologia (Inglês)]]
[[Categoria:Entrada com pronúncia (Inglês)]]
[[Categoria:Entrada com áudio (Inglês)]]
[[el:whereupon]]
[[en:whereupon]]
[[es:whereupon]]
[[et:whereupon]]
[[fi:whereupon]]
[[fr:whereupon]]
[[hu:whereupon]]
[[hy:whereupon]]
[[io:whereupon]]
[[ku:whereupon]]
[[ml:whereupon]]
[[pl:whereupon]]
[[ru:whereupon]]
[[simple:whereupon]]
[[sv:whereupon]]
[[te:whereupon]]
[[tr:whereupon]]
[[vi:whereupon]]
[[zh:whereupon]]</text>
<sha1>tfpw2jukdq0qk2bqy8is30a7vyx4sjw</sha1>
</revision>
