<page>
<title>where</title>
<ns>0</ns>
<id>50955</id>
<revision>
<id>2229907</id>
<parentid>2116379</parentid>
<timestamp>2017-01-29T06:24:09Z</timestamp>
<contributor>
<username>UT-interwiki-Bot</username>
<id>56129</id>
</contributor>
<minor />
<comment>Robô: A adicionar: [[km:where]]</comment>
<model>wikitext</model>
<format>text/x-wiki</format>
<text bytes="1649" xml:space="preserve">={{-en-}}=
==Advérbio==
'''where'''
# [[onde]]
# [[aonde]], para [[onde]]
==Conjunção==
'''where'''
# [[enquanto]]
# [[onde]], [[aonde]]
==Pronome==
'''where'''
# [[onde]]
==Substantivo==
'''where'''
# [[onde]]
=={{etimologia|en}}==
: Do inglês antigo ''hwær''.
=={{pronúncia|en}}==
===Estados Unidos===
* [[AFI]]: /wɛɹ/, /ʍɛɹ/
* [[SAMPA]]: /wEr\/, /WEr\/
===Reino Unido===
* [[AFI]]: /ʍɛə(ɹ)/
* [[SAMPA]]: /WE@(\r)/
==Ver também==
===No Wikcionário===
{{verTambém.Ini}}
* [[anywhere]]
* [[elsewhere]]
* [[everywhere]]
* [[here]]
{{verTambém.NovaColuna}}
* [[there]]
* [[whence]]
* [[whereabouts]]
* [[wherealong]]
{{verTambém.NovaColuna}}
* [[whereas]]
* [[whereby]]
* [[wherefore]]
* [[wherein]]
{{verTambém.NovaColuna}}
* [[whereof]]
* [[whereupon]]
* [[wherever]]
* [[whither]]
{{verTambém.Fim}}
[[Categoria:Advérbio (Inglês)]]
[[Categoria:Conjunção (Inglês)]]
[[Categoria:Pronome (Inglês)]]
[[Categoria:Substantivo (Inglês)]]
[[ar:where]]
[[ca:where]]
[[chr:where]]
[[co:where]]
[[cs:where]]
[[da:where]]
[[de:where]]
[[el:where]]
[[en:where]]
[[es:where]]
[[et:where]]
[[eu:where]]
[[fi:where]]
[[fr:where]]
[[hr:where]]
[[hu:where]]
[[hy:where]]
[[io:where]]
[[it:where]]
[[ja:where]]
[[jbo:where]]
[[kk:where]]
[[km:where]]
[[kn:where]]
[[ko:where]]
[[ku:where]]
[[la:where]]
[[lb:where]]
[[li:where]]
[[lo:where]]
[[lv:where]]
[[mg:where]]
[[ml:where]]
[[mt:where]]
[[my:where]]
[[nl:where]]
[[no:where]]
[[pl:where]]
[[ru:where]]
[[sd:where]]
[[simple:where]]
[[sm:where]]
[[sv:where]]
[[ta:where]]
[[te:where]]
[[tg:where]]
[[th:where]]
[[tl:where]]
[[tr:where]]
[[uk:where]]
[[vi:where]]
[[zh:where]]</text>
<sha1>7q32oiabvnjtehro14jkb18zktoqkrp</sha1>
</revision>
</page>
