<page>
<page>
<title>wherein</title>
<ns>0</ns>
<id>132222</id>
<revision>
<id>1886471</id>
<parentid>1709499</parentid>
<timestamp>2015-01-13T16:38:10Z</timestamp>
<contributor>
<username>HydrizBot</username>
<id>29590</id>
</contributor>
<minor />
<comment>r2.7.3) (Robô: A adicionar: [[hy:wherein]], [[mg:wherein]]</comment>
<model>wikitext</model>
<format>text/x-wiki</format>
<text bytes="635" xml:space="preserve">={{-en-}}=
==Advérbio==
'''wherein'''
# em que
# em que [[particular]]
# em que [[ponto]]
# naquilo que
# no que
=={{etimologia|en}}==
: {{escopo|Morfologia}} [[where]] +‎ [[in]].
=={{pronúncia|en}}==
* {{audio|en-us-wherein.ogg|wherein (EUA) }}
[[Categoria:Advérbio (Inglês)]]
[[Categoria:Entrada com áudio (Inglês)]]
[[chr:wherein]]
[[en:wherein]]
[[es:wherein]]
[[et:wherein]]
[[fi:wherein]]
[[fr:wherein]]
[[hu:wherein]]
[[hy:wherein]]
[[io:wherein]]
[[ko:wherein]]
[[ku:wherein]]
[[li:wherein]]
[[mg:wherein]]
[[ml:wherein]]
[[my:wherein]]
[[pl:wherein]]
[[simple:wherein]]
[[te:wherein]]
[[vi:wherein]]
[[zh:wherein]]</text>
<sha1>26kw07509hf37yawadjhgscdisd55ej</sha1>
</revision>
