<page>
<title>whereof</title>
<ns>0</ns>
<id>8961</id>
<revision>
<id>1961900</id>
<parentid>1803536</parentid>
<timestamp>2015-07-11T11:57:18Z</timestamp>
<contributor>
<username>HydrizBot</username>
<id>29590</id>
</contributor>
<minor />
<comment>Robô: A adicionar: [[hy:whereof]], [[ku:whereof]]</comment>
<model>wikitext</model>
<format>text/x-wiki</format>
<text bytes="437" xml:space="preserve">={{-en-}}=
==Conjunção==
'''whereof'''
# [[donde]], [[daí]]
#* ''He was dishonest, '''whereof''' I could not trust him anymore.'' &lt;small&gt;Ele foi desonesto, donde eu não pude mais confiar nele.&lt;/small&gt;
[[Categoria:Conjunção (Inglês)]]
[[de:whereof]]
[[en:whereof]]
[[hu:whereof]]
[[hy:whereof]]
[[io:whereof]]
[[it:whereof]]
[[ko:whereof]]
[[ku:whereof]]
[[my:whereof]]
[[pl:whereof]]
[[te:whereof]]
[[vi:whereof]]
[[zh:whereof]]</text>
<sha1>n5eb55jviygkzuwdab9gd8wutry291h</sha1>
</revision>
</page>
