<page>
<page>
<title>Whevrel</title>
<ns>0</ns>
<id>238324</id>
<revision>
<id>2282419</id>
<parentid>905507</parentid>
<timestamp>2017-04-27T04:00:09Z</timestamp>
<contributor>
<username>HydrizBot</username>
<id>29590</id>
</contributor>
<minor />
<comment>Robô: A limpar links interwikis antigos</comment>
<model>wikitext</model>
<format>text/x-wiki</format>
<text bytes="272" xml:space="preserve">={{-kw-}}=
==Substantivo==
'''Whevrel'''
# [[fevereiro]]; [[segundo]] [[mês]] do [[ano]] civil, tendo 28 ou 29 [[dia]]s nos [[ano]]s [[bissexto]]s.
== Ver também ==
=== No Wikcionário ===
{{meses/kw}}
[[Categoria:Substantivo (Córnico)]]
[[Categoria:Mês (Córnico)]]</text>
<sha1>nrkdpejuy8x6t4gbldje2o772dh54n2</sha1>
</revision>
