<page>
<title>which</title>
<ns>0</ns>
<id>3904</id>
<revision>
<id>2169266</id>
<parentid>2158398</parentid>
<timestamp>2016-09-08T19:23:11Z</timestamp>
<contributor>
<username>UT-interwiki-Bot</username>
<id>56129</id>
</contributor>
<minor />
<comment>Robô: A adicionar: [[km:which]]</comment>
<model>wikitext</model>
<format>text/x-wiki</format>
<text bytes="775" xml:space="preserve">={{-en-}}=
== Pronome ==
'''which'''
# [[o]]([[os|s]]) [[qual]]([[quais|is]]), [[a]]([[as|s]]) qual(is);
# qual(is);
# [[cujo]]([[cujos|s]]), [[cuja]]([[cujas|s]]).
[[Categoria:Pronome (Inglês)]]
[[ca:which]]
[[chr:which]]
[[cs:which]]
[[da:which]]
[[de:which]]
[[en:which]]
[[eo:which]]
[[es:which]]
[[et:which]]
[[eu:which]]
[[fi:which]]
[[fj:which]]
[[fr:which]]
[[hr:which]]
[[hu:which]]
[[hy:which]]
[[io:which]]
[[it:which]]
[[ja:which]]
[[kk:which]]
[[km:which]]
[[kn:which]]
[[ko:which]]
[[ku:which]]
[[la:which]]
[[li:which]]
[[lo:which]]
[[lt:which]]
[[mg:which]]
[[ml:which]]
[[my:which]]
[[nl:which]]
[[no:which]]
[[pa:which]]
[[pl:which]]
[[simple:which]]
[[sv:which]]
[[ta:which]]
[[te:which]]
[[tg:which]]
[[th:which]]
[[tl:which]]
[[tr:which]]
[[zh:which]]</text>
<sha1>n51hlj68g2zfvlb1veyajbn6s9o23ij</sha1>
</revision>
</page>
