<page>
<title>whilst</title>
<ns>0</ns>
<id>251175</id>
<revision>
<id>2184249</id>
<parentid>1961898</parentid>
<timestamp>2016-10-18T16:19:33Z</timestamp>
<contributor>
<username>UT-interwiki-Bot</username>
<id>56129</id>
</contributor>
<minor />
<comment>Robô: A adicionar: [[ta:whilst]]</comment>
<model>wikitext</model>
<format>text/x-wiki</format>
<text bytes="605" xml:space="preserve">={{-en-}}=
==Conjunção==
'''whilst'''
# [[enquanto]]
===Nota de uso===
* Usado muito na Inglaterra e raramente nos Estados Unidos.
=={{etimologia|en}}==
: De [[whiles]] e este de [[while]].
=={{pronúncia|en}}==
* [[AFI]]: /waɪlst/
* [[SAMPA]]: /waIlst/
[[Categoria:Conjunção (Inglês)]]
[[de:whilst]]
[[en:whilst]]
[[es:whilst]]
[[et:whilst]]
[[fi:whilst]]
[[fr:whilst]]
[[hu:whilst]]
[[hy:whilst]]
[[io:whilst]]
[[it:whilst]]
[[ja:whilst]]
[[ko:whilst]]
[[ku:whilst]]
[[li:whilst]]
[[mg:whilst]]
[[ml:whilst]]
[[my:whilst]]
[[nl:whilst]]
[[pl:whilst]]
[[sv:whilst]]
[[ta:whilst]]
[[vi:whilst]]</text>
<sha1>j37hchcwfydw2i8sfamqi8u8x1g1qkt</sha1>
</revision>
</page>
