<page>
<page>
<title>Whinirana</title>
<ns>0</ns>
<id>121489</id>
<revision>
<id>2595579</id>
<parentid>2593282</parentid>
<timestamp>2020-09-03T09:16:21Z</timestamp>
<contributor>
<username>ValJor</username>
<id>1358</id>
</contributor>
<comment>Melhorando a apresentação do verbete usando a [[:predefinição:cria-entrada]]</comment>
<model>wikitext</model>
<format>text/x-wiki</format>
<text bytes="429" xml:space="preserve">{{Wikipédia|lang=mi}}
[[Imagem:Flag_of_Finland.svg|thumb|right|250px|&lt;center&gt;Bandeira da Finlândia&lt;/center&gt;]]
[[Imagem:EU-Finland.svg|thumb|right|250px|&lt;center&gt;Localização da Finlândia&lt;/center&gt;]]
={{-mi-}}=
==Substantivo==
'''Whinirana''', {{gramática|pr}}
# {{escopo|mi|País}} [[Finlândia]]
==Ver também==
===No Wikcionário===
{{Europa/mi}}
[[Categoria:Substantivo (Maori)]]
[[Categoria:Entrada com imagem (Maori)]]</text>
<sha1>2a6h5sqgkz163rkhmklfk2mytv81dsc</sha1>
</revision>
