<page>
<page>
<title>whirling</title>
<ns>0</ns>
<id>323083</id>
<revision>
<id>1886485</id>
<parentid>1816694</parentid>
<timestamp>2015-01-13T18:28:50Z</timestamp>
<contributor>
<username>HydrizBot</username>
<id>29590</id>
</contributor>
<minor />
<comment>r2.7.3) (Robô: A adicionar: [[ku:whirling]]</comment>
<model>wikitext</model>
<format>text/x-wiki</format>
<text bytes="234" xml:space="preserve">={{-en-}}=
==Adjetivo==
# [[girante]], [[rotatório]]
[[de:whirling]]
[[en:whirling]]
[[fr:whirling]]
[[hu:whirling]]
[[kn:whirling]]
[[ku:whirling]]
[[ml:whirling]]
[[simple:whirling]]
[[te:whirling]]
[[vi:whirling]]
[[zh:whirling]]</text>
<sha1>tsamt8tz50to5c4sjqjdb9z1to7bf3x</sha1>
</revision>
