<page>
<title>whisky</title>
<ns>0</ns>
<id>82345</id>
<revision>
<id>2690900</id>
<parentid>2683570</parentid>
<timestamp>2022-10-27T22:14:33Z</timestamp>
<contributor>
<username>InternetArchiveBot</username>
<id>81604</id>
</contributor>
<comment>Rescuing 1 sources and tagging 0 as dead.) #IABot (v2.0.9.2</comment>
<model>wikitext</model>
<format>text/x-wiki</format>
<text bytes="25844" xml:space="preserve">[[Imagem:Scotch Whisky (aka).jpg|thumb|right|250px|{{centro|Whisky}}]]
{{ver também|Whisky|whiski}}
={{-pt-}}=
==Substantivo==
{{flex.pt|ms=whisky|mp=whiskys|mp2=whiskies|ms-div=whis.ky|mp-div={{grifar.Palavra|whis}}.kys / {{grifar.Palavra|whis}}.kies}}
{{paroxítona|whis|ky}}, {{gramática|m}}
# {{escopo|pt|Estrangeirismo}} [[bebida]] [[alcoólico|alcoólica]] destilada de grãos, muitas vezes incluindo malte, e envelhecida em barris de carvalho
==={{-varort-}}===
* [[uísque]], [[whiskey]]
===Traduções===
{{tradini}}
* {{trad|af|whiskey|whisky}}
* {{trad|akz|okiimi}}
* {{trad|sq|uiski}}
* {{trad|de|Whiskey|Whisky}}
* {{trad-|ar|ويسكي|(wíski)}}
* {{trad-|hy|վիսկի|(viski)}}
* {{trad|ast|güisqui}}
* {{trad|az|viski}}
* {{trad|eu|whiski}}
* {{trad-|be|ўіскі|(uiski)}}
* {{trad|bs|viski}}
* {{trad|br|wiski}}
* {{trad-|bg|уиски|(uiski)}}
* {{trad|ca|whisky}}
* {{trad|cs|whisky}}
* {{trad-|zh|威士忌酒|(wēishìjì jiǔ, wei1 shi4 ji4 jiu3)}}
* {{trad|hr|viski}}
* {{trad-|ko|위스키|(wiseuki)}}
* {{trad|ku|ڤیسکی|vîskî|ویسکی|wîskî}}
* {{trad|nb|whisky}}
* {{trad|da|whisky}}
* {{trad|sco|whisky}}
* {{trad|sk|whisky}}
* {{trad|sl|viski}}
* {{trad|es|güisqui|whisky}}
* {{trad|eo|viskio}}
* {{trad|et|viski}}
* {{trad|fi|viski}}
* {{trad|fr|whiskey|whisky}}
* {{trad|gd|uisge-beatha}}
* {{trad|gl|whisky}}
* {{trad|cy|wisgi}}
* {{trad-|ka|ვისკი|(visk'i)}}
* {{trad-|el|ουίσκι|(uíski)}}
* {{trad-|he|ויסקי|(víski)}}
{{tradmeio}}
* {{trad|nl|wisky}}
* {{trad|hu|whiskey|whisky}}
* {{trad|io|wiskio}}
* {{trad|id|wiski}}
* {{trad|en|whiskey|whisky}}
* {{trad|ga|fuisce|uisce beatha}}
* {{trad|is|viskí}}
* {{trad|it|whiskey|whisky}}
* {{trad-|ja|ウィスキー|(wisukii)}}
* {{trad|la|vischium}}
* {{trad|lv|viskijs}}
* {{trad|li|whisky}}
* {{trad|lt|viskis}}
* {{trad-|mk|виски|(víski)}}
* {{trad|gv|ushtey bea}}
* {{trad|nan|ui-sū-kī-chiú}}
* {{trad|nn|whisky}}
* {{trad|oc|visky|whiskey|whiski|whisky}}
* {{trad|pap|wiski}}
* {{trad|fa|ویسکی}}
* {{trad|pl|whisky}}
* {{trad|rm|whisky}}
* {{trad|ro|whiskey|whisky}}
* {{trad-|ru|виски|(víski)}}
* {{trad|sr|виски|viski}}
* {{trad|sw|wiski}}
* {{trad|sv|whiskey|whisky}}
* {{trad|th|วิสกี้}}
* {{trad|tl|wíski}}
* {{trad|tr|viski}}
* {{trad-|uk|віскі|(víski)}}, {{xlatio|uk|горілка|(horílka)}}
* {{trad|val|whisky}}
* {{trad|vi|uýt-ki|huých-ki}}
* {{trad|yur|mec paˀah}}
* {{trad|zu|uwiski}}
{{tradfim}}
=={{etimologia|pt}}==
{{llietimo|en|whisky|pt}}
:* '''Datação''': [[w:1877|1877]]
=={{pronúncia||pt}}==
* [[AFI]]: {{AFI|/'wis.ki/}}
* [[X-SAMPA]]: /&quot;wis.ki/
===Portugal===
* AFI: {{AFI|/ˈwi.ski/}}
==Ver também==
===No Wikcionário===
{{verTambém.Ini}}
* [[aguardente]]
{{verTambém.Fim}}
==Ligações externas==
* {{DLPO}}
* {{Infopédia}}
* {{Michaelis}}
* {{PLP}}
* {{VOLPABL}}
[[Categoria:Substantivo (Português)]]
[[Categoria:Bebida (Português)]]
[[Categoria:Século XIX (Português)]]
[[Categoria:Entrada com imagem (Português)]]
={{-af-}}=
==Substantivo==
'''{{grifar.Palavra|whis}}.ky'''
# [[uísque]]:
#* ''Die eerste aanduiding van gestookte '''whisky''' kom vanuit die 13de eeu in Sjina.''
==={{-varort-}}===
* {{l.s.|whiskey|{{af}}}}
===Verbetes derivados===
{{verTambém.Ini}}
* {{link preto|bourbonwhiskey}}
{{verTambém.Fim}}
=={{etimologia|af}}==
{{llietimo|en|whisky|af}}
==Ver também==
===No Wikcionário===
{{verTambém.Ini}}
* {{link preto|drank}}
* {{link preto|graan}}
* {{l.s.|mout}}
{{verTambém.Fim}}
[[Categoria:Substantivo (Africâner)]]
[[Categoria:Dissílabo (Africâner)]]
[[Categoria:Bebida (Africâner)]]
[[Categoria:Entrada com imagem (Africâner)]]
[[Categoria:Cognato (Africâner)]]
={{-ca-}}=
==Substantivo==
{{flex.ca|ms-whisky|mp=whiskys|ms-div=whis.ky|mp-div=whis.kys}}
'''whis.ky''', {{gramática|m}}
# [[uísque]]:
#* ''Molts '''whiskys''' més foscos no deuen el seu color a un envelliment més prolongat, sinó a una major quantitat de caramel.'' &lt;small&gt;(Muitos uísques mais escuros não devem sua cor a um envelhecimento mais longo, e sim a uma maior quantidade de caramelo.)&lt;/small&gt;
===Sinônimos===
* {{link preto|güisqui|es}}
=={{etimologia|ca}}==
{{llietimo|en|whisky|ca}}
==Ver também==
===No Wikcionário===
{{verTambém.Ini}}
* {{link preto|beguda}}
* {{link preto|bourbon|ca}}
{{verTambém.NovaColuna|50}}
* {{link preto|gra|ca}}
* {{link preto|malta|ca}}
{{verTambém.Fim}}
===Referências===
{{verTambém.Ini}}
* [http://dcvb.iec.cat/ Diccionari català-valencià-balear (IEC) (em catalão)] 
* [http://www.racv.es/diccionari/diccionario.html Diccionari Ortogràfic Valencià-Castellà, Castellà-Valencià (RACV) (em valenciano)] 
* [http://ec.grec.net/cgi-bin/AppDLC3.exe?APP=CERCADLC&amp;GECART={{urlencode:{{PAGENAME}}}}{{#if:|{{#switch:{{{CE1}}}|à=%E0|è=%E8|é=%E9|í=%ED|ï=%EF|ò=%F2|ó=%F3|ú=%FA|ü=%FC|ç=%E7|·=%B7| =_|{{{CE1}}}}}}}{{#if:|{{{PAR2}}}}}{{#if:|{{#switch:{{{CE2}}}|  =_|à=%E0|è=%E8|é=%E9|í=%ED|ï=%EF|ò=%F2|ó=%F3|ú=%FA|ü=%FC|ç=%E7|·=%B7| =_|{{{CE2}}}}}}}{{#if:|{{{PAR3}}}}} ''{{PAGENAME}}'' no Gran Dicionario de la Llengua Catalana (GREC) (em catalão)]
{{verTambém.Fim}}
[[Categoria:Substantivo (Catalão)]]
[[Categoria:Dissílabo (Catalão)]]
[[Categoria:Bebida (Catalão)]]
[[Categoria:Entrada com imagem (Catalão)]]
[[Categoria:Cognato (Catalão)]]
[[Categoria:Substantivo (Valenciano)]]
[[Categoria:Dissílabo (Valenciano)]]
[[Categoria:Bebida (Valenciano)]]
[[Categoria:Entrada com imagem (Valenciano)]]
[[Categoria:Cognato (Valenciano)]]
={{-cs-}}=
==Substantivo==
'''whis.ky''', {{gramática|f}}, ''indeclinável''
# [[uísque]]
===Declinação===
{{decl.cs.subst|ind=[[whisky]]|título=Substantivo indeclinável}}
=={{etimologia|cs}}==
{{llietimo|en|whisky|cs}}
==Ver também==
===No Wikcionário===
{{verTambém.Ini}}
* {{link preto|burbonka}}
* {{link preto|nápoj}}
{{verTambém.Fim}}
===Referências===
{{verTambém.Ini}}
* [http://slovniky.centrum.cz/?q=whisky&amp;lang=2 ''whisky'' no centrum.cz slovníky (em checo)]
* [http://www.wordbook.cz/index.php Wordbook (em checo e inglês)]
{{verTambém.Fim}}
[[Categoria:Substantivo (Checo)]]
[[Categoria:Dissílabo (Checo)]]
[[Categoria:Bebida (Checo)]]
[[Categoria:Entrada com imagem (Checo)]]
[[Categoria:Cognato (Checo)]]
={{-da-}}=
==Substantivo==
'''{{grifar.Palavra|whis}}.ky''' {{c}}
# [[uísque]]:
#* ''Produktionen af '''whisky''' startede i regioner, der havde korn som en vigtig afgrøde.''
===Declinação===
{{decl.da.subst.com}}
===Verbetes derivados===
{{verTambém.Ini}}
* {{link preto|maltwhisky}}
* {{link preto|whiskybælte}}
{{verTambém.NovaColuna|34}}
* {{link preto|whiskyflaske}}
* {{link preto|whiskyglas}}
{{verTambém.NovaColuna|33}}
* {{link preto|whiskysjus}}
{{verTambém.Fim}}
=={{etimologia|da}}==
{{llietimo|en|whisky|da}}
=={{pronúncia|da}}==
* [[AFI]]: {{AFI|/'vis.gi/}}, {{AFI|/'wis.gi/}}
* [[X-SAMPA]]: /&quot;vis.gi/, /&quot;wis.gi/
==Ver também==
===No Wikcionário===
{{verTambém.Ini}}
* {{link preto|drik|da}}
{{verTambém.Fim}}
===Referências===
{{verTambém.Ini}}
* [http://ordnet.dk/ddo/ordbog?query=whisky ''whisky'' no Den Danske Ordbog (em dinamarquês)]
* [http://ordnet.dk/ods/opslag?opslag=whisky ''whisky'' no ODS (em dinamarquês)]
* [http://sproget.dk/lookup?SearchableText=whisky ''whisky'' no sproget.dk (em dinamarquês)]
{{verTambém.Fim}}
[[Categoria:Substantivo (Dinamarquês)]]
[[Categoria:Dissílabo (Dinamarquês)]]
[[Categoria:Paroxítona (Dinamarquês)]]
[[Categoria:Bebida (Dinamarquês)]]
[[Categoria:Entrada com imagem (Dinamarquês)]]
[[Categoria:Cognato (Dinamarquês)]]
={{-sco-}}=
==Substantivo==
{{flex.sco|s=whisky|p=whiskies|s-div=whis.ky|p-div=whis.kies}}
'''whis.ky'''
# [[uísque]]
==={{-varort-}}===
* {{link preto|whiskey|sco}}
===Sinônimos===
* {{link preto|aquavite|sco}}, {{link preto|usquebay|sco}}
==Ver também==
===No Wikcionário===
{{verTambém.Ini}}
* {{l.s.|drink|{{sco}}}}
* {{link preto|grain|sco}}
{{verTambém.NovaColuna|50}}
* {{link preto|maut|sco}}
* {{link preto|speirit|sco}}
{{verTambém.Fim}}
===Referências===
{{verTambém.Ini}}
* [http://www.dsl.ac.uk/getent4.php?plen=10992&amp;startset=47358809&amp;dtext=snd ''whisky'' no Dictionary of the Scots Language (em inglês)]
{{verTambém.Fim}}
[[Categoria:Substantivo (Escocês)]]
[[Categoria:Dissílabo (Escocês)]]
[[Categoria:Paroxítona (Escocês)]]
[[Categoria:Bebida (Escocês)]]
[[Categoria:Entrada com imagem (Escocês)]]
[[Categoria:Cognato (Escocês)]]
={{-sk-}}=
==Substantivo==
'''whis.ky''', {{gramática|f}}, ''indeclinável''
# [[uísque]]:
#* ''Škótske '''whisky''' sú obyčajne destilované dvakrát, niektoré dokonca trikrát.'' &lt;small&gt;(O uísque escocês geralmente é duplamente destilado, às vezes até triplamente.)&lt;/small&gt;
===Declinação===
{{decl.sk.subst|ind=[[whisky]]|título=Substantivo feminino, indeclinável}}
==={{-varort-}}===
* {{link preto|whiskey|sk}}
=={{etimologia|sk}}==
{{llietimo|en|whisky|sk}}
==Ver também==
===No Wikcionário===
{{verTambém.Ini}}
* {{link preto|nápoj|sk}}
{{verTambém.Fim}}
===Referências===
{{verTambém.Ini}}
* [http://www.slex.sk/index.asp SLEX (em eslovaco)]
* [http://webslovnik.zoznam.sk/index.fcgi?dir=yes&amp;utf_lang=i0&amp;my_word=whisky ''whisky'' no Web Slovnik (Slovensko-Anglický) (em eslovaco)]
{{verTambém.Fim}}
[[Categoria:Substantivo (Eslovaco)]]
[[Categoria:Dissílabo (Eslovaco)]]
[[Categoria:Bebida (Eslovaco)]]
[[Categoria:Entrada com imagem (Eslovaco)]]
[[Categoria:Cognato (Eslovaco)]]
={{-es-}}=
==Substantivo==
{{flex.es|ms=whisky|mp=whiskies|ms-div={{grifar.Palavra|whis}}.ky|mp-div={{grifar.Palavra|whis}}.kies}}
'''{{grifar.Palavra|whis}}.ky''', {{gramática|m}}
# [[uísque]]:
#* ''Otra característica común de los '''whiskies''' canadienses es su uso de centeno que ha sido malteado, que proporciona más sabor y suavidad.'' &lt;small&gt;(Outra característica comum dos uísques canadenses é o uso de centeio malteado, que proporciona mais sabor e suavidade.)&lt;/small&gt;
===Sinônimos===
* {{link preto|güisqui|es}}
=={{etimologia|es}}==
{{llietimo|en|whisky|es}}
=={{pronúncia|es}}==
* [[AFI]]: {{AFI|/'wis.ki/}}
* [[X-SAMPA]]: /&quot;wis.ki/
==Ver também==
===No Wikcionário===
{{verTambém.Ini}}
* {{l.s.|bebida|{{es}}}}
* {{link preto|grano|es}}
* {{l.s.|malta|{{es}}}}
{{verTambém.Fim}}
===Referências===
{{verTambém.Ini}}
{{DLE-RAE}}
{{verTambém.Fim}}
[[Categoria:Substantivo (Espanhol)]]
[[Categoria:Dissílabo (Espanhol)]]
[[Categoria:Paroxítona (Espanhol)]]
[[Categoria:Bebida (Espanhol)]]
[[Categoria:Entrada com imagem (Espanhol)]]
[[Categoria:Cognato (Espanhol)]]
={{-vls-}}=
==Substantivo==
'''whis.ky'''
# [[uísque]]:
#* ''De mêest bekende kortndrankn zyn geniver, gin, '''whisky''', cognac, vodka en rum.''
=={{etimologia|vls}}==
{{llietimo|en|whisky|vls}}
==Ver também==
===No Wikcionário===
{{verTambém.Ini}}
* {{link preto|drank|vls}}
{{verTambém.Fim}}
[[Categoria:Substantivo (Flamengo)]]
[[Categoria:Dissílabo (Flamengo)]]
[[Categoria:Bebida (Flamengo)]]
[[Categoria:Entrada com imagem (Flamengo)]]
[[Categoria:Cognato (Flamengo)]]
={{-fr-}}=
==Substantivo==
{{flex.fr|ms=whisky|mp=whiskys/whiskies|ms-div=whis.{{grifar.Palavra|ky}}|mp-div=whis.{{grifar.Palavra|ky}}}}
'''whis.{{grifar.Palavra|ky}}''', {{gramática|m}}
# [[uísque]]:
#* ''L'élaboration d'un '''whisky''' doit durer au minimum trois ans.'' &lt;small&gt;(A elaboração de um uísque deve durar no mínimo três anos.)&lt;/small&gt;
==={{-varort-}}===
* {{link preto|whiskey|fr}}
=={{etimologia|fr}}==
{{llietimo|en|whisky|fr}}
:* '''Datação''': [[w:1770|1770]]
=={{pronúncia|fr}}==
* [[AFI]]: {{AFI|/wis.ki/}}
* [[X-SAMPA]]: /wis.ki/
: '''Áudio''': {{ouvir|Fr-whisky.ogg|&quot;l'whisky&quot;}}
==Ver também==
===No Wikcionário===
{{verTambém.Ini}}
* {{link preto|boisson}}
* {{link preto|bourbon|fr}}
{{verTambém.NovaColuna|50}}
* {{link preto|eau-de-vie}}
* {{link preto|orge|fr}}
{{verTambém.Fim}}
==Ligações externas==
* {{CNRTL}}
* {{Larousse}}
* {{MDEF}}
* {{MEDIADICO}}
[[Categoria:Substantivo (Francês)]]
[[Categoria:Dissílabo (Francês)]]
[[Categoria:Paroxítona (Francês)]]
[[Categoria:Bebida (Francês)]]
[[Categoria:Século XVIII (Francês)]]
[[Categoria:Entrada com áudio (Francês)]]
[[Categoria:Entrada com imagem (Francês)]]
[[Categoria:Cognato (Francês)]]
={{-gl-}}=
==Substantivo==
{{flex.gl|ms=whisky|mp=whiskys|mp2=whiskies|ms-div=whis.ky|mp-div={{grifar.Palavra|whis}}.kys / {{grifar.Palavra|whis}}.kies}}
'''{{grifar.Palavra|whis}}.ky''', {{gramática|m}}
# [[uísque]]:
#* ''O '''whisky''' producido nos Estados Unidos ten características propias que o distingue dos tipos elaborados en Europa.'' &lt;small&gt;(O uísque produzido nos Estados Unidos possui características próprias que o distingue dos tipos elaborados na Europa.)&lt;/small&gt;
===Sinônimos===
* {{link preto|güisqui|gl}}
=={{etimologia|gl}}==
{{llietimo|en|whisky|gl}}
==Ver também==
===No Wikcionário===
{{verTambém.Ini}}
* {{l.s.|bebida|{{gl}}}}
* {{link preto|bourbon|gl}}
{{verTambém.NovaColuna|50}}
* {{link preto|cebada|gl}}
* {{link preto|centeo|gl}}
{{verTambém.Fim}}
===Referências===
{{verTambém.Ini}}
* {{DRAG}}
{{verTambém.Fim}}
[[Categoria:Substantivo (Galego)]]
[[Categoria:Dissílabo (Galego)]]
[[Categoria:Paroxítona (Galego)]]
[[Categoria:Bebida (Galego)]]
[[Categoria:Entrada com imagem (Galego)]]
[[Categoria:Cognato (Galego)]]
={{-nl-}}=
==Substantivo==
{{flex.nl|ms=whisky|mp=whisky's|d=whisky'tje|ms-div={{grifar.Palavra|whis}}.ky|mp-div={{grifar.Palavra|whis}}.ky's|d-div={{grifar.Palavra|whis}}.ky.'tje}}
'''{{grifar.Palavra|whis}}.ky''', {{gramática|m}}
# [[uísque]]:
#* ''Het productieproces van '''whisky''' begint met het bevochtigen van gerst waardoor de gerst zal ontkiemen tot mout.''
==={{-varort-}}===
* {{link preto|whiskey|nl}}
===Verbetes derivados===
{{verTambém.Ini}}
* {{link preto|whiskygrog}}
* {{link preto|whiskysoda}}
{{verTambém.Fim}}
=={{etimologia|nl}}==
{{llietimo|en|whisky|nl}}
==Ver também==
===No Wikcionário===
{{verTambém.Ini}}
* {{link preto|drank|nl}}
{{verTambém.Fim}}
===Referências===
{{verTambém.Ini}}
* [http://www.mijnwoordenboek.nl/vertalen.php?src=NL&amp;des=EN&amp;woord=whisky ''whisky'' no MWB (em holandês)]
{{verTambém.Fim}}
[[Categoria:Substantivo (Holandês)]]
[[Categoria:Dissílabo (Holandês)]]
[[Categoria:Paroxítona (Holandês)]]
[[Categoria:Bebida (Holandês)]]
[[Categoria:Entrada com imagem (Holandês)]]
[[Categoria:Cognato (Holandês)]]
={{-hu-}}=
==Substantivo==
'''{{grifar.Palavra|whis}}.ky''' ({{p}} '''''{{link preto|whiskyk}}''''')
# [[uísque]]:
#* ''Az indiai '''whisky''' 90%-a melaszból készül, ezért más országban rumnak hívnák.''
==={{-varort-}}===
* {{link preto|whiskey|hu}}
===Verbetes derivados===
{{verTambém.Ini}}
* {{link preto|gabonawhisky}}
* {{link preto|malátawhisky}}
{{verTambém.Fim}}
=={{etimologia|hu}}==
{{llietimo|en|whisky|hu}}
=={{pronúncia|hu}}==
* [[AFI]]: {{AFI|/'vhis.ki/}}
* [[X-SAMPA]]: /&quot;vhis.ki/
==Ver também==
===No Wikcionário===
{{verTambém.Ini}}
* {{link preto|ital|hu}}
{{verTambém.Fim}}
===Referências===
{{verTambém.Ini}}
* [http://dict.sztaki.hu/dict_search.php?O=ENG1&amp;L=HUN%3AENG%3AEngHunDict&amp;T=1&amp;W=whisky ''whisky'' no Sztaki Szótár (em húngaro e inglês)]
{{verTambém.Fim}}
[[Categoria:Substantivo (Húngaro)]]
[[Categoria:Dissílabo (Húngaro)]]
[[Categoria:Paroxítona (Húngaro)]]
[[Categoria:Bebida (Húngaro)]]
[[Categoria:Entrada com imagem (Húngaro)]]
[[Categoria:Cognato (Húngaro)]]
={{-en-}}=
==Substantivo==
{{flex.en|s=whisky|p=whiskies|s-div={{grifar.Palavra|whis}}.ky|p-div={{grifar.Palavra|whis}}.kies}}
'''{{grifar.Palavra|whis}}.ky'''
# [[uísque]]:
#* ''In the last few years Finnish '''whisky''' culture has developed strongly and it is still in progress of evolving.'' &lt;small&gt;(Nos últimos anos, a cultura do uísque finlandês teve franco desenvolvimento e ainda está em evolução.)&lt;/small&gt;
# [[dose]] ou determinada [[quantidade]] ([[copo]], [[garrafa]], etc.) de uísque:
#* ''I'll have a '''whisky''', please.'' &lt;small&gt;(Vou querer um uísque, por favor.)&lt;/small&gt;
==={{-varort-}}===
* {{link preto|whiskey|en}}, {{escopo2|obsoleto}} {{link preto|usque|en}}, {{escopo2|obsoleto}} {{link preto|usquebaugh|en}}
:* '''Nota:''' As grafias &quot;whisky&quot; e &quot;whiskey&quot; são geralmente usadas para distinguir o país de origem: &quot;whisky&quot; indica que a bebida vem da Escócia, do Canadá ou do Japão, enquanto que &quot;whiskey&quot; sugere um produto irlandês ou estadunidense.
===Expressões===
* '''[[whisky neat]]''': dose de uísque puro e sem gelo
* '''[[whisky on the rock]]''': dose de uísque com gelo
===Verbetes derivados===
{{verTambém.Ini}}
* {{link preto|whisky-jack}}/{{link preto|whiskey-jack}}
* {{link preto|whiskyless}}/{{link preto|whiskeyless}}
{{verTambém.Fim}}
=={{etimologia|en}}==
: Do [[irlandês]] {{etimo|ga|uisce beatha}} e do [[gaélico escocês]] {{etimo|gd|uisge beatha}}, ambos traduzidos do [[latim]] {{etimo|la|aqua vitae}} (&quot;[[água]] da [[vida]]&quot;).
:* '''Datação''': [[w:1715|1715]]
===Descendentes===
{{tradini|Termos descendentes de ''whisk(e)y''}}
* {{trad|af|whiskey|whisky}}
* {{trad|sq|uiski}}
* {{trad|de|Whiskey|Whisky}}
* {{trad-|ar|ويسكي|(wíski)}}
* {{trad-|hy|վիսկի|(viski)}}
* {{trad|ast|güisqui}}
* {{trad|az|viski}}
* {{trad|eu|whiski}}
* {{trad-|be|ўіскі|(uiski)}}
* {{trad|bs|viski}}
* {{trad|br|wiski}}
* {{trad-|bg|уиски|(uiski)}}
* {{trad|ca|whisky}}
* {{trad|cs|whisky}}
* {{trad-|zh|威士忌酒|(wēishìjì jiǔ, wei1 shi4 ji4 jiu3)}}
* {{trad-|ko|위스키|(wiseuki)}}
* {{trad|hr|viski}}
* {{trad|ku|ڤیسکی|vîskî|ویسکی|wîskî}}
* {{trad|nb|whisky}}
* {{trad|da|whisky}}
* {{trad|sco|whisky}}
* {{trad|sk|whisky}}
* {{trad|sl|viski}}
* {{trad|eo|viskio}}
* {{trad|es|güisqui|whisky}}
* {{trad|et|viski}}
* {{trad|fi|viski}}
* {{trad|fr|whiskey|whisky}}
* {{trad|gl|whisky}}
* {{trad|cy|wisgi}}
* {{trad-|ka|ვისკი|(visk'i)}}
{{tradmeio}}
* {{trad-|el|ουίσκι|(uíski)}}
* {{trad-|he|ויסקי|(víski)}}
* {{trad|nl|wisky}}
* {{trad|hu|whiskey|whisky}}
* {{trad|is|viskí}}
* {{trad|io|wiskio}}
* {{trad|it|whiskey|whisky}}
* {{trad-|ja|ウィスキー|(wisukii)}}
* {{trad|lv|viskijs}}
* {{trad|li|whisky}}
* {{trad|lt|viskis}}
* {{trad-|mk|виски|(víski)}}
* {{trad|nan|ui-sū-kī-chiú}}
* {{trad|nn|whisky}}
* {{trad|oc|visky|whiskey|whiski|whisky}}
* {{trad|pap|wiski}}
* {{trad|pl|whisky}}
* {{trad|pt|uísque|whiskey|whisky}}
* {{trad|rm|whisky}}
* {{trad|ro|whiskey|whisky}}
* {{trad-|ru|виски|(víski)}}
* {{trad-|sr|виски|viski}}
* {{trad|sw|wiski}}
* {{trad|sv|whiskey|whisky}}
* {{trad|tl|wíski}}
* {{trad|tr|viski}}
* {{trad|uk|віскі|(víski)}}
* {{trad|val|whisky}}
* {{trad|vi|uýt-ki|huých-ki}}
* {{trad|zu|uwiski}}
{{tradfim}}
=={{pronúncia|en}}==
* [[AFI]]: {{AFI|/'wɪs.ki/}}, {{AFI|/'ʍɪs.ki/}}
* [[X-SAMPA]]: /&quot;wIs.ki/, /&quot;WIs.ki/
: '''Áudio''': {{ouvir|En-us-whisky.ogg|&quot;whisky&quot; (Estados Unidos)}}
==Ver também==
===No Wikcionário===
{{verTambém.Ini}}
* {{link preto|beverage|en}}
* {{link preto|bourbon|en}}
{{verTambém.NovaColuna|25}}
* {{link preto|drink|en}}
* {{link preto|liquor|en}}
{{verTambém.NovaColuna|25}}
* {{l.s.|rye}}
* {{link preto|scotch|en}}
{{verTambém.NovaColuna|25}}
{{confr|whiskybae|en}}
{{verTambém.Fim}}
==Ligações externas==
* {{CALD}}
* {{COED}}
* {{MDI}}
* {{MWOD}}
* {{OED}}
* {{Oxford}}
[[Categoria:Substantivo (Inglês)]]
[[Categoria:Dissílabo (Inglês)]]
[[Categoria:Paroxítona (Inglês)]]
[[Categoria:Bebida (Inglês)]]
[[Categoria:Século XVIII (Inglês)]]
[[Categoria:Entrada com imagem (Inglês)]]
={{-it-}}=
==Substantivo==
{{flex.it|ms=whisky|mp=whisky|ms-div={{grifar.Palavra|whi}}.sky|mp-div={{grifar.Palavra|whi}}.sky}}
'''whi.sky''', {{gramática|m}}, ''invariável''
# [[uísque]]:
#* ''Il '''whisky''' raccoglie appassionati in molte parti del globo.'' &lt;small&gt;(O uísque possui apreciadores em muitas partes do mundo.)&lt;/small&gt;
==={{-varort-}}===
* {{escopo2|raro}} {{link preto|whiskey|it}}
=={{etimologia|it}}==
{{llietimo|en|whisky|it}}
:* '''Datação''': [[w:1823|1823]]
=={{pronúncia|it}}==
* [[AFI]]: {{AFI|/'wis.ki/}}
* [[X-SAMPA]]: /&quot;wis.ki/
==Ver também==
===No Wikcionário===
{{verTambém.Ini}}
* {{link preto|acquavite|it}}
* {{link preto|bevanda|it}}
{{verTambém.NovaColuna|50}}
* {{link preto|malto|it}}
* {{link preto|orzo|it}}
{{verTambém.Fim}}
==Ligações externas==
* {{MDEI}}
[[Categoria:Substantivo (Italiano)]]
[[Categoria:Dissílabo (Italiano)]]
[[Categoria:Paroxítona (Italiano)]]
[[Categoria:Bebida (Italiano)]]
[[Categoria:Século XIX (Italiano)]]
[[Categoria:Entrada com imagem (Italiano)]]
[[Categoria:Cognato (Italiano)]]
={{-no-}}=
==Substantivo==
'''{{grifar.Palavra|whis}}.ky''', {{gramática|m}}
# [[uísque]]:
#* ''I Thailand kalles nesten all sprit som produseres for '''whisky''', samme hva det egentlig er.''
===Declinação===
{{decl.no.subst.masc.1}}
=={{etimologia|no}}==
{{llietimo|en|whisky|no}}
==Ver também==
===No Wikcionário===
{{verTambém.Ini}}
* {{link preto|akevitt|no}}
{{verTambém.Fim}}
===Referências===
{{verTambém.Ini}}
* [http://www.dokpro.uio.no/perl/ordboksoek/ordbok.cgi?OPP=whisky ''whisky'' no Norske ordbøker (em norueguês)]
* [http://www.ordnett.no/ordbok.html?publications=23&amp;search=whisky ''whisky'' no The Ordnett Dictionary (em norueguês)]
{{verTambém.Fim}}
[[Categoria:Substantivo (Norueguês)]]
[[Categoria:Dissílabo (Norueguês)]]
[[Categoria:Bebida (Norueguês)]]
[[Categoria:Entrada com imagem (Norueguês)]]
[[Categoria:Cognato (Norueguês)]]
[[Categoria:Substantivo (Dano-norueguês)]]
[[Categoria:Dissílabo (Dano-norueguês)]]
[[Categoria:Bebida (Dano-norueguês)]]
[[Categoria:Entrada com imagem (Dano-norueguês)]]
[[Categoria:Cognato (Dano-norueguês)]]
[[Categoria:Substantivo (Novo Norueguês)]]
[[Categoria:Dissílabo (Novo Norueguês)]]
[[Categoria:Bebida (Novo Norueguês)]]
[[Categoria:Entrada com imagem (Novo Norueguês)]]
[[Categoria:Cognato (Novo Norueguês)]]
={{-oc-}}=
==Substantivo==
{{flex.oc|whisky|whiskies|ms-div={{grifar.Palavra|whis}}.ky|mp-div={{grifar.Palavra|whis}}.kies}}
'''{{grifar.Palavra|whis}}.ky''', {{gramática|m}}
# [[uísque]]:
#* ''Sabèm pas quora e ont lo '''whisky''' foguèt d'en primièr distillat e la produccion locala non documentada pendent aqueste periòde fa que l'identificacion de l'origina de la beguda es dificila.''
==={{-varort-}}===
* {{link preto|visky|oc}}, {{link preto|whiskey|oc}}, {{link preto|whiski|oc}}
=={{etimologia|oc}}==
{{llietimo|en|whisky|oc}}
==Ver também==
===No Wikcionário===
{{verTambém.Ini}}
* {{link preto|bevenda}}
* {{link preto|òrdi}}
{{verTambém.Fim}}
[[Categoria:Substantivo (Occitano)]]
[[Categoria:Dissílabo (Occitano)]]
[[Categoria:Bebida (Occitano)]]
[[Categoria:Entrada com imagem (Occitano)]]
[[Categoria:Cognato (Occitano)]]
={{-pl-}}=
==Substantivo==
'''{{grifar.Palavra|whis}}.ky''', {{gramática|f}}
# [[uísque]]:
#* '''''Whisky''' pochodzi najprawdopodobniej z Irlandii.'' &lt;small&gt;(O uísque provavelmente vem da Irlanda.)&lt;/small&gt;
=={{etimologia|pl}}==
{{llietimo|en|whisky|pl}}
=={{pronúncia|pl}}==
* [[AFI]]: {{AFI|/ˈwɨs̪.kʲi/}}, {{AFI|/ˈwis̪.kʲi/}}
* [[X-SAMPA]]: /&quot;w1s_d.k_ji/, /&quot;wis_d.k_ji/
==Ver também==
===No Wikcionário===
{{verTambém.Ini}}
* {{link preto|napój|pl}}
{{verTambém.Fim}}
===Referências===
{{verTambém.Ini}}
* [http://www.ling.pl/index.jsp?sType=2&amp;word=whisky ''whisky'' no Ling.pl (em polonês)]
{{verTambém.Fim}}
[[Categoria:Substantivo (Polonês)]]
[[Categoria:Dissílabo (Polonês)]]
[[Categoria:Paroxítona (Polonês)]]
[[Categoria:Bebida (Polonês)]]
[[Categoria:Entrada com imagem (Polonês)]]
[[Categoria:Cognato (Polonês)]]
={{-rm-}}=
==Substantivo==
'''whis.ky''', {{gramática|m}}
# [[uísque]]
=={{etimologia|rm}}==
{{llietimo|en|whisky|rm}}
==Ver também==
===No Wikcionário===
{{verTambém.Ini}}
* {{link preto|bavronda}}
{{verTambém.Fim}}
===Referências===
{{verTambém.Ini}}
* [http://www.pledarigrond.ch/plugin.php?pled=whisky ''whisky'' no Pledari Grond (em romanche)]
{{verTambém.Fim}}
[[Categoria:Substantivo (Romanche)]]
[[Categoria:Dissílabo (Romanche)]]
[[Categoria:Bebida (Romanche)]]
[[Categoria:Entrada com imagem (Romanche)]]
[[Categoria:Cognato (Romanche)]]
={{-ro-}}=
==Substantivo==
'''{{grifar.Palavra|whis}}.ky''' {{n}}
# [[uísque]]
==={{-varort-}}===
* {{link preto|whiskey|ro}}
===Declinação===
{{decl.ro.subst.neu}}
=={{etimologia|ro}}==
{{llietimo|en|whisky|ro}}
==Ver também==
===No Wikcionário===
{{verTambém.Ini}}
* {{link preto|băutură}}
{{verTambém.Fim}}
===Referências===
{{verTambém.Ini}}
* {{DEX}}
{{verTambém.Fim}}
[[Categoria:Substantivo (Romeno)]]
[[Categoria:Dissílabo (Romeno)]]
[[Categoria:Paroxítona (Romeno)]]
[[Categoria:Bebida (Romeno)]]
[[Categoria:Entrada com imagem (Romeno)]]
[[Categoria:Cognato (Romeno)]]
={{-sv-}}=
==Substantivo==
'''{{grifar.Palavra|whis}}.ky''' {{c}}, {{s/p}}
# [[uísque]]:
#* '''''Whisky''' används även som drinkingrediens och inom matlagning för att smaksätta marinader och liknande.''
===Declinação===
{{decl.sv.subst.com.sing|e=}}
==={{-varort-}}===
* {{link preto|whiskey|sv}}
=={{etimologia|sv}}==
{{llietimo|en|whisky|sv}}
==Ver também==
===No Wikcionário===
{{verTambém.Ini}}
* {{link preto|spritdryck|sv}}
{{verTambém.Fim}}
===Referências===
{{verTambém.Ini}}
* [http://lexin.nada.kth.se/sve-sve.html Svenska ord (Lexin) (em sueco)] 
* [https://web.archive.org/web/20160305023742/http://www.ord.se/oversattning/engelska/?s=whisky&amp;l=SVEENG ''whisky'' no Norstedts Ord (em sueco)]
{{verTambém.Fim}}
[[Categoria:Substantivo (Sueco)]]
[[Categoria:Dissílabo (Sueco)]]
[[Categoria:Paroxítona (Sueco)]]
[[Categoria:Bebida (Sueco)]]
[[Categoria:Entrada com imagem (Sueco)]]
[[Categoria:Cognato (Sueco)]]</text>
<sha1>mi6nkgylk9ogoy3wmkilbqq74i2mgrg</sha1>
</revision>
</page>
