<page>
<page>
<title>whistle</title>
<ns>0</ns>
<id>123568</id>
<revision>
<id>2254578</id>
<parentid>2079633</parentid>
<timestamp>2017-03-21T12:17:43Z</timestamp>
<contributor>
<username>UT-interwiki-Bot</username>
<id>56129</id>
</contributor>
<minor />
<comment>Robô: A adicionar: [[no:whistle]]</comment>
<model>wikitext</model>
<format>text/x-wiki</format>
<text bytes="1307" xml:space="preserve">{{Wikipédia|lang=en}}
={{-en-}}=
==Substantivo==
'''whistle'''
# [[assobio]]
# [[sibilo]]
# [[silvo]]
# [[zunido]]
# [[apito]]
==Verbo==
'''whistle'''
# [[assobiar]]
# [[apitar]]
# [[sibilar]]
# [[zumbir]]
===Conjugação===
{{conj.en.reg|whistl|e}}
===Expressões===
* '''[[whistle Dixie]]''': 
* '''[[whistle in the dark]]''': 
* '''[[whistle past the graveyard]]''':
=={{etimologia|en}}==
: Do inglês médio ''whistlen'' e este do inglês antigo ''hwistlan''.
[[Categoria:Substantivo (Inglês)]]
[[Categoria:Verbo (Inglês)]]
[[ar:whistle]]
[[chr:whistle]]
[[co:whistle]]
[[cs:whistle]]
[[cy:whistle]]
[[de:whistle]]
[[el:whistle]]
[[en:whistle]]
[[eo:whistle]]
[[es:whistle]]
[[et:whistle]]
[[eu:whistle]]
[[fa:whistle]]
[[fi:whistle]]
[[fr:whistle]]
[[gl:whistle]]
[[hr:whistle]]
[[hu:whistle]]
[[hy:whistle]]
[[id:whistle]]
[[io:whistle]]
[[it:whistle]]
[[ja:whistle]]
[[kk:whistle]]
[[kn:whistle]]
[[ko:whistle]]
[[ku:whistle]]
[[li:whistle]]
[[lo:whistle]]
[[lv:whistle]]
[[mg:whistle]]
[[ml:whistle]]
[[my:whistle]]
[[nl:whistle]]
[[no:whistle]]
[[oc:whistle]]
[[pl:whistle]]
[[ru:whistle]]
[[simple:whistle]]
[[sm:whistle]]
[[sv:whistle]]
[[sw:whistle]]
[[ta:whistle]]
[[te:whistle]]
[[tl:whistle]]
[[tr:whistle]]
[[uk:whistle]]
[[uz:whistle]]
[[vi:whistle]]
[[wa:whistle]]
[[zh:whistle]]</text>
<sha1>1ss9j41g4bpuorvshq82sh5uu4r6zxi</sha1>
</revision>
