<page>
<page>
<title>whisker</title>
<ns>0</ns>
<id>432822</id>
<revision>
<id>2629778</id>
<timestamp>2021-04-06T04:01:18Z</timestamp>
<contributor>
<username>GabMarquetto</username>
<id>81219</id>
</contributor>
<comment>[[Ajuda:Guia de edição/Menus e ferramentas/Sumário de edição|→]] nova página: ={{-en-}}= ==Substantivo== '''whisker''' {{flex.en|s=whisker|p=whiskers}} #[[bigode]] (de animais) :Cat '''wh...</comment>
<model>wikitext</model>
<format>text/x-wiki</format>
<text bytes="174" xml:space="preserve">={{-en-}}=
==Substantivo==
'''whisker'''
{{flex.en|s=whisker|p=whiskers}}
#[[bigode]] (de animais)
:Cat '''whiskers''' ''(bigode de gato)
[[Categoria:Substantivo (Inglês)]]</text>
<sha1>6dipeaxaei8zfex5cpmaq5atpyixo8z</sha1>
</revision>
