<page>
<title>Whisky</title>
<ns>0</ns>
<id>84850</id>
<revision>
<id>2282420</id>
<parentid>2066633</parentid>
<timestamp>2017-04-27T04:00:14Z</timestamp>
<contributor>
<username>HydrizBot</username>
<id>29590</id>
</contributor>
<minor />
<comment>Robô: A limpar links interwikis antigos</comment>
<model>wikitext</model>
<format>text/x-wiki</format>
<text bytes="743" xml:space="preserve">{{Wikipédia|lang=de}}
[[Imagem:Scotch Whisky (aka).jpg|thumb|200px|'''Whisky''']]
{{ver também|whisky}}
={{-de-}}=
==Substantivo==
'''{{grifar|Whis}}.ky''', {{m}}
# [[uísque]]
===Declinação===
{{decl.de.subst|título=Declinação de substantivo masculino
|ns=der [[Whisky]] |np=die [[Whiskys]]
|gs=des [[Whiskys]] |gp=der [[Whiskys]]
|ds=dem [[Whisky]] |dp=den [[Whiskys]]
|as=den [[Whisky]] |ap=die [[Whiskys]]
}}
=={{etimologia|de}}==
: Do [[inglês]] {{etimo|en|whisky}}.
=={{pronúncia|de}}==
* [[AFI]]: {{AFI|/ˈwis.ki/}}
* [[X-SAMPA]]: /&quot;wis.ki/.
[[Categoria:Substantivo (Alemão)]]
[[Categoria:Dissílabo (Alemão)]]
[[Categoria:Paroxítona (Alemão)]]
[[Categoria:Bebida (Alemão)]]
[[Categoria:Entrada com imagem (Alemão)]]</text>
<sha1>evoneqyr5bmv32sc6wc2zc1szeeah8y</sha1>
</revision>
</page>
