<page>
<page>
<title>whisper</title>
<ns>0</ns>
<id>118729</id>
<revision>
<id>2079634</id>
<parentid>2058790</parentid>
<timestamp>2016-04-02T11:24:10Z</timestamp>
<contributor>
<username>JAnDbot</username>
<id>25083</id>
</contributor>
<minor />
<comment>r2.7.3) (Robô: A adicionar: [[uz:whisper]]</comment>
<model>wikitext</model>
<format>text/x-wiki</format>
<text bytes="918" xml:space="preserve">={{-en-}}=
==Substantivo==
'''whisper'''
# [[sussurro]], [[cochicho]]
===Expressões===
* '''[[stage whisper]]''': 
* '''[[whisper campaign]]''': 
==Verbo==
'''whisper'''
# [[sussurrar]], [[cochichar]]
=={{etimologia|en}}==
: Do inglês antigo ''hwisprian'' ([[assobiar]]).
[[Categoria:Substantivo (Inglês)]]
[[Categoria:Verbo (Inglês)]]
[[ca:whisper]]
[[cs:whisper]]
[[cy:whisper]]
[[el:whisper]]
[[en:whisper]]
[[eo:whisper]]
[[es:whisper]]
[[et:whisper]]
[[fa:whisper]]
[[fi:whisper]]
[[fr:whisper]]
[[hu:whisper]]
[[hy:whisper]]
[[io:whisper]]
[[it:whisper]]
[[ja:whisper]]
[[kk:whisper]]
[[kn:whisper]]
[[ko:whisper]]
[[ku:whisper]]
[[li:whisper]]
[[lt:whisper]]
[[mg:whisper]]
[[ml:whisper]]
[[my:whisper]]
[[nl:whisper]]
[[pl:whisper]]
[[ru:whisper]]
[[simple:whisper]]
[[sm:whisper]]
[[sv:whisper]]
[[ta:whisper]]
[[te:whisper]]
[[tl:whisper]]
[[tr:whisper]]
[[uz:whisper]]
[[vi:whisper]]
[[zh:whisper]]</text>
<sha1>nv9g3oc2gqaf0igk2962889jpg1pku8</sha1>
</revision>
