<page>
<page>
<title>whiskies</title>
<ns>0</ns>
<id>271712</id>
<revision>
<id>1886483</id>
<parentid>1462192</parentid>
<timestamp>2015-01-13T18:22:50Z</timestamp>
<contributor>
<username>HydrizBot</username>
<id>29590</id>
</contributor>
<minor />
<comment>r2.7.3) (Robô: A adicionar: [[fi:whiskies]]</comment>
<model>wikitext</model>
<format>text/x-wiki</format>
<text bytes="252" xml:space="preserve">={{-en-}}=
==Forma de substantivo==
'''whiskies'''
# plural de [[whisky]]
[[Categoria:Forma de substantivo (Inglês)]]
[[ar:whiskies]]
[[en:whiskies]]
[[fi:whiskies]]
[[fr:whiskies]]
[[ku:whiskies]]
[[mg:whiskies]]
[[simple:whiskies]]
[[sv:whiskies]]</text>
<sha1>m0hwfgv9l4rpqwut8po2kf6fw7p8tdq</sha1>
</revision>
