<page>
<page>
<title>whist</title>
<ns>0</ns>
<id>331175</id>
<revision>
<id>1997848</id>
<parentid>1861793</parentid>
<timestamp>2015-09-06T08:50:21Z</timestamp>
<contributor>
<username>HydrizBot</username>
<id>29590</id>
</contributor>
<minor />
<comment>Robô: A adicionar: el, en, eo, et, fr, hy, io, ku, mg, ml, nl, pl, ru, sv, te, vi, zh</comment>
<model>wikitext</model>
<format>text/x-wiki</format>
<text bytes="339" xml:space="preserve">={{-en-}}=
==Substantivo==
{{flex.en|s=whist|p=whists}}
'''whist'''
# [[uíste]]
[[Categoria:Substantivo (Inglês)]]
[[el:whist]]
[[en:whist]]
[[eo:whist]]
[[et:whist]]
[[fr:whist]]
[[hy:whist]]
[[io:whist]]
[[ku:whist]]
[[mg:whist]]
[[ml:whist]]
[[nl:whist]]
[[pl:whist]]
[[ru:whist]]
[[sv:whist]]
[[te:whist]]
[[vi:whist]]
[[zh:whist]]</text>
<sha1>ehieyjly99lqjndgrrjrcey9h05vvum</sha1>
</revision>
