<page>
<title>Whitsunday</title>
<ns>0</ns>
<id>28497</id>
<revision>
<id>2282422</id>
<parentid>2048270</parentid>
<timestamp>2017-04-27T04:00:22Z</timestamp>
<contributor>
<username>HydrizBot</username>
<id>29590</id>
</contributor>
<minor />
<comment>Robô: A limpar links interwikis antigos</comment>
<model>wikitext</model>
<format>text/x-wiki</format>
<text bytes="296" xml:space="preserve">={{-en-}}=
==Substantivo==
'''Whitsunday''', {{pr}} {{p|Whitsundays}}
# [[Domingo de Pentecostes]], [[Pentecoste]]
[[Categoria:Substantivo (Inglês)]]
[[Categoria:Catolicismo (Inglês)]]
[[Categoria:Comemoração (Inglês)]]
[[Categoria:Cristianismo (Inglês)]]
[[Categoria:Religião (Inglês)]]</text>
<sha1>57gdwj1ggqhb04sygfiyogrz6zxie9c</sha1>
</revision>
</page>
