<page>
<page>
<title>white</title>
<ns>0</ns>
<id>1708</id>
<revision>
<id>2663291</id>
<parentid>2663290</parentid>
<timestamp>2022-03-05T07:09:31Z</timestamp>
<contributor>
<username>First jumper</username>
<id>44431</id>
</contributor>
<minor />
<comment>/* {{-en-}} */</comment>
<model>wikitext</model>
<format>text/x-wiki</format>
<text bytes="543" xml:space="preserve">={{-en-}}=
==Adjetivo==
'''white''' 
# [[branco]] {{barra de cor|white}}
==Substantivo==
'''Weiß''', {{gramática|n}} (''sem plural'')
# {{escopo|en|cor}} [[branco]]
===Antônimos===
* [[black]]
=={{pronúncia|en}}==
===Reino Unido===
* [[AFI]]: {{AFI|/(h)waɪt/|lang=en}} {{áudio|En-uk-white.ogg|ouvir|lang=en}}
===eEstados-Unidos===
* [[AFI]]: {{AFI|/(h)waɪt/|lang=en}} {{áudio|En-us-white.ogg|ouvir|lang=en}}
==Ver também==
===No Wikcionário===
{{cores/en}}
{{categorias|{{nome categoria|en}}|Monossílabo|Adjetivo|Substantivo}}</text>
<sha1>dkz1w6l77lg7yhm4mzeh7tagok094fr</sha1>
</revision>
