<page>
<page>
<title>whitu</title>
<ns>0</ns>
<id>380326</id>
<revision>
<id>2419287</id>
<timestamp>2017-06-30T00:57:08Z</timestamp>
<contributor>
<username>Tribuno da Plebe</username>
<id>16095</id>
</contributor>
<comment>[[Ajuda:Guia de edição/Menus e ferramentas/Sumário de edição|→]] nova página: ={{-mi-}}= ==Numeral== '''whitu'''  # [[sete]]  ==Ver também== {{números/mi}}  Categoria:Numeral cardinal...</comment>
<model>wikitext</model>
<format>text/x-wiki</format>
<text bytes="119" xml:space="preserve">={{-mi-}}=
==Numeral==
'''whitu'''
# [[sete]]
==Ver também==
{{números/mi}}
[[Categoria:Numeral cardinal (Maori)]]</text>
<sha1>59ep3pm72kw6r4jzkw20f0c9j1pccpr</sha1>
</revision>
