<page>
<title>whoever</title>
<ns>0</ns>
<id>301954</id>
<revision>
<id>1886500</id>
<parentid>1709537</parentid>
<timestamp>2015-01-13T20:18:12Z</timestamp>
<contributor>
<username>HydrizBot</username>
<id>29590</id>
</contributor>
<minor />
<comment>r2.7.3) (Robô: A adicionar: [[hy:whoever]], [[ku:whoever]], [[ru:whoever]]</comment>
<model>wikitext</model>
<format>text/x-wiki</format>
<text bytes="625" xml:space="preserve">={{-en-}}=
==Pronome==
'''whoever'''
# qualquer pessoa; [[quem]]
==Ver também==
===No Wikcionário===
{{verTambém.Ini}}
* [[whatever]]
* [[whenever]]
* [[wherever]]
{{verTambém.NovaColuna}}
* [[whomever]]
* [[whosoever]]
{{verTambém.Fim}}
==Anagrama==
# [[however]]
[[Categoria:Pronome (Inglês)]]
[[chr:whoever]]
[[el:whoever]]
[[en:whoever]]
[[es:whoever]]
[[et:whoever]]
[[fr:whoever]]
[[hu:whoever]]
[[hy:whoever]]
[[io:whoever]]
[[it:whoever]]
[[ku:whoever]]
[[mg:whoever]]
[[ml:whoever]]
[[my:whoever]]
[[pl:whoever]]
[[ru:whoever]]
[[simple:whoever]]
[[ta:whoever]]
[[te:whoever]]
[[vi:whoever]]
[[zh:whoever]]</text>
<sha1>0xukjj0l90e2a36d2axuiz4xkag1oqu</sha1>
</revision>
</page>
