<page>
<page>
<title>whom</title>
<ns>0</ns>
<id>301783</id>
<revision>
<id>2158401</id>
<parentid>1886499</parentid>
<timestamp>2016-08-13T08:52:01Z</timestamp>
<contributor>
<username>UT-interwiki-Bot</username>
<id>56129</id>
</contributor>
<minor />
<comment>Robô: A adicionar: [[ar:whom]]</comment>
<model>wikitext</model>
<format>text/x-wiki</format>
<text bytes="793" xml:space="preserve">{{Wikipédia|lang=en}}
={{-en-}}=
==Pronome==
'''whom'''
# a [[quem]]
#* ''to '''whom''' it may concern'': &lt;small&gt;(a quem possa interessar)&lt;/small&gt;
=={{etimologia|en}}==
: Do inglês antigo ''hwam''.
=={{pronúncia|en}}==
* [[AFI]]: /huːm/
* [[X-SAMPA]]: /hu:m/
==Ver também==
===No Wikcionário===
{{verTambém.Ini}}
* [[who]]
{{verTambém.NovaColuna}}
* [[whoever]]
{{verTambém.NovaColuna}}
* [[whose]]
{{verTambém.Fim}}
[[Categoria:Pronome (Inglês)]]
[[ar:whom]]
[[chr:whom]]
[[en:whom]]
[[es:whom]]
[[et:whom]]
[[fa:whom]]
[[fi:whom]]
[[fr:whom]]
[[hr:whom]]
[[hu:whom]]
[[hy:whom]]
[[io:whom]]
[[it:whom]]
[[ja:whom]]
[[ko:whom]]
[[ku:whom]]
[[li:whom]]
[[mg:whom]]
[[ml:whom]]
[[my:whom]]
[[pl:whom]]
[[simple:whom]]
[[sv:whom]]
[[ta:whom]]
[[te:whom]]
[[tr:whom]]
[[zh:whom]]</text>
<sha1>ry3jwyzut6xz4fzaqv57we6rqu994mq</sha1>
</revision>
