<page>
<page>
<title>whoounu</title>
<ns>0</ns>
<id>259904</id>
<revision>
<id>1471576</id>
<parentid>1384218</parentid>
<timestamp>2012-09-28T18:32:32Z</timestamp>
<contributor>
<username>MalafayaBot</username>
<id>628</id>
</contributor>
<minor />
<comment>r2.7.2) (Robô: A adicionar: [[mg:whoounu]]</comment>
<model>wikitext</model>
<format>text/x-wiki</format>
<text bytes="218" xml:space="preserve">={{-mi-}}=
==Substantivo==
'''whoounu'''
# [[telefone]]
{{página-automática|fevereiro|2011|telefone|mi}}
[[Categoria:Substantivo (Maori)]]
[[fi:whoounu]]
[[fr:whoounu]]
[[hu:whoounu]]
[[lt:whoounu]]
[[mg:whoounu]]</text>
<sha1>lsu96e6ml1cvapa5kl8wvhh1hqio4uv</sha1>
</revision>
