<page>
<title>whoopee</title>
<ns>0</ns>
<id>329736</id>
<revision>
<id>1997850</id>
<parentid>1850689</parentid>
<timestamp>2015-09-06T09:01:59Z</timestamp>
<contributor>
<username>HydrizBot</username>
<id>29590</id>
</contributor>
<minor />
<comment>Robô: A adicionar: en, hy, ku, vi, zh</comment>
<model>wikitext</model>
<format>text/x-wiki</format>
<text bytes="221" xml:space="preserve">={{-en-}}=
==Interjeição==
'''whoopee'''
# [[iúpi]]
==Ver também==
===No Wikcionário===
* [[yippee]]
[[Categoria:Interjeição (Inglês)]]
[[en:whoopee]]
[[hy:whoopee]]
[[ku:whoopee]]
[[vi:whoopee]]
[[zh:whoopee]]</text>
<sha1>pdlaxcc0gv5kkyk8oyyxy90fr0rhmpk</sha1>
</revision>
</page>
