<page>
<page>
<title>whopper</title>
<ns>0</ns>
<id>446803</id>
<revision>
<id>2689466</id>
<timestamp>2022-10-13T22:43:17Z</timestamp>
<contributor>
<username>Molendinum</username>
<id>71404</id>
</contributor>
<comment>[[Ajuda:Guia de edição/Menus e ferramentas/Sumário de edição|→]] nova página: ={{-en-}}=  =={{etimologia|en}}== ''[[whop]]'' +‎ ''[[-er]]''   ==Pronúncia== * {{AFI|/ˈwɒpə(ɹ)/|en}}, {{AFI|/ˈʍɒpə(ɹ)/|en}} * {{áudio|LL-Q1860 (eng)-Vealhurl-whopper.wav|Audio (UK)|lang=en}}  ==Substantivo== '''whopper''' (''plural'' [[whoppers]])   # (''[[informal]]'') Algo notavelmente [[grande]]. #* '''1889''', [[w:Jerome K. Jerome|Jerome K. Jerome]], capítulo [https://en.wikisource.org/w...</comment>
<model>wikitext</model>
<format>text/x-wiki</format>
<text bytes="3478" xml:space="preserve">={{-en-}}=
=={{etimologia|en}}==
''[[whop]]'' +‎ ''[[-er]]'' 
==Pronúncia==
* {{AFI|/ˈwɒpə(ɹ)/|en}}, {{AFI|/ˈʍɒpə(ɹ)/|en}}
* {{áudio|LL-Q1860 (eng)-Vealhurl-whopper.wav|Audio (UK)|lang=en}}
==Substantivo==
'''whopper''' (''plural'' [[whoppers]]) 
# (''[[informal]]'') Algo notavelmente [[grande]].
#* '''1889''', [[w:Jerome K. Jerome|Jerome K. Jerome]], capítulo [https://en.wikisource.org/wiki/Three%20Men%20in%20a%20Boat%20(1889)/Chapter%2017 17], em ''Three Men in a Boat'':
#** ''&quot;I’d gone out pike fishing, bless you, never thinking of a trout, and when I saw that '''whopper''' on the end of my line, blest if it didn’t quite take me aback. Well, you see, he weighed twenty-six pound.&quot;''
# (''[[informal]]'') Uma [[mentira]] [[ultrajante]] ou [[descarada]].
#* '''1894''', [[w:Mark Twain|Mark Twain]], capítulo [https://en.wikisource.org/wiki/Tom_Sawyer_Abroad/Chapter_XII XII], em ''Tom Sawyer Abroad'':
#** ''&quot;When he got done telling it there was one of them uncomfortable silences that comes, you know, when a person has been telling a '''whopper''' and you feel sorry for him and wish you could think of some way to change the subject and let him down easy, […]&quot;''
===Traduções===
'''algo notavelmente grande'''
{{tradini}}
* Afrikaans: {{t|af|knewel}}
* Albanês: ''por favor, adicione esta tradução se você puder''
* Búlgaro: {{t|bg|нещо огромно}}
* Tcheco: {{t|cs|macek|m}}
* Dinamarquês: ''por favor, adicione esta tradução se você puder''
* Holandês: {{t+|nl|knoert|m}}, {{t+|nl|joekel|m}}, {{t+|nl|kanjer|m}}, {{t+|nl|baas}}, {{t+|nl|baas}}
* Esperanto: ''por favor, adicione esta tradução se você puder''
* Estoniano: ''por favor, adicione esta tradução se você puder''
* Feroês: ''por favor, adicione esta tradução se você puder''
* Finlandês: {{t+|fi|jätti}}
* Francês: ''por favor, adicione esta tradução se você puder''
* Galego: ''por favor, adicione esta tradução se você puder''
{{tradmeio}}
* Alemão: {{t|de|Mordsding|n}}, {{q|colloquial}} {{t+|de|Oschi|m}}, {{t+|de|Kaventsmann|m}} {{qualifier|colloquial}}, {{t|de|Mordsapparat|m}} {{qualifier|colloquial}}
* Islandês: ''por favor, adicione esta tradução se você puder''
* Khmer: {{t|km|ធំសំបើម|tr=tʰom sɑmbaəm|sc=Khmr}}
* Letão: {{t|lv|milzenis|m}}, {{t|lv|milzene|f}}
* Polonês: {{t+|pl|kolos|m}}, {{t+|pl|kobyła|f}}
* Português: {{t+|pt|colosso|m}}, {{t|pt|grandalhão|m}}
* Romeno: ''por favor, adicione esta tradução se você puder''
* Russo: {{t+|ru|грома́дина|f}}
* Eslovaco: {{t|sk|kolos|m}}
* Espanhol: {{t+|es|chorro|m}}, {{t+|es|montón|m}}, {{qualifier|Mexico}} {{t+|es|chingo|m}}
* Turco: {{t+|tr|okkalı}}
{{tradfim}}
'''mentira ultrajante'''
{{tradini}}
* Búlgaro: {{t|bg|опашата лъжа|f}}
* Tcheco: {{t|cs|nehorázná lež}}
* Holandês: {{t|nl|grote leugen|m}}
* Finlandês: {{t|fi|emävale}}
* Francês: {{t+|fr|énormité}}
* Alemão: {{t+|de|Lüge|f}}, {{t+|de|Lügengeschichte|f}}, {{t|de|[[enorme]] [[Lüge]]|f}}
* Português: {{t|pt|mentirona|f}}
* Romeno: {{t|ro|minciună gogonată|f}}
* Russo: {{t|ru|гну́сная ложь|f}}
* Eslovaco: {{t|sk|neslýchaná lož|f}}
* Espanhol: [[mentira#Spanish|mentira]] [[cruel#Spanish|cruel]], {{t+|es|ponzoña|f}}
* Turco: {{t+|tr|palavra|s}}
{{tradfim}}
[[Categoria:Entrada com pronúncia (Inglês)]]
[[Categoria:Entrada com áudio (Inglês)]]
[[Categoria:!Entrada (Inglês)]]
[[Categoria:Substantivo (Inglês)]]</text>
<sha1>9hp5tl86b29drpoimi7n3t5qt7sos1v</sha1>
</revision>
