<page>
<page>
<title>whose</title>
<ns>0</ns>
<id>302001</id>
<revision>
<id>2158400</id>
<parentid>1886498</parentid>
<timestamp>2016-08-13T08:51:25Z</timestamp>
<contributor>
<username>UT-interwiki-Bot</username>
<id>56129</id>
</contributor>
<minor />
<comment>Robô: A adicionar: [[km:whose]]</comment>
<model>wikitext</model>
<format>text/x-wiki</format>
<text bytes="775" xml:space="preserve">={{-en-}}=
==Pronome==
'''whose'''
# [[cujo]]
# de quem
=={{etimologia|en}}==
: Genitivo de [[who]], do inglês antigo ''hwæs''.
=={{pronúncia|en}}==
* [[AFI]]: /huːz/
* [[X-SAMPA]]: /hu:z/
==Ver também==
===No Wikcionário===
{{verTambém.Ini}}
* [[who]]
{{verTambém.NovaColuna}}
* [[whoever]]
{{verTambém.NovaColuna}}
* [[whom]]
{{verTambém.Fim}}
[[Categoria:Pronome (Inglês)]]
[[ang:whose]]
[[chr:whose]]
[[el:whose]]
[[en:whose]]
[[es:whose]]
[[et:whose]]
[[fi:whose]]
[[fr:whose]]
[[hr:whose]]
[[hu:whose]]
[[hy:whose]]
[[io:whose]]
[[it:whose]]
[[ja:whose]]
[[km:whose]]
[[ko:whose]]
[[ku:whose]]
[[li:whose]]
[[ml:whose]]
[[my:whose]]
[[nl:whose]]
[[pl:whose]]
[[simple:whose]]
[[sv:whose]]
[[ta:whose]]
[[te:whose]]
[[th:whose]]
[[tr:whose]]
[[zh:whose]]</text>
<sha1>ap5inevqvpsss7mq7y2dkiv5lzvhogg</sha1>
</revision>
