<page>
<page>
<title>why</title>
<ns>0</ns>
<id>308400</id>
<revision>
<id>2224419</id>
<parentid>2169277</parentid>
<timestamp>2017-01-17T12:12:17Z</timestamp>
<contributor>
<username>HydrizBot</username>
<id>29590</id>
</contributor>
<minor />
<comment>Robô: A adicionar: [[az:why]]</comment>
<model>wikitext</model>
<format>text/x-wiki</format>
<text bytes="1523" xml:space="preserve">={{-en-}}=
==Advérbio==
'''why'''
# [[por que]]
#* '''''Why''' is the sky blue?'' &lt;small&gt;(Por que o céu é azul?)&lt;/small&gt;
==Conjunção==
'''why'''
# [[por que]], [[porque]]
#* ''I don’t know '''why''' the sky is blue.'' &lt;small&gt;(Não sei porque o céu é azul)&lt;/small&gt;
==Interjeição==
'''why'''
# [[uai]], [[caramba]] (indica surpresa)
#* '''''Why'''! The sky is orange now!!'' &lt;small&gt;(Caramba! O céu está laranja agora!!)&lt;/small&gt;
==Substantivo==
'''why'''
# [[porquê]]
=={{etimologia|en}}==
: Do inglês médio e este do inglês antigo ''hwȳ, hwī'' e este do proto-germânico ''*hwī'' e este do proto-indo-europeu ''*kʷey''. 
==Ver também==
===No Wikcionário===
{{verTambém.Ini}}
* [[because]]
{{verTambém.NovaColuna}}
* [[why you]]
{{verTambém.Fim}}
[[Categoria:Advérbio (Inglês)]]
[[Categoria:Conjunção (Inglês)]]
[[Categoria:Interjeição (Inglês)]]
[[Categoria:Substantivo (Inglês)]]
[[Categoria:Monossílabo (Inglês)]]
[[ar:why]]
[[az:why]]
[[ca:why]]
[[chr:why]]
[[co:why]]
[[cs:why]]
[[da:why]]
[[de:why]]
[[el:why]]
[[en:why]]
[[eo:why]]
[[es:why]]
[[et:why]]
[[eu:why]]
[[fa:why]]
[[fi:why]]
[[fr:why]]
[[hu:why]]
[[hy:why]]
[[io:why]]
[[it:why]]
[[ja:why]]
[[kk:why]]
[[km:why]]
[[kn:why]]
[[ko:why]]
[[ku:why]]
[[la:why]]
[[li:why]]
[[lo:why]]
[[lv:why]]
[[mg:why]]
[[ml:why]]
[[my:why]]
[[nl:why]]
[[no:why]]
[[oc:why]]
[[pl:why]]
[[ro:why]]
[[ru:why]]
[[simple:why]]
[[sm:why]]
[[sv:why]]
[[ta:why]]
[[te:why]]
[[th:why]]
[[tl:why]]
[[tr:why]]
[[uk:why]]
[[vi:why]]
[[zh:why]]</text>
<sha1>0529lujkbi560peikaxw8tyxifxl4ot</sha1>
</revision>
