<page>
<page>
<title>wi</title>
<ns>0</ns>
<id>16067</id>
<revision>
<id>2240574</id>
<parentid>2207174</parentid>
<timestamp>2017-02-18T13:44:55Z</timestamp>
<contributor>
<username>UT-interwiki-Bot</username>
<id>56129</id>
</contributor>
<minor />
<comment>Robô: A adicionar: [[gl:wi]]</comment>
<model>wikitext</model>
<format>text/x-wiki</format>
<text bytes="425" xml:space="preserve">={{-lkt-}}=
==Substantivo==
'''wi'''
# [[sol]]
={{-sw-}}=
==Substantivo==
'''wi'''
# o [[mal]]
# [[má]] [[pessoa]]
# [[pecador]]
={{-jv-}}=
==Adjetivo==
# [[bioquímico]]
[[Categoria:Substantivo (Lakota)]]
[[Categoria:Substantivo (Suaíli)]]
[[Categoria:Adjetivo (Javanês)]]
[[chr:wi]]
[[de:wi]]
[[en:wi]]
[[et:wi]]
[[fi:wi]]
[[fr:wi]]
[[gl:wi]]
[[ko:wi]]
[[lt:wi]]
[[mg:wi]]
[[nds:wi]]
[[nl:wi]]
[[pl:wi]]
[[sv:wi]]</text>
<sha1>qrngvujk0gzl83mrxsuim8cu72ckqk1</sha1>
</revision>
