<page>
<title>wice</title>
<ns>0</ns>
<id>231241</id>
<revision>
<id>2140432</id>
<parentid>1803562</parentid>
<timestamp>2016-06-11T13:45:19Z</timestamp>
<contributor>
<username>UT-interwiki-Bot</username>
<id>56129</id>
</contributor>
<minor />
<comment>Robô: A adicionar: [[io:wice]]</comment>
<model>wikitext</model>
<format>text/x-wiki</format>
<text bytes="238" xml:space="preserve">={{-ang-}}=
==Substantivo==
'''wice'''
# [[semana]] (período de sete dias)
{{página-automática|Maio|2010|semana|ang}}
[[Categoria:Substantivo (Inglês Antigo)]]
[[en:wice]]
[[hr:wice]]
[[io:wice]]
[[mg:wice]]
[[pl:wice]]
[[wa:wice]]</text>
<sha1>crhx7qq7la3nmwqfiykj3ndx7o3hjw1</sha1>
</revision>
</page>
