<page>
<page>
<title>wichtig</title>
<ns>0</ns>
<id>33292</id>
<revision>
<id>2462217</id>
<parentid>2071852</parentid>
<timestamp>2017-11-22T07:33:18Z</timestamp>
<contributor>
<username>Spanier</username>
<id>43713</id>
</contributor>
<comment>suplementos</comment>
<model>wikitext</model>
<format>text/x-wiki</format>
<text bytes="1813" xml:space="preserve">={{-de-}}=
==Adjetivo==
{{paroxítona|wich|tig|lang=de}}
# [[importante]]
===Sinônimos===
{{verTambém.Ini}}
* [[akut]]
* [[aufschlussreich]]
* [[ausschlaggebend]]
* [[autoritativ]]
* [[bedeutend]]
* [[bedeutungsvoll]]
* [[beherrschend]]
* [[belangvoll]]
* [[brennend]]
* [[dringend]]
* [[dringlich]]
{{verTambém.NovaColuna}}
* [[eilig]]
* [[einflussreich]]
* [[eingreifend]]
* [[einschneidend]]
* [[elementar]]
* [[entscheidend]]
* [[erforderlich]]
* [[erheblich]]
* [[erstrangig]]
* [[erwägenswert]]
* [[essenziell]]
{{verTambém.NovaColuna}}
* [[fundamental]]
* [[gewichtig]]
* [[grundlegend]]
* [[hauptsächlich]]
* [[lebenswichtig]]
* [[mächtig]]
* [[notwendig]]
* [[obligat]]
* [[potent]]
* [[pressant]]
* [[relevant]]
{{verTambém.NovaColuna}}
* [[repräsentativ]]
* [[schwerwiegend]]
* [[signifikant]]
* [[stark]]
* [[substanziell]]
* [[tiefgreifend]]
* [[triftig]]
* [[unabkömmlich]]
* [[unabweisbar]]
* [[unaufschiebbar]]
* [[unentbehrlich]]
{{verTambém.NovaColuna}}
* [[unerlässlich]]
* [[unverzichtbar]]
* [[vonnöten]]
* [[vordringlich]]
* [[wert]]
* [[wesentlich]]
* [[wirkmächtig]]
* [[wirkungskräftig]]
* [[wirkungsvoll]]
* [[zentral]]
{{verTambém.Fim}}
===Antônimos===
{{verTambém.Ini}}
* [[abkömmlich]]
* [[bedeutungslos]]
* [[belanglos]]
{{verTambém.NovaColuna}}
* [[irrelevant]]
* [[unbedeutend]]
* [[unerheblich]]
{{verTambém.NovaColuna}}
* [[unmaßgeblich]]
* [[unwesentlich]]
* [[unwichtig]]
{{verTambém.Fim}}
===Declinação===
{{decl.de.adj.regular|
normal=wichtig
|comparativo=wichtiger
|superlativo=wichtigste
}}
=={{etimologia|de}}==
: Do [[alto alemão médio]] ''wihtec'' e este do médio baixo alemão ''wichtich''.
=={{pronúncia|de}}==
* [[AFI]]: {{AFI|/ˈvɪçtɪç, ˈvɪçtɪk/|de}} {{audio|De-at-wichtig.ogg|ouvir|lang=de}}
[[Categoria:Adjetivo (Alemão)]]</text>
<sha1>bd5ejvbnd7434hg8jur8pltzqsxmmzq</sha1>
</revision>
