<page>
<page>
<title>widescreen</title>
<ns>0</ns>
<id>377895</id>
<revision>
<id>2632585</id>
<parentid>2632560</parentid>
<timestamp>2021-05-02T09:44:12Z</timestamp>
<contributor>
<username>ValJor</username>
<id>1358</id>
</contributor>
<minor />
<comment>Revertidas edições por [[Especial:Contribuições/177.200.206.34|177.200.206.34]] para a última versão por [[Especial:Contribuições/Askekamo|Askekamo]]</comment>
<model>wikitext</model>
<format>text/x-wiki</format>
<text bytes="231" xml:space="preserve">={{-pt-}}=
==Adjetivo==
'''''widescreen'''''
# {{escopo|pt|estrangeirismo}} ver [[de tela larga]]
[[Categoria:Adjetivo (Português)]]
={{-en-}}=
==Adjetivo==
'''widescreen'''
# [[de tela larga]]
[[Categoria:Adjetivo (Inglês)]]</text>
<sha1>gktiwbr5viupkosjyo4xhbmxd737arq</sha1>
</revision>
