<page>
<title>widow</title>
<ns>0</ns>
<id>394399</id>
<revision>
<id>2551049</id>
<parentid>2492610</parentid>
<timestamp>2019-08-08T23:57:53Z</timestamp>
<contributor>
<username>Qabbin</username>
<id>72262</id>
</contributor>
<model>wikitext</model>
<format>text/x-wiki</format>
<text bytes="719" xml:space="preserve">[[File:The Widow of a Painter by Kate Bisschop-Swift Rijksmuseum Amsterdam SK-A-1802.jpg|right|250px]]
={{-en-}}=
==Substantivo==
{{flex.en|s=widow|p=widows}}
'''widow'''
# [[viúva]]; feminino de [[widower]]
===Termos relacionados===
* [[widower]]
* [[widowhood]]
=={{etimologia|en}}==
{{llietimo|ang|widewe|en|ponto=não}}, {{etimo|ang|wuduwe}}, {{etimo|ang|widuwe}}, do proto-germânico [[*widuwǭ]], do proto-indo-europeu [[*h₁widʰéwh₂]].
=={{pronúncia|en}}==
* [[AFI]]: {{IPA|/ˈwɪ.dəʊ/|lang=en}}  (''Received Pronunciation''); {{IPA|/ˈwɪ.doʊ/|lang=en}} (Estados Unidos)
* {{audio|en-us-widow.ogg|Audio (US)|lang=en}}
[[Categoria:Substantivo (Inglês)]]
[[Categoria:Entrada com imagem (Inglês)]]</text>
<sha1>1co5ywofhvrdaqvoec2483iawlzhmgf</sha1>
</revision>
</page>
