<page>
<page>
<title>wieder</title>
<ns>0</ns>
<id>60698</id>
<revision>
<id>2158406</id>
<parentid>2058599</parentid>
<timestamp>2016-08-13T09:00:03Z</timestamp>
<contributor>
<username>UT-interwiki-Bot</username>
<id>56129</id>
</contributor>
<minor />
<comment>Robô: A adicionar: [[ky:wieder]]</comment>
<model>wikitext</model>
<format>text/x-wiki</format>
<text bytes="677" xml:space="preserve">={{-de-}}=
==Advérbio==
'''wieder'''
# [[novamente]]; [[de novo]]
===Sinônimos===
{{verTambém.Ini}}
* [[abermals]]
{{verTambém.NovaColuna}}
* [[erneut]]
{{verTambém.NovaColuna}}
* [[mehrmals]]
{{verTambém.Fim}}
=={{etimologia|de}}==
: Do alto alemão &quot;''[[widar]]''&quot;.
[[Categoria:Advérbio (Alemão)]]
[[br:wieder]]
[[chr:wieder]]
[[cs:wieder]]
[[da:wieder]]
[[de:wieder]]
[[el:wieder]]
[[en:wieder]]
[[et:wieder]]
[[fi:wieder]]
[[fj:wieder]]
[[fr:wieder]]
[[hu:wieder]]
[[hy:wieder]]
[[id:wieder]]
[[io:wieder]]
[[it:wieder]]
[[ko:wieder]]
[[ku:wieder]]
[[ky:wieder]]
[[mg:wieder]]
[[nds:wieder]]
[[pl:wieder]]
[[ru:wieder]]
[[sv:wieder]]
[[uk:wieder]]
[[zh:wieder]]</text>
<sha1>h68wbj660i7brpi8vbd8llot35lswz3</sha1>
</revision>
