<page>
<page>
<title>wiegk</title>
<ns>0</ns>
<id>309321</id>
<revision>
<id>1803559</id>
<parentid>1728445</parentid>
<timestamp>2014-01-07T19:15:07Z</timestamp>
<contributor>
<username>MalafayaBot</username>
<id>628</id>
</contributor>
<minor />
<comment>r2.7.5) (Robô: A adicionar: [[li:wiegk]]</comment>
<model>wikitext</model>
<format>text/x-wiki</format>
<text bytes="154" xml:space="preserve">={{-li-}}=
==Substantivo==
'''wiegk'''
# [[crise]]
{{página-automática|fevereiro|2013|crise|li}}
[[Categoria:Substantivo (Limburguês)]]
[[li:wiegk]]</text>
<sha1>8uoyy1f5it5jfj6ken9np1mztx2p3eh</sha1>
</revision>
