<page>
<page>
<title>wiek</title>
<ns>0</ns>
<id>230494</id>
<revision>
<id>2220832</id>
<parentid>2212827</parentid>
<timestamp>2017-01-09T03:43:18Z</timestamp>
<contributor>
<username>UT-interwiki-Bot</username>
<id>56129</id>
</contributor>
<minor />
<comment>Robô: A adicionar: [[eo:wiek]]</comment>
<model>wikitext</model>
<format>text/x-wiki</format>
<text bytes="417" xml:space="preserve">{{Wikipédia|lang=pl}}
={{-pl-}}=
==Substantivo==
'''wiek''', {{m}}
# [[século]]
# [[idade]]
[[Categoria:Substantivo (Polonês)]]
[[Categoria:Tempo (Polonês)]]
[[az:wiek]]
[[chr:wiek]]
[[cs:wiek]]
[[el:wiek]]
[[en:wiek]]
[[eo:wiek]]
[[eu:wiek]]
[[fi:wiek]]
[[fj:wiek]]
[[fr:wiek]]
[[gl:wiek]]
[[hu:wiek]]
[[ko:wiek]]
[[ku:wiek]]
[[li:wiek]]
[[lt:wiek]]
[[mg:wiek]]
[[nl:wiek]]
[[pl:wiek]]
[[ru:wiek]]
[[zh:wiek]]</text>
<sha1>1eh0w6bywhsgeuyp4tkgh03v9rxubdl</sha1>
</revision>
