<page>
<page>
<title>wieloryb</title>
<ns>0</ns>
<id>232017</id>
<revision>
<id>2226399</id>
<parentid>2196177</parentid>
<timestamp>2017-01-22T04:35:40Z</timestamp>
<contributor>
<username>OctraBot</username>
<id>56948</id>
</contributor>
<minor />
<comment>Robô: A adicionar: [[et:wieloryb]]</comment>
<model>wikitext</model>
<format>text/x-wiki</format>
<text bytes="481" xml:space="preserve">{{Wikipédia|lang=pl}}
={{-pl-}}=
==Substantivo==
'''wieloryb'''
# [[baleia]]
[[Categoria:Substantivo (Polonês)]]
[[Categoria:Mamífero (Polonês)]]
[[az:wieloryb]]
[[chr:wieloryb]]
[[de:wieloryb]]
[[el:wieloryb]]
[[en:wieloryb]]
[[et:wieloryb]]
[[eu:wieloryb]]
[[fi:wieloryb]]
[[hr:wieloryb]]
[[hu:wieloryb]]
[[io:wieloryb]]
[[lt:wieloryb]]
[[mg:wieloryb]]
[[pl:wieloryb]]
[[ro:wieloryb]]
[[sv:wieloryb]]
[[ta:wieloryb]]
[[tg:wieloryb]]
[[uk:wieloryb]]
[[zh-min-nan:wieloryb]]</text>
<sha1>ro0k1aqqcjnex7xc0ilsu5d27gb03zz</sha1>
</revision>
