<page>
<title>wielobok</title>
<ns>0</ns>
<id>372873</id>
<revision>
<id>2226205</id>
<parentid>2226198</parentid>
<timestamp>2017-01-21T17:02:20Z</timestamp>
<contributor>
<username>RobokoBot</username>
<id>56179</id>
</contributor>
<minor />
<comment>Robô: A adicionar: [[en:wielobok]], [[mg:wielobok]]</comment>
<model>wikitext</model>
<format>text/x-wiki</format>
<text bytes="342" xml:space="preserve">={{-pl-}}=
==Substantivo==
{{paroxítona|wie|lo|bok|lang=pl}}, {{gramática|m}}
# {{escopo|pl|Geometria}} [[polígono]]
==Ver também==
===No Wikcionário===
{{verTambém.Ini}}
* [[trójkąt]]
* [[czworokąt]]
{{verTambém.NovaColuna}}
* [[wielokąt]]
{{verTambém.Fim}}
[[Categoria:Substantivo (Polonês)]]
[[en:wielobok]]
[[mg:wielobok]]</text>
<sha1>tqc47ps1sw9bd82gujp3t5x6byg8j2t</sha1>
</revision>
</page>
