<page>
<title>Wien</title>
<ns>0</ns>
<id>38012</id>
<revision>
<id>2454892</id>
<parentid>2282430</parentid>
<timestamp>2017-10-14T07:24:54Z</timestamp>
<contributor>
<username>Spanier</username>
<id>43713</id>
</contributor>
<comment>suplementos</comment>
<model>wikitext</model>
<format>text/x-wiki</format>
<text bytes="329" xml:space="preserve">{{Wikipédia|lang=de}}
={{-de-}}=
==Substantivo==
[[Categoria:Monossílabo (Alemão)]]
'''Wien''', {{n}}, {{pr}}
# {{escopo|de|capital}} [[Viena]]
=== Declinação ===
{{decl.de.subst.próprio.neu}}
=={{pronúncia|de}}==
* [[AFI]]: {{AFI|/viːn/|de}} {{audio|De-at-Wien.ogg|ouvir|lang=de}}
[[Categoria:Substantivo_(Alemão)]]</text>
<sha1>ekioq230fjjblc7dnds9chyla4t9t88</sha1>
</revision>
</page>
