<page>
<page>
<title>wienmaondj</title>
<ns>0</ns>
<id>235952</id>
<revision>
<id>2648409</id>
<parentid>893296</parentid>
<timestamp>2021-09-16T08:59:21Z</timestamp>
<contributor>
<username>ValJor</username>
<id>1358</id>
</contributor>
<comment>Já fazia mais de dez anos que ninguém atualizava esse verbete</comment>
<model>wikitext</model>
<format>text/x-wiki</format>
<text bytes="183" xml:space="preserve">={{-li-}}=
==Substantivo==
'''wienmaondj'''
# [[outubro]]
==Ver também==
===No Wikcionário===
{{meses/li}}
[[Categoria:Substantivo (Limburguês)]]
[[Categoria:Mês (Limburguês)]]</text>
<sha1>m24ocaurgfq8f7lb8954jd1s7nhn4m7</sha1>
</revision>
