<page>
<title>wiener</title>
<ns>0</ns>
<id>432836</id>
<revision>
<id>2629817</id>
<timestamp>2021-04-06T05:00:13Z</timestamp>
<contributor>
<username>GabMarquetto</username>
<id>81219</id>
</contributor>
<comment>[[Ajuda:Guia de edição/Menus e ferramentas/Sumário de edição|→]] nova página: ={{-en-}}= ==Substantivo== '''wiener''' {{flex.en|s=wiener|p=wieners}} #[[salsicha]] #{{escopo|en|gíria}} ...</comment>
<model>wikitext</model>
<format>text/x-wiki</format>
<text bytes="244" xml:space="preserve">={{-en-}}=
==Substantivo==
'''wiener'''
{{flex.en|s=wiener|p=wieners}}
#[[salsicha]]
#{{escopo|en|gíria}} [[pênis]]
==Ver também==
===No Wikcionário===
*[[sausage]]
[[Categoria:Alimentação (Inglês)]]
[[Categoria:Substantivo (Inglês)]]</text>
<sha1>6qnhvajtldz60vqidr5wfb7fp29z7az</sha1>
</revision>
</page>
