<page>
<title>wier</title>
<ns>0</ns>
<id>113263</id>
<revision>
<id>2169282</id>
<parentid>1906184</parentid>
<timestamp>2016-09-08T19:37:32Z</timestamp>
<contributor>
<username>UT-interwiki-Bot</username>
<id>56129</id>
</contributor>
<minor />
<comment>Robô: A adicionar: [[fi:wier]]</comment>
<model>wikitext</model>
<format>text/x-wiki</format>
<text bytes="464" xml:space="preserve">={{-lb-}}=
==Forma verbal==
'''wier'''
# [[primeiro|primeira]] [[pessoa]] [[do]] [[singular]] do [[conjuntivo]]/[[subjuntivo]] do [[verbo]] '''''[[sinn#{{lb}}|sinn]]''''';
# [[terceiro|terceira]] pessoa do singular do conjuntivo/subjuntivo do verbo '''''sinn'''''.
===Sinónimos===
* [[wär]]
{{categorias|{{lb}}|Forma verbal|Monossílabo}}
[[chr:wier]]
[[en:wier]]
[[fi:wier]]
[[fr:wier]]
[[gd:wier]]
[[io:wier]]
[[mg:wier]]
[[nl:wier]]
[[pl:wier]]
[[te:wier]]</text>
<sha1>qm8zimwm101rh0r18rze8rytjxrl3vv</sha1>
</revision>
</page>
