<page>
<page>
<title>wiert</title>
<ns>0</ns>
<id>113260</id>
<revision>
<id>1234015</id>
<parentid>728813</parentid>
<timestamp>2011-08-02T13:10:01Z</timestamp>
<contributor>
<username>Luckas-bot</username>
<id>5986</id>
</contributor>
<minor />
<comment>r2.7.1) (Robô: A adicionar: [[en:wiert]]</comment>
<model>wikitext</model>
<format>text/x-wiki</format>
<text bytes="262" xml:space="preserve">={{-lb-}}=
==Forma verbal==
'''wiert'''
# [[segundo|segunda]] [[pessoa]] [[do]] [[plural]] do [[conjuntivo]]/[[subjuntivo]] do [[verbo]] '''''[[sinn#{{lb}}|sinn]]'''''.
===Sinónimos===
* [[wäert]]
{{categorias|{{lb}}|Forma verbal|Monossílabo}}
[[en:wiert]]</text>
<sha1>ggafpcy2ukdrxaoza873viab2nx2vw9</sha1>
</revision>
