<page>
<title>wiers</title>
<ns>0</ns>
<id>113261</id>
<revision>
<id>1234013</id>
<parentid>728814</parentid>
<timestamp>2011-08-02T13:09:53Z</timestamp>
<contributor>
<username>Luckas-bot</username>
<id>5986</id>
</contributor>
<minor />
<comment>r2.7.1) (Robô: A adicionar: [[en:wiers]]</comment>
<model>wikitext</model>
<format>text/x-wiki</format>
<text bytes="277" xml:space="preserve">={{-lb-}}=
==Forma verbal==
'''wiers'''
# [[segundo|segunda]] [[pessoa]] [[do]] [[singular]] do [[conjuntivo]]/[[subjuntivo]] do [[verbo]] '''''[[sinn#{{lb}}|sinn]]'''''.
===Sinónimos===
* [[wäers]]
{{categorias|{{lb}}|Forma verbal|Monossílabo}}
[[en:wiers]]
[[nl:wiers]]</text>
<sha1>9n1l1mfjknvwtkzrupedp7bqd5gsi4h</sha1>
</revision>
</page>
