<page>
<page>
<title>Wierderbuch</title>
<ns>0</ns>
<id>228792</id>
<revision>
<id>2282431</id>
<parentid>1923457</parentid>
<timestamp>2017-04-27T04:00:56Z</timestamp>
<contributor>
<username>HydrizBot</username>
<id>29590</id>
</contributor>
<minor />
<comment>Robô: A limpar links interwikis antigos</comment>
<model>wikitext</model>
<format>text/x-wiki</format>
<text bytes="277" xml:space="preserve">={{-lb-}}=
==Substantivo==
'''Wierderbuch'''
# [[dicionário]]
{{página-automática|Maio|2010|dicionário|lb}}
[[Categoria:Substantivo ({{ #switch: lb
| ba     = Basquir
| kl     = Groenlandês
| myv    = Erzya
| tyv    = Tuvano
| udm    = Votíaco
| #default = {{lb}}
}})]]</text>
<sha1>edibv0jb62ey9g9s7dgb7qqupk68f0i</sha1>
</revision>
