<page>
<title>Wiese</title>
<ns>0</ns>
<id>36695</id>
<revision>
<id>2282432</id>
<parentid>2179052</parentid>
<timestamp>2017-04-27T04:01:01Z</timestamp>
<contributor>
<username>HydrizBot</username>
<id>29590</id>
</contributor>
<minor />
<comment>Robô: A limpar links interwikis antigos</comment>
<model>wikitext</model>
<format>text/x-wiki</format>
<text bytes="152" xml:space="preserve">={{-de-}}=
==Substantivo==
{{decl.de.subst.fraca.fem|ns=Wiese|np=Wiesen}}
'''Wie.se''', ''feminino''
# [[prado]].
[[Categoria:Substantivo_(Alemão)]]</text>
<sha1>3ikpbvl0rboy2ktl1xoyn1f8b3l0jd6</sha1>
</revision>
</page>
