<page>
<title>Wietruslound</title>
<ns>0</ns>
<id>134180</id>
<revision>
<id>2555122</id>
<parentid>2282434</parentid>
<timestamp>2019-09-28T18:40:22Z</timestamp>
<contributor>
<username>ValJor</username>
<id>1358</id>
</contributor>
<comment>Acrescentando código de língua à [[:Categoria:!Página com mensagem de erro em predefinição|predefinição escopo]]</comment>
<model>wikitext</model>
<format>text/x-wiki</format>
<text bytes="476" xml:space="preserve">{{Wikipédia|lang=stq}}
[[Imagem:Flag of Belarus.svg|thumb|right|250px|&lt;center&gt;Bandeira da Bielorrússia&lt;/center&gt;]]
[[Imagem:Europe location BLR.png|thumb|right|250px|&lt;center&gt;Localização da Bielorrússia&lt;/center&gt;]]
={{-stq-}}=
==Substantivo==
'''Wietruslound''', {{gramática|pr}}
# {{escopo|stq|País}} [[Bielorrússia]]
==Ver também==
===No Wikcionário===
{{Europa/stq}}
[[Categoria:Substantivo (Frísio Oriental)]]
[[Categoria:Entrada com imagem (Frísio Oriental)]]</text>
<sha1>s3k5xaw4vwpbtszueu7k54a3wb63lov</sha1>
</revision>
</page>
