<page>
<page>
<title>wife</title>
<ns>0</ns>
<id>58677</id>
<revision>
<id>2521724</id>
<parentid>2240577</parentid>
<timestamp>2018-10-08T21:58:46Z</timestamp>
<contributor>
<username>VSA</username>
<id>63081</id>
</contributor>
<comment>/* No Wikcionário */</comment>
<model>wikitext</model>
<format>text/x-wiki</format>
<text bytes="1259" xml:space="preserve">={{-en-}}=
==Substantivo==
{{flex.en|s=wife|p=wives}}
'''wife'''
# [[esposa]]
===Sinônimos===
{{verTambém.Ini}}
* [[partner]]
{{verTambém.NovaColuna}}
* [[spouse]]
{{verTambém.Fim}}
==Ver também==
===No Wikcionário===
{{verTambém.Ini}}
* {{escopo|en|Gíria}} [[dutch]]
* [[fishwife]]
{{verTambém.NovaColuna}}
* [[wife-beater]]
* [[wifey]]
{{verTambém.Fim}}
{{quadroParental.en}}
[[Categoria:Substantivo (Inglês)]]
[[Categoria:Família (Inglês)]]
[[af:wife]]
[[ast:wife]]
[[ca:wife]]
[[chr:wife]]
[[cs:wife]]
[[cy:wife]]
[[da:wife]]
[[de:wife]]
[[el:wife]]
[[en:wife]]
[[eo:wife]]
[[es:wife]]
[[et:wife]]
[[eu:wife]]
[[fa:wife]]
[[fi:wife]]
[[fj:wife]]
[[fr:wife]]
[[fy:wife]]
[[gl:wife]]
[[hi:wife]]
[[hr:wife]]
[[hu:wife]]
[[hy:wife]]
[[id:wife]]
[[io:wife]]
[[it:wife]]
[[ja:wife]]
[[ka:wife]]
[[kk:wife]]
[[kn:wife]]
[[ko:wife]]
[[ku:wife]]
[[la:wife]]
[[li:wife]]
[[ln:wife]]
[[lo:wife]]
[[lt:wife]]
[[lv:wife]]
[[mg:wife]]
[[ml:wife]]
[[my:wife]]
[[nl:wife]]
[[no:wife]]
[[oc:wife]]
[[pl:wife]]
[[qu:wife]]
[[ro:wife]]
[[roa-rup:wife]]
[[ru:wife]]
[[rw:wife]]
[[sa:wife]]
[[simple:wife]]
[[sm:wife]]
[[sq:wife]]
[[sv:wife]]
[[sw:wife]]
[[ta:wife]]
[[te:wife]]
[[tg:wife]]
[[th:wife]]
[[tr:wife]]
[[vi:wife]]
[[zh:wife]]
[[zh-min-nan:wife]]</text>
<sha1>kv7s1wyu4wiufai8szpxcbvtgutx5tw</sha1>
</revision>
