<page>
<title>wig</title>
<ns>0</ns>
<id>38851</id>
<revision>
<id>2140431</id>
<parentid>2058583</parentid>
<timestamp>2016-06-11T13:44:47Z</timestamp>
<contributor>
<username>UT-interwiki-Bot</username>
<id>56129</id>
</contributor>
<minor />
<comment>Robô: A adicionar: [[ar:wig]]</comment>
<model>wikitext</model>
<format>text/x-wiki</format>
<text bytes="771" xml:space="preserve">{{Wikipédia|lang=en}}
={{-en-}}=
==Substantivo==
'''wig'''
# [[peruca]]
===Verbetes derivados===
* [[bigwig]]
==Verbo==
'''wig'''
# colocar [[peruca]]
=={{etimologia|en}}==
: Abreviação de ''periwig'' e este do francês ''perruque''.
==Ver também==
===No Wikcionário===
* [[peruke]]
[[Categoria:Substantivo (Inglês)]]
[[Categoria:Verbo (Inglês)]]
[[ar:wig]]
[[cs:wig]]
[[cy:wig]]
[[de:wig]]
[[el:wig]]
[[en:wig]]
[[eo:wig]]
[[es:wig]]
[[et:wig]]
[[eu:wig]]
[[fi:wig]]
[[fr:wig]]
[[gl:wig]]
[[hu:wig]]
[[hy:wig]]
[[id:wig]]
[[io:wig]]
[[it:wig]]
[[kn:wig]]
[[ko:wig]]
[[ku:wig]]
[[lt:wig]]
[[mg:wig]]
[[ml:wig]]
[[my:wig]]
[[nl:wig]]
[[pl:wig]]
[[ru:wig]]
[[simple:wig]]
[[sw:wig]]
[[ta:wig]]
[[te:wig]]
[[tl:wig]]
[[tr:wig]]
[[ug:wig]]
[[vi:wig]]
[[zh:wig]]</text>
<sha1>ddgdziwl6gnkqh6qpgjmkkil77yzfvl</sha1>
</revision>
</page>
