<page>
<title>Wigilia</title>
<ns>0</ns>
<id>404246</id>
<revision>
<id>2529938</id>
<timestamp>2018-12-24T19:05:06Z</timestamp>
<contributor>
<username>Amigo7</username>
<id>58547</id>
</contributor>
<comment>[[Ajuda:Guia de edição/Menus e ferramentas/Sumário de edição|→]] nova página: {{Wikipédia|lang=pl}} {{ver também|wigilia|}}  ={{-pl-}}= ==Substantivo== {{paroxítona|Wi|gi|lia|lang=pl}}...</comment>
<model>wikitext</model>
<format>text/x-wiki</format>
<text bytes="633" xml:space="preserve">{{Wikipédia|lang=pl}}
{{ver também|wigilia|}}
={{-pl-}}=
==Substantivo==
{{paroxítona|Wi|gi|lia|lang=pl}}, {{gramática|f|pr}}
# [[Véspera de Natal]]
===Sinônimos===
* {{link opcional|Wigilia Bożego Narodzenia|pl}}
===Declinação===
{{decl.pl.subst
|ns=Wigilia|np=Wigilie
|gs=Wigilii|gp=Wigilii
|ds=Wigilii|dp=Wigiliom
|as=Wigilię|ap=Wigilie
|is=Wigilią|ip=Wigiliami
|ls=Wigilii|lp=Wigiliach
|vs=Wigilio|vp=Wigilie}}
=={{pronúncia|pl}}==
* [[AFI]]: {{AFI|/vʲiˈɟilʲja/}}
==Ver também==
===No Wikcionário===
{{verTambém.Ini}}
* {{link opcional|Boże Narodzenie|pl}}
{{verTambém.NovaColuna|50}}
{{verTambém.Fim}}</text>
<sha1>jaken5oak98jgvsnk55rjireifp753l</sha1>
</revision>
</page>
