<page>
<page>
<title>wigwam</title>
<ns>0</ns>
<id>8362</id>
<revision>
<id>1997853</id>
<parentid>1709609</parentid>
<timestamp>2015-09-06T09:19:22Z</timestamp>
<contributor>
<username>HydrizBot</username>
<id>29590</id>
</contributor>
<minor />
<comment>Robô: A adicionar: [[hu:wigwam]], [[hy:wigwam]], [[ku:wigwam]]</comment>
<model>wikitext</model>
<format>text/x-wiki</format>
<text bytes="509" xml:space="preserve">={{-en-}}=
== Substantivo ==
:# [[Habitação]] [[ameríndia]] de cobertura [[oval]], típica dos [[índio]]s do nordeste dos [[Estados Unidos da América]].
== Etimologia ==
:De uma língua algonquina.
[[Categoria:Substantivo (Inglês)]]
[[chr:wigwam]]
[[en:wigwam]]
[[et:wigwam]]
[[fr:wigwam]]
[[hu:wigwam]]
[[hy:wigwam]]
[[io:wigwam]]
[[ko:wigwam]]
[[ku:wigwam]]
[[mg:wigwam]]
[[ml:wigwam]]
[[my:wigwam]]
[[nl:wigwam]]
[[pl:wigwam]]
[[sv:wigwam]]
[[ta:wigwam]]
[[te:wigwam]]
[[vi:wigwam]]
[[zh:wigwam]]</text>
<sha1>odbur724afo8ck1b090fkpbeaea3rfv</sha1>
</revision>
