<page>
<title>Wiissrussland</title>
<ns>0</ns>
<id>128462</id>
<revision>
<id>2630713</id>
<parentid>2282437</parentid>
<timestamp>2021-04-16T19:45:50Z</timestamp>
<contributor>
<username>ValJor</username>
<id>1358</id>
</contributor>
<comment>Acrescentando código de língua à [[:Categoria:!Página com mensagem de erro em predefinição|predefinição escopo]]</comment>
<model>wikitext</model>
<format>text/x-wiki</format>
<text bytes="593" xml:space="preserve">{{Wikipédia|lang=gsw|Weißrussland}}
[[Imagem:Flag of Belarus.svg|thumb|right|250px|{{centro|Bandeira da Bielorrússia}}]]
[[Imagem:Europe-Belarus (orthographic projection).svg|thumb|right|250px|{{centro|Localização da Bielorrússia}}]]
={{-gsw-}}=
==Substantivo==
'''Wiissrussland''', {{gramática|pr}}
# {{escopo|gsw|País}} [[Bielorrússia]]
==={{-varort-}}===
* [[Wissrussland]]
* [[Weissrussland]]
===Sinônimo===
* [[Republik Wiissrussland]]
==Ver também==
===No Wikcionário===
{{Europa/gsw}}
[[Categoria:Substantivo (Alemânico)]]
[[Categoria:Entrada com imagem (Alemânico)]]</text>
<sha1>oftgvpxeu9nbstv1qpihgk8w7dsy2ig</sha1>
</revision>
</page>
