<page>
<page>
<title>wikcionaristas</title>
<ns>0</ns>
<id>184766</id>
<revision>
<id>2580113</id>
<parentid>2580112</parentid>
<timestamp>2020-03-02T16:02:09Z</timestamp>
<contributor>
<username>MIL973</username>
<id>41339</id>
</contributor>
<model>wikitext</model>
<format>text/x-wiki</format>
<text bytes="449" xml:space="preserve">={{-pt-}}=
==Forma de substantivo==
{{paroxítona|wik|ci|o|na|ris|tas}}, {{gramática|c2gp}}
# plural de [[wikcionarista]]
{{avi-for-fle|wikcionarista}}
[[Categoria:Forma de substantivo (Português)]]
={{-es-}}=
==Forma de substantivo==
{{paroxítona|wik|cio|na|ris|tas|lang=es}}, {{gramática|c2gp|lang=es}}
# plural de [[wikcionarista#{{es}}|wikcionarista]]
{{avi-for-fle|wikcionarista|lang=es}}
[[Categoria:Forma de substantivo (Espanhol)]]</text>
<sha1>siw7k0s155dkxl0iug9rgdspciujz39</sha1>
</revision>
