<page>
<title>Wikcionario</title>
<ns>0</ns>
<id>1382</id>
<revision>
<id>2492390</id>
<parentid>2282439</parentid>
<timestamp>2018-03-31T16:22:47Z</timestamp>
<contributor>
<username>Askekamo</username>
<id>60711</id>
</contributor>
<model>wikitext</model>
<format>text/x-wiki</format>
<text bytes="726" xml:space="preserve">={{-es-}}=
== Substantivo ==
'''wikcionario''' ''masculino''
# Um projeto colaborativo cuja finalidade é produzir um [[dicionário]] [[livre]] e completo em todas as línguas; [[Wikcionário]].
=== Etimologia ===
Neologismo, do havaiano ''wiki'' e do latim  ''dictionariu''.
={{-gl-}}=
== Substantivo ==
'''wikcionario''' ''masculino''
# Um projeto colaborativo cuja finalidade é produzir um [[dicionário]] [[livre]] e completo em todas as línguas; [[Wikcionário]].
=== Sinônimo ===
* [[Galizionario]]
=== Etimologia ===
Neologismo, do havaiano ''wiki'' e do latim  ''dictionariu''.
[[Categoria:Substantivo (Espanhol)]]
[[Categoria:Wiki (Espanhol)]]
[[Categoria:Substantivo (Galego)]]
[[Categoria:Wiki (Galego)]]</text>
<sha1>cqrhjtrlv55gtnhkhbddhinttrbdli1</sha1>
</revision>
</page>
