<page>
<title>Wikcionário</title>
<ns>0</ns>
<id>948</id>
<revision>
<id>2682823</id>
<parentid>2682820</parentid>
<timestamp>2022-07-06T14:42:57Z</timestamp>
<contributor>
<username>Quinlan83</username>
<id>82016</id>
</contributor>
<comment>Reverted to revision 2648414 by [[Special:Contributions/ValJor|ValJor]] ([[User talk:ValJor|talk]]): Restore (TwinkleGlobal)</comment>
<model>wikitext</model>
<format>text/x-wiki</format>
<text bytes="5096" xml:space="preserve">{{Wikipédia|lang=pt}}
[[Imagem:WiktionaryPt.png|thumb|right|250px|{{centro|Wikcionário}}]]
{{ver também|Wikcionario}}
={{-pt-}}=
==Substantivo==
{{flex.pt|ms=Wikcionário|mp=Wikcionários}}
{{proparoxítona aparente|Wik|ci|o|ná|ri|o}}, {{gramática|pr|m}} {{datação|2004}}
# {{escopo|pt|Neologismo|wiki}} [[projeto]] [[colaborativo]] cuja finalidade é produzir um [[dicionário]] [[livre]] e completo de todas as línguas
#* ''Na internet, uma boa maneira de saber o significado de uma palavra é consultar o '''Wikcionário'''.''
===Tradução===
{{tradini}}
* {{trad|af|WikiWoordeboek}}
* {{trad|sq|Particionar}}
* {{trad|gsw|Wiktionary}}
* {{trad|de|Wiktionary|Wikiwörterbuch}}
* {{t|am|ዊኪ-መዝገበ-ቃላት||Wiki-mêzbabê-kalat}}
* {{t|ar|ويكاموس||Wīkāmūs}}
* {{trad|an|Biquizionario}}
* {{t|hy|Վիքիբառարան||Vikʻibaṙaran}}
* {{trad|ast|Uiccionariu}}
* {{trad|az|VikiLüğət}}
* {{trad|nds|Wikiwöörbook}}
* {{trad|eu|Wikiztegia}}
* {{t|ba|Вики-һүҙлек||Wikidhüdhlek}}
* {{trad|bs|Vikirječnik}}
* {{trad|bn|উইকশনারি}}
* {{t|be|ВікіСлоўнік||Vikisłoŭnik}}
* {{trad|br|Wikeriadur}}
* {{t|bg|Уикиречник||Uikirečnik}}
* {{trad|csb|Słowôrz Wikipediji|Wikisłowôrz}}
* {{trad|km|វចនានុក្រមវិគី}}
* {{t|kn|ವಿಕ್ಷನರಿ||Wiksjanari}}
* {{trad|yue|維基辭典}}
* {{trad|ca|Viccionari}}
* {{t|kk|Уикисөздік||Uıkısözdik}}
* {{trad|cs|Wikislovník|Wikcionář}}
* {{zh}} tradicional &amp; simplificado:
:* {{t|zh|維基字典||Wéijī zìdiǎn}}
:* {{t|zh|维基字典||Wéijī zìdiǎn}}
* {{trad|ko|위키낱말사전}}
* {{trad|co|Wikizziunariu}}
* {{trad|hr|Wječnik}}
*{{ku}}:
:* {{trad|kmr|Wîkîferheng}}
:* {{trad|ckb|ويكيفه‌رهه}}
* {{trad|da|Wiktionary|Wikiordbog}}
* {{t|dv|ވިކިރަދީފު||Wikiradiefoe}}
* {{trad|sk|Wikislovník|Vikcionár}}
* {{trad|sl|Wikislovar}}
* {{trad|es|Wikcionario}}
* {{trad|eo|Vikivortaro}}
* {{trad|et|Vikisõnaraamat}}
* {{trad|fo|Wikiorðabókin}}
* {{trad|fi|Wikisanakirja}}
* {{trad|fr|Wiktionnaire}}
* {{trad|fy|Wikiwurdboek}}
* {{trad|gaa|Wikishinari}}
* {{trad|gl|Wikcionario|Galizionario}}
* {{trad|cy|Wiciadur}}
* {{trad|ka|ვიქსიკონი}}
* {{t|el|Βικιλεξικό||Vikileksikó}}
* {{trad|kl|Wiktionary}}
* {{t|gu|વિક્ષનરી||Wiksjanar}}
* {{trad|he|ויקימילון|ויקשנרי}} (Wikimillon)
* {{trad|hi|विकि-शब्दकोष|विक्षनरी}} (Wiksjanari)
* {{trad|nl|Wiktionary|Wikiwoordenboek}}
{{tradmeio}}
* {{trad|hu|Wikiszótár}}
* {{trad|ig|Wiktionary}}
* {{trad|io|Vikivortaro}}
* {{t|yi|װיקיװערטערבוך||Wikiwerterboech}}
* {{trad|id|Wiktionary|KamusWiki}}
* {{trad|en|Wiktionary}}
* {{trad|ang|Wiciwordbóc}}
* {{trad|ia|Wiktionario}}
* {{trad|ie|Wiklexico}}
* {{trad|ga|Vicífhoclóir}}
* {{trad|is|Wikiorðabók}}
* {{trad|it|Wikizionario}}
* {{t|ja|ウィクショナリー||Wikushonarī}}
* {{trad|jv|Wiktionary}}
* {{trad|ku|Wîkîferheng}}
* {{trad|la|Victionarium}}
* {{trad|lv|Vikivārdnīca}}
* {{trad|li|Wiktionair}}
* {{trad|lt|Vikižodynas}}
* {{t|mk|Викиречник||Vikirečnik}}
* {{trad|ml|വിക്കിനിഘണ്ടു}}
* {{trad|ms|Wikikamus}}
* {{trad|mg|Wikibolana}}
* {{trad|mt|Wikizzjunarju|Wiktionary}}
* {{trad|cdo|Wiki Sṳ̀-diēng}}
* {{trad|nan|Wiktionary}}
* {{trad|no|Wiktionary}}
* {{trad|oc|Wikiccionari}}
* {{t|os|Викидзырдуат||Wikidzyrdoeat}}
* {{t|fa|ویکی‌واژه||Viki-vazheh}}
* {{t|pms|Wiksionari}}
* {{trad|pl|Wikisłownik}}
* {{trad|qu|Wiksimitaqi}}
* {{t|ky|Уикисөздүк||Oeïkisözdük}}
* {{trad|ro|Wikționar}}
* {{trad|ru|Викисловарь|Викционарь|Вики-Словарь}} (Wikislowar), (Vikcionar)
* {{trad|sc|Bichitzionàriu}}
* {{t|sr|Викиречник||Vikirečnik}}
* {{trad|sh|Wječnik}}
* {{trad|scn|Wikizziunariu}}
* {{trad|sd|وڪيغت}}
* {{trad|sw|Wikamusi}}
* {{trad|sv|Wiktionary}} ''c''
* {{trad|su|Wiktionary}}
* {{trad|th|วิกิพจนานุกรม}}
* {{t|ta|விக்சனரி||’Vikcanari}}
* {{t|tt|Викисүзлек||Vikisüzlek}}
* {{t|te|విక్షనరీ||Wiksjanari}}
* {{trad|tr|Vikisözlük}}
* {{trad|tw|Wikishinari}}
* {{trad|uk|Вікісловник|Вікі-Словник|Вікціонар}}
* {{t|ur|وکشنری||Wiksianari}}
* {{trad|wa|Wiccionaire}}
* {{trad|vi|Wiktionary}}
* {{trad|vo|Vükivödabuk}}
{{tradfim}}
===Verbetes derivados===
* [[wikcionarista]]
=={{etimologia|pt}}==
: Neologismo de formação aglutinativa, do {{etm|haw|pt}} {{etimo|haw|wikiwiki}} sob a forma radical ''wik-'' + ''[[dicionário]]''.
=={{pronúncia|pt}}==
===Brasil===
* AFI: {{AFI|/ˌwik.sjo.ˈna.ɾju/|lang=pt}}
* X-SAMPA: {{AFI|/wik.sjo.&quot;na.4ju/|lang=pt}}
===Portugal===
* AFI: {{AFI|/ˌwik.sju.ˈna.ɾju/|lang=pt}}  
* X-SAMPA: {{AFI|/wik.sju.&quot;na.4ju/|lang=pt}}
==Ver também==
===No Wikcionário===
{{colunas|2}}
* [[Wiki]]
* [[Wikilivros]]
* [[Wikinotícias]]
* [[Wikipédia]]
{{colunas/fim}}
[[Categoria:Substantivo (Português)]]</text>
<sha1>o8q39bcr1cqs4i6ct12d7jxz4imqe3n</sha1>
</revision>
</page>
