<page>
<page>
<title>Wikcionários</title>
<ns>0</ns>
<id>324136</id>
<revision>
<id>2580157</id>
<parentid>2580156</parentid>
<timestamp>2020-03-02T16:30:34Z</timestamp>
<contributor>
<username>MIL973</username>
<id>41339</id>
</contributor>
<model>wikitext</model>
<format>text/x-wiki</format>
<text bytes="242" xml:space="preserve">{{ver também|Wikcionarios}}
={{-pt-}}=
==Forma de substantivo==
{{proparoxítona aparente|Wik|ci|o|ná|ri|os}}, {{gramática|pr|mp}}
# plural de [[Wikcionário]]
{{avi-for-fle|Wikcionário}}
[[Categoria:Forma de substantivo (Português)]]</text>
<sha1>o6csgb6shzay4wcscjtc0bcd8e1cxww</sha1>
</revision>
