<page>
<title>wikcionarista</title>
<ns>0</ns>
<id>949</id>
<revision>
<id>2580158</id>
<parentid>2580116</parentid>
<timestamp>2020-03-02T16:31:19Z</timestamp>
<contributor>
<username>MIL973</username>
<id>41339</id>
</contributor>
<model>wikitext</model>
<format>text/x-wiki</format>
<text bytes="1389" xml:space="preserve">={{-pt-}}=
==Substantivo==
{{flex.pt|s=wikcionarista|p=wikcionaristas}}
{{paroxítona|wik|ci|o|na|ris|ta}}, {{gramática|c2g}}
# {{escopo|pt|Neologismo|wiki}} aquele que [[usa]] o [[Wikcionário]] e [[contribuir|contribui]] para ele
#:''ele edita diversos verbetes do Wikcionário, trata-se de um wikcionarista''
===Notas===
* Este vocábulo trata-se, de fato, de um neologismo.
===Tradução===
{{tradini}}
* {{trad|de|Wiktionärist}} ''m'', {{xlatio|de|Wiktionäristin|''f''}}
* {{trad|ku|wîkîferhengvan}}, {{xlatio|ku|wîksiyonarîst|}}
* {{trad|da|Wiktionarist}}
* {{trad|es|wikcionarista}}
* {{trad|eo|vikivortaristo}}
{{tradmeio}}
* {{trad|fi|wiktionaristi}}
* {{trad|fr|wiktionnariste}}
* {{trad|nl|Wikiwoordenboekmedewerker}}
* {{trad|en|Wiktionarian}}
* {{trad|sv|wiktionarian}}
{{tradfim}}
=={{etimologia|pt}}==
: {{escopo|Morfologia}} De [[Wikcionário]] + [[-ista]].
=={{pronúncia|pt}}==
'''Brasileira: Paulistana''' e '''Caipira'''
* AFI: /ˌwik.sjo.na.ˈɾis.tə/
* SAMPA: /wik.sjo.na.&quot;ris.t@/
'''Brasileira: Carioca'''
* AFI: /ˌwik.sjo.na.ˈɾis.ta/
* SAMPA: /'wik.sjo.na.&quot;riS.ta/
[[Categoria:Substantivo (Português)]]
={{-es-}}=
==Substantivo==
{{flex.es|s=wikcionarista|p=wikcionaristas}}
{{paroxítona|wik|cio|na|ris|ta|lang=es}}, {{gramática|c2gp}}
# {{escopo|es|Neologismo|wiki}} [[wikcionarista#{{pt}}|wikcionarista]]
[[Categoria:Substantivo (Espanhol)]]</text>
<sha1>7xsw2hsa0z1pipapcrtdinquz3yuaik</sha1>
</revision>
</page>
