<page>
<page>
<title>S</title>
<ns>0</ns>
<id>8168</id>
<revision>
<id>2680009</id>
<parentid>2278352</parentid>
<timestamp>2022-06-13T02:16:59Z</timestamp>
<contributor>
<username>Wilhelm Seifer</username>
<id>85860</id>
</contributor>
<model>wikitext</model>
<format>text/x-wiki</format>
<text bytes="256" xml:space="preserve">{{ver também|s}}
{{caracteres info|hex=0053|nome=LATIN CAPITAL LETTER S|anterior=R|próximo=T}}
{{SimbQuim|enxofre}}
==Letra==
'''S''', '''s'''.
# a décima nona [[letra]] do alfabeto latino
{{Alfabeto Latino}}
[[Categoria:Sistema de escrita latino]]</text>
<sha1>21krmfwk8htahflspuwkxzs3gkg0mys</sha1>
</revision>
