<page>
<title>saa</title>
<ns>0</ns>
<id>233633</id>
<revision>
<id>2404684</id>
<parentid>1842718</parentid>
<timestamp>2017-05-14T03:19:45Z</timestamp>
<contributor>
<username>HydrizBot</username>
<id>29590</id>
</contributor>
<minor />
<comment>Robô: A limpar links interwikis antigos</comment>
<model>wikitext</model>
<format>text/x-wiki</format>
<text bytes="743" xml:space="preserve">={{-roa-gpm-}}=
==Adjetivo==
{{paroxítona|sa|a|lang=roa-gpm}}
# [[são|sã]], [[limpo|limpa]]
=={{etimologia|roa-gpm}}==
: Do [[latim]] {{etimo|la|sana}}. Confronte-se com ''[[sãar#Galego-Português Medieval|sãar]]''
[[Categoria:Adjetivo (Galego-Português Medieval)]]
={{-mjw-}}=
==Substantivo==
'''saa'''
# [[infusão]] feita com [[folha]]s de ''[[w:Camellia sinensis|Camélia]]''; [[chá]]
==Ver também==
===No Wikcionário===
{{tradini|Idiomas correlatos}}
* {{trad|as|চাহ}}
* {{trad|bpy|চাহা}}
* {{trad|brx|साहा}}
* {{trad|dis|sah}}
{{tradmeio}}
* {{trad|kha|sha}}
* {{trad|trp|chah}}
* {{trad|mni|cha}}
* {{trad|mrg|চাঃঙ}}
{{tradfim}}
[[Categoria:Substantivo (Karbi)]]
[[Categoria:Bebida (Karbi)]]</text>
<sha1>genbcw8v05onvxiu2j6imabt7hf80dn</sha1>
</revision>
</page>
