<page>
<title>Saamuel</title>
<ns>0</ns>
<id>386191</id>
<revision>
<id>2462693</id>
<timestamp>2017-11-24T18:33:21Z</timestamp>
<contributor>
<username>Leonardo José Raimundo</username>
<id>43489</id>
</contributor>
<comment>Eu estou criando o nome &quot;Saamuel&quot;.</comment>
<model>wikitext</model>
<format>text/x-wiki</format>
<text bytes="200" xml:space="preserve">={{-et-}}=
==Substantivo==
{{oxítona|Saa|mu|el|lang=et}}
# {{escopo|et|Cristianismo|religião}} [[Samuel]]
==Ver também==
===No Wikcionário===
{{bíblia/et}}
[[Categoria:Substantivo (Estoniano)]]</text>
<sha1>g7ws9dwcpkb0i5h8fb6fkckjzybqnen</sha1>
</revision>
</page>
