<page>
<page>
<title>saami</title>
<ns>0</ns>
<id>59160</id>
<revision>
<id>2554593</id>
<parentid>2505980</parentid>
<timestamp>2019-09-21T23:45:53Z</timestamp>
<contributor>
<username>Andres</username>
<id>4565</id>
</contributor>
<comment>/* Tradução */</comment>
<model>wikitext</model>
<format>text/x-wiki</format>
<text bytes="5932" xml:space="preserve">{{ver também|Saami}}
[[Imagem:Sami flag.svg|thumb|250px|&lt;center&gt;Bandeira do povo '''sámi'''.&lt;/center&gt;]]
[[Image:LocationSapmi.png|thumb|250px|Distribuição geográfica do povo '''sámi'''.]]
={{-pt-}}=
==Adjetivo==
{{flex.pt|s=saami|p=saami|ps2=saamis|ms-div=sa.a.{{grifar|mi}}|mp-div=sa.a.{{grifar|mi}} / sa.a.{{grifar|mis}}}}
{{oxítona|sa|a|mi}}, {{gramática|c2g}}
# relativo ao [[povo]] sámi
# relativo às [[língua]]s sámi(s)
===Sinônimos===
* [[lapão]], [[sámi]]
===Tradução===
{{tradini|De 1}}
* {{trad|de|samisch}}
* {{trad|ca|sami}}
* {{trad|cs|sámská}}
* {{trad|da|samisk}}
* {{trad|es|sami|saami|lapón}}
* {{trad|et|saami}}
{{tradmeio}}
* {{trad|fr|Saami|saami|Sami|same}}
* {{trad|en|Sami|Saami|Sámi|Lapp}}
* {{trad|it|sami|laponne}}
* {{trad|lt|samių}}
* {{trad|no|samisk}}
{{tradfim}}
==Substantivo==
{{flex.pt|s=saami|p=sammi|p2=saamis|s-div=sa.a.{{grifar|mi}}|p-div=sa.a.{{grifar|mi}} / sa.a.{{grifar|mis}}}}
{{oxítona|sa|a|mi}}, {{gramática|m}}
# [[povo]] que [[habitar|habita]] [[parte]]s da [[Noruega]], [[Finlândia]], [[Suécia]] e [[Rússia]]
# [[indivíduo]] desse [[povo]]
{{pularLinhas|2}}
{{flex.pt|ms=saami|-|s-div=sa.a.{{grifar|mi}}}}
{{oxítona|sa|a|mi}}, {{gramática|m}}, ''invariável''
# {{cont|3}} {{escopo|pt|Linguística}} [[nome]] [[genérico]] para o [[grupo]] de [[língua]]s [[urálico|urálicas]] faladas por esse [[povo]]
===Sinônimos===
* De '''1''' e '''2''': [[lapão]], [[sami]]
* De '''3''': [[sami]]
===Tradução===
{{tradini|De 1 (povo)}}
* {{trad|de|Samen|Sami|Saami|Lappe}}
* {{trad|eu|Samitarrak}}
* {{trad|ca|samis}}
* {{trad|cs|Sámové}}
* {{trad|hr|Sami|Saami|Laponci|Lapi}}
* {{trad|sl|Sami|Laponci}}
* {{trad|da|Samer}}
* {{trad|es|sami|saami|lapón}}
* {{trad|eo|Sameoj}}
* {{trad|fr|Saami}}
* {{trad|fy|Lappen|Laplanners}}
* {{trad|nl|Saami}}
* {{trad|hu|számik|lappok}}
{{tradmeio}}
* {{trad|en|Sami|Saami|Sámi|Lapps|Laplanders}}
* {{trad|it|Sami|Lapponi}}
* {{trad|lt|Samiai}}
* {{trad|no|Samer}}
* {{trad|pl|Samowie|Lapończycy}}
* {{trad-|ru|Саамы|(Saamý)}}
* {{trad|se|Sámit}}
* {{trad-|sr|Сами|(Sami)}}, {{xlatio|sr|Sami}}, {{xlatio|sr|Лапонци|(Lapontsi)}}, {{xlatio|sr|Laponci}} 
* {{trad|sv|samer}}
* {{trad-|cv|Саамсем|(Saamsem)}}
{{tradfim}}
{{tradini|De 2 (indivíduo)}}
* {{trad|de|Same}}
* {{trad|eu|samitar}}
* {{trad|ca|sami}}
* {{trad|da|samer}}
* {{trad|es|sami|saami|lapón}}
* {{trad|eo|Sameo}}
* {{trad|fi|saamelainen}}
* {{trad|fr|Saami}}
* {{trad|en|Sami|Saami|Sámi|Lapp|Laplander}}
{{tradmeio}}
* {{trad|it|sami|lappone}}
* {{trad|hu|számik|lappok}}
* {{trad|lt|samių}}
* {{trad|no|samer}}
* {{trad-|ru|саам|(saam)}}
* {{trad|se|sámi}}
* {{trad|sv|same}}
* {{trad-|cv|саам|(saam)}}
{{tradfim}}
{{tradini|De 3 (grupo de línguas)}}
* {{trad|de|Sami|Saami|Samisch}}
* {{trad|eu|samiera}}
* {{trad|br|samieg}}
* {{trad|cs|sámské}}
* {{trad|ko|사미어|(sami-eo)}}
* {{trad|hr|saamijski}}
* {{trad|da|samisk}}
* {{trad|sl|samijščina}}
* {{trad|es|sami}}
* {{trad|eo|samea lingvo|sameaj lingvoj}}
* {{trad|et|saami}}
* {{trad|fi|saame|saamen kieli}}
* {{trad|fr|same|sami|lapon}}
{{tradmeio}}
* {{trad|gd|samais}}
* {{trad|nl|Samisch|Sami}}
* {{trad|hu|számi}}
* {{trad|io|laponiana}}
* {{trad|en|Sami|Saami}}
* {{trad|it|sami}}
* {{trad-|ja|サーミ語|(sāmi-go)}}
* {{trad|lt|samių}}
* {{trad|no|Samisk språk}}
* {{trad|pl|język lapoński}}
* {{trad-|ru|саамский язык|(sáamskij jazýk)}}
* {{trad|se|sámegiella}}
* {{trad|sv|samiska}}
{{tradfim}}
=={{pronúncia|pt}}==
* [[AFI]]: {{AFI|/sa.a.ˈmi/}}
* [[X-SAMPA]]: /sa.a.&quot;mi/
==Ver também==
===No Wikcionário===
{{verTambém.Ini}}
* [[Lapónia]]/[[Lapônia]]
{{verTambém.Fim}}
===Na Wikipédia===
{{verTambém.Ini}}
* [[w:Lapónia|Lapónia/Lapônia]]
* [[w:sami|Povo sami]]
{{verTambém.Fim}}
[[Categoria:Adjetivo (Português)]]
[[Categoria:Substantivo (Português)]]
[[Categoria:Língua (Português)]]
[[Categoria:Entrada com imagem (Português)]]
={{-es-}}=
==Adjetivo==
{{flex.es|s=saami|p=saami|p2=saamis|s-div=sa.a.mi|p-div=sa.a.mi / sa.a.mis}}
'''sa.a.{{grifar|mi}}''' {{gramática|c2g}}
# [[saami#Português|saami]], relativo ao [[povo]] [[saami#Português|saami]]
{{pularLinhas|2}}
==Substantivo==
{{flex.es|ms=saami|mp=saami|m p2=saamis|ms-div=sa.a.mi|mp-div=sa.a.mi / sa.a.mis}}
'''sa.a.mi''' {{gramática|m}}
# [[#Português|saami]], [[sami]]
{{pularLinhas|3}}
{{flex.es|ms=saami|mp=-|ms-div=sa.a.{{grifar|mi}}}}
'''sa.a.mi''' {{gramática|m}}, ''[[invariável]]''
# {{escopo|es|Linguística}} [[sami]], [[#Português|saami]]
===Sinônimos===
* De '''1''' e '''2''': [[lapón]], [[#Espanhol|sami]]
* De '''2''': [[#Espanhol|sami]]
=={{pronúncia|es}}==
* [[AFI]]: {{AFI|/sa.a.mi/}}
* [[X-SAMPA]]: /sa.a.mi/
[[Categoria:Adjetivo (Espanhol)]]
[[Categoria:Substantivo (Espanhol)]]
[[Categoria:Trissílabo (Espanhol)]]
[[Categoria:Língua (Espanhol)]]
[[Categoria:Entrada com imagem (Espanhol)]]
[[Categoria:Cognato (Espanhol)]]
={{-et-}}=
==Adjetivo==
'''saami'''
# [[saami#Português|saami]], relativo ao [[povo]] [[saami#Português|saami]]
# [[saami#Português|saami]], relativo às [[língua]]s [[saami#Português|saami]](s)
==Substantivo==
'''saami'''
# {{escopo|et|Linguística}} [[sami]], [[saami#Português|saami]]
[[Categoria:Adjetivo (Estoniano)]]
[[Categoria:Substantivo (Estoniano)]]
[[Categoria:Língua (Estoniano)]]
[[Categoria:Cognato (Estoniano)]]
={{-fr-}}=
==Adjetivo==
{{flex.fr|s=saami|p=saami|s-div=sa.a.{{grifar|mi}}|p-div=sa.a.{{grifar|mi}}}}
'''sa.a.{{grifar|mi}}''' {{gramática|c2g}}, ''invariável''
# [[saami#Português|saami]], relativo ao [[povo]] [[saami#Português|saami]]
===Sinônimos===
* [[Saami#Francês|Saami]], [[Sami#Francês|Sami]], [[same#Francês|same]]
=={{pronúncia|fr}}==
* [[AFI]]: {{AFI|/sa.a.ˈmi/}}
* [[X-SAMPA]]: /sa.a.&quot;mi/
[[Categoria:Adjetivo (Francês)]]
[[Categoria:Trissílabo (Francês)]]
[[Categoria:Cognato (Francês)]]</text>
<sha1>kqdi8hf1iti7eirek7ix6gwg2dtse99</sha1>
</revision>
