<page>
<page>
<title>saapua</title>
<ns>0</ns>
<id>14271</id>
<revision>
<id>2404687</id>
<parentid>2238844</parentid>
<timestamp>2017-05-14T03:19:54Z</timestamp>
<contributor>
<username>HydrizBot</username>
<id>29590</id>
</contributor>
<minor />
<comment>Robô: A limpar links interwikis antigos</comment>
<model>wikitext</model>
<format>text/x-wiki</format>
<text bytes="187" xml:space="preserve">={{-fi-}}=
==Verbo==
'''saa.pu.a'''
# [[chegar]]
===Conjugação===
{{conj.fi.gr2.a|INF=saapua|saapu|saavu|u}}
===Verbetes derivados===
* [[saavuttaa]]
[[Categoria:Verbo (Finlandês)]]</text>
<sha1>6jxxfsz0gvopkzmpwrqyywzj391m0j5</sha1>
</revision>
