<page>
<title>saarauís</title>
<ns>0</ns>
<id>345054</id>
<revision>
<id>2030490</id>
<parentid>2006178</parentid>
<timestamp>2015-10-31T08:42:58Z</timestamp>
<contributor>
<username>ValJor</username>
<id>1358</id>
</contributor>
<comment>Melhorando a apresentação do verbete</comment>
<model>wikitext</model>
<format>text/x-wiki</format>
<text bytes="306" xml:space="preserve">={{-pt-}}=
==Forma de adjetivo==
{{oxítona|sa|a|ra|uís}}
# plural de [[saarauí]]
{{avi-for-fle|saarauí}}
==Forma de substantivo==
{{oxítona|sa|a|ra|uís}}
# plural de [[saarauí]]
{{avi-for-fle|saarauí}}
[[Categoria:Forma de adjetivo (Português)]]
[[Categoria:Forma de substantivo (Português)]]</text>
<sha1>540jjfk0w8x1exhtv90rl0sjdc7i6dy</sha1>
</revision>
</page>
