<page>
<page>
<title>Saarnaaja</title>
<ns>0</ns>
<id>407397</id>
<revision>
<id>2537609</id>
<timestamp>2019-03-01T20:49:41Z</timestamp>
<contributor>
<username>Leonardo José Raimundo</username>
<id>43489</id>
</contributor>
<comment>Eu estou criando o nome &quot;Saarnaaja&quot;.</comment>
<model>wikitext</model>
<format>text/x-wiki</format>
<text bytes="214" xml:space="preserve">={{-fi-}}=
==Substantivo==
{{proparoxítona|Saar|naa|ja|lang=fi}}
# {{escopo|fi|Cristianismo|religião}} [[Eclesiastes]]
==Ver também==
===No Wikcionário===
{{bíblia/fi}}
[[Categoria:Substantivo (Finlandês)]]</text>
<sha1>f8qjduf1z1rfnmxpp4n6zxh41oleflb</sha1>
</revision>
