<page>
<title>saar</title>
<ns>0</ns>
<id>14024</id>
<revision>
<id>2404688</id>
<parentid>2182899</parentid>
<timestamp>2017-05-14T03:19:58Z</timestamp>
<contributor>
<username>HydrizBot</username>
<id>29590</id>
</contributor>
<minor />
<comment>Robô: A limpar links interwikis antigos</comment>
<model>wikitext</model>
<format>text/x-wiki</format>
<text bytes="84" xml:space="preserve">={{-et-}}=
==Substantivo==
'''saar'''
# [[ilha]]
[[Categoria:Substantivo ({{et}})]]</text>
<sha1>btibakcw1mivrvezap5ljnlcq6ttffi</sha1>
</revision>
</page>
