<page>
<title>saavedro</title>
<ns>0</ns>
<id>361396</id>
<revision>
<id>2586839</id>
<parentid>2151534</parentid>
<timestamp>2020-04-30T20:39:30Z</timestamp>
<contributor>
<username>Cpls</username>
<id>20608</id>
</contributor>
<comment>/* {{-gl-}} */</comment>
<model>wikitext</model>
<format>text/x-wiki</format>
<text bytes="410" xml:space="preserve">={{-gl-}}=
==Substantivo==
{{flex.gl|ms=saavedro|mp=saavedros}}
{{paroxítona|sa|a|ve|dro|lang=gl}}, {{gramática|m}}
# pedregulho sob a terra cultivável, [[rocha]] matriz do solo
==={{-varort-}}===
{{dividir em colunas|3}}
* [[sabredo#Galego|sabredo]]
* [[sábrego#Galego|sábrego]]
* [[sagredo#Galego|sagredo]]
* [[salavedro#Galego|salavedro]]
{{dividir em colunas.fim}}
[[Categoria:Substantivo (Galego)]]</text>
<sha1>cdetiqe3fv8udmkubv5f5bjha23fr4e</sha1>
</revision>
</page>
