<page>
<page>
<title>saavuttaa</title>
<ns>0</ns>
<id>167334</id>
<revision>
<id>2404691</id>
<parentid>2238846</parentid>
<timestamp>2017-05-14T03:20:08Z</timestamp>
<contributor>
<username>HydrizBot</username>
<id>29590</id>
</contributor>
<minor />
<comment>Robô: A limpar links interwikis antigos</comment>
<model>wikitext</model>
<format>text/x-wiki</format>
<text bytes="177" xml:space="preserve">={{-fi-}}=
==Verbo==
'''saavuttaa'''
# [[alcançar]]
# [[obter]]
# [[cumprir]]
# [[ganhar]]
==Ver também==
===No Wikcionário===
* [[saapua]]
[[Categoria:Verbo (Finlandês)]]</text>
<sha1>szff1fvmwqhm0rxdj4p7vuh4ii0nqo8</sha1>
</revision>
