<page>
<title>Sabatinos</title>
<ns>0</ns>
<id>373466</id>
<revision>
<id>2667124</id>
<parentid>2231190</parentid>
<timestamp>2022-03-21T10:17:40Z</timestamp>
<contributor>
<username>MIL973</username>
<id>41339</id>
</contributor>
<model>wikitext</model>
<format>text/x-wiki</format>
<text bytes="250" xml:space="preserve">{{ver também|sabatinos}}
={{-pt-}}=
==Forma de substantivo==
{{flex.pt|ms=Sabatino|mp=Sabatinos}}
{{paroxítona|Sa|ba|ti|nos}}, {{gramática|pr|mp}}
# plural de [[Sabatino]]
{{avi-for-fle|Sabatino}}
[[Categoria:Forma de substantivo (Português)]]</text>
<sha1>jbp3sgvi86yji8cvoy9ndbn6a25pppo</sha1>
</revision>
</page>
