<page>
<page>
<title>sabatinaremos</title>
<ns>0</ns>
<id>381931</id>
<revision>
<id>2442936</id>
<parentid>2442935</parentid>
<timestamp>2017-08-10T12:33:55Z</timestamp>
<contributor>
<username>MIL973</username>
<id>41339</id>
</contributor>
<model>wikitext</model>
<format>text/x-wiki</format>
<text bytes="217" xml:space="preserve">={{-pt-}}=
==Forma verbal==
{{paroxítona|sa|ba|ti|na|re|mos}}
# primeira pessoa do plural do futuro do presente do indicativo do verbo [[sabatinar]]
{{avi-for-fle|sabatinar}}
[[Categoria:Forma verbal (Português)]]</text>
<sha1>4zv7ngebmsos8x4mlou3bpvk7jkivbz</sha1>
</revision>
