<page>
<title>sabaakax</title>
<ns>0</ns>
<id>232529</id>
<revision>
<id>2591892</id>
<parentid>2404694</parentid>
<timestamp>2020-07-06T09:45:53Z</timestamp>
<contributor>
<username>ValJor</username>
<id>1358</id>
</contributor>
<comment>Acrescentando código de língua à [[:Categoria:!Página com mensagem de erro em predefinição|predefinição escopo]]</comment>
<model>wikitext</model>
<format>text/x-wiki</format>
<text bytes="148" xml:space="preserve">={{-ale-}}=
==Substantivo==
'''sabaakax'''
# {{escopo|ale|Zoologia}} [[cão]]
[[Categoria:Substantivo (Aleúte)]]
[[Categoria:Mamífero (Aleúte)]]</text>
<sha1>lpr7y1vzmo21ms59dnagh0wmbw5x00x</sha1>
</revision>
</page>
