<page>
<title>sabatinai</title>
<ns>0</ns>
<id>381922</id>
<revision>
<id>2442918</id>
<parentid>2442917</parentid>
<timestamp>2017-08-10T12:20:16Z</timestamp>
<contributor>
<username>MIL973</username>
<id>41339</id>
</contributor>
<model>wikitext</model>
<format>text/x-wiki</format>
<text bytes="196" xml:space="preserve">={{-pt-}}=
==Forma verbal==
{{oxítona|sa|ba|ti|nai}}
# segunda pessoa do plural do imperativo afirmativo do verbo [[sabatinar]]
{{avi-for-fle|sabatinar}}
[[Categoria:Forma verbal (Português)]]</text>
<sha1>jud77g88rpp5oomu4pq61o60att1emi</sha1>
</revision>
</page>
