<page>
<page>
<title>sabatinaríeis</title>
<ns>0</ns>
<id>381926</id>
<revision>
<id>2442926</id>
<parentid>2442925</parentid>
<timestamp>2017-08-10T12:26:30Z</timestamp>
<contributor>
<username>MIL973</username>
<id>41339</id>
</contributor>
<model>wikitext</model>
<format>text/x-wiki</format>
<text bytes="219" xml:space="preserve">={{-pt-}}=
==Forma verbal==
{{paroxítona|sa|ba|ti|na|rí|eis}}
# segunda pessoa do plural do futuro do pretérito do indicativo do verbo [[sabatinar]]
{{avi-for-fle|sabatinar}}
[[Categoria:Forma verbal (Português)]]</text>
<sha1>ibfduxbs9nuhyii2jjfsys7j1bhytuh</sha1>
</revision>
