<page>
<title>sabatinamos</title>
<ns>0</ns>
<id>381886</id>
<revision>
<id>2442811</id>
<parentid>2442810</parentid>
<timestamp>2017-08-09T01:05:39Z</timestamp>
<contributor>
<username>MIL973</username>
<id>41339</id>
</contributor>
<model>wikitext</model>
<format>text/x-wiki</format>
<text bytes="347" xml:space="preserve">{{grafiaPtbr|sabatinámos}}
={{-pt-}}=
==Forma verbal==
{{paroxítona|sa|ba|ti|na|mos}}
# primeira pessoa do plural do presente do indicativo do verbo [[sabatinar]]
# {{escopo2|Grafia brasileira}} primeira pessoa do plural do pretérito perfeito do indicativo do verbo sabatinar
{{avi-for-fle|sabatinar}}
[[Categoria:Forma verbal (Português)]]</text>
<sha1>r8n7cxeprx48z4jw2xekmit5ds5ndw8</sha1>
</revision>
</page>
