<page>
<title>Sabatinas</title>
<ns>0</ns>
<id>373467</id>
<revision>
<id>2667123</id>
<parentid>2231192</parentid>
<timestamp>2022-03-21T10:16:59Z</timestamp>
<contributor>
<username>MIL973</username>
<id>41339</id>
</contributor>
<model>wikitext</model>
<format>text/x-wiki</format>
<text bytes="250" xml:space="preserve">{{ver também|sabatinas}}
={{-pt-}}=
==Forma de substantivo==
{{flex.pt|fs=Sabatina|fp=Sabatinas}}
{{paroxítona|Sa|ba|ti|nas}}, {{gramática|pr|fp}}
# plural de [[Sabatina]]
{{avi-for-fle|Sabatina}}
[[Categoria:Forma de substantivo (Português)]]</text>
<sha1>dyrhplvkxxxg0dejqa9gnmplzaiu72d</sha1>
</revision>
</page>
