<page>
<title>sabadal</title>
<ns>0</ns>
<id>397539</id>
<revision>
<id>2508813</id>
<parentid>2508812</parentid>
<timestamp>2018-07-02T20:58:10Z</timestamp>
<contributor>
<username>Cpls</username>
<id>20608</id>
</contributor>
<comment>/* {{-gl-}} */</comment>
<model>wikitext</model>
<format>text/x-wiki</format>
<text bytes="414" xml:space="preserve">={{-gl-}}=
==Substantivo==
{{flex.gl|ms=sabadal|mp=sabadais}}
{{oxítona|sa|ba|dal|lang=gl}}, {{g|m|lang=gl}}
# período de tempo que vai desde [[sábado]] até sábado seguinte, [[semana]]
=={{etimologia|gl}}==
: {{escopo|Morfologia}} De ''[[sábado#{{gl}}|sábado]]'' + ''[[-al#{{gl}}|-al]]''. Confronte-se com ''[[sabadeira#{{gl}}|sabadeira]]''.
[[Categoria:Substantivo (Galego)]]
[[Categoria:Tempo (Galego)]]</text>
<sha1>3vrnw9njac059n4fkfxxzcpg909mvir</sha1>
</revision>
</page>
