<page>
<page>
<title>sabatinaria</title>
<ns>0</ns>
<id>381923</id>
<revision>
<id>2442920</id>
<parentid>2442919</parentid>
<timestamp>2017-08-10T12:21:47Z</timestamp>
<contributor>
<username>MIL973</username>
<id>41339</id>
</contributor>
<model>wikitext</model>
<format>text/x-wiki</format>
<text bytes="306" xml:space="preserve">={{-pt-}}=
==Forma verbal==
{{paroxítona|sa|ba|ti|na|ri|a}}
# primeira pessoa do singular do futuro do pretérito do indicativo do verbo [[sabatinar]]
# terceira pessoa do singular do futuro do pretérito do indicativo do verbo sabatinar
{{avi-for-fle|sabatinar}}
[[Categoria:Forma verbal (Português)]]</text>
<sha1>tax5m0c0d6nk9cihuvwa9iw2qxoq94n</sha1>
</revision>
