<page>
<title>sabatinaram</title>
<ns>0</ns>
<id>381938</id>
<revision>
<id>2442950</id>
<parentid>2442949</parentid>
<timestamp>2017-08-10T12:49:36Z</timestamp>
<contributor>
<username>MIL973</username>
<id>41339</id>
</contributor>
<model>wikitext</model>
<format>text/x-wiki</format>
<text bytes="336" xml:space="preserve">{{confundir|sabatinarão}}
={{-pt-}}=
==Forma verbal==
{{paroxítona|sa|ba|ti|na|ram}}
# terceira pessoa do plural do pretérito perfeito do indicativo do verbo [[sabatinar]]
# terceira pessoa do plural do pretérito mais-que-perfeito do indicativo do verbo sabatinar
{{avi-for-fle|sabatinar}}
[[Categoria:Forma verbal (Português)]]</text>
<sha1>ae4qd9dn0uoj04qrgi84zvsdgd64tg3</sha1>
</revision>
</page>
