<page>
<page>
<title>sabatinandas</title>
<ns>0</ns>
<id>381869</id>
<revision>
<id>2667117</id>
<parentid>2442773</parentid>
<timestamp>2022-03-21T10:11:38Z</timestamp>
<contributor>
<username>MIL973</username>
<id>41339</id>
</contributor>
<model>wikitext</model>
<format>text/x-wiki</format>
<text bytes="276" xml:space="preserve">={{-pt-}}=
==Forma de substantivo==
{{flex.pt|ms=sabatinando|mp=sabatinandos|fs=sabatinanda|fp=sabatinandas}}
{{paroxítona|sa|ba|ti|nan|das}}, {{gramática|fp}}
# feminino plural de [[sabatinando]]
{{avi-for-fle|sabatinando}}
[[Categoria:Forma de substantivo (Português)]]</text>
<sha1>m2joyhdx6lqli2ffv91grhuz288hdln</sha1>
</revision>
