<page>
<title>sabatineis</title>
<ns>0</ns>
<id>381884</id>
<revision>
<id>2442807</id>
<parentid>2442806</parentid>
<timestamp>2017-08-09T01:03:08Z</timestamp>
<contributor>
<username>MIL973</username>
<id>41339</id>
</contributor>
<model>wikitext</model>
<format>text/x-wiki</format>
<text bytes="296" xml:space="preserve">={{-pt-}}=
==Forma verbal==
{{oxítona|sa|ba|ti|neis}}
# segunda pessoa do plural do presente do {{PEPB|inline=1|conjuntivo|subjuntivo}} do verbo [[sabatinar]]
# segunda pessoa do plural do imperativo negativo do verbo sabatinar
{{avi-for-fle|sabatinar}}
[[Categoria:Forma verbal (Português)]]</text>
<sha1>d918n28mitly0d5bebpdrsaselgo9rd</sha1>
</revision>
</page>
