<page>
<page>
<title>Sabatino</title>
<ns>0</ns>
<id>373465</id>
<revision>
<id>2559048</id>
<parentid>2457940</parentid>
<timestamp>2019-10-28T13:47:38Z</timestamp>
<contributor>
<username>MIL973</username>
<id>41339</id>
</contributor>
<model>wikitext</model>
<format>text/x-wiki</format>
<text bytes="471" xml:space="preserve">{{ver também|sabatino}}
={{-pt-}}=
==Substantivo==
{{flex.pt|ms=Sabatino|mp=Sabatinos}}
{{paroxítona|Sa|ba|ti|no}}, {{gramática|pr|m}}
# {{escopo|pt|Antropônimo}} [[Apêndice:Prenomes em português|prenome]] masculino
==Ver também==
===No Wikcionário===
{{colunas|3}}
* [[sábado]]
* [[sabatina]]
* [[sabatino]]
{{colunas/fim}}
====Antropônimos====
{{colunas|3}}
* [[Sábata]]
* [[Sabatina]]
* [[Sábato]]
{{colunas/fim}}
[[Categoria:Substantivo (Português)]]</text>
<sha1>dq1yckx8dr8yez0cg5l8heb2427zres</sha1>
</revision>
