<page>
<title>sabatinásseis</title>
<ns>0</ns>
<id>381879</id>
<revision>
<id>2442797</id>
<parentid>2442796</parentid>
<timestamp>2017-08-09T00:58:01Z</timestamp>
<contributor>
<username>MIL973</username>
<id>41339</id>
</contributor>
<model>wikitext</model>
<format>text/x-wiki</format>
<text bytes="237" xml:space="preserve">={{-pt-}}=
==Forma verbal==
{{paroxítona|sa|ba|ti|nás|seis}}
# segunda pessoa do plural do pretérito do {{PEPB|inline=1|conjuntivo|subjuntivo}} do verbo [[sabatinar]]
{{avi-for-fle|sabatinar}}
[[Categoria:Forma verbal (Português)]]</text>
<sha1>hm5cpxgz4i9lyuq0m3mgr6l4sytwj1y</sha1>
</revision>
</page>
