<page>
<page>
<title>sabayon</title>
<ns>0</ns>
<id>154076</id>
<revision>
<id>2539115</id>
<parentid>2404707</parentid>
<timestamp>2019-03-14T10:47:56Z</timestamp>
<contributor>
<username>ValJor</username>
<id>1358</id>
</contributor>
<comment>Um verbete a menos usando a [[Predefinição:flex.fr.masculino|predefinição flex.fr.masculino]]</comment>
<model>wikitext</model>
<format>text/x-wiki</format>
<text bytes="257" xml:space="preserve">{{Wikipédia|lang=fr}}
={{-fr-}}=
==Substantivo==
{{flex.fr|ms=sabayon|mp=sabayons}}
'''sabayon''', {{gramática|m}}
# [[zabaione]]
=={{pronúncia|fr}}==
* [[AFI]]: /sa.ba.jɔ̃/
[[Categoria:Substantivo (Francês)]]
[[Categoria:Alimentação (Francês)]]</text>
<sha1>t6yasrd8iq1h2343uv63xsqwbkjp9ki</sha1>
</revision>
