<page>
<title>sabatinasses</title>
<ns>0</ns>
<id>381877</id>
<revision>
<id>2442793</id>
<parentid>2442792</parentid>
<timestamp>2017-08-09T00:56:16Z</timestamp>
<contributor>
<username>MIL973</username>
<id>41339</id>
</contributor>
<model>wikitext</model>
<format>text/x-wiki</format>
<text bytes="237" xml:space="preserve">={{-pt-}}=
==Forma verbal==
{{paroxítona|sa|ba|ti|nas|ses}}
# segunda pessoa do singular do pretérito do {{PEPB|inline=1|conjuntivo|subjuntivo}} do verbo [[sabatinar]]
{{avi-for-fle|sabatinar}}
[[Categoria:Forma verbal (Português)]]</text>
<sha1>5zfosrznpxng1kp2uv75uwkd4890ya0</sha1>
</revision>
</page>
