<page>
<title>saba</title>
<ns>0</ns>
<id>240266</id>
<revision>
<id>2413329</id>
<parentid>2404693</parentid>
<timestamp>2017-05-19T18:42:36Z</timestamp>
<contributor>
<username>Cpls</username>
<id>20608</id>
</contributor>
<model>wikitext</model>
<format>text/x-wiki</format>
<text bytes="1675" xml:space="preserve">={{-pt-}}=
==Substantivo==
{{flex.pt|fs=saba|fp=sabas}}
{{paroxítona|sa|ba}}, {{g|f}}
# {{escopo|pt|Trás-os-Montes}} [[lençol]], roupa fina de cama
=={{etimologia|pt}}==
{{llietimo|la|sabana|gl|ponto=não}}, plural de {{etimo|la|sabanum}}.
[[Categoria:Substantivo (Português)]]
={{-lad-}}=
==Substantivo==
'''saba''' ''masculino''
# [[sábado]], [[sétimo]] [[dia]] da [[semana]].
# [[dia]] do [[Sabbat]].
==Sinônimo==
* [[shabat]]
==Ver também==
{{verTambém.Ini}}
* [[Apêndice:Dias da semana|Dias da semana]]
{{verTambém.Fim}}
{{semana/lad}}
[[Categoria:Substantivo (Ladino)]]
[[Categoria:Dia da semana (Ladino)]]
={{-gl-}}=
==Substantivo&lt;sup&gt;1&lt;/sup&gt;==
{{flex.gl|fs=saba|fp=sabas}}
{{paroxítona|sa|ba|lang=gl}}, {{g|f|lang=gl}}
# [[lençol]], roupa fina de cama
==={{-varort-}}===
* [[sabã#Galego|sabã]]
==={{etimologia|gl}}===
{{llietimo|la|sabana|gl|ponto=não}}, plural de {{etimo|la|sabanum}}.
==Substantivo&lt;sup&gt;2&lt;/sup&gt;==
{{flex.gl|fs=saba|fp=sabas}}
{{paroxítona|sa|ba|lang=gl}}, {{g|f|lang=gl}}
# [[saibro]], areia
==={{-varort-}}===
* [[saibro#{{gl}}|saibro]], [[xabe#{{gl}}|xabe]], [[xabre#{{gl}}|xabre]], [[zaba#{{gl}}|zaba]]
==={{etimologia|gl}}===
: Aparentada com o latim {{etimo|la|sabulum}}.
=={{pronúncia|gl}}==
* [[AFI]]: '''singular:''' /sa.'ba/; '''plural:''' /sa.'bas/
[[Categoria:Substantivo (Galego)]]
={{-sw-}}=
===Numeral===
'''sete'''  ''cardinal''
# [[sete]], [[número]] [[representado]] [[por]] '''7''' em [[algarismo]]s [[arábico]]s.
==Ver também==
===No Wikcionário===
{{verTambém.Ini}}
* [[Apêndice:Números|Apêndice: Números]]
{{verTambém.Fim}}
{{números/sw}}
[[Categoria:Numeral cardinal (Suaíli)]]</text>
<sha1>9zurrznpcxm1aeacmv6s2zjx9s3dv0y</sha1>
</revision>
</page>
