<page>
<title>sabatinam</title>
<ns>0</ns>
<id>381949</id>
<revision>
<id>2442972</id>
<parentid>2442971</parentid>
<timestamp>2017-08-10T13:07:25Z</timestamp>
<contributor>
<username>MIL973</username>
<id>41339</id>
</contributor>
<model>wikitext</model>
<format>text/x-wiki</format>
<text bytes="201" xml:space="preserve">={{-pt-}}=
==Forma verbal==
{{paroxítona|sa|ba|ti|nam}}
# terceira pessoa do plural do presente do indicativo do verbo [[sabatinar]]
{{avi-for-fle|sabatinar}}
[[Categoria:Forma verbal (Português)]]</text>
<sha1>odu1a4fq8qt3jujksip8iiuhptk9v22</sha1>
</revision>
</page>
