<page>
<title>sabatinandos</title>
<ns>0</ns>
<id>381870</id>
<revision>
<id>2667118</id>
<parentid>2442775</parentid>
<timestamp>2022-03-21T10:11:52Z</timestamp>
<contributor>
<username>MIL973</username>
<id>41339</id>
</contributor>
<model>wikitext</model>
<format>text/x-wiki</format>
<text bytes="267" xml:space="preserve">={{-pt-}}=
==Forma de substantivo==
{{flex.pt|ms=sabatinando|mp=sabatinandos|fs=sabatinanda|fp=sabatinandas}}
{{paroxítona|sa|ba|ti|nan|dos}}, {{gramática|mp}}
# plural de [[sabatinando]]
{{avi-for-fle|sabatinando}}
[[Categoria:Forma de substantivo (Português)]]</text>
<sha1>6d136wdym86n7cb6nxv6gt13vud8j45</sha1>
</revision>
</page>
