<page>
<page>
<title>sabadeira</title>
<ns>0</ns>
<id>397538</id>
<revision>
<id>2508811</id>
<timestamp>2018-07-02T20:55:58Z</timestamp>
<contributor>
<username>Cpls</username>
<id>20608</id>
</contributor>
<comment>[[Ajuda:Guia de edição/Menus e ferramentas/Sumário de edição|→]] nova página: ={{-gl-}}= ==Substantivo== {{flex.gl|fs=sabadeira|fp=sabadeiras}} {{paroxítona|sa|ba|dei|ra|lang=gl}}, {{g|f...</comment>
<model>wikitext</model>
<format>text/x-wiki</format>
<text bytes="526" xml:space="preserve">={{-gl-}}=
==Substantivo==
{{flex.gl|fs=sabadeira|fp=sabadeiras}}
{{paroxítona|sa|ba|dei|ra|lang=gl}}, {{g|f|lang=gl}}
# [[fornada]] de [[pão]] feita para que o pão dure uma semana; por extensão qualquer fornada de pão
# [[massa]] de farinha de [[milho]] destinada a fazer pão para toda uma semana
=={{etimologia|gl}}==
: {{escopo|Morfologia}} De ''[[sábado#{{gl}}|sábado]]'' + ''[[-eira#{{gl}}|-eira]]''. Confronte-se com ''[[sabadal#{{gl}}|sabadal]]'' e ''[[saba#{{gl}}|saba]]''.
[[Categoria:Substantivo (Galego)]]</text>
<sha1>lwf00qislhend14m5d05had8zohwwxq</sha1>
</revision>
