<page>
<title>sabatina</title>
<ns>0</ns>
<id>6386</id>
<revision>
<id>2667116</id>
<parentid>2655216</parentid>
<timestamp>2022-03-21T10:10:59Z</timestamp>
<contributor>
<username>MIL973</username>
<id>41339</id>
</contributor>
<model>wikitext</model>
<format>text/x-wiki</format>
<text bytes="1282" xml:space="preserve">{{ver também|Sabatina}}
={{-pt-}}=
==Substantivo==
{{flex.pt|fs=sabatina|fp=sabatinas}}
{{paroxítona|sa|ba|ti|na}}, {{gramática|f}}
# [[aula]] [[suplementar]] [[fazer|feita]] aos [[sábado]]s
# [[reza]] própria de sábado
# [[arguição]] pública, [[bateria]] de [[perguntas]]
# revisão, nos sábados, das aulas ministradas durante a semana
# recapitulação oral das lições da semana através de perguntas e respostas
===Verbetes derivados===
{{colunas|3}}
* [[sabatinado]]
* [[sabatinando]]
* [[sabatinar]]
{{colunas/fim}}
==Forma de adjetivo==
{{flex.pt|ms=sabatino|mp=sabatinos|fs=sabatina|fp=sabatinas}}
{{paroxítona|sa|ba|ti|na}}, {{gramática|f}}
# feminino de [[sabatino]]
{{avi-for-fle|sabatino}}
==Forma verbal==
{{paroxítona|sa|ba|ti|na}}
# terceira pessoa do singular do presente do indicativo do verbo [[sabatinar]]
# segunda pessoa do singular do imperativo afirmativo do verbo sabatinar
{{avi-for-fle|sabatinar}}
=={{etimologia|pt}}==
: Feminino substantivado de [[sabatino]].
==Ver também==
===No Wikcionário===
====Antropônimos====
{{colunas|2}}
* [[Sábata]]
* [[Sabatina]]
* [[Sabatino]]
* [[Sábato]]
{{colunas/fim}}
[[Categoria:Substantivo (Português)]]
[[Categoria:Forma de adjetivo (Português)]]
[[Categoria:Forma verbal (Português)]]</text>
<sha1>r6kbn9ao3hfikne1xzbb0hcsifq6rdj</sha1>
</revision>
</page>
