<page>
<title>sabatu</title>
<ns>0</ns>
<id>367999</id>
<revision>
<id>2608617</id>
<parentid>2404704</parentid>
<timestamp>2021-01-17T09:56:25Z</timestamp>
<contributor>
<username>ValJor</username>
<id>1358</id>
</contributor>
<comment>Substituindo a [[Especial:Páginas_afluentes/Predefinição:escopoCatLang|predefinição escopoCatLang]] por escopo</comment>
<model>wikitext</model>
<format>text/x-wiki</format>
<text bytes="372" xml:space="preserve">{{Wikipédia|lang=co}}
={{-co-}}=
==Substantivo==
{{proparoxítona|sa|ba|tu|lang=co}}, {{gramática|m}}
# {{escopo|co|Dia da semana}} [[sábado]]
=={{etimologia|co}}==
{{llietimo|la|sabbatum|co}}
=={{pronúncia|co}}==
* [[AFI]]: {{AFI|/ˈsa.ba.du/}}
* [[AFI]]: {{AFI|/ˈsa.ba.tu/}}
==Ver também==
===No Wikcionário===
{{semana/co}}
[[Categoria:Substantivo (Corso)]]</text>
<sha1>fpql4kor3zh8hgonib7844qipjgz79x</sha1>
</revision>
</page>
