<page>
<title>sabatine</title>
<ns>0</ns>
<id>381881</id>
<revision>
<id>2442801</id>
<parentid>2442800</parentid>
<timestamp>2017-08-09T01:00:03Z</timestamp>
<contributor>
<username>MIL973</username>
<id>41339</id>
</contributor>
<model>wikitext</model>
<format>text/x-wiki</format>
<text bytes="481" xml:space="preserve">={{-pt-}}=
==Forma verbal==
{{paroxítona|sa|ba|ti|ne}}
# primeira pessoa do singular do presente do {{PEPB|inline=1|conjuntivo|subjuntivo}} do verbo [[sabatinar]]
# terceira pessoa do singular do presente do {{PEPB|inline=1|conjuntivo|subjuntivo}} do verbo sabatinar
# terceira pessoa do singular do imperativo afirmativo do verbo sabatinar
# terceira pessoa do singular do imperativo negativo do verbo sabatinar
{{avi-for-fle|sabatinar}}
[[Categoria:Forma verbal (Português)]]</text>
<sha1>msd2zh9iwal4ka8s3j74ev3sg3dgald</sha1>
</revision>
</page>
