<page>
<title>sabatinador</title>
<ns>0</ns>
<id>363858</id>
<revision>
<id>2505363</id>
<parentid>2445607</parentid>
<timestamp>2018-06-02T22:12:52Z</timestamp>
<contributor>
<username>ValJor</username>
<id>1358</id>
</contributor>
<comment>Melhorando a apresentação do verbete</comment>
<model>wikitext</model>
<format>text/x-wiki</format>
<text bytes="840" xml:space="preserve">={{-pt-}}=
==Substantivo==
{{flex.pt|ms=sabatinador|mp=sabatinadores|fs=sabatinadora|fp=sabatinadoras}}
{{oxítona|sa|ba|ti|na|dor}}
# o [[mestre]] ou o [[discípulo]] mais adiantado que faz as perguntas numa [[sabatina]]
# que ou quem submete alguém a uma [[sabatina]] ou recapitula com alguém conteúdos didáticos
# aquele ou aquela que submete tudo e todos a uma [[sabatina]] (análise, exame, recapitulação, revisão) detalhada, sem medo, sem [[idolatrar]] (adorar, cultuar, reverenciar, venerar) livros e pessoas
# pessoa que conduz interrogatórios, [[examinador]]
# um contínuo aprendiz de todas as coisas por meio de estudos (sabatinas) e observação
=={{etimologia|pt}}==
: {{escopo|Morfologia}} [[sabatina]] + [[-dor]].
==Ligações externas==
* {{Aulete}}
* {{DPLP}}
* {{VOLPABL}}
[[Categoria:Substantivo (Português)]]</text>
<sha1>rifg8pa9ftm8lme9acuh9g8tfo2o07g</sha1>
</revision>
</page>
