<page>
<page>
<title>sabatinarias</title>
<ns>0</ns>
<id>381924</id>
<revision>
<id>2442922</id>
<parentid>2442921</parentid>
<timestamp>2017-08-10T12:23:34Z</timestamp>
<contributor>
<username>MIL973</username>
<id>41339</id>
</contributor>
<model>wikitext</model>
<format>text/x-wiki</format>
<text bytes="219" xml:space="preserve">={{-pt-}}=
==Forma verbal==
{{paroxítona|sa|ba|ti|na|ri|as}}
# segunda pessoa do singular do futuro do pretérito do indicativo do verbo [[sabatinar]]
{{avi-for-fle|sabatinar}}
[[Categoria:Forma verbal (Português)]]</text>
<sha1>br571q3k7mq88r1ebesfsuakgual4mp</sha1>
</revision>
