<page>
<page>
<title>sabatinou</title>
<ns>0</ns>
<id>381941</id>
<revision>
<id>2442956</id>
<parentid>2442955</parentid>
<timestamp>2017-08-10T12:55:49Z</timestamp>
<contributor>
<username>MIL973</username>
<id>41339</id>
</contributor>
<model>wikitext</model>
<format>text/x-wiki</format>
<text bytes="211" xml:space="preserve">={{-pt-}}=
==Forma verbal==
{{oxítona|sa|ba|ti|nou}}
# terceira pessoa do singular do pretérito perfeito do indicativo do verbo [[sabatinar]]
{{avi-for-fle|sabatinar}}
[[Categoria:Forma verbal (Português)]]</text>
<sha1>9erpx3pkxbfsjprc8xehaavonwd22cb</sha1>
</revision>
