<page>
<page>
<title>sabatismo</title>
<ns>0</ns>
<id>351873</id>
<revision>
<id>2066115</id>
<timestamp>2016-02-28T18:14:31Z</timestamp>
<contributor>
<username>Leonardo José Raimundo</username>
<id>43489</id>
</contributor>
<comment>Assim como eu criei a palavra &quot;sabatista&quot;, criarei a palavra &quot;sabatismo&quot;.</comment>
<model>wikitext</model>
<format>text/x-wiki</format>
<text bytes="335" xml:space="preserve">={{-pt-}}=
==Substantivo==
{{flex.pt|ms=sabatismo|mp=sabatismos}}
{{paroxítona|sa|ba|tis|mo}}
# prática judaica ou protestante de guardar o sábado
==Ver também==
*[[sabatista]]
[[Categoria:Substantivo (Português)]]
[[Categoria:Cristianismo (Português)]]
[[Categoria:Judaísmo (Português)]]
[[Categoria:Religião (Português)]]</text>
<sha1>nuyudfkack3obwtlh3n619br5huv6vd</sha1>
</revision>
