<page>
<page>
<title>sabatináramos</title>
<ns>0</ns>
<id>381936</id>
<revision>
<id>2442946</id>
<parentid>2442945</parentid>
<timestamp>2017-08-10T12:45:34Z</timestamp>
<contributor>
<username>MIL973</username>
<id>41339</id>
</contributor>
<model>wikitext</model>
<format>text/x-wiki</format>
<text bytes="231" xml:space="preserve">={{-pt-}}=
==Forma verbal==
{{proparoxítona|sa|ba|ti|ná|ra|mos}}
# primeira pessoa do plural do pretérito mais-que-perfeito do indicativo do verbo [[sabatinar]]
{{avi-for-fle|sabatinar}}
[[Categoria:Forma verbal (Português)]]</text>
<sha1>3kgmpxl0m8kvtfdh7fvvovsm3b8by2q</sha1>
</revision>
