<page>
<page>
<title>sabatinará</title>
<ns>0</ns>
<id>381930</id>
<revision>
<id>2442934</id>
<parentid>2442933</parentid>
<timestamp>2017-08-10T12:32:14Z</timestamp>
<contributor>
<username>MIL973</username>
<id>41339</id>
</contributor>
<model>wikitext</model>
<format>text/x-wiki</format>
<text bytes="241" xml:space="preserve">{{ver também|sabatinara}}
={{-pt-}}=
==Forma verbal==
{{oxítona|sa|ba|ti|na|rá}}
# terceira pessoa do singular do futuro do presente do indicativo do verbo [[sabatinar]]
{{avi-for-fle|sabatinar}}
[[Categoria:Forma verbal (Português)]]</text>
<sha1>7nqzxnb9ytr7wttbru6hedpu09n5f2n</sha1>
</revision>
