<page>
<title>sabatinara</title>
<ns>0</ns>
<id>381934</id>
<revision>
<id>2442942</id>
<parentid>2442941</parentid>
<timestamp>2017-08-10T12:42:43Z</timestamp>
<contributor>
<username>MIL973</username>
<id>41339</id>
</contributor>
<model>wikitext</model>
<format>text/x-wiki</format>
<text bytes="349" xml:space="preserve">{{ver também|sabatinará}}
={{-pt-}}=
==Forma verbal==
{{paroxítona|sa|ba|ti|na|ra}}
# primeira pessoa do singular do pretérito mais-que-perfeito do indicativo do verbo [[sabatinar]]
# terceira pessoa do singular do pretérito mais-que-perfeito do indicativo do verbo sabatinar
{{avi-for-fle|sabatinar}}
[[Categoria:Forma verbal (Português)]]</text>
<sha1>8fvhn7uz1pei763y76jpabkjb5rb4op</sha1>
</revision>
</page>
