<page>
<page>
<title>sabatinemos</title>
<ns>0</ns>
<id>381883</id>
<revision>
<id>2442805</id>
<parentid>2442804</parentid>
<timestamp>2017-08-09T01:02:16Z</timestamp>
<contributor>
<username>MIL973</username>
<id>41339</id>
</contributor>
<model>wikitext</model>
<format>text/x-wiki</format>
<text bytes="375" xml:space="preserve">={{-pt-}}=
==Forma verbal==
{{paroxítona|sa|ba|ti|ne|mos}}
# primeira pessoa do plural do presente do {{PEPB|inline=1|conjuntivo|subjuntivo}} do verbo [[sabatinar]]
# primeira pessoa do plural do imperativo afirmativo do verbo sabatinar
# primeira pessoa do plural do imperativo negativo do verbo sabatinar
{{avi-for-fle|sabatinar}}
[[Categoria:Forma verbal (Português)]]</text>
<sha1>rmiukgnm5nko9cmonhvs4whv8a789v8</sha1>
</revision>
