<page>
<title>sabatines</title>
<ns>0</ns>
<id>381882</id>
<revision>
<id>2442803</id>
<parentid>2442802</parentid>
<timestamp>2017-08-09T01:01:17Z</timestamp>
<contributor>
<username>MIL973</username>
<id>41339</id>
</contributor>
<model>wikitext</model>
<format>text/x-wiki</format>
<text bytes="302" xml:space="preserve">={{-pt-}}=
==Forma verbal==
{{paroxítona|sa|ba|ti|nes}}
# segunda pessoa do singular do presente do {{PEPB|inline=1|conjuntivo|subjuntivo}} do verbo [[sabatinar]]
# segunda pessoa do singular do imperativo negativo do verbo sabatinar
{{avi-for-fle|sabatinar}}
[[Categoria:Forma verbal (Português)]]</text>
<sha1>1b7t7yojlg3y5kaycqrlvoatfg8d5lh</sha1>
</revision>
</page>
