<page>
<page>
<title>sabatinaste</title>
<ns>0</ns>
<id>381940</id>
<revision>
<id>2442954</id>
<parentid>2442953</parentid>
<timestamp>2017-08-10T12:54:17Z</timestamp>
<contributor>
<username>MIL973</username>
<id>41339</id>
</contributor>
<model>wikitext</model>
<format>text/x-wiki</format>
<text bytes="216" xml:space="preserve">={{-pt-}}=
==Forma verbal==
{{paroxítona|sa|ba|ti|nas|te}}
# segunda pessoa do singular do pretérito perfeito do indicativo do verbo [[sabatinar]]
{{avi-for-fle|sabatinar}}
[[Categoria:Forma verbal (Português)]]</text>
<sha1>fvjhef0m71pk3ugaeit7h2xzfl6hh00</sha1>
</revision>
