<page>
<page>
<title>sabatinarem</title>
<ns>0</ns>
<id>381875</id>
<revision>
<id>2442789</id>
<parentid>2442788</parentid>
<timestamp>2017-08-09T00:53:57Z</timestamp>
<contributor>
<username>MIL973</username>
<id>41339</id>
</contributor>
<model>wikitext</model>
<format>text/x-wiki</format>
<text bytes="300" xml:space="preserve">={{-pt-}}=
==Forma verbal==
{{paroxítona|sa|ba|ti|na|rem}}
# terceira pessoa do plural do futuro do {{PEPB|inline=1|conjuntivo|subjuntivo}} do verbo [[sabatinar]]
# infinitivo pessoal da terceira pessoa do plural do verbo sabatinar
{{avi-for-fle|sabatinar}}
[[Categoria:Forma verbal (Português)]]</text>
<sha1>0213fxdovvqr62t5cbkaxzxd5qy68z1</sha1>
</revision>
