<page>
<title>Sabará</title>
<ns>0</ns>
<id>141348</id>
<revision>
<id>2278380</id>
<parentid>2111373</parentid>
<timestamp>2017-04-27T00:50:51Z</timestamp>
<contributor>
<username>HydrizBot</username>
<id>29590</id>
</contributor>
<minor />
<comment>Robô: A limpar links interwikis antigos</comment>
<model>wikitext</model>
<format>text/x-wiki</format>
<text bytes="262" xml:space="preserve">={{-pt-}}=
{{Wikipédia}}
==Substantivo==
'''Sabará''' {{pr}}
#[[município]] [[brasileiro]] do [[estado]] de [[Minas Gerais]]
==Ver também==
*[[Apêndice:Municípios do estado de Minas Gerais]]
[[Categoria:Município do estado de Minas Gerais (Português)]]</text>
<sha1>ktbof3vti2nweqkdejiqs4xqow6gr0s</sha1>
</revision>
</page>
