<page>
<page>
<title>sabatinaras</title>
<ns>0</ns>
<id>381935</id>
<revision>
<id>2442944</id>
<parentid>2442943</parentid>
<timestamp>2017-08-10T12:44:25Z</timestamp>
<contributor>
<username>MIL973</username>
<id>41339</id>
</contributor>
<model>wikitext</model>
<format>text/x-wiki</format>
<text bytes="255" xml:space="preserve">{{ver também|sabatinarás}}
={{-pt-}}=
==Forma verbal==
{{paroxítona|sa|ba|ti|na|ras}}
# segunda pessoa do singular do pretérito mais-que-perfeito do indicativo do verbo [[sabatinar]]
{{avi-for-fle|sabatinar}}
[[Categoria:Forma verbal (Português)]]</text>
<sha1>tv7j67mqvg424tfxl64w34n5s6e7tjr</sha1>
</revision>
