<page>
<title>sabatinas</title>
<ns>0</ns>
<id>373461</id>
<revision>
<id>2667114</id>
<parentid>2404700</parentid>
<timestamp>2022-03-21T10:10:11Z</timestamp>
<contributor>
<username>MIL973</username>
<id>41339</id>
</contributor>
<model>wikitext</model>
<format>text/x-wiki</format>
<text bytes="677" xml:space="preserve">{{ver também|Sabatinas}}
={{-pt-}}=
==Forma de adjetivo==
{{flex.pt|ms=sabatino|mp=sabatinos|fs=sabatina|fp=sabatinas}}
{{paroxítona|sa|ba|ti|nas}}, {{gramática|fp}}
# feminino plural de [[sabatino]]
{{avi-for-fle|sabatino}}
==Forma de substantivo==
{{flex.pt|fs=sabatina|fp=sabatinas}}
{{paroxítona|sa|ba|ti|nas}}, {{gramática|fp}}
# plural de [[sabatina]]
{{avi-for-fle|sabatina}}
==Forma verbal==
{{paroxítona|sa|ba|ti|nas}}
# segunda pessoa do singular do presente do indicativo do verbo [[sabatinar]]
{{avi-for-fle|sabatinar}}
[[Categoria:Forma de adjetivo (Português)]]
[[Categoria:Forma de substantivo (Português)]]
[[Categoria:Forma verbal (Português)]]</text>
<sha1>l6f426ks3gpmcf9gs9iu5v7keymhfv4</sha1>
</revision>
</page>
