<page>
<page>
<title>sabatinos</title>
<ns>0</ns>
<id>373463</id>
<revision>
<id>2667115</id>
<parentid>2404702</parentid>
<timestamp>2022-03-21T10:10:25Z</timestamp>
<contributor>
<username>MIL973</username>
<id>41339</id>
</contributor>
<model>wikitext</model>
<format>text/x-wiki</format>
<text bytes="266" xml:space="preserve">{{ver também|Sabatinos}}
={{-pt-}}=
==Forma de adjetivo==
{{flex.pt|ms=sabatino|mp=sabatinos|fs=sabatina|fp=sabatinas}}
{{paroxítona|sa|ba|ti|nos}}, {{gramática|mp}}
# plural de [[sabatino]]
{{avi-for-fle|sabatino}}
[[Categoria:Forma de adjetivo (Português)]]</text>
<sha1>ddkuhpog84x561hzf3os1thpameevd0</sha1>
</revision>
