<page>
<page>
<title>sabatinariam</title>
<ns>0</ns>
<id>381927</id>
<revision>
<id>2442928</id>
<parentid>2442927</parentid>
<timestamp>2017-08-10T12:27:47Z</timestamp>
<contributor>
<username>MIL973</username>
<id>41339</id>
</contributor>
<model>wikitext</model>
<format>text/x-wiki</format>
<text bytes="218" xml:space="preserve">={{-pt-}}=
==Forma verbal==
{{paroxítona|sa|ba|ti|na|ri|am}}
# terceira pessoa do plural do futuro do pretérito do indicativo do verbo [[sabatinar]]
{{avi-for-fle|sabatinar}}
[[Categoria:Forma verbal (Português)]]</text>
<sha1>pbntzbsdi0mw1qquq0c9qfcdyeo0516</sha1>
</revision>
