<page>
<title>sabatinarão</title>
<ns>0</ns>
<id>381933</id>
<revision>
<id>2442940</id>
<parentid>2442939</parentid>
<timestamp>2017-08-10T12:36:50Z</timestamp>
<contributor>
<username>MIL973</username>
<id>41339</id>
</contributor>
<model>wikitext</model>
<format>text/x-wiki</format>
<text bytes="239" xml:space="preserve">{{confundir|sabatinaram}}
={{-pt-}}=
==Forma verbal==
{{oxítona|sa|ba|ti|na|rão}}
# terceira pessoa do plural do futuro do presente do indicativo do verbo [[sabatinar]]
{{avi-for-fle|sabatinar}}
[[Categoria:Forma verbal (Português)]]</text>
<sha1>p020p24vwlpoh7r6118gmhmwp6w2zo5</sha1>
</revision>
</page>
