<page>
<page>
<title>sabatináveis</title>
<ns>0</ns>
<id>381946</id>
<revision>
<id>2442966</id>
<parentid>2442965</parentid>
<timestamp>2017-08-10T13:02:48Z</timestamp>
<contributor>
<username>MIL973</username>
<id>41339</id>
</contributor>
<model>wikitext</model>
<format>text/x-wiki</format>
<text bytes="218" xml:space="preserve">={{-pt-}}=
==Forma verbal==
{{paroxítona|sa|ba|ti|ná|veis}}
# segunda pessoa do plural do pretérito imperfeito do indicativo do verbo [[sabatinar]]
{{avi-for-fle|sabatinar}}
[[Categoria:Forma verbal (Português)]]</text>
<sha1>et2c97o2pj7oca4yp420ljoimij89tr</sha1>
</revision>
