<page>
<title>sabatino</title>
<ns>0</ns>
<id>373462</id>
<revision>
<id>2559045</id>
<parentid>2404701</parentid>
<timestamp>2019-10-28T13:46:13Z</timestamp>
<contributor>
<username>MIL973</username>
<id>41339</id>
</contributor>
<model>wikitext</model>
<format>text/x-wiki</format>
<text bytes="815" xml:space="preserve">{{ver também|Sabatino}}
={{-pt-}}=
==Adjetivo==
{{flex.pt|ms=sabatino|mp=sabatinos|fs=sabatina|fp=sabatinas}}
{{paroxítona|sa|ba|ti|no}}, {{gramática|m}}
# relativo ao [[sábado]]
# {{escopo|pt|Cristianismo|judaísmo|religião}} relativo ao sábado judaico
==Forma verbal==
{{paroxítona|sa|ba|ti|no}}
# primeira pessoa do singular do presente do indicativo do verbo [[sabatinar]]
{{avi-for-fle|sabatinar}}
==Ver também==
===No Wikcionário===
{{colunas|2}}
* [[domingo]]
* [[dominical]]
{{colunas/fim}}
====Antropônimos====
{{colunas|2}}
* [[Sábata]]
* [[Sabatina]]
* [[Sabatino]]
* [[Sábato]]
{{colunas/fim}}
====Wikisaurus====
{{colunas|2}}
* [[Wikisaurus:religião|religião]]
* [[Wikisaurus:tempo|tempo]]
{{colunas/fim}}
[[Categoria:Adjetivo (Português)]]
[[Categoria:Forma verbal (Português)]]</text>
<sha1>fuuaqqc6bn2unpkyo5untkpyawpcot1</sha1>
</revision>
</page>
