<page>
<page>
<title>sabatinastes</title>
<ns>0</ns>
<id>381942</id>
<revision>
<id>2442958</id>
<parentid>2442957</parentid>
<timestamp>2017-08-10T12:57:31Z</timestamp>
<contributor>
<username>MIL973</username>
<id>41339</id>
</contributor>
<model>wikitext</model>
<format>text/x-wiki</format>
<text bytes="215" xml:space="preserve">={{-pt-}}=
==Forma verbal==
{{paroxítona|sa|ba|ti|nas|tes}}
# segunda pessoa do plural do pretérito perfeito do indicativo do verbo [[sabatinar]]
{{avi-for-fle|sabatinar}}
[[Categoria:Forma verbal (Português)]]</text>
<sha1>kaia0wcsb8fgxe1nt8upydf5jmiuj36</sha1>
</revision>
