<page>
<page>
<title>sabata</title>
<ns>0</ns>
<id>230014</id>
<revision>
<id>2404698</id>
<parentid>2251237</parentid>
<timestamp>2017-05-14T03:20:32Z</timestamp>
<contributor>
<username>HydrizBot</username>
<id>29590</id>
</contributor>
<minor />
<comment>Robô: A limpar links interwikis antigos</comment>
<model>wikitext</model>
<format>text/x-wiki</format>
<text bytes="203" xml:space="preserve">{{Wikipédia|lang=ca}}
={{-ca-}}=
==Substantivo==
'''sabata'''
# [[sapato]]
==Ver também==
===No Wikcionário===
* [[calçat]]
[[Categoria:Substantivo (Catalão)]]
[[Categoria:Vestuário (Catalão)]]</text>
<sha1>1jbwiys84gt9f2gse23qbl3ao4vrk52</sha1>
</revision>
