<page>
<title>sabatinarmos</title>
<ns>0</ns>
<id>381873</id>
<revision>
<id>2442785</id>
<parentid>2442784</parentid>
<timestamp>2017-08-09T00:52:00Z</timestamp>
<contributor>
<username>MIL973</username>
<id>41339</id>
</contributor>
<model>wikitext</model>
<format>text/x-wiki</format>
<text bytes="301" xml:space="preserve">={{-pt-}}=
==Forma verbal==
{{paroxítona|sa|ba|ti|nar|mos}}
# primeira pessoa do plural do futuro do {{PEPB|inline=1|conjuntivo|subjuntivo}} do verbo [[sabatinar]]
# infinitivo pessoal da primeira pessoa do plural do verbo sabatinar
{{avi-for-fle|sabatinar}}
[[Categoria:Forma verbal (Português)]]</text>
<sha1>1n9andwe63nys7hj4hb1srdtu1hfip7</sha1>
</revision>
</page>
