<page>
<title>sabatinais</title>
<ns>0</ns>
<id>381948</id>
<revision>
<id>2442970</id>
<parentid>2442969</parentid>
<timestamp>2017-08-10T13:06:04Z</timestamp>
<contributor>
<username>MIL973</username>
<id>41339</id>
</contributor>
<model>wikitext</model>
<format>text/x-wiki</format>
<text bytes="195" xml:space="preserve">={{-pt-}}=
==Forma verbal==
{{oxítona|sa|ba|ti|nais}}
# segunda pessoa plural do presente do indicativo do verbo [[sabatinar]]
{{avi-for-fle|sabatinar}}
[[Categoria:Forma verbal (Português)]]</text>
<sha1>bzh6zx3lm37gz0obpv67m4054ca1w8h</sha1>
</revision>
</page>
