<page>
<title>sabatinanda</title>
<ns>0</ns>
<id>381871</id>
<revision>
<id>2667119</id>
<parentid>2442777</parentid>
<timestamp>2022-03-21T10:12:36Z</timestamp>
<contributor>
<username>MIL973</username>
<id>41339</id>
</contributor>
<model>wikitext</model>
<format>text/x-wiki</format>
<text bytes="267" xml:space="preserve">={{-pt-}}=
==Forma de substantivo==
{{flex.pt|ms=sabatinando|mp=sabatinandos|fs=sabatinanda|fp=sabatinandas}}
{{paroxítona|sa|ba|ti|nan|da}}, {{gramática|f}}
# feminino de [[sabatinando]]
{{avi-for-fle|sabatinando}}
[[Categoria:Forma de substantivo (Português)]]</text>
<sha1>lpvcus4mpkycl68ytkvjutqio951bxg</sha1>
</revision>
</page>
