<page>
<page>
<title>sabbatum</title>
<ns>0</ns>
<id>366857</id>
<revision>
<id>2404709</id>
<parentid>2250201</parentid>
<timestamp>2017-05-14T03:20:59Z</timestamp>
<contributor>
<username>HydrizBot</username>
<id>29590</id>
</contributor>
<minor />
<comment>Robô: A limpar links interwikis antigos</comment>
<model>wikitext</model>
<format>text/x-wiki</format>
<text bytes="435" xml:space="preserve">={{-la-}}=
==Substantivo==
{{proparoxítona|lang=la|sab|ba|tum}}, {{gramática|n}}
# {{escopo|la|Dia da semana}} [[sábado]]
=={{etimologia|la}}==
{{llietimo|grc|σάββατον|la|transcr=sábbaton|ponto=não}}, e este do {{etm|he|la}} {{etimo|he|שבת}} ''(shabát)''.
=={{pronúncia|la}}==
* [[AFI]]: {{AFI|/ˈsab.ba.tum/}}
==Ver também==
* {{Wikipédia|modelo=linha|lang=la}}
{{categorias|{{nome categoria|la}}|Substantivo}}</text>
<sha1>gt84dkckryedgfeq4fipcn7fdb1sm7z</sha1>
</revision>
