<page>
<title>sabbato</title>
<ns>0</ns>
<id>239906</id>
<revision>
<id>2630293</id>
<parentid>2404708</parentid>
<timestamp>2021-04-11T03:06:00Z</timestamp>
<contributor>
<username>ValJor</username>
<id>1358</id>
</contributor>
<comment>Substituindo a [[Especial:Páginas_afluentes/Predefinição:escopoCatLang|predefinição escopoCatLang]] por escopo</comment>
<model>wikitext</model>
<format>text/x-wiki</format>
<text bytes="349" xml:space="preserve">{{Wikipédia|lang=ia}}
={{-ia-}}=
==Substantivo==
{{proparoxítona|sab|ba|to|lang=ia}}, {{gramática|m}}
# {{escopo|ia|Dia da semana}} [[sábado]]
=={{etimologia|ia}}==
{{llietimo|la|sabbatum|ia}}
=={{pronúncia|ia}}==
* [[AFI]]: {{AFI|/ˈsab.ba.to/}}
==Ver também==
===No Wikcionário===
{{semana/ia}}
[[Categoria:Substantivo (Interlíngua)]]</text>
<sha1>iajr7ci1x3hqmljd1bh7hoi6n8sg8aa</sha1>
</revision>
</page>
