<page>
<title>sabbia</title>
<ns>0</ns>
<id>319909</id>
<revision>
<id>2404710</id>
<parentid>2238849</parentid>
<timestamp>2017-05-14T03:21:04Z</timestamp>
<contributor>
<username>HydrizBot</username>
<id>29590</id>
</contributor>
<minor />
<comment>Robô: A limpar links interwikis antigos</comment>
<model>wikitext</model>
<format>text/x-wiki</format>
<text bytes="286" xml:space="preserve">{{Wikipédia|lang=it}}
={{-it-}}=
==Substantivo==
'''sabbia'''
# [[areia]]
=={{etimologia|it}}==
: Do latim vulgar ''*sabla'' e este do latim ''sabula'', plural de ''sabulum'', variante de ''sabulō''.
=={{pronúncia|it}}==
* [[AFI]]: [ˈsabbja]
[[Categoria:Substantivo (Italiano)]]</text>
<sha1>c050lybrm0psvol96gq2uze4w57cmaj</sha1>
</revision>
</page>
