<page>
<page>
<title>saberosas</title>
<ns>0</ns>
<id>388195</id>
<revision>
<id>2470204</id>
<timestamp>2017-12-13T10:53:09Z</timestamp>
<contributor>
<username>Imivorn</username>
<id>64513</id>
</contributor>
<comment>[[Ajuda:Guia de edição/Menus e ferramentas/Sumário de edição|→]] nova página: ={{-mwl-}}= ==Forma de adjetivo== {{paroxítona|sa|be|ro|sas|língua=mwl}} # plural feminino de '''saberoso...</comment>
<model>wikitext</model>
<format>text/x-wiki</format>
<text bytes="176" xml:space="preserve">={{-mwl-}}=
==Forma de adjetivo==
{{paroxítona|sa|be|ro|sas|língua=mwl}}
# plural feminino de '''[[saberoso#{{mwl}}|saberoso]]'''
[[Categoria:Forma de adjetivo (Mirandês)]]</text>
<sha1>9wjynaciug8mz6ac9990x094e7pb1mx</sha1>
</revision>
