<page>
<page>
<title>sabedorias</title>
<ns>0</ns>
<id>331856</id>
<revision>
<id>2404714</id>
<parentid>2135895</parentid>
<timestamp>2017-05-14T03:21:11Z</timestamp>
<contributor>
<username>HydrizBot</username>
<id>29590</id>
</contributor>
<minor />
<comment>Robô: A limpar links interwikis antigos</comment>
<model>wikitext</model>
<format>text/x-wiki</format>
<text bytes="175" xml:space="preserve">={{-pt-}}=
==Forma de substantivo==
{{paroxítona|sa|be|do|ri|as}}, {{f}}
# plural de [[sabedoria]]
{{avi-for-fle|sabedoria}}
[[Categoria:Forma de substantivo (Português)]]</text>
<sha1>fepdk15535m89mnl8edzg9dqev3zrub</sha1>
</revision>
