<page>
<page>
<title>Sabel</title>
<ns>0</ns>
<id>386589</id>
<revision>
<id>2465450</id>
<parentid>2465448</parentid>
<timestamp>2017-11-30T20:03:29Z</timestamp>
<contributor>
<username>Cpls</username>
<id>20608</id>
</contributor>
<comment>/* {{-gl-}} */</comment>
<model>wikitext</model>
<format>text/x-wiki</format>
<text bytes="346" xml:space="preserve">={{-gl-}}=
==Substantivo==
{{flex.gl|fs=Sabel|fp=Sabeis}}
{{oxítona|Sa|bel|lang=gl}}, {{g|f|pr|lang=gl}}
# [[hipocorístico]] do prenome [[Isabel]] ou [[Isabela]]
==={{-varort-}}===
* [[Sabela#{{gl}}|Sabela]], [[Xabel#{{gl}}|Xabel]]
=={{etimologia|gl}}==
: De [[Isabel]].
[[Categoria:Antropônimo (Galego)]]
[[Categoria:Substantivo (Galego)]]</text>
<sha1>bca946qg4reokqo3kdncfqe43o7v9uf</sha1>
</revision>
