<page>
<page>
<title>sabedories</title>
<ns>0</ns>
<id>389869</id>
<revision>
<id>2475040</id>
<timestamp>2018-01-06T18:59:03Z</timestamp>
<contributor>
<username>Imivorn</username>
<id>64513</id>
</contributor>
<comment>[[Ajuda:Guia de edição/Menus e ferramentas/Sumário de edição|→]] nova página: ={{-mwl-}}= ==Forma de substantivo== {{paroxítona|sa|be|do|ries|língua=mwl}} # plural de '''sabedorie#{{m...</comment>
<model>wikitext</model>
<format>text/x-wiki</format>
<text bytes="176" xml:space="preserve">={{-mwl-}}=
==Forma de substantivo==
{{paroxítona|sa|be|do|ries|língua=mwl}}
# plural de '''[[sabedorie#{{mwl}}|sabedorie]]'''
[[Categoria:Forma de substantivo (Mirandês)]]</text>
<sha1>nm9va3722zk8c9df90zss3ut682dbm8</sha1>
</revision>
