<page>
<page>
<title>sabenlha</title>
<ns>0</ns>
<id>395448</id>
<revision>
<id>2499256</id>
<timestamp>2018-04-26T11:35:07Z</timestamp>
<contributor>
<username>Cpls</username>
<id>20608</id>
</contributor>
<comment>[[Ajuda:Guia de edição/Menus e ferramentas/Sumário de edição|→]] nova página: ={{-gl-}}= ==Substantivo== {{flex.gl|fs=sabenlha|fp=sabenlhas}} {{paroxítona|sa|ben|lha|lang=gl}}, {{g|f|lan...</comment>
<model>wikitext</model>
<format>text/x-wiki</format>
<text bytes="471" xml:space="preserve">={{-gl-}}=
==Substantivo==
{{flex.gl|fs=sabenlha|fp=sabenlhas}}
{{paroxítona|sa|ben|lha|lang=gl}}, {{g|f|lang=gl}}
# {{escopo|gl|Peixe}} [[sável]] (''[[species:Alosa alosa|Alosa alosa]]''); mais especificamente a fêmea desta espécie
# {{escopo|gl|Peixe}} [[saboga#{{pt}}|saboga]] (''[[species:Alosa fallax|Alosa fallax]]'')
==={{-varort-}}===
* [[savenlha#{{gl}}|savenlha]]
===Sinónimos===
* Vide em [[samborca#{{gl}}|samborca]]
[[Categoria:Substantivo (Galego)]]</text>
<sha1>0y78s4wdc9pljd3r7mfegyxj7t9xm8u</sha1>
</revision>
