<page>
<title>sabela</title>
<ns>0</ns>
<id>370959</id>
<revision>
<id>2656374</id>
<parentid>2213975</parentid>
<timestamp>2021-12-29T16:36:54Z</timestamp>
<contributor>
<username>ValJor</username>
<id>1358</id>
</contributor>
<minor />
<comment>Corrigindo duplicação da preposição de</comment>
<model>wikitext</model>
<format>text/x-wiki</format>
<text bytes="420" xml:space="preserve">{{ver também|Sabela|savela}}
={{-gl-}}=
==Substantivo==
{{flex.gl|fs=sabela|fp=sabelas}}
{{paroxítona|sa|be|la|lang=gl}}, {{g|f|lang=gl}}
# [[lençol]] de [[linho]], de linho e [[lã]], de linho e [[estopa]], ou de estopa e [[lã]]
=={{etimologia|gl}}==
: {{escopo|Morfologia}} De ''[[saba#{{gl}}|saba]]'' + ''[[-elo#{{gl}}|-ela]]''. Confronte-se com ''[[sabelo#{{gl}}|sabelo]]''.
[[Categoria:Substantivo (Galego)]]</text>
<sha1>g9fzb2bnd3ybatce12dcwhyvluv74kz</sha1>
</revision>
</page>
