<page>
<title>sabelianistas</title>
<ns>0</ns>
<id>323018</id>
<revision>
<id>2466708</id>
<parentid>2041259</parentid>
<timestamp>2017-12-04T08:26:16Z</timestamp>
<contributor>
<username>MIL973</username>
<id>41339</id>
</contributor>
<model>wikitext</model>
<format>text/x-wiki</format>
<text bytes="781" xml:space="preserve">={{-pt-}}=
==Forma de adjetivo==
{{paroxítona|sa|be|li|a|nis|tas}}, {{gramática|c2gp}}
# plural de [[sabelianista]]
==Forma de substantivo==
{{paroxítona|sa|be|li|a|nis|tas}}, {{gramática|c2gp}}
# plural de [[sabelianista]]
{{avi-for-fle|sabelianista}}
[[Categoria:Forma de adjetivo (Português)]]
[[Categoria:Forma de substantivo (Português)]]
={{-es-}}=
==Forma de adjetivo==
{{paroxítona|sa|be|lia|nis|tas|lang=es}}, {{gramática|c2gp|lang=es}}
# plural de [[sabelianista#{{es}}|sabelianista]]
==Forma de substantivo==
{{paroxítona|sa|be|lia|nis|tas|lang=es}}, {{gramática|c2gp|lang=es}}
# plural de [[sabelianista#{{es}}|sabelianista]]
{{avi-for-fle|sabelianista|lang=es}}
[[Categoria:Forma de adjetivo (Espanhol)]]
[[Categoria:Forma de substantivo (Espanhol)]]</text>
<sha1>jkw0iqinvsfar33pkrgg3p8tuc04qls</sha1>
</revision>
</page>
