<page>
<page>
<title>sabedoria</title>
<ns>0</ns>
<id>12291</id>
<revision>
<id>2621236</id>
<parentid>2475041</parentid>
<timestamp>2021-02-01T23:50:21Z</timestamp>
<contributor>
<username>MarxavBot</username>
<id>80155</id>
</contributor>
<minor />
<comment>AFI Portugal</comment>
<model>wikitext</model>
<format>text/x-wiki</format>
<text bytes="1076" xml:space="preserve">{{Wikipédia}}
{{Wikiquote}}
={{-pt-}}=
==Substantivo==
{{flex.pt|fs=sabedoria|fp=sabedorias}}
{{paroxítona|sa|be|do|ri|a}}, {{gramática|f}}
# qualidade do [[sábio]]
# [[conhecimento]] [[distinto]]
# grande [[acúmulo]] de conhecimento
# [[prudência]] [[racional]]
#* ''Agiu com '''sabedoria'''.''
===Antônimos===
{{verTambém.Ini}}
* [[ignorância]]
{{verTambém.NovaColuna}}
* [[ingenuidade]]
{{verTambém.NovaColuna}}
* [[insensatez]]
{{verTambém.Fim}}
===Sinônimos===
{{verTambém.Ini}}
* [[conhecimento]]
* [[cultura]]
* [[discernimento]]
* [[erudição]]
{{verTambém.NovaColuna}}
* [[juízo]]
* [[saber]]
* [[sapiência]]
{{verTambém.Fim}}
===Tradução===
{{tradini}}
* {{trad|es|sabiduría}}
* {{trad|en|wisdom}}
{{tradmeio}}
* {{trad|la|sapientia}}
* {{trad|mwl|sabedorie}}
{{tradfim}}
=={{etimologia|pt}}==
{{llietimo|la|sapientia|pt|sabedoria}}
=={{pronúncia|pt}}==
===Portugal===
* AFI: {{AFI|/sɐ.bɨ.du.ˈɾi.ɐ/}}
==Ver também==
===No Wikcionário===
* [[sabichão]]
[[Categoria:Substantivo (Português)]]
[[Categoria:Filosofia (Português)]]</text>
<sha1>mvytzvxzq6wwrsm7szq64456f7gpb0p</sha1>
</revision>
