<page>
<title>sabedorie</title>
<ns>0</ns>
<id>389868</id>
<revision>
<id>2475039</id>
<timestamp>2018-01-06T18:58:42Z</timestamp>
<contributor>
<username>Imivorn</username>
<id>64513</id>
</contributor>
<comment>[[Ajuda:Guia de edição/Menus e ferramentas/Sumário de edição|→]] nova página: ={{-mwl-}}= ==Substantivo== {{flex.mwl|fs=sabedorie|fp=sabedories}} {{oxítona|sa|be|do|rie|língua=mwl}}, {{...</comment>
<model>wikitext</model>
<format>text/x-wiki</format>
<text bytes="167" xml:space="preserve">={{-mwl-}}=
==Substantivo==
{{flex.mwl|fs=sabedorie|fp=sabedories}}
{{oxítona|sa|be|do|rie|língua=mwl}}, {{f}}
# [[sabedoria]]
[[Categoria:Substantivo (Mirandês)]]</text>
<sha1>lfp55ajmtvnaxqugrie8ujng1kauaqm</sha1>
</revision>
</page>
