<page>
<page>
<title>sabe</title>
<ns>0</ns>
<id>75736</id>
<revision>
<id>2591876</id>
<parentid>2404711</parentid>
<timestamp>2020-07-05T22:10:48Z</timestamp>
<contributor>
<username>ValJor</username>
<id>1358</id>
</contributor>
<comment>Acrescentando código de língua à [[:Categoria:!Página com mensagem de erro em predefinição|predefinição escopo]]</comment>
<model>wikitext</model>
<format>text/x-wiki</format>
<text bytes="516" xml:space="preserve">={{-pt-}}=
==Adjetivo==
{{paroxítona|sa|be}}
# {{escopo|pt|Cabo Verde}} [[gostoso]]
# {{escopo|pt|Cabo Verde}} [[agradável]]
# {{escopo|pt|Cabo Verde}} que dá [[prazer]]
==Forma verbal==
{{paroxítona|sa|be}}
# terceira pessoa do singular do presente do indicativo do verbo [[saber]]
# segunda pessoa do singular do imperativo do verbo [[saber]]
{{avi-for-fle|saber}}
==Anagrama==
&lt;!-- índice para anagramas: pt: abes --&gt;
# [[base]]
[[Categoria:Adjetivo (Português)]]
[[Categoria:Forma verbal (Português)]]</text>
<sha1>nngx32x5u6xoic4r610tbq6lkpzfa1p</sha1>
</revision>
