<page>
<title>sabedor</title>
<ns>0</ns>
<id>115457</id>
<revision>
<id>2404712</id>
<parentid>1793160</parentid>
<timestamp>2017-05-14T03:21:08Z</timestamp>
<contributor>
<username>HydrizBot</username>
<id>29590</id>
</contributor>
<minor />
<comment>Robô: A limpar links interwikis antigos</comment>
<model>wikitext</model>
<format>text/x-wiki</format>
<text bytes="428" xml:space="preserve">={{-pt-}}=
==Adjetivo==
{{flex.pt|ms=sabedor|mp=sabedores|fs=sabedora|fp=sabedoras}}
{{oxítona|sa|be|dor}}
# o que [[saber|sabe]]
# [[erudito]]
# [[sábio]]
==Substantivo==
{{oxítona|sa|be|dor}}
# o que [[saber|sabe]]
# [[erudito]]
# [[sábio]]
=={{etimologia|pt}}==
: {{escopo|Morfologia}} [[saber]] + [[-dor]].
==Anagrama==
# [[abordar|abordes]]
[[Categoria:Adjetivo (Português)]]
[[Categoria:Substantivo (Português)]]</text>
<sha1>aa7m4doswf861wskcp2cvi5nhf6y46c</sha1>
</revision>
</page>
