<page>
<page>
<title>sabellianismo</title>
<ns>0</ns>
<id>239560</id>
<revision>
<id>2404719</id>
<parentid>2135894</parentid>
<timestamp>2017-05-14T03:21:17Z</timestamp>
<contributor>
<username>HydrizBot</username>
<id>29590</id>
</contributor>
<minor />
<comment>Robô: A limpar links interwikis antigos</comment>
<model>wikitext</model>
<format>text/x-wiki</format>
<text bytes="149" xml:space="preserve">={{-it-}}=
==Substantivo==
'''sabellianismo'''
# [[modalismo]]
{{página-automática|julho|2010|modalismo|it}}
[[Categoria:Substantivo (Italiano)]]</text>
<sha1>0wljwx9vauafxw29xtum25yeplq6asu</sha1>
</revision>
