<page>
<page>
<title>saberoso</title>
<ns>0</ns>
<id>388193</id>
<revision>
<id>2475308</id>
<parentid>2470202</parentid>
<timestamp>2018-01-07T12:20:47Z</timestamp>
<contributor>
<username>Imivorn</username>
<id>64513</id>
</contributor>
<comment>/* Adjetivo */</comment>
<model>wikitext</model>
<format>text/x-wiki</format>
<text bytes="237" xml:space="preserve">={{-mwl-}}=
==Adjetivo==
{{flex.mwl|ms=saberoso|mp=saberosos|fs=saberosa|fp=saberosas}}
{{paroxítona|sa|be|ro|so|língua=mwl}}, {{m}}
# [[saboroso]]
==={{-varort-}}===
* {{link opcional|gustoso|mwl}}
[[Categoria:Adjetivo (Mirandês)]]</text>
<sha1>lrvej4je18pp3wvzogs471w0bte69xn</sha1>
</revision>
