<page>
<title>sabeliano</title>
<ns>0</ns>
<id>319741</id>
<revision>
<id>2559058</id>
<parentid>2466709</parentid>
<timestamp>2019-10-28T13:56:06Z</timestamp>
<contributor>
<username>MIL973</username>
<id>41339</id>
</contributor>
<model>wikitext</model>
<format>text/x-wiki</format>
<text bytes="1408" xml:space="preserve">={{-pt-}}=
==Adjetivo==
{{flex.pt|ms=sabeliano|mp=sabelianos|fs=sabeliana|fp=sabelianas}}
{{paroxítona|sa|be|li|a|no}}, {{gramática|m}}
# {{escopo|pt|Religião}} relativo ao teólogo [[Sabélio]] ou ao [[sabelianismo]]
===Sinônimo===
* [[sabelianista]]
===Tradução===
{{tradini}}
* {{trad|es|sabelianista|sabeliano}}
{{tradmeio}}
{{tradfim}}
==Substantivo==
{{flex.pt|ms=sabeliano|mp=sabelianos|fs=sabeliana|fp=sabelianas}}
{{paroxítona|sa|be|li|a|no}}, {{gramática|m}}
# {{escopo|pt|Religião}} seguidor sabeliano
===Sinônimo===
* [[sabelianista]]
===Tradução===
{{tradini}}
* {{trad|es|sabeliano}}
{{tradmeio}}
{{tradfim}}
=={{etimologia|pt}}==
: {{escopo|Morfologia}} De [[Sabélio]] + [[-ano]].
==Ver também==
===No Wikcionário===
====Wikisaurus====
* [[Wikisaurus:religião|religião]]
[[Categoria:Adjetivo (Português)]]
[[Categoria:Substantivo (Português)]]
={{-es-}}=
==Adjetivo==
{{flex.es|ms=sabeliano|mp=sabelianos|fs=sabeliana|fp=sabelianas}}
{{paroxítona|sa|be|lia|no|lang=es}}, {{gramática|m|lang=es}}
# {{escopo|es|Religião}} [[sabelianista]], [[sabeliano#{{pt}}|sabeliano]]
==Substantivo==
{{flex.es|ms=sabeliano|mp=sabelianos|fs=sabeliana|fp=sabelianas}}
{{paroxítona|sa|be|lia|no|lang=es}}, {{gramática|m|lang=es}}
# {{escopo|es|Religião}} [[sabelianista]], [[sabeliano#{{pt}}|sabeliano]]
[[Categoria:Adjetivo (Espanhol)]]
[[Categoria:Substantivo (Espanhol)]]</text>
<sha1>gcaq5z5ylryarhw8osrg1kyweenmd01</sha1>
</revision>
</page>
