<page>
<page>
<title>sabelianismos</title>
<ns>0</ns>
<id>327248</id>
<revision>
<id>2466711</id>
<parentid>2404716</parentid>
<timestamp>2017-12-04T08:29:38Z</timestamp>
<contributor>
<username>MIL973</username>
<id>41339</id>
</contributor>
<model>wikitext</model>
<format>text/x-wiki</format>
<text bytes="440" xml:space="preserve">={{-pt-}}=
==Forma de substantivo==
{{paroxítona|sa|be|li|a|nis|mos}}, {{gramática|mp}}
# plural de [[sabelianismo]]
{{avi-for-fle|sabelianismo}}
[[Categoria:Forma de substantivo (Português)]]
={{-es-}}=
==Forma de substantivo==
{{paroxítona|sa|be|lia|nis|mos|lang=es}}, {{gramática|mp|lang=es}}
# plural de [[sabelianismo#{{es}}|sabelianismo]]
{{avi-for-fle|sabelianismo|lang=es}}
[[Categoria:Forma de substantivo (Português)]]</text>
<sha1>93z6q9081rzjo6m9lptcd47bf8opyqh</sha1>
</revision>
