<page>
<page>
<title>saber</title>
<ns>0</ns>
<id>13901</id>
<revision>
<id>2622184</id>
<parentid>2539004</parentid>
<timestamp>2021-02-02T02:26:00Z</timestamp>
<contributor>
<username>MarxavBot</username>
<id>80155</id>
</contributor>
<minor />
<comment>AFI Portugal</comment>
<model>wikitext</model>
<format>text/x-wiki</format>
<text bytes="3390" xml:space="preserve">={{-pt-}}=
==Substantivo==
{{oxítona|sa|ber}}
# [[conhecimento]]; aquilo que se sabe
===Antônimos===
* De '''1''' (conhecimento; aquilo que se sabe): [[dessaber]]
==Verbo==
{{oxítona|sa|ber}}
# [[conhecer]], [[ter]] [[conhecimento]] de, estar [[informado]] sobre, [[ser]] [[sabedor]]
#* ''Não queremos aprender o que '''sabemos''', não queremos nem '''saber'''.''
# ter [[sabor]] de, ter sabor semelhante a
#* ''Como é possível? Esta carne não '''sabe''' a carne!''
===Conjugação===
{{conj.pt|saber|sabendo|sabido|
sei|sabes|sabe|sabemos|sabeis|sabem|
sabia|sabias|sabia|sabíamos|sabíeis|sabiam|
soube|soubeste|soube|soubemos|soubestes|souberam|
soubera|souberas|soubera|soubéramos|soubéreis|soubéram|
saberei|saberás|saberá|saberemos|sabereis|saberão|
saberia|saberias|saberia|saberíamos|saberíeis|saberiam|
saiba|saibas|saiba|saibamos|saibais|saibam|
soubesse|soubesses|soubesse|soubéssemos|soubésseis|soubessem|
souber|souberes|souber|soubermos|souberdes|souberem|
sabe|saiba|saibamos|sabei|saibam|
não saibas|não saiba|não saibamos|não saibais|não saibam|
saber|saberes|saber|sabermos|saberdes|saberem}}
===Expressões===
* '''[[não saber á nem bê]]''': 
* '''[[sei não]]''': 
*# expressa que o emissor tem sentimento latente de desconfiança
*# expressa que o emissor não percebe como o mais acertado, a melhor das ideias 
===Tradução===
{{tradini|De 1 (ter conhecimento)}}
* {{trad|de|wissen}}
* {{trad|az|bilmək}}
* {{t|bn|জানা||jana}}
* {{trad|bg|зная}}
* {{trad|kk|білу|belü}}
* {{t|ceb|kahibalo||}}
* {{trad|cod|icua}}
* {{trad|es|saber}}
* {{trad|eo|scii}}
* {{trad|fi|tietää}}
* {{trad|fr|savoir}}
* {{trad|gl|saber}}
* {{trad|el|γνωρίζω}} (gnorízo)
* {{trad|grc|γιγνώσκω}} (gignósko), {{t+|grc|οἶδα}} (oîda)
{{tradmeio}}
* {{trad|hrx|wisse}}
* {{trad|en|know}}
* {{trad|ia|saper}}
* {{trad|it|sapere}}
* {{trad|ja|知る}}
* {{trad|la|scio|sapio}}
* {{trad|mwl|saber}}
* {{trad|fa|دانستن}}
* {{trad|sa|जानाति}}
* {{trad|th|รู้}}
* {{trad|tet|hatene}}
* {{trad|tr|bilmek}}
* {{trad|ur|جاننا}}
{{tradfim}}
{{tradini|De 2 (ter o sabor de)}}
* {{trad|en|taste like}}
{{tradmeio}}
{{tradfim}}
=={{etimologia|pt}}==
: Do infinitivo latino ''sapĕre'' (ter gosto).
=={{pronúncia|pt}}==
===Portugal===
* AFI: {{AFI|/sɐ.ˈbeɾ/}}
==Ver também==
===No Wikcionário===
{{verTambém.Ini}}
* [[aprender]]
* [[conhecer]]
* [[conhecimento]]
* [[cultura]]
{{verTambém.NovaColuna}}
* [[de cor]]
* [[enciclopédia]]
* [[escola]]
* [[especialidade]]
{{verTambém.NovaColuna}}
* [[ignorar]]
* [[iletrado]]
* [[know-how]]
* [[omnisciente]]
{{verTambém.NovaColuna}}
* [[sabedoria]]
* [[saber-fazer]]
* [[saberfazer]]
* [[semissábio]]
{{verTambém.Fim}}
==Anagramas==
# [[abres]]
# [[bares]]
# [[sabre]]
[[Categoria:Substantivo (Português)]]
[[Categoria:Verbo (Português)]]
={{-es-}}=
==Substantivo==
'''saber'''
# [[saber#Português|saber]]
==Verbo==
'''saber'''
# [[saber#Português|saber]]
==Ver também==
===No Wikcionário===
* [[bisaber]]
[[Categoria:Substantivo (Espanhol)]]
[[Categoria:Verbo (Espanhol)]]
={{-gl-}}=
==Verbo==
'''saber'''
# [[saber#Português|saber]]
[[Categoria:Verbo (Galego)]]
={{-mwl-}}=
==Verbo==
{{oxítona|sa|ber|língua=mwl}}
# [[saber#Português|saber]]
===Conjugação===
{{conj.mwl.er|sab||sáb}}
[[Categoria:Verbo (Mirandês)]]</text>
<sha1>cruxaza9cevnzlj5p3c278oidwzb09m</sha1>
</revision>
