<page>
<title>sabelianism</title>
<ns>0</ns>
<id>239596</id>
<revision>
<id>2511031</id>
<parentid>910345</parentid>
<timestamp>2018-07-16T14:05:22Z</timestamp>
<contributor>
<username>ValJor</username>
<id>1358</id>
</contributor>
<comment>Confirmando [[:Categoria:!Entrada criada por robô|verbete criado por robô]]</comment>
<model>wikitext</model>
<format>text/x-wiki</format>
<text bytes="156" xml:space="preserve">{{Wikipédia|lang=ro}}
={{-ro-}}=
==Substantivo==
'''sabelianism'''
# [[modalismo]]
[[Categoria:Substantivo (Romeno)]]
[[Categoria:Cristianismo (Romeno)]]</text>
<sha1>9nz3g83nfl7cmr7pbmo03cbp96k2bj7</sha1>
</revision>
</page>
