<page>
<page>
<title>sabelianas</title>
<ns>0</ns>
<id>327244</id>
<revision>
<id>2466700</id>
<parentid>2041262</parentid>
<timestamp>2017-12-04T08:19:56Z</timestamp>
<contributor>
<username>MIL973</username>
<id>41339</id>
</contributor>
<model>wikitext</model>
<format>text/x-wiki</format>
<text bytes="769" xml:space="preserve">={{-pt-}}=
==Forma de adjetivo==
{{paroxítona|sa|be|li|a|nas}}, {{gramática|fp}}
# feminino plural de [[sabeliano]]
==Forma de substantivo==
{{paroxítona|sa|be|li|a|nas}}, {{gramática|fp}}
# feminino plural de [[sabeliano]]
{{avi-for-fle|sabeliano}}
[[Categoria:Forma de adjetivo (Português)]]
[[Categoria:Forma de substantivo (Português)]]
={{-es-}}=
==Forma de adjetivo==
{{paroxítona|sa|be|lia|nas|lang=es}}, {{gramática|fp|lang=es}}
# feminino plural de [[sabeliano#{{es}}|sabeliano]]
==Forma de substantivo==
{{paroxítona|sa|be|lia|nas|lang=es}}, {{gramática|fp|lang=es}}
# feminino plural de [[sabeliano#{{es}}|sabeliano]]
{{avi-for-fle|sabeliano|lang=es}}
[[Categoria:Forma de adjetivo (Espanhol)]]
[[Categoria:Forma de substantivo (Espanhol)]]</text>
<sha1>boewnsei5a5cjvcihb3v89zmxznxe85</sha1>
</revision>
