<page>
<title>Sabinópolis</title>
<ns>0</ns>
<id>141349</id>
<revision>
<id>2278385</id>
<parentid>2111372</parentid>
<timestamp>2017-04-27T00:51:02Z</timestamp>
<contributor>
<username>HydrizBot</username>
<id>29590</id>
</contributor>
<minor />
<comment>Robô: A limpar links interwikis antigos</comment>
<model>wikitext</model>
<format>text/x-wiki</format>
<text bytes="267" xml:space="preserve">={{-pt-}}=
{{Wikipédia}}
==Substantivo==
'''Sabinópolis''' {{pr}}
#[[município]] [[brasileiro]] do [[estado]] de [[Minas Gerais]]
==Ver também==
*[[Apêndice:Municípios do estado de Minas Gerais]]
[[Categoria:Município do estado de Minas Gerais (Português)]]</text>
<sha1>jq4f8wvdqknahmifwvt2oiq13dregdu</sha1>
</revision>
</page>
