<page>
<title>sabido</title>
<ns>0</ns>
<id>88538</id>
<revision>
<id>2617495</id>
<parentid>2404730</parentid>
<timestamp>2021-02-01T04:04:22Z</timestamp>
<contributor>
<username>MarxavBot</username>
<id>80155</id>
</contributor>
<minor />
<comment>AFI Portugal</comment>
<model>wikitext</model>
<format>text/x-wiki</format>
<text bytes="779" xml:space="preserve">={{-pt-}}=
==Adjetivo==
{{flex.pt|ms=sabido|mp=sabidos|fs=sabida|fp=sabidas}}
{{paroxítona|sa|bi|do}}
# que se [[saber|sabe]]
# [[conhecido]]
# [[erudito]]
# [[prudente]]
# [[finório]]
# [[astuto]]
===Tradução===
{{tradini}}
* {{trad|es|sabido}}
{{tradmeio}}
* {{trad|gl|sabido}}
{{tradfim}}
===Verbetes derivados===
* [[consabido]]
=={{etimologia|pt}}==
: Particípio passado do verbo [[saber]].
=={{pronúncia|pt}}==
===Portugal===
* AFI: {{AFI|/sɐ.ˈbi.du/}}
[[Categoria:Adjetivo (Português)]]
[[Categoria:Entrada com etimologia (Português)]]
={{-es-}}=
==Adjetivo==
'''sabido'''
# [[sabido#Português|sabido]]
[[Categoria:Adjetivo (Espanhol)]]
={{-gl-}}=
==Adjetivo==
'''sabido'''
# [[sabido#Português|sabido]]
# [[gostoso]]
[[Categoria:Adjetivo (Galego)]]</text>
<sha1>d35gyvpyc9yjh8p5rnh42l3gq8fe8ou</sha1>
</revision>
</page>
