<page>
<title>sabidos</title>
<ns>0</ns>
<id>115430</id>
<revision>
<id>2404731</id>
<parentid>2175131</parentid>
<timestamp>2017-05-14T03:21:44Z</timestamp>
<contributor>
<username>HydrizBot</username>
<id>29590</id>
</contributor>
<minor />
<comment>Robô: A limpar links interwikis antigos</comment>
<model>wikitext</model>
<format>text/x-wiki</format>
<text bytes="365" xml:space="preserve">={{-pt-}}=
==Substantivo==
{{paroxítona|sa|bi|dos}}
# [[emolumento]]s, [[ordenado]]s
==Forma de substantivo==
{{paroxítona|sa|bi|dos}}
# plural de [[sabido]]
==Forma de adjetivo==
{{paroxítona|sa|bi|dos}}
# plural de [[sabido]]
[[Categoria:Substantivo (Português)]]
[[Categoria:Forma de substantivo (Português)]]
[[Categoria:Forma de adjetivo (Português)]]</text>
<sha1>cx314c8l7xo4g65f75s280d3grjx1jd</sha1>
</revision>
</page>
