<page>
<title>sabiam</title>
<ns>0</ns>
<id>107162</id>
<revision>
<id>2404725</id>
<parentid>2175123</parentid>
<timestamp>2017-05-14T03:21:34Z</timestamp>
<contributor>
<username>HydrizBot</username>
<id>29590</id>
</contributor>
<minor />
<comment>Robô: A limpar links interwikis antigos</comment>
<model>wikitext</model>
<format>text/x-wiki</format>
<text bytes="212" xml:space="preserve">={{-pt-}}=
==Forma verbal==
{{paroxítona|sa|bi|am}}
# terceira pessoa do plural do pretérito imperfeito do indicativo do verbo [[saber]]
==Anagrama==
# [[saber|saibam]]
[[Categoria:Forma verbal (Português)]]</text>
<sha1>32oh7uvbpgt2531tw1u9wdni42cixey</sha1>
</revision>
</page>
