<page>
<title>sabiá</title>
<ns>0</ns>
<id>61278</id>
<revision>
<id>2404732</id>
<parentid>2172198</parentid>
<timestamp>2017-05-14T03:21:46Z</timestamp>
<contributor>
<username>HydrizBot</username>
<id>29590</id>
</contributor>
<minor />
<comment>Robô: A limpar links interwikis antigos</comment>
<model>wikitext</model>
<format>text/x-wiki</format>
<text bytes="464" xml:space="preserve">={{-pt-}}=
{{ver também|sabia|sábia}}
==Substantivo==
{{flex.pt|s=sabiá|p=sabiás}}
'''sa.bi.&lt;u&gt;á&lt;/u&gt;''' ''comum aos dois gêneros''
# [[pássaro]] [[canoro]] do [[Brasil]]
#:''Foi lá e é ainda lá, que eu hei de ouvir cantar uma '''sabiá''', o meu '''sabiá'''''.  - &quot;Sabiá&quot;, de [[w:Tom Jobim|Tom Jobim]] e [[w:Chico Buarque|Chico Buarque]]
[[Categoria:Substantivo (Português)]]
[[Categoria:Trissílabo (Português)]]
[[Categoria:Oxítona (Português)]]</text>
<sha1>o3d0327g5p1lcv9hj8w7yqvyks99g6n</sha1>
</revision>
</page>
