<page>
<page>
<title>sabidas</title>
<ns>0</ns>
<id>106875</id>
<revision>
<id>2404729</id>
<parentid>2175128</parentid>
<timestamp>2017-05-14T03:21:39Z</timestamp>
<contributor>
<username>HydrizBot</username>
<id>29590</id>
</contributor>
<minor />
<comment>Robô: A limpar links interwikis antigos</comment>
<model>wikitext</model>
<format>text/x-wiki</format>
<text bytes="136" xml:space="preserve">={{-pt-}}=
==Forma de adjetivo==
{{paroxítona|sa|bi|das}}
# feminino plural de [[sabido]]
[[Categoria:Forma de adjetivo (Português)]]</text>
<sha1>8vq1xvse5s8n2k9kqglqcwnr47ifdmj</sha1>
</revision>
