<page>
<title>sabichão</title>
<ns>0</ns>
<id>290192</id>
<revision>
<id>2404728</id>
<parentid>2135892</parentid>
<timestamp>2017-05-14T03:21:38Z</timestamp>
<contributor>
<username>HydrizBot</username>
<id>29590</id>
</contributor>
<minor />
<comment>Robô: A limpar links interwikis antigos</comment>
<model>wikitext</model>
<format>text/x-wiki</format>
<text bytes="297" xml:space="preserve">={{-pt-}}=
==Adjetivo==
{{flex.pt|ms=sabichão|mp=sabichões|fs=sabichona|fp=sabichonas}}
{{oxítona|sa|bi|chão}}
# que alardeia [[sabedoria]]
==Substantivo==
{{oxítona|sa|bi|chão}}
# aquele que alardeia [[sabedoria]]
[[Categoria:Adjetivo (Português)]]
[[Categoria:Substantivo (Português)]]</text>
<sha1>ejlhznxfjv3trrr9e8axu6b3d36w5lc</sha1>
</revision>
</page>
