<page>
<title>sables</title>
<ns>0</ns>
<id>261575</id>
<revision>
<id>2404736</id>
<parentid>2135904</parentid>
<timestamp>2017-05-14T03:21:59Z</timestamp>
<contributor>
<username>HydrizBot</username>
<id>29590</id>
</contributor>
<minor />
<comment>Robô: A limpar links interwikis antigos</comment>
<model>wikitext</model>
<format>text/x-wiki</format>
<text bytes="429" xml:space="preserve">={{-es-}}=
==Forma de substantivo==
'''sables''', {{p}}
#plural de '''[[sable#{{es}}|sable]]'''
[[Categoria:Forma de substantivo (Espanhol)]]
={{-fr-}}=
==Forma de substantivo==
'''sables''', {{p}}
#plural de '''[[sable#{{fr}}|sable]]'''
[[Categoria:Forma de substantivo (Francês)]]
={{-en-}}=
==Forma de substantivo==
'''sables''', {{p}}
#plural de '''[[sable#{{en}}|sable]]'''
[[Categoria:Forma de substantivo (Inglês)]]</text>
<sha1>sf0dq2dp1ss5c63tpvoqjspot82fs0d</sha1>
</revision>
</page>
