<page>
<title>sablo</title>
<ns>0</ns>
<id>240787</id>
<revision>
<id>2404737</id>
<parentid>2092097</parentid>
<timestamp>2017-05-14T03:22:05Z</timestamp>
<contributor>
<username>HydrizBot</username>
<id>29590</id>
</contributor>
<minor />
<comment>Robô: A limpar links interwikis antigos</comment>
<model>wikitext</model>
<format>text/x-wiki</format>
<text bytes="507" xml:space="preserve">={{-eo-}}=
==Substantivo==
'''{{grifar|sa}}.blo'''
# [[areia]]
===Declinação===
{{decl.eo.subst}}
=={{etimologia|eo}}==
{{llietimo|fr|sable|eo}}
{{etimo.eo|sabl|-o}}
=={{pronúncia}}==
* [[AFI]]: {{AFI|/'sa.blo/}}.
===Verbetes derivados===
{{verTambém.Ini}}
* {{link opcional|sablero|eo}}
* {{link opcional|sablujo|eo}}
* {{link opcional|sablohorloĝo|eo}}
{{verTambém.Fim}}
[[Categoria:Substantivo (Esperanto)]]
[[Categoria:Dissílabo (Esperanto)]]
[[Categoria:Entrada com pronúncia (Esperanto)]]</text>
<sha1>eyl9023tuose7c67fx6z93ky2q6kigt</sha1>
</revision>
</page>
