<page>
<title>sabonete</title>
<ns>0</ns>
<id>12859</id>
<revision>
<id>2612906</id>
<parentid>2467917</parentid>
<timestamp>2021-01-31T13:18:23Z</timestamp>
<contributor>
<username>Marxav</username>
<id>73271</id>
</contributor>
<minor />
<comment>AFI Portugal</comment>
<model>wikitext</model>
<format>text/x-wiki</format>
<text bytes="443" xml:space="preserve">{{Wikipédia}}
={{-pt-}}=
==Substantivo==
{{flex.pt|ms=sabonete|mp=sabonetes}}
{{paroxítona|sa|bo|ne|te}}
# [[sabão]] aromatizado utilizado na higiene corporal
===Tradução===
{{tradini}}
* {{trad|es|jabón}}
{{tradmeio}}
* {{trad|mwl|xaboneta}}
{{tradfim}}
=={{etimologia|pt}}==
: {{escopo|Morfologia}} [[sabão]] + [[-ete]].
=={{pronúncia|pt}}==
===Portugal===
* AFI: {{AFI|/sɐ.bu.ˈne.tɨ/}}
[[Categoria:Substantivo (Português)]]</text>
<sha1>mxz7r0kean3ssej6isg0xlljy2odc3y</sha1>
</revision>
</page>
