<page>
<title>saboga</title>
<ns>0</ns>
<id>395447</id>
<revision>
<id>2499255</id>
<parentid>2499254</parentid>
<timestamp>2018-04-26T11:33:23Z</timestamp>
<contributor>
<username>Cpls</username>
<id>20608</id>
</contributor>
<model>wikitext</model>
<format>text/x-wiki</format>
<text bytes="496" xml:space="preserve">={{-gl-}}=
==Substantivo==
{{flex.gl|fs=saboga|fp=sabogas}}
{{paroxítona|sa|bo|ga|lang=gl}}, {{g|f|lang=gl}}
# {{escopo|gl|Peixe}} [[sável]] (''[[species:Alosa alosa|Alosa alosa]]''); mais especificamente a fêmea desta espécie
# {{escopo|gl|Peixe}} [[saboga#{{pt}}|saboga]] (''[[species:Alosa fallax|Alosa fallax]]'')
===Sinónimos===
* Vide em [[samborca#{{gl}}|samborca]]
=={{etimologia|gl}}==
: Aparentada com o proto-céltico ''*samos'' &quot;[[verão]]&quot;.
[[Categoria:Substantivo (Galego)]]</text>
<sha1>m8lqvq1pbqqbeol4y5n8jumlw3d38yy</sha1>
</revision>
</page>
