<page>
<title>saboroso</title>
<ns>0</ns>
<id>12860</id>
<revision>
<id>2620570</id>
<parentid>2475310</parentid>
<timestamp>2021-02-01T21:57:50Z</timestamp>
<contributor>
<username>MarxavBot</username>
<id>80155</id>
</contributor>
<minor />
<comment>AFI Portugal</comment>
<model>wikitext</model>
<format>text/x-wiki</format>
<text bytes="626" xml:space="preserve">={{-pt-}}=
==Adjetivo==
{{flex.pt|ms=saboroso|mp=saborosos|fs=saborosa|fp=saborosas|ms-div=sa.bo.&lt;u&gt;ro&lt;/u&gt;.so|mp-div=sa.bo.&lt;u&gt;ro&lt;/u&gt;.sos|fs-div=sa.bo.&lt;u&gt;ro&lt;/u&gt;.sa|fp-div=sa.bo.&lt;u&gt;ro&lt;/u&gt;.sas}}
{{paroxítona|sa|bo|ro|so}}
# que tem bom [[sabor]]
# [[agradável]] ao [[paladar]]
# [[gostoso]]; [[deleitável]]
===Tradução===
{{tradini}}
* {{trad|es|sabroso}}
* {{trad|en|tasty}}
{{tradmeio}}
* {{trad|mwl|saberoso|gustoso}}
* {{trad|ur|مزے دار }}
{{tradfim}}
=={{pronúncia|pt}}==
===Portugal===
* AFI: {{AFI|/sɐ.bu.ˈɾo.zu/}}
==Ver também==
===No Wikcionário===
* [[saborido]]
[[Categoria:Adjetivo (Português)]]</text>
<sha1>8ad4wvkwxk451xwlxbhmai0rvhlf0jv</sha1>
</revision>
</page>
