<page>
<page>
<title>sabores</title>
<ns>0</ns>
<id>100399</id>
<revision>
<id>2404744</id>
<parentid>1793183</parentid>
<timestamp>2017-05-14T03:22:20Z</timestamp>
<contributor>
<username>HydrizBot</username>
<id>29590</id>
</contributor>
<minor />
<comment>Robô: A limpar links interwikis antigos</comment>
<model>wikitext</model>
<format>text/x-wiki</format>
<text bytes="132" xml:space="preserve">={{-pt-}}=
==Forma de substantivo==
{{paroxítona|sa|bo|res}}
# plural de [[sabor]]
[[Categoria:Forma de substantivo (Português)]]</text>
<sha1>d1f20kmv0n2mnnasxb5s20avg92rftn</sha1>
</revision>
