<page>
<title>sabotador</title>
<ns>0</ns>
<id>330377</id>
<revision>
<id>2404748</id>
<parentid>1995883</parentid>
<timestamp>2017-05-14T03:22:31Z</timestamp>
<contributor>
<username>HydrizBot</username>
<id>29590</id>
</contributor>
<minor />
<comment>Robô: A limpar links interwikis antigos</comment>
<model>wikitext</model>
<format>text/x-wiki</format>
<text bytes="404" xml:space="preserve">={{-pt-}}=
==Adjetivo==
{{flex.pt|ms=sabotador|mp=sabotadores|fs=sabotadora|fp=sabotadoras}}
{{oxítona|sa|bo|ta|dor}}, {{m}}
# que [[sabotar|sabota]]
==Substantivo==
{{oxítona|sa|bo|ta|dor}}, {{m}}
# [[pessoa]] sabotadora
=={{etimologia|pt}}==
: {{escopo|Morfologia}} [[sabotar]] + [[-dor]].
[[Categoria:Adjetivo (Português)]]
[[Categoria:Substantivo (Português)]]
[[Categoria:Crime (Português)]]</text>
<sha1>qxggy9fprd5k1ia8hhpi5mupjp4t09z</sha1>
</revision>
</page>
