<page>
<page>
<title>saboca</title>
<ns>0</ns>
<id>395446</id>
<revision>
<id>2499253</id>
<timestamp>2018-04-26T11:31:31Z</timestamp>
<contributor>
<username>Cpls</username>
<id>20608</id>
</contributor>
<comment>[[Ajuda:Guia de edição/Menus e ferramentas/Sumário de edição|→]] nova página: ={{-gl-}}= ==Substantivo== {{flex.gl|fs=saboca|fp=sabocas}} {{paroxítona|sa|bo|ca|lang=gl}}, {{g|f|lang=gl}}...</comment>
<model>wikitext</model>
<format>text/x-wiki</format>
<text bytes="482" xml:space="preserve">={{-gl-}}=
==Substantivo==
{{flex.gl|fs=saboca|fp=sabocas}}
{{paroxítona|sa|bo|ca|lang=gl}}, {{g|f|lang=gl}}
# {{escopo|gl|Peixe}} [[sável]] (''[[species:Alosa alosa|Alosa alosa]]''); mais especificamente a fêmea desta espécie
# {{escopo|gl|Peixe}} [[saboga]] (''[[species:Alosa fallax|Alosa fallax]]'')
===Sinónimos===
* Vide em [[samborca#{{gl}}|samborca]]
=={{etimologia|gl}}==
: Aparentada com o proto-céltico ''*samos'' &quot;[[verão]]&quot;.
[[Categoria:Substantivo (Galego)]]</text>
<sha1>r0kuxzzionzhinxf1z29avplqytyd60</sha1>
</revision>
