<page>
<page>
<title>Saboeiro</title>
<ns>0</ns>
<id>138023</id>
<revision>
<id>2278386</id>
<parentid>1196162</parentid>
<timestamp>2017-04-27T00:51:04Z</timestamp>
<contributor>
<username>HydrizBot</username>
<id>29590</id>
</contributor>
<minor />
<comment>Robô: A limpar links interwikis antigos</comment>
<model>wikitext</model>
<format>text/x-wiki</format>
<text bytes="245" xml:space="preserve">={{-pt-}}=
{{Wikipédia}}
==Substantivo==
'''Saboeiro''' {{pr}}
#[[município]] [[brasileiro]] do [[estado]] do [[Ceará]]
==Ver também==
*[[Apêndice:Municípios do estado do Ceará]]
[[Categoria:Município do estado do Ceará (Português)]]</text>
<sha1>fwh907smk57mao3gq57lyaxpaqzbxov</sha1>
</revision>
