<page>
<page>
<title>sabotagem</title>
<ns>0</ns>
<id>319205</id>
<revision>
<id>2614689</id>
<parentid>2404749</parentid>
<timestamp>2021-01-31T19:26:04Z</timestamp>
<contributor>
<username>Marxav</username>
<id>73271</id>
</contributor>
<minor />
<comment>AFI Portugal</comment>
<model>wikitext</model>
<format>text/x-wiki</format>
<text bytes="428" xml:space="preserve">={{-pt-}}=
==Substantivo==
{{flex.pt|fs=sabotagem|fp=sabotagens}}
{{paroxítona|sa|bo|ta|gem}}, {{f}}
# [[ato]] de [[sabotar]]
=={{etimologia|pt}}==
: Do [[francês]] ''[[sabotage]]''.
=={{pronúncia|pt}}==
===Portugal===
* AFI: {{AFI|/sɐ.bu.ˈta.ʒɐ̃j̃/}}
==Ver também==
===No Wikcionário===
{{verTambém.Ini}}
* [[sabotador]]
{{verTambém.Fim}}
[[Categoria:Substantivo (Português)]]
[[Categoria:Crime (Português)]]</text>
<sha1>kl5tdvmtsd41432xeveewxnazr7j9y1</sha1>
</revision>
