<page>
<title>sabot</title>
<ns>0</ns>
<id>52673</id>
<revision>
<id>2527244</id>
<parentid>2404747</parentid>
<timestamp>2018-11-25T10:05:18Z</timestamp>
<contributor>
<username>ValJor</username>
<id>1358</id>
</contributor>
<comment>Um verbete a menos usando a [[Predefinição:flex.fr.mf.reg|predefinição flex.fr.mf.reg]]</comment>
<model>wikitext</model>
<format>text/x-wiki</format>
<text bytes="262" xml:space="preserve">{{Wikipédia|lang=fr}}
={{-fr-}}=
==Substantivo==
{{flex.fr|ms=sabot|mp=sabots}}
'''sabot''', {{gramática|m}}
# [[tamanco]], [[sapato]]
# [[casco]] de cavalo e outros animais
# [[instrumento]] musical ruim
# [[navio]] ruim
[[Categoria:Substantivo (Francês)]]</text>
<sha1>t76zbs399rqe6jja5eerwmqqbufg18u</sha1>
</revision>
</page>
