<page>
<title>sabotar</title>
<ns>0</ns>
<id>319206</id>
<revision>
<id>2621486</id>
<parentid>2404751</parentid>
<timestamp>2021-02-02T00:34:03Z</timestamp>
<contributor>
<username>MarxavBot</username>
<id>80155</id>
</contributor>
<minor />
<comment>AFI Portugal</comment>
<model>wikitext</model>
<format>text/x-wiki</format>
<text bytes="371" xml:space="preserve">={{-pt-}}=
==Verbo==
{{oxítona|sa|bo|tar}}, {{gramática|vtd}}
# [[alterar]] criminosamente algo
===Conjugação===
{{conj/pt|sabot|ar}}
===Verbetes derivados===
* [[sabotagem]]
=={{etimologia|pt}}==
: {{escopo|Morfologia}} Do [[francês]] ''[[sabot]]'' + [[-ar]].
=={{pronúncia|pt}}==
===Portugal===
* AFI: {{AFI|/sɐ.bu.ˈtaɾ/}}
[[Categoria:Verbo (Português)]]</text>
<sha1>5j5m3o9ewbdwyvnvja2ogax39vgjh9c</sha1>
</revision>
</page>
