<page>
<page>
<title>saborido</title>
<ns>0</ns>
<id>327398</id>
<revision>
<id>2534019</id>
<parentid>1839171</parentid>
<timestamp>2019-01-24T22:18:47Z</timestamp>
<contributor>
<username>Cpls</username>
<id>20608</id>
</contributor>
<model>wikitext</model>
<format>text/x-wiki</format>
<text bytes="670" xml:space="preserve">={{-pt-}}=
== Adjetivo ==
{{flex.pt|saborido|saboridos|saborida|saboridas}}
{{paroxítona|sa|bo|ri|do}}
# {{escopo|pt|Trás-os-Montes}} que tem bom [[sabor]]
===Sinônimo===
* [[saboroso]]
=={{etimologia|pt}}==
: {{escopo|Morfologia}} De ''[[sabor]]'' + ''[[-ido]]''.
[[Categoria:Adjetivo (Português)]]
={{-gl-}}=
== Adjetivo ==
{{flex.gl|saborido|saboridos|saborida|saboridas}}
{{paroxítona|sa|bo|ri|do|lang=gl}}
# [[saborido#{{pt}}|saborido]]
===Sinônimos===
* [[sabedeiro#{{gl}}|sabedeiro]], [[saboroso#{{gl}}|saboroso]]
=={{etimologia|gl}}==
: {{escopo|Morfologia}} De ''[[sabor#{{gl}}|sabor]]'' + ''[[-ido#{{gl}}|-ido]]''.
[[Categoria:Adjetivo (Galego)]]</text>
<sha1>ft80cld3js42opqoeu8kynnjn9z162w</sha1>
</revision>
