<page>
<title>sabotadoras</title>
<ns>0</ns>
<id>330378</id>
<revision>
<id>1856147</id>
<parentid>1856146</parentid>
<timestamp>2014-09-09T13:26:43Z</timestamp>
<contributor>
<username>MIL973</username>
<id>41339</id>
</contributor>
<minor />
<comment>adicionou [[Categoria:Forma de substantivo (Português)]] usando [[Wikcionário:HotCat|HotCat]]</comment>
<model>wikitext</model>
<format>text/x-wiki</format>
<text bytes="343" xml:space="preserve">={{-pt-}}=
==Forma de adjetivo==
{{paroxítona|sa|bo|ta|do|ras}}, {{f}}
# [[feminino]] [[plural]] de [[sabotador]]
==Forma de substantivo==
{{paroxítona|sa|bo|ta|do|ras}}, {{f}}
# [[feminino]] [[plural]] de [[sabotador]]
{{avi-for-fle|sabotador}}
[[Categoria:Forma de adjetivo (Português)]]
[[Categoria:Forma de substantivo (Português)]]</text>
<sha1>57j7rd0m0pt1wqgy9up03ca4k3lsv0m</sha1>
</revision>
</page>
