<page>
<page>
<title>sabom</title>
<ns>0</ns>
<id>6186</id>
<revision>
<id>2404740</id>
<parentid>1613442</parentid>
<timestamp>2017-05-14T03:22:10Z</timestamp>
<contributor>
<username>HydrizBot</username>
<id>29590</id>
</contributor>
<minor />
<comment>Robô: A limpar links interwikis antigos</comment>
<model>wikitext</model>
<format>text/x-wiki</format>
<text bytes="238" xml:space="preserve">={{-kea-}}=
[[Imagem:E-II-R-soap.jpg|thumb|100px|'''Sabom''']]
==Substantivo==
'''sa.bom'''
# [[sabão]].
[[Categoria:Substantivo (Cabo-verdiano)]]
[[Categoria:Dissílabo (Cabo-verdiano)]]
[[Categoria:Entrada com imagem (Cabo-verdiano)]]</text>
<sha1>a789gfaf4vjjl0qoeewwoceshvat9za</sha1>
</revision>
