<page>
<page>
<title>Sabrinas</title>
<ns>0</ns>
<id>335108</id>
<revision>
<id>2463173</id>
<parentid>1887383</parentid>
<timestamp>2017-11-27T00:57:00Z</timestamp>
<contributor>
<username>MIL973</username>
<id>41339</id>
</contributor>
<model>wikitext</model>
<format>text/x-wiki</format>
<text bytes="182" xml:space="preserve">={{-pt-}}=
==Forma de substantivo==
{{paroxítona|Sa|bri|nas}}, {{gramática|pr|fp}}
# plural de [[Sabrina]]
{{avi-for-fle|Sabrina}}
[[Categoria:Forma de substantivo (Português)]]</text>
<sha1>5zo2gioyj7x2agmbrnmghg2n6u9af1d</sha1>
</revision>
