<page>
<page>
<title>Sabrino</title>
<ns>0</ns>
<id>335106</id>
<revision>
<id>2559061</id>
<parentid>2463174</parentid>
<timestamp>2019-10-28T13:58:18Z</timestamp>
<contributor>
<username>MIL973</username>
<id>41339</id>
</contributor>
<model>wikitext</model>
<format>text/x-wiki</format>
<text bytes="335" xml:space="preserve">={{-pt-}}=
==Substantivo==
{{flex.pt|ms=Sabrino|mp=Sabrinos}}
{{paroxítona|Sa|bri|no}}, {{gramática|pr|m}}
# {{escopo|pt|Antropônimo}} [[Apêndice:Prenomes em português|prenome]] masculino
==Ver também==
===No Wikcionário===
====Antropônimos====
* [[Sabrina]]
==Anagrama==
# [[rabinos]]
[[Categoria:Substantivo (Português)]]</text>
<sha1>0m3wrrtsh6bmwbtbhecdtaahkof4oox</sha1>
</revision>
