<page>
<page>
<title>sabrosense</title>
<ns>0</ns>
<id>59470</id>
<revision>
<id>1473039</id>
<parentid>1187863</parentid>
<timestamp>2012-10-02T15:50:51Z</timestamp>
<contributor>
<username>ValJor</username>
<id>1358</id>
</contributor>
<comment>Separando adjetivo de substantivo</comment>
<model>wikitext</model>
<format>text/x-wiki</format>
<text bytes="348" xml:space="preserve">={{-pt-}}=
==Adjetivo==
{{flex.pt|s=sabrosense|p=sabrosenses}}
{{paroxítona|sa|bro|sen|se}}
# de ou relativo a [[Sabrosa]], vila de Vila Real (Portugal)
==Substantivo==
{{paroxítona|sa|bro|sen|se}}
# habitante ou natural de Sabrosa
[[Categoria:Adjetivo (Português)]]
[[Categoria:Substantivo (Português)]]
[[Categoria:Gentílico (Português)]]</text>
<sha1>2c1w2qi43s2a1ifhh22j9brui1a3bv7</sha1>
</revision>
