<page>
<title>Sabrinos</title>
<ns>0</ns>
<id>335107</id>
<revision>
<id>2463175</id>
<parentid>1887381</parentid>
<timestamp>2017-11-27T00:58:05Z</timestamp>
<contributor>
<username>MIL973</username>
<id>41339</id>
</contributor>
<model>wikitext</model>
<format>text/x-wiki</format>
<text bytes="182" xml:space="preserve">={{-pt-}}=
==Forma de substantivo==
{{paroxítona|Sa|bri|nos}}, {{gramática|pr|mp}}
# plural de [[Sabrino]]
{{avi-for-fle|Sabrino}}
[[Categoria:Forma de substantivo (Português)]]</text>
<sha1>b5j7cr7kxgr9atzjp6y8h9a99araykq</sha1>
</revision>
</page>
