<page>
<title>sabregoso</title>
<ns>0</ns>
<id>423381</id>
<revision>
<id>2586840</id>
<timestamp>2020-04-30T20:39:42Z</timestamp>
<contributor>
<username>Cpls</username>
<id>20608</id>
</contributor>
<comment>[[Ajuda:Guia de edição/Menus e ferramentas/Sumário de edição|→]] nova página: ={{-gl-}}= ==Adjetivo== {{flex.gl|ms=sabregoso|mp=sabregosos|fs=sabregosa|fp=sabregosas}} {{paroxítona|sa|br...</comment>
<model>wikitext</model>
<format>text/x-wiki</format>
<text bytes="374" xml:space="preserve">={{-gl-}}=
==Adjetivo==
{{flex.gl|ms=sabregoso|mp=sabregosos|fs=sabregosa|fp=sabregosas}}
{{paroxítona|sa|bre|go|so|lang=gl}}
# que tem [[saibro]]; que é de saibro, areoso
===Sinónimos===
* Vide em [[xabrento#{{gl}}|xabrento]]
=={{etimologia|gl}}==
: {{escopo|Morfologia}} De ''[[sábrego#{{gl}}|sábrego]]'' + ''[[-oso#{{gl}}|-oso]]''.
[[Categoria:Adjetivo (Galego)]]</text>
<sha1>ov96hwkmy9yemmsxfuxogbj89j92svo</sha1>
</revision>
</page>
