<page>
<title>sabra</title>
<ns>0</ns>
<id>290093</id>
<revision>
<id>2404752</id>
<parentid>2036399</parentid>
<timestamp>2017-05-14T03:22:39Z</timestamp>
<contributor>
<username>HydrizBot</username>
<id>29590</id>
</contributor>
<minor />
<comment>Robô: A limpar links interwikis antigos</comment>
<model>wikitext</model>
<format>text/x-wiki</format>
<text bytes="399" xml:space="preserve">{{Wikipédia}}
={{-pt-}}=
==Substantivo==
{{flex.pt|fs=sabra|fp=sabras}}
{{paroxítona|sa|bra}}
# [[fruta]] que se parece com uma [[cereja]]
===Sinônimos===
{{verTambém.Ini}}
* [[libua]]
{{verTambém.NovaColuna}}
* [[sabras]]
{{verTambém.NovaColuna}}
* [[saibro]]
{{verTambém.Fim}}
==Anagramas==
# [[abras]]
# [[brasa]]
[[Categoria:Substantivo (Português)]]
[[Categoria:Fruta (Português)]]</text>
<sha1>30nuo2hn4s3vrb0o03ks1ayojt3xwng</sha1>
</revision>
</page>
