<page>
<title>sabroso</title>
<ns>0</ns>
<id>347918</id>
<revision>
<id>2686926</id>
<parentid>2404755</parentid>
<timestamp>2022-08-23T08:34:38Z</timestamp>
<contributor>
<username>ValJor</username>
<id>1358</id>
</contributor>
<comment>Substituindo a [[Especial:Páginas_afluentes/Predefinição:escopoCat|predefinição escopoCat]] por escopo</comment>
<model>wikitext</model>
<format>text/x-wiki</format>
<text bytes="256" xml:space="preserve">={{-gl-}}=
==Substantivo==
{{flex.gl|ms=sabroso|mp=sabrosos}}
{{paroxítona|sa|bro|so|lang=gl}}, {{gramática|m}}
# {{escopo|gl|Peixe}} [[enguia]]
==={{PEPB|Sinónimos|Sinônimos|inline=1}}===
* [[anguia#{{gl}}|anguia]]
[[Categoria:Substantivo (Galego)]]</text>
<sha1>365vz6p69ytuaphsyopfqlx52hbzmp6</sha1>
</revision>
</page>
