<page>
<title>sabraka</title>
<ns>0</ns>
<id>62421</id>
<revision>
<id>2404753</id>
<parentid>2252290</parentid>
<timestamp>2017-05-14T03:22:41Z</timestamp>
<contributor>
<username>HydrizBot</username>
<id>29590</id>
</contributor>
<minor />
<comment>Robô: A limpar links interwikis antigos</comment>
<model>wikitext</model>
<format>text/x-wiki</format>
<text bytes="120" xml:space="preserve">={{-tet-}}=
==Substantivo==
'''sabraka'''
# [[laranja]]
[[Categoria:Substantivo (Tétum)]]
[[Categoria:Fruta (Tétum)]]</text>
<sha1>8cq3fuv8pfgpc9i6x185l9wi0l2ojaa</sha1>
</revision>
</page>
