<page>
<page>
<title>sabredo</title>
<ns>0</ns>
<id>329761</id>
<revision>
<id>2224960</id>
<parentid>1850824</parentid>
<timestamp>2017-01-18T09:35:19Z</timestamp>
<contributor>
<username>Cpls</username>
<id>20608</id>
</contributor>
<comment>/* Sinônimos */</comment>
<model>wikitext</model>
<format>text/x-wiki</format>
<text bytes="470" xml:space="preserve">={{-gl-}}=
==Substantivo==
{{flex.gl|ms=sabredo|mp=sabredos}}
{{paroxítona|sa|bre|do|lang=gl}}, {{m}}
# [[terreno]] de pouca fundura de terra, de muita [[areia]] grossa, inadequado para a [[lavra]]
===Variantes===
* [[sagredo#Galego|sagredo]]
===Sinônimos===
* [[sartão#Galego|sartão]]
=={{etimologia|gl}}==
: {{escopo|Morfologia}} Variante de ''[[xabredo#Galego|xabredo]]''.
==Ver também==
===No Wikcionário===
* [[saibro]]
[[Categoria:Substantivo (Galego)]]</text>
<sha1>h3lwuvhe5o4xdkvtcn5netd35hjnlls</sha1>
</revision>
