<page>
<title>Sabrosa</title>
<ns>0</ns>
<id>146778</id>
<revision>
<id>2641788</id>
<parentid>2278388</parentid>
<timestamp>2021-07-09T09:52:27Z</timestamp>
<contributor>
<username>ValJor</username>
<id>1358</id>
</contributor>
<comment>Desfazendo ligação para redirecionamento para poder eliminá-lo em seguida</comment>
<model>wikitext</model>
<format>text/x-wiki</format>
<text bytes="351" xml:space="preserve">{{Wikipédia|lang=pt}}
={{-pt-}}=
==Substantivo==
{{paroxítona|Sa|bro|sa}}, {{gramática|pr}}
# [[município]] [[português]] do [[distrito]] de [[Vila Real]]
==Ver também==
===No Wikcionário===
* [[Apêndice:Gentílicos e topónimos em português/Portugal]]
[[Categoria:Substantivo (Português)]]
[[Categoria:Concelho de Portugal (Português)]]</text>
<sha1>5s9zz6me0urcx1rknmw9vdq26ll5ta9</sha1>
</revision>
</page>
