<page>
<page>
<title>sabugal</title>
<ns>0</ns>
<id>405973</id>
<revision>
<id>2534158</id>
<timestamp>2019-01-26T20:19:16Z</timestamp>
<contributor>
<username>Cpls</username>
<id>20608</id>
</contributor>
<comment>[[Ajuda:Guia de edição/Menus e ferramentas/Sumário de edição|→]] nova página: {{ver também|Sabugal}}  = {{-pt-}} = ==Substantivo== {{flex.pt|ms=sabugal|mp=sabugais}} {{oxítona|sa|bu|gal...</comment>
<model>wikitext</model>
<format>text/x-wiki</format>
<text bytes="307" xml:space="preserve">{{ver também|Sabugal}}
= {{-pt-}} =
==Substantivo==
{{flex.pt|ms=sabugal|mp=sabugais}}
{{oxítona|sa|bu|gal}}, {{g|m}}
# {{escopo|pt|Botânica}} lugar onde [[medrar|medram]] [[sabugo]]s
=={{etimologia|pt}}==
: {{escopo|Morfologia}} De ''[[sabugo]]'' + ''[[-al]]''.
[[Categoria:Substantivo (Português)]]</text>
<sha1>5aevvtskm2y5s6hcqedpcrp5x0aodhg</sha1>
</revision>
