<page>
<page>
<title>sabura</title>
<ns>0</ns>
<id>171030</id>
<revision>
<id>2591849</id>
<parentid>2404761</parentid>
<timestamp>2020-07-05T11:11:38Z</timestamp>
<contributor>
<username>ValJor</username>
<id>1358</id>
</contributor>
<comment>Acrescentando código de língua à [[:Categoria:!Página com mensagem de erro em predefinição|predefinição escopo]]</comment>
<model>wikitext</model>
<format>text/x-wiki</format>
<text bytes="377" xml:space="preserve">{{confundir|saburá}}
={{-pt-}}=
==Substantivo==
{{flex.pt|fs=sabura|fp=saburas}}
{{paroxítona|sa|bu|ra}}, {{gramática|f}}
# {{escopo|pt|Cabo Verde}} tempo [[aprazível]], de alegria; [[divertimento]]
==Ligações externas==
* {{DPLP}}
* {{Infopédia}}
* {{PLP}}
==Anagrama==
&lt;!-- índice para anagramas: pt: aabrsu --&gt;
# [[abusar]]
[[Categoria:Substantivo (Português)]]</text>
<sha1>c1pw0r2vrhcbrvhk94ymrzxrskxettk</sha1>
</revision>
