<page>
<page>
<title>sabugo</title>
<ns>0</ns>
<id>312000</id>
<revision>
<id>2619013</id>
<parentid>2404758</parentid>
<timestamp>2021-02-01T17:31:55Z</timestamp>
<contributor>
<username>MarxavBot</username>
<id>80155</id>
</contributor>
<minor />
<comment>AFI Portugal</comment>
<model>wikitext</model>
<format>text/x-wiki</format>
<text bytes="1009" xml:space="preserve">={{-pt-}}=
==Substantivo==
{{flex.pt|ms=sabugo|mp=sabugos}}
{{paroxítona|sa|bu|go}}, {{g|m}}
# {{escopo|pt|Árvore}} o mesmo que [[sabugueiro]], arbusto que pode chegar quase a árvore da espécie ''[[wikispecies:Sambucus nigra|Sambucus nigra]]
# parte [[esponjoso|esponjosa]] interna dos ramos velhos da planta do [[sabugueiro]], por analogia qualquer matéria esponjosa ou mole interna
# [[carolo]] do milho
# parte interna debaixo da [[unha]] nos dedos
# nos [[chifre]]s, tecido [[interior]] baixo a parte dura [[córneo|córnea]]
# [[medula]] do [[osso]], sobretudo referido aos animais, ao [[porco]]
# no [[rabo]] dos [[bovídeo]]s, parte onde nascem as [[cerda]]s
=={{etimologia|pt}}==
: Do latim ''sambucus'' ou ''sabucus''
=={{pronúncia|pt}}==
===Portugal===
* AFI: {{AFI|/sɐ.ˈbu.ɡu/}}
==Ver também==
===No Wikcionário===
{{verTambém.Ini}}
* [[sâmago]]
{{verTambém.NovaColuna}}
* [[saúco]]
{{verTambém.Fim}}
[[Categoria:Substantivo (Português)]]
[[Categoria:Botânica (Português)]]</text>
<sha1>3beph24545ptmlymxebl2n7cjpnkbt6</sha1>
</revision>
