<page>
<page>
<title>sabugalense</title>
<ns>0</ns>
<id>59471</id>
<revision>
<id>1473034</id>
<parentid>1187864</parentid>
<timestamp>2012-10-02T15:39:08Z</timestamp>
<contributor>
<username>ValJor</username>
<id>1358</id>
</contributor>
<comment>Separando adjetivo de substantivo</comment>
<model>wikitext</model>
<format>text/x-wiki</format>
<text bytes="353" xml:space="preserve">={{-pt-}}=
==Adjetivo==
{{flex.pt|s=sabugalense|p=sabugalenses}}
{{paroxítona|sa|bu|ga|len|se}}
# de ou relativo a [[Sabugal]], cidade da Guarda (Portugal)
==Substantivo==
{{paroxítona|sa|bu|ga|len|se}}
# habitante ou natural de Sabugal
[[Categoria:Adjetivo (Português)]]
[[Categoria:Substantivo (Português)]]
[[Categoria:Gentílico (Português)]]</text>
<sha1>bm2qsvzv0uif0370rzvdvj10xsyo44f</sha1>
</revision>
