<page>
<page>
<title>sabu</title>
<ns>0</ns>
<id>251346</id>
<revision>
<id>2404757</id>
<parentid>1959912</parentid>
<timestamp>2017-05-14T03:22:53Z</timestamp>
<contributor>
<username>HydrizBot</username>
<id>29590</id>
</contributor>
<minor />
<comment>Robô: A limpar links interwikis antigos</comment>
<model>wikitext</model>
<format>text/x-wiki</format>
<text bytes="307" xml:space="preserve">={{-pt-}}=
==Substantivo==
'''sabu''', {{m}}
#idioma malaio-polinésio falado na Ilha Savu, Indonésia.
===Sinônimos===
*[[savu]]
===Tradução===
{{tradini}}
*{{trad|en|Sabu|Savu}}
{{tradmeio}}
*{{trad|li|Savoenisj}}
{{tradfim}}
[[Categoria:Língua (Português)]]
[[Categoria:Substantivo (Português)]]</text>
<sha1>4rw4bec8397yeenvsxqnee6nkbithla</sha1>
</revision>
