<page>
<title>Sabugal</title>
<ns>0</ns>
<id>298783</id>
<revision>
<id>2534157</id>
<parentid>2278389</parentid>
<timestamp>2019-01-26T20:19:10Z</timestamp>
<contributor>
<username>Cpls</username>
<id>20608</id>
</contributor>
<model>wikitext</model>
<format>text/x-wiki</format>
<text bytes="432" xml:space="preserve">{{ver também|sabugal}}
{{Wikipédia}}
= {{-pt-}} =
==Substantivo==
'''Sabugal''' {{g|pr}}
# [[cidade]] [[português|portuguesa]]
===Tradução===
{{tradini}}
{{tradfim}}
=={{pronúncia|pt}}==
{{AFI|/sɐβuˈɣaɫ/|pt}}
{{áudio|Pt-pt Sabugal FF.ogg|Português (PT)|/sɐβuˈɣaɫ/}}
==Ver também==
*[[w:Anexo:Lista de concelhos por NUTS]]
[[Categoria:Concelho de Portugal (Português)]]
[[Categoria:Substantivo (Português)]]</text>
<sha1>bxm2zgfcjio14cztoifw8yernr6dkfh</sha1>
</revision>
</page>
