<page>
<title>sabugueiro</title>
<ns>0</ns>
<id>251395</id>
<revision>
<id>2651740</id>
<parentid>2470300</parentid>
<timestamp>2021-11-08T18:01:55Z</timestamp>
<contributor>
<username>Frank C. Müller</username>
<id>19551</id>
</contributor>
<comment>+ trad de.</comment>
<model>wikitext</model>
<format>text/x-wiki</format>
<text bytes="996" xml:space="preserve">{{Wikipédia}}
={{-pt-}}=
==Substantivo==
{{flex.pt|ms=sabugueiro|mp=sabugueiros}}
{{paroxítona|sa|bu|guei|ro}}, {{m}}
# {{escopo|pt|planta}} arbusto que pode chegar a ser árvore, da espécie ''[[wikispecies:Sambucus nigra|Sambucus nigra]]'', de flores brancas em [[umbela]] e [[fruto]]s vermelhos, quase negros quando maduros, a sua rama tem um miolo esponjoso
===Sinônimos===
{{verTambém.Ini}}
* {{escopo2|galiza}} [[bieiteiro]]
{{verTambém.NovaColuna}}
* [[sabugo]]
{{verTambém.Fim}}
===Tradução===
{{tradini|1. (Botânica) arbusto que pode chegar a ser árvore, da espécie Sambucus nigra}}
* {{t|de|Holunder|m}}, {{xlatio|de|Holunderstrauch|''m.''}}
{{tradmeio}}
* {{trad|en|elder}}
{{tradfim}}
=={{etimologia|pt}}==
{{llietimo|la|sambucus|pt|ponto=não}}, por sua vez do grego {{etimo|grc|σαμβύκη}}, nome de uma [[flauta]].
=={{pronúncia|pt}}==
*[[AFI]]: {{AFI|/sɜbuˈgɜiru/|pt}} 
==Ver também==
===No Wikcionário===
* [[saúco]]
[[Categoria:Substantivo (Português)]]</text>
<sha1>rhxju1p24j89rsbrgfmw6yv7q3tw9tu</sha1>
</revision>
</page>
