<page>
<page>
<title>Sabáudia</title>
<ns>0</ns>
<id>140223</id>
<revision>
<id>2278390</id>
<parentid>1198191</parentid>
<timestamp>2017-04-27T00:51:13Z</timestamp>
<contributor>
<username>HydrizBot</username>
<id>29590</id>
</contributor>
<minor />
<comment>Robô: A limpar links interwikis antigos</comment>
<model>wikitext</model>
<format>text/x-wiki</format>
<text bytes="249" xml:space="preserve">={{-pt-}}=
{{Wikipédia}}
==Substantivo==
'''Sabáudia''' {{pr}}
#[[município]] [[brasileiro]] do [[estado]] do [[Paraná]]
==Ver também==
*[[Apêndice:Municípios do estado do Paraná]]
[[Categoria:Município do estado do Paraná (Português)]]</text>
<sha1>5zbptu6ta93dwbd03qcy4u3mzrx1o4b</sha1>
</revision>
