<page>
<page>
<title>sabá</title>
<ns>0</ns>
<id>252793</id>
<revision>
<id>2404762</id>
<parentid>2260541</parentid>
<timestamp>2017-05-14T03:23:01Z</timestamp>
<contributor>
<username>HydrizBot</username>
<id>29590</id>
</contributor>
<minor />
<comment>Robô: A limpar links interwikis antigos</comment>
<model>wikitext</model>
<format>text/x-wiki</format>
<text bytes="636" xml:space="preserve">{{Wikipédia}}
={{-pt-}}=
==Substantivo==
{{flex.pt|ms=sabá|mp=sabás}}
{{oxítona|sa|bá}}
# [[dia]] [[semanal]] de [[descanso]] e/ou tempo de [[adoração]] que é observado em diversas [[crença]]s
===Tradução===
{{tradini}}
* {{trad|de|Sabbat}}
* {{trad|ko|안식일}}
* {{trad|fr|sabbat}}
* {{trad|nl|sabbat}}
{{tradmeio}}
* {{trad|en|sabbath}}
* {{trad|ja|安息日}}
* {{trad|sv|sabbat}}
{{tradfim}}
=={{etimologia|pt}}==
: Do hebraico shabat (שבת), ([[cessar]]).
==Ver também==
===No Wikcionário===
* [[parasceve]]
==Anagrama==
# [[aba]]s
[[Categoria:Substantivo (Português)]]
[[Categoria:Judaísmo (Português)]]</text>
<sha1>ihc3itbwynhhmbfv09k101t2r8avifr</sha1>
</revision>
