<page>
<title>sabência</title>
<ns>0</ns>
<id>370964</id>
<revision>
<id>2214001</id>
<timestamp>2016-12-23T13:55:34Z</timestamp>
<contributor>
<username>Cpls</username>
<id>20608</id>
</contributor>
<comment>[[Ajuda:Guia de edição/Menus e ferramentas/Sumário de edição|→]] nova página: ={{-gl-}}= ==Substantivo== {{flex.gl|fs=sabência|fp=sabências}} {{proparoxítona|sa|bên|ci|a|lang=gl}}, {{...</comment>
<model>wikitext</model>
<format>text/x-wiki</format>
<text bytes="327" xml:space="preserve">={{-gl-}}=
==Substantivo==
{{flex.gl|fs=sabência|fp=sabências}}
{{proparoxítona|sa|bên|ci|a|lang=gl}}, {{g|f|lang=gl}}
# [[sapiência]], [[sabedoria]]
===Sinónimos===
* [[sabedência#{{gl}}|sabedência]], [[sabença#{{gl}}|sabença]]
=={{etimologia|gl}}==
{{llietimo|la|sapientia|gl}}
[[Categoria:Substantivo (Galego)]]</text>
<sha1>lkdgxu2jt8hzk01tvc6gqphfdmcg2rk</sha1>
</revision>
</page>
