<page>
<title>Sabá</title>
<ns>0</ns>
<id>343816</id>
<revision>
<id>1988294</id>
<timestamp>2015-08-26T07:42:23Z</timestamp>
<contributor>
<username>ValJor</username>
<id>1358</id>
</contributor>
<comment>Eliminando [[Sheba]] da lista de [[Especial:Lonelypages|órfãos]]</comment>
<model>wikitext</model>
<format>text/x-wiki</format>
<text bytes="1463" xml:space="preserve">{{Wikipédia}}
{{ver também|sabá}}
={{-pt-}}=
==Substantivo==
{{oxítona|Sa|bá}}
# [[antigo]] [[reino]] mencionado no Antigo Testamento cristão e no Alcorão; sua exata localização é disputada pela região sul da península Arábica e o leste da África
#* ''Pesquisadores dizem ter achado o que seriam as ruínas do palácio da rainha de '''Sabá'''.'' {{OESP|2008|maio|14}}
===Tradução===
{{tradini}}
* {{trad|de|Saba}}
* {{trad|ar|مملكة سبأ}}
* {{trad|az|Səba dövləti}}
* {{trad|ba|Сәба батшалығы}}
* {{trad|be|Сабейскае царства}}
* {{trad|ca|Regne de Sabà}}
* {{trad|cs|Sába}}
* {{trad|zh|示巴王國}}
* {{trad|hr|Sabejsko kraljevstvo}}
* {{trad|da|Saba}}
* {{trad|es|Reino de Saba}}
* {{trad|eo|Reĝlando Ŝeba}}
* {{trad|fi|Saba}}
* {{trad|fr|Royaume de Saba}}
* {{trad|ka|საბის სამეფო}}
* {{trad|he|שבא}}
* {{trad|nl|Seba}}
{{tradmeio}}
* {{trad|hu|Szabá}}
* {{trad|id|Kerajaan Saba}}
* {{trad|en|Sheba}}
* {{trad|it|Regno di Saba}}
* {{trad|ja|シバ王国}}
* {{trad|la|Saba}}
* {{trad|no|Saba}}
* {{trad|nn|Saba}}
* {{trad|fa|سبا}}
* {{trad|pl|Królestwo Saba}}
* {{trad|ru|Сабейское царство}}
* {{trad|sh|Sabejsko kraljevstvo}}
* {{trad|sv|Saba}}
* {{trad|bo|སེ་བ།}}
* {{trad|uk|Сабейське царство}}
* {{trad|ur|مملکت سبا}}
* {{trad|uz|Saba}}
{{tradfim}}
==Anagrama==
# [[abas]]
[[Categoria:Substantivo (Português)]]</text>
<sha1>nn3ja5g996em2z9oi65bzh0dcnvb5mb</sha1>
</revision>
</page>
