<page>
<title>sabã</title>
<ns>0</ns>
<id>358833</id>
<revision>
<id>2098239</id>
<timestamp>2016-05-10T20:52:15Z</timestamp>
<contributor>
<username>Cpls</username>
<id>20608</id>
</contributor>
<comment>[[Ajuda:Guia de edição/Menus e ferramentas/Sumário de edição|→]] nova página: ={{-gl-}}= ==Substantivo== {{flex.gl|fs=sabã|fp=sabãs}} {{oxítona|sa|bã|lang=gl}}, {{f}} * [[lençol]], r...</comment>
<model>wikitext</model>
<format>text/x-wiki</format>
<text bytes="397" xml:space="preserve">={{-gl-}}=
==Substantivo==
{{flex.gl|fs=sabã|fp=sabãs}}
{{oxítona|sa|bã|lang=gl}}, {{f}}
* [[lençol]], roupa fina de cama
==={{-varort-}}===
* [[saba#Galego|saba]]
=={{etimologia|gl}}==
{{llietimo|la|sabana|gl|ponto=nao}}, plural de {{etimo|la|sabanum}}.
=={{pronúncia|gl}}==
* [[AFI]]: '''singular:''' /sa.'baŋ/; '''plural:''' /sa.'baŋs/ ou /sa.'bas/
[[Categoria:Substantivo (Galego)]]</text>
<sha1>0xziv7vcsv34xwsmlgag370udh2ybwc</sha1>
</revision>
</page>
