<page>
<title>sabático</title>
<ns>0</ns>
<id>332921</id>
<revision>
<id>2613383</id>
<parentid>2559489</parentid>
<timestamp>2021-01-31T14:37:10Z</timestamp>
<contributor>
<username>Marxav</username>
<id>73271</id>
</contributor>
<minor />
<comment>AFI Portugal</comment>
<model>wikitext</model>
<format>text/x-wiki</format>
<text bytes="1003" xml:space="preserve">={{-pt-}}=
==Adjetivo==
{{flex.pt|ms=sabático|mp=sabáticos|fs=sabática|fp=sabáticas}}
{{proparoxítona|sa|bá|ti|co}}, {{m}}
# [[relativo]] ao [[sábado]]
# que implica [[descanso]] em relação às obrigações ou compromissos habituais
#* ''Fundador e ex-proprietário do Fogo de Chão, que vendeu no fim de 2011,o gaúcho Arri Coser tirou um ano '''sabático''' e voltou com um novo conceito e força ao mercado.'' {{OESP|2014|maio|29}}
===Tradução===
{{tradini}}
* {{trad|de|Sabbatruhe}}
* {{trad|es|sabático}}
* {{trad|fr|sabbatique}}
{{tradmeio}}
* {{trad|en|sabbatical}}
* {{trad|it|sabbatico}}
* {{t|ru|творческий||tvorčeskij}}
{{tradfim}}
=={{etimologia|pt}}==
: Do [[latim]] ''sabbaticus''.
=={{pronúncia|pt}}==
===Portugal===
* AFI: {{AFI|/sɐ.ˈba.ti.ku/}}
==Ver também==
===No Wikcionário===
* [[Wikisaurus:tempo]]
[[Categoria:Adjetivo (Português)]]
={{-es-}}=
==Adjetivo==
'''sabático'''
# [[sabático#Português|sabático]]
[[Categoria:Adjetivo (Espanhol)]]</text>
<sha1>mj7hddu90t4yj2li1mqzwmujss689ya</sha1>
</revision>
</page>
