<page>
<page>
<title>sabáticos</title>
<ns>0</ns>
<id>332925</id>
<revision>
<id>2404766</id>
<parentid>2023876</parentid>
<timestamp>2017-05-14T03:23:07Z</timestamp>
<contributor>
<username>HydrizBot</username>
<id>29590</id>
</contributor>
<minor />
<comment>Robô: A limpar links interwikis antigos</comment>
<model>wikitext</model>
<format>text/x-wiki</format>
<text bytes="175" xml:space="preserve">={{-pt-}}=
==Forma de adjetivo==
{{proparoxítona|sa|bá|ti|cos}}, {{m}}
# [[plural]] de [[sabático]]
{{avi-for-fle|sabático}}
[[Categoria:Forma de adjetivo (Português)]]</text>
<sha1>jayt5lkgyisb3jdfnlyto9g21dlp70o</sha1>
</revision>
