<page>
<title>sacaboira</title>
<ns>0</ns>
<id>385506</id>
<revision>
<id>2458975</id>
<timestamp>2017-11-03T20:40:39Z</timestamp>
<contributor>
<username>Cpls</username>
<id>20608</id>
</contributor>
<comment>[[Ajuda:Guia de edição/Menus e ferramentas/Sumário de edição|→]] nova página: ={{-gl-}}= ==Substantivo== {{flex.gl|fs=sacaboira|fp=sacaboiras}} {{paroxítona|sa|ca|boi|ra|lang=gl}}, {{g|f...</comment>
<model>wikitext</model>
<format>text/x-wiki</format>
<text bytes="396" xml:space="preserve">={{-gl-}}=
==Substantivo==
{{flex.gl|fs=sacaboira|fp=sacaboiras}}
{{paroxítona|sa|ca|boi|ra|lang=gl}}, {{g|f|lang=gl}}
# {{escopo|gl|Anfíbio}} [[salamandra]] da espécie ''[[species:Salamandra salamandra|Salandra salamandra]]''
===Sinônimos===
* Vide em [[sapagueira#Galego|sapagueira]]
=={{etimologia|gl}}==
: Confronte-se com ''[[boira#Galego|boira]]''.
[[Categoria:Substantivo (Galego)]]</text>
<sha1>3tyoz4ierl9l58nb8u2ffgop31ps4dl</sha1>
</revision>
</page>
