<page>
<page>
<title>sacador</title>
<ns>0</ns>
<id>345256</id>
<revision>
<id>2404774</id>
<parentid>2018554</parentid>
<timestamp>2017-05-14T03:23:27Z</timestamp>
<contributor>
<username>HydrizBot</username>
<id>29590</id>
</contributor>
<minor />
<comment>Robô: A limpar links interwikis antigos</comment>
<model>wikitext</model>
<format>text/x-wiki</format>
<text bytes="716" xml:space="preserve">={{-gl-}}=
==Substantivo==
{{flex.gl|ms=sacadorl|mp=sacadores}}
{{oxítona|sa|ca|dor|lang=gl}}, {{m}}
# [[cardo-morto]], [[tasneirinha]], planta da espécie ''[[wikispecies:Senecio vulgaris|Senecio vulgaris]]''.
===Sinônimos===
: '''De 2 (''S.vulgaris''):'''
{{verTambém.Ini}}
* [[cálsamo#{{gl}}|cálsamo]]
* [[cascamelo#{{gl}}|cascamelo]]
* [[erva-cana#{{gl}}|erva-cana]]
* [[erva-crecha#{{gl}}|erva-crecha]]
* [[erva-da-família#{{gl}}|erva-da-família]]
{{verTambém.NovaColuna}}
* [[erva-das-troitas#{{gl}}|erva-das-troitas]]
* [[morga#{{gl}}|morga]]
* [[manteigueira#{{gl}}|manteigueira]]
* [[piparelo#{{gl}}|piparelo]]
{{verTambém.Fim}}
[[Categoria:Substantivo (Galego)]]
[[Categoria:Botânica (Galego)]]</text>
<sha1>n4uwlv1sd4hcnniwi6nnsdne3goineq</sha1>
</revision>
