<page>
<title>sacanagem</title>
<ns>0</ns>
<id>203895</id>
<revision>
<id>2685714</id>
<parentid>2685705</parentid>
<timestamp>2022-08-10T15:50:25Z</timestamp>
<contributor>
<username>ValJor</username>
<id>1358</id>
</contributor>
<minor />
<comment>Revertidas edições por [[Especial:Contribuições/2804:388:6071:72D5:B40E:4E14:68D:4B15|2804:388:6071:72D5:B40E:4E14:68D:4B15]] para a última versão por [[Especial:Contribuições/HydrizBot|HydrizBot]]</comment>
<model>wikitext</model>
<format>text/x-wiki</format>
<text bytes="460" xml:space="preserve">={{-pt-}}=
==Substantivo==
{{flex.pt|fs=sacanagem|fp=sacanagens}}
{{paroxítona|sa|ca|na|gem}}, {{f}}
# [[ato]] ou [[comportamento]] de quem é [[sacana]]
# [[imoralidade]], [[safadeza]]
# [[troça]], [[brincadeira]] de [[mau]] [[gosto]]
===Sinônimos===
{{verTambém.Ini}}
* [[fuleragem]]
{{verTambém.NovaColuna}}
* [[putaria]]
{{verTambém.Fim}}
=={{etimologia|pt}}==
: {{escopo|Morfologia}} [[sacana]] + [[-agem]].
[[Categoria:Substantivo (Português)]]</text>
<sha1>9bulyqjhgzq1odxpn6dpv8t0qsxya6d</sha1>
</revision>
</page>
