<page>
<title>sacapulteco</title>
<ns>0</ns>
<id>406170</id>
<revision>
<id>2534830</id>
<timestamp>2019-02-03T09:57:24Z</timestamp>
<contributor>
<username>ValJor</username>
<id>1358</id>
</contributor>
<comment>Criação do verbete a partir da [[Especial:Páginas_pedidas|lista de palavras pedidas]]</comment>
<model>wikitext</model>
<format>text/x-wiki</format>
<text bytes="352" xml:space="preserve">={{-pt-}}=
==Substantivo==
{{paroxítona|sa|ca|pul|te|co}}, {{gramática|m}}
# [[língua]] maia falada na [[Guatemala]]
==Ver também==
===No Wikcionário===
{{verTambém.Ini}}
* [[:Categoria:Sacapulteco]]
{{verTambém.NovaColuna}}
* [[:Predefinição:quv]]
{{verTambém.Fim}}
[[Categoria:Substantivo (Português)]]
[[Categoria:Língua (Português)]]</text>
<sha1>cn1t8hoq3dffsj6zj829olhqxyh6r67</sha1>
</revision>
</page>
