<page>
<title>sacapuntas</title>
<ns>0</ns>
<id>226696</id>
<revision>
<id>2404780</id>
<parentid>2230493</parentid>
<timestamp>2017-05-14T03:23:38Z</timestamp>
<contributor>
<username>HydrizBot</username>
<id>29590</id>
</contributor>
<minor />
<comment>Robô: A limpar links interwikis antigos</comment>
<model>wikitext</model>
<format>text/x-wiki</format>
<text bytes="1651" xml:space="preserve">{{Wikipédia|lang=es}}
[[Ficheiro:Wooden pencil sharpener.jpg|thumb|250px|'''Sacapuntas''']]
={{-es-}}=
==Substantivo==
{{flex.es|ms=sacapuntas|mp=sacapuntas|ms-div=sa.ca.{{grifar|pun}}.tas|mp-div=sa.ca.{{grifar|pun}}.tas}}
'''sa.ca.{{grifar|pun}}.tas''', {{gramática|m|inv}}
# [[afia-lápis]], {{l.s.|apontador}} ({{l.o.|apontador de lápis|de lápis}}):
#* ''En 1847, Therry des Estwaux inventó los '''sacapuntas''' de lápiz manuales.'' &lt;small&gt;(Em 1847, Therry des Estwaux inventou o apontador de lápis manual.)&lt;/small&gt;
===Sinônimos===
* {{link preto|afilador|es}}, {{link preto|afilalápices|es}}, {{link preto|maquinilla|es}}, {{link preto|tajador|es}}
=={{etimologia|es}}==
: De {{etimo|es|saca}}, {{l.s.|forma}} do [[verbo]] {{etimo|es|sacar}}, + {{etimo|es|puntas}}, {{l.s.|plural}} de {{etimo|es|punta}} (&quot;{{l.s.|ponta}}s&quot;).
=={{pronúncia|es}}==
===Espanhol hispano-americano===
* [[AFI]]: {{AFI|/ˌsa.kaˈpun.tas/|es}}, {{AFI|/ˌsa.kaˈpun.tah/|es}}
* [[X-SAMPA]]: /%sa.ka&quot;pun.tas/, /%sa.ka&quot;pun.tah/
===Espanhol peninsular===
* [[AFI]]: {{AFI|/ˌsa.kaˈpun.tas/|es}}
* [[X-SAMPA]]: /%sa.ka&quot;pun.tas/
==Ver também==
===No Wikcionário===
{{verTambém.Ini}}
* {{l.s.|afilar|{{es}}}}
{{verTambém.Fim}}
===Referências===
{{verTambém.Ini}}
* {{DLE-RAE}}
* [http://michaelis.uol.com.br/escolar/espanhol/index.php?lingua=espanhol-portugues&amp;palavra=sacapuntas ''sacapuntas'' no Dicionário Escolar Espanhol Michaelis]
{{verTambém.Fim}}
[[Categoria:Substantivo (Espanhol)]]
[[Categoria:Polissílabo (Espanhol)]]
[[Categoria:Paroxítona (Espanhol)]]
[[Categoria:Material escolar (Espanhol)]]
[[Categoria:Entrada com imagem (Espanhol)]]</text>
<sha1>kn7r1zbnnlrjknw8t8aleb9fshdvkue</sha1>
</revision>
</page>
