<page>
<page>
<title>sacarose</title>
<ns>0</ns>
<id>3498</id>
<revision>
<id>2404783</id>
<parentid>2182575</parentid>
<timestamp>2017-05-14T03:23:47Z</timestamp>
<contributor>
<username>HydrizBot</username>
<id>29590</id>
</contributor>
<minor />
<comment>Robô: A limpar links interwikis antigos</comment>
<model>wikitext</model>
<format>text/x-wiki</format>
<text bytes="2335" xml:space="preserve">{{Wikipédia}}
[[Image:Zucker.jpg|right|thumb|250px|[[cristal|Cristais]] de sacarose]]
={{-pt-}}=
==Substantivo==
{{flex.pt|fs=sacarose|fp=sacaroses}}
{{paroxítona|sa|ca|ro|se}}
# nome técnico para o [[açúcar]] [[comum]], um [[dissacarídeo]] formado por [[glicose]] e [[frutose]]
===Tradução===
{{tradini}}
* {{trad|sq|sakaroza}}
* {{trad|de|Saccharose}}
* {{trad|ar|سكروز}}
* {{trad|arz|سوكروز}}
* {{trad|eu|sakarosa}}
* {{trad|be|цукроза}}
* {{trad|bs|saharoza}}
* {{trad|bg|захароза}}
* {{trad|kn|ಸುಕ್ರೋಸ್‌‌}}
* {{trad|ca|sacarosa}}
* {{trad|kk|сахароза}}
* {{trad|cs|sacharóza}}
* {{trad|zh|蔗糖}}
* {{trad|ko|수크로스}}
* {{trad|hr|saharoza}}
* {{trad|da|sukrose}}
* {{trad|sk|sacharóza}}
* {{trad|sl|saharoza}}
* {{trad|es|sacarosa}}
* {{trad|eo|sakarozo}}
* {{trad|et|sahharoos}}
* {{trad|fi|sakkaroosi}}
* {{trad|fr|saccharose}}
* {{trad|fy|sacharoaze}}
* {{trad|gl|sacarosa}}
* {{trad|ka|საქაროზა}}
* {{trad|he|סוכרוז}}
* {{trad|hi|सकरोज}}
* {{trad|nl|sacharose}}
* {{trad|hu|szacharóz}}
{{tradmeio}}
* {{trad|id|sukrosa}}
* {{trad|en|saccharose|sucrose}}
* {{trad|is|súkrósi}}
* {{trad|it|saccarosio}}
* {{trad|ja|スクロース}}
* {{trad|la|saccharosum}}
* {{trad|lv|saharoze}}
* {{trad|lt|sacharozė}}
* {{trad|lb|Saccharos}}
* {{trad|mk|сахароза}}
* {{trad|ms|sukrosa}}
* {{trad|nan|chià-thn̂g}}
* {{trad|no|rørsukker}}
* {{trad|nn|sukrose}}
* {{trad|oc|sacaròsa}}
* {{trad|fa|ساکارز}}
* {{trad|pl|sacharoza}}
* {{trad|ro|zaharoză}}
* {{trad|ru|сахароза}}
* {{trad|sr|сахароза}}
* {{trad|sh|saharoza}}
* {{trad|sv|sackaros}}
* {{trad|su|sukrosa}}
* {{trad|th|ซูโครส}}
* {{trad|te|సుక్రోజ్}}
* {{trad|tr|sakkaroz}}
* {{trad|uk|цукроза}}
* {{trad|ur|شکر}}
* {{trad|vi|sucroza}}
{{tradfim}}
=={{etimologia|pt}}==
: Do [[grego]] ''σακχαρον'' (''sakcharon'') pelo [[latim]] ''saccharum'', ''saccharon'' seguido do [[sufixo]] ''-ose'' ([[carboidrato]]).
=={{pronúncia|pt}}==
===Brasil===
====Caipira, Carioca e Paulistana====
* [[AFI]]: /sa.ka.ˈɾɔ.zi/
* [[X-SAMPA]]: /sa.ka.&quot;4O.zi/
==Anagrama==
# [[rosáceas]]
[[Categoria:Substantivo (Português)]]
[[Categoria:Entrada com imagem (Português)]]
[[Categoria:Química (Português)]]</text>
<sha1>2iykcdv0gsf67c9p4l6rr1ogokc19rk</sha1>
</revision>
