<page>
<page>
<title>Sacartvelo</title>
<ns>0</ns>
<id>132510</id>
<revision>
<id>2591840</id>
<parentid>1943749</parentid>
<timestamp>2020-07-05T10:32:42Z</timestamp>
<contributor>
<username>ValJor</username>
<id>1358</id>
</contributor>
<comment>Acrescentando código de língua à [[:Categoria:!Página com mensagem de erro em predefinição|predefinição escopo]]</comment>
<model>wikitext</model>
<format>text/x-wiki</format>
<text bytes="896" xml:space="preserve">{{Wikipédia|lang=lfn}}
[[Imagem:Flag of Georgia.svg|thumb|right|250px|&lt;center&gt;Bandeira da Geórgia&lt;/center&gt;]]
[[Imagem:Europe Georgia.svg|thumb|right|250px|&lt;center&gt;Localização da Geórgia&lt;/center&gt;]]
={{-lfn-}}=
==Substantivo==
{{paroxítona|Sa|cart|ve|lo|lang=lfn}}, {{gramática|pr}}
# {{escopo|lfn|País}} [[Geórgia]]
==={{-varort-}}===
* [[Sakartvelo]]
* '''Alfabeto cirílico''': {{l.s.|Сакартвело|{{lfn}}}}
===Sinónimos===
{{verTambém.Ini}}
* {{link opcional|Jorjia|lfn}}
{{verTambém.NovaColuna}}
* {{link opcional|Жоржиа|lfn}} ''(em cirílico)''
{{verTambém.Fim}}
==Ver também==
===No Wikcionário===
{{verTambém.Ini}}
* {{link opcional|cartuli|lfn}}
{{verTambém.NovaColuna}}
* {{link opcional|jorjian|lfn}}
{{verTambém.Fim}}
{{Ásia/lfn}}
{{Europa/lfn}}
[[Categoria:Substantivo (Língua Franca Nova)]]
[[Categoria:Entrada com imagem (Língua Franca Nova)]]</text>
<sha1>jo3v4oj0ib7uq5lbzve7g5id3wtuyra</sha1>
</revision>
