<page>
<page>
<title>sacando</title>
<ns>0</ns>
<id>398673</id>
<revision>
<id>2514531</id>
<parentid>2514530</parentid>
<timestamp>2018-08-04T15:56:31Z</timestamp>
<contributor>
<username>Cpls</username>
<id>20608</id>
</contributor>
<comment>/* {{-gl-}} */</comment>
<model>wikitext</model>
<format>text/x-wiki</format>
<text bytes="395" xml:space="preserve">={{-pt-}}=
==Forma verbal==
{{paroxítona|sa|can|do}}
# gerúndio do verbo [[sacar]]
[[Categoria:Forma verbal (Português)]]
={{-gl-}}=
==Forma verbal==
{{paroxítona|sa|can|do|lang=gl}}
# gerúndio do verbo ''[[sacar#{{gl}}|sacar]]''
==Preposição==
{{paroxítona|sa|can|do|lang=gl}}
# [[exceto]], fora, menos, salvo
[[Categoria:Forma verbal (Galego)]]
[[Categoria:Preposição (Galego)]]</text>
<sha1>3mft4e3bkqycatf28i0tuetgtctraln</sha1>
</revision>
