<page>
<title>sacado</title>
<ns>0</ns>
<id>400341</id>
<revision>
<id>2519458</id>
<timestamp>2018-09-19T01:53:28Z</timestamp>
<contributor>
<username>Leonardo José Raimundo</username>
<id>43489</id>
</contributor>
<comment>Eu estou criando o adjetivo &quot;sacado&quot;.</comment>
<model>wikitext</model>
<format>text/x-wiki</format>
<text bytes="479" xml:space="preserve">={{-pt-}}=
==Adjetivo==
{{flex.pt|ms=sacado|mp=sacados|fs=sacada|fp=sacadas}}
{{paroxítona|sa|ca|do}}
# [[extraído]], [[tirado]] para fora
# o que se sacou
==Substantivo==
{{paroxítona|sa|ca|do}}
# {{escopo|pt|Direito|comércio}} aquele que emite um [[título]] de [[crédito]] a favor de alguém
=={{etimologia|pt}}==
:Particípio passado do verbo [[sacar]].
==Anagramas==
*[[casado]]
*[[socada]]
[[Categoria:Adjetivo (Português)]]
[[Categoria:Substantivo (Português)]]</text>
<sha1>l8bmohteslee5ubam96bv1kwcuqogwr</sha1>
</revision>
</page>
