<page>
<title>Sacarías</title>
<ns>0</ns>
<id>424499</id>
<revision>
<id>2590727</id>
<timestamp>2020-06-19T02:24:22Z</timestamp>
<contributor>
<username>Leonardo José Raimundo</username>
<id>43489</id>
</contributor>
<comment>Já terminei de criar verbetes com os livros do Antigo Testamento em waray-waray no Wikcionário em português.</comment>
<model>wikitext</model>
<format>text/x-wiki</format>
<text bytes="214" xml:space="preserve">={{-war-}}=
==Substantivo==
{{paroxítona|Sa|ca|rí|as|lang=war}}
# {{escopo|war|Cristianismo|religião}} [[Zacarias]]
==Ver também==
===No Wikcionário===
{{bíblia/war}}
[[Categoria:Substantivo (Waray-Waray)]]</text>
<sha1>78uupgq8qnl9o8xn4s2cvhoarhv360d</sha1>
</revision>
</page>
