<page>
<title>Sacavém</title>
<ns>0</ns>
<id>14783</id>
<revision>
<id>1762422</id>
<parentid>1618784</parentid>
<timestamp>2013-10-29T11:57:20Z</timestamp>
<contributor>
<username>Juntas</username>
<id>54</id>
</contributor>
<comment>actualização freguesias</comment>
<model>wikitext</model>
<format>text/x-wiki</format>
<text bytes="533" xml:space="preserve">{{Wikipédia}}
[[Image:LRS-sacavem.png|thumb|160px|right|]]
={{-pt-}}=
==Substantivo==
{{oxítona|Sa|ca|vém}}, ''próprio''
# [[cidade]] [[português|portuguesa]] do [[concelho]] de [[Loures]], [[distrito]] de [[Lisboa]], sede da [[freguesia]] de [[União das Freguesias de Sacavém e Prior Velho |Sacavém e Prior Velho]]
==Ver também==
===No Wikcionário===
* gentílico(s): [[sacavenense]], [[sacaveno]]
[[Categoria:Substantivo (Português)]]
[[Categoria:Topónimo (Português)]]
[[Categoria:Entrada com imagem (Português)]]</text>
<sha1>266o85oqm7wf8ar1d97q1qv7wtp7fcm</sha1>
</revision>
</page>
