<page>
<title>sacal</title>
<ns>0</ns>
<id>335334</id>
<revision>
<id>2404775</id>
<parentid>2023881</parentid>
<timestamp>2017-05-14T03:23:29Z</timestamp>
<contributor>
<username>HydrizBot</username>
<id>29590</id>
</contributor>
<minor />
<comment>Robô: A limpar links interwikis antigos</comment>
<model>wikitext</model>
<format>text/x-wiki</format>
<text bytes="455" xml:space="preserve">={{-pt-}}=
==Adjetivo==
{{flex.pt|s=sacal|p=sacais}}
{{oxítona|sa|cal}}, {{c2g}}
# [[chato]]
# [[maçante]]
==Substantivo==
{{oxítona|sa|cal}}, {{c2g}}
# [[indivíduo]] [[chato]]
# aquilo que tira o [[saco]]
=={{etimologia|pt}}==
: {{escopo|Morfologia}} [[saco]] + [[-al]].
==Anagramas==
# [[alças]]
# [[calas]]
# [[casal]]
# [[lacas]]
# [[lacãs]]
# [[laças]]
# [[lasca]]
[[Categoria:Adjetivo (Português)]]
[[Categoria:Substantivo (Português)]]</text>
<sha1>swk2eqrbq6g0vf8kinvfxj070kmsf5c</sha1>
</revision>
</page>
