<page>
<title>sacaca</title>
<ns>0</ns>
<id>82969</id>
<revision>
<id>2591843</id>
<parentid>2070855</parentid>
<timestamp>2020-07-05T10:51:17Z</timestamp>
<contributor>
<username>ValJor</username>
<id>1358</id>
</contributor>
<comment>Acrescentando código de língua à [[:Categoria:!Página com mensagem de erro em predefinição|predefinição escopo]]</comment>
<model>wikitext</model>
<format>text/x-wiki</format>
<text bytes="428" xml:space="preserve">={{-pt-}}=
==Substantivo==
{{flex.pt|fs=sacaca|fp=sacacas|fs-div=sa.&lt;u&gt;ca&lt;/u&gt;.ca|fp-div=sa.&lt;u&gt;ca&lt;/u&gt;.cas}}
{{paroxítona|sa|ca|ca}}, {{gramática|m}}
# [[bruxaria]]
# {{escopo|pt|Botânica}} [[cajuçara]]
===Sinônimos===
* De '''1''' (bruxaria): [[feitiço]], [[encantamento]]
==Ligações externas==
* {{VOLPABL}}
==Anagrama==
&lt;!-- índice para anagramas: pt: aaaccs --&gt;
# [[casaca]]
[[Categoria:Substantivo (Português)]]</text>
<sha1>1qwrqgx9aj1q1w1708cyxd74fyliunk</sha1>
</revision>
</page>
