<page>
<title>sacarina</title>
<ns>0</ns>
<id>273200</id>
<revision>
<id>2404782</id>
<parentid>2182935</parentid>
<timestamp>2017-05-14T03:23:45Z</timestamp>
<contributor>
<username>HydrizBot</username>
<id>29590</id>
</contributor>
<minor />
<comment>Robô: A limpar links interwikis antigos</comment>
<model>wikitext</model>
<format>text/x-wiki</format>
<text bytes="1902" xml:space="preserve">{{Wikipédia}}
{{Wikipédia|lang=ca}}
{{Wikipédia|lang=es}}
{{Wikipédia|lang=gl}}
[[File:Saccharin.svg|thumb|250px|right|Fórmula estrutural plana.]]
={{-pt-}}=
==Substantivo==
{{flex.pt|fs=sacarina|fp=sacarinas}}
{{paroxítona|sa|ca|ri|na}}, {{f}}
# [[adoçante]] [[não]]-[[calórico]]
===Tradução===
{{tradini}}
* {{trad|de|Saccharin}}
* {{trad|ar|سكارين}}
* {{trad|eu|sakarina}}
* {{trad|bg|захарин}}
* {{trad|ca|sacarina}}
* {{trad|cs|sacharin}}
* {{trad|zh|糖精}}
* {{trad|ko|사카린}}
* {{trad|da|sakkarin}}
* {{trad|sl|saharin}}
* {{trad|es|sacarina}}
* {{trad|eo|sakarino}}
* {{trad|fi|sakariini}}
* {{trad|fr|saccharine}}
* {{trad|gl|sacarina}}
* {{trad|he|סכרין}}
* {{trad|hi|सेकेरिन}}
{{tradmeio}}
* {{trad|nl|sacharine}}
* {{trad|io|sakarino}}
* {{trad|en|saccharin}}
* {{trad|it|saccarina}}
* {{trad|ja|サッカリン}}
* {{trad|mk|сахарин}}
* {{trad|no|sakkarin}}
* {{trad|fa|ساخارین}}
* {{trad|pl|sacharyna}}
* {{trad|ro|zaharină}}
* {{trad|ru|сахарин}}
* {{trad|sv|sackarin}}
* {{trad|th|แซกคารีน}}
* {{trad|tr|sakarin}}
* {{trad|vi|saccharin}}
* {{trad|war|sakarina}}
{{tradfim}}
=={{etimologia|pt}}==
: {{escopo|Morfologia}} [[sacar-]] + [[-ina]].
==Anagrama==
# [[Canárias]]
[[Categoria:Substantivo (Português)]]
={{-ca-}}=
==Substantivo==
'''sacarina'''
# [[sacarina#Português|sacarina]]
==Ver também==
===No Wikcionário===
* [[edulcorant]]
[[Categoria:Substantivo (Catalão)]]
={{-es-}}=
==Substantivo==
'''sacarina'''
# [[sacarina#Português|sacarina]]
=={{etimologia|es}}==
: Do latim ''sacchărum'' ([[açúcar]]).
==Ver também==
===No Wikcionário===
* [[edulcorante]]
[[Categoria:Substantivo (Espanhol)]]
={{-gl-}}=
==Substantivo==
'''sacarina'''
# [[sacarina#Português|sacarina]]
==Ver também==
===No Wikcionário===
* [[edulcorante]]
[[Categoria:Substantivo (Galego)]]</text>
<sha1>qqrp10ds1p5o5hwjr7bjgsvmp2b6kd2</sha1>
</revision>
</page>
