<page>
<title>sacavera</title>
<ns>0</ns>
<id>385501</id>
<revision>
<id>2458968</id>
<parentid>2458966</parentid>
<timestamp>2017-11-03T20:00:45Z</timestamp>
<contributor>
<username>Cpls</username>
<id>20608</id>
</contributor>
<comment>/* {{-ast-}} */</comment>
<model>wikitext</model>
<format>text/x-wiki</format>
<text bytes="429" xml:space="preserve">={{-ast-}}=
==Substantivo==
{{flex.ast|fs=sacavera|fp=sacaveres}}
{{paroxítona|sa|ca|ve|ra|lang=ast}}, {{g|f|lang=ast}}
# {{escopo|ast|Anfíbio}} [[salamandra]] da espécie ''[[species:Salamandra salamandra|Salandra salamandra]]''; [[girino]]
# {{escopo|ast|pejorativo}} qualifica a uma pessoa má
# [[bruxa]]
=={{etimologia|ast}}==
: Cognata do galego ''[[sacaveira#Galego|sacaveira]]''.
[[Categoria:Substantivo (Asturiano)]]</text>
<sha1>q29ek2dl5yonxe6ktc13olq7yhhl0wn</sha1>
</revision>
</page>
