<page>
<title>sacaveno</title>
<ns>0</ns>
<id>14771</id>
<revision>
<id>2041963</id>
<parentid>1187867</parentid>
<timestamp>2015-11-28T21:52:09Z</timestamp>
<contributor>
<username>Luan</username>
<id>1279</id>
</contributor>
<minor />
<comment>/* Na Wikipédia */replaced: Na Wikipedia → Na Wikipédia utilizando [[Project:AutoWikiBrowser|AWB]]</comment>
<model>wikitext</model>
<format>text/x-wiki</format>
<text bytes="1143" xml:space="preserve">={{-pt-}}=
==Substantivo==
{{flex.pt|ms=sacaveno|mp=sacavenos|fs=sacavena|fp=sacavenas}}
{{paroxítona|sa|ca|ve|no}}
# aquele que é [[natural]] da [[freguesia]] [[português|portuguesa]] de [[Sacavém]]
# [[habitante]] da freguesia portuguesa de Sacavém
===Sinônimo===
* [[sacavenense]]
==Adjetivo==
{{paroxítona|sa|ca|ve|no}}
# que é relativo à freguesia portuguesa de Sacavém ou aos seus habitantes
===Sinônimo===
* [[sacavenense]]
=={{etimologia|pt}}==
: Do topônimo ''Sacavém'' (talvez do árabe ''Šaqaban'' pelo latim ''Sacabem'') + [[-o]].
===Nota===
* De utilização bastante rara, tanto como substantivo como adjetivo, e sobretudo nas formas do feminino e do plural. A sua utilização está, porém, atestada por [[:w:José Pedro Machado|José Pedro Machado]] no [[:w:Dicionário Onomástico Etimológico da Língua Portuguesa|Dicionário Onomástico-Etimológico da Língua Portuguesa]].
==Ver também==
===Na Wikipédia===
* [[:w:Sacavém|Sacavém]]
===No Commons===
* [[:commons:Sacavém|Sacavém]]
[[Categoria:Substantivo (Português)]]
[[Categoria:Adjetivo (Português)]]
[[Categoria:Gentílico (Português)]]</text>
<sha1>0y9oiqcblwd1cozkrcp48s8zfxkhtg3</sha1>
</revision>
</page>
