<page>
<title>sacabuxa</title>
<ns>0</ns>
<id>321673</id>
<revision>
<id>2041149</id>
<parentid>1809038</parentid>
<timestamp>2015-11-26T10:07:11Z</timestamp>
<contributor>
<username>ValJor</username>
<id>1358</id>
</contributor>
<comment>Melhorando a apresentação do verbete usando a [[:predefinição:cria-entrada]]</comment>
<model>wikitext</model>
<format>text/x-wiki</format>
<text bytes="435" xml:space="preserve">{{Wikipédia}}
[[Imagem:Sackbutt.jpg|thumb]]
={{-pt-}}=
==Substantivo==
{{flex.pt|ms=sacabuxa|mp=sacabuxas}}
{{paroxítona|sa|ca|bu|xa}}, {{m}}
# [[aerofone]] semelhante a um [[trombone]] de vara, de [[campana]] ligeiramente diferente
===Parônimo===
* [[saca-bucha]]
===Sinônimo===
* [[sacabuche]]
[[Categoria:Substantivo (Português)]]
[[Categoria:Instrumento musical (Português)]]
[[Categoria:Entrada com imagem (Português)]]</text>
<sha1>brly6albqnb14de3llvobbirz5apbsz</sha1>
</revision>
</page>
