<page>
<page>
<title>sacabeira</title>
<ns>0</ns>
<id>385507</id>
<revision>
<id>2458977</id>
<timestamp>2017-11-03T20:43:52Z</timestamp>
<contributor>
<username>Cpls</username>
<id>20608</id>
</contributor>
<comment>[[Ajuda:Guia de edição/Menus e ferramentas/Sumário de edição|→]] nova página: [[Imagem:Salamandra_salamandra_BM3.jpg|thumb|200px|right|&lt;center&gt;Sacabeira&lt;/center&gt;]]  ={{-gl-}}= ==Substanti...</comment>
<model>wikitext</model>
<format>text/x-wiki</format>
<text bytes="665" xml:space="preserve">[[Imagem:Salamandra_salamandra_BM3.jpg|thumb|200px|right|&lt;center&gt;Sacabeira&lt;/center&gt;]]
={{-gl-}}=
==Substantivo==
{{flex.gl|fs=sacabeira|fp=sacabeiras}}
{{paroxítona|sa|ca|bei|ra|lang=gl}}, {{g|f|lang=gl}}
# {{escopo|gl|Anfíbio}} [[salamandra]] da espécie ''[[species:Salamandra salamandra|Salandra salamandra]]''
==={{-varort-}}===
* [[sacaboira#{{gl}}|sacaboira]], [[sacaveira#{{gl}}|sacaveira]]
===Sinônimos===
* Vide em [[sapagueira#Galego|sapagueira]]
=={{etimologia|gl}}==
: Cognata do asturiano {{etimo|ast|sacavera}}. Confronte-se com ''[[jacabeiras#Galego|jacabeiras]]''.
[[Categoria:Substantivo (Galego)]]
[[Categoria:Entrada com imagem (Galego)]]</text>
<sha1>mahczfr4wk0vjfxtubes18smajbg9hs</sha1>
</revision>
