<page>
<page>
<title>sacaveira</title>
<ns>0</ns>
<id>328666</id>
<revision>
<id>2458976</id>
<parentid>2103354</parentid>
<timestamp>2017-11-03T20:43:37Z</timestamp>
<contributor>
<username>Cpls</username>
<id>20608</id>
</contributor>
<model>wikitext</model>
<format>text/x-wiki</format>
<text bytes="743" xml:space="preserve">[[Imagem:Salamandra_salamandra_BM3.jpg|thumb|200px|right|&lt;center&gt;Sacaveira&lt;/center&gt;]]
={{-gl-}}=
==Substantivo==
{{flex.gl|fs=sacaveira|fp=sacaveiras}}
{{paroxítona|sa|ca|vei|ra|lang=gl}}, {{g|f|lang=gl}}
# {{escopo|gl|Anfíbio}} [[salamandra]] da espécie ''[[species:Salamandra salamandra|Salandra salamandra]]''
==={{-varort-}}===
* [[sacabeira#{{gl}}|sacabeira]], [[sacaboira#{{gl}}|sacaboira]] 
===Sinônimos===
* Vide em [[sapagueira#Galego|sapagueira]]
=={{etimologia|gl}}==
: {{escopo|Morfologia}} ''[[saca#{{gl}}|saca]]'' + ''[[veiro#{{gl}}|veira]]''; cognata do asturiano {{etimo|ast|sacavera}}. Confronte-se com ''[[jacabeiras#Galego|jacabeiras]]''.
[[Categoria:Substantivo (Galego)]]
[[Categoria:Entrada com imagem (Galego)]]</text>
<sha1>o9vyuhsjhjdiytzmfqm6uyuc2gyhy0d</sha1>
</revision>
