<page>
<title>sacerdotal</title>
<ns>0</ns>
<id>350669</id>
<revision>
<id>2611238</id>
<parentid>2404786</parentid>
<timestamp>2021-01-30T23:25:14Z</timestamp>
<contributor>
<username>Marxav</username>
<id>73271</id>
</contributor>
<minor />
<comment>AFI Portugal</comment>
<model>wikitext</model>
<format>text/x-wiki</format>
<text bytes="1367" xml:space="preserve">={{-pt-}}=
==Adjetivo==
{{flex.pt|s=sacerdotal|p=sacerdotais}}
{{oxítona|sa|cer|do|tal}}, {{c2g}}
# relativo ou pertencente aos [[padre]]s, ao [[sacerdócio]] ou aos [[sacerdote]]s
#* ''Hierarquia '''sacerdotal''', vestes '''sacerdotais'''.''
=={{pronúncia|pt}}==
===Portugal===
* AFI: {{AFI|/sɐ.sɨɾ.du.ˈtaɫ/}}
[[Categoria:Adjetivo (Português)]]
[[Categoria:Catolicismo (Português)]]
[[Categoria:Religião (Português)]]
={{-ca-}}=
==Adjetivo==
'''sacerdotal'''
# [[sacerdotal#Português|sacerdotal]]
[[Categoria:Adjetivo (Catalão)]]
[[Categoria:Catolicismo (Catalão)]]
[[Categoria:Religião (Catalão)]]
={{-es-}}=
==Adjetivo==
'''sacerdotal'''
# [[sacerdotal#Português|sacerdotal]]
[[Categoria:Adjetivo (Espanhol)]]
[[Categoria:Catolicismo (Espanhol)]]
[[Categoria:Religião (Espanhol)]]
={{-fr-}}=
==Adjetivo==
'''sacerdotal'''
# [[sacerdotal#Português|sacerdotal]]
[[Categoria:Adjetivo (Francês)]]
[[Categoria:Catolicismo (Francês)]]
[[Categoria:Religião (Francês)]]
={{-gl-}}=
==Adjetivo==
'''sacerdotal'''
# [[sacerdotal#Português|sacerdotal]]
[[Categoria:Adjetivo (Galego)]]
[[Categoria:Catolicismo (Galego)]]
[[Categoria:Religião (Galego)]]
={{-en-}}=
==Adjetivo==
'''sacerdotal'''
# [[sacerdotal#Português|sacerdotal]]
[[Categoria:Adjetivo (Inglês)]]
[[Categoria:Catolicismo (Inglês)]]
[[Categoria:Religião (Inglês)]]</text>
<sha1>c1mgq69sjefqaerxdt6paskyed127pt</sha1>
</revision>
</page>
