<page>
<page>
<title>sacerdote</title>
<ns>0</ns>
<id>30946</id>
<revision>
<id>2650765</id>
<parentid>2650758</parentid>
<timestamp>2021-10-24T01:42:43Z</timestamp>
<contributor>
<username>Tribuno da Plebe</username>
<id>16095</id>
</contributor>
<minor />
<comment>Revertidas edições por [[Especial:Contribuições/217.129.200.13|217.129.200.13]] para a última versão por [[Especial:Contribuições/MarxavBot|MarxavBot]]</comment>
<model>wikitext</model>
<format>text/x-wiki</format>
<text bytes="1453" xml:space="preserve">{{Wikipédia}}
{{Wikiquote}}
={{-pt-}}=
==Substantivo==
{{flex.pt|ms=sacerdote|mp=sacerdotes|fs=sacerdotisa|fp=sacerdotisas}}
{{paroxítona|sa|cer|do|te}}, {{gramática|m}}
# [[ministro]] [[religioso]], habilitado para [[dirigir]] ou [[participar]] em [[cerimônia]]s de [[culto]]
===Sinônimo===
* {{escopo2|Galícia}} [[crego]]
===Tradução===
{{tradini}}
* {{t|de|Priester|m}}
* {{t|es|sacerdote|m}}
* {{t|fr|prêtre|m}}
* {{trad|grc|ἱερεύς}}
* {{trad|nl|priester}}
* {{trad|hu|pap}}
* {{trad|id|pendeta}}
{{tradmeio}}
* {{trad|en|priest}}
* {{t|it|sacerdote|m}}
* {{trad|no|prest}}
* {{trad|pl|kapłan}}
* {{trad|sv|präst}}
* {{trad|tet|amlulik}}
{{tradfim}}
=={{etimologia|pt}}==
{{llietimo|la|sacerdos|pt|sacerdos, -otis}}
=={{pronúncia|pt}}==
===Portugal===
* AFI: {{AFI|/sɐ.sɨɾ.ˈdɔ.tɨ/}}
==Ligações externas==
* {{Aulete}}
* {{DicioAberto}}
* {{DPLP}}
* {{Infopédia}}
* {{PLP}}
* {{VOLPABL}}
==Anagramas==
&lt;!-- índice para anagramas: pt: acdeeorst --&gt;
# [[decoraste]]
# [[decotares]]
# [[desacerto]]
# [[estercado]]
# [[secretado]]
[[Categoria:Substantivo (Português)]]
[[Categoria:Religião (Português)]]
={{-es-}}=
==Substantivo==
'''sacerdote'''
# [[sacerdote#Português|sacerdote]]
[[Categoria:Substantivo (Espanhol)]]
[[Categoria:Religião (Espanhol)]]
={{-it-}}=
==Substantivo==
'''sacerdote'''
# [[sacerdote#Português|sacerdote]]
[[Categoria:Substantivo (Italiano)]]
[[Categoria:Religião (Italiano)]]</text>
<sha1>51dqjcy3reh5qrie6sln0vq418u9vbd</sha1>
</revision>
