<page>
<page>
<title>sacerdócio</title>
<ns>0</ns>
<id>322715</id>
<revision>
<id>2591830</id>
<parentid>2404788</parentid>
<timestamp>2020-07-05T01:11:32Z</timestamp>
<contributor>
<username>ValJor</username>
<id>1358</id>
</contributor>
<comment>Acrescentando código de língua à [[:Categoria:!Página com mensagem de erro em predefinição|predefinição escopo]]</comment>
<model>wikitext</model>
<format>text/x-wiki</format>
<text bytes="905" xml:space="preserve">{{Wikipédia|sacerdote}}
={{-pt-}}=
==Substantivo==
{{flex.pt|ms=sacerdócio|mp=sacerdócios}}
{{proparoxítona aparente|sa|cer|dó|ci|o}}, {{gramática|m}}
# [[ministério]] ou [[função|funções]] daqueles que, entre os judeus, tinham o poder de oferecer vítimas à divindade
# [[dignidade]] ou [[ofício]] de [[sacerdote]], entre os cristãos
# [[poder]] [[sacerdotal]]
# {{escopo|pt|Figurado}} [[qualidade]] daquilo que é [[venerável]], [[nobre]], [[superior]]
# {{escopo|pt|Figurado}} [[profissão]] [[honroso|honrosa]]
=={{etimologia|pt}}==
{{llietimo|la|sacerdotium|pt}}
==Ver também==
===No Wikcionário===
{{verTambém.Ini}}
* [[sacerdotal]]
{{verTambém.NovaColuna}}
* [[sacerdote]]
{{verTambém.Fim}}
==Ligações externas==
* {{Aulete}}
* {{DicioAberto}}
* {{DPLP}}
* {{Infopédia}}
* {{PLP}}
* {{VOLPABL}}
[[Categoria:Substantivo (Português)]]
[[Categoria:Religião (Português)]]</text>
<sha1>1og6l40b70qs3d6n07id47e6wmle7m0</sha1>
</revision>
