<page>
<page>
<title>Sache</title>
<ns>0</ns>
<id>13004</id>
<revision>
<id>2278392</id>
<parentid>2222309</parentid>
<timestamp>2017-04-27T00:51:19Z</timestamp>
<contributor>
<username>HydrizBot</username>
<id>29590</id>
</contributor>
<minor />
<comment>Robô: A limpar links interwikis antigos</comment>
<model>wikitext</model>
<format>text/x-wiki</format>
<text bytes="147" xml:space="preserve">={{-de-}}=
===Substantivo===
{{decl.de.subst.fraca.fem|ns=Sache|np=Sachen}}
'''Sa.che''', ''f.''
# [[coisa]].
[[Categoria:Substantivo_(Alemão)]]</text>
<sha1>3b8tm3idscwhit94gz7nn18zgikzyjc</sha1>
</revision>
