<page>
<page>
<title>sacha</title>
<ns>0</ns>
<id>418358</id>
<revision>
<id>2588351</id>
<parentid>2569597</parentid>
<timestamp>2020-05-19T23:47:15Z</timestamp>
<contributor>
<username>ValJor</username>
<id>1358</id>
</contributor>
<comment>Corrigindo o uso da predefinição llietimo para tirar o verbete da Categoria:Entrada de étimo latino e colocá-lo na Categoria:Entrada de étimo latino (Português)</comment>
<model>wikitext</model>
<format>text/x-wiki</format>
<text bytes="1239" xml:space="preserve">={{-pt-}}=
==Substantivo==
{{flex.pt|fs=sacha|fp=sechas}}
{{paroxítona|sa|cha}}, {{g|f}}
# {{escopo|pt|Agricultura}} [[sachadura]], ato de [[sachar]]
# {{escopo|pt|Agricultura|trás-os-Montes}} [[enxada]] menor sem dentes
=={{etimologia|pt}}==
{{llietimo|la|sarculum|pt}}
[[Categoria:Substantivo (Português)]]
={{-ast-}}=
==Substantivo==
{{flex.ast|fs=sacha|fp=sachas}}
{{paroxítona|sa|cha|lang=ast}}, {{g|f}}
# {{escopo|ast|Agricultura}} [[sacha#{{pt}}|sacha]], sachadura
=={{etimologia|ast}}==
: De {{etimo|ast|sachar}}. Confronte-se com {{etimo|ast|secha}}.
[[Categoria:Substantivo (Asturiano)]]
={{-gl-}}=
==Substantivo==
{{flex.gl|fs=sacha|fp=sachas}}
{{paroxítona|sa|cha|lang=gl}}, {{g|f}}
# {{escopo|gl|Agricultura}} [[sacha#{{pt}}|sacha]], sachadura; temporada na que se [[sachar|sacha]]
# {{escopo|gl|Agricultura}} [[enxada]]
===Expressões===
* '''[[sacha de cabo]]''': última sachadura que lhe é dada ao milho
* '''[[sacha de crespo]]''' / '''sacha de peta''': [[sacha#{{pt}}|sacha]] provista de uma lâmina cortante menor pelo outro lado dos dentes ou pá
* '''[[sacha de primar]]''': primeira sachadura que lhe é dada ao milho
=={{etimologia|gl}}==
: De {{etimo|gl|sacho}}.
[[Categoria:Substantivo (Galego)]]</text>
<sha1>3m7zcarc6dixfwn7qjp0bda8vzdkywl</sha1>
</revision>
