<page>
<page>
<title>sacho</title>
<ns>0</ns>
<id>66617</id>
<revision>
<id>2404790</id>
<parentid>2157256</parentid>
<timestamp>2017-05-14T03:24:06Z</timestamp>
<contributor>
<username>HydrizBot</username>
<id>29590</id>
</contributor>
<minor />
<comment>Robô: A limpar links interwikis antigos</comment>
<model>wikitext</model>
<format>text/x-wiki</format>
<text bytes="616" xml:space="preserve">={{-pt-}}=
==Substantivo==
{{flex.pt|ms=sacho|mp=sachos}}
{{paroxítona|sa|cho}}, {{m}}
# [[instrumento]] para [[sachar]]/[[revolver]] a [[terra]], análogo a uma [[enxada]] pequena, que consiste numa [[lâmina]] de [[ferro]] em forma de [[lança]], com [[cabo]] de [[madeira]]
==={{-varort-}}===
* [[xacho]]
==Forma verbal==
{{paroxítona|sa|cho}}
# primeira pessoa do [[presente do indicativo]] do verbo [[sachar]]
{{avi-for-fle|sachar}}
=={{etimologia|pt}}==
: Do latim {{etimo|la|sarculu}}.
[[Categoria:Substantivo (Português)]]
[[Categoria:Forma verbal (Português)]]
[[Categoria:Ferramenta (Português)]]</text>
<sha1>klthmn0066orhoflpknrrj7z02bl6fu</sha1>
</revision>
