<page>
<page>
<title>Sacharja</title>
<ns>0</ns>
<id>299949</id>
<revision>
<id>2591826</id>
<parentid>2278391</parentid>
<timestamp>2020-07-05T01:03:02Z</timestamp>
<contributor>
<username>ValJor</username>
<id>1358</id>
</contributor>
<comment>Retirando definições que só devem aparecer no verbete correspondente em língua portuguesa</comment>
<model>wikitext</model>
<format>text/x-wiki</format>
<text bytes="548" xml:space="preserve">{{Wikipédia|lang=de}}
={{-de-}}=
==Substantivo==
'''Sacharja''', {{gramática|m|pr}}
# [[Zacarias]]
==={{-varort-}}===
{{verTambém.Ini}}
* {{link opcional|Secharja|de}}
{{verTambém.Fim}}
=={{etimologia|de}}==
{{llietimo|la|Zacharia|de|ponto=não}} variante de {{etimo|la|Zacharias}} que veio do {{etm|grc|de}} {{etimo|grc|Ζαχαρίας}} e este do {{etm|hbo|de}} {{etimo|hbo|זכריהו|zekaryâh}}. Significa ''Deus se lembrou''.
[[Categoria:Substantivo (Alemão)]]
[[Categoria:Antropônimo (Alemão)]]
[[Categoria:Religião (Alemão)]]</text>
<sha1>8p3pz2suk8irx8dlc26r91cmrxpqfh9</sha1>
</revision>
