<page>
<page>
<title>saciara</title>
<ns>0</ns>
<id>177377</id>
<revision>
<id>2404803</id>
<parentid>2023891</parentid>
<timestamp>2017-05-14T03:24:27Z</timestamp>
<contributor>
<username>HydrizBot</username>
<id>29590</id>
</contributor>
<minor />
<comment>Robô: A limpar links interwikis antigos</comment>
<model>wikitext</model>
<format>text/x-wiki</format>
<text bytes="229" xml:space="preserve">={{-pt-}}=
==Forma verbal==
'''saciara'''
#[[primeira pessoa|primeira]] e [[terceira pessoa|terceira pessoas]] do [[singular]] do [[pretérito mais-que-perfeito]] do verbo '''[[saciar]]'''
[[Categoria:Forma verbal (Português)]]</text>
<sha1>5fkubykicv2mel4qmzji1gtguku8z5k</sha1>
</revision>
