<page>
<title>saciar</title>
<ns>0</ns>
<id>31139</id>
<revision>
<id>2616985</id>
<parentid>2404802</parentid>
<timestamp>2021-02-01T02:37:13Z</timestamp>
<contributor>
<username>MarxavBot</username>
<id>80155</id>
</contributor>
<minor />
<comment>AFI Portugal</comment>
<model>wikitext</model>
<format>text/x-wiki</format>
<text bytes="609" xml:space="preserve">={{-pt-}}=
==Verbo==
{{oxítona|sa|ci|ar}}
# [[satisfazer]] ([[fome]], [[sede]], [[desejo]] [[sexual]], etc)
===Conjugação===
{{conj/pt|saci|ar}}
===Tradução===
{{tradini}}
* {{trad|de|sättigen}}
* {{trad|es|saciar}}
* {{trad|fr|assouvir|rassasier}}
{{tradmeio}}
* {{trad|nl|verzadigen}}
* {{trad|en|satiate}}
* {{trad|it|saziare}}
{{tradfim}}
=={{etimologia|pt}}==
: Do infinitivo latino ''satiare''.
=={{pronúncia|pt}}==
===Portugal===
* AFI: {{AFI|/sɐ.ˈsjaɾ/}}
[[Categoria:Verbo (Português)]]
={{-es-}}=
==Verbo==
'''saciar'''
# [[saciar#Português|saciar]]
[[Categoria:Verbo (Espanhol)]]</text>
<sha1>k0vl9dugrx0t2xm44e86ovj7h6m8c8a</sha1>
</revision>
</page>
