<page>
<title>saciais</title>
<ns>0</ns>
<id>158775</id>
<revision>
<id>2404798</id>
<parentid>2135910</parentid>
<timestamp>2017-05-14T03:24:19Z</timestamp>
<contributor>
<username>HydrizBot</username>
<id>29590</id>
</contributor>
<minor />
<comment>Robô: A limpar links interwikis antigos</comment>
<model>wikitext</model>
<format>text/x-wiki</format>
<text bytes="180" xml:space="preserve">={{-pt-}}=
==Forma verbal==
'''saciais'''
#[[segunda pessoa]] do [[plural]] do [[presente]] do [[modo indicativo]] do verbo '''[[saciar]]'''
[[Categoria:Forma verbal (Português)]]</text>
<sha1>bv8o6z0lmxclm7w222ztdqqjdd9hfp8</sha1>
</revision>
</page>
