<page>
<title>saciaríamos</title>
<ns>0</ns>
<id>193265</id>
<revision>
<id>2404819</id>
<parentid>2023884</parentid>
<timestamp>2017-05-14T03:24:52Z</timestamp>
<contributor>
<username>HydrizBot</username>
<id>29590</id>
</contributor>
<minor />
<comment>Robô: A limpar links interwikis antigos</comment>
<model>wikitext</model>
<format>text/x-wiki</format>
<text bytes="176" xml:space="preserve">={{-pt-}}=
==Forma verbal==
'''saciaríamos'''
#[[primeira pessoa]] do [[plural]] do [[futuro do pretérito]] do verbo '''[[saciar]]'''
[[Categoria:Forma verbal (Português)]]</text>
<sha1>ibohtzyvx0s251g6iwbza0a58oo6uix</sha1>
</revision>
</page>
