<page>
<page>
<title>saciáveis</title>
<ns>0</ns>
<id>167576</id>
<revision>
<id>2404845</id>
<parentid>2135920</parentid>
<timestamp>2017-05-14T03:25:35Z</timestamp>
<contributor>
<username>HydrizBot</username>
<id>29590</id>
</contributor>
<minor />
<comment>Robô: A limpar links interwikis antigos</comment>
<model>wikitext</model>
<format>text/x-wiki</format>
<text bytes="196" xml:space="preserve">={{-pt-}}=
==Forma verbal==
'''saciáveis'''
#[[segunda pessoa]] do [[plural]] do [[pretérito imperfeito]] do [[modo indicativo]] do verbo '''[[saciar]]'''
[[Categoria:Forma verbal (Português)]]</text>
<sha1>kb9ko9srobkfwlkgqj4uq9rqus5x4lx</sha1>
</revision>
