<page>
<title>saciarias</title>
<ns>0</ns>
<id>200197</id>
<revision>
<id>2404814</id>
<parentid>2135938</parentid>
<timestamp>2017-05-14T03:24:45Z</timestamp>
<contributor>
<username>HydrizBot</username>
<id>29590</id>
</contributor>
<minor />
<comment>Robô: A limpar links interwikis antigos</comment>
<model>wikitext</model>
<format>text/x-wiki</format>
<text bytes="174" xml:space="preserve">={{-pt-}}=
==Forma verbal==
'''saciarias'''
#[[segunda pessoa]] do [[singular]] do [[futuro do pretérito]] do verbo '''[[saciar]]'''
[[Categoria:Forma verbal (Português)]]</text>
<sha1>0f802yiex6xde38ctttuluauh2zw5j0</sha1>
</revision>
</page>
