<page>
<title>saciando</title>
<ns>0</ns>
<id>155921</id>
<revision>
<id>2404801</id>
<parentid>2023892</parentid>
<timestamp>2017-05-14T03:24:23Z</timestamp>
<contributor>
<username>HydrizBot</username>
<id>29590</id>
</contributor>
<minor />
<comment>Robô: A limpar links interwikis antigos</comment>
<model>wikitext</model>
<format>text/x-wiki</format>
<text bytes="124" xml:space="preserve">={{-pt-}}=
==Forma verbal==
'''saciando'''
#[[gerúndio]] do verbo '''[[saciar]]'''
[[Categoria:Forma verbal (Português)]]</text>
<sha1>bvoncwpp0mf8ji5xs5wrn1e7j4bt1hj</sha1>
</revision>
</page>
