<page>
<title>saciemos</title>
<ns>0</ns>
<id>214307</id>
<revision>
<id>2404835</id>
<parentid>2023899</parentid>
<timestamp>2017-05-14T03:25:17Z</timestamp>
<contributor>
<username>HydrizBot</username>
<id>29590</id>
</contributor>
<minor />
<comment>Robô: A limpar links interwikis antigos</comment>
<model>wikitext</model>
<format>text/x-wiki</format>
<text bytes="369" xml:space="preserve">={{-pt-}}=
==Forma verbal==
'''saciemos'''
#[[primeira pessoa]] do [[plural]] do [[presente]] do [[modo subjuntivo]] do verbo '''[[saciar]]'''
#[[primeira pessoa]] do [[plural]] do [[imperativo]] [[afirmativo]] do verbo '''[[saciar]]'''
#[[primeira pessoa]] do [[plural]] do [[imperativo]] [[negativo]] do verbo '''[[saciar]]'''
[[Categoria:Forma verbal (Português)]]</text>
<sha1>4ot1pburj5x21kgjrt5b1noja8zk1ll</sha1>
</revision>
</page>
