<page>
<page>
<title>saciaram</title>
<ns>0</ns>
<id>175918</id>
<revision>
<id>2404804</id>
<parentid>2135908</parentid>
<timestamp>2017-05-14T03:24:28Z</timestamp>
<contributor>
<username>HydrizBot</username>
<id>29590</id>
</contributor>
<minor />
<comment>Robô: A limpar links interwikis antigos</comment>
<model>wikitext</model>
<format>text/x-wiki</format>
<text bytes="193" xml:space="preserve">={{-pt-}}=
==Forma verbal==
'''saciaram'''
#[[terceira pessoa]] do [[plural]] do [[pretérito perfeito]] do [[modo indicativo]] do verbo '''[[saciar]]'''
[[Categoria:Forma verbal (Português)]]</text>
<sha1>9mmb8jqo2t4tvi5772zfw5bsqnrn8yp</sha1>
</revision>
