<page>
<title>saciei</title>
<ns>0</ns>
<id>170473</id>
<revision>
<id>2404832</id>
<parentid>2135928</parentid>
<timestamp>2017-05-14T03:25:12Z</timestamp>
<contributor>
<username>HydrizBot</username>
<id>29590</id>
</contributor>
<minor />
<comment>Robô: A limpar links interwikis antigos</comment>
<model>wikitext</model>
<format>text/x-wiki</format>
<text bytes="193" xml:space="preserve">={{-pt-}}=
==Forma verbal==
'''saciei'''
#[[primeira pessoa]] do [[singular]] do [[pretérito perfeito]] do [[modo indicativo]] do verbo '''[[saciar]]'''
[[Categoria:Forma verbal (Português)]]</text>
<sha1>sqooow9apmhuhfi1mjtcs2hc3afa11r</sha1>
</revision>
</page>
