<page>
<page>
<title>saciaste</title>
<ns>0</ns>
<id>171898</id>
<revision>
<id>2404825</id>
<parentid>2023902</parentid>
<timestamp>2017-05-14T03:25:00Z</timestamp>
<contributor>
<username>HydrizBot</username>
<id>29590</id>
</contributor>
<minor />
<comment>Robô: A limpar links interwikis antigos</comment>
<model>wikitext</model>
<format>text/x-wiki</format>
<text bytes="194" xml:space="preserve">={{-pt-}}=
==Forma verbal==
'''saciaste'''
#[[segunda pessoa]] do [[singular]] do [[pretérito perfeito]] do [[modo indicativo]] do verbo '''[[saciar]]'''
[[Categoria:Forma verbal (Português)]]</text>
<sha1>57fqkvn4j2fhjcc5z6gitdyhibzie9k</sha1>
</revision>
