<page>
<page>
<title>saciareis</title>
<ns>0</ns>
<id>189256</id>
<revision>
<id>2404808</id>
<parentid>2023889</parentid>
<timestamp>2017-05-14T03:24:35Z</timestamp>
<contributor>
<username>HydrizBot</username>
<id>29590</id>
</contributor>
<minor />
<comment>Robô: A limpar links interwikis antigos</comment>
<model>wikitext</model>
<format>text/x-wiki</format>
<text bytes="170" xml:space="preserve">={{-pt-}}=
==Forma verbal==
'''saciareis'''
#[[segunda pessoa]] do [[plural]] do [[futuro do presente]] do verbo '''[[saciar]]'''
[[Categoria:Forma verbal (Português)]]</text>
<sha1>i9khf5p43dz0zg3qk8z4xhfevcmk4uu</sha1>
</revision>
