<page>
<title>saciarás</title>
<ns>0</ns>
<id>185079</id>
<revision>
<id>2404817</id>
<parentid>2023885</parentid>
<timestamp>2017-05-14T03:24:49Z</timestamp>
<contributor>
<username>HydrizBot</username>
<id>29590</id>
</contributor>
<minor />
<comment>Robô: A limpar links interwikis antigos</comment>
<model>wikitext</model>
<format>text/x-wiki</format>
<text bytes="172" xml:space="preserve">={{-pt-}}=
==Forma verbal==
'''saciarás'''
#[[segunda pessoa]] do [[singular]] do [[futuro do presente]] do verbo '''[[saciar]]'''
[[Categoria:Forma verbal (Português)]]</text>
<sha1>tlj4eb7lgdd7zj0gm0y4m2ql7alc8v7</sha1>
</revision>
</page>
