<page>
<title>saci</title>
<ns>0</ns>
<id>295112</id>
<revision>
<id>2404791</id>
<parentid>2135913</parentid>
<timestamp>2017-05-14T03:24:08Z</timestamp>
<contributor>
<username>HydrizBot</username>
<id>29590</id>
</contributor>
<minor />
<comment>Robô: A limpar links interwikis antigos</comment>
<model>wikitext</model>
<format>text/x-wiki</format>
<text bytes="404" xml:space="preserve">{{Wikipédia}}
={{-pt-}}=
==Substantivo==
{{flex.pt|ms=saci|mp=sacis}}
{{oxítona|sa|ci}}, {{m}}
# [[personagem]] do [[folclore]] [[brasileiro]], um negrinho de uma perna só, gorro vermelho e cachimbo, famoso por suas travessuras.
===Sinônimo===
* [[saci-pererê]]
==Anagramas==
# [[cais]]
# [[iças]]
# [[isca]]
# [[sica]]
[[Categoria:Substantivo (Português)]]
[[Categoria:Folclore (Português)]]</text>
<sha1>eti49c0macxwuvvasqf56as562ivdec</sha1>
</revision>
</page>
