<page>
<title>sacio</title>
<ns>0</ns>
<id>152030</id>
<revision>
<id>2404837</id>
<parentid>2023897</parentid>
<timestamp>2017-05-14T03:25:21Z</timestamp>
<contributor>
<username>HydrizBot</username>
<id>29590</id>
</contributor>
<minor />
<comment>Robô: A limpar links interwikis antigos</comment>
<model>wikitext</model>
<format>text/x-wiki</format>
<text bytes="178" xml:space="preserve">={{-pt-}}=
==Forma verbal==
'''sacio'''
#[[primeira]] [[pessoa]] do [[singular]] do [[presente]] [[indicativo]] do verbo '''[[saciar]]'''
[[Categoria:Forma verbal (Português)]]</text>
<sha1>pfkw4a4rsjeql1tmtuaynyoxs0m4nda</sha1>
</revision>
</page>
