<page>
<page>
<title>saciedade</title>
<ns>0</ns>
<id>275145</id>
<revision>
<id>2617453</id>
<parentid>2404831</parentid>
<timestamp>2021-02-01T03:57:13Z</timestamp>
<contributor>
<username>MarxavBot</username>
<id>80155</id>
</contributor>
<minor />
<comment>AFI Portugal</comment>
<model>wikitext</model>
<format>text/x-wiki</format>
<text bytes="642" xml:space="preserve">{{confundir|sociedade}}
={{-pt-}}=
==Substantivo==
{{flex.pt|fs=saciedade|fp=saciedades}}
{{paroxítona|sa|ci|e|da|de}}
# estado de uma pessoa completamente saciada; [[satisfação]] do [[apetite]]; [[fartura]]
# [[fastio]], [[aborrecimento]]
===Expressões===
* '''[[à saciedade]]''': até fartar, exuberantemente.
===Sinônimos===
{{verTambém.Ini}}
* [[fartura]]
{{verTambém.NovaColuna}}
* [[repleção]]
{{verTambém.NovaColuna}}
* [[saturação]]
{{verTambém.Fim}}
=={{etimologia|pt}}==
: Do latim ''satietas, atis''.
=={{pronúncia|pt}}==
===Portugal===
* AFI: {{AFI|/sɐ.sjɐ.ˈda.dɨ/}}
[[Categoria:Substantivo (Português)]]</text>
<sha1>5jq8at8lak5b6u9nra6ga5whn7r7pfq</sha1>
</revision>
