<page>
<title>sacieis</title>
<ns>0</ns>
<id>217260</id>
<revision>
<id>2404833</id>
<parentid>2135927</parentid>
<timestamp>2017-05-14T03:25:14Z</timestamp>
<contributor>
<username>HydrizBot</username>
<id>29590</id>
</contributor>
<minor />
<comment>Robô: A limpar links interwikis antigos</comment>
<model>wikitext</model>
<format>text/x-wiki</format>
<text bytes="272" xml:space="preserve">={{-pt-}}=
==Forma verbal==
'''sacieis'''
#[[segunda pessoa]] do [[plural]] do [[presente]] do [[modo subjuntivo]] do verbo '''[[saciar]]'''
#[[segunda pessoa]] do [[plural]] do [[imperativo]] [[negativo]] do verbo '''[[saciar]]'''
[[Categoria:Forma verbal (Português)]]</text>
<sha1>6aua2extdl4ib6ua7yyxx21eftu7f8p</sha1>
</revision>
</page>
