<page>
<page>
<title>saciarmos</title>
<ns>0</ns>
<id>208705</id>
<revision>
<id>2404815</id>
<parentid>2135937</parentid>
<timestamp>2017-05-14T03:24:46Z</timestamp>
<contributor>
<username>HydrizBot</username>
<id>29590</id>
</contributor>
<minor />
<comment>Robô: A limpar links interwikis antigos</comment>
<model>wikitext</model>
<format>text/x-wiki</format>
<text bytes="269" xml:space="preserve">={{-pt-}}=
==Forma verbal==
'''saciarmos'''
#[[primeira pessoa]] do [[plural]] do [[futuro]] do [[modo subjuntivo]] do verbo '''[[saciar]]'''
#[[infinitivo pessoal]] da [[primeira pessoa]] do [[plural]] do verbo '''[[saciar]]'''
[[Categoria:Forma verbal (Português)]]</text>
<sha1>drzscaw9qwnl2yo63dglc7fb29j3uwy</sha1>
</revision>
