<page>
<page>
<title>saciarem</title>
<ns>0</ns>
<id>211508</id>
<revision>
<id>2404809</id>
<parentid>1793194</parentid>
<timestamp>2017-05-14T03:24:37Z</timestamp>
<contributor>
<username>HydrizBot</username>
<id>29590</id>
</contributor>
<minor />
<comment>Robô: A limpar links interwikis antigos</comment>
<model>wikitext</model>
<format>text/x-wiki</format>
<text bytes="268" xml:space="preserve">={{-pt-}}=
==Forma verbal==
'''saciarem'''
#[[terceira pessoa]] do [[plural]] do [[futuro]] do [[modo subjuntivo]] do verbo '''[[saciar]]'''
#[[infinitivo pessoal]] da [[terceira pessoa]] do [[plural]] do verbo '''[[saciar]]'''
[[Categoria:Forma verbal (Português)]]</text>
<sha1>7h8h7r0h2h5d36frp4swyko2wifii85</sha1>
</revision>
