<page>
<page>
<title>saciariam</title>
<ns>0</ns>
<id>195908</id>
<revision>
<id>2404813</id>
<parentid>2135939</parentid>
<timestamp>2017-05-14T03:24:43Z</timestamp>
<contributor>
<username>HydrizBot</username>
<id>29590</id>
</contributor>
<minor />
<comment>Robô: A limpar links interwikis antigos</comment>
<model>wikitext</model>
<format>text/x-wiki</format>
<text bytes="173" xml:space="preserve">={{-pt-}}=
==Forma verbal==
'''saciariam'''
#[[terceira pessoa]] do [[plural]] do [[futuro do pretérito]] do verbo '''[[saciar]]'''
[[Categoria:Forma verbal (Português)]]</text>
<sha1>f7f7la2ecubaw0w62sco99ba6jqdx8p</sha1>
</revision>
