<page>
<page>
<title>saciaríeis</title>
<ns>0</ns>
<id>194572</id>
<revision>
<id>2404820</id>
<parentid>2135935</parentid>
<timestamp>2017-05-14T03:24:53Z</timestamp>
<contributor>
<username>HydrizBot</username>
<id>29590</id>
</contributor>
<minor />
<comment>Robô: A limpar links interwikis antigos</comment>
<model>wikitext</model>
<format>text/x-wiki</format>
<text bytes="174" xml:space="preserve">={{-pt-}}=
==Forma verbal==
'''saciaríeis'''
#[[segunda pessoa]] do [[plural]] do [[futuro do pretérito]] do verbo '''[[saciar]]'''
[[Categoria:Forma verbal (Português)]]</text>
<sha1>qqu5htvsot6tabk6ujuarwfrgwj0x2r</sha1>
</revision>
