<page>
<page>
<title>saciardes</title>
<ns>0</ns>
<id>210171</id>
<revision>
<id>2404806</id>
<parentid>2135907</parentid>
<timestamp>2017-05-14T03:24:32Z</timestamp>
<contributor>
<username>HydrizBot</username>
<id>29590</id>
</contributor>
<minor />
<comment>Robô: A limpar links interwikis antigos</comment>
<model>wikitext</model>
<format>text/x-wiki</format>
<text bytes="267" xml:space="preserve">={{-pt-}}=
==Forma verbal==
'''saciardes'''
#[[segunda pessoa]] do [[plural]] do [[futuro]] do [[modo subjuntivo]] do verbo '''[[saciar]]'''
#[[infinitivo pessoal]] da [[segunda pessoa]] do [[plural]] do verbo '''[[saciar]]'''
[[Categoria:Forma verbal (Português)]]</text>
<sha1>mwsm738vjp0dncyup09o28xmpmhe04m</sha1>
</revision>
