<page>
<page>
<title>saciávamos</title>
<ns>0</ns>
<id>163138</id>
<revision>
<id>2404844</id>
<parentid>2135921</parentid>
<timestamp>2017-05-14T03:25:33Z</timestamp>
<contributor>
<username>HydrizBot</username>
<id>29590</id>
</contributor>
<minor />
<comment>Robô: A limpar links interwikis antigos</comment>
<model>wikitext</model>
<format>text/x-wiki</format>
<text bytes="198" xml:space="preserve">={{-pt-}}=
==Forma verbal==
'''saciávamos'''
#[[primeira pessoa]] do [[plural]] do [[pretérito imperfeito]] do [[modo indicativo]] do verbo '''[[saciar]]'''
[[Categoria:Forma verbal (Português)]]</text>
<sha1>r77zt30aqr43p1798fi0b2rsaawu176</sha1>
</revision>
