<page>
<page>
<title>saciam</title>
<ns>0</ns>
<id>160419</id>
<revision>
<id>2404799</id>
<parentid>2135909</parentid>
<timestamp>2017-05-14T03:24:19Z</timestamp>
<contributor>
<username>HydrizBot</username>
<id>29590</id>
</contributor>
<minor />
<comment>Robô: A limpar links interwikis antigos</comment>
<model>wikitext</model>
<format>text/x-wiki</format>
<text bytes="180" xml:space="preserve">={{-pt-}}=
==Forma verbal==
'''saciam'''
#[[terceira pessoa]] do [[plural]] do [[presente]] do [[modo indicativo]] do verbo '''[[saciar]]'''
[[Categoria:Forma verbal (Português)]]</text>
<sha1>d21brko4h9dh0bc0fv86vcpj7qqqqsg</sha1>
</revision>
