<page>
<page>
<title>saciassem</title>
<ns>0</ns>
<id>202890</id>
<revision>
<id>2404823</id>
<parentid>2135933</parentid>
<timestamp>2017-05-14T03:24:57Z</timestamp>
<contributor>
<username>HydrizBot</username>
<id>29590</id>
</contributor>
<minor />
<comment>Robô: A limpar links interwikis antigos</comment>
<model>wikitext</model>
<format>text/x-wiki</format>
<text bytes="197" xml:space="preserve">={{-pt-}}=
==Forma verbal==
'''saciassem'''
#[[terceira pessoa]] do [[plural]] do [[pretérito imperfeito]] do [[modo subjuntivo]] do verbo '''[[saciar]]'''
[[Categoria:Forma verbal (Português)]]</text>
<sha1>qn046bcldxees5xcmnaqco07iw2czj7</sha1>
</revision>
