<page>
<page>
<title>saciado</title>
<ns>0</ns>
<id>272533</id>
<revision>
<id>2404795</id>
<parentid>2023894</parentid>
<timestamp>2017-05-14T03:24:14Z</timestamp>
<contributor>
<username>HydrizBot</username>
<id>29590</id>
</contributor>
<minor />
<comment>Robô: A limpar links interwikis antigos</comment>
<model>wikitext</model>
<format>text/x-wiki</format>
<text bytes="423" xml:space="preserve">={{-pt-}}=
==Adjetivo==
{{flex.pt|ms=saciado|mp=saciados|fs=saciada|fp=saciadas}}
{{paroxítona|sa|ci|a|do}}, {{m}}
# que se [[saciar|saciou]]
===Tradução===
{{tradini}}
* {{trad|en|sated}}
* {{trad|la|satur}}
{{tradmeio}}
* {{trad|pl|syty}}
* {{trad|tet|bosu}}
{{tradfim}}
=={{etimologia|pt}}==
: Particípio passado do verbo [[saciar]].
==Anagramas==
* [[acádios]]
* [[caiados]]
[[Categoria:Adjetivo (Português)]]</text>
<sha1>gbl9az554rga8yc8raaxwdj4w248bjh</sha1>
</revision>
