<page>
<page>
<title>saciada</title>
<ns>0</ns>
<id>341754</id>
<revision>
<id>2404793</id>
<parentid>1962092</parentid>
<timestamp>2017-05-14T03:24:10Z</timestamp>
<contributor>
<username>HydrizBot</username>
<id>29590</id>
</contributor>
<minor />
<comment>Robô: A limpar links interwikis antigos</comment>
<model>wikitext</model>
<format>text/x-wiki</format>
<text bytes="207" xml:space="preserve">={{-pt-}}=
==Forma de adjetivo==
{{paroxítona|sa|ci|a|da}}, {{f}}
# feminino de [[saciado]]
{{avi-for-fle|saciado}}
==Anagramas==
# [[acádias]]
# [[caiadas]]
[[Categoria:Forma de adjetivo (Português)]]</text>
<sha1>ov5q2bfq6yxh8loccveho06lcul3oth</sha1>
</revision>
