<page>
<page>
<title>saciarão</title>
<ns>0</ns>
<id>190620</id>
<revision>
<id>2404818</id>
<parentid>2135936</parentid>
<timestamp>2017-05-14T03:24:50Z</timestamp>
<contributor>
<username>HydrizBot</username>
<id>29590</id>
</contributor>
<minor />
<comment>Robô: A limpar links interwikis antigos</comment>
<model>wikitext</model>
<format>text/x-wiki</format>
<text bytes="171" xml:space="preserve">={{-pt-}}=
==Forma verbal==
'''saciarão'''
#[[terceira pessoa]] do [[plural]] do [[futuro do presente]] do verbo '''[[saciar]]'''
[[Categoria:Forma verbal (Português)]]</text>
<sha1>n0iif1a08v5nsfo4l8719cfsn4av9xr</sha1>
</revision>
