<page>
<title>saciasses</title>
<ns>0</ns>
<id>197220</id>
<revision>
<id>2404824</id>
<parentid>2135932</parentid>
<timestamp>2017-05-14T03:24:59Z</timestamp>
<contributor>
<username>HydrizBot</username>
<id>29590</id>
</contributor>
<minor />
<comment>Robô: A limpar links interwikis antigos</comment>
<model>wikitext</model>
<format>text/x-wiki</format>
<text bytes="198" xml:space="preserve">={{-pt-}}=
==Forma verbal==
'''saciasses'''
#[[segunda pessoa]] do [[singular]] do [[pretérito imperfeito]] do [[modo subjuntivo]] do verbo '''[[saciar]]'''
[[Categoria:Forma verbal (Português)]]</text>
<sha1>muu1xgfddqu2oob4cqfv9pdoqghw5xv</sha1>
</revision>
</page>
