<page>
<page>
<title>saciava</title>
<ns>0</ns>
<id>204234</id>
<revision>
<id>2404827</id>
<parentid>1793191</parentid>
<timestamp>2017-05-14T03:25:03Z</timestamp>
<contributor>
<username>HydrizBot</username>
<id>29590</id>
</contributor>
<minor />
<comment>Robô: A limpar links interwikis antigos</comment>
<model>wikitext</model>
<format>text/x-wiki</format>
<text bytes="228" xml:space="preserve">={{-pt-}}=
==Forma verbal==
'''saciava'''
#[[primeira pessoa|primeira]] e [[terceira pessoa]] do [[singular]] do [[pretérito imperfeito]] do [[modo indicativo]] do verbo '''[[saciar]]'''
[[Categoria:Forma verbal (Português)]]</text>
<sha1>c37xqp65j09q767tomm11j4fsu9bson</sha1>
</revision>
