<page>
<title>saciai</title>
<ns>0</ns>
<id>220161</id>
<revision>
<id>2404797</id>
<parentid>2135911</parentid>
<timestamp>2017-05-14T03:24:17Z</timestamp>
<contributor>
<username>HydrizBot</username>
<id>29590</id>
</contributor>
<minor />
<comment>Robô: A limpar links interwikis antigos</comment>
<model>wikitext</model>
<format>text/x-wiki</format>
<text bytes="174" xml:space="preserve">={{-pt-}}=
==Forma verbal==
'''saciai'''
#[[segunda pessoa]] do [[plural]] do [[imperativo]] [[afirmativo]] do verbo '''[[saciar]]'''
[[Categoria:Forma verbal (Português)]]</text>
<sha1>jyd32jv6kg8bf39oc1kczfyeog7bll7</sha1>
</revision>
</page>
