<page>
<title>saciados</title>
<ns>0</ns>
<id>341888</id>
<revision>
<id>2404796</id>
<parentid>1962063</parentid>
<timestamp>2017-05-14T03:24:15Z</timestamp>
<contributor>
<username>HydrizBot</username>
<id>29590</id>
</contributor>
<minor />
<comment>Robô: A limpar links interwikis antigos</comment>
<model>wikitext</model>
<format>text/x-wiki</format>
<text bytes="162" xml:space="preserve">={{-pt-}}=
==Forma de adjetivo==
{{paroxítona|sa|ci|a|dos}}, {{m}}
# plural de [[saciado]]
{{avi-for-fle|saciado}}
[[Categoria:Forma de adjetivo (Português)]]</text>
<sha1>g9mbbs81kt04k2l4zjt1ytpgtivnjqy</sha1>
</revision>
</page>
