<page>
<title>saciaremos</title>
<ns>0</ns>
<id>187810</id>
<revision>
<id>2404810</id>
<parentid>2023888</parentid>
<timestamp>2017-05-14T03:24:39Z</timestamp>
<contributor>
<username>HydrizBot</username>
<id>29590</id>
</contributor>
<minor />
<comment>Robô: A limpar links interwikis antigos</comment>
<model>wikitext</model>
<format>text/x-wiki</format>
<text bytes="172" xml:space="preserve">={{-pt-}}=
==Forma verbal==
'''saciaremos'''
#[[primeira pessoa]] do [[plural]] do [[futuro do presente]] do verbo '''[[saciar]]'''
[[Categoria:Forma verbal (Português)]]</text>
<sha1>9e9fzh24v56l1fi76c2xin3qjd2yg97</sha1>
</revision>
</page>
