<page>
<page>
<title>saciámos</title>
<ns>0</ns>
<id>164576</id>
<revision>
<id>2404839</id>
<parentid>2256899</parentid>
<timestamp>2017-05-14T03:25:24Z</timestamp>
<contributor>
<username>HydrizBot</username>
<id>29590</id>
</contributor>
<minor />
<comment>Robô: A limpar links interwikis antigos</comment>
<model>wikitext</model>
<format>text/x-wiki</format>
<text bytes="265" xml:space="preserve">={{-pt-}}=
==Forma verbal==
{{paroxítona|sa|ci|á|mos}}
# {{escopo2|grafia lusitana}} primeira pessoa do plural do pretérito perfeito do modo indicativo do verbo [[saciar]]
{{avi-for-fle|saciar}}
[[Categoria:Forma verbal (Português)]]
[[Categoria:Lusitanismo]]</text>
<sha1>mivtsa8gnv6991523r7h4fhh0ahk478</sha1>
</revision>
