<page>
<title>saciadas</title>
<ns>0</ns>
<id>341887</id>
<revision>
<id>2404794</id>
<parentid>1962062</parentid>
<timestamp>2017-05-14T03:24:12Z</timestamp>
<contributor>
<username>HydrizBot</username>
<id>29590</id>
</contributor>
<minor />
<comment>Robô: A limpar links interwikis antigos</comment>
<model>wikitext</model>
<format>text/x-wiki</format>
<text bytes="171" xml:space="preserve">={{-pt-}}=
==Forma de adjetivo==
{{paroxítona|sa|ci|a|das}}, {{f}}
# feminino plural de [[saciado]]
{{avi-for-fle|saciado}}
[[Categoria:Forma de adjetivo (Português)]]</text>
<sha1>8f9mpomwzzxpvsbk91kiyd2mlnewd60</sha1>
</revision>
</page>
