<page>
<title>Sack</title>
<ns>0</ns>
<id>386154</id>
<revision>
<id>2462622</id>
<parentid>2462503</parentid>
<timestamp>2017-11-24T06:03:59Z</timestamp>
<contributor>
<username>Spanier</username>
<id>43713</id>
</contributor>
<minor />
<model>wikitext</model>
<format>text/x-wiki</format>
<text bytes="442" xml:space="preserve">={{-de-}}=
== Substantivo ==
'''Sack''', {{gramática|m|lang=de}}
# [[saco]], [[saca]]
=== Declinação ===
{{decl.de.subst.masc|gs=(e)s|np=e|ds=e|S|a|ck|ä}}
===Expressões===
* die Katze im '''Sack''' kaufen : comprar gato por lebre 
=={{etimologia|de}}==
: Do [[alto alemão antigo]] ''sac''.
== Pronúncia ==
* [[Ajuda:Guia de pronúncia|AFI]]: {{AFI|/zak/|de}} {{audio|De-Sack.ogg|ouvir|lang=de}}
[[Categoria:Substantivo (Alemão)]]</text>
<sha1>6m6tymah7vqpynl6po2snxb3a3idyif</sha1>
</revision>
</page>
