<page>
<title>sacolas</title>
<ns>0</ns>
<id>352876</id>
<revision>
<id>2404850</id>
<parentid>2135917</parentid>
<timestamp>2017-05-14T03:25:46Z</timestamp>
<contributor>
<username>HydrizBot</username>
<id>29590</id>
</contributor>
<minor />
<comment>Robô: A limpar links interwikis antigos</comment>
<model>wikitext</model>
<format>text/x-wiki</format>
<text bytes="162" xml:space="preserve">={{-pt-}}=
==Forma de substantivo==
{{paroxítona|sa|co|las}}, {{f}}
# plural de [[sacola]]
{{avi-for-fle|sacola}}
[[Categoria:Forma de substantivo (Português)]]</text>
<sha1>3r5ufooqk0frm1jfm4v9ip2xahp5lgh</sha1>
</revision>
</page>
