<page>
<page>
<title>sacolão</title>
<ns>0</ns>
<id>370557</id>
<revision>
<id>2404851</id>
<parentid>2212350</parentid>
<timestamp>2017-05-14T03:25:47Z</timestamp>
<contributor>
<username>HydrizBot</username>
<id>29590</id>
</contributor>
<minor />
<comment>Robô: A limpar links interwikis antigos</comment>
<model>wikitext</model>
<format>text/x-wiki</format>
<text bytes="317" xml:space="preserve">={{-pt-}}=
==Substantivo==
{{flex.pt|ms=sacolão|mp=sacolões}}
{{oxítona|sa|co|lão}}, {{g|m}}
# aumentativo de [[sacola]]
# local onde se vendem [[fruta]]s e [[verdura]]s
===Sinônimos===
* [[quitanda]] (comércio de frutas e verduras)
[[Categoria:Substantivo (Português)]]
[[Categoria:Comércio (Português)]]</text>
<sha1>pcbtiz61hi0f6eoq33cyawk2xmlclzu</sha1>
</revision>
