<page>
<title>sacolejo</title>
<ns>0</ns>
<id>199941</id>
<revision>
<id>1172897</id>
<parentid>783727</parentid>
<timestamp>2011-07-06T16:56:42Z</timestamp>
<contributor>
<username>MalafayaBot</username>
<id>628</id>
</contributor>
<minor />
<comment>Robô: Substituição de texto automática (-^\=\s?Português\s?\= +={{-pt-}}= &amp; -^\=\s?\{\{pt\}\}\s?\= +={{-pt-}}=)</comment>
<model>wikitext</model>
<format>text/x-wiki</format>
<text bytes="361" xml:space="preserve">={{-pt-}}=
==Substantivo==
{{flex.pt|ms=sacolejo|mp=sacolejos}}
{{paroxítona|sa|co|le|jo}}
# ação ou resultado de [[sacolejar]], [[sacudir]], [[remexer]]
==Forma verbal==
{{paroxítona|sa|co|le|jo}}
# primeira pessoa do singular do presente do indicativo do verbo [[sacolejar]]
[[Categoria:Substantivo (Português)]]
[[Categoria:Forma verbal (Português)]]</text>
<sha1>ee0mb0bbgze6bd5luy1a5su0n245tps</sha1>
</revision>
</page>
