<page>
<title>sacristia</title>
<ns>0</ns>
<id>10549</id>
<revision>
<id>2619797</id>
<parentid>2404866</parentid>
<timestamp>2021-02-01T19:46:16Z</timestamp>
<contributor>
<username>MarxavBot</username>
<id>80155</id>
</contributor>
<minor />
<comment>AFI Portugal</comment>
<model>wikitext</model>
<format>text/x-wiki</format>
<text bytes="1346" xml:space="preserve">{{Wikipédia}}
={{-pt-}}=
==Substantivo==
{{flex.pt|fs=sacristia|fp=sacristias}}
{{paroxítona|sa|cris|ti|a}}, {{gramática|f}}
# [[cômodo]] de uma [[igreja]] onde se guardam objetos sagrados e vestimentas
#* ''Exigir que um jornalista guarde sigilo sobre investigações de interesse público, segundo ele, equivale a pedir que o advogado denuncie seu cliente ou ao padre que entregue à Justiça o fiel que se confessou na '''sacristia'''.'' {{OESP|2009|outubro|26}}
===Expressões===
* '''[[rata de sacristia]]''': beata
===Tradução===
{{tradini}}
* {{trad|de|Sakristei}}
* {{trad|ca|sagristia}}
* {{trad|cs|sakristie}}
* {{trad|da|sakristi}}
* {{trad|sl|zakristija}}
* {{trad|es|sacristía}}
* {{trad|eo|sakristio}}
* {{trad|fi|sakasti}}
* {{trad|fr|sacristie}}
* {{trad|gl|sancristía}}
{{tradmeio}}
* {{trad|nl|sacristie}}
* {{trad|en|sacristy}}
* {{trad|it|sagrestia}}
* {{trad|li|sacristie}}
* {{trad|lt|zakristija}}
* {{trad|no|sakristi}}
* {{trad|pl|zakrystia}}
* {{trad|ru|ризница}}
* {{trad|sv|sakristia}}
{{tradfim}}
=={{etimologia|pt}}==
: Do latim medieval ''sacristia, ae''.
=={{pronúncia|pt}}==
===Portugal===
* AFI: {{AFI|/sa.kɾiʃ.ˈti.ɐ/}}
==Ver também==
===No Wikcionário===
* [[cristianismo]]
==Anagrama==
# [[satíricas]]
[[Categoria:Substantivo (Português)]]
[[Categoria:Cristianismo (Português)]]</text>
<sha1>ry7n8c13mnzzto417u7dwhyannn7jfx</sha1>
</revision>
</page>
