<page>
<title>sacrário</title>
<ns>0</ns>
<id>344360</id>
<revision>
<id>2591785</id>
<parentid>2404871</parentid>
<timestamp>2020-07-04T08:51:21Z</timestamp>
<contributor>
<username>ValJor</username>
<id>1358</id>
</contributor>
<comment>Acrescentando código de língua à [[:Categoria:!Página com mensagem de erro em predefinição|predefinição escopo]]</comment>
<model>wikitext</model>
<format>text/x-wiki</format>
<text bytes="846" xml:space="preserve">{{Wikipédia}}
={{-pt-}}=
==Substantivo==
{{flex.pt|ms=sacrário|mp=sacrários}}
{{proparoxítona aparente|sa|crá|ri|o}}, {{gramática|m}}
# [[lugar]] onde se [[guardar|guardam]] [[coisa]]s [[sagrado|sagradas]], especialmente [[hóstia]]s ou [[relíquia]]s
#* ''Dentro da Catedral, a capela do Divino Espírito Santo tem um '''sacrário''' em forma da árvore, feito em acariquara.'' {{OESP|2009|junho|12}}
# [[partícula]]s da [[comunhão]]
# {{escopo|pt|Figurado}} [[intimidade]]
# {{escopo|pt|Figurado}} lugar reservado e respeitável
=={{etimologia|pt}}==
{{llietimo|la|sacrarium|pt}}
==Ligações externas==
* {{Aulete}}
* {{DicioAberto}}
* {{DPLP}}
* {{Infopédia}}
* {{PLP}}
* {{VOLPABL}}
==Anagramas==
&lt;!-- índice para anagramas: pt: aaciorrs --&gt;
# [[corsária]]
# [[rociaras]]
# [[roscaria]]
[[Categoria:Substantivo (Português)]]</text>
<sha1>s12bud1ch5fueezn39wdwtmwrci9wsc</sha1>
</revision>
</page>
