<page>
<title>sacro</title>
<ns>0</ns>
<id>250511</id>
<revision>
<id>2617481</id>
<parentid>2404868</parentid>
<timestamp>2021-02-01T04:01:56Z</timestamp>
<contributor>
<username>MarxavBot</username>
<id>80155</id>
</contributor>
<minor />
<comment>AFI Portugal</comment>
<model>wikitext</model>
<format>text/x-wiki</format>
<text bytes="1007" xml:space="preserve">={{-pt-}}=
==Adjetivo==
{{flex.pt|ms=sacro|mp=sacros|fs=sacra|fp=sacras}}
{{paroxítona|sa|cro}}, {{m}}
# [[sagrado]], qualificativo dado a aquilo que tem relação com o divino, a aquilo que se tem em mui alta estima
===Antônimos===
{{verTambém.Ini}}
* [[mundano]]
{{verTambém.NovaColuna}}
* [[terreno]]
{{verTambém.NovaColuna}}
* [[terrestre]]
{{verTambém.Fim}}
===Verbetes derivados===
{{verTambém.Ini}}
* [[sacralidade]]
{{verTambém.NovaColuna}}
* [[sacralização]]
{{verTambém.NovaColuna}}
* [[sacralizar]]
{{verTambém.Fim}}
==Substantivo==
{{flex.pt|ms=sacro|mp=sacros}}
{{paroxítona|sa|cro|}}, {{m}}
# [[osso]] da parte final da coluna vertebral formado pela união de várias [[vértebra|vértebras]] e com o qual articulam os [[quadril|quadris]]
=={{pronúncia|pt}}==
===Portugal===
* AFI: {{AFI|/ˈsa.kɾu/}}
==Ver também==
===Na Wikipédia===
* [[w:sacro|osso sacro]]
[[Categoria:Adjetivo (Português)]]
[[Categoria:Substantivo (Português)]]
[[Categoria:Biologia (Português)]]</text>
<sha1>556ase36581g57qexsnljcrywol7b6l</sha1>
</revision>
</page>
