<page>
<title>sacristãos</title>
<ns>0</ns>
<id>373268</id>
<revision>
<id>2229929</id>
<parentid>2229928</parentid>
<timestamp>2017-01-29T10:19:57Z</timestamp>
<contributor>
<username>MIL973</username>
<id>41339</id>
</contributor>
<model>wikitext</model>
<format>text/x-wiki</format>
<text bytes="272" xml:space="preserve">={{-pt-}}=
==Forma de substantivo== 
{{oxítona|sa|cris|tãos}}, {{gramática|mp}}
# plural de [[sacristão]]
==={{-varort-}}===
{{colunas|2}}
* [[sacristães]]
* [[sacristões]]
{{colunas/fim}}
{{avi-for-fle|sacristão}}
[[Categoria:Forma de substantivo (Português)]]</text>
<sha1>6q58haohy14dcnu837w5kyb6nceb1t6</sha1>
</revision>
</page>
