<page>
<page>
<title>sacrifiquem</title>
<ns>0</ns>
<id>93101</id>
<revision>
<id>2404862</id>
<parentid>1172899</parentid>
<timestamp>2017-05-14T03:26:13Z</timestamp>
<contributor>
<username>HydrizBot</username>
<id>29590</id>
</contributor>
<minor />
<comment>Robô: A limpar links interwikis antigos</comment>
<model>wikitext</model>
<format>text/x-wiki</format>
<text bytes="243" xml:space="preserve">={{-pt-}}=
==Forma verbal==
{{paroxítona|sa|cri|fi|quem}}
# terceira pessoa do plural do presente do conjuntivo do verbo [[sacrificar]]
# terceira pessoa do plural do imperativo do verbo [[sacrificar]]
[[Categoria:Forma verbal (Português)]]</text>
<sha1>mj844l76tasxzdag0diaxjlhda5blrc</sha1>
</revision>
