<page>
<page>
<title>sacros</title>
<ns>0</ns>
<id>328818</id>
<revision>
<id>2404869</id>
<parentid>2107276</parentid>
<timestamp>2017-05-14T03:26:29Z</timestamp>
<contributor>
<username>HydrizBot</username>
<id>29590</id>
</contributor>
<minor />
<comment>Robô: A limpar links interwikis antigos</comment>
<model>wikitext</model>
<format>text/x-wiki</format>
<text bytes="281" xml:space="preserve">={{-pt-}}=
==Forma de adjetivo==
{{paroxítona|sa|cros}}, {{m}}
# plural de [[sacro]]
==Forma de substantivo==
{{paroxítona|sa|cros}}, {{m}}
# plural de [[sacro]]
{{avi-for-fle|sacro}}
[[Categoria:Forma de adjetivo (Português)]]
[[Categoria:Forma de substantivo (Português)]]</text>
<sha1>31y6qqeur0jyu1100imf05mxidpa1bb</sha1>
</revision>
