<page>
<title>sacralizar</title>
<ns>0</ns>
<id>321353</id>
<revision>
<id>2404855</id>
<parentid>2178964</parentid>
<timestamp>2017-05-14T03:25:54Z</timestamp>
<contributor>
<username>HydrizBot</username>
<id>29590</id>
</contributor>
<minor />
<comment>Robô: A limpar links interwikis antigos</comment>
<model>wikitext</model>
<format>text/x-wiki</format>
<text bytes="427" xml:space="preserve">={{-pt-}}=
==Verbo==
{{oxítona|sa|cra|li|zar}}, {{gramática|vtd}}
# [[tornar]] [[sacro]] ou [[sagrado]]
===Antônimos===
{{verTambém.Ini}}
* [[mundanizar]]
{{verTambém.NovaColuna}}
* [[profanizar]]
{{verTambém.Fim}}
===Conjugação===
{{conj/pt|sacraliz|ar}}
===Verbetes derivados===
* [[sacralização]]
=={{etimologia|pt}}==
: {{escopo|Morfologia}} [[sacro]] + [[-al-]] + [[-izar]].
[[Categoria:Verbo (Português)]]</text>
<sha1>iyunh20pkup0grvfo1chzczflhd1w8x</sha1>
</revision>
</page>
