<page>
<title>sacrificando</title>
<ns>0</ns>
<id>98787</id>
<revision>
<id>2404859</id>
<parentid>2023905</parentid>
<timestamp>2017-05-14T03:26:03Z</timestamp>
<contributor>
<username>HydrizBot</username>
<id>29590</id>
</contributor>
<minor />
<comment>Robô: A limpar links interwikis antigos</comment>
<model>wikitext</model>
<format>text/x-wiki</format>
<text bytes="137" xml:space="preserve">={{-pt-}}=
==Forma verbal==
{{paroxítona|sa|cri|fi|can|do}}
# gerúndio do verbo [[sacrificar]]
[[Categoria:Forma verbal (Português)]]</text>
<sha1>5z0uo4ryy5coeqvzxnjecdt8wd3af2j</sha1>
</revision>
</page>
