<page>
<title>sacristãs</title>
<ns>0</ns>
<id>373267</id>
<revision>
<id>2229926</id>
<parentid>2229925</parentid>
<timestamp>2017-01-29T10:17:15Z</timestamp>
<contributor>
<username>MIL973</username>
<id>41339</id>
</contributor>
<model>wikitext</model>
<format>text/x-wiki</format>
<text bytes="194" xml:space="preserve">={{-pt-}}=
==Forma de substantivo== 
{{oxítona|sa|cris|tãs}}, {{gramática|fp}}
# feminino plural de [[sacristão]]
{{avi-for-fle|sacristão}}
[[Categoria:Forma de substantivo (Português)]]</text>
<sha1>khtwsmzqthycvq9sznuml0mcqbrwilb</sha1>
</revision>
</page>
