<page>
<title>sacralizações</title>
<ns>0</ns>
<id>322166</id>
<revision>
<id>1890496</id>
<parentid>1815358</parentid>
<timestamp>2015-01-26T13:53:46Z</timestamp>
<contributor>
<username>MIL973</username>
<id>41339</id>
</contributor>
<model>wikitext</model>
<format>text/x-wiki</format>
<text bytes="187" xml:space="preserve">={{-pt-}}=
==Forma de substantivo==
{{oxítona|sa|cra|li|za|ções}}, {{f}}
# plural de [[sacralização]]
{{avi-for-fle|sacralização}}
[[Categoria:Forma de substantivo (Português)]]</text>
<sha1>gusxgsyqsfj2wbyqo2lllwbqtnajxqo</sha1>
</revision>
</page>
