<page>
<title>Sacramento</title>
<ns>0</ns>
<id>102790</id>
<revision>
<id>2278394</id>
<parentid>1937951</parentid>
<timestamp>2017-04-27T00:51:25Z</timestamp>
<contributor>
<username>HydrizBot</username>
<id>29590</id>
</contributor>
<minor />
<comment>Robô: A limpar links interwikis antigos</comment>
<model>wikitext</model>
<format>text/x-wiki</format>
<text bytes="647" xml:space="preserve">{{ver também|sacramento}}
={{-pt-}}=
{{Wikipédia}}
==Substantivo==
{{paroxítona|Sa|cra|men|to}}
# [[capital]] da [[Califórnia]]
#* ''A prefeitura de '''Sacramento''' (Califórnia) conseguiu aumentar em 30% a área verde da cidade depois que deu desconto no imposto territorial.'' {{OESP|2007|setembro|09}}
# [[freguesia]] no [[concelho]] de [[Lisboa]], [[Portugal]]
# [[município]] de [[Minas Gerais]]
# [[município]] [[mexicano]] do [[Estado]] de Coahuila de Zaragoza
==Ver também==
*[[Apêndice:Municípios do estado de Minas Gerais]]
[[Categoria:Município do estado de Minas Gerais (Português)]]
[[Categoria:Topónimo (Português)]]</text>
<sha1>betyt8l9ppdk00d2sbzym1o3v5xgrpc</sha1>
</revision>
</page>
