<page>
<title>sacralidade</title>
<ns>0</ns>
<id>322072</id>
<revision>
<id>2591791</id>
<parentid>1943427</parentid>
<timestamp>2020-07-04T09:21:55Z</timestamp>
<contributor>
<username>ValJor</username>
<id>1358</id>
</contributor>
<comment>Acrescentando código de língua à [[:Categoria:!Página com mensagem de erro em predefinição|predefinição escopo]]</comment>
<model>wikitext</model>
<format>text/x-wiki</format>
<text bytes="597" xml:space="preserve">={{-pt-}}=
==Substantivo==
{{flex.pt|fs=sacralidade|fp=sacralidades}}
{{paroxítona|sa|cra|li|da|de}}, {{gramática|f}}
# {{escopo|pt|Religião}} qualidade de [[sacro]]
===Antônimos===
{{verTambém.Ini}}
* [[mundanidade]]
{{verTambém.NovaColuna}}
* [[terrenidade]]
{{verTambém.Fim}}
=={{etimologia|pt}}==
: {{escopo|Morfologia}} [[sacro]] + [[-al]] + [[-idade]].
==Ligações externas==
* {{Aulete}}
* {{DPLP}}
* {{Infopédia}}
* {{PLP}}
* {{VOLPABL}}
==Anagramas==
&lt;!-- índice para anagramas: pt: aaacddeilrs --&gt;
# [[caldeiradas]]
# [[dilaceradas]]
[[Categoria:Substantivo (Português)]]</text>
<sha1>gqgxmb0f5snlf3f8f9anrxzyu5reovk</sha1>
</revision>
</page>
