<page>
<page>
<title>sacrílego</title>
<ns>0</ns>
<id>252722</id>
<revision>
<id>2614409</id>
<parentid>2404872</parentid>
<timestamp>2021-01-31T18:40:24Z</timestamp>
<contributor>
<username>Marxav</username>
<id>73271</id>
</contributor>
<minor />
<comment>AFI Portugal</comment>
<model>wikitext</model>
<format>text/x-wiki</format>
<text bytes="496" xml:space="preserve">={{-pt-}}=
==Adjetivo==
{{flex.pt|ms=sacrílego|mp=sacrílegos|fs=sacrílega|fp=sacrílegas}}
{{proparoxítona|sa|crí|le|go}}
# diz-se de quem comete [[sacrilégio]]
==Substantivo==
{{proparoxítona|sa|crí|le|go}}
# aquele que comete [[sacrilégio]]
=={{etimologia|pt}}==
: Do latim ''sacrilegus, a, um''.
=={{pronúncia|pt}}==
===Portugal===
* AFI: {{AFI|/sɐ.ˈkɾi.lɨ.ɡu/}}
[[Categoria:Adjetivo (Português)]]
[[Categoria:Substantivo (Português)]]
[[Categoria:Religião (Português)]]</text>
<sha1>6m0u05y2667ab1gy2b23tvd1c3ktwr8</sha1>
</revision>
