<page>
<page>
<title>sacristões</title>
<ns>0</ns>
<id>373270</id>
<revision>
<id>2229933</id>
<parentid>2229932</parentid>
<timestamp>2017-01-29T10:22:28Z</timestamp>
<contributor>
<username>MIL973</username>
<id>41339</id>
</contributor>
<model>wikitext</model>
<format>text/x-wiki</format>
<text bytes="272" xml:space="preserve">={{-pt-}}=
==Forma de substantivo== 
{{oxítona|sa|cris|tões}}, {{gramática|mp}}
# plural de [[sacristão]]
==={{-varort-}}===
{{colunas|2}}
* [[sacristães]]
* [[sacristãos]]
{{colunas/fim}}
{{avi-for-fle|sacristão}}
[[Categoria:Forma de substantivo (Português)]]</text>
<sha1>oib1lvreyrg2eb1bab2f5nji0i66feo</sha1>
</revision>
