<page>
<title>sacristães</title>
<ns>0</ns>
<id>373269</id>
<revision>
<id>2229931</id>
<parentid>2229930</parentid>
<timestamp>2017-01-29T10:20:47Z</timestamp>
<contributor>
<username>MIL973</username>
<id>41339</id>
</contributor>
<model>wikitext</model>
<format>text/x-wiki</format>
<text bytes="272" xml:space="preserve">={{-pt-}}=
==Forma de substantivo== 
{{oxítona|sa|cris|tães}}, {{gramática|mp}}
# plural de [[sacristão]]
==={{-varort-}}===
{{colunas|2}}
* [[sacristãos]]
* [[sacristões]]
{{colunas/fim}}
{{avi-for-fle|sacristão}}
[[Categoria:Forma de substantivo (Português)]]</text>
<sha1>9xdadazxn4r7ao1arfyay90a4f7m1yz</sha1>
</revision>
</page>
