<page>
<page>
<title>sacristã</title>
<ns>0</ns>
<id>373266</id>
<revision>
<id>2229924</id>
<parentid>2229923</parentid>
<timestamp>2017-01-29T10:16:27Z</timestamp>
<contributor>
<username>MIL973</username>
<id>41339</id>
</contributor>
<model>wikitext</model>
<format>text/x-wiki</format>
<text bytes="185" xml:space="preserve">={{-pt-}}=
==Forma de substantivo== 
{{oxítona|sa|cris|tã}}, {{gramática|f}}
# feminino de [[sacristão]]
{{avi-for-fle|sacristão}}
[[Categoria:Forma de substantivo (Português)]]</text>
<sha1>nzwfj7f5ubh42tv69zurgrgqhpos0r6</sha1>
</revision>
