<page>
<title>sacramento</title>
<ns>0</ns>
<id>101713</id>
<revision>
<id>2616879</id>
<parentid>2504411</parentid>
<timestamp>2021-02-01T02:19:46Z</timestamp>
<contributor>
<username>MarxavBot</username>
<id>80155</id>
</contributor>
<minor />
<comment>AFI Portugal</comment>
<model>wikitext</model>
<format>text/x-wiki</format>
<text bytes="2269" xml:space="preserve">{{Wikipédia}}
{{ver também|Sacramento}}
={{-pt-}}=
==Substantivo==
{{flex.pt|ms=sacramento|mp=sacramentos}}
{{paroxítona|sa|cra|men|to}}, {{gramática|m}}
# no [[catolicismo]], [[ritual]] que traz a [[graça]] [[divino|divina]] ao [[crente]] que participa dele
===Tradução===
{{tradini}}
* {{trad|sq|sakramenti}}
* {{trad|de|Sakrament}}
* {{trad|ca|sagrament}}
* {{trad|cs|svátost}}
* {{trad|zh|聖禮}}
* {{trad|ko|성사}}
* {{trad|da|sakramente}}
* {{trad|sk|sviatosť}}
* {{trad|sl|zakrament}}
* {{trad|es|sacramento}}
* {{trad|eo|sakramento}}
* {{trad|et|sakrament}}
* {{trad|fi|sakramentti}}
* {{trad|fr|sacrement}}
* {{trad|ka|საიდუმლონი}}
* {{trad|gn|marangaturã}}
* {{trad|he|סקרמנט}}
* {{trad|nl|sacrament}}
{{tradmeio}}
* {{trad|hu|szentség}}
* {{trad|id|sakramen}}
* {{trad|en|sacrament}}
* {{trad|ia|sacramento}}
* {{trad|it|sacramento}}
* {{trad|ja|秘跡}} (ひせき, hiseki)
* {{trad|la|sacramentum}}
* {{trad|li|sacrament}}
* {{trad|lt|sakramentas}}
* {{trad|no|sakrament}}
* {{trad|nn|sakrament}}
* {{trad|pl|sakrament}}
* {{trad|ro|taină}}
* {{trad|ru|таинство}}
* {{trad|sr|тајне}}
* {{trad|sv|sakrament}}
* {{trad|tr|sakrament}}
* {{trad|uk|таїнство}}
{{tradfim}}
=={{etimologia|pt}}==
{{llietimo|la|sacramentum|pt}}
=={{pronúncia|pt}}==
===Portugal===
* AFI: {{AFI|/sɐ.kɾɐ.ˈmẽ.tu/}}
==Ver também==
===No Wikcionário===
Os sete sacramentos da igreja católica:
{{verTambém.Ini}}
* [[batismo]]
* [[crisma]]
* [[confissão]]
* [[eucaristia]]
{{verTambém.NovaColuna}}
* [[ordem sacerdotal]]
* [[matrimônio]]
* [[unção]]
{{verTambém.Fim}}
==Anagramas==
# [[cantaremos]]
# [[comentaras]]
# [[encartamos]]
[[Categoria:Substantivo (Português)]]
[[Categoria:Cristianismo (Português)]]
={{-es-}}=
==Substantivo==
'''sacramento'''
# [[sacramento#Português|sacramento]]
[[Categoria:Substantivo (Espanhol)]]
[[Categoria:Cristianismo (Espanhol)]]
={{-ia-}}=
==Substantivo==
'''sacramento'''
# [[sacramento#Português|sacramento]]
[[Categoria:Substantivo (Interlíngua)]]
[[Categoria:Cristianismo (Interlíngua)]]
={{-it-}}=
==Substantivo==
'''sacramento'''
# [[sacramento#Português|sacramento]]
[[Categoria:Substantivo (Italiano)]]
[[Categoria:Cristianismo (Italiano)]]</text>
<sha1>a6qot5hm1iypzlr8mbnfkvw4g869ovz</sha1>
</revision>
</page>
