<page>
<title>sacrossanto</title>
<ns>0</ns>
<id>332978</id>
<revision>
<id>2404870</id>
<parentid>1995888</parentid>
<timestamp>2017-05-14T03:26:30Z</timestamp>
<contributor>
<username>HydrizBot</username>
<id>29590</id>
</contributor>
<minor />
<comment>Robô: A limpar links interwikis antigos</comment>
<model>wikitext</model>
<format>text/x-wiki</format>
<text bytes="287" xml:space="preserve">={{-pt-}}=
==Adjetivo==
{{flex.pt|ms=sacrossanto|mp=sacrossantos|fs=sacrossanta|fp=sacrossantas}}
{{paroxítona|sa|cros|san|to}}, {{m}}
# [[sagrado]] e santo
# duplamente [[santo]]
=={{etimologia|pt}}==
: {{escopo|Morfologia}} [[sacro]] + [[santo]].
[[Categoria:Adjetivo (Português)]]</text>
<sha1>8550hpjjgegldqvagsw1lhekcbkd6s6</sha1>
</revision>
</page>
