<page>
<page>
<title>sacrilégio</title>
<ns>0</ns>
<id>93926</id>
<revision>
<id>2404865</id>
<parentid>2229287</parentid>
<timestamp>2017-05-14T03:26:18Z</timestamp>
<contributor>
<username>HydrizBot</username>
<id>29590</id>
</contributor>
<minor />
<comment>Robô: A limpar links interwikis antigos</comment>
<model>wikitext</model>
<format>text/x-wiki</format>
<text bytes="1424" xml:space="preserve">={{-pt-}}=
==Substantivo==
{{flex.pt|ms=sacrilégio|mp=sacrilégios}}
{{proparoxítona aparente|sa|cri|lé|gi|o}}, {{g|m}}
# [[violação]] ou [[profanação]] de algo considerado [[sagrado]]
# {{escopo|pt|Figurado}} qualquer ato que merece [[censura]]
#* ''Ela aceitou até a criação de um imposto sobre as fortunas (um '''sacrilégio''' para a CDU).'' {{OESP|2006|novembro|23}}
===Tradução===
{{tradini}}
* {{trad|de|Entweihung}} ''f''
* {{trad|cs|svatokrádež}}
* {{trad|zh|渎圣罪}}
* {{trad|da|helligbrøde}}
* {{trad|sk|svätokrádež}}
* {{trad|sl|svetoskrunstvo}}
* {{trad|es|sacrilegio}}
* {{trad|et|pühaduserüvetamine}}
* {{trad|fi|pyhäinhäväistys}}
* {{trad|fr|sacrilège}}
* {{trad|el|ιεροσυλία}}
* {{trad|nl|heiligschennis}}
{{tradmeio}}
* {{trad|hu|szentségtörés}}
* {{trad|id|penghujatan}}
* {{trad|en|sacrilege}}
* {{trad|is|helgispjöll|vanhelgun}}
* {{trad|it|sacrilegio}}
* {{trad|lv|zaimošana}}
* {{trad|lt|šventvagystė}}
* {{trad|no|helligbrøde}}
* {{trad|pl|świętokradztwo}}
* {{trad|ro|sacrilegiu}}
* {{trad|ru|святотатство|кощунство}}
* {{trad|sv|helgerån|vanhelgande}}
{{tradfim}}
=={{etimologia|pt}}==
{{llietimo|la|sacrilegiu|pt}}
==Ver também==
===No Wikcionário===
{{verTambém.Ini}}
* [[blasfêmia]]
{{verTambém.NovaColuna}}
* [[religião]]
{{verTambém.Fim}}
[[Categoria:Substantivo (Português)]]
[[Categoria:Religião (Português)]]</text>
<sha1>ab1j73x7okmeue0s35sor0d38rzsrxi</sha1>
</revision>
