<page>
<page>
<title>sacuê</title>
<ns>0</ns>
<id>260435</id>
<revision>
<id>2591782</id>
<parentid>1214772</parentid>
<timestamp>2020-07-04T08:40:50Z</timestamp>
<contributor>
<username>ValJor</username>
<id>1358</id>
</contributor>
<comment>Acrescentando código de língua à [[:Categoria:!Página com mensagem de erro em predefinição|predefinição escopo]]</comment>
<model>wikitext</model>
<format>text/x-wiki</format>
<text bytes="533" xml:space="preserve">{{Wikipédia|lang=pt|galinha-d'angola}}
[[Imagem:Numida_meleagris.jpg|thumb|right|250px|&lt;center&gt;Sacuê&lt;/center&gt;]]
={{-pt-}}=
==Substantivo==
{{flex.pt|ms=sacuê|mp=sacuês}}
{{oxítona|sa|cu|ê}}, {{gramática|m}}
# {{escopo|pt|ornitologia}} o mesmo que ''[[galinha-d'angola]]''
==Ligações externas==
* {{Aulete}}
* {{PLP}}
* {{VOLPABL}}
==Anagramas==
&lt;!-- índice para anagramas: pt: acesu --&gt;
# [[acues]]
# [[acuse]]
# [[cause]]
# [[sueca]]
[[Categoria:Substantivo (Português)]]
[[Categoria:Entrada com imagem (Português)]]</text>
<sha1>pi0ly5n6vszk6meh8bskyu4bocfi15w</sha1>
</revision>
