<page>
<title>sacudidura</title>
<ns>0</ns>
<id>364797</id>
<revision>
<id>2404875</id>
<parentid>2182943</parentid>
<timestamp>2017-05-14T03:26:39Z</timestamp>
<contributor>
<username>HydrizBot</username>
<id>29590</id>
</contributor>
<minor />
<comment>Robô: A limpar links interwikis antigos</comment>
<model>wikitext</model>
<format>text/x-wiki</format>
<text bytes="624" xml:space="preserve">={{-pt-}}=
==Substantivo==
{{flex.gl|fs=sacudidura|fp=sacudiduras}}
{{paroxítona|sa|cu|di|du|ra}}, {{g|f}}
# ato e ação de [[sacudir]], abalo
===Sinónimos===
* [[sacudida]]
=={{etimologia|pt}}==
: {{escopo|Morfologia}} De [[sacudida]] + [[-ura]].
[[Categoria:Substantivo (Português)]]
={{-gl-}}=
==Substantivo==
{{flex.gl|fs=sacudidura|fp=sacudiduras}}
{{paroxítona|sa|cu|di|du|ra|lang=gl}}, {{g|f|lang=gl}}
# [[sacudidura#{{gl}}|sacudidura]]
===Sinónimos===
* [[sacuda#{{gl}}|sacuda]]
=={{etimologia|gl}}==
: De ''[[sacudida#{{gl}}|sacudida]]'' + ''[[-ura#{{gl}}|-ura]]''.
[[Categoria:Substantivo (Galego)]]</text>
<sha1>i8cc5b60tkbor9x636xkjh3tvaljdrh</sha1>
</revision>
</page>
