<page>
<title>sacudidela</title>
<ns>0</ns>
<id>66484</id>
<revision>
<id>2614046</id>
<parentid>1214771</parentid>
<timestamp>2021-01-31T16:29:00Z</timestamp>
<contributor>
<username>Marxav</username>
<id>73271</id>
</contributor>
<minor />
<comment>AFI Portugal</comment>
<model>wikitext</model>
<format>text/x-wiki</format>
<text bytes="229" xml:space="preserve">={{-pt-}}=
==Substantivo==
'''sacudidela''' ''substantivo feminino ''
# [[o]] [[mesmo]] [[que]] '''[[sacudida]]'''
=={{pronúncia|pt}}==
===Portugal===
* AFI: {{AFI|/sɐ.ku.di.ˈdɛ.lɐ/}}
[[Categoria:Substantivo (Português)]]</text>
<sha1>rq8sql690na8jvwf32tlsswowm9t5uy</sha1>
</revision>
</page>
