<page>
<page>
<title>sad</title>
<ns>0</ns>
<id>222304</id>
<revision>
<id>2541579</id>
<parentid>2541578</parentid>
<timestamp>2019-04-12T17:03:53Z</timestamp>
<contributor>
<username>Tribuno da Plebe</username>
<id>16095</id>
</contributor>
<minor />
<comment>Revertidas edições por [[Especial:Contribuições/179.242.34.126|179.242.34.126]] para a última versão por [[Especial:Contribuições/Amigo7|Amigo7]]</comment>
<model>wikitext</model>
<format>text/x-wiki</format>
<text bytes="468" xml:space="preserve">={{-en-}}=
==Adjetivo==
'''sad'''
{{flex.en.adj|sad|sadder|saddest}}
#[[triste]]
=={{etimologia|en}}==
:Do inglês antigo {{etimo|ang|sæd}}
=={{pronúncia|en}}==
* AFI: {{AFI|/sæd/}}
==Ver também==
===No Wikcionário===
{{verTambém.Ini}}
*[[sadness]]
{{verTambém.Fim}}
[[Categoria:Adjetivo (Inglês)]]
={{-pl-}}=
==Substantivo==
'''sad''', {{gramática|m}} ''inanimado''
# [[pomar]]
[[Categoria:Substantivo (Polonês)]]
[[Categoria:Monossílabo (Polonês)]]</text>
<sha1>p5ach4z9eu1gs000ro4s1ti54vwppal</sha1>
</revision>
