<page>
<page>
<title>sada</title>
<ns>0</ns>
<id>198456</id>
<revision>
<id>2595746</id>
<parentid>2595740</parentid>
<timestamp>2020-09-06T08:44:46Z</timestamp>
<contributor>
<username>Cpls</username>
<id>20608</id>
</contributor>
<comment>/* {{-pt-}} */</comment>
<model>wikitext</model>
<format>text/x-wiki</format>
<text bytes="602" xml:space="preserve">={{-pt-}}=
==Substantivo==
{{flex.pt|fs=sada|fp=sadas}}
{{paroxítona|sa|da}}, {{g|f}}
# {{escopo|pt|Trás-os-Montes|Agricultura}} [[enxada]]
===Verbete derivado===
* [[sadão]]
=={{etimologia|pt}}==
: Do apócope de ''[[enxada]]''. Confronte-se com o galego {{etimo|gl|zada}} e com o asturiano {{etimo|ast|xada}}.
[[Categoria:Substantivo (Português)]]
={{-hr-}}=
==Advérbio==
'''sada'''
# [[agora]]
==Ver também==
===No Wikcionário===
{{colunas|3}}
* [[sutra]]
* [[većeras]]
* [[sinoć]]
* [[danas]]
* [[jučer]]
{{colunas/fim}}
[[Categoria:Advérbio (Croata)]]
[[Categoria:Tempo (Croata)]]</text>
<sha1>ktrwubgtimcbx5wy0ffbs8rxnedtl8i</sha1>
</revision>
