<page>
<title>sadere</title>
<ns>0</ns>
<id>62422</id>
<revision>
<id>1306993</id>
<parentid>1083780</parentid>
<timestamp>2011-11-28T23:55:11Z</timestamp>
<contributor>
<username>MalafayaBot</username>
<id>628</id>
</contributor>
<minor />
<comment>Robô: Substituição de texto automática (-^\=(\s*?)Tétum(\s*?)\= +={{-tet-}}= &amp; -^\=(\s*?)\{\{tet\}\}(\s*?)\= +={{-tet-}}=)</comment>
<model>wikitext</model>
<format>text/x-wiki</format>
<text bytes="80" xml:space="preserve">={{-tet-}}=
==Verbo==
'''sadere'''
# [[apoiar]]-se
[[Categoria:Verbo (Tétum)]]</text>
<sha1>9yaj4p3bnm4nppwrtmiq7krrlvxugtg</sha1>
</revision>
</page>
