<page>
<title>sadismo</title>
<ns>0</ns>
<id>244694</id>
<revision>
<id>2612540</id>
<parentid>2404880</parentid>
<timestamp>2021-01-31T12:19:12Z</timestamp>
<contributor>
<username>Marxav</username>
<id>73271</id>
</contributor>
<minor />
<comment>AFI Portugal</comment>
<model>wikitext</model>
<format>text/x-wiki</format>
<text bytes="1946" xml:space="preserve">{{Wikipédia}}
{{Wikipédia|lang=es}}
{{Wikipédia|lang=eo}}
{{Wikipédia|lang=it}}
={{-pt-}}=
==Substantivo==
{{flex.pt|ms=sadismo|mp=sadismos}}
{{paroxítona|sa|dis|mo}}
# [[excitação]] e [[prazer]] [[sexual]] provocados pelo [[sofrimento]] [[alheio]]
===Tradução===
{{tradini}}
* {{trad|de|Sadismus}}
* {{trad|hr|sadizam}}
* {{trad|da|sadisme}}
* {{trad|sk|sadizmus}}
* {{trad|sl|sadizem}}
* {{trad|es|sadismo}}
* {{trad|eo|sadismo}}
* {{trad|fi|sadismi}}
* {{trad|fr|sadisme}}
* {{trad|gl|sadismo}}
* {{trad|el|σαδισμός}}
{{tradmeio}}
* {{trad|io|sadismo}}
* {{trad|nl|sadisme}}
* {{trad|en|sadism}}
* {{trad|ia|sadismo}}
* {{trad|it|sadismo}}
* {{trad|no|sadisme}}
* {{trad|pl|sadyzm}}
* {{trad|ru|садизм}}
* {{trad|sv|sadism}}
* {{trad|uk|садизм}}
{{tradfim}}
=={{etimologia|pt}}==
: Do francês [[sadisme]].
=={{pronúncia|pt}}==
===Portugal===
* AFI: {{AFI|/sa.ˈdiʒ.mu/}}
==Ver também==
===No Wikcionário===
* [[masoquismo]]
[[Categoria:Substantivo (Português)]]
[[Categoria:Sexualidade (Português)]]
={{-es-}}=
==Substantivo==
'''sadismo'''
# [[sadismo#Português|sadismo]]
[[Categoria:Substantivo (Espanhol)]]
[[Categoria:Sexualidade (Espanhol)]]
={{-eo-}}=
==Substantivo==
'''sadismo'''
# [[sadismo#Português|sadismo]]
[[Categoria:Substantivo (Esperanto)]]
[[Categoria:Sexualidade (Esperanto)]]
={{-gl-}}=
==Substantivo==
'''sadismo'''
# [[sadismo#Português|sadismo]]
[[Categoria:Substantivo (Galego)]]
[[Categoria:Sexualidade (Galego)]]
={{-io-}}=
==Substantivo==
'''sadismo'''
# [[sadismo#Português|sadismo]]
[[Categoria:Substantivo (Ido)]]
[[Categoria:Sexualidade (Ido)]]
={{-ia-}}=
==Substantivo==
'''sadismo'''
# [[sadismo#Português|sadismo]]
[[Categoria:Substantivo (Interlíngua)]]
[[Categoria:Sexualidade (Interlíngua)]]
={{-it-}}=
==Substantivo==
'''sadismo'''
# [[sadismo#Português|sadismo]]
[[Categoria:Substantivo (Italiano)]]
[[Categoria:Sexualidade (Italiano)]]</text>
<sha1>spvx05ejy2r0rzv7297f2zaa8qfotiv</sha1>
</revision>
</page>
