<page>
<title>sadino</title>
<ns>0</ns>
<id>59472</id>
<revision>
<id>1473026</id>
<parentid>1272104</parentid>
<timestamp>2012-10-02T15:33:02Z</timestamp>
<contributor>
<username>ValJor</username>
<id>1358</id>
</contributor>
<comment>Separando adjetivo de substantivo</comment>
<model>wikitext</model>
<format>text/x-wiki</format>
<text bytes="335" xml:space="preserve">={{-pt-}}=
==Adjetivo==
{{flex.pt|ms=sadino|mp=sadinos|fs=sadina|fp=sadinas}}
{{paroxítona|sa|di|no}}
# de ou relativo a [[Setúbal]], Portugal
==Substantivo==
{{paroxítona|sa|di|no}}
# habitante ou natural de Setúbal
[[Categoria:Adjetivo (Português)]]
[[Categoria:Substantivo (Português)]]
[[Categoria:Gentílico (Português)]]</text>
<sha1>oowzx6utuom7nk5cgayu18w6635bj7x</sha1>
</revision>
</page>
