<page>
<page>
<title>sadness</title>
<ns>0</ns>
<id>60848</id>
<revision>
<id>2404881</id>
<parentid>2072744</parentid>
<timestamp>2017-05-14T03:27:32Z</timestamp>
<contributor>
<username>HydrizBot</username>
<id>29590</id>
</contributor>
<minor />
<comment>Robô: A limpar links interwikis antigos</comment>
<model>wikitext</model>
<format>text/x-wiki</format>
<text bytes="254" xml:space="preserve">{{Wikipédia|lang=en}}
={{-en-}}=
==Substantivo==
{{flex.en|s=sadness|p=sadnesses}}
'''sad.ness'''
# [[tristeza]]
==Ver também==
===No Wikcionário===
* [[sad]]
{{sentimentos/en}}
[[Categoria:Substantivo (Inglês)]]
[[Categoria:Sentimento (Inglês)]]</text>
<sha1>2a68h7y6j2eyk2875b4xbzjad61jqyy</sha1>
</revision>
