<page>
<title>sadorn</title>
<ns>0</ns>
<id>37058</id>
<revision>
<id>2404883</id>
<parentid>1223063</parentid>
<timestamp>2017-05-14T03:27:36Z</timestamp>
<contributor>
<username>HydrizBot</username>
<id>29590</id>
</contributor>
<minor />
<comment>Robô: A limpar links interwikis antigos</comment>
<model>wikitext</model>
<format>text/x-wiki</format>
<text bytes="97" xml:space="preserve">={{-br-}}=
== Substantivo ==
'''sadorn'''
:# [[sábado]].
[[Categoria:Substantivo (Bretão)]]</text>
<sha1>2t24qlyo61sj1vm3pnas7ntccks48pw</sha1>
</revision>
</page>
