<page>
<page>
<title>sadomasoquismo</title>
<ns>0</ns>
<id>287463</id>
<revision>
<id>2614229</id>
<parentid>2561364</parentid>
<timestamp>2021-01-31T18:08:51Z</timestamp>
<contributor>
<username>Marxav</username>
<id>73271</id>
</contributor>
<minor />
<comment>AFI Portugal</comment>
<model>wikitext</model>
<format>text/x-wiki</format>
<text bytes="1889" xml:space="preserve">{{Wikipédia}}
{{Wikipédia|lang=gl}}
={{-pt-}}=
==Substantivo==
{{flex.pt|ms=sadomasoquismo|mp=-}}
{{paroxítona|sa|do|ma|so|quis|mo}}, {{gramática|m}}
# relação entre tendências opostas, o [[sadismo]] e [[masoquismo]]
#* ''Em seu álbum mais recente, Loud (2010), a cantora brinca com temas polêmicos como '''sadomasoquismo''', em S&amp;M.'' {{OESP|2011|setembro|22}}
===Sinônimo===
* [[algolagnia]]
===Tradução===
{{tradini}}
* {{trad|de|Sadomasochismus}}
* {{trad|ar|سادية}}
* {{trad|bs|sadomazohizam}}
* {{trad|br|sadomazoc'hegezh}}
* {{trad|ca|sadomasoquisme}}
* {{trad|zh|施虐與受虐}}
* {{trad|hr|sadomazohizam}}
* {{trad|ku|sadomazoşîzm}}
* {{trad|da|sadomasochisme}}
* {{trad|sk|sadomasochizmus}}
* {{trad|es|sadomasoquismo}}
* {{trad|et|sadomasohhism}}
* {{trad|fi|sadomasokismi}}
* {{trad|gl|sadomasoquismo}}
{{tradmeio}}
* {{trad|ka|სადომაზოხიზმი}}
* {{trad|he|סאדיזם}}
* {{trad|nl|sadomasochisme}}
* {{trad|en|sadomasochism}}
* {{trad|is|kvalalosti}}
* {{trad|it|sadomasochismo}}
* {{trad|lv|sadomazohisms}}
* {{trad|no|sadomasochisme}}
* {{trad|pl|sadomasochizm}}
* {{trad|ru|садомазохизм}}
* {{trad|sv|sadomasochism}}
* {{trad|th|ซาดิสม์และมาโซคิสม์}}
* {{trad|tr|sadomazoşizm}}
* {{trad|vi|bạo dâm}}
{{tradfim}}
=={{etimologia|pt}}==
: {{escopo|Morfologia}} [[sado-]] + [[masoquismo]].
=={{pronúncia|pt}}==
===Portugal===
* AFI: {{AFI|/sa.dɔ.mɐ.zu.ˈkiʒ.mu/}}
==Ver também==
===No Wikcionário===
* [[BDSM]]
==Ligações externas==
* {{Aulete}}
* {{Michaelis}}
* {{DPLP}}
* {{Infopédia}}
* {{PLP}}
* {{VOLPABL}}
[[Categoria:Substantivo (Português)]]
[[Categoria:Sexualidade (Português)]]
={{-gl-}}=
==Substantivo==
'''sadomasoquismo'''
# [[sadomasoquismo#Português|sadomasoquismo]]
[[Categoria:Substantivo (Galego)]]
[[Categoria:Sexualidade (Galego)]]</text>
<sha1>nlyfo59j1pwzgfbkdx9mvywwxmz1jpk</sha1>
</revision>
