<page>
<title>Sadraque</title>
<ns>0</ns>
<id>439773</id>
<revision>
<id>2657565</id>
<timestamp>2022-01-10T02:10:25Z</timestamp>
<contributor>
<username>Leonardo José Raimundo</username>
<id>43489</id>
</contributor>
<comment>Eu estou criando o nome &quot;Sadraque&quot;.</comment>
<model>wikitext</model>
<format>text/x-wiki</format>
<text bytes="386" xml:space="preserve">={{-pt-}}=
==Substantivo==
{{flex.pt|ms=Sadraque|mp=Sadraques}}
{{paroxítona|Sa|dra|que}}
# {{escopo|pt|Antropônimo}} prenome masculino
# {{escopo|pt|Cristianismo|religião}} nome do primeiro homem a quem o rei Nabucodonosor colocou na [[fornalha]]
==Ver também==
===No Wikcionário===
{{colunas|2}}
*[[Mesaque]]
*[[Abednego]]
{{colunas.fim}}
[[Categoria:Substantivo (Português)]]</text>
<sha1>6clnun1m45e8472uk0yegiwpgrrrg2w</sha1>
</revision>
</page>
