<page>
<page>
<title>sadão</title>
<ns>0</ns>
<id>426174</id>
<revision>
<id>2595741</id>
<parentid>2595739</parentid>
<timestamp>2020-09-06T07:55:25Z</timestamp>
<contributor>
<username>Cpls</username>
<id>20608</id>
</contributor>
<comment>/* {{etimologia|pt}} */</comment>
<model>wikitext</model>
<format>text/x-wiki</format>
<text bytes="355" xml:space="preserve">={{-pt-}}=
==Substantivo==
{{flex.pt|ms=sadão|mp=sadões}}
{{paroxítona|sa|dão}}, {{g|m}}
# {{escopo|pt|Trás-os-Montes|Agricultura}} [[enxadão]]
=={{etimologia|pt}}==
: {{escopo|Morfologia}} De ''[[sada]]'' + ''[[-ão]]'' ou do apócope de ''[[enxadão]]''. Confronte-se com o asturiano {{etimo|ast|axadón}}.
[[Categoria:Substantivo (Português)]]</text>
<sha1>qzo12mvhedlmk1vbli2ftn77aprtacd</sha1>
</revision>
