<page>
<title>saecularis</title>
<ns>0</ns>
<id>96148</id>
<revision>
<id>2404884</id>
<parentid>1852830</parentid>
<timestamp>2017-05-14T03:27:38Z</timestamp>
<contributor>
<username>HydrizBot</username>
<id>29590</id>
</contributor>
<minor />
<comment>Robô: A limpar links interwikis antigos</comment>
<model>wikitext</model>
<format>text/x-wiki</format>
<text bytes="125" xml:space="preserve">={{-la-}}=
==Adjetivo==
'''saecularis'''
# [[secular]]; relativo a geral; algo que é de todos
[[Categoria:Adjetivo (Latim)]]</text>
<sha1>mwgkseva90nj740d5qim4p3yfo7ktka</sha1>
</revision>
</page>
