<page>
<page>
<title>saeculum</title>
<ns>0</ns>
<id>93767</id>
<revision>
<id>2404885</id>
<parentid>2107280</parentid>
<timestamp>2017-05-14T03:27:42Z</timestamp>
<contributor>
<username>HydrizBot</username>
<id>29590</id>
</contributor>
<minor />
<comment>Robô: A limpar links interwikis antigos</comment>
<model>wikitext</model>
<format>text/x-wiki</format>
<text bytes="276" xml:space="preserve">={{-la-}}=
==Substantivo==
'''saeculum'''
# [[raça]]
# [[geração]]
# [[era]], [[tempo]]
# [[século]]
==Ver também==
===No Wikcionário===
{{verTambém.Ini}}
* [[Apêndice:Unidades de tempo]]
{{verTambém.Fim}}
[[Categoria:Substantivo (Latim)]]
[[Categoria:Tempo (Latim)]]</text>
<sha1>iswsacdkn5zc3afej03bfs62q3n1m39</sha1>
</revision>
