<page>
<title>saepissime</title>
<ns>0</ns>
<id>38675</id>
<revision>
<id>2404887</id>
<parentid>1316641</parentid>
<timestamp>2017-05-14T03:27:47Z</timestamp>
<contributor>
<username>HydrizBot</username>
<id>29590</id>
</contributor>
<minor />
<comment>Robô: A limpar links interwikis antigos</comment>
<model>wikitext</model>
<format>text/x-wiki</format>
<text bytes="195" xml:space="preserve">={{-la-}}=
==Advérbio==
'''saepissime''' ''grau superlativo''
# [[frequentissimamente]]
==Grau Normal==
* [[saepe]]
==Comparativo==
* [[saepius]]
[[Categoria:Advérbio superlativo ({{la}})]]</text>
<sha1>l2xgkk815rz79tuojyboubw3khvtysw</sha1>
</revision>
</page>
