<page>
<page>
<title>saeru</title>
<ns>0</ns>
<id>62423</id>
<revision>
<id>2404889</id>
<parentid>1306994</parentid>
<timestamp>2017-05-14T03:27:50Z</timestamp>
<contributor>
<username>HydrizBot</username>
<id>29590</id>
</contributor>
<minor />
<comment>Robô: A limpar links interwikis antigos</comment>
<model>wikitext</model>
<format>text/x-wiki</format>
<text bytes="77" xml:space="preserve">={{-tet-}}=
==Verbo==
'''saeru'''
# [[arrotar]]
[[Categoria:Verbo (Tétum)]]</text>
<sha1>euh3li3teesf6jwg76ivdlmn4rl39ki</sha1>
</revision>
