<page>
<page>
<title>saeta</title>
<ns>0</ns>
<id>48039</id>
<revision>
<id>2591769</id>
<parentid>2569608</parentid>
<timestamp>2020-07-04T00:03:44Z</timestamp>
<contributor>
<username>ValJor</username>
<id>1358</id>
</contributor>
<comment>Acrescentando código de língua à [[:Categoria:!Página com mensagem de erro em predefinição|predefinição escopo]]</comment>
<model>wikitext</model>
<format>text/x-wiki</format>
<text bytes="1103" xml:space="preserve">={{-pt-}}=
==Substantivo==
{{flex.pt|fs=saeta|fp=saetas}}
{{paroxítona|sa|e|ta}}
# [[cântico]] [[espanhol]] da Semana Santa
# [[saieta]]
# {{escopo|pt|Culinária}} [[conserva]] ou [[pasta]] [[doce]] de [[buriti]]
===Sinônimos===
* De '''3''' (conserva ou pasta doce de buriti): [[saieta]]
=={{etimologia|pt}}==
* De '''1''' (cântico espanhol da Semana Santa):
{{llietimo|es|saeta|pt}}
* De '''2''' (saieta) e '''3''' (conserva ou pasta doce de buriti):
: De ''[[saieta]]''.
==Ligações externas==
* {{Aulete}}
* {{VOLPABL}}
[[Categoria:Substantivo (Português)]]
={{-roa-gpm-}}=
==Substantivo==
{{flex.roa-gpm|fs=saeta|fp=saetas}}
{{paroxítona|sa|e|ta|lang=roa-gpm}}, {{g|f}}
# [[seta]], haste aguçada, flecha
==={{-varort-}}===
* [[seeta#{{roa-gpm}}|seeta]], [[seta#{{roa-gpm}}|seta]]
=={{etimologia|roa-gpm}}==
{{llietimo|la|sagita|roa-gpm}}
[[Categoria:Substantivo ({{roa-gpm}})]]
={{-roa-tal-}}=
[[Image:Lightning 02.jpg|thumb|100px|right|&lt;center&gt; raio &lt;/center&gt;]]
==Substantivo==
'''saeta'''
# [[raio]]
[[Categoria:Substantivo (Talian)]]
[[Categoria:Entrada com imagem (Talian)]]</text>
<sha1>iawst5r02cm6yesshkyp1liuldgrwrt</sha1>
</revision>
