<page>
<title>saet</title>
<ns>0</ns>
<id>65353</id>
<revision>
<id>2404890</id>
<parentid>2206108</parentid>
<timestamp>2017-05-14T03:27:52Z</timestamp>
<contributor>
<username>HydrizBot</username>
<id>29590</id>
</contributor>
<minor />
<comment>Robô: A limpar links interwikis antigos</comment>
<model>wikitext</model>
<format>text/x-wiki</format>
<text bytes="186" xml:space="preserve">={{-ug-}}=
==Substantivo==
'''saet'''
# [[hora]]
==Outros alfabetos==
* Árabe: [[سائەت]]
* Cirílico: [[саәт]]
[[Categoria:Substantivo (Uigure)]]
[[Categoria:Tempo (Uigure)]]</text>
<sha1>845g1n6iagiusw4pf33bm0g2iechmoa</sha1>
</revision>
</page>
