<page>
<title>safari</title>
<ns>0</ns>
<id>243865</id>
<revision>
<id>2404896</id>
<parentid>2223561</parentid>
<timestamp>2017-05-14T03:28:08Z</timestamp>
<contributor>
<username>HydrizBot</username>
<id>29590</id>
</contributor>
<minor />
<comment>Robô: A limpar links interwikis antigos</comment>
<model>wikitext</model>
<format>text/x-wiki</format>
<text bytes="1634" xml:space="preserve">{{Wikipédia|lang=sl}}
{{Wikipédia|lang=es}}
{{Wikipédia|lang=et}}
{{Wikipédia|lang=fi}}
{{Wikipédia|lang=fr}}
{{Wikipédia|lang=nl}}
{{Wikipédia|lang=en}}
{{Wikipédia|lang=it}}
{{Wikipédia|lang=no}}
{{Wikipédia|lang=pl}}
{{Wikipédia|lang=ro}}
{{Wikipédia|lang=sw}}
{{Wikipédia|lang=sv}}
={{-sl-}}=
==Substantivo==
'''safari'''
# [[safári]]
[[Categoria:Substantivo (Esloveno)]]
={{-es-}}=
==Substantivo==
'''safari'''
# [[safári]]
[[Categoria:Substantivo (Espanhol)]]
={{-et-}}=
==Substantivo==
'''safari'''
# [[safári]]
[[Categoria:Substantivo (Estoniano)]]
={{-fi-}}=
==Substantivo==
'''safari'''
# [[safári]]
[[Categoria:Substantivo (Finlandês)]]
={{-fr-}}=
==Substantivo==
'''safari'''
# [[safári]]
[[Categoria:Substantivo (Francês)]]
={{-nl-}}=
==Substantivo==
'''safari'''
# [[safári]]
[[Categoria:Substantivo (Holandês)]]
={{-en-}}=
==Substantivo==
'''safari'''
# [[safári]]
[[Categoria:Substantivo (Inglês)]]
={{-it-}}=
==Substantivo==
'''safari'''
# [[safári]]
[[Categoria:Substantivo (Italiano)]]
={{-ja-}}=
==Transliteração==
# transliteração de [[サファリ]]
[[Categoria:Transliteração (Japonês)]]
={{-no-}}=
==Substantivo==
'''safari'''
# [[safári]]
[[Categoria:Substantivo (Norueguês)]]
={{-pl-}}=
==Substantivo==
'''safari'''
# [[safári]]
[[Categoria:Substantivo (Polonês)]]
={{-ro-}}=
==Substantivo==
'''safari'''
# [[safári]]
[[Categoria:Substantivo (Romeno)]]
={{-sw-}}=
==Substantivo==
'''safari'''
# [[safári]]
[[Categoria:Substantivo (Suaíli)]]
={{-sv-}}=
==Substantivo==
'''safari'''
# [[safári]]
[[Categoria:Substantivo (Sueco)]]</text>
<sha1>09fntgaglc51iw6flp1chknkw3zknfy</sha1>
</revision>
</page>
