<page>
<title>safanão</title>
<ns>0</ns>
<id>273225</id>
<revision>
<id>2614527</id>
<parentid>2556041</parentid>
<timestamp>2021-01-31T18:59:53Z</timestamp>
<contributor>
<username>Marxav</username>
<id>73271</id>
</contributor>
<minor />
<comment>AFI Portugal</comment>
<model>wikitext</model>
<format>text/x-wiki</format>
<text bytes="234" xml:space="preserve">={{-pt-}}=
==Substantivo==
{{flex.pt|ms=safanão|mp=safanões}}
{{oxítona|sa|fa|não}}, {{m}}
# [[empurrão]], repelão
=={{pronúncia|pt}}==
===Portugal===
* AFI: {{AFI|/sɐ.fɐ.ˈnɐ̃w̃/}}
[[Categoria:Substantivo (Português)]]</text>
<sha1>hfqnlj3jr0uarrkugyqzbem54knleoe</sha1>
</revision>
</page>
