<page>
<page>
<title>safardana</title>
<ns>0</ns>
<id>295276</id>
<revision>
<id>1440924</id>
<parentid>1438679</parentid>
<timestamp>2012-08-09T14:45:47Z</timestamp>
<contributor>
<username>ValJor</username>
<id>1358</id>
</contributor>
<comment>Retirando da [[Especial:Uncategorizedpages|página de verbetes sem categoria]]</comment>
<model>wikitext</model>
<format>text/x-wiki</format>
<text bytes="207" xml:space="preserve">={{-pt-}}=
==Substantivo==
{{flex.pt|ms=safardana|mp=safardanas}}
{{paroxítona|sa|far|da|na}}
# [[bisbórria]]; [[biltre]]; [[pulha]]
===Sinônimo===
* [[chafardel]]
[[Categoria:Substantivo (Português)]]</text>
<sha1>pwo7pzcbgj7mvzclwsrlddwre1v3a20</sha1>
</revision>
