<page>
<title>safado</title>
<ns>0</ns>
<id>339442</id>
<revision>
<id>2684089</id>
<parentid>2684079</parentid>
<timestamp>2022-07-20T19:10:24Z</timestamp>
<contributor>
<username>ValJor</username>
<id>1358</id>
</contributor>
<minor />
<comment>Revertidas edições por [[Especial:Contribuições/78.130.82.241|78.130.82.241]] para a última versão por [[Especial:Contribuições/HydrizBot|HydrizBot]]</comment>
<model>wikitext</model>
<format>text/x-wiki</format>
<text bytes="463" xml:space="preserve">={{-pt-}}=
==Adjetivo==
{{flex.pt|ms=safado|mp=safados|fs=safada|fp=safadas}}
{{paroxítona|sa|fa|do}}, {{gramática|m}}
# diz-se de homem que é [[malandro]], [[pilantra]], [[trapaceiro]]
#* ''Guilherme é muito '''safado'''.''
==Substantivo==
{{flex.pt|ms=safado|mp=safados|fs=safada|fp=safadas}}
{{paroxítona|sa|fa|do}}, {{gramática|m}}
# [[malandro]], [[pilantra]], [[trapaceiro]]
[[Categoria:Adjetivo (Português)]]
[[Categoria:Substantivo (Português)]]</text>
<sha1>fxsac5cbw7sw0zpzbfx874fi03h0if3</sha1>
</revision>
</page>
