<page>
<title>safar</title>
<ns>0</ns>
<id>331035</id>
<revision>
<id>2591756</id>
<parentid>2404895</parentid>
<timestamp>2020-07-03T11:37:23Z</timestamp>
<contributor>
<username>ValJor</username>
<id>1358</id>
</contributor>
<comment>Acrescentando código de língua à [[:Categoria:!Página com mensagem de erro em predefinição|predefinição escopo]]</comment>
<model>wikitext</model>
<format>text/x-wiki</format>
<text bytes="1574" xml:space="preserve">={{-pt-}}=
==Verbo==
{{oxítona|sa|far}}, {{gramática|vt}}
# [[libertar]] algo que estava [[preso]], [[desembaraçar]]
# {{escopo|pt|Figurado}} [[evitar]] um [[conflito]], [[fugir]] da relação com uma pessoa
# [[extrair]]
# [[subtrair]], roubar
# [[deteriorar]] por uso
# [[apagar]] o escrito com [[safa]], borracha
# {{escopo|pt|Náutica}} [[desencalhar]]
# {{escopo|pt|Náutica}} [[livrar]] o navio dos seus amarres, libertar a coberta do navio de cordas e objetos, preparar o navio para a manobra
{{oxítona|sa|far}}, {{gramática|vp}}
# {{cont|9}} [[libertar]]-se de uma situação ou pessoa, livrar-se de um [[inconveniente]]
# [[escapar]], [[fugir]]
# [[deteriorar]]-se
===Conjugação===
{{conj/pt|saf|ar}}
=={{etimologia|pt}}==
: Aparentado com o [[espanhol]] ''zafar''.
==Ver também==
===No Wikcionário===
* [[sáfaro]]
==Ligações externas==
* {{Aulete}}
* {{DicioAberto}}
* {{DPLP}}
* {{Infopédia}}
* {{PLP}}
* {{VOLPABL}}
==Anagramas==
&lt;!-- índice para anagramas: pt: aafrs --&gt;
# [[arfas]]
# [[farás]]
# [[farsa]]
# [[safra]]
[[Categoria:Verbo (Português)]]
={{-gl-}}=
==Verbo&lt;sup&gt;1&lt;/sup&gt;==
{{oxítona|sa|far|lang=gl}}, {{gramática|vt}}
# [[safar#Português|safar]], libertar
{{oxítona|sa|far|lang=gl}}, {{gramática|vp}}
# {{cont|2}} [[safar#Português|safar]]-se, libertar-se
# [[safar#Português|safar]]-se, [[fugir]]
# [[ir]] embora
==Verbo&lt;sup&gt;2&lt;/sup&gt;==
{{oxítona|sa|far|lang=gl}}, {{gramática|vt}}
# [[sujar]] a [[cara]]
# {{escopo2|por extensão}} [[sujar]]
==={{-varort-}}===
* [[zafar#Galego|zafar]]
[[Categoria:Verbo (Galego)]]</text>
<sha1>ffd78tajbyyge1ih0wuax0w0of25wnu</sha1>
</revision>
</page>
