<page>
<title>safira</title>
<ns>0</ns>
<id>12862</id>
<revision>
<id>2591753</id>
<parentid>2404898</parentid>
<timestamp>2020-07-03T11:26:34Z</timestamp>
<contributor>
<username>ValJor</username>
<id>1358</id>
</contributor>
<comment>Trocando escopo por escopo2</comment>
<model>wikitext</model>
<format>text/x-wiki</format>
<text bytes="2955" xml:space="preserve">{{Wikipédia}}
{{Wikiquote}}
={{-pt-}}=
==Substantivo==
{{flex.pt|fs=safira|fp=safiras}}
{{paroxítona|sa|fi|ra}}, {{gramática|f}}
# [[pedra]] [[precioso|preciosa]] de cor [[azul]]; variedade de [[corindo]]
#* ''Para Richard Yu, chefe da edição de Smartfones, o celular com tela de '''safira''' demonstra a &quot;fabricação avançada&quot; da empresa.'' {{OESP|2014|setembro|5}}
# {{escopo2|Por extensão}} a cor azul
===Tradução===
{{tradini}}
* {{trad|de|Saphir}}
* {{trad|ar|ياقوت أزرق}}
* {{trad|arz|زفير}}
* {{trad|an|zafir}}
* {{trad|hy|շափյուղա}}
* {{trad|ast|zafil}}
* {{trad|az|sapfir}}
* {{trad|bjn|nilam}}
* {{trad|eu|zafiro}}
* {{trad|ba|сапфир}}
* {{trad|be|сапфір}}
* {{trad|my|နီလာ}}
* {{trad|bs|safir}}
* {{trad|bg|сапфир}}
* {{trad|csb|szafir}}
* {{trad|kn|ನೀಲಮಣಿ}}
* {{trad|yue|藍寶石}}
* {{trad|ca|safir}}
* {{trad|kk|сапфир}}
* {{trad|cs|safír}}
* {{trad|chr|ᏌᏆᏯ}}
* {{trad|zh|蓝宝石}}
* {{trad|si|නිල් මැණික්}}
* {{trad|ko|사파이어}}
* {{trad|hr|safir}}
* {{trad|da|safir}}
* {{trad|sco|sapphire}}
* {{trad|sk|zafír}}
* {{trad|sl|safir}}
* {{trad|es|zafiro}}
* {{trad|eo|safiro}}
* {{trad|et|safiir}}
* {{trad|fi|safiiri}}
* {{trad|fr|saphir}}
* {{trad|gl|zafiro}}
* {{trad|cy|saffir}}
* {{trad|ka|საფირონი}}
* {{trad|el|ζαφείρι}}
* {{trad|hak|làm-pó-sa̍k}}
* {{trad|he|ספיר}}
* {{trad|hi|नीलम}}
{{tradmeio}}
* {{trad|nl|saffier}}
* {{trad|sah|сапфир}}
* {{trad|io|safiro}}
* {{trad|id|safir}}
* {{trad|en|sapphire}}
* {{trad|ia|sapphiro}}
* {{trad|ga|saifír}}
* {{trad|it|zaffiro}}
* {{trad|ja|サファイア}}
* {{trad|kbp|safiiri}}
* {{trad|la|sapphirus}}
* {{trad|lv|safīrs}}
* {{trad|lt|safyras}}
* {{trad|mk|сафир}}
* {{trad|ml|ഇന്ദ്രനീലം}}
* {{trad|ms|nilam}}
* {{trad|mr|पुष्कराज}}
* {{trad|no|safir}}
* {{trad|nn|safir}}
* {{trad|ps|شين یاقوت}}
* {{trad|fa|یاقوت کبود}}
* {{trad|pl|szafir}}
* {{trad|pnb|نیلا یاقوت}}
* {{trad|ro|safir}}
* {{trad|ru|сапфир}}
* {{trad|sa|इन्द्रनीलः}}
* {{trad|sr|сафир}}
* {{trad|sh|safir}}
* {{trad|sv|safir}}
* {{trad|th|แซฟไฟร์}}
* {{trad|ta|நீலக்கல்}}
* {{trad|tt|зәңгәр якут}}
* {{trad|cv|сапфир}}
* {{trad|te|నీలమణి}}
* {{trad|tr|safir}}
* {{trad|uk|сапфір}}
* {{trad|ug|كۆك ياقۇت}}
* {{trad|uz|sapfir}}
* {{trad|vi|saphir}}
* {{trad|wuu|蓝宝石}}
{{tradfim}}
=={{etimologia|pt}}==
{{llietimo|la|sapphir|pt|ponto=não}} e este do {{etm|grc|pt}} {{etimo|grc|σάπφειρος|(sáppheiros)}}.
==Ligações externas==
* {{Aulete}}
* {{DicioAberto}}
* {{DPLP}}
* {{Infopédia}}
* {{PLP}}
* {{VOLPABL}}
==Anagramas==
&lt;!-- índice para anagramas: pt: aafirs --&gt;
# [[afiras]]
# [[arfais]]
# [[farias]]
# [[fiaras]]
# [[fiarás]]
[[Categoria:Substantivo (Português)]]</text>
<sha1>chsawqlmgwtamiu2uvv0k4i4f3plsgf</sha1>
</revision>
</page>
