<page>
<title>safnari</title>
<ns>0</ns>
<id>84858</id>
<revision>
<id>2404900</id>
<parentid>1793222</parentid>
<timestamp>2017-05-14T03:28:15Z</timestamp>
<contributor>
<username>HydrizBot</username>
<id>29590</id>
</contributor>
<minor />
<comment>Robô: A limpar links interwikis antigos</comment>
<model>wikitext</model>
<format>text/x-wiki</format>
<text bytes="355" xml:space="preserve">={{-is-}}=
==Substantivo==
'''saf.na.ri''', {{m}}, ''[[fraco]]'', ''grupo 1''
# [[colecionador]]
===Declinação===
{{decl.is.subst.fraca.masc.1.a-a~ö-u|s|fn|r}}
=={{etimologia|is}}==
: {{escopo|Morfologia}} {{etimo|is|safna}} ([[colecionar]]) + {{etimo|is|-ari}} ([[-dor]]).
[[Categoria:Substantivo (Islandês)]]
[[Categoria:Trissílabo (Islandês)]]</text>
<sha1>fiwfbg82ebreprvj2un0gyys4smbhmw</sha1>
</revision>
</page>
