<page>
<title>safo</title>
<ns>0</ns>
<id>275633</id>
<revision>
<id>2610350</id>
<parentid>2413736</parentid>
<timestamp>2021-01-30T20:37:56Z</timestamp>
<contributor>
<username>Marxav</username>
<id>73271</id>
</contributor>
<minor />
<comment>AFI Portugal</comment>
<model>wikitext</model>
<format>text/x-wiki</format>
<text bytes="735" xml:space="preserve">={{-pt-}}=
==Adjetivo==
{{paroxítona|sa|fo}}
# que se [[safar|safou]]
# que escapou
# livre
# desembaraçado
# usado, gasto ou alterado
# esperto
# desenrolado
==Substantivo&lt;sup&gt;1&lt;/sup&gt;==
{{paroxítona|sa|fo}}, {{f}}
# mulher que, quer pelo gênio, quer pelos costumes, faz lembrar a poetisa lésbica com este nome
==Substantivo&lt;sup&gt;2&lt;/sup&gt;==
{{paroxítona|sa|fo}}, {{m}}
# (zoologia) gênero de insetos odonatos
==Forma verbal==
{{paroxítona|sa|fo}}
# primeira pessoa do singular do presente do indicativo do verbo [[safar]]
=={{pronúncia|pt}}==
===Portugal===
* AFI: {{AFI|/ˈsa.fu/}}
==Anagrama==
# [[sofá]]
[[Categoria:Adjetivo (Português)]]
[[Categoria:Substantivo (Português)]]
[[Categoria:Forma verbal (Português)]]</text>
<sha1>o7cwn8wa9udbrwyubb06lxe2rf4kzq3</sha1>
</revision>
</page>
