<page>
<page>
<title>safra</title>
<ns>0</ns>
<id>322816</id>
<revision>
<id>2622233</id>
<parentid>2404902</parentid>
<timestamp>2021-02-02T02:33:24Z</timestamp>
<contributor>
<username>MarxavBot</username>
<id>80155</id>
</contributor>
<minor />
<comment>AFI Portugal</comment>
<model>wikitext</model>
<format>text/x-wiki</format>
<text bytes="602" xml:space="preserve">={{-pt-}}=
==Substantivo==
{{flex.pt|fs=safra|fp=safras}}
{{paroxítona|sa|fra}}
# [[colheita]]
#* ''&quot;Faltou chuva na fase de enchimento do grão da soja, e isso frustrou as expectativas de '''safra''', embora ainda possa ser maior do que no ano passado&quot;, disse o economista do Instituto Brasileiro de Economia (Ibre/FGV) André Braz.'' {{OESP|2014|março|11}}
=={{pronúncia|pt}}==
===Portugal===
* AFI: {{AFI|/ˈsa.fɾɐ/}}
==Ver também==
===No Wikcionário===
* [[agricultura]]
===Na Wikipédia===
* [[w:agricultura|agricultura]]
==Anagrama==
# [[farsa]]
[[Categoria:Substantivo (Português)]]</text>
<sha1>k0lfm94st912d1x34e24fifulnat95j</sha1>
</revision>
