<page>
<page>
<title>safu</title>
<ns>0</ns>
<id>87867</id>
<revision>
<id>2591750</id>
<parentid>2404903</parentid>
<timestamp>2020-07-03T11:05:37Z</timestamp>
<contributor>
<username>ValJor</username>
<id>1358</id>
</contributor>
<comment>Acrescentando código de língua à [[:Categoria:!Página com mensagem de erro em predefinição|predefinição escopo]]</comment>
<model>wikitext</model>
<format>text/x-wiki</format>
<text bytes="328" xml:space="preserve">={{-pt-}}=
==Substantivo==
{{oxítona|sa|fu}}, {{gramática|m}}
# {{escopo|pt|São Tomé e Príncipe}} designação a uma [[árvore]] da família das burseráceas
# {{escopo|pt|São Tomé e Príncipe}} o mesmo que [[safueiro]]
# {{escopo|pt|São Tomé e Príncipe}} o mesmo que [[mubafo]]
[[Categoria:Substantivo (Português)]]</text>
<sha1>7mc3cpjuk3p9do4eb38cv6nb4mb1y0u</sha1>
</revision>
