<page>
<page>
<title>safueiro</title>
<ns>0</ns>
<id>87865</id>
<revision>
<id>2591747</id>
<parentid>1209578</parentid>
<timestamp>2020-07-03T09:48:18Z</timestamp>
<contributor>
<username>ValJor</username>
<id>1358</id>
</contributor>
<comment>Acrescentando código de língua à [[:Categoria:!Página com mensagem de erro em predefinição|predefinição escopo]]</comment>
<model>wikitext</model>
<format>text/x-wiki</format>
<text bytes="446" xml:space="preserve">={{-pt-}}=
==Substantivo==
{{flex.pt|ms=safueiro|mp=safueiros}}
{{paroxítona|sa|fu|ei|ro}}, {{gramática|m}}
# {{escopo|pt|São Tomé e Príncipe}} designação dada ao [[safu]]
# {{escopo|pt|São Tomé e Príncipe}} o mesmo que [[mubafo]]
=={{etimologia|pt}}==
: {{escopo|Morfologia}} [[safu]] + [[-eiro]].
==Ligações externas==
* {{Aulete}}
* {{DicioAberto}}
* {{Infopédia}}
* {{PLP}}
* {{VOLPABL}}
[[Categoria:Substantivo (Português)]]</text>
<sha1>i0plt4qoamuxpfcm6kae9fhd9ee9im2</sha1>
</revision>
