<page>
<title>sagardo</title>
<ns>0</ns>
<id>391713</id>
<revision>
<id>2479763</id>
<timestamp>2018-01-24T18:40:45Z</timestamp>
<contributor>
<username>Tribuno da Plebe</username>
<id>16095</id>
</contributor>
<comment>[[Ajuda:Guia de edição/Menus e ferramentas/Sumário de edição|→]] nova página: ={{-eu-}}= [[File:Sagardoa_eta_sagarrak.jpg|300px|right|thumb|Euskal '''sagardoa''' eta [[sagar]]rak]] ==Subs...</comment>
<model>wikitext</model>
<format>text/x-wiki</format>
<text bytes="380" xml:space="preserve">={{-eu-}}=
[[File:Sagardoa_eta_sagarrak.jpg|300px|right|thumb|Euskal '''sagardoa''' eta [[sagar]]rak]]
==Substantivo==
'''sagardo'''
# [[cidra]]
===Declinação===
{{decl.eu.subst|sagardo|av=1|kv=1}}
=={{etimologia|eu}}==
:''[[sagar]]'' (&quot;maçã&quot;) + ''[[ardo]]'' (&quot;vinho&quot;)
[[Categoria:Substantivo (Basco)]]
[[Categoria:Entrada com imagem (Basco)]]
[[Categoria:Bebida (Basco)]]</text>
<sha1>rxo79v0e8c9ce7eorey8j6qsmnqepdp</sha1>
</revision>
</page>
