<page>
<title>sagacidade</title>
<ns>0</ns>
<id>40879</id>
<revision>
<id>2689747</id>
<parentid>2404906</parentid>
<timestamp>2022-10-20T10:36:58Z</timestamp>
<contributor>
<username>InternetArchiveBot</username>
<id>81604</id>
</contributor>
<comment>Rescuing 1 sources and tagging 0 as dead.) #IABot (v2.0.9.2</comment>
<model>wikitext</model>
<format>text/x-wiki</format>
<text bytes="826" xml:space="preserve">={{-pt-}}=
==Substantivo==
{{flex.pt|fs=sagacidade|fp=sagacidades}}
{{paroxítona|sa|ga|ci|da|de}}, {{gramática|f}}
# característica ou prática de quem é [[sagaz]]
#* '''1882'''.  ASSIS, Machado de.  Teoria do medalhão.  In: _____.  ''Papéis avulsos''.  Belém: UNAMA, 2007.  Disponível em: &lt;https://web.archive.org/web/20091228215053/http://www.dominiopublico.gov.br/download/texto/ua000223.pdf&gt;.  Acesso em: 20 nov. 2007.  p. 39.
#*: Nada obsta a que sejas objeto de uma tal distinção, principalmente se a '''sagacidade''' dos amigos não achar em ti repugnância.
===Sinônimos===
{{verTambém.Ini}}
* [[argúcia]]
{{verTambém.NovaColuna}}
* [[perspicácia]]
{{verTambém.NovaColuna}}
* [[esperteza]]
{{verTambém.Fim}}
=={{etimologia|pt}}==
{{llietimo|la|sagacitate|pt}}
[[Categoria:Substantivo_(Português)]]</text>
<sha1>nrl0uj5q8zcr8dscws48m3k7oyece6q</sha1>
</revision>
</page>
