<page>
<page>
<title>sagar</title>
<ns>0</ns>
<id>97122</id>
<revision>
<id>2404907</id>
<parentid>2228524</parentid>
<timestamp>2017-05-14T03:28:36Z</timestamp>
<contributor>
<username>HydrizBot</username>
<id>29590</id>
</contributor>
<minor />
<comment>Robô: A limpar links interwikis antigos</comment>
<model>wikitext</model>
<format>text/x-wiki</format>
<text bytes="138" xml:space="preserve">{{Wikipédia|lang=eu}}
={{-eu-}}=
==Substantivo==
'''sagar'''
# [[maçã]]
[[Categoria:Substantivo (Basco)]]
[[Categoria:Fruta (Basco)]]</text>
<sha1>9cuvbp2kbl7jrderxi4vk9kimymzy78</sha1>
</revision>
