<page>
<page>
<title>sagasu</title>
<ns>0</ns>
<id>125141</id>
<revision>
<id>2404908</id>
<parentid>2223562</parentid>
<timestamp>2017-05-14T03:28:37Z</timestamp>
<contributor>
<username>HydrizBot</username>
<id>29590</id>
</contributor>
<minor />
<comment>Robô: A limpar links interwikis antigos</comment>
<model>wikitext</model>
<format>text/x-wiki</format>
<text bytes="111" xml:space="preserve">={{-ja-}}=
==Transliteração==
# transliteração de [[さがす]]
[[Categoria:Transliteração (Japonês)]]</text>
<sha1>qs591b6x7hfodxr2k6he2gkbp1mg9d5</sha1>
</revision>
