<page>
<title>saganha</title>
<ns>0</ns>
<id>443746</id>
<revision>
<id>2676500</id>
<parentid>2676495</parentid>
<timestamp>2022-05-10T17:53:29Z</timestamp>
<contributor>
<username>Cpls</username>
<id>20608</id>
</contributor>
<model>wikitext</model>
<format>text/x-wiki</format>
<text bytes="582" xml:space="preserve">={{-pt-}}=
==Substantivo==
{{flex.pt|fs=saganha|fp=saganhas}}
{{paroxítona|sa|ga|nha}}, {{gramática|f}}
# {{escopo|pt|Planta}} arbusto da Europa que pode chegar ao metro de altura da espécie ''[[species:Cistus inflatus|Cistus inflatus]]''
===Sinónimos===
* [[saganho]], [[sarganha]]
=={{etimologia|pt}}==
: Aparentado com o árabe andaluzi شَكْوَس‎ (šakwas), derivado do latim {{etimo|la|salicastrum}}.
==Ligações externas==
* {{Aulete}}
* {{Michaelis}}
* {{DicioAberto}}
* {{DLPO}}
* {{Infopédia}}
* {{PLP}}
* {{VOLPABL}}
[[Categoria:Substantivo (Português)]]</text>
<sha1>sq75x5far9vmh6eq2wraq86v82mvvsb</sha1>
</revision>
</page>
