<page>
<page>
<title>Sagaria</title>
<ns>0</ns>
<id>402358</id>
<revision>
<id>2590249</id>
<parentid>2524139</parentid>
<timestamp>2020-06-13T20:00:02Z</timestamp>
<contributor>
<username>Leonardo José Raimundo</username>
<id>43489</id>
</contributor>
<comment>Eu estou editando o nome &quot;Sagaria&quot;.</comment>
<model>wikitext</model>
<format>text/x-wiki</format>
<text bytes="207" xml:space="preserve">={{-af-}}=
==Substantivo==
{{paroxítona|Sa|ga|ri|a|lang=af}}
# {{escopo|af|Cristianismo|religião}} [[Zacarias]]
==Ver também==
===No Wikcionário===
{{bíblia/af}}
[[Categoria:Substantivo (Africâner)]]</text>
<sha1>rhozifty4exe7z1gl5r0xdf4ctt9gpa</sha1>
</revision>
