<page>
<page>
<title>sageira</title>
<ns>0</ns>
<id>404998</id>
<revision>
<id>2531872</id>
<parentid>2531869</parentid>
<timestamp>2019-01-07T21:29:59Z</timestamp>
<contributor>
<username>Cpls</username>
<id>20608</id>
</contributor>
<comment>/* {{-gl-}} */</comment>
<model>wikitext</model>
<format>text/x-wiki</format>
<text bytes="461" xml:space="preserve">={{-gl-}}=
==Substantivo==
{{flex.gl|fs=sageira|fp=sageiras}}
{{paroxítona|sa|gei|ra|lang=gl}}, {{g|f|lang=gl}}
# {{escopo|gl|arcaico}} [[sabedoria]]
=={{etimologia|gl}}==
: Aparentada com o francês antigo {{etimo|fro|sage}} &quot;[[sábio]]&quot;, com o laim  {{etimo|la|sagus}} e com o gaélico antigo {{etimo|sga|saigid}}. Confronte-se com ''[[sageza#{{gl}}|sageza]]'', com o galego-português medieval {{etimo|roa-gpm|sajaria}}.
[[Categoria:Substantivo (Galego)]]</text>
<sha1>g64tpd7z7cgxnwkpgxn8uqc91iimx0d</sha1>
</revision>
