<page>
<page>
<title>sage</title>
<ns>0</ns>
<id>123647</id>
<revision>
<id>2458024</id>
<parentid>2404910</parentid>
<timestamp>2017-10-30T07:21:06Z</timestamp>
<contributor>
<username>Spanier</username>
<id>43713</id>
</contributor>
<comment>estilo</comment>
<model>wikitext</model>
<format>text/x-wiki</format>
<text bytes="1636" xml:space="preserve">={{-de-}}=
==Forma Verbal==
'''sage'''
# primeira pessoa do singular do presente do [[indicativo]] do verbo ''[[sagen]]''
# primeira pessoa do singular do presente do [[subjuntivo]] do verbo ''[[sagen]]''
# primeira pessoa do singular do presente do [[subjuntivo]] do verbo ''[[sagen]]''
# segunda pessoa do singular presente imperativo do verbo ''[[sagen]]''
=={{pronúncia|de}}==
*[[AFI]]: {{AFI|/ˈzaːɡə/|de}}
[[Categoria:Forma verbal (Alemão)]]
={{-et-}}=
==Adjetivo==
'''sage'''
# [[frequente]], [[habitual]]
[[Categoria:Adjetivo (Estoniano)]]
={{-fr-}}=
==Substantivo==
'''sage'''
# [[sábio]]
=={{etimologia|fr}}==
: Do latim tardio *''sapius'', do verbo [[sapere]].
=={{pronúncia|fr}}==
* [[AFI]]: {{AFI|/saʒ/|fr}} {{áudio|Fr-sage.ogg|ouvir|lang=fr}}
[[Categoria:Substantivo (Francês)]]
={{-nl-}}=
==Substantivo==
'''sage''', ''f.'' (''plural'': [[sagen]])
# [[história]] de [[bravura]]
=={{pronúncia|nl}}==
* [[AFI]]: {{AFI|/saɣə/|nl}} {{audio|Nl-sage.ogg|lang=nl|ouvir}}
[[Categoria:Substantivo (Holandês)]]
={{-en-}}=
==Adjetivo==
'''sage'''
# [[sábio]]
==Substantivo==
'''sage'''
# [[sábio]]
# [[filósofo]]
# [[prudente]], [[discreto]], [[judicioso]]
# [[salva]], [[sálvia]]
===Verbetes derivados===
* [[sagely]]
* [[sageness]]
=={{etimologia|en}}==
: Do francês antigo ''sage'' (século XI), do [[latim]] vulgar ''*sapius'', do latim ''[[sapere]]'' (testar, provar , discernir, ser sábio), da raiz do [[indoeuropeu]] *sap- (“‘provar, testar’”). 
=={{pronúncia|en}}==
* {{áudio|en-us-sage.ogg|ouvir|lang=en}}
[[Categoria:Substantivo (Inglês)]]
[[Categoria:Adjetivo (Inglês)]]</text>
<sha1>bsyio87rq2vysb0mjaxr56mlmrzua8r</sha1>
</revision>
