<page>
<title>Sagitário</title>
<ns>0</ns>
<id>300230</id>
<revision>
<id>2659823</id>
<parentid>2656192</parentid>
<timestamp>2022-02-11T05:14:39Z</timestamp>
<contributor>
<username>First jumper</username>
<id>44431</id>
</contributor>
<comment>+Tradução</comment>
<model>wikitext</model>
<format>text/x-wiki</format>
<text bytes="1001" xml:space="preserve">{{Wikipédia|lang=pt}}
[[Imagem:Sagittarius.svg|thumb|right|250px|{{centro|O símbolo de Sagitário}}]]
={{-pt-}}=
==Substantivo==
{{proparoxítona aparente|Sa|gi|tá|ri|o}}, {{gramática|pr}}
# {{escopo|pt|astrologia}} um dos [[signo]]s do [[zodíaco|Zodíaco]]
# {{escopo|pt|constelação}} [[constelação]] do [[zodíaco]]
===Tradução===
{{tradini|constelação do zodíaco)}}
* {{trad|de|Schütze}} {{m}}
* {{trad|cs|Střelec}} {{m}}
* {{trad|sk|Strelec}} {{m}}
* {{trad|es|Sagitario}} {{m}}
* {{trad|fr|Sagittaire}} {{m}}
* {{trad|nl|Boogschutter}}
{{tradmeio}}
* {{trad|en|Sagittarius}}
* {{trad|it|Sagitário}} {{m}}
* {{trad|la|Sagittarius}} {{m}}
* {{trad|pl|Strzelec}} {{m}}
* {{trad|ru|Стрелец}} {{m}}
* {{trad|sv|Skytten}} {{c}}
{{tradfim}}
===Sinônimo===
* [[Sagittarius]]
=={{pronúncia|pt}}==
* [[AFI]]: {{AFI|/sɜʒiˈtarju/|pt}}
==Ver também==
===No Wikcionário===
{{zodíaco/pt}}
[[Categoria:Substantivo (Português)]]
[[Categoria:Entrada com imagem (Português)]]</text>
<sha1>1il0qcjx0o2nkbyg9wuban4o64ukdif</sha1>
</revision>
</page>
