<page>
<title>saging</title>
<ns>0</ns>
<id>147076</id>
<revision>
<id>2404913</id>
<parentid>2135968</parentid>
<timestamp>2017-05-14T03:28:56Z</timestamp>
<contributor>
<username>HydrizBot</username>
<id>29590</id>
</contributor>
<minor />
<comment>Robô: A limpar links interwikis antigos</comment>
<model>wikitext</model>
<format>text/x-wiki</format>
<text bytes="116" xml:space="preserve">={{-tl-}}=
==Substantivo==
'''saging'''
#[[banana]]
[[Categoria:Substantivo (Tagalo)]]
[[Categoria:Fruta (Tagalo)]]</text>
<sha1>bc04phzl9vmxp38mws8kzibcdlkxmy0</sha1>
</revision>
</page>
