<page>
<page>
<title>sagitta</title>
<ns>0</ns>
<id>10977</id>
<revision>
<id>2669781</id>
<parentid>2669780</parentid>
<timestamp>2022-04-01T10:10:14Z</timestamp>
<contributor>
<username>MIL973</username>
<id>41339</id>
</contributor>
<model>wikitext</model>
<format>text/x-wiki</format>
<text bytes="954" xml:space="preserve">{{ver também|Sagitta}}
={{-ia-}}=
==Substantivo==
{{flex.ia|sagitta|sagittas}}
'''sagitta'''
# [[flecha]], [[sagita]], [[seta]]
===Sinônimo===
* {{link opcional|flecha|ia}}
=={{etimologia|ia}}==
{{llietimo|la|sagitta|ia}}
==Ver também==
===No Wikcionário===
{{colunas|2}}
* [[sagittal#{{ia}}|sagittal]]
* [[sagittari#{{ia}}|sagittari]]
* [[sagittaria#{{ia}}|sagittaria]]
* [[sagittario#{{ia}}|sagittario]]
{{colunas/fim}}
[[Categoria:Substantivo (Interlíngua)]]
={{-la-}}=
==Substantivo==
{{paroxítona|sa|git|ta|lang=la}}, {{gramática|f|lang=la}}
# [[sagita]], [[seta]]
# [[flecha]], sagita, seta
# a constelação do [[Sagitário]]
===Declinação===
{{decl.la.subst.1|sagitt}}
=={{pronúncia|la}}==
* AFI: {{AFI|/sa.ˈgit.ta/}}
==Ver também==
===No Wikcionário===
{{colunas|3}}
* [[sagittare#{{la}}|sagittare]]
* [[sagittarius#{{la}}|sagittarius]]
* [[sagittifer#{{la}}|sagittifer]]
{{colunas/fim}}
[[Categoria:Substantivo (Latim)]]</text>
<sha1>73jw4xakd4n0wj8yyjtdp0r5kjmhsua</sha1>
</revision>
