<page>
<title>sagol</title>
<ns>0</ns>
<id>272433</id>
<revision>
<id>2404918</id>
<parentid>2135966</parentid>
<timestamp>2017-05-14T03:29:07Z</timestamp>
<contributor>
<username>HydrizBot</username>
<id>29590</id>
</contributor>
<minor />
<comment>Robô: A limpar links interwikis antigos</comment>
<model>wikitext</model>
<format>text/x-wiki</format>
<text bytes="530" xml:space="preserve">{{ver também|sağol}}
={{-vo-}}=
==Forma verbal==
'''sa.{{grifar|gol}}'''
# [[segunda pessoa]] do [[singular]] do {{l.s.|presente}} do [[indicativo]] do [[verbo]] '''''[[sagön]]''''':
## ([[tu]]) [[dizer|dizes]].
==Etimologia==
{{etimo.vo|sag|-ol}}
==Pronúncia==
* [[AFI]]: {{AFI|/saˈgol/}}
* [[X-SAMPA]]: /sa&quot;gol/
[[Categoria:Forma verbal (Volapuque)]]
[[Categoria:Dissílabo (Volapuque)]]
[[Categoria:Oxítona (Volapuque)]]
[[Categoria:Entrada com etimologia (Volapuque)]]
[[Categoria:Entrada com pronúncia (Volapuque)]]</text>
<sha1>hkxti2oi2xw25i27ms6jvix18ykp0na</sha1>
</revision>
</page>
