<page>
<title>sagrarias</title>
<ns>0</ns>
<id>201292</id>
<revision>
<id>2404940</id>
<parentid>2135948</parentid>
<timestamp>2017-05-14T03:29:39Z</timestamp>
<contributor>
<username>HydrizBot</username>
<id>29590</id>
</contributor>
<minor />
<comment>Robô: A limpar links interwikis antigos</comment>
<model>wikitext</model>
<format>text/x-wiki</format>
<text bytes="174" xml:space="preserve">={{-pt-}}=
==Forma verbal==
'''sagrarias'''
#[[segunda pessoa]] do [[singular]] do [[futuro do pretérito]] do verbo '''[[sagrar]]'''
[[Categoria:Forma verbal (Português)]]</text>
<sha1>71v8cw08j26qe1n7a5e8w1mx3kamptx</sha1>
</revision>
</page>
