<page>
<page>
<title>sagrasses</title>
<ns>0</ns>
<id>198313</id>
<revision>
<id>2404950</id>
<parentid>2135997</parentid>
<timestamp>2017-05-14T03:29:52Z</timestamp>
<contributor>
<username>HydrizBot</username>
<id>29590</id>
</contributor>
<minor />
<comment>Robô: A limpar links interwikis antigos</comment>
<model>wikitext</model>
<format>text/x-wiki</format>
<text bytes="198" xml:space="preserve">={{-pt-}}=
==Forma verbal==
'''sagrasses'''
#[[segunda pessoa]] do [[singular]] do [[pretérito imperfeito]] do [[modo subjuntivo]] do verbo '''[[sagrar]]'''
[[Categoria:Forma verbal (Português)]]</text>
<sha1>368osc8m3w3r4o6wnvk1ljsye8as4uf</sha1>
</revision>
