<page>
<page>
<title>sagrado</title>
<ns>0</ns>
<id>47428</id>
<revision>
<id>2618755</id>
<parentid>2570282</parentid>
<timestamp>2021-02-01T16:48:36Z</timestamp>
<contributor>
<username>MarxavBot</username>
<id>80155</id>
</contributor>
<minor />
<comment>AFI Portugal</comment>
<model>wikitext</model>
<format>text/x-wiki</format>
<text bytes="2021" xml:space="preserve">={{-pt-}}=
==Adjetivo==
{{flex.pt|ms=sagrado|mp=sagrados|fs=sagrada|fp=sagradas}}
{{paroxítona|sa|gra|do}}, {{gramática|m}}
# que se [[sagrar|sagrou]]
# {{escopo|pt|Religião}} [[devotar|devotado]] ou [[dedicar|dedicado]] a uma [[divindade]] ou a algum [[fim]] [[religioso]]
#* ''Recebeu a hóstia '''sagrada''' das mãos do padre.''
# {{escopo|pt|Religião}} que [[merecer|merece]] [[veneração]] ou [[respeito]] [[religioso]] por ter uma [[associação]] com uma [[divindade]] ou com coisas [[divino|divinas]]
# {{escopo|pt|Religião}} [[conectar|conectado]] a uma [[religião]] ou [[relativo]] a ela
#* ''O Alcorão é o livro '''sagrado''' dos muçulmanos.''
# que não deve ser [[violar|violado]] ou [[infringir|infringido]]
#* ''A liberdade é um dos direitos '''sagrados''' do homem.''
===Antônimos===
* De '''4''':
{{colunas|2}}
* [[profano]]
* [[secular]]
{{colunas/fim}}
===Expressões===
* '''[[monstro sagrado]]''': artista de grande talento
* '''[[Sagrada Escritura]]''': a Bíblia
* '''[[Sagrada Família]]''':
* '''[[Solenidade do Sagrado Coração de Jesus]]''':
===Sinônimos===
* De '''2''':
* [[consagrado]]
===Tradução===
{{tradini}}
* {{trad|de|heilig}}
* {{trad|eu|sakratu}}
* {{trad|cs|posvěcený}}
* {{trad|es|sagrado}}
* {{trad|fr|sacré}}
* {{trad|en|sacred}}
{{tradmeio}}
* {{trad|it|sacro}}
* {{trad|pl|święty}}
* {{trad|ro|sacru}}
* {{trad|sv|sakral}}
* {{trad|tet|lulik}}
* {{trad|tr|mübarek|aziz}}
{{tradfim}}
=={{etimologia|pt}}==
: Particípio do verbo [[sagrar]].
=={{pronúncia|pt}}==
===Portugal===
* AFI: {{AFI|/sɐ.ˈɡɾa.du/}}
==Ver também==
===No Wikcionário===
* [[hierático]]
====Wikisaurus====
* [[Wikisaurus:religião|religião]]
==Anagramas==
# [[agrados]]
# [[rasgado]]
# [[rogadas]]
[[Categoria:Adjetivo (Português)]]
={{-es-}}=
==Adjetivo==
{{flex.es|ms=sagrado|mp=sagrados|fs=sagrada|fp=sagradas}}
{{paroxítona|sa|gra|do|lang=es}}, {{gramática|m|lang=es}}
# {{escopo|es|Religião}} [[sagrado#{{pt}}|sagrado]]
[[Categoria:Adjetivo (Espanhol)]]</text>
<sha1>8mnpwtbz5zro58r24svuy9h7t8ymt8u</sha1>
</revision>
