<page>
<title>sagrenses</title>
<ns>0</ns>
<id>394921</id>
<revision>
<id>2496342</id>
<parentid>2496341</parentid>
<timestamp>2018-04-14T06:54:11Z</timestamp>
<contributor>
<username>MIL973</username>
<id>41339</id>
</contributor>
<model>wikitext</model>
<format>text/x-wiki</format>
<text bytes="326" xml:space="preserve">={{-pt-}}=
==Forma de adjetivo==
{{paroxítona|sa|gren|ses}}, {{gramática|c2gp}}
# plural de [[sagrense]]
==Forma de substantivo==
{{paroxítona|sa|gren|ses}}, {{gramática|c2gp}}
# plural de [[sagrense]]
{{avi-for-fle|sagrense}}
[[Categoria:Forma de adjetivo (Português)]]
[[Categoria:Forma de substantivo (Português)]]</text>
<sha1>er8e8ycii5sr2tecjhvttx49zi3xtye</sha1>
</revision>
</page>
