<page>
<page>
<title>sagraremos</title>
<ns>0</ns>
<id>188901</id>
<revision>
<id>2404936</id>
<parentid>2135952</parentid>
<timestamp>2017-05-14T03:29:33Z</timestamp>
<contributor>
<username>HydrizBot</username>
<id>29590</id>
</contributor>
<minor />
<comment>Robô: A limpar links interwikis antigos</comment>
<model>wikitext</model>
<format>text/x-wiki</format>
<text bytes="172" xml:space="preserve">={{-pt-}}=
==Forma verbal==
'''sagraremos'''
#[[primeira pessoa]] do [[plural]] do [[futuro do presente]] do verbo '''[[sagrar]]'''
[[Categoria:Forma verbal (Português)]]</text>
<sha1>hucg4ztzv28hhgho6idjx1j5xl1glod</sha1>
</revision>
