<page>
<page>
<title>sagrarmos</title>
<ns>0</ns>
<id>209822</id>
<revision>
<id>2404941</id>
<parentid>2135947</parentid>
<timestamp>2017-05-14T03:29:40Z</timestamp>
<contributor>
<username>HydrizBot</username>
<id>29590</id>
</contributor>
<minor />
<comment>Robô: A limpar links interwikis antigos</comment>
<model>wikitext</model>
<format>text/x-wiki</format>
<text bytes="269" xml:space="preserve">={{-pt-}}=
==Forma verbal==
'''sagrarmos'''
#[[primeira pessoa]] do [[plural]] do [[futuro]] do [[modo subjuntivo]] do verbo '''[[sagrar]]'''
#[[infinitivo pessoal]] da [[primeira pessoa]] do [[plural]] do verbo '''[[sagrar]]'''
[[Categoria:Forma verbal (Português)]]</text>
<sha1>sy4j6oouwp61rks8vxpasn78nbj7254</sha1>
</revision>
