<page>
<title>sagrardes</title>
<ns>0</ns>
<id>211283</id>
<revision>
<id>2404932</id>
<parentid>2135956</parentid>
<timestamp>2017-05-14T03:29:28Z</timestamp>
<contributor>
<username>HydrizBot</username>
<id>29590</id>
</contributor>
<minor />
<comment>Robô: A limpar links interwikis antigos</comment>
<model>wikitext</model>
<format>text/x-wiki</format>
<text bytes="267" xml:space="preserve">={{-pt-}}=
==Forma verbal==
'''sagrardes'''
#[[segunda pessoa]] do [[plural]] do [[futuro]] do [[modo subjuntivo]] do verbo '''[[sagrar]]'''
#[[infinitivo pessoal]] da [[segunda pessoa]] do [[plural]] do verbo '''[[sagrar]]'''
[[Categoria:Forma verbal (Português)]]</text>
<sha1>5atbo9gx5c7ngizw1f956sf0wxg9jdf</sha1>
</revision>
</page>
