<page>
<page>
<title>sagras</title>
<ns>0</ns>
<id>155722</id>
<revision>
<id>2404947</id>
<parentid>2136001</parentid>
<timestamp>2017-05-14T03:29:48Z</timestamp>
<contributor>
<username>HydrizBot</username>
<id>29590</id>
</contributor>
<minor />
<comment>Robô: A limpar links interwikis antigos</comment>
<model>wikitext</model>
<format>text/x-wiki</format>
<text bytes="178" xml:space="preserve">={{-pt-}}=
==Forma verbal==
'''sagras'''
#[[segunda]] [[pessoa]] do [[singular]] do [[presente]] [[indicativo]] do verbo '''[[sagrar]]'''
[[Categoria:Forma verbal (Português)]]</text>
<sha1>4t9ebfu7cgibkmd8d2x4axpz5xpwbxu</sha1>
</revision>
