<page>
<page>
<title>sagres</title>
<ns>0</ns>
<id>219768</id>
<revision>
<id>2404961</id>
<parentid>2135987</parentid>
<timestamp>2017-05-14T03:30:06Z</timestamp>
<contributor>
<username>HydrizBot</username>
<id>29590</id>
</contributor>
<minor />
<comment>Robô: A limpar links interwikis antigos</comment>
<model>wikitext</model>
<format>text/x-wiki</format>
<text bytes="275" xml:space="preserve">={{-pt-}}=
==Forma verbal==
'''sagres'''
#[[segunda pessoa]] do [[singular]] do [[presente]] do [[modo subjuntivo]] do verbo '''[[sagrar]]'''
#[[segunda pessoa]] do [[singular]] do [[imperativo]] [[negativo]] do verbo '''[[sagrar]]'''
[[Categoria:Forma verbal (Português)]]</text>
<sha1>6m8add4e30os1mq3ckhboidcxpzvx54</sha1>
</revision>
