<page>
<page>
<title>sagradas</title>
<ns>0</ns>
<id>67098</id>
<revision>
<id>2498378</id>
<parentid>2498377</parentid>
<timestamp>2018-04-24T04:51:51Z</timestamp>
<contributor>
<username>MIL973</username>
<id>41339</id>
</contributor>
<model>wikitext</model>
<format>text/x-wiki</format>
<text bytes="433" xml:space="preserve">={{-pt-}}=
==Forma de adjetivo==
{{paroxítona|sa|gra|das}}, {{gramática|fp}}
# feminino plural de [[sagrado]]
{{avi-for-fle|sagrado}}
==Anagrama==
# [[rasgadas]]
[[Categoria:Forma de adjetivo (Português)]]
={{-es-}}=
==Forma de adjetivo==
{{paroxítona|sa|gra|das|lang=es}}, {{gramática|fp|lang=es}}
# feminino plural de [[sagrado#{{es}}|sagrado]]
{{avi-for-fle|sagrado|lang=es}}
[[Categoria:Forma de adjetivo (Espanhol)]]</text>
<sha1>iwtqdr25zuea91hondnj6l0c60mvb5p</sha1>
</revision>
