<page>
<title>sagrares</title>
<ns>0</ns>
<id>208334</id>
<revision>
<id>2404937</id>
<parentid>2135951</parentid>
<timestamp>2017-05-14T03:29:35Z</timestamp>
<contributor>
<username>HydrizBot</username>
<id>29590</id>
</contributor>
<minor />
<comment>Robô: A limpar links interwikis antigos</comment>
<model>wikitext</model>
<format>text/x-wiki</format>
<text bytes="270" xml:space="preserve">={{-pt-}}=
==Forma verbal==
'''sagrares'''
#[[segunda pessoa]] do [[singular]] do [[futuro]] do [[modo subjuntivo]] do verbo '''[[sagrar]]'''
#[[infinitivo pessoal]] da [[segunda pessoa]] do [[singular]] do verbo '''[[sagrar]]'''
[[Categoria:Forma verbal (Português)]]</text>
<sha1>nrajciv1g4x2lj6yw4sug5fcyw4ipbx</sha1>
</revision>
</page>
