<page>
<title>sagrasse</title>
<ns>0</ns>
<id>206602</id>
<revision>
<id>2404948</id>
<parentid>2135999</parentid>
<timestamp>2017-05-14T03:29:49Z</timestamp>
<contributor>
<username>HydrizBot</username>
<id>29590</id>
</contributor>
<minor />
<comment>Robô: A limpar links interwikis antigos</comment>
<model>wikitext</model>
<format>text/x-wiki</format>
<text bytes="229" xml:space="preserve">={{-pt-}}=
==Forma verbal==
'''sagrasse'''
#[[primeira pessoa|primeira]] e [[terceira pessoa]] do [[singular]] do [[pretérito imperfeito]] do [[modo subjuntivo]] do verbo '''[[sagrar]]'''
[[Categoria:Forma verbal (Português)]]</text>
<sha1>mild6oskilido4o4tybmwz2gjvr3ypu</sha1>
</revision>
</page>
