<page>
<title>sagrareis</title>
<ns>0</ns>
<id>190368</id>
<revision>
<id>2404934</id>
<parentid>2135954</parentid>
<timestamp>2017-05-14T03:29:31Z</timestamp>
<contributor>
<username>HydrizBot</username>
<id>29590</id>
</contributor>
<minor />
<comment>Robô: A limpar links interwikis antigos</comment>
<model>wikitext</model>
<format>text/x-wiki</format>
<text bytes="170" xml:space="preserve">={{-pt-}}=
==Forma verbal==
'''sagrareis'''
#[[segunda pessoa]] do [[plural]] do [[futuro do presente]] do verbo '''[[sagrar]]'''
[[Categoria:Forma verbal (Português)]]</text>
<sha1>l0wu9s9kbvovu7nvat8y6y8lf4yoxgv</sha1>
</revision>
</page>
