<page>
<title>sagraríeis</title>
<ns>0</ns>
<id>195662</id>
<revision>
<id>2404946</id>
<parentid>2135942</parentid>
<timestamp>2017-05-14T03:29:47Z</timestamp>
<contributor>
<username>HydrizBot</username>
<id>29590</id>
</contributor>
<minor />
<comment>Robô: A limpar links interwikis antigos</comment>
<model>wikitext</model>
<format>text/x-wiki</format>
<text bytes="194" xml:space="preserve">={{-pt-}}=
==Forma verbal==
{{paroxítona|sa|gra|rí|eis}}
# segunda pessoa do plural do futuro do pretérito do verbo [[sagrar]]
{{avi-for-fle|sagrar}}
[[Categoria:Forma verbal (Português)]]</text>
<sha1>4nlh1rocsm5fds7pbwbrt0ycomtlpwj</sha1>
</revision>
</page>
