<page>
<title>sagrarei</title>
<ns>0</ns>
<id>184630</id>
<revision>
<id>2404933</id>
<parentid>2135955</parentid>
<timestamp>2017-05-14T03:29:30Z</timestamp>
<contributor>
<username>HydrizBot</username>
<id>29590</id>
</contributor>
<minor />
<comment>Robô: A limpar links interwikis antigos</comment>
<model>wikitext</model>
<format>text/x-wiki</format>
<text bytes="172" xml:space="preserve">={{-pt-}}=
==Forma verbal==
'''sagrarei'''
#[[primeira pessoa]] do [[singular]] do [[futuro do presente]] do verbo '''[[sagrar]]'''
[[Categoria:Forma verbal (Português)]]</text>
<sha1>aybwd9nv5df9h0v3xdkngf3wss59n8o</sha1>
</revision>
</page>
