<page>
<page>
<title>sagrou</title>
<ns>0</ns>
<id>174339</id>
<revision>
<id>2404963</id>
<parentid>2135985</parentid>
<timestamp>2017-05-14T03:30:10Z</timestamp>
<contributor>
<username>HydrizBot</username>
<id>29590</id>
</contributor>
<minor />
<comment>Robô: A limpar links interwikis antigos</comment>
<model>wikitext</model>
<format>text/x-wiki</format>
<text bytes="193" xml:space="preserve">={{-pt-}}=
==Forma verbal==
'''sagrou'''
#[[terceira pessoa]] do [[singular]] do [[pretérito perfeito]] do [[modo indicativo]] do verbo '''[[sagrar]]'''
[[Categoria:Forma verbal (Português)]]</text>
<sha1>80pn328s8a6xfriwpscmr3c21rtygng</sha1>
</revision>
