<page>
<title>sagrais</title>
<ns>0</ns>
<id>159955</id>
<revision>
<id>2404924</id>
<parentid>2135964</parentid>
<timestamp>2017-05-14T03:29:18Z</timestamp>
<contributor>
<username>HydrizBot</username>
<id>29590</id>
</contributor>
<minor />
<comment>Robô: A limpar links interwikis antigos</comment>
<model>wikitext</model>
<format>text/x-wiki</format>
<text bytes="180" xml:space="preserve">={{-pt-}}=
==Forma verbal==
'''sagrais'''
#[[segunda pessoa]] do [[plural]] do [[presente]] do [[modo indicativo]] do verbo '''[[sagrar]]'''
[[Categoria:Forma verbal (Português)]]</text>
<sha1>hwgjb3tg8yhoxbu7cdadt8gx99s27an</sha1>
</revision>
</page>
