<page>
<title>sagraria</title>
<ns>0</ns>
<id>193002</id>
<revision>
<id>2404938</id>
<parentid>2135950</parentid>
<timestamp>2017-05-14T03:29:36Z</timestamp>
<contributor>
<username>HydrizBot</username>
<id>29590</id>
</contributor>
<minor />
<comment>Robô: A limpar links interwikis antigos</comment>
<model>wikitext</model>
<format>text/x-wiki</format>
<text bytes="205" xml:space="preserve">={{-pt-}}=
==Forma verbal==
'''sagraria'''
#[[primeira pessoa|primeira]] e [[terceira pessoa]] do [[singular]] do [[futuro do pretérito]] do verbo '''[[sagrar]]'''
[[Categoria:Forma verbal (Português)]]</text>
<sha1>pgrlla2wk8km243iil3hxov1o8nu6jc</sha1>
</revision>
</page>
