<page>
<page>
<title>sagrense</title>
<ns>0</ns>
<id>394920</id>
<revision>
<id>2496339</id>
<parentid>2496338</parentid>
<timestamp>2018-04-14T06:52:52Z</timestamp>
<contributor>
<username>MIL973</username>
<id>41339</id>
</contributor>
<model>wikitext</model>
<format>text/x-wiki</format>
<text bytes="509" xml:space="preserve">={{-pt-}}=
==Adjetivo==
{{flex.pt|s=sagrense|p=sagrenses}}
{{paroxítona|sa|gren|se}}, {{gramática|c2g}}
# {{escopo|pt|Gentílico}} de [[Sagres]], cidade paulista
==Substantivo==
{{flex.pt|s=sagrense|p=sagrenses}}
{{paroxítona|sa|gren|se}}, {{gramática|c2g}}
# {{escopo|pt|Gentílico}} natural de Sagres seu habitante
=={{etimologia|pt}}==
: {{escopo|Morfologia}} De [[Sagres]] + [[-ense]].
==Ligações externas==
* {{Aulete}}
[[Categoria:Adjetivo (Português)]]
[[Categoria:Substantivo (Português)]]</text>
<sha1>hysaxvcbyyp73hkj7r3u6scks8qrpon</sha1>
</revision>
