<page>
<page>
<title>sagrará</title>
<ns>0</ns>
<id>187567</id>
<revision>
<id>2404942</id>
<parentid>2135946</parentid>
<timestamp>2017-05-14T03:29:41Z</timestamp>
<contributor>
<username>HydrizBot</username>
<id>29590</id>
</contributor>
<minor />
<comment>Robô: A limpar links interwikis antigos</comment>
<model>wikitext</model>
<format>text/x-wiki</format>
<text bytes="172" xml:space="preserve">={{-pt-}}=
==Forma verbal==
'''sagrará'''
#[[terceira pessoa]] do [[singular]] do [[futuro do presente]] do verbo '''[[sagrar]]'''
[[Categoria:Forma verbal (Português)]]</text>
<sha1>nnv0hdn92beyzl083r32sv8ad4opbzw</sha1>
</revision>
