<page>
<page>
<title>sagrásseis</title>
<ns>0</ns>
<id>202627</id>
<revision>
<id>2404967</id>
<parentid>2135981</parentid>
<timestamp>2017-05-14T03:30:18Z</timestamp>
<contributor>
<username>HydrizBot</username>
<id>29590</id>
</contributor>
<minor />
<comment>Robô: A limpar links interwikis antigos</comment>
<model>wikitext</model>
<format>text/x-wiki</format>
<text bytes="198" xml:space="preserve">={{-pt-}}=
==Forma verbal==
'''sagrásseis'''
#[[segunda pessoa]] do [[plural]] do [[pretérito imperfeito]] do [[modo subjuntivo]] do verbo '''[[sagrar]]'''
[[Categoria:Forma verbal (Português)]]</text>
<sha1>ph84vws76kpdzvk4e3qignnd6sqnxvp</sha1>
</revision>
