<page>
<title>sagraras</title>
<ns>0</ns>
<id>179953</id>
<revision>
<id>2404931</id>
<parentid>2135957</parentid>
<timestamp>2017-05-14T03:29:27Z</timestamp>
<contributor>
<username>HydrizBot</username>
<id>29590</id>
</contributor>
<minor />
<comment>Robô: A limpar links interwikis antigos</comment>
<model>wikitext</model>
<format>text/x-wiki</format>
<text bytes="181" xml:space="preserve">={{-pt-}}=
==Forma verbal==
'''sagraras'''
#[[segunda pessoa]] do [[singular]] do [[pretérito mais-que-perfeito]] do verbo '''[[sagrar]]'''
[[Categoria:Forma verbal (Português)]]</text>
<sha1>dzxqxg12b5g8l42n70kp6t1wsbqa68r</sha1>
</revision>
</page>
