<page>
<page>
<title>Sagres</title>
<ns>0</ns>
<id>136974</id>
<revision>
<id>2496336</id>
<parentid>2496335</parentid>
<timestamp>2018-04-14T06:51:08Z</timestamp>
<contributor>
<username>MIL973</username>
<id>41339</id>
</contributor>
<model>wikitext</model>
<format>text/x-wiki</format>
<text bytes="536" xml:space="preserve">{{Wikipédia|Sagres (São Paulo)}}
{{ver também|sagres}}
={{-pt-}}=
==Substantivo==
{{paroxítona|Sa|gres}}, {{gramática|pr}}
# {{escopo|pt|Município do estado de São Paulo}} [[Apêndice:Gentílicos e topónimos em português/Brasil/São Paulo|município brasileiro do estado de São Paulo]]
==Ver também==
===No Wikcionário===
{{colunas|3}}
* [[sacre]]
* [[sagre]]
* [[sagrense]]
{{colunas/fim}}
==Ligações externas==
* [http://www.sagres.sp.gov.br/ Prefeitura de Sagres (São Paulo)]
[[Categoria:Substantivo (Português)]]</text>
<sha1>papud8x0f5vmrdllqdonk0s47wt0yg0</sha1>
</revision>
