<page>
<page>
<title>sagrar</title>
<ns>0</ns>
<id>146700</id>
<revision>
<id>2404928</id>
<parentid>2229824</parentid>
<timestamp>2017-05-14T03:29:23Z</timestamp>
<contributor>
<username>HydrizBot</username>
<id>29590</id>
</contributor>
<minor />
<comment>Robô: A limpar links interwikis antigos</comment>
<model>wikitext</model>
<format>text/x-wiki</format>
<text bytes="331" xml:space="preserve">={{-pt-}}=
==Verbo==
{{oxítona|sa|grar}}
# [[dedicar]] a culto religioso
===Conjugação===
{{conj/pt|sagr|ar}}
===Sinônimo===
* [[consagrar]]
=={{etimologia|pt}}==
: Do infinitivo latino ''sacrare''.
==Ver também==
===No Wikcionário===
* [[sagra]]
==Anagramas==
# [[rasgar]]
# [[garras]]
[[Categoria:Verbo (Português)]]</text>
<sha1>jz0ckp3dkijalvog1srd4iiqpfau5ez</sha1>
</revision>
