<page>
<title>sagrava</title>
<ns>0</ns>
<id>205290</id>
<revision>
<id>2404953</id>
<parentid>2135994</parentid>
<timestamp>2017-05-14T03:29:55Z</timestamp>
<contributor>
<username>HydrizBot</username>
<id>29590</id>
</contributor>
<minor />
<comment>Robô: A limpar links interwikis antigos</comment>
<model>wikitext</model>
<format>text/x-wiki</format>
<text bytes="228" xml:space="preserve">={{-pt-}}=
==Forma verbal==
'''sagrava'''
#[[primeira pessoa|primeira]] e [[terceira pessoa]] do [[singular]] do [[pretérito imperfeito]] do [[modo indicativo]] do verbo '''[[sagrar]]'''
[[Categoria:Forma verbal (Português)]]</text>
<sha1>5opfiws10g2klrgw3yijt9c8dmw4y5m</sha1>
</revision>
</page>
