<page>
<page>
<title>sagráramos</title>
<ns>0</ns>
<id>181467</id>
<revision>
<id>2404965</id>
<parentid>2135983</parentid>
<timestamp>2017-05-14T03:30:13Z</timestamp>
<contributor>
<username>HydrizBot</username>
<id>29590</id>
</contributor>
<minor />
<comment>Robô: A limpar links interwikis antigos</comment>
<model>wikitext</model>
<format>text/x-wiki</format>
<text bytes="206" xml:space="preserve">={{-pt-}}=
==Forma verbal==
{{proparoxítona|sa|grá|ra|mos}}
# primeira pessoa do plural do pretérito mais-que-perfeito do verbo [[sagrar]]
{{avi-for-fle|sagrar}}
[[Categoria:Forma verbal (Português)]]</text>
<sha1>jyw2khc2zcc0uk92ivs27m40620c6lw</sha1>
</revision>
