<page>
<title>sagrei</title>
<ns>0</ns>
<id>171572</id>
<revision>
<id>2404957</id>
<parentid>2135991</parentid>
<timestamp>2017-05-14T03:30:01Z</timestamp>
<contributor>
<username>HydrizBot</username>
<id>29590</id>
</contributor>
<minor />
<comment>Robô: A limpar links interwikis antigos</comment>
<model>wikitext</model>
<format>text/x-wiki</format>
<text bytes="193" xml:space="preserve">={{-pt-}}=
==Forma verbal==
'''sagrei'''
#[[primeira pessoa]] do [[singular]] do [[pretérito perfeito]] do [[modo indicativo]] do verbo '''[[sagrar]]'''
[[Categoria:Forma verbal (Português)]]</text>
<sha1>5edkb4qdj4mgc9clv1nxygr4qbpax2i</sha1>
</revision>
</page>
