<page>
<page>
<title>sagravam</title>
<ns>0</ns>
<id>170139</id>
<revision>
<id>2404954</id>
<parentid>2135993</parentid>
<timestamp>2017-05-14T03:29:57Z</timestamp>
<contributor>
<username>HydrizBot</username>
<id>29590</id>
</contributor>
<minor />
<comment>Robô: A limpar links interwikis antigos</comment>
<model>wikitext</model>
<format>text/x-wiki</format>
<text bytes="195" xml:space="preserve">={{-pt-}}=
==Forma verbal==
'''sagravam'''
#[[terceira pessoa]] do [[plural]] do [[pretérito imperfeito]] do [[modo indicativo]] do verbo '''[[sagrar]]'''
[[Categoria:Forma verbal (Português)]]</text>
<sha1>486gp7hiehxhox58qf5uo0azj2ufaip</sha1>
</revision>
