<page>
<title>sagrados</title>
<ns>0</ns>
<id>395317</id>
<revision>
<id>2498385</id>
<parentid>2498384</parentid>
<timestamp>2018-04-24T04:54:55Z</timestamp>
<contributor>
<username>MIL973</username>
<id>41339</id>
</contributor>
<model>wikitext</model>
<format>text/x-wiki</format>
<text bytes="415" xml:space="preserve">={{-pt-}}=
==Forma de adjetivo==
{{paroxítona|sa|gra|dos}}, {{gramática|mp}}
# plural de [[sagrado]]
{{avi-for-fle|sagrado}}
==Anagrama==
# [[rasgados]]
[[Categoria:Forma de adjetivo (Português)]]
={{-es-}}=
==Forma de adjetivo==
{{paroxítona|sa|gra|dos|lang=es}}, {{gramática|mp|lang=es}}
# plural de [[sagrado#{{es}}|sagrado]]
{{avi-for-fle|sagrado|lang=es}}
[[Categoria:Forma de adjetivo (Espanhol)]]</text>
<sha1>72l1h62uohactv16cars0zruil70gc7</sha1>
</revision>
</page>
