<page>
<title>sagrarás</title>
<ns>0</ns>
<id>186194</id>
<revision>
<id>2404943</id>
<parentid>2135945</parentid>
<timestamp>2017-05-14T03:29:43Z</timestamp>
<contributor>
<username>HydrizBot</username>
<id>29590</id>
</contributor>
<minor />
<comment>Robô: A limpar links interwikis antigos</comment>
<model>wikitext</model>
<format>text/x-wiki</format>
<text bytes="172" xml:space="preserve">={{-pt-}}=
==Forma verbal==
'''sagrarás'''
#[[segunda pessoa]] do [[singular]] do [[futuro do presente]] do verbo '''[[sagrar]]'''
[[Categoria:Forma verbal (Português)]]</text>
<sha1>9nbmzh47603u1wa5qi2q76qezssxq1a</sha1>
</revision>
</page>
