<page>
<page>
<title>sagrem</title>
<ns>0</ns>
<id>217003</id>
<revision>
<id>2404959</id>
<parentid>2135989</parentid>
<timestamp>2017-05-14T03:30:03Z</timestamp>
<contributor>
<username>HydrizBot</username>
<id>29590</id>
</contributor>
<minor />
<comment>Robô: A limpar links interwikis antigos</comment>
<model>wikitext</model>
<format>text/x-wiki</format>
<text bytes="367" xml:space="preserve">={{-pt-}}=
==Forma verbal==
'''sagrem'''
#[[terceira pessoa]] do [[plural]] do [[presente]] do [[modo subjuntivo]] do verbo '''[[sagrar]]'''
#[[terceira pessoa]] do [[plural]] do [[imperativo]] [[afirmativo]] do verbo '''[[sagrar]]'''
#[[terceira pessoa]] do [[plural]] do [[imperativo]] [[negativo]] do verbo '''[[sagrar]]'''
[[Categoria:Forma verbal (Português)]]</text>
<sha1>hd9su7unnfxprvsrz7jt8d8kzbpjnr5</sha1>
</revision>
