<page>
<page>
<title>sagremos</title>
<ns>0</ns>
<id>215408</id>
<revision>
<id>2404960</id>
<parentid>2135988</parentid>
<timestamp>2017-05-14T03:30:05Z</timestamp>
<contributor>
<username>HydrizBot</username>
<id>29590</id>
</contributor>
<minor />
<comment>Robô: A limpar links interwikis antigos</comment>
<model>wikitext</model>
<format>text/x-wiki</format>
<text bytes="369" xml:space="preserve">={{-pt-}}=
==Forma verbal==
'''sagremos'''
#[[primeira pessoa]] do [[plural]] do [[presente]] do [[modo subjuntivo]] do verbo '''[[sagrar]]'''
#[[primeira pessoa]] do [[plural]] do [[imperativo]] [[afirmativo]] do verbo '''[[sagrar]]'''
#[[primeira pessoa]] do [[plural]] do [[imperativo]] [[negativo]] do verbo '''[[sagrar]]'''
[[Categoria:Forma verbal (Português)]]</text>
<sha1>7b0io8yx9pb6rc6ocnhcbbzog8qu9f8</sha1>
</revision>
