<page>
<page>
<title>sagrada</title>
<ns>0</ns>
<id>83146</id>
<revision>
<id>2498380</id>
<parentid>2498379</parentid>
<timestamp>2018-04-24T04:52:55Z</timestamp>
<contributor>
<username>MIL973</username>
<id>41339</id>
</contributor>
<model>wikitext</model>
<format>text/x-wiki</format>
<text bytes="429" xml:space="preserve">={{-pt-}}=
==Forma de adjetivo==
{{paroxítona|sa|gra|da}}, {{gramática|f}}
# feminino de [[sagrado]]
{{avi-for-fle|sagrado}}
==Anagramas==
# [[agradas]]
# [[rasgada]]
[[Categoria:Forma de adjetivo (Português)]]
={{-es-}}=
==Forma de adjetivo==
{{paroxítona|sa|gra|da|lang=es}}, {{gramática|f|lang=es}}
# feminino de [[sagrado#{{es}}|sagrado]]
{{avi-for-fle|sagrado|lang=es}}
[[Categoria:Forma de adjetivo (Espanhol)]]</text>
<sha1>h9wc1y98crocv85hfuqk6jbw2i98vph</sha1>
</revision>
