<page>
<title>sagraríamos</title>
<ns>0</ns>
<id>194355</id>
<revision>
<id>2404945</id>
<parentid>2135943</parentid>
<timestamp>2017-05-14T03:29:45Z</timestamp>
<contributor>
<username>HydrizBot</username>
<id>29590</id>
</contributor>
<minor />
<comment>Robô: A limpar links interwikis antigos</comment>
<model>wikitext</model>
<format>text/x-wiki</format>
<text bytes="233" xml:space="preserve">={{-pt-}}=
==Forma verbal==
{{proparoxítona|sa|gra|rí|a|mos}}
# primeira pessoa do plural do futuro do pretérito do verbo [[sagrar]]
{{avi-for-fle|sagrar}}
==Anagrama==
# [[rasgaríamos]]
[[Categoria:Forma verbal (Português)]]</text>
<sha1>2do8xikqy2nw2gv9wdoigib60lpnlf8</sha1>
</revision>
</page>
