<page>
<title>sagradense</title>
<ns>0</ns>
<id>394134</id>
<revision>
<id>2490779</id>
<parentid>2490679</parentid>
<timestamp>2018-03-25T02:57:19Z</timestamp>
<contributor>
<username>MIL973</username>
<id>41339</id>
</contributor>
<model>wikitext</model>
<format>text/x-wiki</format>
<text bytes="574" xml:space="preserve">={{-pt-}}=
==Adjetivo==
{{flex.pt|s=sagradense|p=sagradenses}}
{{paroxítona|sa|gra|den|se}}, {{gramática|c2g}}
# {{escopo|pt|Gentílico}} de [[Sagrada Família]], cidade gaúcha
==Substantivo==
{{flex.pt|s=sagradense|p=sagradenses}}
{{paroxítona|sa|gra|den|se}}, {{gramática|c2g}}
# {{escopo|pt|Gentílico}} natural de Sagrada Família ou seu habitante
=={{etimologia|pt}}==
: {{escopo|Morfologia}} De [[Sagrada Família|Sagrada (Família)]] + [[-ense]].
==Ligações externas==
* {{Aulete}}
[[Categoria:Adjetivo (Português)]]
[[Categoria:Substantivo (Português)]]</text>
<sha1>64sh181feg64mzz6ihc1cye4phks23v</sha1>
</revision>
</page>
