<page>
<title>sagu</title>
<ns>0</ns>
<id>62611</id>
<revision>
<id>2550927</id>
<parentid>2404971</parentid>
<timestamp>2019-08-07T15:01:58Z</timestamp>
<contributor>
<username>Fabrício Melgaço</username>
<id>72237</id>
</contributor>
<model>wikitext</model>
<format>text/x-wiki</format>
<text bytes="554" xml:space="preserve">={{-pt-}}=
[[Categoria:Substantivo (Português)]]
==Substantivo==
'''sa.gu''' ''substantivo masculino ''
# Substância amilácea que se extrai da parte central dos sagueiros
# No Brasil, o termo é usado principalmente para se referir ao produto amiláceo derivado da raiz de mandioca, também conhecido como Tapioca Pérola ou sagu artificial. Ele é similar à tapioca, porém seu processo produtivo transforma a fécula de mandioca em bolinhas duras e opacas também usado na alimentação.
===Tradução===
{{tradini}}
*{{trad|tet|akar}}
{{tradfim}}</text>
<sha1>h27q5rp3wwh1e6g4fphpe782x3fyo3j</sha1>
</revision>
</page>
