<page>
<title>saguim</title>
<ns>0</ns>
<id>33817</id>
<revision>
<id>2448815</id>
<parentid>2404972</parentid>
<timestamp>2017-09-11T10:26:30Z</timestamp>
<contributor>
<username>ValJor</username>
<id>1358</id>
</contributor>
<comment>Melhorando a apresentação do verbete usando a [[:predefinição:cria-entrada]]</comment>
<model>wikitext</model>
<format>text/x-wiki</format>
<text bytes="523" xml:space="preserve">={{-pt-}}=
==Substantivo==
{{flex.pt|ms=saguim|mp=saguins}}
{{oxítona|sa|guim}}, {{gramática|m}}
# [[pequeno]] [[macaco]] de [[cauda]] [[felpudo|felpuda]] e [[comprido|comprida]]
==Ver também==
===No Wikcionário===
* [[sagui]]
* {{escopo2|Anterior ao AO 1990}} [[sagüi]]
* {{escopo2|Anterior ao AO 1990}} [[sagüim]]
==Ligações externas==
* {{Aulete}}
* {{DicioAberto}}
* {{DPLP}}
* {{Infopédia}}
* {{Michaelis}}
* {{PLP}}
* {{VOLPABL}}
[[Categoria:Substantivo (Português)]]
[[Categoria:Mamífero (Português)]]</text>
<sha1>otbalc8st8g6jcgyyte8e4hwqdzm9nc</sha1>
</revision>
</page>
