<page>
<title>sah</title>
<ns>0</ns>
<id>233669</id>
<revision>
<id>2404977</id>
<parentid>2135975</parentid>
<timestamp>2017-05-14T03:30:37Z</timestamp>
<contributor>
<username>HydrizBot</username>
<id>29590</id>
</contributor>
<minor />
<comment>Robô: A limpar links interwikis antigos</comment>
<model>wikitext</model>
<format>text/x-wiki</format>
<text bytes="657" xml:space="preserve">={{-de-}}=
==Forma verbal==
'''sah'''
# flexão do verbo [[sehen]]
[[Categoria:Forma verbal (Alemão)]]
={{-dis-}}=
==Substantivo==
'''sah'''
# [[infusão]] feita com [[folha]]s de ''[[w:Camellia sinensis|Camélia]]''; [[chá]]
==Ver também==
===No Wikcionário===
{{tradini|Idiomas correlatos}}
* {{trad|as|চাহ}}
* {{trad|bpy|চাহা}}
* {{trad|brx|साहा}}
* {{trad|kha|sha}}
{{tradmeio}}
* {{trad|trp|chah}}
* {{trad|mni|cha}}
* {{trad|mrg|চাঃঙ}}
{{tradfim}}
[[Categoria:Substantivo (Dimasa)]]
[[Categoria:Bebida (Dimasa)]]
={{-id-}}=
==Adjetivo==
'''sah'''
# [[legal]], [[legítimo]]
[[Categoria:Adjetivo (Indonésio)]]</text>
<sha1>14qbtvkbcmlk9q5f0vbvzrdqzaq9c04</sha1>
</revision>
</page>
