<page>
<page>
<title>Sahara</title>
<ns>0</ns>
<id>50164</id>
<revision>
<id>2278401</id>
<parentid>2222316</parentid>
<timestamp>2017-04-27T00:51:44Z</timestamp>
<contributor>
<username>HydrizBot</username>
<id>29590</id>
</contributor>
<minor />
<comment>Robô: A limpar links interwikis antigos</comment>
<model>wikitext</model>
<format>text/x-wiki</format>
<text bytes="294" xml:space="preserve">={{-de-}}=
==Substantivo==
'''Sahara''', ''feminino''
# [[Saara]]
===Declinação===
{{decl.de.subst|
NS=die Sahara
|NP=&lt;center&gt;-&lt;/center&gt;
|AS=die Sahara
|AP=&lt;center&gt;-&lt;/center&gt;
|DS=der Sahara
|DP=&lt;center&gt;-&lt;/center&gt;
|GS=der Sahara
|GP=&lt;center&gt;-&lt;/center&gt;
}}
[[Categoria:Substantivo (Alemão)]]</text>
<sha1>pw66kbi9g4jkcelr48so21gbdm7d4gy</sha1>
</revision>
