<page>
<page>
<title>sahrom</title>
<ns>0</ns>
<id>231534</id>
<revision>
<id>2657439</id>
<parentid>1725782</parentid>
<timestamp>2022-01-09T02:53:12Z</timestamp>
<contributor>
<username>ValJor</username>
<id>1358</id>
</contributor>
<comment>Confirmando [[:Categoria:!Entrada criada por robô|verbete criado por robô]]</comment>
<model>wikitext</model>
<format>text/x-wiki</format>
<text bytes="247" xml:space="preserve">[[Imagem:Lightning2.jpg|thumb|right|250px|{{centro|Relâmpago}}]]
={{-kos-}}=
==Substantivo==
'''sahrom'''
# [[relâmpago]]
[[Categoria:Substantivo (Kosraeano)]]
[[Categoria:Meteorologia (Kosraeano)]]
[[Categoria:Entrada com imagem (Kosraeano)]]</text>
<sha1>6n4oi5k9hoqizm06qv9imqya2cjpqos</sha1>
</revision>
