<page>
<title>sai</title>
<ns>0</ns>
<id>16631</id>
<revision>
<id>2678291</id>
<parentid>2678285</parentid>
<timestamp>2022-05-31T13:44:32Z</timestamp>
<contributor>
<username>DARIO SEVERI</username>
<id>27877</id>
</contributor>
<minor />
<comment>Revertidas edições por [[Especial:Contribuições/179.54.75.9|179.54.75.9]] para a última versão por [[Especial:Contribuições/DARIO SEVERI|DARIO SEVERI]]</comment>
<model>wikitext</model>
<format>text/x-wiki</format>
<text bytes="1541" xml:space="preserve">{{ver também|saí}}
={{-pt-}}=
==Interjeição==
'''sai'''
# expressão que comunica que se deseja que se afaste, que deixe em paz
#* ''A uma disse para a outra, deixa de pegar na minha mão, '''sai'''. Mas aí a outra deu as costas, a uma veio e deu uma tapinha na bunda da outra e ficou rindo.''
==Substantivo==
{{oxítona|sai}}
# o mesmo que [[bonzo]]
==Forma verbal==
{{oxítona|sai}}
# terceira pessoa do singular do presente do indicativo do verbo [[sair]]
# segunda pessoa do singular do imperativo do verbo [[sair]]
{{avi-for-fle|sair}}
[[Categoria:Interjeição (Português)]]
[[Categoria:Substantivo (Português)]]
[[Categoria:Forma verbal (Português)]]
={{-eu-}}=
==Substantivo==
'''sai'''
# [[abutre]]
[[Categoria:Substantivo (Basco)]]
={{-kea-}}=
==Verbo==
'''sai'''
# [[sair]]
[[Categoria:Verbo (Cabo-verdiano)]]
={{-et-}}=
==Substantivo==
'''sai'''
# [[pão]] [[branco]]
==Forma verbal==
'''sai'''
# flexão do verbo [[saama]]
{{avi-for-fle|saama}}
[[Categoria:Substantivo (Estoniano)]]
[[Categoria:Forma verbal (Estoniano)]]
={{-fi-}}=
==Forma verbal==
'''sai'''
# flexão do verbo [[saada]]
{{avi-for-fle|saada}}
[[Categoria:Forma verbal (Finlandês)]]
={{-it-}}=
==Forma de substantivo==
'''sai'''
# plural de [[saio]]
{{avi-for-fle|saio}}
==Forma verbal==
'''sai'''
# flexão do verbo [[sapere]]
{{avi-for-fle|sapere}}
[[Categoria:Forma de substantivo (Italiano)]]
[[Categoria:Forma verbal (Italiano)]]
={{-tet-}}=
==Verbo==
'''sai'''
# [[sair]] 
# [[tornar]]-se
[[Categoria:Verbo (Tétum)]]</text>
<sha1>lpami2235gjjkrsdctp9fe44x0w2jgz</sha1>
</revision>
</page>
