<page>
<page>
<title>saiaguês</title>
<ns>0</ns>
<id>59476</id>
<revision>
<id>1473006</id>
<parentid>1187879</parentid>
<timestamp>2012-10-02T15:04:19Z</timestamp>
<contributor>
<username>ValJor</username>
<id>1358</id>
</contributor>
<comment>Separando adjetivo de substantivo</comment>
<model>wikitext</model>
<format>text/x-wiki</format>
<text bytes="352" xml:space="preserve">={{-pt-}}=
==Adjetivo==
{{flex.pt|ms=saiaguês|mp=saiagueses|fs=saiaguesa|fp=saiaguesas}}
{{oxítona|sai|a|guês}}
# de ou relativo a [[Saiago]], cidade de Espanha
==Substantivo==
{{oxítona|sai|a|guês}}
# habitante ou natural de Saiago
[[Categoria:Adjetivo (Português)]]
[[Categoria:Substantivo (Português)]]
[[Categoria:Gentílico (Português)]]</text>
<sha1>kyhw3459wmyxneiu94qgwcuiou2qpuw</sha1>
</revision>
