<page>
<title>saias</title>
<ns>0</ns>
<id>48228</id>
<revision>
<id>2648122</id>
<parentid>2404981</parentid>
<timestamp>2021-09-12T21:41:30Z</timestamp>
<contributor>
<username>ValJor</username>
<id>1358</id>
</contributor>
<comment>Substituindo a [[Especial:Páginas_afluentes/Predefinição:escopoCatLang|predefinição escopoCatLang]] por escopo</comment>
<model>wikitext</model>
<format>text/x-wiki</format>
<text bytes="672" xml:space="preserve">{{ver também|saia}}
={{-pt-}}=
==Substantivo==
{{paroxítona|sai|as}}, {{gramática|f|pl}}
# {{escopo|pt|Dança|Música}} [[canção]] [[popular]] [[português|portuguesa]] com [[acompanhamento]] de [[dança]], do Alto Alentejo
# {{escopo|pt|Gíria|Popular}} [[mulher]]es
==Forma de substantivo==
{{paroxítona|sai|as}}
# plural de [[saia]]
{{avi-for-fle|saia}}
==Forma verbal==
{{paroxítona|sai|as}}
# segunda pessoa do singular do presente do subjuntivo do verbo [[sair]]
{{avi-for-fle|sair}}
[[Categoria:Substantivo (Português)]]
[[Categoria:Forma de substantivo (Português)]]
[[Categoria:Forma verbal (Português)]]
[[Categoria:Pluralia tantum (Português)]]</text>
<sha1>ax7tkzxwwz64qfxqbjd8yu3t5zb5xdq</sha1>
</revision>
</page>
