<page>
<title>saibamos</title>
<ns>0</ns>
<id>102689</id>
<revision>
<id>2404983</id>
<parentid>2175134</parentid>
<timestamp>2017-05-14T03:30:50Z</timestamp>
<contributor>
<username>HydrizBot</username>
<id>29590</id>
</contributor>
<minor />
<comment>Robô: A limpar links interwikis antigos</comment>
<model>wikitext</model>
<format>text/x-wiki</format>
<text bytes="229" xml:space="preserve">={{-pt-}}=
==Forma verbal==
{{paroxítona|sai|ba|mos}}
# primeira pessoa do plural do presente do conjuntivo do verbo [[saber]]
# primeira pessoa do plural do imperativo do verbo [[saber]]
[[Categoria:Forma verbal (Português)]]</text>
<sha1>tcqz8gzo2cbk6eu15shbpbgv839bvg6</sha1>
</revision>
</page>
