<page>
<page>
<title>saiba</title>
<ns>0</ns>
<id>96197</id>
<revision>
<id>2404982</id>
<parentid>2175132</parentid>
<timestamp>2017-05-14T03:30:49Z</timestamp>
<contributor>
<username>HydrizBot</username>
<id>29590</id>
</contributor>
<minor />
<comment>Robô: A limpar links interwikis antigos</comment>
<model>wikitext</model>
<format>text/x-wiki</format>
<text bytes="401" xml:space="preserve">={{-pt-}}=
==Forma verbal==
{{paroxítona|sai|ba}}
# primeira pessoa do singular do presente do conjuntivo do verbo [[saber]]
# terceira pessoa do singular do presente do conjuntivo do verbo [[saber]]
# terceira pessoa do singular do imperativo do verbo [[saber]]
==Anagramas==
# [[baía]]s
# [[sabiá]]
# [[saber|sabia]]
# [[sábio|sábia]]
# [[saber|saiba]]
[[Categoria:Forma verbal (Português)]]</text>
<sha1>or509pivvxkwocjv0vyc2l188wthyn1</sha1>
</revision>
