<page>
<page>
<title>saibo</title>
<ns>0</ns>
<id>52933</id>
<revision>
<id>2490041</id>
<parentid>2229797</parentid>
<timestamp>2018-03-20T17:07:24Z</timestamp>
<contributor>
<username>Askekamo</username>
<id>60711</id>
</contributor>
<model>wikitext</model>
<format>text/x-wiki</format>
<text bytes="444" xml:space="preserve">={{-pt-}}=
==Substantivo==
{{paroxítona|sai|bo}}, {{gramática|m}}
# [[ter]] sabor
# [[sabor]] [[desagradável]]
=={{etimologia|pt}}==
{{llietimo|la|sapio|pt}}
==Forma verbal==
{{paroxítona|sai|bo}}
# primeira pessoa do singular do presente do indicativo do verbo [[saber]]
{{avi-for-fle|saber}}
==Anagramas==
# [[abios]]
# [[baios]]
# [[boias]]
# [[sábio]]
[[Categoria:Substantivo (Português)]]
[[Categoria:Forma verbal (Português)]]</text>
<sha1>kebn2e71ypn1kwuf92v1yrt8t3z0pnz</sha1>
</revision>
