<page>
<page>
<title>saibro</title>
<ns>0</ns>
<id>299484</id>
<revision>
<id>2446537</id>
<parentid>2404984</parentid>
<timestamp>2017-08-30T17:21:44Z</timestamp>
<contributor>
<username>Cpls</username>
<id>20608</id>
</contributor>
<comment>/* {{-gl-}} */</comment>
<model>wikitext</model>
<format>text/x-wiki</format>
<text bytes="839" xml:space="preserve">={{-pt-}}=
==Substantivo==
{{flex.pt|ms=saibro|mp=saibros}}
{{paroxítona|sai|bro}}, {{g|m}}
# [[areia]] grossa
# {{escopo|pt|Heráldica}} [[sable]], a cor preta
# [[superfície]] de quadras de [[tênis]]
=={{etimologia|pt}}==
* De 1: do latim {{etimo|la|sabulum}}.
==Ver também==
===No Wikcionário===
{{verTambém.Ini}}
* [[xabre]]
{{verTambém.NovaColuna}}
* [[sabre]]
{{verTambém.Fim}}
[[Categoria:Substantivo (Português)]]
={{-gl-}}=
==Substantivo==
{{flex.gl|ms=saibro|mp=saibros}}
{{paroxítona|sai|bro|lang=gl}}, {{g|m|lang=gl}}
# [[saibro#{{pt}}|saibro]], [[areia]] grossa; areia
==={{-varort-}}===
* [[saba#{{gl}}|saba]], [[xabe#{{gl}}|xabe]], [[xabre#{{gl}}|xabre]], [[xiabre#{{gl}}|xiabre]], [[zaba#{{gl}}|zaba]]
=={{etimologia|gl}}==
: Aparentada com o latim {{etimo|la|sabulum}}.
[[Categoria:Substantivo (Galego)]]</text>
<sha1>ekuopii4y5zktjf89nfcynasa8wtphm</sha1>
</revision>
