<page>
<page>
<title>said</title>
<ns>0</ns>
<id>181716</id>
<revision>
<id>2415721</id>
<parentid>2404985</parentid>
<timestamp>2017-06-04T06:24:14Z</timestamp>
<contributor>
<username>Askekamo</username>
<id>60711</id>
</contributor>
<model>wikitext</model>
<format>text/x-wiki</format>
<text bytes="469" xml:space="preserve">={{-en-}}=
==Adjetivo==
'''said'''
# [[mencionado]], [[citado]]
#* ''The '''said''' party has denied the charges.'' &lt;small&gt;(O partido citado negou as alegações)&lt;/small&gt;
==Forma verbal==
'''said'''
# [[disse]], [[dito]]; [[passado simples]] e [[particípio]] do verbo '''[[say]]'''
=={{pronúncia|en}}==
* [[AFI]]: {{AFI|/sɛd/}}
* [[SAMPA]]: sEd/
* {{audio|lang=en|en-us-said.ogg|Áudio (EUA)}}
[[Categoria:Adjetivo (Inglês)]]
[[Categoria:Forma verbal (Inglês)]]</text>
<sha1>3ockqprrgrbadapa3rvep3sfnz0acf0</sha1>
</revision>
