<page>
<title>saida</title>
<ns>0</ns>
<id>62424</id>
<revision>
<id>2404986</id>
<parentid>2206114</parentid>
<timestamp>2017-05-14T03:30:58Z</timestamp>
<contributor>
<username>HydrizBot</username>
<id>29590</id>
</contributor>
<minor />
<comment>Robô: A limpar links interwikis antigos</comment>
<model>wikitext</model>
<format>text/x-wiki</format>
<text bytes="200" xml:space="preserve">={{-rm-}}=
==Substantivo==
'''saida'''
# [[seda]]
[[Categoria:Substantivo (Romanche)]]
={{-tet-}}=
==Pronome==
'''saida'''
# [[o]] [[que]]
===Sinônimo===
* [[sá]]
[[Categoria:Pronome (Tétum)]]</text>
<sha1>436aubsdkmykmzjz3sglzjkhxdcn0zg</sha1>
</revision>
</page>
