<page>
<title>saidouro</title>
<ns>0</ns>
<id>365284</id>
<revision>
<id>2177300</id>
<parentid>2176247</parentid>
<timestamp>2016-09-27T13:23:13Z</timestamp>
<contributor>
<username>Cpls</username>
<id>20608</id>
</contributor>
<comment>/* Formas alternativas */A eliminar seidoiro</comment>
<model>wikitext</model>
<format>text/x-wiki</format>
<text bytes="817" xml:space="preserve">={{-pt-}}=
==Substantivo==
{{flex.pt|ms=saidouro|mp=saidouros}}
{{paroxítona|sai|dou|ro}}, {{g|m}}
# em um rio, zona que permite o [[cruzamento]] dele por serem as margens acessíveis
==={{-varort-}}===
* [[saidoiro]]
=={{etimologia|pt}}==
: {{escopo|Morfologia}} De [[sair]] + [[-douro]].
[[Categoria:Substantivo (Português)]]
={{-gl-}}=
==Substantivo==
{{flex.gl|ms=saidouro|mp=saidouros}}
{{paroxítona|sai|dou|ro|lang=gl}}, {{g|m|lang=gl}}
# [[saidoiro#{{pt}}|saidoiro]], zona que permite a [[passagem]] de um rio
# zona do terreno [[pisar|pisada]] e sem vegetação devido ao passo frequente de animais ou veículos
==={{-varort-}}===
* [[saidoiro#{{gl}}|saidoiro]]
=={{etimologia|gl}}==
: {{escopo|Morfologia}} ''[[saída#{{gl}}|saída]] + ''[[-oiro#{{gl}}|-oiro]]''
[[Categoria:Substantivo (Galego)]]</text>
<sha1>5i06d56vjwv04ykagv36izwbl3qq7ye</sha1>
</revision>
</page>
