<page>
<title>saiensu</title>
<ns>0</ns>
<id>243976</id>
<revision>
<id>2223563</id>
<parentid>2094174</parentid>
<timestamp>2017-01-16T15:52:06Z</timestamp>
<contributor>
<username>Tribuno da Plebe</username>
<id>16095</id>
</contributor>
<model>wikitext</model>
<format>text/x-wiki</format>
<text bytes="117" xml:space="preserve">={{-ja-}}=
==Transliteração==
# transliteração de [[サイエンス]]
[[Categoria:Transliteração (Japonês)]]</text>
<sha1>omqu5qs9qsgkudcu3pmslhcg7a7zp0c</sha1>
</revision>
</page>
