<page>
<page>
<title>saieta</title>
<ns>0</ns>
<id>52934</id>
<revision>
<id>2591658</id>
<parentid>2055164</parentid>
<timestamp>2020-07-01T20:34:43Z</timestamp>
<contributor>
<username>ValJor</username>
<id>1358</id>
</contributor>
<comment>Acrescentando código de língua à [[:Categoria:!Página com mensagem de erro em predefinição|predefinição escopo]]</comment>
<model>wikitext</model>
<format>text/x-wiki</format>
<text bytes="655" xml:space="preserve">={{-pt-}}=
==Substantivo==
{{flex.pt|fs=saieta|fp=saietas}}
{{paroxítona|sai|e|ta}}, {{gramática|f}}
# [[tecido]] em [[lã]] utilizado em [[forro]]s
# {{escopo|pt|Culinária}} [[doce]] [[tradicional]] do [[estado]] de [[Minas Gerais]] ([[Brasil]]); é feito com a [[polpa]] de [[coco]] da [[palmeira]] chamada [[buriti]]
==={{-varort-}}===
* [[saeta]]
=={{etimologia|pt}}==
: {{escopo|Morfologia}} [[saia]] + [[-eta]].
==Ligações externas==
* {{Aulete}}
* {{DicioAberto}}
* {{DPLP}}
* {{Infopédia}}
* {{PLP}}
* {{VOLPABL}}
==Anagramas==
&lt;!-- índice para anagramas: pt: aaeist --&gt;
# [[ateais]]
# [[ateias]]
[[Categoria:Substantivo (Português)]]</text>
<sha1>3nckvzvezvlnbdizv43wj4evppx3jjt</sha1>
</revision>
