<page>
<title>saigid</title>
<ns>0</ns>
<id>405000</id>
<revision>
<id>2531873</id>
<timestamp>2019-01-07T22:40:12Z</timestamp>
<contributor>
<username>Cpls</username>
<id>20608</id>
</contributor>
<comment>[[Ajuda:Guia de edição/Menus e ferramentas/Sumário de edição|→]] nova página: ={{-sga-}}= ==Verbo== '''saigid''' # [[buscar]], procurar # tentar [[compreender]]  =={{etimologia|sga}}== :...</comment>
<model>wikitext</model>
<format>text/x-wiki</format>
<text bytes="184" xml:space="preserve">={{-sga-}}=
==Verbo==
'''saigid'''
# [[buscar]], procurar
# tentar [[compreender]]
=={{etimologia|sga}}==
: Do protoindo-eurpéu ''*seh₂g-''.
[[Categoria:Verbo (Irlandês Antigo)]]</text>
<sha1>os3vzj80shcbu5xaj9aqlh0mu7ruf0e</sha1>
</revision>
</page>
