<page>
<page>
<title>saignement</title>
<ns>0</ns>
<id>331386</id>
<revision>
<id>2404987</id>
<parentid>1995746</parentid>
<timestamp>2017-05-14T03:31:01Z</timestamp>
<contributor>
<username>HydrizBot</username>
<id>29590</id>
</contributor>
<minor />
<comment>Robô: A limpar links interwikis antigos</comment>
<model>wikitext</model>
<format>text/x-wiki</format>
<text bytes="279" xml:space="preserve">={{-fr-}}=
==Substantivo==
{{flex.fr|ms=saignement|mp=saignements}}
'''sai.gne.ment''', {{m}}
# [[sangramento]]
# [[hemorragia]]
=={{pronúncia|fr}}==
* [[AFI]]: /sɛ.ɲ.mɑ̃/ 
==Ver também==
===No Wikcionário===
* [[saignement de nez]]
[[Categoria:Substantivo (Francês)]]</text>
<sha1>poby9goxlzhiegqjwt9r4s5c549s9cs</sha1>
</revision>
