<page>
<title>sailboat</title>
<ns>0</ns>
<id>432832</id>
<revision>
<id>2629807</id>
<timestamp>2021-04-06T04:45:15Z</timestamp>
<contributor>
<username>GabMarquetto</username>
<id>81219</id>
</contributor>
<comment>[[Ajuda:Guia de edição/Menus e ferramentas/Sumário de edição|→]] nova página: ={{-en-}}= ==Substantivo== '''sailboat''' {{flex.en|s=sailboat|p=sailboats}} #[[veleiro]] (barco movido a vel...</comment>
<model>wikitext</model>
<format>text/x-wiki</format>
<text bytes="186" xml:space="preserve">={{-en-}}=
==Substantivo==
'''sailboat'''
{{flex.en|s=sailboat|p=sailboats}}
#[[veleiro]] (barco movido a vela)
===Substantivos===
*[[sailing boat]]
[[Categoria:Substantivo (Inglês)]]</text>
<sha1>o0lt9mv93s4wuru1x4lp2u5rnzsjb1m</sha1>
</revision>
</page>
