<page>
<page>
<title>g</title>
<ns>0</ns>
<id>36840</id>
<revision>
<id>2680028</id>
<parentid>2352923</parentid>
<timestamp>2022-06-13T02:49:11Z</timestamp>
<contributor>
<username>Wilhelm Seifer</username>
<id>85860</id>
</contributor>
<model>wikitext</model>
<format>text/x-wiki</format>
<text bytes="498" xml:space="preserve">{{caracteres info|hex=0067|nome=LATIN SMALL LETTER G|anterior=f|próximo=h}}
={{-pt-}}=
==Substantivo==
'''g'''
# a sétima [[letra]] do [[alfabeto]] [[latino]]
==Abreviatura==
'''g'''
# {{escopo|Sistema Internacional de Medidas}} de [[grama]]
# {{escopo|Física}} da [[constante]] de [[gravitação]] [[universal]]
==Ver Também==
* [[gg]]
* [[mcg]]
* [[µg]]
{{Alfabeto Latino}}
[[Categoria:Sistema de escrita latino]]
[[Categoria:Abreviatura (Português)]]
[[Categoria:Física (Português)]]</text>
<sha1>osqcct5uyo1dm5gbic6nfs4f5hea5c2</sha1>
</revision>
