<page>
<title>gabala</title>
<ns>0</ns>
<id>397253</id>
<revision>
<id>2519804</id>
<parentid>2507861</parentid>
<timestamp>2018-09-22T15:20:51Z</timestamp>
<contributor>
<username>Cpls</username>
<id>20608</id>
</contributor>
<comment>/* {{-gl-}} */</comment>
<model>wikitext</model>
<format>text/x-wiki</format>
<text bytes="1271" xml:space="preserve">={{-gl-}}=
==Substantivo==
{{flex.gl|fs=gabala|fp=gabalas}}
{{paroxítona|ga|ba|la|lang=gl}}, {{g|f|lang=gl}}
# {{escopo|gl|Peixe}} [[xarda#{{pt}}|xarda]] (''[[species:Scomber scombrus|Scomber scombrus]]'')
===Sinónimos===
* [[cagarrela#{{gl}}|cagarrela]], [[cagarrelo#{{gl}}|cagarrelo]], [[carriolo#{{gl}}|carriolo]], [[cavala#{{gl}}|cavala]], [[cavalinha#{{gl}}|cavalinha]], [[cavalucha#{{gl}}|cavalucha]], [[cavalucho#{{gl}}|cavalucho]], [[correolo#{{gl}}|correolo]], [[corriolo#{{gl}}|corriolo]], [[curriolo#{{gl}}|curriolo]], [[macarém#{{gl}}|macarém]], [[macareu#{{gl}}|macareu]], [[mocareu#{{gl}}|mocareu]], [[perrilha#{{gl}}|perrilha]], [[pífana#{{gl}}|pífana]], [[rincha#{{gl}}|rincha]], [[rinchão#{{gl}}|rinchão]], [[rincho#{{gl}}|rincho]], [[rinchote#{{gl}}|rinchote]], [[runcho#{{gl}}|runcho]], [[sarda#{{gl}}|sarda]], [[tornilho#{{gl}}|tornilho]], [[torninho#{{gl}}|torninho]], [[torniqueta#{{gl}}|torniqueta]], [[torno#{{gl}}|torno]], [[verdel#{{gl}}|verdel]], [[virote#{{gl}}|virote]], [[xarda#{{gl}}|xarda]], [[xarreu#{{gl}}|xarreu]]
=={{etimologia|gl}}==
: Aparentada com ''[[cavala#{{gl}}|cavala]]''; confronte-se com ''[[rabalo#{{gl}}|rabalo]]''.
=={{pronúncia|gl}}==
* [[AFI]]: /ha.'ba.la/ ou /ga.'ba.la/
[[Categoria:Substantivo (Galego)]]</text>
<sha1>q1tke98z3jgxr5n5jyumvbay44hmsuw</sha1>
</revision>
</page>
