<page>
<title>gabamentu</title>
<ns>0</ns>
<id>106202</id>
<revision>
<id>2352930</id>
<parentid>1419095</parentid>
<timestamp>2017-05-02T20:19:15Z</timestamp>
<contributor>
<username>HydrizBot</username>
<id>29590</id>
</contributor>
<minor />
<comment>Robô: A limpar links interwikis antigos</comment>
<model>wikitext</model>
<format>text/x-wiki</format>
<text bytes="217" xml:space="preserve">={{-pap-}}=
==Substantivo==
'''ga.ba.men.tu'''
# [[louvor]].
===Grafias alternativas===
* [[gabamento]]
===Sinónimos===
* [[alabansa]]
[[Categoria:Substantivo (Papiamento)]]
[[Categoria:Polissílabo (Papiamento)]]</text>
<sha1>gcc0e0ua176s8dwcls67wgn3ly8vdpn</sha1>
</revision>
</page>
