<page>
<page>
<title>gabancioso</title>
<ns>0</ns>
<id>381223</id>
<revision>
<id>2439790</id>
<timestamp>2017-07-24T16:08:47Z</timestamp>
<contributor>
<username>Cpls</username>
<id>20608</id>
</contributor>
<comment>[[Ajuda:Guia de edição/Menus e ferramentas/Sumário de edição|→]] nova página: ={{-gl-}}= ==Adjetivo== {{flex.gl|ms=gabancioso|mp=gabanciosos|fs=gabanciosa|fp=gabanciosas}} {{paroxítona|g...</comment>
<model>wikitext</model>
<format>text/x-wiki</format>
<text bytes="409" xml:space="preserve">={{-gl-}}=
==Adjetivo==
{{flex.gl|ms=gabancioso|mp=gabanciosos|fs=gabanciosa|fp=gabanciosas}}
{{paroxítona|ga|ban|ci|o|so|lang=gl}}
# [[gabarola]], presuntuoso, jactancioso
==={{-varort-}}===
* [[gabanceoso#{{gl}}|gabanceoso]]
=={{etimologia|gl}}==
: {{escopo|Morfologia}} De ''[[gabança#Galego|gabança]]'' + ''[[-oso#{{gl}}|-oso]]'', por uma antiga forma ''*gabância''.
[[Categoria:Adjetivo (Galego)]]</text>
<sha1>s0shl5mhoa9kyuyye24jv1rrd4bbieb</sha1>
</revision>
