<page>
<title>gabaço</title>
<ns>0</ns>
<id>34077</id>
<revision>
<id>2592274</id>
<parentid>2512690</parentid>
<timestamp>2020-07-14T01:32:15Z</timestamp>
<contributor>
<ip>2804:14D:1A87:C62E:1835:D7A0:D8F4:61</ip>
</contributor>
<model>wikitext</model>
<format>text/x-wiki</format>
<text bytes="197" xml:space="preserve">{{ver também|cabaço|babaço}}
={{-pt-}}=
==Substantivo==
{{paroxítona|ga|ba|ço}}, {{gramática|m}}
# {{escopo|pt|Trás-os-Montes}} [[grande]] [[elogio]]
[[Categoria:Substantivo (Português)]]</text>
<sha1>qve7c84ymieylc3v525xfu5cutmr35r</sha1>
</revision>
</page>
