<page>
<page>
<title>gabanceira</title>
<ns>0</ns>
<id>359357</id>
<revision>
<id>2103273</id>
<parentid>2103248</parentid>
<timestamp>2016-05-24T21:10:22Z</timestamp>
<contributor>
<username>Cpls</username>
<id>20608</id>
</contributor>
<comment>/* {{-gl-}} */</comment>
<model>wikitext</model>
<format>text/x-wiki</format>
<text bytes="431" xml:space="preserve">={{-gl-}}=
==Substantivo==
{{flex.gl|fs=gabanceira|fp=gabanceiras}}
{{paroxítona|ga|ban|cei|ra|lang=gl}}, {{f}}
# [[silva-macha]], ''[[wikispecies:Rosa canina|Rosa canina]]''
==={{-varort-}}===
* [[garvanceira#Galego|garvanceira]]
=={{etimologia|gl}}==
: {{escopo|Morfologia}} De ''[[gabança#Galego|gabança]]'' + [[-eira]]. Confronte-se com ''[[silva-garvanceira#Galego|silva-garvanceira]]''
[[Categoria:Substantivo (Galego)]]</text>
<sha1>20nwaxxggtp7r8cw3khz69b029azch1</sha1>
</revision>
