<page>
<title>gabança</title>
<ns>0</ns>
<id>34080</id>
<revision>
<id>2103249</id>
<parentid>2103246</parentid>
<timestamp>2016-05-24T20:32:00Z</timestamp>
<contributor>
<username>Cpls</username>
<id>20608</id>
</contributor>
<comment>/* {{etimologia|gl}} */</comment>
<model>wikitext</model>
<format>text/x-wiki</format>
<text bytes="1294" xml:space="preserve">={{-pt-}}=
==Substantivo==
{{flex.pt|fs=gabança|fp=gabanças}}
{{paroxítona|ga|ban|ça}}, {{f}}
# {{escopo|Regionalismo, Minho e Trás-os-Montes}} o mesmo que [[gabação]]
==Ver também==
===No Wikcionário===
{{verTambém.Ini}}
* [[agavear]]
{{verTambém.NovaColuna}}
* [[agavança]]
{{verTambém.Fim}}
[[Categoria:Substantivo (Português)]]
={{-gl-}}=
==Substantivo&lt;sup&gt;1&lt;/sup&gt;==
{{flex.gl|fs=gabança|fp=gabanças}}
{{paroxítona|lang=gl|ga|ban|ça}}, {{f}}
# [[gabança#Português|gabança]], [[gabação]]
==={{etimologia|gl}}===
: {{escopo|Morfologia}} De [[gabar]] + [[-ança]].
==Substantivo&lt;sup&gt;2&lt;/sup&gt;==
{{flex.gl|fs=gabança|fp=gabanças}}
{{paroxítona|lang=gl|ga|ban|ça}}, {{f}}
# [[silva-macha]], ''[[wikispecies:Rosa canina|Rosa canina]]''
===Sinónimos===
{{dividir em colunas|3}}
* [[agavanço#Galego|agavanço]]
* [[escambroeiro#Galego|escambroeiro]]
* [[peros-de-cão#Galego|peros-de-cão]]
* [[roseira#Galego|roseira]]
* [[silva-garvanceira#Galego|silva-garvanceira]]
* [[silva-madre#Galego|silva-madre]]
* [[silvarda#Galego|silvarda]]
{{dividir em colunas.fim}}
==={{etimologia|gl}}===
: Apatentada com {{etimo|got|𐌲𐌰𐍆𐌰𐌷}} ''(gafah)'' [[gancho]]. Confronte-se com [[silva-garvanceira#Galego|silva-garvanceira]].
[[Categoria:Substantivo (Galego)]]</text>
<sha1>jz4eo5jf72pvpuk9jj1rzxh1d4se0r0</sha1>
</revision>
</page>
