<page>
<title>gabamento</title>
<ns>0</ns>
<id>106201</id>
<revision>
<id>2352929</id>
<parentid>1419096</parentid>
<timestamp>2017-05-02T20:19:12Z</timestamp>
<contributor>
<username>HydrizBot</username>
<id>29590</id>
</contributor>
<minor />
<comment>Robô: A limpar links interwikis antigos</comment>
<model>wikitext</model>
<format>text/x-wiki</format>
<text bytes="217" xml:space="preserve">={{-pap-}}=
==Substantivo==
'''ga.ba.men.to'''
# [[louvor]].
===Grafias alternativas===
* [[gabamentu]]
===Sinónimos===
* [[alabansa]]
[[Categoria:Substantivo (Papiamento)]]
[[Categoria:Polissílabo (Papiamento)]]</text>
<sha1>di6gco57zllmam6geq1cc7xbohmgdgz</sha1>
</revision>
</page>
