<page>
<title>gabarro</title>
<ns>0</ns>
<id>435939</id>
<revision>
<id>2643319</id>
<timestamp>2021-07-21T11:09:26Z</timestamp>
<contributor>
<username>Cpls</username>
<id>20608</id>
</contributor>
<comment>[[Ajuda:Guia de edição/Menus e ferramentas/Sumário de edição|→]] nova página: ={{-pt-}}= ==Substantivo== {{flex.pt|ms=gabarro|mp=gabarros}} {{paroxítona|ga|bar|ro}}, {{g|m}} # {{escopo|pt|Veterinária}} [[doença]] infeciosa no casco das [[cavalgaduras]] ou na unha dos [[ruminante]]s  ==={{-varort-}}=== * [[gavarro]]  =={{etimologia|pt}}== {{llietimo|es|gabarro|pt}}  ==Ligações externas== * {{Aulete}} * {{Michaelis}} * {{DicioAberto}} * {{DPLP}} * {{Infopédia}} * {{PLP}} * {{VOL...</comment>
<model>wikitext</model>
<format>text/x-wiki</format>
<text bytes="1021" xml:space="preserve">={{-pt-}}=
==Substantivo==
{{flex.pt|ms=gabarro|mp=gabarros}}
{{paroxítona|ga|bar|ro}}, {{g|m}}
# {{escopo|pt|Veterinária}} [[doença]] infeciosa no casco das [[cavalgaduras]] ou na unha dos [[ruminante]]s
==={{-varort-}}===
* [[gavarro]]
=={{etimologia|pt}}==
{{llietimo|es|gabarro|pt}}
==Ligações externas==
* {{Aulete}}
* {{Michaelis}}
* {{DicioAberto}}
* {{DPLP}}
* {{Infopédia}}
* {{PLP}}
* {{VOLPABL}}
==Anagrama==
&lt;!-- índice para anagramas: pt: aaa --&gt;
# [[ab-rogar]]
# [[garroba]]
[[Categoria:Substantivo (Português)]]
={{-gl-}}=
==Substantivo==
{{flex.gl|ms=gabarro|mp=gabarros}}
{{paroxítona|ga|bar|ro|lang=gl}}, {{g|m|lang=gl}}
# {{escopo|gl|Veterinária}} [[gabarro#{{pt}}|gabarro]], doença no casco ou unha de cavalgaduras e ruminantes
# [[lamaçal]], lugar ou terreno onde há lama ou [[barro]]
# [[barro]] compacto, endurecido
===Verbete derivado===
* [[gorgueira#{{gl}}|gorgueira]]
=={{etimologia|gl}}==
: Confronte-se com ''[[barro#{{gl}}|barro]]''.
[[Categoria:Substantivo (Galego)]]</text>
<sha1>oxni2rowv7vopejtlxehi7024zkkq1o</sha1>
</revision>
</page>
