<page>
<page>
<title>gabarito</title>
<ns>0</ns>
<id>224549</id>
<revision>
<id>2352933</id>
<parentid>1970107</parentid>
<timestamp>2017-05-02T20:19:32Z</timestamp>
<contributor>
<username>HydrizBot</username>
<id>29590</id>
</contributor>
<minor />
<comment>Robô: A limpar links interwikis antigos</comment>
<model>wikitext</model>
<format>text/x-wiki</format>
<text bytes="823" xml:space="preserve">={{-pt-}}=
==Substantivo==
{{flex.pt|ms=gabarito|mp=gabaritos}}
{{paroxítona|ga|ba|ri|to}}
# [[resposta]]s corretas das [[questão|questões]] de um [[exame]]
#* ''Após o MP notificar a prefeitura de Ribeirão sobre o caso e os atos da Comede, a empresa encaminhou resposta ao município com o '''gabarito''' da prova e a lista de inscrição, constando a assinatura do candidato.'' {{OESP|2010|abril|28}}
# [[qualidade]]
#* ''Ninguém no Brasil tem mais '''gabarito''' para interpretar os clássicos que fizeram sucesso na voz de Sinatra como Cauby Peixoto, nem mesmo Roberto Carlos.'' {{OESP|2010|maio|01}}
===Verbetes derivados===
{{verTambém.Ini}}
* [[gabaritado]]
{{verTambém.NovaColuna}}
* [[gabaritar]]
{{verTambém.Fim}}
=={{etimologia|pt}}==
: Do francês [[gabarit]].
[[Categoria:Substantivo (Português)]]</text>
<sha1>k7bf3x5kexxvvn1zc5w506dhgacner0</sha1>
</revision>
