<page>
<title>gabachoso</title>
<ns>0</ns>
<id>359376</id>
<revision>
<id>2103350</id>
<timestamp>2016-05-25T07:55:12Z</timestamp>
<contributor>
<username>Cpls</username>
<id>20608</id>
</contributor>
<comment>[[Ajuda:Guia de edição/Menus e ferramentas/Sumário de edição|→]] nova página: ={{-gl-}}= ==Adjetivo== {{flex.gl|ms=gabachoso|mp=gabachosos|fs=gabachosa|fp=gabachosas}} {{paroxítona|ga|ba...</comment>
<model>wikitext</model>
<format>text/x-wiki</format>
<text bytes="540" xml:space="preserve">={{-gl-}}=
==Adjetivo==
{{flex.gl|ms=gabachoso|mp=gabachosos|fs=gabachosa|fp=gabachosas}}
{{paroxítona|ga|ba|cho|so|lang=gl}}
# que costuma ou gosta de [[gabar]], [[elogiador]]
===Sinónimo===
{{dividir em colunas|2}}
* [[gabadiço#Galego|gabadiço]]
* [[gabador#Galego|gabador]]
{{dividir em colunas.fim}}
=={{etimologia|gl}}==
: {{escopo|Morfologia}} De ''[[gabacha#Galego|gabacha]]'' + [[-oso]].
=={{pronúncia|gl}}==
* [[AFI]]: /ga.ba.'t͡ʃo.so/
==Ver também==
===No Wikcionário===
* [[gabarola]]
[[Categoria:Adjetivo (Galego)]]</text>
<sha1>bz2y0wqmrwuavs5ljdbmxwlnuldh9c7</sha1>
</revision>
</page>
