<page>
<page>
<title>Gabaun</title>
<ns>0</ns>
<id>402131</id>
<revision>
<id>2523556</id>
<timestamp>2018-10-23T09:12:20Z</timestamp>
<contributor>
<username>ValJor</username>
<id>1358</id>
</contributor>
<comment>Criação do verbete a partir da [[Especial:Páginas_pedidas|lista de palavras pedidas]]</comment>
<model>wikitext</model>
<format>text/x-wiki</format>
<text bytes="431" xml:space="preserve">[[Imagem:Flag of Gabon.svg|thumb|right|250px|&lt;center&gt;Bandeira do Gabão&lt;/center&gt;]]
[[Imagem:LocationGabon.svg|thumb|right|250px|&lt;center&gt;Localização do Gabão&lt;/center&gt;]]
={{-tet-}}=
==Substantivo==
'''Gabaun''', {{gramática|pr}}
# {{escopo|tet|Geografia}} [[Gabão]]
==Ver também==
===No Wikcionário===
{{África/tet}}
[[Categoria:Substantivo (Tétum)]]
[[Categoria:País (Tétum)]]
[[Categoria:Entrada com imagem (Tétum)]]</text>
<sha1>kpztktmvy4ha7kvh91crb7gb3v07ftc</sha1>
</revision>
