<page>
<title>gabarreira</title>
<ns>0</ns>
<id>359224</id>
<revision>
<id>2103245</id>
<parentid>2101856</parentid>
<timestamp>2016-05-24T20:24:19Z</timestamp>
<contributor>
<username>Cpls</username>
<id>20608</id>
</contributor>
<comment>/* Sinónimos */</comment>
<model>wikitext</model>
<format>text/x-wiki</format>
<text bytes="642" xml:space="preserve">={{-gl-}}=
==Substantivo==
{{flex.pt|fs=gabarreira|fp=gabarreiras}}
{{paroxítona|ga|bar|rei|ra|lang=gl}}, {{f}}
# {{escopoCat|Planta|gl}} [[rosa-mosqueta]] (''[[wikispecies:Rosa canina|Rosa canina]]'')
===Sinónimos===
{{dividir em colunas|3}}
* [[agavanço#Galego|agavanço]]
* [[escambroeiro#Galego|escambroeiro]]
* [[peros-de-cão#Galego|peros-de-cão]]
* [[roseira#Galego|roseira]]
* [[silva-garvanceira#Galego|silva-garvanceira]]
* [[silva-madre#Galego|silva-madre]]
* [[silvarda#Galego|silvarda]]
{{dividir em colunas.fim}}
=={{etimologia|gl}}==
: Confronte-se com [[gabarro]] e com [[agavança]].
[[Categoria:Substantivo (Galego)]]</text>
<sha1>lj4ixrivni19cvuz3js2j9q7m6wye30</sha1>
</revision>
</page>
