<page>
<page>
<title>gabaia</title>
<ns>0</ns>
<id>34079</id>
<revision>
<id>1494422</id>
<parentid>1213135</parentid>
<timestamp>2012-10-23T01:10:47Z</timestamp>
<contributor>
<username>VJBot</username>
<id>33673</id>
</contributor>
<minor />
<comment>Robô: Substituição de texto automática  (-{{vt| +{{ver também|)</comment>
<model>wikitext</model>
<format>text/x-wiki</format>
<text bytes="221" xml:space="preserve">{{ver também|cabaia|gabeia}}
={{-pt-}}=
[[Categoria:Substantivo (Português)]]
'''{{PAGENAME}} [ ga.bai.a ] ''' ''substantivo feminino ''
:# ( regionalismo [[alentejano]] )
:## [[gabão]]
:## [[capote]] [[de]] [[burel]]</text>
<sha1>82vnkuahf71sk48zrbig9evwkorvalx</sha1>
</revision>
