<page>
<title>gabardina</title>
<ns>0</ns>
<id>12557</id>
<revision>
<id>2622081</id>
<parentid>2352932</parentid>
<timestamp>2021-02-02T02:09:37Z</timestamp>
<contributor>
<username>MarxavBot</username>
<id>80155</id>
</contributor>
<minor />
<comment>AFI Portugal</comment>
<model>wikitext</model>
<format>text/x-wiki</format>
<text bytes="633" xml:space="preserve">={{-pt-}}=
==Substantivo==
{{flex.pt|fs=gabardina|fp=gabardinas}}
{{paroxítona|ga|bar|di|na}}
# espécie de [[sobretudo]] para a proteção da chuva e do frio feito com tecido apropriado para o efeito
# {{escopo|Brasileirismo}} [[capa]] da chuva
===Tradução===
{{tradini}}
* {{trad|es|gabardina}}
{{tradmeio}}
{{tradfim}}
=={{pronúncia|pt}}==
===Portugal===
* AFI: {{AFI|/ɡɐ.baɾ.ˈdi.nɐ/}}
[[Categoria:Substantivo (Português)]]
[[Categoria:Vestuário (Português)]]
={{-es-}}=
==Substantivo==
'''gabardina'''
# [[gabardina#Português|gabardina]]
[[Categoria:Substantivo (Espanhol)]]
[[Categoria:Vestuário (Espanhol)]]</text>
<sha1>6a713bespmf3xc6ybyvwgll2k84dfeu</sha1>
</revision>
</page>
