<page>
<title>gabarra</title>
<ns>0</ns>
<id>435940</id>
<revision>
<id>2643323</id>
<parentid>2643321</parentid>
<timestamp>2021-07-21T14:01:34Z</timestamp>
<contributor>
<username>Cpls</username>
<id>20608</id>
</contributor>
<comment>/* {{-gl-}} */</comment>
<model>wikitext</model>
<format>text/x-wiki</format>
<text bytes="2536" xml:space="preserve">={{-pt-}}=
==Substantivo==
{{flex.pt|fs=gabarra|fp=gabarrss}}
{{paroxítona|ga|bar|ra}}, {{g|f}}
# {{escopo|pt|Náutica}} [[embarcação]] de fundo [[chato]] para carga e descarga de barcos; [[barcaça]]
# {{escopo|pt|Brasil}} grande [[canoa]] para transporte de gado
# [[rede]] de arrasto
=={{etimologia|pt}}==
{{llietimo|eu|kabarra|pt}} Ou do latim {{etimo|la|carabus}} ou grego bizantino {{etimo|grc|καράβιον}}. Confronte-se com o francês {{etimo|fr|gabarre}}.
==Ligações externas==
* {{Aulete}}
* {{Michaelis}}
* {{DicioAberto}}
* {{DPLP}}
* {{Infopédia}}
* {{PLP}}
* {{VOLPABL}}
[[Categoria:Substantivo (Português)]]
={{-ast-}}=
==Substantivo&lt;sup&gt;1&lt;/sup&gt;==
{{flex.ast|fs=gabarra|fp=gabarres}}
{{paroxítona|ga|ba|rra|lang=ast}}, {{g|f}}
# {{escopo|ast|Náutica}} [[gabarra#{{pt}}|gabarra]]
==={{etimologia|ast}}===
{{llietimo|eu|kabarra|ast}}
==Substantivo&lt;sup&gt;2&lt;/sup&gt;==
{{flex.ast|fs=gabarra|fp=gabarres}}
{{paroxítona|ga|ba|rra|lang=ast}}, {{g|f}}
# [[moléstia]]; sofrimento
==={{etimologia|ast}}===
: Da mesma origem que [[gabarro]].
[[Categoria:Substantivo (Asturiano)]]
={{-es-}}=
==Substantivo&lt;sup&gt;1&lt;/sup&gt;==
{{flex.es|fs=gabarra|fp=gabarras}}
{{paroxítona|ga|ba|rra|lang=es}}, {{g|f}}
# {{escopo|es|Náutica}} [[gabarra#{{pt}}|gabarra]]
==={{etimologia|es}}===
{{llietimo|eu|kabarra|es}}
==Substantivo&lt;sup&gt;2&lt;/sup&gt;==
{{flex.es|fs=gabarra|fp=gabarras}}
{{paroxítona|ga|ba|rra|lang=es}}, {{g|f}}
# {{escopo|es|Andaluzia}} [[moléstia]]; sofrimento
==={{etimologia|es}}===
: Da mesma origem que [[gabarro]].
[[Categoria:Substantivo (Espanhol)]]
={{-gl-}}=
==Substantivo==
{{flex.gl|fs=gabarra|fp=gabarras}}
{{paroxítona|ga|bar|ra|lang=gl}}, {{g|f}}
# {{escopo|gl|Náutica}} [[gabarra#{{pt}}|gabarra]]
=={{etimologia|gl}}==
{{llietimo|eu|kabarra|gl}} Confronte-se com o bretão {{etimo|br|gobar}}.
[[Categoria:Substantivo (Galego)]]
={{-it-}}=
==Substantivo==
{{flex.it|fs=gabarra|fp=gabarre}}
{{paroxítona|ga|bar|ra|lang=gl}}, {{g|f}}
# {{escopo|gl|Náutica}} [[gabarra#{{pt}}|gabarra]]
=={{etimologia|it}}==
{{llietimo|oc|gabarra|it|ponto=não}}, derivado do grego bizantino {{etimo|grc|καράβιον}}.
[[Categoria:Substantivo (Italiano)]]
={{-oc-}}=
==Substantivo==
{{flex.oc|fs=gabarra|fp=gabarras}}
{{paroxítona|ga|ba|rra|lang=oc}}, {{g|f}}
# {{escopo|oc|Náutica}}, [[barcaça]] para transporte fluvial; [[gabarra#{{pt}}|gabarra]]
=={{etimologia|oc}}==
{{llietimo|grc|κάραβος|oc}} Confronte-se com o catalão {{etimo|ca|gavarra}}.
[[Categoria:Substantivo (Occitano)]]</text>
<sha1>gkuqje4cz9lkgj5t9xvqgjei8atb12l</sha1>
</revision>
</page>
