<page>
<page>
<title>gabacha</title>
<ns>0</ns>
<id>359375</id>
<revision>
<id>2439779</id>
<parentid>2352927</parentid>
<timestamp>2017-07-24T15:48:59Z</timestamp>
<contributor>
<username>Cpls</username>
<id>20608</id>
</contributor>
<comment>/* {{-gl-}} */</comment>
<model>wikitext</model>
<format>text/x-wiki</format>
<text bytes="490" xml:space="preserve">={{-gl-}}=
==Substantivo==
{{flex.gl|fs=gabacha|fp=gabachas}}
{{paroxítona|ga|ba|cha|lang=gl}}, {{g|f|lang=gl}}
# [[orgulho]]
===Sinónimo===
* [[arrualho#Galego|arrualho]], [[bruo#Galego|bruo]], [[fachenda#Galego|fachenda]]
=={{etimologia|gl}}==
: {{escopo|Morfologia}} Derivada de ''[[gabo#Galego|gabo]]'' + ''[[-acho#{{gl}}|-acha]]'' ou de ''[[gabar#{{gl}}|gabar]]'', confronte-se com [[gabança]].
=={{pronúncia|gl}}==
* [[AFI]]: /ga.'ba.t͡ʃa/
[[Categoria:Substantivo (Galego)]]</text>
<sha1>tq672kqe1x1euxqakz8togqav65ic1i</sha1>
</revision>
