<page>
<page>
<title>gabadiço</title>
<ns>0</ns>
<id>359374</id>
<revision>
<id>2103333</id>
<timestamp>2016-05-25T07:39:57Z</timestamp>
<contributor>
<username>Cpls</username>
<id>20608</id>
</contributor>
<comment>[[Ajuda:Guia de edição/Menus e ferramentas/Sumário de edição|→]] nova página: ={{-gl-}}= ==Adjetivo== {{flex.gl|ms=gabadiço|mp=gabadiços|fs=gabadiça|fp=gabadiças}} {{paroxítona|ga|ba...</comment>
<model>wikitext</model>
<format>text/x-wiki</format>
<text bytes="620" xml:space="preserve">={{-gl-}}=
==Adjetivo==
{{flex.gl|ms=gabadiço|mp=gabadiços|fs=gabadiça|fp=gabadiças}}
{{paroxítona|ga|ba|di|ço|lang=gl}}
# que costuma ou gosta de [[gabar]], [[elogiador]]
# que se gaba a si, [[jactancioso]]
===Sinónimo===
: '''De 1 (que costuma gabar):
{{dividir em colunas|2}}
* [[gabachoso#Galego|gabachoso]]
* [[gabador#Galego|gabador]]
{{dividir em colunas.fim}}
=={{etimologia|gl}}==
: {{escopo|Morfologia}} De [[gabado|gabada]] ou gabado + [[-iço]].
=={{pronúncia|gl}}==
* [[AFI]]: /ga.ba.'di.so/ ou /ga.ba.'di.θo/
==Ver também==
===No Wikcionário===
* [[gabarola]]
[[Categoria:Adjetivo (Galego)]]</text>
<sha1>asn9x2yfif88zagsn9jap783ws333lh</sha1>
</revision>
