<page>
<title>gabado</title>
<ns>0</ns>
<id>346106</id>
<revision>
<id>2352928</id>
<parentid>2125702</parentid>
<timestamp>2017-05-02T20:19:09Z</timestamp>
<contributor>
<username>HydrizBot</username>
<id>29590</id>
</contributor>
<minor />
<comment>Robô: A limpar links interwikis antigos</comment>
<model>wikitext</model>
<format>text/x-wiki</format>
<text bytes="1370" xml:space="preserve">={{-pt-}}=
==Adjetivo==
{{flex.pt|ms=gabado|mp=gabados|fs=gabada|fp=gabadas}}
{{paroxítona|ga|ba|do}}
# que demonstrou [[jactância]] acerca de si próprio; [[vangloriado]]
# [[elogiado]]; que destacou suas próprias qualidades
# [[celebrado]]
===Sinônimos===
{{verTambém.Ini}}
* [[afamado]]
{{verTambém.NovaColuna}}
* [[celebrado]]
{{verTambém.NovaColuna}}
* [[elogiado]]
{{verTambém.NovaColuna}}
* [[lisonjeado]]
{{verTambém.Fim}}
=={{etimologia|pt}}==
:Particípio passado do verbo [[gabar]].
[[Categoria:Adjetivo (Português)]]
={{-gl-}}=
==Adjetivo==
{{flex.gl|ms=gabado|mp=gabados|fs=gabada|fp=gavadas}}
{{paroxítona|ga|ba|do|lang=gl}}
# [[gabado#Português|gabado]], lisonjeado
==Forma verbal==
{{flex.gl|ms=gabado|mp=gabados|fs=gabada|fp=gavadas}}
{{paroxítona|ga|ba|do|lang=gl}}
* [[particípio]] passivo masculino singular do verbo ''[[gabar#Galego|gabar]]''
==Substantivo==
{{flex.gl|ms=gabado|mp=gabados}}
{{paroxítona|ga|ba|do|lang=gl}}, {{gramática|m}}
# [[jarro]] para água ou vinho
# [[pipote]], tonel, vasilha
==={{-varort-}}===
{{dividir em colunas|2}}
* [[gábado#Galego|gábado]]
* [[gabedo#Galego|gabedo]]
{{dividir em colunas.fim}}
=={{etimologia|gl}}==
{{llietimo|la|capedo|gl}} Confronte-se com ''[[cavado#Galego|cavado]]''
[[Categoria:Adjetivo (Galego)]]
[[Categoria:Forma verbal (Galego)]]
[[Categoria:Substantivo (Galego)]]</text>
<sha1>qj4fpti08v4rxx0v1qfw3gdrjpggdat</sha1>
</revision>
</page>
