<page>
<title>gabar</title>
<ns>0</ns>
<id>7616</id>
<revision>
<id>2644075</id>
<parentid>2640089</parentid>
<timestamp>2021-08-01T14:06:58Z</timestamp>
<contributor>
<username>ValJor</username>
<id>1358</id>
</contributor>
<comment>Melhorando a apresentação do verbete</comment>
<model>wikitext</model>
<format>text/x-wiki</format>
<text bytes="449" xml:space="preserve">={{-pt-}}=
==Verbo==
{{oxítona|ga|bar}}, {{gramática|vt}}
# [[fazer]] o elogio de; louvar; enaltecer; lisonjear
{{oxítona|ga|bar}}, {{gramática|refl}}
# {{cont|2}} jactar-se; blasonar
===Conjugação===
{{conj/pt|gab|ar}}
===Tradução===
{{tradini}}
* {{trad|mwl|agabar}}
{{tradmeio}}
{{tradfim}}
=={{etimologia|pt}}==
{{llietimo|oc|gabar|pt|ponto=não}}, do nórdico antigo &quot;gabb&quot; (“ridículo, piada”).
[[Categoria:Verbo (Português)]]</text>
<sha1>4ey83o901urtfaz6zn3mt1fwtbqw8cr</sha1>
</revision>
</page>
