<page>
<title>gabacho</title>
<ns>0</ns>
<id>381220</id>
<revision>
<id>2439788</id>
<parentid>2439782</parentid>
<timestamp>2017-07-24T16:05:06Z</timestamp>
<contributor>
<username>Cpls</username>
<id>20608</id>
</contributor>
<model>wikitext</model>
<format>text/x-wiki</format>
<text bytes="500" xml:space="preserve">{{ver também|gavacho}}
={{-gl-}}=
==Substantivo==
{{flex.gl|ms=gabacho|mp=gabachos|fs=gabacha|fp=gabachas}}
{{paroxítona|ga|ba|cho|lang=gl}}, {{g|m|lang=gl}}
# [[orgulhoso]], presuntuoso, presumido
=={{etimologia|gl}}==
: {{escopo|Morfologia}} Derivada de ''[[gabo#Galego|gabo]]'' + ''[[-acho#{{gl}}|-acho]]'' ou de ''[[gabar#{{gl}}|gabar]]'', confronte-se com [[gabachear]] e com o latim {{etimo|la|gavisus}}.
=={{pronúncia|gl}}==
* [[AFI]]: /ga.'ba.t͡ʃo/
[[Categoria:Substantivo (Galego)]]</text>
<sha1>fbnch8199cvp4t1vkv2bd9mi6de97k7</sha1>
</revision>
</page>
