<page>
<title>gabaonita</title>
<ns>0</ns>
<id>314903</id>
<revision>
<id>1706063</id>
<parentid>1681287</parentid>
<timestamp>2013-07-31T09:28:16Z</timestamp>
<contributor>
<username>ValJor</username>
<id>1358</id>
</contributor>
<comment>Melhorando um [[Wikcionário:Listas de entradas com problemas|verbete sem cabeçalho de língua]]</comment>
<model>wikitext</model>
<format>text/x-wiki</format>
<text bytes="325" xml:space="preserve">={{-pt-}}=
==Adjetivo==
{{flex.pt|s=gabaonita|p=gabaonitas}}
{{paroxítona|ga|bao|ni|ta}}
# que é de Gabaon, na [[Palestina]]
==Substantivo==
{{paroxítona|ga|bao|ni|ta}}
# o que é de Gabaon, na [[Palestina]]
[[Categoria:Adjetivo (Português)]]
[[Categoria:Substantivo (Português)]]
[[Categoria:Gentílico (Português)]]</text>
<sha1>3fhin8c0qft0zrzh1nbr3kuvjfz9z08</sha1>
</revision>
</page>
