<page>
<page>
<title>gabaona</title>
<ns>0</ns>
<id>34081</id>
<revision>
<id>1561892</id>
<parentid>1184920</parentid>
<timestamp>2012-12-18T19:58:55Z</timestamp>
<contributor>
<username>ValJor</username>
<id>1358</id>
</contributor>
<comment>Melhorando a apresentação do verbete usando a [[:predefinição:cria-verbete]]</comment>
<model>wikitext</model>
<format>text/x-wiki</format>
<text bytes="155" xml:space="preserve">={{-pt-}}=
==Substantivo==
{{flex.pt|fs=gabaona|fp=gabaonas}}
{{paroxítona|ga|ba|o|na}}
# [[viúva]] de [[maçom]]
[[Categoria:Substantivo (Português)]]</text>
<sha1>0pojjfbautvt03e4pn65yrtcpio8w19</sha1>
</revision>
