<page>
<title>gabeja</title>
<ns>0</ns>
<id>359386</id>
<revision>
<id>2103408</id>
<parentid>2103404</parentid>
<timestamp>2016-05-25T10:12:59Z</timestamp>
<contributor>
<username>Cpls</username>
<id>20608</id>
</contributor>
<comment>/* {{etimologia|gl}} */</comment>
<model>wikitext</model>
<format>text/x-wiki</format>
<text bytes="633" xml:space="preserve">={{-gl-}}=
==Adjetivo==
{{flex.gl|ms=gabejo|mp=gabejos|fs=gabeja|fp=gabejas}}
{{paroxítona|ga|be|ja|lang=gl}}
# [[cuidadoso|cuidadosa]], que tem ordem e limpeza na [[arrumação]] do que faz
# laboriosa, [[diligente]], ativa
==Substantivo==
{{flex.gl|fs=gabeja|fp=gabejas}}
{{paroxítona|ga|be|ja|lang=gl}}, {{f}}
# [[água]] de [[rega]], que não está sujeita a [[ordem]] preestabelecida
===Expressões===
* '''rega de gabeja''', [[rega]] que está sujeita à ordem de quem chegue antes
=={{etimologia|gl}}==
: Confronte-se com ''[[gabejar#Galego|gabejar]]''.
[[Categoria:Substantivo (Galego)]]
[[Categoria:Adjetivo (Galego)]]</text>
<sha1>c47djf0naqobj553vl4sq3uugf4ye07</sha1>
</revision>
</page>
