<page>
<page>
<title>gabedo</title>
<ns>0</ns>
<id>359288</id>
<revision>
<id>2102581</id>
<timestamp>2016-05-23T08:02:09Z</timestamp>
<contributor>
<username>Cpls</username>
<id>20608</id>
</contributor>
<comment>[[Ajuda:Guia de edição/Menus e ferramentas/Sumário de edição|→]] nova página: ={{-gl-}}= ==Substantivo== {{flex.gl|ms=gabedo|mp=gabedos}} {{paroxítona|ga|be|do|lang=gl}}, {{gramática|m}...</comment>
<model>wikitext</model>
<format>text/x-wiki</format>
<text bytes="295" xml:space="preserve">={{-gl-}}=
==Substantivo==
{{flex.gl|ms=gabedo|mp=gabedos}}
{{paroxítona|ga|be|do|lang=gl}}, {{gramática|m}}
# [[jarro]] para água ou vinho
# [[copo]] para água
==={{-varort-}}===
* [[gabado#Galego|gabado]]
=={{etimologia|gl}}==
{{llietimo|la|capedo|gl}}
[[Categoria:Substantivo (Galego)]]</text>
<sha1>acn4vuodxxgwg8a029pnykr5auv1g3k</sha1>
</revision>
