<page>
<page>
<title>gabiço</title>
<ns>0</ns>
<id>315197</id>
<revision>
<id>2501345</id>
<parentid>2501343</parentid>
<timestamp>2018-05-07T11:31:09Z</timestamp>
<contributor>
<username>Cpls</username>
<id>20608</id>
</contributor>
<comment>/* {{-gl-}} */</comment>
<model>wikitext</model>
<format>text/x-wiki</format>
<text bytes="622" xml:space="preserve">={{-gl-}}=
==Substantivo==
{{flex.gl|ms=gabiço|mp=gabiços}}
{{paroxítona|ga|bi|ço|lang=gl}}, {{g|m|lang=gl}}
# [[tocha]] de urze ou outra madeira que serve para [[alumiar]], varinha seca de [[abrótea]] que serve para iluminar
# [[tição]]
# [[lenha]] miúda, [[garaveto]]
# [[feixe]] de lenha
# {{escopo|gl|Planta}} [[abrótea]], planta do gênero ''[[species:Asphodelus albus|Asphodelus albus]]''
===Sinónimos===
* De '''1''' (tocha): [[gabuço#Galego|gabuço]], [[ganço#Galego|ganço]]
==Ver também==
===No Wikcionário===
{{verTambém.Ini}}
* [[guiço]]
{{verTambém.Fim}}
[[Categoria:Substantivo (Galego)]]</text>
<sha1>7kdwkllpk33gls83yh6v0ybgju4q1fr</sha1>
</revision>
