<page>
<title>gabinete</title>
<ns>0</ns>
<id>229711</id>
<revision>
<id>2621389</id>
<parentid>2518516</parentid>
<timestamp>2021-02-02T00:17:15Z</timestamp>
<contributor>
<username>MarxavBot</username>
<id>80155</id>
</contributor>
<minor />
<comment>AFI Portugal</comment>
<model>wikitext</model>
<format>text/x-wiki</format>
<text bytes="1243" xml:space="preserve">{{Wikipédia}}
={{-pt-}}=
==Substantivo==
{{flex.pt|ms=gabinete|mp=gabinetes}}
{{paroxítona|ga|bi|ne|te}}
# [[órgão]] [[superior]] de [[Estado]], o mesmo que [[governo]]
#* ''Se confirmados os números, os conservadores ficariam a apenas 19 cadeiras da maioria absoluta, que daria ao líder conservador David Cameron o direito de pedir a renúncia do atual '''gabinete''' e a formação de um governo.'' {{OESP|2010|maio|06}}
# nome que se dá a um escritório, sala reservada para atividades profissionais
#* ''Alguns dos políticos britânicos envolvidos no escândalo de reembolso de despesas de '''gabinete''' não conseguiram se reeleger nas eleições realizadas nesta quinta-feira, 6.'' {{OESP|2010|maio|07}}
# {{escopo|Informática}} caixa onde se localizam os componentes do computador
# {{escopo|Mobília, Brasil}} [[móvel]] [[domiciliar]] destinado a guardar objetos
===Tradução===
{{tradini}}
* {{trad|de|Kabinett}} {{n}}
* {{trad|fr|cabinet}}
{{tradmeio}}
* {{trad|en|cabinet}}
{{tradfim}}
=={{etimologia|pt}}==
: Do francês [[cabinet]].
=={{pronúncia|pt}}==
===Portugal===
* AFI: {{AFI|/ɡɐ.bi.ˈne.tɨ/}}
[[Categoria:Substantivo (Português)]]
[[Categoria:Móvel (Português)]]
[[Categoria:Política (Português)]]</text>
<sha1>qzuxetz9h0bykstr2ieqa6npu9cyi3k</sha1>
</revision>
</page>
