<page>
<title>gabilanes</title>
<ns>0</ns>
<id>389987</id>
<revision>
<id>2475360</id>
<timestamp>2018-01-07T15:37:47Z</timestamp>
<contributor>
<username>Imivorn</username>
<id>64513</id>
</contributor>
<comment>[[Ajuda:Guia de edição/Menus e ferramentas/Sumário de edição|→]] nova página: ={{-mwl-}}= ==Forma de substantivo== {{paroxítona|ga|bi|la|nes|língua=mwl}} # plural de '''gabilan#{{mwl}...</comment>
<model>wikitext</model>
<format>text/x-wiki</format>
<text bytes="171" xml:space="preserve">={{-mwl-}}=
==Forma de substantivo==
{{paroxítona|ga|bi|la|nes|língua=mwl}}
# plural de '''[[gabilan#{{mwl}}|gabilan]]'''
[[Categoria:Forma de substantivo (Mirandês)]]</text>
<sha1>6qimzclfob6objh4w832ppkwjp85vid</sha1>
</revision>
</page>
