<page>
<title>gabirova</title>
<ns>0</ns>
<id>1903</id>
<revision>
<id>2041847</id>
<parentid>1493007</parentid>
<timestamp>2015-11-28T21:12:28Z</timestamp>
<contributor>
<username>Luan</username>
<id>1279</id>
</contributor>
<minor />
<comment>replaced: Wikicionário → Wikcionário, ver também → Ver também (2) utilizando [[Project:AutoWikiBrowser|AWB]]</comment>
<model>wikitext</model>
<format>text/x-wiki</format>
<text bytes="566" xml:space="preserve">{{ver também|gabiroba}}
={{-pt-}}=
==Substantivo==
{{flex.pt|fs=gabirova|fp=gabirovas}}
{{paroxítona|ga|bi|ro|va}}
# {{escopo|Botânica}} fruto oriundo das plantas que pertencem à ordem das [[guabirobeira]]s
# {{escopo|Botânica}} nome dado a várias plantas trepadeiras [[mirtácea]]s
===Sinônimos===
De '''1''' e '''2''':
* [[guabiroba]]
* [[gabiroba]]
De '''2''':
* [[guabirobeira]]
==Ver também==
===No Wikcionário===
* [[mirtácea]]
===Na Wikipédia===
* [[:w:fruta|fruta]]
[[Categoria:Substantivo (Português)]]
[[Categoria:Botânica (Português)]]</text>
<sha1>2zimdtl0cjlc3udd5fseh3ltfw4z6xh</sha1>
</revision>
</page>
