<page>
<page>
<title>gabilan</title>
<ns>0</ns>
<id>389986</id>
<revision>
<id>2475361</id>
<parentid>2475359</parentid>
<timestamp>2018-01-07T15:39:29Z</timestamp>
<contributor>
<username>Imivorn</username>
<id>64513</id>
</contributor>
<model>wikitext</model>
<format>text/x-wiki</format>
<text bytes="483" xml:space="preserve">[[Imagem:MPB_Papa_Falcon_%288948784670%29.jpg|thumb|170px|&lt;center&gt;gabilan&lt;/center&gt;]]
={{-mwl-}}=
==Substantivo==
{{flex.mwl|ms=gabilan|mp=gabilanes}}
{{oxítona|ga|bi|lan|língua=mwl}}, {{m}}
# {{escopo|mwl|Ave}} [[gavião]]
# {{escopo|mwl|Ave}} [[falcão]]
==Ver também==
===No Wikcionário===
{{verTambém.Ini}}
* [[gabilan de las palombas]]
{{verTambém.Fim}}
[[Categoria:Substantivo (Mirandês)]]
[[Categoria:Animal (Mirandês)]]
[[Categoria:Entrada com imagem (Mirandês)]]</text>
<sha1>2usg5z5dxq9tyd8ryqpplgtvyb4judv</sha1>
</revision>
