<page>
<title>gabiroba</title>
<ns>0</ns>
<id>2503</id>
<revision>
<id>1240203</id>
<parentid>1193851</parentid>
<timestamp>2011-08-28T12:49:59Z</timestamp>
<contributor>
<username>ValJor</username>
<id>1358</id>
</contributor>
<comment>Desfazendo link para [[Sinônimo]] para poder deletar o redirecionamento para minúscula</comment>
<model>wikitext</model>
<format>text/x-wiki</format>
<text bytes="657" xml:space="preserve">={{-pt-}}=
==Substantivo==
{{flex.pt|fs=gabiroba|fp=gabirobas}}
{{paroxítona|ga|bi|ro|ba}}
# {{escopo|Botânica}} [[fruto]] [[oriundo]] das [[planta]]s que [[pertencer|pertencem]] a [[ordem]] das [[guabirobeiras]]
# {{escopo|Botânica}} [[nome]] [[dar|dado]] a [[vária]]s [[planta]]s [[trepadeira]]s [[mirtácea]]s
===Sinônimos===
De '''1''' e '''2''':
{{verTambém.Ini}}
* [[guabiroba]]
{{verTambém.NovaColuna}}
* [[gabirova]]
{{verTambém.Fim}}
De '''2''':
* [[guabirobeira]]
==Ver também==
===No Wikcionário===
* [[mirtáceo]]
===Na Wikipédia===
* [[:w:fruto|fruto]]
[[Categoria:Substantivo (Português)]]
[[Categoria:Botânica (Português)]]</text>
<sha1>nd0axub00atfkr8n6vcftf2kb6hrb5t</sha1>
</revision>
</page>
