<page>
<page>
<title>gabiota</title>
<ns>0</ns>
<id>389993</id>
<revision>
<id>2475372</id>
<parentid>2475370</parentid>
<timestamp>2018-01-07T16:41:34Z</timestamp>
<contributor>
<username>Imivorn</username>
<id>64513</id>
</contributor>
<model>wikitext</model>
<format>text/x-wiki</format>
<text bytes="473" xml:space="preserve">[[Imagem:Great_Black-backed_Gull_Larus_marinus.jpg|thumb|200px|&lt;center&gt;gaibota&lt;/center&gt;]]
={{-mwl-}}=
==Substantivo==
{{flex.mwl|fs=gabiota|fp=gabiotas}}
{{paroxítona|ga|bi|o|ta|língua=mwl}}, {{f}}
# {{escopo|mwl|Ave}} [[gaivota]] (género ''[[species:Larus|Larus]]'')
==={{-varort-}}===
* {{link opcional|gueibota|mwl}}
* {{link opcional|gaibota|mwl}}
[[Categoria:Substantivo (Mirandês)]]
[[Categoria:Animal (Mirandês)]]
[[Categoria:Entrada com imagem (Mirandês)]]</text>
<sha1>bp0jpntbpd5zxby5lnludheqcptu6r7</sha1>
</revision>
