<page>
<title>gabo</title>
<ns>0</ns>
<id>359366</id>
<revision>
<id>2352937</id>
<parentid>2125698</parentid>
<timestamp>2017-05-02T20:19:45Z</timestamp>
<contributor>
<username>HydrizBot</username>
<id>29590</id>
</contributor>
<minor />
<comment>Robô: A limpar links interwikis antigos</comment>
<model>wikitext</model>
<format>text/x-wiki</format>
<text bytes="488" xml:space="preserve">={{-roa-gpm-}}=
==Substantivo==
{{flex.gl|ms=gabo|mp=gabos}}
{{paroxítona|ga|bo|lang=roa-gpm}}, {{m}}
# honra, [[prestígio]]
==={{-varort-}}===
* [[guabo#Galego-Português Medieval|guabo]]
=={{etimologia|roa-gpm}}==
: Confronte-se com o proto-basco ''*gabo'', atual {{etimo|eu|zabo}} &quot;[[inchaço]]&quot;.
==Ver também==
===No Wikcionário===
{{dividir em colunas|3}}
* [[gabança]]
* [[garbo]]
* [[guapo]]
{{dividir em colunas.fim}}
[[Categoria:Substantivo (Galego-Português Medieval)]]</text>
<sha1>gj5ea3np0fsgm6ydrmv7rp9m2nu8s15</sha1>
</revision>
</page>
