<page>
<title>gabon</title>
<ns>0</ns>
<id>418385</id>
<revision>
<id>2576122</id>
<parentid>2569698</parentid>
<timestamp>2020-02-08T21:34:11Z</timestamp>
<contributor>
<username>ValJor</username>
<id>1358</id>
</contributor>
<comment>Melhorando a apresentação do verbete usando a [[:predefinição:cria-entrada]]</comment>
<model>wikitext</model>
<format>text/x-wiki</format>
<text bytes="356" xml:space="preserve">={{-eu-}}=
==Interjeição==
'''gabon'''
# [[boa noite]]
=={{etimologia|eu}}==
: {{escopo|Morfologia}} [[gau]] (noite) + [[on]] (bom).
[[Categoria:Interjeição (Basco)]]
={{-ceb-}}=
==Substantivo==
'''gabon'''
# [[sambong]] (planta cujo nome científico é ''Blumea balsamifera'')
[[Categoria:Substantivo (Cebuano)]]
[[Categoria:Botânica (Cebuano)]]</text>
<sha1>prcio5dpemfev1s3bwj68y5s3rf3f3l</sha1>
</revision>
</page>
