<page>
<title>gaboço</title>
<ns>0</ns>
<id>359354</id>
<revision>
<id>2103234</id>
<timestamp>2016-05-24T19:41:58Z</timestamp>
<contributor>
<username>Cpls</username>
<id>20608</id>
</contributor>
<comment>[[Ajuda:Guia de edição/Menus e ferramentas/Sumário de edição|→]] nova página: ={{-gl-}}= ==Substantivo== {{flex.gl|ms=gaboço|mp=gaboços}} {{paroxítona|ga|bo|ço|lang=gl}}, {{m}} # to...</comment>
<model>wikitext</model>
<format>text/x-wiki</format>
<text bytes="429" xml:space="preserve">={{-gl-}}=
==Substantivo==
{{flex.gl|ms=gaboço|mp=gaboços}}
{{paroxítona|ga|bo|ço|lang=gl}}, {{m}}
# [[tocha]] de urze ou outra madeira que serve para [[alumiar]], varinha seca de [[abrótea]] que serve para iluminar
==={{-varort-}}===
{{dividir em colunas|2}}
* [[gabiço#Galego|gabiço]]
* [[gabuço#Galego|gabuço]]
{{dividir em colunas.fim}}
===Sinónimo===
* [[ganço#Galego|ganço]]
[[Categoria:Substantivo (Galego)]]</text>
<sha1>5cm7nrx77ft1x246wve6ox7babw0js3</sha1>
</revision>
</page>
