<page>
<page>
<title>gabonês</title>
<ns>0</ns>
<id>14477</id>
<revision>
<id>2352944</id>
<parentid>2034720</parentid>
<timestamp>2017-05-02T20:20:03Z</timestamp>
<contributor>
<username>HydrizBot</username>
<id>29590</id>
</contributor>
<minor />
<comment>Robô: A limpar links interwikis antigos</comment>
<model>wikitext</model>
<format>text/x-wiki</format>
<text bytes="533" xml:space="preserve">={{-pt-}}=
==Adjetivo==
{{flex.pt|ms=gabonês|mp=gaboneses|fs=gabonesa|fp=gabonesas}}
{{oxítona|ga|bo|nês}}, {{m}}
# do [[Gabão]]; [[gabonense]]
==Substantivo==
{{flex.pt|ms=gabonês|mp=gaboneses|fs=gabonesa|fp=gabonesas}}
{{oxítona|ga|bo|nês}}, {{m}}
# natural do Gabão; [[gabonense]]
=={{etimologia|pt}}==
:  {{escopo|Morfologia}} [[Gabão]] + [[-ês]].
==Ver também==
===No Wikcionário===
{{africanos/pt}}
[[Categoria:Adjetivo (Português)]]
[[Categoria:Substantivo (Português)]]
[[Categoria:Gentílico (Português)]]</text>
<sha1>65uest77dgfe0o6kn53rwk4h7gksvue</sha1>
</revision>
