<page>
<title>Gabon</title>
<ns>0</ns>
<id>126411</id>
<revision>
<id>2606556</id>
<parentid>2548666</parentid>
<timestamp>2020-12-31T21:11:27Z</timestamp>
<contributor>
<username>Amigo7</username>
<id>58547</id>
</contributor>
<comment>Substituindo a tag &lt;center&gt; pela predefinição {centro}</comment>
<model>wikitext</model>
<format>text/x-wiki</format>
<text bytes="28560" xml:space="preserve">{{Wikipédia|lang=rup}}
{{Wikipédia|lang=nds-nl}}
{{Wikipédia|lang=bm}}
{{Wikipédia|lang=bjn}}
{{Wikipédia|lang=eu}}
{{Wikipédia|lang=bcl}}
{{Wikipédia|lang=bs}}
{{Wikipédia|lang=br}}
{{Wikipédia|lang=kaa}}
{{Wikipédia|lang=ca}}
{{Wikipédia|lang=ceb}}
{{Wikipédia|lang=cs}}
{{Wikipédia|lang=sn}}
{{Wikipédia|lang=hr}}
{{Wikipédia|lang=ku}}
{{Wikipédia|lang=diq}}
{{Wikipédia|lang=da}}
{{Wikipédia|lang=sco}}
{{Wikipédia|lang=sk}}
{{Wikipédia|lang=sl}}
{{Wikipédia|lang=et}}
{{Wikipédia|lang=fo}}
{{Wikipédia|lang=fi}}
{{Wikipédia|lang=fr}}
{{Wikipédia|lang=frp}}
{{Wikipédia|lang=fy}}
{{Wikipédia|lang=ff}}
{{Wikipédia|lang=gd}}
{{Wikipédia|lang=gag}}
{{Wikipédia|lang=cy}}
{{Wikipédia|lang=ht}}
{{Wikipédia|lang=hak}}
{{Wikipédia|lang=ha}}
{{Wikipédia|lang=hif}}
{{Wikipédia|lang=nl}}
{{Wikipédia|lang=hu}}
{{Wikipédia|lang=ig}}
{{Wikipédia|lang=io}}
{{Wikipédia|lang=ilo}}
{{Wikipédia|lang=id}}
{{Wikipédia|lang=ang}}
{{Wikipédia|lang=simple}}
{{Wikipédia|lang=en}}
{{Wikipédia|lang=ia}}
{{Wikipédia|lang=ie}}
{{Wikipédia|lang=is}}
{{Wikipédia|lang=it}}
{{Wikipédia|lang=jv}}
{{Wikipédia|lang=ki}}
{{Wikipédia|lang=lad}}
{{Wikipédia|lang=la}}
{{Wikipédia|lang=li}}
{{Wikipédia|lang=olo}}
{{Wikipédia|lang=lmo}}
{{Wikipédia|lang=lg}}
{{Wikipédia|lang=ms}}
{{Wikipédia|lang=mt}}
{{Wikipédia|lang=gv}}
{{Wikipédia|lang=cdo}}
{{Wikipédia|lang=nan}}
{{Wikipédia|lang=min}}
{{Wikipédia|lang=nah}}
{{Wikipédia|lang=pih}}
{{Wikipédia|lang=no}}
{{Wikipédia|lang=nov}}
{{Wikipédia|lang=nn}}
{{Wikipédia|lang=oc}}
{{Wikipédia|lang=pam}}
{{Wikipédia|lang=pap}}
{{Wikipédia|lang=pl}}
{{Wikipédia|lang=ro}}
{{Wikipédia|lang=rw}}
{{Wikipédia|lang=se}}
{{Wikipédia|lang=nso}}
{{Wikipédia|lang=sh}}
{{Wikipédia|lang=st}}
{{Wikipédia|lang=scn}}
{{Wikipédia|lang=so}}
{{Wikipédia|lang=sw}}
{{Wikipédia|lang=sv}}
{{Wikipédia|lang=su}}
{{Wikipédia|lang=tl}}
{{Wikipédia|lang=crh}}
{{Wikipédia|lang=tpi}}
{{Wikipédia|lang=tr}}
{{Wikipédia|lang=tk}}
{{Wikipédia|lang=uz}}
{{Wikipédia|lang=vec}}
{{Wikipédia|lang=vep}}
{{Wikipédia|lang=vi}}
{{Wikipédia|lang=vro}}
{{Wikipédia|lang=war}}
{{Wikipédia|lang=zea}}
[[Imagem:Flag of Gabon.svg|thumb|right|250px|{{centro|Bandeira do Gabão}}]]
[[Imagem:LocationGabon.svg|thumb|right|250px|{{centro|Localização do Gabão}}]]
={{-ace-}}=
==Substantivo==
'''Gabon''', {{gramática|pr}}
# {{escopo|ace|País}} [[Gabão]]
==Ver também==
===No Wikcionário===
{{África/ace}}
[[Categoria:Substantivo (Acenês)]]
[[Categoria:Entrada com imagem (Acenês)]]
={{-ak-}}=
==Substantivo==
'''Gabon''', {{gramática|pr}}
# {{escopo|ak|País}} [[Gabão]]
==Ver também==
===No Wikcionário===
{{África/ak}}
[[Categoria:Substantivo (Akan)]]
[[Categoria:Entrada com imagem (Akan)]]
={{-rup-}}=
==Substantivo==
'''Gabon''', {{gramática|pr}}
# {{escopo|rup|País}} [[Gabão]]
==Ver também==
===No Wikcionário===
{{África/rup}}
[[Categoria:Substantivo (Arromeno)]]
[[Categoria:Entrada com imagem (Arromeno)]]
={{-nds-nl-}}=
==Substantivo==
'''Gabon''', {{gramática|pr}}
# {{escopo|nds-nl|País}} [[Gabão]]
==Ver também==
===No Wikcionário===
{{África/nds-nl}}
[[Categoria:Substantivo (Baixo Saxão Holandês)]]
[[Categoria:Entrada com imagem (Baixo Saxão Holandês)]]
={{-bm-}}=
==Substantivo==
'''Gabon''', {{gramática|pr}}
# {{escopo|bm|País}} [[Gabão]]
==Ver também==
===No Wikcionário===
{{África/bm}}
[[Categoria:Substantivo (Bambara)]]
[[Categoria:Entrada com imagem (Bambara)]]
={{-bjn-}}=
==Substantivo==
'''Gabon''', {{gramática|pr}}
# {{escopo|bjn|País}} [[Gabão]]
==Ver também==
===No Wikcionário===
{{África/bjn}}
[[Categoria:Substantivo (Banjar)]]
[[Categoria:Entrada com imagem (Banjar)]]
={{-eu-}}=
==Substantivo==
'''Gabon''', {{gramática|pr}}
# {{escopo|eu|País}} [[Gabão]]
==Ver também==
===No Wikcionário===
{{África/eu}}
[[Categoria:Substantivo (Basco)]]
[[Categoria:Entrada com imagem (Basco)]]
={{-bar-}}=
==Substantivo==
'''Gabon''', {{gramática|pr}}
# {{escopo|bar|País}} [[Gabão]]
==Ver também==
===No Wikcionário===
{{África/bar}}
[[Categoria:Substantivo (Bávaro)]]
[[Categoria:Entrada com imagem (Bávaro)]]
={{-bcl-}}=
==Substantivo==
'''Gabon''', {{gramática|pr}}
# {{escopo|bcl|País}} [[Gabão]]
==Ver também==
===No Wikcionário===
{{África/bcl}}
[[Categoria:Substantivo (Bicolano Central)]]
[[Categoria:Entrada com imagem (Bicolano Central)]]
={{-bs-}}=
==Substantivo==
'''Gabon''', {{gramática|pr}}
# {{escopo|bs|País}} [[Gabão]]
==Ver também==
===No Wikcionário===
{{África/bs}}
[[Categoria:Substantivo (Bósnio)]]
[[Categoria:Entrada com imagem (Bósnio)]]
={{-br-}}=
==Substantivo==
'''Gabon''', {{gramática|pr}}
# {{escopo|br|País}} [[Gabão]]
==Ver também==
===No Wikcionário===
{{África/br}}
[[Categoria:Substantivo (Bretão)]]
[[Categoria:Entrada com imagem (Bretão)]]
={{-kaa-}}=
==Substantivo==
'''Gabon''', {{gramática|pr}}
# {{escopo|kaa|País}} [[Gabão]]
==Ver também==
===No Wikcionário===
{{África/kaa}}
[[Categoria:Substantivo (Caracalpaque)]]
[[Categoria:Entrada com imagem (Caracalpaque)]]
={{-ca-}}=
==Substantivo==
'''Gabon''', {{gramática|pr}}
# {{escopo|ca|País}} [[Gabão]]
==Ver também==
===No Wikcionário===
{{África/ca}}
[[Categoria:Substantivo (Catalão)]]
[[Categoria:Entrada com imagem (Catalão)]]
={{-ceb-}}=
==Substantivo==
'''Gabon''', {{gramática|pr}}
# {{escopo|ceb|País}} [[Gabão]]
==Ver também==
===No Wikcionário===
{{África/ceb}}
[[Categoria:Substantivo (Cebuano)]]
[[Categoria:Entrada com imagem (Cebuano)]]
={{-cs-}}=
==Substantivo==
'''Gabon''', {{gramática|pr}}
# {{escopo|cs|País}} [[Gabão]]
==Ver também==
===No Wikcionário===
{{África/cs}}
[[Categoria:Substantivo (Checo)]]
[[Categoria:Entrada com imagem (Checo)]]
={{-sn-}}=
==Substantivo==
'''Gabon''', {{gramática|pr}}
# {{escopo|sn|País}} [[Gabão]]
==Ver também==
===No Wikcionário===
{{África/sn}}
[[Categoria:Substantivo (Chona)]]
[[Categoria:Entrada com imagem (Chona)]]
={{-kw-}}=
==Substantivo==
'''Gabon''', {{gramática|pr}}
# {{escopo|kw|País}} [[Gabão]]
==Ver também==
===No Wikcionário===
{{África/kw}}
[[Categoria:Substantivo (Córnico)]]
[[Categoria:Entrada com imagem (Córnico)]]
={{-hr-}}=
==Substantivo==
'''Gabon''', {{gramática|pr}}
# {{escopo|hr|País}} [[Gabão]]
==Ver também==
===No Wikcionário===
{{África/hr}}
[[Categoria:Substantivo (Croata)]]
[[Categoria:Entrada com imagem (Croata)]]
={{-ku-}}=
==Substantivo==
'''Gabon''', {{gramática|pr}}
# {{escopo|ku|País}} [[Gabão]]
==Ver também==
===No Wikcionário===
{{África/ku}}
[[Categoria:Substantivo (Curdo)]]
[[Categoria:Entrada com imagem (Curdo)]]
={{-diq-}}=
==Substantivo==
'''Gabon''', {{gramática|pr}}
# {{escopo|diq|País}} [[Gabão]]
==Ver também==
===No Wikcionário===
{{África/diq}}
[[Categoria:Substantivo (Dimili)]]
[[Categoria:Entrada com imagem (Dimili)]]
={{-da-}}=
==Substantivo==
'''Gabon''', {{gramática|pr}}
# {{escopo|da|País}} [[Gabão]]
==Ver também==
===No Wikcionário===
{{África/da}}
[[Categoria:Substantivo (Dinamarquês)]]
[[Categoria:Entrada com imagem (Dinamarquês)]]
={{-sco-}}=
==Substantivo==
'''Gabon''', {{gramática|pr}}
# {{escopo|sco|País}} [[Gabão]]
==Ver também==
===No Wikcionário===
{{África/sco}}
[[Categoria:Substantivo (Escocês)]]
[[Categoria:Entrada com imagem (Escocês)]]
={{-sk-}}=
==Substantivo==
'''Gabon''', {{gramática|pr}}
# {{escopo|sk|País}} [[Gabão]]
==Ver também==
===No Wikcionário===
{{África/sk}}
[[Categoria:Substantivo (Eslovaco)]]
[[Categoria:Entrada com imagem (Eslovaco)]]
={{-sl-}}=
==Substantivo==
'''Gabon''', {{gramática|pr}}
# {{escopo|sl|País}} [[Gabão]]
==Ver também==
===No Wikcionário===
{{África/sl}}
[[Categoria:Substantivo (Esloveno)]]
[[Categoria:Entrada com imagem (Esloveno)]]
={{-et-}}=
==Substantivo==
'''Gabon''', {{gramática|pr}}
# {{escopo|et|País}} [[Gabão]]
==Ver também==
===No Wikcionário===
{{África/et}}
[[Categoria:Substantivo (Estoniano)]]
[[Categoria:Entrada com imagem (Estoniano)]]
={{-fo-}}=
==Substantivo==
'''Gabon''', {{gramática|pr}}
# {{escopo|fo|País}} [[Gabão]]
==Ver também==
===No Wikcionário===
{{África/fo}}
[[Categoria:Substantivo (Feroês)]]
[[Categoria:Entrada com imagem (Feroês)]]
={{-fi-}}=
==Substantivo==
'''Gabon''', {{gramática|pr}}
# {{escopo|fi|País}} [[Gabão]]
==Ver também==
===No Wikcionário===
{{África/fi}}
[[Categoria:Substantivo (Finlandês)]]
[[Categoria:Entrada com imagem (Finlandês)]]
={{-vls-}}=
==Substantivo==
'''Gabon''', {{gramática|pr}}
# {{escopo|vls|País}} [[Gabão]]
==Ver também==
===No Wikcionário===
{{África/vls}}
[[Categoria:Substantivo (Flamengo)]]
[[Categoria:Entrada com imagem (Flamengo)]]
={{-fr-}}=
==Substantivo==
'''Gabon''', {{gramática|pr}}
# {{escopo|fr|País}} [[Gabão]]
==Ver também==
===No Wikcionário===
{{África/fr}}
[[Categoria:Substantivo (Francês)]]
[[Categoria:Entrada com imagem (Francês)]]
={{-frp-}}=
==Substantivo==
'''Gabon''', {{gramática|pr}}
# {{escopo|frp|País}} [[Gabão]]
==Ver também==
===No Wikcionário===
{{África/frp}}
[[Categoria:Substantivo (Franco-Provençal)]]
[[Categoria:Entrada com imagem (Franco-Provençal)]]
={{-fy-}}=
==Substantivo==
'''Gabon''', {{gramática|pr}}
# {{escopo|fy|País}} [[Gabão]]
==Ver também==
===No Wikcionário===
{{África/fy}}
[[Categoria:Substantivo (Frísio)]]
[[Categoria:Entrada com imagem (Frísio)]]
={{-ff-}}=
==Substantivo==
'''Gabon''', {{gramática|pr}}
# {{escopo|ff|País}} [[Gabão]]
==Ver também==
===No Wikcionário===
{{África/ff}}
[[Categoria:Substantivo (Fula)]]
[[Categoria:Entrada com imagem (Fula)]]
={{-gd-}}=
==Substantivo==
'''Gabon''', {{gramática|pr}}
# {{escopo|gd|País}} [[Gabão]]
==Ver também==
===No Wikcionário===
{{África/gd}}
[[Categoria:Substantivo (Gaélico Escocês)]]
[[Categoria:Entrada com imagem (Gaélico Escocês)]]
={{-gag-}}=
==Substantivo==
'''Gabon''', {{gramática|pr}}
# {{escopo|gag|País}} [[Gabão]]
==Ver também==
===No Wikcionário===
{{África/gag}}
[[Categoria:Substantivo (Gagauz)]]
[[Categoria:Entrada com imagem (Gagauz)]]
={{-cy-}}=
==Substantivo==
'''Gabon''', {{gramática|pr}}
# {{escopo|cy|País}} [[Gabão]]
==Ver também==
===No Wikcionário===
{{África/cy}}
[[Categoria:Substantivo (Galês)]]
[[Categoria:Entrada com imagem (Galês)]]
={{-ht-}}=
==Substantivo==
'''Gabon''', {{gramática|pr}}
# {{escopo|ht|País}} [[Gabão]]
==Ver também==
===No Wikcionário===
{{África/ht}}
[[Categoria:Substantivo (Haitiano)]]
[[Categoria:Entrada com imagem (Haitiano)]]
={{-hak-}}=
==Substantivo==
'''Gabon''', {{gramática|pr}}
# {{escopo|hak|País}} [[Gabão]]
==Ver também==
===No Wikcionário===
{{África/hak}}
[[Categoria:Substantivo (Hakka)]]
[[Categoria:Entrada com imagem (Hakka)]]
={{-ha-}}=
==Substantivo==
'''Gabon''', {{gramática|pr}}
# {{escopo|ha|País}} [[Gabão]]
==Ver também==
===No Wikcionário===
{{África/ha}}
[[Categoria:Substantivo (Hauçá)]]
[[Categoria:Entrada com imagem (Hauçá)]]
={{-hif-}}=
==Substantivo==
'''Gabon''', {{gramática|pr}}
# {{escopo|hif|País}} [[Gabão]]
==Ver também==
===No Wikcionário===
{{África/hif}}
[[Categoria:Substantivo (Hindi Fijiano)]]
[[Categoria:Entrada com imagem (Hindi Fijiano)]]
={{-nl-}}=
==Substantivo==
'''Gabon''', {{gramática|pr}}
# {{escopo|nl|País}} [[Gabão]]
==Ver também==
===No Wikcionário===
{{África/nl}}
[[Categoria:Substantivo (Holandês)]]
[[Categoria:Entrada com imagem (Holandês)]]
={{-hu-}}=
==Substantivo==
'''Gabon''', {{gramática|pr}}
# {{escopo|hu|País}} [[Gabão]]
==Ver também==
===No Wikcionário===
{{África/hu}}
[[Categoria:Substantivo (Húngaro)]]
[[Categoria:Entrada com imagem (Húngaro)]]
={{-ig-}}=
==Substantivo==
'''Gabon''', {{gramática|pr}}
# {{escopo|ig|País}} [[Gabão]]
==Ver também==
===No Wikcionário===
{{África/ig}}
[[Categoria:Substantivo (Ibo)]]
[[Categoria:Entrada com imagem (Ibo)]]
={{-io-}}=
==Substantivo==
'''Gabon''', {{gramática|pr}}
# {{escopo|io|País}} [[Gabão]]
==Ver também==
===No Wikcionário===
{{África/io}}
[[Categoria:Substantivo (Ido)]]
[[Categoria:Entrada com imagem (Ido)]]
={{-ilo-}}=
==Substantivo==
'''Gabon''', {{gramática|pr}}
# {{escopo|ilo|País}} [[Gabão]]
==Ver também==
===No Wikcionário===
{{África/ilo}}
[[Categoria:Substantivo (Ilocano)]]
[[Categoria:Entrada com imagem (Ilocano)]]
={{-id-}}=
==Substantivo==
'''Gabon''', {{gramática|pr}}
# {{escopo|id|País}} [[Gabão]]
==Ver também==
===No Wikcionário===
{{África/id}}
[[Categoria:Substantivo (Indonésio)]]
[[Categoria:Entrada com imagem (Indonésio)]]
={{-ang-}}=
==Substantivo==
'''Gabon''', {{gramática|pr}}
# {{escopo|ang|País}} [[Gabão]]
==Ver também==
===No Wikcionário===
{{África/ang}}
[[Categoria:Substantivo (Inglês Antigo)]]
[[Categoria:Entrada com imagem (Inglês Antigo)]]
={{-en-}}=
==Substantivo==
'''Gabon''', {{gramática|pr}}
# {{escopo|en|País}} [[Gabão]]
==Ver também==
===No Wikcionário===
{{África/en}}
[[Categoria:Substantivo (Inglês)]]
[[Categoria:Entrada com imagem (Inglês)]]
={{-ia-}}=
==Substantivo==
'''Gabon''', {{gramática|pr}}
# {{escopo|ia|País}} [[Gabão]]
==Ver também==
===No Wikcionário===
{{África/ia}}
[[Categoria:Substantivo (Interlíngua)]]
[[Categoria:Entrada com imagem (Interlíngua)]]
={{-ie-}}=
==Substantivo==
'''Gabon''', {{gramática|pr}}
# {{escopo|ie|País}} [[Gabão]]
==Ver também==
===No Wikcionário===
{{África/ie}}
[[Categoria:Substantivo (Interlíngue)]]
[[Categoria:Entrada com imagem (Interlíngue)]]
={{-yo-}}=
==Substantivo==
'''Gabon''', {{gramática|pr}}
# {{escopo|yo|País}} [[Gabão]]
==Ver também==
===No Wikcionário===
{{África/yo}}
[[Categoria:Substantivo (Iorubá)]]
[[Categoria:Entrada com imagem (Iorubá)]]
={{-is-}}=
==Substantivo==
'''Gabon''', {{gramática|pr}}
# {{escopo|is|País}} [[Gabão]]
==Ver também==
===No Wikcionário===
{{África/is}}
[[Categoria:Substantivo (Islandês)]]
[[Categoria:Entrada com imagem (Islandês)]]
={{-it-}}=
==Substantivo==
'''Gabon''', {{gramática|pr}}
# {{escopo|it|País}} [[Gabão]]
==Ver também==
===No Wikcionário===
{{África/it}}
[[Categoria:Substantivo (Italiano)]]
[[Categoria:Entrada com imagem (Italiano)]]
={{-jv-}}=
==Substantivo==
'''Gabon''', {{gramática|pr}}
# {{escopo|jv|País}} [[Gabão]]
==Ver também==
===No Wikcionário===
{{África/jv}}
[[Categoria:Substantivo (Javanês)]]
[[Categoria:Entrada com imagem (Javanês)]]
={{-ki-}}=
==Substantivo==
'''Gabon''', {{gramática|pr}}
# {{escopo|ki|País}} [[Gabão]]
==Ver também==
===No Wikcionário===
{{África/ki}}
[[Categoria:Substantivo (Kikuyo)]]
[[Categoria:Entrada com imagem (Kikuyo)]]
={{-lld-}}=
==Substantivo==
'''Gabon''', {{gramática|pr}}
# {{escopo|lld|País}} [[Gabão]]
==Ver também==
===No Wikcionário===
{{África/lld}}
[[Categoria:Substantivo (Ladino Dolomita)]]
[[Categoria:Entrada com imagem (Ladino Dolomita)]]
={{-lad-}}=
==Substantivo==
'''Gabon''', {{gramática|pr}}
# {{escopo|lad|País}} [[Gabão]]
==Ver também==
===No Wikcionário===
{{África/lad}}
[[Categoria:Substantivo (Ladino)]]
[[Categoria:Entrada com imagem (Ladino)]]
={{-la-}}=
==Substantivo==
'''Gabon''', {{gramática|pr}}
# {{escopo|la|País}} [[Gabão]]
==Ver também==
===No Wikcionário===
{{África/la}}
[[Categoria:Substantivo (Latim)]]
[[Categoria:Entrada com imagem (Latim)]]
={{-li-}}=
==Substantivo==
'''Gabon''', {{gramática|pr}}
# {{escopo|li|País}} [[Gabão]]
==Ver também==
===No Wikcionário===
{{África/li}}
[[Categoria:Substantivo (Limburguês)]]
[[Categoria:Entrada com imagem (Limburguês)]]
={{-lfn-}}=
==Substantivo==
'''Gabon''', {{gramática|pr}}
# {{escopo|lfn|País}} [[Gabão]]
==={{-varort-}}===
* '''Alfabeto cirílico''': {{l.s.|Габон|{{lfn}}}}
==Ver também==
===No Wikcionário===
{{África/lfn}}
[[Categoria:Substantivo (Língua Franca Nova)]]
[[Categoria:Entrada com imagem (Língua Franca Nova)]]
={{-olo-}}=
==Substantivo==
'''Gabon''', {{gramática|pr}}
# {{escopo|olo|País}} [[Gabão]]
==Ver também==
===No Wikcionário===
{{África/olo}}
[[Categoria:Substantivo (Livicoviano)]]
[[Categoria:Entrada com imagem (Livicoviano)]]
={{-lmo-}}=
==Substantivo==
'''Gabon''', {{gramática|pr}}
# {{escopo|lmo|País}} [[Gabão]]
==Ver também==
===No Wikcionário===
{{África/lmo}}
[[Categoria:Substantivo (Lombardo)]]
[[Categoria:Entrada com imagem (Lombardo)]]
={{-lg-}}=
==Substantivo==
'''Gabon''', {{gramática|pr}}
# {{escopo|lg|País}} [[Gabão]]
==Ver também==
===No Wikcionário===
{{África/lg}}
[[Categoria:Substantivo (Luganda)]]
[[Categoria:Entrada com imagem (Luganda)]]
={{-ms-}}=
==Substantivo==
'''Gabon''', {{gramática|pr}}
# {{escopo|ms|País}} [[Gabão]]
==Ver também==
===No Wikcionário===
{{África/ms}}
[[Categoria:Substantivo (Malaio)]]
[[Categoria:Entrada com imagem (Malaio)]]
={{-mg-}}=
==Substantivo==
'''Gabon''', {{gramática|pr}}
# {{escopo|mg|País}} [[Gabão]]
==Ver também==
===No Wikcionário===
{{África/mg}}
[[Categoria:Substantivo (Malgaxe)]]
[[Categoria:Entrada com imagem (Malgaxe)]]
={{-mt-}}=
==Substantivo==
'''Gabon''', {{gramática|pr}}
# {{escopo|mt|País}} [[Gabão]]
==Ver também==
===No Wikcionário===
{{África/mt}}
[[Categoria:Substantivo (Maltês)]]
[[Categoria:Entrada com imagem (Maltês)]]
={{-gv-}}=
==Substantivo==
'''Gabon''', {{gramática|pr}}
# {{escopo|gv|País}} [[Gabão]]
==Ver também==
===No Wikcionário===
{{África/gv}}
[[Categoria:Substantivo (Manquês)]]
[[Categoria:Entrada com imagem (Manquês)]]
={{-cdo-}}=
==Substantivo==
'''Gabon''', {{gramática|pr}}
# {{escopo|cdo|País}} [[Gabão]]
==Ver também==
===No Wikcionário===
{{África/cdo}}
[[Categoria:Substantivo (Min Dong)]]
[[Categoria:Entrada com imagem (Min Dong)]]
={{-nan-}}=
==Substantivo==
'''Gabon''', {{gramática|pr}}
# {{escopo|nan|País}} [[Gabão]]
==Ver também==
===No Wikcionário===
{{África/nan}}
[[Categoria:Substantivo (Min Nan)]]
[[Categoria:Entrada com imagem (Min Nan)]]
={{-min-}}=
==Substantivo==
'''Gabon''', {{gramática|pr}}
# {{escopo|min|País}} [[Gabão]]
==Ver também==
===No Wikcionário===
{{África/min}}
[[Categoria:Substantivo (Minangkabau)]]
[[Categoria:Entrada com imagem (Minangkabau)]]
={{-mwl-}}=
==Substantivo==
'''Gabon''', {{gramática|pr}}
# {{escopo|mwl|País}} [[Gabão]]
==Ver também==
===No Wikcionário===
{{África/mwl}}
[[Categoria:Substantivo (Mirandês)]]
[[Categoria:Entrada com imagem (Mirandês)]]
={{-pih-}}=
==Substantivo==
'''Gabon''', {{gramática|pr}}
# {{escopo|pih|País}} [[Gabão]]
==Ver também==
===No Wikcionário===
{{África/pih}}
[[Categoria:Substantivo (Norfuk)]]
[[Categoria:Entrada com imagem (Norfuk)]]
={{-roa-nor-}}=
==Substantivo==
'''Gabon''', {{gramática|pr}}
# {{escopo|roa-nor|País}} [[Gabão]]
==Ver também==
===No Wikcionário===
{{África/roa-nor}}
[[Categoria:Substantivo (Normando)]]
[[Categoria:Entrada com imagem (Normando)]]
={{-no-}}=
==Substantivo==
'''Gabon''', {{gramática|pr}}
# {{escopo|no|País}} [[Gabão]]
==Ver também==
===No Wikcionário===
{{África/no}}
[[Categoria:Substantivo (Norueguês)]]
[[Categoria:Entrada com imagem (Norueguês)]]
={{-nov-}}=
==Substantivo==
'''Gabon''', {{gramática|pr}}
# {{escopo|nov|País}} [[Gabão]]
==Ver também==
===No Wikcionário===
{{África/nov}}
[[Categoria:Substantivo (Novial)]]
[[Categoria:Entrada com imagem (Novial)]]
={{-nn-}}=
==Substantivo==
'''Gabon''', {{gramática|pr}}
# {{escopo|nn|País}} [[Gabão]]
==Ver também==
===No Wikcionário===
{{África/nn}}
[[Categoria:Substantivo (Novo Norueguês)]]
[[Categoria:Entrada com imagem (Novo Norueguês)]]
={{-oc-}}=
==Substantivo==
'''Gabon''', {{gramática|pr}}
# {{escopo|oc|País}} [[Gabão]]
==Ver também==
===No Wikcionário===
{{África/oc}}
[[Categoria:Substantivo (Occitano)]]
[[Categoria:Entrada com imagem (Occitano)]]
={{-pam-}}=
==Substantivo==
'''Gabon''', {{gramática|pr}}
# {{escopo|pam|País}} [[Gabão]]
==Ver também==
===No Wikcionário===
{{África/pam}}
[[Categoria:Substantivo (Pampangan)]]
[[Categoria:Entrada com imagem (Pampangan)]]
={{-pap-}}=
==Substantivo==
'''Gabon''', {{gramática|pr}}
# {{escopo|pap|País}} [[Gabão]]
==Ver também==
===No Wikcionário===
{{África/pap}}
[[Categoria:Substantivo (Papiamento)]]
[[Categoria:Entrada com imagem (Papiamento)]]
={{-pcd-}}=
==Substantivo==
'''Gabon''', {{gramática|pr}}
# {{escopo|pcd|País}} [[Gabão]]
==Ver também==
===No Wikcionário===
{{África/pcd}}
[[Categoria:Substantivo (Picardo)]]
[[Categoria:Entrada com imagem (Picardo)]]
={{-pl-}}=
==Substantivo==
{{paroxítona|Ga|bon|lang=pl}}, {{gramática|m}} ''inanimado'', {{gramática|pr}}
# {{escopo|pl|País}} [[Gabão]]
# {{tradex|pl|Stolicą '''Gabonu''' jest Libreville.|A capital do Gabão é Libreville.}}
# {{tradex|pl|Ogowe jest najdłuższą rzeką '''Gabonu'''.|O Ogoué é o mais longo rio do Gabão.}}
===Sinônimos===
* {{link opcional|Republika Gabońska|pl}} (''nome oficial'')
==Ver também==
===No Wikcionário===
{{verTambém.Ini}}
* {{link opcional|Gabończyk|pl}}
* {{link opcional|Gabonka|pl}}
{{verTambém.NovaColuna|33}}
* {{link opcional|gaboński|pl}}
{{verTambém.NovaColuna|33}}
* {{link opcional|Libreville|pl}}
{{verTambém.Fim}}
{{África/pl}}
[[Categoria:Substantivo (Polonês)]]
[[Categoria:Entrada com imagem (Polonês)]]
={{-rmy-}}=
==Substantivo==
'''Gabon''', {{gramática|pr}}
# {{escopo|rmy|País}} [[Gabão]]
==Ver também==
===No Wikcionário===
{{África/rmy}}
[[Categoria:Substantivo (Romani Vlax)]]
[[Categoria:Entrada com imagem (Romani Vlax)]]
={{-rom-}}=
==Substantivo==
'''Gabon''', {{gramática|pr}}
# {{escopo|rom|País}} [[Gabão]]
==Ver também==
===No Wikcionário===
{{África/rom}}
[[Categoria:Substantivo (Romani)]]
[[Categoria:Entrada com imagem (Romani)]]
={{-ro-}}=
==Substantivo==
'''Gabon''', {{gramática|pr}}
# {{escopo|ro|País}} [[Gabão]]
==={{-varort-}}===
* [[Republica Gaboneză]]
* '''Alfabeto cirílico''': {{escopo2|moldavo}} {{l.s.|Габон|{{mo}}}} ''(Somente na Transnístria)''
==Ver também==
===No Wikcionário===
{{África/ro}}
[[Categoria:Substantivo (Romeno)]]
[[Categoria:Entrada com imagem (Romeno)]]
={{-rw-}}=
==Substantivo==
'''Gabon''', {{gramática|pr}}
# {{escopo|rw|País}} [[Gabão]]
==Ver também==
===No Wikcionário===
{{África/rw}}
[[Categoria:Substantivo (Ruanda)]]
[[Categoria:Entrada com imagem (Ruanda)]]
={{-rn-}}=
==Substantivo==
'''Gabon''', {{gramática|pr}}
# {{escopo|rn|País}} [[Gabão]]
==Ver também==
===No Wikcionário===
{{África/rn}}
[[Categoria:Substantivo (Rundi)]]
[[Categoria:Entrada com imagem (Rundi)]]
={{-se-}}=
==Substantivo==
'''Gabon''', {{gramática|pr}}
# {{escopo|se|País}} [[Gabão]]
==Ver também==
===No Wikcionário===
{{África/se}}
[[Categoria:Substantivo (Sami Setentrional)]]
[[Categoria:Entrada com imagem (Sami Setentrional)]]
={{-nso-}}=
==Substantivo==
'''Gabon''', {{gramática|pr}}
# {{escopo|nso|País}} [[Gabão]]
==Ver também==
===No Wikcionário===
{{África/nso}}
[[Categoria:Substantivo (Sepédi)]]
[[Categoria:Entrada com imagem (Sepédi)]]
={{-sh-}}=
==Substantivo==
'''Gabon''', {{gramática|pr}}
# {{escopo|sh|País}} [[Gabão]]
==Ver também==
===No Wikcionário===
{{África/sh}}
[[Categoria:Substantivo (Servocroata)]]
[[Categoria:Entrada com imagem (Servocroata)]]
={{-st-}}=
==Substantivo==
'''Gabon''', {{gramática|pr}}
# {{escopo|st|País}} [[Gabão]]
==Ver também==
===No Wikcionário===
{{África/st}}
[[Categoria:Substantivo (Sesoto)]]
[[Categoria:Entrada com imagem (Sesoto)]]
={{-scn-}}=
==Substantivo==
'''Gabon''', {{gramática|pr}}
# {{escopo|scn|País}} [[Gabão]]
==Ver também==
===No Wikcionário===
{{África/scn}}
[[Categoria:Substantivo (Siciliano)]]
[[Categoria:Entrada com imagem (Siciliano)]]
={{-szl-}}=
==Substantivo==
'''Gabon''', {{gramática|pr}}
# {{escopo|szl|País}} [[Gabão]]
==Ver também==
===No Wikcionário===
{{África/szl}}
[[Categoria:Substantivo (Silesiano)]]
[[Categoria:Entrada com imagem (Silesiano)]]
={{-so-}}=
==Substantivo==
'''Gabon''', {{gramática|pr}}
# {{escopo|so|País}} [[Gabão]]
==Ver também==
===No Wikcionário===
{{África/so}}
[[Categoria:Substantivo (Somali)]]
[[Categoria:Entrada com imagem (Somali)]]
={{-dsb-}}=
==Substantivo==
'''Gabon''', {{gramática|pr}}
# {{escopo|dsb|País}} [[Gabão]]
==Ver também==
===No Wikcionário===
{{África/dsb}}
[[Categoria:Substantivo (Sorábio Baixo)]]
[[Categoria:Entrada com imagem (Sorábio Baixo)]]
={{-sw-}}=
==Substantivo==
'''Gabon''', {{gramática|pr}}
# {{escopo|sw|País}} [[Gabão]]
==Ver também==
===No Wikcionário===
{{África/sw}}
[[Categoria:Substantivo (Suaíli)]]
[[Categoria:Entrada com imagem (Suaíli)]]
={{-sv-}}=
==Substantivo==
'''Gabon''', {{gramática|pr}}
# {{escopo|sv|País}} [[Gabão]]
==Ver também==
===No Wikcionário===
{{África/sv}}
[[Categoria:Substantivo (Sueco)]]
[[Categoria:Entrada com imagem (Sueco)]]
={{-su-}}=
==Substantivo==
'''Gabon''', {{gramática|pr}}
# {{escopo|su|País}} [[Gabão]]
==Ver também==
===No Wikcionário===
{{África/su}}
[[Categoria:Substantivo (Sundanês)]]
[[Categoria:Entrada com imagem (Sundanês)]]
={{-tl-}}=
==Substantivo==
'''Gabon''', {{gramática|pr}}
# {{escopo|tl|País}} [[Gabão]]
==Ver também==
===No Wikcionário===
{{África/tl}}
[[Categoria:Substantivo (Tagalo)]]
[[Categoria:Entrada com imagem (Tagalo)]]
={{-crh-}}=
==Substantivo==
'''Gabon''', {{gramática|pr}}
# {{escopo|crh|País}} [[Gabão]]
==Ver também==
===No Wikcionário===
{{África/crh}}
[[Categoria:Substantivo (Tártaro da Crimeia)]]
[[Categoria:Entrada com imagem (Tártaro da Crimeia)]]
={{-tpi-}}=
==Substantivo==
'''Gabon''', {{gramática|pr}}
# {{escopo|tpi|País}} [[Gabão]]
==Ver também==
===No Wikcionário===
{{África/tpi}}
[[Categoria:Substantivo (Tok Pisin)]]
[[Categoria:Entrada com imagem (Tok Pisin)]]
={{-ts-}}=
==Substantivo==
'''Gabon''', {{gramática|pr}}
# {{escopo|ts|País}} [[Gabão]]
==Ver também==
===No Wikcionário===
{{África/ts}}
[[Categoria:Substantivo (Tsonga)]]
[[Categoria:Entrada com imagem (Tsonga)]]
={{-tr-}}=
==Substantivo==
'''Gabon''', {{gramática|pr}}
# {{escopo|tr|País}} [[Gabão]]
==Ver também==
===No Wikcionário===
{{África/tr}}
[[Categoria:Substantivo (Turco)]]
[[Categoria:Entrada com imagem (Turco)]]
={{-tk-}}=
==Substantivo==
'''Gabon''', {{gramática|pr}}
# {{escopo|tk|País}} [[Gabão]]
==Ver também==
===No Wikcionário===
{{África/tk}}
[[Categoria:Substantivo (Turcomeno)]]
[[Categoria:Entrada com imagem (Turcomeno)]]
={{-uz-}}=
==Substantivo==
'''Gabon''', {{gramática|pr}}
# {{escopo|uz|País}} [[Gabão]]
==Ver também==
===No Wikcionário===
{{África/uz}}
[[Categoria:Substantivo (Uzbeque)]]
[[Categoria:Entrada com imagem (Uzbeque)]]
={{-wa-}}=
==Substantivo==
'''Gabon''', {{gramática|pr}}
# {{escopo|wa|País}} [[Gabão]]
==Ver também==
===No Wikcionário===
{{África/wa}}
[[Categoria:Substantivo (Valão)]]
[[Categoria:Entrada com imagem (Valão)]]
={{-vec-}}=
==Substantivo==
'''Gabon''', {{gramática|pr}}
# {{escopo|vec|País}} [[Gabão]]
==Ver também==
===No Wikcionário===
{{África/vec}}
[[Categoria:Substantivo (Vêneto)]]
[[Categoria:Entrada com imagem (Vêneto)]]
={{-vep-}}=
==Substantivo==
'''Gabon''', {{gramática|pr}}
# {{escopo|vep|País}} [[Gabão]]
==Ver também==
===No Wikcionário===
{{África/vep}}
[[Categoria:Substantivo (Vepso)]]
[[Categoria:Entrada com imagem (Vepso)]]
={{-vi-}}=
==Substantivo==
'''Gabon''', {{gramática|pr}}
# {{escopo|vi|País}} [[Gabão]]
==Ver também==
===No Wikcionário===
{{África/vi}}
[[Categoria:Substantivo (Vietnamita)]]
[[Categoria:Entrada com imagem (Vietnamita)]]
={{-vro-}}=
==Substantivo==
'''Gabon''', {{gramática|pr}}
# {{escopo|vro|País}} [[Gabão]]
==Ver também==
===No Wikcionário===
{{África/vro}}
[[Categoria:Substantivo (Võro)]]
[[Categoria:Entrada com imagem (Võro)]]
={{-war-}}=
==Substantivo==
'''Gabon''', {{gramática|pr}}
# {{escopo|war|País}} [[Gabão]]
==Ver também==
===No Wikcionário===
{{África/war}}
[[Categoria:Substantivo (Waray-Waray)]]
[[Categoria:Entrada com imagem (Waray-Waray)]]
={{-zea-}}=
==Substantivo==
'''Gabon''', {{gramática|pr}}
# {{escopo|zea|País}} [[Gabão]]
==Ver também==
===No Wikcionário===
{{África/zea}}
[[Categoria:Substantivo (Zelandês)]]
[[Categoria:Entrada com imagem (Zelandês)]]</text>
<sha1>irw4yupdgyxaot72m14400f86hmjstr</sha1>
</revision>
</page>
