<page>
<page>
<title>Gabono</title>
<ns>0</ns>
<id>131912</id>
<revision>
<id>2269480</id>
<parentid>2215478</parentid>
<timestamp>2017-04-26T17:58:41Z</timestamp>
<contributor>
<username>HydrizBot</username>
<id>29590</id>
</contributor>
<minor />
<comment>Robô: A limpar links interwikis antigos</comment>
<model>wikitext</model>
<format>text/x-wiki</format>
<text bytes="245" xml:space="preserve">={{-eo-}}=
{{Wikipédia|lang=eo}}
==Substantivo==
'''Gabono''', {{pr}}
#{{escopo|Geografia}} [[Gabão]]
===Variante===
*[[Respubliko Gabonana]]
==Ver também==
{{África/eo}}
[[Categoria:Substantivo (Esperanto)]]
[[Categoria:País (Esperanto)]]</text>
<sha1>kk7rokr4296eip5t3ij1vs809z7v19h</sha1>
</revision>
