<page>
<page>
<title>gabonesas</title>
<ns>0</ns>
<id>327481</id>
<revision>
<id>2352942</id>
<parentid>2179584</parentid>
<timestamp>2017-05-02T20:19:58Z</timestamp>
<contributor>
<username>HydrizBot</username>
<id>29590</id>
</contributor>
<minor />
<comment>Robô: A limpar links interwikis antigos</comment>
<model>wikitext</model>
<format>text/x-wiki</format>
<text bytes="318" xml:space="preserve">={{-pt-}}=
==Forma de adjetivo==
{{paroxítona|ga|bo|ne|sas}}, {{f}}
# feminino plural de [[gabonês]]
==Forma de substantivo==
{{paroxítona|ga|bo|ne|sas}}, {{f}}
# feminino plural de [[gabonês]]
{{avi-for-fle|gabonês}}
[[Categoria:Forma de adjetivo (Português)]]
[[Categoria:Forma de substantivo (Português)]]</text>
<sha1>ks63fi34t56og8wdwbmhisud14jk7h3</sha1>
</revision>
