<page>
<title>gabonenses</title>
<ns>0</ns>
<id>327485</id>
<revision>
<id>2352940</id>
<parentid>1896495</parentid>
<timestamp>2017-05-02T20:19:52Z</timestamp>
<contributor>
<username>HydrizBot</username>
<id>29590</id>
</contributor>
<minor />
<comment>Robô: A limpar links interwikis antigos</comment>
<model>wikitext</model>
<format>text/x-wiki</format>
<text bytes="309" xml:space="preserve">={{-pt-}}=
==Forma de adjetivo==
{{paroxítona|ga|bo|nen|ses}}, {{c2g}}
# plural de [[gabonense]]
==Forma de substantivo==
{{paroxítona|ga|bo|nen|ses}}, {{c2g}}
# plural de [[gabonense]]
{{avi-for-fle|gabonense}}
[[Categoria:Forma de adjetivo (Português)]]
[[Categoria:Forma de substantivo (Português)]]</text>
<sha1>5ccygnnypemf87vzs9v4fmnq3zmfpor</sha1>
</revision>
</page>
