<page>
<title>gaboneses</title>
<ns>0</ns>
<id>327482</id>
<revision>
<id>2352943</id>
<parentid>2179583</parentid>
<timestamp>2017-05-02T20:20:01Z</timestamp>
<contributor>
<username>HydrizBot</username>
<id>29590</id>
</contributor>
<minor />
<comment>Robô: A limpar links interwikis antigos</comment>
<model>wikitext</model>
<format>text/x-wiki</format>
<text bytes="300" xml:space="preserve">={{-pt-}}=
==Forma de adjetivo==
{{paroxítona|ga|bo|ne|ses}}, {{m}}
# plural de [[gabonês]]
==Forma de substantivo==
{{paroxítona|ga|bo|ne|ses}}, {{m}}
# plural de [[gabonês]]
{{avi-for-fle|gabonês}}
[[Categoria:Forma de adjetivo (Português)]]
[[Categoria:Forma de substantivo (Português)]]</text>
<sha1>66t9cjr6lm4629qg6e52ky6ayl9q935</sha1>
</revision>
</page>
