<page>
<page>
<title>Gabonas</title>
<ns>0</ns>
<id>99111</id>
<revision>
<id>2269477</id>
<parentid>2010059</parentid>
<timestamp>2017-04-26T17:58:34Z</timestamp>
<contributor>
<username>HydrizBot</username>
<id>29590</id>
</contributor>
<minor />
<comment>Robô: A limpar links interwikis antigos</comment>
<model>wikitext</model>
<format>text/x-wiki</format>
<text bytes="692" xml:space="preserve">[[Imagem:Flag of Gabon.svg|thumb|175px|'''Gabonas''']]
={{-lt-}}=
==Substantivo==
'''Ga.bo.nas''' {{m}}, {{pr}}
# {{escopo|Geografia}} [[Gabão]].
===Declinação===
{{decl.lt.subst.masc.1.sing|Gabon}}
===Sinónimos===
* {{link opcional|Gabono Respublika|lt}} (''[[nome]] [[oficial]]'')
===Verbetes derivados===
{{verTambém.Ini}}
* {{link opcional|gabonietis|lt}}
* {{link opcional|gabonietė|lt}}
{{verTambém.Fim}}
==Ver também==
===No Wikcionário===
{{verTambém.Ini}}
* {{link opcional|Librevilis|lt}}
{{verTambém.Fim}}
{{África/lt}}
[[Categoria:Substantivo (Lituano)]]
[[Categoria:Trissílabo (Lituano)]]
[[Categoria:País (Lituano)]]
[[Categoria:Entrada com imagem (Lituano)]]</text>
<sha1>8xg3o2jy1jeypqi8zchr3mydiusavcp</sha1>
</revision>
