<page>
<page>
<title>Gabonia</title>
<ns>0</ns>
<id>146078</id>
<revision>
<id>2269479</id>
<parentid>1730359</parentid>
<timestamp>2017-04-26T17:58:38Z</timestamp>
<contributor>
<username>HydrizBot</username>
<id>29590</id>
</contributor>
<minor />
<comment>Robô: A limpar links interwikis antigos</comment>
<model>wikitext</model>
<format>text/x-wiki</format>
<text bytes="198" xml:space="preserve">={{-la-}}=
{{Wikipédia|lang=la}}
==Substantivo==
'''Gabonia''', {{pr}}
#{{escopo|Geografia}} [[Gabão]]
==Ver também==
{{África/la}}
[[Categoria:Substantivo (Latim)]]
[[Categoria:País (Latim)]]</text>
<sha1>os1bdxcluijyz87k5h8qszukreqwh48</sha1>
</revision>
