<page>
<title>Gabriéis</title>
<ns>0</ns>
<id>327242</id>
<revision>
<id>2667062</id>
<parentid>2667061</parentid>
<timestamp>2022-03-21T00:08:53Z</timestamp>
<contributor>
<username>ValJor</username>
<id>1358</id>
</contributor>
<minor />
<comment>Revertidas edições por [[Especial:Contribuições/177.56.178.148|177.56.178.148]] para a última versão por [[Especial:Contribuições/DARIO SEVERI|DARIO SEVERI]]</comment>
<model>wikitext</model>
<format>text/x-wiki</format>
<text bytes="180" xml:space="preserve">={{-pt-}}=
==Forma de substantivo==
{{oxítona|Ga|bri|éis}}, {{gramática|pr|mp}}
# plural de [[Gabriel]]
{{avi-for-fle|Gabriel}}
[[Categoria:Forma de substantivo (Português)]]</text>
<sha1>gsu1w4apgts41dnnc5znoh0n5fzr4g2</sha1>
</revision>
</page>
