<page>
<title>Gabriels</title>
<ns>0</ns>
<id>385752</id>
<revision>
<id>2460197</id>
<parentid>2460196</parentid>
<timestamp>2017-11-10T09:29:15Z</timestamp>
<contributor>
<username>MIL973</username>
<id>41339</id>
</contributor>
<model>wikitext</model>
<format>text/x-wiki</format>
<text bytes="400" xml:space="preserve">={{-fr-}}=
==Forma de substantivo==
'''Gabriels''', {{gramática|pr|mp|lang=fr}}
# plural de [[Gabriel#{{fr}}|Gabriel]]
{{avi-for-fle|Gabriel|lang=fr}}
[[Categoria:Forma de substantivo (Francês)]]
={{-en-}}=
==Forma de substantivo==
'''Gabriels''', {{gramática|pr|mp|lang=en}}
# plural de [[Gabriel#{{en}}|Gabriel]]
{{avi-for-fle|Gabriel|lang=en}}
[[Categoria:Forma de substantivo (Inglês)]]</text>
<sha1>ejn9v4sjusp1vgqc1djolkbr3rpq9fh</sha1>
</revision>
</page>
