<page>
<page>
<title>Gabrieles</title>
<ns>0</ns>
<id>327243</id>
<revision>
<id>2460192</id>
<parentid>2269486</parentid>
<timestamp>2017-11-10T09:18:50Z</timestamp>
<contributor>
<username>MIL973</username>
<id>41339</id>
</contributor>
<model>wikitext</model>
<format>text/x-wiki</format>
<text bytes="409" xml:space="preserve">={{-pt-}}=
==Forma de substantivo==
{{paroxítona|Ga|bri|e|les}}, {{gramática|pr|fp}}
# plural de [[Gabriele]]
{{avi-for-fle|Gabriele}}
[[Categoria:Forma de substantivo (Português)]]
={{-es-}}=
==Forma de substantivo==
{{paroxítona|Ga|brie|les|lang=es}}, {{gramática|pr|mp|lang=es}}
# plural de [[Gabriel#{{es}}|Gabriel]]
{{avi-for-fle|Gabriel|lang=es}}
[[Categoria:Forma de substantivo (Espanhol)]]</text>
<sha1>24fu9lwmwh1hirhhn837qp85fmw9h19</sha1>
</revision>
