<page>
<page>
<title>Gabriele</title>
<ns>0</ns>
<id>286349</id>
<revision>
<id>2503899</id>
<parentid>2460208</parentid>
<timestamp>2018-05-20T02:54:53Z</timestamp>
<contributor>
<username>MIL973</username>
<id>41339</id>
</contributor>
<model>wikitext</model>
<format>text/x-wiki</format>
<text bytes="1849" xml:space="preserve">{{Wikipédia|lang=it}}
={{-pt-}}=
==Substantivo==
{{flex.pt|fs=Gabriele|fp=Gabrieles}}
{{paroxítona|Ga|bri|e|le}}, {{gramática|pr|f}}
# {{escopo|pt|Antropônimo}} [[Apêndice:Prenomes em português|prenome]] feminino
==Ver também==
===No Wikcionário===
====Antropônimos====
{{colunas|2}}
* [[Gábria]]
* [[Gabriel]]
* [[Gabriela]]
* [[Gábrio]]
{{colunas/fim}}
====Apelidos====
* [[Gabi]]
[[Categoria:Substantivo (Português)]]
={{-it-}}=
==Substantivo==
{{paroxítona|Ga|brie|le|lang=it}}, {{gramática|pr|m|lang=it}}
# {{escopo|it|Antropônimo}} [[Gabriel]]
# {{escopo|pt|Catolicismo|cristianismo|religião}} [[anjo]] [[bíblico]]
==={{-varort-}}===
{{colunas|2}}
* [[Gabo#{{it}}|Gabo]]
* [[Gabbo#{{it}}|Gabbo]]
* [[Gabbriele#{{it}}|Gabbriele]]
* [[Gabbriello#{{it}}|Gabbriello]]
* [[Gabriellino#{{it}}|Gabriellino]]
* [[Gabriello#{{it}}|Gabriello]]
* [[Gabrio#{{it}}|Gabrio]]
* [[Lele#{{it}}|Lele]]
{{colunas/fim}}
=={{etimologia|it}}==
: Do [[latim]] {{etimo|la|Gabriel}}, que veio do [[grego antigo]] {{etimo|el|Γαβριήλ}} (Gavrií̱l) que, por sua vez, veio do [[hebraico]] {{etimo|he|גבריאל}} (Gavriel). Significa ''varão de Deus''.
==Ver também==
===No Wikcionário===
====Antropônimos====
{{colunas|3}}
* [[Gabo#{{it}}|Gabo]]
* [[Gabbo#{{it}}|Gabbo]]
* [[Gabria#{{it}}|Gabria]]
* [[Gabbriele#{{it}}|Gabbriele]]
* [[Gabbriella#{{it}}|Gabbriella]]
* [[Gabbriello#{{it}}|Gabbriello]]
* [[Gabriela#{{it}}|Gabriela]]
* [[Gabrielina#{{it}}|Gabrielina]]
* [[Gabriella#{{it}}|Gabriella]]
* [[Gabriellino#{{it}}|Gabriellino]]
* [[Gabriello#{{it}}|Gabriello]]
* [[Gabrio#{{it}}|Gabrio]]
* [[Lele#{{it}}|Lele]]
{{colunas/fim}}
[[Categoria:Substantivo (Italiano)]]
[[Categoria:Entrada de étimo grego antigo (Italiano)]]
[[Categoria:Entrada de étimo hebraico (Italiano)]]
[[Categoria:Entrada de étimo latino (Italiano)]]</text>
<sha1>8cc8k8eiazd6y8qn6jumxgfbz88c5gu</sha1>
</revision>
