<page>
<page>
<title>Gabriel</title>
<ns>0</ns>
<id>33359</id>
<revision>
<id>2681377</id>
<parentid>2681375</parentid>
<timestamp>2022-06-21T15:18:37Z</timestamp>
<contributor>
<username>Wilhelm Seifer</username>
<id>85860</id>
</contributor>
<comment>Desfeita a edição 2681375 de 189.106.101.2 ([[Utilizador Discussão:189.106.101.2|discussão]] | [[Special:Contributions/189.106.101.2|contribuições]])</comment>
<model>wikitext</model>
<format>text/x-wiki</format>
<text bytes="9636" xml:space="preserve">{{Wikipédia}}
{{Wikipédia|lang=de}}
{{Wikipédia|lang=cs}}
{{Wikipédia|lang=da}}
{{Wikipédia|lang=sl}}
{{Wikipédia|lang=es}}
{{Wikipédia|lang=fi}}
{{Wikipédia|lang=fr}}
{{Wikipédia|lang=en}}
{{Wikipédia|lang=is}}
{{Wikipédia|lang=la}}
{{Wikipédia|lang=no}}
{{Wikipédia|lang=pl}}
{{Wikipédia|lang=sv}}
={{-pt-}}=
==Substantivo==
{{flex.pt|ms=Gabriel|mp=Gabriéis}}
{{oxítona|Ga|bri|el}}, {{gramática|pr|m}}
# {{escopo|pt|Antropônimo}} [[Apêndice:Prenomes em português|prenome]] de homem
# {{escopo|pt|Catolicismo|cristianismo|religião}} segundo a [[mitologia]] [[cristão|cristã]], é o anjo que anunciou a [[Maria]] a [[Imaculada Conceição]]
===Tradução===
{{tradini}}
* {{trad|de|Gabriel}}
* {{trad|ar|جبريل|جبرائيل}} (djibril), (djibrail)
* {{trad|hy|Գաբրիել}} (Gabriel)
* {{trad|cs|Gabriel}}
* {{trad|da|Gabriel}}
* {{trad|sl|Gabriel}}
* {{trad|es|Gabriel|Gavriel}}
* {{trad|eo|Gabrielo}}
* {{trad|fi|Gabriel|Kaapo|Kaapro}}
* {{trad|fr|Gabriel}}
* {{trad|el|Γαβριήλ}} (Gavrií̱l)
* {{trad|grc|Γαβριήλ}} (Gavrií̱l)
* {{trad|he|גבריאל}} (Gavriel)
* {{trad|nl|Gabriël}}
{{tradmeio}}
* {{trad|hu|Gábor}}
* {{trad|yi|גאַבריעל}} (Gʼabryʻl)
* {{trad|en|Gabriel}}
* {{trad|is|Gabriel}}
* {{trad|it|Gabriele}}
* {{trad|ja|ガブリエル}} (Gaburieru)
* {{trad|la|Gabriel}}
* {{trad|mk|Гаврил}} (Gavril)
* {{trad|mt|Gabrijel}}
* {{trad|no|Gabriel}}
* {{trad|ru|Гавриил}} (Gavriil)
* {{trad|sv|Gabriel}}
* {{trad|tr|Cebrâîl}}
{{tradfim}}
=={{etimologia|pt}}==
{{llietimo|la|Gabriel|pt|ponto=não}} que veio do {{etm|grc|pt}} {{etimo|grc|Γαβριήλ}} (Gavrií̱l) que, por sua vez, veio do {{etm|hbo|pt}} {{etimo|hbo|גבריאל}}  (Gavriel). Significa ''varão de Deus''.
==Ver também==
===No Wikcionário===
====Antropônimos====
{{colunas|2}}
* [[Gábria]]
* [[Gabriela]]
* [[Gabriele]]
* [[Gábrio]]
{{colunas/fim}}
====Wikisaurus====
* [[Wikisaurus:religião|religião]]
[[Categoria:Substantivo (Português)]]
={{-de-}}=
==Substantivo==
'''Gabriel''', {{gramática|pr|m|lang=de}}
# {{escopo|de|Antropônimo}} [[Gabriel#{{pt}}|Gabriel]]
# {{escopo|de|Catolicismo|cristianismo|religião}} [[Gabriel#{{pt}}|Gabriel]]
=={{etimologia|de}}==
{{llietimo|la|Gabriel|de|ponto=não}} que veio do {{etm|grc|de}} {{etimo|grc|Γαβριήλ}} (Gavrií̱l) que, por sua vez, veio do {{etm|hbo|de}} {{etimo|hbo|גבריאל}}  (Gavriel). Significa ''varão de Deus''.
==Ver também==
===No Wikcionário===
====Antropônimos====
* [[Gabriele#{{de}}|Gabriele]]
[[Categoria:Substantivo (Alemão)]]
={{-cs-}}=
==Substantivo==
'''Gabriel''', {{gramática|pr|m|lang=cs}}
# {{escopo|de|Antropônimo}} [[Gabriel#{{pt}}|Gabriel]]
# {{escopo|de|Catolicismo|cristianismo|religião}} [[Gabriel#{{pt}}|Gabriel]]
=={{etimologia|cs}}==
{{llietimo|la|Gabriel|cs|ponto=não}} que veio do {{etm|grc|cs}} {{etimo|grc|Γαβριήλ}} (Gavrií̱l) que, por sua vez, veio do {{etm|hbo|cs}} {{etimo|hbo|גבריאל}}  (Gavriel). Significa ''varão de Deus''.
[[Categoria:Substantivo (Checo)]]
={{-da-}}=
==Substantivo==
'''Gabriel''', {{gramática|pr|m|lang=da}}
# {{escopo|da|Antropônimo}} [[Gabriel#{{pt}}|Gabriel]]
# {{escopo|da|Catolicismo|cristianismo|religião}} [[Gabriel#{{pt}}|Gabriel]]
=={{etimologia|da}}==
{{llietimo|la|Gabriel|da|ponto=não}} que veio do {{etm|grc|da}} {{etimo|grc|Γαβριήλ}} (Gavrií̱l) que, por sua vez, veio do {{etm|hbo|da}} {{etimo|hbo|גבריאל}}  (Gavriel). Significa ''varão de Deus''.
[[Categoria:Substantivo (Dinamarquês)]]
={{-sl-}}=
==Substantivo==
'''Gabriel''', {{gramática|pr|m|lang=sl}}
# {{escopo|sl|Antropônimo}} [[Gabriel#{{pt}}|Gabriel]]
# {{escopo|sl|Catolicismo|cristianismo|religião}} [[Gabriel#{{pt}}|Gabriel]]
{{decl.sl.subst|Gabriel|Gabriela|Gabrielu|Gabriela|Gabrielu|Gabrielom|Gabriela|Gabrielov|Gabrieloma|Gabriela|Gabrielih|Gabrieloma|Gabrieli|Gabrielov|Gabrielom|Gabriele|Gabrielih|Gabrieli}}
=={{etimologia|sl}}==
{{llietimo|la|Gabriel|sl|ponto=não}} que veio do {{etm|grc|sl}} {{etimo|grc|Γαβριήλ}} (Gavrií̱l) que, por sua vez, veio do {{etm|hbo|sl}} {{etimo|hbo|גבריאל}}  (Gavriel). Significa ''varão de Deus''.
[[Categoria:Substantivo (Esloveno)]]
={{-es-}}=
==Substantivo==
{{flex.es|ms=Gabriel|mp=Gabrieles}}
{{oxítona|Ga|briel|lang=es}}, {{gramática|pr|m|lang=es}}
# {{escopo|es|Antropônimo}} [[Gabriel#{{pt}}|Gabriel]]
# {{escopo|es|Catolicismo|cristianismo|religião}} [[Gabriel#{{pt}}|Gabriel]]
==={{-varort-}}===
* [[Gavriel#{{es}}|Gavriel]]
=={{etimologia|es}}==
{{llietimo|la|Gabriel|es|ponto=não}} que veio do {{etm|grc|es}} {{etimo|grc|Γαβριήλ}} (Gavrií̱l) que, por sua vez, veio do {{etm|hbo|es}} {{etimo|hbo|גבריאל}}  (Gavriel). Significa ''varão de Deus''.
=={{pronúncia|es}}==
* AFI: {{AFI|/`ɡɑːbrɪɛl/}}.
==Ver também==
===No Wikcionário===
====Antropônimos====
{{colunas|3}}
* [[Gabriela#{{es}}|Gabriela]]
* [[Gavriel#{{es}}|Gavriel]]
* [[Gavriela#{{es}}|Gavriela]]
{{colunas/fim}}
[[Categoria:Substantivo (Espanhol)]]
={{-fi-}}=
==Substantivo==
'''Gabriel''', {{gramática|pr|m|lang=fi}}
# {{escopo|fi|Antropônimo}} [[Gabriel#{{pt}}|Gabriel]]
# {{escopo|fi|Catolicismo|cristianismo|religião}} [[Gabriel#{{pt}}|Gabriel]]
==={{-varort-}}===
{{colunas|2}}
* [[Kaapo#{{fi}}|Kaapo]]
* [[Kaapro#{{fi}}|Kaapro]]
{{colunas/fim}}
=={{etimologia|fi}}==
{{llietimo|la|Gabriel|fi|ponto=não}} que veio do {{etm|grc|fi}} {{etimo|grc|Γαβριήλ}} (Gavrií̱l) que, por sua vez, veio do {{etm|hbo|fi}} {{etimo|hbo|גבריאל}}  (Gavriel). Significa ''varão de Deus''.
==Ver também==
===No Wikcionário===
====Antropônimos====
{{colunas|2}}
* [[Kaapo#{{fi}}|Kaapo]]
* [[Kaapro#{{fi}}|Kaapro]]
{{colunas/fim}}
[[Categoria:Substantivo (Finlandês)]]
={{-fr-}}=
==Substantivo==
{{flex.fr|ms=Gabriel|mp=Gabriels}}
'''Gabriel''', {{gramática|pr|m|lang=fr}}
# {{escopo|fr|Antropônimo}} [[Gabriel#{{pt}}|Gabriel]]
# {{escopo|fr|Catolicismo|cristianismo|religião}} [[Gabriel#{{pt}}|Gabriel]]
=={{etimologia|fr}}==
{{llietimo|la|Gabriel|fr|ponto=não}} que veio do {{etm|grc|fr}} {{etimo|grc|Γαβριήλ}} (Gavrií̱l) que, por sua vez, veio do {{etm|hbo|fr}} {{etimo|hbo|גבריאל}}  (Gavriel). Significa ''varão de Deus''.
=={{pronúncia|fr}}==
* AFI: {{AFI|/ɡa.bʁi.jɛl/}}.
==Ver também==
===No Wikcionário===
====Antropônimos====
{{colunas|2}}
* [[Gabrièla#{{fr}}|Gabrièla]]
* [[Gabrièle#{{fr}}|Gabrièle]]
* [[Gabriella#{{fr}}|Gabriella]]
* [[Gaby#{{fr}}|Gaby]]
{{colunas/fim}}
[[Categoria:Substantivo (Francês)]]
={{-en-}}=
==Substantivo==
{{flex.en|s=Gabriel|p=Gabriels}}
'''Gabriel''', {{gramática|pr|m|lang=en}}
# {{escopo|en|Antropônimo}} [[Gabriel#{{pt}}|Gabriel]]
# {{escopo|en|Catolicismo|cristianismo|religião}} [[Gabriel#{{pt}}|Gabriel]]
=={{etimologia|en}}==
{{llietimo|la|Gabriel|en|ponto=não}} que veio do {{etm|grc|en}} {{etimo|grc|Γαβριήλ}} (Gavrií̱l) que, por sua vez, veio do {{etm|hbo|en}} {{etimo|hbo|גבריאל}}  (Gavriel). Significa ''varão de Deus''.
[[Categoria:Substantivo (Português)]]
={{-is-}}=
==Substantivo==
'''Gabriel''', {{gramática|pr|m|lang=is}}
# {{escopo|is|Antropônimo}} [[Gabriel#{{pt}}|Gabriel]]
# {{escopo|is|Catolicismo|cristianismo|religião}} [[Gabriel#{{pt}}|Gabriel]]
=={{etimologia|is}}==
{{llietimo|la|Gabriel|is|ponto=não}} que veio do {{etm|grc|is}} {{etimo|grc|Γαβριήλ}} (Gavrií̱l) que, por sua vez, veio do {{etm|hbo|is}} {{etimo|hbo|גבריאל}}  (Gavriel). Significa ''varão de Deus''.
[[Categoria:Substantivo (Islandês)]]
={{-la-}}=
==Substantivo==
'''Gabriel''', {{gramática|pr|m|lang=la}}
# {{escopo|la|Antropônimo}} [[Gabriel#{{pt}}|Gabriel]]
# {{escopo|la|Catolicismo|cristianismo|religião}} [[Gabriel#{{pt}}|Gabriel]]
{{decl.la.3a.sing|Gabriel}}
=={{etimologia|la}}==
{{llietimo|grc|Γαβριήλ|la|ponto=não}} (Gavrií̱l) que, por sua vez, veio do {{etm|hbo|la}} {{etimo|hbo|גבריאל}}  (Gavriel). Significa ''varão de Deus''.
[[Categoria:Substantivo (Latim)]]
={{-no-}}=
==Substantivo==
'''Gabriel''', {{gramática|pr|m|lang=no}}
# {{escopo|no|Antropônimo}} [[Gabriel#{{pt}}|Gabriel]]
# {{escopo|no|Catolicismo|cristianismo|religião}} [[Gabriel#{{pt}}|Gabriel]]
=={{etimologia|no}}==
{{llietimo|la|Gabriel|no|ponto=não}} que veio do {{etm|grc|no}} {{etimo|grc|Γαβριήλ}} (Gavrií̱l) que, por sua vez, veio do {{etm|hbo|no}} {{etimo|hbo|גבריאל}}  (Gavriel). Significa ''varão de Deus''.
[[Categoria:Substantivo (Norueguês)]]
={{-pl-}}=
==Substantivo==
'''Gabriel''', {{gramática|pr|m|lang=pl}}
# {{escopo|pl|Antropônimo}} [[Gabriel#{{pt}}|Gabriel]]
# {{escopo|pl|Catolicismo|cristianismo|religião}} [[Gabriel#{{pt}}|Gabriel]]
=={{etimologia|pl}}==
{{llietimo|la|Gabriel|pl|ponto=não}} que veio do {{etm|grc|pl}} {{etimo|grc|Γαβριήλ}} (Gavrií̱l) que, por sua vez, veio do {{etm|hbo|pl}} {{etimo|hbo|גבריאל}}  (Gavriel). Significa ''varão de Deus''.
=={{pronúncia|pl}}==
* AFI: {{AFI|/ˈɡabrʲjɛl/}}.
[[Categoria:Substantivo (Polonês)]]
={{-sv-}}=
==Substantivo==
'''Gabriel''', {{gramática|pr|m|lang=sv}}
# {{escopo|sv|Antropônimo}} [[Gabriel#{{pt}}|Gabriel]]
# {{escopo|sv|Catolicismo|cristianismo|religião}} [[Gabriel#{{pt}}|Gabriel]]
=={{etimologia|sv}}==
{{llietimo|la|Gabriel|sv|ponto=não}} que veio do {{etm|grc|sv}} {{etimo|grc|Γαβριήλ}} (Gavrií̱l) que, por sua vez, veio do {{etm|hbo|sv}} {{etimo|hbo|גבריאל}}  (Gavriel). Significa ''varão de Deus''.
==Ver também==
===No Wikcionário===
====Antropônimos====
* [[Gabriella#{{sv}}|Gabriella]]
[[Categoria:Substantivo (Sueco)]]</text>
<sha1>6zdyhbqor77mzoossreuga2p9n0lmhj</sha1>
</revision>
