<page>
<title>Gabun</title>
<ns>0</ns>
<id>124778</id>
<revision>
<id>2607717</id>
<parentid>2564830</parentid>
<timestamp>2021-01-09T21:38:56Z</timestamp>
<contributor>
<username>Amigo7</username>
<id>58547</id>
</contributor>
<comment>Substituindo a tag &lt;center&gt; pela predefinição {centro}</comment>
<model>wikitext</model>
<format>text/x-wiki</format>
<text bytes="1197" xml:space="preserve">{{Wikipédia|lang=de}}
{{Wikipédia|lang=qu}}
{{Wikipédia|lang=hsb}}
{{Wikipédia|lang=dsb}}
[[Imagem:Flag of Gabon.svg|thumb|right|250px|{{centro|Bandeira do Gabão}}]]
[[Imagem:LocationGabon.svg|thumb|right|250px|{{centro|Localização do Gabão}}]]
={{-de-}}=
==Substantivo==
'''Gabun''', {{gramática|pr}}
# {{escopo|de|País}} [[Gabão]]
==Ver também==
===No Wikcionário===
{{África/de}}
[[Categoria:Substantivo (Alemão)]]
[[Categoria:Entrada com imagem (Alemão)]]
={{-qu-}}=
==Substantivo==
'''Gabun''', {{gramática|pr}}
# {{escopo|qu|País}} [[Gabão]]
==Ver também==
===No Wikcionário===
{{África/qu}}
[[Categoria:Substantivo (Quéchua)]]
[[Categoria:Entrada com imagem (Quéchua)]]
={{-hsb-}}=
==Substantivo==
'''Gabun''', {{gramática|m|pr}}
# {{escopo|hsb|País}} [[Gabão]]
==Ver também==
===No Wikcionário===
{{África/hsb}}
[[Categoria:Substantivo (Sorábio Alto)]]
[[Categoria:Entrada com imagem (Sorábio Alto)]]
={{-dsb-}}=
==Substantivo==
'''Gabun''', {{gramática|m|pr}}
# {{escopo|dsb|País}} [[Gabão]]
==Ver também==
===No Wikcionário===
{{África/dsb}}
[[Categoria:Substantivo (Sorábio Baixo)]]
[[Categoria:Entrada com imagem (Sorábio Baixo)]]</text>
<sha1>6qe6r0mej286krjrqartodkaid7sreg</sha1>
</revision>
</page>
