<page>
<title>gabuço</title>
<ns>0</ns>
<id>359353</id>
<revision>
<id>2103236</id>
<parentid>2103231</parentid>
<timestamp>2016-05-24T19:42:49Z</timestamp>
<contributor>
<username>Cpls</username>
<id>20608</id>
</contributor>
<comment>/* {{-gl-}} */</comment>
<model>wikitext</model>
<format>text/x-wiki</format>
<text bytes="429" xml:space="preserve">={{-gl-}}=
==Substantivo==
{{flex.gl|ms=gabuço|mp=gabuços}}
{{paroxítona|ga|bu|ço|lang=gl}}, {{m}}
# [[tocha]] de urze ou outra madeira que serve para [[alumiar]], varinha seca de [[abrótea]] que serve para iluminar
==={{-varort-}}===
{{dividir em colunas|2}}
* [[gabiço#Galego|gabiço]]
* [[gaboço#Galego|gaboço]]
{{dividir em colunas.fim}}
===Sinónimo===
* [[ganço#Galego|ganço]]
[[Categoria:Substantivo (Galego)]]</text>
<sha1>qe6sbvoptgwvt6rrc4egbuls1i867zh</sha1>
</revision>
</page>
