<page>
<title>Gabão</title>
<ns>0</ns>
<id>14470</id>
<revision>
<id>2604754</id>
<parentid>2516266</parentid>
<timestamp>2020-12-16T08:29:38Z</timestamp>
<contributor>
<username>ValJor</username>
<id>1358</id>
</contributor>
<comment>Substituindo a tag &lt;center&gt; pela predefinição centro</comment>
<model>wikitext</model>
<format>text/x-wiki</format>
<text bytes="2644" xml:space="preserve">{{Wikipédia}}
{{ver também|gabão}}
[[Imagem:Flag of Gabon.svg|thumb|right|250px|{{centro|Bandeira do Gabão}}]]
[[Imagem:LocationGabon.svg|thumb|right|250px|{{centro|Localização do Gabão}}]]
={{-pt-}}=
==Substantivo==
{{oxítona|Ga|bão}}, {{gramática|m|pr}}
# {{escopo|pt|País}} país da [[África]] Ocidental, faz fronteira com a [[Guiné Equatorial]], com [[Camarões]] e com o [[Congo]]
===Tradução===
{{tradini}}
* {{trad|af|Gaboen}}
* {{trad|sq|Gabonia}}
* {{trad|de|Gabun}}
* {{trad|am|ጋቦን}}
* {{trad|ar|غابون|الغابون}}
* {{trad|an|Gabón}}
* {{trad|hy|Գաբոն}}
* {{trad|ast|Gabón}}
* {{trad|az|Qabon}}
* {{trad|nds|Gabun}}
* {{trad|eu|Gabon}}
* {{trad|bn|গ্যাবন}}
* {{trad|bs|Gabon}}
* {{trad|bg|Габон}}
* {{trad|ca|Gabon}}
* {{trad|cs|Gabon}}
* {{trad|zh|加蓬}}
* {{trad|ko|가봉}}
* {{trad|kw|Gabon}}
* {{trad|hr|Gabon}}
* {{trad|da|Gabon}}
* {{trad|sk|Gabon}}
* {{trad|sl|Gabon}}
* {{trad|es|Gabón}}
* {{trad|eo|Gabono}}
* {{trad|et|Gabon}}
* {{trad|fi|Gabon}}
* {{trad|fr|Gabon}}
* {{trad|gl|Gabón}}
* {{trad|cy|Gabon}}
* {{trad|ka|გაბონი}}
* {{trad|el|Γκαμπόν}}
* {{trad|ht|Gabon}}
* {{trad|he|גבון}}
* {{trad|nl|Gabon}}
* {{trad|hu|Gabon}}
* {{trad|io|Gabon}}
* {{trad|yi|גאַבאָן}}
* {{trad|id|Gabon}}
{{tradmeio}}
* {{trad|en|Gabon}}
* {{trad|ia|Gabon}}
* {{trad|ga|An Ghabúin}}
* {{trad|is|Gabon}}
* {{trad|it|Gabon}}
* {{trad|ja|ガボン}}
* {{trad|la|Gabonia}}
* {{trad|lv|Gabona}}
* {{trad|li|Gabon}}
* {{trad|ln|Gabɔ́}}
* {{trad|lt|Gabonas}}
* {{trad|ms|Gabon}}
* {{trad|nan|Gabon}}
* {{trad|no|Gabon}}
* {{trad|nov|Gabon}}
* {{trad|nn|Gabon}}
* {{trad|oc|Gabon}}
* {{trad|pam|Gabon}}
* {{trad|ps|ګابون}}
* {{trad|fa|گابن}}
* {{trad|pms|Gabòn}}
* {{trad|pl|Gabon}}
* {{trad|ro|Gabon}}
* {{trad|ru|Габон}}
* {{trad|se|Gabon}}
* {{trad|sa|गाबोन}}
* {{trad|sr|Габон}}
* {{trad|sh|Gabon}}
* {{trad|sw|Gabon}}
* {{trad|sv|Gabon}}
* {{trad|tg|Габон}}
* {{trad|tl|Gabon}}
* {{trad|th|กาบอง}}
* {{trad|tpi|Gabon}}
* {{trad|tr|Gabon}}
* {{trad|uk|Габон}}
* {{trad|wo|Gaboŋ}}
* {{trad|vi|Gabon}}
* {{trad|vo|Gabunän}}
{{tradfim}}
=={{etimologia|pt}}==
: Do nome português para o rio Mbe: Gabão (tipo de casaco sobretudo português) devido à forma do estuário do rio.
=={{pronúncia|pt}}==
===Brasil===
* [[AFI]]: /ga.ˈbãw/
* [[X-SAMP]]A: /ga.&quot;ba~w/
==Ver também==
===No Wikcionário===
{{verTambém.Ini}}
* [[gabonense]]
{{verTambém.NovaColuna}}
* [[gabonês]]
{{verTambém.Fim}}
{{África/pt}}
[[Categoria:Substantivo (Português)]]
[[Categoria:Entrada com imagem (Português)]]</text>
<sha1>iqdwk2bqc0rexoh6zg8qp6fuss1r1ks</sha1>
</revision>
</page>
