<page>
<page>
<title>Gabón</title>
<ns>0</ns>
<id>128474</id>
<revision>
<id>2602424</id>
<parentid>2525186</parentid>
<timestamp>2020-11-19T09:59:33Z</timestamp>
<contributor>
<username>ValJor</username>
<id>1358</id>
</contributor>
<comment>Acrescentando seções para diversos idiomas</comment>
<model>wikitext</model>
<format>text/x-wiki</format>
<text bytes="2020" xml:space="preserve">{{Wikipédia|lang=an}}
{{Wikipédia|lang=ast}}
{{Wikipédia|lang=cbk}}
{{Wikipédia|lang=es}}
{{Wikipédia|lang=ext}}
{{Wikipédia|lang=gl}}
[[Imagem:Flag of Gabon.svg|thumb|right|250px|&lt;center&gt;Bandeira do Gabão&lt;/center&gt;]]
[[Imagem:LocationGabon.svg|thumb|right|250px|&lt;center&gt;Localização do Gabão&lt;/center&gt;]]
={{-an-}}=
==Substantivo==
'''Gabón''', {{gramática|pr}}
# {{escopo|an|País}} [[Gabão]]
===Sinônimo===
* [[Republica Gabonesa]]
==Ver também==
===No Wikcionário===
{{África/an}}
[[Categoria:Substantivo (Aragonês)]]
[[Categoria:Entrada com imagem (Aragonês)]]
={{-ast-}}=
==Substantivo==
'''Gabón''', {{gramática|pr}}
# {{escopo|ast|País}} [[Gabão]]
==Ver também==
===No Wikcionário===
{{África/ast}}
[[Categoria:Substantivo (Asturiano)]]
[[Categoria:Entrada com imagem (Asturiano)]]
={{-cbk-}}=
==Substantivo==
'''Gabón''', {{gramática|pr}}
# {{escopo|cbk|País}} [[Gabão]]
==Ver também==
===No Wikcionário===
{{África/cbk}}
[[Categoria:Substantivo (Chavacano)]]
[[Categoria:Entrada com imagem (Chavacano)]]
={{-es-}}=
==Substantivo==
'''Gabón''', {{gramática|pr}}
# {{escopo|es|País}} [[Gabão]]
==Ver também==
===No Wikcionário===
{{África/es}}
[[Categoria:Substantivo (Espanhol)]]
[[Categoria:Entrada com imagem (Espanhol)]]
={{-ext-}}=
==Substantivo==
'''Gabón''', {{gramática|pr}}
# {{escopo|ext|País}} [[Gabão]]
==Ver também==
===No Wikcionário===
{{África/ext}}
[[Categoria:Substantivo (Estremenho)]]
[[Categoria:Entrada com imagem (Estremenho)]]
={{-gl-}}=
==Substantivo==
'''Gabón''', {{gramática|pr}}
# {{escopo|gl|País}} [[Gabão]]
==Ver também==
===No Wikcionário===
{{África/gl}}
[[Categoria:Substantivo (Galego)]]
[[Categoria:Entrada com imagem (Galego)]]
={{-nch-}}=
==Substantivo==
'''Gabón''', {{gramática|pr}}
# {{escopo|nch|País}} [[Gabão]]
==Ver também==
===No Wikcionário===
{{África/nch}}
[[Categoria:Substantivo (Náuatle da Huasteca central)]]
[[Categoria:Entrada com imagem (Náuatle da Huasteca central)]]</text>
<sha1>mg625d8ccovwbbj52uf1nm0xew3g1hh</sha1>
</revision>
