<page>
<title>gabões</title>
<ns>0</ns>
<id>346908</id>
<revision>
<id>2034727</id>
<parentid>2034726</parentid>
<timestamp>2015-11-08T11:48:46Z</timestamp>
<contributor>
<username>MIL973</username>
<id>41339</id>
</contributor>
<minor />
<comment>adicionou [[Categoria:Forma de substantivo (Português)]] usando [[Wikcionário:HotCat|HotCat]]</comment>
<model>wikitext</model>
<format>text/x-wiki</format>
<text bytes="160" xml:space="preserve">={{-pt-}}=
==Forma de substantivo==
{{oxítona|ga|bões}}, {{m}}
# plural de [[gabão]]
{{avi-for-fle|gabão}}
[[Categoria:Forma de substantivo (Português)]]</text>
<sha1>quckb76okko3u7qhl6x51ju8xgdghsl</sha1>
</revision>
</page>
