<page>
<page>
<title>Gabúin</title>
<ns>0</ns>
<id>139740</id>
<revision>
<id>2269492</id>
<parentid>2189261</parentid>
<timestamp>2017-04-26T17:59:14Z</timestamp>
<contributor>
<username>HydrizBot</username>
<id>29590</id>
</contributor>
<minor />
<comment>Robô: A limpar links interwikis antigos</comment>
<model>wikitext</model>
<format>text/x-wiki</format>
<text bytes="210" xml:space="preserve">={{-ga-}}=
{{Wikipédia|lang=ga}}
==Substantivo==
'''An Ghabúin''', {{pr}}
#{{escopo|Geografia}} [[Gabão]]
==Ver também==
{{África/ga}}
[[Categoria:Substantivo (Irlandês)]]
[[Categoria:País (Irlandês)]]</text>
<sha1>3vddsjqzy0lclnezb0r1bie699anikp</sha1>
</revision>
