<page>
<title>gacan</title>
<ns>0</ns>
<id>228099</id>
<revision>
<id>2352946</id>
<parentid>2042826</parentid>
<timestamp>2017-05-02T20:20:09Z</timestamp>
<contributor>
<username>HydrizBot</username>
<id>29590</id>
</contributor>
<minor />
<comment>Robô: A limpar links interwikis antigos</comment>
<model>wikitext</model>
<format>text/x-wiki</format>
<text bytes="174" xml:space="preserve">={{-so-}}=
==Substantivo==
'''gacan'''
# [[mão]] (extremidade do membro anterior dos primatas)
{{página-automática|Maio|2010|mão|so}}
[[Categoria:Substantivo (Somali)]]</text>
<sha1>7325ujig4wg8vktrk41hxbyrwups7es</sha1>
</revision>
</page>
