<page>
<title>gaceio</title>
<ns>0</ns>
<id>370359</id>
<revision>
<id>2211226</id>
<timestamp>2016-12-13T08:39:37Z</timestamp>
<contributor>
<username>Cpls</username>
<id>20608</id>
</contributor>
<comment>[[Ajuda:Guia de edição/Menus e ferramentas/Sumário de edição|→]] nova página: ={{-gl-}}= ==Substantivo== {{flex.gl|ms=gaceio|mp=gaceios}} {{paroxítona|ga|cei|o|lang=gl}}, {{g|m|lang=gl}}...</comment>
<model>wikitext</model>
<format>text/x-wiki</format>
<text bytes="437" xml:space="preserve">={{-gl-}}=
==Substantivo==
{{flex.gl|ms=gaceio|mp=gaceios}}
{{paroxítona|ga|cei|o|lang=gl}}, {{g|m|lang=gl}}
# [[chio]], [[grasnada]] de [[ave]], gralhar de [[córvida]]
==={{-varort-}}===
* [[gazeio#{{gl}}|gazeio]]
===Sinónimo===
* [[axirido#{{gl}}|axirido]]
=={{etimologia|gl}}==
: De ''[[gacear#{{gl}}|gacear]]''. Confronte-se com ''[[garcear#{{gl}}|garcear]]'' e ''[[garça#{{gl}}|garça]]''.
[[Categoria:Substantivo (Galego)]]</text>
<sha1>dzwxkuk7xdm6fvkj4jzmqzfpk55akg5</sha1>
</revision>
</page>
