<page>
<title>gachi</title>
<ns>0</ns>
<id>402403</id>
<revision>
<id>2524215</id>
<timestamp>2018-10-27T15:14:15Z</timestamp>
<contributor>
<username>Cpls</username>
<id>20608</id>
</contributor>
<comment>[[Ajuda:Guia de edição/Menus e ferramentas/Sumário de edição|→]] nova página: ={{-gl-}}= ==Interjeição== {{oxítona|ga|chi|lang=gl}} # voz para afugentar o [[gato]]  ===Sinónimos=== *...</comment>
<model>wikitext</model>
<format>text/x-wiki</format>
<text bytes="177" xml:space="preserve">={{-gl-}}=
==Interjeição==
{{oxítona|ga|chi|lang=gl}}
# voz para afugentar o [[gato]]
===Sinónimos===
* Vide em [[gache#{{gl}}|gache]]
[[categoria:Interjeição (Galego)]]</text>
<sha1>1qaxfx9vy79skwvg7yjs845qkt4ugst</sha1>
</revision>
</page>
