<page>
<page>
<title>gachada</title>
<ns>0</ns>
<id>358690</id>
<revision>
<id>2097202</id>
<parentid>2097085</parentid>
<timestamp>2016-05-05T20:56:12Z</timestamp>
<contributor>
<username>Cpls</username>
<id>20608</id>
</contributor>
<comment>/* {{etimologia|gl}} */</comment>
<model>wikitext</model>
<format>text/x-wiki</format>
<text bytes="514" xml:space="preserve">={{-gl-}}=
==Substantivo==
{{flex.gl|fs=gachada|fp=gachadas}}
{{paroxítona|ga|cha|da|lang=gl}}, {{f}}
# {{escopoCat|Culinária|gl}} [[leite]] fervido com açúcar e [[pão]], que era costume ser servido nos labores da fiada do linho
=={{etimologia|gl}}==
: {{escopo|Morfologia}} Aparentado com o espanhol ''[[gachas#Espanhol|gachas]]'', confronte-se com o galego ''[[gacha#Galego|gacha]]'' &quot;[[pedaço]]&quot;, ''[[gájaro#Galego|gájaro]]'' e como o [[trasmontanismo]] &quot;[[gacho]]&quot;.
[[Categoria:Substantivo (Galego)]]</text>
<sha1>2kxy3ay7fi16utm49ukfgkbwsprs66z</sha1>
</revision>
