<page>
<title>gacho</title>
<ns>0</ns>
<id>358692</id>
<revision>
<id>2595354</id>
<parentid>2595346</parentid>
<timestamp>2020-08-31T14:36:50Z</timestamp>
<contributor>
<username>Cpls</username>
<id>20608</id>
</contributor>
<model>wikitext</model>
<format>text/x-wiki</format>
<text bytes="1016" xml:space="preserve">={{-pt-}}=
==Substantivo==
{{flex.pt|ms=gacho|mp=gachos}}
{{paroxítona|ga|cho}}, {{gramática|m}}
# [[cachaço]] do boi onde é segurada a [[canga]]
# {{escopo|pt|Trás-os-Montes}} [[cacho]]
=={{etimologia|pt}}==
: Confronte-se com [[cacho]], [[cacha]] e com o galego ''[[gajarola#Galego|gajarola]]''.
[[Categoria:Substantivo (Português)]]
={{-ast-}}=
==Forma de adjetivo==
{{paroxítona|ga|cho|lang=ast}}, ''neutro''
# vide em [[gachu#{{ast}}|gachu]]
[[Categoria:Forma de adjetivo (Asturiano)]]
={{-gl-}}=
==Adjetivo==
{{flex.gl|ms=gacho|mp=gachos|fs=gacha|fp=gachas}}
{{paroxítona|ga|cho|lang=gl}}
# que está [[agachar|agachado]], abaixado
# [[rente]] do chão
# a falar dos bovídeos que têm um dos seus cornos inclinados para baixo
# a falar de pessoa, [[humilde]]
# que por vergonha ou má intenção olha para o chão e não de fronte numa conversa
===Verbetes derivados===
* [[ouriço-gacho#Galego|ouriço-gacho]]
=={{etimologia|gl}}==
: De {{etimo|gl|agachar}}.
[[Categoria:Adjetivo (Galego)]]</text>
<sha1>nwsld2iapv4x0n6862w97jw6c1abb9o</sha1>
</revision>
</page>
