<page>
<title>gachu</title>
<ns>0</ns>
<id>426041</id>
<revision>
<id>2595356</id>
<parentid>2595353</parentid>
<timestamp>2020-08-31T14:56:48Z</timestamp>
<contributor>
<username>Cpls</username>
<id>20608</id>
</contributor>
<model>wikitext</model>
<format>text/x-wiki</format>
<text bytes="795" xml:space="preserve">={{-ast-}}=
==Adjetivo==
'''gachu''', ''masculino'', '''gacha''', ''feminino''; '''gacho''', ''neutro''
:{{paroxítona|ga|chu|lang=ast}}
# [[inclinado]] para abaixo
# que está [[agachar|agachado]], abaixado
# [[cabisbaixo]], de cabeça baixa; que não olha defronte
# abatido, triste
# [[envergonhado]]; humilhado
# [[doente]], enfermo
# [[enfadado]]
# [[insociável]]
# [[malicioso]], que esconde as suas verdadeiras intenções; pouco [[franco]]
# [[desconfiável]]; [[dúbio]]
# a falar dos bovídeos que têm os seus cornos inclinados para baixo
# que tem as [[orelha]]s caídas
# referido ao [[gado]], [[inapetente]], que come pouco
# [[baixo]], de pouca [[estatura]]
# [[baixo]] de preço, [[barato]]
=={{etimologia|ast}}==
: De {{etimo|ast|agachar}}.
[[Categoria:Adjetivo (Asturiano)]]</text>
<sha1>qwilmlqm8chli0k1mf1783frrusjujs</sha1>
</revision>
</page>
