<page>
<title>gachó</title>
<ns>0</ns>
<id>17530</id>
<revision>
<id>2352950</id>
<parentid>1860378</parentid>
<timestamp>2017-05-02T20:22:17Z</timestamp>
<contributor>
<username>HydrizBot</username>
<id>29590</id>
</contributor>
<minor />
<comment>Robô: A limpar links interwikis antigos</comment>
<model>wikitext</model>
<format>text/x-wiki</format>
<text bytes="324" xml:space="preserve">={{-rmq-}}=
[[Imagem:Edward Teller (boy).jpg|thumb|100px|'''Gachó'''&lt;sup&gt;2&lt;/sup&gt;]]
==Substantivo==
'''ga.{{grifar|chó}}''' (gatchó)
# [[homem]];
# [[rapaz]].
[[Categoria:Substantivo (Caló)|gacho]]
[[Categoria:Dissílabo (Caló)|gacho]]
[[Categoria:Oxítona (Caló)|gacho]]
[[Categoria:Entrada com imagem (Caló)|gacho]]</text>
<sha1>5nevdt83rdy41j707q0a2ivtj8muk81</sha1>
</revision>
</page>
