<page>
<page>
<title>gacheiro</title>
<ns>0</ns>
<id>346831</id>
<revision>
<id>2034223</id>
<timestamp>2015-11-06T21:29:38Z</timestamp>
<contributor>
<username>Cpls</username>
<id>20608</id>
</contributor>
<comment>[[Ajuda:Guia de edição/Menus e ferramentas/Sumário de edição|→]] nova página: ={{-gl-}}= ==Adjetivo== {{flex.gl|gacheiro|gacheiros|gacheira|gacheiras}} {{paroxítona|ga|chei|ro|lang=gl}}...</comment>
<model>wikitext</model>
<format>text/x-wiki</format>
<text bytes="644" xml:space="preserve">={{-gl-}}=
==Adjetivo==
{{flex.gl|gacheiro|gacheiros|gacheira|gacheiras}}
{{paroxítona|ga|chei|ro|lang=gl}}
# a falar de um animal ou pessoa que por [[pequeno]] em qualquer lugar se acomoda
==Substantivo==
{{flex.gl|ms=gacheiro|mp=gacheiros}}
{{paroxítona|ga|chei|ro|lang=gl}}, {{m}}
# [[janelo]] estreito, numa parede ou telhado
# lugar onde se amontoam os [[ouriço]]s das [[castanha]]s
===Sinónimo===
: '''De 1 (janelo):'''
* [[gachumeiro#Galego|gachumeiro]]
=={{etimologia|gl}}==
: Da mesma origem que [[agachar]]. Confronte-se com [[cacheiro]] e [[ouriço-cacheiro]]
[[Categoria:Adjetivo (Galego)]]
[[Categoria:Substantivo (Galego)]]</text>
<sha1>ir2jrvi3jhrdjm9gshq9fxw9lif76hi</sha1>
</revision>
