<page>
<title>gachinelo</title>
<ns>0</ns>
<id>412547</id>
<revision>
<id>2551231</id>
<parentid>2551226</parentid>
<timestamp>2019-08-13T11:40:55Z</timestamp>
<contributor>
<username>Cpls</username>
<id>20608</id>
</contributor>
<comment>/* {{etimologia|gl}} */</comment>
<model>wikitext</model>
<format>text/x-wiki</format>
<text bytes="460" xml:space="preserve">={{-gl-}}=
==Substantivo==
{{flex.gl|ms=gachinelo|mp=gachinelo}}
{{paroxítona|ga|chi|ne|lo|lang=gl}}, {{g|m|lang=gl}}
# [[janelo]], pequena janela; fresta numa parede para iluminação ou ventilação
==={{-varort-}}===
* [[fachinelo#{{gl}}|fachinelo]]
=={{etimologia|gl}}==
: Talvez variante de ''[[fachinelo#{{gl}}|fachinelo]]''. Confronte-se com ''[[gachumeiro#{{gl}}|gachumeiro]]'' e ''[[gachinel#{{gl}}|gachinel]]''.
[[Categoria:Substantivo (Galego)]]</text>
<sha1>9vcfxjb8gceq4g55uda8g53da54gvic</sha1>
</revision>
</page>
