<page>
<page>
<title>gachiqui</title>
<ns>0</ns>
<id>402401</id>
<revision>
<id>2524213</id>
<timestamp>2018-10-27T15:13:44Z</timestamp>
<contributor>
<username>Cpls</username>
<id>20608</id>
</contributor>
<comment>[[Ajuda:Guia de edição/Menus e ferramentas/Sumário de edição|→]] nova página: ={{-gl-}}= ==Interjeição== {{oxítona|ga|chi|qui|lang=gl}} # voz para afugentar o [[gato]]  ===Sinónimos==...</comment>
<model>wikitext</model>
<format>text/x-wiki</format>
<text bytes="181" xml:space="preserve">={{-gl-}}=
==Interjeição==
{{oxítona|ga|chi|qui|lang=gl}}
# voz para afugentar o [[gato]]
===Sinónimos===
* Vide em [[gache#{{gl}}|gache]]
[[categoria:Interjeição (Galego)]]</text>
<sha1>dz9reu7tydjv5o3cd1io4x2pmbzb1qv</sha1>
</revision>
