<page>
<title>gachis</title>
<ns>0</ns>
<id>402402</id>
<revision>
<id>2524214</id>
<timestamp>2018-10-27T15:14:04Z</timestamp>
<contributor>
<username>Cpls</username>
<id>20608</id>
</contributor>
<comment>[[Ajuda:Guia de edição/Menus e ferramentas/Sumário de edição|→]] nova página: ={{-gl-}}= ==Interjeição== {{oxítona|ga|chis|lang=gl}} # voz para afugentar o [[gato]]  ===Sinónimos=== *...</comment>
<model>wikitext</model>
<format>text/x-wiki</format>
<text bytes="178" xml:space="preserve">={{-gl-}}=
==Interjeição==
{{oxítona|ga|chis|lang=gl}}
# voz para afugentar o [[gato]]
===Sinónimos===
* Vide em [[gache#{{gl}}|gache]]
[[categoria:Interjeição (Galego)]]</text>
<sha1>n541xnraveelv6qoya6089ge69e2qbf</sha1>
</revision>
</page>
