<page>
<page>
<title>gachinel</title>
<ns>0</ns>
<id>412550</id>
<revision>
<id>2551234</id>
<parentid>2551233</parentid>
<timestamp>2019-08-13T11:47:12Z</timestamp>
<contributor>
<username>Cpls</username>
<id>20608</id>
</contributor>
<comment>/* {{etimologia|gl}} */</comment>
<model>wikitext</model>
<format>text/x-wiki</format>
<text bytes="398" xml:space="preserve">={{-gl-}}=
==Substantivo==
{{flex.gl|ms=gachinel|mp=gachinéis}}
{{oxítona|ga|chi|nel|lang=gl}}, {{g|m|lang=gl}}
# [[gateira#{{gl}}|gateira]]
# [[buraco]] pequeno em parede, tabique ou telhado para dar luz e ventilação
=={{etimologia|gl}}==
: Confronte-se com ''[[gachinelo#{{gl}}|gachinelo]]'', ''[[gache#{{gl}}|gache]]'' e ''[[fachinol#{{gl}}|fachinol]]''.
[[Categoria:Substantivo (Galego)]]</text>
<sha1>rtwm60yhv8h7c7w49xbb088usclwegi</sha1>
</revision>
