<page>
<title>gache</title>
<ns>0</ns>
<id>402404</id>
<revision>
<id>2524216</id>
<timestamp>2018-10-27T15:14:21Z</timestamp>
<contributor>
<username>Cpls</username>
<id>20608</id>
</contributor>
<comment>[[Ajuda:Guia de edição/Menus e ferramentas/Sumário de edição|→]] nova página: ={{-gl-}}= ==Interjeição== {{paroxítona|ga|che|lang=gl}} # voz para afugentar o [[gato]]  ===Sinónimos===...</comment>
<model>wikitext</model>
<format>text/x-wiki</format>
<text bytes="258" xml:space="preserve">={{-gl-}}=
==Interjeição==
{{paroxítona|ga|che|lang=gl}}
# voz para afugentar o [[gato]]
===Sinónimos===
* [[gachaqui#{{gl}}|gachaqui]], [[gachi#{{gl}}|gachi]], [[gachiqui#{{gl}}|gachiqui]], [[gachis#{{gl}}|gachis]]
[[categoria:Interjeição (Galego)]]</text>
<sha1>msxh4tnivsmh6b99uxl3cfyqpl0f2oi</sha1>
</revision>
</page>
