<page>
<page>
<title>gadanheira</title>
<ns>0</ns>
<id>402323</id>
<revision>
<id>2524035</id>
<timestamp>2018-10-26T14:54:02Z</timestamp>
<contributor>
<username>Cpls</username>
<id>20608</id>
</contributor>
<comment>[[Ajuda:Guia de edição/Menus e ferramentas/Sumário de edição|→]] nova página: ={{-gl-}}= ==Substantivo== {{flex.gl|ms=gadanheiro|mp=gadanheiros|fs=gadanheira|fp=gadanheiras}} {{paroxíton...</comment>
<model>wikitext</model>
<format>text/x-wiki</format>
<text bytes="513" xml:space="preserve">={{-gl-}}=
==Substantivo==
{{flex.gl|ms=gadanheiro|mp=gadanheiros|fs=gadanheira|fp=gadanheiras}}
{{paroxítona|ga|da|nhei|ra|lang=gl}}
# pessoa que trabalha com [[gadanha]] ou [[gadanho]]
{{flex.gl|fs=gadanheira|fp=gadanheiras}}
{{paroxítona|ga|da|nhei|ra|lang=gl}}, {{g|f|lang=gl}}
#{{cont|2}} {{escopo|gl|Planta}} [[feijão]] (''[[species:Phaseolus vulgaris|Phaseolus vulgaris]]'')
=={{etimologia|pt}}==
: De ''[[gadanha#{{gl}}|gadanha]]'' + ''[[-eira#{{gl}}|-eira]]''.
[[Categoria:Substantivo (Português)]]</text>
<sha1>5pe71ezv3m77wn8ij3ic0ytojtmkqc7</sha1>
</revision>
