<page>
<page>
<title>gadaí</title>
<ns>0</ns>
<id>310195</id>
<revision>
<id>2352955</id>
<parentid>2125708</parentid>
<timestamp>2017-05-02T20:22:34Z</timestamp>
<contributor>
<username>HydrizBot</username>
<id>29590</id>
</contributor>
<minor />
<comment>Robô: A limpar links interwikis antigos</comment>
<model>wikitext</model>
<format>text/x-wiki</format>
<text bytes="143" xml:space="preserve">={{-ga-}}=
==Substantivo==
'''gadaí'''
# [[ladrão]]
{{página-automática|Fevereiro|2013|ladrão|ga}}
[[Categoria:Substantivo (Irlandês)]]</text>
<sha1>526ujgwveg3xij5oaizlgw1wcfvjfd7</sha1>
</revision>
