<page>
<title>gadanhada</title>
<ns>0</ns>
<id>14472</id>
<revision>
<id>2352952</id>
<parentid>2125710</parentid>
<timestamp>2017-05-02T20:22:24Z</timestamp>
<contributor>
<username>HydrizBot</username>
<id>29590</id>
</contributor>
<minor />
<comment>Robô: A limpar links interwikis antigos</comment>
<model>wikitext</model>
<format>text/x-wiki</format>
<text bytes="232" xml:space="preserve">={{-pt-}}=
==Substantivo==
{{flex.pt|fs=gadanhada|fp=gadanhadas}}
{{paroxítona|ga|da|nha|da}}
# [[golpe]] de [[gadanha]]
=={{etimologia|pt}}==
: {{escopo|Morfologia}} [[gadanha]] + [[-ada]].
[[Categoria:Substantivo (Português)]]</text>
<sha1>mnpspteovk22nebuyxyxszr3luh93vx</sha1>
</revision>
</page>
