<page>
<page>
<title>gadanhão</title>
<ns>0</ns>
<id>434540</id>
<revision>
<id>2653589</id>
<parentid>2636990</parentid>
<timestamp>2021-11-28T14:27:57Z</timestamp>
<contributor>
<username>Cpls</username>
<id>20608</id>
</contributor>
<comment>/* Sinónimos */</comment>
<model>wikitext</model>
<format>text/x-wiki</format>
<text bytes="1131" xml:space="preserve">={{-gl-}}=
==Substantivo==
{{flex.gl|ms=gadanhão|mp=gadanhões}}
{{oxítona|ga|da|nhão|lang=gl}}, {{g|m|lang=gl}}
# espécie de [[gadanha]] de folha mais curta usada para cortar [[mato]]
# [[fouce]] de [[cabo]] comprido para pegar com as duas mãos, usada para cortar mato
# fileira de erva amontoada que deixa trás de si quem sega erva com gadanha
===Sinónimos===
* De '''1''' e '''2''': [[roção#{{gl}}|roção]]
* De '''3''': [[baranho#{{gl}}|baranho]], [[carreleira#{{gl}}|carreleira]], [[enta#{{gl}}|enta]], [[gandarada#{{gl}}|gandarada]], [[gandra#{{gl}}|gandra]], [[gavanhão#{{gl}}|gavanhão]], [[gaveleiro#{{gl}}|gaveleiro]], [[ilhó#{{gl}}|ilhó]], [[linhó#{{gl}}|linhó]], [[linhol#{{gl}}|linhol]], [[maranhão#{{gl}}|maranhão]], [[maranho#{{gl}}|maranho]], [[paranhão#{{gl}}|paranhão]], [[roço#{{gl}}|roço]], [[rodo#{{gl}}|rodo]], [[rolo#{{gl}}|rolo]], [[roleiro#{{gl}}|roleiro]]
=={{etimologia|gl}}==
: {{escopo|Morfologia}} De ''[[gadanha#Galego|gadanha]]'' ou ''[[gadanho#Galego|gadanho]]'' + ''[[-ão#Galego|-ão]]''.
=={{pronúncia|gl}}==
* [[AFI]]: /ga.da.'ɲoŋ/
[[Categoria:Substantivo (Galego)]]</text>
<sha1>cey2wgh2i0yeobsezxpel4yfjgi6w4u</sha1>
</revision>
