<page>
<title>gadanha</title>
<ns>0</ns>
<id>254863</id>
<revision>
<id>2352951</id>
<parentid>1770366</parentid>
<timestamp>2017-05-02T20:22:20Z</timestamp>
<contributor>
<username>HydrizBot</username>
<id>29590</id>
</contributor>
<minor />
<comment>Robô: A limpar links interwikis antigos</comment>
<model>wikitext</model>
<format>text/x-wiki</format>
<text bytes="428" xml:space="preserve">{{Wikipédia}}
={{-pt-}}=
==Substantivo==
{{flex.pt|fs=gadanha|fp=gadanhas}}
{{paroxítona|ga|da|nha}}
# [[caço]]
# [[grande]] [[colher]] para [[tirar]] [[sopa]]
# [[ferramenta]] utilizada na [[agricultura]] para [[ceifar]] cereais ou para o corte de erva
# [[gadanho]]
# ato de [[gadanhar]]
===Verbetes derivados===
* [[gadanhada]]
=={{etimologia|pt}}==
: Do castelhano ''guadaña''.
[[Categoria:Substantivo (Português)]]</text>
<sha1>5lfd2epqo7mjrzhjw32mq8jt63keq2i</sha1>
</revision>
</page>
