<page>
<page>
<title>gadancho</title>
<ns>0</ns>
<id>375674</id>
<revision>
<id>2250070</id>
<timestamp>2017-03-08T13:46:48Z</timestamp>
<contributor>
<username>Cpls</username>
<id>20608</id>
</contributor>
<comment>[[Ajuda:Guia de edição/Menus e ferramentas/Sumário de edição|→]] nova página: ={{-gl-}}= ==Substantivo== {{flex.gl|ms=gadancho|mp=gadanchos}} {{paroxítona|ga|dan|cho|lang=gl}}, {{g|m|lan...</comment>
<model>wikitext</model>
<format>text/x-wiki</format>
<text bytes="510" xml:space="preserve">={{-gl-}}=
==Substantivo==
{{flex.gl|ms=gadancho|mp=gadanchos}}
{{paroxítona|ga|dan|cho|lang=gl}}, {{g|m|lang=gl}}
# {{escopo|gl|Agricultura}} [[forquilha]] para tojo
# {{escopo|gl|Agricultura}} [[enxada]] de dois [[bico]]s
# {{escopo|gl|Agricultura}} [[fouce]] maior; [[roçadoira]]
# armação que pende do teto nas cozinhas, com forma de roda, com [[gancho]]s nos que são penduradas carnes e toucinhos
=={{etimologia|gl}}==
: Do [[céltico]] ''*ganskio'', &quot;[[galho]]&quot;.
[[Categoria:Substantivo (Galego)]]</text>
<sha1>8mo4f6d4a1kfh5vq1919dpp16gyc9hl</sha1>
</revision>
