<page>
<page>
<title>gadailiniam</title>
<ns>0</ns>
<id>407450</id>
<revision>
<id>2537677</id>
<timestamp>2019-03-01T22:34:34Z</timestamp>
<contributor>
<username>Amigo7</username>
<id>58547</id>
</contributor>
<comment>Criação do verbete a partir da [[Especial:Páginas_pedidas|lista de palavras pedidas]]</comment>
<model>wikitext</model>
<format>text/x-wiki</format>
<text bytes="262" xml:space="preserve">{{Wikipédia|lang=ga}}
={{-ga-}}=
==Substantivo==
{{elementos|Gd|eoraipiam|Eu|teirbiam|Tb}}
'''gadailiniam'''
# {{escopo|ga|Elemento químico}} [[gadolínio]]
==Ver também==
===No Wikcionário===
{{tabela periódica/ga}}
[[Categoria:Substantivo (Irlandês)]]</text>
<sha1>sut3cjbbtrppvnop4o08wgvolqobdvt</sha1>
</revision>
