<page>
<title>gadanhámos</title>
<ns>0</ns>
<id>309631</id>
<revision>
<id>2550224</id>
<parentid>2352954</parentid>
<timestamp>2019-07-26T13:43:52Z</timestamp>
<contributor>
<username>ValJor</username>
<id>1358</id>
</contributor>
<comment>Acrescentando a predefinição avi-for-fle</comment>
<model>wikitext</model>
<format>text/x-wiki</format>
<text bytes="266" xml:space="preserve">={{-pt-}}=
==Forma verbal==
{{paroxítona|ga|da|nhá|mos}}
# {{escopo2|grafia lusitana}} primeira pessoa do plural do pretérito perfeito do indicativo do verbo [[gadanhar]]
{{avi-for-fle|gadanhar}}
[[Categoria:Forma verbal (Português)]]
[[Categoria:Lusitanismo]]</text>
<sha1>meg0jv3ohofa61ukfakvslqf1j1e0pt</sha1>
</revision>
</page>
