<page>
<title>gadanheiro</title>
<ns>0</ns>
<id>402325</id>
<revision>
<id>2524037</id>
<timestamp>2018-10-26T15:05:22Z</timestamp>
<contributor>
<username>Cpls</username>
<id>20608</id>
</contributor>
<comment>[[Ajuda:Guia de edição/Menus e ferramentas/Sumário de edição|→]] nova página: ={{-pt-}}= ==Substantivo== {{flex.pt|ms=gadanheiro|mp=gadanheiros|fs=gadanheira|fp=gadanheiras}} {{paroxíton...</comment>
<model>wikitext</model>
<format>text/x-wiki</format>
<text bytes="280" xml:space="preserve">={{-pt-}}=
==Substantivo==
{{flex.pt|ms=gadanheiro|mp=gadanheiros|fs=gadanheira|fp=gadanheiras}}
{{paroxítona|ga|da|nhei|ro}}
# pessoa que trabalha com [[gadanha]] ou [[gadanho]]
=={{etimologia|pt}}==
: De ''[[gadanha]]'' + ''[[-eiro]]''.
[[Categoria:Substantivo (Português)]]</text>
<sha1>av0n6e2a43c5li6papmrpc91gbqqf5r</sha1>
</revision>
</page>
