<page>
<page>
<title>gaddavír</title>
<ns>0</ns>
<id>88163</id>
<revision>
<id>2352956</id>
<parentid>2228176</parentid>
<timestamp>2017-05-02T20:22:37Z</timestamp>
<contributor>
<username>HydrizBot</username>
<id>29590</id>
</contributor>
<minor />
<comment>Robô: A limpar links interwikis antigos</comment>
<model>wikitext</model>
<format>text/x-wiki</format>
<text bytes="378" xml:space="preserve">={{-is-}}=
== Substantivo ==
'''gaddavír''', ''masculino, forte, grupo 1 (dativo sem -i)''
# [[arame farpado]].
=== Declinação ===
{{decl.is.subst.forte.masc.1a|gaddavír|}}
== Etimologia ==
: De ''[[gaddur#{{is}}|gadda]]'' (''&quot;de espinhos&quot;'') + ''[[vír#{{is}}|vír]]'' (''&quot;arame&quot;'').
[[Categoria:Substantivo (Islandês)]]
[[Categoria:Entrada com etimologia (Islandês)]]</text>
<sha1>kusy3zbayfv0yzb6skftiz20l6eqvua</sha1>
</revision>
