<page>
<page>
<title>gadeiro</title>
<ns>0</ns>
<id>427043</id>
<revision>
<id>2598239</id>
<timestamp>2020-10-09T10:27:34Z</timestamp>
<contributor>
<username>Cpls</username>
<id>20608</id>
</contributor>
<comment>[[Ajuda:Guia de edição/Menus e ferramentas/Sumário de edição|→]] nova página: ={{-gl-}}= ==Substantivo== {{flex.gl|ms=gadeiro|mp=gadeiros}} {{paroxítona|ga|dei|ro|lang=gl}}, {{g|m}} # ...</comment>
<model>wikitext</model>
<format>text/x-wiki</format>
<text bytes="473" xml:space="preserve">={{-gl-}}=
==Substantivo==
{{flex.gl|ms=gadeiro|mp=gadeiros}}
{{paroxítona|ga|dei|ro|lang=gl}}, {{g|m}}
# [[refúgio]], esconderijo para [[peixe]]s no fundo do mar
===Sinónimos===
* [[cocho#{{gl}}|cocho]], [[godeiro#{{gl}}|godeiro]], [[lanho#{{gl}}|lanho]]
=={{etimologia|gl}}==
: Confronte-se com o latim {{etimo|la|gadus}} &quot;faneca&quot; e com o fenício {{etimo|pnh|𐤂𐤃𐤓(𐤀)}}, ''(ʾ)gdr'' &quot;castelo, fortaleza, pátio murado&quot;.
[[Categoria:Substantivo (Galego)]]</text>
<sha1>to03as9u90nubsulvco6dt764h2layx</sha1>
</revision>
