<page>
<page>
<title>gadget</title>
<ns>0</ns>
<id>39050</id>
<revision>
<id>2352957</id>
<parentid>2253999</parentid>
<timestamp>2017-05-02T20:22:44Z</timestamp>
<contributor>
<username>HydrizBot</username>
<id>29590</id>
</contributor>
<minor />
<comment>Robô: A limpar links interwikis antigos</comment>
<model>wikitext</model>
<format>text/x-wiki</format>
<text bytes="724" xml:space="preserve">{{Wikipédia|lang=en}}
={{-en-}}=
==Substantivo==
'''gad.get'''
# [[bugiganga]]
# [[equipamento]]s ou [[aparelho]]s tecnológicos não especificados
# [[brinquedo]]s [[tecnológico]]s
# {{escopo|Informática}} pequenos [[software|softwares]] [[utilitário|utilitários]]:
#* ''This weather forecast application is a very handy '''gadget''' for my desktop.'' &lt;small&gt;(Este aplicativo de previsão do tempo é um utilitário muito útil para meu desktop.)&lt;/small&gt;
===Nota===
: Em inglês, a palavra tem o sentido de ''ferramenta auxiliar''. E a palavra inglesa foi uma tentativa fonética de reproduzir o francês ''gâchette'', peça de um mecanismo.
[[Categoria:Substantivo (Inglês)]]
[[Categoria:Informática (Inglês)]]</text>
<sha1>6immffo698wygnrpgh81274dlvo1ogf</sha1>
</revision>
