<page>
<page>
<title>gadipo</title>
<ns>0</ns>
<id>439460</id>
<revision>
<id>2656262</id>
<parentid>2656261</parentid>
<timestamp>2021-12-28T18:32:17Z</timestamp>
<contributor>
<username>Cpls</username>
<id>20608</id>
</contributor>
<comment>/* {{etimologia|gl}} */</comment>
<model>wikitext</model>
<format>text/x-wiki</format>
<text bytes="452" xml:space="preserve">={{-gl-}}=
==Substantivo==
{{flex.gl|ms=gadipo|mp=gadipos}}
{{paroxítona|ga|di|po|lang=gl}}, {{gramática|m|lang=gl}}
# no [[ramo]] de uma árvore, a sua base e primeira parte logo de ser [[cortar|cortado]] o ramo e que fica unida ao tronco, com forma [[agudo|aguda]]
# [[gavinha]] de videira
=={{etimologia|gl}}==
: Confronte-se com {{etimo|gl|garipolo}}, ''[[garápio#{{gl}}|garápio]]'', {{etimo|gl|garupeiro}}.
[[Categoria:Substantivo (Galego)]]</text>
<sha1>fepqfrjgp7on5ymacobv1w71p7mot8x</sha1>
</revision>
