<page>
<title>gaditano</title>
<ns>0</ns>
<id>89099</id>
<revision>
<id>2352959</id>
<parentid>1978529</parentid>
<timestamp>2017-05-02T20:22:51Z</timestamp>
<contributor>
<username>HydrizBot</username>
<id>29590</id>
</contributor>
<minor />
<comment>Robô: A limpar links interwikis antigos</comment>
<model>wikitext</model>
<format>text/x-wiki</format>
<text bytes="317" xml:space="preserve">={{-pt-}}=
==Adjetivo==
{{flex.pt|ms=gaditano|mp=gaditanos|fs=gaditana|fp=gaditanas}}
{{paroxítona|ga|di|ta|no}}
# relativo à cidade espanhola de [[Cádis]]
=={{etimologia|pt}}==
: Do latim ''gadinus'', de ''Gades'', nome latino de Cádis.
[[Categoria:Adjetivo (Português)]]
[[Categoria:Gentílico (Português)]]</text>
<sha1>tu08876mpc9a9bxwudfkfam3zwzscmy</sha1>
</revision>
</page>
