<page>
<page>
<title>gadoliniy</title>
<ns>0</ns>
<id>385249</id>
<revision>
<id>2457285</id>
<timestamp>2017-10-26T15:45:33Z</timestamp>
<contributor>
<username>ValJor</username>
<id>1358</id>
</contributor>
<comment>Criação do verbete a partir da [[Especial:Páginas_pedidas|lista de palavras pedidas]]</comment>
<model>wikitext</model>
<format>text/x-wiki</format>
<text bytes="288" xml:space="preserve">{{Wikipédia|lang=uz}}
={{-uz-}}=
==Substantivo==
{{elementos|Gd|yevropiy|Eu|terbiy|Tb}}
'''gadoliniy'''
# {{escopo|uz|Química}} [[gadolínio]]
==Ver também==
===No Wikcionário===
{{tabela periódica/uz}}
[[Categoria:Substantivo (Uzbeque)]]
[[Categoria:Elemento químico (Uzbeque)]]</text>
<sha1>h5md2mlqzvl3cgzrc1ytof7yyziduj2</sha1>
</revision>
