<page>
<page>
<title>gadolínio</title>
<ns>0</ns>
<id>17495</id>
<revision>
<id>2619212</id>
<parentid>2602967</parentid>
<timestamp>2021-02-01T18:05:13Z</timestamp>
<contributor>
<username>MarxavBot</username>
<id>80155</id>
</contributor>
<minor />
<comment>AFI Portugal</comment>
<model>wikitext</model>
<format>text/x-wiki</format>
<text bytes="2631" xml:space="preserve">{{Wikipédia|lang=pt}}
[[Imagem:Gadolinium.jpg|thumb|right|250px|&lt;center&gt;Gadolínio&lt;/center&gt;]]
={{-pt-}}=
==Substantivo==
{{elementos|Gd|európio|Eu|térbio|Tb}}
{{proparoxítona aparente|ga|do|lí|ni|o}}, {{gramática|m}}
# {{escopo|pt|Química}} [[elemento]] [[químico]] de [[símbolo]] [[Gd]], possui o [[número]] [[atômico]] 64 e [[massa]] [[atômico|atômica]] [[relativo|relativa]] 157,25 [[u]]; é um [[metal]] de [[transição]] [[interno|interna]] ([[lantanídeo]]) de cor [[branco]] [[prateado]]; é obtido de [[mineral|minerais]] como a [[monazita]] e a [[bastnasita]]; é utilizado em [[reator]]es [[atômico]]s como [[absorvente]] e [[protetor]] de [[neutron]]s [[térmico]]s e nas [[barra]]s de [[controle]] da [[fissão]] [[nuclear]]
===Tradução===
{{tradini}}
* {{trad|sq|gadolin}}
* {{trad|de|Gadolinium}}
* {{trad|hy|գադոլինիում}}
* {{trad|bs|gadolinijum}}
* {{trad|ca|gadolini}}
* {{trad|cs|gadolinium}}
* {{trad|zh|钆}}
* {{trad|ko|가돌리늄}}
* {{trad|co|gadoliniu}}
* {{trad|hr|gadolinij}}
* {{trad|da|gadolinium}}
* {{trad|sl|gadolinij}}
* {{trad|es|gadolinio}}
* {{trad|eo|gadolinio}}
* {{trad|et|gadoliinium}}
* {{trad|fi|gadolinium}}
* {{trad|fr|gadolinium}}
* {{trad|gl|gadolinio}}
* {{trad|el|γαδολίνιο}}
* {{trad|he|גדוליניום}}
* {{trad|nl|gadolinium}}
* {{trad|hu|gadolínium}}
{{tradmeio}}
* {{trad|io|gadolino}}
* {{trad|yi|גאַדאָליניום}}
* {{trad|id|gadolinium}}
* {{trad|en|gadolinium}}
* {{trad|it|gadolinio}}
* {{trad|ja|ガドリニウム}}
* {{trad|la|gadolinium}}
* {{trad|lv|gadolīnijs}}
* {{trad|lt|gadolinis}}
* {{trad|jbo|jinmrgadolini}}
* {{trad|lb|Gadolinium}}
* {{trad|no|gadolinium}}
* {{trad|nn|gadolinium}}
* {{trad|pl|gadolin}}
* {{trad|ru|гадолиний}}
* {{trad|sr|гадолинијум}}
* {{trad|sh|gadolinijum}}
* {{trad|sv|gadolinium}}
* {{trad|th|แกโดลิเนียม}}
* {{trad|uk|гадоліній}}
* {{trad|ug|گادولىنىي}}
* {{trad|vo|gadolin}}
{{tradfim}}
=={{etimologia|pt}}==
: Seu nome foi dado em homenagem ao químico finlandês Johan Gadolin.
=={{pronúncia|pt}}==
===Portugal===
* AFI: {{AFI|/ɡɐ.du.ˈli.nju/}}
==Ver também==
===No Wikcionário===
* [[Gd]]
* [[lantanídeo]]
* [[Apêndice:Tabela periódica|Tabela periódica]]
===Na Wikipédia===
* [[w:Johan Gadolin|Johan Gadolin]]
* [[w:Tabela periódica|Tabela periódica]]
==Ligações externas==
* {{Aulete}}
* {{Michaelis|gadolinio}}
* {{DPLP}}
* {{Infopédia}}
* {{PLP}}
* {{VOLPABL}}
[[Categoria:Substantivo (Português)]]
[[Categoria:Elemento químico (Português)]]
[[Categoria:Entrada com imagem (Português)]]</text>
<sha1>f2oyp75v3m27gofw2b3lbt1ueapncts</sha1>
</revision>
