<page>
<title>gadolini</title>
<ns>0</ns>
<id>316996</id>
<revision>
<id>2352964</id>
<parentid>2249800</parentid>
<timestamp>2017-05-02T20:23:11Z</timestamp>
<contributor>
<username>HydrizBot</username>
<id>29590</id>
</contributor>
<minor />
<comment>Robô: A limpar links interwikis antigos</comment>
<model>wikitext</model>
<format>text/x-wiki</format>
<text bytes="1216" xml:space="preserve">={{-ca-}}=
==Substantivo==
{{elementos|Gd|europi|Eu|terbi|Tb}}
'''gadolini'''
# [[gadolínio]]
==Ver também==
===No Wikcionário===
{{tabela periódica/ca}}
[[Categoria:Substantivo (Catalão)]]
[[Categoria:Elemento químico (Catalão)]]
={{-fur-}}=
==Substantivo==
{{elementos|Gd|europi|Eu|terbi|Tb}}
'''gadolini'''
# [[gadolínio]]
==Ver também==
===No Wikcionário===
{{tabela periódica/fur}}
[[Categoria:Substantivo (Friuliano)]]
[[Categoria:Elemento químico (Friuliano)]]
={{-oc-}}=
==Substantivo==
{{elementos|Gd|euròpi|Eu|tèrbi|Tb}}
'''gadolini'''
# [[gadolínio]]
==Ver também==
===No Wikcionário===
{{tabela periódica/oc}}
[[Categoria:Substantivo (Occitano)]]
[[Categoria:Elemento químico (Occitano)]]
={{-sw-}}=
==Substantivo==
{{elementos|Gd|europi|Eu|taribi|Tb}}
'''gadolini'''
# [[gadolínio]]
==Ver também==
===No Wikcionário===
{{tabela periódica/sw}}
[[Categoria:Substantivo (Suaíli)]]
[[Categoria:Elemento químico (Suaíli)]]
={{-vi-}}=
==Substantivo==
{{elementos|Gd|europi|Eu|tecbi|Tb}}
'''gadolini'''
# [[gadolínio]]
==Ver também==
===No Wikcionário===
{{tabela periódica/vi}}
[[Categoria:Substantivo (Vietnamita)]]
[[Categoria:Elemento químico (Vietnamita)]]</text>
<sha1>djwy4f7u8p7cmfkl9s921tirdkrekxm</sha1>
</revision>
</page>
