<page>
<title>gadoliniom</title>
<ns>0</ns>
<id>383668</id>
<revision>
<id>2450474</id>
<timestamp>2017-09-16T19:51:57Z</timestamp>
<contributor>
<username>ValJor</username>
<id>1358</id>
</contributor>
<comment>Criação do verbete a partir da [[Especial:Páginas_pedidas|lista de palavras pedidas]]</comment>
<model>wikitext</model>
<format>text/x-wiki</format>
<text bytes="557" xml:space="preserve">{{Wikipédia|lang=br}}
={{-br-}}=
==Substantivo==
{{elementos|Gd|europiom|Eu|terbiom|Tb}}
'''gadoliniom'''
# {{escopo|br|Química}} [[gadolínio]]
==Ver também==
===No Wikcionário===
{{tabela periódica/br}}
[[Categoria:Substantivo (Bretão)]]
[[Categoria:Elemento químico (Bretão)]]
={{-wa-}}=
==Substantivo==
{{elementos|Gd|europiom|Eu|terbiom|Tb}}
'''gadoliniom'''
# {{escopo|wa|Química}} [[gadolínio]]
==Ver também==
===No Wikcionário===
{{tabela periódica/wa}}
[[Categoria:Substantivo (Valão)]]
[[Categoria:Elemento químico (Valão)]]</text>
<sha1>7vlzvipgx4hb33hk0rcgdynrv62zy1n</sha1>
</revision>
</page>
