<page>
<page>
<title>gadoupa</title>
<ns>0</ns>
<id>266557</id>
<revision>
<id>2352972</id>
<parentid>2217820</parentid>
<timestamp>2017-05-02T20:24:33Z</timestamp>
<contributor>
<username>HydrizBot</username>
<id>29590</id>
</contributor>
<minor />
<comment>Robô: A limpar links interwikis antigos</comment>
<model>wikitext</model>
<format>text/x-wiki</format>
<text bytes="258" xml:space="preserve">={{-pt-}}=
==Substantivo==
{{flex.pt|fs=gadoupa|fp=gadoupas}}
{{paroxítona|ga|dou|pa}}
# {{escopo|Galiza}} o mesmo que [[garra]]
==Ver também==
===No Wikcionário===
{{verTambém.Ini}}
* [[pouta]]
{{verTambém.Fim}}
[[Categoria:Substantivo (Português)]]</text>
<sha1>l5mpbcwaai4vphm0kiqnsrjzlf4ljib</sha1>
</revision>
