<page>
<page>
<title>gadoucha</title>
<ns>0</ns>
<id>375678</id>
<revision>
<id>2250080</id>
<timestamp>2017-03-08T14:02:58Z</timestamp>
<contributor>
<username>Cpls</username>
<id>20608</id>
</contributor>
<comment>[[Ajuda:Guia de edição/Menus e ferramentas/Sumário de edição|→]] nova página: ={{-gl-}}= ==Substantivo== {{flex.gl|fs=gadoucha|fp=gadouchas}} {{paroxítona|ga|dou|cha|lang=gl}}, {{gramát...</comment>
<model>wikitext</model>
<format>text/x-wiki</format>
<text bytes="245" xml:space="preserve">={{-gl-}}=
==Substantivo==
{{flex.gl|fs=gadoucha|fp=gadouchas}}
{{paroxítona|ga|dou|cha|lang=gl}}, {{gramática|f|lang=gl}}
# [[garra]]
===Sinónimos===
* [[gadoupa#{{gl}}|gadoupa]], [[goucha#{{gl}}|goucha]]
[[Categoria:Substantivo (Galego)]]</text>
<sha1>5jtnfpqolhryk8xvsxxmtibq1ap3am0</sha1>
</revision>
