<page>
<title>gadoliinium</title>
<ns>0</ns>
<id>257357</id>
<revision>
<id>2352962</id>
<parentid>1806881</parentid>
<timestamp>2017-05-02T20:23:02Z</timestamp>
<contributor>
<username>HydrizBot</username>
<id>29590</id>
</contributor>
<minor />
<comment>Robô: A limpar links interwikis antigos</comment>
<model>wikitext</model>
<format>text/x-wiki</format>
<text bytes="293" xml:space="preserve">{{Wikipédia|lang=et}}
={{-et-}}=
{{elementos|Gd|euroopium|Eu|terbium|Tb}}
==Substantivo==
'''gadoliinium'''
# {{escopo|Química}} [[gadolínio]]
==Ver também==
===No Wikcionário===
{{tabela periódica/et}}
[[Categoria:Substantivo (Estoniano)]]
[[Categoria:Elemento químico (Estoniano)]]</text>
<sha1>0da237qonv05kyfoy10z6tc0gx08n6k</sha1>
</revision>
</page>
