<page>
<title>gadolínium</title>
<ns>0</ns>
<id>150909</id>
<revision>
<id>2352971</id>
<parentid>2037082</parentid>
<timestamp>2017-05-02T20:24:29Z</timestamp>
<contributor>
<username>HydrizBot</username>
<id>29590</id>
</contributor>
<minor />
<comment>Robô: A limpar links interwikis antigos</comment>
<model>wikitext</model>
<format>text/x-wiki</format>
<text bytes="681" xml:space="preserve">{{Wikipédia|lang=sk}}
{{Wikipédia|lang=hu}}
[[Imagem:Gadolinium.jpg|thumb|120px|Gadolínio]]
={{-sk-}}=
{{elementos|Gd|európium|Eu|terbium|Tb}}
==Substantivo==
'''gadolínium'''
# [[gadolínio]]
==Ver também==
===No Wikcionário===
{{tabela periódica/sk}}
[[Categoria:Substantivo (Eslovaco)]]
[[Categoria:Elemento químico (Eslovaco)]]
[[Categoria:Entrada com imagem (Eslovaco)]]
={{-hu-}}=
{{elementos|Gd|európium|Eu|terbium|Tb}}
==Substantivo==
'''gadolínium'''
# [[gadolínio]]
==Ver também==
===No Wikcionário===
{{tabela periódica/hu}}
[[Categoria:Substantivo (Húngaro)]]
[[Categoria:Elemento químico (Húngaro)]]
[[Categoria:Entrada com imagem (Húngaro)]]</text>
<sha1>isiiw38kvbiso5m26px5o6fi3vsx8wh</sha1>
</revision>
</page>
