<page>
<title>Gadolinium</title>
<ns>0</ns>
<id>362194</id>
<revision>
<id>2269495</id>
<parentid>2155097</parentid>
<timestamp>2017-04-26T17:59:23Z</timestamp>
<contributor>
<username>HydrizBot</username>
<id>29590</id>
</contributor>
<minor />
<comment>Robô: A limpar links interwikis antigos</comment>
<model>wikitext</model>
<format>text/x-wiki</format>
<text bytes="1450" xml:space="preserve">{{Wikipédia|lang=de}}
{{Wikipédia|lang=stq}}
{{Wikipédia|lang=lb}}
={{-gsw-}}=
{{elementos|Gd|Europium|Eu|Terbium|Tb}}
==Substantivo==
'''Gadolinium'''
# {{escopo|Química}} [[gadolínio]]
==Ver também==
===No Wikcionário===
{{tabela periódica/gsw}}
[[Categoria:Substantivo (Alemânico)]]
[[Categoria:Elemento químico (Alemânico)]]
={{-de-}}=
{{elementos|Gd|Europium|Eu|Terbium|Tb}}
==Substantivo==
'''Gadolinium'''
# {{escopo|Química}} [[gadolínio]]
==Ver também==
===No Wikcionário===
{{tabela periódica/de}}
[[Categoria:Substantivo (Alemão)]]
[[Categoria:Elemento químico (Alemão)]]
={{-nds-}}=
{{elementos|Gd|Europium|Eu|Terbium|Tb}}
==Substantivo==
'''Gadolinium'''
# {{escopo|Química}} [[gadolínio]]
==Ver também==
===No Wikcionário===
{{tabela periódica/nds}}
[[Categoria:Substantivo (Baixo Saxão)]]
[[Categoria:Elemento químico (Baixo Saxão)]]
={{-stq-}}=
{{elementos|Gd|Europium|Eu|Terbium|Tb}}
==Substantivo==
'''Gadolinium'''
# {{escopo|Química}} [[gadolínio]]
==Ver também==
===No Wikcionário===
{{tabela periódica/stq}}
[[Categoria:Substantivo (Frísio Oriental)]]
[[Categoria:Elemento químico (Frísio Oriental)]]
={{-lb-}}=
{{elementos|Gd|Europium|Eu|Terbium|Tb}}
==Substantivo==
'''Gadolinium'''
# {{escopo|Química}} [[gadolínio]]
==Ver também==
===No Wikcionário===
{{tabela periódica/lb}}
[[Categoria:Substantivo (Luxemburguês)]]
[[Categoria:Elemento químico (Luxemburguês)]]</text>
<sha1>gyk0ni1367sutx75uz3t3kmbdsgyh6k</sha1>
</revision>
</page>
