<page>
<title>gadolinio</title>
<ns>0</ns>
<id>260612</id>
<revision>
<id>2633004</id>
<parentid>2629000</parentid>
<timestamp>2021-05-03T08:55:32Z</timestamp>
<contributor>
<username>ValJor</username>
<id>1358</id>
</contributor>
<minor />
<comment>Tinha sobrado uma referência à predefinição escopoCatLang, agora eliminada</comment>
<model>wikitext</model>
<format>text/x-wiki</format>
<text bytes="3159" xml:space="preserve">{{Wikipédia|lang=eu}}
{{Wikipédia|lang=es}}
{{Wikipédia|lang=eo}}
{{Wikipédia|lang=gl}}
{{Wikipédia|lang=io}}
{{Wikipédia|lang=it}}
[[Imagem:Gd,64.jpg|thumb|right|250px|{{centro|Gadolínio}}]]
={{-eu-}}=
==Substantivo==
{{elementos|Gd|europio|Eu|terbio|Tb}}
'''gadolinio''' 
# {{escopo|eu|Química}} [[gadolínio]]
==Ver também==
===No Wikcionário===
{{tabela periódica/eu}}
[[Categoria:Substantivo (Basco)]]
[[Categoria:Elemento químico (Basco)]]
[[Categoria:Entrada com imagem (Basco)]]
={{-es-}}=
==Substantivo==
{{elementos|Gd|europio|Eu|terbio|Tb}}
'''gadolinio''', {{gramática|m}}
# {{escopo|es|Química}} [[gadolínio]]
=={{pronúncia|es}}==
{{ouvir|LL-Q1321 (spa)-Millars-gadolinio.wav|gadolinio}}
==Ver também==
===No Wikcionário===
{{tabela periódica/es}}
[[Categoria:Substantivo (Espanhol)]]
[[Categoria:Elemento químico (Espanhol)]]
[[Categoria:Entrada com imagem (Espanhol)]]
={{-eo-}}=
==Substantivo==
{{elementos|Gd|eŭropio|Eu|terbio|Tb}}
'''ga.do.li.{{grifar|ni}}.o'''
# {{escopo|eo|Química}} [[gadolínio]]
===Declinação===
{{decl.eo.subst.sing}}
=={{etimologia|eo}}==
{{llietimo|la|gadolinium|eo}}
{{etimo.eo|gadolini|-o}}
=={{pronúncia|eo}}==
* [[AFI]]: {{AFI|/ɡa.dɔ.li.ˈni.ɔ/}}
==Ver também==
===No Wikcionário===
{{tabela periódica/eo}}
[[Categoria:Substantivo (Esperanto)]]
[[Categoria:Polissílabo (Esperanto)]]
[[Categoria:Paroxítona (Esperanto)]]
[[Categoria:Elemento químico (Esperanto)]]
[[Categoria:Entrada com imagem (Esperanto)]]
={{-gl-}}=
==Substantivo==
{{elementos|Gd|europio|Eu|terbio|Tb}}
'''gadolinio''', {{gramática|m}}
# {{escopo|gl|Química}} [[gadolínio]]
==Ver também==
===No Wikcionário===
{{tabela periódica/gl}}
[[Categoria:Substantivo (Galego)]]
[[Categoria:Elemento químico (Galego)]]
[[Categoria:Entrada com imagem (Galego)]]
={{-io-}}=
{{elementos|Gd|europio|Eu|terbio|Tb}}
==Substantivo==
'''ga.do.li.{{grifar|ni}}.o'''
# {{escopo|io|Química}} [[gadolínio]]
===Declinação===
{{decl.io.subst.sing|gadolinio}}
=={{etimologia|io}}==
{{llietimo|eo|gadolinio|io}}
{{etimo.io|gadolini|-o}}
=={{pronúncia|io}}==
* [[AFI]]: {{AFI|/ɡa.dɔ.li.ˈni.ɔ/}}
==Ver também==
===No Wikcionário===
{{tabela periódica/io}}
[[Categoria:Substantivo (Ido)]]
[[Categoria:Polissílabo (Ido)]]
[[Categoria:Paroxítona (Ido)]]
[[Categoria:Elemento químico (Ido)]]
[[Categoria:Entrada com imagem (Ido)]]
={{-it-}}=
==Substantivo==
{{elementos|Gd|europio|Eu|terbio|Tb}}
'''gadolinio''', {{gramática|m}}
# {{escopo|it|Química}} [[gadolínio]]
==Ver também==
===No Wikcionário===
{{tabela periódica/it}}
[[Categoria:Substantivo (Italiano)]]
[[Categoria:Elemento químico (Italiano)]]
[[Categoria:Entrada com imagem (Italiano)]]
={{-lfn-}}=
==Substantivo==
{{elementos|Gd|europio|Eu|terbio|Tb}}
'''gadolinio'''
# {{escopo|lfn|Química}} [[gadolínio]]
==={{-varort-}}===
* '''Alfabeto cirílico''': {{l.s.|гадолинио|{{lfn}}}}
==Ver também==
===No Wikcionário===
{{tabela periódica/lfn}}
[[Categoria:Substantivo (Língua Franca Nova)]]
[[Categoria:Elemento químico (Língua Franca Nova)]]
[[Categoria:Entrada com imagem (Língua Franca Nova)]]</text>
<sha1>od2q7g2aee5i5j7uqvcvwl4fo8xi1ky</sha1>
</revision>
</page>
