<page>
<page>
<title>gado</title>
<ns>0</ns>
<id>1290</id>
<revision>
<id>2674780</id>
<parentid>2674779</parentid>
<timestamp>2022-04-24T17:33:47Z</timestamp>
<contributor>
<ip>179.152.39.78</ip>
</contributor>
<comment>/* Substantivo */</comment>
<model>wikitext</model>
<format>text/x-wiki</format>
<text bytes="2356" xml:space="preserve">{{Wikipédia|lang=pt}}
[[Imagem:Terceira serra do cume gado.JPG|thumb|right|250px|&lt;center&gt;Gado&lt;/center&gt;]]
{{ver também|gabo|cado|gafo|gago}}
={{-pt-}}=
==Substantivo==
{{flex.pt|ms=gado|mp=gados}}
{{paroxítona|ga|do}}, {{gramática|m}}, {{datação|837}}
# {{escopo|pt|coletivo}} [[conjunto]] de [[animal|animais]] bovinos criados para diversos fins
# {{escopo2|tabuísmo}} [[prostituta]]
# {{escopo|pt|gíria}} pessoa que aceita abusos e humilhações de alguém por quem tenha interesse sexual, na esperança de ser recompensado com sexo
# {{escopo|pt|gíria}} pessoa que se submete aos caprichos do seu par romântico sem questionar e/ou ter seus desejos atendidos na mesma proporção
# {{escopo|pt|gíria|pejorativo}} termo usado por pessoas sexualmente insatisfeitas para se referir a homens que agem de forma educada e gentil com mulheres, com a intenção de insinuar que estes homens estejam agindo apenas por motivação sexual, mesmo que não haja nenhuma evidência disso
# {{escopo|pt|Brasil|gíria|pejorativo|política}} apoiador(a) do político [[w:Jair_Bolsonaro|Jair Messias Bolsonaro]]
===Expressões===
* '''[[gado demais]]''':
===Sinônimo===
De '''1''':
* [[rebanho]]
===Traduções===
{{tradini|De 1 (conjunto de animais)}}
* {{t|de|Vieh|n}}
* {{trad|sn|mombo}}
* {{t|es|ganado|m}}
* {{trad|eo|brutaro}}
{{tradmeio}}
* {{t|fr|bétail|m}}
* {{trad|io|brutaro}}
* {{trad|en|livestock|stock}}
{{tradfim}}
=={{etimologia|pt}}==
{{llietimo|la|ganatus|pt}} Vide espanhol {{etimo|es|ganado}}.
=={{pronúncia|pt}}==
===Brasil===
====Paranaense====
* AFI: {{AFI|/ˈga.do/}}
* X-SAMPA: /&quot;ga.do/
====Paulistana e Caipira====
* AFI: {{AFI|/ˈga.du/}}
* X-SAMPA: /&quot;ga.du/
===Portugal===
* AFI: {{AFI|/ˈɡa.du/}}
==Ver também==
===No Wikcionário===
{{colunas|2}}
* [[boi]]
* [[boiada]]
* [[boiadeiro]]
* [[boieira]]
* [[boieiro]]
* [[caubói]]
* [[toiro]]
* [[touro]]
* [[vaca]]
* [[vaqueiro]]
{{colunas/fim}}
====Adjetivos====
{{colunas|3}}
* [[asinino]]
* [[boiadeiro]]
* [[boieiro]]
* [[bovino]]
* [[caprino]]
* [[cavalar]]
* [[equino]]
* [[muar]]
* [[ovino]]
* [[rangífero]]
* [[suíno]]
* [[vaqueiro]]
{{colunas/fim}}
==Ligações externas==
* {{Aulete}}
* {{Michaelis}}
* {{DicioAberto}}
* {{DPLP}}
* {{Infopédia}}
* {{PLP}}
* {{VOLPABL}}
[[Categoria:Substantivo (Português)]]
[[Categoria:Entrada com imagem (Português)]]</text>
<sha1>8vweoux642usm5jssb9rhcbqzbi3lbj</sha1>
</revision>
