<page>
<title>gadoliniu</title>
<ns>0</ns>
<id>334092</id>
<revision>
<id>2352967</id>
<parentid>2203784</parentid>
<timestamp>2017-05-02T20:24:03Z</timestamp>
<contributor>
<username>HydrizBot</username>
<id>29590</id>
</contributor>
<minor />
<comment>Robô: A limpar links interwikis antigos</comment>
<model>wikitext</model>
<format>text/x-wiki</format>
<text bytes="1078" xml:space="preserve">={{-ast-}}=
{{elementos|Gd|europiu|Eu|terbiu|Tb}}
==Substantivo==
'''gadoliniu'''
# {{escopo|Química}} [[gadolínio]]
==Ver também==
===No Wikcionário===
{{tabela periódica/ast}}
{{categorias|{{nome categoria|ast}}|Substantivo|Elemento químico}}
={{-co-}}=
{{Wikipédia|lang=co}}
{{elementos|Gd|europiu|Eu|terbiu|Tb}}
==Substantivo==
'''gadoliniu'''
# {{escopo|Química}} [[gadolínio]]
==Ver também==
===No Wikcionário===
{{tabela periódica/co}}
{{categorias|{{nome categoria|co}}|Substantivo|Elemento químico}}
={{-ro-}}=
{{Wikipédia|lang=ro}}
{{elementos|Gd|europiu|Eu|terbiu|Tb}}
==Substantivo==
'''gadoliniu'''
# {{escopo|Química}} [[gadolínio]]
==Ver também==
===No Wikcionário===
{{tabela periódica/ro}}
{{categorias|{{nome categoria|ro}}|Substantivo|Elemento químico}}
={{-scn-}}=
{{Wikipédia|lang=scn}}
{{elementos|Gd|europiu|Eu|terbiu|Tb}}
==Substantivo==
'''gadoliniu'''
# {{escopo|Química}} [[gadolínio]]
==Ver também==
===No Wikcionário===
{{tabela periódica/scn}}
{{categorias|{{nome categoria|scn}}|Substantivo|Elemento químico}}</text>
<sha1>4u513xmy26kfzkfy1y1z7ddygga7rly</sha1>
</revision>
</page>
