<page>
<title>gadolinnium</title>
<ns>0</ns>
<id>388384</id>
<revision>
<id>2470959</id>
<timestamp>2017-12-16T12:51:08Z</timestamp>
<contributor>
<username>ValJor</username>
<id>1358</id>
</contributor>
<comment>Criação do verbete a partir da [[Especial:Páginas_pedidas|lista de palavras pedidas]]</comment>
<model>wikitext</model>
<format>text/x-wiki</format>
<text bytes="330" xml:space="preserve">{{Wikipédia|lang=gv}}
={{-gv-}}=
==Substantivo==
{{elementos|Gd|oarpium|Eu|çherbium|Tb}}
'''gadolinnium'''
# {{escopo|gv|Química}} [[gadolínio]]
==={{-varort-}}===
* [[flooareen]]
==Ver também==
===No Wikcionário===
{{tabela periódica/gv}}
[[Categoria:Substantivo (Manquês)]]
[[Categoria:Elemento químico (Manquês)]]</text>
<sha1>cxxj0sc4pwhjcm4xeyl0ntiv92v8lqq</sha1>
</revision>
</page>
