<page>
<page>
<title>gadolien</title>
<ns>0</ns>
<id>364870</id>
<revision>
<id>2352961</id>
<parentid>2172920</parentid>
<timestamp>2017-05-02T20:22:59Z</timestamp>
<contributor>
<username>HydrizBot</username>
<id>29590</id>
</contributor>
<minor />
<comment>Robô: A limpar links interwikis antigos</comment>
<model>wikitext</model>
<format>text/x-wiki</format>
<text bytes="239" xml:space="preserve">={{-li-}}=
{{elementos|Gd|euroopjóm|Eu|tèrbjóm|Tb}}
==Substantivo==
'''gadolien'''
# {{escopo|li|Elemento químico}} [[gadolínio]]
==Ver também==
===No Wikcionário===
{{tabela periódica/li}}
[[Categoria:Substantivo (Limburguês)]]</text>
<sha1>sluz99afe6t3375o82t88b1yvvfw9pt</sha1>
</revision>
