<page>
<page>
<title>gadolinyo</title>
<ns>0</ns>
<id>386360</id>
<revision>
<id>2463478</id>
<timestamp>2017-11-28T10:12:03Z</timestamp>
<contributor>
<username>ValJor</username>
<id>1358</id>
</contributor>
<comment>Criação do verbete a partir da [[Especial:Páginas_pedidas|lista de palavras pedidas]]</comment>
<model>wikitext</model>
<format>text/x-wiki</format>
<text bytes="856" xml:space="preserve">{{Wikipédia|lang=ceb}}
{{Wikipédia|lang=war}}
={{-ceb-}}=
==Substantivo==
{{elementos|Gd|europyo|Eu|terbyo|Tb}}
'''gadolinyo'''
# {{escopo|ceb|Química}} [[gadolínio]]
==Ver também==
===No Wikcionário===
{{tabela periódica/ceb}}
[[Categoria:Substantivo (Cebuano)]]
[[Categoria:Elemento químico (Cebuano)]]
={{-tl-}}=
==Substantivo==
{{elementos|Gd|europyo|Eu|terbyo|Tb}}
'''gadolinyo'''
# {{escopo|tl|Química}} [[gadolínio]]
==Ver também==
===No Wikcionário===
{{tabela periódica/tl}}
[[Categoria:Substantivo (Tagalo)]]
[[Categoria:Elemento químico (Tagalo)]]
={{-war-}}=
==Substantivo==
{{elementos|Gd|europyo|Eu|terbyo|Tb}}
'''gadolinyo'''
# {{escopo|war|Química}} [[gadolínio]]
==Ver também==
===No Wikcionário===
{{tabela periódica/war}}
[[Categoria:Substantivo (Waray-Waray)]]
[[Categoria:Elemento químico (Waray-Waray)]]</text>
<sha1>5z0wjn3aqfoeri56j3qiq91l4jb8hud</sha1>
</revision>
