<page>
<page>
<title>gadolinyum</title>
<ns>0</ns>
<id>364174</id>
<revision>
<id>2352969</id>
<parentid>2166552</parentid>
<timestamp>2017-05-02T20:24:18Z</timestamp>
<contributor>
<username>HydrizBot</username>
<id>29590</id>
</contributor>
<minor />
<comment>Robô: A limpar links interwikis antigos</comment>
<model>wikitext</model>
<format>text/x-wiki</format>
<text bytes="257" xml:space="preserve">{{Wikipédia|lang=tr}}
={{-tr-}}=
{{elementos|Gd|evropiyum|Eu|terbiyum|Tb}}
==Substantivo==
'''gadolinyum'''
# {{escopo|tr|Elemento químico}} [[gadolínio]]
==Ver também==
===No Wikcionário===
{{tabela periódica/tr}}
[[Categoria:Substantivo (Turco)]]</text>
<sha1>d3x5ay19sgmjlgyo0dt4y51uwclp9qr</sha1>
</revision>
