<page>
<page>
<title>gadolinis</title>
<ns>0</ns>
<id>381359</id>
<revision>
<id>2532839</id>
<parentid>2440477</parentid>
<timestamp>2019-01-13T16:28:56Z</timestamp>
<contributor>
<username>Amigo7</username>
<id>58547</id>
</contributor>
<model>wikitext</model>
<format>text/x-wiki</format>
<text bytes="272" xml:space="preserve">{{Wikipédia|lang=lt}}
={{-lt-}}=
==Substantivo==
{{elementos|Gd|europis|Eu|terbis|Tb}}
'''gadolinis''', {{gramática|m}}
# {{escopo|lt|Elemento químico}} [[gadolínio]]
==Ver também==
===No Wikcionário===
{{tabela periódica/lt}}
[[Categoria:Substantivo (Lituano)]]</text>
<sha1>0xbjdyqigsmpaf8hu84wmdc98czpsuk</sha1>
</revision>
