<page>
<title>gads</title>
<ns>0</ns>
<id>86381</id>
<revision>
<id>2352973</id>
<parentid>1860376</parentid>
<timestamp>2017-05-02T20:24:40Z</timestamp>
<contributor>
<username>HydrizBot</username>
<id>29590</id>
</contributor>
<minor />
<comment>Robô: A limpar links interwikis antigos</comment>
<model>wikitext</model>
<format>text/x-wiki</format>
<text bytes="1211" xml:space="preserve">={{-en-}}=
==Forma de substantivo==
{{flex.en|gad|gads|s-div=gad|p-div=gads}}
'''gads''', {{p}}
# forma plural de [[gad]]
{{avi-for-fle|gad}}
==Forma verbal==
'''gads'''
# terceira pessoa do singular do presente do indicativo do verbo [[gad]]
{{avi-for-fle|gad}}
=={{pronúncia|en}}==
* [[AFI]]: {{AFI|/gæds/}}
* [[X-SAMPA]]: /g{ds/
[[Categoria:Forma de substantivo (Inglês)]]
[[Categoria:Forma verbal (Inglês)]]
[[Categoria:Monossílabo (Inglês)]]
={{-lv-}}=
==Substantivo==
'''gads'''
# [[ano]]:
#* ''Aprīlis ir '''gada''' ceturtais mēnesis.'': &lt;small&gt;(Abril é o quarto mês do ano)&lt;/small&gt;
===Declinação===
{{decl.lv.subst.1|gad|s}}
==Ver também==
===No Wikcionário===
{{verTambém.Ini}}
* [[Apêndice:Estações do ano]]
* [[Apêndice:Meses do ano|Apêndice:Meses do ano]]
* [[Apêndice:Unidades de tempo]]
{{verTambém.Fim}}
{{estações do ano/lv}}
{{meses/lv}}
[[Categoria:Substantivo (Letão)]]
[[Categoria:Monossílabo (Letão)]]
[[Categoria:Tempo (Letão)]]
={{-vo-}}=
==Forma de substantivo==
{{oxítona|lang=vo|gads}}, {{p}}
# plural de '''[[gad]]'''
==={{pronúncia|vo}}===
* [[AFI]]: {{AFI|/gads/|lang=vo}}
{{avi-for-fle|gad}}
[[Categoria:Forma de substantivo (Volapuque)]]</text>
<sha1>f3fvvaxcn35blbr6ynrihcpxigrxmdy</sha1>
</revision>
</page>
