<page>
<title>gadunho</title>
<ns>0</ns>
<id>97432</id>
<revision>
<id>2666438</id>
<parentid>2636767</parentid>
<timestamp>2022-03-17T22:18:51Z</timestamp>
<contributor>
<username>Cpls</username>
<id>20608</id>
</contributor>
<comment>/* {{etimologia|pt}} */</comment>
<model>wikitext</model>
<format>text/x-wiki</format>
<text bytes="665" xml:space="preserve">{{ver também|gadanho|gadunha}}
={{-pt-}}=
==Adjetivo==
{{flex.pt|ms=gadunho|mp=gadunhos|fs=gadunha|fp=gadunhas}}
{{paroxítona|ga|du|nho}}
# [[avarento]]
==Substantivo&lt;sup&gt;1&lt;/sup&gt;==
{{flex.pt|ms=gadunho|mp=gadunhos}}
{{paroxítona|ga|du|nho}}, {{g|m}}
# {{escopo|pt|Minho}} [[unha]] [[crescer|crescida]]
# {{escopo|pt|Trás-os-Montes}} [[fuinha]], [[gato]]-bravo
# {{escopo|pt|Trás-os-Montes}} parte sólida do [[caldo]], [[rasulho]]
=={{etimologia|pt}}==
: Confronte-se com [[gardunho]].
==Ver também==
===No Wikcionário===
{{verTambém.Ini}}
* [[gatanho]]
{{verTambém.NovaColuna}}
* [[gardunha]]
{{verTambém.Fim}}
[[Categoria:Substantivo (Português)]]</text>
<sha1>1k23f2yxp3iuxg7u79c0l6xaicbdq7h</sha1>
</revision>
</page>
