<page>
<title>gadunhar</title>
<ns>0</ns>
<id>434477</id>
<revision>
<id>2636781</id>
<parentid>2636771</parentid>
<timestamp>2021-06-03T18:10:22Z</timestamp>
<contributor>
<username>Cpls</username>
<id>20608</id>
</contributor>
<comment>/* {{-gl-}} */</comment>
<model>wikitext</model>
<format>text/x-wiki</format>
<text bytes="480" xml:space="preserve">={{-gl-}}=
{{ga-in}}
==Substantivo==
{{oxítona|ga|du|nhar|lang=gl}}
# [[arranhar]]
# [[rasgar]]; riscar uma superfície lisa
===Sinónimos===
* De '''1''': [[agadunhar#{{gl}}|agadunhar]], [[agardunhar#{{gl}}|agardunhar]], [[ergadunhar#{{gl}}|ergadunhar]], [[gatunhar#{{gl}}|gatunhar]]
===Verbete derivado===
* [[gadunhada#{{gl}}|gadunhada]]
=={{etimologia|gl}}==
: {{escopo|Morfologia}} De ''[[gadunha#{{gl}}|gadunha]]'' + ''[[-ar#{{gl}}|-ar]]''.
[[Categoria:Verbo (Galego)]]</text>
<sha1>9tgyuq0uxag79bo9o2xtqhx1ucq8bl7</sha1>
</revision>
</page>
