<page>
<title>gadunhada</title>
<ns>0</ns>
<id>434484</id>
<revision>
<id>2636782</id>
<timestamp>2021-06-03T18:13:32Z</timestamp>
<contributor>
<username>Cpls</username>
<id>20608</id>
</contributor>
<comment>[[Ajuda:Guia de edição/Menus e ferramentas/Sumário de edição|→]] nova página: ={{-gl-}}= {{ga-in}} ==Substantivo== {{flex.gl|fs=gadunhada|fp=gadunhadas}} {{paroxítona|ga|du|nha|da|lang=g...</comment>
<model>wikitext</model>
<format>text/x-wiki</format>
<text bytes="334" xml:space="preserve">={{-gl-}}=
{{ga-in}}
==Substantivo==
{{flex.gl|fs=gadunhada|fp=gadunhadas}}
{{paroxítona|ga|du|nha|da|lang=gl}}, {{g|f}}
# [[arranhadura]]
===Sinónimo===
* [[gatunhada#{{gl}}|gatunhada]], [[rabunhada#{{gl}}|rabunhada]]
=={{etimologia|gl}}==
: Do particípio de ''[[gadunhar#{{gl}}|gadunhar]]''.
[[Categoria:Substantivo (Galego)]]</text>
<sha1>jviphc2cxw8noedsg0cllqhpja7vifl</sha1>
</revision>
</page>
