<page>
<page>
<title>gadunheiro</title>
<ns>0</ns>
<id>434488</id>
<revision>
<id>2636789</id>
<timestamp>2021-06-03T18:31:52Z</timestamp>
<contributor>
<username>Cpls</username>
<id>20608</id>
</contributor>
<comment>[[Ajuda:Guia de edição/Menus e ferramentas/Sumário de edição|→]] nova página: ={{-gl-}}= {{ga-in}} ==Adjetivo== {{flex.gl|ms=gadunheiro|mp=gadunheiros|fs=gadunheira|fp=gadunheiras}} {{par...</comment>
<model>wikitext</model>
<format>text/x-wiki</format>
<text bytes="461" xml:space="preserve">={{-gl-}}=
{{ga-in}}
==Adjetivo==
{{flex.gl|ms=gadunheiro|mp=gadunheiros|fs=gadunheira|fp=gadunheiras}}
{{paroxítona|ga|du|nhei|ro|lang=gl}}
# [[arranhador]], que costuma ferir com as unhas
===Sinónimos===
* [[gadunhento#{{gl}}|gadunhento]], [[gatunheiro#{{gl}}|gatunheiro]]
=={{etimologia|gl}}==
: {{escopo|Morfologia}} De ''[[gadunha#{{gl}}|gadunha]]'' + ''[[-eiro#{{gl}}|-eiro]]''.
==Ligações externas==
* {{Estraviz}}
[[Categoria:Adjetivo (Galego)]]</text>
<sha1>f1he6vgz2aiaae8daz9477jsoa6rr0z</sha1>
</revision>
