<page>
<title>gadzooks</title>
<ns>0</ns>
<id>420233</id>
<revision>
<id>2580581</id>
<parentid>2575290</parentid>
<timestamp>2020-03-05T10:48:51Z</timestamp>
<contributor>
<username>ValJor</username>
<id>1358</id>
</contributor>
<comment>Melhorando a apresentação do verbete usando a [[:predefinição:cria-entrada]]</comment>
<model>wikitext</model>
<format>text/x-wiki</format>
<text bytes="334" xml:space="preserve">={{-en-}}=
==Interjeição==
'''gadzooks'''
# {{escopo|en|Arcaico}} expressa [[surpresa]], [[choque]]
===Sinônimo===
* [[wow]]
=={{etimologia|en}}==
: Da expressão &quot;God's hooks&quot;, uma referência aos pregos usados na crucificação de Cristo.
=={{pronúncia|en}}==
* [[AFI]]: /ɡædˈzuːks/
[[Categoria:Interjeição (Inglês)]]</text>
<sha1>eep36xq4pc7vu573bcx9rdlc2tucrkp</sha1>
</revision>
</page>
