<page>
<page>
<title>gadánha</title>
<ns>0</ns>
<id>14752</id>
<revision>
<id>1325979</id>
<parentid>1091134</parentid>
<timestamp>2011-12-08T01:02:54Z</timestamp>
<contributor>
<username>MalafayaBot</username>
<id>628</id>
</contributor>
<minor />
<comment>Robô: Substituição de texto automática (-^\=(\s*?)(\{\{kea\}\}|Cabo\-?verdiano)(\s*?)\= +={{-kea-}}=)</comment>
<model>wikitext</model>
<format>text/x-wiki</format>
<text bytes="86" xml:space="preserve">={{-kea-}}=
==Verbo==
'''gadánha'''
# [[trepar]]
[[Categoria:Verbo (Cabo-verdiano)]]</text>
<sha1>6swkpgf1pkuzrs5b2msatxhfpmv3xlf</sha1>
</revision>
