<page>
<title>Gaeilge</title>
<ns>0</ns>
<id>367630</id>
<revision>
<id>2269496</id>
<parentid>2193989</parentid>
<timestamp>2017-04-26T17:59:27Z</timestamp>
<contributor>
<username>HydrizBot</username>
<id>29590</id>
</contributor>
<minor />
<comment>Robô: A limpar links interwikis antigos</comment>
<model>wikitext</model>
<format>text/x-wiki</format>
<text bytes="324" xml:space="preserve">={{-ga-}}=
=={{pronúncia|ga}}==
* AFI: {{AFI|/ˈɡeːlʲɟɪ/}}
==Substantivo==
'''Gaeilge''' {{f}}
# {{escopo|linguística}} [[irlandês]], [[língua]] [[irlandês|irlandesa]].
# {{escopo|linguística}} [[gaélico]], qualquer [[língua gaélica]].
[[Categoria:Substantivo (Irlandês)]]
[[Categoria:Língua (Irlandês)]]</text>
<sha1>fzmp5r590z1i3nb44j5gpoepv8vpqnc</sha1>
</revision>
</page>
