<page>
<title>Gaelisj</title>
<ns>0</ns>
<id>150182</id>
<revision>
<id>2471685</id>
<parentid>2269497</parentid>
<timestamp>2017-12-19T17:54:11Z</timestamp>
<contributor>
<username>ValJor</username>
<id>1358</id>
</contributor>
<comment>Acrescentando código de língua à [[:Categoria:!Página com mensagem de erro em predefinição|predefinição escopo]]</comment>
<model>wikitext</model>
<format>text/x-wiki</format>
<text bytes="475" xml:space="preserve">={{-li-}}=
==Substantivo==
'''Gaelisj''' {{n}}
# {{escopo|li|linguística}} [[gaélico escocês]], [[língua]] gaélica escocesa
===Sinônimos===
* {{escopo2|dialeto de Mastrique}} {{link preto|Sjots Gaelic}}
==Ver também==
===No Wikcionário===
{{verTambém.Ini}}
* [[Èèrsj]]
* {{link preto|Manx Gaelic}}
{{verTambém.NovaColuna|50}}
* {{link preto|Sjots}}
* [[Sjótlandj]]
{{verTambém.Fim}}
[[Categoria:Substantivo (Limburguês)]]
[[Categoria:Língua (Limburguês)]]</text>
<sha1>mceszv2p9p47o6iyq6ffpplpvfl92fj</sha1>
</revision>
</page>
