<page>
<title>gaf</title>
<ns>0</ns>
<id>359229</id>
<revision>
<id>2352976</id>
<parentid>2125707</parentid>
<timestamp>2017-05-02T20:24:54Z</timestamp>
<contributor>
<username>HydrizBot</username>
<id>29590</id>
</contributor>
<minor />
<comment>Robô: A limpar links interwikis antigos</comment>
<model>wikitext</model>
<format>text/x-wiki</format>
<text bytes="187" xml:space="preserve">={{-pro-}}=
==Substantivo==
'''gaf''', {{m}}
# [[gancho]]
=={{etimologia|pro}}==
{{llietimo|got|𐌲𐌰𐍆𐌰𐌷|pro|gafah|[[gancho]]}}
[[Categoria:Substantivo (Provençal Antigo)]]</text>
<sha1>9p03il6vznk7316twfsmnoa10gwr4rm</sha1>
</revision>
</page>
