<page>
<page>
<title>gafanhoto</title>
<ns>0</ns>
<id>67562</id>
<revision>
<id>2654857</id>
<parentid>2654852</parentid>
<timestamp>2021-12-13T01:29:47Z</timestamp>
<contributor>
<username>ValJor</username>
<id>1358</id>
</contributor>
<minor />
<comment>Revertidas edições por [[Especial:Contribuições/179.246.222.171|179.246.222.171]] para a última versão por [[Especial:Contribuições/ValJor|ValJor]]</comment>
<model>wikitext</model>
<format>text/x-wiki</format>
<text bytes="2391" xml:space="preserve">{{Wikipédia}}
[[Imagem:Young grasshopper on grass stalk02.jpg|thumb|right|250px|&lt;center&gt;Gafanhoto&lt;/center&gt;]]
={{-pt-}}=
==Substantivo==
{{flex.pt|ms=gafanhoto|mp=gafanhotos}}
{{paroxítona|ga|fa|nho|to}}, {{gramática|m}}
# [[inseto]] [[saltador]]
#* ''Passou por esta cidade, no dia 13 do corrente, a maior quantidade de '''gafanhotos''' que por aqui se tem visto.'' {{OESP|1907|novembro|19}}
# [[saltão]]
===Sinônimo===
* {{escopo|pt|Trás-os-Montes}} [[sartigalho]]
===Tradução===
{{tradini}}
* {{trad|af|sprinkaan}}
* {{trad|ay|t'ijut'iju}}
* {{trad|sq|karkalec}}
* {{trad|de|Heuschrecke|Grashüpfer}}
* {{trad|ar|جُنْدب}}
* {{trad|arn|chori}}
* {{trad|eu|matxin-salto}}
* {{trad|bn|গঁগাফিরং}}
* {{trad|br|kilhog-raden|lamperez}}
* {{trad|kea|kafanhotu}}
* {{trad|ca|saltamontes}}
* {{trad|zh|蚱蜢|蝗虫}}
* {{trad|ku|kulî|melex}}
* {{trad|da|græshoppe}}
* {{trad|sk|kobylka}}
* {{trad|es|saltamonte|langosta}}
* {{trad|eo|lokusto|akrido}}
* {{trad|et|rohutirts|rändrohutirts}}
* {{trad|fi|heinäsirkka}}
* {{trad|vls|sprinkhaan}}
* {{trad|fr|sauterelle|criquet|locuste}}
* {{trad|gl|saltón|sombreiro}}
* {{trad|cy|ceiliog y rhedyn|sioncyn y gwair}}
* {{trad|gn|tuku}}
* {{trad|gu|તીડ}}
* {{trad|he|חגב}}
* {{trad|hi|टिड्डा}}
* {{trad|nl|sprinkhaan}}
* {{trad|hu|sáska}}
* {{trad|io|lokusto|akrido}}
{{tradmeio}}
* {{trad|en|grasshopper|locust}}
* {{trad|ga|dreoilín teaspaigh}}
* {{trad|it|cavalletta|locusta}}
* {{trad|ja|バッタ}}
* {{trad|lad|saioch}}
* {{trad|la|locusta}}
* {{trad|lv|sienāzis}}
* {{trad|lt|žiogas}}
* {{trad|ms|belalang}}
* {{trad|mg|valala}}
* {{trad|mr|टोळ}}
* {{trad|mwl|sartigalho}}
* {{trad|nci|chapolin}}
* {{trad|fa|نوعی ملخ}}
* {{trad|pms|cavalëtta}}
* {{trad|pl|konik polny|pasikonik}}
* {{trad|pa|ਟਿੱਡਾ}}
* {{trad|qu|tuwañu|tinti}}
* {{trad|ro|lacusta|cosaș}}
* {{trad|ru|саранча}}
* {{trad|se|rásselohkku}}
* {{trad|sa|शरलभः}}
* {{trad|sro|pibizziri|pibizzìu|anzesa|cerbuscu}}
* {{trad|sw|panzi}}
* {{trad|sv|gräshoppa}}
* {{trad|tl|tipaklong}}
* {{trad|tet|lalaek}}
* {{trad|tn|tsiakgope}}
* {{trad|val|saltamarti}}
* {{trad|zu|intethe}}
{{tradfim}}
=={{pronúncia|pt}}==
===Portugal===
* AFI: {{AFI|/ɡɐ.fɐ.ˈɲo.tu/}}
[[Categoria:Substantivo (Português)]]
[[Categoria:Inseto (Português)]]
[[Categoria:Entrada com imagem (Português)]]</text>
<sha1>d5h8gak9xclqu9wui4ny1ofd02nae8o</sha1>
</revision>
