<page>
<page>
<title>gafa</title>
<ns>0</ns>
<id>328686</id>
<revision>
<id>2352977</id>
<parentid>2246299</parentid>
<timestamp>2017-05-02T20:25:59Z</timestamp>
<contributor>
<username>HydrizBot</username>
<id>29590</id>
</contributor>
<minor />
<comment>Robô: A limpar links interwikis antigos</comment>
<model>wikitext</model>
<format>text/x-wiki</format>
<text bytes="1551" xml:space="preserve">={{-ca-}}=
==Substantivo==
{{flex.ca|fs=gafa|fp=gafes}}
{{paroxítona|ga|fa|lang=ca}}, {{g|f|lang=ca}}
# [[gancho]]
# [[grampa]]
# [[pinça]]
# [[mola]] da roupa
# [[tenaz]]
# [[apeiro]], ferramenta agrícola com três bicos para arrancar o esterco
# [[retribuição|retribuições]] de um ofício fora do salário, [[gorjeta]]
===Sinônimo===
: '''De 6 (gorjeta):'''
* [[agafa#Catalão|agafa]]
=={{etimologia|ca}}==
: Da raiz [[germânico|germânica]] ''gaff'', &quot;[[contrair]]&quot;. Confronte-se com ''[[agafar#Catalão|agafar]]''.
[[Categoria:Substantivo (Catalão)]]
={{-gl-}}=
==Substantivo==
{{flex.gl|fs=gafa|fp=gafes}}
{{paroxítona|ga|fa|lang=gl}}, {{g|f|lang=gl}}
# {{escopo|gl|antigo}} [[gancho]] da arma de lançar setas, da [[besta]]
# {{escopo|gl|Crustáceo}} [[caranguejo-preto]] (''[[species:Pachygrapsus marmoratus|Pachygrapsus marmoratus]]'')
[[Categoria:Substantivo (Galego)]]
={{-roa-gpm-}}=
==Adjetivo==
{{flex.roa-gpm|ms=gafo|mp=gafos|fs=gafa|fp=gafas}}
{{paroxítona|ga|fa|lang=roa-gpm}}
# que tem [[lepra]]
==Substantivo==
{{flex.roa-gpm|fs=gafa|fp=gafas}}
{{paroxítona|ga|fa|lang=roa-gpm}}, {{f}}
# [[lepra]]
===Sinônimos===
{{verTambém.Ini}}
* [[gafém#Galego-Português Medieval|gafém]]
* [[gafeza#Galego-Português Medieval|gafeza]]
{{verTambém.NovaColuna}}
* [[gafidade#Galego-Português Medieval|gafidade]]
{{verTambém.Fim}}
=={{etimologia|roa-gpm}}==
: Do árabe ''qáfia'', ([[contrair|contraída]]).
[[Categoria:Adjetivo (Galego-Português Medieval)]]
[[Categoria:Substantivo (Galego-Português Medieval)]]</text>
<sha1>12rvgy8jzc4sjnokqdfteqd85fuwe2s</sha1>
</revision>
