<page>
<title>gafael</title>
<ns>0</ns>
<id>392312</id>
<revision>
<id>2483136</id>
<timestamp>2018-02-05T11:54:42Z</timestamp>
<contributor>
<username>Cpls</username>
<id>20608</id>
</contributor>
<comment>[[Ajuda:Guia de edição/Menus e ferramentas/Sumário de edição|→]] nova página: ={{-cy-}}= ==Verbo== '''gafael''' # [[segurar]] firmemente, pegar, [[apertar]], agarrar  =={{etimologia|cy}}=...</comment>
<model>wikitext</model>
<format>text/x-wiki</format>
<text bytes="243" xml:space="preserve">={{-cy-}}=
==Verbo==
'''gafael'''
# [[segurar]] firmemente, pegar, [[apertar]], agarrar
=={{etimologia|cy}}==
: De um proto-céltico ''*gabaglā''. Confronte-se com [[gavela]] e com o catalao {{etimo|ca|agafar}}.
[[Categoria:Verbo (Galês)]]</text>
<sha1>hz6jwxh2wuzayl55souq4i92gevlo1x</sha1>
</revision>
</page>
