<page>
<title>gafalote</title>
<ns>0</ns>
<id>443543</id>
<revision>
<id>2675705</id>
<parentid>2675663</parentid>
<timestamp>2022-05-03T12:19:59Z</timestamp>
<contributor>
<username>Cpls</username>
<id>20608</id>
</contributor>
<comment>/* {{-gl-}} */</comment>
<model>wikitext</model>
<format>text/x-wiki</format>
<text bytes="554" xml:space="preserve">={{-gl-}}=
==Substantivo==
{{flex.gl|ms=gafalote|mp=gafalotes}}
{{paroxítona|ga|fa|lo|te|lang=gl}}, {{g|m}}
# {{escopo|gl|Náutica}} nas [[embarcação|embarcações]] a vela, compartimento onde são guardadas as velas, as [[adriça]]s, e que serve de camarote para os marinheiros mais novos
# {{escopo|gl|Náutica}} [[compartimento]] na [[proa]]
=={{etimologia|gl}}==
: Da mesma origem que {{etimo|gl|cafarrote}}. Confronte-se com {{etimo|gl|fagalote}} e {{etimo|gl|camarote}}.
==Ligação externa==
* {{Estraviz}}
[[Categoria:Substantivo (Galego)]]</text>
<sha1>92boov478ko36gdpyo56si6cm4uo8xq</sha1>
</revision>
</page>
