<page>
<title>gafejar</title>
<ns>0</ns>
<id>318680</id>
<revision>
<id>1721324</id>
<timestamp>2013-09-08T13:12:09Z</timestamp>
<contributor>
<username>ValJor</username>
<id>1358</id>
</contributor>
<comment>Por um [[Especial:Lonelypages|wikcionário sem órfãos]]: [[gafejámos]]</comment>
<model>wikitext</model>
<format>text/x-wiki</format>
<text bytes="210" xml:space="preserve">={{-pt-}}=
==Verbo==
{{oxítona|ga|fe|jar}}
# [[cometer]] [[gafe]]
===Conjugação===
{{conj/pt|gafej|ar}}
=={{etimologia|pt}}==
: {{escopo|Morfologia}} [[gafe]] + [[-ejar]].
[[Categoria:Verbo (Português)]]</text>
<sha1>f1199y7xg6jxn7kqq2s8kbdra5zr7tm</sha1>
</revision>
</page>
