<page>
<page>
<title>gafeza</title>
<ns>0</ns>
<id>328684</id>
<revision>
<id>2072118</id>
<parentid>1842945</parentid>
<timestamp>2016-03-17T12:43:35Z</timestamp>
<contributor>
<username>ValJor</username>
<id>1358</id>
</contributor>
<comment>Um verbete a menos usando a [[Predefinição:flex.pt.feminino|predefinição flex.pt.feminino]]</comment>
<model>wikitext</model>
<format>text/x-wiki</format>
<text bytes="565" xml:space="preserve">={{-roa-gpm-}}=
==Substantivo==
{{flex.roa-gpm|fs=gafeza|fp=gafezas}}
{{paroxítona|ga|fe|za|lang=roa-gpm}}, {{f}}
# [[lepra]]
===Sinônimos===
{{verTambém.Ini}}
* [[gafa#Galego-Português Medieval|gafa]]
{{verTambém.NovaColuna}}
* [[gafém#Galego-Português Medieval|gafém]]
{{verTambém.NovaColuna}}
* [[gafidade#Galego-Português Medieval|gafidade]]
{{verTambém.Fim}}
=={{etimologia|roa-gpm}}==
: Do árabe ''qáfia'', ([[contrair|contraída]]).
[[Categoria:Substantivo (Galego-Português  Medieval)]]
[[Categoria:Patologia (Galego-Português  Medieval)]]</text>
<sha1>lwh2e5btxh9lljf92wf5x136t83ea8w</sha1>
</revision>
