<page>
<page>
<title>gafeira</title>
<ns>0</ns>
<id>319607</id>
<revision>
<id>1751863</id>
<timestamp>2013-10-12T13:09:41Z</timestamp>
<contributor>
<username>ValJor</username>
<id>1358</id>
</contributor>
<comment>Atendendo a [[Wikcionário:Entradas requisitadas|pedido de consulente]]</comment>
<model>wikitext</model>
<format>text/x-wiki</format>
<text bytes="516" xml:space="preserve">={{-pt-}}=
==Substantivo==
{{flex.pt|fs=gafeira|fp=gafeiras}}
{{paroxítona|ga|fei|ra}}
# [[lepra]]
# [[sarna]] [[leproso|leprosa]] de certos [[animal|animais]]; [[morrinha]]
# [[doença]] dos [[olho]]s dos [[boi]]s, com [[inchação]] das [[pálpebra]]s
===Sinônimo===
{{verTambém.Ini}}
* [[gafaria]]
{{verTambém.NovaColuna}}
* [[gafidade]]
{{verTambém.Fim}}
=={{etimologia|pt}}==
: {{escopo|Morfologia}} [[gafa]] + [[-eira]].
==Ligações externas==
* {{DicioAberto}}
[[Categoria:Substantivo (Português)]]</text>
<sha1>45u701v2kgjgxope2gyre4vlt6c54qq</sha1>
</revision>
