<page>
<page>
<title>gafejámos</title>
<ns>0</ns>
<id>311122</id>
<revision>
<id>2550199</id>
<parentid>1654572</parentid>
<timestamp>2019-07-25T15:56:22Z</timestamp>
<contributor>
<username>ValJor</username>
<id>1358</id>
</contributor>
<comment>Acrescentando a predefinição avi-for-fle</comment>
<model>wikitext</model>
<format>text/x-wiki</format>
<text bytes="263" xml:space="preserve">={{-pt-}}=
==Forma verbal==
{{paroxítona|ga|fe|já|mos}}
# {{escopo2|grafia lusitana}} primeira pessoa do plural do pretérito perfeito do indicativo do verbo [[gafejar]]
{{avi-for-fle|gafejar}}
[[Categoria:Forma verbal (Português)]]
[[Categoria:Lusitanismo]]</text>
<sha1>43qywb029nt24h0t1ceiv09g935xlw1</sha1>
</revision>
