<page>
<page>
<title>gafe</title>
<ns>0</ns>
<id>319615</id>
<revision>
<id>2591093</id>
<parentid>2508978</parentid>
<timestamp>2020-06-23T16:10:15Z</timestamp>
<contributor>
<username>Frank C. Müller</username>
<id>19551</id>
</contributor>
<comment>+ trad de.</comment>
<model>wikitext</model>
<format>text/x-wiki</format>
<text bytes="1254" xml:space="preserve">{{Wikipédia}}
={{-pt-}}=
==Substantivo==
{{flex.pt|fs=gafe|fp=gafes}}
{{paroxítona|ga|fe}}, {{f}}
# [[ação]] ou [[palavra]] [[impensado|impensada]] que involuntariamente causa [[constrangimento]] ao autor e/ou às pessoas a ele próximas
#* ''Lula comete '''gafe''' e chama venezuelanos de bolivianos'' {{OESP|2006|novembro|13}}
===Sinônimos===
De '''1''':
{{verTambém.Ini}}
* [[descuido]]
* [[deslize]]
* [[escorregadela]]
{{verTambém.NovaColuna}}
* {{escopo2|estrangeirismo}} ''[[gaffe]]''
* [[rata]]
{{verTambém.Fim}}
=={{etimologia|pt}}==
{{llietimo|fr|gaffe|pt}}
===Tradução===
{{tradini|1. ação ou palavra impensada que involuntariamente causa constrangimento ao autor e/ou às pessoas a ele próximas}}
* {{t|de|Fauxpas|m}}, {{xlatio|de|Patzer|''m.''}}
&lt;!--* {{t|ca|}}--&gt;
&lt;!--* {{t|es|}}--&gt;
&lt;!--* {{t|fr|}}--&gt;
{{tradmeio}}
&lt;!--* {{t|nl|}}--&gt;
&lt;!--* {{t|en|}}--&gt;
&lt;!--* {{t|it|}}--&gt;
{{tradfim}}
==Ver também==
===No Wikcionário===
{{verTambém.Ini}}
* [[bola fora]]
* [[fora]]
{{verTambém.NovaColuna}}
* [[mico]]
* [[pisada de bola]]
{{verTambém.Fim}}
[[Categoria:Substantivo (Português)]]
={{-es-}}=
==Substantivo==
'''gafe'''
# [[mau]] [[agouro]]
[[Categoria:Substantivo (Espanhol)]]
[[Categoria:Falso cognato (Espanhol)]]</text>
<sha1>iibd0ox24lx269opes9k7lgg1944eni</sha1>
</revision>
