<page>
<title>gaffall</title>
<ns>0</ns>
<id>87627</id>
<revision>
<id>2352980</id>
<parentid>2203786</parentid>
<timestamp>2017-05-02T20:26:13Z</timestamp>
<contributor>
<username>HydrizBot</username>
<id>29590</id>
</contributor>
<minor />
<comment>Robô: A limpar links interwikis antigos</comment>
<model>wikitext</model>
<format>text/x-wiki</format>
<text bytes="209" xml:space="preserve">={{-is-}}=
== Substantivo ==
'''gaffall''', ''masculino, forte, grupo 1 (síncope)''
# [[garfo]].
=== Declinação ===
{{decl.is.subst.forte.masc.1.síncope|gaff|a|l|l}}
[[Categoria:Substantivo (Islandês)]]</text>
<sha1>2nnv671iyk85p8q64u9qc1yg3syfap8</sha1>
</revision>
</page>
