<page>
<title>gaffõl</title>
<ns>0</ns>
<id>221427</id>
<revision>
<id>1554177</id>
<parentid>822275</parentid>
<timestamp>2012-12-06T16:44:20Z</timestamp>
<contributor>
<username>VJBot</username>
<id>33673</id>
</contributor>
<minor />
<comment>Robô: Substituição de texto automática  (-{{vertb}} +Ver também)</comment>
<model>wikitext</model>
<format>text/x-wiki</format>
<text bytes="322" xml:space="preserve">={{-liv-}}=
==Substantivo==
'''gaffõl''' ''sem gênero''
# [[pano]]
# [[tecido]]
==Ver também==
{{tradini|}}
* [[võţīm]]
* [[kibār]]
* [[mitš]]
* [[kīndaz]]
* [[kāngaz]]
* [[kōj]]
* [[veis]]
* [[sīlmaōrõn]]
* [[lōda]]
* [[lōdaōrõn]]
* [[lovā]]
* [[raj]]
{{tradfim}}
[[Categoria:Substantivo (Livônio)]]</text>
<sha1>lgb2gcqdxa2irpfto8z64hr3a6x1j0g</sha1>
</revision>
</page>
