<page>
<page>
<title>gafieira</title>
<ns>0</ns>
<id>15046</id>
<revision>
<id>1484829</id>
<parentid>1258363</parentid>
<timestamp>2012-10-20T04:04:24Z</timestamp>
<contributor>
<username>VJBot</username>
<id>33673</id>
</contributor>
<minor />
<comment>Robô: Substituição de texto automática  (-{{wikipedia}} +{{Wikipédia}})</comment>
<model>wikitext</model>
<format>text/x-wiki</format>
<text bytes="418" xml:space="preserve">{{Wikipédia}}
={{-pt-}}=
==Substantivo==
{{flex.pt|fs=gafieira|fp=gafieiras}}
{{paroxítona|ga|fi|ei|ra}}
# [[dança]] de [[salão]] em [[casal]]
# [[baile]] popular com entrada paga; local onde estes se realizam
# [[prostíbulo]] de categoria menor
# [[arrasta-pé]]
==Ver também==
===No Wikcionário===
* [[citações:gafieira|Citação]]
[[Categoria:Substantivo (Português)]]
[[Categoria:Dança (Português)]]</text>
<sha1>7uy3q62q41sufnrba93ukrln3zccldv</sha1>
</revision>
