<page>
<page>
<title>gafidade</title>
<ns>0</ns>
<id>328683</id>
<revision>
<id>2072122</id>
<parentid>1842944</parentid>
<timestamp>2016-03-17T12:50:37Z</timestamp>
<contributor>
<username>ValJor</username>
<id>1358</id>
</contributor>
<comment>Um verbete a menos usando a [[Predefinição:flex.pt.feminino|predefinição flex.pt.feminino]]</comment>
<model>wikitext</model>
<format>text/x-wiki</format>
<text bytes="542" xml:space="preserve">={{-roa-gpm-}}=
==Substantivo==
{{flex.roa-gpm|fs=gafidade|fp=gafidades}}
{{paroxítona|ga|fi|da|de|lang=roa-gpm}}, {{f}}
# [[lepra]]
===Sinônimos===
{{verTambém.Ini}}
* [[gafa#Galego-Português Medieval|gafa]]
* [[gafém#Galego-Português Medieval|gafém]]
{{verTambém.NovaColuna}}
* [[gafeza#Galego-Português Medieval|gafeza]]
{{verTambém.Fim}}
=={{etimologia|roa-gpm}}==
: Do árabe ''qáfia'', ([[contrair|contraída]]).
[[Categoria:Substantivo (Galego-Português  Medieval)]]
[[Categoria:Patologia (Galego-Português  Medieval)]]</text>
<sha1>1mgchqa8vup9ltxreqqcyyn7ofy1bg3</sha1>
</revision>
