<page>
<title>gafniy</title>
<ns>0</ns>
<id>385250</id>
<revision>
<id>2457287</id>
<timestamp>2017-10-26T16:04:16Z</timestamp>
<contributor>
<username>ValJor</username>
<id>1358</id>
</contributor>
<comment>Criação do verbete a partir da [[Especial:Páginas_pedidas|lista de palavras pedidas]]</comment>
<model>wikitext</model>
<format>text/x-wiki</format>
<text bytes="283" xml:space="preserve">{{Wikipédia|lang=uz}}
={{-uz-}}=
==Substantivo==
{{elementos|Hf|lyutetsiy|Lu|tantal|Ta}}
'''gafniy'''
# {{escopo|uz|Química}} [[háfnio]]
==Ver também==
===No Wikcionário===
{{tabela periódica/uz}}
[[Categoria:Substantivo (Uzbeque)]]
[[Categoria:Elemento químico (Uzbeque)]]</text>
<sha1>9xux8653nwjdcgrnqd0jhhsc5vybt8o</sha1>
</revision>
</page>
