<page>
<title>Gaforrja</title>
<ns>0</ns>
<id>153272</id>
<revision>
<id>2269498</id>
<parentid>661709</parentid>
<timestamp>2017-04-26T17:59:31Z</timestamp>
<contributor>
<username>HydrizBot</username>
<id>29590</id>
</contributor>
<minor />
<comment>Robô: A limpar links interwikis antigos</comment>
<model>wikitext</model>
<format>text/x-wiki</format>
<text bytes="191" xml:space="preserve">={{-sq-}}=
==Substantivo==
'''Gaforrja''' {{pr}}
#{{escopo|Astrologia}} [[Câncer]], quarto [[signo]] do [[zodíaco]]
[[Categoria:Substantivo (Albanês)]]
[[Categoria:Astrologia (Albanês)]]</text>
<sha1>n796wf4j3fly6gbfcom39dsltxoxk6k</sha1>
</revision>
</page>
