<page>
<page>
<title>gaforinha</title>
<ns>0</ns>
<id>225938</id>
<revision>
<id>2070880</id>
<parentid>856431</parentid>
<timestamp>2016-03-14T14:31:54Z</timestamp>
<contributor>
<username>Luan</username>
<id>1279</id>
</contributor>
<comment>/* Substantivo */aplicação de 'subst:' em [[predefinição:flex.pt.fem.reg]] utilizando [[Project:AutoWikiBrowser|AWB]]</comment>
<model>wikitext</model>
<format>text/x-wiki</format>
<text bytes="301" xml:space="preserve">={{-pt-}}=
==Substantivo==
{{flex.pt|fs=gaforinha|fs-div=ga.fo.&lt;u&gt;ri&lt;/u&gt;.nha|fp=gaforinhas|fp-div=ga.fo.&lt;u&gt;ri&lt;/u&gt;.nhas}}
{{paroxítona|ga|fo|ri|nha}} {{gênero|f}}
# [[cabelo]] [[desgrenhado]]
# [[juba]]
# [[grenha]]
# [[topete]]
===Sinônimo===
* [[gaforina]]
[[Categoria:Substantivo (Português)]]</text>
<sha1>8x6pvrnk6wlzwkmc36uq753441x7jxa</sha1>
</revision>
