<page>
<title>gafua</title>
<ns>0</ns>
<id>410502</id>
<revision>
<id>2545491</id>
<timestamp>2019-05-31T12:21:10Z</timestamp>
<contributor>
<username>Cpls</username>
<id>20608</id>
</contributor>
<comment>[[Ajuda:Guia de edição/Menus e ferramentas/Sumário de edição|→]] nova página: ={{-gl-}}= ==Adjetivo== {{flex.gl|fs=gafua|fp=gafuas}} {{paroxítona|ga|fu|a|lang=gl}}, {{g|f|lang=gl}} # {{e...</comment>
<model>wikitext</model>
<format>text/x-wiki</format>
<text bytes="728" xml:space="preserve">={{-gl-}}=
==Adjetivo==
{{flex.gl|fs=gafua|fp=gafuas}}
{{paroxítona|ga|fu|a|lang=gl}}, {{g|f|lang=gl}}
# {{escopo|gl|Pejorativo}} [[cafua#{{pt}}|cafua]], [[pobre]]
# {{escopo|gl|Pejorativo}} [[soez]], vil; desprezível
==={{-varort-}}===
* [[bacua#{{gl}}|bacua]], [[bafua#{{gl}}|bafua]], [[cafua#{{gl}}|cafua]], [[mafua#{{gl}}|mafua]]
==Substantivo==
{{flex.gl|fs=gafua|fp=gafuas}}
{{paroxítona|ga|fu|a|lang=gl}}, {{g|f|lang=gl}}
# {{escopo|gl|Pejorativo}} gente inferiorzada por ser pobre ou de escassa educação; [[ralé]]
=={{etimologia|gl}}==
: Confronte-se com ''[[cafua#{{gl}}|cafua]]'', ''[[gafo#{{gl}}|gafo]]'' e ''[[gafualha#{{gl}}|gafualha]]''.
[[Categoria:Adjetivo (Galego)]]
[[Categoria:Substantivo (Galego)]]</text>
<sha1>2si08vfg5p92xbbetob1fby3pjjsyxs</sha1>
</revision>
</page>
