<page>
<page>
<title>gafualha</title>
<ns>0</ns>
<id>410509</id>
<revision>
<id>2545505</id>
<timestamp>2019-05-31T20:50:11Z</timestamp>
<contributor>
<username>Cpls</username>
<id>20608</id>
</contributor>
<comment>[[Ajuda:Guia de edição/Menus e ferramentas/Sumário de edição|→]] nova página: ={{-gl-}}= ==Substantivo== {{flex.gl|fs=gafualha|fp=gafualhas}} {{paroxítona|ga|fu|a|lha|lang=gl}}, {{g|f|la...</comment>
<model>wikitext</model>
<format>text/x-wiki</format>
<text bytes="705" xml:space="preserve">={{-gl-}}=
==Substantivo==
{{flex.gl|fs=gafualha|fp=gafualhas}}
{{paroxítona|ga|fu|a|lha|lang=gl}}, {{g|f|lang=gl}}
# {{escopo|gl|Pejorativo}} [[ralé]], conjunto de gente [[soez]] ou inferiorzada por ser pobre ou de escassa educação
===Sinónimos===
* [[caçabalha#{{gl}}|caçabalha]], [[caçobalha#{{gl}}|caçobalha]], [[caçualha#{{gl}}|caçualha]], [[cafualha#{{gl}}|cafualha]], [[gafualhada#{{gl}}|gafualhada]], [[gentalha#{{gl}}|gentalha]], [[gentualha#{{gl}}|gentualha]], [[gurrufalha#{{gl}}|gurrufalha]]
=={{etimologia|gl}}==
: Confronte-se com ''[[gafua#{{gl}}|gafua]]'' + ''[[-alho#{{gl}}|-alha]]''. Confronte-se com ''[[agafualhar#{{gl}}|agafualhar]]''.
[[Categoria:Substantivo (Galego)]]</text>
<sha1>ii2ebekfbhaj8w73ins8pvs76akzmj7</sha1>
</revision>
