<page>
<title>gafém</title>
<ns>0</ns>
<id>328685</id>
<revision>
<id>2072084</id>
<parentid>1842946</parentid>
<timestamp>2016-03-17T09:49:31Z</timestamp>
<contributor>
<username>ValJor</username>
<id>1358</id>
</contributor>
<comment>Um verbete a menos usando a [[Predefinição:flex.pt.feminino|predefinição flex.pt.feminino]]</comment>
<model>wikitext</model>
<format>text/x-wiki</format>
<text bytes="479" xml:space="preserve">={{-roa-gpm-}}=
==Substantivo==
{{flex.roa-gpm|fs=gafém|fp=gafens}}
{{oxítona|ga|fém|lang=roa-gpm}}, {{f}}
# [[lepra]]
===Sinônimos===
{{verTambém.Ini}}
* [[gafa#Galego-Português Medieval|gafa]]
* [[gafeza#Galego-Português Medieval|gafeza]]
{{verTambém.NovaColuna}}
* [[gafidade#Galego-Português Medieval|gafidade]]
{{verTambém.Fim}}
=={{etimologia|roa-gpm}}==
: Do árabe ''qáfia'', ([[contrair|contraída]]).
[[Categoria:Substantivo (Galego-Português Medieval)]]</text>
<sha1>52mtnyk8ty56ptk0a5x9ln9p960x0zw</sha1>
</revision>
</page>
