<page>
<page>
<title>gag</title>
<ns>0</ns>
<id>388352</id>
<revision>
<id>2470807</id>
<timestamp>2017-12-15T16:24:29Z</timestamp>
<contributor>
<username>Askekamo</username>
<id>60711</id>
</contributor>
<comment>[[Ajuda:Guia de edição/Menus e ferramentas/Sumário de edição|→]] nova página: ={{-pt-}}= ==Substantivo== {{flex.pt|fs=gag|fp=gags}} '''''gag''''', {{gramática|f}} # {{escopo|pt|estrangei...</comment>
<model>wikitext</model>
<format>text/x-wiki</format>
<text bytes="170" xml:space="preserve">={{-pt-}}=
==Substantivo==
{{flex.pt|fs=gag|fp=gags}}
'''''gag''''', {{gramática|f}}
# {{escopo|pt|estrangeirismo}} ver [[gague]]
[[Categoria:Substantivo (Português)]]</text>
<sha1>d7jd0o15ejd3tjlvajsdfeqf2dl8v1c</sha1>
</revision>
