<page>
<title>gagauz</title>
<ns>0</ns>
<id>171587</id>
<revision>
<id>2352984</id>
<parentid>2125712</parentid>
<timestamp>2017-05-02T20:26:33Z</timestamp>
<contributor>
<username>HydrizBot</username>
<id>29590</id>
</contributor>
<minor />
<comment>Robô: A limpar links interwikis antigos</comment>
<model>wikitext</model>
<format>text/x-wiki</format>
<text bytes="608" xml:space="preserve">={{-pt-}}=
==Adjetivo==
{{oxítona|ga|ga|uz}} {{mf}}
#relativo à [[Gagaúzia]], ao [[povo]] ou [[idioma]] gagauz
==Substantivo==
{{oxítona|ga|ga|uz}} {{m}}
#o idioma da [[Gagaúzia]], região [[autônoma]] da [[República da Moldávia]]
#[[morador]] da [[Gagaúzia]]
===Tradução===
{{tradini}}
*{{trad|es|gagauzo}}
*{{trad|ko|가가우스어}}
{{tradmeio}}
*{{trad|pl|gagauski}} ''m''
{{tradfim}}
==Ver também==
*[[:Categoria:Gagauz|Categoria:Gagauz]]
[[Categoria:Adjetivo (Português)]]
[[Categoria:Substantivo (Português)]]
[[Categoria:Língua (Português)]]
[[Categoria:Gentílico (Português)]]</text>
<sha1>ci9phtdzezs6d1350zfai3rf3w6lmqt</sha1>
</revision>
</page>
