<page>
<page>
<title>gaga</title>
<ns>0</ns>
<id>239843</id>
<revision>
<id>2681357</id>
<parentid>2441766</parentid>
<timestamp>2022-06-21T10:26:01Z</timestamp>
<contributor>
<username>ValJor</username>
<id>1358</id>
</contributor>
<comment>Retirando verbete da Categoria:Entrada de étimo francês</comment>
<model>wikitext</model>
<format>text/x-wiki</format>
<text bytes="2230" xml:space="preserve">={{-pt-}}=
==Forma de substantivo==
{{flex.pt|ms=gago|mp=gagos|fs=gaga|fp=gagas}}
{{paroxítona|ga|ga}}
# feminino de '''[[gago]]'''
{{avi-for-fle|gago}}
[[Categoria:Forma de substantivo (Português)]]
={{-abq-}}=
==Substantivo==
'''gaga'''
# [[círculo]]
[[Categoria:Substantivo (Abaza)]]
[[Categoria:Geometria (Abaza)]]
={{-fr-}}=
==Adjetivo==
{{flex.fr|s=gaga|p=gagas}}
'''gaga''', {{gramática|m|f}}
# [[gaga#Português|gagá]]
==={{etimologia|fr}}===
: Do francês [[gâteux]], com reduplicação da primeira sílaba, no sentido de  [[senil]].
==Substantivo==
{{flex.fr|s=gaga|p=gagas}}
'''gaga''', {{gramática|m|f}}
# {{escopo|fr|Familiar}}  [[habitante]] de [[w:Saint-Étienne|Saint-Étienne]],  [[cidade]] do [[sudeste]] da [[França]], antiga área de exploração de [[hulha]]
#* ''Bienvenue chez les '''gagas'''''. &lt;ref&gt;[https://www.weezevent.com/bienvenue-chez-les-gagas Bienvenue chez les gagas]. ''Weezevent''.&lt;/ref&gt; &lt;small&gt;(Bem-vindo à terra dos gagás.)&lt;/small&gt; 
#  o [[francês]] [[popular]], falado na cidade de Saint-Étienne e [[região]], que incorpora termos oriundos do [[franco-provençal]]
#* ''Le parler '''gaga''' demeure bien vivant en tant que français en usage à Saint-Étienne et dans sa région.'' &lt;small&gt;(O falar  gagá  continua bem vivo como o francês usado em Saint-Étienne e região.)&lt;/small&gt; 
==={{etimologia|fr}}===
:  De ''gagate'' ou  ''gagat'', &lt;ref&gt;{{fr}} ''Lexique de géologie sédimentaire'': [http://www.geolsed.ulg.ac.be/sedim/lexique.htm Jais]&lt;/ref&gt; proveniente do [[grego antigo]] λίθος γαγάτης (transliteração: ''litos gagates''), referente à pedra do rio Gages, perto da cidade de Gagai, na [[w:Lícia|Lícia]]), pelo [[latim]] ''gagates'' : [[azeviche]] (por extensão, o [[explorador]] [[mineral]]) &lt;ref&gt;''[http://mc42.free.fr/legendes.htm#gaga Le dictionnaire du patois forézien]'', de Louis-Pierre GRAS, 1863.&lt;/ref&gt;.
=={{pronúncia|fr}}==
* [[AFI]]  : {{AFI|/ɡa.ɡa/|lang=fr}}
==Ver também==
===No Wikcionário===
{{verTambém.Ini}}
* [[gažä]] ''(redondo)''
{{verTambém.NovaColuna}}
* [[gwärgwär]] ''(anel)''
{{verTambém.Fim}}
==Referências==
&lt;references /&gt;
[[Categoria:Adjetivo (Francês)]]
[[Categoria:Substantivo (Francês)]]</text>
<sha1>tkiw5jp49guu2ic9u0j09jy22ttyixj</sha1>
</revision>
