<page>
<title>gaggalagaggalagó</title>
<ns>0</ns>
<id>165863</id>
<revision>
<id>1553710</id>
<parentid>1512795</parentid>
<timestamp>2012-12-06T14:34:20Z</timestamp>
<contributor>
<username>VJBot</username>
<id>33673</id>
</contributor>
<minor />
<comment>Robô: Substituição de texto automática  (-{{vertb}} +Ver também)</comment>
<model>wikitext</model>
<format>text/x-wiki</format>
<text bytes="402" xml:space="preserve">={{-is-}}=
==Onomatopeia==
'''gag.ga.la.gag.ga.la.gó'''
# [[cocorocó]], [[cocoricó]], [[som]] [[do]] {{l.s.|canto}} do [[galo]].
===Grafias alternativas===
* [[gaggalagó]]/[[gaggalagú]], [[gaggalagaggalagú]], [[gaggala gaggala gó]]/[[gaggala gaggala gú]]
==Ver também==
===No Wikcionário===
{{verTambém.Ini}}
* [[hani#{{is}}|hani]]
{{verTambém.Fim}}
[[Categoria:Onomatopeia (Islandês)]]</text>
<sha1>c233psauqc43bc7598tc9dtntjg3mh0</sha1>
</revision>
</page>
