<page>
<title>gaggalagó</title>
<ns>0</ns>
<id>165860</id>
<revision>
<id>2352986</id>
<parentid>1553707</parentid>
<timestamp>2017-05-02T20:26:38Z</timestamp>
<contributor>
<username>HydrizBot</username>
<id>29590</id>
</contributor>
<minor />
<comment>Robô: A limpar links interwikis antigos</comment>
<model>wikitext</model>
<format>text/x-wiki</format>
<text bytes="399" xml:space="preserve">={{-is-}}=
==Onomatopeia==
'''gag.ga.la.gó'''
# [[cocorocó]], [[cocoricó]], [[som]] [[do]] {{l.s.|canto}} do [[galo]].
===Grafias alternativas===
* [[gaggalagú]], [[gaggalagaggalagó]]/[[gaggalagaggalagú]], [[gaggala gaggala gó]]/[[gaggala gaggala gú]]
==Ver também==
===No Wikcionário===
{{verTambém.Ini}}
* [[hani#{{is}}|hani]]
{{verTambém.Fim}}
[[Categoria:Onomatopeia (Islandês)]]</text>
<sha1>aj15rqbohf3utnnrz3mjui7vdova9jy</sha1>
</revision>
</page>
