<page>
<title>gaggalagaggalagú</title>
<ns>0</ns>
<id>165862</id>
<revision>
<id>1553709</id>
<parentid>1512794</parentid>
<timestamp>2012-12-06T14:34:01Z</timestamp>
<contributor>
<username>VJBot</username>
<id>33673</id>
</contributor>
<minor />
<comment>Robô: Substituição de texto automática  (-{{vertb}} +Ver também)</comment>
<model>wikitext</model>
<format>text/x-wiki</format>
<text bytes="402" xml:space="preserve">={{-is-}}=
==Onomatopeia==
'''gag.ga.la.gag.ga.la.gú'''
# [[cocorocó]], [[cocoricó]], [[som]] [[do]] {{l.s.|canto}} do [[galo]].
===Grafias alternativas===
* [[gaggalagó]]/[[gaggalagú]], [[gaggalagaggalagó]], [[gaggala gaggala gó]]/[[gaggala gaggala gú]]
==Ver também==
===No Wikcionário===
{{verTambém.Ini}}
* [[hani#{{is}}|hani]]
{{verTambém.Fim}}
[[Categoria:Onomatopeia (Islandês)]]</text>
<sha1>mlmh1ejx8xbs7xl0a2wo57amqaq1ckj</sha1>
</revision>
</page>
