<page>
<page>
<title>gagixa</title>
<ns>0</ns>
<id>14753</id>
<revision>
<id>1325980</id>
<parentid>1091132</parentid>
<timestamp>2011-12-08T01:02:55Z</timestamp>
<contributor>
<username>MalafayaBot</username>
<id>628</id>
</contributor>
<minor />
<comment>Robô: Substituição de texto automática (-^\=(\s*?)(\{\{kea\}\}|Cabo\-?verdiano)(\s*?)\= +={{-kea-}}=)</comment>
<model>wikitext</model>
<format>text/x-wiki</format>
<text bytes="86" xml:space="preserve">={{-kea-}}=
==Verbo==
'''gagixa'''
# [[gaguejar]]
[[Categoria:Verbo (Cabo-verdiano)]]</text>
<sha1>n5jfk8b6hr1vuuny4hkhunim9948agd</sha1>
</revision>
