<page>
<title>gago</title>
<ns>0</ns>
<id>103638</id>
<revision>
<id>2623020</id>
<parentid>2352990</parentid>
<timestamp>2021-02-08T17:50:19Z</timestamp>
<contributor>
<username>Manandez</username>
<id>47395</id>
</contributor>
<minor />
<comment>Informação.</comment>
<model>wikitext</model>
<format>text/x-wiki</format>
<text bytes="552" xml:space="preserve">={{-pt-}}=
==Adjetivo==
{{flex.pt|ms=gago|mp=gagos|fs=gaga|fp=gagas}}
{{paroxítona|ga|go}}
# diz-se daquele que [[gaguejar|gagueja]], que se atrapalha ao falar
===Sinônimo===
{{verTambém.Ini}}
* [[tartamudo]]
{{verTambém.NovaColuna}}
* [[tatibitate]]
{{verTambém.Fim}}
==Substantivo==
{{paroxítona|ga|go}}, {{gramática|ms}}
# aquele que [[gaguejar|gagueja]], que se atrapalha ao falar
==Ver também==
===Na Wikipédia===
* [[w:Disfemia|disfemia]]
==Anagrama==
# [[goga]]
[[Categoria:Adjetivo (Português)]]
[[Categoria:Substantivo (Português)]]</text>
<sha1>99l0o4i0pm5u3epkz3uh9z5577ivb15</sha1>
</revision>
</page>
