<page>
<page>
<title>gaguejaremos</title>
<ns>0</ns>
<id>187817</id>
<revision>
<id>2353006</id>
<parentid>2211792</parentid>
<timestamp>2017-05-02T20:28:19Z</timestamp>
<contributor>
<username>HydrizBot</username>
<id>29590</id>
</contributor>
<minor />
<comment>Robô: A limpar links interwikis antigos</comment>
<model>wikitext</model>
<format>text/x-wiki</format>
<text bytes="214" xml:space="preserve">={{-pt-}}=
==Forma verbal==
{{paroxítona|ga|gue|ja|re|mos}}
#[[primeira pessoa]] do [[plural]] do [[futuro do presente]] do verbo '''[[gaguejar]]'''
{{avi-for-fle|gaguejar}}
[[Categoria:Forma verbal (Português)]]</text>
<sha1>s31ynt6bzir8y9tgyjdx83t8irrrx91</sha1>
</revision>
