<page>
<title>gaguejáreis</title>
<ns>0</ns>
<id>182064</id>
<revision>
<id>2353036</id>
<parentid>2211799</parentid>
<timestamp>2017-05-02T20:30:33Z</timestamp>
<contributor>
<username>HydrizBot</username>
<id>29590</id>
</contributor>
<minor />
<comment>Robô: A limpar links interwikis antigos</comment>
<model>wikitext</model>
<format>text/x-wiki</format>
<text bytes="222" xml:space="preserve">={{-pt-}}=
==Forma verbal==
{{paroxítona|ga|gue|já|reis}}
#[[segunda pessoa]] do [[plural]] do [[pretérito mais-que-perfeito]] do verbo '''[[gaguejar]]'''
{{avi-for-fle|gaguejar}}
[[Categoria:Forma verbal (Português)]]</text>
<sha1>4ta1mfce5wrzaw8ladcfjf7mxsw6m9k</sha1>
</revision>
</page>
