<page>
<title>gaguejo</title>
<ns>0</ns>
<id>152038</id>
<revision>
<id>2353032</id>
<parentid>2211770</parentid>
<timestamp>2017-05-02T20:30:23Z</timestamp>
<contributor>
<username>HydrizBot</username>
<id>29590</id>
</contributor>
<minor />
<comment>Robô: A limpar links interwikis antigos</comment>
<model>wikitext</model>
<format>text/x-wiki</format>
<text bytes="218" xml:space="preserve">={{-pt-}}=
==Forma verbal==
{{paroxítona|ga|gue|jo}}
#[[primeira]] [[pessoa]] do [[singular]] do [[presente]] [[indicativo]] do verbo '''[[gaguejar]]'''
{{avi-for-fle|gaguejar}}
[[Categoria:Forma verbal (Português)]]</text>
<sha1>6693ewwmkgr8u09ub473km3jc1486qo</sha1>
</revision>
</page>
