<page>
<title>gaguejamos</title>
<ns>0</ns>
<id>157390</id>
<revision>
<id>2352996</id>
<parentid>2211788</parentid>
<timestamp>2017-05-02T20:27:57Z</timestamp>
<contributor>
<username>HydrizBot</username>
<id>29590</id>
</contributor>
<minor />
<comment>Robô: A limpar links interwikis antigos</comment>
<model>wikitext</model>
<format>text/x-wiki</format>
<text bytes="367" xml:space="preserve">={{-pt-}}=
==Forma verbal==
{{paroxítona|ga|gue|ja|mos}}
#[[primeira pessoa]] do [[plural]] do [[presente]] do [[modo indicativo]] do verbo '''[[gaguejar]]'''
#{{escopo2|grafia brasileira}} [[primeira pessoa]] do [[plural]] do [[pretérito perfeito]] do [[modo indicativo]] do verbo '''[[gaguejar]]'''
{{avi-for-fle|gaguejar}}
[[Categoria:Forma verbal (Português)]]</text>
<sha1>0nefumrc76hisqjx1k8duekb1hh535u</sha1>
</revision>
</page>
