<page>
<page>
<title>gaguejará</title>
<ns>0</ns>
<id>186479</id>
<revision>
<id>2353012</id>
<parentid>2211787</parentid>
<timestamp>2017-05-02T20:28:32Z</timestamp>
<contributor>
<username>HydrizBot</username>
<id>29590</id>
</contributor>
<minor />
<comment>Robô: A limpar links interwikis antigos</comment>
<model>wikitext</model>
<format>text/x-wiki</format>
<text bytes="210" xml:space="preserve">={{-pt-}}=
==Forma verbal==
{{oxítona|ga|gue|ja|rá}}
#[[terceira pessoa]] do [[singular]] do [[futuro do presente]] do verbo '''[[gaguejar]]'''
{{avi-for-fle|gaguejar}}
[[Categoria:Forma verbal (Português)]]</text>
<sha1>43y8wh6171ubm25gmp0j4lnba0kt8ih</sha1>
</revision>
