<page>
<page>
<title>gaguejei</title>
<ns>0</ns>
<id>170481</id>
<revision>
<id>2353027</id>
<parentid>2211772</parentid>
<timestamp>2017-05-02T20:29:16Z</timestamp>
<contributor>
<username>HydrizBot</username>
<id>29590</id>
</contributor>
<minor />
<comment>Robô: A limpar links interwikis antigos</comment>
<model>wikitext</model>
<format>text/x-wiki</format>
<text bytes="231" xml:space="preserve">={{-pt-}}=
==Forma verbal==
{{oxítona|ga|gue|jei}}
#[[primeira pessoa]] do [[singular]] do [[pretérito perfeito]] do [[modo indicativo]] do verbo '''[[gaguejar]]'''
{{avi-for-fle|gaguejar}}
[[Categoria:Forma verbal (Português)]]</text>
<sha1>bkuzczeo6ec3bckmu062g7fwpnaixen</sha1>
</revision>
