<page>
<page>
<title>gaguejavas</title>
<ns>0</ns>
<id>161745</id>
<revision>
<id>2353025</id>
<parentid>2211779</parentid>
<timestamp>2017-05-02T20:29:13Z</timestamp>
<contributor>
<username>HydrizBot</username>
<id>29590</id>
</contributor>
<minor />
<comment>Robô: A limpar links interwikis antigos</comment>
<model>wikitext</model>
<format>text/x-wiki</format>
<text bytes="238" xml:space="preserve">={{-pt-}}=
==Forma verbal==
{{paroxítona|ga|gue|ja|vas}}
#[[segunda pessoa]] do [[singular]] do [[pretérito imperfeito]] do [[modo indicativo]] do verbo '''[[gaguejar]]'''
{{avi-for-fle|gaguejar}}
[[Categoria:Forma verbal (Português)]]</text>
<sha1>8odwpmedbap7013o3z00b8nfvghr5f2</sha1>
</revision>
