<page>
<title>gaguejas</title>
<ns>0</ns>
<id>154490</id>
<revision>
<id>2353017</id>
<parentid>2211778</parentid>
<timestamp>2017-05-02T20:28:57Z</timestamp>
<contributor>
<username>HydrizBot</username>
<id>29590</id>
</contributor>
<minor />
<comment>Robô: A limpar links interwikis antigos</comment>
<model>wikitext</model>
<format>text/x-wiki</format>
<text bytes="218" xml:space="preserve">={{-pt-}}=
==Forma verbal==
{{paroxítona|ga|gue|jas}}
#[[segunda]] [[pessoa]] do [[singular]] do [[presente]] [[indicativo]] do verbo '''[[gaguejar]]'''
{{avi-for-fle|gaguejar}}
[[Categoria:Forma verbal (Português)]]</text>
<sha1>k9a1g3rtwrgjwr6kl1wjb3v8d166r4p</sha1>
</revision>
</page>
