<page>
<page>
<title>gaguejarmos</title>
<ns>0</ns>
<id>208712</id>
<revision>
<id>2353011</id>
<parentid>2211796</parentid>
<timestamp>2017-05-02T20:28:30Z</timestamp>
<contributor>
<username>HydrizBot</username>
<id>29590</id>
</contributor>
<minor />
<comment>Robô: A limpar links interwikis antigos</comment>
<model>wikitext</model>
<format>text/x-wiki</format>
<text bytes="312" xml:space="preserve">={{-pt-}}=
==Forma verbal==
{{paroxítona|ga|gue|jar|mos}}
#[[primeira pessoa]] do [[plural]] do [[futuro]] do [[modo subjuntivo]] do verbo '''[[gaguejar]]'''
#[[infinitivo pessoal]] da [[primeira pessoa]] do [[plural]] do verbo '''[[gaguejar]]'''
{{avi-for-fle|gaguejar}}
[[Categoria:Forma verbal (Português)]]</text>
<sha1>fhe6fplbmlggc9bi167n1q2x4tk9ds2</sha1>
</revision>
