<page>
<title>gaguejarem</title>
<ns>0</ns>
<id>211515</id>
<revision>
<id>2353005</id>
<parentid>2211813</parentid>
<timestamp>2017-05-02T20:28:18Z</timestamp>
<contributor>
<username>HydrizBot</username>
<id>29590</id>
</contributor>
<minor />
<comment>Robô: A limpar links interwikis antigos</comment>
<model>wikitext</model>
<format>text/x-wiki</format>
<text bytes="311" xml:space="preserve">={{-pt-}}=
==Forma verbal==
{{paroxítona|ga|gue|ja|rem}}
#[[terceira pessoa]] do [[plural]] do [[futuro]] do [[modo subjuntivo]] do verbo '''[[gaguejar]]'''
#[[infinitivo pessoal]] da [[terceira pessoa]] do [[plural]] do verbo '''[[gaguejar]]'''
{{avi-for-fle|gaguejar}}
[[Categoria:Forma verbal (Português)]]</text>
<sha1>1ef25wa8mkeir5ks9kekkhj6b6dzey3</sha1>
</revision>
</page>
