<page>
<page>
<title>gaguejando</title>
<ns>0</ns>
<id>155928</id>
<revision>
<id>2352997</id>
<parentid>2211814</parentid>
<timestamp>2017-05-02T20:27:59Z</timestamp>
<contributor>
<username>HydrizBot</username>
<id>29590</id>
</contributor>
<minor />
<comment>Robô: A limpar links interwikis antigos</comment>
<model>wikitext</model>
<format>text/x-wiki</format>
<text bytes="165" xml:space="preserve">={{-pt-}}=
==Forma verbal==
{{paroxítona|ga|gue|jan|do}}
#[[gerúndio]] do verbo '''[[gaguejar]]'''
{{avi-for-fle|gaguejar}}
[[Categoria:Forma verbal (Português)]]</text>
<sha1>9yy66gqkxxua63fe9vbll8g6pmfl5qb</sha1>
</revision>
