<page>
<page>
<title>gaguejaria</title>
<ns>0</ns>
<id>191929</id>
<revision>
<id>2353008</id>
<parentid>2211775</parentid>
<timestamp>2017-05-02T20:28:23Z</timestamp>
<contributor>
<username>HydrizBot</username>
<id>29590</id>
</contributor>
<minor />
<comment>Robô: A limpar links interwikis antigos</comment>
<model>wikitext</model>
<format>text/x-wiki</format>
<text bytes="247" xml:space="preserve">={{-pt-}}=
==Forma verbal==
{{paroxítona|ga|gue|ja|ri|a}}
#[[primeira pessoa|primeira]] e [[terceira pessoa]] do [[singular]] do [[futuro do pretérito]] do verbo '''[[gaguejar]]'''
{{avi-for-fle|gaguejar}}
[[Categoria:Forma verbal (Português)]]</text>
<sha1>gj7ovkd0361r4tbtt2487m9r77d24ya</sha1>
</revision>
