<page>
<page>
<title>gaguejarei</title>
<ns>0</ns>
<id>183547</id>
<revision>
<id>2353003</id>
<parentid>2211774</parentid>
<timestamp>2017-05-02T20:28:13Z</timestamp>
<contributor>
<username>HydrizBot</username>
<id>29590</id>
</contributor>
<minor />
<comment>Robô: A limpar links interwikis antigos</comment>
<model>wikitext</model>
<format>text/x-wiki</format>
<text bytes="210" xml:space="preserve">={{-pt-}}=
==Forma verbal==
{{oxítona|ga|gue|ja|rei}}
#[[primeira pessoa]] do [[singular]] do [[futuro do presente]] do verbo '''[[gaguejar]]'''
{{avi-for-fle|gaguejar}}
[[Categoria:Forma verbal (Português)]]</text>
<sha1>eefzujzobp1ozrvdrs3xyewkuhiqpod</sha1>
</revision>
