<page>
<page>
<title>gaguejariam</title>
<ns>0</ns>
<id>195915</id>
<revision>
<id>2353009</id>
<parentid>2211810</parentid>
<timestamp>2017-05-02T20:28:26Z</timestamp>
<contributor>
<username>HydrizBot</username>
<id>29590</id>
</contributor>
<minor />
<comment>Robô: A limpar links interwikis antigos</comment>
<model>wikitext</model>
<format>text/x-wiki</format>
<text bytes="215" xml:space="preserve">={{-pt-}}=
==Forma verbal==
{{paroxítona|ga|gue|ja|ri|am}}
#[[terceira pessoa]] do [[plural]] do [[futuro do pretérito]] do verbo '''[[gaguejar]]'''
{{avi-for-fle|gaguejar}}
[[Categoria:Forma verbal (Português)]]</text>
<sha1>gfzhegtovi8qpqpp5ip3ncjqxje4ehz</sha1>
</revision>
