<page>
<page>
<title>gaguejarás</title>
<ns>0</ns>
<id>185086</id>
<revision>
<id>2353013</id>
<parentid>2211782</parentid>
<timestamp>2017-05-02T20:28:35Z</timestamp>
<contributor>
<username>HydrizBot</username>
<id>29590</id>
</contributor>
<minor />
<comment>Robô: A limpar links interwikis antigos</comment>
<model>wikitext</model>
<format>text/x-wiki</format>
<text bytes="210" xml:space="preserve">={{-pt-}}=
==Forma verbal==
{{oxítona|ga|gue|ja|rás}}
#[[segunda pessoa]] do [[singular]] do [[futuro do presente]] do verbo '''[[gaguejar]]'''
{{avi-for-fle|gaguejar}}
[[Categoria:Forma verbal (Português)]]</text>
<sha1>6w9bsbljs2vvbhyxe2r1mzhnsl7e95p</sha1>
</revision>
