<page>
<page>
<title>gaguejaríamos</title>
<ns>0</ns>
<id>193272</id>
<revision>
<id>2353015</id>
<parentid>2211793</parentid>
<timestamp>2017-05-02T20:28:53Z</timestamp>
<contributor>
<username>HydrizBot</username>
<id>29590</id>
</contributor>
<minor />
<comment>Robô: A limpar links interwikis antigos</comment>
<model>wikitext</model>
<format>text/x-wiki</format>
<text bytes="222" xml:space="preserve">={{-pt-}}=
==Forma verbal==
{{proparoxítona|ga|gue|ja|rí|a|mos}}
#[[primeira pessoa]] do [[plural]] do [[futuro do pretérito]] do verbo '''[[gaguejar]]'''
{{avi-for-fle|gaguejar}}
[[Categoria:Forma verbal (Português)]]</text>
<sha1>qvgomluks5e5rpi7k9ukmekcp4ni9rf</sha1>
</revision>
