<page>
<title>gaguejáveis</title>
<ns>0</ns>
<id>167583</id>
<revision>
<id>2353040</id>
<parentid>1605668</parentid>
<timestamp>2017-05-02T20:31:03Z</timestamp>
<contributor>
<username>HydrizBot</username>
<id>29590</id>
</contributor>
<minor />
<comment>Robô: A limpar links interwikis antigos</comment>
<model>wikitext</model>
<format>text/x-wiki</format>
<text bytes="735" xml:space="preserve">={{-pt-}}=
==Forma verbal==
'''ga.gue.{{grifar|já}}.veis'''
#[[segunda pessoa]] do [[plural]] do [[pretérito imperfeito]] do [[indicativo]] do verbo '''[[gaguejar]]'''.
==Pronúncia==
===[[Brasil]]===
* [[AFI]]: {{AFI|/gɐ.geˈja.vejs/}}
* [[X-SAMPA]]: /g6.ge&quot;ja.vejs/
==Ver também==
===Referências===
{{verTambém.Ini}}
* [http://www.priberam.pt/dlpo/conjugar_resultados.aspx?pal=gaguejar conjugação do verbo &quot;gaguejar&quot; no Dicionário de Língua Portuguesa On-Line (Priberam Informática)]
{{verTambém.Fim}}
[[Categoria:Forma verbal (Português)|gaguejaveis]]
[[Categoria:Polissílabo (Português)|gaguejaveis]]
[[Categoria:Paroxítona (Português)|gaguejaveis]]
[[Categoria:Entrada com pronúncia (Português)|gaguejaveis]]</text>
<sha1>g3wmqiemgklnahavnhdeogxbcxt9uvc</sha1>
</revision>
</page>
