<page>
<title>gaguejaras</title>
<ns>0</ns>
<id>178868</id>
<revision>
<id>2353001</id>
<parentid>2211781</parentid>
<timestamp>2017-05-02T20:28:08Z</timestamp>
<contributor>
<username>HydrizBot</username>
<id>29590</id>
</contributor>
<minor />
<comment>Robô: A limpar links interwikis antigos</comment>
<model>wikitext</model>
<format>text/x-wiki</format>
<text bytes="222" xml:space="preserve">={{-pt-}}=
==Forma verbal==
{{paroxítona|ga|gue|ja|ras}}
#[[segunda pessoa]] do [[singular]] do [[pretérito mais-que-perfeito]] do verbo '''[[gaguejar]]'''
{{avi-for-fle|gaguejar}}
[[Categoria:Forma verbal (Português)]]</text>
<sha1>oyze0uzpa0jklj9i50oq9gvhkfvl47l</sha1>
</revision>
</page>
