<page>
<page>
<title>gaguejais</title>
<ns>0</ns>
<id>158782</id>
<revision>
<id>2352994</id>
<parentid>2211797</parentid>
<timestamp>2017-05-02T20:27:52Z</timestamp>
<contributor>
<username>HydrizBot</username>
<id>29590</id>
</contributor>
<minor />
<comment>Robô: A limpar links interwikis antigos</comment>
<model>wikitext</model>
<format>text/x-wiki</format>
<text bytes="218" xml:space="preserve">={{-pt-}}=
==Forma verbal==
{{oxítona|ga|gue|jais}}
#[[segunda pessoa]] do [[plural]] do [[presente]] do [[modo indicativo]] do verbo '''[[gaguejar]]'''
{{avi-for-fle|gaguejar}}
[[Categoria:Forma verbal (Português)]]</text>
<sha1>1w6ghemjfc07435is1jjgm58ixurzum</sha1>
</revision>
