<page>
<page>
<title>gaguejasses</title>
<ns>0</ns>
<id>197227</id>
<revision>
<id>2353020</id>
<parentid>1377323</parentid>
<timestamp>2017-05-02T20:29:04Z</timestamp>
<contributor>
<username>HydrizBot</username>
<id>29590</id>
</contributor>
<minor />
<comment>Robô: A limpar links interwikis antigos</comment>
<model>wikitext</model>
<format>text/x-wiki</format>
<text bytes="215" xml:space="preserve">={{-pt-}}=
==Forma verbal==
{{paroxítona|ga|gue|jas|ses}}
#[[segunda pessoa]] do [[singular]] do [[pretérito imperfeito]] do [[modo subjuntivo]] do verbo '''[[gaguejar]]'''
[[Categoria:Forma verbal (Português)]]</text>
<sha1>54b2a2cb6wwg7kj4w80eybo1sd6pvfq</sha1>
</revision>
