<page>
<page>
<title>gagueámos</title>
<ns>0</ns>
<id>311123</id>
<revision>
<id>2550195</id>
<parentid>1654574</parentid>
<timestamp>2019-07-25T15:46:05Z</timestamp>
<contributor>
<username>ValJor</username>
<id>1358</id>
</contributor>
<comment>Acrescentando a predefinição avi-for-fle</comment>
<model>wikitext</model>
<format>text/x-wiki</format>
<text bytes="263" xml:space="preserve">={{-pt-}}=
==Forma verbal==
{{paroxítona|ga|gue|á|mos}}
# {{escopo2|grafia lusitana}} primeira pessoa do plural do pretérito perfeito do indicativo do verbo [[gaguear]]
{{avi-for-fle|gaguear}}
[[Categoria:Forma verbal (Português)]]
[[Categoria:Lusitanismo]]</text>
<sha1>luxmnqfbkjetdbg0qeh7dweh4lzp26f</sha1>
</revision>
