<page>
<page>
<title>gaguejásseis</title>
<ns>0</ns>
<id>201537</id>
<revision>
<id>2353037</id>
<parentid>2211803</parentid>
<timestamp>2017-05-02T20:30:37Z</timestamp>
<contributor>
<username>HydrizBot</username>
<id>29590</id>
</contributor>
<minor />
<comment>Robô: A limpar links interwikis antigos</comment>
<model>wikitext</model>
<format>text/x-wiki</format>
<text bytes="239" xml:space="preserve">={{-pt-}}=
==Forma verbal==
{{paroxítona|ga|gue|jás|seis}}
#[[segunda pessoa]] do [[plural]] do [[pretérito imperfeito]] do [[modo subjuntivo]] do verbo '''[[gaguejar]]'''
{{avi-for-fle|gaguejar}}
[[Categoria:Forma verbal (Português)]]</text>
<sha1>a214sh64acp955zdsshnfgooqxweds9</sha1>
</revision>
