<page>
<title>gaguejara</title>
<ns>0</ns>
<id>177384</id>
<revision>
<id>2352999</id>
<parentid>2211773</parentid>
<timestamp>2017-05-02T20:28:04Z</timestamp>
<contributor>
<username>HydrizBot</username>
<id>29590</id>
</contributor>
<minor />
<comment>Robô: A limpar links interwikis antigos</comment>
<model>wikitext</model>
<format>text/x-wiki</format>
<text bytes="270" xml:space="preserve">={{-pt-}}=
==Forma verbal==
{{paroxítona|ga|gue|ja|ra}}
#[[primeira pessoa|primeira]] e [[terceira pessoa|terceira pessoas]] do [[singular]] do [[pretérito mais-que-perfeito]] do verbo '''[[gaguejar]]'''
{{avi-for-fle|gaguejar}}
[[Categoria:Forma verbal (Português)]]</text>
<sha1>8yt3usl6p47x8pw414i872r56dlwqy2</sha1>
</revision>
</page>
