<page>
<title>gaguejares</title>
<ns>0</ns>
<id>207230</id>
<revision>
<id>2353007</id>
<parentid>2211785</parentid>
<timestamp>2017-05-02T20:28:21Z</timestamp>
<contributor>
<username>HydrizBot</username>
<id>29590</id>
</contributor>
<minor />
<comment>Robô: A limpar links interwikis antigos</comment>
<model>wikitext</model>
<format>text/x-wiki</format>
<text bytes="313" xml:space="preserve">={{-pt-}}=
==Forma verbal==
{{paroxítona|ga|gue|ja|res}}
#[[segunda pessoa]] do [[singular]] do [[futuro]] do [[modo subjuntivo]] do verbo '''[[gaguejar]]'''
#[[infinitivo pessoal]] da [[segunda pessoa]] do [[singular]] do verbo '''[[gaguejar]]'''
{{avi-for-fle|gaguejar}}
[[Categoria:Forma verbal (Português)]]</text>
<sha1>8pi2di47edel4rautd9w4seuvoidltn</sha1>
</revision>
</page>
