<page>
<page>
<title>gaguejai</title>
<ns>0</ns>
<id>220168</id>
<revision>
<id>2352993</id>
<parentid>2211805</parentid>
<timestamp>2017-05-02T20:27:50Z</timestamp>
<contributor>
<username>HydrizBot</username>
<id>29590</id>
</contributor>
<minor />
<comment>Robô: A limpar links interwikis antigos</comment>
<model>wikitext</model>
<format>text/x-wiki</format>
<text bytes="211" xml:space="preserve">={{-pt-}}=
==Forma verbal==
{{oxítona|ga|gue|jai}}
#[[segunda pessoa]] do [[plural]] do [[imperativo]] [[afirmativo]] do verbo '''[[gaguejar]]'''
{{avi-for-fle|gaguejar}}
[[Categoria:Forma verbal (Português)]]</text>
<sha1>nt5y9hxbi4i727ttjoq9c22v68zf0yr</sha1>
</revision>
