<page>
<title>gaguejavam</title>
<ns>0</ns>
<id>169037</id>
<revision>
<id>2353024</id>
<parentid>2211807</parentid>
<timestamp>2017-05-02T20:29:11Z</timestamp>
<contributor>
<username>HydrizBot</username>
<id>29590</id>
</contributor>
<minor />
<comment>Robô: A limpar links interwikis antigos</comment>
<model>wikitext</model>
<format>text/x-wiki</format>
<text bytes="237" xml:space="preserve">={{-pt-}}=
==Forma verbal==
{{paroxítona|ga|gue|ja|vam}}
#[[terceira pessoa]] do [[plural]] do [[pretérito imperfeito]] do [[modo indicativo]] do verbo '''[[gaguejar]]'''
{{avi-for-fle|gaguejar}}
[[Categoria:Forma verbal (Português)]]</text>
<sha1>o9dxggvvdnx5l4f4fxlsavlmp0xslr7</sha1>
</revision>
</page>
