<page>
<title>gaguejarão</title>
<ns>0</ns>
<id>190627</id>
<revision>
<id>2353014</id>
<parentid>2211809</parentid>
<timestamp>2017-05-02T20:28:37Z</timestamp>
<contributor>
<username>HydrizBot</username>
<id>29590</id>
</contributor>
<minor />
<comment>Robô: A limpar links interwikis antigos</comment>
<model>wikitext</model>
<format>text/x-wiki</format>
<text bytes="209" xml:space="preserve">={{-pt-}}=
==Forma verbal==
{{oxítona|ga|gue|ja|rão}}
#[[terceira pessoa]] do [[plural]] do [[futuro do presente]] do verbo '''[[gaguejar]]'''
{{avi-for-fle|gaguejar}}
[[Categoria:Forma verbal (Português)]]</text>
<sha1>jomu4eie42l42wvs9hlmuj82kcjfyx7</sha1>
</revision>
</page>
