<page>
<title>gaguear</title>
<ns>0</ns>
<id>312670</id>
<revision>
<id>2547359</id>
<parentid>2352991</parentid>
<timestamp>2019-06-22T13:10:42Z</timestamp>
<contributor>
<username>Cpls</username>
<id>20608</id>
</contributor>
<model>wikitext</model>
<format>text/x-wiki</format>
<text bytes="334" xml:space="preserve">={{-pt-}}=
==Verbo==
{{oxítona|ga|gue|ar}}, {{g|intran}}
# {{escopo|pt|Minho}} diz-se da [[galinha]], quando [[cantar|canta]], a chamar o [[galo]]
# [[gaguejar]], tartamudear
===Conjugação===
{{conj/pt|gagu|ear}}
=={{etimologia|pt}}==
: De origem onomatopeica, ou de ''[[gago]]'' + ''[[-ear]]''.
[[Categoria:Verbo (Português)]]</text>
<sha1>604xhxumbldbzsr6rhs6hay9s7dnpkz</sha1>
</revision>
</page>
