<page>
<title>gaguejássemos</title>
<ns>0</ns>
<id>198690</id>
<revision>
<id>2353038</id>
<parentid>2211795</parentid>
<timestamp>2017-05-02T20:30:40Z</timestamp>
<contributor>
<username>HydrizBot</username>
<id>29590</id>
</contributor>
<minor />
<comment>Robô: A limpar links interwikis antigos</comment>
<model>wikitext</model>
<format>text/x-wiki</format>
<text bytes="245" xml:space="preserve">={{-pt-}}=
==Forma verbal==
{{proparoxítona|ga|gue|jás|se|mos}}
#[[primeira pessoa]] do [[plural]] do [[pretérito imperfeito]] do [[modo subjuntivo]] do verbo '''[[gaguejar]]'''
{{avi-for-fle|gaguejar}}
[[Categoria:Forma verbal (Português)]]</text>
<sha1>6ymwyqivb4wjz6yzq67rrfzl8wdp4v3</sha1>
</revision>
</page>
