<page>
<title>gagá</title>
<ns>0</ns>
<id>16249</id>
<revision>
<id>2353041</id>
<parentid>2137619</parentid>
<timestamp>2017-05-02T20:31:05Z</timestamp>
<contributor>
<username>HydrizBot</username>
<id>29590</id>
</contributor>
<minor />
<comment>Robô: A limpar links interwikis antigos</comment>
<model>wikitext</model>
<format>text/x-wiki</format>
<text bytes="534" xml:space="preserve">={{-pt-}}=
==Adjetivo==
{{flex.pt|s=gagá|p=gagás}}
{{oxítona|ga|gá}}
# diz-se da [[pessoa]] [[idoso|idosa]] que apresenta alguma [[deficiência]] [[mental]] atribuída à [[idade]] [[avançado|avançada]]
==Substantivo==
{{oxítona|ga|gá}}
# [[pessoa]] [[idoso|idosa]] que apresenta alguma [[deficiência]] [[mental]] atribuída à [[idade]] [[avançado|avançada]]
===Sinônimos===
* [[xexé]]
=={{etimologia|pt}}==
{{llietimo|fr|gaga|pt}}
[[Categoria:Adjetivo (Português)|gaga]]
[[Categoria:Substantivo (Português)|gaga]]</text>
<sha1>fcgl5vcywxo5jo7z1gd2v3p1q6r9hun</sha1>
</revision>
</page>
