<page>
<page>
<title>gahipa</title>
<ns>0</ns>
<id>247517</id>
<revision>
<id>1365460</id>
<parentid>938954</parentid>
<timestamp>2012-01-14T11:49:25Z</timestamp>
<contributor>
<username>ValJor</username>
<id>1358</id>
</contributor>
<comment>Trocando o cabeçalho de língua: blp --&gt; -blp-</comment>
<model>wikitext</model>
<format>text/x-wiki</format>
<text bytes="218" xml:space="preserve">={{-blp-}}=
==Substantivo==
'''gahipa'''
# [[pedra]]
==Ver também==
===No Wikcionário===
{{verTambém.Ini}}
* [[hmatha]]
{{verTambém.NovaColuna}}
* [[suga]]
{{verTambém.Fim}}
[[Categoria:Substantivo (Blablanga)]]</text>
<sha1>966kuqzabed1wcmx5ud86b1oo0jf3rg</sha1>
</revision>
