<page>
<title>Gaia</title>
<ns>0</ns>
<id>139884</id>
<revision>
<id>2269499</id>
<parentid>1937792</parentid>
<timestamp>2017-04-26T17:59:35Z</timestamp>
<contributor>
<username>HydrizBot</username>
<id>29590</id>
</contributor>
<minor />
<comment>Robô: A limpar links interwikis antigos</comment>
<model>wikitext</model>
<format>text/x-wiki</format>
<text bytes="1321" xml:space="preserve">={{-pt-}}=
{{Wikipédia}}
==Substantivo==
{{paroxítona|Gai|a}} {{pr}}
#considerada a [[mãe]] de todas as [[coisas]]; [[deusa]] da [[Terra]] na [[mitologia]] [[grega]]
===Tradução===
{{tradini}}
*{{trad|de|Gaia}}
*{{trad|ar|غايا}}
*{{trad|ast|Gaia}}
*{{trad|eu|Gaia}}
*{{trad|bn|গাইয়া}}
*{{trad|be|Гея}}
*{{trad|bs|Geja}}
*{{trad|br|Gaia}}
*{{trad|bg|Гея}}
*{{trad|ca|Gea}}
*{{trad|cs|Gaia}}
*{{trad|zh|盖亚}}
*{{trad|ko|가이아}}
*{{trad|hr|Geja}}
*{{trad|da|Gaia}}
*{{trad|sk|Gaia}}
*{{trad|sl|Gaja}}
*{{trad|es|Gea}}
*{{trad|eo|Geo}}
*{{trad|et|Gaia}}
*{{trad|fi|Gaia}}
*{{trad|fr|Gaïa}}
*{{trad|gl|Gaia}}
*{{trad|ka|გეა}}
{{tradmeio}}
*{{trad|el|Γαία}}
*{{trad|he|גאיה}}
*{{trad|nl|Gaia}}
*{{trad|hu|Gaia}}
*{{trad|id|Gaia}}
*{{trad|en|Gaia}}
*{{trad|is|Gaia}}
*{{trad|it|Gea}}
*{{trad|ja|ガイア}}
*{{trad|lv|Gaja}}
*{{trad|lt|Gaja}}
*{{trad|lb|Gaia}}
*{{trad|no|Gaia}}
*{{trad|fa|گایا}}
*{{trad|pl|Gaja}}
*{{trad|ro|Gaia}}
*{{trad|ru|Гея}}
*{{trad|sr|Геја}}
*{{trad|sh|Geja}}
*{{trad|sv|Gaia}}
*{{trad|th|จีอา}}
*{{trad|tr|Gaia}}
*{{trad|uk|Гея}}
*{{trad|vi|Gaia}}
{{tradfim}}
=={{etimologia|pt}}==
:O nome ''Gaia'' vem da palavra [[grego|grega]] '''[[Γαῖα]]'''.
[[Categoria:Substantivo (Português)]]
[[Categoria:Mitologia (Português)]]</text>
<sha1>6wr15tnpfkrw7zxzj9v3k6j56cjzq51</sha1>
</revision>
</page>
