<page>
<title>gaiado</title>
<ns>0</ns>
<id>34538</id>
<revision>
<id>1463188</id>
<parentid>1184930</parentid>
<timestamp>2012-09-14T15:23:47Z</timestamp>
<contributor>
<username>ValJor</username>
<id>1358</id>
</contributor>
<comment>Desfazendo link para [[Predefinição:Etimologia]] para poder deletar o redirecionamento para minúscula</comment>
<model>wikitext</model>
<format>text/x-wiki</format>
<text bytes="650" xml:space="preserve">={{-pt-}}=
==Adjetivo==
{{flex.pt|ms=gaiado|mp=gaiados|fs=gaiada|fp=gaiadas}}
{{paroxítona|gai|a|do}}
# diz-se do [[cavalo]] que tem [[gaias]]
==Substantivo==
{{flex.pt|ms=gaiado|mp=gaiados}}
{{paroxítona|gai|a|do}}
# {{escopo|Brasil, Santa Catarina, Florianópolis}} [[barco]] de [[pesca]] de alto [[mar]]
#* ''Assim que queres uma vaga no '''gaiado'''?''
# {{escopo|Ictiologia}} [[peixe]] [[escombrídeo]] (''Thynnus pelamis'')
=={{etimologia|pt}}==
: {{escopo|Morfologia}} [[gaias]] + [[-ado]].
[[Categoria:Adjetivo (Português)]]
[[Categoria:Substantivo (Português)]]
[[Categoria:Peixe (Português)]]
[[Categoria:Regionalismo (Português)]]</text>
<sha1>trl08sj6vchqapkb96e35go74qrdhxn</sha1>
</revision>
</page>
