<page>
<page>
<title>gaiardo</title>
<ns>0</ns>
<id>59062</id>
<revision>
<id>1321761</id>
<parentid>857600</parentid>
<timestamp>2011-12-05T17:39:43Z</timestamp>
<contributor>
<username>MalafayaBot</username>
<id>628</id>
</contributor>
<minor />
<comment>Robô: Substituição de texto automática (-^\=(\s*?)(\{\{roa-tal\}\}|Talian)(\s*?)\= +={{-roa-tal-}}=)</comment>
<model>wikitext</model>
<format>text/x-wiki</format>
<text bytes="100" xml:space="preserve">={{-roa-tal-}}=
==Adjetivo==
'''gaiardo'''
# [[pleno]], [[robusto]]
[[Categoria:Adjetivo (Talian)]]</text>
<sha1>n6v78ehf03ak3ukm8a0z23m9rg40726</sha1>
</revision>
