<page>
<title>gaia</title>
<ns>0</ns>
<id>329912</id>
<revision>
<id>2572502</id>
<parentid>2353043</parentid>
<timestamp>2020-01-25T09:44:38Z</timestamp>
<contributor>
<username>ValJor</username>
<id>1358</id>
</contributor>
<comment>Corrigindo erro de ortografia: Sustantivo --&gt; Substantivo</comment>
<model>wikitext</model>
<format>text/x-wiki</format>
<text bytes="1188" xml:space="preserve">={{-pt-}}=
==Forma de adjetivo==
{{paroxítona|gai|a}}
# feminino de [[gaio]]
{{avi-for-fle|gaio}}
==Forma verbal==
{{paroxítona|gai|a}}
# terceira pessoa do singular do presente do indicativo do verbo [[gaiar]]
# segunda pessoa do singular do imperativo do verbo [[gaiar]]
{{avi-for-fle|gaiar}}
==Anagrama==
&lt;!-- índice para anagramas: pt: aagi --&gt;
# [[agia]]
[[Categoria:Forma de adjetivo (Português)]]
[[Categoria:Forma verbal (Português)]]
={{-gl-}}=
==Adjetivo==
{{flex.gl|ms=gaio|mp=gaios|fs=gaia|fp=gaias}}
{{paroxítona|gai|a|lang=gl}}
# [[gaio#Português|gaia]], [[alegre]]
# [[gaio#Português|gaia]], [[claro|clara]]
==Substantivo==
{{flex.gl|fs=gaia|fp=gaias}}
{{paroxítona|gai|a|lang=gl}}, {{gramática|f}}
# [[alegria]], divertimento
# {{escopo|gl|Inseto}} [[cigarra]]
# {{escopo|gl|Ave}} [[gaio]] (''[[species:Garrulus glandarius|Garrulus glandarius]]'')
# [[remoinho]] de pelo no peito de um cavalo, [[gaias]]
=={{etimologia|gl}}==
{{llietimo|roa-gpm|gaio|gl|ponto=não}}, aparentado com o [[provençal]] ''gai'', ([[alegre]]). Confronte-se com o [[italiano]] ''[[giallo#Italiano|gialla]]''.
[[Categoria:Adjetivo (Galego)]]
[[Categoria:Substantivo (Galego)]]</text>
<sha1>rs58pgt12hj5b4b5qxb106xmecnk090</sha1>
</revision>
</page>
