<page>
<title>gaiano</title>
<ns>0</ns>
<id>329949</id>
<revision>
<id>2643550</id>
<parentid>1852967</parentid>
<timestamp>2021-07-24T12:17:06Z</timestamp>
<contributor>
<username>Cpls</username>
<id>20608</id>
</contributor>
<comment>/* {{-gl-}} */</comment>
<model>wikitext</model>
<format>text/x-wiki</format>
<text bytes="344" xml:space="preserve">={{-gl-}}=
==Substantivo==
{{flex.gl|ms=gaiano|mp=gaianos}}
{{paroxítona|gai|a|no|lang=gl}}
# {{escopo|gl|Peixe}} [[peixe-rei-do-alto]] (''[[species:Labrus mixtus|Labrus mixtus]]'')
===Variante===
* [[gaião#Galego|gaião]]
==Ver também==
===No Wikcionário===
* [[maragota]]
[[Categoria:Peixe (Galego)]]
[[Categoria:Substantivo (Galego)]]</text>
<sha1>0753sk2nlc326y6l0d96k55r3q91h7y</sha1>
</revision>
</page>
