<page>
<page>
<title>gaibota</title>
<ns>0</ns>
<id>389992</id>
<revision>
<id>2475369</id>
<parentid>2475368</parentid>
<timestamp>2018-01-07T16:39:16Z</timestamp>
<contributor>
<username>Imivorn</username>
<id>64513</id>
</contributor>
<comment>/* Substantivo */</comment>
<model>wikitext</model>
<format>text/x-wiki</format>
<text bytes="472" xml:space="preserve">[[Imagem:Great_Black-backed_Gull_Larus_marinus.jpg|thumb|200px|&lt;center&gt;gaibota&lt;/center&gt;]]
={{-mwl-}}=
==Substantivo==
{{flex.mwl|fs=gaibota|fp=gaibotas}}
{{paroxítona|gai|bo|ta|língua=mwl}}, {{f}}
# {{escopo|mwl|Ave}} [[gaivota]] (género ''[[species:Larus|Larus]]'')
==={{-varort-}}===
* {{link opcional|gueibota|mwl}}
* {{link opcional|gabiota|mwl}}
[[Categoria:Substantivo (Mirandês)]]
[[Categoria:Animal (Mirandês)]]
[[Categoria:Entrada com imagem (Mirandês)]]</text>
<sha1>5g7xp2fqeaiq9cvh90gssd0hclsleqv</sha1>
</revision>
