<page>
<title>gaiense</title>
<ns>0</ns>
<id>58795</id>
<revision>
<id>1473262</id>
<parentid>1184932</parentid>
<timestamp>2012-10-03T12:58:00Z</timestamp>
<contributor>
<username>ValJor</username>
<id>1358</id>
</contributor>
<comment>Separando adjetivo de substantivo</comment>
<model>wikitext</model>
<format>text/x-wiki</format>
<text bytes="352" xml:space="preserve">={{-pt-}}=
==Adjetivo==
{{flex.pt|s=gaiense|p=gaienses}}
{{paroxítona|gai|en|se}}
# de ou relativo a [[Vila Nova de Gaia]], cidade do Porto (Portugal)
==Substantivo==
{{paroxítona|gai|en|se}}
# habitante ou natural de Vila Nova de Gaia
[[Categoria:Adjetivo (Português)]]
[[Categoria:Substantivo (Português)]]
[[Categoria:Gentílico (Português)]]</text>
<sha1>bphdn28zgkv7omu31u8ox046erd56gd</sha1>
</revision>
</page>
