<page>
<title>gaie</title>
<ns>0</ns>
<id>405786</id>
<revision>
<id>2571757</id>
<parentid>2533587</parentid>
<timestamp>2020-01-20T09:13:38Z</timestamp>
<contributor>
<username>ValJor</username>
<id>1358</id>
</contributor>
<comment>Melhorando a apresentação do verbete</comment>
<model>wikitext</model>
<format>text/x-wiki</format>
<text bytes="625" xml:space="preserve">={{-pt-}}=
==Forma verbal==
{{paroxítona|ga|ie}}
# primeira pessoa do singular do presente do subjuntivo do verbo [[gaiar]]
# terceira pessoa do singular do presente do subjuntivo do verbo [[gaiar]]
# terceira pessoa do singular do imperativo do verbo [[gaiar]]
{{avi-for-fle|gaiar}}
==Anagramas==
&lt;!-- índice para anagramas: pt: aegi --&gt;
# [[geai]]
# [[geia]]
[[Categoria:Forma verbal (Português)]]
={{-fr-}}=
==Forma de adjetivo==
'''gaie'''
# feminino de [[gai]]
{{avi-for-fle|gai}}
==Anagramas==
&lt;!-- índice para anagramas: fr: aegi --&gt;
# [[agie]]
# [[geai]]
[[Categoria:Forma de adjetivo (Francês)]]</text>
<sha1>4z0b819ayl02z2p4si3rwrw2vmg6nfj</sha1>
</revision>
</page>
