<page>
<title>gaifonámos</title>
<ns>0</ns>
<id>311126</id>
<revision>
<id>2550191</id>
<parentid>1654582</parentid>
<timestamp>2019-07-25T15:37:36Z</timestamp>
<contributor>
<username>ValJor</username>
<id>1358</id>
</contributor>
<comment>Acrescentando a predefinição avi-for-fle</comment>
<model>wikitext</model>
<format>text/x-wiki</format>
<text bytes="266" xml:space="preserve">={{-pt-}}=
==Forma verbal==
{{paroxítona|gai|fo|ná|mos}}
# {{escopo2|grafia lusitana}} primeira pessoa do plural do pretérito perfeito do indicativo do verbo [[gaifonar]]
{{avi-for-fle|gaifonar}}
[[Categoria:Forma verbal (Português)]]
[[Categoria:Lusitanismo]]</text>
<sha1>rcn2tkjera1ybpwrbmrl7psvvd9xyg1</sha1>
</revision>
</page>
