<page>
<title>gaifana</title>
<ns>0</ns>
<id>39855</id>
<revision>
<id>2499826</id>
<parentid>2499817</parentid>
<timestamp>2018-04-29T21:52:38Z</timestamp>
<contributor>
<username>ValJor</username>
<id>1358</id>
</contributor>
<minor />
<comment>Revertidas edições por [[Especial:Contribuições/2001:8A0:F0A2:DC01:A5E0:A4F5:EB42:E767|2001:8A0:F0A2:DC01:A5E0:A4F5:EB42:E767]] para a última versão por [[Especial:Contribuições/MalafayaBot|MalafayaBot]]</comment>
<model>wikitext</model>
<format>text/x-wiki</format>
<text bytes="152" xml:space="preserve">={{-pt-}}=
==Substantivo==
[[Categoria:Substantivo (Português)]]
'''{{PAGENAME}} [ gai.fa.na ] ''' ''substantivo feminino ''
# o mesmo que [[ganfana]]</text>
<sha1>ndc1lwijhiehf5uy84yc9f2sabki94s</sha1>
</revision>
</page>
