<page>
<page>
<title>gailho</title>
<ns>0</ns>
<id>391500</id>
<revision>
<id>2479116</id>
<parentid>2479115</parentid>
<timestamp>2018-01-20T14:00:02Z</timestamp>
<contributor>
<username>Cpls</username>
<id>20608</id>
</contributor>
<comment>/* Sinónimos */</comment>
<model>wikitext</model>
<format>text/x-wiki</format>
<text bytes="369" xml:space="preserve">={{-gl-}}=
==Substantivo==
{{flex.gl|ms=gailho|mp=gailhos}}
{{paroxítona|ga|i|lho|lang=gl}}, {{g|m|lang=gl}}
# {{escopo|gl|Ave}} [[gaio]] (''[[species:Garrulus glandarius|Garrulus glandarius]]'')
===Sinónimos===
* [[gaio#{{gl}}|gaio]], [[gao#{{gl}}|gao]], [[pega-marça#{{gl}}|pega-marça]], [[pega-rebordã#{{gl}}|pega-rebordã]]
[[Categoria:Substantivo (Galego)]]</text>
<sha1>d8xz5bdu5gofrpwrveprjbpztyilzx5</sha1>
</revision>
