<page>
<page>
<title>gailliam</title>
<ns>0</ns>
<id>407486</id>
<revision>
<id>2537722</id>
<timestamp>2019-03-01T23:48:25Z</timestamp>
<contributor>
<username>Amigo7</username>
<id>58547</id>
</contributor>
<comment>Criação do verbete a partir da [[Especial:Páginas_pedidas|lista de palavras pedidas]]</comment>
<model>wikitext</model>
<format>text/x-wiki</format>
<text bytes="254" xml:space="preserve">{{Wikipédia|lang=ga}}
={{-ga-}}=
==Substantivo==
{{elementos|Ga|sinc|Zn|gearmáiniam|Ge}}
'''gailliam'''
# {{escopo|ga|Elemento químico}} [[gálio]]
==Ver também==
===No Wikcionário===
{{tabela periódica/ga}}
[[Categoria:Substantivo (Irlandês)]]</text>
<sha1>9ykndzgtj8z9zbomai05apnus4r9n74</sha1>
</revision>
