<page>
<page>
<title>gaimola</title>
<ns>0</ns>
<id>394370</id>
<revision>
<id>2492457</id>
<timestamp>2018-03-31T20:33:51Z</timestamp>
<contributor>
<username>Cpls</username>
<id>20608</id>
</contributor>
<comment>[[Ajuda:Guia de edição/Menus e ferramentas/Sumário de edição|→]] nova página: ={{-gl-}}= ==Substantivo== {{flex.gl|fs=gaimola|fp=gaimola}} {{paroxítona|gai|mo|la|lang=gl}}, {{g|f|lang=gl...</comment>
<model>wikitext</model>
<format>text/x-wiki</format>
<text bytes="277" xml:space="preserve">={{-gl-}}=
==Substantivo==
{{flex.gl|fs=gaimola|fp=gaimola}}
{{paroxítona|gai|mo|la|lang=gl}}, {{g|f|lang=gl}}
# [[guloseima]], iguaria, doce ou alimento muito saboroso
=={{etimologia|gl}}==
: Confronte-se com ''[[gaimar#Galego|gaimar]]''.
[[Categoria:Substantivo (Galego)]]</text>
<sha1>1hxdkwll74h9lxy9v92ev7lm0fw7nat</sha1>
</revision>
