<page>
<page>
<title>gaimar</title>
<ns>0</ns>
<id>394369</id>
<revision>
<id>2492456</id>
<timestamp>2018-03-31T20:33:34Z</timestamp>
<contributor>
<username>Cpls</username>
<id>20608</id>
</contributor>
<comment>[[Ajuda:Guia de edição/Menus e ferramentas/Sumário de edição|→]] nova página: ={{-gl-}}= ==Verbo== {{oxítona|gai|mar|lang=gl}}, {{g|trans|lang=gl}} # [[comer]] avidamente alimentos muito...</comment>
<model>wikitext</model>
<format>text/x-wiki</format>
<text bytes="256" xml:space="preserve">={{-gl-}}=
==Verbo==
{{oxítona|gai|mar|lang=gl}}, {{g|trans|lang=gl}}
# [[comer]] avidamente alimentos muito [[saboroso]]s
=={{etimologia|gl}}==
: Confronte-se com ''[[gaimola#{{gl}}|gaimola]]'' e ''[[laimo#Galego|laimo]]''.
[[Categoria:Verbo (Galego)]]</text>
<sha1>fmn31ktnym9lz0462ii5xu15p3jmbur</sha1>
</revision>
