<page>
<page>
<title>Gaimbia</title>
<ns>0</ns>
<id>134659</id>
<revision>
<id>2269500</id>
<parentid>2189258</parentid>
<timestamp>2017-04-26T17:59:37Z</timestamp>
<contributor>
<username>HydrizBot</username>
<id>29590</id>
</contributor>
<minor />
<comment>Robô: A limpar links interwikis antigos</comment>
<model>wikitext</model>
<format>text/x-wiki</format>
<text bytes="525" xml:space="preserve">={{-gd-}}=
==Substantivo==
'''Gaimbia''', {{pr}}
#{{escopo|Geografia}} [[Gâmbia]]
===Variantes===
*[[Ghaimbia]]
*[[A' Ghaimbia]]
*[[Poblachd na Gaimbia]]
==Ver também==
{{África/gd}}
[[Categoria:Substantivo (Gaélico Escocês)]]
[[Categoria:País (Gaélico Escocês)]]
={{-ga-}}=
{{Wikipédia|lang=ga}}
==Substantivo==
'''An Ghaimbia''', {{pr}}
#{{escopo|Geografia}} [[Gâmbia]]
===Variante===
*[[Poblacht na Gaimbia]]
==Ver também==
{{África/ga}}
[[Categoria:Substantivo (Irlandês)]]
[[Categoria:País (Irlandês)]]</text>
<sha1>07fbm5ann382pek66rcyv6w3ct8uc6b</sha1>
</revision>
