<page>
<page>
<title>gaimarelo</title>
<ns>0</ns>
<id>359745</id>
<revision>
<id>2113759</id>
<parentid>2113684</parentid>
<timestamp>2016-06-03T07:07:28Z</timestamp>
<contributor>
<username>Cpls</username>
<id>20608</id>
</contributor>
<comment>/* Sinónimos */</comment>
<model>wikitext</model>
<format>text/x-wiki</format>
<text bytes="933" xml:space="preserve">={{-gl-}}=
==Substantivo==
{{flex.gl|ms=gaimarelo|mp=gaimarelos}}
{{paroxítona|gai|ma|re|lo|lang=gl}}, {{gramática|m}}
# {{escopoCat|Ave|gl}} [[papa-figos]] (''[[wikispecies:Oriolus oriolus|Oriolus oriolus]]'')
===Sinónimos===
{{dividir em colunas|3}}
* [[crego-marelo#Gaelgo|crego-marelo]]
* [[figo-marelo#Galego|figo-marelo]]
* [[gandarelo#Galego|gandarelo]]
* [[gaio#Galego|gaio]]
* [[gaio-amarelo#Galego|gaio-amarelo]]
* [[gaio-bravo#Galego|gaio-bravo]]
* [[gaio-cereijeiro#Galego|gaio-cereijeiro]]
* [[gaio-da-branha#Galego|gaio-da-branha]]
* [[gaiol#Galego|gaiol]]
* [[gaiolo#Galego|gaiolo]]
* [[gaio-real#Galego|gaio-real]]
* [[merlo-marelo#Galego|merlo-marelo]]
{{dividir em colunas.fim}}
=={{etimologia|gl}}==
: {{escopo|Morfologia}} Do apócope de ''[[gaio-amarelo#Galego|gaio-amarelo]]''. Confronte-se com o [[francês]] {{etimo|fr|gai}} e com o galego ''[[marelo#Galego|marelo]]''.
[[Categoria:Substantivo (Galego)]]</text>
<sha1>b92ri9j0n4wvzkpcfmgipc8i8x5ffla</sha1>
</revision>
