<page>
<title>gain</title>
<ns>0</ns>
<id>101902</id>
<revision>
<id>2353046</id>
<parentid>2234684</parentid>
<timestamp>2017-05-02T20:31:27Z</timestamp>
<contributor>
<username>HydrizBot</username>
<id>29590</id>
</contributor>
<minor />
<comment>Robô: A limpar links interwikis antigos</comment>
<model>wikitext</model>
<format>text/x-wiki</format>
<text bytes="79" xml:space="preserve">={{-en-}}=
==Verbo==
# [[ganhar]], [[receber]]
[[Categoria:Verbo (Inglês)]]</text>
<sha1>ri8dv7tw8qryya9t4i3n4272871eotg</sha1>
</revision>
</page>
