<page>
<title>gaiol</title>
<ns>0</ns>
<id>329936</id>
<revision>
<id>2113749</id>
<parentid>2109009</parentid>
<timestamp>2016-06-03T07:06:16Z</timestamp>
<contributor>
<username>Cpls</username>
<id>20608</id>
</contributor>
<comment>/* {{-gl-}} */</comment>
<model>wikitext</model>
<format>text/x-wiki</format>
<text bytes="647" xml:space="preserve">[[Imagem:Oriolus oriolus France 3.jpg|thumb|180px|right|&lt;center&gt;Gaiol, ''(Oriolus oriolus)''&lt;/center&gt;]]
={{-gl-}}=
==Substantivo==
{{flex.pt|ms=gaiol|mp=gaióis}}
{{oxítona|gai|ol|lang=gl}}, {{gramática|m}}
#[[papa-figos]] (''[[wikispecies:Oriolus oriolus|Oriolus oriolus]]'')
===Sinónimos===
{{dividir em colunas|3}}
* [[gaio#Galego|gaio]]
* [[gaio-bravo#Galego|gaio-bravo]]
* [[gaio-cereijeiro#Galego|gaio-cereijeiro]]
* [[gaio-da-branha#Galego|gaio-da-branha]]
* [[gaiolo#Galego|gaiolo]]
* [[gaio-real#Galego|gaio-real]]
* [[ouriolo#Galego|ouriolo]]
{{dividir em colunas.fim}}
[[Categoria:Substantivo (Galego)]]
[[Categoria:Ave (Galego)]]</text>
<sha1>071a8u3bo13r6z93qk340avvrr4hjyw</sha1>
</revision>
</page>
