<page>
<page>
<title>gaios</title>
<ns>0</ns>
<id>405785</id>
<revision>
<id>2657172</id>
<parentid>2533586</parentid>
<timestamp>2022-01-06T04:19:29Z</timestamp>
<contributor>
<username>ValJor</username>
<id>1358</id>
</contributor>
<comment>Melhorando a apresentação do verbete</comment>
<model>wikitext</model>
<format>text/x-wiki</format>
<text bytes="171" xml:space="preserve">={{-pt-}}=
==Forma de substantivo==
{{paroxítona|gai|ios}}, {{gramática|m|p}}
# plural de [[gaio]]
{{avi-for-fle|gaio}}
[[Categoria:Forma de substantivo (Português)]]</text>
<sha1>d358gw3ct8nxrj23d7bmcj0iw5qr4m5</sha1>
</revision>
