<page>
<title>gaioleiro</title>
<ns>0</ns>
<id>263545</id>
<revision>
<id>1852941</id>
<parentid>1852940</parentid>
<timestamp>2014-08-29T12:40:25Z</timestamp>
<contributor>
<username>Cpls</username>
<id>20608</id>
</contributor>
<comment>/* =Sinônimo */</comment>
<model>wikitext</model>
<format>text/x-wiki</format>
<text bytes="1370" xml:space="preserve">={{-pt-}}=
==Substantivo==
{{flex.pt|ms=gaioleiro|mp=gaioleiros|fs=gaioleira|fp=gaioleiras}}
{{paroxítona|gai|o|lei|ro}}
#  fabricante de [[gaiola]]s
=={{etimologia|pt}}==
: {{escopo|Morfologia}} De [[gaiola]] + [[-eiro]].
==Ver também==
===No Wikcionário===
{{verTambém.Ini}}
* [[engaiolar]]
{{verTambém.NovaColuna}}
* [[gaiolo]]
{{verTambém.Fim}}
[[Categoria:Substantivo (Português)]]
={{-gl-}}=
==Adjetivo&lt;sup&gt;1&lt;/sup&gt;==
{{flex.gl|ms=gaioleiro|mp=gaioleiros|fs=gaioleira|fp=gaioleiras}}
{{paroxítona|gai|o|lei|ro|lang=gl}}
# [[alegre]], divertido
==={{etimologia|gl}}===
: {{escopo|Morfologia}} Derivado do galego ''[[gaiola#Galego|gaiola]]'', ([[ledice]]). Cognato do [[asturiano]] ''[[gayoleru#Asturiano|gayoleru]]''.
==Adjetivo&lt;sup&gt;2&lt;/sup&gt;==
{{flex.gl|ms=gaioleiro|mp=gaioleiros|fs=gaioleira|fp=gaioleiras}}
{{paroxítona|gai|o|lei|ro|lang=gl}}
# que [[iludir|ilude]], que engana
# [[sedutor]], adulador
===Sinônimo===
* [[gaioteiro#Galego|gaioteiro]]
==={{etimologia|gl}}===
: {{escopo|Morfologia}} Derivado de [[gaiola]], ([[jaula]]).
==Substantivo==
{{flex.gl|ms=gaioleiro|mp=gaioleiros|fs=gaioleira|fp=gaioleiras}}
{{paroxítona|gai|o|lei|ro|lang=gl}}
#  [[gaioleiro#Português|gaioleiro]]
=={{etimologia|pt}}==
: {{escopo|Morfologia}} De [[gaiola]], ([[jaula]]) + [[-eiro]].
[[Categoria:Adjetivo (Galego)]]
[[Categoria:Substantivo (Galego)]]</text>
<sha1>bqyl2lvaivzysyxs4r9oxpmog1vbnab</sha1>
</revision>
</page>
