<page>
<title>gaiola</title>
<ns>0</ns>
<id>150250</id>
<revision>
<id>2612632</id>
<parentid>2475378</parentid>
<timestamp>2021-01-31T12:33:09Z</timestamp>
<contributor>
<username>Marxav</username>
<id>73271</id>
</contributor>
<minor />
<comment>AFI Portugal</comment>
<model>wikitext</model>
<format>text/x-wiki</format>
<text bytes="2480" xml:space="preserve">[[Imagem:Birdcage_MET_2000.jpg|thumb|200px|&lt;center&gt;gaiola&lt;/center&gt;]]
={{-pt-}}=
==Substantivo&lt;sup&gt;1&lt;/sup&gt;==
{{flex.pt|fs=gaiola|fp=gaiolas}}
{{paroxítona|gai|o|la}}, {{g|f}}
# [[objeto]] envolto por [[grade]]s destinado a [[prender]] [[pássaro]]s ou outros animais [[doméstico]]s
# [[navio]] [[fluvial]] a [[vapor]] para [[transporte]] de [[passageiro]]s
===Tradução===
{{tradini|De 1 (jaula para aves)}}
* {{trad|de|Käfig}}
* {{trad|fr|cage}}
{{tradmeio}}
* {{trad|en|cage}}
* {{trad|en|gueiuola|gueiola|gaiola}}
{{tradfim}}
==={{etimologia|pt}}===
: Do baixo [[latim]] {{etimo|la|caveola}}.
==Substantivo&lt;sup&gt;2&lt;/sup&gt;==
{{flex.gl|fs=gaiola|fp=gaiolas}}
{{paroxítona|gai|o|la|lang=gl}}, {{g|f}}
# {{escopo|pt|Trás-os-Montes}} [[masturbação]]
==={{etimologia|pt}}===
: Aparentado com o [[provençal]] e com o [[francês]] ''gai'' ([[alegre]]). Confronte-se com o [[asturiano]] ''[[gayola#Asturiano|gayola]]'' e com o [[galego]] ''[[gaiola#Galego|gaiola]]''.
=={{pronúncia|pt}}==
===Portugal===
* AFI: {{AFI|/ɡaj.ˈɔ.lɐ/}}
[[Categoria:Substantivo (Português)]]
[[Categoria:Entrada com imagem (Português)]]
={{-gl-}}=
==Substantivo&lt;sup&gt;1&lt;/sup&gt;==
{{flex.gl|fs=gaiola|fp=gaiolas}}
{{paroxítona|gai|o|la|lang=gl}}, {{g|f|lang=gl}}
# [[gaiola#Português|gaiola]], [[jaula]]
# [[cárcere]]
# estrutura ou [[armação]] de madeira para a construção ou para o transporte
# pequena [[casa]] feita interiormente com tabiques de madeira
# [[palheira]]
# [[touril]]
==={{etimologia|gl}}===
: Do baixo [[latim]] {{etimo|la|caveola}}.
==Substantivo&lt;sup&gt;2&lt;/sup&gt;==
{{flex.gl|fs=gaiola|fp=gaiolas}}
{{paroxítona|gai|o|la|lang=gl}}, {{g|f|lang=gl}}
# [[barulho]], algazarra
# bom humor, ledice, [[divertimento]]
===Expressões===
* '''estar [[de gaiola#{{gl}}|de gaiola]]''', estar conversando agradavelmente, divertir-se
* '''dar gaiola''', dar boa conversa, boa amizade, boa companhia
==={{etimologia|gl}}===
: Aparentado com o [[catalão]], [[provençal]] e o [[francês]] {{etimo|ca|gai}} &quot;[[alegre]]&quot;. Confronte-se com o [[asturiano]] {{etimo|ast|gayola}}.
[[Categoria:Substantivo (Galego)]]
[[Categoria:Entrada com imagem (Galego)]]
={{-mwl-}}=
==Substantivo==
{{flex.mwl|fs=gaiola|fp=gaiolas}}
{{paroxítona|gai|o|la|língua=mwl}}, {{f}}
# {{escopo|mwl|Objeto}} [[gaiola#Português|gaiola]]
==={{-varort-}}===
* {{link opcional|gueiuola|mwl}}
* {{link opcional|gueiola|mwl}}
[[Categoria:Substantivo (Mirandês)]]
[[Categoria:Entrada com imagem (Mirandês)]]</text>
<sha1>kn0814laslxssg2ox6venq3gybi5qk2</sha1>
</revision>
</page>
