<page>
<page>
<title>gaioto</title>
<ns>0</ns>
<id>329935</id>
<revision>
<id>2550438</id>
<parentid>1852837</parentid>
<timestamp>2019-07-29T19:55:13Z</timestamp>
<contributor>
<username>Cpls</username>
<id>20608</id>
</contributor>
<comment>/* {{etimologia|gl}} */</comment>
<model>wikitext</model>
<format>text/x-wiki</format>
<text bytes="1117" xml:space="preserve">={{-pt-}}=
==Substantivo==
{{flex.pt|ms=gaioto|mp=gaiotos}}
{{paroxítona|gai|o|to}}, {{m}}
# {{escopo|Ornitologia, Trás-os-Montes}} [[gaio]], [[ave]] da família dos corvídeos (''[[wikispecies:Garrulus glandarius|Garrulus glandarius]]'')
=={{etimologia|pt}}==
: {{escopo|Morfologia}} De [[gaio]] + [[-oto]].
==Ver também==
===No Wikcionário===
* [[gaiar]]
===Na Wikipédia===
* [https://pt.wikipedia.org/wiki/Gaio-comum Gaioto (gaio-comum)]
[[Categoria:Substantivo (Português)]]
[[Categoria:Ave (Português)]]
[[Categoria:Regionalismo (Português)]]
={{-gl-}}=
==Substantivo&lt;sup&gt;1&lt;/sup&gt;==
{{flex.pt|ms=gaioto|mp=gaiotos}}
{{paroxítona|gai|o|to|lang=gl}}, {{m}}
# cria do [[gaio]], (''[[wikispecies:Garrulus glandarius|Garrulus glandarius]]'')
==Substantivo&lt;sup&gt;2&lt;/sup&gt;==
{{flex.pt|gaioto|gaiotos|gaiota|gaiotas}}
{{paroxítona|gai|o|to|lang=gl}}
# rapaz ou rapariga na [[puberdade]]
===Variante===
* [[gaiote#Galego|gaiote]]
=={{etimologia|gl}}==
: {{escopo|Morfologia}} De [[gaio]] + [[-oto]]. Confronte-se com ''[[gaiolo#{{gl}}|gaiolo]]''.
[[Categoria:Substantivo (Galego)]]
[[Categoria:Ave (Galego)]]</text>
<sha1>a1fz8zcdcnomgl8j9gnoamqnq6brtgp</sha1>
</revision>
