<page>
<page>
<title>gaioso</title>
<ns>0</ns>
<id>329909</id>
<revision>
<id>1852939</id>
<parentid>1852611</parentid>
<timestamp>2014-08-29T12:39:27Z</timestamp>
<contributor>
<username>Cpls</username>
<id>20608</id>
</contributor>
<comment>/* {{-gl-}} */</comment>
<model>wikitext</model>
<format>text/x-wiki</format>
<text bytes="725" xml:space="preserve">={{-gl-}}=
==Adjetivo==
{{flex.gl|ms=gaioso|mp=gaiosos|fs=gaiosa|fp=gaiosas}}
{{paroxítona|gai|o|so|lang=gl}}
# [[alegre]], divertido
==Substantivo==
{{flex.gl|ms=gaioso|mp=gaiosos}}
{{paroxítona|gai|o|so|lang=gl}}, {{m}}
# {{escopo|Antigamente}} [[gaiosa]], [[pagamento]] que o arrendatário dava ao proprietário nos dias de festa
=={{etimologia|gl}}==
: {{escopo|Morfologia}} Do [[galego-português medieval]] ''[[gaio#Galego-Português Medieval|gaio]]'', ([[alegre]]); pelo [[galego]] ''[[gaia#Galego|gaia]]'' ou ''[[gaio#Galego|gaio]]'', ([[ledice]]).
==Ver também==
===No Wikcionário===
{{verTambém.Ini}}
* [[gaiola]]
{{verTambém.NovaColuna}}
* [[gaioleiro]]
{{verTambém.Fim}}
[[Categoria:Adjetivo (Galego)]]</text>
<sha1>nckfan4oifu07i2rcb1wgc2usxq6afb</sha1>
</revision>
