<page>
<page>
<title>gaitar</title>
<ns>0</ns>
<id>316070</id>
<revision>
<id>2415996</id>
<parentid>2415995</parentid>
<timestamp>2017-06-06T19:16:39Z</timestamp>
<contributor>
<username>Askekamo</username>
<id>60711</id>
</contributor>
<model>wikitext</model>
<format>text/x-wiki</format>
<text bytes="431" xml:space="preserve">={{-pt-}}=
==Verbo==
{{oxítona|gai|tar}}
# {{escopo|pt|Trás-os-Montes}} [[chorar]] a criança, chorar
# reprovar
===Conjugação===
{{conj/pt|gait|ar}}
=={{etimologia|pt}}==
: {{escopo|Morfologia}} De [[gaita]] + [[-ar]].
==Ver também==
===No Wikcionário===
{{verTambém.Ini}}
* [[gaitear]]
{{verTambém.NovaColuna}}
* [[gaiteiro]]
{{verTambém.Fim}}
[[Categoria:Verbo (Português)]]
[[Categoria:Regionalismo (Português)]]</text>
<sha1>pwwscwrnmi7yl2dy7emfcx24o343ba6</sha1>
</revision>
