<page>
<title>gaitear</title>
<ns>0</ns>
<id>316069</id>
<revision>
<id>1696875</id>
<timestamp>2013-06-21T10:08:26Z</timestamp>
<contributor>
<username>Cpls</username>
<id>20608</id>
</contributor>
<comment>[[Ajuda:Guia de edição/Menus e ferramentas/Sumário de edição|→]] nova página: ={{-pt-}}= ==Verbo== {{oxítona|gai|te|ar}} # [[tocar]] a gaita  =={{etimologia|pt}}== : {{escopo|Morfologia}...</comment>
<model>wikitext</model>
<format>text/x-wiki</format>
<text bytes="371" xml:space="preserve">={{-pt-}}=
==Verbo==
{{oxítona|gai|te|ar}}
# [[tocar]] a gaita
=={{etimologia|pt}}==
: {{escopo|Morfologia}} De [[gaita]] + [[-ear]].
==Ver também==
===No Wikcionário===
{{verTambém.Ini}}
* [[gaitar]]
{{verTambém.Fim}}
[[Categoria:Verbo (Português)]]
={{-gl-}}=
==Verbo==
{{oxítona|gai|te|ar|lang=gl}}
# [[assobiar]] o vento, zoar
[[Categoria:Verbo (Galego)]]</text>
<sha1>dh2k548w6mio0bvew63uephorz7i2jw</sha1>
</revision>
</page>
