<page>
<page>
<title>Gaiti</title>
<ns>0</ns>
<id>405934</id>
<revision>
<id>2534043</id>
<timestamp>2019-01-25T10:09:21Z</timestamp>
<contributor>
<username>ValJor</username>
<id>1358</id>
</contributor>
<comment>Criação do verbete a partir da [[Especial:Páginas_pedidas|lista de palavras pedidas]]</comment>
<model>wikitext</model>
<format>text/x-wiki</format>
<text bytes="944" xml:space="preserve">{{Wikipédia|lang=kaa}}
{{Wikipédia|lang=olo}}
{{Wikipédia|lang=uz}}
[[Imagem:Flag of Haiti.svg|thumb|right|250px|&lt;center&gt;Bandeira do Haiti&lt;/center&gt;]]
[[Imagem:LocationHaiti.svg|thumb|right|250px|&lt;center&gt;Localização do Haiti&lt;/center&gt;]]
={{-kaa-}}=
==Substantivo==
'''Gaiti''', {{gramática|pr}}
# {{escopo|kaa|País}} [[Haiti]]
==Ver também==
===No Wikcionário===
{{América/kaa}}
[[Categoria:Substantivo (Caracalpaque)]]
[[Categoria:Entrada com imagem (Caracalpaque)]] 
={{-olo-}}=
==Substantivo==
'''Gaiti''', {{gramática|pr}}
# {{escopo|olo|País}} [[Haiti]]
==Ver também==
===No Wikcionário===
{{América/olo}}
[[Categoria:Substantivo (Livicoviano)]]
[[Categoria:Entrada com imagem (Livicoviano)]]
={{-uz-}}=
==Substantivo==
'''Gaiti''', {{gramática|pr}}
# {{escopo|uz|País}} [[Haiti]]
==Ver também==
===No Wikcionário===
{{América/uz}}
[[Categoria:Substantivo (Uzbeque)]]
[[Categoria:Entrada com imagem (Uzbeque)]]</text>
<sha1>cnpu65nmcclnq47j68xnn4pmtsyhkqe</sha1>
</revision>
