<page>
<page>
<title>gait</title>
<ns>0</ns>
<id>8525</id>
<revision>
<id>2353050</id>
<parentid>2198156</parentid>
<timestamp>2017-05-02T20:31:53Z</timestamp>
<contributor>
<username>HydrizBot</username>
<id>29590</id>
</contributor>
<minor />
<comment>Robô: A limpar links interwikis antigos</comment>
<model>wikitext</model>
<format>text/x-wiki</format>
<text bytes="137" xml:space="preserve">={{-en-}}=
==Substantivo==
'''gait'''
# [[andar]], [[caminhar]], passo ([[maneira]] de [[caminhar]])
[[Categoria:Substantivo (Inglês)]]</text>
<sha1>cz2qt2gxlfhzut57ued7c1z28la1915</sha1>
</revision>
