<page>
<page>
<title>gaivotão</title>
<ns>0</ns>
<id>392385</id>
<revision>
<id>2483369</id>
<timestamp>2018-02-06T21:49:00Z</timestamp>
<contributor>
<username>Cpls</username>
<id>20608</id>
</contributor>
<comment>[[Ajuda:Guia de edição/Menus e ferramentas/Sumário de edição|→]] nova página: ={{-gl-}}= ==Substantivo== {{flex.gl|ms=gaivotão|mp=gaivotões}} {{oxítona|gai|vo|tão|lang=gl}}, {{g|m|lan...</comment>
<model>wikitext</model>
<format>text/x-wiki</format>
<text bytes="772" xml:space="preserve">={{-gl-}}=
==Substantivo==
{{flex.gl|ms=gaivotão|mp=gaivotões}}
{{oxítona|gai|vo|tão|lang=gl}}, {{g|m|lang=gl}}
# {{escopo|gl|Ave}} [[gaivota-grande]] (''[[species:Larus marinus|Larus marinus]]'')
===Sinónimos===
* [[gaivota-grande#{{gl}}|gaivota-grande]], [[gaivotão-atlântico#{{gl}}|gaivotão-atlântico]], [[gaivotão-comum#{{gl}}|gaivotão-comum]], [[ganso#{{gl}}|ganso]]
=={{etimologia|gl}}==
: {{escopo|Morfologia}} Do aumentativo de ''[[gaivota#{{gl}}|gaivota]]'' + ''[[-ão#{{gl}}|-ão]]''.
=={{pronúncia|gl}}==
* [[AFI]]: /gai.bo.'toŋ/ ou /hai.bo.'toŋ/
==Referência==
* [https://www.academia.edu/7570169/Os_nomes_galegos_das_aves CERRADELO, Silverio. Os nomes galegos das aves. Ourense: Edición do autor, 2015.]
[[Categoria:Substantivo (Galego)]]</text>
<sha1>b1bsql79bo3dlbp0rb14draa74g3swr</sha1>
</revision>
