<page>
<title>gaivota</title>
<ns>0</ns>
<id>46129</id>
<revision>
<id>2654670</id>
<parentid>2621008</parentid>
<timestamp>2021-12-10T02:36:19Z</timestamp>
<contributor>
<username>Calq</username>
<id>27699</id>
</contributor>
<comment>/* Tradução */</comment>
<model>wikitext</model>
<format>text/x-wiki</format>
<text bytes="929" xml:space="preserve">{| style=&quot;float:right; &quot;
|-
| [[Ficheiro:Gaivota Seagull.jpg|thumb|250px|&lt;center&gt;gaivota&lt;/center&gt;]]
| [[Ficheiro:Pedalinho.JPG|thumb|230px|&lt;center&gt;gaivota/pedalinho&lt;/center&gt;]]
|}
={{-pt-}}=
==Substantivo==
{{flex.pt|fs=gaivota|fp=gaivotas}}
{{paroxítona|gai|vo|ta}}, {{gramática|f}}
# {{escopo2|Ornitologia}} [[ave]] [[palmípede]] da família dos ''Larídeos''
# [[barco]] de [[recreio]] de pequeno tamanho movido a [[pedal|pedais]]
===Tradução===
{{tradini|De 1 (ave)}}
* {{trad|ca|gavina}}
* {{trad|es|gaviota}}
* {{trad|eo|mevo}}
* {{trad|fr|mouette}}
* {{trad|gl|gaivota}}
{{tradmeio}}
* {{trad|nl|meeuw}}
* {{trad|io|muevo}}
* {{trad|en|seagull}}
* {{trad|mwl|gueibota}}
{{tradfim}}
=={{etimologia|pt}}==
{{llietimo|la|gavia|pt}}
=={{pronúncia|pt}}==
===Portugal===
* AFI: {{AFI|/ɡaj.ˈvɔ.tɐ/}}
[[Categoria:Substantivo (Português)]]
[[Categoria:Ave (Português)]]
[[Categoria:Entrada com imagem (Português)]]</text>
<sha1>kryhrcrj7qwgg267xgtt3jwv5rwtm5v</sha1>
</revision>
</page>
