<page>
<title>gaiámos</title>
<ns>0</ns>
<id>311124</id>
<revision>
<id>2550189</id>
<parentid>1654579</parentid>
<timestamp>2019-07-25T15:24:56Z</timestamp>
<contributor>
<username>ValJor</username>
<id>1358</id>
</contributor>
<comment>Acrescentando a predefinição avi-for-fle</comment>
<model>wikitext</model>
<format>text/x-wiki</format>
<text bytes="256" xml:space="preserve">={{-pt-}}=
==Forma verbal==
{{paroxítona|gai|á|mos}}
# {{escopo2|grafia lusitana}} primeira pessoa do plural do pretérito perfeito do indicativo do verbo [[gaiar]]
{{avi-for-fle|gaiar}}
[[Categoria:Forma verbal (Português)]]
[[Categoria:Lusitanismo]]</text>
<sha1>dz20bwk0vsvswsz9ud9px6xwm8l64ld</sha1>
</revision>
</page>
