<page>
<title>gaião</title>
<ns>0</ns>
<id>329945</id>
<revision>
<id>2643551</id>
<parentid>1852965</parentid>
<timestamp>2021-07-24T12:17:33Z</timestamp>
<contributor>
<username>Cpls</username>
<id>20608</id>
</contributor>
<comment>/* {{-gl-}} */</comment>
<model>wikitext</model>
<format>text/x-wiki</format>
<text bytes="438" xml:space="preserve">={{-gl-}}=
==Substantivo==
{{flex.gl|ms=gaião|mp=gaiães}}
{{oxítona|gai|ão|lang=gl}}
# {{escopo|gl|Peixe}} [[peixe-rei-do-alto]] (''[[species:Labrus mixtus|Labrus mixtus]]'')
===Variante===
* [[gaiano#Galego|gaiano]]
=={{pronúncia|gl}}==
* [[AFI]]: /gaj.'aŋ/, (''singular''); /gaj.'ans/, /gaj.'as/ (''plural'').
==Ver também==
===No Wikcionário===
* [[maragota]]
[[Categoria:Peixe (Galego)]]
[[Categoria:Substantivo (Galego)]]</text>
<sha1>04yyvr1r8wg1to0ucmms0kojl9hykj7</sha1>
</revision>
</page>
