<page>
<page>
<title>gajarado</title>
<ns>0</ns>
<id>358707</id>
<revision>
<id>2097217</id>
<timestamp>2016-05-05T21:47:15Z</timestamp>
<contributor>
<username>Cpls</username>
<id>20608</id>
</contributor>
<comment>[[Ajuda:Guia de edição/Menus e ferramentas/Sumário de edição|→]] nova página: ={{-gl-}}= ==Substantivo== {{flex.gl|ms=gajarado|mp=gajarados}} {{paroxítona|ga|ja|ra|do|lang=gl}}, {{m}} #...</comment>
<model>wikitext</model>
<format>text/x-wiki</format>
<text bytes="446" xml:space="preserve">={{-gl-}}=
==Substantivo==
{{flex.gl|ms=gajarado|mp=gajarados}}
{{paroxítona|ga|ja|ra|do|lang=gl}}, {{m}}
# quantidade relativa de [[comida]] contida numa [[panela]]
===Sinónimo===
* [[gajarada#Galego|gajarada]]
=={{etimologia|gl}}==
: De ''[[gájaro#Galego|gájaro]]'' + ''[[-ada]]''. Confronte-se com ''[[gajeira#Galego|gajeira]]'', ''[[gachada#Galego|gachada]]'', e com o [[trasmontanismo]] [[gájaras]].
[[Categoria:Substantivo (Galego)]]</text>
<sha1>2ft7851e8u6lsi9jiaempz96s4owj2a</sha1>
</revision>
