<page>
<title>gaja</title>
<ns>0</ns>
<id>254924</id>
<revision>
<id>2353058</id>
<parentid>2245210</parentid>
<timestamp>2017-05-02T20:32:25Z</timestamp>
<contributor>
<username>HydrizBot</username>
<id>29590</id>
</contributor>
<minor />
<comment>Robô: A limpar links interwikis antigos</comment>
<model>wikitext</model>
<format>text/x-wiki</format>
<text bytes="533" xml:space="preserve">={{-pt-}}=
==Forma de substantivo==
{{paroxítona|ga|ja}}
# feminino de [[gajo]]
{{avi-for-fle|gajo}}
[[Categoria:Forma de substantivo (Português)]]
={{-gl-}}=
==Substantivo==
{{flex.gl|fs=gaja|fp=gajas}}
{{paroxítona|ga|ja|lang=gl}}, {{f}}
# [[cacho]] de [[uva]]s pequeno, ou parte de um cacho de uvas maior
# [[vagem]] de legume
# [[gage]], gratificação, prenda de obséquio
=={{etimologia|gl}}==
: Confronte-se com ''[[gajo#Galego|gajo]]'', ''[[gajeira#Galego|gajeira]]'', e [[gájaras]].
[[Categoria:Substantivo (Galego)]]</text>
<sha1>furedcyh74s6e0dubs6du1g2yngtnnk</sha1>
</revision>
</page>
