<page>
<title>gajada</title>
<ns>0</ns>
<id>275972</id>
<revision>
<id>1251259</id>
<parentid>1243716</parentid>
<timestamp>2011-09-27T06:57:35Z</timestamp>
<contributor>
<username>ValJor</username>
<id>1358</id>
</contributor>
<comment>Por um [[Wikcionário:Listas de verbetes com problemas|wikcionário com saídas]]!</comment>
<model>wikitext</model>
<format>text/x-wiki</format>
<text bytes="171" xml:space="preserve">={{-pt-}}=
==Substantivo==
{{paroxítona|ga|ja|da}}
# {{escopo|Gíria}} [[chusma]] de [[gajo]]s ou gajas
# [[procedimento]] de gajo
[[Categoria:Substantivo (Português)]]</text>
<sha1>01h2ygwrvofhjxvkah83cnwp0hwaa4j</sha1>
</revision>
</page>
