<page>
<title>Gaja</title>
<ns>0</ns>
<id>142542</id>
<revision>
<id>2269501</id>
<parentid>1957207</parentid>
<timestamp>2017-04-26T17:59:39Z</timestamp>
<contributor>
<username>HydrizBot</username>
<id>29590</id>
</contributor>
<minor />
<comment>Robô: A limpar links interwikis antigos</comment>
<model>wikitext</model>
<format>text/x-wiki</format>
<text bytes="744" xml:space="preserve">={{-sl-}}=
==Substantivo==
'''Gaja''' {{pr}}
#{{escopo|Mitologia}} [[Gaia]], [[deusa]] da [[mitologia]] [[grega]]
[[Categoria:Substantivo (Esloveno)]]
[[Categoria:Mitologia (Esloveno)]]
={{-lv-}}=
==Substantivo==
'''Gaja''' {{pr}}
#{{escopo|Mitologia}} [[Gaia]], [[deusa]] da [[mitologia]] [[grega]]
[[Categoria:Substantivo (Letão)]]
[[Categoria:Mitologia (Letão)]]
={{-lt-}}=
==Substantivo==
'''Gaja''' {{pr}}
#{{escopo|Mitologia}} [[Gaia]], [[deusa]] da [[mitologia]] [[grega]]
[[Categoria:Substantivo (Lituano)]]
[[Categoria:Mitologia (Lituano)]]
={{-pl-}}=
==Substantivo==
'''Gaja''' {{pr}}
#{{escopo|Mitologia}} [[Gaia]], [[deusa]] da [[mitologia]] [[grega]]
[[Categoria:Substantivo (Polonês)]]
[[Categoria:Mitologia (Polonês)]]</text>
<sha1>bqagyx71920njkvcblc6rujzkg0t4fq</sha1>
</revision>
</page>
