<page>
<page>
<title>Gajana</title>
<ns>0</ns>
<id>148225</id>
<revision>
<id>2269502</id>
<parentid>2010061</parentid>
<timestamp>2017-04-26T17:59:42Z</timestamp>
<contributor>
<username>HydrizBot</username>
<id>29590</id>
</contributor>
<minor />
<comment>Robô: A limpar links interwikis antigos</comment>
<model>wikitext</model>
<format>text/x-wiki</format>
<text bytes="241" xml:space="preserve">={{-lt-}}=
{{Wikipédia|lang=lt}}
==Substantivo==
'''Gajana''', {{pr}}
#{{escopo|Geografia}} [[Guiana]]
===Variante===
*[[Gajanos Respublika]]
==Ver também==
{{América/lt}}
[[Categoria:Substantivo (Lituano)]]
[[Categoria:País (Lituano)]]</text>
<sha1>tr8jc4m2a22g5pqw2nrnfp0ju7pkxzj</sha1>
</revision>
