<page>
<title>gajeiro</title>
<ns>0</ns>
<id>10190</id>
<revision>
<id>2353060</id>
<parentid>2125715</parentid>
<timestamp>2017-05-02T20:32:32Z</timestamp>
<contributor>
<username>HydrizBot</username>
<id>29590</id>
</contributor>
<minor />
<comment>Robô: A limpar links interwikis antigos</comment>
<model>wikitext</model>
<format>text/x-wiki</format>
<text bytes="493" xml:space="preserve">={{-pt-}}=
==Adjetivo==
{{flex.pt|ms=gajeiro|mp=gajeiros|fs=gajeira|fp=gajeiras}}
{{paroxítona|ga|jei|ro}}
# que [[trepar|trepa]] com [[facilidade]]
==Substantivo==
{{paroxítona|ga|jei|ro}}
# [[marinheiro]] que, na [[gávea]], vigia o [[mastro]] e observa a terra e as embarcações
# {{escopo|Brasil}} aquele que ajuda outra pessoa, especialmente na pesca de tarrafa ou de siri
[[Categoria:Adjetivo (Português)]]
[[Categoria:Substantivo (Português)]]
[[Categoria:Náutica (Português)]]</text>
<sha1>t1r7vazdaxo1s83sd6ii2rznl71z6hs</sha1>
</revision>
</page>
