<page>
<title>gajnata</title>
<ns>0</ns>
<id>247011</id>
<revision>
<id>2353063</id>
<parentid>2062239</parentid>
<timestamp>2017-05-02T20:32:42Z</timestamp>
<contributor>
<username>HydrizBot</username>
<id>29590</id>
</contributor>
<minor />
<comment>Robô: A limpar links interwikis antigos</comment>
<model>wikitext</model>
<format>text/x-wiki</format>
<text bytes="339" xml:space="preserve">={{-eo-}}=
==Forma verbal==
'''gaj.{{grifar|na}}.ta'''
# [[particípio]] [[passivo]] [[do]] [[presente]] do [[verbo]] '''''[[gajni]]'''''
===Conjugação===
{{conj.eo|gajn}}
=={{etimologia|eo}}==
{{etimo.eo|gajn|-at-|-a}}
[[Categoria:Forma verbal (Esperanto)]]
[[Categoria:Trissílabo (Esperanto)]]
[[Categoria:Paroxítona (Esperanto)]]</text>
<sha1>hdgc7l6vkwecp3w1kpoyxiyltff9rek</sha1>
</revision>
</page>
