<page>
<title>gajnota</title>
<ns>0</ns>
<id>247012</id>
<revision>
<id>2353070</id>
<parentid>2062242</parentid>
<timestamp>2017-05-02T20:33:05Z</timestamp>
<contributor>
<username>HydrizBot</username>
<id>29590</id>
</contributor>
<minor />
<comment>Robô: A limpar links interwikis antigos</comment>
<model>wikitext</model>
<format>text/x-wiki</format>
<text bytes="337" xml:space="preserve">={{-eo-}}=
==Forma verbal==
'''gaj.{{grifar|no}}.ta'''
# [[particípio]] [[passivo]] [[do]] [[futuro]] do [[verbo]] '''''[[gajni]]'''''
===Conjugação===
{{conj.eo|gajn}}
=={{etimologia|eo}}==
{{etimo.eo|gajn|-ot-|-a}}
[[Categoria:Forma verbal (Esperanto)]]
[[Categoria:Trissílabo (Esperanto)]]
[[Categoria:Paroxítona (Esperanto)]]</text>
<sha1>21ycrplxkkb035d4gkldzu0iwslsr4j</sha1>
</revision>
</page>
