<page>
<title>gajnos</title>
<ns>0</ns>
<id>247000</id>
<revision>
<id>2353069</id>
<parentid>2062241</parentid>
<timestamp>2017-05-02T20:33:01Z</timestamp>
<contributor>
<username>HydrizBot</username>
<id>29590</id>
</contributor>
<minor />
<comment>Robô: A limpar links interwikis antigos</comment>
<model>wikitext</model>
<format>text/x-wiki</format>
<text bytes="295" xml:space="preserve">={{-eo-}}=
==Forma verbal==
'''{{grifar|gaj}}.nos'''
# [[futuro]] do [[verbo]] '''''[[gajni]]'''''
===Conjugação===
{{conj.eo|gajn}}
=={{etimologia|eo}}==
{{etimo.eo|gajn|-os}}
[[Categoria:Forma verbal (Esperanto)]]
[[Categoria:Dissílabo (Esperanto)]]
[[Categoria:Paroxítona (Esperanto)]]</text>
<sha1>sjx7dkx4pqhttuwbwfr5brz3yysa1ps</sha1>
</revision>
</page>
