<page>
<page>
<title>gajnita</title>
<ns>0</ns>
<id>247010</id>
<revision>
<id>2353067</id>
<parentid>2062236</parentid>
<timestamp>2017-05-02T20:32:55Z</timestamp>
<contributor>
<username>HydrizBot</username>
<id>29590</id>
</contributor>
<minor />
<comment>Robô: A limpar links interwikis antigos</comment>
<model>wikitext</model>
<format>text/x-wiki</format>
<text bytes="338" xml:space="preserve">={{-eo-}}=
==Forma verbal==
'''gaj.{{grifar|ni}}.ta'''
# [[particípio]] [[passivo]] [[do]] [[passado]] do [[verbo]] '''''[[gajni]]'''''
===Conjugação===
{{conj.eo|gajn}}
=={{etimologia|eo}}==
{{etimo.eo|gajn|-it-|-a}}
[[Categoria:Forma verbal (Esperanto)]]
[[Categoria:Trissílabo (Esperanto)]]
[[Categoria:Paroxítona (Esperanto)]]</text>
<sha1>94quohpcoqqut680e4wwaf6q79un17a</sha1>
</revision>
