<page>
<title>gajnus</title>
<ns>0</ns>
<id>247002</id>
<revision>
<id>2353072</id>
<parentid>2062244</parentid>
<timestamp>2017-05-02T20:33:10Z</timestamp>
<contributor>
<username>HydrizBot</username>
<id>29590</id>
</contributor>
<minor />
<comment>Robô: A limpar links interwikis antigos</comment>
<model>wikitext</model>
<format>text/x-wiki</format>
<text bytes="300" xml:space="preserve">={{-eo-}}=
==Forma verbal==
'''{{grifar|gaj}}.nus'''
# [[condicional]] do [[verbo]] '''''[[gajni]]'''''
===Conjugação===
{{conj.eo|gajn}}
=={{etimologia|eo}}==
{{etimo.eo|gajn|-us}}
[[Categoria:Forma verbal (Esperanto)]]
[[Categoria:Dissílabo (Esperanto)]]
[[Categoria:Paroxítona (Esperanto)]]</text>
<sha1>5asbbca0eovzqblldr2b7icewb68ome</sha1>
</revision>
</page>
