<page>
<title>gajn</title>
<ns>0</ns>
<id>381357</id>
<revision>
<id>2440444</id>
<timestamp>2017-07-26T08:27:16Z</timestamp>
<contributor>
<username>ValJor</username>
<id>1358</id>
</contributor>
<comment>Criação do verbete a partir da [[Especial:Páginas_pedidas|lista de palavras pedidas]]</comment>
<model>wikitext</model>
<format>text/x-wiki</format>
<text bytes="139" xml:space="preserve">={{-eo-}}=
==Morfema==
'''gajn'''
# ideia de [[ganhar]], [[obter]]
===Verbetes derivados===
* [[gajni]]
[[Categoria:Morfema (Esperanto)]]</text>
<sha1>l445rr6rtwbu295ic4wkramg09j0icy</sha1>
</revision>
</page>
