<page>
<page>
<title>gajnanta</title>
<ns>0</ns>
<id>247008</id>
<revision>
<id>2353061</id>
<parentid>2062260</parentid>
<timestamp>2017-05-02T20:32:35Z</timestamp>
<contributor>
<username>HydrizBot</username>
<id>29590</id>
</contributor>
<minor />
<comment>Robô: A limpar links interwikis antigos</comment>
<model>wikitext</model>
<format>text/x-wiki</format>
<text bytes="339" xml:space="preserve">={{-eo-}}=
==Forma verbal==
'''gaj.{{grifar|nan}}.ta'''
# [[particípio]] [[ativo]] [[do]] [[presente]] do [[verbo]] '''''[[gajni]]'''''
===Conjugação===
{{conj.eo|gajn}}
=={{etimologia|eo}}==
{{etimo.eo|gajn|-ant-|-a}}
[[Categoria:Forma verbal (Esperanto)]]
[[Categoria:Trissílabo (Esperanto)]]
[[Categoria:Paroxítona (Esperanto)]]</text>
<sha1>to43iotwx4vmji1d6q67pp6ev989y3w</sha1>
</revision>
