<page>
<title>gajni</title>
<ns>0</ns>
<id>122551</id>
<revision>
<id>2353064</id>
<parentid>2062234</parentid>
<timestamp>2017-05-02T20:32:47Z</timestamp>
<contributor>
<username>HydrizBot</username>
<id>29590</id>
</contributor>
<minor />
<comment>Robô: A limpar links interwikis antigos</comment>
<model>wikitext</model>
<format>text/x-wiki</format>
<text bytes="1032" xml:space="preserve">={{-eo-}}=
==Verbo==
'''{{grifar|gaj}}.ni'''
# [[ganhar]], [[obter]]
#: ''[[oni#{{eo}}|Oni]] [[devi#{{eo}}|devas]] {{link opcional|studi|eo}} [[por#{{eo}}|por]] '''gajni''' {{l.s.|bona|eo}}jn {{l.s.|noto|eo}}jn.'' &lt;small&gt;([[dever|Deve]]-[[se#Pronome|se]] [[estudar]] {{l.s.|para|Preposição}} ganhar [[bom|boas]] {{l.s.|nota}}s.)&lt;/small&gt;
# ganhar, [[vencer]]
===Conjugação===
{{conj.eo|gajn}}
===Antónimos===
* {{l.s.|perdi|{{eo}}}}
===Termos derivados===
{{verTambém.Ini}}
* {{link opcional|malgajni}}
{{verTambém.Fim}}
=={{etimologia|eo}}==
{{etimo.eo|gajn|-i}}
=={{pronúncia}}==
* [[AFI]]: {{AFI|/ˈgaj.ni/}}, {{AFI|/ˈgɑj.ni/}}
* [[X-SAMPA]]: /&quot;gaj.ni/, /&quot;gAj.ni/
==Ver também==
===No Wikcionário===
{{verTambém.Ini}}
* {{link opcional|gajno|eo}}
{{verTambém.Fim}}
===Referências===
{{verTambém.Ini}}
* [http://www.reta-vortaro.de/revo/art/gajn.html#cxas.0i ''gajni'' no Reta Vortaro (em esperanto)]
{{verTambém.Fim}}
{{categorias|{{eo}}|Verbo|Dissílabo|Paroxítona|Desporto|Jogo|Entrada com pronúncia}}</text>
<sha1>a2oxdokvp4cd9cgtbnflnpyuwumx787</sha1>
</revision>
</page>
