<page>
<page>
<title>gajninta</title>
<ns>0</ns>
<id>246997</id>
<revision>
<id>2353065</id>
<parentid>2062233</parentid>
<timestamp>2017-05-02T20:32:49Z</timestamp>
<contributor>
<username>HydrizBot</username>
<id>29590</id>
</contributor>
<minor />
<comment>Robô: A limpar links interwikis antigos</comment>
<model>wikitext</model>
<format>text/x-wiki</format>
<text bytes="338" xml:space="preserve">={{-eo-}}=
==Forma verbal==
'''gaj.{{grifar|nin}}.ta'''
# [[particípio]] [[ativo]] [[do]] [[passado]] do [[verbo]] '''''[[gajni]]'''''
===Conjugação===
{{conj.eo|gajn}}
=={{etimologia|eo}}==
{{etimo.eo|gajn|-int-|-a}}
[[Categoria:Forma verbal (Esperanto)]]
[[Categoria:Trissílabo (Esperanto)]]
[[Categoria:Paroxítona (Esperanto)]]</text>
<sha1>mooypka8fyxk4bcsmaf09dsvn7zmtz2</sha1>
</revision>
