<page>
<page>
<title>gajolo</title>
<ns>0</ns>
<id>358710</id>
<revision>
<id>2097223</id>
<timestamp>2016-05-05T21:58:58Z</timestamp>
<contributor>
<username>Cpls</username>
<id>20608</id>
</contributor>
<comment>[[Ajuda:Guia de edição/Menus e ferramentas/Sumário de edição|→]] nova página: ={{-gl-}}= ==Substantivo== {{flex.gl|ms=gajolo|mp=gajolos}} {{paroxítona|ga|jo|lo|lang=gl}}, {{m}} # [[papo]...</comment>
<model>wikitext</model>
<format>text/x-wiki</format>
<text bytes="278" xml:space="preserve">={{-gl-}}=
==Substantivo==
{{flex.gl|ms=gajolo|mp=gajolos}}
{{paroxítona|ga|jo|lo|lang=gl}}, {{m}}
# [[papo]], parte anterior do pescoço
=={{etimologia|gl}}==
: Confronte-se com ''[[gajola#Galego|gajola]]'', ''[[cachola#Galego|cachola]]''.
[[Categoria:Substantivo (Galego)]]</text>
<sha1>24vrqopd7gll5wdadilvfn7maw2hcqp</sha1>
</revision>
