<page>
<title>gajola</title>
<ns>0</ns>
<id>358708</id>
<revision>
<id>2353074</id>
<parentid>2125714</parentid>
<timestamp>2017-05-02T20:33:15Z</timestamp>
<contributor>
<username>HydrizBot</username>
<id>29590</id>
</contributor>
<minor />
<comment>Robô: A limpar links interwikis antigos</comment>
<model>wikitext</model>
<format>text/x-wiki</format>
<text bytes="507" xml:space="preserve">={{-gl-}}=
==Substantivo==
{{flex.gl|fs=gajola|fp=gajolas}}
{{paroxítona|ga|jo|la|lang=gl}}, {{f}}
# [[bócio]], inchaço da glândula tiroides
===Sinónimos===
{{dividir em colunas|3}}
* [[bócio#Galego|bócio]]
* [[cachola#Galego|cachola]]
* [[papeira#Galego|papeira]]
* [[papo#Galego|papo]]
{{dividir em colunas.fim}}
=={{etimologia|gl}}==
: Confronte-se com ''[[bajola#Galego|bajola]]'', ''[[gajolo#Galego|gajolo]]'', ''[[gajarola#Galego|gajarola]]'' e [[cachola]].
[[Categoria:Substantivo (Galego)]]</text>
<sha1>cr3plw0zz5x8oqlsxmbsup0ja0wi2uw</sha1>
</revision>
</page>
