<page>
<title>gajo</title>
<ns>0</ns>
<id>33497</id>
<revision>
<id>2551728</id>
<parentid>2551594</parentid>
<timestamp>2019-08-25T21:26:38Z</timestamp>
<contributor>
<username>ValJor</username>
<id>1358</id>
</contributor>
<minor />
<comment>Revertidas edições por [[Especial:Contribuições/2001:8A0:F221:D301:DCC:2335:7500:D12|2001:8A0:F221:D301:DCC:2335:7500:D12]] para a última versão por [[Especial:Contribuições/168.194.163.250|168.194.163.250]]</comment>
<model>wikitext</model>
<format>text/x-wiki</format>
<text bytes="1538" xml:space="preserve">={{-pt-}}=
==Substantivo==
{{flex.pt|ms=gajo|mp=gajos|fs=gaja|fp=gajas}}
{{paroxítona|ga|jo}}, ''masculino''
# {{escopoUso|Informal|pt}} qualquer [[pessoa]] cujo nome não se conhece ou se quer omitir; [[fulano]] (também jocoso ou pejorativo)
#* ''O '''gajo''' não sabia para onde mais olhar.''
# {{escopoUso|Portugal|pt}} {{escopoUso|informal|pt}} {{escopoUso|pejorativo|pt}} [[indivíduo]] de baixa [[reputação]]
#* ''O lugar de todos estes '''gajos''' é no xadrez.''
# {{escopoUso|Portugal|pt}} {{escopoUso|informal|pt}} {{escopoUso|pejorativo|pt}} [[indivíduo]] [[velhaco]], [[finório]]
# {{escopoUso|Brasil|pt}} {{escopoUso|informal|pt}} {{escopoUso|jocoso|pt}} [[indivíduo]] natural de Portugal; [[português]]
# [[indivíduo]] de maneiras abrutalhadas
# {{escopoUso|Gíria|pt}} [[malandro]]
===Coletivos===
* [[gajada]]
===Tradução===
{{tradini}}
* {{trad|en|guy}}
{{tradmeio}}
* {{trad|tet|buatamak}}
{{tradfim}}
=={{etimologia|pt}}==
: De ''[[gajão]]'', tomado indevidamente como aumentativo, em formação regressiva.
==Anagrama==
# [[joga]]
[[Categoria:Substantivo (Português)]]
={{-gl-}}=
==Substantivo==
{{flex.gl|ms=gajo|mp=gajos}}
{{paroxítona|ga|jo|lang=gl}}, {{m}}
# [[vagem]]
===Sinónimos===
{{dividir em colunas|3}}
* [[bagulho#Galego|bagulho]]
* [[cornicho#Galego|cornicho]]
* [[faveca#Galego|faveca]]
* [[gaja#Galego|gaja]]
{{dividir em colunas.fim}}
=={{etimologia|gl}}==
: Confronte-se com o galego ''[[gajeira#Galego|gajeira]]'' e ''[[gaxo#Galego|gaxo]]''.
[[Categoria:Substantivo (Galego)]]</text>
<sha1>aoss5eo5lhi56nbjypz1vlxxooz9ug7</sha1>
</revision>
</page>
