<page>
<title>gal</title>
<ns>0</ns>
<id>63601</id>
<revision>
<id>2531470</id>
<parentid>2353077</parentid>
<timestamp>2019-01-05T19:27:49Z</timestamp>
<contributor>
<username>Amigo7</username>
<id>58547</id>
</contributor>
<comment>Acrescentando secção -pl-</comment>
<model>wikitext</model>
<format>text/x-wiki</format>
<text bytes="994" xml:space="preserve">{{Wikipédia|lang=pl}}
={{-en-}}=
==Abreviatura==
'''gal'''
# {{escopo|en|Metrologia}} [[gallon]]
[[Categoria:Abreviatura (Inglês)]]
={{-lfn-}}=
{{flex.lfn|gal|gales}}
==Substantivo==
{{oxítona|gal|lang=lfn}}
# {{escopo|lfn|Ave}} [[galinha]]
===Grafias alternativas===
* '''[[alfabeto cirílico|Alfabeto cirílico]]:''' {{l.s.|гал|{{lfn}}}}
===Termos derivados===
{{verTambém.Ini}}
* {{link opcional|gal de venta|lfn}}
* {{link opcional|gal fema|lfn}}
{{verTambém.NovaColuna}}
* {{link opcional|gal mas|lfn}}
* {{link opcional|galeta|lfn}}
{{verTambém.NovaColuna}}
* {{link opcional|galin|lfn}}
{{verTambém.Fim}}
{{categorias|{{nome categoria|lfn}}|Substantivo|Animal|Ave}}
={{-pl-}}=
==Substantivo==
{{elementos|Ga|cynk|Zn|german|Ge}}
'''gal''', {{gramática|m}} {{gramática|ina}}, {{s/p}}
# {{escopo|pl|Elemento químico}} [[gálio]]
==Ver também==
===No Wikcionário===
{{tabela periódica/pl}}
[[Categoria:Substantivo (Polonês)]]
[[Categoria:Monossílabo (Polonês)]]</text>
<sha1>c5rhuk83dhg033by5ve86bsx92jlrg7</sha1>
</revision>
</page>
