<page>
<page>
<title>galana</title>
<ns>0</ns>
<id>418266</id>
<revision>
<id>2569343</id>
<timestamp>2020-01-01T21:12:46Z</timestamp>
<contributor>
<username>Cpls</username>
<id>20608</id>
</contributor>
<comment>[[Ajuda:Guia de edição/Menus e ferramentas/Sumário de edição|→]] nova página: ={{-ast-}}= ==Substantivo== {{flex.ast|fs=galana|fp=galanes}} {{paroxítona|ga|la|na|lang=ast}}, {{gramática...</comment>
<model>wikitext</model>
<format>text/x-wiki</format>
<text bytes="616" xml:space="preserve">={{-ast-}}=
==Substantivo==
{{flex.ast|fs=galana|fp=galanes}}
{{paroxítona|ga|la|na|lang=ast}}, {{gramática|f}}
# {{escopo|ast|Planta}} [[margarida]] silvestre; flor do [[tomilho]]
=={{etimologia|ast}}==
: Da mesma origem que {{etimo|ast|galán}}.
[[Categoria:Substantivo (Asturiano)]]
={{-gl-}}=
==Substantivo==
{{flex.gl|fs=galana|fp=galanas}}
{{paroxítona|ga|la|na|lang=gl}}, {{gramática|f}}
# {{escopo|gl|Planta}} nome genérico para qualquer [[flor]] silvestre
=={{etimologia|gl}}==
: Da mesma origem que ''[[galão#Galego|galão]]'' ou ''[[galano#Galego|galano]]''.
[[Categoria:Substantivo (Galego)]]</text>
<sha1>osr2hhl47ghtfb9ggfu1kscearviwk9</sha1>
</revision>
