<page>
<page>
<title>Galatians</title>
<ns>0</ns>
<id>341404</id>
<revision>
<id>2660497</id>
<parentid>2412844</parentid>
<timestamp>2022-02-18T14:32:49Z</timestamp>
<contributor>
<username>Leonardo José Raimundo</username>
<id>43489</id>
</contributor>
<comment>Eu estou colocando as versões em escocês e lavukaleve do nome &quot;Galatians&quot;.</comment>
<model>wikitext</model>
<format>text/x-wiki</format>
<text bytes="971" xml:space="preserve">{{Wikipédia|Epistle to the Galatians|lang=en}}
={{-sco-}}=
==Substantivo==
{{paroxítona|Ga|la|tians|lang=sco}}, {{gramática|pr|lang=sco}}
# {{escopo|sco|Cristianismo|religião}} [[Gálatas]]
==Ver também==
===No Wikcionário===
{{bíblia/sco}}
[[Categoria:Substantivo (Escocês)]]
={{-en-}}=
==Substantivo==
{{paroxítona|Ga|la|tians|lang=en}}, {{gramática|pr|lang=en}}
# {{escopo|en|Cristianismo|religião}} [[Gálatas]]
==Forma de substantivo==
{{paroxítona|Ga|la|tians|lang=en}}, {{gramática|p|lang=en}}
# plural de [[Galatian#{{en}}|Galatian]]
{{avi-for-fle|Galatian|lang=en}}
==Ver também==
===No Wikcionário===
{{bíblia/en}}
[[Categoria:Substantivo (Inglês)]]
[[Categoria:Forma de substantivo (Inglês)]]
={{-lvk-}}=
==Substantivo==
{{paroxítona|Ga|la|tians|lang=lvk}}, {{gramática|pr|lang=lvk}}
# {{escopo|lvk|Cristianismo|religião}} [[Gálatas]]
==Ver também==
===No Wikcionário===
{{bíblia/lvk}}
[[Categoria:Substantivo (Lavukaleve)]]</text>
<sha1>q35wnmhm2zv2hz8sb6wknhcjrktygri</sha1>
</revision>
