<page>
<title>Galacia</title>
<ns>0</ns>
<id>424778</id>
<revision>
<id>2591527</id>
<parentid>2591509</parentid>
<timestamp>2020-06-30T01:10:52Z</timestamp>
<contributor>
<username>Leonardo José Raimundo</username>
<id>43489</id>
</contributor>
<comment>Eu estou colocando as versões em tagalo e waray-waray do nome &quot;Galacia&quot;.</comment>
<model>wikitext</model>
<format>text/x-wiki</format>
<text bytes="942" xml:space="preserve">={{-ceb-}}=
==Substantivo==
{{paroxítona|Ga|la|cia|lang=ceb}}
# {{escopo|ceb|Cristianismo|religião}} [[Gálatas]]
==Ver também==
===No Wikcionário===
{{bíblia/ceb}}
[[Categoria:Substantivo (Cebuano)]]
={{-es-}}=
==Substantivo==
{{paroxítona|Ga|la|cia|lang=es}}
# [[Galácia]]
[[Categoria:Substantivo (Espanhol)]]
[[Categoria:Cidade (Espanhol)]]
={{-tl-}}=
==Substantivo==
{{paroxítona|Ga|la|cia|lang=tl}}
# [[Galácia]]
==Ver também==
===No Wikcionário===
{{colunas|6}}
*[[Roma]]
*[[Corinto]]
*[[Efeso]]
*[[Filipos]]
*[[Colosas]]
*[[Tesalonica]]
{{colunas.fim}}
[[Categoria:Substantivo (Tagalo)]]
[[Categoria:Cidade (Tagalo)]]
={{-war-}}=
==Substantivo==
{{paroxítona|Ga|la|cia|lang=war}}
# [[Galácia]]
==Ver também==
===No Wikcionário===
{{colunas|6}}
*[[Roma]]
*[[Corinto]]
*[[Efeso]]
*[[Filipos]]
*[[Colosas]]
*[[Tesalonica]]
{{colunas.fim}}
[[Categoria:Substantivo (Waray-Waray)]]
[[Categoria:Cidade (Waray-Waray)]]</text>
<sha1>7zapfsk2ff510x70hebgxwm7v2fu1cg</sha1>
</revision>
</page>
