<page>
<title>galaste</title>
<ns>0</ns>
<id>171914</id>
<revision>
<id>2353133</id>
<parentid>1151532</parentid>
<timestamp>2017-05-02T20:42:19Z</timestamp>
<contributor>
<username>HydrizBot</username>
<id>29590</id>
</contributor>
<minor />
<comment>Robô: A limpar links interwikis antigos</comment>
<model>wikitext</model>
<format>text/x-wiki</format>
<text bytes="192" xml:space="preserve">={{-pt-}}=
==Forma verbal==
'''galaste'''
#[[segunda pessoa]] do [[singular]] do [[pretérito perfeito]] do [[modo indicativo]] do verbo '''[[galar]]'''
[[Categoria:Forma verbal (Português)]]</text>
<sha1>kmsqvqi4xobxoaeye33yjn2q9eanb04</sha1>
</revision>
</page>
