<page>
<page>
<title>galarias</title>
<ns>0</ns>
<id>200213</id>
<revision>
<id>2353120</id>
<parentid>1151522</parentid>
<timestamp>2017-05-02T20:39:56Z</timestamp>
<contributor>
<username>HydrizBot</username>
<id>29590</id>
</contributor>
<minor />
<comment>Robô: A limpar links interwikis antigos</comment>
<model>wikitext</model>
<format>text/x-wiki</format>
<text bytes="172" xml:space="preserve">={{-pt-}}=
==Forma verbal==
'''galarias'''
#[[segunda pessoa]] do [[singular]] do [[futuro do pretérito]] do verbo '''[[galar]]'''
[[Categoria:Forma verbal (Português)]]</text>
<sha1>s75a5g3ajer46614lpgs9cxjslx1cuk</sha1>
</revision>
