<page>
<page>
<title>galactotoxia</title>
<ns>0</ns>
<id>47879</id>
<revision>
<id>2060287</id>
<parentid>1492760</parentid>
<timestamp>2016-02-02T17:43:59Z</timestamp>
<contributor>
<username>Luan</username>
<id>1279</id>
</contributor>
<comment>substituição de predefinição depreciada flex.pt.subst.fem utilizando [[Project:AutoWikiBrowser|AWB]]</comment>
<model>wikitext</model>
<format>text/x-wiki</format>
<text bytes="494" xml:space="preserve">={{-pt-}}=
==Substantivo==
{{flex.pt|fs=galactotoxia|fs-div=ga.lac.to.to&lt;u&gt;xi&lt;/u&gt;.a|fp=galactotoxias|fp-div=ga.lac.to.to&lt;u&gt;xi&lt;/u&gt;.as}}
{{paroxítona|ga|lac|to|to|xi|a}} {{rubrica|fs|c}}
# [[intoxicação]] pelo [[leite]]
=={{etimologia|pt}}==
:De ''[[galacto-]]'' + ''[[toxo-]]'' + ''[[-ia]]''.
==Ver também==
===No Wikcionário===
* [[galactotóxico]]
* {{verLigações|intoxicação}}
* {{verLigações|leite}}
[[Categoria:Substantivo (Português)]]
[[Categoria:Bioquímica (Português)]]</text>
<sha1>ll7yo7bwvmlr1g2ii58nsyhubp7hd2z</sha1>
</revision>
