<page>
<title>galareis</title>
<ns>0</ns>
<id>189272</id>
<revision>
<id>2353114</id>
<parentid>1151516</parentid>
<timestamp>2017-05-02T20:39:43Z</timestamp>
<contributor>
<username>HydrizBot</username>
<id>29590</id>
</contributor>
<minor />
<comment>Robô: A limpar links interwikis antigos</comment>
<model>wikitext</model>
<format>text/x-wiki</format>
<text bytes="168" xml:space="preserve">={{-pt-}}=
==Forma verbal==
'''galareis'''
#[[segunda pessoa]] do [[plural]] do [[futuro do presente]] do verbo '''[[galar]]'''
[[Categoria:Forma verbal (Português)]]</text>
<sha1>9nw56oko7jx2l6a2or4ksm4jju85v6d</sha1>
</revision>
</page>
