<page>
<page>
<title>galato</title>
<ns>0</ns>
<id>363386</id>
<revision>
<id>2569675</id>
<parentid>2353136</parentid>
<timestamp>2020-01-06T14:10:34Z</timestamp>
<contributor>
<username>Cpls</username>
<id>20608</id>
</contributor>
<comment>/* {{etimologia|gl}} */</comment>
<model>wikitext</model>
<format>text/x-wiki</format>
<text bytes="450" xml:space="preserve">={{-gl-}}=
==Substantivo==
{{flex.gl|ms=galato|mp=galatos}}
{{paroxítona|ga|la|to|lang=gl}}, {{gramática|m|concr|lang=gl}}
# [[massa]] de farinha de milho feita uma bola, com as quais são cevados à força os [[capão|capões]]
=={{etimologia|gl}}==
: Da mesma origem que o espanhol {{etimo|es|galleta}} e que o [[francês]] {{etimo|fr|galette}}. Confronte-se com [[galo]] e com ''[[galacha#{{gl}}|galacha]]''.
[[Categoria:Substantivo (Galego)]]</text>
<sha1>1bk8btkpnxz3h3kazcwpgyp6twdb658</sha1>
</revision>
