<page>
<page>
<title>galando</title>
<ns>0</ns>
<id>155937</id>
<revision>
<id>2353100</id>
<parentid>1151510</parentid>
<timestamp>2017-05-02T20:39:08Z</timestamp>
<contributor>
<username>HydrizBot</username>
<id>29590</id>
</contributor>
<minor />
<comment>Robô: A limpar links interwikis antigos</comment>
<model>wikitext</model>
<format>text/x-wiki</format>
<text bytes="122" xml:space="preserve">={{-pt-}}=
==Forma verbal==
'''galando'''
#[[gerúndio]] do verbo '''[[galar]]'''
[[Categoria:Forma verbal (Português)]]</text>
<sha1>6mtr747d6sohk91zrv1q69c8svwi2nl</sha1>
</revision>
