<page>
<title>galaríeis</title>
<ns>0</ns>
<id>194588</id>
<revision>
<id>2353127</id>
<parentid>1151528</parentid>
<timestamp>2017-05-02T20:41:56Z</timestamp>
<contributor>
<username>HydrizBot</username>
<id>29590</id>
</contributor>
<minor />
<comment>Robô: A limpar links interwikis antigos</comment>
<model>wikitext</model>
<format>text/x-wiki</format>
<text bytes="172" xml:space="preserve">={{-pt-}}=
==Forma verbal==
'''galaríeis'''
#[[segunda pessoa]] do [[plural]] do [[futuro do pretérito]] do verbo '''[[galar]]'''
[[Categoria:Forma verbal (Português)]]</text>
<sha1>o7vcr9vcpn4jnol38m6c35m78nwnuhq</sha1>
</revision>
</page>
