<page>
<page>
<title>Galatiani</title>
<ns>0</ns>
<id>399828</id>
<revision>
<id>2517722</id>
<timestamp>2018-09-06T17:24:08Z</timestamp>
<contributor>
<username>Leonardo José Raimundo</username>
<id>43489</id>
</contributor>
<comment>Eu estou criando o nome &quot;Galatiani&quot;.</comment>
<model>wikitext</model>
<format>text/x-wiki</format>
<text bytes="203" xml:space="preserve">={{-io-}}=
==Substantivo==
{{paroxítona|Ga|la|ti|a|ni|lang=io}}
# {{escopo|io|Cristianismo|religião}} [[Gálatas]]
==Ver também==
===No Wikcionário===
{{bíblia/io}}
[[Categoria:Substantivo (Ido)]]</text>
<sha1>mxfoi1nyn637i81yico142nc5d91wfq</sha1>
</revision>
