<page>
<title>galaró</title>
<ns>0</ns>
<id>445147</id>
<revision>
<id>2683583</id>
<timestamp>2022-07-14T10:32:18Z</timestamp>
<contributor>
<username>Cpls</username>
<id>20608</id>
</contributor>
<comment>[[Ajuda:Guia de edição/Menus e ferramentas/Sumário de edição|→]] nova página: ={{-pt-}}= ==Substantivo== {{flex.pt|ms=galaró|mp=galarós}} {{oxítona|ga|la|ró}}, {{gramática|m}} # {{escopo|pt|Trás-os-Montes}} [[galo]]  =={{etimologia|pt}}== : De ''[[galo]]''. Confronte-se com [[galarote]] e [[galaroz]].  [[Categoria:Substantivo (Português)]]</comment>
<model>wikitext</model>
<format>text/x-wiki</format>
<text bytes="270" xml:space="preserve">={{-pt-}}=
==Substantivo==
{{flex.pt|ms=galaró|mp=galarós}}
{{oxítona|ga|la|ró}}, {{gramática|m}}
# {{escopo|pt|Trás-os-Montes}} [[galo]]
=={{etimologia|pt}}==
: De ''[[galo]]''. Confronte-se com [[galarote]] e [[galaroz]].
[[Categoria:Substantivo (Português)]]</text>
<sha1>8ervstkb5yz1ixfimrz7xbrgt6cm8ih</sha1>
</revision>
</page>
