<page>
<page>
<title>galaxia</title>
<ns>0</ns>
<id>326450</id>
<revision>
<id>2353142</id>
<parentid>2234691</parentid>
<timestamp>2017-05-02T20:42:55Z</timestamp>
<contributor>
<username>HydrizBot</username>
<id>29590</id>
</contributor>
<minor />
<comment>Robô: A limpar links interwikis antigos</comment>
<model>wikitext</model>
<format>text/x-wiki</format>
<text bytes="144" xml:space="preserve">={{-an-}}=
==Substantivo==
'''galaxia'''
# [[galáxia]]
{{página-automática|junho|2014|galáxia|an}}
[[Categoria:Substantivo (Aragonês)]]</text>
<sha1>a9uqy5cljg2lt8w31z0nohq1ykitiuk</sha1>
</revision>
