<page>
<title>galah</title>
<ns>0</ns>
<id>250754</id>
<revision>
<id>2353083</id>
<parentid>2047073</parentid>
<timestamp>2017-05-02T20:38:16Z</timestamp>
<contributor>
<username>HydrizBot</username>
<id>29590</id>
</contributor>
<minor />
<comment>Robô: A limpar links interwikis antigos</comment>
<model>wikitext</model>
<format>text/x-wiki</format>
<text bytes="261" xml:space="preserve">={{-ljp-}}=
==Substantivo==
'''galah'''
# [[pescoço]]
==Ver também==
===No Wikcionário===
{{verTambém.Ini}}
* [[baluŋ]]
{{verTambém.NovaColuna}}
* [[puŋew]]
{{verTambém.Fim}}
[[Categoria:Substantivo (Lampung Api)]]
[[Categoria:Anatomia (Lampung Api)]]</text>
<sha1>bl1h1owc5ngdwd5ds7lgru5kggpjub3</sha1>
</revision>
</page>
