<page>
<title>Galate</title>
<ns>0</ns>
<id>424819</id>
<revision>
<id>2591652</id>
<timestamp>2020-07-01T18:08:50Z</timestamp>
<contributor>
<username>Leonardo José Raimundo</username>
<id>43489</id>
</contributor>
<comment>Eu estou criando o nome &quot;Galate&quot;.</comment>
<model>wikitext</model>
<format>text/x-wiki</format>
<text bytes="209" xml:space="preserve">={{-li-}}=
==Substantivo==
{{proparoxítona|Ga|la|te|lang=li}}
# {{escopo|li|Cristianismo|religião}} [[Gálatas]]
==Ver também==
===No Wikcionário===
{{bíblia/li}}
[[Categoria:Substantivo (Limburguês)]]</text>
<sha1>jpsnan16d16bavjlnlvs4f2dt7znq6f</sha1>
</revision>
</page>
