<page>
<page>
<title>galaremos</title>
<ns>0</ns>
<id>187826</id>
<revision>
<id>2353116</id>
<parentid>1151518</parentid>
<timestamp>2017-05-02T20:39:47Z</timestamp>
<contributor>
<username>HydrizBot</username>
<id>29590</id>
</contributor>
<minor />
<comment>Robô: A limpar links interwikis antigos</comment>
<model>wikitext</model>
<format>text/x-wiki</format>
<text bytes="170" xml:space="preserve">={{-pt-}}=
==Forma verbal==
'''galaremos'''
#[[primeira pessoa]] do [[plural]] do [[futuro do presente]] do verbo '''[[galar]]'''
[[Categoria:Forma verbal (Português)]]</text>
<sha1>jdjhs48vrd2g1xq4qd1qvg4rlekmeut</sha1>
</revision>
