<page>
<page>
<title>Galaxis</title>
<ns>0</ns>
<id>326649</id>
<revision>
<id>2269511</id>
<parentid>2095822</parentid>
<timestamp>2017-04-26T18:00:09Z</timestamp>
<contributor>
<username>HydrizBot</username>
<id>29590</id>
</contributor>
<minor />
<comment>Robô: A limpar links interwikis antigos</comment>
<model>wikitext</model>
<format>text/x-wiki</format>
<text bytes="148" xml:space="preserve">={{-lb-}}=
==Substantivo==
'''Galaxis'''
# [[galáxia]]
{{página-automática|junho|2014|galáxia|lb}}
[[Categoria:Substantivo (Luxemburguês)]]</text>
<sha1>m5aidhfm186my26omfrrzvtw1qvbg6l</sha1>
</revision>
