<page>
<page>
<title>galanteio</title>
<ns>0</ns>
<id>79690</id>
<revision>
<id>2353104</id>
<parentid>2227194</parentid>
<timestamp>2017-05-02T20:39:21Z</timestamp>
<contributor>
<username>HydrizBot</username>
<id>29590</id>
</contributor>
<minor />
<comment>Robô: A limpar links interwikis antigos</comment>
<model>wikitext</model>
<format>text/x-wiki</format>
<text bytes="1233" xml:space="preserve">={{-pt-}}=
==Substantivo==
{{flex.pt|ms=galanteio|mp=galanteios}}
{{paroxítona|ga|lan|tei|o}}, {{g|m}}
# ato de [[galantear]]; corte
===Tradução===
{{tradini}}
* {{t|de|Hofmachen|n}}, {{t+|de|jemandem den Hof machen}}
* {{trad|cs|dvoření|námluvy}}
* {{trad|zh|求婚}}
* {{trad|ko|구애|구혼}}
* {{trad|da|bejlen}}
* {{trad|sk|dvorenie}}
* {{trad|sl|dvorjenje}}
* {{trad|es|cortejo|galanteo}}
* {{trad|et|kurameerimine|kosimine}}
* {{trad|fi|kosiskelu}}
* {{trad|fr|cour}}
* {{trad|el|φλερτ}}
* {{trad|nl|verkering}}
{{tradmeio}}
* {{trad|hu|udvarlás}}
* {{trad|id|pacaran}}
* {{trad|en|courtship}}
* {{trad|is|biðlun}}
* {{trad|it|corte|corteggiamento}}
* {{trad|ja|求愛}}
* {{trad|lt|merginimasis}}
* {{trad|no|beiling|frieri}}
* {{trad|pl|zaloty}}
* {{trad|ro|curte}}
* {{trad|ru|ухаживание}}
* {{trad|sv|uppvaktning|kurtis}}
{{tradfim}}
=={{etimologia|pt}}==
: Derivado de [[galantear]].
=={{pronúncia|pt}}==
===Angola===
* [[AFI]]: {{IPA|/gɐlɐ̃tˈɐju/|lang=pt}}
==Ver também==
===No Wikcionário===
{{verTambém.Ini}}
* [[cortejo]]
* [[derriço]]
* [[galã]]
{{verTambém.NovaColuna}}
* [[galanteador]]
* [[namoro]]
* [[requestar]]
{{verTambém.Fim}}
[[Categoria:Substantivo (Português)]]</text>
<sha1>mbo7q1op6ddl9e8jq3jw85pne39yxh1</sha1>
</revision>
