<page>
<page>
<title>Galatalaiskirje</title>
<ns>0</ns>
<id>407541</id>
<revision>
<id>2537843</id>
<timestamp>2019-03-03T05:04:05Z</timestamp>
<contributor>
<username>Leonardo José Raimundo</username>
<id>43489</id>
</contributor>
<comment>Eu estou criando o nome &quot;Galatalaiskirje&quot;.</comment>
<model>wikitext</model>
<format>text/x-wiki</format>
<text bytes="246" xml:space="preserve">={{-fi-}}=
==Substantivo==
'''&lt;u&gt;Ga&lt;/u&gt;.la.ta.lais.ki.rje'''
# {{escopo|fi|Cristianismo|religião}} [[Gálatas]]
==Ver também==
===No Wikcionário===
{{bíblia/fi}}
[[Categoria:Polissílabo (Finlandês)]]
[[Categoria:Substantivo (Finlandês)]]</text>
<sha1>572450whefj5xhyk0k474ludiwfnwpm</sha1>
</revision>
