<page>
<title>galasse</title>
<ns>0</ns>
<id>205538</id>
<revision>
<id>2353129</id>
<parentid>2125735</parentid>
<timestamp>2017-05-02T20:42:04Z</timestamp>
<contributor>
<username>HydrizBot</username>
<id>29590</id>
</contributor>
<minor />
<comment>Robô: A limpar links interwikis antigos</comment>
<model>wikitext</model>
<format>text/x-wiki</format>
<text bytes="227" xml:space="preserve">={{-pt-}}=
==Forma verbal==
'''galasse'''
#[[primeira pessoa|primeira]] e [[terceira pessoa]] do [[singular]] do [[pretérito imperfeito]] do [[modo subjuntivo]] do verbo '''[[galar]]'''
[[Categoria:Forma verbal (Português)]]</text>
<sha1>8ewoto1558qoxvrtrv7ktmefzq97wtc</sha1>
</revision>
</page>
