<page>
<title>Galaziarrei</title>
<ns>0</ns>
<id>394743</id>
<revision>
<id>2495279</id>
<timestamp>2018-04-09T22:24:08Z</timestamp>
<contributor>
<username>Leonardo José Raimundo</username>
<id>43489</id>
</contributor>
<comment>Eu estou criando o nome &quot;Galaziarrei&quot;.</comment>
<model>wikitext</model>
<format>text/x-wiki</format>
<text bytes="204" xml:space="preserve">={{-eu-}}=
==Substantivo==
{{oxítona|Ga|la|zi|ar|rei|lang=eu}}
# {{escopo|eu|Cristianismo|religião}} [[Gálatas]]
==Ver também==
===No Wikcionário===
{{bíblia/eu}}
[[Categoria:Substantivo (Basco)]]</text>
<sha1>bb03a7rz6x3jkq6p3021ekcygkaazg4</sha1>
</revision>
</page>
