<page>
<title>Galaatlastele</title>
<ns>0</ns>
<id>386989</id>
<revision>
<id>2466630</id>
<timestamp>2017-12-04T03:18:42Z</timestamp>
<contributor>
<username>Leonardo José Raimundo</username>
<id>43489</id>
</contributor>
<comment>Eu estou criando o nome &quot;Galaatlastele&quot;.</comment>
<model>wikitext</model>
<format>text/x-wiki</format>
<text bytes="213" xml:space="preserve">={{-et-}}=
==Substantivo==
{{paroxítona|Ga|laa|tlas|te|le|lang=et}}
# {{escopo|et|Cristianismo|religião}} [[Gálatas]]
==Ver também==
===No Wikcionário===
{{bíblia/et}}
[[Categoria:Substantivo (Estoniano)]]</text>
<sha1>metacobimh9fhl5vioourigb3dnxxpi</sha1>
</revision>
</page>
