<page>
<page>
<title>galadura</title>
<ns>0</ns>
<id>336592</id>
<revision>
<id>1897372</id>
<parentid>1897371</parentid>
<timestamp>2015-03-03T11:49:14Z</timestamp>
<contributor>
<username>Cpls</username>
<id>20608</id>
</contributor>
<comment>/* {{-pt-}} */</comment>
<model>wikitext</model>
<format>text/x-wiki</format>
<text bytes="363" xml:space="preserve">={{-pt-}}=
==Substantivo==
{{flex.pt|fs=galadura|fp=galaduras}}
{{paroxítona|ga|la|du|ra}}, {{f}}
# [[cópula]] entre [[galo]] e [[galinha]], por extensão cópula
# [[gala]], [[mancha]] no interior do [[ovo]], na sua gema, que indica que foi fecundado
=={{etimologia|pt}}==
: {{escopo|Morfologia}} Derivada de [[galar]].
[[Categoria:Substantivo (Português)]]</text>
<sha1>p38xjva4ofstcyurda4qkfz31bg2dea</sha1>
</revision>
