<page>
<title>galarmos</title>
<ns>0</ns>
<id>208721</id>
<revision>
<id>2353121</id>
<parentid>1151523</parentid>
<timestamp>2017-05-02T20:39:58Z</timestamp>
<contributor>
<username>HydrizBot</username>
<id>29590</id>
</contributor>
<minor />
<comment>Robô: A limpar links interwikis antigos</comment>
<model>wikitext</model>
<format>text/x-wiki</format>
<text bytes="266" xml:space="preserve">={{-pt-}}=
==Forma verbal==
'''galarmos'''
#[[primeira pessoa]] do [[plural]] do [[futuro]] do [[modo subjuntivo]] do verbo '''[[galar]]'''
#[[infinitivo pessoal]] da [[primeira pessoa]] do [[plural]] do verbo '''[[galar]]'''
[[Categoria:Forma verbal (Português)]]</text>
<sha1>j7bome897zqdv6p5jmczz290r964gby</sha1>
</revision>
</page>
