<page>
<page>
<title>Galaterne</title>
<ns>0</ns>
<id>394018</id>
<revision>
<id>2490233</id>
<timestamp>2018-03-21T16:43:25Z</timestamp>
<contributor>
<username>Leonardo José Raimundo</username>
<id>43489</id>
</contributor>
<comment>Eu estou criando o nome &quot;Galaterne&quot;.</comment>
<model>wikitext</model>
<format>text/x-wiki</format>
<text bytes="422" xml:space="preserve">={{-da-}}=
==Substantivo==
{{paroxítona|Ga|la|ter|ne|lang=da}}
# {{escopo|da|Cristianismo|religião}} [[Gálatas]]
==Ver também==
===No Wikcionário===
{{bíblia/da}}
[[Categoria:Substantivo (Dinamarquês)]]
={{-no-}}=
==Substantivo==
{{paroxítona|Ga|la|ter|ne|lang=no}}
# {{escopo|no|Cristianismo|religião}} [[Gálatas]]
==Ver também==
===No Wikcionário===
{{bíblia/no}}
[[Categoria:Substantivo (Norueguês)]]</text>
<sha1>9y7sfzjs6pcabq6syilg7ei21025fjq</sha1>
</revision>
