<page>
<title>galardoar</title>
<ns>0</ns>
<id>56399</id>
<revision>
<id>2353111</id>
<parentid>1828897</parentid>
<timestamp>2017-05-02T20:39:37Z</timestamp>
<contributor>
<username>HydrizBot</username>
<id>29590</id>
</contributor>
<minor />
<comment>Robô: A limpar links interwikis antigos</comment>
<model>wikitext</model>
<format>text/x-wiki</format>
<text bytes="133" xml:space="preserve">={{-pt-}}=
[[Categoria:Verbo (Português)]]
==Verbo==
'''ga.lar.do.ar''' 
# ([[transitivo]])
## [[dar]] [[um]] [[galardão]], premiar</text>
<sha1>k9wzk6z1bt42jqwg6ka3p78272bdfzl</sha1>
</revision>
</page>
