<page>
<page>
<title>galaxis</title>
<ns>0</ns>
<id>326613</id>
<revision>
<id>2415792</id>
<parentid>2353146</parentid>
<timestamp>2017-06-04T13:52:30Z</timestamp>
<contributor>
<username>ValJor</username>
<id>1358</id>
</contributor>
<comment>Confirmando [[:Categoria:!Entrada criada por robô|verbete criado por robô]]</comment>
<model>wikitext</model>
<format>text/x-wiki</format>
<text bytes="153" xml:space="preserve">{{Wikipédia|lang=hu}}
={{-hu-}}=
==Substantivo==
'''galaxis'''
# [[galáxia]]
[[Categoria:Substantivo (Húngaro)]]
[[Categoria:Astronomia (Húngaro)]]</text>
<sha1>cgf6ki6lg5xgpawmsa4pvam8nlvmynk</sha1>
</revision>
