<page>
<page>
<title>galaxa</title>
<ns>0</ns>
<id>326459</id>
<revision>
<id>2353141</id>
<parentid>2125733</parentid>
<timestamp>2017-05-02T20:42:47Z</timestamp>
<contributor>
<username>HydrizBot</username>
<id>29590</id>
</contributor>
<minor />
<comment>Robô: A limpar links interwikis antigos</comment>
<model>wikitext</model>
<format>text/x-wiki</format>
<text bytes="145" xml:space="preserve">={{-ast-}}=
==Substantivo==
'''galaxa'''
# [[galáxia]]
{{página-automática|junho|2014|galáxia|ast}}
[[Categoria:Substantivo (Asturiano)]]</text>
<sha1>83xnyol0gculw12228yr3v5id8gpxae</sha1>
</revision>
