<page>
<page>
<title>galactose</title>
<ns>0</ns>
<id>117198</id>
<revision>
<id>2657009</id>
<parentid>2353081</parentid>
<timestamp>2022-01-05T02:21:20Z</timestamp>
<contributor>
<username>ValJor</username>
<id>1358</id>
</contributor>
<comment>Substituindo a [[Especial:Páginas_afluentes/Predefinição:escopoCatLang|predefinição escopoCatLang]] por escopo</comment>
<model>wikitext</model>
<format>text/x-wiki</format>
<text bytes="2917" xml:space="preserve">{{Wikipédia|lang=pt}}
{{Wikipédia|lang=fr}}
{{Wikipédia|lang=nl}}
{{Wikipédia|lang=en}}
{{Wikipédia|lang=vi}}
={{-pt-}}=
==Substantivo==
{{flex.pt|fs=galactose|fp=galactoses}}
{{paroxítona|ga|lac|to|se}}, {{gramática|f}}
# {{escopo|pt|Biologia}} ação vital que converte o [[sangue]] e a linfa em [[leite]]
# secreção do [[leite]]
# {{escopo|pt|Química}} aldose obtida da [[lactose]] pela ação de uma [[enzima]] ou pela fervura com um mineral ácido e que é uma substância [[branco|branca]], cristalina, semelhante à [[glicose]] na maioria de suas propriedades, mas é menos solúvel e menos doce
===Sinônimo===
* [[lactose]]
===Tradução===
{{tradini}}
* {{trad|de|Galactose}}
* {{trad|ar|جلاكتوز}}
* {{trad|az|qalaktoza}}
* {{trad|azb|قالاکتوز}}
* {{trad|eu|galaktosa}}
* {{trad|be|галактоза}}
* {{trad|bs|galaktoza}}
* {{trad|bg|галактоза}}
* {{trad|yue|半乳醣}}
* {{trad|ca|galactosa}}
* {{trad|kk|галактоза}}
* {{trad|cs|galaktóza}}
* {{trad|zh|半乳糖}}
* {{trad|ko|갈락토스}}
* {{trad|hr|galaktoza}}
* {{trad|ku|galaktoz}}
* {{trad|da|galaktose}}
* {{trad|sl|galaktoza}}
* {{trad|es|galactosa}}
* {{trad|eo|galaktozo}}
* {{trad|et|galaktoos}}
* {{trad|fi|galaktoosi}}
* {{trad|fr|galactose}}
* {{trad|fy|galaktoaze}}
* {{trad|gl|galactosa}}
* {{trad|el|γαλακτόζη}}
* {{trad|he|גלקטוז}}
{{tradmeio}}
* {{trad|nl|galactose}}
* {{trad|hu|galaktóz}}
* {{trad|id|galaktosa}}
* {{trad|en|galactose}}
* {{trad|ga|galachtós}}
* {{trad|it|galattosio}}
* {{trad|ja|ガラクトース}}
* {{trad|ms|galaktosa}}
* {{trad|no|galaktose}}
* {{trad|nn|galaktose}}
* {{trad|oc|galactòsa}}
* {{trad|fa|گالاکتوز}}
* {{trad|pl|galaktoza}}
* {{trad|ky|галактоза}}
* {{trad|ro|galactoză}}
* {{trad|ru|галактоза}}
* {{trad|sr|галактоза}}
* {{trad|sh|galaktoza}}
* {{trad|sv|galaktos}}
* {{trad|tg|галактоза}}
* {{trad|th|กาแล็กโทส}}
* {{trad|ta|காலக்டோசு}}
* {{trad|tr|galaktoz}}
* {{trad|uk|галактоза}}
* {{trad|uz|galaktoza}}
* {{trad|vi|galactose}}
{{tradfim}}
=={{etimologia|pt}}==
: {{escopo|Morfologia}} [[galacto]] + [[-ose]].
==Ligações externas==
* {{Aulete}}
* {{DicioAberto}}
* {{DPLP}}
* {{Infopédia}}
* {{PLP}}
* {{VOLPABL}}
[[Categoria:Substantivo (Português)]]
={{-fr-}}=
==Substantivo==
'''galactose'''
# {{escopo|fr|Química}} [galactose#Português|galactose]]
[[Categoria:Substantivo (Francês)]]
={{-nl-}}=
==Substantivo==
'''galactose'''
# {{escopo|nl|Química}} [galactose#Português|galactose]]
[[Categoria:Substantivo (Holandês)]]
={{-en-}}=
==Substantivo==
'''galactose'''
# {{escopo|en|Química}} [galactose#Português|galactose]]
[[Categoria:Substantivo (Inglês)]]
={{-vi-}}=
==Substantivo==
'''galactose'''
# {{escopo|vi|Química}} [galactose#Português|galactose]]
[[Categoria:Substantivo (Vietnamita)]]</text>
<sha1>by052020a164xz359yq0wrlfcznyi8q</sha1>
</revision>
