<page>
<title>galaksienn</title>
<ns>0</ns>
<id>326507</id>
<revision>
<id>2512418</id>
<parentid>2353090</parentid>
<timestamp>2018-07-22T09:35:21Z</timestamp>
<contributor>
<username>ValJor</username>
<id>1358</id>
</contributor>
<comment>Confirmando [[:Categoria:!Entrada criada por robô|verbete criado por robô]]</comment>
<model>wikitext</model>
<format>text/x-wiki</format>
<text bytes="154" xml:space="preserve">{{Wikipédia|lang=br}}
={{-br-}}=
==Substantivo==
'''galaksienn'''
# [[galáxia]]
[[Categoria:Substantivo (Bretão)]]
[[Categoria:Astronomia (Bretão)]]</text>
<sha1>pm2jg8wrhibnoufzg3vg55tewe5k1a4</sha1>
</revision>
</page>
