<page>
<page>
<title>galakse</title>
<ns>0</ns>
<id>326568</id>
<revision>
<id>2353088</id>
<parentid>2125722</parentid>
<timestamp>2017-05-02T20:38:29Z</timestamp>
<contributor>
<username>HydrizBot</username>
<id>29590</id>
</contributor>
<minor />
<comment>Robô: A limpar links interwikis antigos</comment>
<model>wikitext</model>
<format>text/x-wiki</format>
<text bytes="147" xml:space="preserve">={{-da-}}=
==Substantivo==
'''galakse'''
# [[galáxia]]
{{página-automática|junho|2014|galáxia|da}}
[[Categoria:Substantivo (Dinamarquês)]]</text>
<sha1>cgtdjwl24jsz6fju28drllf52dfna17</sha1>
</revision>
