<page>
<page>
<title>Galater</title>
<ns>0</ns>
<id>379173</id>
<revision>
<id>2414144</id>
<timestamp>2017-05-24T23:02:50Z</timestamp>
<contributor>
<username>Leonardo José Raimundo</username>
<id>43489</id>
</contributor>
<comment>Eu estou criando o nome &quot;Galater&quot;.</comment>
<model>wikitext</model>
<format>text/x-wiki</format>
<text bytes="322" xml:space="preserve">={{-de-}}=
==Substantivo==
'''Galater'''
# {{escopo|de|Cristianismo|religião}} [[Gálatas]]
==Ver também==
{{bíblia/de}}
[[Categoria:Substantivo (Alemão)]]
={{-sv-}}=
==Substantivo==
'''Galater'''
# {{escopo|sv|Cristianismo|religião}} [[Gálatas]]
==Ver também==
{{bíblia/sv}}
[[Categoria:Substantivo (Sueco)]]</text>
<sha1>s8r18xi65hi9vbyoteq4pzkahv6uaul</sha1>
</revision>
