<page>
<page>
<title>galardão</title>
<ns>0</ns>
<id>113096</id>
<revision>
<id>2471188</id>
<parentid>2353112</parentid>
<timestamp>2017-12-17T16:49:29Z</timestamp>
<contributor>
<username>Imivorn</username>
<id>64513</id>
</contributor>
<model>wikitext</model>
<format>text/x-wiki</format>
<text bytes="299" xml:space="preserve">={{-pt-}}=
==Substantivo==
{{flex.pt|ms=galardão|mp=galardões}}
{{oxítona|ga|lar|dão}}, {{gramática|m}}
# [[recompensa]]; [[prêmio]]
===Verbetes derivados===
* [[galardoar]]
===Tradução===
{{tradini}}
* {{trad|mwl|galardon}}
{{tradmeio}}
{{tradfim}}
[[Categoria:Substantivo (Português)]]</text>
<sha1>5xy17o0jwlpf7mzdscp8jmnrs6ouiwy</sha1>
</revision>
