<page>
<page>
<title>Galatian</title>
<ns>0</ns>
<id>341405</id>
<revision>
<id>2412845</id>
<parentid>2269507</parentid>
<timestamp>2017-05-17T00:09:20Z</timestamp>
<contributor>
<username>MIL973</username>
<id>41339</id>
</contributor>
<model>wikitext</model>
<format>text/x-wiki</format>
<text bytes="306" xml:space="preserve">={{-en-}}=
==Adjetivo==
'''Galatian'''
# [[gálata]]
==Substantivo==
{{flex.en|s=Galatian|p=Galatians}}
'''Galatian'''
# [[gálata]]
==Ver também==
===No Wikcionário===
* [[Galatia#{{en}}|Galatia]]
[[Categoria:Adjetivo (Inglês)]]
[[Categoria:Substantivo (Inglês)]]
[[Categoria:Gentílico (Inglês)]]</text>
<sha1>04i3f9lkbhqlx6cd57cqv7zm2thf2d1</sha1>
</revision>
