<page>
<title>galai</title>
<ns>0</ns>
<id>220177</id>
<revision>
<id>2353084</id>
<parentid>2125725</parentid>
<timestamp>2017-05-02T20:38:19Z</timestamp>
<contributor>
<username>HydrizBot</username>
<id>29590</id>
</contributor>
<minor />
<comment>Robô: A limpar links interwikis antigos</comment>
<model>wikitext</model>
<format>text/x-wiki</format>
<text bytes="172" xml:space="preserve">={{-pt-}}=
==Forma verbal==
'''galai'''
#[[segunda pessoa]] do [[plural]] do [[imperativo]] [[afirmativo]] do verbo '''[[galar]]'''
[[Categoria:Forma verbal (Português)]]</text>
<sha1>pzl4v7ibemyqye0u8opxuieukfzwotm</sha1>
</revision>
</page>
