<page>
<page>
<title>Galaxie</title>
<ns>0</ns>
<id>326423</id>
<revision>
<id>2269510</id>
<parentid>2102007</parentid>
<timestamp>2017-04-26T18:00:05Z</timestamp>
<contributor>
<username>HydrizBot</username>
<id>29590</id>
</contributor>
<minor />
<comment>Robô: A limpar links interwikis antigos</comment>
<model>wikitext</model>
<format>text/x-wiki</format>
<text bytes="157" xml:space="preserve">{{Wikipédia|lang=de}}
={{-de-}}=
==Substantivo==
'''Galaxie''' {{f}}
# [[galáxia]]
[[Categoria:Substantivo (Alemão)]]
[[Categoria:Astronomia (Alemão)]]</text>
<sha1>edliwudeph5z8xpysxh71zzrmr61hdk</sha1>
</revision>
