<page>
<title>Galateni</title>
<ns>0</ns>
<id>408918</id>
<revision>
<id>2540893</id>
<timestamp>2019-04-03T20:06:01Z</timestamp>
<contributor>
<username>Leonardo José Raimundo</username>
<id>43489</id>
</contributor>
<comment>Eu estou criando o nome &quot;Galateni&quot;.</comment>
<model>wikitext</model>
<format>text/x-wiki</format>
<text bytes="207" xml:space="preserve">={{-ro-}}=
==Substantivo==
{{proparoxítona|Ga|la|te|ni|lang=ro}}
# {{escopo|ro|Cristianismo|religião}} [[Gálatas]]
==Ver também==
===No Wikcionário===
{{bíblia/ro}}
[[Categoria:Substantivo (Romeno)]]</text>
<sha1>2qdk4rog82btq677wkxk8ika9046gsg</sha1>
</revision>
</page>
