<page>
<title>galanteador</title>
<ns>0</ns>
<id>323944</id>
<revision>
<id>2616226</id>
<parentid>2517709</parentid>
<timestamp>2021-02-01T00:28:53Z</timestamp>
<contributor>
<username>MarxavBot</username>
<id>80155</id>
</contributor>
<minor />
<comment>AFI Portugal</comment>
<model>wikitext</model>
<format>text/x-wiki</format>
<text bytes="690" xml:space="preserve">={{-pt-}}=
==Substantivo==
{{flex.pt|ms=galanteador|mp=galanteadores|fs=galanteadora|fp=galanteadoras}}
{{oxítona|ga|lan|te|a|dor}}, {{m}}
# quem pratica o ato de [[galantear]]; quem faz à corte
===Tradução===
{{tradini}}
* {{t|de|Hofmacher|m}}, {{t+|de|Charmeur|m}}
{{tradmeio}}
{{tradfim}}
=={{etimologia|pt}}==
: Derivado de [[galantear]].
=={{pronúncia|pt}}==
* [[AFI]]: {{IPA|/gɐ.lɐ̃tjadˈoɾ/|lang=pt}}
===Portugal===
* AFI: {{AFI|/ɡɐ.lɐ̃.tjɐ.ˈdoɾ/}}
==Ver também==
===No Wikcionário===
{{verTambém.Ini}}
* [[derriço]]
* [[galã]]
* [[galanteio]]
{{verTambém.NovaColuna}}
* [[namoro]]
* [[namorador]]
{{verTambém.Fim}}
[[Categoria:Substantivo (Português)]]</text>
<sha1>ja6psmhykpvubkpuuq0sphmrhyysqac</sha1>
</revision>
</page>
