<page>
<title>galalau</title>
<ns>0</ns>
<id>272732</id>
<revision>
<id>1242766</id>
<parentid>1230534</parentid>
<timestamp>2011-09-03T10:22:24Z</timestamp>
<contributor>
<username>ValJor</username>
<id>1358</id>
</contributor>
<comment>Por um [[Wikcionário:Listas de verbetes com problemas|wikcionário com saídas]]!</comment>
<model>wikitext</model>
<format>text/x-wiki</format>
<text bytes="227" xml:space="preserve">={{-pt-}}=
==Substantivo==
{{flex.pt|ms=galalau|mp=galalaus}}
{{oxítona|ga|la|lau}}
# {{escopo|Calão}} [[pessoa]] muito [[magro|magra]] e [[alto|alta]]
[[Categoria:Substantivo (Português)]]
[[Categoria:Gíria (Português)]]</text>
<sha1>gfgaoswrqc7inxx4ep7r2ox6q8px3pj</sha1>
</revision>
</page>
