<page>
<title>galarás</title>
<ns>0</ns>
<id>185095</id>
<revision>
<id>2353123</id>
<parentid>1151525</parentid>
<timestamp>2017-05-02T20:40:03Z</timestamp>
<contributor>
<username>HydrizBot</username>
<id>29590</id>
</contributor>
<minor />
<comment>Robô: A limpar links interwikis antigos</comment>
<model>wikitext</model>
<format>text/x-wiki</format>
<text bytes="170" xml:space="preserve">={{-pt-}}=
==Forma verbal==
'''galarás'''
#[[segunda pessoa]] do [[singular]] do [[futuro do presente]] do verbo '''[[galar]]'''
[[Categoria:Forma verbal (Português)]]</text>
<sha1>lmgq6mtpcf2yxrhzfqf2mx2nre89u4t</sha1>
</revision>
</page>
