<page>
<title>galano</title>
<ns>0</ns>
<id>418267</id>
<revision>
<id>2599506</id>
<parentid>2599505</parentid>
<timestamp>2020-10-25T09:08:06Z</timestamp>
<contributor>
<username>Cpls</username>
<id>20608</id>
</contributor>
<comment>/* {{etimologia|gl}} */</comment>
<model>wikitext</model>
<format>text/x-wiki</format>
<text bytes="630" xml:space="preserve">={{-gl-}}=
==Substantivo==
{{flex.gl|ms=galano|mp=galanos|fs=galana|gp=galanas}}
{{paroxítona|ga|la|no|lang=gl}}
# [[formoso]]
# bem [[ornar|ornado]]
# [[galhardo]], bem trajado
# [[atrativo]], engatador
==Substantivo==
{{flex.gl|ms=galano|mp=galanos}}
{{paroxítona|ga|la|no|lang=gl}}, {{gramática|m}}
# marca, [[fio]] ou [[faixa|faixinha]] de cor que é atada no pé de uma galinha, ou de outro animal, para saber a sua propriedade
# [[brinquedo]] barato para criança
# [[guloseima]]
=={{etimologia|gl}}==
: Da mesma origem que ''[[galã#Galego|galã]]'' ou ''[[galão#{{gl}}|galão]]''.
[[Categoria:Substantivo (Galego)]]</text>
<sha1>hq9t9emz3t0lu9arron8ztq3057ktg7</sha1>
</revision>
</page>
