<page>
<title>galariam</title>
<ns>0</ns>
<id>195924</id>
<revision>
<id>2353119</id>
<parentid>1151521</parentid>
<timestamp>2017-05-02T20:39:53Z</timestamp>
<contributor>
<username>HydrizBot</username>
<id>29590</id>
</contributor>
<minor />
<comment>Robô: A limpar links interwikis antigos</comment>
<model>wikitext</model>
<format>text/x-wiki</format>
<text bytes="171" xml:space="preserve">={{-pt-}}=
==Forma verbal==
'''galariam'''
#[[terceira pessoa]] do [[plural]] do [[futuro do pretérito]] do verbo '''[[galar]]'''
[[Categoria:Forma verbal (Português)]]</text>
<sha1>31668fct26di4imll30u1yk0ux28uds</sha1>
</revision>
</page>
