<page>
<title>galam</title>
<ns>0</ns>
<id>160435</id>
<revision>
<id>2353098</id>
<parentid>2245211</parentid>
<timestamp>2017-05-02T20:39:04Z</timestamp>
<contributor>
<username>HydrizBot</username>
<id>29590</id>
</contributor>
<minor />
<comment>Robô: A limpar links interwikis antigos</comment>
<model>wikitext</model>
<format>text/x-wiki</format>
<text bytes="178" xml:space="preserve">={{-pt-}}=
==Forma verbal==
'''galam'''
#[[terceira pessoa]] do [[plural]] do [[presente]] do [[modo indicativo]] do verbo '''[[galar]]'''
[[Categoria:Forma verbal (Português)]]</text>
<sha1>bykvyuqd6aqwlf6m87n4x5uf6wahkci</sha1>
</revision>
</page>
