<page>
<page>
<title>galante</title>
<ns>0</ns>
<id>10644</id>
<revision>
<id>2353101</id>
<parentid>2225571</parentid>
<timestamp>2017-05-02T20:39:13Z</timestamp>
<contributor>
<username>HydrizBot</username>
<id>29590</id>
</contributor>
<minor />
<comment>Robô: A limpar links interwikis antigos</comment>
<model>wikitext</model>
<format>text/x-wiki</format>
<text bytes="177" xml:space="preserve">={{-pt-}}=
==Adjetivo==
{{flex.pt|s=galante|p=galantes}}
{{paroxítona|ga|lan|te}} {{gramática|c2g}}
# bem vestido; alinhado; [[elegante]]
[[Categoria:Adjetivo (Português)]]</text>
<sha1>7fll14co3828vlgyu4d5yvi7asbgytd</sha1>
</revision>
