<page>
<page>
<title>galax</title>
<ns>0</ns>
<id>326683</id>
<revision>
<id>2353140</id>
<parentid>2255718</parentid>
<timestamp>2017-05-02T20:42:43Z</timestamp>
<contributor>
<username>HydrizBot</username>
<id>29590</id>
</contributor>
<minor />
<comment>Robô: A limpar links interwikis antigos</comment>
<model>wikitext</model>
<format>text/x-wiki</format>
<text bytes="138" xml:space="preserve">={{-sv-}}=
==Substantivo==
'''galax'''
# [[galáxia]]
{{página-automática|junho|2014|galáxia|sv}}
[[Categoria:Substantivo (Sueco)]]</text>
<sha1>otztpxy48wvexfn1mkenjecqkmwktkf</sha1>
</revision>
