<page>
<title>galará</title>
<ns>0</ns>
<id>186488</id>
<revision>
<id>2353122</id>
<parentid>1151524</parentid>
<timestamp>2017-05-02T20:40:01Z</timestamp>
<contributor>
<username>HydrizBot</username>
<id>29590</id>
</contributor>
<minor />
<comment>Robô: A limpar links interwikis antigos</comment>
<model>wikitext</model>
<format>text/x-wiki</format>
<text bytes="170" xml:space="preserve">={{-pt-}}=
==Forma verbal==
'''galará'''
#[[terceira pessoa]] do [[singular]] do [[futuro do presente]] do verbo '''[[galar]]'''
[[Categoria:Forma verbal (Português)]]</text>
<sha1>5l67ijyapi6djoyqm53jcnxrdogn5rw</sha1>
</revision>
</page>
