<page>
<page>
<title>galactotóxico</title>
<ns>0</ns>
<id>47882</id>
<revision>
<id>2097134</id>
<parentid>1492761</parentid>
<timestamp>2016-05-05T17:44:51Z</timestamp>
<contributor>
<username>Luan</username>
<id>1279</id>
</contributor>
<comment>retirada dos pontos de divisão silábica errôneos em [[predefinição:flex.pt]], replaced: |FP= → |fp=, |FS= → |fs=, |MP= → |mp=, |MS= → |ms=, =={{etimologia}}== → =={{etimologia|pt}}==, replace utilizando [[Project:AutoWikiBrowser|AWB]]</comment>
<model>wikitext</model>
<format>text/x-wiki</format>
<text bytes="486" xml:space="preserve">={{-pt-}}=
==Adjetivo==
{{flex.pt|ms=galactotóxico|mp=galactotóxicos|fs=galactotóxica|fp=galactotóxicas}}
'''ga.lac.to.tó.xi.co'''
# [[relativo]] a [[galactotoxia]].
=={{etimologia|pt}}==
* de ''[[galactotoxia]]'' + ''[[-ico]]''.
==Ver também==
===No Wikcionário===
* [[galactotoxia]].
* {{verLigações|intoxicação}}
* {{verLigações|tóxico}}
* {{verLigações|leite}}
[[Categoria:Adjetivo (Português)|galactotoxico]]
[[Categoria:Bioquímica (Português)|galactotoxico]]</text>
<sha1>a309xw8crfqmqktzoz7gkrycd5zmlxq</sha1>
</revision>
