<page>
<title>Galatas</title>
<ns>0</ns>
<id>373215</id>
<revision>
<id>2269504</id>
<parentid>2229418</parentid>
<timestamp>2017-04-26T17:59:48Z</timestamp>
<contributor>
<username>HydrizBot</username>
<id>29590</id>
</contributor>
<minor />
<comment>Robô: A limpar links interwikis antigos</comment>
<model>wikitext</model>
<format>text/x-wiki</format>
<text bytes="515" xml:space="preserve">={{-an-}}=
==Substantivo==
{{proparoxítona|Ga|la|tas|lang=an}}
# {{escopo|an|Cristianismo|religião}} [[Gálatas]]
==Ver também==
{{bíblia/an}}
[[Categoria:Substantivo (Aragonês)]]
={{-ia-}}=
==Substantivo==
'''Galatas'''
# {{escopo|ia|Cristianismo|religião}} [[Gálatas]]
==Ver também==
{{bíblia/ia}}
[[Categoria:Substantivo (Interlíngua)]]
={{-la-}}=
==Substantivo==
'''Galatas'''
# {{escopo|la|Cristianismo|religião}} [[Gálatas]]
==Ver também==
{{bíblia/la}}
[[Categoria:Substantivo (Latim)]]</text>
<sha1>hcpu9c1gs21dq0u6zx6vm1zkylqm8i2</sha1>
</revision>
</page>
