<page>
<page>
<title>galactagogo</title>
<ns>0</ns>
<id>332021</id>
<revision>
<id>2353080</id>
<parentid>1867995</parentid>
<timestamp>2017-05-02T20:38:07Z</timestamp>
<contributor>
<username>HydrizBot</username>
<id>29590</id>
</contributor>
<minor />
<comment>Robô: A limpar links interwikis antigos</comment>
<model>wikitext</model>
<format>text/x-wiki</format>
<text bytes="664" xml:space="preserve">={{-pt-}}=
==Adjetivo==
{{flex.pt|ms=galactagogo|mp=galactagogos|fs=galactagoga|fp=galactagogas}}
{{paroxítona|ga|lac|ta|go|go}}
# que [[aumentar|aumenta]] a [[secreção]] do [[leite]]
===Tradução===
{{tradini}}
* {{trad|fr|galactagogue}}
{{tradmeio}}
{{tradfim}}
==Substantivo==
{{flex.pt|ms=galactagogo|mp=galactagogos}}
{{paroxítona|ga|lac|ta|go|go}}, {{m}}
# substância que faz aumentar a secreção do leite
=={{etimologia|pt}}==
: Do grego ''γάλακτος'' ([[leite]]) + ''ἀγωγός'' (que conduz; que atrai).
=={{pronúncia|pt}}==
* [[AFI]]: /ɡɐlɐktɐˈɡoɡu/
[[Categoria:Adjetivo (Português)]]
[[Categoria:Substantivo (Português)]]</text>
<sha1>o4cmms7i4acc57zko3yiuf4weqht0aq</sha1>
</revision>
