<page>
<page>
<title>Galateia</title>
<ns>0</ns>
<id>108347</id>
<revision>
<id>1221136</id>
<parentid>905920</parentid>
<timestamp>2011-07-12T20:13:46Z</timestamp>
<contributor>
<username>MalafayaBot</username>
<id>628</id>
</contributor>
<minor />
<comment>Robô: Substituição de texto automática (-\=\[\[Português\]\]\= +={{-pt-}}=)</comment>
<model>wikitext</model>
<format>text/x-wiki</format>
<text bytes="417" xml:space="preserve">={{-pt-}}=
'''Ga.la.tei.a'''   &lt;br&gt;   
'''Ga-la-teia'''  -  ''[[translineação]]''
== Substantivo== 
# [[ninfa]] [[amada]] [[de]] [[Polifemo]]
#* ''era uma das Nereidas'' 
{{camonismo|
*** '''1 ocorrência n'Os Lusíadas'''
*** rimas n'Os Lusíadas: [[creia]]; [[recreia]]  
* [[assi|Assi]] [[mesmo]] [[a]] [[fermosa]] '''Galateia'''     -   Os Lusíadas    -    VI-90-1
}}
[[Categoria:Substantivo (Português)]]</text>
<sha1>bcco8g5tdioo3vcygg2wux9fbsy96ix</sha1>
</revision>
