<page>
<page>
<title>galaktyka</title>
<ns>0</ns>
<id>326671</id>
<revision>
<id>2542369</id>
<parentid>2353096</parentid>
<timestamp>2019-04-21T16:14:16Z</timestamp>
<contributor>
<username>Amigo7</username>
<id>58547</id>
</contributor>
<comment>/* {{-pl-}} */ +declinação +pronúncia</comment>
<model>wikitext</model>
<format>text/x-wiki</format>
<text bytes="477" xml:space="preserve">{{Wikipédia|lang=pl}}
={{-pl-}}=
==Substantivo==
{{proparoxítona|ga|lak|ty|ka|lang=pl}}, {{gramática|f}}
# {{escopo|pl|Astronomia}} [[galáxia]]
===Declinação===
{{decl.pl.subst
|ns=galaktyka|np=galaktyki
|gs=galaktyki|gp=galaktyk
|ds=galaktyce|dp=galaktykom
|as=galaktykę|ap=galaktyki
|is=galaktyką|ip=galaktykami
|ls=galaktyce|lp=galaktykach
|vs=galaktyko|vp=galaktyki}}
=={{pronúncia|pl}}==
* [[AFI]]: {{AFI|/ɡaˈlaktɨka/}}
[[Categoria:Substantivo (Polonês)]]</text>
<sha1>tmc9cvme11il5c3pcslrpk52lw1fxdl</sha1>
</revision>
