<page>
<page>
<title>galardon</title>
<ns>0</ns>
<id>388444</id>
<revision>
<id>2471186</id>
<timestamp>2017-12-17T16:48:27Z</timestamp>
<contributor>
<username>Imivorn</username>
<id>64513</id>
</contributor>
<comment>[[Ajuda:Guia de edição/Menus e ferramentas/Sumário de edição|→]] nova página: ={{-mwl-}}= ==Substantivo== {{flex.mwl|ms=galardon|mp=galardones}} {{oxítona|ga|lar|don|língua=mwl}}, {{m}}...</comment>
<model>wikitext</model>
<format>text/x-wiki</format>
<text bytes="178" xml:space="preserve">={{-mwl-}}=
==Substantivo==
{{flex.mwl|ms=galardon|mp=galardones}}
{{oxítona|ga|lar|don|língua=mwl}}, {{m}}
# [[galardão]]
# [[prémio]]
[[Categoria:Substantivo (Mirandês)]]</text>
<sha1>dblyak62ahj70vs8vog0yksttref1pr</sha1>
</revision>
