<page>
<page>
<title>Galatia</title>
<ns>0</ns>
<id>380788</id>
<revision>
<id>2553497</id>
<parentid>2438016</parentid>
<timestamp>2019-09-12T02:46:06Z</timestamp>
<contributor>
<username>Leonardo José Raimundo</username>
<id>43489</id>
</contributor>
<comment>Eu estou colocando a versão em feroês do nome &quot;Galatia&quot;.</comment>
<model>wikitext</model>
<format>text/x-wiki</format>
<text bytes="413" xml:space="preserve">={{-fo-}}=
==Substantivo==
{{paroxítona|Ga|la|tia|lang=fo}}
# {{escopo|fo|Cristianismo|religião}} [[Gálatas]]
==Ver também==
===No Wikcionário===
{{bíblia/fo}}
[[Categoria:Substantivo (Feroês)]]
={{-haw-}}=
==Substantivo==
{{paroxítona|Ga|la|tia|lang=haw}}
# {{escopo|haw|Cristianismo|religião}} [[Gálatas]]
==Ver também==
===No Wikcionário===
{{bíblia/haw}}
[[Categoria:Substantivo (Havaiano)]]</text>
<sha1>16dzo0it8ieuzn17xlvsvotmzpagxm3</sha1>
</revision>
