<page>
<page>
<title>Galarnad</title>
<ns>0</ns>
<id>424437</id>
<revision>
<id>2590567</id>
<timestamp>2020-06-17T02:06:20Z</timestamp>
<contributor>
<username>Leonardo José Raimundo</username>
<id>43489</id>
</contributor>
<comment>Eu estou criando o nome &quot;Galarnad&quot;.</comment>
<model>wikitext</model>
<format>text/x-wiki</format>
<text bytes="205" xml:space="preserve">={{-cy-}}=
==Substantivo==
{{oxítona|Ga|lar|nad|lang=cy}}
# {{escopo|cy|Cristianismo|religião}} [[Lamentações]]
==Ver também==
===No Wikcionário===
{{bíblia/cy}}
[[Categoria:Substantivo (Galês)]]</text>
<sha1>i31ur9omvpfj1ovsxj9edjztb4xuom5</sha1>
</revision>
