<page>
<page>
<title>galavas</title>
<ns>0</ns>
<id>161754</id>
<revision>
<id>2353139</id>
<parentid>1151536</parentid>
<timestamp>2017-05-02T20:42:34Z</timestamp>
<contributor>
<username>HydrizBot</username>
<id>29590</id>
</contributor>
<minor />
<comment>Robô: A limpar links interwikis antigos</comment>
<model>wikitext</model>
<format>text/x-wiki</format>
<text bytes="194" xml:space="preserve">={{-pt-}}=
==Forma verbal==
'''galavas'''
#[[segunda pessoa]] do [[singular]] do [[pretérito imperfeito]] do [[modo indicativo]] do verbo '''[[galar]]'''
[[Categoria:Forma verbal (Português)]]</text>
<sha1>4jjgcb7s2uetizy0pyk4kw0vsw3dhmo</sha1>
</revision>
