<page>
<page>
<title>galares</title>
<ns>0</ns>
<id>207240</id>
<revision>
<id>2353117</id>
<parentid>1151519</parentid>
<timestamp>2017-05-02T20:39:49Z</timestamp>
<contributor>
<username>HydrizBot</username>
<id>29590</id>
</contributor>
<minor />
<comment>Robô: A limpar links interwikis antigos</comment>
<model>wikitext</model>
<format>text/x-wiki</format>
<text bytes="267" xml:space="preserve">={{-pt-}}=
==Forma verbal==
'''galares'''
#[[segunda pessoa]] do [[singular]] do [[futuro]] do [[modo subjuntivo]] do verbo '''[[galar]]'''
#[[infinitivo pessoal]] da [[segunda pessoa]] do [[singular]] do verbo '''[[galar]]'''
[[Categoria:Forma verbal (Português)]]</text>
<sha1>2lkla79x4lkr02gt5kg0nwjv3i45gye</sha1>
</revision>
