<page>
<page>
<title>galaeth</title>
<ns>0</ns>
<id>326589</id>
<revision>
<id>2552238</id>
<parentid>2353082</parentid>
<timestamp>2019-08-30T15:51:28Z</timestamp>
<contributor>
<username>ValJor</username>
<id>1358</id>
</contributor>
<comment>Confirmando [[:Categoria:!Entrada criada por robô|verbete criado por robô]]</comment>
<model>wikitext</model>
<format>text/x-wiki</format>
<text bytes="149" xml:space="preserve">{{Wikipédia|lang=cy}}
={{-cy-}}=
==Substantivo==
'''galaeth'''
# [[galáxia]]
[[Categoria:Substantivo (Galês)]]
[[Categoria:Astronomia (Galês)]]</text>
<sha1>99wdtj0epfl3t82zgwp8knjqn99p2et</sha1>
</revision>
