<page>
<page>
<title>Galatákhoz</title>
<ns>0</ns>
<id>438818</id>
<revision>
<id>2653512</id>
<timestamp>2021-11-27T17:39:33Z</timestamp>
<contributor>
<username>Leonardo José Raimundo</username>
<id>43489</id>
</contributor>
<comment>Eu estou criando o nome &quot;Galatákhoz&quot;.</comment>
<model>wikitext</model>
<format>text/x-wiki</format>
<text bytes="209" xml:space="preserve">={{-hu-}}=
==Substantivo==
{{paroxítona|Ga|la|tá|khoz|lang=hu}}
# {{escopo|hu|Cristianismo|religião}} [[Gálatas]]
==Ver também==
===No Wikcionário===
{{bíblia/hu}}
[[Categoria:Substantivo (Húngaro)]]</text>
<sha1>l0kc98338f1a4lkl6k58cj9jiuaqbqw</sha1>
</revision>
