<page>
<title>Galaten</title>
<ns>0</ns>
<id>395929</id>
<revision>
<id>2504383</id>
<parentid>2502088</parentid>
<timestamp>2018-05-23T19:13:57Z</timestamp>
<contributor>
<username>Leonardo José Raimundo</username>
<id>43489</id>
</contributor>
<comment>Eu estou editando o nome &quot;Galaten&quot;.</comment>
<model>wikitext</model>
<format>text/x-wiki</format>
<text bytes="208" xml:space="preserve">={{-nl-}}=
==Substantivo==
{{proparoxítona|Ga|la|ten|lang=nl}}
# {{escopo|nl|Cristianismo|religião}} [[Gálatas]]
==Ver também==
===No Wikcionário===
{{bíblia/nl}}
[[Categoria:Substantivo (Holandês)]]</text>
<sha1>83lc5uu5ph0egnscnvejb8ew1r0g2e4</sha1>
</revision>
</page>
