<page>
<page>
<title>galaras</title>
<ns>0</ns>
<id>178877</id>
<revision>
<id>2353109</id>
<parentid>1151513</parentid>
<timestamp>2017-05-02T20:39:33Z</timestamp>
<contributor>
<username>HydrizBot</username>
<id>29590</id>
</contributor>
<minor />
<comment>Robô: A limpar links interwikis antigos</comment>
<model>wikitext</model>
<format>text/x-wiki</format>
<text bytes="179" xml:space="preserve">={{-pt-}}=
==Forma verbal==
'''galaras'''
#[[segunda pessoa]] do [[singular]] do [[pretérito mais-que-perfeito]] do verbo '''[[galar]]'''
[[Categoria:Forma verbal (Português)]]</text>
<sha1>cfb0xt7ql8k7ft91g3qpvvmnveboj0l</sha1>
</revision>
