<page>
<title>galava</title>
<ns>0</ns>
<id>204250</id>
<revision>
<id>2353137</id>
<parentid>1151534</parentid>
<timestamp>2017-05-02T20:42:29Z</timestamp>
<contributor>
<username>HydrizBot</username>
<id>29590</id>
</contributor>
<minor />
<comment>Robô: A limpar links interwikis antigos</comment>
<model>wikitext</model>
<format>text/x-wiki</format>
<text bytes="226" xml:space="preserve">={{-pt-}}=
==Forma verbal==
'''galava'''
#[[primeira pessoa|primeira]] e [[terceira pessoa]] do [[singular]] do [[pretérito imperfeito]] do [[modo indicativo]] do verbo '''[[galar]]'''
[[Categoria:Forma verbal (Português)]]</text>
<sha1>aqmdc3uv55x7kjuriymnc2u304kl8cy</sha1>
</revision>
</page>
