<page>
<page>
<title>galarem</title>
<ns>0</ns>
<id>211524</id>
<revision>
<id>2353115</id>
<parentid>1151517</parentid>
<timestamp>2017-05-02T20:39:45Z</timestamp>
<contributor>
<username>HydrizBot</username>
<id>29590</id>
</contributor>
<minor />
<comment>Robô: A limpar links interwikis antigos</comment>
<model>wikitext</model>
<format>text/x-wiki</format>
<text bytes="265" xml:space="preserve">={{-pt-}}=
==Forma verbal==
'''galarem'''
#[[terceira pessoa]] do [[plural]] do [[futuro]] do [[modo subjuntivo]] do verbo '''[[galar]]'''
#[[infinitivo pessoal]] da [[terceira pessoa]] do [[plural]] do verbo '''[[galar]]'''
[[Categoria:Forma verbal (Português)]]</text>
<sha1>hsrsonw67ujh8gtiy2r6ez4xwdq01qw</sha1>
</revision>
