<page>
<page>
<title>galaria</title>
<ns>0</ns>
<id>191938</id>
<revision>
<id>2353118</id>
<parentid>1151520</parentid>
<timestamp>2017-05-02T20:39:51Z</timestamp>
<contributor>
<username>HydrizBot</username>
<id>29590</id>
</contributor>
<minor />
<comment>Robô: A limpar links interwikis antigos</comment>
<model>wikitext</model>
<format>text/x-wiki</format>
<text bytes="203" xml:space="preserve">={{-pt-}}=
==Forma verbal==
'''galaria'''
#[[primeira pessoa|primeira]] e [[terceira pessoa]] do [[singular]] do [[futuro do pretérito]] do verbo '''[[galar]]'''
[[Categoria:Forma verbal (Português)]]</text>
<sha1>eegakfejp9g58t6nh4l78at8ok5mmcj</sha1>
</revision>
