<page>
<title>galaksi</title>
<ns>0</ns>
<id>326581</id>
<revision>
<id>2353089</id>
<parentid>2054354</parentid>
<timestamp>2017-05-02T20:38:33Z</timestamp>
<contributor>
<username>HydrizBot</username>
<id>29590</id>
</contributor>
<minor />
<comment>Robô: A limpar links interwikis antigos</comment>
<model>wikitext</model>
<format>text/x-wiki</format>
<text bytes="145" xml:space="preserve">={{-fi-}}=
==Substantivo==
'''galaksi'''
# [[galáxia]]
{{página-automática|junho|2014|galáxia|fi}}
[[Categoria:Substantivo (Finlandês)]]</text>
<sha1>79me9tyoe2iedz1wlwg5pjpsftnybc1</sha1>
</revision>
</page>
