<page>
<title>galaram</title>
<ns>0</ns>
<id>175934</id>
<revision>
<id>2353108</id>
<parentid>1151512</parentid>
<timestamp>2017-05-02T20:39:31Z</timestamp>
<contributor>
<username>HydrizBot</username>
<id>29590</id>
</contributor>
<minor />
<comment>Robô: A limpar links interwikis antigos</comment>
<model>wikitext</model>
<format>text/x-wiki</format>
<text bytes="191" xml:space="preserve">={{-pt-}}=
==Forma verbal==
'''galaram'''
#[[terceira pessoa]] do [[plural]] do [[pretérito perfeito]] do [[modo indicativo]] do verbo '''[[galar]]'''
[[Categoria:Forma verbal (Português)]]</text>
<sha1>95vs84j5nvtagtcohx8299nk3jb7qjx</sha1>
</revision>
</page>
