<page>
<title>galaxias</title>
<ns>0</ns>
<id>326641</id>
<revision>
<id>2594601</id>
<parentid>2353143</parentid>
<timestamp>2020-08-20T13:00:07Z</timestamp>
<contributor>
<username>ValJor</username>
<id>1358</id>
</contributor>
<comment>Confirmando [[:Categoria:!Entrada criada por robô|verbete criado por robô]]</comment>
<model>wikitext</model>
<format>text/x-wiki</format>
<text bytes="268" xml:space="preserve">{{Wikipédia|lang=la}}
[[Imagem:NGC_4414_(NASA-med).jpg|thumb|right|250px|&lt;center&gt;Galáxia&lt;/center&gt;]]
={{-la-}}=
==Substantivo==
'''galaxias'''
# [[galáxia]]
[[Categoria:Substantivo (Latim)]]
[[Categoria:Astronomia (Latim)]]
[[Categoria:Entrada com imagem (Latim)]]</text>
<sha1>5y4pwm8nqvmbtbp9eyr3jzfmglmn88c</sha1>
</revision>
</page>
