<page>
<title>galarei</title>
<ns>0</ns>
<id>183556</id>
<revision>
<id>2353113</id>
<parentid>1151515</parentid>
<timestamp>2017-05-02T20:39:41Z</timestamp>
<contributor>
<username>HydrizBot</username>
<id>29590</id>
</contributor>
<minor />
<comment>Robô: A limpar links interwikis antigos</comment>
<model>wikitext</model>
<format>text/x-wiki</format>
<text bytes="170" xml:space="preserve">={{-pt-}}=
==Forma verbal==
'''galarei'''
#[[primeira pessoa]] do [[singular]] do [[futuro do presente]] do verbo '''[[galar]]'''
[[Categoria:Forma verbal (Português)]]</text>
<sha1>netgmwzwb1csezrg66ig877pimahea2</sha1>
</revision>
</page>
