<page>
<title>galaxio</title>
<ns>0</ns>
<id>326617</id>
<revision>
<id>2353145</id>
<parentid>2125732</parentid>
<timestamp>2017-05-02T20:43:07Z</timestamp>
<contributor>
<username>HydrizBot</username>
<id>29590</id>
</contributor>
<minor />
<comment>Robô: A limpar links interwikis antigos</comment>
<model>wikitext</model>
<format>text/x-wiki</format>
<text bytes="138" xml:space="preserve">={{-io-}}=
==Substantivo==
'''galaxio'''
# [[galáxia]]
{{página-automática|junho|2014|galáxia|io}}
[[Categoria:Substantivo (Ido)]]</text>
<sha1>i7odpt2xsp3ll1p0doih607295jvkls</sha1>
</revision>
</page>
