<page>
<page>
<title>galar</title>
<ns>0</ns>
<id>31221</id>
<revision>
<id>2353106</id>
<parentid>2014143</parentid>
<timestamp>2017-05-02T20:39:27Z</timestamp>
<contributor>
<username>HydrizBot</username>
<id>29590</id>
</contributor>
<minor />
<comment>Robô: A limpar links interwikis antigos</comment>
<model>wikitext</model>
<format>text/x-wiki</format>
<text bytes="282" xml:space="preserve">={{-pt-}}=
==Verbo==
{{oxítona|ga|lar}}, ''transitivo''
# [[fecundar]] (quando se fala de [[galináceos]])
===Conjugação===
{{conj/pt|gal|ar}}
===Tradução===
{{tradini}}
* {{trad|kea|gála}}
{{tradmeio}}
{{tradfim}}
==Anagrama==
# [[larga]]
[[Categoria:Verbo (Português)]]</text>
<sha1>4s02fauajfzy8plnknr5vofqtns0cs6</sha1>
</revision>
