<page>
<page>
<title>galais</title>
<ns>0</ns>
<id>158792</id>
<revision>
<id>2353087</id>
<parentid>2217865</parentid>
<timestamp>2017-05-02T20:38:26Z</timestamp>
<contributor>
<username>HydrizBot</username>
<id>29590</id>
</contributor>
<minor />
<comment>Robô: A limpar links interwikis antigos</comment>
<model>wikitext</model>
<format>text/x-wiki</format>
<text bytes="178" xml:space="preserve">={{-pt-}}=
==Forma verbal==
'''galais'''
#[[segunda pessoa]] do [[plural]] do [[presente]] do [[modo indicativo]] do verbo '''[[galar]]'''
[[Categoria:Forma verbal (Português)]]</text>
<sha1>9pc8xj54lygg3qjytiit5z3mlumzd1v</sha1>
</revision>
