<page>
<title>galassia</title>
<ns>0</ns>
<id>326633</id>
<revision>
<id>2353132</id>
<parentid>2043257</parentid>
<timestamp>2017-05-02T20:42:16Z</timestamp>
<contributor>
<username>HydrizBot</username>
<id>29590</id>
</contributor>
<minor />
<comment>Robô: A limpar links interwikis antigos</comment>
<model>wikitext</model>
<format>text/x-wiki</format>
<text bytes="154" xml:space="preserve">{{Wikipédia|lang=it}}
={{-it-}}=
==Substantivo==
'''galassia'''
# [[galáxia]]
[[Categoria:Substantivo (Italiano)]]
[[Categoria:Astronomia (Italiano)]]</text>
<sha1>jbfyvf0t9mf1vx533sjsyfn7avjeato</sha1>
</revision>
</page>
