<page>
<title>galaksija</title>
<ns>0</ns>
<id>326501</id>
<revision>
<id>2353091</id>
<parentid>1958133</parentid>
<timestamp>2017-05-02T20:38:39Z</timestamp>
<contributor>
<username>HydrizBot</username>
<id>29590</id>
</contributor>
<minor />
<comment>Robô: A limpar links interwikis antigos</comment>
<model>wikitext</model>
<format>text/x-wiki</format>
<text bytes="144" xml:space="preserve">={{-bs-}}=
==Substantivo==
'''galaksija'''
# [[galáxia]]
{{página-automática|junho|2014|galáxia|bs}}
[[Categoria:Substantivo (Bósnio)]]</text>
<sha1>rldq9cxbr5ur9e24876hu40nfybzx8o</sha1>
</revision>
</page>
