<page>
<title>galaico</title>
<ns>0</ns>
<id>295768</id>
<revision>
<id>2353085</id>
<parentid>1978544</parentid>
<timestamp>2017-05-02T20:38:21Z</timestamp>
<contributor>
<username>HydrizBot</username>
<id>29590</id>
</contributor>
<minor />
<comment>Robô: A limpar links interwikis antigos</comment>
<model>wikitext</model>
<format>text/x-wiki</format>
<text bytes="323" xml:space="preserve">={{-pt-}}=
==Adjetivo==
{{flex.pt|ms=galaico|mp=galaicos|fs=galaica|fp=galaicas}}
{{paroxítona|ga|lai|co}}
# referente à [[Galiza]]
==Substantivo==
{{paroxítona|ga|lai|co}}
# natural ou habitante da Galiza
[[Categoria:Adjetivo (Português)]]
[[Categoria:Substantivo (Português)]]
[[Categoria:Gentílico (Português)]]</text>
<sha1>lki4gg1k7vrghwoev1crf06o7jjrmm9</sha1>
</revision>
</page>
