<page>
<title>Galatiaid</title>
<ns>0</ns>
<id>424461</id>
<revision>
<id>2590631</id>
<timestamp>2020-06-17T21:00:04Z</timestamp>
<contributor>
<username>Leonardo José Raimundo</username>
<id>43489</id>
</contributor>
<comment>Eu estou criando o nome &quot;Galatiaid&quot;.</comment>
<model>wikitext</model>
<format>text/x-wiki</format>
<text bytes="202" xml:space="preserve">={{-cy-}}=
==Substantivo==
{{oxítona|Ga|la|ti|aid|lang=cy}}
# {{escopo|cy|Cristianismo|religião}} [[Gálatas]]
==Ver também==
===No Wikcionário===
{{bíblia/cy}}
[[Categoria:Substantivo (Galês)]]</text>
<sha1>qfbwjnir84kbe8kaj4y4ta3omncrman</sha1>
</revision>
</page>
