<page>
<page>
<title>galaxiya</title>
<ns>0</ns>
<id>326691</id>
<revision>
<id>2652386</id>
<parentid>1833161</parentid>
<timestamp>2021-11-16T10:36:35Z</timestamp>
<contributor>
<username>ValJor</username>
<id>1358</id>
</contributor>
<comment>Confirmando [[:Categoria:!Entrada criada por robô|verbete criado por robô]]</comment>
<model>wikitext</model>
<format>text/x-wiki</format>
<text bytes="328" xml:space="preserve">{{Wikipédia|lang=war|galaksiya}}
[[Imagem:NGC 4414 (NASA-med).jpg|thumb|right|250px|{{centro|Galáxia}}]]
={{-war-}}=
==Substantivo==
'''galaxiya'''
# [[galáxia]]
==={{-varort-}}===
* [[galaksiya]]
[[Categoria:Substantivo (Waray-Waray)]]
[[Categoria:Astronomia (Waray-Waray)]]
[[Categoria:Entrada com imagem (Waray-Waray)]]</text>
<sha1>ihg5jbv5c08j596jp3fmomysok89qok</sha1>
</revision>
