<page>
<page>
<title>galbana</title>
<ns>0</ns>
<id>373088</id>
<revision>
<id>2672806</id>
<parentid>2672805</parentid>
<timestamp>2022-04-13T23:01:43Z</timestamp>
<contributor>
<username>Cpls</username>
<id>20608</id>
</contributor>
<comment>/* {{etimologia|es}} */</comment>
<model>wikitext</model>
<format>text/x-wiki</format>
<text bytes="1438" xml:space="preserve">={{-an-}}=
==Substantivo==
{{flex.an|fs=galbana|fp=galbanas}}
{{paroxítona|gal|ba|na|lang=an}}, {{g|f|lang=an}}
# [[preguiça]]
=={{etimologia|an}}==
: Aparentada com o árabe ''galban'' &quot;[[indeciso]]&quot;. Confronte-se com o catalão {{etimo|ca|galvana}}.
[[Categoria:Substantivo (Aragonês)]]
={{-ast-}}=
==Substantivo==
{{flex.ast|fs=galbana|fp=galbanes}}
{{paroxítona|gal|ba|na|lang=ast}}, {{g|f|lang=ast}}
# [[preguiça]], indolência
# [[cansaço]], fadiga
# [[desleixo]], desatenção das obrigas e cuidados
=={{etimologia|ast}}==
: Aparentada com o árabe ''galban'' &quot;[[indeciso]]&quot;.
[[Categoria:Substantivo (Asturiano)]]
={{-es-}}=
==Substantivo&lt;sup&gt;1&lt;/sup&gt;==
{{flex.es|fs=galbana|fp=galbanas}}
{{paroxítona|gal|ba|na|lang=es}}, {{g|f|lang=gl}}
# [[preguiça]], desídia
==Substantivo&lt;sup&gt;2&lt;/sup&gt;==
{{flex.es|fs=galbana|fp=galbanas}}
{{paroxítona|gal|ba|na|lang=es}}, {{g|f|lang=gl}}
# {{escopo|es|Salamanca|Antigo}} grão pequeno de [[ervilha]]
==={{etimologia|es}}===
{{llietimo|ar|جلبانة‎|es|jalbāna|ervilha}} Confronte-se com [[galvano]].
[[Categoria:Substantivo (Espanhol)]]
={{-gl-}}=
==Substantivo==
{{flex.gl|fs=galbana|fp=galbanas}}
{{paroxítona|gal|ba|na|lang=gl}}, {{g|f|lang=gl}}
# [[preguiça]]
# {{escopo|gl|Inseto}} [[louva-a-deus]]
=={{etimologia|gl}}==
: Aparentada com o árabe ''galban'' &quot;[[indeciso]]&quot;. Confronte-se com ''[[galbão#{{gl}}|galbão]]''.
[[Categoria:Substantivo (Galego)]]</text>
<sha1>od598u41dofd778qmc2v37pdqi2rci5</sha1>
</revision>
