<page>
<title>galbão</title>
<ns>0</ns>
<id>373089</id>
<revision>
<id>2228490</id>
<timestamp>2017-01-25T18:16:49Z</timestamp>
<contributor>
<username>Cpls</username>
<id>20608</id>
</contributor>
<comment>[[Ajuda:Guia de edição/Menus e ferramentas/Sumário de edição|→]] nova página: ={{-gl-}}= ==Adjetivo== {{flex.gl|ms=galbão|mp=galbães|fs=galbã|fp=galbãs}} {{oxítona|gal|bão|lang=gl}}...</comment>
<model>wikitext</model>
<format>text/x-wiki</format>
<text bytes="740" xml:space="preserve">={{-gl-}}=
==Adjetivo==
{{flex.gl|ms=galbão|mp=galbães|fs=galbã|fp=galbãs}}
{{oxítona|gal|bão|lang=gl}}
# [[preguiçoso]]
===Sinónimos===
* [[galbanão#{{gl}}|galbanão]], [[galbaneão#{{gl}}|galbaneão]], [[galbaneiro#{{gl}}|galbaneiro]]
==Substantivo==
{{flex.gl|ms=galbão|mp=galbães}}
{{oxítona|gal|bão|lang=gl}}, {{g|m|lang=gl}}
# {{escopo|gl|Zoologia}} [[minhoca]] marinha usada como engodo; ''[[wikispecies:Nereis diversicolor|Nereis diversicolor]]''
===Sinónimo===
* [[senrada#{{gl}}|senrada]]
=={{etimologia|gl}}==
: Do árabe ''galbán'' &quot;[[indeciso]]&quot;. Confronte-se com ''[[galbana#{{gl}}|galbana]]''
=={{pronúncia|gl}}==
* [[AFI]]: /gal.'baŋ/
[[Categoria:Adjetivo (Galego)]]
[[Categoria:Substantivo (Galego)]]</text>
<sha1>p3xclyuajmlcwuj5spory4kamhydefz</sha1>
</revision>
</page>
