<page>
<title>galdrapo</title>
<ns>0</ns>
<id>397001</id>
<revision>
<id>2506909</id>
<timestamp>2018-06-17T10:05:40Z</timestamp>
<contributor>
<username>Cpls</username>
<id>20608</id>
</contributor>
<comment>[[Ajuda:Guia de edição/Menus e ferramentas/Sumário de edição|→]] nova página: ={{-gl-}}= ==Substantivo== {{flex.pt|ms=galdrapo|mp=galdrapos}} {{paroxítona|gal|dra|po|lang=gl}}, {{g|m|lan...</comment>
<model>wikitext</model>
<format>text/x-wiki</format>
<text bytes="374" xml:space="preserve">={{-gl-}}=
==Substantivo==
{{flex.pt|ms=galdrapo|mp=galdrapos}}
{{paroxítona|gal|dra|po|lang=gl}}, {{g|m|lang=gl}}
# [[farrapo]], roupa, teia, tecido velhos ou rotos
# animal [[magro]]
=={{etimologia|gl}}==
: Da mesma origem que [[galdrapa]]. Confronte-se com o trasmontanismo [[galhapa]] e  com o galego ''[[galhapo#{{gl}}|galhapo]]''.
[[Categoria:Substantivo (Galego)]]</text>
<sha1>n4qxn8zhs8eje7pgxenpi5yao9fry4f</sha1>
</revision>
</page>
