<page>
<page>
<title>galdropada</title>
<ns>0</ns>
<id>373414</id>
<revision>
<id>2230832</id>
<timestamp>2017-01-31T14:11:12Z</timestamp>
<contributor>
<username>Cpls</username>
<id>20608</id>
</contributor>
<comment>[[Ajuda:Guia de edição/Menus e ferramentas/Sumário de edição|→]] nova página: ={{-gl-}}= ==Substantivo== {{flex.gl|fs=galdropada|fp=galdropadas}} {{paroxítona|gal|dro|pa|da|lang=gl}}, {{...</comment>
<model>wikitext</model>
<format>text/x-wiki</format>
<text bytes="304" xml:space="preserve">={{-gl-}}=
==Substantivo==
{{flex.gl|fs=galdropada|fp=galdropadas}}
{{paroxítona|gal|dro|pa|da|lang=gl}}, {{gramática|f|lang=gl}}
# [[guloseima]]
=={{etimologia|gl}}==
: Confronte-se com ''[[galdropeiro#{{gl}}|galdropeiro]]'' e ''[[galdrupada#{{gl}}|galdrupada]]''.
[[Categoria:Substantivo (Galego)]]</text>
<sha1>2mzkj6kn1zw0lkkbgrgg1w35pnspkkp</sha1>
</revision>
