<page>
<title>galdrualhada</title>
<ns>0</ns>
<id>373381</id>
<revision>
<id>2230676</id>
<timestamp>2017-01-30T23:42:31Z</timestamp>
<contributor>
<username>Cpls</username>
<id>20608</id>
</contributor>
<comment>[[Ajuda:Guia de edição/Menus e ferramentas/Sumário de edição|→]] nova página: ={{-gl-}}= ==Substantivo== {{flex.gl|fs=galdrualhada|fp=galdrualhadas}} {{paroxítona|gal|dru|a|lha|da|lang=g...</comment>
<model>wikitext</model>
<format>text/x-wiki</format>
<text bytes="449" xml:space="preserve">={{-gl-}}=
==Substantivo==
{{flex.gl|fs=galdrualhada|fp=galdrualhadas}}
{{paroxítona|gal|dru|a|lha|da|lang=gl}}, {{gramática|f|lang=gl}}
# {{escopo|gl|Culinária}} [[comida]] mal preparada, feita da mistura de restos de outras
==={{-varort-}}===
* [[galdralhada#{{gl}}|galdralhada]]
=={{etimologia|gl}}==
: Da mesma origem que ''[[galdo#{{gl}}|galdo]]''. Confronte-se com ''[[galdrualho#{{gl}}|galdrualho]]''.
[[Categoria:Substantivo (Galego)]]</text>
<sha1>dgibyllru6zxmgnexhqjvr6uaua1zl8</sha1>
</revision>
</page>
