<page>
<title>galdropeiro</title>
<ns>0</ns>
<id>373413</id>
<revision>
<id>2230831</id>
<timestamp>2017-01-31T14:07:00Z</timestamp>
<contributor>
<username>Cpls</username>
<id>20608</id>
</contributor>
<comment>[[Ajuda:Guia de edição/Menus e ferramentas/Sumário de edição|→]] nova página: ={{-gl-}}= ==Adjetivo== {{flex.gl|ms=galdropeiro|mp=galdropeiros|fs=galdropeira|fp=galdropeiras}} {{paroxíto...</comment>
<model>wikitext</model>
<format>text/x-wiki</format>
<text bytes="358" xml:space="preserve">={{-gl-}}=
==Adjetivo==
{{flex.gl|ms=galdropeiro|mp=galdropeiros|fs=galdropeira|fp=galdropeiras}}
{{paroxítona|lang=gl|gal|dro|pei|ro}}
# [[glutão]], quem come qualquer coisa; [[guloso]]
==={{-varort-}}===
* [[galdrupeiro#{{gl}}|galdrupeiro]]
=={{etimologia|gl}}==
: Confronte-se com ''[[galdropada#{{gl}}|galdropada]]''.
[[Categoria:Adjetivo (Galego)]]</text>
<sha1>bmk8xit5brl4ayt74hxnpwpxvykccb8</sha1>
</revision>
</page>
