<page>
<title>galdo</title>
<ns>0</ns>
<id>373382</id>
<revision>
<id>2230677</id>
<timestamp>2017-01-30T23:42:47Z</timestamp>
<contributor>
<username>Cpls</username>
<id>20608</id>
</contributor>
<comment>[[Ajuda:Guia de edição/Menus e ferramentas/Sumário de edição|→]] nova página: ={{-gl-}}= ==Substantivo== {{flex.gl|ms=galdo|mp=galdos}} {{paroxítona|gal|do|lang=gl}}, {{gramática|m|lang...</comment>
<model>wikitext</model>
<format>text/x-wiki</format>
<text bytes="500" xml:space="preserve">={{-gl-}}=
==Substantivo==
{{flex.gl|ms=galdo|mp=galdos}}
{{paroxítona|gal|do|lang=gl}}, {{gramática|m|lang=gl}}
# [[camarão]] machucado, usado como [[engodo]]
===Sinónimo===
* [[gueldre#{{gl}}|gueldre]], [[gueldo#{{gl}}|gueldo]]
=={{etimologia|gl}}==
: Da mesma origem que o asturiano {{etimo|ast|guieldu}} e com o francês {{etimo|fr|gueldre}}. Confronte-se com ''[[galdrualho#{{gl}}|galdrualho]]''.
=={{pronúncia|gl}}==
* [[AFI]]: /'hal.do/ ou /'gal.do/
[[Categoria:Substantivo (Galego)]]</text>
<sha1>k0kabi40kb7uzryiw1el8p161utfjqr</sha1>
</revision>
</page>
