<page>
<page>
<title>galdrope</title>
<ns>0</ns>
<id>378690</id>
<revision>
<id>2417821</id>
<parentid>2412591</parentid>
<timestamp>2017-06-17T10:50:25Z</timestamp>
<contributor>
<username>ValJor</username>
<id>1358</id>
</contributor>
<comment>Eliminando [[galdrope]] da lista de [[Especial:Lonelypages|órfãos]]</comment>
<model>wikitext</model>
<format>text/x-wiki</format>
<text bytes="460" xml:space="preserve">={{-pt-}}=
==Substantivo==
{{flex.pt|ms=galdrope|mp=galdropes}}
{{paroxítona|gal|dro|pe}}, {{gramática|m}}
# [[cabo]], com que se puxa a [[picota]] da [[bomba]], a bordo
# cabo, com que se auxilia o [[governo]] do [[leme]]
==={{-varort-}}===
* [[gualdrope]]
==Ligações externas==
* {{Aulete}}
* {{DicioAberto}}
* {{DPLP}}
* {{Infopédia}}
* {{Michaelis}}
* {{PLP}}
* {{VOLPABL}}
[[Categoria:Substantivo (Português)]]
[[Categoria:Náutica (Português)]]</text>
<sha1>nyhmh47gf3txlygluca8esb3opv86py</sha1>
</revision>
