<page>
<title>galdracheiro</title>
<ns>0</ns>
<id>373411</id>
<revision>
<id>2230829</id>
<timestamp>2017-01-31T14:04:37Z</timestamp>
<contributor>
<username>Cpls</username>
<id>20608</id>
</contributor>
<comment>[[Ajuda:Guia de edição/Menus e ferramentas/Sumário de edição|→]] nova página: ={{-gl-}}= ==Adjetivo== {{flex.gl|ms=galdracheiro|mp=galdracheiros|fs=galdracheira|fp=galdracheiras}} {{parox...</comment>
<model>wikitext</model>
<format>text/x-wiki</format>
<text bytes="434" xml:space="preserve">={{-gl-}}=
==Adjetivo==
{{flex.gl|ms=galdracheiro|mp=galdracheiros|fs=galdracheira|fp=galdracheiras}}
{{paroxítona|lang=gl|gal|dra|chei|ro}}
# que veste roupa {{o/a|farrapent}} e suja, [[andrajoso]]
===Sinónimos===
* [[galdrapas#{{gl}}|galdrapas]], [[galdrapeiro#{{gl}}|galdrapeiro]]
=={{etimologia|gl}}==
: {{escopo|Morfologia}} De ''[[galdracha#{{gl}}|galdracha]]'' + ''[[-eiro#{{gl}}|-eiro]]''.
[[Categoria:Adjetivo (Galego)]]</text>
<sha1>owmf78c30xjdmej7rh7g7s2ugb10iu1</sha1>
</revision>
</page>
