<page>
<page>
<title>galdrumeiro</title>
<ns>0</ns>
<id>373418</id>
<revision>
<id>2230836</id>
<timestamp>2017-01-31T14:17:21Z</timestamp>
<contributor>
<username>Cpls</username>
<id>20608</id>
</contributor>
<comment>[[Ajuda:Guia de edição/Menus e ferramentas/Sumário de edição|→]] nova página: ={{-gl-}}= ==Adjetivo== {{flex.gl|ms=galdrumeiro|mp=galdrumeiros|fs=galdrumeira|fp=galdrumeiras}} {{paroxíto...</comment>
<model>wikitext</model>
<format>text/x-wiki</format>
<text bytes="791" xml:space="preserve">={{-gl-}}=
==Adjetivo==
{{flex.gl|ms=galdrumeiro|mp=galdrumeiros|fs=galdrumeira|fp=galdrumeiras}}
{{paroxítona|lang=gl|gal|dru|mei|ro}}
# [[comilão]], quem come qualquer coisa; [[guloso]]
# que come de jeito ávido, misturando os alimentos e sujando tudo
# a qualificar uma pessoa {{o/a|suj}}, porca
# enredador, [[intriguista]], que quer saber da vida alheia
===Sinónimos===
* De '''1''': [[galdrumante#{{gl}}|galdrumante]], [[galdrumento#{{gl}}|galdrumento]], [[galdrupeiro#{{gl}}|galdrupeiro]], [[lacuceiro#{{gl}}|lacuceiro]], [[langrão#{{gl}}|langrão]], [[larfão#{{gl}}|larfão]], [[larpão#{{gl}}|larpão]], [[larpeiro#{{gl}}|larperiro]]
=={{etimologia|gl}}==
: Confronte-se com ''[[galdo#{{gl}}|galdo]]'' e ''[[galdrumada#{{gl}}|galdrumada]]''.
[[Categoria:Adjetivo (Galego)]]</text>
<sha1>bwl1u8apkp3i8tlcbspz7cjbvbhgix1</sha1>
</revision>
