<page>
<page>
<title>galdrapa</title>
<ns>0</ns>
<id>248964</id>
<revision>
<id>2230827</id>
<parentid>1905573</parentid>
<timestamp>2017-01-31T13:59:23Z</timestamp>
<contributor>
<username>Cpls</username>
<id>20608</id>
</contributor>
<model>wikitext</model>
<format>text/x-wiki</format>
<text bytes="480" xml:space="preserve">={{-pt-}}=
==Substantivo==
{{flex.pt|fs=galdrapa|fp=galdrapas}}
{{paroxítona|gal|dra|pa}}, {{g|f}}
# [[cobertor]] que vai baixo da sela; [[gualdrapa]]
# tecido mal feito, [[farrapo]] velho ou sujo
# {{escopo|pt|Trás-os-Montes}} porca magra, com as [[mama]]s vazias e colgantes
===Sinônimo===
* De '''3''' (porca magra): [[galhapa]]
=={{etimologia|pt}}==
: Relacionado com o adjetivo basco {{etimo|eu|galdu}} &quot;perdido, [[deteriorado]]&quot;.
[[Categoria:Substantivo (Português)]]</text>
<sha1>jzs442nq1tu9fn9vzrxbvvs1ucjft72</sha1>
</revision>
