<page>
<title>galdrupada</title>
<ns>0</ns>
<id>373416</id>
<revision>
<id>2230834</id>
<timestamp>2017-01-31T14:16:51Z</timestamp>
<contributor>
<username>Cpls</username>
<id>20608</id>
</contributor>
<comment>[[Ajuda:Guia de edição/Menus e ferramentas/Sumário de edição|→]] nova página: ={{-gl-}}= ==Substantivo== {{flex.gl|fs=galdrupada|fp=galdrupadas}} {{paroxítona|gal|dru|pa|da|lang=gl}}, {{...</comment>
<model>wikitext</model>
<format>text/x-wiki</format>
<text bytes="420" xml:space="preserve">={{-gl-}}=
==Substantivo==
{{flex.gl|fs=galdrupada|fp=galdrupadas}}
{{paroxítona|gal|dru|pa|da|lang=gl}}, {{gramática|f|lang=gl}}
# [[mistura]] de coisas {{o/a|ascoros}}s em água suja
# {{escopo|gl|figurado}} reunião de pessoas [[soez]]es e ruins
=={{etimologia|gl}}==
: Do particípio de ''[[galdrupar#{{gl}}|galdrupar]]''. Confronte-se com ''[[galdropada#{{gl}}|galdropada]]''.
[[Categoria:Substantivo (Galego)]]</text>
<sha1>hmbl5gcxxmqh2lu3aumb0d8fo8ug2xr</sha1>
</revision>
</page>
