<page>
<title>galeguice</title>
<ns>0</ns>
<id>357707</id>
<revision>
<id>2090571</id>
<parentid>2090562</parentid>
<timestamp>2016-04-21T22:12:42Z</timestamp>
<contributor>
<username>Jéssica S. Ciqueira</username>
<id>53180</id>
</contributor>
<model>wikitext</model>
<format>text/x-wiki</format>
<text bytes="194" xml:space="preserve">={{-pt-}}=
==Substantivo==
{{flex.pt|fs=galeguice|fp=galeguices}}
{{paroxítona|ga|le|gui|ce}}, {{f}}
# aquilo que advém do estado ou qualidade de galego
[[Categoria:Substantivo (Português)]]</text>
<sha1>04w2qjk0m590k4mz7ab933o354pi4b1</sha1>
</revision>
</page>
