<page>
<title>galerno</title>
<ns>0</ns>
<id>171657</id>
<revision>
<id>2353167</id>
<parentid>1356056</parentid>
<timestamp>2017-05-02T20:47:15Z</timestamp>
<contributor>
<username>HydrizBot</username>
<id>29590</id>
</contributor>
<minor />
<comment>Robô: A limpar links interwikis antigos</comment>
<model>wikitext</model>
<format>text/x-wiki</format>
<text bytes="452" xml:space="preserve">={{-pt-}}=
==Adjetivo==
{{flex.pt|galerno|galernos|galerna|galernas}}
{{paroxítona|ga|ler|no}} {{m}}
#diz-se do [[vento]] do [[nordeste]] que é [[brando]] e [[aprazível]]
#[[brando]], [[sereno]], [[aprazível]]
==Substantivo==
{{paroxítona|ga|ler|no}} {{m}}
#[[vento]] do [[nordeste]] que é [[brando]] e [[aprazível]]
=={{etimologia|pt}}==
:Do francês ''[[galerne]]''
[[Categoria:Adjetivo (Português)]]
[[Categoria:Substantivo (Português)]]</text>
<sha1>kc94hak5anukwlkdyske5s9uz1a1a3g</sha1>
</revision>
</page>
