<page>
<title>gale</title>
<ns>0</ns>
<id>213092</id>
<revision>
<id>2688290</id>
<parentid>2353152</parentid>
<timestamp>2022-09-13T20:13:40Z</timestamp>
<contributor>
<username>ValJor</username>
<id>1358</id>
</contributor>
<comment>Corrigindo as categorizações conforme pedido em [[Wikcionário:Problemas espinhosos/Norueguês]]</comment>
<model>wikitext</model>
<format>text/x-wiki</format>
<text bytes="1867" xml:space="preserve">={{-pt-}}=
==Forma verbal==
{{paroxítona|ga|le}}
# primeira e terceira pessoa do singular do presente do modo subjuntivo do verbo [[galar]]
# terceira pessoa do singular do imperativo afirmativo do verbo [[galar]]
# terceira pessoa do singular do imperativo negativo do verbo [[galar]]
{{avi-for-fle|galar}}
[[Categoria:Forma verbal (Português)]]
={{-eu-}}=
==Substantivo==
'''gale'''
# [[ansiedade]], [[impaciência]]
[[Categoria:Substantivo (Basco)]]
[[Categoria:Falso cognato (Basco)]]
={{-fr-}}=
==Substantivo==
'''gale''', {{gramática|f}}
# [[escabiose]], [[sarna]]
=={{etimologia|fr}}==
: Variante de ''[[galle]]''.
=={{pronúncia|fr}}==
* [[AFI]]: /gal/
[[Categoria:Substantivo (Francês)]]
[[Categoria:Falso cognato (Francês)]]
={{-en-}}=
==Substantivo&lt;sup&gt;1&lt;/sup&gt;==
'''gale''' {{p|gales}}
# [[vendaval]], [[tempestade]], [[temporal]]
# {{escopo|en|Arcaico}} [[brisa]]
==={{etimologia|en}}===
{{llietimo|da|gal|en|ponto=não}} e este do {{etm|non|en}} {{etimo|non|gala|cantar}}.
==Substantivo&lt;sup&gt;2&lt;/sup&gt;==
'''gala''' {{p|gales}}
# {{escopo|en|Arcaico}} [[pagamento]] [[periódico]], como [[aluguel]] ou [[anuidade]]
# [[arbusto]] (''{{link opcional|Myrica gale}}'') que se desenvolve em [[pântano]]s
=={{pronúncia|en}}==
* [[AFI]]: /geɪl/
[[Categoria:Substantivo (Inglês)]]
[[Categoria:Falso cognato (Inglês)]]
={{-it-}}=
==Forma de substantivo==
'''gale'''
# plural de '''[[gala#{{it}}|gala]]'''
{{avi-for-fle|gala}}
[[Categoria:Forma de substantivo (Italiano)]]
[[Categoria:Falso cognato (Italiano)]]
={{-nb-}}=
==Verbo==
'''gale'''
# [[cacarejar]]; fazer o som característico do [[galo]]
==Forma de adjetivo==
'''gale'''
# plural de '''[[gal#{{no}}|gal]]'''
{{avi-for-fle|gal}}
[[Categoria:Verbo (Norueguês Bokmål)]]
[[Categoria:Forma de adjetivo (Norueguês Bokmål)]]
[[Categoria:Falso cognato (Norueguês Bokmål)]]</text>
<sha1>mv30owmbqzqyxxtlrebn61qx31yl2ko</sha1>
</revision>
</page>
