<page>
<page>
<title>galeote</title>
<ns>0</ns>
<id>263024</id>
<revision>
<id>2353164</id>
<parentid>2179589</parentid>
<timestamp>2017-05-02T20:44:43Z</timestamp>
<contributor>
<username>HydrizBot</username>
<id>29590</id>
</contributor>
<minor />
<comment>Robô: A limpar links interwikis antigos</comment>
<model>wikitext</model>
<format>text/x-wiki</format>
<text bytes="457" xml:space="preserve">={{-pt-}}=
==Substantivo==
{{flex.pt|ms=galeote|mp=galeotes}}
{{paroxítona|ga|le|o|te}}
# que anda nas [[galé]]s, condenado à galés, remador de galé
# galeota, embarcação de remos menor que a galé
==Ver também==
===No Wikcionário===
{{verTambém.Ini}}
* [[remeiro]]
{{verTambém.Fim}}
[[Categoria:Substantivo (Português)]]
={{-es-}}=
==Substantivo==
'''galeote''', ''m.''
# [[galeote#Português|galeote]]
[[Categoria:Substantivo (Espanhol)]]</text>
<sha1>5wff5t1vysc6ynchkvt3v8imriibxme</sha1>
</revision>
