<page>
<page>
<title>galemos</title>
<ns>0</ns>
<id>214323</id>
<revision>
<id>2353162</id>
<parentid>1151541</parentid>
<timestamp>2017-05-02T20:44:38Z</timestamp>
<contributor>
<username>HydrizBot</username>
<id>29590</id>
</contributor>
<minor />
<comment>Robô: A limpar links interwikis antigos</comment>
<model>wikitext</model>
<format>text/x-wiki</format>
<text bytes="365" xml:space="preserve">={{-pt-}}=
==Forma verbal==
'''galemos'''
#[[primeira pessoa]] do [[plural]] do [[presente]] do [[modo subjuntivo]] do verbo '''[[galar]]'''
#[[primeira pessoa]] do [[plural]] do [[imperativo]] [[afirmativo]] do verbo '''[[galar]]'''
#[[primeira pessoa]] do [[plural]] do [[imperativo]] [[negativo]] do verbo '''[[galar]]'''
[[Categoria:Forma verbal (Português)]]</text>
<sha1>reycaebp2bjkzrf6pgssx8on4wwn5ta</sha1>
</revision>
