<page>
<page>
<title>galeante</title>
<ns>0</ns>
<id>349245</id>
<revision>
<id>2353153</id>
<parentid>2125730</parentid>
<timestamp>2017-05-02T20:44:08Z</timestamp>
<contributor>
<username>HydrizBot</username>
<id>29590</id>
</contributor>
<minor />
<comment>Robô: A limpar links interwikis antigos</comment>
<model>wikitext</model>
<format>text/x-wiki</format>
<text bytes="529" xml:space="preserve">={{-gl-}}=
==Substantivo==
{{flex.gl|ms=galeante|mp=galeantes}}
{{paroxítona|ga|le|an|te|lang=gl}}, {{m}}
# {{escopoCat|Ave|gl}} [[trepadeira-comum]], (''[[species:Certhia brachydactyla|Certhia brachydactyla]]'')
===Sinónimos===
{{dividir em colunas|3}}
* [[gaveador#Galego|gaveador]]
* [[rubideira#Galego|rubideira]]
* [[pico-da-rachela#Galego|pico-da-rachela]]
* [[tigre#Galego|tigre]]
{{dividir em colunas.fim}}
=={{etimologia|gl}}==
: {{escopo|Morfologia}} Talvez derivada de [[galo]].
[[Categoria:Substantivo (Galego)]]</text>
<sha1>fmrh2vtzntxrmpyy48f9ntjhylkbbf2</sha1>
</revision>
