<page>
<title>galei</title>
<ns>0</ns>
<id>170490</id>
<revision>
<id>2353159</id>
<parentid>2164407</parentid>
<timestamp>2017-05-02T20:44:25Z</timestamp>
<contributor>
<username>HydrizBot</username>
<id>29590</id>
</contributor>
<minor />
<comment>Robô: A limpar links interwikis antigos</comment>
<model>wikitext</model>
<format>text/x-wiki</format>
<text bytes="191" xml:space="preserve">={{-pt-}}=
==Forma verbal==
'''galei'''
#[[primeira pessoa]] do [[singular]] do [[pretérito perfeito]] do [[modo indicativo]] do verbo '''[[galar]]'''
[[Categoria:Forma verbal (Português)]]</text>
<sha1>1gy2wbx8gtjbvp3dzhw3ojszpbbqe6z</sha1>
</revision>
</page>
