<page>
<title>galejar</title>
<ns>0</ns>
<id>402847</id>
<revision>
<id>2525541</id>
<timestamp>2018-11-07T12:41:25Z</timestamp>
<contributor>
<username>Cpls</username>
<id>20608</id>
</contributor>
<comment>[[Ajuda:Guia de edição/Menus e ferramentas/Sumário de edição|→]] nova página: ={{-gl-}}= ==Verbo== {{oxítona|ga|le|jar|lang=gl}}, {{g|intr|lang=gl}} # [[galar]], cobrir, copular o galo o...</comment>
<model>wikitext</model>
<format>text/x-wiki</format>
<text bytes="410" xml:space="preserve">={{-gl-}}=
==Verbo==
{{oxítona|ga|le|jar|lang=gl}}, {{g|intr|lang=gl}}
# [[galar]], cobrir, copular o galo ou ave macho com fêmea
===Sinónimos===
* [[galar#{{gl}}|galar]], [[galear#{{gl}}|galear]], {{escopo2|Astúrias}} [[gansiar#{{gl}}|gansiar]]
=={{etimologia|gl}}==
: {{escopo|Morfologia}} De ''[[galo#{{gl}}|galo]]'' + ''[[-ejo#{{gl}}|-ejo]]'' + + ''[[-ar#{{gl}}|-ar]]''.
[[Categoria:Verbo (Galego)]]</text>
<sha1>goizxpmj1n4gx1kj0mcy7kmxlydnlo4</sha1>
</revision>
</page>
