<page>
<page>
<title>galeguismo</title>
<ns>0</ns>
<id>288310</id>
<revision>
<id>1397849</id>
<timestamp>2012-04-12T12:07:42Z</timestamp>
<contributor>
<username>Cpls</username>
<id>20608</id>
</contributor>
<comment>[[Ajuda:Guia de edição/Menus e ferramentas/Sumário de edição|→]] nova página: ={{-pt-}}= ==Substantivo== {{flex.pt|ms=galeguismo|mp=galeguismos}} {{paroxítona|ga|le|guis|mo}} # {{escopo|...</comment>
<model>wikitext</model>
<format>text/x-wiki</format>
<text bytes="518" xml:space="preserve">={{-pt-}}=
==Substantivo==
{{flex.pt|ms=galeguismo|mp=galeguismos}}
{{paroxítona|ga|le|guis|mo}}
# {{escopo|Galiza}} qualidade de galego, [[aquilo]] que é próprio de [[galego]]s e galegas
# {{escopo|Galiza}} vocábulo caraterístico dos falares galegos
# {{escopo|Galiza}} pensamento político, movimento que defende os valores galegos
==Ver também==
===No Wikcionário===
{{verTambém.Ini}}
* [[galeguista]]
{{verTambém.NovaColuna}}
* [[desgaleguizar]]
{{verTambém.Fim}}
[[Categoria:Substantivo (Português)]]</text>
<sha1>5jhbkto0bf13r7mfgocisxovhzv98zf</sha1>
</revision>
