<page>
<title>galera</title>
<ns>0</ns>
<id>262987</id>
<revision>
<id>2689052</id>
<parentid>2689051</parentid>
<timestamp>2022-09-29T12:24:02Z</timestamp>
<contributor>
<ip>130.225.98.210</ip>
</contributor>
<comment>/* Substantivo */</comment>
<model>wikitext</model>
<format>text/x-wiki</format>
<text bytes="714" xml:space="preserve">{{Wikipédia}}
={{-pt-}}=
==Substantivo==
{{flex.pt|fs=galera|fp=galeras}}
{{paroxítona|ga|le|ra}}
# (Brasil, informal) grupo de pessoas
# [[antigo|antiga]] [[embarcação]], comprida e estreita, de vela e remos, com dois ou três mastros
# designação genérica das embarcações que têm três mastros armados à redonda
# carroça para transportes de bombeiros, em serviço de incêndios
# carroça de quatro rodas, para transporte de mobília e fardos muito pesados
# forno para fundição
=={{pronúncia|pt}}==
===Portugal===
* AFI: {{AFI|/ɡɐ.ˈlɛ.ɾɐ/}}
==Anagramas==
# [[alegar]]
# [[alegra]]
# [[galear]]
# [[garela]]
# [[legara]]
# [[legará]]
# [[regala]]
[[Categoria:Substantivo (Português)]]</text>
<sha1>qkorumn5lj1sr4pl4x0g7sxkd4v7p2u</sha1>
</revision>
</page>
