<page>
<page>
<title>galezia</title>
<ns>0</ns>
<id>332039</id>
<revision>
<id>1867505</id>
<parentid>1866766</parentid>
<timestamp>2014-10-17T13:23:03Z</timestamp>
<contributor>
<username>ValJor</username>
<id>1358</id>
</contributor>
<comment>Por um [[Wikcionário:Listas de verbetes com problemas|wikcionário com saídas]]!</comment>
<model>wikitext</model>
<format>text/x-wiki</format>
<text bytes="304" xml:space="preserve">={{-pt-}}=
==Substantivo==
{{flex.pt|fs=galezia|fp=galezias}}
{{paroxítona|ga|le|zi|a}}, {{f}}
# [[velhacaria]]
# [[trapaça]]; [[maroteira]]
===Sinônimo===
* [[galazia]]
=={{etimologia|pt}}==
: Derivado de [[galé]].
==Ligações externas==
* {{DicioAberto}}
[[Categoria:Substantivo (Português)]]</text>
<sha1>iz1ii3wpagapikcpg498sokm0w1xubo</sha1>
</revision>
