<page>
<title>galeota</title>
<ns>0</ns>
<id>274251</id>
<revision>
<id>2620783</id>
<parentid>2353163</parentid>
<timestamp>2021-02-01T22:34:13Z</timestamp>
<contributor>
<username>MarxavBot</username>
<id>80155</id>
</contributor>
<minor />
<comment>AFI Portugal</comment>
<model>wikitext</model>
<format>text/x-wiki</format>
<text bytes="424" xml:space="preserve">={{-pt-}}=
==Substantivo==
{{paroxítona|ga|le|o|ta}}, {{g|f}}
# pequena [[galé]]
# {{escopo|pt|Peixe}} peixe de forma alongada da espécie ''[[species:Hyperoplus lanceolatus|Hyperoplus lanceolatus]]''
=={{pronúncia|pt}}==
===Portugal===
* AFI: {{AFI|/ɡɐ.ˈljɔ.tɐ/}}
[[Categoria:Substantivo (Português)]]
={{-ca-}}=
==Substantivo==
# [[galeota#{{pt}}|galeota]], pequena galé
[[Categoria:Substantivo (Catalão)]]</text>
<sha1>0msxtxkjxwdvvu1lbmb3yxhbwsxtuok</sha1>
</revision>
</page>
