<page>
<page>
<title>gales</title>
<ns>0</ns>
<id>218711</id>
<revision>
<id>2353168</id>
<parentid>1954556</parentid>
<timestamp>2017-05-02T20:47:19Z</timestamp>
<contributor>
<username>HydrizBot</username>
<id>29590</id>
</contributor>
<minor />
<comment>Robô: A limpar links interwikis antigos</comment>
<model>wikitext</model>
<format>text/x-wiki</format>
<text bytes="412" xml:space="preserve">={{-pt-}}=
==Forma verbal==
'''gales'''
#[[segunda pessoa]] do [[singular]] do [[presente]] do [[modo subjuntivo]] do verbo '''[[galar]]'''
#[[segunda pessoa]] do [[singular]] do [[imperativo]] [[negativo]] do verbo '''[[galar]]'''
[[Categoria:Forma verbal (Português)]]
={{-en-}}=
==Forma de substantivo==
'''gales''', {{p}}
#plural de '''[[gale#{{en}}|gale]]'''
[[Categoria:Forma de substantivo (Inglês)]]</text>
<sha1>bijmj55p91amgth9ffty9ejb9g39ijs</sha1>
</revision>
