<page>
<title>galear</title>
<ns>0</ns>
<id>50324</id>
<revision>
<id>2575332</id>
<parentid>2525540</parentid>
<timestamp>2020-02-04T20:08:03Z</timestamp>
<contributor>
<username>ValJor</username>
<id>1358</id>
</contributor>
<comment>Verbete [[:Categoria:!Página com idioma não informado em Predefinição:etimologia|sem indicação do idioma na seção de etimologia]]</comment>
<model>wikitext</model>
<format>text/x-wiki</format>
<text bytes="1380" xml:space="preserve">={{-pt-}}=
==Verbo==
{{oxítona|ga|le|ar}}
# [[movimento]] em [[ziguezague]] feito pelo [[bandarilheiro]] ou pelo [[cavaleiro]] frente à [[rês]]
===Conjugação===
{{conj/pt|gal|ear}}
=={{etimologia|pt}}==
: {{escopo|Morfologia}} [[galão]] + [[-ear]].
==Ligações externas==
* {{Aulete}}
* {{Michaelis}}
* {{DicioAberto}}
* {{DPLP}}
* {{Infopédia}}
* {{PLP}}
* {{VOLPABL}}
==Anagramas==
&lt;!-- índice para anagramas: pt: aaeglr --&gt;
# [[alegar]]
# [[alegra]]
# [[galera]]
# [[gelara]]
# [[gelará]]
# [[legara]]
# [[legará]]
# [[regala]]
[[Categoria:Verbo (Português)]]
={{-gl-}}=
==Verbo==
{{oxítona|ga|le|ar|lang=gl}}, {{g|intr|lang=gl}}
# [[berrar]] com ameaças
# [[governar]], mandar, dirigir, quem está em posição inferior por falta de superior
# [[sobressair]] uma pessoa dentro de um grupo
# perder o [[respeito]], faltar ao respeito a quem deveria ser respeitado
# [[galar]], cobrir, copular o galo ou ave macho com fêmea
===Sinónimos===
* De '''5''' (copular o galo ou ave macho com fêmea): [[galar#{{gl}}|galar]], [[galejar#{{gl}}|galejar]], {{escopo2|Astúrias}} [[gansiar#{{gl}}|gansiar]]
=={{etimologia|gl}}==
: {{escopo|Morfologia}} De ''[[galo#{{gl}}|galo]]'' + ''[[-ear#{{gl}}|-ear]]''.
[[Categoria:Verbo (Galego)]]
={{-la-}}=
==Substantivo==
'''galear'''
# [[peruca]]
[[Categoria:Substantivo (Latim)]]
[[Categoria:Falso cognato (Latim)]]</text>
<sha1>bu4wmq9420z6v9lypemiiyqis3g5wla</sha1>
</revision>
</page>
