<page>
<page>
<title>Galfredo</title>
<ns>0</ns>
<id>287276</id>
<revision>
<id>1600107</id>
<parentid>1514501</parentid>
<timestamp>2013-01-19T14:50:57Z</timestamp>
<contributor>
<username>MalafayaBot</username>
<id>628</id>
</contributor>
<minor />
<comment>Robô: Substituição de texto automática (-|Vocábulo de  +|Entrada de , -|Vocábulo com  +|Entrada com , -[[Categoria:Vocábulo +[[Categoria:Entrada)</comment>
<model>wikitext</model>
<format>text/x-wiki</format>
<text bytes="946" xml:space="preserve">={{-pt-}}=
==Substantivo==
{{paroxítona|Gal|fre|do}} {{pr}} {{m}}
# [[prenome]] [[masculino]]
===Tradução===
{{tradini}}
* {{trad|ca|Jofré}}
* {{trad|fr|Geoffroy}}
* {{trad|fro|Geoffroi}}
* {{trad|la|Galfridus}}
{{tradmeio}}
* {{trad|en|Geoffrey|Jeffrey}}
* {{trad|oc|Jaufre|Jaufré}}
* {{trad|pro|Jaufre}}
{{tradfim}}
===Variante===
{{verTambém.Ini}}
* {{link opcional|Godofredo|pt}}
{{verTambém.NovaColuna}}
{{verTambém.Fim}}
=={{etimologia|pt}}==
:Do [[latim]] {{etimo|la|Galfridus}} por meio do [[francês antigo]] {{etimo|fro|Geoffroi}} que veio do [[germânico]] ''[[goþfriþu]]'', de ''[[goþ]]'' (Deus ou bom) + ''[[friþu]]'' (paz). Significa ''paz de Deus'' ou ''boa paz''.
===Termos derivados===
{{verTambém.Ini}}
* {{link opcional|Galfreda|pt}}
{{verTambém.NovaColuna}}
{{verTambém.Fim}}
[[Categoria:Substantivo (Português)]]
[[Categoria:Antropônimo (Português)]]
[[Categoria:Entrada de étimo latino (Português)]]</text>
<sha1>2qph4a1ngmmn8u52npwtnfpnptkdfp2</sha1>
</revision>
