<page>
<title>galfeira</title>
<ns>0</ns>
<id>397003</id>
<revision>
<id>2506915</id>
<timestamp>2018-06-17T12:14:00Z</timestamp>
<contributor>
<username>Cpls</username>
<id>20608</id>
</contributor>
<comment>[[Ajuda:Guia de edição/Menus e ferramentas/Sumário de edição|→]] nova página: ={{-pt-}}= ==Substantivo== {{flex.pt|fs=galfeira|fp=galfeiras}} {{paroxítona|gal|fei|ra}}, {{g|f}} # {{escop...</comment>
<model>wikitext</model>
<format>text/x-wiki</format>
<text bytes="320" xml:space="preserve">={{-pt-}}=
==Substantivo==
{{flex.pt|fs=galfeira|fp=galfeiras}}
{{paroxítona|gal|fei|ra}}, {{g|f}}
# {{escopo|pt|Trás-os-Montes}} língua de lume, [[chama]] forte, [[labareda]]
=={{etimologia|pt}}==
: Confronte-se com [[golfar]] e com o galego ''[[golfeira#{{gl}}|golfeira]]''.
[[Categoria:Substantivo (Português)]]</text>
<sha1>7bry86jmks10nbwkgcxb8n9x5qhkce2</sha1>
</revision>
</page>
