<page>
<page>
<title>galgar</title>
<ns>0</ns>
<id>66256</id>
<revision>
<id>2689679</id>
<parentid>2616959</parentid>
<timestamp>2022-10-19T22:39:33Z</timestamp>
<contributor>
<ip>2804:1B2:6080:CA7F:730A:3839:5F2C:ED55</ip>
</contributor>
<comment>/* Verbo */</comment>
<model>wikitext</model>
<format>text/x-wiki</format>
<text bytes="706" xml:space="preserve">={{-pt-}}=
==Verbo==
{{oxítona|gal|gar}}, {{g|trans}}
# [[saltar]] por [[cima]] de
# [[transpor]]
===Conjugação===
{{conj/pt|gal|gar}}
=={{pronúncia|pt}}==
===Portugal===
* AFI: {{AFI|/ɡaɫ.ˈɡaɾ/}}
[[Categoria:Verbo (Português)]]
={{-gl-}}=
==Verbo==
{{oxítona|gal|gar|lang=gl}}, {{g|trans|lang=gl}}
# [[igualar]] a superfície de uma tábua ou pedra
# pôr iguais os extremos de um objeto
# [[galgar#{{pt}}|galgar]], [[saltar]] por [[cima]] de
# caminhar a grandes [[passadas]]
# [[galgar#{{pt}}|galgar]], [[transpor]]
# [[frear]] o carro das vacas
# dispor uma segunda [[junta]] de tiro na parte traseira do carro para ajudar a frear na descida de uma encosta
[[Categoria:Verbo (Galego)]]</text>
<sha1>2gz8vnw489cwdwogggg0cdnaqjqstn1</sha1>
</revision>
