<page>
<title>galgo</title>
<ns>0</ns>
<id>277851</id>
<revision>
<id>2353174</id>
<parentid>2150789</parentid>
<timestamp>2017-05-02T20:47:41Z</timestamp>
<contributor>
<username>HydrizBot</username>
<id>29590</id>
</contributor>
<minor />
<comment>Robô: A limpar links interwikis antigos</comment>
<model>wikitext</model>
<format>text/x-wiki</format>
<text bytes="391" xml:space="preserve">={{-pt-}}=
==Substantivo==
{{flex.pt|ms=galgo|mp=galgos}}
{{paroxítona|gal|go}}
# [[cão]] [[esguio]] e muito [[veloz]]
===Tradução===
{{tradini}}
* {{t|de|Windhund|m}}
* {{trad|fr|lévrier}}
{{tradmeio}}
* {{trad|en|sighthound|gazehound|greyhound}}
{{tradfim}}
=={{etimologia|pt}}==
: Do latim ''gallîcus''.
[[Categoria:Substantivo (Português)]]
[[Categoria:Mamífero (Português)]]</text>
<sha1>3kieqp4tsjlfzb9jws00csvweo06p20</sha1>
</revision>
</page>
