<page>
<title>galga</title>
<ns>0</ns>
<id>16168</id>
<revision>
<id>2353171</id>
<parentid>2236905</parentid>
<timestamp>2017-05-02T20:47:33Z</timestamp>
<contributor>
<username>HydrizBot</username>
<id>29590</id>
</contributor>
<minor />
<comment>Robô: A limpar links interwikis antigos</comment>
<model>wikitext</model>
<format>text/x-wiki</format>
<text bytes="4015" xml:space="preserve">={{-pt-}}=
==Substantivo==
{{flex.pt|fs=galga|fp=galgas}}
{{paroxítona|gal|ga}}, {{g|f}}
# a [[fêmea]] do [[galgo]]
# {{escopo|pt|Popular}} [[boato]] [[falso]], [[peta]]
# {{escopo|pt|Gíria}} [[fome]]
# [[animal]] [[anfíbio]] da [[América]] cujo nome científico é ''[[species:Canis gallica|canis gallica]]''
# [[ancoreta]]
# [[mó]], de [[eixo]] [[horizontal]], nos [[lagar]]es de [[azeite]]
# {{escopo|pt|Trás-os-Montes}} [[pedra]] [[grande]] a [[rolar]] por uma [[ladeira]] [[abaixo]]
# {{escopo|pt|Trás-os-Montes}} [[haste]] de [[madeira]], segura por fora da extremidade do eixo dos carros alentejanos, para resguardo e para travar
# {{escopo|pt|Arquitetura}} diz-se do [[tijolo]] colocado de pé ou do espelho
# [[distância]] [[máximo|máxima]] entre as faces superiores de duas ripas para a colocação de [[telha]]s
===Sinônimo===
* De '''9''' (tijolo colocado de pé): [[cutelo]]
==Forma verbal==
{{paroxítona|gal|ga}}
# terceira pessoa do singular do presente do indicativo do verbo [[galgar]]
# segunda pessoa do singular do imperativo do verbo [[galgar]]
{{avi-for-fle|galgar}}
==Ligações externas==
* [http://www.dicionario-aberto.net/search/galga galga no Dicionário Aberto]
[[Categoria:Substantivo (Português)]]
[[Categoria:Forma verbal (Português)]]
={{-ast-}}=
==Adjetivo==
'''galga''', ''feminino''; '''galgo''', ''neutro''; '''galgu''', ''masculino''
:{{paroxítona|gal|ga|lang=ast}}
# que [[correr|corre]] muito
# que é {{o/a|alt}} e {{o/a|magr}}
==Substantivo==
{{flex.ast|fs=galga|fp=galgues}}
{{paroxítona|gal|ga|lang=ast}}, {{g|f|lang=ast}}
# cadela [[galga#{{pt}}|galga]]
# [[galga#{{pt}}|galga]], pedra rolante que cai desde o alto de um monte
# sistema de [[freio]] no carro de vacas; pau ou cunha que serve de freio
# [[freio]] de automóvel
# [[galga#{{pt}}|galga]], [[fome]]
# pessoa {{o/a|alt}} e {{o/a|magr}}
==={{-varort-}}===
* [[galguia#Asturiano|galguia]]
[[Categoria:Adjetivo (Asturiano)]]
[[Categoria:Substantivo (Asturiano)]]
={{-gl-}}=
==Adjetivo==
{{flex.gl|ms=galgo|mp=galgos|fs=galga|fp=galgas}}
{{paroxítona|gal|ga|lang=gl}}
# qualifica à [[rês]] {{o/a|inquiet}} que não para em um lugar
==Substantivo==
{{flex.gl|fs=galga|fp=galgas}}
{{paroxítona|gal|ga|lang=gl}}, {{g|f|lang=gl}}
# cadela [[galga#{{pt}}|galga]]
# [[galga#{{pt}}|galga]], pedra rolante que cai desde o alto de um monte, antiga arma de guerra
# pedra grande plana
# {{escopo|gl|Jogo}} no jogo dos [[boliche]], passar a bola sem tirar nenhum [[pino]]
# na roda do carro de vacas tradicional, cada um dos buracos em forma de [[meia-lua]] entre as [[camba]]s e o [[meão]]
# [[freio]] de carro no cubo da sua roda
# [[travão]], pau que serve para travar, freiar a roda do carro de vacas
# no [[soco]] ou sapato, [[rebaixe]], espaço entre o tacão e a sola
# curvatura da planta do pé, [[arco plantar]]
# [[chumaceira]] do carro de vacas, lugar onde gira o eixo entre as [[treitoura]]s
# [[pescoço]]
# {{escopo|gl|Meteorologia}} [[vento]] gélido
# [[galga#{{pt}}|galga]], [[boato]] falso, rumor
# [[galga#{{pt}}|galga]], [[fome]]
# [[galga#{{pt}}|galga]], [[mó]] cônica do lagar de azeite
# [[grapa]] na roda do carro de vacas que liga a camba com o meão
# [[compasso]] de ferraria ou carpintaria
# {{escopo|gl|Náutica}} [[galga#{{pt}}|galga]], pequena [[âncora]]
# {{escopo|gl|Náutica}} na [[âncora]] simples de quatro ganchos, segundo [[cabo]] ligado a um dos seus ganchos, para ajudar a desprendê-la do fundo do mar
# {{escopo|gl|Planta}} [[alga]] com forma de correia da espécie ''[[species:Chorda filum|Chorda filum]]''
===Expressões===
# '''às galgas''', a [[rolar]] monte abaixo
# '''[[correr galga#{{gl}}|correr galga]]''', fazer [[vento]] muito frio
# '''muros de galga''', [[muro]] simples de pedras empilhadas
[[Categoria:Adjetivo (Galego)]]
[[Categoria:Substantivo (Galego)]]
={{-oc-}}=
==Substantivo==
{{flex.oc|fs=galga|fp=galgas}}
{{paroxítona|gal|ga|lang=oc}}, {{g|f|lang=oc}}
# [[rolha]] de trapo
[[Categoria:Substantivo (Occitano)]]</text>
<sha1>5qeabezx5lr9uyjth3ig20bd85cbs7z</sha1>
</revision>
</page>
