<page>
<title>galgos</title>
<ns>0</ns>
<id>111128</id>
<revision>
<id>2353175</id>
<parentid>2255736</parentid>
<timestamp>2017-05-02T20:47:43Z</timestamp>
<contributor>
<username>HydrizBot</username>
<id>29590</id>
</contributor>
<minor />
<comment>Robô: A limpar links interwikis antigos</comment>
<model>wikitext</model>
<format>text/x-wiki</format>
<text bytes="130" xml:space="preserve">={{-pt-}}=
==Forma de substantivo==
{{paroxítona|gal|gos}}
# plural de [[galgo]]
[[Categoria:Forma de substantivo (Português)]]</text>
<sha1>5mjxei8ysfzavl1hw22jnhq3zkpntgw</sha1>
</revision>
</page>
