<page>
<title>o</title>
<ns>0</ns>
<id>1047</id>
<revision>
<id>2680036</id>
<parentid>2656187</parentid>
<timestamp>2022-06-13T02:54:45Z</timestamp>
<contributor>
<username>Wilhelm Seifer</username>
<id>85860</id>
</contributor>
<model>wikitext</model>
<format>text/x-wiki</format>
<text bytes="2020" xml:space="preserve">{{Wikipédia|lang=pt}}
{{ver também|O}}
{{caracteres info|hex=006F|nome=LATIN SMALL LETTER O|anterior=n|próximo=p}}
={{-pt-}}=
==Artigo==
{{flex.pt|ms=o|mp=os|fs=a|fp=as}}
'''o''', {{gramática|m|def}}
# partícula gramatical usada antes de substantivos ou palavras substantivadas; por geral indica uma coisa em particular
===Tradução===
{{tradini}}
* {{trad|de|der}}
* {{trad|ca|el}}
* {{trad|es|el}}
* {{trad|eo|la}}
* {{trad|fr|le}}
{{tradmeio}}
* {{trad|el|ο}}
* {{trad|en|the}}
* {{trad|it|il}}
* {{trad|mwl|l}}
* {{trad|tet|nia}}
{{tradfim}}
==Pronome==
'''o'''
# pronome pessoal da terceira pessoa do singular do caso oblíquo
# pronome demonstrativo masculino / neutro
==Substantivo==
'''o''', {{gramática|m}}
# {{escopo|pt|Medicina}} [[letra]] que [[representar|representa]] (por [[semelhança]] com [[zero]]) [[grupo]] [[sanguíneo]] que [[não]] [[possuir|possui]] [[aglutinógeno]]s nas [[hemácia]]s
# {{escopo|pt|Química}} [[símbolo]] do [[oxigênio]]
# {{escopo|pt|Geografia}} [[abreviação]] de [[oeste|Oeste]]
=={{etimologia|pt}}==
{{llietimo|la|illu|pt|ponto=não}}, passando pelo português arcaico ''elo'' e ''lo''.
=={{pronúncia|pt}}==
* [[AFI]]: {{AFI|/u/}}
* [[SAMPA]]: /O/ (substantivo), /u/ (outras acepções)
[[Categoria:Artigo (Português)]]
[[Categoria:Pronome (Português)]]
[[Categoria:Substantivo (Português)]]
={{-ja-}}=
==Transliteração==
'''o'''
# transliteração de [[お]]
# transliteração de [[を]], quando usado como partícula
[[Categoria:Transliteração (Japonês)]]
={{-tr-}}=
==Pronome==
'''o''', ''pessoal caso reto, singular, masculino e feminino''
# terceira pessoa do singular; [[ele]] ou [[ela]]
==Ver também==
===No Wikcionário===
{{decl.tr.pron.pessoal}}
[[Categoria:Pronome (Turco)]]
={{-vo-}}=
==Partícula==
'''o'''
# [[partícula]] usada no caso [[vocativo]], que precede o substantivo afetado
#* ''Glidis, '''o''' flen!'' &lt;small&gt;(Olá, amigo!)&lt;/small&gt;
[[Categoria:Partícula (Volapuque)]]
[[Categoria:Monossílabo (Volapuque)]]</text>
<sha1>cowg8q94099urqimfzfgjrvn6nu45l1</sha1>
</revision>
</page>
