<page>
<page>
<title>oabbá</title>
<ns>0</ns>
<id>231829</id>
<revision>
<id>2381904</id>
<parentid>2131273</parentid>
<timestamp>2017-05-05T18:48:21Z</timestamp>
<contributor>
<username>HydrizBot</username>
<id>29590</id>
</contributor>
<minor />
<comment>Robô: A limpar links interwikis antigos</comment>
<model>wikitext</model>
<format>text/x-wiki</format>
<text bytes="142" xml:space="preserve">={{-se-}}=
==Substantivo==
'''oabbá'''
# [[irmã]]
{{página-automática|Maio|2010|irmã|se}}
[[Categoria:Substantivo (Sami Setentrional)]]</text>
<sha1>508ur8nwpsavrajdiob27b6w18i41kk</sha1>
</revision>
