<page>
<page>
<title>oabl</title>
<ns>0</ns>
<id>229127</id>
<revision>
<id>2381905</id>
<parentid>2153845</parentid>
<timestamp>2017-05-05T18:48:24Z</timestamp>
<contributor>
<username>HydrizBot</username>
<id>29590</id>
</contributor>
<minor />
<comment>Robô: A limpar links interwikis antigos</comment>
<model>wikitext</model>
<format>text/x-wiki</format>
<text bytes="109" xml:space="preserve">{{Wikipédia|lang=br}}
={{-br-}}=
==Substantivo==
'''oabl'''
# [[céu]]
[[Categoria:Substantivo (Bretão)]]</text>
<sha1>mgjak6c30hrmomi7m4ck79a74a73744</sha1>
</revision>
