<page>
<page>
<title>OACI</title>
<ns>0</ns>
<id>9764</id>
<revision>
<id>2482094</id>
<parentid>2482017</parentid>
<timestamp>2018-02-01T17:35:16Z</timestamp>
<contributor>
<username>MIL973</username>
<id>41339</id>
</contributor>
<model>wikitext</model>
<format>text/x-wiki</format>
<text bytes="1155" xml:space="preserve">={{-pt-}}=
==Sigla==
'''OACI''', {{gramática|f}}
# {{escopo|pt|Aeronáutica|transporte}} [[organização|'''O'''rganização]] da [[aviação|'''A'''viação]] [[civil|'''C'''ivil]] [[internacional|'''I'''nternacional]]
===Tradução===
{{tradini}}
* {{trad|es|OACI}}
* {{trad|fr|OACI}}
{{tradmeio}}
* {{trad|en|ICAO}}
{{tradfim}}
==Ver também==
===No Wikcionário===
====Siglas====
* [[AITA]]
====Wikisaurus====
* [[Wikisaurus:transporte|transporte]]
===Na Wikipédia===
* [[w:Organização da Aviação Civil Internacional|Organização da Aviação Civil Internacional]]
==Ligações externas==
* [http://www.icao.org/ ''ICAO - International Civil Aviation Organization'']
[[Categoria:Sigla (Português)]]
={{-es-}}=
==Sigla==
'''OACI''', {{gramática|f|lang=es}}
# {{escopo|es|Aeronáutica|transporte}} [[OACI#{{pt}}|OACI]], [[organización#{{es}}|'''O'''rganización]] de [[aviación#{{es}}|'''A'''viación]] [[civil#{{es}}|'''C'''ivil]] [[internacional#{{es}}|'''I'''nternacional]] (Organização da Aviação Civil Internacional)
==Ver também==
===No Wikcionário===
====Siglas====
* [[AITA#{{es}}|AITA]]
[[Categoria:Sigla (Espanhol)]]</text>
<sha1>i44rml4ogi156ogu7wvrom2cn17wz39</sha1>
</revision>
