<page>
<page>
<title>oan</title>
<ns>0</ns>
<id>62275</id>
<revision>
<id>2381907</id>
<parentid>1474445</parentid>
<timestamp>2017-05-05T18:48:31Z</timestamp>
<contributor>
<username>HydrizBot</username>
<id>29590</id>
</contributor>
<minor />
<comment>Robô: A limpar links interwikis antigos</comment>
<model>wikitext</model>
<format>text/x-wiki</format>
<text bytes="142" xml:space="preserve">={{-tet-}}=
==Substantivo==
'''oan'''
# [[filho]]
# [[cria]]
# [[pequeno]]
[[Categoria:Substantivo (Tétum)]]
[[Categoria:Família (Tétum)]]</text>
<sha1>ssrvc9x0tdpmzf7lx5bhg57itsy22g1</sha1>
</revision>
