<page>
<title>oaristo</title>
<ns>0</ns>
<id>288879</id>
<revision>
<id>1402625</id>
<parentid>1400492</parentid>
<timestamp>2012-04-25T09:59:40Z</timestamp>
<contributor>
<username>ValJor</username>
<id>1358</id>
</contributor>
<comment>Retirando da [[Especial:Uncategorizedpages|página de verbetes sem categoria]]</comment>
<model>wikitext</model>
<format>text/x-wiki</format>
<text bytes="214" xml:space="preserve">={{-pt-}}=
==Substantivo==
{{flex.pt|ms=oaristo|mp=oaristos}}
{{paroxítona|o|a|ris|to}}
# [[colóquio]] [[terno]]; [[entretenimento]] [[íntimo]]
==Anagrama==
# [[aoristo]]
[[Categoria:Substantivo (Português)]]</text>
<sha1>t1sucujeilw9oujy7k2ftgm2je02fe7</sha1>
</revision>
</page>
