<page>
<page>
<title>ob</title>
<ns>0</ns>
<id>226088</id>
<revision>
<id>2381912</id>
<parentid>2251786</parentid>
<timestamp>2017-05-05T18:48:49Z</timestamp>
<contributor>
<username>HydrizBot</username>
<id>29590</id>
</contributor>
<minor />
<comment>Robô: A limpar links interwikis antigos</comment>
<model>wikitext</model>
<format>text/x-wiki</format>
<text bytes="387" xml:space="preserve">={{-vo-}}=
==Pronome==
'''ob'''
# [[eu]], [[pronome pessoal]] [[do]] {{l.s.|caso}} [[nominativo]] [[da]] [[primeiro|primeira]] [[pessoa]] do [[singular]];
===Declinação===
{{decl.vo.subst}}
=={{pronúncia}}==
* [[AFI]]: {{AFI|/ob/}}
* [[X-SAMPA]]: /ob/
[[Categoria:Pronome pessoal (Volapuque)]]
[[Categoria:Monossílabo (Volapuque)]]
[[Categoria:Entrada com pronúncia (Volapuque)]]</text>
<sha1>5io5s2g6u9nrfdpkg3182f13zsoeb59</sha1>
</revision>
