<page>
<title>Obadías</title>
<ns>0</ns>
<id>371965</id>
<revision>
<id>2275725</id>
<parentid>2220790</parentid>
<timestamp>2017-04-26T22:56:23Z</timestamp>
<contributor>
<username>HydrizBot</username>
<id>29590</id>
</contributor>
<minor />
<comment>Robô: A limpar links interwikis antigos</comment>
<model>wikitext</model>
<format>text/x-wiki</format>
<text bytes="183" xml:space="preserve">={{-es-}}=
==Substantivo==
{{paroxítona|O|ba|dí|as|lang=es}}
# {{escopo|es|Cristianismo|religião}} [[Obadias]]
==Ver também==
{{bíblia/es}}
[[Categoria:Substantivo (Espanhol)]]</text>
<sha1>pfws2dljspvtx7n014ygab9wieqy6on</sha1>
</revision>
</page>
