<page>
<page>
<title>Obadja</title>
<ns>0</ns>
<id>362028</id>
<revision>
<id>2461576</id>
<parentid>2438025</parentid>
<timestamp>2017-11-18T19:20:14Z</timestamp>
<contributor>
<username>Leonardo José Raimundo</username>
<id>43489</id>
</contributor>
<comment>Eu estou colocando a versão em estoniano do nome &quot;Obadja&quot; e a subseção &quot;No Wikcionário&quot;.</comment>
<model>wikitext</model>
<format>text/x-wiki</format>
<text bytes="2174" xml:space="preserve">={{-af-}}=
==Substantivo==
{{paroxítona|O|ba|dja|lang=af}}
# [[Obadias]]
==Ver também==
===No Wikcionário===
{{bíblia/af}}
[[Categoria:Substantivo (Africâner)]]
[[Categoria:Cristianismo (Africâner)]]
[[Categoria:Religião (Africâner)]]
={{-de-}}=
==Substantivo==
{{paroxítona|O|ba|dja|lang=de}}
# [[Obadias]]
===Declinação===
{{decl.de.subst.próprio.masc}}
==Ver também==
===No Wikcionário===
{{bíblia/de}}
[[Categoria:Substantivo (Alemão)]]
[[Categoria:Cristianismo (Alemão)]]
[[Categoria:Religião (Alemão)]]
={{-eo-}}=
==Substantivo==
{{paroxítona|O|ba|dja|lang=eo}}
# [[Obadias]]
===Declinação===
{{decl.eo.subst.sing}}
==Ver também==
===No Wikcionário===
{{bíblia/eo}}
[[Categoria:Substantivo (Esperanto)]]
[[Categoria:Cristianismo (Esperanto)]]
[[Categoria:Religião (Esperanto)]]
={{-et-}}=
==Substantivo==
{{paroxítona|O|ba|dja|lang=et}}
# [[Obadias]]
==Ver também==
===No Wikcionário===
{{bíblia/et}}
[[Categoria:Substantivo (Estoniano)]]
[[Categoria:Cristianismo (Estoniano)]]
[[Categoria:Religião (Estoniano)]]
={{-fi-}}=
==Substantivo==
{{proparoxítona|O|ba|dja|lang=fi}}
# [[Obadias]]
===Declinação===
{{decl.fi.subst.5|Obadja|a}}
==Ver também==
===No Wikcionário===
{{bíblia/fi}}
[[Categoria:Substantivo (Finlandês)]]
[[Categoria:Cristianismo (Finlandês)]]
[[Categoria:Religião (Finlandês)]]
={{-nl-}}=
==Substantivo==
{{paroxítona|O|ba|dja|lang=nl}}
# [[Obadias]]
==Ver também==
===No Wikcionário===
{{bíblia/nl}}
[[Categoria:Substantivo (Holandês)]]
[[Categoria:Cristianismo (Holandês)]]
[[Categoria:Religião (Holandês)]]
={{-lv-}}=
==Substantivo==
{{paroxítona|O|ba|dja|lang=lv}}
# [[Obadias]]
===Declinação===
{{decl.lv.subst.4d|Obadj}}
==Ver também==
===No Wikcionário===
{{bíblia/lv}}
[[Categoria:Substantivo (Letão)]]
[[Categoria:Cristianismo (Letão)]]
[[Categoria:Religião (Letão)]]
={{-sv-}}=
==Substantivo==
{{paroxítona|O|ba|dja|lang=sv}}
# [[Obadias]]
===Declinação===
{{decl.sv.subst.próprio|d=masculino}}
==Ver também==
===No Wikcionário===
{{bíblia/sv}}
[[Categoria:Substantivo (Sueco)]]
[[Categoria:Cristianismo (Sueco)]]
[[Categoria:Religião (Sueco)]]</text>
<sha1>h02k4n7x1qslaotmjt1md3v5oo0funa</sha1>
</revision>
