<page>
<page>
<title>Obadeia</title>
<ns>0</ns>
<id>424439</id>
<revision>
<id>2590570</id>
<timestamp>2020-06-17T03:04:04Z</timestamp>
<contributor>
<username>Leonardo José Raimundo</username>
<id>43489</id>
</contributor>
<comment>Eu estou criando o nome &quot;Obadeia&quot;.</comment>
<model>wikitext</model>
<format>text/x-wiki</format>
<text bytes="202" xml:space="preserve">={{-cy-}}=
==Substantivo==
{{paroxítona|O|ba|dei|a|lang=cy}}
# {{escopo|cy|Cristianismo|religião}} [[Obadias]]
==Ver também==
===No Wikcionário===
{{bíblia/cy}}
[[Categoria:Substantivo (Galês)]]</text>
<sha1>nhp07528f90lxf56718olzgchtcpc1y</sha1>
</revision>
