<page>
<title>Obadia</title>
<ns>0</ns>
<id>376908</id>
<revision>
<id>2652557</id>
<parentid>2595887</parentid>
<timestamp>2021-11-16T22:45:44Z</timestamp>
<contributor>
<username>ValJor</username>
<id>1358</id>
</contributor>
<comment>Retirando ligação para a predefinição inv para poder eliminá-la em seguida</comment>
<model>wikitext</model>
<format>text/x-wiki</format>
<text bytes="1683" xml:space="preserve">={{-kl-}}=
==Substantivo==
{{paroxítona|O|ba|di|a|lang=kl}}
# {{escopo|kl|Cristianismo|religião}} [[Obadias]]
==Ver também==
===No Wikcionário===
{{bíblia/kl}}
[[Categoria:Substantivo (Groenlandês)]]
={{-it-}}=
==Substantivo==
{{flex.it|ms=Obadia|mp=Obadie}}
{{paroxítona|O|ba|di|a|lang=it}}
# {{escopo|it|Cristianismo|religião}} [[Obadias]]
==Ver também==
===No Wikcionário===
{{bíblia/it}}
[[Categoria:Substantivo (Italiano)]]
={{-li-}}=
==Substantivo==
{{paroxítona|O|ba|di|a|lang=li}}
# {{escopo|li|Cristianismo|religião}} [[Obadias]]
===Declinação===
{{decl.li.subst|Obadia|Obadia|Obadiaes|Obadia|Obadia|Obadiaer|Obadiaer|Obadiaese|Obadiaer|Obadiaer|Obadiaske|Obadiaskes|Obadiaeske|Obadiaske|Obadiaske|Obadiaskes|Obadiaskes|Obadiaeskes|Obadiaskes|Obadiaskes}}
==Ver também==
===No Wikcionário===
{{bíblia/li}}
[[Categoria:Substantivo (Limburguês)]]
={{-ro-}}=
==Substantivo==
{{paroxítona|O|ba|di|a|lang=ro}}
# {{escopo|ro|Cristianismo|religião}} [[Obadias]]
===Declinação===
{{decl.ro.subst
|nais=Obadia
|naip=''invariável''
|nads=Obadia
|nadp=''invariável''
|dgis=lui Obadia
|dgip=''invariável''
|dgds=-
|dgdp=''invariável''
}}
==Ver também==
===No Wikcionário===
{{bíblia/ro}}
[[Categoria:Substantivo (Romeno)]]
={{-sw-}}=
==Substantivo==
{{paroxítona|O|ba|di|a|lang=sw}}
# {{escopo|sw|Cristianismo|religião}} [[Obadias]]
==Ver também==
===No Wikcionário===
{{bíblia/sw}}
[[Categoria:Substantivo (Suaíli)]]
={{-war-}}=
==Substantivo==
{{paroxítona|O|ba|di|a|lang=war}}
# {{escopo|war|Cristianismo|religião}} [[Obadias]]
==Ver também==
===No Wikcionário===
{{bíblia/war}}
[[Categoria:Substantivo (Waray-Waray)]]</text>
<sha1>dcberln29lakkxu9hnjqaxlxkrmbv7n</sha1>
</revision>
</page>
