<page>
<title>Obadiah</title>
<ns>0</ns>
<id>371327</id>
<revision>
<id>2627037</id>
<parentid>2590172</parentid>
<timestamp>2021-03-18T19:42:10Z</timestamp>
<contributor>
<username>Leonardo José Raimundo</username>
<id>43489</id>
</contributor>
<comment>Eu estou colocando a versão em lavukaleve do nome &quot;Obadiah&quot;.</comment>
<model>wikitext</model>
<format>text/x-wiki</format>
<text bytes="1046" xml:space="preserve">={{-sco-}}=
==Substantivo==
{{paroxítona|O|ba|di|ah|lang=sco}}
# {{escopo|sco|Cristianismo|religião}} [[Obadias]]
==Ver também==
===No Wikcionário===
{{bíblia/sco}}
[[Categoria:Substantivo (Escocês)]]
={{-gd-}}=
==Substantivo==
{{paroxítona|O|ba|di|ah|lang=gd}}
# {{escopo|gd|Cristianismo|religião}} [[Obadias]]
==Ver também==
===No Wikcionário===
{{bíblia/gd}}
[[Categoria:Substantivo (Gaélico Escocês)]]
={{-en-}}=
==Substantivo==
{{paroxítona|O|ba|di|ah|lang=en}}
# {{escopo|en|Cristianismo|religião}} [[Obadias]]
==Ver também==
===No Wikcionário===
{{bíblia/en}}
[[Categoria:Substantivo (Inglês)]]
={{-lvk-}}=
==Substantivo==
{{paroxítona|O|ba|di|ah|lang=lvk}}
# {{escopo|lvk|Cristianismo|religião}} [[Obadias]]
==Ver também==
===No Wikcionário===
{{bíblia/lvk}}
[[Categoria:Substantivo (Lavukaleve)]]
={{-gv-}}=
==Substantivo==
{{paroxítona|O|ba|di|ah|lang=gv}}
# {{escopo|gv|Cristianismo|religião}} [[Obadias]]
==Ver também==
===No Wikcionário===
{{bíblia/gv}}
[[Categoria:Substantivo (Manquês)]]</text>
<sha1>rnj5uj4lj2xo54gqpe6vtehtyl7q622</sha1>
</revision>
</page>
