<page>
<title>Obaluaiê</title>
<ns>0</ns>
<id>189201</id>
<revision>
<id>2656126</id>
<parentid>1204359</parentid>
<timestamp>2021-12-27T09:55:08Z</timestamp>
<contributor>
<username>ValJor</username>
<id>1358</id>
</contributor>
<comment>Acrescentando código de língua à [[:Categoria:!Página com mensagem de erro em predefinição|predefinição escopo]]</comment>
<model>wikitext</model>
<format>text/x-wiki</format>
<text bytes="220" xml:space="preserve">={{-pt-}}=
==Substantivo==
{{oxítona|O|ba|lu|ai|ê}}, {{gramática|m}}, {{+info|uso=Brasil}}
# {{escopo|pt|Religião}} o mesmo que [[Abaluaiê]]
[[Categoria:Substantivo (Português)]]
[[Categoria:Umbanda (Português)]]</text>
<sha1>4mzpkcijkdt0x4db5bs4w5mjqti321o</sha1>
</revision>
</page>
