<page>
<title>Obaluaê</title>
<ns>0</ns>
<id>189202</id>
<revision>
<id>2656121</id>
<parentid>1204360</parentid>
<timestamp>2021-12-27T09:50:50Z</timestamp>
<contributor>
<username>ValJor</username>
<id>1358</id>
</contributor>
<comment>Acrescentando código de língua à [[:Categoria:!Página com mensagem de erro em predefinição|predefinição escopo]]</comment>
<model>wikitext</model>
<format>text/x-wiki</format>
<text bytes="184" xml:space="preserve">={{-pt-}}=
==Substantivo==
{{oxítona|O|ba|lu|a|ê}}, {{gramática|m}}, {{+info|uso=Brasil}}
# {{escopo|pt|Religião}} o mesmo que [[Abaluaiê]]
[[Categoria:Substantivo (Português)]]</text>
<sha1>c5gfkd6mu97xn5sl1a8xcvl1p0w546h</sha1>
</revision>
</page>
