<page>
<title>Obatalá</title>
<ns>0</ns>
<id>47950</id>
<revision>
<id>2656117</id>
<parentid>1194379</parentid>
<timestamp>2021-12-27T09:37:45Z</timestamp>
<contributor>
<username>ValJor</username>
<id>1358</id>
</contributor>
<comment>Acrescentando código de língua à [[:Categoria:!Página com mensagem de erro em predefinição|predefinição escopo]]</comment>
<model>wikitext</model>
<format>text/x-wiki</format>
<text bytes="628" xml:space="preserve">={{-pt-}}=
==Substantivo==
{{oxítona|O|ba|ta|lá}}, {{gramática|m}}
# {{escopo|pt|Brasil}} no [[candomblé]], o maior dos [[orixá]]s, cuja cor é [[branca]], sincretizado com o Senhor do Bonfim
# {{escopo|pt|Brasil}} na tradição [[iorubá]], é uma entidade  situada acima dos [[orixá]]s  e dos [[irumalê]]s, criado por [[Olofim]] junto com  [[Odudua]] e [[Ifá]], os três tem por função a criação e a manutenção da humanidade
===Sinônimos===
{{verTambém.Ini}}
* [[Orixalá]]
{{verTambém.NovaColuna}}
* [[Oxalá]]
{{verTambém.Fim}}
[[Categoria:Substantivo (Português)]]
[[Categoria:Candomblé (Português)]]</text>
<sha1>ksyc0qi6csptcfacu5fgryl3p1z5d6u</sha1>
</revision>
</page>
