<page>
<title>obcecar</title>
<ns>0</ns>
<id>69099</id>
<revision>
<id>2619085</id>
<parentid>2381916</parentid>
<timestamp>2021-02-01T17:44:16Z</timestamp>
<contributor>
<username>MarxavBot</username>
<id>80155</id>
</contributor>
<minor />
<comment>AFI Portugal</comment>
<model>wikitext</model>
<format>text/x-wiki</format>
<text bytes="594" xml:space="preserve">={{-pt-}}=
==Verbo==
{{oxítona|ob|ce|car}}, ''v. t.''
# [[cegar]]
# [[ofuscar]]
# [[obscurecer]]
===Conjugação===
{{conj/pt|obce|car}}
===Tradução===
{{tradini}}
* {{trad|ca|obcecar}}
{{tradmeio}}
* {{trad|es|obcecar}}
{{tradfim}}
=={{etimologia|pt}}==
: Do latim ''obcaecare''.
=={{pronúncia|pt}}==
===Portugal===
* AFI: {{AFI|/ɔb.sɨ.ˈkaɾ/}}
[[Categoria:Verbo (Português)]]
={{-ca-}}=
==Verbo==
'''obcecar'''
# [[obcecar#Português|obcecar]]
[[Categoria:Verbo (Catalão)]]
={{-es-}}=
==Verbo==
'''obcecar'''
# [[obcecar#Português|obcecar]]
[[Categoria:Verbo (Espanhol)]]</text>
<sha1>tlxh9yxixxttuh45hrz1dmx8ze8cq3a</sha1>
</revision>
</page>
