<page>
<page>
<title>obcecação</title>
<ns>0</ns>
<id>342401</id>
<revision>
<id>2381917</id>
<parentid>2205334</parentid>
<timestamp>2017-05-05T18:49:02Z</timestamp>
<contributor>
<username>HydrizBot</username>
<id>29590</id>
</contributor>
<minor />
<comment>Robô: A limpar links interwikis antigos</comment>
<model>wikitext</model>
<format>text/x-wiki</format>
<text bytes="508" xml:space="preserve">={{-pt-}}=
==Substantivo==
{{flex.pt|fs=obcecação|fp=obcecações}}
{{oxítona|ob|ce|ca|ção}}, {{gramática|f}}
# [[ato]] ou [[efeito]] de [[obcecar]](-se)
# [[persistência]] em uma determinada [[ideia]]
# pertinácia em demasia
# {{escopo|pt|Medicina}} cegueira parcial
=={{etimologia|pt}}==
{{llietimo|la|obcæcatio|pt}}
=={{pronúncia|pt}}==
===Brasil===
* [[AFI]]: {{AFI|/obsekaˈsãw/|lang=pt}}
===Portugal===
* [[AFI]]: {{AFI|/ɔbsəkɐˈsɐ̃w/|lang=pt}}
[[Categoria:Substantivo (Português)]]</text>
<sha1>s6alj2vl82bukuzazsk16hbzafuslzv</sha1>
</revision>
