<page>
<page>
<title>obcecámos</title>
<ns>0</ns>
<id>311706</id>
<revision>
<id>2538864</id>
<parentid>2381918</parentid>
<timestamp>2019-03-12T18:37:04Z</timestamp>
<contributor>
<username>ValJor</username>
<id>1358</id>
</contributor>
<comment>Acrescentando a predefinição avi-for-fle</comment>
<model>wikitext</model>
<format>text/x-wiki</format>
<text bytes="263" xml:space="preserve">={{-pt-}}=
==Forma verbal==
{{paroxítona|ob|ce|cá|mos}}
# {{escopo2|grafia lusitana}} primeira pessoa do plural do pretérito perfeito do indicativo do verbo [[obcecar]]
{{avi-for-fle|obcecar}}
[[Categoria:Forma verbal (Português)]]
[[Categoria:Lusitanismo]]</text>
<sha1>6sugm2ch750la834jhjul6v7jgfzq5c</sha1>
</revision>
