<page>
<title>obcónico</title>
<ns>0</ns>
<id>323253</id>
<revision>
<id>2038101</id>
<parentid>1817065</parentid>
<timestamp>2015-11-17T17:27:30Z</timestamp>
<contributor>
<username>ValJor</username>
<id>1358</id>
</contributor>
<comment>Melhorando a apresentação do verbete usando a [[:predefinição:cria-entrada]]</comment>
<model>wikitext</model>
<format>text/x-wiki</format>
<text bytes="246" xml:space="preserve">{{grafiaPtpt|obcônico}}
={{-pt-}}=
==Adjetivo==
{{flex.pt|ms=obcónico|mp=obcónicos|fs=obcónica|fp=obcónicas}}
{{proparoxítona|ob|cô|ni|co}}  
# que tem a [[forma]] de um [[cone]] [[inverter|invertido]]
[[Categoria:Adjetivo (Português)]]</text>
<sha1>egbafzrwe5dgorvn3xvj028itsem0o5</sha1>
</revision>
</page>
