<page>
<title>obdurar</title>
<ns>0</ns>
<id>316884</id>
<revision>
<id>2656113</id>
<parentid>1707087</parentid>
<timestamp>2021-12-27T08:43:49Z</timestamp>
<contributor>
<username>ValJor</username>
<id>1358</id>
</contributor>
<comment>Acrescentando código de língua à [[:Categoria:!Página com mensagem de erro em predefinição|predefinição escopo]]</comment>
<model>wikitext</model>
<format>text/x-wiki</format>
<text bytes="441" xml:space="preserve">={{-pt-}}=
==Verbo==
{{oxítona|ob|du|rar}}, {{gramática|vt}}
# [[tornar]] [[duro]]
# [[empedernir]]
# {{escopo|pt|Figurado}} tornar [[obstinado]], [[pertinaz]]
# {{escopo|pt|Figurado}} [[obcecar]]
===Conjugação===
{{conj/pt|obdur|ar}}
=={{etimologia|pt}}==
: Do infinitivo latino ''obdurare''.
==Ligações externas==
* {{Aulete}}
* {{DicioAberto}}
* {{DPLP}}
* {{Infopédia}}
* {{PLP}}
* {{VOLPABL}}
[[Categoria:Verbo (Português)]]</text>
<sha1>qi03v7rtfbspkcm4toullyoxifahpzw</sha1>
</revision>
</page>
