<page>
<title>obdurámos</title>
<ns>0</ns>
<id>311707</id>
<revision>
<id>2538860</id>
<parentid>1656960</parentid>
<timestamp>2019-03-12T18:26:11Z</timestamp>
<contributor>
<username>ValJor</username>
<id>1358</id>
</contributor>
<comment>Acrescentando a predefinição avi-for-fle</comment>
<model>wikitext</model>
<format>text/x-wiki</format>
<text bytes="263" xml:space="preserve">={{-pt-}}=
==Forma verbal==
{{paroxítona|ob|du|rá|mos}}
# {{escopo2|grafia lusitana}} primeira pessoa do plural do pretérito perfeito do indicativo do verbo [[obdurar]]
{{avi-for-fle|obdurar}}
[[Categoria:Forma verbal (Português)]]
[[Categoria:Lusitanismo]]</text>
<sha1>gb1d93f35429ta8nmi6qil3izyobsyn</sha1>
</revision>
</page>
