<page>
<page>
<title>obedeces</title>
<ns>0</ns>
<id>117062</id>
<revision>
<id>2381923</id>
<parentid>1984986</parentid>
<timestamp>2017-05-05T18:49:21Z</timestamp>
<contributor>
<username>HydrizBot</username>
<id>29590</id>
</contributor>
<minor />
<comment>Robô: A limpar links interwikis antigos</comment>
<model>wikitext</model>
<format>text/x-wiki</format>
<text bytes="173" xml:space="preserve">={{-pt-}}=
==Forma verbal==
{{paroxítona|o|be|de|ces}}
# segunda pessoa do singular do presente do indicativo do verbo [[obedecer]]
[[Categoria:Forma verbal (Português)]]</text>
<sha1>kbjm5d24jwtj2tsjvwiqnlra13nwjv8</sha1>
</revision>
