<page>
<page>
<title>obedecesse</title>
<ns>0</ns>
<id>114984</id>
<revision>
<id>2381924</id>
<parentid>1161357</parentid>
<timestamp>2017-05-05T18:49:23Z</timestamp>
<contributor>
<username>HydrizBot</username>
<id>29590</id>
</contributor>
<minor />
<comment>Robô: A limpar links interwikis antigos</comment>
<model>wikitext</model>
<format>text/x-wiki</format>
<text bytes="284" xml:space="preserve">={{-pt-}}=
==Forma verbal==
{{paroxítona|o|be|de|ces|se}}
# primeira pessoa do singular do pretérito do imperfeito do conjuntivo do verbo [[obedecer]]
# terceira pessoa do singular do pretérito imperfeito do conjuntivo do verbo [[obedecer]]
[[Categoria:Forma verbal (Português)]]</text>
<sha1>3ht4e8thncpki6ljd8830nto50l7380</sha1>
</revision>
