<page>
<title>obedecia</title>
<ns>0</ns>
<id>88827</id>
<revision>
<id>2381926</id>
<parentid>1161359</parentid>
<timestamp>2017-05-05T18:49:28Z</timestamp>
<contributor>
<username>HydrizBot</username>
<id>29590</id>
</contributor>
<minor />
<comment>Robô: A limpar links interwikis antigos</comment>
<model>wikitext</model>
<format>text/x-wiki</format>
<text bytes="279" xml:space="preserve">={{-pt-}}=
==Forma verbal==
{{paroxítona|o|be|de|ci|a}}
# primeira pessoa do singular do pretérito imperfeito do indicativo do verbo [[obedecer]]
# terceira pessoa do singular do pretérito imperfeito do indicativo do verbo [[obedecer]]
[[Categoria:Forma verbal (Português)]]</text>
<sha1>m3fyrg85gj6i1uh3kkws6s07iob8a1i</sha1>
</revision>
</page>
