<page>
<title>obediencial</title>
<ns>0</ns>
<id>312045</id>
<revision>
<id>1672040</id>
<parentid>1657965</parentid>
<timestamp>2013-03-23T11:03:10Z</timestamp>
<contributor>
<username>ValJor</username>
<id>1358</id>
</contributor>
<comment>Melhorando a apresentação do verbete</comment>
<model>wikitext</model>
<format>text/x-wiki</format>
<text bytes="628" xml:space="preserve">={{-pt-}}=
==Adjetivo==
{{flex.pt|s=obediencial|p=obedienciais}}
{{oxítona|o|be|di|en|ci|al}}
# próprio ou capaz de [[obediência]]
# que diz respeito à [[obediência]]
# que tem disposição ou inclinação à [[obediência]]
===Tradução===
{{tradini}}
* {{trad|es|obediencial}}
* {{trad|fr|obédientiel}}
{{tradmeio}}
* {{trad|en|obediential}}
{{tradfim}}
=={{etimologia|pt}}==
: Do latim ''obediential''.
==Ver também==
===No Wikcionário===
* [[obediência]]
[[Categoria:Adjetivo (Português)]]
={{-es-}}=
==Adjetivo==
'''obediencial'''
# [[obediencial#Português|obediencial]]
[[Categoria:Adjetivo (Espanhol)]]</text>
<sha1>4nckeaiem5kzb2fgdb0qvg9pcigpprc</sha1>
</revision>
</page>
