<page>
<page>
<title>obedecer</title>
<ns>0</ns>
<id>41545</id>
<revision>
<id>2619301</id>
<parentid>2381921</parentid>
<timestamp>2021-02-01T18:20:33Z</timestamp>
<contributor>
<username>MarxavBot</username>
<id>80155</id>
</contributor>
<minor />
<comment>AFI Portugal</comment>
<model>wikitext</model>
<format>text/x-wiki</format>
<text bytes="1252" xml:space="preserve">={{-pt-}}=
==Verbo==
{{oxítona|o|be|de|cer}}, {{g|vt}}
# [[seguir]] os [[comando]]s, [[desejo]]s e [[restrição|restrições]] de [[alguém]]
#* ''esta é uma boa criança, ela obedece aos pais''
# (diz-se de coisas) [[responder]] corretamente a uma [[ação]] ou [[força]]
#* ''o carro obedeceu silenciosamente aos comandos do motorista''
#* ''a interação entre os corpos obedece leis físicas estritas''
===Tradução===
{{tradini}}
* {{trad|de|gehorchen}}
* {{trad|cs|poslouchat}}
* {{trad|hr|poslušati}}
* {{trad|da|adlyde}}
* {{trad|sk|poslúchnuť}}
* {{trad|es|obedecer}}
* {{trad|fi|totella}}
* {{trad|fr|obéir}}
* {{trad|nl|gehoorzamen}}
{{tradmeio}}
* {{trad|hu|engedelmeskedik}}
* {{trad|en|obey}}
* {{trad|ia|obedir}}
* {{trad|it|obbedire}}
* {{trad|la|pareo}}
* {{trad|pl|słuchać}}
* {{trad|ru|слушаться}}
* {{trad|sv|lyda}}
* {{trad|tet|halo tuir}}
{{tradfim}}
===Conjugação===
{{conj/pt|obede|cer}}
=={{etimologia|pt}}==
: Do infinitivo latino {{etimo|la|oboedescĕre}}, derivado de {{etimo|la|oboedīre}}.
=={{pronúncia|pt}}==
===Portugal===
* AFI: {{AFI|/ɔ.bɨ.dɨ.ˈseɾ/}}
[[Categoria:Verbo (Português)]]
={{-es-}}=
==Verbo==
'''obedecer'''
# [[obedecer#Português|obedecer]]
[[Categoria:Verbo (Espanhol)]]</text>
<sha1>9ev429s96svngorpsd64nwpjozl8o94</sha1>
</revision>
