<page>
<title>obediente</title>
<ns>0</ns>
<id>73045</id>
<revision>
<id>2620594</id>
<parentid>2381929</parentid>
<timestamp>2021-02-01T22:02:10Z</timestamp>
<contributor>
<username>MarxavBot</username>
<id>80155</id>
</contributor>
<minor />
<comment>AFI Portugal</comment>
<model>wikitext</model>
<format>text/x-wiki</format>
<text bytes="784" xml:space="preserve">={{-pt-}}=
==Adjetivo==
{{flex.pt|s=obediente|p=obedientes}}
{{paroxítona|o|be|di|en|te}}
# que [[obedecer|obedece]]
# [[dócil]]
# [[submisso]]
# [[humilde]]
===Tradução===
{{tradini}}
* {{trad|de|lammfromm}}
* {{trad|es|obediente}}
{{tradmeio}}
* {{trad|fr|obéissant}}
* {{trad|en|obedient}}
{{tradfim}}
=={{etimologia|pt}}==
: Do latim ''obediens''.
=={{pronúncia|pt}}==
===Portugal===
* AFI: {{AFI|/ɔ.bɨ.ˈdjẽ.tɨ/}}
==Ver também==
===No Wikcionário===
{{verTambém.Ini}}
* [[acatar]]
* [[acatador]]
{{verTambém.NovaColuna}}
* [[adotar]]
* [[cumpridor]]
{{verTambém.NovaColuna}}
* [[qualidade]]
{{verTambém.Fim}}
[[Categoria:Adjetivo (Português)]]
={{-es-}}=
==Adjetivo==
'''obediente'''
# [[obediente#Português|obediente]]
[[Categoria:Adjetivo (Espanhol)]]</text>
<sha1>73mejmurajy5yb61fpkumoryzqfwomm</sha1>
</revision>
</page>
