<page>
<title>obediências</title>
<ns>0</ns>
<id>329063</id>
<revision>
<id>2381933</id>
<parentid>1845297</parentid>
<timestamp>2017-05-05T18:49:46Z</timestamp>
<contributor>
<username>HydrizBot</username>
<id>29590</id>
</contributor>
<minor />
<comment>Robô: A limpar links interwikis antigos</comment>
<model>wikitext</model>
<format>text/x-wiki</format>
<text bytes="198" xml:space="preserve">={{-pt-}}=
==Forma de substantivo==
{{proparoxítona aparente|o|be|di|ên|ci|as}}, {{f}}
# [[plural]] de [[obediência]]
{{avi-for-fle|obediência}}
[[Categoria:Forma de substantivo (Português)]]</text>
<sha1>g8m4ru4zols7js6c6kpqe6cdh5s33dp</sha1>
</revision>
</page>
