<page>
<page>
<title>obed</title>
<ns>0</ns>
<id>318811</id>
<revision>
<id>2381919</id>
<parentid>2237150</parentid>
<timestamp>2017-05-05T18:49:08Z</timestamp>
<contributor>
<username>HydrizBot</username>
<id>29590</id>
</contributor>
<minor />
<comment>Robô: A limpar links interwikis antigos</comment>
<model>wikitext</model>
<format>text/x-wiki</format>
<text bytes="139" xml:space="preserve">={{-sl-}}=
==Substantivo==
'''obed'''
# [[almoço]]
{{página-automática|setembro|2013|almoço|sl}}
[[Categoria:Substantivo (Esloveno)]]</text>
<sha1>9oxvanza73u88emwu9mrnogyyskvb98</sha1>
</revision>
