<page>
<title>obedece</title>
<ns>0</ns>
<id>73047</id>
<revision>
<id>2381920</id>
<parentid>1782322</parentid>
<timestamp>2017-05-05T18:49:11Z</timestamp>
<contributor>
<username>HydrizBot</username>
<id>29590</id>
</contributor>
<minor />
<comment>Robô: A limpar links interwikis antigos</comment>
<model>wikitext</model>
<format>text/x-wiki</format>
<text bytes="226" xml:space="preserve">={{-pt-}}=
==Forma verbal==
{{paroxítona|o|be|de|ce}}
# terceira pessoa do singular do presente do indicativo de [[obedecer]]
# segunda pessoa do singular do imperativo de [[obedecer]]
[[Categoria:Forma verbal (Português)]]</text>
<sha1>srmypi2kq8llpo6bngf417xn0ti6ot7</sha1>
</revision>
</page>
