<page>
<title>obedeceram</title>
<ns>0</ns>
<id>72094</id>
<revision>
<id>2381922</id>
<parentid>1161355</parentid>
<timestamp>2017-05-05T18:49:19Z</timestamp>
<contributor>
<username>HydrizBot</username>
<id>29590</id>
</contributor>
<minor />
<comment>Robô: A limpar links interwikis antigos</comment>
<model>wikitext</model>
<format>text/x-wiki</format>
<text bytes="282" xml:space="preserve">={{-pt-}}=
==Forma verbal==
{{paroxítona|o|be|de|ce|ram}}
# terceira pessoa do plural do pretérito perfeito do indicativo do verbo [[obedecer]]
# terceira pessoa do plural do pretérito mais-que-perfeito do indicativo do verbo [[obedecer]]
[[Categoria:Forma verbal (Português)]]</text>
<sha1>jm3xs2a9b8qu9noitadjkvnw37ivw13</sha1>
</revision>
</page>
