<page>
<page>
<title>obediencia</title>
<ns>0</ns>
<id>114486</id>
<revision>
<id>2381928</id>
<parentid>1782318</parentid>
<timestamp>2017-05-05T18:49:34Z</timestamp>
<contributor>
<username>HydrizBot</username>
<id>29590</id>
</contributor>
<minor />
<comment>Robô: A limpar links interwikis antigos</comment>
<model>wikitext</model>
<format>text/x-wiki</format>
<text bytes="120" xml:space="preserve">={{-es-}}=
==Substantivo==
'''obediencia''' &amp;ensp;''feminino''
:# [[obediência]]
[[Categoria:Substantivo (Espanhol)]]</text>
<sha1>lhklsch6crnbtm1yig6w0m1lnhd4yp2</sha1>
</revision>
