<page>
<title>obedecido</title>
<ns>0</ns>
<id>100449</id>
<revision>
<id>2381927</id>
<parentid>1782319</parentid>
<timestamp>2017-05-05T18:49:30Z</timestamp>
<contributor>
<username>HydrizBot</username>
<id>29590</id>
</contributor>
<minor />
<comment>Robô: A limpar links interwikis antigos</comment>
<model>wikitext</model>
<format>text/x-wiki</format>
<text bytes="154" xml:space="preserve">={{-pt-}}=
==Forma de adjetivo==
{{paroxítona|o|be|de|ci|do}}
# que se [[obedecer|obedeceu]]
# [[atendido]]
[[Categoria:Forma de adjetivo (Português)]]</text>
<sha1>a4dxj3cjn8eajupi7neq1new3mcu2r9</sha1>
</revision>
</page>
