<page>
<title>obediência</title>
<ns>0</ns>
<id>91700</id>
<revision>
<id>2381932</id>
<parentid>1844816</parentid>
<timestamp>2017-05-05T18:49:45Z</timestamp>
<contributor>
<username>HydrizBot</username>
<id>29590</id>
</contributor>
<minor />
<comment>Robô: A limpar links interwikis antigos</comment>
<model>wikitext</model>
<format>text/x-wiki</format>
<text bytes="1624" xml:space="preserve">={{-pt-}}=
==Substantivo==
{{flex.pt|fs=obediência|fp=obediências}}
{{proparoxítona aparente|o|be|di|ên|ci|a}}, {{f}}
# o ato ou efeito de ser [[obediente]], de [[obedecer]]
#* ''Em dias ordinários a rotina faz com que a gente se acostume ao que o corpo só responderia por '''obediência''' a obrigação.'' {{OESP|2008|maio|22}}
===Antônimo===
* [[desobediência]]
===Tradução===
{{tradini}}
* {{trad|ar|طاعة|انقياد}}
* {{trad|arn|maitu}}
* {{trad|eu|obedientzia|esanekotasun}}
* {{trad|br|sentidigezh}}
* {{trad|es|obediencia|disciplina|sumisión|sometimiento}}
* {{trad|eo|obeemo}}
* {{trad|fi|tottelevaisuus}}
* {{trad|fr|obéissance}}
* {{trad|cy|ufudd-dod}}
* {{trad|gn|ñe’êrendureko}}
* {{trad|gu|આજ્ઞાપાલન}}
* {{trad|he|ציות}}
* {{trad|hi|आज्ञापालन}}
{{tradmeio}}
* {{trad|en|obedience}}
* {{trad|it|ubbidienza|obbedienza}}
* {{trad|la|oboedientia|obsequium}}
* {{trad|mr|आज्ञापालन}}
* {{trad|fa|اطاعت|انقياد}}
* {{trad|pl|posłuszeństwo}}
* {{trad|pa|ਆਗਿਆਪਾਲਨ}}
* {{trad|sa|आज्ञाकारिता}}
* {{trad|sv|lydighet|lydnad|hörsamhet}}
* {{trad|tn|kutlo|kobamelo}}
* {{trad|ur|تعبدارى}}
* {{trad|val|disciplina}}
* {{trad|vec|ubidiensa}}
{{tradfim}}
=={{etimologia|pt}}==
: Do [[latim]] {{etimo|la|oboedientĭa}}.
==Ver também==
===No Wikcionário===
{{verTambém.Ini}}
* [[disciplina]]
* [[lei]]
* [[obediencial]]
{{verTambém.NovaColuna}}
* [[ordem]]
* [[qualidade]]
{{verTambém.Fim}}
[[Categoria:Substantivo (Português)]]
[[Categoria:Entrada de étimo latino (Português)]]</text>
<sha1>j5yti12wue5ubd8n8p48zwsgpcvmwtb</sha1>
</revision>
</page>
