<page>
<page>
<title>obelisco</title>
<ns>0</ns>
<id>362519</id>
<revision>
<id>2544240</id>
<parentid>2381934</parentid>
<timestamp>2019-05-14T18:17:04Z</timestamp>
<contributor>
<username>Globalquiz</username>
<id>69940</id>
</contributor>
<minor />
<model>wikitext</model>
<format>text/x-wiki</format>
<text bytes="1138" xml:space="preserve">{{Wikipédia}}
{{Wikipédia|lang=es}}
{{Wikipédia|lang=it}}
[[Imagem:Piazza_del_Poppolo_obelisk.jpg|thumb|250px|right|obelisco]]
={{-pt-}}=
==Substantivo==
{{flex.pt|ms=obelisco|mp=obeliscos}}
{{paroxítona|o|be|lis|co}}, {{m}}
# [[monumento]] [[quadrangular]] em forma de [[agulha]], ordinariamente [[monólito]] sobre um [[pedestal]]
# objeto alto e alongado; [[óbelo]]
===Tradução===
{{tradini}}
* {{trad|de|Obelisk}}
* {{trad|cs|obelisk}}
* {{trad|es|obelisco}}
* {{trad|fr|obélisque}}
{{tradmeio}}
* {{trad|nl|obelisk}}
* {{trad|en|obelisk}}
* {{trad|it|obelisco}}
* {{trad|ru|обели́ск}}
{{tradfim}}
=={{etimologia|pt}}==
{{llietimo|la|obeliscus|pt}}
==Ligações externas==
* {{DicioAberto}}
==Anagrama==
# [[belicoso]]
[[Categoria:Substantivo (Português)]]
={{-es-}}=
==Substantivo==
'''obelisco'''
# [[obelisco#Português|obelisco]]
[[Categoria:Substantivo (Espanhol)]]
={{-ia-}}=
==Substantivo==
'''obelisco'''
# [[obelisco#Português|obelisco]]
[[Categoria:Substantivo (Interlíngua)]]
={{-it-}}=
==Substantivo==
'''obelisco'''
# [[obelisco#Português|obelisco]]
[[Categoria:Substantivo (Italiano)]]</text>
<sha1>glwghfpgwxjz9kujqkrufs62kb4c1nb</sha1>
</revision>
