<page>
<page>
<title>oberar</title>
<ns>0</ns>
<id>316880</id>
<revision>
<id>1707037</id>
<timestamp>2013-08-03T10:22:00Z</timestamp>
<contributor>
<username>ValJor</username>
<id>1358</id>
</contributor>
<comment>Por um [[Especial:Lonelypages|wikcionário sem órfãos]]: [[oberámos]]</comment>
<model>wikitext</model>
<format>text/x-wiki</format>
<text bytes="245" xml:space="preserve">={{-pt-}}=
==Verbo==
{{oxítona|o|be|rar}}, ''v. t.''
# [[onerar]] com [[dívida]]s
# [[impor]] [[obrigação]] ou [[encargo]] a
===Conjugação===
{{conj/pt|ober|ar}}
==Ligações externas==
* {{DicioAberto}}
[[Categoria:Verbo (Português)]]</text>
<sha1>3vxpenld7iqh6jy046e2ngux8cqi5bl</sha1>
</revision>
