<page>
<page>
<title>obert</title>
<ns>0</ns>
<id>62892</id>
<revision>
<id>2656101</id>
<parentid>2381936</parentid>
<timestamp>2021-12-27T07:57:11Z</timestamp>
<contributor>
<username>ValJor</username>
<id>1358</id>
</contributor>
<comment>Acrescentando código de língua à [[:Categoria:!Página com mensagem de erro em predefinição|predefinição escopo]]</comment>
<model>wikitext</model>
<format>text/x-wiki</format>
<text bytes="617" xml:space="preserve">={{-val-}}=
==Adjetivo==
{{flex.val|ms=obert|mp=oberts|fs=oberta|fp=obertas}}
'''o.bert''', {{gramática|m}}
# [[aberto]]
# que permite a [[passagem]]
# [[amplo]]; [[espaçoso]]
# [[desprotegido]]
# [[acessível]]
# [[receptivo]]
# [[disponível]]
# [[manifesto]]; [[declarado]]
# {{escopo|val|Eletricidade}} tipo de [[circuito]] [[elétrico]] que apresenta [[descontinuidade]], não permitindo a passagem da [[corrente elétrica]]
# {{escopo|val|Linguística}} tipo de [[fonema]] que se emite com a boca aberta
===Expressões===
* '''[[amb els braços oberts]]''': amigavelmente
[[Categoria:Adjetivo (Valenciano)]]</text>
<sha1>hfl6xqzwvrc9uwbp5tyhrkimrzb411i</sha1>
</revision>
