<page>
<page>
<title>oberta</title>
<ns>0</ns>
<id>62893</id>
<revision>
<id>2381937</id>
<parentid>2131284</parentid>
<timestamp>2017-05-05T18:50:00Z</timestamp>
<contributor>
<username>HydrizBot</username>
<id>29590</id>
</contributor>
<minor />
<comment>Robô: A limpar links interwikis antigos</comment>
<model>wikitext</model>
<format>text/x-wiki</format>
<text bytes="116" xml:space="preserve">={{-val-}}=
==Forma de adjetivo==
'''oberta'''
# feminino de [[obert]]
[[Categoria:Forma de adjetivo (Valenciano)]]</text>
<sha1>64wr9cqavec13twupxxirw0txrjgxy3</sha1>
</revision>
