<page>
<title>oberámos</title>
<ns>0</ns>
<id>311715</id>
<revision>
<id>2538856</id>
<parentid>1656970</parentid>
<timestamp>2019-03-12T18:16:18Z</timestamp>
<contributor>
<username>ValJor</username>
<id>1358</id>
</contributor>
<comment>Acrescentando a predefinição avi-for-fle</comment>
<model>wikitext</model>
<format>text/x-wiki</format>
<text bytes="260" xml:space="preserve">={{-pt-}}=
==Forma verbal==
{{paroxítona|o|be|rá|mos}}
# {{escopo2|grafia lusitana}} primeira pessoa do plural do pretérito perfeito do indicativo do verbo [[oberar]]
{{avi-for-fle|oberar}}
[[Categoria:Forma verbal (Português)]]
[[Categoria:Lusitanismo]]</text>
<sha1>2fv901dvg5vledtb2cnge78lk0aabz3</sha1>
</revision>
</page>
