<page>
<page>
<title>obeso</title>
<ns>0</ns>
<id>270078</id>
<revision>
<id>2613442</id>
<parentid>2381939</parentid>
<timestamp>2021-01-31T14:46:54Z</timestamp>
<contributor>
<username>Marxav</username>
<id>73271</id>
</contributor>
<minor />
<comment>AFI Portugal</comment>
<model>wikitext</model>
<format>text/x-wiki</format>
<text bytes="907" xml:space="preserve">={{-pt-}}=
==Adjetivo==
{{flex.pt|ms=obeso|mp=obesos|fs=obesa|fp=obesas}}
{{paroxítona|o|be|so}}
# diz-se do indivíduo excessivamente [[gordo]] e com o [[ventre]] [[proeminente]]
===Tradução===
{{tradini}}
* {{trad|es|obeso}}
* {{trad|fi|ylilihava}}
* {{trad|fr|obèse}}
* {{trad|gl|obeso}}
* {{trad|nl|zwaarlijvig}}
{{tradmeio}}
* {{trad|io|obeza}}
* {{trad|en|obese}}
* {{trad|it|obeso}}
* {{trad|pl|otyły|opasły}}
* {{trad|tr|obez}}
{{tradfim}}
=={{etimologia|pt}}==
: Do latim ''obesus''.
=={{pronúncia|pt}}==
===Portugal===
* AFI: {{AFI|/ɔ.ˈbe.zu/}}
[[Categoria:Adjetivo (Português)]]
={{-es-}}=
==Adjetivo==
'''obeso'''
# [[obeso#Português|obeso]]
[[Categoria:Adjetivo (Espanhol)]]
={{-gl-}}=
==Adjetivo==
'''obeso'''
# [[obeso#Português|obeso]]
[[Categoria:Adjetivo (Galego)]]
={{-it-}}=
==Adjetivo==
'''obeso'''
# [[obeso#Português|obeso]]
[[Categoria:Adjetivo (Italiano)]]</text>
<sha1>i7f2y099fbj7u9ydrumur8wp554jymh</sha1>
</revision>
