<page>
<page>
<title>obfirmámos</title>
<ns>0</ns>
<id>311716</id>
<revision>
<id>2538850</id>
<parentid>1656972</parentid>
<timestamp>2019-03-12T15:50:42Z</timestamp>
<contributor>
<username>ValJor</username>
<id>1358</id>
</contributor>
<comment>Acrescentando a predefinição avi-for-fle</comment>
<model>wikitext</model>
<format>text/x-wiki</format>
<text bytes="266" xml:space="preserve">={{-pt-}}=
==Forma verbal==
{{paroxítona|ob|fir|má|mos}}
# {{escopo2|grafia lusitana}} primeira pessoa do plural do pretérito perfeito do indicativo do verbo [[obfirmar]]
{{avi-for-fle|obfirmar}}
[[Categoria:Forma verbal (Português)]]
[[Categoria:Lusitanismo]]</text>
<sha1>n0exzi9fihpquc50w90f73jcnnp9baw</sha1>
</revision>
