<page>
<page>
<title>obfirmar</title>
<ns>0</ns>
<id>316876</id>
<revision>
<id>2656092</id>
<parentid>1707023</parentid>
<timestamp>2021-12-27T03:00:11Z</timestamp>
<contributor>
<username>ValJor</username>
<id>1358</id>
</contributor>
<comment>Acrescentando código de língua à [[:Categoria:!Página com mensagem de erro em predefinição|predefinição escopo]]</comment>
<model>wikitext</model>
<format>text/x-wiki</format>
<text bytes="292" xml:space="preserve">={{-pt-}}=
==Verbo==
{{oxítona|ob|fir|mar}}, {{gramática|vi}}
# {{escopo|pt|Arcaico}} [[estar]] muito [[firme]]; [[ter]] [[pertinácia]], [[obstinar]]-se
===Conjugação===
{{conj/pt|obfirm|ar}}
=={{etimologia|pt}}==
: Do infinitivo latino ''obfirmare''.
[[Categoria:Verbo (Português)]]</text>
<sha1>dmi7otnm8dev8dencu20jf3b6ub4oed</sha1>
</revision>
