<page>
<title>obice</title>
<ns>0</ns>
<id>117540</id>
<revision>
<id>2656085</id>
<parentid>2381941</parentid>
<timestamp>2021-12-27T02:41:44Z</timestamp>
<contributor>
<username>ValJor</username>
<id>1358</id>
</contributor>
<comment>Predefinição escopo usada fora da área de definições; substituída por escopo2</comment>
<model>wikitext</model>
<format>text/x-wiki</format>
<text bytes="353" xml:space="preserve">{{Wikipédia|lang=it}}
[[Imagem:Obice152-13.jpg|thumb|right|250px|{{centro|Obus}}]]
={{-it-}}=
==Substantivo==
'''obice'''
# [[obus]]
==={{-varort-}}===
* {{escopo2|Arcaico}} [[obizzo]]
=={{etimologia|it}}==
{{llietimo|de|Haubitze|it}}
[[Categoria:Substantivo (Italiano)]]
[[Categoria:Militar (Italiano)]]
[[Categoria:Entrada com imagem (Italiano)]]</text>
<sha1>27be5rgqvg6yzdq98hoiab6w6bzy3pt</sha1>
</revision>
</page>
