<page>
<title>obidense</title>
<ns>0</ns>
<id>388932</id>
<revision>
<id>2472520</id>
<parentid>2472519</parentid>
<timestamp>2017-12-23T00:53:55Z</timestamp>
<contributor>
<username>MIL973</username>
<id>41339</id>
</contributor>
<model>wikitext</model>
<format>text/x-wiki</format>
<text bytes="764" xml:space="preserve">={{-pt-}}=
==Adjetivo==
{{flex.pt|s=obidense|p=obidenses}}
{{paroxítona|o|bi|den|se}}, {{gramática|c2g}}
# {{escopo|pt|Gentílico}} de [[Óbidos]], cidade paraense
# {{escopo|pt|Gentílico}} de Óbidos, vila e concelho do distrito de [[Apêndice:Gentílicos e topónimos em português/Portugal/Leiria|Leiria]] ([[Portugal]])
==Substantivo==
{{flex.pt|s=obidense|p=obidenses}}
{{paroxítona|o|bi|den|se}}, {{gramática|c2g}}
# {{escopo|pt|Gentílico}} natural desta cidade brasileira ou seu habitante
# {{escopo|pt|Gentílico}} natural desta cidade portuguesa ou seu habitante
=={{etimologia|pt}}==
: {{escopo|Morfologia}} [[Óbidos]] + [[-ense]].
==Ligações externas==
* {{Aulete}}
[[Categoria:Adjetivo (Português)]]
[[Categoria:Substantivo (Português)]]</text>
<sha1>3cmaghr3vi0w71lwqk32cglj9cmscuh</sha1>
</revision>
</page>
