<page>
<title>obinob</title>
<ns>0</ns>
<id>117805</id>
<revision>
<id>2381942</id>
<parentid>2063479</parentid>
<timestamp>2017-05-05T18:50:25Z</timestamp>
<contributor>
<username>HydrizBot</username>
<id>29590</id>
</contributor>
<minor />
<comment>Robô: A limpar links interwikis antigos</comment>
<model>wikitext</model>
<format>text/x-wiki</format>
<text bytes="403" xml:space="preserve">={{-vo-}}=
==Forma verbal==
'''o.bi.{{grifar|nob}}'''
# forma ativa da primeira pessoa do singular do futuro do verbo [[binön]]
{{avi-for-fle|binön|lang=vo}}
=={{etimologia|vo}}==
:De {{etimo|vo|o-}} + [[radical]] ''bin'' + {{etimo|vo|-ob}}.
=={{pronúncia}}==
* [[AFI]]: {{AFI|/o.bi.ˈnob/}}
* [[X-SAMPA]]: /o.bi.&quot;nob/
{{categorias|{{vo}}|Forma verbal|Trissílabo|Oxítona|Entrada com pronúncia}}</text>
<sha1>3wsys6897qy7iwb97k8shbd33d35f9h</sha1>
</revision>
</page>
