<page>
<page>
<title>obir</title>
<ns>0</ns>
<id>272039</id>
<revision>
<id>2381943</id>
<parentid>1603668</parentid>
<timestamp>2017-05-05T18:50:29Z</timestamp>
<contributor>
<username>HydrizBot</username>
<id>29590</id>
</contributor>
<minor />
<comment>Robô: A limpar links interwikis antigos</comment>
<model>wikitext</model>
<format>text/x-wiki</format>
<text bytes="220" xml:space="preserve">={{-ia-}}=
==Verbo== 
'''obir'''
# [[perecer]], [[falecer]]
===Conjugação===
{{conj.ia.ir|ob}}
==Ver também==
* [[obito]]
[[Categoria:Verbo (Interlíngua)]]
[[Categoria:Entrada de étimo português (Interlíngua)]]</text>
<sha1>6bl6bynzyv2cuvdim7vl0cuqp4qe15n</sha1>
</revision>
