<page>
<page>
<title>obitual</title>
<ns>0</ns>
<id>304654</id>
<revision>
<id>2381944</id>
<parentid>1782311</parentid>
<timestamp>2017-05-05T18:50:33Z</timestamp>
<contributor>
<username>HydrizBot</username>
<id>29590</id>
</contributor>
<minor />
<comment>Robô: A limpar links interwikis antigos</comment>
<model>wikitext</model>
<format>text/x-wiki</format>
<text bytes="295" xml:space="preserve">={{-pt-}}=
==Adjetivo==
{{flex.pt|s=obitual|p=obituais}}
{{oxítona|o|bi|tu|al}}, {{c2g}}
# relativo a [[óbito]]
# [[mortal]], [[mortífero]]
# [[lúgubre]]
# [[fatídico]]
# [[letífero]]
=={{etimologia|pt}}==
: {{escopo|Morfologia}} [[óbito]] + [[-al]].
[[Categoria:Adjetivo (Português)]]</text>
<sha1>lani04qqajdc7c22lf9dfsqlfgc7dmq</sha1>
</revision>
