<page>
<title>obituário</title>
<ns>0</ns>
<id>41442</id>
<revision>
<id>2381945</id>
<parentid>1992841</parentid>
<timestamp>2017-05-05T18:50:37Z</timestamp>
<contributor>
<username>HydrizBot</username>
<id>29590</id>
</contributor>
<minor />
<comment>Robô: A limpar links interwikis antigos</comment>
<model>wikitext</model>
<format>text/x-wiki</format>
<text bytes="816" xml:space="preserve">={{-pt-}}=
==Adjetivo==
{{proparoxítona aparente|o|bi|tu|á|ri|o}}
# [[relativo]] a [[óbito]]:
#: ''A [[carta]] '''obituária''' [[anunciar|anunciou]] o [[óbvio]].''
==Substantivo==
{{proparoxítona aparente|o|bi|tu|á|ri|o}} ''masculino''
# [[lista]] de [[óbito]]s; o mesmo que [[necrologia]]
# [[conjunto]] das [[morte]]s de um [[período]] e/ou de um [[local]]; o mesmo que [[mortalidade]];
# nos [[jornal|jornais]], [[secção]] em que [[ser|são]] [[publicar|publicados]], [[geralmente]] [[sob]] [[pagamento]], [[anúncio]]s de [[falecimento]]s e/ou [[onde]] [[ser|são]] [[publicar|publicadas]] [[notícia]]s [[sobre]] o [[óbito]] de [[pessoa]]s [[socialmente]] [[relevante]]s; o mesmo que [[necrologia]].
[[Categoria:Adjetivo (Português)|obituario]]
[[Categoria:Substantivo (Português)|obituario]]</text>
<sha1>223x4ken1iwdjc1pfp1pqp921t0k3nz</sha1>
</revision>
</page>
