<page>
<page>
<title>obituais</title>
<ns>0</ns>
<id>328582</id>
<revision>
<id>1893492</id>
<parentid>1842162</parentid>
<timestamp>2015-02-11T11:46:12Z</timestamp>
<contributor>
<username>MIL973</username>
<id>41339</id>
</contributor>
<model>wikitext</model>
<format>text/x-wiki</format>
<text bytes="161" xml:space="preserve">={{-pt-}}=
==Forma de adjetivo==
{{oxítona|o|bi|tu|ais}}, {{c2g}}
# plural de [[obitual]]
{{avi-for-fle|obitual}}
[[Categoria:Forma de adjetivo (Português)]]</text>
<sha1>1y6iaygpyn7oxbo4ii5ac41ny1fqgru</sha1>
</revision>
