<page>
<page>
<title>objectáveis</title>
<ns>0</ns>
<id>242522</id>
<revision>
<id>2014235</id>
<parentid>1944358</parentid>
<timestamp>2015-10-13T09:51:50Z</timestamp>
<contributor>
<username>ValJor</username>
<id>1358</id>
</contributor>
<comment>Acrescentando a predefinição avi-for-fle</comment>
<model>wikitext</model>
<format>text/x-wiki</format>
<text bytes="219" xml:space="preserve">={{-pt-}}=
==Forma verbal==
{{paroxítona|ob|jec|tá|veis}}
# segunda pessoa do plural do pretérito imperfeito do modo indicativo do verbo [[objectar]]
{{avi-for-fle|objectar}}
[[Categoria:Forma verbal (Português)]]</text>
<sha1>liqynueo7nrwhxwoyssd48y1oo6a4z3</sha1>
</revision>
