<page>
<title>objetarem</title>
<ns>0</ns>
<id>242273</id>
<revision>
<id>2382027</id>
<parentid>1782403</parentid>
<timestamp>2017-05-05T18:54:22Z</timestamp>
<contributor>
<username>HydrizBot</username>
<id>29590</id>
</contributor>
<minor />
<comment>Robô: A limpar links interwikis antigos</comment>
<model>wikitext</model>
<format>text/x-wiki</format>
<text bytes="271" xml:space="preserve">={{-pt-}}=
==Forma verbal==
'''objetarem'''
#[[terceira pessoa]] do [[plural]] do [[futuro]] do [[modo subjuntivo]] do verbo '''[[objetar]]'''
#[[infinitivo pessoal]] da [[terceira pessoa]] do [[plural]] do verbo '''[[objetar]]'''
[[Categoria:Forma verbal (Português)]]</text>
<sha1>oczm6ki32gstus13inypl3cgemffuyu</sha1>
</revision>
</page>
