<page>
<title>objektorientiert</title>
<ns>0</ns>
<id>82133</id>
<revision>
<id>2382013</id>
<parentid>2247409</parentid>
<timestamp>2017-05-05T18:53:47Z</timestamp>
<contributor>
<username>HydrizBot</username>
<id>29590</id>
</contributor>
<minor />
<comment>Robô: A limpar links interwikis antigos</comment>
<model>wikitext</model>
<format>text/x-wiki</format>
<text bytes="615" xml:space="preserve">={{-de-}}=
== Adjetivo ==
'''objektorientiert'''
# [[orientado a objetos]].
#: ''[[Java]] [[sein#{{de}}|ist]] [[ein#{{de}}|eine]] '''objektorientierte''' [[Programmiersprache#{{de}}|Programmiersprache]].'' (''&quot;Java é uma linguagem de programação orientada a objetos.&quot;'')
=== Declinação ===
{{decl.de.adj.regular
|normal=objektorientiert
|comparativo=objektorientierter
|superlativo=objektorientierteste
}}
== Etimologia ==
: De ''[[Objekt#{{de}}|Objekt]]'' (''&quot;objeto&quot;'') + ''[[orientert#{{de}}|orientert]]'' (''&quot;orientado&quot;'').
[[Categoria:Adjetivo (Alemão)]]
[[Categoria:Entrada com etimologia (Alemão)]]</text>
<sha1>jdtkkizd4rtnmal1cmdvfz13mj7qd8w</sha1>
</revision>
</page>
