<page>
<page>
<title>objetardes</title>
<ns>0</ns>
<id>242272</id>
<revision>
<id>2382024</id>
<parentid>1782406</parentid>
<timestamp>2017-05-05T18:54:14Z</timestamp>
<contributor>
<username>HydrizBot</username>
<id>29590</id>
</contributor>
<minor />
<comment>Robô: A limpar links interwikis antigos</comment>
<model>wikitext</model>
<format>text/x-wiki</format>
<text bytes="270" xml:space="preserve">={{-pt-}}=
==Forma verbal==
'''objetardes'''
#[[segunda pessoa]] do [[plural]] do [[futuro]] do [[modo subjuntivo]] do verbo '''[[objetar]]'''
#[[infinitivo pessoal]] da [[segunda pessoa]] do [[plural]] do verbo '''[[objetar]]'''
[[Categoria:Forma verbal (Português)]]</text>
<sha1>ise9mke8pbzcmezj6uxnl9t2zyp6mrj</sha1>
</revision>
