<page>
<page>
<title>objetives</title>
<ns>0</ns>
<id>218601</id>
<revision>
<id>2382070</id>
<parentid>1985028</parentid>
<timestamp>2017-05-05T18:55:56Z</timestamp>
<contributor>
<username>HydrizBot</username>
<id>29590</id>
</contributor>
<minor />
<comment>Robô: A limpar links interwikis antigos</comment>
<model>wikitext</model>
<format>text/x-wiki</format>
<text bytes="284" xml:space="preserve">={{-pt-}}=
==Forma verbal==
'''objetives'''
#[[segunda pessoa]] do [[singular]] do [[presente]] do [[modo subjuntivo]] do verbo '''[[objetivar]]'''
#[[segunda pessoa]] do [[singular]] do [[imperativo]] [[negativo]] do verbo '''[[objetivar]]'''
[[Categoria:Forma verbal (Português)]]</text>
<sha1>tj7fl888hu6ndzgsg1pm8bwzyjitbf7</sha1>
</revision>
