<page>
<page>
<title>objete</title>
<ns>0</ns>
<id>242260</id>
<revision>
<id>2382048</id>
<parentid>2020305</parentid>
<timestamp>2017-05-05T18:55:07Z</timestamp>
<contributor>
<username>HydrizBot</username>
<id>29590</id>
</contributor>
<minor />
<comment>Robô: A limpar links interwikis antigos</comment>
<model>wikitext</model>
<format>text/x-wiki</format>
<text bytes="407" xml:space="preserve">={{-pt-}}=
==Forma verbal==
'''objete'''
#[[primeira pessoa|primeira]] e [[terceira pessoa]] do [[singular]] do [[presente]] do [[modo subjuntivo]] do verbo '''[[objetar]]'''
#[[terceira pessoa]] do [[singular]] do [[imperativo]] [[afirmativo]] do verbo '''[[objetar]]'''
#[[terceira pessoa]] do [[singular]] do [[imperativo]] [[negativo]] do verbo '''[[objetar]]'''
[[Categoria:Forma verbal (Português)]]</text>
<sha1>qh7i7su1n4bk62gs547jurppwifedjx</sha1>
</revision>
