<page>
<title>objectivámos</title>
<ns>0</ns>
<id>164479</id>
<revision>
<id>2538820</id>
<parentid>2382003</parentid>
<timestamp>2019-03-12T13:50:23Z</timestamp>
<contributor>
<username>ValJor</username>
<id>1358</id>
</contributor>
<comment>Acrescentando a predefinição avi-for-fle</comment>
<model>wikitext</model>
<format>text/x-wiki</format>
<text bytes="273" xml:space="preserve">={{-pt-}}=
==Forma verbal==
{{paroxítona|ob|jec|ti|vá|mos}}
# {{escopo2|grafia lusitana}} primeira pessoa do plural do pretérito perfeito do indicativo do verbo [[objectivar]]
{{avi-for-fle|objectivar}}
[[Categoria:Forma verbal (Português)]]
[[Categoria:Lusitanismo]]</text>
<sha1>pdet8irjao1ijji5vstjwwrx2ryf0uf</sha1>
</revision>
</page>
