<page>
<page>
<title>objetivares</title>
<ns>0</ns>
<id>207125</id>
<revision>
<id>2382062</id>
<parentid>1985036</parentid>
<timestamp>2017-05-05T18:55:41Z</timestamp>
<contributor>
<username>HydrizBot</username>
<id>29590</id>
</contributor>
<minor />
<comment>Robô: A limpar links interwikis antigos</comment>
<model>wikitext</model>
<format>text/x-wiki</format>
<text bytes="279" xml:space="preserve">={{-pt-}}=
==Forma verbal==
'''objetivares'''
#[[segunda pessoa]] do [[singular]] do [[futuro]] do [[modo subjuntivo]] do verbo '''[[objetivar]]'''
#[[infinitivo pessoal]] da [[segunda pessoa]] do [[singular]] do verbo '''[[objetivar]]'''
[[Categoria:Forma verbal (Português)]]</text>
<sha1>qur119czxpbwmj2kau7c0uzwtnenjqa</sha1>
</revision>
