<page>
<title>objectiváramos</title>
<ns>0</ns>
<id>180246</id>
<revision>
<id>2382004</id>
<parentid>1161438</parentid>
<timestamp>2017-05-05T18:53:27Z</timestamp>
<contributor>
<username>HydrizBot</username>
<id>29590</id>
</contributor>
<minor />
<comment>Robô: A limpar links interwikis antigos</comment>
<model>wikitext</model>
<format>text/x-wiki</format>
<text bytes="191" xml:space="preserve">={{-pt-}}=
==Forma verbal==
'''objectiváramos'''
#[[primeira pessoa]] do [[plural]] do [[pretérito mais-que-perfeito]] do verbo '''[[objectivar]]'''
[[Categoria:Forma verbal (Português)]]</text>
<sha1>ol9wzwbikj2yr7mpn6dju8jyrzajo44</sha1>
</revision>
</page>
