<page>
<title>objetivará</title>
<ns>0</ns>
<id>186378</id>
<revision>
<id>2382063</id>
<parentid>1985035</parentid>
<timestamp>2017-05-05T18:55:43Z</timestamp>
<contributor>
<username>HydrizBot</username>
<id>29590</id>
</contributor>
<minor />
<comment>Robô: A limpar links interwikis antigos</comment>
<model>wikitext</model>
<format>text/x-wiki</format>
<text bytes="189" xml:space="preserve">={{-pt-}}=
==Forma verbal==
{{oxítona|ob|je|ti|va|rá}}
#[[terceira pessoa]] do [[singular]] do [[futuro do presente]] do verbo '''[[objetivar]]'''
[[Categoria:Forma verbal (Português)]]</text>
<sha1>9yx7qh8s3ykqd6oq689klmrqmkvem75</sha1>
</revision>
</page>
