<page>
<page>
<title>objectivassem</title>
<ns>0</ns>
<id>202794</id>
<revision>
<id>2381987</id>
<parentid>1161424</parentid>
<timestamp>2017-05-05T18:52:40Z</timestamp>
<contributor>
<username>HydrizBot</username>
<id>29590</id>
</contributor>
<minor />
<comment>Robô: A limpar links interwikis antigos</comment>
<model>wikitext</model>
<format>text/x-wiki</format>
<text bytes="205" xml:space="preserve">={{-pt-}}=
==Forma verbal==
'''objectivassem'''
#[[terceira pessoa]] do [[plural]] do [[pretérito imperfeito]] do [[modo subjuntivo]] do verbo '''[[objectivar]]'''
[[Categoria:Forma verbal (Português)]]</text>
<sha1>eyff68stmza3ckzft1rt53mzw1oy0sm</sha1>
</revision>
