<page>
<page>
<title>objetarão</title>
<ns>0</ns>
<id>242254</id>
<revision>
<id>2382036</id>
<parentid>1782395</parentid>
<timestamp>2017-05-05T18:54:44Z</timestamp>
<contributor>
<username>HydrizBot</username>
<id>29590</id>
</contributor>
<minor />
<comment>Robô: A limpar links interwikis antigos</comment>
<model>wikitext</model>
<format>text/x-wiki</format>
<text bytes="173" xml:space="preserve">={{-pt-}}=
==Forma verbal==
'''objetarão'''
#[[terceira pessoa]] do [[plural]] do [[futuro do presente]] do verbo '''[[objetar]]'''
[[Categoria:Forma verbal (Português)]]</text>
<sha1>r8g9g0r0zfiemj1ran9xxyeu8j66hy9</sha1>
</revision>
