<page>
<title>objective</title>
<ns>0</ns>
<id>57721</id>
<revision>
<id>2381994</id>
<parentid>1940598</parentid>
<timestamp>2017-05-05T18:53:00Z</timestamp>
<contributor>
<username>HydrizBot</username>
<id>29590</id>
</contributor>
<minor />
<comment>Robô: A limpar links interwikis antigos</comment>
<model>wikitext</model>
<format>text/x-wiki</format>
<text bytes="414" xml:space="preserve">={{-pt-}}=
[[Categoria:Verbo (Português)]]
==Verbo==
'''ob.jec.ti.ve''' 
# [[primeira]] [[pessoa]] [[do]] [[singular]] [[do]] [[presente]] [[do]] [[conjuntivo]] [[do]] [[verbo]] [[objectivar]]	
# [[terceira]] [[pessoa]] [[do]] [[singular]] [[do]] [[presente]] [[do]] [[conjuntivo]] [[do]] [[verbo]] [[objectivar]]
# [[terceira]] [[pessoa]] [[do]] [[singular]] [[do]] [[imperativo]] [[do]] [[verbo]] [[objectivar]]</text>
<sha1>q05edvcq9ikfaya7g1l1smn008rqf2f</sha1>
</revision>
</page>
