<page>
<title>objectiváreis</title>
<ns>0</ns>
<id>181962</id>
<revision>
<id>2382005</id>
<parentid>1161439</parentid>
<timestamp>2017-05-05T18:53:30Z</timestamp>
<contributor>
<username>HydrizBot</username>
<id>29590</id>
</contributor>
<minor />
<comment>Robô: A limpar links interwikis antigos</comment>
<model>wikitext</model>
<format>text/x-wiki</format>
<text bytes="189" xml:space="preserve">={{-pt-}}=
==Forma verbal==
'''objectiváreis'''
#[[segunda pessoa]] do [[plural]] do [[pretérito mais-que-perfeito]] do verbo '''[[objectivar]]'''
[[Categoria:Forma verbal (Português)]]</text>
<sha1>q6wpgblu21jgnulz4r5uhn57q0ip82d</sha1>
</revision>
</page>
