<page>
<page>
<title>objectivarei</title>
<ns>0</ns>
<id>183444</id>
<revision>
<id>2381971</id>
<parentid>1161408</parentid>
<timestamp>2017-05-05T18:52:01Z</timestamp>
<contributor>
<username>HydrizBot</username>
<id>29590</id>
</contributor>
<minor />
<comment>Robô: A limpar links interwikis antigos</comment>
<model>wikitext</model>
<format>text/x-wiki</format>
<text bytes="180" xml:space="preserve">={{-pt-}}=
==Forma verbal==
'''objectivarei'''
#[[primeira pessoa]] do [[singular]] do [[futuro do presente]] do verbo '''[[objectivar]]'''
[[Categoria:Forma verbal (Português)]]</text>
<sha1>mr74qy0sbaj5z2qtqctyn41ymavsgu0</sha1>
</revision>
