<page>
<page>
<title>objetes</title>
<ns>0</ns>
<id>242261</id>
<revision>
<id>2382053</id>
<parentid>2020303</parentid>
<timestamp>2017-05-05T18:55:19Z</timestamp>
<contributor>
<username>HydrizBot</username>
<id>29590</id>
</contributor>
<minor />
<comment>Robô: A limpar links interwikis antigos</comment>
<model>wikitext</model>
<format>text/x-wiki</format>
<text bytes="278" xml:space="preserve">={{-pt-}}=
==Forma verbal==
'''objetes'''
#[[segunda pessoa]] do [[singular]] do [[presente]] do [[modo subjuntivo]] do verbo '''[[objetar]]'''
#[[segunda pessoa]] do [[singular]] do [[imperativo]] [[negativo]] do verbo '''[[objetar]]'''
[[Categoria:Forma verbal (Português)]]</text>
<sha1>0gen78461zbz306jr5yfwy8dsz9sy44</sha1>
</revision>
