<page>
<title>objetivava</title>
<ns>0</ns>
<id>204152</id>
<revision>
<id>1161521</id>
<parentid>776592</parentid>
<timestamp>2011-07-05T23:12:19Z</timestamp>
<contributor>
<username>MalafayaBot</username>
<id>628</id>
</contributor>
<minor />
<comment>Robô: Substituição de texto automática (-^\=\s?Português\s?\= +={{-pt-}}= &amp; -^\=\s?\{\{pt\}\}\s?\= +={{-pt-}}=)</comment>
<model>wikitext</model>
<format>text/x-wiki</format>
<text bytes="234" xml:space="preserve">={{-pt-}}=
==Forma verbal==
'''objetivava'''
#[[primeira pessoa|primeira]] e [[terceira pessoa]] do [[singular]] do [[pretérito imperfeito]] do [[modo indicativo]] do verbo '''[[objetivar]]'''
[[Categoria:Forma verbal (Português)]]</text>
<sha1>5w03aecsgxr9qo701s24gypkt5romo0</sha1>
</revision>
</page>
