<page>
<title>objectando</title>
<ns>0</ns>
<id>242513</id>
<revision>
<id>1161365</id>
<parentid>920886</parentid>
<timestamp>2011-07-05T23:09:39Z</timestamp>
<contributor>
<username>MalafayaBot</username>
<id>628</id>
</contributor>
<minor />
<comment>Robô: Substituição de texto automática (-^\=\s?Português\s?\= +={{-pt-}}= &amp; -^\=\s?\{\{pt\}\}\s?\= +={{-pt-}}=)</comment>
<model>wikitext</model>
<format>text/x-wiki</format>
<text bytes="128" xml:space="preserve">={{-pt-}}=
==Forma verbal==
'''objectando'''
#[[gerúndio]] do verbo '''[[objectar]]'''
[[Categoria:Forma verbal (Português)]]</text>
<sha1>3hmuzd5ky73r7fnucdiefo8to5txy5m</sha1>
</revision>
</page>
