<page>
<title>objetaste</title>
<ns>0</ns>
<id>242240</id>
<revision>
<id>2382043</id>
<parentid>2020306</parentid>
<timestamp>2017-05-05T18:54:56Z</timestamp>
<contributor>
<username>HydrizBot</username>
<id>29590</id>
</contributor>
<minor />
<comment>Robô: A limpar links interwikis antigos</comment>
<model>wikitext</model>
<format>text/x-wiki</format>
<text bytes="197" xml:space="preserve">={{-pt-}}=
==Forma verbal==
'''objetaste'''
#[[segunda pessoa]] do [[singular]] do [[pretérito perfeito]] do [[modo indicativo]] do verbo '''[[objetar]]'''
[[Categoria:Forma verbal (Português)]]</text>
<sha1>ddf7rett7eg0w1t8y45ttgth7xp4inm</sha1>
</revision>
</page>
