<page>
<title>objectivariam</title>
<ns>0</ns>
<id>195812</id>
<revision>
<id>2381977</id>
<parentid>1161414</parentid>
<timestamp>2017-05-05T18:52:15Z</timestamp>
<contributor>
<username>HydrizBot</username>
<id>29590</id>
</contributor>
<minor />
<comment>Robô: A limpar links interwikis antigos</comment>
<model>wikitext</model>
<format>text/x-wiki</format>
<text bytes="181" xml:space="preserve">={{-pt-}}=
==Forma verbal==
'''objectivariam'''
#[[terceira pessoa]] do [[plural]] do [[futuro do pretérito]] do verbo '''[[objectivar]]'''
[[Categoria:Forma verbal (Português)]]</text>
<sha1>4yfkgok6lhggqchtpbbnep4o1dw10bg</sha1>
</revision>
</page>
