<page>
<page>
<title>objectasses</title>
<ns>0</ns>
<id>242551</id>
<revision>
<id>2381957</id>
<parentid>1782362</parentid>
<timestamp>2017-05-05T18:51:29Z</timestamp>
<contributor>
<username>HydrizBot</username>
<id>29590</id>
</contributor>
<minor />
<comment>Robô: A limpar links interwikis antigos</comment>
<model>wikitext</model>
<format>text/x-wiki</format>
<text bytes="202" xml:space="preserve">={{-pt-}}=
==Forma verbal==
'''objectasses'''
#[[segunda pessoa]] do [[singular]] do [[pretérito imperfeito]] do [[modo subjuntivo]] do verbo '''[[objectar]]'''
[[Categoria:Forma verbal (Português)]]</text>
<sha1>k9fmiiub4dx07pzbgfd8sd12mf76ea3</sha1>
</revision>
