<page>
<title>objectivar</title>
<ns>0</ns>
<id>9658</id>
<revision>
<id>2381966</id>
<parentid>1577713</parentid>
<timestamp>2017-05-05T18:51:53Z</timestamp>
<contributor>
<username>HydrizBot</username>
<id>29590</id>
</contributor>
<minor />
<comment>Robô: A limpar links interwikis antigos</comment>
<model>wikitext</model>
<format>text/x-wiki</format>
<text bytes="204" xml:space="preserve">{{Anterior ao Acordo de 1990|objetivar}}
={{-pt-}}=
==Verbo==
{{oxítona|ob|jec|ti|var}}, ''transitivo''
# vide [[objetivar]]
===Conjugação===
{{conj/pt|objectiv|ar}}
[[Categoria:Verbo (Português)]]</text>
<sha1>3ee1mkjvxjikemx8riu6r0rifwg8bea</sha1>
</revision>
</page>
