<page>
<page>
<title>objectivareis</title>
<ns>0</ns>
<id>189155</id>
<revision>
<id>2381972</id>
<parentid>1161409</parentid>
<timestamp>2017-05-05T18:52:03Z</timestamp>
<contributor>
<username>HydrizBot</username>
<id>29590</id>
</contributor>
<minor />
<comment>Robô: A limpar links interwikis antigos</comment>
<model>wikitext</model>
<format>text/x-wiki</format>
<text bytes="178" xml:space="preserve">={{-pt-}}=
==Forma verbal==
'''objectivareis'''
#[[segunda pessoa]] do [[plural]] do [[futuro do presente]] do verbo '''[[objectivar]]'''
[[Categoria:Forma verbal (Português)]]</text>
<sha1>4ateciizns5u7e9m3ywp0t7ntnyj6ej</sha1>
</revision>
