<page>
<title>objetivavas</title>
<ns>0</ns>
<id>161641</id>
<revision>
<id>1161523</id>
<parentid>674834</parentid>
<timestamp>2011-07-05T23:12:22Z</timestamp>
<contributor>
<username>MalafayaBot</username>
<id>628</id>
</contributor>
<minor />
<comment>Robô: Substituição de texto automática (-^\=\s?Português\s?\= +={{-pt-}}= &amp; -^\=\s?\{\{pt\}\}\s?\= +={{-pt-}}=)</comment>
<model>wikitext</model>
<format>text/x-wiki</format>
<text bytes="202" xml:space="preserve">={{-pt-}}=
==Forma verbal==
'''objetivavas'''
#[[segunda pessoa]] do [[singular]] do [[pretérito imperfeito]] do [[modo indicativo]] do verbo '''[[objetivar]]'''
[[Categoria:Forma verbal (Português)]]</text>
<sha1>9pv16kwdydssrnuxfo4yw3j6bq3qnpt</sha1>
</revision>
</page>
