<page>
<title>objectivamos</title>
<ns>0</ns>
<id>157283</id>
<revision>
<id>2493009</id>
<parentid>2381964</parentid>
<timestamp>2018-04-03T18:54:39Z</timestamp>
<contributor>
<username>ValJor</username>
<id>1358</id>
</contributor>
<comment>Eliminando a maior parte do conteúdo do verbete: AO 1990</comment>
<model>wikitext</model>
<format>text/x-wiki</format>
<text bytes="168" xml:space="preserve">{{Anterior ao Acordo de 1990|objetivamos}}
={{-pt-}}=
==Forma verbal==
{{paroxítona|ob|jec|ti|va|mos}}
# vide [[objetivamos]]
[[Categoria:Forma verbal (Português)]]</text>
<sha1>k9qb7s25feto06xowdqoj0esx69wxsc</sha1>
</revision>
</page>
