<page>
<page>
<title>objectivavam</title>
<ns>0</ns>
<id>168942</id>
<revision>
<id>2381992</id>
<parentid>1161429</parentid>
<timestamp>2017-05-05T18:52:51Z</timestamp>
<contributor>
<username>HydrizBot</username>
<id>29590</id>
</contributor>
<minor />
<comment>Robô: A limpar links interwikis antigos</comment>
<model>wikitext</model>
<format>text/x-wiki</format>
<text bytes="203" xml:space="preserve">={{-pt-}}=
==Forma verbal==
'''objectivavam'''
#[[terceira pessoa]] do [[plural]] do [[pretérito imperfeito]] do [[modo indicativo]] do verbo '''[[objectivar]]'''
[[Categoria:Forma verbal (Português)]]</text>
<sha1>96at716sif6rd5csifhitj5fsozqaa0</sha1>
</revision>
