<page>
<page>
<title>objeção</title>
<ns>0</ns>
<id>74665</id>
<revision>
<id>2610873</id>
<parentid>2382086</parentid>
<timestamp>2021-01-30T22:26:20Z</timestamp>
<contributor>
<username>Marxav</username>
<id>73271</id>
</contributor>
<minor />
<comment>AFI Portugal</comment>
<model>wikitext</model>
<format>text/x-wiki</format>
<text bytes="1245" xml:space="preserve">={{-pt-}}=
==Substantivo==
{{flex.pt|fs=objeção|fp=objeções}}
{{oxítona|ob|je|ção}}, {{gramática|f}}
# [[razão]] ou [[argumento]] que se [[apresentar|apresenta]] para [[demonstrar]] [[oposição]], [[discordância]], [[recusa]]
# o ato de [[objetar]]
# razão ou [[causa]] para se objetar
===Tradução===
{{tradini}}
* {{trad|eu|erreparo|objekzio|oztopo}}
* {{trad|br|enebiezh}}
* {{trad|ca|objecció}}
* {{trad|es|objeción}}
* {{trad|fi|vastalause}}
* {{trad|fur|obiezion|oponisi}}
* {{trad|cy|gwrthwynebiad}}
* {{trad|gn|mboaje’ỹ|ñembotarue|ñembotove}}
* {{trad|gu|ઇતરાજ}}
{{tradmeio}}
* {{trad|hi|एतराज}}
* {{trad|en|objection}}
* {{trad|it|obiezione}}
* {{t|ja|反対|hantai}}
* {{trad|la|objectione}}
* {{trad|mr|आडकाठी}}
* {{trad|mwl|oubjeçon}}
* {{trad|fa|ايراد}}
* {{trad|pa|ਇਤਰਜ਼}}
* {{trad|sa|आपत्ति}}
{{tradfim}}
=={{etimologia|pt}}==
{{llietimo|la|objectio|pt}}
===Variante ortográfica===
* Anterior ao AO 1990: [[objecção]]
=={{pronúncia|pt}}==
===Portugal===
* AFI: {{AFI|/ɔb.ʒɛ.ˈsɐ̃w̃/}}
==Ver também==
===No Wikcionário===
* [[refutação]]
===Na Wikipédia===
* [[w:refutação|refutação]]
[[Categoria:Substantivo (Português)]]</text>
<sha1>osydwwfmcv4s1fgbcnvqpgoc6xc21bf</sha1>
</revision>
