<page>
<title>objetivaríeis</title>
<ns>0</ns>
<id>194477</id>
<revision>
<id>1161514</id>
<parentid>747610</parentid>
<timestamp>2011-07-05T23:12:12Z</timestamp>
<contributor>
<username>MalafayaBot</username>
<id>628</id>
</contributor>
<minor />
<comment>Robô: Substituição de texto automática (-^\=\s?Português\s?\= +={{-pt-}}= &amp; -^\=\s?\{\{pt\}\}\s?\= +={{-pt-}}=)</comment>
<model>wikitext</model>
<format>text/x-wiki</format>
<text bytes="180" xml:space="preserve">={{-pt-}}=
==Forma verbal==
'''objetivaríeis'''
#[[segunda pessoa]] do [[plural]] do [[futuro do pretérito]] do verbo '''[[objetivar]]'''
[[Categoria:Forma verbal (Português)]]</text>
<sha1>fe621tfgtfiyfwjalxud8lqu55bj90m</sha1>
</revision>
</page>
