<page>
<title>objetar</title>
<ns>0</ns>
<id>240014</id>
<revision>
<id>2382020</id>
<parentid>2237159</parentid>
<timestamp>2017-05-05T18:54:04Z</timestamp>
<contributor>
<username>HydrizBot</username>
<id>29590</id>
</contributor>
<minor />
<comment>Robô: A limpar links interwikis antigos</comment>
<model>wikitext</model>
<format>text/x-wiki</format>
<text bytes="540" xml:space="preserve">={{-pt-}}=
== Verbo ==
{{oxítona|ob|je|tar}}, ''transitivo direto ou indireto''
# (prep. ''a'') [[assumir]] [[posição]] em [[sentido]] [[contrário]]
{{oxítona|ob|je|tar}}, ''transitivo indireto''
# &lt;li value=&quot;2&quot;&gt;(prep. ''a'') [[mostrar|mostrar-se]] [[contrário]] a; [[opor|opor-se]]
=== Conjugação ===
{{conj/pt|objet|ar}}
=== Antônimos ===
* De '''2''': [[apoiar]]
=== Verbetes derivados ===
{{verTambém.Ini}}
* [[objeção]]
{{verTambém.Fim}}
=={{etimologia|pt}}==
{{llietimo|la|objectare|pt}}
[[Categoria: Verbo (Português)]]</text>
<sha1>s19d58cv1jl9oooq5qnew8kh83d3k2u</sha1>
</revision>
</page>
