<page>
<title>objectamos</title>
<ns>0</ns>
<id>242516</id>
<revision>
<id>2492989</id>
<parentid>1161364</parentid>
<timestamp>2018-04-03T18:11:57Z</timestamp>
<contributor>
<username>ValJor</username>
<id>1358</id>
</contributor>
<comment>Eliminando a maior parte do conteúdo do verbete: AO 1990</comment>
<model>wikitext</model>
<format>text/x-wiki</format>
<text bytes="161" xml:space="preserve">{{Anterior ao Acordo de 1990|objetamos}}
={{-pt-}}=
==Forma verbal==
{{paroxítona|ob|jec|ta|mos}}
# vide [[objetamos]]
[[Categoria:Forma verbal (Português)]]</text>
<sha1>162cwx8s6f1ghb0ommhqjf3hqlqcjiu</sha1>
</revision>
</page>
