<page>
<page>
<title>objectivasses</title>
<ns>0</ns>
<id>197124</id>
<revision>
<id>2381988</id>
<parentid>1782376</parentid>
<timestamp>2017-05-05T18:52:43Z</timestamp>
<contributor>
<username>HydrizBot</username>
<id>29590</id>
</contributor>
<minor />
<comment>Robô: A limpar links interwikis antigos</comment>
<model>wikitext</model>
<format>text/x-wiki</format>
<text bytes="206" xml:space="preserve">={{-pt-}}=
==Forma verbal==
'''objectivasses'''
#[[segunda pessoa]] do [[singular]] do [[pretérito imperfeito]] do [[modo subjuntivo]] do verbo '''[[objectivar]]'''
[[Categoria:Forma verbal (Português)]]</text>
<sha1>6cxvlneajyt5dkg3pvt0oecc6hjz4j4</sha1>
</revision>
