<page>
<page>
<title>objetaríeis</title>
<ns>0</ns>
<id>242258</id>
<revision>
<id>2382038</id>
<parentid>1782394</parentid>
<timestamp>2017-05-05T18:54:48Z</timestamp>
<contributor>
<username>HydrizBot</username>
<id>29590</id>
</contributor>
<minor />
<comment>Robô: A limpar links interwikis antigos</comment>
<model>wikitext</model>
<format>text/x-wiki</format>
<text bytes="176" xml:space="preserve">={{-pt-}}=
==Forma verbal==
'''objetaríeis'''
#[[segunda pessoa]] do [[plural]] do [[futuro do pretérito]] do verbo '''[[objetar]]'''
[[Categoria:Forma verbal (Português)]]</text>
<sha1>t94tif2wp260wiuhcho8n9fdlo5pp0e</sha1>
</revision>
