<page>
<page>
<title>objetivarmos</title>
<ns>0</ns>
<id>208607</id>
<revision>
<id>1161509</id>
<parentid>790340</parentid>
<timestamp>2011-07-05T23:12:08Z</timestamp>
<contributor>
<username>MalafayaBot</username>
<id>628</id>
</contributor>
<minor />
<comment>Robô: Substituição de texto automática (-^\=\s?Português\s?\= +={{-pt-}}= &amp; -^\=\s?\{\{pt\}\}\s?\= +={{-pt-}}=)</comment>
<model>wikitext</model>
<format>text/x-wiki</format>
<text bytes="278" xml:space="preserve">={{-pt-}}=
==Forma verbal==
'''objetivarmos'''
#[[primeira pessoa]] do [[plural]] do [[futuro]] do [[modo subjuntivo]] do verbo '''[[objetivar]]'''
#[[infinitivo pessoal]] da [[primeira pessoa]] do [[plural]] do verbo '''[[objetivar]]'''
[[Categoria:Forma verbal (Português)]]</text>
<sha1>m0dy2eexjosqoz19w3cgsvfuumuxaa5</sha1>
</revision>
