<page>
<title>objectivemos</title>
<ns>0</ns>
<id>214211</id>
<revision>
<id>2381998</id>
<parentid>1161434</parentid>
<timestamp>2017-05-05T18:53:07Z</timestamp>
<contributor>
<username>HydrizBot</username>
<id>29590</id>
</contributor>
<minor />
<comment>Robô: A limpar links interwikis antigos</comment>
<model>wikitext</model>
<format>text/x-wiki</format>
<text bytes="385" xml:space="preserve">={{-pt-}}=
==Forma verbal==
'''objectivemos'''
#[[primeira pessoa]] do [[plural]] do [[presente]] do [[modo subjuntivo]] do verbo '''[[objectivar]]'''
#[[primeira pessoa]] do [[plural]] do [[imperativo]] [[afirmativo]] do verbo '''[[objectivar]]'''
#[[primeira pessoa]] do [[plural]] do [[imperativo]] [[negativo]] do verbo '''[[objectivar]]'''
[[Categoria:Forma verbal (Português)]]</text>
<sha1>4zv585j1qcgtl3qvxtge7oao1dubdxh</sha1>
</revision>
</page>
