<page>
<page>
<title>objetarás</title>
<ns>0</ns>
<id>242250</id>
<revision>
<id>2382035</id>
<parentid>2020309</parentid>
<timestamp>2017-05-05T18:54:42Z</timestamp>
<contributor>
<username>HydrizBot</username>
<id>29590</id>
</contributor>
<minor />
<comment>Robô: A limpar links interwikis antigos</comment>
<model>wikitext</model>
<format>text/x-wiki</format>
<text bytes="174" xml:space="preserve">={{-pt-}}=
==Forma verbal==
'''objetarás'''
#[[segunda pessoa]] do [[singular]] do [[futuro do presente]] do verbo '''[[objetar]]'''
[[Categoria:Forma verbal (Português)]]</text>
<sha1>c3pe85fgfrbinizwm93468eu59jzvqw</sha1>
</revision>
