<page>
<title>objetei</title>
<ns>0</ns>
<id>242239</id>
<revision>
<id>2382049</id>
<parentid>1782384</parentid>
<timestamp>2017-05-05T18:55:09Z</timestamp>
<contributor>
<username>HydrizBot</username>
<id>29590</id>
</contributor>
<minor />
<comment>Robô: A limpar links interwikis antigos</comment>
<model>wikitext</model>
<format>text/x-wiki</format>
<text bytes="196" xml:space="preserve">={{-pt-}}=
==Forma verbal==
'''objetei'''
#[[primeira pessoa]] do [[singular]] do [[pretérito perfeito]] do [[modo indicativo]] do verbo '''[[objetar]]'''
[[Categoria:Forma verbal (Português)]]</text>
<sha1>8ndo1n2ta1dm5wtf7xhmbz1oj4qd3a3</sha1>
</revision>
</page>
