<page>
<title>objectivei</title>
<ns>0</ns>
<id>170376</id>
<revision>
<id>2381995</id>
<parentid>1161431</parentid>
<timestamp>2017-05-05T18:53:02Z</timestamp>
<contributor>
<username>HydrizBot</username>
<id>29590</id>
</contributor>
<minor />
<comment>Robô: A limpar links interwikis antigos</comment>
<model>wikitext</model>
<format>text/x-wiki</format>
<text bytes="201" xml:space="preserve">={{-pt-}}=
==Forma verbal==
'''objectivei'''
#[[primeira pessoa]] do [[singular]] do [[pretérito perfeito]] do [[modo indicativo]] do verbo '''[[objectivar]]'''
[[Categoria:Forma verbal (Português)]]</text>
<sha1>495wpj3hqh1zq9u6gmuoo1bj1a7gnwp</sha1>
</revision>
</page>
