<page>
<title>objecta</title>
<ns>0</ns>
<id>242515</id>
<revision>
<id>2381950</id>
<parentid>1782308</parentid>
<timestamp>2017-05-05T18:51:02Z</timestamp>
<contributor>
<username>HydrizBot</username>
<id>29590</id>
</contributor>
<minor />
<comment>Robô: A limpar links interwikis antigos</comment>
<model>wikitext</model>
<format>text/x-wiki</format>
<text bytes="283" xml:space="preserve">={{-pt-}}=
==Forma verbal==
'''objecta'''
#[[terceira]] [[pessoa]] do [[singular]] do [[presente]] [[indicativo]] do verbo '''[[objectar]]'''
#[[segunda]] [[pessoa]] do [[singular]] do [[imperativo]] [[afirmativo]] do verbo '''[[objectar]]'''
[[Categoria:Forma verbal (Português)]]</text>
<sha1>2zer2z9ier9fncm8rdxpdg20hectbpe</sha1>
</revision>
</page>
