<page>
<page>
<title>objetarei</title>
<ns>0</ns>
<id>242249</id>
<revision>
<id>2382025</id>
<parentid>1782405</parentid>
<timestamp>2017-05-05T18:54:17Z</timestamp>
<contributor>
<username>HydrizBot</username>
<id>29590</id>
</contributor>
<minor />
<comment>Robô: A limpar links interwikis antigos</comment>
<model>wikitext</model>
<format>text/x-wiki</format>
<text bytes="174" xml:space="preserve">={{-pt-}}=
==Forma verbal==
'''objetarei'''
#[[primeira pessoa]] do [[singular]] do [[futuro do presente]] do verbo '''[[objetar]]'''
[[Categoria:Forma verbal (Português)]]</text>
<sha1>6g5jgyly1l7xm1xxjcwhiuextz8hbor</sha1>
</revision>
