<page>
<title>objetivou</title>
<ns>0</ns>
<id>173166</id>
<revision>
<id>1161530</id>
<parentid>707662</parentid>
<timestamp>2011-07-05T23:12:29Z</timestamp>
<contributor>
<username>MalafayaBot</username>
<id>628</id>
</contributor>
<minor />
<comment>Robô: Substituição de texto automática (-^\=\s?Português\s?\= +={{-pt-}}= &amp; -^\=\s?\{\{pt\}\}\s?\= +={{-pt-}}=)</comment>
<model>wikitext</model>
<format>text/x-wiki</format>
<text bytes="199" xml:space="preserve">={{-pt-}}=
==Forma verbal==
'''objetivou'''
#[[terceira pessoa]] do [[singular]] do [[pretérito perfeito]] do [[modo indicativo]] do verbo '''[[objetivar]]'''
[[Categoria:Forma verbal (Português)]]</text>
<sha1>jdp46pofv2ic3tkh9unzhm7g28ak79e</sha1>
</revision>
</page>
