<page>
<title>objecção</title>
<ns>0</ns>
<id>74669</id>
<revision>
<id>2382012</id>
<parentid>1782371</parentid>
<timestamp>2017-05-05T18:53:44Z</timestamp>
<contributor>
<username>HydrizBot</username>
<id>29590</id>
</contributor>
<minor />
<comment>Robô: A limpar links interwikis antigos</comment>
<model>wikitext</model>
<format>text/x-wiki</format>
<text bytes="211" xml:space="preserve">{{Anterior ao Acordo de 1990|objeção}}
={{-pt-}}=
==Substantivo==
{{flex.pt|fs=objecção|fp=objecções}}
{{oxítona|ob|jec|ção}}, ''feminino ''
# vide [[objeção]]
[[Categoria:Substantivo (Português)]]</text>
<sha1>pjyooz95k3bt9ndv7n0tuxt3neu8zav</sha1>
</revision>
</page>
