<page>
<page>
<title>objetivaremos</title>
<ns>0</ns>
<id>187716</id>
<revision>
<id>2382061</id>
<parentid>1985004</parentid>
<timestamp>2017-05-05T18:55:39Z</timestamp>
<contributor>
<username>HydrizBot</username>
<id>29590</id>
</contributor>
<minor />
<comment>Robô: A limpar links interwikis antigos</comment>
<model>wikitext</model>
<format>text/x-wiki</format>
<text bytes="178" xml:space="preserve">={{-pt-}}=
==Forma verbal==
'''objetivaremos'''
#[[primeira pessoa]] do [[plural]] do [[futuro do presente]] do verbo '''[[objetivar]]'''
[[Categoria:Forma verbal (Português)]]</text>
<sha1>dg2ls1e0olxe4nnpx5tbaztn06lafwy</sha1>
</revision>
