<page>
<title>objectar</title>
<ns>0</ns>
<id>238429</id>
<revision>
<id>2381954</id>
<parentid>2252508</parentid>
<timestamp>2017-05-05T18:51:16Z</timestamp>
<contributor>
<username>HydrizBot</username>
<id>29590</id>
</contributor>
<minor />
<comment>Robô: A limpar links interwikis antigos</comment>
<model>wikitext</model>
<format>text/x-wiki</format>
<text bytes="235" xml:space="preserve">{{Anterior ao Acordo de 1990|objetar}}
={{-pt-}}=
==Verbo==
{{oxítona|ob|jec|tar}}
# [[objetar]]
===Conjugação===
{{conj/pt|object|ar}}
=={{etimologia|pt}}==
: Do infinitivo latino ''objectare''.
[[Categoria:Verbo (Português)]]</text>
<sha1>kzriclpjiumr81strk8s4jf4ze07wgn</sha1>
</revision>
</page>
