<page>
<title>objeto</title>
<ns>0</ns>
<id>3138</id>
<revision>
<id>2684001</id>
<parentid>2683996</parentid>
<timestamp>2022-07-19T20:01:37Z</timestamp>
<contributor>
<username>Tegel</username>
<id>25438</id>
</contributor>
<minor />
<comment>Revertidas edições por [[Especial:Contribuições/138.94.174.213|138.94.174.213]] para a última versão por [[Especial:Contribuições/2804:29B8:508F:206C:C53:F52B:F761:47B7|2804:29B8:508F:206C:C53:F52B:F761:47B7]]</comment>
<model>wikitext</model>
<format>text/x-wiki</format>
<text bytes="3030" xml:space="preserve">{{Wikipédia}}
={{-pt-}}=
== Substantivo ==
{{flex.pt|ms=objeto|mp=objetos}}
{{paroxítona|ob|je|to}}
# [[algo]] [[material]], [[corpo]] [[sólido]]
# [[tudo]] aquilo que é considerado [[exterior]], fisica ou psicologicamente, ao [[observador]]
#{{escopo|pt|Gramática}} [[complemento]] [[verbal]] precedido de [[preposição]] ('''objeto indireto''') ou [[sem]] ela ('''objeto direto''')
#{{escopo|pt|Informática}} [[instância]] de uma [[classe]], [[entidade]] que pode processar [[dado]]s e trocar [[mensagem|mensagens]] com outros objetos
#{{escopo|pt|Filosofia}} aquilo que não é um [[conceito]]
===Expressões===
* '''[[objeto direto]]''': [[complemento]] de [[verbo]] não regido por [[preposição]] ou [[posposição]].
* '''[[objeto indireto]]''': complemento de verbo regido por preposição ou posposição.
* '''[[orientado a objetos]]''': diz-se de [[programa]]s ou [[linguagem de programação|linguagens de programação]] que usam objetos.
* '''[[voltada a objetos]]''': o mesmo que [[orientado a objetos]].
===Tradução===
{{tradini|De 1 (algo material)}}
* {{trad|de|Gegenstand}} ''m''
* {{trad|da|genstand}} ''c''
* {{trad|es|objeto}} ''m''
* {{trad|fr|objet}} ''m''
* {{trad|gl|obxecto}} ''m''
* {{trad|en|object}}
* {{trad|is|hlutur}} ''m''
{{tradmeio}}
* {{trad|it|oggetto}} ''m''
* {{trad|la|objectu}}
* {{trad|mwl|oubjeto|oujeto}} ''m''
* {{trad|no|gjenstand}} ''m''
* {{trad|sv|föremål}} ''n''
* {{trad|tu|mbaé|mba'e}}
{{tradfim}}
{{tradini|De 2 (aquilo que é considerado exterior ao observador)}}
* {{trad|en|object}}
{{tradmeio}}
{{tradfim}}
{{tradini|De 3 (complemento verbal)}}
* {{trad|de|Objekt}} ''n''
* {{trad|da|objekt}} ''n''
* {{trad|es|objeto}} ''m''
* {{trad|fr|objet}} ''m''
* {{trad|gl|obxecto}} ''m''
{{tradmeio}}
* {{trad|en|object}}
* {{trad|is|andlag}} ''n''
* {{trad|it|oggetto}} ''m''
* {{trad|no|objekt}} ''n''
* {{trad|sv|objekt}} ''n''
{{tradfim}}
{{tradini|De 4 (entidade que pode processar dados e trocar mensagens com outros objetos)}}
* {{trad|de|Objekt}} ''n''
* {{trad|da|objekt}} ''n''
* {{trad|es|objeto}} ''m''
* {{trad|fr|objet}} ''m''
* {{trad|gl|obxecto}} ''m''
{{tradmeio}}
* {{trad|en|object}}
* {{trad|is|hlutur|viðfang}} ''m'' / ''n''
* {{trad|it|oggetto}} ''m''
* {{trad|no|objekt}} ''n''
* {{trad|sv|objekt}} ''n''
{{tradfim}}
==={{-varort-}}===
* Anterior ao AO 1990: [[objecto]]
=={{pronúncia|pt}}==
===Brasil===
====Carioca====
* [[Ajuda:Guia de pronúncia|AFI]]: {{AFI|[ob.ˈʒɛ.tu]}}&lt;small&gt;, Plural: &lt;/small&gt;{{AFI|[ob.ˈʒɛ.tuʃ]}}
====Curitibana e Gaúcha====
* [[Ajuda:Guia de pronúncia|AFI]]: {{AFI|[ob.ˈʒɛ.to]}}&lt;small&gt;, Plural: &lt;/small&gt;{{AFI|[ob.ˈʒɛ.tos]}}
====Paulistana====
* [[Ajuda:Guia de pronúncia|AFI]]: {{AFI|[ob.ˈʒɛ.tu]}}&lt;small&gt;, Plural: &lt;/small&gt;{{AFI|[ob.ˈʒɛ.tus]}}
===Portugal===
* [[Ajuda:Guia de pronúncia|AFI]]: {{AFI|[ɔb.ˈʒɛ.tu]}}&lt;small&gt;, Plural: &lt;/small&gt;{{AFI|[ɔb.ˈʒɛ.tuʃ]}}
[[Categoria:Substantivo (Português)]]
[[Categoria:Gramática (Português)]]
[[Categoria:Informática (Português)]]</text>
<sha1>5wp5i8nta47g2gdyb7ak77h3kb3yowc</sha1>
</revision>
</page>
