<page>
<page>
<title>objectivarias</title>
<ns>0</ns>
<id>200100</id>
<revision>
<id>2381978</id>
<parentid>1161415</parentid>
<timestamp>2017-05-05T18:52:18Z</timestamp>
<contributor>
<username>HydrizBot</username>
<id>29590</id>
</contributor>
<minor />
<comment>Robô: A limpar links interwikis antigos</comment>
<model>wikitext</model>
<format>text/x-wiki</format>
<text bytes="182" xml:space="preserve">={{-pt-}}=
==Forma verbal==
'''objectivarias'''
#[[segunda pessoa]] do [[singular]] do [[futuro do pretérito]] do verbo '''[[objectivar]]'''
[[Categoria:Forma verbal (Português)]]</text>
<sha1>ipf584chbz467sbu7vyk1igc71k1aac</sha1>
</revision>
