<page>
<page>
<title>objetivais</title>
<ns>0</ns>
<id>158675</id>
<revision>
<id>1161493</id>
<parentid>669910</parentid>
<timestamp>2011-07-05T23:11:50Z</timestamp>
<contributor>
<username>MalafayaBot</username>
<id>628</id>
</contributor>
<minor />
<comment>Robô: Substituição de texto automática (-^\=\s?Português\s?\= +={{-pt-}}= &amp; -^\=\s?\{\{pt\}\}\s?\= +={{-pt-}}=)</comment>
<model>wikitext</model>
<format>text/x-wiki</format>
<text bytes="186" xml:space="preserve">={{-pt-}}=
==Forma verbal==
'''objetivais'''
#[[segunda pessoa]] do [[plural]] do [[presente]] do [[modo indicativo]] do verbo '''[[objetivar]]'''
[[Categoria:Forma verbal (Português)]]</text>
<sha1>ix6w5agtoesl6oy2vfgpic9ewlklzs0</sha1>
</revision>
