<page>
<title>objetivávamos</title>
<ns>0</ns>
<id>163034</id>
<revision>
<id>1161536</id>
<parentid>676823</parentid>
<timestamp>2011-07-05T23:12:35Z</timestamp>
<contributor>
<username>MalafayaBot</username>
<id>628</id>
</contributor>
<minor />
<comment>Robô: Substituição de texto automática (-^\=\s?Português\s?\= +={{-pt-}}= &amp; -^\=\s?\{\{pt\}\}\s?\= +={{-pt-}}=)</comment>
<model>wikitext</model>
<format>text/x-wiki</format>
<text bytes="204" xml:space="preserve">={{-pt-}}=
==Forma verbal==
'''objetivávamos'''
#[[primeira pessoa]] do [[plural]] do [[pretérito imperfeito]] do [[modo indicativo]] do verbo '''[[objetivar]]'''
[[Categoria:Forma verbal (Português)]]</text>
<sha1>jbfxb9n4zu6sgd1vijjhmnzcsryuz8b</sha1>
</revision>
</page>
