<page>
<page>
<title>objetássemos</title>
<ns>0</ns>
<id>242267</id>
<revision>
<id>2382083</id>
<parentid>1782413</parentid>
<timestamp>2017-05-05T18:56:30Z</timestamp>
<contributor>
<username>HydrizBot</username>
<id>29590</id>
</contributor>
<minor />
<comment>Robô: A limpar links interwikis antigos</comment>
<model>wikitext</model>
<format>text/x-wiki</format>
<text bytes="202" xml:space="preserve">={{-pt-}}=
==Forma verbal==
'''objetássemos'''
#[[primeira pessoa]] do [[plural]] do [[pretérito imperfeito]] do [[modo subjuntivo]] do verbo '''[[objetar]]'''
[[Categoria:Forma verbal (Português)]]</text>
<sha1>5zbd4bzlnwsh2rocrspiidylgxsn6j7</sha1>
</revision>
