<page>
<title>objectivavas</title>
<ns>0</ns>
<id>161640</id>
<revision>
<id>2381993</id>
<parentid>1161430</parentid>
<timestamp>2017-05-05T18:52:53Z</timestamp>
<contributor>
<username>HydrizBot</username>
<id>29590</id>
</contributor>
<minor />
<comment>Robô: A limpar links interwikis antigos</comment>
<model>wikitext</model>
<format>text/x-wiki</format>
<text bytes="204" xml:space="preserve">={{-pt-}}=
==Forma verbal==
'''objectivavas'''
#[[segunda pessoa]] do [[singular]] do [[pretérito imperfeito]] do [[modo indicativo]] do verbo '''[[objectivar]]'''
[[Categoria:Forma verbal (Português)]]</text>
<sha1>85zb26jv276r2qusvmhje6caq0qz1na</sha1>
</revision>
</page>
