<page>
<page>
<title>objetivarias</title>
<ns>0</ns>
<id>200101</id>
<revision>
<id>1161508</id>
<parentid>768629</parentid>
<timestamp>2011-07-05T23:12:06Z</timestamp>
<contributor>
<username>MalafayaBot</username>
<id>628</id>
</contributor>
<minor />
<comment>Robô: Substituição de texto automática (-^\=\s?Português\s?\= +={{-pt-}}= &amp; -^\=\s?\{\{pt\}\}\s?\= +={{-pt-}}=)</comment>
<model>wikitext</model>
<format>text/x-wiki</format>
<text bytes="180" xml:space="preserve">={{-pt-}}=
==Forma verbal==
'''objetivarias'''
#[[segunda pessoa]] do [[singular]] do [[futuro do pretérito]] do verbo '''[[objetivar]]'''
[[Categoria:Forma verbal (Português)]]</text>
<sha1>7hhjh6lmkzucaw25ev9o9w5qpfkiw5u</sha1>
</revision>
