<page>
<title>objeta</title>
<ns>0</ns>
<id>242230</id>
<revision>
<id>2382014</id>
<parentid>2020302</parentid>
<timestamp>2017-05-05T18:53:49Z</timestamp>
<contributor>
<username>HydrizBot</username>
<id>29590</id>
</contributor>
<minor />
<comment>Robô: A limpar links interwikis antigos</comment>
<model>wikitext</model>
<format>text/x-wiki</format>
<text bytes="280" xml:space="preserve">={{-pt-}}=
==Forma verbal==
'''objeta'''
#[[terceira]] [[pessoa]] do [[singular]] do [[presente]] [[indicativo]] do verbo '''[[objetar]]'''
#[[segunda]] [[pessoa]] do [[singular]] do [[imperativo]] [[afirmativo]] do verbo '''[[objetar]]'''
[[Categoria:Forma verbal (Português)]]</text>
<sha1>gpyjbs9rgloq8rnnobrv3ndnx1ic9gz</sha1>
</revision>
</page>
