<page>
<title>objectaríeis</title>
<ns>0</ns>
<id>242543</id>
<revision>
<id>1161383</id>
<parentid>920916</parentid>
<timestamp>2011-07-05T23:09:58Z</timestamp>
<contributor>
<username>MalafayaBot</username>
<id>628</id>
</contributor>
<minor />
<comment>Robô: Substituição de texto automática (-^\=\s?Português\s?\= +={{-pt-}}= &amp; -^\=\s?\{\{pt\}\}\s?\= +={{-pt-}}=)</comment>
<model>wikitext</model>
<format>text/x-wiki</format>
<text bytes="178" xml:space="preserve">={{-pt-}}=
==Forma verbal==
'''objectaríeis'''
#[[segunda pessoa]] do [[plural]] do [[futuro do pretérito]] do verbo '''[[objectar]]'''
[[Categoria:Forma verbal (Português)]]</text>
<sha1>4wf7nw9ebwpoj220cy684zamxf20ks4</sha1>
</revision>
</page>
