<page>
<page>
<title>objetividade</title>
<ns>0</ns>
<id>34580</id>
<revision>
<id>2618018</id>
<parentid>2474998</parentid>
<timestamp>2021-02-01T05:35:20Z</timestamp>
<contributor>
<username>MarxavBot</username>
<id>80155</id>
</contributor>
<minor />
<comment>AFI Portugal</comment>
<model>wikitext</model>
<format>text/x-wiki</format>
<text bytes="452" xml:space="preserve">={{-pt-}}=
==Substantivo==
{{paroxítona|ob|je|ti|vi|da|de}}, ''feminino''
# [[qualidade]] do que é [[objetivo]]
===Antônimo===
* [[subjetividade]]
===Tradução===
{{tradini}}
* {{trad|en|objectivity}}
{{tradmeio}}
* {{trad|en|oubjetebidade|oujetebidade}}
{{tradfim}}
=={{etimologia|pt}}==
: De ''[[objetivo]]'' + ''[[-idade]]''.
=={{pronúncia|pt}}==
===Portugal===
* AFI: {{AFI|/ɔb.ʒɛ.ti.vi.ˈda.dɨ/}}
[[Categoria:Substantivo (Português)]]</text>
<sha1>b68tpcw6drwumsm6j3qageb0tce4wg5</sha1>
</revision>
