<page>
<title>objectáramos</title>
<ns>0</ns>
<id>242532</id>
<revision>
<id>1161446</id>
<parentid>920905</parentid>
<timestamp>2011-07-05T23:11:01Z</timestamp>
<contributor>
<username>MalafayaBot</username>
<id>628</id>
</contributor>
<minor />
<comment>Robô: Substituição de texto automática (-^\=\s?Português\s?\= +={{-pt-}}= &amp; -^\=\s?\{\{pt\}\}\s?\= +={{-pt-}}=)</comment>
<model>wikitext</model>
<format>text/x-wiki</format>
<text bytes="187" xml:space="preserve">={{-pt-}}=
==Forma verbal==
'''objectáramos'''
#[[primeira pessoa]] do [[plural]] do [[pretérito mais-que-perfeito]] do verbo '''[[objectar]]'''
[[Categoria:Forma verbal (Português)]]</text>
<sha1>3ua5cybo2qox4b3upxx6tm7w1fni7o9</sha1>
</revision>
</page>
