<page>
<title>objectasse</title>
<ns>0</ns>
<id>242550</id>
<revision>
<id>2381956</id>
<parentid>1782363</parentid>
<timestamp>2017-05-05T18:51:25Z</timestamp>
<contributor>
<username>HydrizBot</username>
<id>29590</id>
</contributor>
<minor />
<comment>Robô: A limpar links interwikis antigos</comment>
<model>wikitext</model>
<format>text/x-wiki</format>
<text bytes="233" xml:space="preserve">={{-pt-}}=
==Forma verbal==
'''objectasse'''
#[[primeira pessoa|primeira]] e [[terceira pessoa]] do [[singular]] do [[pretérito imperfeito]] do [[modo subjuntivo]] do verbo '''[[objectar]]'''
[[Categoria:Forma verbal (Português)]]</text>
<sha1>o8tg829cu59ajfi11sxqj77nd7nlhrq</sha1>
</revision>
</page>
