<page>
<page>
<title>objectiveis</title>
<ns>0</ns>
<id>217164</id>
<revision>
<id>2381996</id>
<parentid>1161432</parentid>
<timestamp>2017-05-05T18:53:04Z</timestamp>
<contributor>
<username>HydrizBot</username>
<id>29590</id>
</contributor>
<minor />
<comment>Robô: A limpar links interwikis antigos</comment>
<model>wikitext</model>
<format>text/x-wiki</format>
<text bytes="284" xml:space="preserve">={{-pt-}}=
==Forma verbal==
'''objectiveis'''
#[[segunda pessoa]] do [[plural]] do [[presente]] do [[modo subjuntivo]] do verbo '''[[objectivar]]'''
#[[segunda pessoa]] do [[plural]] do [[imperativo]] [[negativo]] do verbo '''[[objectivar]]'''
[[Categoria:Forma verbal (Português)]]</text>
<sha1>h4ldiybz50623koqh7hngc2z6bh1t2l</sha1>
</revision>
