<page>
<page>
<title>objetando</title>
<ns>0</ns>
<id>242228</id>
<revision>
<id>2382019</id>
<parentid>2020316</parentid>
<timestamp>2017-05-05T18:53:59Z</timestamp>
<contributor>
<username>HydrizBot</username>
<id>29590</id>
</contributor>
<minor />
<comment>Robô: A limpar links interwikis antigos</comment>
<model>wikitext</model>
<format>text/x-wiki</format>
<text bytes="126" xml:space="preserve">={{-pt-}}=
==Forma verbal==
'''objetando'''
#[[gerúndio]] do verbo '''[[objetar]]'''
[[Categoria:Forma verbal (Português)]]</text>
<sha1>2ga2smh5b7bfzwjzfq12umcgas2home</sha1>
</revision>
