<page>
<page>
<title>objectassem</title>
<ns>0</ns>
<id>242554</id>
<revision>
<id>1161386</id>
<parentid>920927</parentid>
<timestamp>2011-07-05T23:10:01Z</timestamp>
<contributor>
<username>MalafayaBot</username>
<id>628</id>
</contributor>
<minor />
<comment>Robô: Substituição de texto automática (-^\=\s?Português\s?\= +={{-pt-}}= &amp; -^\=\s?\{\{pt\}\}\s?\= +={{-pt-}}=)</comment>
<model>wikitext</model>
<format>text/x-wiki</format>
<text bytes="201" xml:space="preserve">={{-pt-}}=
==Forma verbal==
'''objectassem'''
#[[terceira pessoa]] do [[plural]] do [[pretérito imperfeito]] do [[modo subjuntivo]] do verbo '''[[objectar]]'''
[[Categoria:Forma verbal (Português)]]</text>
<sha1>nue3k377r51qs5yo5sv5nh5tdbxn54s</sha1>
</revision>
