<page>
<page>
<title>objetivaríamos</title>
<ns>0</ns>
<id>193170</id>
<revision>
<id>2382065</id>
<parentid>1985033</parentid>
<timestamp>2017-05-05T18:55:46Z</timestamp>
<contributor>
<username>HydrizBot</username>
<id>29590</id>
</contributor>
<minor />
<comment>Robô: A limpar links interwikis antigos</comment>
<model>wikitext</model>
<format>text/x-wiki</format>
<text bytes="182" xml:space="preserve">={{-pt-}}=
==Forma verbal==
'''objetivaríamos'''
#[[primeira pessoa]] do [[plural]] do [[futuro do pretérito]] do verbo '''[[objetivar]]'''
[[Categoria:Forma verbal (Português)]]</text>
<sha1>bl1g0ba8g7ut7qqpijvapqk957uziny</sha1>
</revision>
