<page>
<title>objetassem</title>
<ns>0</ns>
<id>242269</id>
<revision>
<id>2382041</id>
<parentid>1782391</parentid>
<timestamp>2017-05-05T18:54:53Z</timestamp>
<contributor>
<username>HydrizBot</username>
<id>29590</id>
</contributor>
<minor />
<comment>Robô: A limpar links interwikis antigos</comment>
<model>wikitext</model>
<format>text/x-wiki</format>
<text bytes="199" xml:space="preserve">={{-pt-}}=
==Forma verbal==
'''objetassem'''
#[[terceira pessoa]] do [[plural]] do [[pretérito imperfeito]] do [[modo subjuntivo]] do verbo '''[[objetar]]'''
[[Categoria:Forma verbal (Português)]]</text>
<sha1>rnpaxmm4vawx7k03l7rlnj5h1f3ke7z</sha1>
</revision>
</page>
