<page>
<title>objectas</title>
<ns>0</ns>
<id>242514</id>
<revision>
<id>2381955</id>
<parentid>1782364</parentid>
<timestamp>2017-05-05T18:51:22Z</timestamp>
<contributor>
<username>HydrizBot</username>
<id>29590</id>
</contributor>
<minor />
<comment>Robô: A limpar links interwikis antigos</comment>
<model>wikitext</model>
<format>text/x-wiki</format>
<text bytes="182" xml:space="preserve">={{-pt-}}=
==Forma verbal==
'''objectas'''
#[[segunda]] [[pessoa]] do [[singular]] do [[presente]] [[indicativo]] do verbo '''[[objectar]]'''
[[Categoria:Forma verbal (Português)]]</text>
<sha1>mtojzluahfdquvqhkmg7pz8wahd7ijw</sha1>
</revision>
</page>
