<page>
<title>objetavam</title>
<ns>0</ns>
<id>242238</id>
<revision>
<id>2382046</id>
<parentid>1782386</parentid>
<timestamp>2017-05-05T18:55:02Z</timestamp>
<contributor>
<username>HydrizBot</username>
<id>29590</id>
</contributor>
<minor />
<comment>Robô: A limpar links interwikis antigos</comment>
<model>wikitext</model>
<format>text/x-wiki</format>
<text bytes="198" xml:space="preserve">={{-pt-}}=
==Forma verbal==
'''objetavam'''
#[[terceira pessoa]] do [[plural]] do [[pretérito imperfeito]] do [[modo indicativo]] do verbo '''[[objetar]]'''
[[Categoria:Forma verbal (Português)]]</text>
<sha1>md56e9780aul4og3nvft9iy0s4fhfzn</sha1>
</revision>
</page>
