<page>
<page>
<title>objectivarás</title>
<ns>0</ns>
<id>184983</id>
<revision>
<id>2381981</id>
<parentid>1161418</parentid>
<timestamp>2017-05-05T18:52:27Z</timestamp>
<contributor>
<username>HydrizBot</username>
<id>29590</id>
</contributor>
<minor />
<comment>Robô: A limpar links interwikis antigos</comment>
<model>wikitext</model>
<format>text/x-wiki</format>
<text bytes="180" xml:space="preserve">={{-pt-}}=
==Forma verbal==
'''objectivarás'''
#[[segunda pessoa]] do [[singular]] do [[futuro do presente]] do verbo '''[[objectivar]]'''
[[Categoria:Forma verbal (Português)]]</text>
<sha1>ak4azaqpacrw5jpe3b7akeklxraot6p</sha1>
</revision>
