<page>
<page>
<title>objetivando</title>
<ns>0</ns>
<id>155838</id>
<revision>
<id>2382056</id>
<parentid>1985009</parentid>
<timestamp>2017-05-05T18:55:27Z</timestamp>
<contributor>
<username>HydrizBot</username>
<id>29590</id>
</contributor>
<minor />
<comment>Robô: A limpar links interwikis antigos</comment>
<model>wikitext</model>
<format>text/x-wiki</format>
<text bytes="144" xml:space="preserve">={{-pt-}}=
==Forma verbal==
{{paroxítona|ob|je|ti|van|do}}
#[[gerúndio]] do verbo '''[[objetivar]]'''
[[Categoria:Forma verbal (Português)]]</text>
<sha1>i72cuiyahl1qpmzr3epczsw8u96xexo</sha1>
</revision>
