<page>
<page>
<title>objetasses</title>
<ns>0</ns>
<id>242266</id>
<revision>
<id>2382042</id>
<parentid>1782390</parentid>
<timestamp>2017-05-05T18:54:54Z</timestamp>
<contributor>
<username>HydrizBot</username>
<id>29590</id>
</contributor>
<minor />
<comment>Robô: A limpar links interwikis antigos</comment>
<model>wikitext</model>
<format>text/x-wiki</format>
<text bytes="200" xml:space="preserve">={{-pt-}}=
==Forma verbal==
'''objetasses'''
#[[segunda pessoa]] do [[singular]] do [[pretérito imperfeito]] do [[modo subjuntivo]] do verbo '''[[objetar]]'''
[[Categoria:Forma verbal (Português)]]</text>
<sha1>owq0ic5ibzemo83axarfpa16xzgejz1</sha1>
</revision>
