<page>
<page>
<title>objetariam</title>
<ns>0</ns>
<id>242259</id>
<revision>
<id>2382031</id>
<parentid>1782400</parentid>
<timestamp>2017-05-05T18:54:34Z</timestamp>
<contributor>
<username>HydrizBot</username>
<id>29590</id>
</contributor>
<minor />
<comment>Robô: A limpar links interwikis antigos</comment>
<model>wikitext</model>
<format>text/x-wiki</format>
<text bytes="175" xml:space="preserve">={{-pt-}}=
==Forma verbal==
'''objetariam'''
#[[terceira pessoa]] do [[plural]] do [[futuro do pretérito]] do verbo '''[[objetar]]'''
[[Categoria:Forma verbal (Português)]]</text>
<sha1>r9y6lwjasleyieyu0wg2fyt16ft2dud</sha1>
</revision>
