<page>
<title>objetivasse</title>
<ns>0</ns>
<id>205429</id>
<revision>
<id>1161516</id>
<parentid>778993</parentid>
<timestamp>2011-07-05T23:12:15Z</timestamp>
<contributor>
<username>MalafayaBot</username>
<id>628</id>
</contributor>
<minor />
<comment>Robô: Substituição de texto automática (-^\=\s?Português\s?\= +={{-pt-}}= &amp; -^\=\s?\{\{pt\}\}\s?\= +={{-pt-}}=)</comment>
<model>wikitext</model>
<format>text/x-wiki</format>
<text bytes="235" xml:space="preserve">={{-pt-}}=
==Forma verbal==
'''objetivasse'''
#[[primeira pessoa|primeira]] e [[terceira pessoa]] do [[singular]] do [[pretérito imperfeito]] do [[modo subjuntivo]] do verbo '''[[objetivar]]'''
[[Categoria:Forma verbal (Português)]]</text>
<sha1>optc4fvb9oeifhkh7zji5cjq2ld99ui</sha1>
</revision>
</page>
