<page>
<page>
<title>objectivaremos</title>
<ns>0</ns>
<id>187715</id>
<revision>
<id>2381974</id>
<parentid>1161411</parentid>
<timestamp>2017-05-05T18:52:07Z</timestamp>
<contributor>
<username>HydrizBot</username>
<id>29590</id>
</contributor>
<minor />
<comment>Robô: A limpar links interwikis antigos</comment>
<model>wikitext</model>
<format>text/x-wiki</format>
<text bytes="180" xml:space="preserve">={{-pt-}}=
==Forma verbal==
'''objectivaremos'''
#[[primeira pessoa]] do [[plural]] do [[futuro do presente]] do verbo '''[[objectivar]]'''
[[Categoria:Forma verbal (Português)]]</text>
<sha1>sk0egkf7emzas89ngu338m31uya0mn7</sha1>
</revision>
