<page>
<page>
<title>objectivastes</title>
<ns>0</ns>
<id>174461</id>
<revision>
<id>2381990</id>
<parentid>1161427</parentid>
<timestamp>2017-05-05T18:52:47Z</timestamp>
<contributor>
<username>HydrizBot</username>
<id>29590</id>
</contributor>
<minor />
<comment>Robô: A limpar links interwikis antigos</comment>
<model>wikitext</model>
<format>text/x-wiki</format>
<text bytes="201" xml:space="preserve">={{-pt-}}=
==Forma verbal==
'''objectivastes'''
#[[segunda pessoa]] do [[plural]] do [[pretérito perfeito]] do [[modo indicativo]] do verbo '''[[objectivar]]'''
[[Categoria:Forma verbal (Português)]]</text>
<sha1>evihab163f1sckkefighjfk5603zxpg</sha1>
</revision>
