<page>
<page>
<title>objetivaria</title>
<ns>0</ns>
<id>191828</id>
<revision>
<id>1161506</id>
<parentid>768199</parentid>
<timestamp>2011-07-05T23:12:04Z</timestamp>
<contributor>
<username>MalafayaBot</username>
<id>628</id>
</contributor>
<minor />
<comment>Robô: Substituição de texto automática (-^\=\s?Português\s?\= +={{-pt-}}= &amp; -^\=\s?\{\{pt\}\}\s?\= +={{-pt-}}=)</comment>
<model>wikitext</model>
<format>text/x-wiki</format>
<text bytes="211" xml:space="preserve">={{-pt-}}=
==Forma verbal==
'''objetivaria'''
#[[primeira pessoa|primeira]] e [[terceira pessoa]] do [[singular]] do [[futuro do pretérito]] do verbo '''[[objetivar]]'''
[[Categoria:Forma verbal (Português)]]</text>
<sha1>oxvmpm569dx4pl76r0f097pwy4v726k</sha1>
</revision>
