<page>
<page>
<title>objectos</title>
<ns>0</ns>
<id>75364</id>
<revision>
<id>2382011</id>
<parentid>1985002</parentid>
<timestamp>2017-05-05T18:53:42Z</timestamp>
<contributor>
<username>HydrizBot</username>
<id>29590</id>
</contributor>
<minor />
<comment>Robô: A limpar links interwikis antigos</comment>
<model>wikitext</model>
<format>text/x-wiki</format>
<text bytes="224" xml:space="preserve">={{-pt-}}=
{{Anterior ao Acordo de 1990|objetos}}
==Forma de substantivo==
{{paroxítona|ob|jec|tos}}, {{m}} {{p}}
# [[plural]] [[de]] '''[[objecto]]'''
{{avi-for-fle|objecto}}
[[Categoria:Forma de substantivo (Português)]]</text>
<sha1>g98w2lhggk2dsiae2m3ec0cebw2rcry</sha1>
</revision>
