<page>
<title>objectivem</title>
<ns>0</ns>
<id>215777</id>
<revision>
<id>2381997</id>
<parentid>1161433</parentid>
<timestamp>2017-05-05T18:53:06Z</timestamp>
<contributor>
<username>HydrizBot</username>
<id>29590</id>
</contributor>
<minor />
<comment>Robô: A limpar links interwikis antigos</comment>
<model>wikitext</model>
<format>text/x-wiki</format>
<text bytes="383" xml:space="preserve">={{-pt-}}=
==Forma verbal==
'''objectivem'''
#[[terceira pessoa]] do [[plural]] do [[presente]] do [[modo subjuntivo]] do verbo '''[[objectivar]]'''
#[[terceira pessoa]] do [[plural]] do [[imperativo]] [[afirmativo]] do verbo '''[[objectivar]]'''
#[[terceira pessoa]] do [[plural]] do [[imperativo]] [[negativo]] do verbo '''[[objectivar]]'''
[[Categoria:Forma verbal (Português)]]</text>
<sha1>q9ci8z9295tvzwskis88j6fu0ef8wlo</sha1>
</revision>
</page>
