<page>
<title>objectariam</title>
<ns>0</ns>
<id>242544</id>
<revision>
<id>1161376</id>
<parentid>920917</parentid>
<timestamp>2011-07-05T23:09:50Z</timestamp>
<contributor>
<username>MalafayaBot</username>
<id>628</id>
</contributor>
<minor />
<comment>Robô: Substituição de texto automática (-^\=\s?Português\s?\= +={{-pt-}}= &amp; -^\=\s?\{\{pt\}\}\s?\= +={{-pt-}}=)</comment>
<model>wikitext</model>
<format>text/x-wiki</format>
<text bytes="177" xml:space="preserve">={{-pt-}}=
==Forma verbal==
'''objectariam'''
#[[terceira pessoa]] do [[plural]] do [[futuro do pretérito]] do verbo '''[[objectar]]'''
[[Categoria:Forma verbal (Português)]]</text>
<sha1>d78dv48evnbofur5bjwuqitybuc4gdj</sha1>
</revision>
</page>
