<page>
<title>objectai</title>
<ns>0</ns>
<id>242559</id>
<revision>
<id>2381951</id>
<parentid>1782307</parentid>
<timestamp>2017-05-05T18:51:05Z</timestamp>
<contributor>
<username>HydrizBot</username>
<id>29590</id>
</contributor>
<minor />
<comment>Robô: A limpar links interwikis antigos</comment>
<model>wikitext</model>
<format>text/x-wiki</format>
<text bytes="178" xml:space="preserve">={{-pt-}}=
==Forma verbal==
'''objectai'''
#[[segunda pessoa]] do [[plural]] do [[imperativo]] [[afirmativo]] do verbo '''[[objectar]]'''
[[Categoria:Forma verbal (Português)]]</text>
<sha1>iq1ykbng3gbd1jf6akhilee3ihp5u1j</sha1>
</revision>
</page>
