<page>
<title>objetivasses</title>
<ns>0</ns>
<id>197125</id>
<revision>
<id>2030989</id>
<parentid>1952390</parentid>
<timestamp>2015-11-01T13:51:53Z</timestamp>
<contributor>
<username>ValJor</username>
<id>1358</id>
</contributor>
<comment>Retirando divisão silábica equivocada</comment>
<model>wikitext</model>
<format>text/x-wiki</format>
<text bytes="253" xml:space="preserve">={{-pt-}}=
==Forma verbal==
{{paroxítona|ob|je|ti|vas|ses}}
# segunda pessoa do singular do pretérito imperfeito do modo {{PEPB|inline=1|conjuntivo|subjuntivo}} do verbo [[objetivar]]
{{avi-for-fle|objetivar}}
[[Categoria:Forma verbal (Português)]]</text>
<sha1>kzd5k6pyic6u2zhlttiowzd0t7pglui</sha1>
</revision>
</page>
