<page>
<page>
<title>objectaremos</title>
<ns>0</ns>
<id>242537</id>
<revision>
<id>1161373</id>
<parentid>920910</parentid>
<timestamp>2011-07-05T23:09:47Z</timestamp>
<contributor>
<username>MalafayaBot</username>
<id>628</id>
</contributor>
<minor />
<comment>Robô: Substituição de texto automática (-^\=\s?Português\s?\= +={{-pt-}}= &amp; -^\=\s?\{\{pt\}\}\s?\= +={{-pt-}}=)</comment>
<model>wikitext</model>
<format>text/x-wiki</format>
<text bytes="176" xml:space="preserve">={{-pt-}}=
==Forma verbal==
'''objectaremos'''
#[[primeira pessoa]] do [[plural]] do [[futuro do presente]] do verbo '''[[objectar]]'''
[[Categoria:Forma verbal (Português)]]</text>
<sha1>nqct4vxydgijdttkwwd6d8hd2xf4s77</sha1>
</revision>
