<page>
<title>objectivou</title>
<ns>0</ns>
<id>173165</id>
<revision>
<id>2382002</id>
<parentid>1161436</parentid>
<timestamp>2017-05-05T18:53:24Z</timestamp>
<contributor>
<username>HydrizBot</username>
<id>29590</id>
</contributor>
<minor />
<comment>Robô: A limpar links interwikis antigos</comment>
<model>wikitext</model>
<format>text/x-wiki</format>
<text bytes="201" xml:space="preserve">={{-pt-}}=
==Forma verbal==
'''objectivou'''
#[[terceira pessoa]] do [[singular]] do [[pretérito perfeito]] do [[modo indicativo]] do verbo '''[[objectivar]]'''
[[Categoria:Forma verbal (Português)]]</text>
<sha1>knxvre8om3dfmemooc7vavkc5pci218</sha1>
</revision>
</page>
