<page>
<page>
<title>objetiváramos</title>
<ns>0</ns>
<id>180247</id>
<revision>
<id>2382073</id>
<parentid>1985027</parentid>
<timestamp>2017-05-05T18:56:05Z</timestamp>
<contributor>
<username>HydrizBot</username>
<id>29590</id>
</contributor>
<minor />
<comment>Robô: A limpar links interwikis antigos</comment>
<model>wikitext</model>
<format>text/x-wiki</format>
<text bytes="189" xml:space="preserve">={{-pt-}}=
==Forma verbal==
'''objetiváramos'''
#[[primeira pessoa]] do [[plural]] do [[pretérito mais-que-perfeito]] do verbo '''[[objetivar]]'''
[[Categoria:Forma verbal (Português)]]</text>
<sha1>03wqakxw8d5d1nmwrh7ao33npf00g8s</sha1>
</revision>
