<page>
<page>
<title>objetara</title>
<ns>0</ns>
<id>242245</id>
<revision>
<id>2382021</id>
<parentid>2020315</parentid>
<timestamp>2017-05-05T18:54:06Z</timestamp>
<contributor>
<username>HydrizBot</username>
<id>29590</id>
</contributor>
<minor />
<comment>Robô: A limpar links interwikis antigos</comment>
<model>wikitext</model>
<format>text/x-wiki</format>
<text bytes="309" xml:space="preserve">={{-pt-}}=
==Forma verbal==
'''objetara'''
#[[primeira pessoa|primeira]] do [[singular]] do [[pretérito mais-que-perfeito]] do verbo '''[[objetar]]'''
#[[terceira pessoa|terceira pessoas]] do [[singular]] do [[pretérito mais-que-perfeito]] do verbo '''[[objetar]]'''
[[Categoria:Forma verbal (Português)]]</text>
<sha1>87graertcp8uze1hqghgyu2ajsximl0</sha1>
</revision>
