<page>
<page>
<title>objectivais</title>
<ns>0</ns>
<id>158674</id>
<revision>
<id>2381962</id>
<parentid>1782357</parentid>
<timestamp>2017-05-05T18:51:45Z</timestamp>
<contributor>
<username>HydrizBot</username>
<id>29590</id>
</contributor>
<minor />
<comment>Robô: A limpar links interwikis antigos</comment>
<model>wikitext</model>
<format>text/x-wiki</format>
<text bytes="188" xml:space="preserve">={{-pt-}}=
==Forma verbal==
'''objectivais'''
#[[segunda pessoa]] do [[plural]] do [[presente]] do [[modo indicativo]] do verbo '''[[objectivar]]'''
[[Categoria:Forma verbal (Português)]]</text>
<sha1>naxi5w26c54j8wimquv8z42qp8fk4v8</sha1>
</revision>
