<page>
<title>objetivareis</title>
<ns>0</ns>
<id>189156</id>
<revision>
<id>2382060</id>
<parentid>1985005</parentid>
<timestamp>2017-05-05T18:55:37Z</timestamp>
<contributor>
<username>HydrizBot</username>
<id>29590</id>
</contributor>
<minor />
<comment>Robô: A limpar links interwikis antigos</comment>
<model>wikitext</model>
<format>text/x-wiki</format>
<text bytes="176" xml:space="preserve">={{-pt-}}=
==Forma verbal==
'''objetivareis'''
#[[segunda pessoa]] do [[plural]] do [[futuro do presente]] do verbo '''[[objetivar]]'''
[[Categoria:Forma verbal (Português)]]</text>
<sha1>qw9rd51vkgxf3e7gzquf0wfkgzsj1qz</sha1>
</revision>
</page>
