<page>
<page>
<title>objectará</title>
<ns>0</ns>
<id>242536</id>
<revision>
<id>1161379</id>
<parentid>920909</parentid>
<timestamp>2011-07-05T23:09:54Z</timestamp>
<contributor>
<username>MalafayaBot</username>
<id>628</id>
</contributor>
<minor />
<comment>Robô: Substituição de texto automática (-^\=\s?Português\s?\= +={{-pt-}}= &amp; -^\=\s?\{\{pt\}\}\s?\= +={{-pt-}}=)</comment>
<model>wikitext</model>
<format>text/x-wiki</format>
<text bytes="176" xml:space="preserve">={{-pt-}}=
==Forma verbal==
'''objectará'''
#[[terceira pessoa]] do [[singular]] do [[futuro do presente]] do verbo '''[[objectar]]'''
[[Categoria:Forma verbal (Português)]]</text>
<sha1>mxwzorqglvyobw1e19yn7hbgk3zl4tj</sha1>
</revision>
