<page>
<page>
<title>objectivarem</title>
<ns>0</ns>
<id>211413</id>
<revision>
<id>2381973</id>
<parentid>1161410</parentid>
<timestamp>2017-05-05T18:52:05Z</timestamp>
<contributor>
<username>HydrizBot</username>
<id>29590</id>
</contributor>
<minor />
<comment>Robô: A limpar links interwikis antigos</comment>
<model>wikitext</model>
<format>text/x-wiki</format>
<text bytes="280" xml:space="preserve">={{-pt-}}=
==Forma verbal==
'''objectivarem'''
#[[terceira pessoa]] do [[plural]] do [[futuro]] do [[modo subjuntivo]] do verbo '''[[objectivar]]'''
#[[infinitivo pessoal]] da [[terceira pessoa]] do [[plural]] do verbo '''[[objectivar]]'''
[[Categoria:Forma verbal (Português)]]</text>
<sha1>63plr3gu69fj08v1b3avykkc38g61ck</sha1>
</revision>
