<page>
<page>
<title>objectivava</title>
<ns>0</ns>
<id>204151</id>
<revision>
<id>2381991</id>
<parentid>1161428</parentid>
<timestamp>2017-05-05T18:52:49Z</timestamp>
<contributor>
<username>HydrizBot</username>
<id>29590</id>
</contributor>
<minor />
<comment>Robô: A limpar links interwikis antigos</comment>
<model>wikitext</model>
<format>text/x-wiki</format>
<text bytes="236" xml:space="preserve">={{-pt-}}=
==Forma verbal==
'''objectivava'''
#[[primeira pessoa|primeira]] e [[terceira pessoa]] do [[singular]] do [[pretérito imperfeito]] do [[modo indicativo]] do verbo '''[[objectivar]]'''
[[Categoria:Forma verbal (Português)]]</text>
<sha1>tny0m4msjhq0no35fsxx651fpwxgi43</sha1>
</revision>
