<page>
<title>objetive</title>
<ns>0</ns>
<id>213000</id>
<revision>
<id>2382068</id>
<parentid>1985030</parentid>
<timestamp>2017-05-05T18:55:53Z</timestamp>
<contributor>
<username>HydrizBot</username>
<id>29590</id>
</contributor>
<minor />
<comment>Robô: A limpar links interwikis antigos</comment>
<model>wikitext</model>
<format>text/x-wiki</format>
<text bytes="415" xml:space="preserve">={{-pt-}}=
==Forma verbal==
'''objetive'''
#[[primeira pessoa|primeira]] e [[terceira pessoa]] do [[singular]] do [[presente]] do [[modo subjuntivo]] do verbo '''[[objetivar]]'''
#[[terceira pessoa]] do [[singular]] do [[imperativo]] [[afirmativo]] do verbo '''[[objetivar]]'''
#[[terceira pessoa]] do [[singular]] do [[imperativo]] [[negativo]] do verbo '''[[objetivar]]'''
[[Categoria:Forma verbal (Português)]]</text>
<sha1>mhofevk6ibuwgprrep2q4cfrpsrbey5</sha1>
</revision>
</page>
