<page>
<page>
<title>objetáveis</title>
<ns>0</ns>
<id>242237</id>
<revision>
<id>2382085</id>
<parentid>1782411</parentid>
<timestamp>2017-05-05T18:56:37Z</timestamp>
<contributor>
<username>HydrizBot</username>
<id>29590</id>
</contributor>
<minor />
<comment>Robô: A limpar links interwikis antigos</comment>
<model>wikitext</model>
<format>text/x-wiki</format>
<text bytes="199" xml:space="preserve">={{-pt-}}=
==Forma verbal==
'''objetáveis'''
#[[segunda pessoa]] do [[plural]] do [[pretérito imperfeito]] do [[modo indicativo]] do verbo '''[[objetar]]'''
[[Categoria:Forma verbal (Português)]]</text>
<sha1>naoat0ka7vbwgh8ruhefrj2h8ti8usd</sha1>
</revision>
