<page>
<page>
<title>objectivávamos</title>
<ns>0</ns>
<id>163033</id>
<revision>
<id>2382008</id>
<parentid>1161442</parentid>
<timestamp>2017-05-05T18:53:35Z</timestamp>
<contributor>
<username>HydrizBot</username>
<id>29590</id>
</contributor>
<minor />
<comment>Robô: A limpar links interwikis antigos</comment>
<model>wikitext</model>
<format>text/x-wiki</format>
<text bytes="206" xml:space="preserve">={{-pt-}}=
==Forma verbal==
'''objectivávamos'''
#[[primeira pessoa]] do [[plural]] do [[pretérito imperfeito]] do [[modo indicativo]] do verbo '''[[objectivar]]'''
[[Categoria:Forma verbal (Português)]]</text>
<sha1>fjg20zvju4x7x7midhf6vwvv1wqks0x</sha1>
</revision>
