<page>
<title>objectivássemos</title>
<ns>0</ns>
<id>198584</id>
<revision>
<id>2382007</id>
<parentid>1161441</parentid>
<timestamp>2017-05-05T18:53:34Z</timestamp>
<contributor>
<username>HydrizBot</username>
<id>29590</id>
</contributor>
<minor />
<comment>Robô: A limpar links interwikis antigos</comment>
<model>wikitext</model>
<format>text/x-wiki</format>
<text bytes="208" xml:space="preserve">={{-pt-}}=
==Forma verbal==
'''objectivássemos'''
#[[primeira pessoa]] do [[plural]] do [[pretérito imperfeito]] do [[modo subjuntivo]] do verbo '''[[objectivar]]'''
[[Categoria:Forma verbal (Português)]]</text>
<sha1>8p6ldd6k9449keb26txlrknch4pvdoj</sha1>
</revision>
</page>
