<page>
<page>
<title>objectares</title>
<ns>0</ns>
<id>242555</id>
<revision>
<id>1161374</id>
<parentid>920928</parentid>
<timestamp>2011-07-05T23:09:48Z</timestamp>
<contributor>
<username>MalafayaBot</username>
<id>628</id>
</contributor>
<minor />
<comment>Robô: Substituição de texto automática (-^\=\s?Português\s?\= +={{-pt-}}= &amp; -^\=\s?\{\{pt\}\}\s?\= +={{-pt-}}=)</comment>
<model>wikitext</model>
<format>text/x-wiki</format>
<text bytes="276" xml:space="preserve">={{-pt-}}=
==Forma verbal==
'''objectares'''
#[[segunda pessoa]] do [[singular]] do [[futuro]] do [[modo subjuntivo]] do verbo '''[[objectar]]'''
#[[infinitivo pessoal]] da [[segunda pessoa]] do [[singular]] do verbo '''[[objectar]]'''
[[Categoria:Forma verbal (Português)]]</text>
<sha1>msvjdbvzka6l33li4iy9y2vmyn0hn39</sha1>
</revision>
