<page>
<page>
<title>objectaríamos</title>
<ns>0</ns>
<id>242542</id>
<revision>
<id>1994482</id>
<parentid>1943747</parentid>
<timestamp>2015-09-02T10:35:49Z</timestamp>
<contributor>
<username>ValJor</username>
<id>1358</id>
</contributor>
<comment>Acrescentando a predefinição avi-for-fle</comment>
<model>wikitext</model>
<format>text/x-wiki</format>
<text bytes="207" xml:space="preserve">={{-pt-}}=
==Forma verbal==
{{proparoxítona|ob|jec|ta|rí|a|mos}}
# primeira pessoa do plural do futuro do pretérito do verbo [[objectar]]
{{avi-for-fle|objectar}}
[[Categoria:Forma verbal (Português)]]</text>
<sha1>bdsyajkvj3z0cvjib8rbewowrds3a1d</sha1>
</revision>
