<page>
<page>
<title>objetáreis</title>
<ns>0</ns>
<id>242248</id>
<revision>
<id>2382081</id>
<parentid>1782415</parentid>
<timestamp>2017-05-05T18:56:25Z</timestamp>
<contributor>
<username>HydrizBot</username>
<id>29590</id>
</contributor>
<minor />
<comment>Robô: A limpar links interwikis antigos</comment>
<model>wikitext</model>
<format>text/x-wiki</format>
<text bytes="183" xml:space="preserve">={{-pt-}}=
==Forma verbal==
'''objetáreis'''
#[[segunda pessoa]] do [[plural]] do [[pretérito mais-que-perfeito]] do verbo '''[[objetar]]'''
[[Categoria:Forma verbal (Português)]]</text>
<sha1>2xfi6r76ik6lvb0o5rv18r9exc75br9</sha1>
</revision>
