<page>
<page>
<title>objectaras</title>
<ns>0</ns>
<id>242531</id>
<revision>
<id>1161368</id>
<parentid>920904</parentid>
<timestamp>2011-07-05T23:09:42Z</timestamp>
<contributor>
<username>MalafayaBot</username>
<id>628</id>
</contributor>
<minor />
<comment>Robô: Substituição de texto automática (-^\=\s?Português\s?\= +={{-pt-}}= &amp; -^\=\s?\{\{pt\}\}\s?\= +={{-pt-}}=)</comment>
<model>wikitext</model>
<format>text/x-wiki</format>
<text bytes="185" xml:space="preserve">={{-pt-}}=
==Forma verbal==
'''objectaras'''
#[[segunda pessoa]] do [[singular]] do [[pretérito mais-que-perfeito]] do verbo '''[[objectar]]'''
[[Categoria:Forma verbal (Português)]]</text>
<sha1>3cit3dx5fpeaosp03yo8zpmokdcz8li</sha1>
</revision>
