<page>
<page>
<title>objetaremos</title>
<ns>0</ns>
<id>242252</id>
<revision>
<id>2382028</id>
<parentid>2020312</parentid>
<timestamp>2017-05-05T18:54:26Z</timestamp>
<contributor>
<username>HydrizBot</username>
<id>29590</id>
</contributor>
<minor />
<comment>Robô: A limpar links interwikis antigos</comment>
<model>wikitext</model>
<format>text/x-wiki</format>
<text bytes="174" xml:space="preserve">={{-pt-}}=
==Forma verbal==
'''objetaremos'''
#[[primeira pessoa]] do [[plural]] do [[futuro do presente]] do verbo '''[[objetar]]'''
[[Categoria:Forma verbal (Português)]]</text>
<sha1>k3natcz1zrpl4dvmckvif9liqumi4j4</sha1>
</revision>
