<page>
<page>
<title>objetos</title>
<ns>0</ns>
<id>134253</id>
<revision>
<id>2463998</id>
<parentid>2382077</parentid>
<timestamp>2017-11-29T16:57:10Z</timestamp>
<contributor>
<username>ValJor</username>
<id>1358</id>
</contributor>
<comment>Trocando escopo por escopo2</comment>
<model>wikitext</model>
<format>text/x-wiki</format>
<text bytes="2011" xml:space="preserve">={{-pt-}}=
==Forma de substantivo==
{{flex.pt|ms=objeto|mp=objetos|ms-div=ob.&lt;u&gt;je&lt;/u&gt;.to|mp-div=ob.&lt;u&gt;je&lt;/u&gt;.tos}}
{{paroxítona|ob|je|tos}}, {{gramática|m|p}}
# forma plural de [[objeto]]:
#* ''A simetria é uma característica que pode ser observada em algumas formas geométricas, equações matemáticas ou outros '''objetos'''.''
{{avi-for-fle|objeto|lang=Português}}
==={{-varort-}}===
* {{escopo2|AO1945}} [[objectos]]
===Expressões===
* '''[[programação orientada a objetos]]''': {{escopo2|informática, programação}} paradigma de análise, projeto e programação de sistemas de software baseado na composição e interação entre diversas unidades de software
=={{etimologia|pt}}==
: {{escopo|Morfologia}} [[objeto]] + [[-s]].
=={{pronúncia|pt}}==
===Brasil===
* [[AFI]]: {{AFI|/obˈʒɛ.tʊs/}}
* [[X-SAMPA]]: /ob&quot;ZE.tUs/
[[Categoria:Forma de substantivo (Português)]]
={{-es-}}=
==Forma de substantivo==
{{flex.es|ms=objeto|mp=objetos|ms-div=ob.&lt;u&gt;je&lt;/u&gt;.to|mp-div=ob.&lt;u&gt;je&lt;/u&gt;.tos}}
{{paroxítona|ob|je|tos|lang=es}}, {{gramática|m|p}}
# forma plural de [[objeto]]:
#* ''Entre los diversos '''objetos''' de estudio de la estética figuran la belleza o los juicios de gusto, así como las distintas maneras de interpretarlos por parte del ser humano.'' &lt;small&gt;(Entre os diversos objetivos do estudo da estética, figuram a beleza ou o juízo do gosto, assim como as diferentes maneiras de interpretá-los por parte do ser humano.)&lt;/small&gt;
{{avi-for-fle|objeto|lang=Espanhol}}
===Expressões===
* '''[[programación orientada a objetos]]''': {{escopo2|informática, programação}} paradigma de análise, projeto e programação de sistemas de software baseado na composição e interação entre diversas unidades de software
=={{etimologia|es}}==
: {{escopo|Morfologia}} {{etimo|es|objeto}} + {{etimo|es|-s}}.
=={{pronúncia|es}}==
* [[AFI]]: {{AFI|/obˈχe.tos/}}, {{AFI|/obˈχe.toh/}}
* [[X-SAMPA]]: /ob&quot;Xe.tos/, /ob&quot;Xe.toh/
[[Categoria:Forma de substantivo (Espanhol)]]</text>
<sha1>jp0dp67d6ijd3spyji7ochwaczyhu7q</sha1>
</revision>
