<page>
<page>
<title>objetivaram</title>
<ns>0</ns>
<id>175830</id>
<revision>
<id>1161498</id>
<parentid>711989</parentid>
<timestamp>2011-07-05T23:11:56Z</timestamp>
<contributor>
<username>MalafayaBot</username>
<id>628</id>
</contributor>
<minor />
<comment>Robô: Substituição de texto automática (-^\=\s?Português\s?\= +={{-pt-}}= &amp; -^\=\s?\{\{pt\}\}\s?\= +={{-pt-}}=)</comment>
<model>wikitext</model>
<format>text/x-wiki</format>
<text bytes="199" xml:space="preserve">={{-pt-}}=
==Forma verbal==
'''objetivaram'''
#[[terceira pessoa]] do [[plural]] do [[pretérito perfeito]] do [[modo indicativo]] do verbo '''[[objetivar]]'''
[[Categoria:Forma verbal (Português)]]</text>
<sha1>b46vn77mxcy83qgy4ep1d9i073b5vvn</sha1>
</revision>
