<page>
<title>objetiváveis</title>
<ns>0</ns>
<id>167479</id>
<revision>
<id>2032080</id>
<parentid>1953649</parentid>
<timestamp>2015-11-03T12:50:16Z</timestamp>
<contributor>
<username>ValJor</username>
<id>1358</id>
</contributor>
<comment>Acrescentando a predefinição avi-for-fle</comment>
<model>wikitext</model>
<format>text/x-wiki</format>
<text bytes="223" xml:space="preserve">={{-pt-}}=
==Forma verbal==
{{paroxítona|ob|je|ti|vá|veis}}
# segunda pessoa do plural do pretérito imperfeito do modo indicativo do verbo [[objetivar]]
{{avi-for-fle|objetivar}}
[[Categoria:Forma verbal (Português)]]</text>
<sha1>c6khd33x2vcpn9l3t4378i193gwbluf</sha1>
</revision>
</page>
