<page>
<title>objectareis</title>
<ns>0</ns>
<id>242538</id>
<revision>
<id>1161371</id>
<parentid>920911</parentid>
<timestamp>2011-07-05T23:09:45Z</timestamp>
<contributor>
<username>MalafayaBot</username>
<id>628</id>
</contributor>
<minor />
<comment>Robô: Substituição de texto automática (-^\=\s?Português\s?\= +={{-pt-}}= &amp; -^\=\s?\{\{pt\}\}\s?\= +={{-pt-}}=)</comment>
<model>wikitext</model>
<format>text/x-wiki</format>
<text bytes="174" xml:space="preserve">={{-pt-}}=
==Forma verbal==
'''objectareis'''
#[[segunda pessoa]] do [[plural]] do [[futuro do presente]] do verbo '''[[objectar]]'''
[[Categoria:Forma verbal (Português)]]</text>
<sha1>dw4y7lhs5hfrp7ht423aq7vp42kfvrx</sha1>
</revision>
</page>
