<page>
<title>objectivaríeis</title>
<ns>0</ns>
<id>194476</id>
<revision>
<id>2381984</id>
<parentid>1161421</parentid>
<timestamp>2017-05-05T18:52:33Z</timestamp>
<contributor>
<username>HydrizBot</username>
<id>29590</id>
</contributor>
<minor />
<comment>Robô: A limpar links interwikis antigos</comment>
<model>wikitext</model>
<format>text/x-wiki</format>
<text bytes="182" xml:space="preserve">={{-pt-}}=
==Forma verbal==
'''objectivaríeis'''
#[[segunda pessoa]] do [[plural]] do [[futuro do pretérito]] do verbo '''[[objectivar]]'''
[[Categoria:Forma verbal (Português)]]</text>
<sha1>sjnza3pkci65rrus6mn92tjavqvhzir</sha1>
</revision>
</page>
