<page>
<page>
<title>objetivarão</title>
<ns>0</ns>
<id>190526</id>
<revision>
<id>1161512</id>
<parentid>741067</parentid>
<timestamp>2011-07-05T23:12:11Z</timestamp>
<contributor>
<username>MalafayaBot</username>
<id>628</id>
</contributor>
<minor />
<comment>Robô: Substituição de texto automática (-^\=\s?Português\s?\= +={{-pt-}}= &amp; -^\=\s?\{\{pt\}\}\s?\= +={{-pt-}}=)</comment>
<model>wikitext</model>
<format>text/x-wiki</format>
<text bytes="177" xml:space="preserve">={{-pt-}}=
==Forma verbal==
'''objetivarão'''
#[[terceira pessoa]] do [[plural]] do [[futuro do presente]] do verbo '''[[objetivar]]'''
[[Categoria:Forma verbal (Português)]]</text>
<sha1>m1tzbjkn7bo9pl8ua7w9r0jba5i107p</sha1>
</revision>
