<page>
<page>
<title>objectam</title>
<ns>0</ns>
<id>242518</id>
<revision>
<id>2381953</id>
<parentid>1782305</parentid>
<timestamp>2017-05-05T18:51:11Z</timestamp>
<contributor>
<username>HydrizBot</username>
<id>29590</id>
</contributor>
<minor />
<comment>Robô: A limpar links interwikis antigos</comment>
<model>wikitext</model>
<format>text/x-wiki</format>
<text bytes="185" xml:space="preserve">={{-pt-}}=
==Forma verbal==
'''objectam'''
#[[terceira pessoa]] do [[plural]] do [[presente]] do [[modo indicativo]] do verbo '''[[objectar]]'''
[[Categoria:Forma verbal (Português)]]</text>
<sha1>e1hh92nb292p6wrl49lfy8mnt3el6on</sha1>
</revision>
