<page>
<page>
<title>objectarão</title>
<ns>0</ns>
<id>242539</id>
<revision>
<id>1161381</id>
<parentid>920912</parentid>
<timestamp>2011-07-05T23:09:56Z</timestamp>
<contributor>
<username>MalafayaBot</username>
<id>628</id>
</contributor>
<minor />
<comment>Robô: Substituição de texto automática (-^\=\s?Português\s?\= +={{-pt-}}= &amp; -^\=\s?\{\{pt\}\}\s?\= +={{-pt-}}=)</comment>
<model>wikitext</model>
<format>text/x-wiki</format>
<text bytes="175" xml:space="preserve">={{-pt-}}=
==Forma verbal==
'''objectarão'''
#[[terceira pessoa]] do [[plural]] do [[futuro do presente]] do verbo '''[[objectar]]'''
[[Categoria:Forma verbal (Português)]]</text>
<sha1>l3m3fjb9fnoa7248f3js6510pix34df</sha1>
</revision>
