<page>
<title>objetais</title>
<ns>0</ns>
<id>242232</id>
<revision>
<id>2382016</id>
<parentid>1782369</parentid>
<timestamp>2017-05-05T18:53:52Z</timestamp>
<contributor>
<username>HydrizBot</username>
<id>29590</id>
</contributor>
<minor />
<comment>Robô: A limpar links interwikis antigos</comment>
<model>wikitext</model>
<format>text/x-wiki</format>
<text bytes="183" xml:space="preserve">={{-pt-}}=
==Forma verbal==
'''objetais'''
#[[segunda pessoa]] do [[plural]] do [[presente]] do [[modo indicativo]] do verbo '''[[objetar]]'''
[[Categoria:Forma verbal (Português)]]</text>
<sha1>oaxzfdnmzsxswbjy0zw6fi1tn7tnhb7</sha1>
</revision>
</page>
