<page>
<page>
<title>objecte</title>
<ns>0</ns>
<id>242545</id>
<revision>
<id>2381958</id>
<parentid>2252507</parentid>
<timestamp>2017-05-05T18:51:35Z</timestamp>
<contributor>
<username>HydrizBot</username>
<id>29590</id>
</contributor>
<minor />
<comment>Robô: A limpar links interwikis antigos</comment>
<model>wikitext</model>
<format>text/x-wiki</format>
<text bytes="411" xml:space="preserve">={{-pt-}}=
==Forma verbal==
'''objecte'''
#[[primeira pessoa|primeira]] e [[terceira pessoa]] do [[singular]] do [[presente]] do [[modo subjuntivo]] do verbo '''[[objectar]]'''
#[[terceira pessoa]] do [[singular]] do [[imperativo]] [[afirmativo]] do verbo '''[[objectar]]'''
#[[terceira pessoa]] do [[singular]] do [[imperativo]] [[negativo]] do verbo '''[[objectar]]'''
[[Categoria:Forma verbal (Português)]]</text>
<sha1>ts5f1cgnwll1p50d0j80asso80s3l3z</sha1>
</revision>
