<page>
<page>
<title>objetares</title>
<ns>0</ns>
<id>242270</id>
<revision>
<id>2382029</id>
<parentid>2020311</parentid>
<timestamp>2017-05-05T18:54:29Z</timestamp>
<contributor>
<username>HydrizBot</username>
<id>29590</id>
</contributor>
<minor />
<comment>Robô: A limpar links interwikis antigos</comment>
<model>wikitext</model>
<format>text/x-wiki</format>
<text bytes="273" xml:space="preserve">={{-pt-}}=
==Forma verbal==
'''objetares'''
#[[segunda pessoa]] do [[singular]] do [[futuro]] do [[modo subjuntivo]] do verbo '''[[objetar]]'''
#[[infinitivo pessoal]] da [[segunda pessoa]] do [[singular]] do verbo '''[[objetar]]'''
[[Categoria:Forma verbal (Português)]]</text>
<sha1>ejc3gaar3g8qroncst33o2pjhto1d0g</sha1>
</revision>
