<page>
<page>
<title>objectiva</title>
<ns>0</ns>
<id>12710</id>
<revision>
<id>2381960</id>
<parentid>2217350</parentid>
<timestamp>2017-05-05T18:51:40Z</timestamp>
<contributor>
<username>HydrizBot</username>
<id>29590</id>
</contributor>
<minor />
<comment>Robô: A limpar links interwikis antigos</comment>
<model>wikitext</model>
<format>text/x-wiki</format>
<text bytes="485" xml:space="preserve">{{Anterior ao Acordo de 1990|objetiva}}
={{-pt-}}=
==Adjetivo==
{{paroxítona|ob|jec|ti|va}} {{f}}
#ver [[objetiva]]
==Substantivo==
{{paroxítona|ob|jec|ti|va}} {{f}}
#ver [[objetiva]]
==Forma verbal==
{{paroxítona|ob|jec|ti|va}}
# {{escopo2|Anterior ao AO 1990}} [[segunda]] [[pessoa]] do [[singular]] do [[presente]] [[indicativo]] do verbo '''[[objectivar]]'''
[[Categoria: Adjetivo (Português)]]
[[Categoria: Substantivo (Português)]]
[[Categoria:Forma verbal (Português)]]</text>
<sha1>9ercisfun5ux473ch36qgbapb5nyijn</sha1>
</revision>
