<page>
<title>objetastes</title>
<ns>0</ns>
<id>242243</id>
<revision>
<id>2382044</id>
<parentid>1782388</parentid>
<timestamp>2017-05-05T18:54:58Z</timestamp>
<contributor>
<username>HydrizBot</username>
<id>29590</id>
</contributor>
<minor />
<comment>Robô: A limpar links interwikis antigos</comment>
<model>wikitext</model>
<format>text/x-wiki</format>
<text bytes="196" xml:space="preserve">={{-pt-}}=
==Forma verbal==
'''objetastes'''
#[[segunda pessoa]] do [[plural]] do [[pretérito perfeito]] do [[modo indicativo]] do verbo '''[[objetar]]'''
[[Categoria:Forma verbal (Português)]]</text>
<sha1>8rqcd2lcdpuazeeru0mm81yi18qycth</sha1>
</revision>
</page>
