<page>
<title>objectavam</title>
<ns>0</ns>
<id>242523</id>
<revision>
<id>1161391</id>
<parentid>920896</parentid>
<timestamp>2011-07-05T23:10:06Z</timestamp>
<contributor>
<username>MalafayaBot</username>
<id>628</id>
</contributor>
<minor />
<comment>Robô: Substituição de texto automática (-^\=\s?Português\s?\= +={{-pt-}}= &amp; -^\=\s?\{\{pt\}\}\s?\= +={{-pt-}}=)</comment>
<model>wikitext</model>
<format>text/x-wiki</format>
<text bytes="200" xml:space="preserve">={{-pt-}}=
==Forma verbal==
'''objectavam'''
#[[terceira pessoa]] do [[plural]] do [[pretérito imperfeito]] do [[modo indicativo]] do verbo '''[[objectar]]'''
[[Categoria:Forma verbal (Português)]]</text>
<sha1>7rquc1sze0gm35y4g8xybv2xqbajqfc</sha1>
</revision>
</page>
