<page>
<title>objurgado</title>
<ns>0</ns>
<id>257526</id>
<revision>
<id>1186774</id>
<parentid>1005126</parentid>
<timestamp>2011-07-08T17:32:02Z</timestamp>
<contributor>
<username>MalafayaBot</username>
<id>628</id>
</contributor>
<minor />
<comment>Robô: Substituição de texto automática (-^\=\s?Português\s?\= +={{-pt-}}= &amp; -^\=\s?\{\{pt\}\}\s?\= +={{-pt-}}=)</comment>
<model>wikitext</model>
<format>text/x-wiki</format>
<text bytes="241" xml:space="preserve">={{-pt-}}=
==Adjetivo==
{{flex.pt|ms=objurgado|mp=objurgados|fs=objurgada|fp=objurgadas}}
{{paroxítona|ob|jur|ga|do}}
# [[repreendido]]
=={{etimologia|pt}}==
: Particípio passado do verbo [[objurgar]].
[[Categoria:Adjetivo (Português)]]</text>
<sha1>n7p9g3o7di90dd6cfr8z0m26ipf9zxj</sha1>
</revision>
</page>
