<page>
<page>
<title>objurgada</title>
<ns>0</ns>
<id>257412</id>
<revision>
<id>1190133</id>
<parentid>1005123</parentid>
<timestamp>2011-07-08T18:54:52Z</timestamp>
<contributor>
<username>MalafayaBot</username>
<id>628</id>
</contributor>
<minor />
<comment>Robô: Substituição de texto automática (-^\=\s?Português\s?\= +={{-pt-}}= &amp; -^\=\s?\{\{pt\}\}\s?\= +={{-pt-}}=)</comment>
<model>wikitext</model>
<format>text/x-wiki</format>
<text bytes="135" xml:space="preserve">={{-pt-}}=
==Forma de adjetivo==
{{paroxítona|ob|jur|ga|da}}
# feminino de [[objurgado]]
[[Categoria:Forma de adjetivo (Português)]]</text>
<sha1>12fbvhwk8jjvd4tzckc3u2loieedoi9</sha1>
</revision>
