<page>
<page>
<title>oblatio</title>
<ns>0</ns>
<id>445654</id>
<revision>
<id>2688141</id>
<parentid>2685604</parentid>
<timestamp>2022-09-10T22:01:51Z</timestamp>
<contributor>
<username>ValJor</username>
<id>1358</id>
</contributor>
<comment>Melhorando a apresentação do verbete usando a [[:predefinição:cria-entrada]]</comment>
<model>wikitext</model>
<format>text/x-wiki</format>
<text bytes="476" xml:space="preserve">{{Wikipédia|lang=la|oblatio (discretiva)|oblatio}}
={{-la-}}=
==Substantivo==
'''oblatio''', {{gramática|f}}
# [[oferta]], [[presente]], {{PEPB|[[prémio]]|[[prêmio]]|inline=1}}, [[preço]]
==={{PEPB|Sinónimos|Sinônimos|inline=1}}===
{{verTambém.Ini}}
* [[donum]]
{{verTambém.NovaColuna}}
* [[praemium]]
{{verTambém.NovaColuna}}
* [[pretium]]
{{verTambém.Fim}}
=={{etimologia|la}}==
: {{escopo|Morfologia}} [[oblatus]] + [[-io]].
[[Categoria:Substantivo (Latim)]]</text>
<sha1>oiybinrtigbw1pf5wjdvemk4cbqfgah</sha1>
</revision>
