<page>
<page>
<title>oblak</title>
<ns>0</ns>
<id>317760</id>
<revision>
<id>2624701</id>
<parentid>2382088</parentid>
<timestamp>2021-02-25T09:48:36Z</timestamp>
<contributor>
<username>ValJor</username>
<id>1358</id>
</contributor>
<comment>Confirmando [[:Categoria:!Entrada criada por robô|verbete criado por robô]]</comment>
<model>wikitext</model>
<format>text/x-wiki</format>
<text bytes="1374" xml:space="preserve">{{Wikipédia|lang=bs}}
{{Wikipédia|lang=cs}}
{{Wikipédia|lang=hr|oblaci|oblak}}
{{Wikipédia|lang=sk}}
{{Wikipédia|lang=sl}}
{{Wikipédia|lang=sh}}
[[Imagem:Cumulus clouds in fair weather.jpeg|thumb|right|250px|{{centro|Nuvem}}]]
={{-bs-}}=
==Substantivo==
'''oblak'''
# [[nuvem]] (vapores de água)
[[Categoria:Substantivo (Bósnio)]]
[[Categoria:Meteorologia (Bósnio)]]
[[Categoria:Entrada com imagem (Bósnio)]]
={{-cs-}}=
==Substantivo==
'''oblak'''
# [[nuvem]] (vapores de água)
[[Categoria:Substantivo (Checo)]]
[[Categoria:Meteorologia (Checo)]]
[[Categoria:Entrada com imagem (Checo)]]
={{-hr-}}=
==Substantivo==
'''oblak'''
# [[nuvem]] (vapores de água)
[[Categoria:Substantivo (Croata)]]
[[Categoria:Meteorologia (Croata)]]
[[Categoria:Entrada com imagem (Croata)]]
={{-sk-}}=
==Substantivo==
'''oblak'''
# [[nuvem]] (vapores de água)
[[Categoria:Substantivo (Eslovaco)]]
[[Categoria:Meteorologia (Eslovaco)]]
[[Categoria:Entrada com imagem (Eslovaco)]]
={{-sl-}}=
==Substantivo==
'''oblak'''
# [[nuvem]] (vapores de água)
[[Categoria:Substantivo (Esloveno)]]
[[Categoria:Meteorologia (Esloveno)]]
[[Categoria:Entrada com imagem (Esloveno)]]
={{-sh-}}=
==Substantivo==
'''oblak'''
# [[nuvem]] (vapores de água)
[[Categoria:Substantivo (Servocroata)]]
[[Categoria:Meteorologia (Servocroata)]]
[[Categoria:Entrada com imagem (Servocroata)]]</text>
<sha1>if3qytquv44cys1vnrkyjaqolbfuz0s</sha1>
</revision>
