<page>
<title>oblata</title>
<ns>0</ns>
<id>414404</id>
<revision>
<id>2609631</id>
<parentid>2609630</parentid>
<timestamp>2021-01-28T11:52:32Z</timestamp>
<contributor>
<ip>2804:29B8:508F:292C:D1D7:C9A2:881F:8815</ip>
</contributor>
<comment>/* Substantivo */</comment>
<model>wikitext</model>
<format>text/x-wiki</format>
<text bytes="1019" xml:space="preserve">={{-pt-}}=
==Substantivo==
{{flex.pt|ms=|mp=|fs=oblata|fp=oblatas|s=|p=}}
{{paroxítona|o|bla|ta}}, {{gramática|f}}
# {{escopo|pt|Religião}} a [[hóstia]] e o [[vinho]] no cálice antes da consagração
# {{escopo|pt|Religião}} nas igrejas, aquilo que se [[oferecer|oferece]] a Deus ou aos santos, para custear despesas de cultos
# [[oferta]] piedosa ou respeitosa
# [[contribuição]] dos fregueses para o sustento dos párocos, [[obrada]]
# freiras de uma antiga ordem piedosa
===Tradução===
{{tradini|De 1 (a hóstia e o vinho antes da consagração)}}
* {{trad|pl|dary}}
{{tradmeio}}
{{tradfim}}
{{tradini|De 2 (aquilo que se oferece)}}
* {{trad|pl|dar|ofiara}}
{{tradmeio}}
{{tradfim}}
{{tradini|De 3 (oferta piedosa)}}
* {{trad|pl|dar|ofiara}}
{{tradmeio}}
{{tradfim}}
{{tradini|De 4 (obrada)}}
* {{trad|pl|ofiara}}
{{tradmeio}}
{{tradfim}}
==Ligações externas==
* {{Aulete}}
* {{Michaelis}}
* {{DicioAberto}}
* {{DPLP}}
* {{Infopédia}}
* {{PLP}}
* {{VOLPABL}}
[[Categoria:Substantivo (Português)]]</text>
<sha1>d2ix16h83aujlttdmc59wdiczcjv7ch</sha1>
</revision>
</page>
