<page>
<page>
<title>oblatar</title>
<ns>0</ns>
<id>316868</id>
<revision>
<id>1706878</id>
<timestamp>2013-08-02T22:58:10Z</timestamp>
<contributor>
<username>ValJor</username>
<id>1358</id>
</contributor>
<comment>Por um [[Especial:Lonelypages|wikcionário sem órfãos]]: [[oblatámos]]</comment>
<model>wikitext</model>
<format>text/x-wiki</format>
<text bytes="179" xml:space="preserve">={{-pt-}}=
==Verbo==
{{oxítona|o|bla|tar}}, ''v. t.''
# [[oferecer]] à [[divindade]] ou aos [[santo]]s
===Conjugação===
{{conj/pt|oblat|ar}}
[[Categoria:Verbo (Português)]]</text>
<sha1>0912f8f3n06w44w9c50jye8zsyaxsgr</sha1>
</revision>
