<page>
<page>
<title>oblação</title>
<ns>0</ns>
<id>414403</id>
<revision>
<id>2567914</id>
<parentid>2556363</parentid>
<timestamp>2019-12-22T09:48:56Z</timestamp>
<contributor>
<username>ValJor</username>
<id>1358</id>
</contributor>
<comment>Melhorando a apresentação do verbete</comment>
<model>wikitext</model>
<format>text/x-wiki</format>
<text bytes="846" xml:space="preserve">={{-pt-}}=
==Substantivo==
{{flex.pt|fs=oblação|fp=oblações|s=|p=}}
{{oxítona|o|bla|ção}}, {{gramática|f}}
# {{escopo|pt|Religião||}} [[oferenda]] feita a Deus ou aos santos
# ato em que o sacerdote [[oferecer|oferece]] a Deus o pão e o vinho antes de o consagrar
# (por extensão) qualquer [[oferecimento]] ou [[oferta]]
===Tradução===
{{tradini}}
* {{trad|en|offering}}
{{tradmeio}}
* {{trad|pl|ofiara}}
{{tradfim}}
==Ligações externas==
* {{Aulete}}
* [http://michaelis.uol.com.br/busca?r=0&amp;f=0&amp;t=0&amp;palavra=obla%C3%A7%C3%A3o “oblação”], in Trevisan, R. (coord.); Weiszflog, W. (ed.). Michaelis: Moderno Dicionário da Língua Portuguesa. São Paulo: Melhoramentos, 2012 (nova ortografia). ISBN 978-85-06-06953-0
* {{DicioAberto}}
* {{DPLP}}
* {{Infopédia}}
* {{PLP}}
* {{VOLPABL}}
[[Categoria:Substantivo (Português)]]</text>
<sha1>g9k10k5kibd7x26tkijct6yxe1bblav</sha1>
</revision>
