<page>
<page>
<title>oblato</title>
<ns>0</ns>
<id>268473</id>
<revision>
<id>2382089</id>
<parentid>1707509</parentid>
<timestamp>2017-05-05T18:56:55Z</timestamp>
<contributor>
<username>HydrizBot</username>
<id>29590</id>
</contributor>
<minor />
<comment>Robô: A limpar links interwikis antigos</comment>
<model>wikitext</model>
<format>text/x-wiki</format>
<text bytes="1078" xml:space="preserve">={{-pt-}}=
==Adjetivo==
{{flex.pt|ms=oblato|mp=oblatos|fs=oblata|fp=oblatas}}
{{paroxítona|o|bla|to}}
# [[oferecido]] a [[Deus]]
===Tradução===
{{tradini}}
* {{trad|es|oblato}}
* {{trad|en|oblate}}
{{tradmeio}}
* {{trad|it|oblato}}
{{tradfim}}
==Substantivo==
{{paroxítona|o|bla|to}}
# [[indivíduo]] dado pelos pais a um [[convento]] para [[serviço]] de Deus
# [[leigo]] que se oferecia para serviço de uma ordem religiosa
===Tradução===
{{tradini}}
* {{trad|es|oblato}}
* {{trad|en|oblate}}
{{tradmeio}}
* {{trad|it|oblato}}
{{tradfim}}
=={{etimologia|pt}}==
: Do latim ''oblatus''.
[[Categoria:Adjetivo (Português)]]
[[Categoria:Substantivo (Português)]]
={{-es-}}=
==Adjetivo==
'''oblato'''
# [[oblato#Português|oblato]]
==Substantivo==
'''oblato'''
# [[oblato#Português|oblato]]
[[Categoria:Adjetivo (Espanhol)]]
[[Categoria:Substantivo (Espanhol)]]
={{-it-}}=
==Adjetivo==
'''oblato'''
# [[oblato#Português|oblato]]
==Substantivo==
'''oblato'''
# [[oblato#Português|oblato]]
[[Categoria:Adjetivo (Italiano)]]
[[Categoria:Substantivo (Italiano)]]</text>
<sha1>qz6n6lsi8ln8xxchok43ubk2a6wkjhe</sha1>
</revision>
