<page>
<page>
<title>oblatámos</title>
<ns>0</ns>
<id>311724</id>
<revision>
<id>2538733</id>
<parentid>1656993</parentid>
<timestamp>2019-03-11T20:03:58Z</timestamp>
<contributor>
<username>ValJor</username>
<id>1358</id>
</contributor>
<comment>Acrescentando a predefinição avi-for-fle</comment>
<model>wikitext</model>
<format>text/x-wiki</format>
<text bytes="263" xml:space="preserve">={{-pt-}}=
==Forma verbal==
{{paroxítona|o|bla|tá|mos}}
# {{escopo2|grafia lusitana}} primeira pessoa do plural do pretérito perfeito do indicativo do verbo [[oblatar]]
{{avi-for-fle|oblatar}}
[[Categoria:Forma verbal (Português)]]
[[Categoria:Lusitanismo]]</text>
<sha1>eikt2x3bc3rvncqt3mi5lmnelkwgd98</sha1>
</revision>
