<page>
<page>
<title>obligar</title>
<ns>0</ns>
<id>435897</id>
<revision>
<id>2646163</id>
<parentid>2643206</parentid>
<timestamp>2021-08-21T09:12:13Z</timestamp>
<contributor>
<username>ValJor</username>
<id>1358</id>
</contributor>
<comment>Melhorando a apresentação do verbete</comment>
<model>wikitext</model>
<format>text/x-wiki</format>
<text bytes="231" xml:space="preserve">={{-pt-}}=
==Verbo==
{{oxítona|o|bli|gar}}
# {{escopo|pt|Arcaico}} o mesmo que [[obrigar]]
==={{-varort-}}===
* [[obrigar]]
==Ligações externas==
* {{Aulete}}
* {{Michaelis}}
* {{DicioAberto}}
[[Categoria:Verbo (Português)]]</text>
<sha1>hs3io0418nrlwdvzy1m0ctbk30xqs7g</sha1>
</revision>
