<page>
<title>oblivion</title>
<ns>0</ns>
<id>81322</id>
<revision>
<id>2382148</id>
<parentid>2103938</parentid>
<timestamp>2017-05-05T18:59:40Z</timestamp>
<contributor>
<username>HydrizBot</username>
<id>29590</id>
</contributor>
<minor />
<comment>Robô: A limpar links interwikis antigos</comment>
<model>wikitext</model>
<format>text/x-wiki</format>
<text bytes="201" xml:space="preserve">={{-en-}}=
==Substantivo==
'''oblivion''', ''incontável''
# [[esquecimento]], [[oblívio]], [[oblivião]]
=={{pronúncia|en}}==
* [[AFI]]: {{AFI|/ə'blɪvɪən/}}
[[Categoria:Substantivo (Inglês)]]</text>
<sha1>agyr6puvnf73iw8xr9wt94xyqt4384x</sha1>
</revision>
</page>
