<page>
<title>obliterasse</title>
<ns>0</ns>
<id>205659</id>
<revision>
<id>2382125</id>
<parentid>2131300</parentid>
<timestamp>2017-05-05T18:58:43Z</timestamp>
<contributor>
<username>HydrizBot</username>
<id>29590</id>
</contributor>
<minor />
<comment>Robô: A limpar links interwikis antigos</comment>
<model>wikitext</model>
<format>text/x-wiki</format>
<text bytes="235" xml:space="preserve">={{-pt-}}=
==Forma verbal==
'''obliterasse'''
#[[primeira pessoa|primeira]] e [[terceira pessoa]] do [[singular]] do [[pretérito imperfeito]] do [[modo subjuntivo]] do verbo '''[[obliterar]]'''
[[Categoria:Forma verbal (Português)]]</text>
<sha1>99xchx8u06fu4lg8hoau2ikoa8nadlq</sha1>
</revision>
</page>
