<page>
<title>obliquidade</title>
<ns>0</ns>
<id>41919</id>
<revision>
<id>2382097</id>
<parentid>1940920</parentid>
<timestamp>2017-05-05T18:57:33Z</timestamp>
<contributor>
<username>HydrizBot</username>
<id>29590</id>
</contributor>
<minor />
<comment>Robô: A limpar links interwikis antigos</comment>
<model>wikitext</model>
<format>text/x-wiki</format>
<text bytes="259" xml:space="preserve">{{Wikipédia}}
={{-pt-}}=
==Substantivo==
{{paroxítona|o|bli|qu|i|da|de}} {{f}}
#[[característica]] ou [[posição]] do que [[ser|é]] [[oblíquo]].
===Variante ortográfica===
* Anterior ao AO 1990: [[obliqüidade]]
[[Categoria:Substantivo (Português)]]</text>
<sha1>3appv497kfroxzbtnipprebwrdpbe46</sha1>
</revision>
</page>
