<page>
<page>
<title>oblitere</title>
<ns>0</ns>
<id>213198</id>
<revision>
<id>2382133</id>
<parentid>1985060</parentid>
<timestamp>2017-05-05T18:59:01Z</timestamp>
<contributor>
<username>HydrizBot</username>
<id>29590</id>
</contributor>
<minor />
<comment>Robô: A limpar links interwikis antigos</comment>
<model>wikitext</model>
<format>text/x-wiki</format>
<text bytes="415" xml:space="preserve">={{-pt-}}=
==Forma verbal==
'''oblitere'''
#[[primeira pessoa|primeira]] e [[terceira pessoa]] do [[singular]] do [[presente]] do [[modo subjuntivo]] do verbo '''[[obliterar]]'''
#[[terceira pessoa]] do [[singular]] do [[imperativo]] [[afirmativo]] do verbo '''[[obliterar]]'''
#[[terceira pessoa]] do [[singular]] do [[imperativo]] [[negativo]] do verbo '''[[obliterar]]'''
[[Categoria:Forma verbal (Português)]]</text>
<sha1>ov9xxpfkdt3drkiqvf64xvmjcddkjio</sha1>
</revision>
