<page>
<page>
<title>obliquamente</title>
<ns>0</ns>
<id>41905</id>
<revision>
<id>2419774</id>
<parentid>2419773</parentid>
<timestamp>2017-07-04T11:35:17Z</timestamp>
<contributor>
<username>Askekamo</username>
<id>60711</id>
</contributor>
<model>wikitext</model>
<format>text/x-wiki</format>
<text bytes="322" xml:space="preserve">={{-pt-}}=
==Advérbio==
{{paroxítona|o|bli|qua|men|te}}, {{gramática|modo}}
# de [[forma]] [[oblíquo|oblíqua]], em [[diagonal]]
# {{escopo|pt|Figurado}} [[indiretamente]], por [[caminho]]s [[improvável|improváveis]]
#* ''Conseguiu, '''obliquamente''', não pagar o que devia.''
[[Categoria:Advérbio (Português)]]</text>
<sha1>dzt6xks8lu0k95a09n8k4myb325higx</sha1>
</revision>
