<page>
<title>obliteraram</title>
<ns>0</ns>
<id>176056</id>
<revision>
<id>2382107</id>
<parentid>1782434</parentid>
<timestamp>2017-05-05T18:57:56Z</timestamp>
<contributor>
<username>HydrizBot</username>
<id>29590</id>
</contributor>
<minor />
<comment>Robô: A limpar links interwikis antigos</comment>
<model>wikitext</model>
<format>text/x-wiki</format>
<text bytes="199" xml:space="preserve">={{-pt-}}=
==Forma verbal==
'''obliteraram'''
#[[terceira pessoa]] do [[plural]] do [[pretérito perfeito]] do [[modo indicativo]] do verbo '''[[obliterar]]'''
[[Categoria:Forma verbal (Português)]]</text>
<sha1>mol2h8qdbjma5ou3yf61a4859vgxalp</sha1>
</revision>
</page>
