<page>
<title>obliterem</title>
<ns>0</ns>
<id>216018</id>
<revision>
<id>2382136</id>
<parentid>1295788</parentid>
<timestamp>2017-05-05T18:59:07Z</timestamp>
<contributor>
<username>HydrizBot</username>
<id>29590</id>
</contributor>
<minor />
<comment>Robô: A limpar links interwikis antigos</comment>
<model>wikitext</model>
<format>text/x-wiki</format>
<text bytes="379" xml:space="preserve">={{-pt-}}=
==Forma verbal==
'''obliterem'''
#[[terceira pessoa]] do [[plural]] do [[presente]] do [[modo subjuntivo]] do verbo '''[[obliterar]]'''
#[[terceira pessoa]] do [[plural]] do [[imperativo]] [[afirmativo]] do verbo '''[[obliterar]]'''
#[[terceira pessoa]] do [[plural]] do [[imperativo]] [[negativo]] do verbo '''[[obliterar]]'''
[[Categoria:Forma verbal (Português)]]</text>
<sha1>494pces8yqofcrktbbja5dp90b3rh2k</sha1>
</revision>
</page>
