<page>
<title>obliterando</title>
<ns>0</ns>
<id>57967</id>
<revision>
<id>2382104</id>
<parentid>1985047</parentid>
<timestamp>2017-05-05T18:57:47Z</timestamp>
<contributor>
<username>HydrizBot</username>
<id>29590</id>
</contributor>
<minor />
<comment>Robô: A limpar links interwikis antigos</comment>
<model>wikitext</model>
<format>text/x-wiki</format>
<text bytes="135" xml:space="preserve">={{-pt-}}=
==Forma verbal==
{{paroxítona|o|bli|te|ran|do}}
# gerúndio do verbo [[obliterar]]
[[Categoria:Forma verbal (Português)]]</text>
<sha1>pgex84bdikbhlag6elk57wdfdxgkomk</sha1>
</revision>
</page>
