<page>
<title>obliterava</title>
<ns>0</ns>
<id>204361</id>
<revision>
<id>2382130</id>
<parentid>2131299</parentid>
<timestamp>2017-05-05T18:58:55Z</timestamp>
<contributor>
<username>HydrizBot</username>
<id>29590</id>
</contributor>
<minor />
<comment>Robô: A limpar links interwikis antigos</comment>
<model>wikitext</model>
<format>text/x-wiki</format>
<text bytes="234" xml:space="preserve">={{-pt-}}=
==Forma verbal==
'''obliterava'''
#[[primeira pessoa|primeira]] e [[terceira pessoa]] do [[singular]] do [[pretérito imperfeito]] do [[modo indicativo]] do verbo '''[[obliterar]]'''
[[Categoria:Forma verbal (Português)]]</text>
<sha1>pbiqfns13ikaqmqfp2bij9t47rbtnk7</sha1>
</revision>
</page>
