<page>
<page>
<title>obliteremos</title>
<ns>0</ns>
<id>214453</id>
<revision>
<id>2382137</id>
<parentid>1985059</parentid>
<timestamp>2017-05-05T18:59:09Z</timestamp>
<contributor>
<username>HydrizBot</username>
<id>29590</id>
</contributor>
<minor />
<comment>Robô: A limpar links interwikis antigos</comment>
<model>wikitext</model>
<format>text/x-wiki</format>
<text bytes="381" xml:space="preserve">={{-pt-}}=
==Forma verbal==
'''obliteremos'''
#[[primeira pessoa]] do [[plural]] do [[presente]] do [[modo subjuntivo]] do verbo '''[[obliterar]]'''
#[[primeira pessoa]] do [[plural]] do [[imperativo]] [[afirmativo]] do verbo '''[[obliterar]]'''
#[[primeira pessoa]] do [[plural]] do [[imperativo]] [[negativo]] do verbo '''[[obliterar]]'''
[[Categoria:Forma verbal (Português)]]</text>
<sha1>emjiib3tejundy22aflj744uojfh6j4</sha1>
</revision>
