<page>
<page>
<title>obliterar</title>
<ns>0</ns>
<id>32646</id>
<revision>
<id>2382105</id>
<parentid>2247410</parentid>
<timestamp>2017-05-05T18:57:51Z</timestamp>
<contributor>
<username>HydrizBot</username>
<id>29590</id>
</contributor>
<minor />
<comment>Robô: A limpar links interwikis antigos</comment>
<model>wikitext</model>
<format>text/x-wiki</format>
<text bytes="973" xml:space="preserve">={{-pt-}}=
==Verbo==
{{oxítona|o|bli|te|rar}}
# [[ocultar]]
# [[diminuir]]
# [[reduzir]]
# [[destruir]] por [[completo]], sem [[deixar]] [[vestígio]]s
# [[carimbar]] um [[selo]]
===Conjugação===
{{conj/pt|obliter|ar}}
===Tradução===
{{tradini|De 4 (destruir por completo)}}
* {{trad|de|entwerten}}
* {{trad|es|obliterar}}
* {{trad|fr|oblitérer}}
* {{trad|nl|stempelen}}
{{tradmeio}}
* {{trad|en|obliterate}}
* {{trad|it|obliterare}}
* {{trad|sv|utplåna}}
{{tradfim}}
{{tradini|De 5 (carimbar um selo)}}
* {{trad|de|entwerten}}
* {{trad|es|timbrar}}
* {{trad|fr|oblitérer}}
* {{trad|nl|stempelen}}
{{tradmeio}}
* {{trad|en|obliterate}}
* {{trad|it|obliterare}}
* {{trad|sv|utplåna}}
{{tradfim}}
=={{etimologia|pt}}==
: Do infinitivo latino ''oblitterāre''.
[[Categoria:Verbo (Português)]]
={{-es-}}=
==Verbo==
'''obliterar'''
# [[obliterar#Português|obliterar]]
# [[fechar]] um [[conduto]] ou [[canal]] de [[comunicação]]
[[Categoria:Verbo (Espanhol)]]</text>
<sha1>qss0q85rbiomwdw8ofcvafeucavzprp</sha1>
</revision>
