<page>
<page>
<title>obliterarei</title>
<ns>0</ns>
<id>183682</id>
<revision>
<id>2382110</id>
<parentid>1161554</parentid>
<timestamp>2017-05-05T18:58:02Z</timestamp>
<contributor>
<username>HydrizBot</username>
<id>29590</id>
</contributor>
<minor />
<comment>Robô: A limpar links interwikis antigos</comment>
<model>wikitext</model>
<format>text/x-wiki</format>
<text bytes="178" xml:space="preserve">={{-pt-}}=
==Forma verbal==
'''obliterarei'''
#[[primeira pessoa]] do [[singular]] do [[futuro do presente]] do verbo '''[[obliterar]]'''
[[Categoria:Forma verbal (Português)]]</text>
<sha1>19mwlgc8bjgnyglqn9i0kaduj1qeqjq</sha1>
</revision>
