<page>
<title>obliteramos</title>
<ns>0</ns>
<id>157535</id>
<revision>
<id>2492991</id>
<parentid>2382103</parentid>
<timestamp>2018-04-03T18:16:31Z</timestamp>
<contributor>
<username>ValJor</username>
<id>1358</id>
</contributor>
<comment>Acrescentando a predefinição avi-for-fle</comment>
<model>wikitext</model>
<format>text/x-wiki</format>
<text bytes="332" xml:space="preserve">={{-pt-}}=
==Forma verbal==
{{paroxítona|o|bli|te|ra|mos}}
# primeira pessoa do plural do presente do modo indicativo do verbo [[obliterar]]
# {{escopo2|grafia brasileira}} primeira pessoa do plural do pretérito perfeito do modo indicativo do verbo [[obliterar]]
{{avi-for-fle|obliterar}}
[[Categoria:Forma verbal (Português)]]</text>
<sha1>ray10400rmpjjonehvvqgniy42ijabt</sha1>
</revision>
</page>
