<page>
<page>
<title>obliteres</title>
<ns>0</ns>
<id>218830</id>
<revision>
<id>2382138</id>
<parentid>1985057</parentid>
<timestamp>2017-05-05T18:59:12Z</timestamp>
<contributor>
<username>HydrizBot</username>
<id>29590</id>
</contributor>
<minor />
<comment>Robô: A limpar links interwikis antigos</comment>
<model>wikitext</model>
<format>text/x-wiki</format>
<text bytes="284" xml:space="preserve">={{-pt-}}=
==Forma verbal==
'''obliteres'''
#[[segunda pessoa]] do [[singular]] do [[presente]] do [[modo subjuntivo]] do verbo '''[[obliterar]]'''
#[[segunda pessoa]] do [[singular]] do [[imperativo]] [[negativo]] do verbo '''[[obliterar]]'''
[[Categoria:Forma verbal (Português)]]</text>
<sha1>d01axm7x2947h9lrr355vdoxrsj3rt4</sha1>
</revision>
