<page>
<title>obliteraras</title>
<ns>0</ns>
<id>179006</id>
<revision>
<id>2382108</id>
<parentid>1985043</parentid>
<timestamp>2017-05-05T18:57:58Z</timestamp>
<contributor>
<username>HydrizBot</username>
<id>29590</id>
</contributor>
<minor />
<comment>Robô: A limpar links interwikis antigos</comment>
<model>wikitext</model>
<format>text/x-wiki</format>
<text bytes="187" xml:space="preserve">={{-pt-}}=
==Forma verbal==
'''obliteraras'''
#[[segunda pessoa]] do [[singular]] do [[pretérito mais-que-perfeito]] do verbo '''[[obliterar]]'''
[[Categoria:Forma verbal (Português)]]</text>
<sha1>lppnyziy976din9a4ym63q705gtutj7</sha1>
</revision>
</page>
