<page>
<title>obliterará</title>
<ns>0</ns>
<id>186622</id>
<revision>
<id>2382119</id>
<parentid>1985039</parentid>
<timestamp>2017-05-05T18:58:28Z</timestamp>
<contributor>
<username>HydrizBot</username>
<id>29590</id>
</contributor>
<minor />
<comment>Robô: A limpar links interwikis antigos</comment>
<model>wikitext</model>
<format>text/x-wiki</format>
<text bytes="178" xml:space="preserve">={{-pt-}}=
==Forma verbal==
'''obliterará'''
#[[terceira pessoa]] do [[singular]] do [[futuro do presente]] do verbo '''[[obliterar]]'''
[[Categoria:Forma verbal (Português)]]</text>
<sha1>jd8ohvptkt13kue5qs1to9f0w2ul7va</sha1>
</revision>
</page>
