<page>
<title>obliterarmos</title>
<ns>0</ns>
<id>208856</id>
<revision>
<id>2382118</id>
<parentid>1161562</parentid>
<timestamp>2017-05-05T18:58:25Z</timestamp>
<contributor>
<username>HydrizBot</username>
<id>29590</id>
</contributor>
<minor />
<comment>Robô: A limpar links interwikis antigos</comment>
<model>wikitext</model>
<format>text/x-wiki</format>
<text bytes="278" xml:space="preserve">={{-pt-}}=
==Forma verbal==
'''obliterarmos'''
#[[primeira pessoa]] do [[plural]] do [[futuro]] do [[modo subjuntivo]] do verbo '''[[obliterar]]'''
#[[infinitivo pessoal]] da [[primeira pessoa]] do [[plural]] do verbo '''[[obliterar]]'''
[[Categoria:Forma verbal (Português)]]</text>
<sha1>qs1my2ighhh8m83nvvqhodp63ojxsgy</sha1>
</revision>
</page>
