<page>
<page>
<title>obliterai</title>
<ns>0</ns>
<id>220307</id>
<revision>
<id>2659001</id>
<parentid>2382100</parentid>
<timestamp>2022-02-01T07:45:56Z</timestamp>
<contributor>
<username>ValJor</username>
<id>1358</id>
</contributor>
<comment>Melhorando a apresentação do verbete</comment>
<model>wikitext</model>
<format>text/x-wiki</format>
<text bytes="296" xml:space="preserve">={{-pt-}}=
==Forma verbal==
'''obliterai'''
# segunda pessoa do plural do imperativo afirmativo do verbo [[obliterar]]
{{avi-for-fle|obliterar}}
==Anagramas==
&lt;!-- índice para anagramas: pt: abeiilort --&gt;
# [[abliteiro]]
# [[bitolarei]]
# [[reabilito]]
[[Categoria:Forma verbal (Português)]]</text>
<sha1>2uods1kithcvj8bgdciavox0627x5v5</sha1>
</revision>
