<page>
<title>oblida</title>
<ns>0</ns>
<id>338553</id>
<revision>
<id>2382090</id>
<parentid>2196064</parentid>
<timestamp>2017-05-05T18:56:57Z</timestamp>
<contributor>
<username>HydrizBot</username>
<id>29590</id>
</contributor>
<minor />
<comment>Robô: A limpar links interwikis antigos</comment>
<model>wikitext</model>
<format>text/x-wiki</format>
<text bytes="578" xml:space="preserve">={{-lfn-}}=
==Verbo==
{{paroxítona|o|bli|da|lang=lfn}}, {{gramática|vt}}
# [[esquecer]]
===Conjugação===
{{conj.lfn|lat=oblida|cir=облида}}
==={{-varort-}}===
* '''[[alfabeto cirílico|Alfabeto cirílico]]:''' {{l.s.|облида|{{lfn}}}}
===Verbetes derivados===
{{verTambém.Ini}}
* {{link opcional|nonoblidable|lfn}}
{{verTambém.NovaColuna}}
* {{link opcional|no-oblida-me|lfn}}
{{verTambém.NovaColuna}}
* {{link opcional|oblida lo|lfn}}
{{verTambém.NovaColuna}}
* {{link opcional|oblidante|lfn}}
{{verTambém.Fim}}
[[Categoria:Verbo (Língua Franca Nova)]]</text>
<sha1>g2xumcdyzmxfvo87vhv2j0nm9qfhcwb</sha1>
</revision>
</page>
