<page>
<title>obliquámos</title>
<ns>0</ns>
<id>311728</id>
<revision>
<id>2538729</id>
<parentid>1656997</parentid>
<timestamp>2019-03-11T19:53:10Z</timestamp>
<contributor>
<username>ValJor</username>
<id>1358</id>
</contributor>
<comment>Acrescentando a predefinição avi-for-fle</comment>
<model>wikitext</model>
<format>text/x-wiki</format>
<text bytes="266" xml:space="preserve">={{-pt-}}=
==Forma verbal==
{{paroxítona|o|bli|quá|mos}}
# {{escopo2|grafia lusitana}} primeira pessoa do plural do pretérito perfeito do indicativo do verbo [[obliquar]]
{{avi-for-fle|obliquar}}
[[Categoria:Forma verbal (Português)]]
[[Categoria:Lusitanismo]]</text>
<sha1>9a205ut3nayfx9rope5qsat7lh8umzk</sha1>
</revision>
</page>
