<page>
<page>
<title>obliteravas</title>
<ns>0</ns>
<id>161882</id>
<revision>
<id>2382132</id>
<parentid>1161576</parentid>
<timestamp>2017-05-05T18:58:58Z</timestamp>
<contributor>
<username>HydrizBot</username>
<id>29590</id>
</contributor>
<minor />
<comment>Robô: A limpar links interwikis antigos</comment>
<model>wikitext</model>
<format>text/x-wiki</format>
<text bytes="202" xml:space="preserve">={{-pt-}}=
==Forma verbal==
'''obliteravas'''
#[[segunda pessoa]] do [[singular]] do [[pretérito imperfeito]] do [[modo indicativo]] do verbo '''[[obliterar]]'''
[[Categoria:Forma verbal (Português)]]</text>
<sha1>tf44cqjnys3hti0016xs2gjmfitvqhl</sha1>
</revision>
