<page>
<title>obliterarias</title>
<ns>0</ns>
<id>200342</id>
<revision>
<id>2382117</id>
<parentid>1161561</parentid>
<timestamp>2017-05-05T18:58:22Z</timestamp>
<contributor>
<username>HydrizBot</username>
<id>29590</id>
</contributor>
<minor />
<comment>Robô: A limpar links interwikis antigos</comment>
<model>wikitext</model>
<format>text/x-wiki</format>
<text bytes="180" xml:space="preserve">={{-pt-}}=
==Forma verbal==
'''obliterarias'''
#[[segunda pessoa]] do [[singular]] do [[futuro do pretérito]] do verbo '''[[obliterar]]'''
[[Categoria:Forma verbal (Português)]]</text>
<sha1>iaxjqmpgj4iomnmply17hq3szc3dfeu</sha1>
</revision>
</page>
