<page>
<page>
<title>obliterássemos</title>
<ns>0</ns>
<id>198830</id>
<revision>
<id>2382145</id>
<parentid>1161589</parentid>
<timestamp>2017-05-05T18:59:29Z</timestamp>
<contributor>
<username>HydrizBot</username>
<id>29590</id>
</contributor>
<minor />
<comment>Robô: A limpar links interwikis antigos</comment>
<model>wikitext</model>
<format>text/x-wiki</format>
<text bytes="206" xml:space="preserve">={{-pt-}}=
==Forma verbal==
'''obliterássemos'''
#[[primeira pessoa]] do [[plural]] do [[pretérito imperfeito]] do [[modo subjuntivo]] do verbo '''[[obliterar]]'''
[[Categoria:Forma verbal (Português)]]</text>
<sha1>99jqpwy2bvltwn0o2p0gei8emw8f59j</sha1>
</revision>
