<page>
<title>oblitero</title>
<ns>0</ns>
<id>152472</id>
<revision>
<id>2382139</id>
<parentid>1985056</parentid>
<timestamp>2017-05-05T18:59:15Z</timestamp>
<contributor>
<username>HydrizBot</username>
<id>29590</id>
</contributor>
<minor />
<comment>Robô: A limpar links interwikis antigos</comment>
<model>wikitext</model>
<format>text/x-wiki</format>
<text bytes="184" xml:space="preserve">={{-pt-}}=
==Forma verbal==
'''oblitero'''
#[[primeira]] [[pessoa]] do [[singular]] do [[presente]] [[indicativo]] do verbo '''[[obliterar]]'''
[[Categoria:Forma verbal (Português)]]</text>
<sha1>6f22xqr6oxqu5txw4x9yuxrpqsedw2f</sha1>
</revision>
</page>
