<page>
<title>obligation</title>
<ns>0</ns>
<id>105879</id>
<revision>
<id>2382092</id>
<parentid>2237160</parentid>
<timestamp>2017-05-05T18:57:11Z</timestamp>
<contributor>
<username>HydrizBot</username>
<id>29590</id>
</contributor>
<minor />
<comment>Robô: A limpar links interwikis antigos</comment>
<model>wikitext</model>
<format>text/x-wiki</format>
<text bytes="1147" xml:space="preserve">={{-fr-}}=
==Substantivo==
'''obligation'''
# [[obrigação]] (tanto no sentido comum quanto no sentido econômico)
==Pronúncia==
* AFI: /ɔ.bli.ga.sjɔ̃/
[[Categoria:Substantivo (Francês)]]
[[Categoria:Economia (Francês)]]
={{-en-}}=
==Substantivo==
'''obligation'''
# [[obrigação]] (tanto no sentido comum quanto no sentido econômico)
=={{etimologia|en}}==
: Do {{etm|la|en}} ''obligatio'' e este de ''obligatum'' (particípio passado do verbo ''obligare'') e este de ''ob-'' ([[para]]) + ''ligare'' ([[ligar]]) e este do proto-indo-europeu ''*leig-'' ([[ligar]]).
==Ver também==
===No Wikcionário===
{{verTambém.Ini}}
* [[obligate]]
* [[obligated]]
* [[obligational]]
{{verTambém.NovaColuna}}
* [[obligato]]
* [[obligatorily]]
* [[oblige]]
{{verTambém.NovaColuna}}
* [[obligee]]
* [[obliger]]
* [[obliging]]
{{verTambém.NovaColuna}}
* [[obligingly]]
* [[obligingness]]
* [[obligor]]
{{verTambém.Fim}}
[[Categoria:Substantivo (Inglês)]]
[[Categoria:Economia (Inglês)]]
={{-sv-}}=
==Substantivo==
'''obligation'''
# [[obrigação]] (somente no sentido econômico)
[[Categoria:Substantivo (Sueco)]]
[[Categoria:Economia (Sueco)]]</text>
<sha1>pt5iyzb89rcmqsq8grp280x4hzvniom</sha1>
</revision>
</page>
