<page>
<page>
<title>obliterais</title>
<ns>0</ns>
<id>158928</id>
<revision>
<id>2382101</id>
<parentid>1161547</parentid>
<timestamp>2017-05-05T18:57:41Z</timestamp>
<contributor>
<username>HydrizBot</username>
<id>29590</id>
</contributor>
<minor />
<comment>Robô: A limpar links interwikis antigos</comment>
<model>wikitext</model>
<format>text/x-wiki</format>
<text bytes="186" xml:space="preserve">={{-pt-}}=
==Forma verbal==
'''obliterais'''
#[[segunda pessoa]] do [[plural]] do [[presente]] do [[modo indicativo]] do verbo '''[[obliterar]]'''
[[Categoria:Forma verbal (Português)]]</text>
<sha1>7oevxef1amv2bfeqgzv08pjiaenlcwt</sha1>
</revision>
