<page>
<page>
<title>obliterarão</title>
<ns>0</ns>
<id>190762</id>
<revision>
<id>2382121</id>
<parentid>1161565</parentid>
<timestamp>2017-05-05T18:58:33Z</timestamp>
<contributor>
<username>HydrizBot</username>
<id>29590</id>
</contributor>
<minor />
<comment>Robô: A limpar links interwikis antigos</comment>
<model>wikitext</model>
<format>text/x-wiki</format>
<text bytes="177" xml:space="preserve">={{-pt-}}=
==Forma verbal==
'''obliterarão'''
#[[terceira pessoa]] do [[plural]] do [[futuro do presente]] do verbo '''[[obliterar]]'''
[[Categoria:Forma verbal (Português)]]</text>
<sha1>jktxx91caqliaeax5fex3qbal7d0ebk</sha1>
</revision>
