<page>
<title>obliteram</title>
<ns>0</ns>
<id>160553</id>
<revision>
<id>2382102</id>
<parentid>1161548</parentid>
<timestamp>2017-05-05T18:57:42Z</timestamp>
<contributor>
<username>HydrizBot</username>
<id>29590</id>
</contributor>
<minor />
<comment>Robô: A limpar links interwikis antigos</comment>
<model>wikitext</model>
<format>text/x-wiki</format>
<text bytes="186" xml:space="preserve">={{-pt-}}=
==Forma verbal==
'''obliteram'''
#[[terceira pessoa]] do [[plural]] do [[presente]] do [[modo indicativo]] do verbo '''[[obliterar]]'''
[[Categoria:Forma verbal (Português)]]</text>
<sha1>7s0d31zmx1rc9uxgod6t4oq2iopngus</sha1>
</revision>
</page>
