<page>
<page>
<title>obliteráramos</title>
<ns>0</ns>
<id>180498</id>
<revision>
<id>2382142</id>
<parentid>1985055</parentid>
<timestamp>2017-05-05T18:59:22Z</timestamp>
<contributor>
<username>HydrizBot</username>
<id>29590</id>
</contributor>
<minor />
<comment>Robô: A limpar links interwikis antigos</comment>
<model>wikitext</model>
<format>text/x-wiki</format>
<text bytes="189" xml:space="preserve">={{-pt-}}=
==Forma verbal==
'''obliteráramos'''
#[[primeira pessoa]] do [[plural]] do [[pretérito mais-que-perfeito]] do verbo '''[[obliterar]]'''
[[Categoria:Forma verbal (Português)]]</text>
<sha1>r8ufsz6pnn6ozf1lmfd3tznhymagmpb</sha1>
</revision>
