<page>
<page>
<title>obliterásseis</title>
<ns>0</ns>
<id>201676</id>
<revision>
<id>2382144</id>
<parentid>1161588</parentid>
<timestamp>2017-05-05T18:59:27Z</timestamp>
<contributor>
<username>HydrizBot</username>
<id>29590</id>
</contributor>
<minor />
<comment>Robô: A limpar links interwikis antigos</comment>
<model>wikitext</model>
<format>text/x-wiki</format>
<text bytes="204" xml:space="preserve">={{-pt-}}=
==Forma verbal==
'''obliterásseis'''
#[[segunda pessoa]] do [[plural]] do [[pretérito imperfeito]] do [[modo subjuntivo]] do verbo '''[[obliterar]]'''
[[Categoria:Forma verbal (Português)]]</text>
<sha1>0j33onn8pg310d1pu59dvkzwq4nmstk</sha1>
</revision>
