<page>
<page>
<title>obliteráveis</title>
<ns>0</ns>
<id>167720</id>
<revision>
<id>2382147</id>
<parentid>1161591</parentid>
<timestamp>2017-05-05T18:59:34Z</timestamp>
<contributor>
<username>HydrizBot</username>
<id>29590</id>
</contributor>
<minor />
<comment>Robô: A limpar links interwikis antigos</comment>
<model>wikitext</model>
<format>text/x-wiki</format>
<text bytes="202" xml:space="preserve">={{-pt-}}=
==Forma verbal==
'''obliteráveis'''
#[[segunda pessoa]] do [[plural]] do [[pretérito imperfeito]] do [[modo indicativo]] do verbo '''[[obliterar]]'''
[[Categoria:Forma verbal (Português)]]</text>
<sha1>oiuzzsrm7et3hm9g7lr51i9evsagcru</sha1>
</revision>
