<page>
<page>
<title>obliquar</title>
<ns>0</ns>
<id>316866</id>
<revision>
<id>2382096</id>
<parentid>1782436</parentid>
<timestamp>2017-05-05T18:57:31Z</timestamp>
<contributor>
<username>HydrizBot</username>
<id>29590</id>
</contributor>
<minor />
<comment>Robô: A limpar links interwikis antigos</comment>
<model>wikitext</model>
<format>text/x-wiki</format>
<text bytes="336" xml:space="preserve">={{-pt-}}=
==Verbo==
{{oxítona|o|bli|quar}}, ''v. i.''
# [[caminhar]] obliquamente
# [[andar]] de través
# [[proceder]] maliciosamente, com dissimulação
===Conjugação===
{{conj/pt|obliqu|ar}}
=={{etimologia|pt}}==
: Do infinitivo latino ''obliquare''.
==Ligações externas==
* {{DicioAberto}}
[[Categoria:Verbo (Português)]]</text>
<sha1>c96587jyldmwsnmlnmjec0ptxbwqyaq</sha1>
</revision>
