<page>
<page>
<title>oblidar</title>
<ns>0</ns>
<id>277749</id>
<revision>
<id>2498161</id>
<parentid>2382091</parentid>
<timestamp>2018-04-22T22:52:52Z</timestamp>
<contributor>
<username>ValJor</username>
<id>1358</id>
</contributor>
<comment>Verbete [[:Categoria:!Página com idioma não informado em Predefinição:etimologia|sem indicação do idioma na seção de etimologia]]</comment>
<model>wikitext</model>
<format>text/x-wiki</format>
<text bytes="920" xml:space="preserve">={{-ca-}}=
==Verbo== 
'''oblidar'''
# [[esquecer]]
===Conjugação===
{{conj.ca.ar.básico|oblid}}
===Verbetes derivados===
{{verTambém.Ini}}
* {{link opcional|oblidable|ca}}
* {{link opcional|oblidador|ca}}
* {{link opcional|oblidadís|ca}}
{{verTambém.NovaColuna}}
* {{link opcional|oblidós|ca}}
* {{link opcional|oblidament|ca}}
* {{link opcional|oblidança|ca}}
{{verTambém.Fim}}
=={{etimologia|ca}}==
{{llietimo|la|oblitare|ca}}
=={{pronúncia|ca}}==
* [[AFI]]: {{AFI|/uβli'δa/}}.
[[Categoria:Verbo (Catalão)]]
={{-ia-}}=
==Verbo== 
'''oblidar'''
# [[esquecer]]
===Conjugação===
{{conj.ia.ar|oblida}}
===Verbetes derivados===
{{verTambém.Ini}}
* {{link opcional|oblidabile|ia}}
{{verTambém.NovaColuna}}
* {{link opcional|oblido|ia}}
{{verTambém.Fim}}
=={{etimologia|ia}}==
{{llietimo|la|oblitare|ia}}
=={{pronúncia|ia}}==
* [[AFI]]: {{AFI|/o.bli.ˈdar/}}.
[[Categoria:Verbo (Interlíngua)]]</text>
<sha1>rshj126d32sctgur3c71eg2e840jkiz</sha1>
</revision>
