<page>
<page>
<title>obliterámos</title>
<ns>0</ns>
<id>164718</id>
<revision>
<id>2538727</id>
<parentid>2382141</parentid>
<timestamp>2019-03-11T19:43:55Z</timestamp>
<contributor>
<username>ValJor</username>
<id>1358</id>
</contributor>
<comment>Acrescentando a predefinição avi-for-fle</comment>
<model>wikitext</model>
<format>text/x-wiki</format>
<text bytes="270" xml:space="preserve">={{-pt-}}=
==Forma verbal==
{{paroxítona|o|bli|te|rá|mos}}
# {{escopo2|grafia lusitana}} primeira pessoa do plural do pretérito perfeito do indicativo do verbo [[obliterar]]
{{avi-for-fle|obliterar}}
[[Categoria:Forma verbal (Português)]]
[[Categoria:Lusitanismo]]</text>
<sha1>9cxwxjz5sjs9mvhrb0q36wxa1r8nfgq</sha1>
</revision>
