<page>
<page>
<title>obliteraria</title>
<ns>0</ns>
<id>192063</id>
<revision>
<id>2382115</id>
<parentid>1161559</parentid>
<timestamp>2017-05-05T18:58:17Z</timestamp>
<contributor>
<username>HydrizBot</username>
<id>29590</id>
</contributor>
<minor />
<comment>Robô: A limpar links interwikis antigos</comment>
<model>wikitext</model>
<format>text/x-wiki</format>
<text bytes="211" xml:space="preserve">={{-pt-}}=
==Forma verbal==
'''obliteraria'''
#[[primeira pessoa|primeira]] e [[terceira pessoa]] do [[singular]] do [[futuro do pretérito]] do verbo '''[[obliterar]]'''
[[Categoria:Forma verbal (Português)]]</text>
<sha1>4xjpuif7npoz5gfz8i6hisw6tsv69jf</sha1>
</revision>
