<page>
<title>obloha</title>
<ns>0</ns>
<id>229132</id>
<revision>
<id>2521158</id>
<parentid>2382149</parentid>
<timestamp>2018-10-03T20:02:20Z</timestamp>
<contributor>
<username>ValJor</username>
<id>1358</id>
</contributor>
<comment>Confirmando [[:Categoria:!Entrada criada por robô|verbete criado por robô]]</comment>
<model>wikitext</model>
<format>text/x-wiki</format>
<text bytes="238" xml:space="preserve">{{Wikipédia|lang=cs}}
={{-cs-}}=
==Substantivo==
'''obloha'''
# [[céu]] (abóbada celeste)
===Sinônimos===
{{verTambém.Ini}}
* [[firmament]]
{{verTambém.NovaColuna}}
* [[nebe]] 
{{verTambém.Fim}}
[[Categoria:Substantivo (Checo)]]</text>
<sha1>rqlvhbw1eotttx0g1dwo4fd2eqcmbtx</sha1>
</revision>
</page>
