<page>
<title>oblongo</title>
<ns>0</ns>
<id>273028</id>
<revision>
<id>2382151</id>
<parentid>1782462</parentid>
<timestamp>2017-05-05T18:59:50Z</timestamp>
<contributor>
<username>HydrizBot</username>
<id>29590</id>
</contributor>
<minor />
<comment>Robô: A limpar links interwikis antigos</comment>
<model>wikitext</model>
<format>text/x-wiki</format>
<text bytes="140" xml:space="preserve">={{-pt-}}=
==Adjetivo==
{{flex.pt|ms=oblongo|mp=oblongos|fs=oblonga|fp=oblongas}}
{{paroxítona|o|blon|go}} {{m}}
# [[oval]], [[elíptico]]</text>
<sha1>3lcpmusdjdd85fib7cc24eofn02ncgz</sha1>
</revision>
</page>
