<page>
<page>
<title>oblonga</title>
<ns>0</ns>
<id>273029</id>
<revision>
<id>2382150</id>
<parentid>2166532</parentid>
<timestamp>2017-05-05T18:59:46Z</timestamp>
<contributor>
<username>HydrizBot</username>
<id>29590</id>
</contributor>
<minor />
<comment>Robô: A limpar links interwikis antigos</comment>
<model>wikitext</model>
<format>text/x-wiki</format>
<text bytes="154" xml:space="preserve">={{-pt-}}=
==Adjetivo==
{{flex.pt|ms=oblongo|mp=oblongos|fs=oblonga|fp=oblongas}}
{{paroxítona|o|blon|ga}} {{f}}
# [[feminino]] [[de]] '''[[oblongo]]'''</text>
<sha1>1r0wwdd6j81oyfvpjp5tiuszlyw3lm9</sha1>
</revision>
