<page>
<page>
<title>oblívio</title>
<ns>0</ns>
<id>316113</id>
<revision>
<id>1697829</id>
<parentid>1697333</parentid>
<timestamp>2013-07-03T15:37:43Z</timestamp>
<contributor>
<username>ValJor</username>
<id>1358</id>
</contributor>
<comment>Por um [[Wikcionário:Listas de verbetes com problemas|wikcionário com saídas]]!</comment>
<model>wikitext</model>
<format>text/x-wiki</format>
<text bytes="174" xml:space="preserve">={{-pt-}}=
==Substantivo==
{{flex.pt|ms=oblívio|mp=oblívios}}
{{proparoxítona aparente|o|blí|vi|o}}
# [[esquecimento]], [[olvido]]
[[Categoria:Substantivo (Português)]]</text>
<sha1>5q26idr259zmgxg2khgv67qre7u3pe2</sha1>
</revision>
