<page>
<page>
<title>obnubilássemos</title>
<ns>0</ns>
<id>245240</id>
<revision>
<id>1161637</id>
<parentid>929595</parentid>
<timestamp>2011-07-05T23:14:19Z</timestamp>
<contributor>
<username>MalafayaBot</username>
<id>628</id>
</contributor>
<minor />
<comment>Robô: Substituição de texto automática (-^\=\s?Português\s?\= +={{-pt-}}= &amp; -^\=\s?\{\{pt\}\}\s?\= +={{-pt-}}=)</comment>
<model>wikitext</model>
<format>text/x-wiki</format>
<text bytes="206" xml:space="preserve">={{-pt-}}=
==Forma verbal==
'''obnubilássemos'''
#[[primeira pessoa]] do [[plural]] do [[pretérito imperfeito]] do [[modo subjuntivo]] do verbo '''[[obnubilar]]'''
[[Categoria:Forma verbal (Português)]]</text>
<sha1>jj8bbkmidmusl27vrhes7ng754hegrp</sha1>
</revision>
