<page>
<page>
<title>obnubilar</title>
<ns>0</ns>
<id>227642</id>
<revision>
<id>2382159</id>
<parentid>1985070</parentid>
<timestamp>2017-05-05T19:00:11Z</timestamp>
<contributor>
<username>HydrizBot</username>
<id>29590</id>
</contributor>
<minor />
<comment>Robô: A limpar links interwikis antigos</comment>
<model>wikitext</model>
<format>text/x-wiki</format>
<text bytes="662" xml:space="preserve">={{-pt-}}=
==Verbo==
{{oxítona|ob|nu|bi|lar}}
# [[escurecer]], [[turvar]]
===Conjugação===
{{conj/pt|obnubil|ar}}
===Tradução===
{{tradini}}
* {{trad|ca|obnubilar}}
* {{trad|es|obnubilar}}
{{tradmeio}}
* {{trad|gl|obnubilar}}
{{tradfim}}
=={{etimologia|pt}}==
: Do infinitivo latino ''obnubilare''.
[[Categoria:Verbo (Português)]]
={{-ca-}}=
==Verbo==
'''obnubilar'''
# [[obnubilar#Português|obnubilar]]
[[Categoria:Verbo (Catalão)]]
={{-es-}}=
==Verbo==
'''obnubilar'''
# [[obnubilar#Português|obnubilar]]
[[Categoria:Verbo (Espanhol)]]
={{-gl-}}=
==Verbo==
'''obnubilar'''
# [[obnubilar#Português|obnubilar]]
[[Categoria:Verbo (Galego)]]</text>
<sha1>11yfks34gcu7u9mjkyorn5lcqf8fizd</sha1>
</revision>
