<page>
<title>obnubilais</title>
<ns>0</ns>
<id>245204</id>
<revision>
<id>2382156</id>
<parentid>1782456</parentid>
<timestamp>2017-05-05T19:00:03Z</timestamp>
<contributor>
<username>HydrizBot</username>
<id>29590</id>
</contributor>
<minor />
<comment>Robô: A limpar links interwikis antigos</comment>
<model>wikitext</model>
<format>text/x-wiki</format>
<text bytes="187" xml:space="preserve">={{-pt-}}=
==Forma verbal==
'''obnubilais'''
#[[segunda pessoa]] do [[plural]] do [[presente]] do [[modo indicativo]] do verbo '''[[obnubilar]]'''
[[Categoria:Forma verbal (Português)]]</text>
<sha1>49ktnv1saqyq8bsz45gyzjta147hu8z</sha1>
</revision>
</page>
