<page>
<title>obnubilei</title>
<ns>0</ns>
<id>245211</id>
<revision>
<id>1161626</id>
<parentid>929566</parentid>
<timestamp>2011-07-05T23:14:08Z</timestamp>
<contributor>
<username>MalafayaBot</username>
<id>628</id>
</contributor>
<minor />
<comment>Robô: Substituição de texto automática (-^\=\s?Português\s?\= +={{-pt-}}= &amp; -^\=\s?\{\{pt\}\}\s?\= +={{-pt-}}=)</comment>
<model>wikitext</model>
<format>text/x-wiki</format>
<text bytes="200" xml:space="preserve">={{-pt-}}=
==Forma verbal==
'''obnubilei'''
#[[primeira pessoa]] do [[singular]] do [[pretérito perfeito]] do [[modo indicativo]] do verbo '''[[obnubilar]]'''
[[Categoria:Forma verbal (Português)]]</text>
<sha1>3x9ljale1v0a6gmxs8xjdibmnk544u7</sha1>
</revision>
</page>
