<page>
<title>obnubilarás</title>
<ns>0</ns>
<id>245222</id>
<revision>
<id>2382166</id>
<parentid>1782448</parentid>
<timestamp>2017-05-05T19:00:31Z</timestamp>
<contributor>
<username>HydrizBot</username>
<id>29590</id>
</contributor>
<minor />
<comment>Robô: A limpar links interwikis antigos</comment>
<model>wikitext</model>
<format>text/x-wiki</format>
<text bytes="178" xml:space="preserve">={{-pt-}}=
==Forma verbal==
'''obnubilarás'''
#[[segunda pessoa]] do [[singular]] do [[futuro do presente]] do verbo '''[[obnubilar]]'''
[[Categoria:Forma verbal (Português)]]</text>
<sha1>9kppdvykrroehgxuouc9t70dscn3is2</sha1>
</revision>
</page>
