<page>
<page>
<title>obnubilo</title>
<ns>0</ns>
<id>245200</id>
<revision>
<id>2382176</id>
<parentid>1985067</parentid>
<timestamp>2017-05-05T19:01:00Z</timestamp>
<contributor>
<username>HydrizBot</username>
<id>29590</id>
</contributor>
<minor />
<comment>Robô: A limpar links interwikis antigos</comment>
<model>wikitext</model>
<format>text/x-wiki</format>
<text bytes="184" xml:space="preserve">={{-pt-}}=
==Forma verbal==
'''obnubilo'''
#[[primeira]] [[pessoa]] do [[singular]] do [[presente]] [[indicativo]] do verbo '''[[obnubilar]]'''
[[Categoria:Forma verbal (Português)]]</text>
<sha1>kdxorl6ugc4piun6w3mdpq7g7d7u2t8</sha1>
</revision>
