<page>
<title>obnubilardes</title>
<ns>0</ns>
<id>245246</id>
<revision>
<id>1161601</id>
<parentid>929601</parentid>
<timestamp>2011-07-05T23:13:42Z</timestamp>
<contributor>
<username>MalafayaBot</username>
<id>628</id>
</contributor>
<minor />
<comment>Robô: Substituição de texto automática (-^\=\s?Português\s?\= +={{-pt-}}= &amp; -^\=\s?\{\{pt\}\}\s?\= +={{-pt-}}=)</comment>
<model>wikitext</model>
<format>text/x-wiki</format>
<text bytes="276" xml:space="preserve">={{-pt-}}=
==Forma verbal==
'''obnubilardes'''
#[[segunda pessoa]] do [[plural]] do [[futuro]] do [[modo subjuntivo]] do verbo '''[[obnubilar]]'''
#[[infinitivo pessoal]] da [[segunda pessoa]] do [[plural]] do verbo '''[[obnubilar]]'''
[[Categoria:Forma verbal (Português)]]</text>
<sha1>qe4rkzorgxwn9kbae7pbqsrg4n7fv81</sha1>
</revision>
</page>
