<page>
<title>obnubilavas</title>
<ns>0</ns>
<id>245207</id>
<revision>
<id>1161624</id>
<parentid>929562</parentid>
<timestamp>2011-07-05T23:14:06Z</timestamp>
<contributor>
<username>MalafayaBot</username>
<id>628</id>
</contributor>
<minor />
<comment>Robô: Substituição de texto automática (-^\=\s?Português\s?\= +={{-pt-}}= &amp; -^\=\s?\{\{pt\}\}\s?\= +={{-pt-}}=)</comment>
<model>wikitext</model>
<format>text/x-wiki</format>
<text bytes="203" xml:space="preserve">={{-pt-}}=
==Forma verbal==
'''obnubilavas'''
#[[segunda pessoa]] do [[singular]] do [[pretérito imperfeito]] do [[modo indicativo]] do verbo '''[[obnubilar]]'''
[[Categoria:Forma verbal (Português)]]</text>
<sha1>sh0ncbc1mxhtqphb3q450fwprbcsiux</sha1>
</revision>
</page>
