<page>
<page>
<title>obnubilasses</title>
<ns>0</ns>
<id>245239</id>
<revision>
<id>2382170</id>
<parentid>1782444</parentid>
<timestamp>2017-05-05T19:00:43Z</timestamp>
<contributor>
<username>HydrizBot</username>
<id>29590</id>
</contributor>
<minor />
<comment>Robô: A limpar links interwikis antigos</comment>
<model>wikitext</model>
<format>text/x-wiki</format>
<text bytes="204" xml:space="preserve">={{-pt-}}=
==Forma verbal==
'''obnubilasses'''
#[[segunda pessoa]] do [[singular]] do [[pretérito imperfeito]] do [[modo subjuntivo]] do verbo '''[[obnubilar]]'''
[[Categoria:Forma verbal (Português)]]</text>
<sha1>6mj7v226jewrzfma4q1bwa1ionr2b8w</sha1>
</revision>
