<page>
<title>obnubiles</title>
<ns>0</ns>
<id>245234</id>
<revision>
<id>2382175</id>
<parentid>1782484</parentid>
<timestamp>2017-05-05T19:00:56Z</timestamp>
<contributor>
<username>HydrizBot</username>
<id>29590</id>
</contributor>
<minor />
<comment>Robô: A limpar links interwikis antigos</comment>
<model>wikitext</model>
<format>text/x-wiki</format>
<text bytes="284" xml:space="preserve">={{-pt-}}=
==Forma verbal==
'''obnubiles'''
#[[segunda pessoa]] do [[singular]] do [[presente]] do [[modo subjuntivo]] do verbo '''[[obnubilar]]'''
#[[segunda pessoa]] do [[singular]] do [[imperativo]] [[negativo]] do verbo '''[[obnubilar]]'''
[[Categoria:Forma verbal (Português)]]</text>
<sha1>ey2wb3212vwx70mdudyhgmccaa80g98</sha1>
</revision>
</page>
