<page>
<title>obnubilásseis</title>
<ns>0</ns>
<id>245242</id>
<revision>
<id>1161636</id>
<parentid>929597</parentid>
<timestamp>2011-07-05T23:14:18Z</timestamp>
<contributor>
<username>MalafayaBot</username>
<id>628</id>
</contributor>
<minor />
<comment>Robô: Substituição de texto automática (-^\=\s?Português\s?\= +={{-pt-}}= &amp; -^\=\s?\{\{pt\}\}\s?\= +={{-pt-}}=)</comment>
<model>wikitext</model>
<format>text/x-wiki</format>
<text bytes="204" xml:space="preserve">={{-pt-}}=
==Forma verbal==
'''obnubilásseis'''
#[[segunda pessoa]] do [[plural]] do [[pretérito imperfeito]] do [[modo subjuntivo]] do verbo '''[[obnubilar]]'''
[[Categoria:Forma verbal (Português)]]</text>
<sha1>i224cpd2ka4iur2hbzx0y9b31ufln03</sha1>
</revision>
</page>
