<page>
<title>obnubilaríamos</title>
<ns>0</ns>
<id>245230</id>
<revision>
<id>2382167</id>
<parentid>1782447</parentid>
<timestamp>2017-05-05T19:00:34Z</timestamp>
<contributor>
<username>HydrizBot</username>
<id>29590</id>
</contributor>
<minor />
<comment>Robô: A limpar links interwikis antigos</comment>
<model>wikitext</model>
<format>text/x-wiki</format>
<text bytes="182" xml:space="preserve">={{-pt-}}=
==Forma verbal==
'''obnubilaríamos'''
#[[primeira pessoa]] do [[plural]] do [[futuro do pretérito]] do verbo '''[[obnubilar]]'''
[[Categoria:Forma verbal (Português)]]</text>
<sha1>stqs4eea7vx4hr4afc54vae9upqybdj</sha1>
</revision>
</page>
