<page>
<page>
<title>obnubilastes</title>
<ns>0</ns>
<id>245215</id>
<revision>
<id>1161621</id>
<parentid>929570</parentid>
<timestamp>2011-07-05T23:14:03Z</timestamp>
<contributor>
<username>MalafayaBot</username>
<id>628</id>
</contributor>
<minor />
<comment>Robô: Substituição de texto automática (-^\=\s?Português\s?\= +={{-pt-}}= &amp; -^\=\s?\{\{pt\}\}\s?\= +={{-pt-}}=)</comment>
<model>wikitext</model>
<format>text/x-wiki</format>
<text bytes="200" xml:space="preserve">={{-pt-}}=
==Forma verbal==
'''obnubilastes'''
#[[segunda pessoa]] do [[plural]] do [[pretérito perfeito]] do [[modo indicativo]] do verbo '''[[obnubilar]]'''
[[Categoria:Forma verbal (Português)]]</text>
<sha1>t2mknd30s6xdca8z9gsgn2s68yy0165</sha1>
</revision>
