<page>
<title>obnubilares</title>
<ns>0</ns>
<id>245244</id>
<revision>
<id>2382164</id>
<parentid>1782450</parentid>
<timestamp>2017-05-05T19:00:25Z</timestamp>
<contributor>
<username>HydrizBot</username>
<id>29590</id>
</contributor>
<minor />
<comment>Robô: A limpar links interwikis antigos</comment>
<model>wikitext</model>
<format>text/x-wiki</format>
<text bytes="279" xml:space="preserve">={{-pt-}}=
==Forma verbal==
'''obnubilares'''
#[[segunda pessoa]] do [[singular]] do [[futuro]] do [[modo subjuntivo]] do verbo '''[[obnubilar]]'''
#[[infinitivo pessoal]] da [[segunda pessoa]] do [[singular]] do verbo '''[[obnubilar]]'''
[[Categoria:Forma verbal (Português)]]</text>
<sha1>578xnu7q0h6lqfd2l8xmegwz676xu77</sha1>
</revision>
</page>
