<page>
<title>obnubilemos</title>
<ns>0</ns>
<id>245235</id>
<revision>
<id>2382174</id>
<parentid>1782485</parentid>
<timestamp>2017-05-05T19:00:54Z</timestamp>
<contributor>
<username>HydrizBot</username>
<id>29590</id>
</contributor>
<minor />
<comment>Robô: A limpar links interwikis antigos</comment>
<model>wikitext</model>
<format>text/x-wiki</format>
<text bytes="381" xml:space="preserve">={{-pt-}}=
==Forma verbal==
'''obnubilemos'''
#[[primeira pessoa]] do [[plural]] do [[presente]] do [[modo subjuntivo]] do verbo '''[[obnubilar]]'''
#[[primeira pessoa]] do [[plural]] do [[imperativo]] [[afirmativo]] do verbo '''[[obnubilar]]'''
#[[primeira pessoa]] do [[plural]] do [[imperativo]] [[negativo]] do verbo '''[[obnubilar]]'''
[[Categoria:Forma verbal (Português)]]</text>
<sha1>83fkwi10v9kpzja405ig5iyrv0zxy0v</sha1>
</revision>
</page>
