<page>
<page>
<title>obnubilaremos</title>
<ns>0</ns>
<id>245224</id>
<revision>
<id>2382163</id>
<parentid>1782451</parentid>
<timestamp>2017-05-05T19:00:22Z</timestamp>
<contributor>
<username>HydrizBot</username>
<id>29590</id>
</contributor>
<minor />
<comment>Robô: A limpar links interwikis antigos</comment>
<model>wikitext</model>
<format>text/x-wiki</format>
<text bytes="178" xml:space="preserve">={{-pt-}}=
==Forma verbal==
'''obnubilaremos'''
#[[primeira pessoa]] do [[plural]] do [[futuro do presente]] do verbo '''[[obnubilar]]'''
[[Categoria:Forma verbal (Português)]]</text>
<sha1>fxb72l6yehj55uvspkm47oetcaj3ug4</sha1>
</revision>
