<page>
<page>
<title>obnubilasse</title>
<ns>0</ns>
<id>245238</id>
<revision>
<id>2382169</id>
<parentid>2131303</parentid>
<timestamp>2017-05-05T19:00:40Z</timestamp>
<contributor>
<username>HydrizBot</username>
<id>29590</id>
</contributor>
<minor />
<comment>Robô: A limpar links interwikis antigos</comment>
<model>wikitext</model>
<format>text/x-wiki</format>
<text bytes="235" xml:space="preserve">={{-pt-}}=
==Forma verbal==
'''obnubilasse'''
#[[primeira pessoa|primeira]] e [[terceira pessoa]] do [[singular]] do [[pretérito imperfeito]] do [[modo subjuntivo]] do verbo '''[[obnubilar]]'''
[[Categoria:Forma verbal (Português)]]</text>
<sha1>rhbl7moolbq648frli4cb2yb29a79g4</sha1>
</revision>
