<page>
<page>
<title>obnubilas</title>
<ns>0</ns>
<id>245201</id>
<revision>
<id>2382168</id>
<parentid>1782446</parentid>
<timestamp>2017-05-05T19:00:37Z</timestamp>
<contributor>
<username>HydrizBot</username>
<id>29590</id>
</contributor>
<minor />
<comment>Robô: A limpar links interwikis antigos</comment>
<model>wikitext</model>
<format>text/x-wiki</format>
<text bytes="184" xml:space="preserve">={{-pt-}}=
==Forma verbal==
'''obnubilas'''
#[[segunda]] [[pessoa]] do [[singular]] do [[presente]] [[indicativo]] do verbo '''[[obnubilar]]'''
[[Categoria:Forma verbal (Português)]]</text>
<sha1>kplw54audrvzilqevihhgvw4httjc10</sha1>
</revision>
