<page>
<page>
<title>obnubilava</title>
<ns>0</ns>
<id>245206</id>
<revision>
<id>2382172</id>
<parentid>2131302</parentid>
<timestamp>2017-05-05T19:00:48Z</timestamp>
<contributor>
<username>HydrizBot</username>
<id>29590</id>
</contributor>
<minor />
<comment>Robô: A limpar links interwikis antigos</comment>
<model>wikitext</model>
<format>text/x-wiki</format>
<text bytes="234" xml:space="preserve">={{-pt-}}=
==Forma verbal==
'''obnubilava'''
#[[primeira pessoa|primeira]] e [[terceira pessoa]] do [[singular]] do [[pretérito imperfeito]] do [[modo indicativo]] do verbo '''[[obnubilar]]'''
[[Categoria:Forma verbal (Português)]]</text>
<sha1>7vpschme29sj9onj1tlnx6pknzjn9l5</sha1>
</revision>
