<page>
<title>obnubilámos</title>
<ns>0</ns>
<id>245214</id>
<revision>
<id>2538725</id>
<parentid>1657006</parentid>
<timestamp>2019-03-11T19:37:40Z</timestamp>
<contributor>
<username>ValJor</username>
<id>1358</id>
</contributor>
<comment>Acrescentando a predefinição avi-for-fle</comment>
<model>wikitext</model>
<format>text/x-wiki</format>
<text bytes="270" xml:space="preserve">={{-pt-}}=
==Forma verbal==
{{paroxítona|ob|nu|bi|lá|mos}}
# {{escopo2|grafia lusitana}} primeira pessoa do plural do pretérito perfeito do indicativo do verbo [[obnubilar]]
{{avi-for-fle|obnubilar}}
[[Categoria:Forma verbal (Português)]]
[[Categoria:Lusitanismo]]</text>
<sha1>m6llycvxiojn21i4k6pdg8swhbagus6</sha1>
</revision>
</page>
