<page>
<page>
<title>obnubilaras</title>
<ns>0</ns>
<id>245218</id>
<revision>
<id>2382161</id>
<parentid>1782453</parentid>
<timestamp>2017-05-05T19:00:17Z</timestamp>
<contributor>
<username>HydrizBot</username>
<id>29590</id>
</contributor>
<minor />
<comment>Robô: A limpar links interwikis antigos</comment>
<model>wikitext</model>
<format>text/x-wiki</format>
<text bytes="187" xml:space="preserve">={{-pt-}}=
==Forma verbal==
'''obnubilaras'''
#[[segunda pessoa]] do [[singular]] do [[pretérito mais-que-perfeito]] do verbo '''[[obnubilar]]'''
[[Categoria:Forma verbal (Português)]]</text>
<sha1>r2o7sitq7jc6pd7rp4grbj8e8xnohlw</sha1>
</revision>
