<page>
<page>
<title>obnubilamos</title>
<ns>0</ns>
<id>245203</id>
<revision>
<id>2492985</id>
<parentid>2382157</parentid>
<timestamp>2018-04-03T18:04:07Z</timestamp>
<contributor>
<username>ValJor</username>
<id>1358</id>
</contributor>
<comment>Acrescentando a predefinição avi-for-fle</comment>
<model>wikitext</model>
<format>text/x-wiki</format>
<text bytes="332" xml:space="preserve">={{-pt-}}=
==Forma verbal==
{{paroxítona|ob|nu|bi|la|mos}}
# primeira pessoa do plural do presente do modo indicativo do verbo [[obnubilar]]
# {{escopo2|grafia brasileira}} primeira pessoa do plural do pretérito perfeito do modo indicativo do verbo [[obnubilar]]
{{avi-for-fle|obnubilar}}
[[Categoria:Forma verbal (Português)]]</text>
<sha1>7nbbziw3s75vvm1aif5yux3hxoc8vu0</sha1>
</revision>
