<page>
<page>
<title>obnubilaste</title>
<ns>0</ns>
<id>245212</id>
<revision>
<id>2382171</id>
<parentid>1985068</parentid>
<timestamp>2017-05-05T19:00:45Z</timestamp>
<contributor>
<username>HydrizBot</username>
<id>29590</id>
</contributor>
<minor />
<comment>Robô: A limpar links interwikis antigos</comment>
<model>wikitext</model>
<format>text/x-wiki</format>
<text bytes="201" xml:space="preserve">={{-pt-}}=
==Forma verbal==
'''obnubilaste'''
#[[segunda pessoa]] do [[singular]] do [[pretérito perfeito]] do [[modo indicativo]] do verbo '''[[obnubilar]]'''
[[Categoria:Forma verbal (Português)]]</text>
<sha1>n9gxzc0hoorhjmyp0p97ikmiz5yptpw</sha1>
</revision>
