<page>
<page>
<title>obnubilassem</title>
<ns>0</ns>
<id>245243</id>
<revision>
<id>1161618</id>
<parentid>929598</parentid>
<timestamp>2011-07-05T23:14:00Z</timestamp>
<contributor>
<username>MalafayaBot</username>
<id>628</id>
</contributor>
<minor />
<comment>Robô: Substituição de texto automática (-^\=\s?Português\s?\= +={{-pt-}}= &amp; -^\=\s?\{\{pt\}\}\s?\= +={{-pt-}}=)</comment>
<model>wikitext</model>
<format>text/x-wiki</format>
<text bytes="203" xml:space="preserve">={{-pt-}}=
==Forma verbal==
'''obnubilassem'''
#[[terceira pessoa]] do [[plural]] do [[pretérito imperfeito]] do [[modo subjuntivo]] do verbo '''[[obnubilar]]'''
[[Categoria:Forma verbal (Português)]]</text>
<sha1>7sflb3adacbh4au2yt9mia8zlvr7nzf</sha1>
</revision>
