<page>
<page>
<title>obnóxio</title>
<ns>0</ns>
<id>80125</id>
<revision>
<id>2660102</id>
<parentid>2614028</parentid>
<timestamp>2022-02-13T17:02:05Z</timestamp>
<contributor>
<username>ValJor</username>
<id>1358</id>
</contributor>
<comment>Melhorando a apresentação do verbete</comment>
<model>wikitext</model>
<format>text/x-wiki</format>
<text bytes="1034" xml:space="preserve">={{-pt-}}=
==Adjetivo==
{{flex.pt|ms=obnóxio|mp=obnóxios|fs=obnóxia|fp=obnóxias}}
{{proparoxítona aparente|ob|nó|xi|o}}
# [[desprezível]]
#* '''1976'''.  SALDANHA, Carlos.  Sapiencial saturno.  In: HOLLANDA, Heloisa Buarque de.  ''26 poetas hoje''.  Rio de Janeiro: Aeroplano Editora, 2007.  p. 28.
#*: O sapiencial velho
#*: coçando‐se as barbas
#*: fazendo nogangas
#*: obliterar procurava
#*: o '''obnóxio''' sorriso:
===Tradução===
{{tradini}}
* {{trad|de|widerlich}}
* {{trad|es|desagradable}}
* {{trad|fr|odieux|désagréable}}
* {{trad|nl|vervelend|onuitstaanbaar}}
{{tradmeio}}
* {{trad|en|obnoxious}}
* {{trad|it|odioso}}
* {{trad|ru|отврати́тельный}}
* {{trad|sv|avskyvärd}}
{{tradfim}}
=={{etimologia|pt}}==
{{llietimo|la|obnoxìus|pt|obnoxìus, a, um}}
=={{pronúncia|pt}}==
===Portugal===
* AFI: {{AFI|/ɔ.bˈnɔ.ksju/}}
==Ligações externas==
* {{Aulete}}
* {{Michaelis|obnoxio}}
* {{DicioAberto}}
* {{DLPO}}
* {{Infopédia}}
* {{PLP}}
* {{VOLPABL}}
[[Categoria:Adjetivo (Português)]]</text>
<sha1>cxp8dxe3u45xdixmszlfvt5a71aa97i</sha1>
</revision>
