<page>
<page>
<title>obo</title>
<ns>0</ns>
<id>118836</id>
<revision>
<id>2382179</id>
<parentid>1686412</parentid>
<timestamp>2017-05-05T19:01:09Z</timestamp>
<contributor>
<username>HydrizBot</username>
<id>29590</id>
</contributor>
<minor />
<comment>Robô: A limpar links interwikis antigos</comment>
<model>wikitext</model>
<format>text/x-wiki</format>
<text bytes="108" xml:space="preserve">={{-luo-}}=
==Substantivo==
'''obo''' (''plural:'' [[oboye]])
# [[pulmão]]
[[Categoria:Substantivo (Luo)]]</text>
<sha1>s2zm8t9quvd1eesrfp4t82f4s6j6yx9</sha1>
</revision>
