<page>
<title>Oboe</title>
<ns>0</ns>
<id>326126</id>
<revision>
<id>2452615</id>
<parentid>2275728</parentid>
<timestamp>2017-09-29T07:15:10Z</timestamp>
<contributor>
<username>Spanier</username>
<id>43713</id>
</contributor>
<comment>suplementos</comment>
<model>wikitext</model>
<format>text/x-wiki</format>
<text bytes="337" xml:space="preserve">{{Wikipédia|lang=de}}
={{-de-}}=
==Substantivo==
{{paroxítona|O|bo|e|lang=de}}, {{f}}
# {{escopo|de|instrumento musical}} [[oboé]]
=== Declinação ===
{{decl.de.subst.fraca.fem|Oboe|Oboen}}
=={{etimologia|de}}==
:{{llietimo|it|oboe|de}}
=={{pronúncia|de}}==
* [[AFI]]: {{AFI|/oˈboːə/|de}}
[[Categoria:Substantivo (Alemão)]]</text>
<sha1>qgk2j7qjr0y4h4pqddzchv3b3csfy4l</sha1>
</revision>
</page>
