<page>
<title>oboell</title>
<ns>0</ns>
<id>326141</id>
<revision>
<id>2382182</id>
<parentid>2149767</parentid>
<timestamp>2017-05-05T19:01:23Z</timestamp>
<contributor>
<username>HydrizBot</username>
<id>29590</id>
</contributor>
<minor />
<comment>Robô: A limpar links interwikis antigos</comment>
<model>wikitext</model>
<format>text/x-wiki</format>
<text bytes="156" xml:space="preserve">{{Wikipédia|lang=br}}
={{-br-}}=
==Substantivo==
'''oboell'''
# [[oboé]]
[[Categoria:Substantivo (Bretão)]]
[[Categoria:Instrumento musical (Bretão)]]</text>
<sha1>kn941lwm10o0pp9j2c9j46s0rr6gxel</sha1>
</revision>
</page>
