<page>
<title>oboe</title>
<ns>0</ns>
<id>326131</id>
<revision>
<id>2690736</id>
<parentid>2523200</parentid>
<timestamp>2022-10-27T10:27:04Z</timestamp>
<contributor>
<username>InternetArchiveBot</username>
<id>81604</id>
</contributor>
<comment>Rescuing 2 sources and tagging 0 as dead.) #IABot (v2.0.9.2</comment>
<model>wikitext</model>
<format>text/x-wiki</format>
<text bytes="10256" xml:space="preserve">{{ver também|Oboe|óboe|oboé|oboè}}
[[Ficheiro:Piston oboes.jpg|thumb|350px|'''Oboe''' (&quot;oboé&quot;)]]
={{-ast-}}=
{{Wikipédia|lang=ast}}
==Substantivo==
{{flex.ast|ms=oboe|mp=oboes|ms-div=o.{{grifar|bo}}.e|mp-div=o.{{grifar|bo}}.es}}
{{paroxítona|o|bo|e|lang=ast}} {{g|m}}
# {{escopo|ast|instrumento musical}} [[oboé]]
==Ver também==
===No Wikcionário===
{{verTambém.Ini}}
* [[flauta#{{ast}}|flauta]]
{{verTambém.Fim}}
==Ligações externas==
===Referências===
{{verTambém.Ini}}
* {{DALLA}}
{{verTambém.Fim}}
{{categorias|{{ast}}|Substantivo|Entrada com imagem}}
={{-eu-}}=
{{Wikipédia|lang=eu}}
==Substantivo==
'''o.bo.e'''
# {{escopo|eu|instrumento musical}} [[oboé]]
===Declinação===
{{decl.eu.subst.inanimado|av=1|kv=1|v=1}}
===Termos derivados===
{{verTambém.Ini}}
* {{link opcional|oboe-jotzailea}}
{{verTambém.Fim}}
=={{pronúncia|eu}}==
* [[AFI]]: {{AFI|/o.bo.e/}}
* [[X-SAMPA]]: /o.bo.e/
==Ver também==
===No Wikcionário===
{{verTambém.Ini}}
* {{link opcional|orkestra|eu}}
{{verTambém.Fim}}
==Ligações externas==
===Referências===
{{verTambém.Ini}}
* &lt;span style=&quot;color:#555;&quot;&gt;(em basco)&lt;/span&gt; “[http://hiztegiak.elhuyar.eus/eu_es/oboe oboe]” no ''Elhuyar dictionaries''
* &lt;span style=&quot;color:#555;&quot;&gt;(em basco)&lt;/span&gt; “[http://hiztegia.labayru.eus/emaitza/LH/eu/oboe/2483564 oboe]” no ''Labayru Hiztegia''
* &lt;span style=&quot;color:#555;&quot;&gt;(em basco)&lt;/span&gt; “[http://ww.euskaltzaindia.fr/index.php?option=com_hiztegianbilatu&amp;view=frontpage&amp;sarrera=oboe oboe]” no ''Euskaltzaindiaren Hiztegia'' (''[http://ww.euskaltzaindia.fr Euskaltzaindia]'')
{{verTambém.Fim}}
{{categorias|{{eu}}|Substantivo|Trissílabo|Entrada com imagem}}
={{-es-}}=
{{Wikipédia|lang=es}}
==Substantivo==
{{flex.es|ms=oboe|mp=oboes|ms-div=o.{{grifar|bo}}.e|mp-div=o.{{grifar|bo}}.es}}
{{paroxítona|o|bo|e|lang=es}} {{g|m}}
# {{escopo|es|instrumento musical}} [[oboé]]
{{limpar}}
{{flex.es|s=oboe|p=oboes|s-div=o.{{grifar|bo}}.e|p-div=o.{{grifar|bo}}.es}}
'''o.{{grifar|bo}}.e''' {{g|c2g}}
# {{cont|2}} [[oboísta]]
===Sinônimos===
* De '''2''': [[oboísta#{{es}}|oboísta]]
===Locuções e expressões===
* '''oboe bajo/barítono''': {{link opcional|oboé baixo}}, {{link opcional|oboé barítono}}
* '''oboe barroco''': {{link opcional|oboé barroco}}
* '''oboe contrabaixo''': {{link opcional|oboé contrabaixo}}
* '''oboe de amor''': {{link opcional|oboé d'amore}}
* '''oboe de caza''': {{link opcional|oboé da caccia}}
===Termos derivados===
{{verTambém.Ini}}
* [[oboísta#{{es}}|oboísta]]
{{verTambém.Fim}}
==Etimologia==
{{llietimo|fr|hautbois|es}}
=={{pronúncia|es}}==
* [[AFI]]: {{AFI|/o.ˈβo.e/}}
* [[X-SAMPA]]: /o.&quot;Bo.e/
==Ver também==
===No Wikcionário===
{{verTambém.Ini}}
* {{link opcional|dulzaina|es}}
{{verTambém.Fim}}
==Ligações externas==
===Referências===
{{verTambém.Ini}}
* {{DLE-RAE}}
{{verTambém.Fim}}
{{categorias|{{es}}|Substantivo|Trissílabo|Música|Profissão|Entrada com imagem}}
={{-et-}}=
{{Wikipédia|lang=et}}
==Substantivo==
'''o.bo.e'''
# {{escopo|et|instrumento musical}} [[oboé]]
===Declinação===
{{decl.et.subst.26}}
===Termos derivados===
{{verTambém.Ini}}
* {{link opcional|oboemängija}}
* {{link opcional|oboist}}
{{verTambém.Fim}}
==Ver também==
===No Wikcionário===
{{verTambém.Ini}}
* {{link opcional|orkester|et}}
* {{link opcional|puupuhkpill|et}}
{{verTambém.Fim}}
==Ligações externas==
===Referências===
{{verTambém.Ini}}
* &lt;span style=&quot;color:#555;&quot;&gt;(em estoniano)&lt;/span&gt; “[https://web.archive.org/web/20201128231822/http://test.keeleleek.ee/e-keelenou/?Q=oboe oboe]” no ''e-keelenõu''
* &lt;span style=&quot;color:#555;&quot;&gt;(em inglês)&lt;/span&gt; “[http://aare.edu.ee/dictionary.html?lang=ee&amp;meth=exact&amp;switch=en&amp;query=oboe oboe]” no ''Estonian-English-Estonian Dictionary'' (''aare.pri.ee'')
{{verTambém.Fim}}
{{categorias|{{et}}|Substantivo|Trissílabo|Entrada com imagem}}
={{-fi-}}=
{{Wikipédia|lang=fi}}
==Substantivo==
'''o.bo.e'''
# {{escopo|fi|instrumento musical}} [[oboé]]
===Declinação===
{{decl.fi.subst.3|obo|e}}
==Ver também==
===No Wikcionário===
{{verTambém.Ini}}
* {{link opcional|puupuhallin}}
{{verTambém.Fim}}
==Ligações externas==
===Referências===
{{verTambém.Ini}}
* &lt;span style=&quot;color:#555;&quot;&gt;(em finlandês)&lt;/span&gt; “[http://www.kielitoimistonsanakirja.fi/netmot.exe?dic=1&amp;page=results&amp;SearchWord=oboe oboe]” no ''Kielitoimiston sanakirjasta''
{{verTambém.Fim}}
{{categorias|{{fi}}|Substantivo|Trissílabo|Entrada com imagem}}
={{-it-}}=
{{Wikipédia|lang=it}}
==Substantivo==
{{flex.it|ms=oboe|MP=oboe / oboi|ms-div={{grifar|o}}.bo.e|mp-div={{grifar|o}}.bo.e / {{grifar|o}}.bo.i}}
{{proparoxítona|o|bo|e|lang=it}} {{g|m|inv}}
# {{escopo|it|instrumento musical}} [[oboé]]
{{limpar}}
{{flex.it|s=oboe|P=oboe / oboi|s-div={{grifar|o}}.bo.e|p-div={{grifar|o}}.bo.e / {{grifar|o}}.bo.i}}
'''{{grifar|o}}.bo.e''' {{g|c2g|inv}}
# {{cont|2}} [[oboísta]]
===Sinônimos===
* De '''2''': {{link opcional|oboista|it}}
===Locuções e expressões===
* '''oboe basso''': {{link opcional|oboé baixo}}, {{link opcional|oboé barítono}}
* '''oboe d'amore''': {{link opcional|oboé d'amore}}
* '''oboe da caccia''': {{link opcional|oboé da caccia}}
===Termos derivados===
{{verTambém.Ini}}
* {{link opcional|oboista|it}}
{{verTambém.Fim}}
==Etimologia==
{{llietimo|fr|hautbois|it}}
:* '''[[datação|Datação]]''': [[w:Século XVII|século XVII]]
===Descendentes===
{{tradini|Termos descendentes de ''oboe''}}
* {{trad|en|oboe}}
* {{trad|pt|oboé}}
{{tradmeio}}
* {{trad|sv|oboe}}
{{tradfim}}
=={{pronúncia|it}}==
* [[AFI]]: {{AFI|/ˈɔ.bo.e/}}
* [[X-SAMPA]]: /&quot;O.bo.e/
:* '''Nota''': antigamente, ''oboe'' era [[oxítona]] (/o.bo.ˈɛ/)
==Ver também==
===No Wikcionário===
{{verTambém.Ini}}
* {{link opcional|clarinetto|it}}
* {{link opcional|piffero|it}}
{{verTambém.Fim}}
==Ligações externas==
===Referências===
{{verTambém.Ini}}
* &lt;span style=&quot;color:#555;&quot;&gt;(em italiano)&lt;/span&gt; “[https://web.archive.org/web/20201202064903/http://www.dizionario.rai.it/poplemma.aspx?lid=32009&amp;r=3476 oboe]” no ''[http://www.dizionario.rai.it/ricerca.aspx Dizionario d'ortografia e di pronunzia]'' (''[[w:RAI|RAI]]'')
* &lt;span style=&quot;color:#555;&quot;&gt;(em italiano)&lt;/span&gt; “[http://www.grandidizionari.it/Dizionario_Italiano/parola/O/oboe.aspx oboe]” no ''Dizionario Italiano'' (''HOEPLI'')
* &lt;span style=&quot;color:#555;&quot;&gt;(em italiano)&lt;/span&gt; “[http://dizionari.corriere.it/dizionario_italiano/O/oboe.shtml oboe]” no ''Il Sabatini Coletti - Dizionario della Lingua Italiana''
* &lt;span style=&quot;color:#555;&quot;&gt;(em italiano)&lt;/span&gt; “[http://www.treccani.it/vocabolario/oboe/ oboe]” no ''Vocabolario'' (''Treccani'')
{{verTambém.Fim}}
{{categorias|{{it}}|Substantivo|Música|Profissão|Século XVII|Entrada com imagem}}
={{-en-}}=
{{Wikipédia|lang=en}}
==Substantivo==
{{flex.ia|s=oboe|p=oboes|s-div=o.{{grifar|o}}.boe|p-div={{grifar|o}}.boes}}
{{paroxítona|o|boe|lang=en}}
# {{escopo|en|instrumento musical}} [[oboé]]
===Sinônimos===
* {{escopo2|arcaico}} {{link opcional|hautboy}}
===Locuções e expressões===
* '''barroque oboe''': {{link opcional|oboé barroco}}
* '''bass oboe''': {{link opcional|oboé baixo}}, {{link opcional|oboé barítono}}
* '''contrabass oboe''': {{link opcional|oboé contrabaixo}}
* '''oboe d'amore''': {{link opcional|oboé d'amore}}
* '''oboe da caccia''': {{link opcional|oboé da caccia}}
===Termos derivados===
{{verTambém.Ini}}
* {{link opcional|oboist|en}}
{{verTambém.Fim}}
==Etimologia==
{{llietimo|it|oboe|en}}
:* '''[[datação|Datação]]''': [[w:Século XVIII|século XVIII]]
=={{pronúncia|en}}==
===Estados Unidos===
* [[AFI]]: {{AFI|/ˈoʊ.boʊ/}}
* [[X-SAMPA]]: /&quot;oU.boU/
*: {{áudio|En-us-oboe.ogg|&quot;oboe&quot; (EUA)|lang=en}}
===Reino Unido===
* [[AFI]]: {{AFI|/ˈəʊ.bəʊ/}}
* [[X-SAMPA]]: /&quot;@U.b@U/
==Ver também==
===No Wikcionário===
{{verTambém.Ini}}
* {{link opcional|double reed}}
* {{link opcional|English horn}}
{{verTambém.Fim}}
==Ligações externas==
===Referências===
{{verTambém.Ini}}
* &lt;span style=&quot;color:#555;&quot;&gt;(em inglês)&lt;/span&gt; “[http://www.collinsdictionary.com/dictionary/english/oboe oboe]” no ''Collins English Dictionary''
* {{OED}}
* [http://michaelis.uol.com.br/moderno-ingles/busca/ingles-portugues-moderno/oboe/] {{MDI}}
{{verTambém.Fim}}
{{categorias|{{en}}|Substantivo|Cognato|Século XVIII|Entrada com imagem}}
={{-ia-}}=
{{Wikipédia|lang=ia}}
==Substantivo==
{{flex.ia|s=oboe|p=oboes|s-div=o.{{grifar|o}}.bo.e|p-div={{grifar|o}}.bo.es}}
{{proparoxítona|o|bo|e|lang=ia}}
# {{escopo|ia|instrumento musical}} [[oboé]]
#: ''Le {{link opcional|orchestra|ia}} ha duo [[flauta#{{ia}}|flautas]], duo '''oboes''', duo [[fagotto#{{ia}}|fagottos]] e instrumentos a chordas.'' &lt;small&gt;(A orquestra tem duas flautas, dois oboés, dois fagotes e instrumentos de cordas.)&lt;/small&gt;
===Termos derivados===
{{verTambém.Ini}}
* {{link opcional|oboista|ia}}
{{verTambém.Fim}}
=={{pronúncia|ia}}==
* [[AFI]]: {{AFI|/ˈo.bo.e/}}
* [[X-SAMPA]]: /&quot;o.bo.e/
==Ver também==
===No Wikcionário===
{{verTambém.Ini}}
* {{link opcional|corno anglese}}
{{verTambém.Fim}}
==Ligações externas==
===Referências===
{{verTambém.Ini}}
* &lt;span style=&quot;color:#555;&quot;&gt;(em inglês)&lt;/span&gt; “[http://www.interlingua.com/ied/cerca?edit%5Bkeys%5D=oboe oboe]” no ''Interlingua-English Dictionary'' (''[[w:Union Mundial pro Interlingua|UMI]]'')
{{verTambém.Fim}}
{{categorias|{{ia}}|Substantivo|Entrada com imagem}}
={{-sv-}}=
{{Wikipédia|lang=sv}}
==Substantivo==
'''o.bo.e''' {{g|c}}
# {{escopo|sv|instrumento musical}} [[oboé]]
===Declinação===
{{decl.sv.subst.3.com|obo|e=e}}
===Termos derivados===
{{verTambém.Ini}}
* {{link opcional|oboist|sv}}
{{verTambém.Fim}}
==Etimologia==
{{llietimo|it|oboe|sv}}
=={{pronúncia|sv}}==
* [[AFI]]: {{AFI|/oː.ˈboe̯/}}, {{AFI|/ʊ.ˈboː/}}
* [[X-SAMPA]]: /o:.&quot;boe_^/, /U.&quot;bo:/
==Ver também==
===No Wikcionário===
{{verTambém.Ini}}
* {{link opcional|träblåsinstrument}}
{{verTambém.Fim}}
==Ligações externas==
===Referências===
{{verTambém.Ini}}
* &lt;span style=&quot;color:#555;&quot;&gt;(em sueco)&lt;/span&gt; “[http://svenska.se/tre/?sok=oboe oboe]” no ''Svenska Akademiens Ordböcker''
{{verTambém.Fim}}
{{categorias|{{sv}}|Substantivo|Cognato|Entrada com imagem}}</text>
<sha1>3lsziehyu5pxqg93u8qbnk5ab7iporf</sha1>
</revision>
</page>
