<page>
<page>
<title>oboi</title>
<ns>0</ns>
<id>326309</id>
<revision>
<id>2550150</id>
<parentid>2382183</parentid>
<timestamp>2019-07-24T19:24:41Z</timestamp>
<contributor>
<username>ValJor</username>
<id>1358</id>
</contributor>
<comment>Confirmando [[:Categoria:!Entrada criada por robô|verbete criado por robô]]</comment>
<model>wikitext</model>
<format>text/x-wiki</format>
<text bytes="152" xml:space="preserve">{{Wikipédia|lang=ro}}
={{-ro-}}=
==Substantivo==
'''oboi'''
# [[oboé]]
[[Categoria:Substantivo (Romeno)]]
[[Categoria:Instrumento musical (Romeno)]]</text>
<sha1>737ap4kbx9u32z5yy8ekuw1b4b54yho</sha1>
</revision>
