<page>
<page>
<title>obojus</title>
<ns>0</ns>
<id>326262</id>
<revision>
<id>2382185</id>
<parentid>2062201</parentid>
<timestamp>2017-05-05T19:01:32Z</timestamp>
<contributor>
<username>HydrizBot</username>
<id>29590</id>
</contributor>
<minor />
<comment>Robô: A limpar links interwikis antigos</comment>
<model>wikitext</model>
<format>text/x-wiki</format>
<text bytes="156" xml:space="preserve">{{Wikipédia|lang=lt}}
={{-lt-}}=
==Substantivo==
'''obojus'''
# [[oboé]]
[[Categoria:Substantivo (Lituano)]]
[[Categoria:Instrumento musical (Lituano)]]</text>
<sha1>f0k9mpogvnbj93om9glxobehz6pvnu2</sha1>
</revision>
