<page>
<page>
<title>obolo</title>
<ns>0</ns>
<id>437869</id>
<revision>
<id>2649742</id>
<timestamp>2021-10-04T22:42:06Z</timestamp>
<contributor>
<username>Leonardo José Raimundo</username>
<id>43489</id>
</contributor>
<comment>Eu estou criando a palavra &quot;obolo&quot;, não confundindo com &quot;óbolo&quot;.</comment>
<model>wikitext</model>
<format>text/x-wiki</format>
<text bytes="299" xml:space="preserve">{{confundir|óbolo}}
={{-pt-}}=
==Substantivo==
{{paroxítona|o|bo|lo}}
# {{escopo|pt|Língua}} uma das principais [[língua]]s Benue-Congo da [[Nigéria]]
==Ver também==
===No Wikcionário===
{{colunas|2}}
*[[iorubá]]
*[[pidgin nigeriano]]
{{colunas.fim}}
[[Categoria:Substantivo (Português)]]</text>
<sha1>cpwqtdei45mvt454zb4ika9h91p9927</sha1>
</revision>
