<page>
<title>oboye</title>
<ns>0</ns>
<id>377017</id>
<revision>
<id>2396486</id>
<parentid>2259796</parentid>
<timestamp>2017-05-13T09:35:42Z</timestamp>
<contributor>
<username>ValJor</username>
<id>1358</id>
</contributor>
<comment>Salvando verbete da ER</comment>
<model>wikitext</model>
<format>text/x-wiki</format>
<text bytes="159" xml:space="preserve">={{-ku-}}=
==Substantivo==
'''oboye'''
# [[oboé]]
===Sinônimo===
* [[qirnête]]
[[Categoria:Substantivo (Curdo)]]
[[Categoria:Instrumento musical (Curdo)]]</text>
<sha1>dtlayt6s5mkz9rwwkfqb8r0hwf7bisj</sha1>
</revision>
</page>
