<page>
<title>oboístas</title>
<ns>0</ns>
<id>328294</id>
<revision>
<id>2382191</id>
<parentid>2131309</parentid>
<timestamp>2017-05-05T19:01:48Z</timestamp>
<contributor>
<username>HydrizBot</username>
<id>29590</id>
</contributor>
<minor />
<comment>Robô: A limpar links interwikis antigos</comment>
<model>wikitext</model>
<format>text/x-wiki</format>
<text bytes="173" xml:space="preserve">={{-pt-}}=
==Forma de substantivo==
{{paroxítona|o|bo|ís|tas}}, {{c2g}}
# plural de [[oboísta]]
{{avi-for-fle|oboísta}}
[[Categoria:Forma de substantivo (Português)]]</text>
<sha1>t90kb2d6gt50fmpaxyymv2xkeed8re1</sha1>
</revision>
</page>
