<page>
<title>oboés</title>
<ns>0</ns>
<id>330310</id>
<revision>
<id>2382189</id>
<parentid>2131301</parentid>
<timestamp>2017-05-05T19:01:44Z</timestamp>
<contributor>
<username>HydrizBot</username>
<id>29590</id>
</contributor>
<minor />
<comment>Robô: A limpar links interwikis antigos</comment>
<model>wikitext</model>
<format>text/x-wiki</format>
<text bytes="158" xml:space="preserve">={{-pt-}}=
==Forma de substantivo==
{{oxítona|o|bo|és}}, {{m}}
# plural de [[oboé]]
{{avi-for-fle|oboé}}
[[Categoria:Forma de substantivo (Português)]]</text>
<sha1>n9s10ikoqxii0zwo09cfqhgyc2nmyzg</sha1>
</revision>
</page>
