<page>
<title>obrarás</title>
<ns>0</ns>
<id>185937</id>
<revision>
<id>2382217</id>
<parentid>1782468</parentid>
<timestamp>2017-05-05T19:02:54Z</timestamp>
<contributor>
<username>HydrizBot</username>
<id>29590</id>
</contributor>
<minor />
<comment>Robô: A limpar links interwikis antigos</comment>
<model>wikitext</model>
<format>text/x-wiki</format>
<text bytes="170" xml:space="preserve">={{-pt-}}=
==Forma verbal==
'''obrarás'''
#[[segunda pessoa]] do [[singular]] do [[futuro do presente]] do verbo '''[[obrar]]'''
[[Categoria:Forma verbal (Português)]]</text>
<sha1>r72w5gea1ob2ybt348oa7tohk6i2xsc</sha1>
</revision>
</page>
