<page>
<page>
<title>obrardes</title>
<ns>0</ns>
<id>211031</id>
<revision>
<id>2382206</id>
<parentid>1161648</parentid>
<timestamp>2017-05-05T19:02:29Z</timestamp>
<contributor>
<username>HydrizBot</username>
<id>29590</id>
</contributor>
<minor />
<comment>Robô: A limpar links interwikis antigos</comment>
<model>wikitext</model>
<format>text/x-wiki</format>
<text bytes="264" xml:space="preserve">={{-pt-}}=
==Forma verbal==
'''obrardes'''
#[[segunda pessoa]] do [[plural]] do [[futuro]] do [[modo subjuntivo]] do verbo '''[[obrar]]'''
#[[infinitivo pessoal]] da [[segunda pessoa]] do [[plural]] do verbo '''[[obrar]]'''
[[Categoria:Forma verbal (Português)]]</text>
<sha1>0m46pnq3u0m7xrb2z8m9ytpkt8l7ye0</sha1>
</revision>
