<page>
<title>obrarem</title>
<ns>0</ns>
<id>212378</id>
<revision>
<id>2382209</id>
<parentid>2131307</parentid>
<timestamp>2017-05-05T19:02:36Z</timestamp>
<contributor>
<username>HydrizBot</username>
<id>29590</id>
</contributor>
<minor />
<comment>Robô: A limpar links interwikis antigos</comment>
<model>wikitext</model>
<format>text/x-wiki</format>
<text bytes="265" xml:space="preserve">={{-pt-}}=
==Forma verbal==
'''obrarem'''
#[[terceira pessoa]] do [[plural]] do [[futuro]] do [[modo subjuntivo]] do verbo '''[[obrar]]'''
#[[infinitivo pessoal]] da [[terceira pessoa]] do [[plural]] do verbo '''[[obrar]]'''
[[Categoria:Forma verbal (Português)]]</text>
<sha1>r3kshepntv343p8c8ob8sgg11miiqwc</sha1>
</revision>
</page>
