<page>
<title>obras</title>
<ns>0</ns>
<id>58602</id>
<revision>
<id>2668343</id>
<parentid>2668342</parentid>
<timestamp>2022-03-26T15:43:11Z</timestamp>
<contributor>
<username>ValJor</username>
<id>1358</id>
</contributor>
<minor />
<comment>Revertidas edições por [[Especial:Contribuições/2804:14D:8C86:8ACB:E40E:39A7:14FE:3648|2804:14D:8C86:8ACB:E40E:39A7:14FE:3648]] para a última versão por [[Especial:Contribuições/ValJor|ValJor]]</comment>
<model>wikitext</model>
<format>text/x-wiki</format>
<text bytes="813" xml:space="preserve">{{ver também|obra}}
={{-pt-}}=
==Substantivo==
{{paroxítona|o|bras}}, {{gramática|f|pl}}
# {{escopo|pt|Marinha|antigo}} [[cabo]]s de [[laborar]], [[escota]]s ou [[carregadeira]]s
==Forma de substantivo==
{{paroxítona|o|bras}}
# plural de [[obra]]
{{avi-for-fle|obra}}
==Ver também==
===No Wikcionário===
{{verTambém.Confrontar|obra}}
==Anagramas==
&lt;!-- índice para anagramas: pt: abors --&gt;
# [[boras]]
# [[broas]]
# [[rabos]]
# [[sabor]]
# [[sobra]]
[[Categoria:Substantivo (Português)]]
[[Categoria:Forma de substantivo (Português)]]
[[Categoria:Pluralia tantum (Português)]]
[[Categoria:Náutica (Português)]]
={{-mwl-}}=
==Forma de substantivo==
{{paroxítona|o|bras|língua=mwl}}
# plural de '''[[obra#{{mwl}}|obra]]'''
{{avi-for-fle|obra}}
[[Categoria:Forma de substantivo (Mirandês)]]</text>
<sha1>i0o0tnb717trn7lwt50b5f6zaw8rscf</sha1>
</revision>
</page>
