<page>
<page>
<title>obrando</title>
<ns>0</ns>
<id>156755</id>
<revision>
<id>2382201</id>
<parentid>1701694</parentid>
<timestamp>2017-05-05T19:02:11Z</timestamp>
<contributor>
<username>HydrizBot</username>
<id>29590</id>
</contributor>
<minor />
<comment>Robô: A limpar links interwikis antigos</comment>
<model>wikitext</model>
<format>text/x-wiki</format>
<text bytes="122" xml:space="preserve">={{-pt-}}=
==Forma verbal==
'''obrando'''
#[[gerúndio]] do verbo '''[[obrar]]'''
[[Categoria:Forma verbal (Português)]]</text>
<sha1>1gb4atqhf28jxs39vrer5msdrrp09j2</sha1>
</revision>
