<page>
<page>
<title>obrageiro</title>
<ns>0</ns>
<id>58605</id>
<revision>
<id>1351505</id>
<parentid>1214166</parentid>
<timestamp>2012-01-02T01:07:07Z</timestamp>
<contributor>
<username>ValJor</username>
<id>1358</id>
</contributor>
<comment>Desfazendo link para [[Predefinição:flex.pt.subst.simples]] para poder deletar o redirecionamento</comment>
<model>wikitext</model>
<format>text/x-wiki</format>
<text bytes="414" xml:space="preserve">={{-pt-}}=
==Substantivo==
{{flex.pt|ms=obrageiro|mp=obrageiros|fs=obrageira|fp=obrageiras}}
{{paroxítona|o|bra|gei|ro}}
# aquele que [[trabalhar|trabalha]] numa [[obrage]]
=={{etimologia|pt}}==
: {{escopo|Morfologia}} [[obrage]] + [[-eiro]].
==Ver também==
===No Wikcionário===
{{verTambém.Ini}}
* [[obrage]]
{{verTambém.NovaColuna}}
* [[obragem]]
{{verTambém.Fim}}
[[Categoria:Substantivo (Português)]]</text>
<sha1>kcbbtzoo2yrs0ndssjajh42hdboqci5</sha1>
</revision>
