<page>
<title>obraria</title>
<ns>0</ns>
<id>192752</id>
<revision>
<id>2382212</id>
<parentid>2131306</parentid>
<timestamp>2017-05-05T19:02:45Z</timestamp>
<contributor>
<username>HydrizBot</username>
<id>29590</id>
</contributor>
<minor />
<comment>Robô: A limpar links interwikis antigos</comment>
<model>wikitext</model>
<format>text/x-wiki</format>
<text bytes="203" xml:space="preserve">={{-pt-}}=
==Forma verbal==
'''obraria'''
#[[primeira pessoa|primeira]] e [[terceira pessoa]] do [[singular]] do [[futuro do pretérito]] do verbo '''[[obrar]]'''
[[Categoria:Forma verbal (Português)]]</text>
<sha1>6ndyz2kaeqa9uceagmcu5gjoxis1xbw</sha1>
</revision>
</page>
