<page>
<page>
<title>obrado</title>
<ns>0</ns>
<id>95735</id>
<revision>
<id>2382195</id>
<parentid>1782478</parentid>
<timestamp>2017-05-05T19:01:59Z</timestamp>
<contributor>
<username>HydrizBot</username>
<id>29590</id>
</contributor>
<minor />
<comment>Robô: A limpar links interwikis antigos</comment>
<model>wikitext</model>
<format>text/x-wiki</format>
<text bytes="280" xml:space="preserve">={{-pt-}}=
==Adjetivo==
{{flex.pt|ms=obrado|mp=obrados|fs=obrada|fp=obradas}}
{{paroxítona|o|bra|do}}
# [[trabalhado]]
# [[executado]] ([[feito]])
# [[acabado]]
# [[concluído]]
=={{etimologia|pt}}==
: Particípio passado do verbo [[obrar]].
[[Categoria:Adjetivo (Português)]]</text>
<sha1>6x6nh91nsnefyoa8205cqkimmla074m</sha1>
</revision>
