<page>
<page>
<title>obrará</title>
<ns>0</ns>
<id>187315</id>
<revision>
<id>2382216</id>
<parentid>1782469</parentid>
<timestamp>2017-05-05T19:02:52Z</timestamp>
<contributor>
<username>HydrizBot</username>
<id>29590</id>
</contributor>
<minor />
<comment>Robô: A limpar links interwikis antigos</comment>
<model>wikitext</model>
<format>text/x-wiki</format>
<text bytes="170" xml:space="preserve">={{-pt-}}=
==Forma verbal==
'''obrará'''
#[[terceira pessoa]] do [[singular]] do [[futuro do presente]] do verbo '''[[obrar]]'''
[[Categoria:Forma verbal (Português)]]</text>
<sha1>37ge913mrgblgl4ku7m18bhxqdixqkt</sha1>
</revision>
