<page>
<page>
<title>obrastes</title>
<ns>0</ns>
<id>175396</id>
<revision>
<id>2382226</id>
<parentid>1161667</parentid>
<timestamp>2017-05-05T19:03:16Z</timestamp>
<contributor>
<username>HydrizBot</username>
<id>29590</id>
</contributor>
<minor />
<comment>Robô: A limpar links interwikis antigos</comment>
<model>wikitext</model>
<format>text/x-wiki</format>
<text bytes="191" xml:space="preserve">={{-pt-}}=
==Forma verbal==
'''obrastes'''
#[[segunda pessoa]] do [[plural]] do [[pretérito perfeito]] do [[modo indicativo]] do verbo '''[[obrar]]'''
[[Categoria:Forma verbal (Português)]]</text>
<sha1>dg511b5d3ksu6m7i95i2lv8srkwwyao</sha1>
</revision>
