<page>
<title>obrage</title>
<ns>0</ns>
<id>58603</id>
<revision>
<id>2382196</id>
<parentid>2060255</parentid>
<timestamp>2017-05-05T19:02:00Z</timestamp>
<contributor>
<username>HydrizBot</username>
<id>29590</id>
</contributor>
<minor />
<comment>Robô: A limpar links interwikis antigos</comment>
<model>wikitext</model>
<format>text/x-wiki</format>
<text bytes="445" xml:space="preserve">={{-pt-}}=
==Substantivo==
{{flex.pt|fs=obrage|fs-div=o.&lt;u&gt;bra&lt;/u&gt;.ge|fp=obrages|fp-div=o.&lt;u&gt;bra&lt;/u&gt;.ges}}
{{paroxítona|o|bra|ge}} {{rubrica|fs|c}}
# [[lugar]] de [[corte]] e [[beneficiamento]] de [[madeira]]s [[próximo]] às [[margem|margens]] de um [[rio]]
===Parônimos===
* [[obragem]]
=={{etimologia|pt}}==
:De ''[[obragem]]''.
==Ver também==
===No Wikcionário===
* [[obrageiro]]
* [[obragem]]
[[Categoria:Substantivo (Português)]]</text>
<sha1>przo8covud8xs6cgvzyjk47jxf43x81</sha1>
</revision>
</page>
