<page>
<title>obrarmos</title>
<ns>0</ns>
<id>209567</id>
<revision>
<id>2382215</id>
<parentid>1161657</parentid>
<timestamp>2017-05-05T19:02:49Z</timestamp>
<contributor>
<username>HydrizBot</username>
<id>29590</id>
</contributor>
<minor />
<comment>Robô: A limpar links interwikis antigos</comment>
<model>wikitext</model>
<format>text/x-wiki</format>
<text bytes="266" xml:space="preserve">={{-pt-}}=
==Forma verbal==
'''obrarmos'''
#[[primeira pessoa]] do [[plural]] do [[futuro]] do [[modo subjuntivo]] do verbo '''[[obrar]]'''
#[[infinitivo pessoal]] da [[primeira pessoa]] do [[plural]] do verbo '''[[obrar]]'''
[[Categoria:Forma verbal (Português)]]</text>
<sha1>fyggil7ao0smji5ydb9vjvpna8ymidy</sha1>
</revision>
</page>
