<page>
<title>obrareis</title>
<ns>0</ns>
<id>190109</id>
<revision>
<id>2382208</id>
<parentid>1782473</parentid>
<timestamp>2017-05-05T19:02:34Z</timestamp>
<contributor>
<username>HydrizBot</username>
<id>29590</id>
</contributor>
<minor />
<comment>Robô: A limpar links interwikis antigos</comment>
<model>wikitext</model>
<format>text/x-wiki</format>
<text bytes="168" xml:space="preserve">={{-pt-}}=
==Forma verbal==
'''obrareis'''
#[[segunda pessoa]] do [[plural]] do [[futuro do presente]] do verbo '''[[obrar]]'''
[[Categoria:Forma verbal (Português)]]</text>
<sha1>7fifr3h270whdzaq2mrdw6hgxr9dkii</sha1>
</revision>
</page>
