<page>
<title>obrai</title>
<ns>0</ns>
<id>221001</id>
<revision>
<id>2382197</id>
<parentid>1161640</parentid>
<timestamp>2017-05-05T19:02:02Z</timestamp>
<contributor>
<username>HydrizBot</username>
<id>29590</id>
</contributor>
<minor />
<comment>Robô: A limpar links interwikis antigos</comment>
<model>wikitext</model>
<format>text/x-wiki</format>
<text bytes="172" xml:space="preserve">={{-pt-}}=
==Forma verbal==
'''obrai'''
#[[segunda pessoa]] do [[plural]] do [[imperativo]] [[afirmativo]] do verbo '''[[obrar]]'''
[[Categoria:Forma verbal (Português)]]</text>
<sha1>smmxm6trn4y1lz3h7sw0qgv6wmgkjmj</sha1>
</revision>
</page>
