<page>
<title>obragem</title>
<ns>0</ns>
<id>58604</id>
<revision>
<id>2064861</id>
<parentid>2060256</parentid>
<timestamp>2016-02-22T21:57:02Z</timestamp>
<contributor>
<username>Luan</username>
<id>1279</id>
</contributor>
<comment>erroneamente eu havia substituído a [[predefinição:flex.pt]]</comment>
<model>wikitext</model>
<format>text/x-wiki</format>
<text bytes="477" xml:space="preserve">={{-pt-}}=
==Substantivo==
{{flex.pt|fs=obragem|fp=obragens|fs-div=o.&lt;u&gt;bra&lt;/u&gt;.gem|fp-div=o.&lt;u&gt;bra&lt;/u&gt;.gens}}
{{paroxítona|o|bra|gem}} {{rubrica|fs|c}}
# [[ato]] de [[obrar]]
# [[qualquer]] [[edificação]] [[ser|sendo]] [[construído|construída]], [[obrado|obrada]]
===Parônimo===
* [[obrage]]
=={{etimologia|pt}}==
:De ''[[obrar]]'' + ''[[-agem]]''
==Ver também==
{{verTambém.Ligações|obra}}
{{verTambém.Confrontar|obrage}}
[[Categoria:Substantivo (Português)]]</text>
<sha1>by2zj2i9no9tbokum39j3h6gipdzz0j</sha1>
</revision>
</page>
