<page>
<page>
<title>obravam</title>
<ns>0</ns>
<id>169876</id>
<revision>
<id>2382228</id>
<parentid>1161669</parentid>
<timestamp>2017-05-05T19:03:20Z</timestamp>
<contributor>
<username>HydrizBot</username>
<id>29590</id>
</contributor>
<minor />
<comment>Robô: A limpar links interwikis antigos</comment>
<model>wikitext</model>
<format>text/x-wiki</format>
<text bytes="193" xml:space="preserve">={{-pt-}}=
==Forma verbal==
'''obravam'''
#[[terceira pessoa]] do [[plural]] do [[pretérito imperfeito]] do [[modo indicativo]] do verbo '''[[obrar]]'''
[[Categoria:Forma verbal (Português)]]</text>
<sha1>sf0ecxa9u5k8w0x9ywptoy4io2a7vpc</sha1>
</revision>
