<page>
<page>
<title>obra</title>
<ns>0</ns>
<id>12711</id>
<revision>
<id>2668346</id>
<parentid>2668340</parentid>
<timestamp>2022-03-26T15:44:32Z</timestamp>
<contributor>
<username>ValJor</username>
<id>1358</id>
</contributor>
<minor />
<comment>Revertidas edições por [[Especial:Contribuições/2804:14D:8C86:8ACB:E40E:39A7:14FE:3648|2804:14D:8C86:8ACB:E40E:39A7:14FE:3648]] para a última versão por [[Especial:Contribuições/Leonardo José Raimundo|Leonardo José Raimundo]]</comment>
<model>wikitext</model>
<format>text/x-wiki</format>
<text bytes="2790" xml:space="preserve">{{Wikipédia}}
{{Wikiquote}}
{{ver também|obras}}
={{-pt-}}=
==Substantivo==
{{flex.pt|fs=obra|fp=obras}}
{{paroxítona|o|bra}}, {{gramática|f}}
# [[resultado]] de uma [[ação]] ou de um [[trabalho]]
# [[edifício]] em [[construção]]
# [[trabalho]] [[literário]], [[científico]] ou [[artístico]]
# ato ou efeito de [[defecar]]
===Tradução===
{{tradini}}
* {{trad|de|Werk}}
* {{trad|es|obra}}
* {{trad|fr|œuvre}}
* {{trad|en|work}}
{{tradmeio}}
* {{trad|it|opera}}
* {{trad|la|opus}} ''n''
* {{trad|mwl|obra}} ''f''
{{tradfim}}
===Coletivo===
{{verTambém.Ini}}
* [[acervo]]
{{verTambém.NovaColuna}}
* [[bagagem]]
{{verTambém.NovaColuna}}
* [[repertório]]
{{verTambém.Fim}}
===Diminutivo===
* [[opúsculo]]
===Expressões===
* '''[[em obras]]''':
* '''[[fazer obra]]''':
* '''[[obra branca]]''':
* '''[[obra capital]]''':
* '''[[obra de]]''':
* '''[[obra de acidência]]''':
* '''[[obra de arte]]''':
* '''[[obra de carregação]]''':
* '''[[obra de consulta]]''':
* '''[[obra de divulgação]]''':
* '''[[obra de empreitada]]''':
* '''[[obra de fachada]]''':
* '''[[obra de fancaria]]''':
* '''[[obra de fôlego]]''':
* '''[[obra de misericórdia]]''':
* '''[[obra de paciência]]''':
* '''[[obra de Penélope]]''':
* '''[[obra de referência]]''':
* '''[[obra de santa Engrácia]]''':
* '''[[obra de talha]]''':
* '''[[obra de tosco]]''':
* '''[[obra do Capeta]]''':
* '''[[obra do Diabo]]''':
* '''[[obra grossa]]''':
* '''[[obra intelectual]]''':
* '''[[obra limpa]]''':
* '''[[obra póstuma]]''':
* '''[[obra príncipe]]''':
* '''[[obra mortas]]''':
* '''[[obra públicas]]''':
* '''[[obra vivas]]''':
* '''[[pôr em obra]]''':
* '''[[por obra e graça]]''':
* '''[[pôr por obra]]''':
=={{etimologia|pt}}==
{{llietimo|la|opera|pt}}
=={{pronúncia|pt}}==
===Portugal===
* AFI: {{AFI|/ˈɔ.bɾɐ/}}
==Ver também==
===No Wikcionário===
{{verTambém.Ini}}
* [[bico-de-obra]]
* [[mão-de-obra]]
* [[obração]]
* [[obra-córnea]]
* [[obra-cornuta]]
* [[obrada]]
* [[obradação]]
* [[obradar]]
* [[obra-de-arte]]
* [[obra-de-arte-corrente]]
* [[obra-de-bico]]
* [[obra-de-gaita]]
* [[obradeira]]
* [[obra-de-nove-por-seis]]
{{verTambém.NovaColuna}}
* [[obra-de-sete-pés]]
* [[obrado]]
* [[obrador]]
* [[obradório]]
* [[obragem]]
* [[obra-mestra]]
* [[obra-mestre]]
* [[obra-morta]]
* [[obrante]]
* [[obra-prima]]
* [[obrar]]
* [[obras]]
* [[obrável]]
* [[pau-para-toda-obra]]
{{verTambém.Fim}}
==Anagramas==
# [[abro]]
# [[bora]]
# [[broa]]
# [[rabo]]
[[Categoria:Substantivo (Português)]]
={{-es-}}=
==Substantivo==
'''obra'''
# [[obra#Português|obra]]
[[Categoria:Substantivo (Espanhol)]]
={{-mwl-}}=
==Substantivo==
{{flex.mwl|fs=obra|fp=obras}}
{{paroxítona|o|bra|língua=mwl}}, {{f}}
# [[obra#Português|obra]]
[[Categoria:Substantivo (Mirandês)]]</text>
<sha1>qmf4p3tjpthrtti5kym3h5csnvcyj2y</sha1>
</revision>
