<page>
<page>
<title>obrais</title>
<ns>0</ns>
<id>159698</id>
<revision>
<id>2382198</id>
<parentid>1161641</parentid>
<timestamp>2017-05-05T19:02:04Z</timestamp>
<contributor>
<username>HydrizBot</username>
<id>29590</id>
</contributor>
<minor />
<comment>Robô: A limpar links interwikis antigos</comment>
<model>wikitext</model>
<format>text/x-wiki</format>
<text bytes="178" xml:space="preserve">={{-pt-}}=
==Forma verbal==
'''obrais'''
#[[segunda pessoa]] do [[plural]] do [[presente]] do [[modo indicativo]] do verbo '''[[obrar]]'''
[[Categoria:Forma verbal (Português)]]</text>
<sha1>fjq0vq7r3rmsgsfsob8ttcgnwz4h43w</sha1>
</revision>
