<page>
<title>obraremos</title>
<ns>0</ns>
<id>188649</id>
<revision>
<id>2382210</id>
<parentid>1782471</parentid>
<timestamp>2017-05-05T19:02:39Z</timestamp>
<contributor>
<username>HydrizBot</username>
<id>29590</id>
</contributor>
<minor />
<comment>Robô: A limpar links interwikis antigos</comment>
<model>wikitext</model>
<format>text/x-wiki</format>
<text bytes="170" xml:space="preserve">={{-pt-}}=
==Forma verbal==
'''obraremos'''
#[[primeira pessoa]] do [[plural]] do [[futuro do presente]] do verbo '''[[obrar]]'''
[[Categoria:Forma verbal (Português)]]</text>
<sha1>88ye8qvnp7mt9r5t66nrrxti7lzd45b</sha1>
</revision>
</page>
