<page>
<title>obraríamos</title>
<ns>0</ns>
<id>194103</id>
<revision>
<id>2382219</id>
<parentid>1782467</parentid>
<timestamp>2017-05-05T19:03:00Z</timestamp>
<contributor>
<username>HydrizBot</username>
<id>29590</id>
</contributor>
<minor />
<comment>Robô: A limpar links interwikis antigos</comment>
<model>wikitext</model>
<format>text/x-wiki</format>
<text bytes="174" xml:space="preserve">={{-pt-}}=
==Forma verbal==
'''obraríamos'''
#[[primeira pessoa]] do [[plural]] do [[futuro do pretérito]] do verbo '''[[obrar]]'''
[[Categoria:Forma verbal (Português)]]</text>
<sha1>ls6p2r8a02yki38yudngdgfi8zjcg6o</sha1>
</revision>
</page>
