<page>
<title>obrariam</title>
<ns>0</ns>
<id>196746</id>
<revision>
<id>2382213</id>
<parentid>1161655</parentid>
<timestamp>2017-05-05T19:02:46Z</timestamp>
<contributor>
<username>HydrizBot</username>
<id>29590</id>
</contributor>
<minor />
<comment>Robô: A limpar links interwikis antigos</comment>
<model>wikitext</model>
<format>text/x-wiki</format>
<text bytes="171" xml:space="preserve">={{-pt-}}=
==Forma verbal==
'''obrariam'''
#[[terceira pessoa]] do [[plural]] do [[futuro do pretérito]] do verbo '''[[obrar]]'''
[[Categoria:Forma verbal (Português)]]</text>
<sha1>h8weq0pknsjnk9hh68pbx2pv6ruzcwr</sha1>
</revision>
</page>
