<page>
<page>
<title>obrarias</title>
<ns>0</ns>
<id>201038</id>
<revision>
<id>2382214</id>
<parentid>1161656</parentid>
<timestamp>2017-05-05T19:02:48Z</timestamp>
<contributor>
<username>HydrizBot</username>
<id>29590</id>
</contributor>
<minor />
<comment>Robô: A limpar links interwikis antigos</comment>
<model>wikitext</model>
<format>text/x-wiki</format>
<text bytes="172" xml:space="preserve">={{-pt-}}=
==Forma verbal==
'''obrarias'''
#[[segunda pessoa]] do [[singular]] do [[futuro do pretérito]] do verbo '''[[obrar]]'''
[[Categoria:Forma verbal (Português)]]</text>
<sha1>qfsf24agzu1z0yfvtl7vftvlyg6rxzq</sha1>
</revision>
