<page>
<title>obrara</title>
<ns>0</ns>
<id>178208</id>
<revision>
<id>2382203</id>
<parentid>1985074</parentid>
<timestamp>2017-05-05T19:02:21Z</timestamp>
<contributor>
<username>HydrizBot</username>
<id>29590</id>
</contributor>
<minor />
<comment>Robô: A limpar links interwikis antigos</comment>
<model>wikitext</model>
<format>text/x-wiki</format>
<text bytes="227" xml:space="preserve">={{-pt-}}=
==Forma verbal==
'''obrara'''
#[[primeira pessoa|primeira]] e [[terceira pessoa|terceira pessoas]] do [[singular]] do [[pretérito mais-que-perfeito]] do verbo '''[[obrar]]'''
[[Categoria:Forma verbal (Português)]]</text>
<sha1>77ie8rvl569cpy38h1xrd8v8m8d9b1w</sha1>
</revision>
</page>
