<page>
<title>obraras</title>
<ns>0</ns>
<id>179700</id>
<revision>
<id>2382205</id>
<parentid>1782474</parentid>
<timestamp>2017-05-05T19:02:26Z</timestamp>
<contributor>
<username>HydrizBot</username>
<id>29590</id>
</contributor>
<minor />
<comment>Robô: A limpar links interwikis antigos</comment>
<model>wikitext</model>
<format>text/x-wiki</format>
<text bytes="179" xml:space="preserve">={{-pt-}}=
==Forma verbal==
'''obraras'''
#[[segunda pessoa]] do [[singular]] do [[pretérito mais-que-perfeito]] do verbo '''[[obrar]]'''
[[Categoria:Forma verbal (Português)]]</text>
<sha1>cdnz4ztmxztk3cr8jqolf9b4pdtd92v</sha1>
</revision>
</page>
