<page>
<title>obrar</title>
<ns>0</ns>
<id>84691</id>
<revision>
<id>2616801</id>
<parentid>2585466</parentid>
<timestamp>2021-02-01T02:07:11Z</timestamp>
<contributor>
<username>MarxavBot</username>
<id>80155</id>
</contributor>
<minor />
<comment>AFI Portugal</comment>
<model>wikitext</model>
<format>text/x-wiki</format>
<text bytes="1585" xml:space="preserve">={{-pt-}}=
==Verbo==
{{oxítona|o|brar}}
# {{escopo2|transitivo direto}} [[converter]] em outra [[obra]]; [[fazer]], [[construir]], [[executar]], [[realizar]]
# {{escopo2|transitivo direto}} [[urdir]], [[maquinar]], [[compor]], [[causar]]
# {{escopo2|transitivo direto}} [[construir]], [[fabricar]], [[edificar]]
# {{escopo2|transitivo direto}} [[tramar]]
# {{escopo2|transitivo direto}} [[proceder]], [[atuar]] 
# {{escopo2|transitivo indireto}} e {{escopo2|intransitivo}} [[agir]]; [[executar]] um [[trabalho]]; [[praticar]] uma [[ação]]
# {{escopo2|intransitivo}} [[evacuar]], [[defecar]], [[exaustar]]
===Sinônimos===
* De '''1''': [[praticar]]
* De '''4''': [[planejar]], [[maquinar]]
===Antônimos===
* De '''3''': [[desconstruir]]
===Conjugação===
{{conj/pt|obr|ar}}
=={{etimologia|pt}}==
{{llietimo|la|operare|pt}}
=={{pronúncia|pt}}==
===Portugal===
* AFI: {{AFI|/ɔ.ˈbɾaɾ/}}
==Ver também==
===No Wikcionário===
* [[obra]]
* [[borra]]
===Na Wikipédia===
[[w:obra|Obra]]
[[Categoria:Verbo (Português)]]
={{-gl-}}=
==Verbo==
{{oxítona|o|brar|lang=gl}}
# [[obrar#{{pt}}|obrar]], produzir, trabalhar, construir
# [[obrar#{{pt}}|obrar]], proceder, comportar-se, atuar
# [[obrar#{{pt}}|obrar]], existir em lugar determinado
# [[obrar#{{pt}}|obrar]], defecar
===Verbetes derivados===
* [[obradoiro#{{gl}}|obradoiro]]
=={{etimologia|gl}}==
{{llietimo|la|operare|gl}}
[[Categoria:Verbo (Galego)]]
={{-pro-}}=
==Verbo==
{{oxítona|o|brar|lang=pro}}
# [[trabalhar]]
=={{etimologia|pro}}==
{{llietimo|la|operare|pro}}
[[Categoria:Verbo (Provençal Antigo)]]</text>
<sha1>sb5zh7bhd1c4x3y1z4inqy4cxel8e50</sha1>
</revision>
</page>
