<page>
<page>
<title>obrasses</title>
<ns>0</ns>
<id>198058</id>
<revision>
<id>2382224</id>
<parentid>2131305</parentid>
<timestamp>2017-05-05T19:03:11Z</timestamp>
<contributor>
<username>HydrizBot</username>
<id>29590</id>
</contributor>
<minor />
<comment>Robô: A limpar links interwikis antigos</comment>
<model>wikitext</model>
<format>text/x-wiki</format>
<text bytes="196" xml:space="preserve">={{-pt-}}=
==Forma verbal==
'''obrasses'''
#[[segunda pessoa]] do [[singular]] do [[pretérito imperfeito]] do [[modo subjuntivo]] do verbo '''[[obrar]]'''
[[Categoria:Forma verbal (Português)]]</text>
<sha1>ntu5o4kv962e4eijvjecxlftwz7ig59</sha1>
</revision>
