<page>
<page>
<title>obraste</title>
<ns>0</ns>
<id>172734</id>
<revision>
<id>2382225</id>
<parentid>1985085</parentid>
<timestamp>2017-05-05T19:03:13Z</timestamp>
<contributor>
<username>HydrizBot</username>
<id>29590</id>
</contributor>
<minor />
<comment>Robô: A limpar links interwikis antigos</comment>
<model>wikitext</model>
<format>text/x-wiki</format>
<text bytes="192" xml:space="preserve">={{-pt-}}=
==Forma verbal==
'''obraste'''
#[[segunda pessoa]] do [[singular]] do [[pretérito perfeito]] do [[modo indicativo]] do verbo '''[[obrar]]'''
[[Categoria:Forma verbal (Português)]]</text>
<sha1>1k5vxkp6k7nxwxek5xqwjv35gusfrbj</sha1>
</revision>
