<page>
<title>obrejámos</title>
<ns>0</ns>
<id>311739</id>
<revision>
<id>2538721</id>
<parentid>1657018</parentid>
<timestamp>2019-03-11T19:27:54Z</timestamp>
<contributor>
<username>ValJor</username>
<id>1358</id>
</contributor>
<comment>Acrescentando a predefinição avi-for-fle</comment>
<model>wikitext</model>
<format>text/x-wiki</format>
<text bytes="263" xml:space="preserve">={{-pt-}}=
==Forma verbal==
{{paroxítona|o|bre|já|mos}}
# {{escopo2|grafia lusitana}} primeira pessoa do plural do pretérito perfeito do indicativo do verbo [[obrejar]]
{{avi-for-fle|obrejar}}
[[Categoria:Forma verbal (Português)]]
[[Categoria:Lusitanismo]]</text>
<sha1>o35z37qm65oj9e12pj7ylgqwuzcl0z5</sha1>
</revision>
</page>
