<page>
<page>
<title>obrei</title>
<ns>0</ns>
<id>171323</id>
<revision>
<id>2382231</id>
<parentid>1161672</parentid>
<timestamp>2017-05-05T19:03:28Z</timestamp>
<contributor>
<username>HydrizBot</username>
<id>29590</id>
</contributor>
<minor />
<comment>Robô: A limpar links interwikis antigos</comment>
<model>wikitext</model>
<format>text/x-wiki</format>
<text bytes="191" xml:space="preserve">={{-pt-}}=
==Forma verbal==
'''obrei'''
#[[primeira pessoa]] do [[singular]] do [[pretérito perfeito]] do [[modo indicativo]] do verbo '''[[obrar]]'''
[[Categoria:Forma verbal (Português)]]</text>
<sha1>d7kkj35g4mtrqgyaxa1qx2a37b13ukx</sha1>
</revision>
