<page>
<page>
<title>obres</title>
<ns>0</ns>
<id>219516</id>
<revision>
<id>2382237</id>
<parentid>1820846</parentid>
<timestamp>2017-05-05T19:03:44Z</timestamp>
<contributor>
<username>HydrizBot</username>
<id>29590</id>
</contributor>
<minor />
<comment>Robô: A limpar links interwikis antigos</comment>
<model>wikitext</model>
<format>text/x-wiki</format>
<text bytes="272" xml:space="preserve">={{-pt-}}=
==Forma verbal==
'''obres'''
#[[segunda pessoa]] do [[singular]] do [[presente]] do [[modo subjuntivo]] do verbo '''[[obrar]]'''
#[[segunda pessoa]] do [[singular]] do [[imperativo]] [[negativo]] do verbo '''[[obrar]]'''
[[Categoria:Forma verbal (Português)]]</text>
<sha1>ppjlfqnsrksqd9okayzuzoo81u52hg3</sha1>
</revision>
