<page>
<title>obreiro</title>
<ns>0</ns>
<id>43226</id>
<revision>
<id>2584622</id>
<parentid>2382232</parentid>
<timestamp>2020-04-03T09:07:38Z</timestamp>
<contributor>
<username>Cpls</username>
<id>20608</id>
</contributor>
<model>wikitext</model>
<format>text/x-wiki</format>
<text bytes="849" xml:space="preserve">[[Imagem:Lewis Hine Power house mechanic working on steam pump.jpg|right|140px|thumb|Obreiro trabalhando numa máquina]]
={{-pt-}}=
==Adjetivo==
{{flex.pt|ms=obreiro|mp=obreiros|fs=obreira|fp=obreiras}}
{{paroxítona|o|brei|ro}}
# que [[obrar|obra]]
==Substantivo==
{{flex.pt|ms=obreiro|mp=obreiros|fs=obreira|fp=obreiras}}
{{paroxítona|o|brei|ro}}
# aquele que [[obrar|obra]]
# [[operário]], [[trabalhador]], [[empregado]]
# [[autor]], [[artífice]]
# [[cooperador]]
# [[mação]], membro da maçonaria
===Tradução===
{{tradini|}}
*{{trad|fr| ouvrier }}
{{tradfim}}
==Ver também==
===No Wikcionário===
{{verTambém.Ini}}
* [[obra]]
* [[obrador]]
{{verTambém.NovaColuna}}
* [[obragem]]
* [[obrar]]
{{verTambém.Fim}}
[[Categoria:Adjetivo (Português)]]
[[Categoria:Substantivo (Português)]]
[[Categoria:Entrada com imagem (Português)]]</text>
<sha1>c5fu2g3y1apg9m6o7ifv9qglutzor3s</sha1>
</revision>
</page>
