<page>
<page>
<title>obrejar</title>
<ns>0</ns>
<id>316865</id>
<revision>
<id>2382234</id>
<parentid>2344190</parentid>
<timestamp>2017-05-05T19:03:36Z</timestamp>
<contributor>
<username>HydrizBot</username>
<id>29590</id>
</contributor>
<minor />
<comment>Robô: A limpar links interwikis antigos</comment>
<model>wikitext</model>
<format>text/x-wiki</format>
<text bytes="457" xml:space="preserve">={{-pt-}}=
==Verbo==
{{oxítona|o|bre|jar}}, {{g|intrans}}
# {{escopo|pt|Minho|Trás-os-Montes}} [[tremer]], [[tiritar]] (com [[frio]])
===Conjugação===
{{conj/pt|obrej|ar}}
[[Categoria:Verbo (Português)]]
={{-gl-}}=
==Verbo==
{{oxítona|o|bre|jar|lang=gl}}, {{g|intrans|lang=gl}}
# [[obrejar#{{pt}}|obrejar]], [[tremer]], [[tiritar]]
===Sinónimos===
* [[estarrecer#{{gl}}|estarrecer]], [[temelicar#{{gl}}|tremelicar]]
[[Categoria:Verbo (Galego)]]</text>
<sha1>mhi0l7jln41stf490kdi61q35iioyqn</sha1>
</revision>
