<page>
<title>obrigatório</title>
<ns>0</ns>
<id>66930</id>
<revision>
<id>2619708</id>
<parentid>2584180</parentid>
<timestamp>2021-02-01T19:30:43Z</timestamp>
<contributor>
<username>MarxavBot</username>
<id>80155</id>
</contributor>
<minor />
<comment>AFI Portugal</comment>
<model>wikitext</model>
<format>text/x-wiki</format>
<text bytes="672" xml:space="preserve">={{-pt-}}=
==Adjetivo==
{{flex.pt|ms=obrigatório|mp=obrigatórios|fs=obrigatória|fp=obrigatórias}}
{{proparoxítona aparente|o|bri|ga|tó|ri|o}}, {{gramática|m}}
# que envolve [[obrigação]]
# [[forçoso]]
# [[indispensável]]
===Tradução===
{{tradini}}
* {{trad|de|obligatorisch}}
* {{trad|es|obligatorio}}
* {{trad|fr|obligatoire}}
* {{trad|en|mandatory|obligatory}}
{{tradmeio}}
* {{trad|it|obbligatorio}}
* {{trad|mwl|oubrigatório}}
* {{trad|pap|obligatorio}}
* {{trad|vo|mütik}}
{{tradfim}}
=={{etimologia|pt}}==
: Do latim ''obligatoriu''.
=={{pronúncia|pt}}==
===Portugal===
* AFI: {{AFI|/ɔ.bɾi.ɡɐ.ˈtɔ.ɾju/}}
[[Categoria:Adjetivo (Português)]]</text>
<sha1>be08et5zi75wnfue1fk4onwy3p83a2v</sha1>
</revision>
</page>
