<page>
<page>
<title>obrigatoriedade</title>
<ns>0</ns>
<id>41137</id>
<revision>
<id>2382243</id>
<parentid>2131312</parentid>
<timestamp>2017-05-05T19:04:03Z</timestamp>
<contributor>
<username>HydrizBot</username>
<id>29590</id>
</contributor>
<minor />
<comment>Robô: A limpar links interwikis antigos</comment>
<model>wikitext</model>
<format>text/x-wiki</format>
<text bytes="260" xml:space="preserve">={{-pt-}}=
==Substantivo==
'''o.bri.ga.to.rie.da.de''' &amp;ensp;''feminino''
#[[qualidade]] do que [[ser|é]] [[obrigatório]]; [[imposição]].
[[Categoria:Substantivo (Português)]]
[[Categoria:Polissílabo (Português)]]
[[Categoria:Paroxítona (Português)]]</text>
<sha1>786esuvs3ua51dqpt8ad7quzlc6qtsr</sha1>
</revision>
