<page>
<page>
<title>obrigar</title>
<ns>0</ns>
<id>10238</id>
<revision>
<id>2622171</id>
<parentid>2475014</parentid>
<timestamp>2021-02-02T02:24:00Z</timestamp>
<contributor>
<username>MarxavBot</username>
<id>80155</id>
</contributor>
<minor />
<comment>AFI Portugal</comment>
<model>wikitext</model>
<format>text/x-wiki</format>
<text bytes="399" xml:space="preserve">={{-pt-}}=
==Verbo==
{{oxítona|o|bri|gar}}
# fazer com que alguém faça algo à força
# [[forçar]]
===Conjugação===
{{conj/pt|obri|gar}}
===Tradução===
{{tradini}}
* {{trad|eo|devigi|trudi}}
* {{trad|en|force|oblige}}
{{tradmeio}}
* {{trad|la|cogo}}
* {{trad|en|oubrigar}}
{{tradfim}}
=={{pronúncia|pt}}==
===Portugal===
* AFI: {{AFI|/ɔ.bɾi.ˈɡaɾ/}}
[[Categoria:Verbo (Português)]]</text>
<sha1>er3a0xgrhlis6q4rv781sn46jlmi5as</sha1>
</revision>
