<page>
<page>
<title>obrigada</title>
<ns>0</ns>
<id>352324</id>
<revision>
<id>2382240</id>
<parentid>2183079</parentid>
<timestamp>2017-05-05T19:03:51Z</timestamp>
<contributor>
<username>HydrizBot</username>
<id>29590</id>
</contributor>
<minor />
<comment>Robô: A limpar links interwikis antigos</comment>
<model>wikitext</model>
<format>text/x-wiki</format>
<text bytes="321" xml:space="preserve">={{-pt-}}=
==Interjeição==
{{paroxítona|o|bri|ga|da}}
# expressa [[agradecimento]] da parte de uma pessoa de sexo feminino
#* ''Ô meu, '''obrigada'''!''
===Sinônimos===
De '''1''':
{{verTambém.Ini}}
* [[agradecida]]
{{verTambém.NovaColuna}}
* [[grata]]
{{verTambém.Fim}}
[[Categoria:Interjeição (Português)]]</text>
<sha1>0iy37o0rra7gr0sfw5knoiwcv5cuwin</sha1>
</revision>
