<page>
<page>
<title>obrigações</title>
<ns>0</ns>
<id>90160</id>
<revision>
<id>2382247</id>
<parentid>1523949</parentid>
<timestamp>2017-05-05T19:04:16Z</timestamp>
<contributor>
<username>HydrizBot</username>
<id>29590</id>
</contributor>
<minor />
<comment>Robô: A limpar links interwikis antigos</comment>
<model>wikitext</model>
<format>text/x-wiki</format>
<text bytes="301" xml:space="preserve">={{-pt-}}=
==Substantivo==
'''o.bri.ga.&lt;u&gt;ções&lt;/u&gt;''' ''feminino plural''
#plural de '''[[obrigação]]'''.
[[Categoria:Forma de substantivo (Português)]]
[[Categoria:Pluralia tantum (Português)]]
[[Categoria:Oxítona (Português)|obrigação]]
[[Categoria:Polissílabo (Português)|obrigação]]</text>
<sha1>g7s1hhk744neo0aa8ras2skf3tstzkw</sha1>
</revision>
