<page>
<page>
<title>obrigo</title>
<ns>0</ns>
<id>102075</id>
<revision>
<id>2382248</id>
<parentid>1161679</parentid>
<timestamp>2017-05-05T19:04:19Z</timestamp>
<contributor>
<username>HydrizBot</username>
<id>29590</id>
</contributor>
<minor />
<comment>Robô: A limpar links interwikis antigos</comment>
<model>wikitext</model>
<format>text/x-wiki</format>
<text bytes="170" xml:space="preserve">={{-pt-}}=
==Forma verbal==
{{paroxítona|o|bri|go}}
# primeira pessoa do singular do presente do indicativo do verbo [[obrigar]]
[[Categoria:Forma verbal (Português)]]</text>
<sha1>apfqoi4w7lb82wzew2pdv7d722kxq9r</sha1>
</revision>
