<page>
<title>obrigados</title>
<ns>0</ns>
<id>402800</id>
<revision>
<id>2528117</id>
<parentid>2525376</parentid>
<timestamp>2018-12-06T09:58:39Z</timestamp>
<contributor>
<username>ValJor</username>
<id>1358</id>
</contributor>
<comment>Verbete com ligações internas e externas. Não deveria ter sido colocado para ER. Num caso como esse use, ao invés, a predefinição {{reciclagem}}</comment>
<model>wikitext</model>
<format>text/x-wiki</format>
<text bytes="312" xml:space="preserve">={{-pt-}}=
==Forma de adjetivo==
{{paroxítona|o|bri|ga|dos}}
# plural de [[obrigado]]
{{avi-for-fle|obrigado}}
==Forma de substantivo==
{{paroxítona|o|bri|ga|dos}}
# plural de [[obrigado]]
{{avi-for-fle|obrigado}}
[[Categoria:Forma de adjetivo (Português)]]
[[Categoria:Forma de substantivo (Português)]]</text>
<sha1>9yhpbuly30l3dyiomqomfncuvhxa9pj</sha1>
</revision>
</page>
