<page>
<page>
<title>obrigado</title>
<ns>0</ns>
<id>42741</id>
<revision>
<id>2615693</id>
<parentid>2581851</parentid>
<timestamp>2021-01-31T22:58:39Z</timestamp>
<contributor>
<username>MarxavBot</username>
<id>80155</id>
</contributor>
<minor />
<comment>AFI Portugal</comment>
<model>wikitext</model>
<format>text/x-wiki</format>
<text bytes="5348" xml:space="preserve">[[Ficheiro:Obrigado.jpg|thumb|250px|&lt;center&gt;Obrigado&lt;/center&gt;]]
={{-pt-}}=
==Adjetivo==
{{flex.pt|ms=obrigado|mp=obrigados|fs=obrigada|fp=obrigadas}}
{{paroxítona|o|bri|ga|do}}
# [[forçar|forçado]], [[coagir|coagido]] por [[lei]], [[norma]], [[necessidade]] ou [[uso]]; [[obrigatório]], [[inevitável]]
#* ''Somos '''obrigados''' a trabalhar para sobreviver.''
# [[agradecer|agradecido]], [[grato]], que [[ficar|fica]] em [[dívida]], que [[assumir|assume]] [[obrigação]]
#* '''''Obrigada''', fiquei encantada com a prenda.''
=={{pronúncia|pt}}==
===Portugal===
* AFI: {{AFI|/ɔ.bɾi.ˈɡa.du/}}
===Ver também===
====No Wikcionário====
* [[na marra]]
==Interjeição==
{{paroxítona|o|bri|ga|do}}
# expressa [[agradecimento]] da parte de uma pessoa de sexo masculino
#* ''Ô meu, '''obrigado'''!''
===Sinônimos===
De '''1''':
{{verTambém.Ini}}
* [[agradecido]]
* [[arigatô]]
{{verTambém.NovaColuna}}
* [[grato]]
* {{escopo2|Moçambique}} [[kanimambo]]
{{verTambém.Fim}}
===Tradução===
{{tradini}}
* {{trad|af|dankie}}
* {{trad|sq|faleminderit}}
* {{trad|de|danke}}
* {{t|am|ኣመሰገናልሎ||amesegenallo}}
* {{t|ar|شكراً||šukran}}
* {{t|hy|շնորհակալ||šnorhakal}}
* {{trad|ba|рәхмәт}}
* {{t|bn|ধনবাদ||dhonnobad}}
* {{t|be|дзякую||dziakouiou}}
* {{trad|br|trugarez}}
* {{t|bg|благодаря||blagodarja}}
* {{t|km| ាកូន||akun}}
* {{trad|ca|gràcies}}
* {{t|kk|рахмет||raxmet}}
* {{trad|cs|děkuji}}
* {{t|zh|谢谢||xièxie}}
* {{t|ko|고맙습니다||gomabseubnida}}
* {{trad|co|grazie}}
* {{trad|hr|hvala}}
* {{trad|da|tak}}
* {{trad|sk|ďakujem|vďaka}}
* {{trad|sl|hvala}}
* {{trad|es|gracias}}
* {{trad|eo|dankon}}
* {{trad|et|aitäh}}
* {{trad|fo|tøkk}}
* {{trad|fj|vinaka}}
* {{trad|fi|kiitos}}
* {{trad|fr|merci}}
* {{trad|fy|tank}}
* {{trad|gl|gracias}}
* {{trad|cy|diolch}}
* {{t|got|𐌸𐌰𐌲𐌺𐍃||þagks}}
* {{t|el|ευχαριστώ||evkharistó}}
* {{trad|gn|aguyjé}}
* {{trad|ht|mèsi}}
* {{trad|haw|mahalo}}
* {{t|he|תּוֹדָה||toda}}
* {{trad|nl|bedankt}}
{{tradmeio}}
* {{trad|sah|баһыыба}}
* {{trad|io|danko}}
* {{trad|id|terima kasih}}
* {{trad|en|thank you|thanks}}
* {{trad|ia|gratias}}
* {{trad|is|takk}}
* {{trad|it|grazie}}
* {{trad|ivv|dios mamajes}}
* {{t|ja|ありがとう||arigatō}}
* {{trad|lo|khob chai}}
* {{trad|la|gratias}}
* {{trad|lv|paldies}}
* {{trad|ln|botɔ́ndi|mɛlɛsí}}
* {{trad|lfn|grasias|грасиас}}
* {{trad|lt|ačiū}}
* {{trad|lb|merci}}
* {{trad|mk|фала|благодарам}}
* {{trad|mg|misoatra|fisoarana}}
* {{trad|mwl|oubrigado}}
* {{t|mn|баярлалаа||baiarlalaa}}
* {{trad|no|takk}}
* {{trad|oc|mercé}}
* {{trad|pap|danki}}
* {{trad|pl|dziękuję}}
* {{t|pa|ਸ਼ੁਕਰਿਆ||śukriya}}
* {{trad|ky|ыракмат}}
* {{trad|ro|mulțumesc}}
* {{t|ru|спасибо||spasibo}}
* {{t|sa|अनुगुरिहीतोसुमि||anugurihītosumi}}
* {{trad|sr|хвала|hvala}}
* {{trad|sw|asante}}
* {{trad|sv|tack}}
* {{trad|tl|salámat}}
* {{t|th|ขอบคุณ||kòp-kuun}}
* {{t|ta|நன்றி||nandri}}
* {{trad|tt|рәхмәт}}
* {{trad|tr|teşekkürler}}
* {{trad|wo|jëre-jëf|djèr n’djèr}}
* {{trad|zu|ngiyabonga|siyakubonga}}
{{tradfim}}
==Substantivo==
{{flex.pt|ms=obrigado|mp=obrigados}}
{{paroxítona|o|bri|ga|do}}, {{gramática|m}}
# [[agradecimento]]
#* ''O meu '''obrigado'''!''
=={{etimologia|pt}}==
: Particípio passado de '''[[obrigar]]'''. No sentido de &quot;grato, agradecido&quot;, terá resultado da simplificação e redução de uma expressão semelhante a: ''Fico obrigado a (= sinto-me na obrigação de) retribuir o favor.'' Daí a flexão que se mantém: '''obrigado''', '''obrigada''', '''obrigados''', '''obrigadas'''. Contudo, cada vez mais há quem defenda que '''obrigado''' evoluiu para interjeição, sendo então invariável.
=={{pronúncia|pt}}==
===Brasil===
====Rio de Janeiro====
* [[AFI]]: {{AFI|/o.bɾi.'ga.dʊ/}}
===Portugal===
====Lisboa====
* [[AFI]]: {{AFI|/o.ƀri.'ǥa.đu/}}
[[Categoria:Adjetivo (Português)]]
[[Categoria:Interjeição (Português)]]
[[Categoria:Substantivo (Português)]]
={{-gl-}}=
==Adjetivo==
{{flex.gl|ms=obrigado|mp=obrigados|fs=obrigada|fp=obrigadas}}
{{paroxítona|o|bri|ga|do|lang=gl}}
# [[obrigado#{{pt}}|obrigado]], que tem a [[obriga]] de, que está obrigado a
# [[obrigado#{{pt}}|obrigado]], grato, agradecido
# [[reconhecido]]
# [[submisso]]
==Interjeição==
{{paroxítona|o|bri|ga|do|lang=gl}}
# [[obrigado#{{gl}}|obrigado]], expressa [[agradecimento]] da parte de uma pessoa de sexo masculino
==Substantivo==
{{flex.gl|ms=obrigado|mp=obrigados}}
{{paroxítona|o|bri|ga|do|lang=gl}}, {{gramática|m}}
# [[agradecimento]]
# {{escopo|gl|Arcaico}} pessoa encarregada do [[abastecimento]] de uma vila ou cidade
# {{escopo|gl|Arcaico}} [[carniceiro]]
=={{etimologia|gl}}==
: Do particípio de ''[[obrigar#{{gl}}|obrigar]]'', com um significado perdido no verbo atual ''[[obrigar#{{gl}}|obrigar]]'', mas sim presente no do verbo latino {{etimo|la|obligare}} ({{etimo|la|ob}} {{etimo|la|ligare}}) &quot;[[vincular]]-se a través de, unir-se, ligar-se&quot;. Confronte-se com o francês de Louisiana {{etimo|fr|obliger}} ou com o sardo {{etimo|sc|obbligato}} &quot;agradecido&quot;.
[[Categoria:Adjetivo (Galego)]]
[[Categoria:Interjeição (Galego)]]
[[Categoria:Substantivo (Galego)]]</text>
<sha1>6ocd8n6o624lugifkn71vn1pxz1kllq</sha1>
</revision>
