<page>
<page>
<title>obrigação</title>
<ns>0</ns>
<id>42809</id>
<revision>
<id>2656041</id>
<parentid>2621882</parentid>
<timestamp>2021-12-26T13:26:51Z</timestamp>
<contributor>
<username>ValJor</username>
<id>1358</id>
</contributor>
<comment>Acrescentando código de língua à [[:Categoria:!Página com mensagem de erro em predefinição|predefinição escopo]]</comment>
<model>wikitext</model>
<format>text/x-wiki</format>
<text bytes="1483" xml:space="preserve">={{-pt-}}=
==Substantivo==
{{flex.pt|fs=obrigação|fp=obrigações}}
{{oxítona|o|bri|ga|ção}}, {{gramática|f}}
# [[dever]]
#* ''Ela não cumpriu com as '''obrigações''' do casamento.''
# {{escopo|pt|Economia}} [[título]] da [[dívida]] [[público|pública]]
#* '''''Obrigações''' Reajustáveis do Tesouro Nacional''
===Expressões===
* '''[[obrigação ao portador]]''': título emitido por sociedade anônima e que paga o valor ao portador do mesmo.
* '''[[Obrigação Reajustável do Tesouro Nacional]]''': título da dívida pública brasileira que foi usado como indicador de reajuste inflacionário nas décadas de 1960, 1970 e 1980.
===Tradução===
{{tradini}}
* {{t|es|obligación|f}}
* {{trad|fr|obligation}}
* {{trad|en|obligation}}
* {{trad|it|obbligo}}
{{tradmeio}}
* {{trad|mwl|oubrigacion|oubrigaçon}}
* {{trad|pl|obowiązek}}
* {{trad|sv|förpliktelse}}
{{tradfim}}
=={{etimologia|pt}}==
{{llietimo|la|obligationis|pt}}
=={{pronúncia|pt}}==
===Portugal===
* AFI: {{AFI|/ɔ.bɾi.ɡɐ.ˈsɐ̃w̃/}}
==Ver também==
===No Wikcionário===
{{verTambém.Ini}}
{{verTambém.Confrontar|desobrigação}}
* [[obriga]]
* [[obrigacional]]
* [[obrigacionário]]
* [[obrigacionista]]
* [[obrigado]]
* [[obrigador]]
* [[obrigamento]]
{{verTambém.NovaColuna|50}}
* [[obrigante]]
* [[obrigar]]
* [[obrigatário]]
* [[obrigatividade]]
* [[obrigativo]]
* [[obrigatoriedade]]
* [[obrigatório]]
* [[obrigável]]
{{verTambém.Fim}}
[[Categoria:Substantivo (Português)]]</text>
<sha1>49wt0c6501ipakugblldwcibxdahqml</sha1>
</revision>
