<page>
<page>
<title>obrávamos</title>
<ns>0</ns>
<id>163991</id>
<revision>
<id>2382257</id>
<parentid>1161687</parentid>
<timestamp>2017-05-05T19:04:46Z</timestamp>
<contributor>
<username>HydrizBot</username>
<id>29590</id>
</contributor>
<minor />
<comment>Robô: A limpar links interwikis antigos</comment>
<model>wikitext</model>
<format>text/x-wiki</format>
<text bytes="196" xml:space="preserve">={{-pt-}}=
==Forma verbal==
'''obrávamos'''
#[[primeira pessoa]] do [[plural]] do [[pretérito imperfeito]] do [[modo indicativo]] do verbo '''[[obrar]]'''
[[Categoria:Forma verbal (Português)]]</text>
<sha1>48sznof1ebmqz4hwkrhwg74175714ov</sha1>
</revision>
