<page>
<title>obrásseis</title>
<ns>0</ns>
<id>202374</id>
<revision>
<id>2382255</id>
<parentid>1161685</parentid>
<timestamp>2017-05-05T19:04:42Z</timestamp>
<contributor>
<username>HydrizBot</username>
<id>29590</id>
</contributor>
<minor />
<comment>Robô: A limpar links interwikis antigos</comment>
<model>wikitext</model>
<format>text/x-wiki</format>
<text bytes="196" xml:space="preserve">={{-pt-}}=
==Forma verbal==
'''obrásseis'''
#[[segunda pessoa]] do [[plural]] do [[pretérito imperfeito]] do [[modo subjuntivo]] do verbo '''[[obrar]]'''
[[Categoria:Forma verbal (Português)]]</text>
<sha1>e29cpbhz31pucbyagkov4qvxd87j4h2</sha1>
</revision>
</page>
