<page>
<title>obrássemos</title>
<ns>0</ns>
<id>199531</id>
<revision>
<id>2382256</id>
<parentid>1161686</parentid>
<timestamp>2017-05-05T19:04:44Z</timestamp>
<contributor>
<username>HydrizBot</username>
<id>29590</id>
</contributor>
<minor />
<comment>Robô: A limpar links interwikis antigos</comment>
<model>wikitext</model>
<format>text/x-wiki</format>
<text bytes="198" xml:space="preserve">={{-pt-}}=
==Forma verbal==
'''obrássemos'''
#[[primeira pessoa]] do [[plural]] do [[pretérito imperfeito]] do [[modo subjuntivo]] do verbo '''[[obrar]]'''
[[Categoria:Forma verbal (Português)]]</text>
<sha1>px53r2a2s04fhps48ckjm5ekccvs0qo</sha1>
</revision>
</page>
