<page>
<title>obrámos</title>
<ns>0</ns>
<id>166708</id>
<revision>
<id>2538328</id>
<parentid>2382252</parentid>
<timestamp>2019-03-07T18:38:05Z</timestamp>
<contributor>
<username>ValJor</username>
<id>1358</id>
</contributor>
<comment>Acrescentando a predefinição avi-for-fle</comment>
<model>wikitext</model>
<format>text/x-wiki</format>
<text bytes="256" xml:space="preserve">={{-pt-}}=
==Forma verbal==
{{paroxítona|o|brá|mos}}
# {{escopo2|grafia lusitana}} primeira pessoa do plural do pretérito perfeito do indicativo do verbo [[obrar]]
{{avi-for-fle|obrar}}
[[Categoria:Forma verbal (Português)]]
[[Categoria:Lusitanismo]]</text>
<sha1>0oxwyt6t34qecurqscsm1z8nq6kajh1</sha1>
</revision>
</page>
