<page>
<title>obráveis</title>
<ns>0</ns>
<id>168432</id>
<revision>
<id>2382258</id>
<parentid>1161688</parentid>
<timestamp>2017-05-05T19:04:49Z</timestamp>
<contributor>
<username>HydrizBot</username>
<id>29590</id>
</contributor>
<minor />
<comment>Robô: A limpar links interwikis antigos</comment>
<model>wikitext</model>
<format>text/x-wiki</format>
<text bytes="194" xml:space="preserve">={{-pt-}}=
==Forma verbal==
'''obráveis'''
#[[segunda pessoa]] do [[plural]] do [[pretérito imperfeito]] do [[modo indicativo]] do verbo '''[[obrar]]'''
[[Categoria:Forma verbal (Português)]]</text>
<sha1>0921zd9d9qof4wn4676jaixb1pb5c2g</sha1>
</revision>
</page>
