<page>
<title>obscenidades</title>
<ns>0</ns>
<id>324059</id>
<revision>
<id>2382263</id>
<parentid>1875931</parentid>
<timestamp>2017-05-05T19:04:59Z</timestamp>
<contributor>
<username>HydrizBot</username>
<id>29590</id>
</contributor>
<minor />
<comment>Robô: A limpar links interwikis antigos</comment>
<model>wikitext</model>
<format>text/x-wiki</format>
<text bytes="181" xml:space="preserve">={{-pt-}}=
==Forma de substantivo==
{{paroxítona|obs|ce|ni|da|des}}, {{f}}
# plural de [[obscenidade]]
{{avi-for-fle|obscenidade}}
[[Categoria:Forma de substantivo (Português)]]</text>
<sha1>dag5xspnmdkw72ytvueij3ydktqz8rp</sha1>
</revision>
</page>
