<page>
<title>obscuramente</title>
<ns>0</ns>
<id>419398</id>
<revision>
<id>2572764</id>
<timestamp>2020-01-25T19:34:07Z</timestamp>
<contributor>
<username>Cpls</username>
<id>20608</id>
</contributor>
<comment>[[Ajuda:Guia de edição/Menus e ferramentas/Sumário de edição|→]] nova página: ={{-pt-}}= ==Advérbio== {{paroxítona|obs|cu|ra|men|te}}, ''de modo'' # de modo [[obscuro]], confusamente, d...</comment>
<model>wikitext</model>
<format>text/x-wiki</format>
<text bytes="308" xml:space="preserve">={{-pt-}}=
==Advérbio==
{{paroxítona|obs|cu|ra|men|te}}, ''de modo''
# de modo [[obscuro]], confusamente, de jeito pouco claro ou evidente
=={{etimologia|pt}}==
: {{escopo|Morfologia}} De ''[[obscuro|obscura]]'' + ''[[-mente]]''. Confronte-se com ''[[escuramente]]''.
[[Categoria:Advérbio (Português)]]</text>
<sha1>7v1m9wb1qlmv3h7qa8ldstonjfl99ce</sha1>
</revision>
</page>
