<page>
<title>obscenizar</title>
<ns>0</ns>
<id>316864</id>
<revision>
<id>1706827</id>
<timestamp>2013-08-02T20:22:16Z</timestamp>
<contributor>
<username>ValJor</username>
<id>1358</id>
</contributor>
<comment>Por um [[Especial:Lonelypages|wikcionário sem órfãos]]: [[obscenizámos]]</comment>
<model>wikitext</model>
<format>text/x-wiki</format>
<text bytes="218" xml:space="preserve">={{-pt-}}=
==Verbo==
{{oxítona|obs|ce|ni|zar}}
# tornar [[obsceno]]
===Conjugação===
{{conj/pt|obsceniz|ar}}
=={{etimologia|pt}}==
: {{escopo|Morfologia}} [[obsceno]] + [[-izar]].
[[Categoria:Verbo (Português)]]</text>
<sha1>stv5ygafkn7up261sjfrzv16enyoks7</sha1>
</revision>
</page>
