<page>
<title>obsceno</title>
<ns>0</ns>
<id>31325</id>
<revision>
<id>2382264</id>
<parentid>2131311</parentid>
<timestamp>2017-05-05T19:05:04Z</timestamp>
<contributor>
<username>HydrizBot</username>
<id>29590</id>
</contributor>
<minor />
<comment>Robô: A limpar links interwikis antigos</comment>
<model>wikitext</model>
<format>text/x-wiki</format>
<text bytes="1523" xml:space="preserve">={{-pt-}}=
==Adjetivo==
{{flex.pt|ms=obsceno|mp=obscenos|fs=obscena|fp=obscenas}}
{{paroxítona|obs|ce|no}}, {{m}}
# que [[afetar|afeta]] a [[moral]] [[comum]] de uma [[sociedade]], podendo ser um [[ato]], [[palavra]], etc
#* ''A obra de Pier Paolo Pasolini foi considerada '''obscena''' por muitos.''
# diz-se de [[pessoa]] que prefere ou escreve [[obscenidade]]; [[pornofônico]]
===Antônimos===
De '''1''':
{{verTambém.Ini}}
* [[casto]]
* [[decente]]
* [[decoroso]]
* [[digno]]
{{verTambém.NovaColuna}}
* [[fescenino]]
* [[honesto]]
* [[puro]]
{{verTambém.Fim}}
===Sinônimos===
De '''1''':
{{verTambém.Ini}}
* [[perverso]]
* [[imoral]]
* [[impudico]]
* [[impuro]]
{{verTambém.NovaColuna}}
* [[indecente]]
* [[indecoroso]]
* [[sórdido]]
{{verTambém.Fim}}
===Tradução===
{{tradini}}
* {{trad|de|obszön}}
* {{trad|da|sjofel}}
* {{trad|es|obsceno}}
* {{trad|fi|hävytön}}
* {{trad|fr|obscène}}
{{tradmeio}}
* {{trad|en|obscene}}
* {{trad|it|osceno}}
* {{trad|ru|непристойный}}
* {{trad|sv|obscen}}
{{tradfim}}
=={{etimologia|pt}}==
: Do latim ''obscenu''.
==Ver também==
===No Wikcionário===
{{verTambém.Ini}}
* [[indecente]]
* [[indecoroso]]
{{verTambém.NovaColuna}}
* [[palavrão]]
* [[sórdido]]
{{verTambém.NovaColuna}}
* [[vergonhoso]]
* [[vulgarismo]]
{{verTambém.NovaColuna}}
* [[:Categoria:Obscenidade (Português)]]
{{verTambém.Fim}}
[[Categoria:Adjetivo (Português)]]
={{-es-}}=
==Adjetivo==
'''obsceno'''
# [[obsceno#Português|obsceno]]
[[Categoria:Adjetivo (Espanhol)]]</text>
<sha1>b7q827l5q8pjp1n3ksabb7in8ls4n4v</sha1>
</revision>
</page>
