<page>
<title>obscura</title>
<ns>0</ns>
<id>274862</id>
<revision>
<id>2382266</id>
<parentid>2034441</parentid>
<timestamp>2017-05-05T19:05:09Z</timestamp>
<contributor>
<username>HydrizBot</username>
<id>29590</id>
</contributor>
<minor />
<comment>Robô: A limpar links interwikis antigos</comment>
<model>wikitext</model>
<format>text/x-wiki</format>
<text bytes="145" xml:space="preserve">={{-pt-}}=
==Forma de adjetivo==
'''obscura''', {{f}}
#feminino de '''[[obscuro#{{pt}}|obscuro]]'''
[[Categoria:Forma de adjetivo (Português)]]</text>
<sha1>kigx8edvliv9g9p6juchkbqu15ytdwg</sha1>
</revision>
</page>
