<page>
<page>
<title>obscenidade</title>
<ns>0</ns>
<id>324058</id>
<revision>
<id>2382262</id>
<parentid>2055495</parentid>
<timestamp>2017-05-05T19:04:57Z</timestamp>
<contributor>
<username>HydrizBot</username>
<id>29590</id>
</contributor>
<minor />
<comment>Robô: A limpar links interwikis antigos</comment>
<model>wikitext</model>
<format>text/x-wiki</format>
<text bytes="435" xml:space="preserve">={{-pt-}}=
==Substantivo==
{{flex.pt|fs=obscenidade|fp=obscenidades}}
{{paroxítona|obs|ce|ni|da|de}}, {{f}}
# qualidade de [[obsceno]]
# o mesmo que [[pornofonia]]
=={{etimologia|pt}}==
: {{escopo|Morfologia}} [[obsceno]] + [[i]] + [[-dade]].
[[Categoria:Substantivo (Português)]]
[[Categoria:Gíria (Português)]]
[[Categoria:Gramática (Português)]]
[[Categoria:Linguística (Português)]]
[[Categoria:Obscenidade (Português)]]</text>
<sha1>lo8im2ma06q4s9ca9afng6325muozef</sha1>
</revision>
