<page>
<page>
<title>obscenos</title>
<ns>0</ns>
<id>334083</id>
<revision>
<id>2382265</id>
<parentid>1882604</parentid>
<timestamp>2017-05-05T19:05:06Z</timestamp>
<contributor>
<username>HydrizBot</username>
<id>29590</id>
</contributor>
<minor />
<comment>Robô: A limpar links interwikis antigos</comment>
<model>wikitext</model>
<format>text/x-wiki</format>
<text bytes="161" xml:space="preserve">={{-pt-}}=
==Forma de adjetivo==
{{paroxítona|obs|ce|nos}}, {{m}}
# plural de [[obsceno]]
{{avi-for-fle|obsceno}}
[[Categoria:Forma de adjetivo (Português)]]</text>
<sha1>48ql0v0t7ym8gr5du6t1c7ckk4nm1mz</sha1>
</revision>
