<page>
<page>
<title>j</title>
<ns>0</ns>
<id>36841</id>
<revision>
<id>2688647</id>
<parentid>2688633</parentid>
<timestamp>2022-09-21T09:46:29Z</timestamp>
<contributor>
<username>ValJor</username>
<id>1358</id>
</contributor>
<minor />
<comment>Revertidas edições por [[Especial:Contribuições/177.130.179.32|177.130.179.32]] para a última versão por [[Especial:Contribuições/Wilhelm Seifer|Wilhelm Seifer]]</comment>
<model>wikitext</model>
<format>text/x-wiki</format>
<text bytes="925" xml:space="preserve">{{caracteres info|hex=006A|nome=LATIN SMALL LETTER J|anterior=i|próximo=k}}
={{-pt-}}=
==Letra==
'''J, j'''
# [[jota]], a [[décimo|décima]] [[letra]] do [[alfabeto]] [[português]]
==Ver também==
===No Wikcionário===
* [[jj]]
{{Alfabeto Latino}}
[[Categoria:Sistema de escrita latino]]
={{-egy-}}=
==Pronome==
&lt;hiero&gt;A2&lt;/hiero&gt;
( A2 ) '''i'''
# [[eu]], [[me]]
# [[meu]]
===Ver também===
* eu: [[j]], [[jnk]], [[wj]]
* você: [[k]], [[ṯ]], [[ṯn]], [[ntk]], [[ntṯn]], [[nṯt]], [[ṯn]]
* ele: [[f]], [[sw]], [[ntf]]
* ela: [[s]], [[sy]], [[nts]]
* eles, elas: [[ntsn]], [[sn]]
* nós: [[jnn]], [[n]]
===Notas===
* A transliteração dessa palavra em Mdc ([[w:Manuel de Codage]]) é '''[[i]]'''.
==Hieróglifo==
* Os seguintes [[hieróglifos]] têm '''j''' como [[transliteração]]:
&lt;hiero&gt;M17&lt;/hiero&gt; ( M17 )
&lt;hiero&gt;A2&lt;/hiero&gt; ( A2 )
[[Categoria:Pronome (Egípcio)]]
[[Categoria:Hieróglifo (Egípcio)]]</text>
<sha1>ec565jiz75c3cw1tl6x5fst5j9r3t7a</sha1>
</revision>
