<page>
<title>ja</title>
<ns>0</ns>
<id>86637</id>
<revision>
<id>2364441</id>
<parentid>2219155</parentid>
<timestamp>2017-05-03T15:30:39Z</timestamp>
<contributor>
<username>HydrizBot</username>
<id>29590</id>
</contributor>
<minor />
<comment>Robô: A limpar links interwikis antigos</comment>
<model>wikitext</model>
<format>text/x-wiki</format>
<text bytes="3412" xml:space="preserve">{{ver também|já|ją}}
={{-de-}}=
==Advérbio==
#[[sim]]
#:[[willst|Willst]] [[du]] [[das]]? [[ja|Ja]]. — &lt;small&gt;Você quer isto? Sim&lt;/small&gt;
#''(intensificador)'' [[claro]], [[obviamente]], [[com certeza]]
#:[[der|Der]] Peter [[war#Alemão|war]] '''ja''' [[gestern]] [[krank]]. - &lt;small&gt;Com certeza, Peter estava doente ontem.&lt;/small&gt;
===Antônimos===
*[[nein]]
===Sinônimos===
*''(sim)'': [[jawohl]]
*''(obviamente)'': [[doch]], [[bekanntlich]]
===Verbetes derivados===
*[[bejahen]]
*[[Ja]]
*[[jein]]
=={{etimologia|de}}==
:Do Médio Alto Germânico, que vem do Antigo Alto Germânico ''jā'' (&quot;sim&quot;), que vem do Proto-Germânico ''ja'' (&quot;sim&quot;), do Proto-Indo-Europeu ''*yē'' (&quot;já&quot;). Cognatos com holandês ''[[ja#Holandês|ja]]'' (sim); inglês ''[[yea#Inglês|yea]]''; latim ''[[iam#Latim|iam]]'' (&quot;já&quot;).
=={{pronúncia|de}}==
* [[AFI]]: {{IPA|/jaː/}}
[[Categoria:Advérbio (Alemão)]]
={{-fi-}}=
==Conjunção==
'''ja''' 
# [[e]] (conjunção coordenativa usada para unir orações ou termos com a ideia de enumeração ou adição)
#: ''[[ostaa|Ostin]] [[maito|maitoa]] '''ja''' [[leipä|leipää]]'' - &lt;small&gt;Comprei leite e pão.&lt;/small&gt;
#: ''[[tykata|Tykkään]] [[pelata]] [[jalkapallo|jalkapalloa]] '''ja''' [[lukea]] [[lehti|lehtiä]]'' - &lt;small&gt;Gosto de jogar futebol e de ler jornais.&lt;/small&gt;
==Ver também==
===No Wikcionário===
{{verTambém.Ini}}
* [[tai]]
* [[vai]]
{{verTambém.Fim}}
[[Categoria:Conjunção (Finlandês)]]
={{-nl-}}=
==Advérbio==
#[[sim]]
#:[[wil#Holandês|Wil]] [[je#Holandês|je]] [[met#Holandês|met]] [[ons]] [[meegaan]]? - '''Ja''', [[graag]]! - &lt;small&gt;Gostaria de vir conosco? - '''Sim''', adoraria!&lt;/small&gt;
===Antônimos===
*[[nee]], [[neen]]
===Sinônimos===
*[[jep#Holandês|jep]]
===Verbetes derivados===
*[[jawel]]
=={{etimologia|nl}}==
:Do Proto-Germânico ''ja'' (&quot;sim&quot;), do Proto-Indo-Europeu ''*yē'' (&quot;já&quot;).
=={{pronúncia|nl}}==
* [[AFI]]: {{IPA|/jaː/}}
[[Categoria:Advérbio (Holandês)]]
={{-ja-}}=
==Transliteração==
# transliteração de [[じゃ]]
[[Categoria:Transliteração (Japonês)]]
={{-lt-}}=
==Pronome==
'''ja''' ''[[pessoal]]''
# [[forma]] [[não-]][[pronominal]] do [[pronome pessoal]] do [[caso]] [[instrumental]] da [[terceiro|terceira]] [[pessoa]] do [[feminino]] [[singular]].
===Declinação===
{{decl.lt.pron.3a}}
[[Categoria:Pronome pessoal (Lituano)]]
[[Categoria:Monossílabo (Lituano)]]
={{-et-}}=
==Conjunção==
'''ja''' 
# [[e]] (conjunção coordenativa usada para unir orações ou termos com a ideia de enumeração ou adição)
={{-pl-}}=
==Pronome==
'''ja'''
#[[eu]] (pronome pessoal do caso nominativo da primeira pessoa do singular)
#*'''''Ja''' nie jestem Polakiem, '''ja''' jestem Portugalczykiem.'' &lt;small&gt;(Eu não sou polonês, eu sou português.)&lt;/small&gt;
===Declinação===
{{decl.pl.pron.pessoal}}
[[Categoria:Pronome pessoal (Polonês)]]
={{-sv-}}=
==Interjeição==
'''ja'''
#[[sim]]
#:'''Vill du ha kaffe'''? [[Ja]] '''tack'''!. — Gostaria de um café? Sim, por favor.
#:'''Har hon kommit'''? [[Ja]]!. — Ela chegou? Sim.
===Pronúncia===
* {{AFI|/ja:/|lang=sv}}
* {{audio|Sv-ja.ogg|audio|lang=sv}}
===Antônimos===
* [[nej]]
===Sinônimos===
* '''[[acceptera]]'''
* '''[[givetvis]]'''
* '''[[jadå]]'''
* '''[[jo]]'''
* '''[[såklart]]'''
=== Tradução ===
{{trad|es|sí}}
{{trad|it|sì}}
{{trad|pt|sim}}
{{trad|fr|oui}}
[[Categoria: Entrada com áudio (Sueco)]]</text>
<sha1>5h00neevfw0ha1ypnytnhsb885iqoeq</sha1>
</revision>
</page>
