<page>
<title>Jaakobuse</title>
<ns>0</ns>
<id>387237</id>
<revision>
<id>2467398</id>
<timestamp>2017-12-06T07:28:23Z</timestamp>
<contributor>
<username>Leonardo José Raimundo</username>
<id>43489</id>
</contributor>
<comment>Eu estou criando o nome &quot;Jaakobuse&quot;.</comment>
<model>wikitext</model>
<format>text/x-wiki</format>
<text bytes="205" xml:space="preserve">={{-et-}}=
==Substantivo==
{{paroxítona|Jaa|ko|bu|se|lang=et}}
# {{escopo|et|Cristianismo|religião}} [[Tiago]]
==Ver também==
===No Wikcionário===
{{bíblia/et}}
[[Categoria:Substantivo (Estoniano)]]</text>
<sha1>0l22eqvyhrcoaaq7yaz52hq5zh1qsj3</sha1>
</revision>
</page>
