<page>
<page>
<title>Jaakob</title>
<ns>0</ns>
<id>407553</id>
<revision>
<id>2537873</id>
<timestamp>2019-03-04T02:44:45Z</timestamp>
<contributor>
<username>Leonardo José Raimundo</username>
<id>43489</id>
</contributor>
<comment>Eu estou criando o nome &quot;Jaakob&quot;.</comment>
<model>wikitext</model>
<format>text/x-wiki</format>
<text bytes="201" xml:space="preserve">={{-fi-}}=
==Substantivo==
{{paroxítona|Jaa|kob|lang=fi}}
# {{escopo|fi|Cristianismo|religião}} [[Tiago]]
==Ver também==
===No Wikcionário===
{{bíblia/fi}}
[[Categoria:Substantivo (Finlandês)]]</text>
<sha1>lim1mqjzl9lxpcsdxucdr6jsklf2dx7</sha1>
</revision>
