<page>
<page>
<title>jaanimardikas</title>
<ns>0</ns>
<id>318277</id>
<revision>
<id>2657648</id>
<parentid>2364442</parentid>
<timestamp>2022-01-11T09:57:47Z</timestamp>
<contributor>
<username>ValJor</username>
<id>1358</id>
</contributor>
<comment>Confirmando [[:Categoria:!Entrada criada por robô|verbete criado por robô]]</comment>
<model>wikitext</model>
<format>text/x-wiki</format>
<text bytes="195" xml:space="preserve">{{Wikipédia|lang=et}}
={{-et-}}=
==Substantivo==
'''jaanimardikas'''
# [[pirilampo]] (inseto que emite luz na escuridão)
[[Categoria:Substantivo (Estoniano)]]
[[Categoria:Inseto (Estoniano)]]</text>
<sha1>tj4z99ygask58828sfhh3aufj3ykl6k</sha1>
</revision>
