<page>
<page>
<title>jab</title>
<ns>0</ns>
<id>385112</id>
<revision>
<id>2456762</id>
<timestamp>2017-10-23T18:23:21Z</timestamp>
<contributor>
<username>Askekamo</username>
<id>60711</id>
</contributor>
<comment>[[Ajuda:Guia de edição/Menus e ferramentas/Sumário de edição|→]] nova página: ={{-en-}}= ==Substantivo== {{flex.en|s=jab|p=jabs}} '''jab''' # [[jabe]]  [[Categoria:Substantivo (Inglês)]]</comment>
<model>wikitext</model>
<format>text/x-wiki</format>
<text bytes="109" xml:space="preserve">={{-en-}}=
==Substantivo==
{{flex.en|s=jab|p=jabs}}
'''jab'''
# [[jabe]]
[[Categoria:Substantivo (Inglês)]]</text>
<sha1>rkbt13dl7hff1hn663dy9ug5633wb92</sha1>
</revision>
