<page>
<title>jabardilho</title>
<ns>0</ns>
<id>345672</id>
<revision>
<id>2445425</id>
<parentid>2009938</parentid>
<timestamp>2017-08-23T19:20:54Z</timestamp>
<contributor>
<username>ValJor</username>
<id>1358</id>
</contributor>
<comment>Acrescentando código de língua à [[:Categoria:!Página com mensagem de erro em predefinição|predefinição escopo]]</comment>
<model>wikitext</model>
<format>text/x-wiki</format>
<text bytes="380" xml:space="preserve">={{-gl-}}=
==Substantivo==
{{flex.gl|ms=jabardilho|mp=jabardilhos}}
{{paroxítona|ja|bar|di|lho|lang=gl}}, {{gramática|m}}
# [[bicho]] selvagem
# {{escopo|gl|Figurado}} criança [[buliçoso|buliçosa]]
==={{-varort-}}===
* [[jagardilho#{{gl}}|jagardilho]]
=={{etimologia|gl}}==
: Confronte-se com o [[galego]] ''[[jabardo#{{gl}}|jabardo]]''.
[[Categoria:Substantivo (Galego)]]</text>
<sha1>9xuz8qkkhkxj4srxldvoly6vmee7x2n</sha1>
</revision>
</page>
