<page>
<title>jabali</title>
<ns>0</ns>
<id>5409</id>
<revision>
<id>2364445</id>
<parentid>2256119</parentid>
<timestamp>2017-05-03T15:31:03Z</timestamp>
<contributor>
<username>HydrizBot</username>
<id>29590</id>
</contributor>
<minor />
<comment>Robô: A limpar links interwikis antigos</comment>
<model>wikitext</model>
<format>text/x-wiki</format>
<text bytes="143" xml:space="preserve">={{-mwl-}}=
==Substantivo==
'''jabali''', ''masculino''
# [[javali]]
[[Categoria:Substantivo (Mirandês)]]
[[Categoria:Mamífero (Mirandês)]]</text>
<sha1>ob44tcbkv9kcoxjzhqhoiwz77x03fj5</sha1>
</revision>
</page>
