<page>
<page>
<title>jabeca</title>
<ns>0</ns>
<id>434247</id>
<revision>
<id>2635697</id>
<parentid>2635696</parentid>
<timestamp>2021-05-25T17:25:27Z</timestamp>
<contributor>
<username>Cpls</username>
<id>20608</id>
</contributor>
<comment>/* {{etimologia|gl}} */</comment>
<model>wikitext</model>
<format>text/x-wiki</format>
<text bytes="355" xml:space="preserve">={{-gl-}}=
==Substantivo==
{{flex.gl|fs=jabeca|fp=jabecas}}
{{paroxítona|ja|be|ca|lang=gl}}, {{gramática|f}}
# [[sova]], [[tunda]] dada com pau
=={{etimologia|gl}}==
: Confronte-se com ''[[jaqueta#{{gl}}|jaqueta]]'', com a gíria ''[[xabeca#{{gl}}|xabeca]]'' e com [[xaveco]].
==Ligações externas==
* {{Estraviz}}
[[Categoria:Substantivo (Galego)]]</text>
<sha1>4ktng68f275oz294hlk436cxdndbccz</sha1>
</revision>
