<page>
<page>
<title>jabiraca</title>
<ns>0</ns>
<id>435188</id>
<revision>
<id>2639372</id>
<timestamp>2021-06-22T10:15:47Z</timestamp>
<contributor>
<username>ValJor</username>
<id>1358</id>
</contributor>
<comment>Eliminando [[tomar na jabiraca]] da lista de [[Especial:Lonelypages|órfãos]]</comment>
<model>wikitext</model>
<format>text/x-wiki</format>
<text bytes="354" xml:space="preserve">={{-pt-}}=
==Substantivo==
{{flex.pt|fs=jabiraca|fp=jabiracas}}
{{paroxítona|ja|bi|ra|ca}}, {{gramática|f}}
# [[mulher]] [[feio|feia]]
# [[roupa]] [[velho|velha]]
# [[ânus]]
===Expressões===
* '''[[tomar na jabiraca]]'''
==Ligações externas==
* {{Aulete}}
* {{Michaelis}}
* {{DPLP}}
* {{PLP}}
* {{VOLPABL}}
[[Categoria:Substantivo (Português)]]</text>
<sha1>7tpl2bzwy2ekprm0jb0qmchl3syrqjk</sha1>
</revision>
