<page>
<title>jablko</title>
<ns>0</ns>
<id>97218</id>
<revision>
<id>2467757</id>
<parentid>2364447</parentid>
<timestamp>2017-12-07T06:59:39Z</timestamp>
<contributor>
<username>Spanier</username>
<id>43713</id>
</contributor>
<comment>códigos, estilo</comment>
<model>wikitext</model>
<format>text/x-wiki</format>
<text bytes="2027" xml:space="preserve">{{ver também|jabłko}}
[[Imagem:Apples.jpg|thumb|160px|'''Jablko''']]
={{-cs-}}=
==Substantivo==
{{proparoxítona|ja|bl|ko|lang=cs}}, {{gramática|n|lang=cs}}
# {{escopo|cs|fruta}} [[maçã]], [[fruto]] da [[macieira]] ([[wikispecies:Malus|''Malus'' spp.]])
# {{tradex|cs|Koupil jsem dvě '''jablek'''.|Comprei duas maçãs.}}
# {{escopo|cs|cristianismo}} [[globo imperial]], [[globo crucífero]], [[símbolo]] [[cristão]] de [[autoridade]] na [[Idade Média]]:
#* ''Mezi korunovační klenoty patří koruna, '''jablko''' a žezlo.'' &lt;small&gt;(Entre as joias da coroa, temos a coroa, o globo crucífero e o cetro.)&lt;/small&gt;
===Declinação===
{{decl.cs.subst.neu.1|jablk|gp=jablek|ls=jablku|lp=jablkách&lt;br/&gt;jablcích}}
===Expressões===
* [[jablko nepadá daleko od stromu]] {{escopo2|provérbio}}: Filho de peixe, peixinho é.
* [[královské jablko]]: globo crucífero, globo imperial, símbolo cristão de autoridade na Idade Média, composto de um globo com uma cruz no topo
===Sinónimos===
* De '''1''': {{escopo2|coloquial}} {{link opcional|jabko|cs}}
* De '''2''': {{link opcional|královské jablko|cs}}
===Verbetes derivados===
{{verTambém.Ini}}
* {{link opcional|jablečný|cs}}
* {{link opcional|jablíčko|cs}} (''[[diminutivo]]'')
{{verTambém.NovaColuna}}
* {{link opcional|jablkový|cs}}
* [[jabloň]]
{{verTambém.Fim}}
=={{etimologia|cs}}==
: Do [[eslavo comum]] ''[[jabolko]]''.
=={{pronúncia|cs}}==
* [[AFI]]: {{AFI|/ˈjabl̩kɔ/|cs}} {{audio|Cs-jablko.ogg|ouvir|lang=cs}}
[[Categoria:Substantivo (Checo)]]
[[Categoria:Entrada com imagem (Checo)]]
={{-sk-}}=
==Substantivo==
{{proparoxítona|ja|bl|ko|lang=sk}}, {{gramática|n|lang=sk}}
# {{escopo|sk|fruta}} [[maçã]], [[fruto]] da [[macieira]] ([[wikispecies:Malus|''Malus'' spp.]])
===Declinação===
{{decl.sk.subst.neu.1|jablk|jabĺk}}
=={{etimologia|sk}}==
:Do [[eslavo comum]] ''[[jabolko]]''.
=={{pronúncia|sk}}==
* [[AFI]]: {{AFI|/ˈjabl̩kɔ/|sk}}
[[Categoria:Substantivo (Eslovaco)]]
[[Categoria:Entrada com imagem (Eslovaco)]]</text>
<sha1>r4bhrmey5mx9td1k8mryp2jwmxogslc</sha1>
</revision>
</page>
