<page>
<page>
<title>jabota</title>
<ns>0</ns>
<id>360225</id>
<revision>
<id>2364450</id>
<parentid>2204469</parentid>
<timestamp>2017-05-03T15:31:27Z</timestamp>
<contributor>
<username>HydrizBot</username>
<id>29590</id>
</contributor>
<minor />
<comment>Robô: A limpar links interwikis antigos</comment>
<model>wikitext</model>
<format>text/x-wiki</format>
<text bytes="158" xml:space="preserve">={{-pt-}}=
==Forma de substantivo==
{{paroxítona|ja|bo|ta}}
# feminino de [[jaboti]]
{{avi-for-fle|jaboti}}
[[Categoria:Forma de substantivo (Português)]]</text>
<sha1>i69l0sdxa34y23k0qkinzwc0kups7wz</sha1>
</revision>
