<page>
<title>jabotis</title>
<ns>0</ns>
<id>360224</id>
<revision>
<id>2204465</id>
<parentid>2143661</parentid>
<timestamp>2016-12-01T07:55:20Z</timestamp>
<contributor>
<username>UT-interwiki-Bot</username>
<id>56129</id>
</contributor>
<minor />
<comment>Robô: A remover: [[en:jabotis]]</comment>
<model>wikitext</model>
<format>text/x-wiki</format>
<text bytes="132" xml:space="preserve">={{-pt-}}=
==Forma de substantivo==
'''jabotis''' {{p}}
#plural de '''[[jaboti]]'''
[[Categoria:Forma de substantivo (Português)]]</text>
<sha1>qk9ap3ky0ht94pey5jjhhb4x7cq4q0n</sha1>
</revision>
</page>
