<page>
<title>Jaboticatubas</title>
<ns>0</ns>
<id>141095</id>
<revision>
<id>2271521</id>
<parentid>2109535</parentid>
<timestamp>2017-04-26T19:33:08Z</timestamp>
<contributor>
<username>HydrizBot</username>
<id>29590</id>
</contributor>
<minor />
<comment>Robô: A limpar links interwikis antigos</comment>
<model>wikitext</model>
<format>text/x-wiki</format>
<text bytes="268" xml:space="preserve">={{-pt-}}=
{{Wikipédia}}
==Substantivo==
'''Jaboticatubas''' {{pr}}
#[[município]] [[brasileiro]] do [[estado]] de [[Minas Gerais]]
==Ver também==
*[[Apêndice:Municípios do estado de Minas Gerais]]
[[Categoria:Município do estado de Minas Gerais (Português)]]</text>
<sha1>cp7u03aqv1mgl0uvto2vy3uelr7ll6i</sha1>
</revision>
</page>
