<page>
<title>jaboticabeiras</title>
<ns>0</ns>
<id>393440</id>
<revision>
<id>2487852</id>
<parentid>2487851</parentid>
<timestamp>2018-03-05T07:52:27Z</timestamp>
<contributor>
<username>MIL973</username>
<id>41339</id>
</contributor>
<model>wikitext</model>
<format>text/x-wiki</format>
<text bytes="200" xml:space="preserve">={{-pt-}}=
==Forma de substantivo==
{{paroxítona|ja|bo|ti|ca|bei|ras}}, {{gramática|fp}}
# plural de [[jaboticabeira]]
{{avi-for-fle|jaboticabeira}}
[[Categoria:Forma de substantivo (Português)]]</text>
<sha1>8wznn9eykqw0ej5bixyy841hasi70yk</sha1>
</revision>
</page>
