<page>
<page>
<title>jaboticabenses</title>
<ns>0</ns>
<id>393476</id>
<revision>
<id>2487994</id>
<parentid>2487993</parentid>
<timestamp>2018-03-06T06:21:58Z</timestamp>
<contributor>
<username>MIL973</username>
<id>41339</id>
</contributor>
<model>wikitext</model>
<format>text/x-wiki</format>
<text bytes="357" xml:space="preserve">={{-pt-}}=
==Forma de adjetivo==
{{paroxítona|ja|bo|ti|ca|ben|ses}}, {{gramática|c2gp}}
# plural de [[jaboticabense]]
==Forma de substantivo==
{{paroxítona|ja|bo|ti|ca|ben|ses}}, {{gramática|c2gp}}
# plural de [[jaboticabense]]
{{avi-for-fle|jaboticabense}}
[[Categoria:Forma de adjetivo (Português)]]
[[Categoria:Forma de substantivo (Português)]]</text>
<sha1>f5a6rsr9pcf12xa3onq984vo75ygk5u</sha1>
</revision>
