<page>
<title>Jaboti</title>
<ns>0</ns>
<id>140088</id>
<revision>
<id>2271518</id>
<parentid>1498643</parentid>
<timestamp>2017-04-26T19:33:03Z</timestamp>
<contributor>
<username>HydrizBot</username>
<id>29590</id>
</contributor>
<minor />
<comment>Robô: A limpar links interwikis antigos</comment>
<model>wikitext</model>
<format>text/x-wiki</format>
<text bytes="270" xml:space="preserve">{{ver também|jaboti}}
={{-pt-}}=
{{Wikipédia}}
==Substantivo==
'''Jaboti''' {{pr}}
#[[município]] [[brasileiro]] do [[estado]] do [[Paraná]]
==Ver também==
*[[Apêndice:Municípios do estado do Paraná]]
[[Categoria:Município do estado do Paraná (Português)]]</text>
<sha1>ouf7wxj7kwzpjtu5z57jf03ubid8o0t</sha1>
</revision>
</page>
