<page>
<page>
<title>Jaboticaba</title>
<ns>0</ns>
<id>143305</id>
<revision>
<id>2690306</id>
<parentid>2487985</parentid>
<timestamp>2022-10-26T04:43:16Z</timestamp>
<contributor>
<username>InternetArchiveBot</username>
<id>81604</id>
</contributor>
<comment>Rescuing 1 sources and tagging 0 as dead.) #IABot (v2.0.9.2</comment>
<model>wikitext</model>
<format>text/x-wiki</format>
<text bytes="641" xml:space="preserve">{{Wikipédia}}
{{ver também|jaboticaba}}
={{-pt-}}=
==Substantivo==
{{paroxítona|Ja|bo|ti|ca|ba}}, {{gramática|pr}}
# {{escopo|pt|Município do estado do Rio Grande do Sul}} [[Apêndice:Gentílicos e topónimos em português/Brasil/Rio Grande do Sul|município brasileiro do estado do Rio Grande do Sul]]
==Ver também==
===No Wikcionário===
{{colunas|2}}
* [[jaboticaba]]
* [[jaboticabense]]
* [[jabuticaba]]
* [[jabuticabense]]
{{colunas/fim}}
==Ligações externas==
* [https://web.archive.org/web/20180119151304/http://www.jaboticaba.rs.gov.br/ Prefeitura de Jaboticaba (Rio Grande do Sul)]
[[Categoria:Substantivo (Português)]]</text>
<sha1>jptbv4z9d8fy8t3kilqfujl6up77xzp</sha1>
</revision>
