<page>
<page>
<title>jaborandienses</title>
<ns>0</ns>
<id>393411</id>
<revision>
<id>2487708</id>
<parentid>2487707</parentid>
<timestamp>2018-03-04T08:50:02Z</timestamp>
<contributor>
<username>MIL973</username>
<id>41339</id>
</contributor>
<model>wikitext</model>
<format>text/x-wiki</format>
<text bytes="357" xml:space="preserve">={{-pt-}}=
==Forma de adjetivo==
{{paroxítona|ja|bo|ran|di|en|ses}}, {{gramática|c2gp}}
# plural de [[jaborandiense]]
==Forma de substantivo==
{{paroxítona|ja|bo|ran|di|en|ses}}, {{gramática|c2gp}}
# plural de [[jaborandiense]]
{{avi-for-fle|jaborandiense}}
[[Categoria:Forma de adjetivo (Português)]]
[[Categoria:Forma de substantivo (Português)]]</text>
<sha1>nvryr1nu4asjoi54dmqsb4wv4vo75du</sha1>
</revision>
