<page>
<title>jabotas</title>
<ns>0</ns>
<id>360226</id>
<revision>
<id>2364451</id>
<parentid>2204468</parentid>
<timestamp>2017-05-03T15:31:28Z</timestamp>
<contributor>
<username>HydrizBot</username>
<id>29590</id>
</contributor>
<minor />
<comment>Robô: A limpar links interwikis antigos</comment>
<model>wikitext</model>
<format>text/x-wiki</format>
<text bytes="205" xml:space="preserve">={{-pt-}}=
==Forma de substantivo==
'''jabotas'''
#feminino plural de '''[[jaboti]]''' (ou feminino de '''[[jabotis]]''', ou [[plural]] de '''[[jabota]]''')
[[Categoria:Forma de substantivo (Português)]]</text>
<sha1>snness3doysvvm02b6ahsq16mmt36eh</sha1>
</revision>
</page>
