<page>
<page>
<title>jaboticabas</title>
<ns>0</ns>
<id>393438</id>
<revision>
<id>2487838</id>
<parentid>2487837</parentid>
<timestamp>2018-03-05T07:41:39Z</timestamp>
<contributor>
<username>MIL973</username>
<id>41339</id>
</contributor>
<model>wikitext</model>
<format>text/x-wiki</format>
<text bytes="190" xml:space="preserve">={{-pt-}}=
==Forma de substantivo==
{{paroxítona|ja|bo|ti|ca|bas}}, {{gramática|fp}}
# plural de [[jaboticaba]]
{{avi-for-fle|jaboticaba}}
[[Categoria:Forma de substantivo (Português)]]</text>
<sha1>d83pe10rjctseyrrl3t5a2lew8pf5ee</sha1>
</revision>
