<page>
<title>Jaborandi</title>
<ns>0</ns>
<id>136512</id>
<revision>
<id>2491782</id>
<parentid>2487705</parentid>
<timestamp>2018-03-29T02:52:14Z</timestamp>
<contributor>
<username>MIL973</username>
<id>41339</id>
</contributor>
<model>wikitext</model>
<format>text/x-wiki</format>
<text bytes="801" xml:space="preserve">{{Wikipédia|Jaborandi (Bahia)}}
{{Wikipédia|Jaborandi (São Paulo)}}
{{ver também|jaborandi}}
={{-pt-}}=
==Substantivo==
{{oxítona|Ja|bo|ran|di}}, {{gramática|pr}}
# {{escopo|pt|Município do estado da Bahia}} [[Apêndice:Gentílicos e topónimos em português/Brasil/Bahia|município brasileiro do estado da Bahia]]
# {{escopo|pt|Município do estado de São Paulo}} [[Apêndice:Gentílicos e topónimos em português/Brasil/São Paulo|município brasileiro do estado de São Paulo]]
==Ver também==
===No Wikcionário===
{{colunas|2}}
* [[jaborandi]]
* [[jaborandiense]]
{{colunas/fim}}
==Ligações externas==
* [http://www.jaborandi.ba.gov.br/ Prefeitura de Jaborandi (Bahia)]
* [http://www.jaborandi.sp.gov.br/ Prefeitura de Jaborandi (São Paulo)]
[[Categoria:Substantivo (Português)]]</text>
<sha1>r8d3f7vo74ym56492hec8dovpqkxiy3</sha1>
</revision>
</page>
