<page>
<title>jaboti</title>
<ns>0</ns>
<id>360223</id>
<revision>
<id>2204467</id>
<parentid>2143671</parentid>
<timestamp>2016-12-01T07:55:41Z</timestamp>
<contributor>
<username>UT-interwiki-Bot</username>
<id>56129</id>
</contributor>
<minor />
<comment>Robô: A remover: [[en:jaboti]], [[mg:jaboti]]</comment>
<model>wikitext</model>
<format>text/x-wiki</format>
<text bytes="375" xml:space="preserve">{{Wikipédia|lang=pt}}
={{-pt-}}=
==Substantivo==
{{oxítona|ja|bo|ti}} {{m}} {{p|jabotis}}
{{flex.pt|ms=jaboti|mp=jabotis|fs=jabota|fp=jabotas}}
#designação popular das [[tartaruga]]s exclusivamente terrestres, típicas do Brasil, da ordem dos quelônios
===Tradução===
{{tradini}}
*{{trad|en|tortoise}}
{{tradmeio}}
{{tradfim}}
[[Categoria:Substantivo (Português)]]</text>
<sha1>dgxnhba111swuwscjlrl83jnl5w590g</sha1>
</revision>
</page>
