<page>
<title>Jaboticabal</title>
<ns>0</ns>
<id>136513</id>
<revision>
<id>2487799</id>
<parentid>2487798</parentid>
<timestamp>2018-03-05T07:00:33Z</timestamp>
<contributor>
<username>MIL973</username>
<id>41339</id>
</contributor>
<model>wikitext</model>
<format>text/x-wiki</format>
<text bytes="577" xml:space="preserve">{{Wikipédia}}
{{ver também|jaboticabal}}
={{-pt-}}=
==Substantivo==
{{oxítona|Ja|bo|ti|ca|bal}}, {{gramática|pr}}
# {{escopo|pt|Município do estado de São Paulo}} [[Apêndice:Gentílicos e topónimos em português/Brasil/São Paulo|município brasileiro do estado de São Paulo]]
==Ver também==
===No Wikcionário===
{{colunas|2}}
* [[jaboticabal]]
* [[jaboticabalense]]
* [[jabuticabal]]
* [[jabuticabalense]]
{{colunas/fim}}
==Ligações externas==
* [http://www.jaboticabal.sp.gov.br/ Prefeitura de Jaboticabal (São Paulo)]
[[Categoria:Substantivo (Português)]]</text>
<sha1>aumabi1sxk6w68p5uq5qwscfpg12eo7</sha1>
</revision>
</page>
