<page>
<title>jaboticabal</title>
<ns>0</ns>
<id>360227</id>
<revision>
<id>2487814</id>
<parentid>2487812</parentid>
<timestamp>2018-03-05T07:18:05Z</timestamp>
<contributor>
<username>MIL973</username>
<id>41339</id>
</contributor>
<model>wikitext</model>
<format>text/x-wiki</format>
<text bytes="692" xml:space="preserve">{{ver também|Jaboticabal}}
={{-pt-}}=
==Substantivo==
{{flex.pt|ms=jaboticabal|mp=jaboticabais}}
{{oxítona|ja|bo|ti|ca|bal}} {{gramática|m}}
# {{escopo|pt|Botânica|coletivo}} grande quantidade de [[jaboticabeira]]s ou [[jabuticabeira]]s  (''[[species:Myrciaria cauliflora|Myrciaria cauliflora]]'') dispostas próximas entre si
===Sinônimo===
* [[jabuticabal]]
=={{etimologia|pt}}==
: {{escopo|Morfologia}} De [[jaboticaba]] ou [[jabuticaba]] + [[-al]].
==Ver também==
===No Wikcionário===
{{colunas|2}}
* [[jaboticaba]]
* [[jabuticaba]]
{{colunas/fim}}
====Topônimos====
* [[Jaboticabal]]
====Wikisaurus====
* [[Wikisaurus:planta|planta]]
[[Categoria:Substantivo (Português)]]</text>
<sha1>prtoigrw1req1m3br2bws8qxjl2zdh7</sha1>
</revision>
</page>
