<page>
<title>jaboticabense</title>
<ns>0</ns>
<id>393474</id>
<revision>
<id>2491786</id>
<parentid>2487988</parentid>
<timestamp>2018-03-29T02:53:51Z</timestamp>
<contributor>
<username>MIL973</username>
<id>41339</id>
</contributor>
<model>wikitext</model>
<format>text/x-wiki</format>
<text bytes="633" xml:space="preserve">={{-pt-}}=
==Adjetivo==
{{flex.pt|s=jaboticabense|p=jaboticabenses}}
{{paroxítona|ja|bo|ti|ca|ben|se}}, {{gramática|c2g}}
# {{escopo|pt|Gentílico}} de [[Jaboticaba]], cidade gaúcha
===Sinônimo===
* [[jabuticabense]]
==Substantivo==
{{flex.pt|s=jaboticabense|p=jaboticabenses}}
{{paroxítona|ja|bo|ti|ca|ben|se}}, {{gramática|c2g}}
# {{escopo|pt|Gentílico}} natural de Jaboticaba ou seu habitante
===Sinônimo===
* [[jabuticabense]]
=={{etimologia|pt}}==
: {{escopo|Morfologia}} De [[Jaboticaba]] + [[-ense]].
==Ligações externas==
* {{Aulete}}
[[Categoria:Adjetivo (Português)]]
[[Categoria:Substantivo (Português)]]</text>
<sha1>0ir9lofszts88q3nctkuf6bxjb7iomb</sha1>
</revision>
</page>
