<page>
<page>
<title>Jaborá</title>
<ns>0</ns>
<id>143856</id>
<revision>
<id>2271517</id>
<parentid>2109538</parentid>
<timestamp>2017-04-26T19:33:01Z</timestamp>
<contributor>
<username>HydrizBot</username>
<id>29590</id>
</contributor>
<minor />
<comment>Robô: A limpar links interwikis antigos</comment>
<model>wikitext</model>
<format>text/x-wiki</format>
<text bytes="268" xml:space="preserve">={{-pt-}}=
{{Wikipédia}}
==Substantivo==
'''Jaborá''' {{pr}}
#[[município]] [[brasileiro]] do [[estado]] de [[Santa Catarina]]
==Ver também==
*[[Apêndice:Municípios do estado de Santa Catarina]]
[[Categoria:Município do estado de Santa Catarina (Português)]]</text>
<sha1>h341re5ffvge8ies08wflb3dhqxq2rz</sha1>
</revision>
