<page>
<title>jabuticabalenses</title>
<ns>0</ns>
<id>393433</id>
<revision>
<id>2487811</id>
<parentid>2487810</parentid>
<timestamp>2018-03-05T07:07:45Z</timestamp>
<contributor>
<username>MIL973</username>
<id>41339</id>
</contributor>
<model>wikitext</model>
<format>text/x-wiki</format>
<text bytes="369" xml:space="preserve">={{-pt-}}=
==Forma de adjetivo==
{{paroxítona|ja|bu|ti|ca|ba|len|ses}}, {{gramática|c2gp}}
# plural de [[jabuticabalense]]
==Forma de substantivo==
{{paroxítona|ja|bu|ti|ca|ba|len|ses}}, {{gramática|c2gp}}
# plural de [[jabuticabalense]]
{{avi-for-fle|jabuticabalense}}
[[Categoria:Forma de adjetivo (Português)]]
[[Categoria:Forma de substantivo (Português)]]</text>
<sha1>n5snyfy46ghdqzhovi9c1fedenfak6d</sha1>
</revision>
</page>
