<page>
<title>jabuticabas</title>
<ns>0</ns>
<id>393437</id>
<revision>
<id>2487835</id>
<parentid>2487834</parentid>
<timestamp>2018-03-05T07:40:15Z</timestamp>
<contributor>
<username>MIL973</username>
<id>41339</id>
</contributor>
<model>wikitext</model>
<format>text/x-wiki</format>
<text bytes="190" xml:space="preserve">={{-pt-}}=
==Forma de substantivo==
{{paroxítona|ja|bu|ti|ca|bas}}, {{gramática|fp}}
# plural de [[jabuticaba]]
{{avi-for-fle|jabuticaba}}
[[Categoria:Forma de substantivo (Português)]]</text>
<sha1>pnpiq9c80r1arevb51wyjkpfc5g2lk9</sha1>
</revision>
</page>
