<page>
<title>jabuticabalense</title>
<ns>0</ns>
<id>393431</id>
<revision>
<id>2491785</id>
<parentid>2487805</parentid>
<timestamp>2018-03-29T02:53:10Z</timestamp>
<contributor>
<username>MIL973</username>
<id>41339</id>
</contributor>
<model>wikitext</model>
<format>text/x-wiki</format>
<text bytes="656" xml:space="preserve">={{-pt-}}=
==Adjetivo==
{{flex.pt|s=jabuticabalense|p=jabuticabalenses}}
{{paroxítona|ja|bu|ti|ca|ba|len|se}}, {{gramática|c2g}}
# {{escopo|pt|Gentílico}} de [[Jaboticabal]], cidade paulista
===Sinônimo===
* [[jaboticabalense]]
==Substantivo==
{{flex.pt|s=jabuticabalense|p=jabuticabalenses}}
{{paroxítona|ja|bu|ti|ca|ba|len|se}}, {{gramática|c2g}}
# {{escopo|pt|Gentílico}} natural de Jaboticabal ou seu habitante
===Sinônimo===
* [[jaboticabalense]]
=={{etimologia|pt}}==
: {{escopo|Morfologia}} De [[Jaboticabal]] + [[-ense]].
==Ligações externas==
* {{VOLPABL}}
[[Categoria:Adjetivo (Português)]]
[[Categoria:Substantivo (Português)]]</text>
<sha1>4g8z8zmclzx5tj98comqq9u1byp43v4</sha1>
</revision>
</page>
