<page>
<title>jabuticaba</title>
<ns>0</ns>
<id>1895</id>
<revision>
<id>2653252</id>
<parentid>2590566</parentid>
<timestamp>2021-11-25T08:44:09Z</timestamp>
<contributor>
<username>ValJor</username>
<id>1358</id>
</contributor>
<comment>Trocando a tag center pela predefinição centro para corrigir problema de lint</comment>
<model>wikitext</model>
<format>text/x-wiki</format>
<text bytes="1764" xml:space="preserve">{{Wikipédia|lang=pt}}
[[Imagem:Myrciaria cauliflora2.jpg|thumb|right|250px|{{centro|Myrciaria cauliflora}}]]
={{-pt-}}=
==Substantivo==
{{flex.pt|fs=jabuticaba|fp=jabuticabas}}
{{paroxítona|ja|bu|ti|ca|ba}}, {{gramática|f}}
# {{escopo|pt|Botânica|fruta}} [[fruto]] de [[coloração]] [[exterior]] [[negro|negra]], que se obtém da [[jaboticabeira]] ou da [[jabuticabeira]]
#* ''A Aldeia Rio Silveira, em Boraceia (SP), tema do primeiro vídeo, tem desde frutas como '''jabuticaba''' e pitanga até palmito assado com mel.'' {{OESP|2014|fevereiro|20}}
# {{escopo|pt|Brasil|figurado}} mulher que tem a [[cor]] da [[pele]] [[escuro|escura]]
# {{escopo|pt|Brasil|figurado}} algo problemático criado no contexto da, e circunspecto à, sociedade brasileira
#* ''O formato mais comum de conselho não chega a ser uma '''jabuticaba''', mas é bastante peculiar.'' (Revista Veja, por: Daniel Jelin 22/06/2014, título: Maus conselhos por toda parte)
===Sinônimo===
* [[jaboticaba]]
===Tradução===
{{tradini}}
* {{trad|es|guapurú|jaboticaba}}
* {{trad|fr|guapuru|jaboticaba}}
{{tradmeio}}
* {{trad|en|Brazilian berry}}
{{tradfim}}
=={{etimologia|pt}}==
: Das palavras do {{etm|tu|pt}}: ''[[jaboti#{{tu}}|jaboti]]'' ([[cágado]]) + ''[[guaba#{{tu}}|guaba]]'' ([[alimento]]). Literalmente, o alimento dos jabutis.
=={{pronúncia|pt}}==
===Brasil===
====Carioca====
* AFI: /ʒa.ˌbu.ʧi.ˈka.bɐ/ {{ouvir|pt-br-jabuticaba.ogg}}
* X-SAMPA: /Za.%bu.tSi.&quot;ka.b6/
==Ver também==
===No Wikcionário===
{{colunas|2}}
* [[jaboti]]
* [[jaboticabal]]
* [[jabuti]]
* [[jabuticabal]]
{{colunas/fim}}
====Topônimos====
* [[Jaboticaba]]
====Wikisaurus====
* [[Wikisaurus:planta|planta]]
[[Categoria:Substantivo (Português)]]
[[Categoria:Entrada com imagem (Português)]]</text>
<sha1>23yw0q6jh8mcen23nm2c3arf68c9uzd</sha1>
</revision>
</page>
