<page>
<page>
<title>jabuticabais</title>
<ns>0</ns>
<id>393436</id>
<revision>
<id>2487822</id>
<parentid>2487821</parentid>
<timestamp>2018-03-05T07:22:09Z</timestamp>
<contributor>
<username>MIL973</username>
<id>41339</id>
</contributor>
<model>wikitext</model>
<format>text/x-wiki</format>
<text bytes="190" xml:space="preserve">={{-pt-}}=
==Forma de substantivo==
{{oxítona|ja|bu|ti|ca|bais}}, {{gramática|mp}}
# plural de [[jabuticabal]]
{{avi-for-fle|jabuticabal}}
[[Categoria:Forma de substantivo (Português)]]</text>
<sha1>r6zy67lqvez0pdh2pedo0l05xs1jhm5</sha1>
</revision>
