<page>
<page>
<title>jabuka</title>
<ns>0</ns>
<id>97214</id>
<revision>
<id>2364453</id>
<parentid>2235510</parentid>
<timestamp>2017-05-03T15:31:38Z</timestamp>
<contributor>
<username>HydrizBot</username>
<id>29590</id>
</contributor>
<minor />
<comment>Robô: A limpar links interwikis antigos</comment>
<model>wikitext</model>
<format>text/x-wiki</format>
<text bytes="472" xml:space="preserve">{{Wikipédia|lang=bs}}
{{Wikipédia|lang=hr}}
={{-bs-}}=
==Substantivo==
'''ja.bu.ka'''
# [[maçã]]
[[categoria:Substantivo (Bósnio)]]
[[Categoria:Fruta (Bósnio)]]
={{-hr-}}=
==Substantivo==
'''ja.bu.ka'''
# [[maçã]]
==Ver também==
===No Wikcionário===
{{verTambém.Ini}}
* [[ananas]]
* [[artičoka]]
* [[banana]]
{{verTambém.NovaColuna}}
* [[jagoda]]
* [[jaje]]
* [[jogurt]]
{{verTambém.Fim}}
[[categoria:Substantivo (Croata)]]
[[Categoria:Fruta (Croata)]]</text>
<sha1>5rxwrm0oh42gx9grv24w0e1tfnbum48</sha1>
</revision>
