<page>
<page>
<title>jabuticabense</title>
<ns>0</ns>
<id>393475</id>
<revision>
<id>2491787</id>
<parentid>2487991</parentid>
<timestamp>2018-03-29T02:54:08Z</timestamp>
<contributor>
<username>MIL973</username>
<id>41339</id>
</contributor>
<model>wikitext</model>
<format>text/x-wiki</format>
<text bytes="633" xml:space="preserve">={{-pt-}}=
==Adjetivo==
{{flex.pt|s=jabuticabense|p=jabuticabenses}}
{{paroxítona|ja|bu|ti|ca|ben|se}}, {{gramática|c2g}}
# {{escopo|pt|Gentílico}} de [[Jaboticaba]], cidade gaúcha
===Sinônimo===
* [[jaboticabense]]
==Substantivo==
{{flex.pt|s=jabuticabense|p=jabuticabenses}}
{{paroxítona|ja|bu|ti|ca|ben|se}}, {{gramática|c2g}}
# {{escopo|pt|Gentílico}} natural de Jaboticaba ou seu habitante
===Sinônimo===
* [[jaboticabense]]
=={{etimologia|pt}}==
: {{escopo|Morfologia}} De [[Jaboticaba]] + [[-ense]].
==Ligações externas==
* {{Aulete}}
[[Categoria:Adjetivo (Português)]]
[[Categoria:Substantivo (Português)]]</text>
<sha1>o6ybkdhg7au37w2qyfmte8ylxupwn1v</sha1>
</revision>
