<page>
<title>jabuticabenses</title>
<ns>0</ns>
<id>393477</id>
<revision>
<id>2487997</id>
<parentid>2487996</parentid>
<timestamp>2018-03-06T06:23:15Z</timestamp>
<contributor>
<username>MIL973</username>
<id>41339</id>
</contributor>
<model>wikitext</model>
<format>text/x-wiki</format>
<text bytes="357" xml:space="preserve">={{-pt-}}=
==Forma de adjetivo==
{{paroxítona|ja|bu|ti|ca|ben|ses}}, {{gramática|c2gp}}
# plural de [[jabuticabense]]
==Forma de substantivo==
{{paroxítona|ja|bu|ti|ca|ben|ses}}, {{gramática|c2gp}}
# plural de [[jabuticabense]]
{{avi-for-fle|jabuticabense}}
[[Categoria:Forma de adjetivo (Português)]]
[[Categoria:Forma de substantivo (Português)]]</text>
<sha1>d2x1vl8dvgjkw7m9cem1c79d8rftho4</sha1>
</revision>
</page>
