<page>
<page>
<title>jabá</title>
<ns>0</ns>
<id>120395</id>
<revision>
<id>2364458</id>
<parentid>2127934</parentid>
<timestamp>2017-05-03T15:31:47Z</timestamp>
<contributor>
<username>HydrizBot</username>
<id>29590</id>
</contributor>
<minor />
<comment>Robô: A limpar links interwikis antigos</comment>
<model>wikitext</model>
<format>text/x-wiki</format>
<text bytes="536" xml:space="preserve">{{Wikipédia}}
={{-pt-}}=
==Substantivo==
{{flex.pt|ms=jabá|mp=jabás}}
{{oxítona|ja|bá}}, {{gramática|m}}
# [[carne]] [[curtido|curtida]] com muito [[sal]] e seca ao [[sol]], que é uma forma de conservá-la por muito tempo
# [[exposição]] na [[mídia]] em [[troca]] de [[dinheiro]]
# {{escopo|Gíria}} [[suborno]]
===Sinônimo===
* De '''2''' (exposição na mídia em troca de dinheiro): [[jabaculê]]
=={{etimologia|pt}}==
: Do tupi ''yabá''.
[[Categoria:Substantivo (Português)]]
[[Categoria:Alimentação (Português)]]</text>
<sha1>62cdt0okrb00k5q130qitbpjupjxnub</sha1>
</revision>
