<page>
<page>
<title>jacareiense</title>
<ns>0</ns>
<id>393428</id>
<revision>
<id>2491788</id>
<parentid>2487793</parentid>
<timestamp>2018-03-29T02:54:50Z</timestamp>
<contributor>
<username>MIL973</username>
<id>41339</id>
</contributor>
<model>wikitext</model>
<format>text/x-wiki</format>
<text bytes="542" xml:space="preserve">={{-pt-}}=
==Adjetivo==
{{flex.pt|s=jacareiense|p=jacareienses}}
{{paroxítona|ja|ca|re|i|en|se}}, {{gramática|c2g}}
# {{escopo|pt|Gentílico}} de [[Jacareí]], cidade paulista
==Substantivo==
{{flex.pt|s=jacareiense|p=jacareienses}}
{{paroxítona|ja|ca|re|i|en|se}}, {{gramática|c2g}}
# {{escopo|pt|Gentílico}} natural de Jacareí ou seu habitante
=={{etimologia|pt}}==
: {{escopo|Morfologia}} De [[Jacareí]] + [[-ense]].
==Ligações externas==
* {{Aulete}}
[[Categoria:Adjetivo (Português)]]
[[Categoria:Substantivo (Português)]]</text>
<sha1>h6fdzfahatl37nsy8btv0umsywgo6cc</sha1>
</revision>
