<page>
<title>Jacaraci</title>
<ns>0</ns>
<id>137594</id>
<revision>
<id>2271522</id>
<parentid>2109534</parentid>
<timestamp>2017-04-26T19:33:10Z</timestamp>
<contributor>
<username>HydrizBot</username>
<id>29590</id>
</contributor>
<minor />
<comment>Robô: A limpar links interwikis antigos</comment>
<model>wikitext</model>
<format>text/x-wiki</format>
<text bytes="242" xml:space="preserve">={{-pt-}}=
{{Wikipédia}}
==Substantivo==
'''Jacaraci''' {{pr}}
#[[município]] [[brasileiro]] do [[estado]] da [[Bahia]]
==Ver também==
*[[Apêndice:Municípios do estado da Bahia]]
[[Categoria:Município do estado da Bahia (Português)]]</text>
<sha1>368jewyv0g8jwxe3sfu2et84as1i3rb</sha1>
</revision>
</page>
