<page>
<page>
<title>jacaroa</title>
<ns>0</ns>
<id>386253</id>
<revision>
<id>2463039</id>
<timestamp>2017-11-26T17:26:30Z</timestamp>
<contributor>
<username>Askekamo</username>
<id>60711</id>
</contributor>
<comment>[[Ajuda:Guia de edição/Menus e ferramentas/Sumário de edição|→]] nova página: ={{-pt-}}= ==Forma de substantivo== {{paroxítona|ja|ca|ro|a}}, {{gramática|f}} # feminino de [[jacaré]] e...</comment>
<model>wikitext</model>
<format>text/x-wiki</format>
<text bytes="936" xml:space="preserve">={{-pt-}}=
==Forma de substantivo==
{{paroxítona|ja|ca|ro|a}}, {{gramática|f}}
# feminino de [[jacaré]] e [[jacaréu]]
#: '''2000''', João Ubaldo Ribeiro, ''Miséria e grandeza do amor de Benedita: romance'', Ed. Nova Fronteira, página: 74
#*: ''podia ser da própria mula-sem-cabeça, podia ser uma '''jacaroa''', ele fechava os olhos e ia''
#: '''2001''', Carmo Bernardes, ''Selva: bichos e gente'', Agência Goiana de Cultura Pedro Ludovico Teixeira, página: 53
#*: ''A '''jacaroa''' choca é com os olhos, e fica lá todo o tempo vigiando''
#: '''1985''', Manoel de Barros, Livro de pré-coisas: roteiro para uma excursão poética no Pantanal, Philobiblion, em convênio com o Governo do Estado de Mato Grosso do Sul, Secretaria de Desenvolvimento Social, Fundação de Cultura de Mato Grosso do Sul, página: 42''
#*: ''Ouve de longe a botação de um ovo de '''jacaroa'''.''
[[Categoria:Forma de substantivo (Português)]]</text>
<sha1>dsbqz1hha7dqni9ev3691keplat38ha</sha1>
</revision>
