<page>
<title>jacarezeiro</title>
<ns>0</ns>
<id>437982</id>
<revision>
<id>2650085</id>
<timestamp>2021-10-11T13:49:53Z</timestamp>
<contributor>
<username>Ydiutg</username>
<id>83668</id>
</contributor>
<comment>[[Ajuda:Guia de edição/Menus e ferramentas/Sumário de edição|→]] nova página: ={{-pt-}}= ==Adjetivo== {{paroxítona|ja|ca|re|zei|ro}} # de ou relativo à cidade das Alagoas de nome Jacaré dos Homens  ==Substantivo== {{paroxítona|ja|ca|re|zei|ro}} # habitante ou natural da cidade das Alagoas de nome Jacaré dos Homens  [[Categoria:Adjetivo (Português)]] [[Categoria:Substantivo (Português)]] [[Categoria:Gentílico (Português)]]</comment>
<model>wikitext</model>
<format>text/x-wiki</format>
<text bytes="356" xml:space="preserve">={{-pt-}}=
==Adjetivo==
{{paroxítona|ja|ca|re|zei|ro}}
# de ou relativo à cidade das Alagoas de nome Jacaré dos Homens
==Substantivo==
{{paroxítona|ja|ca|re|zei|ro}}
# habitante ou natural da cidade das Alagoas de nome Jacaré dos Homens
[[Categoria:Adjetivo (Português)]]
[[Categoria:Substantivo (Português)]]
[[Categoria:Gentílico (Português)]]</text>
<sha1>jit0snmjl3fex6mp8r2v2agwt8m030u</sha1>
</revision>
</page>
