<page>
<page>
<title>jacarandá</title>
<ns>0</ns>
<id>6519</id>
<revision>
<id>2364462</id>
<parentid>1997982</parentid>
<timestamp>2017-05-03T15:32:08Z</timestamp>
<contributor>
<username>HydrizBot</username>
<id>29590</id>
</contributor>
<minor />
<comment>Robô: A limpar links interwikis antigos</comment>
<model>wikitext</model>
<format>text/x-wiki</format>
<text bytes="1519" xml:space="preserve">{{Wikipédia}}
={{-pt-}}=
==Substantivo==
{{flex.pt|ms=jacarandá|mp=jacarandás}}
{{oxítona|ja|ca|ran|dá}}, {{m}}
# {{escopo|Brasil}} [[árvore]] da família das Bignoniáceas fornecedora da madeira pau-santo
#* ''A vetusta biblioteca, com mobiliário clássico em '''jacarandá''', ainda tem um exemplar de Os Lusíadas, clássico de Luís Vaz de Camões, de 1572, e um manuscrito de D. Pedro I para a amante, Marquesa de Santos, datado de 1831.'' {{OESP|2008|julho|21}}
# {{escopo|Figurado}} preto (homem)
===Tradução===
{{tradini}}
* {{trad|kea|djakrandam}}
{{tradmeio}}
{{tradfim}}
=={{etimologia|pt}}==
: Do tupi [[yakara'na]].
==Ver também==
===No Wikcionário===
{{verTambém.Ini}}
* [[jacarandá-antã]]
* [[jacarandá-banana]]
* [[jacarandá-bico-de-pato]]
* [[jacarandá-branco]]
* [[jacarandá-cabiúna]]
* [[jacarandá-caroba]]
* [[jacarandá-caviúna]]
* [[jacarandá-da-bahia]]
* [[jacarandá-da-serra]]
{{verTambém.NovaColuna}}
* [[jacarandá-de-campinas]]
* [[jacarandá-de-espinho]]
* [[jacarandá-de-flor-amarela]]
* [[jacarandá-de-sangue]]
* [[jacarandá-do-campo]]
* [[jacarandá-do-campo-coberto]]
* [[jacarandá-do-litoral]]
* [[jacarandá-do-pará]]
* [[jacarandá-ferro]]
{{verTambém.NovaColuna}}
* [[jacarandá-mimoso]]
* [[jacarandá-pardo]]
* [[jacarandá-paulista]]
* [[jacarandá-paulistano]]
* [[jacarandá-pitanga]]
* [[jacarandá-preto]]
* [[jacarandá-rosa]]
* [[jacarandá-roxo]]
{{verTambém.Fim}}
[[Categoria:Substantivo (Português)]]
[[Categoria:Árvore (Português)]]</text>
<sha1>rqketo6gs68l5vv7yj2l87o0cqm4v3j</sha1>
</revision>
