<page>
<title>Jacareí</title>
<ns>0</ns>
<id>136514</id>
<revision>
<id>2487790</id>
<parentid>2487789</parentid>
<timestamp>2018-03-05T06:51:38Z</timestamp>
<contributor>
<username>MIL973</username>
<id>41339</id>
</contributor>
<model>wikitext</model>
<format>text/x-wiki</format>
<text bytes="446" xml:space="preserve">{{Wikipédia}}
={{-pt-}}=
==Substantivo==
{{oxítona|Ja|ca|re|í}}, {{gramática|pr}}
# {{escopo|pt|Município do estado de São Paulo}} [[Apêndice:Gentílicos e topónimos em português/Brasil/São Paulo|município brasileiro do estado de São Paulo]]
==Ver também==
===No Wikcionário===
* [[jacareiense]]
==Ligações externas==
* [http://www.jacarei.sp.gov.br/ Prefeitura de Jacareí (São Paulo)]
[[Categoria:Substantivo (Português)]]</text>
<sha1>guav58finmchhgurkmk6frzd06xdqkq</sha1>
</revision>
</page>
