<page>
<page>
<title>jacer</title>
<ns>0</ns>
<id>403017</id>
<revision>
<id>2526060</id>
<timestamp>2018-11-12T21:53:13Z</timestamp>
<contributor>
<username>VSA</username>
<id>63081</id>
</contributor>
<comment>/*  Galego-Português Medieval */</comment>
<model>wikitext</model>
<format>text/x-wiki</format>
<text bytes="716" xml:space="preserve">={{-roa-gpm-}}=
==Verbo==
{{oxítona|ja|cer}}, {{gramática|trans}} e {{gramática|intrans}}
# [[jazer]]
#*''&quot;E canella vem á mão, Servindo-a como escravo, / Cantando a D'amores '''jaço''', / Quando as torço d'amores dormo.&quot;''  (versos das cantigas de '''[[w:Gil Vicente|Gil Vicente]].''' [https://books.google.com.br/books?id=sTREAAAAcAAJ&amp;pg=PA52&amp;dq=D'amores+ja%C3%A7o+cantiga&amp;hl=pt-BR&amp;sa=X&amp;ved=0ahUKEwipiJqv6M_eAhVEi5AKHUW2C50Q6AEIFDAC#v=onepage&amp;q=D'amores%20ja%C3%A7o%20cantiga&amp;f=false Livro II])
===Etimologia===
: Do [[latim]] ''{{r.l|la|iacere|iacere}}'', infinitivo do verbo ''{{r.l|la|iaceo|iaceō}}''.
==={{-varort-}}===
* {{r.l|roa-gpm|jazer|jazer}}
[[Categoria:Verbo (Galego-Português Medieval)]]</text>
<sha1>17c0anpphs7akd7uyyqf9jhn27onn3v</sha1>
</revision>
