<page>
<title>jachting</title>
<ns>0</ns>
<id>313989</id>
<revision>
<id>2679265</id>
<parentid>2364466</parentid>
<timestamp>2022-06-07T08:44:23Z</timestamp>
<contributor>
<username>ValJor</username>
<id>1358</id>
</contributor>
<comment>Confirmando [[:Categoria:!Entrada criada por robô|verbete criado por robô]]</comment>
<model>wikitext</model>
<format>text/x-wiki</format>
<text bytes="492" xml:space="preserve">{{Wikipédia|lang=cs}}
{{Wikipédia|lang=sk}}
[[Imagem:Olympic pictogram Sailing.png|thumb|right|250px|{{centro|Vela}}]]
={{-cs-}}=
==Substantivo==
'''jachting'''
# [[vela]] (desporto náutico)
[[Categoria:Substantivo (Checo)]]
[[Categoria:Desporto (Checo)]]
[[Categoria:Entrada com imagem (Checo)]]
={{-sk-}}=
==Substantivo==
'''jachting'''
# [[vela]] (desporto náutico)
[[Categoria:Substantivo (Eslovaco)]]
[[Categoria:Desporto (Eslovaco)]]
[[Categoria:Entrada com imagem (Eslovaco)]]</text>
<sha1>me385rc6qsfg2brobbgrhflhjwxxped</sha1>
</revision>
</page>
