<page>
<title>Jaciara</title>
<ns>0</ns>
<id>137214</id>
<revision>
<id>2271529</id>
<parentid>1491186</parentid>
<timestamp>2017-04-26T19:33:21Z</timestamp>
<contributor>
<username>HydrizBot</username>
<id>29590</id>
</contributor>
<minor />
<comment>Robô: A limpar links interwikis antigos</comment>
<model>wikitext</model>
<format>text/x-wiki</format>
<text bytes="337" xml:space="preserve">{{Wikipédia}}
={{-pt-}}=
==Substantivo==
{{paroxítona|Ja|ci|a|ra}}, {{pr}}
# [[município]] [[brasileiro]] do [[estado]] de [[Mato Grosso]]
==Ver também==
===No Wikcionário===
* [[Apêndice:Municípios do estado de Mato Grosso]]
[[Categoria:Substantivo (Português)]]
[[Categoria:Município do estado de Mato Grosso (Português)]]</text>
<sha1>t32gmch16wjh090tg7lmyfunx7a72yt</sha1>
</revision>
</page>
