<page>
<page>
<title>Jacintina</title>
<ns>0</ns>
<id>351222</id>
<revision>
<id>2556702</id>
<parentid>2556695</parentid>
<timestamp>2019-10-10T09:22:43Z</timestamp>
<contributor>
<username>MIL973</username>
<id>41339</id>
</contributor>
<model>wikitext</model>
<format>text/x-wiki</format>
<text bytes="954" xml:space="preserve">{{ver também|jacintina}}
={{-pt-}}=
==Substantivo==
{{flex.pt|fs=Jacintina|fp=Jacintinas}}
{{paroxítona|Ja|cin|ti|na}}, {{gramática|pr|f}}
# {{escopo|pt|Antropônimo}} [[Apêndice:Prenomes em português|prenome]] feminino
===Tradução===
{{tradini}}
* {{trad|es|Jacintina}}
{{tradmeio}}
{{tradfim}}
==Ver também==
===No Wikcionário===
{{colunas|2}}
* [[jacintino]]
* [[jacinto]]
{{colunas/fim}}
====Antropônimos====
{{colunas|3}}
* [[Jacinta]]
* [[Jacintino]]
* [[Jacinto]]
{{colunas/fim}}
[[Categoria:Substantivo (Português)]]
={{-es-}}=
==Substantivo==
{{flex.es|fs=Jacintina|fp=Jacintinas}}
{{paroxítona|Ja|cin|ti|na|lang=es}}, {{gramática|pr|f|lang=es}}
# {{escopo|es|Antropônimo}} [[Jacintina#{{pt}}|Jacintina]]
==Ver também==
===No Wikcionário===
====Antropônimos====
{{colunas|3}}
* [[Jacinta#{{es}}|Jacinta]]
* [[Jacintino#{{es}}|Jacintino]]
* [[Jacinto#{{es}}|Jacinto]]
{{colunas/fim}}
[[Categoria:Substantivo (Espanhol)]]</text>
<sha1>fc6m0no3a0cvo2mijiwjl2ysu68ogp5</sha1>
</revision>
