<page>
<page>
<title>Jacinta</title>
<ns>0</ns>
<id>350891</id>
<revision>
<id>2556703</id>
<parentid>2556692</parentid>
<timestamp>2019-10-10T09:24:34Z</timestamp>
<contributor>
<username>MIL973</username>
<id>41339</id>
</contributor>
<model>wikitext</model>
<format>text/x-wiki</format>
<text bytes="913" xml:space="preserve">={{-pt-}}=
==Substantivo==
{{flex.pt|fs=Jacinta|fp=Jacintas}}
{{paroxítona|Ja|cin|ta}}, {{gramática|pr|f}}
# {{escopo|pt|Antropônimo}} [[Apêndice:Prenomes em português|prenome]] feminino
===Tradução===
{{tradini}}
* {{trad|es|Jacinta}}
{{tradmeio}}
{{tradfim}}
==Ver também==
===No Wikcionário===
{{colunas|2}}
* [[jacintino]]
* [[jacinto]]
{{colunas/fim}}
====Antropônimos====
{{colunas|3}}
* [[Jacintina]]
* [[Jacintino]]
* [[Jacinto]]
{{colunas/fim}}
[[Categoria:Substantivo (Português)]]
={{-es-}}=
==Substantivo==
{{flex.es|fs=Jacinta|fp=Jacintas}}
{{paroxítona|Ja|cin|ta|lang=es}}, {{gramática|pr|f|lang=es}}
# {{escopo|es|Antropônimo}} [[Jacinta#{{pt}}|Jacinta]]
==Ver também==
===No Wikcionário===
====Antropônimos====
{{colunas|3}}
* [[Jacintina#{{es}}|Jacintina]]
* [[Jacintino#{{es}}|Jacintino]]
* [[Jacinto#{{es}}|Jacinto]]
{{colunas/fim}}
[[Categoria:Substantivo (Espanhol)]]</text>
<sha1>hgqmtr09m7bzfwf1ax2vduj4f2ta6sx</sha1>
</revision>
