<page>
<page>
<title>Jacintino</title>
<ns>0</ns>
<id>351223</id>
<revision>
<id>2556700</id>
<parentid>2556696</parentid>
<timestamp>2019-10-10T09:20:39Z</timestamp>
<contributor>
<username>MIL973</username>
<id>41339</id>
</contributor>
<model>wikitext</model>
<format>text/x-wiki</format>
<text bytes="955" xml:space="preserve">{{ver também|jacintino}}
={{-pt-}}=
==Substantivo==
{{flex.pt|ms=Jacintino|mp=Jacintinos}}
{{paroxítona|Ja|cin|ti|no}}, {{gramática|pr|m}}
# {{escopo|pt|Antropônimo}} [[Apêndice:Prenomes em português|prenome]] masculino
===Tradução===
{{tradini}}
* {{trad|es|Jacintino}}
{{tradmeio}}
{{tradfim}}
==Ver também==
===No Wikcionário===
{{colunas|2}}
* [[jacintino]]
* [[jacinto]]
{{colunas/fim}}
====Antropônimos====
{{colunas|3}}
* [[Jacinta]]
* [[Jacintina]]
* [[Jacinto]]
{{colunas/fim}}
[[Categoria:Substantivo (Português)]]
={{-es-}}=
==Substantivo==
{{flex.es|ms=Jacintino|mp=Jacintinos}}
{{paroxítona|Ja|cin|ti|no|lang=es}}, {{gramática|pr|m|lang=es}}
# {{escopo|es|Antropônimo}} [[Jacintino#{{pt}}|Jacintino]]
==Ver também==
===No Wikcionário===
====Antropônimos====
{{colunas|3}}
* [[Jacinta#{{es}}|Jacinta]]
* [[Jacintina#{{es}}|Jacintina]]
* [[Jacinto#{{es}}|Jacinto]]
{{colunas/fim}}
[[Categoria:Substantivo (Espanhol)]]</text>
<sha1>qhtu2k5feiy68b46h3z7j2cn4eajdoe</sha1>
</revision>
