<page>
<page>
<title>jacintenses</title>
<ns>0</ns>
<id>353074</id>
<revision>
<id>2252003</id>
<parentid>2072929</parentid>
<timestamp>2017-03-13T06:58:07Z</timestamp>
<contributor>
<username>MIL973</username>
<id>41339</id>
</contributor>
<model>wikitext</model>
<format>text/x-wiki</format>
<text bytes="338" xml:space="preserve">={{-pt-}}=
==Forma de adjetivo==
{{paroxítona|ja|cin|ten|ses}}, {{gramática|c2gp}}
# plural de [[jacintense]]
==Forma de substantivo==
{{paroxítona|ja|cin|ten|ses}}, {{gramática|c2gp}}
# plural de [[jacintense]]
{{avi-for-fle|jacintense}}
[[Categoria:Forma de adjetivo (Português)]]
[[Categoria:Forma de substantivo (Português)]]</text>
<sha1>n81oewcdqfetigj8cfaa19wkn560af6</sha1>
</revision>
