<page>
<title>jaci</title>
<ns>0</ns>
<id>340603</id>
<revision>
<id>2488013</id>
<parentid>2488011</parentid>
<timestamp>2018-03-06T06:37:00Z</timestamp>
<contributor>
<username>MIL973</username>
<id>41339</id>
</contributor>
<model>wikitext</model>
<format>text/x-wiki</format>
<text bytes="333" xml:space="preserve">{{ver também|Jaci}}
={{-pt-}}=
==Substantivo==
{{flex.pt|ms=jaci|mp=jacis}}
{{oxítona|ja|ci}}, {{gramática|m}}
# {{escopo|pt|Árvore|botânica}} espécie de [[palmeira]]
==Ver também==
===No Wikcionário===
====Topônimos====
* [[Jaci]]
====Wikisaurus====
* [[Wikisaurus:planta|planta]]
[[Categoria:Substantivo (Português)]]</text>
<sha1>r7np7ztpa43hwl8hs3dbvmqm5jmvvoj</sha1>
</revision>
</page>
