<page>
<page>
<title>jacintense</title>
<ns>0</ns>
<id>353073</id>
<revision>
<id>2460980</id>
<parentid>2252002</parentid>
<timestamp>2017-11-15T00:49:28Z</timestamp>
<contributor>
<username>MIL973</username>
<id>41339</id>
</contributor>
<model>wikitext</model>
<format>text/x-wiki</format>
<text bytes="525" xml:space="preserve">={{-pt-}}=
==Adjetivo==
{{flex.pt|s=jacintense|p=jacintenses}}
{{paroxítona|ja|cin|ten|se}}, {{gramática|c2g}}
# {{escopo|pt|Gentílico}} de [[Jacinto]], cidade mineira
==Substantivo==
{{flex.pt|s=jacintense|p=jacintenses}}
{{paroxítona|ja|cin|ten|se}}, {{gramática|c2g}}
# {{escopo|pt|Gentílico}} natural de Jacinto ou seu habitante
=={{etimologia|pt}}==
: {{escopo|Morfologia}} [[Jacinto]] + [[-ense]].
==Ligações externas==
* {{Aulete}}
[[Categoria:Adjetivo (Português)]]
[[Categoria:Substantivo (Português)]]</text>
<sha1>05g426uwd91d1p5l4oq4x8lm171ixc1</sha1>
</revision>
