<page>
<title>Jacintos</title>
<ns>0</ns>
<id>350887</id>
<revision>
<id>2251988</id>
<parentid>2062153</parentid>
<timestamp>2017-03-13T06:45:44Z</timestamp>
<contributor>
<username>MIL973</username>
<id>41339</id>
</contributor>
<model>wikitext</model>
<format>text/x-wiki</format>
<text bytes="430" xml:space="preserve">{{ver também|jacintos}}
={{-pt-}}=
==Forma de substantivo==
{{paroxítona|Ja|cin|tos}}, {{gramática|pr|mp}}
# plural de [[Jacinto]]
{{avi-for-fle|Jacinto}}
[[Categoria:Forma de substantivo (Português)]]
={{-es-}}=
==Forma de substantivo==
{{paroxítona|Ja|cin|tos|lang=es}}, {{gramática|pr|mp|lang=es}}
# plural de [[Jacinto#{{es}}|Jacinto]]
{{avi-for-fle|Jacinto|lang=es}}
[[Categoria:Forma de substantivo (Espanhol)]]</text>
<sha1>ikfruhfd17h1wzyk56hcnimae90asnl</sha1>
</revision>
</page>
