<page>
<title>jacinto</title>
<ns>0</ns>
<id>11178</id>
<revision>
<id>2618895</id>
<parentid>2573326</parentid>
<timestamp>2021-02-01T17:12:14Z</timestamp>
<contributor>
<username>MarxavBot</username>
<id>80155</id>
</contributor>
<minor />
<comment>AFI Portugal</comment>
<model>wikitext</model>
<format>text/x-wiki</format>
<text bytes="1996" xml:space="preserve">[[Image:Hyacinthus orientalis0.jpg|150px|right|thumb]]
{{ver também|Jacinto}}
={{-pt-}}=
==Substantivo==
{{flex.pt|ms=jacinto|mp=jacintos}}
{{paroxítona|ja|cin|to}}, {{gramática|m}}
# {{escopo|pt|Flor|planta}} nome vulgar de plantas bulbosas pertencentes ao género ''[[species:Hyacinthus|Hyacinthus]]'' e também pertencentes à família das ''[[species:Liliaceae|Liliáceas]]'' 
# {{escopo|pt|Mineral}} variedade amarelo-avermelhado e castanho-avermelhado do mineral [[zircão]] (silicato natural de zircônio)
===Expressões===
* '''[[Santo Antônio do Jacinto]]''':
=={{etimologia|pt}}==
{{llietimo|la|hyacinthus|pt|ponto=não}}, pelo grego cássico {{etimo|grc|Ὑάκινθος}}.
=={{pronúncia|pt}}==
===Portugal===
* AFI: {{AFI|/ʒɐ.ˈsĩ.tu/}}
==Ver também==
===No Wikcionário===
* [[jacintino]]
====Antropônimos====
{{colunas|2}}
* [[Jacinta]]
* [[Jacintina]]
* [[Jacintino]]
* [[Jacinto]]
{{colunas/fim}}
====Wikisaurus====
{{colunas|2}}
* [[Wikisaurus:flor|flor]]
* [[Wikisaurus:planta|planta]]
{{colunas/fim}}
===Na Wikipédia===
* [[w:Hyacinthus|Hyacinthus]]
[[Categoria:Substantivo (Português)]]
[[Categoria:Entrada com imagem (Português)]]
={{-gl-}}=
==Substantivo==
{{flex.gl|ms=jacinto|mp=jacintos}}
{{paroxítona|ja|cin|to|lang=gl}}, {{gramática|m|lang=gl}}
# {{escopo|gl|Planta}} [[jacinto#{{pt}}|jacinto]], planta do género ''[[species:Hyacinthus|Hyacinthus]]'' e da família ''[[species:Liliaceae|Liliaceae]]''
# {{escopo|gl|Planta}} planta do género ''[[species:Scilla|Scilla]]''; especificamente a ''[[species:Scilla verna|Scilla verna]]''
# {{escopo|gl|Mineral}} [[jacinto#{{pt}}|jacinto]], mineral
===Sinónimo===
* De '''2''': [[escila#{{gl}}|escila]]
===Verbetes derivados===
{{colunas|2}}
* [[jacinto-bravo#{{gl}}|jacinto-bravo]]
* [[pau-jacinto#{{gl}}|pau-jacinto]]
{{colunas/fim}}
=={{etimologia|gl}}==
{{llietimo|la|hyacinthus|gl}}
[[Categoria:Substantivo (Galego)]]
[[Categoria:Entrada com imagem (Galego)]]
[[Categoria:Flor (Galego)]]</text>
<sha1>3u3sy2mu7tt0jg2ul1ihblh6od1a67b</sha1>
</revision>
</page>
