<page>
<page>
<title>Jacinto</title>
<ns>0</ns>
<id>23303</id>
<revision>
<id>2556699</id>
<parentid>2556697</parentid>
<timestamp>2019-10-10T09:19:30Z</timestamp>
<contributor>
<username>MIL973</username>
<id>41339</id>
</contributor>
<model>wikitext</model>
<format>text/x-wiki</format>
<text bytes="2509" xml:space="preserve">{{Wikipédia|Jacinto (Minas Gerais)}}
{{Wikipédia|Jacinto (mitologia)}}
{{ver também|jacinto}}
={{-pt-}}=
==Substantivo==
{{flex.pt|ms=Jacinto|mp=Jacintos}}
{{paroxítona|Ja|cin|to}}, {{gramática|pr|m}}
# {{escopo|pt|Antropônimo}} [[Apêndice:Prenomes em português|prenome]] masculino
# {{escopo|pt|Mitologia}} [[personagem]] da [[mitologia]] [[grega]]
# {{escopo|pt|Município do estado de Minas Gerais}} [[Apêndice:Gentílicos e topónimos em português/Brasil/Minas Gerais|município brasileiro do estado de Minas Gerais]]
===Expressões===
* '''[[Jacinto Machado]]''':
* '''[[Paulo Jacinto]]''':
===Tradução===
{{tradini}}
* {{trad|de|Hyazinth}}
* {{trad|ast|Xacintu}}
* {{trad|br|Hyakinthos}}
* {{trad|ca|Jacint}}
* {{trad|cs|Hyakinthos}}
* {{trad|sl|Hijacint}}
* {{trad|es|Jacinto}}
* {{trad|fr|Hyacinthe}}
* {{trad|gl|Xacinto}}
* {{trad|el|Υάκινθος}} (Yákinthos)
* {{trad|grc|Ὑάκινθος}} (Yákinthos)
{{tradmeio}}
* {{trad|he|יקינתון}} (Yakinton)
* {{trad|io|Hiacinto}}
* {{trad|en|Hyacinth}}
* {{trad|ia|Hyacintho}}
* {{trad|it|Giacinto}}
* {{trad|ja|ヒュアキントス}} (Hyuakintosu)
* {{trad|la|Hyacinthus}}
* {{trad|pl|Hiacynt}}
* {{trad|ru|Гиацинт}} (Giatsint)
* {{trad|sr|Хијакинт|Hijakint}}
{{tradfim}}
=={{etimologia|pt}}==
: Do [[latim]] {{etimo|la|Hyacinthus}}, que veio por sua vez do [[grego antigo]] {{etimo|grc|Ὑάκινθος}} ''(Yákinthos)''.
==Ver também==
===No Wikcionário===
{{colunas|3}}
* [[jacintense]]
* [[jacintino]]
* [[jacinto]]
{{colunas/fim}}
====Antropônimos====
{{colunas|3}}
* [[Jacinta]]
* [[Jacintina]]
* [[Jacintino]]
{{colunas/fim}}
[[Categoria:Substantivo (Português)]]
[[Categoria:Entrada de étimo grego antigo (Português)]]
[[Categoria:Entrada de étimo latino (Português)]]
={{-es-}}=
==Substantivo==
{{flex.es|ms=Jacinto|mp=Jacintos}}
{{paroxítona|Ja|cin|to|lang=es}}, {{gramática|pr|m|lang=es}}
# {{escopo|es|Antropônimo}} [[Jacinto#{{pt}}|Jacinto]]
# {{escopo|es|Mitologia}} [[Jacinto#{{pt}}|Jacinto]]
=={{etimologia|es}}==
: Do [[latim]] {{etimo|la|Hyacinthus}}, que veio por sua vez do [[grego antigo]] {{etimo|grc|Ὑάκινθος}} ''(Yákinthos)''.
==Ver também==
===No Wikcionário===
====Antropônimos====
{{colunas|3}}
* [[Jacinta#{{es}}|Jacinta]]
* [[Jacintina#{{es}}|Jacintina]]
* [[Jacintino#{{es}}|Jacintino]]
{{colunas/fim}}
[[Categoria:Substantivo (Espanhol)]]
[[Categoria:Entrada de étimo grego antigo (Espanhol)]]
[[Categoria:Entrada de étimo latino (Espanhol)]]</text>
<sha1>ge67y2bgy57po9l657jlzdj3kf85v18</sha1>
</revision>
