<page>
<page>
<title>Jacke</title>
<ns>0</ns>
<id>38009</id>
<revision>
<id>2452761</id>
<parentid>2271537</parentid>
<timestamp>2017-09-30T10:23:52Z</timestamp>
<contributor>
<username>Spanier</username>
<id>43713</id>
</contributor>
<comment>suplementos</comment>
<model>wikitext</model>
<format>text/x-wiki</format>
<text bytes="358" xml:space="preserve">={{-de-}}=
==Substantivo==
{{paroxítona|Ja|cke|lang=de}}, {{f}}
# {{escopo|de|vestuário}} [[jaqueta]]
===Declinação===
{{decl.de.subst.fraca.fem|ns=Jacke|np=Jacken}}
=={{etimologia|de}}==
: Do [[francês antigo]] ''jaque''.
=={{pronúncia|de}}==
* [[AFI]]: {{AFI|/ˈjakə/|de}} {{audio|De-Jacke.ogg|ouvir|lang=de}}
[[Categoria:Substantivo_(Alemão)]]</text>
<sha1>quu9mpdlmi2pzgcceqk7cxtndybt30q</sha1>
</revision>
