<page>
<page>
<title>jackass</title>
<ns>0</ns>
<id>235652</id>
<revision>
<id>2364475</id>
<parentid>1851034</parentid>
<timestamp>2017-05-03T15:32:50Z</timestamp>
<contributor>
<username>HydrizBot</username>
<id>29590</id>
</contributor>
<minor />
<comment>Robô: A limpar links interwikis antigos</comment>
<model>wikitext</model>
<format>text/x-wiki</format>
<text bytes="147" xml:space="preserve">{{Wikipédia|lang=en}}
={{-en-}}=
==Substantivo==
'''jackass'''
# [[burro]]
# [[tonto]]
# pessoa rude e chata
[[Categoria:Substantivo (Inglês)]]</text>
<sha1>hniskf6lezyfzn35vc5ealoweqyfko8</sha1>
</revision>
