<page>
<page>
<title>jack</title>
<ns>0</ns>
<id>9777</id>
<revision>
<id>2364472</id>
<parentid>2246685</parentid>
<timestamp>2017-05-03T15:32:41Z</timestamp>
<contributor>
<username>HydrizBot</username>
<id>29590</id>
</contributor>
<minor />
<comment>Robô: A limpar links interwikis antigos</comment>
<model>wikitext</model>
<format>text/x-wiki</format>
<text bytes="384" xml:space="preserve">{{Wikipédia|lang=en}}
{{ver também|Jack}}
={{-en-}}=
==Substantivo==
'''jack'''
# [[saída]]
# [[macaco]] (equipamento para levantar grandes pesos)
# [[valete]] (carta de baralho)
# [[burro]] (animal macho)
===Expressões===
* '''[[double jack]]''': duas saídas
* '''[[triplex jack]]''': [[três]] saídas
[[Categoria:Substantivo (Inglês)]]
[[Categoria:Eletricidade (Inglês)]]</text>
<sha1>6up252dseli0jhnsy79cmxcnbok17is</sha1>
</revision>
