<page>
<page>
<title>Jack</title>
<ns>0</ns>
<id>23304</id>
<revision>
<id>2271535</id>
<parentid>2096165</parentid>
<timestamp>2017-04-26T19:33:32Z</timestamp>
<contributor>
<username>HydrizBot</username>
<id>29590</id>
</contributor>
<minor />
<comment>Robô: A limpar links interwikis antigos</comment>
<model>wikitext</model>
<format>text/x-wiki</format>
<text bytes="583" xml:space="preserve">{{ver também|jack}}
={{-en-}}=
==Substantivo == 
'''Jack''', {{gramática|m}}
# [[prenome]] [[próprio]], que é uma forma diminutiva de [[John]] ''(João)''.
===Verbetes derivados===
{{verTambém.Ini}}
* {{link opcional|Jacky|en}} (diminutivo)
* {{link opcional|Jackie|en}} (diminutivo)
* {{link opcional|Jackson|en}} (sobrenome)
{{verTambém.Fim}}
=={{etimologia|en}}==
:Do [[inglês médio]] ''[[Jankin]]''.
=={{pronúncia}}==
* [[AFI]]: {{AFI|/dʒæk/}}.
[[Categoria:Substantivo (Inglês)]]
[[Categoria:Antropônimo (Inglês)]]
[[Categoria:Entrada com pronúncia (Inglês)]]</text>
<sha1>crms3guqyh1pijuj77xn25csbz83yww</sha1>
</revision>
