<page>
<title>jacket</title>
<ns>0</ns>
<id>342896</id>
<revision>
<id>2364476</id>
<parentid>2054706</parentid>
<timestamp>2017-05-03T15:32:58Z</timestamp>
<contributor>
<username>HydrizBot</username>
<id>29590</id>
</contributor>
<minor />
<comment>Robô: A limpar links interwikis antigos</comment>
<model>wikitext</model>
<format>text/x-wiki</format>
<text bytes="310" xml:space="preserve">{{Wikipédia|lang=en}}
={{-en-}}=
==Substantivo==
'''jacket'''
# [[jaqueta]]
# [[paletó]]
=={{etimologia|en}}==
: Do francês médio ''jacquet'', diminutivo do francês antigo ''jaque''.
=={{pronúncia|en}}==
* [[AFI]]: /ˈdʒæk.ɪt/
[[Categoria:Substantivo (Inglês)]]
[[Categoria:Vestuário (Inglês)]]</text>
<sha1>fs0ss9lbqgdl9ok0ywrlls5y4ufm5bs</sha1>
</revision>
</page>
