<page>
<page>
<title>Jacme</title>
<ns>0</ns>
<id>292592</id>
<revision>
<id>2271539</id>
<parentid>1965526</parentid>
<timestamp>2017-04-26T19:33:43Z</timestamp>
<contributor>
<username>HydrizBot</username>
<id>29590</id>
</contributor>
<minor />
<comment>Robô: A limpar links interwikis antigos</comment>
<model>wikitext</model>
<format>text/x-wiki</format>
<text bytes="346" xml:space="preserve">={{-oc-}}=
==Substantivo==
'''Jacme''', {{pr}} {{m}}
# [[Jaime]]
=={{etimologia|oc}}==
:Do [[francês]] {{etimo|fr|Gemmes}} (em desuso), que por sua vez veio do [[latim]] {{etimo|la|Iacomus}}, variante de [[Iacobus]].
[[Categoria:Substantivo (Occitano)]]
[[Categoria:Antropônimo (Occitano)]]
[[Categoria:Entrada de étimo francês (Occitano)]]</text>
<sha1>dg09vpmfqb6rrp1yfq6hwlzwutsheip</sha1>
</revision>
