<page>
<title>jacobita</title>
<ns>0</ns>
<id>378481</id>
<revision>
<id>2392157</id>
<parentid>2392151</parentid>
<timestamp>2017-05-10T05:59:27Z</timestamp>
<contributor>
<username>Askekamo</username>
<id>60711</id>
</contributor>
<model>wikitext</model>
<format>text/x-wiki</format>
<text bytes="245" xml:space="preserve">={{-pt-}}=
==Substantivo==
{{flex.pt|s=jacobita|p=jacobitas}}
{{paroxítona|ja|co|bi|ta}}, {{gramática|c2g}}
# sectário de seita religiosa do Oriente, que teve por chefe, no século VI, o bispo de Edessa
[[Categoria:Substantivo (Português)]]</text>
<sha1>erutej5jv0n973hkkj6aps8ihvmxut2</sha1>
</revision>
</page>
