<page>
<title>Jacobe</title>
<ns>0</ns>
<id>358987</id>
<revision>
<id>2638254</id>
<parentid>2271541</parentid>
<timestamp>2021-06-12T20:20:46Z</timestamp>
<contributor>
<username>Amigo7</username>
<id>58547</id>
</contributor>
<model>wikitext</model>
<format>text/x-wiki</format>
<text bytes="545" xml:space="preserve">={{-gl-}}=
==Substantivo==
{{paroxítona|Ja|co|be|lang=gl}}, ''próprio masculino''
# [[Jacó]], [[Jacob]]
==={{-varort-}}===
{{dividir em colunas|2}}
* [[Jacome#Galego|Jacome]]
* [[Jácome#Galego|Jácome]]
{{dividir em colunas.fim}}
=={{etimologia|gl}}==
: Do latim eclesiástico {{etimo|la|Iacobus}}, pelo grego bíblico {{etimo|grc|Ἰάκωβος}}{{llietimo|he|יעקב|gl|ya'aqov|aquele que segurou pelo [[calcanhar]]}}
=={{pronúncia|gl}}==
* [[AFI]]: /ʃa.'ko.be/
[[Categoria:Substantivo (Galego)]]
[[Categoria:Antropônimo (Galego)]]</text>
<sha1>10ik19884q77odtpd3c1ynj4bxvvc5u</sha1>
</revision>
</page>
