<page>
<title>Jacobina</title>
<ns>0</ns>
<id>137595</id>
<revision>
<id>2271542</id>
<parentid>2011461</parentid>
<timestamp>2017-04-26T19:33:51Z</timestamp>
<contributor>
<username>HydrizBot</username>
<id>29590</id>
</contributor>
<minor />
<comment>Robô: A limpar links interwikis antigos</comment>
<model>wikitext</model>
<format>text/x-wiki</format>
<text bytes="242" xml:space="preserve">={{-pt-}}=
{{Wikipédia}}
==Substantivo==
'''Jacobina''' {{pr}}
#[[município]] [[brasileiro]] do [[estado]] da [[Bahia]]
==Ver também==
*[[Apêndice:Municípios do estado da Bahia]]
[[Categoria:Município do estado da Bahia (Português)]]</text>
<sha1>qpigky851cnoguwk8e880zfqquo1r33</sha1>
</revision>
</page>
