<page>
<title>jacobino</title>
<ns>0</ns>
<id>115328</id>
<revision>
<id>2364478</id>
<parentid>2235517</parentid>
<timestamp>2017-05-03T15:33:02Z</timestamp>
<contributor>
<username>HydrizBot</username>
<id>29590</id>
</contributor>
<minor />
<comment>Robô: A limpar links interwikis antigos</comment>
<model>wikitext</model>
<format>text/x-wiki</format>
<text bytes="806" xml:space="preserve">={{-pt-}}=
==Substantivo==
{{flex.pt|ms=jacobino|mp=jacobinos|fs=jacobina|fp=jacobinas}}
{{paroxítona|ja|co|bi|no}}, {{+info|data=1797}}
# [[membro]] de um [[clube]] [[política|político]] atuante durante a [[revolução|Revolução]] [[França|Francesa]] (1789)
# {{escopo|Por extensão}} partidário exaltado da democracia
# {{escopo|Brasileirismo}} [[nacionalismo|nacionalista]] radical; [[xenófobo]]
==Adjetivo==
{{paroxítona|ja|co|bi|no}}
# relativo aos jacobinos
=={{etimologia|pt}}==
: Do latim ''Jacób'' ou ''Jacóbus'' (Iago, Tiago) + [[-ino]], por influência do francês [[jacobin]].
==Ver também==
===No Wikcionário===
* [[girondino]]
[[Categoria:Substantivo (Português)]]
[[Categoria:Adjetivo (Português)]]
[[Categoria:História (Português)]]
[[Categoria:Política (Português)]]</text>
<sha1>0bc1sz9dncdgja82vruly4zx7pgnmph</sha1>
</revision>
</page>
