<page>
<page>
<title>Jacome</title>
<ns>0</ns>
<id>358986</id>
<revision>
<id>2099630</id>
<parentid>2099622</parentid>
<timestamp>2016-05-16T11:00:35Z</timestamp>
<contributor>
<username>Cpls</username>
<id>20608</id>
</contributor>
<comment>/* {{-gl-}} */</comment>
<model>wikitext</model>
<format>text/x-wiki</format>
<text bytes="529" xml:space="preserve">={{-gl-}}=
==Substantivo==
{{paroxítona|Ja|co|me|lang=gl}}, ''próprio masculino''
# [[Jácomo]]
==={{-varort-}}===
{{dividir em colunas|2}}
* [[Jácome#Galego|Jácome]]
* [[Jacobe#Galego|Jacobe]]
{{dividir em colunas.fim}}
=={{etimologia|gl}}==
: Do latim tardio {{etimo|la|Iacomus}}, variante de {{etimo|la|Iacobus}}. Confronte-se com o [[galego antigo]] ''[[Jácome#Galego-Português Medieval|Jácome]]''.
=={{pronúncia|gl}}==
* [[AFI]]: /ʃa.'ko.me/
[[Categoria:Substantivo (Galego)]]
[[Categoria:Antropônimo (Galego)]]</text>
<sha1>akq1jubvpkamcgq8ughec5ltzglz9gj</sha1>
</revision>
