<page>
<title>Jacob</title>
<ns>0</ns>
<id>271069</id>
<revision>
<id>2564579</id>
<parentid>2564578</parentid>
<timestamp>2019-12-04T21:19:12Z</timestamp>
<contributor>
<username>Davi Silva do Nascimento 123</username>
<id>71428</id>
</contributor>
<comment>/* Tradução */Correcção de erro</comment>
<model>wikitext</model>
<format>text/x-wiki</format>
<text bytes="3329" xml:space="preserve">{{Wikipédia}}
={{-pt-}}=
==Substantivo==
{{oxítona|Ja|cob}}, {{g|pr|m}}
# [[prenome]] [[masculino]]
==={{-varort-}}===
* [[Jacó]]
===Tradução===
{{tradini}}
* {{trad|de|Jakob}}
* {{trad|ar|يعقوب}} (Ya'qub)
* {{trad|hy|Հակոբ}} (Hakob)
* {{trad|eu|Jakes}}
* {{trad|br|Jakez}}
* {{trad|ca|Jacob}}
* {{trad|cs|Jakub}}
* {{trad|ko|야고보}} (Yagobo)
* {{trad|da|Jakob|Jacob}}
* {{trad|sk|Jakub}}
* {{trad|es|Jacob|Jacobo}}
* {{trad|eo|Jakobo}}
* {{trad|et|Jaakob|Jaak}}
* {{trad|ee|Yakob}}
* {{trad|fo|Jákup}}
* {{trad|fi|Jaakob|Jaakoppi|Jaakko}}
* {{trad|fr|Jacob}}
* {{trad|fy|Japik}}
* {{trad|gd|Seumas}}
* {{trad|gl|Xacobe}}
* {{trad|el|Ιάκωβος}} (Iáko̱vos)
{{tradmeio}}
* {{trad|grc|Ἰάκωβος}} (Iákōbos)
* {{trad|haw|Iakoba|Iakopa|Iakopo}}
* {{trad|he|יעקב}} (Yaʿaqov)
* {{trad|nl|Jakob|Jaap}}
* {{trad|hu|Jakab}}
* {{trad|en|Jacob|Jake|Jim|Jimmy}}
* {{trad|ga|Séamus}}
* {{trad|is|Jakob}}
* {{trad|it|Giacobbe|Giacomo|Jacopo}}
* {{trad|la|Iacobus|Iacomus}}
* {{trad|lv|Jēkabs}}
* {{trad|mt|Ġakob}}
* {{trad|cmn|雅各}} (Yǎ gè)
* {{trad|no|Jakob}}
* {{trad|pl|Jakub|Kuba}}
* {{trad|ro|Iacob}}
* {{trad|ru|Иаков|Яков}} (Iakov), (Yakov)
* {{trad|se|Jáhkot}}
* {{trad|sv|Jakob}}
* {{trad|tr|Yakub|Yakup}}
* {{trad|uk|Яків}} (Yakiv)
{{tradfim}}
===Verbetes derivados===
{{verTambém.Ini}}
* {{link opcional|Iago|pt}}
* {{link opcional|Jacobina|pt}}
{{verTambém.NovaColuna}}
* {{link opcional|Jaime|pt}}
* {{link opcional|Tiago|pt}}
{{verTambém.Fim}}
=={{etimologia|pt}}==
{{llietimo|la|Iacobus|pt|ponto=não}} e este do {{etm|grc|pt}} {{etimo|grc|Ἰάκωβος|(Iáko̱vos)}} e este do {{etm|hbo|pt}} {{etimo|hbo|יעקב|(ya'aqov)}}. Significa ''aquele que segurou pelo calcanhar''.
[[Categoria:Substantivo (Português)]]
[[Categoria:Antropônimo (Português)]]
={{-ca-}}=
==Substantivo==
'''Jacob''', {{g|pr|m}}
# [[Jacó]], [[Jacob#Português|Jacob]]
=={{etimologia|ca}}==
{{llietimo|la|Iacobus|ca}}
[[Categoria:Substantivo (Catalão)]]
[[Categoria:Antropônimo (Catalão)]]
={{-da-}}=
==Substantivo==
'''Jacob''', {{g|pr|m}}
# [[Jacó]], [[Jacob#Português|Jacob]]
==={{-varort-}}===
* [[Jakob]]
=={{etimologia|da}}==
{{llietimo|la|Iacobus|da}}
[[Categoria:Substantivo (Dinamarquês)]]
[[Categoria:Antropônimo (Dinamarquês)]]
={{-es-}}=
==Substantivo==
'''Jacob''', {{g|pr|m}}
# [[Jacó]], [[Jacob#Português|Jacob]]
==={{-varort-}}===
* [[Jacobo]]
=={{etimologia|es}}==
{{llietimo|la|Iacobus|es}}
=={{pronúncia|es}}==
* [[AFI]]: {{AFI|/xaˈkob/}}
[[Categoria:Substantivo (Espanhol)]]
[[Categoria:Antropônimo (Espanhol)]]
={{-fr-}}=
==Substantivo==
'''Jacob''', {{g|pr|m}}
# [[Jacó]], [[Jacob#Português|Jacob]]
=={{etimologia|fr}}==
{{llietimo|la|Iacobus|fr}}
=={{pronúncia|fr}}==
* [[AFI]]: {{AFI|/ʒa.kɔb/}}
[[Categoria:Substantivo (Francês)]]
[[Categoria:Antropônimo (Francês)]]
={{-en-}}=
==Substantivo==
'''Jacob''', {{g|pr}}
# [[Jacó]], [[Jacob#Português|Jacob]]
===Verbetes derivados===
{{verTambém.Ini}}
* {{link opcional|Jake|en}}
* {{link opcional|Jim|en}}
{{verTambém.NovaColuna}}
* {{link opcional|Jimmy|en}}
{{verTambém.Fim}}
=={{etimologia|en}}==
{{llietimo|la|Iacobus|en}}
=={{pronúncia|en}}==
* [[AFI]]: {{AFI|/ˈdʒeɪkəb/}}
[[Categoria:Substantivo (Inglês)]]
[[Categoria:Antropônimo (Inglês)]]</text>
<sha1>jbympizybk3raad0ehuyu0gujeqv6xu</sha1>
</revision>
</page>
