<page>
<title>jacra</title>
<ns>0</ns>
<id>373514</id>
<revision>
<id>2231975</id>
<timestamp>2017-02-02T11:06:03Z</timestamp>
<contributor>
<username>Cpls</username>
<id>20608</id>
</contributor>
<comment>[[Ajuda:Guia de edição/Menus e ferramentas/Sumário de edição|→]] nova página: ={{-gl-}}= ==Substantivo== {{flex.gl|fs=jacra|fp=jacras}} {{paroxítona|ja|cra|lang=gl}}, {{gramática|f|lang...</comment>
<model>wikitext</model>
<format>text/x-wiki</format>
<text bytes="284" xml:space="preserve">={{-gl-}}=
==Substantivo==
{{flex.gl|fs=jacra|fp=jacras}}
{{paroxítona|ja|cra|lang=gl}}, {{gramática|f|lang=gl}}
# {{escopo|gl|Crustáceo}} [[caranguejo]] (''[[species:Carcinus maenas|Carcinus maenas]]'')
===Sinónimo===
* [[nacra#{{gl}}|nacra]]
[[Categoria:Substantivo (Galego)]]</text>
<sha1>jp27wzjthwgcjc7fsk8ju56sit1t5bh</sha1>
</revision>
</page>
