<page>
<title>jacre</title>
<ns>0</ns>
<id>377095</id>
<revision>
<id>2260590</id>
<timestamp>2017-04-14T09:08:09Z</timestamp>
<contributor>
<username>Askekamo</username>
<id>60711</id>
</contributor>
<comment>de https://pt.wiktionary.org/w/index.php?title=j%C3%A1gara&amp;oldid=2260587</comment>
<model>wikitext</model>
<format>text/x-wiki</format>
<text bytes="270" xml:space="preserve">={{-pt-}}=
==Substantivo==
{{flex.pt|s=jacre|p=jacres}}
{{paroxítona|já|cre}}, {{gramática|m}}
# açúcar feito de coqueiro e de cana que uma vez extraído é pouco beneficiado e se encontra em formato de bloco, tablete ou cubo
[[Categoria:Substantivo (Português)]]</text>
<sha1>1647pkfzak60ceinn7xgrjdenunf3rb</sha1>
</revision>
</page>
