<page>
<title>jactancia</title>
<ns>0</ns>
<id>100862</id>
<revision>
<id>2364479</id>
<parentid>2050703</parentid>
<timestamp>2017-05-03T15:33:06Z</timestamp>
<contributor>
<username>HydrizBot</username>
<id>29590</id>
</contributor>
<minor />
<comment>Robô: A limpar links interwikis antigos</comment>
<model>wikitext</model>
<format>text/x-wiki</format>
<text bytes="151" xml:space="preserve">{{ver também|jactância}}
={{-es-}}=
==Substantivo==
'''jac.tan.cia''', feminino
# [[vaidade]]
# [[arrogância]]
[[Categoria:Substantivo (Espanhol)]]</text>
<sha1>ei23myt8icc1qzk9dlbcqzvpd4vv27g</sha1>
</revision>
</page>
