<page>
<page>
<title>jacto</title>
<ns>0</ns>
<id>9656</id>
<revision>
<id>2364481</id>
<parentid>2180125</parentid>
<timestamp>2017-05-03T15:33:13Z</timestamp>
<contributor>
<username>HydrizBot</username>
<id>29590</id>
</contributor>
<minor />
<comment>Robô: A limpar links interwikis antigos</comment>
<model>wikitext</model>
<format>text/x-wiki</format>
<text bytes="388" xml:space="preserve">={{-pt-}}=
'''&lt;small&gt;(Vocábulo com dupla grafia: [[jato]])&lt;/small&gt;'''
==Substantivo==
{{flex.pt|ms=jacto|mp=jactos}}
{{paroxítona|jac|to}}
# ato de [[lançar]] ou de [[arremessar]]
# [[saída]] [[impetuoso|impetuosa]]; [[jorro]]
# [[avião]] a jato
# [[ímpeto]]
==Pronúncia==
:AFI: [ˈʒatu]
[[Categoria:Substantivo (Português)]]
[[Categoria:Entrada com dupla grafia (Português)]]</text>
<sha1>ix7hqhco4gthhhq96sah4k60ctzavkm</sha1>
</revision>
