<page>
<title>jactar</title>
<ns>0</ns>
<id>323070</id>
<revision>
<id>2364480</id>
<parentid>2106901</parentid>
<timestamp>2017-05-03T15:33:10Z</timestamp>
<contributor>
<username>HydrizBot</username>
<id>29590</id>
</contributor>
<minor />
<comment>Robô: A limpar links interwikis antigos</comment>
<model>wikitext</model>
<format>text/x-wiki</format>
<text bytes="130" xml:space="preserve">={{-pt-}}=
==Verbo==
{{oxítona|jac|tar}}
# se [[gabar]]
===Conjugação===
{{conj/pt|jact|ar}}
[[Categoria:Verbo (Português)]]</text>
<sha1>2pa7i9nzk56mr4ps2p1cegloaigvtbx</sha1>
</revision>
</page>
