<page>
<page>
<title>jaculatória</title>
<ns>0</ns>
<id>272444</id>
<revision>
<id>1100325</id>
<parentid>1098338</parentid>
<timestamp>2011-07-01T10:48:47Z</timestamp>
<contributor>
<username>ValJor</username>
<id>1358</id>
</contributor>
<comment>Retirando da [[Especial:Uncategorizedpages|página de verbetes sem categoria]]</comment>
<model>wikitext</model>
<format>text/x-wiki</format>
<text bytes="425" xml:space="preserve">={{-pt-}}=
==Substantivo==
{{flex.pt|fs=jaculatória|fp=jaculatórias}}
{{proparoxítona aparente|ja|cu|la|tó|ri|a}}
# pequena [[oração]] ou [[invocação]] que os [[católico]]s incluem em suas orações, no começo ou final dessas, ou no final de cada dezena do [[rosário]]
=={{etimologia|pt}}==
: Feminino substantivado de [[jaculatório]].
[[Categoria:Substantivo (Português)]]
[[Categoria:Religião (Português)]]</text>
<sha1>ivrcthrc1lxsx5cbh2mqs0l191ilppg</sha1>
</revision>
