<page>
<title>jacundás</title>
<ns>0</ns>
<id>266522</id>
<revision>
<id>2035469</id>
<parentid>1970537</parentid>
<timestamp>2015-11-10T18:36:05Z</timestamp>
<contributor>
<username>ValJor</username>
<id>1358</id>
</contributor>
<comment>Acrescentando a predefinição avi-for-fle</comment>
<model>wikitext</model>
<format>text/x-wiki</format>
<text bytes="183" xml:space="preserve">={{-pt-}}=
==Forma de substantivo==
{{oxítona|ja|cun|dás}}, {{p}}
# plural de [[jacundá#{{pt}}|jacundá]]
{{avi-for-fle|jacundá}}
[[Categoria:Forma de substantivo (Português)]]</text>
<sha1>smbn6gh5m80ay5uavhi1vmh1uwa8xg3</sha1>
</revision>
</page>
