<page>
<page>
<title>Jacutinga</title>
<ns>0</ns>
<id>141096</id>
<revision>
<id>2271548</id>
<parentid>2109559</parentid>
<timestamp>2017-04-26T19:34:02Z</timestamp>
<contributor>
<username>HydrizBot</username>
<id>29590</id>
</contributor>
<minor />
<comment>Robô: A limpar links interwikis antigos</comment>
<model>wikitext</model>
<format>text/x-wiki</format>
<text bytes="461" xml:space="preserve">={{-pt-}}=
{{Wikipédia}}
==Substantivo==
'''Jacutinga''' {{pr}}
#[[município]] [[brasileiro]] do [[estado]] de [[Minas Gerais]]
#[[município]] [[brasileiro]] do [[estado]] do [[Rio Grande do Sul]]
==Ver também==
*[[Apêndice:Municípios do estado de Minas Gerais]]
*[[Apêndice:Municípios do estado do Rio Grande do Sul]]
[[Categoria:Município do estado de Minas Gerais (Português)]]
[[Categoria:Município do estado do Rio Grande do Sul (Português)]]</text>
<sha1>j1ggw8nn1deugtemc6femrdj35p0831</sha1>
</revision>
