<page>
<title>Jacundá</title>
<ns>0</ns>
<id>143020</id>
<revision>
<id>2271546</id>
<parentid>1498920</parentid>
<timestamp>2017-04-26T19:33:59Z</timestamp>
<contributor>
<username>HydrizBot</username>
<id>29590</id>
</contributor>
<minor />
<comment>Robô: A limpar links interwikis antigos</comment>
<model>wikitext</model>
<format>text/x-wiki</format>
<text bytes="268" xml:space="preserve">{{ver também|jacundá}}
={{-pt-}}=
{{Wikipédia}}
==Substantivo==
'''Jacundá''' {{pr}}
#[[município]] [[brasileiro]] do [[estado]] do [[Pará]]
==Ver também==
*[[Apêndice:Municípios do estado do Pará]]
[[Categoria:Município do estado do Pará (Português)]]</text>
<sha1>ltpxzz9u787yppahtpu6fbe7gybll5s</sha1>
</revision>
</page>
