<page>
<page>
<title>jacumã</title>
<ns>0</ns>
<id>82966</id>
<revision>
<id>1204247</id>
<parentid>604069</parentid>
<timestamp>2011-07-10T01:02:27Z</timestamp>
<contributor>
<username>MalafayaBot</username>
<id>628</id>
</contributor>
<minor />
<comment>Robô: Substituição de texto automática (-^\=\s?Português\s?\= +={{-pt-}}= &amp; -^\=\s?\{\{pt\}\}\s?\= +={{-pt-}}=)</comment>
<model>wikitext</model>
<format>text/x-wiki</format>
<text bytes="185" xml:space="preserve">={{-pt-}}=
==Substantivo==
{{flex.pt|ms=jacumã|mp=jacumãs}}
{{oxítona|ja|cu|mã}} {{m}}
# espécie de [[remo]] que pode ser usado como [[leme]]
[[Categoria:Substantivo (Português)]]</text>
<sha1>dcm65y3zccz29ajv7zhr76gh9fhthfs</sha1>
</revision>
