<page>
<page>
<title>Jacuí</title>
<ns>0</ns>
<id>65024</id>
<revision>
<id>2271549</id>
<parentid>2109558</parentid>
<timestamp>2017-04-26T19:34:06Z</timestamp>
<contributor>
<username>HydrizBot</username>
<id>29590</id>
</contributor>
<minor />
<comment>Robô: A limpar links interwikis antigos</comment>
<model>wikitext</model>
<format>text/x-wiki</format>
<text bytes="358" xml:space="preserve">{{Wikipédia|Jacuí (desambiguação)|Jacuí}}
={{-pt-}}=
==Substantivo==
'''Jacuí''', {{pr}}
# [[município]] [[brasileiro]] do [[estado]] de [[Minas Gerais]]
==Ver também==
===No Wikcionário===
* [[Apêndice:Municípios do estado de Minas Gerais]]
[[Categoria:Substantivo (Português)]]
[[Categoria:Município do estado de Minas Gerais (Português)]]</text>
<sha1>3cmjd4iojwxpgtdk1vunlw3mu3r3bgd</sha1>
</revision>
