<page>
<title>jacuba</title>
<ns>0</ns>
<id>35059</id>
<revision>
<id>1907864</id>
<parentid>1907797</parentid>
<timestamp>2015-04-01T20:00:43Z</timestamp>
<contributor>
<username>ValJor</username>
<id>1358</id>
</contributor>
<minor />
<comment>Revertidas edições por [[Especial:Contribuições/201.73.212.226|201.73.212.226]] para a última versão por [[Especial:Contribuições/MalafayaBot|MalafayaBot]]</comment>
<model>wikitext</model>
<format>text/x-wiki</format>
<text bytes="774" xml:space="preserve">={{-pt-}}=
==Substantivo==
{{flex.pt|fs=jacuba|fp=jacubas}}
{{paroxítona|ja|cu|ba}}
# {{escopo|Brasil}} [[pirão]] ou [[refresco]] de [[água]], [[farinha]] de [[mandioca]], [[mel]] ou [[açúcar]] e, às vezes, [[cachaça]] e rapadura
# {{escopo|Brasil, Santa Catarina, Florianópolis}} pirão de farinha de mandioca misturado com água fria
# {{escopo|Brasil, Santa Catarina, Florianópolis}} [[café]] misturado com farinha de mandioca
===Sinônimos===
* {{escopo|Amazonas}}: [[chibé]], [[xibé]]
* {{escopo|Pará e Maranhão}}: [[tiquara]], [[chibé]]
* {{escopo|Pernambuco}}: [[gonguinha]]
* {{escopo|Vários estados do Nordeste}}: [[sebereba]]  
* {{escopo|Pernambuco e Alagoas}}: [[garapa]]
[[Categoria:Substantivo (Português)]]
[[Categoria:Bebida (Português)]]</text>
<sha1>ll54lnmtkvd6btkr7wkiozvhaxjdrkf</sha1>
</revision>
</page>
