<page>
<page>
<title>jacuzzi</title>
<ns>0</ns>
<id>366896</id>
<revision>
<id>2491894</id>
<parentid>2364486</parentid>
<timestamp>2018-03-29T14:56:37Z</timestamp>
<contributor>
<username>Askekamo</username>
<id>60711</id>
</contributor>
<model>wikitext</model>
<format>text/x-wiki</format>
<text bytes="333" xml:space="preserve">={{-pt-}}=
==Substantivo==
{{flex.pt|0s=jacuzzi|0p=jacuzzis}}
''{{paroxítona|ja|cuz|zi}}'', {{gramática|m-ptpt|f-ptbr|s}}
# {{escopo|pt|estrangeirismo}} [[jacúzi]]
[[Categoria:Substantivo (Português)]]
={{-en-}}=
==Substantivo==
{{flex.en|s=jacuzzi|p=jacuzzis}}
'''jacuzzi'''
# [[jacúzi]]
[[Categoria:Substantivo (Inglês)]]</text>
<sha1>kma2e1yg5dv77s28391li8wddj908al</sha1>
</revision>
