<page>
<page>
<title>jaculámos</title>
<ns>0</ns>
<id>308909</id>
<revision>
<id>2260705</id>
<parentid>1645115</parentid>
<timestamp>2017-04-14T18:53:53Z</timestamp>
<contributor>
<username>Defender</username>
<id>15952</id>
</contributor>
<comment>Trocando predefinição escopo por escopo2</comment>
<model>wikitext</model>
<format>text/x-wiki</format>
<text bytes="287" xml:space="preserve">={{-pt-}}=
==Forma verbal==
{{paroxítona|ja|cu|lá|mos}}
#{{escopo2|grafia lusitana}} [[primeira pessoa]] do [[plural]] do [[pretérito perfeito]] do [[modo indicativo]] do verbo '''[[jacular]]'''
{{avi-for-fle|jacular}}
[[Categoria:Forma verbal (Português)]]
[[Categoria:Lusitanismo]]</text>
<sha1>3hn07i8kva277j5vn8lbcnd3wmkn99d</sha1>
</revision>
