<page>
<page>
<title>Jacupiranga</title>
<ns>0</ns>
<id>136516</id>
<revision>
<id>2488017</id>
<parentid>2488016</parentid>
<timestamp>2018-03-06T06:39:53Z</timestamp>
<contributor>
<username>MIL973</username>
<id>41339</id>
</contributor>
<model>wikitext</model>
<format>text/x-wiki</format>
<text bytes="464" xml:space="preserve">{{Wikipédia}}
={{-pt-}}=
==Substantivo==
{{paroxítona|Ja|cu|pi|ran|ga}}, {{gramática|pr}}
# {{escopo|pt|Município do estado de São Paulo}} [[Apêndice:Gentílicos e topónimos em português/Brasil/São Paulo|município brasileiro do estado de São Paulo]]
==Ver também==
===No Wikcionário===
* [[jacupiranguense]]
==Ligações externas==
* [http://www.jacupiranga.sp.gov.br/ Prefeitura de Jacupiranga (São Paulo)]
[[Categoria:Substantivo (Português)]]</text>
<sha1>i07o21ekuid9waf7zoby3hq4ch70nd2</sha1>
</revision>
