<page>
<page>
<title>jacupiranguenses</title>
<ns>0</ns>
<id>393482</id>
<revision>
<id>2488023</id>
<parentid>2488022</parentid>
<timestamp>2018-03-06T06:43:08Z</timestamp>
<contributor>
<username>MIL973</username>
<id>41339</id>
</contributor>
<model>wikitext</model>
<format>text/x-wiki</format>
<text bytes="367" xml:space="preserve">={{-pt-}}=
==Forma de adjetivo==
{{paroxítona|ja|cu|pi|ran|guen|ses}}, {{gramática|c2gp}}
# plural de [[jacupiranguense]]
==Forma de substantivo==
{{paroxítona|ja|cu|pi|ran|guen|ses}}, {{gramática|c2gp}}
# plural de [[jacupiranguense]]
{{avi-for-fle|jacupiranguense}}
[[Categoria:Forma de adjetivo (Português)]]
[[Categoria:Forma de substantivo (Português)]]</text>
<sha1>ipjotrsgx2npt9bp8l1vz08ml93o80l</sha1>
</revision>
