<page>
<title>Jacó</title>
<ns>0</ns>
<id>271019</id>
<revision>
<id>2676424</id>
<parentid>2553137</parentid>
<timestamp>2022-05-09T17:13:27Z</timestamp>
<contributor>
<username>Josefov</username>
<id>86694</id>
</contributor>
<comment>/* Formas alternativas */</comment>
<model>wikitext</model>
<format>text/x-wiki</format>
<text bytes="1879" xml:space="preserve">{{Wikipédia}}
={{-pt-}}=
==Substantivo==
{{oxítona|Ja|có}}, {{g|m|pr}}
# [[prenome]] [[masculino]]
==={{-varort-}}===
{{colunas|2}}
* [[Jacob]]
* [[Jacobo]]
{{colunas/fim}}
===Tradução===
{{tradini}}
* {{trad|de|Jakob}}
* {{trad|ar|يعقوب}} (Ya'qub)
* {{trad|hy|Հակոբ}} (Hakob)
* {{trad|eu|Jakes}}
* {{trad|br|Jakez}}
* {{trad|ca|Jacob}}
* {{trad|cs|Jakub}}
* {{trad|ko|야고보}} (Yagobo)
* {{trad|da|Jakob|Jacob}}
* {{trad|sk|Jakub}}
* {{trad|es|Jacob|Jacobo}}
* {{trad|eo|Jakobo}}
* {{trad|et|Jaakob|Jaak}}
* {{trad|ee|Yakob}}
* {{trad|fo|Jákup}}
* {{trad|fi|Jaakob|Jaakoppi|Jaakko}}
* {{trad|fr|Jacob}}
* {{trad|fy|Japik}}
* {{trad|gd|Seumas}}
* {{trad|gl|Xacobe}}
* {{trad|el|Ιάκωβος}} (Iáko̱vos)
{{tradmeio}}
* {{trad|grc|Ἰάκωβος}} (Iáko̱vos)
* {{trad|haw|Iakoba|Iakopa|Iakopo}}
* {{trad|he|יעקב}} (Yaʿaqov)
* {{trad|nl|Jakob|Jaap}}
* {{trad|hu|Jakab}}
* {{trad|en|Jacob|Jake|Jim|Jimmy}}
* {{trad|ga|Séamus}}
* {{trad|is|Jakob}}
* {{trad|it|Giacobbe|Giacomo|Jacopo}}
* {{trad|la|Iacobus|Iacomus}}
* {{trad|lv|Jēkabs}}
* {{trad|mt|Ġakob}}
* {{trad|cmn|雅各}} (Yǎ gè)
* {{trad|no|Jakob}}
* {{trad|pl|Jakub|Kuba}}
* {{trad|ro|Iacob}}
* {{trad|ru|Иаков|Яков}} (Iakov), (Yakov)
* {{trad|se|Jáhkot}}
* {{trad|sv|Jakob}}
* {{trad|tr|Yakub|Yakup}}
* {{trad|uk|Яків}} (Yakiv)
{{tradfim}}
===Verbetes derivados===
{{verTambém.Ini}}
* {{link opcional|Iago|pt}}
* {{link opcional|Jacobina|pt}}
{{verTambém.NovaColuna}}
* {{link opcional|Jaime|pt}}
* {{link opcional|Tiago|pt}}
{{verTambém.Fim}}
=={{etimologia|pt}}==
{{llietimo|la|Iacobus|pt|ponto=não}} que veio do  {{etm|grc|pt}} {{etimo|grc|Ἰάκωβος|(Iáko̱vos)}} que veio do  {{etm|hbo|pt}} {{etimo|hbo|יעקב|(ya'aqov)}}. Significa ''aquele que segurou pelo calcanhar''.
[[Categoria:Substantivo (Português)]]
[[Categoria:Antropônimo (Português)]]</text>
<sha1>2idh1ku9x3pz3pdtxl00mm000et39xh</sha1>
</revision>
</page>
