<page>
<page>
<title>jade</title>
<ns>0</ns>
<id>46949</id>
<revision>
<id>2621232</id>
<parentid>2364488</parentid>
<timestamp>2021-02-01T23:49:32Z</timestamp>
<contributor>
<username>MarxavBot</username>
<id>80155</id>
</contributor>
<minor />
<comment>AFI Portugal</comment>
<model>wikitext</model>
<format>text/x-wiki</format>
<text bytes="4480" xml:space="preserve">{{Wikipédia}}
{{Wikipédia|lang=eu}}
{{Wikipédia|lang=ca}}
{{Wikipédia|lang=da}}
{{Wikipédia|lang=sco}}
{{Wikipédia|lang=es}}
{{Wikipédia|lang=fi}}
{{Wikipédia|lang=fr}}
{{Wikipédia|lang=nl}}
{{Wikipédia|lang=en}}
{{Wikipédia|lang=simple}}
{{Wikipédia|lang=no}}
{{Wikipédia|lang=nn}}
{{Wikipédia|lang=sv}}
{{ver também|ade|cade}}
={{-pt-}}=
==Substantivo==
{{flex.pt|ms=jade|mp=jades}}
{{paroxítona|ja|de}}, {{m}}
# {{escopo|Geologia}} [[pedra]] [[ornamental]] muito [[duro|dura]] e [[compacto|compacta]], variando na [[cor]], de [[esbranquiçado|esbranquiçada]] a [[verde-escuro|verde-escura]], é formada pela [[associação]] da [[jadeíta]] e da [[nefrita]]; muito utilizada na [[fabricação]] de [[estatueta]]s e [[peça]]s de [[adorno]] [[pessoal]]
#* ''Entre as ruínas também surgiram peças elaboradas em bronze, cerâmica, '''jade''', osso e pedra, todas elas de valor incalculável.'' {{OESP|2006|julho|14}}
===Tradução===
{{tradini}}
* {{trad|de|Jade}}
* {{trad|ar|يشب}}
* {{trad|eu|jade}}
* {{trad|be|жад}}
* {{trad|my|ကျောက်စိမ်း}}
* {{trad|yue|玉}}
* {{trad|ca|jade}}
* {{trad|cs|jadeit}}
* {{trad|zh|玉}}
* {{trad|ko|비취}}
* {{trad|da|jade}}
* {{trad|sco|jade}}
* {{trad|es|jade}}
* {{trad|eo|jado}}
* {{trad|fi|jade}}
* {{trad|fr|jade}}
* {{trad|cy|jâd}}
* {{trad|he|ירקן}}
* {{trad|hi|हरिताश्म}}
* {{trad|nl|jade}}
* {{trad|hu|jáde}}
* {{trad|io|jado}}
* {{trad|id|giok}}
* {{trad|en|jade}}
{{tradmeio}}
* {{trad|ga|séad}}
* {{trad|it|giada}}
* {{trad|ja|ヒスイ}}
* {{trad|jv|giok}}
* {{trad|mk|жад}}
* {{trad|ms|jed}}
* {{trad|mr|पाचू}}
* {{trad|cdo|nguŏh}}
* {{trad|mn|хаш}}
* {{trad|nah|chālchihuitl}}
* {{trad|no|jade}}
* {{trad|nn|jade}}
* {{trad|pl|żady}}
* {{trad|pnb|جیڈ}}
* {{trad|ro|jad}}
* {{trad|ru|жад}}
* {{trad|sh|žad}}
* {{trad|sv|jade}}
* {{trad|th|หยก}}
* {{trad|bo|གཡང་ཊི།}}
* {{trad|tr|yeşim}}
* {{trad|uk|жад}}
* {{trad|ug|ئۇيغقاشتېشى}}
* {{trad|vi|ngọc thạch}}
{{tradfim}}
=={{etimologia|pt}}==
: Do francês ''jade''.
=={{pronúncia|pt}}==
===Portugal===
* AFI: {{AFI|/ˈʒa.dɨ/}}
==Ver também==
===No Wikcionário===
{{verTambém.Ini}}
* [[jadeíta]]
{{verTambém.NovaColuna}}
* [[jadeíte]]
{{verTambém.NovaColuna}}
* [[jadeítico]]
{{verTambém.Fim}}
[[Categoria:Substantivo (Português)]]
[[Categoria:Mineral (Português)]]
={{-eu-}}=
==Substantivo==
'''jade'''
# {{escopo|Geologia}} [[jade#Português|jade]]
[[Categoria:Substantivo (Basco)]]
[[Categoria:Mineral (Basco)]]
={{-ca-}}=
==Substantivo==
'''jade'''
# {{escopo|Geologia}} [[jade#Português|jade]]
[[Categoria:Substantivo (Catalão)]]
[[Categoria:Mineral (Catalão)]]
={{-da-}}=
==Substantivo==
'''jade'''
# {{escopo|Geologia}} [[jade#Português|jade]]
[[Categoria:Substantivo (Dinamarquês)]]
[[Categoria:Mineral (Dinamarquês)]]
={{-sco-}}=
==Substantivo==
'''jade'''
# {{escopo|Geologia}} [[jade#Português|jade]]
[[Categoria:Substantivo (Escocês)]]
[[Categoria:Mineral (Escocês)]]
={{-es-}}=
==Substantivo==
'''jade'''
# {{escopo|Geologia}} [[jade#Português|jade]]
[[Categoria:Substantivo (Espanhol)]]
[[Categoria:Mineral (Espanhol)]]
={{-fi-}}=
==Substantivo==
'''jade'''
# {{escopo|Geologia}} [[jade#Português|jade]]
[[Categoria:Substantivo (Finlandês)]]
[[Categoria:Mineral (Finlandês)]]
={{-fr-}}=
==Substantivo==
'''jade'''
# {{escopo|Geologia}} [[jade#Português|jade]]
[[Categoria:Substantivo (Francês)]]
[[Categoria:Mineral (Francês)]]
={{-nl-}}=
==Substantivo==
'''jade'''
# {{escopo|Geologia}} [[jade#Português|jade]]
[[Categoria:Substantivo (Holandês)]]
[[Categoria:Mineral (Holandês)]]
={{-en-}}=
==Substantivo==
'''jade'''
# {{escopo|Geologia}} [[jade#Português|jade]]
==Verbo==
'''jade'''
# [[fatigar]]
===Conjugação===
{{conj.en|jade|jades|jaded|jaded|jadeing}}
=={{etimologia|en}}==
: Do francês ''jade''.
[[Categoria:Substantivo (Inglês)]]
[[Categoria:Mineral (Inglês)]]
={{-no-}}=
==Substantivo==
'''jade'''
# {{escopo|Geologia}} [[jade#Português|jade]]
[[Categoria:Substantivo (Norueguês)]]
[[Categoria:Mineral (Norueguês)]]
={{-nn-}}=
==Substantivo==
'''jade'''
# {{escopo|Geologia}} [[jade#Português|jade]]
[[Categoria:Substantivo (Novo Norueguês)]]
[[Categoria:Mineral (Novo Norueguês)]]
={{-sv-}}=
==Substantivo==
'''jade'''
# {{escopo|Geologia}} [[jade#Português|jade]]
[[Categoria:Substantivo (Sueco)]]
[[Categoria:Mineral (Sueco)]]</text>
<sha1>isg1l2x22qisw9ebif7uq5zgbid71iw</sha1>
</revision>
