<page>
<title>jadro</title>
<ns>0</ns>
<id>313857</id>
<revision>
<id>2364490</id>
<parentid>2204471</parentid>
<timestamp>2017-05-03T15:33:40Z</timestamp>
<contributor>
<username>HydrizBot</username>
<id>29590</id>
</contributor>
<minor />
<comment>Robô: A limpar links interwikis antigos</comment>
<model>wikitext</model>
<format>text/x-wiki</format>
<text bytes="162" xml:space="preserve">={{-sl-}}=
==Substantivo==
'''jadro'''
# [[vela]] (pano que se prende ao mastro)
{{página-automática|abril|2013|vela|sl}}
[[Categoria:Substantivo (Esloveno)]]</text>
<sha1>pizsizf0u0hknwmti56imyx3ti30pcc</sha1>
</revision>
</page>
