<page>
<page>
<title>jadranje</title>
<ns>0</ns>
<id>314000</id>
<revision>
<id>2364489</id>
<parentid>1775559</parentid>
<timestamp>2017-05-03T15:33:37Z</timestamp>
<contributor>
<username>HydrizBot</username>
<id>29590</id>
</contributor>
<minor />
<comment>Robô: A limpar links interwikis antigos</comment>
<model>wikitext</model>
<format>text/x-wiki</format>
<text bytes="154" xml:space="preserve">={{-sl-}}=
==Substantivo==
'''jadranje'''
# [[vela]] (desporto náutico)
{{página-automática|abril|2013|vela|sl}}
[[Categoria:Substantivo (Esloveno)]]</text>
<sha1>oyp6eo002uqn771q4smv7fbrb076svx</sha1>
</revision>
