<page>
<page>
<title>jaezados</title>
<ns>0</ns>
<id>107203</id>
<revision>
<id>2364492</id>
<parentid>2018716</parentid>
<timestamp>2017-05-03T15:33:44Z</timestamp>
<contributor>
<username>HydrizBot</username>
<id>29590</id>
</contributor>
<minor />
<comment>Robô: A limpar links interwikis antigos</comment>
<model>wikitext</model>
<format>text/x-wiki</format>
<text bytes="130" xml:space="preserve">={{-pt-}}=
==Forma de adjetivo==
{{paroxítona|ja|e|za|dos}}
# plural de [[jaezado]]
[[Categoria:Forma de adjetivo (Português)]]</text>
<sha1>6dj49zm6qjmfuitgtjtd3pba8ck4yf2</sha1>
</revision>
