<page>
<title>jaezar</title>
<ns>0</ns>
<id>317420</id>
<revision>
<id>2522471</id>
<parentid>2364493</parentid>
<timestamp>2018-10-13T14:35:10Z</timestamp>
<contributor>
<username>Cpls</username>
<id>20608</id>
</contributor>
<comment>/* {{-pt-}} */</comment>
<model>wikitext</model>
<format>text/x-wiki</format>
<text bytes="187" xml:space="preserve">={{-pt-}}=
==Verbo==
{{oxítona|ja|e|zar}}, ''v. t.''
# [[ornar]] de [[jaez]]es
==={{-varort-}}===
* [[ajaezar]]
===Conjugação===
{{conj/pt|jaez|ar}}
[[Categoria:Verbo (Português)]]</text>
<sha1>p6wd46tzaxb8hcj5wmg3ac21dv0m96x</sha1>
</revision>
</page>
