<page>
<title>jaez</title>
<ns>0</ns>
<id>92159</id>
<revision>
<id>2364491</id>
<parentid>2209631</parentid>
<timestamp>2017-05-03T15:33:43Z</timestamp>
<contributor>
<username>HydrizBot</username>
<id>29590</id>
</contributor>
<minor />
<comment>Robô: A limpar links interwikis antigos</comment>
<model>wikitext</model>
<format>text/x-wiki</format>
<text bytes="717" xml:space="preserve">={{-pt-}}=
==Substantivo==
{{flex.pt|ms=jaez|mp=jaezes}}
{{paroxítona|ja|ez}}, {{gramática|m}}
# [[adorno]] de [[besta]]s
# {{escopo|pt|Figurado}} [[espécie]], [[qualidade]], [[laia]], [[sorte]], [[calibre]]
#* ''—Tirai-vos lá com os vossos penares, Rui Soeiro; achais que Loredano seja homem de se amofinar por coisa de tal '''jaez'''?'' (Em [[s:O Guarani/I/VIII|O Guarani (Primeira Parte, Capítulo VIII: Três linhas)]] de José de Alencar)
===Tradução===
{{tradini}}
* {{trad|es|jaez}}
{{tradmeio}}
{{tradfim}}
=={{etimologia|pt}}==
{{llietimo|ar|ǧaház|pt}}
[[Categoria:Substantivo (Português)]]
={{-es-}}=
==Substantivo==
'''jaez'''
# [[jaez#Português|jaez]]
[[Categoria:Substantivo (Espanhol)]]</text>
<sha1>rzmaqyg189v08nszffr8ramkcgo8mqd</sha1>
</revision>
</page>
