<page>
<title>jafa</title>
<ns>0</ns>
<id>238896</id>
<revision>
<id>2364494</id>
<parentid>1975305</parentid>
<timestamp>2017-05-03T15:33:49Z</timestamp>
<contributor>
<username>HydrizBot</username>
<id>29590</id>
</contributor>
<minor />
<comment>Robô: A limpar links interwikis antigos</comment>
<model>wikitext</model>
<format>text/x-wiki</format>
<text bytes="219" xml:space="preserve">={{-nfr-}}=
==Substantivo==
'''{{PAGENAME}}'''
# [[mercado]]
==Ver também==
{{tradini|No Wikcionário:}}
* [[abani]]
* [[fali]]
* [[falifun]]
* [[jafa]]
* [[jafalifun]]
{{tradfim}}
[[Categoria:Substantivo (Nafana)]]</text>
<sha1>pzvi37isrfqowrl7nibfkz59pm8ilky</sha1>
</revision>
</page>
