<page>
<page>
<title>jafalifun</title>
<ns>0</ns>
<id>238897</id>
<revision>
<id>1554898</id>
<parentid>1314234</parentid>
<timestamp>2012-12-06T20:19:50Z</timestamp>
<contributor>
<username>VJBot</username>
<id>33673</id>
</contributor>
<minor />
<comment>Robô: Substituição de texto automática  (-{{vertb}} +Ver também)</comment>
<model>wikitext</model>
<format>text/x-wiki</format>
<text bytes="256" xml:space="preserve">={{-nfr-}}=
==Substantivo==
'''{{PAGENAME}}'''
# [[mercador]]
# [[comerciante]]
==Ver também==
{{tradini|No Wikcionário:}}
* [[abani]]
* [[fali]]
* [[falifun]]
* [[jafa]]
{{tradfim}}
[[Categoria:Substantivo (Nafana)]]
[[Categoria:Profissão (Nafana)]]</text>
<sha1>ov78vtue1o31bxv6qmerw6op9kt9284</sha1>
</revision>
