<page>
<page>
<title>jag</title>
<ns>0</ns>
<id>363905</id>
<revision>
<id>2364496</id>
<parentid>2242347</parentid>
<timestamp>2017-05-03T15:34:01Z</timestamp>
<contributor>
<username>HydrizBot</username>
<id>29590</id>
</contributor>
<minor />
<comment>Robô: A limpar links interwikis antigos</comment>
<model>wikitext</model>
<format>text/x-wiki</format>
<text bytes="448" xml:space="preserve">{{ver também|ja}}
={{-sv-}}=
==Pronome==
'''jag''', {{gramática|pess}}
# [[eu]]
#: såvitt '''[[jag]]''' vet - ''até onde eu sei''
#:: '''[[jag]]''' själv - ''eu mesmo''
#::: vill du skicka '''mig''' smöret! - ''por favor, passe a manteiga!''
===Sinônimos===
* [[mig]]
* [[själv]]
=={{pronúncia|sv}}==
* [[AFI]]: {{IPA|/ˈjɑːɡ/|lang=sv}}, ou {{IPA|/ˈjɑː/|lang=sv}}
* {{audio|Sv-jag.ogg|audio|lang=sv}}
[[Categoria:Pronome (Sueco)]]</text>
<sha1>glp66q4aciw0m80rr3sirrq92rsjo6k</sha1>
</revision>
