<page>
<page>
<title>jaga</title>
<ns>0</ns>
<id>349546</id>
<revision>
<id>2364497</id>
<parentid>2243362</parentid>
<timestamp>2017-05-03T15:34:07Z</timestamp>
<contributor>
<username>HydrizBot</username>
<id>29590</id>
</contributor>
<minor />
<comment>Robô: A limpar links interwikis antigos</comment>
<model>wikitext</model>
<format>text/x-wiki</format>
<text bytes="409" xml:space="preserve">={{-pt-}}=
==Substantivo==
{{flex.pt|fs=jaga|fp=jagas}}
{{paroxítona|ja|ga}}, {{f}}
# ponto vazado onde a água ida a bordo de barco se vai derramada para fora
=={{etimologia|pt}}==
: Do inglês {{etimo|en|jag}}.
==Ver também==
===No Wikcionário===
* [[ajajá]]
===No Wikisaurus===
* [[Wikisaurus:navio|navio]]
[[Categoria:Substantivo (Português)]]
[[Categoria:Entrada de étimo inglês (Português)]]</text>
<sha1>2b300i2pz0ha0l9tzy01h9v8sotyp4p</sha1>
</revision>
