<page>
<title>jaggery</title>
<ns>0</ns>
<id>377093</id>
<revision>
<id>2260591</id>
<parentid>2260580</parentid>
<timestamp>2017-04-14T09:09:34Z</timestamp>
<contributor>
<username>Askekamo</username>
<id>60711</id>
</contributor>
<model>wikitext</model>
<format>text/x-wiki</format>
<text bytes="182" xml:space="preserve">={{-en-}}=
==Substantivo==
{{flex.en|s=jaggery|p=jaggeries}}
'''jaggery'''
# [[jacra]], [[jacre]], [[jágara]], [[jagra]], [[jagre]], [[xágara]]
[[Categoria:Substantivo (Inglês)]]</text>
<sha1>7t9jqhh6ngri72cg6bzlorcfwtyqhln</sha1>
</revision>
</page>
