<page>
<page>
<title>Jagoba</title>
<ns>0</ns>
<id>394749</id>
<revision>
<id>2495468</id>
<timestamp>2018-04-10T03:20:14Z</timestamp>
<contributor>
<username>Leonardo José Raimundo</username>
<id>43489</id>
</contributor>
<comment>Eu estou criando o nome &quot;Jagoba&quot;.</comment>
<model>wikitext</model>
<format>text/x-wiki</format>
<text bytes="197" xml:space="preserve">={{-eu-}}=
==Substantivo==
{{paroxítona|Ja|go|ba|lang=eu}}
# {{escopo|eu|Cristianismo|religião}} [[Tiago]]
==Ver também==
===No Wikcionário===
{{bíblia/eu}}
[[Categoria:Substantivo (Basco)]]</text>
<sha1>p63avjb549ojsmygoiq0dbfj4icccu4</sha1>
</revision>
