<page>
<title>jagoz</title>
<ns>0</ns>
<id>74908</id>
<revision>
<id>1941603</id>
<parentid>1190644</parentid>
<timestamp>2015-06-13T13:38:32Z</timestamp>
<contributor>
<username>ValJor</username>
<id>1358</id>
</contributor>
<comment>Um verbete a menos usando a [[Predefinição:flex.pt.subst.masculino|predefinição flex.pt.subst.masculino]]</comment>
<model>wikitext</model>
<format>text/x-wiki</format>
<text bytes="172" xml:space="preserve">={{-pt-}}=
==Substantivo==
{{flex.pt|s=jagoz|p=jagozes}}
{{oxítona|ja|goz}}
# [[ericeirense]]
[[Categoria:Substantivo (Português)]]
[[Categoria:Gentílico (Português)]]</text>
<sha1>pi796hiu2yzba81y67s5ep3gxfil7ei</sha1>
</revision>
</page>
