<page>
<title>jagoda</title>
<ns>0</ns>
<id>147477</id>
<revision>
<id>2690622</id>
<parentid>2659999</parentid>
<timestamp>2022-10-27T05:05:40Z</timestamp>
<contributor>
<username>InternetArchiveBot</username>
<id>81604</id>
</contributor>
<comment>Rescuing 1 sources and tagging 0 as dead.) #IABot (v2.0.9.2</comment>
<model>wikitext</model>
<format>text/x-wiki</format>
<text bytes="5447" xml:space="preserve">{{Wikipédia|lang=sl}}
{{Wikipédia|lang=pl}}
{{Wikipédia|lang=bs}}
{{Wikipédia|lang=hr}}
{{Wikipédia|lang=sh}}
{{Wikipédia|lang=dsb}}
[[Ficheiro:Alaska wild berries.jpg|thumb|right|250px|{{centro|baga}}]]
[[Ficheiro:Bunch of blueberries, one unripe.jpg|thumb|right|250px|{{centro|mirtilo}}]]
[[Ficheiro:FraiseFruitPhoto.jpg|thumb|right|250px|{{centro|morango}}]]
={{-sl-}}=
==Substantivo==
'''já.go.da''', {{gramática|f}}
# {{escopo|sl|botânica}} [[baga]], [[pequeno|pequena]] [[fruta]]
===Declinação===
{{decl.sl.subst.fem.1|jagod}}
=={{etimologia|sl}}==
: Do {{link preto|proto-eslavo}} *''(j)agoda''.
===Cognatos===
{{tradini|Cognatos de ''jagoda''}}
* {{trad|bs|jagoda}}
* {{trad-|bg|ягода|(jagoda)}}
* {{trad|cs|jahoda}}
* {{trad|hr|jagoda}}
{{tradmeio}}
* {{trad|pl|jagoda}}
* {{trad-|ru|ягода|(jagoda)}}
* {{trad|sr|јагода|jagoda}}
{{tradfim}}
[[Categoria:Substantivo (Esloveno)]]
[[Categoria:Trissílabo (Esloveno)]]
[[Categoria:Fruta (Esloveno)]]
[[Categoria:Entrada com imagem (Esloveno)]]
={{-pl-}}=
==Substantivo==
{{paroxítona|ja|go|da|lang=pl}}, {{gramática|f}}
# {{escopo|pl|Botânica}} [[baga]], [[pequeno|pequena]] [[fruta]]
# {{escopo|pl|Botânica|Fruta}} [[mirtilo]]
# {{tradex|pl|Lubię jeść '''jagody''' z bitą śmietaną.|Gosto de comer mirtilos com chantilly.}}
# {{escopo|pl|obsoleto|poético|anatomia}} [[bochecha]]
===Declinação===
{{decl.pl.subst.fem.1|jago|d|gp={{link preto|jagód}}}}
===Sinônimos===
* De '''2''': {{link opcional|czarna jagoda}}, {{link opcional|borówka}}
===Locuções e expressões===
* '''{{link opcional|czarna jagoda}}''': {{escopo2|botânica}} [[mirtilo]]
* '''{{link opcional|czerwona jagoda}}''': {{escopo2|botânica}} [[arando-vermelho]] (''[[wikispecies:Vaccinium  vitis-idaea|Vaccinium  vitis-idaea]]'')
===Verbetes derivados===
{{verTambém.Ini}}
* {{link opcional|jagódka}} (''[[diminutivo]]'')
* {{link opcional|jagodowy}}
* {{link opcional|jagodzianka}}
{{verTambém.Fim}}
=={{etimologia|pl}}==
: Do {{link preto|proto-eslavo}} *''(j)agoda''.
===Cognatos===
{{tradini|Cognatos de ''jagoda''}}
* {{trad|bs|jagoda}}
* {{trad-|bg|ягода|(jagoda)}}
* {{trad|cs|jahoda}}
* {{trad|sl|jagoda}}
{{tradmeio}}
* {{trad|hr|jagoda}}
* {{trad-|ru|ягода|(jagoda)}}
* {{trad|sr|јагода|jagoda}}
{{tradfim}}
=={{pronúncia|pl}}==
* [[AFI]]: {{AFI|/jaˈɡɔ.d̪a/}}
* [[X-SAMPA]]: /ja&quot;gO.d_da/
==Ver também==
===No Wikcionário===
{{verTambém.Ini}}
* {{link opcional|jeżyna}}
* {{link opcional|truskawka}}
{{verTambém.NovaColuna}}
* {{link opcional|poziomka}}
* {{link opcional|żurawina}}
{{verTambém.Fim}}
===Referências===
{{verTambém.Ini}}
* [https://sjp.pwn.pl/szukaj/jagoda.html ''jagoda'' no Słownik Języka Polskiego PWN (em polonês)]
{{verTambém.Fim}}
[[Categoria:Substantivo (Polonês)]]
[[Categoria:Entrada com imagem (Polonês)]]
={{-sh-}}=
==Substantivo==
'''jȁ.go.da''', {{gramática|f}}
# {{escopo|sh|botânica}} [[morangueiro]], [[arbusto]] do [[género]] ''[[species:Fragaria|Fragaria]]'':
#* ''Selo je čuveno po umetničkim radionicama, plodnom zemljištu i uzgoju šećerne trske, ananasa, '''jagoda''', ruža i povrća.'' &lt;small&gt;(O vilarejo é famoso pelas suas oficinas de arte, solo fértil e o cultivo de cana-de-açúcar, abacaxi, morango, rosa e vegetais.)&lt;/small&gt;
# {{escopo|sh|botânica}} [[morango]], [[fruto]] do [[morangueiro]]
==={{-varort-}}===
* '''Alfabeto cirílico''': {{escopo2|sérvio}} {{link preto|јагода}}
===Declinação===
{{decl.sh.subst.fem.1|lat=jagod|cir=јагод}}
=={{etimologia|sh}}==
: Do {{link preto|proto-eslavo}} *''(j)agoda''.
===Cognatos===
{{tradini|Cognatos de ''jagoda''}}
* {{trad-|bg|ягода|(jagoda)}}
* {{trad|cs|jahoda}}
{{tradmeio}}
* {{trad|sl|jagoda}}
* {{trad-|ru|ягода|(jagoda)}}
{{tradfim}}
=={{pronúncia|sh}}==
* [[AFI]]: {{AFI|/jâ.ɡɔ.da/}}
* [[X-SAMPA]]: /ja_F.gO.da/
==Ver também==
===Referências===
{{verTambém.Ini}}
* [https://web.archive.org/web/20151011075622/http://engleskirjecnik.com/jagoda ''jagoda'' no Engleski rječnik (em bósnio e inglês)]
* [http://dict.susjed.com/index.php?lang=en_hr&amp;word=jagoda ''jagoda'' no Hrvatski-Engleski Rječnik (Dict.Susjed.com) (em croata)]
* [http://www.rjecnik.ba/index.php?cbDB=engbos&amp;txtWord=jagoda ''jagoda'' no rjecnik.ba (em bósnio)]
* [http://recnik.krstarica.com/e/?text=jagoda&amp;conversion=&amp;src=sr&amp;dst=en&amp;do=1 ''jagoda'' no Serbian-English Cruiser Dictionary (em inglês)]
{{verTambém.Fim}}
[[Categoria:Substantivo (Servocroata)]]
[[Categoria:Trissílabo (Servocroata)]]
[[Categoria:Botânica (Servocroata)]]
[[Categoria:Fruta (Servocroata)]]
[[Categoria:Entrada com imagem (Servocroata)]]
[[Categoria:Substantivo (Bósnio)]]
[[Categoria:Trissílabo (Bósnio)]]
[[Categoria:Botânica (Bósnio)]]
[[Categoria:Fruta (Bósnio)]]
[[Categoria:Entrada com imagem (Bósnio)]]
[[Categoria:Substantivo (Croata)]]
[[Categoria:Trissílabo (Croata)]]
[[Categoria:Botânica (Croata)]]
[[Categoria:Fruta (Croata)]]
[[Categoria:Entrada com imagem (Croata)]]
[[Categoria:Substantivo (Sérvio)]]
[[Categoria:Trissílabo (Sérvio)]]
[[Categoria:Botânica (Sérvio)]]
[[Categoria:Fruta (Sérvio)]]
[[Categoria:Entrada com imagem (Sérvio)]]
={{-dsb-}}=
==Substantivo==
'''jágoda'''
# {{escopo|dsb|botânica}} [[baga]], [[pequeno|pequena]] [[fruta]]
[[Categoria:Substantivo (Sorábio Baixo)]]
[[Categoria:Fruta (Sorábio Baixo)]]
[[Categoria:Entrada com imagem (Sorábio Baixo)]]</text>
<sha1>s58gu2l9s3weku50ll06p72vjlj2l4i</sha1>
</revision>
</page>
