<page>
<page>
<title>jagre</title>
<ns>0</ns>
<id>377097</id>
<revision>
<id>2260594</id>
<timestamp>2017-04-14T09:15:56Z</timestamp>
<contributor>
<username>Askekamo</username>
<id>60711</id>
</contributor>
<comment>de https://pt.wiktionary.org/w/index.php?title=j%C3%A1gara&amp;oldid=2260588</comment>
<model>wikitext</model>
<format>text/x-wiki</format>
<text bytes="269" xml:space="preserve">={{-pt-}}=
==Substantivo==
{{flex.pt|s=jagre|p=jagres}}
{{paroxítona|ja|gre}}, {{gramática|m}}
# açúcar feito de coqueiro e de cana que uma vez extraído é pouco beneficiado e se encontra em formato de bloco, tablete ou cubo
[[Categoria:Substantivo (Português)]]</text>
<sha1>nkpkgrur7a6rxzlsrlli84iulmuvi0o</sha1>
</revision>
