<page>
<page>
<title>Jaguapitã</title>
<ns>0</ns>
<id>140090</id>
<revision>
<id>2271552</id>
<parentid>1198054</parentid>
<timestamp>2017-04-26T19:34:11Z</timestamp>
<contributor>
<username>HydrizBot</username>
<id>29590</id>
</contributor>
<minor />
<comment>Robô: A limpar links interwikis antigos</comment>
<model>wikitext</model>
<format>text/x-wiki</format>
<text bytes="250" xml:space="preserve">={{-pt-}}=
{{Wikipédia}}
==Substantivo==
'''Jaguapitã''' {{pr}}
#[[município]] [[brasileiro]] do [[estado]] do [[Paraná]]
==Ver também==
*[[Apêndice:Municípios do estado do Paraná]]
[[Categoria:Município do estado do Paraná (Português)]]</text>
<sha1>34onhu8t8coywqoeolyutwf8z4k90kf</sha1>
</revision>
