<page>
<title>jaguá</title>
<ns>0</ns>
<id>6368</id>
<revision>
<id>1855136</id>
<parentid>1611751</parentid>
<timestamp>2014-09-03T11:13:23Z</timestamp>
<contributor>
<username>ValJor</username>
<id>1358</id>
</contributor>
<comment>Retirando verbete da [[:Categoria:Entrada com imagem]]</comment>
<model>wikitext</model>
<format>text/x-wiki</format>
<text bytes="582" xml:space="preserve">[[Imagem:Jack-Russell-Terrier.jpg|thumb|200px|&lt;center&gt;Cão&lt;/center&gt;]]
={{-gn-}}=
==Substantivo==
'''ja.guá''' ''masculino''; ''feminino'': [[jaguá cunhá]]
# [[cachorro]]; [[cão]]
==Ver também==
===No Wikcionário===
* '''jaguá nhe-ẽ''' = ''ladrido, latido''
* '''jaguá nharõ''' = ''cão bravo''
* '''jaguareté''' = ''onça pintada''
* '''jaguá pé''' = ''ariranha, lontra''
* '''jaguá ra`y''' = ''filhote de cachorro''
[[Categoria:Substantivo (Guarani)]]
[[Categoria:Dissílabo (Guarani)]]
[[Categoria:Mamífero (Guarani)]]
[[Categoria:Entrada com imagem (Guarani)]]</text>
<sha1>110cd67mg70t6xi5dvkk9xfb2d8rkjv</sha1>
</revision>
</page>
