<page>
<title>Jaguaretama</title>
<ns>0</ns>
<id>137964</id>
<revision>
<id>2271556</id>
<parentid>1196100</parentid>
<timestamp>2017-04-26T19:34:18Z</timestamp>
<contributor>
<username>HydrizBot</username>
<id>29590</id>
</contributor>
<minor />
<comment>Robô: A limpar links interwikis antigos</comment>
<model>wikitext</model>
<format>text/x-wiki</format>
<text bytes="248" xml:space="preserve">={{-pt-}}=
{{Wikipédia}}
==Substantivo==
'''Jaguaretama''' {{pr}}
#[[município]] [[brasileiro]] do [[estado]] do [[Ceará]]
==Ver também==
*[[Apêndice:Municípios do estado do Ceará]]
[[Categoria:Município do estado do Ceará (Português)]]</text>
<sha1>k9xkpzf5k6s7g6h1ktcfceih5jzgkqr</sha1>
</revision>
</page>
