<page>
<page>
<title>jaguara</title>
<ns>0</ns>
<id>6369</id>
<revision>
<id>2421193</id>
<parentid>2421171</parentid>
<timestamp>2017-07-06T03:11:03Z</timestamp>
<contributor>
<username>Askekamo</username>
<id>60711</id>
</contributor>
<model>wikitext</model>
<format>text/x-wiki</format>
<text bytes="1125" xml:space="preserve">={{-pt-}}=
==Substantivo==
{{paroxítona|ja|gua|ra}}, {{gramática|m}}
# {{escopo|pt|Cinologia}} [[cachorro]] cuja a raça não é definível
#: '''1988''', Mário de Andrade, ''Macunaima'', Editorial CSIC - CSIC Press, página: 52
#*: ''Ia saindo quando topou com o '''jaguara''' do gigante, que chamava Xaréu, nome de peixe pra não ficar hidrófobo. O herói teve medo e desembestou numa chispada mãe parque a dentro. O cachorro correu atrás. Correram correram.''
[[Categoria:Substantivo (Português)]]
={{-tu-}}=
==Substantivo==
'''ja.gua.ra'''
# [[cão]]; [[cachorro]]
# [[onça]]
# a [[estrela]] [[vésper]]; o planeta Vênus à tarde
=== Fraseologia ===
* '''[[jaguaracaba]]''' = ''vespa de cachorro''
* '''[[jaguanharõ]]''' = ''cão bravo''
* '''[[jaguapeba]]''' = ''cão doméstico''
* '''[[jaguacaca]]''' = ''lontra''
* '''[[jaguakyba]]''' = ''piolho de cão; [[pulga]]''
* '''[[jaguaruna]]''' = ''onça preta''
* '''[[jaguarassu]]''' = ''onça grande''
* '''[[jaguarussu]]''' = ''cachorro do mato''
* '''[[jaguatyryca]]''' = ''gato-do-mato''
[[Categoria:Substantivo (Tupi)]]
[[Categoria:Mamífero (Tupi)]]</text>
<sha1>7vvvrdoox7fltzlyso0b2j8n06ss44t</sha1>
</revision>
