<page>
<page>
<title>Jaguaré</title>
<ns>0</ns>
<id>144815</id>
<revision>
<id>2271567</id>
<parentid>1196227</parentid>
<timestamp>2017-04-26T19:34:34Z</timestamp>
<contributor>
<username>HydrizBot</username>
<id>29590</id>
</contributor>
<minor />
<comment>Robô: A limpar links interwikis antigos</comment>
<model>wikitext</model>
<format>text/x-wiki</format>
<text bytes="272" xml:space="preserve">={{-pt-}}=
{{Wikipédia}}
==Substantivo==
'''Jaguaré''' {{pr}}
#[[município]] [[brasileiro]] do [[estado]] do [[Espírito Santo]]
==Ver também==
*[[Apêndice:Municípios do estado do Espírito Santo]]
[[Categoria:Município do estado do Espírito Santo (Português)]]</text>
<sha1>40uzskw1fhfxzimq5vwf6zj096zhxmq</sha1>
</revision>
