<page>
<page>
<title>jagunço</title>
<ns>0</ns>
<id>271293</id>
<revision>
<id>2622914</id>
<parentid>2444317</parentid>
<timestamp>2021-02-07T16:12:08Z</timestamp>
<contributor>
<ip>2804:29B8:508F:292C:BD94:D914:9D89:F27</ip>
</contributor>
<comment>/* Substantivo */</comment>
<model>wikitext</model>
<format>text/x-wiki</format>
<text bytes="656" xml:space="preserve">{{Wikipédia}}
={{-pt-}}=
==Substantivo==
{{flex.pt|ms=jagunço|mp=jagunços}}
{{paroxítona|ja|gun|ço}}, {{gramática|m}}
# {{escopo|pt|Brasil|Nordeste}} [[criminoso]] contratado como [[guarda-costas]] ou [[segurança]] de uma pessoa influente; pistoleiro ou cangaceiro contratado para matar
# {{escopo|pt|História}} aquele que fazia parte do grupo de Antônio Conselheiro (1828-1897), chefe da revolução de Canudos, na Bahia
# {{escopo|pt|Brasil|Pernambuco|Alagoas}} arma que consiste em uma ponta de ferro aguçada, usada como arma de ataque e defesa popular
===Sinônimo===
* [[cangaceiro]]
* [[assassino]]
[[Categoria:Substantivo (Português)]]</text>
<sha1>n2y6ri78g36co13649gxsvvch727o2t</sha1>
</revision>
