<page>
<page>
<title>Jaguaribara</title>
<ns>0</ns>
<id>137965</id>
<revision>
<id>2271559</id>
<parentid>1196101</parentid>
<timestamp>2017-04-26T19:34:23Z</timestamp>
<contributor>
<username>HydrizBot</username>
<id>29590</id>
</contributor>
<minor />
<comment>Robô: A limpar links interwikis antigos</comment>
<model>wikitext</model>
<format>text/x-wiki</format>
<text bytes="248" xml:space="preserve">={{-pt-}}=
{{Wikipédia}}
==Substantivo==
'''Jaguaribara''' {{pr}}
#[[município]] [[brasileiro]] do [[estado]] do [[Ceará]]
==Ver também==
*[[Apêndice:Municípios do estado do Ceará]]
[[Categoria:Município do estado do Ceará (Português)]]</text>
<sha1>sep20awozjss6jyejvof8td7srvx8b5</sha1>
</revision>
