<page>
<page>
<title>Jaguaraçu</title>
<ns>0</ns>
<id>141097</id>
<revision>
<id>2271555</id>
<parentid>2109555</parentid>
<timestamp>2017-04-26T19:34:15Z</timestamp>
<contributor>
<username>HydrizBot</username>
<id>29590</id>
</contributor>
<minor />
<comment>Robô: A limpar links interwikis antigos</comment>
<model>wikitext</model>
<format>text/x-wiki</format>
<text bytes="265" xml:space="preserve">={{-pt-}}=
{{Wikipédia}}
==Substantivo==
'''Jaguaraçu''' {{pr}}
#[[município]] [[brasileiro]] do [[estado]] de [[Minas Gerais]]
==Ver também==
*[[Apêndice:Municípios do estado de Minas Gerais]]
[[Categoria:Município do estado de Minas Gerais (Português)]]</text>
<sha1>rytutu46hsbqk0yspiuryw5vnmt1jyo</sha1>
</revision>
