<page>
<page>
<title>Jaguaripe</title>
<ns>0</ns>
<id>137598</id>
<revision>
<id>2271561</id>
<parentid>2109553</parentid>
<timestamp>2017-04-26T19:34:26Z</timestamp>
<contributor>
<username>HydrizBot</username>
<id>29590</id>
</contributor>
<minor />
<comment>Robô: A limpar links interwikis antigos</comment>
<model>wikitext</model>
<format>text/x-wiki</format>
<text bytes="243" xml:space="preserve">={{-pt-}}=
{{Wikipédia}}
==Substantivo==
'''Jaguaripe''' {{pr}}
#[[município]] [[brasileiro]] do [[estado]] da [[Bahia]]
==Ver também==
*[[Apêndice:Municípios do estado da Bahia]]
[[Categoria:Município do estado da Bahia (Português)]]</text>
<sha1>7tl41cnp3ofnpvdkyyq8v7y0nvah5wk</sha1>
</revision>
