<page>
<title>jaguar</title>
<ns>0</ns>
<id>118792</id>
<revision>
<id>2611117</id>
<parentid>2364500</parentid>
<timestamp>2021-01-30T23:05:23Z</timestamp>
<contributor>
<username>Marxav</username>
<id>73271</id>
</contributor>
<minor />
<comment>AFI Portugal</comment>
<model>wikitext</model>
<format>text/x-wiki</format>
<text bytes="2718" xml:space="preserve">{{Wikipédia}}
[[Image:Jaguar sitting-edit1.jpg|thumb|250px|&lt;center&gt;Jaguar&lt;/center&gt;]]
={{-pt-}}=
==Substantivo==
{{flex.pt|ms=jaguar|mp=jaguares}}
{{oxítona|ja|guar}}
# {{escopo|Zoologia}} [[felídeo]] [[grande]] e [[feroz]] cuja [[pelo|pelagem]] tem [[mancha]]s [[preto|pretas]]; [[onça]], onça-pintada
===Tradução===
{{tradini}}
* {{trad|da|jaguar}}
* {{trad|es|jaguar}}
* {{trad|fr|jaguar}}
* {{trad|nl|jaguar}}
* {{trad|hu|jaguár}}
* {{trad|en|jaguar}}
{{tradmeio}}
* {{trad|pl|jaguar}}
* {{trad|ro|jaguar}}
* {{trad|sh|jaguar}}
* {{trad|tr|jaguar}}
* {{trad|roa-tal|zagoara}}
{{tradfim}}
=={{etimologia|pt}}==
: Do tupi ''ya 'guara''.
={{-da-}}=
==Substantivo==
'''jaguar'''
# {{escopo|Zoologia}} [[jaguar#Português|jaguar]]
={{-es-}}=
==Substantivo==
'''jaguar'''
# {{escopo|Zoologia}} [[jaguar#Português|jaguar]]
={{-fr-}}=
==Substantivo==
'''jaguar'''
# {{escopo|Zoologia}} [[jaguar#Português|jaguar]]
={{-nl-}}=
==Substantivo==
'''jaguar'''
# {{escopo|Zoologia}} [[jaguar#Português|jaguar]]
={{-en-}}=
==Substantivo==
'''jaguar'''
# {{escopo|Zoologia}} [[jaguar#Português|jaguar]]
={{-pl-}}=
==Substantivo==
'''jaguar'''
# {{escopo|Zoologia}} [[jaguar#Português|jaguar]]
={{-ro-}}=
==Substantivo==
'''jaguar'''
# {{escopo|Zoologia}} [[jaguar#Português|jaguar]]
={{-sh-}}=
==Substantivo==
'''jaguar'''
# {{escopo|Zoologia}} [[jaguar#Português|jaguar]]
={{-tr-}}=
==Substantivo==
'''jaguar'''
# {{escopo|Zoologia}} [[jaguar#Português|jaguar]]
=={{pronúncia|pt}}==
===Portugal===
* AFI: {{AFI|/ʒɐ.ˈɡwaɾ/}}
[[Categoria:Substantivo (Português)]]
[[Categoria:Mamífero (Português)]]
[[Categoria:Entrada com imagem (Português)]]
[[Categoria:Substantivo (Dinamarquês)]]
[[Categoria:Mamífero (Dinamarquês)]]
[[Categoria:Entrada com imagem (Dinamarquês)]]
[[Categoria:Substantivo (Espanhol)]]
[[Categoria:Mamífero (Espanhol)]]
[[Categoria:Entrada com imagem (Espanhol)]]
[[Categoria:Substantivo (Francês)]]
[[Categoria:Mamífero (Francês)]]
[[Categoria:Entrada com imagem (Francês)]]
[[Categoria:Substantivo (Holandês)]]
[[Categoria:Mamífero (Holandês)]]
[[Categoria:Entrada com imagem (Holandês)]]
[[Categoria:Substantivo (Inglês)]]
[[Categoria:Mamífero (Inglês)]]
[[Categoria:Entrada com imagem (Inglês)]]
[[Categoria:Substantivo (Polonês)]]
[[Categoria:Mamífero (Polonês)]]
[[Categoria:Entrada com imagem (Polonês)]]
[[Categoria:Substantivo (Romeno)]]
[[Categoria:Mamífero (Romeno)]]
[[Categoria:Entrada com imagem (Romeno)]]
[[Categoria:Substantivo (Servocroata)]]
[[Categoria:Mamífero (Servocroata)]]
[[Categoria:Entrada com imagem (Servocroata)]]
[[Categoria:Substantivo (Turco)]]
[[Categoria:Mamífero (Turco)]]
[[Categoria:Entrada com imagem (Turco)]]</text>
<sha1>jpervald7rohr5bbtnm56z6nvuo4o1h</sha1>
</revision>
</page>
