<page>
<page>
<title>Jaguariúna</title>
<ns>0</ns>
<id>136517</id>
<revision>
<id>2488025</id>
<parentid>2488024</parentid>
<timestamp>2018-03-06T06:45:18Z</timestamp>
<contributor>
<username>MIL973</username>
<id>41339</id>
</contributor>
<model>wikitext</model>
<format>text/x-wiki</format>
<text bytes="461" xml:space="preserve">{{Wikipédia}}
={{-pt-}}=
==Substantivo==
{{paroxítona|Ja|gua|ri|ú|na}}, {{gramática|pr}}
# {{escopo|pt|Município do estado de São Paulo}} [[Apêndice:Gentílicos e topónimos em português/Brasil/São Paulo|município brasileiro do estado de São Paulo]]
==Ver também==
===No Wikcionário===
* [[jaguariunense]]
==Ligações externas==
* [http://www.jaguariuna.sp.gov.br/ Prefeitura de Jaguariúna (São Paulo)]
[[Categoria:Substantivo (Português)]]</text>
<sha1>gssiclv85xxt5i7kx34unbsjmo8c8ck</sha1>
</revision>
