<page>
<title>Jaguaruna</title>
<ns>0</ns>
<id>143858</id>
<revision>
<id>2271564</id>
<parentid>2109551</parentid>
<timestamp>2017-04-26T19:34:30Z</timestamp>
<contributor>
<username>HydrizBot</username>
<id>29590</id>
</contributor>
<minor />
<comment>Robô: A limpar links interwikis antigos</comment>
<model>wikitext</model>
<format>text/x-wiki</format>
<text bytes="270" xml:space="preserve">={{-pt-}}=
{{Wikipédia}}
==Substantivo==
'''Jaguaruna''' {{pr}}
#[[município]] [[brasileiro]] do [[estado]] de [[Santa Catarina]]
==Ver também==
*[[Apêndice:Municípios do estado de Santa Catarina]]
[[Categoria:Município do estado de Santa Catarina (Português)]]</text>
<sha1>jsfgtojybip3tqvfbl7uf9f4byle4rc</sha1>
</revision>
</page>
