<page>
<title>Jaguaquara</title>
<ns>0</ns>
<id>137596</id>
<revision>
<id>2271553</id>
<parentid>2109557</parentid>
<timestamp>2017-04-26T19:34:12Z</timestamp>
<contributor>
<username>HydrizBot</username>
<id>29590</id>
</contributor>
<minor />
<comment>Robô: A limpar links interwikis antigos</comment>
<model>wikitext</model>
<format>text/x-wiki</format>
<text bytes="244" xml:space="preserve">={{-pt-}}=
{{Wikipédia}}
==Substantivo==
'''Jaguaquara''' {{pr}}
#[[município]] [[brasileiro]] do [[estado]] da [[Bahia]]
==Ver também==
*[[Apêndice:Municípios do estado da Bahia]]
[[Categoria:Município do estado da Bahia (Português)]]</text>
<sha1>pyvv23ns77xcadi9xujggvckxdx5e4v</sha1>
</revision>
</page>
