<page>
<page>
<title>Jaguaribe</title>
<ns>0</ns>
<id>137966</id>
<revision>
<id>2271560</id>
<parentid>1196102</parentid>
<timestamp>2017-04-26T19:34:25Z</timestamp>
<contributor>
<username>HydrizBot</username>
<id>29590</id>
</contributor>
<minor />
<comment>Robô: A limpar links interwikis antigos</comment>
<model>wikitext</model>
<format>text/x-wiki</format>
<text bytes="246" xml:space="preserve">={{-pt-}}=
{{Wikipédia}}
==Substantivo==
'''Jaguaribe''' {{pr}}
#[[município]] [[brasileiro]] do [[estado]] do [[Ceará]]
==Ver também==
*[[Apêndice:Municípios do estado do Ceará]]
[[Categoria:Município do estado do Ceará (Português)]]</text>
<sha1>iq367n9t541h2n71sjqvmt99z2iu3i5</sha1>
</revision>
