<page>
<title>jahi</title>
<ns>0</ns>
<id>223781</id>
<revision>
<id>2364505</id>
<parentid>1554338</parentid>
<timestamp>2017-05-03T15:34:43Z</timestamp>
<contributor>
<username>HydrizBot</username>
<id>29590</id>
</contributor>
<minor />
<comment>Robô: A limpar links interwikis antigos</comment>
<model>wikitext</model>
<format>text/x-wiki</format>
<text bytes="191" xml:space="preserve">={{-ae-}}=
==Substantivo==
'''jahi'''
# [[pessoa]] [[libertino|libertina]]
# pessoa de [[vida]] [[licencioso|licenciosa]]
==Ver também==
* [[jahika]]
[[Categoria:Substantivo (Avéstico)]]</text>
<sha1>jyokqwwttnkqsz1cajyey9goebyik0w</sha1>
</revision>
</page>
