<page>
<page>
<title>jahki</title>
<ns>0</ns>
<id>87505</id>
<revision>
<id>2364506</id>
<parentid>1818583</parentid>
<timestamp>2017-05-03T15:34:49Z</timestamp>
<contributor>
<username>HydrizBot</username>
<id>29590</id>
</contributor>
<minor />
<comment>Robô: A limpar links interwikis antigos</comment>
<model>wikitext</model>
<format>text/x-wiki</format>
<text bytes="493" xml:space="preserve">={{-se-}}=
==Substantivo==
'''jah.ki''' ({{p}} '''''[[jagit]]''''')
# [[ano]].
===Verbetes derivados===
* [[gárgádusjahki]]
==Ver também==
===No Wikcionário===
{{verTambém.Ini}}
* [[Apêndice:Estações do ano]]
* [[Apêndice:Meses do ano|Apêndice:Meses do ano]]
* [[Apêndice:Unidades de tempo]]
{{verTambém.Fim}}
{{estações do ano/se}}
{{meses/se}}
[[Categoria:Substantivo (Sami Setentrional)]]
[[Categoria:Dissílabo (Sami Setentrional)]]
[[Categoria:Tempo (Sami Setentrional)]]</text>
<sha1>0n08ltjl9cjgep2efmykwms3jy78w7x</sha1>
</revision>
