<page>
<title>jahoda</title>
<ns>0</ns>
<id>147480</id>
<revision>
<id>2665442</id>
<parentid>2665441</parentid>
<timestamp>2022-03-14T05:51:47Z</timestamp>
<contributor>
<username>First jumper</username>
<id>44431</id>
</contributor>
<minor />
<comment>/* {{-cs-}} */</comment>
<model>wikitext</model>
<format>text/x-wiki</format>
<text bytes="474" xml:space="preserve">={{-cs-}}=
==Substantivo==
'''{{grifar|ja}}.ho.da''', {{gramática|f}}
#{{escopo|cs|fruta}} [[morango]]
#{{escopo|cs|planta}} [[morangueiro]]
#{{escopo|cs|dialetal}} {{escopo|cs|cor}} colorido como um [[morango]]
===Declinação===
{{decl.cs.subst.fem.1|jahod}}
===Sinônimos===
* De '''2''': [[jahodník]]
=={{pronúncia|cs}}==
* [[AFI]]: {{AFI|/jaɦɔda/}}
==Ver também==
===No Wikcionário===
{{cores/cs}}
{{categorias|{{nome categoria|cs}}|Trissílabo|Substantivo}}</text>
<sha1>tizcpystppfcpyspgkgk2c1mqw31o6b</sha1>
</revision>
</page>
