<page>
<title>Jahr</title>
<ns>0</ns>
<id>12282</id>
<revision>
<id>2470684</id>
<parentid>2271568</parentid>
<timestamp>2017-12-15T06:45:53Z</timestamp>
<contributor>
<username>Spanier</username>
<id>43713</id>
</contributor>
<comment>suplementos</comment>
<model>wikitext</model>
<format>text/x-wiki</format>
<text bytes="527" xml:space="preserve">={{-de-}}=
==Substantivo==
'''Jahr''', {{gramática|n}}
# {{escopo|de|tempo}} [[ano]]
=== Declinação ===
{{decl.de.subst.forte.neu.date|ns=Jahr|np=Jahre|gs=Jahr(e)s}}
===Verbetes derivados===
{{verTambém.Ini}}
* [[Jahrhundert]]
* [[Frühjahr]]
{{verTambém.NovaColuna}}
{{verTambém.Fim}}
== {{etimologia|de}} ==
: Do [[alto alemão antigo]] ''jār''.
== {{pronúncia|de}} ==
* [[AFI]]: {{AFI|/jaːɐ̯/|de}}
* {{audio|De-Jahr.ogg|ouvir|lang=de}}
[[Categoria:Substantivo_(Alemão)]]
[[Categoria:Monossílabo (Alemão)]]</text>
<sha1>6n7ph0bubfm3khkrduqg1ycc37aa3wq</sha1>
</revision>
</page>
