<page>
<title>Jahreswechsel</title>
<ns>0</ns>
<id>15117</id>
<revision>
<id>2271569</id>
<parentid>2052911</parentid>
<timestamp>2017-04-26T19:34:45Z</timestamp>
<contributor>
<username>HydrizBot</username>
<id>29590</id>
</contributor>
<minor />
<comment>Robô: A limpar links interwikis antigos</comment>
<model>wikitext</model>
<format>text/x-wiki</format>
<text bytes="225" xml:space="preserve">={{-de-}}=
==Substantivo==
{{decl.de.subst.forte.masc|ns=Jahreswechsel|np=Jahreswechsel|gs=Jahreswechsels}}
'''Jah.res.wech.sel''', ''masculino''
# [[mudança]] de [[ano]], [[ano-novo]].
[[Categoria:Substantivo_(Alemão)]]</text>
<sha1>kirbb5pv7i7p4bb2bqc4x7dabap37tu</sha1>
</revision>
</page>
