<page>
<page>
<title>jai</title>
<ns>0</ns>
<id>86621</id>
<revision>
<id>2364508</id>
<parentid>1956143</parentid>
<timestamp>2017-05-03T15:34:59Z</timestamp>
<contributor>
<username>HydrizBot</username>
<id>29590</id>
</contributor>
<minor />
<comment>Robô: A limpar links interwikis antigos</comment>
<model>wikitext</model>
<format>text/x-wiki</format>
<text bytes="277" xml:space="preserve">={{-lt-}}=
==Pronome==
'''jai''' ''[[pessoal]]''
# [[forma]] [[não-]][[pronominal]] do [[pronome pessoal]] do [[caso]] [[dativo]] da [[terceiro|terceira]] [[pessoa]] do [[feminino]] [[singular]].
===Declinação===
{{decl.lt.pron.3a}}
[[Categoria:Pronome pessoal (Lituano)]]</text>
<sha1>t5zgy41av3ow6b97a6zcz4e5cjabxrx</sha1>
</revision>
