<page>
<page>
<title>jaiam</title>
<ns>0</ns>
<id>345581</id>
<revision>
<id>2009380</id>
<timestamp>2015-10-04T21:50:03Z</timestamp>
<contributor>
<username>Cpls</username>
<id>20608</id>
</contributor>
<comment>[[Ajuda:Guia de edição/Menus e ferramentas/Sumário de edição|→]] nova página: ={{-roa-gpm-}}= ==Substantivo== {{oxítona|jai|am|lang=roa-gpm}}, {{m}} # [[gigante]]  =={{etimologia|roa-gpm...</comment>
<model>wikitext</model>
<format>text/x-wiki</format>
<text bytes="319" xml:space="preserve">={{-roa-gpm-}}=
==Substantivo==
{{oxítona|jai|am|lang=roa-gpm}}, {{m}}
# [[gigante]]
=={{etimologia|roa-gpm}}==
: Do [[latim]] {{etimo|la|gigante}}. Cognato do [[francês]] [[antigo]] ''[[jaiant#{{fro}}|jaiant]]'' e do [[espanhol]] ''[[jayán#{{es}}|jayán]]''.
[[Categoria:Substantivo (Galego-Português Medieval)]]</text>
<sha1>69bphcphqwwiy7uc4e25w5fs5b6os52</sha1>
</revision>
