<page>
<title>Jaicós</title>
<ns>0</ns>
<id>145749</id>
<revision>
<id>2271572</id>
<parentid>1198783</parentid>
<timestamp>2017-04-26T19:34:54Z</timestamp>
<contributor>
<username>HydrizBot</username>
<id>29590</id>
</contributor>
<minor />
<comment>Robô: A limpar links interwikis antigos</comment>
<model>wikitext</model>
<format>text/x-wiki</format>
<text bytes="244" xml:space="preserve">={{-pt-}}=
{{Wikipédia}}
==Substantivo==
'''Jaicós''' {{pr}}
#[[município]] [[brasileiro]] do [[estado]] do [[Piauí]]
==Ver também==
*[[Apêndice:Municípios do estado do Piauí]]
[[Categoria:Município do estado do Piauí (Português)]]</text>
<sha1>acklkci7pktft9qnbq0i87wy2khqwo3</sha1>
</revision>
</page>
