<page>
<page>
<title>Jaime</title>
<ns>0</ns>
<id>271022</id>
<revision>
<id>2426252</id>
<parentid>2426246</parentid>
<timestamp>2017-07-08T20:51:46Z</timestamp>
<contributor>
<username>Defender</username>
<id>15952</id>
</contributor>
<minor />
<comment>Revertidas edições por [[Especial:Contribuições/170.247.109.70|170.247.109.70]] para a última versão por [[Especial:Contribuições/HydrizBot|HydrizBot]]</comment>
<model>wikitext</model>
<format>text/x-wiki</format>
<text bytes="1737" xml:space="preserve">{{Wikipédia}}
={{-pt-}}=
==Substantivo==
{{paroxítona|Jai|me}}, ''masculino, próprio''
# [[prenome]] [[masculino]]
===Tradução===
{{tradini}}
* {{trad|ast|Xaime}}
* {{trad|ca|Jaume}}
* {{trad|es|Jaime}}
* {{trad|gl|Xaime}}
* {{trad|en|James}}
{{tradmeio}}
* {{trad|it|Giaime|Giaimo}}
* {{trad|oc|Jacme}}
* {{trad|ru|Джеймс}} (Dzhyeĭms)
* {{trad|sv|Jaime}}
{{tradfim}}
===Verbetes derivados===
{{verTambém.Ini}}
* {{link opcional|Iago|pt}}
* {{link opcional|Jacó|pt}}
{{verTambém.NovaColuna}}
* {{link opcional|Tiago|pt}}
{{verTambém.Fim}}
=={{etimologia|pt}}==
:Do [[francês]] {{etimo|fr|Gemmes}} (em desuso), que por sua vez veio do [[latim]] {{etimo|la|Iacomus}}, variante de [[Iacobus]].
[[Categoria:Substantivo (Português)]]
[[Categoria:Antropônimo (Português)]]
[[Categoria:Entrada de étimo latino (Português)]]
[[Categoria:Entrada de étimo francês (Português)]]
={{-es-}}=
==Substantivo==
'''Jaime''', ''masculino, próprio''
# [[Jaime#Português|Jaime]]
=={{etimologia|es}}==
:Do [[francês]] {{etimo|fr|Gemmes}} (em desuso), que por sua vez veio do [[latim]] {{etimo|la|Iacomus}}, variante de [[Iacobus]].
[[Categoria:Substantivo (Espanhol)]]
[[Categoria:Antropônimo (Espanhol)]]
[[Categoria:Entrada de étimo latino (Espanhol)]]
[[Categoria:Entrada de étimo francês (Espanhol)]]
={{-sv-}}=
==Substantivo==
'''Jaime''', ''masculino, próprio''
# [[Jaime#Português|Jaime]]
=={{etimologia|sv}}==
:Do [[francês]] {{etimo|fr|Gemmes}} (em desuso), que por sua vez veio do [[latim]] {{etimo|la|Iacomus}}, variante de [[Iacobus]].
[[Categoria:Substantivo (Sueco)]]
[[Categoria:Antropônimo (Sueco)]]
[[Categoria:Entrada de étimo latino (Sueco)]]
[[Categoria:Entrada de étimo francês (Sueco)]]</text>
<sha1>4v1e6j7gxg6sxu78gqqg02sv0epljpz</sha1>
</revision>
