<page>
<page>
<title>jaina</title>
<ns>0</ns>
<id>341263</id>
<revision>
<id>2364510</id>
<parentid>1975307</parentid>
<timestamp>2017-05-03T15:35:14Z</timestamp>
<contributor>
<username>HydrizBot</username>
<id>29590</id>
</contributor>
<minor />
<comment>Robô: A limpar links interwikis antigos</comment>
<model>wikitext</model>
<format>text/x-wiki</format>
<text bytes="814" xml:space="preserve">={{-pt-}}=
==Adjetivo==
{{paroxítona|jai|na}}, {{c2g}}
# relativo ao [[jainismo]]
===Sinônimos===
* [[jainista]]
===Traduções===
{{tradini}}
* {{trad|es|jainista}}
* {{t|fr|jaïn|m}}
{{tradmeio}}
* {{trad|en|Jain}}
{{tradfim}}
==Substantivo==
{{paroxítona|jai|na}}, {{c2g}}
# que ou quem é seguidor do [[jainismo]]
===Sinônimos===
* [[jainista]]
===Traduções===
{{tradini}}
* {{trad|es|jainista}}
* {{t|fr|jaïn|m}}
{{tradmeio}}
* {{trad|en|Jain}}
{{tradfim}}
=={{etimologia|pt}}==
: o [[sânscrito]] ''[[जैन]]'' (''jaina'') &quot;vencedor, conquistador&quot;, através do inglês ''[[Jain]]''
=={{pronúncia|pt}}==
* [[AFI]]: {{AFI|[ˈʒajnɐ]}}
== Anagramas ==
* [[inajá]]
* [[Inajá]]
[[Categoria:Adjetivo (Português)]]
[[Categoria:Substantivo (Português)]]
[[Categoria:Religião (Português)]]</text>
<sha1>5hpsmggcru908txee15n40cal4vq6tl</sha1>
</revision>
