<page>
<page>
<title>jainista</title>
<ns>0</ns>
<id>341264</id>
<revision>
<id>2364512</id>
<parentid>2204475</parentid>
<timestamp>2017-05-03T15:35:19Z</timestamp>
<contributor>
<username>HydrizBot</username>
<id>29590</id>
</contributor>
<minor />
<comment>Robô: A limpar links interwikis antigos</comment>
<model>wikitext</model>
<format>text/x-wiki</format>
<text bytes="1595" xml:space="preserve">={{-pt-}}=
==Adjetivo==
{{paroxítona|jai|nis|ta}}, {{c2g}} {{p|jainistas}}
# relativo ao [[jainismo]]
#: &quot;''Mas em outro sentido, ou seja, no sentido de que a visão global de sua figura costuma ali empanar-se por ser freqüentemente confundida com apenas uma de suas múltiplas facetas, como na lenda '''jainista''' dos cegos que procuravam apreender a imagem de um elefante tateando somente uma das partes do corpo do animal.''&quot; {{OESP|1996|agosto|10}}
===Sinônimos===
* [[jaina]]
===Traduções===
{{tradini}}
* {{trad|es|jainista}}
* {{t|fr|jaïn|m}}
{{tradmeio}}
* {{trad|en|Jain}}
{{tradfim}}
==Substantivo==
{{paroxítona|jai|nis|ta}}, {{c2g}} {{p|jainistas}}
# que ou quem é seguidor do [[jainismo]]
#: &quot;''Há ainda [[sikh]]s, [[budista]]s, [[cristãos]], '''jainistas''' e [[parse|parsi]]s, que convivem em certa harmonia.''&quot; {{OESP|2007|setembro|11}}
===Sinônimos===
* [[jaina]]
===Traduções===
{{tradini}}
* {{trad|es|jainista}}
* {{t|fr|jaïn|m}}
{{tradmeio}}
* {{trad|en|Jain}}
{{tradfim}}
=={{etimologia|pt}}==
: do [[sânscrito]] ''[[जैन]]'' (''jaina'') &quot;vencedor, conquistador&quot;, através do inglês ''[[Jain]]'' + [[-ista]]
=={{pronúncia|pt}}==
* [[AFI]]: {{AFI|[ʒajˈniʃtɐ]}}
[[Categoria:Adjetivo (Português)]]
[[Categoria:Substantivo (Português)]]
[[Categoria:Religião (Português)]]
={{-es-}}=
==Adjetivo==
'''jainista''', {{c2g}} {{p|jainistas}}
# [[#pt|Jainista]]
==Substantivo==
'''jainista''', {{c2g}} {{p|jainistas}}
# [[#pt|Jainista]]
[[Categoria:Adjetivo (Espanhol)]]
[[Categoria:Substantivo (Espanhol)]]
[[Categoria:Religião (Espanhol)]]</text>
<sha1>3b3ero5vxjg3hz832k3dn4f216i1ke5</sha1>
</revision>
