<page>
<page>
<title>jairo</title>
<ns>0</ns>
<id>346781</id>
<revision>
<id>2572770</id>
<parentid>2556839</parentid>
<timestamp>2020-01-25T20:25:18Z</timestamp>
<contributor>
<username>Cpls</username>
<id>20608</id>
</contributor>
<comment>/* {{-gl-}} */</comment>
<model>wikitext</model>
<format>text/x-wiki</format>
<text bytes="940" xml:space="preserve">{{ver também|Jairo}}
[[Imagem:Arum maculatum.jpeg|thumb|200px|right|&lt;center&gt;Jairo&lt;/center&gt;]]
={{-gl-}}=
==Substantivo==
{{flex.gl|ms=jairo|mp=jairos}}
{{paroxítona|jai|ro|lang=gl}}, {{gramática|m|lang=gl}}
# {{escopo|gl|Planta}} [[jero]], planta do gênero ''[[species:Arum|Arum]]'', (''[[species:Arum maculatum|Arum maculatum]]'', ''[[species:Arum italicum|Arum italicum]]'')
===Sinónimos===
{{colunas|2}}
* [[aro#{{gl}}|aro]]
* [[boca-de-jarro#{{gl}}|boca-de-jarro]]
* [[charo#{{gl}}|charo]] (''[[species:Arum italicum|Arum italicum]]'')
* [[erva-das-anadas#{{gl}}|erva-das-anadas]]
* [[erva-do-jerro#{{gl}}|erva-do-jerro]]
* [[jaro#{{gl}}|jaro]]
* [[jarro#{{gl}}|jarro]]
* [[tubo-de-neve#{{gl}}|tubo-de-neve]]
{{colunas/fim}}
=={{etimologia|gl}}==
{{llietimo|ar|جَرَّة‎|gl|dgiarrah/jarra|[[jarra]]}} Confronte-se com ''[[jarro#{{gl}}|jarro]]''.
[[Categoria:Substantivo (Galego)]]
[[Categoria:Entrada com imagem (Galego)]]</text>
<sha1>r7ugjp2197m6b0viq5p4oogk2xcq8pp</sha1>
</revision>
