<page>
<title>Jair</title>
<ns>0</ns>
<id>347275</id>
<revision>
<id>2556525</id>
<parentid>2460981</parentid>
<timestamp>2019-10-09T12:28:21Z</timestamp>
<contributor>
<username>MIL973</username>
<id>41339</id>
</contributor>
<model>wikitext</model>
<format>text/x-wiki</format>
<text bytes="336" xml:space="preserve">={{-pt-}}=
==Substantivo==
{{flex.pt|ms=Jair|mp=Jaíres}}
{{oxítona|Ja|ir}}, {{gramática|pr|m}}
# {{escopo|pt|Antropônimo}} [[Apêndice:Prenomes em português|prenome]] masculino
==Ver também==
===No Wikcionário===
====Antropônimos====
{{colunas|2}}
* [[Jaira]]
* [[Jairo]]
{{colunas/fim}}
[[Categoria:Substantivo (Português)]]</text>
<sha1>eugi4p8n098mq9s7yibv4nl5b0ttfvn</sha1>
</revision>
</page>
