<page>
<page>
<title>jaisiais</title>
<ns>0</ns>
<id>86642</id>
<revision>
<id>2364514</id>
<parentid>793657</parentid>
<timestamp>2017-05-03T15:35:26Z</timestamp>
<contributor>
<username>HydrizBot</username>
<id>29590</id>
</contributor>
<minor />
<comment>Robô: A limpar links interwikis antigos</comment>
<model>wikitext</model>
<format>text/x-wiki</format>
<text bytes="278" xml:space="preserve">={{-lt-}}=
==Pronome==
'''jaisiais''' ''[[pessoal]]''
# [[forma]] [[pronominal]] do [[pronome pessoal]] do [[caso]] [[instrumental]] da [[terceiro|terceira]] [[pessoa]] do [[masculino]] [[plural]].
===Declinação===
{{decl.lt.pron.3a}}
[[Categoria:Pronome pessoal (Lituano)]]</text>
<sha1>3b5skn131gvtelwzh62j7so77dmebvs</sha1>
</revision>
