<page>
<title>jais</title>
<ns>0</ns>
<id>86638</id>
<revision>
<id>2364513</id>
<parentid>1956140</parentid>
<timestamp>2017-05-03T15:35:24Z</timestamp>
<contributor>
<username>HydrizBot</username>
<id>29590</id>
</contributor>
<minor />
<comment>Robô: A limpar links interwikis antigos</comment>
<model>wikitext</model>
<format>text/x-wiki</format>
<text bytes="283" xml:space="preserve">={{-lt-}}=
==Pronome==
'''jais''' ''[[pessoal]]''
# [[forma]] [[não-]][[pronominal]] do [[pronome pessoal]] do [[caso]] [[instrumental]] da [[terceiro|terceira]] [[pessoa]] do [[masculino]] [[plural]].
===Declinação===
{{decl.lt.pron.3a}}
[[Categoria:Pronome pessoal (Lituano)]]</text>
<sha1>1mxmhuz1qi8sps1pod8y7br51bz12xt</sha1>
</revision>
</page>
