<page>
<page>
<title>jajame</title>
<ns>0</ns>
<id>86648</id>
<revision>
<id>2364517</id>
<parentid>793664</parentid>
<timestamp>2017-05-03T15:35:32Z</timestamp>
<contributor>
<username>HydrizBot</username>
<id>29590</id>
</contributor>
<minor />
<comment>Robô: A limpar links interwikis antigos</comment>
<model>wikitext</model>
<format>text/x-wiki</format>
<text bytes="312" xml:space="preserve">={{-lt-}}=
==Pronome==
'''ja.ja.me''' ''[[pessoal]]''
# [[forma]] [[pronominal]] do [[pronome pessoal]] do [[caso]] [[locativo]] da [[terceiro|terceira]] [[pessoa]] do [[masculino]] [[singular]].
===Declinação===
{{decl.lt.pron.3a}}
[[Categoria:Pronome pessoal (Lituano)]]
[[Categoria:Trissílabo (Lituano)]]</text>
<sha1>raicgx12tebu218gie00milpx95v5vz</sha1>
</revision>
