<page>
<page>
<title>jajam</title>
<ns>0</ns>
<id>86624</id>
<revision>
<id>2364516</id>
<parentid>793637</parentid>
<timestamp>2017-05-03T15:35:30Z</timestamp>
<contributor>
<username>HydrizBot</username>
<id>29590</id>
</contributor>
<minor />
<comment>Robô: A limpar links interwikis antigos</comment>
<model>wikitext</model>
<format>text/x-wiki</format>
<text bytes="307" xml:space="preserve">={{-lt-}}=
==Pronome==
'''ja.jam''' ''[[pessoal]]''
# [[forma]] [[pronominal]] do [[pronome pessoal]] do [[caso]] [[dativo]] da [[terceiro|terceira]] [[pessoa]] do [[masculino]] [[singular]].
===Declinação===
{{decl.lt.pron.3a}}
[[Categoria:Pronome pessoal (Lituano)]]
[[Categoria:Dissílabo (Lituano)]]</text>
<sha1>g8ha8spxepi53xtbcpcvfl4z5vf014b</sha1>
</revision>
