<page>
<title>jaje</title>
<ns>0</ns>
<id>224388</id>
<revision>
<id>2364518</id>
<parentid>2204474</parentid>
<timestamp>2017-05-03T15:35:38Z</timestamp>
<contributor>
<username>HydrizBot</username>
<id>29590</id>
</contributor>
<minor />
<comment>Robô: A limpar links interwikis antigos</comment>
<model>wikitext</model>
<format>text/x-wiki</format>
<text bytes="473" xml:space="preserve">={{-hr-}}=
==Substantivo==
'''ja.je''' ''neutro''
# [[ovo]]
==Ver também==
{{verTambém.Ini}}
* [[juha]]
* [[gulaš]]
* [[govedina]]
* [[kavijar]]
{{verTambém.NovaColuna}}
* [[mlijeko]]
* [[limun]]
* [[kruh]]
* [[kupus]]
{{verTambém.NovaColuna}}
* [[med]]
* [[maslac]]
* [[maslina]]
* [[meso]]
{{verTambém.NovaColuna}}
* [[mortadela]]
* [[naranča]]
* [[ocat]]
* [[rajčica]]
{{verTambém.Fim}}
[[Categoria:Substantivo (Croata)]]
[[Categoria:Alimentação (Croata)]]</text>
<sha1>17pyby1mibccafrssfxb775hp2z0o0v</sha1>
</revision>
</page>
