<page>
<title>jajji</title>
<ns>0</ns>
<id>245913</id>
<revision>
<id>2364519</id>
<parentid>2219156</parentid>
<timestamp>2017-05-03T15:35:40Z</timestamp>
<contributor>
<username>HydrizBot</username>
<id>29590</id>
</contributor>
<minor />
<comment>Robô: A limpar links interwikis antigos</comment>
<model>wikitext</model>
<format>text/x-wiki</format>
<text bytes="114" xml:space="preserve">={{-ja-}}=
==Transliteração==
# transliteração de [[ジャッジ]]
[[Categoria:Transliteração (Japonês)]]</text>
<sha1>qbchidhazdyqoz6zjvdb3zwf62qmfeg</sha1>
</revision>
</page>
