<page>
<page>
<title>jakaa</title>
<ns>0</ns>
<id>65356</id>
<revision>
<id>2364520</id>
<parentid>2259303</parentid>
<timestamp>2017-05-03T15:35:43Z</timestamp>
<contributor>
<username>HydrizBot</username>
<id>29590</id>
</contributor>
<minor />
<comment>Robô: A limpar links interwikis antigos</comment>
<model>wikitext</model>
<format>text/x-wiki</format>
<text bytes="235" xml:space="preserve">={{-fi-}}=
==Verbo==
'''ja.kaa'''
# [[partilhar]]; [[distribuir]]
# {{escopo|Matemática}} [[dividir]]
==={{pronúncia|fi}}===
* [[AFI]]: {{AFI|/ˈjɑkɑː(ʔ)/}}
[[Categoria:Verbo (Finlandês)]]
[[Categoria:Dissílabo (Finlandês)]]</text>
<sha1>p17f5sjiv29d72g52enqlhp7mqcz1ce</sha1>
</revision>
