<page>
<page>
<title>Jakab</title>
<ns>0</ns>
<id>438827</id>
<revision>
<id>2653522</id>
<timestamp>2021-11-27T20:07:47Z</timestamp>
<contributor>
<username>Leonardo José Raimundo</username>
<id>43489</id>
</contributor>
<comment>Eu estou criando o nome &quot;Jakab&quot;.</comment>
<model>wikitext</model>
<format>text/x-wiki</format>
<text bytes="173" xml:space="preserve">={{-hu-}}=
==Substantivo==
{{oxítona|Ja|kab|lang=hu}}
# {{escopo|hu|Cristianismo|religião}} [[Tiago]]
==Ver também==
{{bíblia/hu}}
[[Categoria:Substantivo (Húngaro)]]</text>
<sha1>thramvpelio1wnvnwzsigvioixw888y</sha1>
</revision>
