<page>
<page>
<title>jaki</title>
<ns>0</ns>
<id>398971</id>
<revision>
<id>2515478</id>
<parentid>2515456</parentid>
<timestamp>2018-08-13T22:01:54Z</timestamp>
<contributor>
<username>Amigo7</username>
<id>58547</id>
</contributor>
<comment>Ampliando o verbete</comment>
<model>wikitext</model>
<format>text/x-wiki</format>
<text bytes="1324" xml:space="preserve">={{-pl-}}=
==Pronome==
{{paroxítona|ja|ki|lang=pl}}, {{gramática|int|m}} (''feminino'': '''{{link opcional|jaka|pl}}''', ''neutro'': '''{{link opcional|jakie|pl}}''')
# [[como]], [[qual]]
# {{tradex|pl|'''Jaka''' powinna być idealna kobieta?|Como deve ser a mulher ideal?}}
# {{tradex|pl|'''Jaki''' jest twój ulubiony kolor?|Qual é a tua cor preferida?}}
{{paroxítona|ja|ki|lang=pl}}, {{gramática|rel|m}} (''feminino'': '''{{link opcional|jaka|pl}}''', ''neutro'': '''{{link opcional|jakie|pl}}''')
# {{cont|2}} [[como]], [[qual]],
# {{tradex|pl|Chciałbym wiedzieć, '''jaka''' jest w grudniu pogoda w Lizbonie.|Gostaria de saber como é o tempo em Lisboa em dezembro.}}
# {{escopo2|substitui [[który]]}} [[qual]], [[que]]
# {{tradex|pl|Praca, jaką wykonuję, jest dla mnie ważna.|O trabalho que eu faço é importante para mim.}}
{{paroxítona|ja|ki|lang=pl}}, {{gramática|m}} (''feminino'': '''{{link opcional|jaka|pl}}''', ''neutro'': '''{{link opcional|jakie|pl}}''')
# {{cont|4}} {{escopo2|exprime intensidade}} [[que]]
# {{tradex|pl|'''Jaka''' szkoda...|Que pena...}}
# {{tradex|pl|'''Jaki''' piękny dzień!|Que belo dia!}}
===Declinação===
{{decl.pl.pron.adj|vocativo=excluir|título=Declinação de pronomes interrogativos e relativos ''jaki'', ''jaka'', ''jakie''}}
[[Categoria:Pronome (Polonês)]]</text>
<sha1>speuz3h3pjizkta5e1yfef9ny29e1ua</sha1>
</revision>
