<page>
<page>
<title>jakki</title>
<ns>0</ns>
<id>74704</id>
<revision>
<id>2364521</id>
<parentid>1775576</parentid>
<timestamp>2017-05-03T15:35:46Z</timestamp>
<contributor>
<username>HydrizBot</username>
<id>29590</id>
</contributor>
<minor />
<comment>Robô: A limpar links interwikis antigos</comment>
<model>wikitext</model>
<format>text/x-wiki</format>
<text bytes="226" xml:space="preserve">={{-is-}}=
== Substantivo ==
'''jakki''', ''masculino, fraco, grupo 1''
# [[jaqueta]].
=== Declinação ===
{{decl.is.subst.fraca.masc.1.a~ö|j|kk|}}
[[Categoria:Substantivo (Islandês)]]
[[Categoria:Vestuário (Islandês)]]</text>
<sha1>ih78byd9xunqrb5fh1koh51vzk572o2</sha1>
</revision>
