<page>
<page>
<title>Jakob</title>
<ns>0</ns>
<id>385123</id>
<revision>
<id>2518455</id>
<parentid>2518454</parentid>
<timestamp>2018-09-12T02:41:58Z</timestamp>
<contributor>
<username>Leonardo José Raimundo</username>
<id>43489</id>
</contributor>
<comment>A quantidade de sílabas e a prosódia estão em islandês.</comment>
<model>wikitext</model>
<format>text/x-wiki</format>
<text bytes="1248" xml:space="preserve">={{-da-}}=
==Substantivo==
{{oxítona|Ja|kob|lang=da}}
# {{escopo|da|Cristianismo|religião}} [[Tiago]]
===Declinação===
{{decl.da.subst.próprio}}
==Ver também==
===No Wikcionário===
{{bíblia/da}}
[[Categoria:Substantivo (Dinamarquês)]]
={{-sl-}}=
==Substantivo==
{{oxítona|Ja|kob|lang=sl}}
# {{escopo|sl|Cristianismo|religião}} [[Tiago]]
===Declinação===
{{decl.sl.subst.masc.1|Jakob}}
==Ver também==
===No Wikcionário===
{{bíblia/sl}}
[[Categoria:Substantivo (Esloveno)]]
={{-is-}}=
==Substantivo==
{{oxítona|Ja|kob|lang=is}}
# {{escopo|is|Cristianismo|religião}} [[Tiago]]
===Declinação===
{{decl.is.subst.forte.masc.3|Jakob}}
==Ver também==
===No Wikcionário===
{{bíblia/is}}
[[Categoria:Substantivo (Islandês)]]
={{-no-}}=
==Substantivo==
{{oxítona|Ja|kob|lang=no}}
# {{escopo|no|Cristianismo|religião}} [[Tiago]]
===Declinação===
{{decl.no.subst.próprio}}
==Ver também==
===No Wikcionário===
{{bíblia/no}}
[[Categoria:Substantivo (Norueguês)]]
={{-sv-}}=
==Substantivo==
{{oxítona|Ja|kob|lang=sv}}
# {{escopo|sv|Cristianismo|religião}} [[Tiago]]
===Declinação===
{{decl.sv.subst.próprio|d=masculino}}
==Ver também==
===No Wikcionário===
{{bíblia/sv}}
[[Categoria:Substantivo (Sueco)]]</text>
<sha1>n87nqa1tbbk2vuywutyz8881weyn4io</sha1>
</revision>
