<page>
<page>
<title>Jakobo</title>
<ns>0</ns>
<id>271068</id>
<revision>
<id>2271576</id>
<parentid>2096170</parentid>
<timestamp>2017-04-26T19:35:06Z</timestamp>
<contributor>
<username>HydrizBot</username>
<id>29590</id>
</contributor>
<minor />
<comment>Robô: A limpar links interwikis antigos</comment>
<model>wikitext</model>
<format>text/x-wiki</format>
<text bytes="295" xml:space="preserve">={{-eo-}}=
==Substantivo==
'''Ja.{{grifar|ko}}.bo'''
# [[Jacó]]
===Declinação===
{{decl.eo.subst.sing}}
=={{etimologia|eo}}==
{{llietimo|la|Iacobus|eo}}
{{etimo.eo|Jakob|-o}}
[[Categoria:Substantivo (Esperanto)]]
[[Categoria:Trissílabo (Esperanto)]]
[[Categoria:Antropônimo (Esperanto)]]</text>
<sha1>b012f0h16et9izex7wobl892eniptip</sha1>
</revision>
