<page>
<title>Jakobus</title>
<ns>0</ns>
<id>379281</id>
<revision>
<id>2515256</id>
<parentid>2414507</parentid>
<timestamp>2018-08-10T21:38:03Z</timestamp>
<contributor>
<username>Leonardo José Raimundo</username>
<id>43489</id>
</contributor>
<comment>Eu estou colocando a quantidade de sílabas e a prosódia em cada idioma do nome &quot;Jakobus&quot;, a seção &quot;No Wikcionário&quot; e as versões em baixo saxão menonita, frísio e limburguês deste nome.</comment>
<model>wikitext</model>
<format>text/x-wiki</format>
<text bytes="1548" xml:space="preserve">={{-af-}}=
==Substantivo==
{{proparoxítona|Ja|ko|bus|lang=af}}
# {{escopo|af|Cristianismo|religião}} [[Tiago]]
==Ver também==
===No Wikcionário===
{{bíblia/af}}
[[Categoria:Substantivo (Africâner)]]
={{-de-}}=
==Substantivo==
{{proparoxítona|Ja|ko|bus|lang=de}}
# {{escopo|de|Cristianismo|religião}} [[Tiago]]
===Declinação===
{{decl.de.subst.próprio.masc}}
==Ver também==
===No Wikcionário===
{{bíblia/de}}
[[Categoria:Substantivo (Alemão)]]
={{-pdt-}}=
==Substantivo==
{{proparoxítona|Ja|ko|bus|lang=pdt}}
# {{escopo|pdt|Cristianismo|religião}} [[Tiago]]
==Ver também==
===No Wikcionário===
{{bíblia/pdt}}
[[Categoria:Substantivo (Baixo Saxão Menonita)]]
={{-fy-}}=
==Substantivo==
{{proparoxítona|Ja|ko|bus|lang=fy}}
# {{escopo|fy|Cristianismo|religião}} [[Tiago]]
==Ver também==
===No Wikcionário===
{{bíblia/fy}}
[[Categoria:Substantivo (Frísio)]]
={{-nl-}}=
==Substantivo==
{{proparoxítona|Ja|ko|bus|lang=nl}}
# {{escopo|nl|Cristianismo|religião}} [[Tiago]]
==Ver também==
===No Wikcionário===
{{bíblia/nl}}
[[Categoria:Substantivo (Holandês)]]
={{-li-}}=
==Substantivo==
{{proparoxítona|Ja|ko|bus|lang=li}}
# {{escopo|li|Cristianismo|religião}} [[Tiago]]
===Declinação===
{{decl.li.subst|Jakobus|Jakobus|Jakobuses|Jakobus|Jakobus|Jakobuser|Jakobuser|Jakobusese|Jakobuser|Jakobuser|Jakobuske|Jakobuskes|Jakobuseske|Jakobuske|Jakobuske|Jakobuskes|Jakobuskes|Jakobuseskes|Jakobuskes|Jakobuskes}}
==Ver também==
===No Wikcionário===
{{bíblia/li}}
[[Categoria:Substantivo (Limburguês)]]</text>
<sha1>agjpc40cqsbftbijzdcttzxqrutgznu</sha1>
</revision>
</page>
