<page>
<page>
<title>jakuma</title>
<ns>0</ns>
<id>312244</id>
<revision>
<id>2687567</id>
<parentid>2364522</parentid>
<timestamp>2022-08-31T01:36:53Z</timestamp>
<contributor>
<username>ValJor</username>
<id>1358</id>
</contributor>
<comment>Confirmando [[:Categoria:!Entrada criada por robô|verbete criado por robô]]</comment>
<model>wikitext</model>
<format>text/x-wiki</format>
<text bytes="267" xml:space="preserve">{{Wikipédia|lang=bm}}
[[Imagem:Domestic cat cropped.jpg|thumb|right|250px|{{centro|Gato}}]]
={{-bm-}}=
==Substantivo==
'''jakuma'''
# [[gato]] (animal)
[[Categoria:Substantivo (Bambara)]]
[[Categoria:Mamífero (Bambara)]]
[[Categoria:Entrada com imagem (Bambara)]]</text>
<sha1>07ev0j4am9ngls9miymj0anx0ba6vs3</sha1>
</revision>
