<page>
<title>Jakubov</title>
<ns>0</ns>
<id>365627</id>
<revision>
<id>2178934</id>
<timestamp>2016-10-03T03:20:12Z</timestamp>
<contributor>
<username>Leonardo José Raimundo</username>
<id>43489</id>
</contributor>
<comment>Eu estou criando o nome &quot;Jakubov&quot;.</comment>
<model>wikitext</model>
<format>text/x-wiki</format>
<text bytes="195" xml:space="preserve">={{-sk-}}=
==Substantivo==
'''Jakubov'''
# [[Tiago]]
==Ver também==
{{bíblia/sk}}
[[Categoria:Substantivo (Eslovaco)]]
[[Categoria:Cristianismo (Eslovaco)]]
[[Categoria:Religião (Eslovaco)]]</text>
<sha1>eavilk90fo9wc09fmby2z3aou6m6txn</sha1>
</revision>
</page>
