<page>
<title>jalajakk</title>
<ns>0</ns>
<id>232097</id>
<revision>
<id>2652615</id>
<parentid>1724742</parentid>
<timestamp>2021-11-17T15:09:31Z</timestamp>
<contributor>
<username>ValJor</username>
<id>1358</id>
</contributor>
<comment>Confirmando [[:Categoria:!Entrada criada por robô|verbete criado por robô]]</comment>
<model>wikitext</model>
<format>text/x-wiki</format>
<text bytes="250" xml:space="preserve">{{Wikipédia|lang=vro}}
[[Imagem:Ankle.jpg|thumb|right|250px|{{centro|Tornozelo}}]]
={{-vro-}}=
==Substantivo==
'''jalajakk'''
# [[tornozelo]]
[[Categoria:Substantivo (Võro)]]
[[Categoria:Anatomia (Võro)]]
[[Categoria:Entrada com imagem (Võro)]]</text>
<sha1>80mqvyqw1eam8ndde1osguzarxadm2r</sha1>
</revision>
</page>
