<page>
<page>
<title>jalar</title>
<ns>0</ns>
<id>228977</id>
<revision>
<id>2364527</id>
<parentid>1724743</parentid>
<timestamp>2017-05-03T15:36:11Z</timestamp>
<contributor>
<username>HydrizBot</username>
<id>29590</id>
</contributor>
<minor />
<comment>Robô: A limpar links interwikis antigos</comment>
<model>wikitext</model>
<format>text/x-wiki</format>
<text bytes="148" xml:space="preserve">={{-es-}}=
==Verbo==
'''jalar'''
# [[foder]] (manter relações sexuais)
{{página-automática|Maio|2010|foder|es}}
[[Categoria:Verbo (Espanhol)]]</text>
<sha1>26ht85y9b0120nxtitcvehlwmckx0w0</sha1>
</revision>
