<page>
<page>
<title>jala</title>
<ns>0</ns>
<id>228989</id>
<revision>
<id>2675338</id>
<parentid>2364524</parentid>
<timestamp>2022-04-28T11:26:52Z</timestamp>
<contributor>
<username>ValJor</username>
<id>1358</id>
</contributor>
<comment>Substituindo a [[Especial:Páginas_afluentes/Predefinição:escopoCat|predefinição escopoCat]] por escopo</comment>
<model>wikitext</model>
<format>text/x-wiki</format>
<text bytes="656" xml:space="preserve">={{-ay-}}=
==Verbo==
'''jala'''
# [[correr]]
[[Categoria:Verbo (Aimará)]]
={{-lfn-}}=
==Adjetivo==
{{paroxítona|ja|la|lang=lfn}}
# [[amarelo]]
==Substantivo==
{{paroxítona|ja|la|lang=lfn}}
# {{escopo|lfn|Cor}} [[amarelo]] {{barra de cor|#FFFF00|#FFFF00}}
==={{-varort-}}===
* '''Alfabeto cirílico''': [[жала#Língua Franca Nova|жала]]
===Verbetes derivados===
{{verTambém.Ini}}
* {{link opcional|jala de ovo|lfn}}
{{verTambém.NovaColuna}}
* {{link opcional|jalin|lfn}}
{{verTambém.Fim}}
[[Categoria:Adjetivo (Língua Franca Nova)]]
[[Categoria:Substantivo (Língua Franca Nova)]]
[[Categoria:Entrada com imagem (Língua Franca Nova)]]</text>
<sha1>k0fx4ihf2plhx4b6vd9wkt0d52z8dhh</sha1>
</revision>
