<page>
<page>
<title>jalesenses</title>
<ns>0</ns>
<id>393486</id>
<revision>
<id>2488039</id>
<parentid>2488038</parentid>
<timestamp>2018-03-06T06:54:35Z</timestamp>
<contributor>
<username>MIL973</username>
<id>41339</id>
</contributor>
<model>wikitext</model>
<format>text/x-wiki</format>
<text bytes="333" xml:space="preserve">={{-pt-}}=
==Forma de adjetivo==
{{paroxítona|ja|le|sen|ses}}, {{gramática|c2gp}}
# plural de [[jalesense]]
==Forma de substantivo==
{{paroxítona|ja|le|sen|ses}}, {{gramática|c2gp}}
# plural de [[jalesense]]
{{avi-for-fle|jalesense}}
[[Categoria:Forma de adjetivo (Português)]]
[[Categoria:Forma de substantivo (Português)]]</text>
<sha1>irtagpjiwwzuhmclwxgn3077y7ryayl</sha1>
</revision>
