<page>
<page>
<title>jaleque</title>
<ns>0</ns>
<id>430831</id>
<revision>
<id>2623376</id>
<timestamp>2021-02-13T12:24:17Z</timestamp>
<contributor>
<username>Cpls</username>
<id>20608</id>
</contributor>
<comment>[[Ajuda:Guia de edição/Menus e ferramentas/Sumário de edição|→]] nova página: ={{-pt-}}= ==Substantivo== {{flex.pt|ms=jaleque|mp=jaleques}} {{paroxítona|ja|le|que|lang=gl}}, {{g|m}} # {{...</comment>
<model>wikitext</model>
<format>text/x-wiki</format>
<text bytes="309" xml:space="preserve">={{-pt-}}=
==Substantivo==
{{flex.pt|ms=jaleque|mp=jaleques}}
{{paroxítona|ja|le|que|lang=gl}}, {{g|m}}
# {{escopo|pt|Trás-os-Montes|Vestuário}} [[jaleco]], casaco curto
=={{etimologia|pt}}==
{{llietimo|tr|yelek|pt}} Confronte-se com o galego {{etimo|gl|chaleque}}.
[[Categoria:Substantivo (Português)]]</text>
<sha1>ghj76ga7fd7plxhj27dqohqn8hxoqhp</sha1>
</revision>
