<page>
<page>
<title>Jales</title>
<ns>0</ns>
<id>136518</id>
<revision>
<id>2488033</id>
<parentid>2488032</parentid>
<timestamp>2018-03-06T06:51:19Z</timestamp>
<contributor>
<username>MIL973</username>
<id>41339</id>
</contributor>
<model>wikitext</model>
<format>text/x-wiki</format>
<text bytes="501" xml:space="preserve">{{Wikipédia}}
{{ver também|jales}}
={{-pt-}}=
==Substantivo==
{{paroxítona|Ja|les}}, {{gramática|pr}}
# {{escopo|pt|Município do estado de São Paulo}} [[Apêndice:Gentílicos e topónimos em português/Brasil/São Paulo|município brasileiro do estado de São Paulo]]
==Ver também==
===No Wikcionário===
{{colunas|2}}
* [[jales]]
* [[jalesense]]
{{colunas/fim}}
==Ligações externas==
* [http://www.jales.sp.gov.br/ Prefeitura de Jales (São Paulo)]
[[Categoria:Substantivo (Português)]]</text>
<sha1>alzqblg6h04m3syjyv588mpq4btqyy7</sha1>
</revision>
