<page>
<title>jaleco</title>
<ns>0</ns>
<id>39275</id>
<revision>
<id>2623375</id>
<parentid>2364528</parentid>
<timestamp>2021-02-13T12:23:59Z</timestamp>
<contributor>
<username>Cpls</username>
<id>20608</id>
</contributor>
<comment>/* {{-pt-}} */</comment>
<model>wikitext</model>
<format>text/x-wiki</format>
<text bytes="663" xml:space="preserve">={{-pt-}}=
==Substantivo==
{{flex.pt|ms=jaleco|mp=jalecos}}
{{paroxítona|ja|le|co}}, {{g|m}}
# [[vestimenta]] usada como [[uniforme]] por [[médico]]s, [[dentista]]s, [[técnico]]s de [[laboratório]], [[farmacêutico]]s e outros profissionais de [[saúde]]; [[túnica]], [[casacão]] ou [[paletó]] de [[abotoar]], em geral de cor branca, com gola, [[bolso]]s na [[altura]] da [[cintura]]; há modelos longos, com [[bainha]] um pouco acima dos joelhos, e modelos curtos, com bainha na cintura
# {{escopo|pt|Trás-os-Montes}} [[colete]]
=={{etimologia|pt}}==
{{llietimo|tr|yelek|pt}}
[[Categoria:Substantivo (Português)]]
[[Categoria:Vestuário (Português)]]</text>
<sha1>a3r06quxplkxqs42gzm2i9kr311zxa6</sha1>
</revision>
</page>
