<page>
<page>
<title>jalhundes</title>
<ns>0</ns>
<id>380426</id>
<revision>
<id>2419702</id>
<timestamp>2017-07-04T08:54:25Z</timestamp>
<contributor>
<username>Cpls</username>
<id>20608</id>
</contributor>
<comment>[[Ajuda:Guia de edição/Menus e ferramentas/Sumário de edição|→]] nova página: ={{-gl-}}= ==Advérbio== {{paroxítona|ja|lhun|des|lang=gl}} # em algum lugar, em [[algures]]  ==={{-varort-}...</comment>
<model>wikitext</model>
<format>text/x-wiki</format>
<text bytes="254" xml:space="preserve">={{-gl-}}=
==Advérbio==
{{paroxítona|ja|lhun|des|lang=gl}}
# em algum lugar, em [[algures]]
==={{-varort-}}===
* [[jalundes#{{gl}}|jalundes]]
=={{etimologia|gl}}==
: Confronte-se com ''[[galundes#{{gl}}|galundes]]''.
[[Categoria:Advérbio (Galego)]]</text>
<sha1>939knlsinquh85e56ztv4tn14omgtkw</sha1>
</revision>
