<page>
<page>
<title>jalka</title>
<ns>0</ns>
<id>14367</id>
<revision>
<id>2539395</id>
<parentid>2539389</parentid>
<timestamp>2019-03-18T03:44:08Z</timestamp>
<contributor>
<ip>187.113.214.248</ip>
</contributor>
<model>wikitext</model>
<format>text/x-wiki</format>
<text bytes="15586" xml:space="preserve">[[Ficheiro:Male_Right_Foot_1.jpg|thumb|300px|'''Нага''' (&quot;pé&quot;)]]
[[Ficheiro:Legs.jpg|thumb|300px|'''Jalka''' (&quot;perna&quot;)]]
[[Ficheiro:Ankumah in actie voor Stormvogels 2014-06-27 22-48.jpg|thumb|300px|'''Jalka''' (&quot;futebol&quot;)]]
={{-krl-}}=
==Substantivo==
'''jal.ka'''
# {{escopo2|carélio setentrional}} {{escopo|krl|anatomia}} [[pé]]
# {{escopo2|carélio setentrional}} {{escopo|krl|anatomia}} [[perna]]
# {{escopo2|carélio setentrional}} {{escopo|krl|metrologia}} pé; unidade de medida de comprimento que equivale a aproximadamente 30,48 [[centímetro|cm]]
# pé; perna (de objeto)
===Formas alternativas===
* {{escopo2|carélio meridional}} {{link opcional|jalga|krl}}
===Declinação===
{{decl.krl.subst
|nos=[[jalka]] |nop=jalat
|ges=jalan |gep=jalkojen
|pas=jalkua |pap=jalkoja
|acs=jalan |acp=jalat
|ins=jalašša |inp=jalkoišša
|els=jalašta |elp=jalkoišta
|ils=jalkah |ilp=jalkoih
|aas=jalalla |aap=jalkoilla
|abls=jalalta |ablp=jalkoilta
|als=jalale  |alp=jalkoile
|ess=jalkana |esp=jalkoina
|trs=jalakši |trp=jalkoikši
|abs=jalatta |abp=jalkoitta
|prs=jalači |prp=jalkoiči
|insp=jalkoin |cop=jalkoineh
}}
===Termos derivados===
{{verTambém.Ini}}
* {{link opcional|jalanpohja|krl}}
* {{link opcional|jalkakammičča|krl}}
* {{link opcional|jalkakätyt|krl}}
* {{link opcional|jalkalauta|krl}}
{{verTambém.NovaColuna|25}}
* {{link opcional|jalkaluu|krl}}
* {{link opcional|jalkamatka|krl}}
* {{link opcional|jalkamatto|krl}}
* {{link opcional|jalkamieš|krl}}
{{verTambém.NovaColuna|25}}
* {{link opcional|jalkan'i|krl}}
* [[jalkapallo]]
* {{link opcional|jalkapel'i|krl}}
* {{link opcional|jalkapohja|krl}}
{{verTambém.NovaColuna|25}}
* {{link opcional|jalkapuol'i|krl}}
* {{link opcional|jalkasin|krl}}
* {{link opcional|jalkatan'n'ikošša|krl}}
* {{link opcional|jalkatie|krl}}/{{link opcional|jalkat'ie|krl}}
{{verTambém.Fim}}
=={{etimologia|krl}}==
:Do {{link opcional|protofínico}} *''jalka''.
===Cognatos===
{{tradini|Cognatos de ''jalka''}}
* {{trad|et|jalg}}
* {{trad|fi|jalka}}
* {{trad|izh|jalka}}
* {{trad|liv|jālga}}
{{tradmeio}}
* {{trad|olo|jalgu}}
* {{trad|vep|jaug}}
* {{trad|vro|jalg}}
* {{trad|vot|jalka}}
{{tradfim}}
==Ver Também==
===No Wikcionário===
{{verTambém.Ini}}
* [[kanta#{{krl}}|kanta]]
* {{link opcional|kesräkšyts|krl}}
{{verTambém.NovaColuna|25}}
* {{link opcional|kinttu|krl}}
* {{link opcional|pohkie|krl}}
{{verTambém.NovaColuna|25}}
* [[polvi#{{krl}}|polvi]]
* {{link opcional|reisi|krl}}
{{verTambém.NovaColuna|25}}
* {{link opcional|varvaš|krl}}
* {{link opcional|šorkka|krl}}
{{verTambém.Fim}}
==Ligações externas==
===Referências===
{{verTambém.Ini}}
* Fedotova, V.P., &amp; Boiko, T.P.. ''Словарь собственно-карельских говоров Карелии''. Petrozavodsk: ''КарНЦ РАН'', 2009. [http://resources.krc.karelia.ru/illh/doc/redkie/slovar_fedotova.pdf Pág.142].
* &lt;span style=&quot;color:#555;&quot;&gt;(em finlandês)&lt;/span&gt; “[http://kaino.kotus.fi/cgi-bin/kks/karjala.cgi?a=jalka jalka]” no ''Karjalan kielen sanakirja'' (''KOTUS'')
* Zaikov, P. &amp; Rugoeva, L.. ''Карельско-русский словарь (северно-карельские диалекты)/ Karjalais-venäläini sanakirja (pohjois karjalaiset murtehet)''. Petrozavodsk: ''Периодика'', 1999. [http://resources.krc.karelia.ru/illh/doc/redkie/slovar_zajkov.pdf Pág.39]
{{verTambém.Fim}}
{{categorias|{{krl}}|Substantivo|Dissílabo|Entrada com imagem}}
={{-et-}}=
==Substantivo==
{{paroxítona|jal|ka|lang=et}}
# {{escopo|et|coloquial}} {{escopo|et|esporte}} [[futebol]]
===Sinônimos===
* {{link opcional|jalgpall}}
===Declinação===
{{falta caixa de declinação|et}}
=={{etimologia|et}}==
:Abreviação de {{etimo|et|jalgpall}}.
=={{pronúncia|et}}==
* [[AFI]]: {{AFI|/ˈjɑl.kɑ/}}
* [[X-SAMPA]]: /&quot;jAl.kA/
==Ver Também==
===No Wikcionário===
{{verTambém.Ini}}
* {{link opcional|jalg|et}}
* {{link opcional|labajalg|et}}
{{verTambém.Fim}}
==Ligações externas==
===Referências===
{{verTambém.Ini}}
* &lt;span style=&quot;color:#555;&quot;&gt;(em estoniano)&lt;/span&gt; “[http://eki.ee/dict/evs/index.cgi?Q=jalka jalka]” no ''Estonian-Russian dictionary'' (''[[w:en:Institute of the Estonian Language|EKI]]'')
{{verTambém.Fim}}
{{categorias|{{et}}|Substantivo|Entrada com imagem}}
={{-fi-}}=
{{Wikipédia|lang=fi}}
==Substantivo==
{{paroxítona|jal|ka|lang=fi}}
# {{escopo|fi|anatomia}} [[pé]]
#: '''''Jalkani''' upposivat kuraan.'' &lt;small&gt;(Meus pés ficaram atolados.)&lt;/small&gt;
# {{escopo|fi|anatomia}} [[perna]]
#: ''Mies istui '''jalat''' ristissä.'' &lt;small&gt;(Um homem sentado com as pernas cruzadas.)&lt;/small&gt;
# {{escopo|fi|zoologia}} [[pata]]; perna de animal
#: ''Kädellisiä lukuun ottamatta nisäkkäillä on yleensä neljä '''jalkaa'''.'' &lt;small&gt;(Com exceção dos primatas, os mamíferos geralmente possuem quatro patas.)&lt;/small&gt;
# {{escopo|fi|biologia}} [[estipe]]
#: ''Kun sienet poimitaan '''jalkoineen''', niiden tunnistaminen on myöhemmin helpompaa.'' &lt;small&gt;(Quando um cogumelo é apanhado pela estipe, fica mais fácil identificá-lo depois.)&lt;/small&gt;
# {{escopo|fi|metrologia}} pé; unidade de medida de comprimento que equivale a aproximadamente 30,48 [[centímetro|cm]]
#: ''Nyrkkisääntönä ruumiit tulee haudata kuuden '''jalan''' syvyyteen.'' &lt;small&gt;(Como regra geral, os corpos devem ser enterrados a seis pés de profundidade.)&lt;/small&gt;
# pé; perna (de objeto)
#: ''Pöytä, jossa on vähintään neljä '''jalkaa''', ei keiku.'' &lt;small&gt;(Uma mesa com quatro pernas não balança.)&lt;/small&gt;
# [[base]]; [[pedestal]]
#: ''viinilasin '''jalka''''' &lt;small&gt;(base de taça de vinho)&lt;/small&gt;
===Sinônimos===
* De '''1''': {{link opcional|jalkaterä|fi}}; {{escopo2|coloquial}} {{link opcional|kinttu|fi}}
* De '''2''': {{link opcional|kinttu|fi}}; {{link opcional|kontti|fi}}; {{link opcional|potka|fi}}; {{escopo2|coloquial}} {{link opcional|kinttu|fi}}
* De '''7''': {{link opcional|jalusta|fi}}
===Declinação===
{{decl.fi.subst.9|jal|k}}
===Locuções e expressões===
* '''ampua itseään jalkaan''': dar um tiro no (próprio) pé; prejudicar a si mesmo
* '''mahanalus jalkoja täynnä''': depressa; com rapidez
* '''olla noussut väärällä jalalla''': acordar/estar de mau humor
* '''olla pallo jalassa''': estar atrás das grades; estar preso
* '''olla pelkkiä jalkoja'''
*# virar em pernas; correr bem rápido
*# ser virado em pernas; ter as pernas longas
*# ser desajeitado
* '''olla toinen jalka haudassa''': estar com um pé na cova; estar mais para lá do que para cá; estar muito doente ou velho
* '''olla vapaalla jalalla''': estar em liberdade; estar solto (da prisão)
* '''pistää jalkaa toisen eteen''': apertar o passo; andar depressa
*: ''Rupeahan nyt '''pistämään jalkaa toisen eteen''' tai emme pääse ikinä perille!'' &lt;small&gt;(Vamos apertar logo o passo, ou nunca chegaremos lá!)&lt;/small&gt;
* '''pää kolmantena jalkana''': depressa; com rapidez
* '''päätä jalkaa''': {{escopo2|raro}} depressa; com rapidez
===Termos derivados===
{{fraseini|Termos derivados de ''jalka''}}
{{fraseini|Adjetivos derivados de ''jalka''}}
* {{link opcional|jalallinen|fi}}
* {{link opcional|jalaton|fi}}
{{verTambém.NovaColuna|50}}
* {{link opcional|jalkainen|fi}}
* {{link opcional|jalkava|fi}}
{{frasefim}}
{{fraseini|Advérbios derivados de ''jalka''}}
* [[jalan#{{fi}}|jalan]]
* {{link opcional|jalkaisin|fi}}
{{verTambém.NovaColuna|34}}
* {{link opcional|jalkeilla|fi}}
* {{link opcional|jalkeille|fi}}
{{verTambém.NovaColuna|33}}
* {{link opcional|jaloin|fi}}
* {{link opcional|tasajalkaa|fi}}
{{frasefim}}
{{fraseini|Substantivos derivados de ''jalka''}}
* {{link opcional|jalas|fi}}
* [[jalkine]]
* {{link opcional|jalus|fi}}
{{frasefim}}
{{fraseini|Verbos derivados de ''jalka''}}
* {{link opcional|jalkautua|fi}}
* {{link opcional|jaloitella|fi}}
* {{link opcional|jalustaa|fi}}
{{frasefim}}
{{frasefim}}
{{fraseini|Palavras compostas derivadas de ''jalka''}}
* {{link opcional|arkajalka|fi}}
* {{link opcional|astumajalka|fi}}
* {{link opcional|avojaloin|fi}}
* {{link opcional|etujalka|fi}}
* {{link opcional|hyppyjalka|fi}}
* {{link opcional|jalanjälki|fi}}
* [[jalankulkija]]
* {{link opcional|jalankulku|fi}}
* {{link opcional|jalansija|fi}}
* {{link opcional|jalansuutelu|fi}}
* {{link opcional|jalantie|fi}}
* {{link opcional|jalkahiki|fi}}
* {{link opcional|jalkahoito|fi}}
* {{link opcional|jalkaholvi|fi}}
* {{link opcional|jalkajakkara|fi}}
* {{link opcional|jalkajarru|fi}}
* {{link opcional|jalkakyykky|fi}}
{{verTambém.NovaColuna|25}}
* [[jalkakäytävä]]
* {{link opcional|jalkalamppu|fi}}
* {{link opcional|jalkalista|fi}}
* {{link opcional|jalkamies|fi}}
* {{link opcional|jalkamylly|fi}}
* [[jalkapallo]]
* {{link opcional|jalkapatikka|fi}}
* {{link opcional|jalkapeli|fi}}
* {{link opcional|jalkapohja|fi}}
* {{link opcional|jalkaprässi|fi}}
* {{link opcional|jalkapuoli|fi}}
* {{link opcional|jalkapuu|fi}}
* {{link opcional|jalkapöytä|fi}}
* {{link opcional|jalkarätti|fi}}
* {{link opcional|jalkasieni|fi}}
* {{link opcional|jalkasilsa|fi}}
* {{link opcional|jalkaterä|fi}}
{{verTambém.NovaColuna|25}}
* {{link opcional|jalkatila|fi}}
* {{link opcional|jalkatuki|fi}}
* {{link opcional|jalkatyö|fi}}
* [[jalkavaimo]]
* {{link opcional|jalkavika|fi}}
* {{link opcional|jalkaväki|fi}}
* {{link opcional|jalkaväli|fi}}
* {{link opcional|jalkopää|fi}}
* {{link opcional|joulukuusenjalka|fi}}
* {{link opcional|juoksujalka|fi}}
* [[kivijalka]]
* {{link opcional|kolmijalka|fi}}
* {{link opcional|kumijalka|fi}} 
* {{link opcional|kynttilänjalka|fi}}
* {{link opcional|käsnäjalka|fi}}
* {{link opcional|lattajalka|fi}}
{{verTambém.NovaColuna|25}}
* {{link opcional|latuskajalka|fi}}
* {{link opcional|lattajalka|fi}}
* {{link opcional|lättäjalka|fi}}
* {{link opcional|paininjalka|fi}}
* {{link opcional|paljasjaloin|fi}}
* {{link opcional|puujalka|fi}}
* {{link opcional|pöydänjalka|fi}}
* {{link opcional|runojalka|fi}}
* {{link opcional|räpyläjalka|fi}}
* {{link opcional|sananjalka|fi}}
* {{link opcional|savijalka|fi}}
* {{link opcional|takajalka|fi}}
* {{link opcional|tekojalka|fi}}
* {{link opcional|tukijalka|fi}}
* {{link opcional|tuolinjalka|fi}}
* {{link opcional|yöjalka|fi}}
{{frasefim}}
=={{etimologia|fi}}==
:Do {{link opcional|protofínico}} *''jalka''.
===Cognatos===
{{tradini|Cognatos de ''jalka''}}
* {{trad|krl|jalga|jalka}}
* {{trad|et|jalg}}
* {{trad|izh|jalka}}
* {{trad|liv|jālga}}
{{tradmeio}}
* {{trad|olo|jalgu}}
* {{trad|vep|jaug}}
* {{trad|vro|jalg}}
* {{trad|vot|jalka}}
{{tradfim}}
=={{pronúncia|fi}}==
* [[AFI]]: {{AFI|/ˈjɑl.kɑ/}}
* [[X-SAMPA]]: /&quot;jAl.kA/
*: {{áudio|Fi-jalka.ogg|&quot;jalka&quot;|lang=fi}}
==Ver Também==
===No Wikcionário===
{{verTambém.Ini}}
* [[jalkinekorjaamo]]/[[jalkinelline]]
* {{link opcional|jolkotella|fi}}
* [[kanta#{{fi}}|kanta]]
{{verTambém.NovaColuna|33}}
* [[nilkka#{{fi}}|nilkka]]
* {{link opcional|pohje|fi}}
* [[polvi#{{fi}}|polvi]]
{{verTambém.NovaColuna|33}}
* {{link opcional|reisi|fi}}
* [[sääri#{{fi}}|sääri]]
* {{link opcional|varvas|fi}}
{{verTambém.Fim}}
==Ligações externas==
===Referências===
{{verTambém.Ini}}
* &lt;span style=&quot;color:#555;&quot;&gt;(em finlandês)&lt;/span&gt; “[http://www.kielitoimistonsanakirja.fi/netmot.exe?page=results&amp;SearchWord=jalka jalka]” no ''Kielitoimiston sanakirjasta''
* &lt;span style=&quot;color:#555;&quot;&gt;(em finlandês)&lt;/span&gt; “[http://www.sanakirja.org/search.php?q=jalka&amp;l=17&amp;l2=12 jalka]” no ''Sanakirja.org''
* &lt;span style=&quot;color:#555;&quot;&gt;(em finlandês)&lt;/span&gt; “[http://www.suomisanakirja.fi/jalka jalka]” no ''Suomi Sanakirja''
{{verTambém.Fim}}
{{categorias|{{fi}}|Substantivo|Entrada com imagem}}
={{-izh-}}=
==Substantivo==
'''jal.ka'''
# {{escopo|izh|anatomia}} [[pé]]
# {{escopo|izh|anatomia}} [[perna]]
===Declinação===
{{decl.izh.subst.4|jalk|jal}}
===Termos derivados===
{{verTambém.Ini}}
* {{link opcional|jalkamuna|izh}}
* {{link opcional|jalkapohja|izh}}
{{verTambém.Fim}}
=={{etimologia|izh}}==
:Do {{link opcional|protofínico}} *''jalka''.
===Cognatos===
{{tradini|Cognatos de ''jalka''}}
* {{trad|krl|jalga|jalka}}
* {{trad|et|jalg}}
* {{trad|fi|jalka}}
* {{trad|liv|jālga}}
{{tradmeio}}
* {{trad|olo|jalgu}}
* {{trad|vep|jaug}}
* {{trad|vro|jalg}}
* {{trad|vot|jalka}}
{{tradfim}}
==Ver Também==
===No Wikcionário===
{{verTambém.Ini}}
* [[kanta#{{izh}}|kanta]]
* [[polvi#{{izh}}|polvi]]
{{verTambém.NovaColuna|33}}
* {{link opcional|reizi|izh}}
* {{link opcional|sapso|izh}}
{{verTambém.NovaColuna|34}}
* {{link opcional|säär|izh}}
* {{link opcional|varvaᴢ|izh}}
{{verTambém.Fim}}
==Ligações externas==
===Referências===
{{verTambém.Ini}}
* &lt;span style=&quot;color:#555;&quot;&gt;(em húngaro)&lt;/span&gt; ''[http://izsor.hu/j Izsor-magyar szótár]'' (''Izsor mozaik'')
* &lt;span style=&quot;color:#555;&quot;&gt;(em russo)&lt;/span&gt; ''[http://lingvisto.org/files/ingrian.pdf Ižoran keel (Ittseopastaja)]''
* &lt;span style=&quot;color:#555;&quot;&gt;(em inglês)&lt;/span&gt; “[http://sonad.oahpa.no/detail/izh/fin/jalka.html jalka]” no ''Ingrian → Finnish Dictionary'' (''Netidigisõnad'')
{{verTambém.Fim}}
{{categorias|{{izh}}|Substantivo|Dissílabo|Entrada com imagem}}
={{-vot-}}=
==Substantivo==
'''jal.ka'''
# {{escopo|vot|anatomia}} [[pé]]
# {{escopo|vot|anatomia}} [[perna]]
# {{escopo|vot|botânica}} {{l.s.|broto}} do [[grão]] de [[malte]]
# {{escopo|vot|metrologia}} pé; unidade de medida de comprimento que equivale a aproximadamente 30,48 [[centímetro|cm]]
===Declinação===
{{decl.vot.subst.3|jal|k}}
===Termos derivados===
{{verTambém.Ini}}
* {{link opcional|adra-jalka|vot}}
* {{link opcional|esijalka|vot}}
* {{link opcional|jalgaa-aluᴢ|vot}}/{{link opcional|jalgannaluᴢ|vot}}
* {{link opcional|jalgaᴢ|vot}}
* {{link opcional|jalkalapa|vot}}
* {{link opcional|jalkalobatka|vot}}
{{verTambém.NovaColuna|25}}
* {{link opcional|jalkaluu|vot}}
* {{link opcional|jalkavarsi|vot}}
* {{link opcional|jalkterä|vot}}
* {{link opcional|järjüüjalka|vot}}
* {{link opcional|karvajalka|vot}} 
* {{link opcional|klimppajalka|vot}}
{{verTambém.NovaColuna|25}}
* {{link opcional|kover-jalka|vot}}
* {{link opcional|muhkujalka|vot}}
* {{link opcional|mätäjalka|vot}}
* {{link opcional|pittšijalka|vot}}
* {{link opcional|ramp-jalka|vot}}/{{link opcional|ramppajalka|vot}}
* {{link opcional|satajalka|vot}}
{{verTambém.NovaColuna|25}}
* {{link opcional|sõnajalka|vot}}
* {{link opcional|štanajalka|vot}}
* {{link opcional|takajalka|vot}}/{{link opcional|takujalka|vot}}
* {{link opcional|tšerijalka|vot}}
* {{link opcional|vokiijalka|vot}}
* {{link opcional|vääräjalka|vot}}
{{verTambém.Fim}}
=={{etimologia|vot}}==
:Do {{link opcional|protofínico}} *''jalka''.
===Cognatos===
{{tradini|Cognatos de ''jalka''}}
* {{trad|krl|jalga|jalka}}
* {{trad|et|jalg}}
* {{trad|fi|jalka}}
* {{trad|izh|jalka}}
* {{trad|liv|jālga}}
{{tradmeio}}
* {{trad|olo|jalgu}}
* {{trad|vep|jaug}}
* {{trad|vro|jalg}}
{{tradfim}}
==Ver Também==
===No Wikcionário===
{{verTambém.Ini}}
* {{link opcional|kabja|vot}}
* [[kanta#{{vot}}|kanta]]
{{verTambém.NovaColuna|25}}
* {{link opcional|päälipõlvi|vot}}
* {{link opcional|põlvi|vot}}
{{verTambém.NovaColuna|25}}
* [[sääri#{{vot}}|sääri]]
* {{link opcional|säärimarja|vot}}
{{verTambém.NovaColuna|25}}
* {{link opcional|tšedräluu|vot}}
* {{link opcional|varvaᴢ|vot}}
{{verTambém.Fim}}
==Ligações externas==
===Referências===
{{verTambém.Ini}}
* &lt;span style=&quot;color:#555;&quot;&gt;(em estoniano)&lt;/span&gt; “[http://www.eki.ee/dict/vot/index.cgi?Q=jalka jalka]” no ''Votic Dictionary'' (''EKI'')
{{verTambém.Fim}}
{{categorias|{{vot}}|Substantivo|Dissílabo|Entrada com imagem}}</text>
<sha1>dwvyasq3sid5p8jyl5vdqtwz089hi8p</sha1>
</revision>
