<page>
<page>
<title>jalkapallo</title>
<ns>0</ns>
<id>13882</id>
<revision>
<id>2601297</id>
<parentid>2364531</parentid>
<timestamp>2020-11-06T10:41:40Z</timestamp>
<contributor>
<username>ValJor</username>
<id>1358</id>
</contributor>
<comment>Substituindo a [[Especial:Páginas_afluentes/Predefinição:escopoCatLang|predefinição escopoCatLang]] por escopo</comment>
<model>wikitext</model>
<format>text/x-wiki</format>
<text bytes="283" xml:space="preserve">={{-fi-}}=
==Substantivo==
'''jal.ka.pal.lo'''
# [[bola]] de  [[futebol]]
# {{escopo|fi|Desporto}} [[futebol]]
==Ver também==
===No Wikcionário===
{{verTambém.Ini}}
* [[pallo]]
{{verTambém.NovaColuna}}
* [[tennispallo]]
{{verTambém.Fim}}
[[Categoria:Substantivo (Finlandês)]]</text>
<sha1>4gpwgclthdmuz2iarnonxpr4hpavu13</sha1>
</revision>
