<page>
<page>
<title>jalkine</title>
<ns>0</ns>
<id>14371</id>
<revision>
<id>2364533</id>
<parentid>1975323</parentid>
<timestamp>2017-05-03T15:36:41Z</timestamp>
<contributor>
<username>HydrizBot</username>
<id>29590</id>
</contributor>
<minor />
<comment>Robô: A limpar links interwikis antigos</comment>
<model>wikitext</model>
<format>text/x-wiki</format>
<text bytes="687" xml:space="preserve">={{-fi-}}=
==Substantivo==
'''{{grifar|jal}}.ki.ne'''
# [[calçado]].
# [[sapato]].
===Sinónimos===
* [[kenkä]]
=={{pronúncia}}==
* [[AFI]]: {{AFI|/ˈjɑl.ki.ne/}}
* [[X-SAMPA]]: /&quot;jAl.ki.ne/
==Ver também==
===No Wikcionário===
{{verTambém.Ini}}
* [[jalankulkija]]
* [[jalka]]
* [[jalkakäytävä]]
* [[jalkapallo]]
* [[jalkarätti]]
* [[jalkavaimo]]
{{verTambém.NovaColuna}}
* [[jalkinekorjaamo]]/[[jalkinelline]]
* [[kivijalka]]
* [[saapas]]
* [[sukka]]
{{verTambém.Fim}}
[[Categoria:Substantivo (Finlandês)]]
[[Categoria:Trissílabo (Finlandês)]]
[[Categoria:Polissílabo (Finlandês)]]
[[Categoria:Vestuário (Finlandês)]]
[[Categoria:Entrada com imagem (Finlandês)]]</text>
<sha1>iv65wzhgiud92aodc5rz7x3jow77iqy</sha1>
</revision>
