<page>
<title>jalne</title>
<ns>0</ns>
<id>94653</id>
<revision>
<id>2683576</id>
<parentid>2364537</parentid>
<timestamp>2022-07-14T09:36:07Z</timestamp>
<contributor>
<username>ValJor</username>
<id>1358</id>
</contributor>
<comment deleted="deleted" />
<model>wikitext</model>
<format>text/x-wiki</format>
<text bytes="1238" xml:space="preserve">={{-pt-}}=
==Adjetivo==
{{flex.pt|s=jalne|p=jalnes|s-div={{grifar.Palavra|jal}}.ne|p-div={{grifar.Palavra|jal}}.nes}}
{{paroxítona|jal|ne}}, {{gramática|c2g}}
# relacionado à [[cor]] [[amarelo-ouro]]
# que apresenta essa [[coloração]]
===Sinônimos===
{{verTambém.Ini}}
* [[gualdo]]
{{verTambém.NovaColuna}}
* [[jaude]]
{{verTambém.Fim}}
==Substantivo==
{{flex.pt|ms=jalne|mp=jalnes|ms-div={{grifar.Palavra|jal}}.ne|mp-div={{grifar.Palavra|jal}}.nes}}
{{paroxítona|jal|ne}}, {{gramática|m}}
# [[amarelo-ouro]]
===Sinônimos===
{{verTambém.Ini}}
* [[gualdo]]
{{verTambém.NovaColuna}}
* [[jaude]]
{{verTambém.Fim}}
=={{etimologia|pt}}==
{{llietimo|fro|jalne|pt|[[amarelo]]}}
:: {{datação|século XIII}}
=={{pronúncia|pt}}==
===Brasil===
* [[AFI]]: {{AFI|/ˈʒaw.nɪ/}}
* [[X-SAMPA]]: /&quot;Zaw.nI/
==Ver também==
===No Wikcionário===
{{verTambém.Ini}}
* [[amarelo]]
{{verTambém.NovaColuna}}
* [[dourado]]
{{verTambém.NovaColuna}}
* [[ouro]]
{{verTambém.Fim}}
{{cores/pt}}
==Ligações externas==
* {{Aulete}}
* {{Michaelis}}
* {{Dicio}}
* {{DicioAberto}}
* {{DLPO}}
* {{Infopédia}}
* {{PLP}}
* {{VOLPABL}}
[[Categoria:Adjetivo (Português)]]
[[Categoria:Substantivo (Português)]]
[[Categoria:Cor (Português)]]</text>
<sha1>96x62skz9lng97jj5itern24a4r4j1u</sha1>
</revision>
</page>
