<page>
<page>
<title>jalundres</title>
<ns>0</ns>
<id>380427</id>
<revision>
<id>2419704</id>
<timestamp>2017-07-04T09:01:20Z</timestamp>
<contributor>
<username>Cpls</username>
<id>20608</id>
</contributor>
<comment>[[Ajuda:Guia de edição/Menus e ferramentas/Sumário de edição|→]] nova página: ={{-gl-}}= ==Advérbio== {{paroxítona|ja|lun|dres|lang=gl}} # em algum lugar, em [[algures]]  ==={{-varort-}...</comment>
<model>wikitext</model>
<format>text/x-wiki</format>
<text bytes="286" xml:space="preserve">={{-gl-}}=
==Advérbio==
{{paroxítona|ja|lun|dres|lang=gl}}
# em algum lugar, em [[algures]]
==={{-varort-}}===
* [[jalhundes#{{gl}}|jalhundes]], [[jalundes#{{gl}}|jalundes]]
=={{etimologia|gl}}==
: Confronte-se com ''[[galundes#{{gl}}|galundes]]''.
[[Categoria:Advérbio (Galego)]]</text>
<sha1>8fy0ykwzyd6gvtavq7n3185wc5wz5kc</sha1>
</revision>
