<page>
<title>jalundes</title>
<ns>0</ns>
<id>371758</id>
<revision>
<id>2419707</id>
<parentid>2419706</parentid>
<timestamp>2017-07-04T09:17:54Z</timestamp>
<contributor>
<username>Cpls</username>
<id>20608</id>
</contributor>
<comment>/* {{etimologia|gl}} */</comment>
<model>wikitext</model>
<format>text/x-wiki</format>
<text bytes="360" xml:space="preserve">={{-gl-}}=
==Advérbio==
{{paroxítona|ja|lun|des|lang=gl}}
# em algum lugar, em [[algures]]
==={{-varort-}}===
* [[jalhundes#{{gl}}|jalhundes]], [[jalundres#{{gl}}|jalundres]]
=={{etimologia|gl}}==
: Confronte-se com ''[[galundes#{{gl}}|galundes]]'', ''[[nalhundes#{{gl}}|nalhundes]]'' e ''[[dalhundes#{{gl}}|dalhundes]]''.
[[Categoria:Advérbio (Galego)]]</text>
<sha1>ticzzhjzivfcthbx0kho5bg32ytpatw</sha1>
</revision>
</page>
