<page>
<page>
<title>jam</title>
<ns>0</ns>
<id>86620</id>
<revision>
<id>2364539</id>
<parentid>2106911</parentid>
<timestamp>2017-05-03T15:37:05Z</timestamp>
<contributor>
<username>HydrizBot</username>
<id>29590</id>
</contributor>
<minor />
<comment>Robô: A limpar links interwikis antigos</comment>
<model>wikitext</model>
<format>text/x-wiki</format>
<text bytes="1555" xml:space="preserve">={{-sq-}}=
==Verbo==
'''jam'''
# [[ser]]
==Ver também==
===No Wikcionário===
* [[është]]
[[Categoria:Verbo (Albanês)]]
[[Categoria:Monossílabo (Albanês)]]
={{-eo-}}=
==Advérbio==
'''jam'''
# [[já]]
[[Categoria:Advérbio (Esperanto)]]
[[Categoria:Monossílabo (Esperanto)]]
={{-cy-}}=
==Substantivo==
'''jam'''
# [[compota]] de [[fruta]]s
[[Categoria:Substantivo (Galês)]]
[[Categoria:Monossílabo (Galês)]]
={{-nl-}}=
==Substantivo==
'''jam'''
# [[compota]] de [[fruta]]s
[[Categoria:Substantivo (Holandês)]]
[[Categoria:Monossílabo (Holandês)]]
={{-id-}}=
==Substantivo==
'''jam'''
# [[hora]]
[[Categoria:Substantivo (Indonésio)]]
[[Categoria:Monossílabo (Indonésio)]]
={{-en-}}=
==Substantivo==
'''jam'''
# [[compota]] de [[fruta]]s
# situação difícil; enrascada
# congestão, bloqueio
# apresentação informal e repentina de um grupo musical
==Verbo==
'''jam'''
# bloquear, congestionar
# tocar música de maneira improvisada
# entalar
# espremer; colocar em lugar apertado
[[Categoria:Substantivo (Inglês)]]
[[Categoria:Verbo (Inglês)]]
[[Categoria:Monossílabo (Inglês)]]
={{-lt-}}=
==Pronome==
'''jam''', ''[[pessoal]]''
# [[forma]] [[não-]][[pronominal]] do [[pronome pessoal]] do [[caso]] [[dativo]] da [[terceiro|terceira]] [[pessoa]] do [[masculino]] [[singular]]
===Declinação===
{{decl.lt.pron.3a}}
[[Categoria:Pronome pessoal (Lituano)]]
[[Categoria:Monossílabo (Lituano)]]
={{-ms-}}=
==Substantivo==
'''jam'''
# [[relógio]]
# [[hora]]
[[Categoria:Substantivo (Malaio)]]
[[Categoria:Monossílabo (Malaio)]]</text>
<sha1>qp6u9h5211xm9pca9ovi4qwrydafh3q</sha1>
</revision>
