<page>
<title>jamaican</title>
<ns>0</ns>
<id>340105</id>
<revision>
<id>2364540</id>
<parentid>2204472</parentid>
<timestamp>2017-05-03T15:37:08Z</timestamp>
<contributor>
<username>HydrizBot</username>
<id>29590</id>
</contributor>
<minor />
<comment>Robô: A limpar links interwikis antigos</comment>
<model>wikitext</model>
<format>text/x-wiki</format>
<text bytes="490" xml:space="preserve">={{-lfn-}}=
{{flex.lfn|jamaican|jamaicanes}}
==Substantivo==
{{oxítona|ja|mai|can|lang=lfn}}
#[[jamaicano]]
==Adjetivo==
{{oxítona|gui|a|nan|lang=lfn}}
#[[jamaicano]], relativo a [[Jamaica]]
===Grafias alternativas===
* '''[[alfabeto cirílico|Alfabeto cirílico]]:''' {{l.s.|жамаикан|{{lfn}}}}
==Ver também==
{{verTambém.Ini}}
* {{link opcional|Jamaica|lfn}}
{{verTambém.NovaColuna}}
{{verTambém.Fim}}
{{categorias|{{nome categoria|lfn}}|Substantivo|Adjetivo|Gentílico}}</text>
<sha1>fmd88aq8l3xldhxdulh52chkxvluffk</sha1>
</revision>
</page>
