<page>
<page>
<title>Jamaika</title>
<ns>0</ns>
<id>124733</id>
<revision>
<id>2607543</id>
<parentid>2568063</parentid>
<timestamp>2021-01-08T21:07:06Z</timestamp>
<contributor>
<username>Amigo7</username>
<id>58547</id>
</contributor>
<comment>Substituindo a tag &lt;center&gt; pela predefinição {centro}</comment>
<model>wikitext</model>
<format>text/x-wiki</format>
<text bytes="1112" xml:space="preserve">{{Wikipédia|lang=de}}
{{Wikipédia|lang=hsb}}
{{Wikipédia|lang=dsb}}
[[Imagem:Flag of Jamaica.svg|thumb|right|250px|{{centro|Bandeira da Jamaica}}]]
[[Imagem:LocationJamaica.png|thumb|right|250px|{{centro|Localização da Jamaica}}]]
={{-de-}}=
==Substantivo==
{{paroxítona|Ja|mai|ka|lang=de}}, {{gramática|n|pr}} 
# {{escopo|de|país}} [[Jamaica]]
===Declinação===
{{decl.de.subst.próprio.neu}}
=={{pronúncia|de}}==
* [[AFI]]: {{AFI|/jaˈmaɪ̯ka, ʤaˈmaɪ̯ka/|de}}
==Ver também==
===No Wikcionário===
{{América/de}}
[[Categoria:Substantivo (Alemão)]]
[[Categoria:Entrada com imagem (Alemão)]]
={{-hsb-}}=
==Substantivo==
'''Jamaika''', {{gramática|f|pr}}
# {{escopo|hsb|País}} [[Jamaica]]
==Ver também==
===No Wikcionário===
{{América/hsb}}
[[Categoria:Substantivo (Sorábio Alto)]]
[[Categoria:Entrada com imagem (Sorábio Alto)]]
={{-dsb-}}=
==Substantivo==
'''Jamaika''', {{gramática|f|pr}}
# {{escopo|dsb|País}} [[Jamaica]]
==Ver também==
===No Wikcionário===
{{América/dsb}}
[[Categoria:Substantivo (Sorábio Baixo)]]
[[Categoria:Entrada com imagem (Sorábio Baixo)]]</text>
<sha1>fsyw9rb81or2t92sg0y0kea8owzb2p5</sha1>
</revision>
