<page>
<title>jamaicano</title>
<ns>0</ns>
<id>5668</id>
<revision>
<id>2364541</id>
<parentid>1990374</parentid>
<timestamp>2017-05-03T15:37:11Z</timestamp>
<contributor>
<username>HydrizBot</username>
<id>29590</id>
</contributor>
<minor />
<comment>Robô: A limpar links interwikis antigos</comment>
<model>wikitext</model>
<format>text/x-wiki</format>
<text bytes="400" xml:space="preserve">={{-pt-}}=
==Adjetivo==
{{flex.pt|ms=jamaicano|mp=jamaicanos|fs=jamaicana|fp=jamaicanas}}
{{paroxítona|ja|mai|ca|no}}
# da [[Jamaica]]
==Substantivo==
{{paroxítona|ja|mai|ca|no}}
# natural ou habitante da Jamaica
=={{etimologia|pt}}==
: {{escopo|Morfologia}} [[Jamaica]] + [[-ano]].
[[Categoria:Adjetivo (Português)]]
[[Categoria:Substantivo (Português)]]
[[Categoria:Gentílico (Português)]]</text>
<sha1>esmc2padqwmn6c07dpathhqkciv7wgh</sha1>
</revision>
</page>
