<page>
<page>
<title>Jamayka</title>
<ns>0</ns>
<id>131024</id>
<revision>
<id>2271583</id>
<parentid>2215973</parentid>
<timestamp>2017-04-26T19:35:32Z</timestamp>
<contributor>
<username>HydrizBot</username>
<id>29590</id>
</contributor>
<minor />
<comment>Robô: A limpar links interwikis antigos</comment>
<model>wikitext</model>
<format>text/x-wiki</format>
<text bytes="206" xml:space="preserve">={{-kw-}}=
{{Wikipédia|lang=kw}}
==Substantivo==
'''Jamayka''', {{pr}}
#{{escopo|Geografia}} [[Jamaica]]
==Ver também==
{{América/kw}}
[[Categoria:Substantivo (Córnico)]]
[[Categoria:País (Córnico)]]</text>
<sha1>aj3suzbl5t37mcoj83yknc2a1x3gsji</sha1>
</revision>
