<page>
<page>
<title>Jamajka</title>
<ns>0</ns>
<id>127809</id>
<revision>
<id>2606835</id>
<parentid>2568065</parentid>
<timestamp>2021-01-02T12:52:08Z</timestamp>
<contributor>
<username>Amigo7</username>
<id>58547</id>
</contributor>
<comment>Substituindo a tag &lt;center&gt; pela predefinição {centro}</comment>
<model>wikitext</model>
<format>text/x-wiki</format>
<text bytes="2299" xml:space="preserve">{{Wikipédia|lang=bs}}
{{Wikipédia|lang=cs}}
{{Wikipédia|lang=sk}}
{{Wikipédia|lang=sl}}
{{Wikipédia|lang=hr}}
{{Wikipédia|lang=pl}}
[[Imagem:Flag of Jamaica.svg|thumb|right|250px|{{centro|Bandeira da Jamaica}}]]
[[Imagem:LocationJamaica.png|thumb|right|250px|{{centro|Localização da Jamaica}}]]
={{-bs-}}=
==Substantivo==
'''Jamajka''', {{gramática|f|pr}}
# {{escopo|bs|País}} [[Jamaica]]
==Ver também==
===No Wikcionário===
{{América/bs}}
[[Categoria:Substantivo (Bósnio)]]
[[Categoria:Entrada com imagem (Bósnio)]]
={{-cs-}}=
==Substantivo==
'''Jamajka''', {{gramática|f|pr}}
# {{escopo|cs|País}} [[Jamaica]]
==Ver também==
===No Wikcionário===
{{América/cs}}
[[Categoria:Substantivo (Checo)]]
[[Categoria:Entrada com imagem (Checo)]]
={{-sk-}}=
==Substantivo==
'''Jamajka''', {{gramática|f|pr}}
# {{escopo|sk|País}} [[Jamaica]]
==Ver também==
===No Wikcionário===
{{América/sk}}
[[Categoria:Substantivo (Eslovaco)]]
[[Categoria:Entrada com imagem (Eslovaco)]]
={{-sl-}}=
==Substantivo==
'''Jamajka''', {{gramática|f|pr}}
# {{escopo|sl|País}} [[Jamaica]]
==Ver também==
===No Wikcionário===
{{América/sl}}
[[Categoria:Substantivo (Eslovaco)]]
[[Categoria:Entrada com imagem (Eslovaco)]]
={{-hr-}}=
==Substantivo==
'''Jamajka''', {{gramática|f|pr}}
# {{escopo|hr|País}} [[Jamaica]]
==Ver também==
===No Wikcionário===
{{América/hr}}
[[Categoria:Substantivo (Croata)]]
[[Categoria:Entrada com imagem (Croata)]]
={{-pl-}}=
==Substantivo==
{{paroxítona|Ja|maj|ka|lang=pl}}, {{gramática|f|pr}}
# {{escopo|pl|País}} [[Jamaica]]
# {{tradex|pl|Stolicą '''Jamajki''' jest Kingston.|A capital da Jamaica é Kingston.}}
# {{tradex|pl|'''Jamajka''' jest byłą kolonią brytyjską.|A Jamaica é uma ex-colônia britânica.}}
# {{escopo|pl|Gentílico}} [[pessoa]] [[jamaicano|jamaicana]] do [[sexo]] [[feminino]], [[mulher]] [[natural]] ou [[habitante]] da Jamaica
# {{tradex|pl|Jestem '''Jamajką'''.|Sou jamaicana.}}
==Ver também==
===No Wikcionário===
{{verTambém.Ini}}
* {{link opcional|Jamajczyk|pl}}
{{verTambém.NovaColuna|33}}
* {{link opcional|jamajski|pl}}
{{verTambém.NovaColuna|33}}
* {{link opcional|Kingston|pl}}
{{verTambém.Fim}}
{{América/pl}}
[[Categoria:Substantivo (Polonês)]]
[[Categoria:Entrada com imagem (Polonês)]]</text>
<sha1>6gelr5gnpl66wa1oddy1m5h9fqx08ey</sha1>
</revision>
