<page>
<title>jaman</title>
<ns>0</ns>
<id>102699</id>
<revision>
<id>2364543</id>
<parentid>1953559</parentid>
<timestamp>2017-05-03T15:37:22Z</timestamp>
<contributor>
<username>HydrizBot</username>
<id>29590</id>
</contributor>
<minor />
<comment>Robô: A limpar links interwikis antigos</comment>
<model>wikitext</model>
<format>text/x-wiki</format>
<text bytes="147" xml:space="preserve">={{-id-}}=
==Substantivo==
'''ja.man''' 
:# [[idade]]
===Sinônimos===
* [[usia]]
* [[umur]]
* [[zaman]]
[[Categoria:Substantivo (Indonésio)]]</text>
<sha1>tkwipwfoa11kdowmspth7a92wrnb8do</sha1>
</revision>
</page>
