<page>
<title>jamaris</title>
<ns>0</ns>
<id>290513</id>
<revision>
<id>2587063</id>
<parentid>2169518</parentid>
<timestamp>2020-05-03T14:03:39Z</timestamp>
<contributor>
<username>ValJor</username>
<id>1358</id>
</contributor>
<comment>Este verbete havia sido colocado indevidamente na categoria Brasil.</comment>
<model>wikitext</model>
<format>text/x-wiki</format>
<text bytes="637" xml:space="preserve">={{-pt-}}=
==Substantivo==
{{oxítona|ja|ma|ris}}, {{gramática|mp}}
# {{escopo|pt|Brasil|Etnônimo}} [[índio]]s do [[Amazonas]], nas margens do Jamari
==Forma de substantivo==
{{oxítona|ja|ma|ris}}, {{gramática|m}}
# plural de '''[[jamari]]'''
{{avi-for-fle|jamari}}
==Ver também==
===Referências===
{{verTambém.Ini}}
* [http://www.dicionario-aberto.net/search/Jamaris Dicionário Aberto]
{{verTambém.Fim}}
==Anagramas==
&lt;!-- índice para anagramas: pt: aaijmrs --&gt;
# [[mijaras]]
# [[mijarás]]
[[Categoria:Substantivo (Português)]]
[[Categoria:Forma de substantivo (Português)]]
[[Categoria:Pluralia tantum (Português)]]</text>
<sha1>6cntwbvxuhmxdgvq7wwx9hhjgfrz3co</sha1>
</revision>
</page>
