<page>
<page>
<title>jamani</title>
<ns>0</ns>
<id>88695</id>
<revision>
<id>2364545</id>
<parentid>2127955</parentid>
<timestamp>2017-05-03T15:37:29Z</timestamp>
<contributor>
<username>HydrizBot</username>
<id>29590</id>
</contributor>
<minor />
<comment>Robô: A limpar links interwikis antigos</comment>
<model>wikitext</model>
<format>text/x-wiki</format>
<text bytes="532" xml:space="preserve">={{-bm-}}=
==Substantivo==
'''ja.ma.ni'''
# [[país]].
===Sinónimos===
* [[jamana]]
==Ver também==
===No Wikcionário===
{{verTambém.Ini}}
* {{link opcional|kontinɔ}}
* {{link opcional|jama}}
{{verTambém.NovaColuna|50}}
* {{link opcional|jamanaden}}
* {{link opcional|jamanakalan}}
{{verTambém.Fim}}
{{Barra de navegação|título=Países em [[bambara]]|elementos={{África/bm}}{{América/bm}}{{Ásia/bm}}{{Europa/bm}}{{Oceania/bm}}}}
{{categorias|Bambara|Substantivo|Trissílabo|Geografia}}
[[Categoria:País (Bambara)|*]]</text>
<sha1>qltd53fsynfpjum5h6wamcypc4oqi9l</sha1>
</revision>
