<page>
<title>Jamaica</title>
<ns>0</ns>
<id>54708</id>
<revision>
<id>2609528</id>
<parentid>2602976</parentid>
<timestamp>2021-01-27T09:50:21Z</timestamp>
<contributor>
<username>ValJor</username>
<id>1358</id>
</contributor>
<comment>Substituindo a tag &lt;center&gt; pela predefinição centro</comment>
<model>wikitext</model>
<format>text/x-wiki</format>
<text bytes="19623" xml:space="preserve">{{Wikipédia}}
{{Wikipédia|lang=ca}}
{{Wikipédia|lang=ceb}}
{{Wikipédia|lang=cbk}}
{{Wikipédia|lang=sn}}
{{Wikipédia|lang=da}}
{{Wikipédia|lang=sco}}
{{Wikipédia|lang=es}}
{{Wikipédia|lang=et}}
{{Wikipédia|lang=ext}}
{{Wikipédia|lang=cy}}
{{Wikipédia|lang=hak}}
{{Wikipédia|lang=hif}}
{{Wikipédia|lang=nl}}
{{Wikipédia|lang=hu}}
{{Wikipédia|lang=simple}}
{{Wikipédia|lang=en}}
{{Wikipédia|lang=ia}}
{{Wikipédia|lang=ie}}
{{Wikipédia|lang=ee}}
{{Wikipédia|lang=ki}}
{{Wikipédia|lang=li}}
{{Wikipédia|lang=ms}}
{{Wikipédia|lang=cdo}}
{{Wikipédia|lang=nan}}
{{Wikipédia|lang=no}}
{{Wikipédia|lang=nn}}
{{Wikipédia|lang=oc}}
{{Wikipédia|lang=pam}}
{{Wikipédia|lang=pap}}
{{Wikipédia|lang=ro}}
{{Wikipédia|lang=se}}
{{Wikipédia|lang=sv}}
{{Wikipédia|lang=srn}}
{{Wikipédia|lang=vi}}
{{Wikipédia|lang=vro}}
{{Wikipédia|lang=war}}
{{Wikipédia|lang=zea}}
{{Wikipédia|lang=za}}
[[Imagem:Flag of Jamaica.svg|thumb|right|250px|{{centro|Bandeira da Jamaica}}]]
[[Imagem:LocationJamaica.svg|thumb|right|250px|{{centro|Localização da Jamaica}}]]
={{-pt-}}=
==Substantivo==
{{paroxítona|Ja|mai|ca}}, {{gramática|pr}}
# {{escopo|pt|País}} [[país]] [[insular]] [[caribenho]]
===Tradução===
{{tradini}}
* {{trad|ace|Jamaika}}
* {{trad|af|Jamaika}}
* {{trad|ay|Xamayka}}
* {{trad|sq|Xhamajka}}
* {{trad|gsw|Jamaika}}
* {{trad|de|Jamaika}}
* {{trad|pdc|Tschameeki}}
* {{trad|am|ጃማይካ}}
* {{trad|ar|جامايكا}}
* {{trad|arz|چامايكا}}
* {{trad|an|Chamaica}}
* {{trad|hy|Ճամայկա}}
* {{trad|ast|Xamaica}}
* {{trad|az|Yamayka}}
* {{trad|azb|جاماییکا}}
* {{trad|nds|Jamaika}}
* {{trad|nds-nl|Jamaika}}
* {{trad|bm|Jamaika}}
* {{trad|eu|Jamaika}}
* {{trad|ba|Ямайка}}
* {{trad|bar|Jamaika}}
* {{trad|bn|জ্যামাইকা}}
* {{trad|bcl|Yamaika}}
* {{trad|be|Ямайка}}
* {{trad|my|ဂျမေကာနိုင်ငံ}}
* {{trad|bpy|জামাইকা}}
* {{trad|bs|Jamajka}}
* {{trad|br|Jamaika}}
* {{trad|bg|Ямайка}}
* {{trad|kbd|Ямайкэ}}
* {{trad|xal|Җамайкудин Орн}}
* {{trad|kn|ಜಮೈಕ}}
* {{trad|yue|牙買加}}
* {{trad|kaa|Yamaika}}
* {{trad|ca|Jamaica}}
* {{trad|kk|Жамайка}}
* {{trad|ceb|Jamaica}}
* {{trad|cbk|Jamaica}}
* {{trad|ce|Ямайка}}
* {{trad|cs|Jamajka}}
* {{trad|zh|牙买加}}
* {{trad|sn|Jamaica}}
* {{trad|si|ජැමෙයිකාව}}
* {{trad|gom|जमैका}}
* {{trad|ko|자메이카}}
* {{trad|kw|Jamayka}}
* {{trad|jam|Jumieka}}
* {{trad|hr|Jamajka}}
* {{trad|ku|Jamaîka}}
* {{trad|diq|Camayka}}
* {{trad|da|Jamaica}}
* {{trad|dv|ޖެމެއިކާ}}
* {{trad|sco|Jamaica}}
* {{trad|sk|Jamajka}}
* {{trad|sl|Jamajka}}
* {{trad|es|Jamaica}}
* {{trad|eo|Jamajko}}
* {{trad|et|Jamaica}}
* {{trad|ext|Jamaica}}
* {{trad|fo|Jamaika}}
* {{trad|fi|Jamaika}}
* {{trad|fr|Jamaïque}}
* {{trad|frp|J·amayica}}
* {{trad|fy|Jamaika}}
* {{trad|frr|Jamaika}}
* {{trad|gd|Iaimeuca}}
* {{trad|gag|Yamayka}}
* {{trad|gl|Xamaica}}
* {{trad|cy|Jamaica}}
* {{trad|ka|იამაიკა}}
* {{trad|el|Τζαμάικα}}
* {{trad|ht|Jamayik}}
* {{trad|hak|Jamaica}}
* {{trad|he|ג'מייקה}}
* {{trad|hi|जमैका}}
* {{trad|hif|Jamaica}}
* {{trad|nl|Jamaica}}
* {{trad|hu|Jamaica}}
* {{trad|sah|Дьамайка}}
* {{trad|ig|Jamaikạ}}
* {{trad|io|Jamaika}}
* {{trad|yi|דזשאַמײַקע}}
* {{trad|ilo|Hamaika}}
* {{trad|id|Jamaika}}
* {{trad|en|Jamaica}}
* {{trad|ang|Iamaica}}
* {{trad|ia|Jamaica}}
* {{trad|ie|Jamaica}}
* {{trad|yo|Jamáíkà}}
* {{trad|ga|Iamáice}}
* {{trad|is|Jamaíka}}
* {{trad|it|Giamaica}}
* {{trad|ja|ジャマイカ}}
* {{trad|jv|Jamaika}}
* {{trad|ee|Jamaica}}
* {{trad|ki|Jamaica}}
* {{trad|kv|Ямайка}}
* {{trad|lad|Jamaika}}
* {{trad|la|Iamaica}}
{{tradmeio}}
* {{trad|lv|Jamaika}}
* {{trad|lez|Ямайка}}
* {{trad|lij|Giamaica}}
* {{trad|li|Jamaica}}
* {{trad|ln|Jamaike}}
* {{trad|lt|Jamaika}}
* {{trad|olo|Jamaika}}
* {{trad|jbo|djamaikas}}
* {{trad|lmo|Giamaica}}
* {{trad|lb|Jamaika}}
* {{trad|mk|Јамајка}}
* {{trad|ml|ജമൈക്ക}}
* {{trad|ms|Jamaica}}
* {{trad|mg|Jamaika}}
* {{trad|mt|Ġamajka}}
* {{trad|gv|Yn Yamaicey}}
* {{trad|mr|जमैका}}
* {{trad|mrj|Ямайка}}
* {{trad|mhr|Ямайка}}
* {{trad|mzn|جامائیکا}}
* {{trad|cdo|Jamaica}}
* {{trad|nan|Jamaica}}
* {{trad|xmf|იამაიკა}}
* {{trad|mn|Ямайк}}
* {{trad|na|Djamaika}}
* {{trad|new|जमैका}}
* {{trad|pih|Jamaeka}}
* {{trad|no|Jamaica}}
* {{trad|nov|Jamaika}}
* {{trad|nn|Jamaica}}
* {{trad|oc|Jamaica}}
* {{trad|or|ଜାମାଇକା}}
* {{trad|om|Jamaayikaa}}
* {{trad|os|Ямайкæ}}
* {{trad|pi|जमैका}}
* {{trad|pam|Jamaica}}
* {{trad|pap|Jamaica}}
* {{trad|ps|جمايکا}}
* {{trad|fa|جامائیکا}}
* {{trad|pms|Giamàica}}
* {{trad|pl|Jamajka}}
* {{trad|pnt|Τζαμαίκαν}}
* {{trad|bxr|Джамайка}}
* {{trad|dty|जमैका}}
* {{trad|kbp|Camayiki}}
* {{trad|lrc|جامائیکا}}
* {{trad|pa|ਜਮੈਕਾ}}
* {{trad|pnb|جمیکا}}
* {{trad|qu|Shamayka}}
* {{trad|ky|Жамайка}}
* {{trad|ro|Jamaica}}
* {{trad|rw|Jamayika}}
* {{trad|rue|Ямайка}}
* {{trad|ru|Ямайка}}
* {{trad|se|Jamaica}}
* {{trad|sgs|Jamaika}}
* {{trad|sa|जमैका}}
* {{trad|sc|Giamàica}}
* {{trad|sr|Јамајка}}
* {{trad|sh|Jamajka}}
* {{trad|scn|Giamaica}}
* {{trad|szl|Jamajka}}
* {{trad|sd|جميڪا}}
* {{trad|so|Jamayka}}
* {{trad|hsb|Jamaika}}
* {{trad|dsb|Jamaika}}
* {{trad|ckb|جامایکا}}
* {{trad|sw|Jamaika}}
* {{trad|ss|IJamayikha}}
* {{trad|sv|Jamaica}}
* {{trad|su|Jamaika}}
* {{trad|srn|Jamaica}}
* {{trad|tg|Ямайка}}
* {{trad|tl|Hamayka}}
* {{trad|th|ประเทศจาเมกา}}
* {{trad|ta|ஜமேக்கா}}
* {{trad|tt|Ямайка}}
* {{trad|crh|Camayka}}
* {{trad|cv|Ямайка}}
* {{trad|te|జమైకా}}
* {{trad|tet|Jamaika}}
* {{trad|bo|ཇ་མའི་ཀ}}
* {{trad|tr|Jamaika}}
* {{trad|uk|Ямайка}}
* {{trad|ug|يامايكا}}
* {{trad|wo|Jamayka}}
* {{trad|ur|جمیکا}}
* {{trad|uz|Yamayka}}
* {{trad|vec|Giamaica}}
* {{trad|vep|Jamaik}}
* {{trad|vi|Jamaica}}
* {{trad|vo|Camekeän}}
* {{trad|vro|Jamaica}}
* {{trad|war|Jamaica}}
* {{trad|wuu|牙买加}}
* {{trad|zea|Jamaica}}
* {{trad|za|Jamaica}}
{{tradfim}}
=={{etimologia|pt}}==
: Da palavra indígena taíno / arawak ''Xaymaca'' ou ''Hamaica'', ''terra da água e da madeira'' ou talvez ''terra da primavera''.
==Ver também==
===No Wikcionário===
{{verTambém.Ini}}
* {{link opcional|jamaicano|pt}}
{{verTambém.NovaColuna}}
* {{link opcional|JM|pt}}
{{verTambém.Fim}}
{{América/pt}}
[[Categoria:Substantivo (Português)]]
[[Categoria:Entrada com imagem (Português)]]
={{-gsw-}}=
==Substantivo==
'''Jamaica''', {{gramática|pr}}
# {{escopo|gsw|País}} [[Jamaica#Português|Jamaica]]
==Ver também==
===No Wikcionário===
{{América/gsw}}
[[Categoria:Substantivo (Alemânico)]]
[[Categoria:Entrada com imagem (Alemânico)]]
={{-rup-}}=
==Substantivo==
'''Jamaica''', {{gramática|pr}}
# {{escopo|rup|País}} [[Jamaica#Português|Jamaica]]
==Ver também==
===No Wikcionário===
{{América/rup}}
[[Categoria:Substantivo (Arromeno)]]
[[Categoria:Entrada com imagem (Arromeno)]]
={{-ca-}}=
==Substantivo==
'''Jamaica''', {{gramática|pr}}
# {{escopo|ca|País}} [[Jamaica#Português|Jamaica]]
=={{pronúncia|ca}}==
* [[AFI]]: {{AFI|/ʒə.'mai̯.kə/}}
==Ver também==
===No Wikcionário===
{{América/ca}}
[[Categoria:Substantivo (Catalão)]]
[[Categoria:Entrada com imagem (Catalão)]]
={{-ceb-}}=
==Substantivo==
'''Jamaica''', {{gramática|pr}}
# {{escopo|ceb|País}} [[Jamaica#Português|Jamaica]]
==Ver também==
===No Wikcionário===
{{América/ceb}}
[[Categoria:Substantivo (Cebuano)]]
[[Categoria:Entrada com imagem (Cebuano)]]
={{-cbk-}}=
==Substantivo==
'''Jamaica''', {{gramática|pr}}
# {{escopo|cbk|País}} [[Jamaica#Português|Jamaica]]
==Ver também==
===No Wikcionário===
{{América/cbk}}
[[Categoria:Substantivo (Chavacano)]]
[[Categoria:Entrada com imagem (Chavacano)]]
={{-chy-}}=
==Substantivo==
'''Jamaica''', {{gramática|pr}}
# {{escopo|chy|País}} [[Jamaica#Português|Jamaica]]
==Ver também==
===No Wikcionário===
{{América/chy}}
[[Categoria:Substantivo (Cheyenne)]]
[[Categoria:Entrada com imagem (Cheyenne)]]
={{-sn-}}=
==Substantivo==
'''Jamaica''', {{gramática|pr}}
# {{escopo|sn|País}} [[Jamaica#Português|Jamaica]]
==Ver também==
===No Wikcionário===
{{América/sn}}
[[Categoria:Substantivo (Chona)]]
[[Categoria:Entrada com imagem (Chona)]]
={{-da-}}=
==Substantivo==
'''Jamaica''', {{gramática|pr}}
# {{escopo|da|País}} [[Jamaica#Português|Jamaica]]
==Ver também==
===No Wikcionário===
{{América/da}}
[[Categoria:Substantivo (Dinamarquês)]]
[[Categoria:Entrada com imagem (Dinamarquês)]]
={{-sco-}}=
==Substantivo==
'''Jamaica''', {{gramática|pr}}
# {{escopo|sco|País}} [[Jamaica#Português|Jamaica]]
==Ver também==
===No Wikcionário===
{{América/sco}}
[[Categoria:Substantivo (Escocês)]]
[[Categoria:Entrada com imagem (Escocês)]]
={{-es-}}=
==Substantivo==
'''Jamaica''', {{gramática|pr}}
# {{escopo|es|País}} [[Jamaica#Português|Jamaica]]
==Ver também==
===No Wikcionário===
{{América/es}}
[[Categoria:Substantivo (Espanhol)]]
[[Categoria:Entrada com imagem (Espanhol)]]
={{-et-}}=
==Substantivo==
'''Jamaica''', {{gramática|pr}}
# {{escopo|et|País}} [[Jamaica#Português|Jamaica]]
==Ver também==
===No Wikcionário===
{{América/et}}
[[Categoria:Substantivo (Estoniano)]]
[[Categoria:Entrada com imagem (Estoniano)]]
={{-ext-}}=
==Substantivo==
'''Jamaica''', {{gramática|pr}}
# {{escopo|ext|País}} [[Jamaica#Português|Jamaica]]
==Ver também==
===No Wikcionário===
{{América/ext}}
[[Categoria:Substantivo (Estremenho)]]
[[Categoria:Entrada com imagem (Estremenho)]]
={{-vls-}}=
==Substantivo==
'''Jamaica''', {{gramática|pr}}
# {{escopo|vls|País}} [[Jamaica#Português|Jamaica]]
==Ver também==
===No Wikcionário===
{{América/vls}}
[[Categoria:Substantivo (Flamengo)]]
[[Categoria:Entrada com imagem (Flamengo)]]
={{-cy-}}=
==Substantivo==
'''Jamaica''', {{gramática|pr}}
# {{escopo|cy|País}} [[Jamaica#Português|Jamaica]]
==Ver também==
===No Wikcionário===
{{América/cy}}
[[Categoria:Substantivo (Galês)]]
[[Categoria:Entrada com imagem (Galês)]]
={{-hak-}}=
==Substantivo==
'''Jamaica''', {{gramática|pr}}
# {{escopo|hak|País}} [[Jamaica#Português|Jamaica]]
==Ver também==
===No Wikcionário===
{{América/hak}}
[[Categoria:Substantivo (Hakka)]]
[[Categoria:Entrada com imagem (Hakka)]]
={{-hif-}}=
==Substantivo==
'''Jamaica''', {{gramática|pr}}
# {{escopo|hif|País}} [[Jamaica#Português|Jamaica]]
==Ver também==
===No Wikcionário===
{{América/hif}}
[[Categoria:Substantivo (Hindi Fijiano)]]
[[Categoria:Entrada com imagem (Hindi Fijiano)]]
={{-nl-}}=
==Substantivo==
'''Jamaica''', {{gramática|pr}}
# {{escopo|nl|País}} [[Jamaica#Português|Jamaica]]
=={{pronúncia|nl}}==
* [[AFI]]: {{AFI|/dʒɑ.mɑɪ̯.ka/}}.
* [[AFI]]: {{AFI|/(d)ʒa.mɛɪ̯.ka/}}.
: '''Áudio''': {{ouvir|Nl-Jamaica.ogg|&quot;Jamaica&quot;}}
==Ver também==
===No Wikcionário===
{{América/nl}}
[[Categoria:Substantivo (Holandês)]]
[[Categoria:Entrada com imagem (Holandês)]]
={{-hu-}}=
==Substantivo==
'''Jamaica''', {{gramática|pr}}
# {{escopo|hu|País}} [[Jamaica#Português|Jamaica]]
==Ver também==
===No Wikcionário===
{{América/hu}}
[[Categoria:Substantivo (Húngaro)]]
[[Categoria:Entrada com imagem (Húngaro)]]
={{-ilo-}}=
==Substantivo==
'''Jamaica''', {{gramática|pr}}
# {{escopo|ilo|País}} [[Jamaica#Português|Jamaica]]
==Ver também==
===No Wikcionário===
{{América/ilo}}
[[Categoria:Substantivo (Ilocano)]]
[[Categoria:Entrada com imagem (Ilocano)]]
={{-en-}}=
==Substantivo==
'''Jamaica''', {{gramática|pr}}
# {{escopo|en|País}} [[Jamaica#Português|Jamaica]]
=={{pronúncia|en}}==
* [[AFI]]: {{AFI|/dʒəˈmeɪ.kə/}}.
: '''Áudio''': {{ouvir|En-us-Jamaica.ogg|&quot;Jamaica&quot;}}
==Ver também==
===No Wikcionário===
{{América/en}}
[[Categoria:Substantivo (Inglês)]]
[[Categoria:Entrada com imagem (Inglês)]]
={{-ia-}}=
==Substantivo==
'''Jamaica''', {{gramática|pr}}
# {{escopo|ia|País}} [[Jamaica#Português|Jamaica]]
==Ver também==
===No Wikcionário===
{{América/ia}}
[[Categoria:Substantivo (Interlíngua)]]
[[Categoria:Entrada com imagem (Interlíngua)]]
={{-ie-}}=
==Substantivo==
'''Jamaica''', {{gramática|pr}}
# {{escopo|ie|País}} [[Jamaica#Português|Jamaica]]
==Ver também==
===No Wikcionário===
{{América/ie}}
[[Categoria:Substantivo (Interlíngue)]]
[[Categoria:Entrada com imagem (Interlíngue)]]
={{-yo-}}=
==Substantivo==
'''Jamaica''', {{gramática|pr}}
# {{escopo|yo|País}} [[Jamaica#Português|Jamaica]]
==Ver também==
===No Wikcionário===
{{América/yo}}
[[Categoria:Substantivo (Iorubá)]]
[[Categoria:Entrada com imagem (Iorubá)]]
={{-ee-}}=
==Substantivo==
'''Jamaica''', {{gramática|pr}}
# {{escopo|ee|País}} [[Jamaica#Português|Jamaica]]
==Ver também==
===No Wikcionário===
{{América/ee}}
[[Categoria:Substantivo (Jeje)]]
[[Categoria:Entrada com imagem (Jeje)]]
={{-ki-}}=
==Substantivo==
'''Jamaica''', {{gramática|pr}}
# {{escopo|ki|País}} [[Jamaica#Português|Jamaica]]
==Ver também==
===No Wikcionário===
{{América/ki}}
[[Categoria:Substantivo (Kikuyo)]]
[[Categoria:Entrada com imagem (Kikuyo)]]
={{-lad-}}=
==Substantivo==
'''Jamaica''', {{gramática|pr}}
# {{escopo|lad|País}} [[Jamaica#Português|Jamaica]]
==Ver também==
===No Wikcionário===
{{América/lad}}
[[Categoria:Substantivo (Ladino)]]
[[Categoria:Entrada com imagem (Ladino)]]
={{-li-}}=
==Substantivo==
'''Jamaica''', {{gramática|pr}}
# {{escopo|li|País}} [[Jamaica#Português|Jamaica]]
==Ver também==
===No Wikcionário===
{{América/li}}
[[Categoria:Substantivo (Limburguês)]]
[[Categoria:Entrada com imagem (Limburguês)]]
={{-lfn-}}=
==Substantivo==
'''Jamaica''', {{gramática|pr}}
# {{escopo|lfn|País}} [[Jamaica#Português|Jamaica]]
==={{-varort-}}===
* '''Alfabeto cirílico''': {{l.s.|Жамаика|{{lfn}}}}
===Verbetes derivados===
* {{link opcional|jamaican|lfn}}
==Ver também==
===No Wikcionário===
{{América/lfn}}
[[Categoria:Substantivo (Língua Franca Nova)]]
[[Categoria:Entrada com imagem (Língua Franca Nova)]]
={{-lmo-}}=
==Substantivo==
'''Jamaica''', {{gramática|pr}}
# {{escopo|lmo|País}} [[Jamaica#Português|Jamaica]]
==Ver também==
===No Wikcionário===
{{América/lmo}}
[[Categoria:Substantivo (Lombardo)]]
[[Categoria:Entrada com imagem (Lombardo)]]
={{-ms-}}=
==Substantivo==
'''Jamaica''', {{gramática|pr}}
# {{escopo|ms|País}} [[Jamaica#Português|Jamaica]]
==Ver também==
===No Wikcionário===
{{América/ms}}
[[Categoria:Substantivo (Malaio)]]
[[Categoria:Entrada com imagem (Malaio)]]
={{-cdo-}}=
==Substantivo==
'''Jamaica''', {{gramática|pr}}
# {{escopo|cdo|País}} [[Jamaica#Português|Jamaica]]
==Ver também==
===No Wikcionário===
{{América/cdo}}
[[Categoria:Substantivo (Min Dong)]]
[[Categoria:Entrada com imagem (Min Dong)]]
={{-nan-}}=
==Substantivo==
'''Jamaica''', {{gramática|pr}}
# {{escopo|nan|País}} [[Jamaica#Português|Jamaica]]
==Ver também==
===No Wikcionário===
{{América/nan}}
[[Categoria:Substantivo (Min Nan)]]
[[Categoria:Entrada com imagem (Min Nan)]]
={{-mwl-}}=
==Substantivo==
'''Jamaica''', {{gramática|pr}}
# {{escopo|mwl|País}} [[Jamaica#Português|Jamaica]]
==Ver também==
===No Wikcionário===
{{América/mwl}}
[[Categoria:Substantivo (Mirandês)]]
[[Categoria:Entrada com imagem (Mirandês)]]
={{-no-}}=
==Substantivo==
'''Jamaica''', {{gramática|pr}}
# {{escopo|no|País}} [[Jamaica#Português|Jamaica]]
==Ver também==
===No Wikcionário===
{{América/no}}
[[Categoria:Substantivo (Norueguês)]]
[[Categoria:Entrada com imagem (Norueguês)]]
={{-nn-}}=
==Substantivo==
'''Jamaica''', {{gramática|pr}}
# {{escopo|nn|País}} [[Jamaica#Português|Jamaica]]
==Ver também==
===No Wikcionário===
{{América/nn}}
[[Categoria:Substantivo (Novo Norueguês)]]
[[Categoria:Entrada com imagem (Novo Norueguês)]]
={{-oc-}}=
==Substantivo==
'''Jamaica''', {{gramática|pr}}
# {{escopo|oc|País}} [[Jamaica#Português|Jamaica]]
=={{pronúncia|oc}}==
* [[AFI]]: {{AFI|/(d)ʒama'iko/}}
==Ver também==
===No Wikcionário===
{{América/oc}}
[[Categoria:Substantivo (Occitano)]]
[[Categoria:Entrada com imagem (Occitano)]]
={{-pam-}}=
==Substantivo==
'''Jamaica''', {{gramática|pr}}
# {{escopo|pam|País}} [[Jamaica#Português|Jamaica]]
==Ver também==
===No Wikcionário===
{{América/pam}}
[[Categoria:Substantivo (Pampangan)]]
[[Categoria:Entrada com imagem (Pampangan)]]
={{-pap-}}=
==Substantivo==
'''Jamaica''', {{gramática|pr}}
# {{escopo|pap|País}} [[Jamaica#Português|Jamaica]]
==Ver também==
===No Wikcionário===
{{América/pap}}
[[Categoria:Substantivo (Papiamento)]]
[[Categoria:Entrada com imagem (Papiamento)]]
={{-ro-}}=
==Substantivo==
'''Jamaica''', {{gramática|pr}}
# {{escopo|ro|País}} [[Jamaica#Português|Jamaica]]
==={{-varort-}}===
* '''Alfabeto cirílico''': {{escopo2|moldavo}} {{l.s.|Жамайка|{{mo}}}} ''(Somente na Transnístria)''
==Ver também==
===No Wikcionário===
{{América/ro}}
[[Categoria:Substantivo (Romeno)]]
[[Categoria:Entrada com imagem (Romeno)]]
={{-se-}}=
==Substantivo==
'''Jamaica''', {{gramática|pr}}
# {{escopo|se|País}} [[Jamaica#Português|Jamaica]]
==Ver também==
===No Wikcionário===
{{América/se}}
[[Categoria:Substantivo (Sami Setentrional)]]
[[Categoria:Entrada com imagem (Sami Setentrional)]]
={{-sv-}}=
==Substantivo==
'''Jamaica''', {{gramática|pr}}
# {{escopo|sv|País}} [[Jamaica#Português|Jamaica]]
==Ver também==
===No Wikcionário===
{{América/sv}}
[[Categoria:Substantivo (Sueco)]]
[[Categoria:Entrada com imagem (Sueco)]]
={{-srn-}}=
==Substantivo==
'''Jamaica''', {{gramática|pr}}
# {{escopo|srn|País}} [[Jamaica#Português|Jamaica]]
==Ver também==
===No Wikcionário===
{{América/srn}}
[[Categoria:Substantivo (Surinamês)]]
[[Categoria:Entrada com imagem (Surinamês)]]
={{-tl-}}=
==Substantivo==
'''Jamaica''', {{gramática|pr}}
# {{escopo|tl|País}} [[Jamaica#Português|Jamaica]]
==={{-varort-}}===
* {{link opcional|Hamayka|tl}}
==Ver também==
===No Wikcionário===
{{América/tl}}
[[Categoria:Substantivo (Tagalo)]]
[[Categoria:Entrada com imagem (Tagalo)]]
={{-vi-}}=
==Substantivo==
'''Jamaica''', {{gramática|pr}}
# {{escopo|vi|País}} [[Jamaica#Português|Jamaica]]
==Ver também==
===No Wikcionário===
{{América/vi}}
[[Categoria:Substantivo (Vietnamita)]]
[[Categoria:Entrada com imagem (Vietnamita)]]
={{-vro-}}=
==Substantivo==
'''Jamaica''', {{gramática|pr}}
# {{escopo|vro|País}} [[Jamaica#Português|Jamaica]]
==Ver também==
===No Wikcionário===
{{América/vro}}
[[Categoria:Substantivo (Võro)]]
[[Categoria:Entrada com imagem (Võro)]]
={{-war-}}=
==Substantivo==
'''Jamaica''', {{gramática|pr}}
# {{escopo|war|País}} [[Jamaica#Português|Jamaica]]
==Ver também==
===No Wikcionário===
{{América/war}}
[[Categoria:Substantivo (Waray-Waray)]]
[[Categoria:Entrada com imagem (Waray-Waray)]]
={{-zea-}}=
==Substantivo==
'''Jamaica''', {{gramática|pr}}
# {{escopo|zea|País}} [[Jamaica#Português|Jamaica]]
==Ver também==
===No Wikcionário===
{{América/zea}}
[[Categoria:Substantivo (Zelandês)]]
[[Categoria:Entrada com imagem (Zelandês)]]
={{-za-}}=
==Substantivo==
'''Jamaica''', {{gramática|pr}}
# {{escopo|za|País}} [[Jamaica#Português|Jamaica]]
==Ver também==
===No Wikcionário===
{{América/za}}
[[Categoria:Substantivo (Zhuang)]]
[[Categoria:Entrada com imagem (Zhuang)]]</text>
<sha1>rdzbtzigaa029wi3ywwrbfxzy4dw55x</sha1>
</revision>
</page>
