<page>
<page>
<title>Jamajko</title>
<ns>0</ns>
<id>106080</id>
<revision>
<id>2271581</id>
<parentid>2215408</parentid>
<timestamp>2017-04-26T19:35:28Z</timestamp>
<contributor>
<username>HydrizBot</username>
<id>29590</id>
</contributor>
<minor />
<comment>Robô: A limpar links interwikis antigos</comment>
<model>wikitext</model>
<format>text/x-wiki</format>
<text bytes="830" xml:space="preserve">[[Imagem:Flag of Jamaica.svg|thumb|315px|'''Jamajko''']]
={{-eo-}}=
==Substantivo==
'''Ja.{{grifar|maj}}.ko''', {{gramática|pr}}
# {{escopo|Geografia}} [[Jamaica]]
===Declinação===
{{decl.eo.subst.sing}}
=={{etimologia|eo}}==
:Do [[radical]] ''Jamajk'', [[derivado]] do [[inglês]] {{etimo|en|Jamaica}}, + {{etimo|eo|-o}}.
=={{pronúncia}}==
* [[AFI]]: {{AFI|/ja.ˈmaj.ko/}}, {{AFI|/jɑ.ˈmɑj.kɔ/}}
* [[X-SAMPA]]: /ja.&quot;maj.ko/, /jA.&quot;mAj.kO/
==Ver também==
===No Wikcionário===
{{verTambém.Ini}}
* {{link opcional|jamajka|eo}}
* {{link opcional|jamajkano|eo}}
* {{link opcional|Kingstono|eo}}
{{verTambém.Fim}}
{{América/eo}}
[[Categoria:Substantivo (Esperanto)]]
[[Categoria:Trissílabo (Esperanto)]]
[[Categoria:Paroxítona (Esperanto)]]
[[Categoria:País (Esperanto)]]
[[Categoria:Entrada com imagem (Esperanto)]]</text>
<sha1>f2cgmwgmz9ymhl99ao0cig8tgs8khou</sha1>
</revision>
