<page>
<title>jambo</title>
<ns>0</ns>
<id>1897</id>
<revision>
<id>2461571</id>
<parentid>2461570</parentid>
<timestamp>2017-11-18T18:10:32Z</timestamp>
<contributor>
<username>Cpls</username>
<id>20608</id>
</contributor>
<comment>/* {{etimologia|gl}} */</comment>
<model>wikitext</model>
<format>text/x-wiki</format>
<text bytes="1077" xml:space="preserve">{{Wikipédia}}
={{-pt-}}=
==Substantivo==
{{flex.pt|ms=jambo|mp=jambos}}
{{paroxítona|jam|bo}}, {{g|m}}
# {{escopo|Botânica}} fruto do [[jamboeiro]]
==Ver também==
===No Wikcionário===
{{verTambém.Ini}}
*[[botânica]]
{{verTambém.NovaColuna}}
*[[jamboeiro]]
{{verTambém.Fim}}
===Na Wikipédia===
*[[:w:fruta|fruta]]
[[Categoria:Substantivo (Português)]]
[[Categoria:Botânica (Português)]]
={{-gl-}}=
==Substantivo==
{{flex.gl|ms=jambo|mp=jambos}}
{{paroxítona|lang=gl|jam|bo}}, {{g|m|lang=gl}}
# {{escopo|gl|canteiros}} [[pé]]
==={{-varort-}}===
* De '''2''': [[jambro#{{gl}}|jambro]]
=={{etimologia|gl}}==
: Aparentado com o latim tardio ''gamba'', &quot;[[perna]]&quot;, no francês {{etimo|fr|jambe}}, &quot;[[perna]]&quot;. Confronte-se com ''[[jamba#{{gl}}|jamba]]''.
=={{pronúncia|gl}}==
* [[AFI]]: /'ʃaŋ.bo/
[[Categoria:Substantivo (Galego)]]
={{-sw-}}=
==Substantivo==
'''jambo'''
# coisa, assunto
==Interjeição==
'''jambo'''
# [[alô]], [[olá]]
[[Categoria:Substantivo (Suaíli)]]
[[Categoria:Interjeição (Suaíli)]]
[[Categoria:Falso cognato (Suaíli)]]</text>
<sha1>c0x1dgyyxcrernvclzwm7pd366g4z3b</sha1>
</revision>
</page>
