<page>
<title>jambelo</title>
<ns>0</ns>
<id>337990</id>
<revision>
<id>2219200</id>
<parentid>1907784</parentid>
<timestamp>2017-01-05T07:46:08Z</timestamp>
<contributor>
<username>Cpls</username>
<id>20608</id>
</contributor>
<comment>/* {{-pt-}} */</comment>
<model>wikitext</model>
<format>text/x-wiki</format>
<text bytes="345" xml:space="preserve">={{-pt-}}=
==Substantivo==
{{flex.pt|ms=jambelo|mp=jambelos}}
{{paroxítona|jam|be|lo}}, {{g|m}}
# {{escopo|pt|Trás-os-Montes}} [[presunto]] pequeno
=={{etimologia|pt}}==
: Confronte-se com o francês {{etimo|fr|jambon}}, com o galego ''[[jamão#{{gl}}|jamão]]'' e com o [[trasmontanismo]] [[gâmbia]].
[[Categoria:Substantivo (Português)]]</text>
<sha1>h177ezpu4fxls5pi5son48yh9h4lu5k</sha1>
</revision>
</page>
