<page>
<page>
<title>jambolão</title>
<ns>0</ns>
<id>276970</id>
<revision>
<id>2364549</id>
<parentid>2127954</parentid>
<timestamp>2017-05-03T15:37:49Z</timestamp>
<contributor>
<username>HydrizBot</username>
<id>29590</id>
</contributor>
<minor />
<comment>Robô: A limpar links interwikis antigos</comment>
<model>wikitext</model>
<format>text/x-wiki</format>
<text bytes="639" xml:space="preserve">{{Wikipédia|jamelão}}
={{-pt-}}=
==Substantivo==
{{flex.pt|ms=jambolão|mp=jambolões}}
{{oxítona|jam|bo|lão}}
# [[planta]] pertencente à família Mirtaceae (''Syzygium cumini''); produz  frutos do tipo baga (extremamente parecidos com as azeitonas)
===Sinônimos===
{{verTambém.Ini}}
* [[ameixa roxa]]
* [[azeitona-da-terra]]
* [[azeitona-do-nordeste]]
* [[baga-de-freira]]
{{verTambém.NovaColuna}}
* [[guapê]]
* [[jalão]]
* [[jambú]]
* [[jambuí]]
{{verTambém.NovaColuna}}
* [[jamelão]]
* [[kambol]]
* [[manjelão]]
* [[murta]]
{{verTambém.Fim}}
[[Categoria:Substantivo (Português)]]
[[Categoria:Botânica (Português)]]</text>
<sha1>p7h6z8y4dpnla55re5kvjk9c2aql2n8</sha1>
</revision>
