<page>
<title>jamburi</title>
<ns>0</ns>
<id>445048</id>
<revision>
<id>2689695</id>
<parentid>2683126</parentid>
<timestamp>2022-10-20T00:50:51Z</timestamp>
<contributor>
<username>InternetArchiveBot</username>
<id>81604</id>
</contributor>
<comment>Rescuing 2 sources and tagging 0 as dead.) #IABot (v2.0.9.2</comment>
<model>wikitext</model>
<format>text/x-wiki</format>
<text bytes="1032" xml:space="preserve">={{-pt-}}=
==Substantivo==
{{oxítona|jam|bu|ri}}, {{g|m}}
# ajuntamento de escoteiros que comumente se dá em âmbito supranacional
#* '''''Jamburi''' da América do Norte'' jornal Correio da Manha de 14 de junho de 1935 [https://web.archive.org/web/20220709181312/http://memoria.bn.br/DocReader/cache/150003091242/I0028248-7-0-003448-002438-006897-004875.JPG]
#* ''Chamado de '''jamburi''' – em língua indígena significa &quot;reunião de tribos&quot; – o encontro do escotismo mundial também possui uma edição nacional.'' revista Revista Encontro de 14 de novembro de 2014 [https://web.archive.org/web/20220709181555/https://www.revistaencontro.com.br/canal/atualidades/2014/11/escoteiros-celebram-100-anos-do-movimento-em-minas-gerais.html]
#* ''Apenas um mês depois de estar nos escuteiros houvera um &quot;'''jamburi'''” reunião de escuteiros a nivel de toda a província ultramarina'' livro: Kanimambo, por Tânia Jorge · 2008, pag: 79
=={{etimologia|pt}}==
{{llietimo|en|jamboree|pt}}
[[Categoria:Substantivo (Português)]]</text>
<sha1>9rkp1nre95c1uzx970cech0nfy8dn9i</sha1>
</revision>
</page>
