<page>
<title>jamboeiro</title>
<ns>0</ns>
<id>74495</id>
<revision>
<id>1938218</id>
<parentid>1601132</parentid>
<timestamp>2015-06-02T14:08:21Z</timestamp>
<contributor>
<username>ValJor</username>
<id>1358</id>
</contributor>
<comment>Um verbete a menos usando a [[Predefinição:flex.pt.subst.masculino|predefinição flex.pt.subst.masculino]]</comment>
<model>wikitext</model>
<format>text/x-wiki</format>
<text bytes="290" xml:space="preserve">={{-pt-}}=
==Substantivo==
{{flex.pt|ms=jamboeiro|mp=jamboeiros}}
{{paroxítona|jam|bo|ei|ro}}, {{m}}
# [[árvore]] cujo [[fruto]] é o [[jambo]]
=={{etimologia|pt}}==
: {{escopo|Morfologia}} [[jambo]] + [[-eiro]].
[[Categoria:Substantivo (Português)]]
[[Categoria:Árvore (Português)]]</text>
<sha1>25280np1cyj27v9km7r7eh2qanmfs6x</sha1>
</revision>
</page>
