<page>
<page>
<title>Jambeiro</title>
<ns>0</ns>
<id>136519</id>
<revision>
<id>2271588</id>
<parentid>2109569</parentid>
<timestamp>2017-04-26T19:35:47Z</timestamp>
<contributor>
<username>HydrizBot</username>
<id>29590</id>
</contributor>
<minor />
<comment>Robô: A limpar links interwikis antigos</comment>
<model>wikitext</model>
<format>text/x-wiki</format>
<text bytes="283" xml:space="preserve">{{ver também|jambeiro}}
={{-pt-}}=
{{Wikipédia}}
==Substantivo==
'''Jambeiro''' {{pr}}
#[[município]] [[brasileiro]] do [[estado]] de [[São Paulo]]
==Ver também==
*[[Apêndice:Municípios do estado de São Paulo]]
[[Categoria:Município do estado de São Paulo (Português)]]</text>
<sha1>hil6mon65ttpla9henc92micf8pv4if</sha1>
</revision>
