<page>
<page>
<title>jambu</title>
<ns>0</ns>
<id>109954</id>
<revision>
<id>2587566</id>
<parentid>2587563</parentid>
<timestamp>2020-05-11T09:40:24Z</timestamp>
<contributor>
<username>ValJor</username>
<id>1358</id>
</contributor>
<minor />
<comment>Revertidas edições por [[Especial:Contribuições/Cleysonjenner|Cleysonjenner]] para a última versão por [[Especial:Contribuições/HydrizBot|HydrizBot]]</comment>
<model>wikitext</model>
<format>text/x-wiki</format>
<text bytes="1286" xml:space="preserve">{{Wikipédia}}
={{-pt-}}=
==Substantivo==
{{flex.pt|ms=jambu|mp=jambus}}
{{oxítona|jam|bu}}, {{gramática|m}}
# [[planta]] [[alimentício|alimentícia]] do [[Brasil]] e da [[Índia]]
===Sinônimos===
{{verTambém.Ini}}
* [[agrião-do-Pará]]
{{verTambém.NovaColuna}}
* [[nhambu]]
{{verTambém.Fim}}
==Ver também==
===No Wikcionário===
{{verTambém.Ini}}
* [[jambuaçu]]
{{verTambém.NovaColuna}}
* [[jamburana]]
{{verTambém.Fim}}
[[Categoria:Substantivo (Português)]]
[[Categoria:Botânica (Português)]]
={{-id-}}=
==Substantivo==
'''jam.bu''' 
# [[goiaba]]
===Sinônimos===
{{verTambém.Ini}}
* [[jambu biji]]
{{verTambém.NovaColuna}}
* [[jambu klutuk]]
{{verTambém.Fim}}
==Ver também==
===No Wikcionário===
{{verTambém.Ini}}
* [[ara]]
* [[asam]]
* [[bayam]]
* [[blumkol]]
* [[buah]]
* [[dadar]]
* [[gula]]
* [[ikan]]
{{verTambém.NovaColuna}}
* [[jamur]]
* [[jeruk asam]]
* [[jeruk manis]]
* [[jeruk]]
* [[keju]]
* [[kentang]]
* [[kol]]
* [[kroket]]
{{verTambém.NovaColuna}}
* [[kubis]]
* [[kurma]]
* [[madu]]
* [[mangga]]
* [[manisan]]
* [[mentega]]
* [[nenas]]
{{verTambém.NovaColuna}}
* [[polong]]
* [[sepek]]
* [[susu]]
* [[telur]]
* [[tepung]]
* [[ubi]]
* [[walua]]
{{verTambém.Fim}}
[[Categoria:Substantivo (Indonésio)]]
[[categoria:Fruta (Indonésio)]]</text>
<sha1>g5y5vzr1sqki2skrgtsg8fuslgov022</sha1>
</revision>
