<page>
<title>jambeirense</title>
<ns>0</ns>
<id>165109</id>
<revision>
<id>2096334</id>
<parentid>1185895</parentid>
<timestamp>2016-05-03T23:57:48Z</timestamp>
<contributor>
<username>Luan</username>
<id>1279</id>
</contributor>
<minor />
<comment>[[Wikcionário:Esplanada/Arquivo/2015/Novembro#Quadros de flexão, categorias gramaticais e categorização por predefinição|substituição de predef obsoleta]] utilizando [[Project:AutoWikiBrowser|AWB]]</comment>
<model>wikitext</model>
<format>text/x-wiki</format>
<text bytes="649" xml:space="preserve">={{-pt-}}=
== Adjetivo ==
{{flex.pt|s=jambeirense|p=jambeirenses|s-div=jam.bei.&lt;u&gt;ren&lt;/u&gt;.se|p-div=jam.bei.&lt;u&gt;ren&lt;/u&gt;.ses}}
'''jam.bei.&lt;u&gt;ren&lt;/u&gt;.se''' ''comum aos dois gêneros''
# [[do]] [[município]] [[baiano]] [[de]] [[Rafael Jambeiro]], [[Brasil]].
== Substantivo ==
'''jam.bei.&lt;u&gt;ren&lt;/u&gt;.se''' ''comum aos dois gêneros''
{{flex.pt|s=jambeirense|p=jambeirenses|s-div=jam.bei.&lt;u&gt;ren&lt;/u&gt;.se|p-div=jam.bei.&lt;u&gt;ren&lt;/u&gt;.ses}}
# [[natural]] [[ou]] [[habitante]] [[do]] [[município]] [[baiano]] [[de]] [[Rafael Jambeiro]], [[Brasil]].
[[Categoria:Adjetivo (Português)]]
[[Categoria:Substantivo (Português)]]
[[Categoria:Gentílico (Português)]]</text>
<sha1>722137e1ll0ymbm6jwgnu55h87qxvqk</sha1>
</revision>
</page>
