<page>
<page>
<title>jambua</title>
<ns>0</ns>
<id>61730</id>
<revision>
<id>1269194</id>
<parentid>1243444</parentid>
<timestamp>2011-10-27T22:40:26Z</timestamp>
<contributor>
<username>MalafayaBot</username>
<id>628</id>
</contributor>
<minor />
<comment>Robô: Substituição de texto automática (-\=(\s*?)\{\{\-tet\-\}(\s*?)\= +={{-tet-}}=)</comment>
<model>wikitext</model>
<format>text/x-wiki</format>
<text bytes="122" xml:space="preserve">={{-tet-}}=
== Substantivo ==
'''jambua'''
# [[toranja]].
[[Categoria:Substantivo (Tétum)]]
[[Categoria:Fruta (Tétum)]]</text>
<sha1>7cae3hj3qveogo9r2ervba0rximf7tg</sha1>
</revision>
