<page>
<page>
<title>Jambija</title>
<ns>0</ns>
<id>145463</id>
<revision>
<id>1615206</id>
<parentid>1549108</parentid>
<timestamp>2013-01-21T17:35:32Z</timestamp>
<contributor>
<username>MalafayaBot</username>
<id>628</id>
</contributor>
<minor />
<comment>Robô: Substituição de texto automática (-|Figura| +|Entrada com imagem|, -[[Categoria:Figura  +[[Categoria:Entrada com imagem , -|Figura}} +|Entrada com imagem}})</comment>
<model>wikitext</model>
<format>text/x-wiki</format>
<text bytes="396" xml:space="preserve">[[Ficheiro:Flag of The Gambia.svg|thumb|150px|'''Jambija''']]
={{-ksh-}}=
==Substantivo==
'''Jam.bi.ja''' {{pr}}
# {{escopo|geografia}} [[Gâmbia]].
==Ver também==
===No Wikcionário===
{{África/ksh}}
[[Categoria:Substantivo (Francônio)]]
[[Categoria:Trissílabo (Francônio)]]
[[Categoria:País (Francônio)]]
[[Categoria:Entrada com imagem (Francônio)]]
[[Categoria:Cognato (Francônio)]]</text>
<sha1>rymm9ffpyesgnkjig6h8tdv99s8y0xw</sha1>
</revision>
