<page>
<title>jambata</title>
<ns>0</ns>
<id>61729</id>
<revision>
<id>1613464</id>
<parentid>1535963</parentid>
<timestamp>2013-01-21T15:45:08Z</timestamp>
<contributor>
<username>MalafayaBot</username>
<id>628</id>
</contributor>
<minor />
<comment>Robô: Substituição de texto automática (-|Figura| +|Entrada com imagem|, -[[Categoria:Figura  +[[Categoria:Entrada com imagem , -|Figura}} +|Entrada com imagem}})</comment>
<model>wikitext</model>
<format>text/x-wiki</format>
<text bytes="550" xml:space="preserve">[[Ficheiro:Eliot Bridge.jpg|thumb|150px|'''Jambata''']]
={{-tet-}}=
==Substantivo==
'''jam.ba.ta'''
# [[ponte]].
==Ver também==
===No Wikcionário===
{{verTambém.Ini}}
* {{l.s.|mota|{{tet}}}}
{{verTambém.Fim}}
===Referências===
{{verTambém.Ini}}
* [http://www.geocities.com/ukphoneline/tpid.pdf Dicionário Tetum-Português-Indonésio]
* [http://purl.pt/915/1/cd1/database/dictionaries/Tetum-Portugues.pdf Glossário tétum-português (TimorAgri)]
{{verTambém.Fim}}
{{categorias|Tétum|Substantivo|Trissílabo|Engenharia|Entrada com imagem}}</text>
<sha1>qsxj0amj5m3aytba1ge31dcb0s3r5lf</sha1>
</revision>
</page>
