<page>
<title>jamba</title>
<ns>0</ns>
<id>345707</id>
<revision>
<id>2461527</id>
<parentid>2461525</parentid>
<timestamp>2017-11-18T14:25:08Z</timestamp>
<contributor>
<username>Cpls</username>
<id>20608</id>
</contributor>
<comment>/* {{-varort-}} */</comment>
<model>wikitext</model>
<format>text/x-wiki</format>
<text bytes="873" xml:space="preserve">={{-pt-}}=
==Substantivo==
{{flex.pt|fs=jamba|fp=jambas}}
{{paroxítona|jam|ba}}, {{g|f}}
# cada uma das estruturas laterais que conformam uma [[porta]] ou [[janela]]
# {{escopo|pt|Trás-os-Montes}} [[empenho]]
=={{etimologia|pt}}==
: Aparentado com o [[francês]] {{etimo|fr|jambe}}. Confronte-se com [[jambelo]].
[[Categoria:Substantivo (Português)]]
={{-gl-}}=
==Substantivo==
{{flex.gl|fs=jamba|fp=jambas}}
{{paroxítona|jam|ba|lang=gl}}, {{g|f|lang=gl}}
# [[jamba#{{pt}}|jamba]], cada uma das estruturas laterais que conformam uma porta ou janela
# {{escopo|gl|canteiros}} [[perna]]
==={{-varort-}}===
* De '''2''': [[gamba#{{gl}}|gamba]], [[jambra#{{gl}}|jambra]]
===Sinónimos===
* De '''1''': [[nembro#{{gl}}|nembro]]
=={{etimologia|gl}}==
: Aparentado com o [[francês]] {{etimo|fr|jambe}}. Confronte-se com [[jambelo]].
[[Categoria:Substantivo (Galego)]]</text>
<sha1>iyi83kzr8bya1d2mnpt45gvdhp10acc</sha1>
</revision>
</page>
