<page>
<page>
<title>jambe</title>
<ns>0</ns>
<id>53184</id>
<revision>
<id>2528783</id>
<parentid>2364547</parentid>
<timestamp>2018-12-15T17:26:40Z</timestamp>
<contributor>
<username>ValJor</username>
<id>1358</id>
</contributor>
<comment>Um verbete a menos usando a [[Predefinição:flex.fr.mf.reg|predefinição flex.fr.mf.reg]]</comment>
<model>wikitext</model>
<format>text/x-wiki</format>
<text bytes="288" xml:space="preserve">{{Wikipédia|lang=fr}}
={{-fr-}}=
==Substantivo==
{{flex.fr|fs=jambe|fp=jambes}}
'''jambe''', {{gramática|f}}
# [[perna]]
=={{etimologia|fr}}==
{{llietimo|fro|jambe|fr}}
=={{pronúncia|fr}}==
* [[AFI]]: \ʒɑ̃b\
[[Categoria:Substantivo (Francês)]]
[[Categoria:Anatomia (Francês)]]</text>
<sha1>4bgnvzwbh2l7imgztqwlbaa3z6fx7b8</sha1>
</revision>
