<page>
<page>
<title>jambra</title>
<ns>0</ns>
<id>385989</id>
<revision>
<id>2461572</id>
<parentid>2461528</parentid>
<timestamp>2017-11-18T18:15:43Z</timestamp>
<contributor>
<username>Cpls</username>
<id>20608</id>
</contributor>
<comment>/* {{-gl-}} */</comment>
<model>wikitext</model>
<format>text/x-wiki</format>
<text bytes="947" xml:space="preserve">={{-gl-}}=
==Substantivo==
{{flex.gl|fs=jambra|fp=jambras}}
{{paroxítona|lang=gl|jam|bra}}, {{g|f|lang=gl}}
# {{escopo|gl|canteiros|telheiros}} [[perna]]
# {{escopo|gl|canteiros|telheiros}} [[pé]], [[barriga da perna]], [[coxa]], [[nádega]]
===Sinónimos===
* De '''1''': [[andolia#{{gl}}|andolia]], [[banguela#{{gl}}|banguela]], [[canelo#{{gl}}|canelo]], [[gamba#{{gl}}|gamba]], [[gâmbia#{{gl}}|gâmbia]], [[gaviança#{{gl}}|gaviança]], [[gavianço#{{gl}}|gavianço]], [[jamanica#{{gl}}|jamanica]], [[jamba#{{gl}}|jamba]], [[patilanta#{{gl}}|patilanta]], [[patinante#{{gl}}|patinante]], [[rema#{{gl}}|rema]], [[zambra#{{gl}}|zambra]], [[zanca#{{gl}}|zanca]], [[zúrria#{{gl}}|zúrria]]
=={{etimologia|gl}}==
: Aparentado com o latim tardio ''gamba'', &quot;[[perna]]&quot;, no francês {{etimo|fr|jambe}}, &quot;[[perna]]&quot;. Confronte-se com ''[[jambro#{{gl}}|jambro]]''.
=={{pronúncia|gl}}==
* [[AFI]]: /'ʃaŋ.bɾa/
[[Categoria:Substantivo (Galego)]]</text>
<sha1>8gup0cug6xj4bykd8jlgolgjh79juk5</sha1>
</revision>
