<page>
<title>Jamena</title>
<ns>0</ns>
<id>124391</id>
<revision>
<id>1548979</id>
<parentid>1509462</parentid>
<timestamp>2012-12-05T13:56:48Z</timestamp>
<contributor>
<username>VJBot</username>
<id>33673</id>
</contributor>
<minor />
<comment>Robô: Substituição de texto automática  (-{{tradução}} +Tradução)</comment>
<model>wikitext</model>
<format>text/x-wiki</format>
<text bytes="376" xml:space="preserve">={{-pt-}}=
{{Wikipédia|lang=pt}}
==Substantivo==
{{paroxítona|Ja|me|na}}, ''próprio''
#{{escopo|Geografia}} [[capital]] e maior [[cidade]] do [[Chade]]
===Forma alternativa===
*[[N'Djamena]]
===Tradução===
{{tradini}}
*{{trad|ar|إنجامينا}}
{{tradfim}}
[[Categoria:Substantivo (Português)]]
[[Categoria:Topónimo (Português)]]
[[Categoria:Capital (Português)]]</text>
<sha1>nri0c9a00l7r4bumi4qe5r11tbrhu93</sha1>
</revision>
</page>
