<page>
<page>
<title>jame</title>
<ns>0</ns>
<id>86644</id>
<revision>
<id>2364553</id>
<parentid>1956150</parentid>
<timestamp>2017-05-03T15:38:04Z</timestamp>
<contributor>
<username>HydrizBot</username>
<id>29590</id>
</contributor>
<minor />
<comment>Robô: A limpar links interwikis antigos</comment>
<model>wikitext</model>
<format>text/x-wiki</format>
<text bytes="317" xml:space="preserve">={{-lt-}}=
==Pronome==
'''ja.me''' ''[[pessoal]]''
# [[forma]] [[não-]][[pronominal]] do [[pronome pessoal]] do [[caso]] [[locativo]] da [[terceiro|terceira]] [[pessoa]] do [[masculino]] [[singular]].
===Declinação===
{{decl.lt.pron.3a}}
[[Categoria:Pronome pessoal (Lituano)]]
[[Categoria:Dissílabo (Lituano)]]</text>
<sha1>h4gi6l9n8gyqpgo2fpjff5te7np009k</sha1>
</revision>
