<page>
<title>James</title>
<ns>0</ns>
<id>292697</id>
<revision>
<id>2663375</id>
<parentid>2271589</parentid>
<timestamp>2022-03-05T16:26:27Z</timestamp>
<contributor>
<username>Leonardo José Raimundo</username>
<id>43489</id>
</contributor>
<comment>Eu estou colocando as versões em escocês e lavukaleve do nome &quot;James&quot;.</comment>
<model>wikitext</model>
<format>text/x-wiki</format>
<text bytes="1567" xml:space="preserve">{{Wikipédia|lang=en}}
={{-sco-}}=
==Substantivo==
'''James''', {{pr}}
# {{escopo|sco|Cristianismo|religião}} [[Tiago]]
==Ver também==
===No Wikcionário===
{{bíblia/sco}}
[[Categoria:Substantivo (Escocês)]]
={{-en-}}=
==Substantivo==
'''James''', {{pr}} {{m}}
# {{escopo|en|Antropônimo}} [[Jaime]]
# {{escopo|en|Cristianismo|religião}} [[Tiago]]
=={{etimologia|en}}==
:{{llietimo|fr|Gemmes|en|ponto=não}} (em desuso), que por sua vez veio do {{etm|la|en}} {{etimo|la|Iacomus}}, variante de [[Iacobus]].
=={{pronúncia|en}}==
* [[AFI]]: {{AFI|/dʒeɪmz/}}.
* [[AFI]]: {{AFI|/ˈdʒeɪms/}}.
===Termos derivados===
{{verTambém.Ini}}
* {{link opcional|Jamie|en}}
* {{link opcional|Jas|en}}
* {{link opcional|Jay|en}}
{{verTambém.NovaColuna}}
* {{link opcional|Jim|en}}
* {{link opcional|Jimmie|en}}
* {{link opcional|Jimmy|en}}
{{verTambém.NovaColuna}}
* {{link opcional|Jimbo|en}}
* {{link opcional|Jem|en}}
* {{link opcional|Jemmy|en}}
{{verTambém.NovaColuna}}
* {{link opcional|Jambo|en}}
* {{link opcional|Jake|en}}
* {{link opcional|Jameson|en}}
{{verTambém.Fim}}
==Ver também==
===No Wikcionário===
{{bíblia/en}}
[[Categoria:Substantivo (Inglês)]]
[[Categoria:Monossílabo (Inglês)]]
={{-lvk-}}=
==Substantivo==
'''James''', {{pr}}
# {{escopo|lvk|Cristianismo|religião}} [[Tiago]]
=={{etimologia|lvk}}==
:{{llietimo|fr|Gemmes|lvk|ponto=não}} (em desuso), que por sua vez veio do {{etm|la|lvk}} {{etimo|la|Iacomus}}, variante de [[Iacobus]].
==Ver também==
===No Wikcionário===
{{bíblia/lvk}}
[[Categoria:Substantivo (Lavukaleve)]]</text>
<sha1>4jldpstw03112zpc23ihamqshrswguv</sha1>
</revision>
</page>
