<page>
<page>
<title>jamhuri</title>
<ns>0</ns>
<id>259183</id>
<revision>
<id>2364555</id>
<parentid>1775588</parentid>
<timestamp>2017-05-03T15:38:08Z</timestamp>
<contributor>
<username>HydrizBot</username>
<id>29590</id>
</contributor>
<minor />
<comment>Robô: A limpar links interwikis antigos</comment>
<model>wikitext</model>
<format>text/x-wiki</format>
<text bytes="165" xml:space="preserve">={{-sw-}}=
==Substantivo==
'''jamhuri'''
# [[república]] (forma de governo)
{{página-automática|janeiro|2011|república|sw}}
[[Categoria:Substantivo (Suaíli)]]</text>
<sha1>754pzxnfv8hm2qa88x0lyijb2rzksql</sha1>
</revision>
