<page>
<page>
<title>jamhuriyadda</title>
<ns>0</ns>
<id>259182</id>
<revision>
<id>2364556</id>
<parentid>1471509</parentid>
<timestamp>2017-05-03T15:38:10Z</timestamp>
<contributor>
<username>HydrizBot</username>
<id>29590</id>
</contributor>
<minor />
<comment>Robô: A limpar links interwikis antigos</comment>
<model>wikitext</model>
<format>text/x-wiki</format>
<text bytes="169" xml:space="preserve">={{-so-}}=
==Substantivo==
'''jamhuriyadda'''
# [[república]] (forma de governo)
{{página-automática|janeiro|2011|república|so}}
[[Categoria:Substantivo (Somali)]]</text>
<sha1>axossrvihdwisx7dkhatfjr247zh3hx</sha1>
</revision>
