<page>
<page>
<title>jamico</title>
<ns>0</ns>
<id>314786</id>
<revision>
<id>2364557</id>
<parentid>2256526</parentid>
<timestamp>2017-05-03T15:38:12Z</timestamp>
<contributor>
<username>HydrizBot</username>
<id>29590</id>
</contributor>
<minor />
<comment>Robô: A limpar links interwikis antigos</comment>
<model>wikitext</model>
<format>text/x-wiki</format>
<text bytes="239" xml:space="preserve">={{-gl-}}=
==Substantivo==
{{flex.gl|ms=jamico|mp=jamicos}}
{{paroxítona|lan=gl|ja|mi|co}}, {{g|m|lang=gl}}
# [[truta]] pequena
===Sinónimos===
* [[jamardo#Galego|jamardo]], [[javardo#Galego|javardo]]
[[Categoria:Substantivo (Galego)]]</text>
<sha1>m1fcdk2r4x4klltrnjlqatx6quxdgmy</sha1>
</revision>
