<page>
<page>
<title>jamonear</title>
<ns>0</ns>
<id>364531</id>
<revision>
<id>2364558</id>
<parentid>2180137</parentid>
<timestamp>2017-05-03T15:38:14Z</timestamp>
<contributor>
<username>HydrizBot</username>
<id>29590</id>
</contributor>
<minor />
<comment>Robô: A limpar links interwikis antigos</comment>
<model>wikitext</model>
<format>text/x-wiki</format>
<text bytes="407" xml:space="preserve">={{-gl-}}=
==Verbo==
{{oxítona|ja|mo|ne|ar|lang=gl}}
# [[mover]] a cabeça e o rabo, especialmente o gado [[vacum]]
==={{-varort-}}===
* [[escaramonear#{{gl}}|escaramonear]], [[camonear#{{gl}}|camonear]], [[escadamojar#{{gl}}|escadamojar]], [[zamonear#{{gl}}|zamonear]], [[zaramonear#{{gl}}|zaramonear]]
=={{etimologia|gl}}==
: Confronte-se com ''[[jamão#{{gl}}|jamão]]''.
[[Categoria:Verbo (Galego)]]</text>
<sha1>icuccjaa560hh76pewj51zgk8piowkv</sha1>
</revision>
