<page>
<title>Jampruca</title>
<ns>0</ns>
<id>141099</id>
<revision>
<id>2271590</id>
<parentid>2109568</parentid>
<timestamp>2017-04-26T19:35:53Z</timestamp>
<contributor>
<username>HydrizBot</username>
<id>29590</id>
</contributor>
<minor />
<comment>Robô: A limpar links interwikis antigos</comment>
<model>wikitext</model>
<format>text/x-wiki</format>
<text bytes="263" xml:space="preserve">={{-pt-}}=
{{Wikipédia}}
==Substantivo==
'''Jampruca''' {{pr}}
#[[município]] [[brasileiro]] do [[estado]] de [[Minas Gerais]]
==Ver também==
*[[Apêndice:Municípios do estado de Minas Gerais]]
[[Categoria:Município do estado de Minas Gerais (Português)]]</text>
<sha1>l3xx0q95zfd4s7h222xweq8y1muj8s3</sha1>
</revision>
</page>
