<page>
<page>
<title>jamut</title>
<ns>0</ns>
<id>31368</id>
<revision>
<id>1384033</id>
<parentid>657628</parentid>
<timestamp>2012-03-04T10:11:08Z</timestamp>
<contributor>
<username>ValJor</username>
<id>1358</id>
</contributor>
<comment>Trocando o cabeçalho de língua: yaq --&gt; -yaq-</comment>
<model>wikitext</model>
<format>text/x-wiki</format>
<text bytes="87" xml:space="preserve">={{-yaq-}}=
==Substantivo==
'''jamut'''
# [[mulher]]
[[Categoria:Substantivo (Yaqui)]]</text>
<sha1>bbvmpk8l5hwfjdhc6aghxhjnokrr4t9</sha1>
</revision>
