<page>
<page>
<title>jamáda</title>
<ns>0</ns>
<id>5644</id>
<revision>
<id>1325754</id>
<parentid>1092822</parentid>
<timestamp>2011-12-08T00:58:02Z</timestamp>
<contributor>
<username>MalafayaBot</username>
<id>628</id>
</contributor>
<minor />
<comment>Robô: Substituição de texto automática (-^\=(\s*?)(\{\{kea\}\}|Cabo\-?verdiano)(\s*?)\= +={{-kea-}}=)</comment>
<model>wikitext</model>
<format>text/x-wiki</format>
<text bytes="141" xml:space="preserve">={{-kea-}}=
==Substantivo==
'''jamáda'''
# [[gemada]]
[[Categoria:Substantivo (Cabo-verdiano)]]
[[Categoria:Alimentação (Cabo-verdiano)]]</text>
<sha1>kjevcmb8xvz9yar7vgktmyi377s325f</sha1>
</revision>
