<page>
<page>
<title>jamé</title>
<ns>0</ns>
<id>325615</id>
<revision>
<id>2600190</id>
<parentid>2600189</parentid>
<timestamp>2020-10-30T03:55:39Z</timestamp>
<contributor>
<username>Teles</username>
<id>15241</id>
</contributor>
<minor />
<comment>Revertidas edições por [[Especial:Contribuições/2804:14C:6591:8965:F077:AD3F:81F2:D9EA|2804:14C:6591:8965:F077:AD3F:81F2:D9EA]] para a última versão por [[Especial:Contribuições/HydrizBot|HydrizBot]]</comment>
<model>wikitext</model>
<format>text/x-wiki</format>
<text bytes="742" xml:space="preserve">={{-pt-}}=
==Advérbio==
{{oxítona|ja|mé}}, ''de tempo''
# {{escopo|Familiar}} '''[[jamais]]''', [[nunca]]
===Sinônimos===
*De '''1''': [[jamais]]
=={{etimologia|pt}}==
: Do francês {{etimo|fr|jamais}}
==Referências==
*[http://books.google.com/books?id=33YtAAAAYAAJ&amp;q=%22jam%C3%A9%22&amp;dq=%22jam%C3%A9%22&amp;sa=X&amp;ei=ZmWPU5G9KsKlqAbQvoLQCA&amp;ved=0CFUQ6AEwCTge Rio de raivas]
*[http://books.google.com/books?id=9PQdAQAAIAAJ&amp;q=%22jam%C3%A9%22&amp;dq=%22jam%C3%A9%22&amp;sa=X&amp;ei=HmePU-LrIcuEqgb-y4Fw&amp;ved=0CEsQ6AEwBzgy Pedro Batista, Comendador &amp;]
*[http://books.google.com/books?id=JZktAAAAYAAJ&amp;q=%22jam%C3%A9%22&amp;dq=%22jam%C3%A9%22&amp;sa=X&amp;ei=NG2PU9SyLMicqAbDwYKIDw&amp;ved=0CFEQ6AEwCDgK Hitler manda lembranças: romance]
[[Categoria:Advérbio (Português)]]</text>
<sha1>i0mdhhy8yk7gnkqqcb0o7uua6pc8gxg</sha1>
</revision>
