<page>
<page>
<title>Jan</title>
<ns>0</ns>
<id>399307</id>
<revision>
<id>2525231</id>
<parentid>2516356</parentid>
<timestamp>2018-11-04T18:02:32Z</timestamp>
<contributor>
<username>Amigo7</username>
<id>58547</id>
</contributor>
<minor />
<comment>/* Declinação */ decl.pl.subst.masc.pessoal.2 -&gt; decl.pl.subst (forma de instrumental singular não correta)</comment>
<model>wikitext</model>
<format>text/x-wiki</format>
<text bytes="1920" xml:space="preserve">={{-cs-}}=
==Substantivo==
'''Jan'''
# {{escopo|cs|Cristianismo|religião}} [[João]]
==Ver também==
===No Wikcionário===
{{bíblia/cs}}
[[Categoria:Substantivo (Checo)]]
={{-da-}}=
==Substantivo==
'''Jan'''
# {{escopo|da|Cristianismo|religião}} [[João]]
===Declinação===
{{decl.da.subst.próprio}}
==Ver também==
===No Wikcionário===
{{bíblia/da}}
[[Categoria:Substantivo (Dinamarquês)]]
={{-fy-}}=
==Substantivo==
'''Jan'''
# {{escopo|fy|Cristianismo|religião}} [[João]]
==Ver também==
===No Wikcionário===
{{bíblia/fy}}
[[Categoria:Substantivo (Frísio)]]
={{-nl-}}=
==Substantivo==
'''Jan'''
# {{escopo|nl|Cristianismo|religião}} [[João]]
==Ver também==
===No Wikcionário===
{{bíblia/nl}}
[[Categoria:Substantivo (Holandês)]]
={{-pl-}}=
==Substantivo==
'''Jan''', {{gramática|m|pr}}
# {{escopo|pl|Antropônimo}} [[João]]
===Declinação===
{{decl.pl.subst
|ns={{link opcional|Jan|pl}}
|gs={{link opcional|Jana|pl}}
|ds={{link opcional|Janowi|pl}}
|as={{link opcional|Jana|pl}}
|is={{link opcional|Janem|pl}}
|ls={{link opcional|Janie|pl}}
|vs={{link opcional|Janie|pl}}
|np={{link opcional|Janowie|pl}}
|gp={{link opcional|Janów|pl}}
|dp={{link opcional|Janom|pl}}
|ap={{link opcional|Janów|pl}}
|ip={{link opcional|Janami|pl}}
|lp={{link opcional|Janach|pl}}
|vp={{link opcional|Janowie|pl}}
}}
===Expressões===
{{colunas|3}}
* {{link opcional|Ewangelia według Świętego Jana|pl}}
* {{link opcional|Ewangelia Jana|pl}}
* {{link opcional|List Świętego Jana|pl}}
* {{link opcional|List Jana|pl}}
* {{link opcional|Apokalipsa Świętego Jana|pl}}
{{colunas/fim}}
[[Categoria:Monossílabo (Polonês)]]
[[Categoria:Substantivo (Polonês)]]
={{-sv-}}=
==Substantivo==
'''Jan'''
# {{escopo|sv|Cristianismo|religião}} [[João]]
===Declinação===
{{decl.sv.subst.próprio|d=masculino}}
==Ver também==
===No Wikcionário===
{{bíblia/sv}}
[[Categoria:Substantivo (Sueco)]]</text>
<sha1>8ab90telk61y5hl26cppd1bczop72wd</sha1>
</revision>
