<page>
<page>
<title>janakute</title>
<ns>0</ns>
<id>149540</id>
<revision>
<id>2219157</id>
<parentid>2090183</parentid>
<timestamp>2017-01-05T02:06:43Z</timestamp>
<contributor>
<username>Tribuno da Plebe</username>
<id>16095</id>
</contributor>
<model>wikitext</model>
<format>text/x-wiki</format>
<text bytes="117" xml:space="preserve">={{-ja-}}=
==Transliteração==
# transliteração de [[じゃなくて]]
[[Categoria:Transliteração (Japonês)]]</text>
<sha1>mg5pcfle9edvegn5mj3ggbu6bzb8rbj</sha1>
</revision>
