<page>
<title>janajjpacha</title>
<ns>0</ns>
<id>229180</id>
<revision>
<id>2649555</id>
<parentid>2364563</parentid>
<timestamp>2021-10-02T12:01:43Z</timestamp>
<contributor>
<username>ValJor</username>
<id>1358</id>
</contributor>
<comment>Confirmando [[:Categoria:!Entrada criada por robô|verbete criado por robô]]</comment>
<model>wikitext</model>
<format>text/x-wiki</format>
<text bytes="112" xml:space="preserve">={{-qu-}}=
==Substantivo==
'''janajjpacha'''
# [[céu]] (abóbada celeste)
[[Categoria:Substantivo (Quéchua)]]</text>
<sha1>aheu17pim07tnqm0xvgfphpz005svnq</sha1>
</revision>
</page>
