<page>
<title>Janaúba</title>
<ns>0</ns>
<id>141100</id>
<revision>
<id>2271593</id>
<parentid>2109567</parentid>
<timestamp>2017-04-26T19:36:01Z</timestamp>
<contributor>
<username>HydrizBot</username>
<id>29590</id>
</contributor>
<minor />
<comment>Robô: A limpar links interwikis antigos</comment>
<model>wikitext</model>
<format>text/x-wiki</format>
<text bytes="263" xml:space="preserve">={{-pt-}}=
{{Wikipédia}}
==Substantivo==
'''Janaúba''' {{pr}}
#[[município]] [[brasileiro]] do [[estado]] de [[Minas Gerais]]
==Ver também==
*[[Apêndice:Municípios do estado de Minas Gerais]]
[[Categoria:Município do estado de Minas Gerais (Português)]]</text>
<sha1>eut6guzkoxnezshon0apvmjsub5wgaw</sha1>
</revision>
</page>
