<page>
<title>Janaínos</title>
<ns>0</ns>
<id>335783</id>
<revision>
<id>2250731</id>
<parentid>1892762</parentid>
<timestamp>2017-03-10T02:47:08Z</timestamp>
<contributor>
<username>MIL973</username>
<id>41339</id>
</contributor>
<model>wikitext</model>
<format>text/x-wiki</format>
<text bytes="186" xml:space="preserve">={{-pt-}}=
==Forma de substantivo==
{{paroxítona|Ja|na|í|nos}}, {{gramática|pr|mp}}
# plural de [[Janaíno]]
{{avi-for-fle|Janaíno}}
[[Categoria:Forma de substantivo (Português)]]</text>
<sha1>6jw5nqa2fvujphbnklez8w5r37f7yld</sha1>
</revision>
</page>
