<page>
<title>Janari</title>
<ns>0</ns>
<id>233933</id>
<revision>
<id>2271592</id>
<parentid>2028181</parentid>
<timestamp>2017-04-26T19:36:00Z</timestamp>
<contributor>
<username>HydrizBot</username>
<id>29590</id>
</contributor>
<minor />
<comment>Robô: A limpar links interwikis antigos</comment>
<model>wikitext</model>
<format>text/x-wiki</format>
<text bytes="239" xml:space="preserve">={{-sq-}}=
==Substantivo==
'''Janari'''
# [[janeiro]].
# [[primeiro]] [[mês]] do [[ano]] civil, tendo 31 [[dia]]s.
== Ver também ==
=== No Wikcionário ===
{{meses/sq}}
[[Categoria:Substantivo (Albanês)]]
[[Categoria:Mês (Albanês)]]</text>
<sha1>ky7n53g38gw3mj0rrq9oerrdyobocya</sha1>
</revision>
</page>
