<page>
<page>
<title>Janduís</title>
<ns>0</ns>
<id>145911</id>
<revision>
<id>2271598</id>
<parentid>1199029</parentid>
<timestamp>2017-04-26T19:36:12Z</timestamp>
<contributor>
<username>HydrizBot</username>
<id>29590</id>
</contributor>
<minor />
<comment>Robô: A limpar links interwikis antigos</comment>
<model>wikitext</model>
<format>text/x-wiki</format>
<text bytes="284" xml:space="preserve">={{-pt-}}=
{{Wikipédia}}
==Substantivo==
'''Janduís''' {{pr}}
#[[município]] [[brasileiro]] do [[estado]] do [[Rio Grande do Norte]]
==Ver também==
*[[Apêndice:Municípios do estado do Rio Grande do Norte]]
[[Categoria:Município do estado do Rio Grande do Norte (Português)]]</text>
<sha1>mb8b9jrdgdcypfp2p97x4ur3fp8w0xo</sha1>
</revision>
