<page>
<page>
<title>Jandiro</title>
<ns>0</ns>
<id>393503</id>
<revision>
<id>2556708</id>
<parentid>2488099</parentid>
<timestamp>2019-10-10T09:33:15Z</timestamp>
<contributor>
<username>MIL973</username>
<id>41339</id>
</contributor>
<model>wikitext</model>
<format>text/x-wiki</format>
<text bytes="307" xml:space="preserve">={{-pt-}}=
==Substantivo==
{{flex.pt|ms=Jandiro|mp=Jandiros}}
{{paroxítona|Jan|di|ro}}, {{gramática|pr|m}}
# {{escopo|pt|Antropônimo}} [[Apêndice:Prenomes em português|prenome]] masculino
==Ver também==
===No Wikcionário===
====Antropônimos====
* [[Jandira]]
[[Categoria:Substantivo (Português)]]</text>
<sha1>e8tcxvtg7a7xy2umynfavof3hosa5fb</sha1>
</revision>
