<page>
<title>jandaia</title>
<ns>0</ns>
<id>289049</id>
<revision>
<id>1500026</id>
<parentid>1401413</parentid>
<timestamp>2012-10-25T07:15:06Z</timestamp>
<contributor>
<username>VJBot</username>
<id>33673</id>
</contributor>
<minor />
<comment>Robô: Substituição de texto automática  (-{{vt| +{{ver também|)</comment>
<model>wikitext</model>
<format>text/x-wiki</format>
<text bytes="459" xml:space="preserve">{{ver também|Jandaia}}
{{Wikipédia}}
[[Ficheiro:Jandaya parakeet Brazil.jpg|right|thumb|180px|'''Jandaia''']]
={{-pt-}}=
==Substantivo==
{{flex.pt|fs=jandaia|fp=jandaias|fs-div=jan.&lt;u&gt;dai&lt;/u&gt;.a|fp-div=jan.&lt;u&gt;dai&lt;/u&gt;.as}}
{{paroxítona|jan|dai|a}}, {{f}}
# espécie de [[periquito]] do género ''[[species:Aratinga|Aratinga]]''
==={{etimologia|pt}}===
:Do [[tupi]] {{etimo|tu|ñe'ndai}}
[[Categoria:Substantivo (Português)]]
[[Categoria:Ave (Português)]]</text>
<sha1>lo2gxgqir4oz6zw9fcno6oyq08lmg6w</sha1>
</revision>
</page>
