<page>
<page>
<title>janduiense</title>
<ns>0</ns>
<id>94654</id>
<revision>
<id>1190645</id>
<parentid>372111</parentid>
<timestamp>2011-07-08T19:04:04Z</timestamp>
<contributor>
<username>MalafayaBot</username>
<id>628</id>
</contributor>
<minor />
<comment>Robô: Substituição de texto automática (-^\=\s?Português\s?\= +={{-pt-}}= &amp; -^\=\s?\{\{pt\}\}\s?\= +={{-pt-}}=)</comment>
<model>wikitext</model>
<format>text/x-wiki</format>
<text bytes="374" xml:space="preserve">={{-pt-}}=
==Adjetivo==
'''janduiense'''
:# [[pessoa]] que nasceu na Cidade de Janduís, município do Estado do Rio Grande do Norte, Brasil;
:# artigo ou objeto da Cidade de Janduís, município do Estado do Rio Grande do Norte, Brasil.
== Ver Também ==
*Na Wikipédia:
** [[:w:Janduís (Rio Grande do Norte)|Cidade de Janduís]]
[[Categoria:Gentílico (Português)]]</text>
<sha1>69k23b0vvqpg1yqrkhkfu65if1gudd6</sha1>
</revision>
