<page>
<page>
<title>Jandiros</title>
<ns>0</ns>
<id>393504</id>
<revision>
<id>2488101</id>
<parentid>2488100</parentid>
<timestamp>2018-03-07T12:03:39Z</timestamp>
<contributor>
<username>MIL973</username>
<id>41339</id>
</contributor>
<model>wikitext</model>
<format>text/x-wiki</format>
<text bytes="182" xml:space="preserve">={{-pt-}}=
==Forma de substantivo==
{{paroxítona|Jan|di|ros}}, {{gramática|pr|mp}}
# plural de [[Jandiro]]
{{avi-for-fle|Jandiro}}
[[Categoria:Forma de substantivo (Português)]]</text>
<sha1>czfvwfwlq0hpmhitsqoy92i52m3tocf</sha1>
</revision>
