<page>
<page>
<title>Jandaia</title>
<ns>0</ns>
<id>141787</id>
<revision>
<id>2271594</id>
<parentid>1498832</parentid>
<timestamp>2017-04-26T19:36:03Z</timestamp>
<contributor>
<username>HydrizBot</username>
<id>29590</id>
</contributor>
<minor />
<comment>Robô: A limpar links interwikis antigos</comment>
<model>wikitext</model>
<format>text/x-wiki</format>
<text bytes="309" xml:space="preserve">{{ver também|jandaia}}
={{-pt-}}=
{{Wikipédia}}
==Substantivo==
'''Jandaia''', {{pr}}
# [[município]] [[brasileiro]] do [[estado]] de [[Goiás]]
==Ver também==
*[[Apêndice:Municípios do estado de Goiás]]
[[Categoria:Substantivo (Português)]]
[[Categoria:Município do estado de Goiás (Português)]]</text>
<sha1>q93xn75js4fi09y70yw2by9vw99q9mj</sha1>
</revision>
