<page>
<page>
<title>jandirenses</title>
<ns>0</ns>
<id>393507</id>
<revision>
<id>2488107</id>
<parentid>2488106</parentid>
<timestamp>2018-03-07T12:12:07Z</timestamp>
<contributor>
<username>MIL973</username>
<id>41339</id>
</contributor>
<model>wikitext</model>
<format>text/x-wiki</format>
<text bytes="338" xml:space="preserve">={{-pt-}}=
==Forma de adjetivo==
{{paroxítona|jan|di|ren|ses}}, {{gramática|c2gp}}
# plural de [[jandirense]]
==Forma de substantivo==
{{paroxítona|jan|di|ren|ses}}, {{gramática|c2gp}}
# plural de [[jandirense]]
{{avi-for-fle|jandirense}}
[[Categoria:Forma de adjetivo (Português)]]
[[Categoria:Forma de substantivo (Português)]]</text>
<sha1>mxw34xximfz3ql82q4yirwj5jglae3e</sha1>
</revision>
