<page>
<page>
<title>janelear</title>
<ns>0</ns>
<id>430828</id>
<revision>
<id>2623367</id>
<timestamp>2021-02-13T11:41:55Z</timestamp>
<contributor>
<username>Cpls</username>
<id>20608</id>
</contributor>
<comment>[[Ajuda:Guia de edição/Menus e ferramentas/Sumário de edição|→]] nova página: ={{-gl-}}= ==Verbo== {{oxítona|ja|ne|le|ar|lang=gl}}, {{g|refl|lang=gl}} # [[recrear]]-se olhando pela janel...</comment>
<model>wikitext</model>
<format>text/x-wiki</format>
<text bytes="260" xml:space="preserve">={{-gl-}}=
==Verbo==
{{oxítona|ja|ne|le|ar|lang=gl}}, {{g|refl|lang=gl}}
# [[recrear]]-se olhando pela janela, [[janelar]]
=={{etimologia|gl}}==
: {{escopo|Morfologia}} De ''[[janela#{{gl}}|janela]]'' + ''[[-ear#{{gl}}|-ear]]''.
[[Categoria:Verbo (Galego)]]</text>
<sha1>ffeyms54blvrxn13t7lvh8vvalobfds</sha1>
</revision>
