<page>
<title>janeirinho</title>
<ns>0</ns>
<id>274765</id>
<revision>
<id>1617611</id>
<parentid>1235666</parentid>
<timestamp>2013-01-21T21:19:13Z</timestamp>
<contributor>
<username>ValJor</username>
<id>1358</id>
</contributor>
<comment>Melhorando a apresentação do verbete segundo o AO 1990: Janeiro --&gt; janeiro</comment>
<model>wikitext</model>
<format>text/x-wiki</format>
<text bytes="331" xml:space="preserve">={{-pt-}}=
==Adjetivo==
{{flex.pt|ms=janeirinho|mp=janeirinhos|fs=janeirinha|fp=janeirinhas}}
{{paroxítona|ja|nei|ri|nho}}
# próprio do mês de [[janeiro]]
==Ver também==
===No Wikcionário===
{{verTambém.Ini}}
* [[janeirinha]]
{{verTambém.NovaColuna}}
* [[janeirento]]
{{verTambém.Fim}}
[[Categoria:Adjetivo (Português)]]</text>
<sha1>0ubei37llil9vdr8sbx9ygro3kgtg33</sha1>
</revision>
</page>
