<page>
<title>janeiro</title>
<ns>0</ns>
<id>1341</id>
<revision>
<id>2671575</id>
<parentid>2667135</parentid>
<timestamp>2022-04-08T18:05:24Z</timestamp>
<contributor>
<username>MIL973</username>
<id>41339</id>
</contributor>
<model>wikitext</model>
<format>text/x-wiki</format>
<text bytes="4099" xml:space="preserve">{{Wikipédia}}
={{-pt-}}=
==Substantivo==
{{flex.pt|ms=janeiro|mp=janeiros}}
{{paroxítona|ja|nei|ro}}, {{gramática|m}} {{datação|século XIII}}
# {{escopo|pt|Mês}} [[primeiro]] [[mês]] do [[ano]] civil, tendo 31 [[dia]]s
# {{escopo|pt|Figurado|tempo}} [[idade]], [[primavera]]
#* ''A música &quot;Eu também vou reclamar&quot;, de Raul Seixas, que é um mi maior, contém um trecho seu chamado &quot;...E já passou tanto '''janeiro'''&quot;.''
===Expressões===
* '''[[Rio de Janeiro]]''':
===Ortografias obsoletas===
{{colunas|2}}
* Ianeiro
* Ianeyro
* Janeyro
* Janneiro
{{colunas/fim}}
===Tradução===
{{tradini}}
* {{trad|af|Januarie}}
* {{trad|de|Januar|Jänner|Hartung}}
* {{trad|ar|كانون الثاني}} (kanun ath-thani)
* {{trad|an|chinero}}
* {{trad|ast|xineru}}
* {{trad|eu|urtarril|urtarrila}}
* {{trad|br|Genver}}
* {{trad|bg|януари}}
* {{trad|csb|stëcznik}}
* {{trad|ca|gener}}
* {{trad|cs|leden}}
* {{trad|zh|一月}}
* {{trad|ko|일월}}
* {{trad|hr|siječanj}}
* {{trad|da|Januar}}
* {{trad|sk|január}}
* {{trad|sl|januar}}
* {{trad|es|enero}}
* {{trad|eo|januaro}}
* {{trad|et|jaanuar}}
* {{trad|fi|tammikuu}}
* {{trad|fr|janvier}}
* {{trad|fy|jannewaris|foarmoanne}}
* {{trad|gl|xaneiro}}
* {{trad|ka|იანვარი}} (ianvari)
* {{trad|el|Ιανουάριος}}
* {{trad|gn|Jasyteĩ}}
* {{trad|he|ינואר}}
* {{trad|nl|januari}}
* {{trad|id|Januari}}
{{tradmeio}}
* {{trad|en|January}}
* {{trad|ang|Ianiuarius|Se Æfterra Gēola}}
* {{trad|enm|Januarie}}
* {{trad|ia|januario}}
* {{trad|ga|Eanáir}}
* {{trad|is|janúar}}
* {{trad|it|gennaio}}
* {{trad|ja|一月}} (いちがつ, ichigatsu)
* {{trad|la|Ianuarius}}
* {{trad|lv|janvāris}}
* {{trad|lt|sausis}}
* {{trad|mwl|Janeiro}}
* {{trad|nap|jennaro}}
* {{trad|no|Januar}}
* {{trad|oc|genièr}}
* {{trad|pap|januari}}
* {{trad|pl|styczeń}}
* {{trad|ro|ianuarie|gerar}}
* {{trad|ru|январь}}
* {{trad|se|ođđajagimánnu}}
* {{trad|sr|Januar}}
* {{trad|sw|Janar}}
* {{trad|sv|januari}}
* {{trad|tl|Enero}}
* {{trad|th|มกราคม}}
* {{trad|tet|janeiru}}
* {{trad|tr|ocak}}
* {{trad|ur|جنوری}}
* {{trad|vi|tháng giêng}}
* {{trad|vo|yanul}}
{{tradfim}}
==={{-varort-}}===
* {{escopo2|Anterior ao AO 1990}} [[Janeiro]]
=={{etimologia|pt}}==
: Do latim ''Januarius'', ''Januarium'' &gt; ''Januariu''. Mês dedicado a Jano (em latim ''Janus'' &gt; ''Janu'' ), divindade bifronte da mitologia greco-romana que olhava para frente e para trás, deus dos portais e das transições, dos inícios e fins. É representado por duas faces, uma que olha para o futuro e outra para o passado. Assim, Janeiro é o mês que olha para o ano que termina e para o que se inicia.
=={{pronúncia|pt}}==
===Brasil===
* AFI: /ʒa.ˈnej.ɾu/
* X-SAMPA: /Za.&quot;nej.4u/
===Portugal===
* AFI: {{AFI|/ʒɐ.ˈnɐj.ɾu/}}
==Ver também==
===No Wikcionário===
{{colunas|3}}
* [[Ano-Novo]]
* [[basiliano]]
* [[basílico]]
* [[Epifania]]
* [[epifânico]]
* [[janeiras]]
* [[janeireiro]]
* [[mariano]]
* [[Reisado]]
* [[Teofania]]
* [[teofânico]]
{{colunas/fim}}
====Expressões====
{{colunas|3}}
* [[Ano Novo]]
* [[Dia de Reis]]
* [[Dia de São Basílio]]
* [[Festa do Batismo do Senhor]]
* [[letra dominical]]
* [[Primeiro Tempo Comum]]
* [[Quadra Natalícia]]
* [[Quadra Natalina]]
* [[Sábado de Carnaval]]
* [[Sábado Gordo]]
* [[Sexta-Feira de Carnaval]]
* [[Sexta-Feira Gorda]]
* [[Solenidade de Santa Maria, Mãe de Deus]]
{{colunas/fim}}
====Apêndices====
* [[Apêndice:Meses do ano|meses do ano]]
====Wikisaurus====
* [[Wikisaurus:tempo|tempo]]
{{meses/pt}}
[[Categoria:Substantivo (Português)]]
={{-gl-}}=
==Adjetivo==
{{flex.gl|ms=janeiro|mp=janeiros|fs=janeira|fp=janeiras}}
{{paroxítona|ja|nei|ro|lang=gl}}, {{gramática|m|lang=gl}}
# próprio do mês do mesmo nome, ou a ele referido
==Substantivo==
{{flex.gl|ms=janeiro|mp=janeiros}}
{{paroxítona|ja|nei|ro|lang=gl}}, {{gramática|m|lang=gl}}
# {{escopo|gl|Mês}} [[janeiro#{{pt}}|janeiro]]
=={{etimologia|gl}}==
{{llietimo|la|Ianuarius|gl|ponto=não}} ou {{etimo|la|Januarius}}.
[[Categoria:Adjetivo (Galego)]]
[[Categoria:Substantivo (Galego)]]</text>
<sha1>bcgfp8d350hdekhlhtksgubefbntfxr</sha1>
</revision>
</page>
