<page>
<page>
<title>janelão</title>
<ns>0</ns>
<id>376859</id>
<revision>
<id>2364577</id>
<parentid>2258982</parentid>
<timestamp>2017-05-03T15:39:12Z</timestamp>
<contributor>
<username>HydrizBot</username>
<id>29590</id>
</contributor>
<minor />
<comment>Robô: A limpar links interwikis antigos</comment>
<model>wikitext</model>
<format>text/x-wiki</format>
<text bytes="193" xml:space="preserve">={{-pt-}}=
==Forma de substantivo==
{{flex.pt|ms=janelão|mp=janelões}}
{{oxítona|ja|ne|lão}}, {{gramática|m|s}}
# aumentativo de [[janela]]
[[Categoria:Forma de substantivo (Português)]]</text>
<sha1>84lgb2hqhi0bracl7nkpixp41y3iohm</sha1>
</revision>
