<page>
<title>janeiru</title>
<ns>0</ns>
<id>5186</id>
<revision>
<id>2364572</id>
<parentid>2243391</parentid>
<timestamp>2017-05-03T15:38:56Z</timestamp>
<contributor>
<username>HydrizBot</username>
<id>29590</id>
</contributor>
<minor />
<comment>Robô: A limpar links interwikis antigos</comment>
<model>wikitext</model>
<format>text/x-wiki</format>
<text bytes="324" xml:space="preserve">= {{-tet-}} =
== Substantivo ==
'''janeiru'''
# [[janeiro]]; [[primeiro]] [[mês]] do [[ano]] [[civil]], tendo 31 [[dia]]s
=={{etimologia|tet}}==
{{llietimo|pt|janeiro|tet}}
== Ver também ==
=== No Wikcionário ===
{{meses/tet}}
[[Categoria:Substantivo (Tétum)]]
[[Categoria:Tempo (Tétum)]]
[[Categoria:Mês (Tétum)]]</text>
<sha1>qgi0mo5fhh6mhepyfp88bx2dsrt0qaz</sha1>
</revision>
</page>
