<page>
<page>
<title>janero</title>
<ns>0</ns>
<id>235381</id>
<revision>
<id>2364578</id>
<parentid>1961376</parentid>
<timestamp>2017-05-03T15:39:14Z</timestamp>
<contributor>
<username>HydrizBot</username>
<id>29590</id>
</contributor>
<minor />
<comment>Robô: A limpar links interwikis antigos</comment>
<model>wikitext</model>
<format>text/x-wiki</format>
<text bytes="276" xml:space="preserve">={{-lfn-}}=
==Substantivo==
'''janero'''
# [[janeiro]]
===Grafias alternativas===
* '''[[alfabeto cirílico|Alfabeto cirílico]]:''' {{l.s.|жанеро|{{lfn}}}}
== Ver também ==
=== No Wikcionário ===
{{meses/lfn}}
{{categorias|{{nome categoria|lfn}}|Substantivo|Mês}}</text>
<sha1>jd2au9u3b2bn97exprzlkeoytreorzu</sha1>
</revision>
