<page>
<title>janelar</title>
<ns>0</ns>
<id>317412</id>
<revision>
<id>2623369</id>
<parentid>2623368</parentid>
<timestamp>2021-02-13T11:46:45Z</timestamp>
<contributor>
<username>Cpls</username>
<id>20608</id>
</contributor>
<comment>/* {{-pt-}} */</comment>
<model>wikitext</model>
<format>text/x-wiki</format>
<text bytes="259" xml:space="preserve">={{-pt-}}=
==Verbo==
{{oxítona|ja|ne|lar}}, {{g|intr}}
# {{escopo|pt|Familiar}} estar à [[janela]], habitualmente
===Conjugação===
{{conj/pt|janel|ar}}
=={{etimologia|pt}}==
: {{escopo|Morfologia}} [[janela]] + [[-ar]].
[[Categoria:Verbo (Português)]]</text>
<sha1>dtytkqlo2gzzh8cpoe1hrxsq2fb74zu</sha1>
</revision>
</page>
