<page>
<title>janeirento</title>
<ns>0</ns>
<id>274764</id>
<revision>
<id>2364569</id>
<parentid>2127964</parentid>
<timestamp>2017-05-03T15:38:43Z</timestamp>
<contributor>
<username>HydrizBot</username>
<id>29590</id>
</contributor>
<minor />
<comment>Robô: A limpar links interwikis antigos</comment>
<model>wikitext</model>
<format>text/x-wiki</format>
<text bytes="397" xml:space="preserve">={{-pt-}}=
==Adjetivo==
{{flex.pt|ms=janeirento|mp=janeirentos|fs=janeirenta|fp=janeirentas}}
{{paroxítona|ja|nei|ren|to}}
# gato ou gata que está em [[cio]], no [[janeiro]], por extensão diz-se de qualquer que está em cio
==Ver também==
===No Wikcionário===
{{verTambém.Ini}}
* [[janeira]]
{{verTambém.NovaColuna}}
* [[janeirinho]]
{{verTambém.Fim}}
[[Categoria:Adjetivo (Português)]]</text>
<sha1>afoy3izcu0act5j8ojlfalfyz7fhy10</sha1>
</revision>
</page>
