<page>
<page>
<title>Janeiro</title>
<ns>0</ns>
<id>23326</id>
<revision>
<id>2468773</id>
<parentid>2271599</parentid>
<timestamp>2017-12-09T17:32:13Z</timestamp>
<contributor>
<username>Imivorn</username>
<id>64513</id>
</contributor>
<comment>/* {{-mwl-}} */</comment>
<model>wikitext</model>
<format>text/x-wiki</format>
<text bytes="369" xml:space="preserve">={{-pt-}}=
{{Anterior ao Acordo de 1990|janeiro}}
==Substantivo==
{{paroxítona|Ja|nei|ro}} ''masculino''
# vide [[janeiro]]
[[Categoria:Substantivo (Português)]]
={{-mwl-}}=
==Substantivo==
{{paroxítona|Ja|nei|ro|língua=mwl}}
# [[janeiro]]
==Ver também==
===No Wikcionário===
{{meses/mwl}}
[[Categoria:Substantivo (Mirandês)]]
[[Categoria:Mês (Mirandês)]]</text>
<sha1>4trtlaiar38lz4hk9l0hznfs4jvces6</sha1>
</revision>
