<page>
<page>
<title>jangada</title>
<ns>0</ns>
<id>71394</id>
<revision>
<id>2621033</id>
<parentid>2541063</parentid>
<timestamp>2021-02-01T23:15:46Z</timestamp>
<contributor>
<username>MarxavBot</username>
<id>80155</id>
</contributor>
<minor />
<comment>AFI Portugal</comment>
<model>wikitext</model>
<format>text/x-wiki</format>
<text bytes="1639" xml:space="preserve">{{Wikipédia}}
[[Image:Jangada-Tibau.jpg|thumb|200px|&lt;center&gt;Jangada&lt;/center&gt;]]
={{-pt-}}=
==Substantivo==
{{flex.pt|fs=jangada|fp=jangadas}}
{{paroxítona|jan|ga|da}}, {{g|f}}
# [[conjunto]] de [[peça]]s de [[madeira]] amarradas umas nas outras, formando uma [[prancha]] [[flutuante]], usadas para o [[transporte]] de [[pessoa]]s, [[mercadoria]]s e [[animal|animais]]
# {{escopo|Marinha}}/{{escopo|Nordeste do Brasil}} tipo de [[balsa]] utilizada na [[pesca]] [[marítimo|marítima]], feita de cinco ou seis [[tora]]s de [[madeira]], unidas umas às outras por meio de [[haste]] de madeira e dotada de um [[mastro]], no qual se iça uma [[vela]] [[triangular]]
===Expressões===
* '''[[mostrar com quantos paus se faz uma jangada]]''': aplicar um corretivo
===Tradução===
{{tradini}}
* {{trad|fr|radeau}}
{{tradmeio}}
{{tradfim}}
=={{etimologia|pt}}==
: Do malaiala ''changadam''.
=={{pronúncia|pt}}==
===Portugal===
* AFI: {{AFI|/ʒɐ̃.ˈɡa.dɐ/}}
==Ver também==
===No Wikcionário===
* [[Wikisaurus:navio]]
[[Categoria:Substantivo (Português)]]
[[Categoria:Náutica (Português)]]
[[Categoria:Entrada com imagem (Português)]]
={{-gl-}}=
==Substantivo==
{{flex.gl|fs=jangada|fp=jangadas}}
{{paroxítona|jan|ga|da|lang=gl}}, {{g|f|lang=gl}}
# {{escopo|gl|Náutica}} [[jangada#{{gl}}|jangada]], embarcação simples
# [[piada]]; brincadeira de mau gosto
==={{-varort-}}===
* [[changada#{{gl}}|changada]]
=={{etimologia|gl}}==
: Do particípio de ''[[jangar#{{gl}}|jangar]]''. Confronte-se com ''[[jungado#{{gl}}|jungado]]'', ''[[angada#{{gl}}|angada]]'' e ''[[zanga#{{gl}}|zanga]]''.
[[Categoria:Substantivo (Galego)]]</text>
<sha1>gc9wwpadb7dluwm9cahvy203fp5ka44</sha1>
</revision>
