<page>
<title>jango</title>
<ns>0</ns>
<id>397038</id>
<revision>
<id>2507027</id>
<timestamp>2018-06-18T18:17:47Z</timestamp>
<contributor>
<username>Cpls</username>
<id>20608</id>
</contributor>
<comment>[[Ajuda:Guia de edição/Menus e ferramentas/Sumário de edição|→]] nova página: ={{-gl-}}= ==Substantivo== {{flex.gl|ms=jango|mp=jangos}} {{paroxítona|jan|go|lang=gl}}, {{g|m|lang=gl}} # [...</comment>
<model>wikitext</model>
<format>text/x-wiki</format>
<text bytes="544" xml:space="preserve">={{-gl-}}=
==Substantivo==
{{flex.gl|ms=jango|mp=jangos}}
{{paroxítona|jan|go|lang=gl}}, {{g|m|lang=gl}}
# [[brocha]], [[correia]] do jugo dos bois que, passando por debaixo do pescoço, sujeita a rês entre as [[canga]]s
==={{-varort-}}===
* [[xango#{{gl}}|xango]]
===Sinônimo===
* [[apear#Galego|apear]]
=={{etimologia|gl}}==
: Confronte-se com [[jangada]] e a palavra [[galego|galega]] ''[[jangar#{{gl}}|jangar]]'' e ''[[jangal#{{gl}}|jangal]]''.
==Ver também==
===No Wikcionário===
* [[enjangar]]
[[Categoria:Substantivo (Galego)]]</text>
<sha1>1603wkm6nwibw0fy44xtnw2ktrin821</sha1>
</revision>
</page>
