<page>
<page>
<title>jangar</title>
<ns>0</ns>
<id>324124</id>
<revision>
<id>2541144</id>
<parentid>2540993</parentid>
<timestamp>2019-04-07T15:44:04Z</timestamp>
<contributor>
<username>Cpls</username>
<id>20608</id>
</contributor>
<comment>/* {{-gl-}} */</comment>
<model>wikitext</model>
<format>text/x-wiki</format>
<text bytes="478" xml:space="preserve">={{-gl-}}=
==Verbo==
{{oxítona|jan|gar|lang=gl}}
# [[conchavar]]
# dar-se bem com, entender-se bem, haver bom [[relacionamento]]
===Sinónimos===
* [[ginçar#Galego|ginçar]], [[ladar#{{gl}}|ladar]], [[leirar#Galego|leirar]]
=={{etimologia|gl}}==
: Aparentada com as palavras galegas ''[[xango#Galego|xango]]'', ''[[jangal#{{gl}}|jangal]]''; confronte-se com ''[[enjangar#{{gl}}|enjangar]]''.
==Ver também==
===No Wikcionário===
* [[jangada]]
[[Categoria:Verbo (Galego)]]</text>
<sha1>sr2c8dby8blkly4a71tc6z0aaq9oofj</sha1>
</revision>
