<page>
<title>Jangada</title>
<ns>0</ns>
<id>137215</id>
<revision>
<id>2271600</id>
<parentid>1196771</parentid>
<timestamp>2017-04-26T19:36:17Z</timestamp>
<contributor>
<username>HydrizBot</username>
<id>29590</id>
</contributor>
<minor />
<comment>Robô: A limpar links interwikis antigos</comment>
<model>wikitext</model>
<format>text/x-wiki</format>
<text bytes="259" xml:space="preserve">={{-pt-}}=
{{Wikipédia}}
==Substantivo==
'''Jangada''' {{pr}}
#[[município]] [[brasileiro]] do [[estado]] de [[Mato Grosso]]
==Ver também==
*[[Apêndice:Municípios do estado de Mato Grosso]]
[[Categoria:Município do estado de Mato Grosso (Português)]]</text>
<sha1>2o7127smpmureuzxep8dmexcmb31h4t</sha1>
</revision>
</page>
