<page>
<page>
<title>janiforme</title>
<ns>0</ns>
<id>105686</id>
<revision>
<id>2364583</id>
<parentid>2169413</parentid>
<timestamp>2017-05-03T15:39:28Z</timestamp>
<contributor>
<username>HydrizBot</username>
<id>29590</id>
</contributor>
<minor />
<comment>Robô: A limpar links interwikis antigos</comment>
<model>wikitext</model>
<format>text/x-wiki</format>
<text bytes="2154" xml:space="preserve">[[Ficheiro:Osiris-Apis MGEg Inv22847-9.jpg|direita|thumb|160px|Busto janiforme de Antinoo: Osíris-Ápis (Serápis) no Museu Gregoriano Egiziano]]
={{-pt-}}=
==Adjetivo==
{{paroxítona|ja|ni|for|me}}, {{gramática|2g}}
# que tem [[dois|duas]] [[face]]s, como a [[cabeça]] de [[Jano]]
=={{etimologia|pt}}==
: {{escopo|Morfologia}} ''[[Jano]]'' + ''[[-i]]'' + ''[[-forme]]''.
:: Datação: '''[http://books.google.com.br/books?id=WBUTAAAAYAAJ 1864]''' [ ocorrência: ''Janiforme'' ]
==Ver também==
===Referências===
{{dividir em colunas|1}}
* Canto, Manuel do; Valdez, Castro Mascarenhas. [http://books.google.com.br/books?id=WBUTAAAAYAAJ Diccionario español-portugués, Tomo Segundo] [[w:Lisboa|Lisboa]]: Imprenta nacional, [[w:1864|1864]].
{{dividir em colunas/fim}}
===No Wikcionário===
{{dividir em colunas|3}}
* [[janal]]
* [[janicéfalo]]
* [[janícipe]]
* [[janicípite]]
* [[jânio]]
* [[janual]]
* [[januário]]
{{dividir em colunas/fim}}
[[Categoria:Adjetivo (Português)]]
[[Categoria:Século XIX (Português)]]
[[Categoria:Entrada com imagem (Português)]]
={{-es-}}=
==Adjetivo==
# [[janiforme#Português|janiforme]]
=={{etimologia|es}}==
: Datação: [http://books.google.com.br/books?id=Yk9JObeAh78C '''1852'''] [ ocorrência: ''janiforme'' ]
==Ver também==
===Referências===
{{dividir em colunas|1}}
* Canto, Manuel do; Valdez, Castro Mascarenhas. [http://books.google.com.br/books?id=WBUTAAAAYAAJ Diccionario español-portugués, Tomo Segundo] [[w:Lisboa|Lisboa]]: Imprenta nacional, [[w:1864|1864]].
* Domínguez, D. R. J. [http://books.google.com.br/books?id=Yk9JObeAh78C Compendio del Diccionario Nacional de la lengua española, Tomo Segundo] [[w:Madrid|Madrid]]: Tip. de P. Mellado, [[w:1852|1852]].
{{dividir em colunas/fim}}
[[Categoria:Adjetivo (Espanhol)]]
[[Categoria:Século XIX (Espanhol)]]
[[Categoria:Entrada com imagem (Espanhol)]]
={{-fr-}}=
==Adjetivo==
{{flex.fr|s=janiforme|p=janiformes}}
'''janiforme''', {{gramática|c2g}}
# [[janiforme#Português|janiforme]]
=={{pronúncia|es}}==
* [[AFI]]: {{AFI|/ʒa.ni.fɔʁm/|fr}}
[[Categoria:Adjetivo (Francês)]]
[[Categoria:Entrada com imagem (Francês)]]</text>
<sha1>3q9f0prxytovxo9sxgq02b7fa05oaoq</sha1>
</revision>
