<page>
<page>
<title>Janiópolis</title>
<ns>0</ns>
<id>140093</id>
<revision>
<id>2271601</id>
<parentid>1198057</parentid>
<timestamp>2017-04-26T19:36:20Z</timestamp>
<contributor>
<username>HydrizBot</username>
<id>29590</id>
</contributor>
<minor />
<comment>Robô: A limpar links interwikis antigos</comment>
<model>wikitext</model>
<format>text/x-wiki</format>
<text bytes="251" xml:space="preserve">={{-pt-}}=
{{Wikipédia}}
==Substantivo==
'''Janiópolis''' {{pr}}
#[[município]] [[brasileiro]] do [[estado]] do [[Paraná]]
==Ver também==
*[[Apêndice:Municípios do estado do Paraná]]
[[Categoria:Município do estado do Paraná (Português)]]</text>
<sha1>4671b9qrx1fnp789yuoyaria3thj76q</sha1>
</revision>
