<page>
<title>janicefalia</title>
<ns>0</ns>
<id>106391</id>
<revision>
<id>2656863</id>
<parentid>2045939</parentid>
<timestamp>2022-01-04T03:53:08Z</timestamp>
<contributor>
<username>ValJor</username>
<id>1358</id>
</contributor>
<comment>Substituindo a [[Especial:Páginas_afluentes/Predefinição:escopoCatLang|predefinição escopoCatLang]] por escopo</comment>
<model>wikitext</model>
<format>text/x-wiki</format>
<text bytes="807" xml:space="preserve">={{-pt-}}=
==Substantivo==
{{paroxítona|ja|ni|ce|fa|li|a}}, {{gramática|f}}, {{datação|1864}}
# {{escopo2|Teratologia}}, {{escopo|pt|Medicina}} anomalia do desenvolvimento fetal caracterizada pela presença de dois fetos com as cabeças unidas de forma que as faces miram em direções opostas; conformação de [[janicéfalo]]
=={{etimologia|pt}}==
: {{escopo|Morfologia}} [[janicéfalo]] + [[-ia]].
:: Datação: '''[http://books.google.com.br/books?id=WBUTAAAAYAAJ 1864]'''
==Ver também==
===No Wikcionário===
{{verTambém.Ini}}
* [[janicefálico]]
{{verTambém.NovaColuna}}
* [[janícipe]]
{{verTambém.Fim}}
==Ligações externas==
* {{Aulete}}
* {{DicioAberto}}
* {{DPLP}}
* {{Infopédia}}
* {{PLP}}
* {{VOLPABL}}
[[Categoria:Substantivo (Português)]]
[[Categoria:Século XIX (Português)]]</text>
<sha1>fonrkebuxmt9p3vgh1xpqxcfnt26jxo</sha1>
</revision>
</page>
