<page>
<page>
<title>janicéfalo</title>
<ns>0</ns>
<id>105687</id>
<revision>
<id>2656770</id>
<parentid>2045877</parentid>
<timestamp>2022-01-03T10:18:49Z</timestamp>
<contributor>
<username>ValJor</username>
<id>1358</id>
</contributor>
<comment>Substituindo a [[Especial:Páginas_afluentes/Predefinição:escopoCatLang|predefinição escopoCatLang]] por escopo</comment>
<model>wikitext</model>
<format>text/x-wiki</format>
<text bytes="1425" xml:space="preserve">={{-pt-}}=
==Adjetivo==
{{proparoxítona|ja|ni|cé|fa|lo}}
# {{escopo2|Teratologia}} referente a [[janicefalia]]
# que tem duas faces ou cabeças; [[janiforme]]
# {{escopo2|por extensão de sentido}} que tem dupla personalidade; que é pouco confiável
# {{escopo2|por extensão de sentido}} que tem contradições; em que coexistem linhas de pensamento contraditórias
#* ''Haveria o risco de a diplomacia brasileira estar virando um bicho '''janicéfalo''', um monstro de duas cabeças?''
==Substantivo==
{{proparoxítona|ja|ni|cé|fa|lo}}, {{gramática|m}}
# {{escopo2|Teratologia}}, {{escopo|pt|Medicina}} monstro cuja cabeça tem dois rostos opostos, formado por [[janicefalia]]; [[janícipe]], [[janicípite]]
===Expressões===
* '''[[janicéfalo assimétrico]]''', janicéfalo que tem um rosto perfeito e outro imperfeito
* '''[[janicéfalo parasito]]''', janicéfalo que tem a cabeça parcialmente duplicada no plano frontal
=={{etimologia|pt}}==
: {{escopo|Morfologia}} [[Jano]] + -''i'' + -''[[-céfalo|céfalo]]''.
:: Datação: '''[http://books.google.com.br/books?id=WBUTAAAAYAAJ 1864]'''
==Ver também==
===No Wikcionário===
* [[janicefálico]]
===Na Wikipédia===
* [[w:Jano|Jano]]
==Ligações externas==
* {{Aulete}}
* {{DicioAberto}}
* {{DPLP}}
* {{Infopédia}}
* {{PLP}}
* {{VOLPABL}}
[[Categoria:Adjetivo (Português)]]
[[Categoria:Substantivo (Português)]]
[[Categoria:Século XIX (Português)]]</text>
<sha1>tmjg9163qg4gikvyff7n3u1y4gbe8fa</sha1>
</revision>
