<page>
<page>
<title>janicular</title>
<ns>0</ns>
<id>290622</id>
<revision>
<id>2169427</id>
<parentid>1602216</parentid>
<timestamp>2016-09-08T23:07:32Z</timestamp>
<contributor>
<username>Luan</username>
<id>1279</id>
</contributor>
<minor />
<comment>substituição da [[Predefinição:2g]] por [[predefinição:gramática]] utilizando [[Project:AutoWikiBrowser|AWB]]</comment>
<model>wikitext</model>
<format>text/x-wiki</format>
<text bytes="1526" xml:space="preserve">={{-pt-}}=
==Adjetivo==
{{oxítona|ja|ni|cu|lar}} {{gramática|2g}}
# {{escopo|arqueologia verbal}} [[do]] [[monte]] [[Janículo]]
=={{etimologia|pt}}==
{{llietimo|la|Jāniculāris|pt|ponto=não}}, {{etimo|la|Jāniculāre}} (&quot;[[idem]]&quot;)
==Ver também==
===Referências===
{{dividir em colunas|1}}
* [http://latinlexicon.org/definition.php?p1=2031042&amp;p2=i&amp;p3=2 Numen — The Latin Lexicon]
* Valdez, Manuel do Canto e Castro Mascarenhas. [http://books.google.com.br/books?id=WBUTAAAAYAAJ Diccionario español-portugués, Tomo Segundo] [[w:Lisboa|Lisboa]]: Imprenta nacional, [[w:1864|1864]].
{{dividir em colunas/fim}}
===No Wikcionário===
{{dividir em colunas|4}}
* [[Aventino]]
* [[Capitolino]]
* [[Célio]]
* [[Esquilino]]
* [[Jano]]
* [[Palatino]]
* [[quirinal]]
* [[Viminal]]
{{dividir em colunas/fim}}
===Ligações externas===
{{dividir em colunas|1}}
* [http://pt.forvo.com/word/janicular/ Forvo: pronúncia da palavra janicular]
{{dividir em colunas/fim}}
[[Categoria:Adjetivo (Português)]]
={{-es-}}=
==Adjetivo==
'''janicular''' {{gramática|2g}}
# [[janicular#Português|janicular]]
=={{etimologia|es}}==
{{llietimo|la|Jāniculāris|es|ponto=não}}, {{etimo|la|Jāniculāre}} (&quot;[[idem]]&quot;)
==Ver também==
===Referências===
{{dividir em colunas|1}}
* Valdez, Manuel do Canto e Castro Mascarenhas. [http://books.google.com.br/books?id=WBUTAAAAYAAJ Diccionario español-portugués, Tomo Segundo] [[w:Lisboa|Lisboa]]: Imprenta nacional, [[w:1864|1864]].
{{dividir em colunas/fim}}
[[Categoria:Adjetivo (Espanhol)]]</text>
<sha1>d5m0bdj6adocctnhmrhhp1awllf714u</sha1>
</revision>
