<page>
<page>
<title>jannewaris</title>
<ns>0</ns>
<id>234219</id>
<revision>
<id>2364589</id>
<parentid>2033722</parentid>
<timestamp>2017-05-03T15:39:43Z</timestamp>
<contributor>
<username>HydrizBot</username>
<id>29590</id>
</contributor>
<minor />
<comment>Robô: A limpar links interwikis antigos</comment>
<model>wikitext</model>
<format>text/x-wiki</format>
<text bytes="238" xml:space="preserve">={{-fy-}}=
==Substantivo==
'''jannewaris'''
# [[janeiro]]; [[primeiro]] [[mês]] do [[ano]] civil, tendo 31 [[dia]]s
== Ver também ==
=== No Wikcionário ===
{{meses/fy}}
[[Categoria:Substantivo (Frísio)]]
[[Categoria:Mês (Frísio)]]</text>
<sha1>qov8tukbe6rkes5vw9u6zw16hz1hnl2</sha1>
</revision>
