<page>
<title>jannewarismoanne</title>
<ns>0</ns>
<id>235078</id>
<revision>
<id>2364590</id>
<parentid>1438330</parentid>
<timestamp>2017-05-03T15:39:45Z</timestamp>
<contributor>
<username>HydrizBot</username>
<id>29590</id>
</contributor>
<minor />
<comment>Robô: A limpar links interwikis antigos</comment>
<model>wikitext</model>
<format>text/x-wiki</format>
<text bytes="244" xml:space="preserve">={{-fy-}}=
==Substantivo==
'''jannewarismoanne'''
# [[janeiro]]; [[primeiro]] [[mês]] do [[ano]] civil, tendo 31 [[dia]]s
== Ver também ==
=== No Wikcionário ===
{{meses/fy}}
[[Categoria:Substantivo (Frísio)]]
[[Categoria:Mês (Frísio)]]</text>
<sha1>kw3j5x9xhuqo6u8jlk8jy0xww27jekm</sha1>
</revision>
</page>
