<page>
<page>
<title>janna</title>
<ns>0</ns>
<id>230271</id>
<revision>
<id>2364584</id>
<parentid>2127959</parentid>
<timestamp>2017-05-03T15:39:30Z</timestamp>
<contributor>
<username>HydrizBot</username>
<id>29590</id>
</contributor>
<minor />
<comment>Robô: A limpar links interwikis antigos</comment>
<model>wikitext</model>
<format>text/x-wiki</format>
<text bytes="143" xml:space="preserve">={{-sro-}}=
==Substantivo==
'''janna'''
# [[porta]]
{{página-automática|Maio|2010|porta|sro}}
[[Categoria:Substantivo (Sardo Campidanês)]]</text>
<sha1>gy8abqn9an8mow2c53ac6hhimjzsnnp</sha1>
</revision>
