<page>
<title>jannewaarje</title>
<ns>0</ns>
<id>235080</id>
<revision>
<id>2364585</id>
<parentid>1438333</parentid>
<timestamp>2017-05-03T15:39:33Z</timestamp>
<contributor>
<username>HydrizBot</username>
<id>29590</id>
</contributor>
<minor />
<comment>Robô: A limpar links interwikis antigos</comment>
<model>wikitext</model>
<format>text/x-wiki</format>
<text bytes="239" xml:space="preserve">={{-fy-}}=
==Substantivo==
'''jannewaarje'''
# [[janeiro]]; [[primeiro]] [[mês]] do [[ano]] civil, tendo 31 [[dia]]s
== Ver também ==
=== No Wikcionário ===
{{meses/fy}}
[[Categoria:Substantivo (Frísio)]]
[[Categoria:Mês (Frísio)]]</text>
<sha1>83oxnun1u7j5tjc4tbq83j9h1kcrf9d</sha1>
</revision>
</page>
