<page>
<page>
<title>jannewaori</title>
<ns>0</ns>
<id>236147</id>
<revision>
<id>2364587</id>
<parentid>1398447</parentid>
<timestamp>2017-05-03T15:39:36Z</timestamp>
<contributor>
<username>HydrizBot</username>
<id>29590</id>
</contributor>
<minor />
<comment>Robô: A limpar links interwikis antigos</comment>
<model>wikitext</model>
<format>text/x-wiki</format>
<text bytes="277" xml:space="preserve">={{-nds-nl-}}=
==Substantivo==
'''jannewaori'''
# [[janeiro]]; [[primeiro]] [[mês]] do [[ano]] civil, tendo 31 [[dia]]s.
== Ver também ==
=== No Wikcionário ===
{{meses/nds-nl}}
[[Categoria:Substantivo (Baixo Saxão Holandês)]]
[[Categoria:Mês (Baixo Saxão Holandês)]]</text>
<sha1>d5a7agvtok901wvmc14k1ty6im5i5b6</sha1>
</revision>
