<page>
<page>
<title>jannewaarjemoanne</title>
<ns>0</ns>
<id>235081</id>
<revision>
<id>2364586</id>
<parentid>1438332</parentid>
<timestamp>2017-05-03T15:39:35Z</timestamp>
<contributor>
<username>HydrizBot</username>
<id>29590</id>
</contributor>
<minor />
<comment>Robô: A limpar links interwikis antigos</comment>
<model>wikitext</model>
<format>text/x-wiki</format>
<text bytes="245" xml:space="preserve">={{-fy-}}=
==Substantivo==
'''jannewaarjemoanne'''
# [[janeiro]]; [[primeiro]] [[mês]] do [[ano]] civil, tendo 31 [[dia]]s
== Ver também ==
=== No Wikcionário ===
{{meses/fy}}
[[Categoria:Substantivo (Frísio)]]
[[Categoria:Mês (Frísio)]]</text>
<sha1>litiebfpouznzcjbarrfdmh84zrpw5k</sha1>
</revision>
