<page>
<title>janouari</title>
<ns>0</ns>
<id>235102</id>
<revision>
<id>1316497</id>
<parentid>887286</parentid>
<timestamp>2011-12-02T13:58:33Z</timestamp>
<contributor>
<username>MalafayaBot</username>
<id>628</id>
</contributor>
<minor />
<comment>Robô: A modificar Categoria:Cronônimo (Flamengo) para Categoria:Tempo (Flamengo)</comment>
<model>wikitext</model>
<format>text/x-wiki</format>
<text bytes="276" xml:space="preserve">={{-vls-}}=
== Substantivo ==
'''janouari'''
# [[janeiro]].
# [[primeiro]] [[mês]] do [[ano]] civil, tendo 31 [[dia]]s
== Ver também ==
=== No Wikcionário ===
{{meses/vls}}
[[Categoria:Substantivo (Flamengo)]]
[[Categoria:Tempo (Flamengo)]]
[[Categoria:Mês (Flamengo)]]</text>
<sha1>dm1k20j7hx2xulsy95cyci20yjbzn1g</sha1>
</revision>
</page>
