<page>
<title>janotar</title>
<ns>0</ns>
<id>317403</id>
<revision>
<id>1716743</id>
<timestamp>2013-08-22T09:22:40Z</timestamp>
<contributor>
<username>ValJor</username>
<id>1358</id>
</contributor>
<comment>Por um [[Especial:Lonelypages|wikcionário sem órfãos]]: [[janotámos]]</comment>
<model>wikitext</model>
<format>text/x-wiki</format>
<text bytes="306" xml:space="preserve">={{-pt-}}=
==Verbo==
{{oxítona|ja|no|tar}}, ''v. i.''
# [[ser]] [[janota]]
# [[vestir]]-se com [[demasiado]] [[apuro]]
===Conjugação===
{{conj/pt|janot|ar}}
=={{etimologia|pt}}==
: {{escopo|Morfologia}} [[janota]] + [[-ar]].
==Ligações externas==
* {{DicioAberto}}
[[Categoria:Verbo (Português)]]</text>
<sha1>emomiuq5kiq3rf0zo1gxrhz9ht379st</sha1>
</revision>
</page>
