<page>
<page>
<title>Jano</title>
<ns>0</ns>
<id>89100</id>
<revision>
<id>2655939</id>
<parentid>2271602</parentid>
<timestamp>2021-12-25T09:21:45Z</timestamp>
<contributor>
<username>ValJor</username>
<id>1358</id>
</contributor>
<comment>Substituindo a [[Especial:Páginas_afluentes/Predefinição:escopoCatLang|predefinição escopoCatLang]] por escopo</comment>
<model>wikitext</model>
<format>text/x-wiki</format>
<text bytes="4011" xml:space="preserve">{| style=&quot;float:right; &quot;
|-
| colspan = 2 | {{Wikipédia|lang=pt}}
|-
| [[Imagem:Janus-Vatican.JPG|250px|right|thumb|{{centro|Busto de Jano — Museu do Vaticano, Roma}}]]
| [[Imagem:Janus - Voyager 2.jpg|240px|right|thumb|{{centro|Jano — 25 de agosto de 1981 (NASA)}}]]
|}
{{ver também|jano}}
={{-pt-}}=
==Substantivo&lt;sup&gt;1&lt;/sup&gt;==
{{paroxítona|Ja|no}}, {{gramática|m|pr}}
# {{escopo|pt|Mitologia}} um dos mais antigos [[deus]]es de [[Roma]], que se representava com dois rostos opostos — um olhando para diante e o outro para trás; deus dos portais, das transições, das entradas e saídas, dos inícios e fins; na mitologia é o primeiro rei do Lácio
# {{escopo|pt|Astronomia}} [[sexto]] [[satélite]] de [[Saturno]] a ser conhecido, tem forma irregular e é intensamente crivado de crateras, algumas das quais com cerca de 30 quilômetros de diâmetro; Saturno X — 1980S1
==={{etimologia|pt}}===
: Do {{etm|la|pt}} ''Janu &lt; Janus'', 'Jano', derivado de ''Janua'', 'passagem, entrada; porta; acesso, caminho, meio'.
===Tradução===
{{tradini|De 1 (deus romano)}}
* {{trad|de|Janus}}
* {{trad|an|Chan}}
* {{trad|bg|Янус}}
* {{trad|ca|Janus}}
* {{trad|cs|Janus}}
* {{trad|zh|雅努斯}}
* {{trad|hr|יאנוס}}
* {{trad|da|Janus}}
* {{trad|es|Jano}}
* {{trad|eo|Jano}}
* {{trad|fr|Janus}}
* {{trad|gl|Xano}}
* {{trad|el|Ιανός}}
* {{trad|nl|Janus}}
* {{trad|hu|Janus}}
{{tradmeio}}
* {{trad|id|Janus}}
* {{trad|en|Janus}}
* {{trad|ia|Jano}}
* {{trad|it|Giano}}
* {{trad|ja|ヤーヌス}}
* {{trad|la|Ianus|Janus}}
* {{trad|lt|Janas}}
* {{trad|no|Janus}}
* {{trad|nn|Janus}}
* {{trad|pl|Janus}}
* {{trad|ro|Ianus}}
* {{trad|ru|Янус}}
* {{trad|sv|Janus}}
* {{trad|tr|Janus}}
* {{trad|uk|Янус}}
{{tradfim}}
{{tradini|De 2 (satélite de Saturno)}}
* {{trad|de|Janus}}
* {{trad|bg|Янус}}
* {{trad|br|Janus}}
* {{trad|ca|Janus}}
* {{trad|cs|Janus}}
* {{trad|zh|土卫十}}
* {{trad|hr|Janus}}
* {{trad|da|Janus}}
* {{trad|es|Jano}}
* {{trad|fi|Janus}}
* {{trad|fr|Janus}}
* {{trad|gl|Xano}}
* {{trad|cy|Ianws}}
{{tradmeio}}
* {{trad|el|Ιανός}}
* {{trad|nl|Janus}}
* {{trad|id|Janus}}
* {{trad|en|Janus}}
* {{trad|it|Giano}}
* {{trad|ja|ヤヌス}}
* {{trad|li|Janas}}
* {{trad|no|Janus}}
* {{trad|nn|Janus}}
* {{trad|pl|Janus}}
* {{trad|ru|Янус}}
* {{trad|sv|Janus}}
* {{trad|uk|Янус}}
{{tradfim}}
==Substantivo&lt;sup&gt;2&lt;/sup&gt;==
{{paroxítona|Ja|no}}, {{gramática|m|pr}}
# {{escopo|pt|Topónimo}} [[cidade]] [[hondurenho|hondurenha]] do [[departamento]] de [[Olancho]]
==Ver também==
===No Wikcionário===
{{verTambém.Ini}}
* [[Honduras]]
* [[janal]]
* [[janual]]
{{verTambém.NovaColuna}}
* [[janicéfalo]]
* [[janícipe]]
* [[janicípite]]
{{verTambém.NovaColuna}}
* [[janiforme]]
* [[jânio]]
* [[januário]]
{{verTambém.Fim}}
===Na Wikipédia===
* [[w:Jano|Jano]]
* [[w:Jano_(satélite)|Jano (satélite)]]
* [[w:Honduras|Honduras]]
* [[w:Jano_(Honduras)|Jano (Honduras)]]
===Na WWW===
{{verTambém.Ini}}
* [http://www.solarviews.com/portug/janus.htm Jano, uma lua de Saturno — página do site ''Views of the Solar System'']
{{verTambém.Fim}}
[[Categoria:Substantivo (Português)]]
[[Categoria:Entrada com imagem (Português)]]
[[Categoria:Século XX (Português)]]
={{-es-}}=
==Substantivo==
'''Jano''', {{gramática|m|pr}}
# {{escopo|es|Mitologia|Astronomia}} [[Jano#Português1|Jano]]
[[Categoria:Substantivo (Espanhol)]]
={{-eo-}}=
==Substantivo==
'''Jano''', {{gramática|m|pr}}
# {{escopo|eo|Mitologia|Astronomia}} [[Jano#Português1|Jano]]
[[Categoria:Substantivo (Esperanto)]]
={{-fr-}}=
==Substantivo==
'''Jano''', {{gramática|pr}}
# {{escopo|fr|Topónimo}} [[Jano#Português2|Jano]]
[[Categoria:Substantivo (Francês)]]
={{-en-}}=
==Substantivo==
'''Jano''', {{gramática|pr}}
# {{escopo|en|Topónimo}} [[Jano#Português2|Jano]]
[[Categoria:Substantivo (Inglês)]]
={{-ia-}}=
==Substantivo==
'''Jano''', {{gramática|m|pr}}
# {{escopo|ia|Mitologia|Astronomia}} [[Jano#Português1|Jano]]
[[Categoria:Substantivo (Interlíngua)]]</text>
<sha1>2ur2sdkw5u9u52zzmi5a49171zdz31g</sha1>
</revision>
