<page>
<page>
<title>janota</title>
<ns>0</ns>
<id>123645</id>
<revision>
<id>2364592</id>
<parentid>2106921</parentid>
<timestamp>2017-05-03T15:39:52Z</timestamp>
<contributor>
<username>HydrizBot</username>
<id>29590</id>
</contributor>
<minor />
<comment>Robô: A limpar links interwikis antigos</comment>
<model>wikitext</model>
<format>text/x-wiki</format>
<text bytes="667" xml:space="preserve">={{-pt-}}=
==Adjetivo==
{{flex.pt|s=janota|p=janotas}}
{{paroxítona|ja|no|ta}}
# diz-se do indivíduo que se veste com demasiada correção
==Substantivo==
{{paroxítona|ja|no|ta}}
# indivíduo que se veste com demasiada correção
=={{etimologia|pt}}==
: Talvez do francês ''Janot'', personagem do teatro cômico no Séc. XVIII.
==Ver também==
===No Wikcionário===
* [[vestuário]]
===Na Wikipédia em francês===
* [[w:fr:Janot|Janot]]
[[Categoria:Adjetivo (Português)]]
[[Categoria:Substantivo (Português)]]
={{-fi-}}=
==Verbo==
'''janota'''
# ter sede de (poder, por exemplo)
[[Categoria:Verbo (Finlandês)]]
[[Categoria:Falso cognato (Finlandês)]]</text>
<sha1>55g2lhyzqdldzv7r4r8ua8x7x5qiona</sha1>
</revision>
