<page>
<title>janotámos</title>
<ns>0</ns>
<id>308913</id>
<revision>
<id>2260708</id>
<parentid>1645120</parentid>
<timestamp>2017-04-14T18:54:53Z</timestamp>
<contributor>
<username>Defender</username>
<id>15952</id>
</contributor>
<comment>Trocando predefinição escopo por escopo2</comment>
<model>wikitext</model>
<format>text/x-wiki</format>
<text bytes="287" xml:space="preserve">={{-pt-}}=
==Forma verbal==
{{paroxítona|ja|no|tá|mos}}
#{{escopo2|grafia lusitana}} [[primeira pessoa]] do [[plural]] do [[pretérito perfeito]] do [[modo indicativo]] do verbo '''[[janotar]]'''
{{avi-for-fle|janotar}}
[[Categoria:Forma verbal (Português)]]
[[Categoria:Lusitanismo]]</text>
<sha1>som5db6cfnlia949nl13jutnjtlsg3z</sha1>
</revision>
</page>
