<page>
<page>
<title>jano</title>
<ns>0</ns>
<id>118815</id>
<revision>
<id>2543436</id>
<parentid>2364591</parentid>
<timestamp>2019-05-04T20:38:25Z</timestamp>
<contributor>
<username>Cpls</username>
<id>20608</id>
</contributor>
<model>wikitext</model>
<format>text/x-wiki</format>
<text bytes="1782" xml:space="preserve">{{ver também|Jano}}
={{-pt-}}=
==Substantivo==
{{flex.pt|ms=jano|mp=janos}}
{{paroxítona|ja|no}}, {{g|m}}
# {{escopo|pt|Molusco}} [[gênero]] de [[moluscos]] [[gastrópodes]]
=={{etimologia|pt}}==
:*Datação: [http://books.google.com.br/books?id=WBUTAAAAYAAJ '''1864''']
::*Grafia: 1864 ''jano''
==Ver também==
===Na Wikipédia===
{{verTambém.Ini}}
* [[w:Gastrópodes|Gastrópodes]]
* [[w:Moluscos|Moluscos]]
{{verTambém.Fim}}
===No Wikispecies===
{{verTambém.Ini}}
* [[species:Mollusca|''Mollusca'']] &gt; [[species:Gastropoda|''Gastropoda'']]
{{verTambém.Fim}}
===Referências===
{{verTambém.Ini}}
* CANTO, Manuel do; VALDEZ, Castro Mascarenhas. [http://books.google.com.br/books?id=WBUTAAAAYAAJ '''Diccionario español-portugués'''.] Imprenta nacional, 1864.
{{verTambém.Fim}}
[[Categoria:Substantivo (Português)]]
[[Categoria:Século XIX (Português)]]
={{-es-}}=
==Substantivo==
{{flex.es|ms=jano|mp=janos}}
{{paroxítona|ja|no|lang=es}}, {{g|m|lang=es}}
# {{escopo|es|Tempo|Antigo}} [[janeiro]]
# {{escopo|es|Molusco}} [[jano#Português|jano]]
=={{etimologia|es}}==
:*Datação: [http://books.google.com.br/books?id=WBUTAAAAYAAJ '''1864''']
::*Grafia: 1864 ''jano''
==Referências==
{{verTambém.Ini}}
* CANTO, Manuel do; VALDEZ, Castro Mascarenhas. [http://books.google.com.br/books?id=WBUTAAAAYAAJ '''Diccionario español-portugués'''.] Imprenta nacional, 1864.
{{verTambém.Fim}}
[[Categoria:Substantivo (Espanhol)]]
[[Categoria:Século XIX (Espanhol)]]
={{-gl-}}=
==Substantivo==
{{flex.gl|ms=jano|mp=janos}}
{{paroxítona|ja|no|lang=gl}}, {{g|m|lang=gl}}
# {{escopo|gl|Canteiros|Tempo}} periodo de tempo de um [[dia]]
=={{etimologia|gl}}==
: Aparentado com ''[[dia#{{gl}}|dia]]'' ou do latim {{etimo|la|Ianus}}.
[[Categoria:Substantivo (Galego)]]</text>
<sha1>i0476gs6sasgzlk4bu9dgfjmky6yret</sha1>
</revision>
