<page>
<page>
<title>janru</title>
<ns>0</ns>
<id>244423</id>
<revision>
<id>2364593</id>
<parentid>2219158</parentid>
<timestamp>2017-05-03T15:39:54Z</timestamp>
<contributor>
<username>HydrizBot</username>
<id>29590</id>
</contributor>
<minor />
<comment>Robô: A limpar links interwikis antigos</comment>
<model>wikitext</model>
<format>text/x-wiki</format>
<text bytes="114" xml:space="preserve">={{-ja-}}=
==Transliteração==
# transliteração de [[ジャンル]]
[[Categoria:Transliteração (Japonês)]]</text>
<sha1>tfisbltlsee65sy6y77z5yvszbnrj3t</sha1>
</revision>
