<page>
<page>
<title>jantavam</title>
<ns>0</ns>
<id>168888</id>
<revision>
<id>2364627</id>
<parentid>2227174</parentid>
<timestamp>2017-05-03T15:41:09Z</timestamp>
<contributor>
<username>HydrizBot</username>
<id>29590</id>
</contributor>
<minor />
<comment>Robô: A limpar links interwikis antigos</comment>
<model>wikitext</model>
<format>text/x-wiki</format>
<text bytes="230" xml:space="preserve">={{-pt-}}=
==Forma verbal==
{{paroxítona|jan|ta|vam}}
#[[terceira pessoa]] do [[plural]] do [[pretérito imperfeito]] do [[modo indicativo]] do verbo '''[[jantar]]'''
{{avi-for-fle|jantar}}
[[Categoria:Forma verbal (Português)]]</text>
<sha1>3450betnq9p3b245odojtfszidkd02n</sha1>
</revision>
