<page>
<title>jantarão</title>
<ns>0</ns>
<id>190469</id>
<revision>
<id>2364617</id>
<parentid>2227220</parentid>
<timestamp>2017-05-03T15:40:48Z</timestamp>
<contributor>
<username>HydrizBot</username>
<id>29590</id>
</contributor>
<minor />
<comment>Robô: A limpar links interwikis antigos</comment>
<model>wikitext</model>
<format>text/x-wiki</format>
<text bytes="202" xml:space="preserve">={{-pt-}}=
==Forma verbal==
{{oxítona|jan|ta|rão}}
#[[terceira pessoa]] do [[plural]] do [[futuro do presente]] do verbo '''[[jantar]]'''
{{avi-for-fle|jantar}}
[[Categoria:Forma verbal (Português)]]</text>
<sha1>1irzx8ybvlt0at1o3by3ncdkrfnwiu0</sha1>
</revision>
</page>
