<page>
<title>jantaríeis</title>
<ns>0</ns>
<id>194418</id>
<revision>
<id>2364619</id>
<parentid>2227247</parentid>
<timestamp>2017-05-03T15:40:52Z</timestamp>
<contributor>
<username>HydrizBot</username>
<id>29590</id>
</contributor>
<minor />
<comment>Robô: A limpar links interwikis antigos</comment>
<model>wikitext</model>
<format>text/x-wiki</format>
<text bytes="209" xml:space="preserve">={{-pt-}}=
==Forma verbal==
{{paroxítona|jan|ta|rí|eis}}
#[[segunda pessoa]] do [[plural]] do [[futuro do pretérito]] do verbo '''[[jantar]]'''
{{avi-for-fle|jantar}}
[[Categoria:Forma verbal (Português)]]</text>
<sha1>hq7keh2yko69pc6s4zewm6ivil4db8d</sha1>
</revision>
</page>
