<page>
<title>jantuang</title>
<ns>0</ns>
<id>249082</id>
<revision>
<id>2364637</id>
<parentid>1026866</parentid>
<timestamp>2017-05-03T15:41:36Z</timestamp>
<contributor>
<username>HydrizBot</username>
<id>29590</id>
</contributor>
<minor />
<comment>Robô: A limpar links interwikis antigos</comment>
<model>wikitext</model>
<format>text/x-wiki</format>
<text bytes="137" xml:space="preserve">={{-min-}}=
==Substantivo==
'''jan.tuang'''
# [[coração]]
[[Categoria:Substantivo (Minangkabau)]]
[[Categoria:Anatomia (Minangkabau)]]</text>
<sha1>sc4xpzoc9xplhcxw7t3fkft33dd5xec</sha1>
</revision>
</page>
