<page>
<page>
<title>jantaríamos</title>
<ns>0</ns>
<id>193111</id>
<revision>
<id>2364618</id>
<parentid>2227233</parentid>
<timestamp>2017-05-03T15:40:50Z</timestamp>
<contributor>
<username>HydrizBot</username>
<id>29590</id>
</contributor>
<minor />
<comment>Robô: A limpar links interwikis antigos</comment>
<model>wikitext</model>
<format>text/x-wiki</format>
<text bytes="215" xml:space="preserve">={{-pt-}}=
==Forma verbal==
{{proparoxítona|jan|ta|rí|a|mos}}
#[[primeira pessoa]] do [[plural]] do [[futuro do pretérito]] do verbo '''[[jantar]]'''
{{avi-for-fle|jantar}}
[[Categoria:Forma verbal (Português)]]</text>
<sha1>r9f53v059p6vm92egw651b1zk2bu598</sha1>
</revision>
