<page>
<page>
<title>jantassem</title>
<ns>0</ns>
<id>202737</id>
<revision>
<id>2364622</id>
<parentid>2227271</parentid>
<timestamp>2017-05-03T15:40:58Z</timestamp>
<contributor>
<username>HydrizBot</username>
<id>29590</id>
</contributor>
<minor />
<comment>Robô: A limpar links interwikis antigos</comment>
<model>wikitext</model>
<format>text/x-wiki</format>
<text bytes="231" xml:space="preserve">={{-pt-}}=
==Forma verbal==
{{paroxítona|jan|tas|sem}}
#[[terceira pessoa]] do [[plural]] do [[pretérito imperfeito]] do [[modo subjuntivo]] do verbo '''[[jantar]]'''
{{avi-for-fle|jantar}}
[[Categoria:Forma verbal (Português)]]</text>
<sha1>qs9n1lwa759e5b62haakpm3n610azk8</sha1>
</revision>
