<page>
<title>jantaria</title>
<ns>0</ns>
<id>191771</id>
<revision>
<id>2364611</id>
<parentid>2227226</parentid>
<timestamp>2017-05-03T15:40:37Z</timestamp>
<contributor>
<username>HydrizBot</username>
<id>29590</id>
</contributor>
<minor />
<comment>Robô: A limpar links interwikis antigos</comment>
<model>wikitext</model>
<format>text/x-wiki</format>
<text bytes="240" xml:space="preserve">={{-pt-}}=
==Forma verbal==
{{paroxítona|jan|ta|ri|a}}
#[[primeira pessoa|primeira]] e [[terceira pessoa]] do [[singular]] do [[futuro do pretérito]] do verbo '''[[jantar]]'''
{{avi-for-fle|jantar}}
[[Categoria:Forma verbal (Português)]]</text>
<sha1>ldb0s8caijmovf7zmh3olf68esjhbxd</sha1>
</revision>
</page>
