<page>
<title>jantaremos</title>
<ns>0</ns>
<id>187657</id>
<revision>
<id>2364609</id>
<parentid>2227216</parentid>
<timestamp>2017-05-03T15:40:32Z</timestamp>
<contributor>
<username>HydrizBot</username>
<id>29590</id>
</contributor>
<minor />
<comment>Robô: A limpar links interwikis antigos</comment>
<model>wikitext</model>
<format>text/x-wiki</format>
<text bytes="207" xml:space="preserve">={{-pt-}}=
==Forma verbal==
{{paroxítona|jan|ta|re|mos}}
#[[primeira pessoa]] do [[plural]] do [[futuro do presente]] do verbo '''[[jantar]]'''
{{avi-for-fle|jantar}}
[[Categoria:Forma verbal (Português)]]</text>
<sha1>7warfa91veo3c7je34neec42x4kb9wc</sha1>
</revision>
</page>
