<page>
<page>
<title>jantarei</title>
<ns>0</ns>
<id>183386</id>
<revision>
<id>2364606</id>
<parentid>2227209</parentid>
<timestamp>2017-05-03T15:40:24Z</timestamp>
<contributor>
<username>HydrizBot</username>
<id>29590</id>
</contributor>
<minor />
<comment>Robô: A limpar links interwikis antigos</comment>
<model>wikitext</model>
<format>text/x-wiki</format>
<text bytes="203" xml:space="preserve">={{-pt-}}=
==Forma verbal==
{{oxítona|jan|ta|rei}}
#[[primeira pessoa]] do [[singular]] do [[futuro do presente]] do verbo '''[[jantar]]'''
{{avi-for-fle|jantar}}
[[Categoria:Forma verbal (Português)]]</text>
<sha1>d2n1q0a73yjy5tkxlxyik84q2vd3igl</sha1>
</revision>
