<page>
<page>
<title>janta</title>
<ns>0</ns>
<id>1972</id>
<revision>
<id>2682714</id>
<parentid>2634971</parentid>
<timestamp>2022-07-05T12:42:34Z</timestamp>
<contributor>
<username>Cpls</username>
<id>20608</id>
</contributor>
<comment>/* Substantivo */</comment>
<model>wikitext</model>
<format>text/x-wiki</format>
<text bytes="1488" xml:space="preserve">{{Wikipédia}}
={{-pt-}}=
==Substantivo==
{{flex.pt|fs=janta|fp=jantas}}
{{paroxítona|jan|ta}}, {{datação|1881}}, {{g|f}}
# {{escopo|pt|informal}} [[refeição]] da [[noite]]
#* ''A '''janta''' foi servida.''
===Nota de uso===
* No Brasil, o uso do vocábulo ''[[jantar]]'' substitui ''janta'' em ocasiões de uso formal, sendo este último usado no dia a dia.
===Sinônimo===
* [[jantar]]
==Forma verbal==
{{paroxítona|jan|ta}}
# terceira pessoa do singular do presente do indicativo do verbo [[jantar]]
# segunda pessoa do singular do imperativo do verbo [[jantar]]
=={{etimologia|pt}}==
: Derivação regressiva de [[jantar]].
=={{pronúncia|pt}}==
===Brasil===
====Paulistana e Caipira====
* [[AFI]]: /ˈʒã.tə/
[[Categoria:Substantivo (Português)]]
[[Categoria:Forma verbal (Português)]]
={{-gl-}}=
==Substantivo==
{{flex.gl|fs=janta|fp=jantas}}
{{paroxítona|jan|ta|lang=gl}}, {{g|f|lang=gl}}
# [[refeição]] principal do dia, comida do meio dia
# ação e ato de comer a refeição principal do dia
===Sinónimo===
* De '''1''': [[jantar#{{gl}}|jantar]]
==Forma verbal==
{{paroxítona|jan|ta}}
# terceira pessoa do singular do presente do indicativo do verbo [[jantar#{{gl}}|jantar]]
# segunda pessoa do singular do imperativo do verbo [[jantar#{{gl}}|jantar]]
=={{etimologia|gl}}==
: Derivação regressiva de ''[[jantar#{{gl}}|jantar]]''.
=={{pronúncia|gl}}==
* [[AFI]]: /ˈʃaŋ.ta/
[[Categoria:Substantivo (Galego)]]
[[Categoria:Forma verbal (Galego)]]</text>
<sha1>o0ltfii156qlth82u8tarr14sg5ls4z</sha1>
</revision>
