<page>
<page>
<title>jantáveis</title>
<ns>0</ns>
<id>167419</id>
<revision>
<id>2364645</id>
<parentid>2227172</parentid>
<timestamp>2017-05-03T15:41:54Z</timestamp>
<contributor>
<username>HydrizBot</username>
<id>29590</id>
</contributor>
<minor />
<comment>Robô: A limpar links interwikis antigos</comment>
<model>wikitext</model>
<format>text/x-wiki</format>
<text bytes="231" xml:space="preserve">={{-pt-}}=
==Forma verbal==
{{paroxítona|jan|tá|veis}}
#[[segunda pessoa]] do [[plural]] do [[pretérito imperfeito]] do [[modo indicativo]] do verbo '''[[jantar]]'''
{{avi-for-fle|jantar}}
[[Categoria:Forma verbal (Português)]]</text>
<sha1>omdqx4s2g7l4y8fm24cdkj749w5wu6n</sha1>
</revision>
