<page>
<title>janteis</title>
<ns>0</ns>
<id>217106</id>
<revision>
<id>2364631</id>
<parentid>2227256</parentid>
<timestamp>2017-05-03T15:41:21Z</timestamp>
<contributor>
<username>HydrizBot</username>
<id>29590</id>
</contributor>
<minor />
<comment>Robô: A limpar links interwikis antigos</comment>
<model>wikitext</model>
<format>text/x-wiki</format>
<text bytes="302" xml:space="preserve">={{-pt-}}=
==Forma verbal==
{{oxítona|jan|teis}}
#[[segunda pessoa]] do [[plural]] do [[presente]] do [[modo subjuntivo]] do verbo '''[[jantar]]'''
#[[segunda pessoa]] do [[plural]] do [[imperativo]] [[negativo]] do verbo '''[[jantar]]'''
{{avi-for-fle|jantar}}
[[Categoria:Forma verbal (Português)]]</text>
<sha1>81pvnqiq3pk6f34rgeg8pe4nrolw0ba</sha1>
</revision>
</page>
