<page>
<page>
<title>jantariam</title>
<ns>0</ns>
<id>195754</id>
<revision>
<id>2364612</id>
<parentid>2227249</parentid>
<timestamp>2017-05-03T15:40:39Z</timestamp>
<contributor>
<username>HydrizBot</username>
<id>29590</id>
</contributor>
<minor />
<comment>Robô: A limpar links interwikis antigos</comment>
<model>wikitext</model>
<format>text/x-wiki</format>
<text bytes="208" xml:space="preserve">={{-pt-}}=
==Forma verbal==
{{paroxítona|jan|ta|ri|am}}
#[[terceira pessoa]] do [[plural]] do [[futuro do pretérito]] do verbo '''[[jantar]]'''
{{avi-for-fle|jantar}}
[[Categoria:Forma verbal (Português)]]</text>
<sha1>s6j8kqbrd4qtzwpgarjy0p7w9bzzaz0</sha1>
</revision>
