<page>
<page>
<title>jantaste</title>
<ns>0</ns>
<id>171747</id>
<revision>
<id>2364624</id>
<parentid>2227184</parentid>
<timestamp>2017-05-03T15:41:03Z</timestamp>
<contributor>
<username>HydrizBot</username>
<id>29590</id>
</contributor>
<minor />
<comment>Robô: A limpar links interwikis antigos</comment>
<model>wikitext</model>
<format>text/x-wiki</format>
<text bytes="229" xml:space="preserve">={{-pt-}}=
==Forma verbal==
{{paroxítona|jan|tas|te}}
#[[segunda pessoa]] do [[singular]] do [[pretérito perfeito]] do [[modo indicativo]] do verbo '''[[jantar]]'''
{{avi-for-fle|jantar}}
[[Categoria:Forma verbal (Português)]]</text>
<sha1>1ynk1j1wck0xrob9yzxkw7qdk9qlbg6</sha1>
</revision>
