<page>
<page>
<title>jantemos</title>
<ns>0</ns>
<id>214152</id>
<revision>
<id>2364633</id>
<parentid>2227254</parentid>
<timestamp>2017-05-03T15:41:26Z</timestamp>
<contributor>
<username>HydrizBot</username>
<id>29590</id>
</contributor>
<minor />
<comment>Robô: A limpar links interwikis antigos</comment>
<model>wikitext</model>
<format>text/x-wiki</format>
<text bytes="403" xml:space="preserve">={{-pt-}}=
==Forma verbal==
{{paroxítona|jan|te|mos}}
#[[primeira pessoa]] do [[plural]] do [[presente]] do [[modo subjuntivo]] do verbo '''[[jantar]]'''
#[[primeira pessoa]] do [[plural]] do [[imperativo]] [[afirmativo]] do verbo '''[[jantar]]'''
#[[primeira pessoa]] do [[plural]] do [[imperativo]] [[negativo]] do verbo '''[[jantar]]'''
{{avi-for-fle|jantar}}
[[Categoria:Forma verbal (Português)]]</text>
<sha1>mpgrmbmjrf5gb4byu4z405lpvq3l017</sha1>
</revision>
