<page>
<title>jantara</title>
<ns>0</ns>
<id>177230</id>
<revision>
<id>2364602</id>
<parentid>2227197</parentid>
<timestamp>2017-05-03T15:40:14Z</timestamp>
<contributor>
<username>HydrizBot</username>
<id>29590</id>
</contributor>
<minor />
<comment>Robô: A limpar links interwikis antigos</comment>
<model>wikitext</model>
<format>text/x-wiki</format>
<text bytes="263" xml:space="preserve">={{-pt-}}=
==Forma verbal==
{{paroxítona|jan|ta|ra}}
#[[primeira pessoa|primeira]] e [[terceira pessoa|terceira pessoas]] do [[singular]] do [[pretérito mais-que-perfeito]] do verbo '''[[jantar]]'''
{{avi-for-fle|jantar}}
[[Categoria:Forma verbal (Português)]]</text>
<sha1>oc3hu0w97tv4t5buc86od7e8otq8r6z</sha1>
</revision>
</page>
