<page>
<page>
<title>jantáreis</title>
<ns>0</ns>
<id>181904</id>
<revision>
<id>2364641</id>
<parentid>2227206</parentid>
<timestamp>2017-05-03T15:41:47Z</timestamp>
<contributor>
<username>HydrizBot</username>
<id>29590</id>
</contributor>
<minor />
<comment>Robô: A limpar links interwikis antigos</comment>
<model>wikitext</model>
<format>text/x-wiki</format>
<text bytes="215" xml:space="preserve">={{-pt-}}=
==Forma verbal==
{{paroxítona|jan|tá|reis}}
#[[segunda pessoa]] do [[plural]] do [[pretérito mais-que-perfeito]] do verbo '''[[jantar]]'''
{{avi-for-fle|jantar}}
[[Categoria:Forma verbal (Português)]]</text>
<sha1>cgmmwn7jyybqxd2iowu5xcol0v1jcv6</sha1>
</revision>
