<page>
<page>
<title>jantas</title>
<ns>0</ns>
<id>154331</id>
<revision>
<id>2364620</id>
<parentid>2227154</parentid>
<timestamp>2017-05-03T15:40:54Z</timestamp>
<contributor>
<username>HydrizBot</username>
<id>29590</id>
</contributor>
<minor />
<comment>Robô: A limpar links interwikis antigos</comment>
<model>wikitext</model>
<format>text/x-wiki</format>
<text bytes="352" xml:space="preserve">={{-pt-}}=
==Forma verbal==
{{paroxítona|jan|tas}}
#[[segunda]] [[pessoa]] do [[singular]] do [[presente]] [[indicativo]] do verbo '''[[jantar]]'''
{{avi-for-fle|jantar}}
==Forma de substantivo==
{{paroxítona|jan|tas}}
# plural de [[janta]]
{{avi-for-fle|janta}}
[[Categoria:Forma verbal (Português)]]
[[Categoria:Forma de substantivo (Português)]]</text>
<sha1>iin9p9frnz7ds9pcczxv30hqbgv83n3</sha1>
</revision>
