<page>
<title>jantasses</title>
<ns>0</ns>
<id>197066</id>
<revision>
<id>2364623</id>
<parentid>2227265</parentid>
<timestamp>2017-05-03T15:41:00Z</timestamp>
<contributor>
<username>HydrizBot</username>
<id>29590</id>
</contributor>
<minor />
<comment>Robô: A limpar links interwikis antigos</comment>
<model>wikitext</model>
<format>text/x-wiki</format>
<text bytes="232" xml:space="preserve">={{-pt-}}=
==Forma verbal==
{{paroxítona|jan|tas|ses}}
#[[segunda pessoa]] do [[singular]] do [[pretérito imperfeito]] do [[modo subjuntivo]] do verbo '''[[jantar]]'''
{{avi-for-fle|jantar}}
[[Categoria:Forma verbal (Português)]]</text>
<sha1>b8djn62k86vwdi23bfde9ebfhpanjul</sha1>
</revision>
</page>
