<page>
<page>
<title>jantei</title>
<ns>0</ns>
<id>170321</id>
<revision>
<id>2364630</id>
<parentid>2227179</parentid>
<timestamp>2017-05-03T15:41:18Z</timestamp>
<contributor>
<username>HydrizBot</username>
<id>29590</id>
</contributor>
<minor />
<comment>Robô: A limpar links interwikis antigos</comment>
<model>wikitext</model>
<format>text/x-wiki</format>
<text bytes="224" xml:space="preserve">={{-pt-}}=
==Forma verbal==
{{oxítona|jan|tei}}
#[[primeira pessoa]] do [[singular]] do [[pretérito perfeito]] do [[modo indicativo]] do verbo '''[[jantar]]'''
{{avi-for-fle|jantar}}
[[Categoria:Forma verbal (Português)]]</text>
<sha1>34pu8n8gzcvgk78g34nfjqztb76jkxo</sha1>
</revision>
