<page>
<title>jantámos</title>
<ns>0</ns>
<id>164423</id>
<revision>
<id>2364639</id>
<parentid>2227189</parentid>
<timestamp>2017-05-03T15:41:43Z</timestamp>
<contributor>
<username>HydrizBot</username>
<id>29590</id>
</contributor>
<minor />
<comment>Robô: A limpar links interwikis antigos</comment>
<model>wikitext</model>
<format>text/x-wiki</format>
<text bytes="283" xml:space="preserve">={{-pt-}}=
==Forma verbal==
{{paroxítona|jan|tá|mos}}
#{{escopo2|grafia lusitana}} [[primeira pessoa]] do [[plural]] do [[pretérito perfeito]] do [[modo indicativo]] do verbo '''[[jantar]]'''
{{avi-for-fle|jantar}}
[[Categoria:Forma verbal (Português)]]
[[Categoria:Lusitanismo]]</text>
<sha1>rw163v88r7dxtmb62f0gx5iu2v743n7</sha1>
</revision>
</page>
