<page>
<page>
<title>jantáramos</title>
<ns>0</ns>
<id>180188</id>
<revision>
<id>2364640</id>
<parentid>2227203</parentid>
<timestamp>2017-05-03T15:41:45Z</timestamp>
<contributor>
<username>HydrizBot</username>
<id>29590</id>
</contributor>
<minor />
<comment>Robô: A limpar links interwikis antigos</comment>
<model>wikitext</model>
<format>text/x-wiki</format>
<text bytes="221" xml:space="preserve">={{-pt-}}=
==Forma verbal==
{{proparoxítona|jan|tá|ra|mos}}
#[[primeira pessoa]] do [[plural]] do [[pretérito mais-que-perfeito]] do verbo '''[[jantar]]'''
{{avi-for-fle|jantar}}
[[Categoria:Forma verbal (Português)]]</text>
<sha1>8xfp99ss5ufnmezbd3knik2n4ss71bn</sha1>
</revision>
