<page>
<page>
<title>jantou</title>
<ns>0</ns>
<id>173110</id>
<revision>
<id>2364636</id>
<parentid>2227186</parentid>
<timestamp>2017-05-03T15:41:34Z</timestamp>
<contributor>
<username>HydrizBot</username>
<id>29590</id>
</contributor>
<minor />
<comment>Robô: A limpar links interwikis antigos</comment>
<model>wikitext</model>
<format>text/x-wiki</format>
<text bytes="224" xml:space="preserve">={{-pt-}}=
==Forma verbal==
{{oxítona|jan|tou}}
#[[terceira pessoa]] do [[singular]] do [[pretérito perfeito]] do [[modo indicativo]] do verbo '''[[jantar]]'''
{{avi-for-fle|jantar}}
[[Categoria:Forma verbal (Português)]]</text>
<sha1>jk9vvmskswme692bat1uu8mnom0pkoo</sha1>
</revision>
