<page>
<title>jantávamos</title>
<ns>0</ns>
<id>162975</id>
<revision>
<id>2364644</id>
<parentid>2227170</parentid>
<timestamp>2017-05-03T15:41:52Z</timestamp>
<contributor>
<username>HydrizBot</username>
<id>29590</id>
</contributor>
<minor />
<comment>Robô: A limpar links interwikis antigos</comment>
<model>wikitext</model>
<format>text/x-wiki</format>
<text bytes="237" xml:space="preserve">={{-pt-}}=
==Forma verbal==
{{proparoxítona|jan|tá|va|mos}}
#[[primeira pessoa]] do [[plural]] do [[pretérito imperfeito]] do [[modo indicativo]] do verbo '''[[jantar]]'''
{{avi-for-fle|jantar}}
[[Categoria:Forma verbal (Português)]]</text>
<sha1>ktkyxbqfztz9ansft17odn09msq4agp</sha1>
</revision>
</page>
