<page>
<title>jantado</title>
<ns>0</ns>
<id>388912</id>
<revision>
<id>2472460</id>
<timestamp>2017-12-22T19:47:24Z</timestamp>
<contributor>
<username>Leonardo José Raimundo</username>
<id>43489</id>
</contributor>
<comment>Eu estou criando o adjetivo &quot;jantado&quot;.</comment>
<model>wikitext</model>
<format>text/x-wiki</format>
<text bytes="232" xml:space="preserve">={{-pt-}}=
==Adjetivo==
{{flex.pt|ms=jantado|mp=jantados|fs=jantada|fp=jantadas}}
{{paroxítona|jan|ta|do}}
# que comeu ao [[jantar]]
# que comeu o jantar
[[Categoria:Adjetivo (Português)]]
[[Categoria:Alimentação (Português)]]</text>
<sha1>ceeorg9xv2g5eop94s3m9niyw1lakhk</sha1>
</revision>
</page>
