<page>
<title>jantem</title>
<ns>0</ns>
<id>215720</id>
<revision>
<id>2364632</id>
<parentid>2227258</parentid>
<timestamp>2017-05-03T15:41:24Z</timestamp>
<contributor>
<username>HydrizBot</username>
<id>29590</id>
</contributor>
<minor />
<comment>Robô: A limpar links interwikis antigos</comment>
<model>wikitext</model>
<format>text/x-wiki</format>
<text bytes="400" xml:space="preserve">={{-pt-}}=
==Forma verbal==
{{paroxítona|jan|tem}}
#[[terceira pessoa]] do [[plural]] do [[presente]] do [[modo subjuntivo]] do verbo '''[[jantar]]'''
#[[terceira pessoa]] do [[plural]] do [[imperativo]] [[afirmativo]] do verbo '''[[jantar]]'''
#[[terceira pessoa]] do [[plural]] do [[imperativo]] [[negativo]] do verbo '''[[jantar]]'''
{{avi-for-fle|jantar}}
[[Categoria:Forma verbal (Português)]]</text>
<sha1>ph5w9fuu7bdftd41zq0hzmwr1vasp44</sha1>
</revision>
</page>
