<page>
<page>
<title>jantardes</title>
<ns>0</ns>
<id>210009</id>
<revision>
<id>2364605</id>
<parentid>2227278</parentid>
<timestamp>2017-05-03T15:40:22Z</timestamp>
<contributor>
<username>HydrizBot</username>
<id>29590</id>
</contributor>
<minor />
<comment>Robô: A limpar links interwikis antigos</comment>
<model>wikitext</model>
<format>text/x-wiki</format>
<text bytes="301" xml:space="preserve">={{-pt-}}=
==Forma verbal==
{{paroxítona|jan|tar|des}}
#[[segunda pessoa]] do [[plural]] do [[futuro]] do [[modo subjuntivo]] do verbo '''[[jantar]]'''
#[[infinitivo pessoal]] da [[segunda pessoa]] do [[plural]] do verbo '''[[jantar]]'''
{{avi-for-fle|jantar}}
[[Categoria:Forma verbal (Português)]]</text>
<sha1>r8yjfbm1891r9bu5owi3axdo74ew6ag</sha1>
</revision>
