<page>
<page>
<title>jantung</title>
<ns>0</ns>
<id>110013</id>
<revision>
<id>2364638</id>
<parentid>1860798</parentid>
<timestamp>2017-05-03T15:41:42Z</timestamp>
<contributor>
<username>HydrizBot</username>
<id>29590</id>
</contributor>
<minor />
<comment>Robô: A limpar links interwikis antigos</comment>
<model>wikitext</model>
<format>text/x-wiki</format>
<text bytes="365" xml:space="preserve">={{-id-}}=
==Substantivo==
'''jan.tung'''
# [[coração]]
Ver também
:'''No Wikcionário''':
* [[mata]]
* [[alis]]
* [[sol]]
* [[pipi]]
* [[kulit]]
* [[tangan]]
* [[kepala]]
* [[kaki]]
* [[hu'in]]
* [[butuh]]
* [[kemaluan]]
* [[perut]]
* [[mulut]]
* [[gigi]]
* [[hidung]]
* [[lidah]]
[[Categoria:Substantivo (Indonésio)]]
[[categoria:Anatomia (Indonésio)]]</text>
<sha1>2b5epdmkp5thqckrwy6qsnyo5svem19</sha1>
</revision>
