<page>
<page>
<title>jantais</title>
<ns>0</ns>
<id>158616</id>
<revision>
<id>2364596</id>
<parentid>2227158</parentid>
<timestamp>2017-05-03T15:40:00Z</timestamp>
<contributor>
<username>HydrizBot</username>
<id>29590</id>
</contributor>
<minor />
<comment>Robô: A limpar links interwikis antigos</comment>
<model>wikitext</model>
<format>text/x-wiki</format>
<text bytes="211" xml:space="preserve">={{-pt-}}=
==Forma verbal==
{{oxítona|jan|tais}}
#[[segunda pessoa]] do [[plural]] do [[presente]] do [[modo indicativo]] do verbo '''[[jantar]]'''
{{avi-for-fle|jantar}}
[[Categoria:Forma verbal (Português)]]</text>
<sha1>36z5dfurje4fcx4bhy7qbp4jue4zvhf</sha1>
</revision>
