<page>
<page>
<title>jantai</title>
<ns>0</ns>
<id>220007</id>
<revision>
<id>2364595</id>
<parentid>2227280</parentid>
<timestamp>2017-05-03T15:39:58Z</timestamp>
<contributor>
<username>HydrizBot</username>
<id>29590</id>
</contributor>
<minor />
<comment>Robô: A limpar links interwikis antigos</comment>
<model>wikitext</model>
<format>text/x-wiki</format>
<text bytes="204" xml:space="preserve">={{-pt-}}=
==Forma verbal==
{{oxítona|jan|tai}}
#[[segunda pessoa]] do [[plural]] do [[imperativo]] [[afirmativo]] do verbo '''[[jantar]]'''
{{avi-for-fle|jantar}}
[[Categoria:Forma verbal (Português)]]</text>
<sha1>3prm367ebnf5akpg3zmuukltnv7oo73</sha1>
</revision>
