<page>
<title>jantaram</title>
<ns>0</ns>
<id>175774</id>
<revision>
<id>2364603</id>
<parentid>2227195</parentid>
<timestamp>2017-05-03T15:40:16Z</timestamp>
<contributor>
<username>HydrizBot</username>
<id>29590</id>
</contributor>
<minor />
<comment>Robô: A limpar links interwikis antigos</comment>
<model>wikitext</model>
<format>text/x-wiki</format>
<text bytes="228" xml:space="preserve">={{-pt-}}=
==Forma verbal==
{{paroxítona|jan|ta|ram}}
#[[terceira pessoa]] do [[plural]] do [[pretérito perfeito]] do [[modo indicativo]] do verbo '''[[jantar]]'''
{{avi-for-fle|jantar}}
[[Categoria:Forma verbal (Português)]]</text>
<sha1>kxvd5h0nrn5de90cuchnh7tetk2jhzu</sha1>
</revision>
</page>
