<page>
<title>jantarem</title>
<ns>0</ns>
<id>211354</id>
<revision>
<id>2364608</id>
<parentid>2227279</parentid>
<timestamp>2017-05-03T15:40:30Z</timestamp>
<contributor>
<username>HydrizBot</username>
<id>29590</id>
</contributor>
<minor />
<comment>Robô: A limpar links interwikis antigos</comment>
<model>wikitext</model>
<format>text/x-wiki</format>
<text bytes="302" xml:space="preserve">={{-pt-}}=
==Forma verbal==
{{paroxítona|jan|ta|rem}}
#[[terceira pessoa]] do [[plural]] do [[futuro]] do [[modo subjuntivo]] do verbo '''[[jantar]]'''
#[[infinitivo pessoal]] da [[terceira pessoa]] do [[plural]] do verbo '''[[jantar]]'''
{{avi-for-fle|jantar}}
[[Categoria:Forma verbal (Português)]]</text>
<sha1>dounibivsb14yjfd4mhcl7e86njcwtf</sha1>
</revision>
</page>
