<page>
<page>
<title>jantavas</title>
<ns>0</ns>
<id>161582</id>
<revision>
<id>2364628</id>
<parentid>2227167</parentid>
<timestamp>2017-05-03T15:41:11Z</timestamp>
<contributor>
<username>HydrizBot</username>
<id>29590</id>
</contributor>
<minor />
<comment>Robô: A limpar links interwikis antigos</comment>
<model>wikitext</model>
<format>text/x-wiki</format>
<text bytes="231" xml:space="preserve">={{-pt-}}=
==Forma verbal==
{{paroxítona|jan|ta|vas}}
#[[segunda pessoa]] do [[singular]] do [[pretérito imperfeito]] do [[modo indicativo]] do verbo '''[[jantar]]'''
{{avi-for-fle|jantar}}
[[Categoria:Forma verbal (Português)]]</text>
<sha1>tf7drtk56y2kvbi9yceaavoslxm89gn</sha1>
</revision>
