<page>
<page>
<title>jantarias</title>
<ns>0</ns>
<id>200042</id>
<revision>
<id>2364613</id>
<parentid>2227228</parentid>
<timestamp>2017-05-03T15:40:41Z</timestamp>
<contributor>
<username>HydrizBot</username>
<id>29590</id>
</contributor>
<minor />
<comment>Robô: A limpar links interwikis antigos</comment>
<model>wikitext</model>
<format>text/x-wiki</format>
<text bytes="209" xml:space="preserve">={{-pt-}}=
==Forma verbal==
{{paroxítona|jan|ta|ri|as}}
#[[segunda pessoa]] do [[singular]] do [[futuro do pretérito]] do verbo '''[[jantar]]'''
{{avi-for-fle|jantar}}
[[Categoria:Forma verbal (Português)]]</text>
<sha1>qpc0xyi4wwt00gugwxd2iu21twckx9o</sha1>
</revision>
