<page>
<page>
<title>jantarmos</title>
<ns>0</ns>
<id>208548</id>
<revision>
<id>2364614</id>
<parentid>2227277</parentid>
<timestamp>2017-05-03T15:40:42Z</timestamp>
<contributor>
<username>HydrizBot</username>
<id>29590</id>
</contributor>
<minor />
<comment>Robô: A limpar links interwikis antigos</comment>
<model>wikitext</model>
<format>text/x-wiki</format>
<text bytes="303" xml:space="preserve">={{-pt-}}=
==Forma verbal==
{{paroxítona|jan|tar|mos}}
#[[primeira pessoa]] do [[plural]] do [[futuro]] do [[modo subjuntivo]] do verbo '''[[jantar]]'''
#[[infinitivo pessoal]] da [[primeira pessoa]] do [[plural]] do verbo '''[[jantar]]'''
{{avi-for-fle|jantar}}
[[Categoria:Forma verbal (Português)]]</text>
<sha1>qbj6pd7xew1ysoyu7nev83e8jscf7ql</sha1>
</revision>
