<page>
<title>janto</title>
<ns>0</ns>
<id>151921</id>
<revision>
<id>2364635</id>
<parentid>2227151</parentid>
<timestamp>2017-05-03T15:41:33Z</timestamp>
<contributor>
<username>HydrizBot</username>
<id>29590</id>
</contributor>
<minor />
<comment>Robô: A limpar links interwikis antigos</comment>
<model>wikitext</model>
<format>text/x-wiki</format>
<text bytes="211" xml:space="preserve">={{-pt-}}=
==Forma verbal==
{{paroxítona|jan|to}}
#[[primeira]] [[pessoa]] do [[singular]] do [[presente]] [[indicativo]] do verbo '''[[jantar]]'''
{{avi-for-fle|jantar}}
[[Categoria:Forma verbal (Português)]]</text>
<sha1>k56w21jube3ee4ue5ln5b45zntr2rms</sha1>
</revision>
</page>
