<page>
<title>Januário</title>
<ns>0</ns>
<id>278704</id>
<revision>
<id>2504208</id>
<parentid>2460309</parentid>
<timestamp>2018-05-22T10:30:39Z</timestamp>
<contributor>
<username>MIL973</username>
<id>41339</id>
</contributor>
<model>wikitext</model>
<format>text/x-wiki</format>
<text bytes="1558" xml:space="preserve">{{Wikipédia}}
{{ver também|januário}}
={{-pt-}}=
==Substantivo==
{{flex.pt|ms=Januário|mp=Januários}}
{{proparoxítona aparente|Ja|nu|á|ri|o}}, {{gramática|pr|m}}
# {{escopo|pt|Antropônimo}} [[Apêndice:Prenomes em português|prenome]] masculino
# {{escopo|pt|Catolicismo|cristianismo|religião}} um [[santo]] [[católico]], [[padroeiro]] de [[w:Nápoles|Nápoles]] e muito popular na [[Itália]]; [[w:Januário de Benevento|Januário de Benevento]], {{link opcional|São Januário}}
# {{escopo|pt|História|náutica}} [[barca]], de 240 [[tonelada]]s, construída nos [[estaleiro]]s do [[Ouro]], [[w:Porto|cidade do Porto]], e pronta em [[w:1849|1849]]
=={{etimologia|pt}}==
: Ver em [[januário]].
==Ver também==
===No Wikcionário===
* [[januário]]
====Antropônimos====
{{colunas|3}}
* [[Genara]]
* [[Genaro]]
* [[Jana]]
* [[Jânia]]
* [[Janina]]
* [[Janino]]
* [[Jânio]]
* [[Jano]]
* [[Januária]]
{{colunas/fim}}
====Wikisaurus====
* [[Wikisaurus:religião|religião]]
==Referências==
* [http://books.google.com.br/books?id=Tt8EAAAAYAAJ Grande enciclopédia portuguesa e brasileira, Volume 14] Editorial Enciclopédia, [[w:1950|1950]].
* Obata, Regina. [http://books.google.com.br/books?id=gENrxUNXRbsC O Livro dos Nomes] [[w:São Paulo (São Paulo)|São Paulo]]: [[w:Livraria_Nobel|Nobel]], [[w:1994|1994]].
* Oliver, Nelson. [http://books.google.com.br/books?id=vFJ2x6vYVlYC Todos os nomes do mundo] [[w:Rio de Janeiro (Rio de Janeiro)|Rio de Janeiro]]: [[w:Ediouro|Ediouro]], [[w:2005|2005]].
[[Categoria:Substantivo (Português)]]</text>
<sha1>1qkk2buvkiu0bq9zdo79bkpet8mg0xf</sha1>
</revision>
</page>
