<page>
<title>januário</title>
<ns>0</ns>
<id>105691</id>
<revision>
<id>2504210</id>
<parentid>2460319</parentid>
<timestamp>2018-05-22T10:31:48Z</timestamp>
<contributor>
<username>MIL973</username>
<id>41339</id>
</contributor>
<model>wikitext</model>
<format>text/x-wiki</format>
<text bytes="1335" xml:space="preserve">{{ver também|Januário}}
={{-pt-}}=
==Adjetivo==
{{flex.pt|ms=januário|mp=januários|fs=januária|fp=januárias}}
{{proparoxítona aparente|ja|nu|á|ri|o}}, {{gramática|m}}
# {{escopo|pt|Mitologia}} [[consagrado]] a [[Jano]], [[deus]] [[bifronte]] da [[mitologia]] [[romano|romana]]
# referente às [[pessoa]]s nascidas no [[mês]] de [[janeiro]]
==Substantivo==
{{flex.pt|ms=januário|mp=januários}}
{{proparoxítona aparente|ja|nu|á|ri|o}}, {{gramática|m}}
# {{escopo|pt|Ave}} [[certo]] [[passarinho]] de [[cauda]] [[comprido|comprida]]
=={{etimologia|pt}}==
: Do [[latim]] {{etimo|la|Januariu}} &lt; {{etimo|la|Januarius}} (&quot;consagrado a Jano&quot;).
==Ver também==
===No Wikcionário===
{{colunas|2}}
* [[janal]]
* [[janicéfalo]]
* [[janícipe]]
* [[janiforme]]
* [[jânio]]
{{colunas/fim}}
====Antropônimos====
{{colunas|2}}
* [[Januária]]
* [[Januário]]
{{colunas/fim}}
==Ligações externas==
* {{DicioAberto}}
* {{Aulete}}
* Oliver, Nelson. [http://books.google.com.br/books?id=vFJ2x6vYVlYC Todos os nomes do mundo] [[w:Rio_de_Janeiro_(cidade)|Rio de Janeiro]]: [[w:Ediouro|Ediouro]], [[w:2005|2005]].
* [http://www.forvo.com/word/janu%C3%A1rio/#pt Forvo: pronúncia de januário]
* {{PLP}}
[[Categoria:Adjetivo (Português)]]
[[Categoria:Substantivo (Português)]]
[[Categoria:Entrada de étimo latino (Português)]]</text>
<sha1>8gcqiw6y3lwpneo4p4cdcypz52l6td9</sha1>
</revision>
</page>
