<page>
<title>Januari</title>
<ns>0</ns>
<id>234229</id>
<revision>
<id>2271605</id>
<parentid>2215818</parentid>
<timestamp>2017-04-26T19:36:38Z</timestamp>
<contributor>
<username>HydrizBot</username>
<id>29590</id>
</contributor>
<minor />
<comment>Robô: A limpar links interwikis antigos</comment>
<model>wikitext</model>
<format>text/x-wiki</format>
<text bytes="233" xml:space="preserve">={{-ms-}}=
==Substantivo==
'''Januari'''
# [[janeiro]]; [[primeiro]] [[mês]] do [[ano]] civil, tendo 31 [[dia]]s
== Ver também ==
=== No Wikcionário ===
{{meses/ms}}
[[Categoria:Substantivo (Malaio)]]
[[Categoria:Mês (Malaio)]]</text>
<sha1>gxz43j4ykfvll70rircz30j5uagi9cl</sha1>
</revision>
</page>
