<page>
<title>janual</title>
<ns>0</ns>
<id>106370</id>
<revision>
<id>2364646</id>
<parentid>2169459</parentid>
<timestamp>2017-05-03T15:41:56Z</timestamp>
<contributor>
<username>HydrizBot</username>
<id>29590</id>
</contributor>
<minor />
<comment>Robô: A limpar links interwikis antigos</comment>
<model>wikitext</model>
<format>text/x-wiki</format>
<text bytes="2958" xml:space="preserve">={{-pt-}}=
==Substantivo==
{{flex.pt|s=janual|p=januais}}
{{oxítona|ja|nu|al}} {{gramática|m}}
# {{escopo|pt|História}} [[um]] [[tipo]] [[de]] [[bolo]] [[que]] [[os]] [[romanos]] [[ofertavam]] [[ao]] [[deus]] [[Jano]]
===Tradução===
{{tradini}}
* {{trad|fr|janual}}
{{tradmeio}}
{{tradfim}}
==Adjetivo==
{{flex.pt|s=janual|p=januais}}
{{oxítona|ja|nu|al}} {{gramática|2g}}
#{{cont|2}} [[diz-se]] [[do]] [[que]] [[tem]] [[duas]] [[faces]], [[como]] [[o]] [[deus]] [[Jano]]; [[janiforme]]
# [[relativo]] [[a]] [[Jano]]; [[próprio]] [[de]] [[Jano]]; [[janal]]
# (''por extensão de sentido'') [[ambivalente]]; [[com]] [[dois]] [[pesos]] [[e]] [[duas]] [[medidas]]
#: ''(...) a instância jurídica foi política e &lt;u&gt;janual&lt;/u&gt;, segundo a metáfora mitológica do deus Jano: uma face voltada para os poderosos e outra, a mais severa, para o povo.''
#:: [http://books.google.com.br/books?id=EL4QAAAAYAAJ&amp;pgis=1 Educação em debate] Departamento de Educação, Centro de Estudos Sociais Aplicados, [[w:Universidade Federal do Ceará|Universidade Federal do Ceará]], [[w:1979|1979]].
=={{etimologia|pt}}==
{{llietimo|la|Jānuālis|pt|ponto=não}}, {{etimo|la|Jānuāle}} (&quot;[[de]] [[Jano]]&quot;)
==Referências==
{{dividir em colunas|1}}
* [http://books.google.com.br/books?id=sfdDAAAAcAAJ Diccionario portuguez de Algibeira] [[w:Lisboa|Lisboa]]: Imprensa Nacional, [[w:1821|1821]].
* [http://books.google.com.br/books?id=KKsqAAAAMAAJ&amp;pgis=1 Grande enciclopédia portuguesa e brasileira] Editorial Enciclopédia, [[w:1936|1936]].
* [http://aulete.uol.com.br/site.php?mdl=aulete_digital&amp;op=loadVerbete&amp;pesquisa=1&amp;palavra=janual iDicionário Aulete]
* [http://mithos.cys.com.br/20359.htm Mithos — Sistema de Pesquisa Mitológica em Hipertexto]
* [http://www.portaldalinguaportuguesa.org/index.php?action=lemma&amp;lemma=176459 Portal da Língua Portuguesa (MorDebe)]
* Valdez, Manuel do Canto e Castro Mascarenhas. [http://books.google.com.br/books?id=WBUTAAAAYAAJ Diccionario español-portugués. Tomo segundo] [[w:Lisboa|Lisboa]]: Imprenta nacional, [[w:1864|1864]].
{{dividir em colunas/fim}}
==Ver também==
===No Wikcionário===
{{dividir em colunas|4}}
* [[janicéfalo]]
* [[jânio]]
* [[januário]]
* [[quirinal]]
{{dividir em colunas/fim}}
==Ligações externas==
{{dividir em colunas|1}}
* [http://www.forvo.com/word/janual/#pt Forvo: pronúncia de janual]
{{dividir em colunas/fim}}
[[Categoria:Substantivo (Português)]]
[[Categoria:Adjetivo (Português)]]
={{-fr-}}=
==Substantivo==
'''janual''' {{gramática|m}} ({{p}} '''{{link opcional|januals}}''')
# {{escopo|fr|História}} [[janual#Português|janual]]
==Referências==
{{dividir em colunas|1}}
* [[w:Antoine de Rivarol|Antoine de Rivarol]]. ''[http://books.google.com.br/books?id=b_dDAAAAcAAJ Dictionnaire classique de la langue française]'' [[w:Paris|Paris]]: Brunot-Labbe, Libraire de L'université Royale, [[w:1828|1828]].
{{dividir em colunas/fim}}
[[Categoria:Substantivo (Francês)]]</text>
<sha1>c9pa9f3ipo9ghwcfkgb8z1r8j5o79p8</sha1>
</revision>
</page>
