<page>
<page>
<title>Januária</title>
<ns>0</ns>
<id>141101</id>
<revision>
<id>2504209</id>
<parentid>2460308</parentid>
<timestamp>2018-05-22T10:31:07Z</timestamp>
<contributor>
<username>MIL973</username>
<id>41339</id>
</contributor>
<model>wikitext</model>
<format>text/x-wiki</format>
<text bytes="1624" xml:space="preserve">{{Wikipédia}}
{{ver também|januária}}
={{-pt-}}=
==Substantivo==
{{flex.pt|fs=Januária|fp=Januárias}}
{{proparoxítona aparente|Ja|nu|á|ri|a}}, {{gramática|pr|f}} {{datação|1833}}
# {{escopo|pt|Município do estado de Minas Gerais|século XIX}} [[Apêndice:Gentílicos e topónimos em português/Brasil/Minas Gerais|município brasileiro do estado de Minas Gerais]]
# {{escopo|pt|Antropônimo}} [[Apêndice:Prenomes em português|prenome]] feminino
=={{etimologia|pt}}==
: (feminino de ''[[Januário]]'')
:# alusão ao atuante fazendeiro [[w:Januário Cardoso de Almeida|Januário Cardoso]], que era proprietário da fazenda Itapiraçaba, localizada onde hoje se encontra o município; ou
:# uma homenagem à [[w:Januária Maria de Bragança|princesa Januária]], irmã do [[w:Pedro II do Brasil|Imperador Dom Pedro II]]; ou
:# uma homenagem à escrava Januária que, fugindo do cativeiro, teria se instalado no Porto do Salgado (atual município de Januária), estabelecendo ali uma estalagem, onde os barqueiros e tropeiros do povoado se encontravam.
==Ver também==
===No Wikcionário===
{{colunas|2}}
* [[januarense]]
* [[januário]]
{{colunas/fim}}
====Antropônimos====
{{colunas|3}}
* [[Genara]]
* [[Genaro]]
* [[Jana]]
* [[Jânia]]
* [[Janina]]
* [[Janino]]
* [[Jânio]]
* [[Jano]]
* [[Januário]]
{{colunas/fim}}
===No Wikisource===
* [[s:Hino do município de Januária|Hino do Município de Januária]]
==Anagramas==
# [[janauira]]
# [[janauíra]]
# [[januaíra]]
==Ligações externas==
* [http://januaria.mg.gov.br/ Prefeitura de Januária (Minas Gerais)]
[[Categoria:Substantivo (Português)]]</text>
<sha1>rapwv5tfywvjccbbnhubawtv2hd1hfm</sha1>
</revision>
