<page>
<page>
<title>januária</title>
<ns>0</ns>
<id>289829</id>
<revision>
<id>2690623</id>
<parentid>2460317</parentid>
<timestamp>2022-10-27T05:08:19Z</timestamp>
<contributor>
<username>InternetArchiveBot</username>
<id>81604</id>
</contributor>
<comment>Rescuing 1 sources and tagging 0 as dead.) #IABot (v2.0.9.2</comment>
<model>wikitext</model>
<format>text/x-wiki</format>
<text bytes="1143" xml:space="preserve">{{ver também|Januária}}
={{-pt-}}=
==Substantivo==
{{flex.pt|fs=januária|fp=januárias}}
{{proparoxítona aparente|ja|nu|á|ri|a}}, {{gramática|f}}
# {{escopo|pt|Bahia|bebida|Minas Gerais}} [[aguardente]], [[cachaça]]
# {{escopo|pt|Bahia|bebida|Minas Gerais}} [[cachaça]] com [[limão]]
===Sinônimo===
* De '''2''':
* [[caipirinha]]
==Forma de adjetivo==
{{proparoxítona aparente|ja|nu|á|ri|a}}, {{gramática|f}}
# feminino de [[januário]]
{{avi-for-fle|januário}}
=={{etimologia|pt}}==
: Do topônimo [[Januária]] (Minas Gerais).
==Anagramas==
# [[janauira]]
# [[janauíra]]
# [[januaíra]]
==Ligações externas==
===Referências===
{{verTambém.Ini}}
* {{Dicio}}
* {{Aulete}}
* [http://cachaca.januaria.zip.net/ Cachaça Artesanal de Januária MG]
* [http://www.forvo.com/word/janu%C3%A1ria/#pt Forvo: pronúncia de januária]
* {{Michaelis}}
* {{Priberam}}
* {{PLP}}
* [https://web.archive.org/web/20090415145028/http://www.velhochico.net/index_arquivos/Page953LL.htm Cachaça... uma boa januária e outras mais... — por Abel Coelho]
[[Categoria:Substantivo (Português)]]
[[Categoria:Forma de adjetivo (Português)]]</text>
<sha1>f0adc80x4xknvki3cu7c0yrqm4albh0</sha1>
</revision>
