<page>
<title>januários</title>
<ns>0</ns>
<id>323683</id>
<revision>
<id>2460320</id>
<parentid>1952161</parentid>
<timestamp>2017-11-11T01:16:36Z</timestamp>
<contributor>
<username>MIL973</username>
<id>41339</id>
</contributor>
<model>wikitext</model>
<format>text/x-wiki</format>
<text bytes="383" xml:space="preserve">{{ver também|Januários}}
={{-pt-}}=
==Forma de adjetivo==
{{proparoxítona aparente|ja|nu|á|ri|os}}, {{gramática|mp}}
# plural de [[januário]]
==Forma de substantivo==
{{proparoxítona aparente|ja|nu|á|ri|os}}, {{gramática|mp}}
# plural de [[januário]]
{{avi-for-fle|januário}}
[[Categoria:Forma de adjetivo (Português)]]
[[Categoria:Forma de substantivo (Português)]]</text>
<sha1>8kvd1j237hr5tuet655pp9xa3kf3ho3</sha1>
</revision>
</page>
