<page>
<title>Janueri</title>
<ns>0</ns>
<id>235957</id>
<revision>
<id>2271608</id>
<parentid>1941395</parentid>
<timestamp>2017-04-26T19:36:58Z</timestamp>
<contributor>
<username>HydrizBot</username>
<id>29590</id>
</contributor>
<minor />
<comment>Robô: A limpar links interwikis antigos</comment>
<model>wikitext</model>
<format>text/x-wiki</format>
<text bytes="242" xml:space="preserve">={{-tpi-}}=
==Substantivo==
'''Janueri'''
# [[janeiro]]; [[primeiro]] [[mês]] do [[ano]] civil, tendo 31 [[dia]]s.
== Ver também ==
=== No Wikcionário ===
{{meses/tpi}}
[[Categoria:Substantivo (Tok Pisin)]]
[[Categoria:Mês (Tok Pisin)]]</text>
<sha1>bcqrrhzombrpn1w5vu5ozfno0tevw9v</sha1>
</revision>
</page>
