<page>
<page>
<title>januare</title>
<ns>0</ns>
<id>237818</id>
<revision>
<id>2364648</id>
<parentid>2127967</parentid>
<timestamp>2017-05-03T15:42:07Z</timestamp>
<contributor>
<username>HydrizBot</username>
<id>29590</id>
</contributor>
<minor />
<comment>Robô: A limpar links interwikis antigos</comment>
<model>wikitext</model>
<format>text/x-wiki</format>
<text bytes="236" xml:space="preserve">={{-nov-}}=
==Substantivo==
'''januare'''
# [[janeiro]]; [[primeiro]] [[mês]] do [[ano]] civil, tendo 31 [[dia]]s.
== Ver também ==
=== No Wikcionário ===
{{meses/nov}}
[[Categoria:Substantivo (Novial)]]
[[Categoria:Mês (Novial)]]</text>
<sha1>05rbkx5e2smeq932w6btgk9azvw83e4</sha1>
</revision>
