<page>
<page>
<title>január</title>
<ns>0</ns>
<id>234159</id>
<revision>
<id>2364653</id>
<parentid>2242346</parentid>
<timestamp>2017-05-03T15:42:42Z</timestamp>
<contributor>
<username>HydrizBot</username>
<id>29590</id>
</contributor>
<minor />
<comment>Robô: A limpar links interwikis antigos</comment>
<model>wikitext</model>
<format>text/x-wiki</format>
<text bytes="476" xml:space="preserve">={{-sk-}}=
==Substantivo==
'''január'''
# [[janeiro]]; [[primeiro]] [[mês]] do [[ano]] civil, tendo 31 [[dia]]s
== Ver também ==
=== No Wikcionário ===
{{meses/sk}}
[[Categoria:Substantivo (Eslovaco)]]
[[Categoria:Mês (Eslovaco)]]
={{-hu-}}=
==Substantivo==
'''január'''
# [[janeiro]]; [[primeiro]] [[mês]] do [[ano]] civil, tendo 31 [[dia]]s
== Ver também ==
=== No Wikcionário ===
{{meses/hu}}
[[Categoria:Substantivo (Húngaro)]]
[[Categoria:Mês (Húngaro)]]</text>
<sha1>mt490yqszk8jxvsq2d3eq8j9y0x9ita</sha1>
</revision>
