<page>
<title>Januários</title>
<ns>0</ns>
<id>323685</id>
<revision>
<id>2460310</id>
<parentid>1952162</parentid>
<timestamp>2017-11-11T01:06:01Z</timestamp>
<contributor>
<username>MIL973</username>
<id>41339</id>
</contributor>
<model>wikitext</model>
<format>text/x-wiki</format>
<text bytes="230" xml:space="preserve">{{ver também|januários}}
={{-pt-}}=
==Forma de substantivo==
{{proparoxítona aparente|Ja|nu|á|ri|os}}, {{gramática|pr|mp}}
# plural de [[Januário]]
{{avi-for-fle|Januário}}
[[Categoria:Forma de substantivo (Português)]]</text>
<sha1>qwz2aam07c0l0fl3zedwiae35rdj5qf</sha1>
</revision>
</page>
