<page>
<page>
<title>januais</title>
<ns>0</ns>
<id>290212</id>
<revision>
<id>2169424</id>
<parentid>1602217</parentid>
<timestamp>2016-09-08T23:03:24Z</timestamp>
<contributor>
<username>Luan</username>
<id>1279</id>
</contributor>
<minor />
<comment>substituição da [[Predefinição:2g]] por [[predefinição:gramática]] utilizando [[Project:AutoWikiBrowser|AWB]]</comment>
<model>wikitext</model>
<format>text/x-wiki</format>
<text bytes="1248" xml:space="preserve">{{ver também|janual}}
={{-pt-}}=
==Substantivo==
{{oxítona|ja|nu|ais}} {{gramática|fp}}
# {{escopo|arqueologia verbal}} {{escopo|pt|História}} [[festas]] [[celebradas]] [[em]] [[honra]] [[de]] [[Jano]], [[em]] [[Roma]], [[no]] [[dia]] [[w:1 de janeiro|1 de janeiro]]
===Tradução===
{{tradini}}
* {{trad|es|januales}}
{{tradfim}}
==Forma de substantivo==
{{oxítona|ja|nu|ais}} {{gramática|m}}
#{{cont|2}} [[plural]] [[de]] '''[[janual]]'''
==Forma de adjetivo==
{{oxítona|ja|nu|ais}} {{gramática|2g}}
#{{cont|3}} [[plural]] [[de]] '''[[janual]]'''
==Ver também==
===Referências===
{{dividir em colunas|1}}
* [http://www.portaldalinguaportuguesa.org/index.php?action=lemma&amp;lemma=176459 Portal da Língua Portuguesa (MorDebe)]
* Valdez, Manuel do Canto e Castro Mascarenhas. [http://books.google.com.br/books?id=WBUTAAAAYAAJ Diccionario español-portugués. Tomo segundo] [[w:Lisboa|Lisboa]]: Imprenta nacional, [[w:1864|1864]].
{{dividir em colunas/fim}}
===No Wikcionário===
{{dividir em colunas|1}}
* [[quirinais]]
* [[Quirinália]]
{{dividir em colunas/fim}}
[[Categoria:Substantivo (Português)]]
[[Categoria:Pluralia tantum (Português)]]
[[Categoria:Forma de substantivo (Português)]]
[[Categoria:Forma de adjetivo (Português)]]</text>
<sha1>nauoq7694hh3bk5x95gb43p4kilexuw</sha1>
</revision>
