<page>
<page>
<title>januarenses</title>
<ns>0</ns>
<id>346028</id>
<revision>
<id>2460314</id>
<parentid>2016654</parentid>
<timestamp>2017-11-11T01:09:32Z</timestamp>
<contributor>
<username>MIL973</username>
<id>41339</id>
</contributor>
<model>wikitext</model>
<format>text/x-wiki</format>
<text bytes="340" xml:space="preserve">={{-pt-}}=
==Forma de adjetivo==
{{paroxítona|ja|nu|a|ren|ses}}, {{gramática|c2gp}}
# plural de [[januarense]]
==Forma de substantivo==
{{paroxítona|ja|nu|a|ren|ses}}, {{gramática|c2gp}}
# plural de [[januarense]]
{{avi-for-fle|januarense}}
[[Categoria:Forma de adjetivo (Português)]]
[[Categoria:Forma de substantivo (Português)]]</text>
<sha1>9whbo4k4pkuuni0szhpj9v2bktps96h</sha1>
</revision>
