<page>
<page>
<title>januario</title>
<ns>0</ns>
<id>234204</id>
<revision>
<id>2364650</id>
<parentid>2148150</parentid>
<timestamp>2017-05-03T15:42:25Z</timestamp>
<contributor>
<username>HydrizBot</username>
<id>29590</id>
</contributor>
<minor />
<comment>Robô: A limpar links interwikis antigos</comment>
<model>wikitext</model>
<format>text/x-wiki</format>
<text bytes="260" xml:space="preserve">{{Wikipédia|lang=ia}}
={{-ia-}}=
==Substantivo==
'''januario'''
# [[janeiro]]
=={{etimologia|ia}}==
:Do [[latim]] {{etimo|la|Ianuarius}}.
== Ver também ==
=== No Wikcionário ===
{{meses/ia}}
{{categorias|{{ia}}|Substantivo|Mês|Entrada de étimo latino}}</text>
<sha1>ozi6gl5u7q4e13ysgl2cbhe0swi7v55</sha1>
</revision>
