<page>
<title>Januarie</title>
<ns>0</ns>
<id>65729</id>
<revision>
<id>2271606</id>
<parentid>2260386</parentid>
<timestamp>2017-04-26T19:36:42Z</timestamp>
<contributor>
<username>HydrizBot</username>
<id>29590</id>
</contributor>
<minor />
<comment>Robô: A limpar links interwikis antigos</comment>
<model>wikitext</model>
<format>text/x-wiki</format>
<text bytes="440" xml:space="preserve">={{-af-}}=
== Substantivo ==
'''Januarie'''
# [[janeiro]]; [[primeiro]] [[mês]] do [[ano]] civil, tendo 31 [[dia]]s
== Ver também ==
=== No Wikcionário ===
{{meses/af}}
={{-enm-}}=
==Substantivo==
'''Januarie'''
# [[janeiro]]; [[primeiro]] [[mês]] do [[ano]] civil, tendo 31 [[dia]]s
[[Categoria:Substantivo (Inglês Médio)]]
[[Categoria:Mês (Inglês Médio)]]
[[Categoria:Substantivo (Africâner)]]
[[Categoria:Mês (Africâner)]]</text>
<sha1>djrnq0obnb06daw9xkum7q4yl0dg6s8</sha1>
</revision>
</page>
