<page>
<page>
<title>januales</title>
<ns>0</ns>
<id>292357</id>
<revision>
<id>2626857</id>
<parentid>1424626</parentid>
<timestamp>2021-03-17T08:49:43Z</timestamp>
<contributor>
<username>ValJor</username>
<id>1358</id>
</contributor>
<comment>Substituindo a [[Especial:Páginas_afluentes/Predefinição:escopoCatLang|predefinição escopoCatLang]] por escopo</comment>
<model>wikitext</model>
<format>text/x-wiki</format>
<text bytes="233" xml:space="preserve">{{Wikipédia|lang=es|fiestas januales|januales}}
={{-es-}}=
==Substantivo==
{{flex.es|ms=-|mp=januales}}
'''januales''', {{gramática|p}}
# {{escopo|es|História}} [[januais#Português|januais]]
[[Categoria:Substantivo (Espanhol)]]</text>
<sha1>ir3njop0xzvv2htu0ngvsqa5mbt7t8k</sha1>
</revision>
