<page>
<page>
<title>janubistal</title>
<ns>0</ns>
<id>107421</id>
<revision>
<id>2552327</id>
<parentid>1537994</parentid>
<timestamp>2019-09-01T10:44:23Z</timestamp>
<contributor>
<username>ValJor</username>
<id>1358</id>
</contributor>
<comment>Retirando a seção de etimologia, pois não tinha a etimologia da palavra</comment>
<model>wikitext</model>
<format>text/x-wiki</format>
<text bytes="1181" xml:space="preserve">={{-pt-}}=
==Substantivo==
{{oxítona|ja|nu|bis|tal}}, {{gramática|m}}
# [[sexto]] [[mês]] do calendário georgiano, corresponde ao mês de [[junho]]
==Ver também==
===No Wikcionário===
* [[Apêndice:Meses do ano|Apêndice: Meses do Ano]]
===Referências===
* CANTO, Manuel do; VALDEZ, Castro Mascarenhas. [http://books.google.com.br/books?id=WBUTAAAAYAAJ '''Diccionario español-portugués'''.] Imprenta nacional, 1864.
[[Categoria:Substantivo (Português)]]
[[Categoria:Século XIX (Português)]]
[[Categoria:Mês (Português)]]
={{-es-}}=
==Substantivo==
'''janubistal''', {{gramática|m}}
# [[janubistal#Português|janubistal]]
==Ver também==
===No Wikcionário===
* [[Apêndice:Meses do ano|Apêndice: Meses do Ano]]
===Referências===
* CANTO, Manuel do; VALDEZ, Castro Mascarenhas. [http://books.google.com.br/books?id=WBUTAAAAYAAJ '''Diccionario español-portugués'''.] Imprenta nacional, 1864.
* DOMÍNGUEZ, R. J. [http://books.google.com.br/books?id=Yk9JObeAh78C '''Compendio del Diccionario Nacional de la lengua española'''] Tip. de P. Mellado, 1852.
[[Categoria:Substantivo (Espanhol)]]
[[Categoria:Século XIX (Espanhol)]]
[[Categoria:Mês (Espanhol)]]</text>
<sha1>m9civx4b7u2a4bchqwsnqwoxnmxjx8s</sha1>
</revision>
