<page>
<page>
<title>janvye</title>
<ns>0</ns>
<id>371305</id>
<revision>
<id>2591559</id>
<parentid>2364657</parentid>
<timestamp>2020-06-30T09:35:47Z</timestamp>
<contributor>
<username>ValJor</username>
<id>1358</id>
</contributor>
<comment>Substituindo a predefinição escopoCatLang por escopo</comment>
<model>wikitext</model>
<format>text/x-wiki</format>
<text bytes="289" xml:space="preserve">{{Wikipédia|lang=ht}}
={{-ht-}}=
==Substantivo==
'''janvye'''
# {{escopo|ht|mês}} [[janeiro]]
=={{etimologia|ht}}==
{{llietimo|fr|janvier|ht}}
=={{pronúncia|ht}}==
* [[AFI]]: {{AFI|/ʒã.vje/}}
==Ver também==
===No Wikcionário===
{{meses/ht}}
[[Categoria:Substantivo (Haitiano)]]</text>
<sha1>3qq4zrs64y3q7tjdil3d983vvfm9xy9</sha1>
</revision>
