<page>
<title>janvié</title>
<ns>0</ns>
<id>238588</id>
<revision>
<id>2364655</id>
<parentid>2127978</parentid>
<timestamp>2017-05-03T15:42:54Z</timestamp>
<contributor>
<username>HydrizBot</username>
<id>29590</id>
</contributor>
<minor />
<comment>Robô: A limpar links interwikis antigos</comment>
<model>wikitext</model>
<format>text/x-wiki</format>
<text bytes="237" xml:space="preserve">={{-pcd-}}=
==Substantivo==
'''janvié'''
# [[janeiro]]; [[primeiro]] [[mês]] do [[ano]] civil, tendo 31 [[dia]]s
== Ver também ==
=== No Wikcionário ===
{{meses/pcd}}
[[Categoria:Substantivo (Picardo)]]
[[Categoria:Mês (Picardo)]]</text>
<sha1>5gwgf6gkm5w7tq20punyx5vs38xun42</sha1>
</revision>
</page>
