<page>
<title>janvier</title>
<ns>0</ns>
<id>3262</id>
<revision>
<id>2513394</id>
<parentid>2364654</parentid>
<timestamp>2018-07-27T14:27:23Z</timestamp>
<contributor>
<username>Askekamo</username>
<id>60711</id>
</contributor>
<model>wikitext</model>
<format>text/x-wiki</format>
<text bytes="767" xml:space="preserve">={{-fr-}}=
==Substantivo==
'''jan.vi.er''', {{gramática|m|lang=fr}}
# [[janeiro]]; [[primeiro]] [[mês]] do [[ano]] civil, tendo 31 [[dia]]s
=={{pronúncia|fr}}==
* [[AFI]]: {{AFI|/ʒɑ̃.vje/}}
==={{etimologia|fr}}===
: Do latim ''Januarius'', ''Januarium'' &gt; ''Januariu''. Mês dedicado a Jano ( em lat. ''Janus'' &gt; ''Janu'' ), divindade bifronte da mitologia greco-romana que olhava para frente e para trás, deus dos portais e das transições, dos inícios e fins. É representado por duas faces, uma que olha para o futuro e outra para o passado. Assim, Janeiro é o mês que olha para o ano que termina e para o que se inicia.
==Ver também==
===No Wikcionário===
*[[mois]]
{{meses/fr}}
[[Categoria:Substantivo (Francês)]]
[[Categoria:Mês (Francês)]]</text>
<sha1>f9nwnbsg68iul3s7rvatk0l2zr5u9mg</sha1>
</revision>
</page>
