<page>
<page>
<title>jançar</title>
<ns>0</ns>
<id>399992</id>
<revision>
<id>2518275</id>
<timestamp>2018-09-10T12:41:44Z</timestamp>
<contributor>
<username>Cpls</username>
<id>20608</id>
</contributor>
<comment>[[Ajuda:Guia de edição/Menus e ferramentas/Sumário de edição|→]] nova página: ={{-gl-}}= ==Verbo== {{oxítona|jan|çar|lang=gl}}, {{g|trans|lang=gl}} # [[fender]] # seccionar, [[cortar]]...</comment>
<model>wikitext</model>
<format>text/x-wiki</format>
<text bytes="271" xml:space="preserve">={{-gl-}}=
==Verbo==
{{oxítona|jan|çar|lang=gl}}, {{g|trans|lang=gl}}
# [[fender]]
# seccionar, [[cortar]] com força e determinação
=={{etimologia|gl}}==
: Confronte-se com ''[[jança#{{gl}}|jança]]'' e ''[[jância#{{gl}}|jância]]''.
[[Categoria:Verbo (Galego)]]</text>
<sha1>e28ohg583yunjt323nb44hyto4eg3ws</sha1>
</revision>
