<page>
<title>Janículo</title>
<ns>0</ns>
<id>292345</id>
<revision>
<id>2623820</id>
<parentid>1602224</parentid>
<timestamp>2021-02-16T13:23:48Z</timestamp>
<contributor>
<username>ValJor</username>
<id>1358</id>
</contributor>
<comment>Substituindo a [[Especial:Páginas_afluentes/Predefinição:escopoCatLang|predefinição escopoCatLang]] por escopo</comment>
<model>wikitext</model>
<format>text/x-wiki</format>
<text bytes="1638" xml:space="preserve">{{Wikipédia|lang=pt}}
{{Wikipédia|lang=es}}
={{-pt-}}=
==Substantivo==
{{proparoxítona|Ja|ní|cu|lo}}, {{gramática|m|pr}}
# {{escopo|pt|Topónimo}} [[colina]] na parte ocidental de [[Roma]]
===Tradução===
{{tradini}}
* {{trad|de|Gianicolo}}
* {{trad|am|ጃኒኮሎ}}
* {{trad|hy|Յանիկուլում}}
* {{trad|bg|Яникул}}
* {{trad|ca|Janícul}}
* {{trad|cs|Janiculus}}
* {{trad|zh|贾尼科洛山}}
* {{trad|ko|자니콜로}}
* {{trad|es|Janículo}}
* {{trad|fi|Gianicolo}}
* {{trad|fr|Janicule}}
* {{trad|he|ג'אניקולו}}
{{tradmeio}}
* {{trad|nl|Janiculum}}
* {{trad|hu|Gianicolo}}
* {{trad|en|Janiculum}}
* {{trad|it|Gianicolo}}
* {{trad|ja|ジャニコロ}}
* {{trad|la|Ianiculum}}
* {{trad|no|Janiculum}}
* {{trad|pl|Janikulum}}
* {{trad|ru|Яникул}}
* {{trad|sh|Janiculum}}
* {{trad|sv|Janiculum}}
* {{trad|uk|Янікул}}
{{tradfim}}
=={{etimologia|pt}}==
{{llietimo|la|Janiculum|pt|Jāniculum|ponto=não}}, uma alusão a Jano que, segundo a lenda, teria fundado uma povoação no topo da colina.
==Ver também==
===No Wikcionário===
* [[janicular]]
==Ligações externas==
* Kury, Mário da Gama. [http://books.google.com.br/books?id=NfFqhs2R3DoC Dicionário de mitologia grega e romana, 8&lt;sup&gt;a.&lt;/sup&gt; ed.] [[w:Rio_de_Janeiro_(cidade)|Rio de Janeiro]]: [[w:Jorge_Zahar_Editor|Zahar]], [[w:2008|2008]].
* [http://latinlexicon.org/definition.php?p1=2031042&amp;p2=i&amp;p3=2 Numen — The Latin Lexicon]
[[Categoria:Substantivo (Português)]]
={{-es-}}=
==Substantivo==
'''Janículo''', {{gramática|m}}
# {{escopo|es|Topónimo}} [[Janículo#Português|Janículo]]
[[Categoria:Substantivo (Espanhol)]]</text>
<sha1>6mmxupqtjq2kbkkpo3o79p4c0efz0p1</sha1>
</revision>
</page>
