<page>
<title>jançã</title>
<ns>0</ns>
<id>399983</id>
<revision>
<id>2518254</id>
<parentid>2518252</parentid>
<timestamp>2018-09-10T10:19:01Z</timestamp>
<contributor>
<username>Cpls</username>
<id>20608</id>
</contributor>
<model>wikitext</model>
<format>text/x-wiki</format>
<text bytes="500" xml:space="preserve">{{ver também|jança}}
={{-gl-}}=
==Substantivo==
{{flex.gl|fs=jançã|fp=jançãs}}
{{oxítona|jan|çã|lang=gl}}, {{g|f|lang=gl}}
# {{escopo|pt|Planta}} [[genciana-amarela]] (''[[species:Gentiana lutea|Gentiana lutea]]'')
===Sinónimos===
* [[gença#{{gl}}|gença]], [[gençã#{{gl}}|gençã]], [[genço#{{gl}}|genço]], [[gonçã#{{gl}}|gonçã]]
=={{etimologia|gl}}==
{{llietimo|la|gentiana|gl}}
=={{pronúncia|gl}}==
* [[AFI]]: /ʃaŋ.'sa/ ou /ʃaŋ.'θa/
[[Categoria:Substantivo (Galego)]]</text>
<sha1>cb8363ihv3rg75xmsh7sgkqswcdored</sha1>
</revision>
</page>
