<page>
<page>
<title>janúar</title>
<ns>0</ns>
<id>65727</id>
<revision>
<id>2364660</id>
<parentid>2011076</parentid>
<timestamp>2017-05-03T15:43:15Z</timestamp>
<contributor>
<username>HydrizBot</username>
<id>29590</id>
</contributor>
<minor />
<comment>Robô: A limpar links interwikis antigos</comment>
<model>wikitext</model>
<format>text/x-wiki</format>
<text bytes="391" xml:space="preserve">{{ver também|Januar|januar}}
={{-is-}}=
== Substantivo ==
'''janúar''', ''masculino, forte''
# [[janeiro]].
# [[primeiro]] [[mês]] do [[ano]] civil, tendo 31 [[dia]]s
=== Declinação ===
{{decl.is.subst.forte.masc.mês|janúar}}
== Ver também ==
=== No Wikcionário ===
{{meses/is}}
[[Categoria:Substantivo (Islandês)]]
[[Categoria:Tempo (Islandês)]]
[[Categoria:Mês (Islandês)]]</text>
<sha1>aitv8p5jkz65djecupsjl1w18r30rur</sha1>
</revision>
