<page>
<title>janícipe</title>
<ns>0</ns>
<id>105846</id>
<revision>
<id>2191663</id>
<parentid>2045900</parentid>
<timestamp>2016-10-30T16:26:16Z</timestamp>
<contributor>
<username>Luan</username>
<id>1279</id>
</contributor>
<model>wikitext</model>
<format>text/x-wiki</format>
<text bytes="2490" xml:space="preserve">={{-pt-}}=
==Substantivo==
{{proparoxítona|ja|ní|ci|pe}}, {{gramática|c2g}}
# {{escopo|pt|Medicina}} [[nome]] dado por [[w:Étienne Geoffroy Saint-Hilaire|Geoffroy]] aos [[monstro]]s que têm [[dois]] corpos intimamente unidos por cima do [[umbigo]] [[comum]], e uma cabeça [[duplo|dupla]] com duas faces diretamente opostas; 
#: ''o monstro '''janícipe'''''
===Sinônimos===
* [[janícipes]], [[janicípite]], [[janicéfalo]]
=={{etimologia|pt}}==
: {{escopo|Morfologia}} ''[[Jano]]'' + ''[[-i-]]'' + ''[[-cipe]].'' (Ocorrência: ''Janicipes'')
: {{datação|1898}}&lt;ref&gt;Datação: [http://books.google.com.br/books?id=WBUTAAAAYAAJ '''1864''']&lt;/ref&gt;
==Ver também==
* [[teratologia]]
==Ligações externas==
{{verTambém.Ini}}
* CANTO, Manuel do; VALDEZ, Castro Mascarenhas. [http://books.google.com.br/books?id=WBUTAAAAYAAJ Diccionario español-portugués, Tomo Segundo] [[w:Lisboa|Lisboa]]: Imprenta nacional, [[w:1864|1864]].
* [[w:Dicionário_Houaiss_da_Língua_Portuguesa|Dicionário Houaiss da Língua Portuguesa]].
* [http://www.aulete.com.br/jan%C3%ADcipe iDicionário Aulete]
* [http://michaelis.uol.com.br/moderno/portugues/index.php?lingua=portugues-portugues&amp;palavra=jan%EDcipe Michaelis Moderno Dicionário da Língua Portuguesa]
* [http://www.portaldalinguaportuguesa.org/simplesearch.php?sel=exact&amp;action=simplesearch&amp;base=form&amp;sel=exact&amp;query=jan%C3%ADcipe Portal da Língua Portuguesa (MorDebe)]
* [http://pt.forvo.com/word/jan%C3%ADcipe/#pt Forvo: pronúncia de janícipe]
{{verTambém.Fim}}
{{Referências}}
[[Categoria:Substantivo (Português)]]
[[Categoria:Século XIX (Português)]]
={{-es-}}=
==Substantivo==
'''janícipe''', {{gramática|m}}, [''Datação:'' [[w:1852|1852]],&lt;ref&gt;Datação: [http://books.google.com.br/books?id=Yk9JObeAh78C '''1852''']&lt;/ref&gt; [[w:1864|1864]]&lt;ref&gt;Datação: [http://books.google.com.br/books?id=WBUTAAAAYAAJ 1864]&lt;/ref&gt;]
# {{escopo|es|Medicina}} [[janícipe#Português|janícipe]]
==Ligações externas==
{{verTambém.Ini}}
* CANTO, Manuel do; VALDEZ, Castro Mascarenhas. [http://books.google.com.br/books?id=WBUTAAAAYAAJ Diccionario español-portugués] [[w:Lisboa|Lisboa]]: Imprenta nacional, [[w:1864|1864]].
* DOMÍNGUEZ, R. J. [http://books.google.com.br/books?id=Yk9JObeAh78C Compendio del Diccionario Nacional de la lengua española] [[w:Madrid|Madrid]]: Tip. de P. Mellado, [[w:1852|1852]].
{{verTambém.Fim}}
==Referências==
&lt;references/&gt;
[[Categoria:Substantivo (Espanhol)]]
[[Categoria:Século XIX (Espanhol)]]</text>
<sha1>b7ma1kdkik41yfiypa40ymac6wkfkso</sha1>
</revision>
</page>
