<page>
<title>jaor</title>
<ns>0</ns>
<id>76056</id>
<revision>
<id>2364662</id>
<parentid>2245658</parentid>
<timestamp>2017-05-03T15:43:24Z</timestamp>
<contributor>
<username>HydrizBot</username>
<id>29590</id>
</contributor>
<minor />
<comment>Robô: A limpar links interwikis antigos</comment>
<model>wikitext</model>
<format>text/x-wiki</format>
<text bytes="547" xml:space="preserve">={{-li-}}=
==Substantivo==
'''jaor''' ({{p}} '''''jaor''''')
# [[ano]].
=={{pronúncia}}==
* [[AFI]]: {{AFI|/jɑː˦r/}}
* [[X-SAMPA]]: /jA:_Hr/
==Ver também==
===No Wikcionário===
{{verTambém.Ini}}
* [[Apêndice:Estações do ano]]
* [[Apêndice:Meses do ano|Apêndice:Meses do ano]]
* [[Apêndice:Unidades de tempo]]
{{verTambém.Fim}}
{{estações do ano/li}}
{{meses/li}}
[[Categoria:Substantivo (Limburguês)]]
[[Categoria:Monossílabo (Limburguês)]]
[[Categoria:Tempo (Limburguês)]]
[[Categoria:Entrada com pronúncia (Limburguês)]]</text>
<sha1>rs7swfmr388q90bss241dreewg8yndj</sha1>
</revision>
</page>
