<page>
<title>Japanujo</title>
<ns>0</ns>
<id>132270</id>
<revision>
<id>2271618</id>
<parentid>2189757</parentid>
<timestamp>2017-04-26T19:37:36Z</timestamp>
<contributor>
<username>HydrizBot</username>
<id>29590</id>
</contributor>
<minor />
<comment>Robô: A limpar links interwikis antigos</comment>
<model>wikitext</model>
<format>text/x-wiki</format>
<text bytes="274" xml:space="preserve">={{-eo-}}=
==Substantivo==
'''Japanujo''', {{pr}}
#{{escopo|Geografia}} [[Japão]]
===Declinação===
{{decl.eo.subst.sing|Japanujo|Japanujon}}
===Variante===
*[[Japanio]]
==Ver também==
{{Ásia/eo}}
[[Categoria:Substantivo (Esperanto)]]
[[Categoria:País (Esperanto)]]</text>
<sha1>f18qwsk4kd5okb542bnvucqa439at1h</sha1>
</revision>
</page>
