<page>
<title>Japana</title>
<ns>0</ns>
<id>235503</id>
<revision>
<id>2271611</id>
<parentid>2242856</parentid>
<timestamp>2017-04-26T19:37:13Z</timestamp>
<contributor>
<username>HydrizBot</username>
<id>29590</id>
</contributor>
<minor />
<comment>Robô: A limpar links interwikis antigos</comment>
<model>wikitext</model>
<format>text/x-wiki</format>
<text bytes="223" xml:space="preserve">={{-mg-}}=
==Substantivo==
'''Japana''', {{pr}}
# {{escopo|Geografia}} [[Japão]]
[[Categoria:Substantivo (Malgaxe)]]
[[Categoria:País (Malgaxe)]]
==Ver também==
{{Wikipédia|lang=mg}}
===No Wikcionário===
{{Ásia/mg}}</text>
<sha1>0n3hnxg9wr2wivcw2yk8y3kh4x5wokc</sha1>
</revision>
</page>
