<page>
<title>Japani</title>
<ns>0</ns>
<id>80044</id>
<revision>
<id>2271614</id>
<parentid>2241917</parentid>
<timestamp>2017-04-26T19:37:25Z</timestamp>
<contributor>
<username>HydrizBot</username>
<id>29590</id>
</contributor>
<minor />
<comment>Robô: A limpar links interwikis antigos</comment>
<model>wikitext</model>
<format>text/x-wiki</format>
<text bytes="441" xml:space="preserve">={{-is-}}=
== Substantivo ==
'''Japani''', ''masculino, fraco, grupo 1 (a/ö)''
# {{escopo|gentílico}} [[japonês]].
=== Declinação ===
{{decl.is.subst.fraca.masc.1.a~ö|Jap|n|i}}
== Ver também ==
=== No Wikcionário ===
{{verTambém.Ini}}
* {{verTambém.Confrontar|japanska}}
{{verTambém.NovaColuna}}
* {{verTambém.Confrontar|japanskur}}
{{verTambém.Fim}}
[[Categoria:Substantivo (Islandês)]]
[[Categoria:Gentílico (Islandês)]]</text>
<sha1>12qdnmlytngfp1maeqaqrpn56e36zcs</sha1>
</revision>
</page>
