<page>
<title>Japanio</title>
<ns>0</ns>
<id>132269</id>
<revision>
<id>2271615</id>
<parentid>2221808</parentid>
<timestamp>2017-04-26T19:37:29Z</timestamp>
<contributor>
<username>HydrizBot</username>
<id>29590</id>
</contributor>
<minor />
<comment>Robô: A limpar links interwikis antigos</comment>
<model>wikitext</model>
<format>text/x-wiki</format>
<text bytes="233" xml:space="preserve">={{-eo-}}=
{{Wikipédia|lang=eo}}
==Substantivo==
'''Japanio''', {{pr}}
#{{escopo|Geografia}} [[Japão]]
===Variante===
*[[Japanujo]]
==Ver também==
{{Ásia/eo}}
[[Categoria:Substantivo (Esperanto)]]
[[Categoria:País (Esperanto)]]</text>
<sha1>aef3lf9dkhk1myoh5uaoc640j5o665g</sha1>
</revision>
</page>
