<page>
<page>
<title>Japaratinga</title>
<ns>0</ns>
<id>138089</id>
<revision>
<id>2271619</id>
<parentid>1195448</parentid>
<timestamp>2017-04-26T19:37:38Z</timestamp>
<contributor>
<username>HydrizBot</username>
<id>29590</id>
</contributor>
<minor />
<comment>Robô: A limpar links interwikis antigos</comment>
<model>wikitext</model>
<format>text/x-wiki</format>
<text bytes="251" xml:space="preserve">={{-pt-}}=
{{Wikipédia}}
==Substantivo==
'''Japaratinga''' {{pr}}
#[[município]] [[brasileiro]] do [[estado]] de [[Alagoas]]
==Ver também==
*[[Apêndice:Municípios do estado de Alagoas]]
[[Categoria:Município do estado de Alagoas (Português)]]</text>
<sha1>8hjaqiceolt4ppojbwp2o6t6i2v3srh</sha1>
</revision>
