<page>
<page>
<title>japanize</title>
<ns>0</ns>
<id>381726</id>
<revision>
<id>2442009</id>
<parentid>2442001</parentid>
<timestamp>2017-08-04T17:55:35Z</timestamp>
<contributor>
<username>Askekamo</username>
<id>60711</id>
</contributor>
<model>wikitext</model>
<format>text/x-wiki</format>
<text bytes="162" xml:space="preserve">={{-en-}}=
==Verbo==
'''japanize'''
# [[ajaponesar]], [[japonesar]], [[japonizar]]
===Sinônimos===
* De '''1''': [[nipponize]]
[[Categoria:Verbo (Português)]]</text>
<sha1>1uakj4whue2c7lo60jelo14npks3gr0</sha1>
</revision>
