<page>
<title>Japan</title>
<ns>0</ns>
<id>105300</id>
<revision>
<id>2454356</id>
<parentid>2271610</parentid>
<timestamp>2017-10-11T07:05:54Z</timestamp>
<contributor>
<username>Spanier</username>
<id>43713</id>
</contributor>
<comment>estilo, suplementos</comment>
<model>wikitext</model>
<format>text/x-wiki</format>
<text bytes="6452" xml:space="preserve">{{ver também|Japán|japan}}
={{-af-}}=
==Substantivo==
'''Japan''' ''próprio''
# {{escopo|af|país}} [[Japão]]
==Ver também==
===No Wikcionário===
{{Ásia/af}}
[[Categoria:Substantivo (Africâner)]]
={{-gsw-}}=
==Substantivo==
'''Japan''' ''próprio''
# {{escopo|gsw|país}} [[Japão]]
==Ver também==
===No Wikcionário===
{{Ásia/gsw}}
[[Categoria:Substantivo (Alemânico)]]
={{-de-}}=
==Substantivo==
{{paroxítona|Ja|pan|lang=de}}, {{gramática|n|pr}} 
# {{escopo|de|país}} [[Japão]]
=={{pronúncia|de}}==
* [[AFI]]: {{AFI|/ˈjaːpan/|de}} {{audio|De-Japan.ogg|ouvir|lang=de}}
==Ver também==
===No Wikcionário===
{{verTambém.Ini}}
* [[Japaner]]
* [[Japanerin]]
{{verTambém.NovaColuna}}
* [[Japanisch]]
* [[japanisch]]
{{verTambém.Fim}}
{{Ásia/de}}
[[Categoria:Substantivo (Alemão)]]
={{-nds-}}=
==Substantivo==
'''Japan''' ''próprio''
# {{escopo|nds|país}} [[Japão]]
==Ver também==
===No Wikcionário===
{{Ásia/nds}}
[[Categoria:Substantivo (Baixo Saxão)]]
={{-nds-nl-}}=
==Substantivo==
'''Japan''' ''próprio''
# {{escopo|nds-nl|país}} [[Japão]]
==Ver também==
===No Wikcionário===
{{Ásia/nds-nl}}
[[Categoria:Substantivo (Baixo Saxão Holandês)]]
={{-bs-}}=
==Substantivo==
'''Japan''' ''próprio'' {{m}}
# {{escopo|bs|país}} [[Japão]]
==Ver também==
===No Wikcionário===
{{Ásia/bs}}
[[Categoria:Substantivo (Bósnio)]]
={{-br-}}=
==Substantivo==
'''Japan''' ''próprio''
# {{escopo|br|país}} [[Japão]]
==Ver também==
===No Wikcionário===
{{Ásia/br}}
[[Categoria:Substantivo (Bretão)]]
={{-hr-}}=
==Substantivo==
'''Japan''' ''próprio'' {{m}}
# {{escopo|hr|país}} [[Japão]]
==Ver também==
===No Wikcionário===
{{Ásia/hr}}
[[Categoria:Substantivo (Croata)]]
={{-da-}}=
==Substantivo==
'''Japan''' ''próprio''
# {{escopo|da|país}} [[Japão]]
==Ver também==
===No Wikcionário===
{{Ásia/da}}
[[Categoria:Substantivo (Dinamarquês)]]
={{-fo-}}=
==Substantivo==
'''Japan''' ''próprio''
# {{escopo|fo|país}} [[Japão]]
==Ver também==
===No Wikcionário===
{{Ásia/fo}}
[[Categoria:Substantivo (Feroês)]]
={{-fy-}}=
==Substantivo==
'''Japan''' ''próprio''
# {{escopo|fy|país}} [[Japão]]
==Ver também==
===No Wikcionário===
{{Ásia/fy}}
[[Categoria:Substantivo (Frísio)]]
={{-cy-}}=
==Substantivo==
'''Japan''' ''próprio''
# {{escopo|cy|país}} [[Japão]]
==Ver também==
===No Wikcionário===
{{Ásia/cy}}
[[Categoria:Substantivo (Galês)]]
={{-nl-}}=
==Substantivo==
'''Japan''' ''próprio''
# {{escopo|nl|país}} [[Japão]]
=={{pronúncia|nl}}==
* [[AFI]]: {{AFI|/japɑn/|nl}} {{audio|Nl-Japan.ogg|ouvir|lang=nl}}
==Ver também==
===No Wikcionário===
{{Ásia/nl}}
[[Categoria:Substantivo (Holandês)]]
={{-en-}}=
==Substantivo==
'''Japan''' ''próprio''
# {{escopo|en|país}} [[Japão]]
===Sinónimos===
* [[Nihon]], [[Nippon]]
==Ver também==
===No Wikcionário===
{{verTambém.Ini}}
* [[Jap]]
* [[Japanese]]
* [[japanize]]
{{verTambém.NovaColuna}}
* [[Japanology]]
* [[Japanophile]]
* [[Japanophilia]]
{{verTambém.NovaColuna}}
* [[Nipponism]]
* [[nipponize]]
* [[Tokyo]]
{{verTambém.Fim}}
{{Ásia/en}}
=={{pronúncia|en}}==
*[[AFI]]: {{AFI|/ʤəˈpæn/|en}} {{audio|En-us-Japan.ogg|ouvir|lang=en}}
[[Categoria:Substantivo (Inglês)]]
={{-is-}}=
==Substantivo==
'''Japan''' ''próprio'' {{n}} (genitivo singular [[Japans]])
# {{escopo|is|país}} [[Japão]]
#*''Ég fer til '''Japans'''. &lt;small&gt;(Estou indo para o '''Japão'''.)&lt;/small&gt;''
#* ''Hvar er '''Japan''' staðsett á kortinu? &lt;small&gt;(Onde o '''Japão''' está localizado no mapa?)&lt;/small&gt;''
==Ver também==
===No Wikcionário===
{{verTambém.Ini}}
* [[Japani]]
{{verTambém.NovaColuna}}
* [[japanska]]
{{verTambém.Fim}}
{{Ásia/is}}
[[Categoria:Substantivo (Islandês)]]
={{-li-}}=
==Substantivo==
'''Japan''' ''próprio''
# {{escopo|li|país}} [[Japão]]
==Ver também==
===No Wikcionário===
{{Ásia/li}}
[[Categoria:Substantivo (Limburguês)]]
={{-lfn-}}=
==Substantivo==
{{oxítona|Ja|pan|lang=lfn}}, {{pr}}
# {{escopo|lfn|país}} [[Japão]]
===Sinónimos===
{{verTambém.Ini}}
* {{link opcional|Nion|lfn}}
{{verTambém.NovaColuna}}
* {{link opcional|Нион|lfn}} ''(em cirílico)''
{{verTambém.Fim}}
===Grafias alternativas===
* '''[[alfabeto cirílico|Alfabeto cirílico]]:''' {{l.s.|Жапан|{{lfn}}}}
==Ver também==
===Termos derivados===
{{verTambém.Ini}}
* {{link opcional|japanes|lfn}}
{{verTambém.NovaColuna}}
* {{link opcional|Mar de Japan|lfn}}
{{verTambém.Fim}}
{{Ásia/lfn}}
{{categorias|{{nome categoria|lfn}}|Substantivo}}
={{-lb-}}=
==Substantivo==
'''Japan''' ''próprio''
# {{escopo|lb|país}} [[Japão]]
==Ver também==
===No Wikcionário===
{{Ásia/lb}}
[[Categoria:Substantivo (Luxemburguês)]]
={{-no-}}=
==Substantivo==
'''Japan''' ''próprio''
# {{escopo|no|país}} [[Japão]]
==Ver também==
===No Wikcionário===
{{verTambém.Ini}}
* [[japaner]]
{{verTambém.NovaColuna}}
* [[japansk]]
{{verTambém.Fim}}
{{Ásia/no}}
[[Categoria:Substantivo (Norueguês)]]
={{-nov-}}=
==Substantivo==
'''Japan''' ''próprio''
# {{escopo|nov|país}} [[Japão]]
==Ver também==
===No Wikcionário===
{{Ásia/nov}}
[[Categoria:Substantivo (Novial)]]
={{-nn-}}=
==Substantivo==
'''Japan''' ''próprio''
# {{escopo|nn|país}} [[Japão]]
==Ver também==
===No Wikcionário===
{{Ásia/nn}}
[[Categoria:Substantivo (Novo Norueguês)]]
={{-pam-}}=
==Substantivo==
'''Japan''' ''próprio''
# {{escopo|pam|país}} [[Japão]]
==Ver também==
===No Wikcionário===
{{Ásia/pam}}
[[Categoria:Substantivo (Pampangan)]]
={{-sr-}}=
==Substantivo==
'''Japan''' ''próprio''
# {{escopo|sr|país}} [[Japão]]
==Ver também==
===No Wikcionário===
{{verTambém.Ini}}
*[[Јапан]]
{{verTambém.Fim}}
{{Ásia/sr}}
[[Categoria:Substantivo (Sérvio)]]
={{-sh-}}=
==Substantivo==
'''Japan''' ''próprio''
# {{escopo|sh|país}} [[Japão]]
==Ver também==
===No Wikcionário===
{{Ásia/sh}}
[[Categoria:Substantivo (Servocroata)]]
={{-sw-}}=
==Substantivo==
'''Japan''' ''próprio''
# {{escopo|sw|país}} [[Japão]]
==Ver também==
===No Wikcionário===
{{Ásia/sw}}
[[Categoria:Substantivo (Suaíli)]]
={{-sv-}}=
==Substantivo==
'''Japan''' ''próprio''
# {{escopo|sv|país}} [[Japão]]
==Ver também==
===No Wikcionário===
{{Ásia/sv}}
[[Categoria:Substantivo (Sueco)]]
={{-tl-}}=
==Substantivo==
'''Japan''' ''próprio''
# {{escopo|tl|país}} [[Japão]]
==Ver também==
===No Wikcionário===
{{Ásia/tl}}
[[Categoria:Substantivo (Tagalo)]]</text>
<sha1>bxupk0xyecvzf4rbvokunx07w448cyh</sha1>
</revision>
</page>
