<page>
<page>
<title>Japansj</title>
<ns>0</ns>
<id>149199</id>
<revision>
<id>2271616</id>
<parentid>918732</parentid>
<timestamp>2017-04-26T19:37:31Z</timestamp>
<contributor>
<username>HydrizBot</username>
<id>29590</id>
</contributor>
<minor />
<comment>Robô: A limpar links interwikis antigos</comment>
<model>wikitext</model>
<format>text/x-wiki</format>
<text bytes="208" xml:space="preserve">={{-li-}}=
==Substantivo==
'''Japansj''' {{n}}
#o idioma [[japonês]]
=={{etimologia|li}}==
:De [[Japan]] + [[-sj]]
=={{pronúncia|li}}==
*[[AFI]]: /ˈjaːpaɲʃ/   
[[Categoria:Substantivo (Limburguês)]]</text>
<sha1>bsg3y96qzddviyll4lv7te938kwxcqt</sha1>
</revision>
