<page>
<title>Japaratuba</title>
<ns>0</ns>
<id>143685</id>
<revision>
<id>2271620</id>
<parentid>1200549</parentid>
<timestamp>2017-04-26T19:37:40Z</timestamp>
<contributor>
<username>HydrizBot</username>
<id>29590</id>
</contributor>
<minor />
<comment>Robô: A limpar links interwikis antigos</comment>
<model>wikitext</model>
<format>text/x-wiki</format>
<text bytes="250" xml:space="preserve">={{-pt-}}=
{{Wikipédia}}
==Substantivo==
'''Japaratuba''' {{pr}}
#[[município]] [[brasileiro]] do [[estado]] de [[Sergipe]]
==Ver também==
*[[Apêndice:Municípios do estado de Sergipe]]
[[Categoria:Município do estado de Sergipe (Português)]]</text>
<sha1>qppgl8u6q8fi9fn2acad3o41n3fhr3e</sha1>
</revision>
</page>
