<page>
<title>japanska</title>
<ns>0</ns>
<id>80023</id>
<revision>
<id>2364665</id>
<parentid>2226062</parentid>
<timestamp>2017-05-03T15:43:39Z</timestamp>
<contributor>
<username>HydrizBot</username>
<id>29590</id>
</contributor>
<minor />
<comment>Robô: A limpar links interwikis antigos</comment>
<model>wikitext</model>
<format>text/x-wiki</format>
<text bytes="621" xml:space="preserve">={{-is-}}=
== Substantivo ==
'''japanska''', ''feminino, fraco, grupo 1 (a/ö) (sem plural)''
# {{escopo|idioma}} [[japonês]].
=== Declinação ===
{{decl.is.subst.fraca.fem.1.ö.sing|jap|nsk|a}}
== Ver também ==
=== No Wikcionário ===
{{verTambém.Ini}}
* {{verTambém.Confrontar|Japani}}
{{verTambém.NovaColuna}}
* {{verTambém.Confrontar|japanskur}}
{{verTambém.Fim}}
[[Categoria:Substantivo (Islandês)]]
[[Categoria:Língua (Islandês)]]
={{-sv-}}=
== Substantivo ==
'''japanska''', ''comum''
# {{escopo|idioma}} [[japonês]].
# [[japonesa]].
[[Categoria:Substantivo (Sueco)]]
[[Categoria:Língua (Sueco)]]</text>
<sha1>d3k8ml09mee8boqquj36jd920q4pzz8</sha1>
</revision>
</page>
