<page>
<page>
<title>japerienses</title>
<ns>0</ns>
<id>415221</id>
<revision>
<id>2560482</id>
<parentid>2560481</parentid>
<timestamp>2019-11-07T08:19:52Z</timestamp>
<contributor>
<username>MIL973</username>
<id>41339</id>
</contributor>
<model>wikitext</model>
<format>text/x-wiki</format>
<text bytes="340" xml:space="preserve">={{-pt-}}=
==Forma de adjetivo==
{{paroxítona|ja|pe|ri|en|ses}}, {{gramática|c2gp}}
# plural de [[japeriense]]
==Forma de substantivo==
{{paroxítona|ja|pe|ri|en|ses}}, {{gramática|c2gp}}
# plural de [[japeriense]]
{{avi-for-fle|japeriense}}
[[Categoria:Forma de adjetivo (Português)]]
[[Categoria:Forma de substantivo (Português)]]</text>
<sha1>se99jz3uorayh08di5re6kqq3cjkq1s</sha1>
</revision>
