<page>
<title>japeriense</title>
<ns>0</ns>
<id>415219</id>
<revision>
<id>2560474</id>
<parentid>2560473</parentid>
<timestamp>2019-11-07T08:13:56Z</timestamp>
<contributor>
<username>MIL973</username>
<id>41339</id>
</contributor>
<model>wikitext</model>
<format>text/x-wiki</format>
<text bytes="530" xml:space="preserve">={{-pt-}}=
==Adjetivo==
{{flex.pt|s=japeriense|p=japerienses}}
{{paroxítona|ja|pe|ri|en|se}}, {{gramática|c2g}}
# {{escopo|pt|Gentílico}} de [[Japeri]], cidade fluminense
==Substantivo==
{{flex.pt|s=japeriense|p=japerienses}}
{{paroxítona|ja|pe|ri|en|se}}, {{gramática|c2g}}
# {{escopo|pt|Gentílico}} natural de Japeri ou seu habitante
=={{etimologia|pt}}==
: {{escopo|Morfologia}} De [[Japeri]] + [[-ense]].
==Ligações externas==
* {{Aulete}}
[[Categoria:Adjetivo (Português)]]
[[Categoria:Substantivo (Português)]]</text>
<sha1>9n9mjgv52i1lr087j4ruprtr7jyuyii</sha1>
</revision>
</page>
