<page>
<title>japira</title>
<ns>0</ns>
<id>340283</id>
<revision>
<id>1940384</id>
<parentid>1934224</parentid>
<timestamp>2015-06-10T13:41:53Z</timestamp>
<contributor>
<username>ValJor</username>
<id>1358</id>
</contributor>
<comment>Retirando da [[Especial:Uncategorizedpages|página de verbetes sem categoria]]</comment>
<model>wikitext</model>
<format>text/x-wiki</format>
<text bytes="229" xml:space="preserve">{{ver também|Japira}}
={{-pt-}}=
==Substantivo==
{{flex.pt|fs=japira|fp=japiras}}
{{paroxítona|ja|pi|ra}}, {{f}}
# [[ave]] também conhecida como [[guaxe]]
[[Categoria:Substantivo (Português)]]
[[Categoria:Ave (Português)]]</text>
<sha1>rflnsf2m3ien2964ugakm2z1hw62hf2</sha1>
</revision>
</page>
