<page>
<page>
<title>Japoatã</title>
<ns>0</ns>
<id>143686</id>
<revision>
<id>2271625</id>
<parentid>1200550</parentid>
<timestamp>2017-04-26T19:37:51Z</timestamp>
<contributor>
<username>HydrizBot</username>
<id>29590</id>
</contributor>
<minor />
<comment>Robô: A limpar links interwikis antigos</comment>
<model>wikitext</model>
<format>text/x-wiki</format>
<text bytes="248" xml:space="preserve">={{-pt-}}=
{{Wikipédia}}
==Substantivo==
'''Japoatã''' {{pr}}
#[[município]] [[brasileiro]] do [[estado]] de [[Sergipe]]
==Ver também==
*[[Apêndice:Municípios do estado de Sergipe]]
[[Categoria:Município do estado de Sergipe (Português)]]</text>
<sha1>6dl4x4iwmtlai6z6220so9n723lnvck</sha1>
</revision>
