<page>
<title>japonesar</title>
<ns>0</ns>
<id>317389</id>
<revision>
<id>2442007</id>
<parentid>2442005</parentid>
<timestamp>2017-08-04T17:52:12Z</timestamp>
<contributor>
<username>Askekamo</username>
<id>60711</id>
</contributor>
<model>wikitext</model>
<format>text/x-wiki</format>
<text bytes="464" xml:space="preserve">={{-pt-}}=
==Verbo==
{{oxítona|ja|po|ne|sar}}
# dar feição ou hábitos de [[japonês]] a
===Sinônimos===
De '''1'''
{{verTambém.Ini}}
* [[ajaponesar]]
* [[japonizar]]
{{verTambém.NovaColuna}}
* [[niponizar]]
{{verTambém.Fim}}
===Conjugação===
{{conj/pt|japones|ar}}
===Tradução===
{{tradini|De 1}}
* {{trad|en|japanize}}
{{tradmeio}}
{{tradfim}}
=={{etimologia|pt}}==
: {{escopo|Morfologia}} [[japonês]] + [[-ar]].
[[Categoria:Verbo (Português)]]</text>
<sha1>afcbubmxgj49nrpb6ldf3zbt3zdf6cv</sha1>
</revision>
</page>
