<page>
<title>japonesámos</title>
<ns>0</ns>
<id>308914</id>
<revision>
<id>2260709</id>
<parentid>1645122</parentid>
<timestamp>2017-04-14T18:55:11Z</timestamp>
<contributor>
<username>Defender</username>
<id>15952</id>
</contributor>
<comment>Trocando predefinição escopo por escopo2</comment>
<model>wikitext</model>
<format>text/x-wiki</format>
<text bytes="294" xml:space="preserve">={{-pt-}}=
==Forma verbal==
{{paroxítona|ja|po|ne|sá|mos}}
#{{escopo2|grafia lusitana}} [[primeira pessoa]] do [[plural]] do [[pretérito perfeito]] do [[modo indicativo]] do verbo '''[[japonesar]]'''
{{avi-for-fle|japonesar}}
[[Categoria:Forma verbal (Português)]]
[[Categoria:Lusitanismo]]</text>
<sha1>hw6aa9idczzt59lexvgpdhvs42efvzw</sha1>
</revision>
</page>
