<page>
<page>
<title>M</title>
<ns>0</ns>
<id>37331</id>
<revision>
<id>2680003</id>
<parentid>2670266</parentid>
<timestamp>2022-06-13T02:12:40Z</timestamp>
<contributor>
<username>Wilhelm Seifer</username>
<id>85860</id>
</contributor>
<model>wikitext</model>
<format>text/x-wiki</format>
<text bytes="831" xml:space="preserve">{{Wikipédia}}
{{ver também|m}}
{{caracteres info|hex=004D|nome=LATIN CAPITAL LETTER M|anterior=L|próximo=N}}
={{-pt-}}=
==Abreviatura==
'''M'''
# {{escopo|pt|Ciência}} de ''[[mega-|mega]]'' (um [[milhão]])
==Substantivo==
'''M, m''', {{gramática|m}}
# {{escopo2|Alfabeto}} décima terceira [[letra]] do [[alfabeto]] [[latino]] usado em [[português]]
=={{etimologia|pt}}==
: Do {{etm|la|pt}} ''m'' ou ''M''.
==Ver também==
===No Wikcionário===
* [[m]]
{{Alfabeto Latino}}
[[Categoria:Sistema de escrita latino]]
[[Categoria:Abreviatura (Português)]]
[[Categoria:Substantivo (Português)]]
={{-univ-}}=
==Símbolo==
'''M'''
# [[algarismo]] [[romano]] que representa o [[numeral]] [[mil]]
==Ver também==
===No Wikcionário===
{{Algarismos romanos}}
{{números romanos}}
[[Categoria:Número (Universal)|# 001000]]</text>
<sha1>2u91u29wtg3no56gx9l0xjtw918blki</sha1>
</revision>
