<page>
<title>ma</title>
<ns>0</ns>
<id>4283</id>
<revision>
<id>2677413</id>
<parentid>2666849</parentid>
<timestamp>2022-05-18T10:37:05Z</timestamp>
<contributor>
<username>ValJor</username>
<id>1358</id>
</contributor>
<comment>Desfazendo pedido de categoria que não deve ser criada</comment>
<model>wikitext</model>
<format>text/x-wiki</format>
<text bytes="24039" xml:space="preserve">{{ver também|Ma|mA|MA|mà|mâ|må|Mª|'ma|ma'|m.a.|M.A.|-ma}}
={{-pt-}}=
{{ver também|MA|má|mã|Mª}}
==Contração==
{{flex.pt|ms=mo|mp=mos|fs=ma|fp=mas}}
{{oxítona|ma}}, {{gramática|f}}
# [[contração]] do pronome pessoal do caso oblíquo [[me]] e [[a]]
=={{etimologia|pt}}==
: {{escopo|Morfologia}} De ''[[me]]'' + ''[[a#Pronome|a]]''.
:* '''Datação''': [[w:Século XIV|século XIV]]
=={{pronúncia|pt}}==
===Brasil===
* AFI: {{AFI|/mɐ/}}
* X-SAMPA: /m6/
==Ver também==
===No Wikcionário===
{{colunas|2}}
* [[lha]]
* [[ta]]
{{colunas/fim}}
==Ligações externas==
* {{Aulete}}
* {{Michaelis}}
* {{PLP}}
* {{VOLPABL}}
[[Categoria:Contração (Português)]]
[[Categoria:Século XIV (Português)]]
={{-univ-}}=
==Símbolo==
'''ma'''
# {{escopo|univ|Metrologia}} [[miliare]], unidade de medida de superfície correspondente à milésima parte do are (10&lt;sup&gt;-3&lt;/sup&gt; a)
# {{escopo|univ|Metrologia}} [[miria-]], antigo prefixo, equivalente a 10&lt;sup&gt;4&lt;/sup&gt;, retirado do sistema métrico em 1960
===Antônimo===
* De '''2''':
* [[mo#{{univ}}|mo]]
[[Categoria:Símbolo (Universal)]]
[[Categoria:Metrologia (Universal)]]
={{-aa-}}=
==Advérbio==
'''ma''', ''negação''
# [[não]]
===Antônimos===
* {{link opcional|yey|aa}}
[[Categoria:Advérbio (Afar)]]
[[Categoria:Monossílabo (Afar)]]
={{-af-}}=
==Substantivo==
{{flex.af|s=ma|p=ma's|s-div=ma|p-div=ma's}}
'''ma'''
# {{escopo|af|Coloquialismo|família}} [[mamãe]], [[mãe]]
==={{-varort-}}===
* [[má#{{af}}|má]] (''[[até]] [[w:1909|1909]]'')
===Sinônimos===
* [[moeder#{{af}}|moeder]]
=={{pronúncia|af}}==
* AFI: {{AFI|/mɑː/}}
* X-SAMPA: /mA:/
[[Categoria:Substantivo (Africâner)]]
[[Categoria:Monossílabo (Africâner)]]
={{-bm-}}=
{{ver também|mà}}
==Partícula==
'''ma'''
# partícula verbal que indica o tempo passado dos verbos:
#* ''a '''ma''' boli'' &lt;small&gt;(não correu)&lt;/small&gt;
==Substantivo==
'''ma'''
# [[dono]], [[proprietário]]
# {{escopo|bm|religião}} [[deus]]
=={{pronúncia|bm}}==
* AFI: {{AFI|/ma/}}
* X-SAMPA: /ma/
==Ver também==
===No Wikcionário===
* [[yɛ#{{bm}}|yɛ]]
==Referências==
* [http://www.bambara.org/lexique/lexicon/14.htm Bambara lexique (em francês e inglês)]
[[Categoria:Partícula (Bambara)]]
[[Categoria:Substantivo (Bambara)]]
[[Categoria:Monossílabo (Bambara)]]
={{-br-}}=
==Advérbio==
'''ma'''
# [[onde]], em que [[lugar]]
==Conjunção==
'''ma'''
# [[se]], [[caso]]
# [[que]]
===Expressões===
* '''[[a-boan ma#{{br}}|a-boan ma]]''': dificilmente, quase não, praticamente não
* '''[[abalamour ma#{{br}}|abalamour ma]]''': porque
* '''[[diouzh ma vezo#{{br}}|diouzh ma vezo]]''': às vezes, de vez em quando, eventualmente
* '''[[daoust ma#{{br}}|daoust ma]]''': embora, apesar de
* '''[[dre ma#{{br}}|dre ma]]''':
*# enquanto, no momento em que;
*# porque;
*# quanto, do que.
* '''[[e doare ma#{{br}}|e doare ma]]''': para que, de modo que
* '''[[e-lec'h ma#{{br}}|e-lec'h ma]]''': onde
* '''[[en abeg ma#{{br}}|en abeg ma]]''': porque
* '''[[evel ma#{{br}}|evel ma#{{br}}]]''':
*# enquanto, no instante em que
*# quanto, do que.
* '''[[evit ma#{{br}}|evit ma]]''':
*# para que, com o intuito de que;
*# apesar de, embora.
* '''[[gant ma#{{br}}|gant ma]]''': desde que, contanto que
* '''[[goude ma#{{br}}|goude ma]]''': embora, ainda que
* '''[[nemet ma#{{br}}|nemet ma]]''': a menos que
* '''[[o vezañ ma#{{br}}|o vezañ ma]]''': dado que, já que, posto que
* '''[[petra bennak ma#{{br}}|petra bennak ma]]''': não obstante, ainda que, apesar de
* '''[[zoken ma#{{br}}|zoken ma]]''': ainda que, mesmo que
===Sinônimos===
* De '''1''':
{{colunas|2}}
* [[mar#{{br}}|mar]]
* [[pa#{{br}}|pa]]
{{colunas/fim}}
==Interjeição==
'''ma'''
# tanto faz(!), que seja(!)
==Pronome==
'''ma''', ''possessivo''
# [[meu]], [[minha]], [[meus]], [[minhas]], pronome possessivo da primeira pessoa do singular
===Expressões===
* '''[[Ma Doue#{{af}}|Ma Doue]]'''!: Meu Deus!
===Sinônimo===
* [[va#{{br}}|va]]
==Substantivo==
{{flex.br|ms=ma|mp=maoù}}
'''ma''', {{gramática|m|lang=br}}
# [[planície]]
# [[área]] [[plano|plana]]
=={{pronúncia|br}}==
* AFI: {{AFI|/ma/}}
* X-SAMPA: /ma/
==Referências==
* PRESS, Ian J. 1986. A Grammar of Modern Breton. Berlim: Mouton de Gruyter.
[[Categoria:Advérbio (Bretão)]]
[[Categoria:Conjunção (Bretão)]]
[[Categoria:Interjeição (Bretão)]]
[[Categoria:Pronome (Bretão)]]
[[Categoria:Substantivo (Bretão)]]
[[Categoria:Monossílabo (Bretão)]]
={{-csb-}}=
==Pronome==
'''ma''' ''[[pessoal]]''
# [[nós]], pronome pessoal do caso nominativo da primeira pessoa do plural:
#* '''''Ma''' jesma Kaszëbama.'' &lt;small&gt;(Nós somos da Cachúbia.)&lt;/small&gt;
# [[pronome]] pessoal do caso vocativo da primeira pessoa do plural
===Sinônimos===
* [[më#{{csb}}|më]]
==Ver também==
===No Wikcionário===
{{decl.csb.pron.pessoal}}
[[Categoria:Pronome pessoal (Cachúbio)]]
[[Categoria:Monossílabo (Cachúbio)]]
={{-ca-}}=
{{ver também|má|mà}}
==Adjetivo==
{{flex.ca|ms=mon|mp=mos|fs=ma|fp=mes|ms-div=mon|mp-div=mos|fs-div=ma|fp-div=mes}}
'''ma''', {{gramática|f}}, ''possessivo''
# [[minha]], pronome possessivo feminino da primeira pessoa do singular
===Sinônimos===
* {{link opcional|meua|ca}}/{{link opcional|meva|ca}} (''[[enfatizado]]'')
==Interjeição==
'''ma'''
# [[olhar|olha]](!) (expressa admiração)
==Substantivo==
'''ma'''
# {{escopo2|Valenciano}} {{escopo|ca|Infantil}} [[água]]
'''ma''', {{gramática|m}}
# {{cont|2}} {{escopo2|Empordà}} {{escopo|ca|infantil}} {{l.s.|beijo}}
# {{escopo2|Llucmajor}} [[babá]], [[ama-seca]]
=={{etimologia|ca}}==
* '''Adjetivo''':
{{llietimo|la|mea|ca|ponto=não}}, pelo [[latim vulgar]] *''ma'';
:* '''Datação''': [[w:Século XIV|século XIV]]
* '''Interjeição''':
: Contração de ''mira(!)'';
* '''Substantivo (1)''':
: Do [[árabe]] ''ma'';
* '''Substantivo (2)''':
: Abreviação de {{etimo|ca|germà}}.
=={{pronúncia|ca}}==
===Catalão ocidental e balear===
* '''Pronome''':
** AFI: {{AFI|/mə/}}
** X-SAMPA: /m@/
===Catalão oriental e valenciano===
* '''Pronome''':
** AFI: {{AFI|/ma/}}
** X-SAMPA: /ma/
==Ver também==
===No Wikcionário===
{{colunas|2}}
* {{link opcional|nostre|ca}}
* [[seu#{{ca}}|seu]]
* [[teu#{{ca}}|teu]]
* {{link opcional|vostre|ca}}
{{colunas/fim}}
==Referências==
* [http://dcvb.iec.cat/ Diccionari català-valencià-balear (IEC) (em catalão)] 
* [http://www.racv.es/diccionari/diccionario.html Diccionari Ortogràfic Valencià-Castellà, Castellà-Valencià (RACV) (em valenciano)] 
[[Categoria:Adjetivo (Catalão)]]
[[Categoria:Interjeição (Catalão)]]
[[Categoria:Pronome (Catalão)]]
[[Categoria:Substantivo (Catalão)]]
[[Categoria:Monossílabo (Catalão)]]
[[Categoria:Bebida (Catalão)]]
[[Categoria:Infantil (Catalão)]]
[[Categoria:Regionalismo (Catalão)]]
[[Categoria:Entrada de étimo árabe (Catalão)]]
[[Categoria:Século XIV (Catalão)]]
={{-zh-}}=
{{ver também|mā|má|mǎ|mà}}
==Pinyin==
'''ma''' / '''ma0''' / '''ma5''' (''[[zhuyin]]'' ㄇㄚ˙)
# [[romanização]] [[pinyin]] de:
## [[么]] ([[partícula]] [[interrogativo|interrogativa]]; &quot;macio&quot;, &quot;suave&quot;)
## [[吗]] (partícula interrogativa [[final]])
## [[嗎]] (partícula interrogativa final)
## [[嘛]] (partícula interrogativa final)
## [[嚈]]
## [[麼]] (partícula interrogativa final; &quot;[[insignificante]]&quot;, &quot;[[pequeno]]&quot;, &quot;[[minúsculo]]&quot;)
## [[麽]] interrogative final particle; &quot;insignificante&quot;, &quot;pequeno&quot;, &quot;minúsculo&quot;)
[[Categoria:Pinyin]]
={{-kw-}}=
==Advérbio==
'''ma''', ''lugar''
# [[aqui]]
#* '''Nota''': usado junto com o artigo definido para formar a ideia do pronome demonstrativo &quot;este&quot; (''an den ma'', &quot;este homem&quot;)
===Sinônimos===
* {{link opcional|ena|kw}}, {{link opcional|omma|kw}}
=={{etimologia|kw}}==
: Aférese de {{etimo|kw|omma}}.
[[Categoria:Advérbio (Córnico)]]
[[Categoria:Monossílabo (Córnico)]]
={{-doz-}}=
[[Ficheiro:Apis mellifera scutellata.jpg|thumb|125px|'''Ma''']]
==Substantivo==
'''ma'''
# {{escopo|doz|Inseto}} [[abelha]], inseto himenóptero da superfamília ''[[wikispecies:Apoidea|Apoidea]]''
{{pularLinhas|2}}
[[Categoria:Substantivo (Dorze)]]
[[Categoria:Monossílabo (Dorze)]]
[[Categoria:Entrada com imagem (Dorze)]]
={{-sk-}}=
==Pronome==
'''ma''', ''pessoal''
# [[meu]], [[de]] [[mim]], pronome pessoal do caso genitivo da primeira pessoa do singular
# [[me]], a mim, pronome pessoal do caso acusativo da primeira pessoa do singular
==Ver também==
===No Wikcionário===
* {{link opcional|môj|sk}}
{{decl.sk.pron.pessoal}}
[[Categoria:Pronome pessoal (Eslovaco)]]
[[Categoria:Monossílabo (Eslovaco)]]
={{-et-}}=
==Pronome==
'''ma''', ''pessoal''
# [[eu]], forma curta do pronome pessoal do caso nominativo da primeira pessoa do singular
===Sinônimos===
* [[mina#{{et}}|mina]]
==Ver também==
===No Wikcionário===
{{decl.et.pron.pessoal}}
==Referências==
* [http://aare.pri.ee/dictionary.html?lang=ee&amp;meth=exact&amp;switch=en&amp;query=ma ''ma'' no Estonian-English-Estonian Dictionary (aare.pri.ee) (em estoniano e inglês)]
* [http://www.eki.ee/cgi-bin/inglise.cgi?if=en&amp;E=0&amp;F=V&amp;Q=ma ''ma'' no English-Estonian-English Dictionary (EKI) (em estoniano e inglês)]
[[Categoria:Pronome pessoal (Estoniano)]]
[[Categoria:Monossílabo (Estoniano)]]
={{-fi-}}=
{{ver também|mä|-ma|ma.}}
==Abreviatura==
'''ma'''
# {{escopo|fi|Dia da semana}} ''[[maanantai{{fi}}|maanantai]]'' (&quot;[[segunda-feira]]&quot;)
==Pronome==
'''ma''', ''pessoal''
# {{escopo|fi|Arcaico}} {{escopo2|Literário}} [[eu]], forma curta do pronome pessoal do caso nominativo da primeira pessoa do singular
===Sinônimos===
{{colunas|2}}
* {{escopo2|Coloquial}} [[mä#{{fi}}|mä]]
* {{escopo2|Dialetal}} {{link opcional|mää|fi}}
* {{escopo2|Dialetal}} {{link opcional|mie|fi}}
* [[minä#{{fi}}|minä]]
{{colunas/fim}}
==Ver também==
===No Wikcionário===
{{colunas|2}}
* [[ke#{{fi}}|ke]]
* [[la#{{fi}}|la]]
* [[pe#{{fi}}|pe]]
* [[su#{{fi}}|su]]
* [[ti#{{fi}}|ti]]
* [[to#{{fi}}|to]]
{{colunas/fim}}
{{semana/fi}}
{{decl.fi.pron.pessoal}}
==Referências==
* [http://kaannos.com/haku-sanakirjasta-suomi-englanti-ma.htm ''ma'' no Kaannos.com (suomi-englanti) (em finlandês)]
* [http://www.sanakirja.org/search.php?q=ma&amp;l=17&amp;l2=-1 ''ma'' no Sanakirja.org (em finlandês e inglês)]
[[Categoria:Abreviatura (Finlandês)]]
[[Categoria:Pronome pessoal (Finlandês)]]
[[Categoria:Monossílabo (Finlandês)]]
={{-fr-}}=
{{ver também|m'a}}
==Pronome==
{{flex.fr|ms=mon|mp=mes|fs=ma|fp=mes|ms-div=mon|mp-div=mes|fs-div=ma|fp-div=mas}}
'''ma''', {{gramática|f|lang=fr}}, ''possessivo''
# [[minha]], pronome possessivo feminino da primeira pessoa do singular:
#* ''Je rentre dans '''ma''' maison.'' &lt;small&gt;(Entro na minha casa.)&lt;/small&gt;
=={{etimologia|fr}}==
{{llietimo|la|mea|fr|ponto=não}}, feminino de {{etimo|la|meus}}, &quot;[[meu]]&quot;.
:* '''Datação''': {{l.s.|final}} do [[w:Século X|século X]]
=={{pronúncia|fr}}==
* AFI: {{AFI|/ma/}}
* X-SAMPA: /ma/
: '''Áudio''': {{ouvir|Fr-ma.ogg|&quot;ma&quot;}}
===Homófonos===
{{fraseini|Homófonos de ''ma''}}
* {{link opcional|mas|fr}}
* {{link opcional|mat|fr}}
{{frasefim}}
==Ver também==
===No Wikcionário===
{{colunas|2}}
* {{link opcional|leur|fr}}
* {{link opcional|notre|fr}}
* [[son#{{fr}}|son]]
* [[ton#{{fr}}|ton]]
* {{link opcional|votre|fr}}
{{colunas/fim}}
==Referências==
* [http://www.cnrtl.fr/definition/{{PAGENAME}}/1 ''{{PAGENAME}}'' no CNRTL (em francês)]
[[Categoria:Adjetivo (Francês)]]
[[Categoria:Pronome (Francês)]]
[[Categoria:Monossílabo (Francês)]]
[[Categoria:Século X (Francês)]]
[[Categoria:Entrada com áudio (Francês)]]
={{-ofs-}}=
==Numeral==
'''ma''', ''cardinal''
# [[um#Numeral|um]] (1, I)
==Ver também==
===No Wikcionário===
{{números/ofs}}
[[Categoria:Numeral cardinal (Frísio Antigo)]]
[[Categoria:Monossílabo (Frísio Antigo)]]
={{-gd-}}=
==Conjunção==
'''ma'''
# [[se]], [[caso]]:
#* '''''Ma''' tha thu 'g iarrraidh sin.'' &lt;small&gt;(Se quiseres isso.)&lt;/small&gt;
[[Categoria:Conjunção (Gaélico Escocês)]]
[[Categoria:Monossílabo (Gaélico Escocês)]]
={{-cy-}}=
==Substantivo&lt;sup&gt;1&lt;/sup&gt;==
'''ma'''
# [[lugar]] determinado, sítio
# [[campo]], campina
==={{etimologia|cy}}===
: Do protocéltico  ''*magos''. Confronte-se com {{etimo|cy|-ma}}.
==Substantivo&lt;sup&gt;2&lt;/sup&gt;==
'''ma'''
# [[balido]] de ovino
==={{etimologia|cy}}===
: Onomatopeico. 
[[Categoria:Substantivo (Galês)]]
={{-gdd-}}=
[[Ficheiro:Birds 4997.jpg|thumb|125px|'''Ma''']]
==Substantivo==
'''ma'''
# {{escopo|gdd|Animal|ave}} [[ave]], [[pássaro]]
[[Categoria:Substantivo (Gedaged)]]
[[Categoria:Monossílabo (Gedaged)]]
[[Categoria:Entrada com imagem (Gedaged)]]
={{-gil-}}=
==Advérbio==
'''ma'''
# [[tão]]
# [[ainda]]
==Conjunção==
'''ma'''
# [[e#Conjunção|e]]
# [[mas]], [[porém]], [[todavia]]
# [[com]]
# [[ainda]]
==Verbo==
'''ma'''
# [[quebrar]], [[romper]], [[partir]]
# [[desmoronar]]
[[Categoria:Advérbio (Gilbertês)]]
[[Categoria:Conjunção (Gilbertês)]]
[[Categoria:Verbo (Gilbertês)]]
[[Categoria:Monossílabo (Gilbertês)]]
={{-nl-}}=
==Substantivo==
{{flex.nl|fs=ma|fp=ma's|d=maatje|fs-div=ma|fp-div=ma's|d-div={{grifar|maat}}.je}}
'''ma'''
# {{escopo|nl|Coloquialismo|família}} [[mãe]], [[mamãe]]
===Antônimos===
* [[pa#{{nl}}|pa]]
===Sinônimos===
* {{link opcional|mam|nl}}, [[mama#{{nl}}|mama]], [[moeder]]
=={{pronúncia|nl}}==
* AFI: {{AFI|/mɑː/}}
* X-SAMPA: /mA:/
==Ver também==
===No Wikcionário===
* {{link opcional|oma|nl}}
[[Categoria:Substantivo (Holandês)]]
[[Categoria:Monossílabo (Holandês)]]
={{-hu-}}=
==Advérbio==
'''ma''' ''[[tempo]]''
# [[hoje]]
===Verbetes derivados===
{{colunas|2}}
* [[mai#{{hu}}|mai]]
* {{link opcional|manapság|hu}}
{{colunas/fim}}
==Substantivo==
'''ma'''
# [[hoje]], o dia de hoje
===Declinação===
{{decl.hu.subst.k|m|á}}
{{flex.hu.poss.tok|má}}
=={{pronúncia|hu}}==
* AFI: {{AFI|/ˈmɒ/}}
* X-SAMPA: /&quot;mQ/
: '''Áudio''': {{ouvir|Hu-ma.ogg|&quot;ma&quot;}}
==Ver também==
===No Wikcionário===
{{colunas|2}}
* {{link opcional|holnap|hu}}
* {{link opcional|tegnap|hu}}
{{colunas/fim}}
==Referências==
* [http://dict.sztaki.hu/dict_search.php?O=ENG&amp;E=1&amp;in_form=1&amp;L=HUN%3AENG%3AEngHunDict&amp;M=0&amp;P=0&amp;C=1&amp;T=1&amp;W=ma ''ma'' no Sztaki Szótár (em húngaro e inglês)]
[[Categoria:Advérbio (Húngaro)]]
[[Categoria:Monossílabo (Húngaro)]]
[[Categoria:Entrada com áudio (Húngaro)]]
={{-io-}}=
==Conjunção==
'''ma'''
# [[mas]], [[porém]], [[todavia]]
=={{pronúncia|io}}==
* AFI: {{AFI|/ma/}}, {{AFI|/mɑ/}}
* X-SAMPA: /ma/, /mA/
[[Categoria:Conjunção (Ido)]]
[[Categoria:Monossílabo (Ido)]]
={{-en-}}=
==Substantivo==
'''ma'''
# {{escopo|en|Coloquial|família}} [[mãe]], [[mamãe]]
#* ''Hey, '''Ma''', I'd like you to meet my friend Jamie.'' &lt;small&gt;(Ei, mãe, gostaria de te apresentar minha amiga Jamie.)&lt;/small&gt;
#** '''Nota''': geralmente é escrito com inicial maiúscula quando se referir diretamente a alguém.
===Sinônimos===
{{colunas|2}}
* [[mama#{{en}}|mama]], 
* {{link opcional|mamma|en}}
* {{link opcional|mater|en}}
* {{link opcional|maw|en}}
* {{escopo2|Estados Unidos}} {{link opcional|mom|en}}
* {{escopo2|Estados Unidos}} {{link opcional|mommy|en}}
* {{link opcional|mother|en}}
* {{escopo2|Reino Unido}} {{link opcional|mum|en}}
* {{escopo2|Reino Unido}} {{link opcional|mummy|en}}
{{colunas/fim}}
=={{pronúncia|en}}==
* AFI: {{AFI|/ˈmɑː/}}
* X-SAMPA: /&quot;mA:/
: '''Áudio''': {{ouvir|En-us-ma.ogg|&quot;ma&quot;}}
==Ver também==
===No Wikcionário===
* [[pa#{{en}}|pa]]
==Referências==
* {{CALD}}
* {{MWOD}}
[[Categoria:Substantivo (Inglês)]]
[[Categoria:Monossílabo (Inglês)]]
[[Categoria:Entrada com áudio (Inglês)]]
={{-ia-}}=
==Conjunção==
'''ma'''
# [[mas]], [[porém]], [[todavia]]
===Sinônimos===
* [[mais#{{ia}}|mais]]
=={{pronúncia|ia}}==
* AFI: {{AFI|/ma/}}
* X-SAMPA: /ma/
==Referências==
* [http://www.interlingua.com/ied/cerca?edit%5Bkeys%5D=%2Bma+%2Balsi ''ma'' no Interlingua-English Dictionary (UMI) (em interlíngua)]
[[Categoria:Conjunção (Interlíngua)]]
[[Categoria:Monossílabo (Interlíngua)]]
={{-it-}}=
{{ver também|ma'}}
==Conjunção==
{{oxítona|ma|lang=it}}
# [[contudo]], [[mas]], [[porém]]
#* ''La pasta è buona, '''ma''' avevo ordinato una pizza.'' &lt;small&gt;(A massa é boa, mas pedi uma pizza.)&lt;/small&gt;
#* ''Questo lago è grande '''ma''' poco profondo.'' &lt;small&gt;(Este lago é grande porém pouco fundo.)&lt;/small&gt;
# mas, e [[sim]]:
#* ''Non è intelligente, '''ma''' stupido.'' &lt;small&gt;(Não é inteligente, mas estúpido.)&lt;/small&gt;
# mas (enfatizando surpresa, indignação ou incredulidade)
#* '''''Ma''' guarda un po'!'' &lt;small&gt;(Mas olha só isso!)&lt;/small&gt;
#* '''''Ma''' dov'è finito?'' &lt;small&gt;(Mas onde é que já se viu uma coisa dessas?)&lt;/small&gt;
===Expressões===
* '''[[ma che#{{it}}|ma che]]''': {{escopo2|Raro}} que, mas que (usado para reforçar uma negação)
===Sinônimos===
* De '''1''':
{{colunas|2}}
* {{link opcional|però|it}}
* {{link opcional|tuttavia|it}}
{{colunas/fim}}
===Verbetes derivados===
* {{link opcional|macché|it}}
==Interjeição==
{{oxítona|ma|lang=it}}
# expressa [[dúvida]] ou [[incerteza]]
# exprime [[desaprovação]]
==={{-varort-}}===
* {{link opcional|mah|it}}
==Substantivo==
{{flex.it|ms=ma|mp=ma}}
{{oxítona|ma|lang=it}}, {{gramática|m|lang=it}}
# [[dúvida]], [[incerteza]]
===Sinônimos===
{{colunas|2}}
* {{link opcional|dubbio|it}}
* {{link opcional|incertezza|it}}
{{colunas/fim}}
==Forma de substantivo==
{{flex.it|ms=ma|mp=ma}}
{{oxítona|ma|lang=it}}, {{gramática|mp|lang=it}}
# plural de [[ma#{{it}}|ma]]
{{avi-for-fle|ma|lang=it}}
=={{etimologia|it}}==
* '''Conjunção''':
{{llietimo|la|magis|pt|mais; melhor}}.
=={{pronúncia|it}}==
* '''Conjunção''':
** AFI: {{AFI|/ma/}}
** X-SAMPA: /ma/
* '''Interjeição e substantivo''':
** AFI: {{AFI|/ˈma/}}
** X-SAMPA: /&quot;ma/
[[Categoria:Conjunção (Italiano)]]
[[Categoria:Interjeição (Italiano)]]
[[Categoria:Substantivo (Italiano)]]
[[Categoria:Forma de substantivo (Italiano)]]
[[Categoria:Entrada de étimo latino (Italiano)]]
={{-ja-}}=
==Transliteração==
'''ma'''
# transliteração de [[ま]]
[[Categoria:Transliteração (Japonês)]]
={{-liv-}}=
==Pronome==
'''ma''' ''[[pessoal]]''
# [[eu]], forma curta do pronome pessoal do caso nominativo da primeira pessoa do singular
===Sinônimo===
* [[mina#{{liv}}|mina]]
==Ver também==
===No Wikcionário===
{{decl.liv.pron.pessoal}}
[[Categoria:Pronome pessoal (Livônio)]]
[[Categoria:Monossílabo (Livônio)]]
={{-mwh-}}=
==Conjunção==
'''ma'''
# [[se]], [[caso]]
[[Categoria:Conjunção (Mouk-Aria)]]
[[Categoria:Monossílabo (Mouk-Aria)]]
={{-no-}}=
{{ver também|må}}
==Abreviatura==
'''ma'''
# {{escopo|no|Dia da semana}} ''[[mandag#{{no}}|mandag]]'' (&quot;[[segunda-feira]]&quot;)
==Ver também==
===No Wikcionário===
{{semana/no}}
[[Categoria:Abreviatura (Norueguês)]]
[[Categoria:Abreviatura (Dano-norueguês)]]
[[Categoria:Abreviatura (Novo Norueguês)]]
={{-pjt-}}=
==Advérbio==
'''ma'''
# [[embora]], para [[longe]]
[[Categoria:Advérbio (Pitjantjatjara)]]
[[Categoria:Monossílabo (Pitjantjatjara)]]
={{-pl-}}=
==Pronome==
'''ma''', {{gramática|f|lang=pl}}, ''possessivo''
# [[minha]], pronome possessivo feminino da primeira pessoa do singular
===Sinônimo===
* {{link opcional|moja|pl}}
==Forma verbal==
'''ma'''
# terceira pessoa do singular do presente do indicativo do verbo [[mieć#{{pl}}|mieć]]
#* ''Andrzej '''ma''' 18 lat.'' &lt;small&gt;(Andrzej tem 18 anos.)&lt;/small&gt;
{{avi-for-fle|mieć}}
=={{pronúncia|pl}}==
* AFI: {{AFI|/ˈma/}}
* X-SAMPA: /&quot;ma/
==Ver também==
===No Wikcionário===
* {{link opcional|mój|pl}}
[[Categoria:Forma verbal (Polonês)]]
[[Categoria:Pronome (Polonês)]]
[[Categoria:Monossílabo (Polonês)]]
={{-sm-}}=
==Adjetivo==
'''ma''' ({{p}} '''''[[mama#{{sm}}|mama]]''''')
# [[envergonhado]], [[embaraçado]]
==Conjunção==
'''ma'''
# [[e#Conjunção|e]]
# [[também]], da mesma [[forma]]
===Expressões===
* '''[[sefulu ma le tasi]]''': [[onze]] ({{link opcional|11}})
===Sinônimo===
* De '''2''':
* {{link opcional|fo'i|sm}}
==Preposição==
'''ma'''
# [[com]] (''[[companhia]]'')
# para, a
===Expressões===
* '''[['atoa ma#{{sm}}|'atoa ma]]''': junto com
* '''[[e aunoa ma#{{sm}}e aunoa ma]]''': sem
===Sinônimo===
* De '''2''':
* [[mo#{{sm}}|mo]]
==Pronome==
'''ma''', ''pessoal''
# [[nós]] (excluindo a pessoa a quem se fala), pronome pessoal exclusivo da primeira pessoa do singular
===Sinônimos===
{{colunas|2}}
* [[ma'ua#{{sm}}|ma'ua]]
* [[maua#{{sm}}|maua]]
{{colunas/fim}}
=={{pronúncia|sm}}==
* AFI: {{AFI|/ma/}}
* X-SAMPA: /ma/
==Ver também==
===No Wikcionário===
{{decl.sm.pron.pessoal}}
==Referências==
* [http://www.nzetc.org/tm/scholarly/tei-PraDict.html A Grammar and Dictionary of the Samoan Language, with English and Samoan vocabulary (NZTC) (em inglês)]
[[Categoria:Adjetivo (Samoano)]]
[[Categoria:Conjunção (Samoano)]]
[[Categoria:Preposição (Samoano)]]
[[Categoria:Pronome pessoal (Samoano)]]
[[Categoria:Monossílabo (Samoano)]]
={{-scn-}}=
==Conjunção==
'''ma'''
# [[contudo]], [[mas]], [[todavia]]
=={{etimologia|scn}}==
{{llietimo|la|magis|pt|mais; melhor}}
=={{pronúncia|scn}}==
* AFI: {{AFI|/ma/}}
* X-SAMPA: /ma/
[[Categoria:Conjunção (Siciliano)]]
[[Categoria:Monossílabo (Siciliano)]]
={{-dsb-}}=
==Forma verbal==
'''ma'''
# terceira pessoa do singular do presente do indicativo do verbo [[měś#{{dsb}}|měś]]
{{avi-for-fle|měś|lang=dsb}}
=={{pronúncia|dsb}}==
* AFI: {{AFI|/ˈma/}}
* X-SAMPA: /&quot;ma/
[[Categoria:Forma verbal (Sorábio Baixo)]]
[[Categoria:Monossílabo (Sorábio Baixo)]]
={{-sux-}}=
==Conjunção==
'''ma'''
# [[e#Conjunção|e]]
# [[mas]], [[porém]]
[[Categoria:Conjunção (Sumério)]]
[[Categoria:Monossílabo (Sumério)]]
={{-tkw-}}=
==Substantivo==
'''ma'''
# [[mão]]
==Ver também==
===No Wikcionário===
{{colunas|2}}
* [[mata#{{tkw}}|mata]]
* [[mua#{{tkw}}|mua]]
* [[viavia#{{tkw}}|viavia]]
* [[wasawa#{{tkw}}|wasawa]]
{{colunas/fim}}
[[Categoria:Substantivo (Teanu)]]
[[Categoria:Anatomia (Teanu)]]
={{-tok-}}=
==Substantivo==
'''ma'''
# {{escopo|tok|Geografia}} [[solo]], [[terra]]
# [[propriedade]], terra
#* ''Jan li wile jo e '''ma'''.'' &lt;small&gt;(As pessoas querem ter terras.)&lt;/small&gt;
# {{escopo|tok|Agricultura}} [[campo]], [[área]] [[rural]]
#* ''Mi wile lukin e '''ma'''.'' &lt;small&gt;(Quero ver o campo.)&lt;/small&gt;
# {{escopo|tok|Geografia}} [[país]]
# área [[externo|externa]]
===Expressões===
* '''[[ma Pasila#{{tok}}|ma Pasila]]''': Brasil
* '''[[ma Potuke#{{tok}}|ma Potuke]]''': Portugal
* '''[[ma suli Amelika#{{tok}}|ma suli Amelika]]''': América
* '''[[ma suli Elopa#{{tok}}|ma suli Elopa]]''': Europa
* '''[[ma tomo#{{tok}}|ma tomo]]''': cidade
* '''[[ma tomo lawa#{{tok}}|ma tomo lawa]]''': capital
=={{etimologia|tok}}==
{{llietimo|fi|maa|tok}}
==Referências==
* [http://www.tokipona.org/nimi.html Toki Pona - Official World List (em inglês)]
[[Categoria:Substantivo (Toki Pona)]]
[[Categoria:Monossílabo (Toki Pona)]]
={{-tzj-}}=
==Advérbio==
'''ma''' ''[[negação]]''
# [[não]]
[[Categoria:Advérbio (Tz'utujil)]]
[[Categoria:Monossílabo (Tz'utujil)]]
={{-wo-}}=
==Pronome==
'''ma''', ''temporal''
# [[eu]], pronome pessoal temporal neutro da primeira pessoa do singular
#* '''''Ma''' ñëw ak yow?''
=={{pronúncia|wo}}==
* AFI: {{AFI|/ma/}}
* X-SAMPA: /ma/
==Ver também==
===No Wikcionário===
{{decl.wo.pron.pessoal}}
[[Categoria:Pronome pessoal (Uolofe)]]
[[Categoria:Monossílabo (Uolofe)]]
={{-vi-}}=
{{ver também|mà|mả|mã|má|mạ}}
==Substantivo==
'''ma'''
# {{escopo|vi|Mitologia}} [[espírito]], [[fantasma]]
#* ''thích chuyện '''ma''''' &lt;small&gt;(gostar de histórias de fantasmas)&lt;/small&gt;
# [[demônio]]
# [[funeral]]
#* ''đưa '''ma''''' &lt;small&gt;(ir a um funeral)&lt;/small&gt;
=={{pronúncia|vi}}==
* AFI: {{AFI|/mɐː˧/}}
* X-SAMPA: /ma_M/
[[Categoria:Substantivo (Vietnamita)]]
[[Categoria:Monossílabo (Vietnamita)]]
={{-vo-}}=
==Conjunção==
'''ma'''
# [[segundo]], de acordo com
=={{pronúncia|vo}}==
* AFI: {{AFI|/ma/}}
* X-SAMPA: /ma/
[[Categoria:Conjunção (Volapuque)]]
[[Categoria:Monossílabo (Volapuque)]]</text>
<sha1>1u7uttq3pwjxneldbxrafv3plbvgbeu</sha1>
</revision>
</page>
