<page>
<title>mAA</title>
<ns>0</ns>
<id>131710</id>
<redirect title="mȝȝ" />
<revision>
<id>560988</id>
<timestamp>2009-10-12T20:59:09Z</timestamp>
<contributor>
<username>Jesielt</username>
<id>6680</id>
</contributor>
<comment>Redireccionando para [[mȝȝ]]</comment>
<model>wikitext</model>
<format>text/x-wiki</format>
<text bytes="51" xml:space="preserve">#REDIRECT [[mȝȝ]]
[[Categoria:Verbo (Egípcio)]]</text>
<sha1>m60zpxa852h2rm9y7io3eu3ghx0rxws</sha1>
</revision>
</page>
