<page>
<title>maa</title>
<ns>0</ns>
<id>234087</id>
<revision>
<id>2372144</id>
<parentid>2246135</parentid>
<timestamp>2017-05-04T14:24:50Z</timestamp>
<contributor>
<username>HydrizBot</username>
<id>29590</id>
</contributor>
<minor />
<comment>Robô: A limpar links interwikis antigos</comment>
<model>wikitext</model>
<format>text/x-wiki</format>
<text bytes="2184" xml:space="preserve">={{-fi-}}=
==Substantivo==
'''maa''' (''plural'' : maat)
# [[chão]], [[solo]]
#* ''Hattu putosi '''maahan'''.'' &lt;small&gt;(O chapéu caiu ao chão.)&lt;/small&gt;
# [[terra]]
#* ''Kaivaa '''maata'''.'' &lt;small&gt;(Cavar a terra.)&lt;/small&gt;
# [[terreno]], [[território]], [[propriedade]] [[rural]]
#* ''Tämä on meidän '''maamme'''.'' &lt;small&gt;(Este é o nosso terreno / propriedade.)&lt;/small&gt;
# [[país]]
#* ''Mihin '''maihin''' haluaisin matkustaa?'' &lt;small&gt;(A que países gostarias de viajar?)&lt;/small&gt;
# [[campo]], [[zona]] [[rural]]
#* ''Kesällä olemme '''maalla'''.'' &lt;small&gt;(No Verão estamos no campo.)&lt;/small&gt;
===Nota de uso===
* Devido aos vários significados, as ambiguidades são evitadas através do uso das declinações. Nos exemplos seguintes exprime-se o movimento de dentro para fora com diferentes declinações conforme o significado em que maa é usado.
** ''Muutin '''maalta''' kaupunkiin'' &lt;small&gt;(Mudei-me do campo para a cidade.)&lt;/small&gt;
** ''Et saa lähteä '''maasta''''' &lt;small&gt;(Não podes deixar o país.)&lt;/small&gt;
** ''Ruumis kaivettiin '''maasta''''' &lt;small&gt;(O corpo foi desenterrado.)&lt;/small&gt;
* Outros exemplos com o movimento de fora para dentro:
** ''Lähdimme '''maalle''''' &lt;small&gt;(Partimos para o campo.)&lt;/small&gt;
** ''Kirja putosi '''maahan''''' &lt;small&gt;(O livro caiu ao chão.)&lt;/small&gt;
===Sinônimos===
* De '''4''' : [[valtio]]
===Verbetes derivados===
* [[Maa]] : [[Terra]] ([[planeta]])
* [[maailma]] : [[mundo]]
* [[maalainen]] : [[rústico]], [[rural]], do [[campo]].
* [[maantiede]] : [[geografia]]
* [[maasto]] : [[terreno]], [[relevo]] {{escopo|geografia, geologia}}
* [[maisema]] : [[paisagem]]
[[Categoria:Substantivo (Finlandês)]]
[[Categoria:Geografia (Finlandês)]]
={{-grt-}}=
==Substantivo==
'''ma.a'''
# [[mãe]]
===Sinônimos===
{{verTambém.Ini}}
* [[ama]]
{{verTambém.NovaColuna}}
* [[magipa]]
{{verTambém.Fim}}
==Ver também==
===No Wikcionário===
{{verTambém.Ini}}
* {{trad|brx|बिमा}}
* {{trad|dis|buma}}
{{verTambém.NovaColuna}}
* {{trad|mjw|ai}}
* {{trad|kha|i mei}}
{{verTambém.NovaColuna}}
* {{trad|trp|ama}}
* {{trad|mrg|অও}}
{{verTambém.Fim}}
[[Categoria:Substantivo (Garo)]]
[[categoria:Família (Garo)]]</text>
<sha1>63omutqcszeydf67g4t4j7p30zobiaa</sha1>
</revision>
</page>
