<page>
<title>maag</title>
<ns>0</ns>
<id>227937</id>
<revision>
<id>2669116</id>
<parentid>2372145</parentid>
<timestamp>2022-03-29T10:21:43Z</timestamp>
<contributor>
<username>ValJor</username>
<id>1358</id>
</contributor>
<comment>Confirmando [[:Categoria:!Entrada criada por robô|verbete criado por robô]]</comment>
<model>wikitext</model>
<format>text/x-wiki</format>
<text bytes="463" xml:space="preserve">{{Wikipédia|lang=af}}
{{Wikipédia|lang=nl}}
{{Wikipédia|lang=li}}
={{-af-}}=
==Substantivo==
'''maag'''
# [[estômago]]
[[Categoria:Substantivo (Africâner)]]
[[Categoria:Anatomia (Africâner)]]
={{-nl-}}=
==Substantivo==
'''maag'''
# [[estômago]]
[[Categoria:Substantivo (Holandês)]]
[[Categoria:Anatomia (Holandês)]]
={{-li-}}=
==Substantivo==
'''maag'''
# [[estômago]]
[[Categoria:Substantivo (Limburguês)]]
[[Categoria:Anatomia (Limburguês)]]</text>
<sha1>ftuwwigveh3klmz2ran6aodvbrsei4j</sha1>
</revision>
</page>
