<page>
<title>maaiemoanne</title>
<ns>0</ns>
<id>235118</id>
<revision>
<id>2372147</id>
<parentid>887781</parentid>
<timestamp>2017-05-04T14:25:05Z</timestamp>
<contributor>
<username>HydrizBot</username>
<id>29590</id>
</contributor>
<minor />
<comment>Robô: A limpar links interwikis antigos</comment>
<model>wikitext</model>
<format>text/x-wiki</format>
<text bytes="234" xml:space="preserve">={{-fy-}}=
==Substantivo==
'''maaiemoanne'''
# [[maio]]; [[quinto]] [[mês]] do [[ano]] civil, tendo 31 [[dia]]s
== Ver também ==
=== No Wikcionário ===
{{meses/fy}}
[[Categoria:Substantivo (Frísio)]]
[[Categoria:Mês (Frísio)]]</text>
<sha1>d0w94mgcxww21r12ki8unnrdpv9vcpd</sha1>
</revision>
</page>
