<page>
<page>
<title>maajo</title>
<ns>0</ns>
<id>62044</id>
<revision>
<id>2372149</id>
<parentid>2129248</parentid>
<timestamp>2017-05-04T14:25:12Z</timestamp>
<contributor>
<username>HydrizBot</username>
<id>29590</id>
</contributor>
<minor />
<comment>Robô: A limpar links interwikis antigos</comment>
<model>wikitext</model>
<format>text/x-wiki</format>
<text bytes="144" xml:space="preserve">={{-so-}}=
==Substantivo==
'''maajo'''
# [[maio]].
==Ver também==
{{meses/so}}
[[Categoria:Substantivo (Somali)]]
[[Categoria:Mês (Somali)]]</text>
<sha1>6euheqdliayt8194u29i7yrktepg6jw</sha1>
</revision>
