<page>
<title>maalo</title>
<ns>0</ns>
<id>318376</id>
<revision>
<id>2655299</id>
<parentid>1729112</parentid>
<timestamp>2021-12-17T09:33:51Z</timestamp>
<contributor>
<username>ValJor</username>
<id>1358</id>
</contributor>
<comment>Confirmando [[:Categoria:!Entrada criada por robô|verbete criado por robô]]</comment>
<model>wikitext</model>
<format>text/x-wiki</format>
<text bytes="268" xml:space="preserve">[[Imagem:US long grain rice.jpg|thumb|right|250px|{{centro|Arroz}}]]
={{-wo-}}=
==Substantivo==
'''maalo'''
# [[arroz]]
[[Categoria:Substantivo (Uolofe)]]
[[Categoria:Alimentação (Uolofe)]]
[[Categoria:Botânica (Uolofe)]]
[[Categoria:Entrada com imagem (Uolofe)]]</text>
<sha1>i2ig2nhlrw19gjkozf3blw90p0di0zk</sha1>
</revision>
</page>
