<page>
<page>
<title>Maali</title>
<ns>0</ns>
<id>145474</id>
<revision>
<id>2273548</id>
<parentid>2241927</parentid>
<timestamp>2017-04-26T21:17:32Z</timestamp>
<contributor>
<username>HydrizBot</username>
<id>29590</id>
</contributor>
<minor />
<comment>Robô: A limpar links interwikis antigos</comment>
<model>wikitext</model>
<format>text/x-wiki</format>
<text bytes="701" xml:space="preserve">[[Ficheiro:Flag of Mali.svg|thumb|250px|'''Maali''']]
={{-ksh-}}=
==Substantivo==
'''Maa.li''' {{pr}}
# {{escopo|geografia}} [[Mali]].
==Ver também==
===No Wikcionário===
{{África/ksh}}
[[Categoria:Substantivo (Francônio)]]
[[Categoria:Dissílabo (Francônio)]]
[[Categoria:País (Francônio)]]
[[Categoria:Entrada com imagem (Francônio)]]
[[Categoria:Cognato (Francônio)]]
={{-ff-}}=
{{Wikipédia|lang=ff}}
==Substantivo==
'''Maa.li''' {{pr}}
# {{escopo|geografia}} [[Mali]].
==Ver também==
===No Wikcionário===
{{África/ff}}
[[Categoria:Substantivo (Fula)]]
[[Categoria:Dissílabo (Fula)]]
[[Categoria:País (Fula)]]
[[Categoria:Entrada com imagem (Fula)]]
[[Categoria:Cognato (Fula)]]</text>
<sha1>dq94nwtnp6u6t9x1zde98cbsgha1m4t</sha1>
</revision>
