<page>
<page>
<title>maaliskuu</title>
<ns>0</ns>
<id>4986</id>
<revision>
<id>2372150</id>
<parentid>2259556</parentid>
<timestamp>2017-05-04T14:25:19Z</timestamp>
<contributor>
<username>HydrizBot</username>
<id>29590</id>
</contributor>
<minor />
<comment>Robô: A limpar links interwikis antigos</comment>
<model>wikitext</model>
<format>text/x-wiki</format>
<text bytes="613" xml:space="preserve">{{Wikipédia|lang=fi}}
={{-fi-}}=
==Substantivo==
'''maaliskuu'''
# [[março]] ([[mês]])
#: ''[[mikä|Mikä]] [[päivä]] [[olla|on]] [[tänään]]? - Tänään on [[yksitoista|yhdestoista]] päivä '''maaliskuuta'''.''
#:: [[que|Que]] [[dia]] [[ser|é]] [[hoje]]? - Hoje é (o dia) 11 de março.
#:*'''Nota1:''' O dia do mês escreve-se sempre em [[numeração]] [[ordinal]]
#:*'''Nota2:''' ''yhdestoista maaliskuu'''ta''''' = ''maaliskuu'''n''' yhdestoista''.
==Ver também==
===No Wikcionário===
* [[kuu]]
* [[kuukausi]]
{{meses/fi}}
[[Categoria:Substantivo (Finlandês)]]
[[Categoria:Mês (Finlandês)]]</text>
<sha1>phrssp9d2z8u03yqr7b4vwp8mt5pkdi</sha1>
</revision>
