<page>
<page>
<title>Maandag</title>
<ns>0</ns>
<id>46595</id>
<revision>
<id>2273549</id>
<parentid>1944499</parentid>
<timestamp>2017-04-26T21:17:42Z</timestamp>
<contributor>
<username>HydrizBot</username>
<id>29590</id>
</contributor>
<minor />
<comment>Robô: A limpar links interwikis antigos</comment>
<model>wikitext</model>
<format>text/x-wiki</format>
<text bytes="242" xml:space="preserve">{{Wikipédia|lang=af}}
{{ver também|maandag}}
={{-af-}}=
==Substantivo==
'''Maandag'''
# [[segunda-feira]]
==Ver também==
===No wikcionário===
{{semana/af}}
[[Categoria:Substantivo (Africâner)]]
[[Categoria:Dia da semana (Africâner)]]</text>
<sha1>7ozm333f2vis9e1j57a2muld3gduqzu</sha1>
</revision>
