<page>
<page>
<title>maanantai</title>
<ns>0</ns>
<id>3238</id>
<revision>
<id>2372151</id>
<parentid>2242417</parentid>
<timestamp>2017-05-04T14:25:29Z</timestamp>
<contributor>
<username>HydrizBot</username>
<id>29590</id>
</contributor>
<minor />
<comment>Robô: A limpar links interwikis antigos</comment>
<model>wikitext</model>
<format>text/x-wiki</format>
<text bytes="547" xml:space="preserve">{{Wikipédia|lang=fi}}
={{-fi-}}=
==Substantivo==
'''maa.nan.tai''' '' sem gênero''
# [[segunda-feira]]; dia da semana que vem depois do [[domingo]] e antecede a [[terça-feira]]
#: ''[[olla|Olemme]] [[avoinna]] '''maanantaista''' [[perjantai|perjantaihin]] : [[estar|Estamos]] [[aberto|abertos]] de segunda-feira a [[sexta-feira]].
==Ver também==
===No Wikcionário===
* [[Apêndice:Dias da semana|Dias da Semana]]
{{semana/fi}}
[[categoria:Substantivo (Finlandês)]]
[[categoria:Dia da semana (Finlandês)]]
[[Categoria:Tempo (Finlandês)]]</text>
<sha1>56g9nctfgvw6972mqyp2y9egh47mkv2</sha1>
</revision>
