<page>
<page>
<title>Maart</title>
<ns>0</ns>
<id>234395</id>
<revision>
<id>2273550</id>
<parentid>2190075</parentid>
<timestamp>2017-04-26T21:17:46Z</timestamp>
<contributor>
<username>HydrizBot</username>
<id>29590</id>
</contributor>
<minor />
<comment>Robô: A limpar links interwikis antigos</comment>
<model>wikitext</model>
<format>text/x-wiki</format>
<text bytes="238" xml:space="preserve">={{-af-}}=
==Substantivo==
'''Maart'''
# [[março]]; [[terceiro]] [[mês]] do [[ano]] civil, tendo 31 [[dia]]s
== Ver também ==
=== No Wikcionário ===
{{meses/af}}
[[Categoria:Substantivo (Africâner)]]
[[Categoria:Mês (Africâner)]]</text>
<sha1>3rhhnj6vz9eb9epnsxkpksrjtq143ig</sha1>
</revision>
