<page>
<title>maar</title>
<ns>0</ns>
<id>32930</id>
<revision>
<id>2372156</id>
<parentid>2152156</parentid>
<timestamp>2017-05-04T14:26:03Z</timestamp>
<contributor>
<username>HydrizBot</username>
<id>29590</id>
</contributor>
<minor />
<comment>Robô: A limpar links interwikis antigos</comment>
<model>wikitext</model>
<format>text/x-wiki</format>
<text bytes="116" xml:space="preserve">={{-mzn-}}=
==Substantivo==
maar
# [[mãe]]
==Masculino==
* [[pier]]/[[piyer]]
[[Categoria:Substantivo ({{mzn}})]]</text>
<sha1>rlr1nv5cseedaldmzvnplmb46gy67l5</sha1>
</revision>
</page>
