<page>
<page>
<title>maart</title>
<ns>0</ns>
<id>33304</id>
<revision>
<id>2372158</id>
<parentid>2152155</parentid>
<timestamp>2017-05-04T14:26:17Z</timestamp>
<contributor>
<username>HydrizBot</username>
<id>29590</id>
</contributor>
<minor />
<comment>Robô: A limpar links interwikis antigos</comment>
<model>wikitext</model>
<format>text/x-wiki</format>
<text bytes="880" xml:space="preserve">={{-fy-}}=
==Substantivo==
'''maart'''
# [[março]]; [[terceiro]] [[mês]] do [[ano]] civil, tendo 31 [[dia]]s
== Ver também ==
=== No Wikcionário ===
{{meses/fy}}
[[Categoria:Substantivo (Frísio)]]
[[Categoria:Mês (Frísio)]]
={{-nl-}}=
== Substantivo ==
'''maart'''
# [[março]]; [[terceiro]] [[mês]] do [[ano]] civil, tendo 31 [[dia]]s
== Ver também ==
=== No Wikcionário ===
{{meses/nl}}
={{-pap-}}=
== Substantivo ==
'''maart'''
# [[março]]; [[terceiro]] [[mês]] do [[ano]] civil, tendo 31 [[dia]]s
== Ver também ==
=== No Wikcionário ===
{{meses/pap}}
[[Categoria:Substantivo (Frísio)]]
[[Categoria:Tempo (Frísio)]]
[[Categoria:Mês (Frísio)]]
[[Categoria:Substantivo (Holandês)]]
[[Categoria:Tempo (Holandês)]]
[[Categoria:Mês (Holandês)]]
[[Categoria:Substantivo (Papiamento)]]
[[Categoria:Tempo (Papiamento)]]
[[Categoria:Mês (Papiamento)]]</text>
<sha1>agzfmzmklfx3a0nu9eawzzdzrrsv072</sha1>
</revision>
