<page>
<title>mabeia</title>
<ns>0</ns>
<id>309627</id>
<revision>
<id>1729902</id>
<parentid>1647463</parentid>
<timestamp>2013-09-14T23:57:25Z</timestamp>
<contributor>
<username>ValJor</username>
<id>1358</id>
</contributor>
<comment>Melhorando a apresentação do verbete usando a [[:predefinição:cria-entrada]]</comment>
<model>wikitext</model>
<format>text/x-wiki</format>
<text bytes="277" xml:space="preserve">={{-pt-}}=
==Substantivo==
{{flex.pt|fs=mabeia|fp=mabeias}}
{{paroxítona|ma|bei|a}}
# [[planta]] faseolácea da África e da América
==={{-varort-}}===
* {{escopo|Anterior ao AO 1990}}  [[mabéia]]
[[Categoria:Substantivo (Português)]]
[[Categoria:Botânica (Português)]]</text>
<sha1>8comc7hnfc3dqgl3bi8i1pgmctgr8s3</sha1>
</revision>
</page>
