<page>
<page>
<title>mabeco</title>
<ns>0</ns>
<id>293901</id>
<revision>
<id>2372163</id>
<parentid>2129244</parentid>
<timestamp>2017-05-04T14:26:35Z</timestamp>
<contributor>
<username>HydrizBot</username>
<id>29590</id>
</contributor>
<minor />
<comment>Robô: A limpar links interwikis antigos</comment>
<model>wikitext</model>
<format>text/x-wiki</format>
<text bytes="244" xml:space="preserve">={{-pt-}}=
==Substantivo==
{{flex.pt|ms=mabeco|mp=mabecos}}
{{paroxítona|ma|be|co}}
# {{escopo|Angola}} [[cão]] [[feroz]] dos [[mato]]s
==Anagrama==
# [[emboca]]
[[Categoria:Substantivo (Português)]]
[[Categoria:Regionalismo (Português)]]</text>
<sha1>kwr4qkmcvvep544k054nw02ydjb1z6p</sha1>
</revision>
