<page>
<title>maboroshi</title>
<ns>0</ns>
<id>235407</id>
<revision>
<id>2372164</id>
<parentid>2219616</parentid>
<timestamp>2017-05-04T14:26:37Z</timestamp>
<contributor>
<username>HydrizBot</username>
<id>29590</id>
</contributor>
<minor />
<comment>Robô: A limpar links interwikis antigos</comment>
<model>wikitext</model>
<format>text/x-wiki</format>
<text bytes="114" xml:space="preserve">={{-ja-}}=
==Transliteração==
# transliteração de [[まぼろし]]
[[Categoria:Transliteração (Japonês)]]</text>
<sha1>5t64vvzhlo1o15fijwt79gar3m0b7q8</sha1>
</revision>
</page>
