<page>
<title>mabwana</title>
<ns>0</ns>
<id>38962</id>
<revision>
<id>2372165</id>
<parentid>1778630</parentid>
<timestamp>2017-05-04T14:26:40Z</timestamp>
<contributor>
<username>HydrizBot</username>
<id>29590</id>
</contributor>
<minor />
<comment>Robô: A limpar links interwikis antigos</comment>
<model>wikitext</model>
<format>text/x-wiki</format>
<text bytes="464" xml:space="preserve">={{-sw-}}=
==Forma de substantivo==
'''ma.{{grifar|bwa}}.na''' ''classe 6''
:# [[forma]] [[plural]] de '''''[[bwana]]''''':
:## [[homem|homens]].
:## [[senhor]]es.
:## [[cavalheiro]]s.
:## [[dono]]s, [[proprietário]]s.
=={{pronúncia}}==
* [[AFI]]: {{AFI|/ma.'bwa.na/}}
* [[X-SAMPA]]: /ma.&quot;bwa.na/
[[Categoria:Forma de substantivo (Suaíli)]]
[[Categoria:Trissílabo (Suaíli)]]
[[Categoria:Paroxítona (Suaíli)]]
[[Categoria:Entrada com pronúncia (Suaíli)]]</text>
<sha1>5ljc6lgfda388nb339zucqu0oqu95ta</sha1>
</revision>
</page>
