<page>
<page>
<title>macau</title>
<ns>0</ns>
<id>30194</id>
<revision>
<id>2372183</id>
<parentid>1795445</parentid>
<timestamp>2017-05-04T14:27:37Z</timestamp>
<contributor>
<username>HydrizBot</username>
<id>29590</id>
</contributor>
<minor />
<comment>Robô: A limpar links interwikis antigos</comment>
<model>wikitext</model>
<format>text/x-wiki</format>
<text bytes="310" xml:space="preserve">{{ver também|Macau}}
={{-pt-}}=
==Substantivo==
{{oxítona|ma|cau}}
# {{escopo|Zoologia}} nome de uma [[raça]] de [[porco]]s
=={{pronúncia|pt}}==
===Brasil===
====Carioca====
* [[AFI]]: {{AFI|/ma.ˈkaw/}}
* [[X-SAMPA]]: /ma.&quot;kaw/
[[Categoria:Substantivo (Português)]]
[[Categoria:Zoologia (Português)]]</text>
<sha1>76zqypemxhte5b8m07rxwng2t16bqkk</sha1>
</revision>
