<page>
<title>macapaense</title>
<ns>0</ns>
<id>55772</id>
<revision>
<id>2049903</id>
<parentid>1827354</parentid>
<timestamp>2015-12-21T16:07:36Z</timestamp>
<contributor>
<username>ValJor</username>
<id>1358</id>
</contributor>
<comment>Melhorando a apresentação do verbete</comment>
<model>wikitext</model>
<format>text/x-wiki</format>
<text bytes="319" xml:space="preserve">={{-pt-}}=
==Adjetivo==
{{flex.pt|s=macapaense|p=macapaenses}}
{{paroxítona|ma|ca|pa|en|se}}, {{c2g}}
# de [[Macapá]]
==Substantivo==
{{paroxítona|ma|ca|pa|en|se}}, {{c2g}}
# [[natural]] de [[Macapá]]
[[Categoria:Adjetivo (Português)]]
[[Categoria:Substantivo (Português)]]
[[Categoria:Gentílico (Português)]]</text>
<sha1>57iyckyf4sdyvqt09d9ohq3a2xapolm</sha1>
</revision>
</page>
