<page>
<title>macacão</title>
<ns>0</ns>
<id>48207</id>
<revision>
<id>2621476</id>
<parentid>2372171</parentid>
<timestamp>2021-02-02T00:32:22Z</timestamp>
<contributor>
<username>MarxavBot</username>
<id>80155</id>
</contributor>
<minor />
<comment>AFI Portugal</comment>
<model>wikitext</model>
<format>text/x-wiki</format>
<text bytes="416" xml:space="preserve">{{Wikipédia}}
={{-pt-}}=
==Substantivo==
{{flex.pt|ms=macacão|mp=macacões}}
{{oxítona|ma|ca|cão}}, {{m}}
# [[macaco]] [[grande]]
# [[vestimenta]] [[unissex]] composta por [[calça]] que veste até a [[altura]] dos [[ombro]]s
===Sinônimo===
* [[jardineira]]
=={{pronúncia|pt}}==
===Portugal===
* AFI: {{AFI|/mɐ.kɐ.ˈkɐ̃w̃/}}
[[Categoria:Substantivo (Português)]]
[[Categoria:Vestuário (Português)]]</text>
<sha1>jj3065fyhqu5tunjstgvjnuxelodg7z</sha1>
</revision>
</page>
