<page>
<title>macarejar</title>
<ns>0</ns>
<id>399367</id>
<revision>
<id>2516521</id>
<timestamp>2018-08-26T08:21:36Z</timestamp>
<contributor>
<username>Cpls</username>
<id>20608</id>
</contributor>
<comment>[[Ajuda:Guia de edição/Menus e ferramentas/Sumário de edição|→]] nova página: ={{-gl-}}= ==Verbo== {{oxítona|ma|ca|re|jar|lang=gl}} # [[pescar]] a cria da sardinha, antigamente usada par...</comment>
<model>wikitext</model>
<format>text/x-wiki</format>
<text bytes="309" xml:space="preserve">={{-gl-}}=
==Verbo==
{{oxítona|ma|ca|re|jar|lang=gl}}
# [[pescar]] a cria da sardinha, antigamente usada para o [[garo]]
=={{etimologia|gl}}==
: {{escopo|Morfologia}} De ''[[macaréu#{{gl}}|macaréu]]'' + ''[[-ejar#{{gl}}|-ejar]]''. Confronte-se com ''[[macar#{{gl}}|macar]]''.
[[Categoria:Verbo (Galego)]]</text>
<sha1>jmqdz7nh7bzx9hlvgh81mamnlfjyeq1</sha1>
</revision>
</page>
