<page>
<page>
<title>maca</title>
<ns>0</ns>
<id>67457</id>
<revision>
<id>2615580</id>
<parentid>2372167</parentid>
<timestamp>2021-01-31T22:38:56Z</timestamp>
<contributor>
<username>MarxavBot</username>
<id>80155</id>
</contributor>
<minor />
<comment>AFI Portugal</comment>
<model>wikitext</model>
<format>text/x-wiki</format>
<text bytes="1562" xml:space="preserve">={{-pt-}}=
==Substantivo&lt;sup&gt;1&lt;/sup&gt;==
{{flex.pt|fs=maca|fp=macas}}
{{paroxítona|ma|ca}}, {{g|f}}
# [[cama]] [[longo|longa]] e [[suspenso|suspensa]] em que [[dormir|dormem]] os [[marinheiro]]s a [[bordo]]
# espécie de [[padiola]] para [[transportar]] [[doente]]s ou [[ferido]]s
# {{escopo|pt|Brasil}} [[saco]] de [[couro]] para [[levar]] [[roupa]] em [[viagem]] amarrado à [[garupa]] do [[cavalo]]
==={{etimologia|pt}}===
{{llietimo|es|hamaca|pt}}
===Tradução===
{{tradini}}
* {{t|it|amaca|f}}
{{tradmeio}}
* {{trad|tet|hadak}}
{{tradfim}}
==Substantivo&lt;sup&gt;2&lt;/sup&gt;==
{{flex.pt|fs=maca|fp=macas}}
{{paroxítona|ma|ca}}, {{g|f}}
# {{escopo|pt|Angola}} [[problema]], [[conflito]]
==={{etimologia|pt}}===
{{llietimo|kmb|maka|pt}}
=={{pronúncia|pt}}==
===Portugal===
* AFI: {{AFI|/ˈma.kɐ/}}
==Anagramas==
# [[cama]]
# [[maça]]
# [[maçã]]
[[Categoria:Substantivo (Português)]]
={{-ast-}}=
==Substantivo&lt;sup&gt;1&lt;/sup&gt;==
{{flex.ast|fs=maca|fp=maques}}
{{paroxítona|ma|ca|lang=ast}}, {{g|f|lang=ast}}
# [[cesta]] com asas
==Substantivo&lt;sup&gt;2&lt;/sup&gt;==
{{flex.ast|fs=maca|fp=maques}}
{{paroxítona|ma|ca|lang=ast}}, {{g|f|lang=ast}}
# [[dano]], marca, na superfície da fruta
# [[cicatriz]] da pele
[[Categoria:Substantivo (Asturiano)]]
={{-gl-}}=
==Substantivo==
{{flex.gl|fs=maca|fp=macas}}
{{paroxítona|ma|ca|lang=gl}}, {{g|f|lang=gl}}
# [[dano]], marca, na superfície da fruta
=={{etimologia|gl}}==
: Confronte-se com ''[[marca#{{gl}}|marca]]'', ''[[macar#{{gl}}|macar]]'' e ''[[mácula#{{gl}}|mácula]]''.
[[Categoria:Substantivo (Galego)]]</text>
<sha1>0nwwgq18vj2zirfkkfintlcwk9il8c8</sha1>
</revision>
