<page>
<title>macacaria</title>
<ns>0</ns>
<id>270135</id>
<revision>
<id>2070904</id>
<parentid>1208148</parentid>
<timestamp>2016-03-14T14:39:41Z</timestamp>
<contributor>
<username>Luan</username>
<id>1279</id>
</contributor>
<comment>aplicação de 'subst:' em [[predefinição:flex.pt.fem.reg]] utilizando [[Project:AutoWikiBrowser|AWB]]</comment>
<model>wikitext</model>
<format>text/x-wiki</format>
<text bytes="335" xml:space="preserve">={{-pt-}}=
==Substantivo==
{{flex.pt|fs=macacaria|fs-div=ma.ca.ca.&lt;u&gt;ri&lt;/u&gt;.a|fp=macacarias|fp-div=ma.ca.ca.&lt;u&gt;ri&lt;/u&gt;.as}}
{{paroxítona|ma|ca|ca|ri|a}} {{gênero|f}}
# [[porção]] de [[macaco]]s; [[macacada]]
# o mesmo que [[macaquice]]
=={{etimologia|pt}}==
:De ''[[macaco]]'' + ''[[-aria]]''
[[Categoria:Substantivo (Português)]]</text>
<sha1>6nuc0fv859br4pvwd84lsul5ohwg9y8</sha1>
</revision>
</page>
