<page>
<page>
<title>Macambira</title>
<ns>0</ns>
<id>143688</id>
<revision>
<id>2273553</id>
<parentid>2004643</parentid>
<timestamp>2017-04-26T21:17:55Z</timestamp>
<contributor>
<username>HydrizBot</username>
<id>29590</id>
</contributor>
<minor />
<comment>Robô: A limpar links interwikis antigos</comment>
<model>wikitext</model>
<format>text/x-wiki</format>
<text bytes="292" xml:space="preserve">={{-pt-}}=
{{Wikipédia}}
==Substantivo==
'''Macambira''' {{pr}}
#[[município]] [[brasileiro]] do [[estado]] de [[Sergipe]]
'''Macambira'''
# planta [[bromeliácea]].
==Ver também==
*[[Apêndice:Municípios do estado de Sergipe]]
[[Categoria:Município do estado de Sergipe (Português)]]</text>
<sha1>341b8pa2su9ki67hqp3jsb01o0jb5rb</sha1>
</revision>
