<page>
<page>
<title>macatubense</title>
<ns>0</ns>
<id>393644</id>
<revision>
<id>2492017</id>
<parentid>2488714</parentid>
<timestamp>2018-03-30T10:58:47Z</timestamp>
<contributor>
<username>MIL973</username>
<id>41339</id>
</contributor>
<model>wikitext</model>
<format>text/x-wiki</format>
<text bytes="609" xml:space="preserve">={{-pt-}}=
==Adjetivo==
{{flex.pt|s=macatubense|p=macatubenses}}
{{paroxítona|ma|ca|tu|ben|se}}, {{gramática|c2g}}
# {{escopo|pt|Gentílico}} de [[Macatuba]], cidade paulista
===Sinônimo===
* [[macatubano]]
==Substantivo==
{{flex.pt|s=macatubense|p=macatubenses}}
{{paroxítona|ma|ca|tu|ben|se}}, {{gramática|c2g}}
# {{escopo|pt|Gentílico}} natural de Macatuba ou seu habitante
===Sinônimo===
* [[macatubano]]
=={{etimologia|pt}}==
: {{escopo|Morfologia}} De [[Macatuba]] + [[-ense]].
==Ligações externas==
* {{VOLPABL}}
[[Categoria:Adjetivo (Português)]]
[[Categoria:Substantivo (Português)]]</text>
<sha1>475wc2iyy1p3w43citmfijmsusah1hu</sha1>
</revision>
