<page>
<title>Macapá</title>
<ns>0</ns>
<id>144438</id>
<revision>
<id>2592531</id>
<parentid>2536171</parentid>
<timestamp>2020-07-20T07:09:10Z</timestamp>
<contributor>
<username>CommonsDelinker</username>
<id>1812</id>
</contributor>
<comment>&lt;nowiki&gt;Trocando [[Image:Bandeira_do_Distrito_Federal.svg]] por [[Image:Bandeira_do_Distrito_Federal_(Brasil).svg]] ([[:commons:User:CommonsDelinker|CommonsDelinker]]: &quot;file renamed or replaced on Commons&quot;)&lt;/nowiki&gt;</comment>
<model>wikitext</model>
<format>text/x-wiki</format>
<text bytes="3476" xml:space="preserve">{{Wikipédia}}
{{pularLinhas|3}}
{| style=&quot;float:right; &quot;
|-
| [[Imagem:Amapa Municip Macapa.svg|thumb|right|155px|Localização de Macapá]]
| [[Imagem:Bandeira de Macapá.svg|thumb|right|250px|&lt;center&gt;Bandeira de Macapá&lt;/center&gt;]]
| [[Imagem:Brasão de Macapá.svg|thumb|right|140px|Brasão de Macapá]]
|}
={{-pt-}}=
==Substantivo==
{{oxítona|Ma|ca|pá}}, {{gramática|pr}}
# {{escopo|pt|Geografia}} [[cidade]] [[brasileiro|brasileira]], [[capital]] do [[estado|Estado]] do [[Amapá]], na [[w:região Norte do Brasil|região Norte do Brasil]].
===Gentílico===
* [[macapaense]]
=={{etimologia|pt}}==
: A toponímia é de origem [[tupi]], como uma variação de &quot;macapaba&quot;, que quer dizer lugar de muitas [[bacaba|bacabas]], uma [[palmeira]] nativa da região ([[w:Oenocarpus bacaba|Oenocarpus bacaba]] Mart.). Segundo o [[w:tupinólogo|tupinólogo]] [[w:Eduardo de Almeida Navarro|Eduardo de Almeida Navarro]], porém, o topônimo &quot;Macapá&quot; possui origem no termo da [[w:língua geral setentrional|língua geral setentrional]] ''macapaba'', que significa &quot;lugar de macabas&quot; (macaba, macaba + aba, [[lugar]]). 
: Segundo o [[w:Dicionário Aurélio|Dicionário Aurélio]], &quot;macaba&quot; é uma árvore frutífera sertaneja.
==Ver também==
===No Wikcionário===
* [[Apêndice:Municípios do estado do Amapá]]
* [[Apêndice:Brasil]]
====Capitais brasileiras====
{{colunas|3}}
* [[Imagem:Bandeira de Sergipe.svg|15px|Sergipe]] [[Aracaju]]
* [[Imagem:Bandeira do Pará.svg|15px|Pará]] [[Belém]]
* [[Imagem:Bandeira de Minas Gerais.svg|15px|Minas Gerais]] [[Belo Horizonte]]
* [[Imagem:Bandeira de Roraima.svg|15px|Roraima]] [[Boa Vista]]
* [[Imagem:Bandeira do Distrito Federal (Brasil).svg|15px|Distrito Federal]] [[Brasília]]
* [[Imagem:Bandeira de Mato Grosso do Sul.svg|15px|Mato Grosso do Sul]] [[Campo Grande]]
* [[Imagem:Bandeira de Mato Grosso.svg|15px|Mato Grosso]] [[Cuiabá]]
* [[Imagem:Bandeira_do_Paraná.svg|15px|Paraná]] [[Curitiba]]
* [[Imagem:Bandeira Santa Catarina.svg|15px|Santa Catarina]] [[Florianópolis]]
* [[Imagem:Bandeira_do_Ceará.svg|15px|Ceará]] [[Fortaleza]]
* [[Imagem:Flag of Goiás.svg|15px|Goiás]] [[Goiânia]]
* [[Imagem:Bandeira da Paraíba.svg|15px|Paraíba]] [[João Pessoa]]
* [[Imagem:Bandeira do Amapá.svg|15px|Amapá]] [[Macapá]]
* [[Imagem:Bandeira de Alagoas.svg|15px|Alagoas]] [[Maceió]]
* [[Imagem:Bandeira do Amazonas.svg|15px|Amazonas]] [[Manaus]]
* [[Imagem:Bandeira do Rio Grande do Norte.svg|15px|Rio Grande do Norte]] [[Natal]]
* [[Imagem:Bandeira do Tocantins.svg|15px|Tocantins]] [[Palmas]]
* [[Imagem:Bandeira_do_Rio_Grande_do_Sul.png|15px]] [[Porto Alegre]]
* [[Imagem:Bandeira de Rondônia.svg|15px|Rondônia]] [[Porto Velho]]
* [[Imagem:Bandeira de Pernambuco.svg|15px|Pernambuco]] [[Recife]]
* [[Imagem:Bandeira do Acre.svg|15px|Acre]] [[Rio Branco]]
* [[Imagem:Bandeira da Bahia.svg|15px|Bahia]] [[Salvador da Bahia|Salvador]]
* [[Imagem:Bandeira do Maranhão.svg|15px|Maranhão]] [[São Luís]]
* [[Imagem:Bandeira Estado RiodeJaneiro Brasil2.svg|15px|Rio de Janeiro]] [[Rio de Janeiro]]
* [[Imagem:Bandeira do Estado de São Paulo.svg|15px|São Paulo]] [[São Paulo]]
* [[Imagem:Bandeira do Piauí.svg|15px|Piauí]] [[Teresina]]
* [[Imagem:Bandeira do Espírito Santo.svg|15px|Espírito Santo]] [[Vitória]]
{{colunas/fim}}
===Ligações externas===
* [http://www.macapa.ap.gov.br/ Prefeitura de Macapá]
[[Categoria:Substantivo (Português)]]
[[Categoria:Município do estado do Amapá (Português)]]</text>
<sha1>6ayk7qeecz77mejxczoidoko60o72vj</sha1>
</revision>
</page>
