<page>
<title>Macaúbas</title>
<ns>0</ns>
<id>137625</id>
<revision>
<id>2273568</id>
<parentid>2109951</parentid>
<timestamp>2017-04-26T21:18:30Z</timestamp>
<contributor>
<username>HydrizBot</username>
<id>29590</id>
</contributor>
<minor />
<comment>Robô: A limpar links interwikis antigos</comment>
<model>wikitext</model>
<format>text/x-wiki</format>
<text bytes="243" xml:space="preserve">={{-pt-}}=
{{Wikipédia}}
==Substantivo==
'''Macaúbas''' {{pr}}
#[[município]] [[brasileiro]] do [[estado]] da [[Bahia]]
==Ver também==
*[[Apêndice:Municípios do estado da Bahia]]
[[Categoria:Município do estado da Bahia (Português)]]</text>
<sha1>k25o00tx38gii2el8px4ztrmjmm95zu</sha1>
</revision>
</page>
