<page>
<title>Macajuba</title>
<ns>0</ns>
<id>137623</id>
<revision>
<id>2273552</id>
<parentid>2109956</parentid>
<timestamp>2017-04-26T21:17:53Z</timestamp>
<contributor>
<username>HydrizBot</username>
<id>29590</id>
</contributor>
<minor />
<comment>Robô: A limpar links interwikis antigos</comment>
<model>wikitext</model>
<format>text/x-wiki</format>
<text bytes="242" xml:space="preserve">={{-pt-}}=
{{Wikipédia}}
==Substantivo==
'''Macajuba''' {{pr}}
#[[município]] [[brasileiro]] do [[estado]] da [[Bahia]]
==Ver também==
*[[Apêndice:Municípios do estado da Bahia]]
[[Categoria:Município do estado da Bahia (Português)]]</text>
<sha1>mpd6cddsod9not7rx5z9tcedoqvocse</sha1>
</revision>
</page>
