<page>
<title>macaeense</title>
<ns>0</ns>
<id>378988</id>
<revision>
<id>2492829</id>
<parentid>2461139</parentid>
<timestamp>2018-04-03T08:17:06Z</timestamp>
<contributor>
<username>MIL973</username>
<id>41339</id>
</contributor>
<model>wikitext</model>
<format>text/x-wiki</format>
<text bytes="524" xml:space="preserve">={{-pt-}}=
==Adjetivo==
{{flex.pt|s=macaeense|p=macaeenses}}
{{paroxítona|ma|ca|e|en|se}}, {{gramática|c2g}}
# {{escopo|pt|Gentílico}} de [[Macaé]], cidade fluminense
==Substantivo==
{{flex.pt|s=macaeense|p=macaeenses}}
{{paroxítona|ma|ca|e|en|se}}, {{gramática|c2g}}
# {{escopo|pt|Gentílico}} natural de Macaé ou seu habitante
=={{etimologia|pt}}==
: {{escopo|Morfologia}} De [[Macaé]] + [[-ense]].
==Ligações externas==
* {{Aulete}}
[[Categoria:Adjetivo (Português)]]
[[Categoria:Substantivo (Português)]]</text>
<sha1>fs0pmle8pn3on5vm1icvg9vfckf0mxv</sha1>
</revision>
</page>
