<page>
<page>
<title>macaense</title>
<ns>0</ns>
<id>11410</id>
<revision>
<id>2372175</id>
<parentid>2180516</parentid>
<timestamp>2017-05-04T14:27:13Z</timestamp>
<contributor>
<username>HydrizBot</username>
<id>29590</id>
</contributor>
<minor />
<comment>Robô: A limpar links interwikis antigos</comment>
<model>wikitext</model>
<format>text/x-wiki</format>
<text bytes="246" xml:space="preserve">={{-pt-}}=
==Substantivo==
'''ma.ca.en.se''' ''2 géneros''
# Natural de [[Macau]].
==Adjetivo==
'''ma.ca.en.se''' 
# De [[Macau]].
[[Categoria:Gentílico_(Português)]]
[[Categoria:Adjetivo_(Português)]]
[[Categoria:Substantivo_(Português)]]</text>
<sha1>5110by2935inp1kjxcghs68az8x3hbc</sha1>
</revision>
