<page>
<page>
<title>macatubenses</title>
<ns>0</ns>
<id>393648</id>
<revision>
<id>2488726</id>
<parentid>2488725</parentid>
<timestamp>2018-03-12T08:54:11Z</timestamp>
<contributor>
<username>MIL973</username>
<id>41339</id>
</contributor>
<model>wikitext</model>
<format>text/x-wiki</format>
<text bytes="345" xml:space="preserve">={{-pt-}}=
==Forma de adjetivo==
{{paroxítona|ma|ca|tu|ben|ses}}, {{gramática|c2gp}}
# plural de [[macatubense]]
==Forma de substantivo==
{{paroxítona|ma|ca|tu|ben|ses}}, {{gramática|c2gp}}
# plural de [[macatubense]]
{{avi-for-fle|macatubense}}
[[Categoria:Forma de adjetivo (Português)]]
[[Categoria:Forma de substantivo (Português)]]</text>
<sha1>jz3istg6xsv3s8vbbnpjk2njswbrzsf</sha1>
</revision>
