<page>
<title>macatubana</title>
<ns>0</ns>
<id>393647</id>
<revision>
<id>2488723</id>
<parentid>2488722</parentid>
<timestamp>2018-03-12T08:53:04Z</timestamp>
<contributor>
<username>MIL973</username>
<id>41339</id>
</contributor>
<model>wikitext</model>
<format>text/x-wiki</format>
<text bytes="336" xml:space="preserve">={{-pt-}}=
==Forma de adjetivo==
{{paroxítona|ma|ca|tu|ba|na}}, {{gramática|f}}
# feminino de [[macatubano]]
==Forma de substantivo==
{{paroxítona|ma|ca|tu|ba|na}}, {{gramática|f}}
# feminino de [[macatubano]]
{{avi-for-fle|macatubano}}
[[Categoria:Forma de adjetivo (Português)]]
[[Categoria:Forma de substantivo (Português)]]</text>
<sha1>efxy1a658boufu90lt5o6syfjdpvyft</sha1>
</revision>
</page>
