<page>
<page>
<title>macatubano</title>
<ns>0</ns>
<id>393643</id>
<revision>
<id>2492016</id>
<parentid>2488711</parentid>
<timestamp>2018-03-30T10:58:36Z</timestamp>
<contributor>
<username>MIL973</username>
<id>41339</id>
</contributor>
<model>wikitext</model>
<format>text/x-wiki</format>
<text bytes="662" xml:space="preserve">={{-pt-}}=
==Adjetivo==
{{flex.pt|ms=macatubano|mp=macatubanos|fs=macatubana|fp=macatubanas}}
{{paroxítona|ma|ca|tu|ba|no}}, {{gramática|m}}
# {{escopo|pt|Gentílico}} de [[Macatuba]], cidade paulista
===Sinônimo===
* [[macatubense]]
==Substantivo==
{{flex.pt|ms=macatubano|mp=macatubanos|fs=macatubana|fp=macatubanas}}
{{paroxítona|ma|ca|tu|ba|no}}, {{gramática|m}}
# {{escopo|pt|Gentílico}} natural de Macatuba ou seu habitante
===Sinônimo===
* [[macatubense]]
=={{etimologia|pt}}==
: {{escopo|Morfologia}} De [[Macatuba]] + [[-ano]].
==Ligações externas==
* {{VOLPABL}}
[[Categoria:Adjetivo (Português)]]
[[Categoria:Substantivo (Português)]]</text>
<sha1>8fzpfc858dkbi9w5kwgwhuk85nbwibq</sha1>
</revision>
