<page>
<page>
<title>macadame</title>
<ns>0</ns>
<id>226450</id>
<revision>
<id>2446975</id>
<parentid>2372172</parentid>
<timestamp>2017-09-01T17:43:02Z</timestamp>
<contributor>
<username>ValJor</username>
<id>1358</id>
</contributor>
<comment>Trocando escopo por escopo2</comment>
<model>wikitext</model>
<format>text/x-wiki</format>
<text bytes="686" xml:space="preserve">={{-pt-}}=
==Substantivo==
{{paroxítona|ma|ca|da|me}}, {{gramática|m|s|c}}
# processo de [[revestimento]] de [[rua]]s e [[estrada]]s que consiste numa mistura de [[pedra]]s britadas, [[breu]] e [[areia]], submetida à forte compressão
#* ''Ruas de '''macadame'''.''
# {{escopo2|Derivação: por metonímia}} essa [[mistura]]
# [[estrada]], [[rua]], revestida com essa [[mistura]]
#* ''A nossa frente o '''macadame''' se estendia numa reta a perder de vista.''
=={{etimologia|pt}}==
: Do antropônimo inglês John London ''Mac Adam'' (1758-1836, engenheiro inglês que inventou o processo).
[[Categoria:Substantivo (Português)]]
[[Categoria:Entrada de étimo inglês (Português)]]</text>
<sha1>2yykkc2f52oanxj578gakuncre33a9l</sha1>
</revision>
