<page>
<page>
<title>macaeenses</title>
<ns>0</ns>
<id>378989</id>
<revision>
<id>2666208</id>
<parentid>2413622</parentid>
<timestamp>2022-03-16T16:28:17Z</timestamp>
<contributor>
<username>MIL973</username>
<id>41339</id>
</contributor>
<model>wikitext</model>
<format>text/x-wiki</format>
<text bytes="436" xml:space="preserve">={{-pt-}}=
==Forma de adjetivo==
{{flex.pt|s=macaeense|p=macaeenses}}
{{paroxítona|ma|ca|e|en|ses}}, {{gramática|c2gp}}
# plural de [[macaeense]]
{{avi-for-fle|macaeense}}
==Forma de substantivo==
{{flex.pt|s=macaeense|p=macaeenses}}
{{paroxítona|ma|ca|e|en|ses}}, {{gramática|c2gp}}
# plural de [[macaeense]]
{{avi-for-fle|macaeense}}
[[Categoria:Forma de adjetivo (Português)]]
[[Categoria:Forma de substantivo (Português)]]</text>
<sha1>7n4nthka79h0rjlw84cjxnzxuf4obz8</sha1>
</revision>
