<page>
<page>
<title>macaco</title>
<ns>0</ns>
<id>34094</id>
<revision>
<id>2651640</id>
<parentid>2644070</parentid>
<timestamp>2021-11-07T15:32:02Z</timestamp>
<contributor>
<username>ValJor</username>
<id>1358</id>
</contributor>
<comment>Eliminando [[cortar o rabo do macaco]] da lista de [[Especial:Lonelypages|órfãos]]</comment>
<model>wikitext</model>
<format>text/x-wiki</format>
<text bytes="4544" xml:space="preserve">{{Wikipédia|lang=pt}}
{{Wikiquote}}
[[Imagem:Monkey batu.jpg|thumb|right|250px|{{centro|Macaco das cavernas de Batu, na Malásia}}]]
={{-pt-}}=
==Substantivo==
{{flex.pt|ms=macaco|mp=macacos|fs=macaca|fp=macacas}}
{{paroxítona|ma|ca|co}}, {{gramática|m}}, {{+info|data=1550-1568}}
# nome comum dos [[primata]]s da sub-ordem ''[[wikispecies:Simiiformes|Simiiformes]]'', normalmente excluindo o [[ser humano]]
# [[indivíduo]] muito [[feio]]
# aquele que [[macaquear|macaqueia]]
# [[maquinismo]] para [[levantar]] grandes [[peso]]s
# [[grupo]] 17 do [[jogo]] do [[bicho]], que engloba os números de 65 a 68
===Expressões===
* '''[[cada macaco no seu galho]]''': cada pessoa no seu devido lugar.
* '''[[cortar o rabo do macaco]]''': 
* '''[[macaco que muito pula quer chumbo]]''':
* '''[[macacos me mordam]]''':
* '''[[macaco mecânico|macaco mecânico]]''': {{escopo2|Mecânica}} ferramenta [[hidráulico|hidráulica]] para se elevar veículos
* '''[[quem quebra galho é macaco gordo]]''': descreve ato de intermediar-se algo
===Tradução===
{{tradini|De 1 (primata)}}
* {{trad|af|aap}}
* {{trad|sq|majmun}}
* {{t|de|Affe|m}}
* {{t|ar|قرد||qerd}}
* {{trad|an|mono}}
* {{trad|ast|monu}}
* {{trad|ay|kʼusillo}}
* {{trad|nds|Aap}}
* {{trad|eu|tximino}}
* {{trad|bem|kolwe}}
* {{t|bs|majmun|m}}
* {{trad|ca|mico|simi|mona}}
* {{trad|kk|маймыл}}
* {{trad|ceb|amo}}
* {{trad|ch|macheng}}
* {{trad|cs|opičák|opice}}
* {{trad|zh|猴|猴子}}
* {{trad|kw|sym}}
* {{t|ko|원숭이||wŏn.suŋ.i}}
* {{t|hr|majmun|m}}
* {{trad|ku|meymûn}}
* {{trad|da|abe}}
* {{t|sk|opica|f}}
* {{t|sl|opica|f}}
* {{trad|es|mono|simio}}
* {{trad|eo|simio}}
* {{t|fo|apa|f}}
* {{trad|fi|apina}}
* {{trad|fr|singe}}
* {{trad|fy|aap}}
* {{trad|cy|mwnci|âb}}
* {{t|el|πίθηκος|m|píŧēkos}}
* {{trad|he|קוף}}
* {{trad|nl|apen|aap|apin|sim}}
* {{trad|hu|majom}}
* {{trad|io|simio|makako}}
* {{trad|id|monyet|kera}}
* {{trad|en|monkey|ape|primate}}
* {{trad|ang|apa}}
* {{trad|ga|moncaí}}
{{tradmeio}}
* {{trad|is|api}}
* {{t|it|scimmia|f}}
* {{trad|ja|猿}} (さる, saru)
* {{trad|la|cercops|clura|simia}}
* {{t|mk|мајмун|m|majmun}}
* {{trad|ms|monyet|kera}}
* {{trad|nan|kâu}}
* {{trad|nah|ozomahtli}}
* {{t|oc|monina|f}}
* {{trad|pap|makaku|makako}}
* {{trad|fa|شیطنت}} {{trad|fa|کردن}}
* {{t|pl|małpa|f}}
* {{trad|qu|machi}}
* {{trad|ky|майме}}
* {{t|rm|schimgia|f}}
* {{trad|rom|şebêţi}}
* {{t|ro|maimuță|f}}
* {{trad|rw|guge}} (inguge)
* {{t|ru|обезьяна|f|obězʹǎna}}
* {{trad|sm|manuki}}
* {{t|sc|moninca|f}}
* {{t|sr|мајмун|m|majmun}}
* {{t|scn|scimmia|f}}
* {{trad|sw|tumbili}}
* {{trad|sv|apa}}
* {{trad|su|monyét}}
* {{trad|srn|keskesi|yapi}}
* {{trad|tg|маймӯн}}
* {{trad|tl|unggóy}}
* {{t|th|ลิง||ling}}
* {{trad|te|కోతి|వానరము}}
* {{trad|tet|lekirauk}}
* {{trad|bo|སྤྲེའུ་}}
* {{trad|to|ngeli}}
* {{trad|tr|maymun}}
* {{trad|ug|مايمۇن}}
* {{trad|uz|маймун}}
* {{trad|vi|thằng|ranh|khỉ}}
* {{trad|yua|tuucha}}
* {{trad|zu|inkawu}}
{{tradfim}}
=={{etimologia|pt}}==
: De uma língua banta, ''makaku'', (pequeno [[símio]]).
===Verbetes derivados===
{{verTambém.Ini}}
* [[macacada]]
* [[macacão]]
{{verTambém.NovaColuna}}
* [[macacaria]]
* [[macaquear]]
{{verTambém.Fim}}
==Ver também==
===No Wikcionário===
{{verTambém.Ini}}
* [[cuxiú]]
* [[chimpanzé]]
{{verTambém.NovaColuna}}
* [[sagui]]
* [[simão]]
{{verTambém.Fim}}
{{jogo do bicho/pt}}
==Ligações externas==
* {{Aulete}}
* {{Michaelis}}
* {{DicioAberto}}
* {{DPLP}}
* {{Infopédia}}
* {{PLP}}
* {{VOLPABL}}
[[Categoria:Substantivo (Português)]]
[[Categoria:Animal (Português)]]
[[Categoria:Mamífero (Português)]]
[[Categoria:Entrada com imagem (Português)]]
={{-gl-}}=
==Adjetivo==
{{flex.gl|ms=macaco|mp=macacos|fs=macaca|fp=macacas}}
{{paroxítona|ma|ca|co}}
# [[rechonchudo]], pequeno e grosso
# de nariz [[chato]]
# [[feio]], de conformação corporal pouco harmoniosa
# que não tem pessoalidade
# [[poupador]], economizador
==Substantivo==
{{flex.gl|ms=macaco|mp=macacos|fs=macaca|fp=macacas}}
{{paroxítona|ma|ca|co}}, {{gramática|m}}
# {{escopo|gl|Mamífero}} [[macaco#{{pt}}|macaco]], primata
# [[boneco]]
# raça de [[cão]] de [[focinho]] curto e chato
# pessoa encarregada de avisar e juntar à vizinhança de uma população pequena para questões do seu governo
===Sinónimo===
* De '''4''': [[vigairo#{{gl}}|vigairo]]
[[Categoria:Adjetivo (Galego)]]
[[Categoria:Substantivo (Galego)]]
[[Categoria:Entrada com imagem (Galego)]]</text>
<sha1>5ggipdxqgt6b7w6uij5m5ileo0q2ffg</sha1>
</revision>
