<page>
<page>
<title>macalão</title>
<ns>0</ns>
<id>393982</id>
<revision>
<id>2490026</id>
<timestamp>2018-03-20T14:14:24Z</timestamp>
<contributor>
<username>Cpls</username>
<id>20608</id>
</contributor>
<comment>[[Ajuda:Guia de edição/Menus e ferramentas/Sumário de edição|→]] nova página: ={{-gl-}}= ==Substantivo== {{flex.gl|ms=macalão|mp=macalãos}} {{oxítona|ma|ca|lão|língua=gl}}, {{g|m|lan...</comment>
<model>wikitext</model>
<format>text/x-wiki</format>
<text bytes="379" xml:space="preserve">={{-gl-}}=
==Substantivo==
{{flex.gl|ms=macalão|mp=macalãos}}
{{oxítona|ma|ca|lão|língua=gl}}, {{g|m|lang=gl}}
# {{escopo|gl|Peixe}} [[bacalhau#Português|bacalhau]] (género ''[[species:Gadus|Gadus]]'')
==={{-varort-}}===
* [[bacalhão#{{gl}}|bacalhão]], [[macalhão#{{gl}}|macalhão]]
==={{pronúncia|gl}}===
* [[AFI]]: /ma.ka.'la.o/
[[Categoria:Substantivo (Galego)]]</text>
<sha1>gku1m9ibratz9qdmjzj0ek0k50n2er7</sha1>
</revision>
