<page>
<page>
<title>Macatuba</title>
<ns>0</ns>
<id>5822</id>
<revision>
<id>2488708</id>
<parentid>2488707</parentid>
<timestamp>2018-03-12T08:44:54Z</timestamp>
<contributor>
<username>MIL973</username>
<id>41339</id>
</contributor>
<model>wikitext</model>
<format>text/x-wiki</format>
<text bytes="497" xml:space="preserve">{{Wikipédia}}
={{-pt-}}=
==Substantivo==
{{paroxítona|Ma|ca|tu|ba}}, {{gramática|pr}}
# {{escopo|pt|Município do estado de São Paulo}} [[Apêndice:Gentílicos e topónimos em português/Brasil/São Paulo|município brasileiro do estado de São Paulo]]
==Ver também==
===No Wikcionário===
{{colunas|2}}
* [[macatubano]]
* [[macatubense]]
{{colunas/fim}}
==Ligações externas==
* [http://www.macatuba.sp.gov.br/ Prefeitura de Macatuba (São Paulo)]
[[Categoria:Substantivo (Português)]]</text>
<sha1>7unbu7ui303hx2zbpuf7ru5gfvwgmee</sha1>
</revision>
