<page>
<title>Macaristan</title>
<ns>0</ns>
<id>130946</id>
<revision>
<id>2273558</id>
<parentid>1933413</parentid>
<timestamp>2017-04-26T21:18:10Z</timestamp>
<contributor>
<username>HydrizBot</username>
<id>29590</id>
</contributor>
<minor />
<comment>Robô: A limpar links interwikis antigos</comment>
<model>wikitext</model>
<format>text/x-wiki</format>
<text bytes="201" xml:space="preserve">={{-ku-}}=
{{Wikipédia|lang=ku}}
==Substantivo==
'''Macaristan''', {{pr}}
#{{escopo|Geografia}} [[Hungria]]
==Ver também==
{{Europa/ku}}
[[Categoria:Substantivo (Curdo)]]
[[Categoria:País (Curdo)]]</text>
<sha1>oa6tzgpkb5t04ivcwoatxxomyxqjej0</sha1>
</revision>
</page>
