<page>
<page>
<title>macana</title>
<ns>0</ns>
<id>385419</id>
<revision>
<id>2458415</id>
<timestamp>2017-10-31T22:43:50Z</timestamp>
<contributor>
<username>Cpls</username>
<id>20608</id>
</contributor>
<comment>[[Ajuda:Guia de edição/Menus e ferramentas/Sumário de edição|→]] nova página: {{ver também|maçana}}  ={{-ast-}}= ==Substantivo== {{flex.ast|fs=macana|fp=macanes}} {{paroxítona|ma|ca|na...</comment>
<model>wikitext</model>
<format>text/x-wiki</format>
<text bytes="701" xml:space="preserve">{{ver também|maçana}}
={{-ast-}}=
==Substantivo==
{{flex.ast|fs=macana|fp=macanes}}
{{paroxítona|ma|ca|na|lang=ast}}, {{g|f|lang=ast}}
# [[moca]] usada para matar, a bordo do barco, os grandes peixes como atum
=={{etimologia|ast}}==
{{llietimo|es|macana|ast}} Confronte-se com ''[[macaneru#{{gl}}|macaneru]]''.
[[Categoria:Substantivo (Asturiano)]]
={{-gl-}}=
==Substantivo==
{{flex.gl|fs=macana|fp=macanas}}
{{paroxítona|ma|ca|na|lang=gl}}, {{g|f|lang=gl}}
# [[dislate]], distração, ação inoportuna, extravagância
=={{etimologia|gl}}==
{{llietimo|es|macana|gl}} Confronte-se com ''[[macanear#{{gl}}|macanear]]'' e ''[[macaneiro#{{gl}}|macaneiro]]''.
[[Categoria:Substantivo (Galego)]]</text>
<sha1>kzhlou2kmp1dj3xkrclzzp4djre064b</sha1>
</revision>
