<page>
<page>
<title>Macau</title>
<ns>0</ns>
<id>2627</id>
<revision>
<id>2689915</id>
<parentid>2513555</parentid>
<timestamp>2022-10-21T14:48:01Z</timestamp>
<contributor>
<username>ValJor</username>
<id>1358</id>
</contributor>
<comment>Trocando a tag center pela predefinição centro para corrigir problema de lint</comment>
<model>wikitext</model>
<format>text/x-wiki</format>
<text bytes="5047" xml:space="preserve">{{Wikipédia|lang=pt}}
[[Imagem:Flag of Macau.svg|thumb|right|250px|{{centro|Bandeira de Macau}}]]
{{ver também|macau}}
={{-pt-}}=
==Substantivo==
{{oxítona|Ma|cau}}, {{gramática|pr}}
# [[região]] [[administrativo|administrativa]] [[especial]] da [[China]], administrada por [[Portugal]] até 1999, onde o [[português]] é uma das [[língua]]s [[oficial|oficiais]]
# [[município]] [[brasileiro]] do [[estado]] do [[Rio Grande do Norte]]
===Tradução===
{{tradini}}
* {{trad|af|Macau}}
* {{trad|de|Macao}}
* {{trad-|ar|ماكاو|}}
* {{trad|an|Macau}}
* {{trad|eu|Macau}}
* {{trad-|bg|Макао|(Makao)}}
* {{trad-|yue|澳門|}}
* {{trad|ca|Macau}}
* {{trad-|kk|Аумын|}}
* {{trad|cs|Macao}}
* {{trad-|zh|澳門|}}
* {{trad-|ko|마카오|(makao)}}, {{xlatio|ko|아오먼|(aomeon)}}
* {{trad|da|Macao}}
* {{trad|sk|Macao}}
* {{trad|sl|Macao}}
* {{trad|es|Macao}}
* {{trad|eo|Makao}}
* {{trad|et|Aomen}}
* {{trad|fi|Macao}}
* {{trad|fr|Macao}}
* {{trad|gl|Macau}}
* {{trad-|ka|მაკაო|}}
* {{trad-|el|Μακάου|(Makáu)}}
* {{trad-|he|מקאו|}}
* {{trad|nl|Macau}}
* {{trad|hu|Makaó}}
{{tradmeio}}
* {{trad|io|Makau}}
* {{trad|id|Makau}}
* {{trad|en|Macao|Macau}}
* {{trad|ia|Macao}}
* {{trad|is|Makaó}}
* {{trad|it|Macao}}
* {{trad-|ja|マカオ|}}
* {{trad|ln|Macau}}
* {{trad|lt|Makao}}
* {{trad|lb|Macau}}
* {{trad|ms|Macau}}
* {{trad|cdo|Ó̤-muòng}}
* {{trad|nan|Ò-mn̂g}}
* {{trad|no|Macao}}
* {{trad|nov|Makau}}
* {{trad|nn|Macao}}
* {{trad-|fa|ماکائو|}}
* {{trad|pl|Makau}}
* {{trad|ro|Macao}}
* {{trad-|ru|Макао|(Makao)}}
* {{trad-|sr|Макао|(Makao)}}
* {{trad|sv|Macao}}
* {{trad-|th|มาเก๊า|}}
* {{trad|tr|Makao}}
* {{trad-|uk|Аоминь|(Aomín')}}
* {{trad|vi|Ma Cao}}
{{tradfim}}
=={{pronúncia|pt}}==
===Brasil===
* [[AFI]]: {{AFI|/ma.ˈkaw/}}
* [[X-SAMPA]]: /ma.&quot;kaw/
==Ver também==
===No Wikcionário===
* [[Apêndice:Gentílicos e topónimos em português/Brasil/Rio Grande do Norte]]
{{verTambém.Ini}}
* [[arara-macau]]
{{verTambém.Fim}}
{{Ásia/pt}}
[[Categoria:Substantivo (Português)]]
[[Categoria:Município do estado do Rio Grande do Norte (Português)]]
[[Categoria:Topónimo (Português)]]
[[Categoria:Entrada com imagem (Português)]]
={{-af-}}=
==Substantivo==
'''Ma.cau''', {{gramática|pr}}
# {{escopo|af|Geografia}} [[Macau#Português|Macau]]
[[Categoria:Substantivo (Africâner)]]
[[Categoria:Dissílabo (Africâner)]]
[[Categoria:Topónimo (Africâner)]]
[[Categoria:Entrada com imagem (Africâner)]]
={{-an-}}=
==Substantivo==
'''Ma.cau''', {{gramática|pr}}
# {{escopo|an|Geografia}} [[Macau#Português|Macau]]
[[Categoria:Substantivo (Aragonês)]]
[[Categoria:Dissílabo (Aragonês)]]
[[Categoria:Topónimo (Aragonês)]]
[[Categoria:Entrada com imagem (Aragonês)]]
={{-eu-}}=
==Substantivo==
'''Ma.cau''', {{gramática|pr}}
# {{escopo|eu|Geografia}} [[Macau#Português|Macau]]
[[Categoria:Substantivo (Basco)]]
[[Categoria:Dissílabo (Basco)]]
[[Categoria:Topónimo (Basco)]]
[[Categoria:Entrada com imagem (Basco)]]
={{-ca-}}=
==Substantivo==
'''Ma.cau''', {{gramática|pr}}
# {{escopo|ca|Geografia}} [[Macau#Português|Macau]]
[[Categoria:Substantivo (Catalão)]]
[[Categoria:Dissílabo (Catalão)]]
[[Categoria:Topónimo (Catalão)]]
[[Categoria:Entrada com imagem (Catalão)]]
={{-gl-}}=
==Substantivo==
'''Ma.cau''', {{gramática|pr}}
# {{escopo|gl|Geografia}} [[Macau#Português|Macau]]
[[Categoria:Substantivo (Galego)]]
[[Categoria:Dissílabo (Galego)]]
[[Categoria:Topónimo (Galego)]]
[[Categoria:Entrada com imagem (Galego)]]
={{-nl-}}=
==Substantivo==
'''Ma.cau''', {{gramática|pr}}
# {{escopo|nl|Geografia}} [[Macau#Português|Macau]]
[[Categoria:Substantivo (Holandês)]]
[[Categoria:Dissílabo (Holandês)]]
[[Categoria:Topónimo (Holandês)]]
[[Categoria:Entrada com imagem (Holandês)]]
={{-en-}}=
==Substantivo==
'''Ma.{{grifar.Palavra|cau}}''', {{gramática|pr}}
# {{escopo|en|Geografia}} [[Macau#Português|Macau]]
==={{-varort-}}===
* [[Macao]]
=={{pronúncia|en}}==
* [[AFI]]: {{AFI|/mə.'caw/}}
[[Categoria:Substantivo (Inglês)]]
[[Categoria:Dissílabo (Inglês)]]
[[Categoria:Topónimo (Inglês)]]
[[Categoria:Entrada com imagem (Inglês)]]
[[Categoria:Entrada com pronúncia (Inglês)]]
={{-ln-}}=
==Substantivo==
'''Ma.cau''', {{gramática|pr}}
# {{escopo|ln|Geografia}} [[Macau#Português|Macau]]
[[Categoria:Substantivo (Lingala)]]
[[Categoria:Dissílabo (Lingala)]]
[[Categoria:Topónimo (Lingala)]]
[[Categoria:Entrada com imagem (Lingala)]]
={{-lb-}}=
==Substantivo==
'''Ma.cau''', {{gramática|pr}}
# {{escopo|lb|Geografia}} [[Macau#Português|Macau]]
[[Categoria:Substantivo (Luxemburguês)]]
[[Categoria:Dissílabo (Luxemburguês)]]
[[Categoria:Topónimo (Luxemburguês)]]
[[Categoria:Entrada com imagem (Luxemburguês)]]
={{-ms-}}=
==Substantivo==
'''Ma.cau''', {{gramática|pr}}
# {{escopo|ms|Geografia}} [[Macau#Português|Macau]]
[[Categoria:Substantivo (Malaio)]]
[[Categoria:Dissílabo (Malaio)]]
[[Categoria:Topónimo (Malaio)]]
[[Categoria:Entrada com imagem (Malaio)]]</text>
<sha1>bqhqvn396ejngokyguuqe3qb7ndxjtq</sha1>
</revision>
