<page>
<page>
<title>macaxeira</title>
<ns>0</ns>
<id>121062</id>
<revision>
<id>2372184</id>
<parentid>1979773</parentid>
<timestamp>2017-05-04T14:27:40Z</timestamp>
<contributor>
<username>HydrizBot</username>
<id>29590</id>
</contributor>
<minor />
<comment>Robô: A limpar links interwikis antigos</comment>
<model>wikitext</model>
<format>text/x-wiki</format>
<text bytes="470" xml:space="preserve">{{Wikipédia}}
={{-pt-}}=
==Substantivo==
{{flex.pt|fs=macaxeira|fp=macaxeiras}}
{{paroxítona|ma|ca|xei|ra}}
# [[raiz]] usada na [[culinária]]
# {{escopo|Estado do Pará}} [[mandioca-mansa]]
===Sinônimos===
{{verTambém.Ini}}
* [[aipi]]
{{verTambém.NovaColuna}}
* [[mandioca-doce]]
{{verTambém.NovaColuna}}
* [[pajuru]]
{{verTambém.Fim}}
=={{etimologia|pt}}==
: Do tupi ''maka'sera''.
[[Categoria:Substantivo (Português)]]
[[Categoria:Botânica (Português)]]</text>
<sha1>bywmvykq4r72d1fbtnk484027b8przh</sha1>
</revision>
