<page>
<title>Macaubal</title>
<ns>0</ns>
<id>136553</id>
<revision>
<id>2492018</id>
<parentid>2488728</parentid>
<timestamp>2018-03-30T10:59:29Z</timestamp>
<contributor>
<username>MIL973</username>
<id>41339</id>
</contributor>
<model>wikitext</model>
<format>text/x-wiki</format>
<text bytes="518" xml:space="preserve">{{Wikipédia}}
{{ver também|macaubal}}
={{-pt-}}=
==Substantivo==
{{oxítona|Ma|ca|u|bal}}, {{gramática|pr}}
# {{escopo|pt|Município do estado de São Paulo}} [[Apêndice:Gentílicos e topónimos em português/Brasil/São Paulo|município brasileiro do estado de São Paulo]]
==Ver também==
===No Wikcionário===
{{colunas|2}}
* [[macaubal]]
* [[macaubalense]]
{{colunas/fim}}
==Ligações externas==
* [http://www.macaubal.sp.gov.br/ Prefeitura de Macaubal (São Paulo)]
[[Categoria:Substantivo (Português)]]</text>
<sha1>8qxirzlvnb4cnrlb4fugm72rscghv86</sha1>
</revision>
</page>
