<page>
<page>
<title>macatubanos</title>
<ns>0</ns>
<id>393646</id>
<revision>
<id>2488720</id>
<parentid>2488719</parentid>
<timestamp>2018-03-12T08:51:46Z</timestamp>
<contributor>
<username>MIL973</username>
<id>41339</id>
</contributor>
<model>wikitext</model>
<format>text/x-wiki</format>
<text bytes="336" xml:space="preserve">={{-pt-}}=
==Forma de adjetivo==
{{paroxítona|ma|ca|tu|ba|nos}}, {{gramática|mp}}
# plural de [[macatubano]]
==Forma de substantivo==
{{paroxítona|ma|ca|tu|ba|nos}}, {{gramática|mp}}
# plural de [[macatubano]]
{{avi-for-fle|macatubano}}
[[Categoria:Forma de adjetivo (Português)]]
[[Categoria:Forma de substantivo (Português)]]</text>
<sha1>0qh8waakkxuxpstfc9stnn8znnfh592</sha1>
</revision>
