<page>
<title>macaca</title>
<ns>0</ns>
<id>198415</id>
<revision>
<id>2587848</id>
<parentid>2454939</parentid>
<timestamp>2020-05-15T00:19:03Z</timestamp>
<contributor>
<username>Ddantasu</username>
<id>76569</id>
</contributor>
<model>wikitext</model>
<format>text/x-wiki</format>
<text bytes="979" xml:space="preserve">={{-pt-}}=
==Substantivo==
{{flex.pt|fs=macaca|fp=macacas}}
{{paroxítona|ma|ca|ca}}, {{gramática|f}}
# [[jogo]] infantil sobre uma figura geométrica riscada no chão, com quadrinhos sobre os que se avança tirando uma pedra
# tipo de [[primata]] do gênero ''[[wikispecies:Macaca|Macaca]]''
# mau humor
#* ''Ela acordou com a '''macaca'''.''
#{{escopo|pt|Brasil}} chicote, chibata
#* '''1932''', [[w:José Lins do Rego|José Lins do Rego]], Menino de engenho:
#*: ''Para estes a vara de ferrão, e a '''macaca''' para os do coice.''
[[Categoria:Substantivo (Português)]]
==Forma de adjetivo==
{{paroxítona|ma|ca|ca}}, {{g|f}}
# feminino de [[macaco]]
[[Categoria:Substantivo (Português)]]
[[Categoria:Forma de adjetivo (Português)]]
={{-ast-}}=
==Substantivo==
{{flex.ast|fs=macaca|fp=macaques}}
{{paroxítona|ma|ca|ca|lang=ast}}, {{g|f|lang=ast}}
# [[pedra]] lisa e plana do jogo da [[amarelinha]] ou [[macaca#{{gl}}|macaca]]''
[[Categoria:Substantivo (Asturiano)]]</text>
<sha1>l5422dipvvtwdmx44wlkg77dbe9qh3p</sha1>
</revision>
</page>
