<page>
<title>macaréu</title>
<ns>0</ns>
<id>17526</id>
<revision>
<id>2681245</id>
<parentid>2545328</parentid>
<timestamp>2022-06-20T16:40:00Z</timestamp>
<contributor>
<username>Cpls</username>
<id>20608</id>
</contributor>
<comment>/* Substantivo */</comment>
<model>wikitext</model>
<format>text/x-wiki</format>
<text bytes="1251" xml:space="preserve">{{ver também|macarèu}}
={{-pt-}}=
==Substantivo==
{{flex.pt|ms=macaréu|mp=macaréus}}
{{oxítona|ma|ca|réu}}, {{g|m}}
# [[onda]] de [[maré]] que avança (rio acima) em forma de muralha depois de ter vencido a força da corrente do [[rio]]
[[Categoria:Substantivo (Português)]]
={{-gl-}}=
==Substantivo==
{{flex.gl|ms=macaréu|mp=macaréus}}
{{oxítona|ma|ca|réu|lang=gl}}, {{g|m|lang=gl}}
# [[ressaca]], corrente que arrasta para o interior nas zonas onde quebram fortemente as ondas do mar; fluxo e refluxo no mar
# {{escopo|gl|Peixe}} cria da [[sardinha]] (''[[species:Sardina pilchardus|Sardina pilchardus]]'')
# {{escopo|gl|Peixe}} cria da [[xarda]] (''[[species:Scomber scombrus|Scomber scombrus]]'')
# {{escopo|gl|Peixe}} [[biqueirão]] (''[[species:Engraulis encrasicolus|Engraulis encrasicolus]]'')
==={{-varort-}}===
* [[bocaréu#{{gl}}|bocaréu]], [[mocaréu#{{gl}}|mocaréu]]
=={{etimologia|gl}}==
: Cognada do gascão {{etimo|oc|macarèu}}, do gaélico irlandês {{etimo|ga|maicréal}}, do inglês {{etimo|en|mackerel}} e do francês antigo {{etimo|fro|maquerel}}. Confronte-se com ''[[macar#{{gl}}|macar]]'', ''[[macarejar#{{gl}}|macarejar]]'' e ''[[xerez macareu#{{gl}}|xerez macareu]]''.
[[Categoria:Substantivo (Galego)]]</text>
<sha1>hjhdhlnfr3ji7358kamfb1pyayt8atn</sha1>
</revision>
</page>
