<page>
<title>macaubalenses</title>
<ns>0</ns>
<id>393650</id>
<revision>
<id>2488738</id>
<parentid>2488737</parentid>
<timestamp>2018-03-12T09:02:10Z</timestamp>
<contributor>
<username>MIL973</username>
<id>41339</id>
</contributor>
<model>wikitext</model>
<format>text/x-wiki</format>
<text bytes="352" xml:space="preserve">={{-pt-}}=
==Forma de adjetivo==
{{paroxítona|ma|ca|u|ba|len|ses}}, {{gramática|c2gp}}
# plural de [[macaubalense]]
==Forma de substantivo==
{{paroxítona|ma|ca|u|ba|len|ses}}, {{gramática|c2gp}}
# plural de [[macaubalense]]
{{avi-for-fle|macaubalense}}
[[Categoria:Forma de adjetivo (Português)]]
[[Categoria:Forma de substantivo (Português)]]</text>
<sha1>r9o87838lvafqu489eryrvk65kkz28v</sha1>
</revision>
</page>
