<page>
<title>macaubalense</title>
<ns>0</ns>
<id>393649</id>
<revision>
<id>2492019</id>
<parentid>2488735</parentid>
<timestamp>2018-03-30T10:59:43Z</timestamp>
<contributor>
<username>MIL973</username>
<id>41339</id>
</contributor>
<model>wikitext</model>
<format>text/x-wiki</format>
<text bytes="548" xml:space="preserve">={{-pt-}}=
==Adjetivo==
{{flex.pt|s=macaubalense|p=macaubalenses}}
{{paroxítona|ma|ca|u|ba|len|se}}, {{gramática|c2g}}
# {{escopo|pt|Gentílico}} de [[Macaubal]], cidade paulista
==Substantivo==
{{flex.pt|s=macaubalense|p=macaubalenses}}
{{paroxítona|ma|ca|u|ba|len|se}}, {{gramática|c2g}}
# {{escopo|pt|Gentílico}} natural de Macaubal ou seu habitante
=={{etimologia|pt}}==
: {{escopo|Morfologia}} De [[Macaubal]] + [[-ense]].
==Ligações externas==
* {{Aulete}}
[[Categoria:Adjetivo (Português)]]
[[Categoria:Substantivo (Português)]]</text>
<sha1>0a77w8vqp8s6mvaxnty06xemzd496e9</sha1>
</revision>
</page>
