<page>
<page>
<title>Macaés</title>
<ns>0</ns>
<id>378987</id>
<revision>
<id>2666207</id>
<parentid>2413618</parentid>
<timestamp>2022-03-16T16:27:16Z</timestamp>
<contributor>
<username>MIL973</username>
<id>41339</id>
</contributor>
<model>wikitext</model>
<format>text/x-wiki</format>
<text bytes="234" xml:space="preserve">{{ver também|macaés}}
={{-pt-}}=
==Forma de substantivo==
{{flex.pt|ms=Macaé|mp=Macaés}}
{{oxítona|Ma|ca|és}}, {{gramática|pr|mp}}
# plural de [[Macaé]]
{{avi-for-fle|Macaé}}
[[Categoria:Forma de substantivo (Português)]]</text>
<sha1>19poh9cscyz5eqi9c755vtfncqw52nw</sha1>
</revision>
