<page>
<title>Macarani</title>
<ns>0</ns>
<id>137624</id>
<revision>
<id>2273557</id>
<parentid>2109955</parentid>
<timestamp>2017-04-26T21:18:05Z</timestamp>
<contributor>
<username>HydrizBot</username>
<id>29590</id>
</contributor>
<minor />
<comment>Robô: A limpar links interwikis antigos</comment>
<model>wikitext</model>
<format>text/x-wiki</format>
<text bytes="242" xml:space="preserve">={{-pt-}}=
{{Wikipédia}}
==Substantivo==
'''Macarani''' {{pr}}
#[[município]] [[brasileiro]] do [[estado]] da [[Bahia]]
==Ver também==
*[[Apêndice:Municípios do estado da Bahia]]
[[Categoria:Município do estado da Bahia (Português)]]</text>
<sha1>hghrer8ju81pqa7k90t0dx0ccpln4i8</sha1>
</revision>
</page>
