<page>
<page>
<title>maceiral</title>
<ns>0</ns>
<id>360901</id>
<revision>
<id>2583646</id>
<parentid>2372189</parentid>
<timestamp>2020-03-24T19:17:36Z</timestamp>
<contributor>
<username>Cpls</username>
<id>20608</id>
</contributor>
<comment>/* {{-gl-}} */</comment>
<model>wikitext</model>
<format>text/x-wiki</format>
<text bytes="877" xml:space="preserve">={{-gl-}}=
==Substantivo==
{{flex.gl|ms=maceiral|mp=maceirais}}
{{oxítona|ma|cei|ral|lang=gl}}, {{g|m}}
# {{escopoCat|Árvore|gl}} [[macieira]], árvore que dá maçãs
# [[pomar]] onde medram [[macieira]]s
===Sinónimos===
* De '''1''': [[maçaeira#Galego|maçaeira]], [[maçaeiro#Galego|maçaeiro]], [[maçaieiro#Galego|maçaieiro]], [[maçaira#Galego|maçaira]], [[maçairo#Galego|maçairo]], [[maçaneiro#Galego|maçaneiro]], [[maçanzeira#Galego|maçanzeira]], [[maçanzeiro#Galego|maçanzeiro]], [[maceira#Galego|maceira]], [[maceiro#Galego|maceiro]], [[maceirudo#Galego|maceirudo]], [[macieira#Galego|macieira]], [[macinheira#Galego|macinheira]], [[pomar#Galego|pomar]], [[pumar#Galego|pumar]], [[pumarinho#Galego|pumarinho]]
=={{etimologia|gl}}==
: {{escopo|Morfologia}} De ''[[maceira#{{gl}}|maceira]]'' + ''[[-al#{{gl}}|-al]]''.
[[Categoria:Substantivo (Galego)]]</text>
<sha1>k7hy6a5einacmyau1kbrimjckbos41y</sha1>
</revision>
