<page>
<page>
<title>macedônio</title>
<ns>0</ns>
<id>37574</id>
<revision>
<id>2520520</id>
<parentid>2372187</parentid>
<timestamp>2018-09-28T07:24:35Z</timestamp>
<contributor>
<username>Leonardo José Raimundo</username>
<id>43489</id>
</contributor>
<comment>Eu estou traduzindo o adjetivo &quot;macedônio&quot; para o espanhol (macedonio), francês (macédonien), italiano (macedonio) e alemão (Mazedonisch).</comment>
<model>wikitext</model>
<format>text/x-wiki</format>
<text bytes="1031" xml:space="preserve">{{Wikipédia}}
={{-pt-}}=
==Substantivo==
{{flex.pt|ms=macedônio|mp=macedônios|fs=macedônia|fp=macedônias}}
{{proparoxítona aparente|ma|ce|dô|ni|o}}
# habitante ou natural da [[Macedônia]]
# [[língua]] falada pelos povos da [[Macedônia]]
===Tradução===
{{tradini|de 2 (idioma)}}
* {{trad|de|Mazedonisch}}
* {{trad|es|macedonio}}
* {{trad|fr|macédonien}}
* {{trad|hi|मकदूनियाई}}
* {{trad|en|Macedonian}}
{{tradmeio}}
* {{trad|it|macedonio}}
* {{trad|ja|マケドニア語}}
* {{trad|li|Makedonisj}}
* {{t|mk|македонски||makedonski}}
* {{trad|vo|Makedonänapük}}
{{tradfim}}
==Adjetivo==
{{proparoxítona aparente|ma|ce|dô|ni|o}}
# relativo à [[Macedônia]]
===Tradução===
{{tradini}}
* {{trad|en|Macedonian}}
{{tradmeio}}
* {{trad|mk|македонски}}
{{tradfim}}
==Anagrama==
# [[demoníaco]]
[[Categoria:Substantivo (Português)|macedonio]]
[[Categoria:Adjetivo (Português)|macedonio]]
[[Categoria:Gentílico (Português)|macedonio]]
[[Categoria:Língua (Português)|macedonio]]</text>
<sha1>po9kqupr0pekwl4ptsyavw8eylw709p</sha1>
</revision>
