<page>
<page>
<title>macedónio</title>
<ns>0</ns>
<id>37569</id>
<revision>
<id>2372185</id>
<parentid>1991667</parentid>
<timestamp>2017-05-04T14:27:44Z</timestamp>
<contributor>
<username>HydrizBot</username>
<id>29590</id>
</contributor>
<minor />
<comment>Robô: A limpar links interwikis antigos</comment>
<model>wikitext</model>
<format>text/x-wiki</format>
<text bytes="1698" xml:space="preserve">={{-pt-}}=
{{grafiaPtpt|macedônio}}
==Adjetivo==
{{flex.pt|ms=macedónio|ms-div=ma.ce.&lt;u&gt;dó&lt;/u&gt;.ni.o||mp=macedónios|mp-div=ma.ce.&lt;u&gt;dó&lt;/u&gt;.ni.os|fs=macedónia|fs-div=ma.ce.&lt;u&gt;dó&lt;/u&gt;.ni.a|fp=macedónias|fp-div=ma.ce.&lt;u&gt;dó&lt;/u&gt;.ni.as }}
'''ma.ce.&lt;u&gt;dó&lt;/u&gt;.ni.o''' - {{m}}, ''singular'', ''pátrio''
# [[relativo|Relativo]] [[à]] [[Imagem:Flag of Macedonia.svg|20px]] [[república|República]] da [[Macedônia]] ou ao [[seu]]s [[habitante]]s.
# [[relativo|Relativo]] [[à]] [[região]] da [[Macedônia]], na [[Grécia]], ou ao [[seu]]s [[habitante]]s.
===Sinónimos===
* [[macedónico]]
==Substantivo==
{{flex.pt|ms=macedónio|ms-div=ma.ce.&lt;u&gt;dó&lt;/u&gt;.ni.o||mp=macedónios|mp-div=ma.ce.&lt;u&gt;dó&lt;/u&gt;.ni.os|fs=macedónia|fs-div=ma.ce.&lt;u&gt;dó&lt;/u&gt;.ni.a|fp=macedónias|fp-div=ma.ce.&lt;u&gt;dó&lt;/u&gt;.ni.as }}
'''ma.ce.&lt;u&gt;dó&lt;/u&gt;.ni.o''' - {{m}}, ''singular'', ''comum'', ''simples''
# [[habitante|Habitante]] da [[Imagem:Flag of Macedonia.svg|20px]] [[república|República]] da [[Macedônia]].
# [[natural|Natural]] da [[Imagem:Flag of Macedonia.svg|20px]] [[república|República]] da [[Macedônia]].
# [[natural|Natural]] da [[Macedônia]] ([[Grécia]]).
# [[habitante|Habitante]] da [[Macedônia]] ([[Grécia]]).
# [[lingua|Língua]] [[falado|falada]] [[pelo]]s [[povo]]s da [[Macedônia]].
===Sinónimos===
* [[macedónico]]
==Ver também==
===No Wikcionário===
* [[FYROM]]
===Na Wikipédia===
{{Wikipédia}}
[[Categoria:Adjetivo (Português)|macedonio]]
[[Categoria:Substantivo (Português)|macedonio]]
[[Categoria:Polissílabo (Português)|macedonio]]
[[Categoria:Proparoxítona (Português)|macedonio]]
[[Categoria:Gentílico (Português)|macedonio]]
[[Categoria:Língua (Português)|macedonio]]</text>
<sha1>crefd9520hkprzh9wrfg1j7e0imm8ro</sha1>
</revision>
