<page>
<title>Macedonia</title>
<ns>0</ns>
<id>128841</id>
<revision>
<id>2542998</id>
<parentid>2519801</parentid>
<timestamp>2019-04-28T19:38:02Z</timestamp>
<contributor>
<username>Amigo7</username>
<id>58547</id>
</contributor>
<comment>/* -pl- */ Atualizando a página (por causa de: Macedonia --&gt; Macedonia Północna)</comment>
<model>wikitext</model>
<format>text/x-wiki</format>
<text bytes="15348" xml:space="preserve">{{Wikipédia|lang=cy}}
{{Wikipédia|lang=gl}}
{{Wikipédia|lang=nl}}
{{Wikipédia|lang=simple}}
{{Wikipédia|lang=it}}
{{Wikipédia|lang=la}}
{{Wikipédia|lang=ms}}
{{Wikipédia|lang=na}}
{{Wikipédia|Macedonia (ujednoznacznienie)|Macedonia|lang=pl}}
{{Wikipédia|lang=ro}}
{{Wikipédia|lang=scn}}
{{Wikipédia|lang=tum}}
{{Wikipédia|lang=vec}}
{{Wikipédia|lang=vo}}
[[Imagem:Flag of Macedonia.svg|thumb|250px|right|&lt;center&gt;Bandeira da Republica da Macedônia&lt;/center&gt;]]
[[Imagem:Location Macedonia Europe.png|thumb|250px|right|&lt;center&gt;Localização da República da Macedônia&lt;/center&gt;]]
[[Imagem:Macedonia Map.png|thumb|250px|right|&lt;center&gt;República da Macedônia&lt;/center&gt;]]
[[Imagem:PosGreekMacedonia.png|thumb|250px|right|&lt;center&gt;Macedônia Grega&lt;/center&gt;]]
={{-ast-}}=
==Substantivo==
'''Macedonia''', {{gramática|pr}}
# {{escopo|ast|País}} {{PEPB|[[Macedónia]]|[[Macedônia]]|inline=1}}
===Verbetes derivados===
{{verTambém.Ini}}
* {{link opcional|macedoniu|ast}}
{{verTambém.NovaColuna}}
{{verTambém.Fim}}
=={{etimologia|ast}}==
{{llietimo|la|Macedonia|ast|ponto=não}}, que veio do {{etm|grc|ast}} {{etimo|grc|Μακεδονία}}.
=={{pronúncia|ast}}==
* [[AFI]]: {{AFI|/ma.θe.'ðo.nja/}}]
==Ver também==
===No Wikcionário===
{{Europa/ast}}
[[Categoria:Substantivo (Asturiano)]]
[[Categoria:Entrada com imagem (Asturiano)]]
={{-bi-}}=
==Substantivo==
'''Macedonia''', {{gramática|pr}}
# {{escopo|bi|País}} {{PEPB|[[Macedónia]]|[[Macedônia]]|inline=1}}
=={{etimologia|bi}}==
{{llietimo|la|Macedonia|bi|ponto=não}}, que veio do {{etm|grc|bi}} {{etimo|grc|Μακεδονία}}.
==Ver também==
===No Wikcionário===
{{Europa/bi}}
[[Categoria:Substantivo (Bislamá)]]
[[Categoria:Entrada com imagem (Bislamá)]]
={{-ceb-}}=
==Substantivo==
'''Macedonia''', {{gramática|pr}}
# {{escopo|ceb|País}} {{PEPB|[[Macedónia]]|[[Macedônia]]|inline=1}}
=={{etimologia|ceb}}==
{{llietimo|la|Macedonia|ceb|ponto=não}}, que veio do {{etm|grc|ceb}} {{etimo|grc|Μακεδονία}}.
==Ver também==
===No Wikcionário===
{{Europa/ceb}}
[[Categoria:Substantivo (Cebuano)]]
[[Categoria:Entrada com imagem (Cebuano)]]
={{-co-}}=
==Substantivo==
'''Macedonia''', {{gramática|pr}}
# {{escopo|co|País}} {{PEPB|[[Macedónia]]|[[Macedônia]]|inline=1}}
=={{etimologia|co}}==
{{llietimo|la|Macedonia|co|ponto=não}}, que veio do {{etm|grc|co}} {{etimo|grc|Μακεδονία}}.
==Ver também==
===No Wikcionário===
{{Europa/co}}
[[Categoria:Substantivo (Corso)]]
[[Categoria:Entrada com imagem (Corso)]]
={{-es-}}=
==Substantivo==
'''Macedonia''', {{gramática|pr}}
# {{escopo|es|País}} {{PEPB|[[Macedónia]]|[[Macedônia]]|inline=1}}
===Verbetes derivados===
{{verTambém.Ini}}
* {{link opcional|macedonio|es}}
{{verTambém.NovaColuna}}
{{verTambém.Fim}}
=={{etimologia|es}}==
{{llietimo|la|Macedonia|es|ponto=não}}, que veio do {{etm|grc|es}} {{etimo|grc|Μακεδονία}}.
=={{pronúncia|es}}==
* [[AFI]]: {{AFI|/ma.θe.'ðo.nja/}}
==Ver também==
===No Wikcionário===
{{Europa/es}}
[[Categoria:Substantivo (Espanhol)]]
[[Categoria:Entrada com imagem (Espanhol)]]
={{-gl-}}=
==Substantivo==
'''Macedonia''', {{gramática|pr}}
# {{escopo|gl|País}} {{PEPB|[[Macedónia]]|[[Macedônia]]|inline=1}}
===Verbetes derivados===
* {{link opcional|macedonio|gl}}
=={{etimologia|gl}}==
{{llietimo|la|Macedonia|gl|ponto=não}}, que veio do {{etm|grc|gl}} {{etimo|grc|Μακεδονία}}.
==Ver também==
===No Wikcionário===
{{Europa/gl}}
[[Categoria:Substantivo (Galego)]]
[[Categoria:Entrada com imagem (Galego)]]
={{-cy-}}=
==Substantivo==
'''Macedonia''', {{gramática|pr}}
# {{escopo|cy|País}} {{PEPB|[[Macedónia]]|[[Macedônia]]|inline=1}}
=={{etimologia|cy}}==
{{llietimo|la|Macedonia|cy|ponto=não}}, que veio do {{etm|grc|cy}} {{etimo|grc|Μακεδονία}}.
==Ver também==
===No Wikcionário===
{{Europa/cy}}
[[Categoria:Substantivo (Galês)]]
[[Categoria:Entrada com imagem (Galês)]]
={{-nl-}}=
==Substantivo==
'''Macedonia''', {{gramática|pr}}
# {{escopo|nl|País}} {{PEPB|[[Macedónia]]|[[Macedônia]]|inline=1}}
=={{etimologia|nl}}==
{{llietimo|la|Macedonia|nl|ponto=não}}, que veio do {{etm|grc|nl}} {{etimo|grc|Μακεδονία}}.
==Ver também==
===No Wikcionário===
{{Europa/nl}}
[[Categoria:Substantivo (Holandês)]]
[[Categoria:Entrada com imagem (Holandês)]]
={{-io-}}=
==Substantivo==
'''Macedonia''', {{gramática|pr}}
# {{escopo|io|País}} {{PEPB|[[Macedónia]]|[[Macedônia]]|inline=1}}
=={{etimologia|io}}==
{{llietimo|eo|Makedonio|io|ponto=não}}, que veio do {{etm|la|io}} {{etimo|la|Macedonia}} que, por sua vez, veio do {{etm|grc|io}} {{etimo|grc|Μακεδονία}}.
==Ver também==
===No Wikcionário===
{{Europa/io}}
[[Categoria:Substantivo (Ido)]]
[[Categoria:Entrada com imagem (Ido)]]
={{-ilo-}}=
==Substantivo==
'''Macedonia''', {{gramática|pr}}
# {{escopo|ilo|País}} {{PEPB|[[Macedónia]]|[[Macedônia]]|inline=1}}
=={{etimologia|ilo}}==
{{llietimo|la|Macedonia|ilo|ponto=não}}, que veio do {{etm|grc|ilo}} {{etimo|grc|Μακεδονία}}.
==Ver também==
===No Wikcionário===
{{Europa/ilo}}
[[Categoria:Substantivo (Ilocano)]]
[[Categoria:Entrada com imagem (Ilocano)]]
={{-en-}}=
==Substantivo==
'''Macedonia''', {{gramática|pr}}
# {{escopo|en|País}} {{PEPB|[[Macedónia]]|[[Macedônia]]|inline=1}}
===Verbetes derivados===
* {{link opcional|Macedonian|en}}
=={{etimologia|en}}==
{{llietimo|la|Macedonia|en|ponto=não}}, que veio do {{etm|grc|en}} {{etimo|grc|Μακεδονία}}.
=={{pronúncia|en}}==
* [[AFI]]: {{AFI|/mæs.ə.'dəʊ.ni.ə/}} ''(Reino Unido)''
* [[AFI]]: {{AFI|/mæs.ə.'doʊ.ni.ə/}} ''(Estados Unidos)''
: '''Áudio''': {{ouvir|En-us-Macedonia.ogg|&quot;Macedonia&quot;}}
==Ver também==
===No Wikcionário===
{{Europa/en}}
[[Categoria:Substantivo (Inglês)]]
[[Categoria:Entrada com imagem (Inglês)]]
={{-ia-}}=
==Substantivo==
'''Macedonia''', {{gramática|pr}}
# {{escopo|ia|País}} {{PEPB|[[Macedónia]]|[[Macedônia]]|inline=1}}
=={{etimologia|ia}}==
{{llietimo|la|Macedonia|ia|ponto=não}}, que veio do {{etm|grc|ia}} {{etimo|grc|Μακεδονία}}.
==Ver também==
===No Wikcionário===
{{Europa/ia}}
[[Categoria:Substantivo (Interlíngua)]]
[[Categoria:Entrada com imagem (Interlíngua)]]
={{-it-}}=
==Substantivo==
'''Macedonia''', {{gramática|pr}}
# {{escopo|it|País}} {{PEPB|[[Macedónia]]|[[Macedônia]]|inline=1}}
===Verbetes derivados===
* {{link opcional|macedone|it}}
=={{etimologia|it}}==
{{llietimo|la|Macedonia|it|ponto=não}}, que veio do {{etm|grc|it}} {{etimo|grc|Μακεδονία}}.
=={{pronúncia|it}}==
* [[AFI]]: {{AFI|/ma.tʃe.'dɔ.nja/}}
==Ver também==
===No Wikcionário===
{{Europa/it}}
[[Categoria:Substantivo (Italiano)]]
[[Categoria:Entrada com imagem (Italiano)]]
={{-la-}}=
==Substantivo==
'''Macedonia''', {{gramática|pr}}
# {{escopo|la|País}} {{PEPB|[[Macedónia]]|[[Macedônia]]|inline=1}}
===Verbetes derivados===
{{verTambém.Ini}}
* {{link opcional|macedo|la}}
* {{link opcional|macedones|la}}
* {{link opcional|macedoniensis|la}}
{{verTambém.NovaColuna}}
* {{link opcional|macedonianus|la}}
* {{link opcional|macedonica|la}}
* {{link opcional|macedonicus|la}}
{{verTambém.NovaColuna}}
* {{link opcional|macedonius|la}}
* {{link opcional|macetae|la}}
{{verTambém.Fim}}
=={{etimologia|la}}==
{{llietimo|grc|Μακεδονία|la}}
=={{pronúncia|la}}==
* [[AFI]]: {{AFI|/ma.tʃe.'dɔ.nja/}}
==Ver também==
===No Wikcionário===
{{Europa/la}}
[[Categoria:Substantivo (Latim)]]
[[Categoria:Entrada com imagem (Latim)]]
={{-lfn-}}=
==Substantivo==
'''Macedonia''', {{gramática|pr}}
# {{escopo|lfn|País}} {{PEPB|[[Macedónia]]|[[Macedônia]]|inline=1}}
==={{-varort-}}===
* '''Alfabeto cirílico''': {{l.s.|Македониа|{{lfn}}}}
===Verbetes derivados===
{{verTambém.Ini}}
* {{link opcional|macedonsce|lfn}}
{{verTambém.NovaColuna}}
* {{link opcional|македонске|lfn}} ''(em cirílico)''
{{verTambém.Fim}}
=={{etimologia|lfn}}==
{{llietimo|la|Macedonia|lfn|ponto=não}}, que veio do {{etm|grc|lfn}} {{etimo|grc|Μακεδονία}}.
==Ver também==
===No Wikcionário===
{{Europa/lfn}}
[[Categoria:Substantivo (Língua Franca Nova)]]
[[Categoria:Entrada com imagem (Língua Franca Nova)]]
={{-lmo-}}=
==Substantivo==
'''Macedonia''', {{gramática|pr}}
# {{escopo|lmo|País}} {{PEPB|[[Macedónia]]|[[Macedônia]]|inline=1}}
=={{etimologia|lmo}}==
{{llietimo|la|Macedonia|lmo|ponto=não}}, que veio do {{etm|grc|lmo}} {{etimo|grc|Μακεδονία}}.
==Ver também==
===No Wikcionário===
{{Europa/lmo}}
[[Categoria:Substantivo (Lombardo)]]
[[Categoria:Entrada com imagem (Lombardo)]]
={{-ms-}}=
==Substantivo==
'''Macedonia''', {{gramática|pr}}
# {{escopo|ms|País}} {{PEPB|[[Macedónia]]|[[Macedônia]]|inline=1}}
=={{etimologia|ms}}==
{{llietimo|en|Macedonia|ms|ponto=não}}, que veio do {{etm|la|ms}} {{etimo|la|Macedonia}} que, por sua vez, veio do {{etm|grc|ms}} {{etimo|grc|Μακεδονία}}.
==Ver também==
===No Wikcionário===
{{Europa/ms}}
[[Categoria:Substantivo (Malaio)]]
[[Categoria:Entrada com imagem (Malaio)]]
={{-na-}}=
==Substantivo==
'''Macedonia''', {{gramática|pr}}
# {{escopo|na|País}} {{PEPB|[[Macedónia]]|[[Macedônia]]|inline=1}}
=={{etimologia|na}}==
{{llietimo|la|Macedonia|na|ponto=não}}, que veio do {{etm|grc|na}} {{etimo|grc|Μακεδονία}}.
==Ver também==
===No Wikcionário===
{{Europa/na}}
[[Categoria:Substantivo (Nauruano)]]
[[Categoria:Entrada com imagem (Nauruano)]]
={{-pam-}}=
==Substantivo==
'''Macedonia''', {{gramática|pr}}
# {{escopo|pam|País}} {{PEPB|[[Macedónia]]|[[Macedônia]]|inline=1}}
=={{etimologia|pam}}==
{{llietimo|es|Macedonia|pam|ponto=não}}, que veio do {{etm|la|pam}} {{etimo|la|Macedonia} que, por sua vez, veio do {{etm|grc|pam}} {{etimo|grc|Μακεδονία}}.
==Ver também==
===No Wikcionário===
{{Europa/pam}}
[[Categoria:Substantivo (Pampangan)]]
[[Categoria:Entrada com imagem (Pampangan)]]
={{-pap-}}=
==Substantivo==
'''Macedonia''', {{gramática|pr}}
# {{escopo|pap|País}} {{PEPB|[[Macedónia]]|[[Macedônia]]|inline=1}}
=={{etimologia|pap}}==
{{llietimo|la|Macedonia|pap|ponto=não}}, que veio do {{etm|grc|pap}} {{etimo|grc|Μακεδονία}}.
==Ver também==
===No Wikcionário===
{{Europa/pap}}
[[Categoria:Substantivo (Papiamento)]]
[[Categoria:Entrada com imagem (Papiamento)]]
={{-pl-}}=
==Substantivo==
{{paroxítona|Ma|ce|do|nia|lang=pl}}, {{gramática|f|pr}}
# {{escopo|pl|País}} {{PEPB|[[Macedónia]]|[[Macedônia]]|inline=1}} (nome antigo de país)
# {{tradex|pl|Stolicą '''Macedonii''' jest Skopje.|A capital da {{PEPB|Macedónia|Macedônia|inline=1}} é Escópia.}}
# {{tradex|pl|'''Macedonia''' jest członkiem Organizacji Narodów Zjednoczonych i Rady Europy.|A {{PEPB|Macedónia|Macedônia|inline=1}} é membro das Nações Unidas e do Conselho da Europa.}}
# {{escopo|pl|Topónimo}} {{PEPB|[[Macedónia]]|[[Macedônia]]|inline=1}} (região geográfica e histórica da península balcânica e atual região da Grécia)
# {{tradex|pl|'''Macedonia''' jest krainą geograficzną i historyczną na Półwyspie Bałkańskim.|A {{PEPB|Macedónia|Macedônia|inline=1}} é uma região geográfica e histórica da península dos Bálcãs.}}
===Sinônimos===
De 1:
* {{link opcional|Republika Macedonii|pl}}
* {{link opcional|Była Jugosłowiańska Republika Macedonii|pl}} (''nome oficial antigo'')
=={{etimologia|pl}}==
{{llietimo|la|Macedonia|pl|ponto=não}}, que veio do {{etm|grc|pl}} {{etimo|grc|Μακεδονία}}.
=={{pronúncia|pl}}==
* [[AFI]]: {{AFI|/ˌmaʦ̑ɛˈdɔ̃ɲja/}}
: '''Áudio''': {{ouvir|Pl-Macedonia.ogg|&quot;Macedonia&quot;}}
==Ver também==
===No Wikcionário===
{{verTambém.Ini}}
* {{link opcional|Macedończyk|pl}}
* {{link opcional|Macedonka|pl}}
{{verTambém.NovaColuna}}
* {{link opcional|macedoński|pl}}
* {{link opcional|Skopje|pl}}
{{verTambém.NovaColuna}}
* {{link opcional|Macedonia Północna}}
* {{link opcional|Republika Macedonii Północnej}}
{{verTambém.Fim}}
{{Europa/pl}}
[[Categoria:Substantivo (Polonês)]]
[[Categoria:Entrada com imagem (Polonês)]]
={{-rm-}}=
==Substantivo==
'''Macedonia''', {{gramática|pr}}
# {{escopo|rm|País}} {{PEPB|[[Macedónia]]|[[Macedônia]]|inline=1}}
=={{etimologia|rm}}==
{{llietimo|la|Macedonia|rm|ponto=não}}, que veio do {{etm|grc|rm}} {{etimo|grc|Μακεδονία}}.
==Ver também==
===No Wikcionário===
{{Europa/rm}}
[[Categoria:Substantivo (Romanche)]]
[[Categoria:Entrada com imagem (Romanche)]]
={{-ro-}}=
==Substantivo==
'''Macedonia''', {{gramática|pr}}
# {{escopo|ro|País}} {{PEPB|[[Macedónia]]|[[Macedônia]]|inline=1}}
==={{-varort-}}===
* [[Republica Macedonia]]
* '''Alfabeto cirílico''': {{escopo2|moldavo}} {{l.s.|Мачедония|{{mo}}}} ''(Somente na Transnístria)''
===Verbetes derivados===
{{verTambém.Ini}}
* {{link opcional|macedonean|ro}}
{{verTambém.NovaColuna}}
* {{link opcional|macedoneană|ro}}
{{verTambém.NovaColuna}}
* {{link opcional|macedonesc|ro}}
{{verTambém.Fim}}
=={{pronúncia|ro}}==
* [[AFI]]: {{AFI|/ma.tʃe.'do.ni.a/}}.
=={{etimologia|ro}}==
{{llietimo|la|Macedonia|ro|ponto=não}}, que veio do {{etm|grc|ro}} {{etimo|grc|Μακεδονία}}.
==Ver também==
===No Wikcionário===
{{Europa/ro}}
[[Categoria:Substantivo (Romeno)]]
[[Categoria:Entrada com imagem (Romeno)]]
={{-scn-}}=
==Substantivo==
'''Macedonia''', {{gramática|pr}}
# {{escopo|scn|País}} {{PEPB|[[Macedónia]]|[[Macedônia]]|inline=1}}
=={{etimologia|scn}}==
{{llietimo|la|Macedonia|scn|ponto=não}}, que veio do {{etm|grc|scn}} {{etimo|grc|Μακεδονία}}.
==Ver também==
===No Wikcionário===
{{Europa/scn}}
[[Categoria:Substantivo (Siciliano)]]
[[Categoria:Entrada com imagem (Siciliano)]]
={{-tum-}}=
==Substantivo==
'''Macedonia''', {{gramática|pr}}
# {{escopo|tum|País}} {{PEPB|[[Macedónia]]|[[Macedônia]]|inline=1}}
=={{etimologia|tum}}==
{{llietimo|la|Macedonia|tum|ponto=não}}, que veio do {{etm|grc|tum}} {{etimo|grc|Μακεδονία}}.
==Ver também==
===No Wikcionário===
{{Europa/tum}}
[[Categoria:Substantivo (Tumbuca)]]
[[Categoria:Entrada com imagem (Tumbuca)]]
={{-vec-}}=
==Substantivo==
'''Macedonia''', {{gramática|pr}}
# {{escopo|vec|País}} {{PEPB|[[Macedónia]]|[[Macedônia]]|inline=1}}
=={{etimologia|vec}}==
{{llietimo|la|Macedonia|vec|ponto=não}}, que veio do {{etm|grc|vec}} {{etimo|grc|Μακεδονία}}.
==Ver também==
===No Wikcionário===
{{Europa/vec}}
[[Categoria:Substantivo (Vêneto)]]
[[Categoria:Entrada com imagem (Vêneto)]]
={{-vi-}}=
==Substantivo==
'''Macedonia''', {{gramática|pr}}
# {{escopo|vi|País}} {{PEPB|[[Macedónia]]|[[Macedônia]]|inline=1}}
=={{etimologia|vi}}==
{{llietimo|en|Macedonia|vi|ponto=não}}, que veio do {{etm|la|vi}} {{etimo|la|Macedonia}} que, por sua vez, veio do {{etm|grc|vi}} {{etimo|grc|Μακεδονία}}.
==Ver também==
===No Wikcionário===
{{Europa/vi}}
[[Categoria:Substantivo (Vietnamita)]]
[[Categoria:Entrada com imagem (Vietnamita)]]
={{-vo-}}=
==Substantivo==
'''Macedonia''', {{gramática|pr}}
# {{escopo|vo|País}} {{PEPB|[[Macedónia]]|[[Macedônia]]|inline=1}}
=={{etimologia|vo}}==
{{llietimo|la|Macedonia|vo|ponto=não}}, que veio do {{etm|grc|vo}} {{etimo|grc|Μακεδονία}}.
==Ver também==
===No Wikcionário===
{{Europa/vo}}
[[Categoria:Substantivo (Volapuque)]]
[[Categoria:Entrada com imagem (Volapuque)]]</text>
<sha1>pfs6wn3gvl8g1x501n3c981dietf1zg</sha1>
</revision>
</page>
