<page>
<title>Macedónia</title>
<ns>0</ns>
<id>45909</id>
<revision>
<id>2658301</id>
<parentid>2642845</parentid>
<timestamp>2022-01-19T23:29:42Z</timestamp>
<contributor>
<username>Εὐθυμένης</username>
<id>81127</id>
</contributor>
<minor />
<comment>([[c:GR|GR]])  [[File:Flag of Greek Macedonia.png]] → [[File:Flag of Greek Macedonia.svg]]</comment>
<model>wikitext</model>
<format>text/x-wiki</format>
<text bytes="4686" xml:space="preserve">{{Wikipédia}}
{{grafiaPtpt|Macedônia}}
{| class=&quot;infobox bordered&quot; style=&quot;width: 345px; font-size: 95%; float: right;&quot; cellpadding=&quot;4&quot; cellspacing=&quot;0&quot; 
| height=35px; colspan=&quot;2&quot; border=&quot;0&quot; style=&quot;color:#fff; background:#669; font-size:larger; font-weight: bold;&quot; align=&quot;center&quot; | &lt;big&gt;[[w:pt:Macedónia|&lt;span style=&quot;color: white;&quot;&gt;Macedónia (Μακεδονία)&lt;/span&gt;]]&lt;/big&gt;&lt;br&gt;
[[Image:Verginasun.jpg|30px]] &lt;small&gt;[[w:pt:Macedónia Antiga|&lt;span style=&quot;color: white;&quot;&gt;(Antiga ou&lt;/span&gt;]] [[w:pt:Macedónia (Grécia)|&lt;span style=&quot;color: white;&quot;&gt;Atual região da Grécia)&lt;/span&gt;]]&lt;/small&gt; [[Image:Flag of Greek Macedonia.svg|45px]]
|-
|[[Image:LocationMacedonia-MAC-1-z.png|160px]] [[Image:LocationMacedonia-HEL-1-z.png|160px]]
|}
={{-pt-}}=
==Substantivo==
{{proparoxítona aparente|Ma|ce|dó|ni|a}}, ''feminino próprio''
# [[antigo|antiga]] [[região]] da [[Grécia]] ou [[reino]]
# [[província]] [[romano|romana]]
# [[região]] [[geográfico|geográfica]] e [[histórico|histórica]] da [[península]] [[balcânico|balcânica]]
# atual [[região]] da [[Grécia]]
# antigo nome da [[Macedónia do Norte]] (1991-2019)
===Tradução===
'''De 1 (atual região da Grécia)''':
{{tradini}}
* {{trad|ay|Makiduña}}
* {{trad|sq|Maqedonia}}
* {{trad|de|Mazedonien}}
* {{trad|gsw|Makedonien}}
* {{trad|ar|مقدونيا}}
* {{trad|arc|ܩܘܛܢܝܘܬܐ ܕܡܩܕܘܢܝܐ}}
* {{trad|hy|Մակեդոնիա}}
* {{trad|ast|Macedonia}}
* {{trad|az|Makedoniya}}
* {{trad|nds|Makedonien}}
* {{trad|eu|Mazedonia}}
* {{trad|be|Македонія}}
* {{trad|bs|Makedonija}}
* {{trad|br|Makedonia}}
* {{trad|bg|Македония}}
* {{trad|ca|Macedònia}}
* {{trad|kk|Македония}}
* {{trad|cs|Makedonie}}
* {{trad|zh|馬其頓共和國}}
* {{trad|ko|마케도니아 공화국}}
* {{trad|hr|Makedonija}}
* {{trad|ku|Makedonya}}
* {{trad|da|Makedonien}}
* {{trad|sk|Macedónsko}}
* {{trad|sl|Makedonija}}
* {{trad|es|Macedonia}}
* {{trad|eo|Makedonio}}
* {{trad|et|Makedoonia}}
* {{trad|fi|Makedonia}}
* {{trad|fr|Macédoine}}
* {{trad|frp|Macèdonie}}
* {{trad|fy|Masedoanje}}
* {{trad|gl|Macedonia}}
* {{trad|cy|Macedonia}}
* {{trad|el|Μακεδονία}}
* {{trad|he|מקדוניה}}
* {{trad|hi|मैसिडोनिया}}
* {{trad|nl|Macedonië}}
* {{trad|hu|Macedónia}}
* {{trad|io|Macedonia}}
* {{trad|id|Makedonia}}
{{tradmeio}}
* {{trad|en|Macedonia}}
* {{trad|is|Makedónía}}
* {{trad|it|Macedonia}}
* {{trad|ja|マケドニア共和国}}
* {{trad|la|Macedonica}}
* {{trad|lv|Maķedonija}}
* {{trad|li|Macedonië}}
* {{trad|lt|Makedonija}}
* {{trad|mk|Македонија}}
* {{trad|ms|Macedonia}}
* {{trad|nan|Makedonija}}
* {{trad|ne|म्यासेडोनिया}}
* {{trad|no|Makedonia}}
* {{trad|nn|Makedonia}}
* {{trad|oc|Macedònia}}
* {{trad|pam|Macedonia}}
* {{trad|ps|مقدونيه}}
* {{trad|fa|مقدونیه}}
* {{trad|pms|Macedònia}}
* {{trad|pl|Macedonia}}
* {{trad|rmy|Makedoniya}}
* {{trad|ro|Macedonia}}
* {{trad|ru|Македония}}
* {{trad|se|Makedonia}}
* {{trad|sr|Македонија}}
* {{trad|sh|Makedonija}}
* {{trad|scn|Macidonia}}
* {{trad|hsb|Makedonska}}
* {{trad|sw|Masedonia}}
* {{trad|sv|Makedonien}}
* {{trad|tg|Мақдуния}}
* {{trad|tl|Masedonya}}
* {{trad|th|มาซิโดเนีย}}
* {{trad|cv|Македони}}
* {{trad|tr|Makedonya}}
* {{trad|uk|Македонія}}
* {{trad|ug|Makédoniye}}
* {{trad|vi|Macedonia}}
* {{trad|vo|Makedonän}}
* {{trad|war|Masedonya}}
{{tradfim}}
=={{etimologia|pt}}==
: Do antigo povo denominado &quot;makednoi&quot;, ''macedônio'', que tem o status de povo helênico contestado por alguns estudiosos. Hesíodo afirma que o nome deriva de ''Makedon'', o real criador da região, filho de Zeus e neto de Deucalion. Apesar de ter o mesmo nome da antiga Macedônia, que formou um dos maiores impérios da Antiguidade sob Alexandre, o Grande, a maior parte do território da atual República da Macedônia fazia parte do reino da Paiônia (habitado pelos antigos paionianos), conquistado pelos macedônios e depois por Roma, tornando-se parte da província romana da Macedonia Salutaris. O nome legal do moderno país é motivo de disputa entre gregos (que reinvidicam o nome ''Macedônia'' como um patrimônio cultural grego) e a República da Macedônia (que reinvidica o direito de usar tal termo).
==Ver também==
===No Wikcionário===
* [[macedônio]]
[[Categoria:Substantivo (Português)]]
[[Categoria:Topónimo (Português)]]
[[Categoria:Entrada com imagem (Português)]]
={{-hu-}}=
==Substantivo==
'''Macedónia'''
# [[Macedónia#Português|Macedónia]]
[[Categoria:Substantivo (Húngaro)]]
[[Categoria:Topónimo (Húngaro)]]
[[Categoria:Entrada com imagem (Húngaro)]]</text>
<sha1>kqcs5856sdg5d9w718z5tkx0ewbieqq</sha1>
</revision>
</page>
