<page>
<page>
<title>maceioense</title>
<ns>0</ns>
<id>55771</id>
<revision>
<id>2049899</id>
<parentid>1827353</parentid>
<timestamp>2015-12-21T15:40:42Z</timestamp>
<contributor>
<username>ValJor</username>
<id>1358</id>
</contributor>
<comment>Melhorando a apresentação do verbete</comment>
<model>wikitext</model>
<format>text/x-wiki</format>
<text bytes="319" xml:space="preserve">={{-pt-}}=
==Adjetivo==
{{flex.pt|s=maceioense|p=maceioenses}}
{{paroxítona|ma|cei|o|en|se}}, {{c2g}}
# de [[Maceió]]
==Substantivo==
{{paroxítona|ma|cei|o|en|se}}, {{c2g}}
# [[natural]] de [[Maceió]]
[[Categoria:Adjetivo (Português)]]
[[Categoria:Substantivo (Português)]]
[[Categoria:Gentílico (Português)]]</text>
<sha1>l2ct7jpqpbxvxsivi28cj09iqtsmkpn</sha1>
</revision>
