<page>
<title>maceiro</title>
<ns>0</ns>
<id>360902</id>
<revision>
<id>2445625</id>
<parentid>2147858</parentid>
<timestamp>2017-08-24T20:29:15Z</timestamp>
<contributor>
<username>Cpls</username>
<id>20608</id>
</contributor>
<comment>/* {{-gl-}} */</comment>
<model>wikitext</model>
<format>text/x-wiki</format>
<text bytes="1140" xml:space="preserve">={{-gl-}}=
==Substantivo==
{{flex.gl|ms=maceiro|mp=maceiros}}
{{paroxítona|ma|cei|ro|lang=gl}}, {{g|m|lang=gl}}
# {{escopo|gl|Árvore}} [[maceira]]
# {{escopo|gl|Ave}} [[chapim-azul]] (''[[species:Cyanistes caeruleus|Cyanistes caeruleus]]'')
# {{escopo|gl|Ave}} [[chapim-real]] (''[[species:Parus major|Parus major]]'')
# {{escopo|gl|Ave}} [[pisco-de-peito-ruivo]] (''[[species:Erithacus rubecula|Erithacus rubecula]]'')
===Sinónimos===
* De '''1''': [[maçaeiro#Galego|maçaeiro]], [[maçaieiro#Galego|maçaieiro]], [[maçaira#Galego|maçaira]], [[maçairo#Galego|maçairo]], [[maçaneiro#Galego|maçaneiro]], [[maçanzeira#Galego|maçanzeira]], [[maçanzeiro#Galego|maçanzeiro]], [[maceira#Galego|maceira]], [[maceiral#Galego|maceiral]], [[maceirudo#Galego|maceirudo]], [[macieira#Galego|macieira]], [[macinheira#Galego|macinheira]], [[maciro#Galego|maciro]], [[pomar#Galego|pomar]], [[pumar#Galego|pumar]], [[pumarinho#Galego|pumarinho]]
* De '''2''': Vide em [[chapinho#{{gl}}|chapinho]]
=={{etimologia|gl}}==
: {{escopo|Morfologia}} De ''[[maçã#{{gl}}|maçã]]'' + ''[[-eiro#{{gl}}|-eiro]]''.
[[Categoria:Substantivo (Galego)]]</text>
<sha1>oulsf6sbv3ix5b12i6rhcfeoo1hk1mf</sha1>
</revision>
</page>
