<page>
<title>Macedo</title>
<ns>0</ns>
<id>319997</id>
<revision>
<id>2504075</id>
<parentid>2504060</parentid>
<timestamp>2018-05-21T03:30:21Z</timestamp>
<contributor>
<username>MIL973</username>
<id>41339</id>
</contributor>
<model>wikitext</model>
<format>text/x-wiki</format>
<text bytes="402" xml:space="preserve">={{-pt-}}=
==Substantivo==
{{flex.pt|s=Macedo|p=Macedos}}
{{paroxítona|Ma|ce|do}}, {{gramática|pr|c2g}}
# {{escopo|pt|Antropônimo}} [[Apêndice:Sobrenomes em português|sobrenome]] comum em português
==Ver também==
===No Wikcionário===
====Antropônimos====
{{colunas|2}}
* [[Macedónia]]
* [[Macedônia]]
* [[Macedónio]]
* [[Macedônio]]
{{colunas/fim}}
[[Categoria:Substantivo (Português)]]</text>
<sha1>7lszr9tsaz1nn9iznpe0aejgen1b90m</sha1>
</revision>
</page>
