<page>
<title>Macedos</title>
<ns>0</ns>
<id>321706</id>
<revision>
<id>2448396</id>
<parentid>2234653</parentid>
<timestamp>2017-09-09T02:14:55Z</timestamp>
<contributor>
<username>MIL973</username>
<id>41339</id>
</contributor>
<model>wikitext</model>
<format>text/x-wiki</format>
<text bytes="181" xml:space="preserve">={{-pt-}}=
==Forma de substantivo==
{{paroxítona|Ma|ce|dos}}, {{gramática|pr|c2gp}}
# plural de [[Macedo]]
{{avi-for-fle|Macedo}}
[[Categoria:Forma de substantivo (Português)]]</text>
<sha1>b15fnb9thf9pji77vk4pgo9u3xticq1</sha1>
</revision>
</page>
