<page>
<title>maceirudo</title>
<ns>0</ns>
<id>360854</id>
<revision>
<id>2681883</id>
<parentid>2147696</parentid>
<timestamp>2022-06-27T16:03:59Z</timestamp>
<contributor>
<username>Cpls</username>
<id>20608</id>
</contributor>
<comment>/* {{-gl-}} */</comment>
<model>wikitext</model>
<format>text/x-wiki</format>
<text bytes="1485" xml:space="preserve">={{-gl-}}=
==Substantivo==
{{flex.gl|ms=maceirudo|mp=maceirudos}}
{{paroxítona|ma|cei|ru|do|lang=gl}}, {{gramática|m}}
# {{escopo|gl|Ave}} [[pisco-de-peito-ruivo]], (''[[species:Erithacus rubecula|Erithacus rubecula]]'')
# {{escopo|gl|Ave}} [[chapim-real]] (''[[species:Parus major|Parus major]]'')
# {{escopoCat|Árvore|gl}} [[maceira]]
==={{PEPB|Sinónimos|Sinônimos|inline=1}}===
* De '''1''' (''E.rubecula''):
{{dividir em colunas|3}}
* [[maceirento#Galego|maceirento]]
* [[papa-rúvia#Galego|papa-rúvia]]
* [[papim-colorado#Galego|papim-colorado]]
* [[papo-ruivo#Galego|papo-ruivo]]
* [[pardilho#Galego|pardilho]]
* [[párdola#Galego|párdola]]
* [[pisco#Galego|pisco]]
{{dividir em colunas.fim}}
* De '''2''' (chapim-real): Vide em [[ferreirinho-real#{{gl}}|ferreirinho-real]]
* De '''3''' (maceira):
{{dividir em colunas|3}}
* [[maçaeiro#Galego|maçaeiro]]
* [[maçaieiro#Galego|maçaieiro]]
* [[maçaira#Galego|maçaira]]
* [[maçairo#Galego|maçairo]]
* [[maçaneiro#Galego|maçaneiro]]
* [[maçanzeira#Galego|maçanzeira]]
* [[maçanzeiro#Galego|maçanzeiro]]
* [[maceira#Galego|maceira]]
* [[maceiral#Galego|maceiral]]
* [[maceiro#Galego|maceiro]]
* [[macieira#Galego|macieira]]
* [[macinheira#Galego|macinheira]]
* [[pomar#Galego|pomar]]
* [[pumar#Galego|pumar]]
* [[pumarinho#Galego|pumarinho]]
{{dividir em colunas.fim}}
=={{etimologia|gl}}==
: {{escopo|Morfologia}} De ''[[maceira#{{gl}}|maceira]]'' + ''[[-udo#{{gl}}|-udo]]''.
[[Categoria:Substantivo (Galego)]]</text>
<sha1>9qj9hvm696j80bhnc2strkmnz2vd9tn</sha1>
</revision>
</page>
