<page>
<title>maceirento</title>
<ns>0</ns>
<id>348345</id>
<revision>
<id>2681886</id>
<parentid>2512586</parentid>
<timestamp>2022-06-27T16:07:22Z</timestamp>
<contributor>
<username>Cpls</username>
<id>20608</id>
</contributor>
<comment>/* {{-gl-}} */</comment>
<model>wikitext</model>
<format>text/x-wiki</format>
<text bytes="537" xml:space="preserve">={{-gl-}}=
==Substantivo==
{{flex.gl|ms=maceirento|mp=maceirentos}}
{{paroxítona|ma|cei|ren|to|lang=gl}}, {{g|m|lang=gl}}
# {{escopo|gl|Ave}} [[tentilhão]] (''[[species:Fringilla coelebs|Fringilla coelebs]]'')
# {{escopo|gl|Ave}} [[pisco-de-peito-ruivo]] (''[[species:Erithacus rubecula|Erithacus rubecula]]'')
# {{escopo|gl|Ave}} [[chapim-real]] (''[[species:Parus major|Parus major]]'')
=={{etimologia|gl}}==
: {{escopo|Morfologia}} De ''[[maceira#{{gl}}|maceira]]'' + ''[[-ento#{{gl}}|-ento]]''.
[[Categoria:Substantivo (Galego)]]</text>
<sha1>dgaspe3i7cta1tqz5gr4c81ow4bmynw</sha1>
</revision>
</page>
