<page>
<page>
<title>macerado</title>
<ns>0</ns>
<id>263044</id>
<revision>
<id>2372191</id>
<parentid>1983525</parentid>
<timestamp>2017-05-04T14:28:00Z</timestamp>
<contributor>
<username>HydrizBot</username>
<id>29590</id>
</contributor>
<minor />
<comment>Robô: A limpar links interwikis antigos</comment>
<model>wikitext</model>
<format>text/x-wiki</format>
<text bytes="474" xml:space="preserve">={{-pt-}}=
==Adjetivo==
{{flex.pt|ms=macerado|mp=macerados|fs=macerada|fp=maceradas}}
{{paroxítona|ma|ce|ra|do}}
# diz-se daquilo que se [[macerar|macerou]]
==Substantivo==
{{flex.pt|ms=macerado|mp=macerados}}
{{paroxítona|ma|ce|ra|do}}
# [[resultado]] da [[maceração]] ou [[infusão]] a [[frio]]
=={{etimologia|pt}}==
: Particípio passado do verbo [[macerar]].
==Anagrama==
# [[adoçarem]]
[[Categoria:Adjetivo (Português)]]
[[Categoria:Substantivo (Português)]]</text>
<sha1>bwczi2ej1tz0yq90tz8x425bxacbv0m</sha1>
</revision>
