<page>
<title>machucada</title>
<ns>0</ns>
<id>262337</id>
<revision>
<id>2372218</id>
<parentid>1778651</parentid>
<timestamp>2017-05-04T14:29:54Z</timestamp>
<contributor>
<username>HydrizBot</username>
<id>29590</id>
</contributor>
<minor />
<comment>Robô: A limpar links interwikis antigos</comment>
<model>wikitext</model>
<format>text/x-wiki</format>
<text bytes="135" xml:space="preserve">={{-pt-}}=
==Forma de adjetivo==
{{paroxítona|ma|chu|ca|da}}
# feminino de [[machucado]]
[[Categoria:Forma de adjetivo (Português)]]</text>
<sha1>iv3sdyqmbhz2f70btdqvu8uvsn4sn31</sha1>
</revision>
</page>
