<page>
<page>
<title>machiquense</title>
<ns>0</ns>
<id>272805</id>
<revision>
<id>2449143</id>
<parentid>1601913</parentid>
<timestamp>2017-09-12T09:46:53Z</timestamp>
<contributor>
<username>ValJor</username>
<id>1358</id>
</contributor>
<comment>Um verbete a menos usando a [[Predefinição:flex.pt.com2|predefinição flex.pt.com2]]</comment>
<model>wikitext</model>
<format>text/x-wiki</format>
<text bytes="781" xml:space="preserve">={{-pt-}}=
==Adjetivo==
{{flex.pt|s=machiquense|p=machiquenses}}
{{paroxítona|ma|chi|quen|se}}, {{gramática|c2g}}
# relativo a [[Machico]]
==Substantivo==
{{paroxítona|ma|chi|quen|se}}, {{gramática|c2g}}
# natural ou habitante de [[Machico]]
===Sinónimo===
* {{escopo2|Popular}} [[machiqueiro]]
=={{etimologia|pt}}==
: {{escopo|Morfologia}} [[Machico]] + [[-ense]].
=={{pronúncia|pt}}==
===Portugal===
====Madeira====
* [[AFI]]: /mɐ.ʃi.ˈkẽ.sɨ/
==Ver também==
===Na Wikipédia===
* [[:w:Machico|Machico]]
* [[:w:Região Autónoma da Madeira|Arquipélago da Madeira]]
==Ligações externas==
* [http://www.cm-machico.pt/ Câmara Municipal de Machico]
[[Categoria:Adjetivo (Português)]]
[[Categoria:Substantivo (Português)]]
[[Categoria:Gentílico (Português)]]</text>
<sha1>1k9i0eot6acxzct7i4zlcydr1yy0l5f</sha1>
</revision>
