<page>
<title>machuques</title>
<ns>0</ns>
<id>219778</id>
<revision>
<id>2372229</id>
<parentid>1778677</parentid>
<timestamp>2017-05-04T14:30:20Z</timestamp>
<contributor>
<username>HydrizBot</username>
<id>29590</id>
</contributor>
<minor />
<comment>Robô: A limpar links interwikis antigos</comment>
<model>wikitext</model>
<format>text/x-wiki</format>
<text bytes="294" xml:space="preserve">={{-pt-}}=
==Forma verbal==
{{paroxítona|ma|chu|ques}}
#[[segunda pessoa]] do [[singular]] do [[presente]] do [[modo subjuntivo]] do verbo '''[[machucar]]'''
#[[segunda pessoa]] do [[singular]] do [[imperativo]] [[negativo]] do verbo '''[[machucar]]'''
[[Categoria:Forma verbal (Português)]]</text>
<sha1>p24oa3u39113h6x4ir51qdjs1n3kq6c</sha1>
</revision>
</page>
