<page>
<page>
<title>machuqueis</title>
<ns>0</ns>
<id>218363</id>
<revision>
<id>2372226</id>
<parentid>1158148</parentid>
<timestamp>2017-05-04T14:30:13Z</timestamp>
<contributor>
<username>HydrizBot</username>
<id>29590</id>
</contributor>
<minor />
<comment>Robô: A limpar links interwikis antigos</comment>
<model>wikitext</model>
<format>text/x-wiki</format>
<text bytes="291" xml:space="preserve">={{-pt-}}=
==Forma verbal==
{{paroxítona|ma|chu|queis}}
#[[segunda pessoa]] do [[plural]] do [[presente]] do [[modo subjuntivo]] do verbo '''[[machucar]]'''
#[[segunda pessoa]] do [[plural]] do [[imperativo]] [[negativo]] do verbo '''[[machucar]]'''
[[Categoria:Forma verbal (Português)]]</text>
<sha1>cim6o5jr30mizvg2llksveq5nqvg3n5</sha1>
</revision>
