<page>
<title>machucho</title>
<ns>0</ns>
<id>396276</id>
<revision>
<id>2504313</id>
<timestamp>2018-05-22T20:48:30Z</timestamp>
<contributor>
<username>Cpls</username>
<id>20608</id>
</contributor>
<comment>[[Ajuda:Guia de edição/Menus e ferramentas/Sumário de edição|→]] nova página: ={{-gl-}}= ==Adjetivo== {{flex.gl|ms=machucho|mp=machuchos|fs=machucha|fp=machuchas}} {{paroxítona|ma|chu|ch...</comment>
<model>wikitext</model>
<format>text/x-wiki</format>
<text bytes="514" xml:space="preserve">={{-gl-}}=
==Adjetivo==
{{flex.gl|ms=machucho|mp=machuchos|fs=machucha|fp=machuchas}}
{{paroxítona|ma|chu|cho|lang=gl}}
# [[compacto]] referido ao pão que na cozedura ficou com a massa {{o/a|condensad}}, que não esponjou
# qualifica à madeira {{o/a|dens}}, pouco porosa
# [[assisado]], prudente
# [[astuto]]
# qualifica à pessoa que já não é nova, [[maduro]]
=={{etimologia|gl}}==
: Confronte-se com ''[[maciço#{{gl}}|maciço]]'' e ''[[amachuchado#{{gl}}|amachuchado]]''.
[[Categoria:Adjetivo (Galego)]]</text>
<sha1>kopxelayb0d29q7z9rfs01v4oot88jz</sha1>
</revision>
</page>
