<page>
<title>machueiro</title>
<ns>0</ns>
<id>339043</id>
<revision>
<id>1922771</id>
<timestamp>2015-04-23T21:54:03Z</timestamp>
<contributor>
<username>Cpls</username>
<id>20608</id>
</contributor>
<comment>[[Ajuda:Guia de edição/Menus e ferramentas/Sumário de edição|→]] nova página: ={{-gl-}}= ==Substantivo== {{flex.gl|ms=machueiro|mp=machueiros}} {{paroxítona|ma|chu|ei|ro|lang=gl}}, {{m}}...</comment>
<model>wikitext</model>
<format>text/x-wiki</format>
<text bytes="500" xml:space="preserve">={{-gl-}}=
==Substantivo==
{{flex.gl|ms=machueiro|mp=machueiros}}
{{paroxítona|ma|chu|ei|ro|lang=gl}}, {{m}}
# planta de [[tojo]], gesta, planta do mato
# [[mato]] de [[tojo]]s, [[urze]]s ou [[giesta]]s
# pequeno pedaço de terreno agrícola
===Variantes===
* [[mochueiro#{{gl}}|mochueiro]]
===Sinónimos===
: '''De 2 (mato):'''
* [[matueiro#{{gl}}|matueiro]]
=={{etimologia|gl}}==
: Confronte-se com ''[[mocho#{{gl}}|mocho]]''.
[[Categoria:Substantivo (Galego)]]
[[Categoria:Botânica (Galego)]]</text>
<sha1>2oeq8mmnbxp6ckayarks3rd41dmu953</sha1>
</revision>
</page>
