<page>
<title>machuquemos</title>
<ns>0</ns>
<id>215418</id>
<revision>
<id>2372228</id>
<parentid>1778678</parentid>
<timestamp>2017-05-04T14:30:17Z</timestamp>
<contributor>
<username>HydrizBot</username>
<id>29590</id>
</contributor>
<minor />
<comment>Robô: A limpar links interwikis antigos</comment>
<model>wikitext</model>
<format>text/x-wiki</format>
<text bytes="391" xml:space="preserve">={{-pt-}}=
==Forma verbal==
{{paroxítona|ma|chu|que|mos}}
#[[primeira pessoa]] do [[plural]] do [[presente]] do [[modo subjuntivo]] do verbo '''[[machucar]]'''
#[[primeira pessoa]] do [[plural]] do [[imperativo]] [[afirmativo]] do verbo '''[[machucar]]'''
#[[primeira pessoa]] do [[plural]] do [[imperativo]] [[negativo]] do verbo '''[[machucar]]'''
[[Categoria:Forma verbal (Português)]]</text>
<sha1>svl6b9y35ua63bokl4nwdqi608xomic</sha1>
</revision>
</page>
