<page>
<page>
<title>machinho</title>
<ns>0</ns>
<id>435896</id>
<revision>
<id>2646176</id>
<parentid>2643232</parentid>
<timestamp>2021-08-21T14:01:12Z</timestamp>
<contributor>
<username>ValJor</username>
<id>1358</id>
</contributor>
<comment>Melhorando a apresentação do verbete usando a [[:predefinição:cria-entrada]]</comment>
<model>wikitext</model>
<format>text/x-wiki</format>
<text bytes="519" xml:space="preserve">={{-pt-}}=
==Substantivo==
{{paroxítona|ma|chi|nho}}, {{gramática|m}}
# espécie de [[machete]]
# parte posterior da junta da quartela, nas cavalgaduras
# {{escopo|pt|Música}} espécie de [[cavaquinho]]
==Forma de substantivo==
{{paroxítona|ma|chi|nho}}
# diminutivo de [[macho]]
{{avi-for-fle|macho}}
==Ligações externas==
* {{Aulete}}
* {{Michaelis}}
* {{DicioAberto}}
* {{DPLP}}
* {{Infopédia}}
* {{PLP}}
* {{VOLPABL}}
[[Categoria:Substantivo (Português)]]
[[Categoria:Forma de substantivo (Português)]]</text>
<sha1>ca039mh3dydl3lxrxogmcpn09jut9qm</sha1>
</revision>
