<page>
<title>machetar</title>
<ns>0</ns>
<id>396654</id>
<revision>
<id>2505730</id>
<timestamp>2018-06-05T12:04:19Z</timestamp>
<contributor>
<username>Cpls</username>
<id>20608</id>
</contributor>
<comment>[[Ajuda:Guia de edição/Menus e ferramentas/Sumário de edição|→]] nova página: ={{-gl-}}= ==Verbo== {{oxítona|ma|che|tar|lang=gl}}, {{g|trans|lang=gl}} # [[cortar]] com [[machete]] ou m...</comment>
<model>wikitext</model>
<format>text/x-wiki</format>
<text bytes="362" xml:space="preserve">={{-gl-}}=
==Verbo==
{{oxítona|ma|che|tar|lang=gl}}, {{g|trans|lang=gl}}
# [[cortar]] com [[machete]] ou [[machada]] menor
=={{etimologia|gl}}==
: {{escopo|Morfologia}} De ''[[macheta#{{gl}}|macheta]]'' ou ''[[machete#{{gl}}|machete]]'' + ''[[-ar#{{gl}}|-ar]]''. Confronte-se com o trasmontanismo ''[[muchetar#{{gl}}|muchetar]]''.
[[Categoria:Verbo (Galego)]]</text>
<sha1>jr6fzmiuo6c6wc48ilv5rci8lw8bjmt</sha1>
</revision>
</page>
