<page>
<page>
<title>machucar</title>
<ns>0</ns>
<id>165634</id>
<revision>
<id>2372220</id>
<parentid>1925865</parentid>
<timestamp>2017-05-04T14:29:59Z</timestamp>
<contributor>
<username>HydrizBot</username>
<id>29590</id>
</contributor>
<minor />
<comment>Robô: A limpar links interwikis antigos</comment>
<model>wikitext</model>
<format>text/x-wiki</format>
<text bytes="1518" xml:space="preserve">={{-pt-}}=
==Verbo==
{{oxítona|ma|chu|car}}
# [[ferir]], causar [[ferimento]], [[contusão]] ou [[lesão]] a [[alguém]]
# [[magoar]], [[fazer]] alguém [[sofrer]] [[fisicamente]] ou [[psicologicamente]]
# [[deformar]] ou [[causar]] [[lesão]] a [[algo]]
#* '''''Machucar''' uma fruta.''
===Conjugação===
{{conj/pt|machu|car}}
===Tradução===
{{tradini|De 1 (ferir)}}
* {{trad|de|verletzen}}
* {{trad|fr|blesser}}
{{tradmeio}}
* {{trad|en|injure}}
* {{trad|ja|傷つく|傷つける}}
{{tradfim}}  
{{tradini|De 2 (magoar)}}
* {{trad|en|hurt}}
{{tradmeio}}
{{tradfim}}                                                                                        
===Verbetes derivados===
{{verTambém.Ini}}
* [[machuca]]
* [[machucação]] 
{{verTambém.NovaColuna}}
* [[machucadura]] 
{{verTambém.NovaColuna}}
* [[machucamento]]
{{verTambém.Fim}}
=={{etimologia|pt}}==
:Do espanhol [[machucar#{{es}}|machucar]].
[[Categoria:Verbo (Português)]]
[[Categoria:Entrada de étimo espanhol (Português)]]
={{-es-}}=
==Verbo==
'''machucar'''
# [[machucar#Português|machucar]]
[[Categoria:Verbo (Espanhol)]]
={{-gl-}}=
==Verbo==
{{oxítona|ma|chu|car|lang=gl}}, ''transitivo'' e ''reflexo'' 
# [[machucar#{{pt}}|machucar]], [[magoar]], ferir, lesionar, deformar
# [[esmagar]]
# converter em pó alguma cousa
# comer com ansiedade [[mastigar|mastigando]] com força
==={{etimologia|gl}}===
: Confronte-se com ''[[machicar#{{gl}}|machicar]]'' e com ''[[esmachucar#{{gl}}|esmachucar]]''.
[[Categoria:Verbo (Galego)]]</text>
<sha1>sgji4m6ulwafm14x5huscszn37nudxk</sha1>
</revision>
