<page>
<title>machuquem</title>
<ns>0</ns>
<id>217013</id>
<revision>
<id>2372227</id>
<parentid>1158149</parentid>
<timestamp>2017-05-04T14:30:15Z</timestamp>
<contributor>
<username>HydrizBot</username>
<id>29590</id>
</contributor>
<minor />
<comment>Robô: A limpar links interwikis antigos</comment>
<model>wikitext</model>
<format>text/x-wiki</format>
<text bytes="388" xml:space="preserve">={{-pt-}}=
==Forma verbal==
{{paroxítona|ma|chu|quem}}
#[[terceira pessoa]] do [[plural]] do [[presente]] do [[modo subjuntivo]] do verbo '''[[machucar]]'''
#[[terceira pessoa]] do [[plural]] do [[imperativo]] [[afirmativo]] do verbo '''[[machucar]]'''
#[[terceira pessoa]] do [[plural]] do [[imperativo]] [[negativo]] do verbo '''[[machucar]]'''
[[Categoria:Forma verbal (Português)]]</text>
<sha1>1gi4t0sppf9gmvhggpctzydxor8h9ic</sha1>
</revision>
</page>
