<page>
<page>
<title>machorro</title>
<ns>0</ns>
<id>264538</id>
<revision>
<id>2372216</id>
<parentid>1979780</parentid>
<timestamp>2017-05-04T14:29:46Z</timestamp>
<contributor>
<username>HydrizBot</username>
<id>29590</id>
</contributor>
<minor />
<comment>Robô: A limpar links interwikis antigos</comment>
<model>wikitext</model>
<format>text/x-wiki</format>
<text bytes="342" xml:space="preserve">={{-pt-}}=
==Adjetivo==
{{flex.pt|ms=machorro|mp=machorros|fs=machorroa|fp=machorroas}}
{{paroxítona|ma|cho|rro}}
# [[estéril]], que não pode procriar, que não procriou
==Ver também==
===No Wikcionário===
{{verTambém.Ini}}
* [[maninho]]
{{verTambém.NovaColuna}}
* [[infecundo]]
{{verTambém.Fim}}
[[Categoria:Adjetivo (Português)]]</text>
<sha1>ln7j7noyducd28rkltckloa6ibw4rmu</sha1>
</revision>
