<page>
<page>
<title>machadar</title>
<ns>0</ns>
<id>362831</id>
<revision>
<id>2157723</id>
<parentid>2157722</parentid>
<timestamp>2016-08-11T16:24:40Z</timestamp>
<contributor>
<username>Jéssica S. Ciqueira</username>
<id>53180</id>
</contributor>
<model>wikitext</model>
<format>text/x-wiki</format>
<text bytes="186" xml:space="preserve">={{-pt-}}=
==Verbo==
{{oxítona|ma|cha|dar}}
# [[golpear]] com [[machado]]
===Tradução===
{{tradini|De 1}}
* {{trad|en|axe}}
{{tradmeio}}
{{tradfim}}
[[Categoria:Verbo (Português)]]</text>
<sha1>8cho09zda5dgum90dfklx2pu6rddknh</sha1>
</revision>
