<page>
<title>Macht</title>
<ns>0</ns>
<id>34707</id>
<revision>
<id>2273586</id>
<parentid>2063960</parentid>
<timestamp>2017-04-26T21:19:16Z</timestamp>
<contributor>
<username>HydrizBot</username>
<id>29590</id>
</contributor>
<minor />
<comment>Robô: A limpar links interwikis antigos</comment>
<model>wikitext</model>
<format>text/x-wiki</format>
<text bytes="508" xml:space="preserve">={{-de-}}=
== Substantivo ==
'''Macht''', {{f}}
# [[poder]], [[força]]
===Declinação===
{{decl.de.subst.fraca.fem
|ns=Macht
|np=Mächte}}
=={{etimologia|de}}==
:Do [[alto alemão antigo]] ''[[maht]]''.
== Ver também ==
=== No Wikcionário ===
{{verTambém.Ini}}
* [[entmachten]]
* [[Machterhalt]]
* [[Machtvollkommenheit]]
* [[mächtig]]
* [[machtlos]]
{{verTambém.NovaColuna}}
* [[Machtmissbrauch]]
* [[machtvoll]]
* [[Ohnmacht]]
* [[Vollmacht]]
{{verTambém.Fim}}
[[Categoria:Substantivo (Alemão)]]</text>
<sha1>41hq2k2oeu4bmhtba3zcp7llimdx7fz</sha1>
</revision>
</page>
