<page>
<title>macht</title>
<ns>0</ns>
<id>34715</id>
<revision>
<id>2458026</id>
<parentid>2372217</parentid>
<timestamp>2017-10-30T07:43:54Z</timestamp>
<contributor>
<username>Spanier</username>
<id>43713</id>
</contributor>
<comment>estilo</comment>
<model>wikitext</model>
<format>text/x-wiki</format>
<text bytes="1178" xml:space="preserve">{{ver também|Macht}}
={{-de-}}=
== Forma Verbal ==
'''macht'''
# [[terceira]] [[pessoa]] do [[singular]] do [[indicativo]] de '''[[machen#{{de}}|machen]]'''
# {{tradex|de|Ja, leider '''macht''' es diese Situation schwierig für die Kinder.|Infelizmente isto dificulta a situação para as crianças.}}
# [[segunda]] [[pessoa]] do [[plural]] do [[indicativo]] de '''[[machen#{{de}}|machen]]'''
# [[plural]] do [[imperativo]] de '''[[machen#{{de}}|machen]]'''
=={{pronúncia|de}}==
*[[AFI]]: {{AFI|/maxt/|de}} {{audio|De-macht.ogg|ouvir|lang=de}}
[[Categoria:Forma verbal (Alemão)]]
={{-fy-}}=
== Substantivo ==
'''macht'''
# [[poder]]
=== Sinônimos ===
* (''de 1'') [[fermogen]]
[[Categoria:Substantivo (Frísio)]]
={{-nl-}}=
== Substantivo ==
'''macht''' , {{mf}} {{p|machten}}
# [[poder]]
# [[força]]
# [[autoridade]]
=== Sinônimos ===
* [[gezag]]
* [[heerschappij]]
* [[kracht]]
* [[mogendheid]]
* [[sterkte]]
* [[vermogen]]
=== Expressões ===
* [[wetgevende macht]]: [[poder legislativo]]
* [[rechterlijke macht]]: [[poder judiciário]]
* [[uitvoerende macht]]: [[poder executivo]]
* [[machtsverheffen]]: [[exponenciação]]
[[Categoria:Substantivo (Holandês)]]</text>
<sha1>2crqnk3lfek9nh6qny1ozeipc30cofd</sha1>
</revision>
</page>
