<page>
<page>
<title>machão</title>
<ns>0</ns>
<id>384656</id>
<revision>
<id>2689302</id>
<parentid>2617854</parentid>
<timestamp>2022-10-06T20:29:32Z</timestamp>
<contributor>
<username>AnnaBruta</username>
<id>69174</id>
</contributor>
<comment>/* Substantivo */</comment>
<model>wikitext</model>
<format>text/x-wiki</format>
<text bytes="909" xml:space="preserve">={{-pt-}}=
==Substantivo==
{{flex.pt|ms=machão|mp=machões}}
{{oxítona|ma|chão}}, {{gramática|m}}
# [[mulher]] de aspecto e de modos [[varonil|varonis]]
# mulher de modo bravo
# [[homem]] muito [[viril]]
=={{etimologia|pt}}==
: {{escopo|Morfologia}} De ''[[macho]]'' + ''[[-ão]]''.
=={{pronúncia|pt}}==
===Portugal===
* AFI: {{AFI|/mɐ.ˈʃɐ̃w̃/}}
[[Categoria:Substantivo (Português)]]
={{-gl-}}=
==Substantivo==
{{flex.gl|ms=machão|mp=machões}}
{{oxítona|ma|chão|lang=gl}}, {{gramática|m|lang=gl}}
# pedra que forma a [[jamba]] lateral de uma porta
# grande [[pedra]] disposta verticalmente que forma parte de uma parede
# peça de madeira {{o/a|direit}} que serve para fazer o pé de um [[móvel]]
=={{etimologia|gl}}==
: {{escopo|Morfologia}} De ''[[macho#{{gl}}|macho]]'' + ''[[-ão#{{gl}}|-ão]]''.
=={{pronúncia|gl}}==
* [[AFI]]: /ma.'t͡ʃoŋ/
[[Categoria:Substantivo (Galego)]]</text>
<sha1>7nkd9pnm55ot0e1hzma2t3n8zp55f7y</sha1>
</revision>
