<page>
<page>
<title>machiscar</title>
<ns>0</ns>
<id>406072</id>
<revision>
<id>2534523</id>
<timestamp>2019-01-30T11:14:39Z</timestamp>
<contributor>
<username>Cpls</username>
<id>20608</id>
</contributor>
<comment>[[Ajuda:Guia de edição/Menus e ferramentas/Sumário de edição|→]] nova página: ={{-gl-}}= ==Verbo== {{oxítona|ma|chis|car|lang=gl}} # [[ruminar]] # [[pensar]] sobre algum tema, reflexiona...</comment>
<model>wikitext</model>
<format>text/x-wiki</format>
<text bytes="338" xml:space="preserve">={{-gl-}}=
==Verbo==
{{oxítona|ma|chis|car|lang=gl}}
# [[ruminar]]
# [[pensar]] sobre algum tema, reflexionar, [[cogitar]]
==={{-varort-}}===
* [[machicar#{{gl}}|machicar]]
=={{etimologia|gl}}==
: Aparentado com o [[latim]] tardio {{etimo|la|masticare}}. Confronte-se com ''[[machigar#{{gl}}|machigar]]''.
[[Categoria:Verbo (Galego)]]</text>
<sha1>4pphddbvugkggj0otae7vn1c2fzkh6y</sha1>
</revision>
