<page>
<page>
<title>machadão</title>
<ns>0</ns>
<id>278149</id>
<revision>
<id>1268359</id>
<parentid>1264734</parentid>
<timestamp>2011-10-26T08:48:22Z</timestamp>
<contributor>
<username>ValJor</username>
<id>1358</id>
</contributor>
<comment>Retirando da [[Especial:Uncategorizedpages|página de verbetes sem categoria]]</comment>
<model>wikitext</model>
<format>text/x-wiki</format>
<text bytes="138" xml:space="preserve">={{-pt-}}=
==Forma de substantivo==
{{oxítona|ma|cha|dão}}
# aumentativo de [[machado]]
[[Categoria:Forma de substantivo (Português)]]</text>
<sha1>aihaw52vbl49nd2lhdatwwv71t1753o</sha1>
</revision>
