<page>
<title>machear</title>
<ns>0</ns>
<id>264536</id>
<revision>
<id>2372205</id>
<parentid>1778658</parentid>
<timestamp>2017-05-04T14:28:42Z</timestamp>
<contributor>
<username>HydrizBot</username>
<id>29590</id>
</contributor>
<minor />
<comment>Robô: A limpar links interwikis antigos</comment>
<model>wikitext</model>
<format>text/x-wiki</format>
<text bytes="295" xml:space="preserve">={{-pt-}}=
==Verbo==
{{paroxítona|machear}}
# cobrir o [[macho]] à fêmea
# no lavor da carpintaria encaixar peças em chanfro
==Ver também==
===No Wikcionário===
{{verTambém.Ini}}
* [[machorro]]
{{verTambém.NovaColuna}}
* [[machado]]
{{verTambém.Fim}}
[[Categoria:Verbo (Português)]]</text>
<sha1>k9bbhcrj9ivofj1q0cfyv6pnaym2oro</sha1>
</revision>
</page>
