<page>
<page>
<title>machete</title>
<ns>0</ns>
<id>115159</id>
<revision>
<id>2505735</id>
<parentid>2372207</parentid>
<timestamp>2018-06-05T12:43:46Z</timestamp>
<contributor>
<username>Cpls</username>
<id>20608</id>
</contributor>
<model>wikitext</model>
<format>text/x-wiki</format>
<text bytes="1176" xml:space="preserve">={{-pt-}}=
==Substantivo==
{{flex.pt|ms=machete|mp=machetes}}
{{paroxítona|ma|che|te}}, {{g|m}}
# {{escopo|pt|Ferramenta}} [[faca]] grande para cortar mato 
# {{escopo|pt|Música}} [[cavaquinho]]
===Sinónimos===
* De '''1''':  [[fação]], [[peixeira]]
=={{etimologia|pt}}==
: {{llietimo|es|machete|pt}}
[[Categoria:Substantivo (Português)]]
={{-en-}}=
==Substantivo==
'''machete'''
# [[machete#{{pt}}|machete]], [[facão]], [[peixeira]]
[[Categoria:Substantivo (Inglês)]]
={{-gl-}}=
==Substantivo==
{{flex.gl|s=machete|p=machetes}}
{{paroxítona|ma|che|te|lang=gl}}, {{g|c2g|lang=gl}}
# {{escopo|gl|pejorativo}} [[parvo]], de pouca inteligência
==Substantivo==
{{flex.gl|ms=machete|mp=machetes}}
{{paroxítona|ma|che|te|lang=gl}}, {{g|m|lang=gl}}
# [[mulo]] pequeno; desprezativo para um mulo pequeno ou pouco adequado
# {{escopo|gl|Ferramenta}} [[machete#{{pt}}|machete]]
# [[espada]] curta; [[faca]] grande
=={{etimologia|gl}}==
: {{escopo|Morfologia}} De ''[[macho#{{gl}}|macho]]'' + ''[[-ete#{{gl}}|-ete]]'', confronte-se com ''[[macete#{{gl}}|macete]]'', ''[[macheta#{{gl}}|macheta]]'' e ''[[macheto#{{gl}}|macheto]]''.
[[Categoria:Substantivo (Galego)]]</text>
<sha1>ofrov4mgrta1j0g2x0p78hnk4tbs4i5</sha1>
</revision>
