<page>
<page>
<title>machiguenga</title>
<ns>0</ns>
<id>435981</id>
<revision>
<id>2646533</id>
<parentid>2643439</parentid>
<timestamp>2021-08-24T09:13:10Z</timestamp>
<contributor>
<username>ValJor</username>
<id>1358</id>
</contributor>
<comment>Melhorando a apresentação do verbete</comment>
<model>wikitext</model>
<format>text/x-wiki</format>
<text bytes="602" xml:space="preserve">{{Wikipédia|lang=pt|língua matsiguenga}}
={{-pt-}}=
==Substantivo==
{{paroxítona|ma|chi|guen|ga}}
# {{escopo|pt|Etnônimo}} povo [[indígena]] que vive nas regiões de selva da Bacia Amazônica, no sudeste do [[Peru]], a leste de Machu Picchu e próximo às fronteiras da [[Bolívia]] e do [[Brasil]]
# {{escopo|pt|Língua}} língua [[aruaque]] do ramo da Campa; é falada ao longo do rio Urubamba e do rio Manu, nas províncias de [[Cusco]], Peru e em [[Madre de Dios]] por cerca de 6.200 pessoas da etnia de mesmo nome
==={{-varort-}}===
* [[matsiguenga]]
[[Categoria:Substantivo (Português)]]</text>
<sha1>soyct31ofn6es7bwsj5aibmczfrvgta</sha1>
</revision>
