<page>
<title>machado</title>
<ns>0</ns>
<id>32211</id>
<revision>
<id>2689403</id>
<parentid>2687835</parentid>
<timestamp>2022-10-11T09:25:12Z</timestamp>
<contributor>
<username>ZazaLejyoner</username>
<id>87674</id>
</contributor>
<comment>/* Tradução */</comment>
<model>wikitext</model>
<format>text/x-wiki</format>
<text bytes="3525" xml:space="preserve">{{Wikipédia|lang=pt}}
{{Wikipédia|lang=gl|machada}}
[[Imagem:Double bitted felling axe.jpg|thumb|right|250px|{{centro|Machado}}]]
{{ver também|Machado|Machados}}
={{-pt-}}=
==Substantivo==
{{flex.pt|ms=machado|mp=machados}}
{{paroxítona|ma|cha|do}}, {{gramática|m}}
# {{escopo|pt|Ferramenta}} [[ferramenta]] [[cortante]] [[compor|composta]] de um [[cabo]] (usualmente de [[madeira]]) e uma [[cabeça]] (usualmente de [[ferro]]) com [[gume]]s de um ou dois lados
===Aumentativo===
* [[machadão]]
===Tradução===
{{tradini}}
* {{trad|af|byl}}
* {{trad|sq|latë}}
* {{t|de|Axt|f}}
* {{trad|ar|فأس}}
* {{trad|an|estral}}
* {{trad|as|কুঠাৰ}}
* {{trad|ast|hachu}}
* {{trad|az|balta}}
* {{trad|eu|aizkora}}
* {{trad|bar|åxt}}
* {{trad|bpy|মাচাডো}}
* {{trad|bs|sjekira}}
* {{trad|br|bouc'hal}}
* {{trad|bg|брадва|брадвичка}}
* {{trad|xal|сүк}}
* {{trad|yue|斧頭}}
* {{trad|ca|destral}}
* {{trad|cs|sekera}}
* {{trad|zh|斧}}
* {{trad|ko|도끼}}
* {{trad|hr|sjekira}}
* {{trad|da|økse}}
* {{trad|sk|sekera}}
* {{trad|sl|sekira}}
* {{trad|es|hacha}}
* {{trad|eo|hakilo}}
* {{trad|et|kirves}}
* {{trad|fi|kirves}}
* {{trad|vls|bylle}}
* {{t|fr|hache|f}}
* {{trad|gl|machado}}
* {{trad|ht|rach}}
* {{trad|he|גרזן}}
* {{trad|hi|कुल्हाड़ी}}
* {{trad|nl|bijl}}
* {{trad|hu|balta|fejsze}}
* {{trad|io|hakilo}}
* {{trad|id|kapak}}
* {{trad|en|axe}}
{{tradmeio}}
* {{trad|ang|æcs}}
* {{trad|is|öxi}}
* {{trad|it|scure|ascia}}
* {{trad|ja|斧}} (おの, ono)
* {{trad|kg|soka}}
* {{trad|la|securis}}
* {{trad|lv|cirvis}}
* {{trad|ln|nsóka}}
* {{trad|lt|kirvis}}
* {{trad|mk|секира}}
* {{trad|ml|മഴു}}
* {{trad|ms|kapak}}
* {{trad|mr|कुर्‍हाड}}
* {{trad|nan|pó͘-thâu}}
* {{trad|new|पाः}}
* {{trad|nb|øks}}
* {{trad|nn|øks}}
* {{trad|pam|palakul}}
* {{trad|fa|تبر}}
* {{trad|pl|topór|siekiera}}
* {{trad|qu|ch'iqtana}}
* {{trad|ro|topor}}
* {{trad|ru|топор}}
* {{trad|sgs|kėrvis}}
* {{trad|sr|секира}}
* {{trad|sh|sjekira}}
* {{trad|scn|accetta}}
* {{trad|sv|yxa}}
* {{trad|su|kampak}}
* {{trad|tl|palakol}}
* {{trad|th|ขวาน}}
* {{trad|ta|கோடரி}}
* {{trad|te|గొడ్డలి}}
* {{trad|tet|baliu}}
* {{trad|tr|balta}}
* {{trad|uk|сокира}}
* {{trad|wa|hepe}}
* {{trad|vro|kirvõs}}
* {{trad|war|parakol}}
* {{trad|zza|torzin}}
{{tradfim}}
===Verbetes derivados===
* [[machadada]]
=={{etimologia|pt}}==
{{llietimo|la|marculatum|pt}}
=={{pronúncia|pt}}==
* AFI: /mɐ.'ʃa.du/
===Portugal===
* AFI: {{AFI|/mɐ.ˈʃa.du/}}
==Ver também==
===No Wikcionário===
====Antropônimos====
* [[Machado]]
====Topônimos====
{{dividir em colunas|2}}
* [[Machado]]
* [[Machados]]
{{dividir em colunas/fim}}
==Anagrama==
&lt;!-- índice para anagramas: pt: aacdhmo --&gt;
# [[chamado]]
[[Categoria:Substantivo (Português)]]
[[Categoria:Entrada com imagem (Português)]]
={{-gl-}}=
==Substantivo==
{{flex.gl|ms=machado|mp=machados}}
{{paroxítona|ma|cha|do|lang=gl}}, {{gramática|m|lang=gl}}
# {{escopo|gl|Ferramenta}} [[machado#{{pt}}|machado]]
# {{escopo|gl|Botânica}} [[chícharo]], (''[[species:Lathyrus sativus|Lathyrus sativus]]'')
==={{PEPB|Sinónimos|Sinônimos|inline=1}}===
* De '''1''' (ferramenta): [[machada]], [[brosa]], [[macheta]]
* De '''2''' (termo de botânica): [[artego#{{gl}}|artego]], [[cantudo#{{gl}}|cantudo]], [[pedrolo#{{gl}}|pedrolo]]
=={{pronúncia|gl}}==
* AFI: /ma.'t͡ʃa.do/
[[Categoria:Substantivo (Galego)]]
[[Categoria:Entrada com imagem (Galego)]]</text>
<sha1>hai3tndy95iqxk3upblge3g6dyupmof</sha1>
</revision>
</page>
