<page>
<title>machadianos</title>
<ns>0</ns>
<id>327567</id>
<revision>
<id>2372200</id>
<parentid>2210692</parentid>
<timestamp>2017-05-04T14:28:26Z</timestamp>
<contributor>
<username>HydrizBot</username>
<id>29590</id>
</contributor>
<minor />
<comment>Robô: A limpar links interwikis antigos</comment>
<model>wikitext</model>
<format>text/x-wiki</format>
<text bytes="374" xml:space="preserve">{{confundir|assisenses|machadenses}}
={{-pt-}}=
==Forma de adjetivo==
{{paroxítona|ma|cha|di|a|nos}}, {{gramática|mp}}
# plural de [[machadiano]]
==Forma de substantivo==
{{paroxítona|ma|cha|di|a|nos}}, {{gramática|mp}}
# plural de [[machadiano]]
{{avi-for-fle|machadiano}}
[[Categoria:Forma de adjetivo (Português)]]
[[Categoria:Forma de substantivo (Português)]]</text>
<sha1>3ud8xic183u0bb6rn1s0o9pri3j6006</sha1>
</revision>
</page>
