<page>
<title>machuque</title>
<ns>0</ns>
<id>214083</id>
<revision>
<id>2372225</id>
<parentid>1778679</parentid>
<timestamp>2017-05-04T14:30:11Z</timestamp>
<contributor>
<username>HydrizBot</username>
<id>29590</id>
</contributor>
<minor />
<comment>Robô: A limpar links interwikis antigos</comment>
<model>wikitext</model>
<format>text/x-wiki</format>
<text bytes="393" xml:space="preserve">={{-pt-}}=
==Forma verbal==
{{paroxítona|ma|chu|que}}
#[[primeira pessoa]] do [[singular]] do [[presente]] do [[modo subjuntivo]] do verbo '''[[machucar]]'''
#[[terceira pessoa]] do [[singular]] do [[imperativo]] [[afirmativo]] do verbo '''[[machucar]]'''
#[[terceira pessoa]] do [[singular]] do [[imperativo]] [[negativo]] do verbo '''[[machucar]]'''
[[Categoria:Forma verbal (Português)]]</text>
<sha1>e018ud1z9k8ueeinmitrgsdjdvx7oh8</sha1>
</revision>
</page>
