<page>
<title>machucado</title>
<ns>0</ns>
<id>152612</id>
<revision>
<id>2372219</id>
<parentid>1778650</parentid>
<timestamp>2017-05-04T14:29:56Z</timestamp>
<contributor>
<username>HydrizBot</username>
<id>29590</id>
</contributor>
<minor />
<comment>Robô: A limpar links interwikis antigos</comment>
<model>wikitext</model>
<format>text/x-wiki</format>
<text bytes="515" xml:space="preserve">={{-pt-}}=
==Adjetivo==
{{flex.pt|machucado|machucados|machucada|machucadas}}
{{paroxítona|ma|chu|ca|do}}, {{m}}
# [[ferido]], [[dolorido]]; que sofreu um machucado
==Substantivo==
{{paroxítona|ma|chu|ca|do}}, {{m}}
# [[ferida]], [[corte]], [[hematoma]]
===Sinônimos===
*[[machucadura]]
===Tradução===
{{tradini}}
*{{trad|en|hurt|wound}}
{{tradmeio}}
*{{trad|ja|怪我}} (けが, kega), {{xlatio|ja|傷}} (きず, kizu)
{{tradfim}}
[[Categoria:Adjetivo (Português)]]
[[Categoria:Substantivo (Português)]]</text>
<sha1>hdbvzel1g7cg9rzwjq2uu2qca8vciiu</sha1>
</revision>
</page>
