<page>
<page>
<title>machados</title>
<ns>0</ns>
<id>339069</id>
<revision>
<id>2492635</id>
<parentid>2372202</parentid>
<timestamp>2018-04-02T02:28:36Z</timestamp>
<contributor>
<username>MIL973</username>
<id>41339</id>
</contributor>
<model>wikitext</model>
<format>text/x-wiki</format>
<text bytes="459" xml:space="preserve">{{ver também|Machado|Machados}}
={{-pt-}}=
==Forma de substantivo==
{{paroxítona|ma|cha|dos}}, {{gramática|mp}}
# plural de [[machado]]
{{avi-for-fle|machado}}
==Anagrama==
# [[chamados]]
[[Categoria:Forma de substantivo (Português)]]
={{-gl-}}=
==Forma de substantivo==
{{paroxítona|ma|cha|dos|lang=gl}}, {{gramática|mp|lang=gl}}
# plural de [[machado#{{gl}}|machado]]
{{avi-for-fle|machado|lang=gl}}
[[Categoria:Forma de substantivo (Galego)]]</text>
<sha1>bbcjcm7eifazvalp2yettzfaw2ms7y1</sha1>
</revision>
