<page>
<title>Machado</title>
<ns>0</ns>
<id>141147</id>
<revision>
<id>2492633</id>
<parentid>2447785</parentid>
<timestamp>2018-04-02T02:25:50Z</timestamp>
<contributor>
<username>MIL973</username>
<id>41339</id>
</contributor>
<model>wikitext</model>
<format>text/x-wiki</format>
<text bytes="812" xml:space="preserve">{{Wikipédia|Machado (Minas Gerais)}}
{{ver também|machado|machados}}
={{-pt-}}=
==Substantivo==
{{flex.pt|s=Machado|p=Machados}}
{{paroxítona|Ma|cha|do}}, {{gramática|pr|c2g}}
# {{escopo|pt|Município do estado de Minas Gerais}} [[Apêndice:Gentílicos e topónimos em português/Brasil/Minas Gerais|município brasileiro do estado de Minas Gerais]]
# {{escopo|pt|Antropônimo}} [[Apêndice:Sobrenomes em português|sobrenome]] comum em português
===Expressões===
* '''[[Álvares Machado]]''':
* '''[[Pinheiro Machado]]''':
==Ver também==
===No Wikcionário===
{{colunas|3}}
* [[machadense]]
* [[machadiano]]
* [[machado]]
{{colunas/fim}}
==Anagrama==
# [[chamado]]
==Ligações externas==
* [http://www.machado.mg.gov.br/ Prefeitura de Machado (Minas Gerais)]
[[Categoria:Substantivo (Português)]]</text>
<sha1>fkerd1k7p1r9tyfgb4u4qrq90xg9s73</sha1>
</revision>
</page>
