<page>
<title>machucarem</title>
<ns>0</ns>
<id>212654</id>
<revision>
<id>2372222</id>
<parentid>1158144</parentid>
<timestamp>2017-05-04T14:30:04Z</timestamp>
<contributor>
<username>HydrizBot</username>
<id>29590</id>
</contributor>
<minor />
<comment>Robô: A limpar links interwikis antigos</comment>
<model>wikitext</model>
<format>text/x-wiki</format>
<text bytes="274" xml:space="preserve">={{-pt-}}=
==Forma verbal==
'''machucarem'''
#[[terceira pessoa]] do [[plural]] do [[futuro]] do [[modo subjuntivo]] do verbo '''[[machucar]]'''
#[[infinitivo pessoal]] da [[terceira pessoa]] do [[plural]] do verbo '''[[machucar]]'''
[[Categoria:Forma verbal (Português)]]</text>
<sha1>mb1euwu036pamk62h9zi8982giga3zl</sha1>
</revision>
</page>
