<page>
<page>
<title>machadenses</title>
<ns>0</ns>
<id>339071</id>
<revision>
<id>2210696</id>
<parentid>2210681</parentid>
<timestamp>2016-12-11T01:39:42Z</timestamp>
<contributor>
<username>MIL973</username>
<id>41339</id>
</contributor>
<model>wikitext</model>
<format>text/x-wiki</format>
<text bytes="388" xml:space="preserve">{{confundir|assisenses|machadianas|machadianos}}
={{-pt-}}=
==Forma de adjetivo==
{{paroxítona|ma|cha|den|ses}}, {{gramática|c2gp}}
# plural de [[machadense]]
==Forma de substantivo==
{{paroxítona|ma|cha|den|ses}}, {{gramática|c2gp}}
# plural de [[machadense]]
{{avi-for-fle|machadense}}
[[Categoria:Forma de adjetivo (Português)]]
[[Categoria:Forma de substantivo (Português)]]</text>
<sha1>57ptezms7gnpaiszh4z9bzluzvvgv8t</sha1>
</revision>
