<page>
<page>
<title>machar</title>
<ns>0</ns>
<id>338870</id>
<revision>
<id>2626326</id>
<parentid>2372204</parentid>
<timestamp>2021-03-11T20:11:31Z</timestamp>
<contributor>
<username>Cpls</username>
<id>20608</id>
</contributor>
<comment>/* {{-gl-}} */</comment>
<model>wikitext</model>
<format>text/x-wiki</format>
<text bytes="354" xml:space="preserve">={{-gl-}}=
==Verbo==
{{oxítona|ma|char|lang=gl}}
# [[mascar]]
# [[ruminar]]
# bater as [[mandíbula]]s o [[verrasco]] quando está em cio.
# produzir um som de [[clique]], usado como sinal de reprovação
# bater com um grande [[maço]]
=={{etimologia|gl}}==
: {{escopo|Morfologia}} Derivada de ''[[macho#{{gl}}|macho]]''.
[[Categoria:Verbo (Galego)]]</text>
<sha1>e95xdt8b7pemaibo4r28en7vhcj2h3i</sha1>
</revision>
