<page>
<page>
<title>machine</title>
<ns>0</ns>
<id>40086</id>
<revision>
<id>2372210</id>
<parentid>2251195</parentid>
<timestamp>2017-05-04T14:29:23Z</timestamp>
<contributor>
<username>HydrizBot</username>
<id>29590</id>
</contributor>
<minor />
<comment>Robô: A limpar links interwikis antigos</comment>
<model>wikitext</model>
<format>text/x-wiki</format>
<text bytes="597" xml:space="preserve">{{Wikipédia|lang=fr}}
{{Wikipédia|lang=hif}}
{{Wikipédia|lang=nl}}
{{Wikipédia|lang=en}}
={{-fr-}}=
==Substantivo==
'''machine'''
# [[máquina]]
[[Categoria:Substantivo (Francês)]]
={{-hif-}}=
==Substantivo==
'''machine'''
# [[máquina]]
[[Categoria:Substantivo (Hindi Fijiano)]]
={{-nl-}}=
==Substantivo==
'''machine'''
# [[máquina]]
[[Categoria:Substantivo (Holandês)]]
={{-en-}}=
==Substantivo==
'''machine'''
# [[máquina]]
===Expressões===
* '''[[machine gun]]''': 
* '''[[sewing machine]]''': 
* '''[[telephone answering machine]]''': 
[[Categoria:Substantivo (Inglês)]]</text>
<sha1>7hbrrxn2hr9d3sdqi6dwwje3pw3yyut</sha1>
</revision>
