<page>
<page>
<title>Machados</title>
<ns>0</ns>
<id>142240</id>
<revision>
<id>2492632</id>
<parentid>2447784</parentid>
<timestamp>2018-04-02T02:25:34Z</timestamp>
<contributor>
<username>MIL973</username>
<id>41339</id>
</contributor>
<model>wikitext</model>
<format>text/x-wiki</format>
<text bytes="728" xml:space="preserve">{{Wikipédia}}
{{ver também|machado|machados}}
={{-pt-}}=
==Substantivo==
{{paroxítona|Ma|cha|dos}}, {{gramática|pr}}
# {{escopo|pt|Município do estado de Pernambuco}} [[Apêndice:Gentílicos e topónimos em português/Brasil/Pernambuco|município brasileiro do estado de Pernambuco]]
==Forma de substantivo==
{{paroxítona|Ma|cha|dos}}, {{gramática|pr|c2gp}}
# plural de [[Machado]]
{{avi-for-fle|Machado}}
==Ver também==
===No Wikcionário===
{{colunas|2}}
* [[machadense]]
* [[machado]]
{{colunas/fim}}
==Anagrama==
# [[chamados]]
==Ligações externas==
* [http://www.machados.pe.gov.br/ Prefeitura de Machados (Pernambuco)]
[[Categoria:Substantivo (Português)]]
[[Categoria:Forma de substantivo (Português)]]</text>
<sha1>e66t211b1c9njd19ubn0okchpxxgem5</sha1>
</revision>
