<page>
<title>machadianas</title>
<ns>0</ns>
<id>327568</id>
<revision>
<id>2372198</id>
<parentid>2210693</parentid>
<timestamp>2017-05-04T14:28:21Z</timestamp>
<contributor>
<username>HydrizBot</username>
<id>29590</id>
</contributor>
<minor />
<comment>Robô: A limpar links interwikis antigos</comment>
<model>wikitext</model>
<format>text/x-wiki</format>
<text bytes="548" xml:space="preserve">{{confundir|assisenses|machadenses}}
={{-pt-}}=
==Forma de adjetivo==
{{paroxítona|ma|cha|di|a|nas}}, {{gramática|fp}}
# feminino plural de [[machadiano]]
==Forma de substantivo&lt;sup&gt;1&lt;/sup&gt;==
{{paroxítona|ma|cha|di|a|nas}}, {{gramática|fp}}
# feminino plural de [[machadiano]]
{{avi-for-fle|machadiano}}
==Forma de substantivo&lt;sup&gt;2&lt;/sup&gt;==
{{paroxítona|ma|cha|di|a|nas}}, {{gramática|fp}}
# plural de [[machadiana]]
{{avi-for-fle|machadiana}}
[[Categoria:Forma de adjetivo (Português)]]
[[Categoria:Forma de substantivo (Português)]]</text>
<sha1>p6jo8om26i8xapadzqpf9j2egn3q24u</sha1>
</revision>
</page>
