<page>
<page>
<title>macheta</title>
<ns>0</ns>
<id>396656</id>
<revision>
<id>2505740</id>
<parentid>2505733</parentid>
<timestamp>2018-06-05T13:17:50Z</timestamp>
<contributor>
<username>Cpls</username>
<id>20608</id>
</contributor>
<model>wikitext</model>
<format>text/x-wiki</format>
<text bytes="660" xml:space="preserve">={{-gl-}}=
==Substantivo==
{{flex.gl|fs=macheta|fp=machetas}}
{{paroxítona|ma|che|ta|lang=gl}}, {{g|f|lang=gl}}
# {{escopo|gl|Ferramenta}} [[machada]] menor, utilizável com uma só mão, que tem por um lado um gume cortante e pelo outro costuma levar um reforço que faz de martelo
# parte da [[jamba]] contra a que bate ou fecha a porta ou janela
==={{-varort-}}===
* De '''2''': [[mocheta#{{gl}}|mocheta]]
=={{etimologia|gl}}==
: Relacionada com ''[[macho#{{gl}}|macho]]''; confronte-se com ''[[maceta#{{gl}}|maceta]]'', ''[[machete#{{gl}}|machete]]'' e ''[[macheto#{{gl}}|macheto]]'' e ''[[machão#{{gl}}|machão]]''.
[[Categoria:Substantivo (Galego)]]</text>
<sha1>suz34wr9wccavvco4ix4f1ixahx5ncp</sha1>
</revision>
