<page>
<page>
<title>machucarmos</title>
<ns>0</ns>
<id>209832</id>
<revision>
<id>2372224</id>
<parentid>1158146</parentid>
<timestamp>2017-05-04T14:30:08Z</timestamp>
<contributor>
<username>HydrizBot</username>
<id>29590</id>
</contributor>
<minor />
<comment>Robô: A limpar links interwikis antigos</comment>
<model>wikitext</model>
<format>text/x-wiki</format>
<text bytes="275" xml:space="preserve">={{-pt-}}=
==Forma verbal==
'''machucarmos'''
#[[primeira pessoa]] do [[plural]] do [[futuro]] do [[modo subjuntivo]] do verbo '''[[machucar]]'''
#[[infinitivo pessoal]] da [[primeira pessoa]] do [[plural]] do verbo '''[[machucar]]'''
[[Categoria:Forma verbal (Português)]]</text>
<sha1>i4r4kau2nolu7y9jn4dv8ezstq0vlxl</sha1>
</revision>
