<page>
<page>
<title>machona</title>
<ns>0</ns>
<id>384658</id>
<revision>
<id>2682558</id>
<parentid>2454427</parentid>
<timestamp>2022-07-03T21:27:22Z</timestamp>
<contributor>
<username>Itleda</username>
<id>86989</id>
</contributor>
<model>wikitext</model>
<format>text/x-wiki</format>
<text bytes="431" xml:space="preserve">={{-pt-}}=
==Substantivo==
{{flex.pt|fs=machona|fp=machonas}}
{{paroxítona|ma|cho|na}}, {{gramática|f}}
# mulher de aspecto e de modos varonis
# mulher de modo bravo
# [[homossexual]] [[feminino|feminina]], [[mulher]] [[atraído|atraída]] [[sexualmente]] por outras mulheres
===Sinônimos===
* De '''1''': [[machoa]]
* De '''3''': vide lista de sinônimos em ''[[Wikisaurus:lésbica]]''.
[[Categoria:Substantivo (Português)]]</text>
<sha1>87mh9snqucmhtt7fnbtl6jadkk425sk</sha1>
</revision>
