<page>
<title>Machico</title>
<ns>0</ns>
<id>298864</id>
<revision>
<id>2273585</id>
<parentid>2244806</parentid>
<timestamp>2017-04-26T21:19:12Z</timestamp>
<contributor>
<username>HydrizBot</username>
<id>29590</id>
</contributor>
<minor />
<comment>Robô: A limpar links interwikis antigos</comment>
<model>wikitext</model>
<format>text/x-wiki</format>
<text bytes="538" xml:space="preserve">{{Wikipédia}}
={{-pt-}}=
==Substantivo==
{{flex.pt|ms=Machico|mp=Machicos}}
{{paroxítona|Ma|chi|co}}, {{gramática|pr}}
# [[cidade]] [[português|portuguesa]]
=={{pronúncia|pt}}==
{{áudio|Pt-pt Machico FF.ogg|Português (PT)|/mɐˈʃiku/}}
==Ver também==
===No Wikcionário===
* [[Cavalum]]
===Na Wikipédia===
* [[w:Lista de concelhos por NUTS, distritos e ilhas|Lista de concelhos por NUTS, distritos e ilhas]]
==Anagrama==
# [[chamiço]]
[[Categoria:Substantivo (Português)]]
[[Categoria:Concelho de Portugal (Português)]]</text>
<sha1>o75gy3rgqv6a71kro6zayzoqi6hcarv</sha1>
</revision>
</page>
