<page>
<title>machucardes</title>
<ns>0</ns>
<id>211293</id>
<revision>
<id>2372221</id>
<parentid>1158143</parentid>
<timestamp>2017-05-04T14:30:01Z</timestamp>
<contributor>
<username>HydrizBot</username>
<id>29590</id>
</contributor>
<minor />
<comment>Robô: A limpar links interwikis antigos</comment>
<model>wikitext</model>
<format>text/x-wiki</format>
<text bytes="273" xml:space="preserve">={{-pt-}}=
==Forma verbal==
'''machucardes'''
#[[segunda pessoa]] do [[plural]] do [[futuro]] do [[modo subjuntivo]] do verbo '''[[machucar]]'''
#[[infinitivo pessoal]] da [[segunda pessoa]] do [[plural]] do verbo '''[[machucar]]'''
[[Categoria:Forma verbal (Português)]]</text>
<sha1>i5wtknxwxjmn3nkpuyjqcpu7cn2a7x8</sha1>
</revision>
</page>
