<page>
<title>macha</title>
<ns>0</ns>
<id>367515</id>
<revision>
<id>2372196</id>
<parentid>2192778</parentid>
<timestamp>2017-05-04T14:28:15Z</timestamp>
<contributor>
<username>HydrizBot</username>
<id>29590</id>
</contributor>
<minor />
<comment>Robô: A limpar links interwikis antigos</comment>
<model>wikitext</model>
<format>text/x-wiki</format>
<text bytes="153" xml:space="preserve">={{-pt-}}=
==Substantivo==
{{flex.pt|fs=macha|fp=machas}}
{{paroxítona|ma|cha}}, {{gramática|f}}
# [[lésbica]]
[[Categoria:Substantivo (Português)]]</text>
<sha1>0fv1nbecqcgyywwjylkk851uvpz9n0s</sha1>
</revision>
</page>
