<page>
<page>
<title>machista</title>
<ns>0</ns>
<id>347787</id>
<revision>
<id>2372213</id>
<parentid>2043884</parentid>
<timestamp>2017-05-04T14:29:31Z</timestamp>
<contributor>
<username>HydrizBot</username>
<id>29590</id>
</contributor>
<minor />
<comment>Robô: A limpar links interwikis antigos</comment>
<model>wikitext</model>
<format>text/x-wiki</format>
<text bytes="214" xml:space="preserve">={{-pt-}}=
==Substantivo==
{{flex.pt|s=machista|p=machistas}}
{{paroxítona|ma|chis|ta}}, {{c2g}}
# pessoa que age ou se comporta conforme o preceito ou ideal do [[machismo]]
[[Categoria:Substantivo (Português)]]</text>
<sha1>krcf6lyxinygyoved6h0js3tpjquw2e</sha1>
</revision>
