<page>
<page>
<title>machadense</title>
<ns>0</ns>
<id>339070</id>
<revision>
<id>2492631</id>
<parentid>2447783</parentid>
<timestamp>2018-04-02T02:24:54Z</timestamp>
<contributor>
<username>MIL973</username>
<id>41339</id>
</contributor>
<model>wikitext</model>
<format>text/x-wiki</format>
<text bytes="670" xml:space="preserve">{{confundir|assisense|machadiana|machadiano}}
={{-pt-}}=
==Adjetivo==
{{flex.pt|s=machadense|p=machadenses}}
{{paroxítona|ma|cha|den|se}}, {{gramática|c2g}}
# {{escopo|pt|Gentílico}} de [[Álvares Machado]] (São Paulo), de [[Machado]] (Minas Gerais) ou de [[Machados]] (Pernambuco)
==Substantivo==
{{flex.pt|s=machadense|p=machadenses}}
{{paroxítona|ma|cha|den|se}}, {{gramática|c2g}}
# {{escopo|pt|Gentílico}} natural destas três cidades ou seu habitante
=={{etimologia|pt}}==
: {{escopo|Morfologia}} De [[Machado]] ou [[Machados]] + [[-ense]].
==Ligações externas==
* {{Aulete}}
[[Categoria:Adjetivo (Português)]]
[[Categoria:Substantivo (Português)]]</text>
<sha1>d1s2gzamtwnrfsnqfzc3h9jwoj4ox2k</sha1>
</revision>
