<page>
<title>Macidonia</title>
<ns>0</ns>
<id>150472</id>
<revision>
<id>2273587</id>
<parentid>2248980</parentid>
<timestamp>2017-04-26T21:19:18Z</timestamp>
<contributor>
<username>HydrizBot</username>
<id>29590</id>
</contributor>
<minor />
<comment>Robô: A limpar links interwikis antigos</comment>
<model>wikitext</model>
<format>text/x-wiki</format>
<text bytes="192" xml:space="preserve">={{-nap-}}=
==Substantivo==
'''Macidonia''', {{pr}}
#{{escopo|Geografia}} [[Macedônia]]
==Ver também==
{{Europa/nap}}
[[Categoria:Substantivo (Napolitano)]]
[[Categoria:País (Napolitano)]]</text>
<sha1>93l5dspkxghpyrw0k08x52xp3h7qxqj</sha1>
</revision>
</page>
