<page>
<title>maciez</title>
<ns>0</ns>
<id>82383</id>
<revision>
<id>2372231</id>
<parentid>2129261</parentid>
<timestamp>2017-05-04T14:30:30Z</timestamp>
<contributor>
<username>HydrizBot</username>
<id>29590</id>
</contributor>
<minor />
<comment>Robô: A limpar links interwikis antigos</comment>
<model>wikitext</model>
<format>text/x-wiki</format>
<text bytes="145" xml:space="preserve">={{-pt-}}=
==Substantivo==
# qualidade de ser [[macio]]
===Antônimos===
* [[rigidez]]
* [[aspereza]]
[[Categoria: Substantivo (Português)]]</text>
<sha1>dvi6u67hfzfvwftus74blbt4ksdqjth</sha1>
</revision>
</page>
