<page>
<title>maciço</title>
<ns>0</ns>
<id>90089</id>
<revision>
<id>2372233</id>
<parentid>2237974</parentid>
<timestamp>2017-05-04T14:30:38Z</timestamp>
<contributor>
<username>HydrizBot</username>
<id>29590</id>
</contributor>
<minor />
<comment>Robô: A limpar links interwikis antigos</comment>
<model>wikitext</model>
<format>text/x-wiki</format>
<text bytes="1382" xml:space="preserve">{{Wikipédia}}
={{-pt-}}=
==Adjetivo==
{{flex.pt|ms=maciço|mp=maciços|fs=maciça|fp=maciças}}
{{paroxítona|ma|ci|ço}}
# [[compacto]]; sem [[vazio]]s [[interno]]s
#* ''Ele me deu um relógio de ouro '''maciço'''.''  {{OESP|2007|junho|16}}
# em [[grande]] [[quantidade]]
#* ''Entre os itens de consumo '''maciço''' das famílias e que influenciaram as altas estão alimentos, com alta de 0,64%, ante 0,11%, em setembro.'' {{OESP|2007|novembro|03}}
===Antônimo===
* [[oco]]
===Tradução===
{{tradini}}
* {{trad|de|massiv}}
* {{trad|es|masivo}}
* {{trad|fr|massif}}
{{tradmeio}}
* {{trad|en|massive}}
* {{trad|it|massive}}
* {{trad|pl|masywny|gęsty}}
{{tradfim}}
==Substantivo==
{{flex.pt|ms=maciço|mp=maciços}}
{{paroxítona|ma|ci|ço}}, {{rubrica|ms}}
# [[cadeia]] de [[montanha|montanhas]]
#* ''Abaixo há um '''maciço''' rochoso e muitas rochas fragmentadas.'' {{OESP|2007|agosto|10}}
===Tradução===
{{tradini}}
* {{trad|de|Massiv}}
* {{trad|es|macizo}}
* {{trad|eo|montarmasivo}}
* {{trad|he|מסיב}}
{{tradmeio}}
* {{trad|nl|bergmassief}}
* {{trad|en|massif}}
* {{trad|ja|山塊}} (さんかい, sankai)
* {{trad|sv|massiv}}
{{tradfim}}
=={{etimologia|pt}}==
{{llietimo|es|macizo|pt}}
==Ver também==
===No Wikcionário===
* [[geografia]]
==Anagrama==
# [[micção]]
[[Categoria:Adjetivo (Português)|macico]]
[[Categoria:Substantivo (Português)|macico]]</text>
<sha1>pnsiiol27d71oky2hwcghd992tfhwx9</sha1>
</revision>
</page>
