<page>
<page>
<title>maconhara</title>
<ns>0</ns>
<id>177638</id>
<revision>
<id>2372246</id>
<parentid>1158157</parentid>
<timestamp>2017-05-04T14:31:10Z</timestamp>
<contributor>
<username>HydrizBot</username>
<id>29590</id>
</contributor>
<minor />
<comment>Robô: A limpar links interwikis antigos</comment>
<model>wikitext</model>
<format>text/x-wiki</format>
<text bytes="233" xml:space="preserve">={{-pt-}}=
==Forma verbal==
'''maconhara'''
#[[primeira pessoa|primeira]] e [[terceira pessoa|terceira pessoas]] do [[singular]] do [[pretérito mais-que-perfeito]] do verbo '''[[maconhar]]'''
[[Categoria:Forma verbal (Português)]]</text>
<sha1>2icjl1q428skn3boqc7hhun6qfs7zgk</sha1>
</revision>
