<page>
<title>maconhado</title>
<ns>0</ns>
<id>101141</id>
<revision>
<id>2372238</id>
<parentid>2098928</parentid>
<timestamp>2017-05-04T14:30:54Z</timestamp>
<contributor>
<username>HydrizBot</username>
<id>29590</id>
</contributor>
<minor />
<comment>Robô: A limpar links interwikis antigos</comment>
<model>wikitext</model>
<format>text/x-wiki</format>
<text bytes="392" xml:space="preserve">={{-pt-}}=
==Adjetivo==
{{flex.pt|ms=maconhado|mp=maconhados|fs=maconhada|fp=maconhadas}}
{{paroxítona|ma|co|nha|do}}
# que está sob o efeito da [[maconha]]
==Substantivo==
{{paroxítona|ma|co|nha|do}}
# aquele que está sob o efeito da [[maconha]]
=={{etimologia|pt}}==
: Particípio passado do verbo [[maconhar]].
[[Categoria:Adjetivo (Português)]]
[[Categoria:Substantivo (Português)]]</text>
<sha1>er13oktarofsp20lue3v9zkhdn8819l</sha1>
</revision>
</page>
