<page>
<title>maconhássemos</title>
<ns>0</ns>
<id>198957</id>
<revision>
<id>2372287</id>
<parentid>1158196</parentid>
<timestamp>2017-05-04T14:32:50Z</timestamp>
<contributor>
<username>HydrizBot</username>
<id>29590</id>
</contributor>
<minor />
<comment>Robô: A limpar links interwikis antigos</comment>
<model>wikitext</model>
<format>text/x-wiki</format>
<text bytes="204" xml:space="preserve">={{-pt-}}=
==Forma verbal==
'''maconhássemos'''
#[[primeira pessoa]] do [[plural]] do [[pretérito imperfeito]] do [[modo subjuntivo]] do verbo '''[[maconhar]]'''
[[Categoria:Forma verbal (Português)]]</text>
<sha1>ieyz5jruiplw2bo5u9wr0tlaubpt88z</sha1>
</revision>
</page>
