<page>
<page>
<title>maconhares</title>
<ns>0</ns>
<id>207507</id>
<revision>
<id>2372254</id>
<parentid>1158165</parentid>
<timestamp>2017-05-04T14:31:28Z</timestamp>
<contributor>
<username>HydrizBot</username>
<id>29590</id>
</contributor>
<minor />
<comment>Robô: A limpar links interwikis antigos</comment>
<model>wikitext</model>
<format>text/x-wiki</format>
<text bytes="276" xml:space="preserve">={{-pt-}}=
==Forma verbal==
'''maconhares'''
#[[segunda pessoa]] do [[singular]] do [[futuro]] do [[modo subjuntivo]] do verbo '''[[maconhar]]'''
#[[infinitivo pessoal]] da [[segunda pessoa]] do [[singular]] do verbo '''[[maconhar]]'''
[[Categoria:Forma verbal (Português)]]</text>
<sha1>av5sj49kzkq50h9d72d87u97nuj2i47</sha1>
</revision>
