<page>
<title>maconhasse</title>
<ns>0</ns>
<id>205782</id>
<revision>
<id>2372266</id>
<parentid>1158176</parentid>
<timestamp>2017-05-04T14:31:55Z</timestamp>
<contributor>
<username>HydrizBot</username>
<id>29590</id>
</contributor>
<minor />
<comment>Robô: A limpar links interwikis antigos</comment>
<model>wikitext</model>
<format>text/x-wiki</format>
<text bytes="233" xml:space="preserve">={{-pt-}}=
==Forma verbal==
'''maconhasse'''
#[[primeira pessoa|primeira]] e [[terceira pessoa]] do [[singular]] do [[pretérito imperfeito]] do [[modo subjuntivo]] do verbo '''[[maconhar]]'''
[[Categoria:Forma verbal (Português)]]</text>
<sha1>m9igokolqa2snbtbzwzzcbcudnjc3yb</sha1>
</revision>
</page>
