<page>
<title>maconhamos</title>
<ns>0</ns>
<id>157666</id>
<revision>
<id>2493511</id>
<parentid>2372243</parentid>
<timestamp>2018-04-05T13:25:54Z</timestamp>
<contributor>
<username>ValJor</username>
<id>1358</id>
</contributor>
<comment>Acrescentando a predefinição avi-for-fle</comment>
<model>wikitext</model>
<format>text/x-wiki</format>
<text bytes="327" xml:space="preserve">={{-pt-}}=
==Forma verbal==
{{paroxítona|ma|co|nha|mos}}
# primeira pessoa do plural do presente do modo indicativo do verbo [[maconhar]]
# {{escopo2|grafia brasileira}} primeira pessoa do plural do pretérito perfeito do modo indicativo do verbo [[maconhar]]
{{avi-for-fle|maconhar}}
[[Categoria:Forma verbal (Português)]]</text>
<sha1>44unr7qiyzlevme567oc9eyornhendx</sha1>
</revision>
</page>
