<page>
<page>
<title>macoto</title>
<ns>0</ns>
<id>338114</id>
<revision>
<id>2070452</id>
<parentid>1908688</parentid>
<timestamp>2016-03-13T20:41:18Z</timestamp>
<contributor>
<username>Cpls</username>
<id>20608</id>
</contributor>
<comment>/* {{-gl-}} */</comment>
<model>wikitext</model>
<format>text/x-wiki</format>
<text bytes="493" xml:space="preserve">={{-gl-}}=
==Substantivo==
{{flex.gl|ms=macoto|mp=macotos}}
{{paroxítona|ma|co|to|lang=gl}}, {{m}}
# [[monte]] de canas de [[milho]]
===Sinónimos===
{{verTambém.Ini}}
* [[brugueiro#Galego|brugueiro]]
* [[calco#Galego|calco]]
* [[macote#Galego|macote]]
{{verTambém.NovaColuna}}
* [[marouça#Galego|marouça]]
* [[tuca#Galego|tuca]]
{{verTambém.Fim}}
=={{etimologia|gl}}==
: Aparentado com [[magote]].
==Ver também==
===No Wikcionário===
* [[macota]]
[[Categoria:Substantivo (Galego)]]</text>
<sha1>c7b40tm5ge6zec2myg53vs4wtn129hz</sha1>
</revision>
