<page>
<title>maconharei</title>
<ns>0</ns>
<id>183807</id>
<revision>
<id>2372250</id>
<parentid>1158161</parentid>
<timestamp>2017-05-04T14:31:18Z</timestamp>
<contributor>
<username>HydrizBot</username>
<id>29590</id>
</contributor>
<minor />
<comment>Robô: A limpar links interwikis antigos</comment>
<model>wikitext</model>
<format>text/x-wiki</format>
<text bytes="176" xml:space="preserve">={{-pt-}}=
==Forma verbal==
'''maconharei'''
#[[primeira pessoa]] do [[singular]] do [[futuro do presente]] do verbo '''[[maconhar]]'''
[[Categoria:Forma verbal (Português)]]</text>
<sha1>6mbw7odz2v275z5rr2lcan1ilt6nf33</sha1>
</revision>
</page>
