<page>
<page>
<title>maconharias</title>
<ns>0</ns>
<id>200467</id>
<revision>
<id>2372257</id>
<parentid>1158168</parentid>
<timestamp>2017-05-04T14:31:36Z</timestamp>
<contributor>
<username>HydrizBot</username>
<id>29590</id>
</contributor>
<minor />
<comment>Robô: A limpar links interwikis antigos</comment>
<model>wikitext</model>
<format>text/x-wiki</format>
<text bytes="178" xml:space="preserve">={{-pt-}}=
==Forma verbal==
'''maconharias'''
#[[segunda pessoa]] do [[singular]] do [[futuro do pretérito]] do verbo '''[[maconhar]]'''
[[Categoria:Forma verbal (Português)]]</text>
<sha1>h6puwvun9iugvwaw2hww6087976avxh</sha1>
</revision>
