<page>
<page>
<title>maconhando</title>
<ns>0</ns>
<id>156181</id>
<revision>
<id>2372244</id>
<parentid>1158156</parentid>
<timestamp>2017-05-04T14:31:06Z</timestamp>
<contributor>
<username>HydrizBot</username>
<id>29590</id>
</contributor>
<minor />
<comment>Robô: A limpar links interwikis antigos</comment>
<model>wikitext</model>
<format>text/x-wiki</format>
<text bytes="128" xml:space="preserve">={{-pt-}}=
==Forma verbal==
'''maconhando'''
#[[gerúndio]] do verbo '''[[maconhar]]'''
[[Categoria:Forma verbal (Português)]]</text>
<sha1>8ed1b0p9i2l66sxe7d41bvyq5yk6d69</sha1>
</revision>
