<page>
<title>macocha</title>
<ns>0</ns>
<id>371487</id>
<revision>
<id>2372236</id>
<parentid>2217241</parentid>
<timestamp>2017-05-04T14:30:49Z</timestamp>
<contributor>
<username>HydrizBot</username>
<id>29590</id>
</contributor>
<minor />
<comment>Robô: A limpar links interwikis antigos</comment>
<model>wikitext</model>
<format>text/x-wiki</format>
<text bytes="222" xml:space="preserve">={{-pl-}}=
== Substantivo ==
{{paroxítona|ma|co|cha|lang=pl}} {{gramática|f}}
# [[madrasta]]
==Ver também==
===No Wikcionário===
{{família/pl}}
[[Categoria:Substantivo (Polonês)]]
[[Categoria:Família (Polonês)]]</text>
<sha1>h6lau1kblypl648yed7kgm89il5t1nf</sha1>
</revision>
</page>
