<page>
<page>
<title>maconhásseis</title>
<ns>0</ns>
<id>201801</id>
<revision>
<id>2372286</id>
<parentid>1158195</parentid>
<timestamp>2017-05-04T14:32:47Z</timestamp>
<contributor>
<username>HydrizBot</username>
<id>29590</id>
</contributor>
<minor />
<comment>Robô: A limpar links interwikis antigos</comment>
<model>wikitext</model>
<format>text/x-wiki</format>
<text bytes="202" xml:space="preserve">={{-pt-}}=
==Forma verbal==
'''maconhásseis'''
#[[segunda pessoa]] do [[plural]] do [[pretérito imperfeito]] do [[modo subjuntivo]] do verbo '''[[maconhar]]'''
[[Categoria:Forma verbal (Português)]]</text>
<sha1>c5efe0205o824jytu173t1ngcn1qlsq</sha1>
</revision>
