<page>
<title>maconharemos</title>
<ns>0</ns>
<id>188080</id>
<revision>
<id>2372253</id>
<parentid>1158164</parentid>
<timestamp>2017-05-04T14:31:26Z</timestamp>
<contributor>
<username>HydrizBot</username>
<id>29590</id>
</contributor>
<minor />
<comment>Robô: A limpar links interwikis antigos</comment>
<model>wikitext</model>
<format>text/x-wiki</format>
<text bytes="176" xml:space="preserve">={{-pt-}}=
==Forma verbal==
'''maconharemos'''
#[[primeira pessoa]] do [[plural]] do [[futuro do presente]] do verbo '''[[maconhar]]'''
[[Categoria:Forma verbal (Português)]]</text>
<sha1>80d3afjcnkhvg7tx021zzgmaynrq85t</sha1>
</revision>
</page>
