<page>
<page>
<title>maconharás</title>
<ns>0</ns>
<id>185349</id>
<revision>
<id>2372261</id>
<parentid>1158171</parentid>
<timestamp>2017-05-04T14:31:43Z</timestamp>
<contributor>
<username>HydrizBot</username>
<id>29590</id>
</contributor>
<minor />
<comment>Robô: A limpar links interwikis antigos</comment>
<model>wikitext</model>
<format>text/x-wiki</format>
<text bytes="176" xml:space="preserve">={{-pt-}}=
==Forma verbal==
'''maconharás'''
#[[segunda pessoa]] do [[singular]] do [[futuro do presente]] do verbo '''[[maconhar]]'''
[[Categoria:Forma verbal (Português)]]</text>
<sha1>mdtva7pswxuhwt40q7gtqyg35ud98mx</sha1>
</revision>
