<page>
<page>
<title>maconháveis</title>
<ns>0</ns>
<id>167848</id>
<revision>
<id>2372290</id>
<parentid>1158198</parentid>
<timestamp>2017-05-04T14:32:55Z</timestamp>
<contributor>
<username>HydrizBot</username>
<id>29590</id>
</contributor>
<minor />
<comment>Robô: A limpar links interwikis antigos</comment>
<model>wikitext</model>
<format>text/x-wiki</format>
<text bytes="200" xml:space="preserve">={{-pt-}}=
==Forma verbal==
'''maconháveis'''
#[[segunda pessoa]] do [[plural]] do [[pretérito imperfeito]] do [[modo indicativo]] do verbo '''[[maconhar]]'''
[[Categoria:Forma verbal (Português)]]</text>
<sha1>ciapk0sc4nkbt3nzn6o37n2qcay9ej3</sha1>
</revision>
