<page>
<page>
<title>maconhasses</title>
<ns>0</ns>
<id>197489</id>
<revision>
<id>2372268</id>
<parentid>1158178</parentid>
<timestamp>2017-05-04T14:31:59Z</timestamp>
<contributor>
<username>HydrizBot</username>
<id>29590</id>
</contributor>
<minor />
<comment>Robô: A limpar links interwikis antigos</comment>
<model>wikitext</model>
<format>text/x-wiki</format>
<text bytes="202" xml:space="preserve">={{-pt-}}=
==Forma verbal==
'''maconhasses'''
#[[segunda pessoa]] do [[singular]] do [[pretérito imperfeito]] do [[modo subjuntivo]] do verbo '''[[maconhar]]'''
[[Categoria:Forma verbal (Português)]]</text>
<sha1>pnicgan5fgyt15fsz5j9oy2msas94ly</sha1>
</revision>
