<page>
<page>
<title>maconhavam</title>
<ns>0</ns>
<id>169290</id>
<revision>
<id>2372272</id>
<parentid>1158182</parentid>
<timestamp>2017-05-04T14:32:08Z</timestamp>
<contributor>
<username>HydrizBot</username>
<id>29590</id>
</contributor>
<minor />
<comment>Robô: A limpar links interwikis antigos</comment>
<model>wikitext</model>
<format>text/x-wiki</format>
<text bytes="199" xml:space="preserve">={{-pt-}}=
==Forma verbal==
'''maconhavam'''
#[[terceira pessoa]] do [[plural]] do [[pretérito imperfeito]] do [[modo indicativo]] do verbo '''[[maconhar]]'''
[[Categoria:Forma verbal (Português)]]</text>
<sha1>d0ngoeif2osy8p659n19wovjvi7siev</sha1>
</revision>
