<page>
<title>maconhemos</title>
<ns>0</ns>
<id>214580</id>
<revision>
<id>2372279</id>
<parentid>1158188</parentid>
<timestamp>2017-05-04T14:32:26Z</timestamp>
<contributor>
<username>HydrizBot</username>
<id>29590</id>
</contributor>
<minor />
<comment>Robô: A limpar links interwikis antigos</comment>
<model>wikitext</model>
<format>text/x-wiki</format>
<text bytes="377" xml:space="preserve">={{-pt-}}=
==Forma verbal==
'''maconhemos'''
#[[primeira pessoa]] do [[plural]] do [[presente]] do [[modo subjuntivo]] do verbo '''[[maconhar]]'''
#[[primeira pessoa]] do [[plural]] do [[imperativo]] [[afirmativo]] do verbo '''[[maconhar]]'''
#[[primeira pessoa]] do [[plural]] do [[imperativo]] [[negativo]] do verbo '''[[maconhar]]'''
[[Categoria:Forma verbal (Português)]]</text>
<sha1>tcxtd42d83v7si13msfux0hqe9qhkoe</sha1>
</revision>
</page>
