<page>
<page>
<title>maconhais</title>
<ns>0</ns>
<id>159057</id>
<revision>
<id>2372240</id>
<parentid>1158153</parentid>
<timestamp>2017-05-04T14:30:59Z</timestamp>
<contributor>
<username>HydrizBot</username>
<id>29590</id>
</contributor>
<minor />
<comment>Robô: A limpar links interwikis antigos</comment>
<model>wikitext</model>
<format>text/x-wiki</format>
<text bytes="184" xml:space="preserve">={{-pt-}}=
==Forma verbal==
'''maconhais'''
#[[segunda pessoa]] do [[plural]] do [[presente]] do [[modo indicativo]] do verbo '''[[maconhar]]'''
[[Categoria:Forma verbal (Português)]]</text>
<sha1>n7wdws6j9c7u6i8zytv9ux1074ijqk1</sha1>
</revision>
