<page>
<page>
<title>maconharíamos</title>
<ns>0</ns>
<id>193534</id>
<revision>
<id>2372263</id>
<parentid>1158173</parentid>
<timestamp>2017-05-04T14:31:49Z</timestamp>
<contributor>
<username>HydrizBot</username>
<id>29590</id>
</contributor>
<minor />
<comment>Robô: A limpar links interwikis antigos</comment>
<model>wikitext</model>
<format>text/x-wiki</format>
<text bytes="180" xml:space="preserve">={{-pt-}}=
==Forma verbal==
'''maconharíamos'''
#[[primeira pessoa]] do [[plural]] do [[futuro do pretérito]] do verbo '''[[maconhar]]'''
[[Categoria:Forma verbal (Português)]]</text>
<sha1>kzfjg669xtkci1nynmsyjepiqzvyghw</sha1>
</revision>
