<page>
<title>maconhava</title>
<ns>0</ns>
<id>204480</id>
<revision>
<id>2372271</id>
<parentid>1158181</parentid>
<timestamp>2017-05-04T14:32:06Z</timestamp>
<contributor>
<username>HydrizBot</username>
<id>29590</id>
</contributor>
<minor />
<comment>Robô: A limpar links interwikis antigos</comment>
<model>wikitext</model>
<format>text/x-wiki</format>
<text bytes="232" xml:space="preserve">={{-pt-}}=
==Forma verbal==
'''maconhava'''
#[[primeira pessoa|primeira]] e [[terceira pessoa]] do [[singular]] do [[pretérito imperfeito]] do [[modo indicativo]] do verbo '''[[maconhar]]'''
[[Categoria:Forma verbal (Português)]]</text>
<sha1>t31sie3mve9zmg6njjoojhr1trbpkm8</sha1>
</revision>
</page>
