<page>
<page>
<title>maconhai</title>
<ns>0</ns>
<id>220431</id>
<revision>
<id>2372239</id>
<parentid>1158152</parentid>
<timestamp>2017-05-04T14:30:56Z</timestamp>
<contributor>
<username>HydrizBot</username>
<id>29590</id>
</contributor>
<minor />
<comment>Robô: A limpar links interwikis antigos</comment>
<model>wikitext</model>
<format>text/x-wiki</format>
<text bytes="178" xml:space="preserve">={{-pt-}}=
==Forma verbal==
'''maconhai'''
#[[segunda pessoa]] do [[plural]] do [[imperativo]] [[afirmativo]] do verbo '''[[maconhar]]'''
[[Categoria:Forma verbal (Português)]]</text>
<sha1>aqd11jeqpckngsnvrsbqqbiu0aurd71</sha1>
</revision>
