<page>
<page>
<title>maconha</title>
<ns>0</ns>
<id>2936</id>
<revision>
<id>2649746</id>
<parentid>2649736</parentid>
<timestamp>2021-10-04T23:37:31Z</timestamp>
<contributor>
<username>Defender</username>
<id>15952</id>
</contributor>
<minor />
<comment>Revertidas edições por [[Especial:Contribuições/Blade Marley|Blade Marley]] para a última versão por [[Especial:Contribuições/Thiagoufpr|Thiagoufpr]]</comment>
<model>wikitext</model>
<format>text/x-wiki</format>
<text bytes="1931" xml:space="preserve">{{Wikipédia}}
{{signBr|cannabis}}
[[Imagem:Cannabis 02 bgiu.jpg|thumb|right|250px|{{centro|Planta de maconha}}]]
={{-pt-}}=
==Substantivo==
{{flex.pt|fs=maconha|fp=maconhas}}
{{paroxítona|ma|co|nha}}, {{gramática|f}}
# [[droga]] [[psicoativo|psicoativa]] e [[medicamento]] derivado de [[planta]]s do gênero ''Cannabis''; o principal constituinte psicoativo dessa planta é o [[tetrahidrocanabinol]] (THC)
# {{escopo|pt|Brasil}} variedade do [[cânhamo]]
===Sinônimos===
* Vide [[Wikisaurus:maconha]]
===Tradução===
{{tradini}}
* {{t|af|dagga}}
* {{trad|de|Marihuana|Marijuana|Hanf}}
* {{t|zh|大麻}}
* {{trad|es|marijuana|marihuana|maría}}
* {{trad|fr|marie-jeanne|chanvre}}
* {{trad|hi|भाँग|गांजा}}
* {{trad|en|marijuana|reefer}}
{{tradmeio}}
* {{t|it|marijuana|f}}
* {{t|naq|daxab}}
* {{t|rw|injaga}}
* {{trad|sa|भङ्ग|गञ्जा}}
* {{t|tr|esrar}}
* {{trad|ur|بھانگ|گانجا}}
{{tradfim}}
=={{etimologia|pt}}==
: Do {{etm|kmb|pt}} &quot;makanha&quot;, uma alteração de ''dikanha'', “tabaco”.
: Diz-se também que '''maconha''' surgiu como um anagrama de [[cânhamo]].
O primeiro Selassié, o que se tornaria imperador, nasceu em 1892 no nordeste da Etiópia. Os pais o chamaram Tafari Makonnen (daí Ras Tafari, que é “príncipe Tafari” em etíope). Em 1916, mancomunou-se com a cunhada, a imperatriz Zauditu, e nomeou-se regente – 14 anos depois viraria imperador.
==Ver também==
===No Wikcionário===
{{verTambém.Ini}}
* [[maconhado]]
{{verTambém.NovaColuna}}
* [[maconhar]]
{{verTambém.NovaColuna}}
* [[maconheiro]]
{{verTambém.Fim}}
==Ligações externas==
* {{Aulete}}
* {{Michaelis}}
* {{DPLP}}
* {{Infopédia}}
* {{PLP}}
* {{VOLPABL}}
==Anagramas==
&lt;!-- índice para anagramas: pt: aachmno --&gt;
# [[cânhamo]]
# [[machona]]
# [[manchão]]
[[Categoria:Substantivo (Português)]]
[[Categoria:Botânica (Português)]]
[[Categoria:Entrada com imagem (Português)]]</text>
<sha1>axnzi2uszebdwmuq9oa3k7civo44ofs</sha1>
</revision>
