<page>
<page>
<title>maconharão</title>
<ns>0</ns>
<id>190887</id>
<revision>
<id>2372262</id>
<parentid>1158172</parentid>
<timestamp>2017-05-04T14:31:47Z</timestamp>
<contributor>
<username>HydrizBot</username>
<id>29590</id>
</contributor>
<minor />
<comment>Robô: A limpar links interwikis antigos</comment>
<model>wikitext</model>
<format>text/x-wiki</format>
<text bytes="175" xml:space="preserve">={{-pt-}}=
==Forma verbal==
'''maconharão'''
#[[terceira pessoa]] do [[plural]] do [[futuro do presente]] do verbo '''[[maconhar]]'''
[[Categoria:Forma verbal (Português)]]</text>
<sha1>r10wxzzo64cm57iwxu81o63jjr3xant</sha1>
</revision>
