<page>
<page>
<title>maconho</title>
<ns>0</ns>
<id>152806</id>
<revision>
<id>2372281</id>
<parentid>1158190</parentid>
<timestamp>2017-05-04T14:32:31Z</timestamp>
<contributor>
<username>HydrizBot</username>
<id>29590</id>
</contributor>
<minor />
<comment>Robô: A limpar links interwikis antigos</comment>
<model>wikitext</model>
<format>text/x-wiki</format>
<text bytes="182" xml:space="preserve">={{-pt-}}=
==Forma verbal==
'''maconho'''
#[[primeira]] [[pessoa]] do [[singular]] do [[presente]] [[indicativo]] do verbo '''[[maconhar]]'''
[[Categoria:Forma verbal (Português)]]</text>
<sha1>e6ic1ok373zzzd5lkpg8rflu3b8ipwe</sha1>
</revision>
