<page>
<page>
<title>maconharmos</title>
<ns>0</ns>
<id>208987</id>
<revision>
<id>2372258</id>
<parentid>1158169</parentid>
<timestamp>2017-05-04T14:31:38Z</timestamp>
<contributor>
<username>HydrizBot</username>
<id>29590</id>
</contributor>
<minor />
<comment>Robô: A limpar links interwikis antigos</comment>
<model>wikitext</model>
<format>text/x-wiki</format>
<text bytes="275" xml:space="preserve">={{-pt-}}=
==Forma verbal==
'''maconharmos'''
#[[primeira pessoa]] do [[plural]] do [[futuro]] do [[modo subjuntivo]] do verbo '''[[maconhar]]'''
#[[infinitivo pessoal]] da [[primeira pessoa]] do [[plural]] do verbo '''[[maconhar]]'''
[[Categoria:Forma verbal (Português)]]</text>
<sha1>qxw4krais693cha668tkiluuuji4u8j</sha1>
</revision>
