<page>
<page>
<title>maconhardes</title>
<ns>0</ns>
<id>210454</id>
<revision>
<id>2372249</id>
<parentid>1158160</parentid>
<timestamp>2017-05-04T14:31:16Z</timestamp>
<contributor>
<username>HydrizBot</username>
<id>29590</id>
</contributor>
<minor />
<comment>Robô: A limpar links interwikis antigos</comment>
<model>wikitext</model>
<format>text/x-wiki</format>
<text bytes="273" xml:space="preserve">={{-pt-}}=
==Forma verbal==
'''maconhardes'''
#[[segunda pessoa]] do [[plural]] do [[futuro]] do [[modo subjuntivo]] do verbo '''[[maconhar]]'''
#[[infinitivo pessoal]] da [[segunda pessoa]] do [[plural]] do verbo '''[[maconhar]]'''
[[Categoria:Forma verbal (Português)]]</text>
<sha1>jmnabu10fvysg8i4424wln81jqfqqaf</sha1>
</revision>
