<page>
<page>
<title>maconhes</title>
<ns>0</ns>
<id>218954</id>
<revision>
<id>2372280</id>
<parentid>1158189</parentid>
<timestamp>2017-05-04T14:32:28Z</timestamp>
<contributor>
<username>HydrizBot</username>
<id>29590</id>
</contributor>
<minor />
<comment>Robô: A limpar links interwikis antigos</comment>
<model>wikitext</model>
<format>text/x-wiki</format>
<text bytes="281" xml:space="preserve">={{-pt-}}=
==Forma verbal==
'''maconhes'''
#[[segunda pessoa]] do [[singular]] do [[presente]] do [[modo subjuntivo]] do verbo '''[[maconhar]]'''
#[[segunda pessoa]] do [[singular]] do [[imperativo]] [[negativo]] do verbo '''[[maconhar]]'''
[[Categoria:Forma verbal (Português)]]</text>
<sha1>iioopwvehihrgijk2n440mhqd1jz7r8</sha1>
</revision>
