<page>
<title>maconhávamos</title>
<ns>0</ns>
<id>163411</id>
<revision>
<id>2372288</id>
<parentid>1158197</parentid>
<timestamp>2017-05-04T14:32:53Z</timestamp>
<contributor>
<username>HydrizBot</username>
<id>29590</id>
</contributor>
<minor />
<comment>Robô: A limpar links interwikis antigos</comment>
<model>wikitext</model>
<format>text/x-wiki</format>
<text bytes="202" xml:space="preserve">={{-pt-}}=
==Forma verbal==
'''maconhávamos'''
#[[primeira pessoa]] do [[plural]] do [[pretérito imperfeito]] do [[modo indicativo]] do verbo '''[[maconhar]]'''
[[Categoria:Forma verbal (Português)]]</text>
<sha1>01r2stkcrjbm2r2h4vu4nddxlreuha7</sha1>
</revision>
</page>
