<page>
<title>maconham</title>
<ns>0</ns>
<id>160675</id>
<revision>
<id>2372241</id>
<parentid>1158154</parentid>
<timestamp>2017-05-04T14:31:01Z</timestamp>
<contributor>
<username>HydrizBot</username>
<id>29590</id>
</contributor>
<minor />
<comment>Robô: A limpar links interwikis antigos</comment>
<model>wikitext</model>
<format>text/x-wiki</format>
<text bytes="184" xml:space="preserve">={{-pt-}}=
==Forma verbal==
'''maconham'''
#[[terceira pessoa]] do [[plural]] do [[presente]] do [[modo indicativo]] do verbo '''[[maconhar]]'''
[[Categoria:Forma verbal (Português)]]</text>
<sha1>jnusiy0oqpf1yczxyuyeg6gxzr3r04x</sha1>
</revision>
</page>
