<page>
<page>
<title>macramé</title>
<ns>0</ns>
<id>141914</id>
<revision>
<id>2603011</id>
<parentid>2603010</parentid>
<timestamp>2020-11-24T16:28:44Z</timestamp>
<contributor>
<username>ValJor</username>
<id>1358</id>
</contributor>
<minor />
<comment>Revertidas edições por [[Especial:Contribuições/200.198.60.112|200.198.60.112]] para a última versão por [[Especial:Contribuições/HydrizBot|HydrizBot]]</comment>
<model>wikitext</model>
<format>text/x-wiki</format>
<text bytes="327" xml:space="preserve">={{-pt-}}=
==Substantivo==
{{oxítona|ma|cra|mé}}, {{m}}
#[[espécie]] de [[franja]] de [[tecido]], feita de linha [[enodado|enodada]]
=={{etimologia|pt}}==
:Do árabe [[مقرمة]] (míqrama, “‘franja ornamental, véu bordado’”), de [[مقرم]] (míqram, “‘colcha’”)
[[Categoria:Substantivo (Português)]]</text>
<sha1>hpn1lclfan0y8e8x7di9okq5qg7l4d0</sha1>
</revision>
