<page>
<page>
<title>macrobia</title>
<ns>0</ns>
<id>34141</id>
<revision>
<id>2683494</id>
<parentid>2073020</parentid>
<timestamp>2022-07-13T15:36:38Z</timestamp>
<contributor>
<username>ValJor</username>
<id>1358</id>
</contributor>
<comment>Retirando ligação direta para dicionário online, usando uma predefinição em seu lugar</comment>
<model>wikitext</model>
<format>text/x-wiki</format>
<text bytes="880" xml:space="preserve">={{-pt-}}=
==Substantivo==
{{flex.pt|fs=macrobia|fp=macrobias|fs-div=ma.cro.{{grifar.Palavra|bi}}.a|fp-div=ma.cro.{{grifar.Palavra|bi}}.as}}
{{paroxítona|ma|cro|bi|a}}, {{gramática|f}}
# [[estado]] de [[vida]] [[longo|longa]]
==={{PEPB|Sinónimos|Sinônimos|inline=1}}===
* [[longevidade]]
=={{etimologia|pt}}==
: {{escopo|Morfologia}} [[macro-]] + [[bio-|-bio]] + [[-a]].
=={{pronúncia|pt}}==
* [[AFI]]: {{AFI|/mɐ.kɾo.ˈbi.ɐ/}}
* [[X-SAMPA]]: /m6.k4o.&quot;bi.6/
==Ver também==
===No Wikcionário===
{{verTambém.Ini}}
* [[macróbio]]
* [[macrobiótico]]
* [[micróbio]]
{{verTambém.Fim}}
==Ligações externas==
* {{Aulete|macrobia}}
* {{Dicio|macrobia}}
* {{DicioAberto|macrobia}}
* {{DLPO|macrobia}}
* {{Infopédia|macrobia}}
* {{Michaelis|macrobia}}
* {{PLP|macrobia}}
* {{VOLPABL|macrobia}}
[[Categoria:Substantivo (Português)]]
[[Categoria:Biologia (Português)]]</text>
<sha1>j88vvsqt625w1c9rn10zdrnonc94prc</sha1>
</revision>
