<page>
<title>macrocomputador</title>
<ns>0</ns>
<id>391458</id>
<revision>
<id>2478896</id>
<parentid>2478895</parentid>
<timestamp>2018-01-19T07:58:04Z</timestamp>
<contributor>
<username>Askekamo</username>
<id>60711</id>
</contributor>
<model>wikitext</model>
<format>text/x-wiki</format>
<text bytes="314" xml:space="preserve">={{-pt-}}=
==Substantivo==
{{paroxítona|ma|cro|com|pu|ta|dor}}, {{gramática|m}}
# {{escopo|pt|Informática}} computador que tem grandes especificações e que tem alta capacidade de processamento
===Sinônimos===
* De '''1''': {{escopo2|estrangeirismo}} ''[[mainframe]]''
[[Categoria:Substantivo (Português)]]</text>
<sha1>ce9kwf1pa8xkewv3bm0nz73n7yf1g1n</sha1>
</revision>
</page>
