<page>
<title>macrocampo</title>
<ns>0</ns>
<id>341327</id>
<revision>
<id>2058423</id>
<parentid>1945744</parentid>
<timestamp>2016-01-26T09:54:43Z</timestamp>
<contributor>
<username>ValJor</username>
<id>1358</id>
</contributor>
<comment>Melhorando a apresentação do verbete</comment>
<model>wikitext</model>
<format>text/x-wiki</format>
<text bytes="367" xml:space="preserve">={{-pt-}}=
==Substantivo==
{{flex.pt|ms=macrocampo|mp=macrocampos}}
{{paroxítona|ma|cro|cam|po}}, {{m}}
# [[campo]] de ação pedagógico-curricular no qual se desenvolvem atividades interativas, integradas e integradoras dos conhecimentos e saberes, dos tempos, dos espaços e dos sujeitos envolvidos com a ação educacional
[[Categoria:Substantivo (Português)]]</text>
<sha1>s4fqg4ejqs321ziqoji0ejan1bdq0w0</sha1>
</revision>
</page>
