<page>
<page>
<title>macroeconômico</title>
<ns>0</ns>
<id>398740</id>
<revision>
<id>2514736</id>
<timestamp>2018-08-05T22:46:04Z</timestamp>
<contributor>
<username>Leonardo José Raimundo</username>
<id>43489</id>
</contributor>
<comment>Eu estou criando o adjetivo &quot;macroeconômico&quot;.</comment>
<model>wikitext</model>
<format>text/x-wiki</format>
<text bytes="259" xml:space="preserve">={{-pt-}}=
==Adjetivo==
{{flex.pt|ms=macroeconômico|mp=macroeconômicos|fs=macroeconômica|fp=macroeconômicas}}
{{proparoxítona|ma|cro|e|co|nô|mi|co}}
# relativo à [[macroeconomia]]
[[Categoria:Adjetivo (Português)]]
[[Categoria:Economia (Português)]]</text>
<sha1>c7w5ejxnzje3px82p44iu8rbchbc6dw</sha1>
</revision>
