<page>
<title>macromolécula</title>
<ns>0</ns>
<id>4988</id>
<revision>
<id>2372296</id>
<parentid>2204995</parentid>
<timestamp>2017-05-04T14:33:17Z</timestamp>
<contributor>
<username>HydrizBot</username>
<id>29590</id>
</contributor>
<minor />
<comment>Robô: A limpar links interwikis antigos</comment>
<model>wikitext</model>
<format>text/x-wiki</format>
<text bytes="2144" xml:space="preserve">{{Wikipédia}}
{{Wikipédia|lang=es}}
{{Wikipédia|lang=gl}}
={{-pt-}}=
==Substantivo==
{{flex.pt|fs=macromolécula|fp=macromoléculas}}
{{proparoxítona|ma|cro|mo|lé|cu|la}}
# {{escopo|Química}} moléculas grandes e complexas, sintetizadas, na sua maioria, pelos seres vivos
===Tradução===
{{tradini}}
* {{trad|sq|makromolekula}}
* {{trad|de|Makromolekül}}
* {{trad|bs|makromolekula}}
* {{trad|ca|macromolècula}}
* {{trad|kk|макромолекула}}
* {{trad|cs|makromolekula}}
* {{trad|zh|高分子}}
* {{trad|ko|고분자}}
* {{trad|sk|makromolekula}}
* {{trad|sl|makromolekula}}
* {{trad|es|macromolécula}}
* {{trad|et|makromolekul}}
* {{trad|fi|makromolekyyli}}
* {{trad|fr|macromolécule}}
* {{trad|gl|macromolécula}}
* {{trad|el|μακρομόριο}}
* {{trad|he|מקרומולקולה}}
* {{trad|nl|macromolecuul}}
* {{trad|id|makromolekul}}
{{tradmeio}}
* {{trad|en|macromolecule}}
* {{trad|is|stórsameind}}
* {{trad|it|macromolecola}}
* {{trad|ja|高分子}}
* {{trad|jv|makromolekul}}
* {{trad|lt|makromolekulė}}
* {{trad|lmo|macrumulecula}}
* {{trad|no|makromolekyl}}
* {{trad|nn|makromolekyl}}
* {{trad|oc|macromolecula}}
* {{trad|fa|درشت‌مولکول}}
* {{trad|pl|makromolekuła}}
* {{trad|ru|макромолекула}}
* {{trad|sr|makromolekul}}
* {{trad|sh|makromolekula}}
* {{trad|sv|makromolekyl}}
* {{trad|su|makromolekul}}
* {{trad|ta|பருமூலக்கூறு}}
* {{trad|uk|макромолекула}}
{{tradfim}}
=={{etimologia|pt}}==
: {{escopo|Morfologia}} [[macro-]] + [[molécula]].
=={{pronúncia|pt}}==
===Brasil===
====Caipira, Carioca e Paulistana====
* [[AFI]]: /ma.kɾo.mo.ˈlɛ.ku.la/
* [[X-SAMPA]]: /ma.k4o.mo.&quot;lE.ku.la/
[[Categoria:Substantivo (Português)]]
[[Categoria:Química (Português)]]
={{-es-}}=
==Substantivo==
'''macromolécula'''
# {{escopo|Química}} [[macromolécula#Português|macromolécula]]
[[Categoria:Substantivo (Espanhol)]]
[[Categoria:Química (Espanhol)]]
={{-gl-}}=
==Substantivo==
'''macromolécula'''
# {{escopo|Química}} [[macromolécula#Português|macromolécula]]
[[Categoria:Substantivo (Galego)]]
[[Categoria:Química (Galego)]]</text>
<sha1>0j8jrxm531fr0rf1u1vup0148exuj1g</sha1>
</revision>
</page>
