<page>
<title>macroeconomia</title>
<ns>0</ns>
<id>146014</id>
<revision>
<id>2372294</id>
<parentid>1706705</parentid>
<timestamp>2017-05-04T14:33:12Z</timestamp>
<contributor>
<username>HydrizBot</username>
<id>29590</id>
</contributor>
<minor />
<comment>Robô: A limpar links interwikis antigos</comment>
<model>wikitext</model>
<format>text/x-wiki</format>
<text bytes="3077" xml:space="preserve">{{Wikipédia}}
{{Wikipédia|lang=ca}}
{{Wikipédia|lang=it}}
={{-pt-}}=
==Substantivo==
{{paroxítona|ma|cro|e|co|no|mi|a}} {{f}} {{+info|data=1936}}
# {{escopo|Economia}} ramo da [[economia]] que lida com o desempenho, a estrutura, o comportamento e a decisão de toda a economia, seja ela nacional, regional, ou global
===Tradução===
{{tradini}}
* {{trad|af|makro-ekonomie}}
* {{trad|sq|makroekonomia}}
* {{trad|de|Makroökonomie}}
* {{trad|ast|macroeconomía}}
* {{trad|eu|makroekonomia}}
* {{trad|bs|makroekonomija}}
* {{trad|bg|макроикономика}}
* {{trad|km|ម៉ាក្រូសេដ្ឋកិច្ច}}
* {{trad|kn|ಬೃಹದರ್ಥಶಾಸ್ತ್ರ}}
* {{trad|ca|macroeconomia}}
* {{trad|cs|makroekonomie}}
* {{trad|zh|宏观经济学}}
* {{trad|ko|거시경제학}}
* {{trad|hr|makroekonomija}}
* {{trad|da|makroøkonomi}}
* {{trad|sk|makroekonómia}}
* {{trad|sl|makroekonomija}}
* {{trad|es|macroeconomía}}
* {{trad|eo|makroekonomiko}}
* {{trad|et|makroökonoomika}}
* {{trad|fi|makrotaloustiede}}
* {{trad|fr|macroéconomie}}
* {{trad|gl|macroeconomía}}
* {{trad|ka|მაკროეკონომიკა}}
* {{trad|el|μακροοικονομία}}
* {{trad|he|מקרו-כלכלה}}
* {{trad|nl|macro-economie}}
* {{trad|hu|makroökonómia}}
* {{trad|sah|макроэкономика}}
* {{trad|id|ekonomi makro}}
{{tradmeio}}
* {{trad|en|macroeconomics}}
* {{trad|is|þjóðhagfræði}}
* {{trad|it|macroeconomia}}
* {{trad|ja|マクロ経済学}}
* {{trad|lo|ເສດຖະສາດມະຫາພາກ}}
* {{trad|lv|makroekonomika}}
* {{trad|lt|makroekonomika}}
* {{trad|mk|макроекономија}}
* {{trad|ms|makroekonomi}}
* {{trad|nan|chóng-thé-keng-chè-ha̍k}}
* {{trad|new|म्याक्रोइकोनोमिक्स}}
* {{trad|no|makroøkonomi}}
* {{trad|nn|makroøkonomi}}
* {{trad|os|макроэкономикæ}}
* {{trad|pl|makroekonomia}}
* {{trad|ro|macroeconomie}}
* {{trad|ru|макроэкономика}}
* {{trad|sr|макроекономија}}
* {{trad|sh|makroekonomija}}
* {{trad|sv|makroekonomi}}
* {{trad|tl|makroekonomiya}}
* {{trad|th|เศรษฐศาสตร์มหภาค}}
* {{trad|ta|பருப்பொருளியல்}}
* {{trad|bo|ཆེ་མཐོང་དཔལ་འབྱོར།}}
* {{trad|tpi|maikroekonomiks}}
* {{trad|tr|makroekonomi}}
* {{trad|uk|макроекономіка}}
* {{trad|vi|kinh tế học vĩ mô}}
* {{trad|war|makroekonomiks}}
{{tradfim}}
=={{etimologia|pt}}==
: {{escopo|Morfologia}} [[macro-]] + [[economia]].
==Ver também==
===No Wikcionário===
* [[microeconomia]]
[[Categoria:Substantivo (Português)]]
[[Categoria:Economia (Português)]]
={{-ca-}}=
==Substantivo==
'''macroeconomia'''
# {{escopo|Economia}} [[macroeconomia#Português|macroeconomia]]
[[Categoria:Substantivo (Catalão)]]
[[Categoria:Economia (Catalão)]]
={{-it-}}=
==Substantivo==
'''macroeconomia'''
# {{escopo|Economia}} [[macroeconomia#Português|macroeconomia]]
[[Categoria:Substantivo (Italiano)]]
[[Categoria:Economia (Italiano)]]</text>
<sha1>pq7on9isa04fsbjlce2ths9gz4na6vv</sha1>
</revision>
</page>
