<page>
<page>
<title>macska</title>
<ns>0</ns>
<id>312290</id>
<revision>
<id>2372297</id>
<parentid>2236362</parentid>
<timestamp>2017-05-04T14:33:26Z</timestamp>
<contributor>
<username>HydrizBot</username>
<id>29590</id>
</contributor>
<minor />
<comment>Robô: A limpar links interwikis antigos</comment>
<model>wikitext</model>
<format>text/x-wiki</format>
<text bytes="123" xml:space="preserve">={{-hu-}}=
==Substantivo==
'''macska'''
# [[gato]]
[[Categoria:Substantivo (Húngaro)]]
[[Categoria:Mamífero (Húngaro)]]</text>
<sha1>4ttu3r2flkj2wfpsmdmlgt96xitfjmw</sha1>
</revision>
