<page>
<page>
<title>mactare</title>
<ns>0</ns>
<id>300238</id>
<revision>
<id>2372298</id>
<parentid>2252288</parentid>
<timestamp>2017-05-04T14:33:28Z</timestamp>
<contributor>
<username>HydrizBot</username>
<id>29590</id>
</contributor>
<minor />
<comment>Robô: A limpar links interwikis antigos</comment>
<model>wikitext</model>
<format>text/x-wiki</format>
<text bytes="129" xml:space="preserve">={{-la-}}=
==Forma verbal==
'''mactare'''
# flexão do verbo [[macto]]
{{avi-for-fle|macto}}
[[Categoria:Forma verbal (Latim)]]</text>
<sha1>22814akx3fzwihhuyead3gyjk6hi5qn</sha1>
</revision>
