<page>
<page>
<title>macuilli</title>
<ns>0</ns>
<id>404755</id>
<revision>
<id>2531232</id>
<timestamp>2019-01-04T05:56:08Z</timestamp>
<contributor>
<username>Marrovi</username>
<id>27953</id>
</contributor>
<comment>[[Ajuda:Guia de edição/Menus e ferramentas/Sumário de edição|→]] nova página: ={{-nci-}}= ==Substantivo== '''macuilli''' # [[cinco]]  {{categorias|{{nci}}|Substantivo|Trissílabo|Numeral...</comment>
<model>wikitext</model>
<format>text/x-wiki</format>
<text bytes="142" xml:space="preserve">={{-nci-}}=
==Substantivo==
'''macuilli'''
# [[cinco]]
{{categorias|{{nci}}|Substantivo|Trissílabo|Numeral cardinal|Ortografia normalizada}}</text>
<sha1>kixa7jeu9o0q7rzihbgyenar6bza5rb</sha1>
</revision>
