<page>
<page>
<title>macular</title>
<ns>0</ns>
<id>90736</id>
<revision>
<id>2535868</id>
<parentid>2372309</parentid>
<timestamp>2019-02-13T20:40:54Z</timestamp>
<contributor>
<username>ValJor</username>
<id>1358</id>
</contributor>
<comment>Verbete [[:Categoria:!Página com idioma não informado em Predefinição:etimologia|sem indicação do idioma na seção de etimologia]]</comment>
<model>wikitext</model>
<format>text/x-wiki</format>
<text bytes="2625" xml:space="preserve">={{-pt-}}=
==Adjetivo==
{{oxítona|ma|cu|lar}}
# relativo à [[mácula]] [[retiniano|retiniana]]
#* ''A Universidade Federal de Goiás (UFG) está empregando uma técnica recém-criada nos Estados Unidos de combate à degeneração '''macular''' relacionada à idade.'' {{OESP|2007|março|05}}
===Tradução===
{{tradini}}
* {{trad|es|macular}}
{{tradmeio}}
* {{trad|en|macular}}
{{tradfim}}
==Verbo==
{{oxítona|ma|cu|lar}}, {{gramática|vtd}}
# colocar manchas em; [[sujar]]
#* ''O negócio é que o Príncipe já convocou uma equipe de peritos para descobrir a melhor maneira de instalar os painéis solares ditos voltaicos em Clarence House sem '''macular''' a paisagem local ou ferir os olhos dos circunstantes...'' Ivan Lessa, in: {{OESP|2009|dezembro|30}} 
# {{escopo|pt|Figurado}} [[infamar]], [[desdourar]], [[enxovalhar]], [[deslustrar]].
#* ''Mas diga lá: como é possível lidar com os mais variados egos, vaidades e humores, durante tanto tempo, e não '''macular''' a boa amizade com nenhum deles?'' {{OESP|2007|maio|15}}
{{oxítona|ma|cu|lar}}, {{gramática|pron}}
# {{cont|3}} cair em desonra, deslustrar-se
#* ''Sua intervenção [do Ministério Público], em sede de ação popular, é indispensável e liga-se estreitamente ao bem jurídico a ser defendido. Dada a espécie de interesse manejado em juízo quando se trata deste tipo de ação, não se pode prescindir de tal intervenção, sob pena de '''macular-se''' o processo com vício insanável.'' [[acórdão]] TRF 1ª Região, Nº 2000.01.00.045124-0 de 16 Maio 2005; 
===Conjugação===
{{conj/pt|macul|ar}}
===Tradução===
{{tradini}}
* {{trad|es|macular}}
* {{trad|eo|makuli}}
* {{trad|fr|salir|souiller}}
{{tradmeio}}
* {{trad|gl|macular}}
* {{trad|en|stain}}
{{tradfim}}
=={{etimologia|pt}}==
: Para o adjetivo: de [[mácula]] + [[-ar]].
: Para o verbo: {{llietimo|la|maculare|pt}}
==Ver também==
===No Wikcionário===
{{verTambém.Ini}}
* [[denegrir]]
{{verTambém.Fim}}
==Ligações externas==
* {{Aulete}}
* {{Michaelis}}
* {{DicioAberto}}
* {{DPLP}}
* {{Infopédia}}
* {{PLP}}
* {{VOLPABL}}
==Anagrama==
# [[malucar]]
[[Categoria:Adjetivo (Português)]]
[[Categoria:Verbo (Português)]]
={{-es-}}=
==Adjetivo==
'''macular'''
# [[macular#Português|macular]]
==Verbo==
'''macular'''
# [[macular#Português|macular]]
==Ligações externas==
* {{DRAE}}
[[Categoria:Adjetivo (Espanhol)]]
[[Categoria:Verbo (Espanhol)]]
={{-gl-}}=
==Verbo==
'''macular'''
# [[macular#Português|macular]]
[[Categoria:Verbo (Galego)]]
={{-en-}}=
==Adjetivo==
'''macular'''
# [[macular#Português|macular]]
[[Categoria:Adjetivo (Inglês)]]</text>
<sha1>t2xn71juce9s6d4ttfxyv95rkj9ot70</sha1>
</revision>
