<page>
<page>
<title>macurril</title>
<ns>0</ns>
<id>391204</id>
<revision>
<id>2478047</id>
<timestamp>2018-01-15T21:43:59Z</timestamp>
<contributor>
<username>Cpls</username>
<id>20608</id>
</contributor>
<comment>[[Ajuda:Guia de edição/Menus e ferramentas/Sumário de edição|→]] nova página: ={{-gl-}}= ==Substantivo== {{flex.gl|ms=macurril|mp=macurris}} {{oxítona|lang=gl|ma|cur|ril}}, {{g|m|lang=gl...</comment>
<model>wikitext</model>
<format>text/x-wiki</format>
<text bytes="362" xml:space="preserve">={{-gl-}}=
==Substantivo==
{{flex.gl|ms=macurril|mp=macurris}}
{{oxítona|lang=gl|ma|cur|ril}}, {{g|m|lang=gl}}
# {{escopo|gl|Ave}} [[airo]] (''[[species:Uria aalge|Uria aalge]]'')
===Sinônimos===
* Vide em [[arão#Galego|arão]]
=={{etimologia|gl}}==
: Confronte-se com ''[[macurro#{{gl}}|macurro]]'' e ''[[macurrilho]]''.
[[Categoria:Substantivo (Galego)]]</text>
<sha1>8ka2ixrpuiw2h9y7ra8hqko4q0eq34w</sha1>
</revision>
