<page>
<title>macuma</title>
<ns>0</ns>
<id>70934</id>
<revision>
<id>1208155</id>
<parentid>1031623</parentid>
<timestamp>2011-07-10T03:56:36Z</timestamp>
<contributor>
<username>MalafayaBot</username>
<id>628</id>
</contributor>
<minor />
<comment>Robô: Substituição de texto automática (-^\=\s?Português\s?\= +={{-pt-}}= &amp; -^\=\s?\{\{pt\}\}\s?\= +={{-pt-}}=)</comment>
<model>wikitext</model>
<format>text/x-wiki</format>
<text bytes="274" xml:space="preserve">={{-pt-}}=
==Substantivo==
{{flex.pt|fs=macuma|fp=macumas}}
{{paroxítona|ma|cu|ma}} {{f}}
# [[escrava]] [[que]] [[acompanhava]] [[a]] [[senhora]] [[quando]] [[esta]] [[saía]] [[à]] [[rua]]
# [[o]] [[mesmo]] [[que]] '''[[mucama]]'''
[[Categoria:Substantivo (Português)]]</text>
<sha1>4u5lune90oxajai94660ys4tvlpi5oz</sha1>
</revision>
</page>
