<page>
<title>macularam</title>
<ns>0</ns>
<id>176773</id>
<revision>
<id>2372311</id>
<parentid>1778681</parentid>
<timestamp>2017-05-04T14:34:07Z</timestamp>
<contributor>
<username>HydrizBot</username>
<id>29590</id>
</contributor>
<minor />
<comment>Robô: A limpar links interwikis antigos</comment>
<model>wikitext</model>
<format>text/x-wiki</format>
<text bytes="195" xml:space="preserve">={{-pt-}}=
==Forma verbal==
'''macularam'''
#[[terceira pessoa]] do [[plural]] do [[pretérito perfeito]] do [[modo indicativo]] do verbo '''[[macular]]'''
[[Categoria:Forma verbal (Português)]]</text>
<sha1>20rm9pja1lph55yzr6td5vdvihxq670</sha1>
</revision>
</page>
