<page>
<page>
<title>macurrilho</title>
<ns>0</ns>
<id>391201</id>
<revision>
<id>2478044</id>
<timestamp>2018-01-15T21:36:45Z</timestamp>
<contributor>
<username>Cpls</username>
<id>20608</id>
</contributor>
<comment>[[Ajuda:Guia de edição/Menus e ferramentas/Sumário de edição|→]] nova página: ={{-pt-}}= ==Substantivo== {{flex.pt|ms=macurrilho|mp=macurrilho}} {{paroxítona|ma|cur|ri|lho}}, {{g|m}} # {...</comment>
<model>wikitext</model>
<format>text/x-wiki</format>
<text bytes="356" xml:space="preserve">={{-pt-}}=
==Substantivo==
{{flex.pt|ms=macurrilho|mp=macurrilho}}
{{paroxítona|ma|cur|ri|lho}}, {{g|m}}
# {{escopo|pt|Ave|Alentejo}} [[ave]] limícola negra com marca branca no pescoço
=={{etimologia|pt}}==
: Confronte-se com as palavras galegas ''[[macurro#{{gl}}|macurro]]'' e ''[[macurril#{{gl}}|macurril]]''.
[[Categoria:Substantivo (Português)]]</text>
<sha1>tm4mlwfy2raqjjrac7vs61g3w6xejdj</sha1>
</revision>
