<page>
<page>
<title>maculada</title>
<ns>0</ns>
<id>330270</id>
<revision>
<id>2460771</id>
<parentid>2372300</parentid>
<timestamp>2017-11-14T00:13:13Z</timestamp>
<contributor>
<username>MIL973</username>
<id>41339</id>
</contributor>
<model>wikitext</model>
<format>text/x-wiki</format>
<text bytes="177" xml:space="preserve">={{-pt-}}=
==Forma de adjetivo==
{{paroxítona|ma|cu|la|da}}, {{gramática|f}}
# feminino de [[maculado]]
{{avi-for-fle|maculado}}
[[Categoria:Forma de adjetivo (Português)]]</text>
<sha1>7lax0vsr1zsbazvl8zura38ds66wje1</sha1>
</revision>
