<page>
<title>maculais</title>
<ns>0</ns>
<id>159732</id>
<revision>
<id>2372305</id>
<parentid>1778683</parentid>
<timestamp>2017-05-04T14:33:51Z</timestamp>
<contributor>
<username>HydrizBot</username>
<id>29590</id>
</contributor>
<minor />
<comment>Robô: A limpar links interwikis antigos</comment>
<model>wikitext</model>
<format>text/x-wiki</format>
<text bytes="182" xml:space="preserve">={{-pt-}}=
==Forma verbal==
'''maculais'''
#[[segunda pessoa]] do [[plural]] do [[presente]] do [[modo indicativo]] do verbo '''[[macular]]'''
[[Categoria:Forma verbal (Português)]]</text>
<sha1>q51ikguk7nb8p5ur7hr6i1ytg0py3jk</sha1>
</revision>
</page>
