<page>
<page>
<title>maculávamos</title>
<ns>0</ns>
<id>164025</id>
<revision>
<id>2372350</id>
<parentid>2129271</parentid>
<timestamp>2017-05-04T14:35:53Z</timestamp>
<contributor>
<username>HydrizBot</username>
<id>29590</id>
</contributor>
<minor />
<comment>Robô: A limpar links interwikis antigos</comment>
<model>wikitext</model>
<format>text/x-wiki</format>
<text bytes="200" xml:space="preserve">={{-pt-}}=
==Forma verbal==
'''maculávamos'''
#[[primeira pessoa]] do [[plural]] do [[pretérito imperfeito]] do [[modo indicativo]] do verbo '''[[macular]]'''
[[Categoria:Forma verbal (Português)]]</text>
<sha1>ryje7affo3g82ymyjh4yulozjp8cwh2</sha1>
</revision>
