<page>
<title>macurro</title>
<ns>0</ns>
<id>391203</id>
<revision>
<id>2478046</id>
<timestamp>2018-01-15T21:43:43Z</timestamp>
<contributor>
<username>Cpls</username>
<id>20608</id>
</contributor>
<comment>[[Ajuda:Guia de edição/Menus e ferramentas/Sumário de edição|→]] nova página: ={{-gl-}}= ==Adjetivo== {{flex.gl|ms=macurro|mp=macurros|fs=macurra|fp=macurras}} {{paroxítona|ma|cur|ro|lan...</comment>
<model>wikitext</model>
<format>text/x-wiki</format>
<text bytes="331" xml:space="preserve">={{-gl-}}=
==Adjetivo==
{{flex.gl|ms=macurro|mp=macurros|fs=macurra|fp=macurras}}
{{paroxítona|ma|cur|ro|lang=gl}}
# que e [[torpe]], pesado e rude 
# [[avaro]]
==={{-varort-}}===
* De '''2''': [[tacurro#{{gl}}|tacurro]]
=={{etimologia|gl}}==
: Confronte-se com ''[[macurril#{{gl}}|macurril]]''.
[[Categoria:Adjetivo (Galego)]]</text>
<sha1>6kmvi4zqb04ca5xmzqf99f9gseia4ae</sha1>
</revision>
</page>
