<page>
<title>maculei</title>
<ns>0</ns>
<id>171356</id>
<revision>
<id>2372338</id>
<parentid>2129278</parentid>
<timestamp>2017-05-04T14:35:21Z</timestamp>
<contributor>
<username>HydrizBot</username>
<id>29590</id>
</contributor>
<minor />
<comment>Robô: A limpar links interwikis antigos</comment>
<model>wikitext</model>
<format>text/x-wiki</format>
<text bytes="195" xml:space="preserve">={{-pt-}}=
==Forma verbal==
'''maculei'''
#[[primeira pessoa]] do [[singular]] do [[pretérito perfeito]] do [[modo indicativo]] do verbo '''[[macular]]'''
[[Categoria:Forma verbal (Português)]]</text>
<sha1>ja4aj98gl2zj5avbexqz49mzqtsse27</sha1>
</revision>
</page>
