<page>
<page>
<title>maculai</title>
<ns>0</ns>
<id>221034</id>
<revision>
<id>2372304</id>
<parentid>1778684</parentid>
<timestamp>2017-05-04T14:33:48Z</timestamp>
<contributor>
<username>HydrizBot</username>
<id>29590</id>
</contributor>
<minor />
<comment>Robô: A limpar links interwikis antigos</comment>
<model>wikitext</model>
<format>text/x-wiki</format>
<text bytes="176" xml:space="preserve">={{-pt-}}=
==Forma verbal==
'''maculai'''
#[[segunda pessoa]] do [[plural]] do [[imperativo]] [[afirmativo]] do verbo '''[[macular]]'''
[[Categoria:Forma verbal (Português)]]</text>
<sha1>0nabsd4pjnv88ss9bofdbeersaxw2cb</sha1>
</revision>
