<page>
<page>
<title>macularíeis</title>
<ns>0</ns>
<id>195443</id>
<revision>
<id>2372327</id>
<parentid>2129283</parentid>
<timestamp>2017-05-04T14:34:50Z</timestamp>
<contributor>
<username>HydrizBot</username>
<id>29590</id>
</contributor>
<minor />
<comment>Robô: A limpar links interwikis antigos</comment>
<model>wikitext</model>
<format>text/x-wiki</format>
<text bytes="176" xml:space="preserve">={{-pt-}}=
==Forma verbal==
'''macularíeis'''
#[[segunda pessoa]] do [[plural]] do [[futuro do pretérito]] do verbo '''[[macular]]'''
[[Categoria:Forma verbal (Português)]]</text>
<sha1>c3gtl6jkzvnsodrx6nyk0lp4xyx5cgu</sha1>
</revision>
