<page>
<page>
<title>maculáramos</title>
<ns>0</ns>
<id>181243</id>
<revision>
<id>2372346</id>
<parentid>1983531</parentid>
<timestamp>2017-05-04T14:35:43Z</timestamp>
<contributor>
<username>HydrizBot</username>
<id>29590</id>
</contributor>
<minor />
<comment>Robô: A limpar links interwikis antigos</comment>
<model>wikitext</model>
<format>text/x-wiki</format>
<text bytes="185" xml:space="preserve">={{-pt-}}=
==Forma verbal==
'''maculáramos'''
#[[primeira pessoa]] do [[plural]] do [[pretérito mais-que-perfeito]] do verbo '''[[macular]]'''
[[Categoria:Forma verbal (Português)]]</text>
<sha1>1t4fnr4cnjm524mc7uuzyznfj255p7k</sha1>
</revision>
