<page>
<title>maculareis</title>
<ns>0</ns>
<id>190142</id>
<revision>
<id>2372315</id>
<parentid>1983540</parentid>
<timestamp>2017-05-04T14:34:18Z</timestamp>
<contributor>
<username>HydrizBot</username>
<id>29590</id>
</contributor>
<minor />
<comment>Robô: A limpar links interwikis antigos</comment>
<model>wikitext</model>
<format>text/x-wiki</format>
<text bytes="172" xml:space="preserve">={{-pt-}}=
==Forma verbal==
'''maculareis'''
#[[segunda pessoa]] do [[plural]] do [[futuro do presente]] do verbo '''[[macular]]'''
[[Categoria:Forma verbal (Português)]]</text>
<sha1>p70o7duzirzc0ckdwjc7pteu9hx9fkb</sha1>
</revision>
</page>
