<page>
<page>
<title>maculado</title>
<ns>0</ns>
<id>260868</id>
<revision>
<id>2460768</id>
<parentid>2372302</parentid>
<timestamp>2017-11-14T00:12:19Z</timestamp>
<contributor>
<username>MIL973</username>
<id>41339</id>
</contributor>
<model>wikitext</model>
<format>text/x-wiki</format>
<text bytes="337" xml:space="preserve">={{-pt-}}=
==Adjetivo==
{{flex.pt|ms=maculado|mp=maculados|fs=maculada|fp=maculadas}}
{{paroxítona|ma|cu|la|do}}, {{gramática|m}}
# [[impuro]], [[sujo]]
===Antônimos===
{{colunas|3}}
* [[imaculado]]
* [[limpo]]
* [[puro]]
{{colunas/fim}}
=={{etimologia|pt}}==
: Particípio do verbo [[macular]].
[[Categoria:Adjetivo (Português)]]</text>
<sha1>q6aoiknnlhqg6llf3k5gkugu9hdxuto</sha1>
</revision>
