<page>
<title>maculará</title>
<ns>0</ns>
<id>187348</id>
<revision>
<id>2372323</id>
<parentid>1983538</parentid>
<timestamp>2017-05-04T14:34:39Z</timestamp>
<contributor>
<username>HydrizBot</username>
<id>29590</id>
</contributor>
<minor />
<comment>Robô: A limpar links interwikis antigos</comment>
<model>wikitext</model>
<format>text/x-wiki</format>
<text bytes="174" xml:space="preserve">={{-pt-}}=
==Forma verbal==
'''maculará'''
#[[terceira pessoa]] do [[singular]] do [[futuro do presente]] do verbo '''[[macular]]'''
[[Categoria:Forma verbal (Português)]]</text>
<sha1>73k3amgfjk7e7wxh9v4151u4a25sp5r</sha1>
</revision>
</page>
