<page>
<page>
<title>maculaste</title>
<ns>0</ns>
<id>172767</id>
<revision>
<id>2372332</id>
<parentid>1983535</parentid>
<timestamp>2017-05-04T14:35:05Z</timestamp>
<contributor>
<username>HydrizBot</username>
<id>29590</id>
</contributor>
<minor />
<comment>Robô: A limpar links interwikis antigos</comment>
<model>wikitext</model>
<format>text/x-wiki</format>
<text bytes="196" xml:space="preserve">={{-pt-}}=
==Forma verbal==
'''maculaste'''
#[[segunda pessoa]] do [[singular]] do [[pretérito perfeito]] do [[modo indicativo]] do verbo '''[[macular]]'''
[[Categoria:Forma verbal (Português)]]</text>
<sha1>6lg7ads0nelp7k9y4w6vb79a04hmaox</sha1>
</revision>
