<page>
<title>macularemos</title>
<ns>0</ns>
<id>188682</id>
<revision>
<id>2372317</id>
<parentid>1983539</parentid>
<timestamp>2017-05-04T14:34:22Z</timestamp>
<contributor>
<username>HydrizBot</username>
<id>29590</id>
</contributor>
<minor />
<comment>Robô: A limpar links interwikis antigos</comment>
<model>wikitext</model>
<format>text/x-wiki</format>
<text bytes="174" xml:space="preserve">={{-pt-}}=
==Forma verbal==
'''macularemos'''
#[[primeira pessoa]] do [[plural]] do [[futuro do presente]] do verbo '''[[macular]]'''
[[Categoria:Forma verbal (Português)]]</text>
<sha1>fgwdjtpqzsbv6j6tzc8mv0v2dnww40q</sha1>
</revision>
</page>
