<page>
<page>
<title>maculadas</title>
<ns>0</ns>
<id>330268</id>
<revision>
<id>2460769</id>
<parentid>2372301</parentid>
<timestamp>2017-11-14T00:12:37Z</timestamp>
<contributor>
<username>MIL973</username>
<id>41339</id>
</contributor>
<model>wikitext</model>
<format>text/x-wiki</format>
<text bytes="186" xml:space="preserve">={{-pt-}}=
==Forma de adjetivo==
{{paroxítona|ma|cu|la|das}}, {{gramática|fp}}
# feminino plural de [[maculado]]
{{avi-for-fle|maculado}}
[[Categoria:Forma de adjetivo (Português)]]</text>
<sha1>o0hj4h1h1b5oep1eo015mds7eb1o2sw</sha1>
</revision>
