<page>
<title>maculam</title>
<ns>0</ns>
<id>161279</id>
<revision>
<id>2372306</id>
<parentid>1924128</parentid>
<timestamp>2017-05-04T14:33:53Z</timestamp>
<contributor>
<username>HydrizBot</username>
<id>29590</id>
</contributor>
<minor />
<comment>Robô: A limpar links interwikis antigos</comment>
<model>wikitext</model>
<format>text/x-wiki</format>
<text bytes="182" xml:space="preserve">={{-pt-}}=
==Forma verbal==
'''maculam'''
#[[terceira pessoa]] do [[plural]] do [[presente]] do [[modo indicativo]] do verbo '''[[macular]]'''
[[Categoria:Forma verbal (Português)]]</text>
<sha1>nzny4ofhnvzm8omvnci9rb7gi6is9y1</sha1>
</revision>
</page>
