<page>
<title>maculeis</title>
<ns>0</ns>
<id>218134</id>
<revision>
<id>2372339</id>
<parentid>2129277</parentid>
<timestamp>2017-05-04T14:35:23Z</timestamp>
<contributor>
<username>HydrizBot</username>
<id>29590</id>
</contributor>
<minor />
<comment>Robô: A limpar links interwikis antigos</comment>
<model>wikitext</model>
<format>text/x-wiki</format>
<text bytes="275" xml:space="preserve">={{-pt-}}=
==Forma verbal==
'''maculeis'''
#[[segunda pessoa]] do [[plural]] do [[presente]] do [[modo subjuntivo]] do verbo '''[[macular]]'''
#[[segunda pessoa]] do [[plural]] do [[imperativo]] [[negativo]] do verbo '''[[macular]]'''
[[Categoria:Forma verbal (Português)]]</text>
<sha1>tdl7su2xo5iisc2eex1k0skcyhwle9e</sha1>
</revision>
</page>
