<page>
<page>
<title>maculamos</title>
<ns>0</ns>
<id>158320</id>
<revision>
<id>2493508</id>
<parentid>2372307</parentid>
<timestamp>2018-04-05T13:16:11Z</timestamp>
<contributor>
<username>ValJor</username>
<id>1358</id>
</contributor>
<comment>Acrescentando a predefinição avi-for-fle</comment>
<model>wikitext</model>
<format>text/x-wiki</format>
<text bytes="323" xml:space="preserve">={{-pt-}}=
==Forma verbal==
{{paroxítona|ma|cu|la|mos}}
# primeira pessoa do plural do presente do modo indicativo do verbo [[macular]]
# {{escopo2|grafia brasileira}} primeira pessoa do plural do pretérito perfeito do modo indicativo do verbo [[macular]]
{{avi-for-fle|macular}}
[[Categoria:Forma verbal (Português)]]</text>
<sha1>6sx3fdgki2xpu2gi7nkkcvwueww38ol</sha1>
</revision>
