<page>
<title>maculara</title>
<ns>0</ns>
<id>178241</id>
<revision>
<id>2372310</id>
<parentid>1983542</parentid>
<timestamp>2017-05-04T14:34:04Z</timestamp>
<contributor>
<username>HydrizBot</username>
<id>29590</id>
</contributor>
<minor />
<comment>Robô: A limpar links interwikis antigos</comment>
<model>wikitext</model>
<format>text/x-wiki</format>
<text bytes="231" xml:space="preserve">={{-pt-}}=
==Forma verbal==
'''maculara'''
#[[primeira pessoa|primeira]] e [[terceira pessoa|terceira pessoas]] do [[singular]] do [[pretérito mais-que-perfeito]] do verbo '''[[macular]]'''
[[Categoria:Forma verbal (Português)]]</text>
<sha1>rr7i373h4cvralpdhp603pcetep158m</sha1>
</revision>
</page>
