<page>
<page>
<title>macularmos</title>
<ns>0</ns>
<id>209600</id>
<revision>
<id>2372322</id>
<parentid>2129285</parentid>
<timestamp>2017-05-04T14:34:35Z</timestamp>
<contributor>
<username>HydrizBot</username>
<id>29590</id>
</contributor>
<minor />
<comment>Robô: A limpar links interwikis antigos</comment>
<model>wikitext</model>
<format>text/x-wiki</format>
<text bytes="272" xml:space="preserve">={{-pt-}}=
==Forma verbal==
'''macularmos'''
#[[primeira pessoa]] do [[plural]] do [[futuro]] do [[modo subjuntivo]] do verbo '''[[macular]]'''
#[[infinitivo pessoal]] da [[primeira pessoa]] do [[plural]] do verbo '''[[macular]]'''
[[Categoria:Forma verbal (Português)]]</text>
<sha1>apo62iagg9q252d8kj78f6wim6x22nv</sha1>
</revision>
