<page>
<page>
<title>macularem</title>
<ns>0</ns>
<id>212412</id>
<revision>
<id>2372316</id>
<parentid>1158210</parentid>
<timestamp>2017-05-04T14:34:21Z</timestamp>
<contributor>
<username>HydrizBot</username>
<id>29590</id>
</contributor>
<minor />
<comment>Robô: A limpar links interwikis antigos</comment>
<model>wikitext</model>
<format>text/x-wiki</format>
<text bytes="271" xml:space="preserve">={{-pt-}}=
==Forma verbal==
'''macularem'''
#[[terceira pessoa]] do [[plural]] do [[futuro]] do [[modo subjuntivo]] do verbo '''[[macular]]'''
#[[infinitivo pessoal]] da [[terceira pessoa]] do [[plural]] do verbo '''[[macular]]'''
[[Categoria:Forma verbal (Português)]]</text>
<sha1>71j7ocbsmce24vcdpokwdx62c4759jn</sha1>
</revision>
