<page>
<page>
<title>maculem</title>
<ns>0</ns>
<id>216785</id>
<revision>
<id>2372340</id>
<parentid>1158234</parentid>
<timestamp>2017-05-04T14:35:26Z</timestamp>
<contributor>
<username>HydrizBot</username>
<id>29590</id>
</contributor>
<minor />
<comment>Robô: A limpar links interwikis antigos</comment>
<model>wikitext</model>
<format>text/x-wiki</format>
<text bytes="371" xml:space="preserve">={{-pt-}}=
==Forma verbal==
'''maculem'''
#[[terceira pessoa]] do [[plural]] do [[presente]] do [[modo subjuntivo]] do verbo '''[[macular]]'''
#[[terceira pessoa]] do [[plural]] do [[imperativo]] [[afirmativo]] do verbo '''[[macular]]'''
#[[terceira pessoa]] do [[plural]] do [[imperativo]] [[negativo]] do verbo '''[[macular]]'''
[[Categoria:Forma verbal (Português)]]</text>
<sha1>gbw1c3s2cz68t2jyta0o5zx3nsh8iqj</sha1>
</revision>
