<page>
<title>macularia</title>
<ns>0</ns>
<id>192785</id>
<revision>
<id>2372319</id>
<parentid>2129288</parentid>
<timestamp>2017-05-04T14:34:28Z</timestamp>
<contributor>
<username>HydrizBot</username>
<id>29590</id>
</contributor>
<minor />
<comment>Robô: A limpar links interwikis antigos</comment>
<model>wikitext</model>
<format>text/x-wiki</format>
<text bytes="207" xml:space="preserve">={{-pt-}}=
==Forma verbal==
'''macularia'''
#[[primeira pessoa|primeira]] e [[terceira pessoa]] do [[singular]] do [[futuro do pretérito]] do verbo '''[[macular]]'''
[[Categoria:Forma verbal (Português)]]</text>
<sha1>0ze8jweyegpkcky6ptwknjtk2ra1cre</sha1>
</revision>
</page>
