<page>
<page>
<title>maculados</title>
<ns>0</ns>
<id>330269</id>
<revision>
<id>2460770</id>
<parentid>2372303</parentid>
<timestamp>2017-11-14T00:12:56Z</timestamp>
<contributor>
<username>MIL973</username>
<id>41339</id>
</contributor>
<model>wikitext</model>
<format>text/x-wiki</format>
<text bytes="177" xml:space="preserve">={{-pt-}}=
==Forma de adjetivo==
{{paroxítona|ma|cu|la|dos}}, {{gramática|mp}}
# plural de [[maculado]]
{{avi-for-fle|maculado}}
[[Categoria:Forma de adjetivo (Português)]]</text>
<sha1>f3p97i2j5cuigi4f3mslkqnezjvryy8</sha1>
</revision>
