<page>
<title>maculáveis</title>
<ns>0</ns>
<id>168467</id>
<revision>
<id>2372351</id>
<parentid>2129270</parentid>
<timestamp>2017-05-04T14:35:55Z</timestamp>
<contributor>
<username>HydrizBot</username>
<id>29590</id>
</contributor>
<minor />
<comment>Robô: A limpar links interwikis antigos</comment>
<model>wikitext</model>
<format>text/x-wiki</format>
<text bytes="198" xml:space="preserve">={{-pt-}}=
==Forma verbal==
'''maculáveis'''
#[[segunda pessoa]] do [[plural]] do [[pretérito imperfeito]] do [[modo indicativo]] do verbo '''[[macular]]'''
[[Categoria:Forma verbal (Português)]]</text>
<sha1>pcn7mur8vzy77r2qxb8z1imqoxqurre</sha1>
</revision>
</page>
