<page>
<title>macularás</title>
<ns>0</ns>
<id>185973</id>
<revision>
<id>2372324</id>
<parentid>1983537</parentid>
<timestamp>2017-05-04T14:34:42Z</timestamp>
<contributor>
<username>HydrizBot</username>
<id>29590</id>
</contributor>
<minor />
<comment>Robô: A limpar links interwikis antigos</comment>
<model>wikitext</model>
<format>text/x-wiki</format>
<text bytes="174" xml:space="preserve">={{-pt-}}=
==Forma verbal==
'''macularás'''
#[[segunda pessoa]] do [[singular]] do [[futuro do presente]] do verbo '''[[macular]]'''
[[Categoria:Forma verbal (Português)]]</text>
<sha1>2432rrm91k126fnk4cod74j1vrz4gi6</sha1>
</revision>
</page>
