<page>
<page>
<title>macules</title>
<ns>0</ns>
<id>219549</id>
<revision>
<id>2372342</id>
<parentid>1979787</parentid>
<timestamp>2017-05-04T14:35:31Z</timestamp>
<contributor>
<username>HydrizBot</username>
<id>29590</id>
</contributor>
<minor />
<comment>Robô: A limpar links interwikis antigos</comment>
<model>wikitext</model>
<format>text/x-wiki</format>
<text bytes="278" xml:space="preserve">={{-pt-}}=
==Forma verbal==
'''macules'''
#[[segunda pessoa]] do [[singular]] do [[presente]] do [[modo subjuntivo]] do verbo '''[[macular]]'''
#[[segunda pessoa]] do [[singular]] do [[imperativo]] [[negativo]] do verbo '''[[macular]]'''
[[Categoria:Forma verbal (Português)]]</text>
<sha1>ncqnm8rhke0bdj2mtop17qso4zep5kh</sha1>
</revision>
