<page>
<page>
<title>macuquenses</title>
<ns>0</ns>
<id>415222</id>
<revision>
<id>2560486</id>
<parentid>2560485</parentid>
<timestamp>2019-11-07T08:21:08Z</timestamp>
<contributor>
<username>MIL973</username>
<id>41339</id>
</contributor>
<model>wikitext</model>
<format>text/x-wiki</format>
<text bytes="338" xml:space="preserve">={{-pt-}}=
==Forma de adjetivo==
{{paroxítona|ma|cu|quen|ses}}, {{gramática|c2gp}}
# plural de [[macuquense]]
==Forma de substantivo==
{{paroxítona|ma|cu|quen|ses}}, {{gramática|c2gp}}
# plural de [[macuquense]]
{{avi-for-fle|macuquense}}
[[Categoria:Forma de adjetivo (Português)]]
[[Categoria:Forma de substantivo (Português)]]</text>
<sha1>59snu3wypbjgbstu9gtcs99gs3qbzgw</sha1>
</revision>
