<page>
<page>
<title>maculava</title>
<ns>0</ns>
<id>205072</id>
<revision>
<id>2372334</id>
<parentid>2129281</parentid>
<timestamp>2017-05-04T14:35:10Z</timestamp>
<contributor>
<username>HydrizBot</username>
<id>29590</id>
</contributor>
<minor />
<comment>Robô: A limpar links interwikis antigos</comment>
<model>wikitext</model>
<format>text/x-wiki</format>
<text bytes="230" xml:space="preserve">={{-pt-}}=
==Forma verbal==
'''maculava'''
#[[primeira pessoa|primeira]] e [[terceira pessoa]] do [[singular]] do [[pretérito imperfeito]] do [[modo indicativo]] do verbo '''[[macular]]'''
[[Categoria:Forma verbal (Português)]]</text>
<sha1>gde080xd98gqbtqik8f5gugn6zplbl0</sha1>
</revision>
