<page>
<page>
<title>maculasses</title>
<ns>0</ns>
<id>198094</id>
<revision>
<id>2372331</id>
<parentid>1778694</parentid>
<timestamp>2017-05-04T14:35:01Z</timestamp>
<contributor>
<username>HydrizBot</username>
<id>29590</id>
</contributor>
<minor />
<comment>Robô: A limpar links interwikis antigos</comment>
<model>wikitext</model>
<format>text/x-wiki</format>
<text bytes="200" xml:space="preserve">={{-pt-}}=
==Forma verbal==
'''maculasses'''
#[[segunda pessoa]] do [[singular]] do [[pretérito imperfeito]] do [[modo subjuntivo]] do verbo '''[[macular]]'''
[[Categoria:Forma verbal (Português)]]</text>
<sha1>bhree0fqqyitb1h93sqqg6iuu9knlz7</sha1>
</revision>
