<page>
<page>
<title>maculássemos</title>
<ns>0</ns>
<id>199565</id>
<revision>
<id>2372349</id>
<parentid>2129272</parentid>
<timestamp>2017-05-04T14:35:51Z</timestamp>
<contributor>
<username>HydrizBot</username>
<id>29590</id>
</contributor>
<minor />
<comment>Robô: A limpar links interwikis antigos</comment>
<model>wikitext</model>
<format>text/x-wiki</format>
<text bytes="202" xml:space="preserve">={{-pt-}}=
==Forma verbal==
'''maculássemos'''
#[[primeira pessoa]] do [[plural]] do [[pretérito imperfeito]] do [[modo subjuntivo]] do verbo '''[[macular]]'''
[[Categoria:Forma verbal (Português)]]</text>
<sha1>fb9easwkyeofkk2jlohefyiwb2grkmk</sha1>
</revision>
