<page>
<page>
<title>maculas</title>
<ns>0</ns>
<id>155485</id>
<revision>
<id>2372328</id>
<parentid>1924127</parentid>
<timestamp>2017-05-04T14:34:53Z</timestamp>
<contributor>
<username>HydrizBot</username>
<id>29590</id>
</contributor>
<minor />
<comment>Robô: A limpar links interwikis antigos</comment>
<model>wikitext</model>
<format>text/x-wiki</format>
<text bytes="180" xml:space="preserve">={{-pt-}}=
==Forma verbal==
'''maculas'''
#[[segunda]] [[pessoa]] do [[singular]] do [[presente]] [[indicativo]] do verbo '''[[macular]]'''
[[Categoria:Forma verbal (Português)]]</text>
<sha1>la2wx0yit8zpavyh4xael6q72hb3iil</sha1>
</revision>
