<page>
<page>
<title>maculásseis</title>
<ns>0</ns>
<id>202407</id>
<revision>
<id>2372348</id>
<parentid>2129273</parentid>
<timestamp>2017-05-04T14:35:49Z</timestamp>
<contributor>
<username>HydrizBot</username>
<id>29590</id>
</contributor>
<minor />
<comment>Robô: A limpar links interwikis antigos</comment>
<model>wikitext</model>
<format>text/x-wiki</format>
<text bytes="200" xml:space="preserve">={{-pt-}}=
==Forma verbal==
'''maculásseis'''
#[[segunda pessoa]] do [[plural]] do [[pretérito imperfeito]] do [[modo subjuntivo]] do verbo '''[[macular]]'''
[[Categoria:Forma verbal (Português)]]</text>
<sha1>e7qcs4xbrlbv603lh3jmhr0rke9pbka</sha1>
</revision>
