<page>
<title>maculastes</title>
<ns>0</ns>
<id>175429</id>
<revision>
<id>2372333</id>
<parentid>2129282</parentid>
<timestamp>2017-05-04T14:35:08Z</timestamp>
<contributor>
<username>HydrizBot</username>
<id>29590</id>
</contributor>
<minor />
<comment>Robô: A limpar links interwikis antigos</comment>
<model>wikitext</model>
<format>text/x-wiki</format>
<text bytes="195" xml:space="preserve">={{-pt-}}=
==Forma verbal==
'''maculastes'''
#[[segunda pessoa]] do [[plural]] do [[pretérito perfeito]] do [[modo indicativo]] do verbo '''[[macular]]'''
[[Categoria:Forma verbal (Português)]]</text>
<sha1>5n7knuf3ac2rqthhzadxb8c09lsri7d</sha1>
</revision>
</page>
