<page>
<page>
<title>maculo</title>
<ns>0</ns>
<id>154091</id>
<revision>
<id>2690116</id>
<parentid>2608517</parentid>
<timestamp>2022-10-23T16:32:55Z</timestamp>
<contributor>
<username>InternetArchiveBot</username>
<id>81604</id>
</contributor>
<comment>Rescuing 1 sources and tagging 0 as dead.) #IABot (v2.0.9.2</comment>
<model>wikitext</model>
<format>text/x-wiki</format>
<text bytes="1514" xml:space="preserve">{{Wikipédia}}
={{-pt-}}=
==Substantivo==
{{flex.pt|ms=maculo|mp=maculos}}
{{paroxítona|ma|cu|lo}}
# {{escopo|pt|Brasileirismo}} [[doença]] que acometia os escravos negros jovens, durante o período colonial, caracterizada por [[diarreia]] e relaxamento do [[esfíncter]] [[anal]] externo, com variada sintomatologia tais como presença de [[muco]] pútrido e fétido, ulcerações e ainda [[febre]], [[cefaleia]] e outros, e que levava ao [[óbito]]
#* ''Guilherme Piso considerava o '''maculo''' uma doença exclusiva do Brasil.''
===Sinônimos===
* [[corrução]], [[mal-de-bicho]], achaque do bicho, enfermidade do bicho, corrupção do bicho, corrupção, mal-do-sesso, relaxação do sesso.
==Forma verbal==
{{paroxítona|ma|cu|lo}}
# primeira pessoa do singular do presente indicativo do verbo [[macular]]
=={{etimologia|pt}}==
: Do [[quimbundo]] ''ma'kulu ''
==Ver também==
===Referências===
{{verTambém.Ini}}
* [[w:Aurélio_Buarque_de_Holanda_Ferreira|&lt;span style=&quot;font-variant:small-caps;&quot;&gt;Ferreira&lt;/span&gt;, Aurélio Buarque de Holanda]]. “{{PAGENAME}}”. ''[[w:Dicionário_Aurélio|Novo dicionário da língua portuguesa — Século XXI]]''. [[w:Rio_de_Janeiro_(cidade)|Rio de Janeiro]]: [[w:Nova_Fronteira|Nova Fronteira]], [[w:1993|1993]].
*[https://web.archive.org/web/20100330044747/http://usuarios.cultura.com.br/jmrezende/maculo.htm Linguagem médica - Maculo], por Joffre M de Rezende 
{{verTambém.Fim}}
[[Categoria:Substantivo (Português)]]
[[Categoria:Forma verbal (Português)]]</text>
<sha1>doakg08u09vgt1fxi47reygl6200vu2</sha1>
</revision>
