<page>
<page>
<title>Macédoine</title>
<ns>0</ns>
<id>133833</id>
<revision>
<id>2273591</id>
<parentid>2099034</parentid>
<timestamp>2017-04-26T21:19:29Z</timestamp>
<contributor>
<username>HydrizBot</username>
<id>29590</id>
</contributor>
<minor />
<comment>Robô: A limpar links interwikis antigos</comment>
<model>wikitext</model>
<format>text/x-wiki</format>
<text bytes="429" xml:space="preserve">={{-fr-}}=
==Substantivo==
'''Macédoine''', {{pr}}
#{{escopo|Geografia}} [[Macedônia]]
===Variante===
*[[République de Macédoine]]
==Ver também==
{{Europa/fr}}
[[Categoria:Substantivo (Francês)]]
[[Categoria:País (Francês)]]
={{-pcd-}}=
==Substantivo==
'''Macédoine''', ''próprio''
#{{escopo|Geografia}} [[Macedônia]]
==Ver também==
{{Europa/pcd}}
[[Categoria:Substantivo (Picardo)]]
[[Categoria:País (Picardo)]]</text>
<sha1>l4z4319jis1m9cih4aqnq3frdomg7ud</sha1>
</revision>
