<page>
<page>
<title>mad</title>
<ns>0</ns>
<id>74018</id>
<revision>
<id>2372353</id>
<parentid>2246137</parentid>
<timestamp>2017-05-04T14:36:09Z</timestamp>
<contributor>
<username>HydrizBot</username>
<id>29590</id>
</contributor>
<minor />
<comment>Robô: A limpar links interwikis antigos</comment>
<model>wikitext</model>
<format>text/x-wiki</format>
<text bytes="171" xml:space="preserve">={{-pau-}}=
==Substantivo==
'''mad''' 
:# {{escopo|Anatomia}} [[olho]]
==Ver Também==
* [[mata]]
[[Categoria:Substantivo (Palauano)]]
[[Categoria:Anatomia (Palauano)]]</text>
<sha1>2yoxaszmdslwqi81nown4s68cmr3fwi</sha1>
</revision>
