<page>
<page>
<title>madalenense</title>
<ns>0</ns>
<id>67973</id>
<revision>
<id>2493460</id>
<parentid>2492830</parentid>
<timestamp>2018-04-05T08:21:37Z</timestamp>
<contributor>
<username>MIL973</username>
<id>41339</id>
</contributor>
<model>wikitext</model>
<format>text/x-wiki</format>
<text bytes="828" xml:space="preserve">={{-pt-}}=
==Adjetivo==
{{flex.pt|s=madalenense|p=madalenenses}}
{{paroxítona|ma|da|le|nen|se}}, {{gramática|c2g}}
# {{escopo|pt|Gentílico}} da [[Madalena]], [[Apêndice:Gentílicos e topónimos em português/Portugal/Açores|concelho dos Açores]], Portugal
# {{escopo|pt|Gentílico}} das cidades de Madalena (Ceará) ou de [[Santa Maria Madalena]] (Rio de Janeiro)
==Substantivo==
{{flex.pt|s=madalenense|p=madalenenses}}
{{paroxítona|ma|da|le|nen|se}}, {{gramática|c2g}}
# {{escopo|pt|Gentílico}} natural desta cidade açoriana ou seu habitante
# {{escopo|pt|Gentílico}} natural destas duas cidades brasileiras ou seu habitante
=={{etimologia|pt}}==
: {{escopo|Morfologia}} De [[Madalena]] + [[-ense]].
==Ligações externas==
* {{Aulete}}
[[Categoria:Adjetivo (Português)]]
[[Categoria:Substantivo (Português)]]</text>
<sha1>pfdzxktv59kkigt91ptwrnv2udbvet9</sha1>
</revision>
