<page>
<title>madagascarense</title>
<ns>0</ns>
<id>339855</id>
<revision>
<id>2372356</id>
<parentid>1934805</parentid>
<timestamp>2017-05-04T14:36:21Z</timestamp>
<contributor>
<username>HydrizBot</username>
<id>29590</id>
</contributor>
<minor />
<comment>Robô: A limpar links interwikis antigos</comment>
<model>wikitext</model>
<format>text/x-wiki</format>
<text bytes="375" xml:space="preserve">={{-pt-}}=
==Adjetivo==
{{flex.pt|s=madagascarense|p=madagascarenses}}
{{paroxítona|ma|da|gas|ca|ren|se}}
# natural de [[Madagascar]]; malgaxe
==Substantivo==
{{paroxítona|ma|da|gas|ca|ren|se}}
# pessoa nascida em Madagascar
==Ver também==
{{africanos/pt}}
[[Categoria:Adjetivo (Português)]]
[[Categoria:Substantivo (Português)]]
[[Categoria:Gentílico (Português)]]</text>
<sha1>7f7n4iw59gyj1vhel2tvaj8tgfyb3m7</sha1>
</revision>
</page>
