<page>
<title>Madagaskaro</title>
<ns>0</ns>
<id>131956</id>
<revision>
<id>2273602</id>
<parentid>2215426</parentid>
<timestamp>2017-04-26T21:20:10Z</timestamp>
<contributor>
<username>HydrizBot</username>
<id>29590</id>
</contributor>
<minor />
<comment>Robô: A limpar links interwikis antigos</comment>
<model>wikitext</model>
<format>text/x-wiki</format>
<text bytes="289" xml:space="preserve">={{-eo-}}=
{{Wikipédia|lang=eo}}
==Substantivo==
'''Madagaskaro''', {{pr}}
#{{escopo|Geografia}} [[Madagascar]]
===Variantes===
*[[Madagaskara Respubliko]]
*[[Respubliko de Madagaskaro]]
==Ver também==
{{África/eo}}
[[Categoria:Substantivo (Esperanto)]]
[[Categoria:País (Esperanto)]]</text>
<sha1>jlxrj0w4mzsx9bmozchrn3i7x6xmum4</sha1>
</revision>
</page>
