<page>
<title>Madagaszkár</title>
<ns>0</ns>
<id>139092</id>
<revision>
<id>2273603</id>
<parentid>2028531</parentid>
<timestamp>2017-04-26T21:20:13Z</timestamp>
<contributor>
<username>HydrizBot</username>
<id>29590</id>
</contributor>
<minor />
<comment>Robô: A limpar links interwikis antigos</comment>
<model>wikitext</model>
<format>text/x-wiki</format>
<text bytes="263" xml:space="preserve">={{-hu-}}=
{{Wikipédia|lang=hu}}
==Substantivo==
'''Madagaszkár''', {{pr}}
#{{escopo|Geografia}} [[Madagascar]]
===Variante===
*[[Madagaszkári Köztársaság]]
==Ver também==
{{África/hu}}
[[Categoria:Substantivo (Húngaro)]]
[[Categoria:País (Húngaro)]]</text>
<sha1>gbnniqv4j5mrluiwiewmto7bobc8s13</sha1>
</revision>
</page>
