<page>
<title>mada</title>
<ns>0</ns>
<id>112822</id>
<revision>
<id>2601542</id>
<parentid>2496535</parentid>
<timestamp>2020-11-08T20:41:43Z</timestamp>
<contributor>
<username>Cpls</username>
<id>20608</id>
</contributor>
<comment>/* {{-gl-}} */</comment>
<model>wikitext</model>
<format>text/x-wiki</format>
<text bytes="1853" xml:space="preserve">={{-pt-}}=
==Substantivo==
{{flex.pt|fs=mada|fp=madas}}
{{paroxítona|ma|da}}, {{g|f}}
# [[molho]], [[porção]] de [[coisa]]s que se podem colher duma vez com as mãos
==Anagrama==
# [[dama]]
[[Categoria:Substantivo (Português)]]
={{-bm-}}=
==Verbo==
'''mada'''
# [[inclinar]]
# [[acalmar]]
[[Categoria:Verbo (Bambara)]]
[[Categoria:Falso cognato (Bambara)]]
={{-bs-}}=
==Conjunção==
'''mada'''
# [[embora]]
[[Categoria:Conjunção (Bósnio)]]
[[Categoria:Falso cognato (Bósnio)]]
={{-fi-}}=
==Forma verbal==
'''mada'''
# flexão do verbo [[mataa]]
[[Categoria:Forma verbal (Finlandês)]]
[[Categoria:Falso cognato (Finlandês)]]
={{-gl-}}=
==Substantivo==
{{flex.gl|fs=mada|fp=madas}}
{{paroxítona|ma|da|lang=gl}}, {{g|f|lang=gl}}
# [[mada#{{pt}}|mada]], [[porção]] de [[coisa]]s que se podem colher duma vez com as mãos
# {{escopo|gl|Agricultura}} cada uma das [[porção|porções]] menores nas que se divide um terreno para ser homogeneamente semeado
# [[meada]]; objetos dispostos em série; série de coisas análogas
# {{escopo|gl|Agricultura}} cada um dos montões de [[esterco]] distribuídos sobre um terreno
# {{escopo|gl|planta}} [[acelga]] (''[[species:Beta vulgaris subsp. vulgaris|Beta vulgaris subsp. vulgaris]]'')
===Sinónimo===
* De '''1''' e '''2''': [[manda#{{gl}}|manda]]
[[Categoria:Substantivo (Galego)]]
={{-id-}}=
==Adjetivo==
'''mada'''
# [[louco]]
[[Categoria:Adjetivo (Indonésio)]]
[[Categoria:Falso cognato (Indonésio)]]
={{-ja-}}=
==Transliteração==
# transliteração de [[まだ]]
[[Categoria:Transliteração (Japonês)]]
={{-sh-}}=
==Conjunção==
'''mada'''
# [[embora]]
[[Categoria:Conjunção (Servocroata)]]
[[Categoria:Falso cognato (Servocroata)]]
={{-sw-}}=
==Substantivo==
'''mada'''
# [[título]]
[[Categoria:Substantivo (Suaíli)]]
[[Categoria:Falso cognato (Suaíli)]]</text>
<sha1>kp3jsccv2qcaowhxoqz2tsbvfy9y42f</sha1>
</revision>
</page>
