<page>
<title>Madagascar</title>
<ns>0</ns>
<id>54465</id>
<revision>
<id>2639699</id>
<parentid>2625272</parentid>
<timestamp>2021-06-24T01:32:09Z</timestamp>
<contributor>
<username>ValJor</username>
<id>1358</id>
</contributor>
<minor />
<comment>Corrigindo ortografia do idioma na categoria: Náuatle central --&gt; Náuatle Central</comment>
<model>wikitext</model>
<format>text/x-wiki</format>
<text bytes="24952" xml:space="preserve">{{Wikipédia}}
{{Wikipédia|lang=pdc}}
{{Wikipédia|lang=an}}
{{Wikipédia|lang=ast}}
{{Wikipédia|lang=ca}}
{{Wikipédia|lang=ceb}}
{{Wikipédia|lang=cbk}}
{{Wikipédia|lang=chy}}
{{Wikipédia|lang=sn}}
{{Wikipédia|lang=sco}}
{{Wikipédia|lang=es}}
{{Wikipédia|lang=fr}}
{{Wikipédia|lang=gd}}
{{Wikipédia|lang=gl}}
{{Wikipédia|lang=kl}}
{{Wikipédia|lang=hak}}
{{Wikipédia|lang=hif}}
{{Wikipédia|lang=ig}}
{{Wikipédia|lang=ilo}}
{{Wikipédia|lang=ang}}
{{Wikipédia|lang=en}}
{{Wikipédia|lang=ia}}
{{Wikipédia|lang=ie}}
{{Wikipédia|lang=ga}}
{{Wikipédia|lang=it}}
{{Wikipédia|lang=ki}}
{{Wikipédia|lang=lij}}
{{Wikipédia|lang=lmo}}
{{Wikipédia|lang=lg}}
{{Wikipédia|lang=gv}}
{{Wikipédia|lang=cdo}}
{{Wikipédia|lang=nan}}
{{Wikipédia|lang=nah}}
{{Wikipédia|lang=pih}}
{{Wikipédia|lang=oc}}
{{Wikipédia|lang=pam}}
{{Wikipédia|lang=pap}}
{{Wikipédia|lang=pms}}
{{Wikipédia|lang=ro}}
{{Wikipédia|lang=sm}}
{{Wikipédia|lang=nso}}
{{Wikipédia|lang=st}}
{{Wikipédia|lang=scn}}
{{Wikipédia|lang=tl}}
{{Wikipédia|lang=ts}}
{{Wikipédia|lang=vec}}
{{Wikipédia|lang=vi}}
{{Wikipédia|lang=war}}
[[Imagem:Flag of Madagascar.svg|thumb|right|250px|{{centro|Bandeira de Madagascar}}]]
[[Imagem:LocationMadagascar.svg|thumb|right|250px|{{centro|Localização de Madagascar}}]]
={{-pt-}}=
==Substantivo==
{{oxítona|Ma|da|gas|car}}, {{gramática|pr}}
# {{escopo|pt|País}} [[país]] [[insular]] [[africano]]
==={{-varort-}}===
* [[Madagáscar]]
===Tradução===
{{tradini}}
* {{trad|ace|Madagaskar}}
* {{trad|af|Madagaskar}}
* {{trad|sq|Madagaskari}}
* {{trad|als|Madagaskar}}
* {{trad|de|Madagaskar}}
* {{trad|pdc|Madagascar}}
* {{trad|am|ማዳጋስካር}}
* {{trad|ar|مدغشقر}}
* {{trad|arz|مادجاسكار}}
* {{trad|ary|ماداڭاسكار}}
* {{trad|an|Madagascar}}
* {{trad|hy|Մադագասկար}}
* {{trad|as|মাদাগাস্কাৰ}}
* {{trad|ast|Madagascar}}
* {{trad|az|Madaqaskar}}
* {{trad|azb|ماداقاسکار}}
* {{trad|nds|Madagaskar}}
* {{trad|nds-nl|Madagaskar}}
* {{trad|ban|Madagaskar}}
* {{trad|bm|Madagaskar}}
* {{trad|bjn|Madagaskar}}
* {{trad|eu|Madagaskar}}
* {{trad|ba|Мадагаскар}}
* {{trad|bn|মাদাগাস্কার}}
* {{trad|bh|मेडागास्कर}}
* {{trad|bcl|Madagaskar}}
* {{trad|be|Мадагаскар}}
* {{trad|my|မဒါဂတ်စကားနိုင်ငံ}}
* {{trad|bpy|মাদাগাস্কার}}
* {{trad|bi|Madagaskar}}
* {{trad|bs|Madagaskar}}
* {{trad|br|Madagaskar}}
* {{trad|bg|Мадагаскар}}
* {{trad|bxr|Мадагаскар}}
* {{trad|csb|Madagaskar}}
* {{trad|xal|Мадагаскармудин Орн}}
* {{trad|kn|ಮಡಗಾಸ್ಕರ್}}
* {{trad|yue|馬達加斯加}}
* {{trad|kaa|Madagaskar}}
* {{trad|ca|Madagascar}}
* {{trad|kk|Мадагаскар}}
* {{trad|ceb|Madagascar}}
* {{trad|cbk|Madagascar}}
* {{trad|ce|Мадагаскар}}
* {{trad|cs|Madagaskar}}
* {{trad|chy|Madagascar}}
* {{trad|zh|马达加斯加}}
* {{trad|sn|Madagascar}}
* {{trad|si|මැඩගස්කරය}}
* {{trad|ko|마다가스카르}}
* {{trad|kw|Madagaskar}}
* {{trad|jam|Madagiaska}}
* {{trad|hr|Madagaskar}}
* {{trad|ku|Madagaskar}}
* {{trad|diq|Madagaskar}}
* {{trad|da|Madagaskar}}
* {{trad|din|Madagathkar}}
* {{trad|dv|މަޑަގަސްކަރަ}}
* {{trad|dty|मडागास्कर}}
* {{trad|sco|Madagascar}}
* {{trad|sk|Madagaskar}}
* {{trad|sl|Madagaskar}}
* {{trad|es|Madagascar}}
* {{trad|eo|Madagaskaro}}
* {{trad|et|Madagaskar}}
* {{trad|ext|Madagascal}}
* {{trad|fo|Madagaskar}}
* {{trad|fj|Madagasikar}}
* {{trad|fi|Madagaskar}}
* {{trad|vls|Madagaskar}}
* {{trad|fr|Madagascar}}
* {{trad|frp|Madagascâr}}
* {{trad|fy|Madagaskar}}
* {{trad|stq|Madagaskar}}
* {{trad|frr|Madagaskar}}
* {{trad|gd|Madagascar}}
* {{trad|gag|Madagaskar}}
* {{trad|gl|Madagascar}}
* {{trad|cy|Madagasgar}}
* {{trad|ka|მადაგასკარი}}
* {{trad|el|Μαδαγασκάρη}}
* {{trad|gn|Mandagaka}}
* {{trad|gu|મડાગાસ્કર}}
* {{trad|ht|Madagaskar}}
* {{trad|hak|Madagascar}}
* {{trad|ha|Madagaskar}}
* {{trad|he|מדגסקר}}
* {{trad|hi|मेडागास्कर}}
* {{trad|hif|Madagascar}}
* {{trad|nl|Madagaskar}}
* {{trad|hu|Madagaszkár}}
* {{trad|sah|Мадагаскар}}
* {{trad|ig|Madagascar}}
* {{trad|io|Madagaskar}}
* {{trad|yi|מאדאגאסקאר}}
* {{trad|ilo|Madagascar}}
* {{trad|id|Madagaskar}}
* {{trad|en|Madagascar}}
* {{trad|ang|Madagascar}}
* {{trad|ia|Madagascar}}
* {{trad|ie|Madagascar}}
* {{trad|yo|Madagásíkà}}
* {{trad|ga|Madagascar}}
* {{trad|is|Madagaskar}}
* {{trad|it|Madagascar}}
* {{trad|ja|マダガスカル}}
* {{trad|jv|Madagaskar}}
* {{trad|ee|Malagasi}}
* {{trad|kbp|Madakasɩkarɩ}}
* {{trad|kg|Malagasi}}
* {{trad|ki|Madagascar}}
{{tradmeio}}
* {{trad|avk|Madagasikara}}
* {{trad|lld|Madagascar}}
* {{trad|ltg|Madagaskars}}
* {{trad|la|Madagascaria}}
* {{trad|lv|Madagaskara}}
* {{trad|lij|Madagascar}}
* {{trad|li|Madagaskar}}
* {{trad|ln|Madagasikari}}
* {{trad|lfn|Madagasicara}}
* {{trad|lt|Madagaskaras}}
* {{trad|olo|Madagaskar}}
* {{trad|lmo|Madagascar}}
* {{trad|lg|Madagascar}}
* {{trad|lb|Madagaskar}}
* {{trad|mk|Мадагаскар}}
* {{trad|ml|മഡഗാസ്കർ}}
* {{trad|ms|Madagaskar}}
* {{trad|mg|Madagasikara}}
* {{trad|mt|Madagaskar}}
* {{trad|gv|Madagascar}}
* {{trad|mi|Marakāhia}}
* {{trad|mr|मादागास्कर}}
* {{trad|mrj|Мадагаскар}}
* {{trad|mzn|ماداگاسکار}}
* {{trad|cdo|Madagascar}}
* {{trad|nan|Madagascar}}
* {{trad|min|Madagaskar}}
* {{trad|xmf|მადაგასკარი}}
* {{trad|mn|Мадагаскар}}
* {{trad|nah|Madagascar}}
* {{trad|na|Madagascar}}
* {{trad|nv|Mágí Bitseeʼ Noodǫ́zí Bikéyah}}
* {{trad|ne|माडागास्कर}}
* {{trad|new|मादागास्कर}}
* {{trad|pih|Madagascar}}
* {{trad|no|Madagaskar}}
* {{trad|nov|Madagaskar}}
* {{trad|nn|Madagaskar}}
* {{trad|oc|Madagascar}}
* {{trad|om|Madagaskaar}}
* {{trad|os|Мадагаскар}}
* {{trad|pi|मडगास्कर}}
* {{trad|pam|Madagaskar}}
* {{trad|pap|Madagascar}}
* {{trad|ps|مادغاسکر}}
* {{trad|fa|ماداگاسکار}}
* {{trad|pms|Madagascar}}
* {{trad|pl|Madagaskar}}
* {{trad|pnt|Μαδαγασκάρην}}
* {{trad|pa|ਮਾਦਾਗਾਸਕਰ}}
* {{trad|pnb|مڈغاسکر}}
* {{trad|qu|Madagaskar}}
* {{trad|ky|Мадагаскар}}
* {{trad|ro|Madagascar}}
* {{trad|rw|Madagasikari}}
* {{trad|ru|Мадагаскар}}
* {{trad|smn|Madagaskar}}
* {{trad|se|Madagaskar}}
* {{trad|sm|Madagascar}}
* {{trad|sgs|Madagaskars}}
* {{trad|sg|Madagaskära}}
* {{trad|sa|मडगास्कर}}
* {{trad|sat|ᱢᱟᱫᱟᱜᱟᱥᱠᱟᱨ}}
* {{trad|sc|Madagascàr}}
* {{trad|nso|Madagascar}}
* {{trad|sr|Мадагаскар}}
* {{trad|sh|Madagaskar}}
* {{trad|st|Madagascar}}
* {{trad|shn|မိူင်းမၢတ်ႈတႃႇၵၢတ်ႈသၵႃႇ}}
* {{trad|scn|Madagascar}}
* {{trad|szl|Madagaskar}}
* {{trad|sd|مڊگاسڪر}}
* {{trad|so|Madagaskar}}
* {{trad|hsb|Madagaskar}}
* {{trad|dsb|Madagaskar}}
* {{trad|ckb|ماداگاسکار}}
* {{trad|sw|Madagaska}}
* {{trad|ss|IMadagasikha}}
* {{trad|sv|Madagaskar}}
* {{trad|su|Madagaskar}}
* {{trad|tg|Мадагаскар}}
* {{trad|tl|Madagascar}}
* {{trad|th|ประเทศมาดากัสการ์}}
* {{trad|ty|Matatatihata}}
* {{trad|ta|மடகாசுகர்}}
* {{trad|tt|Мадагаскар}}
* {{trad|crh|Madagaskar}}
* {{trad|cv|Мадагаскар Республики}}
* {{trad|te|మడగాస్కర్}}
* {{trad|bo|མ་ད་གཱ་སི་ཀར།}}
* {{trad|ti|ማዳጋስካር}}
* {{trad|ts|Madagascar}}
* {{trad|tr|Madagaskar}}
* {{trad|tk|Madagaskar}}
* {{trad|uk|Мадагаскар}}
* {{trad|ug|ماداگاسكار}}
* {{trad|wo|Madagaskaar}}
* {{trad|ur|مڈغاسکر}}
* {{trad|uz|Madagaskar}}
* {{trad|wa|Madagascar}}
* {{trad|vec|Madagascar}}
* {{trad|vep|Madagaskar}}
* {{trad|vi|Madagascar}}
* {{trad|vo|Malagaseän}}
* {{trad|vro|Madagaskar}}
* {{trad|udm|Мадагаскар}}
* {{trad|war|Madagascar}}
* {{trad|wuu|馬達加斯加}}
* {{trad|zea|Madahaskar}}
* {{trad|za|Madagascar}}
* {{trad|zu|IMadagasika}}
{{tradfim}}
=={{etimologia|pt}}==
: Do nome da ilha na língua malgaxe: ''Madagasikara'', derivado do proto-malaio ''Fim da Terra'', uma referência à longa distância percorrida por mar pelos primeiros colonizadores malaios a chegar à ilha.
==Ver também==
===No Wikcionário===
{{verTambém.Ini}}
* [[madagascarense]]
{{verTambém.NovaColuna}}
* [[Antananarivo]]
{{verTambém.Fim}}
{{África/pt}}
[[Categoria:Substantivo (Português)]]
[[Categoria:Entrada com imagem (Português)]]
={{-ak-}}=
==Substantivo==
'''Madagascar''', {{gramática|pr}}
# {{escopo|ak|País}} [[Madagascar#Português|Madagascar]]
==Ver também==
===No Wikcionário===
{{África/ak}}
[[Categoria:Substantivo (Akan)]]
[[Categoria:Entrada com imagem (Akan)]]
={{-pdc-}}=
==Substantivo==
'''Madagascar''', {{gramática|pr}}
# {{escopo|pdc|País}} [[Madagascar#Português|Madagascar]]
==Ver também==
===No Wikcionário===
{{África/pdc}}
[[Categoria:Substantivo (Alemão da Pensilvânia)]]
[[Categoria:Entrada com imagem (Alemão da Pensilvânia)]]
={{-an-}}=
==Substantivo==
'''Madagascar''', {{gramática|pr}}
# {{escopo|an|País}} [[Madagascar#Português|Madagascar]]
==Ver também==
===No Wikcionário===
{{África/an}}
[[Categoria:Substantivo (Aragonês)]]
[[Categoria:Entrada com imagem (Aragonês)]]
={{-rup-}}=
==Substantivo==
'''Madagascar''', {{gramática|pr}}
# {{escopo|rup|País}} [[Madagascar#Português|Madagascar]]
==Ver também==
===No Wikcionário===
{{África/rup}}
[[Categoria:Substantivo (Arromeno)]]
[[Categoria:Entrada com imagem (Arromeno)]]
={{-ast-}}=
==Substantivo==
'''Madagascar''', {{gramática|pr}}
# {{escopo|ast|País}} [[Madagascar#Português|Madagascar]]
==Ver também==
===No Wikcionário===
{{África/ast}}
[[Categoria:Substantivo (Asturiano)]]
[[Categoria:Entrada com imagem (Asturiano)]]
={{-ca-}}=
==Substantivo==
'''Madagascar''', {{gramática|pr}}
# {{escopo|ca|País}} [[Madagascar#Português|Madagascar]]
==Ver também==
===No Wikcionário===
{{África/ca}}
[[Categoria:Substantivo (Catalão)]]
[[Categoria:Entrada com imagem (Catalão)]]
={{-ceb-}}=
==Substantivo==
'''Madagascar''', {{gramática|pr}}
# {{escopo|ceb|País}} [[Madagascar#Português|Madagascar]]
==Ver também==
===No Wikcionário===
{{África/ceb}}
[[Categoria:Substantivo (Cebuano)]]
[[Categoria:Entrada com imagem (Cebuano)]]
={{-cbk-}}=
==Substantivo==
'''Madagascar''', {{gramática|pr}}
# {{escopo|cbk|País}} [[Madagascar#Português|Madagascar]]
==Ver também==
===No Wikcionário===
{{África/cbk}}
[[Categoria:Substantivo (Chavacano)]]
[[Categoria:Entrada com imagem (Chavacano)]]
={{-chy-}}=
==Substantivo==
'''Madagascar''', {{gramática|pr}}
# {{escopo|chy|País}} [[Madagascar#Português|Madagascar]]
==Ver também==
===No Wikcionário===
{{África/chy}}
[[Categoria:Substantivo (Cheyenne)]]
[[Categoria:Entrada com imagem (Cheyenne)]]
={{-sn-}}=
==Substantivo==
'''Madagascar''', {{gramática|pr}}
# {{escopo|sn|País}} [[Madagascar#Português|Madagascar]]
==Ver também==
===No Wikcionário===
{{África/sn}}
[[Categoria:Substantivo (Chona)]]
[[Categoria:Entrada com imagem (Chona)]]
={{-sco-}}=
==Substantivo==
'''Madagascar''', {{gramática|pr}}
# {{escopo|sco|País}} [[Madagascar#Português|Madagascar]]
==Ver também==
===No Wikcionário===
{{África/sco}}
[[Categoria:Substantivo (Escocês)]]
[[Categoria:Entrada com imagem (Escocês)]]
={{-es-}}=
==Substantivo==
'''Madagascar''', {{gramática|pr}}
# {{escopo|es|País}} [[Madagascar#Português|Madagascar]]
==={{-varort-}}===
* [[República de Madagascar]]
==Ver também==
===No Wikcionário===
{{África/es}}
[[Categoria:Substantivo (Espanhol)]]
[[Categoria:Entrada com imagem (Espanhol)]]
={{-fr-}}=
==Substantivo==
'''Madagascar''', {{gramática|pr}}
# {{escopo|fr|País}} [[Madagascar#Português|Madagascar]]
==={{-varort-}}===
* [[République de Madagascar]]
==Ver também==
===No Wikcionário===
{{África/fr}}
[[Categoria:Substantivo (Francês)]]
[[Categoria:Entrada com imagem (Francês)]]
={{-gd-}}=
==Substantivo==
'''Madagascar''', {{gramática|pr}}
# {{escopo|gd|País}} [[Madagascar#Português|Madagascar]]
==Ver também==
===No Wikcionário===
{{África/gd}}
[[Categoria:Substantivo (Gaélico Escocês)]]
[[Categoria:Entrada com imagem (Gaélico Escocês)]]
={{-gl-}}=
==Substantivo==
'''Madagascar''', {{gramática|pr}}
# {{escopo|gl|País}} [[Madagascar#Português|Madagascar]]
==={{-varort-}}===
* [[República de Madagascar]]
==Ver também==
===No Wikcionário===
{{África/gl}}
[[Categoria:Substantivo (Galego)]]
[[Categoria:Entrada com imagem (Galego)]]
={{-cy-}}=
==Substantivo==
'''Madagascar''', {{gramática|pr}}
# {{escopo|cy|País}} [[Madagascar#Português|Madagascar]]
==={{-varort-}}===
* [[Gweriniaeth Madagasgar]]
==Ver também==
===No Wikcionário===
{{África/cy}}
[[Categoria:Substantivo (Galês)]]
[[Categoria:Entrada com imagem (Galês)]]
={{-kl-}}=
==Substantivo==
'''Madagascar''', {{gramática|pr}}
# {{escopo|kl|País}} [[Madagascar#Português|Madagascar]]
==Ver também==
===No Wikcionário===
{{África/kl}}
[[Categoria:Substantivo (Groenlandês)]]
[[Categoria:Entrada com imagem (Groenlandês)]]
={{-hak-}}=
==Substantivo==
'''Madagascar''', {{gramática|pr}}
# {{escopo|hak|País}} [[Madagascar#Português|Madagascar]]
==Ver também==
===No Wikcionário===
{{África/hak}}
[[Categoria:Substantivo (Hakka)]]
[[Categoria:Entrada com imagem (Hakka)]]
={{-hif-}}=
==Substantivo==
'''Madagascar''', {{gramática|pr}}
# {{escopo|hif|País}} [[Madagascar#Português|Madagascar]]
==Ver também==
===No Wikcionário===
{{África/hif}}
[[Categoria:Substantivo (Hindi Fijiano)]]
[[Categoria:Entrada com imagem (Hindi Fijiano)]]
={{-ig-}}=
==Substantivo==
'''Madagascar''', {{gramática|pr}}
# {{escopo|ig|País}} [[Madagascar#Português|Madagascar]]
==Ver também==
===No Wikcionário===
{{África/ig}}
[[Categoria:Substantivo (Ibo)]]
[[Categoria:Entrada com imagem (Ibo)]]
={{-ilo-}}=
==Substantivo==
'''Madagascar''', {{gramática|pr}}
# {{escopo|ilo|País}} [[Madagascar#Português|Madagascar]]
==Ver também==
===No Wikcionário===
{{África/ilo}}
[[Categoria:Substantivo (Ilocano)]]
[[Categoria:Entrada com imagem (Ilocano)]]
={{-ang-}}=
==Substantivo==
'''Madagascar''', {{gramática|pr}}
# {{escopo|ang|País}} [[Madagascar#Português|Madagascar]]
==Ver também==
===No Wikcionário===
{{África/ang}}
[[Categoria:Substantivo (Inglês Antigo)]]
[[Categoria:Entrada com imagem (Inglês Antigo)]]
={{-en-}}=
==Substantivo==
'''Madagascar''', {{gramática|pr}}
# {{escopo|en|País}} [[Madagascar#Português|Madagascar]]
==={{-varort-}}===
* [[Republic of Madagascar]]
==Ver também==
===No Wikcionário===
{{África/en}}
[[Categoria:Substantivo (Inglês)]]
[[Categoria:Entrada com imagem (Inglês)]]
={{-ia-}}=
==Substantivo==
'''Madagascar''', {{gramática|pr}}
# {{escopo|ia|País}} [[Madagascar#Português|Madagascar]]
==Ver também==
===No Wikcionário===
{{África/ia}}
[[Categoria:Substantivo (Interlíngua)]]
[[Categoria:Entrada com imagem (Interlíngua)]]
={{-ie-}}=
==Substantivo==
'''Madagascar''', {{gramática|pr}}
# {{escopo|ie|País}} [[Madagascar#Português|Madagascar]]
==Ver também==
===No Wikcionário===
{{África/ie}}
[[Categoria:Substantivo (Interlíngue)]]
[[Categoria:Entrada com imagem (Interlíngue)]]
={{-yo-}}=
==Substantivo==
'''Madagascar''', {{gramática|pr}}
# {{escopo|yo|País}} [[Madagascar#Português|Madagascar]]
==Ver também==
===No Wikcionário===
{{África/yo}}
[[Categoria:Substantivo (Iorubá)]]
[[Categoria:Entrada com imagem (Iorubá)]]
={{-ga-}}=
==Substantivo==
'''Madagascar''', {{gramática|pr}}
# {{escopo|ga|País}} [[Madagascar#Português|Madagascar]]
==Ver também==
===No Wikcionário===
{{África/ga}}
[[Categoria:Substantivo (Irlandês)]]
[[Categoria:Entrada com imagem (Irlandês)]]
={{-it-}}=
==Substantivo==
'''Madagascar''', {{gramática|pr}}
# {{escopo|it|País}} [[Madagascar#Português|Madagascar]]
==Ver também==
===No Wikcionário===
{{África/it}}
[[Categoria:Substantivo (Italiano)]]
[[Categoria:Entrada com imagem (Italiano)]]
={{-ee-}}=
==Substantivo==
'''Madagascar''', {{gramática|pr}}
# {{escopo|ee|País}} [[Madagascar#Português|Madagascar]]
==Ver também==
===No Wikcionário===
{{África/ee}}
[[Categoria:Substantivo (Jeje)]]
[[Categoria:Entrada com imagem (Jeje)]]
={{-ki-}}=
==Substantivo==
'''Madagascar''', {{gramática|pr}}
# {{escopo|ki|País}} [[Madagascar#Português|Madagascar]]
==Ver também==
===No Wikcionário===
{{África/ki}}
[[Categoria:Substantivo (Kikuyo)]]
[[Categoria:Entrada com imagem (Kikuyo)]]
={{-lij-}}=
==Substantivo==
'''Madagascar''', {{gramática|pr}}
# {{escopo|lij|País}} [[Madagascar#Português|Madagascar]]
==Ver também==
===No Wikcionário===
{{África/lij}}
[[Categoria:Substantivo (Liguriano)]]
[[Categoria:Entrada com imagem (Liguriano)]]
={{-lmo-}}=
==Substantivo==
'''Madagascar''', {{gramática|pr}}
# {{escopo|lmo|País}} [[Madagascar#Português|Madagascar]]
==Ver também==
===No Wikcionário===
{{África/lmo}}
[[Categoria:Substantivo (Lombardo)]]
[[Categoria:Entrada com imagem (Lombardo)]]
={{-lg-}}=
==Substantivo==
'''Madagascar''', {{gramática|pr}}
# {{escopo|lg|País}} [[Madagascar#Português|Madagascar]]
==Ver também==
===No Wikcionário===
{{África/lg}}
[[Categoria:Substantivo (Luganda)]]
[[Categoria:Entrada com imagem (Luganda)]]
={{-gv-}}=
==Substantivo==
'''Madagascar''', {{gramática|pr}}
# {{escopo|gv|País}} [[Madagascar#Português|Madagascar]]
==Ver também==
===No Wikcionário===
{{África/gv}}
[[Categoria:Substantivo (Manquês)]]
[[Categoria:Entrada com imagem (Manquês)]]
={{-cdo-}}=
==Substantivo==
'''Madagascar''', {{gramática|pr}}
# {{escopo|cdo|País}} [[Madagascar#Português|Madagascar]]
==Ver também==
===No Wikcionário===
{{África/cdo}}
[[Categoria:Substantivo (Min Dong)]]
[[Categoria:Entrada com imagem (Min Dong)]]
={{-nan-}}=
==Substantivo==
'''Madagascar''', {{gramática|pr}}
# {{escopo|nan|País}} [[Madagascar#Português|Madagascar]]
==Ver também==
===No Wikcionário===
{{África/nan}}
[[Categoria:Substantivo (Min Nan)]]
[[Categoria:Entrada com imagem (Min Nan)]]
={{-nap-}}=
==Substantivo==
'''Madagascar''', {{gramática|pr}}
# {{escopo|nap|País}} [[Madagascar#Português|Madagascar]]
==Ver também==
===No Wikcionário===
{{África/nap}}
[[Categoria:Substantivo (Napolitano)]]
[[Categoria:Entrada com imagem (Napolitano)]]
={{-nhn-}}=
==Substantivo==
'''Madagascar''', {{gramática|pr}}
# {{escopo|nhn|País}} [[Madagascar#Português|Madagascar]]
==Ver também==
===No Wikcionário===
{{África/nhn}}
[[Categoria:Substantivo (Náuatle Central)]]
[[Categoria:Entrada com imagem (Náuatle Central)]]
={{-na-}}=
==Substantivo==
'''Madagascar''', {{gramática|pr}}
# {{escopo|na|País}} [[Madagascar#Português|Madagascar]]
==Ver também==
===No Wikcionário===
{{África/na}}
[[Categoria:Substantivo (Nauruano)]]
[[Categoria:Entrada com imagem (Nauruano)]]
={{-pih-}}=
==Substantivo==
'''Madagascar''', {{gramática|pr}}
# {{escopo|pih|País}} [[Madagascar#Português|Madagascar]]
==Ver também==
===No Wikcionário===
{{África/pih}}
[[Categoria:Substantivo (Norfuk)]]
[[Categoria:Entrada com imagem (Norfuk)]]
={{-roa-nor-}}=
==Substantivo==
'''Madagascar''', {{gramática|pr}}
# {{escopo|roa-nor|País}} [[Madagascar#Português|Madagascar]]
==Ver também==
===No Wikcionário===
{{África/roa-nor}}
[[Categoria:Substantivo (Normando)]]
[[Categoria:Entrada com imagem (Normando)]]
={{-oc-}}=
==Substantivo==
'''Madagascar''', {{gramática|pr}}
# {{escopo|oc|País}} [[Madagascar#Português|Madagascar]]
==Ver também==
===No Wikcionário===
{{África/oc}}
[[Categoria:Substantivo (Occitano)]]
[[Categoria:Entrada com imagem (Occitano)]]
={{-pam-}}=
==Substantivo==
'''Madagascar''', {{gramática|pr}}
# {{escopo|pam|País}} [[Madagascar#Português|Madagascar]]
==Ver também==
===No Wikcionário===
{{África/pam}}
[[Categoria:Substantivo (Pampangan)]]
[[Categoria:Entrada com imagem (Pampangan)]]
={{-pap-}}=
==Substantivo==
'''Madagascar''', {{gramática|pr}}
# {{escopo|pap|País}} [[Madagascar#Português|Madagascar]]
==Ver também==
===No Wikcionário===
{{África/pap}}
[[Categoria:Substantivo (Papiamento)]]
[[Categoria:Entrada com imagem (Papiamento)]]
={{-pcd-}}=
==Substantivo==
'''Madagascar''', {{gramática|pr}}
# {{escopo|pcd|País}} [[Madagascar#Português|Madagascar]]
==Ver também==
===No Wikcionário===
{{África/pcd}}
[[Categoria:Substantivo (Picardo)]]
[[Categoria:Entrada com imagem (Picardo)]]
={{-pms-}}=
==Substantivo==
'''Madagascar''', {{gramática|pr}}
# {{escopo|pms|País}} [[Madagascar#Português|Madagascar]]
==Ver também==
===No Wikcionário===
{{África/pms}}
[[Categoria:Substantivo (Piemontês)]]
[[Categoria:Entrada com imagem (Piemontês)]]
={{-rm-}}=
==Substantivo==
'''Madagascar''', {{gramática|pr}}
# {{escopo|rm|País}} [[Madagascar#Português|Madagascar]]
==Ver também==
===No Wikcionário===
{{África/rm}}
[[Categoria:Substantivo (Romanche)]]
[[Categoria:Entrada com imagem (Romanche)]]
={{-rmy-}}=
==Substantivo==
'''Madagascar''', {{gramática|pr}}
# {{escopo|rmy|País}} [[Madagascar#Português|Madagascar]]
==Ver também==
===No Wikcionário===
{{África/rmy}}
[[Categoria:Substantivo (Romani Vlax)]]
[[Categoria:Entrada com imagem (Romani Vlax)]]
={{-ro-}}=
==Substantivo==
'''Madagascar''', {{gramática|pr}}
# {{escopo|ro|País}} [[Madagascar#Português|Madagascar]]
==={{-varort-}}===
* [[Republica Madagascar]]
* '''Alfabeto cirílico''': {{escopo2|moldavo}} {{l.s.|Мадагаскар|{{mo}}}} ''(Somente na Transnístria)''
==Ver também==
===No Wikcionário===
{{África/ro}}
[[Categoria:Substantivo (Romeno)]]
[[Categoria:Entrada com imagem (Romeno)]]
={{-sm-}}=
==Substantivo==
'''Madagascar''', {{gramática|pr}}
# {{escopo|sm|País}} [[Madagascar#Português|Madagascar]]
==Ver também==
===No Wikcionário===
{{África/sm}}
[[Categoria:Substantivo (Samoano)]]
[[Categoria:Entrada com imagem (Samoano)]]
={{-sc-}}=
==Substantivo==
'''Madagascar''', {{gramática|pr}}
# {{escopo|sc|País}} [[Madagascar#Português|Madagascar]]
==Ver também==
===No Wikcionário===
{{África/sc}}
[[Categoria:Substantivo (Sardo)]]
[[Categoria:Entrada com imagem (Sardo)]]
={{-nso-}}=
==Substantivo==
'''Madagascar''', {{gramática|pr}}
# {{escopo|nso|País}} [[Madagascar#Português|Madagascar]]
==Ver também==
===No Wikcionário===
{{África/nso}}
[[Categoria:Substantivo (Sepédi)]]
[[Categoria:Entrada com imagem (Sepédi)]]
={{-st-}}=
==Substantivo==
'''Madagascar''', {{gramática|pr}}
# {{escopo|st|País}} [[Madagascar#Português|Madagascar]]
==Ver também==
===No Wikcionário===
{{África/st}}
[[Categoria:Substantivo (Sesoto)]]
[[Categoria:Entrada com imagem (Sesoto)]]
={{-scn-}}=
==Substantivo==
'''Madagascar''', {{gramática|pr}}
# {{escopo|scn|País}} [[Madagascar#Português|Madagascar]]
==Ver também==
===No Wikcionário===
{{África/scn}}
[[Categoria:Substantivo (Siciliano)]]
[[Categoria:Entrada com imagem (Siciliano)]]
={{-so-}}=
==Substantivo==
'''Madagascar''', {{gramática|pr}}
# {{escopo|so|País}} [[Madagascar#Português|Madagascar]]
==Ver também==
===No Wikcionário===
{{África/so}}
[[Categoria:Substantivo (Somali)]]
[[Categoria:Entrada com imagem (Somali)]]
={{-tl-}}=
==Substantivo==
'''Madagascar''', {{gramática|pr}}
# {{escopo|tl|País}} [[Madagascar#Português|Madagascar]]
==={{-varort-}}===
* [[Republika ng Madagascar]]
==Ver também==
===No Wikcionário===
{{África/tl}}
[[Categoria:Substantivo (Tagalo)]]
[[Categoria:Entrada com imagem (Tagalo)]]
={{-ts-}}=
==Substantivo==
'''Madagascar''', {{gramática|pr}}
# {{escopo|ts|País}} [[Madagascar#Português|Madagascar]]
==Ver também==
===No Wikcionário===
{{África/ts}}
[[Categoria:Substantivo (Tsonga)]]
[[Categoria:Entrada com imagem (Tsonga)]]
={{-vec-}}=
==Substantivo==
'''Madagascar''', {{gramática|pr}}
# {{escopo|vec|País}} [[Madagascar#Português|Madagascar]]
==Ver também==
===No Wikcionário===
{{África/vec}}
[[Categoria:Substantivo (Vêneto)]]
[[Categoria:Entrada com imagem (Vêneto)]]
={{-vi-}}=
==Substantivo==
'''Madagascar''', {{gramática|pr}}
# {{escopo|vi|País}} [[Madagascar#Português|Madagascar]]
==={{-varort-}}===
* [[Cộng hòa Madagascar]]
==Ver também==
===No Wikcionário===
{{África/vi}}
[[Categoria:Substantivo (Vietnamita)]]
[[Categoria:Entrada com imagem (Vietnamita)]]
={{-war-}}=
==Substantivo==
'''Madagascar''', {{gramática|pr}}
# {{escopo|war|País}} [[Madagascar#Português|Madagascar]]
==Ver também==
===No Wikcionário===
{{África/war}}
[[Categoria:Substantivo (Waray-Waray)]]
[[Categoria:Entrada com imagem (Waray-Waray)]]</text>
<sha1>b0oeu3x69bd0jdk2ipqgtd69peku496</sha1>
</revision>
</page>
