<page>
<title>Madalenas</title>
<ns>0</ns>
<id>327761</id>
<revision>
<id>2461621</id>
<parentid>1892054</parentid>
<timestamp>2017-11-19T05:13:48Z</timestamp>
<contributor>
<username>MIL973</username>
<id>41339</id>
</contributor>
<model>wikitext</model>
<format>text/x-wiki</format>
<text bytes="213" xml:space="preserve">{{ver também|madalenas}}
={{-pt-}}=
==Forma de substantivo==
{{paroxítona|Ma|da|le|nas}}, {{gramática|pr|fp}}
# plural de [[Madalena]]
{{avi-for-fle|Madalena}}
[[Categoria:Forma de substantivo (Português)]]</text>
<sha1>9ajy79y8k2l373yjyneq22m8qt6cuig</sha1>
</revision>
</page>
