<page>
<title>Madahaskar</title>
<ns>0</ns>
<id>423472</id>
<revision>
<id>2587208</id>
<timestamp>2020-05-06T09:22:30Z</timestamp>
<contributor>
<username>ValJor</username>
<id>1358</id>
</contributor>
<comment>Criação do verbete a partir da [[Especial:Páginas_pedidas|lista de palavras pedidas]]</comment>
<model>wikitext</model>
<format>text/x-wiki</format>
<text bytes="454" xml:space="preserve">{{Wikipédia|lang=zea}}
[[Imagem:Flag of Madagascar.svg|thumb|right|250px|&lt;center&gt;Bandeira de Madagascar&lt;/center&gt;]]
[[Imagem:LocationMadagascar.svg|thumb|right|250px|&lt;center&gt;Localização de Madagascar&lt;/center&gt;]]
={{-zea-}}=
==Substantivo==
'''Madahaskar''', {{gramática|pr}}
# {{escopo|zea|País}} [[Madagascar]]
==Ver também==
===No Wikcionário===
{{África/zea}}
[[Categoria:Substantivo (Zelandês)]]
[[Categoria:Entrada com imagem (Zelandês)]]</text>
<sha1>llkfqwmnauco0p6c1bp1eh34ta26kd4</sha1>
</revision>
</page>
