<page>
<title>madalenas</title>
<ns>0</ns>
<id>327762</id>
<revision>
<id>1892055</id>
<parentid>1837321</parentid>
<timestamp>2015-02-02T11:11:56Z</timestamp>
<contributor>
<username>MIL973</username>
<id>41339</id>
</contributor>
<model>wikitext</model>
<format>text/x-wiki</format>
<text bytes="198" xml:space="preserve">{{ver também|Madalenas}}
={{-pt-}}=
==Forma de substantivo==
{{paroxítona|ma|da|le|nas}}, {{f}}
# plural de [[madalena]]
{{avi-for-fle|madalena}}
[[Categoria:Forma de substantivo (Português)]]</text>
<sha1>fpfx1ya9399d137e18qhvbcwfss9on0</sha1>
</revision>
</page>
