<page>
<title>Madagasikara</title>
<ns>0</ns>
<id>149355</id>
<revision>
<id>2273595</id>
<parentid>2242938</parentid>
<timestamp>2017-04-26T21:19:46Z</timestamp>
<contributor>
<username>HydrizBot</username>
<id>29590</id>
</contributor>
<minor />
<comment>Robô: A limpar links interwikis antigos</comment>
<model>wikitext</model>
<format>text/x-wiki</format>
<text bytes="257" xml:space="preserve">={{-mg-}}=
{{Wikipédia|lang=mg}}
==Substantivo==
'''Madagasikara''', {{pr}}
#{{escopo|Geografia}} [[Madagascar]]
===Variante===
*[[Repoblikan'i Madagasikara]]
==Ver também==
{{África/mg}}
[[Categoria:Substantivo (Malgaxe)]]
[[Categoria:País (Malgaxe)]]</text>
<sha1>11bfun8n1sax7tw1ju9xva5ex8gopp3</sha1>
</revision>
</page>
