<page>
<title>madame</title>
<ns>0</ns>
<id>117485</id>
<revision>
<id>2541990</id>
<parentid>2419675</parentid>
<timestamp>2019-04-17T15:34:51Z</timestamp>
<contributor>
<ip>179.95.196.108</ip>
</contributor>
<comment>/* {{etimologia|pt}} */</comment>
<model>wikitext</model>
<format>text/x-wiki</format>
<text bytes="1086" xml:space="preserve">={{-pt-}}=
==Substantivo==
{{flex.pt|fs=madame|fp=madames}}
{{paroxítona|ma|da|me}}, {{f}}
# [[senhora]], [[dama]]
# {{escopo|pt|Popular}} [[dona-de-casa]], [[patroa]]
=={{etimologia|pt}}==
: Do [[francês antigo]] ''[[ma]] [[dame]]'' (minha dama/ minha senhora).
===Formas alternativas===
* [[madama]]
[[Categoria:Substantivo (Português)]]
={{-en-}}=
==Substantivo==
'''madame''' (''plural'': madams ou mesdames)
# [[senhora]], [[dama]], madame
=={{etimologia|en}}==
: Do [[francês antigo]] ''[[ma]] [[dame]]'' (minha dama).
===Formas alternativas===
* [[madam]]
[[Categoria:Substantivo (Inglês)]]
={{-fr-}}=
==Substantivo==
'''madame''' (''plural'': mesdames)
# [[senhora]] (forma respeitosa)
=={{etimologia|fr}}==
: Do [[francês antigo]] ''[[ma]] [[dame]]'' (minha dama).
==Ver também==
===No Wikcionário===
{{verTambém.Ini}}
* [[mademoiselle]] 
{{verTambém.NovaColuna}}
* [[monsieur]]
{{verTambém.Fim}}
[[Categoria:Substantivo (Francês)]]
={{-it-}}=
==Forma de substantivo==
'''madame'''
# plural de [[madama]]
[[Categoria:Forma de substantivo (Italiano)]]</text>
<sha1>jrgb8esx95uj6eryw0agy6du9368qof</sha1>
</revision>
</page>
