<page>
<page>
<title>Madagascâr</title>
<ns>0</ns>
<id>133224</id>
<revision>
<id>2273594</id>
<parentid>2028538</parentid>
<timestamp>2017-04-26T21:19:42Z</timestamp>
<contributor>
<username>HydrizBot</username>
<id>29590</id>
</contributor>
<minor />
<comment>Robô: A limpar links interwikis antigos</comment>
<model>wikitext</model>
<format>text/x-wiki</format>
<text bytes="233" xml:space="preserve">={{-frp-}}=
{{Wikipédia|lang=frp}}
==Substantivo==
'''Madagascâr''', {{pr}}
#{{escopo|Geografia}} [[Madagascar]]
==Ver também==
{{África/frp}}
[[Categoria:Substantivo (Franco-Provençal)]]
[[Categoria:País (Franco-Provençal)]]</text>
<sha1>timoejd1oc52p0v4lq1u9544yxasqen</sha1>
</revision>
