<page>
<title>Madagaskar</title>
<ns>0</ns>
<id>124578</id>
<revision>
<id>2650340</id>
<parentid>2606575</parentid>
<timestamp>2021-10-16T10:07:30Z</timestamp>
<contributor>
<username>ValJor</username>
<id>1358</id>
</contributor>
<minor />
<comment>Corrigindo o nome oficial do país em africâner</comment>
<model>wikitext</model>
<format>text/x-wiki</format>
<text bytes="2490" xml:space="preserve">{{Wikipédia|lang=af}}
{{Wikipédia|lang=pl}}
{{Wikipédia|lang=qu}}
{{Wikipédia|lang=hsb}}
{{Wikipédia|lang=dsb}}
[[Imagem:Flag of Madagascar.svg|thumb|right|250px|{{centro|Bandeira de {{PEPB|Madagáscar|Madagascar|inline=1}}}}]]
[[Imagem:LocationMadagascar.png|thumb|right|250px|{{centro|Localização de {{PEPB|Madagáscar|Madagascar|inline=1}}}}]]
={{-af-}}=
==Substantivo==
'''Madagaskar''', {{gramática|pr}}
# {{escopo|af|País}} {{PEPB|[[Madagáscar]]|[[Madagascar]]|inline=1}}
===Forma alternativa===
* [[Republiek Madagaskar]]
==Ver também==
===No Wikcionário===
{{África/af}}
[[Categoria:Substantivo (Africâner)]]
[[Categoria:Entrada com imagem (Africâner)]]
={{-pl-}}=
==Substantivo==
{{paroxítona|Ma|da|gas|kar|lang=pl}}, {{gramática|m}} {{gramática|ina}}, {{gramática|pr}}
# {{escopo|pl|País}} {{PEPB|[[Madagáscar]]|[[Madagascar]]|inline=1}}
# {{tradex|pl|Stolicą '''Madagaskaru''' jest Antananarywa.|A capital de {{PEPB|Madagáscar|Madagascar|inline=1}} é Antananarivo.}}
# {{tradex|pl|'''Madagaskar''' jest państwem położonym na wyspie o tej samej nazwie.|{{PEPB|Madagáscar|Madagascar|inline=1}} é um país situado na ilha do mesmo nome.}}
===Sinônimos===
* {{link opcional|Republika Madagaskaru|pl}} (''nome oficial'')
==Ver também==
===No Wikcionário===
{{verTambém.Ini}}
* {{link opcional|Madagaskarczyk|pl}}
* {{link opcional|Madagaskarka|pl}}
{{verTambém.NovaColuna|33}}
* {{link opcional|madagaskarski|pl}}
{{verTambém.NovaColuna|33}}
* {{link opcional|Antananarywa|pl}}
{{verTambém.Fim}}
{{África/pl}}
[[Categoria:Substantivo (Polonês)]]
[[Categoria:Entrada com imagem (Polonês)]]
={{-qu-}}=
==Substantivo==
'''Madagaskar''', {{gramática|pr}}
# {{escopo|qu|País}} {{PEPB|[[Madagáscar]]|[[Madagascar]]|inline=1}}
==Ver também==
===No Wikcionário===
{{África/qu}}
[[Categoria:Substantivo (Quéchua)]]
[[Categoria:Entrada com imagem (Quéchua)]]
={{-hsb-}}=
==Substantivo==
'''Madagaskar''', {{gramática|m|pr}}
# {{escopo|hsb|País}} {{PEPB|[[Madagáscar]]|[[Madagascar]]|inline=1}}
==Ver também==
===No Wikcionário===
{{África/hsb}}
[[Categoria:Substantivo (Sorábio Alto)]]
[[Categoria:Entrada com imagem (Sorábio Alto)]]
={{-dsb-}}=
==Substantivo==
'''Madagaskar''', {{gramática|m|pr}}
# {{escopo|dsb|País}} {{PEPB|[[Madagáscar]]|[[Madagascar]]|inline=1}}
==Ver também==
===No Wikcionário===
{{África/dsb}}
[[Categoria:Substantivo (Sorábio Baixo)]]
[[Categoria:Entrada com imagem (Sorábio Baixo)]]</text>
<sha1>5pltri92hms9n850seuem4cv7m5ypxa</sha1>
</revision>
</page>
