<page>
<title>Madagáskàr</title>
<ns>0</ns>
<id>396103</id>
<revision>
<id>2503026</id>
<timestamp>2018-05-16T21:23:59Z</timestamp>
<contributor>
<username>Leonardo José Raimundo</username>
<id>43489</id>
</contributor>
<comment>Eu estou criando o nome &quot;Madagáskàr&quot;.</comment>
<model>wikitext</model>
<format>text/x-wiki</format>
<text bytes="360" xml:space="preserve">[[Ficheiro:Flag of Madagascar.svg|thumb|Bandeira de Madagascar]]
[[Ficheiro:LocationMadagascar.svg|thumb|Localização de Madagascar]]
={{-yo-}}=
==Substantivo==
{{oxítona|Ma|da|gás|kàr|lang=yo}}
# {{escopo|yo|Geografia}} [[Madagascar]]
==Ver também==
===No Wikcionário===
{{África/yo}}
[[Categoria:Substantivo (Iorubá)]]
[[Categoria:País (Iorubá)]]</text>
<sha1>qesfa8jm8z2e3lo5pasfns3337msqxm</sha1>
</revision>
</page>
