<page>
<title>Madagasicara</title>
<ns>0</ns>
<id>320186</id>
<revision>
<id>1770288</id>
<timestamp>2013-11-13T14:10:20Z</timestamp>
<contributor>
<username>Luis Gabriel Moraes Dias</username>
<id>11628</id>
</contributor>
<comment>[[Ajuda:Guia de edição/Menus e ferramentas/Sumário de edição|→]] nova página: ={{-lfn-}}= ==Substantivo== '''Madagasicara''', {{pr}} #{{escopo|Geografia}} [[Madagascar]]  ===Grafias alter...</comment>
<model>wikitext</model>
<format>text/x-wiki</format>
<text bytes="302" xml:space="preserve">={{-lfn-}}=
==Substantivo==
'''Madagasicara''', {{pr}}
#{{escopo|Geografia}} [[Madagascar]]
===Grafias alternativas===
* '''[[alfabeto cirílico|Alfabeto cirílico]]:''' {{l.s.|Мадагасикара|{{lfn}}}}
==Ver também==
{{África/lfn}}
{{categorias|{{nome categoria|lfn}}|Substantivo|País}}</text>
<sha1>sek8krt9jdb5df2ylb3phvxuhq18k81</sha1>
</revision>
</page>
