<page>
<title>Madalenos</title>
<ns>0</ns>
<id>341235</id>
<revision>
<id>2461625</id>
<parentid>1943664</parentid>
<timestamp>2017-11-19T05:17:55Z</timestamp>
<contributor>
<username>MIL973</username>
<id>41339</id>
</contributor>
<model>wikitext</model>
<format>text/x-wiki</format>
<text bytes="186" xml:space="preserve">={{-pt-}}=
==Forma de substantivo==
{{paroxítona|Ma|da|le|nos}}, {{gramática|pr|mp}}
# plural de [[Madaleno]]
{{avi-for-fle|Madaleno}}
[[Categoria:Forma de substantivo (Português)]]</text>
<sha1>g8jylq3i9aplowfq0rfy3ed6mfyowdm</sha1>
</revision>
</page>
