<page>
<page>
<title>madadh</title>
<ns>0</ns>
<id>232586</id>
<revision>
<id>2372355</id>
<parentid>2237989</parentid>
<timestamp>2017-05-04T14:36:18Z</timestamp>
<contributor>
<username>HydrizBot</username>
<id>29590</id>
</contributor>
<minor />
<comment>Robô: A limpar links interwikis antigos</comment>
<model>wikitext</model>
<format>text/x-wiki</format>
<text bytes="193" xml:space="preserve">={{-gd-}}=
==Substantivo==
'''madadh'''
# [[cão]] (mamífero domesticado - ''Canis lupus familiaris'')
{{página-automática|Maio|2010|cão|gd}}
[[Categoria:Substantivo (Gaélico Escocês)]]</text>
<sha1>cjxprkj4cuex7s31maw4x2ci71p8r33</sha1>
</revision>
