<page>
<page>
<title>madalena</title>
<ns>0</ns>
<id>98708</id>
<revision>
<id>2372357</id>
<parentid>1892056</parentid>
<timestamp>2017-05-04T14:36:24Z</timestamp>
<contributor>
<username>HydrizBot</username>
<id>29590</id>
</contributor>
<minor />
<comment>Robô: A limpar links interwikis antigos</comment>
<model>wikitext</model>
<format>text/x-wiki</format>
<text bytes="328" xml:space="preserve">{{ver também|Madalena}}
={{-pt-}}=
==Substantivo==
{{flex.pt|fs=madalena|fp=madalenas}}
{{paroxítona|ma|da|le|na}}, {{f}}
# [[mulher]] outrora [[libertino|libertina]] que se converteu à [[religião]]
=={{etimologia|pt}}==
: Do antropônimo [[Madalena]].
==Anagrama==
# [[almádena]]
[[Categoria:Substantivo (Português)]]</text>
<sha1>rc70mij71ncgd0rh1cp40cy60mrpq96</sha1>
</revision>
