<page>
<title>madalenenses</title>
<ns>0</ns>
<id>325149</id>
<revision>
<id>2461623</id>
<parentid>1892058</parentid>
<timestamp>2017-11-19T05:16:50Z</timestamp>
<contributor>
<username>MIL973</username>
<id>41339</id>
</contributor>
<model>wikitext</model>
<format>text/x-wiki</format>
<text bytes="345" xml:space="preserve">={{-pt-}}=
==Forma de adjetivo==
{{paroxítona|ma|da|le|nen|ses}}, {{gramática|c2gp}}
# plural de [[madalenense]]
==Forma de substantivo==
{{paroxítona|ma|da|le|nen|ses}}, {{gramática|c2gp}}
# plural de [[madalenense]]
{{avi-for-fle|madalenense}}
[[Categoria:Forma de adjetivo (Português)]]
[[Categoria:Forma de substantivo (Português)]]</text>
<sha1>0nmpb0rbnc4ypx0ur5sscd3amjarw4t</sha1>
</revision>
</page>
