<page>
<page>
<title>Madalena</title>
<ns>0</ns>
<id>137975</id>
<revision>
<id>2461626</id>
<parentid>2461620</parentid>
<timestamp>2017-11-19T05:18:52Z</timestamp>
<contributor>
<username>MIL973</username>
<id>41339</id>
</contributor>
<model>wikitext</model>
<format>text/x-wiki</format>
<text bytes="690" xml:space="preserve">{{Wikipédia|Madalena (Ceará)}}
{{ver também|madalena}}
={{-pt-}}=
==Substantivo==
{{flex.pt|fs=Madalena|fp=Madalenas}}
{{paroxítona|Ma|da|le|na}}, {{gramática|pr|f}}
# {{escopo|pt|Município do estado do Ceará}} [[Apêndice:Gentílicos e topónimos em português/Brasil/Ceará|município brasileiro do estado do Ceará]]
# {{escopo|pt|Antropônimo}} [[Apêndice:Prenomes em português|prenome]] feminino
===Expressões===
* '''[[Santa Maria Madalena]]''':
==Ver também==
===No Wikcionário===
* [[madalenense]]
====Antropônimos====
* [[Madaleno]]
==Ligações externas==
* [http://www.madalena.ce.gov.br/ Prefeitura de Madalena (Ceará)]
[[Categoria:Substantivo (Português)]]</text>
<sha1>61jyrrh7txfkrqawtnobcjzgjqnisd6</sha1>
</revision>
