<page>
<title>Madagaskara</title>
<ns>0</ns>
<id>146618</id>
<revision>
<id>2273599</id>
<parentid>2190087</parentid>
<timestamp>2017-04-26T21:20:00Z</timestamp>
<contributor>
<username>HydrizBot</username>
<id>29590</id>
</contributor>
<minor />
<comment>Robô: A limpar links interwikis antigos</comment>
<model>wikitext</model>
<format>text/x-wiki</format>
<text bytes="251" xml:space="preserve">={{-lv-}}=
{{Wikipédia|lang=lv}}
==Substantivo==
'''Madagaskara''', {{pr}}
#{{escopo|Geografia}} [[Madagascar]]
===Variante===
*[[Madagaskaras Republika]]
==Ver também==
{{África/lv}}
[[Categoria:Substantivo (Letão)]]
[[Categoria:País (Letão)]]</text>
<sha1>syhvb13l1niutz84baiq9gtlifgjbih</sha1>
</revision>
</page>
