<page>
<page>
<title>Madaqaskar</title>
<ns>0</ns>
<id>126288</id>
<revision>
<id>2273607</id>
<parentid>2252537</parentid>
<timestamp>2017-04-26T21:20:22Z</timestamp>
<contributor>
<username>HydrizBot</username>
<id>29590</id>
</contributor>
<minor />
<comment>Robô: A limpar links interwikis antigos</comment>
<model>wikitext</model>
<format>text/x-wiki</format>
<text bytes="217" xml:space="preserve">={{-az-}}=
{{Wikipédia|lang=az}}
==Substantivo==
'''Madaqaskar''', {{pr}}
#{{escopo|Geografia}} [[Madagascar]]
==Ver também==
{{África/az}}
[[Categoria:Substantivo (Azerbaijano)]]
[[Categoria:País (Azerbaijano)]]</text>
<sha1>0ee9i0bq8sw57fk5qq74ok7xkr77gbx</sha1>
</revision>
