<page>
<page>
<title>madde</title>
<ns>0</ns>
<id>61420</id>
<revision>
<id>2372361</id>
<parentid>1778688</parentid>
<timestamp>2017-05-04T14:36:45Z</timestamp>
<contributor>
<username>HydrizBot</username>
<id>29590</id>
</contributor>
<minor />
<comment>Robô: A limpar links interwikis antigos</comment>
<model>wikitext</model>
<format>text/x-wiki</format>
<text bytes="337" xml:space="preserve">={{-tr-}}=
==Substantivo==
'''madde'''
# [[matéria]]
# [[artigo]]
# [[lexema]]
===Declinação===
{{decl.tr.sub.ye|madde|maddeler}}
===Sinônimos===
# [[nesne]], [[özdek]]
# [[paragraf]]
# [[sözlükbirim]], [[leksem]], [[lema]]
==Pronúncia==
# AFI:
## singular: /mɑd'dɛ/
## plural: /mɑd'dɛlɛɣ/
[[Categoria:Substantivo (Turco)]]</text>
<sha1>p2lgnztdafebi9i5piscuqqfv4f06i1</sha1>
</revision>
