<page>
<title>Madeiro</title>
<ns>0</ns>
<id>145768</id>
<revision>
<id>2273611</id>
<parentid>1198802</parentid>
<timestamp>2017-04-26T21:20:31Z</timestamp>
<contributor>
<username>HydrizBot</username>
<id>29590</id>
</contributor>
<minor />
<comment>Robô: A limpar links interwikis antigos</comment>
<model>wikitext</model>
<format>text/x-wiki</format>
<text bytes="244" xml:space="preserve">={{-pt-}}=
{{Wikipédia}}
==Substantivo==
'''Madeiro''' {{pr}}
#[[município]] [[brasileiro]] do [[estado]] do [[Piauí]]
==Ver também==
*[[Apêndice:Municípios do estado do Piauí]]
[[Categoria:Município do estado do Piauí (Português)]]</text>
<sha1>39u3836vvf80estorp1ke2zzvum775o</sha1>
</revision>
</page>
