<page>
<title>madeixas</title>
<ns>0</ns>
<id>270798</id>
<revision>
<id>2372371</id>
<parentid>2129291</parentid>
<timestamp>2017-05-04T14:37:18Z</timestamp>
<contributor>
<username>HydrizBot</username>
<id>29590</id>
</contributor>
<minor />
<comment>Robô: A limpar links interwikis antigos</comment>
<model>wikitext</model>
<format>text/x-wiki</format>
<text bytes="176" xml:space="preserve">={{-pt-}}=
==Forma de substantivo==
{{paroxítona|ma|dei|xas}}, {{gramática|f}}
# plural de [[madeixa]]
{{avi-for-fle|madeixa}}
[[Categoria:Forma de substantivo (Português)]]</text>
<sha1>68jvx8axi5dgsuukp2sv243lxnrmm3x</sha1>
</revision>
</page>
