<page>
<title>madeirense</title>
<ns>0</ns>
<id>11269</id>
<revision>
<id>1892258</id>
<parentid>1855642</parentid>
<timestamp>2015-02-03T10:28:05Z</timestamp>
<contributor>
<username>MIL973</username>
<id>41339</id>
</contributor>
<model>wikitext</model>
<format>text/x-wiki</format>
<text bytes="578" xml:space="preserve">={{-pt-}}=
==Adjetivo==
{{flex.pt|s=madeirense|p=madeirenses}}
{{paroxítona|ma|dei|ren|se}}, {{c2g}}
# do Arquipélago da [[Madeira]]
# da Ilha da Madeira
# da Região Autónoma da Madeira
==Substantivo==
{{flex.pt|s=madeirense|p=madeirenses}}
{{paroxítona|ma|dei|ren|se}}, {{c2g}}
# natural do Arquipélago da Madeira
# natural da Ilha da Madeira
# natural da Região Autónoma da Madeira
=={{etimologia|pt}}==
: {{escopo|Morfologia}} [[Madeira]] + [[-ense]].
[[Categoria:Adjetivo (Português)]]
[[Categoria:Substantivo (Português)]]
[[Categoria:Gentílico (Português)]]</text>
<sha1>aqcddl9rz0kxwbv5tdoiiab66vtdifk</sha1>
</revision>
</page>
