<page>
<title>Madeiraeilande</title>
<ns>0</ns>
<id>152374</id>
<revision>
<id>1634206</id>
<parentid>1552808</parentid>
<timestamp>2013-01-31T15:21:15Z</timestamp>
<contributor>
<username>MalafayaBot</username>
<id>628</id>
</contributor>
<minor />
<comment>Removendo categoria Topónimo de entradas já na respetiva categoria País</comment>
<model>wikitext</model>
<format>text/x-wiki</format>
<text bytes="230" xml:space="preserve">={{-af-}}=
{{Wikipédia|lang=af}}
==Substantivo==
'''Madeiraeilande''', ''próprio''
#{{escopo|Geografia}} Ilha da [[Madeira]]
==Ver também==
{{África/af}}
[[Categoria:Substantivo (Africâner)]]
[[Categoria:País (Africâner)]]</text>
<sha1>3xnis1cwz3akfuxeie1lv8va8yrrc0d</sha1>
</revision>
</page>
