<page>
<title>madeixa</title>
<ns>0</ns>
<id>68735</id>
<revision>
<id>2372370</id>
<parentid>2075755</parentid>
<timestamp>2017-05-04T14:37:16Z</timestamp>
<contributor>
<username>HydrizBot</username>
<id>29590</id>
</contributor>
<minor />
<comment>Robô: A limpar links interwikis antigos</comment>
<model>wikitext</model>
<format>text/x-wiki</format>
<text bytes="228" xml:space="preserve">={{-pt-}}=
==Substantivo==
{{flex.pt|fs=madeixa|fp=madeixas}}
{{paroxítona|ma|dei|xa}} {{gênero|f}}
# [[meada]] [[pequeno|pequena]]
# [[rolo]] de [[cabelos]] da [[cabeça]]
# [[trança]]
[[Categoria:Substantivo (Português)]]</text>
<sha1>4pcvlgiaotsr0zrv3jm58h3n1o0yyp2</sha1>
</revision>
</page>
