<page>
<title>made</title>
<ns>0</ns>
<id>113214</id>
<revision>
<id>2372362</id>
<parentid>2219620</parentid>
<timestamp>2017-05-04T14:36:53Z</timestamp>
<contributor>
<username>HydrizBot</username>
<id>29590</id>
</contributor>
<minor />
<comment>Robô: A limpar links interwikis antigos</comment>
<model>wikitext</model>
<format>text/x-wiki</format>
<text bytes="575" xml:space="preserve">={{-en-}}=
==Adjetivo==
'''made'''
#[[feito]], [[fabricado]]
#[[terminado]], [[garantido]]
==Verbo==
'''made'''
#[[feito]]; [[pretérito]] e [[pretérito perfeito]] do verbo ''[[make]]''
===Termos derivados===
{{verTambém.Ini}}
*[[home-made]]
*[[made-to-order]]
{{verTambém.NovaColuna}}
*[[made-up]]
*[[self-made]]
{{verTambém.Fim}}
==Homófonos==
*[[maid]]
[[Categoria:Adjetivo (Inglês)]]
[[Categoria:Verbo (Inglês)]]
[[Categoria:Monossílabo (Inglês)]]
={{-ja-}}=
==Transliteração==
# transliteração de [[まで]]
[[Categoria:Transliteração (Japonês)]]</text>
<sha1>141cf1ekjp8axvwj5uxb9kae7cc7dyt</sha1>
</revision>
</page>
