<page>
<page>
<title>mademosele</title>
<ns>0</ns>
<id>391943</id>
<revision>
<id>2480614</id>
<parentid>2480613</parentid>
<timestamp>2018-01-28T22:01:09Z</timestamp>
<contributor>
<username>Askekamo</username>
<id>60711</id>
</contributor>
<model>wikitext</model>
<format>text/x-wiki</format>
<text bytes="976" xml:space="preserve">={{-pt-}}=
==Substantivo==
{{paroxítona|ma|de|mo|se|le}}, {{gramática|f}}
# {{escopo2|Termo de tratamento}} mulher [[núbil]] e [[solteiro|solteira]]
#* '''''Mademosele''' Chanel determinou o fim da palidez aristocrática e colocou o bronzeado dos operários na pele dos elegantes, e soube traduzir nas roupas, como ninguém, o anseio de liberdade de uma década.'' (notícia do jornal ''Bom Dia Brasil'' de 02 de janeiro de 2004)
#: '''1961''', Gebes Medeiros, ''Linha do equador: romance'', Autores Reunidos, página: 79
#*: ''— '''Mademosele''' — disse gravemente, dirigindo-se à môça''
#* ''A vencedora, a publicitária Carolinne Rebello, ganhou como prêmio uma viagem com todos os custos pagos para o Festival de Cannes, que acontece em junho, na França. Oui, '''mademosele'''!!'' (notícia do jornal ''Bem Paraná'' de 15 de abril de 2013)
===Sinônimos===
* De '''1''': {{escopo2|estrangeirismo}} ''[[mademoiselle]]''
[[Categoria:Substantivo (Português)]]</text>
<sha1>f3eht6y5lui8vw8vrmd1k6tiq0pwlwj</sha1>
</revision>
