<page>
<page>
<title>madeira</title>
<ns>0</ns>
<id>30162</id>
<revision>
<id>2658490</id>
<parentid>2618100</parentid>
<timestamp>2022-01-23T06:01:11Z</timestamp>
<contributor>
<username>ValJor</username>
<id>1358</id>
</contributor>
<comment>Substituindo a [[Especial:Páginas_afluentes/Predefinição:escopoCat|predefinição escopoCat]] por escopo</comment>
<model>wikitext</model>
<format>text/x-wiki</format>
<text bytes="3024" xml:space="preserve">{{Wikipédia}}
{{Commons|wood}}
{{ver também|Madeira|madeiras}}
={{-pt-}}=
==Adjetivo==
{{flex.pt|s=madeira|p=madeiras}}
{{paroxítona|ma|dei|ra}}, {{gramática|c2g}}
# {{escopo|pt|Brasil|Santa Catarina|Florianópolis}} [[pessoa]] sem [[ambição]], [[devagar]], sem [[interesse]] na [[vida]], por [[vontade]] ou por [[doença]]
==Interjeição==
{{paroxítona|ma|dei|ra}}
# expressa alerta para que a pessoa se atente e se previna de não ficar no rumo que vai tomar árvore que está a ponto de cair para a árvore não pegar de surpresa
#:'''2017''', Jan Springer, ''Cowboys para o Natal'', Babelcube Inc., página: ''?''
#: ''- '''Madeira'''! – o grito de Dan caiu através de seus pensamentos quando ele deu alguns passos atrás. Um grande rugido rasgou o ar. A árvore balançou e depois caiu em câmera lenta longe deles.''
==Substantivo&lt;sup&gt;1&lt;/sup&gt;==
{{flex.pt|fs=madeira|fp=madeiras}}
{{paroxítona|ma|dei|ra}}, {{gramática|f}}
# {{escopo|pt|Natureza}} [[parte]] [[lenhoso|lenhosa]] e [[duro|dura]] que [[constituir|constitui]] o [[tronco]] e [[ramo]]s das [[árvore]]s
# [[conjunto]] de [[tábua]]s e outros [[material|materiais]] [[extrair|extraído]]s de materiais [[arbóreo]]s
# qualquer [[trabalho]] de [[carpintaria]]
===Tradução===
{{tradini|De 1 (parte lenhosa e dura das árvores)}}
* {{trad|sq|dru}}
* {{t|de|Holz|m}}
* {{trad|cs|dříví}}
* {{trad|da|brænde}}
* {{trad|et|puu}}
* {{t|sl|les|m}}
* {{trad|es|leña}}
* {{trad|fi|puu}}
* {{trad|fr|bois}}
* {{trad|hu|fa}}
{{tradmeio}}
* {{trad|en|wood}}
* {{trad|it|legna}}
* {{trad|mwl|madeira}}
* {{trad|no|ved}}
* {{trad|pl|drewno}}
* {{trad|sw|kuni}}
* {{trad|sv|ved}}
* {{trad|tet|ai}}
* {{trad|vo|boad}}
{{tradfim}}
{{tradini|De 2 (conjunto de tábuas)}}
* {{trad|fr|bois}}
{{tradmeio}}
* {{trad|en|timber|lumber}}
{{tradfim}}
==={{etimologia|pt}}===
{{llietimo|la|materia|pt}}
==Substantivo&lt;sup&gt;2&lt;/sup&gt;==
{{flex.pt|ms=madeira|mp=madeiras}}
{{paroxítona|ma|dei|ra}}, {{m}}
# [[vinho]] da [[Madeira|Ilha da Madeira]]
==={{etimologia|pt}}===
: Do topônimo [[Madeira]].
=={{pronúncia|pt}}==
===Portugal===
* AFI: {{AFI|/mɐ.ˈdɐj.ɾɐ/}}
==Ver também==
===No Wikcionário===
{{verTambém.Ini}}
* [[acha]]
* [[aglomerado]]
* [[árvore]]
* [[carpintaria]]
* [[carpinteiro]]
* [[caruncho]]
* [[carvão]]
* [[cavaca]]
{{verTambém.NovaColuna}}
* [[espitacar]]
* [[lenha]]
* [[lenho]]
* [[lenhoso]]
* [[lesim]]
* [[marceneiro]]
* [[pau]]
{{verTambém.NovaColuna}}
* [[ripa]]
* [[ruh]]
* [[sarrafo]]
* [[serragem]]
* [[tábua]]
* [[viga]]
* [[vinho]]
{{verTambém.Fim}}
==Anagramas==
&lt;!-- índice para anagramas: pt: aadeimr --&gt;
# [[aderiam]]
# [[adiarem]]
# [[mediara]]
# [[mediará]]
[[Categoria:Adjetivo (Português)]]
[[Categoria:Interjeição (Português)]]
[[Categoria:Substantivo (Português)]]
[[Categoria:Regionalismo (Português)]]
={{-mwl-}}=
==Substantivo==
{{flex.mwl|fs=madeira|fp=madeiras}}
{{paroxítona|ma|dei|ra|língua=mwl}}, {{gramática|f}}
# [[madeira#Português|madeira]]
[[Categoria:Substantivo (Mirandês)]]</text>
<sha1>pr9fsb3r8sohw59nn9jwzcae5uaz7cu</sha1>
</revision>
