<page>
<title>Madeira</title>
<ns>0</ns>
<id>1879</id>
<revision>
<id>2273610</id>
<parentid>2178426</parentid>
<timestamp>2017-04-26T21:20:29Z</timestamp>
<contributor>
<username>HydrizBot</username>
<id>29590</id>
</contributor>
<minor />
<comment>Robô: A limpar links interwikis antigos</comment>
<model>wikitext</model>
<format>text/x-wiki</format>
<text bytes="1380" xml:space="preserve">{{ver também|madeira|madeiras}}
[[Image:Flag of Madeira.svg|Bandeira da '''Região Autônoma da Madeira'''|thumb|200px]]
={{-pt-}}=
==Substantivo==
{{paroxítona|Ma|dei|ra}}, {{pr}} {{f}}
# '''Ilha da Madeira''': ilha [[atlântico|atlântica]] pertencente ao Arquipélago da Madeira; tem como capital o [[Funchal]]
# '''Arquipélago da Madeira''': arquipélago atlântico constituído pela Madeira, por [[Porto Santo]] e pelas [[Desertas]]; região autônoma portuguesa
# '''Região Autônoma da Madeira''': divisão administrativa do território insular português, que engloba todo o Arquipélago da Madeira
# '''Rio Madeira''': rio [[brasileiro]] afluente do [[Amazonas]]
==Ver também==
====No Wikcionário====
{{verTambém.Ini}}
* [[funchalense]]
* [[madeirense]]
* [[pontassolense]]
* [[porto-monizense]]
{{verTambém.NovaColuna}}
* [[porto-santense]]
* [[ribeirabravense]]
* [[santacruzense]]
* [[santanense]]
{{verTambém.Fim}}
{{África/pt}}
====Na Wikipédia====
{{verTambém.Ini}}
* [[w:pt:Ilha da Madeira|Ilha da Madeira]]
{{verTambém.NovaColuna}}
* [[w:pt:Região Autônoma da Madeira|Região Autônoma da Madeira]]
{{verTambém.NovaColuna}}
* [[w:pt:Rio Madeira|Rio Madeira]]
{{verTambém.Fim}}
==Anagramas==
# [[mediara]]
# [[mediará]]
[[Categoria:Substantivo (Português)]]
[[Categoria:Topónimo (Português)]]
[[Categoria:Entrada com imagem (Português)]]</text>
<sha1>3gh5mhyqf21qe5wwkym215r2qg5uyek</sha1>
</revision>
</page>
