<page>
<page>
<title>Madera</title>
<ns>0</ns>
<id>363217</id>
<revision>
<id>2273612</id>
<parentid>2160073</parentid>
<timestamp>2017-04-26T21:20:33Z</timestamp>
<contributor>
<username>HydrizBot</username>
<id>29590</id>
</contributor>
<minor />
<comment>Robô: A limpar links interwikis antigos</comment>
<model>wikitext</model>
<format>text/x-wiki</format>
<text bytes="393" xml:space="preserve">={{-lfn-}}=
==Substantivo==
'''Madera'''
# [[Madeira]]
==Ver também==
===No Wikcionário===
{{África/lfn}}
[[Categoria:Substantivo (Língua Franca Nova)]]
[[Categoria:Topónimo (Língua Franca Nova)]]
={{-nap-}}=
==Substantivo==
'''Madera'''
# [[Madeira]]
==Ver também==
===No Wikcionário===
{{África/nap}}
[[Categoria:Substantivo (Napolitano)]]
[[Categoria:Topónimo (Napolitano)]]</text>
<sha1>a0kbty728iki2cfk2npnj06cp15f5f5</sha1>
</revision>
