<page>
<page>
<title>madfall</title>
<ns>0</ns>
<id>77084</id>
<revision>
<id>2372372</id>
<parentid>2129290</parentid>
<timestamp>2017-05-04T14:37:22Z</timestamp>
<contributor>
<username>HydrizBot</username>
<id>29590</id>
</contributor>
<minor />
<comment>Robô: A limpar links interwikis antigos</comment>
<model>wikitext</model>
<format>text/x-wiki</format>
<text bytes="286" xml:space="preserve">={{-cy-}}=
[[Imagem:Le Caylar fg22.jpg|thumb|&lt;center&gt;'''Madfall'''&lt;/center&gt;]]
==Substantivo==
'''mad.fall'''
# {{escopo|Zoologia}} [[lagarto]].
[[Categoria:Substantivo (Galês)]]
[[Categoria:Dissílabo (Galês)]]
[[Categoria:Réptil (Galês)]]
[[Categoria:Entrada com imagem (Galês)]]</text>
<sha1>q75mvd04do8600lg9rbi1bf6b4vyeri</sha1>
</revision>
