<page>
<page>
<title>madhouse</title>
<ns>0</ns>
<id>237428</id>
<revision>
<id>2372374</id>
<parentid>1893782</parentid>
<timestamp>2017-05-04T14:37:26Z</timestamp>
<contributor>
<username>HydrizBot</username>
<id>29590</id>
</contributor>
<minor />
<comment>Robô: A limpar links interwikis antigos</comment>
<model>wikitext</model>
<format>text/x-wiki</format>
<text bytes="216" xml:space="preserve">{{Wikipédia|lang=en}}
={{-en-}}=
==Substantivo==
'''madhouse'''
# [[hospício]]
===Sinônimo===
* [[asylum]]
=={{etimologia|en}}==
: {{escopo|Morfologia}} [[mad]] + [[house]].
[[Categoria:Substantivo (Inglês)]]</text>
<sha1>5shi2xeh1ivxxs3z08kguuspgzb90f8</sha1>
</revision>
