<page>
<title>madi</title>
<ns>0</ns>
<id>232393</id>
<revision>
<id>2372376</id>
<parentid>2129289</parentid>
<timestamp>2017-05-04T14:37:30Z</timestamp>
<contributor>
<username>HydrizBot</username>
<id>29590</id>
</contributor>
<minor />
<comment>Robô: A limpar links interwikis antigos</comment>
<model>wikitext</model>
<format>text/x-wiki</format>
<text bytes="362" xml:space="preserve">={{-ht-}}=
==Substantivo==
'''madi'''
# [[terça-feira]]
=={{etimologia|ht}}==
:Do [[francês]] {{etimo|fr|mardi}}.
==Ver também==
===No wikcionário===
{{semana/ht}}
{{categorias|{{nome categoria|ht}}|Substantivo|Entrada de étimo francês|Dia da semana}}
={{-tn-}}=
==Substantivo==
'''madi'''
# [[sangue]]
{{categorias|{{nome categoria|tn}}|Substantivo}}</text>
<sha1>qzi0cjnrbsr4y6vx6926pteclna53mw</sha1>
</revision>
</page>
