<page>
<page>
<title>Madjaristan</title>
<ns>0</ns>
<id>438442</id>
<revision>
<id>2651845</id>
<timestamp>2021-11-10T08:27:48Z</timestamp>
<contributor>
<username>ValJor</username>
<id>1358</id>
</contributor>
<comment>Criação do verbete a partir da [[Especial:Páginas_pedidas|lista de palavras pedidas]]</comment>
<model>wikitext</model>
<format>text/x-wiki</format>
<text bytes="421" xml:space="preserve">{{Wikipédia|lang=lad}}
[[Imagem:Flag of Hungary.svg|thumb|right|250px|{{centro|Bandeira da Hungria}}]]
[[Imagem:LocationHungary.svg|thumb|right|250px|{{centro|Localização da Hungria}}]]
={{-lad-}}=
==Substantivo==
'''Madjaristan''', {{gramática|pr}}
# {{escopo|lad|País}} [[Hungria]]
==Ver também==
===No Wikcionário===
{{Europa/lad}}
[[Categoria:Substantivo (Ladino)]]
[[Categoria:Entrada com imagem (Ladino)]]</text>
<sha1>rm4roownr26wmx5wpb0fu96ly6xgkbd</sha1>
</revision>
