<page>
<title>madoiro</title>
<ns>0</ns>
<id>381270</id>
<revision>
<id>2440179</id>
<timestamp>2017-07-25T07:29:54Z</timestamp>
<contributor>
<username>Cpls</username>
<id>20608</id>
</contributor>
<comment>[[Ajuda:Guia de edição/Menus e ferramentas/Sumário de edição|→]] nova página: ={{-gl-}}= ==Substantivo== {{flex.gl|ms=madoiro|mp=madoiros}} {{paroxítona|ma|doi|ro|lang=gl}}, {{g|m||lang=...</comment>
<model>wikitext</model>
<format>text/x-wiki</format>
<text bytes="532" xml:space="preserve">={{-gl-}}=
==Substantivo==
{{flex.gl|ms=madoiro|mp=madoiros}}
{{paroxítona|ma|doi|ro|lang=gl}}, {{g|m||lang=gl}}
# {{escopo|gl|Agricultura}} numa terra arada ou prado, [[suco]], rego transversal que é feito para melhor [[escoar]] as águas da chuva
# desviação secundária de rega que sai de um [[canal]]
# [[rego]] que retira a água de um caminho para um terreno de lavrança
=={{etimologia|gl}}==
: Aparentado com ''[[manda#{{gl}}|manda]]''. Confronte-se com ''[[madriz#{{gl}}|madriz]]''.
[[Categoria:Substantivo (Galego)]]</text>
<sha1>3skdf1xi1pzlkh0ei4sqpgjmb3om0j4</sha1>
</revision>
</page>
