<page>
<page>
<title>madonizamos</title>
<ns>0</ns>
<id>157664</id>
<revision>
<id>2493505</id>
<parentid>2372381</parentid>
<timestamp>2018-04-05T13:08:26Z</timestamp>
<contributor>
<username>ValJor</username>
<id>1358</id>
</contributor>
<comment>Acrescentando a predefinição avi-for-fle</comment>
<model>wikitext</model>
<format>text/x-wiki</format>
<text bytes="332" xml:space="preserve">={{-pt-}}=
==Forma verbal==
{{paroxítona|ma|do|ni|za|mos}}
# primeira pessoa do plural do presente do modo indicativo do verbo [[madonizar]]
# {{escopo2|grafia brasileira}} primeira pessoa do plural do pretérito perfeito do modo indicativo do verbo [[madonizar]]
{{avi-for-fle|madonizar}}
[[Categoria:Forma verbal (Português)]]</text>
<sha1>tdfqwzgbouzd7vy6v1793lj7x4swcsv</sha1>
</revision>
