<page>
<page>
<title>madonizáramos</title>
<ns>0</ns>
<id>180624</id>
<revision>
<id>2372421</id>
<parentid>1158287</parentid>
<timestamp>2017-05-04T14:38:58Z</timestamp>
<contributor>
<username>HydrizBot</username>
<id>29590</id>
</contributor>
<minor />
<comment>Robô: A limpar links interwikis antigos</comment>
<model>wikitext</model>
<format>text/x-wiki</format>
<text bytes="189" xml:space="preserve">={{-pt-}}=
==Forma verbal==
'''madonizáramos'''
#[[primeira pessoa]] do [[plural]] do [[pretérito mais-que-perfeito]] do verbo '''[[madonizar]]'''
[[Categoria:Forma verbal (Português)]]</text>
<sha1>htr6zsb1qcseyk2dl5fvwgdu27e73em</sha1>
</revision>
