<page>
<title>madonizariam</title>
<ns>0</ns>
<id>196175</id>
<revision>
<id>2372394</id>
<parentid>1158261</parentid>
<timestamp>2017-05-04T14:38:07Z</timestamp>
<contributor>
<username>HydrizBot</username>
<id>29590</id>
</contributor>
<minor />
<comment>Robô: A limpar links interwikis antigos</comment>
<model>wikitext</model>
<format>text/x-wiki</format>
<text bytes="179" xml:space="preserve">={{-pt-}}=
==Forma verbal==
'''madonizariam'''
#[[terceira pessoa]] do [[plural]] do [[futuro do pretérito]] do verbo '''[[madonizar]]'''
[[Categoria:Forma verbal (Português)]]</text>
<sha1>pfpljk7j8s5lckxlzakw1xwny41uq1j</sha1>
</revision>
</page>
