<page>
<title>madonizou</title>
<ns>0</ns>
<id>173514</id>
<revision>
<id>2372419</id>
<parentid>1158285</parentid>
<timestamp>2017-05-04T14:38:55Z</timestamp>
<contributor>
<username>HydrizBot</username>
<id>29590</id>
</contributor>
<minor />
<comment>Robô: A limpar links interwikis antigos</comment>
<model>wikitext</model>
<format>text/x-wiki</format>
<text bytes="199" xml:space="preserve">={{-pt-}}=
==Forma verbal==
'''madonizou'''
#[[terceira pessoa]] do [[singular]] do [[pretérito perfeito]] do [[modo indicativo]] do verbo '''[[madonizar]]'''
[[Categoria:Forma verbal (Português)]]</text>
<sha1>cer0tqjcbeyv4ljo0x1hymxy2jll8wc</sha1>
</revision>
</page>
