<page>
<page>
<title>madonizando</title>
<ns>0</ns>
<id>156179</id>
<revision>
<id>2372382</id>
<parentid>1158250</parentid>
<timestamp>2017-05-04T14:37:45Z</timestamp>
<contributor>
<username>HydrizBot</username>
<id>29590</id>
</contributor>
<minor />
<comment>Robô: A limpar links interwikis antigos</comment>
<model>wikitext</model>
<format>text/x-wiki</format>
<text bytes="130" xml:space="preserve">={{-pt-}}=
==Forma verbal==
'''madonizando'''
#[[gerúndio]] do verbo '''[[madonizar]]'''
[[Categoria:Forma verbal (Português)]]</text>
<sha1>6qhn6c4f5z4njsrr2izdp9dao69trtf</sha1>
</revision>
