<page>
<page>
<title>madonizares</title>
<ns>0</ns>
<id>207504</id>
<revision>
<id>2372392</id>
<parentid>1158259</parentid>
<timestamp>2017-05-04T14:38:03Z</timestamp>
<contributor>
<username>HydrizBot</username>
<id>29590</id>
</contributor>
<minor />
<comment>Robô: A limpar links interwikis antigos</comment>
<model>wikitext</model>
<format>text/x-wiki</format>
<text bytes="279" xml:space="preserve">={{-pt-}}=
==Forma verbal==
'''madonizares'''
#[[segunda pessoa]] do [[singular]] do [[futuro]] do [[modo subjuntivo]] do verbo '''[[madonizar]]'''
#[[infinitivo pessoal]] da [[segunda pessoa]] do [[singular]] do verbo '''[[madonizar]]'''
[[Categoria:Forma verbal (Português)]]</text>
<sha1>qpq21jl5r2e0ftse1skzqzfxrhwom31</sha1>
</revision>
