<page>
<title>madonizarei</title>
<ns>0</ns>
<id>183805</id>
<revision>
<id>2372388</id>
<parentid>1158255</parentid>
<timestamp>2017-05-04T14:37:56Z</timestamp>
<contributor>
<username>HydrizBot</username>
<id>29590</id>
</contributor>
<minor />
<comment>Robô: A limpar links interwikis antigos</comment>
<model>wikitext</model>
<format>text/x-wiki</format>
<text bytes="178" xml:space="preserve">={{-pt-}}=
==Forma verbal==
'''madonizarei'''
#[[primeira pessoa]] do [[singular]] do [[futuro do presente]] do verbo '''[[madonizar]]'''
[[Categoria:Forma verbal (Português)]]</text>
<sha1>kmkr3b09wacmu8pq9q4ql1yaidosbf9</sha1>
</revision>
</page>
