<page>
<page>
<title>madonizeis</title>
<ns>0</ns>
<id>217529</id>
<revision>
<id>2372414</id>
<parentid>1158280</parentid>
<timestamp>2017-05-04T14:38:43Z</timestamp>
<contributor>
<username>HydrizBot</username>
<id>29590</id>
</contributor>
<minor />
<comment>Robô: A limpar links interwikis antigos</comment>
<model>wikitext</model>
<format>text/x-wiki</format>
<text bytes="281" xml:space="preserve">={{-pt-}}=
==Forma verbal==
'''madonizeis'''
#[[segunda pessoa]] do [[plural]] do [[presente]] do [[modo subjuntivo]] do verbo '''[[madonizar]]'''
#[[segunda pessoa]] do [[plural]] do [[imperativo]] [[negativo]] do verbo '''[[madonizar]]'''
[[Categoria:Forma verbal (Português)]]</text>
<sha1>q5exdp2pj9xxj34qs2hpkj7xau5hfpq</sha1>
</revision>
