<page>
<title>madonizem</title>
<ns>0</ns>
<id>216181</id>
<revision>
<id>2372415</id>
<parentid>1158281</parentid>
<timestamp>2017-05-04T14:38:46Z</timestamp>
<contributor>
<username>HydrizBot</username>
<id>29590</id>
</contributor>
<minor />
<comment>Robô: A limpar links interwikis antigos</comment>
<model>wikitext</model>
<format>text/x-wiki</format>
<text bytes="379" xml:space="preserve">={{-pt-}}=
==Forma verbal==
'''madonizem'''
#[[terceira pessoa]] do [[plural]] do [[presente]] do [[modo subjuntivo]] do verbo '''[[madonizar]]'''
#[[terceira pessoa]] do [[plural]] do [[imperativo]] [[afirmativo]] do verbo '''[[madonizar]]'''
#[[terceira pessoa]] do [[plural]] do [[imperativo]] [[negativo]] do verbo '''[[madonizar]]'''
[[Categoria:Forma verbal (Português)]]</text>
<sha1>06wpfph0hy7wt2o68duc1rg2ygu4h5g</sha1>
</revision>
</page>
