<page>
<title>madonizara</title>
<ns>0</ns>
<id>177636</id>
<revision>
<id>2372384</id>
<parentid>1158251</parentid>
<timestamp>2017-05-04T14:37:49Z</timestamp>
<contributor>
<username>HydrizBot</username>
<id>29590</id>
</contributor>
<minor />
<comment>Robô: A limpar links interwikis antigos</comment>
<model>wikitext</model>
<format>text/x-wiki</format>
<text bytes="235" xml:space="preserve">={{-pt-}}=
==Forma verbal==
'''madonizara'''
#[[primeira pessoa|primeira]] e [[terceira pessoa|terceira pessoas]] do [[singular]] do [[pretérito mais-que-perfeito]] do verbo '''[[madonizar]]'''
[[Categoria:Forma verbal (Português)]]</text>
<sha1>glrgjbm3edzzghon6ugg1zs9b9s4bym</sha1>
</revision>
</page>
