<page>
<title>madonizastes</title>
<ns>0</ns>
<id>174826</id>
<revision>
<id>2372408</id>
<parentid>1158274</parentid>
<timestamp>2017-05-04T14:38:29Z</timestamp>
<contributor>
<username>HydrizBot</username>
<id>29590</id>
</contributor>
<minor />
<comment>Robô: A limpar links interwikis antigos</comment>
<model>wikitext</model>
<format>text/x-wiki</format>
<text bytes="199" xml:space="preserve">={{-pt-}}=
==Forma verbal==
'''madonizastes'''
#[[segunda pessoa]] do [[plural]] do [[pretérito perfeito]] do [[modo indicativo]] do verbo '''[[madonizar]]'''
[[Categoria:Forma verbal (Português)]]</text>
<sha1>gvm2t9ybb9a4jqgup29dpoqqfykb04e</sha1>
</revision>
</page>
