<page>
<title>madonizaras</title>
<ns>0</ns>
<id>179130</id>
<revision>
<id>2372386</id>
<parentid>1158253</parentid>
<timestamp>2017-05-04T14:37:53Z</timestamp>
<contributor>
<username>HydrizBot</username>
<id>29590</id>
</contributor>
<minor />
<comment>Robô: A limpar links interwikis antigos</comment>
<model>wikitext</model>
<format>text/x-wiki</format>
<text bytes="187" xml:space="preserve">={{-pt-}}=
==Forma verbal==
'''madonizaras'''
#[[segunda pessoa]] do [[singular]] do [[pretérito mais-que-perfeito]] do verbo '''[[madonizar]]'''
[[Categoria:Forma verbal (Português)]]</text>
<sha1>qvyh7is85cfllbpp4hv5c1h3nkz3kps</sha1>
</revision>
</page>
