<page>
<title>madona</title>
<ns>0</ns>
<id>112141</id>
<revision>
<id>2372377</id>
<parentid>2080484</parentid>
<timestamp>2017-05-04T14:37:34Z</timestamp>
<contributor>
<username>HydrizBot</username>
<id>29590</id>
</contributor>
<minor />
<comment>Robô: A limpar links interwikis antigos</comment>
<model>wikitext</model>
<format>text/x-wiki</format>
<text bytes="375" xml:space="preserve">{{Wikipédia}}
={{-pt-}}=
==Substantivo==
{{flex.pt|fs=madona|fp=madonas}}
{{paroxítona|ma|do|na}}, {{gramática|f}}
# representação artística da Virgem Maria
=={{etimologia|pt}}==
: Do italiano [[madonna]] (minha senhora).
==Ver também==
===No Wikcionário===
* [[madonizar]]
==Anagramas==
# [[mandão]]
# [[monada]]
# [[nómada]]
[[Categoria:Substantivo (Português)]]</text>
<sha1>4x8qwx83xoodgzitmn7vrq3jicfovp8</sha1>
</revision>
</page>
