<page>
<title>madoganya</title>
<ns>0</ns>
<id>434538</id>
<revision>
<id>2636979</id>
<parentid>2636977</parentid>
<timestamp>2021-06-04T19:55:10Z</timestamp>
<contributor>
<username>Cpls</username>
<id>20608</id>
</contributor>
<model>wikitext</model>
<format>text/x-wiki</format>
<text bytes="316" xml:space="preserve">={{-ca-}}=
==Substantivo==
{{flex.ca|fs=madoganya|fp=madoganyes}}
{{paroxítona|ma|do|ga|nya|lang=ca}}, {{g|f|lang=ca}}
# [[espantalho]]
=={{etimologia|ca}}==
: Da mesma origem que o castelhano medieval {{etimo|es|magadaña}} ou que o galego ''[[magadanha#{{gl}}|magadanha]]''.
[[Categoria:Substantivo (Catalão)]]</text>
<sha1>00ve4p1epki5ouovrh9mblsdukvc55s</sha1>
</revision>
</page>
