<page>
<title>madorra</title>
<ns>0</ns>
<id>338191</id>
<revision>
<id>2577686</id>
<parentid>1909227</parentid>
<timestamp>2020-02-18T22:28:18Z</timestamp>
<contributor>
<username>Cpls</username>
<id>20608</id>
</contributor>
<comment>/* {{-gl-}} */</comment>
<model>wikitext</model>
<format>text/x-wiki</format>
<text bytes="722" xml:space="preserve">={{-pt-}}=
==Substantivo&lt;sup&gt;1&lt;/sup&gt;==
{{flex.pt|fs=madorra|fp=madorras}}
{{paroxítona|ma|dor|ra}}, {{f}}
# [[modorra]], ganas de dormir
[[Categoria:Substantivo (Português)]]
={{-gl-}}=
==Substantivo&lt;sup&gt;1&lt;/sup&gt;==
{{flex.gl|fs=madorra|fp=madorras}}
{{paroxítona|ma|dor|ra|lang=gl}}, {{g|f}}
# [[madorra#Português|madorra]], [[modorra]]
===Sinónimo===
* [[morroeira#{{gl}}|morroeira]]
==Substantivo&lt;sup&gt;2&lt;/sup&gt;==
{{flex.pt|fs=madorra|fp=madorras}}
{{paroxítona|ma|dor|ra|lang=gl}}, {{g|f}}
# antigo [[túmulo]] funerário [[neolítico]], [[mamoa]]
===Sinônimos===
* [[mámoa#Galego|mámoa]], [[medonha#Galego|medonha]], [[medorra#Galego|medorra]], [[modorra#Galego|modorra]]
[[Categoria:Substantivo (Galego)]]</text>
<sha1>j08bj0pn30agj93h8brocv476r55q3d</sha1>
</revision>
</page>
