<page>
<page>
<title>madonizámos</title>
<ns>0</ns>
<id>164842</id>
<revision>
<id>2544959</id>
<parentid>2372420</parentid>
<timestamp>2019-05-23T19:07:36Z</timestamp>
<contributor>
<username>ValJor</username>
<id>1358</id>
</contributor>
<comment>Acrescentando a predefinição avi-for-fle</comment>
<model>wikitext</model>
<format>text/x-wiki</format>
<text bytes="270" xml:space="preserve">={{-pt-}}=
==Forma verbal==
{{paroxítona|ma|do|ni|zá|mos}}
# {{escopo2|grafia lusitana}} primeira pessoa do plural do pretérito perfeito do indicativo do verbo [[madonizar]]
{{avi-for-fle|madonizar}}
[[Categoria:Forma verbal (Português)]]
[[Categoria:Lusitanismo]]</text>
<sha1>65peg0xcx0tjiw1uhfs5k113tnlt9hu</sha1>
</revision>
