<page>
<page>
<title>madonizasses</title>
<ns>0</ns>
<id>197487</id>
<revision>
<id>2372406</id>
<parentid>1158272</parentid>
<timestamp>2017-05-04T14:38:26Z</timestamp>
<contributor>
<username>HydrizBot</username>
<id>29590</id>
</contributor>
<minor />
<comment>Robô: A limpar links interwikis antigos</comment>
<model>wikitext</model>
<format>text/x-wiki</format>
<text bytes="204" xml:space="preserve">={{-pt-}}=
==Forma verbal==
'''madonizasses'''
#[[segunda pessoa]] do [[singular]] do [[pretérito imperfeito]] do [[modo subjuntivo]] do verbo '''[[madonizar]]'''
[[Categoria:Forma verbal (Português)]]</text>
<sha1>00pm0iyflg8pj6uhdlscty1w97sbcy8</sha1>
</revision>
