<page>
<page>
<title>madonizes</title>
<ns>0</ns>
<id>218952</id>
<revision>
<id>2372417</id>
<parentid>1158283</parentid>
<timestamp>2017-05-04T14:38:51Z</timestamp>
<contributor>
<username>HydrizBot</username>
<id>29590</id>
</contributor>
<minor />
<comment>Robô: A limpar links interwikis antigos</comment>
<model>wikitext</model>
<format>text/x-wiki</format>
<text bytes="284" xml:space="preserve">={{-pt-}}=
==Forma verbal==
'''madonizes'''
#[[segunda pessoa]] do [[singular]] do [[presente]] do [[modo subjuntivo]] do verbo '''[[madonizar]]'''
#[[segunda pessoa]] do [[singular]] do [[imperativo]] [[negativo]] do verbo '''[[madonizar]]'''
[[Categoria:Forma verbal (Português)]]</text>
<sha1>gx2g95ncbyuru2jys15l3keel3qz5rb</sha1>
</revision>
