<page>
<title>madonizarão</title>
<ns>0</ns>
<id>190885</id>
<revision>
<id>2372399</id>
<parentid>1158266</parentid>
<timestamp>2017-05-04T14:38:15Z</timestamp>
<contributor>
<username>HydrizBot</username>
<id>29590</id>
</contributor>
<minor />
<comment>Robô: A limpar links interwikis antigos</comment>
<model>wikitext</model>
<format>text/x-wiki</format>
<text bytes="177" xml:space="preserve">={{-pt-}}=
==Forma verbal==
'''madonizarão'''
#[[terceira pessoa]] do [[plural]] do [[futuro do presente]] do verbo '''[[madonizar]]'''
[[Categoria:Forma verbal (Português)]]</text>
<sha1>be5ivfkt5ztvnorclche67q9p179uru</sha1>
</revision>
</page>
