<page>
<page>
<title>madonizássemos</title>
<ns>0</ns>
<id>198955</id>
<revision>
<id>2372424</id>
<parentid>1158290</parentid>
<timestamp>2017-05-04T14:39:04Z</timestamp>
<contributor>
<username>HydrizBot</username>
<id>29590</id>
</contributor>
<minor />
<comment>Robô: A limpar links interwikis antigos</comment>
<model>wikitext</model>
<format>text/x-wiki</format>
<text bytes="206" xml:space="preserve">={{-pt-}}=
==Forma verbal==
'''madonizássemos'''
#[[primeira pessoa]] do [[plural]] do [[pretérito imperfeito]] do [[modo subjuntivo]] do verbo '''[[madonizar]]'''
[[Categoria:Forma verbal (Português)]]</text>
<sha1>b7us9froqifb8w84ze7mx21pqxwff4e</sha1>
</revision>
