<page>
<title>madonizarem</title>
<ns>0</ns>
<id>211779</id>
<revision>
<id>2372390</id>
<parentid>1158257</parentid>
<timestamp>2017-05-04T14:38:00Z</timestamp>
<contributor>
<username>HydrizBot</username>
<id>29590</id>
</contributor>
<minor />
<comment>Robô: A limpar links interwikis antigos</comment>
<model>wikitext</model>
<format>text/x-wiki</format>
<text bytes="277" xml:space="preserve">={{-pt-}}=
==Forma verbal==
'''madonizarem'''
#[[terceira pessoa]] do [[plural]] do [[futuro]] do [[modo subjuntivo]] do verbo '''[[madonizar]]'''
#[[infinitivo pessoal]] da [[terceira pessoa]] do [[plural]] do verbo '''[[madonizar]]'''
[[Categoria:Forma verbal (Português)]]</text>
<sha1>kc26q23z6kueolbnqp9dhe137ql2dwi</sha1>
</revision>
</page>
