<page>
<title>madonizaram</title>
<ns>0</ns>
<id>176174</id>
<revision>
<id>2372385</id>
<parentid>1158252</parentid>
<timestamp>2017-05-04T14:37:51Z</timestamp>
<contributor>
<username>HydrizBot</username>
<id>29590</id>
</contributor>
<minor />
<comment>Robô: A limpar links interwikis antigos</comment>
<model>wikitext</model>
<format>text/x-wiki</format>
<text bytes="199" xml:space="preserve">={{-pt-}}=
==Forma verbal==
'''madonizaram'''
#[[terceira pessoa]] do [[plural]] do [[pretérito perfeito]] do [[modo indicativo]] do verbo '''[[madonizar]]'''
[[Categoria:Forma verbal (Português)]]</text>
<sha1>ik0u63i59t717aqo1skim3hxraabzfh</sha1>
</revision>
</page>
