<page>
<title>madonizaremos</title>
<ns>0</ns>
<id>188078</id>
<revision>
<id>2372391</id>
<parentid>1158258</parentid>
<timestamp>2017-05-04T14:38:01Z</timestamp>
<contributor>
<username>HydrizBot</username>
<id>29590</id>
</contributor>
<minor />
<comment>Robô: A limpar links interwikis antigos</comment>
<model>wikitext</model>
<format>text/x-wiki</format>
<text bytes="178" xml:space="preserve">={{-pt-}}=
==Forma verbal==
'''madonizaremos'''
#[[primeira pessoa]] do [[plural]] do [[futuro do presente]] do verbo '''[[madonizar]]'''
[[Categoria:Forma verbal (Português)]]</text>
<sha1>4jmytp7jhn3u912e0rqe81e8685iwtn</sha1>
</revision>
</page>
