<page>
<title>madonizar</title>
<ns>0</ns>
<id>40666</id>
<revision>
<id>2372383</id>
<parentid>1462139</parentid>
<timestamp>2017-05-04T14:37:47Z</timestamp>
<contributor>
<username>HydrizBot</username>
<id>29590</id>
</contributor>
<minor />
<comment>Robô: A limpar links interwikis antigos</comment>
<model>wikitext</model>
<format>text/x-wiki</format>
<text bytes="302" xml:space="preserve">={{-pt-}}=
==Verbo==
{{oxítona|ma|do|ni|zar}}, ''transitivo direto''
# [[esculpir]] ou [[pintar]] figuras femininas com traços idealizados de [[madona]]
===Conjugação===
{{conj/pt|madoniz|ar}}
=={{etimologia|pt}}==
: {{escopo|Morfologia}} [[madona]] + [[-izar]].
[[Categoria:Verbo (Português)]]</text>
<sha1>ndwxtp73hzh97ey9pokost4nzbiftqc</sha1>
</revision>
</page>
