<page>
<title>madonizarmos</title>
<ns>0</ns>
<id>208985</id>
<revision>
<id>2372396</id>
<parentid>1158263</parentid>
<timestamp>2017-05-04T14:38:10Z</timestamp>
<contributor>
<username>HydrizBot</username>
<id>29590</id>
</contributor>
<minor />
<comment>Robô: A limpar links interwikis antigos</comment>
<model>wikitext</model>
<format>text/x-wiki</format>
<text bytes="278" xml:space="preserve">={{-pt-}}=
==Forma verbal==
'''madonizarmos'''
#[[primeira pessoa]] do [[plural]] do [[futuro]] do [[modo subjuntivo]] do verbo '''[[madonizar]]'''
#[[infinitivo pessoal]] da [[primeira pessoa]] do [[plural]] do verbo '''[[madonizar]]'''
[[Categoria:Forma verbal (Português)]]</text>
<sha1>h95jtj1tq5rsohj1n2g6qapgex2n4w2</sha1>
</revision>
</page>
