<page>
<title>madonizávamos</title>
<ns>0</ns>
<id>163409</id>
<revision>
<id>2372425</id>
<parentid>1158291</parentid>
<timestamp>2017-05-04T14:39:05Z</timestamp>
<contributor>
<username>HydrizBot</username>
<id>29590</id>
</contributor>
<minor />
<comment>Robô: A limpar links interwikis antigos</comment>
<model>wikitext</model>
<format>text/x-wiki</format>
<text bytes="204" xml:space="preserve">={{-pt-}}=
==Forma verbal==
'''madonizávamos'''
#[[primeira pessoa]] do [[plural]] do [[pretérito imperfeito]] do [[modo indicativo]] do verbo '''[[madonizar]]'''
[[Categoria:Forma verbal (Português)]]</text>
<sha1>gj3kbxptlfcfkdyx6ar1zkalr2fsrxs</sha1>
</revision>
</page>
