<page>
<page>
<title>madonizardes</title>
<ns>0</ns>
<id>210452</id>
<revision>
<id>2372387</id>
<parentid>1158254</parentid>
<timestamp>2017-05-04T14:37:54Z</timestamp>
<contributor>
<username>HydrizBot</username>
<id>29590</id>
</contributor>
<minor />
<comment>Robô: A limpar links interwikis antigos</comment>
<model>wikitext</model>
<format>text/x-wiki</format>
<text bytes="276" xml:space="preserve">={{-pt-}}=
==Forma verbal==
'''madonizardes'''
#[[segunda pessoa]] do [[plural]] do [[futuro]] do [[modo subjuntivo]] do verbo '''[[madonizar]]'''
#[[infinitivo pessoal]] da [[segunda pessoa]] do [[plural]] do verbo '''[[madonizar]]'''
[[Categoria:Forma verbal (Português)]]</text>
<sha1>2v44g8jglf39d5ys8paxaa4846rtgqp</sha1>
</revision>
