<page>
<page>
<title>madonize</title>
<ns>0</ns>
<id>213316</id>
<revision>
<id>2372412</id>
<parentid>1158278</parentid>
<timestamp>2017-05-04T14:38:38Z</timestamp>
<contributor>
<username>HydrizBot</username>
<id>29590</id>
</contributor>
<minor />
<comment>Robô: A limpar links interwikis antigos</comment>
<model>wikitext</model>
<format>text/x-wiki</format>
<text bytes="415" xml:space="preserve">={{-pt-}}=
==Forma verbal==
'''madonize'''
#[[primeira pessoa|primeira]] e [[terceira pessoa]] do [[singular]] do [[presente]] do [[modo subjuntivo]] do verbo '''[[madonizar]]'''
#[[terceira pessoa]] do [[singular]] do [[imperativo]] [[afirmativo]] do verbo '''[[madonizar]]'''
#[[terceira pessoa]] do [[singular]] do [[imperativo]] [[negativo]] do verbo '''[[madonizar]]'''
[[Categoria:Forma verbal (Português)]]</text>
<sha1>hjs11s783kumdxca8wqj3ibauc5gh2i</sha1>
</revision>
