<page>
<title>madonizaríeis</title>
<ns>0</ns>
<id>194839</id>
<revision>
<id>2372401</id>
<parentid>1158268</parentid>
<timestamp>2017-05-04T14:38:19Z</timestamp>
<contributor>
<username>HydrizBot</username>
<id>29590</id>
</contributor>
<minor />
<comment>Robô: A limpar links interwikis antigos</comment>
<model>wikitext</model>
<format>text/x-wiki</format>
<text bytes="180" xml:space="preserve">={{-pt-}}=
==Forma verbal==
'''madonizaríeis'''
#[[segunda pessoa]] do [[plural]] do [[futuro do pretérito]] do verbo '''[[madonizar]]'''
[[Categoria:Forma verbal (Português)]]</text>
<sha1>6216r2jcl6we6aa03kgo2yd4jy7c33k</sha1>
</revision>
</page>
