<page>
<title>madonizáveis</title>
<ns>0</ns>
<id>167846</id>
<revision>
<id>2372426</id>
<parentid>1158292</parentid>
<timestamp>2017-05-04T14:39:08Z</timestamp>
<contributor>
<username>HydrizBot</username>
<id>29590</id>
</contributor>
<minor />
<comment>Robô: A limpar links interwikis antigos</comment>
<model>wikitext</model>
<format>text/x-wiki</format>
<text bytes="202" xml:space="preserve">={{-pt-}}=
==Forma verbal==
'''madonizáveis'''
#[[segunda pessoa]] do [[plural]] do [[pretérito imperfeito]] do [[modo indicativo]] do verbo '''[[madonizar]]'''
[[Categoria:Forma verbal (Português)]]</text>
<sha1>2dd1sb03mz8ngpj8biyeg88du09hudz</sha1>
</revision>
</page>
