<page>
<page>
<title>Madonna</title>
<ns>0</ns>
<id>274025</id>
<revision>
<id>2273614</id>
<parentid>2236695</parentid>
<timestamp>2017-04-26T21:20:41Z</timestamp>
<contributor>
<username>HydrizBot</username>
<id>29590</id>
</contributor>
<minor />
<comment>Robô: A limpar links interwikis antigos</comment>
<model>wikitext</model>
<format>text/x-wiki</format>
<text bytes="105" xml:space="preserve">={{-it-}}=
==Substantivo==
'''Madonna''' {{f}}
# [[Nossa Senhora]]
[[Categoria:Substantivo (Italiano)]]</text>
<sha1>o8rg0y5efkm2pcxg7m54vomyduelf06</sha1>
</revision>
