<page>
<page>
<title>madonizaste</title>
<ns>0</ns>
<id>172160</id>
<revision>
<id>2372407</id>
<parentid>1158273</parentid>
<timestamp>2017-05-04T14:38:28Z</timestamp>
<contributor>
<username>HydrizBot</username>
<id>29590</id>
</contributor>
<minor />
<comment>Robô: A limpar links interwikis antigos</comment>
<model>wikitext</model>
<format>text/x-wiki</format>
<text bytes="200" xml:space="preserve">={{-pt-}}=
==Forma verbal==
'''madonizaste'''
#[[segunda pessoa]] do [[singular]] do [[pretérito perfeito]] do [[modo indicativo]] do verbo '''[[madonizar]]'''
[[Categoria:Forma verbal (Português)]]</text>
<sha1>4byhp9e9lk5y6r01m0lmk2vq50kxug0</sha1>
</revision>
