<page>
<page>
<title>madonizáreis</title>
<ns>0</ns>
<id>182329</id>
<revision>
<id>2372422</id>
<parentid>1158288</parentid>
<timestamp>2017-05-04T14:39:00Z</timestamp>
<contributor>
<username>HydrizBot</username>
<id>29590</id>
</contributor>
<minor />
<comment>Robô: A limpar links interwikis antigos</comment>
<model>wikitext</model>
<format>text/x-wiki</format>
<text bytes="187" xml:space="preserve">={{-pt-}}=
==Forma verbal==
'''madonizáreis'''
#[[segunda pessoa]] do [[plural]] do [[pretérito mais-que-perfeito]] do verbo '''[[madonizar]]'''
[[Categoria:Forma verbal (Português)]]</text>
<sha1>cg9z962zvwes6px4ih5jr14gj3hh1bb</sha1>
</revision>
