<page>
<page>
<title>madroar</title>
<ns>0</ns>
<id>409666</id>
<revision>
<id>2542833</id>
<timestamp>2019-04-26T20:30:07Z</timestamp>
<contributor>
<username>Cpls</username>
<id>20608</id>
</contributor>
<comment>[[Ajuda:Guia de edição/Menus e ferramentas/Sumário de edição|→]] nova página: ={{-gl-}}= ==Verbo== {{oxítona|ma|dro|ar|lang=gl}}, {{g|refl|lang=gl}} # [[prolapsar]] a [[matriz]]  ===Sin...</comment>
<model>wikitext</model>
<format>text/x-wiki</format>
<text bytes="268" xml:space="preserve">={{-gl-}}=
==Verbo==
{{oxítona|ma|dro|ar|lang=gl}}, {{g|refl|lang=gl}}
# [[prolapsar]] a [[matriz]]
===Sinónimos===
* De '''1''': Vide em [[esmadrigar#{{gl}}|esmadrigar]]
=={{etimologia|gl}}==
: Derivada de ''[[madre#{{gl}}|madre]]''.
[[Categoria:Verbo (Galego)]]</text>
<sha1>juqv4ovmltwpkc21y1uwfs18icgru17</sha1>
</revision>
