<page>
<page>
<title>Madri</title>
<ns>0</ns>
<id>365573</id>
<revision>
<id>2471793</id>
<parentid>2273617</parentid>
<timestamp>2017-12-19T22:23:42Z</timestamp>
<contributor>
<username>Tribuno da Plebe</username>
<id>16095</id>
</contributor>
<comment>/* {{-pt-}} */</comment>
<model>wikitext</model>
<format>text/x-wiki</format>
<text bytes="508" xml:space="preserve">={{-pt-}}=
{{grafiaPtbr|Madrid}}
==Substantivo==
{{oxítona|Ma|dri}}, {{gramática|pr}}
# capital da [[Espanha]] e da comunidade autônoma de mesmo nome
=={{pronúncia|pt}}==
===Brasil===
* [[AFI]]: {{IPA|/maˈdɾi/|lang=pt}}
==={{-varort-}}===
* [[Madrid]]
==Ver também==
* {{Wikipédia|modelo=linha}}
{{capitais.Europa/pt}}
[[Categoria:Substantivo (Português)]]
[[Categoria:Capital (Português)]]
[[Categoria:Cidade da Espanha (Português)]]
[[Categoria:Comunidade autônoma da Espanha (Português)]]</text>
<sha1>k4kpeakvjgotvkm1lrbzqrwqnx522xa</sha1>
</revision>
