<page>
<title>madronhar</title>
<ns>0</ns>
<id>409639</id>
<revision>
<id>2542754</id>
<timestamp>2019-04-25T20:27:23Z</timestamp>
<contributor>
<username>Cpls</username>
<id>20608</id>
</contributor>
<comment>[[Ajuda:Guia de edição/Menus e ferramentas/Sumário de edição|→]] nova página: ={{-gl-}}= ==Verbo== {{oxítona|ma|dro|nhar|lang=gl}}, {{g|intr|lang=gl}} # [[apodrecer]] a [[batata]] na ter...</comment>
<model>wikitext</model>
<format>text/x-wiki</format>
<text bytes="334" xml:space="preserve">={{-gl-}}=
==Verbo==
{{oxítona|ma|dro|nhar|lang=gl}}, {{g|intr|lang=gl}}
# [[apodrecer]] a [[batata]] na terra
# apodrecer a [[castanha]]
=={{etimologia|gl}}==
: {{escopo|Morfologia}} De ''[[madronha#{{gl}}|madronha]]'' + ''[[-ar#{{gl}}|-ar]]''. Confronte-se com ''[[esmadronhar#{{gl}}|esmadronhar]]''.
[[Categoria:Verbo (Galego)]]</text>
<sha1>6j4rlq5kpia12gag7r0sbex21hcetl4</sha1>
</revision>
</page>
