<page>
<page>
<title>madressilba</title>
<ns>0</ns>
<id>389470</id>
<revision>
<id>2474135</id>
<timestamp>2018-01-03T17:16:16Z</timestamp>
<contributor>
<username>Imivorn</username>
<id>64513</id>
</contributor>
<comment>[[Ajuda:Guia de edição/Menus e ferramentas/Sumário de edição|→]] nova página: [[Imagem:European_honeysuckle_800.jpg|thumb|200px|&lt;center&gt;madressilba&lt;/center&gt;]]  ={{-mwl-}}= ==Substantivo==...</comment>
<model>wikitext</model>
<format>text/x-wiki</format>
<text bytes="425" xml:space="preserve">[[Imagem:European_honeysuckle_800.jpg|thumb|200px|&lt;center&gt;madressilba&lt;/center&gt;]]
={{-mwl-}}=
==Substantivo==
{{flex.mwl|fs=madressilba|fp=madressilbas}}
{{paroxítona|ma|dres|sil|ba|língua=mwl}}, {{f}}
# {{escopo|mwl|Planta}} [[madressilva]] (''[[species:Lonicera periclymenum|Lonicera periclymenum]]'')
[[Categoria:Substantivo (Mirandês)]]
[[Categoria:Botânica (Mirandês)]]
[[Categoria:Entrada com imagem (Mirandês)]]</text>
<sha1>sep9294ptq9pega43ff7mheik359eqm</sha1>
</revision>
