<page>
<page>
<title>madriço</title>
<ns>0</ns>
<id>368566</id>
<revision>
<id>2629625</id>
<parentid>2197878</parentid>
<timestamp>2021-04-05T07:27:46Z</timestamp>
<contributor>
<username>Cpls</username>
<id>20608</id>
</contributor>
<model>wikitext</model>
<format>text/x-wiki</format>
<text bytes="291" xml:space="preserve">={{-gl-}}=
==Substantivo==
{{flex.gl|ms=madriço|mp=madriços}}
{{paroxítona|ma|dri|ço|lang=gl}}, {{g|m|lang=gl}}
# [[terreno]] coberto de [[mato]]
=={{etimologia|gl}}==
: Confronte-se com ''[[madriz#{{gl}}|madriz]]'', e ''[[madrigo#{{gl}}|madrigo]]''.
[[Categoria:Substantivo (Galego)]]</text>
<sha1>sbps6scwhlxqimkukm8k2g3885dcumx</sha1>
</revision>
