<page>
<page>
<title>madrasta</title>
<ns>0</ns>
<id>57085</id>
<revision>
<id>2613952</id>
<parentid>2569071</parentid>
<timestamp>2021-01-31T16:13:25Z</timestamp>
<contributor>
<username>Marxav</username>
<id>73271</id>
</contributor>
<minor />
<comment>AFI Portugal</comment>
<model>wikitext</model>
<format>text/x-wiki</format>
<text bytes="853" xml:space="preserve">={{-pt-}}=
==Substantivo==
{{flex.pt|fs=madrasta|fp=madrastas}}
{{paroxítona|ma|dras|ta}}, {{f}}
# [[mulher]] [[casar|casada]] [[em]] [[relação]] [[aos]] [[filhos]] [[que]] [[o]] [[marido]] [[tinha]] [[do]] [[casamento]] [[anterior]]
===Tradução===
{{tradini}}
* {{trad|de|Stiefmutter}}
* {{trad|es|madrastra}}
* {{trad|fr|belle-mère}}
* {{trad|en|stepmother|stepmom}}
* {{trad|it|matrigna}}
{{tradfim}}
=={{pronúncia|pt}}==
* [[AFI]]: {{AFI|/mɜˈdraʃtɜ/|pt}}
===Portugal===
* AFI: {{AFI|/mɐ.ˈdɾaʃ.tɐ/}}
[[Categoria:Substantivo (Português)]]
[[Categoria:Família (Português)]]
={{-mwl-}}=
==Substantivo==
{{flex.mwl|fs=madrasta|fp=madrastas}}
{{paroxítona|ma|dras|ta|língua=mwl}}, {{f}}
# [[madrasta#Português|madrasta]]
==Ver também==
===No Wikcionário===
{{Predefinição:família/mwl}}
[[Categoria:Substantivo (Mirandês)]]</text>
<sha1>jdmk19ww0p56ukedfd3lqspq3tdwvr2</sha1>
</revision>
