<page>
<page>
<title>madrina</title>
<ns>0</ns>
<id>387819</id>
<revision>
<id>2565722</id>
<parentid>2565135</parentid>
<timestamp>2019-12-10T09:56:07Z</timestamp>
<contributor>
<ip>2804:214:85E8:2115:7498:3AA2:F77D:5F16</ip>
</contributor>
<comment>/*  Italiano */</comment>
<model>wikitext</model>
<format>text/x-wiki</format>
<text bytes="641" xml:space="preserve">={{-mwl-}}=
==Substantivo==
{{flex.mwl|fs=madrina|fp=madrinas}}
{{paroxítona|ma|dri|na|língua=mwl}}, {{f}}
# [[madrinha]]
[[Categoria:Substantivo (Mirandês)]]
[[Categoria:Família (Mirandês)]]
={{-it-}}=
==Substantivo==
'''madrina''', {{f}}
# [[madrinha]]
[[Categoria:Substantivo (Italiano)]]
[[Categoria:Família (Italiano)]]
={{-es-}}=
==Substantivo==
'''madrina''', {{f}}
# [[madrinha]]
[[Categoria:Substantivo (Espanhol)]]
[[Categoria:Família (Espanhol)]]
==Ver também==
===No Wikcionário===
{{verTambém.Ini}}
* [[padrino]]
{{verTambém.NovaColuna}}
* [[batizado]]
{{verTambém.NovaColuna}}
* [[batismo]]
{{verTambém.Fim}}</text>
<sha1>hzq4maxvl4hmmxx8zo5ri62gojquvyh</sha1>
</revision>
