<page>
<page>
<title>madrigo</title>
<ns>0</ns>
<id>361457</id>
<revision>
<id>2197879</id>
<parentid>2197871</parentid>
<timestamp>2016-11-15T11:50:23Z</timestamp>
<contributor>
<username>Cpls</username>
<id>20608</id>
</contributor>
<comment>/* {{-gl-}} */</comment>
<model>wikitext</model>
<format>text/x-wiki</format>
<text bytes="305" xml:space="preserve">={{-gl-}}=
==Substantivo==
{{flex.gl|ms=madrigo|mp=madrigos}}
{{paroxítona|ma|dri|go|lang=gl}}, {{g|m|lang=gl}}
# [[rego]] plantado de pés de [[feijão]]
=={{etimologia|gl}}==
{{llietimo|la|matrix|gl}} Confronte-se com ''[[madriz#Galego|madriz]]'' e [[madrigueira]].
[[Categoria:Substantivo (Galego)]]</text>
<sha1>pyt7u2mv1ygfuedaief94lkju5x069h</sha1>
</revision>
