<page>
<title>madronhales</title>
<ns>0</ns>
<id>389476</id>
<revision>
<id>2474141</id>
<timestamp>2018-01-03T17:25:07Z</timestamp>
<contributor>
<username>Imivorn</username>
<id>64513</id>
</contributor>
<comment>[[Ajuda:Guia de edição/Menus e ferramentas/Sumário de edição|→]] nova página: ={{-mwl-}}= ==Forma de substantivo== {{paroxítona|ma|dro|nha|les|língua=mwl}} # plural de '''madronhal#{{...</comment>
<model>wikitext</model>
<format>text/x-wiki</format>
<text bytes="177" xml:space="preserve">={{-mwl-}}=
==Forma de substantivo==
{{paroxítona|ma|dro|nha|les|língua=mwl}}
# plural de '''[[madronhal#{{mwl}}|madronhal]]'''
[[Categoria:Forma de substantivo (Mirandês)]]</text>
<sha1>4ga8vu6afpvdeip7tox0lua2cp4m1bj</sha1>
</revision>
</page>
