<page>
<page>
<title>madrai</title>
<ns>0</ns>
<id>232410</id>
<revision>
<id>2660089</id>
<parentid>2372428</parentid>
<timestamp>2022-02-13T16:10:52Z</timestamp>
<contributor>
<username>ValJor</username>
<id>1358</id>
</contributor>
<comment>Confirmando [[:Categoria:!Entrada criada por robô|verbete criado por robô]]</comment>
<model>wikitext</model>
<format>text/x-wiki</format>
<text bytes="316" xml:space="preserve">{{Wikipédia|lang=fj}}
[[Imagem:Bread.jpg|thumb|right|250px|{{centro|Pão}}]]
={{-fj-}}=
==Substantivo==
'''madrai'''
# [[pão]] (alimento à base de farinha amassada, fermentada e assada em forno)
[[Categoria:Substantivo (Fijiano)]]
[[Categoria:Alimentação (Fijiano)]]
[[Categoria:Entrada com imagem (Fijiano)]]</text>
<sha1>ettpcyit7022m7d531fs8ufu74q9b5c</sha1>
</revision>
