<page>
<title>madrenha</title>
<ns>0</ns>
<id>361508</id>
<revision>
<id>2531361</id>
<parentid>2151977</parentid>
<timestamp>2019-01-04T20:51:39Z</timestamp>
<contributor>
<username>Cpls</username>
<id>20608</id>
</contributor>
<comment>/* {{-gl-}} */</comment>
<model>wikitext</model>
<format>text/x-wiki</format>
<text bytes="372" xml:space="preserve">={{-gl-}}=
==Substantivo==
{{flex.gl|fs=madrenha|fp=madrenhas}}
{{paroxítona|ma|dre|nha|lang=gl}}, {{g|f|lang=gl}}
# [[galocha]], [[soca]] de madeira com três pés
==={{-varort-}}===
* [[madronha#Galego|madronha]]
=={{etimologia|gl}}==
: {{escopo|Morfologia}} Aparentada com [[madeira]]. Cognata do asturiano {{etimo|ast|madreña}}.
[[Categoria:Substantivo (Galego)]]</text>
<sha1>f7qetie61knd82tbcebrnrxu6wkuo94</sha1>
</revision>
</page>
