<page>
<page>
<title>madra</title>
<ns>0</ns>
<id>232612</id>
<revision>
<id>2584477</id>
<parentid>2372427</parentid>
<timestamp>2020-04-01T09:35:26Z</timestamp>
<contributor>
<username>ValJor</username>
<id>1358</id>
</contributor>
<comment>Confirmando [[:Categoria:!Entrada criada por robô|verbete criado por robô]]</comment>
<model>wikitext</model>
<format>text/x-wiki</format>
<text bytes="201" xml:space="preserve">{{Wikipédia|lang=ga}}
={{-ga-}}=
==Substantivo==
'''madra'''
# [[cão]] (mamífero domesticado - ''Canis lupus familiaris'')
[[Categoria:Substantivo (Irlandês)]]
[[Categoria:Mamífero (Irlandês)]]</text>
<sha1>3ciayn1mjsrt0xxhg2r9sud3mkv1pog</sha1>
</revision>
