<page>
<title>madronhal</title>
<ns>0</ns>
<id>389475</id>
<revision>
<id>2474140</id>
<timestamp>2018-01-03T17:24:44Z</timestamp>
<contributor>
<username>Imivorn</username>
<id>64513</id>
</contributor>
<comment>[[Ajuda:Guia de edição/Menus e ferramentas/Sumário de edição|→]] nova página: ={{-mwl-}}= ==Substantivo== {{flex.mwl|ms=madronhal|mp=madronhales}} {{oxítona|ma|dro|nhal|língua=mwl}}, {{...</comment>
<model>wikitext</model>
<format>text/x-wiki</format>
<text bytes="366" xml:space="preserve">={{-mwl-}}=
==Substantivo==
{{flex.mwl|ms=madronhal|mp=madronhales}}
{{oxítona|ma|dro|nhal|língua=mwl}}, {{m}}
# [[medronhal]], campo de [[medronheiro]]s
==Ver também==
===No Wikcionário===
{{verTambém.Ini}}
* [[madronho]]
{{verTambém.NovaColuna}}
* [[madronheiro]]
{{verTambém.Fim}}
[[Categoria:Substantivo (Mirandês)]]
[[Categoria:Botânica (Mirandês)]]</text>
<sha1>nxgdqicrcywk0cky1o2khr1dsapp74q</sha1>
</revision>
</page>
