<page>
<title>madrugar</title>
<ns>0</ns>
<id>273668</id>
<revision>
<id>2617361</id>
<parentid>2372441</parentid>
<timestamp>2021-02-01T03:41:00Z</timestamp>
<contributor>
<username>MarxavBot</username>
<id>80155</id>
</contributor>
<minor />
<comment>AFI Portugal</comment>
<model>wikitext</model>
<format>text/x-wiki</format>
<text bytes="502" xml:space="preserve">={{-pt-}}=
==Verbo==
{{oxítona|ma|dru|gar}}, {{gramática|intran}}
# [[amanhecer]]
# levantar-se muito cedo da [[cama]]
# praticar algum ato antes do [[tempo]] próprio
# [[anteceder]] outrem em qualquer coisa
# manifestar-se muito cedo
#* '''''Madrugaram''' nele os vícios.''
===Conjugação===
{{conj/pt|madru|gar}}
=={{etimologia|pt}}==
: Do [[radical]] do [[latim]] {{etimo|la|maturare}}.
=={{pronúncia|pt}}==
===Portugal===
* AFI: {{AFI|/mɐ.dɾu.ˈɡaɾ/}}
[[Categoria:Verbo (Português)]]</text>
<sha1>ldn80cklgp82dbssr6wh0chtt138u8l</sha1>
</revision>
</page>
