<page>
<title>madrinhas</title>
<ns>0</ns>
<id>405764</id>
<revision>
<id>2657140</id>
<parentid>2533530</parentid>
<timestamp>2022-01-05T18:30:05Z</timestamp>
<contributor>
<username>ValJor</username>
<id>1358</id>
</contributor>
<comment>Melhorando a apresentação do verbete</comment>
<model>wikitext</model>
<format>text/x-wiki</format>
<text bytes="165" xml:space="preserve">={{-pt-}}=
==Substantivo==
{{paroxítona|ma|dri|nhas}}, {{gramática|f|p}}
# plural de [[madrinha]]
{{avi-for-fle|madrinha}}
[[Categoria:Substantivo (Português)]]</text>
<sha1>cbm8k8vxt1hitypecx6vmngzcwzcbvo</sha1>
</revision>
</page>
