<page>
<page>
<title>madrigueira</title>
<ns>0</ns>
<id>368564</id>
<revision>
<id>2413682</id>
<parentid>2372435</parentid>
<timestamp>2017-05-21T11:07:03Z</timestamp>
<contributor>
<username>Cpls</username>
<id>20608</id>
</contributor>
<model>wikitext</model>
<format>text/x-wiki</format>
<text bytes="851" xml:space="preserve">={{-pt-}}=
==Substantivo==
{{flex.pt|ms=madrigueira|mp=madrigueiras}}
{{paroxítona|ma|dri|guei|ra}}, {{g|f}}
# [[buraco]] onde se ocultam os animais, [[toca]]
# {{escopo|pt|figurado}} lugar onde alguém ou algo se [[esconder|esconde]]
===Sinónimo===
* [[madrigoa]]
=={{etimologia|pt}}==
: Aparentado com o latim {{etimo|la|matrix}}.
[[Categoria:Substantivo (Português)]]
={{-gl-}}=
==Substantivo==
{{flex.gl|ms=madrigueira|mp=madrigueiras}}
{{paroxítona|ma|dri|guei|ra|lang=gl}}, {{g|f|lang=gl}}
# [[madrigueira#{{gl}}|madrigueira]], [[toca]]
# {{escopo|gl|figurado}} [[madrigueira#{{gl}}|madrigueira]], lugar onde alguém ou algo se [[esconder|esconde]]
=={{etimologia|gl}}==
: Aparentado com o latim {{etimo|la|matrix}}. Confronte-se com ''[[madriço#{{gl}}|madriço]]'' e ''[[madrigo#{{gl}}|madrigo]]''
[[Categoria:Substantivo (Galego)]]</text>
<sha1>2q21pmnzad65g42q91xlbrw4y606sko</sha1>
</revision>
