<page>
<page>
<title>madrigal</title>
<ns>0</ns>
<id>332897</id>
<revision>
<id>2620894</id>
<parentid>2372434</parentid>
<timestamp>2021-02-01T22:52:44Z</timestamp>
<contributor>
<username>MarxavBot</username>
<id>80155</id>
</contributor>
<minor />
<comment>AFI Portugal</comment>
<model>wikitext</model>
<format>text/x-wiki</format>
<text bytes="459" xml:space="preserve">={{-pt-}}=
==Substantivo==
{{flex.pt|ms=madrigal|mp=madrigais}}
{{oxítona|ma|dri|gal}}, {{m}}
# [[composição]] [[poético|poética]] [[musicado|musicada]] surgida na [[Itália]] típica do [[w:século XVI|século XVI]]
=={{pronúncia|pt}}==
===Portugal===
* AFI: {{AFI|/mɐ.dɾi.ˈɡaɫ/}}
==Ver também==
===No Wikcionário===
{{verTambém.Ini}}
* [[música]]
{{verTambém.Fim}}
[[Categoria:Substantivo (Português)]]
[[Categoria:Música (Português)]]</text>
<sha1>i8x4gaajo8lzkint9xmznlv30wt88uf</sha1>
</revision>
