<page>
<page>
<title>madraçal</title>
<ns>0</ns>
<id>402342</id>
<revision>
<id>2551811</id>
<parentid>2524088</parentid>
<timestamp>2019-08-27T09:43:40Z</timestamp>
<contributor>
<username>ValJor</username>
<id>1358</id>
</contributor>
<comment>Se merece existir, merece existir por inteiro e não como redirecionamento</comment>
<model>wikitext</model>
<format>text/x-wiki</format>
<text bytes="547" xml:space="preserve">={{-pt-}}=
==Substantivo==
{{flex.pt|ms=madraçal|mp=madraçais}}
{{oxítona|ma|dra|çal}}, {{gramática|m}}
# o mesmo que [[madraça]]
==Ligações externas==
* {{Aulete}}
* [http://michaelis.uol.com.br/busca?r=0&amp;f=0&amp;t=0&amp;palavra=madra%C3%A7al “madraçal”], in Trevisan, R. (coord.); Weiszflog, W. (ed.). Michaelis: Moderno Dicionário da Língua Portuguesa. São Paulo: Melhoramentos, 2012 (nova ortografia). ISBN 978-85-06-06953-0
* {{DicioAberto}}
* {{DPLP}}
* {{Infopédia}}
* {{PLP}}
* {{VOLPABL}}
[[Categoria:Substantivo (Português)]]</text>
<sha1>6u72nbtpeu3fza2ziil4rrzweie7wnh</sha1>
</revision>
