<page>
<page>
<title>madrastra</title>
<ns>0</ns>
<id>412229</id>
<revision>
<id>2550397</id>
<timestamp>2019-07-29T00:25:09Z</timestamp>
<contributor>
<username>Qabbin</username>
<id>72262</id>
</contributor>
<comment>[[Ajuda:Guia de edição/Menus e ferramentas/Sumário de edição|→]] nova página: ={{-es-}}= ==Substantivo== # [[madrasta]]  [[Categoria:Substantivo (Espanhol)]] Categoria:Família (Espanho...</comment>
<model>wikitext</model>
<format>text/x-wiki</format>
<text bytes="113" xml:space="preserve">={{-es-}}=
==Substantivo==
# [[madrasta]]
[[Categoria:Substantivo (Espanhol)]]
[[Categoria:Família (Espanhol)]]</text>
<sha1>3sayeil1k2g5aqp1jda3vg7f0crvr03</sha1>
</revision>
