<page>
<page>
<title>madrinas</title>
<ns>0</ns>
<id>387820</id>
<revision>
<id>2469060</id>
<timestamp>2017-12-10T12:00:00Z</timestamp>
<contributor>
<username>Imivorn</username>
<id>64513</id>
</contributor>
<comment>[[Ajuda:Guia de edição/Menus e ferramentas/Sumário de edição|→]] nova página: ={{-mwl-}}= ==Forma de substantivo== {{paroxítona|ma|dri|nas|língua=mwl}} # plural de '''madrina#{{mwl}}|...</comment>
<model>wikitext</model>
<format>text/x-wiki</format>
<text bytes="169" xml:space="preserve">={{-mwl-}}=
==Forma de substantivo==
{{paroxítona|ma|dri|nas|língua=mwl}}
# plural de '''[[madrina#{{mwl}}|madrina]]'''
[[Categoria:Forma de substantivo (Mirandês)]]</text>
<sha1>lcbhcm6zsuam2adn8gonebwdgqbp09q</sha1>
</revision>
