<page>
<page>
<title>madre</title>
<ns>0</ns>
<id>10380</id>
<revision>
<id>2618812</id>
<parentid>2599455</parentid>
<timestamp>2021-02-01T16:58:38Z</timestamp>
<contributor>
<username>MarxavBot</username>
<id>80155</id>
</contributor>
<minor />
<comment>AFI Portugal</comment>
<model>wikitext</model>
<format>text/x-wiki</format>
<text bytes="2441" xml:space="preserve">={{-pt-}}=
==Substantivo==
{{flex.pt|fs=madre|fp=madres}}
{{paroxítona|ma|dre}}, {{gramática|f}}
# {{escopo|pt|Família}} [[mãe]]
# {{escopo|pt|Catolicismo}} [[freira]]
# {{escopo|pt|Geografia}} [[largura]] do [[leito]] de um [[rio]]
# [[molde]] para [[metal|metais]]
# {{escopo|pt|Anatomia}} [[útero]]
# {{escopo|pt|Arquitetura}} [[viga]] que [[apoiar|apoia]] os [[estrado]]s de uma [[ponte]]
# {{escopo|pt|Arquitetura}} viga de [[apoio]] [[intermédio]] de um [[assoalho]]
===Sinônimos===
* De '''1''' (mãe): vide lista de sinônimos em ''[[Wikisaurus:mãe]]''.
=={{etimologia|pt}}==
{{llietimo|la|mater|pt|mater, tris}}
=={{pronúncia|pt}}==
===Portugal===
* AFI: {{AFI|/ˈma.dɾɨ/}}
==Ligações externas==
* {{Aulete}}
* {{Michaelis}}
* {{DicioAberto}}
* {{DPLP}}
* {{Infopédia}}
* {{PLP}}
* {{VOLPABL}}
==Anagramas==
&lt;!-- índice para anagramas: pt: ademr --&gt;
# [[ardem]]
# [[darem]]
# [[dar em]]
# [[deram]]
# [[derma]]
# [[medra]]
# [[merda]]
[[Categoria:Substantivo (Português)]]
={{-es-}}=
==Substantivo==
{{flex.es|ms=padre|mp=padres|fs=madre|fp=madres}}
{{paroxítona|ma|dre}}, {{gramática|f}}
# {{escopo|es|Família}} [[mãe]]
# {{escopo|es|Anatomia}} [[útero]]
# {{escopo|es|Catolicismo}} [[freira]]
# {{escopo|es|Figurado}} [[origem]]
===Expressões===
* '''[[ciento y la madre]]:''' {{escopoClasseMorfo|locução substantiva}} muita gente.
* '''[[salir de madre]]:''' {{escopoClasseMorfo|expressão}} inundar (de um rio).
==Ver também==
===No Wikcionário===
{{quadroParental.es}}
[[Categoria:Substantivo (Espanhol)]]
={{-fil-}}=
==Substantivo==
'''madre'''
# [[freira]]
[[Categoria:Substantivo (Filipino)]]
={{-it-}}=
==Substantivo==
'''madre'''
# {{escopo|it|Família}} [[mãe]]
[[Categoria:Substantivo (Italiano)]]
={{-lfn-}}=
==Substantivo==
{{flex.lfn|madre|madres}}
'''madre'''
# {{escopo|lfn|Família}} [[mãe#Português|mãe]]
==={{-varort-}}===
* '''Alfabeto cirílico''': {{l.s.|мадре|{{lfn}}}}
===Verbetes derivados===
{{verTambém.Ini}}
* {{link opcional|madral|lfn}}
* {{link opcional|madre de batiza|lfn}}
* {{link opcional|madre futur|lfn}}
{{verTambém.NovaColuna}}
* {{link opcional|madre par lege|lfn}}
* {{link opcional|madre par sposi|lfn}}
* {{link opcional|madre sin sposo|lfn}}
{{verTambém.NovaColuna}}
* {{link opcional|madria|lfn}}
* {{link opcional|madrin|lfn}}
* {{link opcional|madron|lfn}}
{{verTambém.Fim}}
[[Categoria:Substantivo (Língua Franca Nova)]]</text>
<sha1>lxxxwly4drytwzeflzt17210eq8ct59</sha1>
</revision>
