<page>
<page>
<title>madriz</title>
<ns>0</ns>
<id>243707</id>
<revision>
<id>2372438</id>
<parentid>2257608</parentid>
<timestamp>2017-05-04T14:39:58Z</timestamp>
<contributor>
<username>HydrizBot</username>
<id>29590</id>
</contributor>
<minor />
<comment>Robô: A limpar links interwikis antigos</comment>
<model>wikitext</model>
<format>text/x-wiki</format>
<text bytes="1070" xml:space="preserve">={{-pt-}}=
==Substantivo==
{{flex.pt|fs=madriz|fp=madrizes}}
{{oxítona|ma|driz}}, {{f}}
# [[caminho]] sobre a [[maracha]] das [[salina]]s, do lado oposto à [[pervinca]], e pelo qual se leva o [[sal]] para a [[eira]]
[[Categoria:Substantivo (Português)]]
={{-ast-}}=
==Substantivo==
{{flex.ast|fs=madriz|fp=madrizes}}
{{oxítona|ma|driz|lang=ast}}, {{f}}
# [[sanja]] em terrenos úmidos para evacuar água
# [[rego]] de condução da água para a rega desde um [[canal]] principal
=={{etimologia|ast}}==
{{llietimo|la|matrix|gl}}
[[Categoria:Substantivo (Asturiano)]]
={{-gl-}}=
==Adjetivo==
{{flex.gl|s=madriz|p=madrizes}}
{{oxítona|ma|driz|lang=gl}}, {{c2g}}
# [[matriz]], principal ou primordial na geração desde o feminino
==Substantivo==
{{flex.gl|fs=madriz|fp=madrizes}}
{{oxítona|ma|driz|lang=gl}}, {{f}}
# [[carreiro]], senda estreita entre culturas, [[sulco]] entre [[seminário]]s
=={{etimologia|gl}}==
{{llietimo|la|matrix|gl}} Confronte-se com ''[[madrigo#Galego|madrigo]]''.
[[Categoria:Adjetivo (Galego)]]
[[Categoria:Substantivo (Galego)]]</text>
<sha1>fjxva77hkxze5omxjd5j1aokpa3wrsv</sha1>
</revision>
