<page>
<page>
<title>madrugada</title>
<ns>0</ns>
<id>65721</id>
<revision>
<id>2644604</id>
<parentid>2644333</parentid>
<timestamp>2021-08-06T17:07:13Z</timestamp>
<contributor>
<username>MIL973</username>
<id>41339</id>
</contributor>
<comment>Conforme apontação do usuário Valdir.</comment>
<model>wikitext</model>
<format>text/x-wiki</format>
<text bytes="1235" xml:space="preserve">{{Wikipédia}}
{{Wikipédia|lang=es}}
={{-pt-}}=
==Substantivo==
{{flex.pt|fs=madrugada|fp=madrugadas}}
{{paroxítona|ma|dru|ga|da}}, {{gramática|f}}
# {{escopo|pt|Tempo}} [[período]] do [[dia]], desde a [[meia-noite]] até às [[seis]] [[hora]]s da [[manhã]]
===Tradução===
{{tradini}}
* {{trad|sq|agim}}
* {{t|de|Morgenfrühe|f}}, {{xlatio|de|Tagesanbruch|''m.''}}, {{xlatio|de|Morgendämmerung|''m.''}}, {{xlatio|de|Morgengrauen|''n.''}}
* {{t|es|madrugada|f}}
* {{trad|fr|avant-midi|petit matin}}
* {{trad|en|dawn|wee hours}}
{{tradmeio}}
* {{t|it|aurora|f}}
* {{trad|nap|arba}}
* {{trad|scn|arba}}
* {{trad|tet|rai-mutin|rai-naroma}}
{{tradfim}}
==Ver também==
===No Wikcionário===
* [[amanhecer]]
====Wikisaurus====
* [[Wikisaurus:tempo|tempo]]
{{períodos do dia/pt}}
==Ligações externas==
* {{Aulete}}
* {{Michaelis}}
* {{DicioAberto}}
* {{DPLP}}
* {{Infopédia}}
* {{PLP}}
* {{VOLPABL}}
[[Categoria:Substantivo (Português)]]
={{-es-}}=
==Substantivo==
{{flex.es|fs=madrugada|fp=madrugadas}}
{{paroxítona|ma|dru|ga|da|lang=es}}, {{gramática|f|lang=es}}
# {{escopo|es|Tempo}} [[madrugada#{{pt}}|madrugada]]
==Ver também==
===No Wikcionário===
{{períodos do dia/es}}
[[Categoria:Substantivo (Espanhol)]]</text>
<sha1>2tnwd0t0i2ep4es3xp1ilviuiyetynk</sha1>
</revision>
