<page>
<page>
<title>Madryt</title>
<ns>0</ns>
<id>423088</id>
<revision>
<id>2586466</id>
<parentid>2585710</parentid>
<timestamp>2020-04-25T15:53:48Z</timestamp>
<contributor>
<username>Amigo7</username>
<id>58547</id>
</contributor>
<comment>Corrigindo categoria: oxítona --&gt; paroxítona</comment>
<model>wikitext</model>
<format>text/x-wiki</format>
<text bytes="233" xml:space="preserve">{{Wikipédia|lang=pl}}
={{-pl-}}=
==Substantivo==
{{paroxítona|Ma|dryt|lang=pl}}, {{gramática|m}} {{gramática|ina|pr}}
# {{escopo|pl|Capital}} [[Madrid]], capital e a maior cidade da Espanha
[[Categoria:Substantivo (Polonês)]]</text>
<sha1>7utjj9p3z3x2lstip8nvmiw52lz2nrz</sha1>
</revision>
