<page>
<title>madrinha</title>
<ns>0</ns>
<id>34740</id>
<revision>
<id>2619576</id>
<parentid>2604376</parentid>
<timestamp>2021-02-01T19:07:47Z</timestamp>
<contributor>
<username>MarxavBot</username>
<id>80155</id>
</contributor>
<minor />
<comment>AFI Portugal</comment>
<model>wikitext</model>
<format>text/x-wiki</format>
<text bytes="2064" xml:space="preserve">={{-pt-}}=
==Substantivo==
{{paroxítona|ma|dri|nha}}, {{gramática|f}}
# [[mulher]] que apresenta alguém (geralmente [[criança]]) para ser batizado ou crismado com o compromisso implícito de, na ausência dos pais, provê-lo de tudo quanto lhe seja necessário; [[dinda]], [[dindinha]]
# em [[casamento]] religioso ou civil, [[mulher]] escolhida por um dos [[noivo]]s ou pelo [[casal]] para acompanhar, [[testemunhar]] e/ou [[abençoar]] a união; [[testemunha]]
# (Derivação: por extensão de sentido) [[mulher]] que ajuda ou protege uma pessoa, especialmente no sentido de introduzi-la em certos meios
# (Derivação: por extensão de sentido) [[mulher]] que preside o lançamento de um novo empreendimento, que é chamada para [[inaugurar]] ou [[nomear]] algo
# (Derivação: por extensão de sentido) [[mulher]] escolhida para representar o espírito e os valores de uma entidade, de uma corporação
# {{escopo|pt|Nordeste|regionalismo}} o mesmo que [[madrasta]] (''mulher em relação aos filhos anteriores'')
# {{escopo|pt|Brasil|regionalismo}} [[égua]] ou [[mula]] que caminha à frente da tropa, conduzindo-a, frequentemente com sinos ou chocalhos ao pescoço; [[égua madrinha]]
# {{escopo|pt|Bahia|regionalismo|religião}} [[mãe-de-santo]] nos [[candomblé]]s de caboclo
===Expressões===
* '''[[madrinha de apresentação]]''': 
* '''[[madrinha de carregação]]''': 
* '''[[madrinha de guerra]]''': 
===Tradução===
{{tradini}}
* {{trad|en|godmother}}
* {{trad|mwl|madrina}}
{{tradmeio}}
* {{trad|mwl|gudmor|gudmoder}}
{{tradfim}}
=={{etimologia|pt}}==
: Do [[latim popular]] ''matrína'' diminutivo  do {{etm|la|pt}} {{etimo|la|mater}}, ''máter, tris'' (''madre, mãe''), vocábulo comum às línguas românicas.
=={{pronúncia|pt}}==
===Portugal===
* AFI: {{AFI|/mɐ.ˈdɾi.ɲɐ/}}
==Ver também==
===No Wikcionário===
* [[padrinho]]
==Ligações externas==
* {{Aulete}}
* {{Michaelis}}
* {{DicioAberto}}
* {{DPLP}}
* {{Infopédia}}
* {{PLP}}
* {{VOLPABL}}
[[Categoria:Substantivo (Português)]]
[[Categoria:Família (Português)]]</text>
<sha1>27t8znrurla4etqjgoar6yv3o7kyp13</sha1>
</revision>
</page>
