<page>
<page>
<title>madurarias</title>
<ns>0</ns>
<id>200862</id>
<revision>
<id>2372463</id>
<parentid>2129323</parentid>
<timestamp>2017-05-04T14:41:15Z</timestamp>
<contributor>
<username>HydrizBot</username>
<id>29590</id>
</contributor>
<minor />
<comment>Robô: A limpar links interwikis antigos</comment>
<model>wikitext</model>
<format>text/x-wiki</format>
<text bytes="176" xml:space="preserve">={{-pt-}}=
==Forma verbal==
'''madurarias'''
#[[segunda pessoa]] do [[singular]] do [[futuro do pretérito]] do verbo '''[[madurar]]'''
[[Categoria:Forma verbal (Português)]]</text>
<sha1>km0fzic9s09sd9okhbou79uakrj53pq</sha1>
</revision>
