<page>
<page>
<title>madurareis</title>
<ns>0</ns>
<id>189921</id>
<revision>
<id>2372457</id>
<parentid>2019107</parentid>
<timestamp>2017-05-04T14:41:02Z</timestamp>
<contributor>
<username>HydrizBot</username>
<id>29590</id>
</contributor>
<minor />
<comment>Robô: A limpar links interwikis antigos</comment>
<model>wikitext</model>
<format>text/x-wiki</format>
<text bytes="172" xml:space="preserve">={{-pt-}}=
==Forma verbal==
'''madurareis'''
#[[segunda pessoa]] do [[plural]] do [[futuro do presente]] do verbo '''[[madurar]]'''
[[Categoria:Forma verbal (Português)]]</text>
<sha1>sby3rjuljvv2ihhmd3s3ul5kt7kpltn</sha1>
</revision>
