<page>
<page>
<title>madurarem</title>
<ns>0</ns>
<id>212194</id>
<revision>
<id>2372458</id>
<parentid>2129326</parentid>
<timestamp>2017-05-04T14:41:04Z</timestamp>
<contributor>
<username>HydrizBot</username>
<id>29590</id>
</contributor>
<minor />
<comment>Robô: A limpar links interwikis antigos</comment>
<model>wikitext</model>
<format>text/x-wiki</format>
<text bytes="271" xml:space="preserve">={{-pt-}}=
==Forma verbal==
'''madurarem'''
#[[terceira pessoa]] do [[plural]] do [[futuro]] do [[modo subjuntivo]] do verbo '''[[madurar]]'''
#[[infinitivo pessoal]] da [[terceira pessoa]] do [[plural]] do verbo '''[[madurar]]'''
[[Categoria:Forma verbal (Português)]]</text>
<sha1>l3d8ye4pxy6cs2o5menxswdmwbjyojn</sha1>
</revision>
