<page>
<title>maduni</title>
<ns>0</ns>
<id>233371</id>
<revision>
<id>2372444</id>
<parentid>2204999</parentid>
<timestamp>2017-05-04T14:40:23Z</timestamp>
<contributor>
<username>HydrizBot</username>
<id>29590</id>
</contributor>
<minor />
<comment>Robô: A limpar links interwikis antigos</comment>
<model>wikitext</model>
<format>text/x-wiki</format>
<text bytes="182" xml:space="preserve">={{-scn-}}=
==Substantivo==
'''maduni'''
# [[tijolo]] (paralelepípedo de barro moldado e cozido)
{{página-automática|Maio|2010|tijolo|scn}}
[[Categoria:Substantivo (Siciliano)]]</text>
<sha1>81l7yk1lq4sfutlhdlngpqch1lh5nlc</sha1>
</revision>
</page>
