<page>
<page>
<title>madurarmos</title>
<ns>0</ns>
<id>209388</id>
<revision>
<id>2372464</id>
<parentid>2129322</parentid>
<timestamp>2017-05-04T14:41:17Z</timestamp>
<contributor>
<username>HydrizBot</username>
<id>29590</id>
</contributor>
<minor />
<comment>Robô: A limpar links interwikis antigos</comment>
<model>wikitext</model>
<format>text/x-wiki</format>
<text bytes="272" xml:space="preserve">={{-pt-}}=
==Forma verbal==
'''madurarmos'''
#[[primeira pessoa]] do [[plural]] do [[futuro]] do [[modo subjuntivo]] do verbo '''[[madurar]]'''
#[[infinitivo pessoal]] da [[primeira pessoa]] do [[plural]] do verbo '''[[madurar]]'''
[[Categoria:Forma verbal (Português)]]</text>
<sha1>itkptctphm5rwmft8a87a90cwmn3dwx</sha1>
</revision>
