<page>
<page>
<title>madu</title>
<ns>0</ns>
<id>109961</id>
<revision>
<id>2372442</id>
<parentid>2180547</parentid>
<timestamp>2017-05-04T14:40:16Z</timestamp>
<contributor>
<username>HydrizBot</username>
<id>29590</id>
</contributor>
<minor />
<comment>Robô: A limpar links interwikis antigos</comment>
<model>wikitext</model>
<format>text/x-wiki</format>
<text bytes="544" xml:space="preserve">={{-id-}}=
==Substantivo==
'''ma.du''' 
:# {{escopo|Alimentação}} [[mel]]
Ver também
* [[asam]]
* [[ara]]
* [[bayam]]
* [[blumkol]]
* [[buah]]
* [[dadar]]
* [[gula]]
* [[ikan]]
* [[jambu]]
* [[jamur]]
* [[jeruk]]
* [[jeruk asam]]
* [[jeruk manis]]
* [[keju]]
* [[kentang]]
* [[kol]]
* [[kubis]]
* [[kroket]]
* [[kurma]]
* [[mangga]]
* [[manisan]]
* [[mentega]]
* [[nenas]]
* [[polong]]
* [[sepek]]
* [[susu]]
* [[telur]]
* [[tepung]]
* [[ubi]]
* [[walua]]
[[Categoria:Substantivo (Indonésio)]]
[[Categoria:Alimentação (Indonésio)]]</text>
<sha1>7x6x01kflv4p3es2f34tv6a5h5sgovd</sha1>
</revision>
