<page>
<title>maduixa</title>
<ns>0</ns>
<id>147479</id>
<revision>
<id>2372443</id>
<parentid>2246138</parentid>
<timestamp>2017-05-04T14:40:21Z</timestamp>
<contributor>
<username>HydrizBot</username>
<id>29590</id>
</contributor>
<minor />
<comment>Robô: A limpar links interwikis antigos</comment>
<model>wikitext</model>
<format>text/x-wiki</format>
<text bytes="168" xml:space="preserve">={{-ca-}}=
{{Wikipédia|lang=ca}}
==Substantivo==
'''maduixa''' {{f}}
#{{escopo|fruto}} [[morango]]
[[Categoria:Substantivo (Catalão)]]
[[Categoria:Fruta (Catalão)]]</text>
<sha1>3iwuled4xt6bg8mgufoa8lbvicnjr56</sha1>
</revision>
</page>
