<page>
<page>
<title>madura</title>
<ns>0</ns>
<id>15016</id>
<revision>
<id>2372445</id>
<parentid>2036311</parentid>
<timestamp>2017-05-04T14:40:26Z</timestamp>
<contributor>
<username>HydrizBot</username>
<id>29590</id>
</contributor>
<minor />
<comment>Robô: A limpar links interwikis antigos</comment>
<model>wikitext</model>
<format>text/x-wiki</format>
<text bytes="1142" xml:space="preserve">={{-pt-}}=
==Substantivo==
{{flex.pt|fs=madura|fp=maduras}}
{{paroxítona|ma|du|ra}}, {{f}}
# [[doença]] que ataca os [[pé]]s
===Sinônimos===
{{verTambém.Ini}}
* {{escopo|Popular}} [[mal de madura]] 
{{verTambém.NovaColuna}}
* {{escopo|Designação médica}} [[micetoma]]
{{verTambém.NovaColuna}}
* {{escopo|Popular}} [[pé de madura]]
{{verTambém.Fim}}
==Forma de adjetivo==
{{paroxítona|ma|du|ra}}, {{f}}
# feminino de [[maduro]]
{{avi-for-fle|maduro}}
==Forma verbal==
{{paroxítona|ma|du|ra}}
# terceira pessoa do singular do presente do indicativo do verbo [[madurar]]
# segunda pessoa do singular do imperativo afirmativo do verbo madurar
{{avi-for-fle|madurar}}
==Anagramas==
# [[mudara]]
# [[mudará]]
# [[murada]]
[[Categoria:Substantivo (Português)]]
[[Categoria:Forma de adjetivo (Português)]]
[[Categoria:Forma verbal (Português)]]
={{-kea-}}=
==Verbo==
'''madura'''
# [[amadurecer]]
[[Categoria:Verbo (Cabo-verdiano)]]
={{-es-}}=
==Forma de adjetivo==
{{paroxítona|ma|du|ra|lang=es}}, {{f}}
# feminino de [[maduro#{{es}}|maduro]]
{{avi-for-fle|maduro|lang=es}}
[[Categoria:Forma de adjetivo (Espanhol)]]</text>
<sha1>66yph56d7gjyi4d4jgo8j56xj00bk8i</sha1>
</revision>
