<page>
<title>maduraras</title>
<ns>0</ns>
<id>179525</id>
<revision>
<id>2372454</id>
<parentid>2019092</parentid>
<timestamp>2017-05-04T14:40:55Z</timestamp>
<contributor>
<username>HydrizBot</username>
<id>29590</id>
</contributor>
<minor />
<comment>Robô: A limpar links interwikis antigos</comment>
<model>wikitext</model>
<format>text/x-wiki</format>
<text bytes="183" xml:space="preserve">={{-pt-}}=
==Forma verbal==
'''maduraras'''
#[[segunda pessoa]] do [[singular]] do [[pretérito mais-que-perfeito]] do verbo '''[[madurar]]'''
[[Categoria:Forma verbal (Português)]]</text>
<sha1>jcdz9y8e8smjreqchva9j67l1s77vwt</sha1>
</revision>
</page>
