<page>
<page>
<title>madurai</title>
<ns>0</ns>
<id>220826</id>
<revision>
<id>2372446</id>
<parentid>2129295</parentid>
<timestamp>2017-05-04T14:40:29Z</timestamp>
<contributor>
<username>HydrizBot</username>
<id>29590</id>
</contributor>
<minor />
<comment>Robô: A limpar links interwikis antigos</comment>
<model>wikitext</model>
<format>text/x-wiki</format>
<text bytes="176" xml:space="preserve">={{-pt-}}=
==Forma verbal==
'''madurai'''
#[[segunda pessoa]] do [[plural]] do [[imperativo]] [[afirmativo]] do verbo '''[[madurar]]'''
[[Categoria:Forma verbal (Português)]]</text>
<sha1>m9a46l7m3iyaaf082zihydxwl1p5jqm</sha1>
</revision>
