<page>
<title>maduramos</title>
<ns>0</ns>
<id>158087</id>
<revision>
<id>2493502</id>
<parentid>2372449</parentid>
<timestamp>2018-04-05T12:56:52Z</timestamp>
<contributor>
<username>ValJor</username>
<id>1358</id>
</contributor>
<comment>Acrescentando a predefinição avi-for-fle</comment>
<model>wikitext</model>
<format>text/x-wiki</format>
<text bytes="323" xml:space="preserve">={{-pt-}}=
==Forma verbal==
{{paroxítona|ma|du|ra|mos}}
# primeira pessoa do plural do presente do modo indicativo do verbo [[madurar]]
# {{escopo2|grafia brasileira}} primeira pessoa do plural do pretérito perfeito do modo indicativo do verbo [[madurar]]
{{avi-for-fle|madurar}}
[[Categoria:Forma verbal (Português)]]</text>
<sha1>coe42ave3wg0dvdcdmskaulryk3zlny</sha1>
</revision>
</page>
