<page>
<title>madurardes</title>
<ns>0</ns>
<id>210852</id>
<revision>
<id>2372455</id>
<parentid>2129329</parentid>
<timestamp>2017-05-04T14:40:57Z</timestamp>
<contributor>
<username>HydrizBot</username>
<id>29590</id>
</contributor>
<minor />
<comment>Robô: A limpar links interwikis antigos</comment>
<model>wikitext</model>
<format>text/x-wiki</format>
<text bytes="270" xml:space="preserve">={{-pt-}}=
==Forma verbal==
'''madurardes'''
#[[segunda pessoa]] do [[plural]] do [[futuro]] do [[modo subjuntivo]] do verbo '''[[madurar]]'''
#[[infinitivo pessoal]] da [[segunda pessoa]] do [[plural]] do verbo '''[[madurar]]'''
[[Categoria:Forma verbal (Português)]]</text>
<sha1>tdyyhaik3zjceeongh7gpgrdzanzbxa</sha1>
</revision>
</page>
