<page>
<page>
<title>madurar</title>
<ns>0</ns>
<id>67003</id>
<revision>
<id>2372451</id>
<parentid>1955971</parentid>
<timestamp>2017-05-04T14:40:46Z</timestamp>
<contributor>
<username>HydrizBot</username>
<id>29590</id>
</contributor>
<minor />
<comment>Robô: A limpar links interwikis antigos</comment>
<model>wikitext</model>
<format>text/x-wiki</format>
<text bytes="273" xml:space="preserve">={{-pt-}}=
==Verbo==
{{oxítona|ma|du|rar}}, ''transitivo'' e ''transitivo''
# [[tornar]] ou tornar-se [[maduro]]
#* ''Essa fruta já está quase '''madurando'''.''
===Conjugação===
{{conj/pt|madur|ar}}
===Sinônimo===
* [[amadurecer]]
[[Categoria:Verbo (Português)]]</text>
<sha1>mgm7zkrr6mmdh2nte63fte9e5c3n9i7</sha1>
</revision>
