<page>
<title>maduraram</title>
<ns>0</ns>
<id>176566</id>
<revision>
<id>2372453</id>
<parentid>2129330</parentid>
<timestamp>2017-05-04T14:40:53Z</timestamp>
<contributor>
<username>HydrizBot</username>
<id>29590</id>
</contributor>
<minor />
<comment>Robô: A limpar links interwikis antigos</comment>
<model>wikitext</model>
<format>text/x-wiki</format>
<text bytes="195" xml:space="preserve">={{-pt-}}=
==Forma verbal==
'''maduraram'''
#[[terceira pessoa]] do [[plural]] do [[pretérito perfeito]] do [[modo indicativo]] do verbo '''[[madurar]]'''
[[Categoria:Forma verbal (Português)]]</text>
<sha1>0j1u7wizp2mfwy16u5trkuf0ix38uvi</sha1>
</revision>
</page>
