<page>
<page>
<title>madurariam</title>
<ns>0</ns>
<id>196571</id>
<revision>
<id>2372462</id>
<parentid>2129324</parentid>
<timestamp>2017-05-04T14:41:13Z</timestamp>
<contributor>
<username>HydrizBot</username>
<id>29590</id>
</contributor>
<minor />
<comment>Robô: A limpar links interwikis antigos</comment>
<model>wikitext</model>
<format>text/x-wiki</format>
<text bytes="175" xml:space="preserve">={{-pt-}}=
==Forma verbal==
'''madurariam'''
#[[terceira pessoa]] do [[plural]] do [[futuro do pretérito]] do verbo '''[[madurar]]'''
[[Categoria:Forma verbal (Português)]]</text>
<sha1>nm2dbhnz2fjisj9esgeial1c5xhrghe</sha1>
</revision>
