<page>
<title>maduram</title>
<ns>0</ns>
<id>161061</id>
<revision>
<id>2372448</id>
<parentid>2129293</parentid>
<timestamp>2017-05-04T14:40:33Z</timestamp>
<contributor>
<username>HydrizBot</username>
<id>29590</id>
</contributor>
<minor />
<comment>Robô: A limpar links interwikis antigos</comment>
<model>wikitext</model>
<format>text/x-wiki</format>
<text bytes="182" xml:space="preserve">={{-pt-}}=
==Forma verbal==
'''maduram'''
#[[terceira pessoa]] do [[plural]] do [[presente]] do [[modo indicativo]] do verbo '''[[madurar]]'''
[[Categoria:Forma verbal (Português)]]</text>
<sha1>dx1mleix8utmh15am8xr6gvj02wlak9</sha1>
</revision>
</page>
