<page>
<page>
<title>madurarei</title>
<ns>0</ns>
<id>184201</id>
<revision>
<id>2372456</id>
<parentid>2129327</parentid>
<timestamp>2017-05-04T14:40:59Z</timestamp>
<contributor>
<username>HydrizBot</username>
<id>29590</id>
</contributor>
<minor />
<comment>Robô: A limpar links interwikis antigos</comment>
<model>wikitext</model>
<format>text/x-wiki</format>
<text bytes="174" xml:space="preserve">={{-pt-}}=
==Forma verbal==
'''madurarei'''
#[[primeira pessoa]] do [[singular]] do [[futuro do presente]] do verbo '''[[madurar]]'''
[[Categoria:Forma verbal (Português)]]</text>
<sha1>n4w57dh5ccg1uynudpff42erj1hxh8h</sha1>
</revision>
