<page>
<title>Y</title>
<ns>0</ns>
<id>5282</id>
<revision>
<id>2680015</id>
<parentid>2282601</parentid>
<timestamp>2022-06-13T02:21:48Z</timestamp>
<contributor>
<username>Wilhelm Seifer</username>
<id>85860</id>
</contributor>
<model>wikitext</model>
<format>text/x-wiki</format>
<text bytes="229" xml:space="preserve">{{caracteres info|hex=0059|nome=LATIN CAPITAL LETTER Y|anterior=X|próximo=Z}}
{{SimbQuim|ítrio}}
'''Y''', '''y'''
# a vigésima quinta [[letra]] do alfabeto latino
{{Alfabeto Latino}}
[[Categoria:Sistema de escrita latino]]</text>
<sha1>fo2b1o0e4dlrhinaoyu3h0pbhb47lex</sha1>
</revision>
</page>
