<page>
<page>
<title>ya</title>
<ns>0</ns>
<id>166050</id>
<revision>
<id>2501251</id>
<parentid>2474094</parentid>
<timestamp>2018-05-07T07:55:12Z</timestamp>
<contributor>
<username>Askekamo</username>
<id>60711</id>
</contributor>
<model>wikitext</model>
<format>text/x-wiki</format>
<text bytes="1032" xml:space="preserve">={{-pt-}}=
==Advérbio==
'''''ya'''''
# {{escopo|pt|estrangeirismo}} ver [[iá]]
[[Categoria:Advérbio (Português)]]
={{-es-}}=
==Advérbio==
'''ya'''
# [[já]]
#: ''Púlsalo '''ya'''!'' (Pressione isto '''já'''!)
===Sinônimos===
* [[ahora]]
* [[ahora mismo]]
=={{etimologia|es}}==
{{llietimo|la|iam|es}}
=={{pronúncia|es}}==
* AFI: {{AFI|/ʝa/|lang=es}}
[[Categoria:Advérbio (Espanhol)]]
={{-en-}}=
==Pronome==
'''ya'''
# [[cê]], [[ocê]]
[[Categoria:Pronome (Inglês)]]
={{-ja-}}=
==Transliteração==
# transliteração de [[や]]
[[Categoria:Transliteração (Japonês)]]
[[af:ya]]
[[ar:ya]]
[[az:ya]]
[[br:ya]]
[[ca:ya]]
[[chr:ya]]
[[cs:ya]]
[[de:ya]]
[[el:ya]]
[[en:ya]]
[[es:ya]]
[[et:ya]]
[[fi:ya]]
[[fj:ya]]
[[fo:ya]]
[[fr:ya]]
[[hu:ya]]
[[ia:ya]]
[[id:ya]]
[[io:ya]]
[[it:ya]]
[[ja:ya]]
[[ko:ya]]
[[ku:ya]]
[[lb:ya]]
[[lt:ya]]
[[mg:ya]]
[[mn:ya]]
[[ms:ya]]
[[nah:ya]]
[[nl:ya]]
[[no:ya]]
[[pl:ya]]
[[ru:ya]]
[[simple:ya]]
[[st:ya]]
[[sv:ya]]
[[th:ya]]
[[tr:ya]]
[[uz:ya]]
[[vi:ya]]
[[vo:ya]]
[[zh:ya]]</text>
<sha1>mr6mwh9949jkfkcxxhvbhuhc9w5320f</sha1>
</revision>
