<page>
<page>
<title>yacht</title>
<ns>0</ns>
<id>332818</id>
<revision>
<id>2240620</id>
<parentid>2204643</parentid>
<timestamp>2017-02-18T15:00:15Z</timestamp>
<contributor>
<username>UT-interwiki-Bot</username>
<id>56129</id>
</contributor>
<minor />
<comment>Robô: A adicionar: [[no:yacht]]</comment>
<model>wikitext</model>
<format>text/x-wiki</format>
<text bytes="754" xml:space="preserve">={{-pt-}}=
==Substantivo==
{{flex.pt|ms=yacht|mp=yachts}}
''{{oxítona|yacht}}'', {{gramática|m}}
# {{escopo|pt|estrangeirismo}} [[iate]]
[[Categoria:Substantivo (Português)]]
={{-en-}}=
==Substantivo==
{{flex.en|s=yacht|p=yachts}}
'''yacht'''
# {{escopo|en|Náutica}} [[iate]]
[[Categoria:Substantivo (Inglês)]]
[[ar:yacht]]
[[chr:yacht]]
[[cs:yacht]]
[[de:yacht]]
[[el:yacht]]
[[en:yacht]]
[[eo:yacht]]
[[es:yacht]]
[[et:yacht]]
[[fi:yacht]]
[[fr:yacht]]
[[gl:yacht]]
[[hu:yacht]]
[[hy:yacht]]
[[io:yacht]]
[[it:yacht]]
[[ko:yacht]]
[[ku:yacht]]
[[mg:yacht]]
[[ml:yacht]]
[[my:yacht]]
[[no:yacht]]
[[pl:yacht]]
[[ru:yacht]]
[[simple:yacht]]
[[sv:yacht]]
[[ta:yacht]]
[[te:yacht]]
[[th:yacht]]
[[tr:yacht]]
[[uz:yacht]]
[[vi:yacht]]
[[zh:yacht]]</text>
<sha1>phi47hu7py8wzaqhrwdyvu1f3jb0yqc</sha1>
</revision>
