<page>
<title>yachu</title>
<ns>0</ns>
<id>325345</id>
<revision>
<id>1828972</id>
<timestamp>2014-05-31T20:12:28Z</timestamp>
<contributor>
<username>Castelobranco</username>
<id>8424</id>
</contributor>
<comment>+1</comment>
<model>wikitext</model>
<format>text/x-wiki</format>
<text bytes="252" xml:space="preserve">={{-cod-}}=
==Verbo==
'''{{grifar|ya}}.chu'''
# [[chorar]]&lt;ref group=&quot;cod&quot;&gt;FAUST, 2008, p.160&lt;/ref&gt;
===Notas===
&lt;references group=&quot;cod&quot; /&gt;
===Referências===
{{verTambém.Ini}}
{{Faust2008}}
{{verTambém.Fim}}
{{categorias|{{cod}}|Verbo|Dissílabo}}</text>
<sha1>57mtt46vfnxrjazq3rz1th4wl4r09gb</sha1>
</revision>
</page>
