<page>
<title>yachting</title>
<ns>0</ns>
<id>314023</id>
<revision>
<id>2224296</id>
<parentid>2224293</parentid>
<timestamp>2017-01-17T04:16:41Z</timestamp>
<contributor>
<username>Jéssica S. Ciqueira</username>
<id>53180</id>
</contributor>
<model>wikitext</model>
<format>text/x-wiki</format>
<text bytes="603" xml:space="preserve">{{Wikipédia|lang=en}}
={{-pt-}}=
==Substantivo==
'''''yachting''''', {{gramática|m}}
# {{escopo|pt|estrangeirismo|Desporto}} [[iatismo]]
[[Categoria:Substantivo (Português)]]
={{-en-}}=
==Substantivo==
'''yachting'''
# {{escopo|en|Desporto}} [[vela]] (desporto náutico)
[[Categoria:Substantivo (Inglês)]]
[[de:yachting]]
[[el:yachting]]
[[en:yachting]]
[[et:yachting]]
[[fr:yachting]]
[[hu:yachting]]
[[io:yachting]]
[[it:yachting]]
[[ko:yachting]]
[[my:yachting]]
[[pl:yachting]]
[[ru:yachting]]
[[sv:yachting]]
[[ta:yachting]]
[[th:yachting]]
[[uz:yachting]]
[[vi:yachting]]
[[zh:yachting]]</text>
<sha1>a729askh280vcimcbezgxy7d6oyc8ha</sha1>
</revision>
</page>
