<page>
<page>
<title>yagurte</title>
<ns>0</ns>
<id>386837</id>
<revision>
<id>2466223</id>
<parentid>2466215</parentid>
<timestamp>2017-12-02T18:40:25Z</timestamp>
<contributor>
<username>Imivorn</username>
<id>64513</id>
</contributor>
<model>wikitext</model>
<format>text/x-wiki</format>
<text bytes="314" xml:space="preserve">={{-mwl-}}=
==Substantivo==
{{flex.mwl|ms=yagurte|mp=yagurtes}}
{{paroxítona|ya|gur|te|língua=mwl}}, {{m}}
# {{escopo|mwl|alimentação}} [[iogurte]]
==Sinónimo==
* [[yougurte]]
==Ver também==
===No Wikcionário===
{{verTambém.Ini}}
* [[yagurteira]]
{{verTambém.Fim}}
[[Categoria:Substantivo (Mirandês)]]</text>
<sha1>6w3541tpt14pkyfme03450c2vtxa2xy</sha1>
</revision>
