<page>
<title>yagurtes</title>
<ns>0</ns>
<id>386838</id>
<revision>
<id>2466226</id>
<parentid>2466211</parentid>
<timestamp>2017-12-02T18:44:13Z</timestamp>
<contributor>
<username>Imivorn</username>
<id>64513</id>
</contributor>
<model>wikitext</model>
<format>text/x-wiki</format>
<text bytes="160" xml:space="preserve">={{-mwl-}}=
==Forma de substantivo==
{{paroxítona|ya|gur|tes|língua=mwl}}, {{m}}
# plural de '''[[yagurte]]'''
[[Categoria:Forma de substantivo (Mirandês)]]</text>
<sha1>0qqlw6m3jwvyl1kbfb1lned6g2mre86</sha1>
</revision>
</page>
