<page>
<title>yaguaru</title>
<ns>0</ns>
<id>227741</id>
<revision>
<id>2627660</id>
<parentid>2207217</parentid>
<timestamp>2021-03-26T17:42:24Z</timestamp>
<contributor>
<username>ValJor</username>
<id>1358</id>
</contributor>
<comment>Confirmando [[:Categoria:!Entrada criada por robô|verbete criado por robô]]</comment>
<model>wikitext</model>
<format>text/x-wiki</format>
<text bytes="320" xml:space="preserve">{{Wikipédia|lang=gn|jaguaru}}
[[Imagem:Canis lupus 265b.jpg|thumb|right|250px|{{centro|Lobo}}]]
={{-gn-}}=
==Substantivo==
'''yaguaru'''
# [[lobo]] (mamífero carnívoro)
==={{-varort-}}===
* [[jaguaru]]
[[Categoria:Substantivo (Guarani)]]
[[Categoria:Mamífero (Guarani)]]
[[Categoria:Entrada com imagem (Guarani)]]</text>
<sha1>t3ba1toi3vgck9cg0i00mgshji35tr5</sha1>
</revision>
</page>
