<page>
<page>
<title>yagurteiras</title>
<ns>0</ns>
<id>386843</id>
<revision>
<id>2466225</id>
<timestamp>2017-12-02T18:43:57Z</timestamp>
<contributor>
<username>Imivorn</username>
<id>64513</id>
</contributor>
<comment>[[Ajuda:Guia de edição/Menus e ferramentas/Sumário de edição|→]] nova página: ={{-mwl-}}= ==Forma de substantivo== {{paroxítona|ya|gur|tei|ras|língua=mwl}}, {{f}} # plural de '''yagur...</comment>
<model>wikitext</model>
<format>text/x-wiki</format>
<text bytes="167" xml:space="preserve">={{-mwl-}}=
==Forma de substantivo==
{{paroxítona|ya|gur|tei|ras|língua=mwl}}, {{f}}
# plural de '''[[yagurteira]]'''
[[Categoria:Forma de substantivo (Mirandês)]]</text>
<sha1>517e1h8dvzd4nhska37ro3eeyp13a4f</sha1>
</revision>
