<page>
<page>
<title>yahuar</title>
<ns>0</ns>
<id>232379</id>
<revision>
<id>2647140</id>
<parentid>1726466</parentid>
<timestamp>2021-08-29T12:52:31Z</timestamp>
<contributor>
<username>ValJor</username>
<id>1358</id>
</contributor>
<comment>Confirmando [[:Categoria:!Entrada criada por robô|verbete criado por robô]]</comment>
<model>wikitext</model>
<format>text/x-wiki</format>
<text bytes="124" xml:space="preserve">={{-qu-}}=
==Substantivo==
'''yahuar'''
# [[sangue]]
[[Categoria:Substantivo (Quéchua)]]
[[Categoria:Anatomia (Quéchua)]]</text>
<sha1>bzbws5763qr93y6h9fzcnifilo09cjr</sha1>
</revision>
