<page>
<title>yahuiri</title>
<ns>0</ns>
<id>325431</id>
<revision>
<id>1829058</id>
<timestamp>2014-05-31T20:21:39Z</timestamp>
<contributor>
<username>Castelobranco</username>
<id>8424</id>
</contributor>
<comment>+1</comment>
<model>wikitext</model>
<format>text/x-wiki</format>
<text bytes="270" xml:space="preserve">={{-cod-}}=
==Substantivo==
'''ya.{{grifar|hui}}.ri'''
# [[mandioca]]&lt;ref group=&quot;cod&quot;&gt;FAUST, 2008, p.160&lt;/ref&gt;
===Notas===
&lt;references group=&quot;cod&quot; /&gt;
===Referências===
{{verTambém.Ini}}
{{Faust2008}}
{{verTambém.Fim}}
{{categorias|{{cod}}|Substantivo|Trissílabo}}</text>
<sha1>1cxt1td96zkx6ppufhc67zaov0vmd1u</sha1>
</revision>
</page>
