<page>
<page>
<title>yahuachima</title>
<ns>0</ns>
<id>325489</id>
<revision>
<id>1829116</id>
<timestamp>2014-05-31T20:33:16Z</timestamp>
<contributor>
<username>Castelobranco</username>
<id>8424</id>
</contributor>
<comment>+1</comment>
<model>wikitext</model>
<format>text/x-wiki</format>
<text bytes="261" xml:space="preserve">={{-cod-}}=
==Verbo==
'''ya.hua.{{grifar|chi}}.ma'''
# [[chegar]]&lt;ref group=&quot;cod&quot;&gt;FAUST, 2008, p.160&lt;/ref&gt;
===Notas===
&lt;references group=&quot;cod&quot; /&gt;
===Referências===
{{verTambém.Ini}}
{{Faust2008}}
{{verTambém.Fim}}
{{categorias|{{cod}}|Verbo|Polissílabo}}</text>
<sha1>cp023bwh1s3umuh1oy8ndzl2myoqzsw</sha1>
</revision>
