<page>
<title>yahuara</title>
<ns>0</ns>
<id>324933</id>
<revision>
<id>2532604</id>
<parentid>1827296</parentid>
<timestamp>2019-01-12T23:22:35Z</timestamp>
<contributor>
<username>Amigo7</username>
<id>58547</id>
</contributor>
<comment>Eliminando elemento HTML não aberto: &lt;/small&gt;</comment>
<model>wikitext</model>
<format>text/x-wiki</format>
<text bytes="1194" xml:space="preserve">[[Imagem:Charlie-100-0923.jpg|thumb|direita|200px|'''yahuara''']]
={{-cod-}}=
==Substantivo==
'''ya.{{grifar|hua}}.ra''' 
# [[cachorro]]
#: ''[[uri]] [[tseta]] '''yahuara''' [[tuan]]'' ([[ela]] [[quer]] [[um]] [[cachorro]] [[grande]])
===Referências===
{{verTambém.Ini}}
* &lt;span style=&quot;color:#555;&quot;&gt;(em espanhol)&lt;/span&gt; ESPINOSA, Lucas. ''Breve Diccionario Analitico Castellano-Tupi del Peru - Sección Cocama''. Iquitos (PER): Ediciones C.E.T.A, 1989. ISBN 84-89295-43-3.
* &lt;span style=&quot;color:#555;&quot;&gt;(em espanhol)&lt;/span&gt; FAUST, Norma. ''Gramatica Cocama - Lecciones para el apredizaje del idoma cocama''. Série Linguística Peruana, nº 6. 3ª edição. Lima: Instituto Lingüístico de Verano, 2008.
* &lt;span style=&quot;color:#555;&quot;&gt;(em português)&lt;/span&gt; VIEGAS, Chandra Wood. ''Natureza e direções das mudanças linguísticas observadas entre os últimos falantes do Kokáma nativos do Brasil''. Dissertação de mestrado. Universidade de Brasília. 2010.
* &lt;span style=&quot;color:#555;&quot;&gt;(em inglês)&lt;/span&gt; YOPÁN, Rosa Vallejos. ''A Grammar of Kokama-Kokamilla''. Dissertação. University of Oregon. 2010
{{verTambém.Fim}}
{{categorias|{{cod}}|Substantivo|Trissílabo|Entrada com imagem}}</text>
<sha1>0gbtzq365g2ecgu60t1s12d39ci8jya</sha1>
</revision>
</page>
