<page>
<title>Yahveh</title>
<ns>0</ns>
<id>33099</id>
<revision>
<id>2541123</id>
<parentid>2282609</parentid>
<timestamp>2019-04-07T14:01:56Z</timestamp>
<contributor>
<username>ValJor</username>
<id>1358</id>
</contributor>
<comment>Acrescentando código de língua à [[:Categoria:!Página com mensagem de erro em predefinição|predefinição escopo]]</comment>
<model>wikitext</model>
<format>text/x-wiki</format>
<text bytes="323" xml:space="preserve">={{-en-}}=
==Substantivo==
'''Yah.veh''', {{gramática|pr}}
# {{escopo|en|Religião}} [[Javé]] (o Deus de Israel; o Deus criador de tudo: Pai de Yeshua (Jesus))
==={{-varort-}}===
* [[Yahweh]]
* [[Jahveh]]
* [[Jahweh]]
===Sinônimos===
* [[Jehovah]]
[[Categoria:Substantivo (Inglês)]]
[[Categoria:Religião (Inglês)]]</text>
<sha1>c3fuvu4q9zkqc5pxuhl70nmimi5f8qg</sha1>
</revision>
</page>
