<page>
<page>
<title>yaiche</title>
<ns>0</ns>
<id>325352</id>
<revision>
<id>1828979</id>
<timestamp>2014-05-31T20:13:38Z</timestamp>
<contributor>
<username>Castelobranco</username>
<id>8424</id>
</contributor>
<comment>+1</comment>
<model>wikitext</model>
<format>text/x-wiki</format>
<text bytes="264" xml:space="preserve">={{-cod-}}=
==Substantivo==
'''{{grifar|yai}}.che'''
# [[sogra]]&lt;ref group=&quot;cod&quot;&gt;FAUST, 2008, p.160&lt;/ref&gt;
===Notas===
&lt;references group=&quot;cod&quot; /&gt;
===Referências===
{{verTambém.Ini}}
{{Faust2008}}
{{verTambém.Fim}}
{{categorias|{{cod}}|Substantivo|Dissílabo}}</text>
<sha1>nuqnw8jk9wywd44jj39xldj4oplcpmj</sha1>
</revision>
