<page>
<title>yajataitsa</title>
<ns>0</ns>
<id>361223</id>
<revision>
<id>2241333</id>
<parentid>2154883</parentid>
<timestamp>2017-02-19T02:35:14Z</timestamp>
<contributor>
<username>Emi-Ireland</username>
<id>45616</id>
</contributor>
<comment>/* {{pronúncia|wau}} */</comment>
<model>wikitext</model>
<format>text/x-wiki</format>
<text bytes="266" xml:space="preserve">={{-wau-}}=
==Forma de substantivo==
{{paroxítona|ya|ja|tai|tsa|lang=wau}}
# segunda pessoa do plural possessivo do substantivo [[ajatai]]
{{avi-for-fle|ajatai}}
=={{pronúncia|wau}}==
* [[AFI]]: {{AFI|/ja.ʐaˈtaɪ.tsa/}}
[[Categoria:Forma de substantivo (Wauja)]]</text>
<sha1>b8fh5012tvpwb79mfjeavmfzg85ghe2</sha1>
</revision>
</page>
