<page>
<page>
<title>Yak</title>
<ns>0</ns>
<id>385808</id>
<revision>
<id>2460511</id>
<timestamp>2017-11-12T07:33:04Z</timestamp>
<contributor>
<username>Spanier</username>
<id>43713</id>
</contributor>
<comment>alemão</comment>
<model>wikitext</model>
<format>text/x-wiki</format>
<text bytes="290" xml:space="preserve">={{-de-}}=
==Substantivo==
'''Yak''', {{gramática|n|lang=de}} ''(forma alternativa: [[Jak]])''
# {{escopo|de|mamífero}} [[iaque]]
===Declinação===
{{decl.de.subst.mista.neu|ns=Yak|np=Yaks|gs=Yaks}}
=={{pronúncia|de}}==
* [[AFI]]: {{AFI|/jak/|de}}
[[Categoria:Substantivo (Alemão)]]</text>
<sha1>huv4yj6wrj52bmzq8q1orc2ys4exf9d</sha1>
</revision>
