<page>
<title>yak</title>
<ns>0</ns>
<id>398816</id>
<revision>
<id>2518142</id>
<parentid>2515035</parentid>
<timestamp>2018-09-09T09:01:03Z</timestamp>
<contributor>
<username>ValJor</username>
<id>1358</id>
</contributor>
<comment>Verbete com ligações internas e externas. Não deveria ter sido colocado para ER. Num caso como esse use, ao invés, a predefinição {{reciclagem}}</comment>
<model>wikitext</model>
<format>text/x-wiki</format>
<text bytes="491" xml:space="preserve">{{Wikipédia|lang=az}}
{{Wikipédia|lang=br}}
{{Wikipédia|lang=en}}
={{-az-}}=
==Substantivo==
'''yak'''
# [[iaque]]
=={{etimologia|az}}==
{{llietimo|bo|གཡག|az}}
[[Categoria:Substantivo (Azerbaijano)]]
={{-br-}}=
==Substantivo==
'''yak'''
# [[iaque]]
=={{etimologia|br}}==
{{llietimo|bo|གཡག|br}}
[[Categoria:Substantivo (Bretão)]]
={{-en-}}=
==Substantivo==
'''yak'''
# [[iaque]]
=={{etimologia|en}}==
{{llietimo|bo|གཡག|en}}
[[Categoria:Substantivo (Inglês)]]</text>
<sha1>axccu49j5hd1qzw3kjp1neoutjf22kb</sha1>
</revision>
</page>
