<page>
<page>
<title>yakawaka</title>
<ns>0</ns>
<id>360672</id>
<revision>
<id>2243831</id>
<parentid>2243830</parentid>
<timestamp>2017-02-23T22:23:05Z</timestamp>
<contributor>
<username>Emi-Ireland</username>
<id>45616</id>
</contributor>
<comment>/* No Wikcionário */</comment>
<model>wikitext</model>
<format>text/x-wiki</format>
<text bytes="1210" xml:space="preserve">={{-wau-}}=
==Substantivo==
{{oxítona|ya|ka|wa|ka|lang=wau}}
# [[inseto]], [[bicho]]
#* '''''Yakawaka''' taunapai ikitsi ohapa.'' &lt;small&gt;Os insetos moram no sapé.&lt;/small&gt;
#* '''''Yakawaka''' tumuwapai munu onaku, ata kuhulũpe onaku, atapana ohapa. Nejo makuyalu, mapojetelu, ahato, heritsiwi, mein, huupa.'' &lt;small&gt;Se criam os insetos nos cupins, na madeira podre, e por meio de folhas. Por exemplo: barata, baratāo, gafanhoto, térmite, formigão, besouro cornudo.&lt;/small&gt; 
# coisa de pouca importância
#* ''Inyaun akamapai, uputa yatama ou apapa alai yajo. Aitsa uputa ou '''yakawakamalũ''' oupetepei.'' &lt;small&gt;Quando uma pessoa estiver muito doente, ela dá ao pajé coisas de grande valor. Nāo o paga com rebotalho de pouco valor.&lt;/small&gt;
=={{pronúncia|wau}}==
* [[AFI]]: {{AFI|/jaˌka.waˈka/}}
==Ver também==
===No Wikcionário===
{{verTambém.Ini}}
* [[ahato]] (gafanhoto)
* [[heritsiwi]]
* [[huupa]]
{{verTambém.NovaColuna}}
* [[makuyalu]] (barata pequena)
* [[mapojetelu]] (barata gigante, ''Blaberus giganteus'')
* [[mein]] (formigão-preto, tocandira, ''Paraponera clavata'')
{{verTambém.Fim}}
[[Categoria:Substantivo (Wauja)]]
[[Categoria:Animal (Wauja)]]
[[Categoria:Inseto (Wauja)]]</text>
<sha1>ad5x80c2oud1jusosxx9igvz2w7xwnu</sha1>
</revision>
