<page>
<page>
<title>yakissoba</title>
<ns>0</ns>
<id>340951</id>
<revision>
<id>2541119</id>
<parentid>2083275</parentid>
<timestamp>2019-04-07T13:42:57Z</timestamp>
<contributor>
<username>ValJor</username>
<id>1358</id>
</contributor>
<comment>Acrescentando código de língua à [[:Categoria:!Página com mensagem de erro em predefinição|predefinição escopo]]</comment>
<model>wikitext</model>
<format>text/x-wiki</format>
<text bytes="321" xml:space="preserve">={{-pt-}}=
==Substantivo==
{{paroxítona|ya|ki|sso|ba}}, {{gramática|m}}
# {{escopo|pt|Culinária}} [[macarrão]] com [[verdura]]s e [[carne]] preparado em [[frigideira]] ou [[chapa]] quente
==={{-varort-}}===
* [[yakisoba]]
=={{etimologia|pt}}==
{{llietimo|ja|焼きそば|pt}}
[[Categoria:Substantivo (Português)]]</text>
<sha1>odm6a3va9nkejlm5ay9hyzyoe08pl3a</sha1>
</revision>
