<page>
<page>
<title>Yakobo</title>
<ns>0</ns>
<id>427469</id>
<revision>
<id>2599482</id>
<timestamp>2020-10-25T01:22:19Z</timestamp>
<contributor>
<username>Leonardo José Raimundo</username>
<id>43489</id>
</contributor>
<comment>Eu estou criando o nome &quot;Yakobo&quot;.</comment>
<model>wikitext</model>
<format>text/x-wiki</format>
<text bytes="202" xml:space="preserve">={{-sw-}}=
==Substantivo==
{{proparoxítona|Ya|ko|bo|lang=sw}}
# {{escopo|sw|Cristianismo|religião}} [[Tiago]]
==Ver também==
===No Wikcionário===
{{bíblia/sw}}
[[Categoria:Substantivo (Suaíli)]]</text>
<sha1>j0t1k3rc76uvirxedrgkukn91hbnyd1</sha1>
</revision>
