<page>
<title>yakuchaq</title>
<ns>0</ns>
<id>70199</id>
<revision>
<id>2535812</id>
<parentid>1536371</parentid>
<timestamp>2019-02-13T16:50:13Z</timestamp>
<contributor>
<username>Amigo7</username>
<id>58547</id>
</contributor>
<comment>Melhorando o verbete</comment>
<model>wikitext</model>
<format>text/x-wiki</format>
<text bytes="472" xml:space="preserve">{{Wikipédia|lang=qu}}
={{-qu-}}=
==Substantivo==
{{elementos|H|4=ilyu|5=He}}
'''ya.ku.chaq'''
# {{escopo|qu|Elemento químico}} {{PEPB|[[hidrogénio]]|[[hidrogênio]]|inline=1}}
===Sinônimos===
* {{link idioma|yawraq wapsi|qu}}
* {{link idioma|idruhinu|qu}}
==Ver também==
===No Wikcionário===
{{verTambém.Ini}}
* [[Apêndice:Tabela periódica]]
{{verTambém.Fim}}
{{tabela periódica/qu}}
[[Categoria:Substantivo (Quéchua)]]
[[Categoria:Trissílabo (Quéchua)]]</text>
<sha1>gynjuqmpjhlwsd2yalxznmz6810fdx0</sha1>
</revision>
</page>
