<page>
<page>
<title>yakujuta</title>
<ns>0</ns>
<id>367311</id>
<revision>
<id>2241341</id>
<parentid>2191747</parentid>
<timestamp>2017-02-19T02:37:39Z</timestamp>
<contributor>
<username>Emi-Ireland</username>
<id>45616</id>
</contributor>
<comment>/* {{pronúncia|wau}} */</comment>
<model>wikitext</model>
<format>text/x-wiki</format>
<text bytes="256" xml:space="preserve">={{-wau-}}=
==Forma verbal==
{{paroxítona|ya|ku|ju|ta|lang=wau}}
# segunda pessoa do plural do presente do indicativo do verbo [[akujuta]]
{{avi-for-fle|akujuta}}
=={{pronúncia|wau}}==
* [[AFI]]: {{AFI|/ja.kuˈʐu.ta/}}
[[Categoria:Forma verbal (Wauja)]]</text>
<sha1>sm4zd8ecfip26he3xlmn0qba24rap97</sha1>
</revision>
