<page>
<page>
<title>yaku</title>
<ns>0</ns>
<id>15240</id>
<revision>
<id>2542414</id>
<parentid>2518213</parentid>
<timestamp>2019-04-22T06:28:17Z</timestamp>
<contributor>
<username>Marrovi</username>
<id>27953</id>
</contributor>
<model>wikitext</model>
<format>text/x-wiki</format>
<text bytes="451" xml:space="preserve">{{Wikipédia|lang=qu}}
={{-qu-}}=
==Substantivo==
'''yaku'''
# [[água]]
[[Categoria:Substantivo (Quéchua)]]
[[Categoria:Bebida (Quéchua)]]
={{-quz-}}=
==Substantivo==
'''yaku'''
:# [[água]]
[[Categoria:Substantivo (Quéchua de Cusco)]]
[[Categoria:Bebida (Quéchua de Cusco)]]
={{-qus-}}=
==Substantivo==
'''yaku'''
# [[água]]
[[Categoria:Substantivo (Quéchua de Santiago de Estero)]]
[[Categoria:Bebida (Quéchua de Santiago de Estero)]]</text>
<sha1>h8uft4cp5t0u4qpsdxmvfazftol8d3v</sha1>
</revision>
