<page>
<title>yakusoku</title>
<ns>0</ns>
<id>165832</id>
<revision>
<id>2224048</id>
<parentid>2094301</parentid>
<timestamp>2017-01-16T23:42:57Z</timestamp>
<contributor>
<username>Tribuno da Plebe</username>
<id>16095</id>
</contributor>
<model>wikitext</model>
<format>text/x-wiki</format>
<text bytes="131" xml:space="preserve">={{-ja-}}=
==Transliteração==
# transliteração de [[やくそく]]
[[Categoria:Transliteração (Japonês)]]
[[en:yakusoku]]</text>
<sha1>64eux5d655xm8qszq1gn8ozwmfjt3e2</sha1>
</revision>
</page>
