<page>
<page>
<title>Yakut</title>
<ns>0</ns>
<id>265024</id>
<revision>
<id>2282611</id>
<parentid>2112854</parentid>
<timestamp>2017-04-27T04:10:45Z</timestamp>
<contributor>
<username>HydrizBot</username>
<id>29590</id>
</contributor>
<minor />
<comment>Robô: A limpar links interwikis antigos</comment>
<model>wikitext</model>
<format>text/x-wiki</format>
<text bytes="126" xml:space="preserve">={{-en-}}=
==Substantivo==
'''Yakut'''
#idioma [[iacute]]
[[Categoria:Substantivo (Inglês)]]
[[Categoria:Língua (Inglês)]]</text>
<sha1>8zrr50t1nw03gc820t6pmc19ierxgnq</sha1>
</revision>
