<page>
<title>yamada</title>
<ns>0</ns>
<id>419850</id>
<revision>
<id>2579758</id>
<parentid>2573944</parentid>
<timestamp>2020-03-01T11:00:24Z</timestamp>
<contributor>
<username>ValJor</username>
<id>1358</id>
</contributor>
<comment>Melhorando a apresentação do verbete usando a [[:predefinição:cria-entrada]]</comment>
<model>wikitext</model>
<format>text/x-wiki</format>
<text bytes="212" xml:space="preserve">={{-pap-}}=
==Substantivo==
'''yamada'''
# [[chamada]], [[telefonema]]
=={{etimologia|pap}}==
{{llietimo|es|llamada|pap}}
==Ver também==
===No Wikcionário===
* [[yama]]
[[Categoria:Substantivo (Papiamento)]]</text>
<sha1>lh26n3uebw3hmh6gb5aqhstqf4b7rpc</sha1>
</revision>
</page>
