<page>
<title>Yamayka</title>
<ns>0</ns>
<id>126315</id>
<revision>
<id>2541115</id>
<parentid>2282614</parentid>
<timestamp>2019-04-07T13:32:20Z</timestamp>
<contributor>
<username>ValJor</username>
<id>1358</id>
</contributor>
<comment>Acrescentando código de língua à [[:Categoria:!Página com mensagem de erro em predefinição|predefinição escopo]]</comment>
<model>wikitext</model>
<format>text/x-wiki</format>
<text bytes="437" xml:space="preserve">{{Wikipédia|lang=az}}
[[Imagem:Flag of Jamaica.svg|thumb|right|250px|&lt;center&gt;Bandeira da Jamaica&lt;/center&gt;]]
[[Imagem:LocationJamaica.svg|thumb|right|250px|&lt;center&gt;Localização da Jamaica&lt;/center&gt;]]
={{-az-}}=
==Substantivo==
'''Yamayka''', {{gramática|pr}}
# {{escopo|az|País}} [[Jamaica]]
==Ver também==
===No Wikcionário===
{{América/az}}
[[Categoria:Substantivo (Azerbaijano)]]
[[Categoria:Entrada com imagem (Azerbaijano)]]</text>
<sha1>d41es2x65ak4s9aa38bieowda1nki42</sha1>
</revision>
</page>
