<page>
<page>
<title>Yaman</title>
<ns>0</ns>
<id>139513</id>
<revision>
<id>2541117</id>
<parentid>2282613</parentid>
<timestamp>2019-04-07T13:36:21Z</timestamp>
<contributor>
<username>ValJor</username>
<id>1358</id>
</contributor>
<comment>Acrescentando código de língua à [[:Categoria:!Página com mensagem de erro em predefinição|predefinição escopo]]</comment>
<model>wikitext</model>
<format>text/x-wiki</format>
<text bytes="493" xml:space="preserve">{{Wikipédia|lang=id}}
[[Imagem:Flag of Yemen.svg|thumb|right|250px|&lt;center&gt;Bandeira do Iémen&lt;/center&gt;]]
[[Imagem:LocationYemen.png|thumb|right|250px|&lt;center&gt;Localização do Iémen&lt;/center&gt;]]
={{-id-}}=
==Substantivo==
'''Yaman''', {{gramática|pr}}
# {{escopo|id|País}} {{PEPB|[[Iémen]]|[[Iêmen]]|inline=1}}
==={{-varort-}}===
* [[Republik Yaman]]
==Ver também==
===No Wikcionário===
{{Ásia/id}}
[[Categoria:Substantivo (Indonésio)]]
[[Categoria:Entrada com imagem (Indonésio)]]</text>
<sha1>57dg5d7ft2z8obs43do2bhc7vcfi6gb</sha1>
</revision>
