<page>
<page>
<title>Yamdena</title>
<ns>0</ns>
<id>35728</id>
<revision>
<id>2282615</id>
<parentid>1494464</parentid>
<timestamp>2017-04-27T04:10:54Z</timestamp>
<contributor>
<username>HydrizBot</username>
<id>29590</id>
</contributor>
<minor />
<comment>Robô: A limpar links interwikis antigos</comment>
<model>wikitext</model>
<format>text/x-wiki</format>
<text bytes="202" xml:space="preserve">{{ver também|yamdena}}
={{-pt-}}=
==Substantivo==
Yamdena 
# ''(topônimo)'' a maior das [[ilha]]s [[Tanimbar]], na [[Indonésia]].
[[Categoria:Substantivo ({{pt}})]]
[[Categoria:Topónimo ({{pt}})]]</text>
<sha1>3vp33erjxfn13z8rkdrk99dqzkmvz7j</sha1>
</revision>
