<page>
<page>
<title>yamimi</title>
<ns>0</ns>
<id>325402</id>
<revision>
<id>1829029</id>
<timestamp>2014-05-31T20:18:53Z</timestamp>
<contributor>
<username>Castelobranco</username>
<id>8424</id>
</contributor>
<comment>+1</comment>
<model>wikitext</model>
<format>text/x-wiki</format>
<text bytes="260" xml:space="preserve">={{-cod-}}=
==Verbo==
'''ya.{{grifar|mi}}.mi'''
# [[esconder-se]]&lt;ref group=&quot;cod&quot;&gt;FAUST, 2008, p.160&lt;/ref&gt;
===Notas===
&lt;references group=&quot;cod&quot; /&gt;
===Referências===
{{verTambém.Ini}}
{{Faust2008}}
{{verTambém.Fim}}
{{categorias|{{cod}}|Verbo|Trissílabo}}</text>
<sha1>kqhg3uqc9c1qp0u8n8cmmaruo6bsl6v</sha1>
</revision>
