<page>
<title>Yamoussoukro</title>
<ns>0</ns>
<id>124441</id>
<revision>
<id>2688692</id>
<parentid>2541112</parentid>
<timestamp>2022-09-22T08:49:00Z</timestamp>
<contributor>
<username>ValJor</username>
<id>1358</id>
</contributor>
<comment>Corrigindo as categorizações conforme pedido em [[Wikcionário:Problemas espinhosos/Norueguês]]</comment>
<model>wikitext</model>
<format>text/x-wiki</format>
<text bytes="20903" xml:space="preserve">{{Wikipédia|lang=pt}}
{{Wikipédia|lang=af}}
{{Wikipédia|lang=ak}}
{{Wikipédia|lang=gsw}}
{{Wikipédia|lang=de}}
{{Wikipédia|lang=bcl}}
{{Wikipédia|lang=bs}}
{{Wikipédia|lang=br}}
{{Wikipédia|lang=kab}}
{{Wikipédia|lang=ca}}
{{Wikipédia|lang=ceb}}
{{Wikipédia|lang=cs}}
{{Wikipédia|lang=sn}}
{{Wikipédia|lang=kw}}
{{Wikipédia|lang=hr}}
{{Wikipédia|lang=da}}
{{Wikipédia|lang=sco}}
{{Wikipédia|lang=sk}}
{{Wikipédia|lang=sl}}
{{Wikipédia|lang=et}}
{{Wikipédia|lang=fi}}
{{Wikipédia|lang=fr}}
{{Wikipédia|lang=fy}}
{{Wikipédia|lang=gd}}
{{Wikipédia|lang=gl}}
{{Wikipédia|lang=cy}}
{{Wikipédia|lang=hak}}
{{Wikipédia|lang=ha}}
{{Wikipédia|lang=hif}}
{{Wikipédia|lang=nl}}
{{Wikipédia|lang=hu}}
{{Wikipédia|lang=io}}
{{Wikipédia|lang=id}}
{{Wikipédia|lang=en}}
{{Wikipédia|lang=simple}}
{{Wikipédia|lang=ie}}
{{Wikipédia|lang=yo}}
{{Wikipédia|lang=ga}}
{{Wikipédia|lang=is}}
{{Wikipédia|lang=it}}
{{Wikipédia|lang=jv}}
{{Wikipédia|lang=lij}}
{{Wikipédia|lang=lfn}}
{{Wikipédia|lang=lmo}}
{{Wikipédia|lang=lb}}
{{Wikipédia|lang=ms}}
{{Wikipédia|lang=mg}}
{{Wikipédia|lang=cdo}}
{{Wikipédia|lang=nan}}
{{Wikipédia|lang=no}}
{{Wikipédia|lang=nn}}
{{Wikipédia|lang=oc}}
{{Wikipédia|lang=pap}}
{{Wikipédia|lang=pms}}
{{Wikipédia|lang=ro}}
{{Wikipédia|lang=sh}}
{{Wikipédia|lang=so}}
{{Wikipédia|lang=sw}}
{{Wikipédia|lang=sv}}
{{Wikipédia|lang=tl}}
{{Wikipédia|lang=tr}}
{{Wikipédia|lang=vec}}
{{Wikipédia|lang=vi}}
{{Wikipédia|lang=vo}}
{{Wikipédia|lang=war}}
={{-pt-}}=
==Substantivo==
{{paroxítona|Ya|mous|sou|kro}}, {{gramática|pr}}
# {{escopo|pt|Geografia}} [[capital]] da [[Costa do Marfim]]
==={{-varort-}}===
* [[Iamussucro]]
===Tradução===
{{tradini}}
*  {{trad|af|Yamoussoukro}}
*  {{trad|ak|Yamoussoukro}}
*  {{trad|sq|Jamusukro}}
*  {{trad|als|Yamoussoukro}}
*  {{trad|de|Yamoussoukro}}
*  {{trad|am|ያሙሱክሮ}}
*  {{trad|ar|ياموسوكرو}}
*  {{trad|hy|Յամուսուկրո}}
*  {{trad|ast|Yamusukru}}
*  {{trad|az|Yamusukro}}
*  {{trad|bm|Yamusukuro}}
*  {{trad|eu|Jamusukro}}
*  {{trad|bcl|Yamoussoukro}}
*  {{trad|be|Ямусукра}}
*  {{trad|be-x-old|Ямусукра}}
*  {{trad|bs|Yamoussoukro}}
*  {{trad|br|Yamoussoukro}}
*  {{trad|bg|Ямусукро}}
*  {{trad|kab|Yamoussoukro}}
*  {{trad|yue|雅穆蘇克雷}}
*  {{trad|ca|Yamoussoukro}}
*  {{trad|kk|Ямусукро}}
*  {{trad|ceb|Yamoussoukro}}
*  {{trad|ce|Ямусукро}}
*  {{trad|cs|Yamoussoukro}}
*  {{trad|zh|亚穆苏克罗}}
*  {{trad|sn|Yamoussoukro}}
*  {{trad|ko|야무수크로}}
*  {{trad|kw|Yamoussoukro}}
*  {{trad|hr|Yamoussoukro}}
*  {{trad|diq|Yamusukro}}
*  {{trad|da|Yamoussoukro}}
*  {{trad|sco|Yamoussoukro}}
*  {{trad|sk|Yamoussoukro}}
*  {{trad|sl|Yamoussoukro}}
*  {{trad|es|Yamusukro}}
*  {{trad|eo|Jamusukro}}
*  {{trad|et|Yamoussoukro}}
*  {{trad|fi|Yamoussoukro}}
*  {{trad|fr|Yamoussoukro}}
*  {{trad|fy|Yamoussoukro}}
*  {{trad|gd|Yamoussoukro}}
*  {{trad|gl|Yamoussoukro}}
*  {{trad|cy|Yamoussoukro}}
*  {{trad|ka|იამუსუკრო}}
*  {{trad|el|Γιαμουσσουκρό}}
*  {{trad|gn|Iamusúkoro}}
*  {{trad|ht|Yamousoukro}}
*  {{trad|hak|Yamoussoukro}}
*  {{trad|ha|Yamoussoukro}}
*  {{trad|he|יאמוסוקרו}}
*  {{trad|hi|यामूसोकुरो}}
*  {{trad|hif|Yamoussoukro}}
*  {{trad|nl|Yamoussoukro}}
*  {{trad|hu|Yamoussoukro}}
*  {{trad|io|Yamoussoukro}}
*  {{trad|yi|יאמוסאקרא}}
*  {{trad|id|Yamoussoukro}}
*  {{trad|en|Yamoussoukro}}
*  {{trad|ie|Yamoussoukro}}
*  {{trad|yo|Yamoussoukro}}
*  {{trad|ga|Yamoussoukro}}
{{tradmeio}}
*  {{trad|is|Yamoussoukro}}
*  {{trad|it|Yamoussoukro}}
*  {{trad|ja|ヤムスクロ}}
*  {{trad|jv|Yamoussoukro}}
*  {{trad|kbp|Yamusukro}}
*  {{trad|la|Yamussukro}}
*  {{trad|lv|Jamusukro}}
*  {{trad|lij|Yamoussoukro}}
*  {{trad|lfn|Yamoussoukro}}
*  {{trad|lt|Jamusukras}}
*  {{trad|lmo|Yamoussoukro}}
*  {{trad|lb|Yamoussoukro}}
*  {{trad|mk|Јамусукро}}
*  {{trad|ml|യമൂസ്സൂക്രോ}}
*  {{trad|ms|Yamoussoukro}}
*  {{trad|mg|Yamoussoukro}}
*  {{trad|mr|यामूसूक्रो}}
*  {{trad|mrj|Ямусукро}}
*  {{trad|cdo|Yamoussoukro}}
*  {{trad|nan|Yamoussoukro}}
*  {{trad|xmf|იამუსუკრო}}
*  {{trad|mn|Ямусукро хот}}
*  {{trad|nah|Yamusukro}}
*  {{trad|na|Yamoussoukrou}}
*  {{trad|no|Yamoussoukro}}
*  {{trad|nn|Yamoussoukro}}
*  {{trad|oc|Yamoussoukro}}
*  {{trad|or|ୟାମୁସସୁତ୍ରୋ}}
*  {{trad|pap|Yamoussoukro}}
*  {{trad|fa|یاموسوکرو}}
*  {{trad|pms|Yamoussoukro}}
*  {{trad|pl|Jamusukro}}
*  {{trad|pa|ਯਾਮੂਸੂਕਰੋ}}
*  {{trad|pnb|یاموسوکرو}}
*  {{trad|ky|Ямусукро}}
*  {{trad|ro|Yamoussoukro}}
*  {{trad|ru|Ямусукро}}
*  {{trad|sr|Јамусукро}}
*  {{trad|sh|Yamoussoukro}}
*  {{trad|szl|Jamusukro}}
*  {{trad|so|Yamoussoukro}}
*  {{trad|ckb|یامووسووکرۆ}}
*  {{trad|sw|Yamoussoukro}}
*  {{trad|sv|Yamoussoukro}}
*  {{trad|tg|Ямусукро}}
*  {{trad|tl|Yamoussoukro}}
*  {{trad|th|ยามูซูโกร}}
*  {{trad|ta|யாமூசூக்ரோ}}
*  {{trad|bo|ཡམ་སོ་ཁེ་རོ།}}
*  {{trad|tr|Yamoussoukro}}
*  {{trad|uk|Ямусукро}}
*  {{trad|ug|يامۇسسۇكرو}}
*  {{trad|ur|یاموسوکرو}}
*  {{trad|uz|Yamusukro}}
*  {{trad|vec|Yamoussoukro}}
*  {{trad|vep|Jamusukro}}
*  {{trad|vi|Yamoussoukro}}
*  {{trad|vo|Yamoussoukro}}
*  {{trad|udm|Ямусукро}}
*  {{trad|war|Yamoussoukro}}
*  {{trad|wuu|亚穆苏克罗}}
{{tradfim}}
[[Categoria:Substantivo (Português)]]
[[Categoria:Topónimo (Português)]]
[[Categoria:Capital (Português)]]
={{-af-}}=
==Substantivo==
'''Yamoussoukro''', {{gramática|pr}}
# {{escopo|af|Geografia}} [[Yamoussoukro#Português|Yamoussoukro]]
[[Categoria:Substantivo (Africâner)]]
[[Categoria:Topónimo (Africâner)]]
[[Categoria:Capital (Africâner)]]
={{-ak-}}=
==Substantivo==
'''Yamoussoukro''', {{gramática|pr}}
# {{escopo|ak|Geografia}} [[Yamoussoukro#Português|Yamoussoukro]]
[[Categoria:Substantivo (Akan)]]
[[Categoria:Topónimo (Akan)]]
[[Categoria:Capital (Akan)]]
={{-gsw-}}=
==Substantivo==
'''Yamoussoukro''', {{gramática|pr}}
# {{escopo|gsw|Geografia}} [[Yamoussoukro#Português|Yamoussoukro]]
[[Categoria:Substantivo (Alemânico)]]
[[Categoria:Topónimo (Alemânico)]]
[[Categoria:Capital (Alemânico)]]
={{-de-}}=
==Substantivo==
'''Yamoussoukro''', {{gramática|pr}}
# {{escopo|de|Geografia}} [[Yamoussoukro#Português|Yamoussoukro]]
[[Categoria:Substantivo (Alemão)]]
[[Categoria:Topónimo (Alemão)]]
[[Categoria:Capital (Alemão)]]
={{-bcl-}}=
==Substantivo==
'''Yamoussoukro''', {{gramática|pr}}
# {{escopo|bcl|Geografia}} [[Yamoussoukro#Português|Yamoussoukro]]
[[Categoria:Substantivo (Bicolano Central)]]
[[Categoria:Topónimo (Bicolano Central)]]
[[Categoria:Capital (Bicolano Central)]]
={{-bs-}}=
==Substantivo==
'''Yamoussoukro''', {{gramática|pr}}
# {{escopo|bs|Geografia}} [[Yamoussoukro#Português|Yamoussoukro]]
[[Categoria:Substantivo (Bósnio)]]
[[Categoria:Topónimo (Bósnio)]]
[[Categoria:Capital (Bósnio)]]
={{-br-}}=
==Substantivo==
'''Yamoussoukro''', {{gramática|pr}}
# {{escopo|br|Geografia}} [[Yamoussoukro#Português|Yamoussoukro]]
[[Categoria:Substantivo (Bretão)]]
[[Categoria:Topónimo (Bretão)]]
[[Categoria:Capital (Bretão)]]
={{-kab-}}=
==Substantivo==
'''Yamoussoukro''', {{gramática|pr}}
# {{escopo|kab|Geografia}} [[Yamoussoukro#Português|Yamoussoukro]]
[[Categoria:Substantivo (Cabila)]]
[[Categoria:Topónimo (Cabila)]]
[[Categoria:Capital (Cabila)]]
={{-ca-}}=
==Substantivo==
'''Yamoussoukro''', {{gramática|pr}}
# {{escopo|ca|Geografia}} [[Yamoussoukro#Português|Yamoussoukro]]
[[Categoria:Substantivo (Catalão)]]
[[Categoria:Topónimo (Catalão)]]
[[Categoria:Capital (Catalão)]]
={{-ceb-}}=
==Substantivo==
'''Yamoussoukro''', {{gramática|pr}}
# {{escopo|ceb|Geografia}} [[Yamoussoukro#Português|Yamoussoukro]]
[[Categoria:Substantivo (Cebuano)]]
[[Categoria:Topónimo (Cebuano)]]
[[Categoria:Capital (Cebuano)]]
={{-cs-}}=
==Substantivo==
'''Yamoussoukro''', {{gramática|pr}}
# {{escopo|cs|Geografia}} [[Yamoussoukro#Português|Yamoussoukro]]
[[Categoria:Substantivo (Checo)]]
[[Categoria:Topónimo (Checo)]]
[[Categoria:Capital (Checo)]]
={{-sn-}}=
==Substantivo==
'''Yamoussoukro''', {{gramática|pr}}
# {{escopo|sn|Geografia}} [[Yamoussoukro#Português|Yamoussoukro]]
[[Categoria:Substantivo (Chona)]]
[[Categoria:Topónimo (Chona)]]
[[Categoria:Capital (Chona)]]
={{-kw-}}=
==Substantivo==
'''Yamoussoukro''', {{gramática|pr}}
# {{escopo|kw|Geografia}} [[Yamoussoukro#Português|Yamoussoukro]]
[[Categoria:Substantivo (Córnico)]]
[[Categoria:Topónimo (Córnico)]]
[[Categoria:Capital (Córnico)]]
={{-hr-}}=
==Substantivo==
'''Yamoussoukro''', {{gramática|pr}}
# {{escopo|hr|Geografia}} [[Yamoussoukro#Português|Yamoussoukro]]
[[Categoria:Substantivo (Croata)]]
[[Categoria:Topónimo (Croata)]]
[[Categoria:Capital (Croata)]]
={{-da-}}=
==Substantivo==
'''Yamoussoukro''', {{gramática|pr}}
# {{escopo|da|Geografia}} [[Yamoussoukro#Português|Yamoussoukro]]
[[Categoria:Substantivo (Dinamarquês)]]
[[Categoria:Topónimo (Dinamarquês)]]
[[Categoria:Capital (Dinamarquês)]]
={{-sco-}}=
==Substantivo==
'''Yamoussoukro''', {{gramática|pr}}
# {{escopo|sco|Geografia}} [[Yamoussoukro#Português|Yamoussoukro]]
[[Categoria:Substantivo (Escocês)]]
[[Categoria:Topónimo (Escocês)]]
[[Categoria:Capital (Escocês)]]
={{-sk-}}=
==Substantivo==
'''Yamoussoukro''', {{gramática|pr}}
# {{escopo|sk|Geografia}} [[Yamoussoukro#Português|Yamoussoukro]]
[[Categoria:Substantivo (Eslovaco)]]
[[Categoria:Topónimo (Eslovaco)]]
[[Categoria:Capital (Eslovaco)]]
={{-sl-}}=
==Substantivo==
'''Yamoussoukro''', {{gramática|pr}}
# {{escopo|sl|Geografia}} [[Yamoussoukro#Português|Yamoussoukro]]
[[Categoria:Substantivo (Esloveno)]]
[[Categoria:Topónimo (Esloveno)]]
[[Categoria:Capital (Esloveno)]]
={{-et-}}=
==Substantivo==
'''Yamoussoukro''', {{gramática|pr}}
# {{escopo|et|Geografia}} [[Yamoussoukro#Português|Yamoussoukro]]
[[Categoria:Substantivo (Estoniano)]]
[[Categoria:Topónimo (Estoniano)]]
[[Categoria:Capital (Estoniano)]]
={{-fi-}}=
==Substantivo==
'''Yamoussoukro''', {{gramática|pr}}
# {{escopo|fi|Geografia}} [[Yamoussoukro#Português|Yamoussoukro]]
[[Categoria:Substantivo (Finlandês)]]
[[Categoria:Topónimo (Finlandês)]]
[[Categoria:Capital (Finlandês)]]
={{-fr-}}=
==Substantivo==
'''Yamoussoukro''', {{gramática|pr}}
# {{escopo|fr|Geografia}} [[Yamoussoukro#Português|Yamoussoukro]]
[[Categoria:Substantivo (Francês)]]
[[Categoria:Topónimo (Francês)]]
[[Categoria:Capital (Francês)]]
={{-fy-}}=
==Substantivo==
'''Yamoussoukro''', {{gramática|pr}}
# {{escopo|fy|Geografia}} [[Yamoussoukro#Português|Yamoussoukro]]
[[Categoria:Substantivo (Frísio)]]
[[Categoria:Topónimo (Frísio)]]
[[Categoria:Capital (Frísio)]]
={{-gd-}}=
==Substantivo==
'''Yamoussoukro''', {{gramática|pr}}
# {{escopo|gd|Geografia}} [[Yamoussoukro#Português|Yamoussoukro]]
[[Categoria:Substantivo (Gaélico Escocês)]]
[[Categoria:Topónimo (Gaélico Escocês)]]
[[Categoria:Capital (Gaélico Escocês)]]
={{-gl-}}=
==Substantivo==
'''Yamoussoukro''', {{gramática|pr}}
# {{escopo|gl|Geografia}} [[Yamoussoukro#Português|Yamoussoukro]]
[[Categoria:Substantivo (Galego)]]
[[Categoria:Topónimo (Galego)]]
[[Categoria:Capital (Galego)]]
={{-cy-}}=
==Substantivo==
'''Yamoussoukro''', {{gramática|pr}}
# {{escopo|cy|Geografia}} [[Yamoussoukro#Português|Yamoussoukro]]
[[Categoria:Substantivo (Galês)]]
[[Categoria:Topónimo (Galês)]]
[[Categoria:Capital (Galês)]]
={{-hak-}}=
==Substantivo==
'''Yamoussoukro''', {{gramática|pr}}
# {{escopo|hak|Geografia}} [[Yamoussoukro#Português|Yamoussoukro]]
[[Categoria:Substantivo (Hakka)]]
[[Categoria:Topónimo (Hakka)]]
[[Categoria:Capital (Hakka)]]
={{-ha-}}=
==Substantivo==
'''Yamoussoukro''', {{gramática|pr}}
# {{escopo|ha|Geografia}} [[Yamoussoukro#Português|Yamoussoukro]]
[[Categoria:Substantivo (Hauçá)]]
[[Categoria:Topónimo (Hauçá)]]
[[Categoria:Capital (Hauçá)]]
={{-hif-}}=
==Substantivo==
'''Yamoussoukro''', {{gramática|pr}}
# {{escopo|hif|Geografia}} [[Yamoussoukro#Português|Yamoussoukro]]
[[Categoria:Substantivo (Hindi Fijiano)]]
[[Categoria:Topónimo (Hindi Fijiano)]]
[[Categoria:Capital (Hindi Fijiano)]]
={{-nl-}}=
==Substantivo==
'''Yamoussoukro''', {{gramática|pr}}
# {{escopo|nl|Geografia}} [[Yamoussoukro#Português|Yamoussoukro]]
[[Categoria:Substantivo (Holandês)]]
[[Categoria:Topónimo (Holandês)]]
[[Categoria:Capital (Holandês)]]
={{-hu-}}=
==Substantivo==
'''Yamoussoukro''', {{gramática|pr}}
# {{escopo|hu|Geografia}} [[Yamoussoukro#Português|Yamoussoukro]]
[[Categoria:Substantivo (Húngaro)]]
[[Categoria:Topónimo (Húngaro)]]
[[Categoria:Capital (Húngaro)]]
={{-io-}}=
==Substantivo==
'''Yamoussoukro''', {{gramática|pr}}
# {{escopo|io|Geografia}} [[Yamoussoukro#Português|Yamoussoukro]]
[[Categoria:Substantivo (Ido)]]
[[Categoria:Topónimo (Ido)]]
[[Categoria:Capital (Ido)]]
={{-id-}}=
==Substantivo==
'''Yamoussoukro''', {{gramática|pr}}
# {{escopo|id|Geografia}} [[Yamoussoukro#Português|Yamoussoukro]]
[[Categoria:Substantivo (Indonésio)]]
[[Categoria:Topónimo (Indonésio)]]
[[Categoria:Capital (Indonésio)]]
={{-en-}}=
==Substantivo==
'''Yamoussoukro''', {{gramática|pr}}
# {{escopo|en|Geografia}} [[Yamoussoukro#Português|Yamoussoukro]]
[[Categoria:Substantivo (Inglês)]]
[[Categoria:Topónimo (Inglês)]]
[[Categoria:Capital (Inglês)]]
={{-ie-}}=
==Substantivo==
'''Yamoussoukro''', {{gramática|pr}}
# {{escopo|ie|Geografia}} [[Yamoussoukro#Português|Yamoussoukro]]
[[Categoria:Substantivo (Interlíngue)]]
[[Categoria:Topónimo (Interlíngue)]]
[[Categoria:Capital (Interlíngue)]]
={{-yo-}}=
==Substantivo==
'''Yamoussoukro''', {{gramática|pr}}
# {{escopo|yo|Geografia}} [[Yamoussoukro#Português|Yamoussoukro]]
[[Categoria:Substantivo (Iorubá)]]
[[Categoria:Topónimo (Iorubá)]]
[[Categoria:Capital (Iorubá)]]
={{-ga-}}=
==Substantivo==
'''Yamoussoukro''', {{gramática|pr}}
# {{escopo|ga|Geografia}} [[Yamoussoukro#Português|Yamoussoukro]]
[[Categoria:Substantivo (Irlandês)]]
[[Categoria:Topónimo (Irlandês)]]
[[Categoria:Capital (Irlandês)]]
={{-is-}}=
==Substantivo==
'''Yamoussoukro''', {{gramática|pr}}
# {{escopo|is|Geografia}} [[Yamoussoukro#Português|Yamoussoukro]]
[[Categoria:Substantivo (Islandês)]]
[[Categoria:Topónimo (Islandês)]]
[[Categoria:Capital (Islandês)]]
={{-it-}}=
==Substantivo==
'''Yamoussoukro''', {{gramática|pr}}
# {{escopo|it|Geografia}} [[Yamoussoukro#Português|Yamoussoukro]]
[[Categoria:Substantivo (Italiano)]]
[[Categoria:Topónimo (Italiano)]]
[[Categoria:Capital (Italiano)]]
={{-jv-}}=
==Substantivo==
'''Yamoussoukro''', {{gramática|pr}}
# {{escopo|jv|Geografia}} [[Yamoussoukro#Português|Yamoussoukro]]
[[Categoria:Substantivo (Javanês)]]
[[Categoria:Topónimo (Javanês)]]
[[Categoria:Capital (Javanês)]]
={{-lij-}}=
==Substantivo==
'''Yamoussoukro''', {{gramática|pr}}
# {{escopo|lij|Geografia}} [[Yamoussoukro#Português|Yamoussoukro]]
[[Categoria:Substantivo (Liguriano)]]
[[Categoria:Topónimo (Liguriano)]]
[[Categoria:Capital (Liguriano)]]
={{-lfn-}}=
==Substantivo==
'''Yamoussoukro''', {{gramática|pr}}
# {{escopo|lfn|Geografia}} [[Yamoussoukro#Português|Yamoussoukro]]
[[Categoria:Substantivo (Língua Franca Nova)]]
[[Categoria:Topónimo (Língua Franca Nova)]]
[[Categoria:Capital (Língua Franca Nova)]]
={{-lmo-}}=
==Substantivo==
'''Yamoussoukro''', {{gramática|pr}}
# {{escopo|lmo|Geografia}} [[Yamoussoukro#Português|Yamoussoukro]]
[[Categoria:Substantivo (Lombardo)]]
[[Categoria:Topónimo (Lombardo)]]
[[Categoria:Capital (Lombardo)]]
={{-lb-}}=
==Substantivo==
'''Yamoussoukro''', {{gramática|pr}}
# {{escopo|lb|Geografia}} [[Yamoussoukro#Português|Yamoussoukro]]
[[Categoria:Substantivo (Luxemburguês)]]
[[Categoria:Topónimo (Luxemburguês)]]
[[Categoria:Capital (Luxemburguês)]]
={{-ms-}}=
==Substantivo==
'''Yamoussoukro''', {{gramática|pr}}
# {{escopo|ms|Geografia}} [[Yamoussoukro#Português|Yamoussoukro]]
[[Categoria:Substantivo (Malaio)]]
[[Categoria:Topónimo (Malaio)]]
[[Categoria:Capital (Malaio)]]
={{-mg-}}=
==Substantivo==
'''Yamoussoukro''', {{gramática|pr}}
# {{escopo|mg|Geografia}} [[Yamoussoukro#Português|Yamoussoukro]]
[[Categoria:Substantivo (Malgaxe)]]
[[Categoria:Topónimo (Malgaxe)]]
[[Categoria:Capital (Malgaxe)]]
={{-cdo-}}=
==Substantivo==
'''Yamoussoukro''', {{gramática|pr}}
# {{escopo|cdo|Geografia}} [[Yamoussoukro#Português|Yamoussoukro]]
[[Categoria:Substantivo (Min Dong)]]
[[Categoria:Topónimo (Min Dong)]]
[[Categoria:Capital (Min Dong)]]
={{-nan-}}=
==Substantivo==
'''Yamoussoukro''', {{gramática|pr}}
# {{escopo|nan|Geografia}} [[Yamoussoukro#Português|Yamoussoukro]]
[[Categoria:Substantivo (Min Nan)]]
[[Categoria:Topónimo (Min Nan)]]
[[Categoria:Capital (Min Nan)]]
={{-nb-}}=
==Substantivo==
'''Yamoussoukro''', {{gramática|pr}}
# {{escopo|nb|Geografia}} [[Yamoussoukro#Português|Yamoussoukro]]
[[Categoria:Substantivo (Norueguês Bokmål)]]
[[Categoria:Topónimo (Norueguês Bokmål)]]
[[Categoria:Capital (Norueguês Bokmål)]]
={{-nn-}}=
==Substantivo==
'''Yamoussoukro''', {{gramática|pr}}
# {{escopo|nn|Geografia}} [[Yamoussoukro#Português|Yamoussoukro]]
[[Categoria:Substantivo (Norueguês Nynorsk)]]
[[Categoria:Topónimo (Norueguês Nynorsk)]]
[[Categoria:Capital (Norueguês Nynorsk)]]
={{-oc-}}=
==Substantivo==
'''Yamoussoukro''', {{gramática|pr}}
# {{escopo|oc|Geografia}} [[Yamoussoukro#Português|Yamoussoukro]]
[[Categoria:Substantivo (Occitano)]]
[[Categoria:Topónimo (Occitano)]]
[[Categoria:Capital (Occitano)]]
={{-pap-}}=
==Substantivo==
'''Yamoussoukro''', {{gramática|pr}}
# {{escopo|pap|Geografia}} [[Yamoussoukro#Português|Yamoussoukro]]
[[Categoria:Substantivo (Papiamento)]]
[[Categoria:Topónimo (Papiamento)]]
[[Categoria:Capital (Papiamento)]]
={{-pms-}}=
==Substantivo==
'''Yamoussoukro''', {{gramática|pr}}
# {{escopo|pms|Geografia}} [[Yamoussoukro#Português|Yamoussoukro]]
[[Categoria:Substantivo (Piemontês)]]
[[Categoria:Topónimo (Piemontês)]]
[[Categoria:Capital (Piemontês)]]
={{-ro-}}=
==Substantivo==
'''Yamoussoukro''', {{gramática|pr}}
# {{escopo|ro|Geografia}} [[Yamoussoukro#Português|Yamoussoukro]]
[[Categoria:Substantivo (Romeno)]]
[[Categoria:Topónimo (Romeno)]]
[[Categoria:Capital (Romeno)]]
={{-sh-}}=
==Substantivo==
'''Yamoussoukro''', {{gramática|pr}}
# {{escopo|sh|Geografia}} [[Yamoussoukro#Português|Yamoussoukro]]
[[Categoria:Substantivo (Servocroata)]]
[[Categoria:Topónimo (Servocroata)]]
[[Categoria:Capital (Servocroata)]]
={{-so-}}=
==Substantivo==
'''Yamoussoukro''', {{gramática|pr}}
# {{escopo|so|Geografia}} [[Yamoussoukro#Português|Yamoussoukro]]
[[Categoria:Substantivo (Somali)]]
[[Categoria:Topónimo (Somali)]]
[[Categoria:Capital (Somali)]]
={{-sw-}}=
==Substantivo==
'''Yamoussoukro''', {{gramática|pr}}
# {{escopo|sw|Geografia}} [[Yamoussoukro#Português|Yamoussoukro]]
[[Categoria:Substantivo (Suaíli)]]
[[Categoria:Topónimo (Suaíli)]]
[[Categoria:Capital (Suaíli)]]
={{-sv-}}=
==Substantivo==
'''Yamoussoukro''', {{gramática|pr}}
# {{escopo|sv|Geografia}} [[Yamoussoukro#Português|Yamoussoukro]]
[[Categoria:Substantivo (Sueco)]]
[[Categoria:Topónimo (Sueco)]]
[[Categoria:Capital (Sueco)]]
={{-tl-}}=
==Substantivo==
'''Yamoussoukro''', {{gramática|pr}}
# {{escopo|tl|Geografia}} [[Yamoussoukro#Português|Yamoussoukro]]
[[Categoria:Substantivo (Tagalo)]]
[[Categoria:Topónimo (Tagalo)]]
[[Categoria:Capital (Tagalo)]]
={{-tr-}}=
==Substantivo==
'''Yamoussoukro''', {{gramática|pr}}
# {{escopo|tr|Geografia}} [[Yamoussoukro#Português|Yamoussoukro]]
[[Categoria:Substantivo (Turco)]]
[[Categoria:Topónimo (Turco)]]
[[Categoria:Capital (Turco)]]
={{-vec-}}=
==Substantivo==
'''Yamoussoukro''', {{gramática|pr}}
# {{escopo|vec|Geografia}} [[Yamoussoukro#Português|Yamoussoukro]]
[[Categoria:Substantivo (Vêneto)]]
[[Categoria:Topónimo (Vêneto)]]
[[Categoria:Capital (Vêneto)]]
={{-vi-}}=
==Substantivo==
'''Yamoussoukro''', {{gramática|pr}}
# {{escopo|vi|Geografia}} [[Yamoussoukro#Português|Yamoussoukro]]
[[Categoria:Substantivo (Vietnamita)]]
[[Categoria:Topónimo (Vietnamita)]]
[[Categoria:Capital (Vietnamita)]]
={{-vo-}}=
==Substantivo==
'''Yamoussoukro''', {{gramática|pr}}
# {{escopo|vo|Geografia}} [[Yamoussoukro#Português|Yamoussoukro]]
[[Categoria:Substantivo (Volapuque)]]
[[Categoria:Topónimo (Volapuque)]]
[[Categoria:Capital (Volapuque)]]
={{-war-}}=
==Substantivo==
'''Yamoussoukro''', {{gramática|pr}}
# {{escopo|war|Geografia}} [[Yamoussoukro#Português|Yamoussoukro]]
[[Categoria:Substantivo (Waray-Waray)]]
[[Categoria:Topónimo (Waray-Waray)]]
[[Categoria:Capital (Waray-Waray)]]</text>
<sha1>30p5hvtr6mhbhfaavusjts8yygu4rxu</sha1>
</revision>
</page>
