<page>
<page>
<title>Yanaurqu</title>
<ns>0</ns>
<id>153401</id>
<revision>
<id>2643466</id>
<parentid>2541110</parentid>
<timestamp>2021-07-23T17:16:33Z</timestamp>
<contributor>
<username>Maykeinwiki</username>
<id>81160</id>
</contributor>
<comment>Adição de predefinições talvez necessárias.</comment>
<model>wikitext</model>
<format>text/x-wiki</format>
<text bytes="541" xml:space="preserve">{{Wikipédia|lang=pt|Montenegro}}
{{Wikipédia|lang=qu}}
[[Imagem:Flag of Montenegro.svg|thumb|right|250px|&lt;center&gt;Bandeira de Montenegro&lt;/center&gt;]]
[[Imagem:LocationMontenegro.svg|thumb|right|250px|&lt;center&gt;Localização de Montenegro&lt;/center&gt;]]
={{-qu-}}=
==Substantivo==
'''Yanaurqu''', {{gramática|pr}}
# {{escopo|qu|País}} [[Montenegro]]
==={{-varort-}}===
* [[Muntinigru]]
* [[Yanaurqu Republika]]
==Ver também==
===No Wikcionário===
{{Europa/qu}}
[[Categoria:Substantivo (Quéchua)]]
[[Categoria:Entrada com imagem (Quéchua)]]</text>
<sha1>k98wmzujkghb8r88pn1exg6xsg54b9q</sha1>
</revision>
