<page>
<page>
<title>yanak</title>
<ns>0</ns>
<id>231088</id>
<revision>
<id>2461168</id>
<parentid>2140572</parentid>
<timestamp>2017-11-16T10:54:03Z</timestamp>
<contributor>
<username>ValJor</username>
<id>1358</id>
</contributor>
<comment>Confirmando [[:Categoria:!Entrada criada por robô|verbete criado por robô]]</comment>
<model>wikitext</model>
<format>text/x-wiki</format>
<text bytes="143" xml:space="preserve">{{Wikipédia|lang=tr}}
={{-tr-}}=
==Substantivo==
'''yanak'''
# [[bochecha]]
[[Categoria:Substantivo (Turco)]]
[[Categoria:Anatomia (Turco)]]</text>
<sha1>8i1f78mnz0ja1bxvxvzkgwzgpphv8co</sha1>
</revision>
