<page>
<title>yancuic</title>
<ns>0</ns>
<id>425408</id>
<revision>
<id>2595582</id>
<parentid>2593491</parentid>
<timestamp>2020-09-03T09:29:11Z</timestamp>
<contributor>
<username>ValJor</username>
<id>1358</id>
</contributor>
<comment>Melhorando a apresentação do verbete</comment>
<model>wikitext</model>
<format>text/x-wiki</format>
<text bytes="199" xml:space="preserve">={{-nci-}}=
==Adjetivo==
'''yancuic'''
# [[novo]]
[[Categoria:Adjetivo (Náuatle Clássico)]]
[[Categoria:Trissílabo (Náuatle Clássico)]]
[[Categoria:Ortografia normalizada (Náuatle Clássico)]]</text>
<sha1>39pr4jyfefmvarw5xsvjt0ey0q45afv</sha1>
</revision>
</page>
