<page>
<page>
<title>yank</title>
<ns>0</ns>
<id>444387</id>
<revision>
<id>2679883</id>
<timestamp>2022-06-12T09:46:38Z</timestamp>
<contributor>
<username>ValJor</username>
<id>1358</id>
</contributor>
<comment>Criando uma das [[Wikcionário:Entradas requisitadas|entradas pedidas por consulentes]]</comment>
<model>wikitext</model>
<format>text/x-wiki</format>
<text bytes="431" xml:space="preserve">{{Wikipédia|lang=en}}
={{-en-}}=
==Substantivo==
{{flex.en|s=yank|p=yanks}}
'''yank'''
# [[puxão]]
===Sinônimos===
{{verTambém.Ini}}
* [[jerk]]
{{verTambém.NovaColuna}}
* [[tug]]
{{verTambém.Fim}}
==Verbo==
'''yank'''
# [[puxar]], [[arrancar]]
===Conjugação===
{{conj.en|yank|yanks|yanked|yanked|yanking}}
==Ligações externas==
* {{CALD}}
* {{MWOD}}
[[Categoria:Substantivo (Inglês)]]
[[Categoria:Verbo (Inglês)]]</text>
<sha1>97u1zgrgh08tcr85z02bg0m9kp7vydb</sha1>
</revision>
