<page>
<page>
<title>Yankeeism</title>
<ns>0</ns>
<id>327893</id>
<revision>
<id>2282618</id>
<parentid>1838790</parentid>
<timestamp>2017-04-27T04:11:01Z</timestamp>
<contributor>
<username>HydrizBot</username>
<id>29590</id>
</contributor>
<minor />
<comment>Robô: A limpar links interwikis antigos</comment>
<model>wikitext</model>
<format>text/x-wiki</format>
<text bytes="132" xml:space="preserve">={{-en-}}=
==Substantivo==
{{flex.en|s=Yankeeism|p=Yankeeisms}}
'''Yankeeism'''
# [[ianquismo]]
[[Categoria:Substantivo (Inglês)]]</text>
<sha1>cilasj4m66a7oef1cjrk8q6zfelujkc</sha1>
</revision>
