<page>
<page>
<title>yanul</title>
<ns>0</ns>
<id>226470</id>
<revision>
<id>1944791</id>
<parentid>1911913</parentid>
<timestamp>2015-06-22T09:43:24Z</timestamp>
<contributor>
<username>HydrizBot</username>
<id>29590</id>
</contributor>
<minor />
<comment>Robô: A adicionar: [[tr:yanul]]</comment>
<model>wikitext</model>
<format>text/x-wiki</format>
<text bytes="607" xml:space="preserve">={{-vo-}}=
==Substantivo==
'''ya.{{grifar|nul}}'''
# [[janeiro]], primeiro [[mês]] do [[ano]] civil
===Declinação===
{{decl.vo.subst}}
==Ver também==
===No Wikcionário===
{{meses/vo}}
[[Categoria:Substantivo (Volapuque)]]
[[Categoria:Dissílabo (Volapuque)]]
[[Categoria:Oxítona (Volapuque)]]
[[Categoria:Mês (Volapuque)]]
[[af:yanul]]
[[az:yanul]]
[[be:yanul]]
[[csb:yanul]]
[[el:yanul]]
[[en:yanul]]
[[eo:yanul]]
[[eu:yanul]]
[[gd:yanul]]
[[hr:yanul]]
[[hu:yanul]]
[[id:yanul]]
[[lo:yanul]]
[[lt:yanul]]
[[nl:yanul]]
[[no:yanul]]
[[oc:yanul]]
[[pl:yanul]]
[[ru:yanul]]
[[tr:yanul]]
[[vo:yanul]]</text>
<sha1>6pjvhhwv0mv3ez32pbnr153gradwdd1</sha1>
</revision>
