<page>
<title>yao</title>
<ns>0</ns>
<id>405128</id>
<revision>
<id>2532209</id>
<timestamp>2019-01-10T21:10:46Z</timestamp>
<contributor>
<username>ValJor</username>
<id>1358</id>
</contributor>
<comment>Criação do verbete a partir da [[Especial:Páginas_pedidas|lista de palavras pedidas]]</comment>
<model>wikitext</model>
<format>text/x-wiki</format>
<text bytes="377" xml:space="preserve">{{Wikipédia|lang=pt}}
={{-pt-}}=
==Substantivo==
{{flex.pt|ms=yao|mp=-}}
{{paroxítona|y|a|o}}, {{gramática|m}}
# [[língua]] banta falada na África
==Ver também==
===No Wikcionário===
{{verTambém.Ini}}
* [[:Categoria:Yao]]
{{verTambém.NovaColuna}}
* [[:Predefinição:yao]]
{{verTambém.Fim}}
[[Categoria:Substantivo (Português)]]
[[Categoria:Língua (Português)]]</text>
<sha1>8rzmylrl7v35zmfrc209k45aynmyjeu</sha1>
</revision>
</page>
