<page>
<title>yaotl</title>
<ns>0</ns>
<id>428331</id>
<revision>
<id>2605047</id>
<parentid>2602642</parentid>
<timestamp>2020-12-21T08:43:27Z</timestamp>
<contributor>
<username>ValJor</username>
<id>1358</id>
</contributor>
<comment>Retirando ponto final da definição</comment>
<model>wikitext</model>
<format>text/x-wiki</format>
<text bytes="342" xml:space="preserve">={{-nci-}}=
==Substantivo==
'''yaotl'''
# [[inimigo]]
==={{-varort-}}===
* [[iautl]]
===Verbetes derivados===
* [[yaoyotl]]
=={{pronúncia|nci}}==
* [[AFI]]: /jaːˈoːtɬ/
* [[AFI]]: [ˈjáːˈ.oːtɬ]
[[Categoria:Substantivo (Náuatle Clássico)]]
[[Categoria:Dissílabo (Náuatle Clássico)]]
[[Categoria:Militar (Náuatle Clássico)]]</text>
<sha1>heo2q32tjy9l4n6tr0ugabrd420v4mr</sha1>
</revision>
</page>
