<page>
<page>
<title>yaourt</title>
<ns>0</ns>
<id>437549</id>
<revision>
<id>2648641</id>
<timestamp>2021-09-18T13:51:16Z</timestamp>
<contributor>
<ip>85.245.98.144</ip>
</contributor>
<comment>[[Ajuda:Guia de edição/Menus e ferramentas/Sumário de edição|→]] nova página: {{Wikipédia|lang=fr}}  ={{-br-}}= ==Substantivo== {{flex.br|ms=yaourt|mp=yaourtoù}} '''yaourt''', {{g|ms}} # {{escopo|br|Alimentação}} [[iogurte]]  ===Verbetes derivados=== * [[yaourterez]]  ==Ver também== ===No Wikcionário=== # [[laezh]]  [[Categoria:Substantivo (Bretão)]]   ={{-fr-}}= ==Substantivo== {{flex.fr|ms=yaourt|mp=yaourts}} '''yaourt''', {{g|ms}} # {{escopo|fr|Alimentação}} [[iogurte]]...</comment>
<model>wikitext</model>
<format>text/x-wiki</format>
<text bytes="953" xml:space="preserve">{{Wikipédia|lang=fr}}
={{-br-}}=
==Substantivo==
{{flex.br|ms=yaourt|mp=yaourtoù}}
'''yaourt''', {{g|ms}}
# {{escopo|br|Alimentação}} [[iogurte]]
===Verbetes derivados===
* [[yaourterez]]
==Ver também==
===No Wikcionário===
# [[laezh]]
[[Categoria:Substantivo (Bretão)]]
={{-fr-}}=
==Substantivo==
{{flex.fr|ms=yaourt|mp=yaourts}}
'''yaourt''', {{g|ms}}
# {{escopo|fr|Alimentação}} [[iogurte]]
==={{-varort-}}===
{{dividir em colunas|colunas=2}}
* [[yoghourt]]
* {{escopo2|Canadá}} [[yogourt]]
{{dividir em colunas/fim}}
===Verbetes derivados===
{{dividir em colunas|colunas=2}}
* [[yaourterie]]
* [[yaourtière]]
{{dividir em colunas/fim}}
=={{etimologia|fr}}==
: {{llietimo|tr|yoğurt|fr|ponto=não}} e este do turco otomano {{etimo|ota|یوغورت|(yōghurt)}}.
==Ver também==
===No Wikcionário===
{{verTambém.Ini}}
* [[caillé]]
{{verTambém.NovaColuna|50}}
* [[lait]]
{{verTambém.Fim}}
[[Categoria:Substantivo (Francês)]]</text>
<sha1>aink8qcdsdvxb3vytzkn3v3js5r6hfl</sha1>
</revision>
