<page>
<page>
<title>yaoyotl</title>
<ns>0</ns>
<id>428332</id>
<revision>
<id>2605043</id>
<parentid>2602646</parentid>
<timestamp>2020-12-21T08:31:14Z</timestamp>
<contributor>
<username>ValJor</username>
<id>1358</id>
</contributor>
<comment>Retirando ponto final da definição</comment>
<model>wikitext</model>
<format>text/x-wiki</format>
<text bytes="399" xml:space="preserve">={{-nci-}}=
==Substantivo==
'''yao.yotl'''
# [[guerra]], [[batalha]]
==={{-varort-}}===
* [[yaoyutl]]
=={{etimologia|nci}}==
: {{escopo|Morfologia}} [[yaotl]] + [[-yotl]].
=={{pronúncia|nci}}==
* [[AFI]]: /jaːoːjoːt͡ɬ/
* [[AFI]]: [jaː.ˈóː.joːt͡ɬ]
[[Categoria:Substantivo (Náuatle Clássico)]]
[[Categoria:Dissílabo (Náuatle Clássico)]]
[[Categoria:Militar (Náuatle Clássico)]]</text>
<sha1>b3wbs4iel04zkv48kiq25lj17ip1ix4</sha1>
</revision>
