<page>
<page>
<title>Yapan</title>
<ns>0</ns>
<id>235501</id>
<revision>
<id>2282620</id>
<parentid>1726468</parentid>
<timestamp>2017-04-27T04:11:06Z</timestamp>
<contributor>
<username>HydrizBot</username>
<id>29590</id>
</contributor>
<minor />
<comment>Robô: A limpar links interwikis antigos</comment>
<model>wikitext</model>
<format>text/x-wiki</format>
<text bytes="133" xml:space="preserve">={{-ln-}}=
==Substantivo==
'''Yapan'''
# [[Japão]]
{{página-automática|Maio|2010|Japão|ln}}
[[Categoria:Substantivo (Lingala)]]</text>
<sha1>6xsra13al00vsfdui1t30qyjiqhqohj</sha1>
</revision>
