<page>
<page>
<title>yapmak</title>
<ns>0</ns>
<id>52092</id>
<revision>
<id>1999314</id>
<parentid>1961052</parentid>
<timestamp>2015-09-09T15:31:17Z</timestamp>
<contributor>
<username>JAnDbot</username>
<id>25083</id>
</contributor>
<minor />
<comment>Robô: A adicionar: [[cs:yapmak]]</comment>
<model>wikitext</model>
<format>text/x-wiki</format>
<text bytes="490" xml:space="preserve">={{-tr-}}=
==Verbo==
'''yap.mak'''
:# [[fazer]]
:# [[construir]]
==Sinônimo==
* [[etmek]]
{{conj.tr.presind|yap|a|a}}
[[Categoria:Verbo (Turco)]]
[[az:yapmak]]
[[bs:yapmak]]
[[chr:yapmak]]
[[cs:yapmak]]
[[el:yapmak]]
[[en:yapmak]]
[[eu:yapmak]]
[[fa:yapmak]]
[[fi:yapmak]]
[[fr:yapmak]]
[[hu:yapmak]]
[[io:yapmak]]
[[ko:yapmak]]
[[ku:yapmak]]
[[ky:yapmak]]
[[lt:yapmak]]
[[mg:yapmak]]
[[nl:yapmak]]
[[pl:yapmak]]
[[ro:yapmak]]
[[ru:yapmak]]
[[tr:yapmak]]
[[uz:yapmak]]
[[vec:yapmak]]</text>
<sha1>k2e1qyql6gkl8bgjx5idjovd1efzbb7</sha1>
</revision>
