<page>
<title>Yaponiya</title>
<ns>0</ns>
<id>126347</id>
<revision>
<id>2541102</id>
<parentid>2282621</parentid>
<timestamp>2019-04-07T10:37:22Z</timestamp>
<contributor>
<username>ValJor</username>
<id>1358</id>
</contributor>
<comment>Acrescentando código de língua à [[:Categoria:!Página com mensagem de erro em predefinição|predefinição escopo]]</comment>
<model>wikitext</model>
<format>text/x-wiki</format>
<text bytes="428" xml:space="preserve">{{Wikipédia|lang=az}}
[[Imagem:Flag of Japan.svg|thumb|right|250px|&lt;center&gt;Bandeira do Japão&lt;/center&gt;]]
[[Imagem:LocationJapan.png|thumb|right|250px|&lt;center&gt;Localização do Japão&lt;/center&gt;]]
={{-az-}}=
==Substantivo==
'''Yaponiya''', {{gramática|pr}}
# {{escopo|az|País}} [[Japão]]
==Ver também==
===No Wikcionário===
{{Ásia/az}}
[[Categoria:Substantivo (Azerbaijano)]]
[[Categoria:Entrada com imagem (Azerbaijano)]]</text>
<sha1>ipvqvft2el8n8gj1eegey2g47so66lh</sha1>
</revision>
</page>
