<page>
<title>yapuquita</title>
<ns>0</ns>
<id>325481</id>
<revision>
<id>1829108</id>
<timestamp>2014-05-31T20:32:52Z</timestamp>
<contributor>
<username>Castelobranco</username>
<id>8424</id>
</contributor>
<comment>+1</comment>
<model>wikitext</model>
<format>text/x-wiki</format>
<text bytes="270" xml:space="preserve">={{-cod-}}=
==Substantivo==
'''ya.pu.{{grifar|qui}}.ta'''
# [[remo]]&lt;ref group=&quot;cod&quot;&gt;FAUST, 2008, p.160&lt;/ref&gt;
===Notas===
&lt;references group=&quot;cod&quot; /&gt;
===Referências===
{{verTambém.Ini}}
{{Faust2008}}
{{verTambém.Fim}}
{{categorias|{{cod}}|Substantivo|Polissílabo}}</text>
<sha1>0k664oxu8hl70l7k2ep6ht7dtxz70jz</sha1>
</revision>
</page>
