<page>
<page>
<title>yarbay</title>
<ns>0</ns>
<id>61782</id>
<revision>
<id>2554487</id>
<parentid>1803738</parentid>
<timestamp>2019-09-21T08:50:29Z</timestamp>
<contributor>
<username>ValJor</username>
<id>1358</id>
</contributor>
<comment>Acrescentando código de língua à [[:Categoria:!Página com mensagem de erro em predefinição|predefinição escopo]]</comment>
<model>wikitext</model>
<format>text/x-wiki</format>
<text bytes="620" xml:space="preserve">{{Wikipédia|lang=tr}}
={{-tr-}}=
==Substantivo==
'''yar.bay''', ''sem gênero''
# {{escopo|tr|Militar}} [[tenente-coronel]]
# patente militar situada exatamente entre [[binbaşı]] e [[albay]]
==Ver também==
===No Wikcionário===
{{verTambém.Ini}}
* [[alay]]
* [[albay]]
* [[albay]]
* [[asker]]
{{verTambém.NovaColuna}}
* [[astteğmen]]
* [[bey]]
* [[binbaşı]]
* [[korgeneral]]
{{verTambém.NovaColuna}}
* [[miralay]]
* [[orgeneral]]
* [[subay]]
* [[tuğgeneral]]
{{verTambém.NovaColuna}}
* [[tümgeneral]]
* [[üstsubay]]
* [[üstteğmen]]
* [[yüzbaşı]]
{{verTambém.Fim}}
[[Categoria:Substantivo (Turco)]]</text>
<sha1>04pcjxwmomo68w29ub63esyfhi3jwwm</sha1>
</revision>
