<page>
<title>yard</title>
<ns>0</ns>
<id>375082</id>
<revision>
<id>2246211</id>
<parentid>2246196</parentid>
<timestamp>2017-02-28T15:01:43Z</timestamp>
<contributor>
<username>RobokoBot</username>
<id>56179</id>
</contributor>
<minor />
<comment>Robô: A adicionar: an, ang, az, ca, chr, cs, da, de, el, en, eo, es, et, eu, fi, fr, gl, hi, hu, hy, id, io, it, kl, kn, ko, ku, li, mg, ml, mn, my, nl, pl, ro, ru, simple, sm, sv, sw, ta, te, tg, tr, vi, zh</comment>
<model>wikitext</model>
<format>text/x-wiki</format>
<text bytes="782" xml:space="preserve">={{-pt-}}=
==Substantivo==
{{flex.pt|fs=yard|fp=yards}}
'''''yard''''', {{gramática|f}}
# {{escopo|pt|estrangeirismo}} [[jarda]]
==Ligações externas==
* {{VOLPABL}}
* {{Priberam}}
[[Categoria:Substantivo (Português)]]
[[an:yard]]
[[ang:yard]]
[[az:yard]]
[[ca:yard]]
[[chr:yard]]
[[cs:yard]]
[[da:yard]]
[[de:yard]]
[[el:yard]]
[[en:yard]]
[[eo:yard]]
[[es:yard]]
[[et:yard]]
[[eu:yard]]
[[fi:yard]]
[[fr:yard]]
[[gl:yard]]
[[hi:yard]]
[[hu:yard]]
[[hy:yard]]
[[id:yard]]
[[io:yard]]
[[it:yard]]
[[kl:yard]]
[[kn:yard]]
[[ko:yard]]
[[ku:yard]]
[[li:yard]]
[[mg:yard]]
[[ml:yard]]
[[mn:yard]]
[[my:yard]]
[[nl:yard]]
[[pl:yard]]
[[ro:yard]]
[[ru:yard]]
[[simple:yard]]
[[sm:yard]]
[[sv:yard]]
[[sw:yard]]
[[ta:yard]]
[[te:yard]]
[[tg:yard]]
[[tr:yard]]
[[vi:yard]]
[[zh:yard]]</text>
<sha1>erntqukhsf3990aa6pohnmd37qkygaf</sha1>
</revision>
</page>
