<page>
<title>yare</title>
<ns>0</ns>
<id>86902</id>
<revision>
<id>2211715</id>
<parentid>2057989</parentid>
<timestamp>2016-12-14T16:10:50Z</timestamp>
<contributor>
<username>ValJor</username>
<id>1358</id>
</contributor>
<comment>Desfazendo ligação para predefinição que não existe e que provavelmente nunca vai ser criada</comment>
<model>wikitext</model>
<format>text/x-wiki</format>
<text bytes="1970" xml:space="preserve">={{-en-}}=
==Adjetivo==
{{flex.en.adj|yare|yarer|yarest}}
'''{{grifar|ya}}.re'''
# {{escopo|en|Arcaico}} [[pronto]], [[preparado]], [[a postos]]
'''{{grifar|ya}}.re''' / '''yare'''
# {{cont|2}} [[rápido]], [[ágil]]
# {{escopo|en|Náutica}} [[fácil]] de [[manobrar]] ([[barco]])
===Sinônimos===
* De '''1''': [[ready]], [[prepared]]
* De '''2''': [[agile#{{en}}|agile]], [[lively]]
* De '''3''': [[maneuverable]]
==={{-varort-}}===
* De '''2''' e '''3''': [[yar#{{en}}|yar]]
===Verbetes derivados===
* [[yarely]]
=={{etimologia|en}}==
{{llietimo|ang|gearo|en|pronto|ponto=não}}, pelo [[inglês médio]] {{etimo|enm|yare}}.
=={{pronúncia|en}}==
De '''1''' a '''3''':
* [[AFI]]: {{AFI|/ˈjɛ.əɹ/}}
* [[X-SAMPA]]: /&quot;jE.@r\/
De '''2''' e '''3''':
* [[AFI]]: {{AFI|/jɑɹ/}}
* [[X-SAMPA]]: /jAr\/
[[Categoria:Adjetivo (Inglês)]]
[[Categoria:Monossílabo (Inglês)]]
={{-io-}}=
==Advérbio==
'''{{grifar|ya}}.re'''
# ao [[ano]], por ano
===Verbetes derivados===
* [[cayare]]/[[ca-yare]]
=={{etimologia|io}}==
{{etimo.io|yar|-e}}
=={{pronúncia|io}}==
* [[AFI]]: {{AFI|/ˈja.ɾe/}}, {{AFI|/ˈjɑ.ɾɛ/}}
* [[X-SAMPA]]: /&quot;ja.4e/, /&quot;jA.4E/
==Ver também==
===No Wikcionário===
{{verTambém.Ini}}
* [[Apêndice:Unidades de tempo]]
* [[yaro]]
{{verTambém.Fim}}
[[Categoria:Advérbio (Ido)]]
[[Categoria:Dissílabo (Ido)]]
[[Categoria:Paroxítona (Ido)]]
={{-nov-}}=
==Substantivo==
'''ya.re'''
# [[ano]]
=={{pronúncia|nov}}==
* [[AFI]]: {{AFI|/ˈja.re/}}, {{AFI|/ˈja.ɹɛ/}}
* [[X-SAMPA]]: /&quot;ja.re/, /&quot;jA.r\E/
==Ver também==
===No Wikcionário===
{{verTambém.Ini}}
* [[Apêndice:Estações do ano]]
* [[Apêndice:Meses do ano|Apêndice:Meses do ano]]
* [[Apêndice:Unidades de tempo]]
{{verTambém.Fim}}
{{meses/nov}}
[[Categoria:Substantivo (Novial)]]
[[Categoria:Dissílabo (Novial)]]
[[Categoria:Tempo (Novial)]]
[[en:yare]]
[[es:yare]]
[[et:yare]]
[[io:yare]]
[[ka:yare]]
[[ku:yare]]
[[mg:yare]]
[[pl:yare]]
[[ru:yare]]
[[vo:yare]]
[[zh:yare]]</text>
<sha1>sslxj460mynickc966go5boml4uw4lw</sha1>
</revision>
</page>
