<page>
<page>
<title>yaro</title>
<ns>0</ns>
<id>86171</id>
<revision>
<id>2248029</id>
<parentid>2240623</parentid>
<timestamp>2017-03-04T03:00:42Z</timestamp>
<contributor>
<username>UT-interwiki-Bot</username>
<id>56129</id>
</contributor>
<minor />
<comment>Robô: A adicionar: [[eu:yaro]]</comment>
<model>wikitext</model>
<format>text/x-wiki</format>
<text bytes="808" xml:space="preserve">={{-io-}}=
==Substantivo==
'''{{grifar|ya}}.ro'''
# [[ano]]
===Declinação===
{{decl.io.subst|jar}}
=={{etimologia|io}}==
{{etimo.io|yar|-o}}
=={{pronúncia|io}}==
* [[AFI]]: {{AFI|/ˈja.ɾo/}}, {{AFI|/ˈja.ɾɔ/}}
* [[X-SAMPA]]: /&quot;ja.4o/, /&quot;ja.4O/
==Ver também==
===No Wikcionário===
{{verTambém.Ini}}
* [[Apêndice:Estações do ano]]
* [[Apêndice:Meses do ano|Apêndice:Meses do ano]]
{{confr|jaro}}
{{verTambém.Fim}}
{{estações do ano/io}}
{{meses/io}}
[[Categoria:Substantivo (Ido)]]
[[Categoria:Dissílabo (Ido)]]
[[Categoria:Paroxítona (Ido)]]
[[Categoria:Tempo (Ido)]]
[[chr:yaro]]
[[el:yaro]]
[[en:yaro]]
[[eo:yaro]]
[[et:yaro]]
[[eu:yaro]]
[[fi:yaro]]
[[fj:yaro]]
[[fr:yaro]]
[[ha:yaro]]
[[hu:yaro]]
[[io:yaro]]
[[ku:yaro]]
[[lo:yaro]]
[[lt:yaro]]
[[mg:yaro]]
[[pl:yaro]]
[[ru:yaro]]</text>
<sha1>a4p9yfbgy6n6cwfhoqutud8l4xdvp6t</sha1>
</revision>
