<page>
<page>
<title>yasashisa</title>
<ns>0</ns>
<id>132795</id>
<revision>
<id>2224052</id>
<parentid>2094239</parentid>
<timestamp>2017-01-16T23:43:52Z</timestamp>
<contributor>
<username>Tribuno da Plebe</username>
<id>16095</id>
</contributor>
<model>wikitext</model>
<format>text/x-wiki</format>
<text bytes="114" xml:space="preserve">={{-ja-}}=
==Transliteração==
# transliteração de [[やさしさ]]
[[Categoria:Transliteração (Japonês)]]</text>
<sha1>73vr1jcu7ip9o6xi3yjbu9o2ooh65oj</sha1>
</revision>
