<page>
<title>yasmin</title>
<ns>0</ns>
<id>397106</id>
<revision>
<id>2512981</id>
<parentid>2507299</parentid>
<timestamp>2018-07-24T08:04:42Z</timestamp>
<contributor>
<username>ValJor</username>
<id>1358</id>
</contributor>
<comment>Verbete com ligações externas. Não deveria ter sido colocado para ER. Num caso como esse use, ao invés, a predefinição {{reciclagem}}</comment>
<model>wikitext</model>
<format>text/x-wiki</format>
<text bytes="118" xml:space="preserve">={{-uz-}}=
==Substantivo==
'''yasmin'''
# [[jasmim]]
[[Categoria:Substantivo (Uzbeque)]]
[[Categoria:Flor (Uzbeque)]]</text>
<sha1>oni2iobhcxv585bju991pvs9elo8ust</sha1>
</revision>
</page>
