<page>
<title>yasumu</title>
<ns>0</ns>
<id>101942</id>
<revision>
<id>2224054</id>
<parentid>2091130</parentid>
<timestamp>2017-01-16T23:44:13Z</timestamp>
<contributor>
<username>Tribuno da Plebe</username>
<id>16095</id>
</contributor>
<model>wikitext</model>
<format>text/x-wiki</format>
<text bytes="126" xml:space="preserve">={{-ja-}}=
==Transliteração==
# transliteração de [[やすむ]]
[[Categoria:Transliteração (Japonês)]]
[[en:yasumu]]</text>
<sha1>hum45uwear4dajrpzeb20bw3tylxljm</sha1>
</revision>
</page>
