<page>
<page>
<title>yasui</title>
<ns>0</ns>
<id>166236</id>
<revision>
<id>2224053</id>
<parentid>2092360</parentid>
<timestamp>2017-01-16T23:44:03Z</timestamp>
<contributor>
<username>Tribuno da Plebe</username>
<id>16095</id>
</contributor>
<model>wikitext</model>
<format>text/x-wiki</format>
<text bytes="125" xml:space="preserve">={{-ja-}}=
==Transliteração==
# transliteração de [[やすい]]
[[Categoria:Transliteração (Japonês)]]
[[en:yasui]]</text>
<sha1>o7ihr8cl0vs8gnkbzavksttbl26ldd8</sha1>
</revision>
