<page>
<page>
<title>yat</title>
<ns>0</ns>
<id>282018</id>
<revision>
<id>2690906</id>
<parentid>2554483</parentid>
<timestamp>2022-10-27T22:27:27Z</timestamp>
<contributor>
<username>InternetArchiveBot</username>
<id>81604</id>
</contributor>
<comment>Rescuing 1 sources and tagging 0 as dead.) #IABot (v2.0.9.2</comment>
<model>wikitext</model>
<format>text/x-wiki</format>
<text bytes="485" xml:space="preserve">={{-vo-}}=
==Substantivo==
{{oxítona|yat|lang=vo}}
# {{escopo|vo|Mamífero}} [[esquilo]]
===Declinação===
{{decl.vo.subst}}
==={{pronúncia|vo}}===
* [[AFI]]: {{AFI|/jat/}}
==Ver também==
===Referências===
{{verTambém.Ini}}
* [https://web.archive.org/web/20090214001830/http://personal.southern.edu/~caviness/Volapuk/Misc/vol-eng.htm Volapük-English Dictionary (compilado por Ralph Midgley) (em inglês e volapuque)]
{{verTambém.Fim}}
[[Categoria:Substantivo (Volapuque)]]</text>
<sha1>rmdfao68cnm28045savl48e698fl769</sha1>
</revision>
