<page>
<title>yatakya</title>
<ns>0</ns>
<id>33777</id>
<revision>
<id>2090507</id>
<parentid>1333278</parentid>
<timestamp>2016-04-21T21:08:37Z</timestamp>
<contributor>
<username>Luan</username>
<id>1279</id>
</contributor>
<minor />
<comment>adicionou [[Categoria:Corpo celeste (Zuni)]] usando [[Wikcionário:HotCat|HotCat]]</comment>
<model>wikitext</model>
<format>text/x-wiki</format>
<text bytes="152" xml:space="preserve">={{-zun-}}=
==Substantivo==
'''yatakya'''
# [[sol]]
==Ver também==
* [[yachunne]]
[[Categoria:Substantivo (Zuni)]]
[[Categoria:Corpo celeste (Zuni)]]</text>
<sha1>pxhrn9pvanmo3uxmmx7kuk61eijy7ag</sha1>
</revision>
</page>
