<page>
<page>
<title>yatoinin</title>
<ns>0</ns>
<id>315783</id>
<revision>
<id>2224055</id>
<parentid>2094326</parentid>
<timestamp>2017-01-16T23:44:24Z</timestamp>
<contributor>
<username>Tribuno da Plebe</username>
<id>16095</id>
</contributor>
<model>wikitext</model>
<format>text/x-wiki</format>
<text bytes="117" xml:space="preserve">={{-ja-}}=
==Transliteração==
# transliteração de [[やといにん]]
[[Categoria:Transliteração (Japonês)]]</text>
<sha1>gb0hb518vwn38u7qtux1h2uhpvyt4bg</sha1>
</revision>
