<page>
<page>
<title>yatsucata</title>
<ns>0</ns>
<id>325484</id>
<revision>
<id>1829111</id>
<timestamp>2014-05-31T20:33:01Z</timestamp>
<contributor>
<username>Castelobranco</username>
<id>8424</id>
</contributor>
<comment>+1</comment>
<model>wikitext</model>
<format>text/x-wiki</format>
<text bytes="267" xml:space="preserve">={{-cod-}}=
==Verbo==
'''ya.tsu.{{grifar|ca}}.ta'''
# [[dar]] [[banho]]&lt;ref group=&quot;cod&quot;&gt;FAUST, 2008, p.161&lt;/ref&gt;
===Notas===
&lt;references group=&quot;cod&quot; /&gt;
===Referências===
{{verTambém.Ini}}
{{Faust2008}}
{{verTambém.Fim}}
{{categorias|{{cod}}|Verbo|Polissílabo}}</text>
<sha1>eq5r2i1hjv6rccxkikuqj7sc5kc4tnr</sha1>
</revision>
