<page>
<page>
<title>yatse</title>
<ns>0</ns>
<id>325336</id>
<revision>
<id>1828963</id>
<timestamp>2014-05-31T20:11:53Z</timestamp>
<contributor>
<username>Castelobranco</username>
<id>8424</id>
</contributor>
<comment>+1</comment>
<model>wikitext</model>
<format>text/x-wiki</format>
<text bytes="251" xml:space="preserve">={{-cod-}}=
==Verbo==
'''{{grifar|ya}}.tse'''
# [[abrir]]&lt;ref group=&quot;cod&quot;&gt;FAUST, 2008, p.161&lt;/ref&gt;
===Notas===
&lt;references group=&quot;cod&quot; /&gt;
===Referências===
{{verTambém.Ini}}
{{Faust2008}}
{{verTambém.Fim}}
{{categorias|{{cod}}|Verbo|Dissílabo}}</text>
<sha1>1im0uul3g07164mu0ewook3uhmj8esm</sha1>
</revision>
