<page>
<title>yatsi</title>
<ns>0</ns>
<id>324937</id>
<revision>
<id>1827307</id>
<timestamp>2014-05-23T12:13:43Z</timestamp>
<contributor>
<username>Castelobranco</username>
<id>8424</id>
</contributor>
<comment>+1</comment>
<model>wikitext</model>
<format>text/x-wiki</format>
<text bytes="1092" xml:space="preserve">[[Imagem:FullMoon2010.jpg|thumb|direita|200px|'''yatsi''']]
={{-cod-}}=
==Substantivo==
'''ya.{{grifar|tsi}}''' 
# [[lua]]
# [[mês]]
===Referências===
{{verTambém.Ini}}
* &lt;span style=&quot;color:#555;&quot;&gt;(em espanhol)&lt;/span&gt; ESPINOSA, Lucas. ''Breve Diccionario Analitico Castellano-Tupi del Peru - Sección Cocama''. Iquitos (PER): Ediciones C.E.T.A, 1989. ISBN 84-89295-43-3.
* &lt;span style=&quot;color:#555;&quot;&gt;(em espanhol)&lt;/span&gt; FAUST, Norma. ''Gramatica Cocama - Lecciones para el apredizaje del idoma cocama''. Série Linguística Peruana, nº 6. 3ª edição. Lima: Instituto Lingüístico de Verano, 2008.
* &lt;span style=&quot;color:#555;&quot;&gt;(em português)&lt;/span&gt; VIEGAS, Chandra Wood. ''Natureza e direções das mudanças linguísticas observadas entre os últimos falantes do Kokáma nativos do Brasil''. Dissertação de mestrado. Universidade de Brasília. 2010.
* &lt;span style=&quot;color:#555;&quot;&gt;(em inglês)&lt;/span&gt; YOPÁN, Rosa Vallejos. ''A Grammar of Kokama-Kokamilla''. Dissertação. University of Oregon. 2010
{{verTambém.Fim}}
{{categorias|{{cod}}|Substantivo|Dissílabo|Entrada com imagem}}</text>
<sha1>558q96447qxr1ddj8v60p8ijc9uajop</sha1>
</revision>
</page>
