<page>
<page>
<title>yaver</title>
<ns>0</ns>
<id>61815</id>
<revision>
<id>2554476</id>
<parentid>2140575</parentid>
<timestamp>2019-09-21T08:26:59Z</timestamp>
<contributor>
<username>ValJor</username>
<id>1358</id>
</contributor>
<comment>Acrescentando código de língua à [[:Categoria:!Página com mensagem de erro em predefinição|predefinição escopo]]</comment>
<model>wikitext</model>
<format>text/x-wiki</format>
<text bytes="653" xml:space="preserve">={{-tr-}}=
==Substantivo==
'''ya.ver''', ''sem gênero''
# {{escopo|tr|Militar}} [[ajudante-de-campo]]
# [[ajudante]]
# [[assistente]]
===Sinônimo===
* De '''1''' (ajudante-de-campo): [[emir subayı]]
==Ver também==
===No Wikcionário===
{{verTambém.Ini}}
* [[alay]]
* [[albay]]
* [[asker]]
* [[astteğmen]]
* [[baş]]
* [[bey]]
* [[binbaşı]]
{{verTambém.NovaColuna}}
* [[korgeneral]]
* [[kumandan]]
* [[mir]]
* [[miralay]]
* [[orgeneral]]
* [[subay]]
* [[teğmen]]
{{verTambém.NovaColuna}}
* [[tuğgeneral]]
* [[tümgeneral]]
* [[üstsubay]]
* [[üstteğmen]]
* [[yarbay]]
* [[yüzbaşı]]
{{verTambém.Fim}}
[[Categoria:Substantivo (Turco)]]</text>
<sha1>nk7lbn3po1h280b138dpm7a3vh82bix</sha1>
</revision>
