<page>
<title>yavru</title>
<ns>0</ns>
<id>61771</id>
<revision>
<id>2140574</id>
<parentid>1803797</parentid>
<timestamp>2016-06-11T14:48:10Z</timestamp>
<contributor>
<username>UT-interwiki-Bot</username>
<id>56129</id>
</contributor>
<minor />
<comment>Robô: A adicionar: [[fr:yavru]], [[ru:yavru]]</comment>
<model>wikitext</model>
<format>text/x-wiki</format>
<text bytes="316" xml:space="preserve">={{-tr-}}=
==Substantivo==
'''ya.vru''' ''sem gênero''
:# [[filhote]] (de animal)
:# [[criança]]
===Sinônimo===
* De 2: [[çocuk]]
[[Categoria:Substantivo (Turco)]]
[[az:yavru]]
[[chr:yavru]]
[[el:yavru]]
[[en:yavru]]
[[fi:yavru]]
[[fr:yavru]]
[[ku:yavru]]
[[mg:yavru]]
[[ru:yavru]]
[[tr:yavru]]
[[uz:yavru]]</text>
<sha1>eoiaen18e6bglcy0uhdbmh8abpjwp0x</sha1>
</revision>
</page>
