<page>
<page>
<title>yawachima</title>
<ns>0</ns>
<id>324822</id>
<revision>
<id>1826247</id>
<timestamp>2014-05-21T01:17:56Z</timestamp>
<contributor>
<username>Castelobranco</username>
<id>8424</id>
</contributor>
<comment>+1</comment>
<model>wikitext</model>
<format>text/x-wiki</format>
<text bytes="507" xml:space="preserve">={{-cod-}}=
==Verbo==
'''ya.wa.{{grifar|chi}}.ma'''
# [[chegou]]:
#: ''[[Yuan]] '''yawachima''' [[mukuika]] [[hura]] [[tapiariari]].'' &lt;small&gt;([[João]] [[chegou]] [[duas]] [[horas]] [[atrasado]])&lt;/small&gt;
===Referências===
{{verTambém.Ini}}
* &lt;span style=&quot;color:#555;&quot;&gt;(em espanhol)&lt;/span&gt; ESPINOSA, Lucas. ''Breve Diccionario Analitico Castellano-Tupi del Peru - Sección Cocama''. Iquitos (PER): Ediciones C.E.T.A, 1989. ISBN 84-89295-43-3.
{{verTambém.Fim}}
{{categorias|{{cod}}|Verbo|Polissílabo}}</text>
<sha1>g2b33bujrv54slmypp1y323agjbxfmh</sha1>
</revision>
