<page>
<page>
<title>yawner</title>
<ns>0</ns>
<id>433551</id>
<revision>
<id>2632821</id>
<timestamp>2021-05-02T18:52:52Z</timestamp>
<contributor>
<username>GabMarquetto</username>
<id>81219</id>
</contributor>
<comment>[[Ajuda:Guia de edição/Menus e ferramentas/Sumário de edição|→]] nova página: ={{-en-}}= ==Substantivo== {{flex.en|s=yawner|p=yawners}} '''yawner''' # [[bocejador]]  =={{etimologia|en}}==...</comment>
<model>wikitext</model>
<format>text/x-wiki</format>
<text bytes="188" xml:space="preserve">={{-en-}}=
==Substantivo==
{{flex.en|s=yawner|p=yawners}}
'''yawner'''
# [[bocejador]]
=={{etimologia|en}}==
:{{escopo|Morfologia}} [[yawn]] + [[-er]]
[[Categoria:Substantivo (Inglês)]]</text>
<sha1>e8i3qr34qak06lqp9bb09gxa2mtd5oj</sha1>
</revision>
