<page>
<page>
<title>yay</title>
<ns>0</ns>
<id>236281</id>
<revision>
<id>2658351</id>
<parentid>1803796</parentid>
<timestamp>2022-01-21T08:37:23Z</timestamp>
<contributor>
<username>ValJor</username>
<id>1358</id>
</contributor>
<comment>Confirmando [[:Categoria:!Entrada criada por robô|verbete criado por robô]]</comment>
<model>wikitext</model>
<format>text/x-wiki</format>
<text bytes="223" xml:space="preserve">{{Wikipédia|lang=az}}
={{-az-}}=
==Substantivo==
'''yay'''
# [[verão]]
==Ver também==
===No Wikcionário===
{{estações do ano/az}}
[[Categoria:Substantivo (Azerbaijano)]]
[[Categoria:Estação do ano (Azerbaijano)]]</text>
<sha1>9s2tp5jhuo6gkmhcq98hsm9bnekk7e7</sha1>
</revision>
