<page>
<page>
<title>yayou</title>
<ns>0</ns>
<id>229211</id>
<revision>
<id>2683018</id>
<parentid>1726470</parentid>
<timestamp>2022-07-08T11:51:25Z</timestamp>
<contributor>
<username>ValJor</username>
<id>1358</id>
</contributor>
<comment>Confirmando [[:Categoria:!Entrada criada por robô|verbete criado por robô]]</comment>
<model>wikitext</model>
<format>text/x-wiki</format>
<text bytes="127" xml:space="preserve">={{-sg-}}=
==Substantivo==
'''yayou'''
# [[céu]] (paraíso)
[[Categoria:Substantivo (Sango)]]
[[Categoria:Religião (Sango)]]</text>
<sha1>nge4xw6hkff7yuut178xymmvl3m43wd</sha1>
</revision>
