<page>
<page>
<title>yaz</title>
<ns>0</ns>
<id>47964</id>
<revision>
<id>2256620</id>
<parentid>2229613</parentid>
<timestamp>2017-03-27T00:30:12Z</timestamp>
<contributor>
<username>OctraBot</username>
<id>56948</id>
</contributor>
<minor />
<comment>Robô: A adicionar: [[gl:yaz]]</comment>
<model>wikitext</model>
<format>text/x-wiki</format>
<text bytes="614" xml:space="preserve">={{-tr-}}=
==Substantivo==
'''yaz''' singular (plural: [[yaslar]])
:# [[verão]]
===Estações do Ano ([[mevsimler]]) ===
[[ilkbahar]] | [[yaz]] | [[sonbahar]], [[güz]] | [[kış]]
{{decl.tr.sub|yaz|yazlar}}
[[Categoria:Substantivo (Turco)]]
[[af:yaz]]
[[az:yaz]]
[[bs:yaz]]
[[chr:yaz]]
[[cs:yaz]]
[[da:yaz]]
[[de:yaz]]
[[en:yaz]]
[[es:yaz]]
[[et:yaz]]
[[eu:yaz]]
[[fa:yaz]]
[[fi:yaz]]
[[fr:yaz]]
[[gl:yaz]]
[[hu:yaz]]
[[io:yaz]]
[[it:yaz]]
[[ja:yaz]]
[[kn:yaz]]
[[ko:yaz]]
[[ku:yaz]]
[[ky:yaz]]
[[lo:yaz]]
[[lt:yaz]]
[[lv:yaz]]
[[mg:yaz]]
[[nl:yaz]]
[[pl:yaz]]
[[ru:yaz]]
[[sv:yaz]]
[[tr:yaz]]
[[uz:yaz]]</text>
<sha1>l4ryg6abi95h05ofh4b8eu5rk1e2uup</sha1>
</revision>
