<page>
<title>yazde</title>
<ns>0</ns>
<id>103474</id>
<revision>
<id>1939052</id>
<parentid>1803795</parentid>
<timestamp>2015-06-05T11:46:38Z</timestamp>
<contributor>
<username>YS-Bot</username>
<id>32241</id>
</contributor>
<minor />
<comment>r2.7.3) (Robô: A adicionar: [[en:yazde]], [[sv:yazde]]</comment>
<model>wikitext</model>
<format>text/x-wiki</format>
<text bytes="471" xml:space="preserve">={{-ku-}}=
==Numeral==
'''{{PAGENAME}}''' ''cardinal''
# [[onze]]
===Variações===
* [[yanzde]], [[yazdeh]], [[yanzdeh]], [[yanze]]
==Anterior==
* [[deh]]
==Posterior==
* [[dazde]]
==Ver também==
===No Wikcionário===
* [[jimar]]
* [[hejmar]]
[[Categoria:Numeral cardinal (Curdo)|# A000011]]
[[chr:yazde]]
[[en:yazde]]
[[es:yazde]]
[[fr:yazde]]
[[ko:yazde]]
[[ku:yazde]]
[[lt:yazde]]
[[mg:yazde]]
[[nl:yazde]]
[[pl:yazde]]
[[ru:yazde]]
[[sv:yazde]]
[[tr:yazde]]</text>
<sha1>h4nt1cz8u93hkog1v6m5rr7omusj3ex</sha1>
</revision>
</page>
