<page>
<page>
<title>yazmak</title>
<ns>0</ns>
<id>59959</id>
<revision>
<id>2079743</id>
<parentid>1999317</parentid>
<timestamp>2016-04-02T14:01:44Z</timestamp>
<contributor>
<username>JAnDbot</username>
<id>25083</id>
</contributor>
<minor />
<comment>r2.7.3) (Robô: A adicionar: [[az:yazmak]]</comment>
<model>wikitext</model>
<format>text/x-wiki</format>
<text bytes="516" xml:space="preserve">={{-tr-}}=
==Verbo==
yaz.mak
:# [[escrever]]
==Ver Também==
* Azeri: [[yazmaq]]
* Uzbeque: [[yozmoq]]
[[Categoria:Verbo (Turco)]]
[[ast:yazmak]]
[[az:yazmak]]
[[bs:yazmak]]
[[chr:yazmak]]
[[cs:yazmak]]
[[da:yazmak]]
[[el:yazmak]]
[[en:yazmak]]
[[eu:yazmak]]
[[fa:yazmak]]
[[fi:yazmak]]
[[fr:yazmak]]
[[hu:yazmak]]
[[io:yazmak]]
[[ko:yazmak]]
[[ku:yazmak]]
[[ky:yazmak]]
[[lt:yazmak]]
[[mg:yazmak]]
[[nl:yazmak]]
[[pl:yazmak]]
[[ro:yazmak]]
[[ru:yazmak]]
[[tr:yazmak]]
[[uz:yazmak]]
[[vi:yazmak]]
[[zh:yazmak]]</text>
<sha1>0zjgoijkkowmz2clbwr3s3sivfzospq</sha1>
</revision>
