<page>
<title>Yb</title>
<ns>0</ns>
<id>8214</id>
<revision>
<id>2282624</id>
<parentid>2217740</parentid>
<timestamp>2017-04-27T04:11:25Z</timestamp>
<contributor>
<username>HydrizBot</username>
<id>29590</id>
</contributor>
<minor />
<comment>Robô: A limpar links interwikis antigos</comment>
<model>wikitext</model>
<format>text/x-wiki</format>
<text bytes="21" xml:space="preserve">{{SimbQuim|itérbio}}</text>
<sha1>3x8gkry4vhzstylele4gutx19xj60sz</sha1>
</revision>
</page>
