<page>
<page>
<title>ybaka</title>
<ns>0</ns>
<id>9772</id>
<revision>
<id>1937202</id>
<parentid>1803790</parentid>
<timestamp>2015-06-01T13:58:19Z</timestamp>
<contributor>
<username>ValJor</username>
<id>1358</id>
</contributor>
<comment>Retirando verbete da [[:Categoria:Entrada com imagem]]</comment>
<model>wikitext</model>
<format>text/x-wiki</format>
<text bytes="302" xml:space="preserve">={{-tu-}}=
==Substantivo==
'''ybaka'''
{{tupigrafia|ybaka| |ybaka|ybaka|ybaca}}
radical '''''ybak-''''' mais sufixo nominal '''''-a'''''
# a [[abóbada]] [[celeste]], o [[firmamento]]; o [[céu]]
[[Categoria:Substantivo (Tupi)]]
[[Categoria:Trissílabo (Tupi)]]
[[en:ybaka]]
[[fr:ybaka]]
[[mg:ybaka]]</text>
<sha1>ngoqlwsvl0g3oicm9njjer4eo97h387</sha1>
</revision>
