<page>
<page>
<title>ybyboca</title>
<ns>0</ns>
<id>80174</id>
<revision>
<id>1401959</id>
<parentid>309933</parentid>
<timestamp>2012-04-23T14:53:53Z</timestamp>
<contributor>
<username>ValJor</username>
<id>1358</id>
</contributor>
<comment>Eliminando um verbete da [[Especial:Redireccionamentos|lista de redirecionamentos]]</comment>
<model>wikitext</model>
<format>text/x-wiki</format>
<text bytes="110" xml:space="preserve">={{-tu-}}=
==Substantivo==
'''ybyboca'''
# grafia alternativa de [[ybyboka]]
[[Categoria:Substantivo (Tupi)]]</text>
<sha1>c4osmej2l5mg12v1cfavmxsfr1hpy6j</sha1>
</revision>
