<page>
<page>
<title>ybyboka</title>
<ns>0</ns>
<id>80173</id>
<revision>
<id>1366548</id>
<parentid>309934</parentid>
<timestamp>2012-01-16T21:00:23Z</timestamp>
<contributor>
<username>ValJor</username>
<id>1358</id>
</contributor>
<comment>Desfazendo link para [[Predefinição:Tupigrafia]] para poder deletar o redirecionamento</comment>
<model>wikitext</model>
<format>text/x-wiki</format>
<text bytes="337" xml:space="preserve">{{tupigrafia|ybyboka|-|ybyboka|ybyboka|ybyboca}}
={{-tu-}}=
==Substantivo==
'''y.by.boka''' 
# [[terra]] [[fendida]]
# [[fenda]] de terreno causada pela [[erosão]] [[pluvial]]
# [[voçoroca]]
==={{-varort-}}===
* [[ybyboca]]
=={{etimologia|tu}}==
* De [[yby]] ''(terra)'' + [[boka]] ''(fender-se)''.
[[Categoria:Substantivo (Tupi)]]</text>
<sha1>n454idthjdg6l09h77o2wjlbsl2qksk</sha1>
</revision>
