<page>
<page>
<title>ybyrauna</title>
<ns>0</ns>
<id>5991</id>
<revision>
<id>1372135</id>
<parentid>864641</parentid>
<timestamp>2012-02-01T11:36:27Z</timestamp>
<contributor>
<username>MalafayaBot</username>
<id>628</id>
</contributor>
<minor />
<comment>Robô: Substituição de texto automática  (-^\=(\s*?)(\{\{tu\}\}|Tupi)(\s*?)\= +={{-tu-}}=)</comment>
<model>wikitext</model>
<format>text/x-wiki</format>
<text bytes="242" xml:space="preserve">={{-tu-}}=
==Substantivo==
'''y.by.ra.u.na''' 
# [[braúna]]
# [[pau]] [[preto]]
==Ver também==
===No Wikcionário===
{{verTambém.Ini}}
* [[ybyrá]]
{{verTambém.NovaColuna}}
* [[ybyra]]
{{verTambém.Fim}}
[[Categoria:Substantivo (Tupi)]]</text>
<sha1>erh1eom69xg9ah0vpe9vh9n4zuq1w07</sha1>
</revision>
