<page>
<title>ybyrajara</title>
<ns>0</ns>
<id>5992</id>
<revision>
<id>1372131</id>
<parentid>864655</parentid>
<timestamp>2012-02-01T11:35:11Z</timestamp>
<contributor>
<username>MalafayaBot</username>
<id>628</id>
</contributor>
<minor />
<comment>Robô: Substituição de texto automática  (-^\=(\s*?)(\{\{tu\}\}|Tupi)(\s*?)\= +={{-tu-}}=)</comment>
<model>wikitext</model>
<format>text/x-wiki</format>
<text bytes="187" xml:space="preserve">={{-tu-}}=
==Substantivo==
'''y.by.ra.ja.ra'''
# Ubirajara
# [[senhor]] da [[lança]]; [[lanceiro]]
==Ver também==
===No Wikcionário===
* [[tabajara]]
[[Categoria:Substantivo (Tupi)]]</text>
<sha1>6j5tmiihjv2se8qn7imwkg35a7kdnit</sha1>
</revision>
</page>
