<page>
<title>ybytinga</title>
<ns>0</ns>
<id>317808</id>
<revision>
<id>2656364</id>
<parentid>1729406</parentid>
<timestamp>2021-12-29T16:09:38Z</timestamp>
<contributor>
<username>ValJor</username>
<id>1358</id>
</contributor>
<comment>Confirmando [[:Categoria:!Entrada criada por robô|verbete criado por robô]]</comment>
<model>wikitext</model>
<format>text/x-wiki</format>
<text bytes="266" xml:space="preserve">[[Imagem:Anvil shaped cumulus panorama edit.jpg|thumb|right|250px|{{centro|Nuvem}}]]
={{-tu-}}=
==Substantivo==
'''ybytinga'''
# [[nuvem]] (vapores de água)
[[Categoria:Substantivo (Tupi)]]
[[Categoria:Meteorologia (Tupi)]]
[[Categoria:Entrada com imagem (Tupi)]]</text>
<sha1>lzjodtld1u1ix52irmtw37o2fp0937e</sha1>
</revision>
</page>
