<page>
<title>ycatu</title>
<ns>0</ns>
<id>8888</id>
<revision>
<id>1372138</id>
<parentid>864627</parentid>
<timestamp>2012-02-01T11:36:30Z</timestamp>
<contributor>
<username>MalafayaBot</username>
<id>628</id>
</contributor>
<minor />
<comment>Robô: Substituição de texto automática  (-^\=(\s*?)(\{\{tu\}\}|Tupi)(\s*?)\= +={{-tu-}}=)</comment>
<model>wikitext</model>
<format>text/x-wiki</format>
<text bytes="406" xml:space="preserve">={{-tu-}}=
==Substantivo==
'''y.ca.tu'''
# [[água]] boa
# água [[potável]]
==Ver também==
===No Wikcionário===
* [[ygapó]]: [[mata]] inundada
* [[ygara]]: [[canoa]]
* [[ygarassu]]: canoa grande; [[navio]]
* [[ygarapé]]: caminho de canoa, braço de [[rio]]
* [[yguaba]]: [[bebedouro]]
* [[yguassu]]: [[caudal]], rio [[caudaloso]]
* [[y]]/[[yg]]: água
[[Categoria:Substantivo (Tupi)]]
[[et:ycatu]]</text>
<sha1>4ibly5nvjikh32529ovj7gsrnwskh2y</sha1>
</revision>
</page>
