<page>
<page>
<title>ydinvoimala</title>
<ns>0</ns>
<id>271570</id>
<revision>
<id>2140591</id>
<parentid>1555608</parentid>
<timestamp>2016-06-11T14:54:31Z</timestamp>
<contributor>
<username>UT-interwiki-Bot</username>
<id>56129</id>
</contributor>
<minor />
<comment>Robô: A adicionar: [[pl:ydinvoimala]], [[ru:ydinvoimala]]</comment>
<model>wikitext</model>
<format>text/x-wiki</format>
<text bytes="316" xml:space="preserve">={{-fi-}}=
==Substantivo==
'''y.din.voi.ma.la''' (sem gênero)
# [[central]] de [[energia]] [[nuclear]]
==Ver também==
* [[ydinase]]
* [[ydinvoima]]
* [[ydinreaktori]]
* [[ydin]]
[[Categoria:Substantivo (Finlandês)]]
[[en:ydinvoimala]]
[[et:ydinvoimala]]
[[fi:ydinvoimala]]
[[pl:ydinvoimala]]
[[ru:ydinvoimala]]</text>
<sha1>o9yfva7x42z9l98gost6tvtthzl2psa</sha1>
</revision>
