<page>
<title>ydinreaktori</title>
<ns>0</ns>
<id>271568</id>
<revision>
<id>1555606</id>
<parentid>1090029</parentid>
<timestamp>2012-12-06T23:50:17Z</timestamp>
<contributor>
<username>VJBot</username>
<id>33673</id>
</contributor>
<minor />
<comment>Robô: Substituição de texto automática  (-{{vertb}} +Ver também)</comment>
<model>wikitext</model>
<format>text/x-wiki</format>
<text bytes="247" xml:space="preserve">={{-fi-}}=
==Substantivo==
'''y.din.re.ak.to.ri''' (sem gênero)
# [[reator]] [[nuclear]]
==Ver também==
* [[ydinase]]
* [[ydinvoima]]
* [[ydin]]
* [[ydinvoimala]]
[[Categoria:Substantivo (Finlandês)]]
[[en:ydinreaktori]]
[[fi:ydinreaktori]]</text>
<sha1>7qzyjq0n0qx4a0qusd2s9tselrun6ac</sha1>
</revision>
</page>
