<page>
<page>
<title>ydinvoima</title>
<ns>0</ns>
<id>271569</id>
<revision>
<id>2140592</id>
<parentid>1687994</parentid>
<timestamp>2016-06-11T14:54:41Z</timestamp>
<contributor>
<username>UT-interwiki-Bot</username>
<id>56129</id>
</contributor>
<minor />
<comment>Robô: A adicionar: [[ru:ydinvoima]], [[tr:ydinvoima]]</comment>
<model>wikitext</model>
<format>text/x-wiki</format>
<text bytes="323" xml:space="preserve">={{-fi-}}=
==Substantivo==
'''y.din.voi.ma''' (sem gênero)
# [[energia]][[nuclear]]
==Ver também==
* [[ydinase]]
* [[ydin]]
* [[ydinreaktori]]
* [[ydinvoimala]]
[[Categoria:Substantivo (Finlandês)]]
[[en:ydinvoima]]
[[et:ydinvoima]]
[[fi:ydinvoima]]
[[lo:ydinvoima]]
[[mg:ydinvoima]]
[[ru:ydinvoima]]
[[tr:ydinvoima]]</text>
<sha1>cub9cuxyy0suzhohpl1eemh6xdhdrk4</sha1>
</revision>
