<page>
<title>ye</title>
<ns>0</ns>
<id>133890</id>
<revision>
<id>2475754</id>
<parentid>2146297</parentid>
<timestamp>2018-01-08T11:17:05Z</timestamp>
<contributor>
<username>Imivorn</username>
<id>64513</id>
</contributor>
<model>wikitext</model>
<format>text/x-wiki</format>
<text bytes="946" xml:space="preserve">={{-en-}}=
==Pronome==
'''ye'''
# [[vós]]
==Artigo==
'''ye''', ''definido''
# [[o]], a, os, as
[[Categoria:Artigo (Inglês)]]
[[Categoria:Pronome (Inglês)]]
={{-mwl-}}=
==Forma verbal==
{{oxítona|ye|língua=mwl}}
# [[terceira pessoa]] do [[singular]] no [[presente]] do [[indicativo]] de [[ser#{{mwl}}|ser]]
{{avi-for-fle|ser}}
[[Categoria:Forma verbal (Mirandês)]]
={{-vo-}}=
==Substantivo==
'''ye'''
# [[contudo]]; [[porém]]
==={{pronúncia|vo}}===
*[[AFI]]: {{AFI|/je/}}
[[Categoria:Conjunção (Volapuque)]]
[[Categoria:Monossílabo (Volapuque)]]
[[Categoria:Oxítona (Volapuque)]]
[[ast:ye]]
[[ca:ye]]
[[chr:ye]]
[[de:ye]]
[[en:ye]]
[[es:ye]]
[[et:ye]]
[[fi:ye]]
[[fj:ye]]
[[fr:ye]]
[[hu:ye]]
[[id:ye]]
[[io:ye]]
[[it:ye]]
[[ja:ye]]
[[jv:ye]]
[[ko:ye]]
[[ku:ye]]
[[la:ye]]
[[li:ye]]
[[lt:ye]]
[[mg:ye]]
[[ml:ye]]
[[nah:ye]]
[[pl:ye]]
[[ru:ye]]
[[simple:ye]]
[[sv:ye]]
[[ta:ye]]
[[te:ye]]
[[th:ye]]
[[tr:ye]]
[[vo:ye]]
[[zh:ye]]</text>
<sha1>ix5rbh9s5edtl6kw8csx8lk8zpfwuok</sha1>
</revision>
</page>
