<page>
<page>
<title>yeah</title>
<ns>0</ns>
<id>8989</id>
<revision>
<id>2554311</id>
<parentid>2158438</parentid>
<timestamp>2019-09-20T10:33:57Z</timestamp>
<contributor>
<username>ValJor</username>
<id>1358</id>
</contributor>
<comment>Acrescentando código de língua à [[:Categoria:!Página com mensagem de erro em predefinição|predefinição escopo]]</comment>
<model>wikitext</model>
<format>text/x-wiki</format>
<text bytes="431" xml:space="preserve">={{-en-}}=
==Advérbio==
'''yeah'''
# {{escopo|en|Informal}} [[sim]]
==Interjeição==
'''yeah'''
# {{escopo|en|Informal}} expressa [[contentamento]], [[alegria]], [[concordância]], etc
===Sinônimos===
{{verTambém.Ini}}
* [[aye]]
* [[uh-huh]]
{{verTambém.NovaColuna}}
* [[yea]]
* [[yep]]
{{verTambém.NovaColuna}}
* [[yes]]
* [[yup]]
{{verTambém.Fim}}
[[Categoria:Advérbio (Inglês)]]
[[Categoria:Interjeição (Inglês)]]</text>
<sha1>18h2tacrbr3a2uly0163zblm6yf4lr5</sha1>
</revision>
