<page>
<title>yeast</title>
<ns>0</ns>
<id>91309</id>
<revision>
<id>2220898</id>
<parentid>2140588</parentid>
<timestamp>2017-01-09T06:29:29Z</timestamp>
<contributor>
<username>UT-interwiki-Bot</username>
<id>56129</id>
</contributor>
<minor />
<comment>Robô: A adicionar: [[cs:yeast]]</comment>
<model>wikitext</model>
<format>text/x-wiki</format>
<text bytes="766" xml:space="preserve">={{-en-}}=
== Substantivo ==
{{flex.en}}
'''yeast'''
# [[fermento]], [[levedura]].
== Etimologia ==
: Do Inglês Antigo, ''[[gist#{{ang}}|gist]]'' (''&quot;levedura&quot;'').
[[Categoria:Substantivo (Inglês)]]
[[Categoria:Entrada com etimologia (Inglês)]]
[[ar:yeast]]
[[chr:yeast]]
[[cs:yeast]]
[[cy:yeast]]
[[de:yeast]]
[[el:yeast]]
[[en:yeast]]
[[eo:yeast]]
[[es:yeast]]
[[et:yeast]]
[[eu:yeast]]
[[fa:yeast]]
[[fi:yeast]]
[[fr:yeast]]
[[hu:yeast]]
[[hy:yeast]]
[[io:yeast]]
[[it:yeast]]
[[kn:yeast]]
[[ko:yeast]]
[[ku:yeast]]
[[mg:yeast]]
[[ml:yeast]]
[[my:yeast]]
[[nl:yeast]]
[[no:yeast]]
[[pl:yeast]]
[[ps:yeast]]
[[ru:yeast]]
[[sv:yeast]]
[[ta:yeast]]
[[te:yeast]]
[[tg:yeast]]
[[th:yeast]]
[[tl:yeast]]
[[tr:yeast]]
[[vi:yeast]]
[[zh:yeast]]
[[zh-min-nan:yeast]]</text>
<sha1>4xbexbv838z8ajz68ckq14z1fwve336</sha1>
</revision>
</page>
