<page>
<page>
<title>yedi</title>
<ns>0</ns>
<id>36928</id>
<revision>
<id>2554307</id>
<parentid>2252371</parentid>
<timestamp>2019-09-20T10:26:51Z</timestamp>
<contributor>
<username>ValJor</username>
<id>1358</id>
</contributor>
<comment>Trocando escopo por escopo2</comment>
<model>wikitext</model>
<format>text/x-wiki</format>
<text bytes="2755" xml:space="preserve">{{ver também|ýedi}}
={{-gag-}}=
==Numeral==
'''ye.di''' ''[[cardinal]]''
# [[sete]]
===Verbetes derivados===
{{verTambém.Ini}}
* {{link opcional|yedinci}} (''[[ordinal]]'')
{{verTambém.Fim}}
=={{etimologia|gag}}==
: Do [[proto-túrquico]] *''jäti''.
===Cognatos===
{{tradini|Cognatos de ''yedi''}}
* {{trad|az|yeddi}}
* {{trad-|ky|жети|(zheti)}}
* {{trad|crh|yedi}}
{{tradmeio}}
* {{trad|tr|yedi}}
* {{trad|tk|ýedi}}
{{tradfim}}
==Ver também==
===No Wikcionário===
{{verTambém.Ini}}
* {{link opcional|nomer|crh}}
{{verTambém.Fim}}
{{números/gag}}
[[Categoria:Adjetivo (Gagauz)]]
[[Categoria:Numeral cardinal (Gagauz)]]
[[Categoria:Substantivo (Gagauz)]]
[[Categoria:Dissílabo (Gagauz)]]
={{-crh-}}=
==Numeral==
'''ye.di''' ''[[cardinal]]''
# [[sete]]
===Verbetes derivados===
{{verTambém.Ini}}
* {{link opcional|yedinci|crh}} (''[[ordinal]]'')
{{verTambém.Fim}}
=={{etimologia|crh}}==
: Do [[proto-túrquico]] *''jäti''.
===Cognatos===
{{tradini|Cognatos de ''yedi''}}
* {{trad|az|yeddi}}
* {{trad|gag|yedi}}
* {{trad-|ky|жети|(zheti)}}
{{tradmeio}}
* {{trad|tr|yedi}}
* {{trad|tk|ýedi}}
{{tradfim}}
==Ver também==
===No Wikcionário===
{{verTambém.Ini}}
* {{l.s.|san|{{crh}}}}
{{verTambém.Fim}}
{{números/crh}}
===Referências===
{{verTambém.Ini}}
* [http://medeniye.org/lugat Luğat (Alem-i Medeniye) (em russo e tártaro da Crimeia)]
{{verTambém.Fim}}
[[Categoria:Adjetivo (Tártaro da Crimeia)]]
[[Categoria:Numeral cardinal (Tártaro da Crimeia)]]
[[Categoria:Substantivo (Tártaro da Crimeia)]]
[[Categoria:Dissílabo (Tártaro da Crimeia)]]
={{-tr-}}=
==Numeral==
'''ye.di''' ''[[cardinal]]''
# [[sete]]
===Expressões===
* '''[[on yedi]]''': dezessete (17)
* '''[[yedi kenarlı]]''': {{escopo2|Matemática, Geometria}} heptágono
* '''[[yedi noktalı uğurböceği]]''': {{escopo2|Zoologia}} joaninha-de-sete-pontos (''Coccinella septempunctata'')
===Verbetes derivados===
{{verTambém.Ini}}
* {{link opcional|yedinci|tr}} (''[[ordinal]]'')
{{verTambém.Fim}}
=={{etimologia|tr}}==
: Do [[proto-túrquico]] *''jäti''.
===Cognatos===
{{tradini|Cognatos de ''yedi''}}
* {{trad|az|yeddi}}
* {{trad|gag|yedi}}
* {{trad-|ky|жети|(zheti)}}
{{tradmeio}}
* {{trad|crh|yedi}}
* {{trad|tk|ýedi}}
{{tradfim}}
=={{pronúncia|tr}}==
* [[AFI]]: {{AFI|/je.di/}}
* [[X-SAMPA]]: /je.di/
==Ver também==
===No Wikcionário===
{{verTambém.Ini}}
* {{link opcional|sayı|tr}}
{{verTambém.Fim}}
{{números/tr}}
===Referências===
{{verTambém.Ini}}
* [http://www.tureng.com/search/{{PAGENAME}} ''{{PAGENAME}}'' no Tureng Sözlük (em inglês e turco)]
{{verTambém.Fim}}
[[Categoria:Adjetivo (Turco)]]
[[Categoria:Numeral cardinal (Turco)]]
[[Categoria:Substantivo (Turco)]]
[[Categoria:Dissílabo (Turco)]]</text>
<sha1>k18x1yid3jp94gncp29o9y2m56saqzy</sha1>
</revision>
