<page>
<page>
<title>yeh</title>
<ns>0</ns>
<id>14994</id>
<revision>
<id>1803780</id>
<parentid>1493705</parentid>
<timestamp>2014-01-08T10:55:35Z</timestamp>
<contributor>
<username>MalafayaBot</username>
<id>628</id>
</contributor>
<minor />
<comment>r2.7.5) (Robô: A adicionar: [[ja:yeh]], [[ko:yeh]], [[pl:yeh]]</comment>
<model>wikitext</model>
<format>text/x-wiki</format>
<text bytes="231" xml:space="preserve">={{-ban-}}=
==Substantivo==
'''{{PAGENAME}}'''
# [[água]]
[[Categoria:Substantivo (Balinês)]]
[[en:yeh]]
[[fr:yeh]]
[[id:yeh]]
[[ja:yeh]]
[[ko:yeh]]
[[ku:yeh]]
[[lt:yeh]]
[[mg:yeh]]
[[pl:yeh]]
[[ru:yeh]]
[[sm:yeh]]
[[tr:yeh]]</text>
<sha1>j5gdxua84s568jlsqke8caadctmmh9h</sha1>
</revision>
