<page>
<title>Yehezkel</title>
<ns>0</ns>
<id>424652</id>
<revision>
<id>2591169</id>
<timestamp>2020-06-24T19:02:04Z</timestamp>
<contributor>
<username>Leonardo José Raimundo</username>
<id>43489</id>
</contributor>
<comment>Eu estou criando o nome &quot;Yehezkel&quot;.</comment>
<model>wikitext</model>
<format>text/x-wiki</format>
<text bytes="201" xml:space="preserve">={{-br-}}=
==Substantivo==
{{oxítona|Ye|hez|kel|lang=br}}
# {{escopo|br|Cristianismo|religião}} [[Ezequiel]]
==Ver também==
===No Wikcionário===
{{bíblia/br}}
[[Categoria:Substantivo (Bretão)]]</text>
<sha1>3fdn8o0p8wbamc1sbmjhivy3tj7ax4i</sha1>
</revision>
</page>
