<page>
<page>
<title>Yehoshoua</title>
<ns>0</ns>
<id>424625</id>
<revision>
<id>2591105</id>
<timestamp>2020-06-23T19:35:21Z</timestamp>
<contributor>
<username>Leonardo José Raimundo</username>
<id>43489</id>
</contributor>
<comment>Eu estou criando o nome &quot;Yehoshoua&quot;.</comment>
<model>wikitext</model>
<format>text/x-wiki</format>
<text bytes="204" xml:space="preserve">={{-br-}}=
==Substantivo==
{{paroxítona|Ye|ho|shou|a|lang=br}}
# {{escopo|br|Cristianismo|religião}} [[Josué]]
==Ver também==
===No Wikcionário===
{{bíblia/br}}
[[Categoria:Substantivo (Bretão)]]</text>
<sha1>ahr8ifr6sc35s5jjouf74f2hcnq814j</sha1>
</revision>
