<page>
<title>yei</title>
<ns>0</ns>
<id>15209</id>
<revision>
<id>2531231</id>
<parentid>2516760</parentid>
<timestamp>2019-01-04T05:54:56Z</timestamp>
<contributor>
<username>Marrovi</username>
<id>27953</id>
</contributor>
<model>wikitext</model>
<format>text/x-wiki</format>
<text bytes="146" xml:space="preserve">={{-nci-}}=
==Numeral==
'''yei''', ''cardinal''
# [[três]]
{{categorias|{{nci}}|Substantivo|Dissílabo|Numeral cardinal|Ortografia normalizada}}</text>
<sha1>bcqe6ry97megytcmb4hpxb2net21u50</sha1>
</revision>
</page>
