<page>
<page>
<title>yelkan</title>
<ns>0</ns>
<id>313970</id>
<revision>
<id>2654160</id>
<parentid>2207223</parentid>
<timestamp>2021-12-04T14:37:17Z</timestamp>
<contributor>
<username>ValJor</username>
<id>1358</id>
</contributor>
<comment>Confirmando [[:Categoria:!Entrada criada por robô|verbete criado por robô]]</comment>
<model>wikitext</model>
<format>text/x-wiki</format>
<text bytes="225" xml:space="preserve">[[Imagem:Jangada-Tibau.jpg|thumb|right|250px|{{centro|Vela}}]]
={{-uz-}}=
==Substantivo==
'''yelkan'''
# [[vela]] (pano que se prende ao mastro)
[[Categoria:Substantivo (Uzbeque)]]
[[Categoria:Entrada com imagem (Uzbeque)]]</text>
<sha1>jv514eyewp4a1ak0lrfuplo6mx6ft8y</sha1>
</revision>
