<page>
<page>
<title>yell</title>
<ns>0</ns>
<id>8990</id>
<revision>
<id>2632972</id>
<parentid>1855815</parentid>
<timestamp>2021-05-03T01:37:36Z</timestamp>
<contributor>
<username>GabMarquetto</username>
<id>81219</id>
</contributor>
<model>wikitext</model>
<format>text/x-wiki</format>
<text bytes="295" xml:space="preserve">={{-en-}}=
==Substantivo==
{{flex.en|s=yell|p=yells}}
'''yell'''
# [[grito]]
==Verbo==
'''yell'''
# [[gritar]]
===Conjugação===
{{conj.en|yell|yells|yelled|yelled|yelling}}
==Ver também==
===No Wikcionário===
* [[scream]]
[[Categoria:Substantivo (Inglês)]]
[[Categoria:Verbo (Inglês)]]</text>
<sha1>kk2kapkfxkjgattoqyqt45optz215yq</sha1>
</revision>
