<page>
<page>
<title>Yeme</title>
<ns>0</ns>
<id>427424</id>
<revision>
<id>2599320</id>
<timestamp>2020-10-23T06:51:38Z</timestamp>
<contributor>
<username>ValJor</username>
<id>1358</id>
</contributor>
<comment>Criação do verbete a partir da [[Especial:Páginas_pedidas|lista de palavras pedidas]]</comment>
<model>wikitext</model>
<format>text/x-wiki</format>
<text bytes="485" xml:space="preserve">{{Wikipédia|lang=ast}}
[[Imagem:Flag of Yemen.svg|thumb|right|250px|&lt;center&gt;Bandeira do Iémen&lt;/center&gt;]]
[[Imagem:LocationYemen.png|thumb|right|250px|&lt;center&gt;Localização do Iémen&lt;/center&gt;]]
={{-ast-}}=
==Substantivo==
'''Yeme''', {{gramática|pr}}
# {{escopo|ast|País}} {{PEPB|[[Iémen]]|[[Iêmen]]|inline=1}}
==={{-varort-}}===
* [[Yemen]]
==Ver também==
===No Wikcionário===
{{Ásia/ast}}
[[Categoria:Substantivo (Asturiano)]]
[[Categoria:Entrada com imagem (Asturiano)]]</text>
<sha1>d8p01auyo7kqj6hl2p8tgch8ewohfsf</sha1>
</revision>
