<page>
<title>Yemen</title>
<ns>0</ns>
<id>97728</id>
<revision>
<id>2634027</id>
<parentid>2546883</parentid>
<timestamp>2021-05-14T05:24:49Z</timestamp>
<contributor>
<username>Manoro82</username>
<id>80934</id>
</contributor>
<comment>/* {{-nah-}} */</comment>
<model>wikitext</model>
<format>text/x-wiki</format>
<text bytes="15894" xml:space="preserve">{{Wikipédia|lang=an}}
{{Wikipédia|lang=eu}}
{{Wikipédia|lang=bcl}}
{{Wikipédia|lang=br}}
{{Wikipédia|lang=kaa}}
{{Wikipédia|lang=ceb}}
{{Wikipédia|lang=sn}}
{{Wikipédia|lang=kw}}
{{Wikipédia|lang=co}}
{{Wikipédia|lang=jam}}
{{Wikipédia|lang=ku}}
{{Wikipédia|lang=diq}}
{{Wikipédia|lang=da}}
{{Wikipédia|lang=sco}}
{{Wikipédia|lang=es}}
{{Wikipédia|lang=ext}}
{{Wikipédia|lang=gag}}
{{Wikipédia|lang=kl}}
{{Wikipédia|lang=hak}}
{{Wikipédia|lang=ha}}
{{Wikipédia|lang=hif}}
{{Wikipédia|lang=io}}
{{Wikipédia|lang=ilo}}
{{Wikipédia|lang=simple}}
{{Wikipédia|lang=en}}
{{Wikipédia|lang=ia}}
{{Wikipédia|lang=ie}}
{{Wikipédia|lang=yo}}
{{Wikipédia|lang=it}}
{{Wikipédia|lang=kg}}
{{Wikipédia|lang=ki}}
{{Wikipédia|lang=lad}}
{{Wikipédia|lang=lij}}
{{Wikipédia|lang=lmo}}
{{Wikipédia|lang=mg}}
{{Wikipédia|lang=nan}}
{{Wikipédia|lang=nap}}
{{Wikipédia|lang=nah}}
{{Wikipédia|lang=na}}
{{Wikipédia|lang=pih}}
{{Wikipédia|lang=nov}}
{{Wikipédia|lang=pam}}
{{Wikipédia|lang=pap}}
{{Wikipédia|lang=pms}}
{{Wikipédia|lang=ro}}
{{Wikipédia|lang=scn}}
{{Wikipédia|lang=so}}
{{Wikipédia|lang=sw}}
{{Wikipédia|lang=tl}}
{{Wikipédia|lang=crh}}
{{Wikipédia|lang=tpi}}
{{Wikipédia|lang=tum}}
{{Wikipédia|lang=tr}}
{{Wikipédia|lang=vi}}
{{Wikipédia|lang=war}}
{{Wikipédia|lang=za}}
[[Imagem:Flag of Yemen.svg|thumb|250px|&lt;center&gt;Bandeira do Iémen&lt;/center&gt;]]
[[Imagem:LocationYemen.png|thumb|250px|&lt;center&gt;Localização do Iémen&lt;/center&gt;]]
={{-an-}}=
==Substantivo==
'''Yemen''', {{gramática|pr}}
# {{escopo|an|País}} {{PEPB|[[Iémen]]|[[Iêmen]]|inline=1}}
==Ver também==
===No Wikcionário===
{{Ásia/an}}
[[Categoria:Substantivo (Aragonês)]]
[[Categoria:Entrada com imagem (Aragonês)]]
={{-eu-}}=
==Substantivo==
'''Yemen''', {{gramática|pr}}
# {{escopo|eu|País}} {{PEPB|[[Iémen]]|[[Iêmen]]|inline=1}}
==Ver também==
===No Wikcionário===
{{Ásia/eu}}
[[Categoria:Substantivo (Basco)]]
[[Categoria:Entrada com imagem (Basco)]]
={{-bcl-}}=
==Substantivo==
'''Yemen''', {{gramática|pr}}
# {{escopo|bcl|País}} {{PEPB|[[Iémen]]|[[Iêmen]]|inline=1}}
==Ver também==
===No Wikcionário===
{{Ásia/bcl}}
[[Categoria:Substantivo (Bicolano Central)]]
[[Categoria:Entrada com imagem (Bicolano Central)]]
={{-br-}}=
==Substantivo==
'''Yemen''', {{gramática|pr}}
# {{escopo|br|País}} {{PEPB|[[Iémen]]|[[Iêmen]]|inline=1}}
==Ver também==
===No Wikcionário===
{{Ásia/br}}
[[Categoria:Substantivo (Bretão)]]
[[Categoria:Entrada com imagem (Bretão)]]
={{-kaa-}}=
==Substantivo==
'''Yemen''', {{gramática|pr}}
# {{escopo|kaa|País}} {{PEPB|[[Iémen]]|[[Iêmen]]|inline=1}}
==Ver também==
===No Wikcionário===
{{Ásia/kaa}}
[[Categoria:Substantivo (Caracalpaque)]]
[[Categoria:Entrada com imagem (Caracalpaque)]]
={{-ceb-}}=
==Substantivo==
'''Yemen''', {{gramática|pr}}
# {{escopo|ceb|País}} {{PEPB|[[Iémen]]|[[Iêmen]]|inline=1}}
==Ver também==
===No Wikcionário===
{{Ásia/ceb}}
[[Categoria:Substantivo (Cebuano)]]
[[Categoria:Entrada com imagem (Cebuano)]]
={{-sn-}}=
==Substantivo==
'''Yemen''', {{gramática|pr}}
# {{escopo|sn|País}} {{PEPB|[[Iémen]]|[[Iêmen]]|inline=1}}
==Ver também==
===No Wikcionário===
{{Ásia/sn}}
[[Categoria:Substantivo (Chona)]]
[[Categoria:Entrada com imagem (Chona)]]
={{-kw-}}=
==Substantivo==
'''Yemen''', {{gramática|pr}}
# {{escopo|kw|País}} {{PEPB|[[Iémen]]|[[Iêmen]]|inline=1}}
==Ver também==
===No Wikcionário===
{{Ásia/kw}}
[[Categoria:Substantivo (Córnico)]]
[[Categoria:Entrada com imagem (Córnico)]]
={{-co-}}=
==Substantivo==
'''Yemen''', {{gramática|pr}}
# {{escopo|co|País}} {{PEPB|[[Iémen]]|[[Iêmen]]|inline=1}}
==Ver também==
===No Wikcionário===
{{Ásia/co}}
[[Categoria:Substantivo (Corso)]]
[[Categoria:Entrada com imagem (Corso)]]
={{-jam-}}=
==Substantivo==
'''Yemen''', {{gramática|pr}}
# {{escopo|jam|País}} {{PEPB|[[Iémen]]|[[Iêmen]]|inline=1}}
==Ver também==
===No Wikcionário===
{{Ásia/jam}}
[[Categoria:Substantivo (Crioulo Jamaicano)]]
[[Categoria:Entrada com imagem (Crioulo Jamaicano)]]
={{-ku-}}=
==Substantivo==
'''Yemen''', {{gramática|pr}}
# {{escopo|ku|País}} {{PEPB|[[Iémen]]|[[Iêmen]]|inline=1}}
==Ver também==
===No Wikcionário===
{{Ásia/ku}}
[[Categoria:Substantivo (Curdo)]]
[[Categoria:Entrada com imagem (Curdo)]]
={{-diq-}}=
==Substantivo==
'''Yemen''', {{gramática|pr}}
# {{escopo|diq|País}} {{PEPB|[[Iémen]]|[[Iêmen]]|inline=1}}
==Ver também==
===No Wikcionário===
{{Ásia/diq}}
[[Categoria:Substantivo (Dimili)]]
[[Categoria:Entrada com imagem (Dimili)]]
={{-da-}}=
==Substantivo==
'''Yemen''', {{gramática|pr}}
# {{escopo|da|País}} {{PEPB|[[Iémen]]|[[Iêmen]]|inline=1}}
==Ver também==
===No Wikcionário===
{{Ásia/da}}
[[Categoria:Substantivo (Dinamarquês)]]
[[Categoria:Entrada com imagem (Dinamarquês)]]
={{-sco-}}=
==Substantivo==
'''Yemen''', {{gramática|pr}}
# {{escopo|sco|País}} {{PEPB|[[Iémen]]|[[Iêmen]]|inline=1}}
==Ver também==
===No Wikcionário===
{{Ásia/sco}}
[[Categoria:Substantivo (Escocês)]]
[[Categoria:Entrada com imagem (Escocês)]]
={{-es-}}=
==Substantivo==
'''Yemen''', {{gramática|pr}}
# {{escopo|es|País}} {{PEPB|[[Iémen]]|[[Iêmen]]|inline=1}}
==Ver também==
===No Wikcionário===
{{Ásia/es}}
[[Categoria:Substantivo (Espanhol)]]
[[Categoria:Entrada com imagem (Espanhol)]]
={{-ext-}}=
==Substantivo==
'''Yemen''', {{gramática|pr}}
# {{escopo|ext|País}} {{PEPB|[[Iémen]]|[[Iêmen]]|inline=1}}
==Ver também==
===No Wikcionário===
{{Ásia/ext}}
[[Categoria:Substantivo (Estremenho)]]
[[Categoria:Entrada com imagem (Estremenho)]]
={{-gag-}}=
==Substantivo==
'''Yemen''', {{gramática|pr}}
# {{escopo|gag|País}} {{PEPB|[[Iémen]]|[[Iêmen]]|inline=1}}
==Ver também==
===No Wikcionário===
{{Ásia/gag}}
[[Categoria:Substantivo (Gagauz)]]
[[Categoria:Entrada com imagem (Gagauz)]]
={{-kl-}}=
==Substantivo==
'''Yemen''', {{gramática|pr}}
# {{escopo|kl|País}} {{PEPB|[[Iémen]]|[[Iêmen]]|inline=1}}
==Ver também==
===No Wikcionário===
{{Ásia/kl}}
[[Categoria:Substantivo (Groenlandês)]]
[[Categoria:Entrada com imagem (Groenlandês)]]
={{-hak-}}=
==Substantivo==
'''Yemen''', {{gramática|pr}}
# {{escopo|hak|País}} {{PEPB|[[Iémen]]|[[Iêmen]]|inline=1}}
==Ver também==
===No Wikcionário===
{{Ásia/hak}}
[[Categoria:Substantivo (Hakka)]]
[[Categoria:Entrada com imagem (Hakka)]]
={{-ha-}}=
==Substantivo==
'''Yemen''', {{gramática|pr}}
# {{escopo|ha|País}} {{PEPB|[[Iémen]]|[[Iêmen]]|inline=1}}
==Ver também==
===No Wikcionário===
{{Ásia/ha}}
[[Categoria:Substantivo (Hauçá)]]
[[Categoria:Entrada com imagem (Hauçá)]]
={{-hif-}}=
==Substantivo==
'''Yemen''', {{gramática|pr}}
# {{escopo|hif|País}} {{PEPB|[[Iémen]]|[[Iêmen]]|inline=1}}
==Ver também==
===No Wikcionário===
{{Ásia/hif}}
[[Categoria:Substantivo (Hindi Fijiano)]]
[[Categoria:Entrada com imagem (Hindi Fijiano)]]
={{-io-}}=
==Substantivo==
'''Yemen''', {{gramática|pr}}
# {{escopo|io|País}} {{PEPB|[[Iémen]]|[[Iêmen]]|inline=1}}
==Ver também==
===No Wikcionário===
{{Ásia/io}}
[[Categoria:Substantivo (Ido)]]
[[Categoria:Entrada com imagem (Ido)]]
={{-ilo-}}=
==Substantivo==
'''Yemen''', {{gramática|pr}}
# {{escopo|ilo|País}} {{PEPB|[[Iémen]]|[[Iêmen]]|inline=1}}
==Ver também==
===No Wikcionário===
{{Ásia/ilo}}
[[Categoria:Substantivo (Ilocano)]]
[[Categoria:Entrada com imagem (Ilocano)]]
={{-en-}}=
==Substantivo==
'''Yemen''', {{gramática|pr}}
# {{escopo|en|País}} {{PEPB|[[Iémen]]|[[Iêmen]]|inline=1}}
==={{-varort-}}===
* [[Republic of Yemen]]
==Ver também==
===No Wikcionário===
{{Ásia/en}}
[[Categoria:Substantivo (Inglês)]]
[[Categoria:Entrada com imagem (Inglês)]]
={{-ia-}}=
==Substantivo==
'''Yemen''', {{gramática|pr}}
# {{escopo|ia|País}} {{PEPB|[[Iémen]]|[[Iêmen]]|inline=1}}
==Ver também==
===No Wikcionário===
{{Ásia/ia}}
[[Categoria:Substantivo (Interlíngua)]]
[[Categoria:Entrada com imagem (Interlíngua)]]
={{-ie-}}=
==Substantivo==
'''Yemen''', {{gramática|pr}}
# {{escopo|ie|País}} {{PEPB|[[Iémen]]|[[Iêmen]]|inline=1}}
==Ver também==
===No Wikcionário===
{{Ásia/ie}}
[[Categoria:Substantivo (Interlíngue)]]
[[Categoria:Entrada com imagem (Interlíngue)]]
={{-yo-}}=
==Substantivo==
'''Yemen''', {{gramática|pr}}
# {{escopo|yo|País}} {{PEPB|[[Iémen]]|[[Iêmen]]|inline=1}}
==Ver também==
===No Wikcionário===
{{Ásia/yo}}
[[Categoria:Substantivo (Iorubá)]]
[[Categoria:Entrada com imagem (Iorubá)]]
={{-it-}}=
==Substantivo==
'''Yemen''', {{gramática|pr}}
# {{escopo|it|País}} {{PEPB|[[Iémen]]|[[Iêmen]]|inline=1}}
==Ver também==
===No Wikcionário===
{{Ásia/it}}
[[Categoria:Substantivo (Italiano)]]
[[Categoria:Entrada com imagem (Italiano)]]
={{-kg-}}=
==Substantivo==
'''Yemen''', {{gramática|pr}}
# {{escopo|kg|País}} {{PEPB|[[Iémen]]|[[Iêmen]]|inline=1}}
==Ver também==
===No Wikcionário===
{{Ásia/kg}}
[[Categoria:Substantivo (Kikongo)]]
[[Categoria:Entrada com imagem (Kikongo)]]
={{-ki-}}=
==Substantivo==
'''Yemen''', {{gramática|pr}}
# {{escopo|ki|País}} {{PEPB|[[Iémen]]|[[Iêmen]]|inline=1}}
==Ver também==
===No Wikcionário===
{{Ásia/ki}}
[[Categoria:Substantivo (Kikuyo)]]
[[Categoria:Entrada com imagem (Kikuyo)]]
={{-lad-}}=
==Substantivo==
'''Yemen''', {{gramática|pr}}
# {{escopo|lad|País}} {{PEPB|[[Iémen]]|[[Iêmen]]|inline=1}}
==Ver também==
===No Wikcionário===
{{Ásia/lad}}
[[Categoria:Substantivo (Ladino)]]
[[Categoria:Entrada com imagem (Ladino)]]
={{-lij-}}=
==Substantivo==
'''Yemen''', {{gramática|pr}}
# {{escopo|lij|País}} {{PEPB|[[Iémen]]|[[Iêmen]]|inline=1}}
==Ver também==
===No Wikcionário===
{{Ásia/lij}}
[[Categoria:Substantivo (Liguriano)]]
[[Categoria:Entrada com imagem (Liguriano)]]
={{-lmo-}}=
==Substantivo==
'''Yemen''', {{gramática|pr}}
# {{escopo|lmo|País}} {{PEPB|[[Iémen]]|[[Iêmen]]|inline=1}}
==Ver também==
===No Wikcionário===
{{Ásia/lmo}}
[[Categoria:Substantivo (Lombardo)]]
[[Categoria:Entrada com imagem (Lombardo)]]
={{-mg-}}=
==Substantivo==
'''Yemen''', {{gramática|pr}}
# {{escopo|mg|País}} {{PEPB|[[Iémen]]|[[Iêmen]]|inline=1}}
==Ver também==
===No Wikcionário===
{{Ásia/mg}}
[[Categoria:Substantivo (Malgaxe)]]
[[Categoria:Entrada com imagem (Malgaxe)]]
={{-nan-}}=
==Substantivo==
'''Yemen''', {{gramática|pr}}
# {{escopo|nan|País}} {{PEPB|[[Iémen]]|[[Iêmen]]|inline=1}}
==Ver também==
===No Wikcionário===
{{Ásia/nan}}
[[Categoria:Substantivo (Min Nan)]]
[[Categoria:Entrada com imagem (Min Nan)]]
={{-nap-}}=
==Substantivo==
'''Yemen''', {{gramática|pr}}
# {{escopo|nap|País}} {{PEPB|[[Iémen]]|[[Iêmen]]|inline=1}}
==Ver também==
===No Wikcionário===
{{Ásia/nap}}
[[Categoria:Substantivo (Napolitano)]]
[[Categoria:Entrada com imagem (Napolitano)]]
={{-nhn-}}=
==Substantivo==
'''Yemen''', {{gramática|pr}}
# {{escopo|nhn|País}} {{PEPB|[[Iémen]]|[[Iêmen]]|inline=1}}
==Ver também==
===No Wikcionário===
{{Ásia/nhn}}
[[Categoria:Substantivo (Náuatle Central)]]
[[Categoria:Entrada com imagem (Náuatle Central)]]
={{-na-}}=
==Substantivo==
'''Yemen''', {{gramática|pr}}
# {{escopo|na|País}} {{PEPB|[[Iémen]]|[[Iêmen]]|inline=1}}
==Ver também==
===No Wikcionário===
{{Ásia/na}}
[[Categoria:Substantivo (Nauruano)]]
[[Categoria:Entrada com imagem (Nauruano)]]
={{-pih-}}=
==Substantivo==
'''Yemen''', {{gramática|pr}}
# {{escopo|pih|País}} {{PEPB|[[Iémen]]|[[Iêmen]]|inline=1}}
==Ver também==
===No Wikcionário===
{{Ásia/pih}}
[[Categoria:Substantivo (Norfuk)]]
[[Categoria:Entrada com imagem (Norfuk)]]
={{-nov-}}=
==Substantivo==
'''Yemen''', {{gramática|pr}}
# {{escopo|nov|País}} {{PEPB|[[Iémen]]|[[Iêmen]]|inline=1}}
==Ver também==
===No Wikcionário===
{{Ásia/nov}}
[[Categoria:Substantivo (Novial)]]
[[Categoria:Entrada com imagem (Novial)]]
={{-pam-}}=
==Substantivo==
'''Yemen''', {{gramática|pr}}
# {{escopo|pam|País}} {{PEPB|[[Iémen]]|[[Iêmen]]|inline=1}}
==Ver também==
===No Wikcionário===
{{Ásia/pam}}
[[Categoria:Substantivo (Pampangan)]]
[[Categoria:Entrada com imagem (Pampangan)]]
={{-pap-}}=
==Substantivo==
'''Yemen''', {{gramática|pr}}
# {{escopo|pap|País}} {{PEPB|[[Iémen]]|[[Iêmen]]|inline=1}}
==Ver também==
===No Wikcionário===
{{Ásia/pap}}
[[Categoria:Substantivo (Papiamento)]]
[[Categoria:Entrada com imagem (Papiamento)]]
={{-pms-}}=
==Substantivo==
'''Yemen''', {{gramática|pr}}
# {{escopo|pms|País}} {{PEPB|[[Iémen]]|[[Iêmen]]|inline=1}}
==Ver também==
===No Wikcionário===
{{Ásia/pms}}
[[Categoria:Substantivo (Piemontês)]]
[[Categoria:Entrada com imagem (Piemontês)]]
={{-ro-}}=
==Substantivo==
'''Yemen''', {{gramática|pr}}
# {{escopo|ro|País}} {{PEPB|[[Iémen]]|[[Iêmen]]|inline=1}}
===Sinônimos===
* [[Republica Yemen]]
==={{-varort-}}===
* '''Alfabeto cirílico''': {{escopo2|moldavo}} {{l.s.|Емен|{{ro}}}} ''(Somente na Transnístria)''
==Ver também==
===No Wikcionário===
{{Ásia/ro}}
[[Categoria:Substantivo (Romeno)]]
[[Categoria:Entrada com imagem (Romeno)]]
={{-scn-}}=
==Substantivo==
'''Yemen''', {{gramática|pr}}
# {{escopo|scn|País}} {{PEPB|[[Iémen]]|[[Iêmen]]|inline=1}}
==Ver também==
===No Wikcionário===
{{Ásia/scn}}
[[Categoria:Substantivo (Siciliano)]]
[[Categoria:Entrada com imagem (Siciliano)]]
={{-so-}}=
==Substantivo==
'''Yemen''', {{gramática|pr}}
# {{escopo|so|País}} {{PEPB|[[Iémen]]|[[Iêmen]]|inline=1}}
==Ver também==
===No Wikcionário===
{{Ásia/so}}
[[Categoria:Substantivo (Somali)]]
[[Categoria:Entrada com imagem (Somali)]]
={{-sw-}}=
==Substantivo==
'''Yemen''', {{gramática|pr}}
# {{escopo|sw|País}} {{PEPB|[[Iémen]]|[[Iêmen]]|inline=1}}
==Ver também==
===No Wikcionário===
{{Ásia/sw}}
[[Categoria:Substantivo (Suaíli)]]
[[Categoria:Entrada com imagem (Suaíli)]]
={{-tl-}}=
==Substantivo==
'''Yemen''', {{gramática|pr}}
# {{escopo|tl|País}} {{PEPB|[[Iémen]]|[[Iêmen]]|inline=1}}
==Ver também==
===No Wikcionário===
{{Ásia/tl}}
[[Categoria:Substantivo (Tagalo)]]
[[Categoria:Entrada com imagem (Tagalo)]]
={{-crh-}}=
==Substantivo==
'''Yemen''', {{gramática|pr}}
# {{escopo|crh|País}} {{PEPB|[[Iémen]]|[[Iêmen]]|inline=1}}
==Ver também==
===No Wikcionário===
{{Ásia/crh}}
[[Categoria:Substantivo (Tártaro da Crimeia)]]
[[Categoria:Entrada com imagem (Tártaro da Crimeia)]]
={{-tpi-}}=
==Substantivo==
'''Yemen''', {{gramática|pr}}
# {{escopo|tpi|País}} {{PEPB|[[Iémen]]|[[Iêmen]]|inline=1}}
==Ver também==
===No Wikcionário===
{{Ásia/tpi}}
[[Categoria:Substantivo (Tok Pisin)]]
[[Categoria:Entrada com imagem (Tok Pisin)]]
={{-tum-}}=
==Substantivo==
'''Yemen''', {{gramática|pr}}
# {{escopo|tum|País}} {{PEPB|[[Iémen]]|[[Iêmen]]|inline=1}}
==Ver também==
===No Wikcionário===
{{Ásia/tum}}
[[Categoria:Substantivo (Tumbuca)]]
[[Categoria:Entrada com imagem (Tumbuca)]]
={{-tr-}}=
==Substantivo==
'''Yemen''', {{gramática|pr}}
# {{escopo|tr|País}} {{PEPB|[[Iémen]]|[[Iêmen]]|inline=1}}
==Ver também==
===No Wikcionário===
{{Ásia/tr}}
[[Categoria:Substantivo (Turco)]]
[[Categoria:Entrada com imagem (Turco)]]
={{-vi-}}=
==Substantivo==
'''Yemen''', {{gramática|pr}}
# {{escopo|vi|País}} {{PEPB|[[Iémen]]|[[Iêmen]]|inline=1}}
==Ver também==
===No Wikcionário===
{{Ásia/vi}}
[[Categoria:Substantivo (Vietnamita)]]
[[Categoria:Entrada com imagem (Vietnamita)]]
={{-war-}}=
==Substantivo==
'''Yemen''', {{gramática|pr}}
# {{escopo|war|País}} {{PEPB|[[Iémen]]|[[Iêmen]]|inline=1}}
==Ver também==
===No Wikcionário===
{{Ásia/war}}
[[Categoria:Substantivo (Waray-Waray)]]
[[Categoria:Entrada com imagem (Waray-Waray)]]
={{-za-}}=
==Substantivo==
'''Yemen''', {{gramática|pr}}
# {{escopo|za|País}} {{PEPB|[[Iémen]]|[[Iêmen]]|inline=1}}
==Ver também==
===No Wikcionário===
{{Ásia/za}}
[[Categoria:Substantivo (Zhuang)]]
[[Categoria:Entrada com imagem (Zhuang)]]</text>
<sha1>cu6i47af4dww2udeg3t4xutnc84or20</sha1>
</revision>
</page>
