<page>
<title>Yeméni</title>
<ns>0</ns>
<id>147987</id>
<revision>
<id>2541084</id>
<parentid>1642435</parentid>
<timestamp>2019-04-06T12:35:19Z</timestamp>
<contributor>
<username>ValJor</username>
<id>1358</id>
</contributor>
<comment>Acrescentando código de língua à [[:Categoria:!Página com mensagem de erro em predefinição|predefinição escopo]]</comment>
<model>wikitext</model>
<format>text/x-wiki</format>
<text bytes="448" xml:space="preserve">{{Wikipédia|lang=ln}}
[[Imagem:Flag of Yemen.svg|thumb|right|250px|&lt;center&gt;Bandeira do Iémen&lt;/center&gt;]]
[[Imagem:LocationYemen.png|thumb|right|250px|&lt;center&gt;Localização do Iémen&lt;/center&gt;]]
={{-ln-}}=
==Substantivo==
'''Yeméni''', {{gramática|pr}}
# {{escopo|ln|País}} {{PEPB|[[Iémen]]|[[Iêmen]]|inline=1}}
==Ver também==
===No Wikcionário===
{{Ásia/ln}}
[[Categoria:Substantivo (Lingala)]]
[[Categoria:Entrada com imagem (Lingala)]]</text>
<sha1>lz7vaevpcdcuwcijhhy83bqcwnpfjt3</sha1>
</revision>
</page>
