<page>
<page>
<title>yen</title>
<ns>0</ns>
<id>366950</id>
<revision>
<id>2188057</id>
<parentid>2187607</parentid>
<timestamp>2016-10-27T15:31:15Z</timestamp>
<contributor>
<username>RobokoBot</username>
<id>56179</id>
</contributor>
<minor />
<comment>Robô: A adicionar: br, chr, de, el, en, es, et, eu, fi, fr, hu, hy, io, it, ja, ko, ku, li, lo, lt, mg, my, nl, pl, ro, ru, sv, ta, tr, uz, vi, vo, wo, zh</comment>
<model>wikitext</model>
<format>text/x-wiki</format>
<text bytes="548" xml:space="preserve">={{-pt-}}=
==Substantivo==
{{flex.pt|ms=yen|mp=yens}}
''{{oxítona|yen}}'', {{gramática|m}}
# {{escopo|pt|estrangeirismo}} [[iene]]
[[Categoria:Substantivo (Português)]]
[[br:yen]]
[[chr:yen]]
[[de:yen]]
[[el:yen]]
[[en:yen]]
[[es:yen]]
[[et:yen]]
[[eu:yen]]
[[fi:yen]]
[[fr:yen]]
[[hu:yen]]
[[hy:yen]]
[[io:yen]]
[[it:yen]]
[[ja:yen]]
[[ko:yen]]
[[ku:yen]]
[[li:yen]]
[[lo:yen]]
[[lt:yen]]
[[mg:yen]]
[[my:yen]]
[[nl:yen]]
[[pl:yen]]
[[ro:yen]]
[[ru:yen]]
[[sv:yen]]
[[ta:yen]]
[[tr:yen]]
[[uz:yen]]
[[vi:yen]]
[[vo:yen]]
[[wo:yen]]
[[zh:yen]]</text>
<sha1>oz13mhy2672ob6x9dtssheghpv0xw7p</sha1>
</revision>
