<page>
<page>
<title>yene</title>
<ns>0</ns>
<id>231881</id>
<revision>
<id>2184296</id>
<parentid>1726471</parentid>
<timestamp>2016-10-18T18:54:56Z</timestamp>
<contributor>
<username>UT-interwiki-Bot</username>
<id>56129</id>
</contributor>
<minor />
<comment>Robô: A adicionar: [[en:yene]], [[mg:yene]]</comment>
<model>wikitext</model>
<format>text/x-wiki</format>
<text bytes="232" xml:space="preserve">={{-arn-}}=
==Substantivo==
'''yene'''
# [[baleia]] (cetáceo)
{{página-automática|Maio|2010|baleia|arn}}
[[Categoria:Substantivo (Araucano)]]
[[en:yene]]
[[es:yene]]
[[fr:yene]]
[[io:yene]]
[[mg:yene]]
[[nah:yene]]
[[ru:yene]]</text>
<sha1>dbfqpo86lxmdirbg4yaxzv3twufvcte</sha1>
</revision>
