<page>
<page>
<title>yengeç</title>
<ns>0</ns>
<id>440790</id>
<revision>
<id>2661534</id>
<timestamp>2022-02-27T05:20:26Z</timestamp>
<contributor>
<username>First jumper</username>
<id>44431</id>
</contributor>
<comment>turco</comment>
<model>wikitext</model>
<format>text/x-wiki</format>
<text bytes="235" xml:space="preserve">{{ver também|Yengeç}}
={{-tr-}}=
==Substantivo==
'''yen.geç''' 
# {{escopo|tr|crustáceo}} [[caranguejo]]
=={{pronúncia|tr}}==
* [[AFI]]: {{AFI|/jɛnˈɟɛtʃ/}}
[[Categoria:Dissílabo (Turco)]]
[[Categoria:Substantivo (Turco)]]</text>
<sha1>k5g0wo3gtfl9yixzx1o7kqqofwey051</sha1>
</revision>
