<page>
<page>
<title>yeni</title>
<ns>0</ns>
<id>308355</id>
<revision>
<id>2252375</id>
<parentid>2169462</parentid>
<timestamp>2017-03-14T07:03:53Z</timestamp>
<contributor>
<username>OctraBot</username>
<id>56948</id>
</contributor>
<minor />
<comment>Robô: A adicionar: [[kk:yeni]]</comment>
<model>wikitext</model>
<format>text/x-wiki</format>
<text bytes="432" xml:space="preserve">={{-tr-}}=
==Adjetivo==
'''yeni'''
# [[novo]]
==Ver também==
===No Wikcionário===
* [[yepyeni]]
[[Categoria:Adjetivo (Turco)]]
[[af:yeni]]
[[ar:yeni]]
[[az:yeni]]
[[bs:yeni]]
[[chr:yeni]]
[[el:yeni]]
[[en:yeni]]
[[eu:yeni]]
[[fi:yeni]]
[[fj:yeni]]
[[fr:yeni]]
[[hu:yeni]]
[[io:yeni]]
[[ja:yeni]]
[[kk:yeni]]
[[ko:yeni]]
[[ku:yeni]]
[[lt:yeni]]
[[mg:yeni]]
[[nl:yeni]]
[[pl:yeni]]
[[ru:yeni]]
[[tr:yeni]]
[[uz:yeni]]
[[vi:yeni]]</text>
<sha1>sw32g1tkfj7jxsedryvqpi4v5vbrm8u</sha1>
</revision>
