<page>
<title>yep</title>
<ns>0</ns>
<id>8991</id>
<revision>
<id>2140581</id>
<parentid>1515898</parentid>
<timestamp>2016-06-11T14:52:49Z</timestamp>
<contributor>
<username>UT-interwiki-Bot</username>
<id>56129</id>
</contributor>
<minor />
<comment>Robô: A adicionar: [[nl:yep]]</comment>
<model>wikitext</model>
<format>text/x-wiki</format>
<text bytes="285" xml:space="preserve">={{-en-}}=
==Interjeição==
'''yep'''
# [[sim]] 
===Sinónimos===
*[[yes]]
[[Categoria:Interjeição (Inglês)]]
[[en:yep]]
[[es:yep]]
[[et:yep]]
[[fa:yep]]
[[fi:yep]]
[[fr:yep]]
[[hu:yep]]
[[it:yep]]
[[ko:yep]]
[[mg:yep]]
[[nl:yep]]
[[pl:yep]]
[[ru:yep]]
[[simple:yep]]
[[zh:yep]]</text>
<sha1>boa5pir6ab4sdhow5tndahbj3b4e3zl</sha1>
</revision>
</page>
