<page>
<page>
<title>yepatl</title>
<ns>0</ns>
<id>401651</id>
<revision>
<id>2522566</id>
<parentid>2522560</parentid>
<timestamp>2018-10-15T03:01:34Z</timestamp>
<contributor>
<username>Marrovi</username>
<id>27953</id>
</contributor>
<model>wikitext</model>
<format>text/x-wiki</format>
<text bytes="173" xml:space="preserve">={{-ngu-}}=
==Substantivo==
'''yepatl'''
# [[doninha-fedorenta]], [[gambá]]
[[Categoria:Substantivo (Náuatle de Guerrero)]]
[[Categoria:Mamífero (Náuatle de Guerrero)]]</text>
<sha1>0yn9vmv7vnh19vf13f8cmufjnljjurf</sha1>
</revision>
