<page>
<page>
<title>yepyeni</title>
<ns>0</ns>
<id>296853</id>
<revision>
<id>1630713</id>
<parentid>1567762</parentid>
<timestamp>2013-01-26T10:02:50Z</timestamp>
<contributor>
<username>ValJor</username>
<id>1358</id>
</contributor>
<comment>Acrescentando link para forma básica do adjetivo</comment>
<model>wikitext</model>
<format>text/x-wiki</format>
<text bytes="217" xml:space="preserve">={{-tr-}}=
==Adjetivo==
'''yep.ye.ni'''
# [[novo]] em folha
==Ver também==
===No Wikcionário===
* [[yeni]]
[[Categoria:Adjetivo (Turco)]]
[[en:yepyeni]]
[[ku:yepyeni]]
[[nl:yepyeni]]
[[tr:yepyeni]]
[[uz:yepyeni]]</text>
<sha1>g97lpqhtxkormjhebj4ee11g5f57qkw</sha1>
</revision>
