<page>
<page>
<title>yerba</title>
<ns>0</ns>
<id>386633</id>
<revision>
<id>2465622</id>
<timestamp>2017-12-01T14:31:59Z</timestamp>
<contributor>
<username>Imivorn</username>
<id>64513</id>
</contributor>
<comment>[[Ajuda:Guia de edição/Menus e ferramentas/Sumário de edição|→]] nova página: ={{-mwl-}}= ==Substantivo== {{flex.mwl|fs=yerba|fp=yerbas}} {{paroxítona|yer|ba|língua=mwl}}, {{f}} # {{esc...</comment>
<model>wikitext</model>
<format>text/x-wiki</format>
<text bytes="287" xml:space="preserve">={{-mwl-}}=
==Substantivo==
{{flex.mwl|fs=yerba|fp=yerbas}}
{{paroxítona|yer|ba|língua=mwl}}, {{f}}
# {{escopo|mwl|planta}} [[erva]]
=={{etimologia|mwl}} ==
{{llietimo|la|herba|mwl|erva}}
{{llietimo|ine-pro|*gʰreH₁-|mwl|crescer, ficar verde}}
[[Categoria:Substantivo (Mirandês)]]</text>
<sha1>6st7qyek2wj00t4lbko39d7e8a1e5ez</sha1>
</revision>
