<page>
<title>yerbas</title>
<ns>0</ns>
<id>386634</id>
<revision>
<id>2465623</id>
<timestamp>2017-12-01T14:32:56Z</timestamp>
<contributor>
<username>Imivorn</username>
<id>64513</id>
</contributor>
<comment>[[Ajuda:Guia de edição/Menus e ferramentas/Sumário de edição|→]] nova página: ={{-mwl-}}= ==Forma de substantivo== {{paroxítona|yer|bas|língua=mwl}} # plural de '''[[yerba]]'''  Categ...</comment>
<model>wikitext</model>
<format>text/x-wiki</format>
<text bytes="148" xml:space="preserve">={{-mwl-}}=
==Forma de substantivo==
{{paroxítona|yer|bas|língua=mwl}}
# plural de '''[[yerba]]'''
[[Categoria:Forma de substantivo (Mirandês)]]</text>
<sha1>367v9tx0fidxf00bcok2nkpoedrnndd</sha1>
</revision>
</page>
