<page>
<title>Yeremia</title>
<ns>0</ns>
<id>427420</id>
<revision>
<id>2599312</id>
<timestamp>2020-10-23T01:00:47Z</timestamp>
<contributor>
<username>Leonardo José Raimundo</username>
<id>43489</id>
</contributor>
<comment>Eu estou criando o nome &quot;Yeremia&quot;.</comment>
<model>wikitext</model>
<format>text/x-wiki</format>
<text bytes="204" xml:space="preserve">={{-sw-}}=
==Substantivo==
{{paroxítona|Ye|re|mi|a|lang=sw}}
# {{escopo|sw|Cristianismo|religião}} [[Jeremias]]
==Ver também==
===No Wikcionário===
{{bíblia/sw}}
[[Categoria:Substantivo (Suaíli)]]</text>
<sha1>mdin090v6m7f8bi2apsw9dclckyyjl5</sha1>
</revision>
</page>
