<page>
<title>yerno</title>
<ns>0</ns>
<id>36134</id>
<revision>
<id>2240626</id>
<parentid>2220899</parentid>
<timestamp>2017-02-18T15:11:56Z</timestamp>
<contributor>
<username>UT-interwiki-Bot</username>
<id>56129</id>
</contributor>
<minor />
<comment>Robô: A adicionar: [[az:yerno]]</comment>
<model>wikitext</model>
<format>text/x-wiki</format>
<text bytes="483" xml:space="preserve">={{-es-}}=
==Substantivo==
'''yerno''' ''masculino''
# [[genro]]
===Feminino===
* [[nuera]]
==Ver também==
===No Wikcionário===
{{quadroParental.es}}
[[Categoria:Substantivo ({{es}})]]
[[Categoria:Família ({{es}})]]
[[ast:yerno]]
[[az:yerno]]
[[cs:yerno]]
[[en:yerno]]
[[eo:yerno]]
[[es:yerno]]
[[eu:yerno]]
[[fi:yerno]]
[[fr:yerno]]
[[gl:yerno]]
[[hu:yerno]]
[[id:yerno]]
[[io:yerno]]
[[ko:yerno]]
[[mg:yerno]]
[[nl:yerno]]
[[oc:yerno]]
[[pl:yerno]]
[[ro:yerno]]
[[zh:yerno]]</text>
<sha1>bjdumk4y6bexyz2izxnththgz3ls5hq</sha1>
</revision>
</page>
