<page>
<title>yes</title>
<ns>0</ns>
<id>8992</id>
<revision>
<id>2079738</id>
<parentid>1987044</parentid>
<timestamp>2016-04-02T13:54:49Z</timestamp>
<contributor>
<username>JAnDbot</username>
<id>25083</id>
</contributor>
<minor />
<comment>r2.7.3) (Robô: A adicionar: [[tg:yes]]</comment>
<model>wikitext</model>
<format>text/x-wiki</format>
<text bytes="1524" xml:space="preserve">={{-io-}}=
==Advérbio==
'''yes''' ''afirmação''
# [[sim]]
===Antônimo===
* [[no]]
=={{etimologia|io}}==
: Do esperanto {{etimo|eo|jes}} que por sua vez veio do inglês {{etimo|en|yes}}.
=={{pronúncia|io}}==
* [[AFI]]: {{AFI|/jɛs/}}.
[[Categoria:Advérbio (Ido)]]
[[Categoria:Monossílabo (Ido)]]
[[Categoria:Entrada de étimo esperanto (Ido)]]
={{-en-}}=
==Advérbio==
'''yes'''
# [[sim]]
#* ''to say '''yes''''' (dizer sim.) 
==Interjeição==
'''yes'''
# [[sim]]
#* '''Yes''' sirree! ''(Sim Senhor! (Ênfase))''
===Sinônimos===
{{verTambém.Ini}}
* [[aye]]
* [[yeah]]
{{verTambém.NovaColuna}}
* [[yep]]
* [[yup]]
{{verTambém.Fim}}
==Substantivo== 
'''yes''', {{p|yeses}}
# [[sim]]
# ato de aceitar
==Ver também==
===No Wikcionário===
* [[yes-man]]
[[Categoria:Advérbio (Inglês)]]
[[Categoria:Interjeição (Inglês)]]
[[Categoria:Substantivo (Inglês)]]
[[af:yes]]
[[ar:yes]]
[[ast:yes]]
[[ay:yes]]
[[az:yes]]
[[ca:yes]]
[[chr:yes]]
[[cs:yes]]
[[da:yes]]
[[de:yes]]
[[dv:yes]]
[[el:yes]]
[[en:yes]]
[[es:yes]]
[[et:yes]]
[[eu:yes]]
[[fa:yes]]
[[fi:yes]]
[[fj:yes]]
[[fr:yes]]
[[hu:yes]]
[[hy:yes]]
[[io:yes]]
[[it:yes]]
[[ja:yes]]
[[ka:yes]]
[[kk:yes]]
[[kn:yes]]
[[ko:yes]]
[[ku:yes]]
[[li:yes]]
[[lo:yes]]
[[lt:yes]]
[[lv:yes]]
[[mg:yes]]
[[ml:yes]]
[[mn:yes]]
[[mt:yes]]
[[my:yes]]
[[nl:yes]]
[[no:yes]]
[[oc:yes]]
[[pl:yes]]
[[ru:yes]]
[[simple:yes]]
[[sl:yes]]
[[sm:yes]]
[[sv:yes]]
[[ta:yes]]
[[te:yes]]
[[tg:yes]]
[[th:yes]]
[[tn:yes]]
[[tr:yes]]
[[uk:yes]]
[[uz:yes]]
[[vi:yes]]
[[zh:yes]]</text>
<sha1>gl5cg3w0ehjlpzkyt01s8rp6c8r74qj</sha1>
</revision>
</page>
