<page>
<title>Yeshu</title>
<ns>0</ns>
<id>283056</id>
<revision>
<id>2554303</id>
<parentid>2282628</parentid>
<timestamp>2019-09-20T10:11:49Z</timestamp>
<contributor>
<username>ValJor</username>
<id>1358</id>
</contributor>
<comment>Acrescentando código de língua à [[:Categoria:!Página com mensagem de erro em predefinição|predefinição escopo]]</comment>
<model>wikitext</model>
<format>text/x-wiki</format>
<text bytes="417" xml:space="preserve">={{-lad-}}=
==Substantivo==
'''Yeshu''', {{g|pr}}
# {{escopo|lad|Cristianismo}} [[Jesus]]
===Sinônimo===
* {{link opcional|Yesukristo|lad}}
=={{etimologia|lad}}==
{{llietimo|la|Iesus|lad|ponto=não}} e este do {{etm|grc|lad}} {{etimo|grc|Ἰησοῦς|(Iēsoûs)}}, [[tradução]] do nome {{etm|hbo|lad}}  {{etimo|he|ישוע}} ''(Yeshua)''.
[[Categoria:Substantivo (Ladino)]]
[[Categoria:Antropônimo (Ladino)]]</text>
<sha1>eykexv35bjhrygepfxghbn26dyd3bao</sha1>
</revision>
</page>
