<page>
<title>yesterday</title>
<ns>0</ns>
<id>36802</id>
<revision>
<id>2227246</id>
<parentid>2079737</parentid>
<timestamp>2017-01-23T18:00:27Z</timestamp>
<contributor>
<username>OctraBot</username>
<id>56948</id>
</contributor>
<minor />
<comment>Robô: A adicionar: [[az:yesterday]]</comment>
<model>wikitext</model>
<format>text/x-wiki</format>
<text bytes="1871" xml:space="preserve">={{-en-}}=
==Advérbio==
'''yes.ter.day''' ''adv. de tempo''
# [[ontem]]
===Antônimo===
* [[tomorrow]]
===Verbetes derivados===
{{verTambém.Ini}}
* [[yester]] 
* [[yestereven]] 
{{verTambém.NovaColuna}}
* [[yestern]] 
* [[yesternight]] 
{{verTambém.NovaColuna}}
* [[yesteryear]] 
* [[yestreen]]
{{verTambém.Fim}}
=={{etimologia|en}}==
: Do [[inglês antigo]] ''[[geostran dæg]]'' &lt; ''[[geostran]]'' (''&quot;ontem&quot;'') + ''[[dæg]]'' (''&quot;dia&quot;'').
=={{pronúncia|en}}==
* [[AFI]]: {{AFI|/ˈjestərdeɪ/}}
* {{audio|En-us-yesterday.ogg|EUA}}
==Ver também==
===No Wikcionário===
{{verTambém.Ini}}
* [[last night]] 
* [[nudiustertian]]
* [[today]] 
{{verTambém.NovaColuna}}
* [[tomorrow night]] 
* [[tonight]] 
{{verTambém.Fim}}
[[Categoria:Advérbio (Inglês)]]
[[Categoria:Trissílabo (Inglês)]]
[[Categoria:Tempo (Inglês)]]
[[Categoria:Entrada com áudio (Inglês)]]
[[ar:yesterday]]
[[az:yesterday]]
[[ca:yesterday]]
[[chr:yesterday]]
[[co:yesterday]]
[[cs:yesterday]]
[[da:yesterday]]
[[de:yesterday]]
[[el:yesterday]]
[[en:yesterday]]
[[es:yesterday]]
[[et:yesterday]]
[[eu:yesterday]]
[[fa:yesterday]]
[[fi:yesterday]]
[[fr:yesterday]]
[[fy:yesterday]]
[[gl:yesterday]]
[[hr:yesterday]]
[[hu:yesterday]]
[[hy:yesterday]]
[[id:yesterday]]
[[io:yesterday]]
[[it:yesterday]]
[[ja:yesterday]]
[[ka:yesterday]]
[[kk:yesterday]]
[[kn:yesterday]]
[[ko:yesterday]]
[[ku:yesterday]]
[[la:yesterday]]
[[li:yesterday]]
[[lo:yesterday]]
[[lt:yesterday]]
[[lv:yesterday]]
[[mg:yesterday]]
[[ml:yesterday]]
[[mn:yesterday]]
[[my:yesterday]]
[[na:yesterday]]
[[nl:yesterday]]
[[oc:yesterday]]
[[pl:yesterday]]
[[ro:yesterday]]
[[ru:yesterday]]
[[simple:yesterday]]
[[sm:yesterday]]
[[sv:yesterday]]
[[sw:yesterday]]
[[ta:yesterday]]
[[te:yesterday]]
[[tg:yesterday]]
[[th:yesterday]]
[[tpi:yesterday]]
[[tr:yesterday]]
[[uk:yesterday]]
[[vi:yesterday]]
[[zh:yesterday]]</text>
<sha1>2icl1ecx9w8127s1n0cy1ktejgjqcqc</sha1>
</revision>
</page>
