<page>
<page>
<title>yeti</title>
<ns>0</ns>
<id>366899</id>
<revision>
<id>2207225</id>
<parentid>2188080</parentid>
<timestamp>2016-12-05T21:29:32Z</timestamp>
<contributor>
<username>UT-interwiki-Bot</username>
<id>56129</id>
</contributor>
<minor />
<comment>Robô: A adicionar: [[mg:yeti]]</comment>
<model>wikitext</model>
<format>text/x-wiki</format>
<text bytes="446" xml:space="preserve">={{-pt-}}=
==Substantivo==
{{flex.pt|ms=yeti|mp=yetis}}
''{{paroxítona|ye|ti}}'', {{gramática|m}}
# {{escopo|pt|estrangeirismo}} [[iéti]]
[[Categoria:Substantivo (Português)]]
[[chr:yeti]]
[[de:yeti]]
[[en:yeti]]
[[et:yeti]]
[[fi:yeti]]
[[fr:yeti]]
[[hr:yeti]]
[[hu:yeti]]
[[it:yeti]]
[[ko:yeti]]
[[ku:yeti]]
[[li:yeti]]
[[mg:yeti]]
[[ml:yeti]]
[[my:yeti]]
[[nl:yeti]]
[[pl:yeti]]
[[ru:yeti]]
[[ta:yeti]]
[[tr:yeti]]
[[vi:yeti]]
[[zh:yeti]]</text>
<sha1>37ll2yz84kkk3as2xpytnzs1qyng1m9</sha1>
</revision>
