<page>
<title>yetula</title>
<ns>0</ns>
<id>367563</id>
<revision>
<id>2580292</id>
<parentid>2241348</parentid>
<timestamp>2020-03-03T06:48:41Z</timestamp>
<contributor>
<username>Minorax</username>
<id>71568</id>
</contributor>
<comment>fix lint error</comment>
<model>wikitext</model>
<format>text/x-wiki</format>
<text bytes="754" xml:space="preserve">={{-wau-}}=
==Substantivo==
{{paroxítona|ye|tu|la|lang=wau}}
# [[mangaba]], ''Hancornia speciosa'', abusto cujo resina é usada para fazer bola tradicional dos Wauja.
#* ''Amawatakonehenein '''yetula''' ogaki itsenu isun.'' &lt;small&gt;([As] pessoas estão colando [as] cigarras com [a] resina de mangaba.)&lt;/small&gt;
===Verbetes derivados===
{{verTambém.Ini}}
* [[yetulaga]] (bola)
* [[yetulaganaku]] (campo de futebol)
* [[yetula ogaki]] (resina de mangaba)
* [[yetula ogakitsari]] (bola de mangaba)
* [[yetulapona]] (lugar onde tinha mangaba)
* [[yetulataku]] (plantação de mangaba)
{{verTambém.Fim}}
=={{pronúncia|wau}}==
* [[AFI]]: {{AFI|/jɛˈtu.la/}} 
[[Categoria:Substantivo (Wauja)]]
[[Categoria:Botânica (Wauja)]]
[[Categoria:Planta (Wauja)]]</text>
<sha1>mnabd7dsdwp4cz3rbw5z1awlm7212v8</sha1>
</revision>
</page>
