<page>
<page>
<title>yeugas</title>
<ns>0</ns>
<id>386621</id>
<revision>
<id>2465592</id>
<timestamp>2017-12-01T12:41:36Z</timestamp>
<contributor>
<username>Imivorn</username>
<id>64513</id>
</contributor>
<comment>[[Ajuda:Guia de edição/Menus e ferramentas/Sumário de edição|→]] nova página: ={{-mwl-}}= ==Forma de substantivo== {{paroxítona|yeu|gas|língua=mwl}} # plural de '''[[yeuga]]'''  Categ...</comment>
<model>wikitext</model>
<format>text/x-wiki</format>
<text bytes="148" xml:space="preserve">={{-mwl-}}=
==Forma de substantivo==
{{paroxítona|yeu|gas|língua=mwl}}
# plural de '''[[yeuga]]'''
[[Categoria:Forma de substantivo (Mirandês)]]</text>
<sha1>1ajl1jnd4cpwaj2k5nuog3j9pdzahlx</sha1>
</revision>
