<page>
<page>
<title>yeuga</title>
<ns>0</ns>
<id>386620</id>
<revision>
<id>2465596</id>
<parentid>2465589</parentid>
<timestamp>2017-12-01T12:48:10Z</timestamp>
<contributor>
<username>Imivorn</username>
<id>64513</id>
</contributor>
<comment>/* {{-mwl-}} */</comment>
<model>wikitext</model>
<format>text/x-wiki</format>
<text bytes="473" xml:space="preserve">={{-mwl-}}=
==Substantivo==
{{flex.mwl|fs=yeuga|fp=yeugas}}
{{paroxítona|yeu|ga|língua=mwl}}, {{f}}
# {{escopo|mwl|zoologia}} [[égua]]
=={{etimologia|mwl}} ==
{{llietimo|la|equa|mwl|ponto=não}}, feminino de ''equus'' (cavalo).
==Ver também==
===No Wikcionário===
{{verTambém.Ini}}
* [[cabalho]]
{{verTambém.NovaColuna}}
* [[cabalheiro]]
{{verTambém.Fim}}
[[Categoria:Substantivo (Mirandês)]]
[[Categoria:Animal (Mirandês)]]
[[Categoria:Mamífero (Mirandês)]]</text>
<sha1>gx9vcwptf5czm6uatfcupibxvvasynj</sha1>
</revision>
