<page>
<title>yeux</title>
<ns>0</ns>
<id>359324</id>
<revision>
<id>2169460</id>
<parentid>2116634</parentid>
<timestamp>2016-09-08T23:36:54Z</timestamp>
<contributor>
<username>UT-interwiki-Bot</username>
<id>56129</id>
</contributor>
<minor />
<comment>Robô: A adicionar: [[ky:yeux]]</comment>
<model>wikitext</model>
<format>text/x-wiki</format>
<text bytes="421" xml:space="preserve">={{-fr-}}=
==Substantivo==
'''yeux'''
# [[olhos]]
[[Categoria:Substantivo (Francês)]]
[[af:yeux]]
[[ar:yeux]]
[[ca:yeux]]
[[cs:yeux]]
[[cy:yeux]]
[[da:yeux]]
[[de:yeux]]
[[el:yeux]]
[[en:yeux]]
[[es:yeux]]
[[et:yeux]]
[[fi:yeux]]
[[fj:yeux]]
[[fr:yeux]]
[[hu:yeux]]
[[io:yeux]]
[[ja:yeux]]
[[ko:yeux]]
[[ky:yeux]]
[[lt:yeux]]
[[mg:yeux]]
[[nl:yeux]]
[[no:yeux]]
[[pl:yeux]]
[[sv:yeux]]
[[tr:yeux]]
[[zh-min-nan:yeux]]</text>
<sha1>p3cei2ue0r38zgnzlkpq4iwgidr4y2h</sha1>
</revision>
</page>
