<page>
<title>Yewnanistan</title>
<ns>0</ns>
<id>43157</id>
<revision>
<id>2282629</id>
<parentid>2190765</parentid>
<timestamp>2017-04-27T04:11:38Z</timestamp>
<contributor>
<username>HydrizBot</username>
<id>29590</id>
</contributor>
<minor />
<comment>Robô: A limpar links interwikis antigos</comment>
<model>wikitext</model>
<format>text/x-wiki</format>
<text bytes="129" xml:space="preserve">={{-ku-}}=
==Substantivo==
'''Yewnanistan'''
# [[Grécia]].
[[Categoria:Topónimo (Curdo)]]
[[Categoria:Substantivo (Curdo)]]</text>
<sha1>osx8456aq62wm7tngah5m2p1bncfg43</sha1>
</revision>
</page>
