<page>
<title>yezgo</title>
<ns>0</ns>
<id>444421</id>
<revision>
<id>2680092</id>
<parentid>2680091</parentid>
<timestamp>2022-06-13T14:12:28Z</timestamp>
<contributor>
<username>Cpls</username>
<id>20608</id>
</contributor>
<comment>/* {{-es-}} */</comment>
<model>wikitext</model>
<format>text/x-wiki</format>
<text bytes="354" xml:space="preserve">={{-es-}}=
==Substantivo==
{{flex.es|ms=yezgo|mp=yezgos}}
{{paroxítona|yez|go|lang=es}}, {{g|m}}
# {{escopo|es|Planta}} [[engos]] (''[[species:Sambucus ebulus|Sambucus ebulus]]'')
==={{-varort-}}===
* [[yergo#{{es}}|yergo]]
=={{etimologia|es}}==
: De origem céltica, confronte-se com o galês {{etimo|cy|ysgaw}}.
[[Categoria:Substantivo (Espanhol)]]</text>
<sha1>crabw87bfajtx0wlq0i9kf7zxhntwe2</sha1>
</revision>
</page>
