<page>
<title>yezhadur</title>
<ns>0</ns>
<id>234642</id>
<revision>
<id>2100977</id>
<parentid>1803807</parentid>
<timestamp>2016-05-19T19:15:18Z</timestamp>
<contributor>
<username>ValJor</username>
<id>1358</id>
</contributor>
<comment>Ampliando [[:Categoria:!Entrada criada por robô|verbete criado por robô]]</comment>
<model>wikitext</model>
<format>text/x-wiki</format>
<text bytes="286" xml:space="preserve">{{Wikipédia|lang=br}}
={{-br-}}=
==Substantivo==
'''yezhadur'''
# [[gramática]]
[[Categoria:Substantivo (Bretão)]]
[[Categoria:Linguística (Bretão)]]
[[br:yezhadur]]
[[chr:yezhadur]]
[[el:yezhadur]]
[[en:yezhadur]]
[[lo:yezhadur]]
[[mg:yezhadur]]
[[pl:yezhadur]]
[[sv:yezhadur]]</text>
<sha1>itjqt39ck7bc0u8ich7isgfmx0e8xu3</sha1>
</revision>
</page>
