<page>
<page>
<title>yezik</title>
<ns>0</ns>
<id>289632</id>
<revision>
<id>1404629</id>
<timestamp>2012-04-30T10:46:31Z</timestamp>
<contributor>
<username>ValJor</username>
<id>1358</id>
</contributor>
<comment>Por um [[Especial:Lonelypages|wikcionário sem órfãos]]: [[yengi yezik]]</comment>
<model>wikitext</model>
<format>text/x-wiki</format>
<text bytes="254" xml:space="preserve">={{-ug-}}=
==Substantivo==
'''yezik'''
# [[escrita]], [[língua]]
===Expressões===
* '''[[yengi yezik]]''': alfabeto latino adotado no idioma uigure em 1969 em substituição ao ''kona yeziq'' em vigor anteriormente.
[[Categoria:Substantivo (Uigure)]]</text>
<sha1>0osp38k093pwr6lml4zgf9pkxaxw9lj</sha1>
</revision>
