<page>
<title>yfirskegg</title>
<ns>0</ns>
<id>88679</id>
<revision>
<id>2252382</id>
<parentid>2140601</parentid>
<timestamp>2017-03-14T07:11:05Z</timestamp>
<contributor>
<username>OctraBot</username>
<id>56948</id>
</contributor>
<minor />
<comment>Robô: A adicionar: [[eo:yfirskegg]]</comment>
<model>wikitext</model>
<format>text/x-wiki</format>
<text bytes="460" xml:space="preserve">={{-is-}}=
== Substantivo ==
'''yfirskegg''', ''neutro, forte, grupo 1 (infixo -j-)''
# [[bigode]].
=== Declinação ===
{{decl.is.subst.forte.neu.1.j|yfirskegg}}
== Etimologia ==
: De ''[[yfir#{{is}}|yfir]]'' (''&quot;sobre&quot;'', ''&quot;acima de&quot;'') + ''[[skegg#{{is}}|skegg]]'' (''&quot;barba&quot;'').
[[Categoria:Substantivo (Islandês)]]
[[Categoria:Anatomia (Islandês)]]
[[Categoria:Entrada com etimologia (Islandês)]]
[[eo:yfirskegg]]
[[mg:yfirskegg]]
[[ru:yfirskegg]]</text>
<sha1>8mav3nnce68m2gdfd9ogrm07ohlz6hk</sha1>
</revision>
</page>
