<page>
<page>
<title>yfirheiti</title>
<ns>0</ns>
<id>71093</id>
<revision>
<id>2140602</id>
<parentid>1224059</parentid>
<timestamp>2016-06-11T14:58:57Z</timestamp>
<contributor>
<username>UT-interwiki-Bot</username>
<id>56129</id>
</contributor>
<minor />
<comment>Robô: A adicionar: [[ru:yfirheiti]]</comment>
<model>wikitext</model>
<format>text/x-wiki</format>
<text bytes="334" xml:space="preserve">={{-is-}}=
== Substantivo ==
'''yfirheiti''', ''neutro, forte, grupo 1''
# [[hiperônimo]].
=== Antônimos ===
* (''de 1'') [[undirheiti]].
=== Declinação ===
{{decl.is.subst.forte.neu.1.-i|yfirheit|i}}
[[Categoria:Substantivo (Islandês)]]
[[Categoria:Gramática (Islandês)]]
[[en:yfirheiti]]
[[is:yfirheiti]]
[[ru:yfirheiti]]</text>
<sha1>hg30wrve9av0t60fkfxwbrpdxhl6dan</sha1>
</revision>
