<page>
<title>yfirklasi</title>
<ns>0</ns>
<id>100587</id>
<revision>
<id>2554301</id>
<parentid>1594378</parentid>
<timestamp>2019-09-20T10:08:20Z</timestamp>
<contributor>
<username>ValJor</username>
<id>1358</id>
</contributor>
<comment>Acrescentando código de língua à [[:Categoria:!Página com mensagem de erro em predefinição|predefinição escopo]]</comment>
<model>wikitext</model>
<format>text/x-wiki</format>
<text bytes="387" xml:space="preserve">={{-is-}}=
==Substantivo==
'''yfirklasi''', ''masculino, fraco, grupo 1''
# {{escopo|is|Informática}} [[superclasse]]
===Antônimo===
* [[undirklasi]]
===Declinação===
{{decl.is.subst.fraca.masc.1.a~ö|yfirkl|s}}
=={{etimologia|is}}==
: {{escopo|Morfologia}} ''[[yfir#{{is}}|yfir]]'' (''&quot;sobre&quot;'') + ''[[klasi#{{is}}|klasi]]'' (''&quot;classe&quot;'').
[[Categoria:Substantivo (Islandês)]]</text>
<sha1>s7hu25jnq6rq47bh9642warkohdabot</sha1>
</revision>
</page>
