<page>
<title>ygarapé</title>
<ns>0</ns>
<id>6441</id>
<revision>
<id>1372141</id>
<parentid>864480</parentid>
<timestamp>2012-02-01T11:36:33Z</timestamp>
<contributor>
<username>MalafayaBot</username>
<id>628</id>
</contributor>
<minor />
<comment>Robô: Substituição de texto automática  (-^\=(\s*?)(\{\{tu\}\}|Tupi)(\s*?)\= +={{-tu-}}=)</comment>
<model>wikitext</model>
<format>text/x-wiki</format>
<text bytes="254" xml:space="preserve">={{-tu-}}=
==Substantivo==
'''y.ga.ra.pé'''
# [[caminho]] de [[canoa]]
=={{etimologia|tu}}==
: {{escopo|Morfologia}} [[ygara]] ([[canoa]]) + [[pé]] ([[caminho]]).
==Ver também==
===No Wikcionário===
* [[îgarapé]]
[[Categoria:Substantivo (Tupi)]]</text>
<sha1>1dj0p47pvk7guox1c0txhibu98psq08</sha1>
</revision>
</page>
