<page>
<title>ygarassu</title>
<ns>0</ns>
<id>6442</id>
<revision>
<id>1372142</id>
<parentid>864456</parentid>
<timestamp>2012-02-01T11:36:34Z</timestamp>
<contributor>
<username>MalafayaBot</username>
<id>628</id>
</contributor>
<minor />
<comment>Robô: Substituição de texto automática  (-^\=(\s*?)(\{\{tu\}\}|Tupi)(\s*?)\= +={{-tu-}}=)</comment>
<model>wikitext</model>
<format>text/x-wiki</format>
<text bytes="218" xml:space="preserve">={{-tu-}}=
==Substantivo==
'''y.ga.ras.su'''
# [[navio]]
# [[canoa]] [[grande]]
=={{etimologia|tu}}==
: {{escopo|Morfologia}} [[ygara]] ([[canoa]]) + [[assu]]/[[guassu]] ([[grande]]).
[[Categoria:Substantivo (Tupi)]]</text>
<sha1>jebi555swvcuckvbzcbqsp67ea05rjh</sha1>
</revision>
</page>
