<page>
<title>ygara</title>
<ns>0</ns>
<id>6027</id>
<revision>
<id>2140600</id>
<parentid>1372140</parentid>
<timestamp>2016-06-11T14:58:37Z</timestamp>
<contributor>
<username>UT-interwiki-Bot</username>
<id>56129</id>
</contributor>
<minor />
<comment>Robô: A adicionar: [[en:ygara]]</comment>
<model>wikitext</model>
<format>text/x-wiki</format>
<text bytes="379" xml:space="preserve">={{-tu-}}=
==Substantivo==
'''y.ga.ra'''    
# [[canoa]]; [[piroga]]
# [[embarcação]]
==Ver também==
===No Wikcionário===
* [[ygapeba]]:  [[jangada]]
* [[ygarapé]]:  caminho de canoa, braço de rio
* [[ygarassu]]:  [[navio]]
* [[ygareté]]:  canoa verdadeira; canoa maior que a [[piroga]]
* [[ygarupaba]]:  porto, ancoradouro
[[Categoria:Substantivo (Tupi)]]
[[en:ygara]]</text>
<sha1>liaux50bt3iou5dthlp1ia14dsd1pyg</sha1>
</revision>
</page>
