<page>
<title>yguar</title>
<ns>0</ns>
<id>358993</id>
<revision>
<id>2099673</id>
<parentid>2099672</parentid>
<timestamp>2016-05-16T12:28:41Z</timestamp>
<contributor>
<username>Cpls</username>
<id>20608</id>
</contributor>
<comment>/* {{etimologia|roa-gpm}} */</comment>
<model>wikitext</model>
<format>text/x-wiki</format>
<text bytes="272" xml:space="preserve">={{-roa-gpm-}}=
==Verbo==
{{oxítona|y|gu|ar|lang=roa-gpm}}, ''pronominal e transitivo''
# [[igualar]], ser igual
# [[por]]-se de acordo
==={{-varort-}}===
* [[iguar#Galego|iguar]]
=={{etimologia|roa-gpm}}==
: {{llietimo|la|aequare|roa-gpm}}
[[Categoria:Verbo (Galego)]]</text>
<sha1>95uqn1x6921nxr7se2pexrdj8xzvu8b</sha1>
</revision>
</page>
