<page>
<page>
<title>yguaba</title>
<ns>0</ns>
<id>8889</id>
<revision>
<id>1372143</id>
<parentid>351642</parentid>
<timestamp>2012-02-01T11:36:35Z</timestamp>
<contributor>
<username>MalafayaBot</username>
<id>628</id>
</contributor>
<minor />
<comment>Robô: Substituição de texto automática  (-^\=(\s*?)(\{\{tu\}\}|Tupi)(\s*?)\= +={{-tu-}}=)</comment>
<model>wikitext</model>
<format>text/x-wiki</format>
<text bytes="497" xml:space="preserve">={{-tu-}}=
==Substantivo==
'''y.gua.ba'''
# [[bebedouro]]
==Ver também==
===No Wikcionário===
{{verTambém.Ini}}
* [[ygapó]] = [[mata]] inundada
* [[ygara]] = [[canoa]]
* [[ygarassu]] = canoa grande; [[navio]]
* [[ygarapé]] = caminho de canoa, braço de [[rio]]
{{verTambém.NovaColuna}}
* [[yguassu]] = [[caudal]], rio [[caudaloso]]
* [[y]]/[[yg]]= [[água]]
* [[ycatu]]= [[fonte]], [[manancial]], água boa
{{verTambém.Fim}}
[[Categoria:Substantivo (Tupi)]]
[[Categoria:Trissílabo (Tupi)]]</text>
<sha1>3518kx8dz1y0q87h5hyn6xa5f20684t</sha1>
</revision>
