<page>
<page>
<title>Yhdysvallat</title>
<ns>0</ns>
<id>133126</id>
<revision>
<id>2541076</id>
<parentid>2282632</parentid>
<timestamp>2019-04-06T09:33:02Z</timestamp>
<contributor>
<username>ValJor</username>
<id>1358</id>
</contributor>
<comment>Acrescentando código de língua à [[:Categoria:!Página com mensagem de erro em predefinição|predefinição escopo]]</comment>
<model>wikitext</model>
<format>text/x-wiki</format>
<text bytes="515" xml:space="preserve">{{Wikipédia|lang=fi}}
[[Imagem:Flag of the United States.svg|thumb|right|250px|&lt;center&gt;Bandeira dos Estados Unidos&lt;/center&gt;]]
[[Imagem:LocationUSA.svg|thumb|right|250px|&lt;center&gt;Localização dos Estados Unidos&lt;/center&gt;]]
={{-fi-}}=
==Substantivo==
'''Yhdysvallat''', {{gramática|pr}}
# {{escopo|fi|País}} [[Estados Unidos]]
==={{-varort-}}===
* [[Amerikan Yhdysvallat]]
==Ver também==
===No Wikcionário===
{{América/fi}}
[[Categoria:Substantivo (Finlandês)]]
[[Categoria:Entrada com imagem (Finlandês)]]</text>
<sha1>050gchrz2cda4dhj11zod3a5m2q5qmr</sha1>
</revision>
