<page>
<title>yia</title>
<ns>0</ns>
<id>88401</id>
<revision>
<id>2210804</id>
<parentid>2057678</parentid>
<timestamp>2016-12-11T11:29:49Z</timestamp>
<contributor>
<username>ValJor</username>
<id>1358</id>
</contributor>
<comment>Desfazendo ligação para predefinição que não existe e que provavelmente nunca vai ser criada</comment>
<model>wikitext</model>
<format>text/x-wiki</format>
<text bytes="1160" xml:space="preserve">={{-cod-}}=
==Advérbio==
'''{{grifar|yi}}ia''' 
# {{escopo|cod|Gramática}} [[assim]], dessa [[maneira]], [[desse]] [[jeito]]&lt;ref group=&quot;cod&quot;&gt;FAUST, 2008, p. 157&lt;/ref&gt;
===Sinônimo===
* [[ria]]
===Notas===
&lt;references group=&quot;cod&quot; /&gt;
===Referências===
{{verTambém.Ini}}
* &lt;span style=&quot;color:#555;&quot;&gt;(em espanhol)&lt;/span&gt; FAUST, Norma. ''Gramatica Cocama - Lecciones para el apredizaje del idoma cocama''. Série Linguística Peruana, nº 6. 3ª edição. Lima: Instituto Lingüístico de Verano, 2008.
{{verTambém.Fim}}
[[Categoria:Advérbio (Cocama)]]
[[Categoria:Dissílabo (Cocama)]]
[[Categoria:Fala feminina (Cocama)]]
={{-tpi-}}=
==Substantivo==
'''yi.a'''
# [[ano]]
=={{etimologia|tpi}}==
{{llietimo|en|year|tpi}}
==Ver também==
===No Wikcionário===
{{verTambém.Ini}}
* [[Apêndice:Estações do ano]]
* [[Apêndice:Meses do ano|Apêndice:Meses do ano]]
* [[Apêndice:Unidades de tempo]]
{{verTambém.Fim}}
{{meses/tpi}}
[[Categoria:Substantivo (Tok Pisin)]]
[[Categoria:Dissílabo (Tok Pisin)]]
[[Categoria:Tempo (Tok Pisin)]]
[[chr:yia]]
[[en:yia]]
[[et:yia]]
[[ja:yia]]
[[ko:yia]]
[[la:yia]]
[[mg:yia]]
[[pl:yia]]
[[ru:yia]]
[[tpi:yia]]</text>
<sha1>22ro0i8lzhdde8ch2yg3ee0290skjyl</sha1>
</revision>
</page>
