<page>
<page>
<title>yiaiti</title>
<ns>0</ns>
<id>325277</id>
<revision>
<id>2629676</id>
<parentid>1828873</parentid>
<timestamp>2021-04-05T15:34:51Z</timestamp>
<contributor>
<username>ValJor</username>
<id>1358</id>
</contributor>
<comment>Acrescentando código de língua à [[:Categoria:!Página com mensagem de erro em predefinição|predefinição escopo]]</comment>
<model>wikitext</model>
<format>text/x-wiki</format>
<text bytes="626" xml:space="preserve">={{-cod-}}=
==Advérbio==
'''yi.{{grifar|ai}}.ti''' 
# {{escopo|cod|Gramática}} [[também]]&lt;ref group=&quot;cod&quot;&gt;FAUST, 2008, p. 157&lt;/ref&gt;
===Sinônimos===
* {{escopo2|fala masculina}} [[riaiti]]
===Notas===
&lt;references group=&quot;cod&quot; /&gt;
===Referências===
{{verTambém.Ini}}
* &lt;span style=&quot;color:#555;&quot;&gt;(em espanhol)&lt;/span&gt; FAUST, Norma. ''Gramatica Cocama - Lecciones para el apredizaje del idoma cocama''. Série Linguística Peruana, nº 6. 3ª edição. Lima: Instituto Lingüístico de Verano, 2008.
{{verTambém.Fim}}
[[Categoria:Advérbio (Cocama)]]
[[Categoria:Trissílabo (Cocama)]]
[[Categoria:Fala feminina (Cocama)]]</text>
<sha1>9eo0gqqoa5vb6pel1i3jtf6o4y3b96u</sha1>
</revision>
