<page>
<page>
<title>yian</title>
<ns>0</ns>
<id>325281</id>
<revision>
<id>2629521</id>
<parentid>1828883</parentid>
<timestamp>2021-04-05T00:20:44Z</timestamp>
<contributor>
<username>ValJor</username>
<id>1358</id>
</contributor>
<comment>Acrescentando código de língua à [[:Categoria:!Página com mensagem de erro em predefinição|predefinição escopo]]</comment>
<model>wikitext</model>
<format>text/x-wiki</format>
<text bytes="607" xml:space="preserve">={{-cod-}}=
==Conjunção==
'''yi.{{grifar|an}}''' 
# {{escopo|cod|Gramática}} [[mas]]&lt;ref group=&quot;cod&quot;&gt;FAUST, 2008, p. 157&lt;/ref&gt;, [[contudo]]
===Sinônimos===
* [[urian]]
===Notas===
&lt;references group=&quot;cod&quot; /&gt;
===Referências===
{{verTambém.Ini}}
* &lt;span style=&quot;color:#555;&quot;&gt;(em espanhol)&lt;/span&gt; FAUST, Norma. ''Gramatica Cocama - Lecciones para el apredizaje del idoma cocama''. Série Linguística Peruana, nº 6. 3ª edição. Lima: Instituto Lingüístico de Verano, 2008.
{{verTambém.Fim}}
[[Categoria:Conjunção (Cocama)]]
[[Categoria:Dissílabo (Cocama)]]
[[Categoria:Fala feminina (Cocama)]]</text>
<sha1>2s6p5k7xtmsbn332j2dpxtrs5cc2yrb</sha1>
</revision>
