<page>
<title>yiarn</title>
<ns>0</ns>
<id>390442</id>
<revision>
<id>2476528</id>
<timestamp>2018-01-11T16:49:07Z</timestamp>
<contributor>
<username>ValJor</username>
<id>1358</id>
</contributor>
<comment>Criação do verbete a partir da [[Especial:Páginas_pedidas|lista de palavras pedidas]]</comment>
<model>wikitext</model>
<format>text/x-wiki</format>
<text bytes="283" xml:space="preserve">{{Wikipédia|lang=gv}}
={{-gv-}}=
==Substantivo==
{{elementos|Fe|manganaish|Mn|cobalt|Co}}
'''yiarn'''
# {{escopo|gv|Química}} [[ferro]]
==Ver também==
===No Wikcionário===
{{tabela periódica/gv}}
[[Categoria:Substantivo (Manquês)]]
[[Categoria:Elemento químico (Manquês)]]</text>
<sha1>bvofl6incj1182pwo6lg6r31qicfsuf</sha1>
</revision>
</page>
