<page>
<page>
<title>Yibuti</title>
<ns>0</ns>
<id>128494</id>
<revision>
<id>2629517</id>
<parentid>2282633</parentid>
<timestamp>2021-04-04T23:58:42Z</timestamp>
<contributor>
<username>ValJor</username>
<id>1358</id>
</contributor>
<comment>Acrescentando código de língua à [[:Categoria:!Página com mensagem de erro em predefinição|predefinição escopo]]</comment>
<model>wikitext</model>
<format>text/x-wiki</format>
<text bytes="507" xml:space="preserve">{{Wikipédia|lang=an|Chibuti}}
[[Imagem:Flag of Djibouti.svg|thumb|right|250px|{{centro|Bandeira de Djibuti}}]]
[[Imagem:LocationDjibouti.svg|thumb|right|250px|{{centro|Localização de Djibuti}}]]
={{-an-}}=
==Substantivo==
'''Yibuti''', {{gramática|pr}}
# {{escopo|an|País}} [[Djibuti]]
==={{-varort-}}===
* [[Chibuti]]
===Sinônimo===
* [[Republica de Chibuti]]
==Ver também==
===No Wikcionário===
{{África/an}}
[[Categoria:Substantivo (Aragonês)]]
[[Categoria:Entrada com imagem (Aragonês)]]</text>
<sha1>aezwob4jdlm62t7e5dtms0tj93vjnug</sha1>
</revision>
