<page>
<page>
<title>yiddish</title>
<ns>0</ns>
<id>366442</id>
<revision>
<id>2680186</id>
<parentid>2680185</parentid>
<timestamp>2022-06-13T21:39:08Z</timestamp>
<contributor>
<username>Itleda</username>
<id>86989</id>
</contributor>
<model>wikitext</model>
<format>text/x-wiki</format>
<text bytes="595" xml:space="preserve">={{-pt-}}=
==Substantivo==
{{flex.pt|ms=yiddish|mp=yiddish}}
''{{paroxítona|yid|dish}}'', {{g|m}}
# {{escopo|pt|estrangeirismo|linguística}} ver [[iídiche]], [[ídiche]]
=={{etimologia|pt}}==
{{llietimo|en|yiddish|pt}}
[[Categoria:Substantivo (Português)]]
[[af:yiddish]]
[[be:yiddish]]
[[co:yiddish]]
[[da:yiddish]]
[[el:yiddish]]
[[en:yiddish]]
[[fr:yiddish]]
[[gl:yiddish]]
[[hi:yiddish]]
[[hu:yiddish]]
[[it:yiddish]]
[[ko:yiddish]]
[[ku:yiddish]]
[[nds:yiddish]]
[[nl:yiddish]]
[[pl:yiddish]]
[[ru:yiddish]]
[[scn:yiddish]]
[[sv:yiddish]]
[[ta:yiddish]]
[[vi:yiddish]]
[[zh:yiddish]]</text>
<sha1>ofnv881nsle26bswdacwcw3svs6q23h</sha1>
</revision>
