<page>
<title>yield</title>
<ns>0</ns>
<id>72870</id>
<revision>
<id>2248050</id>
<parentid>2184300</parentid>
<timestamp>2017-03-04T03:07:46Z</timestamp>
<contributor>
<username>UT-interwiki-Bot</username>
<id>56129</id>
</contributor>
<minor />
<comment>Robô: A adicionar: [[ky:yield]]</comment>
<model>wikitext</model>
<format>text/x-wiki</format>
<text bytes="681" xml:space="preserve">={{-en-}}=
==Substantivo==
'''yield'''
# [[resultado]], [[retorno]], [[efeito]]
[[Categoria:Substantivo (Inglês)]]
[[ar:yield]]
[[chr:yield]]
[[cs:yield]]
[[cy:yield]]
[[de:yield]]
[[el:yield]]
[[en:yield]]
[[eo:yield]]
[[es:yield]]
[[et:yield]]
[[fa:yield]]
[[fi:yield]]
[[fr:yield]]
[[gl:yield]]
[[hu:yield]]
[[hy:yield]]
[[io:yield]]
[[it:yield]]
[[kk:yield]]
[[km:yield]]
[[kn:yield]]
[[ko:yield]]
[[ku:yield]]
[[ky:yield]]
[[li:yield]]
[[lt:yield]]
[[mg:yield]]
[[ml:yield]]
[[mn:yield]]
[[my:yield]]
[[nl:yield]]
[[pl:yield]]
[[ru:yield]]
[[simple:yield]]
[[sm:yield]]
[[sv:yield]]
[[ta:yield]]
[[te:yield]]
[[tl:yield]]
[[tr:yield]]
[[uz:yield]]
[[vi:yield]]
[[zh:yield]]</text>
<sha1>2b7tq33zwuwvtsr3b4peq22it0xq88l</sha1>
</revision>
</page>
