<page>
<title>yil</title>
<ns>0</ns>
<id>88440</id>
<revision>
<id>2199549</id>
<parentid>2045648</parentid>
<timestamp>2016-11-22T11:14:31Z</timestamp>
<contributor>
<username>UT-interwiki-Bot</username>
<id>56129</id>
</contributor>
<minor />
<comment>Robô: A adicionar: [[ku:yil]]</comment>
<model>wikitext</model>
<format>text/x-wiki</format>
<text bytes="1176" xml:space="preserve">={{-uz-}}=
==Substantivo==
'''yil'''
# [[ano]].
==Ver também==
===No Wikcionário===
{{verTambém.Ini}}
* [[Apêndice:Estações do ano]]
* [[Apêndice:Meses do ano|Apêndice:Meses do ano]]
* [[Apêndice:Unidades de tempo]]
{{verTambém.Fim}}
{{estações do ano/uz}}
{{meses/uz}}
[[Categoria:Substantivo (Uzbeque)]]
[[Categoria:Monossílabo (Uzbeque)]]
[[Categoria:Tempo (Uzbeque)]]
&lt;br/&gt;
={{-vo-}}=
==Substantivo==
'''yil'''
# [[evasiva]], [[fuga]], [[esquiva]].
===Declinação===
{{decl.vo.subst}}
===Verbetes derivados===
{{verTambém.Ini}}
* {{link opcional|yilädön|vo}}
* {{link opcional|yilid|vo}}
* {{link opcional|yilidön|vo}}
* {{link opcional|yilot|vo}}
{{verTambém.NovaColuna}}
* {{link opcional|yilotiregulan|vo}}
* {{link opcional|yilön|vo}}
* {{link opcional|yilöp|vo}}
{{verTambém.Fim}}
=={{pronúncia}}==
* [[AFI]]: {{AFI|/yil/}}
* [[X-SAMPA]]: /yil/
[[Categoria:Substantivo (Volapuque)]]
[[Categoria:Monossílabo (Volapuque)]]
[[Categoria:Entrada com pronúncia (Volapuque)]]
[[chr:yil]]
[[en:yil]]
[[et:yil]]
[[eu:yil]]
[[fr:yil]]
[[hu:yil]]
[[ko:yil]]
[[ku:yil]]
[[lo:yil]]
[[mg:yil]]
[[pl:yil]]
[[ru:yil]]
[[tr:yil]]
[[uz:yil]]
[[vo:yil]]</text>
<sha1>56cedn3asxe72ya9lmtpzf38sopcqj3</sha1>
</revision>
</page>
