<page>
<page>
<title>yin</title>
<ns>0</ns>
<id>342184</id>
<revision>
<id>2140598</id>
<parentid>2071010</parentid>
<timestamp>2016-06-11T14:58:17Z</timestamp>
<contributor>
<username>UT-interwiki-Bot</username>
<id>56129</id>
</contributor>
<minor />
<comment>Robô: A adicionar: [[th:yin]]</comment>
<model>wikitext</model>
<format>text/x-wiki</format>
<text bytes="404" xml:space="preserve">={{-pt-}}=
==Substantivo==
'''yin'''
# [[no]] [[toismo]], [[o]] [[princípio]] [[feminino]], [[passivo]], [[terrestre]], [[absorvente]], [[frio]] [[e]] [[obscuro]]
==Ver também==
* {{Wikipédia|modelo=linha}}
[[Categoria:Substantivo (Português)]]
[[en:yin]]
[[es:yin]]
[[fi:yin]]
[[fr:yin]]
[[hr:yin]]
[[ku:yin]]
[[li:yin]]
[[mg:yin]]
[[nl:yin]]
[[ta:yin]]
[[th:yin]]
[[tr:yin]]
[[vi:yin]]
[[wa:yin]]</text>
<sha1>kil3y4lptckcs6paiunnx4ysu5fgjyu</sha1>
</revision>
