<page>
<page>
<title>Yinar</title>
<ns>0</ns>
<id>238195</id>
<revision>
<id>2546794</id>
<parentid>2282634</parentid>
<timestamp>2019-06-15T15:34:14Z</timestamp>
<contributor>
<username>ValJor</username>
<id>1358</id>
</contributor>
<comment>Corrigindo idioma da categorização: Aromeno --&gt; Arromeno</comment>
<model>wikitext</model>
<format>text/x-wiki</format>
<text bytes="174" xml:space="preserve">={{-rup-}}=
==Substantivo==
'''Yinar'''
# [[janeiro]]
==Ver também==
===No Wikcionário===
{{meses/rup}}
[[Categoria:Substantivo (Arromeno)]]
[[Categoria:Mês (Arromeno)]]</text>
<sha1>m2z8leeru56xjd68m3iy6hpwu44fyia</sha1>
</revision>
