<page>
<title>yinyetulan</title>
<ns>0</ns>
<id>367550</id>
<revision>
<id>2192979</id>
<timestamp>2016-11-02T20:57:10Z</timestamp>
<contributor>
<username>Emi-Ireland</username>
<id>45616</id>
</contributor>
<comment>[[Ajuda:Guia de edição/Menus e ferramentas/Sumário de edição|→]] nova página: ={{-wau-}}= ==Forma de substantivo== {{oxítona|yin|ye|tu|lan|lang=wau}} # segunda pessoa do plural possessiv...</comment>
<model>wikitext</model>
<format>text/x-wiki</format>
<text bytes="266" xml:space="preserve">={{-wau-}}=
==Forma de substantivo==
{{oxítona|yin|ye|tu|lan|lang=wau}}
# segunda pessoa do plural possessivo do substantivo [[yetulaga]]
{{avi-for-fle|yetulaga}}
=={{pronúncia|wau}}==
* [[AFI]]: {{AFI|/jĩ.jɛ.tuˈlã/}}
[[Categoria:Forma de substantivo (Wauja)]]</text>
<sha1>rx7qyr926k78iz3gwqh9eczanq3w2da</sha1>
</revision>
</page>
