<page>
<title>yisepitsato</title>
<ns>0</ns>
<id>362240</id>
<revision>
<id>2155330</id>
<timestamp>2016-08-02T01:43:24Z</timestamp>
<contributor>
<username>Emi-Ireland</username>
<id>45616</id>
</contributor>
<comment>[[Ajuda:Guia de edição/Menus e ferramentas/Sumário de edição|→]] nova página: ={{-wau-}}= ==Forma de substantivo== {{paroxítona|yi|se|pi|tsa|to|lang=wau}} # segunda pessoa do plural poss...</comment>
<model>wikitext</model>
<format>text/x-wiki</format>
<text bytes="273" xml:space="preserve">={{-wau-}}=
==Forma de substantivo==
{{paroxítona|yi|se|pi|tsa|to|lang=wau}}
# segunda pessoa do plural possessivo do substantivo [[sepitsi]]
{{avi-for-fle|sepitsi}}
=={{pronúncia|wau}}==
* [[AFI]]: {{AFI|/ji.sɛ.piˈtsa.tɨ/}}
[[Categoria:Forma de substantivo (Wauja)]]</text>
<sha1>3tvg6bk1uguzqvjronvhfj2th1ysvn6</sha1>
</revision>
</page>
