<page>
<title>yisepitsa</title>
<ns>0</ns>
<id>361040</id>
<revision>
<id>2241352</id>
<parentid>2154882</parentid>
<timestamp>2017-02-19T02:42:00Z</timestamp>
<contributor>
<username>Emi-Ireland</username>
<id>45616</id>
</contributor>
<comment>/* {{pronúncia|wau}} */</comment>
<model>wikitext</model>
<format>text/x-wiki</format>
<text bytes="259" xml:space="preserve">={{-wau-}}=
==Forma de substantivo==
{{paroxítona|yi|se|pi|tsa|lang=wau}}
# segunda pessoa do plural possessivo do substantivo [[sepi]]
{{avi-for-fle|sepi}}
=={{pronúncia|wau}}==
* [[AFI]]: {{AFI|/ji.sɛˈpi.tsa/}}
[[Categoria:Forma de substantivo (Wauja)]]</text>
<sha1>23b1azb41ngfmopxgt3o1omsda24jd0</sha1>
</revision>
</page>
