<page>
<page>
<title>yitebi</title>
<ns>0</ns>
<id>295481</id>
<revision>
<id>2629514</id>
<parentid>1440106</parentid>
<timestamp>2021-04-04T23:55:43Z</timestamp>
<contributor>
<username>ValJor</username>
<id>1358</id>
</contributor>
<comment>Acrescentando código de língua à [[:Categoria:!Página com mensagem de erro em predefinição|predefinição escopo]]</comment>
<model>wikitext</model>
<format>text/x-wiki</format>
<text bytes="320" xml:space="preserve">{{Wikipédia|lang=sw|yterbi}}
={{-sw-}}=
==Substantivo==
{{elementos|Yb|thuli|Tm|luteti|Lu}}
'''yitebi'''
# {{escopo|sw|Química}} [[itérbio]]
==={{-varort-}}===
* [[yterbi]]
==Ver também==
===No Wikcionário===
{{tabela periódica/sw}}
[[Categoria:Substantivo (Suaíli)]]
[[Categoria:Elemento químico (Suaíli)]]</text>
<sha1>aog44qqravgzqsp62cmgh5g265pdmsv</sha1>
</revision>
