<page>
<page>
<title>yitri</title>
<ns>0</ns>
<id>294970</id>
<revision>
<id>2629497</id>
<parentid>1436564</parentid>
<timestamp>2021-04-04T22:14:28Z</timestamp>
<contributor>
<username>ValJor</username>
<id>1358</id>
</contributor>
<comment>Acrescentando código de língua à [[:Categoria:!Página com mensagem de erro em predefinição|predefinição escopo]]</comment>
<model>wikitext</model>
<format>text/x-wiki</format>
<text bytes="316" xml:space="preserve">{{Wikipédia|lang=sw|ytri}}
={{-sw-}}=
==Substantivo==
{{elementos|Y|stronti|Sr|zirikoni|Zr}}
'''yitri'''
# {{escopo|sw|Química}} [[ítrio]]
==={{-varort-}}===
* [[ytri]]
==Ver também==
===No Wikcionário===
{{tabela periódica/sw}}
[[Categoria:Substantivo (Suaíli)]]
[[Categoria:Elemento químico (Suaíli)]]</text>
<sha1>2w3kdtjbtug82abvm04sa1qg9l0bmwo</sha1>
</revision>
