<page>
<title>yitsinejula</title>
<ns>0</ns>
<id>362311</id>
<revision>
<id>2241355</id>
<parentid>2155514</parentid>
<timestamp>2017-02-19T02:43:47Z</timestamp>
<contributor>
<username>Emi-Ireland</username>
<id>45616</id>
</contributor>
<comment>/* {{pronúncia|wau}} */</comment>
<model>wikitext</model>
<format>text/x-wiki</format>
<text bytes="272" xml:space="preserve">={{-wau-}}=
==Forma de substantivo==
{{paroxítona|yi|tsi|ne|ju|la|lang=wau}}
# primeira pessoa do plural possessivo do substantivo [[toneju]]
{{avi-for-fle|toneju}}
=={{pronúncia|wau}}==
* [[AFI]]: {{AFI|/yi.tsi.nɛˈʐu.la/}}
[[Categoria:Forma de substantivo (Wauja)]]</text>
<sha1>hhl9mycwf6fye2vah5h0izjfg5w9b6d</sha1>
</revision>
</page>
