<page>
<page>
<title>yitsunumala</title>
<ns>0</ns>
<id>362216</id>
<revision>
<id>2241357</id>
<parentid>2155291</parentid>
<timestamp>2017-02-19T02:44:47Z</timestamp>
<contributor>
<username>Emi-Ireland</username>
<id>45616</id>
</contributor>
<comment>/* {{pronúncia|wau}} */</comment>
<model>wikitext</model>
<format>text/x-wiki</format>
<text bytes="267" xml:space="preserve">={{-wau-}}=
==Forma de substantivo==
{{paroxítona|yi|tsu|nu|ma|la|lang=wau}}
# segunda pessoa do plural possessivo do substantivo [[amaka]]
{{avi-for-fle|amaka}}
=={{pronúncia|wau}}==
* [[AFI]]: {{AFI|/yi.tsu.nuˈma.la/}}
[[Categoria:Forma de substantivo (Wauja)]]</text>
<sha1>aoq4xa6irn9jx5rukcpg5ncbu4i7l9m</sha1>
</revision>
