<page>
<title>yixehen</title>
<ns>0</ns>
<id>362227</id>
<revision>
<id>2155308</id>
<timestamp>2016-08-02T01:00:28Z</timestamp>
<contributor>
<username>Emi-Ireland</username>
<id>45616</id>
</contributor>
<comment>[[Ajuda:Guia de edição/Menus e ferramentas/Sumário de edição|→]] nova página: ={{-wau-}}= ==Forma de substantivo== {{oxítona|yi|xe|hen|lang=wau}} # segunda pessoa do plural possessivo do...</comment>
<model>wikitext</model>
<format>text/x-wiki</format>
<text bytes="257" xml:space="preserve">={{-wau-}}=
==Forma de substantivo==
{{oxítona|yi|xe|hen|lang=wau}}
# segunda pessoa do plural possessivo do substantivo [[peheke]]
{{avi-for-fle|peheke}}
=={{pronúncia|wau}}==
* [[AFI]]: {{AFI|/ji.tjɛˈhɛ̃/}}
[[Categoria:Forma de substantivo (Wauja)]]</text>
<sha1>7nd0fg2b86ba3k2ehds3159i80whxiv</sha1>
</revision>
</page>
