<page>
<title>yixuluntapa</title>
<ns>0</ns>
<id>362233</id>
<revision>
<id>2241359</id>
<parentid>2155319</parentid>
<timestamp>2017-02-19T02:45:50Z</timestamp>
<contributor>
<username>Emi-Ireland</username>
<id>45616</id>
</contributor>
<comment>/* {{pronúncia|wau}} */</comment>
<model>wikitext</model>
<format>text/x-wiki</format>
<text bytes="273" xml:space="preserve">={{-wau-}}=
==Forma de substantivo==
{{paroxítona|yi|xu|lun|ta|pa|lang=wau}}
# segunda pessoa do plural possessivo do substantivo [[pulutapa]]
{{avi-for-fle|pulutapa}}
=={{pronúncia|wau}}==
* [[AFI]]: {{AFI|/ji.tju.lũˈta.pa/}}
[[Categoria:Forma de substantivo (Wauja)]]</text>
<sha1>611h3l4pbrfexuzdzlw6kn2vis0m7fg</sha1>
</revision>
</page>
