<page>
<title>yiyanakala</title>
<ns>0</ns>
<id>362327</id>
<revision>
<id>2241360</id>
<parentid>2155553</parentid>
<timestamp>2017-02-19T02:46:48Z</timestamp>
<contributor>
<username>Emi-Ireland</username>
<id>45616</id>
</contributor>
<comment>/* {{pronúncia|wau}} */</comment>
<model>wikitext</model>
<format>text/x-wiki</format>
<text bytes="267" xml:space="preserve">={{-wau-}}=
==Forma de substantivo==
{{paroxítona|yi|ya|na|ka|la|lang=wau}}
# segunda pessoa do plural possessivo do substantivo [[wanaka]]
{{avi-for-fle|wanaka}}
=={{pronúncia|wau}}==
* [[AFI]]: {{AFI|/jiˌja.naˈka.la/}}
[[Categoria:Forma de substantivo (Wauja)]]</text>
<sha1>ik6rf0op5xqvv5kcf3wd51yjqycnbms</sha1>
</revision>
</page>
