<page>
<title>Yizmãciunj</title>
<ns>0</ns>
<id>238203</id>
<revision>
<id>2546791</id>
<parentid>904575</parentid>
<timestamp>2019-06-15T15:26:31Z</timestamp>
<contributor>
<username>ValJor</username>
<id>1358</id>
</contributor>
<comment>Corrigindo idioma da categorização: Aromeno --&gt; Arromeno</comment>
<model>wikitext</model>
<format>text/x-wiki</format>
<text bytes="181" xml:space="preserve">={{-rup-}}=
==Substantivo==
'''Yizmãciunj'''
# [[setembro]]
==Ver também==
===No Wikcionário===
{{meses/rup}}
[[Categoria:Substantivo (Arromeno)]]
[[Categoria:Mês (Arromeno)]]</text>
<sha1>6q3x26yavyaww5o6m87hzsqkmlm0s1g</sha1>
</revision>
</page>
