<page>
<page>
<title>yjxa</title>
<ns>0</ns>
<id>42578</id>
<revision>
<id>1428480</id>
<parentid>161624</parentid>
<timestamp>2012-07-11T16:27:43Z</timestamp>
<contributor>
<username>MalafayaBot</username>
<id>628</id>
</contributor>
<minor />
<comment>Robô: Substituição de texto automática  (-^\=(\s*?)(\{\{ktn\}\}|Caritiana\/Karitiana)(\s*?)\= +={{-ktn-}}=)</comment>
<model>wikitext</model>
<format>text/x-wiki</format>
<text bytes="322" xml:space="preserve">={{-ktn-}}=
==Pronome==
'''yjxa'''
:# [[nós]]; [[gente]]
:# [[nós]] [[outros]] em oposição a [[opok]] e [[opok pita]]
==Substantivo==
'''yjxa'''
:# nome que dão a si mesmos os membros da tribo caritiana.
[[Categoria:Substantivo (Caritiana)]]
[[Categoria:Pronome (Caritiana)]]
[[Categoria:Gentílico (Caritiana)]]</text>
<sha1>kyyq4ooze87gp344lj2dka1z48wtqj7</sha1>
</revision>
