<page>
<title>yleismittari</title>
<ns>0</ns>
<id>240141</id>
<revision>
<id>1827393</id>
<parentid>1803802</parentid>
<timestamp>2014-05-24T11:40:17Z</timestamp>
<contributor>
<username>ValJor</username>
<id>1358</id>
</contributor>
<comment>Ampliando [[:Categoria:!Entrada criada por robô|verbete criado por robô]]</comment>
<model>wikitext</model>
<format>text/x-wiki</format>
<text bytes="224" xml:space="preserve">{{Wikipédia|lang=fi}}
={{-fi-}}=
==Substantivo==
'''yleismittari'''
# [[multímetro]]
=={{etimologia|fi}}==
: {{escopo|Morfologia}} [[yleis-]] +‎ [[mittari]].
[[Categoria:Substantivo (Finlandês)]]
[[en:yleismittari]]</text>
<sha1>1bibrf9n8bhirog8tv1a4dp0ap2j34z</sha1>
</revision>
</page>
