<page>
<page>
<title>ylimielisyys</title>
<ns>0</ns>
<id>239646</id>
<revision>
<id>1813992</id>
<parentid>1803801</parentid>
<timestamp>2014-03-10T04:36:41Z</timestamp>
<contributor>
<username>YS-Bot</username>
<id>32241</id>
</contributor>
<minor />
<comment>r2.7.3) (Robô: A adicionar: [[fi:ylimielisyys]]</comment>
<model>wikitext</model>
<format>text/x-wiki</format>
<text bytes="225" xml:space="preserve">={{-fi-}}=
==Substantivo==
'''ylimielisyys'''
# [[hubris]]
{{página-automática|julho|2010|hubris|fi}}
[[Categoria:Substantivo (Finlandês)]]
[[en:ylimielisyys]]
[[fi:ylimielisyys]]
[[io:ylimielisyys]]
[[mg:ylimielisyys]]</text>
<sha1>avemegd02f7w3c8dhs2gbkl5tpyefbf</sha1>
</revision>
