<page>
<page>
<title>ymbyra</title>
<ns>0</ns>
<id>5987</id>
<revision>
<id>1372145</id>
<parentid>864410</parentid>
<timestamp>2012-02-01T11:36:37Z</timestamp>
<contributor>
<username>MalafayaBot</username>
<id>628</id>
</contributor>
<minor />
<comment>Robô: Substituição de texto automática  (-^\=(\s*?)(\{\{tu\}\}|Tupi)(\s*?)\= +={{-tu-}}=)</comment>
<model>wikitext</model>
<format>text/x-wiki</format>
<text bytes="272" xml:space="preserve">={{-tu-}}=
==Substantivo==
'''ym.bi.ra'''
# [[cipó]]
# [[fibra]] de casca de árvore
# [[corda]]
===Sinônimo===
* [[ybyra]]
==Ver também==
===No Wikcionário===
* [[ybyrá]]
* [[ymbyrassu]]: cipó grande
* [[ymbyrussu]]: cipó grande
[[Categoria:Substantivo (Tupi)]]</text>
<sha1>da8zsei02yk7nu2hf8w3wi77alxqk84</sha1>
</revision>
