<page>
<page>
<title>ymennydd</title>
<ns>0</ns>
<id>232733</id>
<revision>
<id>2416239</id>
<parentid>1803800</parentid>
<timestamp>2017-06-07T18:43:29Z</timestamp>
<contributor>
<username>ValJor</username>
<id>1358</id>
</contributor>
<comment>Confirmando [[:Categoria:!Entrada criada por robô|verbete criado por robô]]</comment>
<model>wikitext</model>
<format>text/x-wiki</format>
<text bytes="148" xml:space="preserve">{{Wikipédia|lang=cy}}
={{-cy-}}=
==Substantivo==
'''ymennydd'''
# [[cérebro]]
[[Categoria:Substantivo (Galês)]]
[[Categoria:Anatomia (Galês)]]</text>
<sha1>3dlk4ybviip7yq5jklmj4uihgojdsms</sha1>
</revision>
