<page>
<page>
<title>yn</title>
<ns>0</ns>
<id>108023</id>
<revision>
<id>2240388</id>
<parentid>2026587</parentid>
<timestamp>2017-02-18T09:19:36Z</timestamp>
<contributor>
<username>JAnDbot</username>
<id>25083</id>
</contributor>
<minor />
<comment>Robô: A adicionar: [[cs:yn]]</comment>
<model>wikitext</model>
<format>text/x-wiki</format>
<text bytes="4013" xml:space="preserve">={{-kw-}}=
==Preposição==
'''yn'''
# [[em]]:
#: ''Fatell leverir '''yn''' Saesneg[[?]]'' &lt;small&gt;([[como|Como]] [[se#Pronome|se]] [[dizer|diz]] [[isso]] em [[inglês]]?)&lt;/small&gt;
===Fraseologia===
* '''{{link opcional|yn mes|kw}}''': [[fora]] ([[de]])
[[Categoria:Preposição (Córnico)]]
[[Categoria:Monossílabo (Córnico)]]
={{-fy-}}=
==Preposição==
'''yn'''
# [[em]].
[[Categoria:Preposição (Frísio)]]
[[Categoria:Monossílabo (Frísio)]]
={{-cy-}}=
==Partícula==
'''yn'''
# [[partícula]] [[gramatical]] [[usado|usada]] [[para#Preposição|para]] [[marcar]] [[adjunto adnominal|adjuntos adnominais]] [[e#Conjunção|e]] [[complemento nominal|complementos nominais]] e [[complemento verbal|verbais]].
#* '''Nota''': [[provocar|provoca]] [[mutação]] [[suave]] ([[exceto]] [[diante de]] ''rh'' e ''ll'') [[em]] [[adjetivo]]s e [[substantivo]]s [[que]] [[a#Pronome|a]] [[seguir|seguem]], [[porém]] [[não]] [[afetar|afeta]] [[verbo]]s
===Grafias alternativas===
* {{link opcional|'n|cv}} ([[após]] [[vogal|vogais]])
==Preposição==
'''yn'''
# [[em]], [[no]], [[na]]:
#: ''Mae hi'n byw '''yng''' Nghaerdydd.'' &lt;small&gt;([[ela#Pronome|Ela]] [[viver|vive]] em [[Cardiff]].)&lt;/small&gt;
#: ''Ydyn ni'n astudio '''yn''' y Brifysgol ym Mangor.'' &lt;small&gt;([[estudar|Estamos estudando]] na [[universidade|Universidade]] de {{link opcional|Bangor}}.)&lt;/small&gt;
#* '''Nota 1''': [[causar|causa]] [[mutação]] [[nasal]]: [[diante de]] ''c'' e ''g'' [[tornar|torna]]-[[se#Pronome|se]] ''{{link opcional|yng|cy}}'', e [[diante]] de ''b'' e ''p'' (e [[às vezes]] ''m'') [[virar|vira]] ''{{link opcional|ym|cy}}''
#* '''Nota 2''': em [[algumas]] [[área]]s, na [[língua]] [[falado|falada]], a [[palavra]] [[seguinte]] [[sofrer|sofre]] mutação [[suave]] [[ao invés de]] nasal, [[mas]] na língua [[escrito|escrita]], [[ser#Verbo|é]] [[constante]] a mutação nasal
#* '''Nota 3''': [[usado]] [[apenas]] com substantivos [[definido]]s
===Grafias alternativas===
* {{link opcional|'m|cv}}/{{link opcional|'n|cv}} ([[após]] [[vogal|vogais]])
===Fraseologia===
* '''{{link opcional|hyddysg yn|cy}}''': [[bem]] [[informado]]
* '''{{link opcional|yn lle|cy}}''': [[ao invés de]], [[em vez de]]
* '''{{link opcional|yn y bôn|cy}}''': [[basicamente]]
* '''{{link opcional|yn y fantol|cy}}''': [[por um fio]], [[a perigo]], [[em risco]]
* '''{{link opcional|yn sgil|cy}}''': [[por]] [[consequência]] [[de]]
* '''{{link opcional|yng ngyddfau ei gilydd|cy}}''': [[em]] [[desacordo]], [[discutir|discutindo]]
===Verbetes derivados===
{{verTambém.Ini}}
* {{link opcional|ynddi|cy}}
* {{link opcional|ynddo|cy}}
* {{link opcional|ynddoch|cy}}
{{verTambém.NovaColuna}}
* {{link opcional|ynddon|cy}}
* {{link opcional|ynddot|cy}}
* {{link opcional|ynddyn|cy}}
{{verTambém.NovaColuna}}
* {{link opcional|ynddynt|cy}}
* {{link opcional|ynof|cy}}
* {{link opcional|ynom|cy}}
{{verTambém.NovaColuna}}
* {{link opcional|ynot|cy}}
* {{link opcional|ynoch|cy}}
{{verTambém.Fim}}
==Ver também==
===No Wikcionário===
{{verTambém.Ini}}
* {{link opcional|mewn|cy}}
{{verTambém.Fim}}
===Referências===
{{verTambém.Ini}}
* [http://www.geiriadur.net/atebion.php?uni=y&amp;prefLang=en&amp;term=yn&amp;direction=we&amp;whichpart=exact&amp;type=preposition ''yn'' no Geiriadur ar-lein (University of Wales, Lampeter) (em galês e inglês)]
* [http://www.geiriadur.net/gramadeg/yn.php?PHPSESSID=cb74f6387a3126582cad60fe4ee9bece&amp;prefLang=en notas sobre o uso de ''yn'' (em inglês)]
{{verTambém.Fim}}
[[Categoria:Partícula (Galês)]]
[[Categoria:Preposição (Galês)]]
[[Categoria:Monossílabo (Galês)]]
={{-gv-}}=
==Artigo==
'''yn''' {{m}}/{{f}}, ''[[indefinido]]'' ({{p}} '''''{{link opcional|ny|gv}}''''')
# [[um#Artigo|um]], [[artigo indefinido]].
===Grafias alternativas===
* [[y#{{gv}}|y]] ([[diante de]] [[consoante]]s)
[[Categoria:Artigo (Manquês)]]
[[Categoria:Monossílabo (Manquês)]]
[[chr:yn]]
[[cs:yn]]
[[cy:yn]]
[[da:yn]]
[[en:yn]]
[[es:yn]]
[[fj:yn]]
[[fr:yn]]
[[fy:yn]]
[[gl:yn]]
[[io:yn]]
[[ku:yn]]
[[mg:yn]]
[[pl:yn]]</text>
<sha1>nra83mhnuqo7t0ogetoho19m9l99st1</sha1>
</revision>
