<page>
<page>
<title>Yndia</title>
<ns>0</ns>
<id>134074</id>
<revision>
<id>2554290</id>
<parentid>2282665</parentid>
<timestamp>2019-09-20T09:20:23Z</timestamp>
<contributor>
<username>ValJor</username>
<id>1358</id>
</contributor>
<comment>Acrescentando código de língua à [[:Categoria:!Página com mensagem de erro em predefinição|predefinição escopo]]</comment>
<model>wikitext</model>
<format>text/x-wiki</format>
<text bytes="435" xml:space="preserve">{{Wikipédia|lang=fy}}
[[Imagem:Flag of India.svg|thumb|right|250px|&lt;center&gt;Bandeira da Índia&lt;/center&gt;]]
[[Imagem:India (orthographic projection).svg|thumb|right|250px|&lt;center&gt;Localização da Índia&lt;/center&gt;]]
={{-fy-}}=
==Substantivo==
'''Yndia''', {{gramática|pr}}
# {{escopo|fy|País}} [[Índia]]
==Ver também==
===No Wikcionário===
{{Ásia/fy}}
[[Categoria:Substantivo (Frísio)]]
[[Categoria:Entrada com imagem (Frísio)]]</text>
<sha1>51eozibg2sq3fel5gqovk5g10mfwrvo</sha1>
</revision>
