<page>
<title>yo</title>
<ns>0</ns>
<id>171642</id>
<revision>
<id>2224437</id>
<parentid>2224056</parentid>
<timestamp>2017-01-17T12:45:17Z</timestamp>
<contributor>
<username>HydrizBot</username>
<id>29590</id>
</contributor>
<minor />
<comment>Robô: A adicionar: [[eo:yo]]</comment>
<model>wikitext</model>
<format>text/x-wiki</format>
<text bytes="1186" xml:space="preserve">={{-es-}}=
==Pronome==
''yo''
# [[eu]]
=={{etimologia|es}}==
: Do latim vlgar ''[[eo]]'' &lt; do latin ''[[ego]]''
=={{pronúncia|es}}==
* [[AFI]]: {{AFI|/ʝo/}}
[[Categoria:Pronome (Espanhol)]]
={{-ie-}}=
==Pronome==
'''yo'''
# [[eu]], [[pronome pessoal]] [[do]] [[caso#Substantivo|caso]] [[nominativo]] [[da]] [[primeiro|primeira]] [[pessoa]] do [[singular]];
==Ver também==
===No Wikcionário===
{{decl.ie.pron.pessoal}}
[[Categoria:Pronome pessoal (Interlíngue)]]
[[Categoria:Monossílabo (Interlíngue)]]
={{-ja-}}=
==Transliteração==
# transliteração de [[よ]]
[[Categoria:Transliteração (Japonês)]]
[[an:yo]]
[[ast:yo]]
[[ay:yo]]
[[az:yo]]
[[ca:yo]]
[[chr:yo]]
[[co:yo]]
[[cs:yo]]
[[da:yo]]
[[de:yo]]
[[el:yo]]
[[en:yo]]
[[eo:yo]]
[[es:yo]]
[[et:yo]]
[[eu:yo]]
[[fi:yo]]
[[fj:yo]]
[[fr:yo]]
[[gl:yo]]
[[hr:yo]]
[[hu:yo]]
[[hy:yo]]
[[io:yo]]
[[is:yo]]
[[it:yo]]
[[ja:yo]]
[[jv:yo]]
[[ko:yo]]
[[ku:yo]]
[[ky:yo]]
[[la:yo]]
[[lb:yo]]
[[lo:yo]]
[[lt:yo]]
[[lv:yo]]
[[mg:yo]]
[[mi:yo]]
[[mn:yo]]
[[mt:yo]]
[[nah:yo]]
[[nl:yo]]
[[no:yo]]
[[oc:yo]]
[[pl:yo]]
[[roa-rup:yo]]
[[ru:yo]]
[[simple:yo]]
[[sv:yo]]
[[th:yo]]
[[tr:yo]]
[[uk:yo]]
[[uz:yo]]
[[vi:yo]]
[[zh:yo]]</text>
<sha1>httn0qw955b3j88pffar75fip3vo9ic</sha1>
</revision>
</page>
