<page>
<page>
<title>Yoane</title>
<ns>0</ns>
<id>420919</id>
<revision>
<id>2577400</id>
<timestamp>2020-02-16T19:35:48Z</timestamp>
<contributor>
<username>Cpls</username>
<id>20608</id>
</contributor>
<comment>[[Ajuda:Guia de edição/Menus e ferramentas/Sumário de edição|→]] nova página: ={{-roa-gpm-}}= ==Substantivo== {{paroxítona|Yo|a|ne|lang=roa-gpm}}, {{g|pr|m}} # [[João]]  ==={{-varort-}}...</comment>
<model>wikitext</model>
<format>text/x-wiki</format>
<text bytes="336" xml:space="preserve">={{-roa-gpm-}}=
==Substantivo==
{{paroxítona|Yo|a|ne|lang=roa-gpm}}, {{g|pr|m}}
# [[João]]
==={{-varort-}}===
* Vide em [[Joan#Galego-Português Medieval|Joan]]
=={{etimologia|roa-gpm}}==
{{llietimo|la|Iohannes|roa-gpm}}
[[Categoria:Substantivo (Galego-Português Medieval)]]
[[Categoria:Antropônimo (Galego-Português Medieval)]]</text>
<sha1>h1xls1f06ebgxs1da9ygm8qtioa6mw5</sha1>
</revision>
