<page>
<title>Yoan</title>
<ns>0</ns>
<id>420918</id>
<revision>
<id>2577399</id>
<timestamp>2020-02-16T19:35:17Z</timestamp>
<contributor>
<username>Cpls</username>
<id>20608</id>
</contributor>
<comment>[[Ajuda:Guia de edição/Menus e ferramentas/Sumário de edição|→]] nova página: ={{-roa-gpm-}}= ==Substantivo== {{oxítona|Yo|an|lang=roa-gpm}}, {{g|pr|m}} # [[João]]  ==={{-varort-}}=== *...</comment>
<model>wikitext</model>
<format>text/x-wiki</format>
<text bytes="331" xml:space="preserve">={{-roa-gpm-}}=
==Substantivo==
{{oxítona|Yo|an|lang=roa-gpm}}, {{g|pr|m}}
# [[João]]
==={{-varort-}}===
* Vide em [[Joan#Galego-Português Medieval|Joan]]
=={{etimologia|roa-gpm}}==
{{llietimo|la|Iohannes|roa-gpm}}
[[Categoria:Substantivo (Galego-Português Medieval)]]
[[Categoria:Antropônimo (Galego-Português Medieval)]]</text>
<sha1>i7tw2g1riwdvz2pjl64za5eogexxkxb</sha1>
</revision>
</page>
