<page>
<page>
<title>yobu</title>
<ns>0</ns>
<id>122094</id>
<revision>
<id>2224057</id>
<parentid>2091129</parentid>
<timestamp>2017-01-16T23:44:58Z</timestamp>
<contributor>
<username>Tribuno da Plebe</username>
<id>16095</id>
</contributor>
<model>wikitext</model>
<format>text/x-wiki</format>
<text bytes="133" xml:space="preserve">={{-ja-}}=
==Transliteração==
# transliteração de [[よぶ]]
[[Categoria:Transliteração (Japonês)]]
[[en:yobu]]
[[uz:yobu]]</text>
<sha1>34mge9n7a9f6y4u3le0q0gzzlc3mmog</sha1>
</revision>
