<page>
<title>yoctometro</title>
<ns>0</ns>
<id>328954</id>
<revision>
<id>2521179</id>
<parentid>2521169</parentid>
<timestamp>2018-10-03T23:12:25Z</timestamp>
<contributor>
<username>ValJor</username>
<id>1358</id>
</contributor>
<minor />
<comment>Revertidas edições por [[Especial:Contribuições/191.205.191.38|191.205.191.38]] para a última versão por [[Especial:Contribuições/YS-Bot|YS-Bot]]</comment>
<model>wikitext</model>
<format>text/x-wiki</format>
<text bytes="247" xml:space="preserve">={{-pt-}}=
==Substantivo==
{{flex.pt|ms=yoctometro|mp=yoctometros}}
{{paroxítona|yoc|to|me|tro}}
#unidade de medida equivalente a 10&lt;sup&gt;-24&lt;/sup&gt; m.
[[Categoria:Substantivo (Português)]]
[[Categoria:Metrologia (Português)]]
[[en:yoctometro]]</text>
<sha1>0xwea6vgr77josli37mgd8sjoylcxyu</sha1>
</revision>
</page>
