<page>
<page>
<title>Yoel</title>
<ns>0</ns>
<id>424662</id>
<revision>
<id>2591182</id>
<timestamp>2020-06-25T01:51:00Z</timestamp>
<contributor>
<username>Leonardo José Raimundo</username>
<id>43489</id>
</contributor>
<comment>Eu estou criando o nome &quot;Yoel&quot;.</comment>
<model>wikitext</model>
<format>text/x-wiki</format>
<text bytes="192" xml:space="preserve">={{-br-}}=
==Substantivo==
{{oxítona|Yo|el|lang=br}}
# {{escopo|br|Cristianismo|religião}} [[Joel]]
==Ver também==
===No Wikcionário===
{{bíblia/br}}
[[Categoria:Substantivo (Bretão)]]</text>
<sha1>rmz7i6quma6q9wgmcqkz8rpps5d0aug</sha1>
</revision>
