<page>
<page>
<title>yoga</title>
<ns>0</ns>
<id>365930</id>
<revision>
<id>2656858</id>
<parentid>2414659</parentid>
<timestamp>2022-01-04T03:35:06Z</timestamp>
<contributor>
<username>ValJor</username>
<id>1358</id>
</contributor>
<comment>Melhorando a apresentação do verbete</comment>
<model>wikitext</model>
<format>text/x-wiki</format>
<text bytes="3725" xml:space="preserve">{{Wikipédia|lang=pt|ioga}}
{{Wikipédia|lang=an}}
{{Wikipédia|lang=ast}}
{{Wikipédia|lang=nds-nl}}
{{Wikipédia|lang=ban}}
{{Wikipédia|lang=eu}}
{{Wikipédia|lang=br}}
{{Wikipédia|lang=da}}
{{Wikipédia|lang=sco}}
{{Wikipédia|lang=es}}
{{Wikipédia|lang=fr}}
{{Wikipédia|lang=nl}}
{{Wikipédia|lang=ilo}}
{{Wikipédia|lang=id}}
{{Wikipédia|lang=en}}
{{Wikipédia|lang=ia}}
{{Wikipédia|lang=it}}
{{Wikipédia|lang=jv}}
{{Wikipédia|lang=lmo}}
{{Wikipédia|lang=ms}}
{{Wikipédia|lang=nan}}
{{Wikipédia|lang=no}}
{{Wikipédia|lang=nn}}
{{Wikipédia|lang=ro}}
{{Wikipédia|lang=rw}}
{{Wikipédia|lang=sw}}
{{Wikipédia|lang=sv}}
{{Wikipédia|lang=tl}}
{{Wikipédia|lang=tr}}
{{Wikipédia|lang=uz}}
{{Wikipédia|lang=vi}}
{{Wikipédia|lang=war}}
={{-pt-}}=
==Substantivo==
{{flex.pt|fs=yoga|fp=yogas}}
''{{paroxítona|y|o|ga}}'', {{gramática|f}}
# {{escopo|pt|Estrangeirismo}} ver [[ioga]]
[[Categoria:Substantivo (Português)]]
={{-an-}}=
==Substantivo==
'''yoga'''
# [[ioga]]
[[Categoria:Substantivo (Aragonês)]]
={{-ast-}}=
==Substantivo==
'''yoga'''
# [[ioga]]
[[Categoria:Substantivo (Asturiano)]]
={{-nds-nl-}}=
==Substantivo==
'''yoga'''
# [[ioga]]
[[Categoria:Substantivo (Baixo Saxão Holandês)]]
={{-ban-}}=
==Substantivo==
'''yoga'''
# [[ioga]]
[[Categoria:Substantivo (Balinês)]]
={{-eu-}}=
==Substantivo==
'''yoga'''
# [[ioga]]
[[Categoria:Substantivo (Basco)]]
={{-br-}}=
==Substantivo==
'''yoga'''
# [[ioga]]
[[Categoria:Substantivo (Bretão)]]
={{-da-}}=
==Substantivo==
'''yoga'''
# [[ioga]]
[[Categoria:Substantivo (Dinamarquês)]]
={{-sco-}}=
==Substantivo==
'''yoga'''
# [[ioga]]
[[Categoria:Substantivo (Escocês)]]
={{-es-}}=
==Substantivo==
'''yoga'''
# [[ioga]]
[[Categoria:Substantivo (Espanhol)]]
={{-fr-}}=
==Substantivo==
'''yoga'''
# [[ioga]]
[[Categoria:Substantivo (Francês)]]
={{-nl-}}=
==Substantivo==
'''yoga'''
# [[ioga]]
[[Categoria:Substantivo (Holandês)]]
={{-ilo-}}=
==Substantivo==
'''yoga'''
# [[ioga]]
[[Categoria:Substantivo (Ilocano)]]
={{-id-}}=
==Substantivo==
'''yoga'''
# [[ioga]]
[[Categoria:Substantivo (Indonésio)]]
={{-en-}}=
==Substantivo==
'''yoga'''
# [[ioga]]
[[Categoria:Substantivo (Inglês)]]
={{-ia-}}=
==Substantivo==
'''yoga'''
# [[ioga]]
[[Categoria:Substantivo (Interlíngua)]]
={{-it-}}=
==Substantivo==
'''yoga'''
# [[ioga]]
[[Categoria:Substantivo (Italiano)]]
={{-jv-}}=
==Substantivo==
'''yoga'''
# [[ioga]]
[[Categoria:Substantivo (Javanês)]]
={{-lmo-}}=
==Substantivo==
'''yoga'''
# [[ioga]]
[[Categoria:Substantivo (Lombardo)]]
={{-ms-}}=
==Substantivo==
'''yoga'''
# [[ioga]]
[[Categoria:Substantivo (Malaio)]]
={{-nan-}}=
==Substantivo==
'''yoga'''
# [[ioga]]
[[Categoria:Substantivo (Min Nan)]]
={{-no-}}=
==Substantivo==
'''yoga'''
# [[ioga]]
[[Categoria:Substantivo (Norueguês)]]
={{-nn-}}=
==Substantivo==
'''yoga'''
# [[ioga]]
[[Categoria:Substantivo (Novo Norueguês)]]
={{-ro-}}=
==Substantivo==
'''yoga'''
# [[ioga]]
[[Categoria:Substantivo (Romeno)]]
={{-rw-}}=
==Substantivo==
'''yoga'''
# [[ioga]]
[[Categoria:Substantivo (Ruanda)]]
={{-sw-}}=
==Substantivo==
'''yoga'''
# [[ioga]]
[[Categoria:Substantivo (Suaíli)]]
={{-sv-}}=
==Substantivo==
'''yoga'''
# [[ioga]]
[[Categoria:Substantivo (Sueco)]]
={{-tl-}}=
==Substantivo==
'''yoga'''
# [[ioga]]
[[Categoria:Substantivo (Tagalo)]]
={{-tr-}}=
==Substantivo==
'''yoga'''
# [[ioga]]
[[Categoria:Substantivo (Turco)]]
={{-uz-}}=
==Substantivo==
'''yoga'''
# [[ioga]]
[[Categoria:Substantivo (Uzbeque)]]
={{-vi-}}=
==Substantivo==
'''yoga'''
# [[ioga]]
[[Categoria:Substantivo (Vietnamita)]]
={{-war-}}=
==Substantivo==
'''yoga'''
# [[ioga]]
[[Categoria:Substantivo (Waray-Waray)]]</text>
<sha1>gylio8z2ionvtnqyth8ap3h7wjwmti4</sha1>
</revision>
