<page>
<page>
<title>yoghourt</title>
<ns>0</ns>
<id>437542</id>
<revision>
<id>2648633</id>
<timestamp>2021-09-18T13:27:40Z</timestamp>
<contributor>
<ip>85.245.98.144</ip>
</contributor>
<comment>[[Ajuda:Guia de edição/Menus e ferramentas/Sumário de edição|→]] nova página: ={{-fr-}}= ==Substantivo== {{flex.fr|ms=yoghourt|mp=yoghourts}} '''yoghourt''', {{g|ms}} # {{escopo|fr|Alimentação}} [[iogurte]]  ==={{-varort-}}=== {{dividir em colunas|colunas=2}} * [[yaourt]] * {{escopo2|Canadá}} [[yogourt]] {{dividir em colunas/fim}}  ===Verbetes derivados=== * [[yoghourtière]]  =={{etimologia|fr}}== : {{llietimo|ota|یوغورت|transcr=yōghurt|fr}}  ==Ver também== ===No Wikcion...</comment>
<model>wikitext</model>
<format>text/x-wiki</format>
<text bytes="1065" xml:space="preserve">={{-fr-}}=
==Substantivo==
{{flex.fr|ms=yoghourt|mp=yoghourts}}
'''yoghourt''', {{g|ms}}
# {{escopo|fr|Alimentação}} [[iogurte]]
==={{-varort-}}===
{{dividir em colunas|colunas=2}}
* [[yaourt]]
* {{escopo2|Canadá}} [[yogourt]]
{{dividir em colunas/fim}}
===Verbetes derivados===
* [[yoghourtière]]
=={{etimologia|fr}}==
: {{llietimo|ota|یوغورت|transcr=yōghurt|fr}}
==Ver também==
===No Wikcionário===
{{verTambém.Ini}}
* [[caillé]]
{{verTambém.NovaColuna|50}}
* [[lait]]
{{verTambém.Fim}}
[[Categoria:Substantivo (Francês)]]
={{-en-}}=
==Substantivo==
{{flex.en|s=yoghourt|p=yoghourts}}
'''yoghourt''', {{g|cont|incont}}
# {{escopo|en|Alimentação}} [[iogurte]]
==={{-varort-}}===
{{dividir em colunas|colunas=3}}
* [[yoghurt]]
* {{escopo2|Canadá}} [[yogourt]]
* [[yogurt]]
{{dividir em colunas/fim}}
=={{etimologia|en}}==
: {{llietimo|ota|یوغورت|transcr=yōghurt|en}}
==Ver também==
===No Wikcionário===
{{verTambém.Ini}}
* [[curd]]
{{verTambém.NovaColuna}}
* [[milk]]
{{verTambém.Fim}}
[[Categoria:Substantivo (Inglês)]]</text>
<sha1>mn1mk44p4g4zrar1jtlka9cka7l4j7w</sha1>
</revision>
