<page>
<page>
<title>yogourt</title>
<ns>0</ns>
<id>437545</id>
<revision>
<id>2648637</id>
<timestamp>2021-09-18T13:41:14Z</timestamp>
<contributor>
<ip>85.245.98.144</ip>
</contributor>
<comment>[[Ajuda:Guia de edição/Menus e ferramentas/Sumário de edição|→]] nova página: ={{-fr-}}= ==Substantivo== {{flex.fr|ms=yogourt|mp=yogourts}} '''yogourt''', {{g|ms}} # {{escopo2|Canadá}} {{escopo|fr|Alimentação}} [[iogurte]]  ==={{-varort-}}=== {{dividir em colunas|colunas=2}} * [[yaourt]] * [[yoghourt]] {{dividir em colunas/fim}}  ===Verbetes derivados=== * [[yogourtière]]  =={{etimologia|fr}}== : {{llietimo|tr|yoğurt|fr|ponto=não}} e este do turco otomano {{etimo|ota|یوغو...</comment>
<model>wikitext</model>
<format>text/x-wiki</format>
<text bytes="1247" xml:space="preserve">={{-fr-}}=
==Substantivo==
{{flex.fr|ms=yogourt|mp=yogourts}}
'''yogourt''', {{g|ms}}
# {{escopo2|Canadá}} {{escopo|fr|Alimentação}} [[iogurte]]
==={{-varort-}}===
{{dividir em colunas|colunas=2}}
* [[yaourt]]
* [[yoghourt]]
{{dividir em colunas/fim}}
===Verbetes derivados===
* [[yogourtière]]
=={{etimologia|fr}}==
: {{llietimo|tr|yoğurt|fr|ponto=não}} e este do turco otomano {{etimo|ota|یوغورت|(yōghurt)}}.
=={{pronúncia|fr}}==
* AFI: {{AFI|/jɔ.ɡuʁ/}}
==Ver também==
===No Wikcionário===
{{verTambém.Ini}}
* [[caillé]]
{{verTambém.NovaColuna|50}}
* [[lait]]
{{verTambém.Fim}}
[[Categoria:Substantivo (Francês)]]
={{-en-}}=
==Substantivo==
{{flex.en|s=yogourt|p=yogourts}}
'''yogourt''', {{g|cont|incont}}
# {{escopo2|Canadá}} {{escopo|en|Alimentação}} [[iogurte]]
==={{-varort-}}===
{{dividir em colunas|colunas=3}}
* [[yoghourt]]
* [[yoghurt]]
* [[yogurt]]
{{dividir em colunas/fim}}
=={{etimologia|en}}==
: {{llietimo|fr|yogourt|en|ponto=não}} e este do [[turco]] {{etimo|tr|yoğurt}}.
=={{pronúncia|en}}==
* AFI: {{AFI|/ˈjoʊ.ɡɚt/|en}}
==Ver também==
===No Wikcionário===
{{verTambém.Ini}}
* [[curd]]
{{verTambém.NovaColuna}}
* [[milk]]
{{verTambém.Fim}}
[[Categoria:Substantivo (Inglês)]]</text>
<sha1>eozbw3bjfhbgbmrrpvaw84vi0dfzz8b</sha1>
</revision>
