<page>
<page>
<title>Yohana</title>
<ns>0</ns>
<id>427451</id>
<revision>
<id>2599453</id>
<timestamp>2020-10-24T17:52:52Z</timestamp>
<contributor>
<username>Leonardo José Raimundo</username>
<id>43489</id>
</contributor>
<comment>Eu estou criando o nome &quot;Yohana&quot;.</comment>
<model>wikitext</model>
<format>text/x-wiki</format>
<text bytes="199" xml:space="preserve">={{-sw-}}=
==Substantivo==
{{paroxítona|Yo|ha|na|lang=sw}}
# {{escopo|sw|Cristianismo|religião}} [[João]]
==Ver também==
===No Wikcionário===
{{bíblia/sw}}
[[Categoria:Substantivo (Suaíli)]]</text>
<sha1>1n6o8kgvk0u52zeufnyr5dgfsdxdtj9</sha1>
</revision>
