<page>
<page>
<title>yohonapula</title>
<ns>0</ns>
<id>381910</id>
<revision>
<id>2442864</id>
<timestamp>2017-08-09T19:37:13Z</timestamp>
<contributor>
<username>Pirata Wauja</username>
<id>63029</id>
</contributor>
<comment>[[Ajuda:Guia de edição/Menus e ferramentas/Sumário de edição|→]] nova página: ={{-wau-}}= ==Forma de substantivo== {{paroxítona|yo|ho|na|pu|la|lang=wau}} # segunda pessoa do plural posse...</comment>
<model>wikitext</model>
<format>text/x-wiki</format>
<text bytes="271" xml:space="preserve">={{-wau-}}=
==Forma de substantivo==
{{paroxítona|yo|ho|na|pu|la|lang=wau}}
# segunda pessoa do plural possessivo do substantivo [[ahonapu]]
{{avi-for-fle|ahonapu}}
=={{pronúncia|wau}}==
* [[AFI]]: {{AFI|/yɨ.hɨ.naˈpu.la/}}
[[Categoria:Forma de substantivo (Wauja)]]</text>
<sha1>p6fr9yheoomtav96b2txn209slk63x1</sha1>
</revision>
