<page>
<page>
<title>yojo</title>
<ns>0</ns>
<id>362222</id>
<revision>
<id>2241362</id>
<parentid>2155301</parentid>
<timestamp>2017-02-19T02:48:07Z</timestamp>
<contributor>
<username>Emi-Ireland</username>
<id>45616</id>
</contributor>
<comment>/* {{pronúncia|wau}} */</comment>
<model>wikitext</model>
<format>text/x-wiki</format>
<text bytes="280" xml:space="preserve">={{-wau-}}=
==Forma de substantivo==
{{paroxítona|yo|jo|lang=wau}}
# segunda pessoa do plural possessivo do substantivo [[papa]]
{{avi-for-fle|papa}}
=={{pronúncia|wau}}==
* [[AFI]]: {{AFI|/ˈjɨ.ʐɨ/}}
[[Categoria:Forma de substantivo (Wauja)]]
[[Categoria:Família (Wauja)]]</text>
<sha1>tdtwwxlbp8frqsr791o05cb3k6sr7y1</sha1>
</revision>
