<page>
<title>yoke</title>
<ns>0</ns>
<id>8995</id>
<revision>
<id>2081146</id>
<parentid>1998001</parentid>
<timestamp>2016-04-03T18:20:25Z</timestamp>
<contributor>
<username>HydrizBot</username>
<id>29590</id>
</contributor>
<minor />
<comment>Robô: A adicionar: [[el:yoke]]</comment>
<model>wikitext</model>
<format>text/x-wiki</format>
<text bytes="632" xml:space="preserve">{{Wikipédia|lang=en}}
{{confundir|yolk}}
={{-en-}}=
==Substantivo==
'''yoke'''
# [[jugo]]
=={{pronúncia|en}}==
===Reino Unido===
* [[AFI]]: /jəʊk/
* [[SAMPA]]: /j@Uk/
[[Categoria:Substantivo (Inglês)]]
[[an:yoke]]
[[ang:yoke]]
[[chr:yoke]]
[[cy:yoke]]
[[da:yoke]]
[[el:yoke]]
[[en:yoke]]
[[eo:yoke]]
[[es:yoke]]
[[et:yoke]]
[[eu:yoke]]
[[fa:yoke]]
[[fi:yoke]]
[[fr:yoke]]
[[hu:yoke]]
[[hy:yoke]]
[[io:yoke]]
[[it:yoke]]
[[ka:yoke]]
[[km:yoke]]
[[kn:yoke]]
[[ko:yoke]]
[[ku:yoke]]
[[mg:yoke]]
[[ml:yoke]]
[[my:yoke]]
[[no:yoke]]
[[pl:yoke]]
[[ru:yoke]]
[[sv:yoke]]
[[ta:yoke]]
[[te:yoke]]
[[vi:yoke]]
[[wa:yoke]]
[[zh:yoke]]</text>
<sha1>eyvgyrqwoz5fg5ytubjaaab6u686i5t</sha1>
</revision>
</page>
