<page>
<title>yolcah</title>
<ns>0</ns>
<id>439754</id>
<revision>
<id>2657507</id>
<timestamp>2022-01-09T13:38:06Z</timestamp>
<contributor>
<ip>2806:105E:F:4140:859C:19ED:3B04:9BE1</ip>
</contributor>
<comment>[[Ajuda:Guia de edição/Menus e ferramentas/Sumário de edição|→]] nova página: ={{-nci-}}= ==Forma de substantivo== '''yolcah''' # plural de [[yolcatl]]  {{avi-for-fle|yolcatl}}  [[Categoria:Forma de substantivo (Náuatle Clássico)]] [[Categoria:Dissílabo (Náuatle Clássico)]] [[Categoria:Ortografia normalizada (Náuatle Clássico)]]</comment>
<model>wikitext</model>
<format>text/x-wiki</format>
<text bytes="259" xml:space="preserve">={{-nci-}}=
==Forma de substantivo==
'''yolcah'''
# plural de [[yolcatl]]
{{avi-for-fle|yolcatl}}
[[Categoria:Forma de substantivo (Náuatle Clássico)]]
[[Categoria:Dissílabo (Náuatle Clássico)]]
[[Categoria:Ortografia normalizada (Náuatle Clássico)]]</text>
<sha1>6ahi51owccoed0u6use0q1h2iligpjo</sha1>
</revision>
</page>
