<page>
<title>yolcatl</title>
<ns>0</ns>
<id>400279</id>
<revision>
<id>2657970</id>
<parentid>2643664</parentid>
<timestamp>2022-01-15T07:59:07Z</timestamp>
<contributor>
<username>ValJor</username>
<id>1358</id>
</contributor>
<comment>Eliminando [[yolcah]] da lista de [[Especial:Lonelypages|órfãos]]</comment>
<model>wikitext</model>
<format>text/x-wiki</format>
<text bytes="500" xml:space="preserve">={{-nhn-}}=
==Substantivo==
'''yolcatl'''
# [[animal]]
[[Categoria:Substantivo (Náuatle Central)]]
[[Categoria:Dissílabo (Náuatle Central)]]
[[Categoria:Animal (Náuatle Central)]]
[[Categoria:Amecameca (Náuatle Central)]]
={{-nci-}}=
==Substantivo==
'''yolcatl''', (plural: [[yolcah]])
# [[animal]]
[[Categoria:Substantivo (Náuatle Clássico)]]
[[Categoria:Dissílabo (Náuatle Clássico)]]
[[Categoria:Animal (Náuatle Clássico)]]
[[Categoria:Ortografia normalizada (Náuatle Clássico)]]</text>
<sha1>1eljl8w0uaq2l4a1is1nyk0kkh90g8r</sha1>
</revision>
</page>
