<page>
<title>yolizmatiliztli</title>
<ns>0</ns>
<id>231426</id>
<revision>
<id>2637003</id>
<parentid>2636967</parentid>
<timestamp>2021-06-04T21:04:22Z</timestamp>
<contributor>
<username>Manoro82</username>
<id>80934</id>
</contributor>
<minor />
<comment>Manoro82 moveu [[yōlizmatiliztli]] para [[yolizmatiliztli]]</comment>
<model>wikitext</model>
<format>text/x-wiki</format>
<text bytes="122" xml:space="preserve">={{-nhn-}}=
==Substantivo==
'''yolizmatiliztli'''
# [[biologia]]
{{categorias|{{nhn}}|Substantivo|Polissílabo|Biologia}}</text>
<sha1>3wqnpwuattssbqjfj5qciuusr605m1s</sha1>
</revision>
</page>
