<page>
<page>
<title>yolk</title>
<ns>0</ns>
<id>432565</id>
<revision>
<id>2629178</id>
<timestamp>2021-04-04T00:35:11Z</timestamp>
<contributor>
<username>GabMarquetto</username>
<id>81219</id>
</contributor>
<comment>[[Ajuda:Guia de edição/Menus e ferramentas/Sumário de edição|→]] nova página: {{Wikipédia|lang=en}} ={{-en-}}= ==Substantivo== {{flex.en|s=yolk|p=yolks}} '''yolk''' # a [[gema]] do ovo...</comment>
<model>wikitext</model>
<format>text/x-wiki</format>
<text bytes="148" xml:space="preserve">{{Wikipédia|lang=en}}
={{-en-}}=
==Substantivo==
{{flex.en|s=yolk|p=yolks}}
'''yolk'''
# a [[gema]] do [[ovo]]
[[Categoria:Substantivo (Inglês)]]</text>
<sha1>bc3bqcgbuhi2jqks68quf4es7rvu7ax</sha1>
</revision>
