<page>
<page>
<title>yollohtli</title>
<ns>0</ns>
<id>428330</id>
<revision>
<id>2603321</id>
<parentid>2602640</parentid>
<timestamp>2020-11-28T20:45:28Z</timestamp>
<contributor>
<username>Amigo7</username>
<id>58547</id>
</contributor>
<comment>Melhorando a apresentação do verbete</comment>
<model>wikitext</model>
<format>text/x-wiki</format>
<text bytes="224" xml:space="preserve">={{-nci-}}=
==Substantivo==
'''yollohtli'''
# [[coração]]
==Ver também==
===No Wikcionário===
{{verTambém.Ini}}
* {{link opcional|yollotl|nci}}
{{verTambém.Fim}}
{{categorias|{{nci}}|Substantivo|Dissílabo|Anatomia}}</text>
<sha1>j97rq5vzjekth49y8xdhe5w5fkhhut4</sha1>
</revision>
