<page>
<title>yoloxocotl</title>
<ns>0</ns>
<id>439731</id>
<revision>
<id>2657414</id>
<timestamp>2022-01-08T22:22:31Z</timestamp>
<contributor>
<ip>2806:105E:F:517B:B96E:4D33:4E6:D3AE</ip>
</contributor>
<comment>[[Ajuda:Guia de edição/Menus e ferramentas/Sumário de edição|→]] nova página: ={{-nhn-}}= ==Substantivo== '''yoloxocotl''' # [[morango]]  {{categorias|{{nhn}}|Substantivo|Polissílabo|Fruta|Ortografia normalizada}}</comment>
<model>wikitext</model>
<format>text/x-wiki</format>
<text bytes="136" xml:space="preserve">={{-nhn-}}=
==Substantivo==
'''yoloxocotl'''
# [[morango]]
{{categorias|{{nhn}}|Substantivo|Polissílabo|Fruta|Ortografia normalizada}}</text>
<sha1>7aonkaf1hva9bswydcz6ufuh3eiansn</sha1>
</revision>
</page>
