<page>
<title>yomoukata</title>
<ns>0</ns>
<id>367323</id>
<revision>
<id>2241363</id>
<parentid>2191764</parentid>
<timestamp>2017-02-19T02:48:31Z</timestamp>
<contributor>
<username>Emi-Ireland</username>
<id>45616</id>
</contributor>
<comment>/* {{pronúncia|wau}} */</comment>
<model>wikitext</model>
<format>text/x-wiki</format>
<text bytes="259" xml:space="preserve">={{-wau-}}=
==Forma verbal==
{{paroxítona|yo|mou|ka|ta|lang=wau}}
# segunda pessoa do plural do presente do indicativo do verbo [[moukata]]
{{avi-for-fle|moukata}}
=={{pronúncia|wau}}==
* [[AFI]]: {{AFI|/jɨ.mɨuˈka.ta/}}
[[Categoria:Forma verbal (Wauja)]]</text>
<sha1>phnn1d07jcu4ze7rkijlqxmwqqb9gwk</sha1>
</revision>
</page>
