<page>
<page>
<title>yomu</title>
<ns>0</ns>
<id>122116</id>
<revision>
<id>2224058</id>
<parentid>2091128</parentid>
<timestamp>2017-01-16T23:45:07Z</timestamp>
<contributor>
<username>Tribuno da Plebe</username>
<id>16095</id>
</contributor>
<comment>/* {{-ja-}} */</comment>
<model>wikitext</model>
<format>text/x-wiki</format>
<text bytes="145" xml:space="preserve">={{-ja-}}=
==Transliteração==
# transliteração de [[よむ]]
[[Categoria:Transliteração (Japonês)]]
[[af:yomu]]
[[en:yomu]]
[[tr:yomu]]</text>
<sha1>oh0s4i1uebo779v9ei1jzpqtqheqmr6</sha1>
</revision>
