<page>
<page>
<title>yon</title>
<ns>0</ns>
<id>101957</id>
<revision>
<id>2675980</id>
<parentid>2675979</parentid>
<timestamp>2022-05-05T01:33:30Z</timestamp>
<contributor>
<username>ValJor</username>
<id>1358</id>
</contributor>
<comment>Desfazendo vandalismo no braço e aproveitando para fazer melhorias no verbete</comment>
<model>wikitext</model>
<format>text/x-wiki</format>
<text bytes="117" xml:space="preserve">={{-ja-}}=
==Transliteração==
'''yon'''
# transliteração de [[よん]]
[[Categoria:Transliteração (Japonês)]]</text>
<sha1>03lblleadestferl6pwazddd27p2myw</sha1>
</revision>
