<page>
<page>
<title>Yona</title>
<ns>0</ns>
<id>424664</id>
<revision>
<id>2591185</id>
<timestamp>2020-06-25T02:06:04Z</timestamp>
<contributor>
<username>Leonardo José Raimundo</username>
<id>43489</id>
</contributor>
<comment>Eu estou criando o nome &quot;Yona&quot;.</comment>
<model>wikitext</model>
<format>text/x-wiki</format>
<text bytes="394" xml:space="preserve">={{-br-}}=
==Substantivo==
{{paroxítona|Yo|na|lang=br}}
# {{escopo|br|Cristianismo|religião}} [[Jonas]]
==Ver também==
===No Wikcionário===
{{bíblia/br}}
[[Categoria:Substantivo (Bretão)]]
={{-sw-}}=
==Substantivo==
{{paroxítona|Yo|na|lang=sw}}
# {{escopo|sw|Cristianismo|religião}} [[Jonas]]
==Ver também==
===No Wikcionário===
{{bíblia/sw}}
[[Categoria:Substantivo (Suaíli)]]</text>
<sha1>6i93z8p1j7indy5c2hhbxhspsbsqlrr</sha1>
</revision>
