<page>
<title>yonkoma</title>
<ns>0</ns>
<id>373658</id>
<revision>
<id>2414972</id>
<parentid>2294238</parentid>
<timestamp>2017-05-30T14:20:25Z</timestamp>
<contributor>
<username>ValJor</username>
<id>1358</id>
</contributor>
<comment>Melhorando a apresentação do verbete usando a [[:predefinição:cria-entrada]]</comment>
<model>wikitext</model>
<format>text/x-wiki</format>
<text bytes="1374" xml:space="preserve">{{Wikipédia}}
{{Wikipédia|lang=es}}
{{Wikipédia|lang=en}}
={{-pt-}}=
==Substantivo==
{{flex.pt|ms=yonkoma|mp=yonkomas}}
{{paroxítona|yon|ko|ma}}, {{gramática|m}}
# [[tirinha]] de [[origem]] [[japonês|japonesa]], contendo [[quatro]] [[quadro]]s na [[vertical]] (embora algumas na [[horizontal]])
===Tradução===
{{tradini}}
* {{trad|es|yonkoma}}
{{tradmeio}}
* {{trad|en|yonkoma}}
{{tradfim}}
=={{etimologia|pt}}==
: Do [[japonês]], [[4コマ漫画]], literalmente, tira de banda desenhada de quatro painéis ([[Portugal]] e [[Angola]]) ou tira de história em quadrinhos de quatro painéis ([[Brasil]]).
==Ver também==
===No Wikcionário===
{{verTambém.Ini}}
* [[prancha dominical]]
{{verTambém.NovaColuna}}
* [[tira diária]]
{{verTambém.Fim}}
==Ligações externas==
* http://www.garotasgeeks.com/5-mangas-4-koma-para-voce-conhecer/ (em português)
* http://tvtropes.org/pmwiki/pmwiki.php/Main/Yonkoma (em inglês)
* https://www.instructables.com/id/How-to-Write-Four-Panel-Gag-Manga/ (em inglês)
[[Categoria:Substantivo (Português)]]
[[Categoria:Arte (Português)]]
={{-es-}}=
==Substantivo==
'''yonkoma'''
# [[yonkoma#Português|yonkoma]]
[[Categoria:Substantivo (Espanhol)]]
[[Categoria:Arte (Espanhol)]]
={{-en-}}=
==Substantivo==
'''yonkoma'''
# [[yonkoma#Português|yonkoma]]
[[Categoria:Substantivo (Inglês)]]
[[Categoria:Arte (Inglês)]]</text>
<sha1>5309uamvq28jvkdc6xk2fa8no4k97jp</sha1>
</revision>
</page>
