<page>
<title>Yordania</title>
<ns>0</ns>
<id>139515</id>
<revision>
<id>2540253</id>
<parentid>2282680</parentid>
<timestamp>2019-03-26T10:47:49Z</timestamp>
<contributor>
<username>ValJor</username>
<id>1358</id>
</contributor>
<comment>Acrescentando código de língua à [[:Categoria:!Página com mensagem de erro em predefinição|predefinição escopo]]</comment>
<model>wikitext</model>
<format>text/x-wiki</format>
<text bytes="1522" xml:space="preserve">{{Wikipédia|lang=bjn}}
{{Wikipédia|lang=bug}}
{{Wikipédia|lang=id}}
{{Wikipédia|lang=jv}}
{{Wikipédia|lang=su}}
[[Imagem:Flag of Jordan.svg|thumb|right|250px|&lt;center&gt;Bandeira da Jordânia&lt;/center&gt;]]
[[Imagem:LocationJordan.svg|thumb|right|250px|&lt;center&gt;Localização da Jordânia&lt;/center&gt;]]
={{-bjn-}}=
==Substantivo==
'''Yordania''', {{gramática|pr}}
# {{escopo|bjn|País}} [[Jordânia]]
==Ver também==
===No Wikcionário===
{{Ásia/bjn}}
[[Categoria:Substantivo (Banjar)]]
[[Categoria:Entrada com imagem (Banjar)]]
={{-bug-}}=
==Substantivo==
'''Yordania''', {{gramática|pr}}
# {{escopo|bug|País}} [[Jordânia]]
==Ver também==
===No Wikcionário===
{{Ásia/bug}}
[[Categoria:Substantivo (Buginês)]]
[[Categoria:Entrada com imagem (Buginês)]]
={{-id-}}=
==Substantivo==
'''Yordania''', {{gramática|pr}}
# {{escopo|id|País}} [[Jordânia]]
==={{-varort-}}===
* [[Kerajaan Hasyimiyah Yordania]]
==Ver também==
===No Wikcionário===
{{Ásia/id}}
[[Categoria:Substantivo (Indonésio)]]
[[Categoria:Entrada com imagem (Indonésio)]]
={{-jv-}}=
==Substantivo==
'''Yordania''', {{gramática|pr}}
# {{escopo|jv|País}} [[Jordânia]]
==Ver também==
===No Wikcionário===
{{Ásia/jv}}
[[Categoria:Substantivo (Javanês)]]
[[Categoria:Entrada com imagem (Javanês)]]
={{-su-}}=
==Substantivo==
'''Yordania''', {{gramática|pr}}
# {{escopo|su|País}} [[Jordânia]]
==Ver também==
===No Wikcionário===
{{Ásia/su}}
[[Categoria:Substantivo (Sundanês)]]
[[Categoria:Entrada com imagem (Sundanês)]]</text>
<sha1>i60b5i63fvl7bmxuzg7nam6z34yigy0</sha1>
</revision>
</page>
