<page>
<title>Yordani</title>
<ns>0</ns>
<id>326720</id>
<revision>
<id>2560888</id>
<parentid>2282679</parentid>
<timestamp>2019-11-10T10:24:40Z</timestamp>
<contributor>
<username>ValJor</username>
<id>1358</id>
</contributor>
<comment>Confirmando [[:Categoria:!Entrada criada por robô|verbete criado por robô]]</comment>
<model>wikitext</model>
<format>text/x-wiki</format>
<text bytes="430" xml:space="preserve">{{Wikipédia|lang=sw}}
[[Imagem:Flag of Jordan.svg|thumb|right|250px|&lt;center&gt;Bandeira da Jordânia&lt;/center&gt;]]
[[Imagem:LocationJordan.svg|thumb|right|250px|&lt;center&gt;Localização da Jordânia&lt;/center&gt;]]
={{-sw-}}=
==Substantivo==
'''Yordani''', {{gramática|pr}}
# {{escopo|sw|País}} [[Jordânia]]
==Ver também==
===No Wikcionário===
{{Ásia/sw}}
[[Categoria:Substantivo (Suaíli)]]
[[Categoria:Entrada com imagem (Suaíli)]]</text>
<sha1>60onewn4px1u5cveyqk9ylz0xioebsu</sha1>
</revision>
</page>
