<page>
<page>
<title>yori</title>
<ns>0</ns>
<id>167049</id>
<revision>
<id>2591332</id>
<parentid>2591315</parentid>
<timestamp>2020-06-27T12:35:42Z</timestamp>
<contributor>
<username>ValJor</username>
<id>1358</id>
</contributor>
<minor />
<comment>Revertidas edições por [[Especial:Contribuições/168.228.38.86|168.228.38.86]] para a última versão por [[Especial:Contribuições/Tribuno da Plebe|Tribuno da Plebe]]</comment>
<model>wikitext</model>
<format>text/x-wiki</format>
<text bytes="121" xml:space="preserve">={{-ja-}}=
==Transliteração==
# transliteração de [[より]]
[[Categoria:Transliteração (Japonês)]]
[[en:yori]]</text>
<sha1>heo1t6veh9k2ae38v8zbwjtfeay4xwx</sha1>
</revision>
