<page>
<page>
<title>yorkshire</title>
<ns>0</ns>
<id>42886</id>
<revision>
<id>2187107</id>
<parentid>2076784</parentid>
<timestamp>2016-10-26T12:40:31Z</timestamp>
<contributor>
<username>Jéssica S. Ciqueira</username>
<id>53180</id>
</contributor>
<model>wikitext</model>
<format>text/x-wiki</format>
<text bytes="422" xml:space="preserve">={{-pt-}}=
==Substantivo==
{{flex.pt|ms=yorkshire|mp=-}}
'''''yorkshire''''', {{gramática|m|inv}}
# {{escopo|pt|estrangeirismo|cinologia}} [[raça]] de [[cachorro]]
===Sinônimos===
* {{escopo2|estrangeirismo}} ''[[yorkshire-terrier]]''
==Ligações externas==
* {{Priberam}} 
[[Categoria:Substantivo (Português)]]
[[de:yorkshire]]
[[en:yorkshire]]
[[et:yorkshire]]
[[fr:yorkshire]]
[[ku:yorkshire]]
[[zh:yorkshire]]</text>
<sha1>0c97dgs4aj9lm5uc2es6cl1d61b71n0</sha1>
</revision>
