<page>
<page>
<title>yorubano</title>
<ns>0</ns>
<id>389458</id>
<revision>
<id>2474089</id>
<timestamp>2018-01-03T01:57:49Z</timestamp>
<contributor>
<username>Askekamo</username>
<id>60711</id>
</contributor>
<comment>[[Ajuda:Guia de edição/Menus e ferramentas/Sumário de edição|→]] nova página: ={{-pt-}}= ==Substantivo== {{paroxítona|yo|ru|ba|no}} # o mesmo que [[iorubano]]  Categoria:Substantivo (P...</comment>
<model>wikitext</model>
<format>text/x-wiki</format>
<text bytes="121" xml:space="preserve">={{-pt-}}=
==Substantivo==
{{paroxítona|yo|ru|ba|no}}
# o mesmo que [[iorubano]]
[[Categoria:Substantivo (Português)]]</text>
<sha1>7uklzt8g34m2ptiwyy8lccmpzlnua06</sha1>
</revision>
