<page>
<page>
<title>yorubá</title>
<ns>0</ns>
<id>389459</id>
<revision>
<id>2474092</id>
<parentid>2474091</parentid>
<timestamp>2018-01-03T02:00:35Z</timestamp>
<contributor>
<username>Askekamo</username>
<id>60711</id>
</contributor>
<model>wikitext</model>
<format>text/x-wiki</format>
<text bytes="118" xml:space="preserve">={{-pt-}}=
==Substantivo==
{{paroxítona|yo|ru|bá}}
# o mesmo que [[iorubá]]
[[Categoria:Substantivo (Português)]]</text>
<sha1>o725hvceeyvekgbcksarop6qeov0jsj</sha1>
</revision>
