<page>
<page>
<title>yottatesla</title>
<ns>0</ns>
<id>344819</id>
<revision>
<id>2006720</id>
<parentid>2004358</parentid>
<timestamp>2015-09-28T15:53:07Z</timestamp>
<contributor>
<username>YS-Bot</username>
<id>32241</id>
</contributor>
<minor />
<comment>r2.7.3) (Robô: A adicionar: en, fr, mg, nl, ru</comment>
<model>wikitext</model>
<format>text/x-wiki</format>
<text bytes="556" xml:space="preserve">={{-pt-}}=
==Substantivo==
{{flex.pt|fs=yottatesla|fp=yottateslas}}
{{paroxítona|yot|ta|tes|la}}
# unidade de medida equivalente a um setilhão de teslas
==Ver também==
{{verTambém.Ini}}
*[[tesla]]
*[[quilotesla]]
*[[megatesla]]
*[[gigatesla]]
{{verTambém.NovaColuna}}
*[[teratesla]]
*[[petatesla]]
*[[exatesla]]
*[[zettatesla]]
{{verTambém.Fim}}
[[Categoria:Substantivo (Português)]]
[[Categoria:Física (Português)]]
[[Categoria:Metrologia (Português)]]
[[en:yottatesla]]
[[fr:yottatesla]]
[[mg:yottatesla]]
[[nl:yottatesla]]
[[ru:yottatesla]]</text>
<sha1>7nq62144a4a1bkwyub14kskywkxug5x</sha1>
</revision>
