<page>
<page>
<title>yottabyte</title>
<ns>0</ns>
<id>329159</id>
<revision>
<id>2081147</id>
<parentid>1846529</parentid>
<timestamp>2016-04-03T18:23:10Z</timestamp>
<contributor>
<username>HydrizBot</username>
<id>29590</id>
</contributor>
<minor />
<comment>Robô: A adicionar: [[tg:yottabyte]]</comment>
<model>wikitext</model>
<format>text/x-wiki</format>
<text bytes="476" xml:space="preserve">={{-en-}}=
==Substantivo==
{{flex.en|ms=yottabyte|mp=yottabytes}}
{{paroxítona|yot|ta|by|te}}
#unidade de código equivalente a um setilhão de bytes (10&lt;sup&gt;24&lt;/sup&gt; na base 10), ou no sistema de informática, a 1.208.925.819.614.629.174.706.176 bytes (2&lt;sup&gt;80&lt;/sup&gt; na base 10).
[[Categoria:Substantivo (Inglês)]]
[[Categoria:Informática (Inglês)]]
[[en:yottabyte]]
[[fr:yottabyte]]
[[io:yottabyte]]
[[nl:yottabyte]]
[[pl:yottabyte]]
[[tg:yottabyte]]
[[zh:yottabyte]]</text>
<sha1>rwckdqb6ihgebheqdl6kmjzak2w79y1</sha1>
</revision>
