<page>
<title>you</title>
<ns>0</ns>
<id>10423</id>
<revision>
<id>2508755</id>
<parentid>2508752</parentid>
<timestamp>2018-07-02T13:15:35Z</timestamp>
<contributor>
<username>ValJor</username>
<id>1358</id>
</contributor>
<minor />
<comment>Revertidas edições por [[Especial:Contribuições/187.85.24.176|187.85.24.176]] para a última versão por [[Especial:Contribuições/Imivorn|Imivorn]]</comment>
<model>wikitext</model>
<format>text/x-wiki</format>
<text bytes="1894" xml:space="preserve">={{-en-}}=
==Pronome==
'''you'''
# caso nominativo da segunda pessoa do singular, [[tu]], [[você]]
#* &quot;'''''You''', Robert, are my friend.&quot; &lt;small&gt;(Você, Robert, é meu amigo)&lt;/small&gt;
# caso objetivo da segunda pessoa do singular, [[te]], [[ti]]
#* &quot;''I know '''you''', Robert.''&quot; &lt;small&gt;(Eu te conheço, Robert)&lt;/small&gt;
# caso nominativo da segunda pessoa do plural, [[vós]], [[vocês]]
#* &quot;'''''You''', Robert and Jane, are my friends.&quot;  &lt;small&gt;(Vocês, Robert e Jane, são meus amigos)&lt;/small&gt;
# caso objetivo da segunda pessoa do plural, [[vos]], [[vós]]
#* &quot;''I know '''you''', Robert and Jane.''&quot; &lt;small&gt;(Eu vos conheço, Robert e Jane)&lt;/small&gt;
===Conjugação===
{{decl.en.pron.pessoal}}
[[Categoria:Pronome (Inglês)]]
={{-mwl-}}=
==Pronome==
'''you''' ''[[pessoal]]''
# [[eu#Pronome|eu]], pronome pessoal da primeira pessoa do singular
===Pronunciation===
* {{IPA|/jow/|lang=mwl}}
=={{etimologia|mwl}}==
{{llietimo|la|ego|mwl}}
==Ver também==
===No Wikcionário===
{{decl.mwl.pron.pessoal}}
[[Categoria:Pronome pessoal (Mirandês)]]
[[Categoria:Monossílabo (Mirandês)]]
[[Categoria:Oxítona (Mirandês)]]
[[am:you]]
[[ar:you]]
[[ast:you]]
[[az:you]]
[[br:you]]
[[ca:you]]
[[chr:you]]
[[co:you]]
[[cs:you]]
[[da:you]]
[[de:you]]
[[el:you]]
[[en:you]]
[[eo:you]]
[[es:you]]
[[et:you]]
[[eu:you]]
[[fa:you]]
[[fi:you]]
[[fj:you]]
[[fr:you]]
[[fy:you]]
[[gd:you]]
[[hi:you]]
[[hr:you]]
[[hu:you]]
[[hy:you]]
[[io:you]]
[[it:you]]
[[ja:you]]
[[ka:you]]
[[kk:you]]
[[kn:you]]
[[ko:you]]
[[ku:you]]
[[ky:you]]
[[la:you]]
[[li:you]]
[[lo:you]]
[[lt:you]]
[[lv:you]]
[[mg:you]]
[[mi:you]]
[[ml:you]]
[[mn:you]]
[[mt:you]]
[[my:you]]
[[na:you]]
[[nl:you]]
[[no:you]]
[[pa:you]]
[[pl:you]]
[[ro:you]]
[[ru:you]]
[[sg:you]]
[[simple:you]]
[[sk:you]]
[[sm:you]]
[[sr:you]]
[[sv:you]]
[[ta:you]]
[[te:you]]
[[tg:you]]
[[th:you]]
[[tl:you]]
[[tr:you]]
[[uk:you]]
[[vi:you]]
[[zh:you]]</text>
<sha1>o4xh637hvft4zdhcot6ef446x11ujtm</sha1>
</revision>
</page>
