<page>
<page>
<title>youes</title>
<ns>0</ns>
<id>361970</id>
<revision>
<id>2153822</id>
<timestamp>2016-07-28T12:42:37Z</timestamp>
<contributor>
<username>Cpls</username>
<id>20608</id>
</contributor>
<comment>[[Ajuda:Guia de edição/Menus e ferramentas/Sumário de edição|→]] nova página: ={{-roa-gpm-}}= ==Substantivo== {{flex.gl|ms=youes|mp=youes}} {{paroxítona|yo|ues|lang=roa-gpm}}, {{m}} # ...</comment>
<model>wikitext</model>
<format>text/x-wiki</format>
<text bytes="389" xml:space="preserve">={{-roa-gpm-}}=
==Substantivo==
{{flex.gl|ms=youes|mp=youes}}
{{paroxítona|yo|ues|lang=roa-gpm}}, {{m}}
# [[quinta-feira]]
==={{-varort-}}===
* [[joues#Galego-Português Medieval|joues]]
=={{etimologia|roa-gpm}}==
: Do latim ''Iovis dies'', (dia consagrado a [[Júpiter]]). Confronte-se com o [[galego]] ''[[joves#Galego|joves]]''.
[[Categoria:Substantivo (Galego-Português Medieval)]]</text>
<sha1>203jtg0yfhqacg8ps50kbrguoqfmrr2</sha1>
</revision>
