<page>
<page>
<title>yougurtes</title>
<ns>0</ns>
<id>386839</id>
<revision>
<id>2466221</id>
<parentid>2466219</parentid>
<timestamp>2017-12-02T18:38:10Z</timestamp>
<contributor>
<username>Imivorn</username>
<id>64513</id>
</contributor>
<comment>/* Forma de substantivo */</comment>
<model>wikitext</model>
<format>text/x-wiki</format>
<text bytes="156" xml:space="preserve">={{-mwl-}}=
==Forma de substantivo==
{{paroxítona|you|gur|tes|língua=mwl}}, {{m}}
# plural de [[yougurte]]
[[Categoria:Forma de substantivo (Mirandês)]]</text>
<sha1>g2hujw20pjom63xlm77tn4suk4vl5vo</sha1>
</revision>
