<page>
<page>
<title>yougurteiras</title>
<ns>0</ns>
<id>386845</id>
<revision>
<id>2466228</id>
<timestamp>2017-12-02T18:45:51Z</timestamp>
<contributor>
<username>Imivorn</username>
<id>64513</id>
</contributor>
<comment>[[Ajuda:Guia de edição/Menus e ferramentas/Sumário de edição|→]] nova página: ={{-mwl-}}= ==Forma de substantivo== {{paroxítona|you|gur|tei|ras|língua=mwl}}, {{f}} # plural de '''youg...</comment>
<model>wikitext</model>
<format>text/x-wiki</format>
<text bytes="169" xml:space="preserve">={{-mwl-}}=
==Forma de substantivo==
{{paroxítona|you|gur|tei|ras|língua=mwl}}, {{f}}
# plural de '''[[yougurteira]]'''
[[Categoria:Forma de substantivo (Mirandês)]]</text>
<sha1>m1ns4jdyx3kf43729njzo2oxpgt9z4b</sha1>
</revision>
