<page>
<title>young</title>
<ns>0</ns>
<id>41950</id>
<revision>
<id>2158441</id>
<parentid>2116720</parentid>
<timestamp>2016-08-13T10:38:53Z</timestamp>
<contributor>
<username>UT-interwiki-Bot</username>
<id>56129</id>
</contributor>
<minor />
<comment>Robô: A adicionar: [[da:young]]</comment>
<model>wikitext</model>
<format>text/x-wiki</format>
<text bytes="814" xml:space="preserve">={{-en-}}=
==Adjetivo==
'''young'''
:# [[jovem]], [[novo]].
[[Categoria:Adjetivo (Inglês)]]
[[af:young]]
[[an:young]]
[[ar:young]]
[[az:young]]
[[ca:young]]
[[chr:young]]
[[cs:young]]
[[cy:young]]
[[da:young]]
[[de:young]]
[[en:young]]
[[es:young]]
[[et:young]]
[[eu:young]]
[[fa:young]]
[[fi:young]]
[[fr:young]]
[[ga:young]]
[[hi:young]]
[[hu:young]]
[[hy:young]]
[[id:young]]
[[io:young]]
[[it:young]]
[[ja:young]]
[[ka:young]]
[[kk:young]]
[[kn:young]]
[[ko:young]]
[[ku:young]]
[[la:young]]
[[li:young]]
[[lt:young]]
[[lv:young]]
[[mg:young]]
[[ml:young]]
[[my:young]]
[[nl:young]]
[[no:young]]
[[pl:young]]
[[ro:young]]
[[ru:young]]
[[simple:young]]
[[sk:young]]
[[sl:young]]
[[sv:young]]
[[ta:young]]
[[te:young]]
[[th:young]]
[[tl:young]]
[[tr:young]]
[[uk:young]]
[[vi:young]]
[[zh:young]]
[[zu:young]]</text>
<sha1>m03ihoaac3ta6rcif4am4gvlco865a8</sha1>
</revision>
</page>
