<page>
<page>
<title>youpi</title>
<ns>0</ns>
<id>329742</id>
<revision>
<id>2578274</id>
<parentid>2570195</parentid>
<timestamp>2020-02-22T02:04:27Z</timestamp>
<contributor>
<username>ValJor</username>
<id>1358</id>
</contributor>
<minor />
<comment>Revertidas edições por [[Especial:Contribuições/2001:8A0:F258:D301:B5BB:2F9F:2FAC:607|2001:8A0:F258:D301:B5BB:2F9F:2FAC:607]] para a última versão por [[Especial:Contribuições/UT-interwiki-Bot|UT-interwiki-Bot]]</comment>
<model>wikitext</model>
<format>text/x-wiki</format>
<text bytes="145" xml:space="preserve">={{-fr-}}=
==Interjeição==
'''youpi'''
# [[iúpi]]
[[Categoria:Interjeição (Francês)]]
[[br:youpi]]
[[el:youpi]]
[[en:youpi]]
[[fr:youpi]]</text>
<sha1>aznjj2dgqcgiyqb7inc791abgys0d8e</sha1>
</revision>
