<page>
<title>yourself</title>
<ns>0</ns>
<id>299037</id>
<revision>
<id>2529307</id>
<parentid>1935774</parentid>
<timestamp>2018-12-18T10:26:53Z</timestamp>
<contributor>
<username>ValJor</username>
<id>1358</id>
</contributor>
<comment>Eliminando [[DIY]] da lista de [[Especial:Lonelypages|órfãos]]</comment>
<model>wikitext</model>
<format>text/x-wiki</format>
<text bytes="386" xml:space="preserve">={{-en-}}=
==Pronome==
'''yourself'''
# [[pronome]] [[reflexivo]] da [[segundo|segunda]] [[pessoa]] do [[singular]]
#* ''There are three ways to get something done: 1) you can do it '''yourself'''; 2) or you can hire someone to do it; 3) or you can tell your kids not to do it.''
==Ver também==
===No Wikcionário===
* [[DIY]]
{{decl.en.pron.pessoal}}
[[Categoria:Pronome (Inglês)]]</text>
<sha1>24m2kjp5mshbocnhgdxxjj7snk2bxvx</sha1>
</revision>
</page>
