<page>
<page>
<title>yourselves</title>
<ns>0</ns>
<id>298985</id>
<revision>
<id>2240698</id>
<parentid>1906175</parentid>
<timestamp>2017-02-18T17:28:43Z</timestamp>
<contributor>
<username>UT-interwiki-Bot</username>
<id>56129</id>
</contributor>
<minor />
<comment>Robô: A adicionar: [[io:yourselves]]</comment>
<model>wikitext</model>
<format>text/x-wiki</format>
<text bytes="571" xml:space="preserve">={{-en-}}=
==Forma de pronome==
'''yourselves'''
# plural de [[yourself]]
{{avi-for-fle|yourself}}
==Ver também==
===No Wikcionário===
{{decl.en.pron.pessoal}}
[[Categoria:Forma de pronome (Inglês)]]
[[chr:yourselves]]
[[en:yourselves]]
[[et:yourselves]]
[[fi:yourselves]]
[[fr:yourselves]]
[[gd:yourselves]]
[[hr:yourselves]]
[[hu:yourselves]]
[[io:yourselves]]
[[it:yourselves]]
[[ja:yourselves]]
[[ko:yourselves]]
[[ku:yourselves]]
[[li:yourselves]]
[[nl:yourselves]]
[[pl:yourselves]]
[[simple:yourselves]]
[[sv:yourselves]]
[[tr:yourselves]]
[[zh:yourselves]]</text>
<sha1>59u6jabrvrvvzlej8gzft25nze2up9c</sha1>
</revision>
