<page>
<page>
<title>youth</title>
<ns>0</ns>
<id>81308</id>
<revision>
<id>2554173</id>
<parentid>2229066</parentid>
<timestamp>2019-09-18T09:52:38Z</timestamp>
<contributor>
<username>ValJor</username>
<id>1358</id>
</contributor>
<comment>Eliminando uso da predefinição escopo que não era apropriada a esse verbete</comment>
<model>wikitext</model>
<format>text/x-wiki</format>
<text bytes="259" xml:space="preserve">={{-en-}}=
==Substantivo==
'''youth''', ''incontável''
# [[juventude]]
'''youth''', ''contável''
# {{cont|2}} [[jovem]]
=={{etimologia|en}}==
{{llietimo|ang|geoguþ|en}}
=={{pronúncia|en}}==
* [[AFI]]: {{AFI|[ju:θ]}}
[[Categoria:Substantivo (Inglês)]]</text>
<sha1>g8wbzz9l1pawhtu22f6h8stw9l50pja</sha1>
</revision>
