<page>
<title>youtuber</title>
<ns>0</ns>
<id>373450</id>
<revision>
<id>2256627</id>
<parentid>2231006</parentid>
<timestamp>2017-03-27T00:33:11Z</timestamp>
<contributor>
<username>OctraBot</username>
<id>56948</id>
</contributor>
<minor />
<comment>Robô: A remover: el, es, et, fi, hu, io, kn, ko, mn, nl, nn, no, ro, ru, simple, sv, ta, zh</comment>
<model>wikitext</model>
<format>text/x-wiki</format>
<text bytes="346" xml:space="preserve">={{-en-}}=
==Substantivo==
{{flex.en|s=youtuber|p=youtubers}}
'''youtuber'''
# aquele que possui uma conta no YouTube (serviço do Google), possuindo ou não o próprio vídeo
==Ver também==
===No Wikcionário===
{{verTambém.Ini}}
* [[vídeo]]
* [[blogger]]
[[Categoria:Substantivo (Inglês)]]
[[en:youtuber]]
[[fr:youtuber]]
[[pl:youtuber]]</text>
<sha1>7jtbyg14tgss1zh392q35sgnyr6eqsn</sha1>
</revision>
</page>
