<page>
<page>
<title>ype</title>
<ns>0</ns>
<id>228291</id>
<revision>
<id>2540245</id>
<parentid>1615913</parentid>
<timestamp>2019-03-26T10:11:56Z</timestamp>
<contributor>
<username>ValJor</username>
<id>1358</id>
</contributor>
<comment>Acrescentando código de língua à [[:Categoria:!Página com mensagem de erro em predefinição|predefinição escopo]]</comment>
<model>wikitext</model>
<format>text/x-wiki</format>
<text bytes="422" xml:space="preserve">{{Wikipédia|lang=gn}}
[[Imagem:Black-bellied Whistling Duck SMTC.jpg|thumb|right|250px|&lt;center&gt;Pato&lt;/center&gt;]]
={{-gn-}}=
==Substantivo==
'''ype'''
# {{escopo|gn|Zoologia}} [[pato]]
[[Categoria:Substantivo (Guarani)]]
[[Categoria:Ave (Guarani)]]
[[Categoria:Entrada com imagem (Guarani)]]
={{-xto-}}=
==Substantivo==
'''ype'''
# [[terra]]
[[Categoria:Substantivo (Tocariano A)]]
[[Categoria:Geografia (Tocariano A)]]</text>
<sha1>0atx3a043eysz5lc5j27yy2cchjnmyi</sha1>
</revision>
