<page>
<page>
<title>yperana</title>
<ns>0</ns>
<id>316732</id>
<revision>
<id>2540240</id>
<parentid>2251282</parentid>
<timestamp>2019-03-26T10:02:31Z</timestamp>
<contributor>
<username>ValJor</username>
<id>1358</id>
</contributor>
<comment>Acrescentando código de língua à [[:Categoria:!Página com mensagem de erro em predefinição|predefinição escopo]]</comment>
<model>wikitext</model>
<format>text/x-wiki</format>
<text bytes="279" xml:space="preserve">{{Wikipédia|lang=gn}}
[[Imagem:Manchot 01.jpg|thumb|right|250px|&lt;center&gt;Pinguim&lt;/center&gt;]]
={{-gn-}}=
==Substantivo==
'''ype.rana'''
# {{escopo|gn|Zoologia}} [[pinguim]]
[[Categoria:Substantivo (Guarani)]]
[[Categoria:Ave (Guarani)]]
[[Categoria:Entrada com imagem (Guarani)]]</text>
<sha1>92uwl9khiac3dd6t6wfvmvpxqc9wkyb</sha1>
</revision>
