<page>
<page>
<title>yperite</title>
<ns>0</ns>
<id>283798</id>
<revision>
<id>2554170</id>
<parentid>1855830</parentid>
<timestamp>2019-09-18T09:45:30Z</timestamp>
<contributor>
<username>ValJor</username>
<id>1358</id>
</contributor>
<comment>Acrescentando código de língua à [[:Categoria:!Página com mensagem de erro em predefinição|predefinição escopo]]</comment>
<model>wikitext</model>
<format>text/x-wiki</format>
<text bytes="226" xml:space="preserve">={{-en-}}=
==Substantivo==
'''yperite'''
# {{PEPB|[[iperite]]|[[iperita]]|inline=1}}, [[gás-mostarda]]
===Sinônimo===
* [[mustard gas]]
=={{etimologia|en}}==
{{llietimo|fr|ypérite|en}}
[[Categoria:Substantivo (Inglês)]]</text>
<sha1>9hw60tzw26sfdha8hoe6n4xki8hjz5d</sha1>
</revision>
