<page>
<page>
<title>ypiranga</title>
<ns>0</ns>
<id>6025</id>
<revision>
<id>1372147</id>
<parentid>532006</parentid>
<timestamp>2012-02-01T11:36:39Z</timestamp>
<contributor>
<username>MalafayaBot</username>
<id>628</id>
</contributor>
<minor />
<comment>Robô: Substituição de texto automática  (-^\=(\s*?)(\{\{tu\}\}|Tupi)(\s*?)\= +={{-tu-}}=)</comment>
<model>wikitext</model>
<format>text/x-wiki</format>
<text bytes="237" xml:space="preserve">={{-tu-}}=
==Substantivo==
'''y.pi.ran.ga'''
# [[água]] [[vermelho|vermelha]].
# [[riacho]] [[vermelho]].
=== Composição ===
* '''[[y]] ou [[yg]]'''= ''água''
* '''[[piranga]]''' = ''[[vermelho]]''
[[Categoria:Substantivo (Tupi)]]</text>
<sha1>5lfsg79v2jx3fotqhlnsx6otaqryadm</sha1>
</revision>
