<page>
<page>
<title>ypy</title>
<ns>0</ns>
<id>5534</id>
<revision>
<id>2140605</id>
<parentid>1803818</parentid>
<timestamp>2016-06-11T15:02:14Z</timestamp>
<contributor>
<username>UT-interwiki-Bot</username>
<id>56129</id>
</contributor>
<minor />
<comment>Robô: A adicionar: [[fr:ypy]]</comment>
<model>wikitext</model>
<format>text/x-wiki</format>
<text bytes="274" xml:space="preserve">={{-tu-}}=
==Numeral==
'''y.py''' ''numeral ordinal''
# [[primeiro]]
===Ordinal Equivalente===
* [[oîepé]]
===Outros verbetes===
* [[mokõî]]
* [[mosapyr]]
* [[oîoîrundyk]]
[[Categoria:Numeral (Tupi)|# B00001]]
[[fj:ypy]]
[[fr:ypy]]
[[hu:ypy]]
[[lt:ypy]]
[[mg:ypy]]</text>
<sha1>c2ltgbyjkv1wve0fiyiyd2dy5xtq3bz</sha1>
</revision>
