<page>
<title>Yrak</title>
<ns>0</ns>
<id>401773</id>
<revision>
<id>2522780</id>
<timestamp>2018-10-16T08:34:27Z</timestamp>
<contributor>
<username>ValJor</username>
<id>1358</id>
</contributor>
<comment>Criação do verbete a partir da [[Especial:Páginas_pedidas|lista de palavras pedidas]]</comment>
<model>wikitext</model>
<format>text/x-wiki</format>
<text bytes="454" xml:space="preserve">{{Wikipédia|lang=tk}}
[[Imagem:Flag of Iraq.svg|thumb|right|250px|&lt;center&gt;Bandeira do Iraque&lt;/center&gt;]]
[[Imagem:LocationIraq.svg|thumb|right|250px|&lt;center&gt;Localização do Iraque&lt;/center&gt;]]
={{-tk-}}=
==Substantivo==
'''Yrak''', {{gramática|pr}}
# {{escopo|tk|Geografia}} [[Iraque]]
==Ver também==
===No Wikcionário===
{{Ásia/tk}}
[[Categoria:Substantivo (Turcomeno)]]
[[Categoria:País (Turcomeno)]]
[[Categoria:Entrada com imagem (Turcomeno)]]</text>
<sha1>mjinqn0liyhidbz7zkrzfbqf3tw6y5u</sha1>
</revision>
</page>
