<page>
<page>
<title>ysbryd</title>
<ns>0</ns>
<id>11214</id>
<revision>
<id>2140604</id>
<parentid>1803817</parentid>
<timestamp>2016-06-11T15:02:04Z</timestamp>
<contributor>
<username>UT-interwiki-Bot</username>
<id>56129</id>
</contributor>
<minor />
<comment>Robô: A adicionar: [[en:ysbryd]]</comment>
<model>wikitext</model>
<format>text/x-wiki</format>
<text bytes="172" xml:space="preserve">={{-cy-}}=
== Substantivo ==
''masculino''
:# [[espírito]].
:# [[fantasma]].
[[Categoria:Substantivo (Galês)]]
[[chr:ysbryd]]
[[cy:ysbryd]]
[[en:ysbryd]]
[[mg:ysbryd]]</text>
<sha1>pj1guictl82f1z18wgheqjktj7wgvl1</sha1>
</revision>
