<page>
<page>
<title>ysgaw</title>
<ns>0</ns>
<id>444423</id>
<revision>
<id>2680098</id>
<parentid>2680095</parentid>
<timestamp>2022-06-13T14:24:16Z</timestamp>
<contributor>
<username>Cpls</username>
<id>20608</id>
</contributor>
<comment>/* {{-cy-}} */</comment>
<model>wikitext</model>
<format>text/x-wiki</format>
<text bytes="387" xml:space="preserve">={{-cy-}}=
==Substantivo==
'''ysgaw'''
# {{escopo2|Árvore}} [[sabugueiro]] (''[[species:Sambucus nigra|Sambucus nigra]]'')
=={{etimologia|cy}}==
: Da mesma origem que o cornualhês {{etimo|kw|scawen}} e que o bretão {{etimo|br|skav}}. Confronte-se com o castelhano {{etimo|es|yezgo}}, com o trasmontanismo [[irgo]] e com o galego {{etimo|gl|ergo}}.
[[Categoria:Substantivo (Galês)]]</text>
<sha1>02o9uhn50wts5o12uymfnxelbo0dytf</sha1>
</revision>
