<page>
<title>ysgolhaig</title>
<ns>0</ns>
<id>310336</id>
<revision>
<id>2665479</id>
<parentid>1728452</parentid>
<timestamp>2022-03-14T08:28:46Z</timestamp>
<contributor>
<username>ValJor</username>
<id>1358</id>
</contributor>
<comment>Confirmando [[:Categoria:!Entrada criada por robô|verbete criado por robô]]</comment>
<model>wikitext</model>
<format>text/x-wiki</format>
<text bytes="95" xml:space="preserve">={{-cy-}}=
==Substantivo==
'''ysgolhaig'''
# [[acadêmico]]
[[Categoria:Substantivo (Galês)]]</text>
<sha1>lsr4p66ukwvsa13sbnvtgbij14prc98</sha1>
</revision>
</page>
