<page>
<page>
<title>ysgyfaint</title>
<ns>0</ns>
<id>230596</id>
<revision>
<id>2632602</id>
<parentid>2626083</parentid>
<timestamp>2021-05-02T10:43:41Z</timestamp>
<contributor>
<username>ValJor</username>
<id>1358</id>
</contributor>
<comment>Melhorando a apresentação do verbete</comment>
<model>wikitext</model>
<format>text/x-wiki</format>
<text bytes="148" xml:space="preserve">{{Wikipédia|lang=cy}}
={{-cy-}}=
==Substantivo==
'''ysgyfaint'''
# [[pulmão]]
[[Categoria:Substantivo (Galês)]]
[[Categoria:Anatomia (Galês)]]</text>
<sha1>p66pfql9lrngkydmbh8rdalczye13ps</sha1>
</revision>
