<page>
<page>
<title>Ysland</title>
<ns>0</ns>
<id>77636</id>
<revision>
<id>2554159</id>
<parentid>2282691</parentid>
<timestamp>2019-09-18T09:13:30Z</timestamp>
<contributor>
<username>ValJor</username>
<id>1358</id>
</contributor>
<comment>Acrescentando código de língua à [[:Categoria:!Página com mensagem de erro em predefinição|predefinição escopo]]</comment>
<model>wikitext</model>
<format>text/x-wiki</format>
<text bytes="830" xml:space="preserve">{{Wikipédia|lang=af}}
{{Wikipédia|lang=vls}}
[[Imagem:Flag of Iceland.svg|thumb|right|250px|&lt;center&gt;Bandeira da Islândia&lt;/center&gt;]]
[[Imagem:Europe location ISL.png|thumb|right|250px|&lt;center&gt;Localização da Islândia&lt;/center&gt;]]
={{-af-}}=
==Substantivo==
'''Ys.land''', {{gramática|pr|n}}
# {{escopo|af|País}} [[Islândia]]
===Verbetes derivados===
* [[Yslands]]
* [[Yslandse]]
==Ver também==
===No Wikcionário===
* [[Reykjavik#{{af}}|Reykjavik]]
{{Europa/af}}
[[Categoria:Substantivo (Africâner)]]
[[Categoria:Dissílabo (Africâner)]]
[[Categoria:Entrada com imagem (Africâner)]]
={{-vls-}}=
==Substantivo==
'''Ysland''', {{gramática|pr}}
# {{escopo|vls|País}} [[Islândia]]
==Ver também==
===No Wikcionário===
{{Europa/vls}}
[[Categoria:Substantivo (Flamengo)]]
[[Categoria:Entrada com imagem (Flamengo)]]</text>
<sha1>kf604y6rb4vmoru87fh35mh691ulnt6</sha1>
</revision>
