<page>
<page>
<title>Yslân</title>
<ns>0</ns>
<id>134087</id>
<revision>
<id>2554157</id>
<parentid>2282692</parentid>
<timestamp>2019-09-18T09:05:51Z</timestamp>
<contributor>
<username>ValJor</username>
<id>1358</id>
</contributor>
<comment>Acrescentando código de língua à [[:Categoria:!Página com mensagem de erro em predefinição|predefinição escopo]]</comment>
<model>wikitext</model>
<format>text/x-wiki</format>
<text bytes="478" xml:space="preserve">{{Wikipédia|lang=fy}}
[[Imagem:Flag of Iceland.svg|thumb|right|250px|&lt;center&gt;Bandeira da Islândia&lt;/center&gt;]]
[[Imagem:Europe location ISL.png|thumb|right|250px|&lt;center&gt;Localização da Islândia&lt;/center&gt;]]
={{-fy-}}=
==Substantivo==
'''Yslân''', {{gramática|pr}}
# {{escopo|fy|País}} [[Islândia]]
==={{-varort-}}===
* [[Republyk Yslân]]
==Ver também==
===No Wikcionário===
{{Europa/fy}}
[[Categoria:Substantivo (Frísio)]]
[[Categoria:Entrada com imagem (Frísio)]]</text>
<sha1>0wxrk2we64zwy765jcrcx64ndll81rm</sha1>
</revision>
