<page>
<page>
<title>Ysrael</title>
<ns>0</ns>
<id>131089</id>
<revision>
<id>2540140</id>
<parentid>2282693</parentid>
<timestamp>2019-03-25T09:41:01Z</timestamp>
<contributor>
<username>ValJor</username>
<id>1358</id>
</contributor>
<comment>Acrescentando código de língua à [[:Categoria:!Página com mensagem de erro em predefinição|predefinição escopo]]</comment>
<model>wikitext</model>
<format>text/x-wiki</format>
<text bytes="460" xml:space="preserve">{{Wikipédia|lang=kw}}
[[Imagem:Flag of Israel.svg|thumb|right|250px|&lt;center&gt;Bandeira de Israel&lt;/center&gt;]]
[[Imagem:LocationIsrael.svg|thumb|right|250px|&lt;center&gt;Localização de Israel&lt;/center&gt;]]
={{-kw-}}=
==Substantivo==
'''Ysrael''', {{gramática|pr}}
# {{escopo|kw|País}} [[Israel]]
==={{-varort-}}===
* [[Stat Ysrael]]
==Ver também==
===No Wikcionário===
{{Ásia/kw}}
[[Categoria:Substantivo (Córnico)]]
[[Categoria:Entrada com imagem (Córnico)]]</text>
<sha1>k720vng35h7u1dx9mvtik0cexpjardy</sha1>
</revision>
