<page>
<title>ystervark</title>
<ns>0</ns>
<id>40237</id>
<revision>
<id>2140603</id>
<parentid>1817927</parentid>
<timestamp>2016-06-11T15:01:54Z</timestamp>
<contributor>
<username>UT-interwiki-Bot</username>
<id>56129</id>
</contributor>
<minor />
<comment>Robô: A adicionar: [[en:ystervark]], [[ro:ystervark]]</comment>
<model>wikitext</model>
<format>text/x-wiki</format>
<text bytes="267" xml:space="preserve">={{-af-}}=
== Substantivo ==
'''ystervark'''
# [[ouriço]].
===Sinônimos===
* [[krimpvark]]
* [[rolystervark]]
[[Categoria:Substantivo ({{af}})]]
[[Categoria:Mamífero ({{af}})]]
[[en:ystervark]]
[[fr:ystervark]]
[[mg:ystervark]]
[[ro:ystervark]]
[[ru:ystervark]]</text>
<sha1>dgngw8k4yb4hvxcl9xx4tufe14868uj</sha1>
</revision>
</page>
