<page>
<page>
<title>yterbi</title>
<ns>0</ns>
<id>445035</id>
<revision>
<id>2685904</id>
<parentid>2683007</parentid>
<timestamp>2022-08-13T08:23:24Z</timestamp>
<contributor>
<username>ValJor</username>
<id>1358</id>
</contributor>
<comment>Eliminando [[ytterbi]] da lista de [[Especial:Lonelypages|órfãos]]</comment>
<model>wikitext</model>
<format>text/x-wiki</format>
<text bytes="478" xml:space="preserve">{{Wikipédia|lang=sw}}
{{Wikipédia|lang=vi}}
={{-sw-}}=
==Substantivo==
{{elementos|Yb|thulium|Tm|luteti|Lu}}
'''yterbi'''
# {{escopo|sw|Química}} [[itérbio]]
[[Categoria:Substantivo (Suaíli)]]
[[Categoria:Elemento químico (Suaíli)]]
={{-vi-}}=
==Substantivo==
{{elementos|Yb|thulium|Tm|luteti|Lu}}
'''yterbi'''
# {{escopo|vi|Química}} [[itérbio]]
==={{-varort-}}===
* [[ytterbi]]
[[Categoria:Substantivo (Vietnamita)]]
[[Categoria:Elemento químico (Vietnamita)]]</text>
<sha1>tl9ngujeem5553p1m2cwp1bip377o6k</sha1>
</revision>
