<page>
<title>yterbiwm</title>
<ns>0</ns>
<id>407214</id>
<revision>
<id>2537169</id>
<parentid>2537168</parentid>
<timestamp>2019-02-23T18:11:14Z</timestamp>
<contributor>
<username>Amigo7</username>
<id>58547</id>
</contributor>
<model>wikitext</model>
<format>text/x-wiki</format>
<text bytes="252" xml:space="preserve">{{Wikipédia|lang=cy}}
={{-cy-}}=
==Substantivo==
{{elementos|Yb|thwliwm|Tm|lwtetiwm|Lu}}
'''yterbiwm'''
# {{escopo|cy|Elemento químico}} [[itérbio]]
==Ver também==
===No Wikcionário===
{{tabela periódica/cy}}
[[Categoria:Substantivo (Galês)]]</text>
<sha1>ebhkxh58n9xpgrokg7armqpy9xsaryo</sha1>
</revision>
</page>
