<page>
<title>ytriwm</title>
<ns>0</ns>
<id>407187</id>
<revision>
<id>2537136</id>
<timestamp>2019-02-23T17:11:29Z</timestamp>
<contributor>
<username>Amigo7</username>
<id>58547</id>
</contributor>
<comment>Criação do verbete a partir da [[Especial:Páginas_pedidas|lista de palavras pedidas]]</comment>
<model>wikitext</model>
<format>text/x-wiki</format>
<text bytes="250" xml:space="preserve">{{Wikipédia|lang=cy}}
={{-cy-}}=
==Substantivo==
{{elementos|Y|strontiwm|Sr|sirconiwm|Zr}}
'''ytriwm'''
# {{escopo|cy|Elemento químico}} [[ítrio]]
==Ver também==
===No Wikcionário===
{{tabela periódica/cy}}
[[Categoria:Substantivo (Galês)]]</text>
<sha1>i0bmk9wbuwo07oazttikad9z5arldvl</sha1>
</revision>
</page>
