<page>
<title>ytriu</title>
<ns>0</ns>
<id>227434</id>
<revision>
<id>2199550</id>
<parentid>2035256</parentid>
<timestamp>2016-11-22T11:29:26Z</timestamp>
<contributor>
<username>UT-interwiki-Bot</username>
<id>56129</id>
</contributor>
<minor />
<comment>Robô: A adicionar: [[ca:ytriu]]</comment>
<model>wikitext</model>
<format>text/x-wiki</format>
<text bytes="487" xml:space="preserve">{{Wikipédia|lang=ro}}
[[Imagem:Y,39.jpg|thumb|160px|&lt;center&gt;Ítrio&lt;/center&gt;]]
={{-ro-}}=
{{elementos|Y|stronțiu|Sr|zirconiu|Zr}}
==Substantivo==
'''ytriu'''
# [[ítrio]]
==Ver também==
===No Wikcionário===
{{tabela periódica/ro}}
[[Categoria:Substantivo (Romeno)]]
[[Categoria:Elemento químico (Romeno)]]
[[Categoria:Entrada com imagem (Romeno)]]
[[ca:ytriu]]
[[en:ytriu]]
[[et:ytriu]]
[[fi:ytriu]]
[[fr:ytriu]]
[[hu:ytriu]]
[[lt:ytriu]]
[[pl:ytriu]]
[[ro:ytriu]]
[[scn:ytriu]]</text>
<sha1>iyxg5spdai5rnk0fj52f56vws6o0p3k</sha1>
</revision>
</page>
