<page>
<title>ytri</title>
<ns>0</ns>
<id>429974</id>
<revision>
<id>2607988</id>
<timestamp>2021-01-12T08:04:31Z</timestamp>
<contributor>
<username>ValJor</username>
<id>1358</id>
</contributor>
<comment>Criação do verbete a partir da [[Especial:Páginas_pedidas|lista de palavras pedidas]]</comment>
<model>wikitext</model>
<format>text/x-wiki</format>
<text bytes="279" xml:space="preserve">{{Wikipédia|lang=sw}}
={{-sw-}}=
==Substantivo==
{{elementos|Y|stronti|Sr|zirikoni|Zr}}
'''ytri'''
# {{escopo|sw|Química}} [[ítrio]]
==Ver também==
===No Wikcionário===
{{tabela periódica/sw}}
[[Categoria:Substantivo (Suaíli)]]
[[Categoria:Elemento químico (Suaíli)]]</text>
<sha1>0ksecyqq44mfvokla26vgsoura2zwm7</sha1>
</revision>
</page>
