<page>
<title>ytterbín</title>
<ns>0</ns>
<id>76406</id>
<revision>
<id>2554077</id>
<parentid>1816556</parentid>
<timestamp>2019-09-17T10:06:45Z</timestamp>
<contributor>
<username>ValJor</username>
<id>1358</id>
</contributor>
<comment>Acrescentando código de língua à [[:Categoria:!Página com mensagem de erro em predefinição|predefinição escopo]]</comment>
<model>wikitext</model>
<format>text/x-wiki</format>
<text bytes="410" xml:space="preserve">{{Wikipédia|lang=is}}
={{-is-}}=
==Substantivo==
{{elementos|Yb|túlín|Tm|lútetín|Lu}}
'''ytterbín''', {{g|n}}, ''forte'', ''1º grupo'', ''incontável''
# {{escopo|is|Química}} [[itérbio]]
===Declinação===
{{decl.is.subst.forte.neu.1.sing|ytterbín|}}
==Ver também==
===No Wikcionário===
{{tabela periódica/is}}
[[Categoria:Substantivo (Islandês)]]
[[Categoria:Elemento químico (Islandês)]]</text>
<sha1>k9erqpi30037qzkmq7ruchc7pnqxs3v</sha1>
</revision>
</page>
