<page>
<page>
<title>ytterbiu</title>
<ns>0</ns>
<id>227341</id>
<revision>
<id>2207232</id>
<parentid>1940245</parentid>
<timestamp>2016-12-05T21:38:23Z</timestamp>
<contributor>
<username>UT-interwiki-Bot</username>
<id>56129</id>
</contributor>
<minor />
<comment>Robô: A adicionar: [[ca:ytterbiu]]</comment>
<model>wikitext</model>
<format>text/x-wiki</format>
<text bytes="425" xml:space="preserve">{{Wikipédia|lang=ro|yterbiu}}
[[Imagem:Ytterbium-3.jpg|thumb|130px|&lt;center&gt;Itérbio&lt;/center&gt;]]
={{-ro-}}=
{{elementos|Yb|tuliu|Tm|lutețiu|Lu}}
==Substantivo==
'''ytterbiu'''
# [[itérbio]]
==={{-varort-}}===
* [[yterbiu]]
==Ver também==
===No Wikcionário===
{{tabela periódica/ro}}
[[Categoria:Substantivo (Romeno)]]
[[Categoria:Elemento químico (Romeno)]]
[[Categoria:Entrada com imagem (Romeno)]]
[[ca:ytterbiu]]</text>
<sha1>oyybj4brpc82vbs758i0zyk3ow272d5</sha1>
</revision>
