<page>
<title>Ytterbium</title>
<ns>0</ns>
<id>308630</id>
<revision>
<id>2540075</id>
<parentid>2282694</parentid>
<timestamp>2019-03-24T20:04:31Z</timestamp>
<contributor>
<username>ValJor</username>
<id>1358</id>
</contributor>
<comment>Acrescentando código de língua à [[:Categoria:!Página com mensagem de erro em predefinição|predefinição escopo]]</comment>
<model>wikitext</model>
<format>text/x-wiki</format>
<text bytes="1453" xml:space="preserve">{{Wikipédia|lang=de}}
{{Wikipédia|lang=stq}}
{{Wikipédia|lang=lb}}
={{-gsw-}}=
==Substantivo==
{{elementos|Yb|Thulium|Tm|Lutetium|Lu}}
'''Ytterbium'''
# {{escopo|gsw|Química}} [[itérbio]]
==Ver também==
===No Wikcionário===
{{tabela periódica/gsw}}
[[Categoria:Substantivo (Alemânico)]]
[[Categoria:Elemento químico (Alemânico)]]
={{-de-}}=
==Substantivo==
{{elementos|Yb|Thulium|Tm|Lutetium|Lu}}
'''Ytterbium'''
# {{escopo|de|Química}} [[itérbio]]
==Ver também==
===No Wikcionário===
{{tabela periódica/de}}
[[Categoria:Substantivo (Alemão)]]
[[Categoria:Elemento químico (Alemão)]]
={{-nds-}}=
==Substantivo==
{{elementos|Yb|Thulium|Tm|Lutetium|Lu}}
'''Ytterbium'''
# {{escopo|nds|Química}} [[itérbio]]
==Ver também==
===No Wikcionário===
{{tabela periódica/nds}}
[[Categoria:Substantivo (Baixo Saxão)]]
[[Categoria:Elemento químico (Baixo Saxão)]]
={{-stq-}}=
==Substantivo==
{{elementos|Yb|Thulium|Tm|Lutetium|Lu}}
'''Ytterbium'''
# {{escopo|stq|Química}} [[itérbio]]
==Ver também==
===No Wikcionário===
{{tabela periódica/stq}}
[[Categoria:Substantivo (Frísio Oriental)]]
[[Categoria:Elemento químico (Frísio Oriental)]]
={{-lb-}}=
==Substantivo==
{{elementos|Yb|Thulium|Tm|Lutetium|Lu}}
'''Ytterbium'''
# {{escopo|lb|Química}} [[itérbio]]
==Ver também==
===No Wikcionário===
{{tabela periódica/lb}}
[[Categoria:Substantivo (Luxemburguês)]]
[[Categoria:Elemento químico (Luxemburguês)]]</text>
<sha1>9oka5nmeaeiks3faddhmctptjc9jave</sha1>
</revision>
</page>
