<page>
<title>ytterbium</title>
<ns>0</ns>
<id>144294</id>
<revision>
<id>2240707</id>
<parentid>2147664</parentid>
<timestamp>2017-02-18T17:36:11Z</timestamp>
<contributor>
<username>UT-interwiki-Bot</username>
<id>56129</id>
</contributor>
<minor />
<comment>Robô: A adicionar: [[ky:ytterbium]]</comment>
<model>wikitext</model>
<format>text/x-wiki</format>
<text bytes="1546" xml:space="preserve">={{-fi-}}=
==Substantivo==
'''ytterbium'''
#[[itérbio]] é um [[elemento]] [[químico]] [[metálico]], com [[número atômico]] de 70 e cujo [[símbolo]] é ''[[Yb]]''.
==Ver também==
{{tabela periódica/fi}}
[[Categoria:Elemento químico (Finlandês)]]
={{-fr-}}=
==Substantivo==
'''ytterbium'''
#[[itérbio]]
==Ver também==
{{tabela periódica/fr}}
[[Categoria:Elemento químico (Francês)]]
={{-nl-}}=
==Substantivo==
'''ytterbium'''
#[[itérbio]]
==Ver também==
{{tabela periódica/nl}}
[[Categoria:Elemento químico (Holandês)]]
={{-en-}}=
==Substantivo==
'''ytterbium'''
#[[itérbio]]
==Ver também==
{{tabela periódica/en}}
[[Categoria:Elemento químico (Inglês)]]
={{-la-}}=
==Substantivo==
'''ytterbium'''
#[[itérbio]]
==Ver também==
{{tabela periódica/la}}
[[Categoria:Elemento químico (Latim)]]
[[Categoria:Substantivo (Finlandês)]]
[[Categoria:Substantivo (Francês)]]
[[Categoria:Substantivo (Holandês)]]
[[Categoria:Substantivo (Inglês)]]
[[Categoria:Substantivo (Latim)]]
[[ca:ytterbium]]
[[cs:ytterbium]]
[[da:ytterbium]]
[[de:ytterbium]]
[[en:ytterbium]]
[[et:ytterbium]]
[[eu:ytterbium]]
[[fi:ytterbium]]
[[fr:ytterbium]]
[[hr:ytterbium]]
[[hu:ytterbium]]
[[io:ytterbium]]
[[it:ytterbium]]
[[ja:ytterbium]]
[[kk:ytterbium]]
[[ko:ytterbium]]
[[ku:ytterbium]]
[[ky:ytterbium]]
[[la:ytterbium]]
[[lt:ytterbium]]
[[mg:ytterbium]]
[[nl:ytterbium]]
[[nn:ytterbium]]
[[pl:ytterbium]]
[[ro:ytterbium]]
[[ru:ytterbium]]
[[simple:ytterbium]]
[[sv:ytterbium]]
[[ta:ytterbium]]
[[vi:ytterbium]]
[[zh:ytterbium]]</text>
<sha1>loppj367e5enegcwcwllsjwx05mfslg</sha1>
</revision>
</page>
