<page>
<page>
<title>yttertak</title>
<ns>0</ns>
<id>234045</id>
<revision>
<id>2240706</id>
<parentid>1654669</parentid>
<timestamp>2017-02-18T17:35:49Z</timestamp>
<contributor>
<username>UT-interwiki-Bot</username>
<id>56129</id>
</contributor>
<minor />
<comment>Robô: A adicionar: [[sv:yttertak]]</comment>
<model>wikitext</model>
<format>text/x-wiki</format>
<text bytes="411" xml:space="preserve">{{Wikipédia|lang=sv}}
={{-sv-}}=
==Substantivo==
'''yttertak'''
# [[telhado]]
#* ''Ett '''yttertak''' är ett byggnadselement som utgör en byggnads övre avgränsning.'' &lt;small&gt;Um telhado é um elemento arquitetônico que forma o limite superior de uma construção.&lt;/small&gt;
[[Categoria:Substantivo (Sueco)]]
[[Categoria:Arquitetura (Sueco)]]
[[fi:yttertak]]
[[lo:yttertak]]
[[sv:yttertak]]
[[tr:yttertak]]</text>
<sha1>r2u5u32ptdkhpz6ricoi7p3mvj89my1</sha1>
</revision>
