<page>
<title>yttri</title>
<ns>0</ns>
<id>363402</id>
<revision>
<id>2161000</id>
<timestamp>2016-08-19T20:09:39Z</timestamp>
<contributor>
<username>ValJor</username>
<id>1358</id>
</contributor>
<comment>Criação do verbete a partir da [[Especial:Páginas_pedidas|lista de palavras pedidas]]</comment>
<model>wikitext</model>
<format>text/x-wiki</format>
<text bytes="263" xml:space="preserve">{{Wikipédia|lang=vi}}
={{-vi-}}=
{{elementos|Y|stronti|Sr|zirconi|Zr}}
==Substantivo==
'''yttri'''
# {{escopo|vi|Elemento químico}} [[ítrio]]
==Ver também==
===No Wikcionário===
{{tabela periódica/vi}}
[[Categoria:Substantivo (Vietnamita)]]
[[sv:yttri]]</text>
<sha1>s080akr78y0y0fsw63tgy9s6fupvmav</sha1>
</revision>
</page>
