<page>
<title>yttrín</title>
<ns>0</ns>
<id>73496</id>
<revision>
<id>2554075</id>
<parentid>1816579</parentid>
<timestamp>2019-09-17T09:56:44Z</timestamp>
<contributor>
<username>ValJor</username>
<id>1358</id>
</contributor>
<comment>Acrescentando código de língua à [[:Categoria:!Página com mensagem de erro em predefinição|predefinição escopo]]</comment>
<model>wikitext</model>
<format>text/x-wiki</format>
<text bytes="391" xml:space="preserve">{{Wikipédia|lang=is}}
={{-is-}}=
==Substantivo==
{{elementos|Y|strontín|Sr|cyrkon|Zr}}
'''yttrín''', ''neutro, forte, grupo 1 (sem plural)''
# {{escopo|is|Química}} [[ítrio]]
===Declinação===
{{decl.is.subst.forte.neu.1.sing|yttrín|}}
==Ver também==
===No Wikcionário===
{{tabela periódica/is}}
[[Categoria:Substantivo (Islandês)]]
[[Categoria:Elemento químico (Islandês)]]</text>
<sha1>sqx0y67o97of9i7obyav3piywwt68wt</sha1>
</revision>
</page>
