<page>
<title>yttrium</title>
<ns>0</ns>
<id>144295</id>
<revision>
<id>2546633</id>
<parentid>2240705</parentid>
<timestamp>2019-06-14T18:43:04Z</timestamp>
<contributor>
<username>Amigo7</username>
<id>58547</id>
</contributor>
<comment>+seção {{-mi-}}</comment>
<model>wikitext</model>
<format>text/x-wiki</format>
<text bytes="2011" xml:space="preserve">{{Wikipédia|lang=af}}
{{Wikipédia|lang=fi}}
{{Wikipédia|lang=fr}}
{{Wikipédia|lang=nl}}
{{Wikipédia|lang=en}}
{{Wikipédia|lang=la}}
{{Wikipédia|lang=sv}}
={{-af-}}=
==Substantivo==
{{elementos|Y|stronsium|Sr|sirkonium|Zr}}
'''yttrium'''
# {{escopo|af|Elemento químico}} [[ítrio]] 
==Ver também==
===No Wikcionário===
{{tabela periódica/af}}
[[Categoria:Substantivo (Africâner)]]
={{-fi-}}=
==Substantivo==
{{elementos|Y|strontium|Sr|zirkonium|Zr}}
'''yttrium'''
# {{escopo|fi|Elemento químico}} [[ítrio]]
==Ver também==
===No Wikcionário===
{{tabela periódica/fi}}
[[Categoria:Substantivo (Finlandês)]]
={{-fr-}}=
==Substantivo==
{{elementos|Y|strontium|Sr|zirconium|Zr}}
'''yttrium'''
# {{escopo|fr|Elemento químico}} [[ítrio]]
==Ver também==
===No Wikcionário===
{{tabela periódica/fr}}
[[Categoria:Substantivo (Francês)]]
={{-nl-}}=
==Substantivo==
{{elementos|Y|strontium|Sr|zirkonium|Zr}}
'''yttrium'''
# {{escopo|nl|Elemento químico}} [[ítrio]]
==Ver também==
===No Wikcionário===
{{tabela periódica/nl}}
[[Categoria:Substantivo (Holandês)]]
={{-en-}}=
==Substantivo==
{{elementos|Y|strontium|Sr|zirconium|Zr}}
'''yttrium'''
# {{escopo|en|Elemento químico}} [[ítrio]]
==Ver também==
===No Wikcionário===
{{tabela periódica/en}}
[[Categoria:Substantivo (Inglês)]]
={{-la-}}=
{{elementos|Y|strontium|Sr|zirconium|Zr}}
==Substantivo==
'''yttrium'''
# {{escopo|la|Elemento químico}} [[ítrio]]
==Ver também==
===No Wikcionário===
{{tabela periódica/la}}
[[Categoria:Substantivo (Latim)]]
={{-mi-}}=
==Substantivo==
{{elementos|Y|strontium|Sr|zirconium|Zr}}
'''yttrium'''
# {{escopo|mi|Elemento químico}} [[ítrio]]
==Ver também==
===No Wikcionário===
{{tabela periódica/mi}}
[[Categoria:Substantivo (Maori)]]
={{-sv-}}=
==Substantivo==
{{elementos|Y|strontium|Sr|zirkonium|Zr}}
'''yttrium'''
# {{escopo|sv|Elemento químico}} [[ítrio]]
==Ver também==
===No Wikcionário===
{{tabela periódica/sv}}
[[Categoria:Substantivo (Sueco)]]</text>
<sha1>scten6mk25ckfw9b7ccz2j5gz8eycwg</sha1>
</revision>
</page>
