<page>
<title>yuan</title>
<ns>0</ns>
<id>385657</id>
<revision>
<id>2459759</id>
<timestamp>2017-11-08T10:06:12Z</timestamp>
<contributor>
<username>Askekamo</username>
<id>60711</id>
</contributor>
<comment>[[Ajuda:Guia de edição/Menus e ferramentas/Sumário de edição|→]] nova página: ={{-pt-}}= ==Substantivo== {{flex.pt|ms=yuan|mp=yuans}} '''''yuan''''', {{gramática|m}} # {{escopo|pt|estran...</comment>
<model>wikitext</model>
<format>text/x-wiki</format>
<text bytes="173" xml:space="preserve">={{-pt-}}=
==Substantivo==
{{flex.pt|ms=yuan|mp=yuans}}
'''''yuan''''', {{gramática|m}}
# {{escopo|pt|estrangeirismo}} ver [[iuane]]
[[Categoria:Substantivo (Português)]]</text>
<sha1>t3pjycusg3m52n7uglhhr2zxn3z4gnb</sha1>
</revision>
</page>
