<page>
<title>Yuan</title>
<ns>0</ns>
<id>324823</id>
<revision>
<id>2282696</id>
<parentid>2237123</parentid>
<timestamp>2017-04-27T04:14:05Z</timestamp>
<contributor>
<username>HydrizBot</username>
<id>29590</id>
</contributor>
<minor />
<comment>Robô: A limpar links interwikis antigos</comment>
<model>wikitext</model>
<format>text/x-wiki</format>
<text bytes="508" xml:space="preserve">={{-cod-}}=
==Substantivo==
'''Yu.{{grifar|an}}'''
# [[João]]
#: '''''Yuan''' [[yawachima]] [[mukuika]] [[hura]] [[tapiariari]].'' &lt;small&gt;([[João]] [[chegou]] [[duas]] [[horas]] [[atrasado]])&lt;/small&gt;
===Referências===
{{verTambém.Ini}}
* &lt;span style=&quot;color:#555;&quot;&gt;(em espanhol)&lt;/span&gt; ESPINOSA, Lucas. ''Breve Diccionario Analitico Castellano-Tupi del Peru - Sección Cocama''. Iquitos (PER): Ediciones C.E.T.A, 1989. ISBN 84-89295-43-3.
{{verTambém.Fim}}
{{categorias|{{cod}}|Substantivo|Dissílabo}}</text>
<sha1>ka3zy4sh5nnn87z81kp8d8wf9klzchq</sha1>
</revision>
</page>
