<page>
<page>
<title>yuana</title>
<ns>0</ns>
<id>34089</id>
<revision>
<id>1327558</id>
<parentid>1097402</parentid>
<timestamp>2011-12-10T00:16:34Z</timestamp>
<contributor>
<username>MalafayaBot</username>
<id>628</id>
</contributor>
<minor />
<comment>Robô: Substituição de texto automática (-^\=(\s*?)(\{\{pap\}\}|Papiamento)(\s*?)\= +={{-pap-}}=)</comment>
<model>wikitext</model>
<format>text/x-wiki</format>
<text bytes="141" xml:space="preserve">={{-pap-}}=
==Substantivo==
'''yuana'''
# [[iguana]]
[[Categoria:Substantivo (Papiamento)]]
[[Categoria:Réptil (Papiamento)]]
[[nl:yuana]]</text>
<sha1>dpal64e5ejcgddx02rwxsdxaw0enzk2</sha1>
</revision>
