<page>
<page>
<title>yucateco</title>
<ns>0</ns>
<id>441707</id>
<revision>
<id>2667639</id>
<timestamp>2022-03-23T09:48:53Z</timestamp>
<contributor>
<username>ValJor</username>
<id>1358</id>
</contributor>
<comment>Criação do verbete a partir da [[Especial:Páginas_pedidas|lista de palavras pedidas]]</comment>
<model>wikitext</model>
<format>text/x-wiki</format>
<text bytes="516" xml:space="preserve">{{Wikipédia|lang=pt|iucateque}}
={{-pt-}}=
==Substantivo==
{{flex.pt|ms=yucateco|mp=-}}
{{paroxítona|yu|ca|te|co}}, {{gramática|m}}
# [[língua]] [[indígena]] da América do tronco [[maia]], falada na península do Iucatão no México, no norte do Belize e em partes da Guatemala
==={{-varort-}}===
{{verTambém.Ini}}
* [[iucateco]]
{{verTambém.NovaColuna}}
* [[iucateque]]
{{verTambém.NovaColuna}}
* [[yucateque]]
{{verTambém.Fim}}
[[Categoria:Substantivo (Português)]]
[[Categoria:Língua (Português)]]</text>
<sha1>kn9wu4741z46gvss5akey3l6c6ihyhv</sha1>
</revision>
