<page>
<page>
<title>Yuda</title>
<ns>0</ns>
<id>427476</id>
<revision>
<id>2599493</id>
<timestamp>2020-10-25T02:54:31Z</timestamp>
<contributor>
<username>Leonardo José Raimundo</username>
<id>43489</id>
</contributor>
<comment>Eu estou criando o nome &quot;Yuda&quot;.</comment>
<model>wikitext</model>
<format>text/x-wiki</format>
<text bytes="330" xml:space="preserve">={{-ja-}}=
==Substantivo==
{{c-ja|hi=ゆだ}}
# {{escopo|ja|Cristianismo|religião}} [[Judas]]
[[Categoria:Substantivo (Japonês)]]
={{-sw-}}=
==Substantivo==
{{paroxítona|Yu|da|lang=sw}}
# {{escopo|sw|Cristianismo|religião}} [[Judas]]
==Ver também==
===No Wikcionário===
{{bíblia/sw}}
[[Categoria:Substantivo (Suaíli)]]</text>
<sha1>rbmo2rrh8x0h1kv44qnm19siigpyp83</sha1>
</revision>
