<page>
<page>
<title>Yuganda</title>
<ns>0</ns>
<id>235534</id>
<revision>
<id>2644314</id>
<parentid>889176</parentid>
<timestamp>2021-08-05T09:52:18Z</timestamp>
<contributor>
<username>ValJor</username>
<id>1358</id>
</contributor>
<comment>Já fazia mais de dez anos que ninguém atualizava esse verbete</comment>
<model>wikitext</model>
<format>text/x-wiki</format>
<text bytes="665" xml:space="preserve">{{Wikipédia|lang=lg}}
{{Wikipédia|lang=pih}}
[[Imagem:Flag of Uganda.svg|thumb|right|250px|{{centro|Bandeira de Uganda}}]]
[[Imagem:LocationUganda.svg|thumb|right|250px|{{centro|Localização de Uganda}}]]
={{-lg-}}=
==Substantivo==
'''Yuganda''', {{gramática|pr}}
# {{escopo|lg|País}} [[Uganda]]
==Ver também==
===No Wikcionário===
{{África/lg}}
[[Categoria:Substantivo (Luganda)]]
[[Categoria:Entrada com imagem (Luganda)]]
={{-pih-}}=
==Substantivo==
'''Yuganda''', {{gramática|pr}}
# {{escopo|pih|País}} [[Uganda]]
==Ver também==
===No Wikcionário===
{{África/pih}}
[[Categoria:Substantivo (Norfuk)]]
[[Categoria:Entrada com imagem (Norfuk)]]</text>
<sha1>ond6tx416yadylpvx3leqv4hokxiddq</sha1>
</revision>
