<page>
<title>yulduz</title>
<ns>0</ns>
<id>63400</id>
<revision>
<id>2207231</id>
<parentid>2140617</parentid>
<timestamp>2016-12-05T21:37:44Z</timestamp>
<contributor>
<username>UT-interwiki-Bot</username>
<id>56129</id>
</contributor>
<minor />
<comment>Robô: A adicionar: [[ku:yulduz]]</comment>
<model>wikitext</model>
<format>text/x-wiki</format>
<text bytes="544" xml:space="preserve">={{-uz-}}=
==Substantivo==
'''{{PAGENAME}}'''
:# [[estrela]]
==Ver Também==
* Albanês: [[yll]]
* {{az}}: {{xlatio|az|ulduz|}}
* {{tt}}: {{xlatio|tt|yoldız|}}
* {{tr}}: {{xlatio|tr|yıldız|}}
* {{ug}}: {{xlatio|ug|yultuz|}}, {{xlatio|ug|йултуз|}}, {{xlatio|ug|يولتوز|}}
[[Categoria:Substantivo (Uzbeque)]]
[[Categoria:Astronomia (Uzbeque)]]
[[az:yulduz]]
[[chr:yulduz]]
[[en:yulduz]]
[[fr:yulduz]]
[[hu:yulduz]]
[[ku:yulduz]]
[[lt:yulduz]]
[[mg:yulduz]]
[[pl:yulduz]]
[[ro:yulduz]]
[[ru:yulduz]]
[[tr:yulduz]]
[[uz:yulduz]]</text>
<sha1>68c5r2fpssd9uk5yc74rlhhddur8a31</sha1>
</revision>
</page>
