<page>
<page>
<title>Yuletides</title>
<ns>0</ns>
<id>381268</id>
<revision>
<id>2440156</id>
<parentid>2440155</parentid>
<timestamp>2017-07-25T01:59:16Z</timestamp>
<contributor>
<username>MIL973</username>
<id>41339</id>
</contributor>
<model>wikitext</model>
<format>text/x-wiki</format>
<text bytes="201" xml:space="preserve">={{-en-}}=
==Forma de substantivo==
'''Yuletides''', {{gramática|pr|p|lang=en}}
# plural de [[Yuletide#{{en}}|Yuletide]]
{{avi-for-fle|Yuletide|lang=en}}
[[Categoria:Forma de substantivo (Inglês)]]</text>
<sha1>lb9cgsxli6mzshr9jji6ri6sqt21mok</sha1>
</revision>
