<page>
<title>Yuletide</title>
<ns>0</ns>
<id>381265</id>
<revision>
<id>2440153</id>
<parentid>2440145</parentid>
<timestamp>2017-07-25T01:56:49Z</timestamp>
<contributor>
<username>MIL973</username>
<id>41339</id>
</contributor>
<model>wikitext</model>
<format>text/x-wiki</format>
<text bytes="455" xml:space="preserve">{{Wikipédia|lang=en}}
={{-en-}}=
==Substantivo==
{{flex.en|s=Yuletide|p=Yuletides}}
'''Yuletide''', {{gramática|pr|lang=en}}
# {{escopo|en|Catolicismo|comemoração|cristianismo|religião}} [[Quadra Natalícia]], [[Quadra Natalina]]
===Sinônimo===
* [[Christmastide#{{en}}|Christmastide]]
==Ver também==
===No Wikcionário===
{{colunas|2}}
* [[Christmas#{{en}}|Christmas]]
* [[Yule#{{en}}|Yule]]
{{colunas/fim}}
[[Categoria:Substantivo (Inglês)]]</text>
<sha1>a635uq6sha1dt9ch6abvzc7ytnudwvr</sha1>
</revision>
</page>
