<page>
<title>Yule</title>
<ns>0</ns>
<id>222464</id>
<revision>
<id>2440154</id>
<parentid>2440130</parentid>
<timestamp>2017-07-25T01:57:34Z</timestamp>
<contributor>
<username>MIL973</username>
<id>41339</id>
</contributor>
<model>wikitext</model>
<format>text/x-wiki</format>
<text bytes="573" xml:space="preserve">{{Wikipédia|lang=en}}
{{BrE|Christmas}}
={{-en-}}=
==Substantivo==
{{flex.en|s=Yule|p=Yules}}
'''Yule''', {{gramática|pr|lang=en}}
# {{escopo|en|Reino Unido}} [[época]] do [[inverno]] em que cai o [[Natal]]
# {{escopo|en|Catolicismo|comemoração|cristianismo|Reino Unido|religião}} Natal
===Sinônimo===
* De '''2''':
* [[Christmas#{{en}}|Christmas]]
=={{pronúncia|en}}==
* AFI: /juːl/
==Ver também==
===No Wikcionário===
{{colunas|2}}
* [[Christmastide#{{en}}|Christmastide]]
* [[Yuletide#{{en}}|Yuletide]]
{{colunas/fim}}
[[Categoria:Substantivo (Inglês)]]</text>
<sha1>k70mvgpkrh29fdri0fccrnx2d7bjtkm</sha1>
</revision>
</page>
