<page>
<title>yuli</title>
<ns>0</ns>
<id>326570</id>
<revision>
<id>2252368</id>
<parentid>1855871</parentid>
<timestamp>2017-03-14T06:55:47Z</timestamp>
<contributor>
<username>OctraBot</username>
<id>56948</id>
</contributor>
<minor />
<comment>Robô: A adicionar: [[en:yuli]]</comment>
<model>wikitext</model>
<format>text/x-wiki</format>
<text bytes="194" xml:space="preserve">={{-ln-}}=
==Substantivo==
'''yuli'''
# [[julho]]
{{página-automática|junho|2014|julho|ln}}
[[Categoria:Substantivo (Lingala)]]
[[en:yuli]]
[[fr:yuli]]
[[ko:yuli]]
[[mg:yuli]]
[[sk:yuli]]</text>
<sha1>15r7lqe7u2qnp8q8cwe47ld6hruq26k</sha1>
</revision>
</page>
