<page>
<page>
<title>yultuz</title>
<ns>0</ns>
<id>63393</id>
<revision>
<id>1347651</id>
<parentid>1329884</parentid>
<timestamp>2011-12-27T02:27:41Z</timestamp>
<contributor>
<username>Luckas-bot</username>
<id>5986</id>
</contributor>
<minor />
<comment>r2.7.2) (Robô: A adicionar: [[mg:yultuz]]</comment>
<model>wikitext</model>
<format>text/x-wiki</format>
<text bytes="465" xml:space="preserve">={{-ug-}}=
==Substantivo==
'''{{PAGENAME}}'''
:# [[estrela]]
===Outros Alfabetos===
* Árabe: [[يولتوز]]
* Cirílico: [[йултуз]]
==Ver Também==
* Albanês: [[yll]]
* {{az}}: {{xlatio|az|ulduz|}}
* {{uz}}: {{xlatio|uz|yulduz|}}
* {{tt}}: {{xlatio|tt|yoldız|}}
* {{tr}}: {{xlatio|tr|yıldız|}}
[[Categoria:Substantivo (Uigure)]]
[[Categoria:Astronomia (Uigure)]]
[[hu:yultuz]]
[[ko:yultuz]]
[[lt:yultuz]]
[[mg:yultuz]]
[[tr:yultuz]]
[[ug:yultuz]]</text>
<sha1>l33ep1jv5gqvhjq85bpy1afw3201nly</sha1>
</revision>
