<page>
<page>
<title>yulul</title>
<ns>0</ns>
<id>234389</id>
<revision>
<id>1961632</id>
<parentid>1863749</parentid>
<timestamp>2015-07-11T05:06:31Z</timestamp>
<contributor>
<username>HydrizBot</username>
<id>29590</id>
</contributor>
<minor />
<comment>Robô: A adicionar: [[az:yulul]]</comment>
<model>wikitext</model>
<format>text/x-wiki</format>
<text bytes="500" xml:space="preserve">={{-vo-}}=
==Substantivo==
'''yu.{{grifar|lul}}'''
# [[julho]], sétimo [[mês]] do [[ano]] civil
===Declinação===
{{decl.vo.subst}}
==Ver também==
===No Wikcionário===
{{meses/vo}}
[[Categoria:Substantivo (Volapuque)]]
[[Categoria:Dissílabo (Volapuque)]]
[[Categoria:Oxítona (Volapuque)]]
[[Categoria:Mês (Volapuque)]]
[[af:yulul]]
[[ast:yulul]]
[[az:yulul]]
[[en:yulul]]
[[eo:yulul]]
[[eu:yulul]]
[[lo:yulul]]
[[lt:yulul]]
[[nl:yulul]]
[[oc:yulul]]
[[pl:yulul]]
[[ru:yulul]]
[[vo:yulul]]</text>
<sha1>lbhmduei7pv39du79p8v248uw5z67ma</sha1>
</revision>
