<page>
<page>
<title>yume</title>
<ns>0</ns>
<id>122248</id>
<revision>
<id>2224065</id>
<parentid>2094235</parentid>
<timestamp>2017-01-16T23:50:21Z</timestamp>
<contributor>
<username>Tribuno da Plebe</username>
<id>16095</id>
</contributor>
<model>wikitext</model>
<format>text/x-wiki</format>
<text bytes="121" xml:space="preserve">={{-ja-}}=
==Transliteração==
# transliteração de [[ゆめ]]
[[Categoria:Transliteração (Japonês)]]
[[en:yume]]</text>
<sha1>k9iogwjden7rtnxmwxjjka8twp0hco4</sha1>
</revision>
