<page>
<title>yumita</title>
<ns>0</ns>
<id>325406</id>
<revision>
<id>1829033</id>
<timestamp>2014-05-31T20:19:05Z</timestamp>
<contributor>
<username>Castelobranco</username>
<id>8424</id>
</contributor>
<comment>+1</comment>
<model>wikitext</model>
<format>text/x-wiki</format>
<text bytes="256" xml:space="preserve">={{-cod-}}=
==Verbo==
'''yu.{{grifar|mi}}.ta'''
# [[ensinar]]&lt;ref group=&quot;cod&quot;&gt;FAUST, 2008, p.161&lt;/ref&gt;
===Notas===
&lt;references group=&quot;cod&quot; /&gt;
===Referências===
{{verTambém.Ini}}
{{Faust2008}}
{{verTambém.Fim}}
{{categorias|{{cod}}|Verbo|Trissílabo}}</text>
<sha1>7eh3l5it7q3l5pn4amfcxlx80f1ekyx</sha1>
</revision>
</page>
