<page>
<title>yummy</title>
<ns>0</ns>
<id>5957</id>
<revision>
<id>2504966</id>
<parentid>1886588</parentid>
<timestamp>2018-05-30T00:00:26Z</timestamp>
<contributor>
<username>Askekamo</username>
<id>60711</id>
</contributor>
<model>wikitext</model>
<format>text/x-wiki</format>
<text bytes="457" xml:space="preserve">={{-en-}}=
== Adjetivo ==
{{flex.en.adj.y|yumm}}
'''{{grifar|yum}}.my'''
# {{escopo|en|familiar}} [[delicioso]]
== {{pronúncia}} ==
* AFI: /ˈjʌm.i/
* X-SAMPA: /&quot;jVm.i/
[[Categoria:Adjetivo (Inglês)]]
[[ca:yummy]]
[[de:yummy]]
[[en:yummy]]
[[et:yummy]]
[[fi:yummy]]
[[fr:yummy]]
[[gl:yummy]]
[[hr:yummy]]
[[io:yummy]]
[[ko:yummy]]
[[ku:yummy]]
[[ml:yummy]]
[[pl:yummy]]
[[simple:yummy]]
[[sv:yummy]]
[[ta:yummy]]
[[uz:yummy]]
[[vi:yummy]]
[[zh:yummy]]</text>
<sha1>suebh38qdq995l92l71qqbkvrpha9ga</sha1>
</revision>
</page>
