<page>
<page>
<title>yumurta</title>
<ns>0</ns>
<id>62175</id>
<revision>
<id>2554069</id>
<parentid>2045656</parentid>
<timestamp>2019-09-17T09:31:26Z</timestamp>
<contributor>
<username>ValJor</username>
<id>1358</id>
</contributor>
<comment>Acrescentando código de língua à [[:Categoria:!Página com mensagem de erro em predefinição|predefinição escopo]]</comment>
<model>wikitext</model>
<format>text/x-wiki</format>
<text bytes="768" xml:space="preserve">{{Wikipédia|lang=tr}}
={{-tr-}}=
==Substantivo==
'''yumurta''', ''sem gênero''
# [[ovo]]
# {{escopo|tr|Chulo}} [[testículos]]
# {{escopo|tr|Gíria}} [[menino]] [[bonito]]
===Declinação===
{{decl.tr.sub.y|yumurta|yumurtalar}}
==Ver também==
===No Wikcionário===
{{verTambém.Ini}}
* [[armut]]
* [[badem]]
* [[baklava]]
* [[bal]]
* [[bamya]]
* [[ekmek]]
* [[hardal]]
* [[havuç]]
* [[hindi]]
{{verTambém.NovaColuna}}
* [[hindiba]]
* [[Hint fıstığı]]
* [[Hint kirazı]]
* [[hurma]]
* [[karpuz]]
* [[mantar]]
* [[mercimek]]
* [[mısır]]
* [[patates]]
{{verTambém.NovaColuna}}
* [[pilav]]
* [[portakal]]
* [[reçel]]
* [[salam]]
* [[salatalik]]
* [[şeftali]]
* [[şeker]]
* [[sığır eti]]
* [[süt]]
{{verTambém.Fim}}
[[Categoria:Substantivo (Turco)]]</text>
<sha1>brg5h90g13q0a0djxuqlmzbrqlv73fr</sha1>
</revision>
