<page>
<title>Yunanistan</title>
<ns>0</ns>
<id>43144</id>
<revision>
<id>2282700</id>
<parentid>2029916</parentid>
<timestamp>2017-04-27T04:14:24Z</timestamp>
<contributor>
<username>HydrizBot</username>
<id>29590</id>
</contributor>
<minor />
<comment>Robô: A limpar links interwikis antigos</comment>
<model>wikitext</model>
<format>text/x-wiki</format>
<text bytes="128" xml:space="preserve">={{-tr-}}=
==Substantivo==
'''Yunanistam'''
# [[Grécia]].
[[Categoria:Topónimo (Turco)]]
[[Categoria:Substantivo (Turco)]]</text>
<sha1>7i5na7qsxeihcjgguma1e4pz175nstp</sha1>
</revision>
</page>
