<page>
<page>
<title>yunupa</title>
<ns>0</ns>
<id>361235</id>
<revision>
<id>2241365</id>
<parentid>2154880</parentid>
<timestamp>2017-02-19T02:49:48Z</timestamp>
<contributor>
<username>Emi-Ireland</username>
<id>45616</id>
</contributor>
<comment>/* {{pronúncia|wau}} */</comment>
<model>wikitext</model>
<format>text/x-wiki</format>
<text bytes="245" xml:space="preserve">={{-wau-}}=
==Forma verbal==
{{paroxítona|yu|nu|pa|lang=wau}}
# segunda pessoa do plural do presente do indicativo do verbo [[unupa]]
{{avi-for-fle|unupa}}
=={{pronúncia|wau}}==
* [[AFI]]: {{AFI|/juˈnu.pa/}}
[[Categoria:Forma verbal (Wauja)]]</text>
<sha1>gns6s56fun4tfjjt6w3iii4ux3t3nst</sha1>
</revision>
