<page>
<title>yunupua</title>
<ns>0</ns>
<id>367329</id>
<revision>
<id>2191783</id>
<timestamp>2016-10-30T23:15:22Z</timestamp>
<contributor>
<username>Emi-Ireland</username>
<id>45616</id>
</contributor>
<comment>[[Ajuda:Guia de edição/Menus e ferramentas/Sumário de edição|→]] nova página: ={{-wau-}}= ==Forma verbal== {{oxítona|yu|nu|pu|a|lang=wau}} # segunda pessoa do plural do presente do indic...</comment>
<model>wikitext</model>
<format>text/x-wiki</format>
<text bytes="248" xml:space="preserve">={{-wau-}}=
==Forma verbal==
{{oxítona|yu|nu|pu|a|lang=wau}}
# segunda pessoa do plural do presente do indicativo do verbo [[unupua]]
{{avi-for-fle|unupua}}
=={{pronúncia|wau}}==
* [[AFI]]: {{AFI|/ju.nu.puˈa/}}
[[Categoria:Forma verbal (Wauja)]]</text>
<sha1>me4hksoeeny9qgc0rrpcedogawfgo72</sha1>
</revision>
</page>
