<page>
<page>
<title>yup</title>
<ns>0</ns>
<id>8997</id>
<revision>
<id>1886587</id>
<parentid>1438710</parentid>
<timestamp>2015-01-14T07:11:06Z</timestamp>
<contributor>
<username>HydrizBot</username>
<id>29590</id>
</contributor>
<minor />
<comment>r2.7.3) (Robô: A adicionar: [[simple:yup]]</comment>
<model>wikitext</model>
<format>text/x-wiki</format>
<text bytes="264" xml:space="preserve">={{-en-}}=
==Interjeição==
'''yup'''
# [[sim]]
===Sinónimos===
*De '''1''': [[yes]]
[[Categoria:Interjeição (Inglês)]]
[[en:yup]]
[[es:yup]]
[[fa:yup]]
[[fr:yup]]
[[ja:yup]]
[[ko:yup]]
[[li:yup]]
[[nl:yup]]
[[no:yup]]
[[pl:yup]]
[[simple:yup]]
[[tr:yup]]</text>
<sha1>68a3kyrtosel7eylgpt3urb3nlqmcs7</sha1>
</revision>
