<page>
<page>
<title>yurak</title>
<ns>0</ns>
<id>60340</id>
<revision>
<id>2207237</id>
<parentid>1944778</parentid>
<timestamp>2016-12-05T21:43:16Z</timestamp>
<contributor>
<username>UT-interwiki-Bot</username>
<id>56129</id>
</contributor>
<minor />
<comment>Robô: A adicionar: [[ku:yurak]]</comment>
<model>wikitext</model>
<format>text/x-wiki</format>
<text bytes="349" xml:space="preserve">={{-uz-}}=
==Substantivo==
'''yu.raq'''
:# [[coração]]
==Ver Também==
* Turco: [[yürek]]
[[Categoria:Substantivo (Uzbeque)]]
[[Categoria:Anatomia (Uzbeque)]]
[[az:yurak]]
[[be:yurak]]
[[chr:yurak]]
[[en:yurak]]
[[eu:yurak]]
[[hu:yurak]]
[[is:yurak]]
[[ko:yurak]]
[[ku:yurak]]
[[mg:yurak]]
[[nl:yurak]]
[[ru:yurak]]
[[tr:yurak]]
[[uz:yurak]]</text>
<sha1>kgeyht2t03xkf6e6vsz9jd5yt75fyh1</sha1>
</revision>
