<page>
<title>yurinidugian</title>
<ns>0</ns>
<id>282547</id>
<revision>
<id>2554066</id>
<parentid>1555750</parentid>
<timestamp>2019-09-17T09:13:00Z</timestamp>
<contributor>
<username>ValJor</username>
<id>1358</id>
</contributor>
<comment>Acrescentando código de língua à [[:Categoria:!Página com mensagem de erro em predefinição|predefinição escopo]]</comment>
<model>wikitext</model>
<format>text/x-wiki</format>
<text bytes="512" xml:space="preserve">={{-vo-}}=
==Substantivo==
{{oxítona|yu|ri|ni|du|gi|an|lang=vo}}
# {{escopo|vo|Anatomia}} [[ureter]]/[[uréter]]
===Declinação===
{{decl.vo.subst}}
=={{etimologia|vo}}==
: {{escopo|Morfologia}} {{etimo|vo|yurin}} + {{etimo|vo|-i}} + {{etimo|vo|dug}} + {{etimo|vo|-ian}}.
=={{pronúncia|vo}}==
* [[AFI]]: {{AFI|/juɾinidugiˈan/}}
==Ver também==
===No Wikcionário===
{{verTambém.Ini}}
* [[yurinavesid]]
{{verTambém.NovaColuna}}
* [[yurinatuib]]
{{verTambém.Fim}}
[[Categoria:Substantivo (Volapuque)]]</text>
<sha1>q3wgkeey13j7mzcarm08meo2ehh150i</sha1>
</revision>
</page>
