<page>
<page>
<title>yurin</title>
<ns>0</ns>
<id>282546</id>
<revision>
<id>1803836</id>
<parentid>1514240</parentid>
<timestamp>2014-01-08T11:45:56Z</timestamp>
<contributor>
<username>MalafayaBot</username>
<id>628</id>
</contributor>
<minor />
<comment>r2.7.5) (Robô: A adicionar: [[chr:yurin]], [[mg:yurin]]</comment>
<model>wikitext</model>
<format>text/x-wiki</format>
<text bytes="464" xml:space="preserve">={{-vo-}}=
==Substantivo==
{{oxítona|yu|rin|lang=vo}}
# [[urina]]
===Declinação===
{{decl.vo.subst}}
==={{pronúncia|vo}}===
* [[AFI]]: {{AFI|/juˈɾin/}}
===Verbetes derivados===
{{verTambém.Ini}}
* [[yurinaglät]]
* [[yurinavesid]]
{{verTambém.NovaColuna|33}}
* [[yurinatuib]]
* [[yurinidugian]]
{{verTambém.NovaColuna|33}}
* [[yurinavan]]
* [[yurinön]]
{{verTambém.Fim}}
[[Categoria:Substantivo (Volapuque)]]
[[chr:yurin]]
[[mg:yurin]]
[[vo:yurin]]</text>
<sha1>n4s0tg9xejdn3i5hbza6olfm6ydfkzd</sha1>
</revision>
