<page>
<page>
<title>Yurop</title>
<ns>0</ns>
<id>118587</id>
<revision>
<id>2554064</id>
<parentid>2282703</parentid>
<timestamp>2019-09-17T09:07:28Z</timestamp>
<contributor>
<username>ValJor</username>
<id>1358</id>
</contributor>
<comment>Acrescentando código de língua à [[:Categoria:!Página com mensagem de erro em predefinição|predefinição escopo]]</comment>
<model>wikitext</model>
<format>text/x-wiki</format>
<text bytes="891" xml:space="preserve">{{Wikipédia|lang=ak}}
{{Wikipédia|lang=bi}}
{{Wikipédia|lang=tpi}}
{{Wikipédia|lang=vo}}
={{-ak-}}=
==Substantivo==
'''Yurop''', {{g|pr}}
# {{escopo|ak|Continente}} [[Europa]]
==Ver também==
===No Wikcionário===
{{continentes/ak}}
[[Categoria:Substantivo (Akan)]]
={{-bi-}}=
==Substantivo==
'''Yurop''', {{g|pr}}
# {{escopo|bi|Continente}} [[Europa]]
==Ver também==
===No Wikcionário===
{{continentes/bi}}
[[Categoria:Substantivo (Bislamá)]]
={{-tpi-}}=
==Substantivo==
'''Yurop''', {{g|pr}}
# {{escopo|tpi|Continente}} [[Europa]]
==Ver também==
===No Wikcionário===
{{continentes/tpi}}
[[Categoria:Substantivo (Tok Pisin)]]
={{-vo-}}=
==Substantivo==
{{oxítona|Yu|rop|lang=vo}}, {{g|pr}}
# {{escopo|vo|Continente}} [[Europa]]
===Declinação===
{{decl.vo.subst.sing}}
==Ver também==
===No Wikcionário===
{{continentes/vo}}
[[Categoria:Substantivo (Volapuque)]]</text>
<sha1>7s7akfd82o6gnfdro03ixseocmmaz3e</sha1>
</revision>
