<page>
<page>
<title>yuru</title>
<ns>0</ns>
<id>325325</id>
<revision>
<id>2011147</id>
<parentid>1830672</parentid>
<timestamp>2015-10-06T18:04:16Z</timestamp>
<contributor>
<username>JAnDbot</username>
<id>25083</id>
</contributor>
<minor />
<comment>Robô: A adicionar: [[sk:yuru]]</comment>
<model>wikitext</model>
<format>text/x-wiki</format>
<text bytes="358" xml:space="preserve">={{-cod-}}=
==Substantivo==
'''{{grifar|yu}}.ru'''
# [[boca]]&lt;ref group=&quot;cod&quot;&gt;FAUST, 2008, p.162&lt;/ref&gt;
===Notas===
&lt;references group=&quot;cod&quot; /&gt;
===Referências===
{{verTambém.Ini}}
{{Faust2008}}
{{verTambém.Fim}}
{{categorias|{{cod}}|Substantivo|Dissílabo}}
[[el:yuru]]
[[en:yuru]]
[[fr:yuru]]
[[ja:yuru]]
[[la:yuru]]
[[ru:yuru]]
[[sk:yuru]]
[[sm:yuru]]</text>
<sha1>bqjealb1y6446o85zynz2sk587ro9nh</sha1>
</revision>
