<page>
<title>yusteso</title>
<ns>0</ns>
<id>38072</id>
<revision>
<id>1107707</id>
<parentid>198143</parentid>
<timestamp>2011-07-03T14:15:14Z</timestamp>
<contributor>
<username>MalafayaBot</username>
<id>628</id>
</contributor>
<minor />
<comment>Robô: Substituição de texto automática (-^\=(\s*?)Ido(\s*?)\= +={{-io-}}= &amp; -^\=(\s*?)\{\{io\}\}(\s*?)\= +={{-io-}}=)</comment>
<model>wikitext</model>
<format>text/x-wiki</format>
<text bytes="137" xml:space="preserve">={{-io-}}=
==Substantivo==
'''yusteso'''
:# [[justiça]].
[[Categoria: Substantivo (Ido)]]
[[fr:yusteso]]
[[io:yusteso]]
[[ru:yusteso]]</text>
<sha1>pkcdjkjxugenxlp9fkzt8bjy2p7ghrx</sha1>
</revision>
</page>
