<page>
<title>yutop</title>
<ns>0</ns>
<id>103070</id>
<revision>
<id>1100756</id>
<parentid>424585</parentid>
<timestamp>2011-07-01T18:46:09Z</timestamp>
<contributor>
<username>MalafayaBot</username>
<id>628</id>
</contributor>
<minor />
<comment>Robô: Substituição de texto automática (-\=\s?Volapuque\s?= +={{-vo-}}= &amp; -\=\s?\{\{vo\}\}\s?= +={{-vo-}}=)</comment>
<model>wikitext</model>
<format>text/x-wiki</format>
<text bytes="103" xml:space="preserve">={{-vo-}}=
==Substantivo==
'''yutop'''
# [[utopia]]
[[Categoria:Substantivo (Volapuque)]]
[[vo:yutop]]</text>
<sha1>pd8ob183bmcybhg7iu9ko8yep97yalp</sha1>
</revision>
</page>
