<page>
<title>yuum</title>
<ns>0</ns>
<id>32065</id>
<revision>
<id>2091069</id>
<parentid>1812307</parentid>
<timestamp>2016-04-22T16:36:37Z</timestamp>
<contributor>
<username>Luan</username>
<id>1279</id>
</contributor>
<comment>vide [[Predefinição Discussão:yua#Nome em português]] utilizando [[Project:AutoWikiBrowser|AWB]]</comment>
<model>wikitext</model>
<format>text/x-wiki</format>
<text bytes="228" xml:space="preserve">={{-yua-}}=
==Substantivo==
'''yuum'''
# [[cavalheiro]], [[senhor]]
# [[pai]]
==Sinönimos==
* [[taat]]
* [[taatáa]]
[[Categoria:Substantivo (Iucateco)]]
[[Categoria:Família (Iucateco)]]
[[de:yuum]]
[[es:yuum]]
[[nah:yuum]]</text>
<sha1>e8f2z1nduywyy7wh6ij9c4f4dcd8ete</sha1>
</revision>
</page>
