<page>
<title>yva</title>
<ns>0</ns>
<id>97323</id>
<revision>
<id>2140615</id>
<parentid>1711287</parentid>
<timestamp>2016-06-11T15:05:54Z</timestamp>
<contributor>
<username>UT-interwiki-Bot</username>
<id>56129</id>
</contributor>
<minor />
<comment>Robô: A adicionar: [[sv:yva]]</comment>
<model>wikitext</model>
<format>text/x-wiki</format>
<text bytes="184" xml:space="preserve">={{-gn-}}=
==Substantivo==
'''yva'''
# [[fruta]]
# [[maçã]]
[[Categoria:Substantivo (Guarani)]]
[[Categoria:Fruta (Guarani)]]
[[es:yva]]
[[lt:yva]]
[[mg:yva]]
[[sv:yva]]
[[tr:yva]]</text>
<sha1>cm09joqrvy5fa6gf8cvr31p3nra0tnm</sha1>
</revision>
</page>
