<page>
<page>
<title>yvapytã</title>
<ns>0</ns>
<id>317187</id>
<revision>
<id>2140614</id>
<parentid>1803834</parentid>
<timestamp>2016-06-11T15:05:44Z</timestamp>
<contributor>
<username>UT-interwiki-Bot</username>
<id>56129</id>
</contributor>
<minor />
<comment>Robô: A adicionar: [[hr:yvapytã]]</comment>
<model>wikitext</model>
<format>text/x-wiki</format>
<text bytes="154" xml:space="preserve">={{-gn-}}=
==Substantivo==
'''yvapytã'''
#[[morango]]
[[Categoria:Substantivo (Guarani)]]
[[Categoria:Fruta (Guarani)]]
[[hr:yvapytã]]
[[tr:yvapytã]]</text>
<sha1>1tb5rhgnksczq2ogth24a8hvchf4vfn</sha1>
</revision>
