<page>
<page>
<title>yvapo</title>
<ns>0</ns>
<id>317181</id>
<revision>
<id>1711288</id>
<timestamp>2013-08-12T22:07:25Z</timestamp>
<contributor>
<username>P. S. F. Freitas</username>
<id>25174</id>
</contributor>
<comment>[[Ajuda:Guia de edição/Menus e ferramentas/Sumário de edição|→]] nova página: ={{-gn-}}= ==Substantivo== '''yvapo''' # [[noz]]  [[Categoria:Substantivo (Guarani)]] Categoria:Fruta (Guar...</comment>
<model>wikitext</model>
<format>text/x-wiki</format>
<text bytes="115" xml:space="preserve">={{-gn-}}=
==Substantivo==
'''yvapo'''
# [[noz]]
[[Categoria:Substantivo (Guarani)]]
[[Categoria:Fruta (Guarani)]]</text>
<sha1>tfhav78ktwscpgb9xp41zia261w9n5b</sha1>
</revision>
