<page>
<title>Yvyahyka</title>
<ns>0</ns>
<id>368891</id>
<revision>
<id>2623610</id>
<parentid>2199598</parentid>
<timestamp>2021-02-14T14:13:51Z</timestamp>
<contributor>
<username>ValJor</username>
<id>1358</id>
</contributor>
<comment>Substituindo a [[Especial:Páginas_afluentes/Predefinição:escopoCatLang|predefinição escopoCatLang]] por escopo</comment>
<model>wikitext</model>
<format>text/x-wiki</format>
<text bytes="506" xml:space="preserve">{{Wikipédia|lang=gn|Yvyáfrika}}
[[Imagem:Flag of South Africa.svg|thumb|right|250px|{{centro|Bandeira da África do Sul}}]]
[[Imagem:LocationSouthAfrica.svg|thumb|right|250px|{{centro|Localização da África do Sul}}]]
={{-gn-}}=
==Substantivo==
'''Yvyahyka''', {{gramática|pr}}
# {{escopo|gn|País}} [[África do Sul]]
===Sinônimo===
* [[Yvyáfrika#gn|Yvyáfrika]]
==Ver também==
===No Wikcionário===
{{África/gn}}
[[Categoria:Substantivo (Guarani)]]
[[Categoria:Entrada com imagem (Guarani)]]</text>
<sha1>t79vrtjzuwwpt39erohee60l0u71zw5</sha1>
</revision>
</page>
