<page>
<page>
<title>Yvysudano</title>
<ns>0</ns>
<id>368892</id>
<revision>
<id>2623643</id>
<parentid>2199602</parentid>
<timestamp>2021-02-14T15:35:36Z</timestamp>
<contributor>
<username>ValJor</username>
<id>1358</id>
</contributor>
<comment>Substituindo a [[Especial:Páginas_afluentes/Predefinição:escopoCatLang|predefinição escopoCatLang]] por escopo</comment>
<model>wikitext</model>
<format>text/x-wiki</format>
<text bytes="418" xml:space="preserve">[[Imagem:Flag of the SPLAM.svg|thumb|right|250px|{{centro|Bandeira do Sudão do Sul}}]]
[[Imagem:LocationSouthSudan.svg|thumb|right|250px|{{centro|Localização do Sudão do Sul}}]]
={{-gn-}}=
==Substantivo==
'''Yvysudano''', {{gramática|pr}}
# {{escopo|gn|País}} [[Sudão do Sul]]
==Ver também==
===No Wikcionário===
{{África/gn}}
[[Categoria:Substantivo (Guarani)]]
[[Categoria:Entrada com imagem (Guarani)]]</text>
<sha1>3kvfgb1t2303adj6go721pktl48o7ev</sha1>
</revision>
