<page>
<title>yvytyrusu</title>
<ns>0</ns>
<id>256518</id>
<revision>
<id>2627648</id>
<parentid>1471503</parentid>
<timestamp>2021-03-26T14:58:01Z</timestamp>
<contributor>
<username>ValJor</username>
<id>1358</id>
</contributor>
<comment>Confirmando [[:Categoria:!Entrada criada por robô|verbete criado por robô]]</comment>
<model>wikitext</model>
<format>text/x-wiki</format>
<text bytes="276" xml:space="preserve">[[Imagem:Matterhorn north face.jpg|thumb|right|250px|{{centro|Montanha}}]]
={{-gn-}}=
==Substantivo==
'''yvytyrusu'''
# [[montanha]] (grande elevação de terra)
[[Categoria:Substantivo (Guarani)]]
[[Categoria:Geografia (Guarani)]]
[[Categoria:Entrada com imagem (Guarani)]]</text>
<sha1>1kf4ehxpechgqrakavqxy51040zun2m</sha1>
</revision>
</page>
