<page>
<title>Yvyáfrika</title>
<ns>0</ns>
<id>368890</id>
<revision>
<id>2623604</id>
<parentid>2199596</parentid>
<timestamp>2021-02-14T14:03:46Z</timestamp>
<contributor>
<username>ValJor</username>
<id>1358</id>
</contributor>
<comment>Substituindo a [[Especial:Páginas_afluentes/Predefinição:escopoCatLang|predefinição escopoCatLang]] por escopo</comment>
<model>wikitext</model>
<format>text/x-wiki</format>
<text bytes="493" xml:space="preserve">{{Wikipédia|lang=gn}}
[[Imagem:Flag of South Africa.svg|thumb|right|250px|{{centro|Bandeira da África do Sul}}]]
[[Imagem:LocationSouthAfrica.svg|thumb|right|250px|{{centro|Localização da África do Sul}}]]
={{-gn-}}=
==Substantivo==
'''Yvyáfrika''', {{gramática|pr}}
# {{escopo|gn|País}} [[África do Sul]]
===Sinônimo===
* [[Yvyahyka#gn|Yvyahyka]]
==Ver também==
===No Wikcionário===
{{África/gn}}
[[Categoria:Substantivo (Guarani)]]
[[Categoria:Entrada com imagem (Guarani)]]</text>
<sha1>qusg2mok9wiulozdu36js31qngi525m</sha1>
</revision>
</page>
