<page>
<title>yvága</title>
<ns>0</ns>
<id>229151</id>
<revision>
<id>2627643</id>
<parentid>1803833</parentid>
<timestamp>2021-03-26T13:56:40Z</timestamp>
<contributor>
<username>ValJor</username>
<id>1358</id>
</contributor>
<comment>Confirmando [[:Categoria:!Entrada criada por robô|verbete criado por robô]]</comment>
<model>wikitext</model>
<format>text/x-wiki</format>
<text bytes="230" xml:space="preserve">{{Wikipédia|lang=gn}}
[[Imagem:Skyshot.jpg|thumb|right|250px|{{centro|Céu}}]]
={{-gn-}}=
==Substantivo==
'''yvága'''
# [[céu]] (abóbada celeste)
[[Categoria:Substantivo (Guarani)]]
[[Categoria:Entrada com imagem (Guarani)]]</text>
<sha1>sqsvxecoro1dnemu8ie0lr7qal97wx5</sha1>
</revision>
</page>
