<page>
<page>
<title>yy</title>
<ns>0</ns>
<id>181634</id>
<revision>
<id>2643764</id>
<parentid>2643759</parentid>
<timestamp>2021-07-27T01:20:05Z</timestamp>
<contributor>
<username>ValJor</username>
<id>1358</id>
</contributor>
<minor />
<comment>Revertidas edições por [[Especial:Contribuições/2804:4B0:1188:CB00:9575:D1CA:D904:A19C|2804:4B0:1188:CB00:9575:D1CA:D904:A19C]] para a última versão por [[Especial:Contribuições/JAnDbot|JAnDbot]]</comment>
<model>wikitext</model>
<format>text/x-wiki</format>
<text bytes="184" xml:space="preserve">={{-pt-}}=
==Forma de substantivo==
'''yy''' {{p}}
#plural de '''[[y]]'''
[[Categoria:Forma de substantivo (Português)]].
[[cs:yy]]
[[en:yy]]
[[fi:yy]]
[[fr:yy]]
[[mg:yy]]
[[tr:yy]]</text>
<sha1>cp84943wz4cfx625nhv1a9ymmbkwk82</sha1>
</revision>
