<page>
<page>
<title>yá</title>
<ns>0</ns>
<id>284335</id>
<revision>
<id>2598193</id>
<parentid>2598186</parentid>
<timestamp>2020-10-09T00:43:51Z</timestamp>
<contributor>
<username>ValJor</username>
<id>1358</id>
</contributor>
<minor />
<comment>Protegeu &quot;[[yá]]&quot;: Inserção excessiva de spams ([Editar=Bloquear utilizadores não-registados] (expira a 00h43min de 9 de abril de 2021 (UTC)) [Mover=Bloquear utilizadores não-registados] (expira a 00h43min de 9 de abril de 2021 (UTC)))</comment>
<model>wikitext</model>
<format>text/x-wiki</format>
<text bytes="486" xml:space="preserve">={{-pt-}}=
==Advérbio==
'''yá'''
# ver [[iá]]
[[Categoria:Advérbio (Português)]]
={{-ast-}}=
==Advérbio==
'''yá'''
# [[já]]
[[Categoria:Advérbio (Asturiano)]]
={{-mwl-}}=
==Advérbio==
{{oxítona|yá|língua=mwl}}
# [[já]]
# [[agora]]
==Interjeição==
# Exprime surpresa face à rapidez de uma acção
[[Categoria:Advérbio (Mirandês)]]
[[Categoria:Interjeição (Mirandês)]]
[[ast:yá]]
[[en:yá]]
[[fr:yá]]
[[ko:yá]]
[[lt:yá]]
[[mg:yá]]
[[ru:yá]]
[[th:yá]]</text>
<sha1>99mdrf8v1oqjwv7pwf0arl7drrlrgzy</sha1>
</revision>
