<page>
<title>yágháhookáán</title>
<ns>0</ns>
<id>431105</id>
<revision>
<id>2624130</id>
<timestamp>2021-02-19T11:36:43Z</timestamp>
<contributor>
<username>Yánjidel</username>
<id>80351</id>
</contributor>
<comment>[[Ajuda:Guia de edição/Menus e ferramentas/Sumário de edição|→]] nova página: {{Wikipédia|lang=nv}} ={{-nv-}}= ==Substantivo== '''yágháhookáán''' # [[universo]], espaço  ===Sinónim...</comment>
<model>wikitext</model>
<format>text/x-wiki</format>
<text bytes="287" xml:space="preserve">{{Wikipédia|lang=nv}}
={{-nv-}}=
==Substantivo==
'''yágháhookáán'''
# [[universo]], espaço
===Sinónimos===
* [[yáhoníkááh]]
===Verbetes derivados===
* [[Yágháhookáán biiʼ hólónígíí]]
* [[yágháhoníkáángóó ałánátʼahí]]
[[Categoria:Substantivo (Navajo)]]</text>
<sha1>stbsggmff5v0tdcadixr7vujlv01ujr</sha1>
</revision>
</page>
