<page>
<page>
<title>Yémen</title>
<ns>0</ns>
<id>50685</id>
<revision>
<id>2282706</id>
<parentid>2243156</parentid>
<timestamp>2017-04-27T04:14:41Z</timestamp>
<contributor>
<username>HydrizBot</username>
<id>29590</id>
</contributor>
<minor />
<comment>Robô: A limpar links interwikis antigos</comment>
<model>wikitext</model>
<format>text/x-wiki</format>
<text bytes="165" xml:space="preserve">={{-fr-}}=
==Substantivo==
'''Yémen''' ''próprio''
# [[Iémen]].
==Ver também==
{{Ásia/fr}}
[[Categoria:Substantivo (Francês)]]
[[Categoria:País (Francês)]]</text>
<sha1>6yvw9gau2gak24lqphbkjkf2ed4n2gt</sha1>
</revision>
