<page>
<page>
<title>yérbadu</title>
<ns>0</ns>
<id>419754</id>
<revision>
<id>2573622</id>
<timestamp>2020-01-29T00:36:33Z</timestamp>
<contributor>
<username>Cpls</username>
<id>20608</id>
</contributor>
<comment>[[Ajuda:Guia de edição/Menus e ferramentas/Sumário de edição|→]] nova página: ={{-ast-}}= ==Substantivo== {{flex.ast|ms=yérbadu|mp=yérbados}} {{proparoxítona|yér|ba|du|lang=ast}}, {{g...</comment>
<model>wikitext</model>
<format>text/x-wiki</format>
<text bytes="363" xml:space="preserve">={{-ast-}}=
==Substantivo==
{{flex.ast|ms=yérbadu|mp=yérbados}}
{{proparoxítona|yér|ba|du|lang=ast}}, {{g|m|lang=ast}}
# {{escopo|ast|Árvore}} [[medronheiro]] (''[[species:Arbutus unedo|Arbutus unedo]]'')
===Sinónimos===
* Vide em [[albedru#{{ast}}|albedru]]
=={{etimologia|ast}}==
: Da mesma origem que [[êrvedo]].
[[Categoria:Substantivo (Asturiano)]]</text>
<sha1>6h20ptax4rgl3msvik2u5tt5v13erp5</sha1>
</revision>
