<page>
<title>zaal</title>
<ns>0</ns>
<id>81932</id>
<revision>
<id>2169465</id>
<parentid>2147666</parentid>
<timestamp>2016-09-09T00:25:23Z</timestamp>
<contributor>
<username>UT-interwiki-Bot</username>
<id>56129</id>
</contributor>
<minor />
<comment>Robô: A adicionar: [[et:zaal]]</comment>
<model>wikitext</model>
<format>text/x-wiki</format>
<text bytes="305" xml:space="preserve">={{-nl-}}=
==Substantivo==
'''zaal''' {{m}} (''plural'' '''zalen''', ''diminutivo'' '''zaaltje''')
# [[sala]].
[[Categoria:Substantivo (Holandês)]]
[[chr:zaal]]
[[en:zaal]]
[[et:zaal]]
[[fr:zaal]]
[[hu:zaal]]
[[li:zaal]]
[[mg:zaal]]
[[nl:zaal]]
[[sv:zaal]]
[[tr:zaal]]
[[zh:zaal]]
[[zh-min-nan:zaal]]</text>
<sha1>468hitbgjz5yr3qk2nq1u7skovr54p3</sha1>
</revision>
</page>
