<page>
<title>zaame</title>
<ns>0</ns>
<id>407987</id>
<revision>
<id>2538778</id>
<timestamp>2019-03-12T05:03:27Z</timestamp>
<contributor>
<username>Lo Ximiendo</username>
<id>21963</id>
</contributor>
<comment>[[Ajuda:Guia de edição/Menus e ferramentas/Sumário de edição|→]] nova página: ={{-hrx-}}= ==Verbo== {{paroxítona|zaa|me|lang=hrx}} # [[domesticar]], tornar dócil, [[domar]], [[amansar]]...</comment>
<model>wikitext</model>
<format>text/x-wiki</format>
<text bytes="1404" xml:space="preserve">={{-hrx-}}=
==Verbo==
{{paroxítona|zaa|me|lang=hrx}}
# [[domesticar]], tornar dócil, [[domar]], [[amansar]]
#* ''Er kann de Hund net zaame'' &lt;small&gt;(Ele não consegue domar o cachorro.)&lt;/small&gt;
===Pronúncia===
* [[AFI]]: {{AFI|/ˈt͡sɔːmə/}}
===Conjugação===
{| style=&quot;margin:0em 0.5em 0.5em 0.5em; border: 1px solid #aaa; border-collapse:collapse;&quot; cellpadding=&quot;3&quot; rules=&quot;all&quot;
|-
! style=&quot;background:#f4f4f4;&quot; | Modo
! style=&quot;background:#ffffe0;&quot; | Presente
! style=&quot;background:#ffffe0;&quot; | Pretérito
|-
! style=&quot;background:#f4f4f4;&quot; | &amp;nbsp;Indicativo&amp;nbsp;
| align=&quot;left&quot; |
{|
|-
| ''ich''
| style=&quot;background:#ffffe0;&quot; | ...
|-
| ''du''
| style=&quot;background:#ffffe0;&quot; | ...
|-
| ''er''
| style=&quot;background:#ffffe0;&quot; | ...
|-
| ''meer''
| style=&quot;background:#ffffe0;&quot; | ...
|-
| ''deer''
| style=&quot;background:#ffffe0;&quot; | ...
|-
| ''sie''
| style=&quot;background:#ffffe0;&quot; | ...
|}
| align=&quot;left&quot; |
{|
|-
| ''ich''
| style=&quot;background:#ffffe0;&quot; | ...
|-
| ''du''
| style=&quot;background:#ffffe0;&quot; | ...
|-
| ''er''
| style=&quot;background:#ffffe0;&quot; | ...
|-
| ''meer''
| style=&quot;background:#ffffe0;&quot; | ...
|-
| ''deer''
| style=&quot;background:#ffffe0;&quot; | ...
|-
| ''sie''
| style=&quot;background:#ffffe0;&quot; | ...
|}
|-
|}
==Ver também==
===Referências===
{{verTambém.Ini}}
* https://hunsriqueanoriograndense.wordpress.com/dicionario-werterbuch/
{{verTambém.Fim}}
[[Categoria:Verbo (Hunsriqueano Riograndense)]]</text>
<sha1>2g70cr446rdxjucms5syaicwj49v8m6</sha1>
</revision>
</page>
