<page>
<title>zaartmache</title>
<ns>0</ns>
<id>407986</id>
<revision>
<id>2539780</id>
<parentid>2539779</parentid>
<timestamp>2019-03-21T15:43:16Z</timestamp>
<contributor>
<username>Lo Ximiendo</username>
<id>21963</id>
</contributor>
<model>wikitext</model>
<format>text/x-wiki</format>
<text bytes="1558" xml:space="preserve">={{-hrx-}}=
== Verbo ==
'''zaartmache'''
# [[acariciar]], fazer carinho [especialmente em animais]
#* ''Ich '''mache''' de Katz '''zaart'''.'' &lt;small&gt;(Faço carinho no gato.)&lt;/small&gt;
#* ''Das Kind '''machd''' dem Hund '''zaart'''.'' &lt;small&gt;(A criança acaricia o cachorro.)&lt;/small&gt;
===Pronúncia===
* [[AFI]]: {{AFI|/ˈtsɔːtˌmaxə/}}
&lt;!----
=== Conjugação ===
{| style=&quot;margin:0em 0.5em 0.5em 0.5em; border: 1px solid #aaa; border-collapse:collapse;&quot; cellpadding=&quot;3&quot; rules=&quot;all&quot;
|-
! style=&quot;background:#f4f4f4;&quot; | Modo
! style=&quot;background:#ffffe0;&quot; | Presente
! style=&quot;background:#ffffe0;&quot; | Pretérito
|-
! style=&quot;background:#f4f4f4;&quot; | &amp;nbsp;Indicativo&amp;nbsp;
| align=&quot;left&quot; |
{|
|-
| ''ich''
| style=&quot;background:#ffffe0;&quot; | ...
|-
| ''du''
| style=&quot;background:#ffffe0;&quot; | ...
|-
| ''er''
| style=&quot;background:#ffffe0;&quot; | ...
|-
| ''meer''
| style=&quot;background:#ffffe0;&quot; | ...
|-
| ''deer''
| style=&quot;background:#ffffe0;&quot; | ...
|-
| ''sie''
| style=&quot;background:#ffffe0;&quot; | ...
|}
| align=&quot;left&quot; |
{|
|-
| ''ich''
| style=&quot;background:#ffffe0;&quot; | ...
|-
| ''du''
| style=&quot;background:#ffffe0;&quot; | ...
|-
| ''er''
| style=&quot;background:#ffffe0;&quot; | ...
|-
| ''meer''
| style=&quot;background:#ffffe0;&quot; | ...
|-
| ''deer''
| style=&quot;background:#ffffe0;&quot; | ...
|-
| ''sie''
| style=&quot;background:#ffffe0;&quot; | ...
|}
|-
|}
---&gt;
=={{etimologia|hrx}}==
: [[zaart]] + [[mache]]
== Ver também ==
=== Referências ===
{{verTambém.Ini}}
* https://hunsriqueanoriograndense.wordpress.com/dicionario-werterbuch/
{{verTambém.Fim}}
[[Categoria:Verbo (Hunsriqueano Riograndense)]]</text>
<sha1>7spqfdhewwaypegwyruqwa6iqac4hsq</sha1>
</revision>
</page>
