<page>
<title>zabal</title>
<ns>0</ns>
<id>391712</id>
<revision>
<id>2479760</id>
<timestamp>2018-01-24T18:12:26Z</timestamp>
<contributor>
<username>Tribuno da Plebe</username>
<id>16095</id>
</contributor>
<comment>[[Ajuda:Guia de edição/Menus e ferramentas/Sumário de edição|→]] nova página: ={{-eu-}}= ==Adjetivo== '''zabal'''  # [[amplo]]; [[largo]]; [[vasto]] #* [[mundu]] '''zabaletik''' [[etorri]...</comment>
<model>wikitext</model>
<format>text/x-wiki</format>
<text bytes="481" xml:space="preserve">={{-eu-}}=
==Adjetivo==
'''zabal'''
# [[amplo]]; [[largo]]; [[vasto]]
#* [[mundu]] '''zabaletik''' [[etorri]]tako [[ardo]]ek - &lt;small&gt;vinhos oriundos do vasto mundo&lt;/small&gt;
# {{escopo2|por extensão}} [[generoso]]
#* [[gizon]] '''zabala''' - &lt;small&gt;homem generoso&lt;/small&gt;
===Termos derivados===
* [[zabaleta]]
* [[zabaltasun]]
====Nomes próprios====
{{colunas|2}}
* [[Aristizabal]]
* [[Idiazabal]]
* [[Mendizabal]]
* [[Zabaleta]]
{{colunas/fim}}
[[Categoria:Adjetivo (Basco)]]</text>
<sha1>cqg1euy5bjhynld9rec3ydpeood5ozg</sha1>
</revision>
</page>
