<page>
<page>
<title>zabaione</title>
<ns>0</ns>
<id>167262</id>
<revision>
<id>2140619</id>
<parentid>1491374</parentid>
<timestamp>2016-06-11T15:08:12Z</timestamp>
<contributor>
<username>UT-interwiki-Bot</username>
<id>56129</id>
</contributor>
<minor />
<comment>Robô: A adicionar: [[hu:zabaione]]</comment>
<model>wikitext</model>
<format>text/x-wiki</format>
<text bytes="540" xml:space="preserve">{{Wikipédia}}
={{-pt-}}=
==Substantivo==
{{flex.pt|ms=zabaione|mp=zabaiones}}
{{paroxítona|za|bai|o|ne}}
# [[preparação]] à base de [[gema]]s de [[ovo]]s, [[açúcar]] e [[álcool]] ([[vinho]], [[champanhe]], etc)
===Tradução===
{{tradini}}
* {{trad|fr|sabayon}}
* {{trad|en|zabaglione}}
{{tradmeio}}
* {{trad|it|zabaglione}}
{{tradfim}}
[[Categoria:Substantivo (Português)]]
[[Categoria:Alimentação (Português)]]
[[el:zabaione]]
[[en:zabaione]]
[[fr:zabaione]]
[[hu:zabaione]]
[[it:zabaione]]
[[pl:zabaione]]
[[ru:zabaione]]</text>
<sha1>f7afser2dcckn5mb0s95vxrhwnslql3</sha1>
</revision>
