<page>
<title>Zabelê</title>
<ns>0</ns>
<id>145391</id>
<revision>
<id>2282713</id>
<parentid>1198463</parentid>
<timestamp>2017-04-27T04:15:00Z</timestamp>
<contributor>
<username>HydrizBot</username>
<id>29590</id>
</contributor>
<minor />
<comment>Robô: A limpar links interwikis antigos</comment>
<model>wikitext</model>
<format>text/x-wiki</format>
<text bytes="250" xml:space="preserve">={{-pt-}}=
{{Wikipédia}}
==Substantivo==
'''Zabelê''' {{pr}}
#[[município]] [[brasileiro]] do [[estado]] da [[Paraíba]]
==Ver também==
*[[Apêndice:Municípios do estado da Paraíba]]
[[Categoria:Município do estado da Paraíba (Português)]]</text>
<sha1>sfq8crrsvpxp0iqzr4gf1bot8qilwvh</sha1>
</revision>
</page>
