<page>
<title>zabo</title>
<ns>0</ns>
<id>359365</id>
<revision>
<id>2140628</id>
<parentid>2103285</parentid>
<timestamp>2016-06-11T15:10:49Z</timestamp>
<contributor>
<username>UT-interwiki-Bot</username>
<id>56129</id>
</contributor>
<minor />
<comment>Robô: A adicionar: [[nl:zabo]], [[ro:zabo]]</comment>
<model>wikitext</model>
<format>text/x-wiki</format>
<text bytes="208" xml:space="preserve">={{-eu-}}=
==Substantivo==
'''zabo'''
# [[inchaço]], inflamação
=={{etimologia|eu}}==
: Do proto-basco ''*gabo''. Confronte-se com [[gabança]].
[[Categoria:Substantivo (Basco)]]
[[nl:zabo]]
[[ro:zabo]]</text>
<sha1>juv8ah10h2lx8mno6xsnoiq04c3ghwr</sha1>
</revision>
</page>
