<page>
<page>
<title>zabor</title>
<ns>0</ns>
<id>323334</id>
<revision>
<id>2253826</id>
<parentid>2140627</parentid>
<timestamp>2017-03-17T09:13:48Z</timestamp>
<contributor>
<username>ValJor</username>
<id>1358</id>
</contributor>
<comment>Confirmando [[:Categoria:!Entrada criada por robô|verbete criado por robô]]</comment>
<model>wikitext</model>
<format>text/x-wiki</format>
<text bytes="122" xml:space="preserve">{{Wikipédia|lang=eu}}
={{-eu-}}=
==Substantivo==
'''zabor'''
# [[lixo]]
[[Categoria:Substantivo (Basco)]]
[[pl:zabor]]</text>
<sha1>439r93hje95dn30vmqvx3yjeczj22ad</sha1>
</revision>
