<page>
<page>
<title>zabumbaríeis</title>
<ns>0</ns>
<id>195480</id>
<revision>
<id>2480506</id>
<parentid>2480505</parentid>
<timestamp>2018-01-28T01:04:02Z</timestamp>
<contributor>
<username>MIL973</username>
<id>41339</id>
</contributor>
<model>wikitext</model>
<format>text/x-wiki</format>
<text bytes="215" xml:space="preserve">={{-pt-}}=
==Forma verbal==
{{paroxítona|za|bum|ba|rí|eis}}
# segunda pessoa do plural do futuro do pretérito do indicativo do verbo [[zabumbar]]
{{avi-for-fle|zabumbar}}
[[Categoria:Forma verbal (Português)]]</text>
<sha1>0j8wwipyxeep7dcqb0ulku7sha7ch1t</sha1>
</revision>
