<page>
<page>
<title>zabumbardes</title>
<ns>0</ns>
<id>211101</id>
<revision>
<id>2480467</id>
<parentid>2480466</parentid>
<timestamp>2018-01-28T00:45:42Z</timestamp>
<contributor>
<username>MIL973</username>
<id>41339</id>
</contributor>
<model>wikitext</model>
<format>text/x-wiki</format>
<text bytes="294" xml:space="preserve">={{-pt-}}=
==Forma verbal==
{{paroxítona|za|bum|bar|des}}
# segunda pessoa do plural do futuro do {{PEPB|inline=1|conjuntivo|subjuntivo}} do verbo [[zabumbar]]
# infinitivo pessoal da segunda pessoa do plural do verbo zabumbar
{{avi-for-fle|zabumbar}}
[[Categoria:Forma verbal (Português)]]</text>
<sha1>3whclngk5uc43ts3664nmau0nn925ko</sha1>
</revision>
