<page>
<page>
<title>zabumbai</title>
<ns>0</ns>
<id>221071</id>
<revision>
<id>2480493</id>
<parentid>2480492</parentid>
<timestamp>2018-01-28T00:59:19Z</timestamp>
<contributor>
<username>MIL973</username>
<id>41339</id>
</contributor>
<model>wikitext</model>
<format>text/x-wiki</format>
<text bytes="192" xml:space="preserve">={{-pt-}}=
==Forma verbal==
{{oxítona|za|bum|bai}}
# segunda pessoa do plural do imperativo afirmativo do verbo [[zabumbar]]
{{avi-for-fle|zabumbar}}
[[Categoria:Forma verbal (Português)]]</text>
<sha1>qamwy7lkiyvtm83v2c0u4163vade7dp</sha1>
</revision>
