<page>
<page>
<title>zabumbara</title>
<ns>0</ns>
<id>178278</id>
<revision>
<id>2481218</id>
<parentid>2481217</parentid>
<timestamp>2018-01-29T02:28:21Z</timestamp>
<contributor>
<username>MIL973</username>
<id>41339</id>
</contributor>
<model>wikitext</model>
<format>text/x-wiki</format>
<text bytes="343" xml:space="preserve">{{ver também|zabumbará}}
={{-pt-}}=
==Forma verbal==
{{paroxítona|za|bum|ba|ra}}
# primeira pessoa do singular do pretérito mais-que-perfeito do indicativo do verbo [[zabumbar]]
# terceira pessoa do singular do pretérito mais-que-perfeito do indicativo do verbo zabumbar
{{avi-for-fle|zabumbar}}
[[Categoria:Forma verbal (Português)]]</text>
<sha1>1s3684q47hb4neup3sy4dwki8o5iska</sha1>
</revision>
