<page>
<title>zabumbando</title>
<ns>0</ns>
<id>156825</id>
<revision>
<id>2480495</id>
<parentid>2480494</parentid>
<timestamp>2018-01-28T01:00:00Z</timestamp>
<contributor>
<username>MIL973</username>
<id>41339</id>
</contributor>
<model>wikitext</model>
<format>text/x-wiki</format>
<text bytes="158" xml:space="preserve">={{-pt-}}=
==Forma verbal==
{{paroxítona|za|bum|ban|do}}
# gerúndio do verbo [[zabumbar]]
{{avi-for-fle|zabumbar}}
[[Categoria:Forma verbal (Português)]]</text>
<sha1>oc2vsofagoa2lzagdiyq7nke3ns3bpe</sha1>
</revision>
</page>
