<page>
<title>zabumbávamos</title>
<ns>0</ns>
<id>164063</id>
<revision>
<id>2481254</id>
<parentid>2481252</parentid>
<timestamp>2018-01-29T02:43:14Z</timestamp>
<contributor>
<username>MIL973</username>
<id>41339</id>
</contributor>
<model>wikitext</model>
<format>text/x-wiki</format>
<text bytes="220" xml:space="preserve">={{-pt-}}=
==Forma verbal==
{{proparoxítona|za|bum|bá|va|mos}}
# primeira pessoa do plural do pretérito imperfeito do indicativo do verbo [[zabumbar]]
{{avi-for-fle|zabumbar}}
[[Categoria:Forma verbal (Português)]]</text>
<sha1>ndn5b94zlye42hv1p0yos2ks3m7fu0i</sha1>
</revision>
</page>
