<page>
<title>zabumbem</title>
<ns>0</ns>
<id>216822</id>
<revision>
<id>2480491</id>
<parentid>2480489</parentid>
<timestamp>2018-01-28T00:58:36Z</timestamp>
<contributor>
<username>MIL973</username>
<id>41339</id>
</contributor>
<model>wikitext</model>
<format>text/x-wiki</format>
<text bytes="366" xml:space="preserve">={{-pt-}}=
==Forma verbal==
{{paroxítona|za|bum|bem}}
# terceira pessoa do plural do presente do {{PEPB|inline=1|conjuntivo|subjuntivo}} do verbo [[zabumbar]]
# terceira pessoa do plural do imperativo afirmativo do verbo zabumbar
# terceira pessoa do plural do imperativo negativo do verbo zabumbar
{{avi-for-fle|zabumbar}}
[[Categoria:Forma verbal (Português)]]</text>
<sha1>ldeuth76hnz9sa0upi2cprmdhvccxz1</sha1>
</revision>
</page>
