<page>
<page>
<title>zabumbemos</title>
<ns>0</ns>
<id>215227</id>
<revision>
<id>2480486</id>
<parentid>2480485</parentid>
<timestamp>2018-01-28T00:56:54Z</timestamp>
<contributor>
<username>MIL973</username>
<id>41339</id>
</contributor>
<model>wikitext</model>
<format>text/x-wiki</format>
<text bytes="369" xml:space="preserve">={{-pt-}}=
==Forma verbal==
{{paroxítona|za|bum|be|mos}}
# primeira pessoa do plural do presente do {{PEPB|inline=1|conjuntivo|subjuntivo}} do verbo [[zabumbar]]
# primeira pessoa do plural do imperativo afirmativo do verbo zabumbar
# primeira pessoa do plural do imperativo negativo do verbo zabumbar
{{avi-for-fle|zabumbar}}
[[Categoria:Forma verbal (Português)]]</text>
<sha1>ctt1ns3g4jrvfnw71mpp08gf3a4etns</sha1>
</revision>
