<page>
<title>zabumbarei</title>
<ns>0</ns>
<id>184448</id>
<revision>
<id>2480510</id>
<parentid>2480509</parentid>
<timestamp>2018-01-28T01:06:04Z</timestamp>
<contributor>
<username>MIL973</username>
<id>41339</id>
</contributor>
<model>wikitext</model>
<format>text/x-wiki</format>
<text bytes="209" xml:space="preserve">={{-pt-}}=
==Forma verbal==
{{oxítona|za|bum|ba|rei}}
# primeira pessoa do singular do futuro do presente do indicativo do verbo [[zabumbar]]
{{avi-for-fle|zabumbar}}
[[Categoria:Forma verbal (Português)]]</text>
<sha1>cse1gysvkmpqeabtmm41cdxuufg1v1k</sha1>
</revision>
</page>
