<page>
<page>
<title>zabumbássemos</title>
<ns>0</ns>
<id>199603</id>
<revision>
<id>2480475</id>
<parentid>2480474</parentid>
<timestamp>2018-01-28T00:51:50Z</timestamp>
<contributor>
<username>MIL973</username>
<id>41339</id>
</contributor>
<model>wikitext</model>
<format>text/x-wiki</format>
<text bytes="239" xml:space="preserve">={{-pt-}}=
==Forma verbal==
{{proparoxítona|za|bum|bás|se|mos}}
# primeira pessoa do plural do pretérito do {{PEPB|inline=1|conjuntivo|subjuntivo}} do verbo [[zabumbar]]
{{avi-for-fle|zabumbar}}
[[Categoria:Forma verbal (Português)]]</text>
<sha1>lv0xypzxkigtncwo0vg1qsw7zzk368l</sha1>
</revision>
