<page>
<page>
<title>zabumbaríamos</title>
<ns>0</ns>
<id>194173</id>
<revision>
<id>2480504</id>
<parentid>2480503</parentid>
<timestamp>2018-01-28T01:03:08Z</timestamp>
<contributor>
<username>MIL973</username>
<id>41339</id>
</contributor>
<model>wikitext</model>
<format>text/x-wiki</format>
<text bytes="221" xml:space="preserve">={{-pt-}}=
==Forma verbal==
{{proparoxítona|za|bum|ba|rí|a|mos}}
# primeira pessoa do plural do futuro do pretérito do indicativo do verbo [[zabumbar]]
{{avi-for-fle|zabumbar}}
[[Categoria:Forma verbal (Português)]]</text>
<sha1>nzku4afmzodxjupt9iy8crgeldvwp9n</sha1>
</revision>
