<page>
<title>zabumbásseis</title>
<ns>0</ns>
<id>202444</id>
<revision>
<id>2480477</id>
<parentid>2480476</parentid>
<timestamp>2018-01-28T00:53:06Z</timestamp>
<contributor>
<username>MIL973</username>
<id>41339</id>
</contributor>
<model>wikitext</model>
<format>text/x-wiki</format>
<text bytes="233" xml:space="preserve">={{-pt-}}=
==Forma verbal==
{{paroxítona|za|bum|bás|seis}}
# segunda pessoa do plural do pretérito do {{PEPB|inline=1|conjuntivo|subjuntivo}} do verbo [[zabumbar]]
{{avi-for-fle|zabumbar}}
[[Categoria:Forma verbal (Português)]]</text>
<sha1>odz2plskjd13g95ncxx9utfkckpesv0</sha1>
</revision>
</page>
