<page>
<title>zabumbarem</title>
<ns>0</ns>
<id>212453</id>
<revision>
<id>2480469</id>
<parentid>2480468</parentid>
<timestamp>2018-01-28T00:47:37Z</timestamp>
<contributor>
<username>MIL973</username>
<id>41339</id>
</contributor>
<model>wikitext</model>
<format>text/x-wiki</format>
<text bytes="295" xml:space="preserve">={{-pt-}}=
==Forma verbal==
{{paroxítona|za|bum|ba|rem}}
# terceira pessoa do plural do futuro do {{PEPB|inline=1|conjuntivo|subjuntivo}} do verbo [[zabumbar]]
# infinitivo pessoal da terceira pessoa do plural do verbo zabumbar
{{avi-for-fle|zabumbar}}
[[Categoria:Forma verbal (Português)]]</text>
<sha1>3ls2bhk2wone6te05vu0b0h2pwee6eb</sha1>
</revision>
</page>
