<page>
<page>
<title>zabumbaras</title>
<ns>0</ns>
<id>179770</id>
<revision>
<id>2481220</id>
<parentid>2481219</parentid>
<timestamp>2018-01-29T02:29:09Z</timestamp>
<contributor>
<username>MIL973</username>
<id>41339</id>
</contributor>
<model>wikitext</model>
<format>text/x-wiki</format>
<text bytes="250" xml:space="preserve">{{ver também|zabumbarás}}
={{-pt-}}=
==Forma verbal==
{{paroxítona|za|bum|ba|ras}}
# segunda pessoa do singular do pretérito mais-que-perfeito do indicativo do verbo [[zabumbar]]
{{avi-for-fle|zabumbar}}
[[Categoria:Forma verbal (Português)]]</text>
<sha1>cpnmk96hj0bmnujfbsqfydftfs6pvgi</sha1>
</revision>
