<page>
<title>zabula</title>
<ns>0</ns>
<id>85066</id>
<revision>
<id>2628932</id>
<parentid>1313039</parentid>
<timestamp>2021-04-02T19:11:06Z</timestamp>
<contributor>
<username>ValJor</username>
<id>1358</id>
</contributor>
<comment>Desfazendo uso indevido da predefinição escopo</comment>
<model>wikitext</model>
<format>text/x-wiki</format>
<text bytes="381" xml:space="preserve">={{-kmb-}}=
==Forma verbal==
'''zabula'''
# {{escopo2|Candomblé}} [[disparar|dispara]], dispare
===Nota===
* Este verbete é usado no idioma português dentro do âmbito do candomblé, mas seu uso ainda não foi corroborado pelos grandes dicionários da língua portuguesa.
==Ver também==
===No Wikcionário===
* [[Apêndice:Candomblé]]
[[Categoria:Forma verbal (Quimbundo)]]</text>
<sha1>3jiwi2eh6vvrv1cokicr3dacg2e934i</sha1>
</revision>
</page>
