<page>
<page>
<title>zabumbaste</title>
<ns>0</ns>
<id>172804</id>
<revision>
<id>2481230</id>
<parentid>2481229</parentid>
<timestamp>2018-01-29T02:34:18Z</timestamp>
<contributor>
<username>MIL973</username>
<id>41339</id>
</contributor>
<model>wikitext</model>
<format>text/x-wiki</format>
<text bytes="212" xml:space="preserve">={{-pt-}}=
==Forma verbal==
{{paroxítona|za|bum|bas|te}}
# segunda pessoa do singular do pretérito perfeito do indicativo do verbo [[zabumbar]]
{{avi-for-fle|zabumbar}}
[[Categoria:Forma verbal (Português)]]</text>
<sha1>jvrnso1ndvrwlmuzvr5clhks638mimd</sha1>
</revision>
