<page>
<title>zabumbamos</title>
<ns>0</ns>
<id>158359</id>
<revision>
<id>2481234</id>
<parentid>2481233</parentid>
<timestamp>2018-01-29T02:36:20Z</timestamp>
<contributor>
<username>MIL973</username>
<id>41339</id>
</contributor>
<model>wikitext</model>
<format>text/x-wiki</format>
<text bytes="341" xml:space="preserve">{{grafiaPtbr|zabumbámos}}
={{-pt-}}=
==Forma verbal==
{{paroxítona|za|bum|ba|mos}}
# primeira pessoa do plural do presente do indicativo do verbo [[zabumbar]]
# {{escopo2|Grafia brasileira}} primeira pessoa do plural do pretérito perfeito do indicativo do verbo zabumbar
{{avi-for-fle|zabumbar}}
[[Categoria:Forma verbal (Português)]]</text>
<sha1>sq0si2ejj2zcfr7hs35tcrhy396xexy</sha1>
</revision>
</page>
