<page>
<page>
<title>zabumbarás</title>
<ns>0</ns>
<id>186010</id>
<revision>
<id>2480513</id>
<parentid>2480512</parentid>
<timestamp>2018-01-28T01:07:08Z</timestamp>
<contributor>
<username>MIL973</username>
<id>41339</id>
</contributor>
<model>wikitext</model>
<format>text/x-wiki</format>
<text bytes="237" xml:space="preserve">{{ver também|zabumbaras}}
={{-pt-}}=
==Forma verbal==
{{oxítona|za|bum|ba|rás}}
# segunda pessoa do singular do futuro do presente do indicativo do verbo [[zabumbar]]
{{avi-for-fle|zabumbar}}
[[Categoria:Forma verbal (Português)]]</text>
<sha1>lwiftmx5g9lr7fd6frjlkt6cblfnrus</sha1>
</revision>
