<page>
<title>zabumbasses</title>
<ns>0</ns>
<id>198131</id>
<revision>
<id>2480473</id>
<parentid>2480472</parentid>
<timestamp>2018-01-28T00:50:50Z</timestamp>
<contributor>
<username>MIL973</username>
<id>41339</id>
</contributor>
<model>wikitext</model>
<format>text/x-wiki</format>
<text bytes="233" xml:space="preserve">={{-pt-}}=
==Forma verbal==
{{paroxítona|za|bum|bas|ses}}
# segunda pessoa do singular do pretérito do {{PEPB|inline=1|conjuntivo|subjuntivo}} do verbo [[zabumbar]]
{{avi-for-fle|zabumbar}}
[[Categoria:Forma verbal (Português)]]</text>
<sha1>dj02l0y9qoi7me82tbtne1daewzeqap</sha1>
</revision>
</page>
