<page>
<page>
<title>zaburro</title>
<ns>0</ns>
<id>267578</id>
<revision>
<id>2659356</id>
<parentid>2639018</parentid>
<timestamp>2022-02-05T11:41:07Z</timestamp>
<contributor>
<username>Cpls</username>
<id>20608</id>
</contributor>
<comment>/* {{-gl-}} */</comment>
<model>wikitext</model>
<format>text/x-wiki</format>
<text bytes="1629" xml:space="preserve">={{-pt-}}=
==Adjetivo==
{{flex.pt|ms=zaburro|mp=zaburros|fs=zaburra|fp=zaburras}}
{{paroxítona|za|bur|ro}}
# diz-se de uma [[variedade]] de [[milho]] [[indiano]]
# diz-se de uma espécie de milho avermelhado-escuro cultivado em alguns pontos de Portugal
# {{escopo|pt|Minho|Trás-os-Montes}} qualifica uma variedade de milho mais conhecido por milho das vassoiras
==Substantivo==
{{flex.pt|ms=zaburro|mp=zaburros}}
{{paroxítona|za|bur|ro}}, {{g|m}}
# {{escopo|pt|Agricultura}} [[milho]] [[grosso]] que se semeia basto e se corta verde para alimento de animais 
[[Categoria:Adjetivo (Português)]]
[[Categoria:Substantivo (Português)]]
={{-gl-}}=
==Adjetivo&lt;sup&gt;21&lt;/sup&gt;==
{{flex.gl|ms=zaburro|mp=zaburros|fs=zaburra|fp=zaburra}}
{{paroxítona|za|bur|ro|lang=gl}}
# [[rude]], de pouco entendimento
==={{-varort-}}===
* [[zamurro#{{gl}}|zamurro]]
==={{etimologia|gl}}===
: Variante de {{etimo|gl|zamurro}} por influência de {{etimo|gl|burro}}.
==Adjetivo&lt;sup&gt;2&lt;/sup&gt;==
{{flex.gl|ms=zaburro|mp=zaburros|fs=zaburra|fp=zaburras}}
{{paroxítona|za|bur|ro|lang=gl}}
# qualifica uma espécie de [[milho-miúdo]]
===Verbetes derivados===
* [[milho-zaburro#{{gl}}|milho-zaburro]]
==Substantivo&lt;sup&gt;1&lt;/sup&gt;==
{{flex.gl|ms=zaburro|mp=zaburros}}
{{paroxítona|za|bur|ro|lang=gl}}, {{g|m|lang=gl}}
# {{escopo|gl|canteiros}} [[milho]]
# {{escopo|gl|telheiros}} [[grão]] de cereal que serve de [[penso]] para animais; penso
==={{-varort-}}===
* [[taburro#{{gl}}|taburro]]
==={{etimologia|gl}}===
: Confronte-se com ''[[saburra#{{gl}}|saburra]]''.
[[Categoria:Adjetivo (Galego)]]
[[Categoria:Substantivo (Galego)]]
[[en:zaburro]]</text>
<sha1>eqbzwulja72uywalfj6j99kvxx28ayg</sha1>
</revision>
