<page>
<page>
<title>zabumbavas</title>
<ns>0</ns>
<id>162665</id>
<revision>
<id>2481251</id>
<parentid>2481250</parentid>
<timestamp>2018-01-29T02:42:23Z</timestamp>
<contributor>
<username>MIL973</username>
<id>41339</id>
</contributor>
<model>wikitext</model>
<format>text/x-wiki</format>
<text bytes="214" xml:space="preserve">={{-pt-}}=
==Forma verbal==
{{paroxítona|za|bum|ba|vas}}
# segunda pessoa do singular do pretérito imperfeito do indicativo do verbo [[zabumbar]]
{{avi-for-fle|zabumbar}}
[[Categoria:Forma verbal (Português)]]</text>
<sha1>s92jkqwxy5f1tv8hdob3spc8y4hxvku</sha1>
</revision>
