<page>
<page>
<title>zabumbeira</title>
<ns>0</ns>
<id>332720</id>
<revision>
<id>2480335</id>
<parentid>1896799</parentid>
<timestamp>2018-01-27T00:53:42Z</timestamp>
<contributor>
<username>MIL973</username>
<id>41339</id>
</contributor>
<model>wikitext</model>
<format>text/x-wiki</format>
<text bytes="189" xml:space="preserve">={{-pt-}}=
==Forma de substantivo==
{{paroxítona|za|bum|bei|ra}}, {{gramática|f}}
# feminino de [[zabumbeiro]]
{{avi-for-fle|zabumbeiro}}
[[Categoria:Forma de substantivo (Português)]]</text>
<sha1>jbfcmmuph03kdice8byrg4lv5erd7xs</sha1>
</revision>
