<page>
<title>zabumbares</title>
<ns>0</ns>
<id>208152</id>
<revision>
<id>2480463</id>
<parentid>2480462</parentid>
<timestamp>2018-01-28T00:43:48Z</timestamp>
<contributor>
<username>MIL973</username>
<id>41339</id>
</contributor>
<model>wikitext</model>
<format>text/x-wiki</format>
<text bytes="297" xml:space="preserve">={{-pt-}}=
==Forma verbal==
{{paroxítona|za|bum|ba|res}}
# segunda pessoa do singular do futuro do {{PEPB|inline=1|conjuntivo|subjuntivo}} do verbo [[zabumbar]]
# infinitivo pessoal da segunda pessoa do singular do verbo zabumbar
{{avi-for-fle|zabumbar}}
[[Categoria:Forma verbal (Português)]]</text>
<sha1>bgk702v6r4psaezmhs8dx5lusya4ry5</sha1>
</revision>
</page>
