<page>
<title>zabumbou</title>
<ns>0</ns>
<id>174160</id>
<revision>
<id>2481232</id>
<parentid>2481231</parentid>
<timestamp>2018-01-29T02:35:19Z</timestamp>
<contributor>
<username>MIL973</username>
<id>41339</id>
</contributor>
<model>wikitext</model>
<format>text/x-wiki</format>
<text bytes="207" xml:space="preserve">={{-pt-}}=
==Forma verbal==
{{oxítona|za|bum|bou}}
# terceira pessoa do singular do pretérito perfeito do indicativo do verbo [[zabumbar]]
{{avi-for-fle|zabumbar}}
[[Categoria:Forma verbal (Português)]]</text>
<sha1>c2libujyunjly33qrf1yru26uexl1wu</sha1>
</revision>
</page>
