<page>
<page>
<title>zabumbais</title>
<ns>0</ns>
<id>159770</id>
<revision>
<id>2481262</id>
<parentid>2481261</parentid>
<timestamp>2018-01-29T02:53:37Z</timestamp>
<contributor>
<username>MIL973</username>
<id>41339</id>
</contributor>
<model>wikitext</model>
<format>text/x-wiki</format>
<text bytes="194" xml:space="preserve">={{-pt-}}=
==Forma verbal==
{{oxítona|za|bum|bais}}
# segunda pessoa do plural do presente do indicativo do verbo [[zabumbar]]
{{avi-for-fle|zabumbar}}
[[Categoria:Forma verbal (Português)]]</text>
<sha1>qnk3s73ssxa5ejh2zr3owia3done3e5</sha1>
</revision>
