<page>
<title>zabumbaremos</title>
<ns>0</ns>
<id>188719</id>
<revision>
<id>2480518</id>
<parentid>2480517</parentid>
<timestamp>2018-01-28T01:11:36Z</timestamp>
<contributor>
<username>MIL973</username>
<id>41339</id>
</contributor>
<model>wikitext</model>
<format>text/x-wiki</format>
<text bytes="213" xml:space="preserve">={{-pt-}}=
==Forma verbal==
{{paroxítona|za|bum|ba|re|mos}}
# primeira pessoa do plural do futuro do presente do indicativo do verbo [[zabumbar]]
{{avi-for-fle|zabumbar}}
[[Categoria:Forma verbal (Português)]]</text>
<sha1>34vnlc4uuo9t20f1lp5egkwj96g5u9o</sha1>
</revision>
</page>
