<page>
<page>
<title>zabumbaria</title>
<ns>0</ns>
<id>192821</id>
<revision>
<id>2480499</id>
<parentid>2480497</parentid>
<timestamp>2018-01-28T01:01:21Z</timestamp>
<contributor>
<username>MIL973</username>
<id>41339</id>
</contributor>
<model>wikitext</model>
<format>text/x-wiki</format>
<text bytes="301" xml:space="preserve">={{-pt-}}=
==Forma verbal==
{{paroxítona|za|bum|ba|ri|a}}
# primeira pessoa do singular do futuro do pretérito do indicativo do verbo [[zabumbar]]
# terceira pessoa do singular do futuro do pretérito do indicativo do verbo zabumbar
{{avi-for-fle|zabumbar}}
[[Categoria:Forma verbal (Português)]]</text>
<sha1>amhy2kgh48csw8qiczjacn2jn8w3zyt</sha1>
</revision>
