<page>
<title>zabumbo</title>
<ns>0</ns>
<id>154122</id>
<revision>
<id>2481260</id>
<parentid>2481259</parentid>
<timestamp>2018-01-29T02:51:34Z</timestamp>
<contributor>
<username>MIL973</username>
<id>41339</id>
</contributor>
<model>wikitext</model>
<format>text/x-wiki</format>
<text bytes="198" xml:space="preserve">={{-pt-}}=
==Forma verbal==
{{paroxítona|za|bum|bo}}
# primeira pessoa do singular do presente do indicativo do verbo [[zabumbar]]
{{avi-for-fle|zabumbar}}
[[Categoria:Forma verbal (Português)]]</text>
<sha1>3y3gqurpbuqsx5358mipftve731l9nh</sha1>
</revision>
</page>
