<page>
<title>zabumbe</title>
<ns>0</ns>
<id>213901</id>
<revision>
<id>2480482</id>
<parentid>2480481</parentid>
<timestamp>2018-01-28T00:55:07Z</timestamp>
<contributor>
<username>MIL973</username>
<id>41339</id>
</contributor>
<model>wikitext</model>
<format>text/x-wiki</format>
<text bytes="474" xml:space="preserve">={{-pt-}}=
==Forma verbal==
{{paroxítona|za|bum|be}}
# primeira pessoa do singular do presente do {{PEPB|inline=1|conjuntivo|subjuntivo}} do verbo [[zabumbar]]
# terceira pessoa do singular do presente do {{PEPB|inline=1|conjuntivo|subjuntivo}} do verbo zabumbar
# terceira pessoa do singular do imperativo afirmativo do verbo zabumbar
# terceira pessoa do singular do imperativo negativo do verbo zabumbar
{{avi-for-fle|zabumbar}}
[[Categoria:Forma verbal (Português)]]</text>
<sha1>ovd4jsolk3ci83u9s1nk98ohvwbvebs</sha1>
</revision>
</page>
