<page>
<title>zabumbareis</title>
<ns>0</ns>
<id>190179</id>
<revision>
<id>2480520</id>
<parentid>2480519</parentid>
<timestamp>2018-01-28T01:12:28Z</timestamp>
<contributor>
<username>MIL973</username>
<id>41339</id>
</contributor>
<model>wikitext</model>
<format>text/x-wiki</format>
<text bytes="237" xml:space="preserve">{{ver também|zabumbáreis}}
={{-pt-}}=
==Forma verbal==
{{oxítona|za|bum|ba|reis}}
# segunda pessoa do plural do futuro do presente do indicativo do verbo [[zabumbar]]
{{avi-for-fle|zabumbar}}
[[Categoria:Forma verbal (Português)]]</text>
<sha1>dd4xy5lfzjej4v7az8yvbzt7e3d1gge</sha1>
</revision>
</page>
