<page>
<page>
<title>zabumbámos</title>
<ns>0</ns>
<id>166780</id>
<revision>
<id>2481244</id>
<parentid>2481243</parentid>
<timestamp>2018-01-29T02:37:24Z</timestamp>
<contributor>
<username>MIL973</username>
<id>41339</id>
</contributor>
<model>wikitext</model>
<format>text/x-wiki</format>
<text bytes="269" xml:space="preserve">{{grafiaPtpt|zabumbamos}}
={{-pt-}}=
==Forma verbal==
{{paroxítona|za|bum|bá|mos}}
# {{escopo2|Grafia portuguesa}} primeira pessoa do plural do pretérito perfeito do indicativo do verbo [[zabumbar]]
{{avi-for-fle|zabumbar}}
[[Categoria:Forma verbal (Português)]]</text>
<sha1>p7kbpw5hoybg7bnqiwv1m82qslsyi7s</sha1>
</revision>
