<page>
<title>zabumbas</title>
<ns>0</ns>
<id>155525</id>
<revision>
<id>2480456</id>
<parentid>2235786</parentid>
<timestamp>2018-01-28T00:27:38Z</timestamp>
<contributor>
<username>MIL973</username>
<id>41339</id>
</contributor>
<model>wikitext</model>
<format>text/x-wiki</format>
<text bytes="364" xml:space="preserve">={{-pt-}}=
==Forma de substantivo==
{{paroxítona|za|bum|bas}}, {{gramática|fp}}
# plural de [[zabumba]]
{{avi-for-fle|zabumba}}
==Forma verbal==
{{paroxítona|za|bum|bas}}
# segunda pessoa do singular do presente indicativo do verbo [[zabumbar]]
{{avi-for-fle|zabumbar}}
[[Categoria:Forma de substantivo (Português)]]
[[Categoria:Forma verbal (Português)]]</text>
<sha1>seti4ou218k6hr27ntnvqkywtkq3bcb</sha1>
</revision>
</page>
