<page>
<title>Zacarià</title>
<ns>0</ns>
<id>299934</id>
<revision>
<id>2539364</id>
<parentid>1598875</parentid>
<timestamp>2019-03-17T13:28:32Z</timestamp>
<contributor>
<username>ValJor</username>
<id>1358</id>
</contributor>
<comment>Retirando definições que só devem aparecer no verbete correspondente em português</comment>
<model>wikitext</model>
<format>text/x-wiki</format>
<text bytes="557" xml:space="preserve">{{Wikipédia|lang=ca}}
={{-ca-}}=
==Substantivo==
'''Zacarià''', {{gramática|m|pr}}
# [[Zacarias]]
==={{-varort-}}===
{{verTambém.Ini}}
* {{link opcional|Zacaries|ca}}
{{verTambém.Fim}}
=={{etimologia|ca}}==
{{llietimo|la|Zacharia|ca|ponto=não}} variante de {{etimo|la|Zacharias}} que veio do {{etm|grc|ca}} {{etimo|grc|Ζαχαρίας}} e este do {{etm|hbo|ca}} {{etimo|hbo|זכריהו}} ''(zekaryâh)''. Significa ''Deus se lembrou''.
[[Categoria:Substantivo (Catalão)]]
[[Categoria:Antropônimo (Catalão)]]
[[Categoria:Religião (Catalão)]]</text>
<sha1>poimxfhz1va74jj5a2qplhhf212afzx</sha1>
</revision>
</page>
