<page>
<page>
<title>zacatochin</title>
<ns>0</ns>
<id>425279</id>
<revision>
<id>2593121</id>
<parentid>2593120</parentid>
<timestamp>2020-07-29T03:03:40Z</timestamp>
<contributor>
<username>Marrovi</username>
<id>27953</id>
</contributor>
<model>wikitext</model>
<format>text/x-wiki</format>
<text bytes="181" xml:space="preserve">={{-nci-}}=
==Substantivo==
'''za.ca.toch.in'''
# {{escopo|nci|mamífero}} [[zacatuche]], coelho dos vulcãos
{{categorias|{{nci}}|Substantivo|Polissílabo|Ortografia normalizada}}</text>
<sha1>52gdmf6wan9l57ds4kg43q7bmpnk7le</sha1>
</revision>
