<page>
<page>
<title>zacacintli</title>
<ns>0</ns>
<id>437742</id>
<revision>
<id>2649254</id>
<parentid>2649250</parentid>
<timestamp>2021-09-27T18:32:57Z</timestamp>
<contributor>
<ip>2806:105E:F:9FA0:45A5:5F85:C5BB:B1CE</ip>
</contributor>
<model>wikitext</model>
<format>text/x-wiki</format>
<text bytes="122" xml:space="preserve">={{-nhn-}}=
==Substantivo==
'''zacacintli'''
# [[trigo]]
{{categorias|{{nhn}}|Substantivo|Polissílabo|Planta|Amecameca}}</text>
<sha1>4uavbpr0wbucgsguvj3wnszhleadkbj</sha1>
</revision>
