<page>
<page>
<title>Zacairiá</title>
<ns>0</ns>
<id>416443</id>
<revision>
<id>2564280</id>
<timestamp>2019-12-02T16:48:17Z</timestamp>
<contributor>
<username>Leonardo José Raimundo</username>
<id>43489</id>
</contributor>
<comment>Eu estou criando o nome &quot;Zacairiá&quot;.</comment>
<model>wikitext</model>
<format>text/x-wiki</format>
<text bytes="205" xml:space="preserve">={{-ga-}}=
==Substantivo==
{{oxítona|Za|cai|ri|á|lang=ga}}
# {{escopo|ga|Cristianismo|religião}} [[Zacarias]]
==Ver também==
===No Wikcionário===
{{bíblia/ga}}
[[Categoria:Substantivo (Irlandês)]]</text>
<sha1>ka21rjrswjk5mq6hiwlvcdulad6twpf</sha1>
</revision>
