<page>
<title>zacarienses</title>
<ns>0</ns>
<id>325928</id>
<revision>
<id>2163476</id>
<parentid>1877661</parentid>
<timestamp>2016-08-26T11:04:28Z</timestamp>
<contributor>
<username>MIL973</username>
<id>41339</id>
</contributor>
<model>wikitext</model>
<format>text/x-wiki</format>
<text bytes="340" xml:space="preserve">={{-pt-}}=
==Forma de adjetivo==
{{paroxítona|za|ca|ri|en|ses}}, {{gramática|c2gp}}
# plural de [[zacariense]]
==Forma de substantivo==
{{paroxítona|za|ca|ri|en|ses}}, {{gramática|c2gp}}
# plural de [[zacariense]]
{{avi-for-fle|zacariense}}
[[Categoria:Forma de adjetivo (Português)]]
[[Categoria:Forma de substantivo (Português)]]</text>
<sha1>l0acx687iyjtayv9oc1nhf3sgcxz5qx</sha1>
</revision>
</page>
