<page>
<title>Zacaries</title>
<ns>0</ns>
<id>299935</id>
<revision>
<id>2539438</id>
<parentid>1598871</parentid>
<timestamp>2019-03-18T10:42:03Z</timestamp>
<contributor>
<username>ValJor</username>
<id>1358</id>
</contributor>
<comment>Retirando definições que só devem aparecer no verbete correspondente em português</comment>
<model>wikitext</model>
<format>text/x-wiki</format>
<text bytes="553" xml:space="preserve">{{Wikipédia|lang=ca}}
={{-ca-}}=
==Substantivo==
'''Zacaries''', {{gramática|m|pr}}
# [[Zacarias]]
===Variante===
{{verTambém.Ini}}
* {{link opcional|Zacarià|ca}}
{{verTambém.Fim}}
=={{etimologia|ca}}==
{{llietimo|la|Zacharia|ca|ponto=não}} variante de {{etimo|la|Zacharias}} que veio do {{etm|grc|ca}} {{etimo|grc|Ζαχαρίας}} e este do {{etm|hbo|ca}} {{etimo|hbo|זכריהו}} ''(zekaryâh)''. Significa ''Deus se lembrou''.
[[Categoria:Substantivo (Catalão)]]
[[Categoria:Antropônimo (Catalão)]]
[[Categoria:Religião (Catalão)]]</text>
<sha1>8c15mq5svif36rtlffp8ilffpou3msn</sha1>
</revision>
</page>
