<page>
<title>Zacarias</title>
<ns>0</ns>
<id>137164</id>
<revision>
<id>2684306</id>
<parentid>2599386</parentid>
<timestamp>2022-07-23T03:06:31Z</timestamp>
<contributor>
<username>Leonardo José Raimundo</username>
<id>43489</id>
</contributor>
<comment>Eu estou traduzindo o nome &quot;Zacarias&quot; para o georgiano (ზაქარია) e lavukaleve (Zechariah).</comment>
<model>wikitext</model>
<format>text/x-wiki</format>
<text bytes="4344" xml:space="preserve">{{Wikipédia}}
{{Wikipédia|Zacarias (São Paulo)}}
={{-pt-}}=
==Substantivo==
{{flex.pt|ms=Zacarias|mp=Zacarias}}
{{paroxítona|Za|ca|ri|as}}, {{gramática|pr|m2n}}
# {{escopo|pt|Antropônimo}} [[Apêndice:Prenomes em português|prenome]] masculino
# {{escopo|pt|Cristianismo|religião}} livro do [[Velho Testamento]] da [[Bíblia]]
# {{escopo|pt|Município do estado de São Paulo}} [[Apêndice:Gentílicos e topónimos em português/Brasil/São Paulo|município brasileiro do estado de São Paulo]]
===Tradução===
{{tradini}}
* {{trad|af|Sagaria}}
* {{trad|de|Secharja|Sacharja}}
* {{t|ar|زكرياء||Zakariyya'}}
* {{trad|an|Zacarías}}
* {{t|hy|Զաքարիա||Zak'aria}}
* {{trad|ast|Zacarías}}
* {{trad|eu|Zakarias}}
* {{trad|br|Zec'haria}}
* {{trad|yue|撒迦利亞書|撒迦利亚书}} (saat³ gaa¹ lei&lt;sup&gt;6&lt;/sup&gt; aa³ syu¹)
* {{trad|ca|Zacarià|Zacaries}}
* {{t|kk|Зәкәрия||Zäkärïya}}
* {{trad|ceb|Zacarías}}
* {{trad|cs|Zachariáš}}
* {{trad|zh|撒迦利亞書|撒迦利亚书}} (Sājiālìyàshū)
* {{trad|co|Zachària}}
* {{trad|da|Zakarias}}
* {{trad|sco|Zechariah}}
* {{trad|sk|Zachariáš}}
* {{trad|sl|Zaharija}}
* {{trad|es|Zacarías}}
* {{trad|eo|Zeĥarja}}
* {{trad|et|Sakarja}}
* {{trad|fo|Sakaris}}
* {{trad|fi|Sakarja}}
* {{trad|fr|Zacharie}}
* {{trad|fy|Sacharja}}
* {{trad|gd|Sechariah}}
* {{trad|gl|Zacarías}}
* {{trad|cy|Sechareia}}
* {{t|ka|ზაქარია||Zakaria}}
* {{t|el|Ζαχαρίας||Zakharías}}
* {{t|grc|Ζαχαρίας||Zakharías}}
* {{trad|kl|Zakaria}}
* {{trad|ht|Zakari}}
* {{trad|haw|Zakaria}}
* {{t|he|זכריהו||Zekaryâh}}
* {{trad|nl|Zecharja}}
* {{trad|hu|Zakariás}}
{{tradmeio}}
* {{trad|io|Zakarias}}
* {{trad|en|Zachary|Zachariah|Zechariah}}
* {{trad|ia|Zacharia}}
* {{trad|ga|Zacairiá}}
* {{trad|is|Sakarías}}
* {{trad|it|Zaccaria}}
* {{t|ja|ゼカリヤ||Zekariya}}
* {{trad|la|Zacharias}}
* {{trad|lvk|Zechariah}}
* {{trad|lv|Caharija}}
* {{trad|li|Zacharia}}
* {{trad|lt|Zacharijo knyga}}
* {{trad|ms|Zakharia}}
* {{trad|mt|Żakkarija}}
* {{trad|cmn|撒迦利亚书|撒迦利亞書}} (Sājiālìyàshū)
* {{trad|gv|Zechariah}}
* {{trad|mi|Hakaraia}}
* {{t|cdo|撒賈利亞書||Sák-gā-lé-ă-cṳ̆}}
* {{trad|zdj|Zakariya}}
* {{trad|no|Sakarias|Sakarja}}
* {{trad|oc|Jacariá}}
* {{t|or|ଯିଖରିୟ ଭବିଷ୍ୟ‌ଦ୍‌ବକ୍ତାଙ୍କ ପୁସ୍ତକ||Jikhôriyô bhôbiṣyô‌d‌bôktaṅkô pustôkô}}
* {{t|fa|زکریا||Zakariyâ}}
* {{trad|pl|Zachariasz}}
* {{t|pa|ਜ਼ਕਰਯਾਹ||Zakaryāh}}
* {{trad|ro|Zaharia}}
* {{t|ru|Захария||Zakhariya}}
* {{trad|scn|Zaccarìa}}
* {{t|ckb|زەکەریا‎||Zekerya}}
* {{trad|sw|Zekaria}}
* {{trad|sv|Sakarias|Sakarja}}
* {{trad|tl|Zacarias}}
* {{trad|tr|Zekeriya}}
* {{t|uk|Захарій||Zakhariy̆}}
* {{t|ur|کتاب زکریاہ||Sifr Zakariyā}}
* {{trad|vi|Dacaria|Zacaria}}
* {{trad|war|Sacarías}}
* {{trad|zea|Zacharia}}
{{tradfim}}
==Forma de substantivo==
{{paroxítona|Za|ca|ri|as}}, {{gramática|pr|m2n}}
# plural de Zacarias
{{avi-for-fle|Zacarias}}
=={{etimologia|pt}}==
: Do [[latim]] {{etimo|la|Zacharias}}, que veio do [[grego antigo]] {{etimo|grc|Ζαχαρίας}} ''(Zakharías)'' e este do hebraico {{etimo|he|זכריהו}} ''(Zekaryâh)''. Significa ''Deus se lembrou''.
==Ver também==
===No Wikcionário===
* [[zacariense]]
====Wikisaurus====
* [[Wikisaurus:religião|religião]]
{{bíblia/pt}}
==Ligações externas==
* [http://www.zacarias.sp.gov.br/ Prefeitura de Zacarias (São Paulo)]
[[Categoria:Substantivo (Português)]]
[[Categoria:Forma de substantivo (Português)]]
[[Categoria:Entrada de étimo grego antigo (Português)]]
[[Categoria:Entrada de étimo latino (Português)]]
={{-tl-}}=
==Substantivo==
{{paroxítona|Za|ca|ri|as|lang=tl}}, {{gramática|pr|m|lang=tl}}
# {{escopo|tl|Antropônimo}} [[Zacarias#{{pt}}|Zacarias]]
# {{escopo|tl|Cristianismo|religião}} [[Zacarias#{{pt}}|Zacarias]]
=={{etimologia|tl}}==
: Do [[latim]] {{etimo|la|Zacharias}}, que veio do [[grego antigo]] {{etimo|grc|Ζαχαρίας}} e este do hebraico {{etimo|he|זכריהו}} ''(Zekaryâh)''. Significa ''Deus se lembrou''.
==Ver também==
===No Wikcionário===
{{bíblia/tl}}
[[Categoria:Substantivo (Tagalo)]]
[[Categoria:Entrada de étimo grego antigo (Tagalo)]]
[[Categoria:Entrada de étimo latino (Tagalo)]]</text>
<sha1>hz6x781zukkns0frz87ovroduj4jhxc</sha1>
</revision>
</page>
