<page>
<title>zacamiztli</title>
<ns>0</ns>
<id>425274</id>
<revision>
<id>2593114</id>
<parentid>2593113</parentid>
<timestamp>2020-07-29T02:50:27Z</timestamp>
<contributor>
<username>Marrovi</username>
<id>27953</id>
</contributor>
<model>wikitext</model>
<format>text/x-wiki</format>
<text bytes="156" xml:space="preserve">={{-nci-}}=
==Substantivo==
'''za.ca.miz.tli'''
# {{escopo|nci|mamífero}} [[lince]]
{{categorias|{{nci}}|Substantivo|Polissílabo|Ortografia normalizada}}</text>
<sha1>rvs0sxliwkbakiid803xi88ij4vs0mu</sha1>
</revision>
</page>
