<page>
<page>
<title>Zaccaria</title>
<ns>0</ns>
<id>299884</id>
<revision>
<id>2539360</id>
<parentid>2282716</parentid>
<timestamp>2019-03-17T12:45:02Z</timestamp>
<contributor>
<username>ValJor</username>
<id>1358</id>
</contributor>
<comment>Retirando definições que só devem aparecer no verbete correspondente em português</comment>
<model>wikitext</model>
<format>text/x-wiki</format>
<text bytes="467" xml:space="preserve">{{Wikipédia|lang=it}}
={{-it-}}=
==Substantivo==
'''Zaccaria''', {{gramática|m|pr}}
# [[Zacarias]]
=={{etimologia|it}}==
{{llietimo|la|Zacharia|it|ponto=não}} variante de {{etimo|la|Zacharias}} que veio do {{etm|grc|it}} {{etimo|grc|Ζαχαρίας}} e este do {{etm|hbo|it}} {{etimo|hbo|זכריהו}} ''(zekaryâh)''. Significa ''Deus se lembrou''.
[[Categoria:Substantivo (Italiano)]]
[[Categoria:Antropônimo (Italiano)]]
[[Categoria:Religião (Italiano)]]</text>
<sha1>159t1zh9mcdhsprqz4mlb4exwqzqueo</sha1>
</revision>
