<page>
<title>zacear</title>
<ns>0</ns>
<id>359169</id>
<revision>
<id>2600819</id>
<parentid>2187808</parentid>
<timestamp>2020-11-02T09:52:45Z</timestamp>
<contributor>
<username>Cpls</username>
<id>20608</id>
</contributor>
<comment>/* {{-gl-}} */</comment>
<model>wikitext</model>
<format>text/x-wiki</format>
<text bytes="517" xml:space="preserve">={{-gl-}}=
==Verbo==
{{oxítona|za|ce|ar|lang=gl}}
# {{escopo2|fonologia}} [[cecear]], [[pronunciar]] as sibilantes, o som das fricativas alveolares, como uma fricativa dental surda não-sibilante, /θ/
===Sinónimo===
* [[zarabetear#{{gl}}|zarabetear]]
=={{etimologia|gl}}==
: {{escopo|Morfologia}} De ''[[zaceo#Galego|zaceo]]''  + ''[[-ar#Galego|ar]]''. Confronte-se com [[zazo#{{gl}}|zazo]].
=={{pronúncia|gl}}==
* [[AFI]]: /θa.θe.'ar/
[[Categoria:Verbo (Galego)]]
[[es:zacear]]
[[et:zacear]]
[[zh:zacear]]</text>
<sha1>gp4754jwquodsq86v9jyutcknusjbd5</sha1>
</revision>
</page>
