<page>
<page>
<title>Zacharie</title>
<ns>0</ns>
<id>299886</id>
<revision>
<id>2539295</id>
<parentid>2282721</parentid>
<timestamp>2019-03-16T10:31:15Z</timestamp>
<contributor>
<username>ValJor</username>
<id>1358</id>
</contributor>
<comment>Retirando definições que só devem aparecer no verbete correspondente em português</comment>
<model>wikitext</model>
<format>text/x-wiki</format>
<text bytes="467" xml:space="preserve">{{Wikipédia|lang=fr}}
={{-fr-}}=
==Substantivo==
'''Zacharie''', {{gramática|m|pr}}
# [[Zacarias]]
=={{etimologia|fr}}==
{{llietimo|la|Zacharia|ro|ponto=não}} variante de {{etimo|la|Zacharias}} que veio do {{etm|grc|ro}} {{etimo|grc|Ζαχαρίας}} e este do {{etm|hbo|ro}} {{etimo|hbo|זכריהו}} ''(zekaryâh)''. Significa ''Deus se lembrou''.
[[Categoria:Substantivo (Francês)]]
[[Categoria:Antropônimo (Francês)]]
[[Categoria:Religião (Francês)]]</text>
<sha1>7p1ryzyj7ctj7m0gqu5qim9qgsmtgtn</sha1>
</revision>
