<page>
<title>zachód</title>
<ns>0</ns>
<id>371952</id>
<revision>
<id>2220679</id>
<parentid>2220675</parentid>
<timestamp>2017-01-08T16:33:48Z</timestamp>
<contributor>
<username>RobokoBot</username>
<id>56179</id>
</contributor>
<minor />
<comment>Robô: A adicionar: az, chr, cs, el, en, eo, eu, fi, fr, hu, io, it, ja, ko, ku, la, lt, mg, pl, ro, ru, sv, ta, tr, uk, zh</comment>
<model>wikitext</model>
<format>text/x-wiki</format>
<text bytes="774" xml:space="preserve">={{-pl-}}=
== Substantivo ==
{{paroxítona|za|chód|lang=pl}}, {{gramática|m}}
# [[pôr]] ([[pôr do sol|do sol]], da [[lua]], do [[planeta]] ou do [[outro]] [[objeto]] [[celeste]])
# [[oeste]] ([[direção]] [[geográfico|geográfica]])
# [[região]] ou regiões situadas a oeste
==Ver também==
===No Wikcionário===
{{pontos_cardeais/pl}}
[[Categoria:Substantivo (Polonês)]]
[[az:zachód]]
[[chr:zachód]]
[[cs:zachód]]
[[el:zachód]]
[[en:zachód]]
[[eo:zachód]]
[[eu:zachód]]
[[fi:zachód]]
[[fr:zachód]]
[[hu:zachód]]
[[io:zachód]]
[[it:zachód]]
[[ja:zachód]]
[[ko:zachód]]
[[ku:zachód]]
[[la:zachód]]
[[lt:zachód]]
[[mg:zachód]]
[[pl:zachód]]
[[ro:zachód]]
[[ru:zachód]]
[[sv:zachód]]
[[ta:zachód]]
[[tr:zachód]]
[[uk:zachód]]
[[zh:zachód]]</text>
<sha1>qb4r8qr28gye2ntld32jn8mrb7zhy9d</sha1>
</revision>
</page>
