<page>
<page>
<title>Zachary</title>
<ns>0</ns>
<id>299889</id>
<revision>
<id>2282724</id>
<parentid>2041417</parentid>
<timestamp>2017-04-27T04:15:30Z</timestamp>
<contributor>
<username>HydrizBot</username>
<id>29590</id>
</contributor>
<minor />
<comment>Robô: A limpar links interwikis antigos</comment>
<model>wikitext</model>
<format>text/x-wiki</format>
<text bytes="921" xml:space="preserve">{{Wikipédia|lang=en}}
={{-en-}}=
==Substantivo==
'''Zachary''', {{pr}} {{m}}
# [[Zacarias]]
===Variantes===
{{verTambém.Ini}}
* {{link opcional|Zacharias|en}}
{{verTambém.NovaColuna}}
* {{link opcional|Zachariah|en}}
{{verTambém.NovaColuna}}
* {{link opcional|Zechariah|en}}
{{verTambém.Fim}}
=={{etimologia|en}}==
:Do [[francês]] {{etimo|fr|Zacharie}} que veio do [[latim]] {{etimo|la|Zacharia}} variante de {{etimo|la|Zacharias}} vindo do [[grego antigo]] {{etimo|grc|Ζαχαρίας}} e este do [[hebraico]] {{etimo|he|זכריהו}} ''(zekaryâh)''. Significa ''Deus se lembrou''.
===Termos derivados===
{{verTambém.Ini}}
* {{link opcional|Zack|en}}
{{verTambém.NovaColuna}}
* {{link opcional|Zak|en}}
{{verTambém.NovaColuna}}
{{verTambém.Fim}}
[[Categoria:Substantivo (Inglês)]]
[[Categoria:Antropônimo (Inglês)]]
[[Categoria:Entrada de étimo francês (Inglês)]]
[[Categoria:Religião (Inglês)]]</text>
<sha1>908bbmikndob8uzouj9v0xtiwy7435o</sha1>
</revision>
