<page>
<page>
<title>Zachier</title>
<ns>0</ns>
<id>147778</id>
<revision>
<id>2628917</id>
<parentid>2282725</parentid>
<timestamp>2021-04-02T15:38:18Z</timestamp>
<contributor>
<username>ValJor</username>
<id>1358</id>
</contributor>
<comment>Acrescentando código de língua à [[:Categoria:!Página com mensagem de erro em predefinição|predefinição escopo]]</comment>
<model>wikitext</model>
<format>text/x-wiki</format>
<text bytes="607" xml:space="preserve">{{Wikipédia|lang=li|Kongo (Kinshasa)}}
[[Imagem:Flag of the Democratic Republic of the Congo.svg|thumb|right|250px|{{centro|Bandeira da República Democrática do Congo}}]]
[[Imagem:LocationDRCongo.svg|thumb|right|250px|{{centro|Localização da República Democrática do Congo}}]]
={{-li-}}=
==Substantivo==
'''Zachier''', {{gramática|pr}}
# {{escopo|li|País}} [[República Democrática do Congo]]
===Sinônimo===
* [[Democratische Rippebliek vaan de Kongo]]
==Ver também==
===No Wikcionário===
{{África/li}}
[[Categoria:Substantivo (Limburguês)]]
[[Categoria:Entrada com imagem (Limburguês)]]</text>
<sha1>s36c1a35k67byieq0gjjroq0377l7eh</sha1>
</revision>
