<page>
<title>Zachariah</title>
<ns>0</ns>
<id>299895</id>
<revision>
<id>2282719</id>
<parentid>1599677</parentid>
<timestamp>2017-04-27T04:15:16Z</timestamp>
<contributor>
<username>HydrizBot</username>
<id>29590</id>
</contributor>
<minor />
<comment>Robô: A limpar links interwikis antigos</comment>
<model>wikitext</model>
<format>text/x-wiki</format>
<text bytes="751" xml:space="preserve">{{Wikipédia|lang=en}}
={{-en-}}=
==Substantivo==
'''Zachariah''', {{pr}} {{m}}
# [[Zacarias]]
# [[décimo]] [[quarto]] [[rei]] de [[Israel]].
===Variantes===
{{verTambém.Ini}}
* {{link opcional|Zacharias|en}}
{{verTambém.NovaColuna}}
* {{link opcional|Zachary|en}}
{{verTambém.NovaColuna}}
* {{link opcional|Zechariah|en}}
{{verTambém.Fim}}
=={{etimologia|en}}==
:Do [[latim]] {{etimo|la|Zacharia}} variante de {{etimo|la|Zacharias}} vindo do [[grego antigo]] {{etimo|grc|Ζαχαρίας}} e este do [[hebraico]] {{etimo|he|זכריהו}} ''(zekaryâh)''. Significa ''Deus se lembrou''.
[[Categoria:Substantivo (Inglês)]]
[[Categoria:Antropônimo (Inglês)]]
[[Categoria:Entrada de étimo latino (Inglês)]]
[[Categoria:Religião (Inglês)]]</text>
<sha1>jkkqt7jg7z0jiu07uwlcowrna5c97bp</sha1>
</revision>
</page>
