<page>
<page>
<title>Zachària</title>
<ns>0</ns>
<id>427228</id>
<revision>
<id>2598768</id>
<timestamp>2020-10-18T01:04:44Z</timestamp>
<contributor>
<username>Leonardo José Raimundo</username>
<id>43489</id>
</contributor>
<comment>Já terminei de criar verbetes com os livros do Antigo Testamento em corso no Wikcionário em português.</comment>
<model>wikitext</model>
<format>text/x-wiki</format>
<text bytes="203" xml:space="preserve">={{-co-}}=
==Substantivo==
{{paroxítona|Za|chà|ria|lang=co}}
# {{escopo|co|Cristianismo|religião}} [[Zacarias]]
==Ver também==
===No Wikcionário===
{{bíblia/co}}
[[Categoria:Substantivo (Corso)]]</text>
<sha1>awr33nbt0dy2ds9tlwqcperm5hys1dz</sha1>
</revision>
