<page>
<page>
<title>zacote</title>
<ns>0</ns>
<id>346600</id>
<revision>
<id>2243970</id>
<parentid>2225858</parentid>
<timestamp>2017-02-24T11:54:44Z</timestamp>
<contributor>
<username>Cpls</username>
<id>20608</id>
</contributor>
<comment>/* {{-gl-}} */</comment>
<model>wikitext</model>
<format>text/x-wiki</format>
<text bytes="346" xml:space="preserve">={{-gl-}}=
==Substantivo==
{{flex.gl|ms=zacote|mp=zacotes}}
{{paroxítona|za|co|te|lang=gl}}, {{g|m|lang=gl}}
# [[bácoro|bacorinho]]
=={{etimologia|gl}}==
: Talvez derivado de ''[[maçacote#Galego|maçacote]]''. Confronte-se com ''[[azacotar#Galego|azacotar]]'' e ''[[zocote#{{gl}}|zocote]]''.
[[Categoria:Substantivo (Galego)]]
[[gl:zacote]]</text>
<sha1>baf4vrjkd5fhjidnlxy2u9hehcu8tfr</sha1>
</revision>
