<page>
<page>
<title>zacônio</title>
<ns>0</ns>
<id>260508</id>
<revision>
<id>2553944</id>
<parentid>1201263</parentid>
<timestamp>2019-09-16T09:49:41Z</timestamp>
<contributor>
<username>ValJor</username>
<id>1358</id>
</contributor>
<comment>Acrescentando código de língua à [[:Categoria:!Página com mensagem de erro em predefinição|predefinição escopo]]</comment>
<model>wikitext</model>
<format>text/x-wiki</format>
<text bytes="321" xml:space="preserve">={{-pt-}}=
==Substantivo==
{{proparoxítona aparente|za|cô|ni|o}}, {{g|m}}
# {{escopo|pt|Linguística}} [[dialeto]] [[grego]] [[moderno]] falado em vilarejos na região leste do [[Peloponeso]]
==={{-varort-}}===
* [[tsacônio]]
==Ligações externas==
* {{Aulete}}
* {{VOLPABL}}
[[Categoria:Substantivo (Português)]]</text>
<sha1>iuwvpxhkl476b938gtwq39gyhsu2tlk</sha1>
</revision>
