<page>
<page>
<title>zadi</title>
<ns>0</ns>
<id>337075</id>
<revision>
<id>1900048</id>
<timestamp>2015-03-17T13:30:35Z</timestamp>
<contributor>
<username>Luis Gabriel Moraes Dias</username>
<id>11628</id>
</contributor>
<comment>[[Ajuda:Guia de edição/Menus e ferramentas/Sumário de edição|→]] nova página: ={{-lfn-}}= ==Verbo== {{paroxítona|za|di|lang=lfn}} # [[cavar]] com [[enxada]].  ===Conjugação=== {{conj.l...</comment>
<model>wikitext</model>
<format>text/x-wiki</format>
<text bytes="402" xml:space="preserve">={{-lfn-}}=
==Verbo==
{{paroxítona|za|di|lang=lfn}}
# [[cavar]] com [[enxada]].
===Conjugação===
{{conj.lfn|lat=zadi|cir=зади}}
===Grafias alternativas===
* '''[[alfabeto cirílico|Alfabeto cirílico]]:''' {{l.s.|зади|{{lfn}}}}
===Termos derivados===
{{verTambém.Ini}}
* {{link opcional|zada|lfn}}
{{verTambém.NovaColuna}}
{{verTambém.Fim}}
{{categorias|{{nome categoria|lfn}}|Verbo}}</text>
<sha1>cko6b75y91pjq315vpe7355np7e0ckw</sha1>
</revision>
