<page>
<page>
<title>zafar</title>
<ns>0</ns>
<id>331034</id>
<revision>
<id>2553940</id>
<parentid>2140634</parentid>
<timestamp>2019-09-16T09:41:33Z</timestamp>
<contributor>
<username>ValJor</username>
<id>1358</id>
</contributor>
<comment>Acrescentando código de língua à [[:Categoria:!Página com mensagem de erro em predefinição|predefinição escopo]]</comment>
<model>wikitext</model>
<format>text/x-wiki</format>
<text bytes="534" xml:space="preserve">={{-gl-}}=
==Verbo==
{{oxítona|za|far|lang=gl}}
# [[safar#Português|safar]], libertar
# {{escopo|gl|Arcaísmo}} [[cobrir]]
# [[embaçar]]
# [[ornar]], enfeitar
# [[safar#Português|safar]]-se, [[fugir]]
# [[ir]] embora
# [[defecar]] por si
# [[sujar]] a [[cara]]
# {{escopo2|Por extensão}} [[sujar]], tisnar
# [[lançar]] um objeto com desprezo à cara
# [[injuriar]]
# [[embotar]] o [[gume]]
# [[cansar]]
==={{-varort-}}===
* [[safar#Galego|safar]]
==Ver também==
===No Wikcionário===
* [[safra]]
[[Categoria:Verbo (Galego)]]</text>
<sha1>auf4qsgq2ctopnrszfwszba7hd8p1ys</sha1>
</revision>
