<page>
<page>
<title>zafimeiras</title>
<ns>0</ns>
<id>329043</id>
<revision>
<id>2664410</id>
<parentid>2664407</parentid>
<timestamp>2022-03-09T13:07:37Z</timestamp>
<contributor>
<username>MIL973</username>
<id>41339</id>
</contributor>
<model>wikitext</model>
<format>text/x-wiki</format>
<text bytes="506" xml:space="preserve">={{-pt-}}=
==Forma de adjetivo==
{{flex.pt|ms=zafimeiro|mp=zafimeiros|fs=zafimeira|fp=zafimeiras}}
{{paroxítona|za|fi|mei|ras}}, {{gramática|fp}}
# feminino plural de [[zafimeiro]]
{{avi-for-fle|zafimeiro}}
==Forma de substantivo==
{{flex.pt|ms=zafimeiro|mp=zafimeiros|fs=zafimeira|fp=zafimeiras}}
{{paroxítona|za|fi|mei|ras}}, {{gramática|fp}}
# feminino plural de [[zafimeiro]]
{{avi-for-fle|zafimeiro}}
[[Categoria:Forma de adjetivo (Português)]]
[[Categoria:Forma de substantivo (Português)]]</text>
<sha1>jastofpf2eerfjddxdjvmuzxo413xyq</sha1>
</revision>
