<page>
<title>zafiar</title>
<ns>0</ns>
<id>387947</id>
<revision>
<id>2469378</id>
<timestamp>2017-12-10T22:32:42Z</timestamp>
<contributor>
<username>Imivorn</username>
<id>64513</id>
</contributor>
<comment>[[Ajuda:Guia de edição/Menus e ferramentas/Sumário de edição|→]] nova página: ={{-mwl-}}= ==Verbo== {{oxítona|za|fi|ar|língua=mwl}} # [[desafiar]]  ===Conjugação=== {{conj.mwl.ar|zafi...</comment>
<model>wikitext</model>
<format>text/x-wiki</format>
<text bytes="151" xml:space="preserve">={{-mwl-}}=
==Verbo==
{{oxítona|za|fi|ar|língua=mwl}}
# [[desafiar]]
===Conjugação===
{{conj.mwl.ar|zafi||zafí}}
[[Categoria:Verbo (Mirandês)]]</text>
<sha1>kg91do38mwliba66k3zc5r1ygdxjkjt</sha1>
</revision>
</page>
