<page>
<title>zafimeiros</title>
<ns>0</ns>
<id>329044</id>
<revision>
<id>2664411</id>
<parentid>2664408</parentid>
<timestamp>2022-03-09T13:08:11Z</timestamp>
<contributor>
<username>MIL973</username>
<id>41339</id>
</contributor>
<model>wikitext</model>
<format>text/x-wiki</format>
<text bytes="488" xml:space="preserve">={{-pt-}}=
==Forma de adjetivo==
{{flex.pt|ms=zafimeiro|mp=zafimeiros|fs=zafimeira|fp=zafimeiras}}
{{paroxítona|za|fi|mei|ros}}, {{gramática|mp}}
# plural de [[zafimeiro]]
{{avi-for-fle|zafimeiro}}
==Forma de substantivo==
{{flex.pt|ms=zafimeiro|mp=zafimeiros|fs=zafimeira|fp=zafimeiras}}
{{paroxítona|za|fi|mei|ros}}, {{gramática|mp}}
# plural de [[zafimeiro]]
{{avi-for-fle|zafimeiro}}
[[Categoria:Forma de adjetivo (Português)]]
[[Categoria:Forma de substantivo (Português)]]</text>
<sha1>n0a4e7cav7ow0nnhgf2pwo1at53fj85</sha1>
</revision>
</page>
