<page>
<page>
<title>zagala</title>
<ns>0</ns>
<id>319459</id>
<revision>
<id>2207239</id>
<parentid>2140631</parentid>
<timestamp>2016-12-05T21:50:20Z</timestamp>
<contributor>
<username>UT-interwiki-Bot</username>
<id>56129</id>
</contributor>
<minor />
<comment>Robô: A adicionar: [[mg:zagala]]</comment>
<model>wikitext</model>
<format>text/x-wiki</format>
<text bytes="185" xml:space="preserve">={{-pt-}}=
==Forma de substantivo==
{{paroxítona|za|ga|la}}
# feminino de [[zagal]]
{{avi-for-fle|zagal}}
[[Categoria:Forma de substantivo (Português)]]
[[en:zagala]]
[[mg:zagala]]</text>
<sha1>ob1fdddep7hl0vosrhu8963q2t41qeo</sha1>
</revision>
