<page>
<title>zagal</title>
<ns>0</ns>
<id>43273</id>
<revision>
<id>1998011</id>
<parentid>1803867</parentid>
<timestamp>2015-09-06T13:18:10Z</timestamp>
<contributor>
<username>HydrizBot</username>
<id>29590</id>
</contributor>
<minor />
<comment>Robô: A adicionar: [[eo:zagal]], [[mg:zagal]]</comment>
<model>wikitext</model>
<format>text/x-wiki</format>
<text bytes="474" xml:space="preserve">={{-pt-}}=
==Substantivo==
'''za.&lt;u&gt;gal&lt;/u&gt;''' ''masculino''
# [[pastor]].
#: &quot;''Deus nos guie e conserve sempre unidos,&lt;br&gt;Como suas ovelhas o '''zagal'''.''&quot;&lt;sub&gt; — [[s:Hino do município de Barretos|Hino do município de Barretos]]&lt;/sub&gt;
[[Categoria:Substantivo (Português)]]
[[Categoria:Dissílabo (Português)]]
[[Categoria:Oxítona (Português)]]
[[en:zagal]]
[[eo:zagal]]
[[hu:zagal]]
[[io:zagal]]
[[ja:zagal]]
[[ko:zagal]]
[[mg:zagal]]
[[pl:zagal]]
[[zh:zagal]]</text>
<sha1>r9pmtso4zyesulwrv9h6zxbj5h5l4pi</sha1>
</revision>
</page>
