<page>
<title>zagaiar</title>
<ns>0</ns>
<id>75704</id>
<revision>
<id>1653959</id>
<parentid>1562470</parentid>
<timestamp>2013-02-14T21:11:25Z</timestamp>
<contributor>
<username>ValJor</username>
<id>1358</id>
</contributor>
<comment>Por um [[Especial:Lonelypages|wikcionário sem órfãos]]: [[zagaiámos]]</comment>
<model>wikitext</model>
<format>text/x-wiki</format>
<text bytes="259" xml:space="preserve">={{-pt-}}=
==Verbo==
{{oxítona|za|gai|ar}}, ''transitivo''
# [[arremessar]] [[zagaia]]s
# o mesmo que [[azagaiar]]
===Conjugação===
{{conj/pt|zagai|ar}}
=={{etimologia|pt}}==
: {{escopo|Morfologia}} [[zagaia]] + [[-ar]].
[[Categoria:Verbo (Português)]]</text>
<sha1>nh4jhhygs9swf48rs7w2cye9gmj8o7i</sha1>
</revision>
</page>
