<page>
<title>zagoaterica</title>
<ns>0</ns>
<id>215563</id>
<revision>
<id>1321995</id>
<parentid>806008</parentid>
<timestamp>2011-12-05T17:51:25Z</timestamp>
<contributor>
<username>MalafayaBot</username>
<id>628</id>
</contributor>
<minor />
<comment>Robô: Substituição de texto automática (-^\=(\s*?)(\{\{roa-tal\}\}|Talian)(\s*?)\= +={{-roa-tal-}}=)</comment>
<model>wikitext</model>
<format>text/x-wiki</format>
<text bytes="109" xml:space="preserve">={{-roa-tal-}}=
==Substantivo==
'''zagoaterica''' {{f}}
# [[jaguatirica]]
[[Categoria:Substantivo (Talian)]]</text>
<sha1>5t51nxuii9am93b9g77100bgiiipcr2</sha1>
</revision>
</page>
