<page>
<title>zagre</title>
<ns>0</ns>
<id>367668</id>
<revision>
<id>2193514</id>
<timestamp>2016-11-03T20:07:58Z</timestamp>
<contributor>
<username>Cpls</username>
<id>20608</id>
</contributor>
<comment>[[Ajuda:Guia de edição/Menus e ferramentas/Sumário de edição|→]] nova página: ={{-pt-}}= ==Substantivo== {{flex.pt|ms=zagre|mp=zagres}} {{paroxítona|za|gre}}, {{g|m}} # {{escopo|pt|Medic...</comment>
<model>wikitext</model>
<format>text/x-wiki</format>
<text bytes="594" xml:space="preserve">={{-pt-}}=
==Substantivo==
{{flex.pt|ms=zagre|mp=zagres}}
{{paroxítona|za|gre}}, {{g|m}}
# {{escopo|pt|Medicina}} [[erupção]] úmida na pele da cabeça das crianças que [[mamar|mamam]], com [[pústula]]s e crostas
==={{-varort-}}===
* [[usagre]]
=={{etimologia|pt}}==
: Confronte-se com [[zagrão]] e [[zagrento]] e com o galego ''[[sagre#{{gl}}|sagre]]''.
[[Categoria:Substantivo (Português)]]
={{-gl-}}=
==Substantivo==
{{flex.gl|ms=zagre|mp=zagres}}
{{paroxítona|za|gre|lang=gl}}, {{g|m|lang=gl}}
# {{escopo|gl|Medicina}} [[zagre#{{pt}}|zagre]]
[[Categoria:Substantivo (Galego)]]</text>
<sha1>3ed67pos10t5mcptwundqaxve6ann2m</sha1>
</revision>
</page>
