<page>
<title>zagrebino</title>
<ns>0</ns>
<id>58718</id>
<revision>
<id>1959218</id>
<parentid>1937304</parentid>
<timestamp>2015-07-07T13:16:51Z</timestamp>
<contributor>
<username>ValJor</username>
<id>1358</id>
</contributor>
<comment>Melhorando a apresentação do verbete</comment>
<model>wikitext</model>
<format>text/x-wiki</format>
<text bytes="1032" xml:space="preserve">={{-pt-}}=
==Adjetivo==
{{flex.pt|ms=zagrebino|mp=zagrebinos|fs=zagrebina|fp=zagrebinas|ms-div=za.gre.{{grifar|bi}}.no|mp-div=za.gre.{{grifar|bi}}.nos|fs-div=za.gre.{{grifar|bi}}.na|fp-div=za.gre.{{grifar|bi}}.nas}}
{{paroxítona|za|gre|bi|no}}, {{m}}
# relativo à [[cidade]] de [[Zagreb|Zagrebe]], [[Croácia]]
# relativo aos [[habitante]]s dessa cidade
{{pularLinhas|2}}
==Substantivo==
{{flex.pt|ms=zagrebino|mp=zagrebinos|fs=zagrebina|fp=zagrebinas|ms-div=za.gre.{{grifar|bi}}.no|mp-div=za.gre.{{grifar|bi}}.nos|fs-div=za.gre.{{grifar|bi}}.na|fp-div=za.gre.{{grifar|bi}}.nas}}
{{paroxítona|za|gre|bi|no}}, {{m}}
# [[indivíduo]] nascido na cidade de [[Zagreb|Zagrebe]], [[Croácia]]
# [[habitante]] dessa cidade
{{pularLinhas|2}}
=={{etimologia|pt}}==
: {{escopo|Morfologia}} ''[[Zagreb]]'' + ''[[-ino]]''.
=={{pronúncia|pt}}==
===Brasil===
* [[AFI]]: {{AFI|/za.gɾe.ˈbi.nu/}}
* [[X-SAMPA]]: /za.g4e.&quot;bi.nu/
[[Categoria:Adjetivo (Português)]]
[[Categoria:Substantivo (Português)]]
[[Categoria:Gentílico (Português)]]</text>
<sha1>dgd86ius78rs0xpw2dq5v1olo9rit5j</sha1>
</revision>
</page>
