<page>
<title>zagueiro</title>
<ns>0</ns>
<id>52775</id>
<revision>
<id>2502861</id>
<parentid>2502860</parentid>
<timestamp>2018-05-16T11:24:00Z</timestamp>
<contributor>
<username>Askekamo</username>
<id>60711</id>
</contributor>
<model>wikitext</model>
<format>text/x-wiki</format>
<text bytes="910" xml:space="preserve">{{Wikipédia}}
={{-pt-}}=
==Substantivo==
{{flex.pt|ms=zagueiro|mp=zagueiros}}
{{paroxítona|za|guei|ro}}, {{g|m}}
# {{escopo|pt|Futebol}} [[jogador]] basicamente encarregado da [[defesa]]
===Sinônimos===
* De '''1''': [[beque]]
===Tradução===
{{tradini|De 1}}
* {{trad|de|Verteidiger}} ''m''
* {{trad|fi|pakki}}
* {{trad|fr|arrière}} ''m''
* {{trad|nl|verdediger}}
{{tradmeio}}
* {{trad|en|back}}
* {{trad|is|varnarmaður}}
* {{trad|it|terzino}}
{{tradfim}}
===Verbetes Derivados===
{{verTambém.Ini}}
* [[zagueiro-central]]
{{verTambém.NovaColuna}}
* [[quarto-zagueiro]]
{{verTambém.Fim}}
=={{etimologia|pt}}==
{{llietimo|es|zaguero|pt}}
==Ver também==
===No Wikcionário===
{{verTambém.Ini}}
* [[botinudo]]
{{verTambém.NovaColuna}}
* [[centeralfo]]
{{verTambém.Fim}}
[[Categoria:Substantivo (Português)]]
[[Categoria:Desporto (Português)]]
[[chr:zagueiro]]
[[en:zagueiro]]
[[mg:zagueiro]]</text>
<sha1>4k590ce95om6vwzwuz8l5avoq7zrnjn</sha1>
</revision>
</page>
