<page>
<page>
<title>zagé</title>
<ns>0</ns>
<id>16976</id>
<revision>
<id>2685499</id>
<parentid>1011424</parentid>
<timestamp>2022-08-06T09:33:40Z</timestamp>
<contributor>
<username>ValJor</username>
<id>1358</id>
</contributor>
<comment>Já fazia mais de dez anos que ninguém atualizava esse verbete</comment>
<model>wikitext</model>
<format>text/x-wiki</format>
<text bytes="95" xml:space="preserve">={{-cri-}}=
==Substantivo==
'''zagé'''
# [[azagaia]]
[[Categoria:Substantivo (São-tomense)]]</text>
<sha1>j9zwjkl2tlfals2c9yf84jp2o136t4b</sha1>
</revision>
