<page>
<page>
<title>Zaharija</title>
<ns>0</ns>
<id>385081</id>
<revision>
<id>2456573</id>
<timestamp>2017-10-22T22:35:46Z</timestamp>
<contributor>
<username>Leonardo José Raimundo</username>
<id>43489</id>
</contributor>
<comment>Eu estou criando o nome &quot;Zaharija&quot;.</comment>
<model>wikitext</model>
<format>text/x-wiki</format>
<text bytes="239" xml:space="preserve">={{-sl-}}=
==Substantivo==
{{paroxítona|Za|ha|ri|ja|lang=sl}}
# {{escopo|sl|Cristianismo|religião}} [[Zacarias]]
===Declinação===
{{decl.sl.subst.masc.2|Zaharij|o}}
==Ver também==
{{bíblia/sl}}
[[Categoria:Substantivo (Esloveno)]]</text>
<sha1>mua1s7hdo86ez4w7bzrsjflvbn3h49b</sha1>
</revision>
