<page>
<title>zahlen</title>
<ns>0</ns>
<id>40861</id>
<revision>
<id>2656937</id>
<parentid>2454995</parentid>
<timestamp>2022-01-04T15:27:51Z</timestamp>
<contributor>
<username>Jeuwre</username>
<id>61717</id>
</contributor>
<comment>audio</comment>
<model>wikitext</model>
<format>text/x-wiki</format>
<text bytes="461" xml:space="preserve">={{-de-}}=
==Verbo==
{{paroxítona|zah|len|lang=de}}
# ''(transitivo)'' [[pagar]]
===Conjugação===
{{conj.de.fraca|radical=zahl|particípio ii=gezahlt|verbo auxiliar=haben}}
{{conj.de.fraca.completa|radical=zahl|particípio ii=gezahlt|verbo auxiliar=haben}}
[[Categoria:Verbo regular (Alemão)]]
=={{etimologia|de}}==
: Do [[alto alemão antigo]] ''zalōn''.
=={{pronúncia|de}}==
* [[AFI]]: {{AFI|/ˈt͡saːlən/|de}} {{audio|De-zahlen.ogg|ouvir|lang=de}}</text>
<sha1>h0zlen1bch335bma2cdtp8fite1i4jr</sha1>
</revision>
</page>
