<page>
<title>zahlreich</title>
<ns>0</ns>
<id>33350</id>
<revision>
<id>2154520</id>
<parentid>2145249</parentid>
<timestamp>2016-07-30T20:32:00Z</timestamp>
<contributor>
<username>JAnDbot</username>
<id>25083</id>
</contributor>
<minor />
<comment>Robô: A adicionar: [[cs:zahlreich]]</comment>
<model>wikitext</model>
<format>text/x-wiki</format>
<text bytes="775" xml:space="preserve">={{-de-}}=
==Adjetivo==
{{decl.de.adj.grau|
normal=zahlreich
|comparativo=zahlreicher
|superlativo=am zahlreichsten
}}
{{paroxítona|zahl|reich}}
# [[numeroso]]
===Sinônimos===
* [[vielzählig]]
* [[zahllos]]
===Antônimos===
* [[wenig]]
=={{pronúncia|de}}==
* [[AFI]]: {{IPA|[ˈtsaːlʁaɪ̯ç]|lang=de}}
* {{audio|De-zahlreich.ogg|Áudio|lang=de}}
=={{etimologia|de}}==
:Da composição de ''[[Zahl]]'' (&quot;número&quot;) + ''[[-reich]]'' (&quot;-oso&quot;).
[[Categoria:Adjetivo (Alemão)]]
[[chr:zahlreich]]
[[cs:zahlreich]]
[[de:zahlreich]]
[[en:zahlreich]]
[[et:zahlreich]]
[[fr:zahlreich]]
[[hu:zahlreich]]
[[id:zahlreich]]
[[io:zahlreich]]
[[ko:zahlreich]]
[[ku:zahlreich]]
[[mg:zahlreich]]
[[pl:zahlreich]]
[[ru:zahlreich]]
[[sv:zahlreich]]
[[tr:zahlreich]]
[[zh:zahlreich]]</text>
<sha1>spfgfvhv8b5xlkouksb9vy2jkur4uwo</sha1>
</revision>
</page>
