<page>
<title>Zahlen</title>
<ns>0</ns>
<id>116545</id>
<revision>
<id>2687992</id>
<parentid>2687990</parentid>
<timestamp>2022-09-07T03:44:38Z</timestamp>
<contributor>
<username>Tribuno da Plebe</username>
<id>16095</id>
</contributor>
<minor />
<comment>Revertidas edições por [[Especial:Contribuições/179.125.34.145|179.125.34.145]] para a última versão por [[Especial:Contribuições/Jeuwre|Jeuwre]]</comment>
<model>wikitext</model>
<format>text/x-wiki</format>
<text bytes="281" xml:space="preserve">={{-de-}}=
==Forma de substantivo==
'''{{grifar|Zah}}.len'''
# plural de [[Zahl]] (''&quot;número&quot;'')
[[Categoria:Forma de substantivo (Alemão)]]
=={{pronúncia|de}}==
* [[AFI]]: {{AFI|/ˈt͡saːlən/|de}} {{audio|De-Zahlen.ogg|ouvir|lang=de}} {{audio|De-Zahlen2.ogg|ouvir|lang=de}}</text>
<sha1>60n4m9va8xjwqr8l0kro0u3npp0556r</sha1>
</revision>
</page>
