<page>
<title>zahr</title>
<ns>0</ns>
<id>416185</id>
<revision>
<id>2563431</id>
<timestamp>2019-11-26T17:37:58Z</timestamp>
<contributor>
<username>MalafayaBot</username>
<id>628</id>
</contributor>
<comment>Criada automaticamente a partir das traduções em [[veneno]]</comment>
<model>wikitext</model>
<format>text/x-wiki</format>
<text bytes="154" xml:space="preserve">={{-fa-}}=
==Substantivo==
'''zahr'''
# [[veneno]] (tóxico, peçonha)
{{página-automática|novembro|2019|veneno|fa}}
[[Categoria:Substantivo (Persa)]]</text>
<sha1>no1smts3el4nkwtx6q7uw6okruzszrm</sha1>
</revision>
</page>
