<page>
<page>
<title>zahuatl</title>
<ns>0</ns>
<id>436070</id>
<revision>
<id>2643674</id>
<timestamp>2021-07-25T14:33:34Z</timestamp>
<contributor>
<ip>2806:105E:F:52FF:10D1:5FC1:30B4:1985</ip>
</contributor>
<comment>[[Ajuda:Guia de edição/Menus e ferramentas/Sumário de edição|→]] nova página: ={{-nci-}}= ==Substantivo== '''za.huatl''' # [[sarna]]  {{categorias|{{nci}}|Substantivo|Dissílabo|Medicina|Ortografia normalizada}}</comment>
<model>wikitext</model>
<format>text/x-wiki</format>
<text bytes="133" xml:space="preserve">={{-nci-}}=
==Substantivo==
'''za.huatl'''
# [[sarna]]
{{categorias|{{nci}}|Substantivo|Dissílabo|Medicina|Ortografia normalizada}}</text>
<sha1>h2gwnsh4x08tqlrmztg03igft43envp</sha1>
</revision>
