<page>
<title>zai</title>
<ns>0</ns>
<id>85068</id>
<revision>
<id>2628911</id>
<parentid>2140630</parentid>
<timestamp>2021-04-02T15:03:39Z</timestamp>
<contributor>
<username>ValJor</username>
<id>1358</id>
</contributor>
<comment>Desfazendo uso indevido da predefinição escopo</comment>
<model>wikitext</model>
<format>text/x-wiki</format>
<text bytes="386" xml:space="preserve">={{-kmb-}}=
==Substantivo==
'''zai'''
# {{escopo2|Candomblé}} [[sossego]], [[paz]], [[tranquilidade]]
===Nota===
* Este verbete é usado no idioma português dentro do âmbito do candomblé, mas seu uso ainda não foi corroborado pelos grandes dicionários da língua portuguesa.
==Ver também==
===No Wikcionário===
* [[Apêndice:Candomblé]]
[[Categoria:Substantivo (Quimbundo)]]</text>
<sha1>ajfzpj3ucy3mldy8m6ll2eupu1l77pl</sha1>
</revision>
</page>
