<page>
<title>zaia</title>
<ns>0</ns>
<id>366982</id>
<revision>
<id>2188070</id>
<parentid>2187950</parentid>
<timestamp>2016-10-27T15:32:55Z</timestamp>
<contributor>
<username>RobokoBot</username>
<id>56179</id>
</contributor>
<minor />
<comment>Robô: A adicionar: ca, es, mg, pl</comment>
<model>wikitext</model>
<format>text/x-wiki</format>
<text bytes="487" xml:space="preserve">[[Imagem:UMBILICUS RUPESTRIS - LLAVORSÍ - IB-834 (Barretets).JPG|thumb|200px|right|&lt;center&gt;Zaia&lt;/center&gt;]]
={{-gl-}}=
==Substantivo==
{{flex.gl|fs=zaia|fp=zaias}}
{{paroxítona|zai|a|lang=gl}}, {{g|f|lang=gl}}
# {{escopo|gl|Flor}} haste [[floral]] do [[umbigo-de-vénus]], (''[[species:Umbilicus rupestris|Umbilicus rupestris]]'')
==={{etimologia|gl}}===
: Aparentada com ''[[azaia#{{gl}}|azaia]]''.
[[Categoria:Substantivo (Galego)]]
[[ca:zaia]]
[[es:zaia]]
[[mg:zaia]]
[[pl:zaia]]</text>
<sha1>6jop4sdwtdjx2sc18nvk33qc5z0t26p</sha1>
</revision>
</page>
