<page>
<title>zaine</title>
<ns>0</ns>
<id>437581</id>
<revision>
<id>2649122</id>
<parentid>2648981</parentid>
<timestamp>2021-09-25T22:52:55Z</timestamp>
<contributor>
<username>Leonardo José Raimundo</username>
<id>43489</id>
</contributor>
<comment>Eu estou colocando a versão em italiano da palavra &quot;zaine&quot;.</comment>
<model>wikitext</model>
<format>text/x-wiki</format>
<text bytes="850" xml:space="preserve">={{-pt-}}=
==Substantivo==
{{paroxítona|zai|ne}}
# {{escopo|pt|Letra}} [[sétimo|sétima]] letra do [[alfabeto hebraico]] (ז), correspondente ao Z [[latino]]
==Ver também==
===No Wikcionário===
{{letras hebraicas/pt}}
[[Categoria:Substantivo (Português)]]
={{-es-}}=
==Substantivo==
{{paroxítona|zai|ne|lang=es}}
# {{escopo|es|Letra}} [[zaine#{{pt}}|zaine]], [[sétimo|sétima]] letra do [[alfabeto hebraico]] (ז), correspondente ao Z [[latino]]
==Ver também==
===No Wikcionário===
{{letras hebraicas/es}}
[[Categoria:Substantivo (Espanhol)]]
={{-it-}}=
==Substantivo==
{{paroxítona|zai|ne|lang=it}}
# {{escopo|it|Letra}} [[zaine#{{pt}}|zaine]], [[sétimo|sétima]] letra do [[alfabeto hebraico]] (ז), correspondente ao Z [[latino]]
==Ver também==
===No Wikcionário===
{{letras hebraicas/it}}
[[Categoria:Substantivo (Italiano)]]</text>
<sha1>kx162tcfrf4d6zrsupp1n7y2qcjlv7y</sha1>
</revision>
</page>
