<page>
<title>Zair</title>
<ns>0</ns>
<id>131471</id>
<revision>
<id>2628470</id>
<parentid>2282731</parentid>
<timestamp>2021-04-01T23:16:05Z</timestamp>
<contributor>
<username>ValJor</username>
<id>1358</id>
</contributor>
<comment>Acrescentando código de língua à [[:Categoria:!Página com mensagem de erro em predefinição|predefinição escopo]]</comment>
<model>wikitext</model>
<format>text/x-wiki</format>
<text bytes="610" xml:space="preserve">{{Wikipédia|lang=sk|Konžská demokratická republika}}
[[Imagem:Flag of the Democratic Republic of the Congo.svg|thumb|right|250px|{{centro|Bandeira da República Democrática do Congo}}]]
[[Imagem:LocationDRCongo.svg|thumb|right|250px|{{centro|Localização da República Democrática do Congo}}]]
={{-sk-}}=
==Substantivo==
'''Zair''', {{gramática|pr}}
# {{escopo|sk|País}} [[República Democrática do Congo]]
===Sinônimo===
* [[Konžská demokratická republika]]
==Ver também==
===No Wikcionário===
{{África/sk}}
[[Categoria:Substantivo (Eslovaco)]]
[[Categoria:Entrada com imagem (Eslovaco)]]</text>
<sha1>d541htlel9iagnawjlp9j0r3xgr4eux</sha1>
</revision>
</page>
