<page>
<title>Zaire</title>
<ns>0</ns>
<id>128487</id>
<revision>
<id>2633191</id>
<parentid>2628458</parentid>
<timestamp>2021-05-06T09:37:01Z</timestamp>
<contributor>
<username>ValJor</username>
<id>1358</id>
</contributor>
<minor />
<comment>Melhorando a apresentação do verbete</comment>
<model>wikitext</model>
<format>text/x-wiki</format>
<text bytes="609" xml:space="preserve">{{Wikipédia|lang=an|Republica Democratica d'o Congo}}
[[Imagem:Flag of the Democratic Republic of the Congo.svg|thumb|right|250px|{{centro|Bandeira da República Democrática do Congo}}]]
[[Imagem:LocationDRCongo.svg|thumb|right|250px|{{centro|Localização da República Democrática do Congo}}]]
={{-an-}}=
==Substantivo==
'''Zaire''', {{gramática|pr}}
# {{escopo|an|País}} [[República Democrática do Congo]]
===Sinônimo===
* [[Republica Democratica d'o Congo]]
==Ver também==
===No Wikcionário===
{{África/an}}
[[Categoria:Substantivo (Aragonês)]]
[[Categoria:Entrada com imagem (Aragonês)]]</text>
<sha1>83wb495uzyksjdkf2ot0ic2ajwr75yi</sha1>
</revision>
</page>
