<page>
<page>
<title>zait</title>
<ns>0</ns>
<id>31886</id>
<revision>
<id>1803862</id>
<parentid>1370208</parentid>
<timestamp>2014-01-08T12:29:24Z</timestamp>
<contributor>
<username>MalafayaBot</username>
<id>628</id>
</contributor>
<minor />
<comment>r2.7.5) (Robô: A adicionar: [[ku:zait]]</comment>
<model>wikitext</model>
<format>text/x-wiki</format>
<text bytes="148" xml:space="preserve">={{-cim-}}=
==Substantivo==
'''zait'''
# [[tempo]]
==Ver Também==
* {{de}}: [[Zeit]]
[[Categoria:Substantivo ({{cim}})]]
[[ku:zait]]
[[tr:zait]]</text>
<sha1>54792hhxi531qvb8qwtzhgbun8wspn2</sha1>
</revision>
