<page>
<page>
<title>zajec</title>
<ns>0</ns>
<id>40287</id>
<revision>
<id>2207241</id>
<parentid>2140640</parentid>
<timestamp>2016-12-05T21:53:17Z</timestamp>
<contributor>
<username>UT-interwiki-Bot</username>
<id>56129</id>
</contributor>
<minor />
<comment>Robô: A adicionar: [[ru:zajec]]</comment>
<model>wikitext</model>
<format>text/x-wiki</format>
<text bytes="263" xml:space="preserve">={{-sl-}}=
== Substantivo ==
'''zajec''', {{m}}
# [[lebre]]
[[Categoria:Substantivo (Esloveno)]]
[[Categoria:Mamífero (Esloveno)]]
[[en:zajec]]
[[eu:zajec]]
[[fr:zajec]]
[[it:zajec]]
[[mg:zajec]]
[[ru:zajec]]
[[sh:zajec]]
[[sl:zajec]]
[[sr:zajec]]
[[tr:zajec]]</text>
<sha1>45d6k9hz4pwnaic1klu65s36i7z99sz</sha1>
</revision>
