<page>
<title>zakamenu</title>
<ns>0</ns>
<id>85070</id>
<revision>
<id>2628254</id>
<parentid>1313043</parentid>
<timestamp>2021-03-31T21:09:14Z</timestamp>
<contributor>
<username>ValJor</username>
<id>1358</id>
</contributor>
<comment>Desfazendo uso indevido da predefinição escopo</comment>
<model>wikitext</model>
<format>text/x-wiki</format>
<text bytes="384" xml:space="preserve">={{-kmb-}}=
==Forma verbal==
'''zakamenu'''
# {{escopo2|Candomblé}} [[tremer|tremei]] (imperativo)
===Nota===
* Este verbete é usado no idioma português dentro do âmbito do candomblé, mas seu uso ainda não foi corroborado pelos grandes dicionários da língua portuguesa.
==Ver também==
===No Wikcionário===
* [[Apêndice:Candomblé]]
[[Categoria:Forma verbal (Quimbundo)]]</text>
<sha1>gk9axzyw11weevakwob13g3ewefl8uf</sha1>
</revision>
</page>
