<page>
<title>Zakariás</title>
<ns>0</ns>
<id>438809</id>
<revision>
<id>2653494</id>
<timestamp>2021-11-27T14:38:59Z</timestamp>
<contributor>
<username>Leonardo José Raimundo</username>
<id>43489</id>
</contributor>
<comment>Eu estou criando o nome &quot;Zakariás&quot;.</comment>
<model>wikitext</model>
<format>text/x-wiki</format>
<text bytes="204" xml:space="preserve">={{-hu-}}=
==Substantivo==
{{oxítona|Za|ka|ri|ás|lang=hu}}
# {{escopo|hu|Cristianismo|religião}} [[Zacarias]]
==Ver também==
===No Wikcionário===
{{bíblia/hu}}
[[Categoria:Substantivo (Húngaro)]]</text>
<sha1>k9slhcvhugvikzv7glppbdgbbgnqzt1</sha1>
</revision>
</page>
