<page>
<page>
<title>Zakaria</title>
<ns>0</ns>
<id>380670</id>
<revision>
<id>2597527</id>
<parentid>2597168</parentid>
<timestamp>2020-10-01T02:40:06Z</timestamp>
<contributor>
<username>Leonardo José Raimundo</username>
<id>43489</id>
</contributor>
<comment>Eu estou colocando a etimologia de &quot;Zakaria&quot; e as categorias [[Categoria:Entrada de étimo latino (Groenlandês)|Entrada de étimo latino (Groenlandês)]] e [[Categoria:Entrada de étimo hebraico (Groenlandês)|Entrada de étimo hebraico (Groenlandês)]].</comment>
<model>wikitext</model>
<format>text/x-wiki</format>
<text bytes="762" xml:space="preserve">={{-kl-}}=
==Substantivo==
{{paroxítona|Za|ka|ri|a|lang=kl}}
# {{escopo|kl|Cristianismo|religião}} [[Zacarias]]
=={{etimologia|kl}}==
: Do [[latim]] {{etimo|la|Zacharias}}, que veio do [[grego antigo]] {{etimo|grc|Ζαχαρίας}} ''(Zakharías)'' e este do hebraico {{etimo|he|זכריהו}} ''(Zekaryâh)''. Significa ''Deus se lembrou''.
==Ver também==
===No Wikcionário===
{{bíblia/kl}}
[[Categoria:Substantivo (Groenlandês)]]
[[Categoria:Entrada de étimo latino (Groenlandês)]]
[[Categoria:Entrada de étimo hebraico (Groenlandês)]]
={{-haw-}}=
==Substantivo==
{{paroxítona|Za|ka|ri|a|lang=haw}}
# {{escopo|haw|Cristianismo|religião}} [[Zacarias]]
==Ver também==
===No Wikcionário===
{{bíblia/haw}}
[[Categoria:Substantivo (Havaiano)]]</text>
<sha1>j21awyrb3hywnbjo5u0z9k06cslwpvu</sha1>
</revision>
