<page>
<page>
<title>zaki</title>
<ns>0</ns>
<id>228643</id>
<revision>
<id>1726486</id>
<parentid>1372294</parentid>
<timestamp>2013-09-14T17:14:29Z</timestamp>
<contributor>
<username>MalafayaBot</username>
<id>628</id>
</contributor>
<minor />
<comment>Robô: Substituição de texto automática (-\]\](.*?)\.\r\n\s? +]]\1\n &amp; -\r\n\s\r\n +\n\n)</comment>
<model>wikitext</model>
<format>text/x-wiki</format>
<text bytes="330" xml:space="preserve">={{-ha-}}=
==Substantivo==
'''zaki'''
# [[leão]] (felídeo)
{{página-automática|Maio|2010|leão|ha}}
[[Categoria:Substantivo ({{ #switch: ha
| ba     = Basquir
| kl     = Groenlandês
| myv    = Erzya
| tyv    = Tuvano
| udm    = Votíaco
| #default = {{ha}}
}})]]
[[es:zaki]]
[[ja:zaki]]
[[ko:zaki]]
[[ru:zaki]]
[[tr:zaki]]</text>
<sha1>djy214hzir3bfddrsxzqbt7a1c5pm2i</sha1>
</revision>
