<page>
<title>zalabardo</title>
<ns>0</ns>
<id>404658</id>
<revision>
<id>2530948</id>
<parentid>2530940</parentid>
<timestamp>2019-01-02T09:17:53Z</timestamp>
<contributor>
<username>Cpls</username>
<id>20608</id>
</contributor>
<comment>/* {{etimologia|gl}} */</comment>
<model>wikitext</model>
<format>text/x-wiki</format>
<text bytes="517" xml:space="preserve">={{-gl-}}=
==Substantivo==
{{flex.gl|ms=zalabardo|mp=zalabardos}}
{{paroxítona|za|la|bar|do|lang=gl}}, {{g|m|lang=gl}}
# pequena arte de [[pesca]], é um saco de rede que na boca leva um aro metálico, pode ter mango
# [[saco]] de rede simples
# arte de [[pesca]] de arraste
==={{-varort-}}===
* [[salabardo#{{gl}}|salabardo]]
=={{etimologia|gl}}==
: Da mesma origem que [[xalavar]]. Confronte-se com ''[[salabre#{{gl}}|salabre]]''. Cognado do asturiano {{etimo|ast|zalabardu}}.
[[Categoria:Substantivo (Galego)]]</text>
<sha1>hpqtv4gk8sfhfcbdcctv9lc4l5t0b6t</sha1>
</revision>
</page>
