<page>
<page>
<title>zalabardu</title>
<ns>0</ns>
<id>404657</id>
<revision>
<id>2546847</id>
<parentid>2530945</parentid>
<timestamp>2019-06-15T20:00:01Z</timestamp>
<contributor>
<username>Cpls</username>
<id>20608</id>
</contributor>
<comment>/* {{etimologia|ast}} */</comment>
<model>wikitext</model>
<format>text/x-wiki</format>
<text bytes="506" xml:space="preserve">={{-ast-}}=
==Substantivo==
{{flex.ast|ms=zalabardu|mp=zalabardos}}
{{paroxítona|za|la|bar|du|lang=ast}}, {{g|m|lang=ast}}
# pequena arte de [[pesca]], é um saco de rede que na boca leva um aro metálico, pode ter cabo
# [[ganapão]]
# espécie de [[xalavar]]
==={{-varort-}}===
* [[celabardu#{{ast}}|celabardu]]
=={{etimologia|ast}}==
: Da mesma origem que [[xalavar]]. Cognado do galego ''[[zalabardo#{{gl}}|zalabardo]]''. Confronte-se com {{etimo|ast|xalabardu}}.
[[Categoria:Substantivo (Galego)]]</text>
<sha1>ni2vm0hqcpar2qw89q0fhs8vg2z3zpx</sha1>
</revision>
