<page>
<title>zalabardiar</title>
<ns>0</ns>
<id>404659</id>
<revision>
<id>2530943</id>
<timestamp>2019-01-02T09:15:53Z</timestamp>
<contributor>
<username>Cpls</username>
<id>20608</id>
</contributor>
<comment>[[Ajuda:Guia de edição/Menus e ferramentas/Sumário de edição|→]] nova página: ={{-ast-}}= ==Verbo== {{oxítona|za|la|bar|diar|lang=gl}} # usar do [[salabardo]] # tirar a [[pesca]] que vem...</comment>
<model>wikitext</model>
<format>text/x-wiki</format>
<text bytes="603" xml:space="preserve">={{-ast-}}=
==Verbo==
{{oxítona|za|la|bar|diar|lang=gl}}
# usar do [[salabardo]]
# tirar a [[pesca]] que vem na rede com uma rede menor em forma de [[saco]]
# [[recovar]], andar de um lugar para outro
# querer fazer muitas coisas a um tempo
# fazer imperfeitamente um trabalho
# recair numa [[doença]]
==={{-varort-}}===
* [[zalabarcear#{{ast}}|zalabarcear]], [[zalabardear#{{ast}}|zalabardear]]
=={{etimologia|ast}}==
: {{escopo|Morfologia}} De ''[[zalabardu#{{ast}}|zalabardu]]'' + ''[[-iar#{{ast}}|-iar]]''. Cognado do galego ''[[salabardear#{{gl}}|salabardear]]''.
[[Categoria:Verbo (Galego)]]</text>
<sha1>0qu1x11ocx3p3wufjjp6v79t0syph1n</sha1>
</revision>
</page>
