<page>
<title>zaldeto</title>
<ns>0</ns>
<id>215561</id>
<revision>
<id>1321797</id>
<parentid>806006</parentid>
<timestamp>2011-12-05T17:41:19Z</timestamp>
<contributor>
<username>MalafayaBot</username>
<id>628</id>
</contributor>
<minor />
<comment>Robô: Substituição de texto automática (-^\=(\s*?)(\{\{roa-tal\}\}|Talian)(\s*?)\= +={{-roa-tal-}}=)</comment>
<model>wikitext</model>
<format>text/x-wiki</format>
<text bytes="107" xml:space="preserve">={{-roa-tal-}}=
==Adjetivo==
'''zaldeto'''
# [[amarelado]]
# [[descorado]]
[[Categoria:Adjetivo (Talian)]]</text>
<sha1>ofjbpcqs9wupei3tk5bxsicocxh3wnx</sha1>
</revision>
</page>
