<page>
<title>zaldiferrak</title>
<ns>0</ns>
<id>67444</id>
<revision>
<id>1314596</id>
<parentid>266744</parentid>
<timestamp>2011-12-02T00:15:10Z</timestamp>
<contributor>
<username>MalafayaBot</username>
<id>628</id>
</contributor>
<minor />
<comment>Robô: Substituição de texto automática (-^\=(\s*?)(\{\{eu\}\}|Basco)(\s*?)\= +={{-eu-}}=)</comment>
<model>wikitext</model>
<format>text/x-wiki</format>
<text bytes="193" xml:space="preserve">={{-eu-}}=
==Substantivo==
'''zal.di.fer.rak'''  ''plural''
:# [[ferradura]]s
===Sinônimo===
* [[ferrak]]
==Outros Verbetes==
* [[ferratu]]
* [[ferra]]
[[Categoria:Substantivo (Basco)]]</text>
<sha1>8wk5w48ahlinkdykt3adalp7uj2tnen</sha1>
</revision>
</page>
