<page>
<page>
<title>zalela</title>
<ns>0</ns>
<id>85072</id>
<revision>
<id>2628249</id>
<parentid>1313045</parentid>
<timestamp>2021-03-31T20:39:11Z</timestamp>
<contributor>
<username>ValJor</username>
<id>1358</id>
</contributor>
<comment>Desfazendo uso indevido da predefinição escopo</comment>
<model>wikitext</model>
<format>text/x-wiki</format>
<text bytes="399" xml:space="preserve">={{-kmb-}}=
==Forma verbal==
'''zalela'''
# {{escopo2|Candomblé}} [[estender|estende]] para, em, com (imperativo)
===Nota===
* Este verbete é usado no idioma português dentro do âmbito do candomblé, mas seu uso ainda não foi corroborado pelos grandes dicionários da língua portuguesa.
==Ver também==
===No Wikcionário===
* [[Apêndice:Candomblé]]
[[Categoria:Forma verbal (Quimbundo)]]</text>
<sha1>7oo6kd2znxvc5mr8ur7o3qnt2x868jm</sha1>
</revision>
