<page>
<page>
<title>zalerpa</title>
<ns>0</ns>
<id>360799</id>
<revision>
<id>2146828</id>
<parentid>2146827</parentid>
<timestamp>2016-06-30T12:59:08Z</timestamp>
<contributor>
<username>Cpls</username>
<id>20608</id>
</contributor>
<comment>/* {{-gl-}} */</comment>
<model>wikitext</model>
<format>text/x-wiki</format>
<text bytes="439" xml:space="preserve">={{-gl-}}=
==Substantivo==
{{flex.gl|fs=zalerpa|fp=zalerpas}}
{{paroxítona|za|ler|pa|lang=gl}}, {{f}}
# {{escopoCat|Meteorologia|gl}} [[floco]] de neve
===Sinónimos===
{{verTambém.Ini}}
* [[falampo#Galego|falampo]]
* [[falerpa#Galego|falerpa]]
* [[folerpa#{{gl}}|folerpa]]
{{verTambém.NovaColuna}}
* [[folerpo#{{gl}}|folerpo]]
* [[galopa#Galego|galapo]]
* [[zalopa#Galego|zalopa]]
{{verTambém.Fim}}
[[Categoria:Substantivo (Galego)]]</text>
<sha1>3jdspjjvh2s5fgrpgnh9yvmcrcgm2kk</sha1>
</revision>
