<page>
<page>
<title>zalenu</title>
<ns>0</ns>
<id>85074</id>
<revision>
<id>2628244</id>
<parentid>1313047</parentid>
<timestamp>2021-03-31T20:36:50Z</timestamp>
<contributor>
<username>ValJor</username>
<id>1358</id>
</contributor>
<comment>Desfazendo uso indevido da predefinição escopo</comment>
<model>wikitext</model>
<format>text/x-wiki</format>
<text bytes="387" xml:space="preserve">={{-kmb-}}=
==Forma verbal==
'''zalenu'''
# {{escopo2|Candomblé}} [[estender|estendei]], (imperativo)
===Nota===
* Este verbete é usado no idioma português dentro do âmbito do candomblé, mas seu uso ainda não foi corroborado pelos grandes dicionários da língua portuguesa.
==Ver também==
===No Wikcionário===
* [[Apêndice:Candomblé]]
[[Categoria:Forma verbal (Quimbundo)]]</text>
<sha1>4bw5gktybrf2gnr2fhk57ypuo635oxo</sha1>
</revision>
