<page>
<title>zalm</title>
<ns>0</ns>
<id>237195</id>
<revision>
<id>2163610</id>
<parentid>1787838</parentid>
<timestamp>2016-08-26T15:17:14Z</timestamp>
<contributor>
<username>ValJor</username>
<id>1358</id>
</contributor>
<comment>Confirmando [[:Categoria:!Entrada criada por robô|verbete criado por robô]]</comment>
<model>wikitext</model>
<format>text/x-wiki</format>
<text bytes="328" xml:space="preserve">{{Wikipédia|lang=nl}}
={{-nl-}}=
==Substantivo==
'''zalm'''
# [[salmão]]
[[Categoria:Substantivo (Holandês)]]
[[Categoria:Peixe (Holandês)]]
[[chr:zalm]]
[[da:zalm]]
[[en:zalm]]
[[eu:zalm]]
[[fo:zalm]]
[[fr:zalm]]
[[hu:zalm]]
[[id:zalm]]
[[io:zalm]]
[[li:zalm]]
[[lt:zalm]]
[[nl:zalm]]
[[pl:zalm]]
[[ru:zalm]]
[[tr:zalm]]</text>
<sha1>pnaiach8hj0ojk6q63pl9t06is4y1yq</sha1>
</revision>
</page>
