<page>
<page>
<title>Zalvedór</title>
<ns>0</ns>
<id>148557</id>
<revision>
<id>2553833</id>
<parentid>2282734</parentid>
<timestamp>2019-09-15T11:36:38Z</timestamp>
<contributor>
<username>ValJor</username>
<id>1358</id>
</contributor>
<comment>Acrescentando código de língua à [[:Categoria:!Página com mensagem de erro em predefinição|predefinição escopo]]</comment>
<model>wikitext</model>
<format>text/x-wiki</format>
<text bytes="473" xml:space="preserve">[[Imagem:Flag of El Salvador.svg|thumb|right|250px|&lt;center&gt;Bandeira de El Salvador&lt;/center&gt;]]
[[Imagem:LocationElSalvador.svg|thumb|right|250px|&lt;center&gt;Localização de El Salvador&lt;/center&gt;]]
={{-li-}}=
==Substantivo==
'''Zalvedór''', {{gramática|pr}}
# {{escopo|li|País}} [[El Salvador]]
==={{-varort-}}===
* [[El Salvador]]
==Ver também==
===No Wikcionário===
{{América/li}}
[[Categoria:Substantivo (Limburguês)]]
[[Categoria:Entrada com imagem (Limburguês)]]</text>
<sha1>g3vqmzdywgqqh40wyhip31dk9zujfg2</sha1>
</revision>
