<page>
<page>
<title>zamanta</title>
<ns>0</ns>
<id>215559</id>
<revision>
<id>1321997</id>
<parentid>806004</parentid>
<timestamp>2011-12-05T17:51:28Z</timestamp>
<contributor>
<username>MalafayaBot</username>
<id>628</id>
</contributor>
<minor />
<comment>Robô: Substituição de texto automática (-^\=(\s*?)(\{\{roa-tal\}\}|Talian)(\s*?)\= +={{-roa-tal-}}=)</comment>
<model>wikitext</model>
<format>text/x-wiki</format>
<text bytes="101" xml:space="preserve">={{-roa-tal-}}=
==Substantivo==
'''zamanta''' {{f}}
# [[jamanta]]
[[Categoria:Substantivo (Talian)]]</text>
<sha1>3cx2i2hpfutm8zhojvtotpky66b7soz</sha1>
</revision>
