<page>
<page>
<title>zamane</title>
<ns>0</ns>
<id>74314</id>
<revision>
<id>1803859</id>
<parentid>1278251</parentid>
<timestamp>2014-01-08T12:29:01Z</timestamp>
<contributor>
<username>MalafayaBot</username>
<id>628</id>
</contributor>
<minor />
<comment>r2.7.5) (Robô: A adicionar: [[ku:zamane]]</comment>
<model>wikitext</model>
<format>text/x-wiki</format>
<text bytes="212" xml:space="preserve">={{-tr-}}=
==Adjetivo==
'''zamane''' ''sem gênero''
:# [[atualizado]]
:# [[moderno]]
==Outros Verbetes==
* [[zaman]]
* [[zamanlı]]
* [[zamansız]]
[[Categoria:Adjetivo (Turco)]]
[[ku:zamane]]
[[tr:zamane]]</text>
<sha1>i3dx2xxxw45ylfj4y6oyw73y7ol1kxe</sha1>
</revision>
