<page>
<title>zamanquinho</title>
<ns>0</ns>
<id>376320</id>
<revision>
<id>2255067</id>
<timestamp>2017-03-23T10:29:00Z</timestamp>
<contributor>
<username>Cpls</username>
<id>20608</id>
</contributor>
<comment>[[Ajuda:Guia de edição/Menus e ferramentas/Sumário de edição|→]] nova página: ={{-gl-}}= ==Substantivo== {{flex.gl|ms=zamanquinho|mp=zamanquinhos}} {{paroxítona|za|man|qui|nho|lang=gl}},...</comment>
<model>wikitext</model>
<format>text/x-wiki</format>
<text bytes="435" xml:space="preserve">={{-gl-}}=
==Substantivo==
{{flex.gl|ms=zamanquinho|mp=zamanquinhos}}
{{paroxítona|za|man|qui|nho|lang=gl}}, {{g|m|lang=gl}}
# [[pé-coxinho]]; apenas usado na expressão ''ao zamanquinho''
===Expressões===
* '''[[ao zamanquinho#{{gl}}|ao zamanquinho]]''': ao pé-coxinho
=={{etimologia|gl}}==
: {{escopo|Morfologia}} Do diminutivo de ''[[zamanco#{{gl}}|zamanco]]'' + ''[[-inho#{{gl}}|-inho]]''.
[[Categoria:Substantivo (Galego)]]</text>
<sha1>8ynz9dzbodhqbddtbslpj1swjqvj8og</sha1>
</revision>
</page>
