<page>
<page>
<title>zamanco</title>
<ns>0</ns>
<id>376319</id>
<revision>
<id>2255069</id>
<parentid>2255064</parentid>
<timestamp>2017-03-23T10:30:21Z</timestamp>
<contributor>
<username>Cpls</username>
<id>20608</id>
</contributor>
<comment>/* Substantivo */</comment>
<model>wikitext</model>
<format>text/x-wiki</format>
<text bytes="491" xml:space="preserve">={{-gl-}}=
==Substantivo==
{{flex.gl|ms=zamanco|mp=zamancos}}
{{paroxítona|za|man|co|lang=gl}}, {{g|m|lang=gl}}
# [[tamanca]], soco
# [[calçado]] velho, roto
# [[perna de pau]]
===Sinónimos===
* De '''1''': [[chanco#Galego|chanco]], [[tamanca#Galego|tamanca]], [[tamargueira#Galego|tamargueira]], [[zamanca#Galego|zamanca]], [[zanco#{{gl}}|zanco]]
=={{etimologia|gl}}==
: Cognata de [[tamanca]]. Confronte-se com ''[[zamanquinho#{{gl}}|zamanquinho]].
[[Categoria:Substantivo (Galego)]]</text>
<sha1>00abgx5qgccokpener2st4p6cljdtfj</sha1>
</revision>
