<page>
<page>
<title>zamanca</title>
<ns>0</ns>
<id>358616</id>
<revision>
<id>2255063</id>
<parentid>2255061</parentid>
<timestamp>2017-03-23T10:26:41Z</timestamp>
<contributor>
<username>Cpls</username>
<id>20608</id>
</contributor>
<comment>/* {{-gl-}} */</comment>
<model>wikitext</model>
<format>text/x-wiki</format>
<text bytes="394" xml:space="preserve">={{-gl-}}=
==Substantivo==
{{flex.gl|fs=zamanca|fp=zamancas}}
{{paroxítona|za|man|ca|lang=gl}}, {{g|f|lang=gl}}
# [[tamanca]], soco
===Sinónimos===
* [[chanco#Galego|chanco]], [[tamanca#Galego|tamanca]], [[tamargueira#Galego|tamargueira]], [[zamanco#Galego|zamanco]], [[zanco#{{gl}}|zanco]]
=={{etimologia|gl}}==
: Cognata de [[tamanca]].
[[Categoria:Substantivo (Galego)]]
[[zh:zamanca]]</text>
<sha1>rs7hm3ejkxcecriw52y80iu5o8c5by7</sha1>
</revision>
