<page>
<title>zambulhão</title>
<ns>0</ns>
<id>366974</id>
<revision>
<id>2187867</id>
<timestamp>2016-10-27T12:01:00Z</timestamp>
<contributor>
<username>Cpls</username>
<id>20608</id>
</contributor>
<comment>[[Ajuda:Guia de edição/Menus e ferramentas/Sumário de edição|→]] nova página: ={{-gl-}}= ==Substantivo== {{flex.gl|ms=zambulhão|mp=zambulhões}} {{oxítona|zam|bu|lhão|lang=gl}}, {{m}}...</comment>
<model>wikitext</model>
<format>text/x-wiki</format>
<text bytes="404" xml:space="preserve">={{-gl-}}=
==Substantivo==
{{flex.gl|ms=zambulhão|mp=zambulhões}}
{{oxítona|zam|bu|lhão|lang=gl}}, {{m}}
# tombo, [[queda]] na auga
# [[pulo]] para a água com intenção de se [[mergulhar]]
=={{etimologia|gl}}==
: De ''[[zambulhar#Galego|zambulhar]]'' ou ''[[zambulhir#Galego|zambulhir]]''.
=={{pronúncia|gl}}==
* [[AFI]]: /saŋ.bu.'ʎoŋ/ ou /θaŋ.bu.'ʎoŋ/
[[Categoria:Substantivo (Galego)]]</text>
<sha1>5r7ryc6nq9wx9h0ug2dmzjhsehkhjxw</sha1>
</revision>
</page>
