<page>
<title>zambrelo</title>
<ns>0</ns>
<id>367096</id>
<revision>
<id>2503693</id>
<parentid>2191063</parentid>
<timestamp>2018-05-19T15:42:04Z</timestamp>
<contributor>
<username>Cpls</username>
<id>20608</id>
</contributor>
<comment>/* {{-gl-}} */</comment>
<model>wikitext</model>
<format>text/x-wiki</format>
<text bytes="450" xml:space="preserve">={{-gl-}}=
==Adjetivo==
{{flex.gl|ms=zambrelo|mp=zambrelos|fs=zambrela|fp=zambrelas}}
{{paroxítona|zam|bre|lo|lang=gl}}
# [[zambro#{{pt}}|zambro]]
===Sinónimos===
* [[zambo#{{gl}}|zambo]], [[zambrão#{{gl}}|zambrão]], [[zambrego#{{gl}}|zambrego]], [[zambrelho#{{gl}}|zambrelho]], [[zambro#{{gl}}|zambro]]
==={{etimologia|gl}}===
: {{escopo|Morfologia}} De ''[[zambro#{{gl}}|zambro]]'' + ''[[-elo#{{gl}}|-elo]]''.
[[Categoria:Adjetivo (Galego)]]</text>
<sha1>kkg3c1ax9hi352p6blq15g702t1dzmh</sha1>
</revision>
</page>
