<page>
<title>zambuyu</title>
<ns>0</ns>
<id>338827</id>
<revision>
<id>1923813</id>
<parentid>1920355</parentid>
<timestamp>2015-04-26T09:13:30Z</timestamp>
<contributor>
<username>YS-Bot</username>
<id>32241</id>
</contributor>
<minor />
<comment>r2.7.3) (Robô: A adicionar: [[ast:zambuyu]]</comment>
<model>wikitext</model>
<format>text/x-wiki</format>
<text bytes="168" xml:space="preserve">={{-ast-}}=
==Substantivo==
{{flex.ast|zambuyu|zambuyos}}
{{paroxítona|zam|bu|yu|lang=ast}}, {{m}}
# [[tambor]]
[[Categoria:Substantivo (Asturiano)]]
[[ast:zambuyu]]</text>
<sha1>g4e0ipslbjuq9hr400i13ev0mn60qot</sha1>
</revision>
</page>
