<page>
<title>zambeta</title>
<ns>0</ns>
<id>130668</id>
<revision>
<id>2463107</id>
<parentid>2038222</parentid>
<timestamp>2017-11-26T21:32:47Z</timestamp>
<contributor>
<username>ValJor</username>
<id>1358</id>
</contributor>
<comment>Um verbete a menos usando a [[Predefinição:flex.pt.com2|predefinição flex.pt.com2]]</comment>
<model>wikitext</model>
<format>text/x-wiki</format>
<text bytes="517" xml:space="preserve">={{-pt-}}=
==Adjetivo==
{{flex.pt|s=zambeta|p=zambetas}}
{{paroxítona|zam|be|ta}}, {{gramática|c2g}}
# que tem as [[perna]]s [[torto|tortas]]
==Substantivo==
{{paroxítona|zam|be|ta}}, {{gramática|c2g}}
# quem tem as [[perna]]s [[torto|tortas]]
=={{etimologia|pt}}==
: {{escopo|Morfologia}} [[zambo]] + [[-eta]].
==Ligações externas==
* {{Aulete}}
* {{Michaelis}}
* {{DicioAberto}}
* {{DPLP}}
* {{Infopédia}}
* {{PLP}}
* {{VOLPABL}}
[[Categoria:Adjetivo (Português)]]
[[Categoria:Substantivo (Português)]]</text>
<sha1>jg2dkn1h366gqmqwabxmwx03xluzckz</sha1>
</revision>
</page>
