<page>
<page>
<title>zambrear</title>
<ns>0</ns>
<id>367055</id>
<revision>
<id>2190834</id>
<parentid>2190808</parentid>
<timestamp>2016-10-28T11:40:22Z</timestamp>
<contributor>
<username>Cpls</username>
<id>20608</id>
</contributor>
<comment>/* {{-gl-}} */</comment>
<model>wikitext</model>
<format>text/x-wiki</format>
<text bytes="367" xml:space="preserve">={{-gl-}}=
==Verbo==
{{oxítona|zam|bre|ar|lang=gl}}
# [[torcer]] as pernas ao andar
# [[abrir]] o passo para fora ao caminhar
===Sinónimo===
* [[zambrelear#{{gl}}|zambrelear]]
=={{etimologia|gl}}==
: {{escopo|Morfologia}} De ''[[zambro#{{gl}}|zambro]]'' + ''[[-ear#{{gl}}|-ear]]''.
==Ver também==
===No Wikcionário===
# [[sambar]]
[[Categoria:Verbo (Galego)]]</text>
<sha1>adbbiovupoh5861er7xbmoxf2e14fqb</sha1>
</revision>
