<page>
<title>zambulhir</title>
<ns>0</ns>
<id>366972</id>
<revision>
<id>2187857</id>
<timestamp>2016-10-27T11:41:10Z</timestamp>
<contributor>
<username>Cpls</username>
<id>20608</id>
</contributor>
<comment>[[Ajuda:Guia de edição/Menus e ferramentas/Sumário de edição|→]] nova página: ={{-gl-}}= ==Verbo== {{oxítona|zam|bu|lhir|lang=gl}} # [[mergulhar]] # [[saltar]] para a água # {{escopo2|p...</comment>
<model>wikitext</model>
<format>text/x-wiki</format>
<text bytes="398" xml:space="preserve">={{-gl-}}=
==Verbo==
{{oxítona|zam|bu|lhir|lang=gl}}
# [[mergulhar]]
# [[saltar]] para a água
# {{escopo2|pronominal}} [[esconder]]-se, ocultar-se cobrindo-se com algo
===Sinónimo===
* De '''1''' e '''2''': [[zambulhar#{{gl}}|zambulhar]]
===Verbetes derivados===
* [[perico-zambulho#{{gl}}|perico-zambulho]]
==Ver também==
===No Wikcionário===
# [[zambulhada]]
[[Categoria:Verbo (Galego)]]</text>
<sha1>r67zszzxqgouo9m83z27dcz9ciso1b6</sha1>
</revision>
</page>
