<page>
<title>zambrego</title>
<ns>0</ns>
<id>367058</id>
<revision>
<id>2191064</id>
<parentid>2190818</parentid>
<timestamp>2016-10-28T19:02:39Z</timestamp>
<contributor>
<username>Cpls</username>
<id>20608</id>
</contributor>
<comment>/* {{-gl-}} */</comment>
<model>wikitext</model>
<format>text/x-wiki</format>
<text bytes="418" xml:space="preserve">={{-gl-}}=
==Adjetivo==
{{flex.gl|ms=zambrego|mp=zambregos|fs=zambrega|fp=zambregas}}
{{paroxítona|zam|bre|go|lang=gl}}
# [[zambro#{{pt}}|zambro]]
===Sinónimos===
* [[zambo#{{gl}}|zambo]], [[zambrão#{{gl}}|zambrão]], [[zambrelo#{{gl}}|zambrelo]], [[zambro#{{gl}}|zambro]]
==={{etimologia|gl}}===
: {{escopo|Morfologia}} De ''[[zambro#{{gl}}|zambro]]'' + ''[[-ego#{{gl}}|-ego]]''.
[[Categoria:Adjetivo (Galego)]]</text>
<sha1>h17t1l396c2h181qf9rrr2facp6at1n</sha1>
</revision>
</page>
