<page>
<page>
<title>zambulhar</title>
<ns>0</ns>
<id>337575</id>
<revision>
<id>2187864</id>
<parentid>1905040</parentid>
<timestamp>2016-10-27T11:53:49Z</timestamp>
<contributor>
<username>Cpls</username>
<id>20608</id>
</contributor>
<comment>/* {{-gl-}} */</comment>
<model>wikitext</model>
<format>text/x-wiki</format>
<text bytes="231" xml:space="preserve">={{-gl-}}=
==Verbo==
{{oxítona|zam|bu|lhar|lang=gl}}
# [[mergulhar]]
# [[saltar]] para a água
===Sinónimo===
* [[zambulhir#{{gl}}|zambulhir]]
==Ver também==
===No Wikcionário===
# [[zambulhada]]
[[Categoria:Verbo (Galego)]]</text>
<sha1>jemyf37azrnhts0508bz52gjuafey4s</sha1>
</revision>
