<page>
<title>zamborga</title>
<ns>0</ns>
<id>395526</id>
<revision>
<id>2499587</id>
<timestamp>2018-04-28T12:14:39Z</timestamp>
<contributor>
<username>Cpls</username>
<id>20608</id>
</contributor>
<comment>[[Ajuda:Guia de edição/Menus e ferramentas/Sumário de edição|→]] nova página: ={{-gl-}}= ==Substantivo== {{flex.gl|fs=zamborga|fp=zamborgas}} {{paroxítona|zam|bor|ga|lang=gl}}, {{g|f|lan...</comment>
<model>wikitext</model>
<format>text/x-wiki</format>
<text bytes="590" xml:space="preserve">={{-gl-}}=
==Substantivo==
{{flex.gl|fs=zamborga|fp=zamborgas}}
{{paroxítona|zam|bor|ga|lang=gl}}, {{g|f|lang=gl}}
# {{escopo|gl|Peixe}} [[sável]] (''[[species:Alosa alosa|Alosa alosa]]''); mais especificamente a fêmea desta espécie
# {{escopo|gl|Peixe}} [[saboga]] (''[[species:Alosa fallax|Alosa fallax]]'')
==={{-varort-}}===
* [[zamborca#{{gl}}|zamborca]]
===Sinónimos===
* Vide em [[samborca#{{gl}}|samborca]]
=={{etimologia|gl}}==
: Aparentada com o proto-céltico ''*samos'' &quot;[[verão]]&quot;. Confronte-se com ''[[samborca#{{gl}}|samborca]]''.
[[Categoria:Substantivo (Galego)]]</text>
<sha1>79rxjlewt2z0cw1wa2nf837tkergjyl</sha1>
</revision>
</page>
