<page>
<title>zamburrada</title>
<ns>0</ns>
<id>337579</id>
<revision>
<id>2553816</id>
<parentid>1905051</parentid>
<timestamp>2019-09-15T10:06:21Z</timestamp>
<contributor>
<username>ValJor</username>
<id>1358</id>
</contributor>
<comment>Acrescentando código de língua à [[:Categoria:!Página com mensagem de erro em predefinição|predefinição escopo]]</comment>
<model>wikitext</model>
<format>text/x-wiki</format>
<text bytes="381" xml:space="preserve">={{-pt-}}=
==Substantivo==
{{flex.pt|fs=zamburrada|fp=zamburradas}}
{{paroxítona|zam|bur|ra|da}}, {{g|f}}
# {{escopo|pt|Trás-os-Montes}} [[queda]] na água; [[tombo]] com ruído; qualquer queda
# grande quantidade
===Sinónimo===
: '''De 1 (queda):'''
* [[zambulhada]]
==Ligações externas==
* {{Aulete}}
* {{DicioAberto}}
* {{VOLPABL}}
[[Categoria:Substantivo (Português)]]</text>
<sha1>cyrie1up0ltw05y18593wfwv7fcyzw2</sha1>
</revision>
</page>
