<page>
<title>zambujo</title>
<ns>0</ns>
<id>336208</id>
<revision>
<id>2187849</id>
<parentid>1905028</parentid>
<timestamp>2016-10-27T11:31:42Z</timestamp>
<contributor>
<username>Cpls</username>
<id>20608</id>
</contributor>
<model>wikitext</model>
<format>text/x-wiki</format>
<text bytes="641" xml:space="preserve">={{-pt-}}=
==Substantivo==
{{flex.pt|ms=zambujo|mp=zambujos}}
{{paroxítona|zam|bu|jo}}, {{g|m}}
# {{escopo|pt|Árvore}} [[oliveira]] [[bravo|brava]], (''[[wikispecies:Olea europaea|Olea europaea]]'')
===Sinónimos===
* [[zambujeiro]]
=={{etimologia|pt}}==
: Do [[berbere]] ''azambujâ''.
==Ver também==
===No Wikcionário===
* [[zambulho]]
[[Categoria:Substantivo (Português)]]
={{-gl-}}=
==Substantivo==
{{flex.gl|ms=zambujo|mp=zambujos}}
{{paroxítona|zam|bu|jo|lang=gl}}, {{g|m|lang=gl}}
# {{escopo|gl|Árvore}} [[zambujo#{{pt}}|zambujo]]
=={{etimologia|gl}}==
: Do [[berbere]] ''azambujâ''.
[[Categoria:Substantivo (Galego)]]</text>
<sha1>hhitd2i977ni2gvdtiwm0jw5mxzo3n1</sha1>
</revision>
</page>
