<page>
<page>
<title>Zambio</title>
<ns>0</ns>
<id>58321</id>
<revision>
<id>2282739</id>
<parentid>2215387</parentid>
<timestamp>2017-04-27T04:16:37Z</timestamp>
<contributor>
<username>HydrizBot</username>
<id>29590</id>
</contributor>
<minor />
<comment>Robô: A limpar links interwikis antigos</comment>
<model>wikitext</model>
<format>text/x-wiki</format>
<text bytes="170" xml:space="preserve">={{-eo-}}=
==Substantivo==
'''Zambio''' ''próprio''
# [[Zâmbia]].
==Ver também==
{{África/eo}}
[[Categoria:Substantivo (Esperanto)]]
[[Categoria:País (Esperanto)]]</text>
<sha1>36q5hgp0kiplia1e8451e7xqf6csdh4</sha1>
</revision>
