<page>
<title>zambembe</title>
<ns>0</ns>
<id>44019</id>
<revision>
<id>2169143</id>
<parentid>1482739</parentid>
<timestamp>2016-09-08T17:38:50Z</timestamp>
<contributor>
<username>Luan</username>
<id>1279</id>
</contributor>
<comment>substituição da [[Predefinição:flex.pt.adj.com2]] por [[predefinição:flex.pt]] utilizando [[Project:AutoWikiBrowser|AWB]]</comment>
<model>wikitext</model>
<format>text/x-wiki</format>
<text bytes="268" xml:space="preserve">={{-pt-}}=
==Adjetivo==
{{flex.pt|s=zambembe|p=zambembes}}
{{paroxítona|zam|bem|be}} - {{gramática|c2g}}
# {{escopo|pt|Teatro}} [[mambembe]]
==Ver também==
===No Wikcionário===
* [[mambembar]]
* [[mambembear]]
* [[mambembeiro]]
[[Categoria:Adjetivo (Português)]]</text>
<sha1>jmbl7bf7gfqj974gihuva4q3fekbaxt</sha1>
</revision>
</page>
