<page>
<page>
<title>zambrão</title>
<ns>0</ns>
<id>367056</id>
<revision>
<id>2191067</id>
<parentid>2190831</parentid>
<timestamp>2016-10-28T19:07:43Z</timestamp>
<contributor>
<username>Cpls</username>
<id>20608</id>
</contributor>
<comment>/* {{-gl-}} */</comment>
<model>wikitext</model>
<format>text/x-wiki</format>
<text bytes="815" xml:space="preserve">={{-gl-}}=
==Adjetivo==
{{flex.gl|ms=zambrão|mp=zambrões|fs=zambrona|fp=zambronas}}
{{oxítona|zam|brão|lang=gl}}
# [[zambro#{{pt}}|zambro]]
===Sinónimos===
* [[zambo#{{gl}}|zambo]], [[zambrego#{{gl}}|zambrego]], [[zambrelo#{{gl}}|zambrelo]], [[zambro#{{gl}}|zambro]]
==={{etimologia|gl}}===
: Pelo moçárabe ''eçrambo'', do latim vulgar *strambus, do latim clássico {{etimo|la|strabus}}, com raiz grega em {{etimo|grc|στρέφειν}} ''(stréphein)'' [[torcer]]. Confronte-se com ''[[zambrear#{{gl}}|zambrear]]'' e ''[[zamprão#{{gl}}|zamprão]]''.
=={{pronúncia|gl}}==
* [[AFI]]: /θaŋ.'bɾoŋ/ ou /saŋ.'bɾoŋ/
==Referências==
* Rivas Quintas, E. (2015). ''Dicionario etimolóxico da lingua galega.'' Tórculo Comunicación Gráfica S.A. Santiago de Compostela.
[[Categoria:Adjetivo (Galego)]]</text>
<sha1>9qmigb21nsoqgq4ccg3b8b0l1cv7icu</sha1>
</revision>
