<page>
<page>
<title>zambro</title>
<ns>0</ns>
<id>295293</id>
<revision>
<id>2503690</id>
<parentid>1438769</parentid>
<timestamp>2018-05-19T15:34:04Z</timestamp>
<contributor>
<username>Cpls</username>
<id>20608</id>
</contributor>
<model>wikitext</model>
<format>text/x-wiki</format>
<text bytes="989" xml:space="preserve">={{-pt-}}=
==Adjetivo==
{{flex.pt|ms=zambro|mp=zambros|fs=zambra|fp=zambras}}
{{paroxítona|zam|bro}}
# que tem as [[perna]]s [[torto|tortas]]
===Sinônimo===
* [[cambo]]
=={{etimologia|pt}}==
: Do latim  vulgar ''strambus'', [[estrábico]], pelo castelhano ''zambo'' com o mesmo significado.
==Ver também==
===No Wikcionário===
{{verTambém.Ini}}
* [[zambra]]
{{verTambém.NovaColuna}}
* [[zambo]]
{{verTambém.Fim}}
[[Categoria:Adjetivo (Português)]]
={{-gl-}}=
==Adjetivo==
{{flex.gl|ms=zambro|mp=zambros|fs=zambra|fp=zambras}}
{{paroxítona|zam|bro|lang=gl}}
# [[zambro#{{pt}}|zambro]], que tem as [[perna]]s [[torto|tortas]]
===Sinónimos===
* [[cambo#{{gl}}|cambo]], [[zambo#{{gl}}|zambo]], [[zambrão#{{gl}}|zambrão]], [[zambrego#{{gl}}|zambrego]], [[zambrelho#{{gl}}|zambrelho]], [[zampo#{{gl}}|zampo]]
=={{etimologia|pt}}==
: Do radical céltico ''camb-''. Confronte-se com ''[[camba#{{gl}}|camba]]'' e ''[[cambra#{{gl}}|cambra]]''.
[[Categoria:Substantivo (Galego)]]</text>
<sha1>7ihelcd2ktjhp8v96evikpz19vbrr4s</sha1>
</revision>
