<page>
<page>
<title>zambrelho</title>
<ns>0</ns>
<id>396178</id>
<revision>
<id>2503692</id>
<timestamp>2018-05-19T15:39:53Z</timestamp>
<contributor>
<username>Cpls</username>
<id>20608</id>
</contributor>
<comment>[[Ajuda:Guia de edição/Menus e ferramentas/Sumário de edição|→]] nova página: ={{-gl-}}= ==Adjetivo== {{flex.gl|ms=zambrelho|mp=zambrelhos|fs=zambrelha|fp=zambrelhas}} {{paroxítona|zam|b...</comment>
<model>wikitext</model>
<format>text/x-wiki</format>
<text bytes="455" xml:space="preserve">={{-gl-}}=
==Adjetivo==
{{flex.gl|ms=zambrelho|mp=zambrelhos|fs=zambrelha|fp=zambrelhas}}
{{paroxítona|zam|bre|lho|lang=gl}}
# [[zambro#{{pt}}|zambro]]
===Sinónimos===
* [[zambo#{{gl}}|zambo]], [[zambrão#{{gl}}|zambrão]], [[zambrego#{{gl}}|zambrego]], [[zambrelo#{{gl}}|zambrelo]], [[zambro#{{gl}}|zambro]]
==={{etimologia|gl}}===
: {{escopo|Morfologia}} De ''[[zambro#{{gl}}|zambro]]'' + ''[[-elho#{{gl}}|-elho]]''.
[[Categoria:Adjetivo (Galego)]]</text>
<sha1>1ja8zzc9pzfvzz84r5vlv4xgs1nxjq0</sha1>
</revision>
