<page>
<title>Zambiya</title>
<ns>0</ns>
<id>58323</id>
<revision>
<id>2282740</id>
<parentid>1934004</parentid>
<timestamp>2017-04-27T04:16:40Z</timestamp>
<contributor>
<username>HydrizBot</username>
<id>29590</id>
</contributor>
<minor />
<comment>Robô: A limpar links interwikis antigos</comment>
<model>wikitext</model>
<format>text/x-wiki</format>
<text bytes="336" xml:space="preserve">={{-ku-}}=
==Substantivo==
'''Zambiya''' ''próprio''
# [[Zâmbia]].
==Ver também==
{{África/ku}}
[[Categoria:Substantivo (Curdo)]]
[[Categoria:Topónimo (Curdo)]]
={{-tr-}}=
==Substantivo==
'''Zambiya''' ''próprio''
# [[Zâmbia]].
==Ver também==
{{África/tr}}
[[Categoria:Substantivo (Turco)]]
[[Categoria:Topónimo (Turco)]]</text>
<sha1>izqum1gt8w1vb23a5gysyq5a9ikn47t</sha1>
</revision>
</page>
