<page>
<page>
<title>zambula</title>
<ns>0</ns>
<id>85079</id>
<revision>
<id>2628161</id>
<parentid>1313052</parentid>
<timestamp>2021-03-31T16:46:21Z</timestamp>
<contributor>
<username>ValJor</username>
<id>1358</id>
</contributor>
<comment>Desfazendo uso indevido da predefinição escopo</comment>
<model>wikitext</model>
<format>text/x-wiki</format>
<text bytes="388" xml:space="preserve">={{-kmb-}}=
==Forma verbal==
'''zambula'''
# {{escopo2|Candomblé}} [[adivinhar|adivinha]] (imperativo)
===Nota===
* Este verbete é usado no idioma português dentro do âmbito do candomblé, mas seu uso ainda não foi corroborado pelos grandes dicionários da língua portuguesa.
==Ver também==
===No Wikcionário===
* [[Apêndice:Candomblé]]
[[Categoria:Forma verbal (Quimbundo)]]</text>
<sha1>8syr9mymtahguxex30lhtobnmyquqzv</sha1>
</revision>
