<page>
<page>
<title>zambujeiro</title>
<ns>0</ns>
<id>45016</id>
<revision>
<id>2553827</id>
<parentid>1346498</parentid>
<timestamp>2019-09-15T11:18:35Z</timestamp>
<contributor>
<username>ValJor</username>
<id>1358</id>
</contributor>
<comment>Acrescentando código de língua à [[:Categoria:!Página com mensagem de erro em predefinição|predefinição escopo]]</comment>
<model>wikitext</model>
<format>text/x-wiki</format>
<text bytes="397" xml:space="preserve">={{-pt-}}=
==Substantivo==
{{flex.pt|ms=zambujeiro|mp=zambujeiros}}
{{paroxítona|zam|bu|jei|ro}}, {{g|m}}
# {{escopo|pt|Botânica}} [[oliveira]] [[bravo|brava]]
=={{etimologia|pt}}==
: {{escopo|Morfologia}} [[zambujo]] + [[-eiro]].
==Ligações externas==
* {{Aulete}}
* {{Michaelis}}
* {{DicioAberto}}
* {{DPLP}}
* {{Infopédia}}
* {{PLP}}
* {{VOLPABL}}
[[Categoria:Substantivo (Português)]]</text>
<sha1>8ftkpnt9zn20e4tkevaiao9gy4lvv3c</sha1>
</revision>
