<page>
<title>Zambeye</title>
<ns>0</ns>
<id>422261</id>
<revision>
<id>2582236</id>
<timestamp>2020-03-16T09:42:13Z</timestamp>
<contributor>
<username>ValJor</username>
<id>1358</id>
</contributor>
<comment>Criação do verbete a partir da [[Especial:Páginas_pedidas|lista de palavras pedidas]]</comment>
<model>wikitext</model>
<format>text/x-wiki</format>
<text bytes="401" xml:space="preserve">[[Imagem:Flag of Zambia.svg|thumb|right|250px|&lt;center&gt;Bandeira da Zâmbia&lt;/center&gt;]]
[[Imagem:LocationZambia.svg|thumb|right|250px|&lt;center&gt;Localização da Zâmbia&lt;/center&gt;]]
={{-wa-}}=
==Substantivo==
'''Zambeye''', {{gramática|pr}}
# {{escopo|wa|País}} [[Zâmbia]]
==Ver também==
===No Wikcionário===
{{África/wa}}
[[Categoria:Substantivo (Valão)]]
[[Categoria:Entrada com imagem (Valão)]]</text>
<sha1>jokm5awywzxixhtymrllvf07pqxivep</sha1>
</revision>
</page>
