<page>
<title>zambi</title>
<ns>0</ns>
<id>85626</id>
<revision>
<id>1408969</id>
<parentid>1273190</parentid>
<timestamp>2012-05-09T06:07:58Z</timestamp>
<contributor>
<username>Luckas-bot</username>
<id>5986</id>
</contributor>
<minor />
<comment>r2.7.1) (Robô: A adicionar: [[pl:zambi]]</comment>
<model>wikitext</model>
<format>text/x-wiki</format>
<text bytes="167" xml:space="preserve">{{ver também|zâmbi}}
={{-pt-}}=
==Substantivo==
{{flex.pt|ms=zambi|mp=zambis}}
{{oxítona|zam|bi}}
# [[zumbi]]
[[Categoria:Substantivo (Português)]]
[[pl:zambi]]</text>
<sha1>k2cpagx6odiaweqdrbgae17uqt6a3pu</sha1>
</revision>
</page>
