<page>
<page>
<title>zambolber</title>
<ns>0</ns>
<id>388820</id>
<revision>
<id>2472239</id>
<timestamp>2017-12-21T17:51:03Z</timestamp>
<contributor>
<username>Imivorn</username>
<id>64513</id>
</contributor>
<comment>[[Ajuda:Guia de edição/Menus e ferramentas/Sumário de edição|→]] nova página: ={{-mwl-}}= ==Verbo== {{oxítona|zam|bol|ber|língua=mwl}} # [[desenvolver]]  [[Categoria: Verbo (Mirandês)]]</comment>
<model>wikitext</model>
<format>text/x-wiki</format>
<text bytes="110" xml:space="preserve">={{-mwl-}}=
==Verbo==
{{oxítona|zam|bol|ber|língua=mwl}}
# [[desenvolver]]
[[Categoria: Verbo (Mirandês)]]</text>
<sha1>ntzvz294rwn52dqv6xsxc3o2qgizul5</sha1>
</revision>
