<page>
<page>
<title>zambrelear</title>
<ns>0</ns>
<id>367057</id>
<revision>
<id>2190816</id>
<timestamp>2016-10-28T11:13:55Z</timestamp>
<contributor>
<username>Cpls</username>
<id>20608</id>
</contributor>
<comment>[[Ajuda:Guia de edição/Menus e ferramentas/Sumário de edição|→]] nova página: ={{-gl-}}= ==Verbo== {{oxítona|zam|bre|le|ar|lang=gl}} # [[torcer]] as pernas ao andar # [[abrir]] o passo p...</comment>
<model>wikitext</model>
<format>text/x-wiki</format>
<text bytes="318" xml:space="preserve">={{-gl-}}=
==Verbo==
{{oxítona|zam|bre|le|ar|lang=gl}}
# [[torcer]] as pernas ao andar
# [[abrir]] o passo para fora ao caminhar
===Sinónimo===
* [[zambrear#{{gl}}|zambrear]]
=={{etimologia|gl}}==
: {{escopo|Morfologia}} De ''[[zambrelo#{{gl}}|zambrelo]]'' + ''[[-ear#{{gl}}|-ear]]''.
[[Categoria:Verbo (Galego)]]</text>
<sha1>jhehfcflbksul07afzlfde0doelgnvz</sha1>
</revision>
