<page>
<page>
<title>zamba</title>
<ns>0</ns>
<id>85075</id>
<revision>
<id>2675325</id>
<parentid>2675320</parentid>
<timestamp>2022-04-28T09:44:17Z</timestamp>
<contributor>
<username>ValJor</username>
<id>1358</id>
</contributor>
<minor />
<comment>Revertidas edições por [[Especial:Contribuições/41.220.201.189|41.220.201.189]] para a última versão por [[Especial:Contribuições/ValJor|ValJor]]</comment>
<model>wikitext</model>
<format>text/x-wiki</format>
<text bytes="1601" xml:space="preserve">={{-pt-}}=
==Adjetivo==
{{flex.pt|ms=zambo|mp=zambos|fs=zamba|fp=zambas}}
{{paroxítona|zam|ba}}
# forma feminina de [[zambo]], que [[cambalear|cambaleia]], que tem as pernas tortas, ou cruza os pés ao caminhar
==Substantivo==
{{flex.pt|fs=zamba|fp=zambas}}
{{paroxítona|zam|ba}}, {{g|f}}
# [[dança]] e [[música]] da Argentina
=={{etimologia|pt}}==
{{llietimo|es|zambra|pt||[[zambra]]}}
==Ver também==
===No Wikcionário===
{{verTambém.Ini}}
* [[samba]]
{{verTambém.NovaColuna}}
* [[zambro]]
{{verTambém.Fim}}
[[Categoria:Adjetivo (Português)]]
[[Categoria:Substantivo (Português)]]
={{-gl-}}=
==Adjetivo==
{{flex.gl|ms=zambo|mp=zambos|fs=zamba|fp=zambas}}
{{paroxítona|zam|ba|lang=gl}}
# [[zamba#{{pt}}|zamba]], que [[cambalear|cambaleia]], que tem as pernas tortas, ou cruza os pés ao caminhar
==Substantivo==
{{flex.gl|ms=zamba|mp=zambas}}
{{paroxítona|zam|ba|lang=gl}}, {{g|m|lang=gl}}
# {{escopo|gl|Peixe}} [[pargo-zapata]] (''[[species:Pagrus caeruleostictus|Pagrus caeruleostictus]]'')
===Sinónimos===
* [[pausa#{{gl}}|pausa]], [[saima#{{gl}}|saima]], [[sama#{{gl}}|sama]], [[samaga#{{gl}}|samaga]], [[samba#{{gl}}|samba]], [[seima#{{gl}}|seima]]
[[Categoria:Substantivo (Galego)]]
={{-kmb-}}=
==Forma Verbal==
'''zamba'''
# {{escopo2|Candomblé}} [[exaltar|exalta-te]], (imperativo)
===Nota===
* Este verbete é usado no idioma português dentro do âmbito do candomblé, mas seu uso ainda não foi corroborado pelos grandes dicionários da língua portuguesa.
==Ver também==
===No Wikcionário===
* [[:Apêndice:Candomblé]]
[[Categoria:Forma verbal (Quimbundo)]]</text>
<sha1>1f8b6po5p0hciprlbq0c0jtzue7asuz</sha1>
</revision>
