<page>
<title>zambolbidas</title>
<ns>0</ns>
<id>388823</id>
<revision>
<id>2472244</id>
<timestamp>2017-12-21T17:55:45Z</timestamp>
<contributor>
<username>Imivorn</username>
<id>64513</id>
</contributor>
<comment>[[Ajuda:Guia de edição/Menus e ferramentas/Sumário de edição|→]] nova página: ={{-mwl-}}= ==Forma de adjetivo== {{paroxítona|zam|bol|bi|das|língua=mwl}} # plural feminino de '''zambol...</comment>
<model>wikitext</model>
<format>text/x-wiki</format>
<text bytes="182" xml:space="preserve">={{-mwl-}}=
==Forma de adjetivo==
{{paroxítona|zam|bol|bi|das|língua=mwl}}
# plural feminino de '''[[zambolbido#{{mwl}}|zambolbido]]'''
[[Categoria:Forma de adjetivo (Mirandês)]]</text>
<sha1>f21c5nlmnecdaotfn5syu00f9ofla9v</sha1>
</revision>
</page>
