<page>
<title>zamburinha</title>
<ns>0</ns>
<id>396174</id>
<revision>
<id>2503984</id>
<parentid>2503680</parentid>
<timestamp>2018-05-20T16:50:06Z</timestamp>
<contributor>
<username>Cpls</username>
<id>20608</id>
</contributor>
<comment>/* {{-gl-}} */</comment>
<model>wikitext</model>
<format>text/x-wiki</format>
<text bytes="1433" xml:space="preserve">[[Imagem:Chlamys varia brownish left valve.jpg|thumb|160px|right|&lt;center&gt;Zamburinha (''Chlamys varia'')&lt;/center&gt;]]
={{-gl-}}=
==Substantivo==
{{flex.gl|fs=zamburinha|fp=zamburinhas}}
{{paroxítona|zam|bu|ri|nha|lang=gl}}, {{g|f|lang=gl}}
# {{escopo|gl|Molusco}} [[leque-variado]] (''[[species:Chlamys varia|Chlamys varia]]'')
# {{escopo|gl|Molusco}} [[ostra perlífera]] (''[[species:Pteria hirundo|Pteria hirundo]]'')
# {{escopo2|por extensão}} [[vieira]] da espécie ''[[species:Aequipecten opercularis|Aequipecten opercularis]]''
# {{escopo|gl|Ave}} [[andorinha-dos-beirais]] (''[[species:Delichon urbicum|Delichon urbicum]]'')
===Sinónimos===
* De '''1''': [[andorinha#{{gl}}|andorinha]], [[avinheira#{{gl}}|avinheira]], [[avinhoa#{{gl}}|avinhoa]], [[cabuda#{{gl}}|cabuda]], [[camorinha#{{gl}}|camorinha]], [[patelinha#{{gl}}|patelinha]], [[samborinha#{{gl}}|samborinha]], [[samona#{{gl}}|samona]], [[samora#{{gl}}|samora]], [[samorinha#{{gl}}|samorinha]], [[samorrilho#{{gl}}|samorrilho]], [[santiaguinho#{{gl}}|santiaguinho]], [[vieira#{{gl}}|vieira]], [[zamarinha#{{gl}}|zamarinha]], [[zamborinha#{{gl}}|zamborinha]], [[zamorinha#{{gl}}|zamorinha]]
===Verbetes derivados===
* [[zamburinha-alodada#{{gl}}|zamburinha-alodada]]
* [[zamburinha-do-país#{{gl}}|zamburinha-do-país]]
* [[zamburinha-encarnada#{{gl}}|zamburinha-encarnada]]
* [[zamburinha-francesa#{{gl}}|zamburinha-francesa]]
[[Categoria:Substantivo (Galego)]]</text>
<sha1>mt2xhsqyjoczxg7spdbxyj3j2wgbpyh</sha1>
</revision>
</page>
