<page>
<page>
<title>zambo</title>
<ns>0</ns>
<id>295292</id>
<revision>
<id>1855837</id>
<parentid>1711079</parentid>
<timestamp>2014-09-08T13:09:59Z</timestamp>
<contributor>
<username>JAnDbot</username>
<id>25083</id>
</contributor>
<minor />
<comment>r2.7.3) (Robô: A adicionar: [[sh:zambo]]</comment>
<model>wikitext</model>
<format>text/x-wiki</format>
<text bytes="804" xml:space="preserve">={{-pt-}}=
==Adjetivo==
{{flex.pt|ms=zambo|mp=zambos|fs=zamba|fp=zambas}}
{{paroxítona|zam|bo}}
# que tem o caminhar [[torto]], que tem as pernas tortas e roça um pé com outro ao andar
===Sinônimo===
* [[zambro]]
=={{etimologia|pt}}==
: Do latim  vulgar ''strambus'', [[estrábico]], pelo castelhano ''zambo'' com o mesmo significado.
==Ver também==
===No Wikcionário===
{{verTambém.Ini}}
* [[zambra]]
{{verTambém.NovaColuna}}
* [[samba]]
{{verTambém.Fim}}
[[Categoria:Adjetivo (Português)]]
={{-es-}}=
==Adjetivo==
'''zambo'''
# [[zambo#Português|zambo]]
[[Categoria:Adjetivo (Espanhol)]]
[[chr:zambo]]
[[cs:zambo]]
[[en:zambo]]
[[es:zambo]]
[[fi:zambo]]
[[fr:zambo]]
[[ko:zambo]]
[[my:zambo]]
[[nah:zambo]]
[[nl:zambo]]
[[ru:zambo]]
[[sh:zambo]]
[[ta:zambo]]
[[vi:zambo]]
[[zh:zambo]]</text>
<sha1>mfaqjki88qdxw035jv04d9w8didxp13</sha1>
</revision>
