<page>
<page>
<title>zambekenu</title>
<ns>0</ns>
<id>85077</id>
<revision>
<id>2628163</id>
<parentid>1313051</parentid>
<timestamp>2021-03-31T16:47:43Z</timestamp>
<contributor>
<username>ValJor</username>
<id>1358</id>
</contributor>
<comment>Desfazendo uso indevido da predefinição escopo</comment>
<model>wikitext</model>
<format>text/x-wiki</format>
<text bytes="389" xml:space="preserve">={{-kmb-}}=
==Forma verbal==
'''zambekenu'''
# {{escopo2|Candomblé}} [[entregar|entregai]] (imperativo)
===Nota===
* Este verbete é usado no idioma português dentro do âmbito do candomblé, mas seu uso ainda não foi corroborado pelos grandes dicionários da língua portuguesa.
==Ver também==
===No Wikcionário===
* [[Apêndice:Candomblé]]
[[Categoria:Forma verbal (Quimbundo)]]</text>
<sha1>0gmjw41fv33ck8ui82m312ahffw3jwk</sha1>
</revision>
