<page>
<page>
<title>zamborca</title>
<ns>0</ns>
<id>395527</id>
<revision>
<id>2499588</id>
<timestamp>2018-04-28T12:15:56Z</timestamp>
<contributor>
<username>Cpls</username>
<id>20608</id>
</contributor>
<comment>[[Ajuda:Guia de edição/Menus e ferramentas/Sumário de edição|→]] nova página: ={{-gl-}}= ==Substantivo== {{flex.gl|fs=zamborca|fp=zamborcas}} {{paroxítona|zam|bor|ca|lang=gl}}, {{g|f|lan...</comment>
<model>wikitext</model>
<format>text/x-wiki</format>
<text bytes="762" xml:space="preserve">={{-gl-}}=
==Substantivo==
{{flex.gl|fs=zamborca|fp=zamborcas}}
{{paroxítona|zam|bor|ca|lang=gl}}, {{g|f|lang=gl}}
# {{escopo|gl|Peixe}} [[sável]] (''[[species:Alosa alosa|Alosa alosa]]''); mais especificamente a fêmea desta espécie
# {{escopo|gl|Peixe}} [[saboga]] (''[[species:Alosa fallax|Alosa fallax]]'')
{{flex.gl|ms=zamborca|mp=zamborcas}}
{{paroxítona|zam|bor|ca|lang=gl}}, {{g|m|lang=gl}}
# {{escopo|gl|pejorativo}} qualifica a uma mulher torpe ou de escasso entendimento
==={{-varort-}}===
* [[zamborga#{{gl}}|zamborga]]
===Sinónimos===
* Vide em [[samborca#{{gl}}|samborca]]
=={{etimologia|gl}}==
: Aparentada com o proto-céltico ''*samos'' &quot;[[verão]]&quot;. Confronte-se com ''[[samborca#{{gl}}|samborca]]''.
[[Categoria:Substantivo (Galego)]]</text>
<sha1>110dpe5d4ae9dfetfe6jpubuhlv3nom</sha1>
</revision>
