<page>
<title>zame</title>
<ns>0</ns>
<id>215557</id>
<revision>
<id>1321998</id>
<parentid>806002</parentid>
<timestamp>2011-12-05T17:51:30Z</timestamp>
<contributor>
<username>MalafayaBot</username>
<id>628</id>
</contributor>
<minor />
<comment>Robô: Substituição de texto automática (-^\=(\s*?)(\{\{roa-tal\}\}|Talian)(\s*?)\= +={{-roa-tal-}}=)</comment>
<model>wikitext</model>
<format>text/x-wiki</format>
<text bytes="174" xml:space="preserve">={{-roa-tal-}}=
==Substantivo==
'''zame''' {{m}}
# [[exame]]
# [[busca]], [[pesquisa]], [[análise]]
# [[inspeção]], [[interrogatório]]
[[Categoria:Substantivo (Talian)]]</text>
<sha1>aaica6eq266z5ou0dwxmf97qdvrkhal</sha1>
</revision>
</page>
