<page>
<title>zamelo</title>
<ns>0</ns>
<id>346840</id>
<revision>
<id>2210975</id>
<parentid>2175336</parentid>
<timestamp>2016-12-12T10:13:59Z</timestamp>
<contributor>
<username>Cpls</username>
<id>20608</id>
</contributor>
<comment>/* Sinônimos */</comment>
<model>wikitext</model>
<format>text/x-wiki</format>
<text bytes="620" xml:space="preserve">={{-gl-}}=
==Substantivo==
{{flex.gl|ms=zamelo|mp=zamelos}}
{{paroxítona|za|me|lo|lang=gl}}, {{g|m|lang=gl}}
# [[castanha]] cozida com toda a casca
# pequena castanha que no [[ouriço]] está no meio de duas maiores
==={{-varort-}}===
* De '''1''' (castanha cozida inteira): [[zamelho#Galego|zamelho]]
===Sinônimos===
* De '''1''' (castanha cozida inteira): [[bazuncho#{{gl}}|bazuncho]], [[mamelo#Galego|mamelo]], [[mamota#{{gl}}|mamota]], [[mamuda#Galego|mamuda]], [[marmota#Galego|marmota]], [[zoncho#{{gl}}|zoncho]]
=={{etimologia|gl}}==
: Talvez da mesma raiz que [[samelo]].
[[Categoria:Substantivo (Galego)]]</text>
<sha1>g4ni928yfr5kfsg47lu4sul7tl70i7u</sha1>
</revision>
</page>
