<page>
<title>zamelho</title>
<ns>0</ns>
<id>346842</id>
<revision>
<id>2034260</id>
<parentid>2034256</parentid>
<timestamp>2015-11-06T23:43:15Z</timestamp>
<contributor>
<username>Cpls</username>
<id>20608</id>
</contributor>
<comment>/* Substantivo */</comment>
<model>wikitext</model>
<format>text/x-wiki</format>
<text bytes="410" xml:space="preserve">={{-gl-}}=
==Substantivo==
{{flex.gl|ms=zamelho|mp=zamelhos}}
{{paroxítona|za|me|lho|lang=gl}}, {{m}}
# [[castanha]] cozida com toda a casca
===Variante===
* [[zamelo#Galego|zamelo]]
{{flex.gl|ms=zamelho|mp=zamelhos|fs=zamelha|fp=zamelhas}}
{{paroxítona|za|me|lho|lang=gl}}
# pessoa que fala com [[zetacismo]]
=={{etimologia|gl}}==
: Talvez da mesma raiz que [[samelo]].
[[Categoria:Substantivo (Galego)]]</text>
<sha1>ojkxxueltigwuprd4r3o1gqe7m8jfh0</sha1>
</revision>
</page>
