<page>
<title>zamek</title>
<ns>0</ns>
<id>338358</id>
<revision>
<id>2090837</id>
<parentid>2026606</parentid>
<timestamp>2016-04-22T11:55:28Z</timestamp>
<contributor>
<username>JAnDbot</username>
<id>25083</id>
</contributor>
<minor />
<comment>Robô: A adicionar: [[cs:zamek]]</comment>
<model>wikitext</model>
<format>text/x-wiki</format>
<text bytes="310" xml:space="preserve">={{-pl-}}=
==Substantivo==
# castelo
# fechadura
[[chr:zamek]]
[[cs:zamek]]
[[el:zamek]]
[[en:zamek]]
[[es:zamek]]
[[eu:zamek]]
[[fi:zamek]]
[[fr:zamek]]
[[hu:zamek]]
[[io:zamek]]
[[ja:zamek]]
[[ko:zamek]]
[[lt:zamek]]
[[mg:zamek]]
[[mk:zamek]]
[[pl:zamek]]
[[ru:zamek]]
[[sv:zamek]]
[[ta:zamek]]
[[uz:zamek]]</text>
<sha1>0xffp3s7koctfv1yq337two2rlbib72</sha1>
</revision>
</page>
