<page>
<page>
<title>zaminar</title>
<ns>0</ns>
<id>215554</id>
<revision>
<id>2026604</id>
<parentid>1322032</parentid>
<timestamp>2015-10-28T00:41:33Z</timestamp>
<contributor>
<username>HydrizBot</username>
<id>29590</id>
</contributor>
<minor />
<comment>Robô: A adicionar: [[es:zaminar]]</comment>
<model>wikitext</model>
<format>text/x-wiki</format>
<text bytes="224" xml:space="preserve">={{-roa-tal-}}=
==Verbo==
'''zaminar'''
# [[examinar]], [[investigar]]
# [[observar]], [[cuidar]]
# [[estudar]], [[provar]]
==Ver também==
===No Wikcionário===
* [[zaminando]]
[[Categoria:Verbo (Talian)]]
[[es:zaminar]]</text>
<sha1>5ixledp1t5i43dq765o44n0u3w6h5as</sha1>
</revision>
