<page>
<page>
<title>zaminàbile</title>
<ns>0</ns>
<id>215553</id>
<revision>
<id>1321798</id>
<parentid>805998</parentid>
<timestamp>2011-12-05T17:41:21Z</timestamp>
<contributor>
<username>MalafayaBot</username>
<id>628</id>
</contributor>
<minor />
<comment>Robô: Substituição de texto automática (-^\=(\s*?)(\{\{roa-tal\}\}|Talian)(\s*?)\= +={{-roa-tal-}}=)</comment>
<model>wikitext</model>
<format>text/x-wiki</format>
<text bytes="97" xml:space="preserve">={{-roa-tal-}}=
==Adjetivo==
'''zaminàbile'''
# [[examinável]]
[[Categoria:Adjetivo (Talian)]]</text>
<sha1>3dn5g3sehmxq9ezo53vgafrto64d2s2</sha1>
</revision>
