<page>
<page>
<title>zaminando</title>
<ns>0</ns>
<id>215555</id>
<revision>
<id>2026605</id>
<parentid>1321883</parentid>
<timestamp>2015-10-28T00:41:36Z</timestamp>
<contributor>
<username>HydrizBot</username>
<id>29590</id>
</contributor>
<minor />
<comment>Robô: A adicionar: [[es:zaminando]]</comment>
<model>wikitext</model>
<format>text/x-wiki</format>
<text bytes="152" xml:space="preserve">={{-roa-tal-}}=
==Forma verbal==
'''zaminando'''
# [[examinando]]; gerúndio de '''[[zaminar]]'''
[[Categoria:Forma verbal (Talian)]]
[[es:zaminando]]</text>
<sha1>7irn2a912hdhzaqfwyzqvfcfydwk6wu</sha1>
</revision>
