<page>
<title>zaminbador</title>
<ns>0</ns>
<id>215556</id>
<revision>
<id>1321999</id>
<parentid>806001</parentid>
<timestamp>2011-12-05T17:51:32Z</timestamp>
<contributor>
<username>MalafayaBot</username>
<id>628</id>
</contributor>
<minor />
<comment>Robô: Substituição de texto automática (-^\=(\s*?)(\{\{roa-tal\}\}|Talian)(\s*?)\= +={{-roa-tal-}}=)</comment>
<model>wikitext</model>
<format>text/x-wiki</format>
<text bytes="107" xml:space="preserve">={{-roa-tal-}}=
==Substantivo==
'''zaminbador''' {{m}}
# [[examinador]]
[[Categoria:Substantivo (Talian)]]</text>
<sha1>1dblv9z0eyqh0kf7pmtonr63ckmrmjv</sha1>
</revision>
</page>
