<page>
<title>Zamora</title>
<ns>0</ns>
<id>301481</id>
<revision>
<id>2472759</id>
<parentid>2282744</parentid>
<timestamp>2017-12-24T00:58:28Z</timestamp>
<contributor>
<username>Tribuno da Plebe</username>
<id>16095</id>
</contributor>
<model>wikitext</model>
<format>text/x-wiki</format>
<text bytes="407" xml:space="preserve">={{-pt-}}=
==Substantivo==
{{paroxítona|Za|mo|ra}}, {{g|pr}}
# província espanhola da Comunidade Autônoma de [[Castela e Leão]]
# município e cidade espanhola, capital da província do mesmo nome
==={{-varort-}}===
* [[Samora]]
===Termos derivados===
* [[zamorano]]
[[Categoria:Substantivo (Português)]]
[[Categoria:Cidade da Espanha (Português)]]
[[Categoria:Província da Espanha (Português)]]</text>
<sha1>0ekcxjcdcoelv06npan1swemnd7urru</sha1>
</revision>
</page>
