<page>
<title>zamouca</title>
<ns>0</ns>
<id>376446</id>
<revision>
<id>2256465</id>
<parentid>2256464</parentid>
<timestamp>2017-03-26T12:31:17Z</timestamp>
<contributor>
<username>Cpls</username>
<id>20608</id>
</contributor>
<comment>/* {{-gl-}} */</comment>
<model>wikitext</model>
<format>text/x-wiki</format>
<text bytes="500" xml:space="preserve">={{-gl-}}=
==Adjetivo==
{{flex.gl|s=zamouca|p=zamoucas}}
{{paroxítona|za|mou|ca|lang=gl}}, {{g|c2g|lang=gl}}
# que é [[descuidado]], que anda mal amanhado, desarranjado no vestir e na vida
===Sinónimos===
* [[lagoeiro#{{gl}}|lagoeiro]], [[parançulas#{{gl}}|parançulas]], [[torgalhão#{{gl}}|torgalhão]], [[zamoucão#{{gl}}|zamoucão]]
=={{etimologia|gl}}==
: Confronte-se com [[samouco]], com ''[[zamouco#{{gl}}|zamouco]]'' e ''[[taimouco#{{gl}}|taimouco]]''.
[[Categoria:Adjetivo (Galego)]]</text>
<sha1>0v0yddvotrbz0umbtq0nhi2g66r6gn3</sha1>
</revision>
</page>
