<page>
<title>zampenha</title>
<ns>0</ns>
<id>426913</id>
<revision>
<id>2597932</id>
<timestamp>2020-10-06T08:47:56Z</timestamp>
<contributor>
<username>Cpls</username>
<id>20608</id>
</contributor>
<comment>[[Ajuda:Guia de edição/Menus e ferramentas/Sumário de edição|→]] nova página: ={{-gl-}}= ==Substantivo== {{flex.gl|fs=zampenha|fp=zampenhas}} {{paroxítona|zam|pe|nha|lang=gl}}, {{g|f|lan...</comment>
<model>wikitext</model>
<format>text/x-wiki</format>
<text bytes="604" xml:space="preserve">={{-gl-}}=
==Substantivo==
{{flex.gl|fs=zampenha|fp=zampenhas}}
{{paroxítona|zam|pe|nha|lang=gl}}, {{g|f|lang=gl}}
# {{escopo|gl|Crustáceo}} [[caranguejo]] da espécie ''[[species:Carcinus maenas|Carcinus maenas]]'' ou ''[[species:Liocarcinus corrugatus|Liocarcinus corrugatus]]''
# {{escopo|gl|Crustáceo}} [[santiago]] (''[[species:Scyllarus arctus|Scyllarus arctus]]'')
===Sinónimos===
* De '''2''': Vide em [[aranhoto#{{gl}}|aranhoto]]
=={{etimologia|gl}}==
: Talvez relacionada com ''[[zampo#{{gl}}|zampo]]''. Confronte-se com ''[[empenha#{{gl}}|empenha]]''.
[[Categoria:Substantivo (Galego)]]</text>
<sha1>mrdpyyo93pn51wwaa6f9p7gs35esg1v</sha1>
</revision>
</page>
