<page>
<title>zampo</title>
<ns>0</ns>
<id>373136</id>
<revision>
<id>2597929</id>
<parentid>2228894</parentid>
<timestamp>2020-10-06T08:37:39Z</timestamp>
<contributor>
<username>Cpls</username>
<id>20608</id>
</contributor>
<comment>/* {{-gl-}} */</comment>
<model>wikitext</model>
<format>text/x-wiki</format>
<text bytes="651" xml:space="preserve">={{-gl-}}=
==Adjetivo==
{{flex.gl|ms=zampo|mp=zampos|fs=zampa|fp=zampas}}
{{paroxítona|zam|po|lang=gl}}
# [[cambaio]], [[zambo]]
# referido ao tubérculo do [[nabo]], que está danado por [[buraco|buraquinhos]]
===Sinónimos===
* De '''1''': [[fampo#{{gl}}|fampo]], [[trenco#{{gl}}|trenco]], [[zambo#{{gl}}|zambo]], [[zambrão#{{gl}}|zambrão]], [[zambrelho#{{gl}}|zambrelho]], [[zambrelo#{{gl}}|zambrelo]], [[zambro#{{gl}}|zambro]]
=={{etimologia|gl}}==
{{llietimo|la|strabus|gl|ponto=não}}, por uma forma vulgar ''strambus''. Confronte-se com ''[[zampar#{{gl}}|zampar]]''.
[[Categoria:Adjetivo (Galego)]]
[[en:zampo]]
[[es:zampo]]
[[it:zampo]]</text>
<sha1>fbkz8wv3uq872veitaln2mituyxr2tb</sha1>
</revision>
</page>
