<page>
<page>
<title>zamprão</title>
<ns>0</ns>
<id>367099</id>
<revision>
<id>2191069</id>
<timestamp>2016-10-28T19:08:24Z</timestamp>
<contributor>
<username>Cpls</username>
<id>20608</id>
</contributor>
<comment>[[Ajuda:Guia de edição/Menus e ferramentas/Sumário de edição|→]] nova página: ={{-gl-}}= ==Adjetivo== {{flex.gl|ms=zamprão|mp=zamprões|fs=zamprona|fp=zampronas}} {{oxítona|zam|prão|la...</comment>
<model>wikitext</model>
<format>text/x-wiki</format>
<text bytes="609" xml:space="preserve">={{-gl-}}=
==Adjetivo==
{{flex.gl|ms=zamprão|mp=zamprões|fs=zamprona|fp=zampronas}}
{{oxítona|zam|prão|lang=gl}}
# que [[caminhar|caminha]] mal, que é puco hábil caminhando, que pisa nas poças de água, [[torpe]]
==={{etimologia|gl}}===
: Pelo moçárabe ''eçrambo'', do latim vulgar *strambus, do latim clássico {{etimo|la|strabus}}, com raiz grega em {{etimo|grc|στρέφειν}} ''(stréphein)'' [[torcer]]. Confronte-se com ''[[zambrear#{{gl}}|zambrear]]'' e ''[[zambrão#{{gl}}|zambrão]]''.
=={{pronúncia|gl}}==
* [[AFI]]: /θaŋ.'pɾoŋ/ ou /saŋ.'pɾoŋ/
[[Categoria:Adjetivo (Galego)]]</text>
<sha1>hjnd1qyp0jrs5ovnnb2w5f06nj7b3a5</sha1>
</revision>
