<page>
<title>zampulhada</title>
<ns>0</ns>
<id>337615</id>
<revision>
<id>2555628</id>
<parentid>1905351</parentid>
<timestamp>2019-10-02T23:44:04Z</timestamp>
<contributor>
<username>Cpls</username>
<id>20608</id>
</contributor>
<comment>/* {{-gl-}} */</comment>
<model>wikitext</model>
<format>text/x-wiki</format>
<text bytes="378" xml:space="preserve">={{-gl-}}=
==Substantivo==
{{flex.gl|fs=zampulhada|fp=zampulhadas}}
{{paroxítona|zam|pu|lha|da|lang=gl}}, {{g|f|lang=gl}}
# [[queda]] de bruços
===Sinónimos===
* [[tambaluco#Galego|tambaluco]], [[zambulhada#Galego|zambulhada]]
=={{etimologia|gl}}==
: {{escopo|Morfologia}} Derivada do verbo [[galego]] ''[[zampulhar#Galego|zampulhar]]''.
[[Categoria:Substantivo (Galego)]]</text>
<sha1>4s22vff5vu99pjrje9h3ass8i88gwuw</sha1>
</revision>
</page>
