<page>
<title>zampeiro</title>
<ns>0</ns>
<id>415531</id>
<revision>
<id>2562050</id>
<timestamp>2019-11-19T13:56:39Z</timestamp>
<contributor>
<username>Cpls</username>
<id>20608</id>
</contributor>
<comment>[[Ajuda:Guia de edição/Menus e ferramentas/Sumário de edição|→]] nova página: ={{-gl-}}= ==Adjetivo== {{flex.gl|ms=zampeiro|mp=zampeiros|fs=zampeira|fp=zampeiras}} {{paroxítona|zam|pei|r...</comment>
<model>wikitext</model>
<format>text/x-wiki</format>
<text bytes="495" xml:space="preserve">={{-gl-}}=
==Adjetivo==
{{flex.gl|ms=zampeiro|mp=zampeiros|fs=zampeira|fp=zampeiras}}
{{paroxítona|zam|pei|ro|lang=gl}}
# que é [[torpe]]; que frequentemente se suja de [[lama]]
# [[pesado]] e torpe, a qualificar um animal
# qualifica uma planta que pelo peso dos frutos, ou da umidade está caída
=={{etimologia|gl}}==
: {{escopo|Morfologia}} De ''[[zampo#{{gl}}|zampo]]'' + ''[[-eiro#{{gl}}|-eiro]]''. Confronte-se com ''[[zampalhão#{{gl}}|zampalhão]]''.
[[Categoria:Adjetivo (Galego)]]</text>
<sha1>6azwiwlwk6i9xf2hi47o8zglw6gokxg</sha1>
</revision>
</page>
