<page>
<page>
<title>zampalhão</title>
<ns>0</ns>
<id>373135</id>
<revision>
<id>2562049</id>
<parentid>2228887</parentid>
<timestamp>2019-11-19T13:56:31Z</timestamp>
<contributor>
<username>Cpls</username>
<id>20608</id>
</contributor>
<comment>/* {{etimologia|gl}} */</comment>
<model>wikitext</model>
<format>text/x-wiki</format>
<text bytes="1129" xml:space="preserve">={{-gl-}}=
==Adjetivo&lt;sup&gt;1&lt;/sup&gt;==
{{flex.gl|ms=zampalhão|mp=zampalhães|fs=zampalhã|fs2=zampalhana|fp=zampalhãs|fp2=zampalhanas}}
{{oxítona|zam|pa|lhão|lang=gl}}
# que ao caminhar se [[sujar|suja]]
# [[torpe]], pouco habilidoso
==={{pronúncia|gl}}===
* [[AFI]]: /saŋ.pa.'ʎaŋ/ ou /θaŋ.pa.'ʎaŋ/
==Adjetivo&lt;sup&gt;2&lt;/sup&gt;==
{{flex.gl|ms=zampalhão|mp=zampalhões|fs=zampalhoa|fs2=zampalhona|fp=zampalhoas|fp2=zampalhonas}}
{{oxítona|zam|pa|lhão|lang=gl}}
# que caminha [[torpemente]] como um [[ganso]]
# [[torpe]], pouco habilidoso
# referido a um [[cavalo]] que [[trotar|trota]] de mal jeito
# desajeitado no [[vestir]]
# [[glutão]]
# que é [[tosco]], grosseiro, ignorante
==Substantivo==
{{flex.gl|ms=zampalhão|mp=zampalhões}}
{{oxítona|zam|pa|lhão|lang=gl}}, {{g|m|lang=gl}}
# {{escopo|gl|Arcaísmo}} [[ponche]], bebida alcoólica
==={{pronúncia|gl}}===
* [[AFI]]: /saŋ.pa.'ʎoŋ/ ou /θaŋ.pa.'ʎoŋ/
=={{etimologia|gl}}==
: Confronte-se com ''[[zampar#{{gl}}|zampar]]'', ''[[zampo#{{gl}}|zampo]]'', ''[[zampeiro#{{gl}}|zampeiro]]''.
[[Categoria:Adjetivo (Galego)]]
[[Categoria:Substantivo (Galego)]]</text>
<sha1>9n9iji9ndm3lvyy255etcll03t9ly65</sha1>
</revision>
