<page>
<title>zampeja</title>
<ns>0</ns>
<id>426911</id>
<revision>
<id>2597928</id>
<timestamp>2020-10-06T08:35:52Z</timestamp>
<contributor>
<username>Cpls</username>
<id>20608</id>
</contributor>
<comment>[[Ajuda:Guia de edição/Menus e ferramentas/Sumário de edição|→]] nova página: ={{-gl-}}= ==Substantivo== {{flex.gl|fs=zampeja|fp=zampejas}} {{paroxítona|zam|pe|ja|lang=gl}}, {{g|f|lang=g...</comment>
<model>wikitext</model>
<format>text/x-wiki</format>
<text bytes="483" xml:space="preserve">={{-gl-}}=
==Substantivo==
{{flex.gl|fs=zampeja|fp=zampejas}}
{{paroxítona|zam|pe|ja|lang=gl}}, {{g|f|lang=gl}}
# {{escopo|gl|Anfíbio}} [[salamandra]] da espécie ''[[species:Salamandra salamandra|Salandra salamandra]]''
==={{-varort-}}===
* [[zampesa#{{gl}}|zampesa]]
===Sinónimos===
* De '''1''': Vide em [[salamanca#Galego|salamanca]]
=={{etimologia|gl}}==
: {{escopo|Morfologia}} De ''[[zampo#Galego|zampa]]'' + ''[[-ejo#{{gl}}|-eja]]''.
[[Categoria:Substantivo (Galego)]]</text>
<sha1>fag9ka7d8u4444gkcndqe2rnox092cw</sha1>
</revision>
</page>
