<page>
<title>zampesa</title>
<ns>0</ns>
<id>426918</id>
<revision>
<id>2597948</id>
<parentid>2597947</parentid>
<timestamp>2020-10-06T09:30:17Z</timestamp>
<contributor>
<username>Cpls</username>
<id>20608</id>
</contributor>
<comment>/* {{-gl-}} */</comment>
<model>wikitext</model>
<format>text/x-wiki</format>
<text bytes="532" xml:space="preserve">={{-gl-}}=
==Substantivo==
{{flex.gl|fs=zampesa|fp=zampesas}}
{{paroxítona|zam|pe|sa|lang=gl}}, {{g|f|lang=gl}}
# {{escopo|gl|Anfíbio}} [[salamandra]] da espécie ''[[species:Salamandra salamandra|Salandra salamandra]]''
# {{escopo|gl|Anfíbio}} [[rã]] da erva, rã que está nos prados
==={{-varort-}}===
* De '''1''': [[zampeja#{{gl}}|zampeja]]
===Sinónimos===
* De '''1''': Vide em [[salamanca#Galego|salamanca]]
=={{etimologia|gl}}==
: Canofronte-se com ''[[zampeja#Galego|zampeja]]''.
[[Categoria:Substantivo (Galego)]]</text>
<sha1>95bht9lq477q4ce1yoc98cph3smp385</sha1>
</revision>
</page>
