<page>
<title>Zampol</title>
<ns>0</ns>
<id>342488</id>
<revision>
<id>2449456</id>
<parentid>2210539</parentid>
<timestamp>2017-09-13T01:13:08Z</timestamp>
<contributor>
<username>MIL973</username>
<id>41339</id>
</contributor>
<model>wikitext</model>
<format>text/x-wiki</format>
<text bytes="220" xml:space="preserve">={{-pt-}}=
==Substantivo==
{{flex.pt|s=Zampol|p=Zampóis}}
{{oxítona|Zam|pol}}, {{gramática|pr|c2g}}
# {{escopo|pt|Antropônimo}} [[Apêndice:Sobrenomes em português|sobrenome]]
[[Categoria:Substantivo (Português)]]</text>
<sha1>ar7c7rynsupj4dxgww2qazb2wkyir8e</sha1>
</revision>
</page>
