<page>
<page>
<title>zamurria</title>
<ns>0</ns>
<id>440286</id>
<revision>
<id>2659351</id>
<timestamp>2022-02-05T11:29:23Z</timestamp>
<contributor>
<username>Cpls</username>
<id>20608</id>
</contributor>
<comment>[[Ajuda:Guia de edição/Menus e ferramentas/Sumário de edição|→]] nova página: ={{-ast-}}= ==Substantivotivo== {{flex.ast|fs=zamurria|fp=zamurrias}} {{paroxítona|za|mu|rria|lang=ast}}, {{g|f}} # [[coágulo]] que se forma ao ferver o [[soro]] do [[leite]]  =={{etimologia|gl}}== : Talvez da mesma origem que {{etimo|ast|camorra}}. Confronte-se com [[camurro]], com o galego {{etimo|gl|zamurro}} e com a ideia de [[cabeço]] &quot;tona do leite&quot;.  [[Categoria:Substantivo (Asturiano)]]</comment>
<model>wikitext</model>
<format>text/x-wiki</format>
<text bytes="400" xml:space="preserve">={{-ast-}}=
==Substantivotivo==
{{flex.ast|fs=zamurria|fp=zamurrias}}
{{paroxítona|za|mu|rria|lang=ast}}, {{g|f}}
# [[coágulo]] que se forma ao ferver o [[soro]] do [[leite]]
=={{etimologia|gl}}==
: Talvez da mesma origem que {{etimo|ast|camorra}}. Confronte-se com [[camurro]], com o galego {{etimo|gl|zamurro}} e com a ideia de [[cabeço]] &quot;tona do leite&quot;.
[[Categoria:Substantivo (Asturiano)]]</text>
<sha1>r6tjnffnpi9v90ttz3ks9t8epf1szbs</sha1>
</revision>
