<page>
<title>zamurro</title>
<ns>0</ns>
<id>440285</id>
<revision>
<id>2659361</id>
<parentid>2659350</parentid>
<timestamp>2022-02-05T11:54:18Z</timestamp>
<contributor>
<username>Cpls</username>
<id>20608</id>
</contributor>
<comment>/* {{-gl-}} */</comment>
<model>wikitext</model>
<format>text/x-wiki</format>
<text bytes="453" xml:space="preserve">={{-gl-}}=
==Adjetivo==
{{flex.gl|ms=zamurro|mp=zamurros|fs=zamurra|fp=zamurras}}
{{paroxítona|za|mur|ro|lang=gl}}
# [[rude]], de pouco entendimento
==={{-varort-}}===
* [[zaburro#{{gl}}|zaburro]]
=={{etimologia|gl}}==
: Talvez da mesma origem que [[camurro]]. . Confronte-se com ''[[zamurrão#{{gl}}|zamurrão]]'', com o asturiano {{etimo|ast|camorra}} e {{etimo|ast|zamurria}}.
==Ligação externa==
* {{Estraviz}}
[[Categoria:Adjetivo (Galego)]]</text>
<sha1>5p14d6epx67i96gt51sk3byy629xq8i</sha1>
</revision>
</page>
