<page>
<title>zanatl</title>
<ns>0</ns>
<id>404067</id>
<revision>
<id>2593340</id>
<parentid>2529534</parentid>
<timestamp>2020-08-01T09:54:16Z</timestamp>
<contributor>
<username>Marrovi</username>
<id>27953</id>
</contributor>
<model>wikitext</model>
<format>text/x-wiki</format>
<text bytes="104" xml:space="preserve">={{-nhn-}}=
==Substantivo==
'''za.natl'''
# [[tordo]]
{{categorias|{{nhn}}|Substantivo|Dissílabo|Ave}}</text>
<sha1>2vtoftgh2f8s1pozbh31trmiz223xmi</sha1>
</revision>
</page>
