<page>
<page>
<title>zanahoria</title>
<ns>0</ns>
<id>265834</id>
<revision>
<id>2220903</id>
<parentid>2002034</parentid>
<timestamp>2017-01-09T07:52:39Z</timestamp>
<contributor>
<username>UT-interwiki-Bot</username>
<id>56129</id>
</contributor>
<minor />
<comment>Robô: A adicionar: [[eo:zanahoria]]</comment>
<model>wikitext</model>
<format>text/x-wiki</format>
<text bytes="761" xml:space="preserve">={{-es-}}=
==Substantivo==
'''zanahoria''', ''feminino''
# [[cenoura]]
[[Categoria:Substantivo (Espanhol)]]
[[Categoria:Botânica (Espanhol)]]
[[Categoria:Alimentação (Espanhol)]]
[[az:zanahoria]]
[[ca:zanahoria]]
[[da:zanahoria]]
[[el:zanahoria]]
[[en:zanahoria]]
[[eo:zanahoria]]
[[es:zanahoria]]
[[et:zanahoria]]
[[eu:zanahoria]]
[[fi:zanahoria]]
[[fj:zanahoria]]
[[fr:zanahoria]]
[[fy:zanahoria]]
[[gl:zanahoria]]
[[gv:zanahoria]]
[[hr:zanahoria]]
[[hu:zanahoria]]
[[hy:zanahoria]]
[[id:zanahoria]]
[[io:zanahoria]]
[[it:zanahoria]]
[[ko:zanahoria]]
[[mg:zanahoria]]
[[nl:zanahoria]]
[[pl:zanahoria]]
[[ro:zanahoria]]
[[ru:zanahoria]]
[[sv:zanahoria]]
[[sw:zanahoria]]
[[ta:zanahoria]]
[[tg:zanahoria]]
[[tr:zanahoria]]
[[vo:zanahoria]]
[[zh:zanahoria]]</text>
<sha1>dmuruseipt6lsf0kwdb6n518lbhl8d0</sha1>
</revision>
