<page>
<page>
<title>zanba</title>
<ns>0</ns>
<id>16977</id>
<revision>
<id>1803874</id>
<parentid>1533825</parentid>
<timestamp>2014-01-08T12:44:03Z</timestamp>
<contributor>
<username>MalafayaBot</username>
<id>628</id>
</contributor>
<minor />
<comment>r2.7.5) (Robô: A adicionar: [[mg:zanba]]</comment>
<model>wikitext</model>
<format>text/x-wiki</format>
<text bytes="200" xml:space="preserve">={{-cri-}}=
==Substantivo==
'''zanba'''    ''substantivo''
#[[elefante]]
==Ver também==
* [[:pt:olifante|Papiamento [olifante]]]   
[[Categoria:Substantivo (São-tomense)]]
[[fr:zanba]]
[[mg:zanba]]</text>
<sha1>4wut6pagk0ws9hh8piv9txdy88ag5g9</sha1>
</revision>
