<page>
<page>
<title>Zanbi</title>
<ns>0</ns>
<id>135697</id>
<revision>
<id>2539157</id>
<parentid>2282745</parentid>
<timestamp>2019-03-14T23:25:44Z</timestamp>
<contributor>
<username>ValJor</username>
<id>1358</id>
</contributor>
<comment>Acrescentando código de língua à [[:Categoria:!Página com mensagem de erro em predefinição|predefinição escopo]]</comment>
<model>wikitext</model>
<format>text/x-wiki</format>
<text bytes="426" xml:space="preserve">{{Wikipédia|lang=ht}}
[[Imagem:Flag of Zambia.svg|thumb|right|250px|&lt;center&gt;Bandeira da Zâmbia&lt;/center&gt;]]
[[Imagem:LocationZambia.svg|thumb|right|250px|&lt;center&gt;Localização da Zâmbia&lt;/center&gt;]]
={{-ht-}}=
==Substantivo==
'''Zanbi''', {{gramática|pr}}
# {{escopo|ht|País}} [[Zâmbia]]
==Ver também==
===No Wikcionário===
{{África/ht}}
[[Categoria:Substantivo (Haitiano)]]
[[Categoria:Entrada com imagem (Haitiano)]]</text>
<sha1>fv3k1hky5gwftjur0l0kl46gdkuh0z3</sha1>
</revision>
