<page>
<page>
<title>Zanbia</title>
<ns>0</ns>
<id>393363</id>
<revision>
<id>2487524</id>
<timestamp>2018-03-02T17:18:20Z</timestamp>
<contributor>
<username>ValJor</username>
<id>1358</id>
</contributor>
<comment>Criação do verbete a partir da [[Especial:Páginas_pedidas|lista de palavras pedidas]]</comment>
<model>wikitext</model>
<format>text/x-wiki</format>
<text bytes="749" xml:space="preserve">{{Wikipédia|lang=bm}}
{{Wikipédia|lang=vec}}
[[Imagem:Flag of Zambia.svg|thumb|right|250px|&lt;center&gt;Bandeira da Zâmbia&lt;/center&gt;]]
[[Imagem:LocationZambia.svg|thumb|right|250px|&lt;center&gt;Localização da Zâmbia&lt;/center&gt;]]
={{-bm-}}=
==Substantivo==
'''Zanbia''', {{gramática|pr}}
# {{escopo|bm|Geografia}} [[Zâmbia]]
==Ver também==
===No Wikcionário===
{{África/bm}}
[[Categoria:Substantivo (Bambara)]]
[[Categoria:País (Bambara)]]
[[Categoria:Entrada com imagem (Bambara)]]
={{-vec-}}=
==Substantivo==
'''Zanbia''', {{gramática|pr}}
# {{escopo|vec|Geografia}} [[Zâmbia]]
==Ver também==
===No Wikcionário===
{{África/vec}}
[[Categoria:Substantivo (Vêneto)]]
[[Categoria:País (Vêneto)]]
[[Categoria:Entrada com imagem (Vêneto)]]</text>
<sha1>2etpqkay4o13s1kxk2m4ocgg10gvgec</sha1>
</revision>
