<page>
<page>
<title>zancalhada</title>
<ns>0</ns>
<id>414080</id>
<revision>
<id>2555413</id>
<timestamp>2019-10-01T09:03:50Z</timestamp>
<contributor>
<username>Cpls</username>
<id>20608</id>
</contributor>
<comment>[[Ajuda:Guia de edição/Menus e ferramentas/Sumário de edição|→]] nova página: ={{-gl-}}= ==Substantivo== {{flex.gl|fs=zancalhada|fp=zancalhadas}} {{paroxítona|zan|ca|lha|da|lang=gl}}, {{...</comment>
<model>wikitext</model>
<format>text/x-wiki</format>
<text bytes="529" xml:space="preserve">={{-gl-}}=
==Substantivo==
{{flex.gl|fs=zancalhada|fp=zancalhadas}}
{{paroxítona|zan|ca|lha|da|lang=gl}}, {{g|f|lang=gl}}
# [[cambapé]], rasteira
===Sinónimos===
* [[cambadela#{{gl}}|cambadela]], [[cambapé#{{gl}}|cambapé]], [[chambra#{{gl}}|chambra]], [[garabicha#{{gl}}|garabicha]], [[traspé#{{gl}}|traspé]], [[trastano#{{gl}}|trastano]], [[zancadela#{{gl}}|zancadela]]
=={{etimologia|gl}}==
: Confronte-se com ''[[zancalho#{{gl}}|zancalho]]'' e ''[[azancanhar#{{gl}}|azancanhar]]''.
[[Categoria:Substantivo (Galego)]]</text>
<sha1>tr3ti555tgyoi9vkyj5oqkb0525n6le</sha1>
</revision>
