<page>
<title>zanca</title>
<ns>0</ns>
<id>370390</id>
<revision>
<id>2555409</id>
<parentid>2255049</parentid>
<timestamp>2019-10-01T08:44:45Z</timestamp>
<contributor>
<username>Cpls</username>
<id>20608</id>
</contributor>
<comment>/* Substantivo */</comment>
<model>wikitext</model>
<format>text/x-wiki</format>
<text bytes="941" xml:space="preserve">={{-gl-}}=
==Substantivo==
{{flex.gl|fs=zanca|fp=zancas}}
{{paroxítona|zan|ca|lang=gl}}, {{g|f|lang=gl}}
# [[perna]] de ave
# perna de pessoa
# [[pinça]] de [[crustáceo]]
# [[alavanca]] curva do [[pedal]] que transmite o movimento adiante a atrás como rotatório
# numa [[escada]], cada um dos paus paralelos sobre os que estão afixados os [[degrau]]s
# cada uma das quatro [[trave]]s principais do [[hôrreo]] quadrado que vão de pé a pé
# pontão, [[espeque]] grande
# propriedade agrícola cercada, terra de lavoura [[valar|valada]]
# [[vale]] entre montanhas
==={{-varort-}}===
: De '''8''': [[xanca#{{gl}}|xanca]].
=={{etimologia|gl}}==
{{llietimo|la|zancha|gl|ponto=não}}, pelo persa {{etimo|fa|ظانگا}}. Confronte-se com ''[[zanco#{{gl}}|zanco]]'' e ''[[sanja#{{gl}}|sanja]]''.
[[Categoria:Substantivo (Galego)]]
[[ast:zanca]]
[[en:zanca]]
[[es:zanca]]
[[fr:zanca]]
[[it:zanca]]
[[mg:zanca]]
[[pl:zanca]]
[[zh:zanca]]</text>
<sha1>hktfxjmxfs6b3szelrspfc0j1m8b7xy</sha1>
</revision>
</page>
