<page>
<title>zanco</title>
<ns>0</ns>
<id>215560</id>
<revision>
<id>2255056</id>
<parentid>2255055</parentid>
<timestamp>2017-03-23T10:00:09Z</timestamp>
<contributor>
<username>Cpls</username>
<id>20608</id>
</contributor>
<comment>/* {{-gl-}} */</comment>
<model>wikitext</model>
<format>text/x-wiki</format>
<text bytes="1297" xml:space="preserve">={{-es-}}=
==Substantivo==
{{flex.es|ms=zanco|mp=zancos}}
{{paroxítona|zan|co|lang=es}}, {{g|m|lang=es}}
# [[perna de pau]], [[hastes]] de [[madeira]] usadas para [[andar]], usadas principalmente por [[artista]]s [[circense]]s
=={{etimologia|es}}==
{{llietimo|la|zancha|es|ponto=não}}, pelo persa {{etimo|fa|ظانگا}}.
[[Categoria:Substantivo (Espanhol)]]
={{-gl-}}=
==Substantivo==
{{flex.gl|ms=zanco|mp=zancos}}
{{paroxítona|zan|co|lang=gl}}, {{g|m|lang=gl}}
# [[soco]]
# [[perna de pau]], [[hastes]] de [[madeira]] usadas para [[andar]], usadas principalmente por [[artista]]s [[circense]]s
# [[passo]] largo; por extensão [[passada]], distância entre os lugares nos que pousam os pés ao andar
# [[coxa]] de frango, coxa de ave
===Sinónimos===
* De '''2''': [[zanca#{{gl}}|zanca]], [[zanga#{{gl}}|zanga]], [[zango#{{gl}}|zango]]
* De '''3''': [[alancada#{{gl}}|alancada]], [[azancanhada#{{gl}}|azancanhada]], [[zancada#{{gl}}|zancada]], [[zancuada#{{gl}}|zancuada]]
=={{etimologia|gl}}==
{{llietimo|la|zancha|gl|ponto=não}}, pelo persa {{etimo|fa|ظانگا}}.
[[Categoria:Substantivo (Galego)]]
={{-roa-tal-}}=
==Adjetivo==
'''zanco'''
# [[canhoto]]
[[Categoria:Adjetivo (Talian)]]
[[cs:zanco]]
[[en:zanco]]
[[fi:zanco]]
[[io:zanco]]
[[ko:zanco]]
[[pl:zanco]]
[[zh:zanco]]</text>
<sha1>rpl0a4o33e0flkeen4sj1oi01qaih56</sha1>
</revision>
</page>
