<page>
<title>zancanhada</title>
<ns>0</ns>
<id>414079</id>
<revision>
<id>2555412</id>
<timestamp>2019-10-01T09:03:30Z</timestamp>
<contributor>
<username>Cpls</username>
<id>20608</id>
</contributor>
<comment>[[Ajuda:Guia de edição/Menus e ferramentas/Sumário de edição|→]] nova página: ={{-gl-}}= ==Substantivo== {{flex.gl|fs=zancanhada|fp=zancanhadas}} {{paroxítona|zan|ca|nha|da|lang=gl}}, {{...</comment>
<model>wikitext</model>
<format>text/x-wiki</format>
<text bytes="498" xml:space="preserve">={{-gl-}}=
==Substantivo==
{{flex.gl|fs=zancanhada|fp=zancanhadas}}
{{paroxítona|zan|ca|nha|da|lang=gl}}, {{g|f|lang=gl}}
# [[passo]] largo; por extensão [[passada]], distância entre os lugares nos que pousam os pés ao andar
==={{-varort-}}===
* [[azancanhada#{{gl}}|azancanhada]]
===Sinónimos===
* Vide em  [[zancada#{{gl}}|zancada]]
=={{etimologia|gl}}==
: De ''[[azancanhar#{{gl}}|azancanhar]]''. Confronte-se com ''[[zancalhada#{{gl}}|zancalhada]]''.
[[Categoria:Substantivo (Galego)]]</text>
<sha1>n9l5vfxhjubm9zg9schelpc86jdq4xm</sha1>
</revision>
</page>
