<page>
<page>
<title>zancáu</title>
<ns>0</ns>
<id>414072</id>
<revision>
<id>2555422</id>
<parentid>2555410</parentid>
<timestamp>2019-10-01T09:29:39Z</timestamp>
<contributor>
<username>Cpls</username>
<id>20608</id>
</contributor>
<comment>/* {{etimologia|ast}} */</comment>
<model>wikitext</model>
<format>text/x-wiki</format>
<text bytes="560" xml:space="preserve">={{-ast-}}=
==Substantivo==
{{flex.ast|ms=zancáu|mp=zancaos}}
{{oxítona|lang=ast|zan|cáu}}, {{g|m|lang=ast}}
# {{escopo|ast|Peixe}} [[tranca#Português|tranca]], [[salmão]] depois da desova 
# salmão fêmea
# {{escopo|ast|Crustáceo}} [[caranguejo]] de rio
===Sinónimos===
* De '''1''': [[xagüetu#{{gl}}|xagüetu]], [[zancada#{{gl}}|zancada]]
=={{etimologia|ast}}==
: De '''1''' e '''2''': Cognado do galego {{etimo|gl|zancado}}.
: De '''3''': Confronte-se com o galego {{etimo|gl|zanca}} &quot;pinça de crustáceo&quot;.
[[Categoria:Substantivo (Asturiano)]]</text>
<sha1>guq63ekth11wre5zw6xi2lrmiw66dh6</sha1>
</revision>
