<page>
<page>
<title>zancaneio</title>
<ns>0</ns>
<id>414065</id>
<revision>
<id>2555379</id>
<parentid>2555373</parentid>
<timestamp>2019-09-30T20:58:48Z</timestamp>
<contributor>
<username>Cpls</username>
<id>20608</id>
</contributor>
<comment>/* {{-gl-}} */</comment>
<model>wikitext</model>
<format>text/x-wiki</format>
<text bytes="467" xml:space="preserve">={{-gl-}}=
==Substantivo==
{{flex.pt|ms=zancaneio|mp=zancaneios}}
{{paroxítona|za|ca|nei|o|lang=gl}}, {{g|m|lang=gl}}
# ação de [[caminhar]] de um lugar para outro sem proveito aparente
==={{-varort-}}===
* [[zancaneo#{{gl}}|zancaneo]]
=={{etimologia|gl}}==
: Aparentado com ''[[zângão#{{gl}}|zângão]]''. Confronte-se com ''[[zanca#{{gl}}|zanca]]'', ''[[zancanear#{{gl}}|zancanear]]'' e ''[[zangoneio#{{gl}}|zangoneio]]''.
[[Categoria:Substantivo (Galego)]]</text>
<sha1>q70p9d8dz21n58z3mf6yi8kv6rc3ufx</sha1>
</revision>
