<page>
<page>
<title>zancanear</title>
<ns>0</ns>
<id>414064</id>
<revision>
<id>2555377</id>
<parentid>2555369</parentid>
<timestamp>2019-09-30T20:48:51Z</timestamp>
<contributor>
<username>Cpls</username>
<id>20608</id>
</contributor>
<comment>/* {{-gl-}} */</comment>
<model>wikitext</model>
<format>text/x-wiki</format>
<text bytes="440" xml:space="preserve">={{-gl-}}=
==Verbo==
{{oxítona|zan|ca|ne|ar|lang=gl}}
# [[caminhar]] de um lugar a outro sem proveito
===Sinónimos===
* [[cancanear#{{gl}}|cancanear]], [[zangonear#{{gl}}|zangonear]]
=={{etimologia|gl}}==
: {{escopo|Morfologia}} De ''[[zancaneo#Galego|zancaneo]]'' + ''[[-ar#{{gl}}|-ar]]''. Confronte-se com ''[[zanco#{{gl}}|zanco]]'', ''[[zângão#{{gl}}|zângão]]'' e ''[[zanganear#{{gl}}|zanganear]]''.
[[Categoria:Verbo (Galego)]]</text>
<sha1>1462s6myg1zwsyh66y76r95imde7029</sha1>
</revision>
