<page>
<page>
<title>zancada</title>
<ns>0</ns>
<id>414083</id>
<revision>
<id>2555417</id>
<parentid>2555416</parentid>
<timestamp>2019-10-01T09:09:15Z</timestamp>
<contributor>
<username>Cpls</username>
<id>20608</id>
</contributor>
<comment>/* {{-ast-}} */</comment>
<model>wikitext</model>
<format>text/x-wiki</format>
<text bytes="1265" xml:space="preserve">={{-ast-}}=
==Substantivo==
{{flex.ast|fs=zancada|fp=zancaes}}
{{paroxítona|lang=ast|zan|ca|da}}, {{g|f|lang=ast}}
# [[passada]], distância entre os lugares nos que pousam os pés ao andar
# o facto de aderir-se [[neve]] nas [[soca]]s de madeira
# [[defesa]] de pedras e lenha para que as [[enchente]]s não danem os terrenos de cultura
# {{escopo|ast|Peixe}} [[tranca#Português|tranca]], [[salmão]] depois da desova
==={{-varort-}}===
* De '''1''': [[zancá#{{ast}}|zancá]]
===Sinónimos===
* De '''4''': [[xagüetu#{{gl}}|xagüetu]], [[zancáu#{{gl}}|zancáu]]
=={{etimologia|ast}}==
: Da mesma origem que {{etimo|ast|zancu}} ou {{etimo|ast|estancu}}.
[[Categoria:Substantivo (Asturiano)]]
={{-gl-}}=
==Substantivo==
{{flex.gl|fs=zancada|fp=zancadas}}
{{paroxítona|zan|ca|da|lang=gl}}, {{g|f|lang=gl}}
# [[passo]] largo; por extensão [[passada]], distância entre os lugares nos que pousam os pés ao andar
===Sinónimos===
* [[alancada#{{gl}}|alancada]], [[azancanhada#{{gl}}|azancanhada]], [[zancanhada#{{gl}}|zancanhada]], [[zancuada#{{gl}}|zancuada]], [[zanco#{{gl}}|zanco]] 
=={{etimologia|gl}}==
: {{escopo|Morfologia}} De ''[[zanca#{{gl}}|zanca]]'' ou ''[[zanco#{{gl}}|zanco]]'' + ''[[-ada#{{gl}}|-ada]]''.
[[Categoria:Substantivo (Galego)]]</text>
<sha1>jiy5he66j97gzmjgkhz1j2cxrwlqyej</sha1>
</revision>
