<page>
<page>
<title>zanda</title>
<ns>0</ns>
<id>85081</id>
<revision>
<id>2628242</id>
<parentid>1313054</parentid>
<timestamp>2021-03-31T20:35:07Z</timestamp>
<contributor>
<username>ValJor</username>
<id>1358</id>
</contributor>
<comment>Desfazendo uso indevido da predefinição escopo</comment>
<model>wikitext</model>
<format>text/x-wiki</format>
<text bytes="387" xml:space="preserve">={{-kmb-}}=
==Forma verbal==
'''zanda'''
# {{escopo2|Candomblé}} [[florescer|floresça]] (imperativo)
===Nota===
* Este verbete é usado no idioma português dentro do âmbito do candomblé, mas seu uso ainda não foi corroborado pelos grandes dicionários da língua portuguesa.
==Ver também==
===No Wikcionário===
* [[Apêndice:Candomblé]]
[[Categoria:Forma verbal (Quimbundo)]]</text>
<sha1>oxwgblpe2mt3mylrhrny8nnonlgwj1s</sha1>
</revision>
