<page>
<page>
<title>zanfonista</title>
<ns>0</ns>
<id>420610</id>
<revision>
<id>2576332</id>
<parentid>2576330</parentid>
<timestamp>2020-02-09T23:27:53Z</timestamp>
<contributor>
<username>Cpls</username>
<id>20608</id>
</contributor>
<comment>/* {{-gl-}} */</comment>
<model>wikitext</model>
<format>text/x-wiki</format>
<text bytes="369" xml:space="preserve">={{-gl-}}=
==Substantivo==
{{flex.gl|s=zanfonista|p=zanfonistas}}
{{paroxítona|zan|fo|nis|ta|lang=gl}}, {{g|c2g|lang=gl}}
# pessoa que [[tocar|toca]] a [[viela de roda]]
===Sinónimo===
* [[zanfoneiro#{{gl}}|zanfoneiro]]
=={{etimologia|gl}}==
: {{escopo|Morfologia}} De ''[[zanfona#{{gl}}|zanfona]]'' + ''[[-ista#{{gl}}|-ista]]''.
[[Categoria:Substantivo (Galego)]]</text>
<sha1>j5dd654zt7iws32pif8wbcje3smfhc8</sha1>
</revision>
