<page>
<title>zanfonear</title>
<ns>0</ns>
<id>420611</id>
<revision>
<id>2576331</id>
<timestamp>2020-02-09T23:25:07Z</timestamp>
<contributor>
<username>Cpls</username>
<id>20608</id>
</contributor>
<comment>[[Ajuda:Guia de edição/Menus e ferramentas/Sumário de edição|→]] nova página: ={{-gl-}}= ==Verbo== {{oxítona|zan|fo|ne|ar|lang=gl}} # tocar a [[viola de roda]] # perder o tempo, estar oc...</comment>
<model>wikitext</model>
<format>text/x-wiki</format>
<text bytes="350" xml:space="preserve">={{-gl-}}=
==Verbo==
{{oxítona|zan|fo|ne|ar|lang=gl}}
# tocar a [[viola de roda]]
# perder o tempo, estar ocioso, desocupado
=={{etimologia|gl}}==
: {{escopo|Morfologia}} De ''[[zanfona#{{gl}}|zanfona]]'' + ''[[-ear#{{gl}}|-ear]]''. Confronte-se com ''[[zangonear#{{gl}}|zangonear]]'' e ''[[zanfão#{{gl}}|zanfão]]''.
[[Categoria:Verbo (Galego)]]</text>
<sha1>5ocowdtp9v6zjoz39slyx8knfm61dtz</sha1>
</revision>
</page>
