<page>
<title>zanfoneiro</title>
<ns>0</ns>
<id>420609</id>
<revision>
<id>2576518</id>
<parentid>2576329</parentid>
<timestamp>2020-02-10T16:09:42Z</timestamp>
<contributor>
<username>Cpls</username>
<id>20608</id>
</contributor>
<model>wikitext</model>
<format>text/x-wiki</format>
<text bytes="430" xml:space="preserve">={{-gl-}}=
==Substantivo==
{{flex.gl|ms=zanfoneiro|mp=zanfoneiros|fs=zanfoneira|fp=zanfoneiras}}
{{paroxítona|zan|fo|nei|ro|lang=gl}}
# pessoa que [[tocar|toca]] a [[viela de roda]]
===Sinónimo===
* [[zanfonista#{{gl}}|zanfonista]]
=={{etimologia|gl}}==
: {{escopo|Morfologia}} De ''[[zanfona#{{gl}}|zanfona]]'' + ''[[-eiro#{{gl}}|-eiro]]''. Confronte-se com ''[[zanfão#{{gl}}|zanfão]]''.
[[Categoria:Substantivo (Galego)]]</text>
<sha1>4ck9aqlvgyc00xb31mu2e1q3ww4sq6q</sha1>
</revision>
</page>
