<page>
<title>zanfão</title>
<ns>0</ns>
<id>374114</id>
<revision>
<id>2235335</id>
<timestamp>2017-02-09T20:27:27Z</timestamp>
<contributor>
<username>Cpls</username>
<id>20608</id>
</contributor>
<comment>[[Ajuda:Guia de edição/Menus e ferramentas/Sumário de edição|→]] nova página: ={{-gl-}}= ==Adjetivo== {{flex.gl|ms=zanfão|mp=zanfões|fs=zanfona|fp=zanfonas}} {{oxítona|zan|fão|lang=gl...</comment>
<model>wikitext</model>
<format>text/x-wiki</format>
<text bytes="338" xml:space="preserve">={{-gl-}}=
==Adjetivo==
{{flex.gl|ms=zanfão|mp=zanfões|fs=zanfona|fp=zanfonas}}
{{oxítona|zan|fão|lang=gl}}
# [[torpe]], de pouca agilidade
# qualifica a quem é pouco [[útil]]
# que [[estorvar|estorva]]
# [[maçante]], pesado
=={{etimologia|gl}}==
: Confronte-se com ''[[zanfona#{{gl}}|zanfona]]''.
[[Categoria:Adjetivo (Galego)]]</text>
<sha1>4mnroea72pw8mpf363dpa1udjs6homa</sha1>
</revision>
</page>
