<page>
<page>
<title>zangão</title>
<ns>0</ns>
<id>17033</id>
<revision>
<id>2586858</id>
<parentid>2419311</parentid>
<timestamp>2020-05-01T08:50:23Z</timestamp>
<contributor>
<username>ValJor</username>
<id>1358</id>
</contributor>
<comment>Este verbete havia sido colocado na categoria Brasil. Penso que o mais correto seria a categoria Brasileirismo.</comment>
<model>wikitext</model>
<format>text/x-wiki</format>
<text bytes="3186" xml:space="preserve">{{Wikipédia}}
[[Imagem:Drone 24a.jpg|thumb|250px|right|&lt;center&gt;[1] O ''zangão'' da abelha. Este geralmente é caracterizado pelos olhos alargados, corpo grande (menor que a rainha no entanto) e abdomem corpulento.&lt;/center&gt;]]
{{pularLinhas|3}}
{{dica de uso|Vocábulo com dupla prosódia: '''zan.&lt;u&gt;gão&lt;/u&gt;''' / [[zângão|&lt;u&gt;zân&lt;/u&gt;.gão]]}}
={{-pt-}}=
==Substantivo==
{{flex.pt|ms=zangão|mp=zangãos|mp2=zangões}}
{{oxítona|zan|gão}}, {{g|m}}
# {{escopo|pt|Inseto}} [[macho]] da [[abelha]]
# {{escopo|pt|Brasil|Inseto}} gênero ''[[species:Bombus|Bombus]]'', o mesmo que [[mamangaba]]
# {{escopo|pt|Figurado}} aquele que vive à custa dos outros; [[parasita]]; [[agiota]]
==={{-varort-}}===
* [[zângão]]
===Sinónimos===
* De '''1''' (macho da abelha):
{{verTambém.Ini}}
* [[abelha-macha]]
{{verTambém.NovaColuna}}
* [[abelhão]]
{{verTambém.Fim}}
* De '''2''' (inseto):
{{verTambém.Ini}}
vide [[mamangaba#Sinónimos|mamangaba (sinónimos)]]
{{verTambém.Fim}}
* De '''3''' (parasita):
{{verTambém.Ini}}
* [[explorador]]
* [[importuno]]
{{verTambém.NovaColuna}}
* [[zângano]]
{{verTambém.Fim}}
===Tradução===
{{tradini}}
* {{t|de|Drohn|m}}, {{t+|de|Drohne|f}}
* {{t|bs|trut|}}
* {{t|bg|търтей||tŭrteĭ}}
* {{t|zh|雄蜂||xióngfēng}}
* {{t|es|zángano|m}}
* {{t|et|lesk|}}
* {{t|fy|dar|}}
* {{t|gl|abellón|m}}
* {{t|el|κηφήνας||ki̱fí̱nas}}
* {{t|nl|dar|}}
{{tradmeio}}
* {{trad|en|drone}}
* {{t|it|fuco|}}
* {{t|lv|trans|}}
* {{t|pl|truteń|}}
* {{t|ru|трутень||truten'}}
* {{t|sh|trut|}}
* {{t|scn|bàfaru|}}
* {{t|sv|drönare|}}
* {{t|roa-tal|zangon|}}
* {{t|uk|трутень||trutenʹ}}
{{tradfim}}
=={{etimologia|pt}}==
: De origem onomatopaica.
=={{pronúncia|pt}}==
===Angola===
* [[AFI]]: {{IPA|/pɾo.nˈũ.sjɐ/|lang=pt}}
===Brasil===
* [[AFI]]: {{IPA|/zɐ̃gˈɐ̃w/|lang=pt}} ''(Rio de Janeiro)''
* [[AFI]]: {{IPA|/zə̃gˈə̃w/|lang=pt}} ''(São Paulo)''
===Portugal===
* [[AFI]]: {{IPA|/zɐ̃ŋgˈɐ̃w|lang=pt}} ''(Lisboa)''
===Timor-Leste===
* [[AFI]]: {{IPA|/zãŋgˈə̃w/|lang=pt}} ''(Díli)''
==Ver também==
===No Wikcionário===
{{verTambém.Ini}}
* [[marimbondo]]
* [[rainha]]
{{verTambém.NovaColuna}}
* [[vespa]]
{{verTambém.Fim}}
===Na Wikipédia===
{{verTambém.Ini}}
* [[w:Anthophila|Abelha (Anthophila)]]
* [[w:Vespa|Vespa / Marimbondo]]
{{verTambém.NovaColuna}}
* [[w:Mamangaba|Mamangaba]]
{{verTambém.Fim}}
==Ligações externas==
* {{Aulete}}
* {{DPLP}}
* {{Infopédia}}
* {{Michaelis|zangao}}
* {{PLP}}
* {{VOLPABL}}
[[Categoria:Substantivo (Português)]]
[[Categoria:Entrada com dupla prosódia (Português)]]
[[Categoria:Entrada com imagem (Português)]]
={{-gl-}}=
==Substantivo==
{{flex.gl|ms=zangão|mp=zangões}}
{{oxítona|zan|gão|lang=gl}}, {{g|m|lang=gl}}
# {{escopo|gl|Inseto}} [[zangão#{{gl}}|zangão]], [[macho]] da [[abelha]]
# {{escopo|gl|Inseto}} [[abelhão]] (''[[species:Bombus|Bombus]]'')
==={{-varort-}}===
* [[abázcaro#{{gl}}|abázcaro]], [[abelhão#{{gl}}|abelhão]], [[chocão#{{gl}}|chocão]], [[zângão#{{gl}}|zângão]]
=={{pronúncia|gl}}==
* [[AFI]]: /saŋ.'goŋ/ ou /θaŋ.'goŋ/
[[Categoria:Substantivo (Galego)]]
[[Categoria:Entrada com imagem (Galego)]]</text>
<sha1>lpdd4bmdxdmey6pcptic2i0c8hlapt4</sha1>
</revision>
