<page>
<title>zanguisenu</title>
<ns>0</ns>
<id>85085</id>
<revision>
<id>2628027</id>
<parentid>1313058</parentid>
<timestamp>2021-03-31T00:48:49Z</timestamp>
<contributor>
<username>ValJor</username>
<id>1358</id>
</contributor>
<comment>Desfazendo uso indevido da predefinição escopo</comment>
<model>wikitext</model>
<format>text/x-wiki</format>
<text bytes="416" xml:space="preserve">={{-kmb-}}=
==Forma verbal==
'''zanguisenu'''
# {{escopo2|Candomblé}} [[ordenar|ordenai]] que se [[levantar|levante]] (imperativo)
===Nota===
* Este verbete é usado no idioma português dentro do âmbito do candomblé, mas seu uso ainda não foi corroborado pelos grandes dicionários da língua portuguesa.
==Ver também==
===No Wikcionário===
* [[Apêndice:Candomblé]]
[[Categoria:Forma verbal (Quimbundo)]]</text>
<sha1>tw8004ccmdcia18qfb1ujp6lm0i1sw1</sha1>
</revision>
</page>
