<page>
<page>
<title>zangaralhões</title>
<ns>0</ns>
<id>321860</id>
<revision>
<id>2037356</id>
<parentid>1809891</parentid>
<timestamp>2015-11-16T10:42:01Z</timestamp>
<contributor>
<username>ValJor</username>
<id>1358</id>
</contributor>
<comment>Acrescentando a predefinição avi-for-fle</comment>
<model>wikitext</model>
<format>text/x-wiki</format>
<text bytes="173" xml:space="preserve">={{-pt-}}=
==Forma de substantivo==
{{oxítona|zan|ga|ra|lhões}}
# plural de [[zangaralhão]]
{{avi-for-fle|zangaralhão}}
[[Categoria:Forma de substantivo (Português)]]</text>
<sha1>irug9u7aipea868wceziat1w79bfn47</sha1>
</revision>
