<page>
<page>
<title>zangra</title>
<ns>0</ns>
<id>399993</id>
<revision>
<id>2555380</id>
<parentid>2518277</parentid>
<timestamp>2019-09-30T21:31:41Z</timestamp>
<contributor>
<username>Cpls</username>
<id>20608</id>
</contributor>
<comment>/* {{etimologia|gl}} */</comment>
<model>wikitext</model>
<format>text/x-wiki</format>
<text bytes="404" xml:space="preserve">={{-gl-}}=
==Substantivo==
{{flex.gl|fs=zangra|fp=zangras}}
{{paroxítona|zan|gra|lang=gl}}, {{g|f|lang=gl}}
# [[sanja#{{pt}}|sanja]]
# [[escavação]] alongada e estreita
==={{-varort-}}===
* [[sangra#{{gl}}|sangra]]
=={{etimologia|gl}}==
: Do thetazismo de ''[[sangra#{{gl}}|sangra]]''. Confronte-se com ''[[zancre#{{gl}}|zancre]]'' e ''[[zangro#{{gl}}|zangro]]''.
[[Categoria:Substantivo (Galego)]]</text>
<sha1>rx1t1xn71k3k2pnto5mf9ngeo2ifvbw</sha1>
</revision>
