<page>
<page>
<title>zanga</title>
<ns>0</ns>
<id>86029</id>
<revision>
<id>2255050</id>
<parentid>2238526</parentid>
<timestamp>2017-03-23T09:33:46Z</timestamp>
<contributor>
<username>Cpls</username>
<id>20608</id>
</contributor>
<comment>/* {{etimologia|gl}} */</comment>
<model>wikitext</model>
<format>text/x-wiki</format>
<text bytes="1302" xml:space="preserve">={{-pt-}}=
==Substantivo==
{{flex.pt|fs=zanga|fp=zangas}}
{{paroxítona|zan|ga}}, {{gênero|f}}
# [[irritação]], [[raiva]]
=={{etimologia|pt}}==
: Derivado do verbo [[zangar]].
==Ver também==
===No Wikcionário===
{{verTambém.Ini}}
* [[desinteligência]]
{{verTambém.NovaColuna}}
* [[zangado]]
{{verTambém.NovaColuna}}
* [[zangar]]
{{verTambém.Fim}}
==Anagrama==
# [[ganzá]]
[[Categoria:Substantivo (Português)]]
[[Categoria:Sentimento (Português)]]
={{-gl-}}=
==Substantivo&lt;sup&gt;1&lt;/sup&gt;==
{{flex.gl|fs=zanga|fp=zangas}}
{{paroxítona|zan|ga|lang=gl}}, {{gramática|f|lang=gl}}
# [[zanga#{{pt}}|zanga]], irritação
==Substantivo&lt;sup&gt;2&lt;/sup&gt;==
{{flex.gl|fs=zanga|fp=zangas}}
{{paroxítona|zan|ga|lang=gl}}, {{gramática|f|lang=gl}}
# [[perna de pau]] alta
# [[pata]] de caranguejo ou [[crustáceo]] semelhante
# parte alta de um grande [[tripé]] onde se juntam os três [[espeque]]s
=={{etimologia|gl}}==
{{llietimo|la|zancha|gl|ponto=não}}, pelo persa {{etimo|fa|ظانگا}}. Aparentada com ''[[zanca#{{gl}}|zanca]]''.
[[Categoria:Substantivo (Galego)]]
={{-ln-}}=
==Verbo==
'''zanga'''
# [[faltar]]; [[fazer]] [[falta]]; [[deixar]] [[saudade]]
[[Categoria:Verbo (Lingala)]]
[[Categoria:Falso cognato (Lingala)]]
[[en:zanga]]
[[it:zanga]]
[[mg:zanga]]
[[pl:zanga]]
[[zh:zanga]]</text>
<sha1>t5ks3sadc6ywml5uh3ab6pluz4guxsk</sha1>
</revision>
