<page>
<page>
<title>zangonear</title>
<ns>0</ns>
<id>345835</id>
<revision>
<id>2576893</id>
<parentid>2576126</parentid>
<timestamp>2020-02-12T21:39:57Z</timestamp>
<contributor>
<username>Cpls</username>
<id>20608</id>
</contributor>
<comment>/* {{-gl-}} */</comment>
<model>wikitext</model>
<format>text/x-wiki</format>
<text bytes="868" xml:space="preserve">={{-gl-}}=
==Verbo==
{{oxítona|zan|go|ne|ar|lang=gl}}, {{g|trans|intr|lang=gl}}
# fazer que se [[trabalha]]
# [[saracotear]], estar [[ocioso]], andar de um lugar a outro sem fazer nada proveitoso
# andar sem [[rumo]] fixo
# [[sarandear]]; agitar
# balançar as [[cadeira]]s ao caminhar
{{oxítona|zan|go|ne|ar|lang=gl}}, {{g|refl|lang=gl}}
# [[sarandear]]-se
# balançar as [[cadeira]]s ao caminhar
# fazer [[ostentação]]
===Sinónimos===
* De '''2''' (estar em movimento ocioso): [[zangueirar#{{gl}}|zangueirar]], [[zanguriar#{{gl}}|zanguriar]], [[zangurnar#{{gl}}|zangurnar]], [[zangurriar#{{gl}}|zangurriar]]
=={{etimologia|gl}}==
: {{escopo|Morfologia}} Derivada de ''[[zangoneio#{{gl}}|zangoneio]]'' + ''[[-ar#{{gl}}|-ar]]''. Confronte-se com ''[[zanfonear#{{gl}}|zanfonear]]'', [[zangão]] e [[zangarilhar]].
[[Categoria:Verbo (Galego)]]
[[gl:zangonear]]</text>
<sha1>2v8vj0y2704wpgw50erdp7vsi7z2bwl</sha1>
</revision>
