<page>
<title>zangarelhar</title>
<ns>0</ns>
<id>420553</id>
<revision>
<id>2576124</id>
<timestamp>2020-02-08T21:42:53Z</timestamp>
<contributor>
<username>Cpls</username>
<id>20608</id>
</contributor>
<comment>[[Ajuda:Guia de edição/Menus e ferramentas/Sumário de edição|→]] nova página: ={{-gl-}}= ==Verbo== {{oxítona|zan|ga|re|lhar|lang=gl}}, {{g|intr|lang=gl}} # [[caminhar]] a vaca roçando o...</comment>
<model>wikitext</model>
<format>text/x-wiki</format>
<text bytes="334" xml:space="preserve">={{-gl-}}=
==Verbo==
{{oxítona|zan|ga|re|lhar|lang=gl}}, {{g|intr|lang=gl}}
# [[caminhar]] a vaca roçando ou juntando os [[curvilhão|curvilhões]]
=={{etimologia|pt}}==
: Confronte-se com ''[[zangro#{{gl}}|zangro]]'', ''[[zangaralheiro#{{gl}}|zangaralheiro]]'' e com o trasmontanismo [[zangarilhar]].
[[Categoria:Verbo (Galego)]]</text>
<sha1>blr8ifz1wqkzc0ji4s2yiuhh5h7kjr4</sha1>
</revision>
</page>
