<page>
<page>
<title>zangulenu</title>
<ns>0</ns>
<id>85089</id>
<revision>
<id>2627987</id>
<parentid>1313063</parentid>
<timestamp>2021-03-30T16:43:20Z</timestamp>
<contributor>
<username>ValJor</username>
<id>1358</id>
</contributor>
<comment>Desfazendo uso indevido da predefinição escopo</comment>
<model>wikitext</model>
<format>text/x-wiki</format>
<text bytes="385" xml:space="preserve">={{-kmb-}}=
==Forma verbal==
'''zangulenu'''
# {{escopo2|Candomblé}} [[erguer|erguei]] (imperativo)
===Nota===
* Este verbete é usado no idioma português dentro do âmbito do candomblé, mas seu uso ainda não foi corroborado pelos grandes dicionários da língua portuguesa.
==Ver também==
===No Wikcionário===
* [[Apêndice:Candomblé]]
[[Categoria:Forma verbal (Quimbundo)]]</text>
<sha1>tptuq0ynqt00zmp4rb6vmj62jsaawlp</sha1>
</revision>
