<page>
<title>zangaralhão</title>
<ns>0</ns>
<id>321940</id>
<revision>
<id>1810324</id>
<timestamp>2014-02-10T09:55:25Z</timestamp>
<contributor>
<username>ValJor</username>
<id>1358</id>
</contributor>
<comment>Por um [[Especial:Lonelypages|wikcionário sem órfãos]]: [[zangaralhões]]</comment>
<model>wikitext</model>
<format>text/x-wiki</format>
<text bytes="326" xml:space="preserve">={{-pt-}}=
==Substantivo==
{{flex.pt|ms=zangaralhão|mp=zangaralhões|fs=zangaralhona|fp=zangaralhonas}}
{{oxítona|zan|ga|ra|lhão}}
# [[pessoa]] [[alto|alta]] e [[desajeitado|desajeitada]]
===Sinônimo===
* [[trangalhadanças]]
=={{etimologia|pt}}==
: Do castelhano [[zangarullon]].
[[Categoria:Substantivo (Português)]]</text>
<sha1>qh44ctc8qbybeb9vth9aqe9i1xj0fgw</sha1>
</revision>
</page>
