<page>
<page>
<title>zangarrear</title>
<ns>0</ns>
<id>281971</id>
<revision>
<id>2165813</id>
<parentid>1998019</parentid>
<timestamp>2016-09-01T15:38:19Z</timestamp>
<contributor>
<username>Luan</username>
<id>1279</id>
</contributor>
<comment>adição do idioma do verbete em [[predefinição:llietimo]] utilizando [[Project:AutoWikiBrowser|AWB]]</comment>
<model>wikitext</model>
<format>text/x-wiki</format>
<text bytes="399" xml:space="preserve">={{-pt-}}=
==Verbo==
{{oxítona|zan|gar|re|ar}}, {{gramática|intrans}}
# [[tocar]] [[viola]] à maneira [[chulo|chula]], marcando [[ritmo]] sempre do mesmo modo e com os mesmos [[acorde]]s em [[rasgado]]. Cf. E. Vieira, Diccion. Mus.
===Conjugação===
{{conj/pt|zangarr|ear}}
=={{etimologia|pt}}==
{{llietimo|es|zangarrear|pt}}
[[Categoria:Verbo (Português)]]
[[es:zangarrear]]
[[zh:zangarrear]]</text>
<sha1>tjt1ayx04ggo4wkof3g0bna85w7piji</sha1>
</revision>
