<page>
<page>
<title>zangalhões</title>
<ns>0</ns>
<id>321855</id>
<revision>
<id>2037353</id>
<parentid>1809886</parentid>
<timestamp>2015-11-16T10:37:53Z</timestamp>
<contributor>
<username>ValJor</username>
<id>1358</id>
</contributor>
<comment>Acrescentando a predefinição avi-for-fle</comment>
<model>wikitext</model>
<format>text/x-wiki</format>
<text bytes="167" xml:space="preserve">={{-pt-}}=
==Forma de substantivo==
{{oxítona|zan|ga|lhões}}
# plural de [[zangalhão]]
{{avi-for-fle|zangalhão}}
[[Categoria: Forma de substantivo (Português)]]</text>
<sha1>itnsdj7c0e6ca1wcs6rn6gp463j80me</sha1>
</revision>
