<page>
<title>zanguriar</title>
<ns>0</ns>
<id>345836</id>
<revision>
<id>2576117</id>
<parentid>2012043</parentid>
<timestamp>2020-02-08T21:28:32Z</timestamp>
<contributor>
<username>Cpls</username>
<id>20608</id>
</contributor>
<comment>/* {{-gl-}} */</comment>
<model>wikitext</model>
<format>text/x-wiki</format>
<text bytes="288" xml:space="preserve">={{-gl-}}=
==Verbo==
{{oxítona|zan|gu|ri|ar|lang=gl}},{{g|intr|lang=gl}}
# estar [[ocioso]], andar de um lugar a outro sem fazer nada proveitoso
===Sinónimos===
* Vide em [[zangonear#{{gl}}|zangonear]]
=={{etimologia|gl}}==
: Relacionada com [[zangão]].
[[Categoria:Verbo (Galego)]]</text>
<sha1>redt1h2g7pydgghlk3m13f6zlhh560x</sha1>
</revision>
</page>
