<page>
<page>
<title>zangukenu</title>
<ns>0</ns>
<id>85087</id>
<revision>
<id>2628008</id>
<parentid>1313060</parentid>
<timestamp>2021-03-30T21:16:54Z</timestamp>
<contributor>
<username>ValJor</username>
<id>1358</id>
</contributor>
<comment>Desfazendo uso indevido da predefinição escopo</comment>
<model>wikitext</model>
<format>text/x-wiki</format>
<text bytes="393" xml:space="preserve">={{-kmb-}}=
==Forma verbal==
'''zangukenu'''
# {{escopo2|Candomblé}} [[levantar|levantai-vos]] (imperativo)
===Nota===
* Este verbete é usado no idioma português dentro do âmbito do candomblé, mas seu uso ainda não foi corroborado pelos grandes dicionários da língua portuguesa.
==Ver também==
===No Wikcionário===
* [[Apêndice:Candomblé]]
[[Categoria:Forma verbal (Quimbundo)]]</text>
<sha1>iju81t1t7aibx2waq2lf3i2jhujpe5y</sha1>
</revision>
