<page>
<title>zangarreio</title>
<ns>0</ns>
<id>281966</id>
<revision>
<id>2157033</id>
<parentid>1338682</parentid>
<timestamp>2016-08-09T15:56:10Z</timestamp>
<contributor>
<username>Luan</username>
<id>1279</id>
</contributor>
<minor />
<comment>/* Substantivo */substituição da [[predefinição:flex.pt.masc.reg]] por [[predefinição:flex.pt]] utilizando [[Project:AutoWikiBrowser|AWB]]</comment>
<model>wikitext</model>
<format>text/x-wiki</format>
<text bytes="234" xml:space="preserve">={{-pt-}}=
==Substantivo==
{{flex.pt|ms=zangarreio|ms-div=za.gar.&lt;u&gt;rei&lt;/u&gt;.o|mp=zangarreios|mp-div=za.gar.&lt;u&gt;rei&lt;/u&gt;.os}}
{{paroxítona|zan|gar|rei|o}}, {{gramática|m}}
# ato de [[zangarrear]]
[[Categoria:Substantivo (Português)]]</text>
<sha1>q0vq3cv0dw0pvm2iyhxf75wpn6051e0</sha1>
</revision>
</page>
