<page>
<page>
<title>zangro</title>
<ns>0</ns>
<id>399990</id>
<revision>
<id>2518266</id>
<timestamp>2018-09-10T12:13:13Z</timestamp>
<contributor>
<username>Cpls</username>
<id>20608</id>
</contributor>
<comment>[[Ajuda:Guia de edição/Menus e ferramentas/Sumário de edição|→]] nova página: ={{-gl-}}= ==Substantivo== {{flex.gl|ms=zangro|mp=zangros}} {{paroxítona|zan|gro|lang=gl}}, {{g|m|lang=gl}}...</comment>
<model>wikitext</model>
<format>text/x-wiki</format>
<text bytes="307" xml:space="preserve">={{-gl-}}=
==Substantivo==
{{flex.gl|ms=zangro|mp=zangros}}
{{paroxítona|zan|gro|lang=gl}}, {{g|m|lang=gl}}
# [[sanco#{{pt}}|sanco]], perna, coxa
=={{etimologia|gl}}==
: Confronte-se com ''[[zanca#{{gl}}|zanca]]'', ''[[zanco#{{gl}}|zanco]]'' e ''[[anca#{{gl}}|anca]]''.
[[Categoria:Substantivo (Galego)]]</text>
<sha1>tdhi1olxtoqvifuvhgn6ze7q92ifz4b</sha1>
</revision>
