<page>
<page>
<title>zangãos</title>
<ns>0</ns>
<id>321856</id>
<revision>
<id>1810948</id>
<parentid>1809887</parentid>
<timestamp>2014-02-14T17:48:38Z</timestamp>
<contributor>
<username>YS-Bot</username>
<id>32241</id>
</contributor>
<minor />
<comment>r2.7.3) (Robô: A adicionar: [[en:zangãos]]</comment>
<model>wikitext</model>
<format>text/x-wiki</format>
<text bytes="148" xml:space="preserve">={{-pt-}}=
==Forma de substantivo==
{{oxítona|zan|gãos}}
# plural de [[zangão]]
[[Categoria: Forma de substantivo (Português)]]
[[en:zangãos]]</text>
<sha1>6nfnvv1sn6r66ga59v3tgzk86xyad76</sha1>
</revision>
