<page>
<page>
<title>zangarilhar</title>
<ns>0</ns>
<id>420554</id>
<revision>
<id>2576125</id>
<timestamp>2020-02-08T21:43:01Z</timestamp>
<contributor>
<username>Cpls</username>
<id>20608</id>
</contributor>
<comment>[[Ajuda:Guia de edição/Menus e ferramentas/Sumário de edição|→]] nova página: ={{-pt-}}= ==Verbo== {{oxítona|zan|ga|ri|lhar}}, {{g|intr}} # {{escopo|pt|Trás-os-Montes}} [[andar]] para t...</comment>
<model>wikitext</model>
<format>text/x-wiki</format>
<text bytes="295" xml:space="preserve">={{-pt-}}=
==Verbo==
{{oxítona|zan|ga|ri|lhar}}, {{g|intr}}
# {{escopo|pt|Trás-os-Montes}} [[andar]] para trás e para diante, passar e voltar a passar
=={{etimologia|pt}}==
: Confronte-se com [[zangarilho]] e com o galego ''[[zangarelhar#{{gl}}|zangarelhar]]''.
[[Categoria:Verbo (Galego)]]</text>
<sha1>mmvr2aqpv7n5lwybzxvhnbjbnc97p6f</sha1>
</revision>
