<page>
<page>
<title>zangámos</title>
<ns>0</ns>
<id>308958</id>
<revision>
<id>2036047</id>
<parentid>1971880</parentid>
<timestamp>2015-11-12T21:20:50Z</timestamp>
<contributor>
<username>ValJor</username>
<id>1358</id>
</contributor>
<comment>Acrescentando a predefinição avi-for-fle</comment>
<model>wikitext</model>
<format>text/x-wiki</format>
<text bytes="253" xml:space="preserve">{{grafiaPtpt|zangamos}}
={{-pt-}}=
==Forma verbal==
{{paroxítona|zan|gá|mos}}
# primeira pessoa do plural do pretérito perfeito do modo indicativo do verbo [[zangar]]
{{avi-for-fle|zangar}}
[[Categoria:Forma verbal (Português)]]
[[en:zangámos]]</text>
<sha1>puyx15w6gqpbgw35ti3oobefsx0p67x</sha1>
</revision>
