<page>
<title>zangurnar</title>
<ns>0</ns>
<id>420552</id>
<revision>
<id>2576116</id>
<timestamp>2020-02-08T21:28:24Z</timestamp>
<contributor>
<username>Cpls</username>
<id>20608</id>
</contributor>
<comment>[[Ajuda:Guia de edição/Menus e ferramentas/Sumário de edição|→]] nova página: ={{-gl-}}= ==Verbo== {{oxítona|zan|gur|nar|lang=gl}},{{g|intr|lang=gl}} # [[saracotear]], estar [[ocioso]],...</comment>
<model>wikitext</model>
<format>text/x-wiki</format>
<text bytes="303" xml:space="preserve">={{-gl-}}=
==Verbo==
{{oxítona|zan|gur|nar|lang=gl}},{{g|intr|lang=gl}}
# [[saracotear]], estar [[ocioso]], andar de um lugar a outro sem fazer nada proveitoso
===Sinónimos===
* Vide em [[zangonear#{{gl}}|zangonear]]
=={{etimologia|gl}}==
: Relacionada com [[zangão]].
[[Categoria:Verbo (Galego)]]</text>
<sha1>247qj4g3d9mgwdijn1ukoyjhut9ikmf</sha1>
</revision>
</page>
