<page>
<page>
<title>zangalesenu</title>
<ns>0</ns>
<id>85083</id>
<revision>
<id>2628140</id>
<parentid>1313056</parentid>
<timestamp>2021-03-31T12:18:20Z</timestamp>
<contributor>
<username>ValJor</username>
<id>1358</id>
</contributor>
<comment>Desfazendo uso indevido da predefinição escopo</comment>
<model>wikitext</model>
<format>text/x-wiki</format>
<text bytes="393" xml:space="preserve">={{-kmb-}}=
==Forma verbal==
'''zangalesenu'''
# {{escopo2|Candomblé}} [[estimular|estimulai]] (imperativo)
===Nota===
* Este verbete é usado no idioma português dentro do âmbito do candomblé, mas seu uso ainda não foi corroborado pelos grandes dicionários da língua portuguesa.
==Ver também==
===No Wikcionário===
* [[Apêndice:Candomblé]]
[[Categoria:Forma verbal (Quimbundo)]]</text>
<sha1>07i5le1hfewvxhs823hwh3ml6sxa29z</sha1>
</revision>
