<page>
<title>zangula</title>
<ns>0</ns>
<id>85088</id>
<revision>
<id>2627991</id>
<parentid>1313062</parentid>
<timestamp>2021-03-30T16:47:40Z</timestamp>
<contributor>
<username>ValJor</username>
<id>1358</id>
</contributor>
<comment>Desfazendo uso indevido da predefinição escopo</comment>
<model>wikitext</model>
<format>text/x-wiki</format>
<text bytes="404" xml:space="preserve">={{-kmb-}}=
==Forma verbal==
'''zangula'''
# {{escopo2|Candomblé}} [[levantar|levanta]], [[erguer|ergue]] (imperativo)
===Nota===
* Este verbete é usado no idioma português dentro do âmbito do candomblé, mas seu uso ainda não foi corroborado pelos grandes dicionários da língua portuguesa.
==Ver também==
===No Wikcionário===
* [[Apêndice:Candomblé]]
[[Categoria:Forma verbal (Quimbundo)]]</text>
<sha1>72odw1sf50bzathoxipbcs3omcotjru</sha1>
</revision>
</page>
