<page>
<title>zanganear</title>
<ns>0</ns>
<id>414063</id>
<revision>
<id>2555368</id>
<timestamp>2019-09-30T20:08:47Z</timestamp>
<contributor>
<username>Cpls</username>
<id>20608</id>
</contributor>
<comment>[[Ajuda:Guia de edição/Menus e ferramentas/Sumário de edição|→]] nova página: ={{-gl-}}= ==Verbo== {{oxítona|zan|ga|ne|ar|lang=gl}} # [[abalar]], sacudir uma árvore  =={{etimologia|gl}}...</comment>
<model>wikitext</model>
<format>text/x-wiki</format>
<text bytes="297" xml:space="preserve">={{-gl-}}=
==Verbo==
{{oxítona|zan|ga|ne|ar|lang=gl}}
# [[abalar]], sacudir uma árvore
=={{etimologia|gl}}==
: De ''[[zângão#{{gl}}|zângão]]'' + ''[[-ear#{{gl}}|-ear]]''. Confronte-se com ''[[zancanear#{{gl}}|zancanear]]'' e ''[[zangonear#{{gl}}|zangonear]]''.
[[Categoria:Verbo (Galego)]]</text>
<sha1>8px2tjc0ix3kkeccnwbfphdhl32l96u</sha1>
</revision>
</page>
