<page>
<title>zanganilha</title>
<ns>0</ns>
<id>414058</id>
<revision>
<id>2555360</id>
<timestamp>2019-09-30T19:51:52Z</timestamp>
<contributor>
<username>Cpls</username>
<id>20608</id>
</contributor>
<comment>[[Ajuda:Guia de edição/Menus e ferramentas/Sumário de edição|→]] nova página: ={{-gl-}}= ==Substantivo&lt;sup&gt;1&lt;/sup&gt;== {{flex.gl|fs=zanganilha|fp=zanganilhas}} {{paroxítona|zan|ga|ni|lha|l...</comment>
<model>wikitext</model>
<format>text/x-wiki</format>
<text bytes="626" xml:space="preserve">={{-gl-}}=
==Substantivo&lt;sup&gt;1&lt;/sup&gt;==
{{flex.gl|fs=zanganilha|fp=zanganilhas}}
{{paroxítona|zan|ga|ni|lha|lang=gl}}, {{g|f|lang=gl}}
# [[aguardente]] de baixa graduação, usada para massagens depois do barbeado
==={{etimologia|gl}}===
: {{escopo|Morfologia}} De ''[[zângana#{{gl}}|zângana]]'' + ''[[-ilho#{{gl}}|-ilha]]''.
==Substantivo&lt;sup&gt;2&lt;/sup&gt;==
{{flex.gl|fs=zanganilha|fp=zanganilhas}}
{{paroxítona|zan|ga|ni|lha|lang=gl}}, {{g|f|lang=gl}}
# [[cambapé]], rasteira
==={{etimologia|gl}}===
{{llietimo|es|zancadilla|gl||cambapé}} Confronte-se com ''[[zangar#{{gl}}|zangar]]''.
[[Categoria:Substantivo (Galego)]]</text>
<sha1>7ylswyqig46oc3dapvy2c8znlyoetxk</sha1>
</revision>
</page>
