<page>
<page>
<title>zangões</title>
<ns>0</ns>
<id>321858</id>
<revision>
<id>1810949</id>
<parentid>1809889</parentid>
<timestamp>2014-02-14T17:49:18Z</timestamp>
<contributor>
<username>YS-Bot</username>
<id>32241</id>
</contributor>
<minor />
<comment>r2.7.3) (Robô: A adicionar: [[en:zangões]], [[eo:zangões]]</comment>
<model>wikitext</model>
<format>text/x-wiki</format>
<text bytes="167" xml:space="preserve">={{-pt-}}=
==Forma de substantivo==
{{paroxítona|zan|gões}}
# plural de [[zangão]]
[[Categoria: Forma de substantivo (Português)]]
[[en:zangões]]
[[eo:zangões]]</text>
<sha1>6rxpee0cg57qlcrmao1ic1wtoj65wka</sha1>
</revision>
