<page>
<title>zangalesa</title>
<ns>0</ns>
<id>85082</id>
<revision>
<id>2628157</id>
<parentid>1313055</parentid>
<timestamp>2021-03-31T16:43:39Z</timestamp>
<contributor>
<username>ValJor</username>
<id>1358</id>
</contributor>
<comment>Desfazendo uso indevido da predefinição escopo</comment>
<model>wikitext</model>
<format>text/x-wiki</format>
<text bytes="390" xml:space="preserve">={{-kmb-}}=
==Forma verbal==
'''zangalesa'''
# {{escopo2|Candomblé}} [[estimular|estimule]] (imperativo)
===Nota===
* Este verbete é usado no idioma português dentro do âmbito do candomblé, mas seu uso ainda não foi corroborado pelos grandes dicionários da língua portuguesa.
==Ver também==
===No Wikcionário===
* [[Apêndice:Candomblé]]
[[Categoria:Forma verbal (Quimbundo)]]</text>
<sha1>a9iexh8aam5j2ueud9mnefuko803ru9</sha1>
</revision>
</page>
