<page>
<page>
<title>zangaralheiro</title>
<ns>0</ns>
<id>420560</id>
<revision>
<id>2576136</id>
<parentid>2576134</parentid>
<timestamp>2020-02-08T22:26:25Z</timestamp>
<contributor>
<username>Cpls</username>
<id>20608</id>
</contributor>
<comment>/* {{etimologia|gl}} */</comment>
<model>wikitext</model>
<format>text/x-wiki</format>
<text bytes="424" xml:space="preserve">={{-gl-}}=
==Adjetivo==
{{flex.gl|ms=zangaralheiro|mp=zangaralheiros|fs=zangaralheira|fp=zangaralheiras}}
{{paroxítona|zan|ga|ra|lhei|ro|lang=gl}}
# [[zambo]], que tem os pés tortos; [[cambaio]], que tem as pernas arqueadas
===Sinónimos===
* Vide em [[zambro#Galego|zambro]]
=={{etimologia|gl}}==
: Confronte-se com ''[[zangro#{{gl}}|zangro]]'' e ''[[zangarelhar#{{gl}}|zangarelhar]]''.
[[Categoria:Adjetivo (Galego)]]</text>
<sha1>shj490fvthl5deaf3r5q2gixn5dmepc</sha1>
</revision>
