<page>
<title>zanjar</title>
<ns>0</ns>
<id>399988</id>
<revision>
<id>2518264</id>
<timestamp>2018-09-10T12:01:52Z</timestamp>
<contributor>
<username>Cpls</username>
<id>20608</id>
</contributor>
<comment>[[Ajuda:Guia de edição/Menus e ferramentas/Sumário de edição|→]] nova página: ={{-gl-}}= ==Verbo== {{oxítona|zan|jar|lang=gl}} # cavar, abrir [[sanja]]  ==={{-varort-}}=== * zanjear#{{...</comment>
<model>wikitext</model>
<format>text/x-wiki</format>
<text bytes="256" xml:space="preserve">={{-gl-}}=
==Verbo==
{{oxítona|zan|jar|lang=gl}}
# cavar, abrir [[sanja]]
==={{-varort-}}===
* [[zanjear#{{gl}}|zanjear]]
=={{etimologia|gl}}==
: {{escopo|Morfologia}} De ''[[zanja#{{gl}}|zanja]]'' + ''[[-ar#{{gl}}|-ar]]''.
[[Categoria:Verbo (Galego)]]</text>
<sha1>iufwfykqerycnxbjwxv3q1qt52dx2dw</sha1>
</revision>
</page>
