<page>
<title>zanja</title>
<ns>0</ns>
<id>399989</id>
<revision>
<id>2518271</id>
<parentid>2518270</parentid>
<timestamp>2018-09-10T12:24:52Z</timestamp>
<contributor>
<username>Cpls</username>
<id>20608</id>
</contributor>
<comment>/* {{etimologia|gl}} */</comment>
<model>wikitext</model>
<format>text/x-wiki</format>
<text bytes="467" xml:space="preserve">={{-gl-}}=
==Substantivo==
{{flex.gl|fs=zanja|fp=zanjas}}
{{paroxítona|zan|ja|lang=gl}}, {{g|f|lang=gl}}
# [[sanja#{{pt}}|sanja]]
# [[escavação]] alongada e estreita
==={{-varort-}}===
* [[jança#{{gl}}|jança]], [[jância#{{gl}}|jância]], [[sangra#{{gl}}|sangra]], [[sanja#{{gl}}|sanja]], [[zangra#{{gl}}|zangra]]
=={{etimologia|gl}}==
: Confronte-se com ''[[sangra#{{gl}}|sangra]]''. Cognada do espanhol {{etimo|es|zanja}}.
[[Categoria:Substantivo (Galego)]]</text>
<sha1>7xmrajd1brlj2ctz9o1uttq11833cgh</sha1>
</revision>
</page>
