<page>
<title>zanjear</title>
<ns>0</ns>
<id>399987</id>
<revision>
<id>2518263</id>
<timestamp>2018-09-10T12:01:47Z</timestamp>
<contributor>
<username>Cpls</username>
<id>20608</id>
</contributor>
<comment>[[Ajuda:Guia de edição/Menus e ferramentas/Sumário de edição|→]] nova página: ={{-gl-}}= ==Verbo== {{oxítona|zan|je|ar|lang=gl}} # cavar, abrir [[sanja]]  ==={{-varort-}}=== * zanjar#{...</comment>
<model>wikitext</model>
<format>text/x-wiki</format>
<text bytes="258" xml:space="preserve">={{-gl-}}=
==Verbo==
{{oxítona|zan|je|ar|lang=gl}}
# cavar, abrir [[sanja]]
==={{-varort-}}===
* [[zanjar#{{gl}}|zanjar]]
=={{etimologia|gl}}==
: {{escopo|Morfologia}} De ''[[zanja#{{gl}}|zanja]]'' + ''[[-ear#{{gl}}|-ear]]''.
[[Categoria:Verbo (Galego)]]</text>
<sha1>dxtl7r17nn1pmxuoyu133yo5ka5cao9</sha1>
</revision>
</page>
