<page>
<title>zanke</title>
<ns>0</ns>
<id>407911</id>
<revision>
<id>2538760</id>
<parentid>2538652</parentid>
<timestamp>2019-03-12T01:22:26Z</timestamp>
<contributor>
<username>Lo Ximiendo</username>
<id>21963</id>
</contributor>
<model>wikitext</model>
<format>text/x-wiki</format>
<text bytes="1339" xml:space="preserve">={{-hrx-}}=
==Verbo==
{{paroxítona|zan|ke|lang=hrx}}
# [[brigar]]
#* ''Hod deer '''gezankd'''?'' &lt;small&gt;(Vocês brigaram?)&lt;/small&gt;
===Pronúncia===
* [[AFI]]: {{AFI|/ˈt͡saŋkə/}}
===Conjugação===
{| style=&quot;margin:0em 0.5em 0.5em 0.5em; border: 1px solid #aaa; border-collapse:collapse;&quot; cellpadding=&quot;3&quot; rules=&quot;all&quot;
|-
! style=&quot;background:#f4f4f4;&quot; | Modo
! style=&quot;background:#ffffe0;&quot; | Presente
! style=&quot;background:#ffffe0;&quot; | Pretérito
|-
! style=&quot;background:#f4f4f4;&quot; | &amp;nbsp;Indicativo&amp;nbsp;
| align=&quot;left&quot; |
{|
|-
| ''ich''
| style=&quot;background:#ffffe0;&quot; | ...
|-
| ''du''
| style=&quot;background:#ffffe0;&quot; | ...
|-
| ''er''
| style=&quot;background:#ffffe0;&quot; | ...
|-
| ''meer''
| style=&quot;background:#ffffe0;&quot; | ...
|-
| ''deer''
| style=&quot;background:#ffffe0;&quot; | ...
|-
| ''sie''
| style=&quot;background:#ffffe0;&quot; | ...
|}
| align=&quot;left&quot; |
{|
|-
| ''ich''
| style=&quot;background:#ffffe0;&quot; | ...
|-
| ''du''
| style=&quot;background:#ffffe0;&quot; | ...
|-
| ''er''
| style=&quot;background:#ffffe0;&quot; | ...
|-
| ''meer''
| style=&quot;background:#ffffe0;&quot; | ...
|-
| ''deer''
| style=&quot;background:#ffffe0;&quot; | ...
|-
| ''sie''
| style=&quot;background:#ffffe0;&quot; | ...
|}
|-
|}
==Ver também==
===Referências===
{{verTambém.Ini}}
* https://hunsriqueanoriograndense.wordpress.com/dicionario-werterbuch/
{{verTambém.Fim}}
[[Categoria:Verbo (Hunsriqueano Riograndense)]]</text>
<sha1>7m1n4vjp3sc6lvt5dhpqk7v49amy3z7</sha1>
</revision>
</page>
