<page>
<page>
<title>Zankapfel</title>
<ns>0</ns>
<id>64784</id>
<revision>
<id>2282746</id>
<parentid>1839875</parentid>
<timestamp>2017-04-27T04:16:54Z</timestamp>
<contributor>
<username>HydrizBot</username>
<id>29590</id>
</contributor>
<minor />
<comment>Robô: A limpar links interwikis antigos</comment>
<model>wikitext</model>
<format>text/x-wiki</format>
<text bytes="329" xml:space="preserve">={{-de-}}=
== Substantivo ==
{{decl.de.subst.forte.masc
|ns=Zankapfel
|np=Zankäpfel
|gs=Zankapfels}}
'''Zank.ap.fel''', ''masculino''
# [[pomo da discórdia]].
== Ver também ==
=== No Wikcionário ===
{{verTambém.Ini}}
* {{verLigações|Apfel}}
* {{verLigações|Zank}}
{{verTambém.Fim}}
[[Categoria:Substantivo (Alemão)]]</text>
<sha1>0ddng253uk48fpepbxqfo3zf6j2zu3m</sha1>
</revision>
