<page>
<page>
<title>zankokuna</title>
<ns>0</ns>
<id>178604</id>
<revision>
<id>2224082</id>
<parentid>2092361</parentid>
<timestamp>2017-01-16T23:56:41Z</timestamp>
<contributor>
<username>Tribuno da Plebe</username>
<id>16095</id>
</contributor>
<model>wikitext</model>
<format>text/x-wiki</format>
<text bytes="117" xml:space="preserve">={{-ja-}}=
==Transliteração==
# transliteração de [[ざんこくな]]
[[Categoria:Transliteração (Japonês)]]</text>
<sha1>kavvehrbr4loo885i6dn4bigk3k4u87</sha1>
</revision>
