<page>
<page>
<title>zantresses</title>
<ns>0</ns>
<id>387077</id>
<revision>
<id>2466902</id>
<timestamp>2017-12-04T22:44:56Z</timestamp>
<contributor>
<username>Imivorn</username>
<id>64513</id>
</contributor>
<comment>[[Ajuda:Guia de edição/Menus e ferramentas/Sumário de edição|→]] nova página: ={{-mwl-}}= ==Forma de substantivo== {{paroxítona|zan|tres|ses|língua=mwl}} # plural de '''[[zantresse]]'''...</comment>
<model>wikitext</model>
<format>text/x-wiki</format>
<text bytes="157" xml:space="preserve">={{-mwl-}}=
==Forma de substantivo==
{{paroxítona|zan|tres|ses|língua=mwl}}
# plural de '''[[zantresse]]'''
[[Categoria:Forma de substantivo (Mirandês)]]</text>
<sha1>agk7ms46tmtjqatx071rff1kot92b2k</sha1>
</revision>
