<page>
<title>zanuna</title>
<ns>0</ns>
<id>85091</id>
<revision>
<id>2627939</id>
<parentid>1313065</parentid>
<timestamp>2021-03-30T11:36:28Z</timestamp>
<contributor>
<username>ValJor</username>
<id>1358</id>
</contributor>
<comment>Desfazendo uso indevido da predefinição escopo</comment>
<model>wikitext</model>
<format>text/x-wiki</format>
<text bytes="431" xml:space="preserve">={{-kmb-}}=
==Forma verbal==
'''zanuna'''
# {{escopo2|Candomblé}} [[fazer|faz]] [[incisão|incisões]] na [[pele]] (faça [[cura]]s) (imperativo)
===Nota===
* Este verbete é usado no idioma português dentro do âmbito do candomblé, mas seu uso ainda não foi corroborado pelos grandes dicionários da língua portuguesa.
==Ver também==
===No Wikcionário===
* [[Apêndice:Candomblé]]
[[Categoria:Forma verbal (Quimbundo)]]</text>
<sha1>8m7fed2bxmbqd0ij1kmpchzuqojqcy1</sha1>
</revision>
</page>
