<page>
<page>
<title>zanzámos</title>
<ns>0</ns>
<id>164385</id>
<revision>
<id>2140652</id>
<parentid>2016026</parentid>
<timestamp>2016-06-11T15:20:20Z</timestamp>
<contributor>
<username>UT-interwiki-Bot</username>
<id>56129</id>
</contributor>
<minor />
<comment>Robô: A adicionar: [[en:zanzámos]], [[no:zanzámos]]</comment>
<model>wikitext</model>
<format>text/x-wiki</format>
<text bytes="270" xml:space="preserve">{{grafiaPtpt|zanzamos}}
={{-pt-}}=
==Forma verbal==
{{paroxítona|zan|zá|mos}}
# primeira pessoa do plural do pretérito perfeito do modo indicativo do verbo [[zanzar]]
{{avi-for-fle|zanzar}}
[[Categoria:Forma verbal (Português)]]
[[en:zanzámos]]
[[no:zanzámos]]</text>
<sha1>o3uz1lsn8wzfl0vp6bltqbmjh5jry9s</sha1>
</revision>
