<page>
<page>
<title>zanzam</title>
<ns>0</ns>
<id>160239</id>
<revision>
<id>2140641</id>
<parentid>1180507</parentid>
<timestamp>2016-06-11T15:17:01Z</timestamp>
<contributor>
<username>UT-interwiki-Bot</username>
<id>56129</id>
</contributor>
<minor />
<comment>Robô: A adicionar: [[en:zanzam]]</comment>
<model>wikitext</model>
<format>text/x-wiki</format>
<text bytes="209" xml:space="preserve">={{-pt-}}=
==Forma verbal==
'''zanzam'''
#[[terceira pessoa]] do [[plural]] do [[presente]] do [[modo indicativo]] do verbo '''[[zanzar]]'''
[[Categoria:Forma verbal (Português)]]
[[en:zanzam]]
[[no:zanzam]]</text>
<sha1>2zdw29gorlicite9984ls666t01wrbn</sha1>
</revision>
