<page>
<page>
<title>zanzava</title>
<ns>0</ns>
<id>204066</id>
<revision>
<id>2140663</id>
<parentid>1180534</parentid>
<timestamp>2016-06-11T15:22:10Z</timestamp>
<contributor>
<username>UT-interwiki-Bot</username>
<id>56129</id>
</contributor>
<minor />
<comment>Robô: A adicionar: [[en:zanzava]]</comment>
<model>wikitext</model>
<format>text/x-wiki</format>
<text bytes="259" xml:space="preserve">={{-pt-}}=
==Forma verbal==
'''zanzava'''
#[[primeira pessoa|primeira]] e [[terceira pessoa]] do [[singular]] do [[pretérito imperfeito]] do [[modo indicativo]] do verbo '''[[zanzar]]'''
[[Categoria:Forma verbal (Português)]]
[[en:zanzava]]
[[no:zanzava]]</text>
<sha1>m78ik89tjxw5mc6z6d29yzyhicz9my3</sha1>
</revision>
