<page>
<title>zanzamos</title>
<ns>0</ns>
<id>157181</id>
<revision>
<id>2486968</id>
<parentid>2140689</parentid>
<timestamp>2018-02-26T15:10:31Z</timestamp>
<contributor>
<username>ValJor</username>
<id>1358</id>
</contributor>
<comment>Acrescentando a predefinição avi-for-fle</comment>
<model>wikitext</model>
<format>text/x-wiki</format>
<text bytes="318" xml:space="preserve">={{-pt-}}=
==Forma verbal==
{{paroxítona|zan|za|mos}}
# primeira pessoa do plural do presente do modo indicativo do verbo [[zanzar]]
# {{escopo2|grafia brasileira}} primeira pessoa do plural do pretérito perfeito do modo indicativo do verbo [[zanzar]]
{{avi-for-fle|zanzar}}
[[Categoria:Forma verbal (Português)]]</text>
<sha1>qcriwjf11kc7rooea828207djhx0fv5</sha1>
</revision>
</page>
