<page>
<page>
<title>zanzaram</title>
<ns>0</ns>
<id>175739</id>
<revision>
<id>2140686</id>
<parentid>1180511</parentid>
<timestamp>2016-06-11T15:26:00Z</timestamp>
<contributor>
<username>UT-interwiki-Bot</username>
<id>56129</id>
</contributor>
<minor />
<comment>Robô: A adicionar: [[en:zanzaram]]</comment>
<model>wikitext</model>
<format>text/x-wiki</format>
<text bytes="226" xml:space="preserve">={{-pt-}}=
==Forma verbal==
'''zanzaram'''
#[[terceira pessoa]] do [[plural]] do [[pretérito perfeito]] do [[modo indicativo]] do verbo '''[[zanzar]]'''
[[Categoria:Forma verbal (Português)]]
[[en:zanzaram]]
[[no:zanzaram]]</text>
<sha1>n7jttkyfj7bas1ykjv2dhwjj57j1n9k</sha1>
</revision>
