<page>
<page>
<title>zanzarem</title>
<ns>0</ns>
<id>211317</id>
<revision>
<id>2140681</id>
<parentid>1180516</parentid>
<timestamp>2016-06-11T15:25:10Z</timestamp>
<contributor>
<username>UT-interwiki-Bot</username>
<id>56129</id>
</contributor>
<minor />
<comment>Robô: A adicionar: [[en:zanzarem]]</comment>
<model>wikitext</model>
<format>text/x-wiki</format>
<text bytes="301" xml:space="preserve">={{-pt-}}=
==Forma verbal==
'''zanzarem'''
#[[terceira pessoa]] do [[plural]] do [[futuro]] do [[modo subjuntivo]] do verbo '''[[zanzar]]'''
#[[infinitivo pessoal]] da [[terceira pessoa]] do [[plural]] do verbo '''[[zanzar]]'''
[[Categoria:Forma verbal (Português)]]
[[en:zanzarem]]
[[no:zanzarem]]</text>
<sha1>6fsldbzrad5bpkbuetzbj4r4jyu2nvd</sha1>
</revision>
