<page>
<page>
<title>zanzavas</title>
<ns>0</ns>
<id>161544</id>
<revision>
<id>2140661</id>
<parentid>1180536</parentid>
<timestamp>2016-06-11T15:21:50Z</timestamp>
<contributor>
<username>UT-interwiki-Bot</username>
<id>56129</id>
</contributor>
<minor />
<comment>Robô: A adicionar: [[en:zanzavas]]</comment>
<model>wikitext</model>
<format>text/x-wiki</format>
<text bytes="229" xml:space="preserve">={{-pt-}}=
==Forma verbal==
'''zanzavas'''
#[[segunda pessoa]] do [[singular]] do [[pretérito imperfeito]] do [[modo indicativo]] do verbo '''[[zanzar]]'''
[[Categoria:Forma verbal (Português)]]
[[en:zanzavas]]
[[no:zanzavas]]</text>
<sha1>d9cj37zam6mlhdjnwt3m4wo1touivkq</sha1>
</revision>
