<page>
<title>zanzala</title>
<ns>0</ns>
<id>85092</id>
<revision>
<id>2627935</id>
<parentid>1313139</parentid>
<timestamp>2021-03-30T10:57:16Z</timestamp>
<contributor>
<username>ValJor</username>
<id>1358</id>
</contributor>
<comment>Desfazendo uso indevido da predefinição escopo</comment>
<model>wikitext</model>
<format>text/x-wiki</format>
<text bytes="387" xml:space="preserve">={{-kmb-}}=
==Forma verbal==
'''zanzala'''
# {{escopo2|Candomblé}} [[arrepiar|arrepiai]] (imperativo)
===Nota===
* Este verbete é usado no idioma português dentro do âmbito do candomblé, mas seu uso ainda não foi corroborado pelos grandes dicionários da língua portuguesa.
==Ver também==
===No Wikcionário===
* [[Apêndice:Candomblé]]
[[Categoria:Forma verbal (Quimbundo)]]</text>
<sha1>4zbtk7krkj33kl5qnepp4ezfdt18cs7</sha1>
</revision>
</page>
