<page>
<page>
<title>zanzaras</title>
<ns>0</ns>
<id>178670</id>
<revision>
<id>2140685</id>
<parentid>1180512</parentid>
<timestamp>2016-06-11T15:25:50Z</timestamp>
<contributor>
<username>UT-interwiki-Bot</username>
<id>56129</id>
</contributor>
<minor />
<comment>Robô: A adicionar: [[en:zanzaras]]</comment>
<model>wikitext</model>
<format>text/x-wiki</format>
<text bytes="214" xml:space="preserve">={{-pt-}}=
==Forma verbal==
'''zanzaras'''
#[[segunda pessoa]] do [[singular]] do [[pretérito mais-que-perfeito]] do verbo '''[[zanzar]]'''
[[Categoria:Forma verbal (Português)]]
[[en:zanzaras]]
[[no:zanzaras]]</text>
<sha1>fh9hg87okcfr0a00tmvdqan217tm3r3</sha1>
</revision>
