<page>
<title>zanzei</title>
<ns>0</ns>
<id>170284</id>
<revision>
<id>2140659</id>
<parentid>1180538</parentid>
<timestamp>2016-06-11T15:21:30Z</timestamp>
<contributor>
<username>UT-interwiki-Bot</username>
<id>56129</id>
</contributor>
<minor />
<comment>Robô: A adicionar: [[en:zanzei]]</comment>
<model>wikitext</model>
<format>text/x-wiki</format>
<text bytes="222" xml:space="preserve">={{-pt-}}=
==Forma verbal==
'''zanzei'''
#[[primeira pessoa]] do [[singular]] do [[pretérito perfeito]] do [[modo indicativo]] do verbo '''[[zanzar]]'''
[[Categoria:Forma verbal (Português)]]
[[en:zanzei]]
[[no:zanzei]]</text>
<sha1>772rkyjp4dpwj575avmljiq8c2uscly</sha1>
</revision>
</page>
