<page>
<title>zanzareis</title>
<ns>0</ns>
<id>189060</id>
<revision>
<id>2140682</id>
<parentid>1180515</parentid>
<timestamp>2016-06-11T15:25:20Z</timestamp>
<contributor>
<username>UT-interwiki-Bot</username>
<id>56129</id>
</contributor>
<minor />
<comment>Robô: A adicionar: [[en:zanzareis]]</comment>
<model>wikitext</model>
<format>text/x-wiki</format>
<text bytes="205" xml:space="preserve">={{-pt-}}=
==Forma verbal==
'''zanzareis'''
#[[segunda pessoa]] do [[plural]] do [[futuro do presente]] do verbo '''[[zanzar]]'''
[[Categoria:Forma verbal (Português)]]
[[en:zanzareis]]
[[no:zanzareis]]</text>
<sha1>jceatdnzmfgmphdfklojooqn5gmvw8s</sha1>
</revision>
</page>
