<page>
<page>
<title>zanzarão</title>
<ns>0</ns>
<id>190432</id>
<revision>
<id>2140672</id>
<parentid>1180525</parentid>
<timestamp>2016-06-11T15:23:40Z</timestamp>
<contributor>
<username>UT-interwiki-Bot</username>
<id>56129</id>
</contributor>
<minor />
<comment>Robô: A adicionar: [[en:zanzarão]]</comment>
<model>wikitext</model>
<format>text/x-wiki</format>
<text bytes="206" xml:space="preserve">={{-pt-}}=
==Forma verbal==
'''zanzarão'''
#[[terceira pessoa]] do [[plural]] do [[futuro do presente]] do verbo '''[[zanzar]]'''
[[Categoria:Forma verbal (Português)]]
[[en:zanzarão]]
[[no:zanzarão]]</text>
<sha1>opzvamxwpghr6weq5htykyjr83ep5gw</sha1>
</revision>
