<page>
<title>zanzariam</title>
<ns>0</ns>
<id>195717</id>
<revision>
<id>2140677</id>
<parentid>1180520</parentid>
<timestamp>2016-06-11T15:24:30Z</timestamp>
<contributor>
<username>UT-interwiki-Bot</username>
<id>56129</id>
</contributor>
<minor />
<comment>Robô: A adicionar: [[en:zanzariam]]</comment>
<model>wikitext</model>
<format>text/x-wiki</format>
<text bytes="208" xml:space="preserve">={{-pt-}}=
==Forma verbal==
'''zanzariam'''
#[[terceira pessoa]] do [[plural]] do [[futuro do pretérito]] do verbo '''[[zanzar]]'''
[[Categoria:Forma verbal (Português)]]
[[en:zanzariam]]
[[no:zanzariam]]</text>
<sha1>rl6rjfcrdap1nvhu8fygkquqqiretrm</sha1>
</revision>
</page>
