<page>
<title>zanzávamos</title>
<ns>0</ns>
<id>162937</id>
<revision>
<id>2140647</id>
<parentid>1180550</parentid>
<timestamp>2016-06-11T15:19:29Z</timestamp>
<contributor>
<username>UT-interwiki-Bot</username>
<id>56129</id>
</contributor>
<minor />
<comment>Robô: A adicionar: [[en:zanzávamos]]</comment>
<model>wikitext</model>
<format>text/x-wiki</format>
<text bytes="237" xml:space="preserve">={{-pt-}}=
==Forma verbal==
'''zanzávamos'''
#[[primeira pessoa]] do [[plural]] do [[pretérito imperfeito]] do [[modo indicativo]] do verbo '''[[zanzar]]'''
[[Categoria:Forma verbal (Português)]]
[[en:zanzávamos]]
[[no:zanzávamos]]</text>
<sha1>p6xf7swzrp9k0jhdgzszfb6w608wtus</sha1>
</revision>
</page>
