<page>
<title>zanzes</title>
<ns>0</ns>
<id>218509</id>
<revision>
<id>2140655</id>
<parentid>1180542</parentid>
<timestamp>2016-06-11T15:20:49Z</timestamp>
<contributor>
<username>UT-interwiki-Bot</username>
<id>56129</id>
</contributor>
<minor />
<comment>Robô: A adicionar: [[en:zanzes]]</comment>
<model>wikitext</model>
<format>text/x-wiki</format>
<text bytes="304" xml:space="preserve">={{-pt-}}=
==Forma verbal==
'''zanzes'''
#[[segunda pessoa]] do [[singular]] do [[presente]] do [[modo subjuntivo]] do verbo '''[[zanzar]]'''
#[[segunda pessoa]] do [[singular]] do [[imperativo]] [[negativo]] do verbo '''[[zanzar]]'''
[[Categoria:Forma verbal (Português)]]
[[en:zanzes]]
[[no:zanzes]]</text>
<sha1>syikinhm0n4si508xbuohxo74gk6xaa</sha1>
</revision>
</page>
