<page>
<title>zanzaste</title>
<ns>0</ns>
<id>171710</id>
<revision>
<id>2140665</id>
<parentid>1180532</parentid>
<timestamp>2016-06-11T15:22:30Z</timestamp>
<contributor>
<username>UT-interwiki-Bot</username>
<id>56129</id>
</contributor>
<minor />
<comment>Robô: A adicionar: [[en:zanzaste]]</comment>
<model>wikitext</model>
<format>text/x-wiki</format>
<text bytes="227" xml:space="preserve">={{-pt-}}=
==Forma verbal==
'''zanzaste'''
#[[segunda pessoa]] do [[singular]] do [[pretérito perfeito]] do [[modo indicativo]] do verbo '''[[zanzar]]'''
[[Categoria:Forma verbal (Português)]]
[[en:zanzaste]]
[[no:zanzaste]]</text>
<sha1>8sjjrd1x4seh9uo2k7pqraswqgyo2nr</sha1>
</revision>
</page>
