<page>
<page>
<title>zanzaríamos</title>
<ns>0</ns>
<id>193074</id>
<revision>
<id>2140671</id>
<parentid>1180526</parentid>
<timestamp>2016-06-11T15:23:30Z</timestamp>
<contributor>
<username>UT-interwiki-Bot</username>
<id>56129</id>
</contributor>
<minor />
<comment>Robô: A adicionar: [[en:zanzaríamos]]</comment>
<model>wikitext</model>
<format>text/x-wiki</format>
<text bytes="217" xml:space="preserve">={{-pt-}}=
==Forma verbal==
'''zanzaríamos'''
#[[primeira pessoa]] do [[plural]] do [[futuro do pretérito]] do verbo '''[[zanzar]]'''
[[Categoria:Forma verbal (Português)]]
[[en:zanzaríamos]]
[[no:zanzaríamos]]</text>
<sha1>erg0vz6oxc5nu6ywlnaajct4203gna3</sha1>
</revision>
