<page>
<page>
<title>zanzáramos</title>
<ns>0</ns>
<id>180151</id>
<revision>
<id>2140651</id>
<parentid>1180546</parentid>
<timestamp>2016-06-11T15:20:09Z</timestamp>
<contributor>
<username>UT-interwiki-Bot</username>
<id>56129</id>
</contributor>
<minor />
<comment>Robô: A adicionar: [[en:zanzáramos]]</comment>
<model>wikitext</model>
<format>text/x-wiki</format>
<text bytes="222" xml:space="preserve">={{-pt-}}=
==Forma verbal==
'''zanzáramos'''
#[[primeira pessoa]] do [[plural]] do [[pretérito mais-que-perfeito]] do verbo '''[[zanzar]]'''
[[Categoria:Forma verbal (Português)]]
[[en:zanzáramos]]
[[no:zanzáramos]]</text>
<sha1>ghiyav5j9xgtag0p8cj89j05rm1ykbi</sha1>
</revision>
