<page>
<page>
<title>zanzastes</title>
<ns>0</ns>
<id>174366</id>
<revision>
<id>2140664</id>
<parentid>1180533</parentid>
<timestamp>2016-06-11T15:22:20Z</timestamp>
<contributor>
<username>UT-interwiki-Bot</username>
<id>56129</id>
</contributor>
<minor />
<comment>Robô: A adicionar: [[en:zanzastes]]</comment>
<model>wikitext</model>
<format>text/x-wiki</format>
<text bytes="228" xml:space="preserve">={{-pt-}}=
==Forma verbal==
'''zanzastes'''
#[[segunda pessoa]] do [[plural]] do [[pretérito perfeito]] do [[modo indicativo]] do verbo '''[[zanzar]]'''
[[Categoria:Forma verbal (Português)]]
[[en:zanzastes]]
[[no:zanzastes]]</text>
<sha1>cyn8goh3x5qokghhfok4gbinkk3579i</sha1>
</revision>
