<page>
<title>zanzalesa</title>
<ns>0</ns>
<id>85093</id>
<revision>
<id>2627932</id>
<parentid>1313140</parentid>
<timestamp>2021-03-30T10:52:08Z</timestamp>
<contributor>
<username>ValJor</username>
<id>1358</id>
</contributor>
<comment>Desfazendo uso indevido da predefinição escopo</comment>
<model>wikitext</model>
<format>text/x-wiki</format>
<text bytes="366" xml:space="preserve">={{-kmb-}}=
==Verbo==
'''zanzalesa'''
# {{escopo2|Candomblé}} [[provocar]] [[cócegas]]
===Nota===
* Este verbete é usado no idioma português dentro do âmbito do candomblé, mas seu uso ainda não foi corroborado pelos grandes dicionários da língua portuguesa.
==Ver também==
===No Wikcionário===
* [[Apêndice:Candomblé]]
[[Categoria:Verbo (Quimbundo)]]</text>
<sha1>61vg5yh2c1c9wbheour0jb39k8q678y</sha1>
</revision>
</page>
