<page>
<title>zanzar</title>
<ns>0</ns>
<id>1293</id>
<revision>
<id>2438513</id>
<parentid>2438511</parentid>
<timestamp>2017-07-17T15:41:24Z</timestamp>
<contributor>
<username>Askekamo</username>
<id>60711</id>
</contributor>
<model>wikitext</model>
<format>text/x-wiki</format>
<text bytes="653" xml:space="preserve">={{-pt-}}=
==Verbo==
{{oxítona|zan|zar}}, {{gramática|vi}}
# {{escopo|pt|Brasil}} andar sem [[destino]]
===Sinônimos===
De '''1''':
{{verTambém.Ini}}
* [[vaguear]]
{{verTambém.NovaColuna}}
* [[zanzear]]
{{verTambém.Fim}}
===Conjugação===
{{conj/pt|zanz|ar}}
===Tradução===
{{tradini|De 1}}
* {{trad|en|wander}}
{{tradfim}}
=={{pronúncia|pt}}==
===Brasil===
====Paulistana====
* [[AFI]]: /zã.ˈza''ɾ''/
* [[SAMPA]]: /za~.&quot;za4/
====Caipira====
* [[AFI]]: /zã.ˈza''ɹ''/
* [[SAMPA]]: /z`A.&quot;zar\/
====Carioca====
* [[AFI]]: /zɐ͂.ˈzax/
* [[SAMPA]]: /z6~.&quot;zax/
[[Categoria:Verbo (Português)]]
[[en:zanzar]]
[[hy:zanzar]]
[[no:zanzar]]</text>
<sha1>t2a3631p59qghk862r3ef8njyc4k7ah</sha1>
</revision>
</page>
