<page>
<title>zanzando</title>
<ns>0</ns>
<id>155747</id>
<revision>
<id>2140688</id>
<parentid>1180509</parentid>
<timestamp>2016-06-11T15:26:20Z</timestamp>
<contributor>
<username>UT-interwiki-Bot</username>
<id>56129</id>
</contributor>
<minor />
<comment>Robô: A adicionar: [[en:zanzando]]</comment>
<model>wikitext</model>
<format>text/x-wiki</format>
<text bytes="157" xml:space="preserve">={{-pt-}}=
==Forma verbal==
'''zanzando'''
#[[gerúndio]] do verbo '''[[zanzar]]'''
[[Categoria:Forma verbal (Português)]]
[[en:zanzando]]
[[no:zanzando]]</text>
<sha1>cwnwqqvj685u60uvld0lx7fnp50m2vp</sha1>
</revision>
</page>
