<page>
<page>
<title>zanzas</title>
<ns>0</ns>
<id>154299</id>
<revision>
<id>2140669</id>
<parentid>1180528</parentid>
<timestamp>2016-06-11T15:23:10Z</timestamp>
<contributor>
<username>UT-interwiki-Bot</username>
<id>56129</id>
</contributor>
<minor />
<comment>Robô: A adicionar: [[ca:zanzas]], [[en:zanzas]]</comment>
<model>wikitext</model>
<format>text/x-wiki</format>
<text bytes="221" xml:space="preserve">={{-pt-}}=
==Forma verbal==
'''zanzas'''
#[[segunda]] [[pessoa]] do [[singular]] do [[presente]] [[indicativo]] do verbo '''[[zanzar]]'''
[[Categoria:Forma verbal (Português)]]
[[ca:zanzas]]
[[en:zanzas]]
[[no:zanzas]]</text>
<sha1>6m687ae5kw8ppvo47i45uvsj1ve4nmc</sha1>
</revision>
