<page>
<title>zanzaremos</title>
<ns>0</ns>
<id>187620</id>
<revision>
<id>2140680</id>
<parentid>1180517</parentid>
<timestamp>2016-06-11T15:25:00Z</timestamp>
<contributor>
<username>UT-interwiki-Bot</username>
<id>56129</id>
</contributor>
<minor />
<comment>Robô: A adicionar: [[en:zanzaremos]]</comment>
<model>wikitext</model>
<format>text/x-wiki</format>
<text bytes="209" xml:space="preserve">={{-pt-}}=
==Forma verbal==
'''zanzaremos'''
#[[primeira pessoa]] do [[plural]] do [[futuro do presente]] do verbo '''[[zanzar]]'''
[[Categoria:Forma verbal (Português)]]
[[en:zanzaremos]]
[[no:zanzaremos]]</text>
<sha1>3voghyiyk9x8kkc1mz00tqtrnnrwume</sha1>
</revision>
</page>
