<page>
<page>
<title>zanzavam</title>
<ns>0</ns>
<id>168852</id>
<revision>
<id>2140662</id>
<parentid>1180535</parentid>
<timestamp>2016-06-11T15:22:00Z</timestamp>
<contributor>
<username>UT-interwiki-Bot</username>
<id>56129</id>
</contributor>
<minor />
<comment>Robô: A adicionar: [[en:zanzavam]]</comment>
<model>wikitext</model>
<format>text/x-wiki</format>
<text bytes="228" xml:space="preserve">={{-pt-}}=
==Forma verbal==
'''zanzavam'''
#[[terceira pessoa]] do [[plural]] do [[pretérito imperfeito]] do [[modo indicativo]] do verbo '''[[zanzar]]'''
[[Categoria:Forma verbal (Português)]]
[[en:zanzavam]]
[[no:zanzavam]]</text>
<sha1>ovphmra2gwy92d8qtnjk4n4228frqp4</sha1>
</revision>
