<page>
<title>zanzarias</title>
<ns>0</ns>
<id>200005</id>
<revision>
<id>2140676</id>
<parentid>1180521</parentid>
<timestamp>2016-06-11T15:24:20Z</timestamp>
<contributor>
<username>UT-interwiki-Bot</username>
<id>56129</id>
</contributor>
<minor />
<comment>Robô: A adicionar: [[en:zanzarias]]</comment>
<model>wikitext</model>
<format>text/x-wiki</format>
<text bytes="209" xml:space="preserve">={{-pt-}}=
==Forma verbal==
'''zanzarias'''
#[[segunda pessoa]] do [[singular]] do [[futuro do pretérito]] do verbo '''[[zanzar]]'''
[[Categoria:Forma verbal (Português)]]
[[en:zanzarias]]
[[no:zanzarias]]</text>
<sha1>ajalrk55e7msf9qsvac3w3k7g2gz2eo</sha1>
</revision>
</page>
