<page>
<title>zanzeis</title>
<ns>0</ns>
<id>217069</id>
<revision>
<id>2140658</id>
<parentid>1180539</parentid>
<timestamp>2016-06-11T15:21:19Z</timestamp>
<contributor>
<username>UT-interwiki-Bot</username>
<id>56129</id>
</contributor>
<minor />
<comment>Robô: A adicionar: [[en:zanzeis]]</comment>
<model>wikitext</model>
<format>text/x-wiki</format>
<text bytes="303" xml:space="preserve">={{-pt-}}=
==Forma verbal==
'''zanzeis'''
#[[segunda pessoa]] do [[plural]] do [[presente]] do [[modo subjuntivo]] do verbo '''[[zanzar]]'''
#[[segunda pessoa]] do [[plural]] do [[imperativo]] [[negativo]] do verbo '''[[zanzar]]'''
[[Categoria:Forma verbal (Português)]]
[[en:zanzeis]]
[[no:zanzeis]]</text>
<sha1>ex7a8d9icvscooopqatmqd7e56j85ws</sha1>
</revision>
</page>
