<page>
<page>
<title>zanzásseis</title>
<ns>0</ns>
<id>201335</id>
<revision>
<id>2140649</id>
<parentid>1180548</parentid>
<timestamp>2016-06-11T15:19:49Z</timestamp>
<contributor>
<username>UT-interwiki-Bot</username>
<id>56129</id>
</contributor>
<minor />
<comment>Robô: A adicionar: [[en:zanzásseis]]</comment>
<model>wikitext</model>
<format>text/x-wiki</format>
<text bytes="237" xml:space="preserve">={{-pt-}}=
==Forma verbal==
'''zanzásseis'''
#[[segunda pessoa]] do [[plural]] do [[pretérito imperfeito]] do [[modo subjuntivo]] do verbo '''[[zanzar]]'''
[[Categoria:Forma verbal (Português)]]
[[en:zanzásseis]]
[[no:zanzásseis]]</text>
<sha1>q0jntr4py3sv4pg81zhqtt0npbdibff</sha1>
</revision>
