<page>
<title>zanzares</title>
<ns>0</ns>
<id>207027</id>
<revision>
<id>2140679</id>
<parentid>1180518</parentid>
<timestamp>2016-06-11T15:24:50Z</timestamp>
<contributor>
<username>UT-interwiki-Bot</username>
<id>56129</id>
</contributor>
<minor />
<comment>Robô: A adicionar: [[en:zanzares]]</comment>
<model>wikitext</model>
<format>text/x-wiki</format>
<text bytes="303" xml:space="preserve">={{-pt-}}=
==Forma verbal==
'''zanzares'''
#[[segunda pessoa]] do [[singular]] do [[futuro]] do [[modo subjuntivo]] do verbo '''[[zanzar]]'''
#[[infinitivo pessoal]] da [[segunda pessoa]] do [[singular]] do verbo '''[[zanzar]]'''
[[Categoria:Forma verbal (Português)]]
[[en:zanzares]]
[[no:zanzares]]</text>
<sha1>tq5mqsoq0qe6ldiofsbjf5wj4wv5dnj</sha1>
</revision>
</page>
