<page>
<page>
<title>zanzou</title>
<ns>0</ns>
<id>173076</id>
<revision>
<id>2140653</id>
<parentid>1180544</parentid>
<timestamp>2016-06-11T15:20:29Z</timestamp>
<contributor>
<username>UT-interwiki-Bot</username>
<id>56129</id>
</contributor>
<minor />
<comment>Robô: A adicionar: [[en:zanzou]]</comment>
<model>wikitext</model>
<format>text/x-wiki</format>
<text bytes="222" xml:space="preserve">={{-pt-}}=
==Forma verbal==
'''zanzou'''
#[[terceira pessoa]] do [[singular]] do [[pretérito perfeito]] do [[modo indicativo]] do verbo '''[[zanzar]]'''
[[Categoria:Forma verbal (Português)]]
[[en:zanzou]]
[[no:zanzou]]</text>
<sha1>kpz4y7ao663yvxe0xr4w6qbmfx46f6c</sha1>
</revision>
