<page>
<title>zanzarralhada</title>
<ns>0</ns>
<id>420687</id>
<revision>
<id>2576525</id>
<timestamp>2020-02-10T16:10:10Z</timestamp>
<contributor>
<username>Cpls</username>
<id>20608</id>
</contributor>
<comment>[[Ajuda:Guia de edição/Menus e ferramentas/Sumário de edição|→]] nova página: ={{-gl-}}= ==Substantivo== {{flex.gl|fs=zanzarralhada|fp=zanzarralhadas}} {{paroxítona|zan|zar|ra|lha|da|lan...</comment>
<model>wikitext</model>
<format>text/x-wiki</format>
<text bytes="530" xml:space="preserve">={{-gl-}}=
==Substantivo==
{{flex.gl|fs=zanzarralhada|fp=zanzarralhadas}}
{{paroxítona|zan|zar|ra|lha|da|lang=gl}}, {{g|f|lang=gl}}
# ruído de [[cincerro]]s, [[chocalhada]]
# burla, [[mofa]] feita com cincerro, pelo comum a viúvos que voltam casar ou a pessoas que casam fora da sua [[freguesia]] 
===Sinónimos===
* Vide em [[cinzarrada#{{gl}}|cinzarrada]]
=={{etimologia|gl}}==
: Variante de ''[[cencerralhada#{{gl}}|cencerrada]]''. Confronte-se com ''[[zanzarreta#{{gl}}|zanzarreta]]''.
[[Categoria:Substantivo (Galego)]]</text>
<sha1>1hefwhwgxa1tlh5zmfm445up67j3tv2</sha1>
</revision>
</page>
