<page>
<title>zanzaríeis</title>
<ns>0</ns>
<id>194382</id>
<revision>
<id>2140670</id>
<parentid>1180527</parentid>
<timestamp>2016-06-11T15:23:20Z</timestamp>
<contributor>
<username>UT-interwiki-Bot</username>
<id>56129</id>
</contributor>
<minor />
<comment>Robô: A adicionar: [[en:zanzaríeis]]</comment>
<model>wikitext</model>
<format>text/x-wiki</format>
<text bytes="213" xml:space="preserve">={{-pt-}}=
==Forma verbal==
'''zanzaríeis'''
#[[segunda pessoa]] do [[plural]] do [[futuro do pretérito]] do verbo '''[[zanzar]]'''
[[Categoria:Forma verbal (Português)]]
[[en:zanzaríeis]]
[[no:zanzaríeis]]</text>
<sha1>deh50agpoxmfhmu73b900rrzc4r19pu</sha1>
</revision>
</page>
