<page>
<page>
<title>zanzear</title>
<ns>0</ns>
<id>380382</id>
<revision>
<id>2419553</id>
<parentid>2419552</parentid>
<timestamp>2017-07-03T01:30:53Z</timestamp>
<contributor>
<username>Askekamo</username>
<id>60711</id>
</contributor>
<comment>♩ I'm a black star, oppose to a registrar  ♩  ♩  In the middle of it all, In the middle of it all, your entries die, they diiiiiiiieeee ♩</comment>
<model>wikitext</model>
<format>text/x-wiki</format>
<text bytes="556" xml:space="preserve">={{-pt-}}=
==Verbo==
{{oxítona|zan|ze|ar}}
# deslocar-se sem um lugar de destino definido
#: '''1966''', Clóvis Ramalhete, ''O anjo torto: contos'', Martins, página: 125
#*: ''Astério, fora de si '''zanzeia''' à volta''
#: '''1998''', Newton Navarro, ''Obra completa, Volume 2'', FIERN, página: 25
#*: ''um cachorro mais matreiro '''zanzeia''' pelos bares próximos''
#: '''1998''', Ariovaldo Esteves Roggerio, ''Uma família do Bixiga: Zé Galinha'', Arte &amp; Ciência, página: 142
#*: ''e triste que '''zanzeia'''''
[[Categoria:Verbo (Português)]]</text>
<sha1>hddqbj14psdvoqph54448mh1z5m139c</sha1>
</revision>
