<page>
<title>zanzáveis</title>
<ns>0</ns>
<id>167382</id>
<revision>
<id>2140646</id>
<parentid>1180551</parentid>
<timestamp>2016-06-11T15:19:19Z</timestamp>
<contributor>
<username>UT-interwiki-Bot</username>
<id>56129</id>
</contributor>
<minor />
<comment>Robô: A adicionar: [[en:zanzáveis]]</comment>
<model>wikitext</model>
<format>text/x-wiki</format>
<text bytes="233" xml:space="preserve">={{-pt-}}=
==Forma verbal==
'''zanzáveis'''
#[[segunda pessoa]] do [[plural]] do [[pretérito imperfeito]] do [[modo indicativo]] do verbo '''[[zanzar]]'''
[[Categoria:Forma verbal (Português)]]
[[en:zanzáveis]]
[[no:zanzáveis]]</text>
<sha1>kws5if7edhe2s4in2xiabpml4akneqf</sha1>
</revision>
</page>
