<page>
<page>
<title>zanéla</title>
<ns>0</ns>
<id>16978</id>
<revision>
<id>1533829</id>
<parentid>1011426</parentid>
<timestamp>2012-11-30T07:13:36Z</timestamp>
<contributor>
<username>VJBot</username>
<id>33673</id>
</contributor>
<minor />
<comment>Robô: Substituição de texto automática  (-{{vertb}} +Ver também)</comment>
<model>wikitext</model>
<format>text/x-wiki</format>
<text bytes="213" xml:space="preserve">={{-cri-}}=
'''zanéla'''   ''substantivo''
#[[janela]]
==Ver também==
* [[:pt:khiddki|Concani [khiddki]]] - [[:pt:zonel|Concani [zonel]]] - [[:pt:janela|Tétum [janela]]]
[[Categoria:Substantivo (São-tomense)]]</text>
<sha1>8esr4tds3zlw008p2ax4vqlrv2ryaqt</sha1>
</revision>
