<page>
<page>
<title>zao</title>
<ns>0</ns>
<id>347761</id>
<revision>
<id>2686375</id>
<parentid>2140645</parentid>
<timestamp>2022-08-17T09:56:50Z</timestamp>
<contributor>
<username>ValJor</username>
<id>1358</id>
</contributor>
<comment>Substituindo a [[Especial:Páginas_afluentes/Predefinição:escopoCat|predefinição escopoCat]] por escopo</comment>
<model>wikitext</model>
<format>text/x-wiki</format>
<text bytes="446" xml:space="preserve">={{-gl-}}=
==Substantivo==
{{flex.gl|ms=zao|mp=zaos}}
{{paroxítona|za|o|lang=gl}}, {{gramática|m}}
# {{escopo|gl|Botânica}} [[salgueiro]] da espécie ''[[species:Salix atrocinerea|Salix atrocinerea]]''
# {{escopo|gl|Botânica}} por extensão, qualquer salgueiro
=={{etimologia|gl}}==
: Confronte-se com ''[[sao#Galego|sao]]'' e com o [[gascão]] ''[[sauç#Occitano|sauç]]''.
[[Categoria:Substantivo (Galego)]]
[[Categoria:Árvore (Galego)]]</text>
<sha1>7zy8mfxzpp5gccziq0z84zzui1jz3aw</sha1>
</revision>
