<page>
<title>zap</title>
<ns>0</ns>
<id>344603</id>
<revision>
<id>2456898</id>
<parentid>2045661</parentid>
<timestamp>2017-10-24T02:03:07Z</timestamp>
<contributor>
<username>ValJor</username>
<id>1358</id>
</contributor>
<comment>Corrigindo o idioma da categoria: português --&gt; inglês</comment>
<model>wikitext</model>
<format>text/x-wiki</format>
<text bytes="74" xml:space="preserve">={{-en-}}=
==Verbo==
'''zap'''
# [[zapear]]
[[Categoria:Verbo (Inglês)]]</text>
<sha1>gfq1g0nrbser4we7wj1m12eet4y1p5j</sha1>
</revision>
</page>
