<page>
<page>
<title>zapar</title>
<ns>0</ns>
<id>351576</id>
<revision>
<id>2081153</id>
<parentid>2064940</parentid>
<timestamp>2016-04-03T18:38:22Z</timestamp>
<contributor>
<username>HydrizBot</username>
<id>29590</id>
</contributor>
<minor />
<comment>Robô: A adicionar: chr, en, es, io, ko, mg, no, zh</comment>
<model>wikitext</model>
<format>text/x-wiki</format>
<text bytes="526" xml:space="preserve">={{-pt-}}=
==Verbo==
{{oxítona|za|par}}
# [[alternar]] entre [[canal|canais]] de uma [[televisão]] de modo consecutivo
===Sinônimos===
* De '''1''': [[zapear]]
===Conjugação===
{{conj/pt|zap|ar}}
=={{etimologia|pt}}==
: Do inglês {{etimo|en|zap}} + [[-ar]].
=={{pronúncia|pt}}==
===Brasil===
* [[AFI]]: {{AFI|/za.ˈpaɾ/}}
[[Categoria:Verbo (Português)]]
[[Categoria:Entrada de étimo inglês (Português)]]
[[chr:zapar]]
[[en:zapar]]
[[es:zapar]]
[[io:zapar]]
[[ko:zapar]]
[[mg:zapar]]
[[no:zapar]]
[[zh:zapar]]</text>
<sha1>lwbtu2fts4d9q1q36r6ialpopje07e8</sha1>
</revision>
