<page>
<page>
<title>zapateiro</title>
<ns>0</ns>
<id>413360</id>
<revision>
<id>2553348</id>
<timestamp>2019-09-10T08:12:45Z</timestamp>
<contributor>
<username>Cpls</username>
<id>20608</id>
</contributor>
<comment>[[Ajuda:Guia de edição/Menus e ferramentas/Sumário de edição|→]] nova página: ={{-gl-}}= ==Adjetivo== {{flex.gl|ms=zapateiro|mp=zapateiros|fs=zapateira|fp=zapateiras}} {{paroxítona|za|pa...</comment>
<model>wikitext</model>
<format>text/x-wiki</format>
<text bytes="1240" xml:space="preserve">={{-gl-}}=
==Adjetivo==
{{flex.gl|ms=zapateiro|mp=zapateiros|fs=zapateira|fp=zapateiras}}
{{paroxítona|za|pa|tei|ro|lang=gl}}
# dúctil e [[maleável]], difícil de quebrar, [[duro]], como sapato
==Substantivo==
{{flex.gl|ms=zapateiro|mp=zapateiros|fs=zapateira|fp=zapateiras}}
{{paroxítona|za|pa|tei|ro|lang=gl}}
# {{escopo|gl|Profissão}} [[sapateiro]]
{{flex.gl|ms=zapateiro|mp=zapateiros}}
{{paroxítona|za|pa|tei|ro|lang=gl}}, {{g|m|lang=gl}}
#{{cont|2}} {{escopo|gl|Inseto}} [[alfaiate]], inseto do género ''[[species:Gerris|Gerris]]''
# {{escopo|gl|Inseto}} [[coleóptero]] aquático da família [[species:Dytiscidae|Dytiscidae]]
# {{escopo|gl|Inseto}} [[verme]] da [[couve]]
# {{escopo|gl|Ave}} [[mandrião]], ave marinha do género ''[[species:Stercorarius|Stercorarius]]''
==={{-varort-}}===
* [[sapateiro#{{gl}}|sapateiro]]
===Expressões===
* '''deixar zapateiro / quedar zapateiro''': no jogo do [[baralho]] não fazer nenhum ponto
===Verbetes derivados===
* [[nó zapateiro#{{gl}}|nó zapateiro]]
* [[velho-zapateiro#{{gl}}|velho-zapateiro]] 
=={{etimologia|gl}}==
: {{escopo|Morfologia}} De ''[[zapato#{{gl}}|zapato]]'' + ''[[-eiro#{{gl}}|-eiro]]''.
[[Categoria:Adjetivo (Galego)]]
[[Categoria:Substantivo (Galego)]]</text>
<sha1>8yren2y3o9ns90q494ryu5w1tsqhhia</sha1>
</revision>
