<page>
<page>
<title>zapata</title>
<ns>0</ns>
<id>67436</id>
<revision>
<id>1998024</id>
<parentid>1755731</parentid>
<timestamp>2015-09-06T13:31:37Z</timestamp>
<contributor>
<username>HydrizBot</username>
<id>29590</id>
</contributor>
<minor />
<comment>Robô: A adicionar: [[pl:zapata]]</comment>
<model>wikitext</model>
<format>text/x-wiki</format>
<text bytes="429" xml:space="preserve">={{-eu-}}=
==Substantivo==
'''za.pa.ta''' - ''plural'': [[oinak]]
:# [[sapato]]
:# [[calçado]]
===Sinônimos===
* [[oinetako]]
* [[oski]]
==Outros Verbetes==
* [[zapata-saltzaile]]
* [[zapata-denda]]
[[Categoria:Substantivo (Basco)]]
[[Categoria:Vestuário (Basco)]]
[[chr:zapata]]
[[en:zapata]]
[[es:zapata]]
[[io:zapata]]
[[ko:zapata]]
[[ku:zapata]]
[[mg:zapata]]
[[my:zapata]]
[[pl:zapata]]
[[tr:zapata]]
[[zh:zapata]]</text>
<sha1>rnq6rjlxpdc45c31mtif1rg04xu0fm5</sha1>
</revision>
