<page>
<page>
<title>zapa</title>
<ns>0</ns>
<id>376374</id>
<revision>
<id>2555297</id>
<parentid>2255502</parentid>
<timestamp>2019-09-30T13:36:05Z</timestamp>
<contributor>
<username>Cpls</username>
<id>20608</id>
</contributor>
<model>wikitext</model>
<format>text/x-wiki</format>
<text bytes="945" xml:space="preserve">={{-ast-}}=
==Substantivo==
{{flex.ast|fs=zapa|fp=zapes}}
{{paroxítona|za|pa|lang=ast}}, {{g|f|lang=ast}}
# [[lama]], barro; [[lameiral]]
# [[soca]] de madeira sem tacos que a [[sobre-elevar|sobre-elevam]]
# [[tapa]], [[rolha]] grande de tonel de vinho
# {{escopo|ast|Metrologia}} medida equivalente à [[largura]] do [[pé]]
# [[queda]], baque
[[Categoria:Substantivo (Asturiano)]]
={{-gl-}}=
==Substantivo==
{{flex.gl|fs=zapa|fp=zapas}}
{{paroxítona|za|pa|lang=gl}}, {{g|f|lang=gl}}
# [[buraco]] nos barris, pipas ou toneis por onde são enchidos
# [[tapa]], [[rolha]] grande de tonel de vinho
# [[porta]] que abre verticalmente, no piso ou no teto
===Sinónimos===
* De '''2''': [[baldão#{{gl}}|baldão]], [[zapão#{{gl}}|zapão]]
* De '''3''': [[trapela#{{gl}}|trapela]]
=={{etimologia|gl}}==
: Da mesma origem que [[tapa]].
[[Categoria:Substantivo (Galego)]]
[[en:zapa]]
[[es:zapa]]
[[fr:zapa]]
[[no:zapa]]
[[ro:zapa]]
[[zh:zapa]]</text>
<sha1>2x0kxoe2llqd1p22atognniyqfh7ysc</sha1>
</revision>
