<page>
<page>
<title>zapato</title>
<ns>0</ns>
<id>141970</id>
<revision>
<id>2505580</id>
<parentid>2256639</parentid>
<timestamp>2018-06-04T15:30:50Z</timestamp>
<contributor>
<username>ValJor</username>
<id>1358</id>
</contributor>
<comment>Um verbete a menos usando a [[Predefinição:flex.es.masc|predefinição flex.es.masc]]</comment>
<model>wikitext</model>
<format>text/x-wiki</format>
<text bytes="597" xml:space="preserve">={{-es-}}=
==Substantivo==
{{flex.es|ms=zapato|mp=zapatos}}
'''za.pa.to''', {{gramática|m}}
# [[sapato]], [[calçado]]
=={{etimologia|es}}==
{{llietimo|tr|zabata|es|ponto=não}}, con o mesmo significado, e este do {{etm|ar|es}} {{etimo|ar|سباط}} ([[sabbat]]).
=={{pronúncia|es}}==
* [[AFI]]: [ θa.ˈpa.to ] , [ sa.ˈpa.to ] 
==Ver também==
===No Wikcionário===
{{verTambém.Ini}}
* [[calzado]]
* [[chancleta]]
* [[chinela]]
{{verTambém.NovaColuna}}
* [[pantufla]]
* [[tenis]]
* [[zapatilla]]
{{verTambém.Fim}}
[[Categoria:Substantivo (Espanhol)]]
[[Categoria:Vestuário (Espanhol)]]</text>
<sha1>7rigu8pucx141dsvt3mkrvc3yf3gj0r</sha1>
</revision>
