<page>
<title>zapalotl</title>
<ns>0</ns>
<id>403423</id>
<revision>
<id>2529110</id>
<parentid>2527375</parentid>
<timestamp>2018-12-17T11:59:20Z</timestamp>
<contributor>
<username>Marrovi</username>
<id>27953</id>
</contributor>
<model>wikitext</model>
<format>text/x-wiki</format>
<text bytes="134" xml:space="preserve">={{-nci-}}=
==Substantivo==
'''za.pa.lotl'''
# [[banana]]
{{categorias|{{nci}}|Substantivo|Trissílabo|Fruta|Ortografia normalizada}}</text>
<sha1>qke8ef0q50ia6vjmupvbgndcjbh06o9</sha1>
</revision>
</page>
