<page>
<page>
<title>zapallos</title>
<ns>0</ns>
<id>206914</id>
<revision>
<id>1803884</id>
<parentid>1228771</parentid>
<timestamp>2014-01-08T13:13:32Z</timestamp>
<contributor>
<username>MalafayaBot</username>
<id>628</id>
</contributor>
<minor />
<comment>r2.7.5) (Robô: A adicionar: [[es:zapallos]], [[mg:zapallos]]</comment>
<model>wikitext</model>
<format>text/x-wiki</format>
<text bytes="181" xml:space="preserve">={{-es-}}=
==Forma de substantivo==
'''zapallos''' {{p}}
#plural de '''[[zapallo]]'''
[[Categoria:Forma de substantivo (Espanhol)]]
[[en:zapallos]]
[[es:zapallos]]
[[mg:zapallos]]</text>
<sha1>0k01vlgzquxcpqdn58gn2ikh07nsdbi</sha1>
</revision>
