<page>
<title>zapeamento</title>
<ns>0</ns>
<id>361900</id>
<revision>
<id>2681059</id>
<parentid>2153679</parentid>
<timestamp>2022-06-19T19:17:53Z</timestamp>
<contributor>
<username>Itleda</username>
<id>86989</id>
</contributor>
<model>wikitext</model>
<format>text/x-wiki</format>
<text bytes="800" xml:space="preserve">={{-pt-}}=
==Substantivo==
{{flex.pt|ms=zapeamento|mp=zapeamentos}}
{{paroxítona|za|pe|a|men|to}}, {{gramática|m|s}}
# [[ato]] de [[zapear]]
#: '''2006''', João Freire Filho, Paulo Vaz, ''Construções do tempo e do outro: representações e discursos midiáticos sobre a alteridade'', Mauad Editora Ltda, página: 162
#*: ''da qual o '''zapeamento''' é a lógica mais evidente''
#: '''2009''', Gay Talese, ''Vida de escritor'', Editora Companhia das Letras, página: ''?''
#*: aquele foi um verão de '''zapeamento'''.''
#: Trip maio 2001, página: 55
#*: ''adaptados a um '''zapeamento''' por minuto''
===Sinônimos===
De '''1''':
{{verTambém.Ini}}
* [[zapeada]]
{{verTambém.NovaColuna}}
* {{escopo2|estrangeirismo}} ''[[zapping]]''
{{verTambém.Fim}}
[[Categoria:Substantivo (Português)]]</text>
<sha1>7kltlf2tbj8gt9lpo63v2mt66x3pczp</sha1>
</revision>
</page>
