<page>
<title>zapear</title>
<ns>0</ns>
<id>332984</id>
<revision>
<id>2604989</id>
<parentid>2602382</parentid>
<timestamp>2020-12-20T16:26:00Z</timestamp>
<contributor>
<username>ValJor</username>
<id>1358</id>
</contributor>
<comment>Melhorando a apresentação do verbete</comment>
<model>wikitext</model>
<format>text/x-wiki</format>
<text bytes="604" xml:space="preserve">={{-pt-}}=
==Verbo==
{{oxítona|za|pe|ar}}
# [[alternar]] entre [[canal|canais]] de uma [[televisão]] de modo rápido e consecutivo, pulando de um para outro, com o controle remoto, para evitar assistir os intervalos comerciais: zapear os melhores canais
# (por extensão) fazer algo muito rapidamente, entre uma coisa e outra: zapear na internet
===Conjugação===
{{conj/pt|zap|ear}}
===Sinônimos===
* De '''1''' (alternar entre canais de uma televisão de modo rápido e consecutivo): [[zapar]]
=={{etimologia|pt}}==
{{llietimo|en|zap|pt|ponto=não}} + [[-ear]].
[[Categoria:Verbo (Português)]]</text>
<sha1>l2eekxfhdip6ddlalnddj5heypfanvs</sha1>
</revision>
</page>
