<page>
<title>zapicada</title>
<ns>0</ns>
<id>348870</id>
<revision>
<id>2049122</id>
<timestamp>2015-12-19T09:37:11Z</timestamp>
<contributor>
<username>Cpls</username>
<id>20608</id>
</contributor>
<comment>[[Ajuda:Guia de edição/Menus e ferramentas/Sumário de edição|→]] nova página: ={{-gl-}}= ==Substantivo== {{flex.pt|fs=zapicada|fp=zapicadas}} {{paroxítona|za|pi|ca|da|lang=gl}}, {{f}} #...</comment>
<model>wikitext</model>
<format>text/x-wiki</format>
<text bytes="317" xml:space="preserve">={{-gl-}}=
==Substantivo==
{{flex.pt|fs=zapicada|fp=zapicadas}}
{{paroxítona|za|pi|ca|da|lang=gl}}, {{f}}
# nimiedade, [[insignificância]]
# pequeno [[gasto]] monetário
=={{etimologia|gl}}==
: Confronte-se com ''[[zapicar#Galego|zapicar]]'' e ''[[chapicada#Galego|chapicada]]''
[[Categoria:Substantivo (Galego)]]</text>
<sha1>bzfnt24uphyi5nfmyb7cwf9s89lrv3e</sha1>
</revision>
</page>
