<page>
<page>
<title>zapoteca</title>
<ns>0</ns>
<id>362718</id>
<revision>
<id>2184330</id>
<parentid>2157816</parentid>
<timestamp>2016-10-18T22:21:05Z</timestamp>
<contributor>
<username>UT-interwiki-Bot</username>
<id>56129</id>
</contributor>
<minor />
<comment>Robô: A adicionar: [[en:zapoteca]], [[es:zapoteca]], [[ko:zapoteca]]</comment>
<model>wikitext</model>
<format>text/x-wiki</format>
<text bytes="817" xml:space="preserve">{{Wikipédia}}
={{-pt-}}=
==Adjetivo==
{{flex.pt|s=zapoteca|p=zapotecas}}
{{paroxítona|za|po|te|ca}}, {{gramática|c2g}}
# pertencente ao povo do mesmo nome, no atual [[México]]
# que pertence ao grupo de idiomas do mesmo nome
==Substantivo==
{{flex.pt|s=zapoteca|p=zapotecas}}
{{paroxítona|za|po|te|ca}}, {{gramática|c2g}}
# [[povo]] [[mesoamericano]] de cultura e língua própria 
# {{escopoCat|Língua|pt}} conjunto de [[língua]]s faladas polo povo do mesmo nome
=={{etimologia|pt}}==
{{llietimo|nah|zapoti|pt||[[fruta]] ou fruto|ponto=não}} e {{etimo|nah|tlan}} &quot;[[lugar]]&quot;.
==Ver também==
*{{Wikipédia|modelo=linha|Zapotecas}}
*{{Wikipédia|modelo=linha|Línguas zapotecas}}
[[Categoria:Adjetivo (Português)]]
[[Categoria:Substantivo (Português)]]
[[en:zapoteca]]
[[es:zapoteca]]
[[ko:zapoteca]]</text>
<sha1>ohwizc7tnsmwv6lghac5dr5wa8gk7ss</sha1>
</revision>
