<page>
<page>
<title>zappe</title>
<ns>0</ns>
<id>327596</id>
<revision>
<id>2569745</id>
<parentid>2569727</parentid>
<timestamp>2020-01-08T16:55:34Z</timestamp>
<contributor>
<username>Defender</username>
<id>15952</id>
</contributor>
<minor />
<comment>Revertidas edições por [[Especial:Contribuições/179.179.185.164|179.179.185.164]] para a última versão por [[Especial:Contribuições/UT-interwiki-Bot|UT-interwiki-Bot]]</comment>
<model>wikitext</model>
<format>text/x-wiki</format>
<text bytes="197" xml:space="preserve">={{-fr-}}=
==Forma verbal==
'''zappe'''
# conjugação de [[zapper]]
{{avi-for-fle|zapper}}
[[Categoria:Forma verbal (Francês)]]
[[de:zappe]]
[[en:zappe]]
[[fr:zappe]]
[[hu:zappe]]
[[mg:zappe]]</text>
<sha1>h2p4t7in4v72xwop9fl5ofi3mslw68s</sha1>
</revision>
