<page>
<page>
<title>zapuada</title>
<ns>0</ns>
<id>414029</id>
<revision>
<id>2555288</id>
<timestamp>2019-09-30T13:04:28Z</timestamp>
<contributor>
<username>Cpls</username>
<id>20608</id>
</contributor>
<comment>[[Ajuda:Guia de edição/Menus e ferramentas/Sumário de edição|→]] nova página: ={{-gl-}}= ==Substantivo== {{flex.gl|fs=zapuada|fp=zapuadas}} {{paroxítona|za|pu|a|da|lang=gl}}, {{g|f|lang=...</comment>
<model>wikitext</model>
<format>text/x-wiki</format>
<text bytes="371" xml:space="preserve">={{-gl-}}=
==Substantivo==
{{flex.gl|fs=zapuada|fp=zapuadas}}
{{paroxítona|za|pu|a|da|lang=gl}}, {{g|f|lang=gl}}
# {{escopo|gl|Astúrias}} [[baque]], [[pancada]]
==={{-varort-}}===
* [[sapuada#{{gl}}|sapuada]]
=={{etimologia|gl}}==
: Da mesma origem que ''[[sapada#{{gl}}|sapada]]''. Confronte-se com ''[[sapoada#{{gl}}|sapoada]]''.
[[Categoria:Substantivo (Galego)]]</text>
<sha1>i15go75xep772j6vzrtb5h7h6y71fle</sha1>
</revision>
