<page>
<page>
<title>Zaqueus</title>
<ns>0</ns>
<id>405586</id>
<revision>
<id>2533271</id>
<timestamp>2019-01-18T11:02:26Z</timestamp>
<contributor>
<username>Northon Dominguês</username>
<id>69876</id>
</contributor>
<comment>/*  Português */</comment>
<model>wikitext</model>
<format>text/x-wiki</format>
<text bytes="171" xml:space="preserve">={{-pt-}}=
==Forma de substantivo==
{{paroxítona|Za|que|us}}, {{pr}} {{m}}
# plural de [[Zaqueu]]
{{avi-for-fle|Zaqueu}}
[[Categoria:Forma de substantivo (Português)]]</text>
<sha1>fgpzce74j4zt91wyibm1xd4gg3xperu</sha1>
</revision>
