<page>
<page>
<title>Zaqueu</title>
<ns>0</ns>
<id>405584</id>
<revision>
<id>2657123</id>
<parentid>2533268</parentid>
<timestamp>2022-01-05T13:23:27Z</timestamp>
<contributor>
<username>ValJor</username>
<id>1358</id>
</contributor>
<comment>Melhorando a apresentação do verbete</comment>
<model>wikitext</model>
<format>text/x-wiki</format>
<text bytes="271" xml:space="preserve">={{-pt-}}=
==Substantivo==
{{flex.pt|ms=Zaqueu|mp=Zaqueus}}
{{paroxítona|Za|que|u}}, {{gramática|pr|m}}
# [[Apêndice:Lista de prenomes|prenome]] masculino
# nome de uma personagem bíblica
[[Categoria:Substantivo (Português)]]
[[Categoria:Antropônimo (Português)]]</text>
<sha1>64wcjgyaslna8ps2717t2qny76ej973</sha1>
</revision>
