<page>
<title>zar</title>
<ns>0</ns>
<id>290609</id>
<revision>
<id>2220906</id>
<parentid>1998023</parentid>
<timestamp>2017-01-09T08:09:58Z</timestamp>
<contributor>
<username>UT-interwiki-Bot</username>
<id>56129</id>
</contributor>
<minor />
<comment>Robô: A adicionar: [[eo:zar]]</comment>
<model>wikitext</model>
<format>text/x-wiki</format>
<text bytes="782" xml:space="preserve">{{Wikipédia|lang=it}}
={{-it-}}=
'''zar'''
# [[czar]]
===Verbetes derivados===
* [[zarina]]
* [[zarismo]]
* [[zarista]]
[[Categoria:Substantivo (Italiano)]]
={{-vo-}}=
==Substantivo==
'''zar'''
# [[czar]]
===Declinação===
{{decl.vo.subst}}
==={{etimologia|vo}}===
:Do russo {{etimo|ru|царь}}
==={{pronúncia|vo}}===
* [[AFI]]: {{AFI|/ʦaɾ/}}
[[Categoria:Substantivo (Volapuque)]]
[[chr:zar]]
[[cs:zar]]
[[da:zar]]
[[de:zar]]
[[el:zar]]
[[en:zar]]
[[eo:zar]]
[[es:zar]]
[[eu:zar]]
[[fi:zar]]
[[fr:zar]]
[[gl:zar]]
[[hi:zar]]
[[hr:zar]]
[[hu:zar]]
[[hy:zar]]
[[id:zar]]
[[io:zar]]
[[it:zar]]
[[ko:zar]]
[[ku:zar]]
[[li:zar]]
[[mg:zar]]
[[nl:zar]]
[[pl:zar]]
[[ro:zar]]
[[ru:zar]]
[[scn:zar]]
[[sh:zar]]
[[sq:zar]]
[[tk:zar]]
[[tr:zar]]
[[uz:zar]]
[[vo:zar]]
[[zh:zar]]</text>
<sha1>oq2omgxyj1c8o7dujrvxbxsygkxmstw</sha1>
</revision>
</page>
