<page>
<title>zarabeteiro</title>
<ns>0</ns>
<id>427753</id>
<revision>
<id>2600821</id>
<timestamp>2020-11-02T10:04:45Z</timestamp>
<contributor>
<username>Cpls</username>
<id>20608</id>
</contributor>
<comment>[[Ajuda:Guia de edição/Menus e ferramentas/Sumário de edição|→]] nova página: ={{-gl-}}= ==Adjetivo== {{flex.gl|ms=zarabeteiro|mp=zarabeteiros|fs=zarabeteira|fp=zarabeteiras}} {{paroxíto...</comment>
<model>wikitext</model>
<format>text/x-wiki</format>
<text bytes="429" xml:space="preserve">={{-gl-}}=
==Adjetivo==
{{flex.gl|ms=zarabeteiro|mp=zarabeteiros|fs=zarabeteira|fp=zarabeteiras}}
{{paroxítona|za|ra|be|tei|ro|lang=gl}}
# [[tátaro]], pessoa que tem dificuldade no falar
==={{-varort-}}===
* [[zarabetieiro#{{gl}}|zarabetieiro]]
=={{etimologia|pt}}==
: {{escopo|Morfologia}} De ''[[zarabeto#{{gl}}|zarabeto]]'' ou ''[[zarabete#{{gl}}|zarabete]]'' + ''[[-eiro#{{gl}}|-eiro]]''.
[[Categoria:Adjetivo (Galego)]]</text>
<sha1>eyl2yzpuygig5v11siu4pkqixmxc8mq</sha1>
</revision>
</page>
