<page>
<page>
<title>zaragatoa</title>
<ns>0</ns>
<id>177012</id>
<revision>
<id>2051377</id>
<parentid>1210320</parentid>
<timestamp>2015-12-27T23:10:11Z</timestamp>
<contributor>
<username>ValJor</username>
<id>1358</id>
</contributor>
<comment>Um verbete a menos usando a [[Predefinição:flex.pt.subst.feminino|predefinição flex.pt.subst.feminino]]</comment>
<model>wikitext</model>
<format>text/x-wiki</format>
<text bytes="354" xml:space="preserve">={{-pt-}}=
==Substantivo==
{{flex.pt|fs=zaragatoa|fp=zaragatoas}}
{{paroxítona|za|ra|ga|to|a}}, {{f}}
# [[material]] [[absorvente]], preso a uma haste, que serve para coletar materiais para exame (através de absorção e atrito), aplicar medicamentos ou limpar cavidades e ferimentos
===Sinônimo===
* [[suabe]]
[[Categoria:Substantivo (Português)]]</text>
<sha1>kbv5s5bl157lczn0892uc9gz7mnjwqz</sha1>
</revision>
