<page>
<title>zaramalhas</title>
<ns>0</ns>
<id>369760</id>
<revision>
<id>2206318</id>
<parentid>2206290</parentid>
<timestamp>2016-12-04T18:27:28Z</timestamp>
<contributor>
<username>Cpls</username>
<id>20608</id>
</contributor>
<comment>/* {{-gl-}} */</comment>
<model>wikitext</model>
<format>text/x-wiki</format>
<text bytes="428" xml:space="preserve">={{-gl-}}=
==Adjetivo==
{{flex.gl|s=zaramalhas|p=zaramalhas}}
{{paroxítona|za|ra|ma|lhas|lang=gl}}, {{g|c2g2n|lang=gl}}
# [[tato]], tartamudo
# [[intriguista]], que tudo o enreda e complica
# que é pouco de [[fiar]], embusteiro, informal
# [[trapaceiro]]
===Sinónimos===
* De '''2''': [[zaramalheiro#{{gl}}|zaramalheiro]], [[zaramulho#{{gl}}|zaramulho]], [[zarapalheiro#{{gl}}|zarapalheiro]]
[[Categoria:Adjetivo (Galego)]]</text>
<sha1>hdmo2frf20k4ujhij3843cddj0co53a</sha1>
</revision>
</page>
