<page>
<title>zaranguilhasse</title>
<ns>0</ns>
<id>206234</id>
<revision>
<id>1180576</id>
<parentid>789946</parentid>
<timestamp>2011-07-07T01:25:21Z</timestamp>
<contributor>
<username>MalafayaBot</username>
<id>628</id>
</contributor>
<minor />
<comment>Robô: Substituição de texto automática (-^\=\s?Português\s?\= +={{-pt-}}= &amp; -^\=\s?\{\{pt\}\}\s?\= +={{-pt-}}=)</comment>
<model>wikitext</model>
<format>text/x-wiki</format>
<text bytes="264" xml:space="preserve">={{-pt-}}=
==Forma verbal==
'''zaranguilhasse'''
#[[primeira pessoa|primeira]] e [[terceira pessoa]] do [[singular]] do [[pretérito imperfeito]] do [[modo subjuntivo]] do verbo '''[[zaranguilhar]]'''
[[Categoria:Forma verbal (Português)]]
[[no:zaranguilhasse]]</text>
<sha1>gqjwd6ucwu0xomao89csj9n4insc0tf</sha1>
</revision>
</page>
