<page>
<title>zaranguilhámos</title>
<ns>0</ns>
<id>166583</id>
<revision>
<id>2140706</id>
<parentid>2016048</parentid>
<timestamp>2016-06-11T15:31:57Z</timestamp>
<contributor>
<username>UT-interwiki-Bot</username>
<id>56129</id>
</contributor>
<minor />
<comment>Robô: A adicionar: [[no:zaranguilhámos]]</comment>
<model>wikitext</model>
<format>text/x-wiki</format>
<text bytes="285" xml:space="preserve">{{grafiaPtpt|zaranguilhamos}}
={{-pt-}}=
==Forma verbal==
{{paroxítona|za|ran|gui|lhá|mos}}
# primeira pessoa do plural do pretérito perfeito do modo indicativo do verbo [[zaranguilhar]]
{{avi-for-fle|zaranguilhar}}
[[Categoria:Forma verbal (Português)]]
[[no:zaranguilhámos]]</text>
<sha1>hxn0ik5ccjvh0qhm9xssn3oq3zl6782</sha1>
</revision>
</page>
