<page>
<page>
<title>zaranguilhara</title>
<ns>0</ns>
<id>178095</id>
<revision>
<id>1180557</id>
<parentid>752855</parentid>
<timestamp>2011-07-07T01:25:02Z</timestamp>
<contributor>
<username>MalafayaBot</username>
<id>628</id>
</contributor>
<minor />
<comment>Robô: Substituição de texto automática (-^\=\s?Português\s?\= +={{-pt-}}= &amp; -^\=\s?\{\{pt\}\}\s?\= +={{-pt-}}=)</comment>
<model>wikitext</model>
<format>text/x-wiki</format>
<text bytes="215" xml:space="preserve">={{-pt-}}=
==Forma verbal==
'''zaranguilhara'''
#[[primeira pessoa]] do [[singular]] do [[pretérito mais-que-perfeito]] do verbo '''[[zaranguilhar]]'''
[[Categoria:Forma verbal (Português)]]
[[no:zaranguilhara]]</text>
<sha1>flyaqz3158im8z4e1o4nbnibn3lh8nt</sha1>
</revision>
