<page>
<page>
<title>zaragalha</title>
<ns>0</ns>
<id>296020</id>
<revision>
<id>2509517</id>
<parentid>2140695</parentid>
<timestamp>2018-07-07T14:24:29Z</timestamp>
<contributor>
<username>Cpls</username>
<id>20608</id>
</contributor>
<comment>/* {{-pt-}} */</comment>
<model>wikitext</model>
<format>text/x-wiki</format>
<text bytes="358" xml:space="preserve">={{-pt-}}=
==Substantivo==
{{flex.pt|fs=zaragalha|fp=zaragalhas}}
{{paroxítona|za|ra|ga|lha}}, {{g|f}}
# {{escopo|pt|Galiza}} [[palavra]]s insubstanciais e ociosas
==Ver também==
===No Wikcionário===
{{verTambém.Ini}}
* [[zaragalhada]]
{{verTambém.NovaColuna}}
* [[zaragata]]
{{verTambém.Fim}}
[[Categoria:Substantivo (Português)]]
[[tg:zaragalha]]</text>
<sha1>qh8psvolhxogasd26bu78v6fcvuuedj</sha1>
</revision>
