<page>
<title>zaranguilhará</title>
<ns>0</ns>
<id>187202</id>
<revision>
<id>1180570</id>
<parentid>758865</parentid>
<timestamp>2011-07-07T01:25:15Z</timestamp>
<contributor>
<username>MalafayaBot</username>
<id>628</id>
</contributor>
<minor />
<comment>Robô: Substituição de texto automática (-^\=\s?Português\s?\= +={{-pt-}}= &amp; -^\=\s?\{\{pt\}\}\s?\= +={{-pt-}}=)</comment>
<model>wikitext</model>
<format>text/x-wiki</format>
<text bytes="207" xml:space="preserve">={{-pt-}}=
==Forma verbal==
'''zaranguilhará'''
#[[terceira pessoa]] do [[singular]] do [[futuro do presente]] do verbo '''[[zaranguilhar]]'''
[[Categoria:Forma verbal (Português)]]
[[no:zaranguilhará]]</text>
<sha1>sx9k6asthia2sjhxgfgjhtlz7cjbg1q</sha1>
</revision>
</page>
