<page>
<page>
<title>zaranguilharemos</title>
<ns>0</ns>
<id>188536</id>
<revision>
<id>1180564</id>
<parentid>756201</parentid>
<timestamp>2011-07-07T01:25:09Z</timestamp>
<contributor>
<username>MalafayaBot</username>
<id>628</id>
</contributor>
<minor />
<comment>Robô: Substituição de texto automática (-^\=\s?Português\s?\= +={{-pt-}}= &amp; -^\=\s?\{\{pt\}\}\s?\= +={{-pt-}}=)</comment>
<model>wikitext</model>
<format>text/x-wiki</format>
<text bytes="209" xml:space="preserve">={{-pt-}}=
==Forma verbal==
'''zaranguilharemos'''
#[[primeira pessoa]] do [[plural]] do [[futuro do presente]] do verbo '''[[zaranguilhar]]'''
[[Categoria:Forma verbal (Português)]]
[[no:zaranguilharemos]]</text>
<sha1>i88064nkiu9voc7bw3wqphkvypmqd54</sha1>
</revision>
