<page>
<title>zaranguilham</title>
<ns>0</ns>
<id>161123</id>
<revision>
<id>1180554</id>
<parentid>684559</parentid>
<timestamp>2011-07-07T01:24:59Z</timestamp>
<contributor>
<username>MalafayaBot</username>
<id>628</id>
</contributor>
<minor />
<comment>Robô: Substituição de texto automática (-^\=\s?Português\s?\= +={{-pt-}}= &amp; -^\=\s?\{\{pt\}\}\s?\= +={{-pt-}}=)</comment>
<model>wikitext</model>
<format>text/x-wiki</format>
<text bytes="213" xml:space="preserve">={{-pt-}}=
==Forma verbal==
'''zaranguilham'''
#[[terceira pessoa]] do [[plural]] do [[presente]] do [[modo indicativo]] do verbo '''[[zaranguilhar]]'''
[[Categoria:Forma verbal (Português)]]
[[no:zaranguilham]]</text>
<sha1>23vfowy0oblb77w6ewyb949tb263dzw</sha1>
</revision>
</page>
