<page>
<page>
<title>zaragalhada</title>
<ns>0</ns>
<id>296019</id>
<revision>
<id>2553704</id>
<parentid>2140694</parentid>
<timestamp>2019-09-14T09:35:17Z</timestamp>
<contributor>
<username>ValJor</username>
<id>1358</id>
</contributor>
<comment>Acrescentando código de língua à [[:Categoria:!Página com mensagem de erro em predefinição|predefinição escopo]]</comment>
<model>wikitext</model>
<format>text/x-wiki</format>
<text bytes="593" xml:space="preserve">={{-pt-}}=
==Substantivo==
{{flex.pt|fs=zaragalhada|fp=zaragalhadas}}
{{paroxítona|za|ra|ga|lha|da}}, {{g|f}}
# [[barulho]], desordem, confusão
# {{escopo|pt|Galiza}} [[enredo]], [[ardil]]
# {{escopo|pt|Galiza}} [[mistura]] remexida de ingredientes numa comida, como na empada ou na morcela
==Ver também==
===No Wikcionário===
{{verTambém.Ini}}
* [[zaragalha]]
{{verTambém.NovaColuna}}
* [[zaramalhada]]
{{verTambém.Fim}}
==Ligações externas==
* {{Aulete}}
* {{Michaelis}}
* {{DicioAberto}}
* {{DPLP}}
* {{Infopédia}}
* {{PLP}}
* {{VOLPABL}}
[[Categoria:Substantivo (Português)]]</text>
<sha1>pqwvt8qti3ijn5onx15o4e97ipbz3uf</sha1>
</revision>
