<page>
<title>zaranguilhaste</title>
<ns>0</ns>
<id>172620</id>
<revision>
<id>1180579</id>
<parentid>773792</parentid>
<timestamp>2011-07-07T01:25:27Z</timestamp>
<contributor>
<username>MalafayaBot</username>
<id>628</id>
</contributor>
<minor />
<comment>Robô: Substituição de texto automática (-^\=\s?Português\s?\= +={{-pt-}}= &amp; -^\=\s?\{\{pt\}\}\s?\= +={{-pt-}}=)</comment>
<model>wikitext</model>
<format>text/x-wiki</format>
<text bytes="229" xml:space="preserve">={{-pt-}}=
==Forma verbal==
'''zaranguilhaste'''
#[[segunda pessoa]] do [[singular]] do [[pretérito perfeito]] do [[modo indicativo]] do verbo '''[[zaranguilhar]]'''
[[Categoria:Forma verbal (Português)]]
[[no:zaranguilhaste]]</text>
<sha1>oern45u1adzy2qo5b36ppd9g6ftgo0z</sha1>
</revision>
</page>
