<page>
<title>zaranguilháreis</title>
<ns>0</ns>
<id>182789</id>
<revision>
<id>1180594</id>
<parentid>762439</parentid>
<timestamp>2011-07-07T01:25:43Z</timestamp>
<contributor>
<username>MalafayaBot</username>
<id>628</id>
</contributor>
<minor />
<comment>Robô: Substituição de texto automática (-^\=\s?Português\s?\= +={{-pt-}}= &amp; -^\=\s?\{\{pt\}\}\s?\= +={{-pt-}}=)</comment>
<model>wikitext</model>
<format>text/x-wiki</format>
<text bytes="218" xml:space="preserve">={{-pt-}}=
==Forma verbal==
'''zaranguilháreis'''
#[[segunda pessoa]] do [[plural]] do [[pretérito mais-que-perfeito]] do verbo '''[[zaranguilhar]]'''
[[Categoria:Forma verbal (Português)]]
[[no:zaranguilháreis]]</text>
<sha1>op2igpr3j73k48yktz2wuk89t0iis3w</sha1>
</revision>
</page>
