<page>
<title>zaranguilharias</title>
<ns>0</ns>
<id>200925</id>
<revision>
<id>1180568</id>
<parentid>797594</parentid>
<timestamp>2011-07-07T01:25:13Z</timestamp>
<contributor>
<username>MalafayaBot</username>
<id>628</id>
</contributor>
<minor />
<comment>Robô: Substituição de texto automática (-^\=\s?Português\s?\= +={{-pt-}}= &amp; -^\=\s?\{\{pt\}\}\s?\= +={{-pt-}}=)</comment>
<model>wikitext</model>
<format>text/x-wiki</format>
<text bytes="210" xml:space="preserve">={{-pt-}}=
==Forma verbal==
'''zaranguilharias'''
#[[segunda pessoa]] do [[singular]] do [[futuro do pretérito]] do verbo '''[[zaranguilhar]]'''
[[Categoria:Forma verbal (Português)]]
[[no:zaranguilharias]]</text>
<sha1>m8vgexnva8clryih2ov8xhuwm47g2oh</sha1>
</revision>
</page>
