<page>
<title>zaranguilharei</title>
<ns>0</ns>
<id>184263</id>
<revision>
<id>1180561</id>
<parentid>752867</parentid>
<timestamp>2011-07-07T01:25:06Z</timestamp>
<contributor>
<username>MalafayaBot</username>
<id>628</id>
</contributor>
<minor />
<comment>Robô: Substituição de texto automática (-^\=\s?Português\s?\= +={{-pt-}}= &amp; -^\=\s?\{\{pt\}\}\s?\= +={{-pt-}}=)</comment>
<model>wikitext</model>
<format>text/x-wiki</format>
<text bytes="207" xml:space="preserve">={{-pt-}}=
==Forma verbal==
'''zaranguilharei'''
#[[primeira pessoa]] do [[singular]] do [[futuro do presente]] do verbo '''[[zaranguilhar]]'''
[[Categoria:Forma verbal (Português)]]
[[no:zaranguilharei]]</text>
<sha1>6bktx1ajnxhi91kdze65nx2bntovd28</sha1>
</revision>
</page>
