<page>
<page>
<title>zarabeto</title>
<ns>0</ns>
<id>276302</id>
<revision>
<id>2206209</id>
<parentid>2205979</parentid>
<timestamp>2016-12-04T14:40:23Z</timestamp>
<contributor>
<username>Cpls</username>
<id>20608</id>
</contributor>
<comment>/* {{-pt-}} */</comment>
<model>wikitext</model>
<format>text/x-wiki</format>
<text bytes="914" xml:space="preserve">={{-pt-}}=
==Adjetivo==
{{flex.pt|ms=zarabeto|mp=zarabetos|fs=zarabeta|fp=zarabetas}}
{{paroxítona|za|ra|be|to}}
# {{escopo|pt|Galiza}} [[tátaro]], pessoa que tem dificuldade no falar
# {{escopo|pt|Galiza}} que é incapaz de pronunciar as sibilantes, que [[cecear|ceceia]], que tem [[zetacismo]]
=={{etimologia|pt}}==
: Cognato do [[asturiano]] ''[[zarabeto#Asturiano|zarabetu]]''. Confronte-se com ''[[zarapeto#{{gl}}|zarapeto]]''.
==Ver também==
===No Wikcionário===
{{verTambém.Ini}}
* [[saramelo]]
{{verTambém.NovaColuna}}
* [[zarabatana]]
{{verTambém.Fim}}
[[Categoria:Adjetivo (Português)]]
={{-ast-}}=
==Adjetivo==
'''zarabeto''', ''neutro''; '''zarabeta''', ''feminino''; '''zarabetu''', ''masculino''
:{{paroxítona|za|ra|be|to|lang=ast}}
# [[zarabeto#Português|zarabeto]], [[tátaro]]
# pessoa que fala [[cecear|ceceando]]
[[Categoria:Adjetivo (Asturiano)]]
[[gl:zarabeto]]
[[tg:zarabeto]]</text>
<sha1>rtxf0j8j2qwrkwf2uplpcjktak8ekdr</sha1>
</revision>
