<page>
<page>
<title>zaranguilheis</title>
<ns>0</ns>
<id>217988</id>
<revision>
<id>1180586</id>
<parentid>821926</parentid>
<timestamp>2011-07-07T01:25:34Z</timestamp>
<contributor>
<username>MalafayaBot</username>
<id>628</id>
</contributor>
<minor />
<comment>Robô: Substituição de texto automática (-^\=\s?Português\s?\= +={{-pt-}}= &amp; -^\=\s?\{\{pt\}\}\s?\= +={{-pt-}}=)</comment>
<model>wikitext</model>
<format>text/x-wiki</format>
<text bytes="312" xml:space="preserve">={{-pt-}}=
==Forma verbal==
'''zaranguilheis'''
#[[segunda pessoa]] do [[plural]] do [[presente]] do [[modo subjuntivo]] do verbo '''[[zaranguilhar]]'''
#[[segunda pessoa]] do [[plural]] do [[imperativo]] [[negativo]] do verbo '''[[zaranguilhar]]'''
[[Categoria:Forma verbal (Português)]]
[[no:zaranguilheis]]</text>
<sha1>adfp7dq7on463mq1ymtiod6me3si67t</sha1>
</revision>
