<page>
<title>zaramonear</title>
<ns>0</ns>
<id>364533</id>
<revision>
<id>2207247</id>
<parentid>2169104</parentid>
<timestamp>2016-12-05T22:01:35Z</timestamp>
<contributor>
<username>UT-interwiki-Bot</username>
<id>56129</id>
</contributor>
<minor />
<comment>Robô: A adicionar: [[gl:zaramonear]]</comment>
<model>wikitext</model>
<format>text/x-wiki</format>
<text bytes="492" xml:space="preserve">={{-gl-}}=
==Verbo==
{{oxítona|za|ra|mo|ne|ar|lang=gl}}
# [[mover]] a cabeça e o rabo, especialmente um animal vacum
# mover a cabeça uma vaca ou boi com intenção de [[turrar]], de [[investir]]
# sacudir a cabeça para indicar [[reprovação]]
===Sinónimos===
* De '''1''': [[camonear#{{gl}}|camonear]], [[escadamojar#{{gl}}|escadamojar]], [[escaramonear#{{gl}}|escaramonear]], [[jamonear#{{gl}}|jamonear]], [[zamonear#{{gl}}|zamonear]]
[[Categoria:Verbo (Galego)]]
[[gl:zaramonear]]</text>
<sha1>dhh61sk2m424gcbdivme56tjrd7mpdm</sha1>
</revision>
</page>
