<page>
<title>zaramela</title>
<ns>0</ns>
<id>368541</id>
<revision>
<id>2453739</id>
<parentid>2199246</parentid>
<timestamp>2017-10-06T12:40:37Z</timestamp>
<contributor>
<username>Cpls</username>
<id>20608</id>
</contributor>
<comment>/* {{-gl-}} */</comment>
<model>wikitext</model>
<format>text/x-wiki</format>
<text bytes="589" xml:space="preserve">={{-gl-}}=
==Adjetivo==
{{flex.pt|ms=zaramelo|mp=zaramelos|fs=zaramela|fp=zaramelas}}
{{paroxítona|za|ra|me|la|lang=gl}}
# [[zaramelo#Português|zaramela]], [[gago|gaga]]
==Substantivo==
{{flex.gl|fs=zaramela|fp=zaramelas}}
{{paroxítona|za|ra|me|la|lang=gl}}, {{g|f|lang=gl}}
# {{escopo|gl|Anfíbio}} [[salamandra]] da espécie ''[[wikispecies:Salamandra salamandra|Salandra salamandra]]''
==={{-varort-}}===
* [[saramela#{{gl}}|saramela]]
=={{etimologia|gl}}==
: Confronte-se com ''[[zaramelar#{{gl}}|zaramelar]]''.
[[Categoria:Adjetivo (Galego)]]
[[Categoria:Substantivo (Galego)]]</text>
<sha1>tsu1jqvk0izddbijrr67z8zf98oofvl</sha1>
</revision>
</page>
