<page>
<page>
<title>zarabatana</title>
<ns>0</ns>
<id>61190</id>
<revision>
<id>2596460</id>
<parentid>2055765</parentid>
<timestamp>2020-09-14T12:18:32Z</timestamp>
<contributor>
<ip>187.35.179.195</ip>
</contributor>
<comment>/* Substantivo */Não classificar tecnologias de povos não europeus como primitivas</comment>
<model>wikitext</model>
<format>text/x-wiki</format>
<text bytes="1710" xml:space="preserve">{{Wikipédia}}
={{-pt-}}=
==Substantivo==
{{flex.pt|fs=zarabatana|fp=zarabatanas}}
{{paroxítona|za|ra|ba|ta|na}}, {{f}}
# tipo de [[buzina]] ou [[porta-voz]]
# tipo de [[armamento]], constituída por um [[longo]] [[tubo]], em geral de [[madeira]], dentro do qual é inserido uma [[seta]] ou [[projétil]]; [[arma]] de uso comum pelos [[indígena]]s da América do Sul, onde eram as setas impregnadas de [[veneno]], em geral o [[curare]]  
#* ''Arma silenciosa e letal, a '''zarabatana''' é usada até os dias atuais, pelos índios na selva amazônica.''
===Sinônimos===
De '''1''' e '''2''':
{{verTambém.Ini}}
* [[esgarapatana]] 
{{verTambém.NovaColuna}}
* [[esgaravatana]]
{{verTambém.NovaColuna}}
* [[sarabatana]]
{{verTambém.Fim}}
===Tradução===
{{tradini|De 2 (tipo de armamento primitivo)}}
* {{trad|sq|pushkaliqe}}
* {{trad|de|Blasrohr}}
* {{trad|ar|نشّاب}}
* {{trad|my|sumpitan}}
* {{trad|br|sifoc'hell}}
* {{trad|ca|sarbatana}}
* {{trad|cs|foukačka}}
* {{trad|hr|puhaljka}}
* {{trad|da|pusterør}}
* {{trad|sk|fúkaèka}}
* {{trad|sl|pihalnik}}
* {{trad|es|cerbatana}}
* {{trad|eo|cerbatano}}
{{tradmeio}}
* {{trad|fi|puhallusputki}}
* {{trad|fr|sarbacane}}
* {{trad|gl|tirabalas|tiratacos}}
* {{trad|nl|blaaspijp}}
* {{trad|id|pipa peniup|sumpitan}}
* {{trad|en|blowpipe|blowgun}}
* {{trad|it|cerbottana}}
* {{trad|fa|تفنگ بادی}}
* {{trad|pl|dmuchawa}}
* {{trad|ru|духовая трубка}}
* {{trad|se|blaasroer}}
* {{trad|sv|blåsrör}}
{{tradfim}}
=={{etimologia|pt}}==
: Palavra oriunda do persa, através do árabe vulgar, ''zarabatana''.
[[Categoria:Substantivo (Português)]]
[[Categoria:Arma (Português)]]
[[en:zarabatana]]
[[mg:zarabatana]]
[[zh:zarabatana]]</text>
<sha1>czptz3c94y1d42qg3a6wjayirdzlzxv</sha1>
</revision>
