<page>
<title>zaramalha</title>
<ns>0</ns>
<id>296015</id>
<revision>
<id>2206281</id>
<parentid>2140692</parentid>
<timestamp>2016-12-04T17:21:03Z</timestamp>
<contributor>
<username>Cpls</username>
<id>20608</id>
</contributor>
<model>wikitext</model>
<format>text/x-wiki</format>
<text bytes="369" xml:space="preserve">={{-pt-}}=
==Substantivo==
{{flex.pt|fs=zaramalha|fp=zaramalhas}}
{{paroxítona|za|ra|ma|lha}}, {{g|f}}
# {{escopo|pt|Galiza}} [[trapaçaria]], embuste, enredo, [[zaramalhada]]
==Ver também==
===No Wikcionário===
{{verTambém.Ini}}
* [[salama]]
{{verTambém.NovaColuna}}
* [[zaramalheiro]]
{{verTambém.Fim}}
[[Categoria:Substantivo (Português)]]
[[tg:zaramalha]]</text>
<sha1>1vv2p6qsqwvexyciovzp4fu3d6uqvts</sha1>
</revision>
</page>
