<page>
<title>zaranguilhes</title>
<ns>0</ns>
<id>219403</id>
<revision>
<id>1180589</id>
<parentid>814556</parentid>
<timestamp>2011-07-07T01:25:37Z</timestamp>
<contributor>
<username>MalafayaBot</username>
<id>628</id>
</contributor>
<minor />
<comment>Robô: Substituição de texto automática (-^\=\s?Português\s?\= +={{-pt-}}= &amp; -^\=\s?\{\{pt\}\}\s?\= +={{-pt-}}=)</comment>
<model>wikitext</model>
<format>text/x-wiki</format>
<text bytes="314" xml:space="preserve">={{-pt-}}=
==Forma verbal==
'''zaranguilhes'''
#[[segunda pessoa]] do [[singular]] do [[presente]] do [[modo subjuntivo]] do verbo '''[[zaranguilhar]]'''
#[[segunda pessoa]] do [[singular]] do [[imperativo]] [[negativo]] do verbo '''[[zaranguilhar]]'''
[[Categoria:Forma verbal (Português)]]
[[no:zaranguilhes]]</text>
<sha1>ji0be1htdpr0wrvfi4vc7u0jh9sunw5</sha1>
</revision>
</page>
