<page>
<title>zarangalho</title>
<ns>0</ns>
<id>396351</id>
<revision>
<id>2504568</id>
<parentid>2504567</parentid>
<timestamp>2018-05-25T10:09:22Z</timestamp>
<contributor>
<username>Cpls</username>
<id>20608</id>
</contributor>
<comment>/* Substantivo */</comment>
<model>wikitext</model>
<format>text/x-wiki</format>
<text bytes="398" xml:space="preserve">={{-gl-}}=
==Substantivo==
{{flex.gl|ms=zarangalho|mp=zarangalhos}}
{{paroxítona|za|ran|ga|lho|lang=gl}}, {{g|m|lang=gl}}
# [[frangalho#{{gl}}|frangalho]], andrajo
# mistura [[desordenado|desordenada]] de coisas
# pessoa desordenada
==={{-varort-}}===
* De '''1''': [[farangalho#{{gl}}|farangalho]], [[fragalho#{{gl}}|fragalho]], [[frangalho#{{gl}}|frangalho]]
[[Categoria:Substantivo (Galego)]]</text>
<sha1>18jr4x4fokh0rn2k9180njo679v8ydu</sha1>
</revision>
</page>
