<page>
<page>
<title>zaranguilhásseis</title>
<ns>0</ns>
<id>202259</id>
<revision>
<id>1180595</id>
<parentid>789071</parentid>
<timestamp>2011-07-07T01:25:44Z</timestamp>
<contributor>
<username>MalafayaBot</username>
<id>628</id>
</contributor>
<minor />
<comment>Robô: Substituição de texto automática (-^\=\s?Português\s?\= +={{-pt-}}= &amp; -^\=\s?\{\{pt\}\}\s?\= +={{-pt-}}=)</comment>
<model>wikitext</model>
<format>text/x-wiki</format>
<text bytes="236" xml:space="preserve">={{-pt-}}=
==Forma verbal==
'''zaranguilhásseis'''
#[[segunda pessoa]] do [[plural]] do [[pretérito imperfeito]] do [[modo subjuntivo]] do verbo '''[[zaranguilhar]]'''
[[Categoria:Forma verbal (Português)]]
[[no:zaranguilhásseis]]</text>
<sha1>jfclgms1um4ljqi147ybnxk82ytqihz</sha1>
</revision>
