<page>
<title>zarafulhar</title>
<ns>0</ns>
<id>296022</id>
<revision>
<id>2553765</id>
<parentid>2140696</parentid>
<timestamp>2019-09-14T20:06:55Z</timestamp>
<contributor>
<username>ValJor</username>
<id>1358</id>
</contributor>
<comment>Acrescentando código de língua à [[:Categoria:!Página com mensagem de erro em predefinição|predefinição escopo]]</comment>
<model>wikitext</model>
<format>text/x-wiki</format>
<text bytes="292" xml:space="preserve">={{-pt-}}=
==Verbo==
{{oxítona|za|ra|fu|lhar}}
# {{escopo|pt|Galiza}} criar [[confusão]], [[enredar]], embrulhar um assunto para que não seja compreendido 
===Conjugação===
{{conj/pt|zarafulh|ar}}
==Ver também==
===No Wikcionário===
* [[barafulhar]]
[[Categoria:Verbo (Português)]]</text>
<sha1>fchfnuy4w9tcbemqbq6xevfkf4m9fj6</sha1>
</revision>
</page>
