<page>
<page>
<title>zaranguilhavas</title>
<ns>0</ns>
<id>162471</id>
<revision>
<id>1180583</id>
<parentid>686022</parentid>
<timestamp>2011-07-07T01:25:31Z</timestamp>
<contributor>
<username>MalafayaBot</username>
<id>628</id>
</contributor>
<minor />
<comment>Robô: Substituição de texto automática (-^\=\s?Português\s?\= +={{-pt-}}= &amp; -^\=\s?\{\{pt\}\}\s?\= +={{-pt-}}=)</comment>
<model>wikitext</model>
<format>text/x-wiki</format>
<text bytes="231" xml:space="preserve">={{-pt-}}=
==Forma verbal==
'''zaranguilhavas'''
#[[segunda pessoa]] do [[singular]] do [[pretérito imperfeito]] do [[modo indicativo]] do verbo '''[[zaranguilhar]]'''
[[Categoria:Forma verbal (Português)]]
[[no:zaranguilhavas]]</text>
<sha1>17ydudti6jgg6g6927plpuqvb4cdrs2</sha1>
</revision>
