<page>
<page>
<title>zaranguilhardes</title>
<ns>0</ns>
<id>210915</id>
<revision>
<id>1180560</id>
<parentid>814439</parentid>
<timestamp>2011-07-07T01:25:05Z</timestamp>
<contributor>
<username>MalafayaBot</username>
<id>628</id>
</contributor>
<minor />
<comment>Robô: Substituição de texto automática (-^\=\s?Português\s?\= +={{-pt-}}= &amp; -^\=\s?\{\{pt\}\}\s?\= +={{-pt-}}=)</comment>
<model>wikitext</model>
<format>text/x-wiki</format>
<text bytes="309" xml:space="preserve">={{-pt-}}=
==Forma verbal==
'''zaranguilhardes'''
#[[segunda pessoa]] do [[plural]] do [[futuro]] do [[modo subjuntivo]] do verbo '''[[zaranguilhar]]'''
#[[infinitivo pessoal]] da [[segunda pessoa]] do [[plural]] do verbo '''[[zaranguilhar]]'''
[[Categoria:Forma verbal (Português)]]
[[no:zaranguilhardes]]</text>
<sha1>ls0jrfq09689f1b4zp3sb83qswa6tyi</sha1>
</revision>
