<page>
<page>
<title>zaracoteia</title>
<ns>0</ns>
<id>319281</id>
<revision>
<id>1737907</id>
<parentid>1736921</parentid>
<timestamp>2013-09-26T07:59:38Z</timestamp>
<contributor>
<username>ValJor</username>
<id>1358</id>
</contributor>
<comment>Retirando da [[Especial:Uncategorizedpages|página de verbetes sem categoria]]</comment>
<model>wikitext</model>
<format>text/x-wiki</format>
<text bytes="166" xml:space="preserve">={{-pt-}}=
==Substantivo==
{{flex.pt|fs=zaracoteia|fp=zaracoteias}}
{{paroxítona|za|ra|co|tei|a}}
# o mesmo que [[zaragatoa]]
[[Categoria:Substantivo (Português)]]</text>
<sha1>q9wzv9j1jh0t7o51da75o7irr6xokll</sha1>
</revision>
