<page>
<title>zaralho</title>
<ns>0</ns>
<id>7531</id>
<revision>
<id>2676875</id>
<parentid>2490297</parentid>
<timestamp>2022-05-14T12:14:56Z</timestamp>
<contributor>
<username>Cpls</username>
<id>20608</id>
</contributor>
<comment>/* {{-gl-}} */</comment>
<model>wikitext</model>
<format>text/x-wiki</format>
<text bytes="810" xml:space="preserve">={{-pt-}}=
==Adjetivo==
{{paroxítona|za|ra|lho}}
# {{escopo|pt|Madeira}} [[mulher]] destituída de [[personalidade]] ou [[desmazelado|desmazelada]]
[[Categoria:Adjetivo (Português)]]
={{-gl-}}=
==Adjetivo==
{{flex.gl|s=zaralho|p=zaralhos}}
{{paroxítona|za|ra|lho|lang=gl}}, {{g|c2g|lang=gl}}
# {{escopo|gl|Pejorativo}} qualifica a quem é [[sujo]], que veste roupas rotas ou velhas
===Sinónimos===
* [[corondolho#{{gl}}|corondolho]], [[zaralhoa#{{gl}}|zaralhoa]]
==Substantivo==
{{flex.gl|ms=zaralho|mp=zaralho}}
{{paroxítona|za|ra|lho|lang=gl}}, {{g|m|lang=gl}}
# [[rasgão]] numa roupa ou tecido
===Sinónimos===
* Vide em [[zerendalho#{{gl}}|zerendalho]]
=={{etimologia|gl}}==
: Confronte-se com ''[[saralho#{{gl}}|saralho]]''.
[[Categoria:Adjetivo (Galego)]]
[[Categoria:Substantivo (Galego)]]</text>
<sha1>qsx4i25n1xxxx61z6b2y7xdef9w4rie</sha1>
</revision>
</page>
