<page>
<page>
<title>zarabete</title>
<ns>0</ns>
<id>369741</id>
<revision>
<id>2600822</id>
<parentid>2206167</parentid>
<timestamp>2020-11-02T10:04:55Z</timestamp>
<contributor>
<username>Cpls</username>
<id>20608</id>
</contributor>
<comment>/* {{-gl-}} */</comment>
<model>wikitext</model>
<format>text/x-wiki</format>
<text bytes="493" xml:space="preserve">={{-gl-}}=
==Adjetivo==
{{flex.gl|s=zarabete|p=zarabetes}}
{{paroxítona|za|ra|be|te|lang=gl}}, {{g|c2g|lang=gl}}
# [[tátaro]], pessoa que tem dificuldade no falar
===Sinónimos===
* [[tatejo#{{gl}}|tatejo]], [[tato#{{gl}}|tato]], [[zarabeto#{{gl}}|zarabeto]], [[zarapeto#{{gl}}|zarapeto]]
===Verbetes derivados===
* [[zarabetear#{{gl}}|zarabetear]]
* [[zarabeteiro#{{gl}}|zarabeteiro]]
=={{etimologia|pt}}==
: Cognato do  asturiano {{etimo|ast|zarabetu}}.
[[Categoria:Adjetivo (Galego)]]</text>
<sha1>dodpv3ieg1rtg5vh80j250uqszeqt55</sha1>
</revision>
