<page>
<page>
<title>zaranguilhariam</title>
<ns>0</ns>
<id>196633</id>
<revision>
<id>1180567</id>
<parentid>797204</parentid>
<timestamp>2011-07-07T01:25:12Z</timestamp>
<contributor>
<username>MalafayaBot</username>
<id>628</id>
</contributor>
<minor />
<comment>Robô: Substituição de texto automática (-^\=\s?Português\s?\= +={{-pt-}}= &amp; -^\=\s?\{\{pt\}\}\s?\= +={{-pt-}}=)</comment>
<model>wikitext</model>
<format>text/x-wiki</format>
<text bytes="209" xml:space="preserve">={{-pt-}}=
==Forma verbal==
'''zaranguilhariam'''
#[[terceira pessoa]] do [[plural]] do [[futuro do pretérito]] do verbo '''[[zaranguilhar]]'''
[[Categoria:Forma verbal (Português)]]
[[no:zaranguilhariam]]</text>
<sha1>fbrwqjjjh1ynpxcovdrd9js00fwkfwv</sha1>
</revision>
