<page>
<page>
<title>zaranguilharas</title>
<ns>0</ns>
<id>179587</id>
<revision>
<id>1180559</id>
<parentid>763402</parentid>
<timestamp>2011-07-07T01:25:04Z</timestamp>
<contributor>
<username>MalafayaBot</username>
<id>628</id>
</contributor>
<minor />
<comment>Robô: Substituição de texto automática (-^\=\s?Português\s?\= +={{-pt-}}= &amp; -^\=\s?\{\{pt\}\}\s?\= +={{-pt-}}=)</comment>
<model>wikitext</model>
<format>text/x-wiki</format>
<text bytes="216" xml:space="preserve">={{-pt-}}=
==Forma verbal==
'''zaranguilharas'''
#[[segunda pessoa]] do [[singular]] do [[pretérito mais-que-perfeito]] do verbo '''[[zaranguilhar]]'''
[[Categoria:Forma verbal (Português)]]
[[no:zaranguilharas]]</text>
<sha1>pszgoo0i9mo0lyo7vupu0ceh7zszntv</sha1>
</revision>
