<page>
<title>zaranguilharás</title>
<ns>0</ns>
<id>185820</id>
<revision>
<id>1180571</id>
<parentid>785810</parentid>
<timestamp>2011-07-07T01:25:16Z</timestamp>
<contributor>
<username>MalafayaBot</username>
<id>628</id>
</contributor>
<minor />
<comment>Robô: Substituição de texto automática (-^\=\s?Português\s?\= +={{-pt-}}= &amp; -^\=\s?\{\{pt\}\}\s?\= +={{-pt-}}=)</comment>
<model>wikitext</model>
<format>text/x-wiki</format>
<text bytes="208" xml:space="preserve">={{-pt-}}=
==Forma verbal==
'''zaranguilharás'''
#[[segunda pessoa]] do [[singular]] do [[futuro do presente]] do verbo '''[[zaranguilhar]]'''
[[Categoria:Forma verbal (Português)]]
[[no:zaranguilharás]]</text>
<sha1>43ledcmbufbcont1vaean2njx8btb0g</sha1>
</revision>
</page>
