<page>
<title>zaranguilhar</title>
<ns>0</ns>
<id>74475</id>
<revision>
<id>1112591</id>
<parentid>1106911</parentid>
<timestamp>2011-07-03T17:58:43Z</timestamp>
<contributor>
<username>MalafayaBot</username>
<id>628</id>
</contributor>
<minor />
<comment>Substituindo {{conj.pt.*}} por {{conj/pt}}</comment>
<model>wikitext</model>
<format>text/x-wiki</format>
<text bytes="290" xml:space="preserve">={{-pt-}}=
==Verbo==
'''za.ran.gui.&lt;u&gt;lhar&lt;/u&gt;'''
# [[complicar]], [[confundir]], [[obstruir]] algo, [[desarrumar]]
===Conjugação===
{{conj/pt|zaranguilh|ar}}
[[Categoria:Verbo (Português)]]
[[Categoria:Polissílabo (Português)]]
[[Categoria:Oxítona (Português)]]
[[no:zaranguilhar]]</text>
<sha1>n9fxga79ipdsk2uutj0saho4plv54og</sha1>
</revision>
</page>
