<page>
<page>
<title>zarabau</title>
<ns>0</ns>
<id>400506</id>
<revision>
<id>2519950</id>
<parentid>2519948</parentid>
<timestamp>2018-09-23T14:41:40Z</timestamp>
<contributor>
<username>Cpls</username>
<id>20608</id>
</contributor>
<model>wikitext</model>
<format>text/x-wiki</format>
<text bytes="217" xml:space="preserve">={{-gl-}}=
==Adjetivo==
{{oxítona|za|ra|bau|lang=gl}}
# [[tátaro]], pessoa que tem dificuldade no falar
===Sinónimos===
* [[zarabeto#{{gl}}|zarabeto]], [[zaramelo#{{gl}}|zaramelo]]
[[Categoria:Adjetivo (Galego)]]</text>
<sha1>1cpf290wzsg485x98qhrrdr6vhru7yv</sha1>
</revision>
