<page>
<page>
<title>zaranguilháramos</title>
<ns>0</ns>
<id>181090</id>
<revision>
<id>1180593</id>
<parentid>757880</parentid>
<timestamp>2011-07-07T01:25:42Z</timestamp>
<contributor>
<username>MalafayaBot</username>
<id>628</id>
</contributor>
<minor />
<comment>Robô: Substituição de texto automática (-^\=\s?Português\s?\= +={{-pt-}}= &amp; -^\=\s?\{\{pt\}\}\s?\= +={{-pt-}}=)</comment>
<model>wikitext</model>
<format>text/x-wiki</format>
<text bytes="221" xml:space="preserve">={{-pt-}}=
==Forma verbal==
'''zaranguilháramos'''
#[[primeira pessoa]] do [[plural]] do [[pretérito mais-que-perfeito]] do verbo '''[[zaranguilhar]]'''
[[Categoria:Forma verbal (Português)]]
[[no:zaranguilháramos]]</text>
<sha1>79yl6a7lxlujcxbhe52vi35mgvi3q85</sha1>
</revision>
