<page>
<title>zaranguilhava</title>
<ns>0</ns>
<id>204927</id>
<revision>
<id>1180581</id>
<parentid>787257</parentid>
<timestamp>2011-07-07T01:25:29Z</timestamp>
<contributor>
<username>MalafayaBot</username>
<id>628</id>
</contributor>
<minor />
<comment>Robô: Substituição de texto automática (-^\=\s?Português\s?\= +={{-pt-}}= &amp; -^\=\s?\{\{pt\}\}\s?\= +={{-pt-}}=)</comment>
<model>wikitext</model>
<format>text/x-wiki</format>
<text bytes="262" xml:space="preserve">={{-pt-}}=
==Forma verbal==
'''zaranguilhava'''
#[[primeira pessoa|primeira]] e [[terceira pessoa]] do [[singular]] do [[pretérito imperfeito]] do [[modo indicativo]] do verbo '''[[zaranguilhar]]'''
[[Categoria:Forma verbal (Português)]]
[[no:zaranguilhava]]</text>
<sha1>mkpvkc09cbcvc72h1l8gzuseudfodox</sha1>
</revision>
</page>
