<page>
<title>zaranguilharam</title>
<ns>0</ns>
<id>176627</id>
<revision>
<id>1180558</id>
<parentid>724028</parentid>
<timestamp>2011-07-07T01:25:03Z</timestamp>
<contributor>
<username>MalafayaBot</username>
<id>628</id>
</contributor>
<minor />
<comment>Robô: Substituição de texto automática (-^\=\s?Português\s?\= +={{-pt-}}= &amp; -^\=\s?\{\{pt\}\}\s?\= +={{-pt-}}=)</comment>
<model>wikitext</model>
<format>text/x-wiki</format>
<text bytes="228" xml:space="preserve">={{-pt-}}=
==Forma verbal==
'''zaranguilharam'''
#[[terceira pessoa]] do [[plural]] do [[pretérito perfeito]] do [[modo indicativo]] do verbo '''[[zaranguilhar]]'''
[[Categoria:Forma verbal (Português)]]
[[no:zaranguilharam]]</text>
<sha1>qoctrmdd25kcy9ogeqxchlmld6cky37</sha1>
</revision>
</page>
