<page>
<title>zarandeio</title>
<ns>0</ns>
<id>398210</id>
<revision>
<id>2512194</id>
<parentid>2512193</parentid>
<timestamp>2018-07-21T18:48:23Z</timestamp>
<contributor>
<username>Cpls</username>
<id>20608</id>
</contributor>
<comment>/* {{-gl-}} */</comment>
<model>wikitext</model>
<format>text/x-wiki</format>
<text bytes="512" xml:space="preserve">={{-gl-}}=
==Substantivo==
{{flex.gl|ms=zarandeio|mp=zarandeios}}
{{paroxítona|za|ran|dei|o|lang=gl}}, {{g|m|lang=gl}}
# o [[movimento]] gerado ao [[sarandear]]
# na [[roca]], recipiente feito de uma [[cabaça|cabacinha]] que serve para nele pôr o fuso
==={{-varort-}}===
* [[sarandeio#{{gl}}|sarandeio]]
=={{etimologia|gl}}==
: De ''[[zarandear#{{gl}}|zarandear]].
=={{pronúncia|gl}}==
* [[AFI]]: /θa.ɾan.'de.o/, /θa.ɾan.'dej.o/, /sa.ɾan.'de.o/ ou /sa.ɾan.'dej.o/
[[Categoria:Substantivo (Galego)]]</text>
<sha1>q5yxdzpcm8eito0ngp96a267jmh0sey</sha1>
</revision>
</page>
