<page>
<page>
<title>zaranguilharíamos</title>
<ns>0</ns>
<id>193990</id>
<revision>
<id>1180573</id>
<parentid>770295</parentid>
<timestamp>2011-07-07T01:25:18Z</timestamp>
<contributor>
<username>MalafayaBot</username>
<id>628</id>
</contributor>
<minor />
<comment>Robô: Substituição de texto automática (-^\=\s?Português\s?\= +={{-pt-}}= &amp; -^\=\s?\{\{pt\}\}\s?\= +={{-pt-}}=)</comment>
<model>wikitext</model>
<format>text/x-wiki</format>
<text bytes="215" xml:space="preserve">={{-pt-}}=
==Forma verbal==
'''zaranguilharíamos'''
#[[primeira pessoa]] do [[plural]] do [[futuro do pretérito]] do verbo '''[[zaranguilhar]]'''
[[Categoria:Forma verbal (Português)]]
[[no:zaranguilharíamos]]</text>
<sha1>n5zmx1979ezajozsubwh8sxxcfjmpjq</sha1>
</revision>
