<page>
<title>zaranguilhasses</title>
<ns>0</ns>
<id>197945</id>
<revision>
<id>1180578</id>
<parentid>765064</parentid>
<timestamp>2011-07-07T01:25:26Z</timestamp>
<contributor>
<username>MalafayaBot</username>
<id>628</id>
</contributor>
<minor />
<comment>Robô: Substituição de texto automática (-^\=\s?Português\s?\= +={{-pt-}}= &amp; -^\=\s?\{\{pt\}\}\s?\= +={{-pt-}}=)</comment>
<model>wikitext</model>
<format>text/x-wiki</format>
<text bytes="234" xml:space="preserve">={{-pt-}}=
==Forma verbal==
'''zaranguilhasses'''
#[[segunda pessoa]] do [[singular]] do [[pretérito imperfeito]] do [[modo subjuntivo]] do verbo '''[[zaranguilhar]]'''
[[Categoria:Forma verbal (Português)]]
[[no:zaranguilhasses]]</text>
<sha1>k6smitylpiigvgtc6aewdvkuxy86ma9</sha1>
</revision>
</page>
