<page>
<title>zarandão</title>
<ns>0</ns>
<id>398207</id>
<revision>
<id>2512186</id>
<timestamp>2018-07-21T18:13:56Z</timestamp>
<contributor>
<username>Cpls</username>
<id>20608</id>
</contributor>
<comment>[[Ajuda:Guia de edição/Menus e ferramentas/Sumário de edição|→]] nova página: ={{-gl-}}= ==Substantivo== {{flex.gl|ms=zarandão|mp=zarandões}} {{oxítona|za|ran|dão|lang=gl}}, {{g|m|lan...</comment>
<model>wikitext</model>
<format>text/x-wiki</format>
<text bytes="396" xml:space="preserve">={{-gl-}}=
==Substantivo==
{{flex.gl|ms=zarandão|mp=zarandões}}
{{oxítona|za|ran|dão|lang=gl}}, {{g|m|lang=gl}}
# {{escopo|gl|Meteorologia}} [[vento]] forte
==={{-varort-}}===
* [[sarandão#{{gl}}|sarandão]]
=={{etimologia|gl}}==
: Confronte-se com ''[[zarandear#{{gl}}|zarandear]]''.
=={{pronúncia|gl}}==
* [[AFI]]: /sa.ɾan.'doŋ/ e /θa.ɾan.'doŋ/
[[Categoria:Substantivo (Galego)]]</text>
<sha1>0mgghrkuqkzeodoc6dqqie0igldvnm1</sha1>
</revision>
</page>
