<page>
<page>
<title>zaranguilharmos</title>
<ns>0</ns>
<id>209451</id>
<revision>
<id>1180569</id>
<parentid>814341</parentid>
<timestamp>2011-07-07T01:25:14Z</timestamp>
<contributor>
<username>MalafayaBot</username>
<id>628</id>
</contributor>
<minor />
<comment>Robô: Substituição de texto automática (-^\=\s?Português\s?\= +={{-pt-}}= &amp; -^\=\s?\{\{pt\}\}\s?\= +={{-pt-}}=)</comment>
<model>wikitext</model>
<format>text/x-wiki</format>
<text bytes="311" xml:space="preserve">={{-pt-}}=
==Forma verbal==
'''zaranguilharmos'''
#[[primeira pessoa]] do [[plural]] do [[futuro]] do [[modo subjuntivo]] do verbo '''[[zaranguilhar]]'''
#[[infinitivo pessoal]] da [[primeira pessoa]] do [[plural]] do verbo '''[[zaranguilhar]]'''
[[Categoria:Forma verbal (Português)]]
[[no:zaranguilharmos]]</text>
<sha1>lf9qylnvzogq9jghcotabvzmwdgnahe</sha1>
</revision>
