<page>
<title>zaranguilho</title>
<ns>0</ns>
<id>153868</id>
<revision>
<id>1180590</id>
<parentid>682166</parentid>
<timestamp>2011-07-07T01:25:38Z</timestamp>
<contributor>
<username>MalafayaBot</username>
<id>628</id>
</contributor>
<minor />
<comment>Robô: Substituição de texto automática (-^\=\s?Português\s?\= +={{-pt-}}= &amp; -^\=\s?\{\{pt\}\}\s?\= +={{-pt-}}=)</comment>
<model>wikitext</model>
<format>text/x-wiki</format>
<text bytes="210" xml:space="preserve">={{-pt-}}=
==Forma verbal==
'''zaranguilho'''
#[[primeira]] [[pessoa]] do [[singular]] do [[presente]] [[indicativo]] do verbo '''[[zaranguilhar]]'''
[[Categoria:Forma verbal (Português)]]
[[no:zaranguilho]]</text>
<sha1>2e513aevojl9yx1q3v3bns7tlz79mdg</sha1>
</revision>
</page>
