<page>
<page>
<title>zaracina</title>
<ns>0</ns>
<id>376402</id>
<revision>
<id>2443523</id>
<parentid>2255576</parentid>
<timestamp>2017-08-13T11:48:33Z</timestamp>
<contributor>
<username>Cpls</username>
<id>20608</id>
</contributor>
<comment>/* {{-gl-}} */</comment>
<model>wikitext</model>
<format>text/x-wiki</format>
<text bytes="299" xml:space="preserve">={{-gl-}}=
==Substantivo==
{{flex.gl|fs=zaracina|fp=zaracinas}}
{{paroxítona|za|ra|ci|na|lang=gl}}, {{g|f|lang=gl}}
# {{escopo|gl|Meteorologia}} [[pancada]] de [[chuva]] ou [[neve]]
# [[sova]] de paus
=={{etimologia|gl}}==
: De ''[[zaraciar#{{gl}}|zaraciar]]''.
[[Categoria:Substantivo (Galego)]]</text>
<sha1>5ajr8e256sn7bhgv6dwd4ojf7118odu</sha1>
</revision>
