<page>
<page>
<title>zaragatoar</title>
<ns>0</ns>
<id>315100</id>
<revision>
<id>1683773</id>
<timestamp>2013-04-30T19:28:04Z</timestamp>
<contributor>
<username>ValJor</username>
<id>1358</id>
</contributor>
<comment>Por um [[Especial:Lonelypages|wikcionário sem órfãos]]: [[zaragatoadela]]</comment>
<model>wikitext</model>
<format>text/x-wiki</format>
<text bytes="290" xml:space="preserve">={{-pt-}}=
==Verbo==
{{oxítona|za|ra|ga|to|ar}}
# [[pincelar]] com [[zaragatoa]]
===Conjugação===
{{conj/pt|zaragat|oar}}
=={{etimologia|pt}}==
: {{escopo|Morfologia}} [[zaragatoa]] + [[-ar]].
==Ver também==
===No Wikcionário===
* [[zaragatoadela]]
[[Categoria:Verbo (Português)]]</text>
<sha1>h8ysc0r4brsbbsp4gtiq19bu6yfk5xi</sha1>
</revision>
