<page>
<page>
<title>zaranguilhou</title>
<ns>0</ns>
<id>173979</id>
<revision>
<id>1180591</id>
<parentid>755572</parentid>
<timestamp>2011-07-07T01:25:39Z</timestamp>
<contributor>
<username>MalafayaBot</username>
<id>628</id>
</contributor>
<minor />
<comment>Robô: Substituição de texto automática (-^\=\s?Português\s?\= +={{-pt-}}= &amp; -^\=\s?\{\{pt\}\}\s?\= +={{-pt-}}=)</comment>
<model>wikitext</model>
<format>text/x-wiki</format>
<text bytes="226" xml:space="preserve">={{-pt-}}=
==Forma verbal==
'''zaranguilhou'''
#[[terceira pessoa]] do [[singular]] do [[pretérito perfeito]] do [[modo indicativo]] do verbo '''[[zaranguilhar]]'''
[[Categoria:Forma verbal (Português)]]
[[no:zaranguilhou]]</text>
<sha1>mdjw5vq2clop7dl65nqh91vd71zjtiu</sha1>
</revision>
