<page>
<page>
<title>zaraciar</title>
<ns>0</ns>
<id>376401</id>
<revision>
<id>2255574</id>
<timestamp>2017-03-24T20:52:32Z</timestamp>
<contributor>
<username>Cpls</username>
<id>20608</id>
</contributor>
<comment>[[Ajuda:Guia de edição/Menus e ferramentas/Sumário de edição|→]] nova página: ={{-gl-}}= ==Verbo== {{oxítona|za|ra|ci|ar|lang=gl}} # {{escopoCat|Meteorologia|gl}} [[chover]] e [[nevar]]...</comment>
<model>wikitext</model>
<format>text/x-wiki</format>
<text bytes="382" xml:space="preserve">={{-gl-}}=
==Verbo==
{{oxítona|za|ra|ci|ar|lang=gl}}
# {{escopoCat|Meteorologia|gl}} [[chover]] e [[nevar]] à vez, acompanhado de vento
# {{escopoCat|Meteorologia|gl}} [[chover]] e [[saraivar]] à vez, acompanhado de vento
=={{etimologia|gl}}==
: Da mesma origem que ''[[zarcear#{{gl}}|zarcear]]''. Confronte-se com ''[[zaracina#{{gl}}|zaracina]]''.
[[Categoria:Verbo (Galego)]]</text>
<sha1>hymb6hfmbr21vb011c7zkrfuq97yhv1</sha1>
</revision>
