<page>
<page>
<title>zaranguilhássemos</title>
<ns>0</ns>
<id>199418</id>
<revision>
<id>1180596</id>
<parentid>765757</parentid>
<timestamp>2011-07-07T01:25:45Z</timestamp>
<contributor>
<username>MalafayaBot</username>
<id>628</id>
</contributor>
<minor />
<comment>Robô: Substituição de texto automática (-^\=\s?Português\s?\= +={{-pt-}}= &amp; -^\=\s?\{\{pt\}\}\s?\= +={{-pt-}}=)</comment>
<model>wikitext</model>
<format>text/x-wiki</format>
<text bytes="239" xml:space="preserve">={{-pt-}}=
==Forma verbal==
'''zaranguilhássemos'''
#[[primeira pessoa]] do [[plural]] do [[pretérito imperfeito]] do [[modo subjuntivo]] do verbo '''[[zaranguilhar]]'''
[[Categoria:Forma verbal (Português)]]
[[no:zaranguilhássemos]]</text>
<sha1>6erdof5hdm78imwo189025oo6ljb60g</sha1>
</revision>
