<page>
<title>zaranguilhemos</title>
<ns>0</ns>
<id>215039</id>
<revision>
<id>1180588</id>
<parentid>821716</parentid>
<timestamp>2011-07-07T01:25:36Z</timestamp>
<contributor>
<username>MalafayaBot</username>
<id>628</id>
</contributor>
<minor />
<comment>Robô: Substituição de texto automática (-^\=\s?Português\s?\= +={{-pt-}}= &amp; -^\=\s?\{\{pt\}\}\s?\= +={{-pt-}}=)</comment>
<model>wikitext</model>
<format>text/x-wiki</format>
<text bytes="416" xml:space="preserve">={{-pt-}}=
==Forma verbal==
'''zaranguilhemos'''
#[[primeira pessoa]] do [[plural]] do [[presente]] do [[modo subjuntivo]] do verbo '''[[zaranguilhar]]'''
#[[primeira pessoa]] do [[plural]] do [[imperativo]] [[afirmativo]] do verbo '''[[zaranguilhar]]'''
#[[primeira pessoa]] do [[plural]] do [[imperativo]] [[negativo]] do verbo '''[[zaranguilhar]]'''
[[Categoria:Forma verbal (Português)]]
[[no:zaranguilhemos]]</text>
<sha1>jmt37xqrvd4wowivhjmln85zva3rg1k</sha1>
</revision>
</page>
