<page>
<page>
<title>zaranguilhares</title>
<ns>0</ns>
<id>207969</id>
<revision>
<id>1180565</id>
<parentid>786444</parentid>
<timestamp>2011-07-07T01:25:10Z</timestamp>
<contributor>
<username>MalafayaBot</username>
<id>628</id>
</contributor>
<minor />
<comment>Robô: Substituição de texto automática (-^\=\s?Português\s?\= +={{-pt-}}= &amp; -^\=\s?\{\{pt\}\}\s?\= +={{-pt-}}=)</comment>
<model>wikitext</model>
<format>text/x-wiki</format>
<text bytes="295" xml:space="preserve">={{-pt-}}=
==Forma verbal==
'''zaranguilhares'''
#[[segunda pessoa]] do [[singular]] do [[futuro]] do [[modo subjuntivo]] do verbo '''[[zaranguilhar]]'''
#[[infinitivo pessoal]] da [[segunda pessoa]] do verbo '''[[zaranguilhar]]'''
[[Categoria:Forma verbal (Português)]]
[[no:zaranguilhares]]</text>
<sha1>psx2xldh5a3sgotofna4ix54rqwohov</sha1>
</revision>
