<title>q</title>
<ns>0</ns>
<id>75970</id>
<revision>
<id>295631</id>
<timestamp>2007-09-06T13:05:39Z</timestamp>
<contributor>
<username>Rafaelsandu</username>
<id>3130</id>
</contributor>
<comment>Redireccionando para [[Q]]</comment>
<model>wikitext</model>
<format>text/x-wiki</format>
<text bytes="15" xml:space="preserve">#REDIRECT [[Q]]</text>
<sha1>7ysrp985igtpf78k5zepnz1zjtqlo4s</sha1>
</revision>
<revision>
<id>463171</id>
<parentid>295631</parentid>
<timestamp>2009-05-14T19:35:52Z</timestamp>
<contributor>
<username>Nkongo</username>
<id>6268</id>
</contributor>
<model>wikitext</model>
<format>text/x-wiki</format>
<text bytes="687" xml:space="preserve">=Português =
'''q'''  (quê) &lt;br&gt;
== Substantivo ==
# 17ª letra do [[alfabeto]] [[português]]


:&lt;small&gt; ''Como letra numeral, valia 500, e, com um til por cima, 500:000.
O q, em português, só se usa seguido de u: quanto; quente; quinto; quota; quutiliquê.
Quando o grupo qu... é seguido de e ou i, não sôa geralmente o u: «quente, quinto...» Excepção: frequente, frequência, etc.
Quando o mesmo grupo é seguido de a ou o, é regra soar o u: quando, quanto, quatro...
Exceptua-se quatorze e seus der., que se pronunciam catôrze, etc.
Quota, quotidiano, quodório, e talvez alguns outros, começam também a perder o som do u. Cf. Vasconcélloz, Gram. Port., 40.''&lt;/small&gt;</text>
<sha1>0mr54ko1b4tunkgtagwca0eqb3lja6j</sha1>
</revision>
<revision>
<id>463910</id>
<parentid>463171</parentid>
<timestamp>2009-05-16T00:20:01Z</timestamp>
<contributor>
<username>Interwicket</username>
<id>6868</id>
</contributor>
<minor />
<comment>iwiki +[[:an:q]], [[:de:q]], [[:en:q]], [[:fi:q]], [[:fr:q]], [[:gl:q]], hu, ia, it, ja, ko, ku, la, ms, nl, no, ru, simple, sl, sq, sv, te, vi</comment>
<model>wikitext</model>
<format>text/x-wiki</format>
<text bytes="899" xml:space="preserve">=Português =
'''q'''  (quê) &lt;br&gt;
== Substantivo ==
# 17ª letra do [[alfabeto]] [[português]]


:&lt;small&gt; ''Como letra numeral, valia 500, e, com um til por cima, 500:000.
O q, em português, só se usa seguido de u: quanto; quente; quinto; quota; quutiliquê.
Quando o grupo qu... é seguido de e ou i, não sôa geralmente o u: «quente, quinto...» Excepção: frequente, frequência, etc.
Quando o mesmo grupo é seguido de a ou o, é regra soar o u: quando, quanto, quatro...
Exceptua-se quatorze e seus der., que se pronunciam catôrze, etc.
Quota, quotidiano, quodório, e talvez alguns outros, começam também a perder o som do u. Cf. Vasconcélloz, Gram. Port., 40.''&lt;/small&gt;

[[an:q]]
[[de:q]]
[[en:q]]
[[fi:q]]
[[fr:q]]
[[gl:q]]
[[hu:q]]
[[ia:q]]
[[it:q]]
[[ja:q]]
[[ko:q]]
[[ku:q]]
[[la:q]]
[[ms:q]]
[[nl:q]]
[[no:q]]
[[ru:q]]
[[simple:q]]
[[sl:q]]
[[sq:q]]
[[sv:q]]
[[te:q]]
[[vi:q]]</text>
<sha1>ff24m3japx4jmkfg51073ajvfeqeb7r</sha1>
</revision>
<revision>
<id>466387</id>
<parentid>463910</parentid>
<timestamp>2009-05-20T13:37:50Z</timestamp>
<contributor>
<username>ValJor</username>
<id>1358</id>
</contributor>
<comment>Retirando da [[Especial:Uncategorizedpages|página de verbetes sem categoria]]</comment>
<model>wikitext</model>
<format>text/x-wiki</format>
<text bytes="998" xml:space="preserve">=Português=
==Substantivo==
'''q'''  (quê)
# 17ª letra do [[alfabeto]] [[português]]
===Nota de uso===
Como letra numeral, valia 500, e, com um til por cima, 500:000.
O q, em português, só se usa seguido de u: quanto; quente; quinto; quota; quutiliquê.
Quando o grupo qu... é seguido de e ou i, não sôa geralmente o u: «quente, quinto...» Excepção: frequente, frequência, etc.
Quando o mesmo grupo é seguido de a ou o, é regra soar o u: quando, quanto, quatro...
Exceptua-se quatorze e seus der., que se pronunciam catôrze, etc.
Quota, quotidiano, quodório, e talvez alguns outros, começam também a perder o som do u. Cf. Vasconcélloz, Gram. Port., 40.
==Ver também==
===No Wikcionário===
{{Alfabeto Latino}}
[[Categoria:Universal]]
[[Categoria:Alfabeto Latino]]

[[an:q]]
[[de:q]]
[[en:q]]
[[fr:q]]
[[gl:q]]
[[ko:q]]
[[ia:q]]
[[it:q]]
[[ku:q]]
[[la:q]]
[[hu:q]]
[[ms:q]]
[[nl:q]]
[[ja:q]]
[[no:q]]
[[ru:q]]
[[sq:q]]
[[simple:q]]
[[sl:q]]
[[fi:q]]
[[sv:q]]
[[te:q]]
[[vi:q]]</text>
<sha1>jcw7g5mfj2ne0oddmphj2k9k61efngg</sha1>
</revision>
<revision>
<id>467646</id>
<parentid>466387</parentid>
<timestamp>2009-05-22T05:53:16Z</timestamp>
<contributor>
<username>Interwicket</username>
<id>6868</id>
</contributor>
<minor />
<comment>iwiki +[[:et:q]]</comment>
<model>wikitext</model>
<format>text/x-wiki</format>
<text bytes="1007" xml:space="preserve">=Português=
==Substantivo==
'''q'''  (quê)
# 17ª letra do [[alfabeto]] [[português]]
===Nota de uso===
Como letra numeral, valia 500, e, com um til por cima, 500:000.
O q, em português, só se usa seguido de u: quanto; quente; quinto; quota; quutiliquê.
Quando o grupo qu... é seguido de e ou i, não sôa geralmente o u: «quente, quinto...» Excepção: frequente, frequência, etc.
Quando o mesmo grupo é seguido de a ou o, é regra soar o u: quando, quanto, quatro...
Exceptua-se quatorze e seus der., que se pronunciam catôrze, etc.
Quota, quotidiano, quodório, e talvez alguns outros, começam também a perder o som do u. Cf. Vasconcélloz, Gram. Port., 40.
==Ver também==
===No Wikcionário===
{{Alfabeto Latino}}
[[Categoria:Universal]]
[[Categoria:Alfabeto Latino]]

[[an:q]]
[[de:q]]
[[en:q]]
[[et:q]]
[[fi:q]]
[[fr:q]]
[[gl:q]]
[[hu:q]]
[[ia:q]]
[[it:q]]
[[ja:q]]
[[ko:q]]
[[ku:q]]
[[la:q]]
[[ms:q]]
[[nl:q]]
[[no:q]]
[[ru:q]]
[[simple:q]]
[[sl:q]]
[[sq:q]]
[[sv:q]]
[[te:q]]
[[vi:q]]</text>
<sha1>tpdeap5htbxi5tij3ootop0l2ojgxsp</sha1>
</revision>
<revision>
<id>480569</id>
<parentid>467646</parentid>
<timestamp>2009-06-16T23:30:17Z</timestamp>
<contributor>
<username>Cadum-Bot</username>
<id>8150</id>
</contributor>
<minor />
<comment>Idioma...</comment>
<model>wikitext</model>
<format>text/x-wiki</format>
<text bytes="1024" xml:space="preserve">=Português=
==Substantivo==
'''q'''  (quê)
# 17.ª letra do [[alfabeto]] [[português]]
===Nota de uso===
Como letra numeral, valia 500, e, com um til por cima, 500:000.
O q, em português, só se usa seguido de u: quanto; quente; quinto; quota; quutiliquê.
Quando o grupo qu... é seguido de e ou i, não sôa geralmente o u: «quente, quinto...» Excepção: frequente, frequência, etc.
Quando o mesmo grupo é seguido de a ou o, é regra soar o u: quando, quanto, quatro...
Exceptua-se quatorze e seus der., que se pronunciam catôrze, etc.
Quota, quotidiano, quodório, e talvez alguns outros, começam também a perder o som do u. Cf. Vasconcélloz, Gram. Port., 40.
==Ver também==
===No Wikcionário===
{{Alfabeto Latino}}

[[Categoria:Substantivo (Português)]]
[[Categoria:Alfabeto Latino]]

[[an:q]]
[[de:q]]
[[en:q]]
[[et:q]]
[[fi:q]]
[[fr:q]]
[[gl:q]]
[[hu:q]]
[[ia:q]]
[[it:q]]
[[ja:q]]
[[ko:q]]
[[ku:q]]
[[la:q]]
[[ms:q]]
[[nl:q]]
[[no:q]]
[[ru:q]]
[[simple:q]]
[[sl:q]]
[[sq:q]]
[[sv:q]]
[[te:q]]
[[vi:q]]</text>
<sha1>tfopta69gfc04yx2fprg45qsqm9pn4u</sha1>
</revision>
<revision>
<id>557643</id>
<parentid>480569</parentid>
<timestamp>2009-10-09T13:30:58Z</timestamp>
<contributor>
<username>Interwicket</username>
<id>6868</id>
</contributor>
<minor />
<comment>iwiki +[[:id:q]]</comment>
<model>wikitext</model>
<format>text/x-wiki</format>
<text bytes="1033" xml:space="preserve">=Português=
==Substantivo==
'''q'''  (quê)
# 17.ª letra do [[alfabeto]] [[português]]
===Nota de uso===
Como letra numeral, valia 500, e, com um til por cima, 500:000.
O q, em português, só se usa seguido de u: quanto; quente; quinto; quota; quutiliquê.
Quando o grupo qu... é seguido de e ou i, não sôa geralmente o u: «quente, quinto...» Excepção: frequente, frequência, etc.
Quando o mesmo grupo é seguido de a ou o, é regra soar o u: quando, quanto, quatro...
Exceptua-se quatorze e seus der., que se pronunciam catôrze, etc.
Quota, quotidiano, quodório, e talvez alguns outros, começam também a perder o som do u. Cf. Vasconcélloz, Gram. Port., 40.
==Ver também==
===No Wikcionário===
{{Alfabeto Latino}}

[[Categoria:Substantivo (Português)]]
[[Categoria:Alfabeto Latino]]

[[an:q]]
[[de:q]]
[[en:q]]
[[et:q]]
[[fi:q]]
[[fr:q]]
[[gl:q]]
[[hu:q]]
[[ia:q]]
[[id:q]]
[[it:q]]
[[ja:q]]
[[ko:q]]
[[ku:q]]
[[la:q]]
[[ms:q]]
[[nl:q]]
[[no:q]]
[[ru:q]]
[[simple:q]]
[[sl:q]]
[[sq:q]]
[[sv:q]]
[[te:q]]
[[vi:q]]</text>
<sha1>4ef4j8q0y0hof6ij8vb3dzajjiztjjc</sha1>
</revision>
<revision>
<id>670373</id>
<parentid>557643</parentid>
<timestamp>2009-12-27T17:56:00Z</timestamp>
<contributor>
<username>Interwicket</username>
<id>6868</id>
</contributor>
<minor />
<comment>iwiki +[[:li:q]]</comment>
<model>wikitext</model>
<format>text/x-wiki</format>
<text bytes="1042" xml:space="preserve">=Português=
==Substantivo==
'''q'''  (quê)
# 17.ª letra do [[alfabeto]] [[português]]
===Nota de uso===
Como letra numeral, valia 500, e, com um til por cima, 500:000.
O q, em português, só se usa seguido de u: quanto; quente; quinto; quota; quutiliquê.
Quando o grupo qu... é seguido de e ou i, não sôa geralmente o u: «quente, quinto...» Excepção: frequente, frequência, etc.
Quando o mesmo grupo é seguido de a ou o, é regra soar o u: quando, quanto, quatro...
Exceptua-se quatorze e seus der., que se pronunciam catôrze, etc.
Quota, quotidiano, quodório, e talvez alguns outros, começam também a perder o som do u. Cf. Vasconcélloz, Gram. Port., 40.
==Ver também==
===No Wikcionário===
{{Alfabeto Latino}}

[[Categoria:Substantivo (Português)]]
[[Categoria:Alfabeto Latino]]

[[an:q]]
[[de:q]]
[[en:q]]
[[et:q]]
[[fi:q]]
[[fr:q]]
[[gl:q]]
[[hu:q]]
[[ia:q]]
[[id:q]]
[[it:q]]
[[ja:q]]
[[ko:q]]
[[ku:q]]
[[la:q]]
[[li:q]]
[[ms:q]]
[[nl:q]]
[[no:q]]
[[ru:q]]
[[simple:q]]
[[sl:q]]
[[sq:q]]
[[sv:q]]
[[te:q]]
[[vi:q]]</text>
<sha1>o3fxeicjdqqt07ar1s0s76jj4mxc26s</sha1>
</revision>
<revision>
<id>674669</id>
<parentid>670373</parentid>
<timestamp>2009-12-30T21:16:40Z</timestamp>
<contributor>
<username>ValJor</username>
<id>1358</id>
</contributor>
<comment>Correção da [[:Especial:Categories|categoria]]</comment>
<model>wikitext</model>
<format>text/x-wiki</format>
<text bytes="1043" xml:space="preserve">=Português=
==Substantivo==
'''q'''  (quê)
# 17.ª letra do [[alfabeto]] [[português]]

===Nota de uso===
Como letra numeral, valia 500, e, com um til por cima, 500:000.
O q, em português, só se usa seguido de u: quanto; quente; quinto; quota; quutiliquê.

Quando o grupo qu... é seguido de e ou i, não soa geralmente o u: «quente, quinto...» Excepção: frequente, frequência, etc.
Quando o mesmo grupo é seguido de a ou o, é regra soar o u: quando, quanto, quatro...

Excetua-se quatorze e seus der., que se pronunciam catorze, etc.
Quota, quotidiano, quodório, e talvez alguns outros, começam também a perder o som do u. Cf. Vasconcélloz, Gram. Port., 40.

==Ver também==
===No Wikcionário===
{{Alfabeto Latino}}

[[Categoria:Substantivo (Português)]]
[[Categoria:Alfabeto latino]]

[[an:q]]
[[id:q]]
[[de:q]]
[[et:q]]
[[en:q]]
[[fr:q]]
[[gl:q]]
[[ko:q]]
[[ia:q]]
[[it:q]]
[[ku:q]]
[[la:q]]
[[li:q]]
[[hu:q]]
[[ms:q]]
[[nl:q]]
[[ja:q]]
[[no:q]]
[[ru:q]]
[[sq:q]]
[[simple:q]]
[[sl:q]]
[[fi:q]]
[[sv:q]]
[[te:q]]
[[vi:q]]</text>
<sha1>heqz9ik9rxkcwhcezvlcrdouhb9srwd</sha1>
</revision>
<revision>
<id>806300</id>
<parentid>674669</parentid>
<timestamp>2010-02-21T11:11:01Z</timestamp>
<contributor>
<username>ValJor</username>
<id>1358</id>
</contributor>
<comment>Por um [[Especial:Lonelypages|wikcionário sem órfãos]]!</comment>
<model>wikitext</model>
<format>text/x-wiki</format>
<text bytes="1052" xml:space="preserve">=Português=
==Substantivo==
'''q'''  (quê)
# 17.ª letra do [[alfabeto]] [[português]]

===Nota de uso===
Como letra numeral, valia 500, e, com um til por cima, 500:000.
O q, em português, só se usa seguido de u: quanto; quente; quinto; quota; quutiliquê.

Quando o grupo qu... é seguido de e ou i, não soa geralmente o u: «quente, quinto...» Excepção: frequente, frequência, etc.
Quando o mesmo grupo é seguido de a ou o, é regra soar o u: quando, quanto, quatro...

Excetua-se quatorze e seus der., que se pronunciam catorze, etc.
Quota, quotidiano, quodório, e talvez alguns outros, começam também a perder o som do u. Cf. Vasconcélloz, Gram. Port., 40.

==Ver também==
===No Wikcionário===
* [[qq]]
{{Alfabeto Latino}}

[[Categoria:Substantivo (Português)]]
[[Categoria:Alfabeto latino]]

[[an:q]]
[[id:q]]
[[de:q]]
[[et:q]]
[[en:q]]
[[fr:q]]
[[gl:q]]
[[ko:q]]
[[ia:q]]
[[it:q]]
[[ku:q]]
[[la:q]]
[[li:q]]
[[hu:q]]
[[ms:q]]
[[nl:q]]
[[ja:q]]
[[no:q]]
[[ru:q]]
[[sq:q]]
[[simple:q]]
[[sl:q]]
[[fi:q]]
[[sv:q]]
[[te:q]]
[[vi:q]]</text>
<sha1>qjmpv7uo2e9okdce01j45qkiy256nge</sha1>
</revision>
<revision>
<id>838488</id>
<parentid>806300</parentid>
<timestamp>2010-03-28T18:03:02Z</timestamp>
<contributor>
<username>Interwicket</username>
<id>6868</id>
</contributor>
<minor />
<comment>iwiki +[[:lv:q]]</comment>
<model>wikitext</model>
<format>text/x-wiki</format>
<text bytes="1061" xml:space="preserve">=Português=
==Substantivo==
'''q'''  (quê)
# 17.ª letra do [[alfabeto]] [[português]]

===Nota de uso===
Como letra numeral, valia 500, e, com um til por cima, 500:000.
O q, em português, só se usa seguido de u: quanto; quente; quinto; quota; quutiliquê.

Quando o grupo qu... é seguido de e ou i, não soa geralmente o u: «quente, quinto...» Excepção: frequente, frequência, etc.
Quando o mesmo grupo é seguido de a ou o, é regra soar o u: quando, quanto, quatro...

Excetua-se quatorze e seus der., que se pronunciam catorze, etc.
Quota, quotidiano, quodório, e talvez alguns outros, começam também a perder o som do u. Cf. Vasconcélloz, Gram. Port., 40.

==Ver também==
===No Wikcionário===
* [[qq]]
{{Alfabeto Latino}}

[[Categoria:Substantivo (Português)]]
[[Categoria:Alfabeto latino]]

[[an:q]]
[[de:q]]
[[en:q]]
[[et:q]]
[[fi:q]]
[[fr:q]]
[[gl:q]]
[[hu:q]]
[[ia:q]]
[[id:q]]
[[it:q]]
[[ja:q]]
[[ko:q]]
[[ku:q]]
[[la:q]]
[[li:q]]
[[lv:q]]
[[ms:q]]
[[nl:q]]
[[no:q]]
[[ru:q]]
[[simple:q]]
[[sl:q]]
[[sq:q]]
[[sv:q]]
[[te:q]]
[[vi:q]]</text>
<sha1>09908dfakxwu6cr8fw1vesqjb689mgf</sha1>
</revision>
<revision>
<id>921857</id>
<parentid>838488</parentid>
<timestamp>2010-07-18T10:12:28Z</timestamp>
<contributor>
<username>Interwicket</username>
<id>6868</id>
</contributor>
<minor />
<comment>iwiki +[[:si:q]]</comment>
<model>wikitext</model>
<format>text/x-wiki</format>
<text bytes="1070" xml:space="preserve">=Português=
==Substantivo==
'''q'''  (quê)
# 17.ª letra do [[alfabeto]] [[português]]

===Nota de uso===
Como letra numeral, valia 500, e, com um til por cima, 500:000.
O q, em português, só se usa seguido de u: quanto; quente; quinto; quota; quutiliquê.

Quando o grupo qu... é seguido de e ou i, não soa geralmente o u: «quente, quinto...» Excepção: frequente, frequência, etc.
Quando o mesmo grupo é seguido de a ou o, é regra soar o u: quando, quanto, quatro...

Excetua-se quatorze e seus der., que se pronunciam catorze, etc.
Quota, quotidiano, quodório, e talvez alguns outros, começam também a perder o som do u. Cf. Vasconcélloz, Gram. Port., 40.

==Ver também==
===No Wikcionário===
* [[qq]]
{{Alfabeto Latino}}

[[Categoria:Substantivo (Português)]]
[[Categoria:Alfabeto latino]]

[[an:q]]
[[de:q]]
[[en:q]]
[[et:q]]
[[fi:q]]
[[fr:q]]
[[gl:q]]
[[hu:q]]
[[ia:q]]
[[id:q]]
[[it:q]]
[[ja:q]]
[[ko:q]]
[[ku:q]]
[[la:q]]
[[li:q]]
[[lv:q]]
[[ms:q]]
[[nl:q]]
[[no:q]]
[[ru:q]]
[[si:q]]
[[simple:q]]
[[sl:q]]
[[sq:q]]
[[sv:q]]
[[te:q]]
[[vi:q]]</text>
<sha1>jvmz2vd5q02bgi2awzfvq8qh2d6y2jd</sha1>
</revision>
<revision>
<id>964441</id>
<parentid>921857</parentid>
<timestamp>2010-10-03T21:53:51Z</timestamp>
<contributor>
<username>Interwicket</username>
<id>6868</id>
</contributor>
<minor />
<comment>iwiki +[[:pl:q]]</comment>
<model>wikitext</model>
<format>text/x-wiki</format>
<text bytes="1079" xml:space="preserve">=Português=
==Substantivo==
'''q'''  (quê)
# 17.ª letra do [[alfabeto]] [[português]]

===Nota de uso===
Como letra numeral, valia 500, e, com um til por cima, 500:000.
O q, em português, só se usa seguido de u: quanto; quente; quinto; quota; quutiliquê.

Quando o grupo qu... é seguido de e ou i, não soa geralmente o u: «quente, quinto...» Excepção: frequente, frequência, etc.
Quando o mesmo grupo é seguido de a ou o, é regra soar o u: quando, quanto, quatro...

Excetua-se quatorze e seus der., que se pronunciam catorze, etc.
Quota, quotidiano, quodório, e talvez alguns outros, começam também a perder o som do u. Cf. Vasconcélloz, Gram. Port., 40.

==Ver também==
===No Wikcionário===
* [[qq]]
{{Alfabeto Latino}}

[[Categoria:Substantivo (Português)]]
[[Categoria:Alfabeto latino]]

[[an:q]]
[[de:q]]
[[en:q]]
[[et:q]]
[[fi:q]]
[[fr:q]]
[[gl:q]]
[[hu:q]]
[[ia:q]]
[[id:q]]
[[it:q]]
[[ja:q]]
[[ko:q]]
[[ku:q]]
[[la:q]]
[[li:q]]
[[lv:q]]
[[ms:q]]
[[nl:q]]
[[no:q]]
[[pl:q]]
[[ru:q]]
[[si:q]]
[[simple:q]]
[[sl:q]]
[[sq:q]]
[[sv:q]]
[[te:q]]
[[vi:q]]</text>
<sha1>i9gu9un29jvgmq81nrfk0ewuyidvtnu</sha1>
</revision>
<revision>
<id>984822</id>
<parentid>964441</parentid>
<timestamp>2010-11-22T12:29:07Z</timestamp>
<contributor>
<username>ArthurBot</username>
<id>13550</id>
</contributor>
<minor />
<comment>Bot: Adicionando: [[fa:q]], [[zh:q]]</comment>
<model>wikitext</model>
<format>text/x-wiki</format>
<text bytes="1097" xml:space="preserve">=Português=
==Substantivo==
'''q'''  (quê)
# 17.ª letra do [[alfabeto]] [[português]]

===Nota de uso===
Como letra numeral, valia 500, e, com um til por cima, 500:000.
O q, em português, só se usa seguido de u: quanto; quente; quinto; quota; quutiliquê.

Quando o grupo qu... é seguido de e ou i, não soa geralmente o u: «quente, quinto...» Excepção: frequente, frequência, etc.
Quando o mesmo grupo é seguido de a ou o, é regra soar o u: quando, quanto, quatro...

Excetua-se quatorze e seus der., que se pronunciam catorze, etc.
Quota, quotidiano, quodório, e talvez alguns outros, começam também a perder o som do u. Cf. Vasconcélloz, Gram. Port., 40.

==Ver também==
===No Wikcionário===
* [[qq]]
{{Alfabeto Latino}}

[[Categoria:Substantivo (Português)]]
[[Categoria:Alfabeto latino]]

[[an:q]]
[[de:q]]
[[en:q]]
[[et:q]]
[[fa:q]]
[[fi:q]]
[[fr:q]]
[[gl:q]]
[[hu:q]]
[[ia:q]]
[[id:q]]
[[it:q]]
[[ja:q]]
[[ko:q]]
[[ku:q]]
[[la:q]]
[[li:q]]
[[lv:q]]
[[ms:q]]
[[nl:q]]
[[no:q]]
[[pl:q]]
[[ru:q]]
[[si:q]]
[[simple:q]]
[[sl:q]]
[[sq:q]]
[[sv:q]]
[[te:q]]
[[vi:q]]
[[zh:q]]</text>
<sha1>hnkpndmccetmrp4s005dufvu4l55zo5</sha1>
</revision>
<revision>
<id>1097884</id>
<parentid>984822</parentid>
<timestamp>2011-06-28T17:46:16Z</timestamp>
<contributor>
<username>Luckas-bot</username>
<id>5986</id>
</contributor>
<minor />
<comment>r2.7.1) (Bot: Adicionando: [[cs:q]]</comment>
<model>wikitext</model>
<format>text/x-wiki</format>
<text bytes="1106" xml:space="preserve">=Português=
==Substantivo==
'''q'''  (quê)
# 17.ª letra do [[alfabeto]] [[português]]

===Nota de uso===
Como letra numeral, valia 500, e, com um til por cima, 500:000.
O q, em português, só se usa seguido de u: quanto; quente; quinto; quota; quutiliquê.

Quando o grupo qu... é seguido de e ou i, não soa geralmente o u: «quente, quinto...» Excepção: frequente, frequência, etc.
Quando o mesmo grupo é seguido de a ou o, é regra soar o u: quando, quanto, quatro...

Excetua-se quatorze e seus der., que se pronunciam catorze, etc.
Quota, quotidiano, quodório, e talvez alguns outros, começam também a perder o som do u. Cf. Vasconcélloz, Gram. Port., 40.

==Ver também==
===No Wikcionário===
* [[qq]]
{{Alfabeto Latino}}

[[Categoria:Substantivo (Português)]]
[[Categoria:Alfabeto latino]]

[[an:q]]
[[cs:q]]
[[de:q]]
[[en:q]]
[[et:q]]
[[fa:q]]
[[fi:q]]
[[fr:q]]
[[gl:q]]
[[hu:q]]
[[ia:q]]
[[id:q]]
[[it:q]]
[[ja:q]]
[[ko:q]]
[[ku:q]]
[[la:q]]
[[li:q]]
[[lv:q]]
[[ms:q]]
[[nl:q]]
[[no:q]]
[[pl:q]]
[[ru:q]]
[[si:q]]
[[simple:q]]
[[sl:q]]
[[sq:q]]
[[sv:q]]
[[te:q]]
[[vi:q]]
[[zh:q]]</text>
<sha1>88h5igww6ygv4jekiipt337fbpsmtla</sha1>
</revision>
<revision>
<id>1214576</id>
<parentid>1097884</parentid>
<timestamp>2011-07-10T17:38:47Z</timestamp>
<contributor>
<username>MalafayaBot</username>
<id>628</id>
</contributor>
<minor />
<comment>Robô: Substituição de texto automática (-^\=\s?Português\s?\= +={{-pt-}}= &amp; -^\=\s?\{\{pt\}\}\s?\= +={{-pt-}}=)</comment>
<model>wikitext</model>
<format>text/x-wiki</format>
<text bytes="1104" xml:space="preserve">={{-pt-}}=
==Substantivo==
'''q'''  (quê)
# 17.ª letra do [[alfabeto]] [[português]]

===Nota de uso===
Como letra numeral, valia 500, e, com um til por cima, 500:000.
O q, em português, só se usa seguido de u: quanto; quente; quinto; quota; quutiliquê.

Quando o grupo qu... é seguido de e ou i, não soa geralmente o u: «quente, quinto...» Excepção: frequente, frequência, etc.
Quando o mesmo grupo é seguido de a ou o, é regra soar o u: quando, quanto, quatro...

Excetua-se quatorze e seus der., que se pronunciam catorze, etc.
Quota, quotidiano, quodório, e talvez alguns outros, começam também a perder o som do u. Cf. Vasconcélloz, Gram. Port., 40.

==Ver também==
===No Wikcionário===
* [[qq]]
{{Alfabeto Latino}}

[[Categoria:Substantivo (Português)]]
[[Categoria:Alfabeto latino]]

[[an:q]]
[[cs:q]]
[[de:q]]
[[en:q]]
[[et:q]]
[[fa:q]]
[[fi:q]]
[[fr:q]]
[[gl:q]]
[[hu:q]]
[[ia:q]]
[[id:q]]
[[it:q]]
[[ja:q]]
[[ko:q]]
[[ku:q]]
[[la:q]]
[[li:q]]
[[lv:q]]
[[ms:q]]
[[nl:q]]
[[no:q]]
[[pl:q]]
[[ru:q]]
[[si:q]]
[[simple:q]]
[[sl:q]]
[[sq:q]]
[[sv:q]]
[[te:q]]
[[vi:q]]
[[zh:q]]</text>
<sha1>ioo5cxv6wrvwred7e0u1f4ucunui73u</sha1>
</revision>
<revision>
<id>1239310</id>
<parentid>1214576</parentid>
<timestamp>2011-08-25T19:08:17Z</timestamp>
<contributor>
<username>VolkovBot</username>
<id>2944</id>
</contributor>
<minor />
<comment>r2.5.1) (Robô: A adicionar: [[el:q]]</comment>
<model>wikitext</model>
<format>text/x-wiki</format>
<text bytes="1113" xml:space="preserve">={{-pt-}}=
==Substantivo==
'''q'''  (quê)
# 17.ª letra do [[alfabeto]] [[português]]

===Nota de uso===
Como letra numeral, valia 500, e, com um til por cima, 500:000.
O q, em português, só se usa seguido de u: quanto; quente; quinto; quota; quutiliquê.

Quando o grupo qu... é seguido de e ou i, não soa geralmente o u: «quente, quinto...» Excepção: frequente, frequência, etc.
Quando o mesmo grupo é seguido de a ou o, é regra soar o u: quando, quanto, quatro...

Excetua-se quatorze e seus der., que se pronunciam catorze, etc.
Quota, quotidiano, quodório, e talvez alguns outros, começam também a perder o som do u. Cf. Vasconcélloz, Gram. Port., 40.

==Ver também==
===No Wikcionário===
* [[qq]]
{{Alfabeto Latino}}

[[Categoria:Substantivo (Português)]]
[[Categoria:Alfabeto latino]]

[[an:q]]
[[cs:q]]
[[de:q]]
[[el:q]]
[[en:q]]
[[et:q]]
[[fa:q]]
[[fi:q]]
[[fr:q]]
[[gl:q]]
[[hu:q]]
[[ia:q]]
[[id:q]]
[[it:q]]
[[ja:q]]
[[ko:q]]
[[ku:q]]
[[la:q]]
[[li:q]]
[[lv:q]]
[[ms:q]]
[[nl:q]]
[[no:q]]
[[pl:q]]
[[ru:q]]
[[si:q]]
[[simple:q]]
[[sl:q]]
[[sq:q]]
[[sv:q]]
[[te:q]]
[[vi:q]]
[[zh:q]]</text>
<sha1>pjfmkh9ijkjlk5oh1aglan32d0nj3ka</sha1>
</revision>
<revision>
<id>1422279</id>
<parentid>1239310</parentid>
<timestamp>2012-06-20T03:27:28Z</timestamp>
<contributor>
<username>HydrizBot</username>
<id>29590</id>
</contributor>
<minor />
<comment>r2.7.3) (Robô: A adicionar: [[nn:q]]</comment>
<model>wikitext</model>
<format>text/x-wiki</format>
<text bytes="1122" xml:space="preserve">={{-pt-}}=
==Substantivo==
'''q'''  (quê)
# 17.ª letra do [[alfabeto]] [[português]]

===Nota de uso===
Como letra numeral, valia 500, e, com um til por cima, 500:000.
O q, em português, só se usa seguido de u: quanto; quente; quinto; quota; quutiliquê.

Quando o grupo qu... é seguido de e ou i, não soa geralmente o u: «quente, quinto...» Excepção: frequente, frequência, etc.
Quando o mesmo grupo é seguido de a ou o, é regra soar o u: quando, quanto, quatro...

Excetua-se quatorze e seus der., que se pronunciam catorze, etc.
Quota, quotidiano, quodório, e talvez alguns outros, começam também a perder o som do u. Cf. Vasconcélloz, Gram. Port., 40.

==Ver também==
===No Wikcionário===
* [[qq]]
{{Alfabeto Latino}}

[[Categoria:Substantivo (Português)]]
[[Categoria:Alfabeto latino]]

[[an:q]]
[[cs:q]]
[[de:q]]
[[el:q]]
[[en:q]]
[[et:q]]
[[fa:q]]
[[fi:q]]
[[fr:q]]
[[gl:q]]
[[hu:q]]
[[ia:q]]
[[id:q]]
[[it:q]]
[[ja:q]]
[[ko:q]]
[[ku:q]]
[[la:q]]
[[li:q]]
[[lv:q]]
[[ms:q]]
[[nl:q]]
[[nn:q]]
[[no:q]]
[[pl:q]]
[[ru:q]]
[[si:q]]
[[simple:q]]
[[sl:q]]
[[sq:q]]
[[sv:q]]
[[te:q]]
[[vi:q]]
[[zh:q]]</text>
<sha1>6pddceqn0ptnzvt0b67j4mw8a23h8kg</sha1>
</revision>
<revision>
<id>1524717</id>
<parentid>1422279</parentid>
<timestamp>2012-11-22T21:24:49Z</timestamp>
<contributor>
<username>VJBot</username>
<id>33673</id>
</contributor>
<minor />
<comment>Robô: Substituição de texto automática  (-[[Categoria:Alfabeto +[[Categoria:{{subst:ws}})</comment>
<model>wikitext</model>
<format>text/x-wiki</format>
<text bytes="1132" xml:space="preserve">={{-pt-}}=
==Substantivo==
'''q'''  (quê)
# 17.ª letra do [[alfabeto]] [[português]]

===Nota de uso===
Como letra numeral, valia 500, e, com um til por cima, 500:000.
O q, em português, só se usa seguido de u: quanto; quente; quinto; quota; quutiliquê.

Quando o grupo qu... é seguido de e ou i, não soa geralmente o u: «quente, quinto...» Excepção: frequente, frequência, etc.
Quando o mesmo grupo é seguido de a ou o, é regra soar o u: quando, quanto, quatro...

Excetua-se quatorze e seus der., que se pronunciam catorze, etc.
Quota, quotidiano, quodório, e talvez alguns outros, começam também a perder o som do u. Cf. Vasconcélloz, Gram. Port., 40.

==Ver também==
===No Wikcionário===
* [[qq]]
{{Alfabeto Latino}}

[[Categoria:Substantivo (Português)]]
[[Categoria:Sistema de escrita latino]]

[[an:q]]
[[cs:q]]
[[de:q]]
[[el:q]]
[[en:q]]
[[et:q]]
[[fa:q]]
[[fi:q]]
[[fr:q]]
[[gl:q]]
[[hu:q]]
[[ia:q]]
[[id:q]]
[[it:q]]
[[ja:q]]
[[ko:q]]
[[ku:q]]
[[la:q]]
[[li:q]]
[[lv:q]]
[[ms:q]]
[[nl:q]]
[[nn:q]]
[[no:q]]
[[pl:q]]
[[ru:q]]
[[si:q]]
[[simple:q]]
[[sl:q]]
[[sq:q]]
[[sv:q]]
[[te:q]]
[[vi:q]]
[[zh:q]]</text>
<sha1>tscfs2ruqp21pz5pl7c44hs5f830zyv</sha1>
</revision>
<revision>
<id>1633847</id>
<parentid>1524717</parentid>
<timestamp>2013-01-30T14:37:03Z</timestamp>
<contributor>
<username>ValJor</username>
<id>1358</id>
</contributor>
<comment>Melhorando a apresentação do verbete segundo o AO 1990: excepção --&gt; exceção</comment>
<model>wikitext</model>
<format>text/x-wiki</format>
<text bytes="1155" xml:space="preserve">={{-pt-}}=
==Substantivo==
'''q''', (quê)
# décima-sétima [[letra]] do [[alfabeto]] [[português]]

===Nota de uso===
: Como letra numeral, valia 500, e, com um til por cima, 500:000.
: O q, em português, só se usa seguido de u: quanto; quente; quinto; quota; quutiliquê.
: Quando o grupo qu... é seguido de e ou i, não soa geralmente o u: «quente, quinto...» Exceção: frequente, frequência, etc.
: Quando o mesmo grupo é seguido de a ou o, é regra soar o u: quando, quanto, quatro...
: Excetua-se quatorze e seus der., que se pronunciam catorze, etc.
: Quota, quotidiano, quodório, e talvez alguns outros, começam também a perder o som do u. Cf. Vasconcélloz, Gram. Port., 40.

==Ver também==
===No Wikcionário===
* [[qq]]
{{Alfabeto Latino}}

[[Categoria:Substantivo (Português)]]
[[Categoria:Sistema de escrita latino]]

[[an:q]]
[[cs:q]]
[[de:q]]
[[el:q]]
[[en:q]]
[[et:q]]
[[fa:q]]
[[fi:q]]
[[fr:q]]
[[gl:q]]
[[hu:q]]
[[ia:q]]
[[id:q]]
[[it:q]]
[[ja:q]]
[[ko:q]]
[[ku:q]]
[[la:q]]
[[li:q]]
[[lv:q]]
[[ms:q]]
[[nl:q]]
[[nn:q]]
[[no:q]]
[[pl:q]]
[[ru:q]]
[[si:q]]
[[simple:q]]
[[sl:q]]
[[sq:q]]
[[sv:q]]
[[te:q]]
[[vi:q]]
[[zh:q]]</text>
<sha1>1hdnvra7ibfmwodq0xde7y0j4n2m30d</sha1>
</revision>
<revision>
<id>1768829</id>
<parentid>1633847</parentid>
<timestamp>2013-11-11T06:33:48Z</timestamp>
<contributor>
<username>JAnDbot</username>
<id>25083</id>
</contributor>
<minor />
<comment>r2.7.2) (Robô: A adicionar: [[ro:q]]</comment>
<model>wikitext</model>
<format>text/x-wiki</format>
<text bytes="1164" xml:space="preserve">={{-pt-}}=
==Substantivo==
'''q''', (quê)
# décima-sétima [[letra]] do [[alfabeto]] [[português]]

===Nota de uso===
: Como letra numeral, valia 500, e, com um til por cima, 500:000.
: O q, em português, só se usa seguido de u: quanto; quente; quinto; quota; quutiliquê.
: Quando o grupo qu... é seguido de e ou i, não soa geralmente o u: «quente, quinto...» Exceção: frequente, frequência, etc.
: Quando o mesmo grupo é seguido de a ou o, é regra soar o u: quando, quanto, quatro...
: Excetua-se quatorze e seus der., que se pronunciam catorze, etc.
: Quota, quotidiano, quodório, e talvez alguns outros, começam também a perder o som do u. Cf. Vasconcélloz, Gram. Port., 40.

==Ver também==
===No Wikcionário===
* [[qq]]
{{Alfabeto Latino}}

[[Categoria:Substantivo (Português)]]
[[Categoria:Sistema de escrita latino]]

[[an:q]]
[[cs:q]]
[[de:q]]
[[el:q]]
[[en:q]]
[[et:q]]
[[fa:q]]
[[fi:q]]
[[fr:q]]
[[gl:q]]
[[hu:q]]
[[ia:q]]
[[id:q]]
[[it:q]]
[[ja:q]]
[[ko:q]]
[[ku:q]]
[[la:q]]
[[li:q]]
[[lv:q]]
[[ms:q]]
[[nl:q]]
[[nn:q]]
[[no:q]]
[[pl:q]]
[[ro:q]]
[[ru:q]]
[[si:q]]
[[simple:q]]
[[sl:q]]
[[sq:q]]
[[sv:q]]
[[te:q]]
[[vi:q]]
[[zh:q]]</text>
<sha1>l3koo7jy445sa9pvddzjzrav3p99p3q</sha1>
</revision>
<revision>
<id>1853438</id>
<parentid>1768829</parentid>
<timestamp>2014-08-31T07:24:07Z</timestamp>
<contributor>
<username>JAnDbot</username>
<id>25083</id>
</contributor>
<minor />
<comment>r2.7.3) (Robô: A adicionar: [[es:q]], [[hy:q]]</comment>
<model>wikitext</model>
<format>text/x-wiki</format>
<text bytes="1182" xml:space="preserve">={{-pt-}}=
==Substantivo==
'''q''', (quê)
# décima-sétima [[letra]] do [[alfabeto]] [[português]]

===Nota de uso===
: Como letra numeral, valia 500, e, com um til por cima, 500:000.
: O q, em português, só se usa seguido de u: quanto; quente; quinto; quota; quutiliquê.
: Quando o grupo qu... é seguido de e ou i, não soa geralmente o u: «quente, quinto...» Exceção: frequente, frequência, etc.
: Quando o mesmo grupo é seguido de a ou o, é regra soar o u: quando, quanto, quatro...
: Excetua-se quatorze e seus der., que se pronunciam catorze, etc.
: Quota, quotidiano, quodório, e talvez alguns outros, começam também a perder o som do u. Cf. Vasconcélloz, Gram. Port., 40.

==Ver também==
===No Wikcionário===
* [[qq]]
{{Alfabeto Latino}}

[[Categoria:Substantivo (Português)]]
[[Categoria:Sistema de escrita latino]]

[[an:q]]
[[cs:q]]
[[de:q]]
[[el:q]]
[[en:q]]
[[es:q]]
[[et:q]]
[[fa:q]]
[[fi:q]]
[[fr:q]]
[[gl:q]]
[[hu:q]]
[[hy:q]]
[[ia:q]]
[[id:q]]
[[it:q]]
[[ja:q]]
[[ko:q]]
[[ku:q]]
[[la:q]]
[[li:q]]
[[lv:q]]
[[ms:q]]
[[nl:q]]
[[nn:q]]
[[no:q]]
[[pl:q]]
[[ro:q]]
[[ru:q]]
[[si:q]]
[[simple:q]]
[[sl:q]]
[[sq:q]]
[[sv:q]]
[[te:q]]
[[vi:q]]
[[zh:q]]</text>
<sha1>2u9ptk9swbx8y1hwl51yzoh9lw5g2cc</sha1>
</revision>
<revision>
<id>1925688</id>
<parentid>1853438</parentid>
<timestamp>2015-04-30T10:01:29Z</timestamp>
<contributor>
<username>JAnDbot</username>
<id>25083</id>
</contributor>
<minor />
<comment>r2.7.3) (Robô: A adicionar: [[ml:q]]</comment>
<model>wikitext</model>
<format>text/x-wiki</format>
<text bytes="1191" xml:space="preserve">={{-pt-}}=
==Substantivo==
'''q''', (quê)
# décima-sétima [[letra]] do [[alfabeto]] [[português]]

===Nota de uso===
: Como letra numeral, valia 500, e, com um til por cima, 500:000.
: O q, em português, só se usa seguido de u: quanto; quente; quinto; quota; quutiliquê.
: Quando o grupo qu... é seguido de e ou i, não soa geralmente o u: «quente, quinto...» Exceção: frequente, frequência, etc.
: Quando o mesmo grupo é seguido de a ou o, é regra soar o u: quando, quanto, quatro...
: Excetua-se quatorze e seus der., que se pronunciam catorze, etc.
: Quota, quotidiano, quodório, e talvez alguns outros, começam também a perder o som do u. Cf. Vasconcélloz, Gram. Port., 40.

==Ver também==
===No Wikcionário===
* [[qq]]
{{Alfabeto Latino}}

[[Categoria:Substantivo (Português)]]
[[Categoria:Sistema de escrita latino]]

[[an:q]]
[[cs:q]]
[[de:q]]
[[el:q]]
[[en:q]]
[[es:q]]
[[et:q]]
[[fa:q]]
[[fi:q]]
[[fr:q]]
[[gl:q]]
[[hu:q]]
[[hy:q]]
[[ia:q]]
[[id:q]]
[[it:q]]
[[ja:q]]
[[ko:q]]
[[ku:q]]
[[la:q]]
[[li:q]]
[[lv:q]]
[[ml:q]]
[[ms:q]]
[[nl:q]]
[[nn:q]]
[[no:q]]
[[pl:q]]
[[ro:q]]
[[ru:q]]
[[si:q]]
[[simple:q]]
[[sl:q]]
[[sq:q]]
[[sv:q]]
[[te:q]]
[[vi:q]]
[[zh:q]]</text>
<sha1>f59g9561vg5da21m89lhhovybgytksl</sha1>
</revision>
<revision>
<id>1947737</id>
<parentid>1925688</parentid>
<timestamp>2015-06-25T02:24:46Z</timestamp>
<contributor>
<username>HydrizBot</username>
<id>29590</id>
</contributor>
<minor />
<comment>Robô: A adicionar: [[th:q]]</comment>
<model>wikitext</model>
<format>text/x-wiki</format>
<text bytes="1200" xml:space="preserve">={{-pt-}}=
==Substantivo==
'''q''', (quê)
# décima-sétima [[letra]] do [[alfabeto]] [[português]]

===Nota de uso===
: Como letra numeral, valia 500, e, com um til por cima, 500:000.
: O q, em português, só se usa seguido de u: quanto; quente; quinto; quota; quutiliquê.
: Quando o grupo qu... é seguido de e ou i, não soa geralmente o u: «quente, quinto...» Exceção: frequente, frequência, etc.
: Quando o mesmo grupo é seguido de a ou o, é regra soar o u: quando, quanto, quatro...
: Excetua-se quatorze e seus der., que se pronunciam catorze, etc.
: Quota, quotidiano, quodório, e talvez alguns outros, começam também a perder o som do u. Cf. Vasconcélloz, Gram. Port., 40.

==Ver também==
===No Wikcionário===
* [[qq]]
{{Alfabeto Latino}}

[[Categoria:Substantivo (Português)]]
[[Categoria:Sistema de escrita latino]]

[[an:q]]
[[cs:q]]
[[de:q]]
[[el:q]]
[[en:q]]
[[es:q]]
[[et:q]]
[[fa:q]]
[[fi:q]]
[[fr:q]]
[[gl:q]]
[[hu:q]]
[[hy:q]]
[[ia:q]]
[[id:q]]
[[it:q]]
[[ja:q]]
[[ko:q]]
[[ku:q]]
[[la:q]]
[[li:q]]
[[lv:q]]
[[ml:q]]
[[ms:q]]
[[nl:q]]
[[nn:q]]
[[no:q]]
[[pl:q]]
[[ro:q]]
[[ru:q]]
[[si:q]]
[[simple:q]]
[[sl:q]]
[[sq:q]]
[[sv:q]]
[[te:q]]
[[th:q]]
[[vi:q]]
[[zh:q]]</text>
<sha1>n7l20p3zip8ljbmpwvmvycdks5bjhop</sha1>
</revision>
<revision>
<id>2134213</id>
<parentid>1947737</parentid>
<timestamp>2016-06-09T21:53:20Z</timestamp>
<contributor>
<username>UT-interwiki-Bot</username>
<id>56129</id>
</contributor>
<minor />
<comment>Robô: A adicionar: [[ca:q]]</comment>
<model>wikitext</model>
<format>text/x-wiki</format>
<text bytes="1209" xml:space="preserve">={{-pt-}}=
==Substantivo==
'''q''', (quê)
# décima-sétima [[letra]] do [[alfabeto]] [[português]]

===Nota de uso===
: Como letra numeral, valia 500, e, com um til por cima, 500:000.
: O q, em português, só se usa seguido de u: quanto; quente; quinto; quota; quutiliquê.
: Quando o grupo qu... é seguido de e ou i, não soa geralmente o u: «quente, quinto...» Exceção: frequente, frequência, etc.
: Quando o mesmo grupo é seguido de a ou o, é regra soar o u: quando, quanto, quatro...
: Excetua-se quatorze e seus der., que se pronunciam catorze, etc.
: Quota, quotidiano, quodório, e talvez alguns outros, começam também a perder o som do u. Cf. Vasconcélloz, Gram. Port., 40.

==Ver também==
===No Wikcionário===
* [[qq]]
{{Alfabeto Latino}}

[[Categoria:Substantivo (Português)]]
[[Categoria:Sistema de escrita latino]]

[[an:q]]
[[ca:q]]
[[cs:q]]
[[de:q]]
[[el:q]]
[[en:q]]
[[es:q]]
[[et:q]]
[[fa:q]]
[[fi:q]]
[[fr:q]]
[[gl:q]]
[[hu:q]]
[[hy:q]]
[[ia:q]]
[[id:q]]
[[it:q]]
[[ja:q]]
[[ko:q]]
[[ku:q]]
[[la:q]]
[[li:q]]
[[lv:q]]
[[ml:q]]
[[ms:q]]
[[nl:q]]
[[nn:q]]
[[no:q]]
[[pl:q]]
[[ro:q]]
[[ru:q]]
[[si:q]]
[[simple:q]]
[[sl:q]]
[[sq:q]]
[[sv:q]]
[[te:q]]
[[th:q]]
[[vi:q]]
[[zh:q]]</text>
<sha1>g3nxmg41txjhjbe2krk9g107tszg0nd</sha1>
</revision>
<revision>
<id>2224244</id>
<parentid>2134213</parentid>
<timestamp>2017-01-17T03:07:44Z</timestamp>
<contributor>
<username>HydrizBot</username>
<id>29590</id>
</contributor>
<minor />
<comment>Robô: A adicionar: [[da:q]]</comment>
<model>wikitext</model>
<format>text/x-wiki</format>
<text bytes="1218" xml:space="preserve">={{-pt-}}=
==Substantivo==
'''q''', (quê)
# décima-sétima [[letra]] do [[alfabeto]] [[português]]

===Nota de uso===
: Como letra numeral, valia 500, e, com um til por cima, 500:000.
: O q, em português, só se usa seguido de u: quanto; quente; quinto; quota; quutiliquê.
: Quando o grupo qu... é seguido de e ou i, não soa geralmente o u: «quente, quinto...» Exceção: frequente, frequência, etc.
: Quando o mesmo grupo é seguido de a ou o, é regra soar o u: quando, quanto, quatro...
: Excetua-se quatorze e seus der., que se pronunciam catorze, etc.
: Quota, quotidiano, quodório, e talvez alguns outros, começam também a perder o som do u. Cf. Vasconcélloz, Gram. Port., 40.

==Ver também==
===No Wikcionário===
* [[qq]]
{{Alfabeto Latino}}

[[Categoria:Substantivo (Português)]]
[[Categoria:Sistema de escrita latino]]

[[an:q]]
[[ca:q]]
[[cs:q]]
[[da:q]]
[[de:q]]
[[el:q]]
[[en:q]]
[[es:q]]
[[et:q]]
[[fa:q]]
[[fi:q]]
[[fr:q]]
[[gl:q]]
[[hu:q]]
[[hy:q]]
[[ia:q]]
[[id:q]]
[[it:q]]
[[ja:q]]
[[ko:q]]
[[ku:q]]
[[la:q]]
[[li:q]]
[[lv:q]]
[[ml:q]]
[[ms:q]]
[[nl:q]]
[[nn:q]]
[[no:q]]
[[pl:q]]
[[ro:q]]
[[ru:q]]
[[si:q]]
[[simple:q]]
[[sl:q]]
[[sq:q]]
[[sv:q]]
[[te:q]]
[[th:q]]
[[vi:q]]
[[zh:q]]</text>
<sha1>piqtq2xpshle29qa6nsxj4ob90ggmde</sha1>
</revision>
<revision>
<id>2238439</id>
<parentid>2224244</parentid>
<timestamp>2017-02-14T11:48:13Z</timestamp>
<contributor>
<username>UT-interwiki-Bot</username>
<id>56129</id>
</contributor>
<minor />
<comment>Robô: A adicionar: [[tg:q]]</comment>
<model>wikitext</model>
<format>text/x-wiki</format>
<text bytes="1227" xml:space="preserve">={{-pt-}}=
==Substantivo==
'''q''', (quê)
# décima-sétima [[letra]] do [[alfabeto]] [[português]]

===Nota de uso===
: Como letra numeral, valia 500, e, com um til por cima, 500:000.
: O q, em português, só se usa seguido de u: quanto; quente; quinto; quota; quutiliquê.
: Quando o grupo qu... é seguido de e ou i, não soa geralmente o u: «quente, quinto...» Exceção: frequente, frequência, etc.
: Quando o mesmo grupo é seguido de a ou o, é regra soar o u: quando, quanto, quatro...
: Excetua-se quatorze e seus der., que se pronunciam catorze, etc.
: Quota, quotidiano, quodório, e talvez alguns outros, começam também a perder o som do u. Cf. Vasconcélloz, Gram. Port., 40.

==Ver também==
===No Wikcionário===
* [[qq]]
{{Alfabeto Latino}}

[[Categoria:Substantivo (Português)]]
[[Categoria:Sistema de escrita latino]]

[[an:q]]
[[ca:q]]
[[cs:q]]
[[da:q]]
[[de:q]]
[[el:q]]
[[en:q]]
[[es:q]]
[[et:q]]
[[fa:q]]
[[fi:q]]
[[fr:q]]
[[gl:q]]
[[hu:q]]
[[hy:q]]
[[ia:q]]
[[id:q]]
[[it:q]]
[[ja:q]]
[[ko:q]]
[[ku:q]]
[[la:q]]
[[li:q]]
[[lv:q]]
[[ml:q]]
[[ms:q]]
[[nl:q]]
[[nn:q]]
[[no:q]]
[[pl:q]]
[[ro:q]]
[[ru:q]]
[[si:q]]
[[simple:q]]
[[sl:q]]
[[sq:q]]
[[sv:q]]
[[te:q]]
[[tg:q]]
[[th:q]]
[[vi:q]]
[[zh:q]]</text>
<sha1>60sde4oz3r8e1epcj4vwg96fi3kqifa</sha1>
</revision>
<revision>
<id>2259914</id>
<parentid>2238439</parentid>
<timestamp>2017-04-11T19:58:04Z</timestamp>
<contributor>
<username>UT-interwiki-Bot</username>
<id>56129</id>
</contributor>
<minor />
<comment>Robô: A adicionar: [[sr:q]]</comment>
<model>wikitext</model>
<format>text/x-wiki</format>
<text bytes="1236" xml:space="preserve">={{-pt-}}=
==Substantivo==
'''q''', (quê)
# décima-sétima [[letra]] do [[alfabeto]] [[português]]

===Nota de uso===
: Como letra numeral, valia 500, e, com um til por cima, 500:000.
: O q, em português, só se usa seguido de u: quanto; quente; quinto; quota; quutiliquê.
: Quando o grupo qu... é seguido de e ou i, não soa geralmente o u: «quente, quinto...» Exceção: frequente, frequência, etc.
: Quando o mesmo grupo é seguido de a ou o, é regra soar o u: quando, quanto, quatro...
: Excetua-se quatorze e seus der., que se pronunciam catorze, etc.
: Quota, quotidiano, quodório, e talvez alguns outros, começam também a perder o som do u. Cf. Vasconcélloz, Gram. Port., 40.

==Ver também==
===No Wikcionário===
* [[qq]]
{{Alfabeto Latino}}

[[Categoria:Substantivo (Português)]]
[[Categoria:Sistema de escrita latino]]

[[an:q]]
[[ca:q]]
[[cs:q]]
[[da:q]]
[[de:q]]
[[el:q]]
[[en:q]]
[[es:q]]
[[et:q]]
[[fa:q]]
[[fi:q]]
[[fr:q]]
[[gl:q]]
[[hu:q]]
[[hy:q]]
[[ia:q]]
[[id:q]]
[[it:q]]
[[ja:q]]
[[ko:q]]
[[ku:q]]
[[la:q]]
[[li:q]]
[[lv:q]]
[[ml:q]]
[[ms:q]]
[[nl:q]]
[[nn:q]]
[[no:q]]
[[pl:q]]
[[ro:q]]
[[ru:q]]
[[si:q]]
[[simple:q]]
[[sl:q]]
[[sq:q]]
[[sr:q]]
[[sv:q]]
[[te:q]]
[[tg:q]]
[[th:q]]
[[vi:q]]
[[zh:q]]</text>
<sha1>mcof80o6szpg2sas4iggc7aru893guc</sha1>
</revision>
<revision>
<id>2396531</id>
<parentid>2259914</parentid>
<timestamp>2017-05-13T10:52:09Z</timestamp>
<contributor>
<username>HydrizBot</username>
<id>29590</id>
</contributor>
<minor />
<comment>Robô: A limpar links interwikis antigos</comment>
<model>wikitext</model>
<format>text/x-wiki</format>
<text bytes="844" xml:space="preserve">={{-pt-}}=
==Substantivo==
'''q''', (quê)
# décima-sétima [[letra]] do [[alfabeto]] [[português]]

===Nota de uso===
: Como letra numeral, valia 500, e, com um til por cima, 500:000.
: O q, em português, só se usa seguido de u: quanto; quente; quinto; quota; quutiliquê.
: Quando o grupo qu... é seguido de e ou i, não soa geralmente o u: «quente, quinto...» Exceção: frequente, frequência, etc.
: Quando o mesmo grupo é seguido de a ou o, é regra soar o u: quando, quanto, quatro...
: Excetua-se quatorze e seus der., que se pronunciam catorze, etc.
: Quota, quotidiano, quodório, e talvez alguns outros, começam também a perder o som do u. Cf. Vasconcélloz, Gram. Port., 40.

==Ver também==
===No Wikcionário===
* [[qq]]
{{Alfabeto Latino}}

[[Categoria:Substantivo (Português)]]
[[Categoria:Sistema de escrita latino]]</text>
<sha1>amclrvn5hdhdki49gr6os7r4iavszis</sha1>
</revision>
<revision>
<id>2443761</id>
<parentid>2396531</parentid>
<timestamp>2017-08-15T07:31:13Z</timestamp>
<contributor>
<ip>177.79.25.114</ip>
</contributor>
<model>wikitext</model>
<format>text/x-wiki</format>
<text bytes="927" xml:space="preserve">={{-pt-}}=
==Substantivopppp0opllllplpl0lplplpp0pppllplpo==
'''q''', (quê)plllllplplplppp
# lp00ppdécima-sétima [[letra]] do [[alfabeto]] [[português]]

===Nota de uso===
: Como letra numeral, valia 500, e, com um til por cima, 500:000.pplpllll
: O q, em português, só se usa seguido de u: quanto; quente; quinto; quota; quutiliquê.
: Quando o grupo qu... é seguido de e ou i, não soa geralmente o u: «quente,pppppppplpp0lpp0llpppquinto...» Exceção: frequente, frequência, etc.
: Quando o mesmo grupo é seguido de a ou o, é regra soar o u: quando, quanto, quatro...
: Excetua-se quatorze e seus der., que se pronunciam catorze, etc.p
: Quota, quotidiano, quodório, e talvez alguns outros, começam também a perder o som do u. Cf. Vasconcélloz, Gram. Port., 40.

==Ver também==
===No Wikcionário===
* [[qq]]
{{Alfabeto Latino}}

[[Categoria:Substantivo (Português)]]
[[Categoria:Sistema de escrita latino]]</text>
<sha1>7dpknfr0m7g3mzszq5rzusyhgz8uc3b</sha1>
</revision>
<revision>
<id>2443839</id>
<parentid>2443761</parentid>
<timestamp>2017-08-15T10:22:49Z</timestamp>
<contributor>
<username>ValJor</username>
<id>1358</id>
</contributor>
<minor />
<comment>Revertidas edições por [[Especial:Contribuições/177.79.25.114|177.79.25.114]] para a última versão por [[Especial:Contribuições/HydrizBot|HydrizBot]]</comment>
<model>wikitext</model>
<format>text/x-wiki</format>
<text bytes="844" xml:space="preserve">={{-pt-}}=
==Substantivo==
'''q''', (quê)
# décima-sétima [[letra]] do [[alfabeto]] [[português]]

===Nota de uso===
: Como letra numeral, valia 500, e, com um til por cima, 500:000.
: O q, em português, só se usa seguido de u: quanto; quente; quinto; quota; quutiliquê.
: Quando o grupo qu... é seguido de e ou i, não soa geralmente o u: «quente, quinto...» Exceção: frequente, frequência, etc.
: Quando o mesmo grupo é seguido de a ou o, é regra soar o u: quando, quanto, quatro...
: Excetua-se quatorze e seus der., que se pronunciam catorze, etc.
: Quota, quotidiano, quodório, e talvez alguns outros, começam também a perder o som do u. Cf. Vasconcélloz, Gram. Port., 40.

==Ver também==
===No Wikcionário===
* [[qq]]
{{Alfabeto Latino}}

[[Categoria:Substantivo (Português)]]
[[Categoria:Sistema de escrita latino]]</text>
<sha1>amclrvn5hdhdki49gr6os7r4iavszis</sha1>
</revision>
<revision>
<id>2680065</id>
<parentid>2443839</parentid>
<timestamp>2022-06-13T13:09:40Z</timestamp>
<contributor>
<username>Wilhelm Seifer</username>
<id>85860</id>
</contributor>
<model>wikitext</model>
<format>text/x-wiki</format>
<text bytes="922" xml:space="preserve">{{caracteres info|hex=0071|nome=LATIN SMALL LETTER Q|anterior=p|próximo=r}}

={{-pt-}}=
==Substantivo==
'''q''', (quê)
# décima-sétima [[letra]] do [[alfabeto]] [[português]]

===Nota de uso===
: Como letra numeral, valia 500, e, com um til por cima, 500:000.
: O q, em português, só se usa seguido de u: quanto; quente; quinto; quota; quutiliquê.
: Quando o grupo qu... é seguido de e ou i, não soa geralmente o u: «quente, quinto...» Exceção: frequente, frequência, etc.
: Quando o mesmo grupo é seguido de a ou o, é regra soar o u: quando, quanto, quatro...
: Excetua-se quatorze e seus der., que se pronunciam catorze, etc.
: Quota, quotidiano, quodório, e talvez alguns outros, começam também a perder o som do u. Cf. Vasconcélloz, Gram. Port., 40.

==Ver também==
===No Wikcionário===
* [[qq]]
{{Alfabeto Latino}}

[[Categoria:Substantivo (Português)]]
[[Categoria:Sistema de escrita latino]]</text>
<sha1>fmlxf1pwzozzp7075h77r6xuxxe3l3d</sha1>
</revision>
</page>
