<title>qaanso</title>
<ns>0</ns>
<id>184746</id>
<revision>
<id>734669</id>
<timestamp>2010-01-30T23:45:45Z</timestamp>
<contributor>
<username>Jesielt</username>
<id>6680</id>
</contributor>
<comment>Novo.</comment>
<model>wikitext</model>
<format>text/x-wiki</format>
<text bytes="146" xml:space="preserve">={{-so-}}=
==Substantivo==
'''qaanso'''
#[[arco-íris]]

===Sinônimos===
*[[jeegaan]]
*[[caasha carab dheer]]

[[Categoria:Substantivo (Somali)]]</text>
<sha1>mbtowkh25c2hhiyoqwntm2f0ok2zs3y</sha1>
</revision>
<revision>
<id>920159</id>
<parentid>734669</parentid>
<timestamp>2010-07-17T14:19:41Z</timestamp>
<contributor>
<username>Interwicket</username>
<id>6868</id>
</contributor>
<minor />
<comment>iwiki +[[:fr:qaanso]]</comment>
<model>wikitext</model>
<format>text/x-wiki</format>
<text bytes="161" xml:space="preserve">={{-so-}}=
==Substantivo==
'''qaanso'''
#[[arco-íris]]

===Sinônimos===
*[[jeegaan]]
*[[caasha carab dheer]]

[[Categoria:Substantivo (Somali)]]

[[fr:qaanso]]</text>
<sha1>tr1zzebuwzfhjr6016pwws988lx4lov</sha1>
</revision>
<revision>
<id>1789354</id>
<parentid>920159</parentid>
<timestamp>2013-12-18T21:12:07Z</timestamp>
<contributor>
<username>MalafayaBot</username>
<id>628</id>
</contributor>
<minor />
<comment>r2.7.5) (Robô: A adicionar: ko, lt, ru, uz</comment>
<model>wikitext</model>
<format>text/x-wiki</format>
<text bytes="217" xml:space="preserve">={{-so-}}=
==Substantivo==
'''qaanso'''
#[[arco-íris]]

===Sinônimos===
*[[jeegaan]]
*[[caasha carab dheer]]

[[Categoria:Substantivo (Somali)]]

[[fr:qaanso]]
[[ko:qaanso]]
[[lt:qaanso]]
[[ru:qaanso]]
[[uz:qaanso]]</text>
<sha1>5akjf6k7zvv8s55x3kka8o8yluc6ihy</sha1>
</revision>
<revision>
<id>2044695</id>
<parentid>1789354</parentid>
<timestamp>2015-12-05T13:18:26Z</timestamp>
<contributor>
<username>HydrizBot</username>
<id>29590</id>
</contributor>
<minor />
<comment>Robô: A adicionar: [[hr:qaanso]], [[mg:qaanso]], [[tg:qaanso]]</comment>
<model>wikitext</model>
<format>text/x-wiki</format>
<text bytes="259" xml:space="preserve">={{-so-}}=
==Substantivo==
'''qaanso'''
#[[arco-íris]]

===Sinônimos===
*[[jeegaan]]
*[[caasha carab dheer]]

[[Categoria:Substantivo (Somali)]]

[[fr:qaanso]]
[[hr:qaanso]]
[[ko:qaanso]]
[[lt:qaanso]]
[[mg:qaanso]]
[[ru:qaanso]]
[[tg:qaanso]]
[[uz:qaanso]]</text>
<sha1>2cf5s0yrl1v5xj5ljs6qgmdj1bpru7k</sha1>
</revision>
<revision>
<id>2134212</id>
<parentid>2044695</parentid>
<timestamp>2016-06-09T21:53:10Z</timestamp>
<contributor>
<username>UT-interwiki-Bot</username>
<id>56129</id>
</contributor>
<minor />
<comment>Robô: A adicionar: [[en:qaanso]], [[hu:qaanso]]</comment>
<model>wikitext</model>
<format>text/x-wiki</format>
<text bytes="287" xml:space="preserve">={{-so-}}=
==Substantivo==
'''qaanso'''
#[[arco-íris]]

===Sinônimos===
*[[jeegaan]]
*[[caasha carab dheer]]

[[Categoria:Substantivo (Somali)]]

[[en:qaanso]]
[[fr:qaanso]]
[[hr:qaanso]]
[[hu:qaanso]]
[[ko:qaanso]]
[[lt:qaanso]]
[[mg:qaanso]]
[[ru:qaanso]]
[[tg:qaanso]]
[[uz:qaanso]]</text>
<sha1>lnyv79hqugg25lgzphdwzbyowaaq6wt</sha1>
</revision>
<revision>
<id>2242483</id>
<parentid>2134212</parentid>
<timestamp>2017-02-21T01:43:01Z</timestamp>
<contributor>
<username>UT-interwiki-Bot</username>
<id>56129</id>
</contributor>
<minor />
<comment>Robô: A adicionar: [[pl:qaanso]]</comment>
<model>wikitext</model>
<format>text/x-wiki</format>
<text bytes="301" xml:space="preserve">={{-so-}}=
==Substantivo==
'''qaanso'''
#[[arco-íris]]

===Sinônimos===
*[[jeegaan]]
*[[caasha carab dheer]]

[[Categoria:Substantivo (Somali)]]

[[en:qaanso]]
[[fr:qaanso]]
[[hr:qaanso]]
[[hu:qaanso]]
[[ko:qaanso]]
[[lt:qaanso]]
[[mg:qaanso]]
[[pl:qaanso]]
[[ru:qaanso]]
[[tg:qaanso]]
[[uz:qaanso]]</text>
<sha1>0a95xmfrg8qwxcko5ewgnr8vm3bfnkg</sha1>
</revision>
<revision>
<id>2396533</id>
<parentid>2242483</parentid>
<timestamp>2017-05-13T10:52:13Z</timestamp>
<contributor>
<username>HydrizBot</username>
<id>29590</id>
</contributor>
<minor />
<comment>Robô: A limpar links interwikis antigos</comment>
<model>wikitext</model>
<format>text/x-wiki</format>
<text bytes="146" xml:space="preserve">={{-so-}}=
==Substantivo==
'''qaanso'''
#[[arco-íris]]

===Sinônimos===
*[[jeegaan]]
*[[caasha carab dheer]]

[[Categoria:Substantivo (Somali)]]</text>
<sha1>mbtowkh25c2hhiyoqwntm2f0ok2zs3y</sha1>
</revision>
</page>
