<title>qalay</title>
<ns>0</ns>
<id>315786</id>
<revision>
<id>1695585</id>
<timestamp>2013-06-15T10:53:02Z</timestamp>
<contributor>
<username>ValJor</username>
<id>1358</id>
</contributor>
<comment>Criação do verbete a partir da [[Wikcionário:Entradas mais procuradas/Resultados|lista de verbetes procurados]]</comment>
<model>wikitext</model>
<format>text/x-wiki</format>
<text bytes="681" xml:space="preserve">{{Wikipédia|lang=az}}
{{Wikipédia|lang=uz}}

={{-az-}}=
{{elementos|Sn|İndium|In|stibium|Sb}}
==Substantivo==
'''qalay'''
# {{escopo|Química}} [[estanho]]

==Ver também==
===No Wikcionário===
{{tabela periódica/az}}

[[Categoria:Elemento químico (Azerbaijano)]]
[[Categoria:Entrada com imagem (Azerbaijano)]]


={{-uz-}}=
{{elementos|Sn|indiy|In|surma|Sb}}
==Substantivo==
'''qalay'''
# {{escopo|Química}} [[estanho]]

==Ver também==
===No Wikcionário===
{{tabela periódica/uz}}

[[Categoria:Elemento químico (Uzbeque)]]
[[Categoria:Entrada com imagem (Uzbeque)]]

[[az:qalay]]
[[en:qalay]]
[[hr:qalay]]
[[lo:qalay]]
[[lt:qalay]]
[[mg:qalay]]
[[pl:qalay]]
[[tr:qalay]]</text>
<sha1>ckp1rkqs683kcf4wq4aoha3dlwni8xx</sha1>
</revision>
<revision>
<id>1810825</id>
<parentid>1695585</parentid>
<timestamp>2014-02-14T07:55:00Z</timestamp>
<contributor>
<username>YS-Bot</username>
<id>32241</id>
</contributor>
<minor />
<comment>r2.7.3) (Robô: A adicionar: [[eu:qalay]], [[uz:qalay]]</comment>
<model>wikitext</model>
<format>text/x-wiki</format>
<text bytes="707" xml:space="preserve">{{Wikipédia|lang=az}}
{{Wikipédia|lang=uz}}

={{-az-}}=
{{elementos|Sn|İndium|In|stibium|Sb}}
==Substantivo==
'''qalay'''
# {{escopo|Química}} [[estanho]]

==Ver também==
===No Wikcionário===
{{tabela periódica/az}}

[[Categoria:Elemento químico (Azerbaijano)]]
[[Categoria:Entrada com imagem (Azerbaijano)]]


={{-uz-}}=
{{elementos|Sn|indiy|In|surma|Sb}}
==Substantivo==
'''qalay'''
# {{escopo|Química}} [[estanho]]

==Ver também==
===No Wikcionário===
{{tabela periódica/uz}}

[[Categoria:Elemento químico (Uzbeque)]]
[[Categoria:Entrada com imagem (Uzbeque)]]

[[az:qalay]]
[[en:qalay]]
[[eu:qalay]]
[[hr:qalay]]
[[lo:qalay]]
[[lt:qalay]]
[[mg:qalay]]
[[pl:qalay]]
[[tr:qalay]]
[[uz:qalay]]</text>
<sha1>lsukmrhvlzs3o9qopal82ti6cdlitn2</sha1>
</revision>
<revision>
<id>1862310</id>
<parentid>1810825</parentid>
<timestamp>2014-09-24T21:53:55Z</timestamp>
<contributor>
<username>JAnDbot</username>
<id>25083</id>
</contributor>
<minor />
<comment>r2.7.3) (Robô: A adicionar: [[kk:qalay]]</comment>
<model>wikitext</model>
<format>text/x-wiki</format>
<text bytes="720" xml:space="preserve">{{Wikipédia|lang=az}}
{{Wikipédia|lang=uz}}

={{-az-}}=
{{elementos|Sn|İndium|In|stibium|Sb}}
==Substantivo==
'''qalay'''
# {{escopo|Química}} [[estanho]]

==Ver também==
===No Wikcionário===
{{tabela periódica/az}}

[[Categoria:Elemento químico (Azerbaijano)]]
[[Categoria:Entrada com imagem (Azerbaijano)]]


={{-uz-}}=
{{elementos|Sn|indiy|In|surma|Sb}}
==Substantivo==
'''qalay'''
# {{escopo|Química}} [[estanho]]

==Ver também==
===No Wikcionário===
{{tabela periódica/uz}}

[[Categoria:Elemento químico (Uzbeque)]]
[[Categoria:Entrada com imagem (Uzbeque)]]

[[az:qalay]]
[[en:qalay]]
[[eu:qalay]]
[[hr:qalay]]
[[kk:qalay]]
[[lo:qalay]]
[[lt:qalay]]
[[mg:qalay]]
[[pl:qalay]]
[[tr:qalay]]
[[uz:qalay]]</text>
<sha1>6lr86ey267dj9z1jufqprc7aplw2iuh</sha1>
</revision>
<revision>
<id>2134231</id>
<parentid>1862310</parentid>
<timestamp>2016-06-09T21:58:35Z</timestamp>
<contributor>
<username>UT-interwiki-Bot</username>
<id>56129</id>
</contributor>
<minor />
<comment>Robô: A adicionar: [[ru:qalay]]</comment>
<model>wikitext</model>
<format>text/x-wiki</format>
<text bytes="733" xml:space="preserve">{{Wikipédia|lang=az}}
{{Wikipédia|lang=uz}}

={{-az-}}=
{{elementos|Sn|İndium|In|stibium|Sb}}
==Substantivo==
'''qalay'''
# {{escopo|Química}} [[estanho]]

==Ver também==
===No Wikcionário===
{{tabela periódica/az}}

[[Categoria:Elemento químico (Azerbaijano)]]
[[Categoria:Entrada com imagem (Azerbaijano)]]


={{-uz-}}=
{{elementos|Sn|indiy|In|surma|Sb}}
==Substantivo==
'''qalay'''
# {{escopo|Química}} [[estanho]]

==Ver também==
===No Wikcionário===
{{tabela periódica/uz}}

[[Categoria:Elemento químico (Uzbeque)]]
[[Categoria:Entrada com imagem (Uzbeque)]]

[[az:qalay]]
[[en:qalay]]
[[eu:qalay]]
[[hr:qalay]]
[[kk:qalay]]
[[lo:qalay]]
[[lt:qalay]]
[[mg:qalay]]
[[pl:qalay]]
[[ru:qalay]]
[[tr:qalay]]
[[uz:qalay]]</text>
<sha1>rvasnkia6mzolp6jp7yedjw3rfez35s</sha1>
</revision>
<revision>
<id>2251221</id>
<parentid>2134231</parentid>
<timestamp>2017-03-11T03:41:38Z</timestamp>
<contributor>
<username>OctraBot</username>
<id>56948</id>
</contributor>
<minor />
<comment>Robô: A adicionar: [[ky:qalay]]</comment>
<model>wikitext</model>
<format>text/x-wiki</format>
<text bytes="746" xml:space="preserve">{{Wikipédia|lang=az}}
{{Wikipédia|lang=uz}}

={{-az-}}=
{{elementos|Sn|İndium|In|stibium|Sb}}
==Substantivo==
'''qalay'''
# {{escopo|Química}} [[estanho]]

==Ver também==
===No Wikcionário===
{{tabela periódica/az}}

[[Categoria:Elemento químico (Azerbaijano)]]
[[Categoria:Entrada com imagem (Azerbaijano)]]


={{-uz-}}=
{{elementos|Sn|indiy|In|surma|Sb}}
==Substantivo==
'''qalay'''
# {{escopo|Química}} [[estanho]]

==Ver também==
===No Wikcionário===
{{tabela periódica/uz}}

[[Categoria:Elemento químico (Uzbeque)]]
[[Categoria:Entrada com imagem (Uzbeque)]]

[[az:qalay]]
[[en:qalay]]
[[eu:qalay]]
[[hr:qalay]]
[[kk:qalay]]
[[ky:qalay]]
[[lo:qalay]]
[[lt:qalay]]
[[mg:qalay]]
[[pl:qalay]]
[[ru:qalay]]
[[tr:qalay]]
[[uz:qalay]]</text>
<sha1>qs8guwnevjpcpb2rteqpdtq8m27f24h</sha1>
</revision>
<revision>
<id>2396537</id>
<parentid>2251221</parentid>
<timestamp>2017-05-13T10:52:24Z</timestamp>
<contributor>
<username>HydrizBot</username>
<id>29590</id>
</contributor>
<minor />
<comment>Robô: A limpar links interwikis antigos</comment>
<model>wikitext</model>
<format>text/x-wiki</format>
<text bytes="576" xml:space="preserve">{{Wikipédia|lang=az}}
{{Wikipédia|lang=uz}}

={{-az-}}=
{{elementos|Sn|İndium|In|stibium|Sb}}
==Substantivo==
'''qalay'''
# {{escopo|Química}} [[estanho]]

==Ver também==
===No Wikcionário===
{{tabela periódica/az}}

[[Categoria:Elemento químico (Azerbaijano)]]
[[Categoria:Entrada com imagem (Azerbaijano)]]


={{-uz-}}=
{{elementos|Sn|indiy|In|surma|Sb}}
==Substantivo==
'''qalay'''
# {{escopo|Química}} [[estanho]]

==Ver também==
===No Wikcionário===
{{tabela periódica/uz}}

[[Categoria:Elemento químico (Uzbeque)]]
[[Categoria:Entrada com imagem (Uzbeque)]]</text>
<sha1>baxoc47hbi37ekxljlvsu630hicn4ss</sha1>
</revision>
<revision>
<id>2545549</id>
<parentid>2396537</parentid>
<timestamp>2019-06-01T11:07:30Z</timestamp>
<contributor>
<username>Amigo7</username>
<id>58547</id>
</contributor>
<comment>Melhorando a apresentação do verbete</comment>
<model>wikitext</model>
<format>text/x-wiki</format>
<text bytes="593" xml:space="preserve">{{Wikipédia|lang=az}}
{{Wikipédia|lang=uz}}

={{-az-}}=
==Substantivo==
{{elementos|Sn|indium|In|stibium|Sb}}
'''qalay'''
# {{escopo|az|Elemento químico}} [[estanho]]

==Ver também==
===No Wikcionário===
{{tabela periódica/az}}

[[Categoria:Substantivo (Azerbaijano)]]
[[Categoria:Entrada com imagem (Azerbaijano)]]


={{-uz-}}=
==Substantivo==
{{elementos|Sn|indiy|In|surma|Sb}}
'''qalay'''
# {{escopo|uz|Elemento químico}} [[estanho]]

==Ver também==
===No Wikcionário===
{{tabela periódica/uz}}

[[Categoria:Elemento químico (Uzbeque)]]
[[Categoria:Entrada com imagem (Uzbeque)]]</text>
<sha1>gmxppfvfstmn8vad8k2zfku6i2tvs1l</sha1>
</revision>
</page>
