<title>qalb</title>
<ns>0</ns>
<id>38356</id>
<revision>
<id>139815</id>
<timestamp>2006-07-13T02:16:48Z</timestamp>
<contributor>
<ip>200.161.218.92</ip>
</contributor>
<model>wikitext</model>
<format>text/x-wiki</format>
<text bytes="114" xml:space="preserve">={{mt}}=

==Substantivo==

'''qalb'''

# [[coração]].

[[Categoria:Substantivo (Maltês)]]
[[Categoria:Maltês]]</text>
<sha1>lnb5ug8ffdh74s02kenux3wnvq0enjx</sha1>
</revision>
<revision>
<id>142852</id>
<parentid>139815</parentid>
<timestamp>2006-07-19T07:13:10Z</timestamp>
<contributor>
<username>RobotGMwikt</username>
<id>407</id>
</contributor>
<minor />
<comment>Bot:  Adicionando: ku, zh</comment>
<model>wikitext</model>
<format>text/x-wiki</format>
<text bytes="139" xml:space="preserve">={{mt}}=

==Substantivo==

'''qalb'''

# [[coração]].

[[Categoria:Substantivo (Maltês)]]
[[Categoria:Maltês]]

[[ku:qalb]]
[[zh:qalb]]</text>
<sha1>fzclr0hdqf3lt8zcuni0u0zlpzxuofo</sha1>
</revision>
<revision>
<id>224515</id>
<parentid>142852</parentid>
<timestamp>2007-01-21T04:45:03Z</timestamp>
<contributor>
<username>RobotGMwikt</username>
<id>407</id>
</contributor>
<minor />
<comment>Bot:  Adicionando: [[es:qalb]]</comment>
<model>wikitext</model>
<format>text/x-wiki</format>
<text bytes="151" xml:space="preserve">={{mt}}=

==Substantivo==

'''qalb'''

# [[coração]].

[[Categoria:Substantivo (Maltês)]]
[[Categoria:Maltês]]

[[es:qalb]]
[[ku:qalb]]
[[zh:qalb]]</text>
<sha1>g50sy1be1v3bu083rvjtsrsqwun9e95</sha1>
</revision>
<revision>
<id>277341</id>
<parentid>224515</parentid>
<timestamp>2007-06-27T01:21:38Z</timestamp>
<contributor>
<ip>201.11.193.147</ip>
</contributor>
<model>wikitext</model>
<format>text/x-wiki</format>
<text bytes="429" xml:space="preserve">={{ku}}=
=={{subst}}==
'''qalb'''
:# {{escopo|Anatomia}} [[coração]].

===Sinónimos===
* [[dil]]
* [[qelb]]

[[Categoria:Substantivo (Curdo)]]
[[Categoria:Monossílabo (Curdo)]]
[[Categoria:Anatomia (Curdo)]]


={{mt}}=
=={{subst}}==
'''qalb'''
:# {{escopo|Anatomia}} [[coração]].

[[Categoria:Substantivo (Maltês)]]
[[Categoria:Monossílabo (Maltês)]]
[[Categoria:Anatomia (Maltês)]]

[[es:qalb]]
[[ku:qalb]]
[[zh:qalb]]</text>
<sha1>op10pmim5h0kjhrmjlivxfcskey12rd</sha1>
</revision>
<revision>
<id>371613</id>
<parentid>277341</parentid>
<timestamp>2008-08-01T09:10:30Z</timestamp>
<contributor>
<username>SpaceBirdyBot</username>
<id>973</id>
</contributor>
<minor />
<comment>Bot:  Adicionando: [[el:qalb]], [[lt:qalb]], [[tr:qalb]]</comment>
<model>wikitext</model>
<format>text/x-wiki</format>
<text bytes="465" xml:space="preserve">={{ku}}=
=={{subst}}==
'''qalb'''
:# {{escopo|Anatomia}} [[coração]].

===Sinónimos===
* [[dil]]
* [[qelb]]

[[Categoria:Substantivo (Curdo)]]
[[Categoria:Monossílabo (Curdo)]]
[[Categoria:Anatomia (Curdo)]]


={{mt}}=
=={{subst}}==
'''qalb'''
:# {{escopo|Anatomia}} [[coração]].

[[Categoria:Substantivo (Maltês)]]
[[Categoria:Monossílabo (Maltês)]]
[[Categoria:Anatomia (Maltês)]]

[[el:qalb]]
[[es:qalb]]
[[ku:qalb]]
[[lt:qalb]]
[[tr:qalb]]
[[zh:qalb]]</text>
<sha1>i98530gyk714lqb9t0jtsy805wv7ti0</sha1>
</revision>
<revision>
<id>412939</id>
<parentid>371613</parentid>
<timestamp>2009-02-04T23:02:55Z</timestamp>
<contributor>
<ip>189.10.216.23</ip>
</contributor>
<comment>+ {{-ref-}}, figura</comment>
<model>wikitext</model>
<format>text/x-wiki</format>
<text bytes="891" xml:space="preserve">[[Imagem:Heart frontally PDA.jpg|thumb|140px|'''Qalb''']]
={{-ku-}}=
=={{subst}}==
'''qalb'''
# {{escopo|Anatomia}} [[coração]].

==={{graf}}===
* '''[[alfabeto árabe|Alfabeto árabe]]''': {{link opcional|قالب|ku}}

===Sinónimos===
* [[dil]]/{{link opcional|دل|ku}}, [[qelb]]/{{link opcional|کوردی|ku}}

[[Categoria:Substantivo (Curdo)]]
[[Categoria:Monossílabo (Curdo)]]
[[Categoria:Anatomia (Curdo)]]
[[Categoria:Figura (Curdo)]]

={{-mt-}}=
=={{subst}}==
'''qalb''' {{m}}
# {{escopo|Anatomia}} [[coração]].

=={{vertb}}==
==={{-ref-}}===
{{vertbini}}
* [http://www.aboutmalta.com/language/engmal.htm Basic English-Maltese Dictionary (em inglês)]
{{vertbfim}}

[[Categoria:Substantivo (Maltês)]]
[[Categoria:Monossílabo (Maltês)]]
[[Categoria:Anatomia (Maltês)]]
[[Categoria:Figura (Maltês)]]

[[el:qalb]]
[[es:qalb]]
[[ku:qalb]]
[[lt:qalb]]
[[tr:qalb]]
[[zh:qalb]]</text>
<sha1>sp2axjpjw6aly8hlmk7p8kgrdleu8a7</sha1>
</revision>
<revision>
<id>419839</id>
<parentid>412939</parentid>
<timestamp>2009-02-20T04:45:38Z</timestamp>
<contributor>
<username>Interwicket</username>
<id>6868</id>
</contributor>
<minor />
<comment>iwiki +[[:hu:qalb]]</comment>
<model>wikitext</model>
<format>text/x-wiki</format>
<text bytes="903" xml:space="preserve">[[Imagem:Heart frontally PDA.jpg|thumb|140px|'''Qalb''']]
={{-ku-}}=
=={{subst}}==
'''qalb'''
# {{escopo|Anatomia}} [[coração]].

==={{graf}}===
* '''[[alfabeto árabe|Alfabeto árabe]]''': {{link opcional|قالب|ku}}

===Sinónimos===
* [[dil]]/{{link opcional|دل|ku}}, [[qelb]]/{{link opcional|کوردی|ku}}

[[Categoria:Substantivo (Curdo)]]
[[Categoria:Monossílabo (Curdo)]]
[[Categoria:Anatomia (Curdo)]]
[[Categoria:Figura (Curdo)]]

={{-mt-}}=
=={{subst}}==
'''qalb''' {{m}}
# {{escopo|Anatomia}} [[coração]].

=={{vertb}}==
==={{-ref-}}===
{{vertbini}}
* [http://www.aboutmalta.com/language/engmal.htm Basic English-Maltese Dictionary (em inglês)]
{{vertbfim}}

[[Categoria:Substantivo (Maltês)]]
[[Categoria:Monossílabo (Maltês)]]
[[Categoria:Anatomia (Maltês)]]
[[Categoria:Figura (Maltês)]]

[[el:qalb]]
[[es:qalb]]
[[hu:qalb]]
[[ku:qalb]]
[[lt:qalb]]
[[tr:qalb]]
[[zh:qalb]]</text>
<sha1>o2azqkdzx3lscakr5yhcoi5uvm17xk6</sha1>
</revision>
<revision>
<id>473386</id>
<parentid>419839</parentid>
<timestamp>2009-06-02T21:05:08Z</timestamp>
<contributor>
<username>Interwicket</username>
<id>6868</id>
</contributor>
<minor />
<comment>iwiki +[[:mt:qalb]]</comment>
<model>wikitext</model>
<format>text/x-wiki</format>
<text bytes="915" xml:space="preserve">[[Imagem:Heart frontally PDA.jpg|thumb|140px|'''Qalb''']]
={{-ku-}}=
=={{subst}}==
'''qalb'''
# {{escopo|Anatomia}} [[coração]].

==={{graf}}===
* '''[[alfabeto árabe|Alfabeto árabe]]''': {{link opcional|قالب|ku}}

===Sinónimos===
* [[dil]]/{{link opcional|دل|ku}}, [[qelb]]/{{link opcional|کوردی|ku}}

[[Categoria:Substantivo (Curdo)]]
[[Categoria:Monossílabo (Curdo)]]
[[Categoria:Anatomia (Curdo)]]
[[Categoria:Figura (Curdo)]]

={{-mt-}}=
=={{subst}}==
'''qalb''' {{m}}
# {{escopo|Anatomia}} [[coração]].

=={{vertb}}==
==={{-ref-}}===
{{vertbini}}
* [http://www.aboutmalta.com/language/engmal.htm Basic English-Maltese Dictionary (em inglês)]
{{vertbfim}}

[[Categoria:Substantivo (Maltês)]]
[[Categoria:Monossílabo (Maltês)]]
[[Categoria:Anatomia (Maltês)]]
[[Categoria:Figura (Maltês)]]

[[el:qalb]]
[[es:qalb]]
[[hu:qalb]]
[[ku:qalb]]
[[lt:qalb]]
[[mt:qalb]]
[[tr:qalb]]
[[zh:qalb]]</text>
<sha1>c7zdu48f06opg49onft7ktb4ugzk91v</sha1>
</revision>
<revision>
<id>490149</id>
<parentid>473386</parentid>
<timestamp>2009-07-04T16:19:34Z</timestamp>
<contributor>
<username>Interwicket</username>
<id>6868</id>
</contributor>
<minor />
<comment>iwiki +[[:scn:qalb]]</comment>
<model>wikitext</model>
<format>text/x-wiki</format>
<text bytes="928" xml:space="preserve">[[Imagem:Heart frontally PDA.jpg|thumb|140px|'''Qalb''']]
={{-ku-}}=
=={{subst}}==
'''qalb'''
# {{escopo|Anatomia}} [[coração]].

==={{graf}}===
* '''[[alfabeto árabe|Alfabeto árabe]]''': {{link opcional|قالب|ku}}

===Sinónimos===
* [[dil]]/{{link opcional|دل|ku}}, [[qelb]]/{{link opcional|کوردی|ku}}

[[Categoria:Substantivo (Curdo)]]
[[Categoria:Monossílabo (Curdo)]]
[[Categoria:Anatomia (Curdo)]]
[[Categoria:Figura (Curdo)]]

={{-mt-}}=
=={{subst}}==
'''qalb''' {{m}}
# {{escopo|Anatomia}} [[coração]].

=={{vertb}}==
==={{-ref-}}===
{{vertbini}}
* [http://www.aboutmalta.com/language/engmal.htm Basic English-Maltese Dictionary (em inglês)]
{{vertbfim}}

[[Categoria:Substantivo (Maltês)]]
[[Categoria:Monossílabo (Maltês)]]
[[Categoria:Anatomia (Maltês)]]
[[Categoria:Figura (Maltês)]]

[[el:qalb]]
[[es:qalb]]
[[hu:qalb]]
[[ku:qalb]]
[[lt:qalb]]
[[mt:qalb]]
[[scn:qalb]]
[[tr:qalb]]
[[zh:qalb]]</text>
<sha1>g8m30r74iwesxnmwe6bdrn3mjzyaknr</sha1>
</revision>
<revision>
<id>523892</id>
<parentid>490149</parentid>
<timestamp>2009-08-27T15:30:30Z</timestamp>
<contributor>
<username>Interwicket</username>
<id>6868</id>
</contributor>
<minor />
<comment>iwiki +[[:en:qalb]]</comment>
<model>wikitext</model>
<format>text/x-wiki</format>
<text bytes="940" xml:space="preserve">[[Imagem:Heart frontally PDA.jpg|thumb|140px|'''Qalb''']]
={{-ku-}}=
=={{subst}}==
'''qalb'''
# {{escopo|Anatomia}} [[coração]].

==={{graf}}===
* '''[[alfabeto árabe|Alfabeto árabe]]''': {{link opcional|قالب|ku}}

===Sinónimos===
* [[dil]]/{{link opcional|دل|ku}}, [[qelb]]/{{link opcional|کوردی|ku}}

[[Categoria:Substantivo (Curdo)]]
[[Categoria:Monossílabo (Curdo)]]
[[Categoria:Anatomia (Curdo)]]
[[Categoria:Figura (Curdo)]]

={{-mt-}}=
=={{subst}}==
'''qalb''' {{m}}
# {{escopo|Anatomia}} [[coração]].

=={{vertb}}==
==={{-ref-}}===
{{vertbini}}
* [http://www.aboutmalta.com/language/engmal.htm Basic English-Maltese Dictionary (em inglês)]
{{vertbfim}}

[[Categoria:Substantivo (Maltês)]]
[[Categoria:Monossílabo (Maltês)]]
[[Categoria:Anatomia (Maltês)]]
[[Categoria:Figura (Maltês)]]

[[el:qalb]]
[[en:qalb]]
[[es:qalb]]
[[hu:qalb]]
[[ku:qalb]]
[[lt:qalb]]
[[mt:qalb]]
[[scn:qalb]]
[[tr:qalb]]
[[zh:qalb]]</text>
<sha1>frfv5wspdmvb5ozrcg7lsradrds0caw</sha1>
</revision>
<revision>
<id>724780</id>
<parentid>523892</parentid>
<timestamp>2010-01-28T18:00:46Z</timestamp>
<contributor>
<username>Jesielt-bot</username>
<id>10876</id>
</contributor>
<comment>replaced: {{subst}} → Substantivo (2) utilizando [[Project:AWB|AWB]]</comment>
<model>wikitext</model>
<format>text/x-wiki</format>
<text bytes="944" xml:space="preserve">[[Imagem:Heart frontally PDA.jpg|thumb|140px|'''Qalb''']]
={{-ku-}}=
==Substantivo==
'''qalb'''
# {{escopo|Anatomia}} [[coração]].

==={{graf}}===
* '''[[alfabeto árabe|Alfabeto árabe]]''': {{link opcional|قالب|ku}}

===Sinónimos===
* [[dil]]/{{link opcional|دل|ku}}, [[qelb]]/{{link opcional|کوردی|ku}}

[[Categoria:Substantivo (Curdo)]]
[[Categoria:Monossílabo (Curdo)]]
[[Categoria:Anatomia (Curdo)]]
[[Categoria:Figura (Curdo)]]

={{-mt-}}=
==Substantivo==
'''qalb''' {{m}}
# {{escopo|Anatomia}} [[coração]].

=={{vertb}}==
==={{-ref-}}===
{{vertbini}}
* [http://www.aboutmalta.com/language/engmal.htm Basic English-Maltese Dictionary (em inglês)]
{{vertbfim}}

[[Categoria:Substantivo (Maltês)]]
[[Categoria:Monossílabo (Maltês)]]
[[Categoria:Anatomia (Maltês)]]
[[Categoria:Figura (Maltês)]]

[[el:qalb]]
[[en:qalb]]
[[es:qalb]]
[[hu:qalb]]
[[ku:qalb]]
[[lt:qalb]]
[[mt:qalb]]
[[scn:qalb]]
[[tr:qalb]]
[[zh:qalb]]</text>
<sha1>qsf7toq1d0kmkn9ld5qcs6lpn1umh0p</sha1>
</revision>
<revision>
<id>729283</id>
<parentid>724780</parentid>
<timestamp>2010-01-29T02:58:24Z</timestamp>
<contributor>
<username>Jesielt-bot</username>
<id>10876</id>
</contributor>
<comment>/* Substantivo */ utilizando [[Project:AWB|AWB]]</comment>
<model>wikitext</model>
<format>text/x-wiki</format>
<text bytes="956" xml:space="preserve">[[Imagem:Heart frontally PDA.jpg|thumb|140px|'''Qalb''']]
={{-ku-}}=
==Substantivo==
'''qalb'''
# {{escopo|Anatomia}} [[coração]].

===Grafias alternativas===
* '''[[alfabeto árabe|Alfabeto árabe]]''': {{link opcional|قالب|ku}}

===Sinónimos===
* [[dil]]/{{link opcional|دل|ku}}, [[qelb]]/{{link opcional|کوردی|ku}}

[[Categoria:Substantivo (Curdo)]]
[[Categoria:Monossílabo (Curdo)]]
[[Categoria:Anatomia (Curdo)]]
[[Categoria:Figura (Curdo)]]

={{-mt-}}=
==Substantivo==
'''qalb''' {{m}}
# {{escopo|Anatomia}} [[coração]].

=={{vertb}}==
==={{-ref-}}===
{{vertbini}}
* [http://www.aboutmalta.com/language/engmal.htm Basic English-Maltese Dictionary (em inglês)]
{{vertbfim}}

[[Categoria:Substantivo (Maltês)]]
[[Categoria:Monossílabo (Maltês)]]
[[Categoria:Anatomia (Maltês)]]
[[Categoria:Figura (Maltês)]]

[[el:qalb]]
[[en:qalb]]
[[es:qalb]]
[[hu:qalb]]
[[ku:qalb]]
[[lt:qalb]]
[[mt:qalb]]
[[scn:qalb]]
[[tr:qalb]]
[[zh:qalb]]</text>
<sha1>oh4rofqc7o253peejd88pygf00wfoul</sha1>
</revision>
<revision>
<id>1010031</id>
<parentid>729283</parentid>
<timestamp>2011-01-11T06:13:58Z</timestamp>
<contributor>
<username>RoggBot</username>
<id>6411</id>
</contributor>
<minor />
<comment>r2.6.2) (Bot: Adicionando: [[nl:qalb]]</comment>
<model>wikitext</model>
<format>text/x-wiki</format>
<text bytes="968" xml:space="preserve">[[Imagem:Heart frontally PDA.jpg|thumb|140px|'''Qalb''']]
={{-ku-}}=
==Substantivo==
'''qalb'''
# {{escopo|Anatomia}} [[coração]].

===Grafias alternativas===
* '''[[alfabeto árabe|Alfabeto árabe]]''': {{link opcional|قالب|ku}}

===Sinónimos===
* [[dil]]/{{link opcional|دل|ku}}, [[qelb]]/{{link opcional|کوردی|ku}}

[[Categoria:Substantivo (Curdo)]]
[[Categoria:Monossílabo (Curdo)]]
[[Categoria:Anatomia (Curdo)]]
[[Categoria:Figura (Curdo)]]

={{-mt-}}=
==Substantivo==
'''qalb''' {{m}}
# {{escopo|Anatomia}} [[coração]].

=={{vertb}}==
==={{-ref-}}===
{{vertbini}}
* [http://www.aboutmalta.com/language/engmal.htm Basic English-Maltese Dictionary (em inglês)]
{{vertbfim}}

[[Categoria:Substantivo (Maltês)]]
[[Categoria:Monossílabo (Maltês)]]
[[Categoria:Anatomia (Maltês)]]
[[Categoria:Figura (Maltês)]]

[[el:qalb]]
[[en:qalb]]
[[es:qalb]]
[[hu:qalb]]
[[ku:qalb]]
[[lt:qalb]]
[[mt:qalb]]
[[nl:qalb]]
[[scn:qalb]]
[[tr:qalb]]
[[zh:qalb]]</text>
<sha1>fgi5ntf26vrppouamdd8ulhymp3ep10</sha1>
</revision>
<revision>
<id>1265657</id>
<parentid>1010031</parentid>
<timestamp>2011-10-23T09:49:43Z</timestamp>
<contributor>
<username>KamikazeBot</username>
<id>23176</id>
</contributor>
<minor />
<comment>r2.7.1) (Robô: A adicionar: [[et:qalb]], [[oc:qalb]]</comment>
<model>wikitext</model>
<format>text/x-wiki</format>
<text bytes="992" xml:space="preserve">[[Imagem:Heart frontally PDA.jpg|thumb|140px|'''Qalb''']]
={{-ku-}}=
==Substantivo==
'''qalb'''
# {{escopo|Anatomia}} [[coração]].

===Grafias alternativas===
* '''[[alfabeto árabe|Alfabeto árabe]]''': {{link opcional|قالب|ku}}

===Sinónimos===
* [[dil]]/{{link opcional|دل|ku}}, [[qelb]]/{{link opcional|کوردی|ku}}

[[Categoria:Substantivo (Curdo)]]
[[Categoria:Monossílabo (Curdo)]]
[[Categoria:Anatomia (Curdo)]]
[[Categoria:Figura (Curdo)]]

={{-mt-}}=
==Substantivo==
'''qalb''' {{m}}
# {{escopo|Anatomia}} [[coração]].

=={{vertb}}==
==={{-ref-}}===
{{vertbini}}
* [http://www.aboutmalta.com/language/engmal.htm Basic English-Maltese Dictionary (em inglês)]
{{vertbfim}}

[[Categoria:Substantivo (Maltês)]]
[[Categoria:Monossílabo (Maltês)]]
[[Categoria:Anatomia (Maltês)]]
[[Categoria:Figura (Maltês)]]

[[el:qalb]]
[[en:qalb]]
[[es:qalb]]
[[et:qalb]]
[[hu:qalb]]
[[ku:qalb]]
[[lt:qalb]]
[[mt:qalb]]
[[nl:qalb]]
[[oc:qalb]]
[[scn:qalb]]
[[tr:qalb]]
[[zh:qalb]]</text>
<sha1>m9mw772r9ndejl9vgxci0zmfo3evcix</sha1>
</revision>
<revision>
<id>1273563</id>
<parentid>1265657</parentid>
<timestamp>2011-11-06T00:09:27Z</timestamp>
<contributor>
<username>AvocatoBot</username>
<id>26821</id>
</contributor>
<minor />
<comment>r2.7.2) (Robô: A adicionar: [[pl:qalb]]</comment>
<model>wikitext</model>
<format>text/x-wiki</format>
<text bytes="1004" xml:space="preserve">[[Imagem:Heart frontally PDA.jpg|thumb|140px|'''Qalb''']]
={{-ku-}}=
==Substantivo==
'''qalb'''
# {{escopo|Anatomia}} [[coração]].

===Grafias alternativas===
* '''[[alfabeto árabe|Alfabeto árabe]]''': {{link opcional|قالب|ku}}

===Sinónimos===
* [[dil]]/{{link opcional|دل|ku}}, [[qelb]]/{{link opcional|کوردی|ku}}

[[Categoria:Substantivo (Curdo)]]
[[Categoria:Monossílabo (Curdo)]]
[[Categoria:Anatomia (Curdo)]]
[[Categoria:Figura (Curdo)]]

={{-mt-}}=
==Substantivo==
'''qalb''' {{m}}
# {{escopo|Anatomia}} [[coração]].

=={{vertb}}==
==={{-ref-}}===
{{vertbini}}
* [http://www.aboutmalta.com/language/engmal.htm Basic English-Maltese Dictionary (em inglês)]
{{vertbfim}}

[[Categoria:Substantivo (Maltês)]]
[[Categoria:Monossílabo (Maltês)]]
[[Categoria:Anatomia (Maltês)]]
[[Categoria:Figura (Maltês)]]

[[el:qalb]]
[[en:qalb]]
[[es:qalb]]
[[et:qalb]]
[[hu:qalb]]
[[ku:qalb]]
[[lt:qalb]]
[[mt:qalb]]
[[nl:qalb]]
[[oc:qalb]]
[[pl:qalb]]
[[scn:qalb]]
[[tr:qalb]]
[[zh:qalb]]</text>
<sha1>2hrd5k256i73lj1x2j0rbgkhslvyoyy</sha1>
</revision>
<revision>
<id>1395576</id>
<parentid>1273563</parentid>
<timestamp>2012-04-04T12:10:12Z</timestamp>
<contributor>
<username>JAnDbot</username>
<id>25083</id>
</contributor>
<minor />
<comment>r2.7.2) (Robô: A adicionar: [[eu:qalb]]</comment>
<model>wikitext</model>
<format>text/x-wiki</format>
<text bytes="1016" xml:space="preserve">[[Imagem:Heart frontally PDA.jpg|thumb|140px|'''Qalb''']]
={{-ku-}}=
==Substantivo==
'''qalb'''
# {{escopo|Anatomia}} [[coração]].

===Grafias alternativas===
* '''[[alfabeto árabe|Alfabeto árabe]]''': {{link opcional|قالب|ku}}

===Sinónimos===
* [[dil]]/{{link opcional|دل|ku}}, [[qelb]]/{{link opcional|کوردی|ku}}

[[Categoria:Substantivo (Curdo)]]
[[Categoria:Monossílabo (Curdo)]]
[[Categoria:Anatomia (Curdo)]]
[[Categoria:Figura (Curdo)]]

={{-mt-}}=
==Substantivo==
'''qalb''' {{m}}
# {{escopo|Anatomia}} [[coração]].

=={{vertb}}==
==={{-ref-}}===
{{vertbini}}
* [http://www.aboutmalta.com/language/engmal.htm Basic English-Maltese Dictionary (em inglês)]
{{vertbfim}}

[[Categoria:Substantivo (Maltês)]]
[[Categoria:Monossílabo (Maltês)]]
[[Categoria:Anatomia (Maltês)]]
[[Categoria:Figura (Maltês)]]

[[el:qalb]]
[[en:qalb]]
[[es:qalb]]
[[et:qalb]]
[[eu:qalb]]
[[hu:qalb]]
[[ku:qalb]]
[[lt:qalb]]
[[mt:qalb]]
[[nl:qalb]]
[[oc:qalb]]
[[pl:qalb]]
[[scn:qalb]]
[[tr:qalb]]
[[zh:qalb]]</text>
<sha1>k6xwmjyefgh4i7bo5ayasdaat4eupgv</sha1>
</revision>
<revision>
<id>1468707</id>
<parentid>1395576</parentid>
<timestamp>2012-09-24T00:17:16Z</timestamp>
<contributor>
<username>HydrizBot</username>
<id>29590</id>
</contributor>
<minor />
<comment>r2.7.3) (Robô: A adicionar: [[mg:qalb]]</comment>
<model>wikitext</model>
<format>text/x-wiki</format>
<text bytes="1028" xml:space="preserve">[[Imagem:Heart frontally PDA.jpg|thumb|140px|'''Qalb''']]
={{-ku-}}=
==Substantivo==
'''qalb'''
# {{escopo|Anatomia}} [[coração]].

===Grafias alternativas===
* '''[[alfabeto árabe|Alfabeto árabe]]''': {{link opcional|قالب|ku}}

===Sinónimos===
* [[dil]]/{{link opcional|دل|ku}}, [[qelb]]/{{link opcional|کوردی|ku}}

[[Categoria:Substantivo (Curdo)]]
[[Categoria:Monossílabo (Curdo)]]
[[Categoria:Anatomia (Curdo)]]
[[Categoria:Figura (Curdo)]]

={{-mt-}}=
==Substantivo==
'''qalb''' {{m}}
# {{escopo|Anatomia}} [[coração]].

=={{vertb}}==
==={{-ref-}}===
{{vertbini}}
* [http://www.aboutmalta.com/language/engmal.htm Basic English-Maltese Dictionary (em inglês)]
{{vertbfim}}

[[Categoria:Substantivo (Maltês)]]
[[Categoria:Monossílabo (Maltês)]]
[[Categoria:Anatomia (Maltês)]]
[[Categoria:Figura (Maltês)]]

[[el:qalb]]
[[en:qalb]]
[[es:qalb]]
[[et:qalb]]
[[eu:qalb]]
[[hu:qalb]]
[[ku:qalb]]
[[lt:qalb]]
[[mg:qalb]]
[[mt:qalb]]
[[nl:qalb]]
[[oc:qalb]]
[[pl:qalb]]
[[scn:qalb]]
[[tr:qalb]]
[[zh:qalb]]</text>
<sha1>580vbf2bajxec8ol4ykhkgdtd57vkr5</sha1>
</revision>
<revision>
<id>1494967</id>
<parentid>1468707</parentid>
<timestamp>2012-10-23T04:40:27Z</timestamp>
<contributor>
<username>VJBot</username>
<id>33673</id>
</contributor>
<minor />
<comment>Robô: Substituição de texto automática  (-{{vertbini}} +{{verTambém.Ini}})</comment>
<model>wikitext</model>
<format>text/x-wiki</format>
<text bytes="1034" xml:space="preserve">[[Imagem:Heart frontally PDA.jpg|thumb|140px|'''Qalb''']]
={{-ku-}}=
==Substantivo==
'''qalb'''
# {{escopo|Anatomia}} [[coração]].

===Grafias alternativas===
* '''[[alfabeto árabe|Alfabeto árabe]]''': {{link opcional|قالب|ku}}

===Sinónimos===
* [[dil]]/{{link opcional|دل|ku}}, [[qelb]]/{{link opcional|کوردی|ku}}

[[Categoria:Substantivo (Curdo)]]
[[Categoria:Monossílabo (Curdo)]]
[[Categoria:Anatomia (Curdo)]]
[[Categoria:Figura (Curdo)]]

={{-mt-}}=
==Substantivo==
'''qalb''' {{m}}
# {{escopo|Anatomia}} [[coração]].

=={{vertb}}==
==={{-ref-}}===
{{verTambém.Ini}}
* [http://www.aboutmalta.com/language/engmal.htm Basic English-Maltese Dictionary (em inglês)]
{{vertbfim}}

[[Categoria:Substantivo (Maltês)]]
[[Categoria:Monossílabo (Maltês)]]
[[Categoria:Anatomia (Maltês)]]
[[Categoria:Figura (Maltês)]]

[[el:qalb]]
[[en:qalb]]
[[es:qalb]]
[[et:qalb]]
[[eu:qalb]]
[[hu:qalb]]
[[ku:qalb]]
[[lt:qalb]]
[[mg:qalb]]
[[mt:qalb]]
[[nl:qalb]]
[[oc:qalb]]
[[pl:qalb]]
[[scn:qalb]]
[[tr:qalb]]
[[zh:qalb]]</text>
<sha1>0ri29qllkua4f9jchkxif59b7tjzuqx</sha1>
</revision>
<revision>
<id>1505377</id>
<parentid>1494967</parentid>
<timestamp>2012-10-27T13:02:57Z</timestamp>
<contributor>
<username>VJBot</username>
<id>33673</id>
</contributor>
<minor />
<comment>Robô: Substituição de texto automática  (-{{vertbfim}} +{{verTambém.Fim}})</comment>
<model>wikitext</model>
<format>text/x-wiki</format>
<text bytes="1040" xml:space="preserve">[[Imagem:Heart frontally PDA.jpg|thumb|140px|'''Qalb''']]
={{-ku-}}=
==Substantivo==
'''qalb'''
# {{escopo|Anatomia}} [[coração]].

===Grafias alternativas===
* '''[[alfabeto árabe|Alfabeto árabe]]''': {{link opcional|قالب|ku}}

===Sinónimos===
* [[dil]]/{{link opcional|دل|ku}}, [[qelb]]/{{link opcional|کوردی|ku}}

[[Categoria:Substantivo (Curdo)]]
[[Categoria:Monossílabo (Curdo)]]
[[Categoria:Anatomia (Curdo)]]
[[Categoria:Figura (Curdo)]]

={{-mt-}}=
==Substantivo==
'''qalb''' {{m}}
# {{escopo|Anatomia}} [[coração]].

=={{vertb}}==
==={{-ref-}}===
{{verTambém.Ini}}
* [http://www.aboutmalta.com/language/engmal.htm Basic English-Maltese Dictionary (em inglês)]
{{verTambém.Fim}}

[[Categoria:Substantivo (Maltês)]]
[[Categoria:Monossílabo (Maltês)]]
[[Categoria:Anatomia (Maltês)]]
[[Categoria:Figura (Maltês)]]

[[el:qalb]]
[[en:qalb]]
[[es:qalb]]
[[et:qalb]]
[[eu:qalb]]
[[hu:qalb]]
[[ku:qalb]]
[[lt:qalb]]
[[mg:qalb]]
[[mt:qalb]]
[[nl:qalb]]
[[oc:qalb]]
[[pl:qalb]]
[[scn:qalb]]
[[tr:qalb]]
[[zh:qalb]]</text>
<sha1>qjgefxcoxuie1dhkm4sks6twc5qrksi</sha1>
</revision>
<revision>
<id>1528659</id>
<parentid>1505377</parentid>
<timestamp>2012-11-27T21:29:14Z</timestamp>
<contributor>
<username>VJBot</username>
<id>33673</id>
</contributor>
<minor />
<comment>Robô: Substituição de texto automática  (-{{-ref-}} +Referências)</comment>
<model>wikitext</model>
<format>text/x-wiki</format>
<text bytes="1043" xml:space="preserve">[[Imagem:Heart frontally PDA.jpg|thumb|140px|'''Qalb''']]
={{-ku-}}=
==Substantivo==
'''qalb'''
# {{escopo|Anatomia}} [[coração]].

===Grafias alternativas===
* '''[[alfabeto árabe|Alfabeto árabe]]''': {{link opcional|قالب|ku}}

===Sinónimos===
* [[dil]]/{{link opcional|دل|ku}}, [[qelb]]/{{link opcional|کوردی|ku}}

[[Categoria:Substantivo (Curdo)]]
[[Categoria:Monossílabo (Curdo)]]
[[Categoria:Anatomia (Curdo)]]
[[Categoria:Figura (Curdo)]]

={{-mt-}}=
==Substantivo==
'''qalb''' {{m}}
# {{escopo|Anatomia}} [[coração]].

=={{vertb}}==
===Referências===
{{verTambém.Ini}}
* [http://www.aboutmalta.com/language/engmal.htm Basic English-Maltese Dictionary (em inglês)]
{{verTambém.Fim}}

[[Categoria:Substantivo (Maltês)]]
[[Categoria:Monossílabo (Maltês)]]
[[Categoria:Anatomia (Maltês)]]
[[Categoria:Figura (Maltês)]]

[[el:qalb]]
[[en:qalb]]
[[es:qalb]]
[[et:qalb]]
[[eu:qalb]]
[[hu:qalb]]
[[ku:qalb]]
[[lt:qalb]]
[[mg:qalb]]
[[mt:qalb]]
[[nl:qalb]]
[[oc:qalb]]
[[pl:qalb]]
[[scn:qalb]]
[[tr:qalb]]
[[zh:qalb]]</text>
<sha1>iqa4hlyet18ukcjsn4ndn1yx3ldhte9</sha1>
</revision>
<revision>
<id>1534601</id>
<parentid>1528659</parentid>
<timestamp>2012-11-30T15:42:01Z</timestamp>
<contributor>
<username>VJBot</username>
<id>33673</id>
</contributor>
<minor />
<comment>Robô: Substituição de texto automática  (-{{vertb}} +Ver também)</comment>
<model>wikitext</model>
<format>text/x-wiki</format>
<text bytes="1045" xml:space="preserve">[[Imagem:Heart frontally PDA.jpg|thumb|140px|'''Qalb''']]
={{-ku-}}=
==Substantivo==
'''qalb'''
# {{escopo|Anatomia}} [[coração]].

===Grafias alternativas===
* '''[[alfabeto árabe|Alfabeto árabe]]''': {{link opcional|قالب|ku}}

===Sinónimos===
* [[dil]]/{{link opcional|دل|ku}}, [[qelb]]/{{link opcional|کوردی|ku}}

[[Categoria:Substantivo (Curdo)]]
[[Categoria:Monossílabo (Curdo)]]
[[Categoria:Anatomia (Curdo)]]
[[Categoria:Figura (Curdo)]]

={{-mt-}}=
==Substantivo==
'''qalb''' {{m}}
# {{escopo|Anatomia}} [[coração]].

==Ver também==
===Referências===
{{verTambém.Ini}}
* [http://www.aboutmalta.com/language/engmal.htm Basic English-Maltese Dictionary (em inglês)]
{{verTambém.Fim}}

[[Categoria:Substantivo (Maltês)]]
[[Categoria:Monossílabo (Maltês)]]
[[Categoria:Anatomia (Maltês)]]
[[Categoria:Figura (Maltês)]]

[[el:qalb]]
[[en:qalb]]
[[es:qalb]]
[[et:qalb]]
[[eu:qalb]]
[[hu:qalb]]
[[ku:qalb]]
[[lt:qalb]]
[[mg:qalb]]
[[mt:qalb]]
[[nl:qalb]]
[[oc:qalb]]
[[pl:qalb]]
[[scn:qalb]]
[[tr:qalb]]
[[zh:qalb]]</text>
<sha1>kukqirn85fu7qr5wrzibbfrj3txfmju</sha1>
</revision>
<revision>
<id>1614162</id>
<parentid>1534601</parentid>
<timestamp>2013-01-21T16:35:36Z</timestamp>
<contributor>
<username>MalafayaBot</username>
<id>628</id>
</contributor>
<minor />
<comment>Robô: Substituição de texto automática (-|Figura| +|Entrada com imagem|, -[[Categoria:Figura  +[[Categoria:Entrada com imagem , -|Figura}} +|Entrada com imagem}})</comment>
<model>wikitext</model>
<format>text/x-wiki</format>
<text bytes="1069" xml:space="preserve">[[Imagem:Heart frontally PDA.jpg|thumb|140px|'''Qalb''']]
={{-ku-}}=
==Substantivo==
'''qalb'''
# {{escopo|Anatomia}} [[coração]].

===Grafias alternativas===
* '''[[alfabeto árabe|Alfabeto árabe]]''': {{link opcional|قالب|ku}}

===Sinónimos===
* [[dil]]/{{link opcional|دل|ku}}, [[qelb]]/{{link opcional|کوردی|ku}}

[[Categoria:Substantivo (Curdo)]]
[[Categoria:Monossílabo (Curdo)]]
[[Categoria:Anatomia (Curdo)]]
[[Categoria:Entrada com imagem (Curdo)]]

={{-mt-}}=
==Substantivo==
'''qalb''' {{m}}
# {{escopo|Anatomia}} [[coração]].

==Ver também==
===Referências===
{{verTambém.Ini}}
* [http://www.aboutmalta.com/language/engmal.htm Basic English-Maltese Dictionary (em inglês)]
{{verTambém.Fim}}

[[Categoria:Substantivo (Maltês)]]
[[Categoria:Monossílabo (Maltês)]]
[[Categoria:Anatomia (Maltês)]]
[[Categoria:Entrada com imagem (Maltês)]]

[[el:qalb]]
[[en:qalb]]
[[es:qalb]]
[[et:qalb]]
[[eu:qalb]]
[[hu:qalb]]
[[ku:qalb]]
[[lt:qalb]]
[[mg:qalb]]
[[mt:qalb]]
[[nl:qalb]]
[[oc:qalb]]
[[pl:qalb]]
[[scn:qalb]]
[[tr:qalb]]
[[zh:qalb]]</text>
<sha1>bg2d6wj077rwplgq08pxt6gxkvnt65p</sha1>
</revision>
<revision>
<id>1708067</id>
<parentid>1614162</parentid>
<timestamp>2013-08-07T05:09:19Z</timestamp>
<contributor>
<username>HydrizBot</username>
<id>29590</id>
</contributor>
<minor />
<comment>r2.7.3) (Robô: A adicionar: [[ko:qalb]], [[ru:qalb]]</comment>
<model>wikitext</model>
<format>text/x-wiki</format>
<text bytes="1093" xml:space="preserve">[[Imagem:Heart frontally PDA.jpg|thumb|140px|'''Qalb''']]
={{-ku-}}=
==Substantivo==
'''qalb'''
# {{escopo|Anatomia}} [[coração]].

===Grafias alternativas===
* '''[[alfabeto árabe|Alfabeto árabe]]''': {{link opcional|قالب|ku}}

===Sinónimos===
* [[dil]]/{{link opcional|دل|ku}}, [[qelb]]/{{link opcional|کوردی|ku}}

[[Categoria:Substantivo (Curdo)]]
[[Categoria:Monossílabo (Curdo)]]
[[Categoria:Anatomia (Curdo)]]
[[Categoria:Entrada com imagem (Curdo)]]

={{-mt-}}=
==Substantivo==
'''qalb''' {{m}}
# {{escopo|Anatomia}} [[coração]].

==Ver também==
===Referências===
{{verTambém.Ini}}
* [http://www.aboutmalta.com/language/engmal.htm Basic English-Maltese Dictionary (em inglês)]
{{verTambém.Fim}}

[[Categoria:Substantivo (Maltês)]]
[[Categoria:Monossílabo (Maltês)]]
[[Categoria:Anatomia (Maltês)]]
[[Categoria:Entrada com imagem (Maltês)]]

[[el:qalb]]
[[en:qalb]]
[[es:qalb]]
[[et:qalb]]
[[eu:qalb]]
[[hu:qalb]]
[[ko:qalb]]
[[ku:qalb]]
[[lt:qalb]]
[[mg:qalb]]
[[mt:qalb]]
[[nl:qalb]]
[[oc:qalb]]
[[pl:qalb]]
[[ru:qalb]]
[[scn:qalb]]
[[tr:qalb]]
[[zh:qalb]]</text>
<sha1>0z6963p0kye26tarqjnw4rbcob0mpd3</sha1>
</revision>
<revision>
<id>1715150</id>
<parentid>1708067</parentid>
<timestamp>2013-08-19T10:05:31Z</timestamp>
<contributor>
<username>HydrizBot</username>
<id>29590</id>
</contributor>
<minor />
<comment>r2.7.3) (Robô: A adicionar: [[be:qalb]]</comment>
<model>wikitext</model>
<format>text/x-wiki</format>
<text bytes="1105" xml:space="preserve">[[Imagem:Heart frontally PDA.jpg|thumb|140px|'''Qalb''']]
={{-ku-}}=
==Substantivo==
'''qalb'''
# {{escopo|Anatomia}} [[coração]].

===Grafias alternativas===
* '''[[alfabeto árabe|Alfabeto árabe]]''': {{link opcional|قالب|ku}}

===Sinónimos===
* [[dil]]/{{link opcional|دل|ku}}, [[qelb]]/{{link opcional|کوردی|ku}}

[[Categoria:Substantivo (Curdo)]]
[[Categoria:Monossílabo (Curdo)]]
[[Categoria:Anatomia (Curdo)]]
[[Categoria:Entrada com imagem (Curdo)]]

={{-mt-}}=
==Substantivo==
'''qalb''' {{m}}
# {{escopo|Anatomia}} [[coração]].

==Ver também==
===Referências===
{{verTambém.Ini}}
* [http://www.aboutmalta.com/language/engmal.htm Basic English-Maltese Dictionary (em inglês)]
{{verTambém.Fim}}

[[Categoria:Substantivo (Maltês)]]
[[Categoria:Monossílabo (Maltês)]]
[[Categoria:Anatomia (Maltês)]]
[[Categoria:Entrada com imagem (Maltês)]]

[[be:qalb]]
[[el:qalb]]
[[en:qalb]]
[[es:qalb]]
[[et:qalb]]
[[eu:qalb]]
[[hu:qalb]]
[[ko:qalb]]
[[ku:qalb]]
[[lt:qalb]]
[[mg:qalb]]
[[mt:qalb]]
[[nl:qalb]]
[[oc:qalb]]
[[pl:qalb]]
[[ru:qalb]]
[[scn:qalb]]
[[tr:qalb]]
[[zh:qalb]]</text>
<sha1>9lf34s14m6tmjpt8qyndsrd9izpdjrq</sha1>
</revision>
<revision>
<id>1862309</id>
<parentid>1715150</parentid>
<timestamp>2014-09-24T21:53:22Z</timestamp>
<contributor>
<username>JAnDbot</username>
<id>25083</id>
</contributor>
<minor />
<comment>r2.7.3) (Robô: A adicionar: [[az:qalb]], [[chr:qalb]]</comment>
<model>wikitext</model>
<format>text/x-wiki</format>
<text bytes="1130" xml:space="preserve">[[Imagem:Heart frontally PDA.jpg|thumb|140px|'''Qalb''']]
={{-ku-}}=
==Substantivo==
'''qalb'''
# {{escopo|Anatomia}} [[coração]].

===Grafias alternativas===
* '''[[alfabeto árabe|Alfabeto árabe]]''': {{link opcional|قالب|ku}}

===Sinónimos===
* [[dil]]/{{link opcional|دل|ku}}, [[qelb]]/{{link opcional|کوردی|ku}}

[[Categoria:Substantivo (Curdo)]]
[[Categoria:Monossílabo (Curdo)]]
[[Categoria:Anatomia (Curdo)]]
[[Categoria:Entrada com imagem (Curdo)]]

={{-mt-}}=
==Substantivo==
'''qalb''' {{m}}
# {{escopo|Anatomia}} [[coração]].

==Ver também==
===Referências===
{{verTambém.Ini}}
* [http://www.aboutmalta.com/language/engmal.htm Basic English-Maltese Dictionary (em inglês)]
{{verTambém.Fim}}

[[Categoria:Substantivo (Maltês)]]
[[Categoria:Monossílabo (Maltês)]]
[[Categoria:Anatomia (Maltês)]]
[[Categoria:Entrada com imagem (Maltês)]]

[[az:qalb]]
[[be:qalb]]
[[chr:qalb]]
[[el:qalb]]
[[en:qalb]]
[[es:qalb]]
[[et:qalb]]
[[eu:qalb]]
[[hu:qalb]]
[[ko:qalb]]
[[ku:qalb]]
[[lt:qalb]]
[[mg:qalb]]
[[mt:qalb]]
[[nl:qalb]]
[[oc:qalb]]
[[pl:qalb]]
[[ru:qalb]]
[[scn:qalb]]
[[tr:qalb]]
[[zh:qalb]]</text>
<sha1>99286fzcw2a14r9exzxj64ck5jzkkz4</sha1>
</revision>
<revision>
<id>1944650</id>
<parentid>1862309</parentid>
<timestamp>2015-06-22T08:08:01Z</timestamp>
<contributor>
<username>HydrizBot</username>
<id>29590</id>
</contributor>
<minor />
<comment>Robô: A adicionar: [[uz:qalb]]</comment>
<model>wikitext</model>
<format>text/x-wiki</format>
<text bytes="1142" xml:space="preserve">[[Imagem:Heart frontally PDA.jpg|thumb|140px|'''Qalb''']]
={{-ku-}}=
==Substantivo==
'''qalb'''
# {{escopo|Anatomia}} [[coração]].

===Grafias alternativas===
* '''[[alfabeto árabe|Alfabeto árabe]]''': {{link opcional|قالب|ku}}

===Sinónimos===
* [[dil]]/{{link opcional|دل|ku}}, [[qelb]]/{{link opcional|کوردی|ku}}

[[Categoria:Substantivo (Curdo)]]
[[Categoria:Monossílabo (Curdo)]]
[[Categoria:Anatomia (Curdo)]]
[[Categoria:Entrada com imagem (Curdo)]]

={{-mt-}}=
==Substantivo==
'''qalb''' {{m}}
# {{escopo|Anatomia}} [[coração]].

==Ver também==
===Referências===
{{verTambém.Ini}}
* [http://www.aboutmalta.com/language/engmal.htm Basic English-Maltese Dictionary (em inglês)]
{{verTambém.Fim}}

[[Categoria:Substantivo (Maltês)]]
[[Categoria:Monossílabo (Maltês)]]
[[Categoria:Anatomia (Maltês)]]
[[Categoria:Entrada com imagem (Maltês)]]

[[az:qalb]]
[[be:qalb]]
[[chr:qalb]]
[[el:qalb]]
[[en:qalb]]
[[es:qalb]]
[[et:qalb]]
[[eu:qalb]]
[[hu:qalb]]
[[ko:qalb]]
[[ku:qalb]]
[[lt:qalb]]
[[mg:qalb]]
[[mt:qalb]]
[[nl:qalb]]
[[oc:qalb]]
[[pl:qalb]]
[[ru:qalb]]
[[scn:qalb]]
[[tr:qalb]]
[[uz:qalb]]
[[zh:qalb]]</text>
<sha1>e7jb10upt0qq4jna96d5bisqmw2kbyu</sha1>
</revision>
<revision>
<id>2396538</id>
<parentid>1944650</parentid>
<timestamp>2017-05-13T10:52:28Z</timestamp>
<contributor>
<username>HydrizBot</username>
<id>29590</id>
</contributor>
<minor />
<comment>Robô: A limpar links interwikis antigos</comment>
<model>wikitext</model>
<format>text/x-wiki</format>
<text bytes="875" xml:space="preserve">[[Imagem:Heart frontally PDA.jpg|thumb|140px|'''Qalb''']]
={{-ku-}}=
==Substantivo==
'''qalb'''
# {{escopo|Anatomia}} [[coração]].

===Grafias alternativas===
* '''[[alfabeto árabe|Alfabeto árabe]]''': {{link opcional|قالب|ku}}

===Sinónimos===
* [[dil]]/{{link opcional|دل|ku}}, [[qelb]]/{{link opcional|کوردی|ku}}

[[Categoria:Substantivo (Curdo)]]
[[Categoria:Monossílabo (Curdo)]]
[[Categoria:Anatomia (Curdo)]]
[[Categoria:Entrada com imagem (Curdo)]]

={{-mt-}}=
==Substantivo==
'''qalb''' {{m}}
# {{escopo|Anatomia}} [[coração]].

==Ver também==
===Referências===
{{verTambém.Ini}}
* [http://www.aboutmalta.com/language/engmal.htm Basic English-Maltese Dictionary (em inglês)]
{{verTambém.Fim}}

[[Categoria:Substantivo (Maltês)]]
[[Categoria:Monossílabo (Maltês)]]
[[Categoria:Anatomia (Maltês)]]
[[Categoria:Entrada com imagem (Maltês)]]</text>
<sha1>67vm0753kwcp8ukgf8vtau090t92bb7</sha1>
</revision>
<revision>
<id>2602267</id>
<parentid>2396538</parentid>
<timestamp>2020-11-17T22:37:22Z</timestamp>
<contributor>
<username>ValJor</username>
<id>1358</id>
</contributor>
<comment>Acrescentando código de língua à [[:Categoria:!Página com mensagem de erro em predefinição|predefinição escopo]]</comment>
<model>wikitext</model>
<format>text/x-wiki</format>
<text bytes="846" xml:space="preserve">{{Wikipédia|lang=mt}}
[[Imagem:Heart frontally PDA.jpg|thumb|right|250px|&lt;center&gt;Coração&lt;/center&gt;]]

={{-ku-}}=
==Substantivo==
'''qalb'''
# {{escopo|ku|Anatomia}} [[coração]]

==={{-varort-}}===
* '''Alfabeto árabe''': {{link opcional|قالب|ku}}

===Sinónimos===
* [[dil]]/{{link opcional|دل|ku}}, [[qelb]]/{{link opcional|کوردی|ku}}

[[Categoria:Substantivo (Curdo)]]
[[Categoria:Monossílabo (Curdo)]]
[[Categoria:Entrada com imagem (Curdo)]]


={{-mt-}}=
==Substantivo==
'''qalb''', {{gramática|m}}
# {{escopo|mt|Anatomia}} [[coração]]

==Ver também==
===Referências===
{{verTambém.Ini}}
* [http://www.aboutmalta.com/language/engmal.htm Basic English-Maltese Dictionary (em inglês)]
{{verTambém.Fim}}

[[Categoria:Substantivo (Maltês)]]
[[Categoria:Monossílabo (Maltês)]]
[[Categoria:Entrada com imagem (Maltês)]]</text>
<sha1>jkt3oblmltml5y3qhmcqklckltxhrpz</sha1>
</revision>
</page>
