<title>qalima</title>
<ns>0</ns>
<id>251555</id>
<revision>
<id>959004</id>
<timestamp>2010-09-23T00:18:12Z</timestamp>
<contributor>
<username>Eusbarbosa</username>
<id>117</id>
</contributor>
<comment>[[Ajuda:Menus e funções/Sumário de edição#Sumário de edição automático|→]] nova página: ={{mmn}}= ==Substantivo== '''qalima''' # [[mão]]  =={{vertb}}== * [[paqa]]  [[Categoria:Substanti...</comment>
<model>wikitext</model>
<format>text/x-wiki</format>
<text bytes="112" xml:space="preserve">={{mmn}}=
==Substantivo==
'''qalima'''
# [[mão]]

=={{vertb}}==
* [[paqa]]

[[Categoria:Substantivo (Mamanwa)]]</text>
<sha1>miv95yvj7aoioksyafvp61gks29les5</sha1>
</revision>
<revision>
<id>1277085</id>
<parentid>959004</parentid>
<timestamp>2011-11-12T18:18:31Z</timestamp>
<contributor>
<username>Luckas-bot</username>
<id>5986</id>
</contributor>
<minor />
<comment>r2.7.1) (Robô: A adicionar: [[fr:qalima]]</comment>
<model>wikitext</model>
<format>text/x-wiki</format>
<text bytes="127" xml:space="preserve">={{mmn}}=
==Substantivo==
'''qalima'''
# [[mão]]

=={{vertb}}==
* [[paqa]]

[[Categoria:Substantivo (Mamanwa)]]

[[fr:qalima]]</text>
<sha1>bxkyuctndsgvv5gfq0bp9lhw5qu6wgd</sha1>
</revision>
<revision>
<id>1390377</id>
<parentid>1277085</parentid>
<timestamp>2012-03-21T09:26:17Z</timestamp>
<contributor>
<username>ValJor</username>
<id>1358</id>
</contributor>
<comment>Trocando o cabeçalho de língua: mmn --&gt; -mmn-</comment>
<model>wikitext</model>
<format>text/x-wiki</format>
<text bytes="186" xml:space="preserve">={{-mmn-}}=
==Substantivo==
'''qalima'''
# [[mão]]

==Ver também==
===No Wikcionário===
* [[paqa]]

[[Categoria:Substantivo (Mamanwa)]]
[[Categoria:Anatomia (Mamanwa)]]

[[fr:qalima]]</text>
<sha1>0apvkav6h2kxkzfng24w8j33ec61xby</sha1>
</revision>
<revision>
<id>2396539</id>
<parentid>1390377</parentid>
<timestamp>2017-05-13T10:52:29Z</timestamp>
<contributor>
<username>HydrizBot</username>
<id>29590</id>
</contributor>
<minor />
<comment>Robô: A limpar links interwikis antigos</comment>
<model>wikitext</model>
<format>text/x-wiki</format>
<text bytes="171" xml:space="preserve">={{-mmn-}}=
==Substantivo==
'''qalima'''
# [[mão]]

==Ver também==
===No Wikcionário===
* [[paqa]]

[[Categoria:Substantivo (Mamanwa)]]
[[Categoria:Anatomia (Mamanwa)]]</text>
<sha1>3xwxyrq0wpww2g29z1zjzoj3ybqw1i0</sha1>
</revision>
</page>
