<title>qallium</title>
<ns>0</ns>
<id>410382</id>
<revision>
<id>2545110</id>
<timestamp>2019-05-25T18:37:37Z</timestamp>
<contributor>
<username>Amigo7</username>
<id>58547</id>
</contributor>
<comment>Criação do verbete a partir da [[Especial:Páginas_pedidas|lista de palavras pedidas]]</comment>
<model>wikitext</model>
<format>text/x-wiki</format>
<text bytes="252" xml:space="preserve">{{Wikipédia|lang=az}}

={{-az-}}=
==Substantivo==
{{elementos|Ga|sink|Zn|germanium|Ge}}
'''qallium'''
# {{escopo|az|Elemento químico}} [[gálio]]

==Ver também==
===No Wikcionário===
{{tabela periódica/az}}

[[Categoria:Substantivo (Azerbaijano)]]</text>
<sha1>0z2w5vc498xsu8v5htgqi10xnl4hn3b</sha1>
</revision>
</page>
