<title>qelbanik</title>
<ns>0</ns>
<id>76930</id>
<revision>
<id>298460</id>
<timestamp>2007-09-16T19:36:22Z</timestamp>
<contributor>
<username>Eusbarbosa</username>
<id>117</id>
</contributor>
<comment>[[Ajuda:Menus e funções/Sumário de edição#Sumário de edição automático|→]] nova página: = {{sq}} = == Adjetivo == '''vu.il'''   # [[sujo]]  [[Categoria:Adjectivo (Albanês)]]</comment>
<model>wikitext</model>
<format>text/x-wiki</format>
<text bytes="86" xml:space="preserve">= {{sq}} =
== Adjetivo ==
'''vu.il'''

# [[sujo]]

[[Categoria:Adjectivo (Albanês)]]</text>
<sha1>2k74gi33cjx6xse7eg3c1l088jf8kmj</sha1>
</revision>
<revision>
<id>434813</id>
<parentid>298460</parentid>
<timestamp>2009-03-13T12:24:48Z</timestamp>
<contributor>
<username>Interwicket</username>
<id>6868</id>
</contributor>
<minor />
<comment>iwiki +[[:fi:qelbanik]]</comment>
<model>wikitext</model>
<format>text/x-wiki</format>
<text bytes="103" xml:space="preserve">= {{sq}} =
== Adjetivo ==
'''vu.il'''

# [[sujo]]

[[Categoria:Adjectivo (Albanês)]]

[[fi:qelbanik]]</text>
<sha1>m3e3wax3s5b5reoc6jec7oo7mub6f0s</sha1>
</revision>
<revision>
<id>450258</id>
<parentid>434813</parentid>
<timestamp>2009-04-19T09:19:54Z</timestamp>
<contributor>
<username>Cadum-Bot</username>
<id>8150</id>
</contributor>
<minor />
<comment>Adjetivo...</comment>
<model>wikitext</model>
<format>text/x-wiki</format>
<text bytes="102" xml:space="preserve">= {{sq}} =
== Adjetivo ==
'''vu.il'''

# [[sujo]]

[[Categoria:Adjetivo (Albanês)]]

[[fi:qelbanik]]</text>
<sha1>gqrizpvt89vqxms4c8fr7vhilycfoef</sha1>
</revision>
<revision>
<id>1320683</id>
<parentid>450258</parentid>
<timestamp>2011-12-04T18:54:08Z</timestamp>
<contributor>
<username>MalafayaBot</username>
<id>628</id>
</contributor>
<minor />
<comment>Robô: Substituição de texto automática (-^\=(\s*?)(\{\{sq\}\}|Albanês)(\s*?)\= +={{-sq-}}=)</comment>
<model>wikitext</model>
<format>text/x-wiki</format>
<text bytes="102" xml:space="preserve">={{-sq-}}=
== Adjetivo ==
'''vu.il'''

# [[sujo]]

[[Categoria:Adjetivo (Albanês)]]

[[fi:qelbanik]]</text>
<sha1>i9zf0l9pxap0jl333tfnkgxlwqdrn1d</sha1>
</revision>
<revision>
<id>1989116</id>
<parentid>1320683</parentid>
<timestamp>2015-08-27T15:21:00Z</timestamp>
<contributor>
<username>MalafayaBot</username>
<id>628</id>
</contributor>
<minor />
<comment>Robô: A adicionar: [[uz:qelbanik]]</comment>
<model>wikitext</model>
<format>text/x-wiki</format>
<text bytes="118" xml:space="preserve">={{-sq-}}=
== Adjetivo ==
'''vu.il'''

# [[sujo]]

[[Categoria:Adjetivo (Albanês)]]

[[fi:qelbanik]]
[[uz:qelbanik]]</text>
<sha1>gkhw6z2meflsd3hp8owxiv851n05s2x</sha1>
</revision>
<revision>
<id>1989131</id>
<parentid>1989116</parentid>
<timestamp>2015-08-27T15:26:17Z</timestamp>
<contributor>
<username>Malafaya</username>
<id>313</id>
</contributor>
<model>wikitext</model>
<format>text/x-wiki</format>
<text bytes="120" xml:space="preserve">={{-sq-}}=
== Adjetivo ==
'''qelbanik'''
# [[sujo]]

[[Categoria:Adjetivo (Albanês)]]

[[fi:qelbanik]]
[[uz:qelbanik]]</text>
<sha1>io30rfroki51x16s1oce4ujlf52v5ki</sha1>
</revision>
<revision>
<id>2134223</id>
<parentid>1989131</parentid>
<timestamp>2016-06-09T21:57:15Z</timestamp>
<contributor>
<username>UT-interwiki-Bot</username>
<id>56129</id>
</contributor>
<minor />
<comment>Robô: A adicionar: [[mg:qelbanik]], [[sq:qelbanik]]</comment>
<model>wikitext</model>
<format>text/x-wiki</format>
<text bytes="152" xml:space="preserve">={{-sq-}}=
== Adjetivo ==
'''qelbanik'''
# [[sujo]]

[[Categoria:Adjetivo (Albanês)]]

[[fi:qelbanik]]
[[mg:qelbanik]]
[[sq:qelbanik]]
[[uz:qelbanik]]</text>
<sha1>7ah1xph13qqzrhfefijl0qwkvhniopb</sha1>
</revision>
<revision>
<id>2396557</id>
<parentid>2134223</parentid>
<timestamp>2017-05-13T10:53:19Z</timestamp>
<contributor>
<username>HydrizBot</username>
<id>29590</id>
</contributor>
<minor />
<comment>Robô: A limpar links interwikis antigos</comment>
<model>wikitext</model>
<format>text/x-wiki</format>
<text bytes="87" xml:space="preserve">={{-sq-}}=
== Adjetivo ==
'''qelbanik'''
# [[sujo]]

[[Categoria:Adjetivo (Albanês)]]</text>
<sha1>4q4kk8u5yaesa3s8pg56axlaivyuqhr</sha1>
</revision>
</page>
