<title>qelye</title>
<ns>0</ns>
<id>406191</id>
<revision>
<id>2534884</id>
<timestamp>2019-02-03T17:29:56Z</timestamp>
<contributor>
<username>Amigo7</username>
<id>58547</id>
</contributor>
<comment>Criação do verbete a partir da [[Especial:Páginas_pedidas|lista de palavras pedidas]]</comment>
<model>wikitext</model>
<format>text/x-wiki</format>
<text bytes="247" xml:space="preserve">{{Wikipédia|lang=ku}}

={{-ku-}}=
==Substantivo==
{{elementos|K|argon|Ar|kalsiyûm|Ca}}
'''qelye'''
# {{escopo|ku|Elemento químico}} [[potássio]]

==Ver também==
===No Wikcionário===
{{tabela periódica/ku}}

[[Categoria:Substantivo (Curdo)]]</text>
<sha1>mbc92oaiug0pcwn63tq1s3tj5luvv5m</sha1>
</revision>
<revision>
<id>2534900</id>
<parentid>2534884</parentid>
<timestamp>2019-02-03T17:52:28Z</timestamp>
<contributor>
<username>Amigo7</username>
<id>58547</id>
</contributor>
<comment>/* {{-ku-}} */ +sinônimos</comment>
<model>wikitext</model>
<format>text/x-wiki</format>
<text bytes="298" xml:space="preserve">{{Wikipédia|lang=ku}}

={{-ku-}}=
==Substantivo==
{{elementos|K|argon|Ar|kalsiyûm|Ca}}
'''qelye'''
# {{escopo|ku|Elemento químico}} [[potássio]]

===Sinônimos===
* {{link opcional|potasyûm|ku}}

==Ver também==
===No Wikcionário===
{{tabela periódica/ku}}

[[Categoria:Substantivo (Curdo)]]</text>
<sha1>h70addd2wuxqdqtkncrrh9rvy7hzccl</sha1>
</revision>
</page>
