<title>qharqayuy</title>
<ns>0</ns>
<id>231025</id>
<revision>
<id>872180</id>
<timestamp>2010-05-09T14:59:15Z</timestamp>
<contributor>
<username>MalafayaBot</username>
<id>628</id>
</contributor>
<comment>Criada automaticamente a partir das traduções em [[asma]]</comment>
<model>wikitext</model>
<format>text/x-wiki</format>
<text bytes="137" xml:space="preserve">={{-qu-}}=
==Substantivo==
'''qharqayuy'''
# [[asma]].

{{página-automática|Maio|2010|asma|qu}}

[[Categoria:Substantivo (Quéchua)]]</text>
<sha1>ff9b2naougrtknf7182wxnun1fzooqe</sha1>
</revision>
<revision>
<id>879258</id>
<parentid>872180</parentid>
<timestamp>2010-05-14T05:43:12Z</timestamp>
<contributor>
<username>Interwicket</username>
<id>6868</id>
</contributor>
<minor />
<comment>iwiki +[[:it:qharqayuy]], [[:lo:qharqayuy]]</comment>
<model>wikitext</model>
<format>text/x-wiki</format>
<text bytes="172" xml:space="preserve">={{-qu-}}=
==Substantivo==
'''qharqayuy'''
# [[asma]].

{{página-automática|Maio|2010|asma|qu}}

[[Categoria:Substantivo (Quéchua)]]

[[it:qharqayuy]]
[[lo:qharqayuy]]</text>
<sha1>9ql39r121p765qp3zq56nqdczqc86ax</sha1>
</revision>
<revision>
<id>1725698</id>
<parentid>879258</parentid>
<timestamp>2013-09-14T10:57:11Z</timestamp>
<contributor>
<username>MalafayaBot</username>
<id>628</id>
</contributor>
<minor />
<comment>Robô: Substituição de texto automática (-\]\](.*?)\.\r\n\s? +]]\1\n &amp; -\r\n\s\r\n +\n\n)</comment>
<model>wikitext</model>
<format>text/x-wiki</format>
<text bytes="169" xml:space="preserve">={{-qu-}}=
==Substantivo==
'''qharqayuy'''
# [[asma]]

{{página-automática|Maio|2010|asma|qu}}

[[Categoria:Substantivo (Quéchua)]]

[[it:qharqayuy]]
[[lo:qharqayuy]]</text>
<sha1>opwtfsl1ib7zdf0r85dufekghhunphx</sha1>
</revision>
<revision>
<id>2396567</id>
<parentid>1725698</parentid>
<timestamp>2017-05-13T10:53:42Z</timestamp>
<contributor>
<username>HydrizBot</username>
<id>29590</id>
</contributor>
<minor />
<comment>Robô: A limpar links interwikis antigos</comment>
<model>wikitext</model>
<format>text/x-wiki</format>
<text bytes="134" xml:space="preserve">={{-qu-}}=
==Substantivo==
'''qharqayuy'''
# [[asma]]

{{página-automática|Maio|2010|asma|qu}}

[[Categoria:Substantivo (Quéchua)]]</text>
<sha1>mv66ztgnis6cdj28udtbmjssohd28hg</sha1>
</revision>
<revision>
<id>2494164</id>
<parentid>2396567</parentid>
<timestamp>2018-04-05T19:38:24Z</timestamp>
<contributor>
<username>ValJor</username>
<id>1358</id>
</contributor>
<comment>Confirmando [[:Categoria:!Entrada criada por robô|verbete criado por robô]]</comment>
<model>wikitext</model>
<format>text/x-wiki</format>
<text bytes="150" xml:space="preserve">{{Wikipédia|lang=qu}}

={{-qu-}}=
==Substantivo==
'''qharqayuy'''
# [[asma]]

[[Categoria:Substantivo (Quéchua)]]
[[Categoria:Patologia (Quéchua)]]</text>
<sha1>4j3gs1t0qxrphg90f30kd7r6clrkor7</sha1>
</revision>
</page>
