<title>qingmiq</title>
<ns>0</ns>
<id>262891</id>
<revision>
<id>1043685</id>
<timestamp>2011-03-12T20:25:14Z</timestamp>
<contributor>
<username>Jesielt</username>
<id>6680</id>
</contributor>
<comment>Novo.</comment>
<model>wikitext</model>
<format>text/x-wiki</format>
<text bytes="136" xml:space="preserve">={{iu}}=
==Substantivo==
'''qingmiq'''
#[[transliteração]] de '''[[ᕿᖕᒥᖅ]]''' (''cão'')

[[Categoria:Substantivo (Inuktitut)]]</text>
<sha1>1ftyaed1le050vrobdzooryiro4ksz2</sha1>
</revision>
<revision>
<id>1379299</id>
<parentid>1043685</parentid>
<timestamp>2012-02-20T16:52:42Z</timestamp>
<contributor>
<username>MalafayaBot</username>
<id>628</id>
</contributor>
<minor />
<comment>Robô: Substituição de texto automática  (-^\=(\s*?)(\{\{iu\}\}|Inuktitut)(\s*?)\= +={{-iu-}}=)</comment>
<model>wikitext</model>
<format>text/x-wiki</format>
<text bytes="138" xml:space="preserve">={{-iu-}}=
==Substantivo==
'''qingmiq'''
#[[transliteração]] de '''[[ᕿᖕᒥᖅ]]''' (''cão'')

[[Categoria:Substantivo (Inuktitut)]]</text>
<sha1>65rhtazt7p4bj16ixvisb2u2m84bsbq</sha1>
</revision>
</page>
