<title>qoraz</title>
<ns>0</ns>
<id>93415</id>
<revision>
<id>367215</id>
<timestamp>2008-07-13T09:13:40Z</timestamp>
<contributor>
<username>Mzekiu</username>
<id>4085</id>
</contributor>
<comment>[[Ajuda:Menus e funções/Sumário de edição#Sumário de edição automático|→]] nova página: ={{-crh-}}= [[Image:Bantam_Rooster.jpg|thumb|200px|&lt;center&gt;qoraz&lt;sup&gt;&lt;/sup&gt;&lt;/center&gt;]] =={{subst}}...</comment>
<model>wikitext</model>
<format>text/x-wiki</format>
<text bytes="266" xml:space="preserve">={{-crh-}}=
[[Image:Bantam_Rooster.jpg|thumb|200px|&lt;center&gt;qoraz&lt;sup&gt;&lt;/sup&gt;&lt;/center&gt;]]
=={{subst}}==
'''qoraz'''
:# [[galo]].

===Declinação===
{{decl.crh.subst|qoraz|qoraznıñ|qorazğa|qoraznı|qorazda|qorazdan}}

[[Categoria:Substantivo (Tártaro da Criméia)]]</text>
<sha1>rtgt9tlzfxumecskdsedqrsz7kyw3wa</sha1>
</revision>
<revision>
<id>367369</id>
<parentid>367215</parentid>
<timestamp>2008-07-14T12:09:13Z</timestamp>
<contributor>
<username>VolkovBot</username>
<id>2944</id>
</contributor>
<minor />
<comment>Bot:  Adicionando: de, en, es, fi, fr, it, pl, ro</comment>
<model>wikitext</model>
<format>text/x-wiki</format>
<text bytes="371" xml:space="preserve">={{-crh-}}=
[[Image:Bantam_Rooster.jpg|thumb|200px|&lt;center&gt;qoraz&lt;sup&gt;&lt;/sup&gt;&lt;/center&gt;]]
=={{subst}}==
'''qoraz'''
:# [[galo]].

===Declinação===
{{decl.crh.subst|qoraz|qoraznıñ|qorazğa|qoraznı|qorazda|qorazdan}}

[[Categoria:Substantivo (Tártaro da Criméia)]]

[[de:qoraz]]
[[en:qoraz]]
[[es:qoraz]]
[[fi:qoraz]]
[[fr:qoraz]]
[[it:qoraz]]
[[pl:qoraz]]
[[ro:qoraz]]</text>
<sha1>ok6nowhyflk0wdq10zdj5oowazvy5i2</sha1>
</revision>
<revision>
<id>373145</id>
<parentid>367369</parentid>
<timestamp>2008-08-06T20:56:16Z</timestamp>
<contributor>
<ip>189.72.18.193</ip>
</contributor>
<model>wikitext</model>
<format>text/x-wiki</format>
<text bytes="743" xml:space="preserve">[[Imagem:Bantam_Rooster.jpg|thumb|80px|'''Qoraz''']]
={{-crh-}}=
=={{subst}}==
'''qo.raz'''
# {{escopo|Dialeto do norte}} [[galo]], [[macho]] [[da]] [[galinha]] (''[[wikispecies:Gallus gallus|Gallus gallus]]'').

===Declinação===
{{decl.crh.subst|qor|a|z}}

=={{vertb}}==
===No Wikcionário===
{{vertbini}}
* {{link opcional|ataman|crh}}
* {{link opcional|papiy|crh}}
{{vertbmeio}}
* {{link opcional|quş|crh}}
* {{link opcional|tavuq|crh}}
{{vertbfim}}

[[Categoria:Substantivo (Tártaro da Criméia)]]
[[Categoria:Dissílabo (Tártaro da Criméia)]]
[[Categoria:Ave (Tártaro da Criméia)]]
[[Categoria:Figura (Tártaro da Criméia)]]

[[de:qoraz]]
[[en:qoraz]]
[[es:qoraz]]
[[fi:qoraz]]
[[fr:qoraz]]
[[it:qoraz]]
[[pl:qoraz]]
[[ro:qoraz]]</text>
<sha1>7bbbr6iuvgm3yvjau80jigsg3cbwv6x</sha1>
</revision>
<revision>
<id>406623</id>
<parentid>373145</parentid>
<timestamp>2009-01-13T18:36:26Z</timestamp>
<contributor>
<ip>189.73.129.164</ip>
</contributor>
<comment>corrigindo categorias</comment>
<model>wikitext</model>
<format>text/x-wiki</format>
<text bytes="740" xml:space="preserve">[[Imagem:Bantam_Rooster.jpg|thumb|115px|'''Qoraz''']]
={{-crh-}}=
=={{subst}}==
'''qo.raz'''
# {{escopo|Dialeto do norte}} [[galo]], [[macho]] [[da]] [[galinha]] (''[[wikispecies:Gallus gallus|Gallus gallus]]'').

===Declinação===
{{decl.crh.subst|qor|a|z}}

=={{vertb}}==
===No Wikcionário===
{{vertbini}}
* {{link opcional|ataman|crh}}
* {{link opcional|papiy|crh}}
{{vertbmeio}}
* {{link opcional|quş|crh}}
* {{link opcional|tavuq|crh}}
{{vertbfim}}

[[Categoria:Substantivo (Tártaro da Crimeia)]]
[[Categoria:Dissílabo (Tártaro da Crimeia)]]
[[Categoria:Ave (Tártaro da Crimeia)]]
[[Categoria:Figura (Tártaro da Crimeia)]]

[[de:qoraz]]
[[en:qoraz]]
[[es:qoraz]]
[[fi:qoraz]]
[[fr:qoraz]]
[[it:qoraz]]
[[pl:qoraz]]
[[ro:qoraz]]</text>
<sha1>o0ioluhr0kfbve204l1m67add96psid</sha1>
</revision>
<revision>
<id>406979</id>
<parentid>406623</parentid>
<timestamp>2009-01-14T14:16:41Z</timestamp>
<contributor>
<username>KlaudiuBot</username>
<id>4691</id>
</contributor>
<minor />
<comment>Bot:  Adicionando: tr</comment>
<model>wikitext</model>
<format>text/x-wiki</format>
<text bytes="753" xml:space="preserve">[[Imagem:Bantam_Rooster.jpg|thumb|115px|'''Qoraz''']]
={{-crh-}}=
=={{subst}}==
'''qo.raz'''
# {{escopo|Dialeto do norte}} [[galo]], [[macho]] [[da]] [[galinha]] (''[[wikispecies:Gallus gallus|Gallus gallus]]'').

===Declinação===
{{decl.crh.subst|qor|a|z}}

=={{vertb}}==
===No Wikcionário===
{{vertbini}}
* {{link opcional|ataman|crh}}
* {{link opcional|papiy|crh}}
{{vertbmeio}}
* {{link opcional|quş|crh}}
* {{link opcional|tavuq|crh}}
{{vertbfim}}

[[Categoria:Substantivo (Tártaro da Crimeia)]]
[[Categoria:Dissílabo (Tártaro da Crimeia)]]
[[Categoria:Ave (Tártaro da Crimeia)]]
[[Categoria:Figura (Tártaro da Crimeia)]]

[[de:qoraz]]
[[en:qoraz]]
[[es:qoraz]]
[[fi:qoraz]]
[[fr:qoraz]]
[[it:qoraz]]
[[pl:qoraz]]
[[ro:qoraz]]
[[tr:qoraz]]</text>
<sha1>cw1oirulxr39kfjkf4aejezfha4jnvk</sha1>
</revision>
<revision>
<id>447879</id>
<parentid>406979</parentid>
<timestamp>2009-04-14T02:44:15Z</timestamp>
<contributor>
<username>Interwicket</username>
<id>6868</id>
</contributor>
<minor />
<comment>iwiki +[[:fy:qoraz]]</comment>
<model>wikitext</model>
<format>text/x-wiki</format>
<text bytes="766" xml:space="preserve">[[Imagem:Bantam_Rooster.jpg|thumb|115px|'''Qoraz''']]
={{-crh-}}=
=={{subst}}==
'''qo.raz'''
# {{escopo|Dialeto do norte}} [[galo]], [[macho]] [[da]] [[galinha]] (''[[wikispecies:Gallus gallus|Gallus gallus]]'').

===Declinação===
{{decl.crh.subst|qor|a|z}}

=={{vertb}}==
===No Wikcionário===
{{vertbini}}
* {{link opcional|ataman|crh}}
* {{link opcional|papiy|crh}}
{{vertbmeio}}
* {{link opcional|quş|crh}}
* {{link opcional|tavuq|crh}}
{{vertbfim}}

[[Categoria:Substantivo (Tártaro da Crimeia)]]
[[Categoria:Dissílabo (Tártaro da Crimeia)]]
[[Categoria:Ave (Tártaro da Crimeia)]]
[[Categoria:Figura (Tártaro da Crimeia)]]

[[de:qoraz]]
[[en:qoraz]]
[[es:qoraz]]
[[fi:qoraz]]
[[fr:qoraz]]
[[fy:qoraz]]
[[it:qoraz]]
[[pl:qoraz]]
[[ro:qoraz]]
[[tr:qoraz]]</text>
<sha1>1mriip0lx9n55np1m4z69vg50zauznu</sha1>
</revision>
<revision>
<id>727195</id>
<parentid>447879</parentid>
<timestamp>2010-01-28T22:40:59Z</timestamp>
<contributor>
<username>Jesielt-bot</username>
<id>10876</id>
</contributor>
<comment>/* {{subst}} */replaced: {{subst}} → Substantivo utilizando [[Project:AWB|AWB]]</comment>
<model>wikitext</model>
<format>text/x-wiki</format>
<text bytes="768" xml:space="preserve">[[Imagem:Bantam_Rooster.jpg|thumb|115px|'''Qoraz''']]
={{-crh-}}=
==Substantivo==
'''qo.raz'''
# {{escopo|Dialeto do norte}} [[galo]], [[macho]] [[da]] [[galinha]] (''[[wikispecies:Gallus gallus|Gallus gallus]]'').

===Declinação===
{{decl.crh.subst|qor|a|z}}

=={{vertb}}==
===No Wikcionário===
{{vertbini}}
* {{link opcional|ataman|crh}}
* {{link opcional|papiy|crh}}
{{vertbmeio}}
* {{link opcional|quş|crh}}
* {{link opcional|tavuq|crh}}
{{vertbfim}}

[[Categoria:Substantivo (Tártaro da Crimeia)]]
[[Categoria:Dissílabo (Tártaro da Crimeia)]]
[[Categoria:Ave (Tártaro da Crimeia)]]
[[Categoria:Figura (Tártaro da Crimeia)]]

[[de:qoraz]]
[[en:qoraz]]
[[es:qoraz]]
[[fi:qoraz]]
[[fr:qoraz]]
[[fy:qoraz]]
[[it:qoraz]]
[[pl:qoraz]]
[[ro:qoraz]]
[[tr:qoraz]]</text>
<sha1>74saajye5mvtz5jdna1ujymm1pn8wtf</sha1>
</revision>
<revision>
<id>1489302</id>
<parentid>727195</parentid>
<timestamp>2012-10-21T15:27:05Z</timestamp>
<contributor>
<username>VJBot</username>
<id>33673</id>
</contributor>
<minor />
<comment>Robô: Substituição de texto automática  (-{{vertbmeio}} +{{verTambém.NovaColuna}})</comment>
<model>wikitext</model>
<format>text/x-wiki</format>
<text bytes="780" xml:space="preserve">[[Imagem:Bantam_Rooster.jpg|thumb|115px|'''Qoraz''']]
={{-crh-}}=
==Substantivo==
'''qo.raz'''
# {{escopo|Dialeto do norte}} [[galo]], [[macho]] [[da]] [[galinha]] (''[[wikispecies:Gallus gallus|Gallus gallus]]'').

===Declinação===
{{decl.crh.subst|qor|a|z}}

=={{vertb}}==
===No Wikcionário===
{{vertbini}}
* {{link opcional|ataman|crh}}
* {{link opcional|papiy|crh}}
{{verTambém.NovaColuna}}
* {{link opcional|quş|crh}}
* {{link opcional|tavuq|crh}}
{{vertbfim}}

[[Categoria:Substantivo (Tártaro da Crimeia)]]
[[Categoria:Dissílabo (Tártaro da Crimeia)]]
[[Categoria:Ave (Tártaro da Crimeia)]]
[[Categoria:Figura (Tártaro da Crimeia)]]

[[de:qoraz]]
[[en:qoraz]]
[[es:qoraz]]
[[fi:qoraz]]
[[fr:qoraz]]
[[fy:qoraz]]
[[it:qoraz]]
[[pl:qoraz]]
[[ro:qoraz]]
[[tr:qoraz]]</text>
<sha1>oodq8qh6gzhew9pmvqnf3fpfibu4tad</sha1>
</revision>
<revision>
<id>1500636</id>
<parentid>1489302</parentid>
<timestamp>2012-10-25T10:55:14Z</timestamp>
<contributor>
<username>VJBot</username>
<id>33673</id>
</contributor>
<minor />
<comment>Robô: Substituição de texto automática  (-{{vertbini}} +{{verTambém.Ini}})</comment>
<model>wikitext</model>
<format>text/x-wiki</format>
<text bytes="786" xml:space="preserve">[[Imagem:Bantam_Rooster.jpg|thumb|115px|'''Qoraz''']]
={{-crh-}}=
==Substantivo==
'''qo.raz'''
# {{escopo|Dialeto do norte}} [[galo]], [[macho]] [[da]] [[galinha]] (''[[wikispecies:Gallus gallus|Gallus gallus]]'').

===Declinação===
{{decl.crh.subst|qor|a|z}}

=={{vertb}}==
===No Wikcionário===
{{verTambém.Ini}}
* {{link opcional|ataman|crh}}
* {{link opcional|papiy|crh}}
{{verTambém.NovaColuna}}
* {{link opcional|quş|crh}}
* {{link opcional|tavuq|crh}}
{{vertbfim}}

[[Categoria:Substantivo (Tártaro da Crimeia)]]
[[Categoria:Dissílabo (Tártaro da Crimeia)]]
[[Categoria:Ave (Tártaro da Crimeia)]]
[[Categoria:Figura (Tártaro da Crimeia)]]

[[de:qoraz]]
[[en:qoraz]]
[[es:qoraz]]
[[fi:qoraz]]
[[fr:qoraz]]
[[fy:qoraz]]
[[it:qoraz]]
[[pl:qoraz]]
[[ro:qoraz]]
[[tr:qoraz]]</text>
<sha1>cyvwo8avtff64uuzqxypakgwlyv5boy</sha1>
</revision>
<revision>
<id>1510953</id>
<parentid>1500636</parentid>
<timestamp>2012-10-29T11:25:40Z</timestamp>
<contributor>
<username>VJBot</username>
<id>33673</id>
</contributor>
<minor />
<comment>Robô: Substituição de texto automática  (-{{vertbfim}} +{{verTambém.Fim}})</comment>
<model>wikitext</model>
<format>text/x-wiki</format>
<text bytes="792" xml:space="preserve">[[Imagem:Bantam_Rooster.jpg|thumb|115px|'''Qoraz''']]
={{-crh-}}=
==Substantivo==
'''qo.raz'''
# {{escopo|Dialeto do norte}} [[galo]], [[macho]] [[da]] [[galinha]] (''[[wikispecies:Gallus gallus|Gallus gallus]]'').

===Declinação===
{{decl.crh.subst|qor|a|z}}

=={{vertb}}==
===No Wikcionário===
{{verTambém.Ini}}
* {{link opcional|ataman|crh}}
* {{link opcional|papiy|crh}}
{{verTambém.NovaColuna}}
* {{link opcional|quş|crh}}
* {{link opcional|tavuq|crh}}
{{verTambém.Fim}}

[[Categoria:Substantivo (Tártaro da Crimeia)]]
[[Categoria:Dissílabo (Tártaro da Crimeia)]]
[[Categoria:Ave (Tártaro da Crimeia)]]
[[Categoria:Figura (Tártaro da Crimeia)]]

[[de:qoraz]]
[[en:qoraz]]
[[es:qoraz]]
[[fi:qoraz]]
[[fr:qoraz]]
[[fy:qoraz]]
[[it:qoraz]]
[[pl:qoraz]]
[[ro:qoraz]]
[[tr:qoraz]]</text>
<sha1>okaaay3uxvpnkbrlnh0uhfwu2yocfbs</sha1>
</revision>
<revision>
<id>1537308</id>
<parentid>1510953</parentid>
<timestamp>2012-12-02T04:54:08Z</timestamp>
<contributor>
<username>VJBot</username>
<id>33673</id>
</contributor>
<minor />
<comment>Robô: Substituição de texto automática  (-{{vertb}} +Ver também)</comment>
<model>wikitext</model>
<format>text/x-wiki</format>
<text bytes="794" xml:space="preserve">[[Imagem:Bantam_Rooster.jpg|thumb|115px|'''Qoraz''']]
={{-crh-}}=
==Substantivo==
'''qo.raz'''
# {{escopo|Dialeto do norte}} [[galo]], [[macho]] [[da]] [[galinha]] (''[[wikispecies:Gallus gallus|Gallus gallus]]'').

===Declinação===
{{decl.crh.subst|qor|a|z}}

==Ver também==
===No Wikcionário===
{{verTambém.Ini}}
* {{link opcional|ataman|crh}}
* {{link opcional|papiy|crh}}
{{verTambém.NovaColuna}}
* {{link opcional|quş|crh}}
* {{link opcional|tavuq|crh}}
{{verTambém.Fim}}

[[Categoria:Substantivo (Tártaro da Crimeia)]]
[[Categoria:Dissílabo (Tártaro da Crimeia)]]
[[Categoria:Ave (Tártaro da Crimeia)]]
[[Categoria:Figura (Tártaro da Crimeia)]]

[[de:qoraz]]
[[en:qoraz]]
[[es:qoraz]]
[[fi:qoraz]]
[[fr:qoraz]]
[[fy:qoraz]]
[[it:qoraz]]
[[pl:qoraz]]
[[ro:qoraz]]
[[tr:qoraz]]</text>
<sha1>o000imsxjzd6ms0zmwfzkdcyscs2kz2</sha1>
</revision>
<revision>
<id>1569573</id>
<parentid>1537308</parentid>
<timestamp>2012-12-29T23:15:49Z</timestamp>
<contributor>
<username>HydrizBot</username>
<id>29590</id>
</contributor>
<minor />
<comment>r2.7.3) (Robô: A adicionar: [[mg:qoraz]]</comment>
<model>wikitext</model>
<format>text/x-wiki</format>
<text bytes="807" xml:space="preserve">[[Imagem:Bantam_Rooster.jpg|thumb|115px|'''Qoraz''']]
={{-crh-}}=
==Substantivo==
'''qo.raz'''
# {{escopo|Dialeto do norte}} [[galo]], [[macho]] [[da]] [[galinha]] (''[[wikispecies:Gallus gallus|Gallus gallus]]'').

===Declinação===
{{decl.crh.subst|qor|a|z}}

==Ver também==
===No Wikcionário===
{{verTambém.Ini}}
* {{link opcional|ataman|crh}}
* {{link opcional|papiy|crh}}
{{verTambém.NovaColuna}}
* {{link opcional|quş|crh}}
* {{link opcional|tavuq|crh}}
{{verTambém.Fim}}

[[Categoria:Substantivo (Tártaro da Crimeia)]]
[[Categoria:Dissílabo (Tártaro da Crimeia)]]
[[Categoria:Ave (Tártaro da Crimeia)]]
[[Categoria:Figura (Tártaro da Crimeia)]]

[[de:qoraz]]
[[en:qoraz]]
[[es:qoraz]]
[[fi:qoraz]]
[[fr:qoraz]]
[[fy:qoraz]]
[[it:qoraz]]
[[mg:qoraz]]
[[pl:qoraz]]
[[ro:qoraz]]
[[tr:qoraz]]</text>
<sha1>gkrhlau2810jdzpwmkvrfsy0wbim97f</sha1>
</revision>
<revision>
<id>1618668</id>
<parentid>1569573</parentid>
<timestamp>2013-01-21T23:09:07Z</timestamp>
<contributor>
<username>MalafayaBot</username>
<id>628</id>
</contributor>
<minor />
<comment>Robô: A modificar Categoria:Figura (Tártaro da Crimeia) para Categoria:Entrada com imagem (Tártaro da Crimeia)</comment>
<model>wikitext</model>
<format>text/x-wiki</format>
<text bytes="819" xml:space="preserve">[[Imagem:Bantam_Rooster.jpg|thumb|115px|'''Qoraz''']]
={{-crh-}}=
==Substantivo==
'''qo.raz'''
# {{escopo|Dialeto do norte}} [[galo]], [[macho]] [[da]] [[galinha]] (''[[wikispecies:Gallus gallus|Gallus gallus]]'').

===Declinação===
{{decl.crh.subst|qor|a|z}}

==Ver também==
===No Wikcionário===
{{verTambém.Ini}}
* {{link opcional|ataman|crh}}
* {{link opcional|papiy|crh}}
{{verTambém.NovaColuna}}
* {{link opcional|quş|crh}}
* {{link opcional|tavuq|crh}}
{{verTambém.Fim}}

[[Categoria:Substantivo (Tártaro da Crimeia)]]
[[Categoria:Dissílabo (Tártaro da Crimeia)]]
[[Categoria:Ave (Tártaro da Crimeia)]]
[[Categoria:Entrada com imagem (Tártaro da Crimeia)]]

[[de:qoraz]]
[[en:qoraz]]
[[es:qoraz]]
[[fi:qoraz]]
[[fr:qoraz]]
[[fy:qoraz]]
[[it:qoraz]]
[[mg:qoraz]]
[[pl:qoraz]]
[[ro:qoraz]]
[[tr:qoraz]]</text>
<sha1>tggy0cp3mzsu9ctcnap6l49ag65ut2t</sha1>
</revision>
<revision>
<id>1953736</id>
<parentid>1618668</parentid>
<timestamp>2015-07-01T20:49:56Z</timestamp>
<contributor>
<username>HydrizBot</username>
<id>29590</id>
</contributor>
<minor />
<comment>Robô: A adicionar: [[kk:qoraz]]</comment>
<model>wikitext</model>
<format>text/x-wiki</format>
<text bytes="832" xml:space="preserve">[[Imagem:Bantam_Rooster.jpg|thumb|115px|'''Qoraz''']]
={{-crh-}}=
==Substantivo==
'''qo.raz'''
# {{escopo|Dialeto do norte}} [[galo]], [[macho]] [[da]] [[galinha]] (''[[wikispecies:Gallus gallus|Gallus gallus]]'').

===Declinação===
{{decl.crh.subst|qor|a|z}}

==Ver também==
===No Wikcionário===
{{verTambém.Ini}}
* {{link opcional|ataman|crh}}
* {{link opcional|papiy|crh}}
{{verTambém.NovaColuna}}
* {{link opcional|quş|crh}}
* {{link opcional|tavuq|crh}}
{{verTambém.Fim}}

[[Categoria:Substantivo (Tártaro da Crimeia)]]
[[Categoria:Dissílabo (Tártaro da Crimeia)]]
[[Categoria:Ave (Tártaro da Crimeia)]]
[[Categoria:Entrada com imagem (Tártaro da Crimeia)]]

[[de:qoraz]]
[[en:qoraz]]
[[es:qoraz]]
[[fi:qoraz]]
[[fr:qoraz]]
[[fy:qoraz]]
[[it:qoraz]]
[[kk:qoraz]]
[[mg:qoraz]]
[[pl:qoraz]]
[[ro:qoraz]]
[[tr:qoraz]]</text>
<sha1>k2vbz7w2c23egxxxhmpdgcv920tyb3i</sha1>
</revision>
<revision>
<id>2396576</id>
<parentid>1953736</parentid>
<timestamp>2017-05-13T10:54:06Z</timestamp>
<contributor>
<username>HydrizBot</username>
<id>29590</id>
</contributor>
<minor />
<comment>Robô: A limpar links interwikis antigos</comment>
<model>wikitext</model>
<format>text/x-wiki</format>
<text bytes="675" xml:space="preserve">[[Imagem:Bantam_Rooster.jpg|thumb|115px|'''Qoraz''']]
={{-crh-}}=
==Substantivo==
'''qo.raz'''
# {{escopo|Dialeto do norte}} [[galo]], [[macho]] [[da]] [[galinha]] (''[[wikispecies:Gallus gallus|Gallus gallus]]'').

===Declinação===
{{decl.crh.subst|qor|a|z}}

==Ver também==
===No Wikcionário===
{{verTambém.Ini}}
* {{link opcional|ataman|crh}}
* {{link opcional|papiy|crh}}
{{verTambém.NovaColuna}}
* {{link opcional|quş|crh}}
* {{link opcional|tavuq|crh}}
{{verTambém.Fim}}

[[Categoria:Substantivo (Tártaro da Crimeia)]]
[[Categoria:Dissílabo (Tártaro da Crimeia)]]
[[Categoria:Ave (Tártaro da Crimeia)]]
[[Categoria:Entrada com imagem (Tártaro da Crimeia)]]</text>
<sha1>fj3jd7rj6yte7nh8e4pee627sw9b6w7</sha1>
</revision>
<revision>
<id>2602035</id>
<parentid>2396576</parentid>
<timestamp>2020-11-15T02:33:40Z</timestamp>
<contributor>
<username>ValJor</username>
<id>1358</id>
</contributor>
<comment>Trocando escopo por escopo2</comment>
<model>wikitext</model>
<format>text/x-wiki</format>
<text bytes="688" xml:space="preserve">[[Imagem:Bantam_Rooster.jpg|thumb|right|250px|&lt;center&gt;Galo&lt;/center&gt;]]

={{-crh-}}=
==Substantivo==
'''qo.raz'''
# {{escopo2|Dialeto do norte}} [[galo]], [[macho]] da [[galinha]] (''[[wikispecies:Gallus gallus|Gallus gallus]]'')

===Declinação===
{{decl.crh.subst|qor|a|z}}

==Ver também==
===No Wikcionário===
{{verTambém.Ini}}
* {{link opcional|ataman|crh}}
* {{link opcional|papiy|crh}}
{{verTambém.NovaColuna}}
* {{link opcional|quş|crh}}
* {{link opcional|tavuq|crh}}
{{verTambém.Fim}}

[[Categoria:Substantivo (Tártaro da Crimeia)]]
[[Categoria:Dissílabo (Tártaro da Crimeia)]]
[[Categoria:Ave (Tártaro da Crimeia)]]
[[Categoria:Entrada com imagem (Tártaro da Crimeia)]]</text>
<sha1>aqfzd9q2hov40j4wnhdgd4xmdq0eazo</sha1>
</revision>
</page>
