<title>qozeqer</title>
<ns>0</ns>
<id>184674</id>
<revision>
<id>734565</id>
<timestamp>2010-01-30T22:30:31Z</timestamp>
<contributor>
<username>Jesielt</username>
<id>6680</id>
</contributor>
<comment>Novo.</comment>
<model>wikitext</model>
<format>text/x-wiki</format>
<text bytes="187" xml:space="preserve">={{-ku-}}=
{{Wikipédia|lang=ku}}
==Substantivo==
'''qozeqer''', {{f}}
#[[arco-íris]]

===Sinônimos===
*[[keskesor]]
*[[keskûala]]
*[[bûka baranê]]

[[Categoria:Substantivo (Curdo)]]</text>
<sha1>493e8fvqr9cmd4748a5ch45gl2p9tqk</sha1>
</revision>
<revision>
<id>762383</id>
<parentid>734565</parentid>
<timestamp>2010-02-09T08:43:37Z</timestamp>
<contributor>
<username>Interwicket</username>
<id>6868</id>
</contributor>
<minor />
<comment>iwiki +[[:en:qozeqer]], [[:ku:qozeqer]]</comment>
<model>wikitext</model>
<format>text/x-wiki</format>
<text bytes="218" xml:space="preserve">={{-ku-}}=
{{Wikipédia|lang=ku}}
==Substantivo==
'''qozeqer''', {{f}}
#[[arco-íris]]

===Sinônimos===
*[[keskesor]]
*[[keskûala]]
*[[bûka baranê]]

[[Categoria:Substantivo (Curdo)]]

[[en:qozeqer]]
[[ku:qozeqer]]</text>
<sha1>6w71z232m94u0utilrngk9oakb5pely</sha1>
</revision>
<revision>
<id>920187</id>
<parentid>762383</parentid>
<timestamp>2010-07-17T14:55:29Z</timestamp>
<contributor>
<username>Interwicket</username>
<id>6868</id>
</contributor>
<minor />
<comment>iwiki +[[:fr:qozeqer]]</comment>
<model>wikitext</model>
<format>text/x-wiki</format>
<text bytes="233" xml:space="preserve">={{-ku-}}=
{{Wikipédia|lang=ku}}
==Substantivo==
'''qozeqer''', {{f}}
#[[arco-íris]]

===Sinônimos===
*[[keskesor]]
*[[keskûala]]
*[[bûka baranê]]

[[Categoria:Substantivo (Curdo)]]

[[en:qozeqer]]
[[fr:qozeqer]]
[[ku:qozeqer]]</text>
<sha1>h07ti2gzpmm4wj3r7eph3jazt50462s</sha1>
</revision>
<revision>
<id>1412820</id>
<parentid>920187</parentid>
<timestamp>2012-05-18T13:57:58Z</timestamp>
<contributor>
<username>AvocatoBot</username>
<id>26821</id>
</contributor>
<minor />
<comment>r2.7.1) (Robô: A adicionar: [[lt:qozeqer]]</comment>
<model>wikitext</model>
<format>text/x-wiki</format>
<text bytes="248" xml:space="preserve">={{-ku-}}=
{{Wikipédia|lang=ku}}
==Substantivo==
'''qozeqer''', {{f}}
#[[arco-íris]]

===Sinônimos===
*[[keskesor]]
*[[keskûala]]
*[[bûka baranê]]

[[Categoria:Substantivo (Curdo)]]

[[en:qozeqer]]
[[fr:qozeqer]]
[[ku:qozeqer]]
[[lt:qozeqer]]</text>
<sha1>eulsu3rirsti56in9h06hv4cbeedqgr</sha1>
</revision>
<revision>
<id>1789388</id>
<parentid>1412820</parentid>
<timestamp>2013-12-18T21:28:57Z</timestamp>
<contributor>
<username>MalafayaBot</username>
<id>628</id>
</contributor>
<minor />
<comment>r2.7.5) (Robô: A adicionar: ko, mg, ru, uz</comment>
<model>wikitext</model>
<format>text/x-wiki</format>
<text bytes="308" xml:space="preserve">={{-ku-}}=
{{Wikipédia|lang=ku}}
==Substantivo==
'''qozeqer''', {{f}}
#[[arco-íris]]

===Sinônimos===
*[[keskesor]]
*[[keskûala]]
*[[bûka baranê]]

[[Categoria:Substantivo (Curdo)]]

[[en:qozeqer]]
[[fr:qozeqer]]
[[ko:qozeqer]]
[[ku:qozeqer]]
[[lt:qozeqer]]
[[mg:qozeqer]]
[[ru:qozeqer]]
[[uz:qozeqer]]</text>
<sha1>4spvfycpgtgzjocrs3aa6b2f3mgw5x0</sha1>
</revision>
<revision>
<id>2044701</id>
<parentid>1789388</parentid>
<timestamp>2015-12-05T13:36:34Z</timestamp>
<contributor>
<username>HydrizBot</username>
<id>29590</id>
</contributor>
<minor />
<comment>Robô: A adicionar: [[chr:qozeqer]], [[hr:qozeqer]], [[tg:qozeqer]]</comment>
<model>wikitext</model>
<format>text/x-wiki</format>
<text bytes="354" xml:space="preserve">={{-ku-}}=
{{Wikipédia|lang=ku}}
==Substantivo==
'''qozeqer''', {{f}}
#[[arco-íris]]

===Sinônimos===
*[[keskesor]]
*[[keskûala]]
*[[bûka baranê]]

[[Categoria:Substantivo (Curdo)]]

[[chr:qozeqer]]
[[en:qozeqer]]
[[fr:qozeqer]]
[[hr:qozeqer]]
[[ko:qozeqer]]
[[ku:qozeqer]]
[[lt:qozeqer]]
[[mg:qozeqer]]
[[ru:qozeqer]]
[[tg:qozeqer]]
[[uz:qozeqer]]</text>
<sha1>d2tpgljzmq5lexwq6ii2henzgvi2jts</sha1>
</revision>
<revision>
<id>2396579</id>
<parentid>2044701</parentid>
<timestamp>2017-05-13T10:54:14Z</timestamp>
<contributor>
<username>HydrizBot</username>
<id>29590</id>
</contributor>
<minor />
<comment>Robô: A limpar links interwikis antigos</comment>
<model>wikitext</model>
<format>text/x-wiki</format>
<text bytes="187" xml:space="preserve">={{-ku-}}=
{{Wikipédia|lang=ku}}
==Substantivo==
'''qozeqer''', {{f}}
#[[arco-íris]]

===Sinônimos===
*[[keskesor]]
*[[keskûala]]
*[[bûka baranê]]

[[Categoria:Substantivo (Curdo)]]</text>
<sha1>493e8fvqr9cmd4748a5ch45gl2p9tqk</sha1>
</revision>
</page>
