<title>qps</title>
<ns>0</ns>
<id>342844</id>
<revision>
<id>1977529</id>
<timestamp>2015-08-04T07:24:13Z</timestamp>
<contributor>
<username>Lichiki</username>
<id>49629</id>
</contributor>
<comment>[[Ajuda:Guia de edição/Menus e ferramentas/Sumário de edição|→]] nova página: ={{-pt-}}= ==Sigla== '''qps''' # [[quadro por segundo]]  ==={{-varort-}}=== * De '''1''': [[QPS]]  Categori...</comment>
<model>wikitext</model>
<format>text/x-wiki</format>
<text bytes="128" xml:space="preserve">={{-pt-}}=
==Sigla==
'''qps'''
# [[quadro por segundo]]

==={{-varort-}}===
* De '''1''': [[QPS]]

[[Categoria:Sigla (Inglês)]]</text>
<sha1>1jm6fbe865akbn0815603a8xqyksw43</sha1>
</revision>
<revision>
<id>1977530</id>
<parentid>1977529</parentid>
<timestamp>2015-08-04T07:25:09Z</timestamp>
<contributor>
<username>Lichiki</username>
<id>49629</id>
</contributor>
<model>wikitext</model>
<format>text/x-wiki</format>
<text bytes="131" xml:space="preserve">={{-pt-}}=
==Sigla==
'''qps'''
# [[quadro por segundo]]

==={{-varort-}}===
* De '''1''': [[QPS]]

[[Categoria:Sigla (Português)]]</text>
<sha1>pjaeoz1f0w7qa1mt1efsy2b11fplq5g</sha1>
</revision>
<revision>
<id>1977532</id>
<parentid>1977530</parentid>
<timestamp>2015-08-04T07:26:58Z</timestamp>
<contributor>
<username>Lichiki</username>
<id>49629</id>
</contributor>
<model>wikitext</model>
<format>text/x-wiki</format>
<text bytes="209" xml:space="preserve">={{-pt-}}=
==Sigla==
'''qps'''
# [[quadro por segundo]]

==={{-varort-}}===
* De '''1''': [[QPS]]

===Tradução===
{{tradini|De 1}}
* {{trad|en|fps}}
{{tradmeio}}
{{tradfim}}

[[Categoria:Sigla (Português)]]</text>
<sha1>ogpvsns9fds9ncajg0882g9slszh6dt</sha1>
</revision>
</page>
