<title>qsp</title>
<ns>0</ns>
<id>5504</id>
<revision>
<id>15454</id>
<timestamp>2005-05-12T16:34:14Z</timestamp>
<contributor>
<ip>200.171.171.40</ip>
</contributor>
<model>wikitext</model>
<format>text/x-wiki</format>
<text bytes="325" xml:space="preserve">QSP - (Quantidade Suficiente Para)

Muito utilizado em farmacologia, é uma abreviaçãoo usada para dizer que uma formulação é suficiente pra completar uma certa requisição (como o peso ou volume de um produto).

Ex:  Excipiente QSP 1 comprimido (Quantidade suficiente de veículo para completar um comprimido em peso)</text>
<sha1>dt3xk1343asonmo8b9paq3g9kw2huem</sha1>
</revision>
<revision>
<id>15455</id>
<parentid>15454</parentid>
<timestamp>2005-05-12T16:45:28Z</timestamp>
<contributor>
<ip>200.171.171.40</ip>
</contributor>
<model>wikitext</model>
<format>text/x-wiki</format>
<text bytes="324" xml:space="preserve">QSP - (Quantidade Suficiente Para)

Muito utilizado em farmacologia, é uma abreviação usada para dizer que uma formulação é suficiente pra completar uma certa requisição (como o peso ou volume de um produto).

Ex:  Excipiente QSP 1 comprimido (Quantidade suficiente de veículo para completar um comprimido em peso)</text>
<sha1>ou5e4tq8vxqa6gijdtdp9tgckd8mnv8</sha1>
</revision>
<revision>
<id>24287</id>
<parentid>15455</parentid>
<timestamp>2005-05-12T17:04:47Z</timestamp>
<contributor>
<username>Malcolmz~ptwiktionary</username>
<id>336</id>
</contributor>
<model>wikitext</model>
<format>text/x-wiki</format>
<text bytes="325" xml:space="preserve">QSP - (Quantidade Suficiente Para)

Muito utilizado em farmacologia, é uma abreviação usada para dizer que uma formulação é suficiente pra completar uma certa requisição (como o peso ou volume de um produto).

Ex:  Excipiente QSP 1 comprimido (Quantidade suficiente de veículo para completar um comprimido em peso).</text>
<sha1>hofnjqgbk0bx7cwy9rdg6phr3nfwww4</sha1>
</revision>
<revision>
<id>36723</id>
<parentid>24287</parentid>
<timestamp>2005-08-27T10:53:07Z</timestamp>
<contributor>
<ip>212.113.166.55</ip>
</contributor>
<comment>1º Editor - Leuadeque</comment>
<model>wikitext</model>
<format>text/x-wiki</format>
<text bytes="337" xml:space="preserve">QSP - ([[Quantidade]] [[Suficiente]] [[Para]])

Muito utilizado em farmacologia, é uma abreviação usada para dizer que uma formulação é suficiente pra completar uma certa requisição (como o peso ou volume de um produto).

Ex:  Excipiente QSP 1 comprimido (Quantidade suficiente de veículo para completar um comprimido em peso).</text>
<sha1>rdoe8wpemj43y1i00t446dpkfasypov</sha1>
</revision>
<revision>
<id>89162</id>
<parentid>36723</parentid>
<timestamp>2006-02-23T00:55:07Z</timestamp>
<contributor>
<username>Conversion script</username>
<id>0</id>
</contributor>
<minor />
<comment>[[Qsp]] movido para [[qsp]]: Converting page titles to lowercase</comment>
<model>wikitext</model>
<format>text/x-wiki</format>
<text bytes="337" xml:space="preserve">QSP - ([[Quantidade]] [[Suficiente]] [[Para]])

Muito utilizado em farmacologia, é uma abreviação usada para dizer que uma formulação é suficiente pra completar uma certa requisição (como o peso ou volume de um produto).

Ex:  Excipiente QSP 1 comprimido (Quantidade suficiente de veículo para completar um comprimido em peso).</text>
<sha1>rdoe8wpemj43y1i00t446dpkfasypov</sha1>
</revision>
<revision>
<id>132670</id>
<parentid>89162</parentid>
<timestamp>2006-06-23T14:40:34Z</timestamp>
<contributor>
<username>Fredmaranhao</username>
<id>142</id>
</contributor>
<model>wikitext</model>
<format>text/x-wiki</format>
<text bytes="382" xml:space="preserve">=Português=
==Sigla==

# (''farmacologia'') [[quantidade]] [[suficiente]] [[para]], é uma abreviação usada para dizer que uma formulação é suficiente pra completar uma certa requisição (como o peso ou volume de um produto).
:# Exemplo:  Excipiente QSP 1 comprimido (Quantidade suficiente de veículo para completar um comprimido em peso).

[[Categoria:Sigla (português)]]</text>
<sha1>bofjnem7yaquh0ds4z5zovz2ofx6lmy</sha1>
</revision>
<revision>
<id>133134</id>
<parentid>132670</parentid>
<timestamp>2006-06-24T10:55:10Z</timestamp>
<contributor>
<username>ValJor</username>
<id>1358</id>
</contributor>
<minor />
<comment>Categorias</comment>
<model>wikitext</model>
<format>text/x-wiki</format>
<text bytes="382" xml:space="preserve">=Português=
==Sigla==

# (''farmacologia'') [[quantidade]] [[suficiente]] [[para]], é uma abreviação usada para dizer que uma formulação é suficiente pra completar uma certa requisição (como o peso ou volume de um produto).
:# Exemplo:  Excipiente QSP 1 comprimido (Quantidade suficiente de veículo para completar um comprimido em peso).

[[Categoria:Sigla (Português)]]</text>
<sha1>tpg9vyso6rinp3qtl7bvj6x5ii330mt</sha1>
</revision>
<revision>
<id>172989</id>
<parentid>133134</parentid>
<timestamp>2006-10-04T17:41:37Z</timestamp>
<contributor>
<username>Voz da Verdade</username>
<id>1547</id>
</contributor>
<model>wikitext</model>
<format>text/x-wiki</format>
<text bytes="528" xml:space="preserve">{{wikipedia}}
=Português=
==Sigla==

# {{escopo|Farmacologia}} ''[[quantidade]] [[suficiente]] [[para]]'', [[ser|é]] uma [[abreviação]] [[usado|usada]] para [[dizer]] que uma [[formulação]] é [[suficiente]] pra [[completar]] uma [[certo|certa]] [[requisição]] (como o [[peso]] ou [[volume]] de um [[produto]]).
:# [[exemplo|Exemplo]]:  Excipiente QSP 1 [[comprimido]] (quantidade suficiente de veículo para [[completar]] um comprimido em peso).

[[Categoria:Sigla (Português)]]
[[Categoria:Bioquímica (Português)]]</text>
<sha1>r0ase852u2kq1nhc3t14ptede83ex4c</sha1>
</revision>
<revision>
<id>172990</id>
<parentid>172989</parentid>
<timestamp>2006-10-04T17:42:07Z</timestamp>
<contributor>
<username>Voz da Verdade</username>
<id>1547</id>
</contributor>
<model>wikitext</model>
<format>text/x-wiki</format>
<text bytes="514" xml:space="preserve">=Português=
==Sigla==

# {{escopo|Farmacologia}} ''[[quantidade]] [[suficiente]] [[para]]'', [[ser|é]] uma [[abreviação]] [[usado|usada]] para [[dizer]] que uma [[formulação]] é [[suficiente]] pra [[completar]] uma [[certo|certa]] [[requisição]] (como o [[peso]] ou [[volume]] de um [[produto]]).
:# [[exemplo|Exemplo]]:  Excipiente QSP 1 [[comprimido]] (quantidade suficiente de veículo para [[completar]] um comprimido em peso).

[[Categoria:Sigla (Português)]]
[[Categoria:Bioquímica (Português)]]</text>
<sha1>sx10ozvy28ce95qx3zvotcgdgezmpqv</sha1>
</revision>
<revision>
<id>172991</id>
<parentid>172990</parentid>
<timestamp>2006-10-04T17:43:08Z</timestamp>
<contributor>
<username>Voz da Verdade</username>
<id>1547</id>
</contributor>
<model>wikitext</model>
<format>text/x-wiki</format>
<text bytes="550" xml:space="preserve">=Português=
==Sigla==

# {{escopo|Farmacologia}} ''[[quantidade]] [[suficiente]] [[para]]'', [[ser|é]] uma [[abreviação]] [[usado|usada]] para [[dizer]] que uma [[formulação]] é [[suficiente]] pra [[completar]] uma [[certo|certa]] [[requisição]] (como o [[peso]] ou [[volume]] de um [[produto]]).
:# [[exemplo|Exemplo]]:  Excipiente QSP 1 [[comprimido]] (quantidade suficiente de veículo para [[completar]] um comprimido em peso).

[[Categoria:Sigla (Português)]]
[[Categoria:Bioquímica (Português)]]
[[Categoria:Química (Português)]]</text>
<sha1>kenm0v4rishfcmzki66f4tb43psed4j</sha1>
</revision>
<revision>
<id>1193673</id>
<parentid>172991</parentid>
<timestamp>2011-07-08T22:51:09Z</timestamp>
<contributor>
<username>MalafayaBot</username>
<id>628</id>
</contributor>
<minor />
<comment>Robô: Substituição de texto automática (-^\=\s?Português\s?\= +={{-pt-}}= &amp; -^\=\s?\{\{pt\}\}\s?\= +={{-pt-}}=)</comment>
<model>wikitext</model>
<format>text/x-wiki</format>
<text bytes="548" xml:space="preserve">={{-pt-}}=
==Sigla==

# {{escopo|Farmacologia}} ''[[quantidade]] [[suficiente]] [[para]]'', [[ser|é]] uma [[abreviação]] [[usado|usada]] para [[dizer]] que uma [[formulação]] é [[suficiente]] pra [[completar]] uma [[certo|certa]] [[requisição]] (como o [[peso]] ou [[volume]] de um [[produto]]).
:# [[exemplo|Exemplo]]:  Excipiente QSP 1 [[comprimido]] (quantidade suficiente de veículo para [[completar]] um comprimido em peso).

[[Categoria:Sigla (Português)]]
[[Categoria:Bioquímica (Português)]]
[[Categoria:Química (Português)]]</text>
<sha1>pcv10jpg8dz9oy3u0ryzr1j5cqzv6ek</sha1>
</revision>
<revision>
<id>1456190</id>
<parentid>1193673</parentid>
<timestamp>2012-09-01T12:49:18Z</timestamp>
<contributor>
<ip>187.11.179.63</ip>
</contributor>
<comment>/* Sigla */</comment>
<model>wikitext</model>
<format>text/x-wiki</format>
<text bytes="552" xml:space="preserve">={{-pt-}}=
==Sigla==
kkkk
# {{escopo|Farmacologia}} ''[[quantidade]] [[suficiente]] [[para]]'', [[ser|é]] uma [[abreviação]] [[usado|usada]] para [[dizer]] que uma [[formulação]] é [[suficiente]] pra [[completar]] uma [[certo|certa]] [[requisição]] (como o [[peso]] ou [[volume]] de um [[produto]]).
:# [[exemplo|Exemplo]]:  Excipiente QSP 1 [[comprimido]] (quantidade suficiente de veículo para [[completar]] um comprimido em peso).

[[Categoria:Sigla (Português)]]
[[Categoria:Bioquímica (Português)]]
[[Categoria:Química (Português)]]</text>
<sha1>b6hlnl5bvylopjit15o4nmoxn2ha76t</sha1>
</revision>
<revision>
<id>1456191</id>
<parentid>1456190</parentid>
<timestamp>2012-09-01T12:50:47Z</timestamp>
<contributor>
<ip>187.11.179.63</ip>
</contributor>
<comment>/* Sigla */</comment>
<model>wikitext</model>
<format>text/x-wiki</format>
<text bytes="579" xml:space="preserve">={{-pt-}}=
==Sigla==
É a Quanitade Quficiente Para&quot;
# {{escopo|Farmacologia}} ''[[quantidade]] [[suficiente]] [[para]]'', [[ser|é]] uma [[abreviação]] [[usado|usada]] para [[dizer]] que uma [[formulação]] é [[suficiente]] pra [[completar]] uma [[certo|certa]] [[requisição]] (como o [[peso]] ou [[volume]] de um [[produto]]).
:# [[exemplo|Exemplo]]:  Excipiente QSP 1 [[comprimido]] (quantidade suficiente de veículo para [[completar]] um comprimido em peso).

[[Categoria:Sigla (Português)]]
[[Categoria:Bioquímica (Português)]]
[[Categoria:Química (Português)]]</text>
<sha1>kb97ima7moy5cyx3jzu9xnb2z8mnc3p</sha1>
</revision>
<revision>
<id>1456192</id>
<parentid>1456191</parentid>
<timestamp>2012-09-01T12:51:51Z</timestamp>
<contributor>
<ip>187.11.179.63</ip>
</contributor>
<comment>/* Sigla */</comment>
<model>wikitext</model>
<format>text/x-wiki</format>
<text bytes="581" xml:space="preserve">={{-pt-}}=
==Sigla==
É a Quantidade Suficiênte Para&quot;
# {{escopo|Farmacologia}} ''[[quantidade]] [[suficiente]] [[para]]'', [[ser|é]] uma [[abreviação]] [[usado|usada]] para [[dizer]] que uma [[formulação]] é [[suficiente]] pra [[completar]] uma [[certo|certa]] [[requisição]] (como o [[peso]] ou [[volume]] de um [[produto]]).
:# [[exemplo|Exemplo]]:  Excipiente QSP 1 [[comprimido]] (quantidade suficiente de veículo para [[completar]] um comprimido em peso).

[[Categoria:Sigla (Português)]]
[[Categoria:Bioquímica (Português)]]
[[Categoria:Química (Português)]]</text>
<sha1>4vxa2apbzk2lgn4rbsl6iftzu0mjheo</sha1>
</revision>
<revision>
<id>1456206</id>
<parentid>1456192</parentid>
<timestamp>2012-09-01T14:16:43Z</timestamp>
<contributor>
<ip>189.114.129.68</ip>
</contributor>
<model>wikitext</model>
<format>text/x-wiki</format>
<text bytes="548" xml:space="preserve">={{-pt-}}=
==Sigla==

# {{escopo|Farmacologia}} ''[[quantidade]] [[suficiente]] [[para]]'', [[ser|é]] uma [[abreviação]] [[usado|usada]] para [[dizer]] que uma [[formulação]] é [[suficiente]] pra [[completar]] uma [[certo|certa]] [[requisição]] (como o [[peso]] ou [[volume]] de um [[produto]]).
:# [[exemplo|Exemplo]]:  Excipiente QSP 1 [[comprimido]] (quantidade suficiente de veículo para [[completar]] um comprimido em peso).

[[Categoria:Sigla (Português)]]
[[Categoria:Bioquímica (Português)]]
[[Categoria:Química (Português)]]</text>
<sha1>pcv10jpg8dz9oy3u0ryzr1j5cqzv6ek</sha1>
</revision>
<revision>
<id>2584859</id>
<parentid>1456206</parentid>
<timestamp>2020-04-05T15:47:08Z</timestamp>
<contributor>
<username>Olavo Santos</username>
<id>76063</id>
</contributor>
<model>wikitext</model>
<format>text/x-wiki</format>
<text bytes="708" xml:space="preserve">={{-pt-}}=
==Sigla==

# {{escopo|Farmacologia}} ''[[quantidade]] [[suficiente]] [[para]]'', [[ser|é]] uma [[abreviação]] [[usado|usada]] para [[dizer]] que uma [[formulação]] é [[suficiente]] pra [[completar]] uma [[certo|certa]] [[requisição]] (como o [[peso]] ou [[volume]] de um [[produto]]).
:# [[exemplo|Exemplo]]:  Excipiente DEDAR 1 [[comprimido]] (quantidade suficiente de veículo para [[completar]] um comprimido em peso).

[[Categoria:Sigla (Português)]]
[[Categoria:Bioquímica (Português)]]
[[Categoria:Química (Português)]]

Dedando trata-se do ato de digitar nas redes sociais.
Vamos dedar?
Você fica dedando o dia todo
Eu ded, Você deda, Nos dedamos, Eles dedam, Nós dedamo...</text>
<sha1>jtiwda7rs96fth158rm31qc1e1ivf07</sha1>
</revision>
<revision>
<id>2584860</id>
<parentid>2584859</parentid>
<timestamp>2020-04-05T15:48:17Z</timestamp>
<contributor>
<username>Olavo Santos</username>
<id>76063</id>
</contributor>
<comment>/* Sigla */</comment>
<model>wikitext</model>
<format>text/x-wiki</format>
<text bytes="708" xml:space="preserve">={{-pt-}}=
==DEDAR==

# {{escopo|Farmacologia}} ''[[quantidade]] [[suficiente]] [[para]]'', [[ser|é]] uma [[abreviação]] [[usado|usada]] para [[dizer]] que uma [[formulação]] é [[suficiente]] pra [[completar]] uma [[certo|certa]] [[requisição]] (como o [[peso]] ou [[volume]] de um [[produto]]).
:# [[exemplo|Exemplo]]:  Excipiente DEDAR 1 [[comprimido]] (quantidade suficiente de veículo para [[completar]] um comprimido em peso).

[[Categoria:Sigla (Português)]]
[[Categoria:Bioquímica (Português)]]
[[Categoria:Química (Português)]]

Dedando trata-se do ato de digitar nas redes sociais.
Vamos dedar?
Você fica dedando o dia todo
Eu ded, Você deda, Nos dedamos, Eles dedam, Nós dedamo...</text>
<sha1>ip5ikelj7wwe4mqzyfkcutvpmm25vg2</sha1>
</revision>
<revision>
<id>2584861</id>
<parentid>2584860</parentid>
<timestamp>2020-04-05T15:50:40Z</timestamp>
<contributor>
<username>Olavo Santos</username>
<id>76063</id>
</contributor>
<model>wikitext</model>
<format>text/x-wiki</format>
<text bytes="767" xml:space="preserve">={{-pt-}}=
==DEDAR==

# {{escopo|Dedar}} ''[[verbete]] [[usado]] [[para]]'', [[identificar|é]] uma [[o ato de ficar nas redes sociais digitando]] [[usado|usada]] para [[dizer]] que uma [[ação]] é [[suficiente]] pra [[completar]] uma [[certo|certa]] [[ação de trocar texto, fotos, etc]] (como o [[peso]] ou [[volume]] de um [[produto]]).
:# [[exemplo|Fica ai dedando (digitando)]]:  Excipiente DEDAR 1 [[comprimido]] (quantidade suficiente de veículo para [[completar]] um comprimido em peso).

[[Categoria:Sigla (Português)]]
[[Categoria:Bioquímica (Português)]]
[[Categoria:Química (Português)]]

Dedando trata-se do ato de digitar nas redes sociais.
Vamos dedar?
Você fica dedando o dia todo
Eu ded, Você deda, Nos dedamos, Eles dedam, Nós dedamo...</text>
<sha1>h2fey64za1khyst3d19t2xjfrmat5e1</sha1>
</revision>
<revision>
<id>2584862</id>
<parentid>2584861</parentid>
<timestamp>2020-04-05T15:52:18Z</timestamp>
<contributor>
<username>Olavo Santos</username>
<id>76063</id>
</contributor>
<model>wikitext</model>
<format>text/x-wiki</format>
<text bytes="775" xml:space="preserve">={{-pt-}}=
==DEDAR==

# {{escopo|Dedar}} ''[[verbete]] [[usado]] [[para]]'', [[identificar|é]] uma [[o ato de ficar nas redes sociais digitando]] [[usado|usada]] para [[dizer]] que uma [[ação]] é [[suficiente]] pra [[completar]] uma [[certo|certa]] [[ação de trocar texto, fotos, etc]] (como o [[uso]] ou [[aplicação]] de um [[Smart phone]]).
:# [[exemplo|Fica ai dedando (digitando)]]:  Excipiente DEDAR 1 [[comprimido]] (quantidade suficiente de veículo para [[completar]] um comprimido em peso).

[[Categoria:Sigla (Português)]]
[[Categoria:Bioquímica (Português)]]
[[Categoria:Química (Português)]]

Dedando trata-se do ato de digitar nas redes sociais.
Vamos dedar?
Você fica dedando o dia todo
Eu ded, Você deda, Nos dedamos, Eles dedam, Nós dedamo...</text>
<sha1>d1p5jt8gbrwem12jcpwj25cou3ej5l0</sha1>
</revision>
<revision>
<id>2584863</id>
<parentid>2584862</parentid>
<timestamp>2020-04-05T15:55:17Z</timestamp>
<contributor>
<username>Olavo Santos</username>
<id>76063</id>
</contributor>
<model>wikitext</model>
<format>text/x-wiki</format>
<text bytes="858" xml:space="preserve">={{-pt-}}=
==DEDAR==

# {{escopo|Dedar}} ''[[verbete]] [[usado]] [[para]]'', [[identificar|é]] uma [[o ato de ficar nas redes sociais digitando]] [[usado|usada]] para [[dizer]] que uma [[ação]] é [[suficiente]] pra [[completar]] uma [[certo|certa]] [[ação de trocar texto, fotos, etc]] (como o [[uso]] ou [[aplicação]] de um [[Smart phone]]).
:# [[exemplo|Fica ai dedando (digitando)]]:  Excipiente DEDAR 1 [[comprimido]] (quantidade suficiente de veículo para [[completar]] um comprimido em peso).

[[Categoria:Sigla (Português)]]
[[Categoria:Bioquímica (Português)]]
[[Categoria:Química (Português)]]

Dedando trata-se do ato de digitar nas redes sociais.
Exemplo: Vamos dedar? -
Você fica dedando o dia todo - Eu dedo - Você deda - Nos dedamos - Eles dedam...
Verbete cunhado em 2015 por Olavo Santos em um evento onde foi palestrante...</text>
<sha1>5s3hc6p1jx9urlwrk47eqoo7wl0na9n</sha1>
</revision>
<revision>
<id>2584864</id>
<parentid>2584863</parentid>
<timestamp>2020-04-05T16:00:10Z</timestamp>
<contributor>
<username>Olavo Santos</username>
<id>76063</id>
</contributor>
<model>wikitext</model>
<format>text/x-wiki</format>
<text bytes="902" xml:space="preserve">=== ={{-Verbete-}}=
==DEDAR==

# {{escopo|Dedar}} ''[[verbete]] [[usado]] [[para]]'', [[identificar|é]] uma [[o ato de ficar nas redes sociais digitando]] [[usado|usada]] para [[dizer]] que uma [[ação]] , [[genérica]] pra [[completar]] uma [[certo|certa]] [[ação de trocar texto, fotos, etc]] (como o [[uso]] ou [[aplicação]] de um [[Smart phone e outro aparelho móvel celular]]).
:# [[exemplo|Fica ai dedando (digitando)]]:  Excipiente DEDAR 1 [[comprimido]] (quantidade suficiente de veículo para [[completar]] um comprimido em peso).

[[Categoria:Sigla (Português)]]
[[Categoria:Bioquímica (Português)]]
[[Categoria:Química (Português)]]

Dedando trata-se do ato de digitar nas redes sociais.
Exemplo: Vamos dedar? -
Você fica dedando o dia todo - Eu dedo - Você deda - Nos dedamos - Eles dedam...
Verbete cunhado em 2015 por Olavo Santos em um evento onde foi palestrante...
===</text>
<sha1>lb0nm3kzeaks3z11c5z2plq0icyl8q0</sha1>
</revision>
<revision>
<id>2584865</id>
<parentid>2584864</parentid>
<timestamp>2020-04-05T16:01:36Z</timestamp>
<contributor>
<username>Olavo Santos</username>
<id>76063</id>
</contributor>
<comment>/* == ={{-Verbete-}} */</comment>
<model>wikitext</model>
<format>text/x-wiki</format>
<text bytes="892" xml:space="preserve">{{-Verbete-}}
DEDAR

# {{escopo|Dedar}} ''[[verbete]] [[usado]] [[para]]'', [[identificar|é]] uma [[o ato de ficar nas redes sociais digitando]] [[usado|usada]] para [[dizer]] que uma [[ação]] , [[genérica]] pra [[completar]] uma [[certo|certa]] [[ação de trocar texto, fotos, etc]] (como o [[uso]] ou [[aplicação]] de um [[Smart phone e outro aparelho móvel celular]]).
:# [[exemplo|Fica ai dedando (digitando)]]:  Excipiente DEDAR 1 [[comprimido]] (quantidade suficiente de veículo para [[completar]] um comprimido em peso).

[[Categoria:Sigla (Português)]]
[[Categoria:Bioquímica (Português)]]
[[Categoria:Química (Português)]]

Dedando trata-se do ato de digitar nas redes sociais.
Exemplo: Vamos dedar? -
Você fica dedando o dia todo - Eu dedo - Você deda - Nos dedamos - Eles dedam...
Verbete cunhado em 2015 por Olavo Santos em um evento onde foi palestrante...
===</text>
<sha1>6ux2e8j4k3h85ouey4wu9mzypt1l1qn</sha1>
</revision>
<revision>
<id>2584866</id>
<parentid>2584865</parentid>
<timestamp>2020-04-05T16:02:21Z</timestamp>
<contributor>
<username>Olavo Santos</username>
<id>76063</id>
</contributor>
<model>wikitext</model>
<format>text/x-wiki</format>
<text bytes="893" xml:space="preserve">{{-Verbete-}}=
DEDAR

# {{escopo|Dedar}} ''[[verbete]] [[usado]] [[para]]'', [[identificar|é]] uma [[o ato de ficar nas redes sociais digitando]] [[usado|usada]] para [[dizer]] que uma [[ação]] , [[genérica]] pra [[completar]] uma [[certo|certa]] [[ação de trocar texto, fotos, etc]] (como o [[uso]] ou [[aplicação]] de um [[Smart phone e outro aparelho móvel celular]]).
:# [[exemplo|Fica ai dedando (digitando)]]:  Excipiente DEDAR 1 [[comprimido]] (quantidade suficiente de veículo para [[completar]] um comprimido em peso).

[[Categoria:Sigla (Português)]]
[[Categoria:Bioquímica (Português)]]
[[Categoria:Química (Português)]]

Dedando trata-se do ato de digitar nas redes sociais.
Exemplo: Vamos dedar? -
Você fica dedando o dia todo - Eu dedo - Você deda - Nos dedamos - Eles dedam...
Verbete cunhado em 2015 por Olavo Santos em um evento onde foi palestrante...
===</text>
<sha1>jaobsx5muke37qrsue5ebhkazxhujjd</sha1>
</revision>
<revision>
<id>2584867</id>
<parentid>2584866</parentid>
<timestamp>2020-04-05T16:04:34Z</timestamp>
<contributor>
<username>Olavo Santos</username>
<id>76063</id>
</contributor>
<model>wikitext</model>
<format>text/x-wiki</format>
<text bytes="903" xml:space="preserve">{{-Verbete-}}
DEDAR

# {{escopo|Dedar}} ''[[verbete]] [[usado]] [[para]]'', [[identificar|é]] uma [[o ato de ficar nas redes sociais digitando]] [[usado|usada]] para [[dizer]] que uma [[ação]] , [[genérica]] pra [[completar]] uma [[certo|certa]] [[ação de trocar texto, fotos, etc]] (como o [[uso]] ou [[aplicação]] de um [[Smart phone e outro aparelho móvel celular]]).
:# [[exemplo|Fica ai dedando (digitando)]]:  Excipiente DEDAR 1 [[comprimido]] (quantidade suficiente de veículo para [[completar]] um comprimido em peso).

[[Categoria:Verbete popular (Português)]]
[[Categoria:Literatura (Português)]]
[[Categoria:Dicionario (Português)]]

Dedando trata-se do ato de digitar nas redes sociais.
Exemplo: Vamos dedar? -
Você fica dedando o dia todo - Eu dedo - Você deda - Nos dedamos - Eles dedam...
Verbete cunhado em 2015 por Olavo Santos em um evento onde foi palestrante...
===</text>
<sha1>ks6dflo8qdhwpzaznyd9cu09u1xjn2r</sha1>
</revision>
<revision>
<id>2584868</id>
<parentid>2584867</parentid>
<timestamp>2020-04-05T16:41:50Z</timestamp>
<contributor>
<username>ValJor</username>
<id>1358</id>
</contributor>
<minor />
<comment>Revertidas edições por [[Especial:Contribuições/Olavo Santos|Olavo Santos]] para a última versão por [[Especial:Contribuições/189.114.129.68|189.114.129.68]]</comment>
<model>wikitext</model>
<format>text/x-wiki</format>
<text bytes="548" xml:space="preserve">={{-pt-}}=
==Sigla==

# {{escopo|Farmacologia}} ''[[quantidade]] [[suficiente]] [[para]]'', [[ser|é]] uma [[abreviação]] [[usado|usada]] para [[dizer]] que uma [[formulação]] é [[suficiente]] pra [[completar]] uma [[certo|certa]] [[requisição]] (como o [[peso]] ou [[volume]] de um [[produto]]).
:# [[exemplo|Exemplo]]:  Excipiente QSP 1 [[comprimido]] (quantidade suficiente de veículo para [[completar]] um comprimido em peso).

[[Categoria:Sigla (Português)]]
[[Categoria:Bioquímica (Português)]]
[[Categoria:Química (Português)]]</text>
<sha1>pcv10jpg8dz9oy3u0ryzr1j5cqzv6ek</sha1>
</revision>
<revision>
<id>2602015</id>
<parentid>2584868</parentid>
<timestamp>2020-11-14T20:40:25Z</timestamp>
<contributor>
<username>ValJor</username>
<id>1358</id>
</contributor>
<comment>Acrescentando código de língua à [[:Categoria:!Página com mensagem de erro em predefinição|predefinição escopo]]</comment>
<model>wikitext</model>
<format>text/x-wiki</format>
<text bytes="355" xml:space="preserve">={{-pt-}}=
==Sigla==
'''qsp'''
# {{escopo|pt|Farmacologia}} ''[[quantidade]] [[suficiente]] [[para]]'', abreviação usada para indicar que uma formulação é suficiente para completar uma certa requisição (como o peso ou volume de um produto)

[[Categoria:Sigla (Português)]]
[[Categoria:Bioquímica (Português)]]
[[Categoria:Química (Português)]]</text>
<sha1>t29nbcd2rm6eb3wrd48flhu8brceory</sha1>
</revision>
</page>
