<title>quadrilha</title>
<ns>0</ns>
<id>83955</id>
<revision>
<id>324497</id>
<timestamp>2008-01-22T04:04:42Z</timestamp>
<contributor>
<ip>200.217.38.17</ip>
</contributor>
<comment>[[Ajuda:Menus e funções/Sumário de edição#Sumário de edição automático|→]] nova página: _________________--   pppppppppppp</comment>
<model>wikitext</model>
<format>text/x-wiki</format>
<text bytes="34" xml:space="preserve">_________________--   pppppppppppp</text>
<sha1>i4y9qzyiiwzuirh3eo0i6afcd14fgh1</sha1>
</revision>
<revision>
<id>324516</id>
<parentid>324497</parentid>
<timestamp>2008-01-22T11:16:11Z</timestamp>
<contributor>
<username>ValJor</username>
<id>1358</id>
</contributor>
<comment>Por um [[Especial:Deadendpages|wikcionário com saídas]]!</comment>
<model>wikitext</model>
<format>text/x-wiki</format>
<text bytes="2541" xml:space="preserve">{{wikipedia}}
=Português=
==Substantivo==
{{flex.pt.feminino|s=quadrilha|p=quadrilhas}}
'''qua.&lt;u&gt;dri&lt;/u&gt;.lha'''
# tipo de [[dança]] agitada
#* ''A confusão da dança permitiu a Amélia esquivar-se, sem responder. Quando, terminada a '''quadrilha''', voltou a seu lugar, ficou perplexa. Tinha ela se comprometido ou não a dançar a seguinte '''quadrilha''' com Leopoldo?'' (&quot;A Pata da Gazela&quot;, capítulo IX, de José de Alencar)
# [[grupo]] de [[pessoa]]s, geralmente [[criminoso]]s
#* ''Ex-ministros e notáveis do “núcleo duro” do governo estão sendo processados pelo Supremo Tribunal Federal (STF) por corrupção ativa e formação de '''quadrilha'''.'' {{OESP|2007|dezembro|31}}
# {{escopo|Tauromaquia}} [[conjunto]] de [[subalterno]]s que atuam sob as [[ordem|ordens]] do [[matador]] ou do [[cavaleiro]]
===Tradução===
{{tradini|De 1 (tipo de dança agitada)}}
* {{trad|de|Reel|Quadrille}}
* {{trad|cs|rejdovák}}
* {{trad|da|reel}}
* {{trad|et|riil}}
* {{trad|fi|reel}}
* {{trad|fr|reel|quadrille}}
* {{trad|fur|cuadriglie}}
* {{trad|nl|reel}}
* {{trad|en|reel|quadrille}}
* {{trad|is|ræll}}
{{tradmeio}}
* {{trad|it|reel}}
* {{trad|ja|リールダンス}}
* {{trad|lv|kadriļa}}
* {{trad|lt|rilis}}
* {{trad|no|reel}}
* {{trad|pl|kadryl}}
* {{trad|ru|кадриль|рил|хоровод}}
* {{trad|sv|kadrilj|reel}}
* {{trad|uk|кадриль}}
{{tradfim}}
{{tradini|De 2 (grupo de pessoas, geralmente criminosos)}}
* {{trad|de|Ring}} ''m''
* {{trad|cs|banda|gang}}
* {{trad|zh|伙}}
* {{trad|da|kreds|kreds|ring}}
* {{trad|sk|banda|gang}}
* {{trad|sl|krog|tolpa}}
* {{trad|es|red|círculo}}
* {{trad|et|kamp}}
* {{trad|fi|rengas}}
* {{trad|fr|gang}}
* {{trad|el|σπείρα}}
* {{trad|nl|syndicaat}}
* {{trad|hu|érdekcsoport|klikk}}
{{tradmeio}}
* {{trad|id|komplotan}}
* {{trad|en|ring}}
* {{trad|is|glæpahringur|samtök}}
* {{trad|ja|一味}}
* {{trad|lv|banda|kliķe}}
* {{trad|lt|gauja|šutvė}}
* {{trad|no|ring}}
* {{trad|pl|krąg|szajka}}
* {{trad|ro|grup|gaşcă}}
* {{trad|ru|объединение|клика|шайка}}
* {{trad|sv|klick|liga}}
* {{trad|tr|çete|şebeke}}
{{tradfim}}
{{-etimologia-}}
: Do espanhol ''cuadrilla''.
==Ver também==
===No Wikcionário===
{{verTambém.Ini}}
* [[Apêndice:Coletivos]]
{{verTambém.NovaColuna}}
* [[aquadrilhar]]
{{verTambém.NovaColuna}}
* [[chefão]]
{{verTambém.Fim}}
[[Categoria:Substantivo (Português)]]
[[Categoria:Trissílabo (Português)]]
[[Categoria:Paroxítona (Português)]]
[[Categoria:Vocábulo com etimologia (Português)]]

[[fr:quadrilha]]</text>
<sha1>qbq7q63bo65yw8gdsfpby9jyfuuzldr</sha1>
</revision>
<revision>
<id>420677</id>
<parentid>324516</parentid>
<timestamp>2009-02-21T23:01:06Z</timestamp>
<contributor>
<username>SpaceBirdyBot</username>
<id>973</id>
</contributor>
<minor />
<comment>Bot:  Adicionando: [[de:quadrilha]]</comment>
<model>wikitext</model>
<format>text/x-wiki</format>
<text bytes="2558" xml:space="preserve">{{wikipedia}}
=Português=
==Substantivo==
{{flex.pt.feminino|s=quadrilha|p=quadrilhas}}
'''qua.&lt;u&gt;dri&lt;/u&gt;.lha'''
# tipo de [[dança]] agitada
#* ''A confusão da dança permitiu a Amélia esquivar-se, sem responder. Quando, terminada a '''quadrilha''', voltou a seu lugar, ficou perplexa. Tinha ela se comprometido ou não a dançar a seguinte '''quadrilha''' com Leopoldo?'' (&quot;A Pata da Gazela&quot;, capítulo IX, de José de Alencar)
# [[grupo]] de [[pessoa]]s, geralmente [[criminoso]]s
#* ''Ex-ministros e notáveis do “núcleo duro” do governo estão sendo processados pelo Supremo Tribunal Federal (STF) por corrupção ativa e formação de '''quadrilha'''.'' {{OESP|2007|dezembro|31}}
# {{escopo|Tauromaquia}} [[conjunto]] de [[subalterno]]s que atuam sob as [[ordem|ordens]] do [[matador]] ou do [[cavaleiro]]
===Tradução===
{{tradini|De 1 (tipo de dança agitada)}}
* {{trad|de|Reel|Quadrille}}
* {{trad|cs|rejdovák}}
* {{trad|da|reel}}
* {{trad|et|riil}}
* {{trad|fi|reel}}
* {{trad|fr|reel|quadrille}}
* {{trad|fur|cuadriglie}}
* {{trad|nl|reel}}
* {{trad|en|reel|quadrille}}
* {{trad|is|ræll}}
{{tradmeio}}
* {{trad|it|reel}}
* {{trad|ja|リールダンス}}
* {{trad|lv|kadriļa}}
* {{trad|lt|rilis}}
* {{trad|no|reel}}
* {{trad|pl|kadryl}}
* {{trad|ru|кадриль|рил|хоровод}}
* {{trad|sv|kadrilj|reel}}
* {{trad|uk|кадриль}}
{{tradfim}}
{{tradini|De 2 (grupo de pessoas, geralmente criminosos)}}
* {{trad|de|Ring}} ''m''
* {{trad|cs|banda|gang}}
* {{trad|zh|伙}}
* {{trad|da|kreds|kreds|ring}}
* {{trad|sk|banda|gang}}
* {{trad|sl|krog|tolpa}}
* {{trad|es|red|círculo}}
* {{trad|et|kamp}}
* {{trad|fi|rengas}}
* {{trad|fr|gang}}
* {{trad|el|σπείρα}}
* {{trad|nl|syndicaat}}
* {{trad|hu|érdekcsoport|klikk}}
{{tradmeio}}
* {{trad|id|komplotan}}
* {{trad|en|ring}}
* {{trad|is|glæpahringur|samtök}}
* {{trad|ja|一味}}
* {{trad|lv|banda|kliķe}}
* {{trad|lt|gauja|šutvė}}
* {{trad|no|ring}}
* {{trad|pl|krąg|szajka}}
* {{trad|ro|grup|gaşcă}}
* {{trad|ru|объединение|клика|шайка}}
* {{trad|sv|klick|liga}}
* {{trad|tr|çete|şebeke}}
{{tradfim}}
{{-etimologia-}}
: Do espanhol ''cuadrilla''.
==Ver também==
===No Wikcionário===
{{verTambém.Ini}}
* [[Apêndice:Coletivos]]
{{verTambém.NovaColuna}}
* [[aquadrilhar]]
{{verTambém.NovaColuna}}
* [[chefão]]
{{verTambém.Fim}}
[[Categoria:Substantivo (Português)]]
[[Categoria:Trissílabo (Português)]]
[[Categoria:Paroxítona (Português)]]
[[Categoria:Vocábulo com etimologia (Português)]]

[[de:quadrilha]]
[[fr:quadrilha]]</text>
<sha1>9eljjsxe69mehbmbxak61ds8kedud6t</sha1>
</revision>
<revision>
<id>549608</id>
<parentid>420677</parentid>
<timestamp>2009-09-27T20:49:00Z</timestamp>
<contributor>
<username>Eusbarbosa</username>
<id>117</id>
</contributor>
<model>wikitext</model>
<format>text/x-wiki</format>
<text bytes="2593" xml:space="preserve">{{wikipedia}}
=Português=
==Substantivo==
{{flex.pt.feminino|s=quadrilha|p=quadrilhas}}
'''qua.&lt;u&gt;dri&lt;/u&gt;.lha'''
# tipo de [[dança]] agitada
#* ''A confusão da dança permitiu a Amélia esquivar-se, sem responder. Quando, terminada a '''quadrilha''', voltou a seu lugar, ficou perplexa. Tinha ela se comprometido ou não a dançar a seguinte '''quadrilha''' com Leopoldo?'' (&quot;A Pata da Gazela&quot;, capítulo IX, de José de Alencar)
# [[grupo]] de [[pessoa]]s, geralmente [[criminoso]]s
#* ''Ex-ministros e notáveis do “núcleo duro” do governo estão sendo processados pelo Supremo Tribunal Federal (STF) por corrupção ativa e formação de '''quadrilha'''.'' {{OESP|2007|dezembro|31}}
# {{escopo|Tauromaquia}} [[conjunto]] de [[subalterno]]s que atuam sob as [[ordem|ordens]] do [[matador]] ou do [[cavaleiro]]
===Tradução===
{{tradini|De 1 (tipo de dança agitada)}}
* {{trad|de|Reel|Quadrille}}
* {{trad|cs|rejdovák}}
* {{trad|da|reel}}
* {{trad|et|riil}}
* {{trad|fi|reel}}
* {{trad|fr|reel|quadrille}}
* {{trad|fur|cuadriglie}}
* {{trad|nl|reel}}
* {{trad|en|reel|quadrille}}
* {{trad|is|ræll}}
{{tradmeio}}
* {{trad|it|reel}}
* {{trad|ja|リールダンス}}
* {{trad|lv|kadriļa}}
* {{trad|lt|rilis}}
* {{trad|no|reel}}
* {{trad|pl|kadryl}}
* {{trad|ru|кадриль|рил|хоровод}}
* {{trad|sv|kadrilj|reel}}
* {{trad|uk|кадриль}}
{{tradfim}}
{{tradini|De 2 (grupo de pessoas, geralmente criminosos)}}
* {{trad|de|Ring}} ''m''
* {{trad|cs|banda|gang}}
* {{trad|zh|伙}}
* {{trad|da|kreds|kreds|ring}}
* {{trad|sk|banda|gang}}
* {{trad|sl|krog|tolpa}}
* {{trad|es|red|círculo}}
* {{trad|et|kamp}}
* {{trad|fi|rengas}}
* {{trad|fr|gang}}
* {{trad|el|σπείρα}}
* {{trad|nl|syndicaat}}
* {{trad|hu|érdekcsoport|klikk}}
{{tradmeio}}
* {{trad|id|komplotan}}
* {{trad|en|ring}}
* {{trad|is|glæpahringur|samtök}}
* {{trad|ja|一味}}
* {{trad|lv|banda|kliķe}}
* {{trad|lt|gauja|šutvė}}
* {{trad|no|ring}}
* {{trad|pl|krąg|szajka}}
* {{trad|ro|grup|gaşcă}}
* {{trad|ru|объединение|клика|шайка}}
* {{trad|sv|klick|liga}}
* {{trad|tr|çete|şebeke}}
{{tradfim}}
{{-etimologia-}}
: Do espanhol ''cuadrilla''.
==Ver também==
===No Wikcionário===
{{verTambém.Ini}}
* [[Apêndice:Coletivos]]
{{verTambém.NovaColuna}}
* [[aquadrilhar]]
{{verTambém.NovaColuna}}
* [[chefão]]
{{verTambém.Fim}}
[[Categoria:Substantivo (Português)]]
[[Categoria:Trissílabo (Português)]]
[[Categoria:Paroxítona (Português)]]
[[Categoria:Vocábulo com etimologia (Português)]]
[[Categoria:Coletivo (Português)]]
[[de:quadrilha]]
[[fr:quadrilha]]</text>
<sha1>m9drpd8t4cteu6obus8y6tiavxmftzf</sha1>
</revision>
<revision>
<id>574317</id>
<parentid>549608</parentid>
<timestamp>2009-10-22T12:39:20Z</timestamp>
<contributor>
<ip>201.57.221.152</ip>
</contributor>
<comment>/* Tradução */</comment>
<model>wikitext</model>
<format>text/x-wiki</format>
<text bytes="2809" xml:space="preserve">{{wikipedia}}
=Português=
==Substantivo==
{{flex.pt.feminino|s=quadrilha|p=quadrilhas}}
'''qua.&lt;u&gt;dri&lt;/u&gt;.lha'''
# tipo de [[dança]] agitada
#* ''A confusão da dança permitiu a Amélia esquivar-se, sem responder. Quando, terminada a '''quadrilha''', voltou a seu lugar, ficou perplexa. Tinha ela se comprometido ou não a dançar a seguinte '''quadrilha''' com Leopoldo?'' (&quot;A Pata da Gazela&quot;, capítulo IX, de José de Alencar)
# [[grupo]] de [[pessoa]]s, geralmente [[criminoso]]s
#* ''Ex-ministros e notáveis do “núcleo duro” do governo estão sendo processados pelo Supremo Tribunal Federal (STF) por corrupção ativa e formação de '''quadrilha'''.'' {{OESP|2007|dezembro|31}}
# {{escopo|Tauromaquia}} [[conjunto]] de [[subalterno]]s que atuam sob as [[ordem|ordens]] do [[matador]] ou do [[cavaleiro]]
===Tradução===
{{tradini|De 1 (tipo de dança agitada)}}
* {{trad|de|Reel|Quadrille}}
* {{trad|cs|rejdovák}}
* {{trad|da|reel}}
* {{trad|et|riil}}
* {{trad|fi|reel}}
* {{trad|fr|reel|quadrille}}
* {{trad|fur|cuadriglie}}
* {{trad|nl|reel}}
* {{trad|en|reel|quadrille}}
* {{trad|is|ræll}}
{{tradmeio}}
* {{trad|it|reel}}
* {{trad|ja|リールダンス}}
* {{trad|lv|kadriļa}}
* {{trad|lt|rilis}}
* {{trad|no|reel}}
* {{trad|pl|kadryl}}
* {{trad|ru|кадриль|рил|хоровод}}
* {{trad|sv|kadrilj|reel}}
* {{trad|uk|кадриль}}
{{tradfim}}
{{tradini|De 2 (grupo de pessoas, geralmente criminosos)}}
* {{trad|de|Ring}} ''m''
* {{trad|cs|banda|gang}}
* {{trad|zh|伙}}
* {{trad|da|kreds|kreds|ring}}
* {{trad|sk|banda|gang}}
* {{trad|sl|krog|tolpa}}
* {{trad|es|red|círculo}}
* {{trad|et|kamp}}
* {{trad|fi|rengas}}
* {{trad|fr|gang}}
* {{trad|el|σπείρα}}
* {{trad|nl|syndicaat}}
* {{trad|hu|érdekcsoport|klikk}}
{{tradmeio}}
* {{trad|id|komplotan}}
* {{trad|en|ring}}
* {{trad|is|glæpahringur|samtök}}
* {{trad|ja|一味}}
* {{trad|lv|banda|kliķe}}
* {{trad|lt|gauja|šutvė}}
* {{trad|no|ring}}
* {{trad|pl|krąg|szajka}}
* {{trad|ro|grup|gaşcă}}
* {{trad|ru|объединение|клика|шайка}}
* {{trad|sv|klick|liga}}
* {{trad|tr|çete|şebeke}}
{{tradfim}}
{{-etimologia-}}
: Do espanhol ''cuadrilla''.
Quadrilha:É uma dança folclorica realizada nos meses juninos,é realmente uma dança animada que retrata a cultura matuta da região nordeste,que tambem pode retratar temas variados e atuais como forma de alerta.

==Ver também==
===No Wikcionário===
{{verTambém.Ini}}
* [[Apêndice:Coletivos]]
{{verTambém.NovaColuna}}
* [[aquadrilhar]]
{{verTambém.NovaColuna}}
* [[chefão]]
{{verTambém.Fim}}
[[Categoria:Substantivo (Português)]]
[[Categoria:Trissílabo (Português)]]
[[Categoria:Paroxítona (Português)]]
[[Categoria:Vocábulo com etimologia (Português)]]
[[Categoria:Coletivo (Português)]]
[[de:quadrilha]]
[[fr:quadrilha]]</text>
<sha1>le8gpse5zxj2d64kzbiwkbx632m0r1c</sha1>
</revision>
<revision>
<id>574318</id>
<parentid>574317</parentid>
<timestamp>2009-10-22T12:44:27Z</timestamp>
<contributor>
<username>Isaac Mansur</username>
<id>10733</id>
</contributor>
<minor />
<comment>Desfeita a edição 574317 de 201.57.221.152 ([[Usuário Discussão:201.57.221.152|discussão]] | [[Special:Contributions/201.57.221.152|contribuições]]) Fora do escopo.</comment>
<model>wikitext</model>
<format>text/x-wiki</format>
<text bytes="2593" xml:space="preserve">{{wikipedia}}
=Português=
==Substantivo==
{{flex.pt.feminino|s=quadrilha|p=quadrilhas}}
'''qua.&lt;u&gt;dri&lt;/u&gt;.lha'''
# tipo de [[dança]] agitada
#* ''A confusão da dança permitiu a Amélia esquivar-se, sem responder. Quando, terminada a '''quadrilha''', voltou a seu lugar, ficou perplexa. Tinha ela se comprometido ou não a dançar a seguinte '''quadrilha''' com Leopoldo?'' (&quot;A Pata da Gazela&quot;, capítulo IX, de José de Alencar)
# [[grupo]] de [[pessoa]]s, geralmente [[criminoso]]s
#* ''Ex-ministros e notáveis do “núcleo duro” do governo estão sendo processados pelo Supremo Tribunal Federal (STF) por corrupção ativa e formação de '''quadrilha'''.'' {{OESP|2007|dezembro|31}}
# {{escopo|Tauromaquia}} [[conjunto]] de [[subalterno]]s que atuam sob as [[ordem|ordens]] do [[matador]] ou do [[cavaleiro]]
===Tradução===
{{tradini|De 1 (tipo de dança agitada)}}
* {{trad|de|Reel|Quadrille}}
* {{trad|cs|rejdovák}}
* {{trad|da|reel}}
* {{trad|et|riil}}
* {{trad|fi|reel}}
* {{trad|fr|reel|quadrille}}
* {{trad|fur|cuadriglie}}
* {{trad|nl|reel}}
* {{trad|en|reel|quadrille}}
* {{trad|is|ræll}}
{{tradmeio}}
* {{trad|it|reel}}
* {{trad|ja|リールダンス}}
* {{trad|lv|kadriļa}}
* {{trad|lt|rilis}}
* {{trad|no|reel}}
* {{trad|pl|kadryl}}
* {{trad|ru|кадриль|рил|хоровод}}
* {{trad|sv|kadrilj|reel}}
* {{trad|uk|кадриль}}
{{tradfim}}
{{tradini|De 2 (grupo de pessoas, geralmente criminosos)}}
* {{trad|de|Ring}} ''m''
* {{trad|cs|banda|gang}}
* {{trad|zh|伙}}
* {{trad|da|kreds|kreds|ring}}
* {{trad|sk|banda|gang}}
* {{trad|sl|krog|tolpa}}
* {{trad|es|red|círculo}}
* {{trad|et|kamp}}
* {{trad|fi|rengas}}
* {{trad|fr|gang}}
* {{trad|el|σπείρα}}
* {{trad|nl|syndicaat}}
* {{trad|hu|érdekcsoport|klikk}}
{{tradmeio}}
* {{trad|id|komplotan}}
* {{trad|en|ring}}
* {{trad|is|glæpahringur|samtök}}
* {{trad|ja|一味}}
* {{trad|lv|banda|kliķe}}
* {{trad|lt|gauja|šutvė}}
* {{trad|no|ring}}
* {{trad|pl|krąg|szajka}}
* {{trad|ro|grup|gaşcă}}
* {{trad|ru|объединение|клика|шайка}}
* {{trad|sv|klick|liga}}
* {{trad|tr|çete|şebeke}}
{{tradfim}}
{{-etimologia-}}
: Do espanhol ''cuadrilla''.
==Ver também==
===No Wikcionário===
{{verTambém.Ini}}
* [[Apêndice:Coletivos]]
{{verTambém.NovaColuna}}
* [[aquadrilhar]]
{{verTambém.NovaColuna}}
* [[chefão]]
{{verTambém.Fim}}
[[Categoria:Substantivo (Português)]]
[[Categoria:Trissílabo (Português)]]
[[Categoria:Paroxítona (Português)]]
[[Categoria:Vocábulo com etimologia (Português)]]
[[Categoria:Coletivo (Português)]]
[[de:quadrilha]]
[[fr:quadrilha]]</text>
<sha1>m9drpd8t4cteu6obus8y6tiavxmftzf</sha1>
</revision>
<revision>
<id>613717</id>
<parentid>574318</parentid>
<timestamp>2009-11-14T16:42:40Z</timestamp>
<contributor>
<username>Jesielt-bot</username>
<id>10876</id>
</contributor>
<comment>, Replaced: {{-etimologia-}} → =={{etimologia}}==, utilizando [[Project:AutoWikiBrowser|AWB]]</comment>
<model>wikitext</model>
<format>text/x-wiki</format>
<text bytes="2595" xml:space="preserve">{{wikipedia}}
=Português=
==Substantivo==
{{flex.pt.feminino|s=quadrilha|p=quadrilhas}}
'''qua.&lt;u&gt;dri&lt;/u&gt;.lha'''
# tipo de [[dança]] agitada
#* ''A confusão da dança permitiu a Amélia esquivar-se, sem responder. Quando, terminada a '''quadrilha''', voltou a seu lugar, ficou perplexa. Tinha ela se comprometido ou não a dançar a seguinte '''quadrilha''' com Leopoldo?'' (&quot;A Pata da Gazela&quot;, capítulo IX, de José de Alencar)
# [[grupo]] de [[pessoa]]s, geralmente [[criminoso]]s
#* ''Ex-ministros e notáveis do “núcleo duro” do governo estão sendo processados pelo Supremo Tribunal Federal (STF) por corrupção ativa e formação de '''quadrilha'''.'' {{OESP|2007|dezembro|31}}
# {{escopo|Tauromaquia}} [[conjunto]] de [[subalterno]]s que atuam sob as [[ordem|ordens]] do [[matador]] ou do [[cavaleiro]]
===Tradução===
{{tradini|De 1 (tipo de dança agitada)}}
* {{trad|de|Reel|Quadrille}}
* {{trad|cs|rejdovák}}
* {{trad|da|reel}}
* {{trad|et|riil}}
* {{trad|fi|reel}}
* {{trad|fr|reel|quadrille}}
* {{trad|fur|cuadriglie}}
* {{trad|nl|reel}}
* {{trad|en|reel|quadrille}}
* {{trad|is|ræll}}
{{tradmeio}}
* {{trad|it|reel}}
* {{trad|ja|リールダンス}}
* {{trad|lv|kadriļa}}
* {{trad|lt|rilis}}
* {{trad|no|reel}}
* {{trad|pl|kadryl}}
* {{trad|ru|кадриль|рил|хоровод}}
* {{trad|sv|kadrilj|reel}}
* {{trad|uk|кадриль}}
{{tradfim}}
{{tradini|De 2 (grupo de pessoas, geralmente criminosos)}}
* {{trad|de|Ring}} ''m''
* {{trad|cs|banda|gang}}
* {{trad|zh|伙}}
* {{trad|da|kreds|kreds|ring}}
* {{trad|sk|banda|gang}}
* {{trad|sl|krog|tolpa}}
* {{trad|es|red|círculo}}
* {{trad|et|kamp}}
* {{trad|fi|rengas}}
* {{trad|fr|gang}}
* {{trad|el|σπείρα}}
* {{trad|nl|syndicaat}}
* {{trad|hu|érdekcsoport|klikk}}
{{tradmeio}}
* {{trad|id|komplotan}}
* {{trad|en|ring}}
* {{trad|is|glæpahringur|samtök}}
* {{trad|ja|一味}}
* {{trad|lv|banda|kliķe}}
* {{trad|lt|gauja|šutvė}}
* {{trad|no|ring}}
* {{trad|pl|krąg|szajka}}
* {{trad|ro|grup|gaşcă}}
* {{trad|ru|объединение|клика|шайка}}
* {{trad|sv|klick|liga}}
* {{trad|tr|çete|şebeke}}
{{tradfim}}
=={{etimologia}}==
: Do espanhol ''cuadrilla''.
==Ver também==
===No Wikcionário===
{{verTambém.Ini}}
* [[Apêndice:Coletivos]]
{{verTambém.NovaColuna}}
* [[aquadrilhar]]
{{verTambém.NovaColuna}}
* [[chefão]]
{{verTambém.Fim}}
[[Categoria:Substantivo (Português)]]
[[Categoria:Trissílabo (Português)]]
[[Categoria:Paroxítona (Português)]]
[[Categoria:Vocábulo com etimologia (Português)]]
[[Categoria:Coletivo (Português)]]
[[de:quadrilha]]
[[fr:quadrilha]]</text>
<sha1>q6xnhlj0bti7ed7rfpgfxxk56mey05c</sha1>
</revision>
<revision>
<id>864892</id>
<parentid>613717</parentid>
<timestamp>2010-05-01T17:38:29Z</timestamp>
<contributor>
<ip>213.13.245.19</ip>
</contributor>
<comment>/* Tradução */</comment>
<model>wikitext</model>
<format>text/x-wiki</format>
<text bytes="2619" xml:space="preserve">{{wikipedia}}
=Português=
==Substantivo==
{{flex.pt.feminino|s=quadrilha|p=quadrilhas}}
'''qua.&lt;u&gt;dri&lt;/u&gt;.lha'''
# tipo de [[dança]] agitada
#* ''A confusão da dança permitiu a Amélia esquivar-se, sem responder. Quando, terminada a '''quadrilha''', voltou a seu lugar, ficou perplexa. Tinha ela se comprometido ou não a dançar a seguinte '''quadrilha''' com Leopoldo?'' (&quot;A Pata da Gazela&quot;, capítulo IX, de José de Alencar)
# [[grupo]] de [[pessoa]]s, geralmente [[criminoso]]s
#* ''Ex-ministros e notáveis do “núcleo duro” do governo estão sendo processados pelo Supremo Tribunal Federal (STF) por corrupção ativa e formação de '''quadrilha'''.'' {{OESP|2007|dezembro|31}}
# {{escopo|Tauromaquia}} [[conjunto]] de [[subalterno]]s que atuam sob as [[ordem|ordens]] do [[matador]] ou do [[cavaleiro]]
porra porra porraporra porra porra porra pora  porraaaa porraaaaaaaaaaaaaaaaaaaaa
* {{trad|de|Reel|Quadrille}}
* {{trad|cs|rejdovák}}
* {{trad|da|reel}}
* {{trad|et|riil}}
* {{trad|fi|reel}}
* {{trad|fr|reel|quadrille}}
* {{trad|fur|cuadriglie}}
* {{trad|nl|reel}}
* {{trad|en|reel|quadrille}}
* {{trad|is|ræll}}
{{tradmeio}}
* {{trad|it|reel}}
* {{trad|ja|リールダンス}}
* {{trad|lv|kadriļa}}
* {{trad|lt|rilis}}
* {{trad|no|reel}}
* {{trad|pl|kadryl}}
* {{trad|ru|кадриль|рил|хоровод}}
* {{trad|sv|kadrilj|reel}}
* {{trad|uk|кадриль}}
{{tradfim}}
{{tradini|De 2 (grupo de pessoas, geralmente criminosos)}}
* {{trad|de|Ring}} ''m''
* {{trad|cs|banda|gang}}
* {{trad|zh|伙}}
* {{trad|da|kreds|kreds|ring}}
* {{trad|sk|banda|gang}}
* {{trad|sl|krog|tolpa}}
* {{trad|es|red|círculo}}
* {{trad|et|kamp}}
* {{trad|fi|rengas}}
* {{trad|fr|gang}}
* {{trad|el|σπείρα}}
* {{trad|nl|syndicaat}}
* {{trad|hu|érdekcsoport|klikk}}
{{tradmeio}}
* {{trad|id|komplotan}}
* {{trad|en|ring}}
* {{trad|is|glæpahringur|samtök}}
* {{trad|ja|一味}}
* {{trad|lv|banda|kliķe}}
* {{trad|lt|gauja|šutvė}}
* {{trad|no|ring}}
* {{trad|pl|krąg|szajka}}
* {{trad|ro|grup|gaşcă}}
* {{trad|ru|объединение|клика|шайка}}
* {{trad|sv|klick|liga}}
* {{trad|tr|çete|şebeke}}
{{tradfim}}

=={{etimologia}}==
: Do espanhol ''cuadrilla''.
==Ver também==
===No Wikcionário===
{{verTambém.Ini}}
* [[Apêndice:Coletivos]]
{{verTambém.NovaColuna}}
* [[aquadrilhar]]
{{verTambém.NovaColuna}}
* [[chefão]]
{{verTambém.Fim}}
[[Categoria:Substantivo (Português)]]
[[Categoria:Trissílabo (Português)]]
[[Categoria:Paroxítona (Português)]]
[[Categoria:Vocábulo com etimologia (Português)]]
[[Categoria:Coletivo (Português)]]
[[de:quadrilha]]
[[fr:quadrilha]]</text>
<sha1>s534yo3k2huilc2qqdlixfncoizutot</sha1>
</revision>
<revision>
<id>864910</id>
<parentid>864892</parentid>
<timestamp>2010-05-01T18:07:41Z</timestamp>
<contributor>
<ip>64.20.51.18</ip>
</contributor>
<comment>Usuário banido não tem direito de reclamar do que quer que seja -- A pega da tua tia é que foi banida...</comment>
<model>wikitext</model>
<format>text/x-wiki</format>
<text bytes="2538" xml:space="preserve">{{wikipedia}}
=Português=
==Substantivo==
{{flex.pt.feminino|s=quadrilha|p=quadrilhas}}
'''qua.&lt;u&gt;dri&lt;/u&gt;.lha'''
# tipo de [[dança]] agitada
#* ''A confusão da dança permitiu a Amélia esquivar-se, sem responder. Quando, terminada a '''quadrilha''', voltou a seu lugar, ficou perplexa. Tinha ela se comprometido ou não a dançar a seguinte '''quadrilha''' com Leopoldo?'' (&quot;A Pata da Gazela&quot;, capítulo IX, de José de Alencar)
# [[grupo]] de [[pessoa]]s, geralmente [[criminoso]]s
#* ''Ex-ministros e notáveis do “núcleo duro” do governo estão sendo processados pelo Supremo Tribunal Federal (STF) por corrupção ativa e formação de '''quadrilha'''.'' {{OESP|2007|dezembro|31}}
# {{escopo|Tauromaquia}} [[conjunto]] de [[subalterno]]s que atuam sob as [[ordem|ordens]] do [[matador]] ou do [[cavaleiro]]

* {{trad|de|Reel|Quadrille}}
* {{trad|cs|rejdovák}}
* {{trad|da|reel}}
* {{trad|et|riil}}
* {{trad|fi|reel}}
* {{trad|fr|reel|quadrille}}
* {{trad|fur|cuadriglie}}
* {{trad|nl|reel}}
* {{trad|en|reel|quadrille}}
* {{trad|is|ræll}}
{{tradmeio}}
* {{trad|it|reel}}
* {{trad|ja|リールダンス}}
* {{trad|lv|kadriļa}}
* {{trad|lt|rilis}}
* {{trad|no|reel}}
* {{trad|pl|kadryl}}
* {{trad|ru|кадриль|рил|хоровод}}
* {{trad|sv|kadrilj|reel}}
* {{trad|uk|кадриль}}
{{tradfim}}
{{tradini|De 2 (grupo de pessoas, geralmente criminosos)}}
* {{trad|de|Ring}} ''m''
* {{trad|cs|banda|gang}}
* {{trad|zh|伙}}
* {{trad|da|kreds|kreds|ring}}
* {{trad|sk|banda|gang}}
* {{trad|sl|krog|tolpa}}
* {{trad|es|red|círculo}}
* {{trad|et|kamp}}
* {{trad|fi|rengas}}
* {{trad|fr|gang}}
* {{trad|el|σπείρα}}
* {{trad|nl|syndicaat}}
* {{trad|hu|érdekcsoport|klikk}}
{{tradmeio}}
* {{trad|id|komplotan}}
* {{trad|en|ring}}
* {{trad|is|glæpahringur|samtök}}
* {{trad|ja|一味}}
* {{trad|lv|banda|kliķe}}
* {{trad|lt|gauja|šutvė}}
* {{trad|no|ring}}
* {{trad|pl|krąg|szajka}}
* {{trad|ro|grup|gaşcă}}
* {{trad|ru|объединение|клика|шайка}}
* {{trad|sv|klick|liga}}
* {{trad|tr|çete|şebeke}}
{{tradfim}}

=={{etimologia}}==
: Do espanhol ''cuadrilla''.
==Ver também==
===No Wikcionário===
{{verTambém.Ini}}
* [[Apêndice:Coletivos]]
{{verTambém.NovaColuna}}
* [[aquadrilhar]]
{{verTambém.NovaColuna}}
* [[chefão]]
{{verTambém.Fim}}
[[Categoria:Substantivo (Português)]]
[[Categoria:Trissílabo (Português)]]
[[Categoria:Paroxítona (Português)]]
[[Categoria:Vocábulo com etimologia (Português)]]
[[Categoria:Coletivo (Português)]]
[[de:quadrilha]]
[[fr:quadrilha]]</text>
<sha1>5syq31hljik2fdl5inee5lw8zfamh4o</sha1>
</revision>
<revision>
<id>1022157</id>
<parentid>864910</parentid>
<timestamp>2011-02-03T08:22:24Z</timestamp>
<contributor>
<username>Mjbmrbot</username>
<id>23705</id>
</contributor>
<minor />
<comment>r2.7.1) (Bot: Adicionando: [[eo:quadrilha]]</comment>
<model>wikitext</model>
<format>text/x-wiki</format>
<text bytes="2556" xml:space="preserve">{{wikipedia}}
=Português=
==Substantivo==
{{flex.pt.feminino|s=quadrilha|p=quadrilhas}}
'''qua.&lt;u&gt;dri&lt;/u&gt;.lha'''
# tipo de [[dança]] agitada
#* ''A confusão da dança permitiu a Amélia esquivar-se, sem responder. Quando, terminada a '''quadrilha''', voltou a seu lugar, ficou perplexa. Tinha ela se comprometido ou não a dançar a seguinte '''quadrilha''' com Leopoldo?'' (&quot;A Pata da Gazela&quot;, capítulo IX, de José de Alencar)
# [[grupo]] de [[pessoa]]s, geralmente [[criminoso]]s
#* ''Ex-ministros e notáveis do “núcleo duro” do governo estão sendo processados pelo Supremo Tribunal Federal (STF) por corrupção ativa e formação de '''quadrilha'''.'' {{OESP|2007|dezembro|31}}
# {{escopo|Tauromaquia}} [[conjunto]] de [[subalterno]]s que atuam sob as [[ordem|ordens]] do [[matador]] ou do [[cavaleiro]]

* {{trad|de|Reel|Quadrille}}
* {{trad|cs|rejdovák}}
* {{trad|da|reel}}
* {{trad|et|riil}}
* {{trad|fi|reel}}
* {{trad|fr|reel|quadrille}}
* {{trad|fur|cuadriglie}}
* {{trad|nl|reel}}
* {{trad|en|reel|quadrille}}
* {{trad|is|ræll}}
{{tradmeio}}
* {{trad|it|reel}}
* {{trad|ja|リールダンス}}
* {{trad|lv|kadriļa}}
* {{trad|lt|rilis}}
* {{trad|no|reel}}
* {{trad|pl|kadryl}}
* {{trad|ru|кадриль|рил|хоровод}}
* {{trad|sv|kadrilj|reel}}
* {{trad|uk|кадриль}}
{{tradfim}}
{{tradini|De 2 (grupo de pessoas, geralmente criminosos)}}
* {{trad|de|Ring}} ''m''
* {{trad|cs|banda|gang}}
* {{trad|zh|伙}}
* {{trad|da|kreds|kreds|ring}}
* {{trad|sk|banda|gang}}
* {{trad|sl|krog|tolpa}}
* {{trad|es|red|círculo}}
* {{trad|et|kamp}}
* {{trad|fi|rengas}}
* {{trad|fr|gang}}
* {{trad|el|σπείρα}}
* {{trad|nl|syndicaat}}
* {{trad|hu|érdekcsoport|klikk}}
{{tradmeio}}
* {{trad|id|komplotan}}
* {{trad|en|ring}}
* {{trad|is|glæpahringur|samtök}}
* {{trad|ja|一味}}
* {{trad|lv|banda|kliķe}}
* {{trad|lt|gauja|šutvė}}
* {{trad|no|ring}}
* {{trad|pl|krąg|szajka}}
* {{trad|ro|grup|gaşcă}}
* {{trad|ru|объединение|клика|шайка}}
* {{trad|sv|klick|liga}}
* {{trad|tr|çete|şebeke}}
{{tradfim}}

=={{etimologia}}==
: Do espanhol ''cuadrilla''.
==Ver também==
===No Wikcionário===
{{verTambém.Ini}}
* [[Apêndice:Coletivos]]
{{verTambém.NovaColuna}}
* [[aquadrilhar]]
{{verTambém.NovaColuna}}
* [[chefão]]
{{verTambém.Fim}}
[[Categoria:Substantivo (Português)]]
[[Categoria:Trissílabo (Português)]]
[[Categoria:Paroxítona (Português)]]
[[Categoria:Vocábulo com etimologia (Português)]]
[[Categoria:Coletivo (Português)]]

[[de:quadrilha]]
[[eo:quadrilha]]
[[fr:quadrilha]]</text>
<sha1>26qtgxt1pfakqy46nelc0idi70vf07y</sha1>
</revision>
<revision>
<id>1209286</id>
<parentid>1022157</parentid>
<timestamp>2011-07-10T11:40:31Z</timestamp>
<contributor>
<username>MalafayaBot</username>
<id>628</id>
</contributor>
<minor />
<comment>Robô: Substituição de texto automática (-^\=\s?Português\s?\= +={{-pt-}}= &amp; -^\=\s?\{\{pt\}\}\s?\= +={{-pt-}}=)</comment>
<model>wikitext</model>
<format>text/x-wiki</format>
<text bytes="2554" xml:space="preserve">{{wikipedia}}
={{-pt-}}=
==Substantivo==
{{flex.pt.feminino|s=quadrilha|p=quadrilhas}}
'''qua.&lt;u&gt;dri&lt;/u&gt;.lha'''
# tipo de [[dança]] agitada
#* ''A confusão da dança permitiu a Amélia esquivar-se, sem responder. Quando, terminada a '''quadrilha''', voltou a seu lugar, ficou perplexa. Tinha ela se comprometido ou não a dançar a seguinte '''quadrilha''' com Leopoldo?'' (&quot;A Pata da Gazela&quot;, capítulo IX, de José de Alencar)
# [[grupo]] de [[pessoa]]s, geralmente [[criminoso]]s
#* ''Ex-ministros e notáveis do “núcleo duro” do governo estão sendo processados pelo Supremo Tribunal Federal (STF) por corrupção ativa e formação de '''quadrilha'''.'' {{OESP|2007|dezembro|31}}
# {{escopo|Tauromaquia}} [[conjunto]] de [[subalterno]]s que atuam sob as [[ordem|ordens]] do [[matador]] ou do [[cavaleiro]]

* {{trad|de|Reel|Quadrille}}
* {{trad|cs|rejdovák}}
* {{trad|da|reel}}
* {{trad|et|riil}}
* {{trad|fi|reel}}
* {{trad|fr|reel|quadrille}}
* {{trad|fur|cuadriglie}}
* {{trad|nl|reel}}
* {{trad|en|reel|quadrille}}
* {{trad|is|ræll}}
{{tradmeio}}
* {{trad|it|reel}}
* {{trad|ja|リールダンス}}
* {{trad|lv|kadriļa}}
* {{trad|lt|rilis}}
* {{trad|no|reel}}
* {{trad|pl|kadryl}}
* {{trad|ru|кадриль|рил|хоровод}}
* {{trad|sv|kadrilj|reel}}
* {{trad|uk|кадриль}}
{{tradfim}}
{{tradini|De 2 (grupo de pessoas, geralmente criminosos)}}
* {{trad|de|Ring}} ''m''
* {{trad|cs|banda|gang}}
* {{trad|zh|伙}}
* {{trad|da|kreds|kreds|ring}}
* {{trad|sk|banda|gang}}
* {{trad|sl|krog|tolpa}}
* {{trad|es|red|círculo}}
* {{trad|et|kamp}}
* {{trad|fi|rengas}}
* {{trad|fr|gang}}
* {{trad|el|σπείρα}}
* {{trad|nl|syndicaat}}
* {{trad|hu|érdekcsoport|klikk}}
{{tradmeio}}
* {{trad|id|komplotan}}
* {{trad|en|ring}}
* {{trad|is|glæpahringur|samtök}}
* {{trad|ja|一味}}
* {{trad|lv|banda|kliķe}}
* {{trad|lt|gauja|šutvė}}
* {{trad|no|ring}}
* {{trad|pl|krąg|szajka}}
* {{trad|ro|grup|gaşcă}}
* {{trad|ru|объединение|клика|шайка}}
* {{trad|sv|klick|liga}}
* {{trad|tr|çete|şebeke}}
{{tradfim}}

=={{etimologia}}==
: Do espanhol ''cuadrilla''.
==Ver também==
===No Wikcionário===
{{verTambém.Ini}}
* [[Apêndice:Coletivos]]
{{verTambém.NovaColuna}}
* [[aquadrilhar]]
{{verTambém.NovaColuna}}
* [[chefão]]
{{verTambém.Fim}}
[[Categoria:Substantivo (Português)]]
[[Categoria:Trissílabo (Português)]]
[[Categoria:Paroxítona (Português)]]
[[Categoria:Vocábulo com etimologia (Português)]]
[[Categoria:Coletivo (Português)]]

[[de:quadrilha]]
[[eo:quadrilha]]
[[fr:quadrilha]]</text>
<sha1>iiijdoj4rctjha11x5og1ktinfgpd72</sha1>
</revision>
<revision>
<id>1222721</id>
<parentid>1209286</parentid>
<timestamp>2011-07-15T20:41:11Z</timestamp>
<contributor>
<username>MisterSanderson</username>
<id>9241</id>
</contributor>
<minor />
<comment>Padronização do artigo.</comment>
<model>wikitext</model>
<format>text/x-wiki</format>
<text bytes="2589" xml:space="preserve">{{wikipedia}}
={{-pt-}}=
==Substantivo==
{{flex.pt.feminino|s=quadrilha|p=quadrilhas}}
{{paroxítona|qua|dri|lha}} {{f}}

# tipo de [[dança]] agitada
#* ''A confusão da dança permitiu a Amélia esquivar-se, sem responder. Quando, terminada a '''quadrilha''', voltou a seu lugar, ficou perplexa. Tinha ela se comprometido ou não a dançar a seguinte '''quadrilha''' com Leopoldo?'' (&quot;A Pata da Gazela&quot;, capítulo IX, de José de Alencar)
# [[grupo]] de [[pessoa]]s, geralmente [[criminoso]]s
#* ''Ex-ministros e notáveis do “núcleo duro” do governo estão sendo processados pelo Supremo Tribunal Federal (STF) por corrupção ativa e formação de '''quadrilha'''.'' {{OESP|2007|dezembro|31}}
# {{escopo|Tauromaquia}} [[conjunto]] de [[subalterno]]s que atuam sob as [[ordem|ordens]] do [[matador]] ou do [[cavaleiro]]

==={{Tradução}}===
* {{trad|de|Reel|Quadrille}}
* {{trad|cs|rejdovák}}
* {{trad|da|reel}}
* {{trad|et|riil}}
* {{trad|fi|reel}}
* {{trad|fr|reel|quadrille}}
* {{trad|fur|cuadriglie}}
* {{trad|nl|reel}}
* {{trad|en|reel|quadrille}}
* {{trad|is|ræll}}
{{tradmeio}}
* {{trad|it|reel}}
* {{trad|ja|リールダンス}}
* {{trad|lv|kadriļa}}
* {{trad|lt|rilis}}
* {{trad|no|reel}}
* {{trad|pl|kadryl}}
* {{trad|ru|кадриль|рил|хоровод}}
* {{trad|sv|kadrilj|reel}}
* {{trad|uk|кадриль}}
{{tradfim}}
{{tradini|De 2 (grupo de pessoas, geralmente criminosos)}}
* {{trad|de|Ring}} ''m''
* {{trad|cs|banda|gang}}
* {{trad|zh|伙}}
* {{trad|da|kreds|kreds|ring}}
* {{trad|sk|banda|gang}}
* {{trad|sl|krog|tolpa}}
* {{trad|es|red|círculo}}
* {{trad|et|kamp}}
* {{trad|fi|rengas}}
* {{trad|fr|gang}}
* {{trad|el|σπείρα}}
* {{trad|nl|syndicaat}}
* {{trad|hu|érdekcsoport|klikk}}
{{tradmeio}}
* {{trad|id|komplotan}}
* {{trad|en|ring}}
* {{trad|is|glæpahringur|samtök}}
* {{trad|ja|一味}}
* {{trad|lv|banda|kliķe}}
* {{trad|lt|gauja|šutvė}}
* {{trad|no|ring}}
* {{trad|pl|krąg|szajka}}
* {{trad|ro|grup|gaşcă}}
* {{trad|ru|объединение|клика|шайка}}
* {{trad|sv|klick|liga}}
* {{trad|tr|çete|şebeke}}
{{tradfim}}

=={{etimologia}}==
: Do espanhol ''[[cuadrilla]]''.

=={{vertb}}==
===No Wikcionário===
{{verTambém.Ini}}
* [[Apêndice:Coletivos]]
{{verTambém.NovaColuna}}
* [[aquadrilhar]]
{{verTambém.NovaColuna}}
* [[chefão]]
{{verTambém.Fim}}

[[Categoria:Substantivo (Português)]]
[[Categoria:Trissílabo (Português)]]
[[Categoria:Paroxítona (Português)]]
[[Categoria:Vocábulo com etimologia (Português)]]
[[Categoria:Coletivo (Português)]]

[[de:quadrilha]]
[[eo:quadrilha]]
[[fr:quadrilha]]</text>
<sha1>cuvd13gn3ufqrlwfi44jsqatv5sb8mt</sha1>
</revision>
<revision>
<id>1222723</id>
<parentid>1222721</parentid>
<timestamp>2011-07-15T20:41:56Z</timestamp>
<contributor>
<username>MisterSanderson</username>
<id>9241</id>
</contributor>
<minor />
<comment>Correção(ões).</comment>
<model>wikitext</model>
<format>text/x-wiki</format>
<text bytes="2589" xml:space="preserve">{{wikipedia}}
={{-pt-}}=
==Substantivo==
{{flex.pt.feminino|s=quadrilha|p=quadrilhas}}
{{paroxítona|qua|dri|lha}} {{f}}

# tipo de [[dança]] agitada
#* ''A confusão da dança permitiu a Amélia esquivar-se, sem responder. Quando, terminada a '''quadrilha''', voltou a seu lugar, ficou perplexa. Tinha ela se comprometido ou não a dançar a seguinte '''quadrilha''' com Leopoldo?'' (&quot;A Pata da Gazela&quot;, capítulo IX, de José de Alencar)
# [[grupo]] de [[pessoa]]s, geralmente [[criminoso]]s
#* ''Ex-ministros e notáveis do “núcleo duro” do governo estão sendo processados pelo Supremo Tribunal Federal (STF) por corrupção ativa e formação de '''quadrilha'''.'' {{OESP|2007|dezembro|31}}
# {{escopo|Tauromaquia}} [[conjunto]] de [[subalterno]]s que atuam sob as [[ordem|ordens]] do [[matador]] ou do [[cavaleiro]]

==={{tradução}}===
* {{trad|de|Reel|Quadrille}}
* {{trad|cs|rejdovák}}
* {{trad|da|reel}}
* {{trad|et|riil}}
* {{trad|fi|reel}}
* {{trad|fr|reel|quadrille}}
* {{trad|fur|cuadriglie}}
* {{trad|nl|reel}}
* {{trad|en|reel|quadrille}}
* {{trad|is|ræll}}
{{tradmeio}}
* {{trad|it|reel}}
* {{trad|ja|リールダンス}}
* {{trad|lv|kadriļa}}
* {{trad|lt|rilis}}
* {{trad|no|reel}}
* {{trad|pl|kadryl}}
* {{trad|ru|кадриль|рил|хоровод}}
* {{trad|sv|kadrilj|reel}}
* {{trad|uk|кадриль}}
{{tradfim}}
{{tradini|De 2 (grupo de pessoas, geralmente criminosos)}}
* {{trad|de|Ring}} ''m''
* {{trad|cs|banda|gang}}
* {{trad|zh|伙}}
* {{trad|da|kreds|kreds|ring}}
* {{trad|sk|banda|gang}}
* {{trad|sl|krog|tolpa}}
* {{trad|es|red|círculo}}
* {{trad|et|kamp}}
* {{trad|fi|rengas}}
* {{trad|fr|gang}}
* {{trad|el|σπείρα}}
* {{trad|nl|syndicaat}}
* {{trad|hu|érdekcsoport|klikk}}
{{tradmeio}}
* {{trad|id|komplotan}}
* {{trad|en|ring}}
* {{trad|is|glæpahringur|samtök}}
* {{trad|ja|一味}}
* {{trad|lv|banda|kliķe}}
* {{trad|lt|gauja|šutvė}}
* {{trad|no|ring}}
* {{trad|pl|krąg|szajka}}
* {{trad|ro|grup|gaşcă}}
* {{trad|ru|объединение|клика|шайка}}
* {{trad|sv|klick|liga}}
* {{trad|tr|çete|şebeke}}
{{tradfim}}

=={{etimologia}}==
: Do espanhol ''[[cuadrilla]]''.

=={{vertb}}==
===No Wikcionário===
{{verTambém.Ini}}
* [[Apêndice:Coletivos]]
{{verTambém.NovaColuna}}
* [[aquadrilhar]]
{{verTambém.NovaColuna}}
* [[chefão]]
{{verTambém.Fim}}

[[Categoria:Substantivo (Português)]]
[[Categoria:Trissílabo (Português)]]
[[Categoria:Paroxítona (Português)]]
[[Categoria:Vocábulo com etimologia (Português)]]
[[Categoria:Coletivo (Português)]]

[[de:quadrilha]]
[[eo:quadrilha]]
[[fr:quadrilha]]</text>
<sha1>ct1fsun64polfiurjgpv763mxed89pg</sha1>
</revision>
<revision>
<id>1291913</id>
<parentid>1222723</parentid>
<timestamp>2011-11-19T19:05:45Z</timestamp>
<contributor>
<username>ValJor</username>
<id>1358</id>
</contributor>
<comment>Corrigindo o problema dos diacríticos romenos: ţş --&gt; țș</comment>
<model>wikitext</model>
<format>text/x-wiki</format>
<text bytes="2489" xml:space="preserve">{{wikipedia}}

={{-pt-}}=
==Substantivo==
{{flex.pt|fs=quadrilha|fp=quadrilhas}}
{{paroxítona|qua|dri|lha}}
# tipo de [[dança]] agitada
#* ''A confusão da dança permitiu a Amélia esquivar-se, sem responder. Quando, terminada a '''quadrilha''', voltou a seu lugar, ficou perplexa. Tinha ela se comprometido ou não a dançar a seguinte '''quadrilha''' com Leopoldo?'' (&quot;A Pata da Gazela&quot;, capítulo IX, de José de Alencar)
# [[grupo]] de [[pessoa]]s, geralmente [[criminoso]]s
#* ''Ex-ministros e notáveis do “núcleo duro” do governo estão sendo processados pelo Supremo Tribunal Federal (STF) por corrupção ativa e formação de '''quadrilha'''.'' {{OESP|2007|dezembro|31}}
# {{escopo|Tauromaquia}} [[conjunto]] de [[subalterno]]s que atuam sob as [[ordem|ordens]] do [[matador]] ou do [[cavaleiro]]

===Tradução===
{{tradini|De 1 (tipo de dança agitada)}}
* {{trad|de|Reel|Quadrille}}
* {{trad|cs|rejdovák}}
* {{trad|da|reel}}
* {{trad|et|riil}}
* {{trad|fi|reel}}
* {{trad|fr|reel|quadrille}}
* {{trad|fur|cuadriglie}}
* {{trad|nl|reel}}
* {{trad|en|reel|quadrille}}
* {{trad|is|ræll}}
{{tradmeio}}
* {{trad|it|reel}}
* {{trad|ja|リールダンス}}
* {{trad|lv|kadriļa}}
* {{trad|lt|rilis}}
* {{trad|no|reel}}
* {{trad|pl|kadryl}}
* {{trad|ru|кадриль|рил|хоровод}}
* {{trad|sv|kadrilj|reel}}
* {{trad|uk|кадриль}}
{{tradfim}}
{{tradini|De 2 (grupo de pessoas, geralmente criminosos)}}
* {{trad|de|Ring}} ''m''
* {{trad|cs|banda|gang}}
* {{trad|zh|伙}}
* {{trad|da|kreds|kreds|ring}}
* {{trad|sk|banda|gang}}
* {{trad|sl|krog|tolpa}}
* {{trad|es|red|círculo}}
* {{trad|et|kamp}}
* {{trad|fi|rengas}}
* {{trad|fr|gang}}
* {{trad|el|σπείρα}}
* {{trad|nl|syndicaat}}
* {{trad|hu|érdekcsoport|klikk}}
{{tradmeio}}
* {{trad|id|komplotan}}
* {{trad|en|ring}}
* {{trad|is|glæpahringur|samtök}}
* {{trad|ja|一味}}
* {{trad|lv|banda|kliķe}}
* {{trad|lt|gauja|šutvė}}
* {{trad|no|ring}}
* {{trad|pl|krąg|szajka}}
* {{trad|ro|grup|gașcă}}
* {{trad|ru|объединение|клика|шайка}}
* {{trad|sv|klick|liga}}
* {{trad|tr|çete|şebeke}}
{{tradfim}}

=={{etimologia|pt}}==
: Do espanhol ''[[cuadrilla]]''.

==Ver também==
===No Wikcionário===
{{verTambém.Ini}}
* [[Apêndice:Coletivos]]
{{verTambém.NovaColuna}}
* [[aquadrilhar]]
{{verTambém.NovaColuna}}
* [[chefão]]
{{verTambém.Fim}}

[[Categoria:Substantivo (Português)]]
[[Categoria:Coletivo (Português)]]

[[de:quadrilha]]
[[eo:quadrilha]]
[[fr:quadrilha]]</text>
<sha1>4os5d6pb7n056aep3yy0q077wt1dc2c</sha1>
</revision>
<revision>
<id>1451709</id>
<parentid>1291913</parentid>
<timestamp>2012-08-22T23:23:34Z</timestamp>
<contributor>
<username>HydrizBot</username>
<id>29590</id>
</contributor>
<minor />
<comment>r2.7.3) (Robô: A adicionar: [[mg:quadrilha]]</comment>
<model>wikitext</model>
<format>text/x-wiki</format>
<text bytes="2506" xml:space="preserve">{{wikipedia}}

={{-pt-}}=
==Substantivo==
{{flex.pt|fs=quadrilha|fp=quadrilhas}}
{{paroxítona|qua|dri|lha}}
# tipo de [[dança]] agitada
#* ''A confusão da dança permitiu a Amélia esquivar-se, sem responder. Quando, terminada a '''quadrilha''', voltou a seu lugar, ficou perplexa. Tinha ela se comprometido ou não a dançar a seguinte '''quadrilha''' com Leopoldo?'' (&quot;A Pata da Gazela&quot;, capítulo IX, de José de Alencar)
# [[grupo]] de [[pessoa]]s, geralmente [[criminoso]]s
#* ''Ex-ministros e notáveis do “núcleo duro” do governo estão sendo processados pelo Supremo Tribunal Federal (STF) por corrupção ativa e formação de '''quadrilha'''.'' {{OESP|2007|dezembro|31}}
# {{escopo|Tauromaquia}} [[conjunto]] de [[subalterno]]s que atuam sob as [[ordem|ordens]] do [[matador]] ou do [[cavaleiro]]

===Tradução===
{{tradini|De 1 (tipo de dança agitada)}}
* {{trad|de|Reel|Quadrille}}
* {{trad|cs|rejdovák}}
* {{trad|da|reel}}
* {{trad|et|riil}}
* {{trad|fi|reel}}
* {{trad|fr|reel|quadrille}}
* {{trad|fur|cuadriglie}}
* {{trad|nl|reel}}
* {{trad|en|reel|quadrille}}
* {{trad|is|ræll}}
{{tradmeio}}
* {{trad|it|reel}}
* {{trad|ja|リールダンス}}
* {{trad|lv|kadriļa}}
* {{trad|lt|rilis}}
* {{trad|no|reel}}
* {{trad|pl|kadryl}}
* {{trad|ru|кадриль|рил|хоровод}}
* {{trad|sv|kadrilj|reel}}
* {{trad|uk|кадриль}}
{{tradfim}}
{{tradini|De 2 (grupo de pessoas, geralmente criminosos)}}
* {{trad|de|Ring}} ''m''
* {{trad|cs|banda|gang}}
* {{trad|zh|伙}}
* {{trad|da|kreds|kreds|ring}}
* {{trad|sk|banda|gang}}
* {{trad|sl|krog|tolpa}}
* {{trad|es|red|círculo}}
* {{trad|et|kamp}}
* {{trad|fi|rengas}}
* {{trad|fr|gang}}
* {{trad|el|σπείρα}}
* {{trad|nl|syndicaat}}
* {{trad|hu|érdekcsoport|klikk}}
{{tradmeio}}
* {{trad|id|komplotan}}
* {{trad|en|ring}}
* {{trad|is|glæpahringur|samtök}}
* {{trad|ja|一味}}
* {{trad|lv|banda|kliķe}}
* {{trad|lt|gauja|šutvė}}
* {{trad|no|ring}}
* {{trad|pl|krąg|szajka}}
* {{trad|ro|grup|gașcă}}
* {{trad|ru|объединение|клика|шайка}}
* {{trad|sv|klick|liga}}
* {{trad|tr|çete|şebeke}}
{{tradfim}}

=={{etimologia|pt}}==
: Do espanhol ''[[cuadrilla]]''.

==Ver também==
===No Wikcionário===
{{verTambém.Ini}}
* [[Apêndice:Coletivos]]
{{verTambém.NovaColuna}}
* [[aquadrilhar]]
{{verTambém.NovaColuna}}
* [[chefão]]
{{verTambém.Fim}}

[[Categoria:Substantivo (Português)]]
[[Categoria:Coletivo (Português)]]

[[de:quadrilha]]
[[eo:quadrilha]]
[[fr:quadrilha]]
[[mg:quadrilha]]</text>
<sha1>mwbnndtiiceqwpq6m2o68491umghk0p</sha1>
</revision>
<revision>
<id>1489046</id>
<parentid>1451709</parentid>
<timestamp>2012-10-21T14:10:52Z</timestamp>
<contributor>
<username>VJBot</username>
<id>33673</id>
</contributor>
<minor />
<comment>Robô: Substituição de texto automática  (-{{wikipedia}} +{{Wikipédia}})</comment>
<model>wikitext</model>
<format>text/x-wiki</format>
<text bytes="2507" xml:space="preserve">{{Wikipédia}}

={{-pt-}}=
==Substantivo==
{{flex.pt|fs=quadrilha|fp=quadrilhas}}
{{paroxítona|qua|dri|lha}}
# tipo de [[dança]] agitada
#* ''A confusão da dança permitiu a Amélia esquivar-se, sem responder. Quando, terminada a '''quadrilha''', voltou a seu lugar, ficou perplexa. Tinha ela se comprometido ou não a dançar a seguinte '''quadrilha''' com Leopoldo?'' (&quot;A Pata da Gazela&quot;, capítulo IX, de José de Alencar)
# [[grupo]] de [[pessoa]]s, geralmente [[criminoso]]s
#* ''Ex-ministros e notáveis do “núcleo duro” do governo estão sendo processados pelo Supremo Tribunal Federal (STF) por corrupção ativa e formação de '''quadrilha'''.'' {{OESP|2007|dezembro|31}}
# {{escopo|Tauromaquia}} [[conjunto]] de [[subalterno]]s que atuam sob as [[ordem|ordens]] do [[matador]] ou do [[cavaleiro]]

===Tradução===
{{tradini|De 1 (tipo de dança agitada)}}
* {{trad|de|Reel|Quadrille}}
* {{trad|cs|rejdovák}}
* {{trad|da|reel}}
* {{trad|et|riil}}
* {{trad|fi|reel}}
* {{trad|fr|reel|quadrille}}
* {{trad|fur|cuadriglie}}
* {{trad|nl|reel}}
* {{trad|en|reel|quadrille}}
* {{trad|is|ræll}}
{{tradmeio}}
* {{trad|it|reel}}
* {{trad|ja|リールダンス}}
* {{trad|lv|kadriļa}}
* {{trad|lt|rilis}}
* {{trad|no|reel}}
* {{trad|pl|kadryl}}
* {{trad|ru|кадриль|рил|хоровод}}
* {{trad|sv|kadrilj|reel}}
* {{trad|uk|кадриль}}
{{tradfim}}
{{tradini|De 2 (grupo de pessoas, geralmente criminosos)}}
* {{trad|de|Ring}} ''m''
* {{trad|cs|banda|gang}}
* {{trad|zh|伙}}
* {{trad|da|kreds|kreds|ring}}
* {{trad|sk|banda|gang}}
* {{trad|sl|krog|tolpa}}
* {{trad|es|red|círculo}}
* {{trad|et|kamp}}
* {{trad|fi|rengas}}
* {{trad|fr|gang}}
* {{trad|el|σπείρα}}
* {{trad|nl|syndicaat}}
* {{trad|hu|érdekcsoport|klikk}}
{{tradmeio}}
* {{trad|id|komplotan}}
* {{trad|en|ring}}
* {{trad|is|glæpahringur|samtök}}
* {{trad|ja|一味}}
* {{trad|lv|banda|kliķe}}
* {{trad|lt|gauja|šutvė}}
* {{trad|no|ring}}
* {{trad|pl|krąg|szajka}}
* {{trad|ro|grup|gașcă}}
* {{trad|ru|объединение|клика|шайка}}
* {{trad|sv|klick|liga}}
* {{trad|tr|çete|şebeke}}
{{tradfim}}

=={{etimologia|pt}}==
: Do espanhol ''[[cuadrilla]]''.

==Ver também==
===No Wikcionário===
{{verTambém.Ini}}
* [[Apêndice:Coletivos]]
{{verTambém.NovaColuna}}
* [[aquadrilhar]]
{{verTambém.NovaColuna}}
* [[chefão]]
{{verTambém.Fim}}

[[Categoria:Substantivo (Português)]]
[[Categoria:Coletivo (Português)]]

[[de:quadrilha]]
[[eo:quadrilha]]
[[fr:quadrilha]]
[[mg:quadrilha]]</text>
<sha1>57rio90d6w0f64hkp82twgza0ycqgw5</sha1>
</revision>
<revision>
<id>1813420</id>
<parentid>1489046</parentid>
<timestamp>2014-03-04T10:58:36Z</timestamp>
<contributor>
<username>MIL973</username>
<id>41339</id>
</contributor>
<model>wikitext</model>
<format>text/x-wiki</format>
<text bytes="2563" xml:space="preserve">{{Wikipédia}}

={{-pt-}}=
==Substantivo==
{{flex.pt|fs=quadrilha|fp=quadrilhas}}
{{paroxítona|qua|dri|lha}}, {{f}}
# tipo de [[dança]] agitada
#* ''A confusão da dança permitiu a Amélia esquivar-se, sem responder. Quando, terminada a '''quadrilha''', voltou a seu lugar, ficou perplexa. Tinha ela se comprometido ou não a dançar a seguinte '''quadrilha''' com Leopoldo?'' (&quot;A Pata da Gazela&quot;, capítulo IX, de José de Alencar)
# [[grupo]] de [[pessoa]]s, geralmente [[criminoso]]s
#* ''Ex-ministros e notáveis do “núcleo duro” do governo estão sendo processados pelo Supremo Tribunal Federal (STF) por corrupção ativa e formação de '''quadrilha'''.'' {{OESP|2007|dezembro|31}}
# {{escopo|Tauromaquia}} [[conjunto]] de [[subalterno]]s que atuam sob as [[ordem|ordens]] do [[matador]] ou do [[cavaleiro]]

===Verbetes derivados===
* [[quadrilheiro]]

===Tradução===
{{tradini|De 1 (tipo de dança agitada)}}
* {{trad|de|Reel|Quadrille}}
* {{trad|cs|rejdovák}}
* {{trad|da|reel}}
* {{trad|et|riil}}
* {{trad|fi|reel}}
* {{trad|fr|reel|quadrille}}
* {{trad|fur|cuadriglie}}
* {{trad|nl|reel}}
* {{trad|en|reel|quadrille}}
* {{trad|is|ræll}}
{{tradmeio}}
* {{trad|it|reel}}
* {{trad|ja|リールダンス}}
* {{trad|lv|kadriļa}}
* {{trad|lt|rilis}}
* {{trad|no|reel}}
* {{trad|pl|kadryl}}
* {{trad|ru|кадриль|рил|хоровод}}
* {{trad|sv|kadrilj|reel}}
* {{trad|uk|кадриль}}
{{tradfim}}
{{tradini|De 2 (grupo de pessoas, geralmente criminosos)}}
* {{trad|de|Ring}} ''m''
* {{trad|cs|banda|gang}}
* {{trad|zh|伙}}
* {{trad|da|kreds|kreds|ring}}
* {{trad|sk|banda|gang}}
* {{trad|sl|krog|tolpa}}
* {{trad|es|red|círculo}}
* {{trad|et|kamp}}
* {{trad|fi|rengas}}
* {{trad|fr|gang}}
* {{trad|el|σπείρα}}
* {{trad|nl|syndicaat}}
* {{trad|hu|érdekcsoport|klikk}}
{{tradmeio}}
* {{trad|id|komplotan}}
* {{trad|en|ring}}
* {{trad|is|glæpahringur|samtök}}
* {{trad|ja|一味}}
* {{trad|lv|banda|kliķe}}
* {{trad|lt|gauja|šutvė}}
* {{trad|no|ring}}
* {{trad|pl|krąg|szajka}}
* {{trad|ro|grup|gașcă}}
* {{trad|ru|объединение|клика|шайка}}
* {{trad|sv|klick|liga}}
* {{trad|tr|çete|şebeke}}
{{tradfim}}

=={{etimologia|pt}}==
: Do [[espanhol]] ''[[cuadrilla]]''.

==Ver também==
===No Wikcionário===
{{verTambém.Ini}}
* [[Apêndice:Coletivos]]
{{verTambém.NovaColuna}}
* [[aquadrilhar]]
{{verTambém.NovaColuna}}
* [[chefão]]
{{verTambém.Fim}}

[[Categoria:Substantivo (Português)]]
[[Categoria:Coletivo (Português)]]

[[de:quadrilha]]
[[eo:quadrilha]]
[[fr:quadrilha]]
[[mg:quadrilha]]</text>
<sha1>qd0koak8inlz22vraogln165ybjm58a</sha1>
</revision>
<revision>
<id>2134279</id>
<parentid>1813420</parentid>
<timestamp>2016-06-09T22:14:41Z</timestamp>
<contributor>
<username>UT-interwiki-Bot</username>
<id>56129</id>
</contributor>
<minor />
<comment>Robô: A adicionar: [[en:quadrilha]]</comment>
<model>wikitext</model>
<format>text/x-wiki</format>
<text bytes="2580" xml:space="preserve">{{Wikipédia}}

={{-pt-}}=
==Substantivo==
{{flex.pt|fs=quadrilha|fp=quadrilhas}}
{{paroxítona|qua|dri|lha}}, {{f}}
# tipo de [[dança]] agitada
#* ''A confusão da dança permitiu a Amélia esquivar-se, sem responder. Quando, terminada a '''quadrilha''', voltou a seu lugar, ficou perplexa. Tinha ela se comprometido ou não a dançar a seguinte '''quadrilha''' com Leopoldo?'' (&quot;A Pata da Gazela&quot;, capítulo IX, de José de Alencar)
# [[grupo]] de [[pessoa]]s, geralmente [[criminoso]]s
#* ''Ex-ministros e notáveis do “núcleo duro” do governo estão sendo processados pelo Supremo Tribunal Federal (STF) por corrupção ativa e formação de '''quadrilha'''.'' {{OESP|2007|dezembro|31}}
# {{escopo|Tauromaquia}} [[conjunto]] de [[subalterno]]s que atuam sob as [[ordem|ordens]] do [[matador]] ou do [[cavaleiro]]

===Verbetes derivados===
* [[quadrilheiro]]

===Tradução===
{{tradini|De 1 (tipo de dança agitada)}}
* {{trad|de|Reel|Quadrille}}
* {{trad|cs|rejdovák}}
* {{trad|da|reel}}
* {{trad|et|riil}}
* {{trad|fi|reel}}
* {{trad|fr|reel|quadrille}}
* {{trad|fur|cuadriglie}}
* {{trad|nl|reel}}
* {{trad|en|reel|quadrille}}
* {{trad|is|ræll}}
{{tradmeio}}
* {{trad|it|reel}}
* {{trad|ja|リールダンス}}
* {{trad|lv|kadriļa}}
* {{trad|lt|rilis}}
* {{trad|no|reel}}
* {{trad|pl|kadryl}}
* {{trad|ru|кадриль|рил|хоровод}}
* {{trad|sv|kadrilj|reel}}
* {{trad|uk|кадриль}}
{{tradfim}}
{{tradini|De 2 (grupo de pessoas, geralmente criminosos)}}
* {{trad|de|Ring}} ''m''
* {{trad|cs|banda|gang}}
* {{trad|zh|伙}}
* {{trad|da|kreds|kreds|ring}}
* {{trad|sk|banda|gang}}
* {{trad|sl|krog|tolpa}}
* {{trad|es|red|círculo}}
* {{trad|et|kamp}}
* {{trad|fi|rengas}}
* {{trad|fr|gang}}
* {{trad|el|σπείρα}}
* {{trad|nl|syndicaat}}
* {{trad|hu|érdekcsoport|klikk}}
{{tradmeio}}
* {{trad|id|komplotan}}
* {{trad|en|ring}}
* {{trad|is|glæpahringur|samtök}}
* {{trad|ja|一味}}
* {{trad|lv|banda|kliķe}}
* {{trad|lt|gauja|šutvė}}
* {{trad|no|ring}}
* {{trad|pl|krąg|szajka}}
* {{trad|ro|grup|gașcă}}
* {{trad|ru|объединение|клика|шайка}}
* {{trad|sv|klick|liga}}
* {{trad|tr|çete|şebeke}}
{{tradfim}}

=={{etimologia|pt}}==
: Do [[espanhol]] ''[[cuadrilla]]''.

==Ver também==
===No Wikcionário===
{{verTambém.Ini}}
* [[Apêndice:Coletivos]]
{{verTambém.NovaColuna}}
* [[aquadrilhar]]
{{verTambém.NovaColuna}}
* [[chefão]]
{{verTambém.Fim}}

[[Categoria:Substantivo (Português)]]
[[Categoria:Coletivo (Português)]]

[[de:quadrilha]]
[[en:quadrilha]]
[[eo:quadrilha]]
[[fr:quadrilha]]
[[mg:quadrilha]]</text>
<sha1>g4qyq6m01p45moam9oyzd27zytakxxo</sha1>
</revision>
<revision>
<id>2396691</id>
<parentid>2134279</parentid>
<timestamp>2017-05-13T10:58:05Z</timestamp>
<contributor>
<username>HydrizBot</username>
<id>29590</id>
</contributor>
<minor />
<comment>Robô: A limpar links interwikis antigos</comment>
<model>wikitext</model>
<format>text/x-wiki</format>
<text bytes="2494" xml:space="preserve">{{Wikipédia}}

={{-pt-}}=
==Substantivo==
{{flex.pt|fs=quadrilha|fp=quadrilhas}}
{{paroxítona|qua|dri|lha}}, {{f}}
# tipo de [[dança]] agitada
#* ''A confusão da dança permitiu a Amélia esquivar-se, sem responder. Quando, terminada a '''quadrilha''', voltou a seu lugar, ficou perplexa. Tinha ela se comprometido ou não a dançar a seguinte '''quadrilha''' com Leopoldo?'' (&quot;A Pata da Gazela&quot;, capítulo IX, de José de Alencar)
# [[grupo]] de [[pessoa]]s, geralmente [[criminoso]]s
#* ''Ex-ministros e notáveis do “núcleo duro” do governo estão sendo processados pelo Supremo Tribunal Federal (STF) por corrupção ativa e formação de '''quadrilha'''.'' {{OESP|2007|dezembro|31}}
# {{escopo|Tauromaquia}} [[conjunto]] de [[subalterno]]s que atuam sob as [[ordem|ordens]] do [[matador]] ou do [[cavaleiro]]

===Verbetes derivados===
* [[quadrilheiro]]

===Tradução===
{{tradini|De 1 (tipo de dança agitada)}}
* {{trad|de|Reel|Quadrille}}
* {{trad|cs|rejdovák}}
* {{trad|da|reel}}
* {{trad|et|riil}}
* {{trad|fi|reel}}
* {{trad|fr|reel|quadrille}}
* {{trad|fur|cuadriglie}}
* {{trad|nl|reel}}
* {{trad|en|reel|quadrille}}
* {{trad|is|ræll}}
{{tradmeio}}
* {{trad|it|reel}}
* {{trad|ja|リールダンス}}
* {{trad|lv|kadriļa}}
* {{trad|lt|rilis}}
* {{trad|no|reel}}
* {{trad|pl|kadryl}}
* {{trad|ru|кадриль|рил|хоровод}}
* {{trad|sv|kadrilj|reel}}
* {{trad|uk|кадриль}}
{{tradfim}}
{{tradini|De 2 (grupo de pessoas, geralmente criminosos)}}
* {{trad|de|Ring}} ''m''
* {{trad|cs|banda|gang}}
* {{trad|zh|伙}}
* {{trad|da|kreds|kreds|ring}}
* {{trad|sk|banda|gang}}
* {{trad|sl|krog|tolpa}}
* {{trad|es|red|círculo}}
* {{trad|et|kamp}}
* {{trad|fi|rengas}}
* {{trad|fr|gang}}
* {{trad|el|σπείρα}}
* {{trad|nl|syndicaat}}
* {{trad|hu|érdekcsoport|klikk}}
{{tradmeio}}
* {{trad|id|komplotan}}
* {{trad|en|ring}}
* {{trad|is|glæpahringur|samtök}}
* {{trad|ja|一味}}
* {{trad|lv|banda|kliķe}}
* {{trad|lt|gauja|šutvė}}
* {{trad|no|ring}}
* {{trad|pl|krąg|szajka}}
* {{trad|ro|grup|gașcă}}
* {{trad|ru|объединение|клика|шайка}}
* {{trad|sv|klick|liga}}
* {{trad|tr|çete|şebeke}}
{{tradfim}}

=={{etimologia|pt}}==
: Do [[espanhol]] ''[[cuadrilla]]''.

==Ver também==
===No Wikcionário===
{{verTambém.Ini}}
* [[Apêndice:Coletivos]]
{{verTambém.NovaColuna}}
* [[aquadrilhar]]
{{verTambém.NovaColuna}}
* [[chefão]]
{{verTambém.Fim}}

[[Categoria:Substantivo (Português)]]
[[Categoria:Coletivo (Português)]]</text>
<sha1>cldsd9f4juhe3vx2zxvtwxmxz6c7jur</sha1>
</revision>
<revision>
<id>2585518</id>
<parentid>2396691</parentid>
<timestamp>2020-04-12T13:36:55Z</timestamp>
<contributor>
<username>ValJor</username>
<id>1358</id>
</contributor>
<comment>Retirando ligação para o Apêndice:Coletivos com o objetivo de eliminar essa página em seguida</comment>
<model>wikitext</model>
<format>text/x-wiki</format>
<text bytes="2642" xml:space="preserve">{{Wikipédia}}

={{-pt-}}=
==Substantivo==
{{flex.pt|fs=quadrilha|fp=quadrilhas}}
{{paroxítona|qua|dri|lha}}, {{gramática|f}}
# tipo de [[dança]] agitada
#* ''A confusão da dança permitiu a Amélia esquivar-se, sem responder. Quando, terminada a '''quadrilha''', voltou a seu lugar, ficou perplexa. Tinha ela se comprometido ou não a dançar a seguinte '''quadrilha''' com Leopoldo?'' (&quot;A Pata da Gazela&quot;, capítulo IX, de José de Alencar)
# [[grupo]] de [[pessoa]]s, geralmente [[criminoso]]s
#* ''Ex-ministros e notáveis do “núcleo duro” do governo estão sendo processados pelo Supremo Tribunal Federal (STF) por corrupção ativa e formação de '''quadrilha'''.'' {{OESP|2007|dezembro|31}}
# {{escopo2|Tauromaquia}} [[conjunto]] de [[subalterno]]s que atuam sob as [[ordem|ordens]] do [[matador]] ou do [[cavaleiro]]

===Verbetes derivados===
* [[quadrilheiro]]

===Tradução===
{{tradini|De 1 (tipo de dança agitada)}}
* {{trad|de|Reel|Quadrille}}
* {{trad|cs|rejdovák}}
* {{trad|da|reel}}
* {{trad|et|riil}}
* {{trad|fi|reel}}
* {{trad|fr|reel|quadrille}}
* {{trad|fur|cuadriglie}}
* {{trad|nl|reel}}
* {{trad|en|reel|quadrille}}
* {{trad|is|ræll}}
{{tradmeio}}
* {{trad|it|reel}}
* {{trad|ja|リールダンス}}
* {{trad|lv|kadriļa}}
* {{trad|lt|rilis}}
* {{trad|no|reel}}
* {{trad|pl|kadryl}}
* {{trad|ru|кадриль|рил|хоровод}}
* {{trad|sv|kadrilj|reel}}
* {{trad|uk|кадриль}}
{{tradfim}}
{{tradini|De 2 (grupo de pessoas, geralmente criminosos)}}
* {{t|de|Ring|m}}
* {{trad|cs|banda|gang}}
* {{trad|zh|伙}}
* {{trad|da|kreds|kreds|ring}}
* {{trad|sk|banda|gang}}
* {{trad|sl|krog|tolpa}}
* {{trad|es|red|círculo}}
* {{trad|et|kamp}}
* {{trad|fi|rengas}}
* {{trad|fr|gang}}
* {{trad|el|σπείρα}}
* {{trad|nl|syndicaat}}
* {{trad|hu|érdekcsoport|klikk}}
{{tradmeio}}
* {{trad|id|komplotan}}
* {{trad|en|ring}}
* {{trad|is|glæpahringur|samtök}}
* {{trad|ja|一味}}
* {{trad|lv|banda|kliķe}}
* {{trad|lt|gauja|šutvė}}
* {{trad|no|ring}}
* {{trad|pl|krąg|szajka}}
* {{trad|ro|grup|gașcă}}
* {{trad|ru|объединение|клика|шайка}}
* {{trad|sv|klick|liga}}
* {{trad|tr|çete|şebeke}}
{{tradfim}}

=={{etimologia|pt}}==
{{llietimo|es|cuadrilla|pt}}

==Ver também==
===No Wikcionário===
{{verTambém.Ini}}
* [[Apêndice:Substantivos coletivos do português]]
{{verTambém.NovaColuna}}
* [[aquadrilhar]]
{{verTambém.NovaColuna}}
* [[chefão]]
{{verTambém.Fim}}

==Ligações externas==
* {{Aulete}}
* {{Michaelis}}
* {{DicioAberto}}
* {{DPLP}}
* {{Infopédia}}
* {{PLP}}
* {{VOLPABL}}

[[Categoria:Substantivo (Português)]]
[[Categoria:Coletivo (Português)]]</text>
<sha1>bnqb7ml62c5g47t9njk0hszguxdsulo</sha1>
</revision>
<revision>
<id>2614287</id>
<parentid>2585518</parentid>
<timestamp>2021-01-31T18:18:43Z</timestamp>
<contributor>
<username>Marxav</username>
<id>73271</id>
</contributor>
<minor />
<comment>AFI Portugal</comment>
<model>wikitext</model>
<format>text/x-wiki</format>
<text bytes="2714" xml:space="preserve">{{Wikipédia}}

={{-pt-}}=
==Substantivo==
{{flex.pt|fs=quadrilha|fp=quadrilhas}}
{{paroxítona|qua|dri|lha}}, {{gramática|f}}
# tipo de [[dança]] agitada
#* ''A confusão da dança permitiu a Amélia esquivar-se, sem responder. Quando, terminada a '''quadrilha''', voltou a seu lugar, ficou perplexa. Tinha ela se comprometido ou não a dançar a seguinte '''quadrilha''' com Leopoldo?'' (&quot;A Pata da Gazela&quot;, capítulo IX, de José de Alencar)
# [[grupo]] de [[pessoa]]s, geralmente [[criminoso]]s
#* ''Ex-ministros e notáveis do “núcleo duro” do governo estão sendo processados pelo Supremo Tribunal Federal (STF) por corrupção ativa e formação de '''quadrilha'''.'' {{OESP|2007|dezembro|31}}
# {{escopo2|Tauromaquia}} [[conjunto]] de [[subalterno]]s que atuam sob as [[ordem|ordens]] do [[matador]] ou do [[cavaleiro]]

===Verbetes derivados===
* [[quadrilheiro]]

===Tradução===
{{tradini|De 1 (tipo de dança agitada)}}
* {{trad|de|Reel|Quadrille}}
* {{trad|cs|rejdovák}}
* {{trad|da|reel}}
* {{trad|et|riil}}
* {{trad|fi|reel}}
* {{trad|fr|reel|quadrille}}
* {{trad|fur|cuadriglie}}
* {{trad|nl|reel}}
* {{trad|en|reel|quadrille}}
* {{trad|is|ræll}}
{{tradmeio}}
* {{trad|it|reel}}
* {{trad|ja|リールダンス}}
* {{trad|lv|kadriļa}}
* {{trad|lt|rilis}}
* {{trad|no|reel}}
* {{trad|pl|kadryl}}
* {{trad|ru|кадриль|рил|хоровод}}
* {{trad|sv|kadrilj|reel}}
* {{trad|uk|кадриль}}
{{tradfim}}
{{tradini|De 2 (grupo de pessoas, geralmente criminosos)}}
* {{t|de|Ring|m}}
* {{trad|cs|banda|gang}}
* {{trad|zh|伙}}
* {{trad|da|kreds|kreds|ring}}
* {{trad|sk|banda|gang}}
* {{trad|sl|krog|tolpa}}
* {{trad|es|red|círculo}}
* {{trad|et|kamp}}
* {{trad|fi|rengas}}
* {{trad|fr|gang}}
* {{trad|el|σπείρα}}
* {{trad|nl|syndicaat}}
* {{trad|hu|érdekcsoport|klikk}}
{{tradmeio}}
* {{trad|id|komplotan}}
* {{trad|en|ring}}
* {{trad|is|glæpahringur|samtök}}
* {{trad|ja|一味}}
* {{trad|lv|banda|kliķe}}
* {{trad|lt|gauja|šutvė}}
* {{trad|no|ring}}
* {{trad|pl|krąg|szajka}}
* {{trad|ro|grup|gașcă}}
* {{trad|ru|объединение|клика|шайка}}
* {{trad|sv|klick|liga}}
* {{trad|tr|çete|şebeke}}
{{tradfim}}

=={{etimologia|pt}}==
{{llietimo|es|cuadrilla|pt}}

=={{pronúncia|pt}}==
===Portugal===
* AFI: {{AFI|/kwɐ.ˈdɾi.ʎɐ/}}

==Ver também==
===No Wikcionário===
{{verTambém.Ini}}
* [[Apêndice:Substantivos coletivos do português]]
{{verTambém.NovaColuna}}
* [[aquadrilhar]]
{{verTambém.NovaColuna}}
* [[chefão]]
{{verTambém.Fim}}

==Ligações externas==
* {{Aulete}}
* {{Michaelis}}
* {{DicioAberto}}
* {{DPLP}}
* {{Infopédia}}
* {{PLP}}
* {{VOLPABL}}

[[Categoria:Substantivo (Português)]]
[[Categoria:Coletivo (Português)]]</text>
<sha1>lgu324ffwkg20swutmoodzi61d6cf47</sha1>
</revision>
</page>
