<title>quadriculado</title>
<ns>0</ns>
<id>74906</id>
<revision>
<id>293026</id>
<timestamp>2007-08-23T18:25:27Z</timestamp>
<contributor>
<username>Santo</username>
<id>1992</id>
</contributor>
<comment>[[Ajuda:Menus e funções/Sumário de edição#Sumário de edição automático|→]] nova página: =Português= ==Adjectivo== [[Categoria:Adjectivo (Português)]] '''quadriculado''' ''adjectivo '' ...</comment>
<model>wikitext</model>
<format>text/x-wiki</format>
<text bytes="136" xml:space="preserve">=Português=
==Adjectivo==
[[Categoria:Adjectivo (Português)]]
'''quadriculado''' ''adjectivo ''
# [[dividido]] [[em]] [[quadrículas]]</text>
<sha1>ll0dt9amw18g8cg26wl63pc4i4rb8i6</sha1>
</revision>
<revision>
<id>470410</id>
<parentid>293026</parentid>
<timestamp>2009-05-26T20:57:34Z</timestamp>
<contributor>
<username>Cadum-Bot</username>
<id>8150</id>
</contributor>
<minor />
<comment>Adjetivo...</comment>
<model>wikitext</model>
<format>text/x-wiki</format>
<text bytes="135" xml:space="preserve">=Português=
==Adjectivo==
[[Categoria:Adjetivo (Português)]]
'''quadriculado''' ''adjectivo ''
# [[dividido]] [[em]] [[quadrículas]]</text>
<sha1>bybvkcuhkiqjxco5z0tevlcbozu4vqf</sha1>
</revision>
<revision>
<id>479235</id>
<parentid>470410</parentid>
<timestamp>2009-06-13T00:09:53Z</timestamp>
<contributor>
<username>Interwicket</username>
<id>6868</id>
</contributor>
<minor />
<comment>iwiki +[[:no:quadriculado]]</comment>
<model>wikitext</model>
<format>text/x-wiki</format>
<text bytes="156" xml:space="preserve">=Português=
==Adjectivo==
[[Categoria:Adjetivo (Português)]]
'''quadriculado''' ''adjectivo ''
# [[dividido]] [[em]] [[quadrículas]]

[[no:quadriculado]]</text>
<sha1>4ppkqu6ktykp4b9ys29gymeaiyxagab</sha1>
</revision>
<revision>
<id>1018125</id>
<parentid>479235</parentid>
<timestamp>2011-01-28T00:47:26Z</timestamp>
<contributor>
<username>MalafayaBot</username>
<id>628</id>
</contributor>
<minor />
<comment>Bot: Mudança automática (-==Adjectivo== +==Adjetivo==, -== Adjectivo == +== Adjetivo ==)</comment>
<model>wikitext</model>
<format>text/x-wiki</format>
<text bytes="155" xml:space="preserve">=Português=
==Adjetivo==
[[Categoria:Adjetivo (Português)]]
'''quadriculado''' ''adjectivo ''
# [[dividido]] [[em]] [[quadrículas]]

[[no:quadriculado]]</text>
<sha1>co3w741blahr0t5nfh93isbrxxzaw0q</sha1>
</revision>
<revision>
<id>1187551</id>
<parentid>1018125</parentid>
<timestamp>2011-07-08T17:53:27Z</timestamp>
<contributor>
<username>MalafayaBot</username>
<id>628</id>
</contributor>
<minor />
<comment>Robô: Substituição de texto automática (-^\=\s?Português\s?\= +={{-pt-}}= &amp; -^\=\s?\{\{pt\}\}\s?\= +={{-pt-}}=)</comment>
<model>wikitext</model>
<format>text/x-wiki</format>
<text bytes="153" xml:space="preserve">={{-pt-}}=
==Adjetivo==
[[Categoria:Adjetivo (Português)]]
'''quadriculado''' ''adjectivo ''
# [[dividido]] [[em]] [[quadrículas]]

[[no:quadriculado]]</text>
<sha1>eroikdn28uoiopij30lcv37xn4f0caj</sha1>
</revision>
<revision>
<id>1560043</id>
<parentid>1187551</parentid>
<timestamp>2012-12-15T14:22:49Z</timestamp>
<contributor>
<username>ValJor</username>
<id>1358</id>
</contributor>
<comment>Melhorando a apresentação do verbete segundo o AO 1990: adjectivo --&gt; adjetivo</comment>
<model>wikitext</model>
<format>text/x-wiki</format>
<text bytes="227" xml:space="preserve">={{-pt-}}=
==Adjetivo==
{{flex.pt|ms=quadriculado|mp=quadriculados|fs=quadriculada|fp=quadriculadas}}
{{paroxítona|qua|dri|cu|la|do}}
# [[dividido]] em [[quadrícula]]s

[[Categoria:Adjetivo (Português)]]

[[no:quadriculado]]</text>
<sha1>74epswhbko8emf0cu68bozx4yp17m8i</sha1>
</revision>
<revision>
<id>2134264</id>
<parentid>1560043</parentid>
<timestamp>2016-06-09T22:09:15Z</timestamp>
<contributor>
<username>UT-interwiki-Bot</username>
<id>56129</id>
</contributor>
<minor />
<comment>Robô: A adicionar: [[en:quadriculado]]</comment>
<model>wikitext</model>
<format>text/x-wiki</format>
<text bytes="247" xml:space="preserve">={{-pt-}}=
==Adjetivo==
{{flex.pt|ms=quadriculado|mp=quadriculados|fs=quadriculada|fp=quadriculadas}}
{{paroxítona|qua|dri|cu|la|do}}
# [[dividido]] em [[quadrícula]]s

[[Categoria:Adjetivo (Português)]]

[[en:quadriculado]]
[[no:quadriculado]]</text>
<sha1>ec9iua67v441e8ywp1zqyzjbluk5jxp</sha1>
</revision>
<revision>
<id>2396638</id>
<parentid>2134264</parentid>
<timestamp>2017-05-13T10:56:15Z</timestamp>
<contributor>
<username>HydrizBot</username>
<id>29590</id>
</contributor>
<minor />
<comment>Robô: A limpar links interwikis antigos</comment>
<model>wikitext</model>
<format>text/x-wiki</format>
<text bytes="206" xml:space="preserve">={{-pt-}}=
==Adjetivo==
{{flex.pt|ms=quadriculado|mp=quadriculados|fs=quadriculada|fp=quadriculadas}}
{{paroxítona|qua|dri|cu|la|do}}
# [[dividido]] em [[quadrícula]]s

[[Categoria:Adjetivo (Português)]]</text>
<sha1>e1n4xfffsk8hzswfzcev9u74ql4vl09</sha1>
</revision>
<revision>
<id>2610292</id>
<parentid>2396638</parentid>
<timestamp>2021-01-30T20:29:31Z</timestamp>
<contributor>
<username>Marxav</username>
<id>73271</id>
</contributor>
<minor />
<comment>AFI Portugal</comment>
<model>wikitext</model>
<format>text/x-wiki</format>
<text bytes="282" xml:space="preserve">={{-pt-}}=
==Adjetivo==
{{flex.pt|ms=quadriculado|mp=quadriculados|fs=quadriculada|fp=quadriculadas}}
{{paroxítona|qua|dri|cu|la|do}}
# [[dividido]] em [[quadrícula]]s

=={{pronúncia|pt}}==
===Portugal===
* AFI: {{AFI|/kwɐ.dɾi.ku.ˈla.du/}}

[[Categoria:Adjetivo (Português)]]</text>
<sha1>gjju6llotrfdyhj924zk5izoguq19yw</sha1>
</revision>
</page>
