<title>quadraria</title>
<ns>0</ns>
<id>192865</id>
<revision>
<id>743515</id>
<timestamp>2010-02-04T12:00:46Z</timestamp>
<contributor>
<username>Jesielt-bot</username>
<id>10876</id>
</contributor>
<comment>Verbete criado por bot.</comment>
<model>wikitext</model>
<format>text/x-wiki</format>
<text bytes="174" xml:space="preserve">={{pt}}=
==Forma verbal==
'''quadraria'''
#[[primeira pessoa]] do [[singular]] do [[futuro do pretérito]] do verbo '''[[quadrar]]'''

[[Categoria:Forma verbal (Português)]]</text>
<sha1>i6jgficq1r05h51s91wmpj4iiqn03b8</sha1>
</revision>
<revision>
<id>755824</id>
<parentid>743515</parentid>
<timestamp>2010-02-07T06:23:19Z</timestamp>
<contributor>
<username>Interwicket</username>
<id>6868</id>
</contributor>
<minor />
<comment>iwiki +[[:no:quadraria]]</comment>
<model>wikitext</model>
<format>text/x-wiki</format>
<text bytes="192" xml:space="preserve">={{pt}}=
==Forma verbal==
'''quadraria'''
#[[primeira pessoa]] do [[singular]] do [[futuro do pretérito]] do verbo '''[[quadrar]]'''

[[Categoria:Forma verbal (Português)]]

[[no:quadraria]]</text>
<sha1>ha0327m8p3wu7okq01cd5lskzx3ves9</sha1>
</revision>
<revision>
<id>770005</id>
<parentid>755824</parentid>
<timestamp>2010-02-11T11:38:04Z</timestamp>
<contributor>
<username>Jesielt-bot</username>
<id>10876</id>
</contributor>
<comment>/* Forma verbal */replaced: [[primeira pessoa]] → [[primeira pessoa|primeira]] e [[terceira pessoa]] utilizando [[Project:AWB|AWB]]</comment>
<model>wikitext</model>
<format>text/x-wiki</format>
<text bytes="223" xml:space="preserve">={{pt}}=
==Forma verbal==
'''quadraria'''
#[[primeira pessoa|primeira]] e [[terceira pessoa]] do [[singular]] do [[futuro do pretérito]] do verbo '''[[quadrar]]'''

[[Categoria:Forma verbal (Português)]]

[[no:quadraria]]</text>
<sha1>29imywmc0qse0c8ewtmmesa7fp985iz</sha1>
</revision>
<revision>
<id>1167987</id>
<parentid>770005</parentid>
<timestamp>2011-07-06T12:11:06Z</timestamp>
<contributor>
<username>MalafayaBot</username>
<id>628</id>
</contributor>
<minor />
<comment>Robô: Substituição de texto automática (-^\=\s?Português\s?\= +={{-pt-}}= &amp; -^\=\s?\{\{pt\}\}\s?\= +={{-pt-}}=)</comment>
<model>wikitext</model>
<format>text/x-wiki</format>
<text bytes="225" xml:space="preserve">={{-pt-}}=
==Forma verbal==
'''quadraria'''
#[[primeira pessoa|primeira]] e [[terceira pessoa]] do [[singular]] do [[futuro do pretérito]] do verbo '''[[quadrar]]'''

[[Categoria:Forma verbal (Português)]]

[[no:quadraria]]</text>
<sha1>garb024tdm6y2odhm84lz6isjd8l2s7</sha1>
</revision>
<revision>
<id>2396609</id>
<parentid>1167987</parentid>
<timestamp>2017-05-13T10:55:20Z</timestamp>
<contributor>
<username>HydrizBot</username>
<id>29590</id>
</contributor>
<minor />
<comment>Robô: A limpar links interwikis antigos</comment>
<model>wikitext</model>
<format>text/x-wiki</format>
<text bytes="207" xml:space="preserve">={{-pt-}}=
==Forma verbal==
'''quadraria'''
#[[primeira pessoa|primeira]] e [[terceira pessoa]] do [[singular]] do [[futuro do pretérito]] do verbo '''[[quadrar]]'''

[[Categoria:Forma verbal (Português)]]</text>
<sha1>a0k2yo6okonpqafqvawwolhecxf968q</sha1>
</revision>
</page>
