<title>quadrarem</title>
<ns>0</ns>
<id>212499</id>
<revision>
<id>800860</id>
<timestamp>2010-02-18T20:15:20Z</timestamp>
<contributor>
<username>Jesielt-bot</username>
<id>10876</id>
</contributor>
<comment>Verbete criado por bot.</comment>
<model>wikitext</model>
<format>text/x-wiki</format>
<text bytes="269" xml:space="preserve">={{pt}}=
==Forma verbal==
'''quadrarem'''
#[[terceira pessoa]] do [[plural]] do [[futuro]] do [[modo subjuntivo]] do verbo '''[[quadrar]]'''
#[[infinitivo pessoal]] da [[terceira pessoa]] do [[plural]] do verbo '''[[quadrar]]'''

[[Categoria:Forma verbal (Português)]]</text>
<sha1>jcw71k9rzlp0acvvqhaptfw6lzf9oau</sha1>
</revision>
<revision>
<id>820663</id>
<parentid>800860</parentid>
<timestamp>2010-02-25T06:14:32Z</timestamp>
<contributor>
<username>Interwicket</username>
<id>6868</id>
</contributor>
<minor />
<comment>iwiki +[[:no:quadrarem]]</comment>
<model>wikitext</model>
<format>text/x-wiki</format>
<text bytes="287" xml:space="preserve">={{pt}}=
==Forma verbal==
'''quadrarem'''
#[[terceira pessoa]] do [[plural]] do [[futuro]] do [[modo subjuntivo]] do verbo '''[[quadrar]]'''
#[[infinitivo pessoal]] da [[terceira pessoa]] do [[plural]] do verbo '''[[quadrar]]'''

[[Categoria:Forma verbal (Português)]]

[[no:quadrarem]]</text>
<sha1>e7p4lh3cmcdhaky5b64z1n5yxvno73m</sha1>
</revision>
<revision>
<id>926342</id>
<parentid>820663</parentid>
<timestamp>2010-07-25T18:48:56Z</timestamp>
<contributor>
<username>Interwicket</username>
<id>6868</id>
</contributor>
<minor />
<comment>iwiki +[[:li:quadrarem]]</comment>
<model>wikitext</model>
<format>text/x-wiki</format>
<text bytes="304" xml:space="preserve">={{pt}}=
==Forma verbal==
'''quadrarem'''
#[[terceira pessoa]] do [[plural]] do [[futuro]] do [[modo subjuntivo]] do verbo '''[[quadrar]]'''
#[[infinitivo pessoal]] da [[terceira pessoa]] do [[plural]] do verbo '''[[quadrar]]'''

[[Categoria:Forma verbal (Português)]]

[[li:quadrarem]]
[[no:quadrarem]]</text>
<sha1>ijez86lesy2znhq05nhxwuvdt20kj2m</sha1>
</revision>
<revision>
<id>941830</id>
<parentid>926342</parentid>
<timestamp>2010-08-24T09:25:27Z</timestamp>
<contributor>
<username>Interwicket</username>
<id>6868</id>
</contributor>
<minor />
<comment>iwiki +[[:en:quadrarem]]</comment>
<model>wikitext</model>
<format>text/x-wiki</format>
<text bytes="321" xml:space="preserve">={{pt}}=
==Forma verbal==
'''quadrarem'''
#[[terceira pessoa]] do [[plural]] do [[futuro]] do [[modo subjuntivo]] do verbo '''[[quadrar]]'''
#[[infinitivo pessoal]] da [[terceira pessoa]] do [[plural]] do verbo '''[[quadrar]]'''

[[Categoria:Forma verbal (Português)]]

[[en:quadrarem]]
[[li:quadrarem]]
[[no:quadrarem]]</text>
<sha1>2jmppncn9tzt1kgbp6q81dwwjhzjahi</sha1>
</revision>
<revision>
<id>1167984</id>
<parentid>941830</parentid>
<timestamp>2011-07-06T12:11:03Z</timestamp>
<contributor>
<username>MalafayaBot</username>
<id>628</id>
</contributor>
<minor />
<comment>Robô: Substituição de texto automática (-^\=\s?Português\s?\= +={{-pt-}}= &amp; -^\=\s?\{\{pt\}\}\s?\= +={{-pt-}}=)</comment>
<model>wikitext</model>
<format>text/x-wiki</format>
<text bytes="323" xml:space="preserve">={{-pt-}}=
==Forma verbal==
'''quadrarem'''
#[[terceira pessoa]] do [[plural]] do [[futuro]] do [[modo subjuntivo]] do verbo '''[[quadrar]]'''
#[[infinitivo pessoal]] da [[terceira pessoa]] do [[plural]] do verbo '''[[quadrar]]'''

[[Categoria:Forma verbal (Português)]]

[[en:quadrarem]]
[[li:quadrarem]]
[[no:quadrarem]]</text>
<sha1>145d3zl9h8su8pjp1wavt4ogtl49cs8</sha1>
</revision>
<revision>
<id>1789376</id>
<parentid>1167984</parentid>
<timestamp>2013-12-18T21:27:21Z</timestamp>
<contributor>
<username>MalafayaBot</username>
<id>628</id>
</contributor>
<minor />
<comment>r2.7.5) (Robô: A adicionar: [[mg:quadrarem]]</comment>
<model>wikitext</model>
<format>text/x-wiki</format>
<text bytes="340" xml:space="preserve">={{-pt-}}=
==Forma verbal==
'''quadrarem'''
#[[terceira pessoa]] do [[plural]] do [[futuro]] do [[modo subjuntivo]] do verbo '''[[quadrar]]'''
#[[infinitivo pessoal]] da [[terceira pessoa]] do [[plural]] do verbo '''[[quadrar]]'''

[[Categoria:Forma verbal (Português)]]

[[en:quadrarem]]
[[li:quadrarem]]
[[mg:quadrarem]]
[[no:quadrarem]]</text>
<sha1>i9v0hdk49qmjwh0feao3tyic2zlze59</sha1>
</revision>
<revision>
<id>2396606</id>
<parentid>1789376</parentid>
<timestamp>2017-05-13T10:55:15Z</timestamp>
<contributor>
<username>HydrizBot</username>
<id>29590</id>
</contributor>
<minor />
<comment>Robô: A limpar links interwikis antigos</comment>
<model>wikitext</model>
<format>text/x-wiki</format>
<text bytes="271" xml:space="preserve">={{-pt-}}=
==Forma verbal==
'''quadrarem'''
#[[terceira pessoa]] do [[plural]] do [[futuro]] do [[modo subjuntivo]] do verbo '''[[quadrar]]'''
#[[infinitivo pessoal]] da [[terceira pessoa]] do [[plural]] do verbo '''[[quadrar]]'''

[[Categoria:Forma verbal (Português)]]</text>
<sha1>4hmhtqawln5a02obcf9cj42bv3zckj2</sha1>
</revision>
</page>
