<title>quadricule</title>
<ns>0</ns>
<id>213732</id>
<revision>
<id>802622</id>
<timestamp>2010-02-19T18:53:00Z</timestamp>
<contributor>
<username>Jesielt-bot</username>
<id>10876</id>
</contributor>
<comment>Verbete criado por bot.</comment>
<model>wikitext</model>
<format>text/x-wiki</format>
<text bytes="390" xml:space="preserve">={{pt}}=
==Forma verbal==
'''quadricule'''
#[[primeira pessoa]] do [[singular]] do [[presente]] do [[modo subjuntivo]] do verbo '''[[quadricular]]'''
#[[terceira pessoa]] do [[singular]] do [[imperativo]] [[afirmativo]] do verbo '''[[quadricular]]'''
#[[terceira pessoa]] do [[singular]] do [[imperativo]] [[negativo]] do verbo '''[[quadricular]]'''

[[Categoria:Forma verbal (Português)]]</text>
<sha1>o1lnsticzjm8eom8i9n9dzhav81uxx0</sha1>
</revision>
<revision>
<id>803790</id>
<parentid>802622</parentid>
<timestamp>2010-02-19T21:02:02Z</timestamp>
<contributor>
<username>Jesielt-bot</username>
<id>10876</id>
</contributor>
<comment>/* Forma verbal */clean up, replaced: [[primeira pessoa]] → [[primeira pessoa|primeira]] e [[terceira pessoa]] utilizando [[Project:AWB|AWB]]</comment>
<model>wikitext</model>
<format>text/x-wiki</format>
<text bytes="421" xml:space="preserve">={{pt}}=
==Forma verbal==
'''quadricule'''
#[[primeira pessoa|primeira]] e [[terceira pessoa]] do [[singular]] do [[presente]] do [[modo subjuntivo]] do verbo '''[[quadricular]]'''
#[[terceira pessoa]] do [[singular]] do [[imperativo]] [[afirmativo]] do verbo '''[[quadricular]]'''
#[[terceira pessoa]] do [[singular]] do [[imperativo]] [[negativo]] do verbo '''[[quadricular]]'''

[[Categoria:Forma verbal (Português)]]</text>
<sha1>ezge910gl1jzm7s499loeaqc9xamqsk</sha1>
</revision>
<revision>
<id>819092</id>
<parentid>803790</parentid>
<timestamp>2010-02-24T23:41:34Z</timestamp>
<contributor>
<username>Interwicket</username>
<id>6868</id>
</contributor>
<minor />
<comment>iwiki +[[:no:quadricule]]</comment>
<model>wikitext</model>
<format>text/x-wiki</format>
<text bytes="440" xml:space="preserve">={{pt}}=
==Forma verbal==
'''quadricule'''
#[[primeira pessoa|primeira]] e [[terceira pessoa]] do [[singular]] do [[presente]] do [[modo subjuntivo]] do verbo '''[[quadricular]]'''
#[[terceira pessoa]] do [[singular]] do [[imperativo]] [[afirmativo]] do verbo '''[[quadricular]]'''
#[[terceira pessoa]] do [[singular]] do [[imperativo]] [[negativo]] do verbo '''[[quadricular]]'''

[[Categoria:Forma verbal (Português)]]

[[no:quadricule]]</text>
<sha1>0c0f4mdxvlem3zw1bvsycx7nvetgov0</sha1>
</revision>
<revision>
<id>1168043</id>
<parentid>819092</parentid>
<timestamp>2011-07-06T12:12:03Z</timestamp>
<contributor>
<username>MalafayaBot</username>
<id>628</id>
</contributor>
<minor />
<comment>Robô: Substituição de texto automática (-^\=\s?Português\s?\= +={{-pt-}}= &amp; -^\=\s?\{\{pt\}\}\s?\= +={{-pt-}}=)</comment>
<model>wikitext</model>
<format>text/x-wiki</format>
<text bytes="442" xml:space="preserve">={{-pt-}}=
==Forma verbal==
'''quadricule'''
#[[primeira pessoa|primeira]] e [[terceira pessoa]] do [[singular]] do [[presente]] do [[modo subjuntivo]] do verbo '''[[quadricular]]'''
#[[terceira pessoa]] do [[singular]] do [[imperativo]] [[afirmativo]] do verbo '''[[quadricular]]'''
#[[terceira pessoa]] do [[singular]] do [[imperativo]] [[negativo]] do verbo '''[[quadricular]]'''

[[Categoria:Forma verbal (Português)]]

[[no:quadricule]]</text>
<sha1>2rehw2vcve5xel1ti4st5gw8rvcl97l</sha1>
</revision>
<revision>
<id>2134295</id>
<parentid>1168043</parentid>
<timestamp>2016-06-09T22:17:21Z</timestamp>
<contributor>
<username>UT-interwiki-Bot</username>
<id>56129</id>
</contributor>
<minor />
<comment>Robô: A adicionar: [[en:quadricule]]</comment>
<model>wikitext</model>
<format>text/x-wiki</format>
<text bytes="460" xml:space="preserve">={{-pt-}}=
==Forma verbal==
'''quadricule'''
#[[primeira pessoa|primeira]] e [[terceira pessoa]] do [[singular]] do [[presente]] do [[modo subjuntivo]] do verbo '''[[quadricular]]'''
#[[terceira pessoa]] do [[singular]] do [[imperativo]] [[afirmativo]] do verbo '''[[quadricular]]'''
#[[terceira pessoa]] do [[singular]] do [[imperativo]] [[negativo]] do verbo '''[[quadricular]]'''

[[Categoria:Forma verbal (Português)]]

[[en:quadricule]]
[[no:quadricule]]</text>
<sha1>chxkedgxau07eoyeb2k2dke3n5vczsu</sha1>
</revision>
<revision>
<id>2396672</id>
<parentid>2134295</parentid>
<timestamp>2017-05-13T10:57:29Z</timestamp>
<contributor>
<username>HydrizBot</username>
<id>29590</id>
</contributor>
<minor />
<comment>Robô: A limpar links interwikis antigos</comment>
<model>wikitext</model>
<format>text/x-wiki</format>
<text bytes="423" xml:space="preserve">={{-pt-}}=
==Forma verbal==
'''quadricule'''
#[[primeira pessoa|primeira]] e [[terceira pessoa]] do [[singular]] do [[presente]] do [[modo subjuntivo]] do verbo '''[[quadricular]]'''
#[[terceira pessoa]] do [[singular]] do [[imperativo]] [[afirmativo]] do verbo '''[[quadricular]]'''
#[[terceira pessoa]] do [[singular]] do [[imperativo]] [[negativo]] do verbo '''[[quadricular]]'''

[[Categoria:Forma verbal (Português)]]</text>
<sha1>7s5n2yzdbfpi83d4mp4jcyq10fkt90h</sha1>
</revision>
</page>
