<title>quadrará</title>
<ns>0</ns>
<id>187429</id>
<revision>
<id>737556</id>
<timestamp>2010-02-02T02:29:22Z</timestamp>
<contributor>
<username>Jesielt-bot</username>
<id>10876</id>
</contributor>
<comment>Verbete criado por bot.</comment>
<model>wikitext</model>
<format>text/x-wiki</format>
<text bytes="172" xml:space="preserve">={{pt}}=
==Forma verbal==
'''quadrará'''
#[[terceira pessoa]] do [[singular]] do [[futuro do presente]] do verbo '''[[quadrar]]'''

[[Categoria:Forma verbal (Português)]]</text>
<sha1>r3p5x9ejjux66h4ktjv394ajjw99nwm</sha1>
</revision>
<revision>
<id>756581</id>
<parentid>737556</parentid>
<timestamp>2010-02-07T14:33:06Z</timestamp>
<contributor>
<username>Interwicket</username>
<id>6868</id>
</contributor>
<minor />
<comment>iwiki +[[:no:quadrará]]</comment>
<model>wikitext</model>
<format>text/x-wiki</format>
<text bytes="190" xml:space="preserve">={{pt}}=
==Forma verbal==
'''quadrará'''
#[[terceira pessoa]] do [[singular]] do [[futuro do presente]] do verbo '''[[quadrar]]'''

[[Categoria:Forma verbal (Português)]]

[[no:quadrará]]</text>
<sha1>0tvbk6ybtd0sm2xqwrrpr2bcveg2c6m</sha1>
</revision>
<revision>
<id>1167991</id>
<parentid>756581</parentid>
<timestamp>2011-07-06T12:11:10Z</timestamp>
<contributor>
<username>MalafayaBot</username>
<id>628</id>
</contributor>
<minor />
<comment>Robô: Substituição de texto automática (-^\=\s?Português\s?\= +={{-pt-}}= &amp; -^\=\s?\{\{pt\}\}\s?\= +={{-pt-}}=)</comment>
<model>wikitext</model>
<format>text/x-wiki</format>
<text bytes="192" xml:space="preserve">={{-pt-}}=
==Forma verbal==
'''quadrará'''
#[[terceira pessoa]] do [[singular]] do [[futuro do presente]] do verbo '''[[quadrar]]'''

[[Categoria:Forma verbal (Português)]]

[[no:quadrará]]</text>
<sha1>h290r1qha6zvsyjffh8u79cs2lj17s2</sha1>
</revision>
<revision>
<id>2396613</id>
<parentid>1167991</parentid>
<timestamp>2017-05-13T10:55:26Z</timestamp>
<contributor>
<username>HydrizBot</username>
<id>29590</id>
</contributor>
<minor />
<comment>Robô: A limpar links interwikis antigos</comment>
<model>wikitext</model>
<format>text/x-wiki</format>
<text bytes="174" xml:space="preserve">={{-pt-}}=
==Forma verbal==
'''quadrará'''
#[[terceira pessoa]] do [[singular]] do [[futuro do presente]] do verbo '''[[quadrar]]'''

[[Categoria:Forma verbal (Português)]]</text>
<sha1>0cmgw4xctwegi9cnb5baxwc3lexz44u</sha1>
</revision>
</page>
