<title>quadriculassem</title>
<ns>0</ns>
<id>203622</id>
<revision>
<id>774985</id>
<timestamp>2010-02-12T11:15:30Z</timestamp>
<contributor>
<username>Jesielt-bot</username>
<id>10876</id>
</contributor>
<comment>Verbete criado por bot.</comment>
<model>wikitext</model>
<format>text/x-wiki</format>
<text bytes="205" xml:space="preserve">={{pt}}=
==Forma verbal==
'''quadriculassem'''
#[[terceira pessoa]] do [[plural]] do [[pretérito imperfeito]] do [[modo subjuntivo]] do verbo '''[[quadricular]]'''

[[Categoria:Forma verbal (Português)]]</text>
<sha1>b5m98otuo95cg5oyssudm2isj0awuhu</sha1>
</revision>
<revision>
<id>786355</id>
<parentid>774985</parentid>
<timestamp>2010-02-16T20:22:55Z</timestamp>
<contributor>
<username>Interwicket</username>
<id>6868</id>
</contributor>
<minor />
<comment>iwiki +[[:no:quadriculassem]]</comment>
<model>wikitext</model>
<format>text/x-wiki</format>
<text bytes="228" xml:space="preserve">={{pt}}=
==Forma verbal==
'''quadriculassem'''
#[[terceira pessoa]] do [[plural]] do [[pretérito imperfeito]] do [[modo subjuntivo]] do verbo '''[[quadricular]]'''

[[Categoria:Forma verbal (Português)]]

[[no:quadriculassem]]</text>
<sha1>3ozu7pkjrtpz82bpt622tb5nk4nhwtc</sha1>
</revision>
<revision>
<id>1168036</id>
<parentid>786355</parentid>
<timestamp>2011-07-06T12:11:56Z</timestamp>
<contributor>
<username>MalafayaBot</username>
<id>628</id>
</contributor>
<minor />
<comment>Robô: Substituição de texto automática (-^\=\s?Português\s?\= +={{-pt-}}= &amp; -^\=\s?\{\{pt\}\}\s?\= +={{-pt-}}=)</comment>
<model>wikitext</model>
<format>text/x-wiki</format>
<text bytes="230" xml:space="preserve">={{-pt-}}=
==Forma verbal==
'''quadriculassem'''
#[[terceira pessoa]] do [[plural]] do [[pretérito imperfeito]] do [[modo subjuntivo]] do verbo '''[[quadricular]]'''

[[Categoria:Forma verbal (Português)]]

[[no:quadriculassem]]</text>
<sha1>c2nflke2c1fy9qv4lbiskw4mwbgw5rc</sha1>
</revision>
<revision>
<id>2134302</id>
<parentid>1168036</parentid>
<timestamp>2016-06-09T22:18:31Z</timestamp>
<contributor>
<username>UT-interwiki-Bot</username>
<id>56129</id>
</contributor>
<minor />
<comment>Robô: A adicionar: [[en:quadriculassem]]</comment>
<model>wikitext</model>
<format>text/x-wiki</format>
<text bytes="252" xml:space="preserve">={{-pt-}}=
==Forma verbal==
'''quadriculassem'''
#[[terceira pessoa]] do [[plural]] do [[pretérito imperfeito]] do [[modo subjuntivo]] do verbo '''[[quadricular]]'''

[[Categoria:Forma verbal (Português)]]

[[en:quadriculassem]]
[[no:quadriculassem]]</text>
<sha1>cw2wtgjw71eni1ntr2hhv80218jcsci</sha1>
</revision>
<revision>
<id>2396665</id>
<parentid>2134302</parentid>
<timestamp>2017-05-13T10:57:15Z</timestamp>
<contributor>
<username>HydrizBot</username>
<id>29590</id>
</contributor>
<minor />
<comment>Robô: A limpar links interwikis antigos</comment>
<model>wikitext</model>
<format>text/x-wiki</format>
<text bytes="207" xml:space="preserve">={{-pt-}}=
==Forma verbal==
'''quadriculassem'''
#[[terceira pessoa]] do [[plural]] do [[pretérito imperfeito]] do [[modo subjuntivo]] do verbo '''[[quadricular]]'''

[[Categoria:Forma verbal (Português)]]</text>
<sha1>9friglxclu6chkuxzbkatuqcnap3lmq</sha1>
</revision>
</page>
