<title>quadril</title>
<ns>0</ns>
<id>42414</id>
<revision>
<id>160590</id>
<timestamp>2006-09-01T19:50:44Z</timestamp>
<contributor>
<username>Cadum</username>
<id>1291</id>
</contributor>
<comment>Criar verbete</comment>
<model>wikitext</model>
<format>text/x-wiki</format>
<text bytes="313" xml:space="preserve">=Português=
==Substantivo==
'''qua.dril''' ''masculino'' (plural: ''quadris'')
#num [[humano]], [[proeminência]] [[lateral]] [[entre]] a [[cintura]] e a [[coxa]]; [[anca]]; [[cadeira]].

===Ver também===
:*Na '''Wikipédia''': [[w:Osso do quadril|osso do '''quadril''']]

[[Categoria:Substantivo (Português)]]</text>
<sha1>qefwv8kc014vrlnr83b6gwi3q5rkmcl</sha1>
</revision>
<revision>
<id>162411</id>
<parentid>160590</parentid>
<timestamp>2006-09-05T06:22:58Z</timestamp>
<contributor>
<username>RobotGMwikt</username>
<id>407</id>
</contributor>
<minor />
<comment>Bot:  Adicionando: fr</comment>
<model>wikitext</model>
<format>text/x-wiki</format>
<text bytes="329" xml:space="preserve">=Português=
==Substantivo==
'''qua.dril''' ''masculino'' (plural: ''quadris'')
#num [[humano]], [[proeminência]] [[lateral]] [[entre]] a [[cintura]] e a [[coxa]]; [[anca]]; [[cadeira]].

===Ver também===
:*Na '''Wikipédia''': [[w:Osso do quadril|osso do '''quadril''']]

[[Categoria:Substantivo (Português)]]

[[fr:quadril]]</text>
<sha1>4y6vvtgjxy45pwd5nbyzk9inp5oh6jy</sha1>
</revision>
<revision>
<id>233378</id>
<parentid>162411</parentid>
<timestamp>2007-02-16T22:13:58Z</timestamp>
<contributor>
<username>Cadum</username>
<id>1291</id>
</contributor>
<comment>Acento + sílabas</comment>
<model>wikitext</model>
<format>text/x-wiki</format>
<text bytes="447" xml:space="preserve">=Português=
==Substantivo==
'''qu.a.dril''' &amp;ensp;''masculino'' (plural: ''quadris'')
#num [[humano]], [[proeminência]] [[lateral]] [[entre]] a [[cintura]] e a [[coxa]]; [[anca]]; [[cadeira]].

===Ver também===
:*Na '''Wikipédia''': [[w:Osso do quadril|osso do '''quadril''']]

[[Categoria:Substantivo (Português)]]
[[Categoria:Anatomia (Português)]]
[[Categoria:Trissílabo (Português)]]
[[Categoria:Oxítona (Português)]]

[[fr:quadril]]</text>
<sha1>g7bxbcv2atjfuqatserb7ep22nc7mm3</sha1>
</revision>
<revision>
<id>267635</id>
<parentid>233378</parentid>
<timestamp>2007-05-29T11:14:50Z</timestamp>
<contributor>
<username>Diabo e Santo</username>
<id>1867</id>
</contributor>
<model>wikitext</model>
<format>text/x-wiki</format>
<text bytes="529" xml:space="preserve">=Português=
==Substantivo==
'''qu.a.dril''' &amp;ensp;''masculino'' (plural: ''quadris'')
#num [[humano]], [[proeminência]] [[lateral]] [[entre]] a [[cintura]] e a [[coxa]]; [[anca]]; [[cadeira]].

===Ver também===
:*Na '''Wikipédia''': [[w:Osso do quadril|osso do '''quadril''']]

===Tradução===
{{tradini-esconde}}
* [[Tétum]]: [[kidan]]
{{tradfim-esconde}}

[[Categoria:Substantivo (Português)]]
[[Categoria:Anatomia (Português)]]
[[Categoria:Trissílabo (Português)]]
[[Categoria:Oxítona (Português)]]

[[fr:quadril]]</text>
<sha1>dqpn4a9ucoun6pykntpilgz5iogecy5</sha1>
</revision>
<revision>
<id>397565</id>
<parentid>267635</parentid>
<timestamp>2008-11-25T14:36:10Z</timestamp>
<contributor>
<username>VolkovBot</username>
<id>2944</id>
</contributor>
<minor />
<comment>Bot:  Adicionando: [[io:quadril]]</comment>
<model>wikitext</model>
<format>text/x-wiki</format>
<text bytes="544" xml:space="preserve">=Português=
==Substantivo==
'''qu.a.dril''' &amp;ensp;''masculino'' (plural: ''quadris'')
#num [[humano]], [[proeminência]] [[lateral]] [[entre]] a [[cintura]] e a [[coxa]]; [[anca]]; [[cadeira]].

===Ver também===
:*Na '''Wikipédia''': [[w:Osso do quadril|osso do '''quadril''']]

===Tradução===
{{tradini-esconde}}
* [[Tétum]]: [[kidan]]
{{tradfim-esconde}}

[[Categoria:Substantivo (Português)]]
[[Categoria:Anatomia (Português)]]
[[Categoria:Trissílabo (Português)]]
[[Categoria:Oxítona (Português)]]

[[fr:quadril]]
[[io:quadril]]</text>
<sha1>7zqnztdnrw4ved2upoxd2u48kcbq8ia</sha1>
</revision>
<revision>
<id>482991</id>
<parentid>397565</parentid>
<timestamp>2009-06-20T00:11:28Z</timestamp>
<contributor>
<username>MalafayaBot</username>
<id>628</id>
</contributor>
<minor />
<comment>Bot: Mudança automática (-{{tradini-esconde}} +{{tradini}} &amp; -{{tradmeio-esconde}} +{{tradmeio}} &amp; -{{tradfim-esconde}} +{{tradfim}} &amp; -{{tradini-esconde| +{{tradini|)</comment>
<model>wikitext</model>
<format>text/x-wiki</format>
<text bytes="528" xml:space="preserve">=Português=
==Substantivo==
'''qu.a.dril''' &amp;ensp;''masculino'' (plural: ''quadris'')
#num [[humano]], [[proeminência]] [[lateral]] [[entre]] a [[cintura]] e a [[coxa]]; [[anca]]; [[cadeira]].

===Ver também===
:*Na '''Wikipédia''': [[w:Osso do quadril|osso do '''quadril''']]

===Tradução===
{{tradini}}
* [[Tétum]]: [[kidan]]
{{tradfim}}

[[Categoria:Substantivo (Português)]]
[[Categoria:Anatomia (Português)]]
[[Categoria:Trissílabo (Português)]]
[[Categoria:Oxítona (Português)]]

[[fr:quadril]]
[[io:quadril]]</text>
<sha1>b13tyaqvtmv44ds7pcjs8jwhl5ha8cu</sha1>
</revision>
<revision>
<id>742352</id>
<parentid>482991</parentid>
<timestamp>2010-02-04T10:13:47Z</timestamp>
<contributor>
<username>Interwicket</username>
<id>6868</id>
</contributor>
<minor />
<comment>iwiki +[[:ja:quadril]]</comment>
<model>wikitext</model>
<format>text/x-wiki</format>
<text bytes="543" xml:space="preserve">=Português=
==Substantivo==
'''qu.a.dril''' &amp;ensp;''masculino'' (plural: ''quadris'')
#num [[humano]], [[proeminência]] [[lateral]] [[entre]] a [[cintura]] e a [[coxa]]; [[anca]]; [[cadeira]].

===Ver também===
:*Na '''Wikipédia''': [[w:Osso do quadril|osso do '''quadril''']]

===Tradução===
{{tradini}}
* [[Tétum]]: [[kidan]]
{{tradfim}}

[[Categoria:Substantivo (Português)]]
[[Categoria:Anatomia (Português)]]
[[Categoria:Trissílabo (Português)]]
[[Categoria:Oxítona (Português)]]

[[fr:quadril]]
[[io:quadril]]
[[ja:quadril]]</text>
<sha1>piwdckficu102lels5qfiouux9i7ubi</sha1>
</revision>
<revision>
<id>855225</id>
<parentid>742352</parentid>
<timestamp>2010-04-13T11:34:20Z</timestamp>
<contributor>
<username>Interwicket</username>
<id>6868</id>
</contributor>
<minor />
<comment>iwiki +[[:nl:quadril]]</comment>
<model>wikitext</model>
<format>text/x-wiki</format>
<text bytes="558" xml:space="preserve">=Português=
==Substantivo==
'''qu.a.dril''' &amp;ensp;''masculino'' (plural: ''quadris'')
#num [[humano]], [[proeminência]] [[lateral]] [[entre]] a [[cintura]] e a [[coxa]]; [[anca]]; [[cadeira]].

===Ver também===
:*Na '''Wikipédia''': [[w:Osso do quadril|osso do '''quadril''']]

===Tradução===
{{tradini}}
* [[Tétum]]: [[kidan]]
{{tradfim}}

[[Categoria:Substantivo (Português)]]
[[Categoria:Anatomia (Português)]]
[[Categoria:Trissílabo (Português)]]
[[Categoria:Oxítona (Português)]]

[[fr:quadril]]
[[io:quadril]]
[[ja:quadril]]
[[nl:quadril]]</text>
<sha1>rc5sgpnu4tgf3wtgrp6lb06diilsi7d</sha1>
</revision>
<revision>
<id>1086751</id>
<parentid>855225</parentid>
<timestamp>2011-06-04T22:42:13Z</timestamp>
<contributor>
<username>MalafayaBot</username>
<id>628</id>
</contributor>
<minor />
<comment>Robô: Substituição de texto automática (-\* \[\[Tétum\]\]\: \[\[(.*?)\]\] +* {{trad|tet|\1}} &amp; -\* \[\[Cabo-verdiano\]\]\: \[\[(.*?)\]\] +* {{trad|kea|\1}} &amp; -\* \[\[Mirandês\]\]\: \[\[(.*?)\]\] +* {{trad|mwl|\1}} &amp; -\* \[\[Papiamento\]\]\: \[\</comment>
<model>wikitext</model>
<format>text/x-wiki</format>
<text bytes="555" xml:space="preserve">=Português=
==Substantivo==
'''qu.a.dril''' &amp;ensp;''masculino'' (plural: ''quadris'')
#num [[humano]], [[proeminência]] [[lateral]] [[entre]] a [[cintura]] e a [[coxa]]; [[anca]]; [[cadeira]].

===Ver também===
:*Na '''Wikipédia''': [[w:Osso do quadril|osso do '''quadril''']]

===Tradução===
{{tradini}}
* {{trad|tet|kidan}}
{{tradfim}}

[[Categoria:Substantivo (Português)]]
[[Categoria:Anatomia (Português)]]
[[Categoria:Trissílabo (Português)]]
[[Categoria:Oxítona (Português)]]

[[fr:quadril]]
[[io:quadril]]
[[ja:quadril]]
[[nl:quadril]]</text>
<sha1>2l73ybxkv0zutfz6yyv8kgj1qswguey</sha1>
</revision>
<revision>
<id>1191901</id>
<parentid>1086751</parentid>
<timestamp>2011-07-08T20:32:39Z</timestamp>
<contributor>
<username>MalafayaBot</username>
<id>628</id>
</contributor>
<minor />
<comment>Robô: Substituição de texto automática (-^\=\s?Português\s?\= +={{-pt-}}= &amp; -^\=\s?\{\{pt\}\}\s?\= +={{-pt-}}=)</comment>
<model>wikitext</model>
<format>text/x-wiki</format>
<text bytes="553" xml:space="preserve">={{-pt-}}=
==Substantivo==
'''qu.a.dril''' &amp;ensp;''masculino'' (plural: ''quadris'')
#num [[humano]], [[proeminência]] [[lateral]] [[entre]] a [[cintura]] e a [[coxa]]; [[anca]]; [[cadeira]].

===Ver também===
:*Na '''Wikipédia''': [[w:Osso do quadril|osso do '''quadril''']]

===Tradução===
{{tradini}}
* {{trad|tet|kidan}}
{{tradfim}}

[[Categoria:Substantivo (Português)]]
[[Categoria:Anatomia (Português)]]
[[Categoria:Trissílabo (Português)]]
[[Categoria:Oxítona (Português)]]

[[fr:quadril]]
[[io:quadril]]
[[ja:quadril]]
[[nl:quadril]]</text>
<sha1>ftuoiy4bpc04lo5b0tjrvddxw79iaze</sha1>
</revision>
<revision>
<id>1441804</id>
<parentid>1191901</parentid>
<timestamp>2012-08-11T13:04:43Z</timestamp>
<contributor>
<username>WarddrBOT</username>
<id>31860</id>
</contributor>
<minor />
<comment>Robô: A adicionar: [[mg:quadril]]</comment>
<model>wikitext</model>
<format>text/x-wiki</format>
<text bytes="568" xml:space="preserve">={{-pt-}}=
==Substantivo==
'''qu.a.dril''' &amp;ensp;''masculino'' (plural: ''quadris'')
#num [[humano]], [[proeminência]] [[lateral]] [[entre]] a [[cintura]] e a [[coxa]]; [[anca]]; [[cadeira]].

===Ver também===
:*Na '''Wikipédia''': [[w:Osso do quadril|osso do '''quadril''']]

===Tradução===
{{tradini}}
* {{trad|tet|kidan}}
{{tradfim}}

[[Categoria:Substantivo (Português)]]
[[Categoria:Anatomia (Português)]]
[[Categoria:Trissílabo (Português)]]
[[Categoria:Oxítona (Português)]]

[[fr:quadril]]
[[io:quadril]]
[[ja:quadril]]
[[mg:quadril]]
[[nl:quadril]]</text>
<sha1>e8d9q88o0cgwdechp4scxui83njrcvv</sha1>
</revision>
<revision>
<id>1716736</id>
<parentid>1441804</parentid>
<timestamp>2013-08-22T09:15:44Z</timestamp>
<contributor>
<username>HydrizBot</username>
<id>29590</id>
</contributor>
<minor />
<comment>r2.7.3) (Robô: A adicionar: [[chr:quadril]], [[en:quadril]], [[pl:quadril]]</comment>
<model>wikitext</model>
<format>text/x-wiki</format>
<text bytes="614" xml:space="preserve">={{-pt-}}=
==Substantivo==
'''qu.a.dril''' &amp;ensp;''masculino'' (plural: ''quadris'')
#num [[humano]], [[proeminência]] [[lateral]] [[entre]] a [[cintura]] e a [[coxa]]; [[anca]]; [[cadeira]].

===Ver também===
:*Na '''Wikipédia''': [[w:Osso do quadril|osso do '''quadril''']]

===Tradução===
{{tradini}}
* {{trad|tet|kidan}}
{{tradfim}}

[[Categoria:Substantivo (Português)]]
[[Categoria:Anatomia (Português)]]
[[Categoria:Trissílabo (Português)]]
[[Categoria:Oxítona (Português)]]

[[chr:quadril]]
[[en:quadril]]
[[fr:quadril]]
[[io:quadril]]
[[ja:quadril]]
[[mg:quadril]]
[[nl:quadril]]
[[pl:quadril]]</text>
<sha1>4jd4qaas9h8u0apfsun9luwlvj5qp4u</sha1>
</revision>
<revision>
<id>2036189</id>
<parentid>1716736</parentid>
<timestamp>2015-11-13T07:30:07Z</timestamp>
<contributor>
<username>HydrizBot</username>
<id>29590</id>
</contributor>
<minor />
<comment>Robô: A adicionar: [[hu:quadril]]</comment>
<model>wikitext</model>
<format>text/x-wiki</format>
<text bytes="629" xml:space="preserve">={{-pt-}}=
==Substantivo==
'''qu.a.dril''' &amp;ensp;''masculino'' (plural: ''quadris'')
#num [[humano]], [[proeminência]] [[lateral]] [[entre]] a [[cintura]] e a [[coxa]]; [[anca]]; [[cadeira]].

===Ver também===
:*Na '''Wikipédia''': [[w:Osso do quadril|osso do '''quadril''']]

===Tradução===
{{tradini}}
* {{trad|tet|kidan}}
{{tradfim}}

[[Categoria:Substantivo (Português)]]
[[Categoria:Anatomia (Português)]]
[[Categoria:Trissílabo (Português)]]
[[Categoria:Oxítona (Português)]]

[[chr:quadril]]
[[en:quadril]]
[[fr:quadril]]
[[hu:quadril]]
[[io:quadril]]
[[ja:quadril]]
[[mg:quadril]]
[[nl:quadril]]
[[pl:quadril]]</text>
<sha1>lw814qd1h58oo72aioeetodzt5x97h6</sha1>
</revision>
<revision>
<id>2396690</id>
<parentid>2036189</parentid>
<timestamp>2017-05-13T10:58:01Z</timestamp>
<contributor>
<username>HydrizBot</username>
<id>29590</id>
</contributor>
<minor />
<comment>Robô: A limpar links interwikis antigos</comment>
<model>wikitext</model>
<format>text/x-wiki</format>
<text bytes="492" xml:space="preserve">={{-pt-}}=
==Substantivo==
'''qu.a.dril''' &amp;ensp;''masculino'' (plural: ''quadris'')
#num [[humano]], [[proeminência]] [[lateral]] [[entre]] a [[cintura]] e a [[coxa]]; [[anca]]; [[cadeira]].

===Ver também===
:*Na '''Wikipédia''': [[w:Osso do quadril|osso do '''quadril''']]

===Tradução===
{{tradini}}
* {{trad|tet|kidan}}
{{tradfim}}

[[Categoria:Substantivo (Português)]]
[[Categoria:Anatomia (Português)]]
[[Categoria:Trissílabo (Português)]]
[[Categoria:Oxítona (Português)]]</text>
<sha1>eajym2oyqmy7kyd7n6mdhsiyn49ycf7</sha1>
</revision>
</page>
