<title>quadricularas</title>
<ns>0</ns>
<id>179589</id>
<revision>
<id>717931</id>
<timestamp>2010-01-26T17:40:34Z</timestamp>
<contributor>
<username>Jesielt-bot</username>
<id>10876</id>
</contributor>
<comment>Verbete criado por bot.</comment>
<model>wikitext</model>
<format>text/x-wiki</format>
<text bytes="189" xml:space="preserve">={{pt}}=
==Forma verbal==
'''quadricularas'''
#[[segunda pessoa]] do [[singular]] do [[pretérito mais-que-perfeito]] do verbo '''[[quadricular]]'''

[[Categoria:Forma verbal (Português)]]</text>
<sha1>2onvd6wvgjk8arhjznfjd8epcs0tsdt</sha1>
</revision>
<revision>
<id>745087</id>
<parentid>717931</parentid>
<timestamp>2010-02-05T08:45:23Z</timestamp>
<contributor>
<username>Interwicket</username>
<id>6868</id>
</contributor>
<minor />
<comment>iwiki +[[:no:quadricularas]]</comment>
<model>wikitext</model>
<format>text/x-wiki</format>
<text bytes="211" xml:space="preserve">={{pt}}=
==Forma verbal==
'''quadricularas'''
#[[segunda pessoa]] do [[singular]] do [[pretérito mais-que-perfeito]] do verbo '''[[quadricular]]'''

[[Categoria:Forma verbal (Português)]]

[[no:quadricularas]]</text>
<sha1>h4ijq73xdr32iadzi01fim3f9dhcl6b</sha1>
</revision>
<revision>
<id>1168018</id>
<parentid>745087</parentid>
<timestamp>2011-07-06T12:11:37Z</timestamp>
<contributor>
<username>MalafayaBot</username>
<id>628</id>
</contributor>
<minor />
<comment>Robô: Substituição de texto automática (-^\=\s?Português\s?\= +={{-pt-}}= &amp; -^\=\s?\{\{pt\}\}\s?\= +={{-pt-}}=)</comment>
<model>wikitext</model>
<format>text/x-wiki</format>
<text bytes="213" xml:space="preserve">={{-pt-}}=
==Forma verbal==
'''quadricularas'''
#[[segunda pessoa]] do [[singular]] do [[pretérito mais-que-perfeito]] do verbo '''[[quadricular]]'''

[[Categoria:Forma verbal (Português)]]

[[no:quadricularas]]</text>
<sha1>25m39h8xgm70s3k87q6hzbls154skhw</sha1>
</revision>
<revision>
<id>2134255</id>
<parentid>1168018</parentid>
<timestamp>2016-06-09T22:07:45Z</timestamp>
<contributor>
<username>UT-interwiki-Bot</username>
<id>56129</id>
</contributor>
<minor />
<comment>Robô: A adicionar: [[en:quadricularas]]</comment>
<model>wikitext</model>
<format>text/x-wiki</format>
<text bytes="234" xml:space="preserve">={{-pt-}}=
==Forma verbal==
'''quadricularas'''
#[[segunda pessoa]] do [[singular]] do [[pretérito mais-que-perfeito]] do verbo '''[[quadricular]]'''

[[Categoria:Forma verbal (Português)]]

[[en:quadricularas]]
[[no:quadricularas]]</text>
<sha1>amzyzcz9ret5j0qdmcdte87rv0rzvzv</sha1>
</revision>
<revision>
<id>2396647</id>
<parentid>2134255</parentid>
<timestamp>2017-05-13T10:56:28Z</timestamp>
<contributor>
<username>HydrizBot</username>
<id>29590</id>
</contributor>
<minor />
<comment>Robô: A limpar links interwikis antigos</comment>
<model>wikitext</model>
<format>text/x-wiki</format>
<text bytes="191" xml:space="preserve">={{-pt-}}=
==Forma verbal==
'''quadricularas'''
#[[segunda pessoa]] do [[singular]] do [[pretérito mais-que-perfeito]] do verbo '''[[quadricular]]'''

[[Categoria:Forma verbal (Português)]]</text>
<sha1>36vghodpgksu2xp7xg8wu6c7u3cyf7h</sha1>
</revision>
</page>
