<title>quadricular</title>
<ns>0</ns>
<id>74835</id>
<revision>
<id>292869</id>
<timestamp>2007-08-23T09:52:55Z</timestamp>
<contributor>
<username>Santo</username>
<id>1992</id>
</contributor>
<comment>[[Ajuda:Menus e funções/Sumário de edição#Sumário de edição automático|→]] nova página: =Português= [[Categoria:Verbo (Português)]] [[Categoria:Adjectivo (Português)]] '''quadricular'...</comment>
<model>wikitext</model>
<format>text/x-wiki</format>
<text bytes="222" xml:space="preserve">=Português=
[[Categoria:Verbo (Português)]]
[[Categoria:Adjectivo (Português)]]
'''quadricular''' ''verbo e adjectivo''
==Verbo==
# ([[transitivo]])
## [[dividir]] [[em]] [[quadriculas]]
==Adjectivo==
# [[quadriculado]]</text>
<sha1>3dckb4tuq3w1hyispevd0fyd0acdunh</sha1>
</revision>
<revision>
<id>292870</id>
<parentid>292869</parentid>
<timestamp>2007-08-23T09:55:26Z</timestamp>
<contributor>
<username>Santo</username>
<id>1992</id>
</contributor>
<model>wikitext</model>
<format>text/x-wiki</format>
<text bytes="223" xml:space="preserve">=Português=
[[Categoria:Verbo (Português)]]
[[Categoria:Adjectivo (Português)]]
'''quadricular''' ''verbo e adjectivo''
==Verbo==
# ([[transitivo]])
## [[dividir]] [[em]] [[quadrículas]]
==Adjectivo==
# [[quadriculado]]</text>
<sha1>di661eoykxc8kmggp0n0r8t6hj7dkwe</sha1>
</revision>
<revision>
<id>379952</id>
<parentid>292870</parentid>
<timestamp>2008-09-10T04:10:46Z</timestamp>
<contributor>
<ip>201.89.163.37</ip>
</contributor>
<comment>expansão do verbete</comment>
<model>wikitext</model>
<format>text/x-wiki</format>
<text bytes="1282" xml:space="preserve">={{pt}}=
=={{adj}}==
{{flex.pt.com2|[[quadricular]]|quadriculares|s-div=qua.dri.cu.{{grifar|lar}}|p-div=qua.dri.cu.{{grifar|la}}.res}}
'''qua.dri.cu.{{grifar|lar}}''' {{c2g}}
# [[que]] [[pautar|é pautado]] [[em]] [[pequeno]]s [[quadrado]]s.

===Sinónimos===
* [[quadriculado]]

==={{tradu}}===
{{tradini}}
* {{trad|es|cuadriculado|cuadricular}}
* {{trad|gl|cuadriculado}}
{{tradmeio}}
* {{trad|oc|cuadriculado}}
{{tradfim}}

=={{verb}}==
'''qua.dri.cu.{{grifar|lar}}''' {{v.t.}}
# [[dividir]] [[em]] [[quadrícula]]s;
# [[dar]] [[um]] [[formato]] [[de]] [[quadrículo]] [[a#Preposição|a]].

===Conjugação===
{{conj.pt.ar|quadricul}}

==={{tradu}}===
{{tradini}}
* {{trad|es|cuadricular}}
{{tradmeio}}
* {{trad|gl|cuadricular}}
{{tradfim}}

=={{etim}}==
:De ''[[quadrícula|quadrícul(a)]]'' + ''[[-ar]]''.

=={{pronu}}==
===[[Brasil]]===
* [[AFI]]: {{AFI|/kwɐ.dɾɪ.kʊ.ˈlaɾ/}}
* [[X-SAMPA]]: /kw6.d4I.cU.&quot;la4/

=={{vertb}}==
===No Wikcionário===
{{vertbini}}
* [[retângulo]]
* [[quadrilátero]]
* [[xadrez]]
{{vertbfim}}

==={{-ref-}}===
{{vertbini}}
{{DLPO}}
{{vertbfim}}

[[Categoria:Adjectivo (Português)]]
[[Categoria:Verbo (Português)]]
[[Categoria:Polissílabo (Português)]]
[[Categoria:Oxítona (Português)]]
[[Categoria:Verbetes com pronúncia (Português)]]</text>
<sha1>tqej8qyqwk2no2wtq86ugzjdqi19497</sha1>
</revision>
<revision>
<id>430878</id>
<parentid>379952</parentid>
<timestamp>2009-03-08T04:15:51Z</timestamp>
<contributor>
<username>Interwicket</username>
<id>6868</id>
</contributor>
<minor />
<comment>iwiki +[[:ca:quadricular]]</comment>
<model>wikitext</model>
<format>text/x-wiki</format>
<text bytes="1302" xml:space="preserve">={{pt}}=
=={{adj}}==
{{flex.pt.com2|[[quadricular]]|quadriculares|s-div=qua.dri.cu.{{grifar|lar}}|p-div=qua.dri.cu.{{grifar|la}}.res}}
'''qua.dri.cu.{{grifar|lar}}''' {{c2g}}
# [[que]] [[pautar|é pautado]] [[em]] [[pequeno]]s [[quadrado]]s.

===Sinónimos===
* [[quadriculado]]

==={{tradu}}===
{{tradini}}
* {{trad|es|cuadriculado|cuadricular}}
* {{trad|gl|cuadriculado}}
{{tradmeio}}
* {{trad|oc|cuadriculado}}
{{tradfim}}

=={{verb}}==
'''qua.dri.cu.{{grifar|lar}}''' {{v.t.}}
# [[dividir]] [[em]] [[quadrícula]]s;
# [[dar]] [[um]] [[formato]] [[de]] [[quadrículo]] [[a#Preposição|a]].

===Conjugação===
{{conj.pt.ar|quadricul}}

==={{tradu}}===
{{tradini}}
* {{trad|es|cuadricular}}
{{tradmeio}}
* {{trad|gl|cuadricular}}
{{tradfim}}

=={{etim}}==
:De ''[[quadrícula|quadrícul(a)]]'' + ''[[-ar]]''.

=={{pronu}}==
===[[Brasil]]===
* [[AFI]]: {{AFI|/kwɐ.dɾɪ.kʊ.ˈlaɾ/}}
* [[X-SAMPA]]: /kw6.d4I.cU.&quot;la4/

=={{vertb}}==
===No Wikcionário===
{{vertbini}}
* [[retângulo]]
* [[quadrilátero]]
* [[xadrez]]
{{vertbfim}}

==={{-ref-}}===
{{vertbini}}
{{DLPO}}
{{vertbfim}}

[[Categoria:Adjectivo (Português)]]
[[Categoria:Verbo (Português)]]
[[Categoria:Polissílabo (Português)]]
[[Categoria:Oxítona (Português)]]
[[Categoria:Verbetes com pronúncia (Português)]]

[[ca:quadricular]]</text>
<sha1>brzo7ziiklhgn259s2xbaevq3btpjzc</sha1>
</revision>
<revision>
<id>470411</id>
<parentid>430878</parentid>
<timestamp>2009-05-26T20:57:50Z</timestamp>
<contributor>
<username>Cadum-Bot</username>
<id>8150</id>
</contributor>
<minor />
<comment>Adjetivo...</comment>
<model>wikitext</model>
<format>text/x-wiki</format>
<text bytes="1301" xml:space="preserve">={{pt}}=
=={{adj}}==
{{flex.pt.com2|[[quadricular]]|quadriculares|s-div=qua.dri.cu.{{grifar|lar}}|p-div=qua.dri.cu.{{grifar|la}}.res}}
'''qua.dri.cu.{{grifar|lar}}''' {{c2g}}
# [[que]] [[pautar|é pautado]] [[em]] [[pequeno]]s [[quadrado]]s.

===Sinónimos===
* [[quadriculado]]

==={{tradu}}===
{{tradini}}
* {{trad|es|cuadriculado|cuadricular}}
* {{trad|gl|cuadriculado}}
{{tradmeio}}
* {{trad|oc|cuadriculado}}
{{tradfim}}

=={{verb}}==
'''qua.dri.cu.{{grifar|lar}}''' {{v.t.}}
# [[dividir]] [[em]] [[quadrícula]]s;
# [[dar]] [[um]] [[formato]] [[de]] [[quadrículo]] [[a#Preposição|a]].

===Conjugação===
{{conj.pt.ar|quadricul}}

==={{tradu}}===
{{tradini}}
* {{trad|es|cuadricular}}
{{tradmeio}}
* {{trad|gl|cuadricular}}
{{tradfim}}

=={{etim}}==
:De ''[[quadrícula|quadrícul(a)]]'' + ''[[-ar]]''.

=={{pronu}}==
===[[Brasil]]===
* [[AFI]]: {{AFI|/kwɐ.dɾɪ.kʊ.ˈlaɾ/}}
* [[X-SAMPA]]: /kw6.d4I.cU.&quot;la4/

=={{vertb}}==
===No Wikcionário===
{{vertbini}}
* [[retângulo]]
* [[quadrilátero]]
* [[xadrez]]
{{vertbfim}}

==={{-ref-}}===
{{vertbini}}
{{DLPO}}
{{vertbfim}}

[[Categoria:Adjetivo (Português)]]
[[Categoria:Verbo (Português)]]
[[Categoria:Polissílabo (Português)]]
[[Categoria:Oxítona (Português)]]
[[Categoria:Verbetes com pronúncia (Português)]]

[[ca:quadricular]]</text>
<sha1>tj6aor8fiz80bfj9z6j653te1dij7lr</sha1>
</revision>
<revision>
<id>477851</id>
<parentid>470411</parentid>
<timestamp>2009-06-11T04:18:20Z</timestamp>
<contributor>
<username>Interwicket</username>
<id>6868</id>
</contributor>
<minor />
<comment>iwiki +[[:no:quadricular]]</comment>
<model>wikitext</model>
<format>text/x-wiki</format>
<text bytes="1320" xml:space="preserve">={{pt}}=
=={{adj}}==
{{flex.pt.com2|[[quadricular]]|quadriculares|s-div=qua.dri.cu.{{grifar|lar}}|p-div=qua.dri.cu.{{grifar|la}}.res}}
'''qua.dri.cu.{{grifar|lar}}''' {{c2g}}
# [[que]] [[pautar|é pautado]] [[em]] [[pequeno]]s [[quadrado]]s.

===Sinónimos===
* [[quadriculado]]

==={{tradu}}===
{{tradini}}
* {{trad|es|cuadriculado|cuadricular}}
* {{trad|gl|cuadriculado}}
{{tradmeio}}
* {{trad|oc|cuadriculado}}
{{tradfim}}

=={{verb}}==
'''qua.dri.cu.{{grifar|lar}}''' {{v.t.}}
# [[dividir]] [[em]] [[quadrícula]]s;
# [[dar]] [[um]] [[formato]] [[de]] [[quadrículo]] [[a#Preposição|a]].

===Conjugação===
{{conj.pt.ar|quadricul}}

==={{tradu}}===
{{tradini}}
* {{trad|es|cuadricular}}
{{tradmeio}}
* {{trad|gl|cuadricular}}
{{tradfim}}

=={{etim}}==
:De ''[[quadrícula|quadrícul(a)]]'' + ''[[-ar]]''.

=={{pronu}}==
===[[Brasil]]===
* [[AFI]]: {{AFI|/kwɐ.dɾɪ.kʊ.ˈlaɾ/}}
* [[X-SAMPA]]: /kw6.d4I.cU.&quot;la4/

=={{vertb}}==
===No Wikcionário===
{{vertbini}}
* [[retângulo]]
* [[quadrilátero]]
* [[xadrez]]
{{vertbfim}}

==={{-ref-}}===
{{vertbini}}
{{DLPO}}
{{vertbfim}}

[[Categoria:Adjetivo (Português)]]
[[Categoria:Verbo (Português)]]
[[Categoria:Polissílabo (Português)]]
[[Categoria:Oxítona (Português)]]
[[Categoria:Verbetes com pronúncia (Português)]]

[[ca:quadricular]]
[[no:quadricular]]</text>
<sha1>6vilawnm3qajlbx1bih3w7xjc9q1b6z</sha1>
</revision>
<revision>
<id>517298</id>
<parentid>477851</parentid>
<timestamp>2009-08-21T19:25:03Z</timestamp>
<contributor>
<username>MalafayaBot</username>
<id>628</id>
</contributor>
<minor />
<comment>Bot: Modificando [[Categoria:Verbetes com pronúncia (Português)]]</comment>
<model>wikitext</model>
<format>text/x-wiki</format>
<text bytes="1319" xml:space="preserve">={{pt}}=
=={{adj}}==
{{flex.pt.com2|[[quadricular]]|quadriculares|s-div=qua.dri.cu.{{grifar|lar}}|p-div=qua.dri.cu.{{grifar|la}}.res}}
'''qua.dri.cu.{{grifar|lar}}''' {{c2g}}
# [[que]] [[pautar|é pautado]] [[em]] [[pequeno]]s [[quadrado]]s.

===Sinónimos===
* [[quadriculado]]

==={{tradu}}===
{{tradini}}
* {{trad|es|cuadriculado|cuadricular}}
* {{trad|gl|cuadriculado}}
{{tradmeio}}
* {{trad|oc|cuadriculado}}
{{tradfim}}

=={{verb}}==
'''qua.dri.cu.{{grifar|lar}}''' {{v.t.}}
# [[dividir]] [[em]] [[quadrícula]]s;
# [[dar]] [[um]] [[formato]] [[de]] [[quadrículo]] [[a#Preposição|a]].

===Conjugação===
{{conj.pt.ar|quadricul}}

==={{tradu}}===
{{tradini}}
* {{trad|es|cuadricular}}
{{tradmeio}}
* {{trad|gl|cuadricular}}
{{tradfim}}

=={{etim}}==
:De ''[[quadrícula|quadrícul(a)]]'' + ''[[-ar]]''.

=={{pronu}}==
===[[Brasil]]===
* [[AFI]]: {{AFI|/kwɐ.dɾɪ.kʊ.ˈlaɾ/}}
* [[X-SAMPA]]: /kw6.d4I.cU.&quot;la4/

=={{vertb}}==
===No Wikcionário===
{{vertbini}}
* [[retângulo]]
* [[quadrilátero]]
* [[xadrez]]
{{vertbfim}}

==={{-ref-}}===
{{vertbini}}
{{DLPO}}
{{vertbfim}}

[[Categoria:Adjetivo (Português)]]
[[Categoria:Verbo (Português)]]
[[Categoria:Polissílabo (Português)]]
[[Categoria:Oxítona (Português)]]
[[Categoria:Verbete com pronúncia (Português)]]

[[ca:quadricular]]
[[no:quadricular]]</text>
<sha1>8rk97m0zxk7y6305lpjkjqpwurefx5e</sha1>
</revision>
<revision>
<id>563669</id>
<parentid>517298</parentid>
<timestamp>2009-10-13T14:47:23Z</timestamp>
<contributor>
<username>Jesielt-bot</username>
<id>10876</id>
</contributor>
<minor />
<comment>/* {{vertb}} */Recategorizando, Replaced: Verbete com pronúncia → Vocábulo com pronúncia, utilizando [[Project:AutoWikiBrowser|AWB]]</comment>
<model>wikitext</model>
<format>text/x-wiki</format>
<text bytes="1321" xml:space="preserve">={{pt}}=
=={{adj}}==
{{flex.pt.com2|[[quadricular]]|quadriculares|s-div=qua.dri.cu.{{grifar|lar}}|p-div=qua.dri.cu.{{grifar|la}}.res}}
'''qua.dri.cu.{{grifar|lar}}''' {{c2g}}
# [[que]] [[pautar|é pautado]] [[em]] [[pequeno]]s [[quadrado]]s.

===Sinónimos===
* [[quadriculado]]

==={{tradu}}===
{{tradini}}
* {{trad|es|cuadriculado|cuadricular}}
* {{trad|gl|cuadriculado}}
{{tradmeio}}
* {{trad|oc|cuadriculado}}
{{tradfim}}

=={{verb}}==
'''qua.dri.cu.{{grifar|lar}}''' {{v.t.}}
# [[dividir]] [[em]] [[quadrícula]]s;
# [[dar]] [[um]] [[formato]] [[de]] [[quadrículo]] [[a#Preposição|a]].

===Conjugação===
{{conj.pt.ar|quadricul}}

==={{tradu}}===
{{tradini}}
* {{trad|es|cuadricular}}
{{tradmeio}}
* {{trad|gl|cuadricular}}
{{tradfim}}

=={{etim}}==
:De ''[[quadrícula|quadrícul(a)]]'' + ''[[-ar]]''.

=={{pronu}}==
===[[Brasil]]===
* [[AFI]]: {{AFI|/kwɐ.dɾɪ.kʊ.ˈlaɾ/}}
* [[X-SAMPA]]: /kw6.d4I.cU.&quot;la4/

=={{vertb}}==
===No Wikcionário===
{{vertbini}}
* [[retângulo]]
* [[quadrilátero]]
* [[xadrez]]
{{vertbfim}}

==={{-ref-}}===
{{vertbini}}
{{DLPO}}
{{vertbfim}}

[[Categoria:Adjetivo (Português)]]
[[Categoria:Verbo (Português)]]
[[Categoria:Polissílabo (Português)]]
[[Categoria:Oxítona (Português)]]
[[Categoria:Vocábulo com pronúncia (Português)]]

[[ca:quadricular]]
[[no:quadricular]]</text>
<sha1>hu7h49pna2xo94tcybrw78kum6nxzbz</sha1>
</revision>
<revision>
<id>729906</id>
<parentid>563669</parentid>
<timestamp>2010-01-29T04:17:15Z</timestamp>
<contributor>
<username>Jesielt-bot</username>
<id>10876</id>
</contributor>
<comment>utilizando [[Project:AWB|AWB]]</comment>
<model>wikitext</model>
<format>text/x-wiki</format>
<text bytes="1330" xml:space="preserve">={{pt}}=
==Adjetivo==
{{flex.pt.com2|[[quadricular]]|quadriculares|s-div=qua.dri.cu.{{grifar|lar}}|p-div=qua.dri.cu.{{grifar|la}}.res}}
'''qua.dri.cu.{{grifar|lar}}''' {{c2g}}
# [[que]] [[pautar|é pautado]] [[em]] [[pequeno]]s [[quadrado]]s.

===Sinónimos===
* [[quadriculado]]

==={{tradu}}===
{{tradini}}
* {{trad|es|cuadriculado|cuadricular}}
* {{trad|gl|cuadriculado}}
{{tradmeio}}
* {{trad|oc|cuadriculado}}
{{tradfim}}

==Verbo==
'''qua.dri.cu.{{grifar|lar}}''' {{v.t.}}
# [[dividir]] [[em]] [[quadrícula]]s;
# [[dar]] [[um]] [[formato]] [[de]] [[quadrículo]] [[a#Preposição|a]].

===Conjugação===
{{conj.pt.ar|quadricul}}

==={{tradu}}===
{{tradini}}
* {{trad|es|cuadricular}}
{{tradmeio}}
* {{trad|gl|cuadricular}}
{{tradfim}}

=={{etimologia}}==
:De ''[[quadrícula|quadrícul(a)]]'' + ''[[-ar]]''.

=={{pronúncia}}==
===[[Brasil]]===
* [[AFI]]: {{AFI|/kwɐ.dɾɪ.kʊ.ˈlaɾ/}}
* [[X-SAMPA]]: /kw6.d4I.cU.&quot;la4/

=={{vertb}}==
===No Wikcionário===
{{vertbini}}
* [[retângulo]]
* [[quadrilátero]]
* [[xadrez]]
{{vertbfim}}

==={{-ref-}}===
{{vertbini}}
{{DLPO}}
{{vertbfim}}

[[Categoria:Adjetivo (Português)]]
[[Categoria:Verbo (Português)]]
[[Categoria:Polissílabo (Português)]]
[[Categoria:Oxítona (Português)]]
[[Categoria:Vocábulo com pronúncia (Português)]]

[[ca:quadricular]]
[[no:quadricular]]</text>
<sha1>fx885ktiz2facsflqz8yeue6i42dc9a</sha1>
</revision>
<revision>
<id>1034853</id>
<parentid>729906</parentid>
<timestamp>2011-02-27T05:59:41Z</timestamp>
<contributor>
<username>Jesielt-bot</username>
<id>10876</id>
</contributor>
<minor />
<comment>replaced: {{tradu}} → {{tradução}} (2) utilizando [[Project:AWB|AWB]]</comment>
<model>wikitext</model>
<format>text/x-wiki</format>
<text bytes="1340" xml:space="preserve">={{pt}}=
==Adjetivo==
{{flex.pt.com2|[[quadricular]]|quadriculares|s-div=qua.dri.cu.{{grifar|lar}}|p-div=qua.dri.cu.{{grifar|la}}.res}}
'''qua.dri.cu.{{grifar|lar}}''' {{c2g}}
# [[que]] [[pautar|é pautado]] [[em]] [[pequeno]]s [[quadrado]]s.

===Sinónimos===
* [[quadriculado]]

==={{tradução}}===
{{tradini}}
* {{trad|es|cuadriculado|cuadricular}}
* {{trad|gl|cuadriculado}}
{{tradmeio}}
* {{trad|oc|cuadriculado}}
{{tradfim}}

==Verbo==
'''qua.dri.cu.{{grifar|lar}}''' {{v.t.}}
# [[dividir]] [[em]] [[quadrícula]]s;
# [[dar]] [[um]] [[formato]] [[de]] [[quadrículo]] [[a#Preposição|a]].

===Conjugação===
{{conj.pt.ar|quadricul}}

==={{tradução}}===
{{tradini}}
* {{trad|es|cuadricular}}
{{tradmeio}}
* {{trad|gl|cuadricular}}
{{tradfim}}

=={{etimologia}}==
:De ''[[quadrícula|quadrícul(a)]]'' + ''[[-ar]]''.

=={{pronúncia}}==
===[[Brasil]]===
* [[AFI]]: {{AFI|/kwɐ.dɾɪ.kʊ.ˈlaɾ/}}
* [[X-SAMPA]]: /kw6.d4I.cU.&quot;la4/

=={{vertb}}==
===No Wikcionário===
{{vertbini}}
* [[retângulo]]
* [[quadrilátero]]
* [[xadrez]]
{{vertbfim}}

==={{-ref-}}===
{{vertbini}}
{{DLPO}}
{{vertbfim}}

[[Categoria:Adjetivo (Português)]]
[[Categoria:Verbo (Português)]]
[[Categoria:Polissílabo (Português)]]
[[Categoria:Oxítona (Português)]]
[[Categoria:Vocábulo com pronúncia (Português)]]

[[ca:quadricular]]
[[no:quadricular]]</text>
<sha1>dqymxucm9nm9dsxia7ofii6zu0dsrds</sha1>
</revision>
<revision>
<id>1106035</id>
<parentid>1034853</parentid>
<timestamp>2011-07-03T13:18:55Z</timestamp>
<contributor>
<username>MalafayaBot</username>
<id>628</id>
</contributor>
<minor />
<comment>Robô: Substituição de texto automática (-^\=\s?Português\s?\= +={{-pt-}}= &amp; -^\=\s?\{\{pt\}\}\s?\= +={{-pt-}}=)</comment>
<model>wikitext</model>
<format>text/x-wiki</format>
<text bytes="1342" xml:space="preserve">={{-pt-}}=
==Adjetivo==
{{flex.pt.com2|[[quadricular]]|quadriculares|s-div=qua.dri.cu.{{grifar|lar}}|p-div=qua.dri.cu.{{grifar|la}}.res}}
'''qua.dri.cu.{{grifar|lar}}''' {{c2g}}
# [[que]] [[pautar|é pautado]] [[em]] [[pequeno]]s [[quadrado]]s.

===Sinónimos===
* [[quadriculado]]

==={{tradução}}===
{{tradini}}
* {{trad|es|cuadriculado|cuadricular}}
* {{trad|gl|cuadriculado}}
{{tradmeio}}
* {{trad|oc|cuadriculado}}
{{tradfim}}

==Verbo==
'''qua.dri.cu.{{grifar|lar}}''' {{v.t.}}
# [[dividir]] [[em]] [[quadrícula]]s;
# [[dar]] [[um]] [[formato]] [[de]] [[quadrículo]] [[a#Preposição|a]].

===Conjugação===
{{conj.pt.ar|quadricul}}

==={{tradução}}===
{{tradini}}
* {{trad|es|cuadricular}}
{{tradmeio}}
* {{trad|gl|cuadricular}}
{{tradfim}}

=={{etimologia}}==
:De ''[[quadrícula|quadrícul(a)]]'' + ''[[-ar]]''.

=={{pronúncia}}==
===[[Brasil]]===
* [[AFI]]: {{AFI|/kwɐ.dɾɪ.kʊ.ˈlaɾ/}}
* [[X-SAMPA]]: /kw6.d4I.cU.&quot;la4/

=={{vertb}}==
===No Wikcionário===
{{vertbini}}
* [[retângulo]]
* [[quadrilátero]]
* [[xadrez]]
{{vertbfim}}

==={{-ref-}}===
{{vertbini}}
{{DLPO}}
{{vertbfim}}

[[Categoria:Adjetivo (Português)]]
[[Categoria:Verbo (Português)]]
[[Categoria:Polissílabo (Português)]]
[[Categoria:Oxítona (Português)]]
[[Categoria:Vocábulo com pronúncia (Português)]]

[[ca:quadricular]]
[[no:quadricular]]</text>
<sha1>2yj8uxj00vxcs4scldov0qwrcune566</sha1>
</revision>
<revision>
<id>1112594</id>
<parentid>1106035</parentid>
<timestamp>2011-07-03T17:58:49Z</timestamp>
<contributor>
<username>MalafayaBot</username>
<id>628</id>
</contributor>
<minor />
<comment>Substituindo {{conj.pt.*}} por {{conj/pt}}</comment>
<model>wikitext</model>
<format>text/x-wiki</format>
<text bytes="1342" xml:space="preserve">={{-pt-}}=
==Adjetivo==
{{flex.pt.com2|[[quadricular]]|quadriculares|s-div=qua.dri.cu.{{grifar|lar}}|p-div=qua.dri.cu.{{grifar|la}}.res}}
'''qua.dri.cu.{{grifar|lar}}''' {{c2g}}
# [[que]] [[pautar|é pautado]] [[em]] [[pequeno]]s [[quadrado]]s.

===Sinónimos===
* [[quadriculado]]

==={{tradução}}===
{{tradini}}
* {{trad|es|cuadriculado|cuadricular}}
* {{trad|gl|cuadriculado}}
{{tradmeio}}
* {{trad|oc|cuadriculado}}
{{tradfim}}

==Verbo==
'''qua.dri.cu.{{grifar|lar}}''' {{v.t.}}
# [[dividir]] [[em]] [[quadrícula]]s;
# [[dar]] [[um]] [[formato]] [[de]] [[quadrículo]] [[a#Preposição|a]].

===Conjugação===
{{conj/pt|quadricul|ar}}

==={{tradução}}===
{{tradini}}
* {{trad|es|cuadricular}}
{{tradmeio}}
* {{trad|gl|cuadricular}}
{{tradfim}}

=={{etimologia}}==
:De ''[[quadrícula|quadrícul(a)]]'' + ''[[-ar]]''.

=={{pronúncia}}==
===[[Brasil]]===
* [[AFI]]: {{AFI|/kwɐ.dɾɪ.kʊ.ˈlaɾ/}}
* [[X-SAMPA]]: /kw6.d4I.cU.&quot;la4/

=={{vertb}}==
===No Wikcionário===
{{vertbini}}
* [[retângulo]]
* [[quadrilátero]]
* [[xadrez]]
{{vertbfim}}

==={{-ref-}}===
{{vertbini}}
{{DLPO}}
{{vertbfim}}

[[Categoria:Adjetivo (Português)]]
[[Categoria:Verbo (Português)]]
[[Categoria:Polissílabo (Português)]]
[[Categoria:Oxítona (Português)]]
[[Categoria:Vocábulo com pronúncia (Português)]]

[[ca:quadricular]]
[[no:quadricular]]</text>
<sha1>2y27dn1n9skluafqadcht4yl6j499ex</sha1>
</revision>
<revision>
<id>1498202</id>
<parentid>1112594</parentid>
<timestamp>2012-10-24T14:49:28Z</timestamp>
<contributor>
<username>VJBot</username>
<id>33673</id>
</contributor>
<minor />
<comment>Robô: Substituição de texto automática  (-{{vertbini}} +{{verTambém.Ini}})</comment>
<model>wikitext</model>
<format>text/x-wiki</format>
<text bytes="1354" xml:space="preserve">={{-pt-}}=
==Adjetivo==
{{flex.pt.com2|[[quadricular]]|quadriculares|s-div=qua.dri.cu.{{grifar|lar}}|p-div=qua.dri.cu.{{grifar|la}}.res}}
'''qua.dri.cu.{{grifar|lar}}''' {{c2g}}
# [[que]] [[pautar|é pautado]] [[em]] [[pequeno]]s [[quadrado]]s.

===Sinónimos===
* [[quadriculado]]

==={{tradução}}===
{{tradini}}
* {{trad|es|cuadriculado|cuadricular}}
* {{trad|gl|cuadriculado}}
{{tradmeio}}
* {{trad|oc|cuadriculado}}
{{tradfim}}

==Verbo==
'''qua.dri.cu.{{grifar|lar}}''' {{v.t.}}
# [[dividir]] [[em]] [[quadrícula]]s;
# [[dar]] [[um]] [[formato]] [[de]] [[quadrículo]] [[a#Preposição|a]].

===Conjugação===
{{conj/pt|quadricul|ar}}

==={{tradução}}===
{{tradini}}
* {{trad|es|cuadricular}}
{{tradmeio}}
* {{trad|gl|cuadricular}}
{{tradfim}}

=={{etimologia}}==
:De ''[[quadrícula|quadrícul(a)]]'' + ''[[-ar]]''.

=={{pronúncia}}==
===[[Brasil]]===
* [[AFI]]: {{AFI|/kwɐ.dɾɪ.kʊ.ˈlaɾ/}}
* [[X-SAMPA]]: /kw6.d4I.cU.&quot;la4/

=={{vertb}}==
===No Wikcionário===
{{verTambém.Ini}}
* [[retângulo]]
* [[quadrilátero]]
* [[xadrez]]
{{vertbfim}}

==={{-ref-}}===
{{verTambém.Ini}}
{{DLPO}}
{{vertbfim}}

[[Categoria:Adjetivo (Português)]]
[[Categoria:Verbo (Português)]]
[[Categoria:Polissílabo (Português)]]
[[Categoria:Oxítona (Português)]]
[[Categoria:Vocábulo com pronúncia (Português)]]

[[ca:quadricular]]
[[no:quadricular]]</text>
<sha1>mtiubyz91fi87b0kpbvn0n32n0aj5ze</sha1>
</revision>
<revision>
<id>1510003</id>
<parentid>1498202</parentid>
<timestamp>2012-10-29T00:13:41Z</timestamp>
<contributor>
<username>VJBot</username>
<id>33673</id>
</contributor>
<minor />
<comment>Robô: Substituição de texto automática  (-{{vertbfim}} +{{verTambém.Fim}})</comment>
<model>wikitext</model>
<format>text/x-wiki</format>
<text bytes="1366" xml:space="preserve">={{-pt-}}=
==Adjetivo==
{{flex.pt.com2|[[quadricular]]|quadriculares|s-div=qua.dri.cu.{{grifar|lar}}|p-div=qua.dri.cu.{{grifar|la}}.res}}
'''qua.dri.cu.{{grifar|lar}}''' {{c2g}}
# [[que]] [[pautar|é pautado]] [[em]] [[pequeno]]s [[quadrado]]s.

===Sinónimos===
* [[quadriculado]]

==={{tradução}}===
{{tradini}}
* {{trad|es|cuadriculado|cuadricular}}
* {{trad|gl|cuadriculado}}
{{tradmeio}}
* {{trad|oc|cuadriculado}}
{{tradfim}}

==Verbo==
'''qua.dri.cu.{{grifar|lar}}''' {{v.t.}}
# [[dividir]] [[em]] [[quadrícula]]s;
# [[dar]] [[um]] [[formato]] [[de]] [[quadrículo]] [[a#Preposição|a]].

===Conjugação===
{{conj/pt|quadricul|ar}}

==={{tradução}}===
{{tradini}}
* {{trad|es|cuadricular}}
{{tradmeio}}
* {{trad|gl|cuadricular}}
{{tradfim}}

=={{etimologia}}==
:De ''[[quadrícula|quadrícul(a)]]'' + ''[[-ar]]''.

=={{pronúncia}}==
===[[Brasil]]===
* [[AFI]]: {{AFI|/kwɐ.dɾɪ.kʊ.ˈlaɾ/}}
* [[X-SAMPA]]: /kw6.d4I.cU.&quot;la4/

=={{vertb}}==
===No Wikcionário===
{{verTambém.Ini}}
* [[retângulo]]
* [[quadrilátero]]
* [[xadrez]]
{{verTambém.Fim}}

==={{-ref-}}===
{{verTambém.Ini}}
{{DLPO}}
{{verTambém.Fim}}

[[Categoria:Adjetivo (Português)]]
[[Categoria:Verbo (Português)]]
[[Categoria:Polissílabo (Português)]]
[[Categoria:Oxítona (Português)]]
[[Categoria:Vocábulo com pronúncia (Português)]]

[[ca:quadricular]]
[[no:quadricular]]</text>
<sha1>to3p99wr7odrgu7pzw2nsnlf096zr1w</sha1>
</revision>
<revision>
<id>1529164</id>
<parentid>1510003</parentid>
<timestamp>2012-11-28T06:31:34Z</timestamp>
<contributor>
<username>VJBot</username>
<id>33673</id>
</contributor>
<minor />
<comment>Robô: Substituição de texto automática  (-{{-ref-}} +Referências)</comment>
<model>wikitext</model>
<format>text/x-wiki</format>
<text bytes="1369" xml:space="preserve">={{-pt-}}=
==Adjetivo==
{{flex.pt.com2|[[quadricular]]|quadriculares|s-div=qua.dri.cu.{{grifar|lar}}|p-div=qua.dri.cu.{{grifar|la}}.res}}
'''qua.dri.cu.{{grifar|lar}}''' {{c2g}}
# [[que]] [[pautar|é pautado]] [[em]] [[pequeno]]s [[quadrado]]s.

===Sinónimos===
* [[quadriculado]]

==={{tradução}}===
{{tradini}}
* {{trad|es|cuadriculado|cuadricular}}
* {{trad|gl|cuadriculado}}
{{tradmeio}}
* {{trad|oc|cuadriculado}}
{{tradfim}}

==Verbo==
'''qua.dri.cu.{{grifar|lar}}''' {{v.t.}}
# [[dividir]] [[em]] [[quadrícula]]s;
# [[dar]] [[um]] [[formato]] [[de]] [[quadrículo]] [[a#Preposição|a]].

===Conjugação===
{{conj/pt|quadricul|ar}}

==={{tradução}}===
{{tradini}}
* {{trad|es|cuadricular}}
{{tradmeio}}
* {{trad|gl|cuadricular}}
{{tradfim}}

=={{etimologia}}==
:De ''[[quadrícula|quadrícul(a)]]'' + ''[[-ar]]''.

=={{pronúncia}}==
===[[Brasil]]===
* [[AFI]]: {{AFI|/kwɐ.dɾɪ.kʊ.ˈlaɾ/}}
* [[X-SAMPA]]: /kw6.d4I.cU.&quot;la4/

=={{vertb}}==
===No Wikcionário===
{{verTambém.Ini}}
* [[retângulo]]
* [[quadrilátero]]
* [[xadrez]]
{{verTambém.Fim}}

===Referências===
{{verTambém.Ini}}
{{DLPO}}
{{verTambém.Fim}}

[[Categoria:Adjetivo (Português)]]
[[Categoria:Verbo (Português)]]
[[Categoria:Polissílabo (Português)]]
[[Categoria:Oxítona (Português)]]
[[Categoria:Vocábulo com pronúncia (Português)]]

[[ca:quadricular]]
[[no:quadricular]]</text>
<sha1>ip08ev5fkayokog5a95emcdzll9likm</sha1>
</revision>
<revision>
<id>1536490</id>
<parentid>1529164</parentid>
<timestamp>2012-12-01T15:41:24Z</timestamp>
<contributor>
<username>VJBot</username>
<id>33673</id>
</contributor>
<minor />
<comment>Robô: Substituição de texto automática  (-{{vertb}} +Ver também)</comment>
<model>wikitext</model>
<format>text/x-wiki</format>
<text bytes="1371" xml:space="preserve">={{-pt-}}=
==Adjetivo==
{{flex.pt.com2|[[quadricular]]|quadriculares|s-div=qua.dri.cu.{{grifar|lar}}|p-div=qua.dri.cu.{{grifar|la}}.res}}
'''qua.dri.cu.{{grifar|lar}}''' {{c2g}}
# [[que]] [[pautar|é pautado]] [[em]] [[pequeno]]s [[quadrado]]s.

===Sinónimos===
* [[quadriculado]]

==={{tradução}}===
{{tradini}}
* {{trad|es|cuadriculado|cuadricular}}
* {{trad|gl|cuadriculado}}
{{tradmeio}}
* {{trad|oc|cuadriculado}}
{{tradfim}}

==Verbo==
'''qua.dri.cu.{{grifar|lar}}''' {{v.t.}}
# [[dividir]] [[em]] [[quadrícula]]s;
# [[dar]] [[um]] [[formato]] [[de]] [[quadrículo]] [[a#Preposição|a]].

===Conjugação===
{{conj/pt|quadricul|ar}}

==={{tradução}}===
{{tradini}}
* {{trad|es|cuadricular}}
{{tradmeio}}
* {{trad|gl|cuadricular}}
{{tradfim}}

=={{etimologia}}==
:De ''[[quadrícula|quadrícul(a)]]'' + ''[[-ar]]''.

=={{pronúncia}}==
===[[Brasil]]===
* [[AFI]]: {{AFI|/kwɐ.dɾɪ.kʊ.ˈlaɾ/}}
* [[X-SAMPA]]: /kw6.d4I.cU.&quot;la4/

==Ver também==
===No Wikcionário===
{{verTambém.Ini}}
* [[retângulo]]
* [[quadrilátero]]
* [[xadrez]]
{{verTambém.Fim}}

===Referências===
{{verTambém.Ini}}
{{DLPO}}
{{verTambém.Fim}}

[[Categoria:Adjetivo (Português)]]
[[Categoria:Verbo (Português)]]
[[Categoria:Polissílabo (Português)]]
[[Categoria:Oxítona (Português)]]
[[Categoria:Vocábulo com pronúncia (Português)]]

[[ca:quadricular]]
[[no:quadricular]]</text>
<sha1>qhqax3pe0y6nk03kyqqlqap27al2wbu</sha1>
</revision>
<revision>
<id>1548160</id>
<parentid>1536490</parentid>
<timestamp>2012-12-05T09:29:49Z</timestamp>
<contributor>
<username>VJBot</username>
<id>33673</id>
</contributor>
<minor />
<comment>Robô: Substituição de texto automática  (-{{tradução}} +Tradução)</comment>
<model>wikitext</model>
<format>text/x-wiki</format>
<text bytes="1363" xml:space="preserve">={{-pt-}}=
==Adjetivo==
{{flex.pt.com2|[[quadricular]]|quadriculares|s-div=qua.dri.cu.{{grifar|lar}}|p-div=qua.dri.cu.{{grifar|la}}.res}}
'''qua.dri.cu.{{grifar|lar}}''' {{c2g}}
# [[que]] [[pautar|é pautado]] [[em]] [[pequeno]]s [[quadrado]]s.

===Sinónimos===
* [[quadriculado]]

===Tradução===
{{tradini}}
* {{trad|es|cuadriculado|cuadricular}}
* {{trad|gl|cuadriculado}}
{{tradmeio}}
* {{trad|oc|cuadriculado}}
{{tradfim}}

==Verbo==
'''qua.dri.cu.{{grifar|lar}}''' {{v.t.}}
# [[dividir]] [[em]] [[quadrícula]]s;
# [[dar]] [[um]] [[formato]] [[de]] [[quadrículo]] [[a#Preposição|a]].

===Conjugação===
{{conj/pt|quadricul|ar}}

===Tradução===
{{tradini}}
* {{trad|es|cuadricular}}
{{tradmeio}}
* {{trad|gl|cuadricular}}
{{tradfim}}

=={{etimologia}}==
:De ''[[quadrícula|quadrícul(a)]]'' + ''[[-ar]]''.

=={{pronúncia}}==
===[[Brasil]]===
* [[AFI]]: {{AFI|/kwɐ.dɾɪ.kʊ.ˈlaɾ/}}
* [[X-SAMPA]]: /kw6.d4I.cU.&quot;la4/

==Ver também==
===No Wikcionário===
{{verTambém.Ini}}
* [[retângulo]]
* [[quadrilátero]]
* [[xadrez]]
{{verTambém.Fim}}

===Referências===
{{verTambém.Ini}}
{{DLPO}}
{{verTambém.Fim}}

[[Categoria:Adjetivo (Português)]]
[[Categoria:Verbo (Português)]]
[[Categoria:Polissílabo (Português)]]
[[Categoria:Oxítona (Português)]]
[[Categoria:Vocábulo com pronúncia (Português)]]

[[ca:quadricular]]
[[no:quadricular]]</text>
<sha1>iejw0k3xra4qjn91yezsb5sviwmuthw</sha1>
</revision>
<revision>
<id>1561454</id>
<parentid>1548160</parentid>
<timestamp>2012-12-17T17:29:25Z</timestamp>
<contributor>
<username>VJBot</username>
<id>33673</id>
</contributor>
<minor />
<comment>Robô: Substituição de texto automática  (-{{DLPO}} +{{subst:DLPO}})</comment>
<model>wikitext</model>
<format>text/x-wiki</format>
<text bytes="1613" xml:space="preserve">={{-pt-}}=
==Adjetivo==
{{flex.pt.com2|[[quadricular]]|quadriculares|s-div=qua.dri.cu.{{grifar|lar}}|p-div=qua.dri.cu.{{grifar|la}}.res}}
'''qua.dri.cu.{{grifar|lar}}''' {{c2g}}
# [[que]] [[pautar|é pautado]] [[em]] [[pequeno]]s [[quadrado]]s.

===Sinónimos===
* [[quadriculado]]

===Tradução===
{{tradini}}
* {{trad|es|cuadriculado|cuadricular}}
* {{trad|gl|cuadriculado}}
{{tradmeio}}
* {{trad|oc|cuadriculado}}
{{tradfim}}

==Verbo==
'''qua.dri.cu.{{grifar|lar}}''' {{v.t.}}
# [[dividir]] [[em]] [[quadrícula]]s;
# [[dar]] [[um]] [[formato]] [[de]] [[quadrículo]] [[a#Preposição|a]].

===Conjugação===
{{conj/pt|quadricul|ar}}

===Tradução===
{{tradini}}
* {{trad|es|cuadricular}}
{{tradmeio}}
* {{trad|gl|cuadricular}}
{{tradfim}}

=={{etimologia}}==
:De ''[[quadrícula|quadrícul(a)]]'' + ''[[-ar]]''.

=={{pronúncia}}==
===[[Brasil]]===
* [[AFI]]: {{AFI|/kwɐ.dɾɪ.kʊ.ˈlaɾ/}}
* [[X-SAMPA]]: /kw6.d4I.cU.&quot;la4/

==Ver também==
===No Wikcionário===
{{verTambém.Ini}}
* [[retângulo]]
* [[quadrilátero]]
* [[xadrez]]
{{verTambém.Fim}}

===Referências===
{{verTambém.Ini}}
* “{{PAGENAME}}” in ''[[w:Dicionário_Priberam_da_Língua_Portuguesa|Dicionário Priberam da Língua Portuguesa]]'' [em linha], [http://www.priberam.pt/dlpo/dlpo.aspx?pal={{urlencode:{{PAGENAME}}}} http://www.priberam.pt/dlpo/dlpo.aspx?pal={{PAGENAME}}]
{{verTambém.Fim}}

[[Categoria:Adjetivo (Português)]]
[[Categoria:Verbo (Português)]]
[[Categoria:Polissílabo (Português)]]
[[Categoria:Oxítona (Português)]]
[[Categoria:Vocábulo com pronúncia (Português)]]

[[ca:quadricular]]
[[no:quadricular]]</text>
<sha1>bvmjqvs207nnasry3jzr64ef5zh3e1v</sha1>
</revision>
<revision>
<id>1606054</id>
<parentid>1561454</parentid>
<timestamp>2013-01-19T21:09:00Z</timestamp>
<contributor>
<username>MalafayaBot</username>
<id>628</id>
</contributor>
<minor />
<comment>Robô: A modificar Categoria:Vocábulo com pronúncia (Português) para Categoria:Entrada com pronúncia (Português)</comment>
<model>wikitext</model>
<format>text/x-wiki</format>
<text bytes="1611" xml:space="preserve">={{-pt-}}=
==Adjetivo==
{{flex.pt.com2|[[quadricular]]|quadriculares|s-div=qua.dri.cu.{{grifar|lar}}|p-div=qua.dri.cu.{{grifar|la}}.res}}
'''qua.dri.cu.{{grifar|lar}}''' {{c2g}}
# [[que]] [[pautar|é pautado]] [[em]] [[pequeno]]s [[quadrado]]s.

===Sinónimos===
* [[quadriculado]]

===Tradução===
{{tradini}}
* {{trad|es|cuadriculado|cuadricular}}
* {{trad|gl|cuadriculado}}
{{tradmeio}}
* {{trad|oc|cuadriculado}}
{{tradfim}}

==Verbo==
'''qua.dri.cu.{{grifar|lar}}''' {{v.t.}}
# [[dividir]] [[em]] [[quadrícula]]s;
# [[dar]] [[um]] [[formato]] [[de]] [[quadrículo]] [[a#Preposição|a]].

===Conjugação===
{{conj/pt|quadricul|ar}}

===Tradução===
{{tradini}}
* {{trad|es|cuadricular}}
{{tradmeio}}
* {{trad|gl|cuadricular}}
{{tradfim}}

=={{etimologia}}==
:De ''[[quadrícula|quadrícul(a)]]'' + ''[[-ar]]''.

=={{pronúncia}}==
===[[Brasil]]===
* [[AFI]]: {{AFI|/kwɐ.dɾɪ.kʊ.ˈlaɾ/}}
* [[X-SAMPA]]: /kw6.d4I.cU.&quot;la4/

==Ver também==
===No Wikcionário===
{{verTambém.Ini}}
* [[retângulo]]
* [[quadrilátero]]
* [[xadrez]]
{{verTambém.Fim}}

===Referências===
{{verTambém.Ini}}
* “{{PAGENAME}}” in ''[[w:Dicionário_Priberam_da_Língua_Portuguesa|Dicionário Priberam da Língua Portuguesa]]'' [em linha], [http://www.priberam.pt/dlpo/dlpo.aspx?pal={{urlencode:{{PAGENAME}}}} http://www.priberam.pt/dlpo/dlpo.aspx?pal={{PAGENAME}}]
{{verTambém.Fim}}

[[Categoria:Adjetivo (Português)]]
[[Categoria:Verbo (Português)]]
[[Categoria:Polissílabo (Português)]]
[[Categoria:Oxítona (Português)]]
[[Categoria:Entrada com pronúncia (Português)]]

[[ca:quadricular]]
[[no:quadricular]]</text>
<sha1>pmytjwfuz2e3gfu83ol43w8iib4qpjx</sha1>
</revision>
<revision>
<id>2134258</id>
<parentid>1606054</parentid>
<timestamp>2016-06-09T22:08:15Z</timestamp>
<contributor>
<username>UT-interwiki-Bot</username>
<id>56129</id>
</contributor>
<minor />
<comment>Robô: A adicionar: [[en:quadricular]]</comment>
<model>wikitext</model>
<format>text/x-wiki</format>
<text bytes="1630" xml:space="preserve">={{-pt-}}=
==Adjetivo==
{{flex.pt.com2|[[quadricular]]|quadriculares|s-div=qua.dri.cu.{{grifar|lar}}|p-div=qua.dri.cu.{{grifar|la}}.res}}
'''qua.dri.cu.{{grifar|lar}}''' {{c2g}}
# [[que]] [[pautar|é pautado]] [[em]] [[pequeno]]s [[quadrado]]s.

===Sinónimos===
* [[quadriculado]]

===Tradução===
{{tradini}}
* {{trad|es|cuadriculado|cuadricular}}
* {{trad|gl|cuadriculado}}
{{tradmeio}}
* {{trad|oc|cuadriculado}}
{{tradfim}}

==Verbo==
'''qua.dri.cu.{{grifar|lar}}''' {{v.t.}}
# [[dividir]] [[em]] [[quadrícula]]s;
# [[dar]] [[um]] [[formato]] [[de]] [[quadrículo]] [[a#Preposição|a]].

===Conjugação===
{{conj/pt|quadricul|ar}}

===Tradução===
{{tradini}}
* {{trad|es|cuadricular}}
{{tradmeio}}
* {{trad|gl|cuadricular}}
{{tradfim}}

=={{etimologia}}==
:De ''[[quadrícula|quadrícul(a)]]'' + ''[[-ar]]''.

=={{pronúncia}}==
===[[Brasil]]===
* [[AFI]]: {{AFI|/kwɐ.dɾɪ.kʊ.ˈlaɾ/}}
* [[X-SAMPA]]: /kw6.d4I.cU.&quot;la4/

==Ver também==
===No Wikcionário===
{{verTambém.Ini}}
* [[retângulo]]
* [[quadrilátero]]
* [[xadrez]]
{{verTambém.Fim}}

===Referências===
{{verTambém.Ini}}
* “{{PAGENAME}}” in ''[[w:Dicionário_Priberam_da_Língua_Portuguesa|Dicionário Priberam da Língua Portuguesa]]'' [em linha], [http://www.priberam.pt/dlpo/dlpo.aspx?pal={{urlencode:{{PAGENAME}}}} http://www.priberam.pt/dlpo/dlpo.aspx?pal={{PAGENAME}}]
{{verTambém.Fim}}

[[Categoria:Adjetivo (Português)]]
[[Categoria:Verbo (Português)]]
[[Categoria:Polissílabo (Português)]]
[[Categoria:Oxítona (Português)]]
[[Categoria:Entrada com pronúncia (Português)]]

[[ca:quadricular]]
[[en:quadricular]]
[[no:quadricular]]</text>
<sha1>qcr3r843mzvd66yqe2099ha7cnpext7</sha1>
</revision>
<revision>
<id>2203694</id>
<parentid>2134258</parentid>
<timestamp>2016-11-30T10:49:00Z</timestamp>
<contributor>
<username>ValJor</username>
<id>1358</id>
</contributor>
<comment>Troca de predefinição: {{v.t.}} --&gt; {{gramática|vt}}</comment>
<model>wikitext</model>
<format>text/x-wiki</format>
<text bytes="1346" xml:space="preserve">={{-pt-}}=
==Adjetivo==
{{flex.pt|s=quadricular|p=quadriculares|s-div=qua.dri.cu.{{grifar|lar}}|p-div=qua.dri.cu.{{grifar|la}}.res}}
{{oxítona|qua|dri|cu|lar}}, {{gramática|c2g}}
# que é pautado em [[pequeno]]s [[quadrado]]s

===Sinônimo===
* [[quadriculado]]

===Tradução===
{{tradini}}
* {{trad|es|cuadriculado|cuadricular}}
* {{trad|gl|cuadriculado}}
{{tradmeio}}
* {{trad|oc|cuadriculado}}
{{tradfim}}

==Verbo==
{{oxítona|qua|dri|cu|lar}}, {{gramática|vt}}
# [[dividir]] em [[quadrícula]]s
# [[dar]] um [[formato]] de [[quadrículo]] a

===Conjugação===
{{conj/pt|quadricul|ar}}

===Tradução===
{{tradini}}
* {{trad|es|cuadricular}}
{{tradmeio}}
* {{trad|gl|cuadricular}}
{{tradfim}}

=={{etimologia|pt}}==
: {{escopo|Morfologia}} [[quadrícula|quadrícul(a)]] + [[-ar]].

=={{pronúncia|pt}}==
===Brasil===
* [[AFI]]: {{AFI|/kwɐ.dɾɪ.kʊ.ˈlaɾ/}}
* [[X-SAMPA]]: /kw6.d4I.cU.&quot;la4/

==Ver também==
===No Wikcionário===
{{verTambém.Ini}}
* [[retângulo]]
{{verTambém.NovaColuna}}
* [[quadrilátero]]
{{verTambém.NovaColuna}}
* [[xadrez]]
{{verTambém.Fim}}

==Ligações externas==
* {{Aulete}}
* {{DicioAberto}}
* {{DPLP}}
* {{Houaiss}}
* {{Infopédia}}
* {{Michaelis}}
* {{PLP}}
* {{VOLPABL}}

[[Categoria:Adjetivo (Português)]]
[[Categoria:Verbo (Português)]]

[[ca:quadricular]]
[[en:quadricular]]
[[no:quadricular]]</text>
<sha1>p3o2s1jam71uv73251r605f5676p9ze</sha1>
</revision>
<revision>
<id>2396644</id>
<parentid>2203694</parentid>
<timestamp>2017-05-13T10:56:24Z</timestamp>
<contributor>
<username>HydrizBot</username>
<id>29590</id>
</contributor>
<minor />
<comment>Robô: A limpar links interwikis antigos</comment>
<model>wikitext</model>
<format>text/x-wiki</format>
<text bytes="1288" xml:space="preserve">={{-pt-}}=
==Adjetivo==
{{flex.pt|s=quadricular|p=quadriculares|s-div=qua.dri.cu.{{grifar|lar}}|p-div=qua.dri.cu.{{grifar|la}}.res}}
{{oxítona|qua|dri|cu|lar}}, {{gramática|c2g}}
# que é pautado em [[pequeno]]s [[quadrado]]s

===Sinônimo===
* [[quadriculado]]

===Tradução===
{{tradini}}
* {{trad|es|cuadriculado|cuadricular}}
* {{trad|gl|cuadriculado}}
{{tradmeio}}
* {{trad|oc|cuadriculado}}
{{tradfim}}

==Verbo==
{{oxítona|qua|dri|cu|lar}}, {{gramática|vt}}
# [[dividir]] em [[quadrícula]]s
# [[dar]] um [[formato]] de [[quadrículo]] a

===Conjugação===
{{conj/pt|quadricul|ar}}

===Tradução===
{{tradini}}
* {{trad|es|cuadricular}}
{{tradmeio}}
* {{trad|gl|cuadricular}}
{{tradfim}}

=={{etimologia|pt}}==
: {{escopo|Morfologia}} [[quadrícula|quadrícul(a)]] + [[-ar]].

=={{pronúncia|pt}}==
===Brasil===
* [[AFI]]: {{AFI|/kwɐ.dɾɪ.kʊ.ˈlaɾ/}}
* [[X-SAMPA]]: /kw6.d4I.cU.&quot;la4/

==Ver também==
===No Wikcionário===
{{verTambém.Ini}}
* [[retângulo]]
{{verTambém.NovaColuna}}
* [[quadrilátero]]
{{verTambém.NovaColuna}}
* [[xadrez]]
{{verTambém.Fim}}

==Ligações externas==
* {{Aulete}}
* {{DicioAberto}}
* {{DPLP}}
* {{Houaiss}}
* {{Infopédia}}
* {{Michaelis}}
* {{PLP}}
* {{VOLPABL}}

[[Categoria:Adjetivo (Português)]]
[[Categoria:Verbo (Português)]]</text>
<sha1>okyyj4bw6n8q145mkbrafpb1tpitxog</sha1>
</revision>
</page>
