<title>quadrupedar</title>
<ns>0</ns>
<id>17224</id>
<revision>
<id>70570</id>
<timestamp>2006-02-14T12:21:50Z</timestamp>
<contributor>
<username>Leuadeque</username>
<id>21</id>
</contributor>
<model>wikitext</model>
<format>text/x-wiki</format>
<text bytes="133" xml:space="preserve">= Português =
== Verbo ==
'''qua.dru.pe.dar''' ''intransitivo''

:# [[Andar]] em [[quatro]] patas.

[[Categoria:Verbo (Português)]]</text>
<sha1>m3lbldlldij9mz6yvwd8a4axfflyx5y</sha1>
</revision>
<revision>
<id>89184</id>
<parentid>70570</parentid>
<timestamp>2006-02-23T00:55:07Z</timestamp>
<contributor>
<username>Conversion script</username>
<id>0</id>
</contributor>
<minor />
<comment>[[Quadrupedar]] movido para [[quadrupedar]]: Converting page titles to lowercase</comment>
<model>wikitext</model>
<format>text/x-wiki</format>
<text bytes="133" xml:space="preserve">= Português =
== Verbo ==
'''qua.dru.pe.dar''' ''intransitivo''

:# [[Andar]] em [[quatro]] patas.

[[Categoria:Verbo (Português)]]</text>
<sha1>m3lbldlldij9mz6yvwd8a4axfflyx5y</sha1>
</revision>
<revision>
<id>114371</id>
<parentid>89184</parentid>
<timestamp>2006-04-21T16:56:11Z</timestamp>
<contributor>
<username>Marcelo-Silva</username>
<id>364</id>
</contributor>
<model>wikitext</model>
<format>text/x-wiki</format>
<text bytes="215" xml:space="preserve">= Português =
== Verbo ==
'''qua.dru.pe.dar''' ''intransitivo''

:# [[Andar]] em [[quatro]] patas.

==Ver também==
===No Wikcionário===
*[[Bipedar]]
*[[Bípede]]
*[[Quadrúpede]]

[[Categoria:Verbo (Português)]]</text>
<sha1>e63w359th3sn9wbsfrlawnsei4kft02</sha1>
</revision>
<revision>
<id>1074934</id>
<parentid>114371</parentid>
<timestamp>2011-05-07T11:47:47Z</timestamp>
<contributor>
<username>ValJor</username>
<id>1358</id>
</contributor>
<comment>Desfazendo link para [[Andar]] para poder deletar o redirecionamento para minúscula</comment>
<model>wikitext</model>
<format>text/x-wiki</format>
<text bytes="428" xml:space="preserve">=Português=
==Verbo==
{{oxítona|qua|dru|pe|dar}}, ''intransitivo''
# [[andar]] em [[quatro]] patas

===Conjugação===
{{conj/pt|quadruped|ar}}

=={{etimologia|pt}}==
: {{escopo|Morfologia}} [[quadrúpede]] + [[-ar]].

==Ver também==
===No Wikcionário===
{{verTambém.Ini}}
* [[bipedar]]
{{verTambém.NovaColuna}}
* [[bípede]]
{{verTambém.NovaColuna}}
* [[quadrúpede]]
{{verTambém.Fim}}

[[Categoria:Verbo (Português)]]</text>
<sha1>auok2w9zfrcgllh8dp8p0uzfw3lakyf</sha1>
</revision>
<revision>
<id>1106036</id>
<parentid>1074934</parentid>
<timestamp>2011-07-03T13:18:57Z</timestamp>
<contributor>
<username>MalafayaBot</username>
<id>628</id>
</contributor>
<minor />
<comment>Robô: Substituição de texto automática (-^\=\s?Português\s?\= +={{-pt-}}= &amp; -^\=\s?\{\{pt\}\}\s?\= +={{-pt-}}=)</comment>
<model>wikitext</model>
<format>text/x-wiki</format>
<text bytes="426" xml:space="preserve">={{-pt-}}=
==Verbo==
{{oxítona|qua|dru|pe|dar}}, ''intransitivo''
# [[andar]] em [[quatro]] patas

===Conjugação===
{{conj/pt|quadruped|ar}}

=={{etimologia|pt}}==
: {{escopo|Morfologia}} [[quadrúpede]] + [[-ar]].

==Ver também==
===No Wikcionário===
{{verTambém.Ini}}
* [[bipedar]]
{{verTambém.NovaColuna}}
* [[bípede]]
{{verTambém.NovaColuna}}
* [[quadrúpede]]
{{verTambém.Fim}}

[[Categoria:Verbo (Português)]]</text>
<sha1>gpdcxabsny1zt4hxcm11swt730cl07w</sha1>
</revision>
</page>
