<title>quadridimensional</title>
<ns>0</ns>
<id>113114</id>
<revision>
<id>465018</id>
<timestamp>2009-05-18T11:35:49Z</timestamp>
<contributor>
<username>ValJor</username>
<id>1358</id>
</contributor>
<comment>Criação do verbete (atendendo a [[Wikcionário:Artigos requisitados|pedido de consulente]])</comment>
<model>wikitext</model>
<format>text/x-wiki</format>
<text bytes="740" xml:space="preserve">=Português=
==Adjetivo==
{{flex.pt.com2|s=quadridimensional|p=quadridimensionais}}
{{oxítona|qua|dri|di|men|si|o|nal}}
# diz-se daquilo que tem [[quatro]] [[dimensão|dimensões]]
===Sinônimo===
* [[tetradimensional]]
=={{etimologia}}==
: De [[quadri-]] + [[dimensional]].
==Ver também==
===No Wikcionário===
{{verTambém.Ini}}
* [[adimensional]]
* [[bidimensional]]
* [[física]]
{{verTambém.NovaColuna}}
* [[hiperdimensional]]
* [[matemática]]
* [[medida]]
{{verTambém.NovaColuna}}
* [[multimensional]]
* [[pluridimensional]]
* [[quadrivetor]]
{{verTambém.NovaColuna}}
* [[tridimensional]]
* [[unidimensional]]
* [[vetor]]
{{verTambém.Fim}}
[[Categoria:Adjetivo (Português)]]
[[Categoria:Vocábulo com etimologia (Português)]]</text>
<sha1>hcl3ec7xlu56j11675hy2myw6uifud2</sha1>
</revision>
<revision>
<id>465533</id>
<parentid>465018</parentid>
<timestamp>2009-05-19T10:18:58Z</timestamp>
<contributor>
<username>Interwicket</username>
<id>6868</id>
</contributor>
<minor />
<comment>iwiki +[[:pl:quadridimensional]]</comment>
<model>wikitext</model>
<format>text/x-wiki</format>
<text bytes="766" xml:space="preserve">=Português=
==Adjetivo==
{{flex.pt.com2|s=quadridimensional|p=quadridimensionais}}
{{oxítona|qua|dri|di|men|si|o|nal}}
# diz-se daquilo que tem [[quatro]] [[dimensão|dimensões]]
===Sinônimo===
* [[tetradimensional]]
=={{etimologia}}==
: De [[quadri-]] + [[dimensional]].
==Ver também==
===No Wikcionário===
{{verTambém.Ini}}
* [[adimensional]]
* [[bidimensional]]
* [[física]]
{{verTambém.NovaColuna}}
* [[hiperdimensional]]
* [[matemática]]
* [[medida]]
{{verTambém.NovaColuna}}
* [[multimensional]]
* [[pluridimensional]]
* [[quadrivetor]]
{{verTambém.NovaColuna}}
* [[tridimensional]]
* [[unidimensional]]
* [[vetor]]
{{verTambém.Fim}}
[[Categoria:Adjetivo (Português)]]
[[Categoria:Vocábulo com etimologia (Português)]]

[[pl:quadridimensional]]</text>
<sha1>7svemb9ts5kz3pqvittowv161y96gn3</sha1>
</revision>
<revision>
<id>1187552</id>
<parentid>465533</parentid>
<timestamp>2011-07-08T17:53:28Z</timestamp>
<contributor>
<username>MalafayaBot</username>
<id>628</id>
</contributor>
<minor />
<comment>Robô: Substituição de texto automática (-^\=\s?Português\s?\= +={{-pt-}}= &amp; -^\=\s?\{\{pt\}\}\s?\= +={{-pt-}}=)</comment>
<model>wikitext</model>
<format>text/x-wiki</format>
<text bytes="764" xml:space="preserve">={{-pt-}}=
==Adjetivo==
{{flex.pt.com2|s=quadridimensional|p=quadridimensionais}}
{{oxítona|qua|dri|di|men|si|o|nal}}
# diz-se daquilo que tem [[quatro]] [[dimensão|dimensões]]
===Sinônimo===
* [[tetradimensional]]
=={{etimologia}}==
: De [[quadri-]] + [[dimensional]].
==Ver também==
===No Wikcionário===
{{verTambém.Ini}}
* [[adimensional]]
* [[bidimensional]]
* [[física]]
{{verTambém.NovaColuna}}
* [[hiperdimensional]]
* [[matemática]]
* [[medida]]
{{verTambém.NovaColuna}}
* [[multimensional]]
* [[pluridimensional]]
* [[quadrivetor]]
{{verTambém.NovaColuna}}
* [[tridimensional]]
* [[unidimensional]]
* [[vetor]]
{{verTambém.Fim}}
[[Categoria:Adjetivo (Português)]]
[[Categoria:Vocábulo com etimologia (Português)]]

[[pl:quadridimensional]]</text>
<sha1>q1c42o5voretukkxgdw7y1n885oiwvh</sha1>
</revision>
<revision>
<id>1606715</id>
<parentid>1187552</parentid>
<timestamp>2013-01-19T22:01:09Z</timestamp>
<contributor>
<username>MalafayaBot</username>
<id>628</id>
</contributor>
<minor />
<comment>Robô: A modificar Categoria:Vocábulo com etimologia (Português) para Categoria:Entrada com etimologia (Português)</comment>
<model>wikitext</model>
<format>text/x-wiki</format>
<text bytes="762" xml:space="preserve">={{-pt-}}=
==Adjetivo==
{{flex.pt.com2|s=quadridimensional|p=quadridimensionais}}
{{oxítona|qua|dri|di|men|si|o|nal}}
# diz-se daquilo que tem [[quatro]] [[dimensão|dimensões]]
===Sinônimo===
* [[tetradimensional]]
=={{etimologia}}==
: De [[quadri-]] + [[dimensional]].
==Ver também==
===No Wikcionário===
{{verTambém.Ini}}
* [[adimensional]]
* [[bidimensional]]
* [[física]]
{{verTambém.NovaColuna}}
* [[hiperdimensional]]
* [[matemática]]
* [[medida]]
{{verTambém.NovaColuna}}
* [[multimensional]]
* [[pluridimensional]]
* [[quadrivetor]]
{{verTambém.NovaColuna}}
* [[tridimensional]]
* [[unidimensional]]
* [[vetor]]
{{verTambém.Fim}}
[[Categoria:Adjetivo (Português)]]
[[Categoria:Entrada com etimologia (Português)]]

[[pl:quadridimensional]]</text>
<sha1>73so7g7ul1njq3nz0dcvw1e44ibufzg</sha1>
</revision>
<revision>
<id>2134280</id>
<parentid>1606715</parentid>
<timestamp>2016-06-09T22:14:50Z</timestamp>
<contributor>
<username>UT-interwiki-Bot</username>
<id>56129</id>
</contributor>
<minor />
<comment>Robô: A adicionar: [[en:quadridimensional]]</comment>
<model>wikitext</model>
<format>text/x-wiki</format>
<text bytes="787" xml:space="preserve">={{-pt-}}=
==Adjetivo==
{{flex.pt.com2|s=quadridimensional|p=quadridimensionais}}
{{oxítona|qua|dri|di|men|si|o|nal}}
# diz-se daquilo que tem [[quatro]] [[dimensão|dimensões]]
===Sinônimo===
* [[tetradimensional]]
=={{etimologia}}==
: De [[quadri-]] + [[dimensional]].
==Ver também==
===No Wikcionário===
{{verTambém.Ini}}
* [[adimensional]]
* [[bidimensional]]
* [[física]]
{{verTambém.NovaColuna}}
* [[hiperdimensional]]
* [[matemática]]
* [[medida]]
{{verTambém.NovaColuna}}
* [[multimensional]]
* [[pluridimensional]]
* [[quadrivetor]]
{{verTambém.NovaColuna}}
* [[tridimensional]]
* [[unidimensional]]
* [[vetor]]
{{verTambém.Fim}}
[[Categoria:Adjetivo (Português)]]
[[Categoria:Entrada com etimologia (Português)]]

[[en:quadridimensional]]
[[pl:quadridimensional]]</text>
<sha1>p4pyx1rkvk01gjg3nnhxen0i7l60eag</sha1>
</revision>
<revision>
<id>2178814</id>
<parentid>2134280</parentid>
<timestamp>2016-10-02T14:39:25Z</timestamp>
<contributor>
<username>Luan</username>
<id>1279</id>
</contributor>
<comment>substituição da [[Predefinição:flex.pt.com2]] por [[predefinição:flex.pt]] utilizando [[Project:AutoWikiBrowser|AWB]]</comment>
<model>wikitext</model>
<format>text/x-wiki</format>
<text bytes="679" xml:space="preserve">={{-pt-}}=
==Adjetivo==
{{flex.pt|s=quadridimensional|p=quadridimensionais}}
{{oxítona|qua|dri|di|men|si|o|nal}}
# diz-se daquilo que tem [[quatro]] [[dimensão|dimensões]]
===Sinônimo===
* [[tetradimensional]]
=={{etimologia|pt}}==
: De ''[[quadri-]]'' + ''[[dimensional]]''.
==Ver também==
===No Wikcionário===
{{dividir em colunas|5}}
* [[adimensional]]
* [[bidimensional]]
* [[física]]
* [[hiperdimensional]]
* [[matemática]]
* [[medida]]
* [[multimensional]]
* [[pluridimensional]]
* [[quadrivetor]]
* [[tridimensional]]
* [[unidimensional]]
* [[vetor]]
{{dividir em colunas/fim}}
[[Categoria:Adjetivo (Português)]]

[[en:quadridimensional]]
[[pl:quadridimensional]]</text>
<sha1>cq6kt6kzw9s1yjae10h965mcxh6p18e</sha1>
</revision>
<revision>
<id>2396687</id>
<parentid>2178814</parentid>
<timestamp>2017-05-13T10:57:52Z</timestamp>
<contributor>
<username>HydrizBot</username>
<id>29590</id>
</contributor>
<minor />
<comment>Robô: A limpar links interwikis antigos</comment>
<model>wikitext</model>
<format>text/x-wiki</format>
<text bytes="628" xml:space="preserve">={{-pt-}}=
==Adjetivo==
{{flex.pt|s=quadridimensional|p=quadridimensionais}}
{{oxítona|qua|dri|di|men|si|o|nal}}
# diz-se daquilo que tem [[quatro]] [[dimensão|dimensões]]
===Sinônimo===
* [[tetradimensional]]
=={{etimologia|pt}}==
: De ''[[quadri-]]'' + ''[[dimensional]]''.
==Ver também==
===No Wikcionário===
{{dividir em colunas|5}}
* [[adimensional]]
* [[bidimensional]]
* [[física]]
* [[hiperdimensional]]
* [[matemática]]
* [[medida]]
* [[multimensional]]
* [[pluridimensional]]
* [[quadrivetor]]
* [[tridimensional]]
* [[unidimensional]]
* [[vetor]]
{{dividir em colunas/fim}}
[[Categoria:Adjetivo (Português)]]</text>
<sha1>62fe7aqcseiy2br0qv9rn143trv0zz0</sha1>
</revision>
<revision>
<id>2478872</id>
<parentid>2396687</parentid>
<timestamp>2018-01-19T02:47:04Z</timestamp>
<contributor>
<username>Askekamo</username>
<id>60711</id>
</contributor>
<model>wikitext</model>
<format>text/x-wiki</format>
<text bytes="652" xml:space="preserve">={{-pt-}}=
==Adjetivo==
{{flex.pt|s=quadridimensional|p=quadridimensionais}}
{{oxítona|qua|dri|di|men|si|o|nal}}, {{gramática|c2g}}
# diz-se daquilo que tem [[quatro]] [[dimensão|dimensões]]

===Sinônimo===
* [[tetradimensional]]

=={{etimologia|pt}}==
: De ''[[quadri-]]'' + ''[[dimensional]]''.

==Ver também==
===No Wikcionário===
{{dividir em colunas|5}}
* [[adimensional]]
* [[bidimensional]]
* [[física]]
* [[hiperdimensional]]
* [[matemática]]
* [[medida]]
* [[multimensional]]
* [[pluridimensional]]
* [[quadrivetor]]
* [[tridimensional]]
* [[unidimensional]]
* [[vetor]]
{{dividir em colunas/fim}}

[[Categoria:Adjetivo (Português)]]</text>
<sha1>0tx2mgqzps4s7j5m5ec29j7p03aui9a</sha1>
</revision>
<revision>
<id>2478874</id>
<parentid>2478872</parentid>
<timestamp>2018-01-19T02:47:49Z</timestamp>
<contributor>
<username>Askekamo</username>
<id>60711</id>
</contributor>
<model>wikitext</model>
<format>text/x-wiki</format>
<text bytes="665" xml:space="preserve">={{-pt-}}=
==Adjetivo==
{{flex.pt|s=quadridimensional|p=quadridimensionais}}
{{oxítona|qua|dri|di|men|si|o|nal}}, {{gramática|c2g}}
# diz-se daquilo que tem [[quatro]] [[dimensão|dimensões]]

===Sinônimos===
* De '''1''': [[tetradimensional]]

=={{etimologia|pt}}==
: De ''[[quadri-]]'' + ''[[dimensional]]''.

==Ver também==
===No Wikcionário===
{{dividir em colunas|5}}
* [[adimensional]]
* [[bidimensional]]
* [[física]]
* [[hiperdimensional]]
* [[matemática]]
* [[medida]]
* [[multimensional]]
* [[pluridimensional]]
* [[quadrivetor]]
* [[tridimensional]]
* [[unidimensional]]
* [[vetor]]
{{dividir em colunas/fim}}

[[Categoria:Adjetivo (Português)]]</text>
<sha1>d8qhhojrame4mn4lit7jp3b38smd0ri</sha1>
</revision>
<revision>
<id>2478875</id>
<parentid>2478874</parentid>
<timestamp>2018-01-19T02:48:47Z</timestamp>
<contributor>
<username>Askekamo</username>
<id>60711</id>
</contributor>
<model>wikitext</model>
<format>text/x-wiki</format>
<text bytes="677" xml:space="preserve">={{-pt-}}=
==Adjetivo==
{{flex.pt|s=quadridimensional|p=quadridimensionais}}
{{oxítona|qua|dri|di|men|si|o|nal}}, {{gramática|c2g}}
# diz-se daquilo que tem [[quatro]] [[dimensão|dimensões]]

===Sinônimos===
* De '''1''': [[tetradimensional]]

=={{etimologia|pt}}==
: De ''[[quadri-]]'' + ''[[dimensional]]''.

==Ver também==
===No Wikcionário===
{{verTambém.Ini}}
* [[adimensional]]
* [[bidimensional]]
* [[física]]
* [[hiperdimensional]]
* [[matemática]]
* [[medida]]
{{verTambém.NovaColuna}}
* [[multimensional]]
* [[pluridimensional]]
* [[quadrivetor]]
* [[tridimensional]]
* [[unidimensional]]
* [[vetor]]
{{verTambém.Fim}}

[[Categoria:Adjetivo (Português)]]</text>
<sha1>fg8xn0m2enc8yh9912miwotm2sqel38</sha1>
</revision>
<revision>
<id>2478876</id>
<parentid>2478875</parentid>
<timestamp>2018-01-19T02:57:44Z</timestamp>
<contributor>
<username>Askekamo</username>
<id>60711</id>
</contributor>
<model>wikitext</model>
<format>text/x-wiki</format>
<text bytes="768" xml:space="preserve">={{-pt-}}=
==Adjetivo==
{{flex.pt|s=quadridimensional|p=quadridimensionais}}
{{oxítona|qua|dri|di|men|si|o|nal}}, {{gramática|c2g}}
# diz-se daquilo que tem [[quatro]] [[dimensão|dimensões]]

===Sinônimos===
* De '''1''': [[tetradimensional]]

===Tradução===
{{tradini|De 1}}
* {{trad|en|four-dimensional}}
{{tradmeio}}
{{tradfim}}

=={{etimologia|pt}}==
: De ''[[quadri-]]'' + ''[[dimensional]]''.

==Ver também==
===No Wikcionário===
{{verTambém.Ini}}
* [[adimensional]]
* [[bidimensional]]
* [[física]]
* [[hiperdimensional]]
* [[matemática]]
* [[medida]]
{{verTambém.NovaColuna}}
* [[multimensional]]
* [[pluridimensional]]
* [[quadrivetor]]
* [[tridimensional]]
* [[unidimensional]]
* [[vetor]]
{{verTambém.Fim}}

[[Categoria:Adjetivo (Português)]]</text>
<sha1>nxai6rs7esplw2gd3nhmlbl7tgwb0z1</sha1>
</revision>
</page>
