<title>quadraram</title>
<ns>0</ns>
<id>176856</id>
<revision>
<id>713016</id>
<timestamp>2010-01-24T17:21:56Z</timestamp>
<contributor>
<username>Jesielt-bot</username>
<id>10876</id>
</contributor>
<comment>Verbete criado por bot.</comment>
<model>wikitext</model>
<format>text/x-wiki</format>
<text bytes="193" xml:space="preserve">={{pt}}=
==Forma verbal==
'''quadraram'''
#[[terceira pessoa]] do [[plural]] do [[pretérito perfeito]] do [[modo indicativo]] do verbo '''[[quadrar]]'''
[[Categoria:Forma verbal (Português)]]</text>
<sha1>9ndil39ldvsynx12fpkutu3bbfz4maj</sha1>
</revision>
<revision>
<id>796978</id>
<parentid>713016</parentid>
<timestamp>2010-02-18T05:45:30Z</timestamp>
<contributor>
<username>Interwicket</username>
<id>6868</id>
</contributor>
<minor />
<comment>iwiki +[[:no:quadraram]]</comment>
<model>wikitext</model>
<format>text/x-wiki</format>
<text bytes="211" xml:space="preserve">={{pt}}=
==Forma verbal==
'''quadraram'''
#[[terceira pessoa]] do [[plural]] do [[pretérito perfeito]] do [[modo indicativo]] do verbo '''[[quadrar]]'''
[[Categoria:Forma verbal (Português)]]

[[no:quadraram]]</text>
<sha1>ta48cfsfy51j9r449029yu3b46nkurf</sha1>
</revision>
<revision>
<id>1167979</id>
<parentid>796978</parentid>
<timestamp>2011-07-06T12:10:58Z</timestamp>
<contributor>
<username>MalafayaBot</username>
<id>628</id>
</contributor>
<minor />
<comment>Robô: Substituição de texto automática (-^\=\s?Português\s?\= +={{-pt-}}= &amp; -^\=\s?\{\{pt\}\}\s?\= +={{-pt-}}=)</comment>
<model>wikitext</model>
<format>text/x-wiki</format>
<text bytes="213" xml:space="preserve">={{-pt-}}=
==Forma verbal==
'''quadraram'''
#[[terceira pessoa]] do [[plural]] do [[pretérito perfeito]] do [[modo indicativo]] do verbo '''[[quadrar]]'''
[[Categoria:Forma verbal (Português)]]

[[no:quadraram]]</text>
<sha1>2b6sxtcgou87pxup7w9ezv06didsuzp</sha1>
</revision>
<revision>
<id>1789378</id>
<parentid>1167979</parentid>
<timestamp>2013-12-18T21:27:28Z</timestamp>
<contributor>
<username>MalafayaBot</username>
<id>628</id>
</contributor>
<minor />
<comment>r2.7.5) (Robô: A adicionar: [[en:quadraram]], [[mg:quadraram]]</comment>
<model>wikitext</model>
<format>text/x-wiki</format>
<text bytes="247" xml:space="preserve">={{-pt-}}=
==Forma verbal==
'''quadraram'''
#[[terceira pessoa]] do [[plural]] do [[pretérito perfeito]] do [[modo indicativo]] do verbo '''[[quadrar]]'''
[[Categoria:Forma verbal (Português)]]

[[en:quadraram]]
[[mg:quadraram]]
[[no:quadraram]]</text>
<sha1>174wknwejf6986q10f9flg5m0q8xgsx</sha1>
</revision>
<revision>
<id>2396601</id>
<parentid>1789378</parentid>
<timestamp>2017-05-13T10:55:06Z</timestamp>
<contributor>
<username>HydrizBot</username>
<id>29590</id>
</contributor>
<minor />
<comment>Robô: A limpar links interwikis antigos</comment>
<model>wikitext</model>
<format>text/x-wiki</format>
<text bytes="195" xml:space="preserve">={{-pt-}}=
==Forma verbal==
'''quadraram'''
#[[terceira pessoa]] do [[plural]] do [[pretérito perfeito]] do [[modo indicativo]] do verbo '''[[quadrar]]'''
[[Categoria:Forma verbal (Português)]]</text>
<sha1>okvoh446adolz5lhb2vnoztzr9xwsaz</sha1>
</revision>
</page>
