<title>quadcopter</title>
<ns>0</ns>
<id>377573</id>
<revision>
<id>2262376</id>
<timestamp>2017-04-23T07:57:08Z</timestamp>
<contributor>
<username>Askekamo</username>
<id>60711</id>
</contributor>
<comment>[[Ajuda:Guia de edição/Menus e ferramentas/Sumário de edição|→]] nova página: ={{-en-}}= ==Substantivo== {{flex.en|s=quadcopter|quadcopters}} '''quadcopter''' # [[quadricóptero]]  Cate...</comment>
<model>wikitext</model>
<format>text/x-wiki</format>
<text bytes="138" xml:space="preserve">={{-en-}}=
==Substantivo==
{{flex.en|s=quadcopter|quadcopters}}
'''quadcopter'''
# [[quadricóptero]]

[[Categoria:Substantivo (Inglês)]]</text>
<sha1>6mgrf7ryn5fbr63itwkj1eey48hgk0u</sha1>
</revision>
</page>
