<title>quadremos</title>
<ns>0</ns>
<id>215271</id>
<revision>
<id>805390</id>
<timestamp>2010-02-20T00:26:13Z</timestamp>
<contributor>
<username>Jesielt-bot</username>
<id>10876</id>
</contributor>
<comment>Verbete criado por bot.</comment>
<model>wikitext</model>
<format>text/x-wiki</format>
<text bytes="371" xml:space="preserve">={{pt}}=
==Forma verbal==
'''quadremos'''
#[[primeira pessoa]] do [[plural]] do [[presente]] do [[modo subjuntivo]] do verbo '''[[quadrar]]'''
#[[primeira pessoa]] do [[plural]] do [[imperativo]] [[afirmativo]] do verbo '''[[quadrar]]'''
#[[primeira pessoa]] do [[plural]] do [[imperativo]] [[negativo]] do verbo '''[[quadrar]]'''

[[Categoria:Forma verbal (Português)]]</text>
<sha1>mjeifpzwvild4g81t3m1i9vmq65rrtj</sha1>
</revision>
<revision>
<id>813305</id>
<parentid>805390</parentid>
<timestamp>2010-02-24T02:08:50Z</timestamp>
<contributor>
<username>Interwicket</username>
<id>6868</id>
</contributor>
<minor />
<comment>iwiki +[[:no:quadremos]]</comment>
<model>wikitext</model>
<format>text/x-wiki</format>
<text bytes="389" xml:space="preserve">={{pt}}=
==Forma verbal==
'''quadremos'''
#[[primeira pessoa]] do [[plural]] do [[presente]] do [[modo subjuntivo]] do verbo '''[[quadrar]]'''
#[[primeira pessoa]] do [[plural]] do [[imperativo]] [[afirmativo]] do verbo '''[[quadrar]]'''
#[[primeira pessoa]] do [[plural]] do [[imperativo]] [[negativo]] do verbo '''[[quadrar]]'''

[[Categoria:Forma verbal (Português)]]

[[no:quadremos]]</text>
<sha1>b2wcsdljxarmcvrwdtjfaomyqlowbm1</sha1>
</revision>
<revision>
<id>1168009</id>
<parentid>813305</parentid>
<timestamp>2011-07-06T12:11:28Z</timestamp>
<contributor>
<username>MalafayaBot</username>
<id>628</id>
</contributor>
<minor />
<comment>Robô: Substituição de texto automática (-^\=\s?Português\s?\= +={{-pt-}}= &amp; -^\=\s?\{\{pt\}\}\s?\= +={{-pt-}}=)</comment>
<model>wikitext</model>
<format>text/x-wiki</format>
<text bytes="391" xml:space="preserve">={{-pt-}}=
==Forma verbal==
'''quadremos'''
#[[primeira pessoa]] do [[plural]] do [[presente]] do [[modo subjuntivo]] do verbo '''[[quadrar]]'''
#[[primeira pessoa]] do [[plural]] do [[imperativo]] [[afirmativo]] do verbo '''[[quadrar]]'''
#[[primeira pessoa]] do [[plural]] do [[imperativo]] [[negativo]] do verbo '''[[quadrar]]'''

[[Categoria:Forma verbal (Português)]]

[[no:quadremos]]</text>
<sha1>bofp8pwryiwcmwroevcwbelaf5m5kg8</sha1>
</revision>
<revision>
<id>2396634</id>
<parentid>1168009</parentid>
<timestamp>2017-05-13T10:56:08Z</timestamp>
<contributor>
<username>HydrizBot</username>
<id>29590</id>
</contributor>
<minor />
<comment>Robô: A limpar links interwikis antigos</comment>
<model>wikitext</model>
<format>text/x-wiki</format>
<text bytes="373" xml:space="preserve">={{-pt-}}=
==Forma verbal==
'''quadremos'''
#[[primeira pessoa]] do [[plural]] do [[presente]] do [[modo subjuntivo]] do verbo '''[[quadrar]]'''
#[[primeira pessoa]] do [[plural]] do [[imperativo]] [[afirmativo]] do verbo '''[[quadrar]]'''
#[[primeira pessoa]] do [[plural]] do [[imperativo]] [[negativo]] do verbo '''[[quadrar]]'''

[[Categoria:Forma verbal (Português)]]</text>
<sha1>9js1pee7rkcbzo920engsszovabkj4a</sha1>
</revision>
</page>
