<title>quadricularíamos</title>
<ns>0</ns>
<id>193992</id>
<revision>
<id>746653</id>
<timestamp>2010-02-05T11:24:38Z</timestamp>
<contributor>
<username>Jesielt-bot</username>
<id>10876</id>
</contributor>
<comment>Verbete criado por bot.</comment>
<model>wikitext</model>
<format>text/x-wiki</format>
<text bytes="184" xml:space="preserve">={{pt}}=
==Forma verbal==
'''quadricularíamos'''
#[[primeira pessoa]] do [[plural]] do [[futuro do pretérito]] do verbo '''[[quadricular]]'''

[[Categoria:Forma verbal (Português)]]</text>
<sha1>ni04ds6qfi0tuef8mxltwkoif811mnv</sha1>
</revision>
<revision>
<id>767662</id>
<parentid>746653</parentid>
<timestamp>2010-02-11T06:38:33Z</timestamp>
<contributor>
<username>Interwicket</username>
<id>6868</id>
</contributor>
<minor />
<comment>iwiki +[[:no:quadricularíamos]]</comment>
<model>wikitext</model>
<format>text/x-wiki</format>
<text bytes="210" xml:space="preserve">={{pt}}=
==Forma verbal==
'''quadricularíamos'''
#[[primeira pessoa]] do [[plural]] do [[futuro do pretérito]] do verbo '''[[quadricular]]'''

[[Categoria:Forma verbal (Português)]]

[[no:quadricularíamos]]</text>
<sha1>lydvyzt2zw0eusdec8zv9klcwxrymlz</sha1>
</revision>
<revision>
<id>1168032</id>
<parentid>767662</parentid>
<timestamp>2011-07-06T12:11:51Z</timestamp>
<contributor>
<username>MalafayaBot</username>
<id>628</id>
</contributor>
<minor />
<comment>Robô: Substituição de texto automática (-^\=\s?Português\s?\= +={{-pt-}}= &amp; -^\=\s?\{\{pt\}\}\s?\= +={{-pt-}}=)</comment>
<model>wikitext</model>
<format>text/x-wiki</format>
<text bytes="212" xml:space="preserve">={{-pt-}}=
==Forma verbal==
'''quadricularíamos'''
#[[primeira pessoa]] do [[plural]] do [[futuro do pretérito]] do verbo '''[[quadricular]]'''

[[Categoria:Forma verbal (Português)]]

[[no:quadricularíamos]]</text>
<sha1>nj4btx57naz89q4gma2xffd1juagjj5</sha1>
</revision>
<revision>
<id>2134241</id>
<parentid>1168032</parentid>
<timestamp>2016-06-09T22:05:25Z</timestamp>
<contributor>
<username>UT-interwiki-Bot</username>
<id>56129</id>
</contributor>
<minor />
<comment>Robô: A adicionar: [[en:quadricularíamos]]</comment>
<model>wikitext</model>
<format>text/x-wiki</format>
<text bytes="237" xml:space="preserve">={{-pt-}}=
==Forma verbal==
'''quadricularíamos'''
#[[primeira pessoa]] do [[plural]] do [[futuro do pretérito]] do verbo '''[[quadricular]]'''

[[Categoria:Forma verbal (Português)]]

[[en:quadricularíamos]]
[[no:quadricularíamos]]</text>
<sha1>s8dhsi407gygc0rf0aant79tgppgiyw</sha1>
</revision>
<revision>
<id>2396661</id>
<parentid>2134241</parentid>
<timestamp>2017-05-13T10:57:05Z</timestamp>
<contributor>
<username>HydrizBot</username>
<id>29590</id>
</contributor>
<minor />
<comment>Robô: A limpar links interwikis antigos</comment>
<model>wikitext</model>
<format>text/x-wiki</format>
<text bytes="186" xml:space="preserve">={{-pt-}}=
==Forma verbal==
'''quadricularíamos'''
#[[primeira pessoa]] do [[plural]] do [[futuro do pretérito]] do verbo '''[[quadricular]]'''

[[Categoria:Forma verbal (Português)]]</text>
<sha1>t4av5jt0qimt9lcfr6l9zzf7yd1bxfy</sha1>
</revision>
</page>
