<title>quadriculareis</title>
<ns>0</ns>
<id>189985</id>
<revision>
<id>740498</id>
<timestamp>2010-02-03T21:21:28Z</timestamp>
<contributor>
<username>Jesielt-bot</username>
<id>10876</id>
</contributor>
<comment>Verbete criado por bot.</comment>
<model>wikitext</model>
<format>text/x-wiki</format>
<text bytes="178" xml:space="preserve">={{pt}}=
==Forma verbal==
'''quadriculareis'''
#[[segunda pessoa]] do [[plural]] do [[futuro do presente]] do verbo '''[[quadricular]]'''

[[Categoria:Forma verbal (Português)]]</text>
<sha1>nf4abz0aues8mwoo481cenor3wst9gi</sha1>
</revision>
<revision>
<id>758869</id>
<parentid>740498</parentid>
<timestamp>2010-02-08T09:07:30Z</timestamp>
<contributor>
<username>Interwicket</username>
<id>6868</id>
</contributor>
<minor />
<comment>iwiki +[[:no:quadriculareis]]</comment>
<model>wikitext</model>
<format>text/x-wiki</format>
<text bytes="201" xml:space="preserve">={{pt}}=
==Forma verbal==
'''quadriculareis'''
#[[segunda pessoa]] do [[plural]] do [[futuro do presente]] do verbo '''[[quadricular]]'''

[[Categoria:Forma verbal (Português)]]

[[no:quadriculareis]]</text>
<sha1>r6vjv3tb6kq1korzqjbvl5f6xmsbgsh</sha1>
</revision>
<revision>
<id>1168021</id>
<parentid>758869</parentid>
<timestamp>2011-07-06T12:11:40Z</timestamp>
<contributor>
<username>MalafayaBot</username>
<id>628</id>
</contributor>
<minor />
<comment>Robô: Substituição de texto automática (-^\=\s?Português\s?\= +={{-pt-}}= &amp; -^\=\s?\{\{pt\}\}\s?\= +={{-pt-}}=)</comment>
<model>wikitext</model>
<format>text/x-wiki</format>
<text bytes="203" xml:space="preserve">={{-pt-}}=
==Forma verbal==
'''quadriculareis'''
#[[segunda pessoa]] do [[plural]] do [[futuro do presente]] do verbo '''[[quadricular]]'''

[[Categoria:Forma verbal (Português)]]

[[no:quadriculareis]]</text>
<sha1>3iz3lkczjs4r6b3ba64bf7829dbk9rg</sha1>
</revision>
<revision>
<id>2134252</id>
<parentid>1168021</parentid>
<timestamp>2016-06-09T22:07:15Z</timestamp>
<contributor>
<username>UT-interwiki-Bot</username>
<id>56129</id>
</contributor>
<minor />
<comment>Robô: A adicionar: [[en:quadriculareis]]</comment>
<model>wikitext</model>
<format>text/x-wiki</format>
<text bytes="225" xml:space="preserve">={{-pt-}}=
==Forma verbal==
'''quadriculareis'''
#[[segunda pessoa]] do [[plural]] do [[futuro do presente]] do verbo '''[[quadricular]]'''

[[Categoria:Forma verbal (Português)]]

[[en:quadriculareis]]
[[no:quadriculareis]]</text>
<sha1>gm4j11uojflqhyq6ud8skucb6c7mx24</sha1>
</revision>
<revision>
<id>2396650</id>
<parentid>2134252</parentid>
<timestamp>2017-05-13T10:56:32Z</timestamp>
<contributor>
<username>HydrizBot</username>
<id>29590</id>
</contributor>
<minor />
<comment>Robô: A limpar links interwikis antigos</comment>
<model>wikitext</model>
<format>text/x-wiki</format>
<text bytes="180" xml:space="preserve">={{-pt-}}=
==Forma verbal==
'''quadriculareis'''
#[[segunda pessoa]] do [[plural]] do [[futuro do presente]] do verbo '''[[quadricular]]'''

[[Categoria:Forma verbal (Português)]]</text>
<sha1>omm0jai23cgp35tw7zuby30ish34k5p</sha1>
</revision>
</page>
