<title>quadraste</title>
<ns>0</ns>
<id>172848</id>
<revision>
<id>707168</id>
<timestamp>2010-01-22T22:31:07Z</timestamp>
<contributor>
<username>Jesielt-bot</username>
<id>10876</id>
</contributor>
<comment>Artigo criado por bot</comment>
<model>wikitext</model>
<format>text/x-wiki</format>
<text bytes="194" xml:space="preserve">={{pt}}=
==Forma verbal==
'''quadraste'''
#[[segunda pessoa]] do [[singular]] do [[pretérito perfeito]] do [[modo indicativo]] do verbo '''[[quadrar]]'''
[[Categoria:Forma verbal (Português)]]</text>
<sha1>ms6ylhf72on47b74wejb8y9yl2uy7vr</sha1>
</revision>
<revision>
<id>761091</id>
<parentid>707168</parentid>
<timestamp>2010-02-08T19:36:26Z</timestamp>
<contributor>
<username>Interwicket</username>
<id>6868</id>
</contributor>
<minor />
<comment>iwiki +[[:en:quadraste]], [[:no:quadraste]]</comment>
<model>wikitext</model>
<format>text/x-wiki</format>
<text bytes="229" xml:space="preserve">={{pt}}=
==Forma verbal==
'''quadraste'''
#[[segunda pessoa]] do [[singular]] do [[pretérito perfeito]] do [[modo indicativo]] do verbo '''[[quadrar]]'''
[[Categoria:Forma verbal (Português)]]

[[en:quadraste]]
[[no:quadraste]]</text>
<sha1>ogtgz0sjypfdwjyr8htrty9p08973hx</sha1>
</revision>
<revision>
<id>1168000</id>
<parentid>761091</parentid>
<timestamp>2011-07-06T12:11:19Z</timestamp>
<contributor>
<username>MalafayaBot</username>
<id>628</id>
</contributor>
<minor />
<comment>Robô: Substituição de texto automática (-^\=\s?Português\s?\= +={{-pt-}}= &amp; -^\=\s?\{\{pt\}\}\s?\= +={{-pt-}}=)</comment>
<model>wikitext</model>
<format>text/x-wiki</format>
<text bytes="231" xml:space="preserve">={{-pt-}}=
==Forma verbal==
'''quadraste'''
#[[segunda pessoa]] do [[singular]] do [[pretérito perfeito]] do [[modo indicativo]] do verbo '''[[quadrar]]'''
[[Categoria:Forma verbal (Português)]]

[[en:quadraste]]
[[no:quadraste]]</text>
<sha1>iou5eui000dacyy3rk5jq56342ebtyb</sha1>
</revision>
<revision>
<id>2134267</id>
<parentid>1168000</parentid>
<timestamp>2016-06-09T22:09:47Z</timestamp>
<contributor>
<username>UT-interwiki-Bot</username>
<id>56129</id>
</contributor>
<minor />
<comment>Robô: A adicionar: [[it:quadraste]]</comment>
<model>wikitext</model>
<format>text/x-wiki</format>
<text bytes="248" xml:space="preserve">={{-pt-}}=
==Forma verbal==
'''quadraste'''
#[[segunda pessoa]] do [[singular]] do [[pretérito perfeito]] do [[modo indicativo]] do verbo '''[[quadrar]]'''
[[Categoria:Forma verbal (Português)]]

[[en:quadraste]]
[[it:quadraste]]
[[no:quadraste]]</text>
<sha1>bumc7y4cndnhwr6ud843wyz0hwjx3ic</sha1>
</revision>
<revision>
<id>2396622</id>
<parentid>2134267</parentid>
<timestamp>2017-05-13T10:55:43Z</timestamp>
<contributor>
<username>HydrizBot</username>
<id>29590</id>
</contributor>
<minor />
<comment>Robô: A limpar links interwikis antigos</comment>
<model>wikitext</model>
<format>text/x-wiki</format>
<text bytes="196" xml:space="preserve">={{-pt-}}=
==Forma verbal==
'''quadraste'''
#[[segunda pessoa]] do [[singular]] do [[pretérito perfeito]] do [[modo indicativo]] do verbo '''[[quadrar]]'''
[[Categoria:Forma verbal (Português)]]</text>
<sha1>jz07op51ksn6nq8y822ox3g24tg9m48</sha1>
</revision>
</page>
