<title>quadriculo</title>
<ns>0</ns>
<id>153870</id>
<revision>
<id>663916</id>
<timestamp>2009-12-24T16:57:15Z</timestamp>
<contributor>
<username>Jesielt-bot</username>
<id>10876</id>
</contributor>
<comment>Artigo criado por bot</comment>
<model>wikitext</model>
<format>text/x-wiki</format>
<text bytes="186" xml:space="preserve">={{pt}}=
==Forma verbal==
'''quadriculo'''
#[[primeira]] [[pessoa]] do [[singular]] do [[presente]] [[indicativo]] do verbo '''[[quadricular]]'''

[[Categoria:Forma verbal (Português)]]</text>
<sha1>56iq3uqe2exx7of3sewm9hqbhbtwq1l</sha1>
</revision>
<revision>
<id>680089</id>
<parentid>663916</parentid>
<timestamp>2010-01-02T05:04:34Z</timestamp>
<contributor>
<username>Interwicket</username>
<id>6868</id>
</contributor>
<minor />
<comment>iwiki +[[:no:quadriculo]]</comment>
<model>wikitext</model>
<format>text/x-wiki</format>
<text bytes="205" xml:space="preserve">={{pt}}=
==Forma verbal==
'''quadriculo'''
#[[primeira]] [[pessoa]] do [[singular]] do [[presente]] [[indicativo]] do verbo '''[[quadricular]]'''

[[Categoria:Forma verbal (Português)]]

[[no:quadriculo]]</text>
<sha1>fybd0ri0nn81ney0avuoe357jhwqe3t</sha1>
</revision>
<revision>
<id>1168049</id>
<parentid>680089</parentid>
<timestamp>2011-07-06T12:12:09Z</timestamp>
<contributor>
<username>MalafayaBot</username>
<id>628</id>
</contributor>
<minor />
<comment>Robô: Substituição de texto automática (-^\=\s?Português\s?\= +={{-pt-}}= &amp; -^\=\s?\{\{pt\}\}\s?\= +={{-pt-}}=)</comment>
<model>wikitext</model>
<format>text/x-wiki</format>
<text bytes="207" xml:space="preserve">={{-pt-}}=
==Forma verbal==
'''quadriculo'''
#[[primeira]] [[pessoa]] do [[singular]] do [[presente]] [[indicativo]] do verbo '''[[quadricular]]'''

[[Categoria:Forma verbal (Português)]]

[[no:quadriculo]]</text>
<sha1>nhwqnb8pwa5ugwqn59rx36p90y73llf</sha1>
</revision>
<revision>
<id>2134289</id>
<parentid>1168049</parentid>
<timestamp>2016-06-09T22:16:20Z</timestamp>
<contributor>
<username>UT-interwiki-Bot</username>
<id>56129</id>
</contributor>
<minor />
<comment>Robô: A adicionar: [[en:quadriculo]]</comment>
<model>wikitext</model>
<format>text/x-wiki</format>
<text bytes="225" xml:space="preserve">={{-pt-}}=
==Forma verbal==
'''quadriculo'''
#[[primeira]] [[pessoa]] do [[singular]] do [[presente]] [[indicativo]] do verbo '''[[quadricular]]'''

[[Categoria:Forma verbal (Português)]]

[[en:quadriculo]]
[[no:quadriculo]]</text>
<sha1>lj4xpo6nuluvg8yy1pxuwy74slas1ts</sha1>
</revision>
<revision>
<id>2396678</id>
<parentid>2134289</parentid>
<timestamp>2017-05-13T10:57:38Z</timestamp>
<contributor>
<username>HydrizBot</username>
<id>29590</id>
</contributor>
<minor />
<comment>Robô: A limpar links interwikis antigos</comment>
<model>wikitext</model>
<format>text/x-wiki</format>
<text bytes="188" xml:space="preserve">={{-pt-}}=
==Forma verbal==
'''quadriculo'''
#[[primeira]] [[pessoa]] do [[singular]] do [[presente]] [[indicativo]] do verbo '''[[quadricular]]'''

[[Categoria:Forma verbal (Português)]]</text>
<sha1>6iwkov3fihernfopx9y4cehw63sf1o5</sha1>
</revision>
</page>
