<title>quadrisnonno</title>
<ns>0</ns>
<id>416637</id>
<revision>
<id>2565127</id>
<timestamp>2019-12-08T16:29:11Z</timestamp>
<contributor>
<ip>2804:431:D725:8CD4:D5A7:60C5:9A7F:5BE2</ip>
</contributor>
<comment>[[Ajuda:Guia de edição/Menus e ferramentas/Sumário de edição|→]] nova página: ={{-it-}}= ==Substantivo== '''quadrisnonno''', {{m}} # [[tetravô]]  [[Categoria:Substantivo (Italiano)]] C...</comment>
<model>wikitext</model>
<format>text/x-wiki</format>
<text bytes="139" xml:space="preserve">={{-it-}}=
==Substantivo==
'''quadrisnonno''', {{m}}
# [[tetravô]]

[[Categoria:Substantivo (Italiano)]]
[[Categoria:Família (Italiano)]]</text>
<sha1>aogh33oeykdjcxqm73zl3y3k2axjzs1</sha1>
</revision>
</page>
