<title>quadrática</title>
<ns>0</ns>
<id>312887</id>
<revision>
<id>1665297</id>
<timestamp>2013-03-06T10:16:10Z</timestamp>
<contributor>
<username>Mecanismo</username>
<id>314</id>
</contributor>
<comment>ponto de partida</comment>
<model>wikitext</model>
<format>text/x-wiki</format>
<text bytes="25" xml:space="preserve">#redirect [[quadrático]]</text>
<sha1>06y51uai5gnw7jagaue1h7zod6txjwd</sha1>
</revision>
<revision>
<id>1701725</id>
<parentid>1665297</parentid>
<timestamp>2013-07-18T10:59:57Z</timestamp>
<contributor>
<username>ValJor</username>
<id>1358</id>
</contributor>
<comment>Eliminando um verbete da [[Especial:Redireccionamentos|lista de redirecionamentos]]</comment>
<model>wikitext</model>
<format>text/x-wiki</format>
<text bytes="171" xml:space="preserve">={{-pt-}}=
==Forma de adjetivo==
{{proparoxítona|qua|drá|ti|ca}}
# feminino de [[quadrático]]

{{avi-for-fle|quadrático}}

[[Categoria:Forma de adjetivo (Português)]]</text>
<sha1>0emdd825zelb305c036idyzoe8iratb</sha1>
</revision>
<revision>
<id>2134306</id>
<parentid>1701725</parentid>
<timestamp>2016-06-09T22:21:50Z</timestamp>
<contributor>
<username>UT-interwiki-Bot</username>
<id>56129</id>
</contributor>
<minor />
<comment>Robô: A adicionar: [[en:quadrática]]</comment>
<model>wikitext</model>
<format>text/x-wiki</format>
<text bytes="191" xml:space="preserve">={{-pt-}}=
==Forma de adjetivo==
{{proparoxítona|qua|drá|ti|ca}}
# feminino de [[quadrático]]

{{avi-for-fle|quadrático}}

[[Categoria:Forma de adjetivo (Português)]]

[[en:quadrática]]</text>
<sha1>odofp37y3kbbdd42on3x1fhw68r9qzv</sha1>
</revision>
<revision>
<id>2396722</id>
<parentid>2134306</parentid>
<timestamp>2017-05-13T10:59:00Z</timestamp>
<contributor>
<username>HydrizBot</username>
<id>29590</id>
</contributor>
<minor />
<comment>Robô: A limpar links interwikis antigos</comment>
<model>wikitext</model>
<format>text/x-wiki</format>
<text bytes="171" xml:space="preserve">={{-pt-}}=
==Forma de adjetivo==
{{proparoxítona|qua|drá|ti|ca}}
# feminino de [[quadrático]]

{{avi-for-fle|quadrático}}

[[Categoria:Forma de adjetivo (Português)]]</text>
<sha1>0emdd825zelb305c036idyzoe8iratb</sha1>
</revision>
</page>
