<title>quadruplicar</title>
<ns>0</ns>
<id>1073</id>
<revision>
<id>1013</id>
<timestamp>2004-08-13T20:29:58Z</timestamp>
<contributor>
<username>Leuadeque</username>
<id>21</id>
</contributor>
<model>wikitext</model>
<format>text/x-wiki</format>
<text bytes="240" xml:space="preserve">== Verbo ==
'''qua.dru.pli.car'''

=== Intransitivo ===
:# Tornar-se o quádruplo (do que se era antes).

=== Transitivo Direto ===
:# Multiplicar algo por quatro.

== Pronúncia ==
'''Brasileira: Paulistana'''
* IPA: /kwa.dru.pli.'ka''r''/</text>
<sha1>pqlgffegibx6mw5s3d5imgf13abfdsh</sha1>
</revision>
<revision>
<id>1075</id>
<parentid>1013</parentid>
<timestamp>2004-08-19T13:58:54Z</timestamp>
<contributor>
<username>Diego UFCG</username>
<id>34</id>
</contributor>
<model>wikitext</model>
<format>text/x-wiki</format>
<text bytes="265" xml:space="preserve">== Verbo ==
'''qua.dru.pli.car'''

=== Intransitivo ===
:# Tornar-se o quádruplo (do que se era antes).

=== Transitivo Direto ===
:# Multiplicar algo por quatro.

== Pronúncia ==
'''Brasileira: Paulistana'''
* IPA: /kwa.dru.pli.'ka''r''/
* SAMPA: /kwadrupli&quot;kax/</text>
<sha1>7469unma8gcqk8yevn82bk0fso7chut</sha1>
</revision>
<revision>
<id>1179</id>
<parentid>1075</parentid>
<timestamp>2004-08-21T16:56:39Z</timestamp>
<contributor>
<username>Leuadeque</username>
<id>21</id>
</contributor>
<minor />
<comment>/* Pronúncia */  De IPA pra AFI</comment>
<model>wikitext</model>
<format>text/x-wiki</format>
<text bytes="268" xml:space="preserve">== Verbo ==
'''qua.dru.pli.car'''

=== Intransitivo ===
:# Tornar-se o quádruplo (do que se era antes).

=== Transitivo Direto ===
:# Multiplicar algo por quatro.

== Pronúncia ==
'''Brasileira: Paulistana'''
* AFI: /kwa.dɾu.pli.ˈka''ɾ''/
* SAMPA: /kwadrupli&quot;kax/</text>
<sha1>2ny2oyun3n3pmlz86njo34sxttr4bn0</sha1>
</revision>
<revision>
<id>1246</id>
<parentid>1179</parentid>
<timestamp>2004-08-22T04:03:43Z</timestamp>
<contributor>
<username>Diego UFCG</username>
<id>34</id>
</contributor>
<comment>Separação silábica</comment>
<model>wikitext</model>
<format>text/x-wiki</format>
<text bytes="271" xml:space="preserve">== Verbo ==
'''qua.dru.pli.car'''

=== Intransitivo ===
:# Tornar-se o quádruplo (do que se era antes).

=== Transitivo Direto ===
:# Multiplicar algo por quatro.

== Pronúncia ==
'''Brasileira: Paulistana'''
* AFI: /kwa.dɾu.pli.ˈka''ɾ''/
* SAMPA: /kwa.dru.pli.&quot;kax/</text>
<sha1>7mtntq9k68czm5vhz0d9h9on3lxtr6e</sha1>
</revision>
<revision>
<id>1524</id>
<parentid>1246</parentid>
<timestamp>2004-08-26T23:43:18Z</timestamp>
<contributor>
<username>E-roxo</username>
<id>27</id>
</contributor>
<model>wikitext</model>
<format>text/x-wiki</format>
<text bytes="294" xml:space="preserve">== Verbo ==
'''qua.dru.pli.car'''

=== Intransitivo ===
:# Tornar-se o quádruplo (do que se era antes).

=== Transitivo Direto ===
:# Multiplicar algo por quatro.

== Pronúncia ==
'''Brasileira: Paulistana'''
* AFI: /kwa.dɾu.pli.ˈka''ɾ''/
* SAMPA: /kwa.dru.pli.&quot;kax/


[[Categoria: Verbo]]</text>
<sha1>jgmirxj070jv5qggfmjpkg26spt35j7</sha1>
</revision>
<revision>
<id>8070</id>
<parentid>1524</parentid>
<timestamp>2004-09-14T23:15:26Z</timestamp>
<contributor>
<username>Diego UFCG</username>
<id>34</id>
</contributor>
<comment>Pronúncia</comment>
<model>wikitext</model>
<format>text/x-wiki</format>
<text bytes="376" xml:space="preserve">== Verbo ==
'''qua.dru.pli.car'''

=== Intransitivo ===
:# Tornar-se o quádruplo (do que se era antes).

=== Transitivo Direto ===
:# Multiplicar algo por quatro.

== Pronúncia ==
'''Brasileira: Paulistana'''
* AFI: /kwa.dɾu.pli.ˈka''ɾ''/
* SAMPA: /kwa.d4u.pli.&quot;ka4/
'''Brasileira: Carioca'''
* AFI: /kwa.dɾu.pli.ˈkax/
* SAMPA: /kwa.d4u.pli.&quot;kax/


[[Categoria: Verbo]]</text>
<sha1>4514meiekje73evisgkny989jssr605</sha1>
</revision>
<revision>
<id>9587</id>
<parentid>8070</parentid>
<timestamp>2005-02-16T09:46:56Z</timestamp>
<contributor>
<username>E2mb0t~ptwiktionary</username>
<id>192</id>
</contributor>
<minor />
<comment>robot  Adicionando:pl</comment>
<model>wikitext</model>
<format>text/x-wiki</format>
<text bytes="397" xml:space="preserve">== Verbo ==
'''qua.dru.pli.car'''

=== Intransitivo ===
:# Tornar-se o quádruplo (do que se era antes).

=== Transitivo Direto ===
:# Multiplicar algo por quatro.

== Pronúncia ==
'''Brasileira: Paulistana'''
* AFI: /kwa.dɾu.pli.ˈka''ɾ''/
* SAMPA: /kwa.d4u.pli.&quot;ka4/
'''Brasileira: Carioca'''
* AFI: /kwa.dɾu.pli.ˈkax/
* SAMPA: /kwa.d4u.pli.&quot;kax/


[[Categoria: Verbo]]

[[pl:Quadruplicar]]</text>
<sha1>iyg8b2tghobguw431gk418vgj6pv83b</sha1>
</revision>
<revision>
<id>9618</id>
<parentid>9587</parentid>
<timestamp>2005-03-12T17:23:48Z</timestamp>
<contributor>
<username>LeonardoG</username>
<id>7</id>
</contributor>
<comment>+{{conj}}</comment>
<model>wikitext</model>
<format>text/x-wiki</format>
<text bytes="424" xml:space="preserve">== Verbo ==
'''qua.dru.pli.car'''

=== Intransitivo ===
:# Tornar-se o quádruplo (do que se era antes).

=== Transitivo Direto ===
:# Multiplicar algo por quatro.

== Pronúncia ==
'''Brasileira: Paulistana'''
* AFI: /kwa.dɾu.pli.ˈka''ɾ''/
* SAMPA: /kwa.d4u.pli.&quot;ka4/
'''Brasileira: Carioca'''
* AFI: /kwa.dɾu.pli.ˈkax/
* SAMPA: /kwa.d4u.pli.&quot;kax/

{{conj.pt.ar|Quadruplic}}


[[Categoria: Verbo]]

[[pl:Quadruplicar]]</text>
<sha1>7nurfsy20j5de4sf71cmfhqbfsaqs75</sha1>
</revision>
<revision>
<id>20067</id>
<parentid>9618</parentid>
<timestamp>2005-03-13T13:04:28Z</timestamp>
<contributor>
<username>Eusbarbosa</username>
<id>117</id>
</contributor>
<model>wikitext</model>
<format>text/x-wiki</format>
<text bytes="436" xml:space="preserve">== Verbo ==
'''qua.dru.pli.car'''

=== Intransitivo ===
:# Tornar-se o [[quádruplo]] (do que se era antes).

=== Transitivo Direto ===
:# [[Multiplicar]] algo por [[quatro]].

== Pronúncia ==
'''Brasileira: Paulistana'''
* AFI: /kwa.dɾu.pli.ˈka''ɾ''/
* SAMPA: /kwa.d4u.pli.&quot;ka4/
'''Brasileira: Carioca'''
* AFI: /kwa.dɾu.pli.ˈkax/
* SAMPA: /kwa.d4u.pli.&quot;kax/

{{conj.pt.ar|Quadruplic}}


[[Categoria: Verbo]]

[[pl:Quadruplicar]]</text>
<sha1>5b2mn0wboctw9r5rzpwqmsazaziczj1</sha1>
</revision>
<revision>
<id>37675</id>
<parentid>20067</parentid>
<timestamp>2005-08-30T22:10:26Z</timestamp>
<contributor>
<username>RobotGMwikt</username>
<id>407</id>
</contributor>
<minor />
<comment>robot  Modificando: pl</comment>
<model>wikitext</model>
<format>text/x-wiki</format>
<text bytes="436" xml:space="preserve">== Verbo ==
'''qua.dru.pli.car'''

=== Intransitivo ===
:# Tornar-se o [[quádruplo]] (do que se era antes).

=== Transitivo Direto ===
:# [[Multiplicar]] algo por [[quatro]].

== Pronúncia ==
'''Brasileira: Paulistana'''
* AFI: /kwa.dɾu.pli.ˈka''ɾ''/
* SAMPA: /kwa.d4u.pli.&quot;ka4/
'''Brasileira: Carioca'''
* AFI: /kwa.dɾu.pli.ˈkax/
* SAMPA: /kwa.d4u.pli.&quot;kax/

{{conj.pt.ar|Quadruplic}}


[[Categoria: Verbo]]

[[pl:quadruplicar]]</text>
<sha1>4z1wxx8x9ck6x71izg6w7hjayrz0a75</sha1>
</revision>
<revision>
<id>89186</id>
<parentid>37675</parentid>
<timestamp>2006-02-23T00:55:07Z</timestamp>
<contributor>
<username>Conversion script</username>
<id>0</id>
</contributor>
<minor />
<comment>[[Quadruplicar]] movido para [[quadruplicar]]: Converting page titles to lowercase</comment>
<model>wikitext</model>
<format>text/x-wiki</format>
<text bytes="436" xml:space="preserve">== Verbo ==
'''qua.dru.pli.car'''

=== Intransitivo ===
:# Tornar-se o [[quádruplo]] (do que se era antes).

=== Transitivo Direto ===
:# [[Multiplicar]] algo por [[quatro]].

== Pronúncia ==
'''Brasileira: Paulistana'''
* AFI: /kwa.dɾu.pli.ˈka''ɾ''/
* SAMPA: /kwa.d4u.pli.&quot;ka4/
'''Brasileira: Carioca'''
* AFI: /kwa.dɾu.pli.ˈkax/
* SAMPA: /kwa.d4u.pli.&quot;kax/

{{conj.pt.ar|Quadruplic}}


[[Categoria: Verbo]]

[[pl:quadruplicar]]</text>
<sha1>4z1wxx8x9ck6x71izg6w7hjayrz0a75</sha1>
</revision>
<revision>
<id>121753</id>
<parentid>89186</parentid>
<timestamp>2006-05-25T22:31:08Z</timestamp>
<contributor>
<username>Manéli</username>
<id>1265</id>
</contributor>
<model>wikitext</model>
<format>text/x-wiki</format>
<text bytes="475" xml:space="preserve">= Português =
== Verbo ==
'''qua.dru.pli.car'''

=== Intransitivo ===
:# Tornar-se o [[quádruplo]] (do que se era antes).

=== Transitivo Direto ===
:# [[multiplicar|Multiplicar]] algo por [[quatro]].

== Pronúncia ==
'''Brasileira: Paulistana'''
* AFI: /kwa.dɾu.pli.ˈka''ɾ''/
* SAMPA: /kwa.d4u.pli.&quot;ka4/
'''Brasileira: Carioca'''
* AFI: /kwa.dɾu.pli.ˈkax/
* SAMPA: /kwa.d4u.pli.&quot;kax/

{{conj.pt.ar|Quadruplic}}


[[Categoria:Verbo (Português)]]

[[pl:quadruplicar]]</text>
<sha1>4d8emyh6re4uzr1guqxq5ls7qg2llgq</sha1>
</revision>
<revision>
<id>376005</id>
<parentid>121753</parentid>
<timestamp>2008-08-17T13:53:20Z</timestamp>
<contributor>
<username>SpaceBirdyBot</username>
<id>973</id>
</contributor>
<minor />
<comment>Bot:  Adicionando: [[ca:quadruplicar]]</comment>
<model>wikitext</model>
<format>text/x-wiki</format>
<text bytes="495" xml:space="preserve">= Português =
== Verbo ==
'''qua.dru.pli.car'''

=== Intransitivo ===
:# Tornar-se o [[quádruplo]] (do que se era antes).

=== Transitivo Direto ===
:# [[multiplicar|Multiplicar]] algo por [[quatro]].

== Pronúncia ==
'''Brasileira: Paulistana'''
* AFI: /kwa.dɾu.pli.ˈka''ɾ''/
* SAMPA: /kwa.d4u.pli.&quot;ka4/
'''Brasileira: Carioca'''
* AFI: /kwa.dɾu.pli.ˈkax/
* SAMPA: /kwa.d4u.pli.&quot;kax/

{{conj.pt.ar|Quadruplic}}


[[Categoria:Verbo (Português)]]

[[ca:quadruplicar]]
[[pl:quadruplicar]]</text>
<sha1>csksi0zqacppz5t1ugwab18njk6yges</sha1>
</revision>
<revision>
<id>478643</id>
<parentid>376005</parentid>
<timestamp>2009-06-12T03:57:35Z</timestamp>
<contributor>
<username>Interwicket</username>
<id>6868</id>
</contributor>
<minor />
<comment>iwiki +[[:no:quadruplicar]]</comment>
<model>wikitext</model>
<format>text/x-wiki</format>
<text bytes="515" xml:space="preserve">= Português =
== Verbo ==
'''qua.dru.pli.car'''

=== Intransitivo ===
:# Tornar-se o [[quádruplo]] (do que se era antes).

=== Transitivo Direto ===
:# [[multiplicar|Multiplicar]] algo por [[quatro]].

== Pronúncia ==
'''Brasileira: Paulistana'''
* AFI: /kwa.dɾu.pli.ˈka''ɾ''/
* SAMPA: /kwa.d4u.pli.&quot;ka4/
'''Brasileira: Carioca'''
* AFI: /kwa.dɾu.pli.ˈkax/
* SAMPA: /kwa.d4u.pli.&quot;kax/

{{conj.pt.ar|Quadruplic}}


[[Categoria:Verbo (Português)]]

[[ca:quadruplicar]]
[[no:quadruplicar]]
[[pl:quadruplicar]]</text>
<sha1>1lhqtii2ykrah6g8pixe5mke853ikiu</sha1>
</revision>
<revision>
<id>659195</id>
<parentid>478643</parentid>
<timestamp>2009-12-19T21:13:11Z</timestamp>
<contributor>
<username>ValJor</username>
<id>1358</id>
</contributor>
<comment>Por um [[Especial:Lonelypages|wikcionário sem órfãos]]!</comment>
<model>wikitext</model>
<format>text/x-wiki</format>
<text bytes="953" xml:space="preserve">=Português=
==Verbo==
{{oxítona|qua|dru|pli|car}}
: ''intransitivo'':
# tornar-se o [[quádruplo]] (do que se era antes)
: ''transitivo direto'':
# [[multiplicar]] algo por [[quatro]]

===Conjugação===
{{conj.pt.car|quadrupli}}

===Tradução===
{{tradini}}
* {{trad|ca|quadruplicar}}
{{tradmeio}}
{{tradfim}}

=={{etimologia}}==
: Do infinitivo latino ''quadruplicar''.

==Pronúncia==
===Brasil===
====Paulistana====
* AFI: /kwa.dɾu.pli.ˈka''ɾ''/
* SAMPA: /kwa.d4u.pli.&quot;ka4/
====Carioca====
* AFI: /kwa.dɾu.pli.ˈkax/
* SAMPA: /kwa.d4u.pli.&quot;kax/

==Ver também==
===No Wikcionário===
{{verTambém.Ini}}
* [[duplicar]]
{{verTambém.NovaColuna}}
* [[triplicar]]
{{verTambém.Fim}}

[[Categoria:Verbo (Português)]]
[[Categoria:Vocábulo com etimologia (Português)]]


=Catalão=
==Verbo==
'''quadruplicar'''
# [[quadruplicar#Português|quadruplicar]]

[[Categoria:Verbo (Catalão)]]

[[ca:quadruplicar]]
[[no:quadruplicar]]
[[pl:quadruplicar]]</text>
<sha1>0rysgx4eixt2n1v972txf9n4e3yr9kt</sha1>
</revision>
<revision>
<id>1106037</id>
<parentid>659195</parentid>
<timestamp>2011-07-03T13:18:59Z</timestamp>
<contributor>
<username>MalafayaBot</username>
<id>628</id>
</contributor>
<minor />
<comment>Robô: Substituição de texto automática (-^\=\s?Português\s?\= +={{-pt-}}= &amp; -^\=\s?\{\{pt\}\}\s?\= +={{-pt-}}=)</comment>
<model>wikitext</model>
<format>text/x-wiki</format>
<text bytes="951" xml:space="preserve">={{-pt-}}=
==Verbo==
{{oxítona|qua|dru|pli|car}}
: ''intransitivo'':
# tornar-se o [[quádruplo]] (do que se era antes)
: ''transitivo direto'':
# [[multiplicar]] algo por [[quatro]]

===Conjugação===
{{conj.pt.car|quadrupli}}

===Tradução===
{{tradini}}
* {{trad|ca|quadruplicar}}
{{tradmeio}}
{{tradfim}}

=={{etimologia}}==
: Do infinitivo latino ''quadruplicar''.

==Pronúncia==
===Brasil===
====Paulistana====
* AFI: /kwa.dɾu.pli.ˈka''ɾ''/
* SAMPA: /kwa.d4u.pli.&quot;ka4/
====Carioca====
* AFI: /kwa.dɾu.pli.ˈkax/
* SAMPA: /kwa.d4u.pli.&quot;kax/

==Ver também==
===No Wikcionário===
{{verTambém.Ini}}
* [[duplicar]]
{{verTambém.NovaColuna}}
* [[triplicar]]
{{verTambém.Fim}}

[[Categoria:Verbo (Português)]]
[[Categoria:Vocábulo com etimologia (Português)]]


=Catalão=
==Verbo==
'''quadruplicar'''
# [[quadruplicar#Português|quadruplicar]]

[[Categoria:Verbo (Catalão)]]

[[ca:quadruplicar]]
[[no:quadruplicar]]
[[pl:quadruplicar]]</text>
<sha1>ovg0mx8jj4cxleipxhu2011e1bya1n5</sha1>
</revision>
<revision>
<id>1111156</id>
<parentid>1106037</parentid>
<timestamp>2011-07-03T17:01:41Z</timestamp>
<contributor>
<username>MalafayaBot</username>
<id>628</id>
</contributor>
<minor />
<comment>Robô: Substituição de texto automática (-^\{\{conj\.pt\.(ar|air|car|cer|cobrir|crer|ear|edir|entir|er|er\-se|erir|estir|fazer|gar|ger|gerir|gredir|guir|iar|inquar|ir|inquar|oar|odir|or|ossir|seguir|sumir|ter|truir|uar|udar|uir|uzir|ver|vertir|vir</comment>
<model>wikitext</model>
<format>text/x-wiki</format>
<text bytes="951" xml:space="preserve">={{-pt-}}=
==Verbo==
{{oxítona|qua|dru|pli|car}}
: ''intransitivo'':
# tornar-se o [[quádruplo]] (do que se era antes)
: ''transitivo direto'':
# [[multiplicar]] algo por [[quatro]]

===Conjugação===
{{conj/pt|quadrupli|car}}

===Tradução===
{{tradini}}
* {{trad|ca|quadruplicar}}
{{tradmeio}}
{{tradfim}}

=={{etimologia}}==
: Do infinitivo latino ''quadruplicar''.

==Pronúncia==
===Brasil===
====Paulistana====
* AFI: /kwa.dɾu.pli.ˈka''ɾ''/
* SAMPA: /kwa.d4u.pli.&quot;ka4/
====Carioca====
* AFI: /kwa.dɾu.pli.ˈkax/
* SAMPA: /kwa.d4u.pli.&quot;kax/

==Ver também==
===No Wikcionário===
{{verTambém.Ini}}
* [[duplicar]]
{{verTambém.NovaColuna}}
* [[triplicar]]
{{verTambém.Fim}}

[[Categoria:Verbo (Português)]]
[[Categoria:Vocábulo com etimologia (Português)]]


=Catalão=
==Verbo==
'''quadruplicar'''
# [[quadruplicar#Português|quadruplicar]]

[[Categoria:Verbo (Catalão)]]

[[ca:quadruplicar]]
[[no:quadruplicar]]
[[pl:quadruplicar]]</text>
<sha1>iqypqppzubcs3y1cs78qyofkwsp5xda</sha1>
</revision>
<revision>
<id>1312422</id>
<parentid>1111156</parentid>
<timestamp>2011-12-01T00:05:34Z</timestamp>
<contributor>
<username>MalafayaBot</username>
<id>628</id>
</contributor>
<minor />
<comment>Robô: Substituição de texto automática (-^\=(\s*?)Catalão(\s*?)\= +={{-ca-}}= &amp; -^\=(\s*?)\{\{ca\}\}(\s*?)\= +={{-ca-}}=)</comment>
<model>wikitext</model>
<format>text/x-wiki</format>
<text bytes="951" xml:space="preserve">={{-pt-}}=
==Verbo==
{{oxítona|qua|dru|pli|car}}
: ''intransitivo'':
# tornar-se o [[quádruplo]] (do que se era antes)
: ''transitivo direto'':
# [[multiplicar]] algo por [[quatro]]

===Conjugação===
{{conj/pt|quadrupli|car}}

===Tradução===
{{tradini}}
* {{trad|ca|quadruplicar}}
{{tradmeio}}
{{tradfim}}

=={{etimologia}}==
: Do infinitivo latino ''quadruplicar''.

==Pronúncia==
===Brasil===
====Paulistana====
* AFI: /kwa.dɾu.pli.ˈka''ɾ''/
* SAMPA: /kwa.d4u.pli.&quot;ka4/
====Carioca====
* AFI: /kwa.dɾu.pli.ˈkax/
* SAMPA: /kwa.d4u.pli.&quot;kax/

==Ver também==
===No Wikcionário===
{{verTambém.Ini}}
* [[duplicar]]
{{verTambém.NovaColuna}}
* [[triplicar]]
{{verTambém.Fim}}

[[Categoria:Verbo (Português)]]
[[Categoria:Vocábulo com etimologia (Português)]]


={{-ca-}}=
==Verbo==
'''quadruplicar'''
# [[quadruplicar#Português|quadruplicar]]

[[Categoria:Verbo (Catalão)]]

[[ca:quadruplicar]]
[[no:quadruplicar]]
[[pl:quadruplicar]]</text>
<sha1>d8kehwyeyny49kmg86tct94cpyrwh1o</sha1>
</revision>
<revision>
<id>1606722</id>
<parentid>1312422</parentid>
<timestamp>2013-01-19T22:01:19Z</timestamp>
<contributor>
<username>MalafayaBot</username>
<id>628</id>
</contributor>
<minor />
<comment>Robô: A modificar Categoria:Vocábulo com etimologia (Português) para Categoria:Entrada com etimologia (Português)</comment>
<model>wikitext</model>
<format>text/x-wiki</format>
<text bytes="949" xml:space="preserve">={{-pt-}}=
==Verbo==
{{oxítona|qua|dru|pli|car}}
: ''intransitivo'':
# tornar-se o [[quádruplo]] (do que se era antes)
: ''transitivo direto'':
# [[multiplicar]] algo por [[quatro]]

===Conjugação===
{{conj/pt|quadrupli|car}}

===Tradução===
{{tradini}}
* {{trad|ca|quadruplicar}}
{{tradmeio}}
{{tradfim}}

=={{etimologia}}==
: Do infinitivo latino ''quadruplicar''.

==Pronúncia==
===Brasil===
====Paulistana====
* AFI: /kwa.dɾu.pli.ˈka''ɾ''/
* SAMPA: /kwa.d4u.pli.&quot;ka4/
====Carioca====
* AFI: /kwa.dɾu.pli.ˈkax/
* SAMPA: /kwa.d4u.pli.&quot;kax/

==Ver também==
===No Wikcionário===
{{verTambém.Ini}}
* [[duplicar]]
{{verTambém.NovaColuna}}
* [[triplicar]]
{{verTambém.Fim}}

[[Categoria:Verbo (Português)]]
[[Categoria:Entrada com etimologia (Português)]]


={{-ca-}}=
==Verbo==
'''quadruplicar'''
# [[quadruplicar#Português|quadruplicar]]

[[Categoria:Verbo (Catalão)]]

[[ca:quadruplicar]]
[[no:quadruplicar]]
[[pl:quadruplicar]]</text>
<sha1>181o2sixpf48wosw6wddxqapsg8yt1n</sha1>
</revision>
<revision>
<id>1986567</id>
<parentid>1606722</parentid>
<timestamp>2015-08-21T23:29:55Z</timestamp>
<contributor>
<username>DerekWinters</username>
<id>34611</id>
</contributor>
<comment>/* Tradução */</comment>
<model>wikitext</model>
<format>text/x-wiki</format>
<text bytes="972" xml:space="preserve">={{-pt-}}=
==Verbo==
{{oxítona|qua|dru|pli|car}}
: ''intransitivo'':
# tornar-se o [[quádruplo]] (do que se era antes)
: ''transitivo direto'':
# [[multiplicar]] algo por [[quatro]]

===Conjugação===
{{conj/pt|quadrupli|car}}

===Tradução===
{{tradini}}
* {{trad|ca|quadruplicar}}
* {{trad|en|fourfold}}
{{tradmeio}}
{{tradfim}}

=={{etimologia}}==
: Do infinitivo latino ''quadruplicar''.

==Pronúncia==
===Brasil===
====Paulistana====
* AFI: /kwa.dɾu.pli.ˈka''ɾ''/
* SAMPA: /kwa.d4u.pli.&quot;ka4/
====Carioca====
* AFI: /kwa.dɾu.pli.ˈkax/
* SAMPA: /kwa.d4u.pli.&quot;kax/

==Ver também==
===No Wikcionário===
{{verTambém.Ini}}
* [[duplicar]]
{{verTambém.NovaColuna}}
* [[triplicar]]
{{verTambém.Fim}}

[[Categoria:Verbo (Português)]]
[[Categoria:Entrada com etimologia (Português)]]


={{-ca-}}=
==Verbo==
'''quadruplicar'''
# [[quadruplicar#Português|quadruplicar]]

[[Categoria:Verbo (Catalão)]]

[[ca:quadruplicar]]
[[no:quadruplicar]]
[[pl:quadruplicar]]</text>
<sha1>01lv7g7jvrqhs0kgf1v6s6nx88asr3o</sha1>
</revision>
<revision>
<id>2008291</id>
<parentid>1986567</parentid>
<timestamp>2015-10-02T13:41:34Z</timestamp>
<contributor>
<username>ValJor</username>
<id>1358</id>
</contributor>
<comment>Melhorando a apresentação do verbete</comment>
<model>wikitext</model>
<format>text/x-wiki</format>
<text bytes="963" xml:space="preserve">={{-pt-}}=
==Verbo==
{{oxítona|qua|dru|pli|car}}, {{intran}}
# tornar-se o [[quádruplo]] (do que se era antes)
{{oxítona|qua|dru|pli|car}}, ''transitivo direto''
# {{cont|2}} [[multiplicar]] algo por [[quatro]]

===Conjugação===
{{conj/pt|quadrupli|car}}

===Tradução===
{{tradini}}
* {{trad|ca|quadruplicar}}
{{tradmeio}}
* {{trad|en|fourfold}}
{{tradfim}}

=={{etimologia|pt}}==
: Do infinitivo latino ''quadruplicare''.

=={{pronúncia|pt}}==
===Brasil===
====Paulistana====
* AFI: /kwa.dɾu.pli.ˈka''ɾ''/
* SAMPA: /kwa.d4u.pli.&quot;ka4/
====Carioca====
* AFI: /kwa.dɾu.pli.ˈkax/
* SAMPA: /kwa.d4u.pli.&quot;kax/

==Ver também==
===No Wikcionário===
{{verTambém.Ini}}
* [[duplicar]]
{{verTambém.NovaColuna}}
* [[triplicar]]
{{verTambém.Fim}}

[[Categoria:Verbo (Português)]]


={{-ca-}}=
==Verbo==
'''quadruplicar'''
# [[quadruplicar#Português|quadruplicar]]

[[Categoria:Verbo (Catalão)]]

[[ca:quadruplicar]]
[[no:quadruplicar]]
[[pl:quadruplicar]]</text>
<sha1>s4hv4hwt6cf56fe6k8cc70c2pxqji05</sha1>
</revision>
<revision>
<id>2134307</id>
<parentid>2008291</parentid>
<timestamp>2016-06-09T22:22:00Z</timestamp>
<contributor>
<username>UT-interwiki-Bot</username>
<id>56129</id>
</contributor>
<minor />
<comment>Robô: A adicionar: [[en:quadruplicar]]</comment>
<model>wikitext</model>
<format>text/x-wiki</format>
<text bytes="983" xml:space="preserve">={{-pt-}}=
==Verbo==
{{oxítona|qua|dru|pli|car}}, {{intran}}
# tornar-se o [[quádruplo]] (do que se era antes)
{{oxítona|qua|dru|pli|car}}, ''transitivo direto''
# {{cont|2}} [[multiplicar]] algo por [[quatro]]

===Conjugação===
{{conj/pt|quadrupli|car}}

===Tradução===
{{tradini}}
* {{trad|ca|quadruplicar}}
{{tradmeio}}
* {{trad|en|fourfold}}
{{tradfim}}

=={{etimologia|pt}}==
: Do infinitivo latino ''quadruplicare''.

=={{pronúncia|pt}}==
===Brasil===
====Paulistana====
* AFI: /kwa.dɾu.pli.ˈka''ɾ''/
* SAMPA: /kwa.d4u.pli.&quot;ka4/
====Carioca====
* AFI: /kwa.dɾu.pli.ˈkax/
* SAMPA: /kwa.d4u.pli.&quot;kax/

==Ver também==
===No Wikcionário===
{{verTambém.Ini}}
* [[duplicar]]
{{verTambém.NovaColuna}}
* [[triplicar]]
{{verTambém.Fim}}

[[Categoria:Verbo (Português)]]


={{-ca-}}=
==Verbo==
'''quadruplicar'''
# [[quadruplicar#Português|quadruplicar]]

[[Categoria:Verbo (Catalão)]]

[[ca:quadruplicar]]
[[en:quadruplicar]]
[[no:quadruplicar]]
[[pl:quadruplicar]]</text>
<sha1>1840gwvis9pl84ni1lymcn2hhiq8ebf</sha1>
</revision>
<revision>
<id>2190798</id>
<parentid>2134307</parentid>
<timestamp>2016-10-28T10:48:47Z</timestamp>
<contributor>
<username>ValJor</username>
<id>1358</id>
</contributor>
<comment>Troca de predefinição: {{intran}} --&gt; {{gramática|intran}}</comment>
<model>wikitext</model>
<format>text/x-wiki</format>
<text bytes="982" xml:space="preserve">={{-pt-}}=
==Verbo==
{{oxítona|qua|dru|pli|car}}, {{gramática|intran}}
# tornar-se o [[quádruplo]] (do que se era antes)
{{oxítona|qua|dru|pli|car}}, {{gramática|vtd}}
# {{cont|2}} [[multiplicar]] algo por [[quatro]]

===Conjugação===
{{conj/pt|quadrupli|car}}

===Tradução===
{{tradini}}
* {{trad|ca|quadruplicar}}
{{tradmeio}}
* {{trad|en|fourfold}}
{{tradfim}}

=={{etimologia|pt}}==
{{llietimo|la|quadruplicare|pt}}

=={{pronúncia|pt}}==
===Brasil===
====Paulistana====
* AFI: /kwa.dɾu.pli.ˈka''ɾ''/
* SAMPA: /kwa.d4u.pli.&quot;ka4/
====Carioca====
* AFI: /kwa.dɾu.pli.ˈkax/
* SAMPA: /kwa.d4u.pli.&quot;kax/

==Ver também==
===No Wikcionário===
{{verTambém.Ini}}
* [[duplicar]]
{{verTambém.NovaColuna}}
* [[triplicar]]
{{verTambém.Fim}}

[[Categoria:Verbo (Português)]]


={{-ca-}}=
==Verbo==
'''quadruplicar'''
# [[quadruplicar#Português|quadruplicar]]

[[Categoria:Verbo (Catalão)]]

[[ca:quadruplicar]]
[[en:quadruplicar]]
[[no:quadruplicar]]
[[pl:quadruplicar]]</text>
<sha1>s92x6yhy0d3lr3zman33yua53yhekk3</sha1>
</revision>
<revision>
<id>2396713</id>
<parentid>2190798</parentid>
<timestamp>2017-05-13T10:58:45Z</timestamp>
<contributor>
<username>HydrizBot</username>
<id>29590</id>
</contributor>
<minor />
<comment>Robô: A limpar links interwikis antigos</comment>
<model>wikitext</model>
<format>text/x-wiki</format>
<text bytes="901" xml:space="preserve">={{-pt-}}=
==Verbo==
{{oxítona|qua|dru|pli|car}}, {{gramática|intran}}
# tornar-se o [[quádruplo]] (do que se era antes)
{{oxítona|qua|dru|pli|car}}, {{gramática|vtd}}
# {{cont|2}} [[multiplicar]] algo por [[quatro]]

===Conjugação===
{{conj/pt|quadrupli|car}}

===Tradução===
{{tradini}}
* {{trad|ca|quadruplicar}}
{{tradmeio}}
* {{trad|en|fourfold}}
{{tradfim}}

=={{etimologia|pt}}==
{{llietimo|la|quadruplicare|pt}}

=={{pronúncia|pt}}==
===Brasil===
====Paulistana====
* AFI: /kwa.dɾu.pli.ˈka''ɾ''/
* SAMPA: /kwa.d4u.pli.&quot;ka4/
====Carioca====
* AFI: /kwa.dɾu.pli.ˈkax/
* SAMPA: /kwa.d4u.pli.&quot;kax/

==Ver também==
===No Wikcionário===
{{verTambém.Ini}}
* [[duplicar]]
{{verTambém.NovaColuna}}
* [[triplicar]]
{{verTambém.Fim}}

[[Categoria:Verbo (Português)]]


={{-ca-}}=
==Verbo==
'''quadruplicar'''
# [[quadruplicar#Português|quadruplicar]]

[[Categoria:Verbo (Catalão)]]</text>
<sha1>6gnxapl9pvrtuqofcpuxwljejp3gcyg</sha1>
</revision>
<revision>
<id>2613212</id>
<parentid>2396713</parentid>
<timestamp>2021-01-31T14:08:03Z</timestamp>
<contributor>
<username>Marxav</username>
<id>73271</id>
</contributor>
<minor />
<comment>AFI Portugal</comment>
<model>wikitext</model>
<format>text/x-wiki</format>
<text bytes="955" xml:space="preserve">={{-pt-}}=
==Verbo==
{{oxítona|qua|dru|pli|car}}, {{gramática|intran}}
# tornar-se o [[quádruplo]] (do que se era antes)
{{oxítona|qua|dru|pli|car}}, {{gramática|vtd}}
# {{cont|2}} [[multiplicar]] algo por [[quatro]]

===Conjugação===
{{conj/pt|quadrupli|car}}

===Tradução===
{{tradini}}
* {{trad|ca|quadruplicar}}
{{tradmeio}}
* {{trad|en|fourfold}}
{{tradfim}}

=={{etimologia|pt}}==
{{llietimo|la|quadruplicare|pt}}

=={{pronúncia|pt}}==
===Brasil===
====Paulistana====
* AFI: /kwa.dɾu.pli.ˈka''ɾ''/
* SAMPA: /kwa.d4u.pli.&quot;ka4/
====Carioca====
* AFI: /kwa.dɾu.pli.ˈkax/
* SAMPA: /kwa.d4u.pli.&quot;kax/

===Portugal===
* AFI: {{AFI|/kwɐ.dɾu.pli.ˈkaɾ/}}

==Ver também==
===No Wikcionário===
{{verTambém.Ini}}
* [[duplicar]]
{{verTambém.NovaColuna}}
* [[triplicar]]
{{verTambém.Fim}}

[[Categoria:Verbo (Português)]]


={{-ca-}}=
==Verbo==
'''quadruplicar'''
# [[quadruplicar#Português|quadruplicar]]

[[Categoria:Verbo (Catalão)]]</text>
<sha1>ek3xg7qb5ttug8v6dpjh4awodg3ljth</sha1>
</revision>
</page>
