<title>quadrículo</title>
<ns>0</ns>
<id>74838</id>
<revision>
<id>292874</id>
<timestamp>2007-08-23T10:04:20Z</timestamp>
<contributor>
<username>Santo</username>
<id>1992</id>
</contributor>
<comment>[[Ajuda:Menus e funções/Sumário de edição#Sumário de edição automático|→]] nova página: =Português= [[Categoria:Substantivo (Português)]] ==Substantivo== '''quadrículo''' ''masculino ...</comment>
<model>wikitext</model>
<format>text/x-wiki</format>
<text bytes="118" xml:space="preserve">=Português=
[[Categoria:Substantivo (Português)]]
==Substantivo==
'''quadrículo''' ''masculino ''
# [[quadrícula]]</text>
<sha1>pb2e4he7uu75g3ybxcg5hiqywg3fv61</sha1>
</revision>
<revision>
<id>333873</id>
<parentid>292874</parentid>
<timestamp>2008-02-21T08:14:21Z</timestamp>
<contributor>
<username>Welyngton</username>
<id>3362</id>
</contributor>
<model>wikitext</model>
<format>text/x-wiki</format>
<text bytes="211" xml:space="preserve">=Português=
==Substantivo==
'''qua.&lt;u&gt;drí&lt;/u&gt;.cu.lo''' ''masculino ''
# [[quadrícula]]

[[Categoria:Substantivo (Português)]]
[[Categoria:Polissílabo (Português)]]
[[Categoria:Proparoxítona (Português)]]</text>
<sha1>lgza7gw85tsmu6phz87kfp2foo0n49o</sha1>
</revision>
<revision>
<id>1210671</id>
<parentid>333873</parentid>
<timestamp>2011-07-10T13:14:26Z</timestamp>
<contributor>
<username>MalafayaBot</username>
<id>628</id>
</contributor>
<minor />
<comment>Robô: Substituição de texto automática (-^\=\s?Português\s?\= +={{-pt-}}= &amp; -^\=\s?\{\{pt\}\}\s?\= +={{-pt-}}=)</comment>
<model>wikitext</model>
<format>text/x-wiki</format>
<text bytes="209" xml:space="preserve">={{-pt-}}=
==Substantivo==
'''qua.&lt;u&gt;drí&lt;/u&gt;.cu.lo''' ''masculino ''
# [[quadrícula]]

[[Categoria:Substantivo (Português)]]
[[Categoria:Polissílabo (Português)]]
[[Categoria:Proparoxítona (Português)]]</text>
<sha1>o6qfou6sble3951qbxgbdvj7eak4ed4</sha1>
</revision>
</page>
