<title>quadrados</title>
<ns>0</ns>
<id>188938</id>
<revision>
<id>739111</id>
<timestamp>2010-02-02T16:32:59Z</timestamp>
<contributor>
<username>Bille.Dourado</username>
<id>9529</id>
</contributor>
<comment>Novo vocábulo.</comment>
<model>wikitext</model>
<format>text/x-wiki</format>
<text bytes="135" xml:space="preserve">={{pt}}=
==Forma de substantivo==
'''quadrados''' {{p}}
#plural de '''[[quadrado]]'''

[[Categoria:Forma de substantivo (Português)]].</text>
<sha1>5zu8jod1wxjks8lzkykanonbub2ovu0</sha1>
</revision>
<revision>
<id>1006050</id>
<parentid>739111</parentid>
<timestamp>2010-12-29T22:12:22Z</timestamp>
<contributor>
<username>RoggBot</username>
<id>6411</id>
</contributor>
<minor />
<comment>r2.6.2) (Bot: Adicionando: [[eo:quadrados]]</comment>
<model>wikitext</model>
<format>text/x-wiki</format>
<text bytes="153" xml:space="preserve">={{pt}}=
==Forma de substantivo==
'''quadrados''' {{p}}
#plural de '''[[quadrado]]'''

[[Categoria:Forma de substantivo (Português)]].

[[eo:quadrados]]</text>
<sha1>auefgm5g2kf2lz1u27ivr47aeantkc2</sha1>
</revision>
<revision>
<id>1215735</id>
<parentid>1006050</parentid>
<timestamp>2011-07-10T18:02:23Z</timestamp>
<contributor>
<username>MalafayaBot</username>
<id>628</id>
</contributor>
<minor />
<comment>Robô: Substituição de texto automática (-^\=\s?Português\s?\= +={{-pt-}}= &amp; -^\=\s?\{\{pt\}\}\s?\= +={{-pt-}}=)</comment>
<model>wikitext</model>
<format>text/x-wiki</format>
<text bytes="155" xml:space="preserve">={{-pt-}}=
==Forma de substantivo==
'''quadrados''' {{p}}
#plural de '''[[quadrado]]'''

[[Categoria:Forma de substantivo (Português)]].

[[eo:quadrados]]</text>
<sha1>l8c8sflar0i4mbf611qfrejmsuzotvu</sha1>
</revision>
<revision>
<id>1675943</id>
<parentid>1215735</parentid>
<timestamp>2013-04-03T22:49:28Z</timestamp>
<contributor>
<username>HydrizBot</username>
<id>29590</id>
</contributor>
<minor />
<comment>r2.7.3) (Robô: A adicionar: [[en:quadrados]]</comment>
<model>wikitext</model>
<format>text/x-wiki</format>
<text bytes="172" xml:space="preserve">={{-pt-}}=
==Forma de substantivo==
'''quadrados''' {{p}}
#plural de '''[[quadrado]]'''

[[Categoria:Forma de substantivo (Português)]].

[[en:quadrados]]
[[eo:quadrados]]</text>
<sha1>33uvfn25gzy7q78jwh9d1jea5j70q21</sha1>
</revision>
<revision>
<id>2396587</id>
<parentid>1675943</parentid>
<timestamp>2017-05-13T10:54:34Z</timestamp>
<contributor>
<username>HydrizBot</username>
<id>29590</id>
</contributor>
<minor />
<comment>Robô: A limpar links interwikis antigos</comment>
<model>wikitext</model>
<format>text/x-wiki</format>
<text bytes="137" xml:space="preserve">={{-pt-}}=
==Forma de substantivo==
'''quadrados''' {{p}}
#plural de '''[[quadrado]]'''

[[Categoria:Forma de substantivo (Português)]].</text>
<sha1>6a8y3lf3jtb9vvr7brlb9m42as7j6ce</sha1>
</revision>
</page>
