<title>quadrareis</title>
<ns>0</ns>
<id>190229</id>
<revision>
<id>740749</id>
<timestamp>2010-02-03T21:40:14Z</timestamp>
<contributor>
<username>Jesielt-bot</username>
<id>10876</id>
</contributor>
<comment>Verbete criado por bot.</comment>
<model>wikitext</model>
<format>text/x-wiki</format>
<text bytes="170" xml:space="preserve">={{pt}}=
==Forma verbal==
'''quadrareis'''
#[[segunda pessoa]] do [[plural]] do [[futuro do presente]] do verbo '''[[quadrar]]'''

[[Categoria:Forma verbal (Português)]]</text>
<sha1>pjyrrzfcfdbkriqfwcv30hjhw3tffco</sha1>
</revision>
<revision>
<id>747188</id>
<parentid>740749</parentid>
<timestamp>2010-02-05T12:13:11Z</timestamp>
<contributor>
<username>Interwicket</username>
<id>6868</id>
</contributor>
<minor />
<comment>iwiki +[[:no:quadrareis]]</comment>
<model>wikitext</model>
<format>text/x-wiki</format>
<text bytes="189" xml:space="preserve">={{pt}}=
==Forma verbal==
'''quadrareis'''
#[[segunda pessoa]] do [[plural]] do [[futuro do presente]] do verbo '''[[quadrar]]'''

[[Categoria:Forma verbal (Português)]]

[[no:quadrareis]]</text>
<sha1>4ofznayg16ror6hjr8u9sicmyvo9y1g</sha1>
</revision>
<revision>
<id>1167983</id>
<parentid>747188</parentid>
<timestamp>2011-07-06T12:11:02Z</timestamp>
<contributor>
<username>MalafayaBot</username>
<id>628</id>
</contributor>
<minor />
<comment>Robô: Substituição de texto automática (-^\=\s?Português\s?\= +={{-pt-}}= &amp; -^\=\s?\{\{pt\}\}\s?\= +={{-pt-}}=)</comment>
<model>wikitext</model>
<format>text/x-wiki</format>
<text bytes="191" xml:space="preserve">={{-pt-}}=
==Forma verbal==
'''quadrareis'''
#[[segunda pessoa]] do [[plural]] do [[futuro do presente]] do verbo '''[[quadrar]]'''

[[Categoria:Forma verbal (Português)]]

[[no:quadrareis]]</text>
<sha1>fclf10usbesd7826wamrj0cnhd13spy</sha1>
</revision>
<revision>
<id>2396605</id>
<parentid>1167983</parentid>
<timestamp>2017-05-13T10:55:13Z</timestamp>
<contributor>
<username>HydrizBot</username>
<id>29590</id>
</contributor>
<minor />
<comment>Robô: A limpar links interwikis antigos</comment>
<model>wikitext</model>
<format>text/x-wiki</format>
<text bytes="172" xml:space="preserve">={{-pt-}}=
==Forma verbal==
'''quadrareis'''
#[[segunda pessoa]] do [[plural]] do [[futuro do presente]] do verbo '''[[quadrar]]'''

[[Categoria:Forma verbal (Português)]]</text>
<sha1>b8qdxbm6z02fxf64pu8bi06z7ko8386</sha1>
</revision>
</page>
