<title>quadriculásseis</title>
<ns>0</ns>
<id>202261</id>
<revision>
<id>772478</id>
<timestamp>2010-02-11T19:54:04Z</timestamp>
<contributor>
<username>Jesielt-bot</username>
<id>10876</id>
</contributor>
<comment>Verbete criado por bot.</comment>
<model>wikitext</model>
<format>text/x-wiki</format>
<text bytes="206" xml:space="preserve">={{pt}}=
==Forma verbal==
'''quadriculásseis'''
#[[segunda pessoa]] do [[plural]] do [[pretérito imperfeito]] do [[modo subjuntivo]] do verbo '''[[quadricular]]'''

[[Categoria:Forma verbal (Português)]]</text>
<sha1>o5dpa68fzxbmo4qp5z3mrti86k86s29</sha1>
</revision>
<revision>
<id>786516</id>
<parentid>772478</parentid>
<timestamp>2010-02-16T21:04:56Z</timestamp>
<contributor>
<username>Interwicket</username>
<id>6868</id>
</contributor>
<minor />
<comment>iwiki +[[:no:quadriculásseis]]</comment>
<model>wikitext</model>
<format>text/x-wiki</format>
<text bytes="231" xml:space="preserve">={{pt}}=
==Forma verbal==
'''quadriculásseis'''
#[[segunda pessoa]] do [[plural]] do [[pretérito imperfeito]] do [[modo subjuntivo]] do verbo '''[[quadricular]]'''

[[Categoria:Forma verbal (Português)]]

[[no:quadriculásseis]]</text>
<sha1>i1lbx8thlv5weziznjtteva3xfuyyg2</sha1>
</revision>
<revision>
<id>1168054</id>
<parentid>786516</parentid>
<timestamp>2011-07-06T12:12:14Z</timestamp>
<contributor>
<username>MalafayaBot</username>
<id>628</id>
</contributor>
<minor />
<comment>Robô: Substituição de texto automática (-^\=\s?Português\s?\= +={{-pt-}}= &amp; -^\=\s?\{\{pt\}\}\s?\= +={{-pt-}}=)</comment>
<model>wikitext</model>
<format>text/x-wiki</format>
<text bytes="233" xml:space="preserve">={{-pt-}}=
==Forma verbal==
'''quadriculásseis'''
#[[segunda pessoa]] do [[plural]] do [[pretérito imperfeito]] do [[modo subjuntivo]] do verbo '''[[quadricular]]'''

[[Categoria:Forma verbal (Português)]]

[[no:quadriculásseis]]</text>
<sha1>ktvxmlyee5vb93wvv9wwze4ry6sjh8r</sha1>
</revision>
<revision>
<id>2134284</id>
<parentid>1168054</parentid>
<timestamp>2016-06-09T22:15:30Z</timestamp>
<contributor>
<username>UT-interwiki-Bot</username>
<id>56129</id>
</contributor>
<minor />
<comment>Robô: A adicionar: [[en:quadriculásseis]]</comment>
<model>wikitext</model>
<format>text/x-wiki</format>
<text bytes="257" xml:space="preserve">={{-pt-}}=
==Forma verbal==
'''quadriculásseis'''
#[[segunda pessoa]] do [[plural]] do [[pretérito imperfeito]] do [[modo subjuntivo]] do verbo '''[[quadricular]]'''

[[Categoria:Forma verbal (Português)]]

[[en:quadriculásseis]]
[[no:quadriculásseis]]</text>
<sha1>s1h4p2ka5e6jo750gr6qfkovq7l1jnw</sha1>
</revision>
<revision>
<id>2396683</id>
<parentid>2134284</parentid>
<timestamp>2017-05-13T10:57:46Z</timestamp>
<contributor>
<username>HydrizBot</username>
<id>29590</id>
</contributor>
<minor />
<comment>Robô: A limpar links interwikis antigos</comment>
<model>wikitext</model>
<format>text/x-wiki</format>
<text bytes="208" xml:space="preserve">={{-pt-}}=
==Forma verbal==
'''quadriculásseis'''
#[[segunda pessoa]] do [[plural]] do [[pretérito imperfeito]] do [[modo subjuntivo]] do verbo '''[[quadricular]]'''

[[Categoria:Forma verbal (Português)]]</text>
<sha1>786wjstjcqs8j050csuqem9r8i08atp</sha1>
</revision>
</page>
