<title>quadrimestrais</title>
<ns>0</ns>
<id>332831</id>
<revision>
<id>1870330</id>
<timestamp>2014-11-02T13:57:07Z</timestamp>
<contributor>
<username>MIL973</username>
<id>41339</id>
</contributor>
<comment>[[Ajuda:Guia de edição/Menus e ferramentas/Sumário de edição|→]] nova página: ={{-pt-}}= ==Forma de adjetivo== {{oxítona|qua|dri|mes|trais}}, {{c2g}} # [[plural]] de [[quadrimestral]]  {...</comment>
<model>wikitext</model>
<format>text/x-wiki</format>
<text bytes="137" xml:space="preserve">={{-pt-}}=
==Forma de adjetivo==
{{oxítona|qua|dri|mes|trais}}, {{c2g}}
# [[plural]] de [[quadrimestral]]

{{avi-for-fle|quadrimestral}}</text>
<sha1>5hi983m8iwzuf9cwbbas3q5yi4t0kz0</sha1>
</revision>
<revision>
<id>1870331</id>
<parentid>1870330</parentid>
<timestamp>2014-11-02T13:57:18Z</timestamp>
<contributor>
<username>MIL973</username>
<id>41339</id>
</contributor>
<minor />
<comment>adicionou [[Categoria:Forma de adjetivo (Português)]] usando [[Wikcionário:HotCat|HotCat]]</comment>
<model>wikitext</model>
<format>text/x-wiki</format>
<text bytes="183" xml:space="preserve">={{-pt-}}=
==Forma de adjetivo==
{{oxítona|qua|dri|mes|trais}}, {{c2g}}
# [[plural]] de [[quadrimestral]]

{{avi-for-fle|quadrimestral}}

[[Categoria:Forma de adjetivo (Português)]]</text>
<sha1>fsrowwk9rwrlnbtho64vwp1ge1lib1c</sha1>
</revision>
<revision>
<id>1876287</id>
<parentid>1870331</parentid>
<timestamp>2014-12-04T04:35:52Z</timestamp>
<contributor>
<username>MIL973</username>
<id>41339</id>
</contributor>
<model>wikitext</model>
<format>text/x-wiki</format>
<text bytes="179" xml:space="preserve">={{-pt-}}=
==Forma de adjetivo==
{{oxítona|qua|dri|mes|trais}}, {{c2g}}
# plural de [[quadrimestral]]

{{avi-for-fle|quadrimestral}}

[[Categoria:Forma de adjetivo (Português)]]</text>
<sha1>j9i3ys0hzases4qvqd8txy0g7whozqb</sha1>
</revision>
<revision>
<id>2134275</id>
<parentid>1876287</parentid>
<timestamp>2016-06-09T22:14:00Z</timestamp>
<contributor>
<username>UT-interwiki-Bot</username>
<id>56129</id>
</contributor>
<minor />
<comment>Robô: A adicionar: [[en:quadrimestrais]]</comment>
<model>wikitext</model>
<format>text/x-wiki</format>
<text bytes="202" xml:space="preserve">={{-pt-}}=
==Forma de adjetivo==
{{oxítona|qua|dri|mes|trais}}, {{c2g}}
# plural de [[quadrimestral]]

{{avi-for-fle|quadrimestral}}

[[Categoria:Forma de adjetivo (Português)]]

[[en:quadrimestrais]]</text>
<sha1>c2keoc4n0ehq7uimvzi19u0zjmk7mxj</sha1>
</revision>
<revision>
<id>2396696</id>
<parentid>2134275</parentid>
<timestamp>2017-05-13T10:58:11Z</timestamp>
<contributor>
<username>HydrizBot</username>
<id>29590</id>
</contributor>
<minor />
<comment>Robô: A limpar links interwikis antigos</comment>
<model>wikitext</model>
<format>text/x-wiki</format>
<text bytes="179" xml:space="preserve">={{-pt-}}=
==Forma de adjetivo==
{{oxítona|qua|dri|mes|trais}}, {{c2g}}
# plural de [[quadrimestral]]

{{avi-for-fle|quadrimestral}}

[[Categoria:Forma de adjetivo (Português)]]</text>
<sha1>j9i3ys0hzases4qvqd8txy0g7whozqb</sha1>
</revision>
</page>
