<title>quadrangular</title>
<ns>0</ns>
<id>66447</id>
<revision>
<id>263780</id>
<timestamp>2007-05-15T21:40:19Z</timestamp>
<contributor>
<username>Diabo e Santo</username>
<id>1867</id>
</contributor>
<comment>[[Ajuda:Menus e funções/Sumário de edição#Sumário de edição automático|→]] nova página: =Português= ==Adjectivo== [[Categoria:Adjectivo (Português)]] '''quadrangular''' ''adjectivo '' ...</comment>
<model>wikitext</model>
<format>text/x-wiki</format>
<text bytes="130" xml:space="preserve">=Português=
==Adjectivo==
[[Categoria:Adjectivo (Português)]]
'''quadrangular''' ''adjectivo ''
# [[de]] [[quatro]] [[ângulos]]</text>
<sha1>0yib50r9eyqg355ow53a7cqrnjrm62y</sha1>
</revision>
<revision>
<id>267792</id>
<parentid>263780</parentid>
<timestamp>2007-05-29T19:42:04Z</timestamp>
<contributor>
<username>RobotGMwikt</username>
<id>407</id>
</contributor>
<minor />
<comment>Bot:  Adicionando: en, io, pl, vi, zh</comment>
<model>wikitext</model>
<format>text/x-wiki</format>
<text bytes="231" xml:space="preserve">=Português=
==Adjectivo==
[[Categoria:Adjectivo (Português)]]
'''quadrangular''' ''adjectivo ''
# [[de]] [[quatro]] [[ângulos]]

[[en:quadrangular]]
[[io:quadrangular]]
[[pl:quadrangular]]
[[vi:quadrangular]]
[[zh:quadrangular]]</text>
<sha1>k313qd5fppu1fk4kpy9d6t8x2xpy3ls</sha1>
</revision>
<revision>
<id>432476</id>
<parentid>267792</parentid>
<timestamp>2009-03-11T03:21:01Z</timestamp>
<contributor>
<username>Interwicket</username>
<id>6868</id>
</contributor>
<minor />
<comment>iwiki +[[:ta:quadrangular]], [[:te:quadrangular]]</comment>
<model>wikitext</model>
<format>text/x-wiki</format>
<text bytes="271" xml:space="preserve">=Português=
==Adjectivo==
[[Categoria:Adjectivo (Português)]]
'''quadrangular''' ''adjectivo ''
# [[de]] [[quatro]] [[ângulos]]

[[en:quadrangular]]
[[io:quadrangular]]
[[pl:quadrangular]]
[[ta:quadrangular]]
[[te:quadrangular]]
[[vi:quadrangular]]
[[zh:quadrangular]]</text>
<sha1>feb4xjpilr5bxhymq08h13uish0n583</sha1>
</revision>
<revision>
<id>467084</id>
<parentid>432476</parentid>
<timestamp>2009-05-21T08:40:36Z</timestamp>
<contributor>
<username>Interwicket</username>
<id>6868</id>
</contributor>
<minor />
<comment>iwiki +[[:et:quadrangular]]</comment>
<model>wikitext</model>
<format>text/x-wiki</format>
<text bytes="291" xml:space="preserve">=Português=
==Adjectivo==
[[Categoria:Adjectivo (Português)]]
'''quadrangular''' ''adjectivo ''
# [[de]] [[quatro]] [[ângulos]]

[[en:quadrangular]]
[[et:quadrangular]]
[[io:quadrangular]]
[[pl:quadrangular]]
[[ta:quadrangular]]
[[te:quadrangular]]
[[vi:quadrangular]]
[[zh:quadrangular]]</text>
<sha1>smor6dx2fao8b36k3yeu0kzvljfgpgi</sha1>
</revision>
<revision>
<id>470409</id>
<parentid>467084</parentid>
<timestamp>2009-05-26T20:57:19Z</timestamp>
<contributor>
<username>Cadum-Bot</username>
<id>8150</id>
</contributor>
<minor />
<comment>Adjetivo...</comment>
<model>wikitext</model>
<format>text/x-wiki</format>
<text bytes="290" xml:space="preserve">=Português=
==Adjectivo==
[[Categoria:Adjetivo (Português)]]
'''quadrangular''' ''adjectivo ''
# [[de]] [[quatro]] [[ângulos]]

[[en:quadrangular]]
[[et:quadrangular]]
[[io:quadrangular]]
[[pl:quadrangular]]
[[ta:quadrangular]]
[[te:quadrangular]]
[[vi:quadrangular]]
[[zh:quadrangular]]</text>
<sha1>ile7d5ypyt4fiukhaa50n0ou19rd30x</sha1>
</revision>
<revision>
<id>1007209</id>
<parentid>470409</parentid>
<timestamp>2011-01-01T14:13:38Z</timestamp>
<contributor>
<username>RoggBot</username>
<id>6411</id>
</contributor>
<minor />
<comment>r2.6.2) (Bot: Adicionando: [[it:quadrangular]]</comment>
<model>wikitext</model>
<format>text/x-wiki</format>
<text bytes="310" xml:space="preserve">=Português=
==Adjectivo==
[[Categoria:Adjetivo (Português)]]
'''quadrangular''' ''adjectivo ''
# [[de]] [[quatro]] [[ângulos]]

[[en:quadrangular]]
[[et:quadrangular]]
[[io:quadrangular]]
[[it:quadrangular]]
[[pl:quadrangular]]
[[ta:quadrangular]]
[[te:quadrangular]]
[[vi:quadrangular]]
[[zh:quadrangular]]</text>
<sha1>smvjugeh0psfmscvdhcbddpailvmtky</sha1>
</revision>
<revision>
<id>1018124</id>
<parentid>1007209</parentid>
<timestamp>2011-01-28T00:47:16Z</timestamp>
<contributor>
<username>MalafayaBot</username>
<id>628</id>
</contributor>
<minor />
<comment>Bot: Mudança automática (-==Adjectivo== +==Adjetivo==, -== Adjectivo == +== Adjetivo ==)</comment>
<model>wikitext</model>
<format>text/x-wiki</format>
<text bytes="309" xml:space="preserve">=Português=
==Adjetivo==
[[Categoria:Adjetivo (Português)]]
'''quadrangular''' ''adjectivo ''
# [[de]] [[quatro]] [[ângulos]]

[[en:quadrangular]]
[[et:quadrangular]]
[[io:quadrangular]]
[[it:quadrangular]]
[[pl:quadrangular]]
[[ta:quadrangular]]
[[te:quadrangular]]
[[vi:quadrangular]]
[[zh:quadrangular]]</text>
<sha1>gz5z6xdmdhy149jd3t6ltd6ijz1votb</sha1>
</revision>
<revision>
<id>1044738</id>
<parentid>1018124</parentid>
<timestamp>2011-03-14T06:23:21Z</timestamp>
<contributor>
<username>Mjbmrbot</username>
<id>23705</id>
</contributor>
<minor />
<comment>r2.7.1) (Bot: Adicionando: [[my:quadrangular]]</comment>
<model>wikitext</model>
<format>text/x-wiki</format>
<text bytes="329" xml:space="preserve">=Português=
==Adjetivo==
[[Categoria:Adjetivo (Português)]]
'''quadrangular''' ''adjectivo ''
# [[de]] [[quatro]] [[ângulos]]

[[en:quadrangular]]
[[et:quadrangular]]
[[io:quadrangular]]
[[it:quadrangular]]
[[my:quadrangular]]
[[pl:quadrangular]]
[[ta:quadrangular]]
[[te:quadrangular]]
[[vi:quadrangular]]
[[zh:quadrangular]]</text>
<sha1>qjjvbtc4d6a5onh2577s2h6622udvps</sha1>
</revision>
<revision>
<id>1187550</id>
<parentid>1044738</parentid>
<timestamp>2011-07-08T17:53:26Z</timestamp>
<contributor>
<username>MalafayaBot</username>
<id>628</id>
</contributor>
<minor />
<comment>Robô: Substituição de texto automática (-^\=\s?Português\s?\= +={{-pt-}}= &amp; -^\=\s?\{\{pt\}\}\s?\= +={{-pt-}}=)</comment>
<model>wikitext</model>
<format>text/x-wiki</format>
<text bytes="327" xml:space="preserve">={{-pt-}}=
==Adjetivo==
[[Categoria:Adjetivo (Português)]]
'''quadrangular''' ''adjectivo ''
# [[de]] [[quatro]] [[ângulos]]

[[en:quadrangular]]
[[et:quadrangular]]
[[io:quadrangular]]
[[it:quadrangular]]
[[my:quadrangular]]
[[pl:quadrangular]]
[[ta:quadrangular]]
[[te:quadrangular]]
[[vi:quadrangular]]
[[zh:quadrangular]]</text>
<sha1>f8dd17vn2durgmigetueel1b8886tig</sha1>
</revision>
<revision>
<id>1408861</id>
<parentid>1187550</parentid>
<timestamp>2012-05-08T21:26:18Z</timestamp>
<contributor>
<username>HydrizBot</username>
<id>29590</id>
</contributor>
<minor />
<comment>r2.7.3) (Robô: A adicionar: [[kn:quadrangular]]</comment>
<model>wikitext</model>
<format>text/x-wiki</format>
<text bytes="347" xml:space="preserve">={{-pt-}}=
==Adjetivo==
[[Categoria:Adjetivo (Português)]]
'''quadrangular''' ''adjectivo ''
# [[de]] [[quatro]] [[ângulos]]

[[en:quadrangular]]
[[et:quadrangular]]
[[io:quadrangular]]
[[it:quadrangular]]
[[kn:quadrangular]]
[[my:quadrangular]]
[[pl:quadrangular]]
[[ta:quadrangular]]
[[te:quadrangular]]
[[vi:quadrangular]]
[[zh:quadrangular]]</text>
<sha1>3kz22whwk4fhfdza4u1axi01aeb6wqo</sha1>
</revision>
<revision>
<id>1540274</id>
<parentid>1408861</parentid>
<timestamp>2012-12-03T15:52:59Z</timestamp>
<contributor>
<username>ValJor</username>
<id>1358</id>
</contributor>
<comment>Melhorando a apresentação do verbete segundo o AO 1990: adjectivo --&gt; adjetivo</comment>
<model>wikitext</model>
<format>text/x-wiki</format>
<text bytes="668" xml:space="preserve">={{-pt-}}=
==Adjetivo==
{{flex.pt|s=quadrangular|p=quadrangulares}}
{{oxítona|qua|dran|gu|lar}}
# de [[quatro]] [[ângulo]]s

===Tradução===
{{tradini}}
* {{trad|es|cuadrangular}}
* {{trad|fr|quadrangulaire}}
{{tradmeio}}
* {{trad|nl|vierhoekig}}
* {{trad|en|quadrangular}}
{{tradfim}}

[[Categoria:Adjetivo (Português)]]


={{-en-}}=
==Adjetivo==
'''quadrangular'''
# [[quadrangular#Português|quadrangular]]

[[Categoria:Adjetivo (Inglês)]]

[[en:quadrangular]]
[[et:quadrangular]]
[[io:quadrangular]]
[[it:quadrangular]]
[[kn:quadrangular]]
[[my:quadrangular]]
[[pl:quadrangular]]
[[ta:quadrangular]]
[[te:quadrangular]]
[[vi:quadrangular]]
[[zh:quadrangular]]</text>
<sha1>180szhna9u8f7crlguri3ikvpkq15bm</sha1>
</revision>
<revision>
<id>1691228</id>
<parentid>1540274</parentid>
<timestamp>2013-05-29T10:33:41Z</timestamp>
<contributor>
<username>Renova</username>
<id>40004</id>
</contributor>
<model>wikitext</model>
<format>text/x-wiki</format>
<text bytes="800" xml:space="preserve">[[File:Igreja Matriz da exaltação de Santa Cruz, Batalha (Portugal) (2906317171).jpg|thumb|&lt;center&gt;Portal quadrangular&lt;/center&gt;]]
={{-pt-}}=
==Adjetivo==
{{flex.pt|s=quadrangular|p=quadrangulares}}
{{oxítona|qua|dran|gu|lar}}
# de [[quatro]] [[ângulo]]s

===Tradução===
{{tradini}}
* {{trad|es|cuadrangular}}
* {{trad|fr|quadrangulaire}}
{{tradmeio}}
* {{trad|nl|vierhoekig}}
* {{trad|en|quadrangular}}
{{tradfim}}

[[Categoria:Adjetivo (Português)]]


={{-en-}}=
==Adjetivo==
'''quadrangular'''
# [[quadrangular#Português|quadrangular]]

[[Categoria:Adjetivo (Inglês)]]

[[en:quadrangular]]
[[et:quadrangular]]
[[io:quadrangular]]
[[it:quadrangular]]
[[kn:quadrangular]]
[[my:quadrangular]]
[[pl:quadrangular]]
[[ta:quadrangular]]
[[te:quadrangular]]
[[vi:quadrangular]]
[[zh:quadrangular]]</text>
<sha1>gtt4bn6u3oefgmmrmba82mwmpr81efc</sha1>
</revision>
<revision>
<id>1691229</id>
<parentid>1691228</parentid>
<timestamp>2013-05-29T10:41:12Z</timestamp>
<contributor>
<username>Renova</username>
<id>40004</id>
</contributor>
<model>wikitext</model>
<format>text/x-wiki</format>
<text bytes="839" xml:space="preserve">[[File:Igreja Matriz da exaltação de Santa Cruz, Batalha (Portugal) (2906317171).jpg|thumb|&lt;center&gt;Portal quadrangular&lt;/center&gt;]]
={{-pt-}}=
==Adjetivo==
{{flex.pt|s=quadrangular|p=quadrangulares}}
{{oxítona|qua|dran|gu|lar}}
# de [[quatro]] [[ângulo]]s
# que tem por base um [[quadrângulo]]

===Tradução===
{{tradini}}
* {{trad|es|cuadrangular}}
* {{trad|fr|quadrangulaire}}
{{tradmeio}}
* {{trad|nl|vierhoekig}}
* {{trad|en|quadrangular}}
{{tradfim}}

[[Categoria:Adjetivo (Português)]]


={{-en-}}=
==Adjetivo==
'''quadrangular'''
# [[quadrangular#Português|quadrangular]]

[[Categoria:Adjetivo (Inglês)]]

[[en:quadrangular]]
[[et:quadrangular]]
[[io:quadrangular]]
[[it:quadrangular]]
[[kn:quadrangular]]
[[my:quadrangular]]
[[pl:quadrangular]]
[[ta:quadrangular]]
[[te:quadrangular]]
[[vi:quadrangular]]
[[zh:quadrangular]]</text>
<sha1>o36rdnnewlznxh3594buvyrxqulh4y2</sha1>
</revision>
<revision>
<id>1895269</id>
<parentid>1691229</parentid>
<timestamp>2015-02-19T13:29:24Z</timestamp>
<contributor>
<username>Frank C. Müller</username>
<id>19551</id>
</contributor>
<comment>/* Tradução */ trad de.</comment>
<model>wikitext</model>
<format>text/x-wiki</format>
<text bytes="862" xml:space="preserve">[[File:Igreja Matriz da exaltação de Santa Cruz, Batalha (Portugal) (2906317171).jpg|thumb|&lt;center&gt;Portal quadrangular&lt;/center&gt;]]
={{-pt-}}=
==Adjetivo==
{{flex.pt|s=quadrangular|p=quadrangulares}}
{{oxítona|qua|dran|gu|lar}}
# de [[quatro]] [[ângulo]]s
# que tem por base um [[quadrângulo]]

===Tradução===
{{tradini}}
* {{trad|de|viereckig}}
* {{trad|es|cuadrangular}}
* {{trad|fr|quadrangulaire}}
{{tradmeio}}
* {{trad|nl|vierhoekig}}
* {{trad|en|quadrangular}}
{{tradfim}}

[[Categoria:Adjetivo (Português)]]

={{-en-}}=
==Adjetivo==
'''quadrangular'''
# [[quadrangular#Português|quadrangular]]

[[Categoria:Adjetivo (Inglês)]]

[[en:quadrangular]]
[[et:quadrangular]]
[[io:quadrangular]]
[[it:quadrangular]]
[[kn:quadrangular]]
[[my:quadrangular]]
[[pl:quadrangular]]
[[ta:quadrangular]]
[[te:quadrangular]]
[[vi:quadrangular]]
[[zh:quadrangular]]</text>
<sha1>byzejgfqmkpza9nvjmmkl68pa743806</sha1>
</revision>
<revision>
<id>1929248</id>
<parentid>1895269</parentid>
<timestamp>2015-05-10T16:23:49Z</timestamp>
<contributor>
<username>YS-Bot</username>
<id>32241</id>
</contributor>
<minor />
<comment>r2.7.3) (Robô: A adicionar: [[ca:quadrangular]], [[ja:quadrangular]], [[ku:quadrangular]]</comment>
<model>wikitext</model>
<format>text/x-wiki</format>
<text bytes="922" xml:space="preserve">[[File:Igreja Matriz da exaltação de Santa Cruz, Batalha (Portugal) (2906317171).jpg|thumb|&lt;center&gt;Portal quadrangular&lt;/center&gt;]]
={{-pt-}}=
==Adjetivo==
{{flex.pt|s=quadrangular|p=quadrangulares}}
{{oxítona|qua|dran|gu|lar}}
# de [[quatro]] [[ângulo]]s
# que tem por base um [[quadrângulo]]

===Tradução===
{{tradini}}
* {{trad|de|viereckig}}
* {{trad|es|cuadrangular}}
* {{trad|fr|quadrangulaire}}
{{tradmeio}}
* {{trad|nl|vierhoekig}}
* {{trad|en|quadrangular}}
{{tradfim}}

[[Categoria:Adjetivo (Português)]]

={{-en-}}=
==Adjetivo==
'''quadrangular'''
# [[quadrangular#Português|quadrangular]]

[[Categoria:Adjetivo (Inglês)]]

[[ca:quadrangular]]
[[en:quadrangular]]
[[et:quadrangular]]
[[io:quadrangular]]
[[it:quadrangular]]
[[ja:quadrangular]]
[[kn:quadrangular]]
[[ku:quadrangular]]
[[my:quadrangular]]
[[pl:quadrangular]]
[[ta:quadrangular]]
[[te:quadrangular]]
[[vi:quadrangular]]
[[zh:quadrangular]]</text>
<sha1>2ckvvdd47ogja7950jupfe279g5vser</sha1>
</revision>
<revision>
<id>2396596</id>
<parentid>1929248</parentid>
<timestamp>2017-05-13T10:54:54Z</timestamp>
<contributor>
<username>HydrizBot</username>
<id>29590</id>
</contributor>
<minor />
<comment>Robô: A limpar links interwikis antigos</comment>
<model>wikitext</model>
<format>text/x-wiki</format>
<text bytes="641" xml:space="preserve">[[File:Igreja Matriz da exaltação de Santa Cruz, Batalha (Portugal) (2906317171).jpg|thumb|&lt;center&gt;Portal quadrangular&lt;/center&gt;]]
={{-pt-}}=
==Adjetivo==
{{flex.pt|s=quadrangular|p=quadrangulares}}
{{oxítona|qua|dran|gu|lar}}
# de [[quatro]] [[ângulo]]s
# que tem por base um [[quadrângulo]]

===Tradução===
{{tradini}}
* {{trad|de|viereckig}}
* {{trad|es|cuadrangular}}
* {{trad|fr|quadrangulaire}}
{{tradmeio}}
* {{trad|nl|vierhoekig}}
* {{trad|en|quadrangular}}
{{tradfim}}

[[Categoria:Adjetivo (Português)]]

={{-en-}}=
==Adjetivo==
'''quadrangular'''
# [[quadrangular#Português|quadrangular]]

[[Categoria:Adjetivo (Inglês)]]</text>
<sha1>j27bebz0c8lu6qhnuoa2re3wz4dlorq</sha1>
</revision>
<revision>
<id>2620104</id>
<parentid>2396596</parentid>
<timestamp>2021-02-01T20:39:38Z</timestamp>
<contributor>
<username>MarxavBot</username>
<id>80155</id>
</contributor>
<minor />
<comment>AFI Portugal</comment>
<model>wikitext</model>
<format>text/x-wiki</format>
<text bytes="720" xml:space="preserve">[[File:Igreja Matriz da exaltação de Santa Cruz, Batalha (Portugal) (2906317171).jpg|thumb|&lt;center&gt;Portal quadrangular&lt;/center&gt;]]
={{-pt-}}=
==Adjetivo==
{{flex.pt|s=quadrangular|p=quadrangulares}}
{{oxítona|qua|dran|gu|lar}}
# de [[quatro]] [[ângulo]]s
# que tem por base um [[quadrângulo]]

===Tradução===
{{tradini}}
* {{trad|de|viereckig}}
* {{trad|es|cuadrangular}}
* {{trad|fr|quadrangulaire}}
{{tradmeio}}
* {{trad|nl|vierhoekig}}
* {{trad|en|quadrangular}}
{{tradfim}}

=={{pronúncia|pt}}==
===Portugal===
* AFI: {{AFI|/kwɐ.dɾɐ̃.ɡu.ˈlaɾ/}}

[[Categoria:Adjetivo (Português)]]

={{-en-}}=
==Adjetivo==
'''quadrangular'''
# [[quadrangular#Português|quadrangular]]

[[Categoria:Adjetivo (Inglês)]]</text>
<sha1>kgmzotua6mh0enkynjvex94d1gpxxff</sha1>
</revision>
<revision>
<id>2653075</id>
<parentid>2620104</parentid>
<timestamp>2021-11-23T02:03:55Z</timestamp>
<contributor>
<username>Calq</username>
<id>27699</id>
</contributor>
<comment>/* Tradução */</comment>
<model>wikitext</model>
<format>text/x-wiki</format>
<text bytes="747" xml:space="preserve">[[File:Igreja Matriz da exaltação de Santa Cruz, Batalha (Portugal) (2906317171).jpg|thumb|&lt;center&gt;Portal quadrangular&lt;/center&gt;]]
={{-pt-}}=
==Adjetivo==
{{flex.pt|s=quadrangular|p=quadrangulares}}
{{oxítona|qua|dran|gu|lar}}
# de [[quatro]] [[ângulo]]s
# que tem por base um [[quadrângulo]]

===Tradução===
{{tradini}}
* {{trad|de|viereckig}}
* {{trad|es|cuadrangular}}
* {{trad|fr|quadrangulaire}}
{{tradmeio}}
* {{trad|gl|cuadrangular}}
* {{trad|nl|vierhoekig}}
* {{trad|en|quadrangular}}
{{tradfim}}

=={{pronúncia|pt}}==
===Portugal===
* AFI: {{AFI|/kwɐ.dɾɐ̃.ɡu.ˈlaɾ/}}

[[Categoria:Adjetivo (Português)]]

={{-en-}}=
==Adjetivo==
'''quadrangular'''
# [[quadrangular#Português|quadrangular]]

[[Categoria:Adjetivo (Inglês)]]</text>
<sha1>mf504bnye397i4vnak5glusuae57rnc</sha1>
</revision>
</page>
