<title>quadro</title>
<ns>0</ns>
<id>12814</id>
<revision>
<id>47320</id>
<timestamp>2005-10-18T23:56:25Z</timestamp>
<contributor>
<username>Merriam</username>
<id>593</id>
</contributor>
<model>wikitext</model>
<format>text/x-wiki</format>
<text bytes="148" xml:space="preserve">= Português =

'''quadro
adj.
s.m.




{{-trans-}}
{{tradini}}
* {{es}}: [[cuadro]]


{{tradmeio}}

{{tradfim}}

[[Categoria: Apenas Tradução]]</text>
<sha1>dtxn5t4mkk9u8y04y5u03ulk3wrb7ti</sha1>
</revision>
<revision>
<id>48544</id>
<parentid>47320</parentid>
<timestamp>2005-10-26T14:10:44Z</timestamp>
<contributor>
<username>Cabo</username>
<id>580</id>
</contributor>
<comment>»» composto ««</comment>
<model>wikitext</model>
<format>text/x-wiki</format>
<text bytes="466" xml:space="preserve">[[Categoria:Substantivo (Português)]]
= Português =
== Substantivo ==
'''Qu.a.dro'''
#[[Espaço]] limitado por quatro lados iguais; quadrado; caixilho
#[[Painel]] emoldurado
#[[Obra]] de pintura ou desenho; panorama
#[[Estrutura]] metálica de velocípedes e motociclos
#[[Pessoa]] hierarquizada com lugar permanente num serviço ou numa empresa
#[[Subdivisão]] de um acto numa peça teatral

{{-trans-}}
{{tradini}}
* {{es}}: [[cuadro]]
{{tradmeio}}
{{tradfim}}</text>
<sha1>fvc20h008s33gmu7mzlnmytip6lxmmi</sha1>
</revision>
<revision>
<id>48545</id>
<parentid>48544</parentid>
<timestamp>2005-10-26T14:11:56Z</timestamp>
<contributor>
<username>Cabo</username>
<id>580</id>
</contributor>
<model>wikitext</model>
<format>text/x-wiki</format>
<text bytes="479" xml:space="preserve">[[Categoria:Substantivo (Português)]]
= Português =
== Substantivo ==
'''Qu.a.dro''' ''masculino''
#[[Espaço]] limitado por quatro lados iguais; quadrado; caixilho
#[[Painel]] emoldurado
#[[Obra]] de pintura ou desenho; panorama
#[[Estrutura]] metálica de velocípedes e motociclos
#[[Pessoa]] hierarquizada com lugar permanente num serviço ou numa empresa
#[[Subdivisão]] de um acto numa peça teatral

{{-trans-}}
{{tradini}}
* {{es}}: [[cuadro]]
{{tradmeio}}
{{tradfim}}</text>
<sha1>qm3letu81zsd1vkkx5qe546qwmvd0sd</sha1>
</revision>
<revision>
<id>63848</id>
<parentid>48545</parentid>
<timestamp>2006-01-23T15:41:17Z</timestamp>
<contributor>
<username>Zumg</username>
<id>803</id>
</contributor>
<minor />
<comment>robot  Adicionando: en, fr, ru</comment>
<model>wikitext</model>
<format>text/x-wiki</format>
<text bytes="522" xml:space="preserve">[[Categoria:Substantivo (Português)]]
= Português =
== Substantivo ==
'''Qu.a.dro''' ''masculino''
#[[Espaço]] limitado por quatro lados iguais; quadrado; caixilho
#[[Painel]] emoldurado
#[[Obra]] de pintura ou desenho; panorama
#[[Estrutura]] metálica de velocípedes e motociclos
#[[Pessoa]] hierarquizada com lugar permanente num serviço ou numa empresa
#[[Subdivisão]] de um acto numa peça teatral

{{-trans-}}
{{tradini}}
* {{es}}: [[cuadro]]
{{tradmeio}}
{{tradfim}}

[[en:quadro]]
[[fr:quadro]]
[[ru:Quadro]]</text>
<sha1>qv0b71rg59f3vsfh0hm7pz1ioiicouc</sha1>
</revision>
<revision>
<id>89182</id>
<parentid>63848</parentid>
<timestamp>2006-02-23T00:55:07Z</timestamp>
<contributor>
<username>Conversion script</username>
<id>0</id>
</contributor>
<minor />
<comment>[[Quadro]] movido para [[quadro]]: Converting page titles to lowercase</comment>
<model>wikitext</model>
<format>text/x-wiki</format>
<text bytes="522" xml:space="preserve">[[Categoria:Substantivo (Português)]]
= Português =
== Substantivo ==
'''Qu.a.dro''' ''masculino''
#[[Espaço]] limitado por quatro lados iguais; quadrado; caixilho
#[[Painel]] emoldurado
#[[Obra]] de pintura ou desenho; panorama
#[[Estrutura]] metálica de velocípedes e motociclos
#[[Pessoa]] hierarquizada com lugar permanente num serviço ou numa empresa
#[[Subdivisão]] de um acto numa peça teatral

{{-trans-}}
{{tradini}}
* {{es}}: [[cuadro]]
{{tradmeio}}
{{tradfim}}

[[en:quadro]]
[[fr:quadro]]
[[ru:Quadro]]</text>
<sha1>qv0b71rg59f3vsfh0hm7pz1ioiicouc</sha1>
</revision>
<revision>
<id>102364</id>
<parentid>89182</parentid>
<timestamp>2006-03-06T12:34:27Z</timestamp>
<contributor>
<username>RobotGMwikt</username>
<id>407</id>
</contributor>
<minor />
<comment>Bot:  Modificando: ru</comment>
<model>wikitext</model>
<format>text/x-wiki</format>
<text bytes="522" xml:space="preserve">[[Categoria:Substantivo (Português)]]
= Português =
== Substantivo ==
'''Qu.a.dro''' ''masculino''
#[[Espaço]] limitado por quatro lados iguais; quadrado; caixilho
#[[Painel]] emoldurado
#[[Obra]] de pintura ou desenho; panorama
#[[Estrutura]] metálica de velocípedes e motociclos
#[[Pessoa]] hierarquizada com lugar permanente num serviço ou numa empresa
#[[Subdivisão]] de um acto numa peça teatral

{{-trans-}}
{{tradini}}
* {{es}}: [[cuadro]]
{{tradmeio}}
{{tradfim}}

[[en:quadro]]
[[fr:quadro]]
[[ru:quadro]]</text>
<sha1>0bq44fryl41g501ivzfjkevrtmc6ktg</sha1>
</revision>
<revision>
<id>120553</id>
<parentid>102364</parentid>
<timestamp>2006-05-21T05:27:41Z</timestamp>
<contributor>
<username>RobotGMwikt</username>
<id>407</id>
</contributor>
<minor />
<comment>Bot:  Adicionando: io</comment>
<model>wikitext</model>
<format>text/x-wiki</format>
<text bytes="536" xml:space="preserve">[[Categoria:Substantivo (Português)]]
= Português =
== Substantivo ==
'''Qu.a.dro''' ''masculino''
#[[Espaço]] limitado por quatro lados iguais; quadrado; caixilho
#[[Painel]] emoldurado
#[[Obra]] de pintura ou desenho; panorama
#[[Estrutura]] metálica de velocípedes e motociclos
#[[Pessoa]] hierarquizada com lugar permanente num serviço ou numa empresa
#[[Subdivisão]] de um acto numa peça teatral

{{-trans-}}
{{tradini}}
* {{es}}: [[cuadro]]
{{tradmeio}}
{{tradfim}}

[[en:quadro]]
[[fr:quadro]]
[[io:quadro]]
[[ru:quadro]]</text>
<sha1>bsmx28cd5j9n7pi7djkqbar5q6dgkjj</sha1>
</revision>
<revision>
<id>127233</id>
<parentid>120553</parentid>
<timestamp>2006-06-07T06:02:52Z</timestamp>
<contributor>
<username>RobotGMwikt</username>
<id>407</id>
</contributor>
<minor />
<comment>Bot:  Adicionando: id</comment>
<model>wikitext</model>
<format>text/x-wiki</format>
<text bytes="550" xml:space="preserve">[[Categoria:Substantivo (Português)]]
= Português =
== Substantivo ==
'''Qu.a.dro''' ''masculino''
#[[Espaço]] limitado por quatro lados iguais; quadrado; caixilho
#[[Painel]] emoldurado
#[[Obra]] de pintura ou desenho; panorama
#[[Estrutura]] metálica de velocípedes e motociclos
#[[Pessoa]] hierarquizada com lugar permanente num serviço ou numa empresa
#[[Subdivisão]] de um acto numa peça teatral

{{-trans-}}
{{tradini}}
* {{es}}: [[cuadro]]
{{tradmeio}}
{{tradfim}}

[[en:quadro]]
[[fr:quadro]]
[[id:quadro]]
[[io:quadro]]
[[ru:quadro]]</text>
<sha1>ek6prqrbz0h55d70f493q32n9n4vp1b</sha1>
</revision>
<revision>
<id>128451</id>
<parentid>127233</parentid>
<timestamp>2006-06-11T07:38:11Z</timestamp>
<contributor>
<username>RobotGMwikt</username>
<id>407</id>
</contributor>
<minor />
<comment>Bot:  Adicionando: de</comment>
<model>wikitext</model>
<format>text/x-wiki</format>
<text bytes="564" xml:space="preserve">[[Categoria:Substantivo (Português)]]
= Português =
== Substantivo ==
'''Qu.a.dro''' ''masculino''
#[[Espaço]] limitado por quatro lados iguais; quadrado; caixilho
#[[Painel]] emoldurado
#[[Obra]] de pintura ou desenho; panorama
#[[Estrutura]] metálica de velocípedes e motociclos
#[[Pessoa]] hierarquizada com lugar permanente num serviço ou numa empresa
#[[Subdivisão]] de um acto numa peça teatral

{{-trans-}}
{{tradini}}
* {{es}}: [[cuadro]]
{{tradmeio}}
{{tradfim}}

[[de:quadro]]
[[en:quadro]]
[[fr:quadro]]
[[id:quadro]]
[[io:quadro]]
[[ru:quadro]]</text>
<sha1>3czvc6fvyn6z479ohf9xkljletpwlz2</sha1>
</revision>
<revision>
<id>211939</id>
<parentid>128451</parentid>
<timestamp>2006-12-21T17:57:13Z</timestamp>
<contributor>
<username>RobotGMwikt</username>
<id>407</id>
</contributor>
<minor />
<comment>Bot:  Adicionando: [[ko:quadro]]</comment>
<model>wikitext</model>
<format>text/x-wiki</format>
<text bytes="578" xml:space="preserve">[[Categoria:Substantivo (Português)]]
= Português =
== Substantivo ==
'''Qu.a.dro''' ''masculino''
#[[Espaço]] limitado por quatro lados iguais; quadrado; caixilho
#[[Painel]] emoldurado
#[[Obra]] de pintura ou desenho; panorama
#[[Estrutura]] metálica de velocípedes e motociclos
#[[Pessoa]] hierarquizada com lugar permanente num serviço ou numa empresa
#[[Subdivisão]] de um acto numa peça teatral

{{-trans-}}
{{tradini}}
* {{es}}: [[cuadro]]
{{tradmeio}}
{{tradfim}}

[[de:quadro]]
[[en:quadro]]
[[fr:quadro]]
[[id:quadro]]
[[io:quadro]]
[[ko:quadro]]
[[ru:quadro]]</text>
<sha1>rgn5rfj9ubtw9ycpbnnd4x7vj0rfru5</sha1>
</revision>
<revision>
<id>243210</id>
<parentid>211939</parentid>
<timestamp>2007-03-12T09:50:29Z</timestamp>
<contributor>
<username>RobotGMwikt</username>
<id>407</id>
</contributor>
<minor />
<comment>Bot:  Adicionando: [[ca:quadro]]</comment>
<model>wikitext</model>
<format>text/x-wiki</format>
<text bytes="592" xml:space="preserve">[[Categoria:Substantivo (Português)]]
= Português =
== Substantivo ==
'''Qu.a.dro''' ''masculino''
#[[Espaço]] limitado por quatro lados iguais; quadrado; caixilho
#[[Painel]] emoldurado
#[[Obra]] de pintura ou desenho; panorama
#[[Estrutura]] metálica de velocípedes e motociclos
#[[Pessoa]] hierarquizada com lugar permanente num serviço ou numa empresa
#[[Subdivisão]] de um acto numa peça teatral

{{-trans-}}
{{tradini}}
* {{es}}: [[cuadro]]
{{tradmeio}}
{{tradfim}}

[[ca:quadro]]
[[de:quadro]]
[[en:quadro]]
[[fr:quadro]]
[[id:quadro]]
[[io:quadro]]
[[ko:quadro]]
[[ru:quadro]]</text>
<sha1>lupoutcn0w187etoe7usdwr1mo341m9</sha1>
</revision>
<revision>
<id>328552</id>
<parentid>243210</parentid>
<timestamp>2008-02-04T09:32:32Z</timestamp>
<contributor>
<username>VolkovBot</username>
<id>2944</id>
</contributor>
<minor />
<comment>Bot:  Adicionando: [[it:quadro]], [[ku:quadro]], [[lt:quadro]]</comment>
<model>wikitext</model>
<format>text/x-wiki</format>
<text bytes="634" xml:space="preserve">[[Categoria:Substantivo (Português)]]
= Português =
== Substantivo ==
'''Qu.a.dro''' ''masculino''
#[[Espaço]] limitado por quatro lados iguais; quadrado; caixilho
#[[Painel]] emoldurado
#[[Obra]] de pintura ou desenho; panorama
#[[Estrutura]] metálica de velocípedes e motociclos
#[[Pessoa]] hierarquizada com lugar permanente num serviço ou numa empresa
#[[Subdivisão]] de um acto numa peça teatral

{{-trans-}}
{{tradini}}
* {{es}}: [[cuadro]]
{{tradmeio}}
{{tradfim}}

[[ca:quadro]]
[[de:quadro]]
[[en:quadro]]
[[fr:quadro]]
[[id:quadro]]
[[io:quadro]]
[[it:quadro]]
[[ko:quadro]]
[[ku:quadro]]
[[lt:quadro]]
[[ru:quadro]]</text>
<sha1>5pta5fgei806vnk3hmo8vm4lybup9u9</sha1>
</revision>
<revision>
<id>336609</id>
<parentid>328552</parentid>
<timestamp>2008-03-03T12:03:43Z</timestamp>
<contributor>
<username>VolkovBot</username>
<id>2944</id>
</contributor>
<minor />
<comment>Bot:  Adicionando: [[la:quadro]], [[pl:quadro]]</comment>
<model>wikitext</model>
<format>text/x-wiki</format>
<text bytes="662" xml:space="preserve">[[Categoria:Substantivo (Português)]]
= Português =
== Substantivo ==
'''Qu.a.dro''' ''masculino''
#[[Espaço]] limitado por quatro lados iguais; quadrado; caixilho
#[[Painel]] emoldurado
#[[Obra]] de pintura ou desenho; panorama
#[[Estrutura]] metálica de velocípedes e motociclos
#[[Pessoa]] hierarquizada com lugar permanente num serviço ou numa empresa
#[[Subdivisão]] de um acto numa peça teatral

{{-trans-}}
{{tradini}}
* {{es}}: [[cuadro]]
{{tradmeio}}
{{tradfim}}

[[ca:quadro]]
[[de:quadro]]
[[en:quadro]]
[[fr:quadro]]
[[id:quadro]]
[[io:quadro]]
[[it:quadro]]
[[ko:quadro]]
[[ku:quadro]]
[[la:quadro]]
[[lt:quadro]]
[[pl:quadro]]
[[ru:quadro]]</text>
<sha1>nzqdymavt0qjicmeqv8jif02yh26rq1</sha1>
</revision>
<revision>
<id>420676</id>
<parentid>336609</parentid>
<timestamp>2009-02-21T22:59:35Z</timestamp>
<contributor>
<username>SpaceBirdyBot</username>
<id>973</id>
</contributor>
<minor />
<comment>Bot:  Adicionando: [[gl:quadro]]</comment>
<model>wikitext</model>
<format>text/x-wiki</format>
<text bytes="676" xml:space="preserve">[[Categoria:Substantivo (Português)]]
= Português =
== Substantivo ==
'''Qu.a.dro''' ''masculino''
#[[Espaço]] limitado por quatro lados iguais; quadrado; caixilho
#[[Painel]] emoldurado
#[[Obra]] de pintura ou desenho; panorama
#[[Estrutura]] metálica de velocípedes e motociclos
#[[Pessoa]] hierarquizada com lugar permanente num serviço ou numa empresa
#[[Subdivisão]] de um acto numa peça teatral

{{-trans-}}
{{tradini}}
* {{es}}: [[cuadro]]
{{tradmeio}}
{{tradfim}}

[[ca:quadro]]
[[de:quadro]]
[[en:quadro]]
[[fr:quadro]]
[[gl:quadro]]
[[id:quadro]]
[[io:quadro]]
[[it:quadro]]
[[ko:quadro]]
[[ku:quadro]]
[[la:quadro]]
[[lt:quadro]]
[[pl:quadro]]
[[ru:quadro]]</text>
<sha1>jd0qhleyr4n778yhaitel2hls920x1l</sha1>
</revision>
<revision>
<id>478386</id>
<parentid>420676</parentid>
<timestamp>2009-06-11T21:51:07Z</timestamp>
<contributor>
<username>Interwicket</username>
<id>6868</id>
</contributor>
<minor />
<comment>iwiki +[[:no:quadro]]</comment>
<model>wikitext</model>
<format>text/x-wiki</format>
<text bytes="690" xml:space="preserve">[[Categoria:Substantivo (Português)]]
= Português =
== Substantivo ==
'''Qu.a.dro''' ''masculino''
#[[Espaço]] limitado por quatro lados iguais; quadrado; caixilho
#[[Painel]] emoldurado
#[[Obra]] de pintura ou desenho; panorama
#[[Estrutura]] metálica de velocípedes e motociclos
#[[Pessoa]] hierarquizada com lugar permanente num serviço ou numa empresa
#[[Subdivisão]] de um acto numa peça teatral

{{-trans-}}
{{tradini}}
* {{es}}: [[cuadro]]
{{tradmeio}}
{{tradfim}}

[[ca:quadro]]
[[de:quadro]]
[[en:quadro]]
[[fr:quadro]]
[[gl:quadro]]
[[id:quadro]]
[[io:quadro]]
[[it:quadro]]
[[ko:quadro]]
[[ku:quadro]]
[[la:quadro]]
[[lt:quadro]]
[[no:quadro]]
[[pl:quadro]]
[[ru:quadro]]</text>
<sha1>nve1p0wedn1ks4w4k92ez278ixwv2tt</sha1>
</revision>
<revision>
<id>549194</id>
<parentid>478386</parentid>
<timestamp>2009-09-27T11:17:35Z</timestamp>
<contributor>
<username>Interwicket</username>
<id>6868</id>
</contributor>
<minor />
<comment>iwiki +[[:hu:quadro]]</comment>
<model>wikitext</model>
<format>text/x-wiki</format>
<text bytes="704" xml:space="preserve">[[Categoria:Substantivo (Português)]]
= Português =
== Substantivo ==
'''Qu.a.dro''' ''masculino''
#[[Espaço]] limitado por quatro lados iguais; quadrado; caixilho
#[[Painel]] emoldurado
#[[Obra]] de pintura ou desenho; panorama
#[[Estrutura]] metálica de velocípedes e motociclos
#[[Pessoa]] hierarquizada com lugar permanente num serviço ou numa empresa
#[[Subdivisão]] de um acto numa peça teatral

{{-trans-}}
{{tradini}}
* {{es}}: [[cuadro]]
{{tradmeio}}
{{tradfim}}

[[ca:quadro]]
[[de:quadro]]
[[en:quadro]]
[[fr:quadro]]
[[gl:quadro]]
[[hu:quadro]]
[[id:quadro]]
[[io:quadro]]
[[it:quadro]]
[[ko:quadro]]
[[ku:quadro]]
[[la:quadro]]
[[lt:quadro]]
[[no:quadro]]
[[pl:quadro]]
[[ru:quadro]]</text>
<sha1>aezc3zaynayjbqtgdlhiaiu5u62ix8n</sha1>
</revision>
<revision>
<id>605860</id>
<parentid>549194</parentid>
<timestamp>2009-11-11T17:34:44Z</timestamp>
<contributor>
<username>Jesielt-bot</username>
<id>10876</id>
</contributor>
<comment>/* Substantivo */ , Replaced: {{-trans-}} → ==={{tradu}}===, utilizando [[Project:AutoWikiBrowser|AWB]]</comment>
<model>wikitext</model>
<format>text/x-wiki</format>
<text bytes="708" xml:space="preserve">[[Categoria:Substantivo (Português)]]
= Português =
== Substantivo ==
'''Qu.a.dro''' ''masculino''
#[[Espaço]] limitado por quatro lados iguais; quadrado; caixilho
#[[Painel]] emoldurado
#[[Obra]] de pintura ou desenho; panorama
#[[Estrutura]] metálica de velocípedes e motociclos
#[[Pessoa]] hierarquizada com lugar permanente num serviço ou numa empresa
#[[Subdivisão]] de um acto numa peça teatral

==={{tradu}}===
{{tradini}}
* {{es}}: [[cuadro]]
{{tradmeio}}
{{tradfim}}

[[ca:quadro]]
[[de:quadro]]
[[en:quadro]]
[[fr:quadro]]
[[gl:quadro]]
[[hu:quadro]]
[[id:quadro]]
[[io:quadro]]
[[it:quadro]]
[[ko:quadro]]
[[ku:quadro]]
[[la:quadro]]
[[lt:quadro]]
[[no:quadro]]
[[pl:quadro]]
[[ru:quadro]]</text>
<sha1>gunovsspssh46x6uxj9xuchku8rrgrl</sha1>
</revision>
<revision>
<id>926340</id>
<parentid>605860</parentid>
<timestamp>2010-07-25T18:44:43Z</timestamp>
<contributor>
<username>Interwicket</username>
<id>6868</id>
</contributor>
<minor />
<comment>iwiki +[[:li:quadro]]</comment>
<model>wikitext</model>
<format>text/x-wiki</format>
<text bytes="722" xml:space="preserve">[[Categoria:Substantivo (Português)]]
= Português =
== Substantivo ==
'''Qu.a.dro''' ''masculino''
#[[Espaço]] limitado por quatro lados iguais; quadrado; caixilho
#[[Painel]] emoldurado
#[[Obra]] de pintura ou desenho; panorama
#[[Estrutura]] metálica de velocípedes e motociclos
#[[Pessoa]] hierarquizada com lugar permanente num serviço ou numa empresa
#[[Subdivisão]] de um acto numa peça teatral

==={{tradu}}===
{{tradini}}
* {{es}}: [[cuadro]]
{{tradmeio}}
{{tradfim}}

[[ca:quadro]]
[[de:quadro]]
[[en:quadro]]
[[fr:quadro]]
[[gl:quadro]]
[[hu:quadro]]
[[id:quadro]]
[[io:quadro]]
[[it:quadro]]
[[ko:quadro]]
[[ku:quadro]]
[[la:quadro]]
[[li:quadro]]
[[lt:quadro]]
[[no:quadro]]
[[pl:quadro]]
[[ru:quadro]]</text>
<sha1>3vm38m8m17dlbkipzrnz11jv3s8dz2e</sha1>
</revision>
<revision>
<id>979281</id>
<parentid>926340</parentid>
<timestamp>2010-11-06T20:38:38Z</timestamp>
<contributor>
<username>Interwicket</username>
<id>6868</id>
</contributor>
<minor />
<comment>iwiki +[[:fi:quadro]]</comment>
<model>wikitext</model>
<format>text/x-wiki</format>
<text bytes="736" xml:space="preserve">[[Categoria:Substantivo (Português)]]
= Português =
== Substantivo ==
'''Qu.a.dro''' ''masculino''
#[[Espaço]] limitado por quatro lados iguais; quadrado; caixilho
#[[Painel]] emoldurado
#[[Obra]] de pintura ou desenho; panorama
#[[Estrutura]] metálica de velocípedes e motociclos
#[[Pessoa]] hierarquizada com lugar permanente num serviço ou numa empresa
#[[Subdivisão]] de um acto numa peça teatral

==={{tradu}}===
{{tradini}}
* {{es}}: [[cuadro]]
{{tradmeio}}
{{tradfim}}

[[ca:quadro]]
[[de:quadro]]
[[en:quadro]]
[[fi:quadro]]
[[fr:quadro]]
[[gl:quadro]]
[[hu:quadro]]
[[id:quadro]]
[[io:quadro]]
[[it:quadro]]
[[ko:quadro]]
[[ku:quadro]]
[[la:quadro]]
[[li:quadro]]
[[lt:quadro]]
[[no:quadro]]
[[pl:quadro]]
[[ru:quadro]]</text>
<sha1>jcyv598zy0f94eittj4ffdxwqyyvvvp</sha1>
</revision>
<revision>
<id>993164</id>
<parentid>979281</parentid>
<timestamp>2010-12-11T16:27:22Z</timestamp>
<contributor>
<username>ValJor</username>
<id>1358</id>
</contributor>
<comment>Melhorando a apresentação do verbete usando a [[:predefinição:cria-verbete]]</comment>
<model>wikitext</model>
<format>text/x-wiki</format>
<text bytes="909" xml:space="preserve">{{wikipedia}}

=Português=
==Substantivo==
{{flex.pt|ms=quadro|mp=quadros}}
{{paroxítona|qua|dro}}
# [[espaço]] limitado por quatro lados iguais; quadrado; caixilho
# [[painel]] emoldurado
# [[obra]] de pintura ou desenho; panorama
# [[estrutura]] metálica de velocípedes e motociclos
# [[pessoa]] hierarquizada com lugar permanente num serviço ou numa empresa
# [[subdivisão]] de um ato numa peça teatral

===Tradução===
{{tradini}}
* {{trad|es|cuadro}}
{{tradmeio}}
{{tradfim}}

===Verbetes derivados===
* [[quadro-negro]]

=={{etimologia|pt}}==
: Do latim ''quadrum, i''.

[[Categoria:Substantivo (Português)]]
[[Categoria:Arte (Português)]]

[[ca:quadro]]
[[de:quadro]]
[[en:quadro]]
[[fi:quadro]]
[[fr:quadro]]
[[gl:quadro]]
[[hu:quadro]]
[[id:quadro]]
[[io:quadro]]
[[it:quadro]]
[[ko:quadro]]
[[ku:quadro]]
[[la:quadro]]
[[li:quadro]]
[[lt:quadro]]
[[no:quadro]]
[[pl:quadro]]
[[ru:quadro]]</text>
<sha1>32g864qx06xczpqgtc8ou67i5l48lgh</sha1>
</revision>
<revision>
<id>1014107</id>
<parentid>993164</parentid>
<timestamp>2011-01-24T05:12:06Z</timestamp>
<contributor>
<username>Luckas-bot</username>
<id>5986</id>
</contributor>
<minor />
<comment>r2.6.2) (Bot: Adicionando: [[zh:quadro]]</comment>
<model>wikitext</model>
<format>text/x-wiki</format>
<text bytes="923" xml:space="preserve">{{wikipedia}}

=Português=
==Substantivo==
{{flex.pt|ms=quadro|mp=quadros}}
{{paroxítona|qua|dro}}
# [[espaço]] limitado por quatro lados iguais; quadrado; caixilho
# [[painel]] emoldurado
# [[obra]] de pintura ou desenho; panorama
# [[estrutura]] metálica de velocípedes e motociclos
# [[pessoa]] hierarquizada com lugar permanente num serviço ou numa empresa
# [[subdivisão]] de um ato numa peça teatral

===Tradução===
{{tradini}}
* {{trad|es|cuadro}}
{{tradmeio}}
{{tradfim}}

===Verbetes derivados===
* [[quadro-negro]]

=={{etimologia|pt}}==
: Do latim ''quadrum, i''.

[[Categoria:Substantivo (Português)]]
[[Categoria:Arte (Português)]]

[[ca:quadro]]
[[de:quadro]]
[[en:quadro]]
[[fi:quadro]]
[[fr:quadro]]
[[gl:quadro]]
[[hu:quadro]]
[[id:quadro]]
[[io:quadro]]
[[it:quadro]]
[[ko:quadro]]
[[ku:quadro]]
[[la:quadro]]
[[li:quadro]]
[[lt:quadro]]
[[no:quadro]]
[[pl:quadro]]
[[ru:quadro]]
[[zh:quadro]]</text>
<sha1>9lb5q7g1km6vkasfmvyba0denjuh2wm</sha1>
</revision>
<revision>
<id>1192912</id>
<parentid>1014107</parentid>
<timestamp>2011-07-08T22:15:05Z</timestamp>
<contributor>
<username>MalafayaBot</username>
<id>628</id>
</contributor>
<minor />
<comment>Robô: Substituição de texto automática (-^\=\s?Português\s?\= +={{-pt-}}= &amp; -^\=\s?\{\{pt\}\}\s?\= +={{-pt-}}=)</comment>
<model>wikitext</model>
<format>text/x-wiki</format>
<text bytes="921" xml:space="preserve">{{wikipedia}}

={{-pt-}}=
==Substantivo==
{{flex.pt|ms=quadro|mp=quadros}}
{{paroxítona|qua|dro}}
# [[espaço]] limitado por quatro lados iguais; quadrado; caixilho
# [[painel]] emoldurado
# [[obra]] de pintura ou desenho; panorama
# [[estrutura]] metálica de velocípedes e motociclos
# [[pessoa]] hierarquizada com lugar permanente num serviço ou numa empresa
# [[subdivisão]] de um ato numa peça teatral

===Tradução===
{{tradini}}
* {{trad|es|cuadro}}
{{tradmeio}}
{{tradfim}}

===Verbetes derivados===
* [[quadro-negro]]

=={{etimologia|pt}}==
: Do latim ''quadrum, i''.

[[Categoria:Substantivo (Português)]]
[[Categoria:Arte (Português)]]

[[ca:quadro]]
[[de:quadro]]
[[en:quadro]]
[[fi:quadro]]
[[fr:quadro]]
[[gl:quadro]]
[[hu:quadro]]
[[id:quadro]]
[[io:quadro]]
[[it:quadro]]
[[ko:quadro]]
[[ku:quadro]]
[[la:quadro]]
[[li:quadro]]
[[lt:quadro]]
[[no:quadro]]
[[pl:quadro]]
[[ru:quadro]]
[[zh:quadro]]</text>
<sha1>cltuavlfyydk7hu894jyywqlflc3n0l</sha1>
</revision>
<revision>
<id>1302905</id>
<parentid>1192912</parentid>
<timestamp>2011-11-26T19:44:17Z</timestamp>
<contributor>
<username>MalafayaBot</username>
<id>628</id>
</contributor>
<minor />
<comment>r2.7.2) (Robô: A adicionar: [[mg:quadro]]</comment>
<model>wikitext</model>
<format>text/x-wiki</format>
<text bytes="935" xml:space="preserve">{{wikipedia}}

={{-pt-}}=
==Substantivo==
{{flex.pt|ms=quadro|mp=quadros}}
{{paroxítona|qua|dro}}
# [[espaço]] limitado por quatro lados iguais; quadrado; caixilho
# [[painel]] emoldurado
# [[obra]] de pintura ou desenho; panorama
# [[estrutura]] metálica de velocípedes e motociclos
# [[pessoa]] hierarquizada com lugar permanente num serviço ou numa empresa
# [[subdivisão]] de um ato numa peça teatral

===Tradução===
{{tradini}}
* {{trad|es|cuadro}}
{{tradmeio}}
{{tradfim}}

===Verbetes derivados===
* [[quadro-negro]]

=={{etimologia|pt}}==
: Do latim ''quadrum, i''.

[[Categoria:Substantivo (Português)]]
[[Categoria:Arte (Português)]]

[[ca:quadro]]
[[de:quadro]]
[[en:quadro]]
[[fi:quadro]]
[[fr:quadro]]
[[gl:quadro]]
[[hu:quadro]]
[[id:quadro]]
[[io:quadro]]
[[it:quadro]]
[[ko:quadro]]
[[ku:quadro]]
[[la:quadro]]
[[li:quadro]]
[[lt:quadro]]
[[mg:quadro]]
[[no:quadro]]
[[pl:quadro]]
[[ru:quadro]]
[[zh:quadro]]</text>
<sha1>hxju5uzb0m1hcc9p59yi200htbutv8n</sha1>
</revision>
<revision>
<id>1405231</id>
<parentid>1302905</parentid>
<timestamp>2012-05-01T22:15:06Z</timestamp>
<contributor>
<username>AvocatoBot</username>
<id>26821</id>
</contributor>
<minor />
<comment>r2.7.1) (Robô: A adicionar: [[th:quadro]]</comment>
<model>wikitext</model>
<format>text/x-wiki</format>
<text bytes="949" xml:space="preserve">{{wikipedia}}

={{-pt-}}=
==Substantivo==
{{flex.pt|ms=quadro|mp=quadros}}
{{paroxítona|qua|dro}}
# [[espaço]] limitado por quatro lados iguais; quadrado; caixilho
# [[painel]] emoldurado
# [[obra]] de pintura ou desenho; panorama
# [[estrutura]] metálica de velocípedes e motociclos
# [[pessoa]] hierarquizada com lugar permanente num serviço ou numa empresa
# [[subdivisão]] de um ato numa peça teatral

===Tradução===
{{tradini}}
* {{trad|es|cuadro}}
{{tradmeio}}
{{tradfim}}

===Verbetes derivados===
* [[quadro-negro]]

=={{etimologia|pt}}==
: Do latim ''quadrum, i''.

[[Categoria:Substantivo (Português)]]
[[Categoria:Arte (Português)]]

[[ca:quadro]]
[[de:quadro]]
[[en:quadro]]
[[fi:quadro]]
[[fr:quadro]]
[[gl:quadro]]
[[hu:quadro]]
[[id:quadro]]
[[io:quadro]]
[[it:quadro]]
[[ko:quadro]]
[[ku:quadro]]
[[la:quadro]]
[[li:quadro]]
[[lt:quadro]]
[[mg:quadro]]
[[no:quadro]]
[[pl:quadro]]
[[ru:quadro]]
[[th:quadro]]
[[zh:quadro]]</text>
<sha1>fd7kw4rau0n6ysllcwj4cozq1uafcnw</sha1>
</revision>
<revision>
<id>1484502</id>
<parentid>1405231</parentid>
<timestamp>2012-10-20T02:27:44Z</timestamp>
<contributor>
<username>VJBot</username>
<id>33673</id>
</contributor>
<minor />
<comment>Robô: Substituição de texto automática  (-{{wikipedia}} +{{Wikipédia}})</comment>
<model>wikitext</model>
<format>text/x-wiki</format>
<text bytes="950" xml:space="preserve">{{Wikipédia}}

={{-pt-}}=
==Substantivo==
{{flex.pt|ms=quadro|mp=quadros}}
{{paroxítona|qua|dro}}
# [[espaço]] limitado por quatro lados iguais; quadrado; caixilho
# [[painel]] emoldurado
# [[obra]] de pintura ou desenho; panorama
# [[estrutura]] metálica de velocípedes e motociclos
# [[pessoa]] hierarquizada com lugar permanente num serviço ou numa empresa
# [[subdivisão]] de um ato numa peça teatral

===Tradução===
{{tradini}}
* {{trad|es|cuadro}}
{{tradmeio}}
{{tradfim}}

===Verbetes derivados===
* [[quadro-negro]]

=={{etimologia|pt}}==
: Do latim ''quadrum, i''.

[[Categoria:Substantivo (Português)]]
[[Categoria:Arte (Português)]]

[[ca:quadro]]
[[de:quadro]]
[[en:quadro]]
[[fi:quadro]]
[[fr:quadro]]
[[gl:quadro]]
[[hu:quadro]]
[[id:quadro]]
[[io:quadro]]
[[it:quadro]]
[[ko:quadro]]
[[ku:quadro]]
[[la:quadro]]
[[li:quadro]]
[[lt:quadro]]
[[mg:quadro]]
[[no:quadro]]
[[pl:quadro]]
[[ru:quadro]]
[[th:quadro]]
[[zh:quadro]]</text>
<sha1>mgpmicwkqahzlearyoiu855kycxj7f5</sha1>
</revision>
<revision>
<id>1716787</id>
<parentid>1484502</parentid>
<timestamp>2013-08-22T10:15:56Z</timestamp>
<contributor>
<username>HydrizBot</username>
<id>29590</id>
</contributor>
<minor />
<comment>r2.7.3) (Robô: A adicionar: [[chr:quadro]], [[el:quadro]]</comment>
<model>wikitext</model>
<format>text/x-wiki</format>
<text bytes="979" xml:space="preserve">{{Wikipédia}}

={{-pt-}}=
==Substantivo==
{{flex.pt|ms=quadro|mp=quadros}}
{{paroxítona|qua|dro}}
# [[espaço]] limitado por quatro lados iguais; quadrado; caixilho
# [[painel]] emoldurado
# [[obra]] de pintura ou desenho; panorama
# [[estrutura]] metálica de velocípedes e motociclos
# [[pessoa]] hierarquizada com lugar permanente num serviço ou numa empresa
# [[subdivisão]] de um ato numa peça teatral

===Tradução===
{{tradini}}
* {{trad|es|cuadro}}
{{tradmeio}}
{{tradfim}}

===Verbetes derivados===
* [[quadro-negro]]

=={{etimologia|pt}}==
: Do latim ''quadrum, i''.

[[Categoria:Substantivo (Português)]]
[[Categoria:Arte (Português)]]

[[ca:quadro]]
[[chr:quadro]]
[[de:quadro]]
[[el:quadro]]
[[en:quadro]]
[[fi:quadro]]
[[fr:quadro]]
[[gl:quadro]]
[[hu:quadro]]
[[id:quadro]]
[[io:quadro]]
[[it:quadro]]
[[ko:quadro]]
[[ku:quadro]]
[[la:quadro]]
[[li:quadro]]
[[lt:quadro]]
[[mg:quadro]]
[[no:quadro]]
[[pl:quadro]]
[[ru:quadro]]
[[th:quadro]]
[[zh:quadro]]</text>
<sha1>s3v2kh9e0tifmvldxomqab7blhttyw9</sha1>
</revision>
<revision>
<id>1803275</id>
<parentid>1716787</parentid>
<timestamp>2014-01-07T13:21:59Z</timestamp>
<contributor>
<username>Policionarista</username>
<id>43004</id>
</contributor>
<minor />
<model>wikitext</model>
<format>text/x-wiki</format>
<text bytes="1159" xml:space="preserve">{{Wikipédia}}
[[Imagem:Vasily_Tropinin_17_(frame).jpg|thumb|&lt;center&gt;quadro&lt;sup&gt;3&lt;/sup&gt;&lt;/center&gt;]]
[[Imagem:Bicycle frame mtb hardtail.jpg|thumb|&lt;center&gt;quadro&lt;sup&gt;4&lt;/sup&gt; de bicicleta&lt;/center&gt;]]
={{-pt-}}=
==Substantivo==
{{flex.pt|ms=quadro|mp=quadros}}
{{paroxítona|qua|dro}}
# [[espaço]] limitado por quatro lados iguais; quadrado; caixilho
# [[painel]] emoldurado
# [[obra]] de pintura ou desenho; panorama
# [[estrutura]] metálica de velocípedes e motociclos
# [[pessoa]] hierarquizada com lugar permanente num serviço ou numa empresa
# [[subdivisão]] de um ato numa peça teatral

===Tradução===
{{tradini}}
* {{trad|es|cuadro}}
{{tradmeio}}
{{tradfim}}

===Verbetes derivados===
* [[quadro-negro]]

=={{etimologia|pt}}==
: Do latim ''quadrum, i''.

[[Categoria:Substantivo (Português)]]
[[Categoria:Arte (Português)]]

[[ca:quadro]]
[[chr:quadro]]
[[de:quadro]]
[[el:quadro]]
[[en:quadro]]
[[fi:quadro]]
[[fr:quadro]]
[[gl:quadro]]
[[hu:quadro]]
[[id:quadro]]
[[io:quadro]]
[[it:quadro]]
[[ko:quadro]]
[[ku:quadro]]
[[la:quadro]]
[[li:quadro]]
[[lt:quadro]]
[[mg:quadro]]
[[no:quadro]]
[[pl:quadro]]
[[ru:quadro]]
[[th:quadro]]
[[zh:quadro]]</text>
<sha1>puaczi2f7opmz3s5ckdnfz25h9y14py</sha1>
</revision>
<revision>
<id>1857987</id>
<parentid>1803275</parentid>
<timestamp>2014-09-15T03:56:59Z</timestamp>
<contributor>
<username>JAnDbot</username>
<id>25083</id>
</contributor>
<minor />
<comment>r2.7.3) (Robô: A adicionar: [[hy:quadro]]</comment>
<model>wikitext</model>
<format>text/x-wiki</format>
<text bytes="1173" xml:space="preserve">{{Wikipédia}}
[[Imagem:Vasily_Tropinin_17_(frame).jpg|thumb|&lt;center&gt;quadro&lt;sup&gt;3&lt;/sup&gt;&lt;/center&gt;]]
[[Imagem:Bicycle frame mtb hardtail.jpg|thumb|&lt;center&gt;quadro&lt;sup&gt;4&lt;/sup&gt; de bicicleta&lt;/center&gt;]]
={{-pt-}}=
==Substantivo==
{{flex.pt|ms=quadro|mp=quadros}}
{{paroxítona|qua|dro}}
# [[espaço]] limitado por quatro lados iguais; quadrado; caixilho
# [[painel]] emoldurado
# [[obra]] de pintura ou desenho; panorama
# [[estrutura]] metálica de velocípedes e motociclos
# [[pessoa]] hierarquizada com lugar permanente num serviço ou numa empresa
# [[subdivisão]] de um ato numa peça teatral

===Tradução===
{{tradini}}
* {{trad|es|cuadro}}
{{tradmeio}}
{{tradfim}}

===Verbetes derivados===
* [[quadro-negro]]

=={{etimologia|pt}}==
: Do latim ''quadrum, i''.

[[Categoria:Substantivo (Português)]]
[[Categoria:Arte (Português)]]

[[ca:quadro]]
[[chr:quadro]]
[[de:quadro]]
[[el:quadro]]
[[en:quadro]]
[[fi:quadro]]
[[fr:quadro]]
[[gl:quadro]]
[[hu:quadro]]
[[hy:quadro]]
[[id:quadro]]
[[io:quadro]]
[[it:quadro]]
[[ko:quadro]]
[[ku:quadro]]
[[la:quadro]]
[[li:quadro]]
[[lt:quadro]]
[[mg:quadro]]
[[no:quadro]]
[[pl:quadro]]
[[ru:quadro]]
[[th:quadro]]
[[zh:quadro]]</text>
<sha1>axiaxbxxijsh8wt60gpk8jkup7ttrkv</sha1>
</revision>
<revision>
<id>1926491</id>
<parentid>1857987</parentid>
<timestamp>2015-05-01T15:20:45Z</timestamp>
<contributor>
<username>YS-Bot</username>
<id>32241</id>
</contributor>
<minor />
<comment>r2.7.3) (Robô: A adicionar: [[ja:quadro]]</comment>
<model>wikitext</model>
<format>text/x-wiki</format>
<text bytes="1187" xml:space="preserve">{{Wikipédia}}
[[Imagem:Vasily_Tropinin_17_(frame).jpg|thumb|&lt;center&gt;quadro&lt;sup&gt;3&lt;/sup&gt;&lt;/center&gt;]]
[[Imagem:Bicycle frame mtb hardtail.jpg|thumb|&lt;center&gt;quadro&lt;sup&gt;4&lt;/sup&gt; de bicicleta&lt;/center&gt;]]
={{-pt-}}=
==Substantivo==
{{flex.pt|ms=quadro|mp=quadros}}
{{paroxítona|qua|dro}}
# [[espaço]] limitado por quatro lados iguais; quadrado; caixilho
# [[painel]] emoldurado
# [[obra]] de pintura ou desenho; panorama
# [[estrutura]] metálica de velocípedes e motociclos
# [[pessoa]] hierarquizada com lugar permanente num serviço ou numa empresa
# [[subdivisão]] de um ato numa peça teatral

===Tradução===
{{tradini}}
* {{trad|es|cuadro}}
{{tradmeio}}
{{tradfim}}

===Verbetes derivados===
* [[quadro-negro]]

=={{etimologia|pt}}==
: Do latim ''quadrum, i''.

[[Categoria:Substantivo (Português)]]
[[Categoria:Arte (Português)]]

[[ca:quadro]]
[[chr:quadro]]
[[de:quadro]]
[[el:quadro]]
[[en:quadro]]
[[fi:quadro]]
[[fr:quadro]]
[[gl:quadro]]
[[hu:quadro]]
[[hy:quadro]]
[[id:quadro]]
[[io:quadro]]
[[it:quadro]]
[[ja:quadro]]
[[ko:quadro]]
[[ku:quadro]]
[[la:quadro]]
[[li:quadro]]
[[lt:quadro]]
[[mg:quadro]]
[[no:quadro]]
[[pl:quadro]]
[[ru:quadro]]
[[th:quadro]]
[[zh:quadro]]</text>
<sha1>39oi727fh23yen9bfz1ppt1iny2eb7w</sha1>
</revision>
<revision>
<id>1995165</id>
<parentid>1926491</parentid>
<timestamp>2015-09-03T04:40:17Z</timestamp>
<contributor>
<username>HydrizBot</username>
<id>29590</id>
</contributor>
<minor />
<comment>Robô: A adicionar: [[roa-rup:quadro]]</comment>
<model>wikitext</model>
<format>text/x-wiki</format>
<text bytes="1206" xml:space="preserve">{{Wikipédia}}
[[Imagem:Vasily_Tropinin_17_(frame).jpg|thumb|&lt;center&gt;quadro&lt;sup&gt;3&lt;/sup&gt;&lt;/center&gt;]]
[[Imagem:Bicycle frame mtb hardtail.jpg|thumb|&lt;center&gt;quadro&lt;sup&gt;4&lt;/sup&gt; de bicicleta&lt;/center&gt;]]
={{-pt-}}=
==Substantivo==
{{flex.pt|ms=quadro|mp=quadros}}
{{paroxítona|qua|dro}}
# [[espaço]] limitado por quatro lados iguais; quadrado; caixilho
# [[painel]] emoldurado
# [[obra]] de pintura ou desenho; panorama
# [[estrutura]] metálica de velocípedes e motociclos
# [[pessoa]] hierarquizada com lugar permanente num serviço ou numa empresa
# [[subdivisão]] de um ato numa peça teatral

===Tradução===
{{tradini}}
* {{trad|es|cuadro}}
{{tradmeio}}
{{tradfim}}

===Verbetes derivados===
* [[quadro-negro]]

=={{etimologia|pt}}==
: Do latim ''quadrum, i''.

[[Categoria:Substantivo (Português)]]
[[Categoria:Arte (Português)]]

[[ca:quadro]]
[[chr:quadro]]
[[de:quadro]]
[[el:quadro]]
[[en:quadro]]
[[fi:quadro]]
[[fr:quadro]]
[[gl:quadro]]
[[hu:quadro]]
[[hy:quadro]]
[[id:quadro]]
[[io:quadro]]
[[it:quadro]]
[[ja:quadro]]
[[ko:quadro]]
[[ku:quadro]]
[[la:quadro]]
[[li:quadro]]
[[lt:quadro]]
[[mg:quadro]]
[[no:quadro]]
[[pl:quadro]]
[[roa-rup:quadro]]
[[ru:quadro]]
[[th:quadro]]
[[zh:quadro]]</text>
<sha1>oavu1ubt5axpv7pm8wmvbdx639uti56</sha1>
</revision>
<revision>
<id>2143921</id>
<parentid>1995165</parentid>
<timestamp>2016-06-15T14:40:28Z</timestamp>
<contributor>
<username>HydrizBot</username>
<id>29590</id>
</contributor>
<minor />
<comment>Robô: A adicionar: [[az:quadro]]</comment>
<model>wikitext</model>
<format>text/x-wiki</format>
<text bytes="1220" xml:space="preserve">{{Wikipédia}}
[[Imagem:Vasily_Tropinin_17_(frame).jpg|thumb|&lt;center&gt;quadro&lt;sup&gt;3&lt;/sup&gt;&lt;/center&gt;]]
[[Imagem:Bicycle frame mtb hardtail.jpg|thumb|&lt;center&gt;quadro&lt;sup&gt;4&lt;/sup&gt; de bicicleta&lt;/center&gt;]]
={{-pt-}}=
==Substantivo==
{{flex.pt|ms=quadro|mp=quadros}}
{{paroxítona|qua|dro}}
# [[espaço]] limitado por quatro lados iguais; quadrado; caixilho
# [[painel]] emoldurado
# [[obra]] de pintura ou desenho; panorama
# [[estrutura]] metálica de velocípedes e motociclos
# [[pessoa]] hierarquizada com lugar permanente num serviço ou numa empresa
# [[subdivisão]] de um ato numa peça teatral

===Tradução===
{{tradini}}
* {{trad|es|cuadro}}
{{tradmeio}}
{{tradfim}}

===Verbetes derivados===
* [[quadro-negro]]

=={{etimologia|pt}}==
: Do latim ''quadrum, i''.

[[Categoria:Substantivo (Português)]]
[[Categoria:Arte (Português)]]

[[az:quadro]]
[[ca:quadro]]
[[chr:quadro]]
[[de:quadro]]
[[el:quadro]]
[[en:quadro]]
[[fi:quadro]]
[[fr:quadro]]
[[gl:quadro]]
[[hu:quadro]]
[[hy:quadro]]
[[id:quadro]]
[[io:quadro]]
[[it:quadro]]
[[ja:quadro]]
[[ko:quadro]]
[[ku:quadro]]
[[la:quadro]]
[[li:quadro]]
[[lt:quadro]]
[[mg:quadro]]
[[no:quadro]]
[[pl:quadro]]
[[roa-rup:quadro]]
[[ru:quadro]]
[[th:quadro]]
[[zh:quadro]]</text>
<sha1>gpw413zx12e8542qapimpm7aeh18uz8</sha1>
</revision>
<revision>
<id>2238443</id>
<parentid>2143921</parentid>
<timestamp>2017-02-14T12:02:03Z</timestamp>
<contributor>
<username>UT-interwiki-Bot</username>
<id>56129</id>
</contributor>
<minor />
<comment>Robô: A adicionar: [[eo:quadro]]</comment>
<model>wikitext</model>
<format>text/x-wiki</format>
<text bytes="1234" xml:space="preserve">{{Wikipédia}}
[[Imagem:Vasily_Tropinin_17_(frame).jpg|thumb|&lt;center&gt;quadro&lt;sup&gt;3&lt;/sup&gt;&lt;/center&gt;]]
[[Imagem:Bicycle frame mtb hardtail.jpg|thumb|&lt;center&gt;quadro&lt;sup&gt;4&lt;/sup&gt; de bicicleta&lt;/center&gt;]]
={{-pt-}}=
==Substantivo==
{{flex.pt|ms=quadro|mp=quadros}}
{{paroxítona|qua|dro}}
# [[espaço]] limitado por quatro lados iguais; quadrado; caixilho
# [[painel]] emoldurado
# [[obra]] de pintura ou desenho; panorama
# [[estrutura]] metálica de velocípedes e motociclos
# [[pessoa]] hierarquizada com lugar permanente num serviço ou numa empresa
# [[subdivisão]] de um ato numa peça teatral

===Tradução===
{{tradini}}
* {{trad|es|cuadro}}
{{tradmeio}}
{{tradfim}}

===Verbetes derivados===
* [[quadro-negro]]

=={{etimologia|pt}}==
: Do latim ''quadrum, i''.

[[Categoria:Substantivo (Português)]]
[[Categoria:Arte (Português)]]

[[az:quadro]]
[[ca:quadro]]
[[chr:quadro]]
[[de:quadro]]
[[el:quadro]]
[[en:quadro]]
[[eo:quadro]]
[[fi:quadro]]
[[fr:quadro]]
[[gl:quadro]]
[[hu:quadro]]
[[hy:quadro]]
[[id:quadro]]
[[io:quadro]]
[[it:quadro]]
[[ja:quadro]]
[[ko:quadro]]
[[ku:quadro]]
[[la:quadro]]
[[li:quadro]]
[[lt:quadro]]
[[mg:quadro]]
[[no:quadro]]
[[pl:quadro]]
[[roa-rup:quadro]]
[[ru:quadro]]
[[th:quadro]]
[[zh:quadro]]</text>
<sha1>o506ggyrmc9lhukx1l7l77wdfurc6nw</sha1>
</revision>
<revision>
<id>2396706</id>
<parentid>2238443</parentid>
<timestamp>2017-05-13T10:58:32Z</timestamp>
<contributor>
<username>HydrizBot</username>
<id>29590</id>
</contributor>
<minor />
<comment>Robô: A limpar links interwikis antigos</comment>
<model>wikitext</model>
<format>text/x-wiki</format>
<text bytes="835" xml:space="preserve">{{Wikipédia}}
[[Imagem:Vasily_Tropinin_17_(frame).jpg|thumb|&lt;center&gt;quadro&lt;sup&gt;3&lt;/sup&gt;&lt;/center&gt;]]
[[Imagem:Bicycle frame mtb hardtail.jpg|thumb|&lt;center&gt;quadro&lt;sup&gt;4&lt;/sup&gt; de bicicleta&lt;/center&gt;]]
={{-pt-}}=
==Substantivo==
{{flex.pt|ms=quadro|mp=quadros}}
{{paroxítona|qua|dro}}
# [[espaço]] limitado por quatro lados iguais; quadrado; caixilho
# [[painel]] emoldurado
# [[obra]] de pintura ou desenho; panorama
# [[estrutura]] metálica de velocípedes e motociclos
# [[pessoa]] hierarquizada com lugar permanente num serviço ou numa empresa
# [[subdivisão]] de um ato numa peça teatral

===Tradução===
{{tradini}}
* {{trad|es|cuadro}}
{{tradmeio}}
{{tradfim}}

===Verbetes derivados===
* [[quadro-negro]]

=={{etimologia|pt}}==
: Do latim ''quadrum, i''.

[[Categoria:Substantivo (Português)]]
[[Categoria:Arte (Português)]]</text>
<sha1>a55ggv2tetx6686buldiltvv7z8vxx1</sha1>
</revision>
<revision>
<id>2610336</id>
<parentid>2396706</parentid>
<timestamp>2021-01-30T20:35:53Z</timestamp>
<contributor>
<username>Marxav</username>
<id>73271</id>
</contributor>
<minor />
<comment>AFI Portugal</comment>
<model>wikitext</model>
<format>text/x-wiki</format>
<text bytes="901" xml:space="preserve">{{Wikipédia}}
[[Imagem:Vasily_Tropinin_17_(frame).jpg|thumb|&lt;center&gt;quadro&lt;sup&gt;3&lt;/sup&gt;&lt;/center&gt;]]
[[Imagem:Bicycle frame mtb hardtail.jpg|thumb|&lt;center&gt;quadro&lt;sup&gt;4&lt;/sup&gt; de bicicleta&lt;/center&gt;]]
={{-pt-}}=
==Substantivo==
{{flex.pt|ms=quadro|mp=quadros}}
{{paroxítona|qua|dro}}
# [[espaço]] limitado por quatro lados iguais; quadrado; caixilho
# [[painel]] emoldurado
# [[obra]] de pintura ou desenho; panorama
# [[estrutura]] metálica de velocípedes e motociclos
# [[pessoa]] hierarquizada com lugar permanente num serviço ou numa empresa
# [[subdivisão]] de um ato numa peça teatral

===Tradução===
{{tradini}}
* {{trad|es|cuadro}}
{{tradmeio}}
{{tradfim}}

===Verbetes derivados===
* [[quadro-negro]]

=={{etimologia|pt}}==
: Do latim ''quadrum, i''.

=={{pronúncia|pt}}==
===Portugal===
* AFI: {{AFI|/ˈkwa.dɾu/}}

[[Categoria:Substantivo (Português)]]
[[Categoria:Arte (Português)]]</text>
<sha1>doho5omxseywbmp9ut2rv6o8tymjkmm</sha1>
</revision>
<revision>
<id>2655167</id>
<parentid>2610336</parentid>
<timestamp>2021-12-16T01:04:21Z</timestamp>
<contributor>
<ip>2804:29B8:508F:206C:9C65:BA82:D6D8:D255</ip>
</contributor>
<comment>/* Substantivo */</comment>
<model>wikitext</model>
<format>text/x-wiki</format>
<text bytes="948" xml:space="preserve">{{Wikipédia}}
[[Imagem:Vasily_Tropinin_17_(frame).jpg|thumb|&lt;center&gt;quadro&lt;sup&gt;3&lt;/sup&gt;&lt;/center&gt;]]
[[Imagem:Bicycle frame mtb hardtail.jpg|thumb|&lt;center&gt;quadro&lt;sup&gt;4&lt;/sup&gt; de bicicleta&lt;/center&gt;]]
={{-pt-}}=
==Substantivo==
{{flex.pt|ms=quadro|mp=quadros}}
{{paroxítona|qua|dro}}
# [[espaço]] limitado por quatro lados iguais; quadrado; caixilho
# [[painel]] emoldurado
# [[obra]] de pintura ou desenho; panorama
# [[estrutura]] metálica de velocípedes e motociclos
# [[pessoa]] hierarquizada com lugar permanente num serviço ou numa empresa
# [[subdivisão]] de um ato numa peça teatral
# [[subdivisão]] de um programa de televisão

===Tradução===
{{tradini}}
* {{trad|es|cuadro}}
{{tradmeio}}
{{tradfim}}

===Verbetes derivados===
* [[quadro-negro]]

=={{etimologia|pt}}==
: Do latim ''quadrum, i''.

=={{pronúncia|pt}}==
===Portugal===
* AFI: {{AFI|/ˈkwa.dɾu/}}

[[Categoria:Substantivo (Português)]]
[[Categoria:Arte (Português)]]</text>
<sha1>lf8qayxxc1s2v04y55voaaatt8dub29</sha1>
</revision>
<revision>
<id>2679006</id>
<parentid>2655167</parentid>
<timestamp>2022-06-05T09:59:43Z</timestamp>
<contributor>
<username>ValJor</username>
<id>1358</id>
</contributor>
<comment>Trocando a tag center pela predefinição centro para corrigir problema de lint</comment>
<model>wikitext</model>
<format>text/x-wiki</format>
<text bytes="1039" xml:space="preserve">{| style=&quot;float:right; &quot;
|-
| colspan = 2 | {{Wikipédia|lang=pt}}
|-
| [[Imagem:Vasily_Tropinin_17_(frame).jpg|160px|right|thumb|{{centro|Quadro&lt;sup&gt;3&lt;/sup&gt;}}]]
| [[Imagem:Bicycle frame mtb hardtail.jpg|250px|right|thumb|{{centro|Quadro&lt;sup&gt;4&lt;/sup&gt;}}]]
|}

={{-pt-}}=
==Substantivo==
{{flex.pt|ms=quadro|mp=quadros}}
{{paroxítona|qua|dro}}, {{gramática|m}}
# [[espaço]] limitado por quatro lados iguais; quadrado; caixilho
# [[painel]] emoldurado
# [[obra]] de pintura ou desenho; panorama
# [[estrutura]] metálica de velocípedes e motociclos
# [[pessoa]] hierarquizada com lugar permanente num serviço ou numa empresa
# [[subdivisão]] de um ato numa peça teatral
# [[subdivisão]] de um programa de televisão

===Tradução===
{{tradini}}
* {{trad|es|cuadro}}
{{tradmeio}}
{{tradfim}}

===Verbetes derivados===
* [[quadro-negro]]

=={{etimologia|pt}}==
{{llietimo|la|quadrum|pt|quadrum, i}}

=={{pronúncia|pt}}==
===Portugal===
* AFI: {{AFI|/ˈkwa.dɾu/}}

[[Categoria:Substantivo (Português)]]
[[Categoria:Arte (Português)]]</text>
<sha1>956eq0vre6ezi5vdrnsds3ewuwkh3qw</sha1>
</revision>
</page>
