<title>quadrássemos</title>
<ns>0</ns>
<id>199647</id>
<revision>
<id>760232</id>
<timestamp>2010-02-08T11:15:49Z</timestamp>
<contributor>
<username>Jesielt-bot</username>
<id>10876</id>
</contributor>
<comment>Verbete criado por bot.</comment>
<model>wikitext</model>
<format>text/x-wiki</format>
<text bytes="200" xml:space="preserve">={{pt}}=
==Forma verbal==
'''quadrássemos'''
#[[primeira pessoa]] do [[plural]] do [[pretérito imperfeito]] do [[modo subjuntivo]] do verbo '''[[quadrar]]'''

[[Categoria:Forma verbal (Português)]]</text>
<sha1>pvnbunmxaihpnu3haqckj52wnlh57ir</sha1>
</revision>
<revision>
<id>778014</id>
<parentid>760232</parentid>
<timestamp>2010-02-13T00:00:14Z</timestamp>
<contributor>
<username>Interwicket</username>
<id>6868</id>
</contributor>
<minor />
<comment>iwiki +[[:no:quadrássemos]]</comment>
<model>wikitext</model>
<format>text/x-wiki</format>
<text bytes="222" xml:space="preserve">={{pt}}=
==Forma verbal==
'''quadrássemos'''
#[[primeira pessoa]] do [[plural]] do [[pretérito imperfeito]] do [[modo subjuntivo]] do verbo '''[[quadrar]]'''

[[Categoria:Forma verbal (Português)]]

[[no:quadrássemos]]</text>
<sha1>2u502gquwuv8o5yc733v1ybvjyxrle7</sha1>
</revision>
<revision>
<id>1168064</id>
<parentid>778014</parentid>
<timestamp>2011-07-06T12:12:24Z</timestamp>
<contributor>
<username>MalafayaBot</username>
<id>628</id>
</contributor>
<minor />
<comment>Robô: Substituição de texto automática (-^\=\s?Português\s?\= +={{-pt-}}= &amp; -^\=\s?\{\{pt\}\}\s?\= +={{-pt-}}=)</comment>
<model>wikitext</model>
<format>text/x-wiki</format>
<text bytes="224" xml:space="preserve">={{-pt-}}=
==Forma verbal==
'''quadrássemos'''
#[[primeira pessoa]] do [[plural]] do [[pretérito imperfeito]] do [[modo subjuntivo]] do verbo '''[[quadrar]]'''

[[Categoria:Forma verbal (Português)]]

[[no:quadrássemos]]</text>
<sha1>qsmautbibjq41etka0c1rucdct8f5qu</sha1>
</revision>
<revision>
<id>2396721</id>
<parentid>1168064</parentid>
<timestamp>2017-05-13T10:58:59Z</timestamp>
<contributor>
<username>HydrizBot</username>
<id>29590</id>
</contributor>
<minor />
<comment>Robô: A limpar links interwikis antigos</comment>
<model>wikitext</model>
<format>text/x-wiki</format>
<text bytes="202" xml:space="preserve">={{-pt-}}=
==Forma verbal==
'''quadrássemos'''
#[[primeira pessoa]] do [[plural]] do [[pretérito imperfeito]] do [[modo subjuntivo]] do verbo '''[[quadrar]]'''

[[Categoria:Forma verbal (Português)]]</text>
<sha1>3vsdttj4cr6ckjf6walt6b9skxgmjek</sha1>
</revision>
</page>
