<title>quadrar</title>
<ns>0</ns>
<id>106452</id>
<revision>
<id>415891</id>
<timestamp>2009-02-12T11:20:59Z</timestamp>
<contributor>
<username>ValJor</username>
<id>1358</id>
</contributor>
<comment>Por um [[Especial:Lonelypages|wikcionário sem órfãos]]!</comment>
<model>wikitext</model>
<format>text/x-wiki</format>
<text bytes="698" xml:space="preserve">=Português=
==Verbo==
{{oxítona|qua|drar}}
# [[dar]] [[forma]] [[quadrado|quadrada]] a algo
# [[convir]], [[adequar]]
#* ''Veja o leitor a comparação que melhor lhe '''quadrar''', veja-a e não esteja daí a torcer-me o nariz, só porque ainda não chegamos à parte narrativa destas memórias.'' (Em [[s:Memórias Póstumas de Brás Cubas/IV|Memórias Póstumas de Brás Cubas (Capítulo IV: A idéia fixa)]] de Machado de Assis)
===Conjugação===
{{conj.pt.ar|quadr}}
=={{etimologia}}==
: Do infinitivo latino ''quadrare''.
==Ver também==
===No Wikcionário===
* [[quadres]]
[[Categoria:Verbo (Português)]]
[[Categoria:Vocábulo com etimologia (Português)]]

[[ca:quadrar]]
[[pl:quadrar]]</text>
<sha1>1rpektqyiqcf46k8mv6mm549n2g7ayo</sha1>
</revision>
<revision>
<id>478122</id>
<parentid>415891</parentid>
<timestamp>2009-06-11T14:02:10Z</timestamp>
<contributor>
<username>Interwicket</username>
<id>6868</id>
</contributor>
<minor />
<comment>iwiki +[[:no:quadrar]]</comment>
<model>wikitext</model>
<format>text/x-wiki</format>
<text bytes="713" xml:space="preserve">=Português=
==Verbo==
{{oxítona|qua|drar}}
# [[dar]] [[forma]] [[quadrado|quadrada]] a algo
# [[convir]], [[adequar]]
#* ''Veja o leitor a comparação que melhor lhe '''quadrar''', veja-a e não esteja daí a torcer-me o nariz, só porque ainda não chegamos à parte narrativa destas memórias.'' (Em [[s:Memórias Póstumas de Brás Cubas/IV|Memórias Póstumas de Brás Cubas (Capítulo IV: A idéia fixa)]] de Machado de Assis)
===Conjugação===
{{conj.pt.ar|quadr}}
=={{etimologia}}==
: Do infinitivo latino ''quadrare''.
==Ver também==
===No Wikcionário===
* [[quadres]]
[[Categoria:Verbo (Português)]]
[[Categoria:Vocábulo com etimologia (Português)]]

[[ca:quadrar]]
[[no:quadrar]]
[[pl:quadrar]]</text>
<sha1>n7mwjru32kcxelykkaf4etybffakot6</sha1>
</revision>
<revision>
<id>1106034</id>
<parentid>478122</parentid>
<timestamp>2011-07-03T13:18:53Z</timestamp>
<contributor>
<username>MalafayaBot</username>
<id>628</id>
</contributor>
<minor />
<comment>Robô: Substituição de texto automática (-^\=\s?Português\s?\= +={{-pt-}}= &amp; -^\=\s?\{\{pt\}\}\s?\= +={{-pt-}}=)</comment>
<model>wikitext</model>
<format>text/x-wiki</format>
<text bytes="711" xml:space="preserve">={{-pt-}}=
==Verbo==
{{oxítona|qua|drar}}
# [[dar]] [[forma]] [[quadrado|quadrada]] a algo
# [[convir]], [[adequar]]
#* ''Veja o leitor a comparação que melhor lhe '''quadrar''', veja-a e não esteja daí a torcer-me o nariz, só porque ainda não chegamos à parte narrativa destas memórias.'' (Em [[s:Memórias Póstumas de Brás Cubas/IV|Memórias Póstumas de Brás Cubas (Capítulo IV: A idéia fixa)]] de Machado de Assis)
===Conjugação===
{{conj.pt.ar|quadr}}
=={{etimologia}}==
: Do infinitivo latino ''quadrare''.
==Ver também==
===No Wikcionário===
* [[quadres]]
[[Categoria:Verbo (Português)]]
[[Categoria:Vocábulo com etimologia (Português)]]

[[ca:quadrar]]
[[no:quadrar]]
[[pl:quadrar]]</text>
<sha1>jo9j1j5tyq1ekg6ccpnc01k3kwm5yi3</sha1>
</revision>
<revision>
<id>1112988</id>
<parentid>1106034</parentid>
<timestamp>2011-07-03T18:10:59Z</timestamp>
<contributor>
<username>MalafayaBot</username>
<id>628</id>
</contributor>
<minor />
<comment>Substituindo {{conj.pt.*}} por {{conj/pt}}</comment>
<model>wikitext</model>
<format>text/x-wiki</format>
<text bytes="711" xml:space="preserve">={{-pt-}}=
==Verbo==
{{oxítona|qua|drar}}
# [[dar]] [[forma]] [[quadrado|quadrada]] a algo
# [[convir]], [[adequar]]
#* ''Veja o leitor a comparação que melhor lhe '''quadrar''', veja-a e não esteja daí a torcer-me o nariz, só porque ainda não chegamos à parte narrativa destas memórias.'' (Em [[s:Memórias Póstumas de Brás Cubas/IV|Memórias Póstumas de Brás Cubas (Capítulo IV: A idéia fixa)]] de Machado de Assis)
===Conjugação===
{{conj/pt|quadr|ar}}
=={{etimologia}}==
: Do infinitivo latino ''quadrare''.
==Ver também==
===No Wikcionário===
* [[quadres]]
[[Categoria:Verbo (Português)]]
[[Categoria:Vocábulo com etimologia (Português)]]

[[ca:quadrar]]
[[no:quadrar]]
[[pl:quadrar]]</text>
<sha1>gyq18dxfjrsrtpis1tlcpw4m2y07luj</sha1>
</revision>
<revision>
<id>1569524</id>
<parentid>1112988</parentid>
<timestamp>2012-12-29T22:09:26Z</timestamp>
<contributor>
<username>YS-Bot</username>
<id>32241</id>
</contributor>
<minor />
<comment>r2.7.3) (Robô: A adicionar: [[fi:quadrar]]</comment>
<model>wikitext</model>
<format>text/x-wiki</format>
<text bytes="726" xml:space="preserve">={{-pt-}}=
==Verbo==
{{oxítona|qua|drar}}
# [[dar]] [[forma]] [[quadrado|quadrada]] a algo
# [[convir]], [[adequar]]
#* ''Veja o leitor a comparação que melhor lhe '''quadrar''', veja-a e não esteja daí a torcer-me o nariz, só porque ainda não chegamos à parte narrativa destas memórias.'' (Em [[s:Memórias Póstumas de Brás Cubas/IV|Memórias Póstumas de Brás Cubas (Capítulo IV: A idéia fixa)]] de Machado de Assis)
===Conjugação===
{{conj/pt|quadr|ar}}
=={{etimologia}}==
: Do infinitivo latino ''quadrare''.
==Ver também==
===No Wikcionário===
* [[quadres]]
[[Categoria:Verbo (Português)]]
[[Categoria:Vocábulo com etimologia (Português)]]

[[ca:quadrar]]
[[fi:quadrar]]
[[no:quadrar]]
[[pl:quadrar]]</text>
<sha1>s99po6r1p5zcdcnqd3b8dh39twkdvkl</sha1>
</revision>
<revision>
<id>1606714</id>
<parentid>1569524</parentid>
<timestamp>2013-01-19T22:01:08Z</timestamp>
<contributor>
<username>MalafayaBot</username>
<id>628</id>
</contributor>
<minor />
<comment>Robô: A modificar Categoria:Vocábulo com etimologia (Português) para Categoria:Entrada com etimologia (Português)</comment>
<model>wikitext</model>
<format>text/x-wiki</format>
<text bytes="724" xml:space="preserve">={{-pt-}}=
==Verbo==
{{oxítona|qua|drar}}
# [[dar]] [[forma]] [[quadrado|quadrada]] a algo
# [[convir]], [[adequar]]
#* ''Veja o leitor a comparação que melhor lhe '''quadrar''', veja-a e não esteja daí a torcer-me o nariz, só porque ainda não chegamos à parte narrativa destas memórias.'' (Em [[s:Memórias Póstumas de Brás Cubas/IV|Memórias Póstumas de Brás Cubas (Capítulo IV: A idéia fixa)]] de Machado de Assis)
===Conjugação===
{{conj/pt|quadr|ar}}
=={{etimologia}}==
: Do infinitivo latino ''quadrare''.
==Ver também==
===No Wikcionário===
* [[quadres]]
[[Categoria:Verbo (Português)]]
[[Categoria:Entrada com etimologia (Português)]]

[[ca:quadrar]]
[[fi:quadrar]]
[[no:quadrar]]
[[pl:quadrar]]</text>
<sha1>irh8rxtosm3i4w99cwn43szn6l69ve3</sha1>
</revision>
<revision>
<id>1789379</id>
<parentid>1606714</parentid>
<timestamp>2013-12-18T21:27:32Z</timestamp>
<contributor>
<username>MalafayaBot</username>
<id>628</id>
</contributor>
<minor />
<comment>r2.7.5) (Robô: A adicionar: [[chr:quadrar]], [[mg:quadrar]]</comment>
<model>wikitext</model>
<format>text/x-wiki</format>
<text bytes="755" xml:space="preserve">={{-pt-}}=
==Verbo==
{{oxítona|qua|drar}}
# [[dar]] [[forma]] [[quadrado|quadrada]] a algo
# [[convir]], [[adequar]]
#* ''Veja o leitor a comparação que melhor lhe '''quadrar''', veja-a e não esteja daí a torcer-me o nariz, só porque ainda não chegamos à parte narrativa destas memórias.'' (Em [[s:Memórias Póstumas de Brás Cubas/IV|Memórias Póstumas de Brás Cubas (Capítulo IV: A idéia fixa)]] de Machado de Assis)
===Conjugação===
{{conj/pt|quadr|ar}}
=={{etimologia}}==
: Do infinitivo latino ''quadrare''.
==Ver também==
===No Wikcionário===
* [[quadres]]
[[Categoria:Verbo (Português)]]
[[Categoria:Entrada com etimologia (Português)]]

[[ca:quadrar]]
[[chr:quadrar]]
[[fi:quadrar]]
[[mg:quadrar]]
[[no:quadrar]]
[[pl:quadrar]]</text>
<sha1>glcf8hxy2vlpxvlpdsfpjqfqv0sapb4</sha1>
</revision>
<revision>
<id>2134233</id>
<parentid>1789379</parentid>
<timestamp>2016-06-09T22:02:22Z</timestamp>
<contributor>
<username>UT-interwiki-Bot</username>
<id>56129</id>
</contributor>
<minor />
<comment>Robô: A adicionar: [[fr:quadrar]]</comment>
<model>wikitext</model>
<format>text/x-wiki</format>
<text bytes="770" xml:space="preserve">={{-pt-}}=
==Verbo==
{{oxítona|qua|drar}}
# [[dar]] [[forma]] [[quadrado|quadrada]] a algo
# [[convir]], [[adequar]]
#* ''Veja o leitor a comparação que melhor lhe '''quadrar''', veja-a e não esteja daí a torcer-me o nariz, só porque ainda não chegamos à parte narrativa destas memórias.'' (Em [[s:Memórias Póstumas de Brás Cubas/IV|Memórias Póstumas de Brás Cubas (Capítulo IV: A idéia fixa)]] de Machado de Assis)
===Conjugação===
{{conj/pt|quadr|ar}}
=={{etimologia}}==
: Do infinitivo latino ''quadrare''.
==Ver também==
===No Wikcionário===
* [[quadres]]
[[Categoria:Verbo (Português)]]
[[Categoria:Entrada com etimologia (Português)]]

[[ca:quadrar]]
[[chr:quadrar]]
[[fi:quadrar]]
[[fr:quadrar]]
[[mg:quadrar]]
[[no:quadrar]]
[[pl:quadrar]]</text>
<sha1>lxiibwidjgsvq1ah7qlviyogrrcd18a</sha1>
</revision>
<revision>
<id>2250801</id>
<parentid>2134233</parentid>
<timestamp>2017-03-10T12:52:12Z</timestamp>
<contributor>
<username>ValJor</username>
<id>1358</id>
</contributor>
<comment>Verbete [[:Categoria:!Página com idioma não informado em Predefinição:etimologia|sem indicação do idioma na seção de etimologia]]</comment>
<model>wikitext</model>
<format>text/x-wiki</format>
<text bytes="665" xml:space="preserve">={{-pt-}}=
==Verbo==
{{oxítona|qua|drar}}
# [[dar]] [[forma]] [[quadrado|quadrada]] a algo
# [[convir]], [[adequar]]
#* ''Veja o leitor a comparação que melhor lhe '''quadrar''', veja-a e não esteja daí a torcer-me o nariz, só porque ainda não chegamos à parte narrativa destas memórias.'' (Em [[s:Memórias Póstumas de Brás Cubas/IV|Memórias Póstumas de Brás Cubas (Capítulo IV: A idéia fixa)]] de Machado de Assis)

===Conjugação===
{{conj/pt|quadr|ar}}

=={{etimologia|pt}}==
{{llietimo|la|quadrare|pt}}

[[Categoria:Verbo (Português)]]

[[ca:quadrar]]
[[chr:quadrar]]
[[fi:quadrar]]
[[fr:quadrar]]
[[mg:quadrar]]
[[no:quadrar]]
[[pl:quadrar]]</text>
<sha1>mtlxfa7pvz0b9x8ipx3596ma5j9p16y</sha1>
</revision>
<revision>
<id>2396599</id>
<parentid>2250801</parentid>
<timestamp>2017-05-13T10:55:03Z</timestamp>
<contributor>
<username>HydrizBot</username>
<id>29590</id>
</contributor>
<minor />
<comment>Robô: A limpar links interwikis antigos</comment>
<model>wikitext</model>
<format>text/x-wiki</format>
<text bytes="558" xml:space="preserve">={{-pt-}}=
==Verbo==
{{oxítona|qua|drar}}
# [[dar]] [[forma]] [[quadrado|quadrada]] a algo
# [[convir]], [[adequar]]
#* ''Veja o leitor a comparação que melhor lhe '''quadrar''', veja-a e não esteja daí a torcer-me o nariz, só porque ainda não chegamos à parte narrativa destas memórias.'' (Em [[s:Memórias Póstumas de Brás Cubas/IV|Memórias Póstumas de Brás Cubas (Capítulo IV: A idéia fixa)]] de Machado de Assis)

===Conjugação===
{{conj/pt|quadr|ar}}

=={{etimologia|pt}}==
{{llietimo|la|quadrare|pt}}

[[Categoria:Verbo (Português)]]</text>
<sha1>gjq5vpmyqsf62isiv644epx2qrs5xg4</sha1>
</revision>
<revision>
<id>2621698</id>
<parentid>2396599</parentid>
<timestamp>2021-02-02T01:10:27Z</timestamp>
<contributor>
<username>MarxavBot</username>
<id>80155</id>
</contributor>
<minor />
<comment>AFI Portugal</comment>
<model>wikitext</model>
<format>text/x-wiki</format>
<text bytes="627" xml:space="preserve">={{-pt-}}=
==Verbo==
{{oxítona|qua|drar}}
# [[dar]] [[forma]] [[quadrado|quadrada]] a algo
# [[convir]], [[adequar]]
#* ''Veja o leitor a comparação que melhor lhe '''quadrar''', veja-a e não esteja daí a torcer-me o nariz, só porque ainda não chegamos à parte narrativa destas memórias.'' (Em [[s:Memórias Póstumas de Brás Cubas/IV|Memórias Póstumas de Brás Cubas (Capítulo IV: A idéia fixa)]] de Machado de Assis)

===Conjugação===
{{conj/pt|quadr|ar}}

=={{etimologia|pt}}==
{{llietimo|la|quadrare|pt}}

=={{pronúncia|pt}}==
===Portugal===
* AFI: {{AFI|/kwɐ.ˈdɾaɾ/}}

[[Categoria:Verbo (Português)]]</text>
<sha1>9hlqz74mzihzo4a49x32ypihptf8krl</sha1>
</revision>
</page>
