<title>quadrarás</title>
<ns>0</ns>
<id>186054</id>
<revision>
<id>736100</id>
<timestamp>2010-01-31T20:21:49Z</timestamp>
<contributor>
<username>Jesielt-bot</username>
<id>10876</id>
</contributor>
<comment>Verbete criado por bot.</comment>
<model>wikitext</model>
<format>text/x-wiki</format>
<text bytes="172" xml:space="preserve">={{pt}}=
==Forma verbal==
'''quadrarás'''
#[[segunda pessoa]] do [[singular]] do [[futuro do presente]] do verbo '''[[quadrar]]'''

[[Categoria:Forma verbal (Português)]]</text>
<sha1>gskrme5klryenu4i1vxfnglgzzi0h7v</sha1>
</revision>
<revision>
<id>755210</id>
<parentid>736100</parentid>
<timestamp>2010-02-07T01:08:52Z</timestamp>
<contributor>
<username>Interwicket</username>
<id>6868</id>
</contributor>
<minor />
<comment>iwiki +[[:no:quadrarás]]</comment>
<model>wikitext</model>
<format>text/x-wiki</format>
<text bytes="191" xml:space="preserve">={{pt}}=
==Forma verbal==
'''quadrarás'''
#[[segunda pessoa]] do [[singular]] do [[futuro do presente]] do verbo '''[[quadrar]]'''

[[Categoria:Forma verbal (Português)]]

[[no:quadrarás]]</text>
<sha1>odtavi9lap73reddr3ct0dfrenjc7b3</sha1>
</revision>
<revision>
<id>1167992</id>
<parentid>755210</parentid>
<timestamp>2011-07-06T12:11:11Z</timestamp>
<contributor>
<username>MalafayaBot</username>
<id>628</id>
</contributor>
<minor />
<comment>Robô: Substituição de texto automática (-^\=\s?Português\s?\= +={{-pt-}}= &amp; -^\=\s?\{\{pt\}\}\s?\= +={{-pt-}}=)</comment>
<model>wikitext</model>
<format>text/x-wiki</format>
<text bytes="193" xml:space="preserve">={{-pt-}}=
==Forma verbal==
'''quadrarás'''
#[[segunda pessoa]] do [[singular]] do [[futuro do presente]] do verbo '''[[quadrar]]'''

[[Categoria:Forma verbal (Português)]]

[[no:quadrarás]]</text>
<sha1>2pmpfqikogmjxicbe8s2dx8ufrh37ag</sha1>
</revision>
<revision>
<id>2396614</id>
<parentid>1167992</parentid>
<timestamp>2017-05-13T10:55:28Z</timestamp>
<contributor>
<username>HydrizBot</username>
<id>29590</id>
</contributor>
<minor />
<comment>Robô: A limpar links interwikis antigos</comment>
<model>wikitext</model>
<format>text/x-wiki</format>
<text bytes="174" xml:space="preserve">={{-pt-}}=
==Forma verbal==
'''quadrarás'''
#[[segunda pessoa]] do [[singular]] do [[futuro do presente]] do verbo '''[[quadrar]]'''

[[Categoria:Forma verbal (Português)]]</text>
<sha1>93fe1w0s5t4wdeqgzygfww5f4dy8xiu</sha1>
</revision>
</page>
