<title>quadrúmanos</title>
<ns>0</ns>
<id>342594</id>
<revision>
<id>1973564</id>
<timestamp>2015-07-28T11:36:35Z</timestamp>
<contributor>
<username>MIL973</username>
<id>41339</id>
</contributor>
<comment>[[Ajuda:Guia de edição/Menus e ferramentas/Sumário de edição|→]] nova página: ={{-pt-}}= ==Forma de adjetivo== {{proparoxítona|qua|drú|ma|nos}}, {{m}} # plural de [[quadrúmano]]  ==For...</comment>
<model>wikitext</model>
<format>text/x-wiki</format>
<text bytes="227" xml:space="preserve">={{-pt-}}=
==Forma de adjetivo==
{{proparoxítona|qua|drú|ma|nos}}, {{m}}
# plural de [[quadrúmano]]

==Forma de substantivo==
{{proparoxítona|qua|drú|ma|nos}}, {{m}}
# plural de [[quadrúmano]]

{{avi-for-fle|quadrúmano}}</text>
<sha1>gv3fhoccog91fvwu5ulshib70788a79</sha1>
</revision>
<revision>
<id>1973565</id>
<parentid>1973564</parentid>
<timestamp>2015-07-28T11:36:45Z</timestamp>
<contributor>
<username>MIL973</username>
<id>41339</id>
</contributor>
<minor />
<comment>adicionou [[Categoria:Forma de adjetivo (Português)]] usando [[Wikcionário:HotCat|HotCat]]</comment>
<model>wikitext</model>
<format>text/x-wiki</format>
<text bytes="273" xml:space="preserve">={{-pt-}}=
==Forma de adjetivo==
{{proparoxítona|qua|drú|ma|nos}}, {{m}}
# plural de [[quadrúmano]]

==Forma de substantivo==
{{proparoxítona|qua|drú|ma|nos}}, {{m}}
# plural de [[quadrúmano]]

{{avi-for-fle|quadrúmano}}

[[Categoria:Forma de adjetivo (Português)]]</text>
<sha1>sv6rs4zqq3oryhdxmydweraxmpzcodn</sha1>
</revision>
<revision>
<id>1973566</id>
<parentid>1973565</parentid>
<timestamp>2015-07-28T11:37:07Z</timestamp>
<contributor>
<username>MIL973</username>
<id>41339</id>
</contributor>
<minor />
<comment>adicionou [[Categoria:Forma de substantivo (Português)]] usando [[Wikcionário:HotCat|HotCat]]</comment>
<model>wikitext</model>
<format>text/x-wiki</format>
<text bytes="321" xml:space="preserve">={{-pt-}}=
==Forma de adjetivo==
{{proparoxítona|qua|drú|ma|nos}}, {{m}}
# plural de [[quadrúmano]]

==Forma de substantivo==
{{proparoxítona|qua|drú|ma|nos}}, {{m}}
# plural de [[quadrúmano]]

{{avi-for-fle|quadrúmano}}

[[Categoria:Forma de adjetivo (Português)]]
[[Categoria:Forma de substantivo (Português)]]</text>
<sha1>r6z87068m7wtnc9h5d8w67jkm9qakya</sha1>
</revision>
</page>
