<title>quadrei</title>
<ns>0</ns>
<id>171437</id>
<revision>
<id>705403</id>
<timestamp>2010-01-21T23:05:26Z</timestamp>
<contributor>
<username>Jesielt-bot</username>
<id>10876</id>
</contributor>
<comment>Artigo criado por bot</comment>
<model>wikitext</model>
<format>text/x-wiki</format>
<text bytes="193" xml:space="preserve">={{pt}}=
==Forma verbal==
'''quadrei'''
#[[primeira pessoa]] do [[singular]] do [[pretérito perfeito]] do [[modo indicativo]] do verbo '''[[quadrar]]'''
[[Categoria:Forma verbal (Português)]]</text>
<sha1>plo0lp0mnv60xjclsnfdrc5repes3ld</sha1>
</revision>
<revision>
<id>730598</id>
<parentid>705403</parentid>
<timestamp>2010-01-29T13:29:54Z</timestamp>
<contributor>
<username>Interwicket</username>
<id>6868</id>
</contributor>
<minor />
<comment>iwiki +[[:no:quadrei]]</comment>
<model>wikitext</model>
<format>text/x-wiki</format>
<text bytes="209" xml:space="preserve">={{pt}}=
==Forma verbal==
'''quadrei'''
#[[primeira pessoa]] do [[singular]] do [[pretérito perfeito]] do [[modo indicativo]] do verbo '''[[quadrar]]'''
[[Categoria:Forma verbal (Português)]]

[[no:quadrei]]</text>
<sha1>fq7an53q42ne1dmz6pfl3g3br2t7mvq</sha1>
</revision>
<revision>
<id>782491</id>
<parentid>730598</parentid>
<timestamp>2010-02-15T19:56:19Z</timestamp>
<contributor>
<username>Interwicket</username>
<id>6868</id>
</contributor>
<minor />
<comment>iwiki +[[:it:quadrei]]</comment>
<model>wikitext</model>
<format>text/x-wiki</format>
<text bytes="224" xml:space="preserve">={{pt}}=
==Forma verbal==
'''quadrei'''
#[[primeira pessoa]] do [[singular]] do [[pretérito perfeito]] do [[modo indicativo]] do verbo '''[[quadrar]]'''
[[Categoria:Forma verbal (Português)]]

[[it:quadrei]]
[[no:quadrei]]</text>
<sha1>8s5i0ifxprgf541fh2tipq3ctp8a5gi</sha1>
</revision>
<revision>
<id>1168006</id>
<parentid>782491</parentid>
<timestamp>2011-07-06T12:11:25Z</timestamp>
<contributor>
<username>MalafayaBot</username>
<id>628</id>
</contributor>
<minor />
<comment>Robô: Substituição de texto automática (-^\=\s?Português\s?\= +={{-pt-}}= &amp; -^\=\s?\{\{pt\}\}\s?\= +={{-pt-}}=)</comment>
<model>wikitext</model>
<format>text/x-wiki</format>
<text bytes="226" xml:space="preserve">={{-pt-}}=
==Forma verbal==
'''quadrei'''
#[[primeira pessoa]] do [[singular]] do [[pretérito perfeito]] do [[modo indicativo]] do verbo '''[[quadrar]]'''
[[Categoria:Forma verbal (Português)]]

[[it:quadrei]]
[[no:quadrei]]</text>
<sha1>9v0coconw33ub5j08mc52ojr468h98i</sha1>
</revision>
<revision>
<id>2396631</id>
<parentid>1168006</parentid>
<timestamp>2017-05-13T10:56:02Z</timestamp>
<contributor>
<username>HydrizBot</username>
<id>29590</id>
</contributor>
<minor />
<comment>Robô: A limpar links interwikis antigos</comment>
<model>wikitext</model>
<format>text/x-wiki</format>
<text bytes="195" xml:space="preserve">={{-pt-}}=
==Forma verbal==
'''quadrei'''
#[[primeira pessoa]] do [[singular]] do [[pretérito perfeito]] do [[modo indicativo]] do verbo '''[[quadrar]]'''
[[Categoria:Forma verbal (Português)]]</text>
<sha1>2vj9zlx0d5jc97yicluw94o0ede3hkv</sha1>
</revision>
</page>
