<title>quadrastes</title>
<ns>0</ns>
<id>175510</id>
<revision>
<id>710178</id>
<timestamp>2010-01-23T20:38:46Z</timestamp>
<contributor>
<username>Jesielt-bot</username>
<id>10876</id>
</contributor>
<comment>Verbete criado por bot.</comment>
<model>wikitext</model>
<format>text/x-wiki</format>
<text bytes="192" xml:space="preserve">={{pt}}=
==Forma verbal==
'''quadrastes'''
#[[sgunta pessoa]] do [[plural]] do [[pretérito perfeito]] do [[modo indicativo]] do verbo '''[[quadrar]]'''
[[Categoria:Forma verbal (Português)]]</text>
<sha1>1wxsmso86vice9e3bpcgej9gtv6ewks</sha1>
</revision>
<revision>
<id>711502</id>
<parentid>710178</parentid>
<timestamp>2010-01-24T00:46:17Z</timestamp>
<contributor>
<username>Jesielt-bot</username>
<id>10876</id>
</contributor>
<comment>/* Forma verbal */replaced: sgunta pessoa → segunda pessoa utilizando [[Project:AWB|AWB]]</comment>
<model>wikitext</model>
<format>text/x-wiki</format>
<text bytes="193" xml:space="preserve">={{pt}}=
==Forma verbal==
'''quadrastes'''
#[[segunda pessoa]] do [[plural]] do [[pretérito perfeito]] do [[modo indicativo]] do verbo '''[[quadrar]]'''
[[Categoria:Forma verbal (Português)]]</text>
<sha1>l2470ap8hpz0k7msu92ruslka1y89cz</sha1>
</revision>
<revision>
<id>756484</id>
<parentid>711502</parentid>
<timestamp>2010-02-07T13:30:05Z</timestamp>
<contributor>
<username>Interwicket</username>
<id>6868</id>
</contributor>
<minor />
<comment>iwiki +[[:no:quadrastes]]</comment>
<model>wikitext</model>
<format>text/x-wiki</format>
<text bytes="212" xml:space="preserve">={{pt}}=
==Forma verbal==
'''quadrastes'''
#[[segunda pessoa]] do [[plural]] do [[pretérito perfeito]] do [[modo indicativo]] do verbo '''[[quadrar]]'''
[[Categoria:Forma verbal (Português)]]

[[no:quadrastes]]</text>
<sha1>f4agcizm9clpfb6re6316shjn0ztqjt</sha1>
</revision>
<revision>
<id>1168001</id>
<parentid>756484</parentid>
<timestamp>2011-07-06T12:11:20Z</timestamp>
<contributor>
<username>MalafayaBot</username>
<id>628</id>
</contributor>
<minor />
<comment>Robô: Substituição de texto automática (-^\=\s?Português\s?\= +={{-pt-}}= &amp; -^\=\s?\{\{pt\}\}\s?\= +={{-pt-}}=)</comment>
<model>wikitext</model>
<format>text/x-wiki</format>
<text bytes="214" xml:space="preserve">={{-pt-}}=
==Forma verbal==
'''quadrastes'''
#[[segunda pessoa]] do [[plural]] do [[pretérito perfeito]] do [[modo indicativo]] do verbo '''[[quadrar]]'''
[[Categoria:Forma verbal (Português)]]

[[no:quadrastes]]</text>
<sha1>4m2okgys6kapeb3tkhkhb3ze9yf0nui</sha1>
</revision>
<revision>
<id>2396623</id>
<parentid>1168001</parentid>
<timestamp>2017-05-13T10:55:45Z</timestamp>
<contributor>
<username>HydrizBot</username>
<id>29590</id>
</contributor>
<minor />
<comment>Robô: A limpar links interwikis antigos</comment>
<model>wikitext</model>
<format>text/x-wiki</format>
<text bytes="195" xml:space="preserve">={{-pt-}}=
==Forma verbal==
'''quadrastes'''
#[[segunda pessoa]] do [[plural]] do [[pretérito perfeito]] do [[modo indicativo]] do verbo '''[[quadrar]]'''
[[Categoria:Forma verbal (Português)]]</text>
<sha1>0avoe3vxlyvtiwp450s1irx7165iwq2</sha1>
</revision>
</page>
