<title>quadráreis</title>
<ns>0</ns>
<id>183019</id>
<revision>
<id>732028</id>
<timestamp>2010-01-29T15:04:05Z</timestamp>
<contributor>
<username>Jesielt-bot</username>
<id>10876</id>
</contributor>
<comment>Verbete criado por bot.</comment>
<model>wikitext</model>
<format>text/x-wiki</format>
<text bytes="181" xml:space="preserve">={{pt}}=
==Forma verbal==
'''quadráreis'''
#[[segunda pessoa]] do [[plural]] do [[pretérito mais-que-perfeito]] do verbo '''[[quadrar]]'''

[[Categoria:Forma verbal (Português)]]</text>
<sha1>tcvlffyp2617piy7wbezdnc7gfguqy0</sha1>
</revision>
<revision>
<id>751385</id>
<parentid>732028</parentid>
<timestamp>2010-02-06T09:14:52Z</timestamp>
<contributor>
<username>Interwicket</username>
<id>6868</id>
</contributor>
<minor />
<comment>iwiki +[[:no:quadráreis]]</comment>
<model>wikitext</model>
<format>text/x-wiki</format>
<text bytes="201" xml:space="preserve">={{pt}}=
==Forma verbal==
'''quadráreis'''
#[[segunda pessoa]] do [[plural]] do [[pretérito mais-que-perfeito]] do verbo '''[[quadrar]]'''

[[Categoria:Forma verbal (Português)]]

[[no:quadráreis]]</text>
<sha1>0tudngp0dkukqyf9y2ifmwyvmh5bnza</sha1>
</revision>
<revision>
<id>1168062</id>
<parentid>751385</parentid>
<timestamp>2011-07-06T12:12:22Z</timestamp>
<contributor>
<username>MalafayaBot</username>
<id>628</id>
</contributor>
<minor />
<comment>Robô: Substituição de texto automática (-^\=\s?Português\s?\= +={{-pt-}}= &amp; -^\=\s?\{\{pt\}\}\s?\= +={{-pt-}}=)</comment>
<model>wikitext</model>
<format>text/x-wiki</format>
<text bytes="203" xml:space="preserve">={{-pt-}}=
==Forma verbal==
'''quadráreis'''
#[[segunda pessoa]] do [[plural]] do [[pretérito mais-que-perfeito]] do verbo '''[[quadrar]]'''

[[Categoria:Forma verbal (Português)]]

[[no:quadráreis]]</text>
<sha1>5zowvueggk9u6fqdjgcaoj00jdnrbvo</sha1>
</revision>
<revision>
<id>2396719</id>
<parentid>1168062</parentid>
<timestamp>2017-05-13T10:58:55Z</timestamp>
<contributor>
<username>HydrizBot</username>
<id>29590</id>
</contributor>
<minor />
<comment>Robô: A limpar links interwikis antigos</comment>
<model>wikitext</model>
<format>text/x-wiki</format>
<text bytes="183" xml:space="preserve">={{-pt-}}=
==Forma verbal==
'''quadráreis'''
#[[segunda pessoa]] do [[plural]] do [[pretérito mais-que-perfeito]] do verbo '''[[quadrar]]'''

[[Categoria:Forma verbal (Português)]]</text>
<sha1>8cdw3rfxm2a3lolrpstjyquu21xsy2t</sha1>
</revision>
</page>
