<title>quadrângulo</title>
<ns>0</ns>
<id>322226</id>
<revision>
<id>1811785</id>
<timestamp>2014-02-20T10:50:37Z</timestamp>
<contributor>
<username>ValJor</username>
<id>1358</id>
</contributor>
<comment>Por um [[Especial:Lonelypages|wikcionário sem órfãos]]: [[quadrângulos]]</comment>
<model>wikitext</model>
<format>text/x-wiki</format>
<text bytes="375" xml:space="preserve">={{-pt-}}=
==Substantivo==
{{flex.pt|ms=quadrângulo|mp=quadrângulos}}
{{proparoxítona|qua|drân|gu|lo}}
# [[quadrilátero]]; aquilo que é [[quadrangular]]

===Verbetes derivados===
* [[quadrangular]]

=={{etimologia|pt}}==
: {{escopo|Morfologia}} [[quadri-]] + [[ângulo]].

[[Categoria:Substantivo (Português)]]
[[Categoria:Geometria (Português)]]

[[zh:quadrângulo]]</text>
<sha1>2yf7rexl05aurkut0104a2mcag8ptzb</sha1>
</revision>
<revision>
<id>1995172</id>
<parentid>1811785</parentid>
<timestamp>2015-09-03T04:49:33Z</timestamp>
<contributor>
<username>HydrizBot</username>
<id>29590</id>
</contributor>
<minor />
<comment>Robô: A adicionar: [[en:quadrângulo]]</comment>
<model>wikitext</model>
<format>text/x-wiki</format>
<text bytes="395" xml:space="preserve">={{-pt-}}=
==Substantivo==
{{flex.pt|ms=quadrângulo|mp=quadrângulos}}
{{proparoxítona|qua|drân|gu|lo}}
# [[quadrilátero]]; aquilo que é [[quadrangular]]

===Verbetes derivados===
* [[quadrangular]]

=={{etimologia|pt}}==
: {{escopo|Morfologia}} [[quadri-]] + [[ângulo]].

[[Categoria:Substantivo (Português)]]
[[Categoria:Geometria (Português)]]

[[en:quadrângulo]]
[[zh:quadrângulo]]</text>
<sha1>nq0b3u19hecjrd9fcvp9zanh2wk34qu</sha1>
</revision>
<revision>
<id>2396726</id>
<parentid>1995172</parentid>
<timestamp>2017-05-13T10:59:07Z</timestamp>
<contributor>
<username>HydrizBot</username>
<id>29590</id>
</contributor>
<minor />
<comment>Robô: A limpar links interwikis antigos</comment>
<model>wikitext</model>
<format>text/x-wiki</format>
<text bytes="354" xml:space="preserve">={{-pt-}}=
==Substantivo==
{{flex.pt|ms=quadrângulo|mp=quadrângulos}}
{{proparoxítona|qua|drân|gu|lo}}
# [[quadrilátero]]; aquilo que é [[quadrangular]]

===Verbetes derivados===
* [[quadrangular]]

=={{etimologia|pt}}==
: {{escopo|Morfologia}} [[quadri-]] + [[ângulo]].

[[Categoria:Substantivo (Português)]]
[[Categoria:Geometria (Português)]]</text>
<sha1>1qf1eco345viko8hxtepxp1dqzbz1c1</sha1>
</revision>
</page>
