<title>quadringenti</title>
<ns>0</ns>
<id>2965</id>
<revision>
<id>7461</id>
<timestamp>2005-02-13T18:35:27Z</timestamp>
<contributor>
<username>Eusbarbosa</username>
<id>117</id>
</contributor>
<model>wikitext</model>
<format>text/x-wiki</format>
<text bytes="431" xml:space="preserve">==Latim==

=== Numeral ===
'''qua.drin.gen.ti''' ''numeral cardinal'' ''masculino''
:(feminino: ''quadringentae'') (neutro: ''quadringenta'')
:*O número ''[[quatrocentos]]''  (400). Representado também pelos algarimos romanos '''CD'''.


=== Ordinal equivalente ===

:* [[quadringentesimus]]

=== Outros verbetes ===

[[trecenti]], [[quadringenti]]
[[la:quadringenti]]

[[Categoria:Numeral (Latim)|# 000400]][[Categoria:Latim]]</text>
<sha1>rl3pi5kc0t0fabku0oetjtcspfs7gvb</sha1>
</revision>
<revision>
<id>8071</id>
<parentid>7461</parentid>
<timestamp>2005-02-14T18:42:43Z</timestamp>
<contributor>
<username>Eusbarbosa</username>
<id>117</id>
</contributor>
<minor />
<model>wikitext</model>
<format>text/x-wiki</format>
<text bytes="428" xml:space="preserve">==Latim==

=== Numeral ===
'''qua.drin.gen.ti''' ''numeral cardinal'' ''masculino''
:(feminino: ''quadringentae'') (neutro: ''quadringenta'')
:*O número ''[[quatrocentos]]''  (400). Representado também pelos algarimos romanos '''CD'''.


=== Ordinal equivalente ===

:* [[quadringentesimus]]

=== Outros verbetes ===

[[trecenti]], [[quingenti]]
[[la:quadringenti]]

[[Categoria:Numeral (Latim)|# 000400]][[Categoria:Latim]]</text>
<sha1>gpcj0pifvpu63dy9oyuew556pex53xg</sha1>
</revision>
<revision>
<id>21866</id>
<parentid>8071</parentid>
<timestamp>2005-02-16T09:46:29Z</timestamp>
<contributor>
<username>E2mb0t~ptwiktionary</username>
<id>192</id>
</contributor>
<minor />
<comment>robot  Adicionando:nl Removendo:la</comment>
<model>wikitext</model>
<format>text/x-wiki</format>
<text bytes="428" xml:space="preserve">==Latim==

=== Numeral ===
'''qua.drin.gen.ti''' ''numeral cardinal'' ''masculino''
:(feminino: ''quadringentae'') (neutro: ''quadringenta'')
:*O número ''[[quatrocentos]]''  (400). Representado também pelos algarimos romanos '''CD'''.


=== Ordinal equivalente ===

:* [[quadringentesimus]]

=== Outros verbetes ===

[[trecenti]], [[quingenti]]
[[Categoria:Numeral (Latim)|# 000400]][[Categoria:Latim]]

[[nl:quadringenti]]</text>
<sha1>l1e6vczwfbcwn4j09gdhrwlz2bjujpo</sha1>
</revision>
<revision>
<id>89178</id>
<parentid>21866</parentid>
<timestamp>2006-02-23T00:55:07Z</timestamp>
<contributor>
<username>Conversion script</username>
<id>0</id>
</contributor>
<minor />
<comment>[[Quadringenti]] movido para [[quadringenti]]: Converting page titles to lowercase</comment>
<model>wikitext</model>
<format>text/x-wiki</format>
<text bytes="428" xml:space="preserve">==Latim==

=== Numeral ===
'''qua.drin.gen.ti''' ''numeral cardinal'' ''masculino''
:(feminino: ''quadringentae'') (neutro: ''quadringenta'')
:*O número ''[[quatrocentos]]''  (400). Representado também pelos algarimos romanos '''CD'''.


=== Ordinal equivalente ===

:* [[quadringentesimus]]

=== Outros verbetes ===

[[trecenti]], [[quingenti]]
[[Categoria:Numeral (Latim)|# 000400]][[Categoria:Latim]]

[[nl:quadringenti]]</text>
<sha1>l1e6vczwfbcwn4j09gdhrwlz2bjujpo</sha1>
</revision>
<revision>
<id>139233</id>
<parentid>89178</parentid>
<timestamp>2006-07-11T07:05:58Z</timestamp>
<contributor>
<username>RobotGMwikt</username>
<id>407</id>
</contributor>
<minor />
<comment>Bot:  Adicionando: ko</comment>
<model>wikitext</model>
<format>text/x-wiki</format>
<text bytes="448" xml:space="preserve">==Latim==

=== Numeral ===
'''qua.drin.gen.ti''' ''numeral cardinal'' ''masculino''
:(feminino: ''quadringentae'') (neutro: ''quadringenta'')
:*O número ''[[quatrocentos]]''  (400). Representado também pelos algarimos romanos '''CD'''.


=== Ordinal equivalente ===

:* [[quadringentesimus]]

=== Outros verbetes ===

[[trecenti]], [[quingenti]]
[[Categoria:Numeral (Latim)|# 000400]][[Categoria:Latim]]

[[ko:quadringenti]]
[[nl:quadringenti]]</text>
<sha1>2totpsf67vsxsc8sww16z4m6sfoywao</sha1>
</revision>
<revision>
<id>290574</id>
<parentid>139233</parentid>
<timestamp>2007-08-12T22:56:57Z</timestamp>
<contributor>
<username>VolkovBot</username>
<id>2944</id>
</contributor>
<minor />
<comment>Bot:  Adicionando: [[ru:quadringenti]]</comment>
<model>wikitext</model>
<format>text/x-wiki</format>
<text bytes="468" xml:space="preserve">==Latim==

=== Numeral ===
'''qua.drin.gen.ti''' ''numeral cardinal'' ''masculino''
:(feminino: ''quadringentae'') (neutro: ''quadringenta'')
:*O número ''[[quatrocentos]]''  (400). Representado também pelos algarimos romanos '''CD'''.


=== Ordinal equivalente ===

:* [[quadringentesimus]]

=== Outros verbetes ===

[[trecenti]], [[quingenti]]
[[Categoria:Numeral (Latim)|# 000400]][[Categoria:Latim]]

[[ko:quadringenti]]
[[nl:quadringenti]]
[[ru:quadringenti]]</text>
<sha1>ecdjd5eg6dwlr0yu9amv0y1gyi6d832</sha1>
</revision>
<revision>
<id>434260</id>
<parentid>290574</parentid>
<timestamp>2009-03-13T11:10:34Z</timestamp>
<contributor>
<username>Interwicket</username>
<id>6868</id>
</contributor>
<minor />
<comment>iwiki +[[:en:quadringenti]], [[:la:quadringenti]], [[:uk:quadringenti]]</comment>
<model>wikitext</model>
<format>text/x-wiki</format>
<text bytes="528" xml:space="preserve">==Latim==

=== Numeral ===
'''qua.drin.gen.ti''' ''numeral cardinal'' ''masculino''
:(feminino: ''quadringentae'') (neutro: ''quadringenta'')
:*O número ''[[quatrocentos]]''  (400). Representado também pelos algarimos romanos '''CD'''.


=== Ordinal equivalente ===

:* [[quadringentesimus]]

=== Outros verbetes ===

[[trecenti]], [[quingenti]]
[[Categoria:Numeral (Latim)|# 000400]][[Categoria:Latim]]

[[en:quadringenti]]
[[ko:quadringenti]]
[[la:quadringenti]]
[[nl:quadringenti]]
[[ru:quadringenti]]
[[uk:quadringenti]]</text>
<sha1>f7gvc7b0gsiwducnr68xp8shmu0zbgp</sha1>
</revision>
<revision>
<id>511810</id>
<parentid>434260</parentid>
<timestamp>2009-08-15T19:21:39Z</timestamp>
<contributor>
<username>Cadum-Bot</username>
<id>8150</id>
</contributor>
<minor />
<comment>Idioma...</comment>
<model>wikitext</model>
<format>text/x-wiki</format>
<text bytes="505" xml:space="preserve">=Latim=

== Numeral ==
'''qua.drin.gen.ti''' ''numeral cardinal'' ''masculino''
:(feminino: ''quadringentae'') (neutro: ''quadringenta'')
:*O número ''[[quatrocentos]]''  (400). Representado também pelos algarimos romanos '''CD'''.


=== Ordinal equivalente ===

:* [[quadringentesimus]]

=== Outros verbetes ===

[[trecenti]], [[quingenti]]
[[Categoria:Numeral (Latim)|# 000400]]

[[en:quadringenti]]
[[ko:quadringenti]]
[[la:quadringenti]]
[[nl:quadringenti]]
[[ru:quadringenti]]
[[uk:quadringenti]]</text>
<sha1>e6nl8odz83qufft362ixk5w4n84f5qj</sha1>
</revision>
<revision>
<id>1316530</id>
<parentid>511810</parentid>
<timestamp>2011-12-02T13:59:18Z</timestamp>
<contributor>
<username>MalafayaBot</username>
<id>628</id>
</contributor>
<minor />
<comment>Robô: Substituição de texto automática (-^\=(\s*?)(\{\{la\}\}|Latim)(\s*?)\= +={{-la-}}=)</comment>
<model>wikitext</model>
<format>text/x-wiki</format>
<text bytes="508" xml:space="preserve">={{-la-}}=

== Numeral ==
'''qua.drin.gen.ti''' ''numeral cardinal'' ''masculino''
:(feminino: ''quadringentae'') (neutro: ''quadringenta'')
:*O número ''[[quatrocentos]]''  (400). Representado também pelos algarimos romanos '''CD'''.


=== Ordinal equivalente ===

:* [[quadringentesimus]]

=== Outros verbetes ===

[[trecenti]], [[quingenti]]
[[Categoria:Numeral (Latim)|# 000400]]

[[en:quadringenti]]
[[ko:quadringenti]]
[[la:quadringenti]]
[[nl:quadringenti]]
[[ru:quadringenti]]
[[uk:quadringenti]]</text>
<sha1>n0p861p6tf2101r55ir781c1olvghx4</sha1>
</revision>
<revision>
<id>1663372</id>
<parentid>1316530</parentid>
<timestamp>2013-03-02T12:06:05Z</timestamp>
<contributor>
<username>KamikazeBot</username>
<id>23176</id>
</contributor>
<minor />
<comment>r2.7.3) (Robô: A adicionar: [[es:quadringenti]]</comment>
<model>wikitext</model>
<format>text/x-wiki</format>
<text bytes="528" xml:space="preserve">={{-la-}}=

== Numeral ==
'''qua.drin.gen.ti''' ''numeral cardinal'' ''masculino''
:(feminino: ''quadringentae'') (neutro: ''quadringenta'')
:*O número ''[[quatrocentos]]''  (400). Representado também pelos algarimos romanos '''CD'''.


=== Ordinal equivalente ===

:* [[quadringentesimus]]

=== Outros verbetes ===

[[trecenti]], [[quingenti]]
[[Categoria:Numeral (Latim)|# 000400]]

[[en:quadringenti]]
[[es:quadringenti]]
[[ko:quadringenti]]
[[la:quadringenti]]
[[nl:quadringenti]]
[[ru:quadringenti]]
[[uk:quadringenti]]</text>
<sha1>ditozyebo5amx42gz6m66t8qptif5qk</sha1>
</revision>
<revision>
<id>1929235</id>
<parentid>1663372</parentid>
<timestamp>2015-05-10T14:39:35Z</timestamp>
<contributor>
<username>YS-Bot</username>
<id>32241</id>
</contributor>
<minor />
<comment>r2.7.3) (Robô: A adicionar: [[ja:quadringenti]]</comment>
<model>wikitext</model>
<format>text/x-wiki</format>
<text bytes="548" xml:space="preserve">={{-la-}}=

== Numeral ==
'''qua.drin.gen.ti''' ''numeral cardinal'' ''masculino''
:(feminino: ''quadringentae'') (neutro: ''quadringenta'')
:*O número ''[[quatrocentos]]''  (400). Representado também pelos algarimos romanos '''CD'''.


=== Ordinal equivalente ===

:* [[quadringentesimus]]

=== Outros verbetes ===

[[trecenti]], [[quingenti]]
[[Categoria:Numeral (Latim)|# 000400]]

[[en:quadringenti]]
[[es:quadringenti]]
[[ja:quadringenti]]
[[ko:quadringenti]]
[[la:quadringenti]]
[[nl:quadringenti]]
[[ru:quadringenti]]
[[uk:quadringenti]]</text>
<sha1>8lag5aw5zuwkzz90nq4o6spr2tomh18</sha1>
</revision>
<revision>
<id>2022340</id>
<parentid>1929235</parentid>
<timestamp>2015-10-24T10:52:38Z</timestamp>
<contributor>
<username>HydrizBot</username>
<id>29590</id>
</contributor>
<minor />
<comment>Robô: A adicionar: [[fr:quadringenti]]</comment>
<model>wikitext</model>
<format>text/x-wiki</format>
<text bytes="568" xml:space="preserve">={{-la-}}=

== Numeral ==
'''qua.drin.gen.ti''' ''numeral cardinal'' ''masculino''
:(feminino: ''quadringentae'') (neutro: ''quadringenta'')
:*O número ''[[quatrocentos]]''  (400). Representado também pelos algarimos romanos '''CD'''.


=== Ordinal equivalente ===

:* [[quadringentesimus]]

=== Outros verbetes ===

[[trecenti]], [[quingenti]]
[[Categoria:Numeral (Latim)|# 000400]]

[[en:quadringenti]]
[[es:quadringenti]]
[[fr:quadringenti]]
[[ja:quadringenti]]
[[ko:quadringenti]]
[[la:quadringenti]]
[[nl:quadringenti]]
[[ru:quadringenti]]
[[uk:quadringenti]]</text>
<sha1>ejanta4hvk6oju4sbkfgghczp49y0ei</sha1>
</revision>
<revision>
<id>2134271</id>
<parentid>2022340</parentid>
<timestamp>2016-06-09T22:13:20Z</timestamp>
<contributor>
<username>UT-interwiki-Bot</username>
<id>56129</id>
</contributor>
<minor />
<comment>Robô: A adicionar: [[pl:quadringenti]]</comment>
<model>wikitext</model>
<format>text/x-wiki</format>
<text bytes="588" xml:space="preserve">={{-la-}}=

== Numeral ==
'''qua.drin.gen.ti''' ''numeral cardinal'' ''masculino''
:(feminino: ''quadringentae'') (neutro: ''quadringenta'')
:*O número ''[[quatrocentos]]''  (400). Representado também pelos algarimos romanos '''CD'''.


=== Ordinal equivalente ===

:* [[quadringentesimus]]

=== Outros verbetes ===

[[trecenti]], [[quingenti]]
[[Categoria:Numeral (Latim)|# 000400]]

[[en:quadringenti]]
[[es:quadringenti]]
[[fr:quadringenti]]
[[ja:quadringenti]]
[[ko:quadringenti]]
[[la:quadringenti]]
[[nl:quadringenti]]
[[pl:quadringenti]]
[[ru:quadringenti]]
[[uk:quadringenti]]</text>
<sha1>5xv37cmnme1a360lkvmvedkdpedjnfh</sha1>
</revision>
<revision>
<id>2396700</id>
<parentid>2134271</parentid>
<timestamp>2017-05-13T10:58:18Z</timestamp>
<contributor>
<username>HydrizBot</username>
<id>29590</id>
</contributor>
<minor />
<comment>Robô: A limpar links interwikis antigos</comment>
<model>wikitext</model>
<format>text/x-wiki</format>
<text bytes="387" xml:space="preserve">={{-la-}}=

== Numeral ==
'''qua.drin.gen.ti''' ''numeral cardinal'' ''masculino''
:(feminino: ''quadringentae'') (neutro: ''quadringenta'')
:*O número ''[[quatrocentos]]''  (400). Representado também pelos algarimos romanos '''CD'''.


=== Ordinal equivalente ===

:* [[quadringentesimus]]

=== Outros verbetes ===

[[trecenti]], [[quingenti]]
[[Categoria:Numeral (Latim)|# 000400]]</text>
<sha1>lb633hx28cat76cn8cnxj1av15ij4ez</sha1>
</revision>
</page>
