<title>quadragenário</title>
<ns>0</ns>
<id>329993</id>
<revision>
<id>1853266</id>
<timestamp>2014-08-30T16:08:40Z</timestamp>
<contributor>
<username>Leonardo José Raimundo</username>
<id>43489</id>
</contributor>
<comment>Eu estou criando a palavra &quot;quadragenário&quot;.</comment>
<model>wikitext</model>
<format>text/x-wiki</format>
<text bytes="754" xml:space="preserve">={{-pt-}}=
==Adjetivo==
{{flex.pt|ms=quadragenário|mp=quadragenários|fs=quadragenária|fp=quadragenárias}}
{{paroxítona|qua|dra|ge|ná|ri:o}}
#que tem quarenta anos, quarentão.

==Substantivo==
{{paroxítona|qua|dra|ge|ná|ri:o}}
#aniversário de quarenta anos.
#pessoa que tem quarenta anos.

==Ver também==
*[[vigenário]]
*[[trigenário]]
*[[quinquagenário]]
*[[sexagenário]]
*[[septuagenário]]
*[[octogenário]]
*[[nonagenário]]
*[[centenário]]
*[[ducentenário]]
*[[tricentenário]]
*[[quadringentenário]]
*[[quingentenário]]
*[[sexcentenário]]
*[[setingentenário]]
*[[octingentenário]]
*[[noningentenário]]
*[[milenário]]

[[Categoria:Adjetivo (Português)]]
[[Categoria:Substantivo (Português)]]
[[Categoria:Tempo (Português)]]</text>
<sha1>3rdt968ysajotgya7898wiva3vxwjpl</sha1>
</revision>
<revision>
<id>1999956</id>
<parentid>1853266</parentid>
<timestamp>2015-09-10T13:34:00Z</timestamp>
<contributor>
<username>Leonardo José Raimundo</username>
<id>43489</id>
</contributor>
<comment>Eu estou colocando os blocos {{verTambém.Ini}}, {{verTambém.NovaColuna}} e {{verTambém.Fim}}.</comment>
<model>wikitext</model>
<format>text/x-wiki</format>
<text bytes="891" xml:space="preserve">={{-pt-}}=
==Adjetivo==
{{flex.pt|ms=quadragenário|mp=quadragenários|fs=quadragenária|fp=quadragenárias}}
{{proparoxítona aparente|qua|dra|ge|ná|ri|o}}
# que tem quarenta anos, quarentão

==Substantivo==
{{proparoxítona aparente|qua|dra|ge|ná|ri|o}}
# aniversário de quarenta anos
# pessoa que tem quarenta anos

==Ver também==
{{verTambém.Ini}}
*[[vigenário]]
*[[trigenário]]
*[[quinquagenário]]
*[[sexagenário]]
*[[septuagenário]]
*[[octogenário]]
{{verTambém.NovaColuna}}
*[[nonagenário]]
*[[centenário]]
*[[sesquicentenário]]
*[[ducentenário]]
*[[tricentenário]]
*[[quadringentenário]]
{{verTambém.NovaColuna}}
*[[quingentenário]]
*[[sexcentenário]]
*[[setingentenário]]
*[[octingentenário]]
*[[noningentenário]]
*[[milenário]]
{{verTambém.Fim}}

[[Categoria:Adjetivo (Português)]]
[[Categoria:Substantivo (Português)]]
[[Categoria:Tempo (Português)]]</text>
<sha1>k3n5vj1125yogns4l0wo5nnkf40bmm3</sha1>
</revision>
<revision>
<id>2061635</id>
<parentid>1999956</parentid>
<timestamp>2016-02-07T22:36:32Z</timestamp>
<contributor>
<username>ValJor</username>
<id>1358</id>
</contributor>
<comment>Melhorando a apresentação do verbete</comment>
<model>wikitext</model>
<format>text/x-wiki</format>
<text bytes="943" xml:space="preserve">={{-pt-}}=
==Adjetivo==
{{flex.pt|ms=quadragenário|mp=quadragenários|fs=quadragenária|fp=quadragenárias}}
{{proparoxítona aparente|qua|dra|ge|ná|ri|o}}
# que tem [[quarenta]] [[ano]]s, [[quarentão]]

==Substantivo==
{{proparoxítona aparente|qua|dra|ge|ná|ri|o}}
# aniversário de quarenta anos
# pessoa que tem quarenta anos

==Ver também==
===No Wikcionário===
{{verTambém.Ini}}
* [[vigenário]]
* [[trigenário]]
* [[quinquagenário]]
* [[sexagenário]]
* [[septuagenário]]
* [[octogenário]]
{{verTambém.NovaColuna}}
* [[nonagenário]]
* [[centenário]]
* [[sesquicentenário]]
* [[ducentenário]]
* [[tricentenário]]
* [[quadringentenário]]
{{verTambém.NovaColuna}}
* [[quingentenário]]
* [[sexcentenário]]
* [[setingentenário]]
* [[octingentenário]]
* [[noningentenário]]
* [[milenário]]
{{verTambém.Fim}}

[[Categoria:Adjetivo (Português)]]
[[Categoria:Substantivo (Português)]]
[[Categoria:Tempo (Português)]]</text>
<sha1>jahf39v4midohad52ljz265xpoczqmb</sha1>
</revision>
</page>
