<title>quadrijugado</title>
<ns>0</ns>
<id>434876</id>
<revision>
<id>2638303</id>
<timestamp>2021-06-13T12:22:29Z</timestamp>
<contributor>
<username>Cpls</username>
<id>20608</id>
</contributor>
<comment>[[Ajuda:Guia de edição/Menus e ferramentas/Sumário de edição|→]] nova página: ={{-pt-}}= ==Adjetivo== {{flex.pt|ms=quadrijugado|mp=quadrijugados|fs=quadrijugada|fp=quadrijugadas}} {{propa...</comment>
<model>wikitext</model>
<format>text/x-wiki</format>
<text bytes="462" xml:space="preserve">={{-pt-}}=
==Adjetivo==
{{flex.pt|ms=quadrijugado|mp=quadrijugados|fs=quadrijugada|fp=quadrijugadas}}
{{proparoxítona|qua|dri|ju|ga|do}}
# {{escopo|pt|Botánica}} que tem quatro pares de [[folíolo]]s opostos

===Sinónimo===
* [[quadríjugo]]

=={{etimologia|pt}}==
: Aparentado com o latim {{etimo|la|quadrijugus}}.

==Ligações externas==
* {{Aulete}}
* {{Michaelis}}
* {{DicioAberto}}
* {{DPLP}}
* {{PLP}}
* {{VOLPABL}}

[[Categoria:Adjetivo (Português)]]</text>
<sha1>d08vdebsq74w784xzawpfz8sfblofso</sha1>
</revision>
<revision>
<id>2638432</id>
<parentid>2638303</parentid>
<timestamp>2021-06-14T11:09:55Z</timestamp>
<contributor>
<username>Cpls</username>
<id>20608</id>
</contributor>
<comment>/* {{-pt-}} */</comment>
<model>wikitext</model>
<format>text/x-wiki</format>
<text bytes="462" xml:space="preserve">={{-pt-}}=
==Adjetivo==
{{flex.pt|ms=quadrijugado|mp=quadrijugados|fs=quadrijugada|fp=quadrijugadas}}
{{proparoxítona|qua|dri|ju|ga|do}}
# {{escopo|pt|Botânica}} que tem quatro pares de [[folíolo]]s opostos

===Sinónimo===
* [[quadríjugo]]

=={{etimologia|pt}}==
: Aparentado com o latim {{etimo|la|quadrijugus}}.

==Ligações externas==
* {{Aulete}}
* {{Michaelis}}
* {{DicioAberto}}
* {{DPLP}}
* {{PLP}}
* {{VOLPABL}}

[[Categoria:Adjetivo (Português)]]</text>
<sha1>2u8xcwmlb1cdntnqd7ttv298lki2wps</sha1>
</revision>
</page>
