<title>quadrúpede</title>
<ns>0</ns>
<id>1653</id>
<revision>
<id>3240</id>
<timestamp>2004-11-25T03:18:12Z</timestamp>
<contributor>
<username>Hugosenari</username>
<id>65</id>
</contributor>
<model>wikitext</model>
<format>text/x-wiki</format>
<text bytes="593" xml:space="preserve">== Substantivo ==
'''Qua.drú.pe.de''' ''masculino''

:# ''Aquilo que é sutentado por quatro pés;''


== Adje(c)tivo ==
'''Qua.drú.pe.de''' ''masculino''

:# ''Que é possui quatro pés;''


== Tradução ==
*Espanhol: [[Cuadrúpedo]]
*Inglês: [[Quadruped]]


== Ver Também ==
* Pesquisa Na Wikipédia
** [http://pt.wikipedia.org/wiki/P%C3%A1gina_principal?search=quadrúpede&amp;offset=0&amp;offset=0 Quadrúpede]

* Pesquisa Na WWW:
** [http://www.google.com/search?q=quadrúpede&amp;ie=UTF-8&amp;oe=UTF-8&amp;hl=pt-BR&amp;btnG=Pesquisa%2BGoogle Quadrúpede]


[[Categoria:Adjectivo]]
[[Categoria:Substantivo]]</text>
<sha1>999ht2pu0hecntf7p4r4tv1ou8nt545</sha1>
</revision>
<revision>
<id>20614</id>
<parentid>3240</parentid>
<timestamp>2004-11-25T03:55:09Z</timestamp>
<contributor>
<username>Hugosenari</username>
<id>65</id>
</contributor>
<comment>/* Ver Também */</comment>
<model>wikitext</model>
<format>text/x-wiki</format>
<text bytes="593" xml:space="preserve">== Substantivo ==
'''Qua.drú.pe.de''' ''masculino''

:# ''Aquilo que é sutentado por quatro pés;''


== Adje(c)tivo ==
'''Qua.drú.pe.de''' ''masculino''

:# ''Que é possui quatro pés;''


== Tradução ==
*Espanhol: [[Cuadrúpedo]]
*Inglês: [[Quadruped]]


== Ver Também ==
* Pesquisa na Wikipédia
** [http://pt.wikipedia.org/wiki/P%C3%A1gina_principal?search=quadrúpede&amp;offset=0&amp;offset=0 Quadrúpede]

* Pesquisa na WWW:
** [http://www.google.com/search?q=quadrúpede&amp;ie=UTF-8&amp;oe=UTF-8&amp;hl=pt-BR&amp;btnG=Pesquisa%2BGoogle Quadrúpede]


[[Categoria:Adjectivo]]
[[Categoria:Substantivo]]</text>
<sha1>12owkicu4ul11gqu6rrxud9ohvqx05f</sha1>
</revision>
<revision>
<id>30169</id>
<parentid>20614</parentid>
<timestamp>2005-07-18T13:41:21Z</timestamp>
<contributor>
<username>Paulovsky</username>
<id>382</id>
</contributor>
<minor />
<model>wikitext</model>
<format>text/x-wiki</format>
<text bytes="614" xml:space="preserve">== Substantivo ==
'''Qua.drú.pe.de''' ''masculino''

:# ''Aquilo que é [[sustentado]] por quatro [[pé]]s;''


== Adje(c)tivo ==
'''Qua.drú.pe.de''' ''masculino''

:# ''Que é [[possuir|possui]] quatro pés;''


== Tradução ==
*Espanhol: [[Cuadrúpedo]]
*Inglês: [[Quadruped]]


== Ver Também ==
* Pesquisa na Wikipédia
** [http://pt.wikipedia.org/wiki/P%C3%A1gina_principal?search=quadrúpede&amp;offset=0&amp;offset=0 Quadrúpede]

* Pesquisa na WWW:
** [http://www.google.com/search?q=quadrúpede&amp;ie=UTF-8&amp;oe=UTF-8&amp;hl=pt-BR&amp;btnG=Pesquisa%2BGoogle Quadrúpede]


[[Categoria:Adjectivo]]
[[Categoria:Substantivo]]</text>
<sha1>qw50il66lhb3sk7zntcvpsp2w1oe1u7</sha1>
</revision>
<revision>
<id>89190</id>
<parentid>30169</parentid>
<timestamp>2006-02-23T00:55:07Z</timestamp>
<contributor>
<username>Conversion script</username>
<id>0</id>
</contributor>
<minor />
<comment>[[Quadrúpede]] movido para [[quadrúpede]]: Converting page titles to lowercase</comment>
<model>wikitext</model>
<format>text/x-wiki</format>
<text bytes="614" xml:space="preserve">== Substantivo ==
'''Qua.drú.pe.de''' ''masculino''

:# ''Aquilo que é [[sustentado]] por quatro [[pé]]s;''


== Adje(c)tivo ==
'''Qua.drú.pe.de''' ''masculino''

:# ''Que é [[possuir|possui]] quatro pés;''


== Tradução ==
*Espanhol: [[Cuadrúpedo]]
*Inglês: [[Quadruped]]


== Ver Também ==
* Pesquisa na Wikipédia
** [http://pt.wikipedia.org/wiki/P%C3%A1gina_principal?search=quadrúpede&amp;offset=0&amp;offset=0 Quadrúpede]

* Pesquisa na WWW:
** [http://www.google.com/search?q=quadrúpede&amp;ie=UTF-8&amp;oe=UTF-8&amp;hl=pt-BR&amp;btnG=Pesquisa%2BGoogle Quadrúpede]


[[Categoria:Adjectivo]]
[[Categoria:Substantivo]]</text>
<sha1>qw50il66lhb3sk7zntcvpsp2w1oe1u7</sha1>
</revision>
<revision>
<id>123988</id>
<parentid>89190</parentid>
<timestamp>2006-05-30T19:34:13Z</timestamp>
<contributor>
<username>Marcelo-Silva</username>
<id>364</id>
</contributor>
<model>wikitext</model>
<format>text/x-wiki</format>
<text bytes="627" xml:space="preserve">== Substantivo ==
'''Qua.drú.pe.de''' ''masculino''

:# ''Aquilo que é [[sustentado]] por quatro [[pé]]s;''


== Adje(c)tivo ==
'''Qua.drú.pe.de''' ''masculino''

:# ''Que é [[possuir|possui]] quatro pés;''


== Tradução ==
*Espanhol: [[Cuadrúpedo]]
*Inglês: [[Quadruped]]


== Ver Também ==
* Pesquisa na Wikipédia
** [http://pt.wikipedia.org/wiki/P%C3%A1gina_principal?search=quadrúpede&amp;offset=0&amp;offset=0 Quadrúpede]

* Pesquisa na WWW:
** [http://www.google.com/search?q=quadrúpede&amp;ie=UTF-8&amp;oe=UTF-8&amp;hl=pt-BR&amp;btnG=Pesquisa%2BGoogle Quadrúpede]


[[Categoria:Adjectivo]]
[[Categoria:Substantivo (Português)]]</text>
<sha1>0wi3935xqtrjwxv9nqlpjjfwa1nlq7k</sha1>
</revision>
<revision>
<id>129200</id>
<parentid>123988</parentid>
<timestamp>2006-06-13T16:37:28Z</timestamp>
<contributor>
<username>Xis</username>
<id>547</id>
</contributor>
<model>wikitext</model>
<format>text/x-wiki</format>
<text bytes="640" xml:space="preserve">== Substantivo ==
'''Qua.drú.pe.de''' ''masculino''

:# ''Aquilo que é [[sustentado]] por quatro [[pé]]s;''


== Adje(c)tivo ==
'''Qua.drú.pe.de''' ''masculino''

:# ''Que é [[possuir|possui]] quatro pés;''


== Tradução ==
*Espanhol: [[Cuadrúpedo]]
*Inglês: [[Quadruped]]


== Ver Também ==
* Pesquisa na Wikipédia
** [http://pt.wikipedia.org/wiki/P%C3%A1gina_principal?search=quadrúpede&amp;offset=0&amp;offset=0 Quadrúpede]

* Pesquisa na WWW:
** [http://www.google.com/search?q=quadrúpede&amp;ie=UTF-8&amp;oe=UTF-8&amp;hl=pt-BR&amp;btnG=Pesquisa%2BGoogle Quadrúpede]


[[Categoria:Adjectivo (Português)]]
[[Categoria:Substantivo (Português)]]</text>
<sha1>73ju4vm9f2mqqnluvxgx4bzpeh1aj3z</sha1>
</revision>
<revision>
<id>318823</id>
<parentid>129200</parentid>
<timestamp>2007-12-28T00:43:13Z</timestamp>
<contributor>
<username>ValJor</username>
<id>1358</id>
</contributor>
<comment>Por um [[Especial:Lonelypages|wikcionário sem órfãos]]!</comment>
<model>wikitext</model>
<format>text/x-wiki</format>
<text bytes="2404" xml:space="preserve">{{wikipedia|tetrápode}}
=Português=
==Substantivo==
'''qua.&lt;u&gt;drú&lt;/u&gt;.pe.de''', ''masculino''
# aquilo que é [[sustentado]] por quatro [[pé]]s
===Tradução===
{{tradini}}
* {{trad|de|Vierbeiner}} ''m''
* {{trad|ar|رباعي الأرجل}}
* {{trad|an|cuatropedia}}
* {{trad|br|pevarzroadeg}}
* {{trad|bg|четириного}}
* {{trad|cs|čtyřnožec}}
* {{trad|zh|四足动物}}
* {{trad|kw|peswardrösek}}
* {{trad|hr|četveronožac}}
* {{trad|es|cuadrúpedo}}
* {{trad|eo|kvarpiedulo}}
* {{trad|et|neljajalgne}}
* {{trad|fi|nelijalkainen}}
* {{trad|vls|viervoeter}}
* {{trad|fur|cuadrupid}}
* {{trad|fr|quadrupède}}
* {{trad|el|τετράποδο}}
* {{trad|gn|pyirundýva}}
* {{trad|gu|ચોપગું પશુ}}
* {{trad|he|ארבע-רגלי}}
* {{trad|hi|चौपाया}}
{{tradmeio}}
* {{trad|nl|viervoeter}}
* {{trad|hu|négylábú}}
* {{trad|en|quadruped}}
* {{trad|it|quadrupede}}
* {{trad|lad|cuadruped}}
* {{trad|la|quadrupes}}
* {{trad|lv|četrkājains}}
* {{trad|mt|quadruped}}
* {{trad|mdf|nilaepiljgae}}
* {{trad|nap|quatrupede}}
* {{trad|pap|kuadrúpedo}}
* {{trad|pms|quadruped|quatr-piòte}}
* {{trad|pl|czworonóg}}
* {{trad|pa|ਚੋਪਾਯਾ}}
* {{trad|ro|patruped}}
* {{trad|ru|четвероногое}}
* {{trad|sa|चतुष्पादः}}
* {{trad|sr|четвороножац}}
* {{trad|sv|fyrbenta djur}}
* {{trad|wa|cwate-pates}}
* {{trad|val|quadrupet}}
{{tradfim}}
==Adjetivo==
{{flex.pt.com2|s=quadrúpede|p=quadrúpedes}}
'''qua.&lt;u&gt;drú&lt;/u&gt;.pe.de''', ''comum de dois gêneros''
# que [[possuir|possui]] quatro pés
#* ''Os restos do dinossauro, '''quadrúpede''' e herbívoro, foram localizados em Níger (África).'' {{OESP|2007|novembro|16}}
===Tradução===
{{tradini}}
* {{trad|de|vierfüßig}}
* {{trad|es|cuadrúpedo}}
* {{trad|fr|quadrupède}}
{{tradmeio}}
* {{trad|en|quadruped}}
* {{trad|it|quadrupede}}
* {{trad|la|quadrups}}
{{tradfim}}
{{-etimologia-}}
: Do latim ''quadrupĕdus''.
==Ver também==
===No Wikcionário===
{{verTambém.Ini}}
* [[quadrupedar]]
{{verTambém.Fim}}
==Ligações externas==
Pesquisa na web:
* [http://www.google.com/search?q=quadrúpede&amp;ie=UTF-8&amp;oe=UTF-8&amp;hl=pt-BR&amp;btnG=Pesquisa%2BGoogle Quadrúpede]
[[Categoria:Adjectivo (Português)]]
[[Categoria:Substantivo (Português)]]
[[Categoria:Polissílabo (Português)]]
[[Categoria:Proparoxítona (Português)]]
[[Categoria:Vocábulo com etimologia (Português)]]</text>
<sha1>2zyruxnfcye8u7awjw6oe1f36oya5r2</sha1>
</revision>
<revision>
<id>405472</id>
<parentid>318823</parentid>
<timestamp>2009-01-10T01:16:50Z</timestamp>
<contributor>
<username>Luan</username>
<id>1279</id>
</contributor>
<model>wikitext</model>
<format>text/x-wiki</format>
<text bytes="2397" xml:space="preserve">{{Wikipédia|tetrápode}}
={{pt}}=
==Substantivo==
{{flex.pt.masc.reg|quadrúpede|qua.&lt;u&gt;drú&lt;/u&gt;.pe.de}}
{{proparoxítona|qua|drú|pe|de}}, ''masculino''
# [[aquilo]] [[que]] [[ser|é]] [[sustentado]] [[por]] [[quatro]] [[pé]]s.
===Tradução===
{{tradini}}
* {{trad|de|Vierbeiner}} ''m''
* {{trad|ar|رباعي الأرجل}}
* {{trad|an|cuatropedia}}
* {{trad|br|pevarzroadeg}}
* {{trad|bg|четириного}}
* {{trad|cs|čtyřnožec}}
* {{trad|zh|四足动物}}
* {{trad|kw|peswardrösek}}
* {{trad|hr|četveronožac}}
* {{trad|es|cuadrúpedo}}
* {{trad|eo|kvarpiedulo}}
* {{trad|et|neljajalgne}}
* {{trad|fi|nelijalkainen}}
* {{trad|vls|viervoeter}}
* {{trad|fur|cuadrupid}}
* {{trad|fr|quadrupède}}
* {{trad|el|τετράποδο}}
* {{trad|gn|pyirundýva}}
* {{trad|gu|ચોપગું પશુ}}
* {{trad|he|ארבע-רגלי}}
* {{trad|hi|चौपाया}}
{{tradmeio}}
* {{trad|nl|viervoeter}}
* {{trad|hu|négylábú}}
* {{trad|en|quadruped}}
* {{trad|it|quadrupede}}
* {{trad|lad|cuadruped}}
* {{trad|la|quadrupes}}
* {{trad|lv|četrkājains}}
* {{trad|mt|quadruped}}
* {{trad|mdf|nilaepiljgae}}
* {{trad|nap|quatrupede}}
* {{trad|pap|kuadrúpedo}}
* {{trad|pms|quadruped|quatr-piòte}}
* {{trad|pl|czworonóg}}
* {{trad|pa|ਚੋਪਾਯਾ}}
* {{trad|ro|patruped}}
* {{trad|ru|четвероногое}}
* {{trad|sa|चतुष्पादः}}
* {{trad|sr|четвороножац}}
* {{trad|sv|fyrbenta djur}}
* {{trad|wa|cwate-pates}}
* {{trad|val|quadrupet}}
{{tradfim}}
==Adjetivo==
{{flex.pt.com2.reg|quadrúpede|qua.&lt;u&gt;drú&lt;/u&gt;.pe.de}}
'''qua.&lt;u&gt;drú&lt;/u&gt;.pe.de''', ''comum de dois gêneros''
# [[que]] [[possuir|possui]] [[quatro]] [[pé]]s.
#* ''Os restos do dinossauro, '''quadrúpede''' e herbívoro, foram localizados em Níger (África).'' {{OESP|2007|novembro|16}}
===Sinónimos===
* [[tetrápode]]
===Tradução===
{{tradini}}
* {{trad|de|vierfüßig}}
* {{trad|es|cuadrúpedo}}
* {{trad|fr|quadrupède}}
{{tradmeio}}
* {{trad|en|quadruped}}
* {{trad|it|quadrupede}}
* {{trad|la|quadrups}}
{{tradfim}}
={{etimologia}}=
: Do [[latim]] ''quadrupĕdus''.
==Ver também==
===No Wikcionário===
{{verTambém.Ini}}
* [[quadrupedar]]
{{verTambém.Fim}}
[[Categoria:Adjectivo (Português)]]
[[Categoria:Substantivo (Português)]]
[[Categoria:Polissílabo (Português)]]
[[Categoria:Proparoxítona (Português)]]
[[Categoria:Vocábulo com etimologia (Português)]]</text>
<sha1>5jr9j2l5h9upt1o6ntx1ayfc94xo01t</sha1>
</revision>
<revision>
<id>416820</id>
<parentid>405472</parentid>
<timestamp>2009-02-14T11:00:28Z</timestamp>
<contributor>
<username>ValJor</username>
<id>1358</id>
</contributor>
<minor />
<comment>Passando etimologia de cabeçalho de nível 1 para nível 2</comment>
<model>wikitext</model>
<format>text/x-wiki</format>
<text bytes="2313" xml:space="preserve">{{Wikipédia|tetrápode}}
={{pt}}=
==Substantivo==
{{flex.pt.masc.reg|quadrúpede|qua.&lt;u&gt;drú&lt;/u&gt;.pe.de}}
{{proparoxítona|qua|drú|pe|de}}, ''masculino''
# [[aquilo]] [[que]] [[ser|é]] [[sustentado]] [[por]] [[quatro]] [[pé]]s
===Tradução===
{{tradini}}
* {{trad|de|Vierbeiner}} ''m''
* {{trad|ar|رباعي الأرجل}}
* {{trad|an|cuatropedia}}
* {{trad|br|pevarzroadeg}}
* {{trad|bg|четириного}}
* {{trad|cs|čtyřnožec}}
* {{trad|zh|四足动物}}
* {{trad|kw|peswardrösek}}
* {{trad|hr|četveronožac}}
* {{trad|es|cuadrúpedo}}
* {{trad|eo|kvarpiedulo}}
* {{trad|et|neljajalgne}}
* {{trad|fi|nelijalkainen}}
* {{trad|vls|viervoeter}}
* {{trad|fur|cuadrupid}}
* {{trad|fr|quadrupède}}
* {{trad|el|τετράποδο}}
* {{trad|gn|pyirundýva}}
* {{trad|gu|ચોપગું પશુ}}
* {{trad|he|ארבע-רגלי}}
* {{trad|hi|चौपाया}}
{{tradmeio}}
* {{trad|nl|viervoeter}}
* {{trad|hu|négylábú}}
* {{trad|en|quadruped}}
* {{trad|it|quadrupede}}
* {{trad|lad|cuadruped}}
* {{trad|la|quadrupes}}
* {{trad|lv|četrkājains}}
* {{trad|mt|quadruped}}
* {{trad|mdf|nilaepiljgae}}
* {{trad|nap|quatrupede}}
* {{trad|pap|kuadrúpedo}}
* {{trad|pms|quadruped|quatr-piòte}}
* {{trad|pl|czworonóg}}
* {{trad|pa|ਚੋਪਾਯਾ}}
* {{trad|ro|patruped}}
* {{trad|ru|четвероногое}}
* {{trad|sa|चतुष्पादः}}
* {{trad|sr|четвороножац}}
* {{trad|sv|fyrbenta djur}}
* {{trad|wa|cwate-pates}}
* {{trad|val|quadrupet}}
{{tradfim}}
==Adjetivo==
{{flex.pt.com2.reg|quadrúpede|qua.&lt;u&gt;drú&lt;/u&gt;.pe.de}}
'''qua.&lt;u&gt;drú&lt;/u&gt;.pe.de''', ''comum de dois gêneros''
# [[que]] [[possuir|possui]] [[quatro]] [[pé]]s
#* ''Os restos do dinossauro, '''quadrúpede''' e herbívoro, foram localizados em Níger (África).'' {{OESP|2007|novembro|16}}
===Sinônimo===
* [[tetrápode]]
===Tradução===
{{tradini}}
* {{trad|de|vierfüßig}}
* {{trad|es|cuadrúpedo}}
* {{trad|fr|quadrupède}}
{{tradmeio}}
* {{trad|en|quadruped}}
* {{trad|it|quadrupede}}
* {{trad|la|quadrups}}
{{tradfim}}
=={{etimologia}}==
: Do [[latim]] ''quadrupĕdus''.
==Ver também==
===No Wikcionário===
{{verTambém.Ini}}
* [[quadrupedar]]
{{verTambém.Fim}}
[[Categoria:Adjetivo (Português)]]
[[Categoria:Substantivo (Português)]]
[[Categoria:Vocábulo com etimologia (Português)]]</text>
<sha1>g1ofk692ux28aze3h4gatutpctzegyz</sha1>
</revision>
<revision>
<id>1014118</id>
<parentid>416820</parentid>
<timestamp>2011-01-24T05:35:28Z</timestamp>
<contributor>
<username>Luckas-bot</username>
<id>5986</id>
</contributor>
<minor />
<comment>r2.6.2) (Bot: Adicionando: [[zh:quadrúpede]]</comment>
<model>wikitext</model>
<format>text/x-wiki</format>
<text bytes="2333" xml:space="preserve">{{Wikipédia|tetrápode}}
={{pt}}=
==Substantivo==
{{flex.pt.masc.reg|quadrúpede|qua.&lt;u&gt;drú&lt;/u&gt;.pe.de}}
{{proparoxítona|qua|drú|pe|de}}, ''masculino''
# [[aquilo]] [[que]] [[ser|é]] [[sustentado]] [[por]] [[quatro]] [[pé]]s
===Tradução===
{{tradini}}
* {{trad|de|Vierbeiner}} ''m''
* {{trad|ar|رباعي الأرجل}}
* {{trad|an|cuatropedia}}
* {{trad|br|pevarzroadeg}}
* {{trad|bg|четириного}}
* {{trad|cs|čtyřnožec}}
* {{trad|zh|四足动物}}
* {{trad|kw|peswardrösek}}
* {{trad|hr|četveronožac}}
* {{trad|es|cuadrúpedo}}
* {{trad|eo|kvarpiedulo}}
* {{trad|et|neljajalgne}}
* {{trad|fi|nelijalkainen}}
* {{trad|vls|viervoeter}}
* {{trad|fur|cuadrupid}}
* {{trad|fr|quadrupède}}
* {{trad|el|τετράποδο}}
* {{trad|gn|pyirundýva}}
* {{trad|gu|ચોપગું પશુ}}
* {{trad|he|ארבע-רגלי}}
* {{trad|hi|चौपाया}}
{{tradmeio}}
* {{trad|nl|viervoeter}}
* {{trad|hu|négylábú}}
* {{trad|en|quadruped}}
* {{trad|it|quadrupede}}
* {{trad|lad|cuadruped}}
* {{trad|la|quadrupes}}
* {{trad|lv|četrkājains}}
* {{trad|mt|quadruped}}
* {{trad|mdf|nilaepiljgae}}
* {{trad|nap|quatrupede}}
* {{trad|pap|kuadrúpedo}}
* {{trad|pms|quadruped|quatr-piòte}}
* {{trad|pl|czworonóg}}
* {{trad|pa|ਚੋਪਾਯਾ}}
* {{trad|ro|patruped}}
* {{trad|ru|четвероногое}}
* {{trad|sa|चतुष्पादः}}
* {{trad|sr|четвороножац}}
* {{trad|sv|fyrbenta djur}}
* {{trad|wa|cwate-pates}}
* {{trad|val|quadrupet}}
{{tradfim}}
==Adjetivo==
{{flex.pt.com2.reg|quadrúpede|qua.&lt;u&gt;drú&lt;/u&gt;.pe.de}}
'''qua.&lt;u&gt;drú&lt;/u&gt;.pe.de''', ''comum de dois gêneros''
# [[que]] [[possuir|possui]] [[quatro]] [[pé]]s
#* ''Os restos do dinossauro, '''quadrúpede''' e herbívoro, foram localizados em Níger (África).'' {{OESP|2007|novembro|16}}
===Sinônimo===
* [[tetrápode]]
===Tradução===
{{tradini}}
* {{trad|de|vierfüßig}}
* {{trad|es|cuadrúpedo}}
* {{trad|fr|quadrupède}}
{{tradmeio}}
* {{trad|en|quadruped}}
* {{trad|it|quadrupede}}
* {{trad|la|quadrups}}
{{tradfim}}
=={{etimologia}}==
: Do [[latim]] ''quadrupĕdus''.
==Ver também==
===No Wikcionário===
{{verTambém.Ini}}
* [[quadrupedar]]
{{verTambém.Fim}}
[[Categoria:Adjetivo (Português)]]
[[Categoria:Substantivo (Português)]]
[[Categoria:Vocábulo com etimologia (Português)]]

[[zh:quadrúpede]]</text>
<sha1>qrtuhgrteq0bo3619hicncyzlyjjdn9</sha1>
</revision>
<revision>
<id>1187557</id>
<parentid>1014118</parentid>
<timestamp>2011-07-08T17:53:38Z</timestamp>
<contributor>
<username>MalafayaBot</username>
<id>628</id>
</contributor>
<minor />
<comment>Robô: Substituição de texto automática (-^\=\s?Português\s?\= +={{-pt-}}= &amp; -^\=\s?\{\{pt\}\}\s?\= +={{-pt-}}=)</comment>
<model>wikitext</model>
<format>text/x-wiki</format>
<text bytes="2335" xml:space="preserve">{{Wikipédia|tetrápode}}
={{-pt-}}=
==Substantivo==
{{flex.pt.masc.reg|quadrúpede|qua.&lt;u&gt;drú&lt;/u&gt;.pe.de}}
{{proparoxítona|qua|drú|pe|de}}, ''masculino''
# [[aquilo]] [[que]] [[ser|é]] [[sustentado]] [[por]] [[quatro]] [[pé]]s
===Tradução===
{{tradini}}
* {{trad|de|Vierbeiner}} ''m''
* {{trad|ar|رباعي الأرجل}}
* {{trad|an|cuatropedia}}
* {{trad|br|pevarzroadeg}}
* {{trad|bg|четириного}}
* {{trad|cs|čtyřnožec}}
* {{trad|zh|四足动物}}
* {{trad|kw|peswardrösek}}
* {{trad|hr|četveronožac}}
* {{trad|es|cuadrúpedo}}
* {{trad|eo|kvarpiedulo}}
* {{trad|et|neljajalgne}}
* {{trad|fi|nelijalkainen}}
* {{trad|vls|viervoeter}}
* {{trad|fur|cuadrupid}}
* {{trad|fr|quadrupède}}
* {{trad|el|τετράποδο}}
* {{trad|gn|pyirundýva}}
* {{trad|gu|ચોપગું પશુ}}
* {{trad|he|ארבע-רגלי}}
* {{trad|hi|चौपाया}}
{{tradmeio}}
* {{trad|nl|viervoeter}}
* {{trad|hu|négylábú}}
* {{trad|en|quadruped}}
* {{trad|it|quadrupede}}
* {{trad|lad|cuadruped}}
* {{trad|la|quadrupes}}
* {{trad|lv|četrkājains}}
* {{trad|mt|quadruped}}
* {{trad|mdf|nilaepiljgae}}
* {{trad|nap|quatrupede}}
* {{trad|pap|kuadrúpedo}}
* {{trad|pms|quadruped|quatr-piòte}}
* {{trad|pl|czworonóg}}
* {{trad|pa|ਚੋਪਾਯਾ}}
* {{trad|ro|patruped}}
* {{trad|ru|четвероногое}}
* {{trad|sa|चतुष्पादः}}
* {{trad|sr|четвороножац}}
* {{trad|sv|fyrbenta djur}}
* {{trad|wa|cwate-pates}}
* {{trad|val|quadrupet}}
{{tradfim}}
==Adjetivo==
{{flex.pt.com2.reg|quadrúpede|qua.&lt;u&gt;drú&lt;/u&gt;.pe.de}}
'''qua.&lt;u&gt;drú&lt;/u&gt;.pe.de''', ''comum de dois gêneros''
# [[que]] [[possuir|possui]] [[quatro]] [[pé]]s
#* ''Os restos do dinossauro, '''quadrúpede''' e herbívoro, foram localizados em Níger (África).'' {{OESP|2007|novembro|16}}
===Sinônimo===
* [[tetrápode]]
===Tradução===
{{tradini}}
* {{trad|de|vierfüßig}}
* {{trad|es|cuadrúpedo}}
* {{trad|fr|quadrupède}}
{{tradmeio}}
* {{trad|en|quadruped}}
* {{trad|it|quadrupede}}
* {{trad|la|quadrups}}
{{tradfim}}
=={{etimologia}}==
: Do [[latim]] ''quadrupĕdus''.
==Ver também==
===No Wikcionário===
{{verTambém.Ini}}
* [[quadrupedar]]
{{verTambém.Fim}}
[[Categoria:Adjetivo (Português)]]
[[Categoria:Substantivo (Português)]]
[[Categoria:Vocábulo com etimologia (Português)]]

[[zh:quadrúpede]]</text>
<sha1>cf83cner34yztyvosogmio2clvxqdis</sha1>
</revision>
<revision>
<id>1606724</id>
<parentid>1187557</parentid>
<timestamp>2013-01-19T22:01:35Z</timestamp>
<contributor>
<username>MalafayaBot</username>
<id>628</id>
</contributor>
<minor />
<comment>Robô: A modificar Categoria:Vocábulo com etimologia (Português) para Categoria:Entrada com etimologia (Português)</comment>
<model>wikitext</model>
<format>text/x-wiki</format>
<text bytes="2333" xml:space="preserve">{{Wikipédia|tetrápode}}
={{-pt-}}=
==Substantivo==
{{flex.pt.masc.reg|quadrúpede|qua.&lt;u&gt;drú&lt;/u&gt;.pe.de}}
{{proparoxítona|qua|drú|pe|de}}, ''masculino''
# [[aquilo]] [[que]] [[ser|é]] [[sustentado]] [[por]] [[quatro]] [[pé]]s
===Tradução===
{{tradini}}
* {{trad|de|Vierbeiner}} ''m''
* {{trad|ar|رباعي الأرجل}}
* {{trad|an|cuatropedia}}
* {{trad|br|pevarzroadeg}}
* {{trad|bg|четириного}}
* {{trad|cs|čtyřnožec}}
* {{trad|zh|四足动物}}
* {{trad|kw|peswardrösek}}
* {{trad|hr|četveronožac}}
* {{trad|es|cuadrúpedo}}
* {{trad|eo|kvarpiedulo}}
* {{trad|et|neljajalgne}}
* {{trad|fi|nelijalkainen}}
* {{trad|vls|viervoeter}}
* {{trad|fur|cuadrupid}}
* {{trad|fr|quadrupède}}
* {{trad|el|τετράποδο}}
* {{trad|gn|pyirundýva}}
* {{trad|gu|ચોપગું પશુ}}
* {{trad|he|ארבע-רגלי}}
* {{trad|hi|चौपाया}}
{{tradmeio}}
* {{trad|nl|viervoeter}}
* {{trad|hu|négylábú}}
* {{trad|en|quadruped}}
* {{trad|it|quadrupede}}
* {{trad|lad|cuadruped}}
* {{trad|la|quadrupes}}
* {{trad|lv|četrkājains}}
* {{trad|mt|quadruped}}
* {{trad|mdf|nilaepiljgae}}
* {{trad|nap|quatrupede}}
* {{trad|pap|kuadrúpedo}}
* {{trad|pms|quadruped|quatr-piòte}}
* {{trad|pl|czworonóg}}
* {{trad|pa|ਚੋਪਾਯਾ}}
* {{trad|ro|patruped}}
* {{trad|ru|четвероногое}}
* {{trad|sa|चतुष्पादः}}
* {{trad|sr|четвороножац}}
* {{trad|sv|fyrbenta djur}}
* {{trad|wa|cwate-pates}}
* {{trad|val|quadrupet}}
{{tradfim}}
==Adjetivo==
{{flex.pt.com2.reg|quadrúpede|qua.&lt;u&gt;drú&lt;/u&gt;.pe.de}}
'''qua.&lt;u&gt;drú&lt;/u&gt;.pe.de''', ''comum de dois gêneros''
# [[que]] [[possuir|possui]] [[quatro]] [[pé]]s
#* ''Os restos do dinossauro, '''quadrúpede''' e herbívoro, foram localizados em Níger (África).'' {{OESP|2007|novembro|16}}
===Sinônimo===
* [[tetrápode]]
===Tradução===
{{tradini}}
* {{trad|de|vierfüßig}}
* {{trad|es|cuadrúpedo}}
* {{trad|fr|quadrupède}}
{{tradmeio}}
* {{trad|en|quadruped}}
* {{trad|it|quadrupede}}
* {{trad|la|quadrups}}
{{tradfim}}
=={{etimologia}}==
: Do [[latim]] ''quadrupĕdus''.
==Ver também==
===No Wikcionário===
{{verTambém.Ini}}
* [[quadrupedar]]
{{verTambém.Fim}}
[[Categoria:Adjetivo (Português)]]
[[Categoria:Substantivo (Português)]]
[[Categoria:Entrada com etimologia (Português)]]

[[zh:quadrúpede]]</text>
<sha1>5drh4skvkn2t2fw821jgxse2ne48b9z</sha1>
</revision>
<revision>
<id>1995171</id>
<parentid>1606724</parentid>
<timestamp>2015-09-03T04:49:30Z</timestamp>
<contributor>
<username>HydrizBot</username>
<id>29590</id>
</contributor>
<minor />
<comment>Robô: A adicionar: [[en:quadrúpede]]</comment>
<model>wikitext</model>
<format>text/x-wiki</format>
<text bytes="2352" xml:space="preserve">{{Wikipédia|tetrápode}}
={{-pt-}}=
==Substantivo==
{{flex.pt.masc.reg|quadrúpede|qua.&lt;u&gt;drú&lt;/u&gt;.pe.de}}
{{proparoxítona|qua|drú|pe|de}}, ''masculino''
# [[aquilo]] [[que]] [[ser|é]] [[sustentado]] [[por]] [[quatro]] [[pé]]s
===Tradução===
{{tradini}}
* {{trad|de|Vierbeiner}} ''m''
* {{trad|ar|رباعي الأرجل}}
* {{trad|an|cuatropedia}}
* {{trad|br|pevarzroadeg}}
* {{trad|bg|четириного}}
* {{trad|cs|čtyřnožec}}
* {{trad|zh|四足动物}}
* {{trad|kw|peswardrösek}}
* {{trad|hr|četveronožac}}
* {{trad|es|cuadrúpedo}}
* {{trad|eo|kvarpiedulo}}
* {{trad|et|neljajalgne}}
* {{trad|fi|nelijalkainen}}
* {{trad|vls|viervoeter}}
* {{trad|fur|cuadrupid}}
* {{trad|fr|quadrupède}}
* {{trad|el|τετράποδο}}
* {{trad|gn|pyirundýva}}
* {{trad|gu|ચોપગું પશુ}}
* {{trad|he|ארבע-רגלי}}
* {{trad|hi|चौपाया}}
{{tradmeio}}
* {{trad|nl|viervoeter}}
* {{trad|hu|négylábú}}
* {{trad|en|quadruped}}
* {{trad|it|quadrupede}}
* {{trad|lad|cuadruped}}
* {{trad|la|quadrupes}}
* {{trad|lv|četrkājains}}
* {{trad|mt|quadruped}}
* {{trad|mdf|nilaepiljgae}}
* {{trad|nap|quatrupede}}
* {{trad|pap|kuadrúpedo}}
* {{trad|pms|quadruped|quatr-piòte}}
* {{trad|pl|czworonóg}}
* {{trad|pa|ਚੋਪਾਯਾ}}
* {{trad|ro|patruped}}
* {{trad|ru|четвероногое}}
* {{trad|sa|चतुष्पादः}}
* {{trad|sr|четвороножац}}
* {{trad|sv|fyrbenta djur}}
* {{trad|wa|cwate-pates}}
* {{trad|val|quadrupet}}
{{tradfim}}
==Adjetivo==
{{flex.pt.com2.reg|quadrúpede|qua.&lt;u&gt;drú&lt;/u&gt;.pe.de}}
'''qua.&lt;u&gt;drú&lt;/u&gt;.pe.de''', ''comum de dois gêneros''
# [[que]] [[possuir|possui]] [[quatro]] [[pé]]s
#* ''Os restos do dinossauro, '''quadrúpede''' e herbívoro, foram localizados em Níger (África).'' {{OESP|2007|novembro|16}}
===Sinônimo===
* [[tetrápode]]
===Tradução===
{{tradini}}
* {{trad|de|vierfüßig}}
* {{trad|es|cuadrúpedo}}
* {{trad|fr|quadrupède}}
{{tradmeio}}
* {{trad|en|quadruped}}
* {{trad|it|quadrupede}}
* {{trad|la|quadrups}}
{{tradfim}}
=={{etimologia}}==
: Do [[latim]] ''quadrupĕdus''.
==Ver também==
===No Wikcionário===
{{verTambém.Ini}}
* [[quadrupedar]]
{{verTambém.Fim}}
[[Categoria:Adjetivo (Português)]]
[[Categoria:Substantivo (Português)]]
[[Categoria:Entrada com etimologia (Português)]]

[[en:quadrúpede]]
[[zh:quadrúpede]]</text>
<sha1>0t2j451jpljxy1opjuodtmqeb82r2ro</sha1>
</revision>
<revision>
<id>2037775</id>
<parentid>1995171</parentid>
<timestamp>2015-11-17T12:48:20Z</timestamp>
<contributor>
<username>Luan</username>
<id>1279</id>
</contributor>
<comment>adição do idioma à [[predefinição:etimologia]] utilizando [[Project:AutoWikiBrowser|AWB]]</comment>
<model>wikitext</model>
<format>text/x-wiki</format>
<text bytes="2305" xml:space="preserve">{{Wikipédia|tetrápode}}
={{-pt-}}=
==Substantivo==
{{flex.pt.masc.reg|quadrúpede|qua.&lt;u&gt;drú&lt;/u&gt;.pe.de}}
{{proparoxítona|qua|drú|pe|de}}, ''masculino''
# [[aquilo]] [[que]] [[ser|é]] [[sustentado]] [[por]] [[quatro]] [[pé]]s
===Tradução===
{{tradini}}
* {{trad|de|Vierbeiner}} ''m''
* {{trad|ar|رباعي الأرجل}}
* {{trad|an|cuatropedia}}
* {{trad|br|pevarzroadeg}}
* {{trad|bg|четириного}}
* {{trad|cs|čtyřnožec}}
* {{trad|zh|四足动物}}
* {{trad|kw|peswardrösek}}
* {{trad|hr|četveronožac}}
* {{trad|es|cuadrúpedo}}
* {{trad|eo|kvarpiedulo}}
* {{trad|et|neljajalgne}}
* {{trad|fi|nelijalkainen}}
* {{trad|vls|viervoeter}}
* {{trad|fur|cuadrupid}}
* {{trad|fr|quadrupède}}
* {{trad|el|τετράποδο}}
* {{trad|gn|pyirundýva}}
* {{trad|gu|ચોપગું પશુ}}
* {{trad|he|ארבע-רגלי}}
* {{trad|hi|चौपाया}}
{{tradmeio}}
* {{trad|nl|viervoeter}}
* {{trad|hu|négylábú}}
* {{trad|en|quadruped}}
* {{trad|it|quadrupede}}
* {{trad|lad|cuadruped}}
* {{trad|la|quadrupes}}
* {{trad|lv|četrkājains}}
* {{trad|mt|quadruped}}
* {{trad|mdf|nilaepiljgae}}
* {{trad|nap|quatrupede}}
* {{trad|pap|kuadrúpedo}}
* {{trad|pms|quadruped|quatr-piòte}}
* {{trad|pl|czworonóg}}
* {{trad|pa|ਚੋਪਾਯਾ}}
* {{trad|ro|patruped}}
* {{trad|ru|четвероногое}}
* {{trad|sa|चतुष्पादः}}
* {{trad|sr|четвороножац}}
* {{trad|sv|fyrbenta djur}}
* {{trad|wa|cwate-pates}}
* {{trad|val|quadrupet}}
{{tradfim}}
==Adjetivo==
{{flex.pt.com2.reg|quadrúpede|qua.&lt;u&gt;drú&lt;/u&gt;.pe.de}}
'''qua.&lt;u&gt;drú&lt;/u&gt;.pe.de''', ''comum de dois gêneros''
# [[que]] [[possuir|possui]] [[quatro]] [[pé]]s
#* ''Os restos do dinossauro, '''quadrúpede''' e herbívoro, foram localizados em Níger (África).'' {{OESP|2007|novembro|16}}
===Sinônimo===
* [[tetrápode]]
===Tradução===
{{tradini}}
* {{trad|de|vierfüßig}}
* {{trad|es|cuadrúpedo}}
* {{trad|fr|quadrupède}}
{{tradmeio}}
* {{trad|en|quadruped}}
* {{trad|it|quadrupede}}
* {{trad|la|quadrups}}
{{tradfim}}
=={{etimologia|pt}}==
: Do [[latim]] ''quadrupĕdus''.
==Ver também==
===No Wikcionário===
{{verTambém.Ini}}
* [[quadrupedar]]
{{verTambém.Fim}}
[[Categoria:Adjetivo (Português)]]
[[Categoria:Substantivo (Português)]]

[[en:quadrúpede]]
[[zh:quadrúpede]]</text>
<sha1>4lh64lcbj1o6aojimqtcpmculabq00p</sha1>
</revision>
<revision>
<id>2096304</id>
<parentid>2037775</parentid>
<timestamp>2016-05-03T23:35:25Z</timestamp>
<contributor>
<username>Luan</username>
<id>1279</id>
</contributor>
<minor />
<comment>[[Wikcionário:Esplanada/Arquivo/2015/Novembro#Quadros de flexão, categorias gramaticais e categorização por predefinição|substituição de predef obsoleta]] utilizando [[Project:AutoWikiBrowser|AWB]]</comment>
<model>wikitext</model>
<format>text/x-wiki</format>
<text bytes="2349" xml:space="preserve">{{Wikipédia|tetrápode}}
={{-pt-}}=
==Substantivo==
{{flex.pt.masc.reg|quadrúpede|qua.&lt;u&gt;drú&lt;/u&gt;.pe.de}}
{{proparoxítona|qua|drú|pe|de}}, ''masculino''
# [[aquilo]] [[que]] [[ser|é]] [[sustentado]] [[por]] [[quatro]] [[pé]]s
===Tradução===
{{tradini}}
* {{trad|de|Vierbeiner}} ''m''
* {{trad|ar|رباعي الأرجل}}
* {{trad|an|cuatropedia}}
* {{trad|br|pevarzroadeg}}
* {{trad|bg|четириного}}
* {{trad|cs|čtyřnožec}}
* {{trad|zh|四足动物}}
* {{trad|kw|peswardrösek}}
* {{trad|hr|četveronožac}}
* {{trad|es|cuadrúpedo}}
* {{trad|eo|kvarpiedulo}}
* {{trad|et|neljajalgne}}
* {{trad|fi|nelijalkainen}}
* {{trad|vls|viervoeter}}
* {{trad|fur|cuadrupid}}
* {{trad|fr|quadrupède}}
* {{trad|el|τετράποδο}}
* {{trad|gn|pyirundýva}}
* {{trad|gu|ચોપગું પશુ}}
* {{trad|he|ארבע-רגלי}}
* {{trad|hi|चौपाया}}
{{tradmeio}}
* {{trad|nl|viervoeter}}
* {{trad|hu|négylábú}}
* {{trad|en|quadruped}}
* {{trad|it|quadrupede}}
* {{trad|lad|cuadruped}}
* {{trad|la|quadrupes}}
* {{trad|lv|četrkājains}}
* {{trad|mt|quadruped}}
* {{trad|mdf|nilaepiljgae}}
* {{trad|nap|quatrupede}}
* {{trad|pap|kuadrúpedo}}
* {{trad|pms|quadruped|quatr-piòte}}
* {{trad|pl|czworonóg}}
* {{trad|pa|ਚੋਪਾਯਾ}}
* {{trad|ro|patruped}}
* {{trad|ru|четвероногое}}
* {{trad|sa|चतुष्पादः}}
* {{trad|sr|четвороножац}}
* {{trad|sv|fyrbenta djur}}
* {{trad|wa|cwate-pates}}
* {{trad|val|quadrupet}}
{{tradfim}}
==Adjetivo==
{{flex.pt|s=quadrúpede|p=quadrúpedes|s-div=qua.&lt;u&gt;drú&lt;/u&gt;.pe.de|p-div=qua.&lt;u&gt;drú&lt;/u&gt;.pe.des}}
'''qua.&lt;u&gt;drú&lt;/u&gt;.pe.de''', ''comum de dois gêneros''
# [[que]] [[possuir|possui]] [[quatro]] [[pé]]s
#* ''Os restos do dinossauro, '''quadrúpede''' e herbívoro, foram localizados em Níger (África).'' {{OESP|2007|novembro|16}}
===Sinônimo===
* [[tetrápode]]
===Tradução===
{{tradini}}
* {{trad|de|vierfüßig}}
* {{trad|es|cuadrúpedo}}
* {{trad|fr|quadrupède}}
{{tradmeio}}
* {{trad|en|quadruped}}
* {{trad|it|quadrupede}}
* {{trad|la|quadrups}}
{{tradfim}}
=={{etimologia|pt}}==
: Do [[latim]] ''quadrupĕdus''.
==Ver também==
===No Wikcionário===
{{verTambém.Ini}}
* [[quadrupedar]]
{{verTambém.Fim}}

[[Categoria:Adjetivo (Português)]]
[[Categoria:Substantivo (Português)]]

[[en:quadrúpede]]
[[zh:quadrúpede]]</text>
<sha1>atba96rvlr0ayvf5qj6rs1677548dq8</sha1>
</revision>
<revision>
<id>2156937</id>
<parentid>2096304</parentid>
<timestamp>2016-08-09T15:10:09Z</timestamp>
<contributor>
<username>Luan</username>
<id>1279</id>
</contributor>
<minor />
<comment>/* Substantivo */substituição da [[predefinição:flex.pt.masc.reg]] por [[predefinição:flex.pt]] utilizando [[Project:AutoWikiBrowser|AWB]]</comment>
<model>wikitext</model>
<format>text/x-wiki</format>
<text bytes="2396" xml:space="preserve">{{Wikipédia|tetrápode}}
={{-pt-}}=
==Substantivo==
{{flex.pt|ms=quadrúpede|ms-div=qua.&lt;u&gt;drú&lt;/u&gt;.pe.de|mp=quadrúpedes|mp-div=qua.&lt;u&gt;drú&lt;/u&gt;.pe.des}}
{{proparoxítona|qua|drú|pe|de}}, ''masculino''
# [[aquilo]] [[que]] [[ser|é]] [[sustentado]] [[por]] [[quatro]] [[pé]]s
===Tradução===
{{tradini}}
* {{trad|de|Vierbeiner}} ''m''
* {{trad|ar|رباعي الأرجل}}
* {{trad|an|cuatropedia}}
* {{trad|br|pevarzroadeg}}
* {{trad|bg|четириного}}
* {{trad|cs|čtyřnožec}}
* {{trad|zh|四足动物}}
* {{trad|kw|peswardrösek}}
* {{trad|hr|četveronožac}}
* {{trad|es|cuadrúpedo}}
* {{trad|eo|kvarpiedulo}}
* {{trad|et|neljajalgne}}
* {{trad|fi|nelijalkainen}}
* {{trad|vls|viervoeter}}
* {{trad|fur|cuadrupid}}
* {{trad|fr|quadrupède}}
* {{trad|el|τετράποδο}}
* {{trad|gn|pyirundýva}}
* {{trad|gu|ચોપગું પશુ}}
* {{trad|he|ארבע-רגלי}}
* {{trad|hi|चौपाया}}
{{tradmeio}}
* {{trad|nl|viervoeter}}
* {{trad|hu|négylábú}}
* {{trad|en|quadruped}}
* {{trad|it|quadrupede}}
* {{trad|lad|cuadruped}}
* {{trad|la|quadrupes}}
* {{trad|lv|četrkājains}}
* {{trad|mt|quadruped}}
* {{trad|mdf|nilaepiljgae}}
* {{trad|nap|quatrupede}}
* {{trad|pap|kuadrúpedo}}
* {{trad|pms|quadruped|quatr-piòte}}
* {{trad|pl|czworonóg}}
* {{trad|pa|ਚੋਪਾਯਾ}}
* {{trad|ro|patruped}}
* {{trad|ru|четвероногое}}
* {{trad|sa|चतुष्पादः}}
* {{trad|sr|четвороножац}}
* {{trad|sv|fyrbenta djur}}
* {{trad|wa|cwate-pates}}
* {{trad|val|quadrupet}}
{{tradfim}}
==Adjetivo==
{{flex.pt|s=quadrúpede|p=quadrúpedes|s-div=qua.&lt;u&gt;drú&lt;/u&gt;.pe.de|p-div=qua.&lt;u&gt;drú&lt;/u&gt;.pe.des}}
'''qua.&lt;u&gt;drú&lt;/u&gt;.pe.de''', ''comum de dois gêneros''
# [[que]] [[possuir|possui]] [[quatro]] [[pé]]s
#* ''Os restos do dinossauro, '''quadrúpede''' e herbívoro, foram localizados em Níger (África).'' {{OESP|2007|novembro|16}}
===Sinônimo===
* [[tetrápode]]
===Tradução===
{{tradini}}
* {{trad|de|vierfüßig}}
* {{trad|es|cuadrúpedo}}
* {{trad|fr|quadrupède}}
{{tradmeio}}
* {{trad|en|quadruped}}
* {{trad|it|quadrupede}}
* {{trad|la|quadrups}}
{{tradfim}}
=={{etimologia|pt}}==
: Do [[latim]] ''quadrupĕdus''.
==Ver também==
===No Wikcionário===
{{verTambém.Ini}}
* [[quadrupedar]]
{{verTambém.Fim}}

[[Categoria:Adjetivo (Português)]]
[[Categoria:Substantivo (Português)]]

[[en:quadrúpede]]
[[zh:quadrúpede]]</text>
<sha1>7w8f2m136oxs1z4pahazzttm0ox5w5n</sha1>
</revision>
<revision>
<id>2396727</id>
<parentid>2156937</parentid>
<timestamp>2017-05-13T10:59:10Z</timestamp>
<contributor>
<username>HydrizBot</username>
<id>29590</id>
</contributor>
<minor />
<comment>Robô: A limpar links interwikis antigos</comment>
<model>wikitext</model>
<format>text/x-wiki</format>
<text bytes="2357" xml:space="preserve">{{Wikipédia|tetrápode}}
={{-pt-}}=
==Substantivo==
{{flex.pt|ms=quadrúpede|ms-div=qua.&lt;u&gt;drú&lt;/u&gt;.pe.de|mp=quadrúpedes|mp-div=qua.&lt;u&gt;drú&lt;/u&gt;.pe.des}}
{{proparoxítona|qua|drú|pe|de}}, ''masculino''
# [[aquilo]] [[que]] [[ser|é]] [[sustentado]] [[por]] [[quatro]] [[pé]]s
===Tradução===
{{tradini}}
* {{trad|de|Vierbeiner}} ''m''
* {{trad|ar|رباعي الأرجل}}
* {{trad|an|cuatropedia}}
* {{trad|br|pevarzroadeg}}
* {{trad|bg|четириного}}
* {{trad|cs|čtyřnožec}}
* {{trad|zh|四足动物}}
* {{trad|kw|peswardrösek}}
* {{trad|hr|četveronožac}}
* {{trad|es|cuadrúpedo}}
* {{trad|eo|kvarpiedulo}}
* {{trad|et|neljajalgne}}
* {{trad|fi|nelijalkainen}}
* {{trad|vls|viervoeter}}
* {{trad|fur|cuadrupid}}
* {{trad|fr|quadrupède}}
* {{trad|el|τετράποδο}}
* {{trad|gn|pyirundýva}}
* {{trad|gu|ચોપગું પશુ}}
* {{trad|he|ארבע-רגלי}}
* {{trad|hi|चौपाया}}
{{tradmeio}}
* {{trad|nl|viervoeter}}
* {{trad|hu|négylábú}}
* {{trad|en|quadruped}}
* {{trad|it|quadrupede}}
* {{trad|lad|cuadruped}}
* {{trad|la|quadrupes}}
* {{trad|lv|četrkājains}}
* {{trad|mt|quadruped}}
* {{trad|mdf|nilaepiljgae}}
* {{trad|nap|quatrupede}}
* {{trad|pap|kuadrúpedo}}
* {{trad|pms|quadruped|quatr-piòte}}
* {{trad|pl|czworonóg}}
* {{trad|pa|ਚੋਪਾਯਾ}}
* {{trad|ro|patruped}}
* {{trad|ru|четвероногое}}
* {{trad|sa|चतुष्पादः}}
* {{trad|sr|четвороножац}}
* {{trad|sv|fyrbenta djur}}
* {{trad|wa|cwate-pates}}
* {{trad|val|quadrupet}}
{{tradfim}}
==Adjetivo==
{{flex.pt|s=quadrúpede|p=quadrúpedes|s-div=qua.&lt;u&gt;drú&lt;/u&gt;.pe.de|p-div=qua.&lt;u&gt;drú&lt;/u&gt;.pe.des}}
'''qua.&lt;u&gt;drú&lt;/u&gt;.pe.de''', ''comum de dois gêneros''
# [[que]] [[possuir|possui]] [[quatro]] [[pé]]s
#* ''Os restos do dinossauro, '''quadrúpede''' e herbívoro, foram localizados em Níger (África).'' {{OESP|2007|novembro|16}}
===Sinônimo===
* [[tetrápode]]
===Tradução===
{{tradini}}
* {{trad|de|vierfüßig}}
* {{trad|es|cuadrúpedo}}
* {{trad|fr|quadrupède}}
{{tradmeio}}
* {{trad|en|quadruped}}
* {{trad|it|quadrupede}}
* {{trad|la|quadrups}}
{{tradfim}}
=={{etimologia|pt}}==
: Do [[latim]] ''quadrupĕdus''.
==Ver também==
===No Wikcionário===
{{verTambém.Ini}}
* [[quadrupedar]]
{{verTambém.Fim}}

[[Categoria:Adjetivo (Português)]]
[[Categoria:Substantivo (Português)]]</text>
<sha1>t08f7cb41cxt11a4q85u190q7uihkse</sha1>
</revision>
<revision>
<id>2615718</id>
<parentid>2396727</parentid>
<timestamp>2021-01-31T23:02:59Z</timestamp>
<contributor>
<username>MarxavBot</username>
<id>80155</id>
</contributor>
<minor />
<comment>AFI Portugal</comment>
<model>wikitext</model>
<format>text/x-wiki</format>
<text bytes="2433" xml:space="preserve">{{Wikipédia|tetrápode}}
={{-pt-}}=
==Substantivo==
{{flex.pt|ms=quadrúpede|ms-div=qua.&lt;u&gt;drú&lt;/u&gt;.pe.de|mp=quadrúpedes|mp-div=qua.&lt;u&gt;drú&lt;/u&gt;.pe.des}}
{{proparoxítona|qua|drú|pe|de}}, ''masculino''
# [[aquilo]] [[que]] [[ser|é]] [[sustentado]] [[por]] [[quatro]] [[pé]]s
===Tradução===
{{tradini}}
* {{trad|de|Vierbeiner}} ''m''
* {{trad|ar|رباعي الأرجل}}
* {{trad|an|cuatropedia}}
* {{trad|br|pevarzroadeg}}
* {{trad|bg|четириного}}
* {{trad|cs|čtyřnožec}}
* {{trad|zh|四足动物}}
* {{trad|kw|peswardrösek}}
* {{trad|hr|četveronožac}}
* {{trad|es|cuadrúpedo}}
* {{trad|eo|kvarpiedulo}}
* {{trad|et|neljajalgne}}
* {{trad|fi|nelijalkainen}}
* {{trad|vls|viervoeter}}
* {{trad|fur|cuadrupid}}
* {{trad|fr|quadrupède}}
* {{trad|el|τετράποδο}}
* {{trad|gn|pyirundýva}}
* {{trad|gu|ચોપગું પશુ}}
* {{trad|he|ארבע-רגלי}}
* {{trad|hi|चौपाया}}
{{tradmeio}}
* {{trad|nl|viervoeter}}
* {{trad|hu|négylábú}}
* {{trad|en|quadruped}}
* {{trad|it|quadrupede}}
* {{trad|lad|cuadruped}}
* {{trad|la|quadrupes}}
* {{trad|lv|četrkājains}}
* {{trad|mt|quadruped}}
* {{trad|mdf|nilaepiljgae}}
* {{trad|nap|quatrupede}}
* {{trad|pap|kuadrúpedo}}
* {{trad|pms|quadruped|quatr-piòte}}
* {{trad|pl|czworonóg}}
* {{trad|pa|ਚੋਪਾਯਾ}}
* {{trad|ro|patruped}}
* {{trad|ru|четвероногое}}
* {{trad|sa|चतुष्पादः}}
* {{trad|sr|четвороножац}}
* {{trad|sv|fyrbenta djur}}
* {{trad|wa|cwate-pates}}
* {{trad|val|quadrupet}}
{{tradfim}}
==Adjetivo==
{{flex.pt|s=quadrúpede|p=quadrúpedes|s-div=qua.&lt;u&gt;drú&lt;/u&gt;.pe.de|p-div=qua.&lt;u&gt;drú&lt;/u&gt;.pe.des}}
'''qua.&lt;u&gt;drú&lt;/u&gt;.pe.de''', ''comum de dois gêneros''
# [[que]] [[possuir|possui]] [[quatro]] [[pé]]s
#* ''Os restos do dinossauro, '''quadrúpede''' e herbívoro, foram localizados em Níger (África).'' {{OESP|2007|novembro|16}}
===Sinônimo===
* [[tetrápode]]
===Tradução===
{{tradini}}
* {{trad|de|vierfüßig}}
* {{trad|es|cuadrúpedo}}
* {{trad|fr|quadrupède}}
{{tradmeio}}
* {{trad|en|quadruped}}
* {{trad|it|quadrupede}}
* {{trad|la|quadrups}}
{{tradfim}}
=={{etimologia|pt}}==
: Do [[latim]] ''quadrupĕdus''.

=={{pronúncia|pt}}==
===Portugal===
* AFI: {{AFI|/kwɐ.ˈdɾu.pɨ.dɨ/}}

==Ver também==
===No Wikcionário===
{{verTambém.Ini}}
* [[quadrupedar]]
{{verTambém.Fim}}

[[Categoria:Adjetivo (Português)]]
[[Categoria:Substantivo (Português)]]</text>
<sha1>pqd7ads8pe4dggvsdn4og5pswaf4zx0</sha1>
</revision>
</page>
