<title>quadragíntuplo</title>
<ns>0</ns>
<id>393454</id>
<revision>
<id>2487912</id>
<timestamp>2018-03-05T17:38:25Z</timestamp>
<contributor>
<username>Leonardo José Raimundo</username>
<id>43489</id>
</contributor>
<comment>Eu estou criando o numeral &quot;quadragíntuplo&quot;.</comment>
<model>wikitext</model>
<format>text/x-wiki</format>
<text bytes="686" xml:space="preserve">={{-pt-}}=
==Numeral multiplicativo==
{{flex.pt|ms=quadragíntuplo|mp=quadragíntuplos}}
{{proparoxítona|qua|dra|gín|tu|plo}}
# quantidade quarenta vezes maior que outra

==Ver também==
===No Wikcionário===
{{verTambém.Ini}}
*[[duplo]]
*[[triplo]]
*[[quádruplo]]
*[[quíntuplo]]
*[[sêxtuplo]]
{{verTambém.NovaColuna}}
*[[sétuplo]]
*[[óctuplo]]
*[[nônuplo]]
*[[décuplo]]
*[[undécuplo]]
{{verTambém.NovaColuna}}
*[[duodécuplo]]
*[[vigíntuplo]]
*[[trigíntuplo]]
*[[quinquagíntuplo]]
*[[sexagíntuplo]]
{{verTambém.NovaColuna}}
*[[septuagíntuplo]]
*[[octogíntuplo]]
*[[nonagíntuplo]]
*[[cêntuplo]]
{{verTambém.Fim}}

[[Categoria:Numeral multiplicativo (Português)]]</text>
<sha1>fofduo55apgp04xyr42sav7e0d2xdlm</sha1>
</revision>
</page>
