<title>quadrinhos</title>
<ns>0</ns>
<id>8753</id>
<revision>
<id>31278</id>
<timestamp>2005-07-23T23:30:22Z</timestamp>
<contributor>
<ip>201.4.58.10</ip>
</contributor>
<model>wikitext</model>
<format>text/x-wiki</format>
<text bytes="9211" xml:space="preserve">==Definição==

[[Image:Comics.jpg|thumb|200px|As histórias em quadrinhos podem ser em cores ou em preto e branco, nos mais diferentes formatos]]

A '''banda desenhada''', '''BD''',  '''história em quadrinhos''' ou '''HQ''' (em Portugal também é designada por '''livros aos quadradinhos''') é uma forma de [[arte seqüencial]] que conjuga texto e imagens com o objetivo de narrar histórias dos mais variados gêneros e estilos. São, em geral, publicadas no formato de revistas, livros ou de pequenos trechos editados em jornais e revistas.


==Histórico==

Através da atual BD é possível remontar aos tipos de registro pictórico utilizados pelo homem pré-histórico para representar, por meio de desenhos, suas crenças e o mundo ao seu redor. Ao longo da História da Humanidade esse tipo de registro se desenvolveu de várias formas, desde os [[hieróglifo]]s egípcios até a própria escrita alfabética.

Em sua história mais recente, a banda desenhada encontra seus precedentes nas [[sátira]]s políticas publicadas por jornais ingleses e norte-americanos, que traziam [[caricatura]]s acompanhadas de comentários ou pequenos diálogos humorísticos entre os personagens retratados. Mais tarde esse recurso daria origem aos &quot;balões&quot;, recurso gráfico que indica ao leitor qual dos personagens em cena está falando (donde o termo italiano &quot;fumetti&quot; - os balões lembram fumaça saindo da boca dos interlocutores).

A popularização dos quadrinhos se deu durante a [[Guerra Fria]], sendo utilizados pelos [[Estados Unidos da América|EUA]] como propaganda ideológica dentro de suas áreas de influência. Vários personagens como o [[Capitão América]] e [[Super-Homem]], têm sua origem nesse contexto, sendo criados como defensores da [[liberdade]] e da [[democracia]] contra vilões [[nazi-fascistas]]. Com esse apoio governamental, os quadrinhos granharam um público fixo e puderam ampliar a variedade de temas, indo muito além do maniqueísmo próprio ao período.

Por volta da década de 1950 os quadrinhos tiveram problemas com a censura americana. Na década de 1960 autores underground começaram a fazer quadrinhos priorizando o autoral. O americano Robert Crumb é considerado o nome mais importante deste meio. Influenciou muitos artistas do mundo todo a produzirem seus próprios trabalhos.

Entre os elementos de linguagem, além do já citado balão, podem ser destacados: o uso de sinais gráficos convencionados (como as [[onomatopéias]] para a tradução dos sons, pequenas estrelas sobre a cabeça de um personagem indicando dor ou tontura, o próprio formado do balão pode indicar o volume ou tom da fala e até mesmo informar que se trata de um pensamento); uso da &quot;calha&quot; para separar um quadro de outro e estabelecer um sentido de evolução no tempo entre as cenas representadas; uso de cartelas ou recordatórios para estabelecer uma &quot;voz do narrador&quot; dentro da história; e o uso de digramação versátil dos quadros, de acordo com a necessidade dramática de cada cena, entre outros.

[[Image:Comic-sketch.jpg|thumb|left|250px|Produção do desenho, a lápis]]

Com a popularização das mídias impressas, a partir da virada do século XIX para o XX a banda desenhada tornou-se imensamente popular em todo o mundo. Sua linguagem é cada vez mais apurada e, apesar de ser muitas vezes tratada, muitas vezes por puro preconceito, como uma forma de expressão menor seu respeito nos meios acadêmicos vem crescendo a cada dia.

Os quadrinhos são lidos pelas mais diversas faixas etárias, desde crianças em idade de alfabetização a idosos colecionadores.

Apesar de nunca ter sido oficialmente batizado, os quadrinhos receberam diferentes nomes ditados de acordo com as circustâncias específicas de diverosos países em que se estabeleceu.
Por exemplo, nos EUA, convencionou-se chamar de [[comics]], pois as primeiras ''historinhas'' eram de humor, cômicas; na França, eram publicadas em tiras - bandes - diariamente nos jornais e ficaram conhecidas por [[bandes-dessinées]]; na Itália, ganharam o nome dos balõezinhos ou fumacinhas ([[fumetti]]) que indicam a fala das personagens; na Espanha, chamou-se de [[tebeo]], nome de uma revista infantil ([[TBO]]), da mesma forma que, no Brasil, chamou-se por muito tempo de [[gibi]] (também nome de uma revista). Tudo, no entanto, se refere a mesma coisa: uma forma narrativa por meio de imagens fixas, ou seja, uma história narrada em seqüência de pequenos quadros. Nesse sentido, o nome utilizado no Brasil seria o mais adequado: uma [[história em quadrinhos]].

No [[Japão]] são chamados [[Mangá]]s que, por sua história e ampla diversidade, merecem um verbete à parte. Os autores japoneses são destaque na década de 2000 como os maiores sucessos comerciais do meio no mundo todo. É nesta época que os mangás se popularizam definitivamente por conta de suas altas vendagens na Europa, Estados Unidos e Brasil.

Hoje, os quadrinhos são publicados em mídias impressas e eletrônicas e agrega ao seu redor um universo de criações que são adaptadas aos games, ao cinema , as artes plásticas e produtos como brinquedos, coleções de roupas etc.

==Autores==
Por ordem alfabética:
*[[Adão Iturrusgarai]]
*[[Akira Toriyama]]
*[[André Dahmer]]
*[[Angeli]]
*[[Angelo Agostini]]
*[[Alan Moore]]
*[[Algarvio]]
*[[Alt]]
*[[André Leal]]
*[[Aurelio Gallepini]]
*[[Bob Kane]]
*[[Bruce Timm]]
*[[Carl Barks]]
*[[Carl Fallberg]]
*[[Carlos Zéfiro]]
*[[Chico Caruso]]
*[[Chris Claremont]]
*[[Daniel Azulay]]
*[[Daniel Trezub]]
*[[Dennis O'Neil]]
*[[Edgar P. Jacobs]]
*[[Felipe Koller]]
*[[Fernando Gonsales]]
*[[Frank Miller]]
*[[Gallieno Ferri]]
*[[Garth Ennis]]
*[[George Herriman]]
*[[George Pérez]]
*[[Giovanni Luigi Bonelli]]
*[[Gordons]]
*[[Grant Morrison]]
*[[Harry Lampert]]
*[[Henfil]]
*[[Hergé]]
*[[Hugo Pratt]]
*[[Jaguar]]
*[[James Kochalka]]
*[[Jack Kirby]]
*[[Jerry Siegel]]
*[[Jim Shooter]]
*[[Joe Quesada]]
*[[Joe Shuster]]
*[[Keith Giffen]]
*[[Kevin Maguire]]
*[[Kevin Smith]]
*[[Laerte]]
*[[Luis Fernando Verissimo]]
*[[Maitena]]
*[[Marcio Morais]]
*[[Masashi Tanaka]]
*[[Maurício de Souza]]
*[[Miguelanxo Prado]]
*[[Mike Mignola]]
*[[Neil Gaiman]]
*[[Jean_Giraud|Moebius (Jean Giraud)]]
*[[Jonh Byrne]]
*[[Paul Murry]]
*[[Paul Dini]]
*[[Paulo Caruso]]
*[[Péricles (cartunista)]]
*[[Quino]]
*[[Sam Keith]]
*[[Sergio Aragonés]]
*[[Stan Lee]]
*[[Todd McFarlane]]
*[[Albert Uderzo|Uderzo]] &amp; [[René Goscinny|Gosciny]]
*[[Victor Hugo Carballo]]
*[[Warren Ellis]]
*[[Weaver Lima]]
*[[Will Eisner]]
*[[Winsor McCay]]
*[[Ziraldo]]

== Algumas séries célebres de BD ==
[[Image:Boy reading marvel comics.jpg|thumb|200px|Menino lendo quadrinhos de heróis Marvel]]
Por ordem alfabética:
* [[Akira]]
* [[Asterix]]
* [[Batman (banda desenhada)|Batman]]
* [[Belinda]]
* [[Blake e Mortimer]]
* [http://pt.wikipedia.org/wiki/Brigada_%C3%94nix A Brigada Ônix]
* [[Calvin e Hobbes]]
* [[Cebolinha]]
* [[Corto Maltese]]
* [[Dan Cooper]]
* [[Dilbert]]
* [[Fantasma]]
* [[Garfield]]
* [[Gompy]]
* [[Gon]]
* [[Groo, o Errante]]
* [[Hagar, o Horrível]]
* [[Hellblazer]]
* [[Hellboy]]
* [[Homem-Aranha]]
* [[Krazy Kat]]
* [[Little Nemo]]
* [[Mad]]
* [[Mafalda]]
* [[Megatokyo]]
* [[Malvados]]
* [[Maxx]]
* [[Mônica]]
* [[Mulher Maravilha]]
* [[Níquel Náusea]]
* [[O Mago de Id]]
* [[Pato Donald]]
* [[Peanuts]]
* [[Turma do Pererê|Pererê]]
* [[Popeye]]
* [[Preacher]]
* [[Rê Bordosa]]
* [[Recruta Zero]]
* [[Reco-Reco, Bolão e Azeitona]]
* [[Turma do Pererê|Sací Pererê]]
* [[Sandman]]
* [[Snoopy]]
* [[Spawn]]
* [[Strikeforce Morituri]]
* [[Super-Homem]]
* [[Surfista Prateado]]
* [[Tex]]
* [[Tintim]]
* [[Turma do Pererê]]
* [[Tio Patinhas]]
* [[X-Men]]
* [[Zagor]]
* [[Zé Carioca]]

== Principais editoras ==
'''[[Brasil]]''':
*[[Editora Abril|Abril]]
*Brainstore
*Conrad
*Comic Store
*Devir
*[[Ebal]]
*GEP
*[[Editora Globo|Globo]]
*JBC
*[[Editora Mythos|Mythos]]
*Opera Graphica
*Panini
*Tapejara
*Via Lettera
*[[Nona Arte]]

'''[[Estados Unidos da América|EUA]]''':
*[[DC Comics]]
*[[Dark Horse Comics]]
*[[Fantagraphics]]
*[[Image Comics]]
**[[Top Cow Productions]]
*[[King Features Syndicate]]
*[[Marvel Comics]]
*[[Oni Press]]
*[[Top Shelf Productions]]
*[[United Features Syndicate]]

'''[[França]]''' e '''[[Bélgica]]''':
*[[Casterman]]
*[[Delcourt]]
*[[Glénat]]
*[[Les Humanoïdes Associés]]
*[[Média-Participations]]
**[[Dargaud]]
**[[Dupuis]]


'''[[Itália]]''':
*[[Panini Comics]]
*[[Sergio Bonelli Editore]]
*[[The Walt Disney Company Italia]]

'''[[Portugal]]''':
*Asa
*Bizâncio
*Booktree
*Devir
*Edimpresa
*Gradiva
*Meribérica
*Polvo
*Witloof
*Vitamina BD

[[Categoria:Banda Desenhada|*]]

[[ca:Còmic]]
[[da:Tegneserie]]
[[de:Comic]]
[[en:Comics]]
[[eo:Komikso]]
[[es:Historieta]]
[[fi:Sarjakuva]]
[[fr:Bande dessinée]]
[[hr:Strip]]
[[id:Manga]]
[[is:Teiknimyndasaga]]
[[it:Fumetto]]
[[ja:漫画]]
[[ko:만화]]
[[la:Comicus]]
[[nl:Stripverhaal]]
[[no:Tegneserie]]
[[pl:Komiks]]
[[ru:Манга]]
[[simple:Comics]]
[[sv:Tecknad serie]]
[[th:การ์ตูนญี่ปุ่น]]
[[zh:漫画]]

== Revistas Especializadas ==
*[[Central Comics]]
*[[MdM - Melhores do Mundo]]
*[[Sobrecarga]]
*[[Wizard]]

{{esboço}}</text>
<sha1>nnopnyzd0mctxlqxbsk0tjide766vhr</sha1>
</revision>
<revision>
<id>31628</id>
<parentid>31278</parentid>
<timestamp>2005-07-26T14:15:38Z</timestamp>
<contributor>
<username>Leuadeque</username>
<id>21</id>
</contributor>
<comment>retirada de conteúdo enciclopédico</comment>
<model>wikitext</model>
<format>text/x-wiki</format>
<text bytes="462" xml:space="preserve">[[Imagem:Comics.jpg|thumb|200px|quadrinhos]]
= Português =
== Substantivo ==
'''qua.dri.nhos''' ''masculino plural''

:# Forma de [[arte]] seqüencial que conjuga [[texto]] e [[imagem|imagens]] com o objetivo de narrar [[história]]s.

== Sinônimos ==
* [[banda desenhada]]
* [[BD]]
* [[história em quadrinhos]]
* [[HQ]]
* ''(Portugal)'' [[livro aos quadradinhos]]

== Etimologia ==
:Plural do diminutivo de [[quadro]].

[[Categoria:Substantivo (Português)]]</text>
<sha1>mvq6vy2h57hn5e5uyce6h0tccvg6xlu</sha1>
</revision>
<revision>
<id>31665</id>
<parentid>31628</parentid>
<timestamp>2005-07-26T15:14:53Z</timestamp>
<contributor>
<username>Ensjo</username>
<id>4</id>
</contributor>
<comment>+ia</comment>
<model>wikitext</model>
<format>text/x-wiki</format>
<text bytes="515" xml:space="preserve">[[Imagem:Comics.jpg|thumb|200px|quadrinhos]]
= Português =
== Substantivo ==
'''qua.dri.nhos''' ''masculino plural''

:# Forma de [[arte]] seqüencial que conjuga [[texto]] e [[imagem|imagens]] com o objetivo de narrar [[história]]s.

===Tradução===
*{{ia}}: [[historietta designate]]

== Sinônimos ==
* [[banda desenhada]]
* [[BD]]
* [[história em quadrinhos]]
* [[HQ]]
* ''(Portugal)'' [[livro aos quadradinhos]]

== Etimologia ==
:Plural do diminutivo de [[quadro]].

[[Categoria:Substantivo (Português)]]</text>
<sha1>fidn4rhku6e3sr98cym88q2cbq4y5tr</sha1>
</revision>
<revision>
<id>31752</id>
<parentid>31665</parentid>
<timestamp>2005-07-26T20:09:09Z</timestamp>
<contributor>
<username>Jtlopes</username>
<id>279</id>
</contributor>
<model>wikitext</model>
<format>text/x-wiki</format>
<text bytes="536" xml:space="preserve">[[Imagem:Comics.jpg|thumb|200px|quadrinhos]]
= Português =
== Substantivo ==
'''qua.dri.nhos''' ''masculino plural''

:# Forma de [[arte]] seqüencial que conjuga [[texto]] e [[imagem|imagens]] com o objetivo de narrar [[história]]s.

===Tradução===
*{{ia}}: [[historietta designate]]

== Sinônimos ==
* [[banda desenhada]]
* [[BD]]
* [[história em quadrinhos]]
* [[HQ]]
* ''(Portugal)'' [[livro aos quadradinhos]]

== Etimologia ==
:Plural do diminutivo de [[quadro]].

[[Categoria:Substantivo (Português)]]
[[Categoria:Figura]]</text>
<sha1>kurohumr5vccb6mgyszx1ly1s36vp1t</sha1>
</revision>
<revision>
<id>31833</id>
<parentid>31752</parentid>
<timestamp>2005-07-27T03:56:29Z</timestamp>
<contributor>
<username>E-roxo</username>
<id>27</id>
</contributor>
<model>wikitext</model>
<format>text/x-wiki</format>
<text bytes="565" xml:space="preserve">[[Imagem:Comics.jpg|thumb|200px|quadrinhos]]
= Português =
{{SignPtbr|banda desenhada}}
== Substantivo ==
'''qua.dri.nhos''' ''masculino plural''

:# Forma de [[arte]] seqüencial que conjuga [[texto]] e [[imagem|imagens]] com o objetivo de narrar [[história]]s.

===Tradução===
*{{ia}}: [[historietta designate]]

== Sinônimos ==
* [[banda desenhada]]
* [[BD]]
* [[história em quadrinhos]]
* [[HQ]]
* ''(Portugal)'' [[livro aos quadradinhos]]

== Etimologia ==
:Plural do diminutivo de [[quadro]].

[[Categoria:Substantivo (Português)]]
[[Categoria:Figura]]</text>
<sha1>jgcfh8c1wz0cp7wluxxvuloq5zw52pf</sha1>
</revision>
<revision>
<id>31834</id>
<parentid>31833</parentid>
<timestamp>2005-07-27T03:57:14Z</timestamp>
<contributor>
<username>E-roxo</username>
<id>27</id>
</contributor>
<model>wikitext</model>
<format>text/x-wiki</format>
<text bytes="565" xml:space="preserve">[[Imagem:Comics.jpg|thumb|200px|quadrinhos]]
= Português =


{{SignBr|banda desenhada}}
== Substantivo ==
'''qua.dri.nhos''' ''masculino plural''

:# Forma de [[arte]] seqüencial que conjuga [[texto]] e [[imagem|imagens]] com o objetivo de narrar [[história]]s.

===Tradução===
*{{ia}}: [[historietta designate]]

== Sinônimos ==
* [[banda desenhada]]
* [[BD]]
* [[história em quadrinhos]]
* [[HQ]]
* ''(Portugal)'' [[livro aos quadradinhos]]

== Etimologia ==
:Plural do diminutivo de [[quadro]].

[[Categoria:Substantivo (Português)]]
[[Categoria:Figura]]</text>
<sha1>r52vmei8iu5golqra4xzr25j3b88p8f</sha1>
</revision>
<revision>
<id>67396</id>
<parentid>31834</parentid>
<timestamp>2006-01-31T14:08:44Z</timestamp>
<contributor>
<username>RobotGMwikt</username>
<id>407</id>
</contributor>
<minor />
<comment>Bot:  Adicionando: fr</comment>
<model>wikitext</model>
<format>text/x-wiki</format>
<text bytes="584" xml:space="preserve">[[Imagem:Comics.jpg|thumb|200px|quadrinhos]]
= Português =


{{SignBr|banda desenhada}}
== Substantivo ==
'''qua.dri.nhos''' ''masculino plural''

:# Forma de [[arte]] seqüencial que conjuga [[texto]] e [[imagem|imagens]] com o objetivo de narrar [[história]]s.

===Tradução===
*{{ia}}: [[historietta designate]]

== Sinônimos ==
* [[banda desenhada]]
* [[BD]]
* [[história em quadrinhos]]
* [[HQ]]
* ''(Portugal)'' [[livro aos quadradinhos]]

== Etimologia ==
:Plural do diminutivo de [[quadro]].

[[Categoria:Substantivo (Português)]]
[[Categoria:Figura]]

[[fr:quadrinhos]]</text>
<sha1>5kr3q964q7sfdpapg1d2hurn16k7br5</sha1>
</revision>
<revision>
<id>89180</id>
<parentid>67396</parentid>
<timestamp>2006-02-23T00:55:07Z</timestamp>
<contributor>
<username>Conversion script</username>
<id>0</id>
</contributor>
<minor />
<comment>[[Quadrinhos]] movido para [[quadrinhos]]: Converting page titles to lowercase</comment>
<model>wikitext</model>
<format>text/x-wiki</format>
<text bytes="584" xml:space="preserve">[[Imagem:Comics.jpg|thumb|200px|quadrinhos]]
= Português =


{{SignBr|banda desenhada}}
== Substantivo ==
'''qua.dri.nhos''' ''masculino plural''

:# Forma de [[arte]] seqüencial que conjuga [[texto]] e [[imagem|imagens]] com o objetivo de narrar [[história]]s.

===Tradução===
*{{ia}}: [[historietta designate]]

== Sinônimos ==
* [[banda desenhada]]
* [[BD]]
* [[história em quadrinhos]]
* [[HQ]]
* ''(Portugal)'' [[livro aos quadradinhos]]

== Etimologia ==
:Plural do diminutivo de [[quadro]].

[[Categoria:Substantivo (Português)]]
[[Categoria:Figura]]

[[fr:quadrinhos]]</text>
<sha1>5kr3q964q7sfdpapg1d2hurn16k7br5</sha1>
</revision>
<revision>
<id>1214580</id>
<parentid>89180</parentid>
<timestamp>2011-07-10T17:38:51Z</timestamp>
<contributor>
<username>MalafayaBot</username>
<id>628</id>
</contributor>
<minor />
<comment>Robô: Substituição de texto automática (-^\=\s?Português\s?\= +={{-pt-}}= &amp; -^\=\s?\{\{pt\}\}\s?\= +={{-pt-}}=)</comment>
<model>wikitext</model>
<format>text/x-wiki</format>
<text bytes="580" xml:space="preserve">[[Imagem:Comics.jpg|thumb|200px|quadrinhos]]
={{-pt-}}=


{{SignBr|banda desenhada}}
== Substantivo ==
'''qua.dri.nhos''' ''masculino plural''

:# Forma de [[arte]] seqüencial que conjuga [[texto]] e [[imagem|imagens]] com o objetivo de narrar [[história]]s.

===Tradução===
*{{ia}}: [[historietta designate]]

== Sinônimos ==
* [[banda desenhada]]
* [[BD]]
* [[história em quadrinhos]]
* [[HQ]]
* ''(Portugal)'' [[livro aos quadradinhos]]

== Etimologia ==
:Plural do diminutivo de [[quadro]].

[[Categoria:Substantivo (Português)]]
[[Categoria:Figura]]

[[fr:quadrinhos]]</text>
<sha1>cvy19opg8nfc8xs7pq2mhxj05afk5hz</sha1>
</revision>
<revision>
<id>1250338</id>
<parentid>1214580</parentid>
<timestamp>2011-09-23T14:54:52Z</timestamp>
<contributor>
<username>Sevenlavide</username>
<id>26538</id>
</contributor>
<comment>/* Sinônimos */</comment>
<model>wikitext</model>
<format>text/x-wiki</format>
<text bytes="591" xml:space="preserve">[[Imagem:Comics.jpg|thumb|200px|quadrinhos]]
={{-pt-}}=


{{SignBr|banda desenhada}}
== Substantivo ==
'''qua.dri.nhos''' ''masculino plural''

:# Forma de [[arte]] seqüencial que conjuga [[texto]] e [[imagem|imagens]] com o objetivo de narrar [[história]]s.

===Tradução===
*{{ia}}: [[historietta designate]]

== Sinônimos ==
* [[banda desenhada]]
* [[BD]]
* [[história em quadrinhos]]
* [[Gibi]]
* [[HQ]]
* ''(Portugal)'' [[livro aos quadradinhos]]

== Etimologia ==
:Plural do diminutivo de [[quadro]].

[[Categoria:Substantivo (Português)]]
[[Categoria:Figura]]

[[fr:quadrinhos]]</text>
<sha1>4qsot0nedu1bqkwaqqdw6u71jg278ad</sha1>
</revision>
<revision>
<id>1250340</id>
<parentid>1250338</parentid>
<timestamp>2011-09-23T15:00:29Z</timestamp>
<contributor>
<username>Malafaya</username>
<id>313</id>
</contributor>
<minor />
<comment>/* Sinônimos */</comment>
<model>wikitext</model>
<format>text/x-wiki</format>
<text bytes="591" xml:space="preserve">[[Imagem:Comics.jpg|thumb|200px|quadrinhos]]
={{-pt-}}=


{{SignBr|banda desenhada}}
== Substantivo ==
'''qua.dri.nhos''' ''masculino plural''

:# Forma de [[arte]] seqüencial que conjuga [[texto]] e [[imagem|imagens]] com o objetivo de narrar [[história]]s.

===Tradução===
*{{ia}}: [[historietta designate]]

== Sinônimos ==
* [[banda desenhada]]
* [[BD]]
* [[história em quadrinhos]]
* [[gibi]]
* [[HQ]]
* ''(Portugal)'' [[livro aos quadradinhos]]

== Etimologia ==
:Plural do diminutivo de [[quadro]].

[[Categoria:Substantivo (Português)]]
[[Categoria:Figura]]

[[fr:quadrinhos]]</text>
<sha1>4c7rvx0ohf3pdjk6fh25ah5ncoqf7ii</sha1>
</revision>
<revision>
<id>1267294</id>
<parentid>1250340</parentid>
<timestamp>2011-10-24T11:04:21Z</timestamp>
<contributor>
<username>ValJor</username>
<id>1358</id>
</contributor>
<comment>Melhorando a apresentação do verbete</comment>
<model>wikitext</model>
<format>text/x-wiki</format>
<text bytes="730" xml:space="preserve">[[Imagem:Comics.jpg|thumb|200px|quadrinhos]]
{{SignBr|banda desenhada}}

={{-pt-}}=
==Substantivo==
{{flex.pt|ms=-|mp=quadrinhos}}
{{paroxítona|qua|dri|nhos}}
# forma de [[arte]] sequencial que conjuga [[texto]] e [[imagem|imagens]] com o objetivo de narrar [[história]]s

===Sinônimos===
{{verTambém.Ini}}
* [[banda desenhada]]
* [[BD]]
* [[gibi]]
{{verTambém.NovaColuna}}
* [[história em quadrinhos]]
* [[HQ]]
* {{escopo|Portugal}} [[livro aos quadradinhos]]
{{verTambém.Fim}}

===Tradução===
{{tradini}}
* {{trad|ia|historietta designate}}
{{tradmeio}}
{{tradfim}}

=={{etimologia|pt}}==
: Plural do diminutivo de [[quadro]].

[[Categoria:Substantivo (Português)]]
[[Categoria:Figura (Português)]]

[[fr:quadrinhos]]</text>
<sha1>58yap07fyamn2ggmfm2b1dqjmz895en</sha1>
</revision>
<revision>
<id>1517360</id>
<parentid>1267294</parentid>
<timestamp>2012-11-07T21:42:24Z</timestamp>
<contributor>
<username>VJBot</username>
<id>33673</id>
</contributor>
<minor />
<comment>Robô: Substituição de texto automática  (-{{SignBr| +{{signBr|)</comment>
<model>wikitext</model>
<format>text/x-wiki</format>
<text bytes="730" xml:space="preserve">[[Imagem:Comics.jpg|thumb|200px|quadrinhos]]
{{signBr|banda desenhada}}

={{-pt-}}=
==Substantivo==
{{flex.pt|ms=-|mp=quadrinhos}}
{{paroxítona|qua|dri|nhos}}
# forma de [[arte]] sequencial que conjuga [[texto]] e [[imagem|imagens]] com o objetivo de narrar [[história]]s

===Sinônimos===
{{verTambém.Ini}}
* [[banda desenhada]]
* [[BD]]
* [[gibi]]
{{verTambém.NovaColuna}}
* [[história em quadrinhos]]
* [[HQ]]
* {{escopo|Portugal}} [[livro aos quadradinhos]]
{{verTambém.Fim}}

===Tradução===
{{tradini}}
* {{trad|ia|historietta designate}}
{{tradmeio}}
{{tradfim}}

=={{etimologia|pt}}==
: Plural do diminutivo de [[quadro]].

[[Categoria:Substantivo (Português)]]
[[Categoria:Figura (Português)]]

[[fr:quadrinhos]]</text>
<sha1>550a88x0gm68eszpwrwc6szz1fkc3f2</sha1>
</revision>
<revision>
<id>1618740</id>
<parentid>1517360</parentid>
<timestamp>2013-01-21T23:22:20Z</timestamp>
<contributor>
<username>MalafayaBot</username>
<id>628</id>
</contributor>
<minor />
<comment>Robô: A modificar Categoria:Figura (Português) para Categoria:Entrada com imagem (Português)</comment>
<model>wikitext</model>
<format>text/x-wiki</format>
<text bytes="742" xml:space="preserve">[[Imagem:Comics.jpg|thumb|200px|quadrinhos]]
{{signBr|banda desenhada}}

={{-pt-}}=
==Substantivo==
{{flex.pt|ms=-|mp=quadrinhos}}
{{paroxítona|qua|dri|nhos}}
# forma de [[arte]] sequencial que conjuga [[texto]] e [[imagem|imagens]] com o objetivo de narrar [[história]]s

===Sinônimos===
{{verTambém.Ini}}
* [[banda desenhada]]
* [[BD]]
* [[gibi]]
{{verTambém.NovaColuna}}
* [[história em quadrinhos]]
* [[HQ]]
* {{escopo|Portugal}} [[livro aos quadradinhos]]
{{verTambém.Fim}}

===Tradução===
{{tradini}}
* {{trad|ia|historietta designate}}
{{tradmeio}}
{{tradfim}}

=={{etimologia|pt}}==
: Plural do diminutivo de [[quadro]].

[[Categoria:Substantivo (Português)]]
[[Categoria:Entrada com imagem (Português)]]

[[fr:quadrinhos]]</text>
<sha1>hslwtdp4h4lpp28r8zglnh2nmwmzdf8</sha1>
</revision>
<revision>
<id>1796267</id>
<parentid>1618740</parentid>
<timestamp>2013-12-27T04:06:09Z</timestamp>
<contributor>
<username>Policionarista</username>
<id>43004</id>
</contributor>
<model>wikitext</model>
<format>text/x-wiki</format>
<text bytes="823" xml:space="preserve">[[Imagem:Comics.jpg|thumb|200px|quadrinhos]]
{{signBr|banda desenhada}}

={{-pt-}}=
==Substantivo==
{{flex.pt|ms=-|mp=quadrinhos}}
{{paroxítona|qua|dri|nhos}}
# forma de [[arte]] sequencial que conjuga [[texto]] e [[imagem|imagens]] com o objetivo de narrar [[história]]s

===Sinônimos===
{{verTambém.Ini}}
* [[banda desenhada]]
* [[BD]]
* [[gibi]]
{{verTambém.NovaColuna}}
* [[história em quadrinhos]]
* [[HQ]]
* {{escopo|Portugal}} [[livro aos quadradinhos]]
{{verTambém.Fim}}

===Tradução===
{{tradini}}
* {{trad|ia|historietta designate}}
{{tradmeio}}
{{tradfim}}

==Forma de substantivo==
# plural do diminutivo de [[quadro]]; quadros pequenos

=={{etimologia|pt}}==
: Plural do diminutivo de [[quadro]].

[[Categoria:Substantivo (Português)]]
[[Categoria:Entrada com imagem (Português)]]

[[fr:quadrinhos]]</text>
<sha1>tredwu0197tjq0prqa0qxnxpyfuwx36</sha1>
</revision>
<revision>
<id>2038845</id>
<parentid>1796267</parentid>
<timestamp>2015-11-20T11:03:43Z</timestamp>
<contributor>
<username>ValJor</username>
<id>1358</id>
</contributor>
<comment>Melhorando a apresentação do verbete</comment>
<model>wikitext</model>
<format>text/x-wiki</format>
<text bytes="876" xml:space="preserve">[[Imagem:Comics.jpg|thumb|200px|quadrinhos]]
{{signBr|banda desenhada}}

={{-pt-}}=
==Substantivo==
{{flex.pt|ms=-|mp=quadrinhos}}
{{paroxítona|qua|dri|nhos}}
# forma de [[arte]] sequencial que conjuga [[texto]] e [[imagem|imagens]] com o objetivo de narrar [[história]]s

===Sinônimos===
{{verTambém.Ini}}
* [[banda desenhada]]
* [[BD]]
* [[gibi]]
{{verTambém.NovaColuna}}
* [[história em quadrinhos]]
* [[HQ]]
* {{escopo|Portugal}} [[livro aos quadradinhos]]
{{verTambém.Fim}}

===Tradução===
{{tradini}}
* {{trad|ia|historietta designate}}
{{tradmeio}}
{{tradfim}}

==Forma de substantivo==
{{paroxítona|qua|dri|nhos}}
# plural do diminutivo de [[quadro]]; quadros pequenos

{{avi-for-fle|quadro}}

=={{etimologia|pt}}==
: Plural do diminutivo de [[quadro]].

[[Categoria:Substantivo (Português)]]
[[Categoria:Entrada com imagem (Português)]]

[[fr:quadrinhos]]</text>
<sha1>l743i8riimvzv3ateixh3y3zwhzdwrh</sha1>
</revision>
<revision>
<id>2134269</id>
<parentid>2038845</parentid>
<timestamp>2016-06-09T22:13:01Z</timestamp>
<contributor>
<username>UT-interwiki-Bot</username>
<id>56129</id>
</contributor>
<minor />
<comment>Robô: A adicionar: [[en:quadrinhos]]</comment>
<model>wikitext</model>
<format>text/x-wiki</format>
<text bytes="894" xml:space="preserve">[[Imagem:Comics.jpg|thumb|200px|quadrinhos]]
{{signBr|banda desenhada}}

={{-pt-}}=
==Substantivo==
{{flex.pt|ms=-|mp=quadrinhos}}
{{paroxítona|qua|dri|nhos}}
# forma de [[arte]] sequencial que conjuga [[texto]] e [[imagem|imagens]] com o objetivo de narrar [[história]]s

===Sinônimos===
{{verTambém.Ini}}
* [[banda desenhada]]
* [[BD]]
* [[gibi]]
{{verTambém.NovaColuna}}
* [[história em quadrinhos]]
* [[HQ]]
* {{escopo|Portugal}} [[livro aos quadradinhos]]
{{verTambém.Fim}}

===Tradução===
{{tradini}}
* {{trad|ia|historietta designate}}
{{tradmeio}}
{{tradfim}}

==Forma de substantivo==
{{paroxítona|qua|dri|nhos}}
# plural do diminutivo de [[quadro]]; quadros pequenos

{{avi-for-fle|quadro}}

=={{etimologia|pt}}==
: Plural do diminutivo de [[quadro]].

[[Categoria:Substantivo (Português)]]
[[Categoria:Entrada com imagem (Português)]]

[[en:quadrinhos]]
[[fr:quadrinhos]]</text>
<sha1>h2w21njold38xozbbpg0736511yr1x8</sha1>
</revision>
<revision>
<id>2396703</id>
<parentid>2134269</parentid>
<timestamp>2017-05-13T10:58:23Z</timestamp>
<contributor>
<username>HydrizBot</username>
<id>29590</id>
</contributor>
<minor />
<comment>Robô: A limpar links interwikis antigos</comment>
<model>wikitext</model>
<format>text/x-wiki</format>
<text bytes="857" xml:space="preserve">[[Imagem:Comics.jpg|thumb|200px|quadrinhos]]
{{signBr|banda desenhada}}

={{-pt-}}=
==Substantivo==
{{flex.pt|ms=-|mp=quadrinhos}}
{{paroxítona|qua|dri|nhos}}
# forma de [[arte]] sequencial que conjuga [[texto]] e [[imagem|imagens]] com o objetivo de narrar [[história]]s

===Sinônimos===
{{verTambém.Ini}}
* [[banda desenhada]]
* [[BD]]
* [[gibi]]
{{verTambém.NovaColuna}}
* [[história em quadrinhos]]
* [[HQ]]
* {{escopo|Portugal}} [[livro aos quadradinhos]]
{{verTambém.Fim}}

===Tradução===
{{tradini}}
* {{trad|ia|historietta designate}}
{{tradmeio}}
{{tradfim}}

==Forma de substantivo==
{{paroxítona|qua|dri|nhos}}
# plural do diminutivo de [[quadro]]; quadros pequenos

{{avi-for-fle|quadro}}

=={{etimologia|pt}}==
: Plural do diminutivo de [[quadro]].

[[Categoria:Substantivo (Português)]]
[[Categoria:Entrada com imagem (Português)]]</text>
<sha1>ft1duq4fssft8h008atccfzs1nuye7p</sha1>
</revision>
<revision>
<id>2602001</id>
<parentid>2396703</parentid>
<timestamp>2020-11-14T13:11:43Z</timestamp>
<contributor>
<username>ValJor</username>
<id>1358</id>
</contributor>
<comment>Trocando escopo por escopo2</comment>
<model>wikitext</model>
<format>text/x-wiki</format>
<text bytes="929" xml:space="preserve">[[Imagem:Comics.jpg|thumb|right|250px|&lt;center&gt;Quadrinhos&lt;/center&gt;]]
{{signBr|banda desenhada}}

={{-pt-}}=
==Substantivo==
{{flex.pt|ms=-|mp=quadrinhos}}
{{paroxítona|qua|dri|nhos}}
# forma de [[arte]] sequencial que conjuga [[texto]] e [[imagem|imagens]] com o objetivo de narrar [[história]]s

===Sinônimos===
{{verTambém.Ini}}
* [[banda desenhada]]
* [[BD]]
* [[gibi]]
{{verTambém.NovaColuna}}
* [[história em quadrinhos]]
* [[HQ]]
* {{escopo2|Portugal}} [[livro aos quadradinhos]]
{{verTambém.Fim}}

===Tradução===
{{tradini}}
* {{trad|ia|historietta designate}}
{{tradmeio}}
{{tradfim}}

==Forma de substantivo==
{{paroxítona|qua|dri|nhos}}
# plural do diminutivo de [[quadro]]; quadros pequenos

{{avi-for-fle|quadro}}

=={{etimologia|pt}}==
: Plural do diminutivo de [[quadro]].

[[Categoria:Substantivo (Português)]]
[[Categoria:Forma de substantivo (Português)]]
[[Categoria:Entrada com imagem (Português)]]</text>
<sha1>fv43o1272dj40217fkx0pvt4pvtv8ty</sha1>
</revision>
</page>
