<title>quadrups</title>
<ns>0</ns>
<id>78686</id>
<revision>
<id>304103</id>
<timestamp>2007-10-10T00:03:27Z</timestamp>
<contributor>
<username>Eusbarbosa</username>
<id>117</id>
</contributor>
<comment>[[Ajuda:Menus e funções/Sumário de edição#Sumário de edição automático|→]] nova página: ={{la}}= ==Adjetivo== '''quadrups, quadrupedis'''  :# [[quadrúpede]]    {{decl.la.adjsegclas.impa...</comment>
<model>wikitext</model>
<format>text/x-wiki</format>
<text bytes="154" xml:space="preserve">={{la}}=
==Adjetivo==
'''quadrups, quadrupedis'''

:# [[quadrúpede]]



{{decl.la.adjsegclas.impar2|quadrups|quadruped}}

[[Categoria:Adjectivo (Latim)]]</text>
<sha1>pwfyl47lcz4v8zg1hlyk0rqf7f41pfp</sha1>
</revision>
<revision>
<id>449940</id>
<parentid>304103</parentid>
<timestamp>2009-04-18T20:58:54Z</timestamp>
<contributor>
<username>Cadum-Bot</username>
<id>8150</id>
</contributor>
<minor />
<comment>Adjetivo...</comment>
<model>wikitext</model>
<format>text/x-wiki</format>
<text bytes="153" xml:space="preserve">={{la}}=
==Adjetivo==
'''quadrups, quadrupedis'''

:# [[quadrúpede]]



{{decl.la.adjsegclas.impar2|quadrups|quadruped}}

[[Categoria:Adjetivo (Latim)]]</text>
<sha1>6f3isc6xxrsflxkem7sqt746ap8u9ew</sha1>
</revision>
<revision>
<id>1316360</id>
<parentid>449940</parentid>
<timestamp>2011-12-02T13:55:18Z</timestamp>
<contributor>
<username>MalafayaBot</username>
<id>628</id>
</contributor>
<minor />
<comment>Robô: Substituição de texto automática (-^\=(\s*?)(\{\{la\}\}|Latim)(\s*?)\= +={{-la-}}=)</comment>
<model>wikitext</model>
<format>text/x-wiki</format>
<text bytes="155" xml:space="preserve">={{-la-}}=
==Adjetivo==
'''quadrups, quadrupedis'''

:# [[quadrúpede]]



{{decl.la.adjsegclas.impar2|quadrups|quadruped}}

[[Categoria:Adjetivo (Latim)]]</text>
<sha1>h3g065cx0q5anurimcjnpgl7m7qvud6</sha1>
</revision>
</page>
