<title>quadrinho</title>
<ns>0</ns>
<id>320572</id>
<revision>
<id>1780926</id>
<timestamp>2013-12-05T01:55:42Z</timestamp>
<contributor>
<username>Sturm</username>
<id>37327</id>
</contributor>
<comment>[[Ajuda:Guia de edição/Menus e ferramentas/Sumário de edição|→]] nova página: {{Wikipédia}}  ={{-pt-}}= == Substantivo == {{flex.pt|ms=quadrinho|mp=quadrinhos}} {{paroxítona|qua|dri|nho...</comment>
<model>wikitext</model>
<format>text/x-wiki</format>
<text bytes="201" xml:space="preserve">{{Wikipédia}}

={{-pt-}}=
== Substantivo ==
{{flex.pt|ms=quadrinho|mp=quadrinhos}}
{{paroxítona|qua|dri|nho}}, {{m}}
# [[quadro]] pequeno
# arte [[sequencial]]

[[Categoria:Substantivo (Português)]]</text>
<sha1>tm19vm72dyh5sqmimbhbwn1f9kakdyb</sha1>
</revision>
<revision>
<id>1789419</id>
<parentid>1780926</parentid>
<timestamp>2013-12-18T21:58:30Z</timestamp>
<contributor>
<username>MalafayaBot</username>
<id>628</id>
</contributor>
<minor />
<comment>r2.7.5) (Robô: A adicionar: [[mg:quadrinho]]</comment>
<model>wikitext</model>
<format>text/x-wiki</format>
<text bytes="219" xml:space="preserve">{{Wikipédia}}

={{-pt-}}=
== Substantivo ==
{{flex.pt|ms=quadrinho|mp=quadrinhos}}
{{paroxítona|qua|dri|nho}}, {{m}}
# [[quadro]] pequeno
# arte [[sequencial]]

[[Categoria:Substantivo (Português)]]

[[mg:quadrinho]]</text>
<sha1>ms62m95d87c110kogs0ds432okhc69y</sha1>
</revision>
<revision>
<id>2134270</id>
<parentid>1789419</parentid>
<timestamp>2016-06-09T22:13:10Z</timestamp>
<contributor>
<username>UT-interwiki-Bot</username>
<id>56129</id>
</contributor>
<minor />
<comment>Robô: A adicionar: [[en:quadrinho]]</comment>
<model>wikitext</model>
<format>text/x-wiki</format>
<text bytes="236" xml:space="preserve">{{Wikipédia}}

={{-pt-}}=
== Substantivo ==
{{flex.pt|ms=quadrinho|mp=quadrinhos}}
{{paroxítona|qua|dri|nho}}, {{m}}
# [[quadro]] pequeno
# arte [[sequencial]]

[[Categoria:Substantivo (Português)]]

[[en:quadrinho]]
[[mg:quadrinho]]</text>
<sha1>5o2hihynmgfx9avt7xw04pfmy0umiyo</sha1>
</revision>
<revision>
<id>2194489</id>
<parentid>2134270</parentid>
<timestamp>2016-11-05T21:36:02Z</timestamp>
<contributor>
<username>Hyju</username>
<id>7560</id>
</contributor>
<comment>/* Substantivo */</comment>
<model>wikitext</model>
<format>text/x-wiki</format>
<text bytes="236" xml:space="preserve">{{Wikipédia}}

={{-pt-}}=
== Substantivo ==
{{flex.pt|ms=quadrinho|mp=quadrinhos}}
{{paroxítona|qua|dri|nho}}, {{m}}
# [[quadro]] pequeno
# [[arte sequencial]]

[[Categoria:Substantivo (Português)]]

[[en:quadrinho]]
[[mg:quadrinho]]</text>
<sha1>gt4kp9yfaempg201lsrk00g3gnczv3v</sha1>
</revision>
<revision>
<id>2261452</id>
<parentid>2194489</parentid>
<timestamp>2017-04-19T02:25:36Z</timestamp>
<contributor>
<username>Askekamo</username>
<id>60711</id>
</contributor>
<comment>de https://pt.wiktionary.org/w/index.php?title=hist%C3%B3ria_em_quadrinhos&amp;oldid=2126725</comment>
<model>wikitext</model>
<format>text/x-wiki</format>
<text bytes="351" xml:space="preserve">{{Wikipédia}}

={{-pt-}}=
== Substantivo ==
{{flex.pt|ms=quadrinho|mp=quadrinhos}}
{{paroxítona|qua|dri|nho}}, {{m}}
# [[quadro]] pequeno
# [[arte sequencial]]
forma de arte que conjuga texto e imagens com o objetivo de narrar histórias dos mais variados gêneros e estilos

[[Categoria:Substantivo (Português)]]

[[en:quadrinho]]
[[mg:quadrinho]]</text>
<sha1>8dfzvl2mrlpoqgb4k6f56l07hs9zik7</sha1>
</revision>
<revision>
<id>2261453</id>
<parentid>2261452</parentid>
<timestamp>2017-04-19T02:28:44Z</timestamp>
<contributor>
<username>Askekamo</username>
<id>60711</id>
</contributor>
<comment>Eu disse, mentistes? Falaram-me, tudo do Naturo é bom até quadrinho, aí disseram, quem vê Naruto o demônio entra e corre como galinha com asa aberta e se já vi alguém assim, eu disse, já, e disseram, foi o Naruto, eu disse, ah eu não sabia</comment>
<model>wikitext</model>
<format>text/x-wiki</format>
<text bytes="422" xml:space="preserve">{{Wikipédia}}

={{-pt-}}=
==Substantivo==
{{flex.pt|ms=quadrinho|mp=quadrinhos}}
{{paroxítona|qua|dri|nho}}, {{gramática|m}}
# [[quadro]] pequeno
# [[arte sequencial]]
# forma de arte que conjuga texto e imagens com o objetivo de narrar histórias dos mais variados gêneros e estilos

===Sinônimos===
* De '''4''': [[história em quadrinhos]]

[[Categoria:Substantivo (Português)]]

[[en:quadrinho]]
[[mg:quadrinho]]</text>
<sha1>3je355g275lj81cvglbl5ytl9n5tza9</sha1>
</revision>
<revision>
<id>2261454</id>
<parentid>2261453</parentid>
<timestamp>2017-04-19T02:29:00Z</timestamp>
<contributor>
<username>Askekamo</username>
<id>60711</id>
</contributor>
<model>wikitext</model>
<format>text/x-wiki</format>
<text bytes="422" xml:space="preserve">{{Wikipédia}}

={{-pt-}}=
==Substantivo==
{{flex.pt|ms=quadrinho|mp=quadrinhos}}
{{paroxítona|qua|dri|nho}}, {{gramática|m}}
# [[quadro]] pequeno
# [[arte sequencial]]
# forma de arte que conjuga texto e imagens com o objetivo de narrar histórias dos mais variados gêneros e estilos

===Sinônimos===
* De '''3''': [[história em quadrinhos]]

[[Categoria:Substantivo (Português)]]

[[en:quadrinho]]
[[mg:quadrinho]]</text>
<sha1>7b6d0owys7owuv1hjkx1z5twk3g49du</sha1>
</revision>
<revision>
<id>2396702</id>
<parentid>2261454</parentid>
<timestamp>2017-05-13T10:58:21Z</timestamp>
<contributor>
<username>HydrizBot</username>
<id>29590</id>
</contributor>
<minor />
<comment>Robô: A limpar links interwikis antigos</comment>
<model>wikitext</model>
<format>text/x-wiki</format>
<text bytes="387" xml:space="preserve">{{Wikipédia}}

={{-pt-}}=
==Substantivo==
{{flex.pt|ms=quadrinho|mp=quadrinhos}}
{{paroxítona|qua|dri|nho}}, {{gramática|m}}
# [[quadro]] pequeno
# [[arte sequencial]]
# forma de arte que conjuga texto e imagens com o objetivo de narrar histórias dos mais variados gêneros e estilos

===Sinônimos===
* De '''3''': [[história em quadrinhos]]

[[Categoria:Substantivo (Português)]]</text>
<sha1>f0nomnt82pol1l0iih9djoowz96vx3b</sha1>
</revision>
<revision>
<id>2483871</id>
<parentid>2396702</parentid>
<timestamp>2018-02-08T16:47:48Z</timestamp>
<contributor>
<username>Askekamo</username>
<id>60711</id>
</contributor>
<comment>de e em decorrência de https://pt.wiktionary.org/w/index.php?title=comics&amp;type=revision&amp;diff=2483870&amp;oldid=2318467</comment>
<model>wikitext</model>
<format>text/x-wiki</format>
<text bytes="428" xml:space="preserve">{{Wikipédia}}

={{-pt-}}=
==Substantivo==
{{flex.pt|ms=quadrinho|mp=quadrinhos}}
{{paroxítona|qua|dri|nho}}, {{gramática|m}}
# [[quadro]] pequeno
# [[arte sequencial]]
# forma de arte que conjuga texto e imagens com o objetivo de narrar histórias dos mais variados gêneros e estilos
sequência de imagens com ou sem texto;

===Sinônimos===
* De '''3''': [[história em quadrinhos]]

[[Categoria:Substantivo (Português)]]</text>
<sha1>almkm91maolits4kuf482gnqzm7pxt1</sha1>
</revision>
<revision>
<id>2483872</id>
<parentid>2483871</parentid>
<timestamp>2018-02-08T16:48:13Z</timestamp>
<contributor>
<username>Askekamo</username>
<id>60711</id>
</contributor>
<comment>cortando pedaço</comment>
<model>wikitext</model>
<format>text/x-wiki</format>
<text bytes="427" xml:space="preserve">{{Wikipédia}}

={{-pt-}}=
==Substantivo==
{{flex.pt|ms=quadrinho|mp=quadrinhos}}
{{paroxítona|qua|dri|nho}}, {{gramática|m}}
# [[quadro]] pequeno
# [[arte sequencial]]
# forma de arte que conjuga texto e imagens com o objetivo de narrar histórias dos mais variados gêneros e estilos
sequência de imagens com ou sem texto

===Sinônimos===
* De '''3''': [[história em quadrinhos]]

[[Categoria:Substantivo (Português)]]</text>
<sha1>kj92lyopf3gdpayup9tdt7qb57ecpko</sha1>
</revision>
<revision>
<id>2483873</id>
<parentid>2483872</parentid>
<timestamp>2018-02-08T16:48:47Z</timestamp>
<contributor>
<username>Askekamo</username>
<id>60711</id>
</contributor>
<comment>cerquilhando</comment>
<model>wikitext</model>
<format>text/x-wiki</format>
<text bytes="428" xml:space="preserve">{{Wikipédia}}

={{-pt-}}=
==Substantivo==
{{flex.pt|ms=quadrinho|mp=quadrinhos}}
{{paroxítona|qua|dri|nho}}, {{gramática|m}}
# [[quadro]] pequeno
# [[arte sequencial]]
# forma de arte que conjuga texto e imagens com o objetivo de narrar histórias dos mais variados gêneros e estilos
# sequência de imagens com ou sem texto

===Sinônimos===
* De '''3''': [[história em quadrinhos]]

[[Categoria:Substantivo (Português)]]</text>
<sha1>b3l8b9ch24rlwaqsnzgvtntfby29imy</sha1>
</revision>
</page>
