<title>quadriculai</title>
<ns>0</ns>
<id>220890</id>
<revision>
<id>818027</id>
<timestamp>2010-02-24T19:36:09Z</timestamp>
<contributor>
<username>Jesielt-bot</username>
<id>10876</id>
</contributor>
<comment>Verbete criado por bot.</comment>
<model>wikitext</model>
<format>text/x-wiki</format>
<text bytes="182" xml:space="preserve">={{pt}}=
==Forma verbal==
'''quadriculai'''
#[[segunda pessoa]] do [[plural]] do [[imperativo]] [[afirmativo]] do verbo '''[[quadricular]]'''

[[Categoria:Forma verbal (Português)]]</text>
<sha1>3c6uwgq5n3nsss4qx6cnx5xwv01sps5</sha1>
</revision>
<revision>
<id>830284</id>
<parentid>818027</parentid>
<timestamp>2010-03-10T17:18:25Z</timestamp>
<contributor>
<username>Interwicket</username>
<id>6868</id>
</contributor>
<minor />
<comment>iwiki +[[:no:quadriculai]]</comment>
<model>wikitext</model>
<format>text/x-wiki</format>
<text bytes="202" xml:space="preserve">={{pt}}=
==Forma verbal==
'''quadriculai'''
#[[segunda pessoa]] do [[plural]] do [[imperativo]] [[afirmativo]] do verbo '''[[quadricular]]'''

[[Categoria:Forma verbal (Português)]]

[[no:quadriculai]]</text>
<sha1>7an96xbio8asirq1nni1zu5wfxdey2k</sha1>
</revision>
<revision>
<id>1168011</id>
<parentid>830284</parentid>
<timestamp>2011-07-06T12:11:30Z</timestamp>
<contributor>
<username>MalafayaBot</username>
<id>628</id>
</contributor>
<minor />
<comment>Robô: Substituição de texto automática (-^\=\s?Português\s?\= +={{-pt-}}= &amp; -^\=\s?\{\{pt\}\}\s?\= +={{-pt-}}=)</comment>
<model>wikitext</model>
<format>text/x-wiki</format>
<text bytes="204" xml:space="preserve">={{-pt-}}=
==Forma verbal==
'''quadriculai'''
#[[segunda pessoa]] do [[plural]] do [[imperativo]] [[afirmativo]] do verbo '''[[quadricular]]'''

[[Categoria:Forma verbal (Português)]]

[[no:quadriculai]]</text>
<sha1>76n2cnuiwvusll3l8z313adgrfyjcov</sha1>
</revision>
<revision>
<id>2134263</id>
<parentid>1168011</parentid>
<timestamp>2016-06-09T22:09:05Z</timestamp>
<contributor>
<username>UT-interwiki-Bot</username>
<id>56129</id>
</contributor>
<minor />
<comment>Robô: A adicionar: [[en:quadriculai]]</comment>
<model>wikitext</model>
<format>text/x-wiki</format>
<text bytes="223" xml:space="preserve">={{-pt-}}=
==Forma verbal==
'''quadriculai'''
#[[segunda pessoa]] do [[plural]] do [[imperativo]] [[afirmativo]] do verbo '''[[quadricular]]'''

[[Categoria:Forma verbal (Português)]]

[[en:quadriculai]]
[[no:quadriculai]]</text>
<sha1>649fdbreujz3qe9r1hryl4clo1ui5sd</sha1>
</revision>
<revision>
<id>2396639</id>
<parentid>2134263</parentid>
<timestamp>2017-05-13T10:56:16Z</timestamp>
<contributor>
<username>HydrizBot</username>
<id>29590</id>
</contributor>
<minor />
<comment>Robô: A limpar links interwikis antigos</comment>
<model>wikitext</model>
<format>text/x-wiki</format>
<text bytes="184" xml:space="preserve">={{-pt-}}=
==Forma verbal==
'''quadriculai'''
#[[segunda pessoa]] do [[plural]] do [[imperativo]] [[afirmativo]] do verbo '''[[quadricular]]'''

[[Categoria:Forma verbal (Português)]]</text>
<sha1>2qmsov28qvku2s1xzekbvl04ovzc27g</sha1>
</revision>
</page>
