<title>quadradinho</title>
<ns>0</ns>
<id>74840</id>
<revision>
<id>292879</id>
<timestamp>2007-08-23T10:19:30Z</timestamp>
<contributor>
<username>Santo</username>
<id>1992</id>
</contributor>
<comment>[[Ajuda:Menus e funções/Sumário de edição#Sumário de edição automático|→]] nova página: =Português= [[Categoria:Substantivo (Português)]] ==Substantivo== '''quadradinho''' ''masculino ...</comment>
<model>wikitext</model>
<format>text/x-wiki</format>
<text bytes="255" xml:space="preserve">=Português=
[[Categoria:Substantivo (Português)]]
==Substantivo==
'''quadradinho''' ''masculino ''
# [[quadrado]] [[pequeno]]
# [[quadro]] [[pequeno]]

==Expressão==
# '''[[história aos quadradinhos]]''' - [[história]] [[contada]] [[em]] [[desenhos]]</text>
<sha1>bclvarzj3qkbozxdeojz61eyvx2m5oi</sha1>
</revision>
<revision>
<id>1214578</id>
<parentid>292879</parentid>
<timestamp>2011-07-10T17:38:49Z</timestamp>
<contributor>
<username>MalafayaBot</username>
<id>628</id>
</contributor>
<minor />
<comment>Robô: Substituição de texto automática (-^\=\s?Português\s?\= +={{-pt-}}= &amp; -^\=\s?\{\{pt\}\}\s?\= +={{-pt-}}=)</comment>
<model>wikitext</model>
<format>text/x-wiki</format>
<text bytes="253" xml:space="preserve">={{-pt-}}=
[[Categoria:Substantivo (Português)]]
==Substantivo==
'''quadradinho''' ''masculino ''
# [[quadrado]] [[pequeno]]
# [[quadro]] [[pequeno]]

==Expressão==
# '''[[história aos quadradinhos]]''' - [[história]] [[contada]] [[em]] [[desenhos]]</text>
<sha1>1p80kvcej4fkq51x81igy8ved2yq6gu</sha1>
</revision>
</page>
