<title>quadrisavola</title>
<ns>0</ns>
<id>416935</id>
<revision>
<id>2565544</id>
<timestamp>2019-12-09T15:13:19Z</timestamp>
<contributor>
<ip>2804:431:D724:5777:580C:5B3E:278B:D298</ip>
</contributor>
<comment>[[Ajuda:Guia de edição/Menus e ferramentas/Sumário de edição|→]] nova página: ={{-it-}}= ==Substantivo== '''quadrisavola''', {{f}} # [[tetravó]]  [[Categoria:Substantivo (Italiano)]] C...</comment>
<model>wikitext</model>
<format>text/x-wiki</format>
<text bytes="139" xml:space="preserve">={{-it-}}=
==Substantivo==
'''quadrisavola''', {{f}}
# [[tetravó]]

[[Categoria:Substantivo (Italiano)]]
[[Categoria:Família (Italiano)]]</text>
<sha1>h49hno73irphkdhu5n9hwmiub75e9br</sha1>
</revision>
</page>
