<title>quadraremos</title>
<ns>0</ns>
<id>188763</id>
<revision>
<id>738921</id>
<timestamp>2010-02-02T15:00:56Z</timestamp>
<contributor>
<username>Jesielt-bot</username>
<id>10876</id>
</contributor>
<comment>Verbete criado por bot.</comment>
<model>wikitext</model>
<format>text/x-wiki</format>
<text bytes="172" xml:space="preserve">={{pt}}=
==Forma verbal==
'''quadraremos'''
#[[primeira pessoa]] do [[plural]] do [[futuro do presente]] do verbo '''[[quadrar]]'''

[[Categoria:Forma verbal (Português)]]</text>
<sha1>8uur7r74u8h8a68ubz26kldkkpqm0g3</sha1>
</revision>
<revision>
<id>782778</id>
<parentid>738921</parentid>
<timestamp>2010-02-15T23:33:41Z</timestamp>
<contributor>
<username>Interwicket</username>
<id>6868</id>
</contributor>
<minor />
<comment>iwiki +[[:no:quadraremos]]</comment>
<model>wikitext</model>
<format>text/x-wiki</format>
<text bytes="192" xml:space="preserve">={{pt}}=
==Forma verbal==
'''quadraremos'''
#[[primeira pessoa]] do [[plural]] do [[futuro do presente]] do verbo '''[[quadrar]]'''

[[Categoria:Forma verbal (Português)]]

[[no:quadraremos]]</text>
<sha1>pw3rotojm8vgtk0ro23gwwubvyo1aer</sha1>
</revision>
<revision>
<id>1167985</id>
<parentid>782778</parentid>
<timestamp>2011-07-06T12:11:04Z</timestamp>
<contributor>
<username>MalafayaBot</username>
<id>628</id>
</contributor>
<minor />
<comment>Robô: Substituição de texto automática (-^\=\s?Português\s?\= +={{-pt-}}= &amp; -^\=\s?\{\{pt\}\}\s?\= +={{-pt-}}=)</comment>
<model>wikitext</model>
<format>text/x-wiki</format>
<text bytes="194" xml:space="preserve">={{-pt-}}=
==Forma verbal==
'''quadraremos'''
#[[primeira pessoa]] do [[plural]] do [[futuro do presente]] do verbo '''[[quadrar]]'''

[[Categoria:Forma verbal (Português)]]

[[no:quadraremos]]</text>
<sha1>ldjg7r58pqcggverpd8xzmj3byzdjv1</sha1>
</revision>
<revision>
<id>2396607</id>
<parentid>1167985</parentid>
<timestamp>2017-05-13T10:55:16Z</timestamp>
<contributor>
<username>HydrizBot</username>
<id>29590</id>
</contributor>
<minor />
<comment>Robô: A limpar links interwikis antigos</comment>
<model>wikitext</model>
<format>text/x-wiki</format>
<text bytes="174" xml:space="preserve">={{-pt-}}=
==Forma verbal==
'''quadraremos'''
#[[primeira pessoa]] do [[plural]] do [[futuro do presente]] do verbo '''[[quadrar]]'''

[[Categoria:Forma verbal (Português)]]</text>
<sha1>shy3cd33hsv5lda46qdhjvwahm82o6e</sha1>
</revision>
</page>
