<title>quadrilheiro</title>
<ns>0</ns>
<id>322594</id>
<revision>
<id>1813422</id>
<timestamp>2014-03-04T11:04:03Z</timestamp>
<contributor>
<username>MIL973</username>
<id>41339</id>
</contributor>
<comment>[[Ajuda:Guia de edição/Menus e ferramentas/Sumário de edição|→]] nova página: ={{-pt-}}= ==Substantivo== {{flex.pt|ms=quadrilheiro|mp=quadrilheiros|fs=quadrilheira|fp=quadrilheiras}} {{pa...</comment>
<model>wikitext</model>
<format>text/x-wiki</format>
<text bytes="347" xml:space="preserve">={{-pt-}}=
==Substantivo==
{{flex.pt|ms=quadrilheiro|mp=quadrilheiros|fs=quadrilheira|fp=quadrilheiras}}
{{paroxítona|qua|dri|lhei|ro}}, {{m}}
# [[pessoa]] que [[participar|participa]] dum [[bando]] de [[ladrões]] ([[quadrilha]])
# pessoa que [[dançar|dança]] quadrilha

=={{etimologia|pt}}==
: {{escopo|Morfologia}} [[quadrilha]] + [[-eiro]].</text>
<sha1>nwkrwwizdwkqzwrf6hl55aeehtk6fc7</sha1>
</revision>
<revision>
<id>1813423</id>
<parentid>1813422</parentid>
<timestamp>2014-03-04T11:04:45Z</timestamp>
<contributor>
<username>MIL973</username>
<id>41339</id>
</contributor>
<model>wikitext</model>
<format>text/x-wiki</format>
<text bytes="387" xml:space="preserve">={{-pt-}}=
==Substantivo==
{{flex.pt|ms=quadrilheiro|mp=quadrilheiros|fs=quadrilheira|fp=quadrilheiras}}
{{paroxítona|qua|dri|lhei|ro}}, {{m}}
# [[pessoa]] que [[participar|participa]] dum [[bando]] de [[ladrões]] ([[quadrilha]])
# pessoa que [[dançar|dança]] quadrilha

=={{etimologia|pt}}==
: {{escopo|Morfologia}} [[quadrilha]] + [[-eiro]].

[[Categoria:Substantivo (Português)]]</text>
<sha1>sitmxtbokje4b0a9pj9by6xr1h106np</sha1>
</revision>
<revision>
<id>1816840</id>
<parentid>1813423</parentid>
<timestamp>2014-03-29T01:04:12Z</timestamp>
<contributor>
<username>YS-Bot</username>
<id>32241</id>
</contributor>
<minor />
<comment>r2.7.3) (Robô: A adicionar: [[ru:quadrilheiro]]</comment>
<model>wikitext</model>
<format>text/x-wiki</format>
<text bytes="408" xml:space="preserve">={{-pt-}}=
==Substantivo==
{{flex.pt|ms=quadrilheiro|mp=quadrilheiros|fs=quadrilheira|fp=quadrilheiras}}
{{paroxítona|qua|dri|lhei|ro}}, {{m}}
# [[pessoa]] que [[participar|participa]] dum [[bando]] de [[ladrões]] ([[quadrilha]])
# pessoa que [[dançar|dança]] quadrilha

=={{etimologia|pt}}==
: {{escopo|Morfologia}} [[quadrilha]] + [[-eiro]].

[[Categoria:Substantivo (Português)]]

[[ru:quadrilheiro]]</text>
<sha1>exmboe3i8gnw0dyx7lf9od1mbsxd535</sha1>
</revision>
<revision>
<id>2396693</id>
<parentid>1816840</parentid>
<timestamp>2017-05-13T10:58:07Z</timestamp>
<contributor>
<username>HydrizBot</username>
<id>29590</id>
</contributor>
<minor />
<comment>Robô: A limpar links interwikis antigos</comment>
<model>wikitext</model>
<format>text/x-wiki</format>
<text bytes="387" xml:space="preserve">={{-pt-}}=
==Substantivo==
{{flex.pt|ms=quadrilheiro|mp=quadrilheiros|fs=quadrilheira|fp=quadrilheiras}}
{{paroxítona|qua|dri|lhei|ro}}, {{m}}
# [[pessoa]] que [[participar|participa]] dum [[bando]] de [[ladrões]] ([[quadrilha]])
# pessoa que [[dançar|dança]] quadrilha

=={{etimologia|pt}}==
: {{escopo|Morfologia}} [[quadrilha]] + [[-eiro]].

[[Categoria:Substantivo (Português)]]</text>
<sha1>sitmxtbokje4b0a9pj9by6xr1h106np</sha1>
</revision>
</page>
