<title>quadridécuplo</title>
<ns>0</ns>
<id>428136</id>
<revision>
<id>2602155</id>
<timestamp>2020-11-16T12:36:26Z</timestamp>
<contributor>
<ip>2804:14C:110:9827:C595:C934:1C19:7AEE</ip>
</contributor>
<comment>[[Ajuda:Guia de edição/Menus e ferramentas/Sumário de edição|→]] nova página: eu gosto de batata quadridécupla</comment>
<model>wikitext</model>
<format>text/x-wiki</format>
<text bytes="33" xml:space="preserve">eu gosto de batata quadridécupla</text>
<sha1>9i4e027hu1riolcvql9ssch2a7dnnxd</sha1>
</revision>
<revision>
<id>2602156</id>
<parentid>2602155</parentid>
<timestamp>2020-11-16T12:37:45Z</timestamp>
<contributor>
<ip>2804:14C:110:9827:C595:C934:1C19:7AEE</ip>
</contributor>
<comment>[[Ajuda:Guia de edição/Menus e ferramentas/Sumário de edição|→]] página esvaziada</comment>
<model>wikitext</model>
<format>text/x-wiki</format>
<text bytes="0" />
<sha1>phoiac9h4m842xq45sp7s6u21eteeq1</sha1>
</revision>
<revision>
<id>2604790</id>
<parentid>2602156</parentid>
<timestamp>2020-12-17T09:09:41Z</timestamp>
<contributor>
<username>ValJor</username>
<id>1358</id>
</contributor>
<comment>Por um [[Especial:Páginas_sem_saída|Wikcionário com saídas]]!</comment>
<model>wikitext</model>
<format>text/x-wiki</format>
<text bytes="221" xml:space="preserve">={{-pt-}}=
==Numeral==
{{proparoxítona|qua|dri|dé|cu|plo}}
# [[numeral]] [[multiplicativo]] relativo a 40

==Ver também==
===No Wikcionário===
* [[Apêndice:Numerais do português]]

[[Categoria:Numeral (Português)]]</text>
<sha1>iqow4wv7934szvnsubwrwyrr9e3z9ab</sha1>
</revision>
</page>
