<title>quadringentenário</title>
<ns>0</ns>
<id>330011</id>
<revision>
<id>1853296</id>
<timestamp>2014-08-30T19:59:58Z</timestamp>
<contributor>
<username>Leonardo José Raimundo</username>
<id>43489</id>
</contributor>
<comment>Eu estou criando a palavra &quot;quadringentenário&quot;, seguindo o modelo de &quot;quadringentésimo&quot;.</comment>
<model>wikitext</model>
<format>text/x-wiki</format>
<text bytes="602" xml:space="preserve">={{-pt-}}=
==Substantivo==
{{flex.pt|ms=quadringentenário|mp=quadringentenários}}
{{paroxítona|qua|drin|gen|te|ná|ri:o}}
#comemoração dos quatrocentos anos.

==Ver também==
*[[vigenário]]
*[[trigenário]]
*[[quadragenário]]
*[[quinquagenário]]
*[[sexagenário]]
*[[septuagenário]]
*[[octogenário]]
*[[nonagenário]]
*[[centenário]]
*[[sesquicentenário]]
*[[ducentenário]]
*[[tricentenário]]
*[[quingentenário]]
*[[sexcentenário]]
*[[setingentenário]]
*[[octingentenário]]
*[[noningentenário]]
*[[milenário]]

[[Categoria:Substantivo (Português)]]
[[Categoria:Tempo (Português)]]</text>
<sha1>augr79kxsxgpqnvplbxmdgyfyxfc4jz</sha1>
</revision>
<revision>
<id>2052175</id>
<parentid>1853296</parentid>
<timestamp>2016-01-01T10:51:40Z</timestamp>
<contributor>
<username>ValJor</username>
<id>1358</id>
</contributor>
<comment>Melhorando a apresentação do verbete</comment>
<model>wikitext</model>
<format>text/x-wiki</format>
<text bytes="789" xml:space="preserve">={{-pt-}}=
==Substantivo==
{{flex.pt|ms=quadringentenário|mp=quadringentenários}}
{{proparoxítona aparente|qua|drin|gen|te|ná|ri|o}}, {{m}}
# [[comemoração]] dos [[quatrocentos]] [[ano]]s

==Ver também==
===No Wikcionário===
{{verTambém.Ini}}
* [[vigenário]]
* [[trigenário]]
* [[quadragenário]]
* [[quinquagenário]]
* [[sexagenário]]
{{verTambém.NovaColuna}}
* [[septuagenário]]
* [[octogenário]]
* [[nonagenário]]
* [[centenário]]
* [[sesquicentenário]]
{{verTambém.NovaColuna}}
* [[ducentenário]]
* [[tricentenário]]
* [[quingentenário]]
* [[sexcentenário]]
{{verTambém.NovaColuna}}
* [[setingentenário]]
* [[octingentenário]]
* [[noningentenário]]
* [[milenário]]
{{verTambém.Fim}}

[[Categoria:Substantivo (Português)]]
[[Categoria:Tempo (Português)]]</text>
<sha1>kh1zmnvtanop4cn88ofsz1k69agczzp</sha1>
</revision>
</page>
