<title>quadriênio</title>
<ns>0</ns>
<id>334683</id>
<revision>
<id>1882063</id>
<timestamp>2014-12-26T11:30:10Z</timestamp>
<contributor>
<username>ValJor</username>
<id>1358</id>
</contributor>
<comment>Criação do verbete a partir da [[Wikcionário:Entradas mais procuradas/Resultados|lista de verbetes procurados]]</comment>
<model>wikitext</model>
<format>text/x-wiki</format>
<text bytes="698" xml:space="preserve">{{Wikipédia}}

={{-pt-}}=
==Substantivo==
{{flex.pt|ms=quadriênio|mp=quadriênios}}
{{proparoxítona aparente|qua|dri|ê|ni|o}}, {{m}}
# [[período]] de [[quatro]] [[ano]]s
#* ''O investimento previsto no projeto olímpico para o '''quadriênio''' de 2012 a 2016 é de 600 milhões de dólares (cerca de 1,33 bilhão de reais).'' {{OESP|2014|julho|23}}

===Verbetes derivados===
* [[quadrienal]]

=={{etimologia|pt}}==
: Do latim ''quadriennium''.

==Ver também==
===No Wikcionário===
{{verTambém.Ini}}
* [[biênio]]
{{verTambém.NovaColuna}}
* [[triênio]]
{{verTambém.NovaColuna}}
* [[quinquênio]]
{{verTambém.Fim}}

[[Categoria:Substantivo (Português)]]
[[Categoria:Tempo (Português)]]</text>
<sha1>ez6ysbdqosgvpmro7rw91ialkcfmotv</sha1>
</revision>
</page>
