<title>quadrúmana</title>
<ns>0</ns>
<id>342595</id>
<revision>
<id>1973567</id>
<timestamp>2015-07-28T11:37:25Z</timestamp>
<contributor>
<username>MIL973</username>
<id>41339</id>
</contributor>
<comment>[[Ajuda:Guia de edição/Menus e ferramentas/Sumário de edição|→]] nova página: ={{-pt-}}= ==Forma de adjetivo== {{proparoxítona|qua|drú|ma|na}}, {{f}} # feminino de [[quadrúmano]]  ==Fo...</comment>
<model>wikitext</model>
<format>text/x-wiki</format>
<text bytes="229" xml:space="preserve">={{-pt-}}=
==Forma de adjetivo==
{{proparoxítona|qua|drú|ma|na}}, {{f}}
# feminino de [[quadrúmano]]

==Forma de substantivo==
{{proparoxítona|qua|drú|ma|na}}, {{f}}
# feminino de [[quadrúmano]]

{{avi-for-fle|quadrúmano}}</text>
<sha1>tj8qf51m11ha6vni64jzc7lalc5xeae</sha1>
</revision>
<revision>
<id>1973568</id>
<parentid>1973567</parentid>
<timestamp>2015-07-28T11:37:36Z</timestamp>
<contributor>
<username>MIL973</username>
<id>41339</id>
</contributor>
<minor />
<comment>adicionou [[Categoria:Forma de adjetivo (Português)]] usando [[Wikcionário:HotCat|HotCat]]</comment>
<model>wikitext</model>
<format>text/x-wiki</format>
<text bytes="275" xml:space="preserve">={{-pt-}}=
==Forma de adjetivo==
{{proparoxítona|qua|drú|ma|na}}, {{f}}
# feminino de [[quadrúmano]]

==Forma de substantivo==
{{proparoxítona|qua|drú|ma|na}}, {{f}}
# feminino de [[quadrúmano]]

{{avi-for-fle|quadrúmano}}

[[Categoria:Forma de adjetivo (Português)]]</text>
<sha1>lg9brtssaukysc4avh0skotg7o0ldux</sha1>
</revision>
<revision>
<id>1973569</id>
<parentid>1973568</parentid>
<timestamp>2015-07-28T11:37:46Z</timestamp>
<contributor>
<username>MIL973</username>
<id>41339</id>
</contributor>
<minor />
<comment>adicionou [[Categoria:Forma de substantivo (Português)]] usando [[Wikcionário:HotCat|HotCat]]</comment>
<model>wikitext</model>
<format>text/x-wiki</format>
<text bytes="323" xml:space="preserve">={{-pt-}}=
==Forma de adjetivo==
{{proparoxítona|qua|drú|ma|na}}, {{f}}
# feminino de [[quadrúmano]]

==Forma de substantivo==
{{proparoxítona|qua|drú|ma|na}}, {{f}}
# feminino de [[quadrúmano]]

{{avi-for-fle|quadrúmano}}

[[Categoria:Forma de adjetivo (Português)]]
[[Categoria:Forma de substantivo (Português)]]</text>
<sha1>mv5hyznyhurgwlbv95aowplgrwyymf1</sha1>
</revision>
</page>
