<title>quadrava</title>
<ns>0</ns>
<id>205153</id>
<revision>
<id>777684</id>
<timestamp>2010-02-12T22:54:25Z</timestamp>
<contributor>
<username>Jesielt-bot</username>
<id>10876</id>
</contributor>
<comment>Verbete criado por bot.</comment>
<model>wikitext</model>
<format>text/x-wiki</format>
<text bytes="228" xml:space="preserve">={{pt}}=
==Forma verbal==
'''quadrava'''
#[[primeira pessoa|primeira]] e [[terceira pessoa]] do [[singular]] do [[pretérito imperfeito]] do [[modo indicativo]] do verbo '''[[quadrar]]'''

[[Categoria:Forma verbal (Português)]]</text>
<sha1>so9o4uo09mif36dktv6c8qa13m7mtza</sha1>
</revision>
<revision>
<id>796079</id>
<parentid>777684</parentid>
<timestamp>2010-02-18T01:18:51Z</timestamp>
<contributor>
<username>Interwicket</username>
<id>6868</id>
</contributor>
<minor />
<comment>iwiki +[[:en:quadrava]], [[:no:quadrava]]</comment>
<model>wikitext</model>
<format>text/x-wiki</format>
<text bytes="261" xml:space="preserve">={{pt}}=
==Forma verbal==
'''quadrava'''
#[[primeira pessoa|primeira]] e [[terceira pessoa]] do [[singular]] do [[pretérito imperfeito]] do [[modo indicativo]] do verbo '''[[quadrar]]'''

[[Categoria:Forma verbal (Português)]]

[[en:quadrava]]
[[no:quadrava]]</text>
<sha1>5s1ni91utmq8zldvf7oax8xybamhzht</sha1>
</revision>
<revision>
<id>1168002</id>
<parentid>796079</parentid>
<timestamp>2011-07-06T12:11:21Z</timestamp>
<contributor>
<username>MalafayaBot</username>
<id>628</id>
</contributor>
<minor />
<comment>Robô: Substituição de texto automática (-^\=\s?Português\s?\= +={{-pt-}}= &amp; -^\=\s?\{\{pt\}\}\s?\= +={{-pt-}}=)</comment>
<model>wikitext</model>
<format>text/x-wiki</format>
<text bytes="263" xml:space="preserve">={{-pt-}}=
==Forma verbal==
'''quadrava'''
#[[primeira pessoa|primeira]] e [[terceira pessoa]] do [[singular]] do [[pretérito imperfeito]] do [[modo indicativo]] do verbo '''[[quadrar]]'''

[[Categoria:Forma verbal (Português)]]

[[en:quadrava]]
[[no:quadrava]]</text>
<sha1>kuw0uzzcn5qhv57bcysesc1dzglxae5</sha1>
</revision>
<revision>
<id>2134265</id>
<parentid>1168002</parentid>
<timestamp>2016-06-09T22:09:27Z</timestamp>
<contributor>
<username>UT-interwiki-Bot</username>
<id>56129</id>
</contributor>
<minor />
<comment>Robô: A adicionar: [[it:quadrava]]</comment>
<model>wikitext</model>
<format>text/x-wiki</format>
<text bytes="279" xml:space="preserve">={{-pt-}}=
==Forma verbal==
'''quadrava'''
#[[primeira pessoa|primeira]] e [[terceira pessoa]] do [[singular]] do [[pretérito imperfeito]] do [[modo indicativo]] do verbo '''[[quadrar]]'''

[[Categoria:Forma verbal (Português)]]

[[en:quadrava]]
[[it:quadrava]]
[[no:quadrava]]</text>
<sha1>0mjvbnrcmriznnm7clw34zq0b3eag0p</sha1>
</revision>
<revision>
<id>2396627</id>
<parentid>2134265</parentid>
<timestamp>2017-05-13T10:55:53Z</timestamp>
<contributor>
<username>HydrizBot</username>
<id>29590</id>
</contributor>
<minor />
<comment>Robô: A limpar links interwikis antigos</comment>
<model>wikitext</model>
<format>text/x-wiki</format>
<text bytes="230" xml:space="preserve">={{-pt-}}=
==Forma verbal==
'''quadrava'''
#[[primeira pessoa|primeira]] e [[terceira pessoa]] do [[singular]] do [[pretérito imperfeito]] do [[modo indicativo]] do verbo '''[[quadrar]]'''

[[Categoria:Forma verbal (Português)]]</text>
<sha1>t88d7fa2710xn9zu62g7fexd0ucvod5</sha1>
</revision>
</page>
