<title>quadrívio</title>
<ns>0</ns>
<id>70638</id>
<revision>
<id>278529</id>
<timestamp>2007-06-30T21:22:23Z</timestamp>
<contributor>
<username>RoTiV-</username>
<id>1473</id>
</contributor>
<comment>[[Ajuda:Menus e funções/Sumário de edição#Sumário de edição automático|→]] nova página: =Português= ==Substantivo== '''qua.drí.vio''' ''masculino'' # lugar onde se cruzam duas vias ou ...</comment>
<model>wikitext</model>
<format>text/x-wiki</format>
<text bytes="351" xml:space="preserve">=Português=
==Substantivo==
'''qua.drí.vio''' ''masculino''
# lugar onde se cruzam duas vias ou onde se encontram ou terminam quatro caminhos; encruzilhada
# ver [[quadrivium]]

=={{etimologia}}==
:* ''quadr(i)-'' + ''–vio''
:* compare com [[quadrivium]]


[[Categoria:Substantivo (Português)]]
[[Categoria:Vocábulo com etimologia (Português)]]</text>
<sha1>6iwlnsmgc1zgpix2i2zl7884idwr8yq</sha1>
</revision>
<revision>
<id>1214584</id>
<parentid>278529</parentid>
<timestamp>2011-07-10T17:39:00Z</timestamp>
<contributor>
<username>MalafayaBot</username>
<id>628</id>
</contributor>
<minor />
<comment>Robô: Substituição de texto automática (-^\=\s?Português\s?\= +={{-pt-}}= &amp; -^\=\s?\{\{pt\}\}\s?\= +={{-pt-}}=)</comment>
<model>wikitext</model>
<format>text/x-wiki</format>
<text bytes="349" xml:space="preserve">={{-pt-}}=
==Substantivo==
'''qua.drí.vio''' ''masculino''
# lugar onde se cruzam duas vias ou onde se encontram ou terminam quatro caminhos; encruzilhada
# ver [[quadrivium]]

=={{etimologia}}==
:* ''quadr(i)-'' + ''–vio''
:* compare com [[quadrivium]]


[[Categoria:Substantivo (Português)]]
[[Categoria:Vocábulo com etimologia (Português)]]</text>
<sha1>nons8re1j2ff6zzck5bmhfhh9jsslbl</sha1>
</revision>
<revision>
<id>1606723</id>
<parentid>1214584</parentid>
<timestamp>2013-01-19T22:01:20Z</timestamp>
<contributor>
<username>MalafayaBot</username>
<id>628</id>
</contributor>
<minor />
<comment>Robô: A modificar Categoria:Vocábulo com etimologia (Português) para Categoria:Entrada com etimologia (Português)</comment>
<model>wikitext</model>
<format>text/x-wiki</format>
<text bytes="347" xml:space="preserve">={{-pt-}}=
==Substantivo==
'''qua.drí.vio''' ''masculino''
# lugar onde se cruzam duas vias ou onde se encontram ou terminam quatro caminhos; encruzilhada
# ver [[quadrivium]]

=={{etimologia}}==
:* ''quadr(i)-'' + ''–vio''
:* compare com [[quadrivium]]


[[Categoria:Substantivo (Português)]]
[[Categoria:Entrada com etimologia (Português)]]</text>
<sha1>jx5jg1lb60hp8gye7jnl5bdbdak9qn2</sha1>
</revision>
<revision>
<id>2445417</id>
<parentid>1606723</parentid>
<timestamp>2017-08-23T18:48:54Z</timestamp>
<contributor>
<username>ValJor</username>
<id>1358</id>
</contributor>
<comment>Verbete [[:Categoria:!Página com idioma não informado em Predefinição:etimologia|sem indicação do idioma na seção de etimologia]]</comment>
<model>wikitext</model>
<format>text/x-wiki</format>
<text bytes="316" xml:space="preserve">={{-pt-}}=
==Substantivo==
{{proparoxítona aparente|qua|drí|vi|o}}, {{gramática|m}}
# lugar onde se cruzam duas vias ou onde se encontram ou terminam quatro caminhos; encruzilhada
# ver [[quadrivium]]

=={{etimologia|pt}}==
: {{escopo|Morfologia}} [[quadri-]] + [[–vio]].

[[Categoria:Substantivo (Português)]]</text>
<sha1>iauq4lot5t25nmxh1ro2eppv885pzxw</sha1>
</revision>
</page>
