<title>quadricularias</title>
<ns>0</ns>
<id>200927</id>
<revision>
<id>770353</id>
<timestamp>2010-02-11T11:49:46Z</timestamp>
<contributor>
<username>Jesielt-bot</username>
<id>10876</id>
</contributor>
<comment>Verbete criado por bot.</comment>
<model>wikitext</model>
<format>text/x-wiki</format>
<text bytes="182" xml:space="preserve">={{pt}}=
==Forma verbal==
'''quadricularias'''
#[[segunda pessoa]] do [[singular]] do [[futuro do pretérito]] do verbo '''[[quadricular]]'''

[[Categoria:Forma verbal (Português)]]</text>
<sha1>ijlr77vn5jkcukyb29byss7ox5yqthj</sha1>
</revision>
<revision>
<id>796062</id>
<parentid>770353</parentid>
<timestamp>2010-02-18T01:13:36Z</timestamp>
<contributor>
<username>Interwicket</username>
<id>6868</id>
</contributor>
<minor />
<comment>iwiki +[[:no:quadricularias]]</comment>
<model>wikitext</model>
<format>text/x-wiki</format>
<text bytes="205" xml:space="preserve">={{pt}}=
==Forma verbal==
'''quadricularias'''
#[[segunda pessoa]] do [[singular]] do [[futuro do pretérito]] do verbo '''[[quadricular]]'''

[[Categoria:Forma verbal (Português)]]

[[no:quadricularias]]</text>
<sha1>q3xv8xfdxdo7zrffgcn8vkka6hhqz88</sha1>
</revision>
<revision>
<id>1168027</id>
<parentid>796062</parentid>
<timestamp>2011-07-06T12:11:46Z</timestamp>
<contributor>
<username>MalafayaBot</username>
<id>628</id>
</contributor>
<minor />
<comment>Robô: Substituição de texto automática (-^\=\s?Português\s?\= +={{-pt-}}= &amp; -^\=\s?\{\{pt\}\}\s?\= +={{-pt-}}=)</comment>
<model>wikitext</model>
<format>text/x-wiki</format>
<text bytes="207" xml:space="preserve">={{-pt-}}=
==Forma verbal==
'''quadricularias'''
#[[segunda pessoa]] do [[singular]] do [[futuro do pretérito]] do verbo '''[[quadricular]]'''

[[Categoria:Forma verbal (Português)]]

[[no:quadricularias]]</text>
<sha1>5cwetlj7ehhtaybvhnp7tej96hxi5ye</sha1>
</revision>
<revision>
<id>2134246</id>
<parentid>1168027</parentid>
<timestamp>2016-06-09T22:06:15Z</timestamp>
<contributor>
<username>UT-interwiki-Bot</username>
<id>56129</id>
</contributor>
<minor />
<comment>Robô: A adicionar: [[en:quadricularias]]</comment>
<model>wikitext</model>
<format>text/x-wiki</format>
<text bytes="229" xml:space="preserve">={{-pt-}}=
==Forma verbal==
'''quadricularias'''
#[[segunda pessoa]] do [[singular]] do [[futuro do pretérito]] do verbo '''[[quadricular]]'''

[[Categoria:Forma verbal (Português)]]

[[en:quadricularias]]
[[no:quadricularias]]</text>
<sha1>osbebz565i4571y2zokzd5zpt23ci81</sha1>
</revision>
<revision>
<id>2396656</id>
<parentid>2134246</parentid>
<timestamp>2017-05-13T10:56:53Z</timestamp>
<contributor>
<username>HydrizBot</username>
<id>29590</id>
</contributor>
<minor />
<comment>Robô: A limpar links interwikis antigos</comment>
<model>wikitext</model>
<format>text/x-wiki</format>
<text bytes="184" xml:space="preserve">={{-pt-}}=
==Forma verbal==
'''quadricularias'''
#[[segunda pessoa]] do [[singular]] do [[futuro do pretérito]] do verbo '''[[quadricular]]'''

[[Categoria:Forma verbal (Português)]]</text>
<sha1>3i57cvenymqqd4y5597magsh0iqmpm1</sha1>
</revision>
</page>
