<title>quadricularei</title>
<ns>0</ns>
<id>184265</id>
<revision>
<id>734134</id>
<timestamp>2010-01-30T20:48:01Z</timestamp>
<contributor>
<username>Jesielt-bot</username>
<id>10876</id>
</contributor>
<comment>Verbete criado por bot.</comment>
<model>wikitext</model>
<format>text/x-wiki</format>
<text bytes="180" xml:space="preserve">={{pt}}=
==Forma verbal==
'''quadricularei'''
#[[primeira pessoa]] do [[singular]] do [[futuro do presente]] do verbo '''[[quadricular]]'''

[[Categoria:Forma verbal (Português)]]</text>
<sha1>3yty2w0sw8kle4smq08j3xseza6la7j</sha1>
</revision>
<revision>
<id>783448</id>
<parentid>734134</parentid>
<timestamp>2010-02-16T04:35:18Z</timestamp>
<contributor>
<username>Interwicket</username>
<id>6868</id>
</contributor>
<minor />
<comment>iwiki +[[:no:quadricularei]]</comment>
<model>wikitext</model>
<format>text/x-wiki</format>
<text bytes="202" xml:space="preserve">={{pt}}=
==Forma verbal==
'''quadricularei'''
#[[primeira pessoa]] do [[singular]] do [[futuro do presente]] do verbo '''[[quadricular]]'''

[[Categoria:Forma verbal (Português)]]

[[no:quadricularei]]</text>
<sha1>kq154ivypqdm01nkvh3buq523dlf6af</sha1>
</revision>
<revision>
<id>1168020</id>
<parentid>783448</parentid>
<timestamp>2011-07-06T12:11:39Z</timestamp>
<contributor>
<username>MalafayaBot</username>
<id>628</id>
</contributor>
<minor />
<comment>Robô: Substituição de texto automática (-^\=\s?Português\s?\= +={{-pt-}}= &amp; -^\=\s?\{\{pt\}\}\s?\= +={{-pt-}}=)</comment>
<model>wikitext</model>
<format>text/x-wiki</format>
<text bytes="204" xml:space="preserve">={{-pt-}}=
==Forma verbal==
'''quadricularei'''
#[[primeira pessoa]] do [[singular]] do [[futuro do presente]] do verbo '''[[quadricular]]'''

[[Categoria:Forma verbal (Português)]]

[[no:quadricularei]]</text>
<sha1>prkaetqyunypetveg99ehky6rdwt6tu</sha1>
</revision>
<revision>
<id>2134253</id>
<parentid>1168020</parentid>
<timestamp>2016-06-09T22:07:25Z</timestamp>
<contributor>
<username>UT-interwiki-Bot</username>
<id>56129</id>
</contributor>
<minor />
<comment>Robô: A adicionar: [[en:quadricularei]]</comment>
<model>wikitext</model>
<format>text/x-wiki</format>
<text bytes="225" xml:space="preserve">={{-pt-}}=
==Forma verbal==
'''quadricularei'''
#[[primeira pessoa]] do [[singular]] do [[futuro do presente]] do verbo '''[[quadricular]]'''

[[Categoria:Forma verbal (Português)]]

[[en:quadricularei]]
[[no:quadricularei]]</text>
<sha1>kilp0lsncp2beqj2si83ekvxqootkxj</sha1>
</revision>
<revision>
<id>2396649</id>
<parentid>2134253</parentid>
<timestamp>2017-05-13T10:56:30Z</timestamp>
<contributor>
<username>HydrizBot</username>
<id>29590</id>
</contributor>
<minor />
<comment>Robô: A limpar links interwikis antigos</comment>
<model>wikitext</model>
<format>text/x-wiki</format>
<text bytes="182" xml:space="preserve">={{-pt-}}=
==Forma verbal==
'''quadricularei'''
#[[primeira pessoa]] do [[singular]] do [[futuro do presente]] do verbo '''[[quadricular]]'''

[[Categoria:Forma verbal (Português)]]</text>
<sha1>dluqygaoq3wccjdhmxne7y4x5afjse7</sha1>
</revision>
</page>
