<title>quadriciclo</title>
<ns>0</ns>
<id>394909</id>
<revision>
<id>2496295</id>
<timestamp>2018-04-14T03:54:54Z</timestamp>
<contributor>
<username>Askekamo</username>
<id>60711</id>
</contributor>
<comment>de: https://pt.wiktionary.org/w/index.php?title=moto4&amp;oldid=2496294</comment>
<model>wikitext</model>
<format>text/x-wiki</format>
<text bytes="140" xml:space="preserve"># veículo automotor que tem quatro rodas, guidão, sem capota, e se o utiliza montado com as pernas a ladeá-lo e com pés sob apoios fixos</text>
<sha1>k5m39ixxihyy6ukecueg0yem5zezcnv</sha1>
</revision>
<revision>
<id>2496296</id>
<parentid>2496295</parentid>
<timestamp>2018-04-14T03:55:58Z</timestamp>
<contributor>
<username>Askekamo</username>
<id>60711</id>
</contributor>
<model>wikitext</model>
<format>text/x-wiki</format>
<text bytes="299" xml:space="preserve">={{-pt-}}=
==Substantivo==
{{flex.pt|ms=quadriciclo|mp=quadriciclos}}
{{paroxítona|qua|dri|ci|clo}}, {{gramática|m}}
# veículo automotor que tem quatro rodas, guidão, sem capota, e se o utiliza montado com as pernas a ladeá-lo e com pés sob apoios fixos

[[Categoria:Substantivo (Português)]]</text>
<sha1>qh3d5m0v65wl40j5jzbrjzvb3hx1tep</sha1>
</revision>
<revision>
<id>2496297</id>
<parentid>2496296</parentid>
<timestamp>2018-04-14T03:57:17Z</timestamp>
<contributor>
<username>Askekamo</username>
<id>60711</id>
</contributor>
<model>wikitext</model>
<format>text/x-wiki</format>
<text bytes="341" xml:space="preserve">={{-pt-}}=
==Substantivo==
{{flex.pt|ms=quadriciclo|mp=quadriciclos}}
{{paroxítona|qua|dri|ci|clo}}, {{gramática|m}}
# veículo automotor que tem quatro rodas, guidão, sem capota, e se o utiliza montado com as pernas a ladeá-lo e com pés sob apoios fixos

===Sinônimos===
* De '''1''': [[moto4]]

[[Categoria:Substantivo (Português)]]</text>
<sha1>22tmapx7o0w4o1oyy9s9176c5e0j3k1</sha1>
</revision>
</page>
