<title>quadruplar</title>
<ns>0</ns>
<id>316827</id>
<revision>
<id>1706114</id>
<timestamp>2013-07-31T12:51:46Z</timestamp>
<contributor>
<username>ValJor</username>
<id>1358</id>
</contributor>
<comment>Por um [[Especial:Lonelypages|wikcionário sem órfãos]]: [[quadruplámos]]</comment>
<model>wikitext</model>
<format>text/x-wiki</format>
<text bytes="228" xml:space="preserve">={{-pt-}}=
==Verbo==
{{oxítona|qua|dru|plar}}
# o mesmo que [[quadruplicar]]

===Conjugação===
{{conj/pt|quadrupl|ar}}

=={{etimologia|pt}}==
: {{escopo|Morfologia}} [[quádruplo]] + [[-ar]].

[[Categoria:Verbo (Português)]]</text>
<sha1>exn54ixbqk04ke3wxw33epunmaqhfta</sha1>
</revision>
<revision>
<id>1789432</id>
<parentid>1706114</parentid>
<timestamp>2013-12-18T22:15:41Z</timestamp>
<contributor>
<username>MalafayaBot</username>
<id>628</id>
</contributor>
<minor />
<comment>r2.7.5) (Robô: A adicionar: [[pl:quadruplar]]</comment>
<model>wikitext</model>
<format>text/x-wiki</format>
<text bytes="247" xml:space="preserve">={{-pt-}}=
==Verbo==
{{oxítona|qua|dru|plar}}
# o mesmo que [[quadruplicar]]

===Conjugação===
{{conj/pt|quadrupl|ar}}

=={{etimologia|pt}}==
: {{escopo|Morfologia}} [[quádruplo]] + [[-ar]].

[[Categoria:Verbo (Português)]]

[[pl:quadruplar]]</text>
<sha1>6665s4silweglefb65uebwz2hovrce3</sha1>
</revision>
<revision>
<id>2396711</id>
<parentid>1789432</parentid>
<timestamp>2017-05-13T10:58:40Z</timestamp>
<contributor>
<username>HydrizBot</username>
<id>29590</id>
</contributor>
<minor />
<comment>Robô: A limpar links interwikis antigos</comment>
<model>wikitext</model>
<format>text/x-wiki</format>
<text bytes="228" xml:space="preserve">={{-pt-}}=
==Verbo==
{{oxítona|qua|dru|plar}}
# o mesmo que [[quadruplicar]]

===Conjugação===
{{conj/pt|quadrupl|ar}}

=={{etimologia|pt}}==
: {{escopo|Morfologia}} [[quádruplo]] + [[-ar]].

[[Categoria:Verbo (Português)]]</text>
<sha1>exn54ixbqk04ke3wxw33epunmaqhfta</sha1>
</revision>
</page>
