<title>quadrariam</title>
<ns>0</ns>
<id>196860</id>
<revision>
<id>752525</id>
<timestamp>2010-02-06T10:16:10Z</timestamp>
<contributor>
<username>Jesielt-bot</username>
<id>10876</id>
</contributor>
<comment>Verbete criado por bot.</comment>
<model>wikitext</model>
<format>text/x-wiki</format>
<text bytes="173" xml:space="preserve">={{pt}}=
==Forma verbal==
'''quadrariam'''
#[[terceira pessoa]] do [[plural]] do [[futuro do pretérito]] do verbo '''[[quadrar]]'''

[[Categoria:Forma verbal (Português)]]</text>
<sha1>5mld547ayxfkaauksesxjdgo9oix79v</sha1>
</revision>
<revision>
<id>767145</id>
<parentid>752525</parentid>
<timestamp>2010-02-11T01:51:17Z</timestamp>
<contributor>
<username>Interwicket</username>
<id>6868</id>
</contributor>
<minor />
<comment>iwiki +[[:no:quadrariam]]</comment>
<model>wikitext</model>
<format>text/x-wiki</format>
<text bytes="192" xml:space="preserve">={{pt}}=
==Forma verbal==
'''quadrariam'''
#[[terceira pessoa]] do [[plural]] do [[futuro do pretérito]] do verbo '''[[quadrar]]'''

[[Categoria:Forma verbal (Português)]]

[[no:quadrariam]]</text>
<sha1>18h6b5a7uvhjwdog6aj9sleyz01r55z</sha1>
</revision>
<revision>
<id>1167988</id>
<parentid>767145</parentid>
<timestamp>2011-07-06T12:11:07Z</timestamp>
<contributor>
<username>MalafayaBot</username>
<id>628</id>
</contributor>
<minor />
<comment>Robô: Substituição de texto automática (-^\=\s?Português\s?\= +={{-pt-}}= &amp; -^\=\s?\{\{pt\}\}\s?\= +={{-pt-}}=)</comment>
<model>wikitext</model>
<format>text/x-wiki</format>
<text bytes="194" xml:space="preserve">={{-pt-}}=
==Forma verbal==
'''quadrariam'''
#[[terceira pessoa]] do [[plural]] do [[futuro do pretérito]] do verbo '''[[quadrar]]'''

[[Categoria:Forma verbal (Português)]]

[[no:quadrariam]]</text>
<sha1>ndszs885wud6fxle0dgbri73j43mq55</sha1>
</revision>
<revision>
<id>2396610</id>
<parentid>1167988</parentid>
<timestamp>2017-05-13T10:55:21Z</timestamp>
<contributor>
<username>HydrizBot</username>
<id>29590</id>
</contributor>
<minor />
<comment>Robô: A limpar links interwikis antigos</comment>
<model>wikitext</model>
<format>text/x-wiki</format>
<text bytes="175" xml:space="preserve">={{-pt-}}=
==Forma verbal==
'''quadrariam'''
#[[terceira pessoa]] do [[plural]] do [[futuro do pretérito]] do verbo '''[[quadrar]]'''

[[Categoria:Forma verbal (Português)]]</text>
<sha1>08ayn3qfrm9rgkpxy6ueu27klpy6acr</sha1>
</revision>
</page>
