<title>quadrivetor</title>
<ns>0</ns>
<id>63567</id>
<revision>
<id>253310</id>
<timestamp>2007-04-10T21:30:14Z</timestamp>
<contributor>
<username>Juliano de Almeida Elias</username>
<id>2571</id>
</contributor>
<comment>[[Ajuda:Menus e funções/Sumário de edição#Sumário de edição automático|→]] nova página: Vetor quadridimensional no espaço de Minkowski, utilizado na Teoria da Relatividade, inclui as tr...</comment>
<model>wikitext</model>
<format>text/x-wiki</format>
<text bytes="162" xml:space="preserve">Vetor quadridimensional no espaço de Minkowski, utilizado na Teoria da Relatividade, inclui as três coordenadas espaciais (x, y, z) e a coordenada temporal (t).</text>
<sha1>mj05cnnti7lnxpf7ewuq1nkiqquurgq</sha1>
</revision>
<revision>
<id>253367</id>
<parentid>253310</parentid>
<timestamp>2007-04-10T23:26:02Z</timestamp>
<contributor>
<username>ValJor</username>
<id>1358</id>
</contributor>
<comment>Wikificação</comment>
<model>wikitext</model>
<format>text/x-wiki</format>
<text bytes="556" xml:space="preserve">{{wikipedia}}
=Português=
==Substantivo==
{{flex.pt.subst.masculino|MS=quadrivetor|MP=quadrivetores}}
'''qua.dri.ve.&lt;u&gt;tor&lt;/u&gt;'''
# [[vetor]] [[quadridimensional]] no [[espaço]] de Minkowski, utilizado na [[teoria]] da [[relatividade]]; inclui as [[três]] [[coordenada]]s [[espacial|espaciais]] (x, y, z) e a [[coordenada]] [[temporal]] (t)
{{-etimologia-}}
: De [[quadri-]] + [[vetor]]
[[Categoria:Substantivo (Português)]]
[[Categoria:Polissílabo (Português)]]
[[Categoria:Oxítona (Português)]]
[[Categoria:Vocábulo com etimologia (Português)]]</text>
<sha1>csbjarerjl24ifb4hzz2kbmjv7wrj1z</sha1>
</revision>
<revision>
<id>611905</id>
<parentid>253367</parentid>
<timestamp>2009-11-13T18:53:07Z</timestamp>
<contributor>
<username>Jesielt-bot</username>
<id>10876</id>
</contributor>
<comment>clean up, Replaced: {{-etimologia-}} → =={{etimologia}}==, utilizando [[Project:AutoWikiBrowser|AWB]]</comment>
<model>wikitext</model>
<format>text/x-wiki</format>
<text bytes="558" xml:space="preserve">{{wikipedia}}
=Português=
==Substantivo==
{{flex.pt.subst.masculino|MS=quadrivetor|MP=quadrivetores}}
'''qua.dri.ve.&lt;u&gt;tor&lt;/u&gt;'''
# [[vetor]] [[quadridimensional]] no [[espaço]] de Minkowski, utilizado na [[teoria]] da [[relatividade]]; inclui as [[três]] [[coordenada]]s [[espacial|espaciais]] (x, y, z) e a [[coordenada]] [[temporal]] (t)
=={{etimologia}}==
: De [[quadri-]] + [[vetor]]
[[Categoria:Substantivo (Português)]]
[[Categoria:Polissílabo (Português)]]
[[Categoria:Oxítona (Português)]]
[[Categoria:Vocábulo com etimologia (Português)]]</text>
<sha1>0wd4xzed0hmbks5xahnyyjfy3ud3luk</sha1>
</revision>
<revision>
<id>1204522</id>
<parentid>611905</parentid>
<timestamp>2011-07-10T01:11:06Z</timestamp>
<contributor>
<username>MalafayaBot</username>
<id>628</id>
</contributor>
<minor />
<comment>Robô: Substituição de texto automática (-^\=\s?Português\s?\= +={{-pt-}}= &amp; -^\=\s?\{\{pt\}\}\s?\= +={{-pt-}}=)</comment>
<model>wikitext</model>
<format>text/x-wiki</format>
<text bytes="556" xml:space="preserve">{{wikipedia}}
={{-pt-}}=
==Substantivo==
{{flex.pt.subst.masculino|MS=quadrivetor|MP=quadrivetores}}
'''qua.dri.ve.&lt;u&gt;tor&lt;/u&gt;'''
# [[vetor]] [[quadridimensional]] no [[espaço]] de Minkowski, utilizado na [[teoria]] da [[relatividade]]; inclui as [[três]] [[coordenada]]s [[espacial|espaciais]] (x, y, z) e a [[coordenada]] [[temporal]] (t)
=={{etimologia}}==
: De [[quadri-]] + [[vetor]]
[[Categoria:Substantivo (Português)]]
[[Categoria:Polissílabo (Português)]]
[[Categoria:Oxítona (Português)]]
[[Categoria:Vocábulo com etimologia (Português)]]</text>
<sha1>lqumvg2igvnr3421jw9mbdori6i66lu</sha1>
</revision>
<revision>
<id>1488096</id>
<parentid>1204522</parentid>
<timestamp>2012-10-21T09:20:04Z</timestamp>
<contributor>
<username>VJBot</username>
<id>33673</id>
</contributor>
<minor />
<comment>Robô: Substituição de texto automática  (-{{wikipedia}} +{{Wikipédia}})</comment>
<model>wikitext</model>
<format>text/x-wiki</format>
<text bytes="557" xml:space="preserve">{{Wikipédia}}
={{-pt-}}=
==Substantivo==
{{flex.pt.subst.masculino|MS=quadrivetor|MP=quadrivetores}}
'''qua.dri.ve.&lt;u&gt;tor&lt;/u&gt;'''
# [[vetor]] [[quadridimensional]] no [[espaço]] de Minkowski, utilizado na [[teoria]] da [[relatividade]]; inclui as [[três]] [[coordenada]]s [[espacial|espaciais]] (x, y, z) e a [[coordenada]] [[temporal]] (t)
=={{etimologia}}==
: De [[quadri-]] + [[vetor]]
[[Categoria:Substantivo (Português)]]
[[Categoria:Polissílabo (Português)]]
[[Categoria:Oxítona (Português)]]
[[Categoria:Vocábulo com etimologia (Português)]]</text>
<sha1>0wu47ap9tu6zzs9f1ga7x350t7lj1mk</sha1>
</revision>
<revision>
<id>1606719</id>
<parentid>1488096</parentid>
<timestamp>2013-01-19T22:01:16Z</timestamp>
<contributor>
<username>MalafayaBot</username>
<id>628</id>
</contributor>
<minor />
<comment>Robô: A modificar Categoria:Vocábulo com etimologia (Português) para Categoria:Entrada com etimologia (Português)</comment>
<model>wikitext</model>
<format>text/x-wiki</format>
<text bytes="555" xml:space="preserve">{{Wikipédia}}
={{-pt-}}=
==Substantivo==
{{flex.pt.subst.masculino|MS=quadrivetor|MP=quadrivetores}}
'''qua.dri.ve.&lt;u&gt;tor&lt;/u&gt;'''
# [[vetor]] [[quadridimensional]] no [[espaço]] de Minkowski, utilizado na [[teoria]] da [[relatividade]]; inclui as [[três]] [[coordenada]]s [[espacial|espaciais]] (x, y, z) e a [[coordenada]] [[temporal]] (t)
=={{etimologia}}==
: De [[quadri-]] + [[vetor]]
[[Categoria:Substantivo (Português)]]
[[Categoria:Polissílabo (Português)]]
[[Categoria:Oxítona (Português)]]
[[Categoria:Entrada com etimologia (Português)]]</text>
<sha1>bpvys6ufsg9puazeygilf9dc6xwj1lt</sha1>
</revision>
<revision>
<id>2031650</id>
<parentid>1606719</parentid>
<timestamp>2015-11-02T20:51:30Z</timestamp>
<contributor>
<username>ValJor</username>
<id>1358</id>
</contributor>
<comment>Um verbete a menos usando a [[Predefinição:flex.pt.subst.masculino|predefinição flex.pt.subst.masculino]]</comment>
<model>wikitext</model>
<format>text/x-wiki</format>
<text bytes="481" xml:space="preserve">{{Wikipédia}}

={{-pt-}}=
==Substantivo==
{{flex.pt|ms=quadrivetor|mp=quadrivetores}}
{{oxítona|qua|dri|ve|tor}}, {{m}}
# [[vetor]] [[quadridimensional]] no [[espaço]] de Minkowski, utilizado na [[teoria]] da [[relatividade]]; inclui as [[três]] [[coordenada]]s [[espacial|espaciais]] (x, y, z) e a [[coordenada]] [[temporal]] (t)

=={{etimologia|pt}}==
: {{escopo|Morfologia}} [[quadri-]] + [[vetor]].

[[Categoria:Substantivo (Português)]]
[[Categoria:Física (Português)]]</text>
<sha1>otd2c0fs059jy1jnh4dmnpzbiim34vb</sha1>
</revision>
</page>
