<title>quaero</title>
<ns>0</ns>
<id>338741</id>
<revision>
<id>1913468</id>
<timestamp>2015-04-18T11:49:18Z</timestamp>
<contributor>
<username>Transtagano</username>
<id>30445</id>
</contributor>
<comment>[[Ajuda:Guia de edição/Menus e ferramentas/Sumário de edição|→]] nova página: ={{-la-}}= ==Verbo== ''presente ativo'' '''quaero''', ''infinitivo presente'' '''[[quaerere]]''', ''pretérit...</comment>
<model>wikitext</model>
<format>text/x-wiki</format>
<text bytes="480" xml:space="preserve">={{-la-}}=
==Verbo==
''presente ativo'' '''quaero''', ''infinitivo presente'' '''[[quaerere]]''', ''pretérito perfeito ativo'' '''[[quaesivi]]''', ''supino'' '''[[quaesitum]]'''.
# [[procurar]].
# [[perguntar]].
# [[ter]] [[falta]] de.
# [[desejar]].

===Conjugação===
{{conj.la.3|quaer|quaer|quaesit|quaer|quaesiv|quaesit}}
==Pronúncia==
*[[AFI]]:  /kʷae.roː/.

[[Categoria:Entrada com pronúncia (Latim)]]
[[Categoria:Verbo (Latim)]]
[[Categoria:Verbo sem afixos (Latim)]]</text>
<sha1>4hkv4gew0x7miil80i2kxv4ct832y7c</sha1>
</revision>
<revision>
<id>1923863</id>
<parentid>1913468</parentid>
<timestamp>2015-04-26T10:31:41Z</timestamp>
<contributor>
<username>YS-Bot</username>
<id>32241</id>
</contributor>
<minor />
<comment>r2.7.3) (Robô: A adicionar: chr, el, en, fi, fr, ko, lt, mg, pl, ru</comment>
<model>wikitext</model>
<format>text/x-wiki</format>
<text bytes="622" xml:space="preserve">={{-la-}}=
==Verbo==
''presente ativo'' '''quaero''', ''infinitivo presente'' '''[[quaerere]]''', ''pretérito perfeito ativo'' '''[[quaesivi]]''', ''supino'' '''[[quaesitum]]'''.
# [[procurar]].
# [[perguntar]].
# [[ter]] [[falta]] de.
# [[desejar]].

===Conjugação===
{{conj.la.3|quaer|quaer|quaesit|quaer|quaesiv|quaesit}}
==Pronúncia==
*[[AFI]]:  /kʷae.roː/.

[[Categoria:Entrada com pronúncia (Latim)]]
[[Categoria:Verbo (Latim)]]
[[Categoria:Verbo sem afixos (Latim)]]

[[chr:quaero]]
[[el:quaero]]
[[en:quaero]]
[[fi:quaero]]
[[fr:quaero]]
[[ko:quaero]]
[[lt:quaero]]
[[mg:quaero]]
[[pl:quaero]]
[[ru:quaero]]</text>
<sha1>8f1klwce4q2558uxknxvjscrqjow4mz</sha1>
</revision>
<revision>
<id>2013901</id>
<parentid>1923863</parentid>
<timestamp>2015-10-10T14:41:45Z</timestamp>
<contributor>
<username>YS-Bot</username>
<id>32241</id>
</contributor>
<minor />
<comment>r2.7.3) (Robô: A adicionar: [[ja:quaero]]</comment>
<model>wikitext</model>
<format>text/x-wiki</format>
<text bytes="636" xml:space="preserve">={{-la-}}=
==Verbo==
''presente ativo'' '''quaero''', ''infinitivo presente'' '''[[quaerere]]''', ''pretérito perfeito ativo'' '''[[quaesivi]]''', ''supino'' '''[[quaesitum]]'''.
# [[procurar]].
# [[perguntar]].
# [[ter]] [[falta]] de.
# [[desejar]].

===Conjugação===
{{conj.la.3|quaer|quaer|quaesit|quaer|quaesiv|quaesit}}
==Pronúncia==
*[[AFI]]:  /kʷae.roː/.

[[Categoria:Entrada com pronúncia (Latim)]]
[[Categoria:Verbo (Latim)]]
[[Categoria:Verbo sem afixos (Latim)]]

[[chr:quaero]]
[[el:quaero]]
[[en:quaero]]
[[fi:quaero]]
[[fr:quaero]]
[[ja:quaero]]
[[ko:quaero]]
[[lt:quaero]]
[[mg:quaero]]
[[pl:quaero]]
[[ru:quaero]]</text>
<sha1>5wk8syjgg3dcolzb4pbfml44nkgf1fn</sha1>
</revision>
<revision>
<id>2182278</id>
<parentid>2013901</parentid>
<timestamp>2016-10-12T18:12:11Z</timestamp>
<contributor>
<username>UT-interwiki-Bot</username>
<id>56129</id>
</contributor>
<minor />
<comment>Robô: A adicionar: [[es:quaero]]</comment>
<model>wikitext</model>
<format>text/x-wiki</format>
<text bytes="650" xml:space="preserve">={{-la-}}=
==Verbo==
''presente ativo'' '''quaero''', ''infinitivo presente'' '''[[quaerere]]''', ''pretérito perfeito ativo'' '''[[quaesivi]]''', ''supino'' '''[[quaesitum]]'''.
# [[procurar]].
# [[perguntar]].
# [[ter]] [[falta]] de.
# [[desejar]].

===Conjugação===
{{conj.la.3|quaer|quaer|quaesit|quaer|quaesiv|quaesit}}
==Pronúncia==
*[[AFI]]:  /kʷae.roː/.

[[Categoria:Entrada com pronúncia (Latim)]]
[[Categoria:Verbo (Latim)]]
[[Categoria:Verbo sem afixos (Latim)]]

[[chr:quaero]]
[[el:quaero]]
[[en:quaero]]
[[es:quaero]]
[[fi:quaero]]
[[fr:quaero]]
[[ja:quaero]]
[[ko:quaero]]
[[lt:quaero]]
[[mg:quaero]]
[[pl:quaero]]
[[ru:quaero]]</text>
<sha1>77lkmc5m4ywy9ryr2mhs9hgsqd6kj27</sha1>
</revision>
<revision>
<id>2200238</id>
<parentid>2182278</parentid>
<timestamp>2016-11-23T20:05:18Z</timestamp>
<contributor>
<username>UT-interwiki-Bot</username>
<id>56129</id>
</contributor>
<minor />
<comment>Robô: A adicionar: [[la:quaero]]</comment>
<model>wikitext</model>
<format>text/x-wiki</format>
<text bytes="664" xml:space="preserve">={{-la-}}=
==Verbo==
''presente ativo'' '''quaero''', ''infinitivo presente'' '''[[quaerere]]''', ''pretérito perfeito ativo'' '''[[quaesivi]]''', ''supino'' '''[[quaesitum]]'''.
# [[procurar]].
# [[perguntar]].
# [[ter]] [[falta]] de.
# [[desejar]].

===Conjugação===
{{conj.la.3|quaer|quaer|quaesit|quaer|quaesiv|quaesit}}
==Pronúncia==
*[[AFI]]:  /kʷae.roː/.

[[Categoria:Entrada com pronúncia (Latim)]]
[[Categoria:Verbo (Latim)]]
[[Categoria:Verbo sem afixos (Latim)]]

[[chr:quaero]]
[[el:quaero]]
[[en:quaero]]
[[es:quaero]]
[[fi:quaero]]
[[fr:quaero]]
[[ja:quaero]]
[[ko:quaero]]
[[la:quaero]]
[[lt:quaero]]
[[mg:quaero]]
[[pl:quaero]]
[[ru:quaero]]</text>
<sha1>gue7gsggnfz6b53s4ivcezqdncc0jj2</sha1>
</revision>
<revision>
<id>2259922</id>
<parentid>2200238</parentid>
<timestamp>2017-04-11T20:13:56Z</timestamp>
<contributor>
<username>UT-interwiki-Bot</username>
<id>56129</id>
</contributor>
<minor />
<comment>Robô: A adicionar: [[ca:quaero]]</comment>
<model>wikitext</model>
<format>text/x-wiki</format>
<text bytes="678" xml:space="preserve">={{-la-}}=
==Verbo==
''presente ativo'' '''quaero''', ''infinitivo presente'' '''[[quaerere]]''', ''pretérito perfeito ativo'' '''[[quaesivi]]''', ''supino'' '''[[quaesitum]]'''.
# [[procurar]].
# [[perguntar]].
# [[ter]] [[falta]] de.
# [[desejar]].

===Conjugação===
{{conj.la.3|quaer|quaer|quaesit|quaer|quaesiv|quaesit}}
==Pronúncia==
*[[AFI]]:  /kʷae.roː/.

[[Categoria:Entrada com pronúncia (Latim)]]
[[Categoria:Verbo (Latim)]]
[[Categoria:Verbo sem afixos (Latim)]]

[[ca:quaero]]
[[chr:quaero]]
[[el:quaero]]
[[en:quaero]]
[[es:quaero]]
[[fi:quaero]]
[[fr:quaero]]
[[ja:quaero]]
[[ko:quaero]]
[[la:quaero]]
[[lt:quaero]]
[[mg:quaero]]
[[pl:quaero]]
[[ru:quaero]]</text>
<sha1>a7ymp8roivbxqm8t6bwuu4xnviimo0k</sha1>
</revision>
<revision>
<id>2396730</id>
<parentid>2259922</parentid>
<timestamp>2017-05-13T10:59:16Z</timestamp>
<contributor>
<username>HydrizBot</username>
<id>29590</id>
</contributor>
<minor />
<comment>Robô: A limpar links interwikis antigos</comment>
<model>wikitext</model>
<format>text/x-wiki</format>
<text bytes="480" xml:space="preserve">={{-la-}}=
==Verbo==
''presente ativo'' '''quaero''', ''infinitivo presente'' '''[[quaerere]]''', ''pretérito perfeito ativo'' '''[[quaesivi]]''', ''supino'' '''[[quaesitum]]'''.
# [[procurar]].
# [[perguntar]].
# [[ter]] [[falta]] de.
# [[desejar]].

===Conjugação===
{{conj.la.3|quaer|quaer|quaesit|quaer|quaesiv|quaesit}}
==Pronúncia==
*[[AFI]]:  /kʷae.roː/.

[[Categoria:Entrada com pronúncia (Latim)]]
[[Categoria:Verbo (Latim)]]
[[Categoria:Verbo sem afixos (Latim)]]</text>
<sha1>4hkv4gew0x7miil80i2kxv4ct832y7c</sha1>
</revision>
</page>
