<title>quaije</title>
<ns>0</ns>
<id>387701</id>
<revision>
<id>2468667</id>
<timestamp>2017-12-09T13:50:10Z</timestamp>
<contributor>
<username>Imivorn</username>
<id>64513</id>
</contributor>
<comment>[[Ajuda:Guia de edição/Menus e ferramentas/Sumário de edição|→]] nova página: ={{-mwl-}}= ==Advérbio== {{paroxítona|quai|je|língua=mwl}} # [[quase]]  [[Categoria:Advérbio (Mirandês)]]</comment>
<model>wikitext</model>
<format>text/x-wiki</format>
<text bytes="110" xml:space="preserve">={{-mwl-}}=
==Advérbio==
{{paroxítona|quai|je|língua=mwl}}
# [[quase]]

[[Categoria:Advérbio (Mirandês)]]</text>
<sha1>cei8e3jhfol2g89jr6wbrhnuorkfmvs</sha1>
</revision>
</page>
