<title>quais</title>
<ns>0</ns>
<id>95597</id>
<revision>
<id>374526</id>
<timestamp>2008-08-12T09:41:27Z</timestamp>
<contributor>
<username>VanEça</username>
<id>3465</id>
</contributor>
<model>wikitext</model>
<format>text/x-wiki</format>
<text bytes="1442" xml:space="preserve">__NOTOC__
__NOEDITSECTION__
=[[Português]][[Categoria: Português]]=
'''{{PAGENAME}} || qu.ais ||'''
==Pronome[[Categoria:Pronome (Português)]]==
# [[plural]] [[de]] '''[[qual]]'''




{{tradini|[[Image:LuisdeCamoes4.jpg|10px]] [[camonismo|Camonismo]] [[Image:Os Lusíadas.jpg|10px]]
[[Categoria:Camonismo (Português)]]}}
*** '''13 ocorrências n'Os Lusíadas'''
* '''Quais''' pera a cova as próvidas formigas,     -     Os Lusíadas   II-23-1
* Dos '''quais''' o principal Ismar se chama;     -     Os Lusíadas   III-44-2
* Entre os '''quais''' tem o ceptro Imperial.     -     Os Lusíadas   III-78-4
* '''Quais''' nas guerras civis de Júlio [e] Magno.     -     Os Lusíadas   IV-32-8
* '''Quais''' Euristeu a Alcides inventava:     -     Os Lusíadas   IV-80-2
* As '''quais''' o largo Atlântico recebe),     -     Os Lusíadas    V-10-8
* Aos '''quais''' do que sonhou dá conta estreita.     -     Os Lusíadas    VIII-51-8
* ('''Quais''', no profundo Reino, os nus espritos     -     Os Lusíadas    X-5-6
* Os '''quais''' verás que jazem mais a dentro     -     Os Lusíadas    X-90-7
* Olha as águas nas '''quais''' abriu patente    -     Os Lusíadas    X-98-5
* Nas '''quais''' hão-de viver muitas idades.     -     Os Lusíadas    X-107-8
* Tem as enchentes '''quais''' o Nilo frio;      -     Os Lusíadas    X-127-5
* '''Quais''' rompentes liões e bravos touros,      -     Os Lusíadas    X-147-2
{{tradfim}}</text>
<sha1>91q46j9cmjzjks4ps64s7qrnces8pje</sha1>
</revision>
<revision>
<id>401992</id>
<parentid>374526</parentid>
<timestamp>2008-12-19T12:22:24Z</timestamp>
<contributor>
<username>Alacrau</username>
<id>1975</id>
</contributor>
<model>wikitext</model>
<format>text/x-wiki</format>
<text bytes="1792" xml:space="preserve">__NOTOC__
__NOEDITSECTION__
=[[Português]][[Categoria: Português]]=
'''{{PAGENAME}} || qu.ais ||'''
==Pronome[[Categoria:Pronome (Português)]]==
# [[plural]] [[de]] '''[[qual]]'''




{{tradini|[[Image:LuisdeCamoes4.jpg|10px]] [[camonismo|Camonismo]] [[Image:Os Lusíadas.jpg|10px]]
[[Categoria:Camonismo (Português)]]}}
*** '''13 ocorrências n'Os Lusíadas'''
* '''Quais''' [[pera]] [[a]] [[cova]] [[as]] [[próvidas]] [[formigas]],     -     Os Lusíadas   II-23-1
* [[dos|Dos]] '''quais''' [[o]] [[principal]] [[Ismar]] [[se]] chama]];     -     Os Lusíadas   III-44-2
* [[entre|Entre]] [[os]] '''quais''' [[tem]] [[o]] [[ceptro]] [[imperial|Imperial]].     -     Os Lusíadas   III-78-4
* '''Quais''' [[nas]] [[guerras]] [[civis]] [[de]] [[Júlio]] ([[e]]) [[Magno]].     -     Os Lusíadas   IV-32-8
* '''Quais''' [[Euristeu]] [[a]] [[Alcides]] [[inventava]]:     -     Os Lusíadas   IV-80-2
* [[as|As]] '''quais''' [[o]] [[largo]] [[Atlântico]] [[recebe]]),     -     Os Lusíadas    V-10-8
* [[aos|Aos]] '''quais''' [[do]] [[que]] [[sonhou]] [[dá]] [[conta]] [[estreita]].     -     Os Lusíadas    VIII-51-8
* ('''Quais''', [[no]] [[profundo]] [[reino|Reino]], [[os]] [[nus]] [[espritos]]     -     Os Lusíadas    X-5-6
* [[os|Os]] '''quais''' [[verás]] [[que]] [[jazem]] [[mais]] [[a]] [[dentro]]     -     Os Lusíadas    X-90-7
* [[olha|Olha]] [[as]] [[águas]] [[nas]] '''quais''' [[abriu]] [[patente]]    -     Os Lusíadas    X-98-5
* [[nas|Nas]] '''quais''' [[hão-de]] [[viver]] [[muitas]] [[idades]].     -     Os Lusíadas    X-107-8
* [[tem|Tem]] [[as]] [[enchentes]] '''quais''' [[o]] [[Nilo]] [[frio]];      -     Os Lusíadas    X-127-5
* '''Quais''' [[rompentes]] [[liões]] [[e]] [[bravos]] [[touros]],      -     Os Lusíadas    X-147-2
{{tradfim}}</text>
<sha1>dw2iegfl4o15n24435te0kszhuf0zw4</sha1>
</revision>
<revision>
<id>401993</id>
<parentid>401992</parentid>
<timestamp>2008-12-19T12:23:59Z</timestamp>
<contributor>
<username>Alacrau</username>
<id>1975</id>
</contributor>
<model>wikitext</model>
<format>text/x-wiki</format>
<text bytes="1794" xml:space="preserve">__NOTOC__
__NOEDITSECTION__
=[[Português]][[Categoria: Português]]=
'''{{PAGENAME}} || qu.ais ||'''
==Pronome[[Categoria:Pronome (Português)]]==
# [[plural]] [[de]] '''[[qual]]'''




{{tradini|[[Image:LuisdeCamoes4.jpg|10px]] [[camonismo|Camonismo]] [[Image:Os Lusíadas.jpg|10px]]
[[Categoria:Camonismo (Português)]]}}
*** '''13 ocorrências n'Os Lusíadas'''
* '''Quais''' [[pera]] [[a]] [[cova]] [[as]] [[próvidas]] [[formigas]],     -     Os Lusíadas   II-23-1
* [[dos|Dos]] '''quais''' [[o]] [[principal]] [[Ismar]] [[se]] [[chama]];     -     Os Lusíadas   III-44-2
* [[entre|Entre]] [[os]] '''quais''' [[tem]] [[o]] [[ceptro]] [[imperial|Imperial]].     -     Os Lusíadas   III-78-4
* '''Quais''' [[nas]] [[guerras]] [[civis]] [[de]] [[Júlio]] ([[e]]) [[Magno]].     -     Os Lusíadas   IV-32-8
* '''Quais''' [[Euristeu]] [[a]] [[Alcides]] [[inventava]]:     -     Os Lusíadas   IV-80-2
* [[as|As]] '''quais''' [[o]] [[largo]] [[Atlântico]] [[recebe]]),     -     Os Lusíadas    V-10-8
* [[aos|Aos]] '''quais''' [[do]] [[que]] [[sonhou]] [[dá]] [[conta]] [[estreita]].     -     Os Lusíadas    VIII-51-8
* ('''Quais''', [[no]] [[profundo]] [[reino|Reino]], [[os]] [[nus]] [[espritos]]     -     Os Lusíadas    X-5-6
* [[os|Os]] '''quais''' [[verás]] [[que]] [[jazem]] [[mais]] [[a]] [[dentro]]     -     Os Lusíadas    X-90-7
* [[olha|Olha]] [[as]] [[águas]] [[nas]] '''quais''' [[abriu]] [[patente]]    -     Os Lusíadas    X-98-5
* [[nas|Nas]] '''quais''' [[hão-de]] [[viver]] [[muitas]] [[idades]].     -     Os Lusíadas    X-107-8
* [[tem|Tem]] [[as]] [[enchentes]] '''quais''' [[o]] [[Nilo]] [[frio]];      -     Os Lusíadas    X-127-5
* '''Quais''' [[rompentes]] [[liões]] [[e]] [[bravos]] [[touros]],      -     Os Lusíadas    X-147-2
{{tradfim}}</text>
<sha1>clcytynhtjx2hgnliy0p1ysofl7ava5</sha1>
</revision>
<revision>
<id>433911</id>
<parentid>401993</parentid>
<timestamp>2009-03-13T10:33:49Z</timestamp>
<contributor>
<username>Interwicket</username>
<id>6868</id>
</contributor>
<minor />
<comment>iwiki +[[:ar:quais]], [[:en:quais]], [[:fr:quais]]</comment>
<model>wikitext</model>
<format>text/x-wiki</format>
<text bytes="1834" xml:space="preserve">__NOTOC__
__NOEDITSECTION__
=[[Português]][[Categoria: Português]]=
'''{{PAGENAME}} || qu.ais ||'''
==Pronome[[Categoria:Pronome (Português)]]==
# [[plural]] [[de]] '''[[qual]]'''




{{tradini|[[Image:LuisdeCamoes4.jpg|10px]] [[camonismo|Camonismo]] [[Image:Os Lusíadas.jpg|10px]]
[[Categoria:Camonismo (Português)]]}}
*** '''13 ocorrências n'Os Lusíadas'''
* '''Quais''' [[pera]] [[a]] [[cova]] [[as]] [[próvidas]] [[formigas]],     -     Os Lusíadas   II-23-1
* [[dos|Dos]] '''quais''' [[o]] [[principal]] [[Ismar]] [[se]] [[chama]];     -     Os Lusíadas   III-44-2
* [[entre|Entre]] [[os]] '''quais''' [[tem]] [[o]] [[ceptro]] [[imperial|Imperial]].     -     Os Lusíadas   III-78-4
* '''Quais''' [[nas]] [[guerras]] [[civis]] [[de]] [[Júlio]] ([[e]]) [[Magno]].     -     Os Lusíadas   IV-32-8
* '''Quais''' [[Euristeu]] [[a]] [[Alcides]] [[inventava]]:     -     Os Lusíadas   IV-80-2
* [[as|As]] '''quais''' [[o]] [[largo]] [[Atlântico]] [[recebe]]),     -     Os Lusíadas    V-10-8
* [[aos|Aos]] '''quais''' [[do]] [[que]] [[sonhou]] [[dá]] [[conta]] [[estreita]].     -     Os Lusíadas    VIII-51-8
* ('''Quais''', [[no]] [[profundo]] [[reino|Reino]], [[os]] [[nus]] [[espritos]]     -     Os Lusíadas    X-5-6
* [[os|Os]] '''quais''' [[verás]] [[que]] [[jazem]] [[mais]] [[a]] [[dentro]]     -     Os Lusíadas    X-90-7
* [[olha|Olha]] [[as]] [[águas]] [[nas]] '''quais''' [[abriu]] [[patente]]    -     Os Lusíadas    X-98-5
* [[nas|Nas]] '''quais''' [[hão-de]] [[viver]] [[muitas]] [[idades]].     -     Os Lusíadas    X-107-8
* [[tem|Tem]] [[as]] [[enchentes]] '''quais''' [[o]] [[Nilo]] [[frio]];      -     Os Lusíadas    X-127-5
* '''Quais''' [[rompentes]] [[liões]] [[e]] [[bravos]] [[touros]],      -     Os Lusíadas    X-147-2
{{tradfim}}

[[ar:quais]]
[[en:quais]]
[[fr:quais]]</text>
<sha1>eofkm4djmaqg41a0fehmmfbhj4jdq82</sha1>
</revision>
<revision>
<id>511913</id>
<parentid>433911</parentid>
<timestamp>2009-08-15T22:30:15Z</timestamp>
<contributor>
<ip>217.129.84.91</ip>
</contributor>
<model>wikitext</model>
<format>text/x-wiki</format>
<text bytes="1830" xml:space="preserve">__NOTOC__
__NOEDITSECTION__
=[[Português]][[Categoria: Português]]=
'''{{PAGENAME}} || qu.ais ||'''
==Pronome[[Categoria:Pronome (Português)]]==
# [[plural]] [[de]] '''[[qual]]'''




{{tradini|[[Image:LuisdeCamoes4.jpg|10px]] [[camonismo|Camonismo]] [[Image:Os Lusíadas.jpg|10px]]
[[Categoria:Camonismo (Português)]]}}
*** '''13 ocorrências n'Os Lusíadas'''
* '''Quais''' [[pera]] [[a]] [[cova]] [[as]] [[próvidas]] [[formigas]],     -     Os Lusíadas   II-23-1
* [[dos|Dos]] '''quais''' [[o]] [[principal]] [[Ismar]] [[se]] [[chama]];     -     Os Lusíadas   III-44-2
* [[entre|Entre]] [[os]] '''quais''' [[tem]] [[o]] [[ceptro]] [[imperial|Imperial]].     -     Os Lusíadas   III-78-4
* '''Quais''' [[nas]] [[guerras]] [[civis]] [[de]] [[Júlio]] ([[e]]) [[Magno]].     -     Os Lusíadas   IV-32-8
* '''Quais''' [[Euristeu]] [[a]] [[Alcides]] [[inventava]]:     -     Os Lusíadas   IV-80-2
* [[as|As]] '''quais''' [[o]] [[largo]] [[Atlântico]] [[recebe]]),     -     Os Lusíadas    V-10-8
* [[aos|Aos]] '''quais''' [[do]] [[que]] [[sonhou]] [[dá]] [[conta]] [[estreita]].     -     Os Lusíadas    VIII-51-8
* ('''Quais''', [[no]] [[profundo]] [[reino|Reino]], [[os]] [[nus]] [[espritos]]     -     Os Lusíadas    X-5-6
* [[os|Os]] '''quais''' [[verás]] [[que]] [[jazem]] [[mais]] [[a]] [[dentro]]     -     Os Lusíadas    X-90-7
* [[olha|Olha]] [[as]] [[águas]] [[nas]] '''quais''' [[abriu]] [[patente]]    -     Os Lusíadas    X-98-5
* [[nas|Nas]] '''quais''' hão-de [[viver]] [[muitas]] [[idades]].     -     Os Lusíadas    X-107-8
* [[tem|Tem]] [[as]] [[enchentes]] '''quais''' [[o]] [[Nilo]] [[frio]];      -     Os Lusíadas    X-127-5
* '''Quais''' [[rompentes]] [[liões]] [[e]] [[bravos]] [[touros]],      -     Os Lusíadas    X-147-2
{{tradfim}}

[[ar:quais]]
[[en:quais]]
[[fr:quais]]</text>
<sha1>m7tge8us6n7rzq4m64xgb2gdiva77te</sha1>
</revision>
<revision>
<id>511914</id>
<parentid>511913</parentid>
<timestamp>2009-08-15T22:31:22Z</timestamp>
<contributor>
<username>Jesielt</username>
<id>6680</id>
</contributor>
<minor />
<comment>Removida categoria &quot;Português&quot; (usando [[Wikcionário:Software/Scripts/HotCat|HotCat]])</comment>
<model>wikitext</model>
<format>text/x-wiki</format>
<text bytes="1806" xml:space="preserve">__NOTOC__
__NOEDITSECTION__
=[[Português]] =
'''{{PAGENAME}} || qu.ais ||'''
==Pronome[[Categoria:Pronome (Português)]]==
# [[plural]] [[de]] '''[[qual]]'''




{{tradini|[[Image:LuisdeCamoes4.jpg|10px]] [[camonismo|Camonismo]] [[Image:Os Lusíadas.jpg|10px]]
[[Categoria:Camonismo (Português)]]}}
*** '''13 ocorrências n'Os Lusíadas'''
* '''Quais''' [[pera]] [[a]] [[cova]] [[as]] [[próvidas]] [[formigas]],     -     Os Lusíadas   II-23-1
* [[dos|Dos]] '''quais''' [[o]] [[principal]] [[Ismar]] [[se]] [[chama]];     -     Os Lusíadas   III-44-2
* [[entre|Entre]] [[os]] '''quais''' [[tem]] [[o]] [[ceptro]] [[imperial|Imperial]].     -     Os Lusíadas   III-78-4
* '''Quais''' [[nas]] [[guerras]] [[civis]] [[de]] [[Júlio]] ([[e]]) [[Magno]].     -     Os Lusíadas   IV-32-8
* '''Quais''' [[Euristeu]] [[a]] [[Alcides]] [[inventava]]:     -     Os Lusíadas   IV-80-2
* [[as|As]] '''quais''' [[o]] [[largo]] [[Atlântico]] [[recebe]]),     -     Os Lusíadas    V-10-8
* [[aos|Aos]] '''quais''' [[do]] [[que]] [[sonhou]] [[dá]] [[conta]] [[estreita]].     -     Os Lusíadas    VIII-51-8
* ('''Quais''', [[no]] [[profundo]] [[reino|Reino]], [[os]] [[nus]] [[espritos]]     -     Os Lusíadas    X-5-6
* [[os|Os]] '''quais''' [[verás]] [[que]] [[jazem]] [[mais]] [[a]] [[dentro]]     -     Os Lusíadas    X-90-7
* [[olha|Olha]] [[as]] [[águas]] [[nas]] '''quais''' [[abriu]] [[patente]]    -     Os Lusíadas    X-98-5
* [[nas|Nas]] '''quais''' hão-de [[viver]] [[muitas]] [[idades]].     -     Os Lusíadas    X-107-8
* [[tem|Tem]] [[as]] [[enchentes]] '''quais''' [[o]] [[Nilo]] [[frio]];      -     Os Lusíadas    X-127-5
* '''Quais''' [[rompentes]] [[liões]] [[e]] [[bravos]] [[touros]],      -     Os Lusíadas    X-147-2
{{tradfim}}

[[ar:quais]]
[[en:quais]]
[[fr:quais]]</text>
<sha1>ha65myxdfkwpfecpf9tst0t73e1f664</sha1>
</revision>
<revision>
<id>511915</id>
<parentid>511914</parentid>
<timestamp>2009-08-15T22:31:38Z</timestamp>
<contributor>
<username>Jesielt</username>
<id>6680</id>
</contributor>
<minor />
<model>wikitext</model>
<format>text/x-wiki</format>
<text bytes="1778" xml:space="preserve">=[[Português]] =
'''{{PAGENAME}} || qu.ais ||'''
==Pronome[[Categoria:Pronome (Português)]]==
# [[plural]] [[de]] '''[[qual]]'''




{{tradini|[[Image:LuisdeCamoes4.jpg|10px]] [[camonismo|Camonismo]] [[Image:Os Lusíadas.jpg|10px]]
[[Categoria:Camonismo (Português)]]}}
*** '''13 ocorrências n'Os Lusíadas'''
* '''Quais''' [[pera]] [[a]] [[cova]] [[as]] [[próvidas]] [[formigas]],     -     Os Lusíadas   II-23-1
* [[dos|Dos]] '''quais''' [[o]] [[principal]] [[Ismar]] [[se]] [[chama]];     -     Os Lusíadas   III-44-2
* [[entre|Entre]] [[os]] '''quais''' [[tem]] [[o]] [[ceptro]] [[imperial|Imperial]].     -     Os Lusíadas   III-78-4
* '''Quais''' [[nas]] [[guerras]] [[civis]] [[de]] [[Júlio]] ([[e]]) [[Magno]].     -     Os Lusíadas   IV-32-8
* '''Quais''' [[Euristeu]] [[a]] [[Alcides]] [[inventava]]:     -     Os Lusíadas   IV-80-2
* [[as|As]] '''quais''' [[o]] [[largo]] [[Atlântico]] [[recebe]]),     -     Os Lusíadas    V-10-8
* [[aos|Aos]] '''quais''' [[do]] [[que]] [[sonhou]] [[dá]] [[conta]] [[estreita]].     -     Os Lusíadas    VIII-51-8
* ('''Quais''', [[no]] [[profundo]] [[reino|Reino]], [[os]] [[nus]] [[espritos]]     -     Os Lusíadas    X-5-6
* [[os|Os]] '''quais''' [[verás]] [[que]] [[jazem]] [[mais]] [[a]] [[dentro]]     -     Os Lusíadas    X-90-7
* [[olha|Olha]] [[as]] [[águas]] [[nas]] '''quais''' [[abriu]] [[patente]]    -     Os Lusíadas    X-98-5
* [[nas|Nas]] '''quais''' hão-de [[viver]] [[muitas]] [[idades]].     -     Os Lusíadas    X-107-8
* [[tem|Tem]] [[as]] [[enchentes]] '''quais''' [[o]] [[Nilo]] [[frio]];      -     Os Lusíadas    X-127-5
* '''Quais''' [[rompentes]] [[liões]] [[e]] [[bravos]] [[touros]],      -     Os Lusíadas    X-147-2
{{tradfim}}

[[ar:quais]]
[[en:quais]]
[[fr:quais]]</text>
<sha1>eonizgfngi1d6us2y1wy4gsp363o703</sha1>
</revision>
<revision>
<id>600977</id>
<parentid>511915</parentid>
<timestamp>2009-11-08T16:56:04Z</timestamp>
<contributor>
<username>MalafayaBot</username>
<id>628</id>
</contributor>
<minor />
<model>wikitext</model>
<format>text/x-wiki</format>
<text bytes="1644" xml:space="preserve">=[[Português]] =
'''{{PAGENAME}} || qu.ais ||'''
==Pronome[[Categoria:Pronome (Português)]]==
# [[plural]] [[de]] '''[[qual]]'''




{{camonismo|
*** '''13 ocorrências n'Os Lusíadas'''
* '''Quais''' [[pera]] [[a]] [[cova]] [[as]] [[próvidas]] [[formigas]],     -     Os Lusíadas   II-23-1
* [[dos|Dos]] '''quais''' [[o]] [[principal]] [[Ismar]] [[se]] [[chama]];     -     Os Lusíadas   III-44-2
* [[entre|Entre]] [[os]] '''quais''' [[tem]] [[o]] [[ceptro]] [[imperial|Imperial]].     -     Os Lusíadas   III-78-4
* '''Quais''' [[nas]] [[guerras]] [[civis]] [[de]] [[Júlio]] ([[e]]) [[Magno]].     -     Os Lusíadas   IV-32-8
* '''Quais''' [[Euristeu]] [[a]] [[Alcides]] [[inventava]]:     -     Os Lusíadas   IV-80-2
* [[as|As]] '''quais''' [[o]] [[largo]] [[Atlântico]] [[recebe]]),     -     Os Lusíadas    V-10-8
* [[aos|Aos]] '''quais''' [[do]] [[que]] [[sonhou]] [[dá]] [[conta]] [[estreita]].     -     Os Lusíadas    VIII-51-8
* ('''Quais''', [[no]] [[profundo]] [[reino|Reino]], [[os]] [[nus]] [[espritos]]     -     Os Lusíadas    X-5-6
* [[os|Os]] '''quais''' [[verás]] [[que]] [[jazem]] [[mais]] [[a]] [[dentro]]     -     Os Lusíadas    X-90-7
* [[olha|Olha]] [[as]] [[águas]] [[nas]] '''quais''' [[abriu]] [[patente]]    -     Os Lusíadas    X-98-5
* [[nas|Nas]] '''quais''' hão-de [[viver]] [[muitas]] [[idades]].     -     Os Lusíadas    X-107-8
* [[tem|Tem]] [[as]] [[enchentes]] '''quais''' [[o]] [[Nilo]] [[frio]];      -     Os Lusíadas    X-127-5
* '''Quais''' [[rompentes]] [[liões]] [[e]] [[bravos]] [[touros]],      -     Os Lusíadas    X-147-2
}}

[[ar:quais]]
[[en:quais]]
[[fr:quais]]</text>
<sha1>ct3q71x9wjwrnpwjkkmyrt2i0v342fw</sha1>
</revision>
<revision>
<id>863582</id>
<parentid>600977</parentid>
<timestamp>2010-04-28T23:53:08Z</timestamp>
<contributor>
<username>Interwicket</username>
<id>6868</id>
</contributor>
<minor />
<comment>iwiki +[[:el:quais]]</comment>
<model>wikitext</model>
<format>text/x-wiki</format>
<text bytes="1657" xml:space="preserve">=[[Português]] =
'''{{PAGENAME}} || qu.ais ||'''
==Pronome[[Categoria:Pronome (Português)]]==
# [[plural]] [[de]] '''[[qual]]'''




{{camonismo|
*** '''13 ocorrências n'Os Lusíadas'''
* '''Quais''' [[pera]] [[a]] [[cova]] [[as]] [[próvidas]] [[formigas]],     -     Os Lusíadas   II-23-1
* [[dos|Dos]] '''quais''' [[o]] [[principal]] [[Ismar]] [[se]] [[chama]];     -     Os Lusíadas   III-44-2
* [[entre|Entre]] [[os]] '''quais''' [[tem]] [[o]] [[ceptro]] [[imperial|Imperial]].     -     Os Lusíadas   III-78-4
* '''Quais''' [[nas]] [[guerras]] [[civis]] [[de]] [[Júlio]] ([[e]]) [[Magno]].     -     Os Lusíadas   IV-32-8
* '''Quais''' [[Euristeu]] [[a]] [[Alcides]] [[inventava]]:     -     Os Lusíadas   IV-80-2
* [[as|As]] '''quais''' [[o]] [[largo]] [[Atlântico]] [[recebe]]),     -     Os Lusíadas    V-10-8
* [[aos|Aos]] '''quais''' [[do]] [[que]] [[sonhou]] [[dá]] [[conta]] [[estreita]].     -     Os Lusíadas    VIII-51-8
* ('''Quais''', [[no]] [[profundo]] [[reino|Reino]], [[os]] [[nus]] [[espritos]]     -     Os Lusíadas    X-5-6
* [[os|Os]] '''quais''' [[verás]] [[que]] [[jazem]] [[mais]] [[a]] [[dentro]]     -     Os Lusíadas    X-90-7
* [[olha|Olha]] [[as]] [[águas]] [[nas]] '''quais''' [[abriu]] [[patente]]    -     Os Lusíadas    X-98-5
* [[nas|Nas]] '''quais''' hão-de [[viver]] [[muitas]] [[idades]].     -     Os Lusíadas    X-107-8
* [[tem|Tem]] [[as]] [[enchentes]] '''quais''' [[o]] [[Nilo]] [[frio]];      -     Os Lusíadas    X-127-5
* '''Quais''' [[rompentes]] [[liões]] [[e]] [[bravos]] [[touros]],      -     Os Lusíadas    X-147-2
}}

[[ar:quais]]
[[el:quais]]
[[en:quais]]
[[fr:quais]]</text>
<sha1>d9s4u6lnn2lyzor2gjg9zgfsh6g0ai3</sha1>
</revision>
<revision>
<id>895467</id>
<parentid>863582</parentid>
<timestamp>2010-06-08T06:29:41Z</timestamp>
<contributor>
<username>Interwicket</username>
<id>6868</id>
</contributor>
<minor />
<comment>iwiki +[[:io:quais]]</comment>
<model>wikitext</model>
<format>text/x-wiki</format>
<text bytes="1670" xml:space="preserve">=[[Português]] =
'''{{PAGENAME}} || qu.ais ||'''
==Pronome[[Categoria:Pronome (Português)]]==
# [[plural]] [[de]] '''[[qual]]'''




{{camonismo|
*** '''13 ocorrências n'Os Lusíadas'''
* '''Quais''' [[pera]] [[a]] [[cova]] [[as]] [[próvidas]] [[formigas]],     -     Os Lusíadas   II-23-1
* [[dos|Dos]] '''quais''' [[o]] [[principal]] [[Ismar]] [[se]] [[chama]];     -     Os Lusíadas   III-44-2
* [[entre|Entre]] [[os]] '''quais''' [[tem]] [[o]] [[ceptro]] [[imperial|Imperial]].     -     Os Lusíadas   III-78-4
* '''Quais''' [[nas]] [[guerras]] [[civis]] [[de]] [[Júlio]] ([[e]]) [[Magno]].     -     Os Lusíadas   IV-32-8
* '''Quais''' [[Euristeu]] [[a]] [[Alcides]] [[inventava]]:     -     Os Lusíadas   IV-80-2
* [[as|As]] '''quais''' [[o]] [[largo]] [[Atlântico]] [[recebe]]),     -     Os Lusíadas    V-10-8
* [[aos|Aos]] '''quais''' [[do]] [[que]] [[sonhou]] [[dá]] [[conta]] [[estreita]].     -     Os Lusíadas    VIII-51-8
* ('''Quais''', [[no]] [[profundo]] [[reino|Reino]], [[os]] [[nus]] [[espritos]]     -     Os Lusíadas    X-5-6
* [[os|Os]] '''quais''' [[verás]] [[que]] [[jazem]] [[mais]] [[a]] [[dentro]]     -     Os Lusíadas    X-90-7
* [[olha|Olha]] [[as]] [[águas]] [[nas]] '''quais''' [[abriu]] [[patente]]    -     Os Lusíadas    X-98-5
* [[nas|Nas]] '''quais''' hão-de [[viver]] [[muitas]] [[idades]].     -     Os Lusíadas    X-107-8
* [[tem|Tem]] [[as]] [[enchentes]] '''quais''' [[o]] [[Nilo]] [[frio]];      -     Os Lusíadas    X-127-5
* '''Quais''' [[rompentes]] [[liões]] [[e]] [[bravos]] [[touros]],      -     Os Lusíadas    X-147-2
}}

[[ar:quais]]
[[el:quais]]
[[en:quais]]
[[fr:quais]]
[[io:quais]]</text>
<sha1>b0e2jcf3rg4xt7tq4e9inp2d5zpq7kv</sha1>
</revision>
<revision>
<id>972607</id>
<parentid>895467</parentid>
<timestamp>2010-10-22T12:49:25Z</timestamp>
<contributor>
<username>ValJor</username>
<id>1358</id>
</contributor>
<comment>Retirando [[Especial:Páginas_afluentes/Predefinição:camonismo|camonismo]] do domínio principal e passando para o domínio Citações</comment>
<model>wikitext</model>
<format>text/x-wiki</format>
<text bytes="341" xml:space="preserve">=Português=
==Forma de pronome==
{{oxítona|quais}}
# plural de [[qual]]

[[Categoria:Forma de pronome (Português)]]


=Francês=
==Forma de substantivo==
'''quais'''
# plural de [[quai]]

[[Categoria:Forma de substantivo (Francês)]]
[[Categoria:Falso cognato (Francês)]]

[[ar:quais]]
[[el:quais]]
[[en:quais]]
[[fr:quais]]
[[io:quais]]</text>
<sha1>lsqs8zmwdxly6cuvcdnop8v5bc0dati</sha1>
</revision>
<revision>
<id>1014117</id>
<parentid>972607</parentid>
<timestamp>2011-01-24T05:32:02Z</timestamp>
<contributor>
<username>Luckas-bot</username>
<id>5986</id>
</contributor>
<minor />
<comment>r2.6.2) (Bot: Adicionando: [[zh:quais]]</comment>
<model>wikitext</model>
<format>text/x-wiki</format>
<text bytes="354" xml:space="preserve">=Português=
==Forma de pronome==
{{oxítona|quais}}
# plural de [[qual]]

[[Categoria:Forma de pronome (Português)]]


=Francês=
==Forma de substantivo==
'''quais'''
# plural de [[quai]]

[[Categoria:Forma de substantivo (Francês)]]
[[Categoria:Falso cognato (Francês)]]

[[ar:quais]]
[[el:quais]]
[[en:quais]]
[[fr:quais]]
[[io:quais]]
[[zh:quais]]</text>
<sha1>oibcwbzw61kss2jhmsp9byfwywx9dhb</sha1>
</revision>
<revision>
<id>1203392</id>
<parentid>1014117</parentid>
<timestamp>2011-07-09T17:32:51Z</timestamp>
<contributor>
<username>MalafayaBot</username>
<id>628</id>
</contributor>
<minor />
<comment>Robô: Substituição de texto automática (-^\=\s?Português\s?\= +={{-pt-}}= &amp; -^\=\s?\{\{pt\}\}\s?\= +={{-pt-}}=)</comment>
<model>wikitext</model>
<format>text/x-wiki</format>
<text bytes="352" xml:space="preserve">={{-pt-}}=
==Forma de pronome==
{{oxítona|quais}}
# plural de [[qual]]

[[Categoria:Forma de pronome (Português)]]


=Francês=
==Forma de substantivo==
'''quais'''
# plural de [[quai]]

[[Categoria:Forma de substantivo (Francês)]]
[[Categoria:Falso cognato (Francês)]]

[[ar:quais]]
[[el:quais]]
[[en:quais]]
[[fr:quais]]
[[io:quais]]
[[zh:quais]]</text>
<sha1>d6n9t5zmxsv1p7mcehetp4csld2nxcc</sha1>
</revision>
<revision>
<id>1219789</id>
<parentid>1203392</parentid>
<timestamp>2011-07-11T01:05:42Z</timestamp>
<contributor>
<username>MalafayaBot</username>
<id>628</id>
</contributor>
<minor />
<comment>Robô: Substituição de texto automática (-^\=\s?Francês\s?\= +={{-fr-}}= &amp; -^\=\s?\[\[Francês\]\]\s?\= +={{-fr-}}= &amp; -^\=\s?\{\{fr\}\}\s?\= +={{-fr-}}=)</comment>
<model>wikitext</model>
<format>text/x-wiki</format>
<text bytes="352" xml:space="preserve">={{-pt-}}=
==Forma de pronome==
{{oxítona|quais}}
# plural de [[qual]]

[[Categoria:Forma de pronome (Português)]]


={{-fr-}}=
==Forma de substantivo==
'''quais'''
# plural de [[quai]]

[[Categoria:Forma de substantivo (Francês)]]
[[Categoria:Falso cognato (Francês)]]

[[ar:quais]]
[[el:quais]]
[[en:quais]]
[[fr:quais]]
[[io:quais]]
[[zh:quais]]</text>
<sha1>j544058h7z6lghri7d1n5ef3yd73ks4</sha1>
</revision>
<revision>
<id>1338260</id>
<parentid>1219789</parentid>
<timestamp>2011-12-18T00:50:19Z</timestamp>
<contributor>
<username>KamikazeBot</username>
<id>23176</id>
</contributor>
<minor />
<comment>r2.7.1) (Robô: A adicionar: [[fj:quais]], [[mg:quais]]</comment>
<model>wikitext</model>
<format>text/x-wiki</format>
<text bytes="378" xml:space="preserve">={{-pt-}}=
==Forma de pronome==
{{oxítona|quais}}
# plural de [[qual]]

[[Categoria:Forma de pronome (Português)]]


={{-fr-}}=
==Forma de substantivo==
'''quais'''
# plural de [[quai]]

[[Categoria:Forma de substantivo (Francês)]]
[[Categoria:Falso cognato (Francês)]]

[[ar:quais]]
[[el:quais]]
[[en:quais]]
[[fj:quais]]
[[fr:quais]]
[[io:quais]]
[[mg:quais]]
[[zh:quais]]</text>
<sha1>su32fxpphzrvtiqnkzjfbu57up49vuq</sha1>
</revision>
<revision>
<id>1516039</id>
<parentid>1338260</parentid>
<timestamp>2012-11-04T16:06:39Z</timestamp>
<contributor>
<username>AvocatoBot</username>
<id>26821</id>
</contributor>
<minor />
<comment>r2.7.1) (Robô: A adicionar: [[sv:quais]]</comment>
<model>wikitext</model>
<format>text/x-wiki</format>
<text bytes="391" xml:space="preserve">={{-pt-}}=
==Forma de pronome==
{{oxítona|quais}}
# plural de [[qual]]

[[Categoria:Forma de pronome (Português)]]


={{-fr-}}=
==Forma de substantivo==
'''quais'''
# plural de [[quai]]

[[Categoria:Forma de substantivo (Francês)]]
[[Categoria:Falso cognato (Francês)]]

[[ar:quais]]
[[el:quais]]
[[en:quais]]
[[fj:quais]]
[[fr:quais]]
[[io:quais]]
[[mg:quais]]
[[sv:quais]]
[[zh:quais]]</text>
<sha1>7tadqy2w3ke1clj47y2gvuuohqsw46d</sha1>
</revision>
<revision>
<id>1789430</id>
<parentid>1516039</parentid>
<timestamp>2013-12-18T22:15:30Z</timestamp>
<contributor>
<username>MalafayaBot</username>
<id>628</id>
</contributor>
<minor />
<comment>r2.7.5) (Robô: A adicionar: [[chr:quais]]</comment>
<model>wikitext</model>
<format>text/x-wiki</format>
<text bytes="405" xml:space="preserve">={{-pt-}}=
==Forma de pronome==
{{oxítona|quais}}
# plural de [[qual]]

[[Categoria:Forma de pronome (Português)]]


={{-fr-}}=
==Forma de substantivo==
'''quais'''
# plural de [[quai]]

[[Categoria:Forma de substantivo (Francês)]]
[[Categoria:Falso cognato (Francês)]]

[[ar:quais]]
[[chr:quais]]
[[el:quais]]
[[en:quais]]
[[fj:quais]]
[[fr:quais]]
[[io:quais]]
[[mg:quais]]
[[sv:quais]]
[[zh:quais]]</text>
<sha1>dv5f0c368wxqbo8f2toggvxs3f2ejwn</sha1>
</revision>
<revision>
<id>1816907</id>
<parentid>1789430</parentid>
<timestamp>2014-03-29T08:37:06Z</timestamp>
<contributor>
<username>YS-Bot</username>
<id>32241</id>
</contributor>
<minor />
<comment>r2.7.3) (Robô: A adicionar: [[fi:quais]]</comment>
<model>wikitext</model>
<format>text/x-wiki</format>
<text bytes="418" xml:space="preserve">={{-pt-}}=
==Forma de pronome==
{{oxítona|quais}}
# plural de [[qual]]

[[Categoria:Forma de pronome (Português)]]


={{-fr-}}=
==Forma de substantivo==
'''quais'''
# plural de [[quai]]

[[Categoria:Forma de substantivo (Francês)]]
[[Categoria:Falso cognato (Francês)]]

[[ar:quais]]
[[chr:quais]]
[[el:quais]]
[[en:quais]]
[[fi:quais]]
[[fj:quais]]
[[fr:quais]]
[[io:quais]]
[[mg:quais]]
[[sv:quais]]
[[zh:quais]]</text>
<sha1>1ootb3ci3lezbhjdhfqc9bfrs736jq9</sha1>
</revision>
<revision>
<id>2074269</id>
<parentid>1816907</parentid>
<timestamp>2016-03-22T06:06:31Z</timestamp>
<contributor>
<username>HydrizBot</username>
<id>29590</id>
</contributor>
<minor />
<comment>Robô: A adicionar: [[br:quais]]</comment>
<model>wikitext</model>
<format>text/x-wiki</format>
<text bytes="431" xml:space="preserve">={{-pt-}}=
==Forma de pronome==
{{oxítona|quais}}
# plural de [[qual]]

[[Categoria:Forma de pronome (Português)]]


={{-fr-}}=
==Forma de substantivo==
'''quais'''
# plural de [[quai]]

[[Categoria:Forma de substantivo (Francês)]]
[[Categoria:Falso cognato (Francês)]]

[[ar:quais]]
[[br:quais]]
[[chr:quais]]
[[el:quais]]
[[en:quais]]
[[fi:quais]]
[[fj:quais]]
[[fr:quais]]
[[io:quais]]
[[mg:quais]]
[[sv:quais]]
[[zh:quais]]</text>
<sha1>6mgqx1wuf5zi8ps1kn2bvro06a0cpi0</sha1>
</revision>
<revision>
<id>2396731</id>
<parentid>2074269</parentid>
<timestamp>2017-05-13T10:59:19Z</timestamp>
<contributor>
<username>HydrizBot</username>
<id>29590</id>
</contributor>
<minor />
<comment>Robô: A limpar links interwikis antigos</comment>
<model>wikitext</model>
<format>text/x-wiki</format>
<text bytes="273" xml:space="preserve">={{-pt-}}=
==Forma de pronome==
{{oxítona|quais}}
# plural de [[qual]]

[[Categoria:Forma de pronome (Português)]]


={{-fr-}}=
==Forma de substantivo==
'''quais'''
# plural de [[quai]]

[[Categoria:Forma de substantivo (Francês)]]
[[Categoria:Falso cognato (Francês)]]</text>
<sha1>gluuj85nigb58pc4mdaev1hm3oadmfl</sha1>
</revision>
</page>
