<title>qualité</title>
<ns>0</ns>
<id>124252</id>
<revision>
<id>533885</id>
<timestamp>2009-09-11T19:59:55Z</timestamp>
<contributor>
<username>Waltter Manoel da Silva</username>
<id>123</id>
</contributor>
<comment>[[Ajuda:Menus e funções/Sumário de edição#Sumário de edição automático|→]] nova página: {{-fr-}}  == Substantivo == '''qualité'''   # [[qualidade]] – s.f.  [[Categoria:Substantivo (Fr...</comment>
<model>wikitext</model>
<format>text/x-wiki</format>
<text bytes="107" xml:space="preserve">{{-fr-}}
== Substantivo ==
'''qualité'''
# [[qualidade]] – s.f.

[[Categoria:Substantivo (Francês)]]</text>
<sha1>8b2r33rzhniuz9sjp9kjypoidg30l49</sha1>
</revision>
<revision>
<id>533937</id>
<parentid>533885</parentid>
<timestamp>2009-09-11T21:03:02Z</timestamp>
<contributor>
<username>Interwicket</username>
<id>6868</id>
</contributor>
<minor />
<comment>iwiki +[[:de:qualité]], [[:el:qualité]], [[:en:qualité]], [[:et:qualité]], fi, fr, gl, hu, id, io, it, ja, ko, ku, no, pl, ro, vi, zh</comment>
<model>wikitext</model>
<format>text/x-wiki</format>
<text bytes="412" xml:space="preserve">{{-fr-}}
== Substantivo ==
'''qualité'''
# [[qualidade]] – s.f.

[[Categoria:Substantivo (Francês)]]

[[de:qualité]]
[[el:qualité]]
[[en:qualité]]
[[et:qualité]]
[[fi:qualité]]
[[fr:qualité]]
[[gl:qualité]]
[[hu:qualité]]
[[id:qualité]]
[[io:qualité]]
[[it:qualité]]
[[ja:qualité]]
[[ko:qualité]]
[[ku:qualité]]
[[no:qualité]]
[[pl:qualité]]
[[ro:qualité]]
[[vi:qualité]]
[[zh:qualité]]</text>
<sha1>0iaq2k6nys29jnudrpapbgzfd2ary0b</sha1>
</revision>
<revision>
<id>581683</id>
<parentid>533937</parentid>
<timestamp>2009-10-29T17:11:08Z</timestamp>
<contributor>
<username>Jesielt-bot</username>
<id>10876</id>
</contributor>
<comment>clean up, Replaced: {{-fr-}} → ={{-fr-}}=, utilizando [[Project:AutoWikiBrowser|AWB]]</comment>
<model>wikitext</model>
<format>text/x-wiki</format>
<text bytes="414" xml:space="preserve">={{-fr-}}=
== Substantivo ==
'''qualité'''
# [[qualidade]] – s.f.

[[Categoria:Substantivo (Francês)]]

[[de:qualité]]
[[el:qualité]]
[[en:qualité]]
[[et:qualité]]
[[fi:qualité]]
[[fr:qualité]]
[[gl:qualité]]
[[hu:qualité]]
[[id:qualité]]
[[io:qualité]]
[[it:qualité]]
[[ja:qualité]]
[[ko:qualité]]
[[ku:qualité]]
[[no:qualité]]
[[pl:qualité]]
[[ro:qualité]]
[[vi:qualité]]
[[zh:qualité]]</text>
<sha1>jpedtvh4u5niib402mtv626wdehhkhk</sha1>
</revision>
<revision>
<id>942745</id>
<parentid>581683</parentid>
<timestamp>2010-08-25T17:22:56Z</timestamp>
<contributor>
<username>Interwicket</username>
<id>6868</id>
</contributor>
<minor />
<comment>iwiki +[[:lt:qualité]]</comment>
<model>wikitext</model>
<format>text/x-wiki</format>
<text bytes="430" xml:space="preserve">={{-fr-}}=
== Substantivo ==
'''qualité'''
# [[qualidade]] – s.f.

[[Categoria:Substantivo (Francês)]]

[[de:qualité]]
[[el:qualité]]
[[en:qualité]]
[[et:qualité]]
[[fi:qualité]]
[[fr:qualité]]
[[gl:qualité]]
[[hu:qualité]]
[[id:qualité]]
[[io:qualité]]
[[it:qualité]]
[[ja:qualité]]
[[ko:qualité]]
[[ku:qualité]]
[[lt:qualité]]
[[no:qualité]]
[[pl:qualité]]
[[ro:qualité]]
[[vi:qualité]]
[[zh:qualité]]</text>
<sha1>0il9g5y34as0xlopamgfsu9rsckydjd</sha1>
</revision>
<revision>
<id>1048195</id>
<parentid>942745</parentid>
<timestamp>2011-03-19T07:35:36Z</timestamp>
<contributor>
<username>Luckas-bot</username>
<id>5986</id>
</contributor>
<minor />
<comment>r2.7.1) (Bot: Adicionando: [[es:qualité]]</comment>
<model>wikitext</model>
<format>text/x-wiki</format>
<text bytes="446" xml:space="preserve">={{-fr-}}=
== Substantivo ==
'''qualité'''
# [[qualidade]] – s.f.

[[Categoria:Substantivo (Francês)]]

[[de:qualité]]
[[el:qualité]]
[[en:qualité]]
[[es:qualité]]
[[et:qualité]]
[[fi:qualité]]
[[fr:qualité]]
[[gl:qualité]]
[[hu:qualité]]
[[id:qualité]]
[[io:qualité]]
[[it:qualité]]
[[ja:qualité]]
[[ko:qualité]]
[[ku:qualité]]
[[lt:qualité]]
[[no:qualité]]
[[pl:qualité]]
[[ro:qualité]]
[[vi:qualité]]
[[zh:qualité]]</text>
<sha1>417prqgrn7zfwu4sqbyrk0jqit47tq8</sha1>
</revision>
<revision>
<id>1302902</id>
<parentid>1048195</parentid>
<timestamp>2011-11-26T19:43:19Z</timestamp>
<contributor>
<username>MalafayaBot</username>
<id>628</id>
</contributor>
<minor />
<comment>r2.7.2) (Robô: A adicionar: [[mg:qualité]]</comment>
<model>wikitext</model>
<format>text/x-wiki</format>
<text bytes="462" xml:space="preserve">={{-fr-}}=
== Substantivo ==
'''qualité'''
# [[qualidade]] – s.f.

[[Categoria:Substantivo (Francês)]]

[[de:qualité]]
[[el:qualité]]
[[en:qualité]]
[[es:qualité]]
[[et:qualité]]
[[fi:qualité]]
[[fr:qualité]]
[[gl:qualité]]
[[hu:qualité]]
[[id:qualité]]
[[io:qualité]]
[[it:qualité]]
[[ja:qualité]]
[[ko:qualité]]
[[ku:qualité]]
[[lt:qualité]]
[[mg:qualité]]
[[no:qualité]]
[[pl:qualité]]
[[ro:qualité]]
[[vi:qualité]]
[[zh:qualité]]</text>
<sha1>54bxpo1uyhcxlgzy5x7xdkhijv3zewy</sha1>
</revision>
<revision>
<id>1339212</id>
<parentid>1302902</parentid>
<timestamp>2011-12-19T02:34:31Z</timestamp>
<contributor>
<username>Luckas-bot</username>
<id>5986</id>
</contributor>
<minor />
<comment>r2.7.2) (Robô: A adicionar: [[li:qualité]]</comment>
<model>wikitext</model>
<format>text/x-wiki</format>
<text bytes="478" xml:space="preserve">={{-fr-}}=
== Substantivo ==
'''qualité'''
# [[qualidade]] – s.f.

[[Categoria:Substantivo (Francês)]]

[[de:qualité]]
[[el:qualité]]
[[en:qualité]]
[[es:qualité]]
[[et:qualité]]
[[fi:qualité]]
[[fr:qualité]]
[[gl:qualité]]
[[hu:qualité]]
[[id:qualité]]
[[io:qualité]]
[[it:qualité]]
[[ja:qualité]]
[[ko:qualité]]
[[ku:qualité]]
[[li:qualité]]
[[lt:qualité]]
[[mg:qualité]]
[[no:qualité]]
[[pl:qualité]]
[[ro:qualité]]
[[vi:qualité]]
[[zh:qualité]]</text>
<sha1>gd462jzedxdmt44nv9xu3temd94t3nj</sha1>
</revision>
<revision>
<id>1351856</id>
<parentid>1339212</parentid>
<timestamp>2012-01-02T12:53:34Z</timestamp>
<contributor>
<username>Luckas-bot</username>
<id>5986</id>
</contributor>
<minor />
<comment>r2.7.1) (Robô: A adicionar: [[cs:qualité]]</comment>
<model>wikitext</model>
<format>text/x-wiki</format>
<text bytes="494" xml:space="preserve">={{-fr-}}=
== Substantivo ==
'''qualité'''
# [[qualidade]] – s.f.

[[Categoria:Substantivo (Francês)]]

[[cs:qualité]]
[[de:qualité]]
[[el:qualité]]
[[en:qualité]]
[[es:qualité]]
[[et:qualité]]
[[fi:qualité]]
[[fr:qualité]]
[[gl:qualité]]
[[hu:qualité]]
[[id:qualité]]
[[io:qualité]]
[[it:qualité]]
[[ja:qualité]]
[[ko:qualité]]
[[ku:qualité]]
[[li:qualité]]
[[lt:qualité]]
[[mg:qualité]]
[[no:qualité]]
[[pl:qualité]]
[[ro:qualité]]
[[vi:qualité]]
[[zh:qualité]]</text>
<sha1>lgzsbvkmnb4qrczr8e096pngwr21k3b</sha1>
</revision>
<revision>
<id>1716812</id>
<parentid>1351856</parentid>
<timestamp>2013-08-22T10:49:27Z</timestamp>
<contributor>
<username>HydrizBot</username>
<id>29590</id>
</contributor>
<minor />
<comment>r2.7.3) (Robô: A adicionar: [[chr:qualité]]</comment>
<model>wikitext</model>
<format>text/x-wiki</format>
<text bytes="511" xml:space="preserve">={{-fr-}}=
== Substantivo ==
'''qualité'''
# [[qualidade]] – s.f.

[[Categoria:Substantivo (Francês)]]

[[chr:qualité]]
[[cs:qualité]]
[[de:qualité]]
[[el:qualité]]
[[en:qualité]]
[[es:qualité]]
[[et:qualité]]
[[fi:qualité]]
[[fr:qualité]]
[[gl:qualité]]
[[hu:qualité]]
[[id:qualité]]
[[io:qualité]]
[[it:qualité]]
[[ja:qualité]]
[[ko:qualité]]
[[ku:qualité]]
[[li:qualité]]
[[lt:qualité]]
[[mg:qualité]]
[[no:qualité]]
[[pl:qualité]]
[[ro:qualité]]
[[vi:qualité]]
[[zh:qualité]]</text>
<sha1>mz784c5id59qelmw4yq35aw8umth1x7</sha1>
</revision>
<revision>
<id>1853435</id>
<parentid>1716812</parentid>
<timestamp>2014-08-31T07:18:55Z</timestamp>
<contributor>
<username>JAnDbot</username>
<id>25083</id>
</contributor>
<minor />
<comment>r2.7.3) (Robô: A adicionar: [[ca:qualité]]</comment>
<model>wikitext</model>
<format>text/x-wiki</format>
<text bytes="527" xml:space="preserve">={{-fr-}}=
== Substantivo ==
'''qualité'''
# [[qualidade]] – s.f.

[[Categoria:Substantivo (Francês)]]

[[ca:qualité]]
[[chr:qualité]]
[[cs:qualité]]
[[de:qualité]]
[[el:qualité]]
[[en:qualité]]
[[es:qualité]]
[[et:qualité]]
[[fi:qualité]]
[[fr:qualité]]
[[gl:qualité]]
[[hu:qualité]]
[[id:qualité]]
[[io:qualité]]
[[it:qualité]]
[[ja:qualité]]
[[ko:qualité]]
[[ku:qualité]]
[[li:qualité]]
[[lt:qualité]]
[[mg:qualité]]
[[no:qualité]]
[[pl:qualité]]
[[ro:qualité]]
[[vi:qualité]]
[[zh:qualité]]</text>
<sha1>7oimlh48o09dxu7jouiarx6a38mb28i</sha1>
</revision>
<revision>
<id>1867379</id>
<parentid>1853435</parentid>
<timestamp>2014-10-17T01:27:34Z</timestamp>
<contributor>
<username>JAnDbot</username>
<id>25083</id>
</contributor>
<minor />
<comment>r2.7.3) (Robô: A adicionar: [[ru:qualité]]</comment>
<model>wikitext</model>
<format>text/x-wiki</format>
<text bytes="543" xml:space="preserve">={{-fr-}}=
== Substantivo ==
'''qualité'''
# [[qualidade]] – s.f.

[[Categoria:Substantivo (Francês)]]

[[ca:qualité]]
[[chr:qualité]]
[[cs:qualité]]
[[de:qualité]]
[[el:qualité]]
[[en:qualité]]
[[es:qualité]]
[[et:qualité]]
[[fi:qualité]]
[[fr:qualité]]
[[gl:qualité]]
[[hu:qualité]]
[[id:qualité]]
[[io:qualité]]
[[it:qualité]]
[[ja:qualité]]
[[ko:qualité]]
[[ku:qualité]]
[[li:qualité]]
[[lt:qualité]]
[[mg:qualité]]
[[no:qualité]]
[[pl:qualité]]
[[ro:qualité]]
[[ru:qualité]]
[[vi:qualité]]
[[zh:qualité]]</text>
<sha1>kd9r70hkv9j8fsbftqpmebu1tfpbftr</sha1>
</revision>
<revision>
<id>2002778</id>
<parentid>1867379</parentid>
<timestamp>2015-09-17T19:53:41Z</timestamp>
<contributor>
<username>JAnDbot</username>
<id>25083</id>
</contributor>
<minor />
<comment>Robô: A adicionar: [[sk:qualité]]</comment>
<model>wikitext</model>
<format>text/x-wiki</format>
<text bytes="559" xml:space="preserve">={{-fr-}}=
== Substantivo ==
'''qualité'''
# [[qualidade]] – s.f.

[[Categoria:Substantivo (Francês)]]

[[ca:qualité]]
[[chr:qualité]]
[[cs:qualité]]
[[de:qualité]]
[[el:qualité]]
[[en:qualité]]
[[es:qualité]]
[[et:qualité]]
[[fi:qualité]]
[[fr:qualité]]
[[gl:qualité]]
[[hu:qualité]]
[[id:qualité]]
[[io:qualité]]
[[it:qualité]]
[[ja:qualité]]
[[ko:qualité]]
[[ku:qualité]]
[[li:qualité]]
[[lt:qualité]]
[[mg:qualité]]
[[no:qualité]]
[[pl:qualité]]
[[ro:qualité]]
[[ru:qualité]]
[[sk:qualité]]
[[vi:qualité]]
[[zh:qualité]]</text>
<sha1>b8kj9320d2qg4s0y0szm3u8z6ye0tis</sha1>
</revision>
<revision>
<id>2011169</id>
<parentid>2002778</parentid>
<timestamp>2015-10-06T18:42:08Z</timestamp>
<contributor>
<username>JAnDbot</username>
<id>25083</id>
</contributor>
<minor />
<comment>Robô: A adicionar: [[tr:qualité]]</comment>
<model>wikitext</model>
<format>text/x-wiki</format>
<text bytes="575" xml:space="preserve">={{-fr-}}=
== Substantivo ==
'''qualité'''
# [[qualidade]] – s.f.

[[Categoria:Substantivo (Francês)]]

[[ca:qualité]]
[[chr:qualité]]
[[cs:qualité]]
[[de:qualité]]
[[el:qualité]]
[[en:qualité]]
[[es:qualité]]
[[et:qualité]]
[[fi:qualité]]
[[fr:qualité]]
[[gl:qualité]]
[[hu:qualité]]
[[id:qualité]]
[[io:qualité]]
[[it:qualité]]
[[ja:qualité]]
[[ko:qualité]]
[[ku:qualité]]
[[li:qualité]]
[[lt:qualité]]
[[mg:qualité]]
[[no:qualité]]
[[pl:qualité]]
[[ro:qualité]]
[[ru:qualité]]
[[sk:qualité]]
[[tr:qualité]]
[[vi:qualité]]
[[zh:qualité]]</text>
<sha1>it6sypw5ng4k2ysp70j4mqe93xq14u0</sha1>
</revision>
<revision>
<id>2153371</id>
<parentid>2011169</parentid>
<timestamp>2016-07-26T01:01:22Z</timestamp>
<contributor>
<username>UT-interwiki-Bot</username>
<id>56129</id>
</contributor>
<minor />
<comment>Robô: A adicionar: [[da:qualité]], [[ky:qualité]]</comment>
<model>wikitext</model>
<format>text/x-wiki</format>
<text bytes="607" xml:space="preserve">={{-fr-}}=
== Substantivo ==
'''qualité'''
# [[qualidade]] – s.f.

[[Categoria:Substantivo (Francês)]]

[[ca:qualité]]
[[chr:qualité]]
[[cs:qualité]]
[[da:qualité]]
[[de:qualité]]
[[el:qualité]]
[[en:qualité]]
[[es:qualité]]
[[et:qualité]]
[[fi:qualité]]
[[fr:qualité]]
[[gl:qualité]]
[[hu:qualité]]
[[id:qualité]]
[[io:qualité]]
[[it:qualité]]
[[ja:qualité]]
[[ko:qualité]]
[[ku:qualité]]
[[ky:qualité]]
[[li:qualité]]
[[lt:qualité]]
[[mg:qualité]]
[[no:qualité]]
[[pl:qualité]]
[[ro:qualité]]
[[ru:qualité]]
[[sk:qualité]]
[[tr:qualité]]
[[vi:qualité]]
[[zh:qualité]]</text>
<sha1>rmx6opsx17j1po171az77jieczmy3it</sha1>
</revision>
<revision>
<id>2238444</id>
<parentid>2153371</parentid>
<timestamp>2017-02-14T12:06:26Z</timestamp>
<contributor>
<username>UT-interwiki-Bot</username>
<id>56129</id>
</contributor>
<minor />
<comment>Robô: A adicionar: [[eo:qualité]]</comment>
<model>wikitext</model>
<format>text/x-wiki</format>
<text bytes="623" xml:space="preserve">={{-fr-}}=
== Substantivo ==
'''qualité'''
# [[qualidade]] – s.f.

[[Categoria:Substantivo (Francês)]]

[[ca:qualité]]
[[chr:qualité]]
[[cs:qualité]]
[[da:qualité]]
[[de:qualité]]
[[el:qualité]]
[[en:qualité]]
[[eo:qualité]]
[[es:qualité]]
[[et:qualité]]
[[fi:qualité]]
[[fr:qualité]]
[[gl:qualité]]
[[hu:qualité]]
[[id:qualité]]
[[io:qualité]]
[[it:qualité]]
[[ja:qualité]]
[[ko:qualité]]
[[ku:qualité]]
[[ky:qualité]]
[[li:qualité]]
[[lt:qualité]]
[[mg:qualité]]
[[no:qualité]]
[[pl:qualité]]
[[ro:qualité]]
[[ru:qualité]]
[[sk:qualité]]
[[tr:qualité]]
[[vi:qualité]]
[[zh:qualité]]</text>
<sha1>mmmbeqivwpk08jot4ha34qhv2cbjei5</sha1>
</revision>
<revision>
<id>2396746</id>
<parentid>2238444</parentid>
<timestamp>2017-05-13T11:00:02Z</timestamp>
<contributor>
<username>HydrizBot</username>
<id>29590</id>
</contributor>
<minor />
<comment>Robô: A limpar links interwikis antigos</comment>
<model>wikitext</model>
<format>text/x-wiki</format>
<text bytes="109" xml:space="preserve">={{-fr-}}=
== Substantivo ==
'''qualité'''
# [[qualidade]] – s.f.

[[Categoria:Substantivo (Francês)]]</text>
<sha1>sz4nvfghpcbwz04qem7ekgg0hfr1j87</sha1>
</revision>
</page>
