<title>qualquieras</title>
<ns>0</ns>
<id>389713</id>
<revision>
<id>2474647</id>
<timestamp>2018-01-05T22:20:28Z</timestamp>
<contributor>
<username>Imivorn</username>
<id>64513</id>
</contributor>
<comment>[[Ajuda:Guia de edição/Menus e ferramentas/Sumário de edição|→]] nova página: ={{-mwl-}}= ==Forma de substantivo== {{paroxítona|qual|quie|ras|língua=mwl}} # plural de '''qualquiera#{{...</comment>
<model>wikitext</model>
<format>text/x-wiki</format>
<text bytes="178" xml:space="preserve">={{-mwl-}}=
==Forma de substantivo==
{{paroxítona|qual|quie|ras|língua=mwl}}
# plural de '''[[qualquiera#{{mwl}}|qualquiera]]'''

[[Categoria:Forma de substantivo (Mirandês)]]</text>
<sha1>qgnhxe0icpe22zhsomsrvg95b3cib3e</sha1>
</revision>
</page>
