<title>qualificativo</title>
<ns>0</ns>
<id>363401</id>
<revision>
<id>2160999</id>
<timestamp>2016-08-19T19:59:32Z</timestamp>
<contributor>
<username>Malanda Miguel</username>
<id>57579</id>
</contributor>
<comment>[[Ajuda:Guia de edição/Menus e ferramentas/Sumário de edição|→]] nova página: que ou o que qualifica</comment>
<model>wikitext</model>
<format>text/x-wiki</format>
<text bytes="22" xml:space="preserve">que ou o que qualifica</text>
<sha1>72ybqgcx53cpijceu32xh5p7kr545u3</sha1>
</revision>
<revision>
<id>2161001</id>
<parentid>2160999</parentid>
<timestamp>2016-08-19T20:14:24Z</timestamp>
<contributor>
<username>Malanda Miguel</username>
<id>57579</id>
</contributor>
<model>wikitext</model>
<format>text/x-wiki</format>
<text bytes="411" xml:space="preserve">={{-pt-}}=
[[Categoria:Substantivo (Português)]]
==Substantivo==
'''qua.li.fi.ca.ti.vo''' ''substantivo masculino ''

# [[que]] ou o [[que]] [[qualifica]]
# [[que]] ou o [[que]] [[acrescenta]] ao [[significado]] [[genérico]] [[de]] [[um]] [[substantivo]] [[uma]] [[característica]], diminuindo a [[extensão]] do [[conceito]] denotado [[pelo]] [[substantivo]]
#* ''homem alto''
#* ''discurso ultrapassado''</text>
<sha1>anf93iqfv527coa7u6rzjr9ls29eb2k</sha1>
</revision>
<revision>
<id>2205775</id>
<parentid>2161001</parentid>
<timestamp>2016-12-03T17:53:54Z</timestamp>
<contributor>
<username>UT-interwiki-Bot</username>
<id>56129</id>
</contributor>
<minor />
<comment>Robô: A adicionar: [[en:qualificativo]]</comment>
<model>wikitext</model>
<format>text/x-wiki</format>
<text bytes="433" xml:space="preserve">={{-pt-}}=
[[Categoria:Substantivo (Português)]]
==Substantivo==
'''qua.li.fi.ca.ti.vo''' ''substantivo masculino ''

# [[que]] ou o [[que]] [[qualifica]]
# [[que]] ou o [[que]] [[acrescenta]] ao [[significado]] [[genérico]] [[de]] [[um]] [[substantivo]] [[uma]] [[característica]], diminuindo a [[extensão]] do [[conceito]] denotado [[pelo]] [[substantivo]]
#* ''homem alto''
#* ''discurso ultrapassado''

[[en:qualificativo]]</text>
<sha1>81lh6l1oame3rhc9j62tkb4c397z95g</sha1>
</revision>
<revision>
<id>2396738</id>
<parentid>2205775</parentid>
<timestamp>2017-05-13T10:59:35Z</timestamp>
<contributor>
<username>HydrizBot</username>
<id>29590</id>
</contributor>
<minor />
<comment>Robô: A limpar links interwikis antigos</comment>
<model>wikitext</model>
<format>text/x-wiki</format>
<text bytes="411" xml:space="preserve">={{-pt-}}=
[[Categoria:Substantivo (Português)]]
==Substantivo==
'''qua.li.fi.ca.ti.vo''' ''substantivo masculino ''

# [[que]] ou o [[que]] [[qualifica]]
# [[que]] ou o [[que]] [[acrescenta]] ao [[significado]] [[genérico]] [[de]] [[um]] [[substantivo]] [[uma]] [[característica]], diminuindo a [[extensão]] do [[conceito]] denotado [[pelo]] [[substantivo]]
#* ''homem alto''
#* ''discurso ultrapassado''</text>
<sha1>anf93iqfv527coa7u6rzjr9ls29eb2k</sha1>
</revision>
<revision>
<id>2453558</id>
<parentid>2396738</parentid>
<timestamp>2017-10-05T09:45:01Z</timestamp>
<contributor>
<username>ValJor</username>
<id>1358</id>
</contributor>
<comment>Melhorando a apresentação do verbete usando a [[:predefinição:cria-entrada]]</comment>
<model>wikitext</model>
<format>text/x-wiki</format>
<text bytes="653" xml:space="preserve">={{-pt-}}=
==Adjetivo==
{{flex.pt|ms=qualificativo|mp=qualificativos|fs=qualificativa|fp=qualificativas}}
{{paroxítona|qua|li|fi|ca|ti|vo}}
# que [[qualificar|qualifica]]; que exprime [[qualidade]]

===Sinônimo===
* [[qualitativo]]

==Substantivo==
{{flex.pt|ms=qualificativo|mp=qualificativos}}
{{paroxítona|qua|li|fi|ca|ti|vo}}
# palavra que [[qualificar|qualifica]] outra

=={{etimologia|pt}}==
: {{escopo|Morfologia}} [[qualificar]] + [[-tivo]].

==Ligações externas==
* {{Aulete}}
* {{DicioAberto}}
* {{DPLP}}
* {{Infopédia}}
* {{Michaelis}}
* {{PLP}}
* {{VOLPABL}}

[[Categoria:Adjetivo (Português)]]
[[Categoria:Substantivo (Português)]]</text>
<sha1>9pz3ckaus3vl9oh7q0ee1j1feantlv4</sha1>
</revision>
</page>
