<title>qualquera</title>
<ns>0</ns>
<id>431807</id>
<revision>
<id>2626678</id>
<timestamp>2021-03-15T14:49:29Z</timestamp>
<contributor>
<username>Cpls</username>
<id>20608</id>
</contributor>
<comment>[[Ajuda:Guia de edição/Menus e ferramentas/Sumário de edição|→]] nova página: {{ga-in}}  ={{-gl-}}= ==Pronome== {{paroxítona|qual|que|ra|lang=gl}} # [[qualquer]]  ==={{-varort-}}=== * ...</comment>
<model>wikitext</model>
<format>text/x-wiki</format>
<text bytes="345" xml:space="preserve">{{ga-in}}

={{-gl-}}=
==Pronome==
{{paroxítona|qual|que|ra|lang=gl}}
# [[qualquer]]

==={{-varort-}}===
* [[calquer#{{gl}}|calquer]], [[calquera#{{gl}}|calquera]], [[qualquer#{{gl}}|qualquer]]

=={{etimologia|pt}}==
: Variante de ''[[qualquer#{{gl}}|qualquer]]''. Confronte-se com ''[[siquera#{{gl}}|siquera]]''.

[[Categoria:Pronome (Galego)]]</text>
<sha1>6dnkzhwf6lbhs9f57ki50k7382ngou4</sha1>
</revision>
</page>
