<title>qualsevol</title>
<ns>0</ns>
<id>277669</id>
<revision>
<id>1256005</id>
<timestamp>2011-10-11T11:41:25Z</timestamp>
<contributor>
<ip>50.12.144.17</ip>
</contributor>
<comment>criando verbete</comment>
<model>wikitext</model>
<format>text/x-wiki</format>
<text bytes="2729" xml:space="preserve">={{-ca-}}=
==Adjetivo==
{{flex.ca|s=[[qualsevol]]|p=qualssevol|s-div=qual.se.vol|p-div=quals.se.{{grifar|vol}}}}
'''qual.se.{{grifar|vol}}''' {{c2g}}
# [[qualquer]];
#: ''En '''qualsevol''' {{link preto|cas|ca}}, una {{link preto|deficiència}} de l'{{link idioma|hemoglobina|ca}} {{l.o.|disminuir|disminueix}} la {{link preto|capacitat}} de {{link idioma|transportar|ca}} {{link preto|oxigen|ca}} de la [[sang#{{ca}}|sang]].'' &lt;small&gt;(Em [[qualquer]] {{l.s.|caso}}, uma [[deficiência]] da [[hemoglobina]] {{o/a|diminui||r}} a [[capacidade]] de [[transportar]] [[oxigênio]] do [[sangue]].)&lt;/small&gt;
# [[ordinário]], [[vulgar]];

===Sinónimos===
* De '''2''': [[vulgar#{{ca}}|vulgar]]

===Locuções e expressões===
* '''de qualsevol mal amèn Jesús''': {{escopo2|regionalismo, irônico}} {{link preto|do jeito que for}}, de [[qualquer]] {{l.s.|maneira}}

==Pronome==
{{flex.ca|s=[[qualsevol]]|p=qualssevol|s-div=qual.se.vol|p-div=quals.se.{{grifar|vol}}}}
'''qual.se.{{grifar|vol}}''' ''indefinido''
# [[qualquer]] ([[um#Pronome|um]]):
{{tradex|La [[gira#{{ca}}|gira]] [[durar#{{ca}}|durà]] 18 [[mes#{{ca}}|mesos]], [[més]] que '''qualsevol''' de les [[anterior#{{ca}}|anteriors]].|A {{link preto|turnê}} [[durar|durou]] [[dezoito|18]] [[mês|meses]], [[mais]] do que qualquer uma das [[anterior]]es.}}

===Locuções e expressões===
* '''i qualsevol''': [[et cetera]], e [[outros]]

==Substantivo==
{{flex.ca|s=[[qualsevol]]|p=qualssevol|s-div=qual.se.vol|p-div=quals.se.{{grifar|vol}}}}
'''qual.se.{{grifar|vol}}''' {{c2g}}
# {{l.s.|qualquer}}, {{l.s.|ninguém}}, [[indivíduo]] [[sem]] [[importância]].
{{limpar}}

==Etimologia==
:De {{etimo|ca|qual}} + {{etimo|ca|se}} + {{etimo|la|vol}} (&quot;[[quem]] [[quer]] [[que]]&quot;).
:* '''Datação''': [[w:1295|1295]]

==Pronúncia==
===Catalão ocidental===
* [[AFI]]: {{AFI|/kwaɫ.se'βɔɫ/}}
* [[X-SAMPA]]: /kwa5.se&quot;BO5/
====[[valenciano|Valenciano]]====
* [[AFI]]: {{AFI|/ku.an.se'βɔɫ/}}
* [[X-SAMPA]]: /ku.an.se&quot;BO5/
===Catalão oriental===
* [[AFI]]: {{AFI|/kwaɫ.sə.βɔɫ/}}
* [[X-SAMPA]]: /kwa5.s@&quot;BO5/
====Alguerês====
* [[AFI]]: {{AFI|/kwal.sa.vɔɫ/}}
* [[X-SAMPA]]: /kwal.sa&quot;vO5/
====Balear====
* [[AFI]]: {{AFI|/kwal.sə.vɔ̞ɫ/}}
* [[X-SAMPA]]: /kwal.s@&quot;vO_o5/
====Menorquino====
* [[AFI]]: {{AFI|/kwan.sə.vɔ̞ɫ/}}
* [[X-SAMPA]]: /kwan.s@&quot;vO_o5/

==Ver também==
===Referências===
{{vertbini}}
{{DCVB}}
{{DO-RACV}}
{{GDLC}}
{{vertbfim}}

{{categorias|Catalão|Adjetivo|Pronome|Substantivo|Trissílabo|Oxítona|Vocábulo com etimologia|Século XIII|Vocábulo com pronúncia}}
{{categorias|Valenciano|Adjetivo|Pronome|Substantivo|Trissílabo|Oxítona|Vocábulo com etimologia|Vocábulo com pronúncia}}

[[en:qualsevol]]
[[fr:qualsevol]]
[[io:qualsevol]]</text>
<sha1>ebyuk8hxda2prt3mqmyhaslz329yuri</sha1>
</revision>
<revision>
<id>1256014</id>
<parentid>1256005</parentid>
<timestamp>2011-10-11T12:07:16Z</timestamp>
<contributor>
<ip>50.12.144.17</ip>
</contributor>
<model>wikitext</model>
<format>text/x-wiki</format>
<text bytes="2787" xml:space="preserve">={{-ca-}}=
==Adjetivo==
{{flex.ca|s=[[qualsevol]]|p=[[qualssevol]]|s-div=qual.se.{{grifar|vol}}|p-div=quals.se.{{grifar|vol}}}}
'''qual.se.{{grifar|vol}}''' {{c2g}}
# [[qualquer]]:
#: ''En '''qualsevol''' {{link preto|cas|ca}}, una {{link preto|deficiència}} de l'{{link idioma|hemoglobina|ca}} {{l.o.|disminuir|disminueix}} la {{link preto|capacitat}} de {{link idioma|transportar|ca}} {{link preto|oxigen|ca}} de la [[sang#{{ca}}|sang]].'' &lt;small&gt;(Em [[qualquer]] {{l.s.|caso}}, uma [[deficiência]] da [[hemoglobina]] {{o/a|diminui||r}} a [[capacidade]] de [[transportar]] [[oxigênio]] do [[sangue]].)&lt;/small&gt;
# [[ordinário]], [[vulgar]].

===Sinónimos===
* De '''2''': [[vulgar#{{ca}}|vulgar]]

===Locuções e expressões===
* '''de qualsevol mal amèn Jesús''': {{escopo2|regionalismo, irônico}} {{link preto|do jeito que for}}, de [[qualquer]] {{l.s.|maneira}}

==Pronome==
{{flex.ca|s=[[qualsevol]]|p=[[qualssevol]]|s-div=qual.se.{{grifar|vol}}|p-div=quals.se.{{grifar|vol}}}}
'''qual.se.{{grifar|vol}}''' ''indefinido''
# [[qualquer]] ([[um#Pronome|um]]):
#: ''La [[gira#{{ca}}|gira]] [[durar#{{ca}}|durà]] 18 [[mes#{{ca}}|mesos]], [[més]] que '''qualsevol''' de les [[anterior#{{ca}}|anteriors]].'' &lt;small&gt;(A {{link preto|turnê}} [[durar|durou]] [[dezoito|18]] [[mês|meses]], [[mais]] do que qualquer uma das [[anterior]]es.)&lt;/small&gt;

===Locuções e expressões===
* '''i qualsevol''': [[et cetera]], e [[outros]]

==Substantivo==
{{flex.ca|s=[[qualsevol]]|p=[[qualssevol]]|s-div=qual.se.{{grifar|vol}}|p-div=quals.se.{{grifar|vol}}}}
'''qual.se.{{grifar|vol}}''' {{c2g}}
# {{l.s.|qualquer}}, {{l.s.|ninguém}}, [[indivíduo]] [[sem]] [[importância]].
{{limpar}}

==Etimologia==
:De {{etimo|ca|qual}} + {{etimo|ca|se}} + {{etimo|la|vol}} (&quot;[[quem]] [[quer]] [[que]]&quot;).
:* '''Datação''': [[w:1295|1295]]

==Pronúncia==
===Catalão ocidental===
* [[AFI]]: {{AFI|/kwaɫ.se'βɔɫ/}}
* [[X-SAMPA]]: /kwa5.se&quot;BO5/
====[[valenciano|Valenciano]]====
* [[AFI]]: {{AFI|/ku.an.se'βɔɫ/}}
* [[X-SAMPA]]: /ku.an.se&quot;BO5/
===Catalão oriental===
* [[AFI]]: {{AFI|/kwaɫ.sə.βɔɫ/}}
* [[X-SAMPA]]: /kwa5.s@&quot;BO5/
====Alguerês====
* [[AFI]]: {{AFI|/kwal.sa.vɔɫ/}}
* [[X-SAMPA]]: /kwal.sa&quot;vO5/
====Balear====
* [[AFI]]: {{AFI|/kwal.sə.vɔ̞ɫ/}}
* [[X-SAMPA]]: /kwal.s@&quot;vO_o5/
====Menorquino====
* [[AFI]]: {{AFI|/kwan.sə.vɔ̞ɫ/}}
* [[X-SAMPA]]: /kwan.s@&quot;vO_o5/

==Ver também==
===Referências===
{{vertbini}}
{{DCVB}}
{{DO-RACV}}
{{GDLC}}
{{vertbfim}}

{{categorias|Catalão|Adjetivo|Pronome|Substantivo|Trissílabo|Oxítona|Vocábulo com etimologia|Século XIII|Vocábulo com pronúncia}}
{{categorias|Valenciano|Adjetivo|Pronome|Substantivo|Trissílabo|Oxítona|Vocábulo com etimologia|Vocábulo com pronúncia}}

[[en:qualsevol]]
[[fr:qualsevol]]
[[io:qualsevol]]</text>
<sha1>aonwe9kknkbzxt18omjmgd05tdf5lg1</sha1>
</revision>
<revision>
<id>1302307</id>
<parentid>1256014</parentid>
<timestamp>2011-11-25T23:51:38Z</timestamp>
<contributor>
<username>Luckas-bot</username>
<id>5986</id>
</contributor>
<minor />
<comment>r2.7.1) (Robô: A adicionar: [[nl:qualsevol]]</comment>
<model>wikitext</model>
<format>text/x-wiki</format>
<text bytes="2804" xml:space="preserve">={{-ca-}}=
==Adjetivo==
{{flex.ca|s=[[qualsevol]]|p=[[qualssevol]]|s-div=qual.se.{{grifar|vol}}|p-div=quals.se.{{grifar|vol}}}}
'''qual.se.{{grifar|vol}}''' {{c2g}}
# [[qualquer]]:
#: ''En '''qualsevol''' {{link preto|cas|ca}}, una {{link preto|deficiència}} de l'{{link idioma|hemoglobina|ca}} {{l.o.|disminuir|disminueix}} la {{link preto|capacitat}} de {{link idioma|transportar|ca}} {{link preto|oxigen|ca}} de la [[sang#{{ca}}|sang]].'' &lt;small&gt;(Em [[qualquer]] {{l.s.|caso}}, uma [[deficiência]] da [[hemoglobina]] {{o/a|diminui||r}} a [[capacidade]] de [[transportar]] [[oxigênio]] do [[sangue]].)&lt;/small&gt;
# [[ordinário]], [[vulgar]].

===Sinónimos===
* De '''2''': [[vulgar#{{ca}}|vulgar]]

===Locuções e expressões===
* '''de qualsevol mal amèn Jesús''': {{escopo2|regionalismo, irônico}} {{link preto|do jeito que for}}, de [[qualquer]] {{l.s.|maneira}}

==Pronome==
{{flex.ca|s=[[qualsevol]]|p=[[qualssevol]]|s-div=qual.se.{{grifar|vol}}|p-div=quals.se.{{grifar|vol}}}}
'''qual.se.{{grifar|vol}}''' ''indefinido''
# [[qualquer]] ([[um#Pronome|um]]):
#: ''La [[gira#{{ca}}|gira]] [[durar#{{ca}}|durà]] 18 [[mes#{{ca}}|mesos]], [[més]] que '''qualsevol''' de les [[anterior#{{ca}}|anteriors]].'' &lt;small&gt;(A {{link preto|turnê}} [[durar|durou]] [[dezoito|18]] [[mês|meses]], [[mais]] do que qualquer uma das [[anterior]]es.)&lt;/small&gt;

===Locuções e expressões===
* '''i qualsevol''': [[et cetera]], e [[outros]]

==Substantivo==
{{flex.ca|s=[[qualsevol]]|p=[[qualssevol]]|s-div=qual.se.{{grifar|vol}}|p-div=quals.se.{{grifar|vol}}}}
'''qual.se.{{grifar|vol}}''' {{c2g}}
# {{l.s.|qualquer}}, {{l.s.|ninguém}}, [[indivíduo]] [[sem]] [[importância]].
{{limpar}}

==Etimologia==
:De {{etimo|ca|qual}} + {{etimo|ca|se}} + {{etimo|la|vol}} (&quot;[[quem]] [[quer]] [[que]]&quot;).
:* '''Datação''': [[w:1295|1295]]

==Pronúncia==
===Catalão ocidental===
* [[AFI]]: {{AFI|/kwaɫ.se'βɔɫ/}}
* [[X-SAMPA]]: /kwa5.se&quot;BO5/
====[[valenciano|Valenciano]]====
* [[AFI]]: {{AFI|/ku.an.se'βɔɫ/}}
* [[X-SAMPA]]: /ku.an.se&quot;BO5/
===Catalão oriental===
* [[AFI]]: {{AFI|/kwaɫ.sə.βɔɫ/}}
* [[X-SAMPA]]: /kwa5.s@&quot;BO5/
====Alguerês====
* [[AFI]]: {{AFI|/kwal.sa.vɔɫ/}}
* [[X-SAMPA]]: /kwal.sa&quot;vO5/
====Balear====
* [[AFI]]: {{AFI|/kwal.sə.vɔ̞ɫ/}}
* [[X-SAMPA]]: /kwal.s@&quot;vO_o5/
====Menorquino====
* [[AFI]]: {{AFI|/kwan.sə.vɔ̞ɫ/}}
* [[X-SAMPA]]: /kwan.s@&quot;vO_o5/

==Ver também==
===Referências===
{{vertbini}}
{{DCVB}}
{{DO-RACV}}
{{GDLC}}
{{vertbfim}}

{{categorias|Catalão|Adjetivo|Pronome|Substantivo|Trissílabo|Oxítona|Vocábulo com etimologia|Século XIII|Vocábulo com pronúncia}}
{{categorias|Valenciano|Adjetivo|Pronome|Substantivo|Trissílabo|Oxítona|Vocábulo com etimologia|Vocábulo com pronúncia}}

[[en:qualsevol]]
[[fr:qualsevol]]
[[io:qualsevol]]
[[nl:qualsevol]]</text>
<sha1>ake15aawx0npalrimpzxn1kumd9q10u</sha1>
</revision>
<revision>
<id>1506791</id>
<parentid>1302307</parentid>
<timestamp>2012-10-28T01:22:40Z</timestamp>
<contributor>
<username>VJBot</username>
<id>33673</id>
</contributor>
<minor />
<comment>Robô: Substituição de texto automática  (-{{vertbini}} +{{verTambém.Ini}})</comment>
<model>wikitext</model>
<format>text/x-wiki</format>
<text bytes="2810" xml:space="preserve">={{-ca-}}=
==Adjetivo==
{{flex.ca|s=[[qualsevol]]|p=[[qualssevol]]|s-div=qual.se.{{grifar|vol}}|p-div=quals.se.{{grifar|vol}}}}
'''qual.se.{{grifar|vol}}''' {{c2g}}
# [[qualquer]]:
#: ''En '''qualsevol''' {{link preto|cas|ca}}, una {{link preto|deficiència}} de l'{{link idioma|hemoglobina|ca}} {{l.o.|disminuir|disminueix}} la {{link preto|capacitat}} de {{link idioma|transportar|ca}} {{link preto|oxigen|ca}} de la [[sang#{{ca}}|sang]].'' &lt;small&gt;(Em [[qualquer]] {{l.s.|caso}}, uma [[deficiência]] da [[hemoglobina]] {{o/a|diminui||r}} a [[capacidade]] de [[transportar]] [[oxigênio]] do [[sangue]].)&lt;/small&gt;
# [[ordinário]], [[vulgar]].

===Sinónimos===
* De '''2''': [[vulgar#{{ca}}|vulgar]]

===Locuções e expressões===
* '''de qualsevol mal amèn Jesús''': {{escopo2|regionalismo, irônico}} {{link preto|do jeito que for}}, de [[qualquer]] {{l.s.|maneira}}

==Pronome==
{{flex.ca|s=[[qualsevol]]|p=[[qualssevol]]|s-div=qual.se.{{grifar|vol}}|p-div=quals.se.{{grifar|vol}}}}
'''qual.se.{{grifar|vol}}''' ''indefinido''
# [[qualquer]] ([[um#Pronome|um]]):
#: ''La [[gira#{{ca}}|gira]] [[durar#{{ca}}|durà]] 18 [[mes#{{ca}}|mesos]], [[més]] que '''qualsevol''' de les [[anterior#{{ca}}|anteriors]].'' &lt;small&gt;(A {{link preto|turnê}} [[durar|durou]] [[dezoito|18]] [[mês|meses]], [[mais]] do que qualquer uma das [[anterior]]es.)&lt;/small&gt;

===Locuções e expressões===
* '''i qualsevol''': [[et cetera]], e [[outros]]

==Substantivo==
{{flex.ca|s=[[qualsevol]]|p=[[qualssevol]]|s-div=qual.se.{{grifar|vol}}|p-div=quals.se.{{grifar|vol}}}}
'''qual.se.{{grifar|vol}}''' {{c2g}}
# {{l.s.|qualquer}}, {{l.s.|ninguém}}, [[indivíduo]] [[sem]] [[importância]].
{{limpar}}

==Etimologia==
:De {{etimo|ca|qual}} + {{etimo|ca|se}} + {{etimo|la|vol}} (&quot;[[quem]] [[quer]] [[que]]&quot;).
:* '''Datação''': [[w:1295|1295]]

==Pronúncia==
===Catalão ocidental===
* [[AFI]]: {{AFI|/kwaɫ.se'βɔɫ/}}
* [[X-SAMPA]]: /kwa5.se&quot;BO5/
====[[valenciano|Valenciano]]====
* [[AFI]]: {{AFI|/ku.an.se'βɔɫ/}}
* [[X-SAMPA]]: /ku.an.se&quot;BO5/
===Catalão oriental===
* [[AFI]]: {{AFI|/kwaɫ.sə.βɔɫ/}}
* [[X-SAMPA]]: /kwa5.s@&quot;BO5/
====Alguerês====
* [[AFI]]: {{AFI|/kwal.sa.vɔɫ/}}
* [[X-SAMPA]]: /kwal.sa&quot;vO5/
====Balear====
* [[AFI]]: {{AFI|/kwal.sə.vɔ̞ɫ/}}
* [[X-SAMPA]]: /kwal.s@&quot;vO_o5/
====Menorquino====
* [[AFI]]: {{AFI|/kwan.sə.vɔ̞ɫ/}}
* [[X-SAMPA]]: /kwan.s@&quot;vO_o5/

==Ver também==
===Referências===
{{verTambém.Ini}}
{{DCVB}}
{{DO-RACV}}
{{GDLC}}
{{vertbfim}}

{{categorias|Catalão|Adjetivo|Pronome|Substantivo|Trissílabo|Oxítona|Vocábulo com etimologia|Século XIII|Vocábulo com pronúncia}}
{{categorias|Valenciano|Adjetivo|Pronome|Substantivo|Trissílabo|Oxítona|Vocábulo com etimologia|Vocábulo com pronúncia}}

[[en:qualsevol]]
[[fr:qualsevol]]
[[io:qualsevol]]
[[nl:qualsevol]]</text>
<sha1>pihrkh9grliqzbtek3jpya88ah6qr3i</sha1>
</revision>
<revision>
<id>1514062</id>
<parentid>1506791</parentid>
<timestamp>2012-10-31T06:20:31Z</timestamp>
<contributor>
<username>VJBot</username>
<id>33673</id>
</contributor>
<minor />
<comment>Robô: Substituição de texto automática  (-{{vertbfim}} +{{verTambém.Fim}})</comment>
<model>wikitext</model>
<format>text/x-wiki</format>
<text bytes="2816" xml:space="preserve">={{-ca-}}=
==Adjetivo==
{{flex.ca|s=[[qualsevol]]|p=[[qualssevol]]|s-div=qual.se.{{grifar|vol}}|p-div=quals.se.{{grifar|vol}}}}
'''qual.se.{{grifar|vol}}''' {{c2g}}
# [[qualquer]]:
#: ''En '''qualsevol''' {{link preto|cas|ca}}, una {{link preto|deficiència}} de l'{{link idioma|hemoglobina|ca}} {{l.o.|disminuir|disminueix}} la {{link preto|capacitat}} de {{link idioma|transportar|ca}} {{link preto|oxigen|ca}} de la [[sang#{{ca}}|sang]].'' &lt;small&gt;(Em [[qualquer]] {{l.s.|caso}}, uma [[deficiência]] da [[hemoglobina]] {{o/a|diminui||r}} a [[capacidade]] de [[transportar]] [[oxigênio]] do [[sangue]].)&lt;/small&gt;
# [[ordinário]], [[vulgar]].

===Sinónimos===
* De '''2''': [[vulgar#{{ca}}|vulgar]]

===Locuções e expressões===
* '''de qualsevol mal amèn Jesús''': {{escopo2|regionalismo, irônico}} {{link preto|do jeito que for}}, de [[qualquer]] {{l.s.|maneira}}

==Pronome==
{{flex.ca|s=[[qualsevol]]|p=[[qualssevol]]|s-div=qual.se.{{grifar|vol}}|p-div=quals.se.{{grifar|vol}}}}
'''qual.se.{{grifar|vol}}''' ''indefinido''
# [[qualquer]] ([[um#Pronome|um]]):
#: ''La [[gira#{{ca}}|gira]] [[durar#{{ca}}|durà]] 18 [[mes#{{ca}}|mesos]], [[més]] que '''qualsevol''' de les [[anterior#{{ca}}|anteriors]].'' &lt;small&gt;(A {{link preto|turnê}} [[durar|durou]] [[dezoito|18]] [[mês|meses]], [[mais]] do que qualquer uma das [[anterior]]es.)&lt;/small&gt;

===Locuções e expressões===
* '''i qualsevol''': [[et cetera]], e [[outros]]

==Substantivo==
{{flex.ca|s=[[qualsevol]]|p=[[qualssevol]]|s-div=qual.se.{{grifar|vol}}|p-div=quals.se.{{grifar|vol}}}}
'''qual.se.{{grifar|vol}}''' {{c2g}}
# {{l.s.|qualquer}}, {{l.s.|ninguém}}, [[indivíduo]] [[sem]] [[importância]].
{{limpar}}

==Etimologia==
:De {{etimo|ca|qual}} + {{etimo|ca|se}} + {{etimo|la|vol}} (&quot;[[quem]] [[quer]] [[que]]&quot;).
:* '''Datação''': [[w:1295|1295]]

==Pronúncia==
===Catalão ocidental===
* [[AFI]]: {{AFI|/kwaɫ.se'βɔɫ/}}
* [[X-SAMPA]]: /kwa5.se&quot;BO5/
====[[valenciano|Valenciano]]====
* [[AFI]]: {{AFI|/ku.an.se'βɔɫ/}}
* [[X-SAMPA]]: /ku.an.se&quot;BO5/
===Catalão oriental===
* [[AFI]]: {{AFI|/kwaɫ.sə.βɔɫ/}}
* [[X-SAMPA]]: /kwa5.s@&quot;BO5/
====Alguerês====
* [[AFI]]: {{AFI|/kwal.sa.vɔɫ/}}
* [[X-SAMPA]]: /kwal.sa&quot;vO5/
====Balear====
* [[AFI]]: {{AFI|/kwal.sə.vɔ̞ɫ/}}
* [[X-SAMPA]]: /kwal.s@&quot;vO_o5/
====Menorquino====
* [[AFI]]: {{AFI|/kwan.sə.vɔ̞ɫ/}}
* [[X-SAMPA]]: /kwan.s@&quot;vO_o5/

==Ver também==
===Referências===
{{verTambém.Ini}}
{{DCVB}}
{{DO-RACV}}
{{GDLC}}
{{verTambém.Fim}}

{{categorias|Catalão|Adjetivo|Pronome|Substantivo|Trissílabo|Oxítona|Vocábulo com etimologia|Século XIII|Vocábulo com pronúncia}}
{{categorias|Valenciano|Adjetivo|Pronome|Substantivo|Trissílabo|Oxítona|Vocábulo com etimologia|Vocábulo com pronúncia}}

[[en:qualsevol]]
[[fr:qualsevol]]
[[io:qualsevol]]
[[nl:qualsevol]]</text>
<sha1>h4hnl7no015iw4efwu2j0twdbczgfzm</sha1>
</revision>
<revision>
<id>1527569</id>
<parentid>1514062</parentid>
<timestamp>2012-11-25T14:48:48Z</timestamp>
<contributor>
<username>VJBot</username>
<id>33673</id>
</contributor>
<minor />
<comment>Robô: Substituição de texto automática  (-{{escopo2| +{{escopo|cor=navy|)</comment>
<model>wikitext</model>
<format>text/x-wiki</format>
<text bytes="2824" xml:space="preserve">={{-ca-}}=
==Adjetivo==
{{flex.ca|s=[[qualsevol]]|p=[[qualssevol]]|s-div=qual.se.{{grifar|vol}}|p-div=quals.se.{{grifar|vol}}}}
'''qual.se.{{grifar|vol}}''' {{c2g}}
# [[qualquer]]:
#: ''En '''qualsevol''' {{link preto|cas|ca}}, una {{link preto|deficiència}} de l'{{link idioma|hemoglobina|ca}} {{l.o.|disminuir|disminueix}} la {{link preto|capacitat}} de {{link idioma|transportar|ca}} {{link preto|oxigen|ca}} de la [[sang#{{ca}}|sang]].'' &lt;small&gt;(Em [[qualquer]] {{l.s.|caso}}, uma [[deficiência]] da [[hemoglobina]] {{o/a|diminui||r}} a [[capacidade]] de [[transportar]] [[oxigênio]] do [[sangue]].)&lt;/small&gt;
# [[ordinário]], [[vulgar]].

===Sinónimos===
* De '''2''': [[vulgar#{{ca}}|vulgar]]

===Locuções e expressões===
* '''de qualsevol mal amèn Jesús''': {{escopo|cor=navy|regionalismo, irônico}} {{link preto|do jeito que for}}, de [[qualquer]] {{l.s.|maneira}}

==Pronome==
{{flex.ca|s=[[qualsevol]]|p=[[qualssevol]]|s-div=qual.se.{{grifar|vol}}|p-div=quals.se.{{grifar|vol}}}}
'''qual.se.{{grifar|vol}}''' ''indefinido''
# [[qualquer]] ([[um#Pronome|um]]):
#: ''La [[gira#{{ca}}|gira]] [[durar#{{ca}}|durà]] 18 [[mes#{{ca}}|mesos]], [[més]] que '''qualsevol''' de les [[anterior#{{ca}}|anteriors]].'' &lt;small&gt;(A {{link preto|turnê}} [[durar|durou]] [[dezoito|18]] [[mês|meses]], [[mais]] do que qualquer uma das [[anterior]]es.)&lt;/small&gt;

===Locuções e expressões===
* '''i qualsevol''': [[et cetera]], e [[outros]]

==Substantivo==
{{flex.ca|s=[[qualsevol]]|p=[[qualssevol]]|s-div=qual.se.{{grifar|vol}}|p-div=quals.se.{{grifar|vol}}}}
'''qual.se.{{grifar|vol}}''' {{c2g}}
# {{l.s.|qualquer}}, {{l.s.|ninguém}}, [[indivíduo]] [[sem]] [[importância]].
{{limpar}}

==Etimologia==
:De {{etimo|ca|qual}} + {{etimo|ca|se}} + {{etimo|la|vol}} (&quot;[[quem]] [[quer]] [[que]]&quot;).
:* '''Datação''': [[w:1295|1295]]

==Pronúncia==
===Catalão ocidental===
* [[AFI]]: {{AFI|/kwaɫ.se'βɔɫ/}}
* [[X-SAMPA]]: /kwa5.se&quot;BO5/
====[[valenciano|Valenciano]]====
* [[AFI]]: {{AFI|/ku.an.se'βɔɫ/}}
* [[X-SAMPA]]: /ku.an.se&quot;BO5/
===Catalão oriental===
* [[AFI]]: {{AFI|/kwaɫ.sə.βɔɫ/}}
* [[X-SAMPA]]: /kwa5.s@&quot;BO5/
====Alguerês====
* [[AFI]]: {{AFI|/kwal.sa.vɔɫ/}}
* [[X-SAMPA]]: /kwal.sa&quot;vO5/
====Balear====
* [[AFI]]: {{AFI|/kwal.sə.vɔ̞ɫ/}}
* [[X-SAMPA]]: /kwal.s@&quot;vO_o5/
====Menorquino====
* [[AFI]]: {{AFI|/kwan.sə.vɔ̞ɫ/}}
* [[X-SAMPA]]: /kwan.s@&quot;vO_o5/

==Ver também==
===Referências===
{{verTambém.Ini}}
{{DCVB}}
{{DO-RACV}}
{{GDLC}}
{{verTambém.Fim}}

{{categorias|Catalão|Adjetivo|Pronome|Substantivo|Trissílabo|Oxítona|Vocábulo com etimologia|Século XIII|Vocábulo com pronúncia}}
{{categorias|Valenciano|Adjetivo|Pronome|Substantivo|Trissílabo|Oxítona|Vocábulo com etimologia|Vocábulo com pronúncia}}

[[en:qualsevol]]
[[fr:qualsevol]]
[[io:qualsevol]]
[[nl:qualsevol]]</text>
<sha1>9ppp0beoqhkvurk76mvoqccalajdzqm</sha1>
</revision>
<revision>
<id>1560419</id>
<parentid>1527569</parentid>
<timestamp>2012-12-15T20:04:23Z</timestamp>
<contributor>
<username>VJBot</username>
<id>33673</id>
</contributor>
<minor />
<comment>Robô: Substituição de texto automática  (-{{DO-RACV}} +{{subst:DO-RACV}})</comment>
<model>wikitext</model>
<format>text/x-wiki</format>
<text bytes="2951" xml:space="preserve">={{-ca-}}=
==Adjetivo==
{{flex.ca|s=[[qualsevol]]|p=[[qualssevol]]|s-div=qual.se.{{grifar|vol}}|p-div=quals.se.{{grifar|vol}}}}
'''qual.se.{{grifar|vol}}''' {{c2g}}
# [[qualquer]]:
#: ''En '''qualsevol''' {{link preto|cas|ca}}, una {{link preto|deficiència}} de l'{{link idioma|hemoglobina|ca}} {{l.o.|disminuir|disminueix}} la {{link preto|capacitat}} de {{link idioma|transportar|ca}} {{link preto|oxigen|ca}} de la [[sang#{{ca}}|sang]].'' &lt;small&gt;(Em [[qualquer]] {{l.s.|caso}}, uma [[deficiência]] da [[hemoglobina]] {{o/a|diminui||r}} a [[capacidade]] de [[transportar]] [[oxigênio]] do [[sangue]].)&lt;/small&gt;
# [[ordinário]], [[vulgar]].

===Sinónimos===
* De '''2''': [[vulgar#{{ca}}|vulgar]]

===Locuções e expressões===
* '''de qualsevol mal amèn Jesús''': {{escopo|cor=navy|regionalismo, irônico}} {{link preto|do jeito que for}}, de [[qualquer]] {{l.s.|maneira}}

==Pronome==
{{flex.ca|s=[[qualsevol]]|p=[[qualssevol]]|s-div=qual.se.{{grifar|vol}}|p-div=quals.se.{{grifar|vol}}}}
'''qual.se.{{grifar|vol}}''' ''indefinido''
# [[qualquer]] ([[um#Pronome|um]]):
#: ''La [[gira#{{ca}}|gira]] [[durar#{{ca}}|durà]] 18 [[mes#{{ca}}|mesos]], [[més]] que '''qualsevol''' de les [[anterior#{{ca}}|anteriors]].'' &lt;small&gt;(A {{link preto|turnê}} [[durar|durou]] [[dezoito|18]] [[mês|meses]], [[mais]] do que qualquer uma das [[anterior]]es.)&lt;/small&gt;

===Locuções e expressões===
* '''i qualsevol''': [[et cetera]], e [[outros]]

==Substantivo==
{{flex.ca|s=[[qualsevol]]|p=[[qualssevol]]|s-div=qual.se.{{grifar|vol}}|p-div=quals.se.{{grifar|vol}}}}
'''qual.se.{{grifar|vol}}''' {{c2g}}
# {{l.s.|qualquer}}, {{l.s.|ninguém}}, [[indivíduo]] [[sem]] [[importância]].
{{limpar}}

==Etimologia==
:De {{etimo|ca|qual}} + {{etimo|ca|se}} + {{etimo|la|vol}} (&quot;[[quem]] [[quer]] [[que]]&quot;).
:* '''Datação''': [[w:1295|1295]]

==Pronúncia==
===Catalão ocidental===
* [[AFI]]: {{AFI|/kwaɫ.se'βɔɫ/}}
* [[X-SAMPA]]: /kwa5.se&quot;BO5/
====[[valenciano|Valenciano]]====
* [[AFI]]: {{AFI|/ku.an.se'βɔɫ/}}
* [[X-SAMPA]]: /ku.an.se&quot;BO5/
===Catalão oriental===
* [[AFI]]: {{AFI|/kwaɫ.sə.βɔɫ/}}
* [[X-SAMPA]]: /kwa5.s@&quot;BO5/
====Alguerês====
* [[AFI]]: {{AFI|/kwal.sa.vɔɫ/}}
* [[X-SAMPA]]: /kwal.sa&quot;vO5/
====Balear====
* [[AFI]]: {{AFI|/kwal.sə.vɔ̞ɫ/}}
* [[X-SAMPA]]: /kwal.s@&quot;vO_o5/
====Menorquino====
* [[AFI]]: {{AFI|/kwan.sə.vɔ̞ɫ/}}
* [[X-SAMPA]]: /kwan.s@&quot;vO_o5/

==Ver também==
===Referências===
{{verTambém.Ini}}
{{DCVB}}
* [http://www.racv.es/diccionari/diccionario.html Diccionari Ortogràfic Valencià-Castellà, Castellà-Valencià (RACV) (em valenciano)]
{{GDLC}}
{{verTambém.Fim}}

{{categorias|Catalão|Adjetivo|Pronome|Substantivo|Trissílabo|Oxítona|Vocábulo com etimologia|Século XIII|Vocábulo com pronúncia}}
{{categorias|Valenciano|Adjetivo|Pronome|Substantivo|Trissílabo|Oxítona|Vocábulo com etimologia|Vocábulo com pronúncia}}

[[en:qualsevol]]
[[fr:qualsevol]]
[[io:qualsevol]]
[[nl:qualsevol]]</text>
<sha1>5dnaudpzdskx413tagziam6kj2lrn9f</sha1>
</revision>
<revision>
<id>1561050</id>
<parentid>1560419</parentid>
<timestamp>2012-12-17T11:26:21Z</timestamp>
<contributor>
<username>VJBot</username>
<id>33673</id>
</contributor>
<minor />
<comment>Robô: Substituição de texto automática  (-{{DCVB}} +{{subst:DCVB}})</comment>
<model>wikitext</model>
<format>text/x-wiki</format>
<text bytes="3023" xml:space="preserve">={{-ca-}}=
==Adjetivo==
{{flex.ca|s=[[qualsevol]]|p=[[qualssevol]]|s-div=qual.se.{{grifar|vol}}|p-div=quals.se.{{grifar|vol}}}}
'''qual.se.{{grifar|vol}}''' {{c2g}}
# [[qualquer]]:
#: ''En '''qualsevol''' {{link preto|cas|ca}}, una {{link preto|deficiència}} de l'{{link idioma|hemoglobina|ca}} {{l.o.|disminuir|disminueix}} la {{link preto|capacitat}} de {{link idioma|transportar|ca}} {{link preto|oxigen|ca}} de la [[sang#{{ca}}|sang]].'' &lt;small&gt;(Em [[qualquer]] {{l.s.|caso}}, uma [[deficiência]] da [[hemoglobina]] {{o/a|diminui||r}} a [[capacidade]] de [[transportar]] [[oxigênio]] do [[sangue]].)&lt;/small&gt;
# [[ordinário]], [[vulgar]].

===Sinónimos===
* De '''2''': [[vulgar#{{ca}}|vulgar]]

===Locuções e expressões===
* '''de qualsevol mal amèn Jesús''': {{escopo|cor=navy|regionalismo, irônico}} {{link preto|do jeito que for}}, de [[qualquer]] {{l.s.|maneira}}

==Pronome==
{{flex.ca|s=[[qualsevol]]|p=[[qualssevol]]|s-div=qual.se.{{grifar|vol}}|p-div=quals.se.{{grifar|vol}}}}
'''qual.se.{{grifar|vol}}''' ''indefinido''
# [[qualquer]] ([[um#Pronome|um]]):
#: ''La [[gira#{{ca}}|gira]] [[durar#{{ca}}|durà]] 18 [[mes#{{ca}}|mesos]], [[més]] que '''qualsevol''' de les [[anterior#{{ca}}|anteriors]].'' &lt;small&gt;(A {{link preto|turnê}} [[durar|durou]] [[dezoito|18]] [[mês|meses]], [[mais]] do que qualquer uma das [[anterior]]es.)&lt;/small&gt;

===Locuções e expressões===
* '''i qualsevol''': [[et cetera]], e [[outros]]

==Substantivo==
{{flex.ca|s=[[qualsevol]]|p=[[qualssevol]]|s-div=qual.se.{{grifar|vol}}|p-div=quals.se.{{grifar|vol}}}}
'''qual.se.{{grifar|vol}}''' {{c2g}}
# {{l.s.|qualquer}}, {{l.s.|ninguém}}, [[indivíduo]] [[sem]] [[importância]].
{{limpar}}

==Etimologia==
:De {{etimo|ca|qual}} + {{etimo|ca|se}} + {{etimo|la|vol}} (&quot;[[quem]] [[quer]] [[que]]&quot;).
:* '''Datação''': [[w:1295|1295]]

==Pronúncia==
===Catalão ocidental===
* [[AFI]]: {{AFI|/kwaɫ.se'βɔɫ/}}
* [[X-SAMPA]]: /kwa5.se&quot;BO5/
====[[valenciano|Valenciano]]====
* [[AFI]]: {{AFI|/ku.an.se'βɔɫ/}}
* [[X-SAMPA]]: /ku.an.se&quot;BO5/
===Catalão oriental===
* [[AFI]]: {{AFI|/kwaɫ.sə.βɔɫ/}}
* [[X-SAMPA]]: /kwa5.s@&quot;BO5/
====Alguerês====
* [[AFI]]: {{AFI|/kwal.sa.vɔɫ/}}
* [[X-SAMPA]]: /kwal.sa&quot;vO5/
====Balear====
* [[AFI]]: {{AFI|/kwal.sə.vɔ̞ɫ/}}
* [[X-SAMPA]]: /kwal.s@&quot;vO_o5/
====Menorquino====
* [[AFI]]: {{AFI|/kwan.sə.vɔ̞ɫ/}}
* [[X-SAMPA]]: /kwan.s@&quot;vO_o5/

==Ver também==
===Referências===
{{verTambém.Ini}}
* [http://dcvb.iec.cat/ Diccionari català-valencià-balear (IEC) (em catalão)]
* [http://www.racv.es/diccionari/diccionario.html Diccionari Ortogràfic Valencià-Castellà, Castellà-Valencià (RACV) (em valenciano)]
{{GDLC}}
{{verTambém.Fim}}

{{categorias|Catalão|Adjetivo|Pronome|Substantivo|Trissílabo|Oxítona|Vocábulo com etimologia|Século XIII|Vocábulo com pronúncia}}
{{categorias|Valenciano|Adjetivo|Pronome|Substantivo|Trissílabo|Oxítona|Vocábulo com etimologia|Vocábulo com pronúncia}}

[[en:qualsevol]]
[[fr:qualsevol]]
[[io:qualsevol]]
[[nl:qualsevol]]</text>
<sha1>00b0hgfj7no0zqd3hqk51qzwkokqmz1</sha1>
</revision>
<revision>
<id>1561237</id>
<parentid>1561050</parentid>
<timestamp>2012-12-17T15:05:32Z</timestamp>
<contributor>
<username>VJBot</username>
<id>33673</id>
</contributor>
<minor />
<comment>Robô: Substituição de texto automática  (-{{GDLC}} +{{subst:GDLC}})</comment>
<model>wikitext</model>
<format>text/x-wiki</format>
<text bytes="3469" xml:space="preserve">={{-ca-}}=
==Adjetivo==
{{flex.ca|s=[[qualsevol]]|p=[[qualssevol]]|s-div=qual.se.{{grifar|vol}}|p-div=quals.se.{{grifar|vol}}}}
'''qual.se.{{grifar|vol}}''' {{c2g}}
# [[qualquer]]:
#: ''En '''qualsevol''' {{link preto|cas|ca}}, una {{link preto|deficiència}} de l'{{link idioma|hemoglobina|ca}} {{l.o.|disminuir|disminueix}} la {{link preto|capacitat}} de {{link idioma|transportar|ca}} {{link preto|oxigen|ca}} de la [[sang#{{ca}}|sang]].'' &lt;small&gt;(Em [[qualquer]] {{l.s.|caso}}, uma [[deficiência]] da [[hemoglobina]] {{o/a|diminui||r}} a [[capacidade]] de [[transportar]] [[oxigênio]] do [[sangue]].)&lt;/small&gt;
# [[ordinário]], [[vulgar]].

===Sinónimos===
* De '''2''': [[vulgar#{{ca}}|vulgar]]

===Locuções e expressões===
* '''de qualsevol mal amèn Jesús''': {{escopo|cor=navy|regionalismo, irônico}} {{link preto|do jeito que for}}, de [[qualquer]] {{l.s.|maneira}}

==Pronome==
{{flex.ca|s=[[qualsevol]]|p=[[qualssevol]]|s-div=qual.se.{{grifar|vol}}|p-div=quals.se.{{grifar|vol}}}}
'''qual.se.{{grifar|vol}}''' ''indefinido''
# [[qualquer]] ([[um#Pronome|um]]):
#: ''La [[gira#{{ca}}|gira]] [[durar#{{ca}}|durà]] 18 [[mes#{{ca}}|mesos]], [[més]] que '''qualsevol''' de les [[anterior#{{ca}}|anteriors]].'' &lt;small&gt;(A {{link preto|turnê}} [[durar|durou]] [[dezoito|18]] [[mês|meses]], [[mais]] do que qualquer uma das [[anterior]]es.)&lt;/small&gt;

===Locuções e expressões===
* '''i qualsevol''': [[et cetera]], e [[outros]]

==Substantivo==
{{flex.ca|s=[[qualsevol]]|p=[[qualssevol]]|s-div=qual.se.{{grifar|vol}}|p-div=quals.se.{{grifar|vol}}}}
'''qual.se.{{grifar|vol}}''' {{c2g}}
# {{l.s.|qualquer}}, {{l.s.|ninguém}}, [[indivíduo]] [[sem]] [[importância]].
{{limpar}}

==Etimologia==
:De {{etimo|ca|qual}} + {{etimo|ca|se}} + {{etimo|la|vol}} (&quot;[[quem]] [[quer]] [[que]]&quot;).
:* '''Datação''': [[w:1295|1295]]

==Pronúncia==
===Catalão ocidental===
* [[AFI]]: {{AFI|/kwaɫ.se'βɔɫ/}}
* [[X-SAMPA]]: /kwa5.se&quot;BO5/
====[[valenciano|Valenciano]]====
* [[AFI]]: {{AFI|/ku.an.se'βɔɫ/}}
* [[X-SAMPA]]: /ku.an.se&quot;BO5/
===Catalão oriental===
* [[AFI]]: {{AFI|/kwaɫ.sə.βɔɫ/}}
* [[X-SAMPA]]: /kwa5.s@&quot;BO5/
====Alguerês====
* [[AFI]]: {{AFI|/kwal.sa.vɔɫ/}}
* [[X-SAMPA]]: /kwal.sa&quot;vO5/
====Balear====
* [[AFI]]: {{AFI|/kwal.sə.vɔ̞ɫ/}}
* [[X-SAMPA]]: /kwal.s@&quot;vO_o5/
====Menorquino====
* [[AFI]]: {{AFI|/kwan.sə.vɔ̞ɫ/}}
* [[X-SAMPA]]: /kwan.s@&quot;vO_o5/

==Ver também==
===Referências===
{{verTambém.Ini}}
* [http://dcvb.iec.cat/ Diccionari català-valencià-balear (IEC) (em catalão)]
* [http://www.racv.es/diccionari/diccionario.html Diccionari Ortogràfic Valencià-Castellà, Castellà-Valencià (RACV) (em valenciano)]
* [http://ec.grec.net/cgi-bin/AppDLC3.exe?APP=CERCADLC&amp;GECART={{urlencode:{{PAGENAME}}}}{{#if:|{{#switch:{{{CE1}}}|à=%E0|è=%E8|é=%E9|í=%ED|ï=%EF|ò=%F2|ó=%F3|ú=%FA|ü=%FC|ç=%E7|·=%B7| =_|{{{CE1}}}}}}}{{#if:|{{{PAR2}}}}}{{#if:|{{#switch:{{{CE2}}}|  =_|à=%E0|è=%E8|é=%E9|í=%ED|ï=%EF|ò=%F2|ó=%F3|ú=%FA|ü=%FC|ç=%E7|·=%B7| =_|{{{CE2}}}}}}}{{#if:|{{{PAR3}}}}} ''{{PAGENAME}}'' no Gran Dicionario de la Llengua Catalana (GREC) (em catalão)]
{{verTambém.Fim}}

{{categorias|Catalão|Adjetivo|Pronome|Substantivo|Trissílabo|Oxítona|Vocábulo com etimologia|Século XIII|Vocábulo com pronúncia}}
{{categorias|Valenciano|Adjetivo|Pronome|Substantivo|Trissílabo|Oxítona|Vocábulo com etimologia|Vocábulo com pronúncia}}

[[en:qualsevol]]
[[fr:qualsevol]]
[[io:qualsevol]]
[[nl:qualsevol]]</text>
<sha1>3u9he19ipyqdtng7it1yn5qiaofvybn</sha1>
</revision>
<revision>
<id>1588441</id>
<parentid>1561237</parentid>
<timestamp>2013-01-18T23:55:43Z</timestamp>
<contributor>
<username>MalafayaBot</username>
<id>628</id>
</contributor>
<minor />
<comment>Robô: Substituição de texto automática (-|Vocábulo de  +|Entrada de , -|Vocábulo com  +|Entrada com , -[[Categoria:Vocábulo +[[Categoria:Entrada)</comment>
<model>wikitext</model>
<format>text/x-wiki</format>
<text bytes="3461" xml:space="preserve">={{-ca-}}=
==Adjetivo==
{{flex.ca|s=[[qualsevol]]|p=[[qualssevol]]|s-div=qual.se.{{grifar|vol}}|p-div=quals.se.{{grifar|vol}}}}
'''qual.se.{{grifar|vol}}''' {{c2g}}
# [[qualquer]]:
#: ''En '''qualsevol''' {{link preto|cas|ca}}, una {{link preto|deficiència}} de l'{{link idioma|hemoglobina|ca}} {{l.o.|disminuir|disminueix}} la {{link preto|capacitat}} de {{link idioma|transportar|ca}} {{link preto|oxigen|ca}} de la [[sang#{{ca}}|sang]].'' &lt;small&gt;(Em [[qualquer]] {{l.s.|caso}}, uma [[deficiência]] da [[hemoglobina]] {{o/a|diminui||r}} a [[capacidade]] de [[transportar]] [[oxigênio]] do [[sangue]].)&lt;/small&gt;
# [[ordinário]], [[vulgar]].

===Sinónimos===
* De '''2''': [[vulgar#{{ca}}|vulgar]]

===Locuções e expressões===
* '''de qualsevol mal amèn Jesús''': {{escopo|cor=navy|regionalismo, irônico}} {{link preto|do jeito que for}}, de [[qualquer]] {{l.s.|maneira}}

==Pronome==
{{flex.ca|s=[[qualsevol]]|p=[[qualssevol]]|s-div=qual.se.{{grifar|vol}}|p-div=quals.se.{{grifar|vol}}}}
'''qual.se.{{grifar|vol}}''' ''indefinido''
# [[qualquer]] ([[um#Pronome|um]]):
#: ''La [[gira#{{ca}}|gira]] [[durar#{{ca}}|durà]] 18 [[mes#{{ca}}|mesos]], [[més]] que '''qualsevol''' de les [[anterior#{{ca}}|anteriors]].'' &lt;small&gt;(A {{link preto|turnê}} [[durar|durou]] [[dezoito|18]] [[mês|meses]], [[mais]] do que qualquer uma das [[anterior]]es.)&lt;/small&gt;

===Locuções e expressões===
* '''i qualsevol''': [[et cetera]], e [[outros]]

==Substantivo==
{{flex.ca|s=[[qualsevol]]|p=[[qualssevol]]|s-div=qual.se.{{grifar|vol}}|p-div=quals.se.{{grifar|vol}}}}
'''qual.se.{{grifar|vol}}''' {{c2g}}
# {{l.s.|qualquer}}, {{l.s.|ninguém}}, [[indivíduo]] [[sem]] [[importância]].
{{limpar}}

==Etimologia==
:De {{etimo|ca|qual}} + {{etimo|ca|se}} + {{etimo|la|vol}} (&quot;[[quem]] [[quer]] [[que]]&quot;).
:* '''Datação''': [[w:1295|1295]]

==Pronúncia==
===Catalão ocidental===
* [[AFI]]: {{AFI|/kwaɫ.se'βɔɫ/}}
* [[X-SAMPA]]: /kwa5.se&quot;BO5/
====[[valenciano|Valenciano]]====
* [[AFI]]: {{AFI|/ku.an.se'βɔɫ/}}
* [[X-SAMPA]]: /ku.an.se&quot;BO5/
===Catalão oriental===
* [[AFI]]: {{AFI|/kwaɫ.sə.βɔɫ/}}
* [[X-SAMPA]]: /kwa5.s@&quot;BO5/
====Alguerês====
* [[AFI]]: {{AFI|/kwal.sa.vɔɫ/}}
* [[X-SAMPA]]: /kwal.sa&quot;vO5/
====Balear====
* [[AFI]]: {{AFI|/kwal.sə.vɔ̞ɫ/}}
* [[X-SAMPA]]: /kwal.s@&quot;vO_o5/
====Menorquino====
* [[AFI]]: {{AFI|/kwan.sə.vɔ̞ɫ/}}
* [[X-SAMPA]]: /kwan.s@&quot;vO_o5/

==Ver também==
===Referências===
{{verTambém.Ini}}
* [http://dcvb.iec.cat/ Diccionari català-valencià-balear (IEC) (em catalão)]
* [http://www.racv.es/diccionari/diccionario.html Diccionari Ortogràfic Valencià-Castellà, Castellà-Valencià (RACV) (em valenciano)]
* [http://ec.grec.net/cgi-bin/AppDLC3.exe?APP=CERCADLC&amp;GECART={{urlencode:{{PAGENAME}}}}{{#if:|{{#switch:{{{CE1}}}|à=%E0|è=%E8|é=%E9|í=%ED|ï=%EF|ò=%F2|ó=%F3|ú=%FA|ü=%FC|ç=%E7|·=%B7| =_|{{{CE1}}}}}}}{{#if:|{{{PAR2}}}}}{{#if:|{{#switch:{{{CE2}}}|  =_|à=%E0|è=%E8|é=%E9|í=%ED|ï=%EF|ò=%F2|ó=%F3|ú=%FA|ü=%FC|ç=%E7|·=%B7| =_|{{{CE2}}}}}}}{{#if:|{{{PAR3}}}}} ''{{PAGENAME}}'' no Gran Dicionario de la Llengua Catalana (GREC) (em catalão)]
{{verTambém.Fim}}

{{categorias|Catalão|Adjetivo|Pronome|Substantivo|Trissílabo|Oxítona|Entrada com etimologia|Século XIII|Entrada com pronúncia}}
{{categorias|Valenciano|Adjetivo|Pronome|Substantivo|Trissílabo|Oxítona|Entrada com etimologia|Entrada com pronúncia}}

[[en:qualsevol]]
[[fr:qualsevol]]
[[io:qualsevol]]
[[nl:qualsevol]]</text>
<sha1>ni4fklc08m9miqx02oiaubr3yf6km3y</sha1>
</revision>
<revision>
<id>1716807</id>
<parentid>1588441</parentid>
<timestamp>2013-08-22T10:46:48Z</timestamp>
<contributor>
<username>HydrizBot</username>
<id>29590</id>
</contributor>
<minor />
<comment>r2.7.3) (Robô: A adicionar: [[mg:qualsevol]]</comment>
<model>wikitext</model>
<format>text/x-wiki</format>
<text bytes="3478" xml:space="preserve">={{-ca-}}=
==Adjetivo==
{{flex.ca|s=[[qualsevol]]|p=[[qualssevol]]|s-div=qual.se.{{grifar|vol}}|p-div=quals.se.{{grifar|vol}}}}
'''qual.se.{{grifar|vol}}''' {{c2g}}
# [[qualquer]]:
#: ''En '''qualsevol''' {{link preto|cas|ca}}, una {{link preto|deficiència}} de l'{{link idioma|hemoglobina|ca}} {{l.o.|disminuir|disminueix}} la {{link preto|capacitat}} de {{link idioma|transportar|ca}} {{link preto|oxigen|ca}} de la [[sang#{{ca}}|sang]].'' &lt;small&gt;(Em [[qualquer]] {{l.s.|caso}}, uma [[deficiência]] da [[hemoglobina]] {{o/a|diminui||r}} a [[capacidade]] de [[transportar]] [[oxigênio]] do [[sangue]].)&lt;/small&gt;
# [[ordinário]], [[vulgar]].

===Sinónimos===
* De '''2''': [[vulgar#{{ca}}|vulgar]]

===Locuções e expressões===
* '''de qualsevol mal amèn Jesús''': {{escopo|cor=navy|regionalismo, irônico}} {{link preto|do jeito que for}}, de [[qualquer]] {{l.s.|maneira}}

==Pronome==
{{flex.ca|s=[[qualsevol]]|p=[[qualssevol]]|s-div=qual.se.{{grifar|vol}}|p-div=quals.se.{{grifar|vol}}}}
'''qual.se.{{grifar|vol}}''' ''indefinido''
# [[qualquer]] ([[um#Pronome|um]]):
#: ''La [[gira#{{ca}}|gira]] [[durar#{{ca}}|durà]] 18 [[mes#{{ca}}|mesos]], [[més]] que '''qualsevol''' de les [[anterior#{{ca}}|anteriors]].'' &lt;small&gt;(A {{link preto|turnê}} [[durar|durou]] [[dezoito|18]] [[mês|meses]], [[mais]] do que qualquer uma das [[anterior]]es.)&lt;/small&gt;

===Locuções e expressões===
* '''i qualsevol''': [[et cetera]], e [[outros]]

==Substantivo==
{{flex.ca|s=[[qualsevol]]|p=[[qualssevol]]|s-div=qual.se.{{grifar|vol}}|p-div=quals.se.{{grifar|vol}}}}
'''qual.se.{{grifar|vol}}''' {{c2g}}
# {{l.s.|qualquer}}, {{l.s.|ninguém}}, [[indivíduo]] [[sem]] [[importância]].
{{limpar}}

==Etimologia==
:De {{etimo|ca|qual}} + {{etimo|ca|se}} + {{etimo|la|vol}} (&quot;[[quem]] [[quer]] [[que]]&quot;).
:* '''Datação''': [[w:1295|1295]]

==Pronúncia==
===Catalão ocidental===
* [[AFI]]: {{AFI|/kwaɫ.se'βɔɫ/}}
* [[X-SAMPA]]: /kwa5.se&quot;BO5/
====[[valenciano|Valenciano]]====
* [[AFI]]: {{AFI|/ku.an.se'βɔɫ/}}
* [[X-SAMPA]]: /ku.an.se&quot;BO5/
===Catalão oriental===
* [[AFI]]: {{AFI|/kwaɫ.sə.βɔɫ/}}
* [[X-SAMPA]]: /kwa5.s@&quot;BO5/
====Alguerês====
* [[AFI]]: {{AFI|/kwal.sa.vɔɫ/}}
* [[X-SAMPA]]: /kwal.sa&quot;vO5/
====Balear====
* [[AFI]]: {{AFI|/kwal.sə.vɔ̞ɫ/}}
* [[X-SAMPA]]: /kwal.s@&quot;vO_o5/
====Menorquino====
* [[AFI]]: {{AFI|/kwan.sə.vɔ̞ɫ/}}
* [[X-SAMPA]]: /kwan.s@&quot;vO_o5/

==Ver também==
===Referências===
{{verTambém.Ini}}
* [http://dcvb.iec.cat/ Diccionari català-valencià-balear (IEC) (em catalão)]
* [http://www.racv.es/diccionari/diccionario.html Diccionari Ortogràfic Valencià-Castellà, Castellà-Valencià (RACV) (em valenciano)]
* [http://ec.grec.net/cgi-bin/AppDLC3.exe?APP=CERCADLC&amp;GECART={{urlencode:{{PAGENAME}}}}{{#if:|{{#switch:{{{CE1}}}|à=%E0|è=%E8|é=%E9|í=%ED|ï=%EF|ò=%F2|ó=%F3|ú=%FA|ü=%FC|ç=%E7|·=%B7| =_|{{{CE1}}}}}}}{{#if:|{{{PAR2}}}}}{{#if:|{{#switch:{{{CE2}}}|  =_|à=%E0|è=%E8|é=%E9|í=%ED|ï=%EF|ò=%F2|ó=%F3|ú=%FA|ü=%FC|ç=%E7|·=%B7| =_|{{{CE2}}}}}}}{{#if:|{{{PAR3}}}}} ''{{PAGENAME}}'' no Gran Dicionario de la Llengua Catalana (GREC) (em catalão)]
{{verTambém.Fim}}

{{categorias|Catalão|Adjetivo|Pronome|Substantivo|Trissílabo|Oxítona|Entrada com etimologia|Século XIII|Entrada com pronúncia}}
{{categorias|Valenciano|Adjetivo|Pronome|Substantivo|Trissílabo|Oxítona|Entrada com etimologia|Entrada com pronúncia}}

[[en:qualsevol]]
[[fr:qualsevol]]
[[io:qualsevol]]
[[mg:qualsevol]]
[[nl:qualsevol]]</text>
<sha1>1ua2ejbvfducfko1dkhygj3kqucuckh</sha1>
</revision>
<revision>
<id>2396748</id>
<parentid>1716807</parentid>
<timestamp>2017-05-13T11:00:08Z</timestamp>
<contributor>
<username>HydrizBot</username>
<id>29590</id>
</contributor>
<minor />
<comment>Robô: A limpar links interwikis antigos</comment>
<model>wikitext</model>
<format>text/x-wiki</format>
<text bytes="3392" xml:space="preserve">={{-ca-}}=
==Adjetivo==
{{flex.ca|s=[[qualsevol]]|p=[[qualssevol]]|s-div=qual.se.{{grifar|vol}}|p-div=quals.se.{{grifar|vol}}}}
'''qual.se.{{grifar|vol}}''' {{c2g}}
# [[qualquer]]:
#: ''En '''qualsevol''' {{link preto|cas|ca}}, una {{link preto|deficiència}} de l'{{link idioma|hemoglobina|ca}} {{l.o.|disminuir|disminueix}} la {{link preto|capacitat}} de {{link idioma|transportar|ca}} {{link preto|oxigen|ca}} de la [[sang#{{ca}}|sang]].'' &lt;small&gt;(Em [[qualquer]] {{l.s.|caso}}, uma [[deficiência]] da [[hemoglobina]] {{o/a|diminui||r}} a [[capacidade]] de [[transportar]] [[oxigênio]] do [[sangue]].)&lt;/small&gt;
# [[ordinário]], [[vulgar]].

===Sinónimos===
* De '''2''': [[vulgar#{{ca}}|vulgar]]

===Locuções e expressões===
* '''de qualsevol mal amèn Jesús''': {{escopo|cor=navy|regionalismo, irônico}} {{link preto|do jeito que for}}, de [[qualquer]] {{l.s.|maneira}}

==Pronome==
{{flex.ca|s=[[qualsevol]]|p=[[qualssevol]]|s-div=qual.se.{{grifar|vol}}|p-div=quals.se.{{grifar|vol}}}}
'''qual.se.{{grifar|vol}}''' ''indefinido''
# [[qualquer]] ([[um#Pronome|um]]):
#: ''La [[gira#{{ca}}|gira]] [[durar#{{ca}}|durà]] 18 [[mes#{{ca}}|mesos]], [[més]] que '''qualsevol''' de les [[anterior#{{ca}}|anteriors]].'' &lt;small&gt;(A {{link preto|turnê}} [[durar|durou]] [[dezoito|18]] [[mês|meses]], [[mais]] do que qualquer uma das [[anterior]]es.)&lt;/small&gt;

===Locuções e expressões===
* '''i qualsevol''': [[et cetera]], e [[outros]]

==Substantivo==
{{flex.ca|s=[[qualsevol]]|p=[[qualssevol]]|s-div=qual.se.{{grifar|vol}}|p-div=quals.se.{{grifar|vol}}}}
'''qual.se.{{grifar|vol}}''' {{c2g}}
# {{l.s.|qualquer}}, {{l.s.|ninguém}}, [[indivíduo]] [[sem]] [[importância]].
{{limpar}}

==Etimologia==
:De {{etimo|ca|qual}} + {{etimo|ca|se}} + {{etimo|la|vol}} (&quot;[[quem]] [[quer]] [[que]]&quot;).
:* '''Datação''': [[w:1295|1295]]

==Pronúncia==
===Catalão ocidental===
* [[AFI]]: {{AFI|/kwaɫ.se'βɔɫ/}}
* [[X-SAMPA]]: /kwa5.se&quot;BO5/
====[[valenciano|Valenciano]]====
* [[AFI]]: {{AFI|/ku.an.se'βɔɫ/}}
* [[X-SAMPA]]: /ku.an.se&quot;BO5/
===Catalão oriental===
* [[AFI]]: {{AFI|/kwaɫ.sə.βɔɫ/}}
* [[X-SAMPA]]: /kwa5.s@&quot;BO5/
====Alguerês====
* [[AFI]]: {{AFI|/kwal.sa.vɔɫ/}}
* [[X-SAMPA]]: /kwal.sa&quot;vO5/
====Balear====
* [[AFI]]: {{AFI|/kwal.sə.vɔ̞ɫ/}}
* [[X-SAMPA]]: /kwal.s@&quot;vO_o5/
====Menorquino====
* [[AFI]]: {{AFI|/kwan.sə.vɔ̞ɫ/}}
* [[X-SAMPA]]: /kwan.s@&quot;vO_o5/

==Ver também==
===Referências===
{{verTambém.Ini}}
* [http://dcvb.iec.cat/ Diccionari català-valencià-balear (IEC) (em catalão)]
* [http://www.racv.es/diccionari/diccionario.html Diccionari Ortogràfic Valencià-Castellà, Castellà-Valencià (RACV) (em valenciano)]
* [http://ec.grec.net/cgi-bin/AppDLC3.exe?APP=CERCADLC&amp;GECART={{urlencode:{{PAGENAME}}}}{{#if:|{{#switch:{{{CE1}}}|à=%E0|è=%E8|é=%E9|í=%ED|ï=%EF|ò=%F2|ó=%F3|ú=%FA|ü=%FC|ç=%E7|·=%B7| =_|{{{CE1}}}}}}}{{#if:|{{{PAR2}}}}}{{#if:|{{#switch:{{{CE2}}}|  =_|à=%E0|è=%E8|é=%E9|í=%ED|ï=%EF|ò=%F2|ó=%F3|ú=%FA|ü=%FC|ç=%E7|·=%B7| =_|{{{CE2}}}}}}}{{#if:|{{{PAR3}}}}} ''{{PAGENAME}}'' no Gran Dicionario de la Llengua Catalana (GREC) (em catalão)]
{{verTambém.Fim}}

{{categorias|Catalão|Adjetivo|Pronome|Substantivo|Trissílabo|Oxítona|Entrada com etimologia|Século XIII|Entrada com pronúncia}}
{{categorias|Valenciano|Adjetivo|Pronome|Substantivo|Trissílabo|Oxítona|Entrada com etimologia|Entrada com pronúncia}}</text>
<sha1>84bl87vtfev7jkun34baq72q4obc625</sha1>
</revision>
<revision>
<id>2462651</id>
<parentid>2396748</parentid>
<timestamp>2017-11-24T09:48:31Z</timestamp>
<contributor>
<username>ValJor</username>
<id>1358</id>
</contributor>
<comment>Trocando escopo por escopo2</comment>
<model>wikitext</model>
<format>text/x-wiki</format>
<text bytes="3187" xml:space="preserve">={{-ca-}}=
==Adjetivo==
{{flex.ca|s=qualsevol|p=qualssevol|s-div=qual.se.{{grifar|vol}}|p-div=quals.se.{{grifar|vol}}}}
'''qual.se.{{grifar|vol}}''', {{gramática|c2g}}
# [[qualquer]]:
#* ''En '''qualsevol''' cas, una deficiència de l'hemoglobina disminueix la capacitat de transportar oxigen de la sang.'' &lt;small&gt;(Em qualquer caso, uma deficiência da hemoglobina diminui a capacidade de transportar oxigênio do sangue.)&lt;/small&gt;
# [[ordinário]], [[vulgar]]

===Sinônimos===
* De '''2''': [[vulgar#{{ca}}|vulgar]]

===Locuções e expressões===
* '''[[de qualsevol mal amèn Jesús]]''': {{escopo2|regionalismo, irônico}} do jeito que for, de qualquer maneira

==Pronome==
{{flex.ca|s=qualsevol|p=qualssevol|s-div=qual.se.{{grifar|vol}}|p-div=quals.se.{{grifar|vol}}}}
'''qual.se.{{grifar|vol}}''' ''indefinido''
# [[qualquer]] ([[um#Pronome|um]]):
#* ''La gira durà 18 mesos, més que '''qualsevol''' de les anteriors.'' &lt;small&gt;(A turnê durou 18 meses, mais do que qualquer uma das anteriores.)&lt;/small&gt;

===Locuções e expressões===
* '''[[i qualsevol]]''': et cetera, e outros

==Substantivo==
{{flex.ca|s=qualsevol|p=qualssevol|s-div=qual.se.{{grifar|vol}}|p-div=quals.se.{{grifar|vol}}}}
'''qual.se.{{grifar|vol}}''', {{gramática|c2g}}
# {{l.s.|qualquer}}, {{l.s.|ninguém}}, [[indivíduo]] sem [[importância]]
{{limpar}}

=={{etimologia|ca}}==
: {{escopo|Morfologia}} {{etimo|ca|qual}} + {{etimo|ca|se}} + {{etimo|la|vol}} (&quot;quem quer que&quot;).
:* '''Datação''': [[w:1295|1295]]

=={{pronúncia|ca}}==
===Catalão ocidental===
* [[AFI]]: {{AFI|/kwaɫ.se'βɔɫ/}}
* [[X-SAMPA]]: /kwa5.se&quot;BO5/
====Valenciano====
* [[AFI]]: {{AFI|/ku.an.se'βɔɫ/}}
* [[X-SAMPA]]: /ku.an.se&quot;BO5/
===Catalão oriental===
* [[AFI]]: {{AFI|/kwaɫ.sə.βɔɫ/}}
* [[X-SAMPA]]: /kwa5.s@&quot;BO5/
====Alguerês====
* [[AFI]]: {{AFI|/kwal.sa.vɔɫ/}}
* [[X-SAMPA]]: /kwal.sa&quot;vO5/
====Balear====
* [[AFI]]: {{AFI|/kwal.sə.vɔ̞ɫ/}}
* [[X-SAMPA]]: /kwal.s@&quot;vO_o5/
====Menorquino====
* [[AFI]]: {{AFI|/kwan.sə.vɔ̞ɫ/}}
* [[X-SAMPA]]: /kwan.s@&quot;vO_o5/

==Ver também==
===Referências===
{{verTambém.Ini}}
* [http://dcvb.iec.cat/ Diccionari català-valencià-balear (IEC) (em catalão)]
* [http://www.racv.es/diccionari/diccionario.html Diccionari Ortogràfic Valencià-Castellà, Castellà-Valencià (RACV) (em valenciano)]
* [http://ec.grec.net/cgi-bin/AppDLC3.exe?APP=CERCADLC&amp;GECART={{urlencode:{{PAGENAME}}}}{{#if:|{{#switch:{{{CE1}}}|à=%E0|è=%E8|é=%E9|í=%ED|ï=%EF|ò=%F2|ó=%F3|ú=%FA|ü=%FC|ç=%E7|·=%B7| =_|{{{CE1}}}}}}}{{#if:|{{{PAR2}}}}}{{#if:|{{#switch:{{{CE2}}}|  =_|à=%E0|è=%E8|é=%E9|í=%ED|ï=%EF|ò=%F2|ó=%F3|ú=%FA|ü=%FC|ç=%E7|·=%B7| =_|{{{CE2}}}}}}}{{#if:|{{{PAR3}}}}} ''{{PAGENAME}}'' no Gran Dicionario de la Llengua Catalana (GREC) (em catalão)]
{{verTambém.Fim}}

[[Categoria:Adjetivo (Catalão)]]
[[Categoria:Pronome (Catalão)]]
[[Categoria:Substantivo (Catalão)]]
[[Categoria:Trissílabo (Catalão)]]
[[Categoria:Oxítona (Catalão)]]
[[Categoria:Século XIII (Catalão)]]
[[Categoria:Adjetivo (Valenciano)]]
[[Categoria:Pronome (Valenciano)]]
[[Categoria:Substantivo (Valenciano)]]
[[Categoria:Trissílabo (Valenciano)]]
[[Categoria:Oxítona (Valenciano)]]</text>
<sha1>f4c69nfz566y4i980l8di4yxz9rp10f</sha1>
</revision>
<revision>
<id>2474392</id>
<parentid>2462651</parentid>
<timestamp>2018-01-04T20:16:07Z</timestamp>
<contributor>
<username>ValJor</username>
<id>1358</id>
</contributor>
<minor />
<comment>Eliminando [[qualssevol]] da lista de [[Especial:Lonelypages|órfãos]]</comment>
<model>wikitext</model>
<format>text/x-wiki</format>
<text bytes="3191" xml:space="preserve">={{-ca-}}=
==Adjetivo==
{{flex.ca|s=qualsevol|p=[[qualssevol]]|s-div=qual.se.{{grifar|vol}}|p-div=quals.se.{{grifar|vol}}}}
'''qual.se.{{grifar|vol}}''', {{gramática|c2g}}
# [[qualquer]]:
#* ''En '''qualsevol''' cas, una deficiència de l'hemoglobina disminueix la capacitat de transportar oxigen de la sang.'' &lt;small&gt;(Em qualquer caso, uma deficiência da hemoglobina diminui a capacidade de transportar oxigênio do sangue.)&lt;/small&gt;
# [[ordinário]], [[vulgar]]

===Sinônimos===
* De '''2''': [[vulgar#{{ca}}|vulgar]]

===Locuções e expressões===
* '''[[de qualsevol mal amèn Jesús]]''': {{escopo2|regionalismo, irônico}} do jeito que for, de qualquer maneira

==Pronome==
{{flex.ca|s=qualsevol|p=qualssevol|s-div=qual.se.{{grifar|vol}}|p-div=quals.se.{{grifar|vol}}}}
'''qual.se.{{grifar|vol}}''' ''indefinido''
# [[qualquer]] ([[um#Pronome|um]]):
#* ''La gira durà 18 mesos, més que '''qualsevol''' de les anteriors.'' &lt;small&gt;(A turnê durou 18 meses, mais do que qualquer uma das anteriores.)&lt;/small&gt;

===Locuções e expressões===
* '''[[i qualsevol]]''': et cetera, e outros

==Substantivo==
{{flex.ca|s=qualsevol|p=qualssevol|s-div=qual.se.{{grifar|vol}}|p-div=quals.se.{{grifar|vol}}}}
'''qual.se.{{grifar|vol}}''', {{gramática|c2g}}
# {{l.s.|qualquer}}, {{l.s.|ninguém}}, [[indivíduo]] sem [[importância]]
{{limpar}}

=={{etimologia|ca}}==
: {{escopo|Morfologia}} {{etimo|ca|qual}} + {{etimo|ca|se}} + {{etimo|la|vol}} (&quot;quem quer que&quot;).
:* '''Datação''': [[w:1295|1295]]

=={{pronúncia|ca}}==
===Catalão ocidental===
* [[AFI]]: {{AFI|/kwaɫ.se'βɔɫ/}}
* [[X-SAMPA]]: /kwa5.se&quot;BO5/
====Valenciano====
* [[AFI]]: {{AFI|/ku.an.se'βɔɫ/}}
* [[X-SAMPA]]: /ku.an.se&quot;BO5/
===Catalão oriental===
* [[AFI]]: {{AFI|/kwaɫ.sə.βɔɫ/}}
* [[X-SAMPA]]: /kwa5.s@&quot;BO5/
====Alguerês====
* [[AFI]]: {{AFI|/kwal.sa.vɔɫ/}}
* [[X-SAMPA]]: /kwal.sa&quot;vO5/
====Balear====
* [[AFI]]: {{AFI|/kwal.sə.vɔ̞ɫ/}}
* [[X-SAMPA]]: /kwal.s@&quot;vO_o5/
====Menorquino====
* [[AFI]]: {{AFI|/kwan.sə.vɔ̞ɫ/}}
* [[X-SAMPA]]: /kwan.s@&quot;vO_o5/

==Ver também==
===Referências===
{{verTambém.Ini}}
* [http://dcvb.iec.cat/ Diccionari català-valencià-balear (IEC) (em catalão)]
* [http://www.racv.es/diccionari/diccionario.html Diccionari Ortogràfic Valencià-Castellà, Castellà-Valencià (RACV) (em valenciano)]
* [http://ec.grec.net/cgi-bin/AppDLC3.exe?APP=CERCADLC&amp;GECART={{urlencode:{{PAGENAME}}}}{{#if:|{{#switch:{{{CE1}}}|à=%E0|è=%E8|é=%E9|í=%ED|ï=%EF|ò=%F2|ó=%F3|ú=%FA|ü=%FC|ç=%E7|·=%B7| =_|{{{CE1}}}}}}}{{#if:|{{{PAR2}}}}}{{#if:|{{#switch:{{{CE2}}}|  =_|à=%E0|è=%E8|é=%E9|í=%ED|ï=%EF|ò=%F2|ó=%F3|ú=%FA|ü=%FC|ç=%E7|·=%B7| =_|{{{CE2}}}}}}}{{#if:|{{{PAR3}}}}} ''{{PAGENAME}}'' no Gran Dicionario de la Llengua Catalana (GREC) (em catalão)]
{{verTambém.Fim}}

[[Categoria:Adjetivo (Catalão)]]
[[Categoria:Pronome (Catalão)]]
[[Categoria:Substantivo (Catalão)]]
[[Categoria:Trissílabo (Catalão)]]
[[Categoria:Oxítona (Catalão)]]
[[Categoria:Século XIII (Catalão)]]
[[Categoria:Adjetivo (Valenciano)]]
[[Categoria:Pronome (Valenciano)]]
[[Categoria:Substantivo (Valenciano)]]
[[Categoria:Trissílabo (Valenciano)]]
[[Categoria:Oxítona (Valenciano)]]</text>
<sha1>19ozmqcjwu7ir3l29m16yxx5hvtzdeg</sha1>
</revision>
</page>
