<title>qual</title>
<ns>0</ns>
<id>39678</id>
<revision>
<id>146618</id>
<timestamp>2006-07-29T21:42:08Z</timestamp>
<contributor>
<username>ValJor</username>
<id>1358</id>
</contributor>
<comment>Criação do verbete</comment>
<model>wikitext</model>
<format>text/x-wiki</format>
<text bytes="235" xml:space="preserve">{{ver também|Qual}}
=Português=
==Pronome==
'''qual''' (''plural'': '''quais''')
:# [[quem]], [[que]]
:#* ''qual foi o vencedor?''
:#* ''qual destas ferramentas devo usar?''
[[Categoria:Pronome (Português)]]

[[en:qual]]
[[fr:qual]]</text>
<sha1>fp8zfp6lskdhvgyu2bc2mie3bpb9qln</sha1>
</revision>
<revision>
<id>156225</id>
<parentid>146618</parentid>
<timestamp>2006-08-21T03:48:44Z</timestamp>
<contributor>
<username>RobotGMwikt</username>
<id>407</id>
</contributor>
<minor />
<comment>Bot:  Adicionando: fi, io Removendo: en</comment>
<model>wikitext</model>
<format>text/x-wiki</format>
<text bytes="247" xml:space="preserve">{{ver também|Qual}}
=Português=
==Pronome==
'''qual''' (''plural'': '''quais''')
:# [[quem]], [[que]]
:#* ''qual foi o vencedor?''
:#* ''qual destas ferramentas devo usar?''
[[Categoria:Pronome (Português)]]

[[fi:qual]]
[[fr:qual]]
[[io:qual]]</text>
<sha1>qavu8ewvagh1ohnwm97td26mtd0utvh</sha1>
</revision>
<revision>
<id>172666</id>
<parentid>156225</parentid>
<timestamp>2006-10-03T15:21:42Z</timestamp>
<contributor>
<username>LipeFontoura</username>
<id>1388</id>
</contributor>
<model>wikitext</model>
<format>text/x-wiki</format>
<text bytes="254" xml:space="preserve">{{ver também|Qual}}
= Português =
== Pronome ==
'''qual''' (''plural'': '''quais''')
# [[quem]], [[que]].
#: &quot;''qual foi o vencedor?''&quot;
#: &quot;''qual destas ferramentas devo usar?''&quot;

[[Categoria:Pronome (Português)]]

[[fi:qual]]
[[fr:qual]]
[[io:qual]]</text>
<sha1>3196u29mfrrltsb13358b4it6hgw74y</sha1>
</revision>
<revision>
<id>243222</id>
<parentid>172666</parentid>
<timestamp>2007-03-12T10:08:20Z</timestamp>
<contributor>
<username>RobotGMwikt</username>
<id>407</id>
</contributor>
<minor />
<comment>Bot:  Adicionando: [[en:qual]]</comment>
<model>wikitext</model>
<format>text/x-wiki</format>
<text bytes="266" xml:space="preserve">{{ver também|Qual}}
= Português =
== Pronome ==
'''qual''' (''plural'': '''quais''')
# [[quem]], [[que]].
#: &quot;''qual foi o vencedor?''&quot;
#: &quot;''qual destas ferramentas devo usar?''&quot;

[[Categoria:Pronome (Português)]]

[[en:qual]]
[[fi:qual]]
[[fr:qual]]
[[io:qual]]</text>
<sha1>d94kdlor9da3j7gvv484diwkf9apykh</sha1>
</revision>
<revision>
<id>317570</id>
<parentid>243222</parentid>
<timestamp>2007-12-20T18:23:28Z</timestamp>
<contributor>
<username>Santo</username>
<id>1992</id>
</contributor>
<model>wikitext</model>
<format>text/x-wiki</format>
<text bytes="939" xml:space="preserve">{{ver também|Qual}}
= Português =
== Pronome ==
'''qual''' (''plural'': '''quais''')
# [[quem]], [[que]].
#: &quot;''qual foi o vencedor?''&quot;
#: &quot;''qual destas ferramentas devo usar?''&quot;


{{tradini|[[Image:LuisdeCamoes4.jpg|10px]] [[camonismo|Camonismo]] [[Image:Os Lusíadas.jpg|10px]]}}
*** '''n ocorrências n'Os Lusíadas'''
* Na '''qual''' vos deu por armas e deixou     -    Os Lusíadas    I-7-7
* Que já se mostra '''qual''' na inteira idade,     -    Os Lusíadas    I-9-3
* E julgareis '''qual''' é mais excelente,     -    Os Lusíadas    I-10-7
* Pelo mar alto, a '''qual''' sujeitaria     -    Os Lusíadas    I-31-3
* E na língua, na '''qual''' quando imagina,    -    Os Lusíadas    I-33-7
* ... ... ... ... ... ... ... ... ... ... ... ...
* ... ... ... ... ... ... ... ... ... ... ... ...
{{tradfim}}


[[Categoria:Pronome (Português)]]
[[Categoria:Camonismo (Português)]]

[[en:qual]]
[[fi:qual]]
[[fr:qual]]
[[io:qual]]</text>
<sha1>amjyv8rz1urwzdzw89eyxh25dp30vt2</sha1>
</revision>
<revision>
<id>318822</id>
<parentid>317570</parentid>
<timestamp>2007-12-28T00:18:55Z</timestamp>
<contributor>
<username>ValJor</username>
<id>1358</id>
</contributor>
<comment>Por um [[Especial:Lonelypages|wikcionário sem órfãos]]!</comment>
<model>wikitext</model>
<format>text/x-wiki</format>
<text bytes="1935" xml:space="preserve">{{ver também|Qual}}
=Português=
==Pronome==
'''qual''' (''plural'': '''quais''')
# [[quem]], [[que]]
#* '''''qual''' foi o vencedor?''
#* '''''qual''' destas ferramentas devo usar?''
{{tradini|[[Image:LuisdeCamoes4.jpg|10px]] [[camonismo|Camonismo]] [[Image:Os Lusíadas.jpg|10px]]}}
*** '''n ocorrências n'Os Lusíadas'''
* Na '''qual''' vos deu por armas e deixou     -    Os Lusíadas    I-7-7
* Que já se mostra '''qual''' na inteira idade,     -    Os Lusíadas    I-9-3
* E julgareis '''qual''' é mais excelente,     -    Os Lusíadas    I-10-7
* Pelo mar alto, a '''qual''' sujeitaria     -    Os Lusíadas    I-31-3
* E na língua, na '''qual''' quando imagina,    -    Os Lusíadas    I-33-7
* ... ... ... ... ... ... ... ... ... ... ... ...
* ... ... ... ... ... ... ... ... ... ... ... ...
{{tradfim}}
===Tradução===
{{tradini}}
* {{trad|ay|kawki|kuna}}
* {{trad|de|welcher}}
* {{trad|ar|أي}}
* {{trad|arn|chuchi}}
* {{trad|br|pe|peseurt|pesort}}
* {{trad|zh|哪}}
* {{trad|ko|어느}}
* {{trad|sk|ktorý}}
* {{trad|es|qué|cuál}}
* {{trad|fi|joka|mikä}}
* {{trad|fr|quel|auquel}}
* {{trad|gl|cal}}
* {{trad|cy|pa}}
* {{trad|nl|welke}}
* {{trad|io|qua}}
{{tradmeio}}
* {{trad|id|yang}}
* {{trad|en|which}}
* {{trad|ga|cé}}
* {{trad|it|quale|che}}
* {{trad|la|qualis}}
* {{trad|no|hvilke}}
* {{trad|fa|كه}}
* {{trad|pl|który|jaki}}
* {{trad|qu|imata|ima}}
* {{trad|ro|care}}
* {{trad|ru|какой|который|как}}
* {{trad|sro|cali}}
* {{trad|sv|som}}
* {{trad|tr|hangi}}
* {{trad|val|qual}}
{{tradfim}}
{{-etimologia-}}
: Do latim ''quale''.
[[Categoria:Pronome (Português)]]
[[Categoria:Monossílabo (Português)]]
[[Categoria:Oxítona (Português)]]
[[Categoria:Vocábulo com etimologia (Português)]]
[[Categoria:Camonismo (Português)]]

=Valenciano=
==Pronome==
'''qual'''
# [[qual#Português|qual]]
[[Categoria:Pronome (Valenciano)]]

[[et:qual]]
[[en:qual]]
[[fr:qual]]
[[io:qual]]
[[fi:qual]]</text>
<sha1>2n9g2vb4j4ienhcblms6hv0f50ylhwp</sha1>
</revision>
<revision>
<id>431872</id>
<parentid>318822</parentid>
<timestamp>2009-03-09T22:38:32Z</timestamp>
<contributor>
<username>Pcu123456789</username>
<id>7422</id>
</contributor>
<comment>/* Pronome */ O pronome ''qual'' enfatiza a eleição entre umas possibilidades.</comment>
<model>wikitext</model>
<format>text/x-wiki</format>
<text bytes="2003" xml:space="preserve">{{ver também|Qual}}
=Português=
==Pronome==
'''qual''' (''plural'': '''quais''')
# [[quem]], [[que]]. O pronome ''qual'' enfatiza a eleição entre umas possibilidades.
#* '''''qual''' foi o vencedor?''
#* '''''qual''' destas ferramentas devo usar?''
{{tradini|[[Image:LuisdeCamoes4.jpg|10px]] [[camonismo|Camonismo]] [[Image:Os Lusíadas.jpg|10px]]}}
*** '''n ocorrências n'Os Lusíadas'''
* Na '''qual''' vos deu por armas e deixou     -    Os Lusíadas    I-7-7
* Que já se mostra '''qual''' na inteira idade,     -    Os Lusíadas    I-9-3
* E julgareis '''qual''' é mais excelente,     -    Os Lusíadas    I-10-7
* Pelo mar alto, a '''qual''' sujeitaria     -    Os Lusíadas    I-31-3
* E na língua, na '''qual''' quando imagina,    -    Os Lusíadas    I-33-7
* ... ... ... ... ... ... ... ... ... ... ... ...
* ... ... ... ... ... ... ... ... ... ... ... ...
{{tradfim}}
===Tradução===
{{tradini}}
* {{trad|ay|kawki|kuna}}
* {{trad|de|welcher}}
* {{trad|ar|أي}}
* {{trad|arn|chuchi}}
* {{trad|br|pe|peseurt|pesort}}
* {{trad|zh|哪}}
* {{trad|ko|어느}}
* {{trad|sk|ktorý}}
* {{trad|es|qué|cuál}}
* {{trad|fi|joka|mikä}}
* {{trad|fr|quel|auquel}}
* {{trad|gl|cal}}
* {{trad|cy|pa}}
* {{trad|nl|welke}}
* {{trad|io|qua}}
{{tradmeio}}
* {{trad|id|yang}}
* {{trad|en|which}}
* {{trad|ga|cé}}
* {{trad|it|quale|che}}
* {{trad|la|qualis}}
* {{trad|no|hvilke}}
* {{trad|fa|كه}}
* {{trad|pl|który|jaki}}
* {{trad|qu|imata|ima}}
* {{trad|ro|care}}
* {{trad|ru|какой|который|как}}
* {{trad|sro|cali}}
* {{trad|sv|som}}
* {{trad|tr|hangi}}
* {{trad|val|qual}}
{{tradfim}}
{{-etimologia-}}
: Do latim ''quale''.
[[Categoria:Pronome (Português)]]
[[Categoria:Monossílabo (Português)]]
[[Categoria:Oxítona (Português)]]
[[Categoria:Vocábulo com etimologia (Português)]]
[[Categoria:Camonismo (Português)]]

=Valenciano=
==Pronome==
'''qual'''
# [[qual#Português|qual]]
[[Categoria:Pronome (Valenciano)]]

[[et:qual]]
[[en:qual]]
[[fr:qual]]
[[io:qual]]
[[fi:qual]]</text>
<sha1>2e72syj7292o1f2bk3xqjl7buxbr2cm</sha1>
</revision>
<revision>
<id>602607</id>
<parentid>431872</parentid>
<timestamp>2009-11-08T19:00:57Z</timestamp>
<contributor>
<username>MalafayaBot</username>
<id>628</id>
</contributor>
<minor />
<comment>Usando predefinição</comment>
<model>wikitext</model>
<format>text/x-wiki</format>
<text bytes="1869" xml:space="preserve">{{ver também|Qual}}
=Português=
==Pronome==
'''qual''' (''plural'': '''quais''')
# [[quem]], [[que]]. O pronome ''qual'' enfatiza a eleição entre umas possibilidades.
#* '''''qual''' foi o vencedor?''
#* '''''qual''' destas ferramentas devo usar?''
{{camonismo|
*** '''n ocorrências n'Os Lusíadas'''
* Na '''qual''' vos deu por armas e deixou     -    Os Lusíadas    I-7-7
* Que já se mostra '''qual''' na inteira idade,     -    Os Lusíadas    I-9-3
* E julgareis '''qual''' é mais excelente,     -    Os Lusíadas    I-10-7
* Pelo mar alto, a '''qual''' sujeitaria     -    Os Lusíadas    I-31-3
* E na língua, na '''qual''' quando imagina,    -    Os Lusíadas    I-33-7
* ... ... ... ... ... ... ... ... ... ... ... ...
* ... ... ... ... ... ... ... ... ... ... ... ...
}}
===Tradução===
{{tradini}}
* {{trad|ay|kawki|kuna}}
* {{trad|de|welcher}}
* {{trad|ar|أي}}
* {{trad|arn|chuchi}}
* {{trad|br|pe|peseurt|pesort}}
* {{trad|zh|哪}}
* {{trad|ko|어느}}
* {{trad|sk|ktorý}}
* {{trad|es|qué|cuál}}
* {{trad|fi|joka|mikä}}
* {{trad|fr|quel|auquel}}
* {{trad|gl|cal}}
* {{trad|cy|pa}}
* {{trad|nl|welke}}
* {{trad|io|qua}}
{{tradmeio}}
* {{trad|id|yang}}
* {{trad|en|which}}
* {{trad|ga|cé}}
* {{trad|it|quale|che}}
* {{trad|la|qualis}}
* {{trad|no|hvilke}}
* {{trad|fa|كه}}
* {{trad|pl|który|jaki}}
* {{trad|qu|imata|ima}}
* {{trad|ro|care}}
* {{trad|ru|какой|который|как}}
* {{trad|sro|cali}}
* {{trad|sv|som}}
* {{trad|tr|hangi}}
* {{trad|val|qual}}
{{tradfim}}
{{-etimologia-}}
: Do latim ''quale''.
[[Categoria:Pronome (Português)]]
[[Categoria:Monossílabo (Português)]]
[[Categoria:Oxítona (Português)]]
[[Categoria:Vocábulo com etimologia (Português)]]

=Valenciano=
==Pronome==
'''qual'''
# [[qual#Português|qual]]
[[Categoria:Pronome (Valenciano)]]

[[et:qual]]
[[en:qual]]
[[fr:qual]]
[[io:qual]]
[[fi:qual]]</text>
<sha1>47vl2hkyy1dez0hfbzahf5xighusrlk</sha1>
</revision>
<revision>
<id>608689</id>
<parentid>602607</parentid>
<timestamp>2009-11-12T01:40:34Z</timestamp>
<contributor>
<username>Jesielt-bot</username>
<id>10876</id>
</contributor>
<comment>, Replaced: {{-etimologia-}} → =={{etimologia}}==, utilizando [[Project:AutoWikiBrowser|AWB]]</comment>
<model>wikitext</model>
<format>text/x-wiki</format>
<text bytes="1871" xml:space="preserve">{{ver também|Qual}}
=Português=
==Pronome==
'''qual''' (''plural'': '''quais''')
# [[quem]], [[que]]. O pronome ''qual'' enfatiza a eleição entre umas possibilidades.
#* '''''qual''' foi o vencedor?''
#* '''''qual''' destas ferramentas devo usar?''
{{camonismo|
*** '''n ocorrências n'Os Lusíadas'''
* Na '''qual''' vos deu por armas e deixou     -    Os Lusíadas    I-7-7
* Que já se mostra '''qual''' na inteira idade,     -    Os Lusíadas    I-9-3
* E julgareis '''qual''' é mais excelente,     -    Os Lusíadas    I-10-7
* Pelo mar alto, a '''qual''' sujeitaria     -    Os Lusíadas    I-31-3
* E na língua, na '''qual''' quando imagina,    -    Os Lusíadas    I-33-7
* ... ... ... ... ... ... ... ... ... ... ... ...
* ... ... ... ... ... ... ... ... ... ... ... ...
}}
===Tradução===
{{tradini}}
* {{trad|ay|kawki|kuna}}
* {{trad|de|welcher}}
* {{trad|ar|أي}}
* {{trad|arn|chuchi}}
* {{trad|br|pe|peseurt|pesort}}
* {{trad|zh|哪}}
* {{trad|ko|어느}}
* {{trad|sk|ktorý}}
* {{trad|es|qué|cuál}}
* {{trad|fi|joka|mikä}}
* {{trad|fr|quel|auquel}}
* {{trad|gl|cal}}
* {{trad|cy|pa}}
* {{trad|nl|welke}}
* {{trad|io|qua}}
{{tradmeio}}
* {{trad|id|yang}}
* {{trad|en|which}}
* {{trad|ga|cé}}
* {{trad|it|quale|che}}
* {{trad|la|qualis}}
* {{trad|no|hvilke}}
* {{trad|fa|كه}}
* {{trad|pl|który|jaki}}
* {{trad|qu|imata|ima}}
* {{trad|ro|care}}
* {{trad|ru|какой|который|как}}
* {{trad|sro|cali}}
* {{trad|sv|som}}
* {{trad|tr|hangi}}
* {{trad|val|qual}}
{{tradfim}}
=={{etimologia}}==
: Do latim ''quale''.
[[Categoria:Pronome (Português)]]
[[Categoria:Monossílabo (Português)]]
[[Categoria:Oxítona (Português)]]
[[Categoria:Vocábulo com etimologia (Português)]]

=Valenciano=
==Pronome==
'''qual'''
# [[qual#Português|qual]]
[[Categoria:Pronome (Valenciano)]]

[[et:qual]]
[[en:qual]]
[[fr:qual]]
[[io:qual]]
[[fi:qual]]</text>
<sha1>6o83hu0xvqknuixnv3ngboceed632nd</sha1>
</revision>
<revision>
<id>758979</id>
<parentid>608689</parentid>
<timestamp>2010-02-08T09:39:27Z</timestamp>
<contributor>
<username>ValJor</username>
<id>1358</id>
</contributor>
<comment>Por um [[Especial:Lonelypages|wikcionário sem órfãos]]!</comment>
<model>wikitext</model>
<format>text/x-wiki</format>
<text bytes="1251" xml:space="preserve">{{ver também|Qual}}
=Português=
==Pronome==
{{oxítona|qual}} (''plural'': '''quais''')
# [[quem]], [[que]]; o pronome ''qual'' enfatiza a eleição entre várias possibilidades
#* '''''Qual''' foi o vencedor?''
#* '''''Qual''' destas ferramentas devo usar?''

===Tradução===
{{tradini}}
* {{trad|ay|kawki|kuna}}
* {{trad|de|welcher}}
* {{trad|ar|أي}}
* {{trad|arn|chuchi}}
* {{trad|br|pe|peseurt|pesort}}
* {{trad|zh|哪}}
* {{trad|ko|어느}}
* {{trad|sk|ktorý}}
* {{trad|es|qué|cuál}}
* {{trad|fi|joka|mikä}}
* {{trad|fr|quel|auquel}}
* {{trad|gl|cal}}
* {{trad|cy|pa}}
* {{trad|nl|welke}}
* {{trad|io|qua}}
* {{trad|id|yang}}
{{tradmeio}}
* {{trad|en|which}}
* {{trad|ga|cé}}
* {{trad|it|quale|che}}
* {{trad|la|qualis}}
* {{trad|no|hvilke}}
* {{trad|fa|كه}}
* {{trad|pl|który|jaki}}
* {{trad|qu|imata|ima}}
* {{trad|ro|care}}
* {{trad|ru|какой|который|как}}
* {{trad|sro|cali}}
* {{trad|sv|som}}
* {{trad|th|ฤๅ}} (reu)
* {{trad|tr|hangi}}
* {{trad|val|qual}}
{{tradfim}}

=={{etimologia|pt}}==
: Do latim ''quale''.

[[Categoria:Pronome (Português)]]


=Valenciano=
==Pronome==
'''qual'''
# [[qual#Português|qual]]

[[Categoria:Pronome (Valenciano)]]

[[et:qual]]
[[en:qual]]
[[fr:qual]]
[[io:qual]]
[[fi:qual]]</text>
<sha1>r1dhn7llk2p5p3kxpkf04zaw01fbdfo</sha1>
</revision>
<revision>
<id>837508</id>
<parentid>758979</parentid>
<timestamp>2010-03-26T17:45:14Z</timestamp>
<contributor>
<username>Interwicket</username>
<id>6868</id>
</contributor>
<minor />
<comment>iwiki +[[:oc:qual]]</comment>
<model>wikitext</model>
<format>text/x-wiki</format>
<text bytes="1263" xml:space="preserve">{{ver também|Qual}}
=Português=
==Pronome==
{{oxítona|qual}} (''plural'': '''quais''')
# [[quem]], [[que]]; o pronome ''qual'' enfatiza a eleição entre várias possibilidades
#* '''''Qual''' foi o vencedor?''
#* '''''Qual''' destas ferramentas devo usar?''

===Tradução===
{{tradini}}
* {{trad|ay|kawki|kuna}}
* {{trad|de|welcher}}
* {{trad|ar|أي}}
* {{trad|arn|chuchi}}
* {{trad|br|pe|peseurt|pesort}}
* {{trad|zh|哪}}
* {{trad|ko|어느}}
* {{trad|sk|ktorý}}
* {{trad|es|qué|cuál}}
* {{trad|fi|joka|mikä}}
* {{trad|fr|quel|auquel}}
* {{trad|gl|cal}}
* {{trad|cy|pa}}
* {{trad|nl|welke}}
* {{trad|io|qua}}
* {{trad|id|yang}}
{{tradmeio}}
* {{trad|en|which}}
* {{trad|ga|cé}}
* {{trad|it|quale|che}}
* {{trad|la|qualis}}
* {{trad|no|hvilke}}
* {{trad|fa|كه}}
* {{trad|pl|który|jaki}}
* {{trad|qu|imata|ima}}
* {{trad|ro|care}}
* {{trad|ru|какой|который|как}}
* {{trad|sro|cali}}
* {{trad|sv|som}}
* {{trad|th|ฤๅ}} (reu)
* {{trad|tr|hangi}}
* {{trad|val|qual}}
{{tradfim}}

=={{etimologia|pt}}==
: Do latim ''quale''.

[[Categoria:Pronome (Português)]]


=Valenciano=
==Pronome==
'''qual'''
# [[qual#Português|qual]]

[[Categoria:Pronome (Valenciano)]]

[[en:qual]]
[[et:qual]]
[[fi:qual]]
[[fr:qual]]
[[io:qual]]
[[oc:qual]]</text>
<sha1>pubrta1kzpcpsogoxssv63i04l8p33g</sha1>
</revision>
<revision>
<id>862877</id>
<parentid>837508</parentid>
<timestamp>2010-04-27T18:29:51Z</timestamp>
<contributor>
<username>Interwicket</username>
<id>6868</id>
</contributor>
<minor />
<comment>iwiki +[[:el:qual]]</comment>
<model>wikitext</model>
<format>text/x-wiki</format>
<text bytes="1275" xml:space="preserve">{{ver também|Qual}}
=Português=
==Pronome==
{{oxítona|qual}} (''plural'': '''quais''')
# [[quem]], [[que]]; o pronome ''qual'' enfatiza a eleição entre várias possibilidades
#* '''''Qual''' foi o vencedor?''
#* '''''Qual''' destas ferramentas devo usar?''

===Tradução===
{{tradini}}
* {{trad|ay|kawki|kuna}}
* {{trad|de|welcher}}
* {{trad|ar|أي}}
* {{trad|arn|chuchi}}
* {{trad|br|pe|peseurt|pesort}}
* {{trad|zh|哪}}
* {{trad|ko|어느}}
* {{trad|sk|ktorý}}
* {{trad|es|qué|cuál}}
* {{trad|fi|joka|mikä}}
* {{trad|fr|quel|auquel}}
* {{trad|gl|cal}}
* {{trad|cy|pa}}
* {{trad|nl|welke}}
* {{trad|io|qua}}
* {{trad|id|yang}}
{{tradmeio}}
* {{trad|en|which}}
* {{trad|ga|cé}}
* {{trad|it|quale|che}}
* {{trad|la|qualis}}
* {{trad|no|hvilke}}
* {{trad|fa|كه}}
* {{trad|pl|który|jaki}}
* {{trad|qu|imata|ima}}
* {{trad|ro|care}}
* {{trad|ru|какой|который|как}}
* {{trad|sro|cali}}
* {{trad|sv|som}}
* {{trad|th|ฤๅ}} (reu)
* {{trad|tr|hangi}}
* {{trad|val|qual}}
{{tradfim}}

=={{etimologia|pt}}==
: Do latim ''quale''.

[[Categoria:Pronome (Português)]]


=Valenciano=
==Pronome==
'''qual'''
# [[qual#Português|qual]]

[[Categoria:Pronome (Valenciano)]]

[[el:qual]]
[[en:qual]]
[[et:qual]]
[[fi:qual]]
[[fr:qual]]
[[io:qual]]
[[oc:qual]]</text>
<sha1>k1ztos1m3fo7sirx0m764gjey9icxdb</sha1>
</revision>
<revision>
<id>1014116</id>
<parentid>862877</parentid>
<timestamp>2011-01-24T05:31:30Z</timestamp>
<contributor>
<username>Luckas-bot</username>
<id>5986</id>
</contributor>
<minor />
<comment>r2.6.2) (Bot: Adicionando: [[zh:qual]]</comment>
<model>wikitext</model>
<format>text/x-wiki</format>
<text bytes="1287" xml:space="preserve">{{ver também|Qual}}
=Português=
==Pronome==
{{oxítona|qual}} (''plural'': '''quais''')
# [[quem]], [[que]]; o pronome ''qual'' enfatiza a eleição entre várias possibilidades
#* '''''Qual''' foi o vencedor?''
#* '''''Qual''' destas ferramentas devo usar?''

===Tradução===
{{tradini}}
* {{trad|ay|kawki|kuna}}
* {{trad|de|welcher}}
* {{trad|ar|أي}}
* {{trad|arn|chuchi}}
* {{trad|br|pe|peseurt|pesort}}
* {{trad|zh|哪}}
* {{trad|ko|어느}}
* {{trad|sk|ktorý}}
* {{trad|es|qué|cuál}}
* {{trad|fi|joka|mikä}}
* {{trad|fr|quel|auquel}}
* {{trad|gl|cal}}
* {{trad|cy|pa}}
* {{trad|nl|welke}}
* {{trad|io|qua}}
* {{trad|id|yang}}
{{tradmeio}}
* {{trad|en|which}}
* {{trad|ga|cé}}
* {{trad|it|quale|che}}
* {{trad|la|qualis}}
* {{trad|no|hvilke}}
* {{trad|fa|كه}}
* {{trad|pl|który|jaki}}
* {{trad|qu|imata|ima}}
* {{trad|ro|care}}
* {{trad|ru|какой|который|как}}
* {{trad|sro|cali}}
* {{trad|sv|som}}
* {{trad|th|ฤๅ}} (reu)
* {{trad|tr|hangi}}
* {{trad|val|qual}}
{{tradfim}}

=={{etimologia|pt}}==
: Do latim ''quale''.

[[Categoria:Pronome (Português)]]


=Valenciano=
==Pronome==
'''qual'''
# [[qual#Português|qual]]

[[Categoria:Pronome (Valenciano)]]

[[el:qual]]
[[en:qual]]
[[et:qual]]
[[fi:qual]]
[[fr:qual]]
[[io:qual]]
[[oc:qual]]
[[zh:qual]]</text>
<sha1>nlx4h5h189zs27twq2mfzvcqxcdatma</sha1>
</revision>
<revision>
<id>1203393</id>
<parentid>1014116</parentid>
<timestamp>2011-07-09T17:32:55Z</timestamp>
<contributor>
<username>MalafayaBot</username>
<id>628</id>
</contributor>
<minor />
<comment>Robô: Substituição de texto automática (-^\=\s?Português\s?\= +={{-pt-}}= &amp; -^\=\s?\{\{pt\}\}\s?\= +={{-pt-}}=)</comment>
<model>wikitext</model>
<format>text/x-wiki</format>
<text bytes="1285" xml:space="preserve">{{ver também|Qual}}
={{-pt-}}=
==Pronome==
{{oxítona|qual}} (''plural'': '''quais''')
# [[quem]], [[que]]; o pronome ''qual'' enfatiza a eleição entre várias possibilidades
#* '''''Qual''' foi o vencedor?''
#* '''''Qual''' destas ferramentas devo usar?''

===Tradução===
{{tradini}}
* {{trad|ay|kawki|kuna}}
* {{trad|de|welcher}}
* {{trad|ar|أي}}
* {{trad|arn|chuchi}}
* {{trad|br|pe|peseurt|pesort}}
* {{trad|zh|哪}}
* {{trad|ko|어느}}
* {{trad|sk|ktorý}}
* {{trad|es|qué|cuál}}
* {{trad|fi|joka|mikä}}
* {{trad|fr|quel|auquel}}
* {{trad|gl|cal}}
* {{trad|cy|pa}}
* {{trad|nl|welke}}
* {{trad|io|qua}}
* {{trad|id|yang}}
{{tradmeio}}
* {{trad|en|which}}
* {{trad|ga|cé}}
* {{trad|it|quale|che}}
* {{trad|la|qualis}}
* {{trad|no|hvilke}}
* {{trad|fa|كه}}
* {{trad|pl|który|jaki}}
* {{trad|qu|imata|ima}}
* {{trad|ro|care}}
* {{trad|ru|какой|который|как}}
* {{trad|sro|cali}}
* {{trad|sv|som}}
* {{trad|th|ฤๅ}} (reu)
* {{trad|tr|hangi}}
* {{trad|val|qual}}
{{tradfim}}

=={{etimologia|pt}}==
: Do latim ''quale''.

[[Categoria:Pronome (Português)]]


=Valenciano=
==Pronome==
'''qual'''
# [[qual#Português|qual]]

[[Categoria:Pronome (Valenciano)]]

[[el:qual]]
[[en:qual]]
[[et:qual]]
[[fi:qual]]
[[fr:qual]]
[[io:qual]]
[[oc:qual]]
[[zh:qual]]</text>
<sha1>gj2dck76lws3j8zo3y5p96kz9az91ur</sha1>
</revision>
<revision>
<id>1334250</id>
<parentid>1203393</parentid>
<timestamp>2011-12-14T18:28:52Z</timestamp>
<contributor>
<username>MalafayaBot</username>
<id>628</id>
</contributor>
<minor />
<comment>Robô: Substituição de texto automática  (-^\=(\s*?)(\{\{val\}\}|Valenciano)(\s*?)\= +={{-val-}}=)</comment>
<model>wikitext</model>
<format>text/x-wiki</format>
<text bytes="1284" xml:space="preserve">{{ver também|Qual}}
={{-pt-}}=
==Pronome==
{{oxítona|qual}} (''plural'': '''quais''')
# [[quem]], [[que]]; o pronome ''qual'' enfatiza a eleição entre várias possibilidades
#* '''''Qual''' foi o vencedor?''
#* '''''Qual''' destas ferramentas devo usar?''

===Tradução===
{{tradini}}
* {{trad|ay|kawki|kuna}}
* {{trad|de|welcher}}
* {{trad|ar|أي}}
* {{trad|arn|chuchi}}
* {{trad|br|pe|peseurt|pesort}}
* {{trad|zh|哪}}
* {{trad|ko|어느}}
* {{trad|sk|ktorý}}
* {{trad|es|qué|cuál}}
* {{trad|fi|joka|mikä}}
* {{trad|fr|quel|auquel}}
* {{trad|gl|cal}}
* {{trad|cy|pa}}
* {{trad|nl|welke}}
* {{trad|io|qua}}
* {{trad|id|yang}}
{{tradmeio}}
* {{trad|en|which}}
* {{trad|ga|cé}}
* {{trad|it|quale|che}}
* {{trad|la|qualis}}
* {{trad|no|hvilke}}
* {{trad|fa|كه}}
* {{trad|pl|który|jaki}}
* {{trad|qu|imata|ima}}
* {{trad|ro|care}}
* {{trad|ru|какой|который|как}}
* {{trad|sro|cali}}
* {{trad|sv|som}}
* {{trad|th|ฤๅ}} (reu)
* {{trad|tr|hangi}}
* {{trad|val|qual}}
{{tradfim}}

=={{etimologia|pt}}==
: Do latim ''quale''.

[[Categoria:Pronome (Português)]]


={{-val-}}=
==Pronome==
'''qual'''
# [[qual#Português|qual]]

[[Categoria:Pronome (Valenciano)]]

[[el:qual]]
[[en:qual]]
[[et:qual]]
[[fi:qual]]
[[fr:qual]]
[[io:qual]]
[[oc:qual]]
[[zh:qual]]</text>
<sha1>6x40a23h045sbep355x4grbuoa7at8o</sha1>
</revision>
<revision>
<id>1716781</id>
<parentid>1334250</parentid>
<timestamp>2013-08-22T09:58:43Z</timestamp>
<contributor>
<username>HydrizBot</username>
<id>29590</id>
</contributor>
<minor />
<comment>r2.7.3) (Robô: A adicionar: [[chr:qual]], [[mg:qual]]</comment>
<model>wikitext</model>
<format>text/x-wiki</format>
<text bytes="1309" xml:space="preserve">{{ver também|Qual}}
={{-pt-}}=
==Pronome==
{{oxítona|qual}} (''plural'': '''quais''')
# [[quem]], [[que]]; o pronome ''qual'' enfatiza a eleição entre várias possibilidades
#* '''''Qual''' foi o vencedor?''
#* '''''Qual''' destas ferramentas devo usar?''

===Tradução===
{{tradini}}
* {{trad|ay|kawki|kuna}}
* {{trad|de|welcher}}
* {{trad|ar|أي}}
* {{trad|arn|chuchi}}
* {{trad|br|pe|peseurt|pesort}}
* {{trad|zh|哪}}
* {{trad|ko|어느}}
* {{trad|sk|ktorý}}
* {{trad|es|qué|cuál}}
* {{trad|fi|joka|mikä}}
* {{trad|fr|quel|auquel}}
* {{trad|gl|cal}}
* {{trad|cy|pa}}
* {{trad|nl|welke}}
* {{trad|io|qua}}
* {{trad|id|yang}}
{{tradmeio}}
* {{trad|en|which}}
* {{trad|ga|cé}}
* {{trad|it|quale|che}}
* {{trad|la|qualis}}
* {{trad|no|hvilke}}
* {{trad|fa|كه}}
* {{trad|pl|który|jaki}}
* {{trad|qu|imata|ima}}
* {{trad|ro|care}}
* {{trad|ru|какой|который|как}}
* {{trad|sro|cali}}
* {{trad|sv|som}}
* {{trad|th|ฤๅ}} (reu)
* {{trad|tr|hangi}}
* {{trad|val|qual}}
{{tradfim}}

=={{etimologia|pt}}==
: Do latim ''quale''.

[[Categoria:Pronome (Português)]]


={{-val-}}=
==Pronome==
'''qual'''
# [[qual#Português|qual]]

[[Categoria:Pronome (Valenciano)]]

[[chr:qual]]
[[el:qual]]
[[en:qual]]
[[et:qual]]
[[fi:qual]]
[[fr:qual]]
[[io:qual]]
[[mg:qual]]
[[oc:qual]]
[[zh:qual]]</text>
<sha1>7ygzmz2p8qk2wda8r2ap920uz3ncjow</sha1>
</revision>
<revision>
<id>1995169</id>
<parentid>1716781</parentid>
<timestamp>2015-09-03T04:47:34Z</timestamp>
<contributor>
<username>HydrizBot</username>
<id>29590</id>
</contributor>
<minor />
<comment>Robô: A adicionar: [[pl:qual]]</comment>
<model>wikitext</model>
<format>text/x-wiki</format>
<text bytes="1321" xml:space="preserve">{{ver também|Qual}}
={{-pt-}}=
==Pronome==
{{oxítona|qual}} (''plural'': '''quais''')
# [[quem]], [[que]]; o pronome ''qual'' enfatiza a eleição entre várias possibilidades
#* '''''Qual''' foi o vencedor?''
#* '''''Qual''' destas ferramentas devo usar?''

===Tradução===
{{tradini}}
* {{trad|ay|kawki|kuna}}
* {{trad|de|welcher}}
* {{trad|ar|أي}}
* {{trad|arn|chuchi}}
* {{trad|br|pe|peseurt|pesort}}
* {{trad|zh|哪}}
* {{trad|ko|어느}}
* {{trad|sk|ktorý}}
* {{trad|es|qué|cuál}}
* {{trad|fi|joka|mikä}}
* {{trad|fr|quel|auquel}}
* {{trad|gl|cal}}
* {{trad|cy|pa}}
* {{trad|nl|welke}}
* {{trad|io|qua}}
* {{trad|id|yang}}
{{tradmeio}}
* {{trad|en|which}}
* {{trad|ga|cé}}
* {{trad|it|quale|che}}
* {{trad|la|qualis}}
* {{trad|no|hvilke}}
* {{trad|fa|كه}}
* {{trad|pl|który|jaki}}
* {{trad|qu|imata|ima}}
* {{trad|ro|care}}
* {{trad|ru|какой|который|как}}
* {{trad|sro|cali}}
* {{trad|sv|som}}
* {{trad|th|ฤๅ}} (reu)
* {{trad|tr|hangi}}
* {{trad|val|qual}}
{{tradfim}}

=={{etimologia|pt}}==
: Do latim ''quale''.

[[Categoria:Pronome (Português)]]


={{-val-}}=
==Pronome==
'''qual'''
# [[qual#Português|qual]]

[[Categoria:Pronome (Valenciano)]]

[[chr:qual]]
[[el:qual]]
[[en:qual]]
[[et:qual]]
[[fi:qual]]
[[fr:qual]]
[[io:qual]]
[[mg:qual]]
[[oc:qual]]
[[pl:qual]]
[[zh:qual]]</text>
<sha1>5dms5yuiyr511scjgpzasuge8sg7635</sha1>
</revision>
<revision>
<id>2022339</id>
<parentid>1995169</parentid>
<timestamp>2015-10-24T10:52:21Z</timestamp>
<contributor>
<username>HydrizBot</username>
<id>29590</id>
</contributor>
<minor />
<comment>Robô: A adicionar: [[es:qual]]</comment>
<model>wikitext</model>
<format>text/x-wiki</format>
<text bytes="1333" xml:space="preserve">{{ver também|Qual}}
={{-pt-}}=
==Pronome==
{{oxítona|qual}} (''plural'': '''quais''')
# [[quem]], [[que]]; o pronome ''qual'' enfatiza a eleição entre várias possibilidades
#* '''''Qual''' foi o vencedor?''
#* '''''Qual''' destas ferramentas devo usar?''

===Tradução===
{{tradini}}
* {{trad|ay|kawki|kuna}}
* {{trad|de|welcher}}
* {{trad|ar|أي}}
* {{trad|arn|chuchi}}
* {{trad|br|pe|peseurt|pesort}}
* {{trad|zh|哪}}
* {{trad|ko|어느}}
* {{trad|sk|ktorý}}
* {{trad|es|qué|cuál}}
* {{trad|fi|joka|mikä}}
* {{trad|fr|quel|auquel}}
* {{trad|gl|cal}}
* {{trad|cy|pa}}
* {{trad|nl|welke}}
* {{trad|io|qua}}
* {{trad|id|yang}}
{{tradmeio}}
* {{trad|en|which}}
* {{trad|ga|cé}}
* {{trad|it|quale|che}}
* {{trad|la|qualis}}
* {{trad|no|hvilke}}
* {{trad|fa|كه}}
* {{trad|pl|który|jaki}}
* {{trad|qu|imata|ima}}
* {{trad|ro|care}}
* {{trad|ru|какой|который|как}}
* {{trad|sro|cali}}
* {{trad|sv|som}}
* {{trad|th|ฤๅ}} (reu)
* {{trad|tr|hangi}}
* {{trad|val|qual}}
{{tradfim}}

=={{etimologia|pt}}==
: Do latim ''quale''.

[[Categoria:Pronome (Português)]]


={{-val-}}=
==Pronome==
'''qual'''
# [[qual#Português|qual]]

[[Categoria:Pronome (Valenciano)]]

[[chr:qual]]
[[el:qual]]
[[en:qual]]
[[es:qual]]
[[et:qual]]
[[fi:qual]]
[[fr:qual]]
[[io:qual]]
[[mg:qual]]
[[oc:qual]]
[[pl:qual]]
[[zh:qual]]</text>
<sha1>3k27b8tf1eas23d1jryoddu6t83z6ru</sha1>
</revision>
<revision>
<id>2143922</id>
<parentid>2022339</parentid>
<timestamp>2016-06-15T14:42:11Z</timestamp>
<contributor>
<username>HydrizBot</username>
<id>29590</id>
</contributor>
<minor />
<comment>Robô: A adicionar: [[az:qual]]</comment>
<model>wikitext</model>
<format>text/x-wiki</format>
<text bytes="1345" xml:space="preserve">{{ver também|Qual}}
={{-pt-}}=
==Pronome==
{{oxítona|qual}} (''plural'': '''quais''')
# [[quem]], [[que]]; o pronome ''qual'' enfatiza a eleição entre várias possibilidades
#* '''''Qual''' foi o vencedor?''
#* '''''Qual''' destas ferramentas devo usar?''

===Tradução===
{{tradini}}
* {{trad|ay|kawki|kuna}}
* {{trad|de|welcher}}
* {{trad|ar|أي}}
* {{trad|arn|chuchi}}
* {{trad|br|pe|peseurt|pesort}}
* {{trad|zh|哪}}
* {{trad|ko|어느}}
* {{trad|sk|ktorý}}
* {{trad|es|qué|cuál}}
* {{trad|fi|joka|mikä}}
* {{trad|fr|quel|auquel}}
* {{trad|gl|cal}}
* {{trad|cy|pa}}
* {{trad|nl|welke}}
* {{trad|io|qua}}
* {{trad|id|yang}}
{{tradmeio}}
* {{trad|en|which}}
* {{trad|ga|cé}}
* {{trad|it|quale|che}}
* {{trad|la|qualis}}
* {{trad|no|hvilke}}
* {{trad|fa|كه}}
* {{trad|pl|który|jaki}}
* {{trad|qu|imata|ima}}
* {{trad|ro|care}}
* {{trad|ru|какой|который|как}}
* {{trad|sro|cali}}
* {{trad|sv|som}}
* {{trad|th|ฤๅ}} (reu)
* {{trad|tr|hangi}}
* {{trad|val|qual}}
{{tradfim}}

=={{etimologia|pt}}==
: Do latim ''quale''.

[[Categoria:Pronome (Português)]]


={{-val-}}=
==Pronome==
'''qual'''
# [[qual#Português|qual]]

[[Categoria:Pronome (Valenciano)]]

[[az:qual]]
[[chr:qual]]
[[el:qual]]
[[en:qual]]
[[es:qual]]
[[et:qual]]
[[fi:qual]]
[[fr:qual]]
[[io:qual]]
[[mg:qual]]
[[oc:qual]]
[[pl:qual]]
[[zh:qual]]</text>
<sha1>egg1vh4rvvi754cvjaorffqyhdq8zgb</sha1>
</revision>
<revision>
<id>2396733</id>
<parentid>2143922</parentid>
<timestamp>2017-05-13T10:59:24Z</timestamp>
<contributor>
<username>HydrizBot</username>
<id>29590</id>
</contributor>
<minor />
<comment>Robô: A limpar links interwikis antigos</comment>
<model>wikitext</model>
<format>text/x-wiki</format>
<text bytes="1187" xml:space="preserve">{{ver também|Qual}}
={{-pt-}}=
==Pronome==
{{oxítona|qual}} (''plural'': '''quais''')
# [[quem]], [[que]]; o pronome ''qual'' enfatiza a eleição entre várias possibilidades
#* '''''Qual''' foi o vencedor?''
#* '''''Qual''' destas ferramentas devo usar?''

===Tradução===
{{tradini}}
* {{trad|ay|kawki|kuna}}
* {{trad|de|welcher}}
* {{trad|ar|أي}}
* {{trad|arn|chuchi}}
* {{trad|br|pe|peseurt|pesort}}
* {{trad|zh|哪}}
* {{trad|ko|어느}}
* {{trad|sk|ktorý}}
* {{trad|es|qué|cuál}}
* {{trad|fi|joka|mikä}}
* {{trad|fr|quel|auquel}}
* {{trad|gl|cal}}
* {{trad|cy|pa}}
* {{trad|nl|welke}}
* {{trad|io|qua}}
* {{trad|id|yang}}
{{tradmeio}}
* {{trad|en|which}}
* {{trad|ga|cé}}
* {{trad|it|quale|che}}
* {{trad|la|qualis}}
* {{trad|no|hvilke}}
* {{trad|fa|كه}}
* {{trad|pl|który|jaki}}
* {{trad|qu|imata|ima}}
* {{trad|ro|care}}
* {{trad|ru|какой|который|как}}
* {{trad|sro|cali}}
* {{trad|sv|som}}
* {{trad|th|ฤๅ}} (reu)
* {{trad|tr|hangi}}
* {{trad|val|qual}}
{{tradfim}}

=={{etimologia|pt}}==
: Do latim ''quale''.

[[Categoria:Pronome (Português)]]


={{-val-}}=
==Pronome==
'''qual'''
# [[qual#Português|qual]]

[[Categoria:Pronome (Valenciano)]]</text>
<sha1>tukcq1zw8woj7inwm5ma94w761r5qgn</sha1>
</revision>
<revision>
<id>2506637</id>
<parentid>2396733</parentid>
<timestamp>2018-06-14T00:19:22Z</timestamp>
<contributor>
<ip>2804:14C:DA90:5977:954D:3226:B9BD:61D3</ip>
</contributor>
<model>wikitext</model>
<format>text/x-wiki</format>
<text bytes="1194" xml:space="preserve">{{ver também|Qual}}
={{-pt-}}=
==Pronome==
{{oxítona|qual}} (''plural'': '''quais''')
# [[quem]], [[que]]; o pronome ''qual'' enfatiza a eleição entre várias possibilidades
#* '''''Qual''' foi o vencedor?''
#* '''''Qual''' destas ferramentas devo usar?''

===Tradução===
{{tradini}}
* {{trad|ay|kawki|kuna}}
* {{trad|de|welcher}}
* {{trad|ar|أي}}
* {{trad|arn|chuchi}}
* {{trad|br|pe|peseurt|pesort}}
* {{trad|zh|哪}}
* {{trad|ko|어느}}
* {{trad|sk|ktorý}}
* {{trad|es|qué|cuál}}
* {{trad|fi|joka|mikä}}
* {{trad|fr|quel|auquel}}
* {{trad|gl|cal}}
* {{trad|cy|pa}}
* {{trad|nl|welke}}
* {{trad|io|qua}}
* {{trad|id|yang}}
{{tradmeio}}
* {{trad|en|which}}
* {{trad|ga|cé}}
* {{trad|it|quale|che}}
* {{trad|la|qualis}}
* {{trad|no|hvilke}}
* {{trad|fa|كه}}
* {{trad|pl|który|jaki}}
* {{trad|qu|imata|ima}}
* {{trad|ro|care}}
* {{trad|ru|какой|который|как}}
* {{trad|sro|cali}}
* {{trad|sv|som|vilken}}
* {{trad|th|ฤๅ}} (reu)
* {{trad|tr|hangi}}
* {{trad|val|qual}}
{{tradfim}}

=={{etimologia|pt}}==
: Do latim ''quale''.

[[Categoria:Pronome (Português)]]


={{-val-}}=
==Pronome==
'''qual'''
# [[qual#Português|qual]]

[[Categoria:Pronome (Valenciano)]]</text>
<sha1>pcpf4rviw0ii7fmfg2mqxajgg258ex2</sha1>
</revision>
<revision>
<id>2589649</id>
<parentid>2506637</parentid>
<timestamp>2020-06-06T15:18:54Z</timestamp>
<contributor>
<ip>179.181.132.219</ip>
</contributor>
<comment>/* {{-pt-}} */</comment>
<model>wikitext</model>
<format>text/x-wiki</format>
<text bytes="1195" xml:space="preserve">{{ver também|Qual}}
={{-pt-}}=
==Pronome==
{{oxítona|qual}} (''plural'': '''quais''')
# [[quem]], [[que]]; o pronome ''qual'' enfatiza a eleição entre várias possibilidades
#* '''''Qual''' foi o vencedor?''
#* '''''Qual''' destas ferramentas devo usar?''

===Tradução===
{{tradini}}
* {{trad|ay|kawki|kuna}}
* {{trad|de|welcher}}
* {{trad|ar|أي}}
* {{trad|arn|chuchi}}
* {{trad|br|pe|peseurt|pesort}}
* {{trad|zh|哪}}
* {{trad|ko|어느}}
* {{trad|sk|ktorý}}
* {{trad|es|qué|cuál}}
* {{trad|fi|joka|mikä}}
* {{trad|fr|quel|auquel}}
* {{trad|gl|cal}}
* {{trad|cy|pa}}
* {{trad|nl|welke}}
* {{trad|io|qua}}
* {{trad|id|yang}}
{{tradmeio}}
* {{trad|en|which}}
* {{trad|ga|cé}}
* {{trad|it|quale|che}}
* {{trad|la|qualis}}
* {{trad|no|hvilke}}
* {{trad|fa|كه}}
* {{trad|pl|który|jaki}}
* {{trad|qu|imata|ima}}
* {{trad|ro|care}}
* {{trad|ru|какой|который|как}}
* {{trad|sro|cali}}
* {{trad|sv|som|vilken}}
* {{trad|th|ฤๅ}} (reu)
* {{trad|tr|hangi}}
* {{trad|val|qual}}
{{tradfim}}

=={{etimologia|pt}}==
: Do latim ''quale''.

[[Categoria: oxítona (Português)]]

={{-val-}}=
==Pronome==
'''qual'''
# [[qual#Português|qual]]

[[Categoria:Pronome (Valenciano)]]</text>
<sha1>hkl0xj8w6qh1p45zma4xnuax565emtc</sha1>
</revision>
<revision>
<id>2589652</id>
<parentid>2589649</parentid>
<timestamp>2020-06-06T15:21:10Z</timestamp>
<contributor>
<username>ValJor</username>
<id>1358</id>
</contributor>
<minor />
<comment>Revertidas edições por [[Especial:Contribuições/179.181.132.219|179.181.132.219]] para a última versão por [[Especial:Contribuições/2804:14C:DA90:5977:954D:3226:B9BD:61D3|2804:14C:DA90:5977:954D:3226:B9BD:61D3]]</comment>
<model>wikitext</model>
<format>text/x-wiki</format>
<text bytes="1194" xml:space="preserve">{{ver também|Qual}}
={{-pt-}}=
==Pronome==
{{oxítona|qual}} (''plural'': '''quais''')
# [[quem]], [[que]]; o pronome ''qual'' enfatiza a eleição entre várias possibilidades
#* '''''Qual''' foi o vencedor?''
#* '''''Qual''' destas ferramentas devo usar?''

===Tradução===
{{tradini}}
* {{trad|ay|kawki|kuna}}
* {{trad|de|welcher}}
* {{trad|ar|أي}}
* {{trad|arn|chuchi}}
* {{trad|br|pe|peseurt|pesort}}
* {{trad|zh|哪}}
* {{trad|ko|어느}}
* {{trad|sk|ktorý}}
* {{trad|es|qué|cuál}}
* {{trad|fi|joka|mikä}}
* {{trad|fr|quel|auquel}}
* {{trad|gl|cal}}
* {{trad|cy|pa}}
* {{trad|nl|welke}}
* {{trad|io|qua}}
* {{trad|id|yang}}
{{tradmeio}}
* {{trad|en|which}}
* {{trad|ga|cé}}
* {{trad|it|quale|che}}
* {{trad|la|qualis}}
* {{trad|no|hvilke}}
* {{trad|fa|كه}}
* {{trad|pl|który|jaki}}
* {{trad|qu|imata|ima}}
* {{trad|ro|care}}
* {{trad|ru|какой|который|как}}
* {{trad|sro|cali}}
* {{trad|sv|som|vilken}}
* {{trad|th|ฤๅ}} (reu)
* {{trad|tr|hangi}}
* {{trad|val|qual}}
{{tradfim}}

=={{etimologia|pt}}==
: Do latim ''quale''.

[[Categoria:Pronome (Português)]]


={{-val-}}=
==Pronome==
'''qual'''
# [[qual#Português|qual]]

[[Categoria:Pronome (Valenciano)]]</text>
<sha1>pcpf4rviw0ii7fmfg2mqxajgg258ex2</sha1>
</revision>
<revision>
<id>2621828</id>
<parentid>2589652</parentid>
<timestamp>2021-02-02T01:32:23Z</timestamp>
<contributor>
<username>MarxavBot</username>
<id>80155</id>
</contributor>
<minor />
<comment>AFI Portugal</comment>
<model>wikitext</model>
<format>text/x-wiki</format>
<text bytes="1257" xml:space="preserve">{{ver também|Qual}}
={{-pt-}}=
==Pronome==
{{oxítona|qual}} (''plural'': '''quais''')
# [[quem]], [[que]]; o pronome ''qual'' enfatiza a eleição entre várias possibilidades
#* '''''Qual''' foi o vencedor?''
#* '''''Qual''' destas ferramentas devo usar?''

===Tradução===
{{tradini}}
* {{trad|ay|kawki|kuna}}
* {{trad|de|welcher}}
* {{trad|ar|أي}}
* {{trad|arn|chuchi}}
* {{trad|br|pe|peseurt|pesort}}
* {{trad|zh|哪}}
* {{trad|ko|어느}}
* {{trad|sk|ktorý}}
* {{trad|es|qué|cuál}}
* {{trad|fi|joka|mikä}}
* {{trad|fr|quel|auquel}}
* {{trad|gl|cal}}
* {{trad|cy|pa}}
* {{trad|nl|welke}}
* {{trad|io|qua}}
* {{trad|id|yang}}
{{tradmeio}}
* {{trad|en|which}}
* {{trad|ga|cé}}
* {{trad|it|quale|che}}
* {{trad|la|qualis}}
* {{trad|no|hvilke}}
* {{trad|fa|كه}}
* {{trad|pl|który|jaki}}
* {{trad|qu|imata|ima}}
* {{trad|ro|care}}
* {{trad|ru|какой|который|как}}
* {{trad|sro|cali}}
* {{trad|sv|som|vilken}}
* {{trad|th|ฤๅ}} (reu)
* {{trad|tr|hangi}}
* {{trad|val|qual}}
{{tradfim}}

=={{etimologia|pt}}==
: Do latim ''quale''.

=={{pronúncia|pt}}==
===Portugal===
* AFI: {{AFI|/ˈkwaɫ/}}

[[Categoria:Pronome (Português)]]


={{-val-}}=
==Pronome==
'''qual'''
# [[qual#Português|qual]]

[[Categoria:Pronome (Valenciano)]]</text>
<sha1>845pisdmwr9boghvz91fft6vndc6767</sha1>
</revision>
</page>
