<title>qualssevol</title>
<ns>0</ns>
<id>277670</id>
<revision>
<id>1256012</id>
<timestamp>2011-10-11T12:04:42Z</timestamp>
<contributor>
<ip>50.12.144.17</ip>
</contributor>
<comment>criando verbete</comment>
<model>wikitext</model>
<format>text/x-wiki</format>
<text bytes="2744" xml:space="preserve">={{-ca-}}=
==Forma de adjetivo==
{{flex.ca|s=qualsevol|p=[[qualssevol]]|s-div=qual.se.vol|p-div=quals.se.{{grifar|vol}}}}
'''quals.se.{{grifar|vol}}''' {{c2g}}, {{p}}
# {{l.s.|forma}} [[plural]] de '''''[[qualsevol]]''''':
#: ''En el {{link preto|tetraedre}} {{link preto|dues}} [[cara#{{ca}}|cares]] '''qualssevol''' són [[sempre#{{ca}}|sempre]] {{link preto|adjacent}}s.'' &lt;small&gt;(No [[tetraedro]], [[dois|duas]] [[face]]s [[quaisquer]] são [[sempre]] [[adjacente]]s.)&lt;/small&gt;
{{limpar}}

==Forma de pronome==
{{flex.ca|s=qualsevol|p=[[qualssevol]]|s-div=qual.se.vol|p-div=quals.se.{{grifar|vol}}}}
'''quals.se.{{grifar|vol}}''' {{p}}, ''indefinido''
# {{l.s.|forma}} [[plural]] de '''''[[qualsevol#Pronome|qualsevol]]''''':
#: '''''Qualssevol''' que foren les {{link preto|seues}} {{link preto|intencion}}s, el {{link preto|fet}} és que Wright [[no#{{ca}}|no]] [[tornar#{{ca}}|va tornar]] a [[Itàlia]], {{link preto|sinó}} que {{link preto|poc}} {{link preto|després}} {{l.o.|venir|va fer venir}} la {{link preto|seua}} [[família#{{ca}}|família]] a {{link preto|Anglaterra}}.'' &lt;small&gt;({{l.o.|quaisquer|Quaisquer}} que [[ser#Verbo|tenham sido]] [[suas#Pronome|suas]] {{o/a|intenç|ões|ão}}, o [[fato]] é que Wright [[não]] {{o/a|retorn|ou|ar}} [[à]] [[Itália]], [[mas]] [[logo]] [[depois]] [[ir|foi]] com sua [[família]] para a [[Inglaterra]].)&lt;/small&gt;

===Grafias alternativas===
* {{escopo2|arcaico}} {{link preto|quals se vol}}

==Forma de substantivo==
{{flex.ca|s=qualsevol|p=[[qualssevol]]|s-div=qual.se.vol|p-div=quals.se.{{grifar|vol}}}}
'''quals.se.{{grifar|vol}}''' {{c2g}}, {{p}}
# {{l.s.|forma}} [[plural]] de '''''{{l.s.|qualsevol}}'''''.
{{limpar}}

==Etimologia==
:De {{etimo|ca|quals}} + {{etimo|ca|se}} + {{etimo|la|vol}} (&quot;[[quem]] [[quer]] [[que]]&quot; — ''[[plural]]'').

==Pronúncia==
===Catalão ocidental===
* [[AFI]]: {{AFI|/kwaɫ.se'βɔɫ/}}
* [[X-SAMPA]]: /kwa5.se&quot;BO5/
====[[valenciano|Valenciano]]====
* [[AFI]]: {{AFI|/ku.an.se'βɔɫ/}}
* [[X-SAMPA]]: /ku.an.se&quot;BO5/
===Catalão oriental===
* [[AFI]]: {{AFI|/kwaɫ.sə.βɔɫ/}}
* [[X-SAMPA]]: /kwa5.s@&quot;BO5/
====Alguerês====
* [[AFI]]: {{AFI|/kwal.sa.vɔɫ/}}
* [[X-SAMPA]]: /kwal.sa&quot;vO5/
====Balear====
* [[AFI]]: {{AFI|/kwal.sə.vɔ̞ɫ/}}
* [[X-SAMPA]]: /kwal.s@&quot;vO_o5/
====Menorquino====
* [[AFI]]: {{AFI|/kwan.sə.vɔ̞ɫ/}}
* [[X-SAMPA]]: /kwan.s@&quot;vO_o5/

==Ver também==
===Referências===
{{vertbini}}
{{DCVB}}
{{GDLC}}
{{vertbfim}}

{{categorias|Catalão|Forma de adjetivo|Forma de pronome|Forma de substantivo|Trissílabo|Oxítona|Vocábulo com etimologia|Vocábulo com pronúncia}}
{{categorias|Valenciano|Forma de adjetivo|Forma de pronome|Forma de substantivo|Trissílabo|Oxítona|Vocábulo com etimologia|Vocábulo com pronúncia}}</text>
<sha1>7iq2nyfonu185yhotd2px7iy1v53c98</sha1>
</revision>
<revision>
<id>1256015</id>
<parentid>1256012</parentid>
<timestamp>2011-10-11T12:08:11Z</timestamp>
<contributor>
<ip>50.12.144.17</ip>
</contributor>
<model>wikitext</model>
<format>text/x-wiki</format>
<text bytes="2789" xml:space="preserve">={{-ca-}}=
==Forma de adjetivo==
{{flex.ca|s=[[qualsevol]]|p=[[qualssevol]]|s-div=qual.se.{{grifar|vol}}|p-div=quals.se.{{grifar|vol}}}}
'''quals.se.{{grifar|vol}}''' {{c2g}}, {{p}}
# {{l.s.|forma}} [[plural]] de '''''[[qualsevol]]''''':
#: ''En el {{link preto|tetraedre}} {{link preto|dues}} [[cara#{{ca}}|cares]] '''qualssevol''' són [[sempre#{{ca}}|sempre]] {{link preto|adjacent}}s.'' &lt;small&gt;(No [[tetraedro]], [[dois|duas]] [[face]]s [[quaisquer]] são [[sempre]] [[adjacente]]s.)&lt;/small&gt;
{{limpar}}

==Forma de pronome==
{{flex.ca|s=[[qualsevol]]|p=[[qualssevol]]|s-div=qual.se.{{grifar|vol}}|p-div=quals.se.{{grifar|vol}}}}
'''quals.se.{{grifar|vol}}''' {{p}}, ''indefinido''
# {{l.s.|forma}} [[plural]] de '''''[[qualsevol#Pronome|qualsevol]]''''':
#: '''''Qualssevol''' que foren les {{link preto|seues}} {{link preto|intencion}}s, el {{link preto|fet}} és que Wright [[no#{{ca}}|no]] [[tornar#{{ca}}|va tornar]] a [[Itàlia]], {{link preto|sinó}} que {{link preto|poc}} {{link preto|després}} {{l.o.|venir|va fer venir}} la {{link preto|seua}} [[família#{{ca}}|família]] a {{link preto|Anglaterra}}.'' &lt;small&gt;({{l.o.|quaisquer|Quaisquer}} que [[ser#Verbo|tenham sido]] [[suas#Pronome|suas]] {{o/a|intenç|ões|ão}}, o [[fato]] é que Wright [[não]] {{o/a|retorn|ou|ar}} [[à]] [[Itália]], [[mas]] [[logo]] [[depois]] [[ir|foi]] com sua [[família]] para a [[Inglaterra]].)&lt;/small&gt;

===Grafias alternativas===
* {{escopo2|arcaico}} {{link preto|quals se vol}}

==Forma de substantivo==
{{flex.ca|s=[[qualsevol]]|p=[[qualssevol]]|s-div=qual.se.{{grifar|vol}}|p-div=quals.se.{{grifar|vol}}}}
'''quals.se.{{grifar|vol}}''' {{c2g}}, {{p}}
# {{l.s.|forma}} [[plural]] de '''''{{l.s.|qualsevol}}'''''.
{{limpar}}

==Etimologia==
:De {{etimo|ca|quals}} + {{etimo|ca|se}} + {{etimo|la|vol}} (&quot;[[quem]] [[quer]] [[que]]&quot; — ''[[plural]]'').

==Pronúncia==
===Catalão ocidental===
* [[AFI]]: {{AFI|/kwaɫ.se'βɔɫ/}}
* [[X-SAMPA]]: /kwa5.se&quot;BO5/
====[[valenciano|Valenciano]]====
* [[AFI]]: {{AFI|/ku.an.se'βɔɫ/}}
* [[X-SAMPA]]: /ku.an.se&quot;BO5/
===Catalão oriental===
* [[AFI]]: {{AFI|/kwaɫ.sə.βɔɫ/}}
* [[X-SAMPA]]: /kwa5.s@&quot;BO5/
====Alguerês====
* [[AFI]]: {{AFI|/kwal.sa.vɔɫ/}}
* [[X-SAMPA]]: /kwal.sa&quot;vO5/
====Balear====
* [[AFI]]: {{AFI|/kwal.sə.vɔ̞ɫ/}}
* [[X-SAMPA]]: /kwal.s@&quot;vO_o5/
====Menorquino====
* [[AFI]]: {{AFI|/kwan.sə.vɔ̞ɫ/}}
* [[X-SAMPA]]: /kwan.s@&quot;vO_o5/

==Ver também==
===Referências===
{{vertbini}}
{{DCVB}}
{{GDLC}}
{{vertbfim}}

{{categorias|Catalão|Forma de adjetivo|Forma de pronome|Forma de substantivo|Trissílabo|Oxítona|Vocábulo com etimologia|Vocábulo com pronúncia}}
{{categorias|Valenciano|Forma de adjetivo|Forma de pronome|Forma de substantivo|Trissílabo|Oxítona|Vocábulo com etimologia|Vocábulo com pronúncia}}</text>
<sha1>3sbhz2y9ium05zbngqwa1ecr8lejczc</sha1>
</revision>
<revision>
<id>1256026</id>
<parentid>1256015</parentid>
<timestamp>2011-10-11T12:43:35Z</timestamp>
<contributor>
<username>Luckas-bot</username>
<id>5986</id>
</contributor>
<minor />
<comment>r2.7.1) (Robô: A adicionar: [[en:qualssevol]]</comment>
<model>wikitext</model>
<format>text/x-wiki</format>
<text bytes="2808" xml:space="preserve">={{-ca-}}=
==Forma de adjetivo==
{{flex.ca|s=[[qualsevol]]|p=[[qualssevol]]|s-div=qual.se.{{grifar|vol}}|p-div=quals.se.{{grifar|vol}}}}
'''quals.se.{{grifar|vol}}''' {{c2g}}, {{p}}
# {{l.s.|forma}} [[plural]] de '''''[[qualsevol]]''''':
#: ''En el {{link preto|tetraedre}} {{link preto|dues}} [[cara#{{ca}}|cares]] '''qualssevol''' són [[sempre#{{ca}}|sempre]] {{link preto|adjacent}}s.'' &lt;small&gt;(No [[tetraedro]], [[dois|duas]] [[face]]s [[quaisquer]] são [[sempre]] [[adjacente]]s.)&lt;/small&gt;
{{limpar}}

==Forma de pronome==
{{flex.ca|s=[[qualsevol]]|p=[[qualssevol]]|s-div=qual.se.{{grifar|vol}}|p-div=quals.se.{{grifar|vol}}}}
'''quals.se.{{grifar|vol}}''' {{p}}, ''indefinido''
# {{l.s.|forma}} [[plural]] de '''''[[qualsevol#Pronome|qualsevol]]''''':
#: '''''Qualssevol''' que foren les {{link preto|seues}} {{link preto|intencion}}s, el {{link preto|fet}} és que Wright [[no#{{ca}}|no]] [[tornar#{{ca}}|va tornar]] a [[Itàlia]], {{link preto|sinó}} que {{link preto|poc}} {{link preto|després}} {{l.o.|venir|va fer venir}} la {{link preto|seua}} [[família#{{ca}}|família]] a {{link preto|Anglaterra}}.'' &lt;small&gt;({{l.o.|quaisquer|Quaisquer}} que [[ser#Verbo|tenham sido]] [[suas#Pronome|suas]] {{o/a|intenç|ões|ão}}, o [[fato]] é que Wright [[não]] {{o/a|retorn|ou|ar}} [[à]] [[Itália]], [[mas]] [[logo]] [[depois]] [[ir|foi]] com sua [[família]] para a [[Inglaterra]].)&lt;/small&gt;

===Grafias alternativas===
* {{escopo2|arcaico}} {{link preto|quals se vol}}

==Forma de substantivo==
{{flex.ca|s=[[qualsevol]]|p=[[qualssevol]]|s-div=qual.se.{{grifar|vol}}|p-div=quals.se.{{grifar|vol}}}}
'''quals.se.{{grifar|vol}}''' {{c2g}}, {{p}}
# {{l.s.|forma}} [[plural]] de '''''{{l.s.|qualsevol}}'''''.
{{limpar}}

==Etimologia==
:De {{etimo|ca|quals}} + {{etimo|ca|se}} + {{etimo|la|vol}} (&quot;[[quem]] [[quer]] [[que]]&quot; — ''[[plural]]'').

==Pronúncia==
===Catalão ocidental===
* [[AFI]]: {{AFI|/kwaɫ.se'βɔɫ/}}
* [[X-SAMPA]]: /kwa5.se&quot;BO5/
====[[valenciano|Valenciano]]====
* [[AFI]]: {{AFI|/ku.an.se'βɔɫ/}}
* [[X-SAMPA]]: /ku.an.se&quot;BO5/
===Catalão oriental===
* [[AFI]]: {{AFI|/kwaɫ.sə.βɔɫ/}}
* [[X-SAMPA]]: /kwa5.s@&quot;BO5/
====Alguerês====
* [[AFI]]: {{AFI|/kwal.sa.vɔɫ/}}
* [[X-SAMPA]]: /kwal.sa&quot;vO5/
====Balear====
* [[AFI]]: {{AFI|/kwal.sə.vɔ̞ɫ/}}
* [[X-SAMPA]]: /kwal.s@&quot;vO_o5/
====Menorquino====
* [[AFI]]: {{AFI|/kwan.sə.vɔ̞ɫ/}}
* [[X-SAMPA]]: /kwan.s@&quot;vO_o5/

==Ver também==
===Referências===
{{vertbini}}
{{DCVB}}
{{GDLC}}
{{vertbfim}}

{{categorias|Catalão|Forma de adjetivo|Forma de pronome|Forma de substantivo|Trissílabo|Oxítona|Vocábulo com etimologia|Vocábulo com pronúncia}}
{{categorias|Valenciano|Forma de adjetivo|Forma de pronome|Forma de substantivo|Trissílabo|Oxítona|Vocábulo com etimologia|Vocábulo com pronúncia}}

[[en:qualssevol]]</text>
<sha1>5ogl4g9lpfkdadrkxswu9gyk9911r18</sha1>
</revision>
<revision>
<id>1506795</id>
<parentid>1256026</parentid>
<timestamp>2012-10-28T01:24:20Z</timestamp>
<contributor>
<username>VJBot</username>
<id>33673</id>
</contributor>
<minor />
<comment>Robô: Substituição de texto automática  (-{{vertbini}} +{{verTambém.Ini}})</comment>
<model>wikitext</model>
<format>text/x-wiki</format>
<text bytes="2814" xml:space="preserve">={{-ca-}}=
==Forma de adjetivo==
{{flex.ca|s=[[qualsevol]]|p=[[qualssevol]]|s-div=qual.se.{{grifar|vol}}|p-div=quals.se.{{grifar|vol}}}}
'''quals.se.{{grifar|vol}}''' {{c2g}}, {{p}}
# {{l.s.|forma}} [[plural]] de '''''[[qualsevol]]''''':
#: ''En el {{link preto|tetraedre}} {{link preto|dues}} [[cara#{{ca}}|cares]] '''qualssevol''' són [[sempre#{{ca}}|sempre]] {{link preto|adjacent}}s.'' &lt;small&gt;(No [[tetraedro]], [[dois|duas]] [[face]]s [[quaisquer]] são [[sempre]] [[adjacente]]s.)&lt;/small&gt;
{{limpar}}

==Forma de pronome==
{{flex.ca|s=[[qualsevol]]|p=[[qualssevol]]|s-div=qual.se.{{grifar|vol}}|p-div=quals.se.{{grifar|vol}}}}
'''quals.se.{{grifar|vol}}''' {{p}}, ''indefinido''
# {{l.s.|forma}} [[plural]] de '''''[[qualsevol#Pronome|qualsevol]]''''':
#: '''''Qualssevol''' que foren les {{link preto|seues}} {{link preto|intencion}}s, el {{link preto|fet}} és que Wright [[no#{{ca}}|no]] [[tornar#{{ca}}|va tornar]] a [[Itàlia]], {{link preto|sinó}} que {{link preto|poc}} {{link preto|després}} {{l.o.|venir|va fer venir}} la {{link preto|seua}} [[família#{{ca}}|família]] a {{link preto|Anglaterra}}.'' &lt;small&gt;({{l.o.|quaisquer|Quaisquer}} que [[ser#Verbo|tenham sido]] [[suas#Pronome|suas]] {{o/a|intenç|ões|ão}}, o [[fato]] é que Wright [[não]] {{o/a|retorn|ou|ar}} [[à]] [[Itália]], [[mas]] [[logo]] [[depois]] [[ir|foi]] com sua [[família]] para a [[Inglaterra]].)&lt;/small&gt;

===Grafias alternativas===
* {{escopo2|arcaico}} {{link preto|quals se vol}}

==Forma de substantivo==
{{flex.ca|s=[[qualsevol]]|p=[[qualssevol]]|s-div=qual.se.{{grifar|vol}}|p-div=quals.se.{{grifar|vol}}}}
'''quals.se.{{grifar|vol}}''' {{c2g}}, {{p}}
# {{l.s.|forma}} [[plural]] de '''''{{l.s.|qualsevol}}'''''.
{{limpar}}

==Etimologia==
:De {{etimo|ca|quals}} + {{etimo|ca|se}} + {{etimo|la|vol}} (&quot;[[quem]] [[quer]] [[que]]&quot; — ''[[plural]]'').

==Pronúncia==
===Catalão ocidental===
* [[AFI]]: {{AFI|/kwaɫ.se'βɔɫ/}}
* [[X-SAMPA]]: /kwa5.se&quot;BO5/
====[[valenciano|Valenciano]]====
* [[AFI]]: {{AFI|/ku.an.se'βɔɫ/}}
* [[X-SAMPA]]: /ku.an.se&quot;BO5/
===Catalão oriental===
* [[AFI]]: {{AFI|/kwaɫ.sə.βɔɫ/}}
* [[X-SAMPA]]: /kwa5.s@&quot;BO5/
====Alguerês====
* [[AFI]]: {{AFI|/kwal.sa.vɔɫ/}}
* [[X-SAMPA]]: /kwal.sa&quot;vO5/
====Balear====
* [[AFI]]: {{AFI|/kwal.sə.vɔ̞ɫ/}}
* [[X-SAMPA]]: /kwal.s@&quot;vO_o5/
====Menorquino====
* [[AFI]]: {{AFI|/kwan.sə.vɔ̞ɫ/}}
* [[X-SAMPA]]: /kwan.s@&quot;vO_o5/

==Ver também==
===Referências===
{{verTambém.Ini}}
{{DCVB}}
{{GDLC}}
{{vertbfim}}

{{categorias|Catalão|Forma de adjetivo|Forma de pronome|Forma de substantivo|Trissílabo|Oxítona|Vocábulo com etimologia|Vocábulo com pronúncia}}
{{categorias|Valenciano|Forma de adjetivo|Forma de pronome|Forma de substantivo|Trissílabo|Oxítona|Vocábulo com etimologia|Vocábulo com pronúncia}}

[[en:qualssevol]]</text>
<sha1>3hw0zign094eqcw48bg4gtbhdfxa6mt</sha1>
</revision>
<revision>
<id>1514063</id>
<parentid>1506795</parentid>
<timestamp>2012-10-31T06:21:22Z</timestamp>
<contributor>
<username>VJBot</username>
<id>33673</id>
</contributor>
<minor />
<comment>Robô: Substituição de texto automática  (-{{vertbfim}} +{{verTambém.Fim}})</comment>
<model>wikitext</model>
<format>text/x-wiki</format>
<text bytes="2820" xml:space="preserve">={{-ca-}}=
==Forma de adjetivo==
{{flex.ca|s=[[qualsevol]]|p=[[qualssevol]]|s-div=qual.se.{{grifar|vol}}|p-div=quals.se.{{grifar|vol}}}}
'''quals.se.{{grifar|vol}}''' {{c2g}}, {{p}}
# {{l.s.|forma}} [[plural]] de '''''[[qualsevol]]''''':
#: ''En el {{link preto|tetraedre}} {{link preto|dues}} [[cara#{{ca}}|cares]] '''qualssevol''' són [[sempre#{{ca}}|sempre]] {{link preto|adjacent}}s.'' &lt;small&gt;(No [[tetraedro]], [[dois|duas]] [[face]]s [[quaisquer]] são [[sempre]] [[adjacente]]s.)&lt;/small&gt;
{{limpar}}

==Forma de pronome==
{{flex.ca|s=[[qualsevol]]|p=[[qualssevol]]|s-div=qual.se.{{grifar|vol}}|p-div=quals.se.{{grifar|vol}}}}
'''quals.se.{{grifar|vol}}''' {{p}}, ''indefinido''
# {{l.s.|forma}} [[plural]] de '''''[[qualsevol#Pronome|qualsevol]]''''':
#: '''''Qualssevol''' que foren les {{link preto|seues}} {{link preto|intencion}}s, el {{link preto|fet}} és que Wright [[no#{{ca}}|no]] [[tornar#{{ca}}|va tornar]] a [[Itàlia]], {{link preto|sinó}} que {{link preto|poc}} {{link preto|després}} {{l.o.|venir|va fer venir}} la {{link preto|seua}} [[família#{{ca}}|família]] a {{link preto|Anglaterra}}.'' &lt;small&gt;({{l.o.|quaisquer|Quaisquer}} que [[ser#Verbo|tenham sido]] [[suas#Pronome|suas]] {{o/a|intenç|ões|ão}}, o [[fato]] é que Wright [[não]] {{o/a|retorn|ou|ar}} [[à]] [[Itália]], [[mas]] [[logo]] [[depois]] [[ir|foi]] com sua [[família]] para a [[Inglaterra]].)&lt;/small&gt;

===Grafias alternativas===
* {{escopo2|arcaico}} {{link preto|quals se vol}}

==Forma de substantivo==
{{flex.ca|s=[[qualsevol]]|p=[[qualssevol]]|s-div=qual.se.{{grifar|vol}}|p-div=quals.se.{{grifar|vol}}}}
'''quals.se.{{grifar|vol}}''' {{c2g}}, {{p}}
# {{l.s.|forma}} [[plural]] de '''''{{l.s.|qualsevol}}'''''.
{{limpar}}

==Etimologia==
:De {{etimo|ca|quals}} + {{etimo|ca|se}} + {{etimo|la|vol}} (&quot;[[quem]] [[quer]] [[que]]&quot; — ''[[plural]]'').

==Pronúncia==
===Catalão ocidental===
* [[AFI]]: {{AFI|/kwaɫ.se'βɔɫ/}}
* [[X-SAMPA]]: /kwa5.se&quot;BO5/
====[[valenciano|Valenciano]]====
* [[AFI]]: {{AFI|/ku.an.se'βɔɫ/}}
* [[X-SAMPA]]: /ku.an.se&quot;BO5/
===Catalão oriental===
* [[AFI]]: {{AFI|/kwaɫ.sə.βɔɫ/}}
* [[X-SAMPA]]: /kwa5.s@&quot;BO5/
====Alguerês====
* [[AFI]]: {{AFI|/kwal.sa.vɔɫ/}}
* [[X-SAMPA]]: /kwal.sa&quot;vO5/
====Balear====
* [[AFI]]: {{AFI|/kwal.sə.vɔ̞ɫ/}}
* [[X-SAMPA]]: /kwal.s@&quot;vO_o5/
====Menorquino====
* [[AFI]]: {{AFI|/kwan.sə.vɔ̞ɫ/}}
* [[X-SAMPA]]: /kwan.s@&quot;vO_o5/

==Ver também==
===Referências===
{{verTambém.Ini}}
{{DCVB}}
{{GDLC}}
{{verTambém.Fim}}

{{categorias|Catalão|Forma de adjetivo|Forma de pronome|Forma de substantivo|Trissílabo|Oxítona|Vocábulo com etimologia|Vocábulo com pronúncia}}
{{categorias|Valenciano|Forma de adjetivo|Forma de pronome|Forma de substantivo|Trissílabo|Oxítona|Vocábulo com etimologia|Vocábulo com pronúncia}}

[[en:qualssevol]]</text>
<sha1>pcu3q484bdjeery9vomj7akpiiurlw0</sha1>
</revision>
<revision>
<id>1527570</id>
<parentid>1514063</parentid>
<timestamp>2012-11-25T14:49:09Z</timestamp>
<contributor>
<username>VJBot</username>
<id>33673</id>
</contributor>
<minor />
<comment>Robô: Substituição de texto automática  (-{{escopo2| +{{escopo|cor=navy|)</comment>
<model>wikitext</model>
<format>text/x-wiki</format>
<text bytes="2828" xml:space="preserve">={{-ca-}}=
==Forma de adjetivo==
{{flex.ca|s=[[qualsevol]]|p=[[qualssevol]]|s-div=qual.se.{{grifar|vol}}|p-div=quals.se.{{grifar|vol}}}}
'''quals.se.{{grifar|vol}}''' {{c2g}}, {{p}}
# {{l.s.|forma}} [[plural]] de '''''[[qualsevol]]''''':
#: ''En el {{link preto|tetraedre}} {{link preto|dues}} [[cara#{{ca}}|cares]] '''qualssevol''' són [[sempre#{{ca}}|sempre]] {{link preto|adjacent}}s.'' &lt;small&gt;(No [[tetraedro]], [[dois|duas]] [[face]]s [[quaisquer]] são [[sempre]] [[adjacente]]s.)&lt;/small&gt;
{{limpar}}

==Forma de pronome==
{{flex.ca|s=[[qualsevol]]|p=[[qualssevol]]|s-div=qual.se.{{grifar|vol}}|p-div=quals.se.{{grifar|vol}}}}
'''quals.se.{{grifar|vol}}''' {{p}}, ''indefinido''
# {{l.s.|forma}} [[plural]] de '''''[[qualsevol#Pronome|qualsevol]]''''':
#: '''''Qualssevol''' que foren les {{link preto|seues}} {{link preto|intencion}}s, el {{link preto|fet}} és que Wright [[no#{{ca}}|no]] [[tornar#{{ca}}|va tornar]] a [[Itàlia]], {{link preto|sinó}} que {{link preto|poc}} {{link preto|després}} {{l.o.|venir|va fer venir}} la {{link preto|seua}} [[família#{{ca}}|família]] a {{link preto|Anglaterra}}.'' &lt;small&gt;({{l.o.|quaisquer|Quaisquer}} que [[ser#Verbo|tenham sido]] [[suas#Pronome|suas]] {{o/a|intenç|ões|ão}}, o [[fato]] é que Wright [[não]] {{o/a|retorn|ou|ar}} [[à]] [[Itália]], [[mas]] [[logo]] [[depois]] [[ir|foi]] com sua [[família]] para a [[Inglaterra]].)&lt;/small&gt;

===Grafias alternativas===
* {{escopo|cor=navy|arcaico}} {{link preto|quals se vol}}

==Forma de substantivo==
{{flex.ca|s=[[qualsevol]]|p=[[qualssevol]]|s-div=qual.se.{{grifar|vol}}|p-div=quals.se.{{grifar|vol}}}}
'''quals.se.{{grifar|vol}}''' {{c2g}}, {{p}}
# {{l.s.|forma}} [[plural]] de '''''{{l.s.|qualsevol}}'''''.
{{limpar}}

==Etimologia==
:De {{etimo|ca|quals}} + {{etimo|ca|se}} + {{etimo|la|vol}} (&quot;[[quem]] [[quer]] [[que]]&quot; — ''[[plural]]'').

==Pronúncia==
===Catalão ocidental===
* [[AFI]]: {{AFI|/kwaɫ.se'βɔɫ/}}
* [[X-SAMPA]]: /kwa5.se&quot;BO5/
====[[valenciano|Valenciano]]====
* [[AFI]]: {{AFI|/ku.an.se'βɔɫ/}}
* [[X-SAMPA]]: /ku.an.se&quot;BO5/
===Catalão oriental===
* [[AFI]]: {{AFI|/kwaɫ.sə.βɔɫ/}}
* [[X-SAMPA]]: /kwa5.s@&quot;BO5/
====Alguerês====
* [[AFI]]: {{AFI|/kwal.sa.vɔɫ/}}
* [[X-SAMPA]]: /kwal.sa&quot;vO5/
====Balear====
* [[AFI]]: {{AFI|/kwal.sə.vɔ̞ɫ/}}
* [[X-SAMPA]]: /kwal.s@&quot;vO_o5/
====Menorquino====
* [[AFI]]: {{AFI|/kwan.sə.vɔ̞ɫ/}}
* [[X-SAMPA]]: /kwan.s@&quot;vO_o5/

==Ver também==
===Referências===
{{verTambém.Ini}}
{{DCVB}}
{{GDLC}}
{{verTambém.Fim}}

{{categorias|Catalão|Forma de adjetivo|Forma de pronome|Forma de substantivo|Trissílabo|Oxítona|Vocábulo com etimologia|Vocábulo com pronúncia}}
{{categorias|Valenciano|Forma de adjetivo|Forma de pronome|Forma de substantivo|Trissílabo|Oxítona|Vocábulo com etimologia|Vocábulo com pronúncia}}

[[en:qualssevol]]</text>
<sha1>75u1a19qz0c1yvis5yisqaffhkk9b3s</sha1>
</revision>
<revision>
<id>1561051</id>
<parentid>1527570</parentid>
<timestamp>2012-12-17T11:26:41Z</timestamp>
<contributor>
<username>VJBot</username>
<id>33673</id>
</contributor>
<minor />
<comment>Robô: Substituição de texto automática  (-{{DCVB}} +{{subst:DCVB}})</comment>
<model>wikitext</model>
<format>text/x-wiki</format>
<text bytes="2900" xml:space="preserve">={{-ca-}}=
==Forma de adjetivo==
{{flex.ca|s=[[qualsevol]]|p=[[qualssevol]]|s-div=qual.se.{{grifar|vol}}|p-div=quals.se.{{grifar|vol}}}}
'''quals.se.{{grifar|vol}}''' {{c2g}}, {{p}}
# {{l.s.|forma}} [[plural]] de '''''[[qualsevol]]''''':
#: ''En el {{link preto|tetraedre}} {{link preto|dues}} [[cara#{{ca}}|cares]] '''qualssevol''' són [[sempre#{{ca}}|sempre]] {{link preto|adjacent}}s.'' &lt;small&gt;(No [[tetraedro]], [[dois|duas]] [[face]]s [[quaisquer]] são [[sempre]] [[adjacente]]s.)&lt;/small&gt;
{{limpar}}

==Forma de pronome==
{{flex.ca|s=[[qualsevol]]|p=[[qualssevol]]|s-div=qual.se.{{grifar|vol}}|p-div=quals.se.{{grifar|vol}}}}
'''quals.se.{{grifar|vol}}''' {{p}}, ''indefinido''
# {{l.s.|forma}} [[plural]] de '''''[[qualsevol#Pronome|qualsevol]]''''':
#: '''''Qualssevol''' que foren les {{link preto|seues}} {{link preto|intencion}}s, el {{link preto|fet}} és que Wright [[no#{{ca}}|no]] [[tornar#{{ca}}|va tornar]] a [[Itàlia]], {{link preto|sinó}} que {{link preto|poc}} {{link preto|després}} {{l.o.|venir|va fer venir}} la {{link preto|seua}} [[família#{{ca}}|família]] a {{link preto|Anglaterra}}.'' &lt;small&gt;({{l.o.|quaisquer|Quaisquer}} que [[ser#Verbo|tenham sido]] [[suas#Pronome|suas]] {{o/a|intenç|ões|ão}}, o [[fato]] é que Wright [[não]] {{o/a|retorn|ou|ar}} [[à]] [[Itália]], [[mas]] [[logo]] [[depois]] [[ir|foi]] com sua [[família]] para a [[Inglaterra]].)&lt;/small&gt;

===Grafias alternativas===
* {{escopo|cor=navy|arcaico}} {{link preto|quals se vol}}

==Forma de substantivo==
{{flex.ca|s=[[qualsevol]]|p=[[qualssevol]]|s-div=qual.se.{{grifar|vol}}|p-div=quals.se.{{grifar|vol}}}}
'''quals.se.{{grifar|vol}}''' {{c2g}}, {{p}}
# {{l.s.|forma}} [[plural]] de '''''{{l.s.|qualsevol}}'''''.
{{limpar}}

==Etimologia==
:De {{etimo|ca|quals}} + {{etimo|ca|se}} + {{etimo|la|vol}} (&quot;[[quem]] [[quer]] [[que]]&quot; — ''[[plural]]'').

==Pronúncia==
===Catalão ocidental===
* [[AFI]]: {{AFI|/kwaɫ.se'βɔɫ/}}
* [[X-SAMPA]]: /kwa5.se&quot;BO5/
====[[valenciano|Valenciano]]====
* [[AFI]]: {{AFI|/ku.an.se'βɔɫ/}}
* [[X-SAMPA]]: /ku.an.se&quot;BO5/
===Catalão oriental===
* [[AFI]]: {{AFI|/kwaɫ.sə.βɔɫ/}}
* [[X-SAMPA]]: /kwa5.s@&quot;BO5/
====Alguerês====
* [[AFI]]: {{AFI|/kwal.sa.vɔɫ/}}
* [[X-SAMPA]]: /kwal.sa&quot;vO5/
====Balear====
* [[AFI]]: {{AFI|/kwal.sə.vɔ̞ɫ/}}
* [[X-SAMPA]]: /kwal.s@&quot;vO_o5/
====Menorquino====
* [[AFI]]: {{AFI|/kwan.sə.vɔ̞ɫ/}}
* [[X-SAMPA]]: /kwan.s@&quot;vO_o5/

==Ver também==
===Referências===
{{verTambém.Ini}}
* [http://dcvb.iec.cat/ Diccionari català-valencià-balear (IEC) (em catalão)]
{{GDLC}}
{{verTambém.Fim}}

{{categorias|Catalão|Forma de adjetivo|Forma de pronome|Forma de substantivo|Trissílabo|Oxítona|Vocábulo com etimologia|Vocábulo com pronúncia}}
{{categorias|Valenciano|Forma de adjetivo|Forma de pronome|Forma de substantivo|Trissílabo|Oxítona|Vocábulo com etimologia|Vocábulo com pronúncia}}

[[en:qualssevol]]</text>
<sha1>4iqv0pl3dzk5nn5t4t2v68m6tbvcwtb</sha1>
</revision>
<revision>
<id>1561238</id>
<parentid>1561051</parentid>
<timestamp>2012-12-17T15:05:52Z</timestamp>
<contributor>
<username>VJBot</username>
<id>33673</id>
</contributor>
<minor />
<comment>Robô: Substituição de texto automática  (-{{GDLC}} +{{subst:GDLC}})</comment>
<model>wikitext</model>
<format>text/x-wiki</format>
<text bytes="3346" xml:space="preserve">={{-ca-}}=
==Forma de adjetivo==
{{flex.ca|s=[[qualsevol]]|p=[[qualssevol]]|s-div=qual.se.{{grifar|vol}}|p-div=quals.se.{{grifar|vol}}}}
'''quals.se.{{grifar|vol}}''' {{c2g}}, {{p}}
# {{l.s.|forma}} [[plural]] de '''''[[qualsevol]]''''':
#: ''En el {{link preto|tetraedre}} {{link preto|dues}} [[cara#{{ca}}|cares]] '''qualssevol''' són [[sempre#{{ca}}|sempre]] {{link preto|adjacent}}s.'' &lt;small&gt;(No [[tetraedro]], [[dois|duas]] [[face]]s [[quaisquer]] são [[sempre]] [[adjacente]]s.)&lt;/small&gt;
{{limpar}}

==Forma de pronome==
{{flex.ca|s=[[qualsevol]]|p=[[qualssevol]]|s-div=qual.se.{{grifar|vol}}|p-div=quals.se.{{grifar|vol}}}}
'''quals.se.{{grifar|vol}}''' {{p}}, ''indefinido''
# {{l.s.|forma}} [[plural]] de '''''[[qualsevol#Pronome|qualsevol]]''''':
#: '''''Qualssevol''' que foren les {{link preto|seues}} {{link preto|intencion}}s, el {{link preto|fet}} és que Wright [[no#{{ca}}|no]] [[tornar#{{ca}}|va tornar]] a [[Itàlia]], {{link preto|sinó}} que {{link preto|poc}} {{link preto|després}} {{l.o.|venir|va fer venir}} la {{link preto|seua}} [[família#{{ca}}|família]] a {{link preto|Anglaterra}}.'' &lt;small&gt;({{l.o.|quaisquer|Quaisquer}} que [[ser#Verbo|tenham sido]] [[suas#Pronome|suas]] {{o/a|intenç|ões|ão}}, o [[fato]] é que Wright [[não]] {{o/a|retorn|ou|ar}} [[à]] [[Itália]], [[mas]] [[logo]] [[depois]] [[ir|foi]] com sua [[família]] para a [[Inglaterra]].)&lt;/small&gt;

===Grafias alternativas===
* {{escopo|cor=navy|arcaico}} {{link preto|quals se vol}}

==Forma de substantivo==
{{flex.ca|s=[[qualsevol]]|p=[[qualssevol]]|s-div=qual.se.{{grifar|vol}}|p-div=quals.se.{{grifar|vol}}}}
'''quals.se.{{grifar|vol}}''' {{c2g}}, {{p}}
# {{l.s.|forma}} [[plural]] de '''''{{l.s.|qualsevol}}'''''.
{{limpar}}

==Etimologia==
:De {{etimo|ca|quals}} + {{etimo|ca|se}} + {{etimo|la|vol}} (&quot;[[quem]] [[quer]] [[que]]&quot; — ''[[plural]]'').

==Pronúncia==
===Catalão ocidental===
* [[AFI]]: {{AFI|/kwaɫ.se'βɔɫ/}}
* [[X-SAMPA]]: /kwa5.se&quot;BO5/
====[[valenciano|Valenciano]]====
* [[AFI]]: {{AFI|/ku.an.se'βɔɫ/}}
* [[X-SAMPA]]: /ku.an.se&quot;BO5/
===Catalão oriental===
* [[AFI]]: {{AFI|/kwaɫ.sə.βɔɫ/}}
* [[X-SAMPA]]: /kwa5.s@&quot;BO5/
====Alguerês====
* [[AFI]]: {{AFI|/kwal.sa.vɔɫ/}}
* [[X-SAMPA]]: /kwal.sa&quot;vO5/
====Balear====
* [[AFI]]: {{AFI|/kwal.sə.vɔ̞ɫ/}}
* [[X-SAMPA]]: /kwal.s@&quot;vO_o5/
====Menorquino====
* [[AFI]]: {{AFI|/kwan.sə.vɔ̞ɫ/}}
* [[X-SAMPA]]: /kwan.s@&quot;vO_o5/

==Ver também==
===Referências===
{{verTambém.Ini}}
* [http://dcvb.iec.cat/ Diccionari català-valencià-balear (IEC) (em catalão)]
* [http://ec.grec.net/cgi-bin/AppDLC3.exe?APP=CERCADLC&amp;GECART={{urlencode:{{PAGENAME}}}}{{#if:|{{#switch:{{{CE1}}}|à=%E0|è=%E8|é=%E9|í=%ED|ï=%EF|ò=%F2|ó=%F3|ú=%FA|ü=%FC|ç=%E7|·=%B7| =_|{{{CE1}}}}}}}{{#if:|{{{PAR2}}}}}{{#if:|{{#switch:{{{CE2}}}|  =_|à=%E0|è=%E8|é=%E9|í=%ED|ï=%EF|ò=%F2|ó=%F3|ú=%FA|ü=%FC|ç=%E7|·=%B7| =_|{{{CE2}}}}}}}{{#if:|{{{PAR3}}}}} ''{{PAGENAME}}'' no Gran Dicionario de la Llengua Catalana (GREC) (em catalão)]
{{verTambém.Fim}}

{{categorias|Catalão|Forma de adjetivo|Forma de pronome|Forma de substantivo|Trissílabo|Oxítona|Vocábulo com etimologia|Vocábulo com pronúncia}}
{{categorias|Valenciano|Forma de adjetivo|Forma de pronome|Forma de substantivo|Trissílabo|Oxítona|Vocábulo com etimologia|Vocábulo com pronúncia}}

[[en:qualssevol]]</text>
<sha1>8le7v6ch19bey4i41pf2laktoy4tu07</sha1>
</revision>
<revision>
<id>1588443</id>
<parentid>1561238</parentid>
<timestamp>2013-01-18T23:55:47Z</timestamp>
<contributor>
<username>MalafayaBot</username>
<id>628</id>
</contributor>
<minor />
<comment>Robô: Substituição de texto automática (-|Vocábulo de  +|Entrada de , -|Vocábulo com  +|Entrada com , -[[Categoria:Vocábulo +[[Categoria:Entrada)</comment>
<model>wikitext</model>
<format>text/x-wiki</format>
<text bytes="3338" xml:space="preserve">={{-ca-}}=
==Forma de adjetivo==
{{flex.ca|s=[[qualsevol]]|p=[[qualssevol]]|s-div=qual.se.{{grifar|vol}}|p-div=quals.se.{{grifar|vol}}}}
'''quals.se.{{grifar|vol}}''' {{c2g}}, {{p}}
# {{l.s.|forma}} [[plural]] de '''''[[qualsevol]]''''':
#: ''En el {{link preto|tetraedre}} {{link preto|dues}} [[cara#{{ca}}|cares]] '''qualssevol''' són [[sempre#{{ca}}|sempre]] {{link preto|adjacent}}s.'' &lt;small&gt;(No [[tetraedro]], [[dois|duas]] [[face]]s [[quaisquer]] são [[sempre]] [[adjacente]]s.)&lt;/small&gt;
{{limpar}}

==Forma de pronome==
{{flex.ca|s=[[qualsevol]]|p=[[qualssevol]]|s-div=qual.se.{{grifar|vol}}|p-div=quals.se.{{grifar|vol}}}}
'''quals.se.{{grifar|vol}}''' {{p}}, ''indefinido''
# {{l.s.|forma}} [[plural]] de '''''[[qualsevol#Pronome|qualsevol]]''''':
#: '''''Qualssevol''' que foren les {{link preto|seues}} {{link preto|intencion}}s, el {{link preto|fet}} és que Wright [[no#{{ca}}|no]] [[tornar#{{ca}}|va tornar]] a [[Itàlia]], {{link preto|sinó}} que {{link preto|poc}} {{link preto|després}} {{l.o.|venir|va fer venir}} la {{link preto|seua}} [[família#{{ca}}|família]] a {{link preto|Anglaterra}}.'' &lt;small&gt;({{l.o.|quaisquer|Quaisquer}} que [[ser#Verbo|tenham sido]] [[suas#Pronome|suas]] {{o/a|intenç|ões|ão}}, o [[fato]] é que Wright [[não]] {{o/a|retorn|ou|ar}} [[à]] [[Itália]], [[mas]] [[logo]] [[depois]] [[ir|foi]] com sua [[família]] para a [[Inglaterra]].)&lt;/small&gt;

===Grafias alternativas===
* {{escopo|cor=navy|arcaico}} {{link preto|quals se vol}}

==Forma de substantivo==
{{flex.ca|s=[[qualsevol]]|p=[[qualssevol]]|s-div=qual.se.{{grifar|vol}}|p-div=quals.se.{{grifar|vol}}}}
'''quals.se.{{grifar|vol}}''' {{c2g}}, {{p}}
# {{l.s.|forma}} [[plural]] de '''''{{l.s.|qualsevol}}'''''.
{{limpar}}

==Etimologia==
:De {{etimo|ca|quals}} + {{etimo|ca|se}} + {{etimo|la|vol}} (&quot;[[quem]] [[quer]] [[que]]&quot; — ''[[plural]]'').

==Pronúncia==
===Catalão ocidental===
* [[AFI]]: {{AFI|/kwaɫ.se'βɔɫ/}}
* [[X-SAMPA]]: /kwa5.se&quot;BO5/
====[[valenciano|Valenciano]]====
* [[AFI]]: {{AFI|/ku.an.se'βɔɫ/}}
* [[X-SAMPA]]: /ku.an.se&quot;BO5/
===Catalão oriental===
* [[AFI]]: {{AFI|/kwaɫ.sə.βɔɫ/}}
* [[X-SAMPA]]: /kwa5.s@&quot;BO5/
====Alguerês====
* [[AFI]]: {{AFI|/kwal.sa.vɔɫ/}}
* [[X-SAMPA]]: /kwal.sa&quot;vO5/
====Balear====
* [[AFI]]: {{AFI|/kwal.sə.vɔ̞ɫ/}}
* [[X-SAMPA]]: /kwal.s@&quot;vO_o5/
====Menorquino====
* [[AFI]]: {{AFI|/kwan.sə.vɔ̞ɫ/}}
* [[X-SAMPA]]: /kwan.s@&quot;vO_o5/

==Ver também==
===Referências===
{{verTambém.Ini}}
* [http://dcvb.iec.cat/ Diccionari català-valencià-balear (IEC) (em catalão)]
* [http://ec.grec.net/cgi-bin/AppDLC3.exe?APP=CERCADLC&amp;GECART={{urlencode:{{PAGENAME}}}}{{#if:|{{#switch:{{{CE1}}}|à=%E0|è=%E8|é=%E9|í=%ED|ï=%EF|ò=%F2|ó=%F3|ú=%FA|ü=%FC|ç=%E7|·=%B7| =_|{{{CE1}}}}}}}{{#if:|{{{PAR2}}}}}{{#if:|{{#switch:{{{CE2}}}|  =_|à=%E0|è=%E8|é=%E9|í=%ED|ï=%EF|ò=%F2|ó=%F3|ú=%FA|ü=%FC|ç=%E7|·=%B7| =_|{{{CE2}}}}}}}{{#if:|{{{PAR3}}}}} ''{{PAGENAME}}'' no Gran Dicionario de la Llengua Catalana (GREC) (em catalão)]
{{verTambém.Fim}}

{{categorias|Catalão|Forma de adjetivo|Forma de pronome|Forma de substantivo|Trissílabo|Oxítona|Entrada com etimologia|Entrada com pronúncia}}
{{categorias|Valenciano|Forma de adjetivo|Forma de pronome|Forma de substantivo|Trissílabo|Oxítona|Entrada com etimologia|Entrada com pronúncia}}

[[en:qualssevol]]</text>
<sha1>6dj3f1thybf5hmvt9uqw9lmpajhjobq</sha1>
</revision>
<revision>
<id>1789423</id>
<parentid>1588443</parentid>
<timestamp>2013-12-18T22:14:39Z</timestamp>
<contributor>
<username>MalafayaBot</username>
<id>628</id>
</contributor>
<minor />
<comment>r2.7.5) (Robô: A adicionar: [[mg:qualssevol]]</comment>
<model>wikitext</model>
<format>text/x-wiki</format>
<text bytes="3356" xml:space="preserve">={{-ca-}}=
==Forma de adjetivo==
{{flex.ca|s=[[qualsevol]]|p=[[qualssevol]]|s-div=qual.se.{{grifar|vol}}|p-div=quals.se.{{grifar|vol}}}}
'''quals.se.{{grifar|vol}}''' {{c2g}}, {{p}}
# {{l.s.|forma}} [[plural]] de '''''[[qualsevol]]''''':
#: ''En el {{link preto|tetraedre}} {{link preto|dues}} [[cara#{{ca}}|cares]] '''qualssevol''' són [[sempre#{{ca}}|sempre]] {{link preto|adjacent}}s.'' &lt;small&gt;(No [[tetraedro]], [[dois|duas]] [[face]]s [[quaisquer]] são [[sempre]] [[adjacente]]s.)&lt;/small&gt;
{{limpar}}

==Forma de pronome==
{{flex.ca|s=[[qualsevol]]|p=[[qualssevol]]|s-div=qual.se.{{grifar|vol}}|p-div=quals.se.{{grifar|vol}}}}
'''quals.se.{{grifar|vol}}''' {{p}}, ''indefinido''
# {{l.s.|forma}} [[plural]] de '''''[[qualsevol#Pronome|qualsevol]]''''':
#: '''''Qualssevol''' que foren les {{link preto|seues}} {{link preto|intencion}}s, el {{link preto|fet}} és que Wright [[no#{{ca}}|no]] [[tornar#{{ca}}|va tornar]] a [[Itàlia]], {{link preto|sinó}} que {{link preto|poc}} {{link preto|després}} {{l.o.|venir|va fer venir}} la {{link preto|seua}} [[família#{{ca}}|família]] a {{link preto|Anglaterra}}.'' &lt;small&gt;({{l.o.|quaisquer|Quaisquer}} que [[ser#Verbo|tenham sido]] [[suas#Pronome|suas]] {{o/a|intenç|ões|ão}}, o [[fato]] é que Wright [[não]] {{o/a|retorn|ou|ar}} [[à]] [[Itália]], [[mas]] [[logo]] [[depois]] [[ir|foi]] com sua [[família]] para a [[Inglaterra]].)&lt;/small&gt;

===Grafias alternativas===
* {{escopo|cor=navy|arcaico}} {{link preto|quals se vol}}

==Forma de substantivo==
{{flex.ca|s=[[qualsevol]]|p=[[qualssevol]]|s-div=qual.se.{{grifar|vol}}|p-div=quals.se.{{grifar|vol}}}}
'''quals.se.{{grifar|vol}}''' {{c2g}}, {{p}}
# {{l.s.|forma}} [[plural]] de '''''{{l.s.|qualsevol}}'''''.
{{limpar}}

==Etimologia==
:De {{etimo|ca|quals}} + {{etimo|ca|se}} + {{etimo|la|vol}} (&quot;[[quem]] [[quer]] [[que]]&quot; — ''[[plural]]'').

==Pronúncia==
===Catalão ocidental===
* [[AFI]]: {{AFI|/kwaɫ.se'βɔɫ/}}
* [[X-SAMPA]]: /kwa5.se&quot;BO5/
====[[valenciano|Valenciano]]====
* [[AFI]]: {{AFI|/ku.an.se'βɔɫ/}}
* [[X-SAMPA]]: /ku.an.se&quot;BO5/
===Catalão oriental===
* [[AFI]]: {{AFI|/kwaɫ.sə.βɔɫ/}}
* [[X-SAMPA]]: /kwa5.s@&quot;BO5/
====Alguerês====
* [[AFI]]: {{AFI|/kwal.sa.vɔɫ/}}
* [[X-SAMPA]]: /kwal.sa&quot;vO5/
====Balear====
* [[AFI]]: {{AFI|/kwal.sə.vɔ̞ɫ/}}
* [[X-SAMPA]]: /kwal.s@&quot;vO_o5/
====Menorquino====
* [[AFI]]: {{AFI|/kwan.sə.vɔ̞ɫ/}}
* [[X-SAMPA]]: /kwan.s@&quot;vO_o5/

==Ver também==
===Referências===
{{verTambém.Ini}}
* [http://dcvb.iec.cat/ Diccionari català-valencià-balear (IEC) (em catalão)]
* [http://ec.grec.net/cgi-bin/AppDLC3.exe?APP=CERCADLC&amp;GECART={{urlencode:{{PAGENAME}}}}{{#if:|{{#switch:{{{CE1}}}|à=%E0|è=%E8|é=%E9|í=%ED|ï=%EF|ò=%F2|ó=%F3|ú=%FA|ü=%FC|ç=%E7|·=%B7| =_|{{{CE1}}}}}}}{{#if:|{{{PAR2}}}}}{{#if:|{{#switch:{{{CE2}}}|  =_|à=%E0|è=%E8|é=%E9|í=%ED|ï=%EF|ò=%F2|ó=%F3|ú=%FA|ü=%FC|ç=%E7|·=%B7| =_|{{{CE2}}}}}}}{{#if:|{{{PAR3}}}}} ''{{PAGENAME}}'' no Gran Dicionario de la Llengua Catalana (GREC) (em catalão)]
{{verTambém.Fim}}

{{categorias|Catalão|Forma de adjetivo|Forma de pronome|Forma de substantivo|Trissílabo|Oxítona|Entrada com etimologia|Entrada com pronúncia}}
{{categorias|Valenciano|Forma de adjetivo|Forma de pronome|Forma de substantivo|Trissílabo|Oxítona|Entrada com etimologia|Entrada com pronúncia}}

[[en:qualssevol]]
[[mg:qualssevol]]</text>
<sha1>i0ydklxkpcxilb3fx9goivddamgf0ys</sha1>
</revision>
<revision>
<id>2396749</id>
<parentid>1789423</parentid>
<timestamp>2017-05-13T11:00:11Z</timestamp>
<contributor>
<username>HydrizBot</username>
<id>29590</id>
</contributor>
<minor />
<comment>Robô: A limpar links interwikis antigos</comment>
<model>wikitext</model>
<format>text/x-wiki</format>
<text bytes="3319" xml:space="preserve">={{-ca-}}=
==Forma de adjetivo==
{{flex.ca|s=[[qualsevol]]|p=[[qualssevol]]|s-div=qual.se.{{grifar|vol}}|p-div=quals.se.{{grifar|vol}}}}
'''quals.se.{{grifar|vol}}''' {{c2g}}, {{p}}
# {{l.s.|forma}} [[plural]] de '''''[[qualsevol]]''''':
#: ''En el {{link preto|tetraedre}} {{link preto|dues}} [[cara#{{ca}}|cares]] '''qualssevol''' són [[sempre#{{ca}}|sempre]] {{link preto|adjacent}}s.'' &lt;small&gt;(No [[tetraedro]], [[dois|duas]] [[face]]s [[quaisquer]] são [[sempre]] [[adjacente]]s.)&lt;/small&gt;
{{limpar}}

==Forma de pronome==
{{flex.ca|s=[[qualsevol]]|p=[[qualssevol]]|s-div=qual.se.{{grifar|vol}}|p-div=quals.se.{{grifar|vol}}}}
'''quals.se.{{grifar|vol}}''' {{p}}, ''indefinido''
# {{l.s.|forma}} [[plural]] de '''''[[qualsevol#Pronome|qualsevol]]''''':
#: '''''Qualssevol''' que foren les {{link preto|seues}} {{link preto|intencion}}s, el {{link preto|fet}} és que Wright [[no#{{ca}}|no]] [[tornar#{{ca}}|va tornar]] a [[Itàlia]], {{link preto|sinó}} que {{link preto|poc}} {{link preto|després}} {{l.o.|venir|va fer venir}} la {{link preto|seua}} [[família#{{ca}}|família]] a {{link preto|Anglaterra}}.'' &lt;small&gt;({{l.o.|quaisquer|Quaisquer}} que [[ser#Verbo|tenham sido]] [[suas#Pronome|suas]] {{o/a|intenç|ões|ão}}, o [[fato]] é que Wright [[não]] {{o/a|retorn|ou|ar}} [[à]] [[Itália]], [[mas]] [[logo]] [[depois]] [[ir|foi]] com sua [[família]] para a [[Inglaterra]].)&lt;/small&gt;

===Grafias alternativas===
* {{escopo|cor=navy|arcaico}} {{link preto|quals se vol}}

==Forma de substantivo==
{{flex.ca|s=[[qualsevol]]|p=[[qualssevol]]|s-div=qual.se.{{grifar|vol}}|p-div=quals.se.{{grifar|vol}}}}
'''quals.se.{{grifar|vol}}''' {{c2g}}, {{p}}
# {{l.s.|forma}} [[plural]] de '''''{{l.s.|qualsevol}}'''''.
{{limpar}}

==Etimologia==
:De {{etimo|ca|quals}} + {{etimo|ca|se}} + {{etimo|la|vol}} (&quot;[[quem]] [[quer]] [[que]]&quot; — ''[[plural]]'').

==Pronúncia==
===Catalão ocidental===
* [[AFI]]: {{AFI|/kwaɫ.se'βɔɫ/}}
* [[X-SAMPA]]: /kwa5.se&quot;BO5/
====[[valenciano|Valenciano]]====
* [[AFI]]: {{AFI|/ku.an.se'βɔɫ/}}
* [[X-SAMPA]]: /ku.an.se&quot;BO5/
===Catalão oriental===
* [[AFI]]: {{AFI|/kwaɫ.sə.βɔɫ/}}
* [[X-SAMPA]]: /kwa5.s@&quot;BO5/
====Alguerês====
* [[AFI]]: {{AFI|/kwal.sa.vɔɫ/}}
* [[X-SAMPA]]: /kwal.sa&quot;vO5/
====Balear====
* [[AFI]]: {{AFI|/kwal.sə.vɔ̞ɫ/}}
* [[X-SAMPA]]: /kwal.s@&quot;vO_o5/
====Menorquino====
* [[AFI]]: {{AFI|/kwan.sə.vɔ̞ɫ/}}
* [[X-SAMPA]]: /kwan.s@&quot;vO_o5/

==Ver também==
===Referências===
{{verTambém.Ini}}
* [http://dcvb.iec.cat/ Diccionari català-valencià-balear (IEC) (em catalão)]
* [http://ec.grec.net/cgi-bin/AppDLC3.exe?APP=CERCADLC&amp;GECART={{urlencode:{{PAGENAME}}}}{{#if:|{{#switch:{{{CE1}}}|à=%E0|è=%E8|é=%E9|í=%ED|ï=%EF|ò=%F2|ó=%F3|ú=%FA|ü=%FC|ç=%E7|·=%B7| =_|{{{CE1}}}}}}}{{#if:|{{{PAR2}}}}}{{#if:|{{#switch:{{{CE2}}}|  =_|à=%E0|è=%E8|é=%E9|í=%ED|ï=%EF|ò=%F2|ó=%F3|ú=%FA|ü=%FC|ç=%E7|·=%B7| =_|{{{CE2}}}}}}}{{#if:|{{{PAR3}}}}} ''{{PAGENAME}}'' no Gran Dicionario de la Llengua Catalana (GREC) (em catalão)]
{{verTambém.Fim}}

{{categorias|Catalão|Forma de adjetivo|Forma de pronome|Forma de substantivo|Trissílabo|Oxítona|Entrada com etimologia|Entrada com pronúncia}}
{{categorias|Valenciano|Forma de adjetivo|Forma de pronome|Forma de substantivo|Trissílabo|Oxítona|Entrada com etimologia|Entrada com pronúncia}}</text>
<sha1>58wbqzzvrchzp3ha57mzxdwqoplyiv9</sha1>
</revision>
<revision>
<id>2462534</id>
<parentid>2396749</parentid>
<timestamp>2017-11-23T19:21:32Z</timestamp>
<contributor>
<username>ValJor</username>
<id>1358</id>
</contributor>
<comment>Trocando escopo por escopo2</comment>
<model>wikitext</model>
<format>text/x-wiki</format>
<text bytes="2890" xml:space="preserve">={{-ca-}}=
==Forma de adjetivo==
{{flex.ca|s=qualsevol|p=qualssevol|s-div=qual.se.{{grifar|vol}}|p-div=quals.se.{{grifar|vol}}}}
'''quals.se.{{grifar|vol}}''', {{gramática|c2g|p}}
# forma plural de [[qualsevol]]:
#* ''En el tetraedre dues cares '''qualssevol''' són sempre adjacents.'' &lt;small&gt;(No tetraedro, duas faces quaisquer são sempre adjacentes.)&lt;/small&gt;

==Forma de pronome==
{{flex.ca|s=qualsevol|p=qualssevol|s-div=qual.se.{{grifar|vol}}|p-div=quals.se.{{grifar|vol}}}}
'''quals.se.{{grifar|vol}}''', {{gramática|p}}, ''indefinido''
# forma plural de [[qualsevol]]:
#* '''''Qualssevol''' que foren les seues intencions, el fet és que Wright no va tornar a Itàlia, sinó que poc després va fer venir la seua família a Anglaterra.'' &lt;small&gt;(Quaisquer que tenham sido suas intenções, o fato é que Wright não retornou à Itália, mas logo depois foi com sua família para a Inglaterra.)&lt;/small&gt;

==={{-varort-}}===
* {{escopo2|arcaico}} {{link preto|quals se vol}}

==Forma de substantivo==
{{flex.ca|s=qualsevol|p=qualssevol|s-div=qual.se.{{grifar|vol}}|p-div=quals.se.{{grifar|vol}}}}
'''quals.se.{{grifar|vol}}''', {{gramática|c2g|p}}
# forma plural de [[qualsevol]]

=={{etimologia|ca}}==
: {{escopo|Morfologia}} {{etimo|ca|quals}} + {{etimo|ca|se}} + {{etimo|la|vol}} (&quot;quem quer que&quot; — plural).

=={{pronúncia|ca}}==
===Catalão ocidental===
* [[AFI]]: {{AFI|/kwaɫ.se'βɔɫ/}}
* [[X-SAMPA]]: /kwa5.se&quot;BO5/
====Valenciano====
* [[AFI]]: {{AFI|/ku.an.se'βɔɫ/}}
* [[X-SAMPA]]: /ku.an.se&quot;BO5/
===Catalão oriental===
* [[AFI]]: {{AFI|/kwaɫ.sə.βɔɫ/}}
* [[X-SAMPA]]: /kwa5.s@&quot;BO5/
====Alguerês====
* [[AFI]]: {{AFI|/kwal.sa.vɔɫ/}}
* [[X-SAMPA]]: /kwal.sa&quot;vO5/
====Balear====
* [[AFI]]: {{AFI|/kwal.sə.vɔ̞ɫ/}}
* [[X-SAMPA]]: /kwal.s@&quot;vO_o5/
====Menorquino====
* [[AFI]]: {{AFI|/kwan.sə.vɔ̞ɫ/}}
* [[X-SAMPA]]: /kwan.s@&quot;vO_o5/

==Ver também==
===Referências===
{{verTambém.Ini}}
* [http://dcvb.iec.cat/ Diccionari català-valencià-balear (IEC) (em catalão)]
* [http://ec.grec.net/cgi-bin/AppDLC3.exe?APP=CERCADLC&amp;GECART={{urlencode:{{PAGENAME}}}}{{#if:|{{#switch:{{{CE1}}}|à=%E0|è=%E8|é=%E9|í=%ED|ï=%EF|ò=%F2|ó=%F3|ú=%FA|ü=%FC|ç=%E7|·=%B7| =_|{{{CE1}}}}}}}{{#if:|{{{PAR2}}}}}{{#if:|{{#switch:{{{CE2}}}|  =_|à=%E0|è=%E8|é=%E9|í=%ED|ï=%EF|ò=%F2|ó=%F3|ú=%FA|ü=%FC|ç=%E7|·=%B7| =_|{{{CE2}}}}}}}{{#if:|{{{PAR3}}}}} ''{{PAGENAME}}'' no Gran Dicionario de la Llengua Catalana (GREC) (em catalão)]
{{verTambém.Fim}}

[[Categoria:Forma de adjetivo (Catalão)]]
[[Categoria:Forma de pronome (Catalão)]]
[[Categoria:Forma de substantivo (Catalão)]]
[[Categoria:Trissílabo (Catalão)]]
[[Categoria:Oxítona (Catalão)]]
[[Categoria:Forma de adjetivo (Valenciano)]]
[[Categoria:Forma de pronome (Valenciano)]]
[[Categoria:Forma de substantivo (Valenciano)]]
[[Categoria:Trissílabo (Valenciano)]]
[[Categoria:Oxítona (Valenciano)]]</text>
<sha1>b8cezqrdboqqwpgxeyd82ki74w0oodl</sha1>
</revision>
</page>
