<title>qualificável</title>
<ns>0</ns>
<id>346357</id>
<revision>
<id>2026541</id>
<timestamp>2015-10-27T22:07:44Z</timestamp>
<contributor>
<ip>187.40.13.239</ip>
</contributor>
<comment>[[Ajuda:Guia de edição/Menus e ferramentas/Sumário de edição|→]] nova página: Que se pode qualificar.</comment>
<model>wikitext</model>
<format>text/x-wiki</format>
<text bytes="23" xml:space="preserve">Que se pode qualificar.</text>
<sha1>5y2qk5d4wey0etxuluipbr0rlpw708d</sha1>
</revision>
<revision>
<id>2030482</id>
<parentid>2026541</parentid>
<timestamp>2015-10-31T08:33:57Z</timestamp>
<contributor>
<username>ValJor</username>
<id>1358</id>
</contributor>
<comment>Por um [[Especial:Páginas_sem_saída|wikcionário com saídas]]!</comment>
<model>wikitext</model>
<format>text/x-wiki</format>
<text bytes="259" xml:space="preserve">={{-pt-}}=
==Adjetivo==
{{flex.pt|s=qualificável|p=qualificáveis}}
{{paroxítona|qua|li|fi|cá|vel}}, {{c2g}}
# que se pode [[qualificar]]

===Antônimo===
* [[inqualificável]]

==Ligações externas==
* {{DicioAberto}}

[[Categoria:Adjetivo (Português)]]</text>
<sha1>1p0282zspy764shjmn1k4uupp340aao</sha1>
</revision>
</page>
