<title>qualira</title>
<ns>0</ns>
<id>52295</id>
<revision>
<id>207087</id>
<timestamp>2006-12-10T21:36:45Z</timestamp>
<contributor>
<ip>201.5.47.4</ip>
</contributor>
<comment>[[Ajuda:Menus e funções/Sumário de edição#Sumário de edição automático|→]] nova página: QUALIRA - Expressão usada no Maranhão. É o mesmo que veado, paneleiro, homossexual, baitola, ga...</comment>
<model>wikitext</model>
<format>text/x-wiki</format>
<text bytes="106" xml:space="preserve">QUALIRA - Expressão usada no Maranhão. É o mesmo que veado, paneleiro, homossexual, baitola, gay etc...</text>
<sha1>e0i381x75pm6vtdpyxs4x5nyqf561nx</sha1>
</revision>
<revision>
<id>207088</id>
<parentid>207087</parentid>
<timestamp>2006-12-10T21:37:54Z</timestamp>
<contributor>
<ip>201.5.47.4</ip>
</contributor>
<model>wikitext</model>
<format>text/x-wiki</format>
<text bytes="114" xml:space="preserve">QUALIRA (giria) - Expressão usada no Maranhão. É o mesmo que veado, paneleiro, homossexual, baitola, gay etc...</text>
<sha1>5lpi0dkuitzz4ulni6xx5sjggeyrh9z</sha1>
</revision>
<revision>
<id>207089</id>
<parentid>207088</parentid>
<timestamp>2006-12-10T21:38:40Z</timestamp>
<contributor>
<ip>201.5.47.4</ip>
</contributor>
<model>wikitext</model>
<format>text/x-wiki</format>
<text bytes="115" xml:space="preserve">QUALIRA (gíria) - Expressão usada no Maranhão. É o mesmo que veado, paneleiro, homossexual, baitola, gay etc...</text>
<sha1>8y7soqx681w1brud1c6ec2maq6rhf1o</sha1>
</revision>
<revision>
<id>207254</id>
<parentid>207089</parentid>
<timestamp>2006-12-11T01:53:39Z</timestamp>
<contributor>
<username>ValJor</username>
<id>1358</id>
</contributor>
<comment>Wikificando</comment>
<model>wikitext</model>
<format>text/x-wiki</format>
<text bytes="322" xml:space="preserve">=Português=
==Substantivo==
{{flex.pt.subst.masculino|MS=qualira|MP=qualiras}}
'''qua.&lt;u&gt;li&lt;/u&gt;.ra'''
# {{escopo|Brasil, Maranhão, Gíria}} [[veado]], [[paneleiro]], [[homossexual]], [[baitola]], [[gay]]
[[Categoria:Substantivo (Português)]]
[[Categoria:Trissílabo (Português)]]
[[Categoria:Paroxítona (Português)]]</text>
<sha1>f7leofzn6rebvq4ffh92csgxfl9daxg</sha1>
</revision>
<revision>
<id>291085</id>
<parentid>207254</parentid>
<timestamp>2007-08-14T21:21:43Z</timestamp>
<contributor>
<ip>189.12.241.95</ip>
</contributor>
<model>wikitext</model>
<format>text/x-wiki</format>
<text bytes="1129" xml:space="preserve">=Português=
==Substantivo==
{{flex.pt.subst.masculino|MS=qualira|MP=qualiras}}
'''qua.&lt;u&gt;li&lt;/u&gt;.ra'''
# {{escopo|Brasil, Maranhão, Gíria}} [[veado]], [[paneleiro]], [[homossexual]], [[baitola]], [[gay]]
[[Categoria:Substantivo (Português)]]
[[Categoria:Trissílabo (Português)]]
[[Categoria:Paroxítona (Português)]]

ORIGEM DA PALAVRA
Termo comum encontrado no Maranhão. Que, de acordo com as pessoas mais antigas do estado, surgiu no carnaval que era basicamente de rua. Onde existia vários blocos carnavalescos fazendo alegria da população com seus instrumentos musicais e marchinhas de carnaval pelas ruas da Capital, São Luís. Dizem que em um desses blocos havia um rapaz afeminado que se destacava por tocar lira (instrumento de cordas dedilháveis ou tocadas com plectro, de larga difusão na Antiguidade). Daí sempre que ele aparecia as pessoas gritavam: &quot;la vem ele com a lira&quot; e nisso foi diminuindo a frase &quot;com a lira&quot; até chegar a &quot;qualira&quot;. Por ser afeminado o termo foi associado a todos os afeminados do estado. Daí em diante, no Maranhão, todos homossexuais são chamado popularmente de Qualiras.</text>
<sha1>dsi6oewj01odbk383rtq6lbl2xolc9x</sha1>
</revision>
<revision>
<id>291086</id>
<parentid>291085</parentid>
<timestamp>2007-08-14T21:23:42Z</timestamp>
<contributor>
<ip>189.12.241.95</ip>
</contributor>
<comment>/* Substantivo */</comment>
<model>wikitext</model>
<format>text/x-wiki</format>
<text bytes="1139" xml:space="preserve">=Português=
==Substantivo==
{{flex.pt.subst.masculino|MS=qualira|MP=qualiras}}
'''qua.&lt;u&gt;li&lt;/u&gt;.ra'''
# {{escopo|Brasil, Maranhão, Gíria}} [[veado]], [[paneleiro]], [[homossexual]], [[baitola]], [[gay]]
[[Categoria:Substantivo (Português)]]
[[Categoria:Trissílabo (Português)]]
[[Categoria:Paroxítona (Português)]]

2. '''ORIGEM DA PALAVRA'''

Termo comum encontrado no Maranhão. Que, de acordo com as pessoas mais antigas do estado, surgiu no carnaval que era basicamente de rua. Onde existia vários blocos carnavalescos fazendo alegria da população com seus instrumentos musicais e marchinhas de carnaval pelas ruas da Capital, São Luís. Dizem que em um desses blocos havia um rapaz afeminado que se destacava por tocar lira (instrumento de cordas dedilháveis ou tocadas com plectro, de larga difusão na Antiguidade). Daí sempre que ele aparecia as pessoas gritavam: &quot;la vem ele com a lira&quot; e nisso foi diminuindo a frase &quot;com a lira&quot; até chegar a &quot;qualira&quot;. Por ser afeminado o termo foi associado a todos os afeminados do estado. Daí em diante, no Maranhão, todos homossexuais são chamado popularmente de Qualiras.</text>
<sha1>imjlvcjgs6no3csfu6amt2jnk7ui0qf</sha1>
</revision>
<revision>
<id>291087</id>
<parentid>291086</parentid>
<timestamp>2007-08-14T21:24:20Z</timestamp>
<contributor>
<ip>189.12.241.95</ip>
</contributor>
<comment>/* Substantivo */</comment>
<model>wikitext</model>
<format>text/x-wiki</format>
<text bytes="1142" xml:space="preserve">=Português=
==Substantivo==
{{flex.pt.subst.masculino|MS=qualira|MP=qualiras}}
'''qua.&lt;u&gt;li&lt;/u&gt;.ra'''
# {{escopo|Brasil, Maranhão, Gíria}} [[veado]], [[paneleiro]], [[homossexual]], [[baitola]], [[gay]]
[[Categoria:Substantivo (Português)]]
[[Categoria:Trissílabo (Português)]]
[[Categoria:Paroxítona (Português)]]


2. '''ORIGEM DA PALAVRA'''

Termo comum encontrado no Maranhão. Que, de acordo com as pessoas mais antigas do estado, surgiu no carnaval que era basicamente de rua. Onde existia vários blocos carnavalescos fazendo alegria da população com seus instrumentos musicais e marchinhas de carnaval pelas ruas da Capital, São Luís. Dizem que em um desses blocos havia um rapaz afeminado que se destacava por tocar lira (instrumento de cordas dedilháveis ou tocadas com plectro, de larga difusão na Antiguidade). Daí sempre que ele aparecia as pessoas gritavam: &quot;la vem ele com a lira&quot; e nisso foi diminuindo a frase &quot;com a lira&quot; até chegar a &quot;qualira&quot;. Por ser afeminado o termo foi associado a todos os afeminados do estado. Daí em diante, no Maranhão, todos homossexuais são chamado popularmente de Qualiras.</text>
<sha1>n5mqmt14k3dfy1gxdl6mgnrckdadabu</sha1>
</revision>
<revision>
<id>363296</id>
<parentid>291087</parentid>
<timestamp>2008-06-24T23:15:32Z</timestamp>
<contributor>
<ip>201.86.151.233</ip>
</contributor>
<comment>/* Substantivo */</comment>
<model>wikitext</model>
<format>text/x-wiki</format>
<text bytes="1178" xml:space="preserve">=Português=
==Substantivo==
{{flex.pt.subst.masculino|MS=qualira|MP=qualiras}}
'''qua.&lt;u&gt;li&lt;/u&gt;.ra'''
# {{escopo|Brasil, Maranhão, Gíria}} [[veado]], [[paneleiro]], [[homossexual]], [[baitola]], [[gay]], waltz, leo, fabricio, guga, aranha
[[Categoria:Substantivo (Português)]]
[[Categoria:Trissílabo (Português)]]
[[Categoria:Paroxítona (Português)]]


2. '''ORIGEM DA PALAVRA'''

Termo comum encontrado no Maranhão. Que, de acordo com as pessoas mais antigas do estado, surgiu no carnaval que era basicamente de rua. Onde existia vários blocos carnavalescos fazendo alegria da população com seus instrumentos musicais e marchinhas de carnaval pelas ruas da Capital, São Luís. Dizem que em um desses blocos havia um rapaz afeminado que se destacava por tocar lira (instrumento de cordas dedilháveis ou tocadas com plectro, de larga difusão na Antiguidade). Daí sempre que ele aparecia as pessoas gritavam: &quot;la vem ele com a lira&quot; e nisso foi diminuindo a frase &quot;com a lira&quot; até chegar a &quot;qualira&quot;. Por ser afeminado o termo foi associado a todos os afeminados do estado. Daí em diante, no Maranhão, todos homossexuais são chamado popularmente de Qualiras.</text>
<sha1>cu6jsqgjyizf9fxcw2imzlsjup3yauf</sha1>
</revision>
<revision>
<id>363331</id>
<parentid>363296</parentid>
<timestamp>2008-06-25T00:34:48Z</timestamp>
<contributor>
<username>ValJor</username>
<id>1358</id>
</contributor>
<minor />
<comment>Revertido para a última das edições de 189.12.241.95</comment>
<model>wikitext</model>
<format>text/x-wiki</format>
<text bytes="1142" xml:space="preserve">=Português=
==Substantivo==
{{flex.pt.subst.masculino|MS=qualira|MP=qualiras}}
'''qua.&lt;u&gt;li&lt;/u&gt;.ra'''
# {{escopo|Brasil, Maranhão, Gíria}} [[veado]], [[paneleiro]], [[homossexual]], [[baitola]], [[gay]]
[[Categoria:Substantivo (Português)]]
[[Categoria:Trissílabo (Português)]]
[[Categoria:Paroxítona (Português)]]


2. '''ORIGEM DA PALAVRA'''

Termo comum encontrado no Maranhão. Que, de acordo com as pessoas mais antigas do estado, surgiu no carnaval que era basicamente de rua. Onde existia vários blocos carnavalescos fazendo alegria da população com seus instrumentos musicais e marchinhas de carnaval pelas ruas da Capital, São Luís. Dizem que em um desses blocos havia um rapaz afeminado que se destacava por tocar lira (instrumento de cordas dedilháveis ou tocadas com plectro, de larga difusão na Antiguidade). Daí sempre que ele aparecia as pessoas gritavam: &quot;la vem ele com a lira&quot; e nisso foi diminuindo a frase &quot;com a lira&quot; até chegar a &quot;qualira&quot;. Por ser afeminado o termo foi associado a todos os afeminados do estado. Daí em diante, no Maranhão, todos homossexuais são chamado popularmente de Qualiras.</text>
<sha1>n5mqmt14k3dfy1gxdl6mgnrckdadabu</sha1>
</revision>
<revision>
<id>370806</id>
<parentid>363331</parentid>
<timestamp>2008-07-29T17:27:19Z</timestamp>
<contributor>
<ip>189.61.9.195</ip>
</contributor>
<comment>/* Substantivo */</comment>
<model>wikitext</model>
<format>text/x-wiki</format>
<text bytes="1167" xml:space="preserve">=Português=
==Substantivo==
{{flex.pt.subst.masculino|MS=qualira|MP=qualiras}}
'''qua.&lt;u&gt;li&lt;/u&gt;.ra'''
# {{escopo|Brasil, Maranhão, Gíria}} [[veado]], [[paneleiro]], [[homossexual]], [[baitola]], [[gay]]
[[Categoria:Substantivo (Português)]]
[[Categoria:Trissílabo (Português)]]
[[Categoria:Paroxítona (Português)]]


2. '''ORIGEM DA PALAVRA'''

Termo comum encontrado no Maranhão. Que, de acordo com as pessoas mais antigas do estado, surgiu no carnaval que era basicamente de rua. Onde existia vários blocos carnavalescos fazendo alegria da população com seus instrumentos musicais e marchinhas de carnaval pelas ruas da Capital, São Luís. Dizem que em um desses blocos havia um rapaz afeminado (renato em suas férias) que se destacava por tocar lira (instrumento de cordas dedilháveis ou tocadas com plectro, de larga difusão na Antiguidade). Daí sempre que ele aparecia as pessoas gritavam: &quot;la vem ele com a lira&quot; e nisso foi diminuindo a frase &quot;com a lira&quot; até chegar a &quot;qualira&quot;. Por ser afeminado o termo foi associado a todos os afeminados do estado. Daí em diante, no Maranhão, todos homossexuais são chamado popularmente de Qualiras.</text>
<sha1>nfn4v7d4u8etwyasidw7vkyiyap06u2</sha1>
</revision>
<revision>
<id>370815</id>
<parentid>370806</parentid>
<timestamp>2008-07-29T18:19:58Z</timestamp>
<contributor>
<username>ValJor</username>
<id>1358</id>
</contributor>
<minor />
<comment>Revertido para a última das edições de ValJor</comment>
<model>wikitext</model>
<format>text/x-wiki</format>
<text bytes="1142" xml:space="preserve">=Português=
==Substantivo==
{{flex.pt.subst.masculino|MS=qualira|MP=qualiras}}
'''qua.&lt;u&gt;li&lt;/u&gt;.ra'''
# {{escopo|Brasil, Maranhão, Gíria}} [[veado]], [[paneleiro]], [[homossexual]], [[baitola]], [[gay]]
[[Categoria:Substantivo (Português)]]
[[Categoria:Trissílabo (Português)]]
[[Categoria:Paroxítona (Português)]]


2. '''ORIGEM DA PALAVRA'''

Termo comum encontrado no Maranhão. Que, de acordo com as pessoas mais antigas do estado, surgiu no carnaval que era basicamente de rua. Onde existia vários blocos carnavalescos fazendo alegria da população com seus instrumentos musicais e marchinhas de carnaval pelas ruas da Capital, São Luís. Dizem que em um desses blocos havia um rapaz afeminado que se destacava por tocar lira (instrumento de cordas dedilháveis ou tocadas com plectro, de larga difusão na Antiguidade). Daí sempre que ele aparecia as pessoas gritavam: &quot;la vem ele com a lira&quot; e nisso foi diminuindo a frase &quot;com a lira&quot; até chegar a &quot;qualira&quot;. Por ser afeminado o termo foi associado a todos os afeminados do estado. Daí em diante, no Maranhão, todos homossexuais são chamado popularmente de Qualiras.</text>
<sha1>n5mqmt14k3dfy1gxdl6mgnrckdadabu</sha1>
</revision>
<revision>
<id>377592</id>
<parentid>370815</parentid>
<timestamp>2008-08-30T11:25:28Z</timestamp>
<contributor>
<username>ValJor</username>
<id>1358</id>
</contributor>
<comment>Melhorando a apresentação do verbete usando a [[:predefinição:cria-verbete]]</comment>
<model>wikitext</model>
<format>text/x-wiki</format>
<text bytes="1210" xml:space="preserve">=Português=
==Substantivo==
{{flex.pt.masculino|s=qualira|p=qualiras}}
'''qua.&lt;u&gt;li&lt;/u&gt;.ra'''
# {{escopo|Brasil, Maranhão, Gíria}} [[veado]], [[paneleiro]], [[homossexual]], [[baitola]], [[gay]]
=={{etimologia}}==
: Termo comum encontrado no Maranhão; de acordo com as pessoas mais antigas do estado surgiu no carnaval, que era basicamente de rua e no qual se apresentavam vários blocos carnavalescos fazendo alegria da população com seus instrumentos musicais e marchinhas de carnaval pelas ruas da capital, São Luís. Dizem que em um desses blocos havia um rapaz afeminado que se destacava por tocar lira (instrumento de cordas dedilháveis ou tocadas com plectro, de larga difusão na Antiguidade). Daí sempre que ele aparecia as pessoas gritavam: &quot;la vem ele com a lira&quot; e nisso foi diminuindo a frase &quot;com a lira&quot; até chegar a &quot;qualira&quot;. Por ser afeminado o termo foi associado a todos os afeminados do estado. Daí em diante, no Maranhão, todos homossexuais são chamado popularmente de &quot;qualira&quot;.
==Anagrama==
# [[aquiral]]
[[Categoria:Substantivo (Português)]]
[[Categoria:Trissílabo (Português)]]
[[Categoria:Paroxítona (Português)]]
[[Categoria:Vocábulo com etimologia (Português)]]</text>
<sha1>kewvu3xom5pndzuu8x3ifn3egvrs6d6</sha1>
</revision>
<revision>
<id>384012</id>
<parentid>377592</parentid>
<timestamp>2008-09-25T02:47:17Z</timestamp>
<contributor>
<ip>200.101.163.47</ip>
</contributor>
<comment>/* Substantivo */</comment>
<model>wikitext</model>
<format>text/x-wiki</format>
<text bytes="1245" xml:space="preserve">=Português=
==Substantivo==
{{flex.pt.masculino|s=qualira|p=qualiras}}
'''qua.&lt;u&gt;li&lt;/u&gt;.ra'''
# {{escopo|Brasil, Maranhão, Gíria}} [[veado]], [[paneleiro]], [[homossexual]], [[baitola]], [[gay]] ,[[Paulo]] ,[[Luiz]], ,[[Cobra]].

=={{etimologia}}==
: Termo comum encontrado no Maranhão; de acordo com as pessoas mais antigas do estado surgiu no carnaval, que era basicamente de rua e no qual se apresentavam vários blocos carnavalescos fazendo alegria da população com seus instrumentos musicais e marchinhas de carnaval pelas ruas da capital, São Luís. Dizem que em um desses blocos havia um rapaz afeminado que se destacava por tocar lira (instrumento de cordas dedilháveis ou tocadas com plectro, de larga difusão na Antiguidade). Daí sempre que ele aparecia as pessoas gritavam: &quot;la vem ele com a lira&quot; e nisso foi diminuindo a frase &quot;com a lira&quot; até chegar a &quot;qualira&quot;. Por ser afeminado o termo foi associado a todos os afeminados do estado. Daí em diante, no Maranhão, todos homossexuais são chamado popularmente de &quot;qualira&quot;.
==Anagrama==
# [[aquiral]]
[[Categoria:Substantivo (Português)]]
[[Categoria:Trissílabo (Português)]]
[[Categoria:Paroxítona (Português)]]
[[Categoria:Vocábulo com etimologia (Português)]]</text>
<sha1>2fr44mi78jwdd2i53j21mcaq0fth2qg</sha1>
</revision>
<revision>
<id>384033</id>
<parentid>384012</parentid>
<timestamp>2008-09-25T08:56:30Z</timestamp>
<contributor>
<username>ValJor</username>
<id>1358</id>
</contributor>
<minor />
<comment>Revertido para a última das edições de ValJor</comment>
<model>wikitext</model>
<format>text/x-wiki</format>
<text bytes="1210" xml:space="preserve">=Português=
==Substantivo==
{{flex.pt.masculino|s=qualira|p=qualiras}}
'''qua.&lt;u&gt;li&lt;/u&gt;.ra'''
# {{escopo|Brasil, Maranhão, Gíria}} [[veado]], [[paneleiro]], [[homossexual]], [[baitola]], [[gay]]
=={{etimologia}}==
: Termo comum encontrado no Maranhão; de acordo com as pessoas mais antigas do estado surgiu no carnaval, que era basicamente de rua e no qual se apresentavam vários blocos carnavalescos fazendo alegria da população com seus instrumentos musicais e marchinhas de carnaval pelas ruas da capital, São Luís. Dizem que em um desses blocos havia um rapaz afeminado que se destacava por tocar lira (instrumento de cordas dedilháveis ou tocadas com plectro, de larga difusão na Antiguidade). Daí sempre que ele aparecia as pessoas gritavam: &quot;la vem ele com a lira&quot; e nisso foi diminuindo a frase &quot;com a lira&quot; até chegar a &quot;qualira&quot;. Por ser afeminado o termo foi associado a todos os afeminados do estado. Daí em diante, no Maranhão, todos homossexuais são chamado popularmente de &quot;qualira&quot;.
==Anagrama==
# [[aquiral]]
[[Categoria:Substantivo (Português)]]
[[Categoria:Trissílabo (Português)]]
[[Categoria:Paroxítona (Português)]]
[[Categoria:Vocábulo com etimologia (Português)]]</text>
<sha1>kewvu3xom5pndzuu8x3ifn3egvrs6d6</sha1>
</revision>
<revision>
<id>399548</id>
<parentid>384033</parentid>
<timestamp>2008-12-02T23:01:48Z</timestamp>
<contributor>
<ip>200.193.176.165</ip>
</contributor>
<comment>/* Substantivo */</comment>
<model>wikitext</model>
<format>text/x-wiki</format>
<text bytes="1239" xml:space="preserve">=Português=
==Substantivo==
{{flex.pt.masculino|s=qualira|p=qualiras}}
'''qua.&lt;u&gt;li&lt;/u&gt;.ra'''
# {{escopo|Brasil, Maranhão, Gíria}} [[viado]], [[paneleiro]], [[homossexual]], [[baitola]], [[gay]], [[Danielemo]], [[Paulemo]]

=={{etimologia}}==
: Termo comum encontrado no Maranhão; de acordo com as pessoas mais antigas do estado surgiu no carnaval, que era basicamente de rua e no qual se apresentavam vários blocos carnavalescos fazendo alegria da população com seus instrumentos musicais e marchinhas de carnaval pelas ruas da capital, São Luís. Dizem que em um desses blocos havia um rapaz afeminado que se destacava por tocar lira (instrumento de cordas dedilháveis ou tocadas com plectro, de larga difusão na Antiguidade). Daí sempre que ele aparecia as pessoas gritavam: &quot;la vem ele com a lira&quot; e nisso foi diminuindo a frase &quot;com a lira&quot; até chegar a &quot;qualira&quot;. Por ser afeminado o termo foi associado a todos os afeminados do estado. Daí em diante, no Maranhão, todos homossexuais são chamado popularmente de &quot;qualira&quot;.
==Anagrama==
# [[aquiral]]
[[Categoria:Substantivo (Português)]]
[[Categoria:Trissílabo (Português)]]
[[Categoria:Paroxítona (Português)]]
[[Categoria:Vocábulo com etimologia (Português)]]</text>
<sha1>spdk9qud2kh4r7hmxg2m6pyktjv2bad</sha1>
</revision>
<revision>
<id>399558</id>
<parentid>399548</parentid>
<timestamp>2008-12-02T23:51:28Z</timestamp>
<contributor>
<username>ValJor</username>
<id>1358</id>
</contributor>
<minor />
<comment>Revertido para a última das edições de ValJor</comment>
<model>wikitext</model>
<format>text/x-wiki</format>
<text bytes="1210" xml:space="preserve">=Português=
==Substantivo==
{{flex.pt.masculino|s=qualira|p=qualiras}}
'''qua.&lt;u&gt;li&lt;/u&gt;.ra'''
# {{escopo|Brasil, Maranhão, Gíria}} [[veado]], [[paneleiro]], [[homossexual]], [[baitola]], [[gay]]
=={{etimologia}}==
: Termo comum encontrado no Maranhão; de acordo com as pessoas mais antigas do estado surgiu no carnaval, que era basicamente de rua e no qual se apresentavam vários blocos carnavalescos fazendo alegria da população com seus instrumentos musicais e marchinhas de carnaval pelas ruas da capital, São Luís. Dizem que em um desses blocos havia um rapaz afeminado que se destacava por tocar lira (instrumento de cordas dedilháveis ou tocadas com plectro, de larga difusão na Antiguidade). Daí sempre que ele aparecia as pessoas gritavam: &quot;la vem ele com a lira&quot; e nisso foi diminuindo a frase &quot;com a lira&quot; até chegar a &quot;qualira&quot;. Por ser afeminado o termo foi associado a todos os afeminados do estado. Daí em diante, no Maranhão, todos homossexuais são chamado popularmente de &quot;qualira&quot;.
==Anagrama==
# [[aquiral]]
[[Categoria:Substantivo (Português)]]
[[Categoria:Trissílabo (Português)]]
[[Categoria:Paroxítona (Português)]]
[[Categoria:Vocábulo com etimologia (Português)]]</text>
<sha1>kewvu3xom5pndzuu8x3ifn3egvrs6d6</sha1>
</revision>
<revision>
<id>403612</id>
<parentid>399558</parentid>
<timestamp>2009-01-03T01:46:13Z</timestamp>
<contributor>
<ip>200.140.245.252</ip>
</contributor>
<comment>/* Substantivo */</comment>
<model>wikitext</model>
<format>text/x-wiki</format>
<text bytes="1233" xml:space="preserve">=Português=
==Substantivo==
{{flex.pt.masculino|s=qualira|p=qualiras}}
'''qua.&lt;u&gt;li&lt;/u&gt;.ra'''
# {{escopo|Brasil, Maranhão, Gíria}} [[veado]], [[paneleiro]], [[homossexual]], [[baitola]], [[gay]], [[Paulo]], [[Luiz]].

=={{etimologia}}==
: Termo comum encontrado no Maranhão; de acordo com as pessoas mais antigas do estado surgiu no carnaval, que era basicamente de rua e no qual se apresentavam vários blocos carnavalescos fazendo alegria da população com seus instrumentos musicais e marchinhas de carnaval pelas ruas da capital, São Luís. Dizem que em um desses blocos havia um rapaz afeminado que se destacava por tocar lira (instrumento de cordas dedilháveis ou tocadas com plectro, de larga difusão na Antiguidade). Daí sempre que ele aparecia as pessoas gritavam: &quot;la vem ele com a lira&quot; e nisso foi diminuindo a frase &quot;com a lira&quot; até chegar a &quot;qualira&quot;. Por ser afeminado o termo foi associado a todos os afeminados do estado. Daí em diante, no Maranhão, todos homossexuais são chamado popularmente de &quot;qualira&quot;.
==Anagrama==
# [[aquiral]]
[[Categoria:Substantivo (Português)]]
[[Categoria:Trissílabo (Português)]]
[[Categoria:Paroxítona (Português)]]
[[Categoria:Vocábulo com etimologia (Português)]]</text>
<sha1>sz556xxyf0olfmrq9s17vjn4va1vf7p</sha1>
</revision>
<revision>
<id>403614</id>
<parentid>403612</parentid>
<timestamp>2009-01-03T02:41:08Z</timestamp>
<contributor>
<username>Luckas Blade</username>
<id>3828</id>
</contributor>
<minor />
<comment>Revertido para a última das edições de ValJor</comment>
<model>wikitext</model>
<format>text/x-wiki</format>
<text bytes="1210" xml:space="preserve">=Português=
==Substantivo==
{{flex.pt.masculino|s=qualira|p=qualiras}}
'''qua.&lt;u&gt;li&lt;/u&gt;.ra'''
# {{escopo|Brasil, Maranhão, Gíria}} [[veado]], [[paneleiro]], [[homossexual]], [[baitola]], [[gay]]
=={{etimologia}}==
: Termo comum encontrado no Maranhão; de acordo com as pessoas mais antigas do estado surgiu no carnaval, que era basicamente de rua e no qual se apresentavam vários blocos carnavalescos fazendo alegria da população com seus instrumentos musicais e marchinhas de carnaval pelas ruas da capital, São Luís. Dizem que em um desses blocos havia um rapaz afeminado que se destacava por tocar lira (instrumento de cordas dedilháveis ou tocadas com plectro, de larga difusão na Antiguidade). Daí sempre que ele aparecia as pessoas gritavam: &quot;la vem ele com a lira&quot; e nisso foi diminuindo a frase &quot;com a lira&quot; até chegar a &quot;qualira&quot;. Por ser afeminado o termo foi associado a todos os afeminados do estado. Daí em diante, no Maranhão, todos homossexuais são chamado popularmente de &quot;qualira&quot;.
==Anagrama==
# [[aquiral]]
[[Categoria:Substantivo (Português)]]
[[Categoria:Trissílabo (Português)]]
[[Categoria:Paroxítona (Português)]]
[[Categoria:Vocábulo com etimologia (Português)]]</text>
<sha1>kewvu3xom5pndzuu8x3ifn3egvrs6d6</sha1>
</revision>
<revision>
<id>461462</id>
<parentid>403614</parentid>
<timestamp>2009-05-11T22:44:26Z</timestamp>
<contributor>
<ip>200.138.190.201</ip>
</contributor>
<comment>/* Substantivo */</comment>
<model>wikitext</model>
<format>text/x-wiki</format>
<text bytes="1244" xml:space="preserve">=Português=
==Substantivo==
{{flex.pt.Luiz|s=qualira|p=qualiras}}
'''qua.&lt;u&gt;li&lt;/u&gt;.ra'''
# {{escopo|Brasil, Maranhão, Gíria}} [[veado]], [[paneleiro]], [[homossexual]], [[baitola]], [[gay]],
[[Luiz]], [[Felipe]], [[Paulito]]...

=={{etimologia}}==
: Termo comum encontrado no Maranhão; de acordo com as pessoas mais antigas do estado surgiu no carnaval, que era basicamente de rua e no qual se apresentavam vários blocos carnavalescos fazendo alegria da população com seus instrumentos musicais e marchinhas de carnaval pelas ruas da capital, São Luís. Dizem que em um desses blocos havia um rapaz afeminado que se destacava por tocar lira (instrumento de cordas dedilháveis ou tocadas com plectro, de larga difusão na Antiguidade). Daí sempre que ele aparecia as pessoas gritavam: &quot;la vem ele com a lira&quot; e nisso foi diminuindo a frase &quot;com a lira&quot; até chegar a &quot;qualira&quot;. Por ser afeminado o termo foi associado a todos os afeminados do estado. Daí em diante, no Maranhão, todos homossexuais são chamado popularmente de &quot;qualira&quot;.
==Anagrama==
# [[aquiral]]
[[Categoria:Substantivo (Português)]]
[[Categoria:Trissílabo (Português)]]
[[Categoria:Paroxítona (Português)]]
[[Categoria:Vocábulo com etimologia (Português)]]</text>
<sha1>3wvlgi2skpf39p2lnkyi8x10lm0wbn9</sha1>
</revision>
<revision>
<id>461463</id>
<parentid>461462</parentid>
<timestamp>2009-05-11T22:44:54Z</timestamp>
<contributor>
<ip>200.138.190.201</ip>
</contributor>
<comment>/* Substantivo */</comment>
<model>wikitext</model>
<format>text/x-wiki</format>
<text bytes="1248" xml:space="preserve">=Português=
==Substantivo==
{{flex.pt.feminino|s=qualira|p=qualiras}}
'''qua.&lt;u&gt;li&lt;/u&gt;.ra'''
# {{escopo|Brasil, Maranhão, Gíria}} [[veado]], [[paneleiro]], [[homossexual]], [[baitola]], [[gay]],
[[Luiz]], [[Felipe]], [[Paulito]]...

=={{etimologia}}==
: Termo comum encontrado no Maranhão; de acordo com as pessoas mais antigas do estado surgiu no carnaval, que era basicamente de rua e no qual se apresentavam vários blocos carnavalescos fazendo alegria da população com seus instrumentos musicais e marchinhas de carnaval pelas ruas da capital, São Luís. Dizem que em um desses blocos havia um rapaz afeminado que se destacava por tocar lira (instrumento de cordas dedilháveis ou tocadas com plectro, de larga difusão na Antiguidade). Daí sempre que ele aparecia as pessoas gritavam: &quot;la vem ele com a lira&quot; e nisso foi diminuindo a frase &quot;com a lira&quot; até chegar a &quot;qualira&quot;. Por ser afeminado o termo foi associado a todos os afeminados do estado. Daí em diante, no Maranhão, todos homossexuais são chamado popularmente de &quot;qualira&quot;.
==Anagrama==
# [[aquiral]]
[[Categoria:Substantivo (Português)]]
[[Categoria:Trissílabo (Português)]]
[[Categoria:Paroxítona (Português)]]
[[Categoria:Vocábulo com etimologia (Português)]]</text>
<sha1>kb3tve5u428gm3jc7a456xkgpncfxp2</sha1>
</revision>
<revision>
<id>461464</id>
<parentid>461463</parentid>
<timestamp>2009-05-11T22:45:33Z</timestamp>
<contributor>
<ip>200.138.190.201</ip>
</contributor>
<comment>/* Anagrama */</comment>
<model>wikitext</model>
<format>text/x-wiki</format>
<text bytes="1265" xml:space="preserve">=Português=
==Substantivo==
{{flex.pt.feminino|s=qualira|p=qualiras}}
'''qua.&lt;u&gt;li&lt;/u&gt;.ra'''
# {{escopo|Brasil, Maranhão, Gíria}} [[veado]], [[paneleiro]], [[homossexual]], [[baitola]], [[gay]],
[[Luiz]], [[Felipe]], [[Paulito]]...

=={{etimologia}}==
: Termo comum encontrado no Maranhão; de acordo com as pessoas mais antigas do estado surgiu no carnaval, que era basicamente de rua e no qual se apresentavam vários blocos carnavalescos fazendo alegria da população com seus instrumentos musicais e marchinhas de carnaval pelas ruas da capital, São Luís. Dizem que em um desses blocos havia um rapaz afeminado que se destacava por tocar lira (instrumento de cordas dedilháveis ou tocadas com plectro, de larga difusão na Antiguidade). Daí sempre que ele aparecia as pessoas gritavam: &quot;la vem ele com a lira&quot; e nisso foi diminuindo a frase &quot;com a lira&quot; até chegar a &quot;qualira&quot;. Por ser afeminado o termo foi associado a todos os afeminados do estado. Daí em diante, no Maranhão, todos homossexuais são chamado popularmente de &quot;qualira&quot;.
==Anagrama==
# [[aquiral]]
# [[By Gabriel]]
[[Categoria:Substantivo (Português)]]
[[Categoria:Trissílabo (Português)]]
[[Categoria:Paroxítona (Português)]]
[[Categoria:Vocábulo com etimologia (Português)]]</text>
<sha1>1x5qcjz77qyq4n0zv9g6q44hj13scff</sha1>
</revision>
<revision>
<id>461465</id>
<parentid>461464</parentid>
<timestamp>2009-05-11T22:47:56Z</timestamp>
<contributor>
<ip>200.138.190.201</ip>
</contributor>
<comment>/* Anagrama */</comment>
<model>wikitext</model>
<format>text/x-wiki</format>
<text bytes="1273" xml:space="preserve">=Português=
==Substantivo==
{{flex.pt.feminino|s=qualira|p=qualiras}}
'''qua.&lt;u&gt;li&lt;/u&gt;.ra'''
# {{escopo|Brasil, Maranhão, Gíria}} [[veado]], [[paneleiro]], [[homossexual]], [[baitola]], [[gay]],
[[Luiz]], [[Felipe]], [[Paulito]]...

=={{etimologia}}==
: Termo comum encontrado no Maranhão; de acordo com as pessoas mais antigas do estado surgiu no carnaval, que era basicamente de rua e no qual se apresentavam vários blocos carnavalescos fazendo alegria da população com seus instrumentos musicais e marchinhas de carnaval pelas ruas da capital, São Luís. Dizem que em um desses blocos havia um rapaz afeminado que se destacava por tocar lira (instrumento de cordas dedilháveis ou tocadas com plectro, de larga difusão na Antiguidade). Daí sempre que ele aparecia as pessoas gritavam: &quot;la vem ele com a lira&quot; e nisso foi diminuindo a frase &quot;com a lira&quot; até chegar a &quot;qualira&quot;. Por ser afeminado o termo foi associado a todos os afeminados do estado. Daí em diante, no Maranhão, todos homossexuais são chamado popularmente de &quot;qualira&quot;.
==O Luiz é Qualira?==
# [[Qualira]]
# [[By Du =D]]
[[Categoria:Substantivo (Português)]]
[[Categoria:Trissílabo (Português)]]
[[Categoria:Paroxítona (Português)]]
[[Categoria:Vocábulo com etimologia (Português)]]</text>
<sha1>11owanb4xy3xt2s9ygga7gfvabpdwxe</sha1>
</revision>
<revision>
<id>461466</id>
<parentid>461465</parentid>
<timestamp>2009-05-11T22:48:43Z</timestamp>
<contributor>
<ip>200.138.190.201</ip>
</contributor>
<comment>/* O Luiz é Qualira? */</comment>
<model>wikitext</model>
<format>text/x-wiki</format>
<text bytes="1273" xml:space="preserve">=Português=
==Substantivo==
{{flex.pt.feminino|s=qualira|p=qualiras}}
'''qua.&lt;u&gt;li&lt;/u&gt;.ra'''
# {{escopo|Brasil, Maranhão, Gíria}} [[veado]], [[paneleiro]], [[homossexual]], [[baitola]], [[gay]],
[[Luiz]], [[Felipe]], [[Paulito]]...

=={{etimologia}}==
: Termo comum encontrado no Maranhão; de acordo com as pessoas mais antigas do estado surgiu no carnaval, que era basicamente de rua e no qual se apresentavam vários blocos carnavalescos fazendo alegria da população com seus instrumentos musicais e marchinhas de carnaval pelas ruas da capital, São Luís. Dizem que em um desses blocos havia um rapaz afeminado que se destacava por tocar lira (instrumento de cordas dedilháveis ou tocadas com plectro, de larga difusão na Antiguidade). Daí sempre que ele aparecia as pessoas gritavam: &quot;la vem ele com a lira&quot; e nisso foi diminuindo a frase &quot;com a lira&quot; até chegar a &quot;qualira&quot;. Por ser afeminado o termo foi associado a todos os afeminados do estado. Daí em diante, no Maranhão, todos homossexuais são chamado popularmente de &quot;qualira&quot;.
==O Luiz é Qualira?==
# [[Qualira]]
# [[By Du :D]]
[[Categoria:Substantivo (Português)]]
[[Categoria:Trissílabo (Português)]]
[[Categoria:Paroxítona (Português)]]
[[Categoria:Vocábulo com etimologia (Português)]]</text>
<sha1>geoy9t31rkmjkfvv9yx8e72hupdduql</sha1>
</revision>
<revision>
<id>461467</id>
<parentid>461466</parentid>
<timestamp>2009-05-11T23:13:01Z</timestamp>
<contributor>
<username>Fredmaranhao</username>
<id>142</id>
</contributor>
<comment>desfazendo vandalismo</comment>
<model>wikitext</model>
<format>text/x-wiki</format>
<text bytes="1210" xml:space="preserve">=Português=
==Substantivo==
{{flex.pt.masculino|s=qualira|p=qualiras}}
'''qua.&lt;u&gt;li&lt;/u&gt;.ra'''
# {{escopo|Brasil, Maranhão, Gíria}} [[veado]], [[paneleiro]], [[homossexual]], [[baitola]], [[gay]]
=={{etimologia}}==
: Termo comum encontrado no Maranhão; de acordo com as pessoas mais antigas do estado surgiu no carnaval, que era basicamente de rua e no qual se apresentavam vários blocos carnavalescos fazendo alegria da população com seus instrumentos musicais e marchinhas de carnaval pelas ruas da capital, São Luís. Dizem que em um desses blocos havia um rapaz afeminado que se destacava por tocar lira (instrumento de cordas dedilháveis ou tocadas com plectro, de larga difusão na Antiguidade). Daí sempre que ele aparecia as pessoas gritavam: &quot;la vem ele com a lira&quot; e nisso foi diminuindo a frase &quot;com a lira&quot; até chegar a &quot;qualira&quot;. Por ser afeminado o termo foi associado a todos os afeminados do estado. Daí em diante, no Maranhão, todos homossexuais são chamado popularmente de &quot;qualira&quot;.
==Anagrama==
# [[aquiral]]
[[Categoria:Substantivo (Português)]]
[[Categoria:Trissílabo (Português)]]
[[Categoria:Paroxítona (Português)]]
[[Categoria:Vocábulo com etimologia (Português)]]</text>
<sha1>kewvu3xom5pndzuu8x3ifn3egvrs6d6</sha1>
</revision>
<revision>
<id>537909</id>
<parentid>461467</parentid>
<timestamp>2009-09-18T12:53:21Z</timestamp>
<contributor>
<ip>201.36.167.86</ip>
</contributor>
<comment>/* Anagrama */</comment>
<model>wikitext</model>
<format>text/x-wiki</format>
<text bytes="1232" xml:space="preserve">=Português=
==Substantivo==
{{flex.pt.masculino|s=qualira|p=qualiras}}
'''qua.&lt;u&gt;li&lt;/u&gt;.ra'''
# {{escopo|Brasil, Maranhão, Gíria}} [[veado]], [[paneleiro]], [[homossexual]], [[baitola]], [[gay]]
=={{etimologia}}==
: Termo comum encontrado no Maranhão; de acordo com as pessoas mais antigas do estado surgiu no carnaval, que era basicamente de rua e no qual se apresentavam vários blocos carnavalescos fazendo alegria da população com seus instrumentos musicais e marchinhas de carnaval pelas ruas da capital, São Luís. Dizem que em um desses blocos havia um rapaz afeminado que se destacava por tocar lira (instrumento de cordas dedilháveis ou tocadas com plectro, de larga difusão na Antiguidade). Daí sempre que ele aparecia as pessoas gritavam: &quot;la vem ele com a lira&quot; e nisso foi diminuindo a frase &quot;com a lira&quot; até chegar a &quot;qualira&quot;. Por ser afeminado o termo foi associado a todos os afeminados do estado. Daí em diante, no Maranhão, todos homossexuais são chamado popularmente de &quot;qualira&quot;.
==Anagrama==
# [[aquiral]]
[[Categoria:Substantivo (Português)]]
[[Categoria:Trissílabo (Português)]]
[[Categoria:Paroxítona (Português)]]
[[Categoria:Vocábulo com etimologia (Português)]]
'''Texto a negrito'''</text>
<sha1>swzngkq254kux2jpehr01qvxlgzppst</sha1>
</revision>
<revision>
<id>537913</id>
<parentid>537909</parentid>
<timestamp>2009-09-18T12:55:57Z</timestamp>
<contributor>
<username>ValJor</username>
<id>1358</id>
</contributor>
<minor />
<comment>Revertido para a última das edições de Fredmaranhao</comment>
<model>wikitext</model>
<format>text/x-wiki</format>
<text bytes="1210" xml:space="preserve">=Português=
==Substantivo==
{{flex.pt.masculino|s=qualira|p=qualiras}}
'''qua.&lt;u&gt;li&lt;/u&gt;.ra'''
# {{escopo|Brasil, Maranhão, Gíria}} [[veado]], [[paneleiro]], [[homossexual]], [[baitola]], [[gay]]
=={{etimologia}}==
: Termo comum encontrado no Maranhão; de acordo com as pessoas mais antigas do estado surgiu no carnaval, que era basicamente de rua e no qual se apresentavam vários blocos carnavalescos fazendo alegria da população com seus instrumentos musicais e marchinhas de carnaval pelas ruas da capital, São Luís. Dizem que em um desses blocos havia um rapaz afeminado que se destacava por tocar lira (instrumento de cordas dedilháveis ou tocadas com plectro, de larga difusão na Antiguidade). Daí sempre que ele aparecia as pessoas gritavam: &quot;la vem ele com a lira&quot; e nisso foi diminuindo a frase &quot;com a lira&quot; até chegar a &quot;qualira&quot;. Por ser afeminado o termo foi associado a todos os afeminados do estado. Daí em diante, no Maranhão, todos homossexuais são chamado popularmente de &quot;qualira&quot;.
==Anagrama==
# [[aquiral]]
[[Categoria:Substantivo (Português)]]
[[Categoria:Trissílabo (Português)]]
[[Categoria:Paroxítona (Português)]]
[[Categoria:Vocábulo com etimologia (Português)]]</text>
<sha1>kewvu3xom5pndzuu8x3ifn3egvrs6d6</sha1>
</revision>
<revision>
<id>640523</id>
<parentid>537913</parentid>
<timestamp>2009-12-07T20:08:21Z</timestamp>
<contributor>
<ip>201.12.149.90</ip>
</contributor>
<comment>/* Anagrama */</comment>
<model>wikitext</model>
<format>text/x-wiki</format>
<text bytes="1216" xml:space="preserve">=Português=
==Substantivo==
{{flex.pt.masculino|s=qualira|p=qualiras}}
'''qua.&lt;u&gt;li&lt;/u&gt;.ra'''
# {{escopo|Brasil, Maranhão, Gíria}} [[veado]], [[paneleiro]], [[homossexual]], [[baitola]], [[gay]]
=={{etimologia}}==
: Termo comum encontrado no Maranhão; de acordo com as pessoas mais antigas do estado surgiu no carnaval, que era basicamente de rua e no qual se apresentavam vários blocos carnavalescos fazendo alegria da população com seus instrumentos musicais e marchinhas de carnaval pelas ruas da capital, São Luís. Dizem que em um desses blocos havia um rapaz afeminado que se destacava por tocar lira (instrumento de cordas dedilháveis ou tocadas com plectro, de larga difusão na Antiguidade). Daí sempre que ele aparecia as pessoas gritavam: &quot;la vem ele com a lira&quot; e nisso foi diminuindo a frase &quot;com a lira&quot; até chegar a &quot;qualira&quot;. Por ser afeminado o termo foi associado a todos os afeminados do estado. Daí em diante, no Maranhão, todos homossexuais são chamado popularmente de &quot;qualira&quot;.
==Anagrama==
# [[aquiral]]
[[Categoria:Substantivo (Português)]]
[[Categoria:Trissílabo (Português)]]
[[Categoria:Paroxítona (Português)]]
[[Categoria:Vocábulo com etimologia (Português)]]
iarww</text>
<sha1>i06bycvlfqyao4yhnl3lj1b4lh48z8t</sha1>
</revision>
<revision>
<id>640536</id>
<parentid>640523</parentid>
<timestamp>2009-12-07T20:11:53Z</timestamp>
<contributor>
<username>ValJor</username>
<id>1358</id>
</contributor>
<minor />
<comment>Revertido para a última das edições de ValJor</comment>
<model>wikitext</model>
<format>text/x-wiki</format>
<text bytes="1210" xml:space="preserve">=Português=
==Substantivo==
{{flex.pt.masculino|s=qualira|p=qualiras}}
'''qua.&lt;u&gt;li&lt;/u&gt;.ra'''
# {{escopo|Brasil, Maranhão, Gíria}} [[veado]], [[paneleiro]], [[homossexual]], [[baitola]], [[gay]]
=={{etimologia}}==
: Termo comum encontrado no Maranhão; de acordo com as pessoas mais antigas do estado surgiu no carnaval, que era basicamente de rua e no qual se apresentavam vários blocos carnavalescos fazendo alegria da população com seus instrumentos musicais e marchinhas de carnaval pelas ruas da capital, São Luís. Dizem que em um desses blocos havia um rapaz afeminado que se destacava por tocar lira (instrumento de cordas dedilháveis ou tocadas com plectro, de larga difusão na Antiguidade). Daí sempre que ele aparecia as pessoas gritavam: &quot;la vem ele com a lira&quot; e nisso foi diminuindo a frase &quot;com a lira&quot; até chegar a &quot;qualira&quot;. Por ser afeminado o termo foi associado a todos os afeminados do estado. Daí em diante, no Maranhão, todos homossexuais são chamado popularmente de &quot;qualira&quot;.
==Anagrama==
# [[aquiral]]
[[Categoria:Substantivo (Português)]]
[[Categoria:Trissílabo (Português)]]
[[Categoria:Paroxítona (Português)]]
[[Categoria:Vocábulo com etimologia (Português)]]</text>
<sha1>kewvu3xom5pndzuu8x3ifn3egvrs6d6</sha1>
</revision>
<revision>
<id>708683</id>
<parentid>640536</parentid>
<timestamp>2010-01-23T18:28:02Z</timestamp>
<contributor>
<username>Bruno Leonard</username>
<id>3848</id>
</contributor>
<model>wikitext</model>
<format>text/x-wiki</format>
<text bytes="1234" xml:space="preserve">{{Wikipédia|Qualira}}

=Português=
==Substantivo==
{{flex.pt.masculino|s=qualira|p=qualiras}}
'''qua.&lt;u&gt;li&lt;/u&gt;.ra'''
# {{escopo|Brasil, Maranhão, Gíria}} [[veado]], [[paneleiro]], [[homossexual]], [[baitola]], [[gay]]
=={{etimologia}}==
: Termo comum encontrado no Maranhão; de acordo com as pessoas mais antigas do estado surgiu no carnaval, que era basicamente de rua e no qual se apresentavam vários blocos carnavalescos fazendo alegria da população com seus instrumentos musicais e marchinhas de carnaval pelas ruas da capital, São Luís. Dizem que em um desses blocos havia um rapaz afeminado que se destacava por tocar lira (instrumento de cordas dedilháveis ou tocadas com plectro, de larga difusão na Antiguidade). Daí sempre que ele aparecia as pessoas gritavam: &quot;la vem ele com a lira&quot; e nisso foi diminuindo a frase &quot;com a lira&quot; até chegar a &quot;qualira&quot;. Por ser afeminado o termo foi associado a todos os afeminados do estado. Daí em diante, no Maranhão, todos homossexuais são chamado popularmente de &quot;qualira&quot;.
==Anagrama==
# [[aquiral]]
[[Categoria:Substantivo (Português)]]
[[Categoria:Trissílabo (Português)]]
[[Categoria:Paroxítona (Português)]]
[[Categoria:Vocábulo com etimologia (Português)]]</text>
<sha1>md5rsc9o9com9qwdsggyurn6kouv0jp</sha1>
</revision>
<revision>
<id>833777</id>
<parentid>708683</parentid>
<timestamp>2010-03-17T11:07:00Z</timestamp>
<contributor>
<username>DarwIn</username>
<id>8845</id>
</contributor>
<comment>Não tem</comment>
<model>wikitext</model>
<format>text/x-wiki</format>
<text bytes="1210" xml:space="preserve">=Português=
==Substantivo==
{{flex.pt.masculino|s=qualira|p=qualiras}}
'''qua.&lt;u&gt;li&lt;/u&gt;.ra'''
# {{escopo|Brasil, Maranhão, Gíria}} [[veado]], [[paneleiro]], [[homossexual]], [[baitola]], [[gay]]
=={{etimologia}}==
: Termo comum encontrado no Maranhão; de acordo com as pessoas mais antigas do estado surgiu no carnaval, que era basicamente de rua e no qual se apresentavam vários blocos carnavalescos fazendo alegria da população com seus instrumentos musicais e marchinhas de carnaval pelas ruas da capital, São Luís. Dizem que em um desses blocos havia um rapaz afeminado que se destacava por tocar lira (instrumento de cordas dedilháveis ou tocadas com plectro, de larga difusão na Antiguidade). Daí sempre que ele aparecia as pessoas gritavam: &quot;la vem ele com a lira&quot; e nisso foi diminuindo a frase &quot;com a lira&quot; até chegar a &quot;qualira&quot;. Por ser afeminado o termo foi associado a todos os afeminados do estado. Daí em diante, no Maranhão, todos homossexuais são chamado popularmente de &quot;qualira&quot;.
==Anagrama==
# [[aquiral]]
[[Categoria:Substantivo (Português)]]
[[Categoria:Trissílabo (Português)]]
[[Categoria:Paroxítona (Português)]]
[[Categoria:Vocábulo com etimologia (Português)]]</text>
<sha1>kewvu3xom5pndzuu8x3ifn3egvrs6d6</sha1>
</revision>
<revision>
<id>1209289</id>
<parentid>833777</parentid>
<timestamp>2011-07-10T11:40:34Z</timestamp>
<contributor>
<username>MalafayaBot</username>
<id>628</id>
</contributor>
<minor />
<comment>Robô: Substituição de texto automática (-^\=\s?Português\s?\= +={{-pt-}}= &amp; -^\=\s?\{\{pt\}\}\s?\= +={{-pt-}}=)</comment>
<model>wikitext</model>
<format>text/x-wiki</format>
<text bytes="1208" xml:space="preserve">={{-pt-}}=
==Substantivo==
{{flex.pt.masculino|s=qualira|p=qualiras}}
'''qua.&lt;u&gt;li&lt;/u&gt;.ra'''
# {{escopo|Brasil, Maranhão, Gíria}} [[veado]], [[paneleiro]], [[homossexual]], [[baitola]], [[gay]]
=={{etimologia}}==
: Termo comum encontrado no Maranhão; de acordo com as pessoas mais antigas do estado surgiu no carnaval, que era basicamente de rua e no qual se apresentavam vários blocos carnavalescos fazendo alegria da população com seus instrumentos musicais e marchinhas de carnaval pelas ruas da capital, São Luís. Dizem que em um desses blocos havia um rapaz afeminado que se destacava por tocar lira (instrumento de cordas dedilháveis ou tocadas com plectro, de larga difusão na Antiguidade). Daí sempre que ele aparecia as pessoas gritavam: &quot;la vem ele com a lira&quot; e nisso foi diminuindo a frase &quot;com a lira&quot; até chegar a &quot;qualira&quot;. Por ser afeminado o termo foi associado a todos os afeminados do estado. Daí em diante, no Maranhão, todos homossexuais são chamado popularmente de &quot;qualira&quot;.
==Anagrama==
# [[aquiral]]
[[Categoria:Substantivo (Português)]]
[[Categoria:Trissílabo (Português)]]
[[Categoria:Paroxítona (Português)]]
[[Categoria:Vocábulo com etimologia (Português)]]</text>
<sha1>lcjymnj1xc7l9s9fgxh98el32e424iw</sha1>
</revision>
<revision>
<id>1606727</id>
<parentid>1209289</parentid>
<timestamp>2013-01-19T22:01:45Z</timestamp>
<contributor>
<username>MalafayaBot</username>
<id>628</id>
</contributor>
<minor />
<comment>Robô: A modificar Categoria:Vocábulo com etimologia (Português) para Categoria:Entrada com etimologia (Português)</comment>
<model>wikitext</model>
<format>text/x-wiki</format>
<text bytes="1206" xml:space="preserve">={{-pt-}}=
==Substantivo==
{{flex.pt.masculino|s=qualira|p=qualiras}}
'''qua.&lt;u&gt;li&lt;/u&gt;.ra'''
# {{escopo|Brasil, Maranhão, Gíria}} [[veado]], [[paneleiro]], [[homossexual]], [[baitola]], [[gay]]
=={{etimologia}}==
: Termo comum encontrado no Maranhão; de acordo com as pessoas mais antigas do estado surgiu no carnaval, que era basicamente de rua e no qual se apresentavam vários blocos carnavalescos fazendo alegria da população com seus instrumentos musicais e marchinhas de carnaval pelas ruas da capital, São Luís. Dizem que em um desses blocos havia um rapaz afeminado que se destacava por tocar lira (instrumento de cordas dedilháveis ou tocadas com plectro, de larga difusão na Antiguidade). Daí sempre que ele aparecia as pessoas gritavam: &quot;la vem ele com a lira&quot; e nisso foi diminuindo a frase &quot;com a lira&quot; até chegar a &quot;qualira&quot;. Por ser afeminado o termo foi associado a todos os afeminados do estado. Daí em diante, no Maranhão, todos homossexuais são chamado popularmente de &quot;qualira&quot;.
==Anagrama==
# [[aquiral]]
[[Categoria:Substantivo (Português)]]
[[Categoria:Trissílabo (Português)]]
[[Categoria:Paroxítona (Português)]]
[[Categoria:Entrada com etimologia (Português)]]</text>
<sha1>de3zruc4m0wh7pbgpspamsvumnked8q</sha1>
</revision>
<revision>
<id>2083335</id>
<parentid>1606727</parentid>
<timestamp>2016-04-06T14:56:39Z</timestamp>
<contributor>
<ip>179.135.226.241</ip>
</contributor>
<comment>/* Anagrama */</comment>
<model>wikitext</model>
<format>text/x-wiki</format>
<text bytes="1276" xml:space="preserve">={{-pt-}}=
==Substantivo==
{{flex.pt.masculino|s=qualira|p=qualiras}}
'''qua.&lt;u&gt;li&lt;/u&gt;.ra'''
# {{escopo|Brasil, Maranhão, Gíria}} [[veado]], [[paneleiro]], [[homossexual]], [[baitola]], [[gay]]
=={{etimologia}}==
: Termo comum encontrado no Maranhão; de acordo com as pessoas mais antigas do estado surgiu no carnaval, que era basicamente de rua e no qual se apresentavam vários blocos carnavalescos fazendo alegria da população com seus instrumentos musicais e marchinhas de carnaval pelas ruas da capital, São Luís. Dizem que em um desses blocos havia um rapaz afeminado que se destacava por tocar lira (instrumento de cordas dedilháveis ou tocadas com plectro, de larga difusão na Antiguidade). Daí sempre que ele aparecia as pessoas gritavam: &quot;la vem ele com a lira&quot; e nisso foi diminuindo a frase &quot;com a lira&quot; até chegar a &quot;qualira&quot;. Por ser afeminado o termo foi associado a todos os afeminados do estado. Daí em diante, no Maranhão, todos homossexuais são chamado popularmente de &quot;qualira&quot;.
Texto escrito por : &quot;Ravelly alencar &quot;
De : são luis do maranhão

==Anagrama==
# [[aquiral]]
[[Categoria:Substantivo (Português)]]
[[Categoria:Trissílabo (Português)]]
[[Categoria:Paroxítona (Português)]]
[[Categoria:Entrada com etimologia (Português)]]</text>
<sha1>91ch7v96yqzw7d6vzil56qft29r5js1</sha1>
</revision>
<revision>
<id>2083368</id>
<parentid>2083335</parentid>
<timestamp>2016-04-06T15:00:31Z</timestamp>
<contributor>
<ip>179.135.226.241</ip>
</contributor>
<comment>Correção</comment>
<model>wikitext</model>
<format>text/x-wiki</format>
<text bytes="1342" xml:space="preserve">={{-pt-}}=
==Substantivo==
{{flex.pt.masculino|s=qualira|p=qualiras}}
'''qua.&lt;u&gt;li&lt;/u&gt;.ra'''
# {{escopo|Brasil, Maranhão, Gíria}} [[veado]], [[paneleiro]], [[homossexual]], [[baitola]], [[gay]]
=={{etimologia}}==
: Termo comum encontrado no Maranhão; de acordo com as pessoas mais antigas do estado surgiu no carnaval, que era basicamente de rua e no qual se apresentavam vários blocos carnavalescos fazendo alegria da população com seus instrumentos musicais e marchinhas de carnaval pelas ruas da capital, São Luís. Dizem que em um desses blocos havia um rapaz afeminado que se destacava por tocar lira (instrumento de cordas dedilháveis ou tocadas com plectro, de larga difusão na Antiguidade). Daí sempre que ele aparecia as pessoas gritavam: &quot;la vem ele com a lira&quot; e nisso foi diminuindo a frase &quot;com a lira&quot; até chegar a &quot;qualira&quot;. Por ser afeminado o termo foi associado a todos os afeminados do estado. Daí em diante, no Maranhão, todos homossexuais são chamado popularmente de &quot;qualira&quot;.
Texto escrito por : &quot;Ravelly alencar &quot;
De : são luis do maranhão

Texto escrito por : &quot;Ravelly alencar &quot;
De: são luis do maranhão =Anagrama==
# [[aquiral]]
[[Categoria:Substantivo (Português)]]
[[Categoria:Trissílabo (Português)]]
[[Categoria:Paroxítona (Português)]]
[[Categoria:Entrada com etimologia (Português)]]</text>
<sha1>fu45552wrq3h1g03asqctjk94ub1eht</sha1>
</revision>
<revision>
<id>2083421</id>
<parentid>2083368</parentid>
<timestamp>2016-04-06T15:09:08Z</timestamp>
<contributor>
<username>ValJor</username>
<id>1358</id>
</contributor>
<minor />
<comment>Revertidas edições por [[Especial:Contribuições/179.135.226.241|179.135.226.241]] para a última versão por [[Especial:Contribuições/MalafayaBot|MalafayaBot]]</comment>
<model>wikitext</model>
<format>text/x-wiki</format>
<text bytes="1206" xml:space="preserve">={{-pt-}}=
==Substantivo==
{{flex.pt.masculino|s=qualira|p=qualiras}}
'''qua.&lt;u&gt;li&lt;/u&gt;.ra'''
# {{escopo|Brasil, Maranhão, Gíria}} [[veado]], [[paneleiro]], [[homossexual]], [[baitola]], [[gay]]
=={{etimologia}}==
: Termo comum encontrado no Maranhão; de acordo com as pessoas mais antigas do estado surgiu no carnaval, que era basicamente de rua e no qual se apresentavam vários blocos carnavalescos fazendo alegria da população com seus instrumentos musicais e marchinhas de carnaval pelas ruas da capital, São Luís. Dizem que em um desses blocos havia um rapaz afeminado que se destacava por tocar lira (instrumento de cordas dedilháveis ou tocadas com plectro, de larga difusão na Antiguidade). Daí sempre que ele aparecia as pessoas gritavam: &quot;la vem ele com a lira&quot; e nisso foi diminuindo a frase &quot;com a lira&quot; até chegar a &quot;qualira&quot;. Por ser afeminado o termo foi associado a todos os afeminados do estado. Daí em diante, no Maranhão, todos homossexuais são chamado popularmente de &quot;qualira&quot;.
==Anagrama==
# [[aquiral]]
[[Categoria:Substantivo (Português)]]
[[Categoria:Trissílabo (Português)]]
[[Categoria:Paroxítona (Português)]]
[[Categoria:Entrada com etimologia (Português)]]</text>
<sha1>de3zruc4m0wh7pbgpspamsvumnked8q</sha1>
</revision>
<revision>
<id>2095502</id>
<parentid>2083421</parentid>
<timestamp>2016-05-01T17:37:46Z</timestamp>
<contributor>
<username>Defender</username>
<id>15952</id>
</contributor>
<comment>Verbete [[:Categoria:!Página com idioma não informado em Predefinição:etimologia|sem indicação do idioma na seção de etimologia]]</comment>
<model>wikitext</model>
<format>text/x-wiki</format>
<text bytes="1094" xml:space="preserve">={{-pt-}}=
==Substantivo==
{{flex.pt|ms=qualira|mp=qualiras}}
{{paroxítona|qua|li|ra}}, {{gramática|m}}
# {{escopo|Brasil, Maranhão, Gíria}} [[veado]], [[paneleiro]], [[homossexual]], [[baitola]], [[gay]]
=={{etimologia|pt}}==
: Termo comum encontrado no Maranhão; de acordo com as pessoas mais antigas do estado surgiu no carnaval, que era basicamente de rua e no qual se apresentavam vários blocos carnavalescos fazendo alegria da população com seus instrumentos musicais e marchinhas de carnaval pelas ruas da capital, São Luís. Dizem que em um desses blocos havia um rapaz afeminado que se destacava por tocar lira (instrumento de cordas dedilháveis ou tocadas com plectro, de larga difusão na Antiguidade). Daí sempre que ele aparecia as pessoas gritavam: &quot;la vem ele com a lira&quot; e nisso foi diminuindo a frase &quot;com a lira&quot; até chegar a &quot;qualira&quot;. Por ser afeminado o termo foi associado a todos os afeminados do estado. Daí em diante, no Maranhão, todos homossexuais são chamado popularmente de &quot;qualira&quot;.
==Anagrama==
# [[aquiral]]
[[Categoria:Substantivo (Português)]]</text>
<sha1>fsvoldnusj1yut1c28r3kt0aqvwhwnw</sha1>
</revision>
<revision>
<id>2438998</id>
<parentid>2095502</parentid>
<timestamp>2017-07-20T13:47:36Z</timestamp>
<contributor>
<ip>201.22.164.167</ip>
</contributor>
<comment>/* {{etimologia|pt}} */</comment>
<model>wikitext</model>
<format>text/x-wiki</format>
<text bytes="1116" xml:space="preserve">={{-pt-}}=
==Substantivo==
{{flex.pt|ms=qualira|mp=qualiras}}
{{paroxítona|qua|li|ra}}, {{gramática|m}}
# {{escopo|Brasil, Maranhão, Gíria}} [[veado]], [[paneleiro]], [[homossexual]], [[baitola]], [[gay]]
=={{etimologia|pt}}==
: Termo comum encontrado no Maranhão; de acordo com as pessoas mais antigas do estado surgiu no carnaval, que era basicamente de rua e no qual se apresentavam vários blocos carnavalescos fazendo alegria da população com seus instrumentos musicais e marchinhas de carnaval pelas ruas da capital, São Luís. Dizem que em um desses blocos havia um rapaz afeminado chamado Yuri Martins que se destacava por tocar lira (instrumento de cordas dedilháveis ou tocadas com plectro, de larga difusão na Antiguidade). Daí sempre que ele aparecia as pessoas gritavam: &quot;la vem ele com a lira&quot; e nisso foi diminuindo a frase &quot;com a lira&quot; até chegar a &quot;qualira&quot;. Por ser afeminado o termo foi associado a todos os afeminados do estado. Daí em diante, no Maranhão, todos homossexuais são chamado popularmente de &quot;qualira&quot;.

==Anagrama==
# [[aquiral]]
[[Categoria:Substantivo (Português)]]</text>
<sha1>i18mdo1p9l4638gnzq62atbv03avtfa</sha1>
</revision>
<revision>
<id>2438999</id>
<parentid>2438998</parentid>
<timestamp>2017-07-20T13:48:46Z</timestamp>
<contributor>
<ip>201.22.164.167</ip>
</contributor>
<comment>/* {{etimologia|pt}} */</comment>
<model>wikitext</model>
<format>text/x-wiki</format>
<text bytes="1095" xml:space="preserve">={{-pt-}}=
==Substantivo==
{{flex.pt|ms=qualira|mp=qualiras}}
{{paroxítona|qua|li|ra}}, {{gramática|m}}
# {{escopo|Brasil, Maranhão, Gíria}} [[veado]], [[paneleiro]], [[homossexual]], [[baitola]], [[gay]]
=={{etimologia|pt}}==
: Termo comum encontrado no Maranhão; de acordo com as pessoas mais antigas do estado surgiu no carnaval, que era basicamente de rua e no qual se apresentavam vários blocos carnavalescos fazendo alegria da população com seus instrumentos musicais e marchinhas de carnaval pelas ruas da capital, São Luís. Dizem que em um desses blocos havia um rapaz afeminado que se destacava por tocar lira (instrumento de cordas dedilháveis ou tocadas com plectro, de larga difusão na Antiguidade). Daí sempre que ele aparecia as pessoas gritavam: &quot;la vem ele com a lira&quot; e nisso foi diminuindo a frase &quot;com a lira&quot; até chegar a &quot;qualira&quot;. Por ser afeminado o termo foi associado a todos os afeminados do estado. Daí em diante, no Maranhão, todos homossexuais são chamado popularmente de &quot;qualira&quot;.

==Anagrama==
# [[aquiral]]
[[Categoria:Substantivo (Português)]]</text>
<sha1>aekahehti7qb8aabe4wil0muacb8ia0</sha1>
</revision>
<revision>
<id>2525457</id>
<parentid>2438999</parentid>
<timestamp>2018-11-06T17:39:41Z</timestamp>
<contributor>
<ip>187.122.151.22</ip>
</contributor>
<comment>/* Substantivo */</comment>
<model>wikitext</model>
<format>text/x-wiki</format>
<text bytes="1109" xml:space="preserve">={{-pt-}}=
==Substantivo==
{{flex.pt|ms=qualira|mp=qualiras}}
{{paroxítona|qua|li|ra}}, {{gramática|m}}
# {{escopo|Brasil, Maranhão, Gíria}} [[veado]], [[paneleiro]], [[homossexual]], [[baitola]], [[gay], [Marcholla]]

=={{etimologia|pt}}==
: Termo comum encontrado no Maranhão; de acordo com as pessoas mais antigas do estado surgiu no carnaval, que era basicamente de rua e no qual se apresentavam vários blocos carnavalescos fazendo alegria da população com seus instrumentos musicais e marchinhas de carnaval pelas ruas da capital, São Luís. Dizem que em um desses blocos havia um rapaz afeminado que se destacava por tocar lira (instrumento de cordas dedilháveis ou tocadas com plectro, de larga difusão na Antiguidade). Daí sempre que ele aparecia as pessoas gritavam: &quot;la vem ele com a lira&quot; e nisso foi diminuindo a frase &quot;com a lira&quot; até chegar a &quot;qualira&quot;. Por ser afeminado o termo foi associado a todos os afeminados do estado. Daí em diante, no Maranhão, todos homossexuais são chamado popularmente de &quot;qualira&quot;.

==Anagrama==
# [[aquiral]]
[[Categoria:Substantivo (Português)]]</text>
<sha1>hkn69z3oip2wc9ddto9xh6livpi3wgh</sha1>
</revision>
<revision>
<id>2525458</id>
<parentid>2525457</parentid>
<timestamp>2018-11-06T17:40:11Z</timestamp>
<contributor>
<ip>187.122.151.22</ip>
</contributor>
<comment>/* Substantivo */</comment>
<model>wikitext</model>
<format>text/x-wiki</format>
<text bytes="1111" xml:space="preserve">={{-pt-}}=
==Substantivo==
{{flex.pt|ms=qualira|mp=qualiras}}
{{paroxítona|qua|li|ra}}, {{gramática|m}}
# {{escopo|Brasil, Maranhão, Gíria}} [[veado]], [[paneleiro]], [[homossexual]], [[baitola]], [[gay]], [[Marcholla]]

=={{etimologia|pt}}==
: Termo comum encontrado no Maranhão; de acordo com as pessoas mais antigas do estado surgiu no carnaval, que era basicamente de rua e no qual se apresentavam vários blocos carnavalescos fazendo alegria da população com seus instrumentos musicais e marchinhas de carnaval pelas ruas da capital, São Luís. Dizem que em um desses blocos havia um rapaz afeminado que se destacava por tocar lira (instrumento de cordas dedilháveis ou tocadas com plectro, de larga difusão na Antiguidade). Daí sempre que ele aparecia as pessoas gritavam: &quot;la vem ele com a lira&quot; e nisso foi diminuindo a frase &quot;com a lira&quot; até chegar a &quot;qualira&quot;. Por ser afeminado o termo foi associado a todos os afeminados do estado. Daí em diante, no Maranhão, todos homossexuais são chamado popularmente de &quot;qualira&quot;.

==Anagrama==
# [[aquiral]]
[[Categoria:Substantivo (Português)]]</text>
<sha1>sxibvbcwu8srux04aykaetawxm6cdf4</sha1>
</revision>
<revision>
<id>2525460</id>
<parentid>2525458</parentid>
<timestamp>2018-11-06T18:10:14Z</timestamp>
<contributor>
<username>ValJor</username>
<id>1358</id>
</contributor>
<minor />
<comment>Revertidas edições por [[Especial:Contribuições/187.122.151.22|187.122.151.22]] para a última versão por [[Especial:Contribuições/201.22.164.167|201.22.164.167]]</comment>
<model>wikitext</model>
<format>text/x-wiki</format>
<text bytes="1095" xml:space="preserve">={{-pt-}}=
==Substantivo==
{{flex.pt|ms=qualira|mp=qualiras}}
{{paroxítona|qua|li|ra}}, {{gramática|m}}
# {{escopo|Brasil, Maranhão, Gíria}} [[veado]], [[paneleiro]], [[homossexual]], [[baitola]], [[gay]]
=={{etimologia|pt}}==
: Termo comum encontrado no Maranhão; de acordo com as pessoas mais antigas do estado surgiu no carnaval, que era basicamente de rua e no qual se apresentavam vários blocos carnavalescos fazendo alegria da população com seus instrumentos musicais e marchinhas de carnaval pelas ruas da capital, São Luís. Dizem que em um desses blocos havia um rapaz afeminado que se destacava por tocar lira (instrumento de cordas dedilháveis ou tocadas com plectro, de larga difusão na Antiguidade). Daí sempre que ele aparecia as pessoas gritavam: &quot;la vem ele com a lira&quot; e nisso foi diminuindo a frase &quot;com a lira&quot; até chegar a &quot;qualira&quot;. Por ser afeminado o termo foi associado a todos os afeminados do estado. Daí em diante, no Maranhão, todos homossexuais são chamado popularmente de &quot;qualira&quot;.

==Anagrama==
# [[aquiral]]
[[Categoria:Substantivo (Português)]]</text>
<sha1>aekahehti7qb8aabe4wil0muacb8ia0</sha1>
</revision>
<revision>
<id>2567117</id>
<parentid>2525460</parentid>
<timestamp>2019-12-18T00:42:42Z</timestamp>
<contributor>
<ip>186.247.207.220</ip>
</contributor>
<model>wikitext</model>
<format>text/x-wiki</format>
<text bytes="1102" xml:space="preserve">Poldo

={{-pt-}}=
==Substantivo==
{{flex.pt|ms=qualira|mp=qualiras}}
{{paroxítona|qua|li|ra}}, {{gramática|m}}
# {{escopo|Brasil, Maranhão, Gíria}} [[veado]], [[paneleiro]], [[homossexual]], [[baitola]], [[gay]]
=={{etimologia|pt}}==
: Termo comum encontrado no Maranhão; de acordo com as pessoas mais antigas do estado surgiu no carnaval, que era basicamente de rua e no qual se apresentavam vários blocos carnavalescos fazendo alegria da população com seus instrumentos musicais e marchinhas de carnaval pelas ruas da capital, São Luís. Dizem que em um desses blocos havia um rapaz afeminado que se destacava por tocar lira (instrumento de cordas dedilháveis ou tocadas com plectro, de larga difusão na Antiguidade). Daí sempre que ele aparecia as pessoas gritavam: &quot;la vem ele com a lira&quot; e nisso foi diminuindo a frase &quot;com a lira&quot; até chegar a &quot;qualira&quot;. Por ser afeminado o termo foi associado a todos os afeminados do estado. Daí em diante, no Maranhão, todos homossexuais são chamado popularmente de &quot;qualira&quot;.

==Anagrama==
# [[aquiral]]
[[Categoria:Substantivo (Português)]]</text>
<sha1>8b5hjh1zw5dr338r9gfz29pjbxqgr48</sha1>
</revision>
<revision>
<id>2567118</id>
<parentid>2567117</parentid>
<timestamp>2019-12-18T01:09:33Z</timestamp>
<contributor>
<username>ValJor</username>
<id>1358</id>
</contributor>
<minor />
<comment>Revertidas edições por [[Especial:Contribuições/186.247.207.220|186.247.207.220]] para a última versão por [[Especial:Contribuições/ValJor|ValJor]]</comment>
<model>wikitext</model>
<format>text/x-wiki</format>
<text bytes="1095" xml:space="preserve">={{-pt-}}=
==Substantivo==
{{flex.pt|ms=qualira|mp=qualiras}}
{{paroxítona|qua|li|ra}}, {{gramática|m}}
# {{escopo|Brasil, Maranhão, Gíria}} [[veado]], [[paneleiro]], [[homossexual]], [[baitola]], [[gay]]
=={{etimologia|pt}}==
: Termo comum encontrado no Maranhão; de acordo com as pessoas mais antigas do estado surgiu no carnaval, que era basicamente de rua e no qual se apresentavam vários blocos carnavalescos fazendo alegria da população com seus instrumentos musicais e marchinhas de carnaval pelas ruas da capital, São Luís. Dizem que em um desses blocos havia um rapaz afeminado que se destacava por tocar lira (instrumento de cordas dedilháveis ou tocadas com plectro, de larga difusão na Antiguidade). Daí sempre que ele aparecia as pessoas gritavam: &quot;la vem ele com a lira&quot; e nisso foi diminuindo a frase &quot;com a lira&quot; até chegar a &quot;qualira&quot;. Por ser afeminado o termo foi associado a todos os afeminados do estado. Daí em diante, no Maranhão, todos homossexuais são chamado popularmente de &quot;qualira&quot;.

==Anagrama==
# [[aquiral]]
[[Categoria:Substantivo (Português)]]</text>
<sha1>aekahehti7qb8aabe4wil0muacb8ia0</sha1>
</revision>
<revision>
<id>2601993</id>
<parentid>2567118</parentid>
<timestamp>2020-11-14T12:41:04Z</timestamp>
<contributor>
<username>ValJor</username>
<id>1358</id>
</contributor>
<comment>Acrescentando código de língua à [[:Categoria:!Página com mensagem de erro em predefinição|predefinição escopo]]</comment>
<model>wikitext</model>
<format>text/x-wiki</format>
<text bytes="1222" xml:space="preserve">={{-pt-}}=
==Substantivo==
{{flex.pt|ms=qualira|mp=qualiras}}
{{paroxítona|qua|li|ra}}, {{gramática|m}}
# {{escopo|pt|Brasil|Maranhão|Gíria}} [[veado]], [[paneleiro]], [[homossexual]], [[baitola]], [[gay]]

=={{etimologia|pt}}==
: Termo comum encontrado no Maranhão; de acordo com as pessoas mais antigas do estado surgiu no carnaval, que era basicamente de rua e no qual se apresentavam vários blocos carnavalescos fazendo alegria da população com seus instrumentos musicais e marchinhas de carnaval pelas ruas da capital, São Luís. Dizem que em um desses blocos havia um rapaz afeminado que se destacava por tocar lira (instrumento de cordas dedilháveis ou tocadas com plectro, de larga difusão na Antiguidade). Daí sempre que ele aparecia as pessoas gritavam: &quot;la vem ele com a lira&quot; e nisso foi diminuindo a frase &quot;com a lira&quot; até chegar a &quot;qualira&quot;. Por ser afeminado o termo foi associado a todos os afeminados do estado. Daí em diante, no Maranhão, todos homossexuais são chamado popularmente de &quot;qualira&quot;.

==Ligações externas==
* {{Aulete}}
* {{Michaelis}}
* {{DPLP}}
* {{VOLPABL}}

==Anagrama==
&lt;!-- índice para anagramas: pt: aailqru --&gt;
# [[aquiral]]

[[Categoria:Substantivo (Português)]]</text>
<sha1>sm1xmaosphjkvfcibmrjydt4q42wgdx</sha1>
</revision>
<revision>
<id>2688299</id>
<parentid>2601993</parentid>
<timestamp>2022-09-13T22:50:15Z</timestamp>
<contributor>
<ip>177.37.149.2</ip>
</contributor>
<comment>/* Substantivo */</comment>
<model>wikitext</model>
<format>text/x-wiki</format>
<text bytes="1234" xml:space="preserve">={{-pt-}}=
==Substantivo==
{{flex.pt|ms=qualira|mp=qualiras}}
{{paroxítona|qua|li|ra}}, {{gramática|m}}
# {{escopo|pt|Brasil|Maranhão|Gíria}} [[veado]], [[paneleiro]], [[homossexual]], [[baitola]], [[gay]], [[Samuel]]

=={{etimologia|pt}}==
: Termo comum encontrado no Maranhão; de acordo com as pessoas mais antigas do estado surgiu no carnaval, que era basicamente de rua e no qual se apresentavam vários blocos carnavalescos fazendo alegria da população com seus instrumentos musicais e marchinhas de carnaval pelas ruas da capital, São Luís. Dizem que em um desses blocos havia um rapaz afeminado que se destacava por tocar lira (instrumento de cordas dedilháveis ou tocadas com plectro, de larga difusão na Antiguidade). Daí sempre que ele aparecia as pessoas gritavam: &quot;la vem ele com a lira&quot; e nisso foi diminuindo a frase &quot;com a lira&quot; até chegar a &quot;qualira&quot;. Por ser afeminado o termo foi associado a todos os afeminados do estado. Daí em diante, no Maranhão, todos homossexuais são chamado popularmente de &quot;qualira&quot;.

==Ligações externas==
* {{Aulete}}
* {{Michaelis}}
* {{DPLP}}
* {{VOLPABL}}

==Anagrama==
&lt;!-- índice para anagramas: pt: aailqru --&gt;
# [[aquiral]]

[[Categoria:Substantivo (Português)]]</text>
<sha1>p37fsifuhs3d11ghahr9wvh99x0saix</sha1>
</revision>
<revision>
<id>2688300</id>
<parentid>2688299</parentid>
<timestamp>2022-09-13T22:51:21Z</timestamp>
<contributor>
<ip>177.37.149.2</ip>
</contributor>
<comment>/* Etimologia */</comment>
<model>wikitext</model>
<format>text/x-wiki</format>
<text bytes="1244" xml:space="preserve">={{-pt-}}=
==Substantivo==
{{flex.pt|ms=qualira|mp=qualiras}}
{{paroxítona|qua|li|ra}}, {{gramática|m}}
# {{escopo|pt|Brasil|Maranhão|Gíria}} [[veado]], [[paneleiro]], [[homossexual]], [[baitola]], [[gay]], [[Samuel]]

=={{etimologia|pt}}==
: Termo comum encontrado no Maranhão; de acordo com as pessoas mais antigas do estado surgiu no carnaval, que era basicamente de rua e no qual se apresentavam vários blocos carnavalescos fazendo alegria da população com seus instrumentos musicais e marchinhas de carnaval pelas ruas da capital, São Luís. Dizem que em um desses blocos havia um rapaz afeminado que se destacava por tocar lira (instrumento de cordas dedilháveis ou tocadas com plectro, de larga difusão na Antiguidade). Daí sempre que ele aparecia as pessoas gritavam: &quot;la vem ele com a lira&quot; e nisso foi diminuindo a frase &quot;com a lira&quot; até chegar a &quot;qualira&quot;. Por ser afeminado o termo foi associado a todos os afeminados do estado. Daí em diante, no Maranhão, todos homossexuais são chamado popularmente de &quot;qualira&quot; ou Samuel.

==Ligações externas==
* {{Aulete}}
* {{Michaelis}}
* {{DPLP}}
* {{VOLPABL}}

==Anagrama==
&lt;!-- índice para anagramas: pt: aailqru --&gt;
# [[aquiral]]

[[Categoria:Substantivo (Português)]]</text>
<sha1>qfz6ysil2e35e2ohpfum11di3zduic6</sha1>
</revision>
<revision>
<id>2688301</id>
<parentid>2688300</parentid>
<timestamp>2022-09-13T22:52:09Z</timestamp>
<contributor>
<ip>177.37.149.2</ip>
</contributor>
<comment>/* Etimologia */</comment>
<model>wikitext</model>
<format>text/x-wiki</format>
<text bytes="1234" xml:space="preserve">={{-pt-}}=
==Substantivo==
{{flex.pt|ms=qualira|mp=qualiras}}
{{paroxítona|qua|li|ra}}, {{gramática|m}}
# {{escopo|pt|Brasil|Maranhão|Gíria}} [[veado]], [[paneleiro]], [[homossexual]], [[baitola]], [[gay]], [[Samuel]]

=={{etimologia|pt}}==
: Termo comum encontrado no Maranhão; de acordo com as pessoas mais antigas do estado surgiu no carnaval, que era basicamente de rua e no qual se apresentavam vários blocos carnavalescos fazendo alegria da população com seus instrumentos musicais e marchinhas de carnaval pelas ruas da capital, São Luís. Dizem que em um desses blocos havia um rapaz afeminado que se destacava por tocar lira (instrumento de cordas dedilháveis ou tocadas com plectro, de larga difusão na Antiguidade). Daí sempre que ele aparecia as pessoas gritavam: &quot;la vem ele com a lira&quot; e nisso foi diminuindo a frase &quot;com a lira&quot; até chegar a &quot;qualira&quot;. Por ser afeminado o termo foi associado a todos os afeminados do estado. Daí em diante, no Maranhão, todos homossexuais são chamado popularmente de &quot;qualira&quot;.

==Ligações externas==
* {{Aulete}}
* {{Michaelis}}
* {{DPLP}}
* {{VOLPABL}}

==Anagrama==
&lt;!-- índice para anagramas: pt: aailqru --&gt;
# [[aquiral]]

[[Categoria:Substantivo (Português)]]</text>
<sha1>p37fsifuhs3d11ghahr9wvh99x0saix</sha1>
</revision>
<revision>
<id>2688302</id>
<parentid>2688301</parentid>
<timestamp>2022-09-13T22:52:21Z</timestamp>
<contributor>
<ip>177.37.149.2</ip>
</contributor>
<comment>/* Substantivo */</comment>
<model>wikitext</model>
<format>text/x-wiki</format>
<text bytes="1222" xml:space="preserve">={{-pt-}}=
==Substantivo==
{{flex.pt|ms=qualira|mp=qualiras}}
{{paroxítona|qua|li|ra}}, {{gramática|m}}
# {{escopo|pt|Brasil|Maranhão|Gíria}} [[veado]], [[paneleiro]], [[homossexual]], [[baitola]], [[gay]]

=={{etimologia|pt}}==
: Termo comum encontrado no Maranhão; de acordo com as pessoas mais antigas do estado surgiu no carnaval, que era basicamente de rua e no qual se apresentavam vários blocos carnavalescos fazendo alegria da população com seus instrumentos musicais e marchinhas de carnaval pelas ruas da capital, São Luís. Dizem que em um desses blocos havia um rapaz afeminado que se destacava por tocar lira (instrumento de cordas dedilháveis ou tocadas com plectro, de larga difusão na Antiguidade). Daí sempre que ele aparecia as pessoas gritavam: &quot;la vem ele com a lira&quot; e nisso foi diminuindo a frase &quot;com a lira&quot; até chegar a &quot;qualira&quot;. Por ser afeminado o termo foi associado a todos os afeminados do estado. Daí em diante, no Maranhão, todos homossexuais são chamado popularmente de &quot;qualira&quot;.

==Ligações externas==
* {{Aulete}}
* {{Michaelis}}
* {{DPLP}}
* {{VOLPABL}}

==Anagrama==
&lt;!-- índice para anagramas: pt: aailqru --&gt;
# [[aquiral]]

[[Categoria:Substantivo (Português)]]</text>
<sha1>sm1xmaosphjkvfcibmrjydt4q42wgdx</sha1>
</revision>
</page>
