<title>quamanha</title>
<ns>0</ns>
<id>104808</id>
<revision>
<id>408805</id>
<timestamp>2009-01-18T17:23:56Z</timestamp>
<contributor>
<username>Matorfãos</username>
<id>6482</id>
</contributor>
<comment>[[Ajuda:Menus e funções/Sumário de edição#Sumário de edição automático|→]] nova página: =[[Português]][[Categoria: Português]]= '''qua.ma.nha'''  ==[[Categoria:Adjectivo (Português)]]...</comment>
<model>wikitext</model>
<format>text/x-wiki</format>
<text bytes="454" xml:space="preserve">=[[Português]][[Categoria: Português]]=
'''qua.ma.nha'''
==[[Categoria:Adjectivo (Português)]] Adjectivo==
# [[feminino]] [[de]] '''[[quamanho]]'''




{{tradini|[[Image:LuisdeCamoes4.jpg|10px]] [[camonismo|Camonismo]] [[Image:Os Lusíadas.jpg|10px]]
[[Categoria:Camonismo (Português)]]}}
*** '''1 ocorrência n'Os Lusíadas'''
* [[ora|Ora]] [[vê]], [[rei|Rei]], '''quamanha''' [[terra]] [[andámos]],     -    Os Lusíadas   V-69-5
{{tradfim}}</text>
<sha1>b9unuupsymw22ddu0od9x6xqwmwa51u</sha1>
</revision>
<revision>
<id>464475</id>
<parentid>408805</parentid>
<timestamp>2009-05-16T23:23:39Z</timestamp>
<contributor>
<username>Nkongo</username>
<id>6268</id>
</contributor>
<model>wikitext</model>
<format>text/x-wiki</format>
<text bytes="484" xml:space="preserve">=[[Português]][[Categoria: Português]]=
'''qua.ma.nha'''
==[[Categoria:Adjectivo (Português)]] Adjectivo==
# [[feminino]] [[de]] '''[[quamanho]]'''
&lt;br&gt;
{{tradini|[[Image:LuisdeCamoes4.jpg|10px]] [[camonismo|Camonismo]] [[Image:Os Lusíadas.jpg|10px]] [[Categoria:Camonismo (Português)]] [[Image:Button bon article.png]]}}
*** '''1 ocorrência n'Os Lusíadas'''
* [[ora|Ora]] [[vê]], [[rei|Rei]], '''quamanha''' [[terra]] [[andámos]],     -    Os Lusíadas   V-69-5
{{tradfim}}</text>
<sha1>f81cxhhfd3f5ahlf7ny23js09q2yosd</sha1>
</revision>
<revision>
<id>470415</id>
<parentid>464475</parentid>
<timestamp>2009-05-26T20:59:57Z</timestamp>
<contributor>
<username>Cadum-Bot</username>
<id>8150</id>
</contributor>
<minor />
<comment>Adjetivo...</comment>
<model>wikitext</model>
<format>text/x-wiki</format>
<text bytes="483" xml:space="preserve">=[[Português]][[Categoria: Português]]=
'''qua.ma.nha'''
==[[Categoria:Adjetivo (Português)]] Adjectivo==
# [[feminino]] [[de]] '''[[quamanho]]'''
&lt;br&gt;
{{tradini|[[Image:LuisdeCamoes4.jpg|10px]] [[camonismo|Camonismo]] [[Image:Os Lusíadas.jpg|10px]] [[Categoria:Camonismo (Português)]] [[Image:Button bon article.png]]}}
*** '''1 ocorrência n'Os Lusíadas'''
* [[ora|Ora]] [[vê]], [[rei|Rei]], '''quamanha''' [[terra]] [[andámos]],     -    Os Lusíadas   V-69-5
{{tradfim}}</text>
<sha1>4mupvsdqvo94dk454g1kav39t0sfxkm</sha1>
</revision>
<revision>
<id>497484</id>
<parentid>470415</parentid>
<timestamp>2009-07-18T17:42:03Z</timestamp>
<contributor>
<ip>87.196.135.17</ip>
</contributor>
<model>wikitext</model>
<format>text/x-wiki</format>
<text bytes="447" xml:space="preserve">=[[Português]][[Categoria: Português]]=
'''qua.ma.nha'''
==[[Categoria:Adjetivo (Português)]] Adjectivo==
# [[feminino]] [[de]] '''[[quamanho]]'''


{{tradini|[[Image:LuisdeCamoes4.jpg|10px]] [[camonismo|Camonismo]] [[Image:Os Lusíadas.jpg|10px]] [[Categoria:Camonismo (Português)]]}}
*** '''1 ocorrência n'Os Lusíadas'''
* [[ora|Ora]] [[vê]], [[rei|Rei]], '''quamanha''' [[terra]] [[andámos]],     -    Os Lusíadas   V-69-5
{{tradfim}}</text>
<sha1>e1n0r3exmwksz7apvsquqvgsawoocef</sha1>
</revision>
<revision>
<id>583665</id>
<parentid>497484</parentid>
<timestamp>2009-10-31T20:23:01Z</timestamp>
<contributor>
<username>ValJor</username>
<id>1358</id>
</contributor>
<comment>Retirando verbete da [[:Categoria:Português]]</comment>
<model>wikitext</model>
<format>text/x-wiki</format>
<text bytes="431" xml:space="preserve">=Português=
==Forma de adjetivo==
{{paroxítona|qua|ma|nha}}
# feminino de [[quamanho]]


{{tradini|[[Image:LuisdeCamoes4.jpg|10px]] [[camonismo|Camonismo]] [[Image:Os Lusíadas.jpg|10px]]}}
*** '''1 ocorrência n'Os Lusíadas'''
* [[ora|Ora]] [[vê]], [[rei|Rei]], '''quamanha''' [[terra]] [[andámos]],     -    Os Lusíadas   V-69-5
{{tradfim}}

[[Categoria:Forma de adjetivo (Português)]]
[[Categoria:Camonismo (Português)]]</text>
<sha1>82mdvl6mphtr2kumwxs7k2j6t60tdfo</sha1>
</revision>
<revision>
<id>602610</id>
<parentid>583665</parentid>
<timestamp>2009-11-08T19:01:06Z</timestamp>
<contributor>
<username>MalafayaBot</username>
<id>628</id>
</contributor>
<minor />
<comment>Usando predefinição</comment>
<model>wikitext</model>
<format>text/x-wiki</format>
<text bytes="297" xml:space="preserve">=Português=
==Forma de adjetivo==
{{paroxítona|qua|ma|nha}}
# feminino de [[quamanho]]


{{camonismo|
*** '''1 ocorrência n'Os Lusíadas'''
* [[ora|Ora]] [[vê]], [[rei|Rei]], '''quamanha''' [[terra]] [[andámos]],     -    Os Lusíadas   V-69-5
}}

[[Categoria:Forma de adjetivo (Português)]]</text>
<sha1>q2p2lojxyx7wjf1hkbzg6b4s6yx6doo</sha1>
</revision>
<revision>
<id>959555</id>
<parentid>602610</parentid>
<timestamp>2010-09-24T16:32:41Z</timestamp>
<contributor>
<username>ValJor</username>
<id>1358</id>
</contributor>
<comment>Retirando [[Especial:Páginas_afluentes/Predefinição:camonismo|camonismo]] do domínio principal e passando para o domínio Citações</comment>
<model>wikitext</model>
<format>text/x-wiki</format>
<text bytes="134" xml:space="preserve">=Português=
==Forma de adjetivo==
{{paroxítona|qua|ma|nha}}
# feminino de [[quamanho]]

[[Categoria:Forma de adjetivo (Português)]]</text>
<sha1>1j31o8ych2vanf5y24av4tzqotb0i1l</sha1>
</revision>
<revision>
<id>1190295</id>
<parentid>959555</parentid>
<timestamp>2011-07-08T18:57:34Z</timestamp>
<contributor>
<username>MalafayaBot</username>
<id>628</id>
</contributor>
<minor />
<comment>Robô: Substituição de texto automática (-^\=\s?Português\s?\= +={{-pt-}}= &amp; -^\=\s?\{\{pt\}\}\s?\= +={{-pt-}}=)</comment>
<model>wikitext</model>
<format>text/x-wiki</format>
<text bytes="132" xml:space="preserve">={{-pt-}}=
==Forma de adjetivo==
{{paroxítona|qua|ma|nha}}
# feminino de [[quamanho]]

[[Categoria:Forma de adjetivo (Português)]]</text>
<sha1>9cux29js2uds1sepazx4zo3zkz4zc44</sha1>
</revision>
</page>
