<title>quantiámos</title>
<ns>0</ns>
<id>308809</id>
<revision>
<id>1644856</id>
<timestamp>2013-02-01T17:19:48Z</timestamp>
<contributor>
<ip>217.129.4.92</ip>
</contributor>
<comment>[[Ajuda:Guia de edição/Menus e ferramentas/Sumário de edição|→]] nova página: ={{-pt-}}= ==Forma verbal== {{paroxítona|quan|ti|á|mos}} #{{escopo|grafia lusitana}} [[primeira pessoa]] do...</comment>
<model>wikitext</model>
<format>text/x-wiki</format>
<text bytes="264" xml:space="preserve">={{-pt-}}=
==Forma verbal==
{{paroxítona|quan|ti|á|mos}}
#{{escopo|grafia lusitana}} [[primeira pessoa]] do [[plural]] do [[pretérito perfeito]] do [[modo indicativo]] do verbo '''[[quantiar]]'''
[[Categoria:Forma verbal (Português)]]
[[Categoria:Lusitanismo]]</text>
<sha1>iqs8nqhw6js8cfr5apgtf6m5z6mux2t</sha1>
</revision>
<revision>
<id>2259400</id>
<parentid>1644856</parentid>
<timestamp>2017-04-09T06:18:36Z</timestamp>
<contributor>
<username>Defender</username>
<id>15952</id>
</contributor>
<comment>Trocando predefinição escopo por escopo2</comment>
<model>wikitext</model>
<format>text/x-wiki</format>
<text bytes="265" xml:space="preserve">={{-pt-}}=
==Forma verbal==
{{paroxítona|quan|ti|á|mos}}
#{{escopo2|grafia lusitana}} [[primeira pessoa]] do [[plural]] do [[pretérito perfeito]] do [[modo indicativo]] do verbo '''[[quantiar]]'''
[[Categoria:Forma verbal (Português)]]
[[Categoria:Lusitanismo]]</text>
<sha1>1jb888luy90oyabnrbawpw1l2cb94cw</sha1>
</revision>
</page>
