<title>quantas</title>
<ns>0</ns>
<id>113329</id>
<revision>
<id>466946</id>
<timestamp>2009-05-20T23:47:20Z</timestamp>
<contributor>
<username>Nkongo</username>
<id>6268</id>
</contributor>
<model>wikitext</model>
<format>text/x-wiki</format>
<text bytes="964" xml:space="preserve">=[[Português]][[Categoria: Português]]=
'''qu.an.tas'''
==Adjectivo, pronome, advérbio==
# [[plural]] [[de]] '''[[quanta]]'''
&lt;br&gt;
{{tradini|[[Image:LuisdeCamoes4.jpg|10px]] [[camonismo|Camonismo]] [[Image:Os Lusíadas.jpg|10px]]
[[Categoria:Camonismo (Português)]]}}
*** '''6 ocorrências n'Os Lusíadas'''
*** rimas n'Os Lusíadas: [[quebrantas]]; [[tantas]]
* [[por|Por]] '''quantas''' [[qualidades]] [[via]] [[nela]]   -   Os Lusíadas  I-33-3
* [[a|A]] '''quantas''' [[gentes]] [[vês]] [[porás]] [[o]] [[freio]].»   -   Os Lusíadas  IV-74-8
* [[se|Se]] [[lhe]] [[aventajam]] '''quantas''' [[Vénus]] [[ama]];   -   Os Lusíadas  V-5-6
* «[[e|E]] [[disse]]: – «[[ó|Ó]] [[gente]] [[ousada]], [[mais]] [[que]] '''quantas'''   -   Os Lusíadas  V-41-8
* «[[sabe|Sabe]] [[que]] '''quantas''' [[naus]] [[esta]] [[viagem]]   -   Os Lusíadas  V-43-1
* '''Quantas''' [[árvores]] [[velhas]] [[arrancaram]]   -   Os Lusíadas  VI-79-3
{{tradfim}}</text>
<sha1>agmk8dit0vvabj0nfhoe7t2x32x8hm8</sha1>
</revision>
<revision>
<id>467743</id>
<parentid>466946</parentid>
<timestamp>2009-05-22T15:13:37Z</timestamp>
<contributor>
<username>Nkongo</username>
<id>6268</id>
</contributor>
<model>wikitext</model>
<format>text/x-wiki</format>
<text bytes="964" xml:space="preserve">=[[Português]][[Categoria: Português]]=
'''qu.an.tas'''
==Adjectivo, pronome, advérbio==
# [[plural]] [[de]] '''[[quanta]]'''
&lt;br&gt;
{{tradini|[[Image:LuisdeCamoes4.jpg|10px]] [[camonismo|Camonismo]] [[Image:Os Lusíadas.jpg|10px]]
[[Categoria:Camonismo (Português)]]}}
*** '''6 ocorrências n'Os Lusíadas'''
*** rimas n'Os Lusíadas: [[quebrantas]]; [[tantas]]
* [[por|Por]] '''quantas''' [[qualidades]] [[via]] [[nela]]   -   Os Lusíadas  I-33-3
* [[a|A]] '''quantas''' [[gentes]] [[vês]] [[porás]] [[o]] [[freio]].»   -   Os Lusíadas  IV-74-8
* [[se|Se]] [[lhe]] [[avantajam]] '''quantas''' [[Vénus]] [[ama]];   -   Os Lusíadas  V-5-6
* «[[e|E]] [[disse]]: – «[[ó|Ó]] [[gente]] [[ousada]], [[mais]] [[que]] '''quantas'''   -   Os Lusíadas  V-41-8
* «[[sabe|Sabe]] [[que]] '''quantas''' [[naus]] [[esta]] [[viagem]]   -   Os Lusíadas  V-43-1
* '''Quantas''' [[árvores]] [[velhas]] [[arrancaram]]   -   Os Lusíadas  VI-79-3
{{tradfim}}</text>
<sha1>lq4spka8w5fsgwf5j4oc1ekojctlbxc</sha1>
</revision>
<revision>
<id>497485</id>
<parentid>467743</parentid>
<timestamp>2009-07-18T17:42:14Z</timestamp>
<contributor>
<ip>87.196.135.17</ip>
</contributor>
<model>wikitext</model>
<format>text/x-wiki</format>
<text bytes="961" xml:space="preserve">=[[Português]][[Categoria: Português]]=
'''qu.an.tas'''
==Adjectivo, pronome, advérbio==
# [[plural]] [[de]] '''[[quanta]]'''


{{tradini|[[Image:LuisdeCamoes4.jpg|10px]] [[camonismo|Camonismo]] [[Image:Os Lusíadas.jpg|10px]]
[[Categoria:Camonismo (Português)]]}}
*** '''6 ocorrências n'Os Lusíadas'''
*** rimas n'Os Lusíadas: [[quebrantas]]; [[tantas]]
* [[por|Por]] '''quantas''' [[qualidades]] [[via]] [[nela]]   -   Os Lusíadas  I-33-3
* [[a|A]] '''quantas''' [[gentes]] [[vês]] [[porás]] [[o]] [[freio]].»   -   Os Lusíadas  IV-74-8
* [[se|Se]] [[lhe]] [[avantajam]] '''quantas''' [[Vénus]] [[ama]];   -   Os Lusíadas  V-5-6
* «[[e|E]] [[disse]]: – «[[ó|Ó]] [[gente]] [[ousada]], [[mais]] [[que]] '''quantas'''   -   Os Lusíadas  V-41-8
* «[[sabe|Sabe]] [[que]] '''quantas''' [[naus]] [[esta]] [[viagem]]   -   Os Lusíadas  V-43-1
* '''Quantas''' [[árvores]] [[velhas]] [[arrancaram]]   -   Os Lusíadas  VI-79-3
{{tradfim}}</text>
<sha1>gw6ycx9iz152n2azf561va8rzcvgp8k</sha1>
</revision>
<revision>
<id>583654</id>
<parentid>497485</parentid>
<timestamp>2009-10-31T20:16:32Z</timestamp>
<contributor>
<username>ValJor</username>
<id>1358</id>
</contributor>
<comment>Retirando verbete da [[:Categoria:Português]]</comment>
<model>wikitext</model>
<format>text/x-wiki</format>
<text bytes="962" xml:space="preserve">=Português=
==Forma de pronome==
{{paroxítona|quan|tas}}
# feminino plural de [[quanto]]


{{tradini|[[Image:LuisdeCamoes4.jpg|10px]] [[camonismo|Camonismo]] [[Image:Os Lusíadas.jpg|10px]]}}
*** '''6 ocorrências n'Os Lusíadas'''
*** rimas n'Os Lusíadas: [[quebrantas]]; [[tantas]]
* [[por|Por]] '''quantas''' [[qualidades]] [[via]] [[nela]]   -   Os Lusíadas  I-33-3
* [[a|A]] '''quantas''' [[gentes]] [[vês]] [[porás]] [[o]] [[freio]].»   -   Os Lusíadas  IV-74-8
* [[se|Se]] [[lhe]] [[avantajam]] '''quantas''' [[Vénus]] [[ama]];   -   Os Lusíadas  V-5-6
* «[[e|E]] [[disse]]: – «[[ó|Ó]] [[gente]] [[ousada]], [[mais]] [[que]] '''quantas'''   -   Os Lusíadas  V-41-8
* «[[sabe|Sabe]] [[que]] '''quantas''' [[naus]] [[esta]] [[viagem]]   -   Os Lusíadas  V-43-1
* '''Quantas''' [[árvores]] [[velhas]] [[arrancaram]]   -   Os Lusíadas  VI-79-3
{{tradfim}}

[[Categoria:Forma de pronome (Português)]]
[[Categoria:Camonismo (Português)]]</text>
<sha1>0rrmrzefhqfcsxt1tjhkljd8h5cac0i</sha1>
</revision>
<revision>
<id>602613</id>
<parentid>583654</parentid>
<timestamp>2009-11-08T19:01:12Z</timestamp>
<contributor>
<username>MalafayaBot</username>
<id>628</id>
</contributor>
<minor />
<comment>Usando predefinição</comment>
<model>wikitext</model>
<format>text/x-wiki</format>
<text bytes="828" xml:space="preserve">=Português=
==Forma de pronome==
{{paroxítona|quan|tas}}
# feminino plural de [[quanto]]


{{camonismo|
*** '''6 ocorrências n'Os Lusíadas'''
*** rimas n'Os Lusíadas: [[quebrantas]]; [[tantas]]
* [[por|Por]] '''quantas''' [[qualidades]] [[via]] [[nela]]   -   Os Lusíadas  I-33-3
* [[a|A]] '''quantas''' [[gentes]] [[vês]] [[porás]] [[o]] [[freio]].»   -   Os Lusíadas  IV-74-8
* [[se|Se]] [[lhe]] [[avantajam]] '''quantas''' [[Vénus]] [[ama]];   -   Os Lusíadas  V-5-6
* «[[e|E]] [[disse]]: – «[[ó|Ó]] [[gente]] [[ousada]], [[mais]] [[que]] '''quantas'''   -   Os Lusíadas  V-41-8
* «[[sabe|Sabe]] [[que]] '''quantas''' [[naus]] [[esta]] [[viagem]]   -   Os Lusíadas  V-43-1
* '''Quantas''' [[árvores]] [[velhas]] [[arrancaram]]   -   Os Lusíadas  VI-79-3
}}

[[Categoria:Forma de pronome (Português)]]</text>
<sha1>9plyrxmzpemvvjycar3qxkrzvr0w0nf</sha1>
</revision>
<revision>
<id>949938</id>
<parentid>602613</parentid>
<timestamp>2010-09-04T20:23:23Z</timestamp>
<contributor>
<username>Interwicket</username>
<id>6868</id>
</contributor>
<minor />
<comment>iwiki +[[:en:quantas]]</comment>
<model>wikitext</model>
<format>text/x-wiki</format>
<text bytes="844" xml:space="preserve">=Português=
==Forma de pronome==
{{paroxítona|quan|tas}}
# feminino plural de [[quanto]]


{{camonismo|
*** '''6 ocorrências n'Os Lusíadas'''
*** rimas n'Os Lusíadas: [[quebrantas]]; [[tantas]]
* [[por|Por]] '''quantas''' [[qualidades]] [[via]] [[nela]]   -   Os Lusíadas  I-33-3
* [[a|A]] '''quantas''' [[gentes]] [[vês]] [[porás]] [[o]] [[freio]].»   -   Os Lusíadas  IV-74-8
* [[se|Se]] [[lhe]] [[avantajam]] '''quantas''' [[Vénus]] [[ama]];   -   Os Lusíadas  V-5-6
* «[[e|E]] [[disse]]: – «[[ó|Ó]] [[gente]] [[ousada]], [[mais]] [[que]] '''quantas'''   -   Os Lusíadas  V-41-8
* «[[sabe|Sabe]] [[que]] '''quantas''' [[naus]] [[esta]] [[viagem]]   -   Os Lusíadas  V-43-1
* '''Quantas''' [[árvores]] [[velhas]] [[arrancaram]]   -   Os Lusíadas  VI-79-3
}}

[[Categoria:Forma de pronome (Português)]]

[[en:quantas]]</text>
<sha1>tjtdheu6vxsclzw6emvuajomk628xpe</sha1>
</revision>
<revision>
<id>954624</id>
<parentid>949938</parentid>
<timestamp>2010-09-14T01:35:38Z</timestamp>
<contributor>
<username>ValJor</username>
<id>1358</id>
</contributor>
<comment>Retirando [[Especial:Páginas_afluentes/Predefinição:camonismo|camonismo]] do domínio principal e passando para o domínio Citações</comment>
<model>wikitext</model>
<format>text/x-wiki</format>
<text bytes="151" xml:space="preserve">=Português=
==Forma de pronome==
{{paroxítona|quan|tas}}
# feminino plural de [[quanto]]

[[Categoria:Forma de pronome (Português)]]

[[en:quantas]]</text>
<sha1>1yjwl5142echv526663y17elw1cnj9g</sha1>
</revision>
<revision>
<id>1202764</id>
<parentid>954624</parentid>
<timestamp>2011-07-09T17:02:05Z</timestamp>
<contributor>
<username>MalafayaBot</username>
<id>628</id>
</contributor>
<minor />
<comment>Robô: Substituição de texto automática (-^\=\s?Português\s?\= +={{-pt-}}= &amp; -^\=\s?\{\{pt\}\}\s?\= +={{-pt-}}=)</comment>
<model>wikitext</model>
<format>text/x-wiki</format>
<text bytes="149" xml:space="preserve">={{-pt-}}=
==Forma de pronome==
{{paroxítona|quan|tas}}
# feminino plural de [[quanto]]

[[Categoria:Forma de pronome (Português)]]

[[en:quantas]]</text>
<sha1>aqnj7rjy8ok4e97yl37sqdwmj6tgr58</sha1>
</revision>
<revision>
<id>1708078</id>
<parentid>1202764</parentid>
<timestamp>2013-08-07T05:49:13Z</timestamp>
<contributor>
<username>HydrizBot</username>
<id>29590</id>
</contributor>
<minor />
<comment>r2.7.3) (Robô: A adicionar: [[fr:quantas]], [[hu:quantas]]</comment>
<model>wikitext</model>
<format>text/x-wiki</format>
<text bytes="179" xml:space="preserve">={{-pt-}}=
==Forma de pronome==
{{paroxítona|quan|tas}}
# feminino plural de [[quanto]]

[[Categoria:Forma de pronome (Português)]]

[[en:quantas]]
[[fr:quantas]]
[[hu:quantas]]</text>
<sha1>ai929apdkcmbqybdvyrfy9ttanj4gn7</sha1>
</revision>
<revision>
<id>1789444</id>
<parentid>1708078</parentid>
<timestamp>2013-12-18T23:34:39Z</timestamp>
<contributor>
<username>MalafayaBot</username>
<id>628</id>
</contributor>
<minor />
<comment>r2.7.5) (Robô: A adicionar: [[oc:quantas]]</comment>
<model>wikitext</model>
<format>text/x-wiki</format>
<text bytes="194" xml:space="preserve">={{-pt-}}=
==Forma de pronome==
{{paroxítona|quan|tas}}
# feminino plural de [[quanto]]

[[Categoria:Forma de pronome (Português)]]

[[en:quantas]]
[[fr:quantas]]
[[hu:quantas]]
[[oc:quantas]]</text>
<sha1>7qyzzhbn0dz2omoa3qdfjthv69oj7o4</sha1>
</revision>
<revision>
<id>2396754</id>
<parentid>1789444</parentid>
<timestamp>2017-05-13T11:00:32Z</timestamp>
<contributor>
<username>HydrizBot</username>
<id>29590</id>
</contributor>
<minor />
<comment>Robô: A limpar links interwikis antigos</comment>
<model>wikitext</model>
<format>text/x-wiki</format>
<text bytes="133" xml:space="preserve">={{-pt-}}=
==Forma de pronome==
{{paroxítona|quan|tas}}
# feminino plural de [[quanto]]

[[Categoria:Forma de pronome (Português)]]</text>
<sha1>my5d4odnoll74vmamhrzodmb590a2dh</sha1>
</revision>
</page>
