<title>quantificação</title>
<ns>0</ns>
<id>78557</id>
<revision>
<id>303622</id>
<timestamp>2007-10-08T00:17:38Z</timestamp>
<contributor>
<username>Diabo e Santo</username>
<id>1867</id>
</contributor>
<comment>[[Ajuda:Menus e funções/Sumário de edição#Sumário de edição automático|→]] nova página: =Português= [[Categoria:Substantivo (Português)]] ==Substantivo== '''quantificação''' ''femini...</comment>
<model>wikitext</model>
<format>text/x-wiki</format>
<text bytes="185" xml:space="preserve">=Português=
[[Categoria:Substantivo (Português)]]
==Substantivo==
'''quantificação''' ''feminino ''
# [[acto]] [[de]] [[quantificar]]
# [[apreciação]] [[da]] [[quantidade]] [[de]]</text>
<sha1>b2wmgrgy7llfs98igbr8v7acwpefkh9</sha1>
</revision>
<revision>
<id>1214587</id>
<parentid>303622</parentid>
<timestamp>2011-07-10T17:39:03Z</timestamp>
<contributor>
<username>MalafayaBot</username>
<id>628</id>
</contributor>
<minor />
<comment>Robô: Substituição de texto automática (-^\=\s?Português\s?\= +={{-pt-}}= &amp; -^\=\s?\{\{pt\}\}\s?\= +={{-pt-}}=)</comment>
<model>wikitext</model>
<format>text/x-wiki</format>
<text bytes="183" xml:space="preserve">={{-pt-}}=
[[Categoria:Substantivo (Português)]]
==Substantivo==
'''quantificação''' ''feminino ''
# [[acto]] [[de]] [[quantificar]]
# [[apreciação]] [[da]] [[quantidade]] [[de]]</text>
<sha1>ql4oh4w0fwskmhoo8xudwf7sdrwgex3</sha1>
</revision>
<revision>
<id>1670851</id>
<parentid>1214587</parentid>
<timestamp>2013-03-18T11:16:19Z</timestamp>
<contributor>
<username>VJBot</username>
<id>33673</id>
</contributor>
<minor />
<comment>Robô: Substituição de texto automática  (-[[acto]] [[de]] +ato de)</comment>
<model>wikitext</model>
<format>text/x-wiki</format>
<text bytes="174" xml:space="preserve">={{-pt-}}=
[[Categoria:Substantivo (Português)]]
==Substantivo==
'''quantificação''' ''feminino ''
# ato de [[quantificar]]
# [[apreciação]] [[da]] [[quantidade]] [[de]]</text>
<sha1>ffee844mvuh19th6m9qvntktgfq3jci</sha1>
</revision>
<revision>
<id>1954644</id>
<parentid>1670851</parentid>
<timestamp>2015-07-02T20:25:16Z</timestamp>
<contributor>
<username>Leonardo José Raimundo</username>
<id>43489</id>
</contributor>
<comment>Eu estou melhorando a apresentação do verbete &quot;quantificação&quot;.</comment>
<model>wikitext</model>
<format>text/x-wiki</format>
<text bytes="238" xml:space="preserve">={{-pt-}}=
==Substantivo==
{{flex.pt|fs=quantificação|fp=quantificações}}
{{oxítona|quan|ti|fi|ca|ção}}, ''feminino ''
# ato de [[quantificar]]
# [[apreciação]] [[da]] [[quantidade]] [[de]]

[[Categoria:Substantivo (Português)]]</text>
<sha1>26jkiiydj344zu60phthdon09qx0ybk</sha1>
</revision>
<revision>
<id>2058597</id>
<parentid>1954644</parentid>
<timestamp>2016-01-27T10:17:39Z</timestamp>
<contributor>
<username>ValJor</username>
<id>1358</id>
</contributor>
<comment>Melhorando a apresentação do verbete</comment>
<model>wikitext</model>
<format>text/x-wiki</format>
<text bytes="222" xml:space="preserve">={{-pt-}}=
==Substantivo==
{{flex.pt|fs=quantificação|fp=quantificações}}
{{oxítona|quan|ti|fi|ca|ção}}, {{f}}
# ato de [[quantificar]]
# [[apreciação]] da [[quantidade]] de

[[Categoria:Substantivo (Português)]]</text>
<sha1>m3m4v1uqdxmj7018qud2zum1yf4twif</sha1>
</revision>
</page>
