<title>quantíssimo</title>
<ns>0</ns>
<id>78553</id>
<revision>
<id>303608</id>
<timestamp>2007-10-07T23:43:17Z</timestamp>
<contributor>
<username>Diabo e Santo</username>
<id>1867</id>
</contributor>
<comment>[[Ajuda:Menus e funções/Sumário de edição#Sumário de edição automático|→]] nova página: =Português= ==Adjectivo== [[Categoria:Adjectivo (Português)]] '''quantíssimo''' ''adjectivo '' ...</comment>
<model>wikitext</model>
<format>text/x-wiki</format>
<text bytes="133" xml:space="preserve">=Português=
==Adjectivo==
[[Categoria:Adjectivo (Português)]]
'''quantíssimo''' ''adjectivo ''
# [[superlativo]] [[de]] [[quanto]]</text>
<sha1>l7lusg0gzwhta7i8yv9qk7sd0zru4tg</sha1>
</revision>
<revision>
<id>303609</id>
<parentid>303608</parentid>
<timestamp>2007-10-07T23:43:45Z</timestamp>
<contributor>
<username>Diabo e Santo</username>
<id>1867</id>
</contributor>
<model>wikitext</model>
<format>text/x-wiki</format>
<text bytes="139" xml:space="preserve">=Português=
==Adjectivo==
[[Categoria:Adjectivo (Português)]]
'''quantíssimo''' ''adjectivo ''
# [[superlativo]] [[de]] '''[[quanto]]'''</text>
<sha1>is1kl2xq9cje25ta2e6bww1t25d2sss</sha1>
</revision>
<revision>
<id>470418</id>
<parentid>303609</parentid>
<timestamp>2009-05-26T21:00:35Z</timestamp>
<contributor>
<username>Cadum-Bot</username>
<id>8150</id>
</contributor>
<minor />
<comment>Adjetivo...</comment>
<model>wikitext</model>
<format>text/x-wiki</format>
<text bytes="150" xml:space="preserve">=Português=
==Adjectivo==
[[Categoria:Adjetivo (Português)|quantissimo]]
'''quantíssimo''' ''adjectivo ''
# [[superlativo]] [[de]] '''[[quanto]]'''</text>
<sha1>rhhc7mmpmatwiq7ve170o7c5yuyqr1s</sha1>
</revision>
<revision>
<id>1018127</id>
<parentid>470418</parentid>
<timestamp>2011-01-28T00:47:46Z</timestamp>
<contributor>
<username>MalafayaBot</username>
<id>628</id>
</contributor>
<minor />
<comment>Bot: Mudança automática (-==Adjectivo== +==Adjetivo==, -== Adjectivo == +== Adjetivo ==)</comment>
<model>wikitext</model>
<format>text/x-wiki</format>
<text bytes="149" xml:space="preserve">=Português=
==Adjetivo==
[[Categoria:Adjetivo (Português)|quantissimo]]
'''quantíssimo''' ''adjectivo ''
# [[superlativo]] [[de]] '''[[quanto]]'''</text>
<sha1>4xxuitqtnabjjlc4sey9i95zc9hhew7</sha1>
</revision>
<revision>
<id>1187560</id>
<parentid>1018127</parentid>
<timestamp>2011-07-08T17:53:41Z</timestamp>
<contributor>
<username>MalafayaBot</username>
<id>628</id>
</contributor>
<minor />
<comment>Robô: Substituição de texto automática (-^\=\s?Português\s?\= +={{-pt-}}= &amp; -^\=\s?\{\{pt\}\}\s?\= +={{-pt-}}=)</comment>
<model>wikitext</model>
<format>text/x-wiki</format>
<text bytes="147" xml:space="preserve">={{-pt-}}=
==Adjetivo==
[[Categoria:Adjetivo (Português)|quantissimo]]
'''quantíssimo''' ''adjectivo ''
# [[superlativo]] [[de]] '''[[quanto]]'''</text>
<sha1>lkc87f3kod3fjjb5b2ebty2qa2qq7o4</sha1>
</revision>
<revision>
<id>1562491</id>
<parentid>1187560</parentid>
<timestamp>2012-12-20T21:15:57Z</timestamp>
<contributor>
<username>ValJor</username>
<id>1358</id>
</contributor>
<comment>Melhorando a apresentação do verbete segundo o AO 1990: adjectivo --&gt; adjetivo</comment>
<model>wikitext</model>
<format>text/x-wiki</format>
<text bytes="243" xml:space="preserve">={{-pt-}}=
==Forma de adjetivo==
{{flex.pt|ms=quantíssimo|mp=quantíssimos|fs=quantíssima|fp=quantíssimas}}
{{proparoxítona|quan|tís|si|mo}}
# superlativo de [[quanto]]

{{avi-for-fle|quanto}}

[[Categoria:Forma de adjetivo (Português)]]</text>
<sha1>mjrnzf2kq3i6ndy0iyyc152467aah0y</sha1>
</revision>
</page>
