<title>quantiar</title>
<ns>0</ns>
<id>78551</id>
<revision>
<id>303606</id>
<timestamp>2007-10-07T23:38:25Z</timestamp>
<contributor>
<username>Diabo e Santo</username>
<id>1867</id>
</contributor>
<comment>[[Ajuda:Menus e funções/Sumário de edição#Sumário de edição automático|→]] nova página: =Português= [[Categoria:Verbo (Português)]] ==Verbo== '''quantiar''' ''verbo'' # ([[transitivo]]...</comment>
<model>wikitext</model>
<format>text/x-wiki</format>
<text bytes="160" xml:space="preserve">=Português=
[[Categoria:Verbo (Português)]]
==Verbo==
'''quantiar''' ''verbo''
# ([[transitivo]])
## [[contar]]
## [[numerar]]
## [[avaliar]]
## [[recensear]]</text>
<sha1>034vz23guep7xftvsvu2xzef4bvhvuk</sha1>
</revision>
<revision>
<id>1106041</id>
<parentid>303606</parentid>
<timestamp>2011-07-03T13:19:03Z</timestamp>
<contributor>
<username>MalafayaBot</username>
<id>628</id>
</contributor>
<minor />
<comment>Robô: Substituição de texto automática (-^\=\s?Português\s?\= +={{-pt-}}= &amp; -^\=\s?\{\{pt\}\}\s?\= +={{-pt-}}=)</comment>
<model>wikitext</model>
<format>text/x-wiki</format>
<text bytes="158" xml:space="preserve">={{-pt-}}=
[[Categoria:Verbo (Português)]]
==Verbo==
'''quantiar''' ''verbo''
# ([[transitivo]])
## [[contar]]
## [[numerar]]
## [[avaliar]]
## [[recensear]]</text>
<sha1>md4cb2nv18tdiuslnarezpe5nzwm4s7</sha1>
</revision>
<revision>
<id>1659735</id>
<parentid>1106041</parentid>
<timestamp>2013-02-24T13:29:38Z</timestamp>
<contributor>
<username>ValJor</username>
<id>1358</id>
</contributor>
<comment>Por um [[Especial:Lonelypages|wikcionário sem órfãos]]: [[quantiámos]]</comment>
<model>wikitext</model>
<format>text/x-wiki</format>
<text bytes="263" xml:space="preserve">={{-pt-}}=
==Verbo==
{{oxítona|quan|ti|ar}}, ''transitivo''
# [[contar]]
# [[numerar]]
# [[avaliar]]
# [[recensear]]

===Conjugação===
{{conj/pt|quanti|ar}}

=={{etimologia|pt}}==
: {{escopo|Morfologia}} [[quantia]] + [[-ar]].

[[Categoria:Verbo (Português)]]</text>
<sha1>k53iezfg2ivdjjnhusy5uxoc42ttmu4</sha1>
</revision>
</page>
