<title>quantity</title>
<ns>0</ns>
<id>79454</id>
<revision>
<id>307174</id>
<timestamp>2007-10-22T22:08:47Z</timestamp>
<contributor>
<username>Schoenfeld</username>
<id>601</id>
</contributor>
<comment>[[Ajuda:Menus e funções/Sumário de edição#Sumário de edição automático|→]] nova página: ={{en}}= =={{subst}}== '''quantity''' (''plural'' '''quantities''')  # [[quantidade]].  [[Categori...</comment>
<model>wikitext</model>
<format>text/x-wiki</format>
<text bytes="145" xml:space="preserve">={{en}}=
=={{subst}}==
'''quantity''' (''plural'' '''quantities''')

# [[quantidade]].

[[Categoria:Inglês]]
[[Categoria:Substantivo (Inglês)]]</text>
<sha1>00f7uquzc0fkbyp01x9t87cv95fgjyh</sha1>
</revision>
<revision>
<id>328579</id>
<parentid>307174</parentid>
<timestamp>2008-02-04T12:04:16Z</timestamp>
<contributor>
<username>VolkovBot</username>
<id>2944</id>
</contributor>
<minor />
<comment>Bot:  Adicionando: de, en, fi, fr, hu, hy, id, io, it, ja, ru, sv, ta, te, tr, vi, zh</comment>
<model>wikitext</model>
<format>text/x-wiki</format>
<text bytes="418" xml:space="preserve">={{en}}=
=={{subst}}==
'''quantity''' (''plural'' '''quantities''')

# [[quantidade]].

[[Categoria:Inglês]]
[[Categoria:Substantivo (Inglês)]]

[[de:quantity]]
[[en:quantity]]
[[fi:quantity]]
[[fr:quantity]]
[[hu:quantity]]
[[hy:quantity]]
[[id:quantity]]
[[io:quantity]]
[[it:quantity]]
[[ja:quantity]]
[[ru:quantity]]
[[sv:quantity]]
[[ta:quantity]]
[[te:quantity]]
[[tr:quantity]]
[[vi:quantity]]
[[zh:quantity]]</text>
<sha1>aqbg2ulpiuhnf3umtetb4a0wy4vq309</sha1>
</revision>
<revision>
<id>420734</id>
<parentid>328579</parentid>
<timestamp>2009-02-22T00:12:01Z</timestamp>
<contributor>
<username>SpaceBirdyBot</username>
<id>973</id>
</contributor>
<minor />
<comment>Bot:  Adicionando: [[lo:quantity]], [[simple:quantity]]</comment>
<model>wikitext</model>
<format>text/x-wiki</format>
<text bytes="454" xml:space="preserve">={{en}}=
=={{subst}}==
'''quantity''' (''plural'' '''quantities''')

# [[quantidade]].

[[Categoria:Inglês]]
[[Categoria:Substantivo (Inglês)]]

[[de:quantity]]
[[en:quantity]]
[[fi:quantity]]
[[fr:quantity]]
[[hu:quantity]]
[[hy:quantity]]
[[id:quantity]]
[[io:quantity]]
[[it:quantity]]
[[ja:quantity]]
[[lo:quantity]]
[[ru:quantity]]
[[simple:quantity]]
[[sv:quantity]]
[[ta:quantity]]
[[te:quantity]]
[[tr:quantity]]
[[vi:quantity]]
[[zh:quantity]]</text>
<sha1>51d9sqvonu7vyvrg434wjiu73qyqc3s</sha1>
</revision>
<revision>
<id>445942</id>
<parentid>420734</parentid>
<timestamp>2009-04-06T09:47:38Z</timestamp>
<contributor>
<username>Interwicket</username>
<id>6868</id>
</contributor>
<minor />
<comment>iwiki +[[:ko:quantity]]</comment>
<model>wikitext</model>
<format>text/x-wiki</format>
<text bytes="470" xml:space="preserve">={{en}}=
=={{subst}}==
'''quantity''' (''plural'' '''quantities''')

# [[quantidade]].

[[Categoria:Inglês]]
[[Categoria:Substantivo (Inglês)]]

[[de:quantity]]
[[en:quantity]]
[[fi:quantity]]
[[fr:quantity]]
[[hu:quantity]]
[[hy:quantity]]
[[id:quantity]]
[[io:quantity]]
[[it:quantity]]
[[ja:quantity]]
[[ko:quantity]]
[[lo:quantity]]
[[ru:quantity]]
[[simple:quantity]]
[[sv:quantity]]
[[ta:quantity]]
[[te:quantity]]
[[tr:quantity]]
[[vi:quantity]]
[[zh:quantity]]</text>
<sha1>hh2bmfkgf5z6grlg9ihlvqlsapv6t70</sha1>
</revision>
<revision>
<id>508634</id>
<parentid>445942</parentid>
<timestamp>2009-08-10T20:54:30Z</timestamp>
<contributor>
<username>Cadum-Bot</username>
<id>8150</id>
</contributor>
<minor />
<comment>Idioma...</comment>
<model>wikitext</model>
<format>text/x-wiki</format>
<text bytes="449" xml:space="preserve">={{en}}=
=={{subst}}==
'''quantity''' (''plural'' '''quantities''')

# [[quantidade]].


[[Categoria:Substantivo (Inglês)]]

[[de:quantity]]
[[en:quantity]]
[[fi:quantity]]
[[fr:quantity]]
[[hu:quantity]]
[[hy:quantity]]
[[id:quantity]]
[[io:quantity]]
[[it:quantity]]
[[ja:quantity]]
[[ko:quantity]]
[[lo:quantity]]
[[ru:quantity]]
[[simple:quantity]]
[[sv:quantity]]
[[ta:quantity]]
[[te:quantity]]
[[tr:quantity]]
[[vi:quantity]]
[[zh:quantity]]</text>
<sha1>44fs4mg2clh5f3klzpeecnwt0rlv5wo</sha1>
</revision>
<revision>
<id>510177</id>
<parentid>508634</parentid>
<timestamp>2009-08-13T23:33:39Z</timestamp>
<contributor>
<username>Interwicket</username>
<id>6868</id>
</contributor>
<minor />
<comment>iwiki +[[:pl:quantity]]</comment>
<model>wikitext</model>
<format>text/x-wiki</format>
<text bytes="465" xml:space="preserve">={{en}}=
=={{subst}}==
'''quantity''' (''plural'' '''quantities''')

# [[quantidade]].


[[Categoria:Substantivo (Inglês)]]

[[de:quantity]]
[[en:quantity]]
[[fi:quantity]]
[[fr:quantity]]
[[hu:quantity]]
[[hy:quantity]]
[[id:quantity]]
[[io:quantity]]
[[it:quantity]]
[[ja:quantity]]
[[ko:quantity]]
[[lo:quantity]]
[[pl:quantity]]
[[ru:quantity]]
[[simple:quantity]]
[[sv:quantity]]
[[ta:quantity]]
[[te:quantity]]
[[tr:quantity]]
[[vi:quantity]]
[[zh:quantity]]</text>
<sha1>hi2d8y8k7gl24cldbd1wbzpisfjbrrw</sha1>
</revision>
<revision>
<id>548422</id>
<parentid>510177</parentid>
<timestamp>2009-09-26T12:09:27Z</timestamp>
<contributor>
<username>Interwicket</username>
<id>6868</id>
</contributor>
<minor />
<comment>iwiki +[[:kn:quantity]]</comment>
<model>wikitext</model>
<format>text/x-wiki</format>
<text bytes="481" xml:space="preserve">={{en}}=
=={{subst}}==
'''quantity''' (''plural'' '''quantities''')

# [[quantidade]].


[[Categoria:Substantivo (Inglês)]]

[[de:quantity]]
[[en:quantity]]
[[fi:quantity]]
[[fr:quantity]]
[[hu:quantity]]
[[hy:quantity]]
[[id:quantity]]
[[io:quantity]]
[[it:quantity]]
[[ja:quantity]]
[[kn:quantity]]
[[ko:quantity]]
[[lo:quantity]]
[[pl:quantity]]
[[ru:quantity]]
[[simple:quantity]]
[[sv:quantity]]
[[ta:quantity]]
[[te:quantity]]
[[tr:quantity]]
[[vi:quantity]]
[[zh:quantity]]</text>
<sha1>q7qfk1mucwewub9p8ffej3jpf88o6wv</sha1>
</revision>
<revision>
<id>640212</id>
<parentid>548422</parentid>
<timestamp>2009-12-07T16:52:55Z</timestamp>
<contributor>
<username>Interwicket</username>
<id>6868</id>
</contributor>
<minor />
<comment>iwiki +[[:ml:quantity]]</comment>
<model>wikitext</model>
<format>text/x-wiki</format>
<text bytes="497" xml:space="preserve">={{en}}=
=={{subst}}==
'''quantity''' (''plural'' '''quantities''')

# [[quantidade]].


[[Categoria:Substantivo (Inglês)]]

[[de:quantity]]
[[en:quantity]]
[[fi:quantity]]
[[fr:quantity]]
[[hu:quantity]]
[[hy:quantity]]
[[id:quantity]]
[[io:quantity]]
[[it:quantity]]
[[ja:quantity]]
[[kn:quantity]]
[[ko:quantity]]
[[lo:quantity]]
[[ml:quantity]]
[[pl:quantity]]
[[ru:quantity]]
[[simple:quantity]]
[[sv:quantity]]
[[ta:quantity]]
[[te:quantity]]
[[tr:quantity]]
[[vi:quantity]]
[[zh:quantity]]</text>
<sha1>swkovc6r2qc9l1cp959smor5m0elstv</sha1>
</revision>
<revision>
<id>661213</id>
<parentid>640212</parentid>
<timestamp>2009-12-22T21:20:40Z</timestamp>
<contributor>
<username>Interwicket</username>
<id>6868</id>
</contributor>
<minor />
<comment>iwiki +[[:es:quantity]]</comment>
<model>wikitext</model>
<format>text/x-wiki</format>
<text bytes="513" xml:space="preserve">={{en}}=
=={{subst}}==
'''quantity''' (''plural'' '''quantities''')

# [[quantidade]].


[[Categoria:Substantivo (Inglês)]]

[[de:quantity]]
[[en:quantity]]
[[es:quantity]]
[[fi:quantity]]
[[fr:quantity]]
[[hu:quantity]]
[[hy:quantity]]
[[id:quantity]]
[[io:quantity]]
[[it:quantity]]
[[ja:quantity]]
[[kn:quantity]]
[[ko:quantity]]
[[lo:quantity]]
[[ml:quantity]]
[[pl:quantity]]
[[ru:quantity]]
[[simple:quantity]]
[[sv:quantity]]
[[ta:quantity]]
[[te:quantity]]
[[tr:quantity]]
[[vi:quantity]]
[[zh:quantity]]</text>
<sha1>c9jbhyr3tqbx8sq26hel1g48ok5i1fc</sha1>
</revision>
<revision>
<id>691413</id>
<parentid>661213</parentid>
<timestamp>2010-01-12T20:04:17Z</timestamp>
<contributor>
<username>Interwicket</username>
<id>6868</id>
</contributor>
<minor />
<comment>iwiki +[[:nl:quantity]]</comment>
<model>wikitext</model>
<format>text/x-wiki</format>
<text bytes="529" xml:space="preserve">={{en}}=
=={{subst}}==
'''quantity''' (''plural'' '''quantities''')

# [[quantidade]].


[[Categoria:Substantivo (Inglês)]]

[[de:quantity]]
[[en:quantity]]
[[es:quantity]]
[[fi:quantity]]
[[fr:quantity]]
[[hu:quantity]]
[[hy:quantity]]
[[id:quantity]]
[[io:quantity]]
[[it:quantity]]
[[ja:quantity]]
[[kn:quantity]]
[[ko:quantity]]
[[lo:quantity]]
[[ml:quantity]]
[[nl:quantity]]
[[pl:quantity]]
[[ru:quantity]]
[[simple:quantity]]
[[sv:quantity]]
[[ta:quantity]]
[[te:quantity]]
[[tr:quantity]]
[[vi:quantity]]
[[zh:quantity]]</text>
<sha1>r961ohsz5t789enn8vc4l70hy3bkzq6</sha1>
</revision>
<revision>
<id>726452</id>
<parentid>691413</parentid>
<timestamp>2010-01-28T21:15:03Z</timestamp>
<contributor>
<username>Jesielt-bot</username>
<id>10876</id>
</contributor>
<comment>/* {{subst}} */replaced: {{subst}} → Substantivo utilizando [[Project:AWB|AWB]]</comment>
<model>wikitext</model>
<format>text/x-wiki</format>
<text bytes="531" xml:space="preserve">={{en}}=
==Substantivo==
'''quantity''' (''plural'' '''quantities''')

# [[quantidade]].


[[Categoria:Substantivo (Inglês)]]

[[de:quantity]]
[[en:quantity]]
[[es:quantity]]
[[fi:quantity]]
[[fr:quantity]]
[[hu:quantity]]
[[hy:quantity]]
[[id:quantity]]
[[io:quantity]]
[[it:quantity]]
[[ja:quantity]]
[[kn:quantity]]
[[ko:quantity]]
[[lo:quantity]]
[[ml:quantity]]
[[nl:quantity]]
[[pl:quantity]]
[[ru:quantity]]
[[simple:quantity]]
[[sv:quantity]]
[[ta:quantity]]
[[te:quantity]]
[[tr:quantity]]
[[vi:quantity]]
[[zh:quantity]]</text>
<sha1>41lx34kdeayvwyditxd9h3nhz1qvq7m</sha1>
</revision>
<revision>
<id>829675</id>
<parentid>726452</parentid>
<timestamp>2010-03-09T21:15:41Z</timestamp>
<contributor>
<username>Interwicket</username>
<id>6868</id>
</contributor>
<minor />
<comment>iwiki +[[:et:quantity]]</comment>
<model>wikitext</model>
<format>text/x-wiki</format>
<text bytes="547" xml:space="preserve">={{en}}=
==Substantivo==
'''quantity''' (''plural'' '''quantities''')

# [[quantidade]].


[[Categoria:Substantivo (Inglês)]]

[[de:quantity]]
[[en:quantity]]
[[es:quantity]]
[[et:quantity]]
[[fi:quantity]]
[[fr:quantity]]
[[hu:quantity]]
[[hy:quantity]]
[[id:quantity]]
[[io:quantity]]
[[it:quantity]]
[[ja:quantity]]
[[kn:quantity]]
[[ko:quantity]]
[[lo:quantity]]
[[ml:quantity]]
[[nl:quantity]]
[[pl:quantity]]
[[ru:quantity]]
[[simple:quantity]]
[[sv:quantity]]
[[ta:quantity]]
[[te:quantity]]
[[tr:quantity]]
[[vi:quantity]]
[[zh:quantity]]</text>
<sha1>pkn2t9uc5okeeqe1t4r5qz66y6f497r</sha1>
</revision>
<revision>
<id>847066</id>
<parentid>829675</parentid>
<timestamp>2010-04-02T11:01:17Z</timestamp>
<contributor>
<username>Interwicket</username>
<id>6868</id>
</contributor>
<minor />
<comment>iwiki +[[:my:quantity]]</comment>
<model>wikitext</model>
<format>text/x-wiki</format>
<text bytes="563" xml:space="preserve">={{en}}=
==Substantivo==
'''quantity''' (''plural'' '''quantities''')

# [[quantidade]].


[[Categoria:Substantivo (Inglês)]]

[[de:quantity]]
[[en:quantity]]
[[es:quantity]]
[[et:quantity]]
[[fi:quantity]]
[[fr:quantity]]
[[hu:quantity]]
[[hy:quantity]]
[[id:quantity]]
[[io:quantity]]
[[it:quantity]]
[[ja:quantity]]
[[kn:quantity]]
[[ko:quantity]]
[[lo:quantity]]
[[ml:quantity]]
[[my:quantity]]
[[nl:quantity]]
[[pl:quantity]]
[[ru:quantity]]
[[simple:quantity]]
[[sv:quantity]]
[[ta:quantity]]
[[te:quantity]]
[[tr:quantity]]
[[vi:quantity]]
[[zh:quantity]]</text>
<sha1>16uz8nflj1ooeicqy83fs4dl7py8e55</sha1>
</revision>
<revision>
<id>942772</id>
<parentid>847066</parentid>
<timestamp>2010-08-25T17:39:48Z</timestamp>
<contributor>
<username>Interwicket</username>
<id>6868</id>
</contributor>
<minor />
<comment>iwiki +[[:lt:quantity]]</comment>
<model>wikitext</model>
<format>text/x-wiki</format>
<text bytes="579" xml:space="preserve">={{en}}=
==Substantivo==
'''quantity''' (''plural'' '''quantities''')

# [[quantidade]].


[[Categoria:Substantivo (Inglês)]]

[[de:quantity]]
[[en:quantity]]
[[es:quantity]]
[[et:quantity]]
[[fi:quantity]]
[[fr:quantity]]
[[hu:quantity]]
[[hy:quantity]]
[[id:quantity]]
[[io:quantity]]
[[it:quantity]]
[[ja:quantity]]
[[kn:quantity]]
[[ko:quantity]]
[[lo:quantity]]
[[lt:quantity]]
[[ml:quantity]]
[[my:quantity]]
[[nl:quantity]]
[[pl:quantity]]
[[ru:quantity]]
[[simple:quantity]]
[[sv:quantity]]
[[ta:quantity]]
[[te:quantity]]
[[tr:quantity]]
[[vi:quantity]]
[[zh:quantity]]</text>
<sha1>bpi2llk92gs1vwxmx62op2jkl0dk43j</sha1>
</revision>
<revision>
<id>957668</id>
<parentid>942772</parentid>
<timestamp>2010-09-20T14:11:00Z</timestamp>
<contributor>
<username>Interwicket</username>
<id>6868</id>
</contributor>
<minor />
<comment>iwiki +[[:ku:quantity]]</comment>
<model>wikitext</model>
<format>text/x-wiki</format>
<text bytes="595" xml:space="preserve">={{en}}=
==Substantivo==
'''quantity''' (''plural'' '''quantities''')

# [[quantidade]].


[[Categoria:Substantivo (Inglês)]]

[[de:quantity]]
[[en:quantity]]
[[es:quantity]]
[[et:quantity]]
[[fi:quantity]]
[[fr:quantity]]
[[hu:quantity]]
[[hy:quantity]]
[[id:quantity]]
[[io:quantity]]
[[it:quantity]]
[[ja:quantity]]
[[kn:quantity]]
[[ko:quantity]]
[[ku:quantity]]
[[lo:quantity]]
[[lt:quantity]]
[[ml:quantity]]
[[my:quantity]]
[[nl:quantity]]
[[pl:quantity]]
[[ru:quantity]]
[[simple:quantity]]
[[sv:quantity]]
[[ta:quantity]]
[[te:quantity]]
[[tr:quantity]]
[[vi:quantity]]
[[zh:quantity]]</text>
<sha1>oirc97ddenllfv4qly2f10x6dopbxsz</sha1>
</revision>
<revision>
<id>1029763</id>
<parentid>957668</parentid>
<timestamp>2011-02-22T17:51:50Z</timestamp>
<contributor>
<username>ArthurBot</username>
<id>13550</id>
</contributor>
<minor />
<comment>r2.6.4) (Bot: Adicionando: [[cs:quantity]]</comment>
<model>wikitext</model>
<format>text/x-wiki</format>
<text bytes="611" xml:space="preserve">={{en}}=
==Substantivo==
'''quantity''' (''plural'' '''quantities''')

# [[quantidade]].


[[Categoria:Substantivo (Inglês)]]

[[cs:quantity]]
[[de:quantity]]
[[en:quantity]]
[[es:quantity]]
[[et:quantity]]
[[fi:quantity]]
[[fr:quantity]]
[[hu:quantity]]
[[hy:quantity]]
[[id:quantity]]
[[io:quantity]]
[[it:quantity]]
[[ja:quantity]]
[[kn:quantity]]
[[ko:quantity]]
[[ku:quantity]]
[[lo:quantity]]
[[lt:quantity]]
[[ml:quantity]]
[[my:quantity]]
[[nl:quantity]]
[[pl:quantity]]
[[ru:quantity]]
[[simple:quantity]]
[[sv:quantity]]
[[ta:quantity]]
[[te:quantity]]
[[tr:quantity]]
[[vi:quantity]]
[[zh:quantity]]</text>
<sha1>l96xulstb2wb6qdia5h1n7dzf7ivga5</sha1>
</revision>
<revision>
<id>1055022</id>
<parentid>1029763</parentid>
<timestamp>2011-03-27T21:47:32Z</timestamp>
<contributor>
<username>Mjbmrbot</username>
<id>23705</id>
</contributor>
<minor />
<comment>r2.7.1) (Bot: Adicionando: [[fa:quantity]]</comment>
<model>wikitext</model>
<format>text/x-wiki</format>
<text bytes="627" xml:space="preserve">={{en}}=
==Substantivo==
'''quantity''' (''plural'' '''quantities''')

# [[quantidade]].


[[Categoria:Substantivo (Inglês)]]

[[cs:quantity]]
[[de:quantity]]
[[en:quantity]]
[[es:quantity]]
[[et:quantity]]
[[fa:quantity]]
[[fi:quantity]]
[[fr:quantity]]
[[hu:quantity]]
[[hy:quantity]]
[[id:quantity]]
[[io:quantity]]
[[it:quantity]]
[[ja:quantity]]
[[kn:quantity]]
[[ko:quantity]]
[[ku:quantity]]
[[lo:quantity]]
[[lt:quantity]]
[[ml:quantity]]
[[my:quantity]]
[[nl:quantity]]
[[pl:quantity]]
[[ru:quantity]]
[[simple:quantity]]
[[sv:quantity]]
[[ta:quantity]]
[[te:quantity]]
[[tr:quantity]]
[[vi:quantity]]
[[zh:quantity]]</text>
<sha1>for232824h4vw6a0aq4yosd5r0h6k11</sha1>
</revision>
<revision>
<id>1071656</id>
<parentid>1055022</parentid>
<timestamp>2011-04-30T04:22:56Z</timestamp>
<contributor>
<username>Luckas-bot</username>
<id>5986</id>
</contributor>
<minor />
<comment>r2.6.2) (Bot: Adicionando: [[eo:quantity]]</comment>
<model>wikitext</model>
<format>text/x-wiki</format>
<text bytes="643" xml:space="preserve">={{en}}=
==Substantivo==
'''quantity''' (''plural'' '''quantities''')

# [[quantidade]].


[[Categoria:Substantivo (Inglês)]]

[[cs:quantity]]
[[de:quantity]]
[[en:quantity]]
[[eo:quantity]]
[[es:quantity]]
[[et:quantity]]
[[fa:quantity]]
[[fi:quantity]]
[[fr:quantity]]
[[hu:quantity]]
[[hy:quantity]]
[[id:quantity]]
[[io:quantity]]
[[it:quantity]]
[[ja:quantity]]
[[kn:quantity]]
[[ko:quantity]]
[[ku:quantity]]
[[lo:quantity]]
[[lt:quantity]]
[[ml:quantity]]
[[my:quantity]]
[[nl:quantity]]
[[pl:quantity]]
[[ru:quantity]]
[[simple:quantity]]
[[sv:quantity]]
[[ta:quantity]]
[[te:quantity]]
[[tr:quantity]]
[[vi:quantity]]
[[zh:quantity]]</text>
<sha1>q680f2i4x87qs0jkgyum9zi3m7fn6ly</sha1>
</revision>
<revision>
<id>1294572</id>
<parentid>1071656</parentid>
<timestamp>2011-11-21T02:50:37Z</timestamp>
<contributor>
<username>MalafayaBot</username>
<id>628</id>
</contributor>
<minor />
<comment>Robô: Substituição de texto automática (-^\=(\s*?)Inglês(\s*?)\= +={{-en-}}= &amp; -^\=(\s*?)\{\{en\}\}(\s*?)\= +={{-en-}}=)</comment>
<model>wikitext</model>
<format>text/x-wiki</format>
<text bytes="645" xml:space="preserve">={{-en-}}=
==Substantivo==
'''quantity''' (''plural'' '''quantities''')

# [[quantidade]].


[[Categoria:Substantivo (Inglês)]]

[[cs:quantity]]
[[de:quantity]]
[[en:quantity]]
[[eo:quantity]]
[[es:quantity]]
[[et:quantity]]
[[fa:quantity]]
[[fi:quantity]]
[[fr:quantity]]
[[hu:quantity]]
[[hy:quantity]]
[[id:quantity]]
[[io:quantity]]
[[it:quantity]]
[[ja:quantity]]
[[kn:quantity]]
[[ko:quantity]]
[[ku:quantity]]
[[lo:quantity]]
[[lt:quantity]]
[[ml:quantity]]
[[my:quantity]]
[[nl:quantity]]
[[pl:quantity]]
[[ru:quantity]]
[[simple:quantity]]
[[sv:quantity]]
[[ta:quantity]]
[[te:quantity]]
[[tr:quantity]]
[[vi:quantity]]
[[zh:quantity]]</text>
<sha1>f81iei3jm2z4l3y2s7ad8rnv9i0kbkp</sha1>
</revision>
<revision>
<id>1339207</id>
<parentid>1294572</parentid>
<timestamp>2011-12-19T02:31:47Z</timestamp>
<contributor>
<username>Luckas-bot</username>
<id>5986</id>
</contributor>
<minor />
<comment>r2.7.2) (Robô: A adicionar: [[mg:quantity]]</comment>
<model>wikitext</model>
<format>text/x-wiki</format>
<text bytes="661" xml:space="preserve">={{-en-}}=
==Substantivo==
'''quantity''' (''plural'' '''quantities''')

# [[quantidade]].


[[Categoria:Substantivo (Inglês)]]

[[cs:quantity]]
[[de:quantity]]
[[en:quantity]]
[[eo:quantity]]
[[es:quantity]]
[[et:quantity]]
[[fa:quantity]]
[[fi:quantity]]
[[fr:quantity]]
[[hu:quantity]]
[[hy:quantity]]
[[id:quantity]]
[[io:quantity]]
[[it:quantity]]
[[ja:quantity]]
[[kn:quantity]]
[[ko:quantity]]
[[ku:quantity]]
[[lo:quantity]]
[[lt:quantity]]
[[mg:quantity]]
[[ml:quantity]]
[[my:quantity]]
[[nl:quantity]]
[[pl:quantity]]
[[ru:quantity]]
[[simple:quantity]]
[[sv:quantity]]
[[ta:quantity]]
[[te:quantity]]
[[tr:quantity]]
[[vi:quantity]]
[[zh:quantity]]</text>
<sha1>2m48ffbin37mahqtn3xt0ramhggv18c</sha1>
</revision>
<revision>
<id>1408092</id>
<parentid>1339207</parentid>
<timestamp>2012-05-07T14:57:28Z</timestamp>
<contributor>
<username>KamikazeBot</username>
<id>23176</id>
</contributor>
<minor />
<comment>r2.7.2) (Robô: A adicionar: [[li:quantity]]</comment>
<model>wikitext</model>
<format>text/x-wiki</format>
<text bytes="677" xml:space="preserve">={{-en-}}=
==Substantivo==
'''quantity''' (''plural'' '''quantities''')

# [[quantidade]].


[[Categoria:Substantivo (Inglês)]]

[[cs:quantity]]
[[de:quantity]]
[[en:quantity]]
[[eo:quantity]]
[[es:quantity]]
[[et:quantity]]
[[fa:quantity]]
[[fi:quantity]]
[[fr:quantity]]
[[hu:quantity]]
[[hy:quantity]]
[[id:quantity]]
[[io:quantity]]
[[it:quantity]]
[[ja:quantity]]
[[kn:quantity]]
[[ko:quantity]]
[[ku:quantity]]
[[li:quantity]]
[[lo:quantity]]
[[lt:quantity]]
[[mg:quantity]]
[[ml:quantity]]
[[my:quantity]]
[[nl:quantity]]
[[pl:quantity]]
[[ru:quantity]]
[[simple:quantity]]
[[sv:quantity]]
[[ta:quantity]]
[[te:quantity]]
[[tr:quantity]]
[[vi:quantity]]
[[zh:quantity]]</text>
<sha1>owwefj463h4llszblra63sfuez7zhwp</sha1>
</revision>
<revision>
<id>1674932</id>
<parentid>1408092</parentid>
<timestamp>2013-04-01T13:34:12Z</timestamp>
<contributor>
<username>HydrizBot</username>
<id>29590</id>
</contributor>
<minor />
<comment>r2.7.3) (Robô: A adicionar: [[da:quantity]]</comment>
<model>wikitext</model>
<format>text/x-wiki</format>
<text bytes="693" xml:space="preserve">={{-en-}}=
==Substantivo==
'''quantity''' (''plural'' '''quantities''')

# [[quantidade]].


[[Categoria:Substantivo (Inglês)]]

[[cs:quantity]]
[[da:quantity]]
[[de:quantity]]
[[en:quantity]]
[[eo:quantity]]
[[es:quantity]]
[[et:quantity]]
[[fa:quantity]]
[[fi:quantity]]
[[fr:quantity]]
[[hu:quantity]]
[[hy:quantity]]
[[id:quantity]]
[[io:quantity]]
[[it:quantity]]
[[ja:quantity]]
[[kn:quantity]]
[[ko:quantity]]
[[ku:quantity]]
[[li:quantity]]
[[lo:quantity]]
[[lt:quantity]]
[[mg:quantity]]
[[ml:quantity]]
[[my:quantity]]
[[nl:quantity]]
[[pl:quantity]]
[[ru:quantity]]
[[simple:quantity]]
[[sv:quantity]]
[[ta:quantity]]
[[te:quantity]]
[[tr:quantity]]
[[vi:quantity]]
[[zh:quantity]]</text>
<sha1>8sez3p44xbernractw6htg6strxvcbb</sha1>
</revision>
<revision>
<id>1715177</id>
<parentid>1674932</parentid>
<timestamp>2013-08-19T11:00:01Z</timestamp>
<contributor>
<username>HydrizBot</username>
<id>29590</id>
</contributor>
<minor />
<comment>r2.7.3) (Robô: A adicionar: [[chr:quantity]]</comment>
<model>wikitext</model>
<format>text/x-wiki</format>
<text bytes="710" xml:space="preserve">={{-en-}}=
==Substantivo==
'''quantity''' (''plural'' '''quantities''')

# [[quantidade]].


[[Categoria:Substantivo (Inglês)]]

[[chr:quantity]]
[[cs:quantity]]
[[da:quantity]]
[[de:quantity]]
[[en:quantity]]
[[eo:quantity]]
[[es:quantity]]
[[et:quantity]]
[[fa:quantity]]
[[fi:quantity]]
[[fr:quantity]]
[[hu:quantity]]
[[hy:quantity]]
[[id:quantity]]
[[io:quantity]]
[[it:quantity]]
[[ja:quantity]]
[[kn:quantity]]
[[ko:quantity]]
[[ku:quantity]]
[[li:quantity]]
[[lo:quantity]]
[[lt:quantity]]
[[mg:quantity]]
[[ml:quantity]]
[[my:quantity]]
[[nl:quantity]]
[[pl:quantity]]
[[ru:quantity]]
[[simple:quantity]]
[[sv:quantity]]
[[ta:quantity]]
[[te:quantity]]
[[tr:quantity]]
[[vi:quantity]]
[[zh:quantity]]</text>
<sha1>1r0mjl77mo3aqaq1qbbwv1qkjwb3svj</sha1>
</revision>
<revision>
<id>1768827</id>
<parentid>1715177</parentid>
<timestamp>2013-11-11T06:28:43Z</timestamp>
<contributor>
<username>JAnDbot</username>
<id>25083</id>
</contributor>
<minor />
<comment>r2.7.2) (Robô: A adicionar: [[el:quantity]]</comment>
<model>wikitext</model>
<format>text/x-wiki</format>
<text bytes="726" xml:space="preserve">={{-en-}}=
==Substantivo==
'''quantity''' (''plural'' '''quantities''')

# [[quantidade]].


[[Categoria:Substantivo (Inglês)]]

[[chr:quantity]]
[[cs:quantity]]
[[da:quantity]]
[[de:quantity]]
[[el:quantity]]
[[en:quantity]]
[[eo:quantity]]
[[es:quantity]]
[[et:quantity]]
[[fa:quantity]]
[[fi:quantity]]
[[fr:quantity]]
[[hu:quantity]]
[[hy:quantity]]
[[id:quantity]]
[[io:quantity]]
[[it:quantity]]
[[ja:quantity]]
[[kn:quantity]]
[[ko:quantity]]
[[ku:quantity]]
[[li:quantity]]
[[lo:quantity]]
[[lt:quantity]]
[[mg:quantity]]
[[ml:quantity]]
[[my:quantity]]
[[nl:quantity]]
[[pl:quantity]]
[[ru:quantity]]
[[simple:quantity]]
[[sv:quantity]]
[[ta:quantity]]
[[te:quantity]]
[[tr:quantity]]
[[vi:quantity]]
[[zh:quantity]]</text>
<sha1>qqrzpafok5mw5osp7bfv2qxtqxysfpa</sha1>
</revision>
<revision>
<id>1853433</id>
<parentid>1768827</parentid>
<timestamp>2014-08-31T07:16:41Z</timestamp>
<contributor>
<username>JAnDbot</username>
<id>25083</id>
</contributor>
<minor />
<comment>r2.7.3) (Robô: A adicionar: [[th:quantity]]</comment>
<model>wikitext</model>
<format>text/x-wiki</format>
<text bytes="742" xml:space="preserve">={{-en-}}=
==Substantivo==
'''quantity''' (''plural'' '''quantities''')

# [[quantidade]].


[[Categoria:Substantivo (Inglês)]]

[[chr:quantity]]
[[cs:quantity]]
[[da:quantity]]
[[de:quantity]]
[[el:quantity]]
[[en:quantity]]
[[eo:quantity]]
[[es:quantity]]
[[et:quantity]]
[[fa:quantity]]
[[fi:quantity]]
[[fr:quantity]]
[[hu:quantity]]
[[hy:quantity]]
[[id:quantity]]
[[io:quantity]]
[[it:quantity]]
[[ja:quantity]]
[[kn:quantity]]
[[ko:quantity]]
[[ku:quantity]]
[[li:quantity]]
[[lo:quantity]]
[[lt:quantity]]
[[mg:quantity]]
[[ml:quantity]]
[[my:quantity]]
[[nl:quantity]]
[[pl:quantity]]
[[ru:quantity]]
[[simple:quantity]]
[[sv:quantity]]
[[ta:quantity]]
[[te:quantity]]
[[th:quantity]]
[[tr:quantity]]
[[vi:quantity]]
[[zh:quantity]]</text>
<sha1>hbk6lzm7zyl3bkvtihhpj26knaeimzz</sha1>
</revision>
<revision>
<id>1867377</id>
<parentid>1853433</parentid>
<timestamp>2014-10-17T01:25:35Z</timestamp>
<contributor>
<username>JAnDbot</username>
<id>25083</id>
</contributor>
<minor />
<comment>r2.7.3) (Robô: A adicionar: [[az:quantity]]</comment>
<model>wikitext</model>
<format>text/x-wiki</format>
<text bytes="758" xml:space="preserve">={{-en-}}=
==Substantivo==
'''quantity''' (''plural'' '''quantities''')

# [[quantidade]].


[[Categoria:Substantivo (Inglês)]]

[[az:quantity]]
[[chr:quantity]]
[[cs:quantity]]
[[da:quantity]]
[[de:quantity]]
[[el:quantity]]
[[en:quantity]]
[[eo:quantity]]
[[es:quantity]]
[[et:quantity]]
[[fa:quantity]]
[[fi:quantity]]
[[fr:quantity]]
[[hu:quantity]]
[[hy:quantity]]
[[id:quantity]]
[[io:quantity]]
[[it:quantity]]
[[ja:quantity]]
[[kn:quantity]]
[[ko:quantity]]
[[ku:quantity]]
[[li:quantity]]
[[lo:quantity]]
[[lt:quantity]]
[[mg:quantity]]
[[ml:quantity]]
[[my:quantity]]
[[nl:quantity]]
[[pl:quantity]]
[[ru:quantity]]
[[simple:quantity]]
[[sv:quantity]]
[[ta:quantity]]
[[te:quantity]]
[[th:quantity]]
[[tr:quantity]]
[[vi:quantity]]
[[zh:quantity]]</text>
<sha1>jzs43yh64snv6wfwqo4u390ofru7nmo</sha1>
</revision>
<revision>
<id>1884417</id>
<parentid>1867377</parentid>
<timestamp>2015-01-06T21:54:46Z</timestamp>
<contributor>
<username>HydrizBot</username>
<id>29590</id>
</contributor>
<minor />
<comment>r2.7.3) (Robô: A adicionar: [[tg:quantity]]</comment>
<model>wikitext</model>
<format>text/x-wiki</format>
<text bytes="774" xml:space="preserve">={{-en-}}=
==Substantivo==
'''quantity''' (''plural'' '''quantities''')

# [[quantidade]].


[[Categoria:Substantivo (Inglês)]]

[[az:quantity]]
[[chr:quantity]]
[[cs:quantity]]
[[da:quantity]]
[[de:quantity]]
[[el:quantity]]
[[en:quantity]]
[[eo:quantity]]
[[es:quantity]]
[[et:quantity]]
[[fa:quantity]]
[[fi:quantity]]
[[fr:quantity]]
[[hu:quantity]]
[[hy:quantity]]
[[id:quantity]]
[[io:quantity]]
[[it:quantity]]
[[ja:quantity]]
[[kn:quantity]]
[[ko:quantity]]
[[ku:quantity]]
[[li:quantity]]
[[lo:quantity]]
[[lt:quantity]]
[[mg:quantity]]
[[ml:quantity]]
[[my:quantity]]
[[nl:quantity]]
[[pl:quantity]]
[[ru:quantity]]
[[simple:quantity]]
[[sv:quantity]]
[[ta:quantity]]
[[te:quantity]]
[[tg:quantity]]
[[th:quantity]]
[[tr:quantity]]
[[vi:quantity]]
[[zh:quantity]]</text>
<sha1>9z357jiheeusk6f7l5yk98cwwagdh2p</sha1>
</revision>
<revision>
<id>1981216</id>
<parentid>1884417</parentid>
<timestamp>2015-08-11T18:26:34Z</timestamp>
<contributor>
<username>JAnDbot</username>
<id>25083</id>
</contributor>
<minor />
<comment>r2.7.3) (Robô: A adicionar: [[ay:quantity]]</comment>
<model>wikitext</model>
<format>text/x-wiki</format>
<text bytes="790" xml:space="preserve">={{-en-}}=
==Substantivo==
'''quantity''' (''plural'' '''quantities''')

# [[quantidade]].


[[Categoria:Substantivo (Inglês)]]

[[ay:quantity]]
[[az:quantity]]
[[chr:quantity]]
[[cs:quantity]]
[[da:quantity]]
[[de:quantity]]
[[el:quantity]]
[[en:quantity]]
[[eo:quantity]]
[[es:quantity]]
[[et:quantity]]
[[fa:quantity]]
[[fi:quantity]]
[[fr:quantity]]
[[hu:quantity]]
[[hy:quantity]]
[[id:quantity]]
[[io:quantity]]
[[it:quantity]]
[[ja:quantity]]
[[kn:quantity]]
[[ko:quantity]]
[[ku:quantity]]
[[li:quantity]]
[[lo:quantity]]
[[lt:quantity]]
[[mg:quantity]]
[[ml:quantity]]
[[my:quantity]]
[[nl:quantity]]
[[pl:quantity]]
[[ru:quantity]]
[[simple:quantity]]
[[sv:quantity]]
[[ta:quantity]]
[[te:quantity]]
[[tg:quantity]]
[[th:quantity]]
[[tr:quantity]]
[[vi:quantity]]
[[zh:quantity]]</text>
<sha1>rv61aoendmjt6bnc26yvdp27ki1qeno</sha1>
</revision>
<revision>
<id>2015760</id>
<parentid>1981216</parentid>
<timestamp>2015-10-14T16:11:30Z</timestamp>
<contributor>
<username>JAnDbot</username>
<id>25083</id>
</contributor>
<minor />
<comment>Robô: A adicionar: [[sk:quantity]]</comment>
<model>wikitext</model>
<format>text/x-wiki</format>
<text bytes="806" xml:space="preserve">={{-en-}}=
==Substantivo==
'''quantity''' (''plural'' '''quantities''')

# [[quantidade]].


[[Categoria:Substantivo (Inglês)]]

[[ay:quantity]]
[[az:quantity]]
[[chr:quantity]]
[[cs:quantity]]
[[da:quantity]]
[[de:quantity]]
[[el:quantity]]
[[en:quantity]]
[[eo:quantity]]
[[es:quantity]]
[[et:quantity]]
[[fa:quantity]]
[[fi:quantity]]
[[fr:quantity]]
[[hu:quantity]]
[[hy:quantity]]
[[id:quantity]]
[[io:quantity]]
[[it:quantity]]
[[ja:quantity]]
[[kn:quantity]]
[[ko:quantity]]
[[ku:quantity]]
[[li:quantity]]
[[lo:quantity]]
[[lt:quantity]]
[[mg:quantity]]
[[ml:quantity]]
[[my:quantity]]
[[nl:quantity]]
[[pl:quantity]]
[[ru:quantity]]
[[simple:quantity]]
[[sk:quantity]]
[[sv:quantity]]
[[ta:quantity]]
[[te:quantity]]
[[tg:quantity]]
[[th:quantity]]
[[tr:quantity]]
[[vi:quantity]]
[[zh:quantity]]</text>
<sha1>cag6isvogs55x2mv5fbnham4wd6awcn</sha1>
</revision>
<revision>
<id>2224250</id>
<parentid>2015760</parentid>
<timestamp>2017-01-17T03:11:51Z</timestamp>
<contributor>
<username>HydrizBot</username>
<id>29590</id>
</contributor>
<minor />
<comment>Robô: A adicionar: [[km:quantity]]</comment>
<model>wikitext</model>
<format>text/x-wiki</format>
<text bytes="822" xml:space="preserve">={{-en-}}=
==Substantivo==
'''quantity''' (''plural'' '''quantities''')

# [[quantidade]].


[[Categoria:Substantivo (Inglês)]]

[[ay:quantity]]
[[az:quantity]]
[[chr:quantity]]
[[cs:quantity]]
[[da:quantity]]
[[de:quantity]]
[[el:quantity]]
[[en:quantity]]
[[eo:quantity]]
[[es:quantity]]
[[et:quantity]]
[[fa:quantity]]
[[fi:quantity]]
[[fr:quantity]]
[[hu:quantity]]
[[hy:quantity]]
[[id:quantity]]
[[io:quantity]]
[[it:quantity]]
[[ja:quantity]]
[[km:quantity]]
[[kn:quantity]]
[[ko:quantity]]
[[ku:quantity]]
[[li:quantity]]
[[lo:quantity]]
[[lt:quantity]]
[[mg:quantity]]
[[ml:quantity]]
[[my:quantity]]
[[nl:quantity]]
[[pl:quantity]]
[[ru:quantity]]
[[simple:quantity]]
[[sk:quantity]]
[[sv:quantity]]
[[ta:quantity]]
[[te:quantity]]
[[tg:quantity]]
[[th:quantity]]
[[tr:quantity]]
[[vi:quantity]]
[[zh:quantity]]</text>
<sha1>t4fni86yjf2jqz63ft6zp0lym43ufrt</sha1>
</revision>
<revision>
<id>2396766</id>
<parentid>2224250</parentid>
<timestamp>2017-05-13T11:01:08Z</timestamp>
<contributor>
<username>HydrizBot</username>
<id>29590</id>
</contributor>
<minor />
<comment>Robô: A limpar links interwikis antigos</comment>
<model>wikitext</model>
<format>text/x-wiki</format>
<text bytes="128" xml:space="preserve">={{-en-}}=
==Substantivo==
'''quantity''' (''plural'' '''quantities''')

# [[quantidade]].


[[Categoria:Substantivo (Inglês)]]</text>
<sha1>enq1s8nqhttxp9sizf7d8ohkarra5et</sha1>
</revision>
</page>
