<title>quantus</title>
<ns>0</ns>
<id>41406</id>
<revision>
<id>155647</id>
<timestamp>2006-08-20T19:26:09Z</timestamp>
<contributor>
<username>Eusbarbosa</username>
<id>117</id>
</contributor>
<model>wikitext</model>
<format>text/x-wiki</format>
<text bytes="373" xml:space="preserve">=Latim=
==Pronome==
'''quan.tus''' ''interrogativo''

:# de que [[tamanho]]?
:# [[quão]] [[grande]]?

::''Obs.Não confundir com [[quot]] ou [[quotus]] que significam [[quantos]]''

===Fraseologia===
* '''quanta [[urbs]]?''' = ''de que tamanho é a cidade?''
* '''in quantum''' = ''tanto quanto''

{{decl.la.adjprimclas.us|quant|VS=quantus}}

[[Categoria:Pronome (Latim)]]</text>
<sha1>g0p0ycyh3fgpfvvd4rly3ticig7jqa8</sha1>
</revision>
<revision>
<id>156222</id>
<parentid>155647</parentid>
<timestamp>2006-08-21T03:47:44Z</timestamp>
<contributor>
<username>RobotGMwikt</username>
<id>407</id>
</contributor>
<minor />
<comment>Bot:  Adicionando: ko</comment>
<model>wikitext</model>
<format>text/x-wiki</format>
<text bytes="389" xml:space="preserve">=Latim=
==Pronome==
'''quan.tus''' ''interrogativo''

:# de que [[tamanho]]?
:# [[quão]] [[grande]]?

::''Obs.Não confundir com [[quot]] ou [[quotus]] que significam [[quantos]]''

===Fraseologia===
* '''quanta [[urbs]]?''' = ''de que tamanho é a cidade?''
* '''in quantum''' = ''tanto quanto''

{{decl.la.adjprimclas.us|quant|VS=quantus}}

[[Categoria:Pronome (Latim)]]

[[ko:quantus]]</text>
<sha1>sm82kralhpg0nk9e9z54r6zg98mtloz</sha1>
</revision>
<revision>
<id>290573</id>
<parentid>156222</parentid>
<timestamp>2007-08-12T22:56:13Z</timestamp>
<contributor>
<username>VolkovBot</username>
<id>2944</id>
</contributor>
<minor />
<comment>Bot:  Adicionando: [[la:quantus]], [[ru:quantus]]</comment>
<model>wikitext</model>
<format>text/x-wiki</format>
<text bytes="419" xml:space="preserve">=Latim=
==Pronome==
'''quan.tus''' ''interrogativo''

:# de que [[tamanho]]?
:# [[quão]] [[grande]]?

::''Obs.Não confundir com [[quot]] ou [[quotus]] que significam [[quantos]]''

===Fraseologia===
* '''quanta [[urbs]]?''' = ''de que tamanho é a cidade?''
* '''in quantum''' = ''tanto quanto''

{{decl.la.adjprimclas.us|quant|VS=quantus}}

[[Categoria:Pronome (Latim)]]

[[ko:quantus]]
[[la:quantus]]
[[ru:quantus]]</text>
<sha1>2hkemhlytrihwxjs6vu2esgs8syds0j</sha1>
</revision>
<revision>
<id>896564</id>
<parentid>290573</parentid>
<timestamp>2010-06-08T09:40:41Z</timestamp>
<contributor>
<username>Interwicket</username>
<id>6868</id>
</contributor>
<minor />
<comment>iwiki +[[:en:quantus]]</comment>
<model>wikitext</model>
<format>text/x-wiki</format>
<text bytes="434" xml:space="preserve">=Latim=
==Pronome==
'''quan.tus''' ''interrogativo''

:# de que [[tamanho]]?
:# [[quão]] [[grande]]?

::''Obs.Não confundir com [[quot]] ou [[quotus]] que significam [[quantos]]''

===Fraseologia===
* '''quanta [[urbs]]?''' = ''de que tamanho é a cidade?''
* '''in quantum''' = ''tanto quanto''

{{decl.la.adjprimclas.us|quant|VS=quantus}}

[[Categoria:Pronome (Latim)]]

[[en:quantus]]
[[ko:quantus]]
[[la:quantus]]
[[ru:quantus]]</text>
<sha1>tjj0momw56yhz2g30bcu8wn2jxb2be5</sha1>
</revision>
<revision>
<id>943090</id>
<parentid>896564</parentid>
<timestamp>2010-08-25T22:02:23Z</timestamp>
<contributor>
<username>Interwicket</username>
<id>6868</id>
</contributor>
<minor />
<comment>iwiki +[[:fr:quantus]]</comment>
<model>wikitext</model>
<format>text/x-wiki</format>
<text bytes="449" xml:space="preserve">=Latim=
==Pronome==
'''quan.tus''' ''interrogativo''

:# de que [[tamanho]]?
:# [[quão]] [[grande]]?

::''Obs.Não confundir com [[quot]] ou [[quotus]] que significam [[quantos]]''

===Fraseologia===
* '''quanta [[urbs]]?''' = ''de que tamanho é a cidade?''
* '''in quantum''' = ''tanto quanto''

{{decl.la.adjprimclas.us|quant|VS=quantus}}

[[Categoria:Pronome (Latim)]]

[[en:quantus]]
[[fr:quantus]]
[[ko:quantus]]
[[la:quantus]]
[[ru:quantus]]</text>
<sha1>4010q5o7yt5ac81s16b5x21s7apcdzw</sha1>
</revision>
<revision>
<id>1068547</id>
<parentid>943090</parentid>
<timestamp>2011-04-23T20:02:13Z</timestamp>
<contributor>
<username>Luckas-bot</username>
<id>5986</id>
</contributor>
<minor />
<comment>r2.7.1) (Bot: Adicionando: [[hu:quantus]]</comment>
<model>wikitext</model>
<format>text/x-wiki</format>
<text bytes="464" xml:space="preserve">=Latim=
==Pronome==
'''quan.tus''' ''interrogativo''

:# de que [[tamanho]]?
:# [[quão]] [[grande]]?

::''Obs.Não confundir com [[quot]] ou [[quotus]] que significam [[quantos]]''

===Fraseologia===
* '''quanta [[urbs]]?''' = ''de que tamanho é a cidade?''
* '''in quantum''' = ''tanto quanto''

{{decl.la.adjprimclas.us|quant|VS=quantus}}

[[Categoria:Pronome (Latim)]]

[[en:quantus]]
[[fr:quantus]]
[[hu:quantus]]
[[ko:quantus]]
[[la:quantus]]
[[ru:quantus]]</text>
<sha1>074wow27vcf86c9k1y0xuw6j43odsqi</sha1>
</revision>
<revision>
<id>1316929</id>
<parentid>1068547</parentid>
<timestamp>2011-12-02T14:15:20Z</timestamp>
<contributor>
<username>MalafayaBot</username>
<id>628</id>
</contributor>
<minor />
<comment>Robô: Substituição de texto automática (-^\=(\s*?)(\{\{la\}\}|Latim)(\s*?)\= +={{-la-}}=)</comment>
<model>wikitext</model>
<format>text/x-wiki</format>
<text bytes="467" xml:space="preserve">={{-la-}}=
==Pronome==
'''quan.tus''' ''interrogativo''

:# de que [[tamanho]]?
:# [[quão]] [[grande]]?

::''Obs.Não confundir com [[quot]] ou [[quotus]] que significam [[quantos]]''

===Fraseologia===
* '''quanta [[urbs]]?''' = ''de que tamanho é a cidade?''
* '''in quantum''' = ''tanto quanto''

{{decl.la.adjprimclas.us|quant|VS=quantus}}

[[Categoria:Pronome (Latim)]]

[[en:quantus]]
[[fr:quantus]]
[[hu:quantus]]
[[ko:quantus]]
[[la:quantus]]
[[ru:quantus]]</text>
<sha1>4r8bpcod0n3zs66ldgcz76m3yete90u</sha1>
</revision>
<revision>
<id>2134315</id>
<parentid>1316929</parentid>
<timestamp>2016-06-09T22:27:51Z</timestamp>
<contributor>
<username>UT-interwiki-Bot</username>
<id>56129</id>
</contributor>
<minor />
<comment>Robô: A adicionar: [[pl:quantus]]</comment>
<model>wikitext</model>
<format>text/x-wiki</format>
<text bytes="482" xml:space="preserve">={{-la-}}=
==Pronome==
'''quan.tus''' ''interrogativo''

:# de que [[tamanho]]?
:# [[quão]] [[grande]]?

::''Obs.Não confundir com [[quot]] ou [[quotus]] que significam [[quantos]]''

===Fraseologia===
* '''quanta [[urbs]]?''' = ''de que tamanho é a cidade?''
* '''in quantum''' = ''tanto quanto''

{{decl.la.adjprimclas.us|quant|VS=quantus}}

[[Categoria:Pronome (Latim)]]

[[en:quantus]]
[[fr:quantus]]
[[hu:quantus]]
[[ko:quantus]]
[[la:quantus]]
[[pl:quantus]]
[[ru:quantus]]</text>
<sha1>9fd3f6g5rpi11pvd4p63blph15kqvq8</sha1>
</revision>
<revision>
<id>2396771</id>
<parentid>2134315</parentid>
<timestamp>2017-05-13T11:01:24Z</timestamp>
<contributor>
<username>HydrizBot</username>
<id>29590</id>
</contributor>
<minor />
<comment>Robô: A limpar links interwikis antigos</comment>
<model>wikitext</model>
<format>text/x-wiki</format>
<text bytes="376" xml:space="preserve">={{-la-}}=
==Pronome==
'''quan.tus''' ''interrogativo''

:# de que [[tamanho]]?
:# [[quão]] [[grande]]?

::''Obs.Não confundir com [[quot]] ou [[quotus]] que significam [[quantos]]''

===Fraseologia===
* '''quanta [[urbs]]?''' = ''de que tamanho é a cidade?''
* '''in quantum''' = ''tanto quanto''

{{decl.la.adjprimclas.us|quant|VS=quantus}}

[[Categoria:Pronome (Latim)]]</text>
<sha1>n2rdvh1zrm35vty4z4i3b6b3n8o6zln</sha1>
</revision>
</page>
