<title>quantum</title>
<ns>0</ns>
<id>16414</id>
<revision>
<id>66542</id>
<timestamp>2006-01-29T13:20:41Z</timestamp>
<contributor>
<ip>201.27.164.111</ip>
</contributor>
<model>wikitext</model>
<format>text/x-wiki</format>
<text bytes="107" xml:space="preserve">Quantum é tipo legal, ta ligado!

ÉÉÉÉÉÉÉÉÉÉÉÉÉÉÉÉÉÉÉÉÉÉ! Rock and Roll!!!

By.: Moa</text>
<sha1>eaylid7l1xgcn3kybsh9nct2zevo8pz</sha1>
</revision>
<revision>
<id>66580</id>
<parentid>66542</parentid>
<timestamp>2006-01-29T14:40:58Z</timestamp>
<contributor>
<username>Gbranco</username>
<id>436</id>
</contributor>
<model>wikitext</model>
<format>text/x-wiki</format>
<text bytes="661" xml:space="preserve">{{-pt-}}
== Substantivo ==
'''quan.tum''' ''masculino'' (''plural: quanta'')

#[[Quantidade]] de [[energia]] [[eletromagnética]] [[indivisível]]. É a quantidade de energia que um [[elétron]] [[emitir|emite]] ou [[absorver|absorve]] ao [[saltar]] de uma [[órbita]] [[estacionário|estacionária]] para outra.

=== Tradução ===
{{tradini}}
*{{fr}}: [[quantum]].
*{{en}}: [[quantum]].
*{{it}}: [[quantum]].
{{tradfim}}

== Etimologia ==
:Do latim ''quantu''.

==Ver também==

===No Wikcionário===
*[[Elétron]]

===Na Wikipédia===
*[[w:Quantum|Quantum]]

[[Categoria:Substantivo_(Português)]]
[[Categoria:Paroxítona_(Português)]]
[[Categoria:Física]]</text>
<sha1>bs5zwhvfj1ah5vsv0x5qk29pqmz5ktk</sha1>
</revision>
<revision>
<id>67399</id>
<parentid>66580</parentid>
<timestamp>2006-01-31T14:11:24Z</timestamp>
<contributor>
<username>RobotGMwikt</username>
<id>407</id>
</contributor>
<minor />
<comment>Bot:  Adicionando: el, en</comment>
<model>wikitext</model>
<format>text/x-wiki</format>
<text bytes="692" xml:space="preserve">{{-pt-}}
== Substantivo ==
'''quan.tum''' ''masculino'' (''plural: quanta'')

#[[Quantidade]] de [[energia]] [[eletromagnética]] [[indivisível]]. É a quantidade de energia que um [[elétron]] [[emitir|emite]] ou [[absorver|absorve]] ao [[saltar]] de uma [[órbita]] [[estacionário|estacionária]] para outra.

=== Tradução ===
{{tradini}}
*{{fr}}: [[quantum]].
*{{en}}: [[quantum]].
*{{it}}: [[quantum]].
{{tradfim}}

== Etimologia ==
:Do latim ''quantu''.

==Ver também==

===No Wikcionário===
*[[Elétron]]

===Na Wikipédia===
*[[w:Quantum|Quantum]]

[[Categoria:Substantivo_(Português)]]
[[Categoria:Paroxítona_(Português)]]
[[Categoria:Física]]

[[el:Quantum]]
[[en:quantum]]</text>
<sha1>336g0fffgw4w40bij4m6lnmrv3q36gh</sha1>
</revision>
<revision>
<id>89198</id>
<parentid>67399</parentid>
<timestamp>2006-02-23T00:55:07Z</timestamp>
<contributor>
<username>Conversion script</username>
<id>0</id>
</contributor>
<minor />
<comment>[[Quantum]] movido para [[quantum]]: Converting page titles to lowercase</comment>
<model>wikitext</model>
<format>text/x-wiki</format>
<text bytes="692" xml:space="preserve">{{-pt-}}
== Substantivo ==
'''quan.tum''' ''masculino'' (''plural: quanta'')

#[[Quantidade]] de [[energia]] [[eletromagnética]] [[indivisível]]. É a quantidade de energia que um [[elétron]] [[emitir|emite]] ou [[absorver|absorve]] ao [[saltar]] de uma [[órbita]] [[estacionário|estacionária]] para outra.

=== Tradução ===
{{tradini}}
*{{fr}}: [[quantum]].
*{{en}}: [[quantum]].
*{{it}}: [[quantum]].
{{tradfim}}

== Etimologia ==
:Do latim ''quantu''.

==Ver também==

===No Wikcionário===
*[[Elétron]]

===Na Wikipédia===
*[[w:Quantum|Quantum]]

[[Categoria:Substantivo_(Português)]]
[[Categoria:Paroxítona_(Português)]]
[[Categoria:Física]]

[[el:Quantum]]
[[en:quantum]]</text>
<sha1>336g0fffgw4w40bij4m6lnmrv3q36gh</sha1>
</revision>
<revision>
<id>102376</id>
<parentid>89198</parentid>
<timestamp>2006-03-06T13:00:51Z</timestamp>
<contributor>
<username>RobotGMwikt</username>
<id>407</id>
</contributor>
<minor />
<comment>Bot:  Adicionando: fr Modificando: el</comment>
<model>wikitext</model>
<format>text/x-wiki</format>
<text bytes="707" xml:space="preserve">{{-pt-}}
== Substantivo ==
'''quan.tum''' ''masculino'' (''plural: quanta'')

#[[Quantidade]] de [[energia]] [[eletromagnética]] [[indivisível]]. É a quantidade de energia que um [[elétron]] [[emitir|emite]] ou [[absorver|absorve]] ao [[saltar]] de uma [[órbita]] [[estacionário|estacionária]] para outra.

=== Tradução ===
{{tradini}}
*{{fr}}: [[quantum]].
*{{en}}: [[quantum]].
*{{it}}: [[quantum]].
{{tradfim}}

== Etimologia ==
:Do latim ''quantu''.

==Ver também==

===No Wikcionário===
*[[Elétron]]

===Na Wikipédia===
*[[w:Quantum|Quantum]]

[[Categoria:Substantivo_(Português)]]
[[Categoria:Paroxítona_(Português)]]
[[Categoria:Física]]

[[el:quantum]]
[[en:quantum]]
[[fr:quantum]]</text>
<sha1>gs390yqiuur5v86unr769kbz49vz2cj</sha1>
</revision>
<revision>
<id>162412</id>
<parentid>102376</parentid>
<timestamp>2006-09-05T06:23:43Z</timestamp>
<contributor>
<username>RobotGMwikt</username>
<id>407</id>
</contributor>
<minor />
<comment>Bot:  Adicionando: nl</comment>
<model>wikitext</model>
<format>text/x-wiki</format>
<text bytes="722" xml:space="preserve">{{-pt-}}
== Substantivo ==
'''quan.tum''' ''masculino'' (''plural: quanta'')

#[[Quantidade]] de [[energia]] [[eletromagnética]] [[indivisível]]. É a quantidade de energia que um [[elétron]] [[emitir|emite]] ou [[absorver|absorve]] ao [[saltar]] de uma [[órbita]] [[estacionário|estacionária]] para outra.

=== Tradução ===
{{tradini}}
*{{fr}}: [[quantum]].
*{{en}}: [[quantum]].
*{{it}}: [[quantum]].
{{tradfim}}

== Etimologia ==
:Do latim ''quantu''.

==Ver também==

===No Wikcionário===
*[[Elétron]]

===Na Wikipédia===
*[[w:Quantum|Quantum]]

[[Categoria:Substantivo_(Português)]]
[[Categoria:Paroxítona_(Português)]]
[[Categoria:Física]]

[[el:quantum]]
[[en:quantum]]
[[fr:quantum]]
[[nl:quantum]]</text>
<sha1>8ae19shcrmoznbowvulsdo8cmw6yq20</sha1>
</revision>
<revision>
<id>174013</id>
<parentid>162412</parentid>
<timestamp>2006-10-06T18:23:56Z</timestamp>
<contributor>
<username>RobotGMwikt</username>
<id>407</id>
</contributor>
<minor />
<comment>Bot:  Adicionando: [[hy:quantum]], [[vi:quantum]]</comment>
<model>wikitext</model>
<format>text/x-wiki</format>
<text bytes="752" xml:space="preserve">{{-pt-}}
== Substantivo ==
'''quan.tum''' ''masculino'' (''plural: quanta'')

#[[Quantidade]] de [[energia]] [[eletromagnética]] [[indivisível]]. É a quantidade de energia que um [[elétron]] [[emitir|emite]] ou [[absorver|absorve]] ao [[saltar]] de uma [[órbita]] [[estacionário|estacionária]] para outra.

=== Tradução ===
{{tradini}}
*{{fr}}: [[quantum]].
*{{en}}: [[quantum]].
*{{it}}: [[quantum]].
{{tradfim}}

== Etimologia ==
:Do latim ''quantu''.

==Ver também==

===No Wikcionário===
*[[Elétron]]

===Na Wikipédia===
*[[w:Quantum|Quantum]]

[[Categoria:Substantivo_(Português)]]
[[Categoria:Paroxítona_(Português)]]
[[Categoria:Física]]

[[el:quantum]]
[[en:quantum]]
[[fr:quantum]]
[[hy:quantum]]
[[nl:quantum]]
[[vi:quantum]]</text>
<sha1>8gca5q8sy0lc5gb99hvq50txohn6w2j</sha1>
</revision>
<revision>
<id>182004</id>
<parentid>174013</parentid>
<timestamp>2006-10-18T20:40:20Z</timestamp>
<contributor>
<username>RobotGMwikt</username>
<id>407</id>
</contributor>
<minor />
<comment>Bot:  Adicionando: [[kk:quantum]]</comment>
<model>wikitext</model>
<format>text/x-wiki</format>
<text bytes="767" xml:space="preserve">{{-pt-}}
== Substantivo ==
'''quan.tum''' ''masculino'' (''plural: quanta'')

#[[Quantidade]] de [[energia]] [[eletromagnética]] [[indivisível]]. É a quantidade de energia que um [[elétron]] [[emitir|emite]] ou [[absorver|absorve]] ao [[saltar]] de uma [[órbita]] [[estacionário|estacionária]] para outra.

=== Tradução ===
{{tradini}}
*{{fr}}: [[quantum]].
*{{en}}: [[quantum]].
*{{it}}: [[quantum]].
{{tradfim}}

== Etimologia ==
:Do latim ''quantu''.

==Ver também==

===No Wikcionário===
*[[Elétron]]

===Na Wikipédia===
*[[w:Quantum|Quantum]]

[[Categoria:Substantivo_(Português)]]
[[Categoria:Paroxítona_(Português)]]
[[Categoria:Física]]

[[el:quantum]]
[[en:quantum]]
[[fr:quantum]]
[[hy:quantum]]
[[kk:quantum]]
[[nl:quantum]]
[[vi:quantum]]</text>
<sha1>5baolx8wqgwdxqowy931n5qmo8jbhow</sha1>
</revision>
<revision>
<id>189346</id>
<parentid>182004</parentid>
<timestamp>2006-11-02T17:02:09Z</timestamp>
<contributor>
<username>RobotGMwikt</username>
<id>407</id>
</contributor>
<minor />
<comment>Bot:  Adicionando: [[ru:quantum]]</comment>
<model>wikitext</model>
<format>text/x-wiki</format>
<text bytes="782" xml:space="preserve">{{-pt-}}
== Substantivo ==
'''quan.tum''' ''masculino'' (''plural: quanta'')

#[[Quantidade]] de [[energia]] [[eletromagnética]] [[indivisível]]. É a quantidade de energia que um [[elétron]] [[emitir|emite]] ou [[absorver|absorve]] ao [[saltar]] de uma [[órbita]] [[estacionário|estacionária]] para outra.

=== Tradução ===
{{tradini}}
*{{fr}}: [[quantum]].
*{{en}}: [[quantum]].
*{{it}}: [[quantum]].
{{tradfim}}

== Etimologia ==
:Do latim ''quantu''.

==Ver também==

===No Wikcionário===
*[[Elétron]]

===Na Wikipédia===
*[[w:Quantum|Quantum]]

[[Categoria:Substantivo_(Português)]]
[[Categoria:Paroxítona_(Português)]]
[[Categoria:Física]]

[[el:quantum]]
[[en:quantum]]
[[fr:quantum]]
[[hy:quantum]]
[[kk:quantum]]
[[nl:quantum]]
[[ru:quantum]]
[[vi:quantum]]</text>
<sha1>spjjvv54lx9uc2kyqnmjau7mq8uvb25</sha1>
</revision>
<revision>
<id>220116</id>
<parentid>189346</parentid>
<timestamp>2007-01-15T10:30:28Z</timestamp>
<contributor>
<username>RobotGMwikt</username>
<id>407</id>
</contributor>
<minor />
<comment>Bot:  Adicionando: [[zh:quantum]]</comment>
<model>wikitext</model>
<format>text/x-wiki</format>
<text bytes="797" xml:space="preserve">{{-pt-}}
== Substantivo ==
'''quan.tum''' ''masculino'' (''plural: quanta'')

#[[Quantidade]] de [[energia]] [[eletromagnética]] [[indivisível]]. É a quantidade de energia que um [[elétron]] [[emitir|emite]] ou [[absorver|absorve]] ao [[saltar]] de uma [[órbita]] [[estacionário|estacionária]] para outra.

=== Tradução ===
{{tradini}}
*{{fr}}: [[quantum]].
*{{en}}: [[quantum]].
*{{it}}: [[quantum]].
{{tradfim}}

== Etimologia ==
:Do latim ''quantu''.

==Ver também==

===No Wikcionário===
*[[Elétron]]

===Na Wikipédia===
*[[w:Quantum|Quantum]]

[[Categoria:Substantivo_(Português)]]
[[Categoria:Paroxítona_(Português)]]
[[Categoria:Física]]

[[el:quantum]]
[[en:quantum]]
[[fr:quantum]]
[[hy:quantum]]
[[kk:quantum]]
[[nl:quantum]]
[[ru:quantum]]
[[vi:quantum]]
[[zh:quantum]]</text>
<sha1>gesa0bes5b2brpm8hjx8pkoew8dy0by</sha1>
</revision>
<revision>
<id>240428</id>
<parentid>220116</parentid>
<timestamp>2007-03-07T19:38:32Z</timestamp>
<contributor>
<username>ValJor</username>
<id>1358</id>
</contributor>
<comment>Retirando da [[:Categoria:Física]] e passando para [[:Categoria:Física (Português)]]</comment>
<model>wikitext</model>
<format>text/x-wiki</format>
<text bytes="1701" xml:space="preserve">{{wikipedia}}
=Português=
==Substantivo==
{{flex.pt.subst.masculino|MS=quantum|MP=quanta}}
'''&lt;u&gt;quan&lt;/u&gt;.tum''', ''masculino''
# {{escopoCatLang|Física|pt}} [[quantidade]] de [[energia]] [[eletromagnético|eletromagnética]] [[indivisível]]; quantidade de energia que um [[elétron]] [[emitir|emite]] ou [[absorver|absorve]] ao [[saltar]] de uma [[órbita]] [[estacionário|estacionária]] para outra
===Tradução===
{{tradini-esconde}}
* {{trad|de|Quant}}
* {{trad|hy|որչափություն|քվանտ}}
* {{trad|kk|квант}}
* {{trad|es|cuanto}}
* {{trad|fr|quantum}}
{{tradmeio-esconde}}
* {{trad|el|κβάντωση}}
* {{trad|nl|quantum}}
* {{trad|en|quantum}}
* {{trad|it|quantum}}
* {{trad|tr|kuvantum}}
{{tradfim-esconde}}
{{-etimologia-}}
: Do latim ''quantu''.
==Ver também==
===No Wikcionário===
* [[elétron]]
[[Categoria:Substantivo (Português)]]
[[Categoria:Dissílabo (Português)]]
[[Categoria:Paroxítona (Português)]]
[[Categoria:Vocábulo com etimologia (Português)]]

=Francês=
==Substantivo==
'''quantum'''
# {{escopoCatLang|Física|fr}} [[quantum#Português|quantum]]
[[Categoria:Substantivo (Francês)]]

=Holandês=
==Substantivo==
'''quantum'''
# {{escopoCatLang|Física|nl}} [[quantum#Português|quantum]]
[[Categoria:Substantivo (Holandês)]]

=Inglês=
==Substantivo==
'''quantum'''
# {{escopoCatLang|Física|en}} [[quantum#Português|quantum]]
[[Categoria:Substantivo (Inglês)]]

=Italiano=
==Substantivo==
'''quantum'''
# {{escopoCatLang|Física|it}} [[quantum#Português|quantum]]
[[Categoria:Substantivo (Italiano)]]

[[el:quantum]]
[[en:quantum]]
[[fr:quantum]]
[[hy:quantum]]
[[kk:quantum]]
[[nl:quantum]]
[[ru:quantum]]
[[vi:quantum]]
[[zh:quantum]]</text>
<sha1>ot04qxf5pg0ib08vm0216880yib0lqh</sha1>
</revision>
<revision>
<id>292172</id>
<parentid>240428</parentid>
<timestamp>2007-08-20T10:49:15Z</timestamp>
<contributor>
<username>VolkovBot</username>
<id>2944</id>
</contributor>
<minor />
<comment>Bot:  Adicionando: [[it:quantum]], [[la:quantum]]</comment>
<model>wikitext</model>
<format>text/x-wiki</format>
<text bytes="1731" xml:space="preserve">{{wikipedia}}
=Português=
==Substantivo==
{{flex.pt.subst.masculino|MS=quantum|MP=quanta}}
'''&lt;u&gt;quan&lt;/u&gt;.tum''', ''masculino''
# {{escopoCatLang|Física|pt}} [[quantidade]] de [[energia]] [[eletromagnético|eletromagnética]] [[indivisível]]; quantidade de energia que um [[elétron]] [[emitir|emite]] ou [[absorver|absorve]] ao [[saltar]] de uma [[órbita]] [[estacionário|estacionária]] para outra
===Tradução===
{{tradini-esconde}}
* {{trad|de|Quant}}
* {{trad|hy|որչափություն|քվանտ}}
* {{trad|kk|квант}}
* {{trad|es|cuanto}}
* {{trad|fr|quantum}}
{{tradmeio-esconde}}
* {{trad|el|κβάντωση}}
* {{trad|nl|quantum}}
* {{trad|en|quantum}}
* {{trad|it|quantum}}
* {{trad|tr|kuvantum}}
{{tradfim-esconde}}
{{-etimologia-}}
: Do latim ''quantu''.
==Ver também==
===No Wikcionário===
* [[elétron]]
[[Categoria:Substantivo (Português)]]
[[Categoria:Dissílabo (Português)]]
[[Categoria:Paroxítona (Português)]]
[[Categoria:Vocábulo com etimologia (Português)]]

=Francês=
==Substantivo==
'''quantum'''
# {{escopoCatLang|Física|fr}} [[quantum#Português|quantum]]
[[Categoria:Substantivo (Francês)]]

=Holandês=
==Substantivo==
'''quantum'''
# {{escopoCatLang|Física|nl}} [[quantum#Português|quantum]]
[[Categoria:Substantivo (Holandês)]]

=Inglês=
==Substantivo==
'''quantum'''
# {{escopoCatLang|Física|en}} [[quantum#Português|quantum]]
[[Categoria:Substantivo (Inglês)]]

=Italiano=
==Substantivo==
'''quantum'''
# {{escopoCatLang|Física|it}} [[quantum#Português|quantum]]
[[Categoria:Substantivo (Italiano)]]

[[el:quantum]]
[[en:quantum]]
[[fr:quantum]]
[[hy:quantum]]
[[it:quantum]]
[[kk:quantum]]
[[la:quantum]]
[[nl:quantum]]
[[ru:quantum]]
[[vi:quantum]]
[[zh:quantum]]</text>
<sha1>1q3uabpjlvwokebuw4xdl61ebjle3em</sha1>
</revision>
<revision>
<id>368118</id>
<parentid>292172</parentid>
<timestamp>2008-07-17T11:01:56Z</timestamp>
<contributor>
<username>SpaceBirdyBot</username>
<id>973</id>
</contributor>
<minor />
<comment>Bot:  Adicionando: gl, hu, ta, te</comment>
<model>wikitext</model>
<format>text/x-wiki</format>
<text bytes="1791" xml:space="preserve">{{wikipedia}}
=Português=
==Substantivo==
{{flex.pt.subst.masculino|MS=quantum|MP=quanta}}
'''&lt;u&gt;quan&lt;/u&gt;.tum''', ''masculino''
# {{escopoCatLang|Física|pt}} [[quantidade]] de [[energia]] [[eletromagnético|eletromagnética]] [[indivisível]]; quantidade de energia que um [[elétron]] [[emitir|emite]] ou [[absorver|absorve]] ao [[saltar]] de uma [[órbita]] [[estacionário|estacionária]] para outra
===Tradução===
{{tradini-esconde}}
* {{trad|de|Quant}}
* {{trad|hy|որչափություն|քվանտ}}
* {{trad|kk|квант}}
* {{trad|es|cuanto}}
* {{trad|fr|quantum}}
{{tradmeio-esconde}}
* {{trad|el|κβάντωση}}
* {{trad|nl|quantum}}
* {{trad|en|quantum}}
* {{trad|it|quantum}}
* {{trad|tr|kuvantum}}
{{tradfim-esconde}}
{{-etimologia-}}
: Do latim ''quantu''.
==Ver também==
===No Wikcionário===
* [[elétron]]
[[Categoria:Substantivo (Português)]]
[[Categoria:Dissílabo (Português)]]
[[Categoria:Paroxítona (Português)]]
[[Categoria:Vocábulo com etimologia (Português)]]

=Francês=
==Substantivo==
'''quantum'''
# {{escopoCatLang|Física|fr}} [[quantum#Português|quantum]]
[[Categoria:Substantivo (Francês)]]

=Holandês=
==Substantivo==
'''quantum'''
# {{escopoCatLang|Física|nl}} [[quantum#Português|quantum]]
[[Categoria:Substantivo (Holandês)]]

=Inglês=
==Substantivo==
'''quantum'''
# {{escopoCatLang|Física|en}} [[quantum#Português|quantum]]
[[Categoria:Substantivo (Inglês)]]

=Italiano=
==Substantivo==
'''quantum'''
# {{escopoCatLang|Física|it}} [[quantum#Português|quantum]]
[[Categoria:Substantivo (Italiano)]]

[[el:quantum]]
[[en:quantum]]
[[fr:quantum]]
[[gl:quantum]]
[[hu:quantum]]
[[hy:quantum]]
[[it:quantum]]
[[kk:quantum]]
[[la:quantum]]
[[nl:quantum]]
[[ru:quantum]]
[[ta:quantum]]
[[te:quantum]]
[[vi:quantum]]
[[zh:quantum]]</text>
<sha1>m1nhz8qjfz3jxzq3nonpn2eknfm8nmh</sha1>
</revision>
<revision>
<id>417278</id>
<parentid>368118</parentid>
<timestamp>2009-02-15T06:56:35Z</timestamp>
<contributor>
<username>Interwicket</username>
<id>6868</id>
</contributor>
<minor />
<comment>iwiki +fi</comment>
<model>wikitext</model>
<format>text/x-wiki</format>
<text bytes="1806" xml:space="preserve">{{wikipedia}}
=Português=
==Substantivo==
{{flex.pt.subst.masculino|MS=quantum|MP=quanta}}
'''&lt;u&gt;quan&lt;/u&gt;.tum''', ''masculino''
# {{escopoCatLang|Física|pt}} [[quantidade]] de [[energia]] [[eletromagnético|eletromagnética]] [[indivisível]]; quantidade de energia que um [[elétron]] [[emitir|emite]] ou [[absorver|absorve]] ao [[saltar]] de uma [[órbita]] [[estacionário|estacionária]] para outra
===Tradução===
{{tradini-esconde}}
* {{trad|de|Quant}}
* {{trad|hy|որչափություն|քվանտ}}
* {{trad|kk|квант}}
* {{trad|es|cuanto}}
* {{trad|fr|quantum}}
{{tradmeio-esconde}}
* {{trad|el|κβάντωση}}
* {{trad|nl|quantum}}
* {{trad|en|quantum}}
* {{trad|it|quantum}}
* {{trad|tr|kuvantum}}
{{tradfim-esconde}}
{{-etimologia-}}
: Do latim ''quantu''.
==Ver também==
===No Wikcionário===
* [[elétron]]
[[Categoria:Substantivo (Português)]]
[[Categoria:Dissílabo (Português)]]
[[Categoria:Paroxítona (Português)]]
[[Categoria:Vocábulo com etimologia (Português)]]

=Francês=
==Substantivo==
'''quantum'''
# {{escopoCatLang|Física|fr}} [[quantum#Português|quantum]]
[[Categoria:Substantivo (Francês)]]

=Holandês=
==Substantivo==
'''quantum'''
# {{escopoCatLang|Física|nl}} [[quantum#Português|quantum]]
[[Categoria:Substantivo (Holandês)]]

=Inglês=
==Substantivo==
'''quantum'''
# {{escopoCatLang|Física|en}} [[quantum#Português|quantum]]
[[Categoria:Substantivo (Inglês)]]

=Italiano=
==Substantivo==
'''quantum'''
# {{escopoCatLang|Física|it}} [[quantum#Português|quantum]]
[[Categoria:Substantivo (Italiano)]]

[[el:quantum]]
[[en:quantum]]
[[fi:quantum]]
[[fr:quantum]]
[[gl:quantum]]
[[hu:quantum]]
[[hy:quantum]]
[[it:quantum]]
[[kk:quantum]]
[[la:quantum]]
[[nl:quantum]]
[[ru:quantum]]
[[ta:quantum]]
[[te:quantum]]
[[vi:quantum]]
[[zh:quantum]]</text>
<sha1>07rk0m2vavnp0bbyvlrokq4wg2mfs5i</sha1>
</revision>
<revision>
<id>428409</id>
<parentid>417278</parentid>
<timestamp>2009-03-04T17:46:38Z</timestamp>
<contributor>
<username>ValJor</username>
<id>1358</id>
</contributor>
<comment>Por um [[Especial:Lonelypages|wikcionário sem órfãos]]!</comment>
<model>wikitext</model>
<format>text/x-wiki</format>
<text bytes="1776" xml:space="preserve">{{wikipedia}}
=Português=
==Substantivo==
{{flex.pt.masculino|s=quantum|p=quanta}}
{{paroxítona|quan|tum}}
# {{escopoCatLang|Física|pt}} [[quantidade]] de [[energia]] [[eletromagnético|eletromagnética]] [[indivisível]]; quantidade de energia que um [[elétron]] [[emitir|emite]] ou [[absorver|absorve]] ao [[saltar]] de uma [[órbita]] [[estacionário|estacionária]] para outra
===Tradução===
{{tradini}}
* {{trad|de|Quant}}
* {{trad|hy|որչափություն|քվանտ}}
* {{trad|kk|квант}}
* {{trad|es|cuanto}}
* {{trad|fr|quantum}}
{{tradmeio}}
* {{trad|el|κβάντωση}}
* {{trad|nl|quantum}}
* {{trad|en|quantum}}
* {{trad|it|quantum}}
* {{trad|tr|kuvantum}}
{{tradfim}}
=={{etimologia}}==
: Do latim ''quantu''.
==Ver também==
===No Wikcionário===
{{verTambém.Ini}}
* [[elétron]]
{{verTambém.NovaColuna}}
* [[quantum de acção]]
{{verTambém.Fim}}
[[Categoria:Substantivo (Português)]]
[[Categoria:Vocábulo com etimologia (Português)]]

=Francês=
==Substantivo==
'''quantum'''
# {{escopoCatLang|Física|fr}} [[quantum#Português|quantum]]
[[Categoria:Substantivo (Francês)]]

=Holandês=
==Substantivo==
'''quantum'''
# {{escopoCatLang|Física|nl}} [[quantum#Português|quantum]]
[[Categoria:Substantivo (Holandês)]]

=Inglês=
==Substantivo==
'''quantum'''
# {{escopoCatLang|Física|en}} [[quantum#Português|quantum]]
[[Categoria:Substantivo (Inglês)]]

=Italiano=
==Substantivo==
'''quantum'''
# {{escopoCatLang|Física|it}} [[quantum#Português|quantum]]
[[Categoria:Substantivo (Italiano)]]

[[el:quantum]]
[[en:quantum]]
[[fr:quantum]]
[[gl:quantum]]
[[hy:quantum]]
[[it:quantum]]
[[kk:quantum]]
[[la:quantum]]
[[hu:quantum]]
[[nl:quantum]]
[[ru:quantum]]
[[fi:quantum]]
[[ta:quantum]]
[[te:quantum]]
[[vi:quantum]]
[[zh:quantum]]</text>
<sha1>g8oyxn5krha7erz9kce4ziffbggf5of</sha1>
</revision>
<revision>
<id>558438</id>
<parentid>428409</parentid>
<timestamp>2009-10-10T04:22:04Z</timestamp>
<contributor>
<username>Interwicket</username>
<id>6868</id>
</contributor>
<minor />
<comment>iwiki -it</comment>
<model>wikitext</model>
<format>text/x-wiki</format>
<text bytes="1761" xml:space="preserve">{{wikipedia}}
=Português=
==Substantivo==
{{flex.pt.masculino|s=quantum|p=quanta}}
{{paroxítona|quan|tum}}
# {{escopoCatLang|Física|pt}} [[quantidade]] de [[energia]] [[eletromagnético|eletromagnética]] [[indivisível]]; quantidade de energia que um [[elétron]] [[emitir|emite]] ou [[absorver|absorve]] ao [[saltar]] de uma [[órbita]] [[estacionário|estacionária]] para outra
===Tradução===
{{tradini}}
* {{trad|de|Quant}}
* {{trad|hy|որչափություն|քվանտ}}
* {{trad|kk|квант}}
* {{trad|es|cuanto}}
* {{trad|fr|quantum}}
{{tradmeio}}
* {{trad|el|κβάντωση}}
* {{trad|nl|quantum}}
* {{trad|en|quantum}}
* {{trad|it|quantum}}
* {{trad|tr|kuvantum}}
{{tradfim}}
=={{etimologia}}==
: Do latim ''quantu''.
==Ver também==
===No Wikcionário===
{{verTambém.Ini}}
* [[elétron]]
{{verTambém.NovaColuna}}
* [[quantum de acção]]
{{verTambém.Fim}}
[[Categoria:Substantivo (Português)]]
[[Categoria:Vocábulo com etimologia (Português)]]

=Francês=
==Substantivo==
'''quantum'''
# {{escopoCatLang|Física|fr}} [[quantum#Português|quantum]]
[[Categoria:Substantivo (Francês)]]

=Holandês=
==Substantivo==
'''quantum'''
# {{escopoCatLang|Física|nl}} [[quantum#Português|quantum]]
[[Categoria:Substantivo (Holandês)]]

=Inglês=
==Substantivo==
'''quantum'''
# {{escopoCatLang|Física|en}} [[quantum#Português|quantum]]
[[Categoria:Substantivo (Inglês)]]

=Italiano=
==Substantivo==
'''quantum'''
# {{escopoCatLang|Física|it}} [[quantum#Português|quantum]]
[[Categoria:Substantivo (Italiano)]]

[[el:quantum]]
[[en:quantum]]
[[fi:quantum]]
[[fr:quantum]]
[[gl:quantum]]
[[hu:quantum]]
[[hy:quantum]]
[[kk:quantum]]
[[la:quantum]]
[[nl:quantum]]
[[ru:quantum]]
[[ta:quantum]]
[[te:quantum]]
[[vi:quantum]]
[[zh:quantum]]</text>
<sha1>3lwq19hy0mvfn32wjteff9siu7uctfz</sha1>
</revision>
<revision>
<id>632125</id>
<parentid>558438</parentid>
<timestamp>2009-11-29T13:39:32Z</timestamp>
<contributor>
<username>Interwicket</username>
<id>6868</id>
</contributor>
<minor />
<comment>iwiki +[[:tr:quantum]]</comment>
<model>wikitext</model>
<format>text/x-wiki</format>
<text bytes="1776" xml:space="preserve">{{wikipedia}}
=Português=
==Substantivo==
{{flex.pt.masculino|s=quantum|p=quanta}}
{{paroxítona|quan|tum}}
# {{escopoCatLang|Física|pt}} [[quantidade]] de [[energia]] [[eletromagnético|eletromagnética]] [[indivisível]]; quantidade de energia que um [[elétron]] [[emitir|emite]] ou [[absorver|absorve]] ao [[saltar]] de uma [[órbita]] [[estacionário|estacionária]] para outra
===Tradução===
{{tradini}}
* {{trad|de|Quant}}
* {{trad|hy|որչափություն|քվանտ}}
* {{trad|kk|квант}}
* {{trad|es|cuanto}}
* {{trad|fr|quantum}}
{{tradmeio}}
* {{trad|el|κβάντωση}}
* {{trad|nl|quantum}}
* {{trad|en|quantum}}
* {{trad|it|quantum}}
* {{trad|tr|kuvantum}}
{{tradfim}}
=={{etimologia}}==
: Do latim ''quantu''.
==Ver também==
===No Wikcionário===
{{verTambém.Ini}}
* [[elétron]]
{{verTambém.NovaColuna}}
* [[quantum de acção]]
{{verTambém.Fim}}
[[Categoria:Substantivo (Português)]]
[[Categoria:Vocábulo com etimologia (Português)]]

=Francês=
==Substantivo==
'''quantum'''
# {{escopoCatLang|Física|fr}} [[quantum#Português|quantum]]
[[Categoria:Substantivo (Francês)]]

=Holandês=
==Substantivo==
'''quantum'''
# {{escopoCatLang|Física|nl}} [[quantum#Português|quantum]]
[[Categoria:Substantivo (Holandês)]]

=Inglês=
==Substantivo==
'''quantum'''
# {{escopoCatLang|Física|en}} [[quantum#Português|quantum]]
[[Categoria:Substantivo (Inglês)]]

=Italiano=
==Substantivo==
'''quantum'''
# {{escopoCatLang|Física|it}} [[quantum#Português|quantum]]
[[Categoria:Substantivo (Italiano)]]

[[el:quantum]]
[[en:quantum]]
[[fi:quantum]]
[[fr:quantum]]
[[gl:quantum]]
[[hu:quantum]]
[[hy:quantum]]
[[kk:quantum]]
[[la:quantum]]
[[nl:quantum]]
[[ru:quantum]]
[[ta:quantum]]
[[te:quantum]]
[[tr:quantum]]
[[vi:quantum]]
[[zh:quantum]]</text>
<sha1>tbn1ql87epjj2lltgk1mvhqkipyr4d8</sha1>
</revision>
<revision>
<id>637088</id>
<parentid>632125</parentid>
<timestamp>2009-12-05T06:02:15Z</timestamp>
<contributor>
<username>Interwicket</username>
<id>6868</id>
</contributor>
<minor />
<comment>iwiki +[[:kn:quantum]]</comment>
<model>wikitext</model>
<format>text/x-wiki</format>
<text bytes="1791" xml:space="preserve">{{wikipedia}}
=Português=
==Substantivo==
{{flex.pt.masculino|s=quantum|p=quanta}}
{{paroxítona|quan|tum}}
# {{escopoCatLang|Física|pt}} [[quantidade]] de [[energia]] [[eletromagnético|eletromagnética]] [[indivisível]]; quantidade de energia que um [[elétron]] [[emitir|emite]] ou [[absorver|absorve]] ao [[saltar]] de uma [[órbita]] [[estacionário|estacionária]] para outra
===Tradução===
{{tradini}}
* {{trad|de|Quant}}
* {{trad|hy|որչափություն|քվանտ}}
* {{trad|kk|квант}}
* {{trad|es|cuanto}}
* {{trad|fr|quantum}}
{{tradmeio}}
* {{trad|el|κβάντωση}}
* {{trad|nl|quantum}}
* {{trad|en|quantum}}
* {{trad|it|quantum}}
* {{trad|tr|kuvantum}}
{{tradfim}}
=={{etimologia}}==
: Do latim ''quantu''.
==Ver também==
===No Wikcionário===
{{verTambém.Ini}}
* [[elétron]]
{{verTambém.NovaColuna}}
* [[quantum de acção]]
{{verTambém.Fim}}
[[Categoria:Substantivo (Português)]]
[[Categoria:Vocábulo com etimologia (Português)]]

=Francês=
==Substantivo==
'''quantum'''
# {{escopoCatLang|Física|fr}} [[quantum#Português|quantum]]
[[Categoria:Substantivo (Francês)]]

=Holandês=
==Substantivo==
'''quantum'''
# {{escopoCatLang|Física|nl}} [[quantum#Português|quantum]]
[[Categoria:Substantivo (Holandês)]]

=Inglês=
==Substantivo==
'''quantum'''
# {{escopoCatLang|Física|en}} [[quantum#Português|quantum]]
[[Categoria:Substantivo (Inglês)]]

=Italiano=
==Substantivo==
'''quantum'''
# {{escopoCatLang|Física|it}} [[quantum#Português|quantum]]
[[Categoria:Substantivo (Italiano)]]

[[el:quantum]]
[[en:quantum]]
[[fi:quantum]]
[[fr:quantum]]
[[gl:quantum]]
[[hu:quantum]]
[[hy:quantum]]
[[kk:quantum]]
[[kn:quantum]]
[[la:quantum]]
[[nl:quantum]]
[[ru:quantum]]
[[ta:quantum]]
[[te:quantum]]
[[tr:quantum]]
[[vi:quantum]]
[[zh:quantum]]</text>
<sha1>duw0ruua0vkqecoxbdqds7u40qqipf2</sha1>
</revision>
<revision>
<id>688037</id>
<parentid>637088</parentid>
<timestamp>2010-01-06T10:23:37Z</timestamp>
<contributor>
<username>Interwicket</username>
<id>6868</id>
</contributor>
<minor />
<comment>iwiki -tr</comment>
<model>wikitext</model>
<format>text/x-wiki</format>
<text bytes="1776" xml:space="preserve">{{wikipedia}}
=Português=
==Substantivo==
{{flex.pt.masculino|s=quantum|p=quanta}}
{{paroxítona|quan|tum}}
# {{escopoCatLang|Física|pt}} [[quantidade]] de [[energia]] [[eletromagnético|eletromagnética]] [[indivisível]]; quantidade de energia que um [[elétron]] [[emitir|emite]] ou [[absorver|absorve]] ao [[saltar]] de uma [[órbita]] [[estacionário|estacionária]] para outra
===Tradução===
{{tradini}}
* {{trad|de|Quant}}
* {{trad|hy|որչափություն|քվանտ}}
* {{trad|kk|квант}}
* {{trad|es|cuanto}}
* {{trad|fr|quantum}}
{{tradmeio}}
* {{trad|el|κβάντωση}}
* {{trad|nl|quantum}}
* {{trad|en|quantum}}
* {{trad|it|quantum}}
* {{trad|tr|kuvantum}}
{{tradfim}}
=={{etimologia}}==
: Do latim ''quantu''.
==Ver também==
===No Wikcionário===
{{verTambém.Ini}}
* [[elétron]]
{{verTambém.NovaColuna}}
* [[quantum de acção]]
{{verTambém.Fim}}
[[Categoria:Substantivo (Português)]]
[[Categoria:Vocábulo com etimologia (Português)]]

=Francês=
==Substantivo==
'''quantum'''
# {{escopoCatLang|Física|fr}} [[quantum#Português|quantum]]
[[Categoria:Substantivo (Francês)]]

=Holandês=
==Substantivo==
'''quantum'''
# {{escopoCatLang|Física|nl}} [[quantum#Português|quantum]]
[[Categoria:Substantivo (Holandês)]]

=Inglês=
==Substantivo==
'''quantum'''
# {{escopoCatLang|Física|en}} [[quantum#Português|quantum]]
[[Categoria:Substantivo (Inglês)]]

=Italiano=
==Substantivo==
'''quantum'''
# {{escopoCatLang|Física|it}} [[quantum#Português|quantum]]
[[Categoria:Substantivo (Italiano)]]

[[el:quantum]]
[[en:quantum]]
[[fi:quantum]]
[[fr:quantum]]
[[gl:quantum]]
[[hu:quantum]]
[[hy:quantum]]
[[kk:quantum]]
[[kn:quantum]]
[[la:quantum]]
[[nl:quantum]]
[[ru:quantum]]
[[ta:quantum]]
[[te:quantum]]
[[vi:quantum]]
[[zh:quantum]]</text>
<sha1>6p418rwqqtq96981btg1dbwxz00ne5o</sha1>
</revision>
<revision>
<id>753970</id>
<parentid>688037</parentid>
<timestamp>2010-02-06T18:15:49Z</timestamp>
<contributor>
<username>Interwicket</username>
<id>6868</id>
</contributor>
<minor />
<comment>iwiki +[[:et:quantum]]</comment>
<model>wikitext</model>
<format>text/x-wiki</format>
<text bytes="1791" xml:space="preserve">{{wikipedia}}
=Português=
==Substantivo==
{{flex.pt.masculino|s=quantum|p=quanta}}
{{paroxítona|quan|tum}}
# {{escopoCatLang|Física|pt}} [[quantidade]] de [[energia]] [[eletromagnético|eletromagnética]] [[indivisível]]; quantidade de energia que um [[elétron]] [[emitir|emite]] ou [[absorver|absorve]] ao [[saltar]] de uma [[órbita]] [[estacionário|estacionária]] para outra
===Tradução===
{{tradini}}
* {{trad|de|Quant}}
* {{trad|hy|որչափություն|քվանտ}}
* {{trad|kk|квант}}
* {{trad|es|cuanto}}
* {{trad|fr|quantum}}
{{tradmeio}}
* {{trad|el|κβάντωση}}
* {{trad|nl|quantum}}
* {{trad|en|quantum}}
* {{trad|it|quantum}}
* {{trad|tr|kuvantum}}
{{tradfim}}
=={{etimologia}}==
: Do latim ''quantu''.
==Ver também==
===No Wikcionário===
{{verTambém.Ini}}
* [[elétron]]
{{verTambém.NovaColuna}}
* [[quantum de acção]]
{{verTambém.Fim}}
[[Categoria:Substantivo (Português)]]
[[Categoria:Vocábulo com etimologia (Português)]]

=Francês=
==Substantivo==
'''quantum'''
# {{escopoCatLang|Física|fr}} [[quantum#Português|quantum]]
[[Categoria:Substantivo (Francês)]]

=Holandês=
==Substantivo==
'''quantum'''
# {{escopoCatLang|Física|nl}} [[quantum#Português|quantum]]
[[Categoria:Substantivo (Holandês)]]

=Inglês=
==Substantivo==
'''quantum'''
# {{escopoCatLang|Física|en}} [[quantum#Português|quantum]]
[[Categoria:Substantivo (Inglês)]]

=Italiano=
==Substantivo==
'''quantum'''
# {{escopoCatLang|Física|it}} [[quantum#Português|quantum]]
[[Categoria:Substantivo (Italiano)]]

[[el:quantum]]
[[en:quantum]]
[[et:quantum]]
[[fi:quantum]]
[[fr:quantum]]
[[gl:quantum]]
[[hu:quantum]]
[[hy:quantum]]
[[kk:quantum]]
[[kn:quantum]]
[[la:quantum]]
[[nl:quantum]]
[[ru:quantum]]
[[ta:quantum]]
[[te:quantum]]
[[vi:quantum]]
[[zh:quantum]]</text>
<sha1>gzr7t7osa6p7g9roylle57mrpvdcx7b</sha1>
</revision>
<revision>
<id>834301</id>
<parentid>753970</parentid>
<timestamp>2010-03-18T12:04:37Z</timestamp>
<contributor>
<username>Interwicket</username>
<id>6868</id>
</contributor>
<minor />
<comment>iwiki +[[:io:quantum]]</comment>
<model>wikitext</model>
<format>text/x-wiki</format>
<text bytes="1806" xml:space="preserve">{{wikipedia}}
=Português=
==Substantivo==
{{flex.pt.masculino|s=quantum|p=quanta}}
{{paroxítona|quan|tum}}
# {{escopoCatLang|Física|pt}} [[quantidade]] de [[energia]] [[eletromagnético|eletromagnética]] [[indivisível]]; quantidade de energia que um [[elétron]] [[emitir|emite]] ou [[absorver|absorve]] ao [[saltar]] de uma [[órbita]] [[estacionário|estacionária]] para outra
===Tradução===
{{tradini}}
* {{trad|de|Quant}}
* {{trad|hy|որչափություն|քվանտ}}
* {{trad|kk|квант}}
* {{trad|es|cuanto}}
* {{trad|fr|quantum}}
{{tradmeio}}
* {{trad|el|κβάντωση}}
* {{trad|nl|quantum}}
* {{trad|en|quantum}}
* {{trad|it|quantum}}
* {{trad|tr|kuvantum}}
{{tradfim}}
=={{etimologia}}==
: Do latim ''quantu''.
==Ver também==
===No Wikcionário===
{{verTambém.Ini}}
* [[elétron]]
{{verTambém.NovaColuna}}
* [[quantum de acção]]
{{verTambém.Fim}}
[[Categoria:Substantivo (Português)]]
[[Categoria:Vocábulo com etimologia (Português)]]

=Francês=
==Substantivo==
'''quantum'''
# {{escopoCatLang|Física|fr}} [[quantum#Português|quantum]]
[[Categoria:Substantivo (Francês)]]

=Holandês=
==Substantivo==
'''quantum'''
# {{escopoCatLang|Física|nl}} [[quantum#Português|quantum]]
[[Categoria:Substantivo (Holandês)]]

=Inglês=
==Substantivo==
'''quantum'''
# {{escopoCatLang|Física|en}} [[quantum#Português|quantum]]
[[Categoria:Substantivo (Inglês)]]

=Italiano=
==Substantivo==
'''quantum'''
# {{escopoCatLang|Física|it}} [[quantum#Português|quantum]]
[[Categoria:Substantivo (Italiano)]]

[[el:quantum]]
[[en:quantum]]
[[et:quantum]]
[[fi:quantum]]
[[fr:quantum]]
[[gl:quantum]]
[[hu:quantum]]
[[hy:quantum]]
[[io:quantum]]
[[kk:quantum]]
[[kn:quantum]]
[[la:quantum]]
[[nl:quantum]]
[[ru:quantum]]
[[ta:quantum]]
[[te:quantum]]
[[vi:quantum]]
[[zh:quantum]]</text>
<sha1>90kqxhfwspfdpl1m4uqqpmqs0jkpchi</sha1>
</revision>
<revision>
<id>845370</id>
<parentid>834301</parentid>
<timestamp>2010-04-01T20:59:22Z</timestamp>
<contributor>
<username>Interwicket</username>
<id>6868</id>
</contributor>
<minor />
<comment>iwiki +[[:pl:quantum]]</comment>
<model>wikitext</model>
<format>text/x-wiki</format>
<text bytes="1821" xml:space="preserve">{{wikipedia}}
=Português=
==Substantivo==
{{flex.pt.masculino|s=quantum|p=quanta}}
{{paroxítona|quan|tum}}
# {{escopoCatLang|Física|pt}} [[quantidade]] de [[energia]] [[eletromagnético|eletromagnética]] [[indivisível]]; quantidade de energia que um [[elétron]] [[emitir|emite]] ou [[absorver|absorve]] ao [[saltar]] de uma [[órbita]] [[estacionário|estacionária]] para outra
===Tradução===
{{tradini}}
* {{trad|de|Quant}}
* {{trad|hy|որչափություն|քվանտ}}
* {{trad|kk|квант}}
* {{trad|es|cuanto}}
* {{trad|fr|quantum}}
{{tradmeio}}
* {{trad|el|κβάντωση}}
* {{trad|nl|quantum}}
* {{trad|en|quantum}}
* {{trad|it|quantum}}
* {{trad|tr|kuvantum}}
{{tradfim}}
=={{etimologia}}==
: Do latim ''quantu''.
==Ver também==
===No Wikcionário===
{{verTambém.Ini}}
* [[elétron]]
{{verTambém.NovaColuna}}
* [[quantum de acção]]
{{verTambém.Fim}}
[[Categoria:Substantivo (Português)]]
[[Categoria:Vocábulo com etimologia (Português)]]

=Francês=
==Substantivo==
'''quantum'''
# {{escopoCatLang|Física|fr}} [[quantum#Português|quantum]]
[[Categoria:Substantivo (Francês)]]

=Holandês=
==Substantivo==
'''quantum'''
# {{escopoCatLang|Física|nl}} [[quantum#Português|quantum]]
[[Categoria:Substantivo (Holandês)]]

=Inglês=
==Substantivo==
'''quantum'''
# {{escopoCatLang|Física|en}} [[quantum#Português|quantum]]
[[Categoria:Substantivo (Inglês)]]

=Italiano=
==Substantivo==
'''quantum'''
# {{escopoCatLang|Física|it}} [[quantum#Português|quantum]]
[[Categoria:Substantivo (Italiano)]]

[[el:quantum]]
[[en:quantum]]
[[et:quantum]]
[[fi:quantum]]
[[fr:quantum]]
[[gl:quantum]]
[[hu:quantum]]
[[hy:quantum]]
[[io:quantum]]
[[kk:quantum]]
[[kn:quantum]]
[[la:quantum]]
[[nl:quantum]]
[[pl:quantum]]
[[ru:quantum]]
[[ta:quantum]]
[[te:quantum]]
[[vi:quantum]]
[[zh:quantum]]</text>
<sha1>r211zkqewjlcref0v7e3i8t2o852nby</sha1>
</revision>
<revision>
<id>871390</id>
<parentid>845370</parentid>
<timestamp>2010-05-09T01:48:24Z</timestamp>
<contributor>
<username>Interwicket</username>
<id>6868</id>
</contributor>
<minor />
<comment>iwiki +[[:es:quantum]]</comment>
<model>wikitext</model>
<format>text/x-wiki</format>
<text bytes="1836" xml:space="preserve">{{wikipedia}}
=Português=
==Substantivo==
{{flex.pt.masculino|s=quantum|p=quanta}}
{{paroxítona|quan|tum}}
# {{escopoCatLang|Física|pt}} [[quantidade]] de [[energia]] [[eletromagnético|eletromagnética]] [[indivisível]]; quantidade de energia que um [[elétron]] [[emitir|emite]] ou [[absorver|absorve]] ao [[saltar]] de uma [[órbita]] [[estacionário|estacionária]] para outra
===Tradução===
{{tradini}}
* {{trad|de|Quant}}
* {{trad|hy|որչափություն|քվանտ}}
* {{trad|kk|квант}}
* {{trad|es|cuanto}}
* {{trad|fr|quantum}}
{{tradmeio}}
* {{trad|el|κβάντωση}}
* {{trad|nl|quantum}}
* {{trad|en|quantum}}
* {{trad|it|quantum}}
* {{trad|tr|kuvantum}}
{{tradfim}}
=={{etimologia}}==
: Do latim ''quantu''.
==Ver também==
===No Wikcionário===
{{verTambém.Ini}}
* [[elétron]]
{{verTambém.NovaColuna}}
* [[quantum de acção]]
{{verTambém.Fim}}
[[Categoria:Substantivo (Português)]]
[[Categoria:Vocábulo com etimologia (Português)]]

=Francês=
==Substantivo==
'''quantum'''
# {{escopoCatLang|Física|fr}} [[quantum#Português|quantum]]
[[Categoria:Substantivo (Francês)]]

=Holandês=
==Substantivo==
'''quantum'''
# {{escopoCatLang|Física|nl}} [[quantum#Português|quantum]]
[[Categoria:Substantivo (Holandês)]]

=Inglês=
==Substantivo==
'''quantum'''
# {{escopoCatLang|Física|en}} [[quantum#Português|quantum]]
[[Categoria:Substantivo (Inglês)]]

=Italiano=
==Substantivo==
'''quantum'''
# {{escopoCatLang|Física|it}} [[quantum#Português|quantum]]
[[Categoria:Substantivo (Italiano)]]

[[el:quantum]]
[[en:quantum]]
[[es:quantum]]
[[et:quantum]]
[[fi:quantum]]
[[fr:quantum]]
[[gl:quantum]]
[[hu:quantum]]
[[hy:quantum]]
[[io:quantum]]
[[kk:quantum]]
[[kn:quantum]]
[[la:quantum]]
[[nl:quantum]]
[[pl:quantum]]
[[ru:quantum]]
[[ta:quantum]]
[[te:quantum]]
[[vi:quantum]]
[[zh:quantum]]</text>
<sha1>r5epsc8wff1ctbg9f2deo8xl3e1ut2p</sha1>
</revision>
<revision>
<id>884428</id>
<parentid>871390</parentid>
<timestamp>2010-05-21T18:18:10Z</timestamp>
<contributor>
<username>Interwicket</username>
<id>6868</id>
</contributor>
<minor />
<comment>iwiki +[[:sv:quantum]]</comment>
<model>wikitext</model>
<format>text/x-wiki</format>
<text bytes="1851" xml:space="preserve">{{wikipedia}}
=Português=
==Substantivo==
{{flex.pt.masculino|s=quantum|p=quanta}}
{{paroxítona|quan|tum}}
# {{escopoCatLang|Física|pt}} [[quantidade]] de [[energia]] [[eletromagnético|eletromagnética]] [[indivisível]]; quantidade de energia que um [[elétron]] [[emitir|emite]] ou [[absorver|absorve]] ao [[saltar]] de uma [[órbita]] [[estacionário|estacionária]] para outra
===Tradução===
{{tradini}}
* {{trad|de|Quant}}
* {{trad|hy|որչափություն|քվանտ}}
* {{trad|kk|квант}}
* {{trad|es|cuanto}}
* {{trad|fr|quantum}}
{{tradmeio}}
* {{trad|el|κβάντωση}}
* {{trad|nl|quantum}}
* {{trad|en|quantum}}
* {{trad|it|quantum}}
* {{trad|tr|kuvantum}}
{{tradfim}}
=={{etimologia}}==
: Do latim ''quantu''.
==Ver também==
===No Wikcionário===
{{verTambém.Ini}}
* [[elétron]]
{{verTambém.NovaColuna}}
* [[quantum de acção]]
{{verTambém.Fim}}
[[Categoria:Substantivo (Português)]]
[[Categoria:Vocábulo com etimologia (Português)]]

=Francês=
==Substantivo==
'''quantum'''
# {{escopoCatLang|Física|fr}} [[quantum#Português|quantum]]
[[Categoria:Substantivo (Francês)]]

=Holandês=
==Substantivo==
'''quantum'''
# {{escopoCatLang|Física|nl}} [[quantum#Português|quantum]]
[[Categoria:Substantivo (Holandês)]]

=Inglês=
==Substantivo==
'''quantum'''
# {{escopoCatLang|Física|en}} [[quantum#Português|quantum]]
[[Categoria:Substantivo (Inglês)]]

=Italiano=
==Substantivo==
'''quantum'''
# {{escopoCatLang|Física|it}} [[quantum#Português|quantum]]
[[Categoria:Substantivo (Italiano)]]

[[el:quantum]]
[[en:quantum]]
[[es:quantum]]
[[et:quantum]]
[[fi:quantum]]
[[fr:quantum]]
[[gl:quantum]]
[[hu:quantum]]
[[hy:quantum]]
[[io:quantum]]
[[kk:quantum]]
[[kn:quantum]]
[[la:quantum]]
[[nl:quantum]]
[[pl:quantum]]
[[ru:quantum]]
[[sv:quantum]]
[[ta:quantum]]
[[te:quantum]]
[[vi:quantum]]
[[zh:quantum]]</text>
<sha1>cq9f9x7z8anbfqgaw1toqx9u8xhnvhd</sha1>
</revision>
<revision>
<id>984816</id>
<parentid>884428</parentid>
<timestamp>2010-11-22T12:15:58Z</timestamp>
<contributor>
<username>ArthurBot</username>
<id>13550</id>
</contributor>
<minor />
<comment>Bot: Adicionando: [[fa:quantum]]</comment>
<model>wikitext</model>
<format>text/x-wiki</format>
<text bytes="1866" xml:space="preserve">{{wikipedia}}
=Português=
==Substantivo==
{{flex.pt.masculino|s=quantum|p=quanta}}
{{paroxítona|quan|tum}}
# {{escopoCatLang|Física|pt}} [[quantidade]] de [[energia]] [[eletromagnético|eletromagnética]] [[indivisível]]; quantidade de energia que um [[elétron]] [[emitir|emite]] ou [[absorver|absorve]] ao [[saltar]] de uma [[órbita]] [[estacionário|estacionária]] para outra
===Tradução===
{{tradini}}
* {{trad|de|Quant}}
* {{trad|hy|որչափություն|քվանտ}}
* {{trad|kk|квант}}
* {{trad|es|cuanto}}
* {{trad|fr|quantum}}
{{tradmeio}}
* {{trad|el|κβάντωση}}
* {{trad|nl|quantum}}
* {{trad|en|quantum}}
* {{trad|it|quantum}}
* {{trad|tr|kuvantum}}
{{tradfim}}
=={{etimologia}}==
: Do latim ''quantu''.
==Ver também==
===No Wikcionário===
{{verTambém.Ini}}
* [[elétron]]
{{verTambém.NovaColuna}}
* [[quantum de acção]]
{{verTambém.Fim}}
[[Categoria:Substantivo (Português)]]
[[Categoria:Vocábulo com etimologia (Português)]]

=Francês=
==Substantivo==
'''quantum'''
# {{escopoCatLang|Física|fr}} [[quantum#Português|quantum]]
[[Categoria:Substantivo (Francês)]]

=Holandês=
==Substantivo==
'''quantum'''
# {{escopoCatLang|Física|nl}} [[quantum#Português|quantum]]
[[Categoria:Substantivo (Holandês)]]

=Inglês=
==Substantivo==
'''quantum'''
# {{escopoCatLang|Física|en}} [[quantum#Português|quantum]]
[[Categoria:Substantivo (Inglês)]]

=Italiano=
==Substantivo==
'''quantum'''
# {{escopoCatLang|Física|it}} [[quantum#Português|quantum]]
[[Categoria:Substantivo (Italiano)]]

[[el:quantum]]
[[en:quantum]]
[[es:quantum]]
[[et:quantum]]
[[fa:quantum]]
[[fi:quantum]]
[[fr:quantum]]
[[gl:quantum]]
[[hu:quantum]]
[[hy:quantum]]
[[io:quantum]]
[[kk:quantum]]
[[kn:quantum]]
[[la:quantum]]
[[nl:quantum]]
[[pl:quantum]]
[[ru:quantum]]
[[sv:quantum]]
[[ta:quantum]]
[[te:quantum]]
[[vi:quantum]]
[[zh:quantum]]</text>
<sha1>26w08svtjn9kg30um2v41xn1bawqs1w</sha1>
</revision>
<revision>
<id>1194857</id>
<parentid>984816</parentid>
<timestamp>2011-07-08T23:31:12Z</timestamp>
<contributor>
<username>MalafayaBot</username>
<id>628</id>
</contributor>
<minor />
<comment>Robô: Substituição de texto automática (-^\=\s?Português\s?\= +={{-pt-}}= &amp; -^\=\s?\{\{pt\}\}\s?\= +={{-pt-}}=)</comment>
<model>wikitext</model>
<format>text/x-wiki</format>
<text bytes="1864" xml:space="preserve">{{wikipedia}}
={{-pt-}}=
==Substantivo==
{{flex.pt.masculino|s=quantum|p=quanta}}
{{paroxítona|quan|tum}}
# {{escopoCatLang|Física|pt}} [[quantidade]] de [[energia]] [[eletromagnético|eletromagnética]] [[indivisível]]; quantidade de energia que um [[elétron]] [[emitir|emite]] ou [[absorver|absorve]] ao [[saltar]] de uma [[órbita]] [[estacionário|estacionária]] para outra
===Tradução===
{{tradini}}
* {{trad|de|Quant}}
* {{trad|hy|որչափություն|քվանտ}}
* {{trad|kk|квант}}
* {{trad|es|cuanto}}
* {{trad|fr|quantum}}
{{tradmeio}}
* {{trad|el|κβάντωση}}
* {{trad|nl|quantum}}
* {{trad|en|quantum}}
* {{trad|it|quantum}}
* {{trad|tr|kuvantum}}
{{tradfim}}
=={{etimologia}}==
: Do latim ''quantu''.
==Ver também==
===No Wikcionário===
{{verTambém.Ini}}
* [[elétron]]
{{verTambém.NovaColuna}}
* [[quantum de acção]]
{{verTambém.Fim}}
[[Categoria:Substantivo (Português)]]
[[Categoria:Vocábulo com etimologia (Português)]]

=Francês=
==Substantivo==
'''quantum'''
# {{escopoCatLang|Física|fr}} [[quantum#Português|quantum]]
[[Categoria:Substantivo (Francês)]]

=Holandês=
==Substantivo==
'''quantum'''
# {{escopoCatLang|Física|nl}} [[quantum#Português|quantum]]
[[Categoria:Substantivo (Holandês)]]

=Inglês=
==Substantivo==
'''quantum'''
# {{escopoCatLang|Física|en}} [[quantum#Português|quantum]]
[[Categoria:Substantivo (Inglês)]]

=Italiano=
==Substantivo==
'''quantum'''
# {{escopoCatLang|Física|it}} [[quantum#Português|quantum]]
[[Categoria:Substantivo (Italiano)]]

[[el:quantum]]
[[en:quantum]]
[[es:quantum]]
[[et:quantum]]
[[fa:quantum]]
[[fi:quantum]]
[[fr:quantum]]
[[gl:quantum]]
[[hu:quantum]]
[[hy:quantum]]
[[io:quantum]]
[[kk:quantum]]
[[kn:quantum]]
[[la:quantum]]
[[nl:quantum]]
[[pl:quantum]]
[[ru:quantum]]
[[sv:quantum]]
[[ta:quantum]]
[[te:quantum]]
[[vi:quantum]]
[[zh:quantum]]</text>
<sha1>cd8mv8nwbkbnh48x2pnxpga3c2zgsz9</sha1>
</revision>
<revision>
<id>1218677</id>
<parentid>1194857</parentid>
<timestamp>2011-07-10T22:47:41Z</timestamp>
<contributor>
<username>MalafayaBot</username>
<id>628</id>
</contributor>
<minor />
<comment>Robô: Substituição de texto automática (-^\=\s?Francês\s?\= +={{-fr-}}= &amp; -^\=\s?\[\[Francês\]\]\s?\= +={{-fr-}}= &amp; -^\=\s?\{\{fr\}\}\s?\= +={{-fr-}}=)</comment>
<model>wikitext</model>
<format>text/x-wiki</format>
<text bytes="1864" xml:space="preserve">{{wikipedia}}
={{-pt-}}=
==Substantivo==
{{flex.pt.masculino|s=quantum|p=quanta}}
{{paroxítona|quan|tum}}
# {{escopoCatLang|Física|pt}} [[quantidade]] de [[energia]] [[eletromagnético|eletromagnética]] [[indivisível]]; quantidade de energia que um [[elétron]] [[emitir|emite]] ou [[absorver|absorve]] ao [[saltar]] de uma [[órbita]] [[estacionário|estacionária]] para outra
===Tradução===
{{tradini}}
* {{trad|de|Quant}}
* {{trad|hy|որչափություն|քվանտ}}
* {{trad|kk|квант}}
* {{trad|es|cuanto}}
* {{trad|fr|quantum}}
{{tradmeio}}
* {{trad|el|κβάντωση}}
* {{trad|nl|quantum}}
* {{trad|en|quantum}}
* {{trad|it|quantum}}
* {{trad|tr|kuvantum}}
{{tradfim}}
=={{etimologia}}==
: Do latim ''quantu''.
==Ver também==
===No Wikcionário===
{{verTambém.Ini}}
* [[elétron]]
{{verTambém.NovaColuna}}
* [[quantum de acção]]
{{verTambém.Fim}}
[[Categoria:Substantivo (Português)]]
[[Categoria:Vocábulo com etimologia (Português)]]

={{-fr-}}=
==Substantivo==
'''quantum'''
# {{escopoCatLang|Física|fr}} [[quantum#Português|quantum]]
[[Categoria:Substantivo (Francês)]]

=Holandês=
==Substantivo==
'''quantum'''
# {{escopoCatLang|Física|nl}} [[quantum#Português|quantum]]
[[Categoria:Substantivo (Holandês)]]

=Inglês=
==Substantivo==
'''quantum'''
# {{escopoCatLang|Física|en}} [[quantum#Português|quantum]]
[[Categoria:Substantivo (Inglês)]]

=Italiano=
==Substantivo==
'''quantum'''
# {{escopoCatLang|Física|it}} [[quantum#Português|quantum]]
[[Categoria:Substantivo (Italiano)]]

[[el:quantum]]
[[en:quantum]]
[[es:quantum]]
[[et:quantum]]
[[fa:quantum]]
[[fi:quantum]]
[[fr:quantum]]
[[gl:quantum]]
[[hu:quantum]]
[[hy:quantum]]
[[io:quantum]]
[[kk:quantum]]
[[kn:quantum]]
[[la:quantum]]
[[nl:quantum]]
[[pl:quantum]]
[[ru:quantum]]
[[sv:quantum]]
[[ta:quantum]]
[[te:quantum]]
[[vi:quantum]]
[[zh:quantum]]</text>
<sha1>bs1mv2uqdxw4jfnbjjxg3hbm0buf80f</sha1>
</revision>
<revision>
<id>1283361</id>
<parentid>1218677</parentid>
<timestamp>2011-11-17T15:22:15Z</timestamp>
<contributor>
<username>MalafayaBot</username>
<id>628</id>
</contributor>
<minor />
<comment>Robô: Substituição de texto automática (-\=(\s*?)Inglês(\s*?)\= +={{-en-}}=)</comment>
<model>wikitext</model>
<format>text/x-wiki</format>
<text bytes="1865" xml:space="preserve">{{wikipedia}}
={{-pt-}}=
==Substantivo==
{{flex.pt.masculino|s=quantum|p=quanta}}
{{paroxítona|quan|tum}}
# {{escopoCatLang|Física|pt}} [[quantidade]] de [[energia]] [[eletromagnético|eletromagnética]] [[indivisível]]; quantidade de energia que um [[elétron]] [[emitir|emite]] ou [[absorver|absorve]] ao [[saltar]] de uma [[órbita]] [[estacionário|estacionária]] para outra
===Tradução===
{{tradini}}
* {{trad|de|Quant}}
* {{trad|hy|որչափություն|քվանտ}}
* {{trad|kk|квант}}
* {{trad|es|cuanto}}
* {{trad|fr|quantum}}
{{tradmeio}}
* {{trad|el|κβάντωση}}
* {{trad|nl|quantum}}
* {{trad|en|quantum}}
* {{trad|it|quantum}}
* {{trad|tr|kuvantum}}
{{tradfim}}
=={{etimologia}}==
: Do latim ''quantu''.
==Ver também==
===No Wikcionário===
{{verTambém.Ini}}
* [[elétron]]
{{verTambém.NovaColuna}}
* [[quantum de acção]]
{{verTambém.Fim}}
[[Categoria:Substantivo (Português)]]
[[Categoria:Vocábulo com etimologia (Português)]]

={{-fr-}}=
==Substantivo==
'''quantum'''
# {{escopoCatLang|Física|fr}} [[quantum#Português|quantum]]
[[Categoria:Substantivo (Francês)]]

=Holandês=
==Substantivo==
'''quantum'''
# {{escopoCatLang|Física|nl}} [[quantum#Português|quantum]]
[[Categoria:Substantivo (Holandês)]]

={{-en-}}=
==Substantivo==
'''quantum'''
# {{escopoCatLang|Física|en}} [[quantum#Português|quantum]]
[[Categoria:Substantivo (Inglês)]]

=Italiano=
==Substantivo==
'''quantum'''
# {{escopoCatLang|Física|it}} [[quantum#Português|quantum]]
[[Categoria:Substantivo (Italiano)]]

[[el:quantum]]
[[en:quantum]]
[[es:quantum]]
[[et:quantum]]
[[fa:quantum]]
[[fi:quantum]]
[[fr:quantum]]
[[gl:quantum]]
[[hu:quantum]]
[[hy:quantum]]
[[io:quantum]]
[[kk:quantum]]
[[kn:quantum]]
[[la:quantum]]
[[nl:quantum]]
[[pl:quantum]]
[[ru:quantum]]
[[sv:quantum]]
[[ta:quantum]]
[[te:quantum]]
[[vi:quantum]]
[[zh:quantum]]</text>
<sha1>48ws20xvb5seosyhulursv6ki94im6a</sha1>
</revision>
<revision>
<id>1290359</id>
<parentid>1283361</parentid>
<timestamp>2011-11-18T22:24:05Z</timestamp>
<contributor>
<username>MalafayaBot</username>
<id>628</id>
</contributor>
<minor />
<comment>Robô: Substituição de texto automática (-^\=(\s*?)Italiano(\s*?)\= +={{-it-}}= &amp; -^\=(\s*?)\{\{it\}\}(\s*?)\= +={{-it-}}=)</comment>
<model>wikitext</model>
<format>text/x-wiki</format>
<text bytes="1865" xml:space="preserve">{{wikipedia}}
={{-pt-}}=
==Substantivo==
{{flex.pt.masculino|s=quantum|p=quanta}}
{{paroxítona|quan|tum}}
# {{escopoCatLang|Física|pt}} [[quantidade]] de [[energia]] [[eletromagnético|eletromagnética]] [[indivisível]]; quantidade de energia que um [[elétron]] [[emitir|emite]] ou [[absorver|absorve]] ao [[saltar]] de uma [[órbita]] [[estacionário|estacionária]] para outra
===Tradução===
{{tradini}}
* {{trad|de|Quant}}
* {{trad|hy|որչափություն|քվանտ}}
* {{trad|kk|квант}}
* {{trad|es|cuanto}}
* {{trad|fr|quantum}}
{{tradmeio}}
* {{trad|el|κβάντωση}}
* {{trad|nl|quantum}}
* {{trad|en|quantum}}
* {{trad|it|quantum}}
* {{trad|tr|kuvantum}}
{{tradfim}}
=={{etimologia}}==
: Do latim ''quantu''.
==Ver também==
===No Wikcionário===
{{verTambém.Ini}}
* [[elétron]]
{{verTambém.NovaColuna}}
* [[quantum de acção]]
{{verTambém.Fim}}
[[Categoria:Substantivo (Português)]]
[[Categoria:Vocábulo com etimologia (Português)]]

={{-fr-}}=
==Substantivo==
'''quantum'''
# {{escopoCatLang|Física|fr}} [[quantum#Português|quantum]]
[[Categoria:Substantivo (Francês)]]

=Holandês=
==Substantivo==
'''quantum'''
# {{escopoCatLang|Física|nl}} [[quantum#Português|quantum]]
[[Categoria:Substantivo (Holandês)]]

={{-en-}}=
==Substantivo==
'''quantum'''
# {{escopoCatLang|Física|en}} [[quantum#Português|quantum]]
[[Categoria:Substantivo (Inglês)]]

={{-it-}}=
==Substantivo==
'''quantum'''
# {{escopoCatLang|Física|it}} [[quantum#Português|quantum]]
[[Categoria:Substantivo (Italiano)]]

[[el:quantum]]
[[en:quantum]]
[[es:quantum]]
[[et:quantum]]
[[fa:quantum]]
[[fi:quantum]]
[[fr:quantum]]
[[gl:quantum]]
[[hu:quantum]]
[[hy:quantum]]
[[io:quantum]]
[[kk:quantum]]
[[kn:quantum]]
[[la:quantum]]
[[nl:quantum]]
[[pl:quantum]]
[[ru:quantum]]
[[sv:quantum]]
[[ta:quantum]]
[[te:quantum]]
[[vi:quantum]]
[[zh:quantum]]</text>
<sha1>qns08xp9glrmv5k6sukfioyzy07ffzi</sha1>
</revision>
<revision>
<id>1302899</id>
<parentid>1290359</parentid>
<timestamp>2011-11-26T19:42:30Z</timestamp>
<contributor>
<username>MalafayaBot</username>
<id>628</id>
</contributor>
<minor />
<comment>r2.7.2) (Robô: A adicionar: [[ko:quantum]], [[my:quantum]]</comment>
<model>wikitext</model>
<format>text/x-wiki</format>
<text bytes="1895" xml:space="preserve">{{wikipedia}}
={{-pt-}}=
==Substantivo==
{{flex.pt.masculino|s=quantum|p=quanta}}
{{paroxítona|quan|tum}}
# {{escopoCatLang|Física|pt}} [[quantidade]] de [[energia]] [[eletromagnético|eletromagnética]] [[indivisível]]; quantidade de energia que um [[elétron]] [[emitir|emite]] ou [[absorver|absorve]] ao [[saltar]] de uma [[órbita]] [[estacionário|estacionária]] para outra
===Tradução===
{{tradini}}
* {{trad|de|Quant}}
* {{trad|hy|որչափություն|քվանտ}}
* {{trad|kk|квант}}
* {{trad|es|cuanto}}
* {{trad|fr|quantum}}
{{tradmeio}}
* {{trad|el|κβάντωση}}
* {{trad|nl|quantum}}
* {{trad|en|quantum}}
* {{trad|it|quantum}}
* {{trad|tr|kuvantum}}
{{tradfim}}
=={{etimologia}}==
: Do latim ''quantu''.
==Ver também==
===No Wikcionário===
{{verTambém.Ini}}
* [[elétron]]
{{verTambém.NovaColuna}}
* [[quantum de acção]]
{{verTambém.Fim}}
[[Categoria:Substantivo (Português)]]
[[Categoria:Vocábulo com etimologia (Português)]]

={{-fr-}}=
==Substantivo==
'''quantum'''
# {{escopoCatLang|Física|fr}} [[quantum#Português|quantum]]
[[Categoria:Substantivo (Francês)]]

=Holandês=
==Substantivo==
'''quantum'''
# {{escopoCatLang|Física|nl}} [[quantum#Português|quantum]]
[[Categoria:Substantivo (Holandês)]]

={{-en-}}=
==Substantivo==
'''quantum'''
# {{escopoCatLang|Física|en}} [[quantum#Português|quantum]]
[[Categoria:Substantivo (Inglês)]]

={{-it-}}=
==Substantivo==
'''quantum'''
# {{escopoCatLang|Física|it}} [[quantum#Português|quantum]]
[[Categoria:Substantivo (Italiano)]]

[[el:quantum]]
[[en:quantum]]
[[es:quantum]]
[[et:quantum]]
[[fa:quantum]]
[[fi:quantum]]
[[fr:quantum]]
[[gl:quantum]]
[[hu:quantum]]
[[hy:quantum]]
[[io:quantum]]
[[kk:quantum]]
[[kn:quantum]]
[[ko:quantum]]
[[la:quantum]]
[[my:quantum]]
[[nl:quantum]]
[[pl:quantum]]
[[ru:quantum]]
[[sv:quantum]]
[[ta:quantum]]
[[te:quantum]]
[[vi:quantum]]
[[zh:quantum]]</text>
<sha1>779nryplv230gts16v7h7dk0nz372s1</sha1>
</revision>
<revision>
<id>1315735</id>
<parentid>1302899</parentid>
<timestamp>2011-12-02T12:41:30Z</timestamp>
<contributor>
<username>MalafayaBot</username>
<id>628</id>
</contributor>
<minor />
<comment>Robô: Substituição de texto automática (-^\=(\s*?)(\{\{nl\}\}|Holandês)(\s*?)\= +={{-nl-}}=)</comment>
<model>wikitext</model>
<format>text/x-wiki</format>
<text bytes="1894" xml:space="preserve">{{wikipedia}}
={{-pt-}}=
==Substantivo==
{{flex.pt.masculino|s=quantum|p=quanta}}
{{paroxítona|quan|tum}}
# {{escopoCatLang|Física|pt}} [[quantidade]] de [[energia]] [[eletromagnético|eletromagnética]] [[indivisível]]; quantidade de energia que um [[elétron]] [[emitir|emite]] ou [[absorver|absorve]] ao [[saltar]] de uma [[órbita]] [[estacionário|estacionária]] para outra
===Tradução===
{{tradini}}
* {{trad|de|Quant}}
* {{trad|hy|որչափություն|քվանտ}}
* {{trad|kk|квант}}
* {{trad|es|cuanto}}
* {{trad|fr|quantum}}
{{tradmeio}}
* {{trad|el|κβάντωση}}
* {{trad|nl|quantum}}
* {{trad|en|quantum}}
* {{trad|it|quantum}}
* {{trad|tr|kuvantum}}
{{tradfim}}
=={{etimologia}}==
: Do latim ''quantu''.
==Ver também==
===No Wikcionário===
{{verTambém.Ini}}
* [[elétron]]
{{verTambém.NovaColuna}}
* [[quantum de acção]]
{{verTambém.Fim}}
[[Categoria:Substantivo (Português)]]
[[Categoria:Vocábulo com etimologia (Português)]]

={{-fr-}}=
==Substantivo==
'''quantum'''
# {{escopoCatLang|Física|fr}} [[quantum#Português|quantum]]
[[Categoria:Substantivo (Francês)]]

={{-nl-}}=
==Substantivo==
'''quantum'''
# {{escopoCatLang|Física|nl}} [[quantum#Português|quantum]]
[[Categoria:Substantivo (Holandês)]]

={{-en-}}=
==Substantivo==
'''quantum'''
# {{escopoCatLang|Física|en}} [[quantum#Português|quantum]]
[[Categoria:Substantivo (Inglês)]]

={{-it-}}=
==Substantivo==
'''quantum'''
# {{escopoCatLang|Física|it}} [[quantum#Português|quantum]]
[[Categoria:Substantivo (Italiano)]]

[[el:quantum]]
[[en:quantum]]
[[es:quantum]]
[[et:quantum]]
[[fa:quantum]]
[[fi:quantum]]
[[fr:quantum]]
[[gl:quantum]]
[[hu:quantum]]
[[hy:quantum]]
[[io:quantum]]
[[kk:quantum]]
[[kn:quantum]]
[[ko:quantum]]
[[la:quantum]]
[[my:quantum]]
[[nl:quantum]]
[[pl:quantum]]
[[ru:quantum]]
[[sv:quantum]]
[[ta:quantum]]
[[te:quantum]]
[[vi:quantum]]
[[zh:quantum]]</text>
<sha1>n9n1w15im9698ka2ozh1f0gpm028le6</sha1>
</revision>
<revision>
<id>1468771</id>
<parentid>1315735</parentid>
<timestamp>2012-09-24T06:07:02Z</timestamp>
<contributor>
<username>HydrizBot</username>
<id>29590</id>
</contributor>
<minor />
<comment>r2.7.3) (Robô: A adicionar: [[mg:quantum]]</comment>
<model>wikitext</model>
<format>text/x-wiki</format>
<text bytes="1909" xml:space="preserve">{{wikipedia}}
={{-pt-}}=
==Substantivo==
{{flex.pt.masculino|s=quantum|p=quanta}}
{{paroxítona|quan|tum}}
# {{escopoCatLang|Física|pt}} [[quantidade]] de [[energia]] [[eletromagnético|eletromagnética]] [[indivisível]]; quantidade de energia que um [[elétron]] [[emitir|emite]] ou [[absorver|absorve]] ao [[saltar]] de uma [[órbita]] [[estacionário|estacionária]] para outra
===Tradução===
{{tradini}}
* {{trad|de|Quant}}
* {{trad|hy|որչափություն|քվանտ}}
* {{trad|kk|квант}}
* {{trad|es|cuanto}}
* {{trad|fr|quantum}}
{{tradmeio}}
* {{trad|el|κβάντωση}}
* {{trad|nl|quantum}}
* {{trad|en|quantum}}
* {{trad|it|quantum}}
* {{trad|tr|kuvantum}}
{{tradfim}}
=={{etimologia}}==
: Do latim ''quantu''.
==Ver também==
===No Wikcionário===
{{verTambém.Ini}}
* [[elétron]]
{{verTambém.NovaColuna}}
* [[quantum de acção]]
{{verTambém.Fim}}
[[Categoria:Substantivo (Português)]]
[[Categoria:Vocábulo com etimologia (Português)]]

={{-fr-}}=
==Substantivo==
'''quantum'''
# {{escopoCatLang|Física|fr}} [[quantum#Português|quantum]]
[[Categoria:Substantivo (Francês)]]

={{-nl-}}=
==Substantivo==
'''quantum'''
# {{escopoCatLang|Física|nl}} [[quantum#Português|quantum]]
[[Categoria:Substantivo (Holandês)]]

={{-en-}}=
==Substantivo==
'''quantum'''
# {{escopoCatLang|Física|en}} [[quantum#Português|quantum]]
[[Categoria:Substantivo (Inglês)]]

={{-it-}}=
==Substantivo==
'''quantum'''
# {{escopoCatLang|Física|it}} [[quantum#Português|quantum]]
[[Categoria:Substantivo (Italiano)]]

[[el:quantum]]
[[en:quantum]]
[[es:quantum]]
[[et:quantum]]
[[fa:quantum]]
[[fi:quantum]]
[[fr:quantum]]
[[gl:quantum]]
[[hu:quantum]]
[[hy:quantum]]
[[io:quantum]]
[[kk:quantum]]
[[kn:quantum]]
[[ko:quantum]]
[[la:quantum]]
[[mg:quantum]]
[[my:quantum]]
[[nl:quantum]]
[[pl:quantum]]
[[ru:quantum]]
[[sv:quantum]]
[[ta:quantum]]
[[te:quantum]]
[[vi:quantum]]
[[zh:quantum]]</text>
<sha1>2jxfftdpm7bpzobgchtjkjx57idtpmi</sha1>
</revision>
<revision>
<id>1485024</id>
<parentid>1468771</parentid>
<timestamp>2012-10-20T05:06:14Z</timestamp>
<contributor>
<username>VJBot</username>
<id>33673</id>
</contributor>
<minor />
<comment>Robô: Substituição de texto automática  (-{{wikipedia}} +{{Wikipédia}})</comment>
<model>wikitext</model>
<format>text/x-wiki</format>
<text bytes="1910" xml:space="preserve">{{Wikipédia}}
={{-pt-}}=
==Substantivo==
{{flex.pt.masculino|s=quantum|p=quanta}}
{{paroxítona|quan|tum}}
# {{escopoCatLang|Física|pt}} [[quantidade]] de [[energia]] [[eletromagnético|eletromagnética]] [[indivisível]]; quantidade de energia que um [[elétron]] [[emitir|emite]] ou [[absorver|absorve]] ao [[saltar]] de uma [[órbita]] [[estacionário|estacionária]] para outra
===Tradução===
{{tradini}}
* {{trad|de|Quant}}
* {{trad|hy|որչափություն|քվանտ}}
* {{trad|kk|квант}}
* {{trad|es|cuanto}}
* {{trad|fr|quantum}}
{{tradmeio}}
* {{trad|el|κβάντωση}}
* {{trad|nl|quantum}}
* {{trad|en|quantum}}
* {{trad|it|quantum}}
* {{trad|tr|kuvantum}}
{{tradfim}}
=={{etimologia}}==
: Do latim ''quantu''.
==Ver também==
===No Wikcionário===
{{verTambém.Ini}}
* [[elétron]]
{{verTambém.NovaColuna}}
* [[quantum de acção]]
{{verTambém.Fim}}
[[Categoria:Substantivo (Português)]]
[[Categoria:Vocábulo com etimologia (Português)]]

={{-fr-}}=
==Substantivo==
'''quantum'''
# {{escopoCatLang|Física|fr}} [[quantum#Português|quantum]]
[[Categoria:Substantivo (Francês)]]

={{-nl-}}=
==Substantivo==
'''quantum'''
# {{escopoCatLang|Física|nl}} [[quantum#Português|quantum]]
[[Categoria:Substantivo (Holandês)]]

={{-en-}}=
==Substantivo==
'''quantum'''
# {{escopoCatLang|Física|en}} [[quantum#Português|quantum]]
[[Categoria:Substantivo (Inglês)]]

={{-it-}}=
==Substantivo==
'''quantum'''
# {{escopoCatLang|Física|it}} [[quantum#Português|quantum]]
[[Categoria:Substantivo (Italiano)]]

[[el:quantum]]
[[en:quantum]]
[[es:quantum]]
[[et:quantum]]
[[fa:quantum]]
[[fi:quantum]]
[[fr:quantum]]
[[gl:quantum]]
[[hu:quantum]]
[[hy:quantum]]
[[io:quantum]]
[[kk:quantum]]
[[kn:quantum]]
[[ko:quantum]]
[[la:quantum]]
[[mg:quantum]]
[[my:quantum]]
[[nl:quantum]]
[[pl:quantum]]
[[ru:quantum]]
[[sv:quantum]]
[[ta:quantum]]
[[te:quantum]]
[[vi:quantum]]
[[zh:quantum]]</text>
<sha1>70pv04n14rm8ae86lohm6bgsumtqwwf</sha1>
</revision>
<revision>
<id>1561568</id>
<parentid>1485024</parentid>
<timestamp>2012-12-17T19:04:51Z</timestamp>
<contributor>
<username>JAnDbot</username>
<id>25083</id>
</contributor>
<minor />
<comment>r2.7.2) (Robô: A adicionar: [[eu:quantum]]</comment>
<model>wikitext</model>
<format>text/x-wiki</format>
<text bytes="1925" xml:space="preserve">{{Wikipédia}}
={{-pt-}}=
==Substantivo==
{{flex.pt.masculino|s=quantum|p=quanta}}
{{paroxítona|quan|tum}}
# {{escopoCatLang|Física|pt}} [[quantidade]] de [[energia]] [[eletromagnético|eletromagnética]] [[indivisível]]; quantidade de energia que um [[elétron]] [[emitir|emite]] ou [[absorver|absorve]] ao [[saltar]] de uma [[órbita]] [[estacionário|estacionária]] para outra
===Tradução===
{{tradini}}
* {{trad|de|Quant}}
* {{trad|hy|որչափություն|քվանտ}}
* {{trad|kk|квант}}
* {{trad|es|cuanto}}
* {{trad|fr|quantum}}
{{tradmeio}}
* {{trad|el|κβάντωση}}
* {{trad|nl|quantum}}
* {{trad|en|quantum}}
* {{trad|it|quantum}}
* {{trad|tr|kuvantum}}
{{tradfim}}
=={{etimologia}}==
: Do latim ''quantu''.
==Ver também==
===No Wikcionário===
{{verTambém.Ini}}
* [[elétron]]
{{verTambém.NovaColuna}}
* [[quantum de acção]]
{{verTambém.Fim}}
[[Categoria:Substantivo (Português)]]
[[Categoria:Vocábulo com etimologia (Português)]]

={{-fr-}}=
==Substantivo==
'''quantum'''
# {{escopoCatLang|Física|fr}} [[quantum#Português|quantum]]
[[Categoria:Substantivo (Francês)]]

={{-nl-}}=
==Substantivo==
'''quantum'''
# {{escopoCatLang|Física|nl}} [[quantum#Português|quantum]]
[[Categoria:Substantivo (Holandês)]]

={{-en-}}=
==Substantivo==
'''quantum'''
# {{escopoCatLang|Física|en}} [[quantum#Português|quantum]]
[[Categoria:Substantivo (Inglês)]]

={{-it-}}=
==Substantivo==
'''quantum'''
# {{escopoCatLang|Física|it}} [[quantum#Português|quantum]]
[[Categoria:Substantivo (Italiano)]]

[[el:quantum]]
[[en:quantum]]
[[es:quantum]]
[[et:quantum]]
[[eu:quantum]]
[[fa:quantum]]
[[fi:quantum]]
[[fr:quantum]]
[[gl:quantum]]
[[hu:quantum]]
[[hy:quantum]]
[[io:quantum]]
[[kk:quantum]]
[[kn:quantum]]
[[ko:quantum]]
[[la:quantum]]
[[mg:quantum]]
[[my:quantum]]
[[nl:quantum]]
[[pl:quantum]]
[[ru:quantum]]
[[sv:quantum]]
[[ta:quantum]]
[[te:quantum]]
[[vi:quantum]]
[[zh:quantum]]</text>
<sha1>gcue2x1180wvzoobqr663190h3dy70x</sha1>
</revision>
<revision>
<id>1606732</id>
<parentid>1561568</parentid>
<timestamp>2013-01-19T22:02:11Z</timestamp>
<contributor>
<username>MalafayaBot</username>
<id>628</id>
</contributor>
<minor />
<comment>Robô: A modificar Categoria:Vocábulo com etimologia (Português) para Categoria:Entrada com etimologia (Português)</comment>
<model>wikitext</model>
<format>text/x-wiki</format>
<text bytes="1923" xml:space="preserve">{{Wikipédia}}
={{-pt-}}=
==Substantivo==
{{flex.pt.masculino|s=quantum|p=quanta}}
{{paroxítona|quan|tum}}
# {{escopoCatLang|Física|pt}} [[quantidade]] de [[energia]] [[eletromagnético|eletromagnética]] [[indivisível]]; quantidade de energia que um [[elétron]] [[emitir|emite]] ou [[absorver|absorve]] ao [[saltar]] de uma [[órbita]] [[estacionário|estacionária]] para outra
===Tradução===
{{tradini}}
* {{trad|de|Quant}}
* {{trad|hy|որչափություն|քվանտ}}
* {{trad|kk|квант}}
* {{trad|es|cuanto}}
* {{trad|fr|quantum}}
{{tradmeio}}
* {{trad|el|κβάντωση}}
* {{trad|nl|quantum}}
* {{trad|en|quantum}}
* {{trad|it|quantum}}
* {{trad|tr|kuvantum}}
{{tradfim}}
=={{etimologia}}==
: Do latim ''quantu''.
==Ver também==
===No Wikcionário===
{{verTambém.Ini}}
* [[elétron]]
{{verTambém.NovaColuna}}
* [[quantum de acção]]
{{verTambém.Fim}}
[[Categoria:Substantivo (Português)]]
[[Categoria:Entrada com etimologia (Português)]]

={{-fr-}}=
==Substantivo==
'''quantum'''
# {{escopoCatLang|Física|fr}} [[quantum#Português|quantum]]
[[Categoria:Substantivo (Francês)]]

={{-nl-}}=
==Substantivo==
'''quantum'''
# {{escopoCatLang|Física|nl}} [[quantum#Português|quantum]]
[[Categoria:Substantivo (Holandês)]]

={{-en-}}=
==Substantivo==
'''quantum'''
# {{escopoCatLang|Física|en}} [[quantum#Português|quantum]]
[[Categoria:Substantivo (Inglês)]]

={{-it-}}=
==Substantivo==
'''quantum'''
# {{escopoCatLang|Física|it}} [[quantum#Português|quantum]]
[[Categoria:Substantivo (Italiano)]]

[[el:quantum]]
[[en:quantum]]
[[es:quantum]]
[[et:quantum]]
[[eu:quantum]]
[[fa:quantum]]
[[fi:quantum]]
[[fr:quantum]]
[[gl:quantum]]
[[hu:quantum]]
[[hy:quantum]]
[[io:quantum]]
[[kk:quantum]]
[[kn:quantum]]
[[ko:quantum]]
[[la:quantum]]
[[mg:quantum]]
[[my:quantum]]
[[nl:quantum]]
[[pl:quantum]]
[[ru:quantum]]
[[sv:quantum]]
[[ta:quantum]]
[[te:quantum]]
[[vi:quantum]]
[[zh:quantum]]</text>
<sha1>tlgrkktrv67d9mwpq5n5jaq5qmdsluk</sha1>
</revision>
<revision>
<id>1620691</id>
<parentid>1606732</parentid>
<timestamp>2013-01-23T11:40:37Z</timestamp>
<contributor>
<username>Makecat-bot</username>
<id>34248</id>
</contributor>
<minor />
<comment>r2.7.3) (Robô: A adicionar: [[it:quantum]], [[ml:quantum]]</comment>
<model>wikitext</model>
<format>text/x-wiki</format>
<text bytes="1953" xml:space="preserve">{{Wikipédia}}
={{-pt-}}=
==Substantivo==
{{flex.pt.masculino|s=quantum|p=quanta}}
{{paroxítona|quan|tum}}
# {{escopoCatLang|Física|pt}} [[quantidade]] de [[energia]] [[eletromagnético|eletromagnética]] [[indivisível]]; quantidade de energia que um [[elétron]] [[emitir|emite]] ou [[absorver|absorve]] ao [[saltar]] de uma [[órbita]] [[estacionário|estacionária]] para outra
===Tradução===
{{tradini}}
* {{trad|de|Quant}}
* {{trad|hy|որչափություն|քվանտ}}
* {{trad|kk|квант}}
* {{trad|es|cuanto}}
* {{trad|fr|quantum}}
{{tradmeio}}
* {{trad|el|κβάντωση}}
* {{trad|nl|quantum}}
* {{trad|en|quantum}}
* {{trad|it|quantum}}
* {{trad|tr|kuvantum}}
{{tradfim}}
=={{etimologia}}==
: Do latim ''quantu''.
==Ver também==
===No Wikcionário===
{{verTambém.Ini}}
* [[elétron]]
{{verTambém.NovaColuna}}
* [[quantum de acção]]
{{verTambém.Fim}}
[[Categoria:Substantivo (Português)]]
[[Categoria:Entrada com etimologia (Português)]]

={{-fr-}}=
==Substantivo==
'''quantum'''
# {{escopoCatLang|Física|fr}} [[quantum#Português|quantum]]
[[Categoria:Substantivo (Francês)]]

={{-nl-}}=
==Substantivo==
'''quantum'''
# {{escopoCatLang|Física|nl}} [[quantum#Português|quantum]]
[[Categoria:Substantivo (Holandês)]]

={{-en-}}=
==Substantivo==
'''quantum'''
# {{escopoCatLang|Física|en}} [[quantum#Português|quantum]]
[[Categoria:Substantivo (Inglês)]]

={{-it-}}=
==Substantivo==
'''quantum'''
# {{escopoCatLang|Física|it}} [[quantum#Português|quantum]]
[[Categoria:Substantivo (Italiano)]]

[[el:quantum]]
[[en:quantum]]
[[es:quantum]]
[[et:quantum]]
[[eu:quantum]]
[[fa:quantum]]
[[fi:quantum]]
[[fr:quantum]]
[[gl:quantum]]
[[hu:quantum]]
[[hy:quantum]]
[[io:quantum]]
[[it:quantum]]
[[kk:quantum]]
[[kn:quantum]]
[[ko:quantum]]
[[la:quantum]]
[[mg:quantum]]
[[ml:quantum]]
[[my:quantum]]
[[nl:quantum]]
[[pl:quantum]]
[[ru:quantum]]
[[sv:quantum]]
[[ta:quantum]]
[[te:quantum]]
[[vi:quantum]]
[[zh:quantum]]</text>
<sha1>op2vvjzsz47qj6lh70kitj83s9ytwo9</sha1>
</revision>
<revision>
<id>1715175</id>
<parentid>1620691</parentid>
<timestamp>2013-08-19T10:52:45Z</timestamp>
<contributor>
<username>HydrizBot</username>
<id>29590</id>
</contributor>
<minor />
<comment>r2.7.3) (Robô: A adicionar: [[chr:quantum]]</comment>
<model>wikitext</model>
<format>text/x-wiki</format>
<text bytes="1969" xml:space="preserve">{{Wikipédia}}
={{-pt-}}=
==Substantivo==
{{flex.pt.masculino|s=quantum|p=quanta}}
{{paroxítona|quan|tum}}
# {{escopoCatLang|Física|pt}} [[quantidade]] de [[energia]] [[eletromagnético|eletromagnética]] [[indivisível]]; quantidade de energia que um [[elétron]] [[emitir|emite]] ou [[absorver|absorve]] ao [[saltar]] de uma [[órbita]] [[estacionário|estacionária]] para outra
===Tradução===
{{tradini}}
* {{trad|de|Quant}}
* {{trad|hy|որչափություն|քվանտ}}
* {{trad|kk|квант}}
* {{trad|es|cuanto}}
* {{trad|fr|quantum}}
{{tradmeio}}
* {{trad|el|κβάντωση}}
* {{trad|nl|quantum}}
* {{trad|en|quantum}}
* {{trad|it|quantum}}
* {{trad|tr|kuvantum}}
{{tradfim}}
=={{etimologia}}==
: Do latim ''quantu''.
==Ver também==
===No Wikcionário===
{{verTambém.Ini}}
* [[elétron]]
{{verTambém.NovaColuna}}
* [[quantum de acção]]
{{verTambém.Fim}}
[[Categoria:Substantivo (Português)]]
[[Categoria:Entrada com etimologia (Português)]]

={{-fr-}}=
==Substantivo==
'''quantum'''
# {{escopoCatLang|Física|fr}} [[quantum#Português|quantum]]
[[Categoria:Substantivo (Francês)]]

={{-nl-}}=
==Substantivo==
'''quantum'''
# {{escopoCatLang|Física|nl}} [[quantum#Português|quantum]]
[[Categoria:Substantivo (Holandês)]]

={{-en-}}=
==Substantivo==
'''quantum'''
# {{escopoCatLang|Física|en}} [[quantum#Português|quantum]]
[[Categoria:Substantivo (Inglês)]]

={{-it-}}=
==Substantivo==
'''quantum'''
# {{escopoCatLang|Física|it}} [[quantum#Português|quantum]]
[[Categoria:Substantivo (Italiano)]]

[[chr:quantum]]
[[el:quantum]]
[[en:quantum]]
[[es:quantum]]
[[et:quantum]]
[[eu:quantum]]
[[fa:quantum]]
[[fi:quantum]]
[[fr:quantum]]
[[gl:quantum]]
[[hu:quantum]]
[[hy:quantum]]
[[io:quantum]]
[[it:quantum]]
[[kk:quantum]]
[[kn:quantum]]
[[ko:quantum]]
[[la:quantum]]
[[mg:quantum]]
[[ml:quantum]]
[[my:quantum]]
[[nl:quantum]]
[[pl:quantum]]
[[ru:quantum]]
[[sv:quantum]]
[[ta:quantum]]
[[te:quantum]]
[[vi:quantum]]
[[zh:quantum]]</text>
<sha1>37rtfxgqlsmvrxkg2enez4m9rii0g1m</sha1>
</revision>
<revision>
<id>1857985</id>
<parentid>1715175</parentid>
<timestamp>2014-09-15T03:55:56Z</timestamp>
<contributor>
<username>JAnDbot</username>
<id>25083</id>
</contributor>
<minor />
<comment>r2.7.3) (Robô: A adicionar: [[ku:quantum]]</comment>
<model>wikitext</model>
<format>text/x-wiki</format>
<text bytes="1984" xml:space="preserve">{{Wikipédia}}
={{-pt-}}=
==Substantivo==
{{flex.pt.masculino|s=quantum|p=quanta}}
{{paroxítona|quan|tum}}
# {{escopoCatLang|Física|pt}} [[quantidade]] de [[energia]] [[eletromagnético|eletromagnética]] [[indivisível]]; quantidade de energia que um [[elétron]] [[emitir|emite]] ou [[absorver|absorve]] ao [[saltar]] de uma [[órbita]] [[estacionário|estacionária]] para outra
===Tradução===
{{tradini}}
* {{trad|de|Quant}}
* {{trad|hy|որչափություն|քվանտ}}
* {{trad|kk|квант}}
* {{trad|es|cuanto}}
* {{trad|fr|quantum}}
{{tradmeio}}
* {{trad|el|κβάντωση}}
* {{trad|nl|quantum}}
* {{trad|en|quantum}}
* {{trad|it|quantum}}
* {{trad|tr|kuvantum}}
{{tradfim}}
=={{etimologia}}==
: Do latim ''quantu''.
==Ver também==
===No Wikcionário===
{{verTambém.Ini}}
* [[elétron]]
{{verTambém.NovaColuna}}
* [[quantum de acção]]
{{verTambém.Fim}}
[[Categoria:Substantivo (Português)]]
[[Categoria:Entrada com etimologia (Português)]]

={{-fr-}}=
==Substantivo==
'''quantum'''
# {{escopoCatLang|Física|fr}} [[quantum#Português|quantum]]
[[Categoria:Substantivo (Francês)]]

={{-nl-}}=
==Substantivo==
'''quantum'''
# {{escopoCatLang|Física|nl}} [[quantum#Português|quantum]]
[[Categoria:Substantivo (Holandês)]]

={{-en-}}=
==Substantivo==
'''quantum'''
# {{escopoCatLang|Física|en}} [[quantum#Português|quantum]]
[[Categoria:Substantivo (Inglês)]]

={{-it-}}=
==Substantivo==
'''quantum'''
# {{escopoCatLang|Física|it}} [[quantum#Português|quantum]]
[[Categoria:Substantivo (Italiano)]]

[[chr:quantum]]
[[el:quantum]]
[[en:quantum]]
[[es:quantum]]
[[et:quantum]]
[[eu:quantum]]
[[fa:quantum]]
[[fi:quantum]]
[[fr:quantum]]
[[gl:quantum]]
[[hu:quantum]]
[[hy:quantum]]
[[io:quantum]]
[[it:quantum]]
[[kk:quantum]]
[[kn:quantum]]
[[ko:quantum]]
[[ku:quantum]]
[[la:quantum]]
[[mg:quantum]]
[[ml:quantum]]
[[my:quantum]]
[[nl:quantum]]
[[pl:quantum]]
[[ru:quantum]]
[[sv:quantum]]
[[ta:quantum]]
[[te:quantum]]
[[vi:quantum]]
[[zh:quantum]]</text>
<sha1>37e1jqetl73hkfluvh48lat0r36bda2</sha1>
</revision>
<revision>
<id>2095517</id>
<parentid>1857985</parentid>
<timestamp>2016-05-01T18:15:08Z</timestamp>
<contributor>
<username>Defender</username>
<id>15952</id>
</contributor>
<comment>Verbete [[:Categoria:!Página com idioma não informado em Predefinição:etimologia|sem indicação do idioma na seção de etimologia]]</comment>
<model>wikitext</model>
<format>text/x-wiki</format>
<text bytes="1930" xml:space="preserve">{{Wikipédia}}
={{-pt-}}=
==Substantivo==
{{flex.pt|ms=quantum|mp=quanta}}
{{paroxítona|quan|tum}}, {{gramática|m}}
# {{escopoCat|Física|pt}} [[quantidade]] de [[energia]] [[eletromagnético|eletromagnética]] [[indivisível]]; quantidade de energia que um [[elétron]] [[emitir|emite]] ou [[absorver|absorve]] ao [[saltar]] de uma [[órbita]] [[estacionário|estacionária]] para outra
===Tradução===
{{tradini}}
* {{trad|de|Quant}}
* {{trad|hy|որչափություն|քվանտ}}
* {{trad|kk|квант}}
* {{trad|es|cuanto}}
* {{trad|fr|quantum}}
{{tradmeio}}
* {{trad|el|κβάντωση}}
* {{trad|nl|quantum}}
* {{trad|en|quantum}}
* {{trad|it|quantum}}
* {{trad|tr|kuvantum}}
{{tradfim}}
=={{etimologia|pt}}==
{{llietimo|la|quantu|pt}}
==Ver também==
===No Wikcionário===
{{verTambém.Ini}}
* [[elétron]]
{{verTambém.NovaColuna}}
* [[quantum de acção]]
{{verTambém.Fim}}
[[Categoria:Substantivo (Português)]]

={{-fr-}}=
==Substantivo==
'''quantum'''
# {{escopoCat|Física|fr}} [[quantum#Português|quantum]]
[[Categoria:Substantivo (Francês)]]

={{-nl-}}=
==Substantivo==
'''quantum'''
# {{escopoCat|Física|nl}} [[quantum#Português|quantum]]
[[Categoria:Substantivo (Holandês)]]

={{-en-}}=
==Substantivo==
'''quantum'''
# {{escopoCat|Física|en}} [[quantum#Português|quantum]]
[[Categoria:Substantivo (Inglês)]]

={{-it-}}=
==Substantivo==
'''quantum'''
# {{escopoCat|Física|it}} [[quantum#Português|quantum]]
[[Categoria:Substantivo (Italiano)]]

[[chr:quantum]]
[[el:quantum]]
[[en:quantum]]
[[es:quantum]]
[[et:quantum]]
[[eu:quantum]]
[[fa:quantum]]
[[fi:quantum]]
[[fr:quantum]]
[[gl:quantum]]
[[hu:quantum]]
[[hy:quantum]]
[[io:quantum]]
[[it:quantum]]
[[kk:quantum]]
[[kn:quantum]]
[[ko:quantum]]
[[ku:quantum]]
[[la:quantum]]
[[mg:quantum]]
[[ml:quantum]]
[[my:quantum]]
[[nl:quantum]]
[[pl:quantum]]
[[ru:quantum]]
[[sv:quantum]]
[[ta:quantum]]
[[te:quantum]]
[[vi:quantum]]
[[zh:quantum]]</text>
<sha1>5b6abuaygdgqevm2gph6b49po01dlzu</sha1>
</revision>
<revision>
<id>2212124</id>
<parentid>2095517</parentid>
<timestamp>2016-12-15T06:42:03Z</timestamp>
<contributor>
<username>Corselim</username>
<id>59415</id>
</contributor>
<model>wikitext</model>
<format>text/x-wiki</format>
<text bytes="1714" xml:space="preserve">{{Wikipédia}}
={{-pt-}}=
==Substantivo==
{{flex.pt|ms=quantum|mp=quanta}}
''{{paroxítona|quan|tum}}'', {{gramática|m}}
# {{escopo|pt|estrangeirismo|Física}} [[quântum]]

===Tradução===
{{tradini}}
* {{trad|de|Quant}}
* {{trad|hy|որչափություն|քվանտ}}
* {{trad|kk|квант}}
* {{trad|es|cuanto}}
* {{trad|fr|quantum}}
{{tradmeio}}
* {{trad|el|κβάντωση}}
* {{trad|nl|quantum}}
* {{trad|en|quantum}}
* {{trad|it|quantum}}
* {{trad|tr|kuvantum}}
{{tradfim}}

=={{etimologia|pt}}==
{{llietimo|la|quantu|pt}}

==Ver também==
===No Wikcionário===
{{verTambém.Ini}}
* [[elétron]]
{{verTambém.NovaColuna}}
* [[quantum de acção]]
{{verTambém.Fim}}

[[Categoria:Substantivo (Português)]]


={{-fr-}}=
==Substantivo==
'''quantum'''
# {{escopo|fr|Física}} [[quantum#Português|quantum]]

[[Categoria:Substantivo (Francês)]]


={{-nl-}}=
==Substantivo==
'''quantum'''
# {{escopo|nl|Física}} [[quantum#Português|quantum]]

[[Categoria:Substantivo (Holandês)]]


={{-en-}}=
==Substantivo==
'''quantum'''
# {{escopo|en|Física}} [[quantum#Português|quantum]]

[[Categoria:Substantivo (Inglês)]]


={{-it-}}=
==Substantivo==
'''quantum'''
# {{escopo|it|Física}} [[quantum#Português|quantum]]

[[Categoria:Substantivo (Italiano)]]

[[chr:quantum]]
[[el:quantum]]
[[en:quantum]]
[[es:quantum]]
[[et:quantum]]
[[eu:quantum]]
[[fa:quantum]]
[[fi:quantum]]
[[fr:quantum]]
[[gl:quantum]]
[[hu:quantum]]
[[hy:quantum]]
[[io:quantum]]
[[it:quantum]]
[[kk:quantum]]
[[kn:quantum]]
[[ko:quantum]]
[[ku:quantum]]
[[la:quantum]]
[[mg:quantum]]
[[ml:quantum]]
[[my:quantum]]
[[nl:quantum]]
[[pl:quantum]]
[[ru:quantum]]
[[sv:quantum]]
[[ta:quantum]]
[[te:quantum]]
[[vi:quantum]]
[[zh:quantum]]</text>
<sha1>8tfij91femlc22eag6rc931ul72a78f</sha1>
</revision>
<revision>
<id>2212126</id>
<parentid>2212124</parentid>
<timestamp>2016-12-15T07:20:22Z</timestamp>
<contributor>
<username>Corselim</username>
<id>59415</id>
</contributor>
<model>wikitext</model>
<format>text/x-wiki</format>
<text bytes="1946" xml:space="preserve">{{Wikipédia}}
={{-pt-}}=
==Substantivo==
{{flex.pt|ms=quantum|mp=quanta}}
''{{paroxítona|quan|tum}}'', {{gramática|m}}
# {{escopo|pt|estrangeirismo|Física}} [[quantidade]] de [[energia]] [[eletromagnético|eletromagnética]] [[indivisível]]; quantidade de energia que um [[elétron]] [[emitir|emite]] ou [[absorver|absorve]] ao [[saltar]] de uma [[órbita]] [[estacionário|estacionária]] para outra

===Tradução===
{{tradini}}
* {{trad|de|Quant}}
* {{trad|hy|որչափություն|քվանտ}}
* {{trad|kk|квант}}
* {{trad|es|cuanto}}
* {{trad|fr|quantum}}
{{tradmeio}}
* {{trad|el|κβάντωση}}
* {{trad|nl|quantum}}
* {{trad|en|quantum}}
* {{trad|it|quantum}}
* {{trad|tr|kuvantum}}
{{tradfim}}

=={{etimologia|pt}}==
{{llietimo|la|quantu|pt}}

==Ver também==
===No Wikcionário===
{{verTambém.Ini}}
* [[elétron]]
{{verTambém.NovaColuna}}
* [[quantum de acção]]
{{verTambém.Fim}}

[[Categoria:Substantivo (Português)]]


={{-fr-}}=
==Substantivo==
'''quantum'''
# {{escopo|fr|Física}} [[quantum#Português|quantum]]

[[Categoria:Substantivo (Francês)]]


={{-nl-}}=
==Substantivo==
'''quantum'''
# {{escopo|nl|Física}} [[quantum#Português|quantum]]

[[Categoria:Substantivo (Holandês)]]


={{-en-}}=
==Substantivo==
'''quantum'''
# {{escopo|en|Física}} [[quantum#Português|quantum]]

[[Categoria:Substantivo (Inglês)]]


={{-it-}}=
==Substantivo==
'''quantum'''
# {{escopo|it|Física}} [[quantum#Português|quantum]]

[[Categoria:Substantivo (Italiano)]]

[[chr:quantum]]
[[el:quantum]]
[[en:quantum]]
[[es:quantum]]
[[et:quantum]]
[[eu:quantum]]
[[fa:quantum]]
[[fi:quantum]]
[[fr:quantum]]
[[gl:quantum]]
[[hu:quantum]]
[[hy:quantum]]
[[io:quantum]]
[[it:quantum]]
[[kk:quantum]]
[[kn:quantum]]
[[ko:quantum]]
[[ku:quantum]]
[[la:quantum]]
[[mg:quantum]]
[[ml:quantum]]
[[my:quantum]]
[[nl:quantum]]
[[pl:quantum]]
[[ru:quantum]]
[[sv:quantum]]
[[ta:quantum]]
[[te:quantum]]
[[vi:quantum]]
[[zh:quantum]]</text>
<sha1>3qzka0tshr04zf6o7cgr7gkgl2drvk9</sha1>
</revision>
<revision>
<id>2396769</id>
<parentid>2212126</parentid>
<timestamp>2017-05-13T11:01:20Z</timestamp>
<contributor>
<username>HydrizBot</username>
<id>29590</id>
</contributor>
<minor />
<comment>Robô: A limpar links interwikis antigos</comment>
<model>wikitext</model>
<format>text/x-wiki</format>
<text bytes="1494" xml:space="preserve">{{Wikipédia}}
={{-pt-}}=
==Substantivo==
{{flex.pt|ms=quantum|mp=quanta}}
''{{paroxítona|quan|tum}}'', {{gramática|m}}
# {{escopo|pt|estrangeirismo|Física}} [[quantidade]] de [[energia]] [[eletromagnético|eletromagnética]] [[indivisível]]; quantidade de energia que um [[elétron]] [[emitir|emite]] ou [[absorver|absorve]] ao [[saltar]] de uma [[órbita]] [[estacionário|estacionária]] para outra

===Tradução===
{{tradini}}
* {{trad|de|Quant}}
* {{trad|hy|որչափություն|քվանտ}}
* {{trad|kk|квант}}
* {{trad|es|cuanto}}
* {{trad|fr|quantum}}
{{tradmeio}}
* {{trad|el|κβάντωση}}
* {{trad|nl|quantum}}
* {{trad|en|quantum}}
* {{trad|it|quantum}}
* {{trad|tr|kuvantum}}
{{tradfim}}

=={{etimologia|pt}}==
{{llietimo|la|quantu|pt}}

==Ver também==
===No Wikcionário===
{{verTambém.Ini}}
* [[elétron]]
{{verTambém.NovaColuna}}
* [[quantum de acção]]
{{verTambém.Fim}}

[[Categoria:Substantivo (Português)]]


={{-fr-}}=
==Substantivo==
'''quantum'''
# {{escopo|fr|Física}} [[quantum#Português|quantum]]

[[Categoria:Substantivo (Francês)]]


={{-nl-}}=
==Substantivo==
'''quantum'''
# {{escopo|nl|Física}} [[quantum#Português|quantum]]

[[Categoria:Substantivo (Holandês)]]


={{-en-}}=
==Substantivo==
'''quantum'''
# {{escopo|en|Física}} [[quantum#Português|quantum]]

[[Categoria:Substantivo (Inglês)]]


={{-it-}}=
==Substantivo==
'''quantum'''
# {{escopo|it|Física}} [[quantum#Português|quantum]]

[[Categoria:Substantivo (Italiano)]]</text>
<sha1>f3zljc4rjikw2veprjb8ange0ig2m22</sha1>
</revision>
<revision>
<id>2442901</id>
<parentid>2396769</parentid>
<timestamp>2017-08-10T03:03:17Z</timestamp>
<contributor>
<ip>179.154.231.17</ip>
</contributor>
<comment>/* {{etimologia|pt}} */</comment>
<model>wikitext</model>
<format>text/x-wiki</format>
<text bytes="1496" xml:space="preserve">{{Wikipédia}}
={{-pt-}}=
==Substantivo==
{{flex.pt|ms=quantum|mp=quanta}}
''{{paroxítona|quan|tum}}'', {{gramática|m}}
# {{escopo|pt|estrangeirismo|Física}} [[quantidade]] de [[energia]] [[eletromagnético|eletromagnética]] [[indivisível]]; quantidade de energia que um [[elétron]] [[emitir|emite]] ou [[absorver|absorve]] ao [[saltar]] de uma [[órbita]] [[estacionário|estacionária]] para outra

===Tradução===
{{tradini}}
* {{trad|de|Quant}}
* {{trad|hy|որչափություն|քվանտ}}
* {{trad|kk|квант}}
* {{trad|es|cuanto}}
* {{trad|fr|quantum}}
{{tradmeio}}
* {{trad|el|κβάντωση}}
* {{trad|nl|quantum}}
* {{trad|en|quantum}}
* {{trad|it|quantum}}
* {{trad|tr|kuvantum}}
{{tradfim}}

=={{etimologia|pt}}==
{{llietimo|la|quantupc|pt}}

==Ver também==
===No Wikcionário===
{{verTambém.Ini}}
* [[elétron]]
{{verTambém.NovaColuna}}
* [[quantum de acção]]
{{verTambém.Fim}}

[[Categoria:Substantivo (Português)]]


={{-fr-}}=
==Substantivo==
'''quantum'''
# {{escopo|fr|Física}} [[quantum#Português|quantum]]

[[Categoria:Substantivo (Francês)]]


={{-nl-}}=
==Substantivo==
'''quantum'''
# {{escopo|nl|Física}} [[quantum#Português|quantum]]

[[Categoria:Substantivo (Holandês)]]


={{-en-}}=
==Substantivo==
'''quantum'''
# {{escopo|en|Física}} [[quantum#Português|quantum]]

[[Categoria:Substantivo (Inglês)]]


={{-it-}}=
==Substantivo==
'''quantum'''
# {{escopo|it|Física}} [[quantum#Português|quantum]]

[[Categoria:Substantivo (Italiano)]]</text>
<sha1>prssbnkxcaula5w3gpdwrcepn8uxy7s</sha1>
</revision>
<revision>
<id>2443502</id>
<parentid>2442901</parentid>
<timestamp>2017-08-13T10:38:15Z</timestamp>
<contributor>
<username>ValJor</username>
<id>1358</id>
</contributor>
<minor />
<comment>Revertidas edições por [[Especial:Contribuições/179.154.231.17|179.154.231.17]] para a última versão por [[Especial:Contribuições/HydrizBot|HydrizBot]]</comment>
<model>wikitext</model>
<format>text/x-wiki</format>
<text bytes="1494" xml:space="preserve">{{Wikipédia}}
={{-pt-}}=
==Substantivo==
{{flex.pt|ms=quantum|mp=quanta}}
''{{paroxítona|quan|tum}}'', {{gramática|m}}
# {{escopo|pt|estrangeirismo|Física}} [[quantidade]] de [[energia]] [[eletromagnético|eletromagnética]] [[indivisível]]; quantidade de energia que um [[elétron]] [[emitir|emite]] ou [[absorver|absorve]] ao [[saltar]] de uma [[órbita]] [[estacionário|estacionária]] para outra

===Tradução===
{{tradini}}
* {{trad|de|Quant}}
* {{trad|hy|որչափություն|քվանտ}}
* {{trad|kk|квант}}
* {{trad|es|cuanto}}
* {{trad|fr|quantum}}
{{tradmeio}}
* {{trad|el|κβάντωση}}
* {{trad|nl|quantum}}
* {{trad|en|quantum}}
* {{trad|it|quantum}}
* {{trad|tr|kuvantum}}
{{tradfim}}

=={{etimologia|pt}}==
{{llietimo|la|quantu|pt}}

==Ver também==
===No Wikcionário===
{{verTambém.Ini}}
* [[elétron]]
{{verTambém.NovaColuna}}
* [[quantum de acção]]
{{verTambém.Fim}}

[[Categoria:Substantivo (Português)]]


={{-fr-}}=
==Substantivo==
'''quantum'''
# {{escopo|fr|Física}} [[quantum#Português|quantum]]

[[Categoria:Substantivo (Francês)]]


={{-nl-}}=
==Substantivo==
'''quantum'''
# {{escopo|nl|Física}} [[quantum#Português|quantum]]

[[Categoria:Substantivo (Holandês)]]


={{-en-}}=
==Substantivo==
'''quantum'''
# {{escopo|en|Física}} [[quantum#Português|quantum]]

[[Categoria:Substantivo (Inglês)]]


={{-it-}}=
==Substantivo==
'''quantum'''
# {{escopo|it|Física}} [[quantum#Português|quantum]]

[[Categoria:Substantivo (Italiano)]]</text>
<sha1>f3zljc4rjikw2veprjb8ange0ig2m22</sha1>
</revision>
</page>
