<title>quarentão</title>
<ns>0</ns>
<id>126863</id>
<revision>
<id>545959</id>
<timestamp>2009-09-24T00:05:11Z</timestamp>
<contributor>
<username>Tarciza Maria</username>
<id>12064</id>
</contributor>
<comment>[[Ajuda:Menus e funções/Sumário de edição#Sumário de edição automático|→]] nova página: quarentão - espécie de polenta doce cozida a base de flocos de milho muito consumida pelos garim...</comment>
<model>wikitext</model>
<format>text/x-wiki</format>
<text bytes="105" xml:space="preserve">quarentão - espécie de polenta doce cozida a base de flocos de milho muito consumida pelos garimpeiros.</text>
<sha1>0v3qez7eudzqplqo8gayws5s79uw9uz</sha1>
</revision>
<revision>
<id>701378</id>
<parentid>545959</parentid>
<timestamp>2010-01-21T03:44:31Z</timestamp>
<contributor>
<username>Fredmaranhao</username>
<id>142</id>
</contributor>
<model>wikitext</model>
<format>text/x-wiki</format>
<text bytes="238" xml:space="preserve">=Português=
==substantivo==

# quarentão - espécie de polenta doce cozida a base de flocos de milho muito consumida pelos garimpeiros.
# homem na faixa etária dos 40 anos, homem não muito jovem

[[Categoria:Substantivo (Português)]]</text>
<sha1>hq3awue4zoa7d2mxhpyz4eo95qzoaof</sha1>
</revision>
<revision>
<id>703483</id>
<parentid>701378</parentid>
<timestamp>2010-01-21T14:08:08Z</timestamp>
<contributor>
<username>Jesielt</username>
<id>6680</id>
</contributor>
<model>wikitext</model>
<format>text/x-wiki</format>
<text bytes="344" xml:space="preserve">=Português=
==Substantivo==
{{oxítona|qua|ren|tão}} {{m}} {{p|quarentões}}
#{{escopo|informal}} [[homem]] na [[faixa etária]] entre os 40 e 49 [[ano]]s

=={{etimologia|pt}}==
:[[aumentativo|Aumentativo]] de quarenta; [[quarenta]] + [[-ão]]

=={{pronúncia|pt}}==
*[[AFI]]: &lt;big&gt;kwarɛ̃ˈtãw&lt;/big&gt;

[[Categoria:Substantivo (Português)]]</text>
<sha1>8r2q4cfwj3dwt3a1tm3qt2yplrfnaxn</sha1>
</revision>
<revision>
<id>1204525</id>
<parentid>703483</parentid>
<timestamp>2011-07-10T01:11:12Z</timestamp>
<contributor>
<username>MalafayaBot</username>
<id>628</id>
</contributor>
<minor />
<comment>Robô: Substituição de texto automática (-^\=\s?Português\s?\= +={{-pt-}}= &amp; -^\=\s?\{\{pt\}\}\s?\= +={{-pt-}}=)</comment>
<model>wikitext</model>
<format>text/x-wiki</format>
<text bytes="342" xml:space="preserve">={{-pt-}}=
==Substantivo==
{{oxítona|qua|ren|tão}} {{m}} {{p|quarentões}}
#{{escopo|informal}} [[homem]] na [[faixa etária]] entre os 40 e 49 [[ano]]s

=={{etimologia|pt}}==
:[[aumentativo|Aumentativo]] de quarenta; [[quarenta]] + [[-ão]]

=={{pronúncia|pt}}==
*[[AFI]]: &lt;big&gt;kwarɛ̃ˈtãw&lt;/big&gt;

[[Categoria:Substantivo (Português)]]</text>
<sha1>9v08a3fyvaxc1jo9x4pnhbhka2a1v2z</sha1>
</revision>
<revision>
<id>2038156</id>
<parentid>1204525</parentid>
<timestamp>2015-11-17T21:21:19Z</timestamp>
<contributor>
<ip>187.38.97.98</ip>
</contributor>
<model>wikitext</model>
<format>text/x-wiki</format>
<text bytes="452" xml:space="preserve">={{-pt-}}=
==Substantivo==
{{flex.pt|ms=quarentão|mp=quarentões|fs=quarentona|fp=quarentonas}}
{{oxítona|qua|ren|tão}}, {{m}}
# {{escopo|Informal}} [[homem]] na [[faixa etária]] entre os 40 e 49 [[ano]]s

=={{etimologia|pt}}==
: [[aumentativo|Aumentativo]] de quarenta; [[quarenta]] + [[-ão]]

==Ver também==
===No Wikcionário===
* [[quarentar]]

=={{pronúncia|pt}}==
* [[AFI]]: {{AFI|kwa.rɛ̃.ˈtãw}}

[[Categoria:Substantivo (Português)]]</text>
<sha1>s5nj75at4izxpx6kx6mkxt1r94kkohz</sha1>
</revision>
<revision>
<id>2601983</id>
<parentid>2038156</parentid>
<timestamp>2020-11-14T11:37:20Z</timestamp>
<contributor>
<username>ValJor</username>
<id>1358</id>
</contributor>
<comment>Acrescentando código de língua à [[:Categoria:!Página com mensagem de erro em predefinição|predefinição escopo]]</comment>
<model>wikitext</model>
<format>text/x-wiki</format>
<text bytes="559" xml:space="preserve">={{-pt-}}=
==Substantivo==
{{flex.pt|ms=quarentão|mp=quarentões|fs=quarentona|fp=quarentonas}}
{{oxítona|qua|ren|tão}}, {{gramática|m}}
# {{escopo|pt|Informal}} [[homem]] na [[faixa etária]] entre os 40 e 49 [[ano]]s

=={{etimologia|pt}}==
: Aumentativo de quarenta; [[quarenta]] + [[-ão]].

=={{pronúncia|pt}}==
* [[AFI]]: {{AFI|kwa.rɛ̃.ˈtãw}}

==Ver também==
===No Wikcionário===
* [[quarentar]]

==Ligações externas==
* {{Aulete}}
* {{DicioAberto}}
* {{DPLP}}
* {{Infopédia}}
* {{PLP}}
* {{VOLPABL}}

[[Categoria:Substantivo (Português)]]</text>
<sha1>0rsp3uvk2uhg7ylx9iz7we02r7nvt4i</sha1>
</revision>
</page>
