<title>quararas</title>
<ns>0</ns>
<id>179028</id>
<revision>
<id>716648</id>
<timestamp>2010-01-26T17:05:46Z</timestamp>
<contributor>
<username>Jesielt-bot</username>
<id>10876</id>
</contributor>
<comment>Verbete criado por bot.</comment>
<model>wikitext</model>
<format>text/x-wiki</format>
<text bytes="179" xml:space="preserve">={{pt}}=
==Forma verbal==
'''quararas'''
#[[segunda pessoa]] do [[singular]] do [[pretérito mais-que-perfeito]] do verbo '''[[quarar]]'''

[[Categoria:Forma verbal (Português)]]</text>
<sha1>my2bkpr1woug77ulxw301bfh4igiepa</sha1>
</revision>
<revision>
<id>720213</id>
<parentid>716648</parentid>
<timestamp>2010-01-27T04:22:58Z</timestamp>
<contributor>
<username>Interwicket</username>
<id>6868</id>
</contributor>
<minor />
<comment>iwiki +[[:no:quararas]]</comment>
<model>wikitext</model>
<format>text/x-wiki</format>
<text bytes="196" xml:space="preserve">={{pt}}=
==Forma verbal==
'''quararas'''
#[[segunda pessoa]] do [[singular]] do [[pretérito mais-que-perfeito]] do verbo '''[[quarar]]'''

[[Categoria:Forma verbal (Português)]]

[[no:quararas]]</text>
<sha1>oyg6d998hzv27ujpt7nkxoxg3eh624g</sha1>
</revision>
<revision>
<id>1168074</id>
<parentid>720213</parentid>
<timestamp>2011-07-06T12:12:34Z</timestamp>
<contributor>
<username>MalafayaBot</username>
<id>628</id>
</contributor>
<minor />
<comment>Robô: Substituição de texto automática (-^\=\s?Português\s?\= +={{-pt-}}= &amp; -^\=\s?\{\{pt\}\}\s?\= +={{-pt-}}=)</comment>
<model>wikitext</model>
<format>text/x-wiki</format>
<text bytes="198" xml:space="preserve">={{-pt-}}=
==Forma verbal==
'''quararas'''
#[[segunda pessoa]] do [[singular]] do [[pretérito mais-que-perfeito]] do verbo '''[[quarar]]'''

[[Categoria:Forma verbal (Português)]]

[[no:quararas]]</text>
<sha1>n48f4dneyzka1kq1t4lw7hqwaelabyz</sha1>
</revision>
<revision>
<id>2396783</id>
<parentid>1168074</parentid>
<timestamp>2017-05-13T11:01:53Z</timestamp>
<contributor>
<username>HydrizBot</username>
<id>29590</id>
</contributor>
<minor />
<comment>Robô: A limpar links interwikis antigos</comment>
<model>wikitext</model>
<format>text/x-wiki</format>
<text bytes="181" xml:space="preserve">={{-pt-}}=
==Forma verbal==
'''quararas'''
#[[segunda pessoa]] do [[singular]] do [[pretérito mais-que-perfeito]] do verbo '''[[quarar]]'''

[[Categoria:Forma verbal (Português)]]</text>
<sha1>1kkj20qmzp4iymjga3f5rqk2tz7k9ml</sha1>
</revision>
</page>
