<title>quartilhar</title>
<ns>0</ns>
<id>312115</id>
<revision>
<id>1659411</id>
<timestamp>2013-02-23T14:28:59Z</timestamp>
<contributor>
<username>ValJor</username>
<id>1358</id>
</contributor>
<comment>Por um [[Especial:Lonelypages|wikcionário sem órfãos]]: [[quartilhámos]]</comment>
<model>wikitext</model>
<format>text/x-wiki</format>
<text bytes="193" xml:space="preserve">={{-pt-}}=
==Verbo==
{{oxítona|quar|ti|lhar}}, ''v. t.''
# {{escopo|Trás-os-Montes}} o mesmo que [[esquartilhar]]

===Conjugação===
{{conj/pt|quartilh|ar}}

[[Categoria:Verbo (Português)]]</text>
<sha1>lydd3p48rl6y1b0te58vbnjbujdg853</sha1>
</revision>
<revision>
<id>2601960</id>
<parentid>1659411</parentid>
<timestamp>2020-11-14T08:17:09Z</timestamp>
<contributor>
<username>ValJor</username>
<id>1358</id>
</contributor>
<comment>Acrescentando código de língua à [[:Categoria:!Página com mensagem de erro em predefinição|predefinição escopo]]</comment>
<model>wikitext</model>
<format>text/x-wiki</format>
<text bytes="384" xml:space="preserve">={{-pt-}}=
==Verbo==
{{oxítona|quar|ti|lhar}}, {{gramática|vt}}
# {{escopo|pt|Trás-os-Montes}} o mesmo que [[esquartilhar]]

===Conjugação===
{{conj/pt|quartilh|ar}}

=={{etimologia|pt}}==
: {{escopo|Morfologia}} [[quartilho]] + [[-ar]].

==Ligações externas==
* {{Aulete}}
* {{DicioAberto}}
* {{DPLP}}
* {{Infopédia}}
* {{PLP}}
* {{VOLPABL}}

[[Categoria:Verbo (Português)]]</text>
<sha1>1vk9thu3cvy4jgxbqh8vnqd4m2bfcif</sha1>
</revision>
</page>
