<title>quarentenámos</title>
<ns>0</ns>
<id>308813</id>
<revision>
<id>1644862</id>
<timestamp>2013-02-01T17:33:59Z</timestamp>
<contributor>
<ip>217.129.4.92</ip>
</contributor>
<comment>[[Ajuda:Guia de edição/Menus e ferramentas/Sumário de edição|→]] nova página: ={{-pt-}}= ==Forma verbal== {{paroxítona|qua|ren|te|ná|mos}} #{{escopo|grafia lusitana}} [[primeira pessoa]...</comment>
<model>wikitext</model>
<format>text/x-wiki</format>
<text bytes="271" xml:space="preserve">={{-pt-}}=
==Forma verbal==
{{paroxítona|qua|ren|te|ná|mos}}
#{{escopo|grafia lusitana}} [[primeira pessoa]] do [[plural]] do [[pretérito perfeito]] do [[modo indicativo]] do verbo '''[[quarentenar]]'''
[[Categoria:Forma verbal (Português)]]
[[Categoria:Lusitanismo]]</text>
<sha1>e90a00jbrt5ochf1ueck2h5dhitxwta</sha1>
</revision>
<revision>
<id>1789459</id>
<parentid>1644862</parentid>
<timestamp>2013-12-19T00:02:40Z</timestamp>
<contributor>
<username>MalafayaBot</username>
<id>628</id>
</contributor>
<minor />
<comment>r2.7.5) (Robô: A adicionar: [[en:quarentenámos]]</comment>
<model>wikitext</model>
<format>text/x-wiki</format>
<text bytes="294" xml:space="preserve">={{-pt-}}=
==Forma verbal==
{{paroxítona|qua|ren|te|ná|mos}}
#{{escopo|grafia lusitana}} [[primeira pessoa]] do [[plural]] do [[pretérito perfeito]] do [[modo indicativo]] do verbo '''[[quarentenar]]'''
[[Categoria:Forma verbal (Português)]]
[[Categoria:Lusitanismo]]

[[en:quarentenámos]]</text>
<sha1>8kidqglpqcdywtzd8kj6fzyes95fy86</sha1>
</revision>
<revision>
<id>2259404</id>
<parentid>1789459</parentid>
<timestamp>2017-04-09T06:19:30Z</timestamp>
<contributor>
<username>Defender</username>
<id>15952</id>
</contributor>
<comment>Trocando predefinição escopo por escopo2</comment>
<model>wikitext</model>
<format>text/x-wiki</format>
<text bytes="295" xml:space="preserve">={{-pt-}}=
==Forma verbal==
{{paroxítona|qua|ren|te|ná|mos}}
#{{escopo2|grafia lusitana}} [[primeira pessoa]] do [[plural]] do [[pretérito perfeito]] do [[modo indicativo]] do verbo '''[[quarentenar]]'''
[[Categoria:Forma verbal (Português)]]
[[Categoria:Lusitanismo]]

[[en:quarentenámos]]</text>
<sha1>bfwqpnpyzy004kik50prez4d26q1hd0</sha1>
</revision>
<revision>
<id>2396816</id>
<parentid>2259404</parentid>
<timestamp>2017-05-13T11:02:50Z</timestamp>
<contributor>
<username>HydrizBot</username>
<id>29590</id>
</contributor>
<minor />
<comment>Robô: A limpar links interwikis antigos</comment>
<model>wikitext</model>
<format>text/x-wiki</format>
<text bytes="272" xml:space="preserve">={{-pt-}}=
==Forma verbal==
{{paroxítona|qua|ren|te|ná|mos}}
#{{escopo2|grafia lusitana}} [[primeira pessoa]] do [[plural]] do [[pretérito perfeito]] do [[modo indicativo]] do verbo '''[[quarentenar]]'''
[[Categoria:Forma verbal (Português)]]
[[Categoria:Lusitanismo]]</text>
<sha1>25vq2n2o3qxjfmexeku9v3i3dprxi48</sha1>
</revision>
</page>
