<title>quarando</title>
<ns>0</ns>
<id>156079</id>
<revision>
<id>666890</id>
<timestamp>2009-12-26T13:49:09Z</timestamp>
<contributor>
<username>Jesielt-bot</username>
<id>10876</id>
</contributor>
<comment>Artigo criado por bot</comment>
<model>wikitext</model>
<format>text/x-wiki</format>
<text bytes="122" xml:space="preserve">={{pt}}=
==Forma verbal==
'''quarando'''
#[[gerúndio]] do verbo '''[[quarar]]'''

[[Categoria:Forma verbal (Português)]]</text>
<sha1>9wjdnsqq3yy7jk4g5jl8w5zr4vrvvc4</sha1>
</revision>
<revision>
<id>673207</id>
<parentid>666890</parentid>
<timestamp>2009-12-30T16:04:08Z</timestamp>
<contributor>
<username>Interwicket</username>
<id>6868</id>
</contributor>
<minor />
<comment>iwiki +[[:no:quarando]]</comment>
<model>wikitext</model>
<format>text/x-wiki</format>
<text bytes="139" xml:space="preserve">={{pt}}=
==Forma verbal==
'''quarando'''
#[[gerúndio]] do verbo '''[[quarar]]'''

[[Categoria:Forma verbal (Português)]]

[[no:quarando]]</text>
<sha1>ch59stcazf60o6ou6i5xmmzchyauya1</sha1>
</revision>
<revision>
<id>1168071</id>
<parentid>673207</parentid>
<timestamp>2011-07-06T12:12:31Z</timestamp>
<contributor>
<username>MalafayaBot</username>
<id>628</id>
</contributor>
<minor />
<comment>Robô: Substituição de texto automática (-^\=\s?Português\s?\= +={{-pt-}}= &amp; -^\=\s?\{\{pt\}\}\s?\= +={{-pt-}}=)</comment>
<model>wikitext</model>
<format>text/x-wiki</format>
<text bytes="141" xml:space="preserve">={{-pt-}}=
==Forma verbal==
'''quarando'''
#[[gerúndio]] do verbo '''[[quarar]]'''

[[Categoria:Forma verbal (Português)]]

[[no:quarando]]</text>
<sha1>dhnw5g9ef8rtlnmelpdvetllactisia</sha1>
</revision>
<revision>
<id>2396776</id>
<parentid>1168071</parentid>
<timestamp>2017-05-13T11:01:32Z</timestamp>
<contributor>
<username>HydrizBot</username>
<id>29590</id>
</contributor>
<minor />
<comment>Robô: A limpar links interwikis antigos</comment>
<model>wikitext</model>
<format>text/x-wiki</format>
<text bytes="124" xml:space="preserve">={{-pt-}}=
==Forma verbal==
'''quarando'''
#[[gerúndio]] do verbo '''[[quarar]]'''

[[Categoria:Forma verbal (Português)]]</text>
<sha1>0mubstx4hwl5sjjxl2dpoe2bu4ntxpg</sha1>
</revision>
</page>
