<title>quarter</title>
<ns>0</ns>
<id>399757</id>
<revision>
<id>2517543</id>
<timestamp>2018-09-05T19:07:20Z</timestamp>
<contributor>
<username>Tribuno da Plebe</username>
<id>16095</id>
</contributor>
<comment>[[Ajuda:Guia de edição/Menus e ferramentas/Sumário de edição|→]] nova página: ={{-en-}}= ==Adjetivo== '''quarter''', {{g|i}}  # [[quarto]]; quarta parte #* a '''quarter''' hour - &lt;small&gt;u...</comment>
<model>wikitext</model>
<format>text/x-wiki</format>
<text bytes="954" xml:space="preserve">={{-en-}}=
==Adjetivo==
'''quarter''', {{g|i}}

# [[quarto]]; quarta parte
#* a '''quarter''' hour - &lt;small&gt;um quarto de hora&lt;/small&gt;
# [[trimestre]]
#* '''quarter''' day - &lt;small&gt;último dia do trimestre&lt;/small&gt;
#* '''quarter''' session - &lt;small&gt;sessão trimestral&lt;/small&gt;

===Sinônimos===
* '''2''': [[trimester]]

===Antônimos===
* '''1''': [[quadruple]]

==Substantivo==
{{flex.en|s=quarter|p=quarters}}
'''quarter'''

# [[quarto]]; quarta parte
# {{escopo2|basquete}} [[quarto]]
# {{escopo|en|moeda}} moeda de 25 centavos

===Sinônimos===
* '''1''': [[fourth]]

=={{etimologia|en}}==
{{llietimo|fro|quartier|en|ponto=não}}, do latim {{etimo|la|quartus}}.

=={{pronúncia|en}}==
* [[AFI]] (Reino Unido): {{IPA|/ˈkwɔːtə/|lang=en}}
* [[AFI]] (Estados Unidos): {{IPA|/ˈk(w)ɔɹ.tɚ/|lang=en}}
* {{audio|en-us-quarter.ogg|Audio (US)|lang=en}}

[[Categoria:Substantivo (Inglês)]]
[[Categoria:Adjetivo (Inglês)]]
[[Categoria:Desporto (Inglês)]]</text>
<sha1>ai84mcej8pa5b1xyreqwmkfxgaxddpe</sha1>
</revision>
<revision>
<id>2517552</id>
<parentid>2517543</parentid>
<timestamp>2018-09-05T19:13:22Z</timestamp>
<contributor>
<username>Tribuno da Plebe</username>
<id>16095</id>
</contributor>
<comment>/* Substantivo */</comment>
<model>wikitext</model>
<format>text/x-wiki</format>
<text bytes="996" xml:space="preserve">={{-en-}}=
==Adjetivo==
'''quarter''', {{g|i}}

# [[quarto]]; quarta parte
#* a '''quarter''' hour - &lt;small&gt;um quarto de hora&lt;/small&gt;
# [[trimestre]]
#* '''quarter''' day - &lt;small&gt;último dia do trimestre&lt;/small&gt;
#* '''quarter''' session - &lt;small&gt;sessão trimestral&lt;/small&gt;

===Sinônimos===
* '''2''': [[trimester]]

===Antônimos===
* '''1''': [[quadruple]]

==Substantivo==
{{flex.en|s=quarter|p=quarters}}
'''quarter'''

# [[quarto]]; quarta parte
# {{escopo2|basquete}} [[quarto]]
# {{escopo|en|moeda}} moeda de 25 centavos
# {{escopo|en|urbanismo}} [[quarteirão]]

===Sinônimos===
* '''1''': [[fourth]]

=={{etimologia|en}}==
{{llietimo|fro|quartier|en|ponto=não}}, do latim {{etimo|la|quartus}}.

=={{pronúncia|en}}==
* [[AFI]] (Reino Unido): {{IPA|/ˈkwɔːtə/|lang=en}}
* [[AFI]] (Estados Unidos): {{IPA|/ˈk(w)ɔɹ.tɚ/|lang=en}}
* {{audio|en-us-quarter.ogg|Audio (US)|lang=en}}

[[Categoria:Substantivo (Inglês)]]
[[Categoria:Adjetivo (Inglês)]]
[[Categoria:Desporto (Inglês)]]</text>
<sha1>9mvkrqawghf90p006srcjfnu7jy13xl</sha1>
</revision>
<revision>
<id>2545815</id>
<parentid>2517552</parentid>
<timestamp>2019-06-04T15:14:41Z</timestamp>
<contributor>
<ip>200.130.158.1</ip>
</contributor>
<comment>/* Substantivo */</comment>
<model>wikitext</model>
<format>text/x-wiki</format>
<text bytes="993" xml:space="preserve">={{-en-}}=
==Adjetivo==
'''quarter''', {{g|i}}

# [[quarto]]; quarta parte
#* a '''quarter''' hour - &lt;small&gt;um quarto de hora&lt;/small&gt;
# [[trimestre]]
#* '''quarter''' day - &lt;small&gt;último dia do trimestre&lt;/small&gt;
#* '''quarter''' session - &lt;small&gt;sessão trimestral&lt;/small&gt;

===Sinônimos===
* '''2''': [[trimester]]

===Antônimos===
* '''1''': [[quadruple]]

==Adjetivo==
{{flex.en|s=quarter|p=quarters}}
'''quarter'''

# [[quarto]]; quarta parte
# {{escopo2|basquete}} [[quarto]]
# {{escopo|en|moeda}} moeda de 25 centavos
# {{escopo|en|urbanismo}} [[quarteirão]]

===Sinônimos===
* '''1''': [[fourth]]

=={{etimologia|en}}==
{{llietimo|fro|quartier|en|ponto=não}}, do latim {{etimo|la|quartus}}.

=={{pronúncia|en}}==
* [[AFI]] (Reino Unido): {{IPA|/ˈkwɔːtə/|lang=en}}
* [[AFI]] (Estados Unidos): {{IPA|/ˈk(w)ɔɹ.tɚ/|lang=en}}
* {{audio|en-us-quarter.ogg|Audio (US)|lang=en}}

[[Categoria:Substantivo (Inglês)]]
[[Categoria:Adjetivo (Inglês)]]
[[Categoria:Desporto (Inglês)]]</text>
<sha1>9jhwt8gtnguwsem00uy8pbc526wbrq4</sha1>
</revision>
<revision>
<id>2545832</id>
<parentid>2545815</parentid>
<timestamp>2019-06-04T19:13:15Z</timestamp>
<contributor>
<username>Tribuno da Plebe</username>
<id>16095</id>
</contributor>
<minor />
<comment>Revertidas edições por [[Especial:Contribuições/200.130.158.1|200.130.158.1]] para a última versão por [[Especial:Contribuições/Tribuno da Plebe|Tribuno da Plebe]]</comment>
<model>wikitext</model>
<format>text/x-wiki</format>
<text bytes="996" xml:space="preserve">={{-en-}}=
==Adjetivo==
'''quarter''', {{g|i}}

# [[quarto]]; quarta parte
#* a '''quarter''' hour - &lt;small&gt;um quarto de hora&lt;/small&gt;
# [[trimestre]]
#* '''quarter''' day - &lt;small&gt;último dia do trimestre&lt;/small&gt;
#* '''quarter''' session - &lt;small&gt;sessão trimestral&lt;/small&gt;

===Sinônimos===
* '''2''': [[trimester]]

===Antônimos===
* '''1''': [[quadruple]]

==Substantivo==
{{flex.en|s=quarter|p=quarters}}
'''quarter'''

# [[quarto]]; quarta parte
# {{escopo2|basquete}} [[quarto]]
# {{escopo|en|moeda}} moeda de 25 centavos
# {{escopo|en|urbanismo}} [[quarteirão]]

===Sinônimos===
* '''1''': [[fourth]]

=={{etimologia|en}}==
{{llietimo|fro|quartier|en|ponto=não}}, do latim {{etimo|la|quartus}}.

=={{pronúncia|en}}==
* [[AFI]] (Reino Unido): {{IPA|/ˈkwɔːtə/|lang=en}}
* [[AFI]] (Estados Unidos): {{IPA|/ˈk(w)ɔɹ.tɚ/|lang=en}}
* {{audio|en-us-quarter.ogg|Audio (US)|lang=en}}

[[Categoria:Substantivo (Inglês)]]
[[Categoria:Adjetivo (Inglês)]]
[[Categoria:Desporto (Inglês)]]</text>
<sha1>9mvkrqawghf90p006srcjfnu7jy13xl</sha1>
</revision>
</page>
