<title>quarz</title>
<ns>0</ns>
<id>230885</id>
<revision>
<id>871303</id>
<timestamp>2010-05-09T01:26:52Z</timestamp>
<contributor>
<username>MalafayaBot</username>
<id>628</id>
</contributor>
<comment>Criada automaticamente a partir das traduções em [[quartzo]]</comment>
<model>wikitext</model>
<format>text/x-wiki</format>
<text bytes="144" xml:space="preserve">={{-lb-}}=
==Substantivo==
'''quarz'''
# [[quartzo]].

{{página-automática|Maio|2010|quartzo|lb}}

[[Categoria:Substantivo (Luxemburguês)]]</text>
<sha1>4g3nt16e1kfnzjc7ws3frm2oc94e7om</sha1>
</revision>
<revision>
<id>879298</id>
<parentid>871303</parentid>
<timestamp>2010-05-14T06:14:46Z</timestamp>
<contributor>
<username>Interwicket</username>
<id>6868</id>
</contributor>
<minor />
<comment>iwiki +[[:fr:quarz]]</comment>
<model>wikitext</model>
<format>text/x-wiki</format>
<text bytes="158" xml:space="preserve">={{-lb-}}=
==Substantivo==
'''quarz'''
# [[quartzo]].

{{página-automática|Maio|2010|quartzo|lb}}

[[Categoria:Substantivo (Luxemburguês)]]

[[fr:quarz]]</text>
<sha1>ko854ety7hlsxeb4dpryqc146llvfy6</sha1>
</revision>
<revision>
<id>1405380</id>
<parentid>879298</parentid>
<timestamp>2012-05-02T10:22:01Z</timestamp>
<contributor>
<username>Luckas-bot</username>
<id>5986</id>
</contributor>
<minor />
<comment>r2.7.1) (Robô: A adicionar: [[io:quarz]]</comment>
<model>wikitext</model>
<format>text/x-wiki</format>
<text bytes="171" xml:space="preserve">={{-lb-}}=
==Substantivo==
'''quarz'''
# [[quartzo]].

{{página-automática|Maio|2010|quartzo|lb}}

[[Categoria:Substantivo (Luxemburguês)]]

[[fr:quarz]]
[[io:quarz]]</text>
<sha1>6opc8fbtdu8eaxqdiqqzg9u4wk19oew</sha1>
</revision>
<revision>
<id>1470491</id>
<parentid>1405380</parentid>
<timestamp>2012-09-27T08:40:11Z</timestamp>
<contributor>
<username>MalafayaBot</username>
<id>628</id>
</contributor>
<minor />
<comment>r2.7.2) (Robô: A adicionar: [[mg:quarz]]</comment>
<model>wikitext</model>
<format>text/x-wiki</format>
<text bytes="184" xml:space="preserve">={{-lb-}}=
==Substantivo==
'''quarz'''
# [[quartzo]].

{{página-automática|Maio|2010|quartzo|lb}}

[[Categoria:Substantivo (Luxemburguês)]]

[[fr:quarz]]
[[io:quarz]]
[[mg:quarz]]</text>
<sha1>andid395vp4cwgowtgm5juknoyu4cc4</sha1>
</revision>
<revision>
<id>1716868</id>
<parentid>1470491</parentid>
<timestamp>2013-08-22T12:14:02Z</timestamp>
<contributor>
<username>HydrizBot</username>
<id>29590</id>
</contributor>
<minor />
<comment>r2.7.3) (Robô: A adicionar: [[gl:quarz]]</comment>
<model>wikitext</model>
<format>text/x-wiki</format>
<text bytes="197" xml:space="preserve">={{-lb-}}=
==Substantivo==
'''quarz'''
# [[quartzo]].

{{página-automática|Maio|2010|quartzo|lb}}

[[Categoria:Substantivo (Luxemburguês)]]

[[fr:quarz]]
[[gl:quarz]]
[[io:quarz]]
[[mg:quarz]]</text>
<sha1>n8d97o0afrrus35bobuvvuptnrp269e</sha1>
</revision>
<revision>
<id>1725706</id>
<parentid>1716868</parentid>
<timestamp>2013-09-14T10:57:27Z</timestamp>
<contributor>
<username>MalafayaBot</username>
<id>628</id>
</contributor>
<minor />
<comment>Robô: Substituição de texto automática (-\]\](.*?)\.\r\n\s? +]]\1\n &amp; -\r\n\s\r\n +\n\n)</comment>
<model>wikitext</model>
<format>text/x-wiki</format>
<text bytes="194" xml:space="preserve">={{-lb-}}=
==Substantivo==
'''quarz'''
# [[quartzo]]

{{página-automática|Maio|2010|quartzo|lb}}

[[Categoria:Substantivo (Luxemburguês)]]

[[fr:quarz]]
[[gl:quarz]]
[[io:quarz]]
[[mg:quarz]]</text>
<sha1>e4kp0eke3q9k0rjjg7ikqewwfo66dcr</sha1>
</revision>
<revision>
<id>2160116</id>
<parentid>1725706</parentid>
<timestamp>2016-08-17T20:50:55Z</timestamp>
<contributor>
<username>UT-interwiki-Bot</username>
<id>56129</id>
</contributor>
<minor />
<comment>Robô: A adicionar: [[de:quarz]]</comment>
<model>wikitext</model>
<format>text/x-wiki</format>
<text bytes="207" xml:space="preserve">={{-lb-}}=
==Substantivo==
'''quarz'''
# [[quartzo]]

{{página-automática|Maio|2010|quartzo|lb}}

[[Categoria:Substantivo (Luxemburguês)]]

[[de:quarz]]
[[fr:quarz]]
[[gl:quarz]]
[[io:quarz]]
[[mg:quarz]]</text>
<sha1>stz7msv8wmjlmv5e5e4c5drtrafvs1j</sha1>
</revision>
<revision>
<id>2396844</id>
<parentid>2160116</parentid>
<timestamp>2017-05-13T11:04:09Z</timestamp>
<contributor>
<username>HydrizBot</username>
<id>29590</id>
</contributor>
<minor />
<comment>Robô: A limpar links interwikis antigos</comment>
<model>wikitext</model>
<format>text/x-wiki</format>
<text bytes="141" xml:space="preserve">={{-lb-}}=
==Substantivo==
'''quarz'''
# [[quartzo]]

{{página-automática|Maio|2010|quartzo|lb}}

[[Categoria:Substantivo (Luxemburguês)]]</text>
<sha1>o8ck9aloi6keb9j0xauxywoe664bxsj</sha1>
</revision>
</page>
