<title>quarante</title>
<ns>0</ns>
<id>2394</id>
<revision>
<id>5514</id>
<timestamp>2005-01-12T22:52:32Z</timestamp>
<contributor>
<username>Eusbarbosa</username>
<id>117</id>
</contributor>
<model>wikitext</model>
<format>text/x-wiki</format>
<text bytes="264" xml:space="preserve">=Francês=

== Numeral ==
'''qua.ran.te''' ''numeral cardinal''

:#O número ''[[quarenta]]''  (40).


== Ordinal equivalente ==

:# [[quarantième]]



== Outros verbetes ==

[[trente]] [[cinquante]]


[[Categoria:Numeral (Francês)|# 70]][[Categoria:Francês]]</text>
<sha1>gs29vtd0otwljvecp1dvmpfpgnhc8pn</sha1>
</revision>
<revision>
<id>6162</id>
<parentid>5514</parentid>
<timestamp>2005-01-12T22:53:49Z</timestamp>
<contributor>
<username>Eusbarbosa</username>
<id>117</id>
</contributor>
<minor />
<model>wikitext</model>
<format>text/x-wiki</format>
<text bytes="264" xml:space="preserve">=Francês=

== Numeral ==
'''qua.ran.te''' ''numeral cardinal''

:#O número ''[[quarenta]]''  (40).


== Ordinal equivalente ==

:# [[quarantième]]



== Outros verbetes ==

[[trente]] [[cinquante]]


[[Categoria:Numeral (Francês)|# 40]][[Categoria:Francês]]</text>
<sha1>naz5fa4mimbypufhue1eka9dylu7cy7</sha1>
</revision>
<revision>
<id>8068</id>
<parentid>6162</parentid>
<timestamp>2005-01-25T18:05:31Z</timestamp>
<contributor>
<username>Eusbarbosa</username>
<id>117</id>
</contributor>
<model>wikitext</model>
<format>text/x-wiki</format>
<text bytes="267" xml:space="preserve">=Francês=

== Numeral ==
'''qua.ran.te''' ''numeral cardinal''

:#O número ''[[quarenta]]''  (40).


== Ordinal equivalente ==

:# [[quarantième]]



== Outros verbetes ==

[[trente]] [[cinquante]]


[[Categoria:Numeral (Francês)|# 00040]][[Categoria:Francês]]</text>
<sha1>04xev3bdnvpzaix8uhkt7yaohrv4x9i</sha1>
</revision>
<revision>
<id>11422</id>
<parentid>8068</parentid>
<timestamp>2005-02-16T09:46:17Z</timestamp>
<contributor>
<username>E2mb0t~ptwiktionary</username>
<id>192</id>
</contributor>
<minor />
<comment>robot  Adicionando:en,sv</comment>
<model>wikitext</model>
<format>text/x-wiki</format>
<text bytes="300" xml:space="preserve">=Francês=

== Numeral ==
'''qua.ran.te''' ''numeral cardinal''

:#O número ''[[quarenta]]''  (40).


== Ordinal equivalente ==

:# [[quarantième]]



== Outros verbetes ==

[[trente]] [[cinquante]]


[[Categoria:Numeral (Francês)|# 00040]][[Categoria:Francês]]

[[en:Quarante]]
[[sv:quarante]]</text>
<sha1>ti4lj1a1x7qd9x7sf4bmnf4yscel3mr</sha1>
</revision>
<revision>
<id>21330</id>
<parentid>11422</parentid>
<timestamp>2005-04-05T04:45:02Z</timestamp>
<contributor>
<username>E2mb0t~ptwiktionary</username>
<id>192</id>
</contributor>
<minor />
<comment>robot  Adicionando:fr,et</comment>
<model>wikitext</model>
<format>text/x-wiki</format>
<text bytes="332" xml:space="preserve">=Francês=

== Numeral ==
'''qua.ran.te''' ''numeral cardinal''

:#O número ''[[quarenta]]''  (40).


== Ordinal equivalente ==

:# [[quarantième]]



== Outros verbetes ==

[[trente]] [[cinquante]]


[[Categoria:Numeral (Francês)|# 00040]][[Categoria:Francês]]

[[en:Quarante]]
[[et:Quarante]]
[[fr:quarante]]
[[sv:quarante]]</text>
<sha1>6yv6p8nbi79mjee6xsqjk7177icvvnc</sha1>
</revision>
<revision>
<id>28694</id>
<parentid>21330</parentid>
<timestamp>2005-07-09T22:54:37Z</timestamp>
<contributor>
<username>RobotGMwikt</username>
<id>407</id>
</contributor>
<minor />
<comment>robot  Modificando: en</comment>
<model>wikitext</model>
<format>text/x-wiki</format>
<text bytes="332" xml:space="preserve">=Francês=

== Numeral ==
'''qua.ran.te''' ''numeral cardinal''

:#O número ''[[quarenta]]''  (40).


== Ordinal equivalente ==

:# [[quarantième]]



== Outros verbetes ==

[[trente]] [[cinquante]]


[[Categoria:Numeral (Francês)|# 00040]][[Categoria:Francês]]

[[en:quarante]]
[[et:Quarante]]
[[fr:quarante]]
[[sv:quarante]]</text>
<sha1>lhiaavmzz3ea803yaaucsmv3ksfhfsd</sha1>
</revision>
<revision>
<id>46774</id>
<parentid>28694</parentid>
<timestamp>2005-10-18T12:47:02Z</timestamp>
<contributor>
<username>LeonardoRob0t</username>
<id>197</id>
</contributor>
<minor />
<comment>robot  Adicionando: fi</comment>
<model>wikitext</model>
<format>text/x-wiki</format>
<text bytes="348" xml:space="preserve">=Francês=

== Numeral ==
'''qua.ran.te''' ''numeral cardinal''

:#O número ''[[quarenta]]''  (40).


== Ordinal equivalente ==

:# [[quarantième]]



== Outros verbetes ==

[[trente]] [[cinquante]]


[[Categoria:Numeral (Francês)|# 00040]][[Categoria:Francês]]

[[en:quarante]]
[[et:Quarante]]
[[fi:quarante]]
[[fr:quarante]]
[[sv:quarante]]</text>
<sha1>8uo583pwl3i9rdk60cn7upqhm2zq87y</sha1>
</revision>
<revision>
<id>63863</id>
<parentid>46774</parentid>
<timestamp>2006-01-23T15:43:41Z</timestamp>
<contributor>
<username>Zumg</username>
<id>803</id>
</contributor>
<minor />
<comment>robot  Adicionando: el</comment>
<model>wikitext</model>
<format>text/x-wiki</format>
<text bytes="364" xml:space="preserve">=Francês=

== Numeral ==
'''qua.ran.te''' ''numeral cardinal''

:#O número ''[[quarenta]]''  (40).


== Ordinal equivalente ==

:# [[quarantième]]



== Outros verbetes ==

[[trente]] [[cinquante]]


[[Categoria:Numeral (Francês)|# 00040]][[Categoria:Francês]]

[[el:Quarante]]
[[en:quarante]]
[[et:Quarante]]
[[fi:quarante]]
[[fr:quarante]]
[[sv:quarante]]</text>
<sha1>dut2s3h60yqg17ejscvf2k1e5bbglro</sha1>
</revision>
<revision>
<id>89202</id>
<parentid>63863</parentid>
<timestamp>2006-02-23T00:55:07Z</timestamp>
<contributor>
<username>Conversion script</username>
<id>0</id>
</contributor>
<minor />
<comment>[[Quarante]] movido para [[quarante]]: Converting page titles to lowercase</comment>
<model>wikitext</model>
<format>text/x-wiki</format>
<text bytes="364" xml:space="preserve">=Francês=

== Numeral ==
'''qua.ran.te''' ''numeral cardinal''

:#O número ''[[quarenta]]''  (40).


== Ordinal equivalente ==

:# [[quarantième]]



== Outros verbetes ==

[[trente]] [[cinquante]]


[[Categoria:Numeral (Francês)|# 00040]][[Categoria:Francês]]

[[el:Quarante]]
[[en:quarante]]
[[et:Quarante]]
[[fi:quarante]]
[[fr:quarante]]
[[sv:quarante]]</text>
<sha1>dut2s3h60yqg17ejscvf2k1e5bbglro</sha1>
</revision>
<revision>
<id>102375</id>
<parentid>89202</parentid>
<timestamp>2006-03-06T12:59:41Z</timestamp>
<contributor>
<username>RobotGMwikt</username>
<id>407</id>
</contributor>
<minor />
<comment>Bot:  Adicionando: zh Modificando: el, et</comment>
<model>wikitext</model>
<format>text/x-wiki</format>
<text bytes="380" xml:space="preserve">=Francês=

== Numeral ==
'''qua.ran.te''' ''numeral cardinal''

:#O número ''[[quarenta]]''  (40).


== Ordinal equivalente ==

:# [[quarantième]]



== Outros verbetes ==

[[trente]] [[cinquante]]


[[Categoria:Numeral (Francês)|# 00040]][[Categoria:Francês]]

[[el:quarante]]
[[en:quarante]]
[[et:quarante]]
[[fi:quarante]]
[[fr:quarante]]
[[sv:quarante]]
[[zh:quarante]]</text>
<sha1>aczv9rzp26bjywkfpgvrp29v19c5moa</sha1>
</revision>
<revision>
<id>114279</id>
<parentid>102375</parentid>
<timestamp>2006-04-21T07:37:47Z</timestamp>
<contributor>
<username>RobotGMwikt</username>
<id>407</id>
</contributor>
<minor />
<comment>Bot:  Adicionando: hu</comment>
<model>wikitext</model>
<format>text/x-wiki</format>
<text bytes="396" xml:space="preserve">=Francês=

== Numeral ==
'''qua.ran.te''' ''numeral cardinal''

:#O número ''[[quarenta]]''  (40).


== Ordinal equivalente ==

:# [[quarantième]]



== Outros verbetes ==

[[trente]] [[cinquante]]


[[Categoria:Numeral (Francês)|# 00040]][[Categoria:Francês]]

[[el:quarante]]
[[en:quarante]]
[[et:quarante]]
[[fi:quarante]]
[[fr:quarante]]
[[hu:quarante]]
[[sv:quarante]]
[[zh:quarante]]</text>
<sha1>lhe2zamw7awzyiyezx0edlpzqmataf2</sha1>
</revision>
<revision>
<id>114588</id>
<parentid>114279</parentid>
<timestamp>2006-04-22T21:03:14Z</timestamp>
<contributor>
<username>RobotGMwikt</username>
<id>407</id>
</contributor>
<minor />
<comment>Bot:  Adicionando: [[it:quarante]]</comment>
<model>wikitext</model>
<format>text/x-wiki</format>
<text bytes="412" xml:space="preserve">=Francês=

== Numeral ==
'''qua.ran.te''' ''numeral cardinal''

:#O número ''[[quarenta]]''  (40).


== Ordinal equivalente ==

:# [[quarantième]]



== Outros verbetes ==

[[trente]] [[cinquante]]


[[Categoria:Numeral (Francês)|# 00040]][[Categoria:Francês]]

[[el:quarante]]
[[en:quarante]]
[[et:quarante]]
[[fi:quarante]]
[[fr:quarante]]
[[hu:quarante]]
[[it:quarante]]
[[sv:quarante]]
[[zh:quarante]]</text>
<sha1>shp3w1ulqd4i83zjdcj9iz4zzujl0lz</sha1>
</revision>
<revision>
<id>115061</id>
<parentid>114588</parentid>
<timestamp>2006-04-25T06:55:03Z</timestamp>
<contributor>
<username>RobotGMwikt</username>
<id>407</id>
</contributor>
<minor />
<comment>Bot:  Adicionando: de</comment>
<model>wikitext</model>
<format>text/x-wiki</format>
<text bytes="428" xml:space="preserve">=Francês=

== Numeral ==
'''qua.ran.te''' ''numeral cardinal''

:#O número ''[[quarenta]]''  (40).


== Ordinal equivalente ==

:# [[quarantième]]



== Outros verbetes ==

[[trente]] [[cinquante]]


[[Categoria:Numeral (Francês)|# 00040]][[Categoria:Francês]]

[[de:quarante]]
[[el:quarante]]
[[en:quarante]]
[[et:quarante]]
[[fi:quarante]]
[[fr:quarante]]
[[hu:quarante]]
[[it:quarante]]
[[sv:quarante]]
[[zh:quarante]]</text>
<sha1>4c6jntbe6ptbgx33dne6oziq9pua2vv</sha1>
</revision>
<revision>
<id>115351</id>
<parentid>115061</parentid>
<timestamp>2006-04-26T08:18:22Z</timestamp>
<contributor>
<username>RobotGMwikt</username>
<id>407</id>
</contributor>
<minor />
<comment>Bot:  Adicionando: [[ko:quarante]]</comment>
<model>wikitext</model>
<format>text/x-wiki</format>
<text bytes="444" xml:space="preserve">=Francês=

== Numeral ==
'''qua.ran.te''' ''numeral cardinal''

:#O número ''[[quarenta]]''  (40).


== Ordinal equivalente ==

:# [[quarantième]]



== Outros verbetes ==

[[trente]] [[cinquante]]


[[Categoria:Numeral (Francês)|# 00040]][[Categoria:Francês]]

[[de:quarante]]
[[el:quarante]]
[[en:quarante]]
[[et:quarante]]
[[fi:quarante]]
[[fr:quarante]]
[[hu:quarante]]
[[it:quarante]]
[[ko:quarante]]
[[sv:quarante]]
[[zh:quarante]]</text>
<sha1>l6cakhk8no59w95emdoaskky7beftjr</sha1>
</revision>
<revision>
<id>142850</id>
<parentid>115351</parentid>
<timestamp>2006-07-19T07:10:00Z</timestamp>
<contributor>
<username>RobotGMwikt</username>
<id>407</id>
</contributor>
<minor />
<comment>Bot:  Adicionando: vi</comment>
<model>wikitext</model>
<format>text/x-wiki</format>
<text bytes="460" xml:space="preserve">=Francês=

== Numeral ==
'''qua.ran.te''' ''numeral cardinal''

:#O número ''[[quarenta]]''  (40).


== Ordinal equivalente ==

:# [[quarantième]]



== Outros verbetes ==

[[trente]] [[cinquante]]


[[Categoria:Numeral (Francês)|# 00040]][[Categoria:Francês]]

[[de:quarante]]
[[el:quarante]]
[[en:quarante]]
[[et:quarante]]
[[fi:quarante]]
[[fr:quarante]]
[[hu:quarante]]
[[it:quarante]]
[[ko:quarante]]
[[sv:quarante]]
[[vi:quarante]]
[[zh:quarante]]</text>
<sha1>7wdet1yhvhv7aq19qx9aw1x3g56vu4j</sha1>
</revision>
<revision>
<id>189878</id>
<parentid>142850</parentid>
<timestamp>2006-11-03T06:53:22Z</timestamp>
<contributor>
<username>RobotGMwikt</username>
<id>407</id>
</contributor>
<minor />
<comment>Bot:  Adicionando: [[hy:quarante]], [[ru:quarante]]</comment>
<model>wikitext</model>
<format>text/x-wiki</format>
<text bytes="492" xml:space="preserve">=Francês=

== Numeral ==
'''qua.ran.te''' ''numeral cardinal''

:#O número ''[[quarenta]]''  (40).


== Ordinal equivalente ==

:# [[quarantième]]



== Outros verbetes ==

[[trente]] [[cinquante]]


[[Categoria:Numeral (Francês)|# 00040]][[Categoria:Francês]]

[[de:quarante]]
[[el:quarante]]
[[en:quarante]]
[[et:quarante]]
[[fi:quarante]]
[[fr:quarante]]
[[hu:quarante]]
[[hy:quarante]]
[[it:quarante]]
[[ko:quarante]]
[[ru:quarante]]
[[sv:quarante]]
[[vi:quarante]]
[[zh:quarante]]</text>
<sha1>ehmok40ygrnmk056xe3s9mddjm5dhft</sha1>
</revision>
<revision>
<id>251893</id>
<parentid>189878</parentid>
<timestamp>2007-04-05T05:49:54Z</timestamp>
<contributor>
<username>RobotGMwikt</username>
<id>407</id>
</contributor>
<minor />
<comment>Bot:  Adicionando: [[tr:quarante]]</comment>
<model>wikitext</model>
<format>text/x-wiki</format>
<text bytes="508" xml:space="preserve">=Francês=

== Numeral ==
'''qua.ran.te''' ''numeral cardinal''

:#O número ''[[quarenta]]''  (40).


== Ordinal equivalente ==

:# [[quarantième]]



== Outros verbetes ==

[[trente]] [[cinquante]]


[[Categoria:Numeral (Francês)|# 00040]][[Categoria:Francês]]

[[de:quarante]]
[[el:quarante]]
[[en:quarante]]
[[et:quarante]]
[[fi:quarante]]
[[fr:quarante]]
[[hu:quarante]]
[[hy:quarante]]
[[it:quarante]]
[[ko:quarante]]
[[ru:quarante]]
[[sv:quarante]]
[[tr:quarante]]
[[vi:quarante]]
[[zh:quarante]]</text>
<sha1>ey5nf6kbipb6sez1yswggs4k58s9x5y</sha1>
</revision>
<revision>
<id>297782</id>
<parentid>251893</parentid>
<timestamp>2007-09-14T08:06:38Z</timestamp>
<contributor>
<username>VolkovBot</username>
<id>2944</id>
</contributor>
<minor />
<comment>Bot:  Adicionando: [[ja:quarante]]</comment>
<model>wikitext</model>
<format>text/x-wiki</format>
<text bytes="524" xml:space="preserve">=Francês=

== Numeral ==
'''qua.ran.te''' ''numeral cardinal''

:#O número ''[[quarenta]]''  (40).


== Ordinal equivalente ==

:# [[quarantième]]



== Outros verbetes ==

[[trente]] [[cinquante]]


[[Categoria:Numeral (Francês)|# 00040]][[Categoria:Francês]]

[[de:quarante]]
[[el:quarante]]
[[en:quarante]]
[[et:quarante]]
[[fi:quarante]]
[[fr:quarante]]
[[hu:quarante]]
[[hy:quarante]]
[[it:quarante]]
[[ja:quarante]]
[[ko:quarante]]
[[ru:quarante]]
[[sv:quarante]]
[[tr:quarante]]
[[vi:quarante]]
[[zh:quarante]]</text>
<sha1>ln3ybt4la3tidfdyx1an23xf2bspec1</sha1>
</revision>
<revision>
<id>333923</id>
<parentid>297782</parentid>
<timestamp>2008-02-21T12:55:56Z</timestamp>
<contributor>
<username>VolkovBot</username>
<id>2944</id>
</contributor>
<minor />
<comment>Bot:  Adicionando: [[nl:quarante]]</comment>
<model>wikitext</model>
<format>text/x-wiki</format>
<text bytes="540" xml:space="preserve">=Francês=

== Numeral ==
'''qua.ran.te''' ''numeral cardinal''

:#O número ''[[quarenta]]''  (40).


== Ordinal equivalente ==

:# [[quarantième]]



== Outros verbetes ==

[[trente]] [[cinquante]]


[[Categoria:Numeral (Francês)|# 00040]][[Categoria:Francês]]

[[de:quarante]]
[[el:quarante]]
[[en:quarante]]
[[et:quarante]]
[[fi:quarante]]
[[fr:quarante]]
[[hu:quarante]]
[[hy:quarante]]
[[it:quarante]]
[[ja:quarante]]
[[ko:quarante]]
[[nl:quarante]]
[[ru:quarante]]
[[sv:quarante]]
[[tr:quarante]]
[[vi:quarante]]
[[zh:quarante]]</text>
<sha1>kz0i7pl851wuvnlgja7vgilr6an09id</sha1>
</revision>
<revision>
<id>368420</id>
<parentid>333923</parentid>
<timestamp>2008-07-18T13:05:24Z</timestamp>
<contributor>
<username>SpaceBirdyBot</username>
<id>973</id>
</contributor>
<minor />
<comment>Bot:  Adicionando: io, is, lo, lt, uk</comment>
<model>wikitext</model>
<format>text/x-wiki</format>
<text bytes="620" xml:space="preserve">=Francês=

== Numeral ==
'''qua.ran.te''' ''numeral cardinal''

:#O número ''[[quarenta]]''  (40).


== Ordinal equivalente ==

:# [[quarantième]]



== Outros verbetes ==

[[trente]] [[cinquante]]


[[Categoria:Numeral (Francês)|# 00040]][[Categoria:Francês]]

[[de:quarante]]
[[el:quarante]]
[[en:quarante]]
[[et:quarante]]
[[fi:quarante]]
[[fr:quarante]]
[[hu:quarante]]
[[hy:quarante]]
[[io:quarante]]
[[is:quarante]]
[[it:quarante]]
[[ja:quarante]]
[[ko:quarante]]
[[lo:quarante]]
[[lt:quarante]]
[[nl:quarante]]
[[ru:quarante]]
[[sv:quarante]]
[[tr:quarante]]
[[uk:quarante]]
[[vi:quarante]]
[[zh:quarante]]</text>
<sha1>5bipqhoe3ub4fygt7qnu7p53bmdespk</sha1>
</revision>
<revision>
<id>472443</id>
<parentid>368420</parentid>
<timestamp>2009-05-31T13:55:51Z</timestamp>
<contributor>
<username>Interwicket</username>
<id>6868</id>
</contributor>
<minor />
<comment>iwiki +[[:pl:quarante]]</comment>
<model>wikitext</model>
<format>text/x-wiki</format>
<text bytes="636" xml:space="preserve">=Francês=

== Numeral ==
'''qua.ran.te''' ''numeral cardinal''

:#O número ''[[quarenta]]''  (40).


== Ordinal equivalente ==

:# [[quarantième]]



== Outros verbetes ==

[[trente]] [[cinquante]]


[[Categoria:Numeral (Francês)|# 00040]][[Categoria:Francês]]

[[de:quarante]]
[[el:quarante]]
[[en:quarante]]
[[et:quarante]]
[[fi:quarante]]
[[fr:quarante]]
[[hu:quarante]]
[[hy:quarante]]
[[io:quarante]]
[[is:quarante]]
[[it:quarante]]
[[ja:quarante]]
[[ko:quarante]]
[[lo:quarante]]
[[lt:quarante]]
[[nl:quarante]]
[[pl:quarante]]
[[ru:quarante]]
[[sv:quarante]]
[[tr:quarante]]
[[uk:quarante]]
[[vi:quarante]]
[[zh:quarante]]</text>
<sha1>5q1iic4lhxydibwbhgxvmqqergcq3fh</sha1>
</revision>
<revision>
<id>491223</id>
<parentid>472443</parentid>
<timestamp>2009-07-06T19:52:51Z</timestamp>
<contributor>
<username>Cadum-Bot</username>
<id>8150</id>
</contributor>
<minor />
<comment>Idioma...</comment>
<model>wikitext</model>
<format>text/x-wiki</format>
<text bytes="614" xml:space="preserve">=Francês=

== Numeral ==
'''qua.ran.te''' ''numeral cardinal''

:#O número ''[[quarenta]]''  (40).


== Ordinal equivalente ==

:# [[quarantième]]



== Outros verbetes ==

[[trente]] [[cinquante]]


[[Categoria:Numeral (Francês)|# 00040]]

[[de:quarante]]
[[el:quarante]]
[[en:quarante]]
[[et:quarante]]
[[fi:quarante]]
[[fr:quarante]]
[[hu:quarante]]
[[hy:quarante]]
[[io:quarante]]
[[is:quarante]]
[[it:quarante]]
[[ja:quarante]]
[[ko:quarante]]
[[lo:quarante]]
[[lt:quarante]]
[[nl:quarante]]
[[pl:quarante]]
[[ru:quarante]]
[[sv:quarante]]
[[tr:quarante]]
[[uk:quarante]]
[[vi:quarante]]
[[zh:quarante]]</text>
<sha1>ssus8uv6h085x0s12nuo40qjdgwfd95</sha1>
</revision>
<revision>
<id>498248</id>
<parentid>491223</parentid>
<timestamp>2009-07-19T21:06:01Z</timestamp>
<contributor>
<username>Interwicket</username>
<id>6868</id>
</contributor>
<minor />
<comment>iwiki +[[:ta:quarante]]</comment>
<model>wikitext</model>
<format>text/x-wiki</format>
<text bytes="630" xml:space="preserve">=Francês=

== Numeral ==
'''qua.ran.te''' ''numeral cardinal''

:#O número ''[[quarenta]]''  (40).


== Ordinal equivalente ==

:# [[quarantième]]



== Outros verbetes ==

[[trente]] [[cinquante]]


[[Categoria:Numeral (Francês)|# 00040]]

[[de:quarante]]
[[el:quarante]]
[[en:quarante]]
[[et:quarante]]
[[fi:quarante]]
[[fr:quarante]]
[[hu:quarante]]
[[hy:quarante]]
[[io:quarante]]
[[is:quarante]]
[[it:quarante]]
[[ja:quarante]]
[[ko:quarante]]
[[lo:quarante]]
[[lt:quarante]]
[[nl:quarante]]
[[pl:quarante]]
[[ru:quarante]]
[[sv:quarante]]
[[ta:quarante]]
[[tr:quarante]]
[[uk:quarante]]
[[vi:quarante]]
[[zh:quarante]]</text>
<sha1>lxdw2d25hyvpw5oivina2a9uxaboyzo</sha1>
</revision>
<revision>
<id>633175</id>
<parentid>498248</parentid>
<timestamp>2009-11-30T18:05:48Z</timestamp>
<contributor>
<username>Interwicket</username>
<id>6868</id>
</contributor>
<minor />
<comment>iwiki +[[:no:quarante]]</comment>
<model>wikitext</model>
<format>text/x-wiki</format>
<text bytes="646" xml:space="preserve">=Francês=

== Numeral ==
'''qua.ran.te''' ''numeral cardinal''

:#O número ''[[quarenta]]''  (40).


== Ordinal equivalente ==

:# [[quarantième]]



== Outros verbetes ==

[[trente]] [[cinquante]]


[[Categoria:Numeral (Francês)|# 00040]]

[[de:quarante]]
[[el:quarante]]
[[en:quarante]]
[[et:quarante]]
[[fi:quarante]]
[[fr:quarante]]
[[hu:quarante]]
[[hy:quarante]]
[[io:quarante]]
[[is:quarante]]
[[it:quarante]]
[[ja:quarante]]
[[ko:quarante]]
[[lo:quarante]]
[[lt:quarante]]
[[nl:quarante]]
[[no:quarante]]
[[pl:quarante]]
[[ru:quarante]]
[[sv:quarante]]
[[ta:quarante]]
[[tr:quarante]]
[[uk:quarante]]
[[vi:quarante]]
[[zh:quarante]]</text>
<sha1>le1lt486jof1pwyyjmvzspqawx89bqk</sha1>
</revision>
<revision>
<id>858199</id>
<parentid>633175</parentid>
<timestamp>2010-04-18T19:42:37Z</timestamp>
<contributor>
<username>Interwicket</username>
<id>6868</id>
</contributor>
<minor />
<comment>iwiki +[[:wa:quarante]]</comment>
<model>wikitext</model>
<format>text/x-wiki</format>
<text bytes="662" xml:space="preserve">=Francês=

== Numeral ==
'''qua.ran.te''' ''numeral cardinal''

:#O número ''[[quarenta]]''  (40).


== Ordinal equivalente ==

:# [[quarantième]]



== Outros verbetes ==

[[trente]] [[cinquante]]


[[Categoria:Numeral (Francês)|# 00040]]

[[de:quarante]]
[[el:quarante]]
[[en:quarante]]
[[et:quarante]]
[[fi:quarante]]
[[fr:quarante]]
[[hu:quarante]]
[[hy:quarante]]
[[io:quarante]]
[[is:quarante]]
[[it:quarante]]
[[ja:quarante]]
[[ko:quarante]]
[[lo:quarante]]
[[lt:quarante]]
[[nl:quarante]]
[[no:quarante]]
[[pl:quarante]]
[[ru:quarante]]
[[sv:quarante]]
[[ta:quarante]]
[[tr:quarante]]
[[uk:quarante]]
[[vi:quarante]]
[[wa:quarante]]
[[zh:quarante]]</text>
<sha1>d8bsqupou874cyitzazllo9sr21qnze</sha1>
</revision>
<revision>
<id>952294</id>
<parentid>858199</parentid>
<timestamp>2010-09-09T05:26:47Z</timestamp>
<contributor>
<username>Interwicket</username>
<id>6868</id>
</contributor>
<minor />
<comment>iwiki +[[:cy:quarante]]</comment>
<model>wikitext</model>
<format>text/x-wiki</format>
<text bytes="678" xml:space="preserve">=Francês=

== Numeral ==
'''qua.ran.te''' ''numeral cardinal''

:#O número ''[[quarenta]]''  (40).


== Ordinal equivalente ==

:# [[quarantième]]



== Outros verbetes ==

[[trente]] [[cinquante]]


[[Categoria:Numeral (Francês)|# 00040]]

[[cy:quarante]]
[[de:quarante]]
[[el:quarante]]
[[en:quarante]]
[[et:quarante]]
[[fi:quarante]]
[[fr:quarante]]
[[hu:quarante]]
[[hy:quarante]]
[[io:quarante]]
[[is:quarante]]
[[it:quarante]]
[[ja:quarante]]
[[ko:quarante]]
[[lo:quarante]]
[[lt:quarante]]
[[nl:quarante]]
[[no:quarante]]
[[pl:quarante]]
[[ru:quarante]]
[[sv:quarante]]
[[ta:quarante]]
[[tr:quarante]]
[[uk:quarante]]
[[vi:quarante]]
[[wa:quarante]]
[[zh:quarante]]</text>
<sha1>ieusbekqmel3ip9jftcdui33u87oqk4</sha1>
</revision>
<revision>
<id>1014168</id>
<parentid>952294</parentid>
<timestamp>2011-01-24T07:15:14Z</timestamp>
<contributor>
<username>Luckas-bot</username>
<id>5986</id>
</contributor>
<minor />
<comment>r2.6.2) (Bot: Adicionando: [[eu:quarante]]</comment>
<model>wikitext</model>
<format>text/x-wiki</format>
<text bytes="694" xml:space="preserve">=Francês=

== Numeral ==
'''qua.ran.te''' ''numeral cardinal''

:#O número ''[[quarenta]]''  (40).


== Ordinal equivalente ==

:# [[quarantième]]



== Outros verbetes ==

[[trente]] [[cinquante]]


[[Categoria:Numeral (Francês)|# 00040]]

[[cy:quarante]]
[[de:quarante]]
[[el:quarante]]
[[en:quarante]]
[[et:quarante]]
[[eu:quarante]]
[[fi:quarante]]
[[fr:quarante]]
[[hu:quarante]]
[[hy:quarante]]
[[io:quarante]]
[[is:quarante]]
[[it:quarante]]
[[ja:quarante]]
[[ko:quarante]]
[[lo:quarante]]
[[lt:quarante]]
[[nl:quarante]]
[[no:quarante]]
[[pl:quarante]]
[[ru:quarante]]
[[sv:quarante]]
[[ta:quarante]]
[[tr:quarante]]
[[uk:quarante]]
[[vi:quarante]]
[[wa:quarante]]
[[zh:quarante]]</text>
<sha1>dm6ra4y2g0htkiyboca46lupphe7wqd</sha1>
</revision>
<revision>
<id>1218381</id>
<parentid>1014168</parentid>
<timestamp>2011-07-10T22:33:11Z</timestamp>
<contributor>
<username>MalafayaBot</username>
<id>628</id>
</contributor>
<minor />
<comment>Robô: Substituição de texto automática (-^\=\s?Francês\s?\= +={{-fr-}}= &amp; -^\=\s?\[\[Francês\]\]\s?\= +={{-fr-}}= &amp; -^\=\s?\{\{fr\}\}\s?\= +={{-fr-}}=)</comment>
<model>wikitext</model>
<format>text/x-wiki</format>
<text bytes="694" xml:space="preserve">={{-fr-}}=

== Numeral ==
'''qua.ran.te''' ''numeral cardinal''

:#O número ''[[quarenta]]''  (40).


== Ordinal equivalente ==

:# [[quarantième]]



== Outros verbetes ==

[[trente]] [[cinquante]]


[[Categoria:Numeral (Francês)|# 00040]]

[[cy:quarante]]
[[de:quarante]]
[[el:quarante]]
[[en:quarante]]
[[et:quarante]]
[[eu:quarante]]
[[fi:quarante]]
[[fr:quarante]]
[[hu:quarante]]
[[hy:quarante]]
[[io:quarante]]
[[is:quarante]]
[[it:quarante]]
[[ja:quarante]]
[[ko:quarante]]
[[lo:quarante]]
[[lt:quarante]]
[[nl:quarante]]
[[no:quarante]]
[[pl:quarante]]
[[ru:quarante]]
[[sv:quarante]]
[[ta:quarante]]
[[tr:quarante]]
[[uk:quarante]]
[[vi:quarante]]
[[wa:quarante]]
[[zh:quarante]]</text>
<sha1>lppneu5gyd7ry8l5qo68rarx9flhs9k</sha1>
</revision>
<revision>
<id>1261512</id>
<parentid>1218381</parentid>
<timestamp>2011-10-20T14:57:28Z</timestamp>
<contributor>
<username>KamikazeBot</username>
<id>23176</id>
</contributor>
<minor />
<comment>r2.6.4) (Robô: A adicionar: [[ast:quarante]], [[bs:quarante]], [[mg:quarante]]</comment>
<model>wikitext</model>
<format>text/x-wiki</format>
<text bytes="743" xml:space="preserve">={{-fr-}}=

== Numeral ==
'''qua.ran.te''' ''numeral cardinal''

:#O número ''[[quarenta]]''  (40).


== Ordinal equivalente ==

:# [[quarantième]]



== Outros verbetes ==

[[trente]] [[cinquante]]


[[Categoria:Numeral (Francês)|# 00040]]

[[ast:quarante]]
[[bs:quarante]]
[[cy:quarante]]
[[de:quarante]]
[[el:quarante]]
[[en:quarante]]
[[et:quarante]]
[[eu:quarante]]
[[fi:quarante]]
[[fr:quarante]]
[[hu:quarante]]
[[hy:quarante]]
[[io:quarante]]
[[is:quarante]]
[[it:quarante]]
[[ja:quarante]]
[[ko:quarante]]
[[lo:quarante]]
[[lt:quarante]]
[[mg:quarante]]
[[nl:quarante]]
[[no:quarante]]
[[pl:quarante]]
[[ru:quarante]]
[[sv:quarante]]
[[ta:quarante]]
[[tr:quarante]]
[[uk:quarante]]
[[vi:quarante]]
[[wa:quarante]]
[[zh:quarante]]</text>
<sha1>78osegv1frpoa6uqfqwmxm4zqwyu8v0</sha1>
</revision>
<revision>
<id>1364459</id>
<parentid>1261512</parentid>
<timestamp>2012-01-11T22:39:30Z</timestamp>
<contributor>
<username>Luckas-bot</username>
<id>5986</id>
</contributor>
<minor />
<comment>r2.7.1) (Robô: A adicionar: [[es:quarante]]</comment>
<model>wikitext</model>
<format>text/x-wiki</format>
<text bytes="759" xml:space="preserve">={{-fr-}}=

== Numeral ==
'''qua.ran.te''' ''numeral cardinal''

:#O número ''[[quarenta]]''  (40).


== Ordinal equivalente ==

:# [[quarantième]]



== Outros verbetes ==

[[trente]] [[cinquante]]


[[Categoria:Numeral (Francês)|# 00040]]

[[ast:quarante]]
[[bs:quarante]]
[[cy:quarante]]
[[de:quarante]]
[[el:quarante]]
[[en:quarante]]
[[es:quarante]]
[[et:quarante]]
[[eu:quarante]]
[[fi:quarante]]
[[fr:quarante]]
[[hu:quarante]]
[[hy:quarante]]
[[io:quarante]]
[[is:quarante]]
[[it:quarante]]
[[ja:quarante]]
[[ko:quarante]]
[[lo:quarante]]
[[lt:quarante]]
[[mg:quarante]]
[[nl:quarante]]
[[no:quarante]]
[[pl:quarante]]
[[ru:quarante]]
[[sv:quarante]]
[[ta:quarante]]
[[tr:quarante]]
[[uk:quarante]]
[[vi:quarante]]
[[wa:quarante]]
[[zh:quarante]]</text>
<sha1>n9omirj4ztbt615a6vhjnr3m8cqrrma</sha1>
</revision>
<revision>
<id>1366686</id>
<parentid>1364459</parentid>
<timestamp>2012-01-17T12:01:32Z</timestamp>
<contributor>
<username>Luckas-bot</username>
<id>5986</id>
</contributor>
<minor />
<comment>r2.7.1) (Robô: A adicionar: [[cs:quarante]]</comment>
<model>wikitext</model>
<format>text/x-wiki</format>
<text bytes="775" xml:space="preserve">={{-fr-}}=

== Numeral ==
'''qua.ran.te''' ''numeral cardinal''

:#O número ''[[quarenta]]''  (40).


== Ordinal equivalente ==

:# [[quarantième]]



== Outros verbetes ==

[[trente]] [[cinquante]]


[[Categoria:Numeral (Francês)|# 00040]]

[[ast:quarante]]
[[bs:quarante]]
[[cs:quarante]]
[[cy:quarante]]
[[de:quarante]]
[[el:quarante]]
[[en:quarante]]
[[es:quarante]]
[[et:quarante]]
[[eu:quarante]]
[[fi:quarante]]
[[fr:quarante]]
[[hu:quarante]]
[[hy:quarante]]
[[io:quarante]]
[[is:quarante]]
[[it:quarante]]
[[ja:quarante]]
[[ko:quarante]]
[[lo:quarante]]
[[lt:quarante]]
[[mg:quarante]]
[[nl:quarante]]
[[no:quarante]]
[[pl:quarante]]
[[ru:quarante]]
[[sv:quarante]]
[[ta:quarante]]
[[tr:quarante]]
[[uk:quarante]]
[[vi:quarante]]
[[wa:quarante]]
[[zh:quarante]]</text>
<sha1>ew9ao7sh5l1yurjpdunh7nksacxxktx</sha1>
</revision>
<revision>
<id>1686925</id>
<parentid>1366686</parentid>
<timestamp>2013-05-09T05:00:00Z</timestamp>
<contributor>
<username>HydrizBot</username>
<id>29590</id>
</contributor>
<minor />
<comment>r2.7.3) (Robô: A adicionar: [[da:quarante]]</comment>
<model>wikitext</model>
<format>text/x-wiki</format>
<text bytes="791" xml:space="preserve">={{-fr-}}=

== Numeral ==
'''qua.ran.te''' ''numeral cardinal''

:#O número ''[[quarenta]]''  (40).


== Ordinal equivalente ==

:# [[quarantième]]



== Outros verbetes ==

[[trente]] [[cinquante]]


[[Categoria:Numeral (Francês)|# 00040]]

[[ast:quarante]]
[[bs:quarante]]
[[cs:quarante]]
[[cy:quarante]]
[[da:quarante]]
[[de:quarante]]
[[el:quarante]]
[[en:quarante]]
[[es:quarante]]
[[et:quarante]]
[[eu:quarante]]
[[fi:quarante]]
[[fr:quarante]]
[[hu:quarante]]
[[hy:quarante]]
[[io:quarante]]
[[is:quarante]]
[[it:quarante]]
[[ja:quarante]]
[[ko:quarante]]
[[lo:quarante]]
[[lt:quarante]]
[[mg:quarante]]
[[nl:quarante]]
[[no:quarante]]
[[pl:quarante]]
[[ru:quarante]]
[[sv:quarante]]
[[ta:quarante]]
[[tr:quarante]]
[[uk:quarante]]
[[vi:quarante]]
[[wa:quarante]]
[[zh:quarante]]</text>
<sha1>qduytdprl5xztlo2rsygdm80gqi5xvw</sha1>
</revision>
<revision>
<id>1715164</id>
<parentid>1686925</parentid>
<timestamp>2013-08-19T10:43:57Z</timestamp>
<contributor>
<username>HydrizBot</username>
<id>29590</id>
</contributor>
<minor />
<comment>r2.7.3) (Robô: A adicionar: [[chr:quarante]]</comment>
<model>wikitext</model>
<format>text/x-wiki</format>
<text bytes="808" xml:space="preserve">={{-fr-}}=

== Numeral ==
'''qua.ran.te''' ''numeral cardinal''

:#O número ''[[quarenta]]''  (40).


== Ordinal equivalente ==

:# [[quarantième]]



== Outros verbetes ==

[[trente]] [[cinquante]]


[[Categoria:Numeral (Francês)|# 00040]]

[[ast:quarante]]
[[bs:quarante]]
[[chr:quarante]]
[[cs:quarante]]
[[cy:quarante]]
[[da:quarante]]
[[de:quarante]]
[[el:quarante]]
[[en:quarante]]
[[es:quarante]]
[[et:quarante]]
[[eu:quarante]]
[[fi:quarante]]
[[fr:quarante]]
[[hu:quarante]]
[[hy:quarante]]
[[io:quarante]]
[[is:quarante]]
[[it:quarante]]
[[ja:quarante]]
[[ko:quarante]]
[[lo:quarante]]
[[lt:quarante]]
[[mg:quarante]]
[[nl:quarante]]
[[no:quarante]]
[[pl:quarante]]
[[ru:quarante]]
[[sv:quarante]]
[[ta:quarante]]
[[tr:quarante]]
[[uk:quarante]]
[[vi:quarante]]
[[wa:quarante]]
[[zh:quarante]]</text>
<sha1>pfejcfqaeufzotyiemxeclq7hc9hah1</sha1>
</revision>
<revision>
<id>1925713</id>
<parentid>1715164</parentid>
<timestamp>2015-04-30T10:17:40Z</timestamp>
<contributor>
<username>JAnDbot</username>
<id>25083</id>
</contributor>
<minor />
<comment>r2.7.3) (Robô: A adicionar: [[ca:quarante]]</comment>
<model>wikitext</model>
<format>text/x-wiki</format>
<text bytes="824" xml:space="preserve">={{-fr-}}=

== Numeral ==
'''qua.ran.te''' ''numeral cardinal''

:#O número ''[[quarenta]]''  (40).


== Ordinal equivalente ==

:# [[quarantième]]



== Outros verbetes ==

[[trente]] [[cinquante]]


[[Categoria:Numeral (Francês)|# 00040]]

[[ast:quarante]]
[[bs:quarante]]
[[ca:quarante]]
[[chr:quarante]]
[[cs:quarante]]
[[cy:quarante]]
[[da:quarante]]
[[de:quarante]]
[[el:quarante]]
[[en:quarante]]
[[es:quarante]]
[[et:quarante]]
[[eu:quarante]]
[[fi:quarante]]
[[fr:quarante]]
[[hu:quarante]]
[[hy:quarante]]
[[io:quarante]]
[[is:quarante]]
[[it:quarante]]
[[ja:quarante]]
[[ko:quarante]]
[[lo:quarante]]
[[lt:quarante]]
[[mg:quarante]]
[[nl:quarante]]
[[no:quarante]]
[[pl:quarante]]
[[ru:quarante]]
[[sv:quarante]]
[[ta:quarante]]
[[tr:quarante]]
[[uk:quarante]]
[[vi:quarante]]
[[wa:quarante]]
[[zh:quarante]]</text>
<sha1>0eommhx5p00bplc461eilqopk0c7xal</sha1>
</revision>
<revision>
<id>1988984</id>
<parentid>1925713</parentid>
<timestamp>2015-08-27T12:49:42Z</timestamp>
<contributor>
<username>YS-Bot</username>
<id>32241</id>
</contributor>
<minor />
<comment>r2.7.3) (Robô: A adicionar: [[mi:quarante]]</comment>
<model>wikitext</model>
<format>text/x-wiki</format>
<text bytes="840" xml:space="preserve">={{-fr-}}=

== Numeral ==
'''qua.ran.te''' ''numeral cardinal''

:#O número ''[[quarenta]]''  (40).


== Ordinal equivalente ==

:# [[quarantième]]



== Outros verbetes ==

[[trente]] [[cinquante]]


[[Categoria:Numeral (Francês)|# 00040]]

[[ast:quarante]]
[[bs:quarante]]
[[ca:quarante]]
[[chr:quarante]]
[[cs:quarante]]
[[cy:quarante]]
[[da:quarante]]
[[de:quarante]]
[[el:quarante]]
[[en:quarante]]
[[es:quarante]]
[[et:quarante]]
[[eu:quarante]]
[[fi:quarante]]
[[fr:quarante]]
[[hu:quarante]]
[[hy:quarante]]
[[io:quarante]]
[[is:quarante]]
[[it:quarante]]
[[ja:quarante]]
[[ko:quarante]]
[[lo:quarante]]
[[lt:quarante]]
[[mg:quarante]]
[[mi:quarante]]
[[nl:quarante]]
[[no:quarante]]
[[pl:quarante]]
[[ru:quarante]]
[[sv:quarante]]
[[ta:quarante]]
[[tr:quarante]]
[[uk:quarante]]
[[vi:quarante]]
[[wa:quarante]]
[[zh:quarante]]</text>
<sha1>e65jev0l9mcl2gu2yralhv612lcoket</sha1>
</revision>
<revision>
<id>2053575</id>
<parentid>1988984</parentid>
<timestamp>2016-01-07T09:47:20Z</timestamp>
<contributor>
<username>JAnDbot</username>
<id>25083</id>
</contributor>
<minor />
<comment>Robô: A adicionar: [[sk:quarante]]</comment>
<model>wikitext</model>
<format>text/x-wiki</format>
<text bytes="856" xml:space="preserve">={{-fr-}}=

== Numeral ==
'''qua.ran.te''' ''numeral cardinal''

:#O número ''[[quarenta]]''  (40).


== Ordinal equivalente ==

:# [[quarantième]]



== Outros verbetes ==

[[trente]] [[cinquante]]


[[Categoria:Numeral (Francês)|# 00040]]

[[ast:quarante]]
[[bs:quarante]]
[[ca:quarante]]
[[chr:quarante]]
[[cs:quarante]]
[[cy:quarante]]
[[da:quarante]]
[[de:quarante]]
[[el:quarante]]
[[en:quarante]]
[[es:quarante]]
[[et:quarante]]
[[eu:quarante]]
[[fi:quarante]]
[[fr:quarante]]
[[hu:quarante]]
[[hy:quarante]]
[[io:quarante]]
[[is:quarante]]
[[it:quarante]]
[[ja:quarante]]
[[ko:quarante]]
[[lo:quarante]]
[[lt:quarante]]
[[mg:quarante]]
[[mi:quarante]]
[[nl:quarante]]
[[no:quarante]]
[[pl:quarante]]
[[ru:quarante]]
[[sk:quarante]]
[[sv:quarante]]
[[ta:quarante]]
[[tr:quarante]]
[[uk:quarante]]
[[vi:quarante]]
[[wa:quarante]]
[[zh:quarante]]</text>
<sha1>d8el9qnot8g6ubq6paln9iqv76znw0s</sha1>
</revision>
<revision>
<id>2238447</id>
<parentid>2053575</parentid>
<timestamp>2017-02-14T12:14:40Z</timestamp>
<contributor>
<username>UT-interwiki-Bot</username>
<id>56129</id>
</contributor>
<minor />
<comment>Robô: A adicionar: [[eo:quarante]]</comment>
<model>wikitext</model>
<format>text/x-wiki</format>
<text bytes="872" xml:space="preserve">={{-fr-}}=

== Numeral ==
'''qua.ran.te''' ''numeral cardinal''

:#O número ''[[quarenta]]''  (40).


== Ordinal equivalente ==

:# [[quarantième]]



== Outros verbetes ==

[[trente]] [[cinquante]]


[[Categoria:Numeral (Francês)|# 00040]]

[[ast:quarante]]
[[bs:quarante]]
[[ca:quarante]]
[[chr:quarante]]
[[cs:quarante]]
[[cy:quarante]]
[[da:quarante]]
[[de:quarante]]
[[el:quarante]]
[[en:quarante]]
[[eo:quarante]]
[[es:quarante]]
[[et:quarante]]
[[eu:quarante]]
[[fi:quarante]]
[[fr:quarante]]
[[hu:quarante]]
[[hy:quarante]]
[[io:quarante]]
[[is:quarante]]
[[it:quarante]]
[[ja:quarante]]
[[ko:quarante]]
[[lo:quarante]]
[[lt:quarante]]
[[mg:quarante]]
[[mi:quarante]]
[[nl:quarante]]
[[no:quarante]]
[[pl:quarante]]
[[ru:quarante]]
[[sk:quarante]]
[[sv:quarante]]
[[ta:quarante]]
[[tr:quarante]]
[[uk:quarante]]
[[vi:quarante]]
[[wa:quarante]]
[[zh:quarante]]</text>
<sha1>68y749z53e9bq5a711iz4q3uqy3by2e</sha1>
</revision>
<revision>
<id>2396778</id>
<parentid>2238447</parentid>
<timestamp>2017-05-13T11:01:44Z</timestamp>
<contributor>
<username>HydrizBot</username>
<id>29590</id>
</contributor>
<minor />
<comment>Robô: A limpar links interwikis antigos</comment>
<model>wikitext</model>
<format>text/x-wiki</format>
<text bytes="245" xml:space="preserve">={{-fr-}}=

== Numeral ==
'''qua.ran.te''' ''numeral cardinal''

:#O número ''[[quarenta]]''  (40).


== Ordinal equivalente ==

:# [[quarantième]]



== Outros verbetes ==

[[trente]] [[cinquante]]


[[Categoria:Numeral (Francês)|# 00040]]</text>
<sha1>4les9lor86gho2kspezdqmz2068j1sg</sha1>
</revision>
</page>
