<title>quararíeis</title>
<ns>0</ns>
<id>194737</id>
<revision>
<id>747888</id>
<timestamp>2010-02-05T14:10:43Z</timestamp>
<contributor>
<username>Jesielt-bot</username>
<id>10876</id>
</contributor>
<comment>Verbete criado por bot.</comment>
<model>wikitext</model>
<format>text/x-wiki</format>
<text bytes="172" xml:space="preserve">={{pt}}=
==Forma verbal==
'''quararíeis'''
#[[segunda pessoa]] do [[plural]] do [[futuro do pretérito]] do verbo '''[[quarar]]'''

[[Categoria:Forma verbal (Português)]]</text>
<sha1>i3vh8n7l0s19z963lbfzjpmdsuejr3q</sha1>
</revision>
<revision>
<id>766573</id>
<parentid>747888</parentid>
<timestamp>2010-02-10T23:26:46Z</timestamp>
<contributor>
<username>Interwicket</username>
<id>6868</id>
</contributor>
<minor />
<comment>iwiki +[[:no:quararíeis]]</comment>
<model>wikitext</model>
<format>text/x-wiki</format>
<text bytes="192" xml:space="preserve">={{pt}}=
==Forma verbal==
'''quararíeis'''
#[[segunda pessoa]] do [[plural]] do [[futuro do pretérito]] do verbo '''[[quarar]]'''

[[Categoria:Forma verbal (Português)]]

[[no:quararíeis]]</text>
<sha1>h5ql0mu2p32pyebq31yhgu3qbrckubd</sha1>
</revision>
<revision>
<id>1168089</id>
<parentid>766573</parentid>
<timestamp>2011-07-06T12:12:50Z</timestamp>
<contributor>
<username>MalafayaBot</username>
<id>628</id>
</contributor>
<minor />
<comment>Robô: Substituição de texto automática (-^\=\s?Português\s?\= +={{-pt-}}= &amp; -^\=\s?\{\{pt\}\}\s?\= +={{-pt-}}=)</comment>
<model>wikitext</model>
<format>text/x-wiki</format>
<text bytes="194" xml:space="preserve">={{-pt-}}=
==Forma verbal==
'''quararíeis'''
#[[segunda pessoa]] do [[plural]] do [[futuro do pretérito]] do verbo '''[[quarar]]'''

[[Categoria:Forma verbal (Português)]]

[[no:quararíeis]]</text>
<sha1>kjbnat8jl6xjkf378p5wrc8e6a6mn0q</sha1>
</revision>
<revision>
<id>2396798</id>
<parentid>1168089</parentid>
<timestamp>2017-05-13T11:02:18Z</timestamp>
<contributor>
<username>HydrizBot</username>
<id>29590</id>
</contributor>
<minor />
<comment>Robô: A limpar links interwikis antigos</comment>
<model>wikitext</model>
<format>text/x-wiki</format>
<text bytes="174" xml:space="preserve">={{-pt-}}=
==Forma verbal==
'''quararíeis'''
#[[segunda pessoa]] do [[plural]] do [[futuro do pretérito]] do verbo '''[[quarar]]'''

[[Categoria:Forma verbal (Português)]]</text>
<sha1>6wf3te2ycuynr6xsfky7g50vv0mmepv</sha1>
</revision>
</page>
