<title>quaramos</title>
<ns>0</ns>
<id>157557</id>
<revision>
<id>668692</id>
<timestamp>2009-12-27T13:20:35Z</timestamp>
<contributor>
<username>Jesielt-bot</username>
<id>10876</id>
</contributor>
<comment>Artigo criado por bot</comment>
<model>wikitext</model>
<format>text/x-wiki</format>
<text bytes="321" xml:space="preserve">={{pt}}=
==Forma verbal==
'''quaramos'''
#[[primeira pessoa]] do [[plural]] do [[presente]] do [[modo indicativo]] do verbo '''[[quarar]]'''
#{{escopo|grafia brasileira}} [[primeira pessoa]] do [[plural]] do [[pretérito perfeito]] do [[modo indicativo]] do verbo '''[[quarar]]'''

[[Categoria:Forma verbal (Português)]]</text>
<sha1>am96zj2hgxh4h151qu8rw9eghiw6bw5</sha1>
</revision>
<revision>
<id>678955</id>
<parentid>668692</parentid>
<timestamp>2010-01-01T12:32:01Z</timestamp>
<contributor>
<username>Interwicket</username>
<id>6868</id>
</contributor>
<minor />
<comment>iwiki +[[:no:quaramos]]</comment>
<model>wikitext</model>
<format>text/x-wiki</format>
<text bytes="338" xml:space="preserve">={{pt}}=
==Forma verbal==
'''quaramos'''
#[[primeira pessoa]] do [[plural]] do [[presente]] do [[modo indicativo]] do verbo '''[[quarar]]'''
#{{escopo|grafia brasileira}} [[primeira pessoa]] do [[plural]] do [[pretérito perfeito]] do [[modo indicativo]] do verbo '''[[quarar]]'''

[[Categoria:Forma verbal (Português)]]

[[no:quaramos]]</text>
<sha1>0f4yl0l86pof4zkpphwb9ump4lod20e</sha1>
</revision>
<revision>
<id>1168070</id>
<parentid>678955</parentid>
<timestamp>2011-07-06T12:12:30Z</timestamp>
<contributor>
<username>MalafayaBot</username>
<id>628</id>
</contributor>
<minor />
<comment>Robô: Substituição de texto automática (-^\=\s?Português\s?\= +={{-pt-}}= &amp; -^\=\s?\{\{pt\}\}\s?\= +={{-pt-}}=)</comment>
<model>wikitext</model>
<format>text/x-wiki</format>
<text bytes="340" xml:space="preserve">={{-pt-}}=
==Forma verbal==
'''quaramos'''
#[[primeira pessoa]] do [[plural]] do [[presente]] do [[modo indicativo]] do verbo '''[[quarar]]'''
#{{escopo|grafia brasileira}} [[primeira pessoa]] do [[plural]] do [[pretérito perfeito]] do [[modo indicativo]] do verbo '''[[quarar]]'''

[[Categoria:Forma verbal (Português)]]

[[no:quaramos]]</text>
<sha1>4pd6w7h7w6fwp3an9cpd4ycnvm7qdsx</sha1>
</revision>
<revision>
<id>2396775</id>
<parentid>1168070</parentid>
<timestamp>2017-05-13T11:01:30Z</timestamp>
<contributor>
<username>HydrizBot</username>
<id>29590</id>
</contributor>
<minor />
<comment>Robô: A limpar links interwikis antigos</comment>
<model>wikitext</model>
<format>text/x-wiki</format>
<text bytes="323" xml:space="preserve">={{-pt-}}=
==Forma verbal==
'''quaramos'''
#[[primeira pessoa]] do [[plural]] do [[presente]] do [[modo indicativo]] do verbo '''[[quarar]]'''
#{{escopo|grafia brasileira}} [[primeira pessoa]] do [[plural]] do [[pretérito perfeito]] do [[modo indicativo]] do verbo '''[[quarar]]'''

[[Categoria:Forma verbal (Português)]]</text>
<sha1>17zyo3w3sf6g1q0svdi376mrrwvjlpa</sha1>
</revision>
<revision>
<id>2490455</id>
<parentid>2396775</parentid>
<timestamp>2018-03-22T14:10:29Z</timestamp>
<contributor>
<username>ValJor</username>
<id>1358</id>
</contributor>
<comment>Acrescentando a predefinição avi-for-fle</comment>
<model>wikitext</model>
<format>text/x-wiki</format>
<text bytes="318" xml:space="preserve">={{-pt-}}=
==Forma verbal==
{{paroxítona|qua|ra|mos}}
# primeira pessoa do plural do presente do modo indicativo do verbo [[quarar]]
# {{escopo2|grafia brasileira}} primeira pessoa do plural do pretérito perfeito do modo indicativo do verbo [[quarar]]

{{avi-for-fle|quarar}}

[[Categoria:Forma verbal (Português)]]</text>
<sha1>l97ozwb2wkcvvwuajb9q5wowmhou5y6</sha1>
</revision>
</page>
