<title>quaradouro</title>
<ns>0</ns>
<id>39792</id>
<revision>
<id>147082</id>
<timestamp>2006-07-31T14:08:26Z</timestamp>
<contributor>
<username>Paes</username>
<id>582</id>
</contributor>
<model>wikitext</model>
<format>text/x-wiki</format>
<text bytes="226" xml:space="preserve">=[[Imagem:Flag of Brazil.svg|30px]] Português =
==Substantivo==
[[Categoria:Substantivo (Português)]]
'''{{PAGENAME}} [ qua.ra.dou.ro ] ''' ''substantivo masculino ''

# lugar onde se põe a roupa a [[corar]]
# [[coradouro]]</text>
<sha1>d6aelb0kb7h6md841e60cn4dqdp4ril</sha1>
</revision>
<revision>
<id>318373</id>
<parentid>147082</parentid>
<timestamp>2007-12-26T20:58:20Z</timestamp>
<contributor>
<username>ValJor</username>
<id>1358</id>
</contributor>
<comment>Por um [[Especial:Lonelypages|wikcionário sem órfãos]]!</comment>
<model>wikitext</model>
<format>text/x-wiki</format>
<text bytes="428" xml:space="preserve">=Português=
==Substantivo==
{{flex.pt.masculino|s=quaradouro|p=quaradouros}}
'''qua.ra.&lt;u&gt;dou&lt;/u&gt;.ro''', ''masculino''
# {{escopo|Brasil}} lugar onde se põe a [[roupa]] a [[corar]]; [[coradouro]]; [[quarador]]
{{-etimologia-}}
: De [[quarar]] + [[-douro]].
[[Categoria:Substantivo (Português)]]
[[Categoria:Polissílabo (Português)]]
[[Categoria:Paroxítona (Português)]]
[[Categoria:Vocábulo com etimologia (Português)]]</text>
<sha1>b028qkxmu4s4400q5ofsxbbhl4cy6n7</sha1>
</revision>
<revision>
<id>608701</id>
<parentid>318373</parentid>
<timestamp>2009-11-12T01:41:16Z</timestamp>
<contributor>
<username>Jesielt-bot</username>
<id>10876</id>
</contributor>
<comment>, Replaced: {{-etimologia-}} → =={{etimologia}}==, utilizando [[Project:AutoWikiBrowser|AWB]]</comment>
<model>wikitext</model>
<format>text/x-wiki</format>
<text bytes="430" xml:space="preserve">=Português=
==Substantivo==
{{flex.pt.masculino|s=quaradouro|p=quaradouros}}
'''qua.ra.&lt;u&gt;dou&lt;/u&gt;.ro''', ''masculino''
# {{escopo|Brasil}} lugar onde se põe a [[roupa]] a [[corar]]; [[coradouro]]; [[quarador]]
=={{etimologia}}==
: De [[quarar]] + [[-douro]].
[[Categoria:Substantivo (Português)]]
[[Categoria:Polissílabo (Português)]]
[[Categoria:Paroxítona (Português)]]
[[Categoria:Vocábulo com etimologia (Português)]]</text>
<sha1>hf244h1n2x5uoze91gejznicbsgc74j</sha1>
</revision>
<revision>
<id>1209291</id>
<parentid>608701</parentid>
<timestamp>2011-07-10T11:40:38Z</timestamp>
<contributor>
<username>MalafayaBot</username>
<id>628</id>
</contributor>
<minor />
<comment>Robô: Substituição de texto automática (-^\=\s?Português\s?\= +={{-pt-}}= &amp; -^\=\s?\{\{pt\}\}\s?\= +={{-pt-}}=)</comment>
<model>wikitext</model>
<format>text/x-wiki</format>
<text bytes="428" xml:space="preserve">={{-pt-}}=
==Substantivo==
{{flex.pt.masculino|s=quaradouro|p=quaradouros}}
'''qua.ra.&lt;u&gt;dou&lt;/u&gt;.ro''', ''masculino''
# {{escopo|Brasil}} lugar onde se põe a [[roupa]] a [[corar]]; [[coradouro]]; [[quarador]]
=={{etimologia}}==
: De [[quarar]] + [[-douro]].
[[Categoria:Substantivo (Português)]]
[[Categoria:Polissílabo (Português)]]
[[Categoria:Paroxítona (Português)]]
[[Categoria:Vocábulo com etimologia (Português)]]</text>
<sha1>3lblp4ggge71uzi73z5l9uf5wh55wca</sha1>
</revision>
<revision>
<id>1606733</id>
<parentid>1209291</parentid>
<timestamp>2013-01-19T22:02:12Z</timestamp>
<contributor>
<username>MalafayaBot</username>
<id>628</id>
</contributor>
<minor />
<comment>Robô: A modificar Categoria:Vocábulo com etimologia (Português) para Categoria:Entrada com etimologia (Português)</comment>
<model>wikitext</model>
<format>text/x-wiki</format>
<text bytes="426" xml:space="preserve">={{-pt-}}=
==Substantivo==
{{flex.pt.masculino|s=quaradouro|p=quaradouros}}
'''qua.ra.&lt;u&gt;dou&lt;/u&gt;.ro''', ''masculino''
# {{escopo|Brasil}} lugar onde se põe a [[roupa]] a [[corar]]; [[coradouro]]; [[quarador]]
=={{etimologia}}==
: De [[quarar]] + [[-douro]].
[[Categoria:Substantivo (Português)]]
[[Categoria:Polissílabo (Português)]]
[[Categoria:Paroxítona (Português)]]
[[Categoria:Entrada com etimologia (Português)]]</text>
<sha1>gnu4cr6229atfvs4bgwkv4iczqsofs1</sha1>
</revision>
<revision>
<id>2211165</id>
<parentid>1606733</parentid>
<timestamp>2016-12-12T19:00:35Z</timestamp>
<contributor>
<username>Defender</username>
<id>15952</id>
</contributor>
<model>wikitext</model>
<format>text/x-wiki</format>
<text bytes="316" xml:space="preserve">={{-pt-}}=
==Substantivo==
{{flex.pt|ms=quaradouro|mp=quaradouros}}
{{paroxítona|qua|ra|dou|ro}}, ''masculino''
# {{escopo|pt|Brasil}} lugar onde se põe a [[roupa]] a [[corar]]; [[coradouro]]; [[quarador]]
=={{etimologia|pt}}==
:{{escopo|Morfologia}} [[quarar]] + [[-douro]].
[[Categoria:Substantivo (Português)]]</text>
<sha1>ah89khwwybyuukmz7kej1r0ub0h4q9o</sha1>
</revision>
</page>
