<title>quaráreis</title>
<ns>0</ns>
<id>182226</id>
<revision>
<id>731042</id>
<timestamp>2010-01-29T13:52:43Z</timestamp>
<contributor>
<username>Jesielt-bot</username>
<id>10876</id>
</contributor>
<comment>Verbete criado por bot.</comment>
<model>wikitext</model>
<format>text/x-wiki</format>
<text bytes="179" xml:space="preserve">={{pt}}=
==Forma verbal==
'''quaráreis'''
#[[segunda pessoa]] do [[plural]] do [[pretérito mais-que-perfeito]] do verbo '''[[quarar]]'''

[[Categoria:Forma verbal (Português)]]</text>
<sha1>r6nq3hvetimu60gpfl9bfb5uuobq60w</sha1>
</revision>
<revision>
<id>745090</id>
<parentid>731042</parentid>
<timestamp>2010-02-05T08:46:13Z</timestamp>
<contributor>
<username>Interwicket</username>
<id>6868</id>
</contributor>
<minor />
<comment>iwiki +[[:no:quaráreis]]</comment>
<model>wikitext</model>
<format>text/x-wiki</format>
<text bytes="198" xml:space="preserve">={{pt}}=
==Forma verbal==
'''quaráreis'''
#[[segunda pessoa]] do [[plural]] do [[pretérito mais-que-perfeito]] do verbo '''[[quarar]]'''

[[Categoria:Forma verbal (Português)]]

[[no:quaráreis]]</text>
<sha1>dgbk3gifs8mcdfhjeqffev6v9sl2f6v</sha1>
</revision>
<revision>
<id>1168109</id>
<parentid>745090</parentid>
<timestamp>2011-07-06T12:13:12Z</timestamp>
<contributor>
<username>MalafayaBot</username>
<id>628</id>
</contributor>
<minor />
<comment>Robô: Substituição de texto automática (-^\=\s?Português\s?\= +={{-pt-}}= &amp; -^\=\s?\{\{pt\}\}\s?\= +={{-pt-}}=)</comment>
<model>wikitext</model>
<format>text/x-wiki</format>
<text bytes="200" xml:space="preserve">={{-pt-}}=
==Forma verbal==
'''quaráreis'''
#[[segunda pessoa]] do [[plural]] do [[pretérito mais-que-perfeito]] do verbo '''[[quarar]]'''

[[Categoria:Forma verbal (Português)]]

[[no:quaráreis]]</text>
<sha1>g3o8quvb9yr8cpjg1yxcfdu81r0ej2b</sha1>
</revision>
<revision>
<id>2396848</id>
<parentid>1168109</parentid>
<timestamp>2017-05-13T11:04:18Z</timestamp>
<contributor>
<username>HydrizBot</username>
<id>29590</id>
</contributor>
<minor />
<comment>Robô: A limpar links interwikis antigos</comment>
<model>wikitext</model>
<format>text/x-wiki</format>
<text bytes="181" xml:space="preserve">={{-pt-}}=
==Forma verbal==
'''quaráreis'''
#[[segunda pessoa]] do [[plural]] do [[pretérito mais-que-perfeito]] do verbo '''[[quarar]]'''

[[Categoria:Forma verbal (Português)]]</text>
<sha1>ecf8k6ptelju04z7y5qogfbtmafxzsm</sha1>
</revision>
</page>
