<title>quarador</title>
<ns>0</ns>
<id>39790</id>
<revision>
<id>147079</id>
<timestamp>2006-07-31T14:00:15Z</timestamp>
<contributor>
<username>Paes</username>
<id>582</id>
</contributor>
<model>wikitext</model>
<format>text/x-wiki</format>
<text bytes="195" xml:space="preserve">=[[Imagem:Flag of Brazil.svg|30px]] Português =
==Substantivo==
[[Categoria:Substantivo (Português)]]
'''{{PAGENAME}} [ qua.ra.dor ] ''' ''substantivo masculino ''

# o mesmo que [[quaradouro]]</text>
<sha1>869r5z9fwjw6ektlmd36occ459coah2</sha1>
</revision>
<revision>
<id>1280628</id>
<parentid>147079</parentid>
<timestamp>2011-11-15T15:49:00Z</timestamp>
<contributor>
<username>ValJor</username>
<id>1358</id>
</contributor>
<comment>Parênteses ou chaves no cabeçalho de língua</comment>
<model>wikitext</model>
<format>text/x-wiki</format>
<text bytes="278" xml:space="preserve">={{-pt-}}=
==Substantivo==
{{flex.pt|ms=quarador|mp=quaradores}}
{{oxítona|qua|ra|dor}}
# {{escopo|Brasil}} o mesmo que [[quaradouro]]

===Sinônimo===
* [[coradouro]]

=={{etimologia|pt}}==
: {{escopo|Morfologia}} [[quarado]] + [[-or]].

[[Categoria:Substantivo (Português)]]</text>
<sha1>1n8htwhp21y4v0jdjjks3lureasa5ba</sha1>
</revision>
<revision>
<id>2601985</id>
<parentid>1280628</parentid>
<timestamp>2020-11-14T11:47:00Z</timestamp>
<contributor>
<username>ValJor</username>
<id>1358</id>
</contributor>
<comment>Acrescentando código de língua à [[:Categoria:!Página com mensagem de erro em predefinição|predefinição escopo]]</comment>
<model>wikitext</model>
<format>text/x-wiki</format>
<text bytes="388" xml:space="preserve">={{-pt-}}=
==Substantivo==
{{flex.pt|ms=quarador|mp=quaradores}}
{{oxítona|qua|ra|dor}}, {{gramática|m}}
# {{escopo|pt|Brasil}} o mesmo que [[quaradouro]]

===Sinônimo===
* [[coradouro]]

=={{etimologia|pt}}==
: {{escopo|Morfologia}} [[quarado]] + [[-or]].

==Ligações externas==
* {{Aulete}}
* {{Michaelis}}
* {{DPLP}}
* {{PLP}}
* {{VOLPABL}}

[[Categoria:Substantivo (Português)]]</text>
<sha1>icapzvr8sugvg3jvfgde1uxdclqmuoz</sha1>
</revision>
</page>
