<title>quararem</title>
<ns>0</ns>
<id>211676</id>
<revision>
<id>799992</id>
<timestamp>2010-02-18T19:09:01Z</timestamp>
<contributor>
<username>Jesielt-bot</username>
<id>10876</id>
</contributor>
<comment>Verbete criado por bot.</comment>
<model>wikitext</model>
<format>text/x-wiki</format>
<text bytes="266" xml:space="preserve">={{pt}}=
==Forma verbal==
'''quararem'''
#[[terceira pessoa]] do [[plural]] do [[futuro]] do [[modo subjuntivo]] do verbo '''[[quarar]]'''
#[[infinitivo pessoal]] da [[terceira pessoa]] do [[plural]] do verbo '''[[quarar]]'''

[[Categoria:Forma verbal (Português)]]</text>
<sha1>6a6xgz4gb1hck8pf5xveo2uruz9t0h0</sha1>
</revision>
<revision>
<id>812321</id>
<parentid>799992</parentid>
<timestamp>2010-02-23T19:52:00Z</timestamp>
<contributor>
<username>Interwicket</username>
<id>6868</id>
</contributor>
<minor />
<comment>iwiki +[[:no:quararem]]</comment>
<model>wikitext</model>
<format>text/x-wiki</format>
<text bytes="283" xml:space="preserve">={{pt}}=
==Forma verbal==
'''quararem'''
#[[terceira pessoa]] do [[plural]] do [[futuro]] do [[modo subjuntivo]] do verbo '''[[quarar]]'''
#[[infinitivo pessoal]] da [[terceira pessoa]] do [[plural]] do verbo '''[[quarar]]'''

[[Categoria:Forma verbal (Português)]]

[[no:quararem]]</text>
<sha1>g5kupcxcl2h7ce0ag42i6vkqhj3mij3</sha1>
</revision>
<revision>
<id>1168078</id>
<parentid>812321</parentid>
<timestamp>2011-07-06T12:12:38Z</timestamp>
<contributor>
<username>MalafayaBot</username>
<id>628</id>
</contributor>
<minor />
<comment>Robô: Substituição de texto automática (-^\=\s?Português\s?\= +={{-pt-}}= &amp; -^\=\s?\{\{pt\}\}\s?\= +={{-pt-}}=)</comment>
<model>wikitext</model>
<format>text/x-wiki</format>
<text bytes="285" xml:space="preserve">={{-pt-}}=
==Forma verbal==
'''quararem'''
#[[terceira pessoa]] do [[plural]] do [[futuro]] do [[modo subjuntivo]] do verbo '''[[quarar]]'''
#[[infinitivo pessoal]] da [[terceira pessoa]] do [[plural]] do verbo '''[[quarar]]'''

[[Categoria:Forma verbal (Português)]]

[[no:quararem]]</text>
<sha1>lh3rklt4zhm4prqhss0cij81iv9tfg3</sha1>
</revision>
<revision>
<id>2396787</id>
<parentid>1168078</parentid>
<timestamp>2017-05-13T11:02:00Z</timestamp>
<contributor>
<username>HydrizBot</username>
<id>29590</id>
</contributor>
<minor />
<comment>Robô: A limpar links interwikis antigos</comment>
<model>wikitext</model>
<format>text/x-wiki</format>
<text bytes="268" xml:space="preserve">={{-pt-}}=
==Forma verbal==
'''quararem'''
#[[terceira pessoa]] do [[plural]] do [[futuro]] do [[modo subjuntivo]] do verbo '''[[quarar]]'''
#[[infinitivo pessoal]] da [[terceira pessoa]] do [[plural]] do verbo '''[[quarar]]'''

[[Categoria:Forma verbal (Português)]]</text>
<sha1>l01l4cxuzi2nzp0d3ox8hyml3mi6gdb</sha1>
</revision>
</page>
