<title>quartzo</title>
<ns>0</ns>
<id>46348</id>
<revision>
<id>177971</id>
<timestamp>2006-10-12T13:33:49Z</timestamp>
<contributor>
<username>Gbranco</username>
<id>436</id>
</contributor>
<model>wikitext</model>
<format>text/x-wiki</format>
<text bytes="1214" xml:space="preserve">{{wikipedia}}
{{-pt-}}
== Substantivo ==
[[Image:USDA Mineral Quartz Crystal 93c3951.jpg|200px|thumb|Cristal de Quartzo]]
'''quart.zo''' ''masculino'' ''(plural:'' quartzos'')''
#{{geologia}} é o [[mineral]] mais [[abundante]] do [[planeta]], representando 12% da [[crostra terrestre]]. É formado basicamente por [[sílica]] ([[dióxido de silício]] [[Si]][[O]]&lt;sub&gt;2&lt;/sub&gt;), que forma uma [[estrutura]] [[cristalina]] [[trigonal]] composta por [[tetraedro]]s. É largamente utilizado na [[indústria]] para a [[fabricação]] dos mais diversos [[produto]]s como, [[vidro]]s, [[abrasivo]]s, [[fibra ótica|fibras óticas]], [[componente]]s [[eletrônico]]s, [[intrumento]]s [[ótico]]s, [[cerâmica]]s, [[jóia]]s e [[ornamento]]s.

=== Tradução ===
{{tradini}}
* {{fr}}: {{xlatio|fr|quartz|}}
* {{en}}: {{xlatio|en|quartz|}}
{{tradmeio}}
* {{it}}: {{xlatio|it|quarzo|}}
{{tradfim}}

== Etimologia ==
:Do alemão ''[[quarz]]''.

==Ver também==
===No Wikcionário===
*[[quartzífero]]
*[[quartziforme]]
*[[quartzina]]
*[[quartzítico]]
*[[quartzito]]

===Na Wikipédia===
*[[w:Quartzo|Quartzo]]

[[Categoria:Substantivo_(Português)]]
[[Categoria:Paroxítona_(Português)]]
[[Categoria:Minerais_(Português)]]</text>
<sha1>etocr7dgbnch1nlhohou20z4k250hu0</sha1>
</revision>
<revision>
<id>306685</id>
<parentid>177971</parentid>
<timestamp>2007-10-19T17:30:47Z</timestamp>
<contributor>
<username>Diabo e Santo</username>
<id>1867</id>
</contributor>
<model>wikitext</model>
<format>text/x-wiki</format>
<text bytes="1213" xml:space="preserve">{{wikipedia}}
{{-pt-}}
== Substantivo ==
[[Image:USDA Mineral Quartz Crystal 93c3951.jpg|200px|thumb|Cristal de Quartzo]]
'''quart.zo''' ''masculino'' ''(plural:'' quartzos'')''
#{{geologia}} é o [[mineral]] mais [[abundante]] do [[planeta]], representando 12% da [[crostra terrestre]]. É formado basicamente por [[sílica]] ([[dióxido de silício]] [[Si]][[O]]&lt;sub&gt;2&lt;/sub&gt;), que forma uma [[estrutura]] [[cristalina]] [[trigonal]] composta por [[tetraedro]]s. É largamente utilizado na [[indústria]] para a [[fabricação]] dos mais diversos [[produto]]s como, [[vidro]]s, [[abrasivo]]s, [[fibra ótica|fibras óticas]], [[componente]]s [[eletrônico]]s, [[intrumento]]s [[ótico]]s, [[cerâmica]]s, [[jóia]]s e [[ornamento]]s.

=== Tradução ===
{{tradini}}
* {{fr}}: {{xlatio|fr|quartz|}}
* {{en}}: {{xlatio|en|quartz|}}
{{tradmeio}}
* {{it}}: {{xlatio|it|quarzo|}}
{{tradfim}}

== Etimologia ==
:Do alemão ''[[quarz]]''.

==Ver também==
===No Wikcionário===
*[[quartzífero]]
*[[quartziforme]]
*[[quartzina]]
*[[quartzítico]]
*[[quartzito]]

===Na Wikipédia===
*[[w:Quartzo|Quartzo]]

[[Categoria:Substantivo_(Português)]]
[[Categoria:Paroxítona_(Português)]]
[[Categoria:Mineral_(Português)]]</text>
<sha1>t479i9u8hh56ifr6z7ajxu2gqpxt5sa</sha1>
</revision>
<revision>
<id>415446</id>
<parentid>306685</parentid>
<timestamp>2009-02-11T17:45:46Z</timestamp>
<contributor>
<username>ValJor</username>
<id>1358</id>
</contributor>
<comment>Por um [[Especial:Lonelypages|wikcionário sem órfãos]]!</comment>
<model>wikitext</model>
<format>text/x-wiki</format>
<text bytes="2398" xml:space="preserve">{{wikipedia}}
[[Image:USDA Mineral Quartz Crystal 93c3951.jpg|250px|thumb|&lt;center&gt;Cristal de Quartzo&lt;/center&gt;]]
=Português=
==Substantivo==
{{flex.pt.masculino|s=quartzo|p=quartzos}}
{{paroxítona|quart|zo}}
# {{escopo|Geologia}} é o [[mineral]] mais [[abundante]] do [[planeta]], representando 12% da [[crostra terrestre]]; é formado basicamente por [[sílica]] ([[dióxido de silício]] [[Si]][[O]]&lt;sub&gt;2&lt;/sub&gt;), que forma uma [[estrutura]] [[cristalina]] [[trigonal]] composta por [[tetraedro]]s; é largamente utilizado na [[indústria]] para a [[fabricação]] dos mais diversos [[produto]]s como, [[vidro]]s, [[abrasivo]]s, [[fibra ótica|fibras óticas]], [[componente]]s [[eletrônico]]s, [[instrumento]]s [[ótico]]s, [[cerâmica]]s, [[jóia]]s e [[ornamento]]s
#* ''Madeira, cristais de '''quartzo''' e borracha são matérias-primas, mas não são commodities.'' {{OESP|2008|março|20}}
===Tradução===
{{tradini}}
* {{trad|de|Quarz}}
* {{trad|ar|مرو}}
* {{trad|ast|cuarzu}}
* {{trad|bs|kvarc}}
* {{trad|bg|кварц}}
* {{trad|zh-yue|石英}}
* {{trad|ca|quars}}
* {{trad|cs|křemen}}
* {{trad|zh|石英}}
* {{trad|ko|석영}}
* {{trad|hr|kvarc}}
* {{trad|da|kvarts}}
* {{trad|sk|kremeň}}
* {{trad|sl|kamena strela}}
* {{trad|es|cuarzo}}
* {{trad|eo|kvarco}}
* {{trad|et|kvarts}}
* {{trad|fi|kvartsi}}
* {{trad|fr|quartz}}
* {{trad|gl|cuarzo}}
* {{trad|el|χαλαζίας}}
* {{trad|he|קוורץ}}
* {{trad|nl|kwarts}}
{{tradmeio}}
* {{trad|hu|kvarc}}
* {{trad|id|kuarsa}}
* {{trad|en|quartz}}
* {{trad|it|quarzo}}
* {{trad|ja|石英}} (せきえい, sekiei)
* {{trad|lv|kvarcs}}
* {{trad|lt|kvarcas}}
* {{trad|lb|quarz}}
* {{trad|mk|кварц}}
* {{trad|ms|kuarza}}
* {{trad|no|kvarts}}
* {{trad|nn|kvarts}}
* {{trad|fa|کوارتز}}
* {{trad|pl|kwarc}}
* {{trad|ro|cuarţ}}
* {{trad|ru|кварц}}
* {{trad|sr|кварц}}
* {{trad|sv|kvarts}}
* {{trad|th|ควอตซ์}}
* {{trad|tr|kuvars}}
* {{trad|uk|кварц}}
* {{trad|vi|thạch anh}}
{{tradfim}}
=={{etimologia}}==
: Do alemão ''[[Quarz]]''.
==Ver também==
===No Wikcionário===
{{verTambém.Ini}}
* [[quartezífero]]
* [[quartzífero]]
{{verTambém.NovaColuna}}
* [[quartziforme]]
* [[quartzina]]
{{verTambém.NovaColuna}}
* [[quartzítico]]
* [[quartzito]]
{{verTambém.Fim}}
[[Categoria:Substantivo (Português)]]
[[Categoria:Vocábulo com etimologia (Português)]]
[[Categoria:Mineral (Português)]]</text>
<sha1>0kmzojrx3g9xj2gnyt235u0ulxg035t</sha1>
</revision>
<revision>
<id>875676</id>
<parentid>415446</parentid>
<timestamp>2010-05-11T17:15:28Z</timestamp>
<contributor>
<username>MalafayaBot</username>
<id>628</id>
</contributor>
<minor />
<comment>Bot: Mudança automática (-{{zh-yue}} +{{yue}} &amp; -|zh-yue| +|yue| &amp; -|zh-yue}} +|yue}} &amp; -{{-zh-yue-}} +{{-yue-}})</comment>
<model>wikitext</model>
<format>text/x-wiki</format>
<text bytes="2395" xml:space="preserve">{{wikipedia}}
[[Image:USDA Mineral Quartz Crystal 93c3951.jpg|250px|thumb|&lt;center&gt;Cristal de Quartzo&lt;/center&gt;]]
=Português=
==Substantivo==
{{flex.pt.masculino|s=quartzo|p=quartzos}}
{{paroxítona|quart|zo}}
# {{escopo|Geologia}} é o [[mineral]] mais [[abundante]] do [[planeta]], representando 12% da [[crostra terrestre]]; é formado basicamente por [[sílica]] ([[dióxido de silício]] [[Si]][[O]]&lt;sub&gt;2&lt;/sub&gt;), que forma uma [[estrutura]] [[cristalina]] [[trigonal]] composta por [[tetraedro]]s; é largamente utilizado na [[indústria]] para a [[fabricação]] dos mais diversos [[produto]]s como, [[vidro]]s, [[abrasivo]]s, [[fibra ótica|fibras óticas]], [[componente]]s [[eletrônico]]s, [[instrumento]]s [[ótico]]s, [[cerâmica]]s, [[jóia]]s e [[ornamento]]s
#* ''Madeira, cristais de '''quartzo''' e borracha são matérias-primas, mas não são commodities.'' {{OESP|2008|março|20}}
===Tradução===
{{tradini}}
* {{trad|de|Quarz}}
* {{trad|ar|مرو}}
* {{trad|ast|cuarzu}}
* {{trad|bs|kvarc}}
* {{trad|bg|кварц}}
* {{trad|yue|石英}}
* {{trad|ca|quars}}
* {{trad|cs|křemen}}
* {{trad|zh|石英}}
* {{trad|ko|석영}}
* {{trad|hr|kvarc}}
* {{trad|da|kvarts}}
* {{trad|sk|kremeň}}
* {{trad|sl|kamena strela}}
* {{trad|es|cuarzo}}
* {{trad|eo|kvarco}}
* {{trad|et|kvarts}}
* {{trad|fi|kvartsi}}
* {{trad|fr|quartz}}
* {{trad|gl|cuarzo}}
* {{trad|el|χαλαζίας}}
* {{trad|he|קוורץ}}
* {{trad|nl|kwarts}}
{{tradmeio}}
* {{trad|hu|kvarc}}
* {{trad|id|kuarsa}}
* {{trad|en|quartz}}
* {{trad|it|quarzo}}
* {{trad|ja|石英}} (せきえい, sekiei)
* {{trad|lv|kvarcs}}
* {{trad|lt|kvarcas}}
* {{trad|lb|quarz}}
* {{trad|mk|кварц}}
* {{trad|ms|kuarza}}
* {{trad|no|kvarts}}
* {{trad|nn|kvarts}}
* {{trad|fa|کوارتز}}
* {{trad|pl|kwarc}}
* {{trad|ro|cuarţ}}
* {{trad|ru|кварц}}
* {{trad|sr|кварц}}
* {{trad|sv|kvarts}}
* {{trad|th|ควอตซ์}}
* {{trad|tr|kuvars}}
* {{trad|uk|кварц}}
* {{trad|vi|thạch anh}}
{{tradfim}}
=={{etimologia}}==
: Do alemão ''[[Quarz]]''.
==Ver também==
===No Wikcionário===
{{verTambém.Ini}}
* [[quartezífero]]
* [[quartzífero]]
{{verTambém.NovaColuna}}
* [[quartziforme]]
* [[quartzina]]
{{verTambém.NovaColuna}}
* [[quartzítico]]
* [[quartzito]]
{{verTambém.Fim}}
[[Categoria:Substantivo (Português)]]
[[Categoria:Vocábulo com etimologia (Português)]]
[[Categoria:Mineral (Português)]]</text>
<sha1>az0e5kh5uilyjxm0pbsvyzkxqksb4zh</sha1>
</revision>
<revision>
<id>992727</id>
<parentid>875676</parentid>
<timestamp>2010-12-11T08:50:14Z</timestamp>
<contributor>
<username>RoggBot</username>
<id>6411</id>
</contributor>
<minor />
<comment>[r2.6.2] Bot: Adicionando: [[eo:quartzo]], [[zh:quartzo]]</comment>
<model>wikitext</model>
<format>text/x-wiki</format>
<text bytes="2426" xml:space="preserve">{{wikipedia}}
[[Image:USDA Mineral Quartz Crystal 93c3951.jpg|250px|thumb|&lt;center&gt;Cristal de Quartzo&lt;/center&gt;]]
=Português=
==Substantivo==
{{flex.pt.masculino|s=quartzo|p=quartzos}}
{{paroxítona|quart|zo}}
# {{escopo|Geologia}} é o [[mineral]] mais [[abundante]] do [[planeta]], representando 12% da [[crostra terrestre]]; é formado basicamente por [[sílica]] ([[dióxido de silício]] [[Si]][[O]]&lt;sub&gt;2&lt;/sub&gt;), que forma uma [[estrutura]] [[cristalina]] [[trigonal]] composta por [[tetraedro]]s; é largamente utilizado na [[indústria]] para a [[fabricação]] dos mais diversos [[produto]]s como, [[vidro]]s, [[abrasivo]]s, [[fibra ótica|fibras óticas]], [[componente]]s [[eletrônico]]s, [[instrumento]]s [[ótico]]s, [[cerâmica]]s, [[jóia]]s e [[ornamento]]s
#* ''Madeira, cristais de '''quartzo''' e borracha são matérias-primas, mas não são commodities.'' {{OESP|2008|março|20}}
===Tradução===
{{tradini}}
* {{trad|de|Quarz}}
* {{trad|ar|مرو}}
* {{trad|ast|cuarzu}}
* {{trad|bs|kvarc}}
* {{trad|bg|кварц}}
* {{trad|yue|石英}}
* {{trad|ca|quars}}
* {{trad|cs|křemen}}
* {{trad|zh|石英}}
* {{trad|ko|석영}}
* {{trad|hr|kvarc}}
* {{trad|da|kvarts}}
* {{trad|sk|kremeň}}
* {{trad|sl|kamena strela}}
* {{trad|es|cuarzo}}
* {{trad|eo|kvarco}}
* {{trad|et|kvarts}}
* {{trad|fi|kvartsi}}
* {{trad|fr|quartz}}
* {{trad|gl|cuarzo}}
* {{trad|el|χαλαζίας}}
* {{trad|he|קוורץ}}
* {{trad|nl|kwarts}}
{{tradmeio}}
* {{trad|hu|kvarc}}
* {{trad|id|kuarsa}}
* {{trad|en|quartz}}
* {{trad|it|quarzo}}
* {{trad|ja|石英}} (せきえい, sekiei)
* {{trad|lv|kvarcs}}
* {{trad|lt|kvarcas}}
* {{trad|lb|quarz}}
* {{trad|mk|кварц}}
* {{trad|ms|kuarza}}
* {{trad|no|kvarts}}
* {{trad|nn|kvarts}}
* {{trad|fa|کوارتز}}
* {{trad|pl|kwarc}}
* {{trad|ro|cuarţ}}
* {{trad|ru|кварц}}
* {{trad|sr|кварц}}
* {{trad|sv|kvarts}}
* {{trad|th|ควอตซ์}}
* {{trad|tr|kuvars}}
* {{trad|uk|кварц}}
* {{trad|vi|thạch anh}}
{{tradfim}}
=={{etimologia}}==
: Do alemão ''[[Quarz]]''.
==Ver também==
===No Wikcionário===
{{verTambém.Ini}}
* [[quartezífero]]
* [[quartzífero]]
{{verTambém.NovaColuna}}
* [[quartziforme]]
* [[quartzina]]
{{verTambém.NovaColuna}}
* [[quartzítico]]
* [[quartzito]]
{{verTambém.Fim}}
[[Categoria:Substantivo (Português)]]
[[Categoria:Vocábulo com etimologia (Português)]]
[[Categoria:Mineral (Português)]]

[[eo:quartzo]]
[[zh:quartzo]]</text>
<sha1>fvlxxay7lkws3crwyg8sf9qon01o4vd</sha1>
</revision>
<revision>
<id>1087486</id>
<parentid>992727</parentid>
<timestamp>2011-06-07T20:09:55Z</timestamp>
<contributor>
<username>Malafaya</username>
<id>313</id>
</contributor>
<comment>/* Tradução */ ț</comment>
<model>wikitext</model>
<format>text/x-wiki</format>
<text bytes="2427" xml:space="preserve">{{wikipedia}}
[[Image:USDA Mineral Quartz Crystal 93c3951.jpg|250px|thumb|&lt;center&gt;Cristal de Quartzo&lt;/center&gt;]]
=Português=
==Substantivo==
{{flex.pt.masculino|s=quartzo|p=quartzos}}
{{paroxítona|quart|zo}}
# {{escopo|Geologia}} é o [[mineral]] mais [[abundante]] do [[planeta]], representando 12% da [[crostra terrestre]]; é formado basicamente por [[sílica]] ([[dióxido de silício]] [[Si]][[O]]&lt;sub&gt;2&lt;/sub&gt;), que forma uma [[estrutura]] [[cristalina]] [[trigonal]] composta por [[tetraedro]]s; é largamente utilizado na [[indústria]] para a [[fabricação]] dos mais diversos [[produto]]s como, [[vidro]]s, [[abrasivo]]s, [[fibra ótica|fibras óticas]], [[componente]]s [[eletrônico]]s, [[instrumento]]s [[ótico]]s, [[cerâmica]]s, [[jóia]]s e [[ornamento]]s
#* ''Madeira, cristais de '''quartzo''' e borracha são matérias-primas, mas não são commodities.'' {{OESP|2008|março|20}}
===Tradução===
{{tradini}}
* {{trad|de|Quarz}}
* {{trad|ar|مرو}}
* {{trad|ast|cuarzu}}
* {{trad|bs|kvarc}}
* {{trad|bg|кварц}}
* {{trad|yue|石英}}
* {{trad|ca|quars}}
* {{trad|cs|křemen}}
* {{trad|zh|石英}}
* {{trad|ko|석영}}
* {{trad|hr|kvarc}}
* {{trad|da|kvarts}}
* {{trad|sk|kremeň}}
* {{trad|sl|kamena strela}}
* {{trad|es|cuarzo}}
* {{trad|eo|kvarco}}
* {{trad|et|kvarts}}
* {{trad|fi|kvartsi}}
* {{trad|fr|quartz}}
* {{trad|gl|cuarzo}}
* {{trad|el|χαλαζίας}}
* {{trad|he|קוורץ}}
* {{trad|nl|kwarts}}
{{tradmeio}}
* {{trad|hu|kvarc}}
* {{trad|id|kuarsa}}
* {{trad|en|quartz}}
* {{trad|it|quarzo}}
* {{trad|ja|石英}} (せきえい, sekiei)
* {{trad|lv|kvarcs}}
* {{trad|lt|kvarcas}}
* {{trad|lb|quarz}}
* {{trad|mk|кварц}}
* {{trad|ms|kuarza}}
* {{trad|no|kvarts}}
* {{trad|nn|kvarts}}
* {{trad|fa|کوارتز}}
* {{trad|pl|kwarc}}
* {{trad|ro|cuarț}}
* {{trad|ru|кварц}}
* {{trad|sr|кварц}}
* {{trad|sv|kvarts}}
* {{trad|th|ควอตซ์}}
* {{trad|tr|kuvars}}
* {{trad|uk|кварц}}
* {{trad|vi|thạch anh}}
{{tradfim}}

=={{etimologia}}==
: Do alemão ''[[Quarz]]''.
==Ver também==
===No Wikcionário===
{{verTambém.Ini}}
* [[quartezífero]]
* [[quartzífero]]
{{verTambém.NovaColuna}}
* [[quartziforme]]
* [[quartzina]]
{{verTambém.NovaColuna}}
* [[quartzítico]]
* [[quartzito]]
{{verTambém.Fim}}
[[Categoria:Substantivo (Português)]]
[[Categoria:Vocábulo com etimologia (Português)]]
[[Categoria:Mineral (Português)]]

[[eo:quartzo]]
[[zh:quartzo]]</text>
<sha1>qogpb3nfypxatd23jlnwehk6vf6pjac</sha1>
</revision>
<revision>
<id>1202768</id>
<parentid>1087486</parentid>
<timestamp>2011-07-09T17:02:13Z</timestamp>
<contributor>
<username>MalafayaBot</username>
<id>628</id>
</contributor>
<minor />
<comment>Robô: Substituição de texto automática (-^\=\s?Português\s?\= +={{-pt-}}= &amp; -^\=\s?\{\{pt\}\}\s?\= +={{-pt-}}=)</comment>
<model>wikitext</model>
<format>text/x-wiki</format>
<text bytes="2425" xml:space="preserve">{{wikipedia}}
[[Image:USDA Mineral Quartz Crystal 93c3951.jpg|250px|thumb|&lt;center&gt;Cristal de Quartzo&lt;/center&gt;]]
={{-pt-}}=
==Substantivo==
{{flex.pt.masculino|s=quartzo|p=quartzos}}
{{paroxítona|quart|zo}}
# {{escopo|Geologia}} é o [[mineral]] mais [[abundante]] do [[planeta]], representando 12% da [[crostra terrestre]]; é formado basicamente por [[sílica]] ([[dióxido de silício]] [[Si]][[O]]&lt;sub&gt;2&lt;/sub&gt;), que forma uma [[estrutura]] [[cristalina]] [[trigonal]] composta por [[tetraedro]]s; é largamente utilizado na [[indústria]] para a [[fabricação]] dos mais diversos [[produto]]s como, [[vidro]]s, [[abrasivo]]s, [[fibra ótica|fibras óticas]], [[componente]]s [[eletrônico]]s, [[instrumento]]s [[ótico]]s, [[cerâmica]]s, [[jóia]]s e [[ornamento]]s
#* ''Madeira, cristais de '''quartzo''' e borracha são matérias-primas, mas não são commodities.'' {{OESP|2008|março|20}}
===Tradução===
{{tradini}}
* {{trad|de|Quarz}}
* {{trad|ar|مرو}}
* {{trad|ast|cuarzu}}
* {{trad|bs|kvarc}}
* {{trad|bg|кварц}}
* {{trad|yue|石英}}
* {{trad|ca|quars}}
* {{trad|cs|křemen}}
* {{trad|zh|石英}}
* {{trad|ko|석영}}
* {{trad|hr|kvarc}}
* {{trad|da|kvarts}}
* {{trad|sk|kremeň}}
* {{trad|sl|kamena strela}}
* {{trad|es|cuarzo}}
* {{trad|eo|kvarco}}
* {{trad|et|kvarts}}
* {{trad|fi|kvartsi}}
* {{trad|fr|quartz}}
* {{trad|gl|cuarzo}}
* {{trad|el|χαλαζίας}}
* {{trad|he|קוורץ}}
* {{trad|nl|kwarts}}
{{tradmeio}}
* {{trad|hu|kvarc}}
* {{trad|id|kuarsa}}
* {{trad|en|quartz}}
* {{trad|it|quarzo}}
* {{trad|ja|石英}} (せきえい, sekiei)
* {{trad|lv|kvarcs}}
* {{trad|lt|kvarcas}}
* {{trad|lb|quarz}}
* {{trad|mk|кварц}}
* {{trad|ms|kuarza}}
* {{trad|no|kvarts}}
* {{trad|nn|kvarts}}
* {{trad|fa|کوارتز}}
* {{trad|pl|kwarc}}
* {{trad|ro|cuarț}}
* {{trad|ru|кварц}}
* {{trad|sr|кварц}}
* {{trad|sv|kvarts}}
* {{trad|th|ควอตซ์}}
* {{trad|tr|kuvars}}
* {{trad|uk|кварц}}
* {{trad|vi|thạch anh}}
{{tradfim}}

=={{etimologia}}==
: Do alemão ''[[Quarz]]''.
==Ver também==
===No Wikcionário===
{{verTambém.Ini}}
* [[quartezífero]]
* [[quartzífero]]
{{verTambém.NovaColuna}}
* [[quartziforme]]
* [[quartzina]]
{{verTambém.NovaColuna}}
* [[quartzítico]]
* [[quartzito]]
{{verTambém.Fim}}
[[Categoria:Substantivo (Português)]]
[[Categoria:Vocábulo com etimologia (Português)]]
[[Categoria:Mineral (Português)]]

[[eo:quartzo]]
[[zh:quartzo]]</text>
<sha1>s88bw9asuw0vn69a0win26rpqeisljo</sha1>
</revision>
<revision>
<id>1257809</id>
<parentid>1202768</parentid>
<timestamp>2011-10-17T02:45:22Z</timestamp>
<contributor>
<username>O ec</username>
<id>26373</id>
</contributor>
<model>wikitext</model>
<format>text/x-wiki</format>
<text bytes="2485" xml:space="preserve">{{wikipedia}}
[[Image:USDA Mineral Quartz Crystal 93c3951.jpg|250px|thumb|&lt;center&gt;Cristal de Quartzo&lt;/center&gt;]]
={{-pt-}}=
==Substantivo==
{{flex.pt.masculino|s=quartzo|p=quartzos}}
{{paroxítona|quart|zo}}
# {{escopo|Geologia}} é o [[mineral]] mais [[abundante]] do [[planeta]], representando 12% da [[crostra terrestre]]; é formado basicamente por [[sílica]] ([[dióxido de silício]] [[Si]][[O]]&lt;sub&gt;2&lt;/sub&gt;), que forma uma [[estrutura]] [[cristalina]] [[trigonal]] composta por [[tetraedro]]s; é largamente utilizado na [[indústria]] para a [[fabricação]] dos mais diversos [[produto]]s como, [[vidro]]s, [[abrasivo]]s, [[fibra ótica|fibras óticas]], [[componente]]s [[eletrônico]]s, [[instrumento]]s [[ótico]]s, [[cerâmica]]s, [[jóia]]s e [[ornamento]]s
#* ''Madeira, cristais de '''quartzo''' e borracha são matérias-primas, mas não são commodities.'' {{OESP|2008|março|20}}

===Sinónimos===
*De '''1''': [[quarço]]

===Tradução===
{{tradini}}
* {{trad|de|Quarz}}
* {{trad|ar|مرو}}
* {{trad|ast|cuarzu}}
* {{trad|bs|kvarc}}
* {{trad|bg|кварц}}
* {{trad|yue|石英}}
* {{trad|ca|quars}}
* {{trad|cs|křemen}}
* {{trad|zh|石英}}
* {{trad|ko|석영}}
* {{trad|hr|kvarc}}
* {{trad|da|kvarts}}
* {{trad|sk|kremeň}}
* {{trad|sl|kamena strela}}
* {{trad|es|cuarzo}}
* {{trad|eo|kvarco}}
* {{trad|et|kvarts}}
* {{trad|fi|kvartsi}}
* {{trad|fr|quartz}}
* {{trad|gl|cuarzo}}
* {{trad|el|χαλαζίας}}
* {{trad|he|קוורץ}}
* {{trad|nl|kwarts}}
{{tradmeio}}
* {{trad|hu|kvarc}}
* {{trad|id|kuarsa}}
* {{trad|en|quartz}}
* {{trad|it|quarzo}}
* {{trad|ja|石英}} (せきえい, sekiei)
* {{trad|lv|kvarcs}}
* {{trad|lt|kvarcas}}
* {{trad|lb|quarz}}
* {{trad|mk|кварц}}
* {{trad|ms|kuarza}}
* {{trad|no|kvarts}}
* {{trad|nn|kvarts}}
* {{trad|fa|کوارتز}}
* {{trad|pl|kwarc}}
* {{trad|ro|cuarț}}
* {{trad|ru|кварц}}
* {{trad|sr|кварц}}
* {{trad|sv|kvarts}}
* {{trad|th|ควอตซ์}}
* {{trad|tr|kuvars}}
* {{trad|uk|кварц}}
* {{trad|vi|thạch anh}}
{{tradfim}}

=={{etimologia}}==
: Do alemão ''[[Quarz]]''.
==Ver também==
===No Wikcionário===
{{verTambém.Ini}}
* [[quartezífero]]
* [[quartzífero]]
* [[quartziforme]]
{{verTambém.NovaColuna}}
* [[quartzina]]
* [[quartzítico]]
{{verTambém.NovaColuna}}
* [[quartzito]]
* [[quartzoso]]
{{verTambém.Fim}}
[[Categoria:Substantivo (Português)]]
[[Categoria:Vocábulo com etimologia (Português)]]
[[Categoria:Mineral (Português)]]

[[eo:quartzo]]
[[zh:quartzo]]</text>
<sha1>f5i9daw8pdgz63gfodm95bw4ga9f7mx</sha1>
</revision>
<revision>
<id>1464172</id>
<parentid>1257809</parentid>
<timestamp>2012-09-16T03:16:21Z</timestamp>
<contributor>
<username>HydrizBot</username>
<id>29590</id>
</contributor>
<minor />
<comment>r2.7.3) (Robô: A adicionar: [[mg:quartzo]]</comment>
<model>wikitext</model>
<format>text/x-wiki</format>
<text bytes="2500" xml:space="preserve">{{wikipedia}}
[[Image:USDA Mineral Quartz Crystal 93c3951.jpg|250px|thumb|&lt;center&gt;Cristal de Quartzo&lt;/center&gt;]]
={{-pt-}}=
==Substantivo==
{{flex.pt.masculino|s=quartzo|p=quartzos}}
{{paroxítona|quart|zo}}
# {{escopo|Geologia}} é o [[mineral]] mais [[abundante]] do [[planeta]], representando 12% da [[crostra terrestre]]; é formado basicamente por [[sílica]] ([[dióxido de silício]] [[Si]][[O]]&lt;sub&gt;2&lt;/sub&gt;), que forma uma [[estrutura]] [[cristalina]] [[trigonal]] composta por [[tetraedro]]s; é largamente utilizado na [[indústria]] para a [[fabricação]] dos mais diversos [[produto]]s como, [[vidro]]s, [[abrasivo]]s, [[fibra ótica|fibras óticas]], [[componente]]s [[eletrônico]]s, [[instrumento]]s [[ótico]]s, [[cerâmica]]s, [[jóia]]s e [[ornamento]]s
#* ''Madeira, cristais de '''quartzo''' e borracha são matérias-primas, mas não são commodities.'' {{OESP|2008|março|20}}

===Sinónimos===
*De '''1''': [[quarço]]

===Tradução===
{{tradini}}
* {{trad|de|Quarz}}
* {{trad|ar|مرو}}
* {{trad|ast|cuarzu}}
* {{trad|bs|kvarc}}
* {{trad|bg|кварц}}
* {{trad|yue|石英}}
* {{trad|ca|quars}}
* {{trad|cs|křemen}}
* {{trad|zh|石英}}
* {{trad|ko|석영}}
* {{trad|hr|kvarc}}
* {{trad|da|kvarts}}
* {{trad|sk|kremeň}}
* {{trad|sl|kamena strela}}
* {{trad|es|cuarzo}}
* {{trad|eo|kvarco}}
* {{trad|et|kvarts}}
* {{trad|fi|kvartsi}}
* {{trad|fr|quartz}}
* {{trad|gl|cuarzo}}
* {{trad|el|χαλαζίας}}
* {{trad|he|קוורץ}}
* {{trad|nl|kwarts}}
{{tradmeio}}
* {{trad|hu|kvarc}}
* {{trad|id|kuarsa}}
* {{trad|en|quartz}}
* {{trad|it|quarzo}}
* {{trad|ja|石英}} (せきえい, sekiei)
* {{trad|lv|kvarcs}}
* {{trad|lt|kvarcas}}
* {{trad|lb|quarz}}
* {{trad|mk|кварц}}
* {{trad|ms|kuarza}}
* {{trad|no|kvarts}}
* {{trad|nn|kvarts}}
* {{trad|fa|کوارتز}}
* {{trad|pl|kwarc}}
* {{trad|ro|cuarț}}
* {{trad|ru|кварц}}
* {{trad|sr|кварц}}
* {{trad|sv|kvarts}}
* {{trad|th|ควอตซ์}}
* {{trad|tr|kuvars}}
* {{trad|uk|кварц}}
* {{trad|vi|thạch anh}}
{{tradfim}}

=={{etimologia}}==
: Do alemão ''[[Quarz]]''.
==Ver também==
===No Wikcionário===
{{verTambém.Ini}}
* [[quartezífero]]
* [[quartzífero]]
* [[quartziforme]]
{{verTambém.NovaColuna}}
* [[quartzina]]
* [[quartzítico]]
{{verTambém.NovaColuna}}
* [[quartzito]]
* [[quartzoso]]
{{verTambém.Fim}}
[[Categoria:Substantivo (Português)]]
[[Categoria:Vocábulo com etimologia (Português)]]
[[Categoria:Mineral (Português)]]

[[eo:quartzo]]
[[mg:quartzo]]
[[zh:quartzo]]</text>
<sha1>rb69u2nauff3ry4q1jqiun7tvmg6275</sha1>
</revision>
<revision>
<id>1487132</id>
<parentid>1464172</parentid>
<timestamp>2012-10-20T22:13:29Z</timestamp>
<contributor>
<username>VJBot</username>
<id>33673</id>
</contributor>
<minor />
<comment>Robô: Substituição de texto automática  (-{{wikipedia}} +{{Wikipédia}})</comment>
<model>wikitext</model>
<format>text/x-wiki</format>
<text bytes="2501" xml:space="preserve">{{Wikipédia}}
[[Image:USDA Mineral Quartz Crystal 93c3951.jpg|250px|thumb|&lt;center&gt;Cristal de Quartzo&lt;/center&gt;]]
={{-pt-}}=
==Substantivo==
{{flex.pt.masculino|s=quartzo|p=quartzos}}
{{paroxítona|quart|zo}}
# {{escopo|Geologia}} é o [[mineral]] mais [[abundante]] do [[planeta]], representando 12% da [[crostra terrestre]]; é formado basicamente por [[sílica]] ([[dióxido de silício]] [[Si]][[O]]&lt;sub&gt;2&lt;/sub&gt;), que forma uma [[estrutura]] [[cristalina]] [[trigonal]] composta por [[tetraedro]]s; é largamente utilizado na [[indústria]] para a [[fabricação]] dos mais diversos [[produto]]s como, [[vidro]]s, [[abrasivo]]s, [[fibra ótica|fibras óticas]], [[componente]]s [[eletrônico]]s, [[instrumento]]s [[ótico]]s, [[cerâmica]]s, [[jóia]]s e [[ornamento]]s
#* ''Madeira, cristais de '''quartzo''' e borracha são matérias-primas, mas não são commodities.'' {{OESP|2008|março|20}}

===Sinónimos===
*De '''1''': [[quarço]]

===Tradução===
{{tradini}}
* {{trad|de|Quarz}}
* {{trad|ar|مرو}}
* {{trad|ast|cuarzu}}
* {{trad|bs|kvarc}}
* {{trad|bg|кварц}}
* {{trad|yue|石英}}
* {{trad|ca|quars}}
* {{trad|cs|křemen}}
* {{trad|zh|石英}}
* {{trad|ko|석영}}
* {{trad|hr|kvarc}}
* {{trad|da|kvarts}}
* {{trad|sk|kremeň}}
* {{trad|sl|kamena strela}}
* {{trad|es|cuarzo}}
* {{trad|eo|kvarco}}
* {{trad|et|kvarts}}
* {{trad|fi|kvartsi}}
* {{trad|fr|quartz}}
* {{trad|gl|cuarzo}}
* {{trad|el|χαλαζίας}}
* {{trad|he|קוורץ}}
* {{trad|nl|kwarts}}
{{tradmeio}}
* {{trad|hu|kvarc}}
* {{trad|id|kuarsa}}
* {{trad|en|quartz}}
* {{trad|it|quarzo}}
* {{trad|ja|石英}} (せきえい, sekiei)
* {{trad|lv|kvarcs}}
* {{trad|lt|kvarcas}}
* {{trad|lb|quarz}}
* {{trad|mk|кварц}}
* {{trad|ms|kuarza}}
* {{trad|no|kvarts}}
* {{trad|nn|kvarts}}
* {{trad|fa|کوارتز}}
* {{trad|pl|kwarc}}
* {{trad|ro|cuarț}}
* {{trad|ru|кварц}}
* {{trad|sr|кварц}}
* {{trad|sv|kvarts}}
* {{trad|th|ควอตซ์}}
* {{trad|tr|kuvars}}
* {{trad|uk|кварц}}
* {{trad|vi|thạch anh}}
{{tradfim}}

=={{etimologia}}==
: Do alemão ''[[Quarz]]''.
==Ver também==
===No Wikcionário===
{{verTambém.Ini}}
* [[quartezífero]]
* [[quartzífero]]
* [[quartziforme]]
{{verTambém.NovaColuna}}
* [[quartzina]]
* [[quartzítico]]
{{verTambém.NovaColuna}}
* [[quartzito]]
* [[quartzoso]]
{{verTambém.Fim}}
[[Categoria:Substantivo (Português)]]
[[Categoria:Vocábulo com etimologia (Português)]]
[[Categoria:Mineral (Português)]]

[[eo:quartzo]]
[[mg:quartzo]]
[[zh:quartzo]]</text>
<sha1>26n0h112pi1n16tn0fn2ogppwjn8ipj</sha1>
</revision>
<revision>
<id>1566156</id>
<parentid>1487132</parentid>
<timestamp>2012-12-24T05:43:28Z</timestamp>
<contributor>
<username>HydrizBot</username>
<id>29590</id>
</contributor>
<minor />
<comment>r2.7.3) (Robô: A adicionar: [[gl:quartzo]]</comment>
<model>wikitext</model>
<format>text/x-wiki</format>
<text bytes="2516" xml:space="preserve">{{Wikipédia}}
[[Image:USDA Mineral Quartz Crystal 93c3951.jpg|250px|thumb|&lt;center&gt;Cristal de Quartzo&lt;/center&gt;]]
={{-pt-}}=
==Substantivo==
{{flex.pt.masculino|s=quartzo|p=quartzos}}
{{paroxítona|quart|zo}}
# {{escopo|Geologia}} é o [[mineral]] mais [[abundante]] do [[planeta]], representando 12% da [[crostra terrestre]]; é formado basicamente por [[sílica]] ([[dióxido de silício]] [[Si]][[O]]&lt;sub&gt;2&lt;/sub&gt;), que forma uma [[estrutura]] [[cristalina]] [[trigonal]] composta por [[tetraedro]]s; é largamente utilizado na [[indústria]] para a [[fabricação]] dos mais diversos [[produto]]s como, [[vidro]]s, [[abrasivo]]s, [[fibra ótica|fibras óticas]], [[componente]]s [[eletrônico]]s, [[instrumento]]s [[ótico]]s, [[cerâmica]]s, [[jóia]]s e [[ornamento]]s
#* ''Madeira, cristais de '''quartzo''' e borracha são matérias-primas, mas não são commodities.'' {{OESP|2008|março|20}}

===Sinónimos===
*De '''1''': [[quarço]]

===Tradução===
{{tradini}}
* {{trad|de|Quarz}}
* {{trad|ar|مرو}}
* {{trad|ast|cuarzu}}
* {{trad|bs|kvarc}}
* {{trad|bg|кварц}}
* {{trad|yue|石英}}
* {{trad|ca|quars}}
* {{trad|cs|křemen}}
* {{trad|zh|石英}}
* {{trad|ko|석영}}
* {{trad|hr|kvarc}}
* {{trad|da|kvarts}}
* {{trad|sk|kremeň}}
* {{trad|sl|kamena strela}}
* {{trad|es|cuarzo}}
* {{trad|eo|kvarco}}
* {{trad|et|kvarts}}
* {{trad|fi|kvartsi}}
* {{trad|fr|quartz}}
* {{trad|gl|cuarzo}}
* {{trad|el|χαλαζίας}}
* {{trad|he|קוורץ}}
* {{trad|nl|kwarts}}
{{tradmeio}}
* {{trad|hu|kvarc}}
* {{trad|id|kuarsa}}
* {{trad|en|quartz}}
* {{trad|it|quarzo}}
* {{trad|ja|石英}} (せきえい, sekiei)
* {{trad|lv|kvarcs}}
* {{trad|lt|kvarcas}}
* {{trad|lb|quarz}}
* {{trad|mk|кварц}}
* {{trad|ms|kuarza}}
* {{trad|no|kvarts}}
* {{trad|nn|kvarts}}
* {{trad|fa|کوارتز}}
* {{trad|pl|kwarc}}
* {{trad|ro|cuarț}}
* {{trad|ru|кварц}}
* {{trad|sr|кварц}}
* {{trad|sv|kvarts}}
* {{trad|th|ควอตซ์}}
* {{trad|tr|kuvars}}
* {{trad|uk|кварц}}
* {{trad|vi|thạch anh}}
{{tradfim}}

=={{etimologia}}==
: Do alemão ''[[Quarz]]''.
==Ver também==
===No Wikcionário===
{{verTambém.Ini}}
* [[quartezífero]]
* [[quartzífero]]
* [[quartziforme]]
{{verTambém.NovaColuna}}
* [[quartzina]]
* [[quartzítico]]
{{verTambém.NovaColuna}}
* [[quartzito]]
* [[quartzoso]]
{{verTambém.Fim}}
[[Categoria:Substantivo (Português)]]
[[Categoria:Vocábulo com etimologia (Português)]]
[[Categoria:Mineral (Português)]]

[[eo:quartzo]]
[[gl:quartzo]]
[[mg:quartzo]]
[[zh:quartzo]]</text>
<sha1>087e6w1aao62548s9xhhpu8g1zy79fo</sha1>
</revision>
<revision>
<id>1606737</id>
<parentid>1566156</parentid>
<timestamp>2013-01-19T22:02:48Z</timestamp>
<contributor>
<username>MalafayaBot</username>
<id>628</id>
</contributor>
<minor />
<comment>Robô: A modificar Categoria:Vocábulo com etimologia (Português) para Categoria:Entrada com etimologia (Português)</comment>
<model>wikitext</model>
<format>text/x-wiki</format>
<text bytes="2514" xml:space="preserve">{{Wikipédia}}
[[Image:USDA Mineral Quartz Crystal 93c3951.jpg|250px|thumb|&lt;center&gt;Cristal de Quartzo&lt;/center&gt;]]
={{-pt-}}=
==Substantivo==
{{flex.pt.masculino|s=quartzo|p=quartzos}}
{{paroxítona|quart|zo}}
# {{escopo|Geologia}} é o [[mineral]] mais [[abundante]] do [[planeta]], representando 12% da [[crostra terrestre]]; é formado basicamente por [[sílica]] ([[dióxido de silício]] [[Si]][[O]]&lt;sub&gt;2&lt;/sub&gt;), que forma uma [[estrutura]] [[cristalina]] [[trigonal]] composta por [[tetraedro]]s; é largamente utilizado na [[indústria]] para a [[fabricação]] dos mais diversos [[produto]]s como, [[vidro]]s, [[abrasivo]]s, [[fibra ótica|fibras óticas]], [[componente]]s [[eletrônico]]s, [[instrumento]]s [[ótico]]s, [[cerâmica]]s, [[jóia]]s e [[ornamento]]s
#* ''Madeira, cristais de '''quartzo''' e borracha são matérias-primas, mas não são commodities.'' {{OESP|2008|março|20}}

===Sinónimos===
*De '''1''': [[quarço]]

===Tradução===
{{tradini}}
* {{trad|de|Quarz}}
* {{trad|ar|مرو}}
* {{trad|ast|cuarzu}}
* {{trad|bs|kvarc}}
* {{trad|bg|кварц}}
* {{trad|yue|石英}}
* {{trad|ca|quars}}
* {{trad|cs|křemen}}
* {{trad|zh|石英}}
* {{trad|ko|석영}}
* {{trad|hr|kvarc}}
* {{trad|da|kvarts}}
* {{trad|sk|kremeň}}
* {{trad|sl|kamena strela}}
* {{trad|es|cuarzo}}
* {{trad|eo|kvarco}}
* {{trad|et|kvarts}}
* {{trad|fi|kvartsi}}
* {{trad|fr|quartz}}
* {{trad|gl|cuarzo}}
* {{trad|el|χαλαζίας}}
* {{trad|he|קוורץ}}
* {{trad|nl|kwarts}}
{{tradmeio}}
* {{trad|hu|kvarc}}
* {{trad|id|kuarsa}}
* {{trad|en|quartz}}
* {{trad|it|quarzo}}
* {{trad|ja|石英}} (せきえい, sekiei)
* {{trad|lv|kvarcs}}
* {{trad|lt|kvarcas}}
* {{trad|lb|quarz}}
* {{trad|mk|кварц}}
* {{trad|ms|kuarza}}
* {{trad|no|kvarts}}
* {{trad|nn|kvarts}}
* {{trad|fa|کوارتز}}
* {{trad|pl|kwarc}}
* {{trad|ro|cuarț}}
* {{trad|ru|кварц}}
* {{trad|sr|кварц}}
* {{trad|sv|kvarts}}
* {{trad|th|ควอตซ์}}
* {{trad|tr|kuvars}}
* {{trad|uk|кварц}}
* {{trad|vi|thạch anh}}
{{tradfim}}

=={{etimologia}}==
: Do alemão ''[[Quarz]]''.
==Ver também==
===No Wikcionário===
{{verTambém.Ini}}
* [[quartezífero]]
* [[quartzífero]]
* [[quartziforme]]
{{verTambém.NovaColuna}}
* [[quartzina]]
* [[quartzítico]]
{{verTambém.NovaColuna}}
* [[quartzito]]
* [[quartzoso]]
{{verTambém.Fim}}
[[Categoria:Substantivo (Português)]]
[[Categoria:Entrada com etimologia (Português)]]
[[Categoria:Mineral (Português)]]

[[eo:quartzo]]
[[gl:quartzo]]
[[mg:quartzo]]
[[zh:quartzo]]</text>
<sha1>6wucl3jyq4j1qs3droj7vuuk4wibtcf</sha1>
</revision>
<revision>
<id>1670917</id>
<parentid>1606737</parentid>
<timestamp>2013-03-18T14:24:11Z</timestamp>
<contributor>
<username>Archaeodontosaurus</username>
<id>17153</id>
</contributor>
<model>wikitext</model>
<format>text/x-wiki</format>
<text bytes="2504" xml:space="preserve">{{Wikipédia}}
[[Image:Quartz Saint Lary Ariège.jpg|250px|thumb|&lt;center&gt;Cristal de Quartzo&lt;/center&gt;]]
={{-pt-}}=
==Substantivo==
{{flex.pt.masculino|s=quartzo|p=quartzos}}
{{paroxítona|quart|zo}}
# {{escopo|Geologia}} é o [[mineral]] mais [[abundante]] do [[planeta]], representando 12% da [[crostra terrestre]]; é formado basicamente por [[sílica]] ([[dióxido de silício]] [[Si]][[O]]&lt;sub&gt;2&lt;/sub&gt;), que forma uma [[estrutura]] [[cristalina]] [[trigonal]] composta por [[tetraedro]]s; é largamente utilizado na [[indústria]] para a [[fabricação]] dos mais diversos [[produto]]s como, [[vidro]]s, [[abrasivo]]s, [[fibra ótica|fibras óticas]], [[componente]]s [[eletrônico]]s, [[instrumento]]s [[ótico]]s, [[cerâmica]]s, [[jóia]]s e [[ornamento]]s
#* ''Madeira, cristais de '''quartzo''' e borracha são matérias-primas, mas não são commodities.'' {{OESP|2008|março|20}}

===Sinónimos===
*De '''1''': [[quarço]]

===Tradução===
{{tradini}}
* {{trad|de|Quarz}}
* {{trad|ar|مرو}}
* {{trad|ast|cuarzu}}
* {{trad|bs|kvarc}}
* {{trad|bg|кварц}}
* {{trad|yue|石英}}
* {{trad|ca|quars}}
* {{trad|cs|křemen}}
* {{trad|zh|石英}}
* {{trad|ko|석영}}
* {{trad|hr|kvarc}}
* {{trad|da|kvarts}}
* {{trad|sk|kremeň}}
* {{trad|sl|kamena strela}}
* {{trad|es|cuarzo}}
* {{trad|eo|kvarco}}
* {{trad|et|kvarts}}
* {{trad|fi|kvartsi}}
* {{trad|fr|quartz}}
* {{trad|gl|cuarzo}}
* {{trad|el|χαλαζίας}}
* {{trad|he|קוורץ}}
* {{trad|nl|kwarts}}
{{tradmeio}}
* {{trad|hu|kvarc}}
* {{trad|id|kuarsa}}
* {{trad|en|quartz}}
* {{trad|it|quarzo}}
* {{trad|ja|石英}} (せきえい, sekiei)
* {{trad|lv|kvarcs}}
* {{trad|lt|kvarcas}}
* {{trad|lb|quarz}}
* {{trad|mk|кварц}}
* {{trad|ms|kuarza}}
* {{trad|no|kvarts}}
* {{trad|nn|kvarts}}
* {{trad|fa|کوارتز}}
* {{trad|pl|kwarc}}
* {{trad|ro|cuarț}}
* {{trad|ru|кварц}}
* {{trad|sr|кварц}}
* {{trad|sv|kvarts}}
* {{trad|th|ควอตซ์}}
* {{trad|tr|kuvars}}
* {{trad|uk|кварц}}
* {{trad|vi|thạch anh}}
{{tradfim}}

=={{etimologia}}==
: Do alemão ''[[Quarz]]''.
==Ver também==
===No Wikcionário===
{{verTambém.Ini}}
* [[quartezífero]]
* [[quartzífero]]
* [[quartziforme]]
{{verTambém.NovaColuna}}
* [[quartzina]]
* [[quartzítico]]
{{verTambém.NovaColuna}}
* [[quartzito]]
* [[quartzoso]]
{{verTambém.Fim}}
[[Categoria:Substantivo (Português)]]
[[Categoria:Entrada com etimologia (Português)]]
[[Categoria:Mineral (Português)]]

[[eo:quartzo]]
[[gl:quartzo]]
[[mg:quartzo]]
[[zh:quartzo]]</text>
<sha1>c639d5t26qxlz02k1er7i0rj4fqe1gg</sha1>
</revision>
<revision>
<id>1684182</id>
<parentid>1670917</parentid>
<timestamp>2013-05-01T12:57:47Z</timestamp>
<contributor>
<username>HydrizBot</username>
<id>29590</id>
</contributor>
<minor />
<comment>r2.7.3) (Robô: A adicionar: [[en:quartzo]]</comment>
<model>wikitext</model>
<format>text/x-wiki</format>
<text bytes="2519" xml:space="preserve">{{Wikipédia}}
[[Image:Quartz Saint Lary Ariège.jpg|250px|thumb|&lt;center&gt;Cristal de Quartzo&lt;/center&gt;]]
={{-pt-}}=
==Substantivo==
{{flex.pt.masculino|s=quartzo|p=quartzos}}
{{paroxítona|quart|zo}}
# {{escopo|Geologia}} é o [[mineral]] mais [[abundante]] do [[planeta]], representando 12% da [[crostra terrestre]]; é formado basicamente por [[sílica]] ([[dióxido de silício]] [[Si]][[O]]&lt;sub&gt;2&lt;/sub&gt;), que forma uma [[estrutura]] [[cristalina]] [[trigonal]] composta por [[tetraedro]]s; é largamente utilizado na [[indústria]] para a [[fabricação]] dos mais diversos [[produto]]s como, [[vidro]]s, [[abrasivo]]s, [[fibra ótica|fibras óticas]], [[componente]]s [[eletrônico]]s, [[instrumento]]s [[ótico]]s, [[cerâmica]]s, [[jóia]]s e [[ornamento]]s
#* ''Madeira, cristais de '''quartzo''' e borracha são matérias-primas, mas não são commodities.'' {{OESP|2008|março|20}}

===Sinónimos===
*De '''1''': [[quarço]]

===Tradução===
{{tradini}}
* {{trad|de|Quarz}}
* {{trad|ar|مرو}}
* {{trad|ast|cuarzu}}
* {{trad|bs|kvarc}}
* {{trad|bg|кварц}}
* {{trad|yue|石英}}
* {{trad|ca|quars}}
* {{trad|cs|křemen}}
* {{trad|zh|石英}}
* {{trad|ko|석영}}
* {{trad|hr|kvarc}}
* {{trad|da|kvarts}}
* {{trad|sk|kremeň}}
* {{trad|sl|kamena strela}}
* {{trad|es|cuarzo}}
* {{trad|eo|kvarco}}
* {{trad|et|kvarts}}
* {{trad|fi|kvartsi}}
* {{trad|fr|quartz}}
* {{trad|gl|cuarzo}}
* {{trad|el|χαλαζίας}}
* {{trad|he|קוורץ}}
* {{trad|nl|kwarts}}
{{tradmeio}}
* {{trad|hu|kvarc}}
* {{trad|id|kuarsa}}
* {{trad|en|quartz}}
* {{trad|it|quarzo}}
* {{trad|ja|石英}} (せきえい, sekiei)
* {{trad|lv|kvarcs}}
* {{trad|lt|kvarcas}}
* {{trad|lb|quarz}}
* {{trad|mk|кварц}}
* {{trad|ms|kuarza}}
* {{trad|no|kvarts}}
* {{trad|nn|kvarts}}
* {{trad|fa|کوارتز}}
* {{trad|pl|kwarc}}
* {{trad|ro|cuarț}}
* {{trad|ru|кварц}}
* {{trad|sr|кварц}}
* {{trad|sv|kvarts}}
* {{trad|th|ควอตซ์}}
* {{trad|tr|kuvars}}
* {{trad|uk|кварц}}
* {{trad|vi|thạch anh}}
{{tradfim}}

=={{etimologia}}==
: Do alemão ''[[Quarz]]''.
==Ver também==
===No Wikcionário===
{{verTambém.Ini}}
* [[quartezífero]]
* [[quartzífero]]
* [[quartziforme]]
{{verTambém.NovaColuna}}
* [[quartzina]]
* [[quartzítico]]
{{verTambém.NovaColuna}}
* [[quartzito]]
* [[quartzoso]]
{{verTambém.Fim}}
[[Categoria:Substantivo (Português)]]
[[Categoria:Entrada com etimologia (Português)]]
[[Categoria:Mineral (Português)]]

[[en:quartzo]]
[[eo:quartzo]]
[[gl:quartzo]]
[[mg:quartzo]]
[[zh:quartzo]]</text>
<sha1>1vyk25zyu3z94kmxzccclqmndtl3el8</sha1>
</revision>
<revision>
<id>1862316</id>
<parentid>1684182</parentid>
<timestamp>2014-09-24T22:23:46Z</timestamp>
<contributor>
<username>JAnDbot</username>
<id>25083</id>
</contributor>
<minor />
<comment>r2.7.3) (Robô: A adicionar: [[eu:quartzo]]</comment>
<model>wikitext</model>
<format>text/x-wiki</format>
<text bytes="2534" xml:space="preserve">{{Wikipédia}}
[[Image:Quartz Saint Lary Ariège.jpg|250px|thumb|&lt;center&gt;Cristal de Quartzo&lt;/center&gt;]]
={{-pt-}}=
==Substantivo==
{{flex.pt.masculino|s=quartzo|p=quartzos}}
{{paroxítona|quart|zo}}
# {{escopo|Geologia}} é o [[mineral]] mais [[abundante]] do [[planeta]], representando 12% da [[crostra terrestre]]; é formado basicamente por [[sílica]] ([[dióxido de silício]] [[Si]][[O]]&lt;sub&gt;2&lt;/sub&gt;), que forma uma [[estrutura]] [[cristalina]] [[trigonal]] composta por [[tetraedro]]s; é largamente utilizado na [[indústria]] para a [[fabricação]] dos mais diversos [[produto]]s como, [[vidro]]s, [[abrasivo]]s, [[fibra ótica|fibras óticas]], [[componente]]s [[eletrônico]]s, [[instrumento]]s [[ótico]]s, [[cerâmica]]s, [[jóia]]s e [[ornamento]]s
#* ''Madeira, cristais de '''quartzo''' e borracha são matérias-primas, mas não são commodities.'' {{OESP|2008|março|20}}

===Sinónimos===
*De '''1''': [[quarço]]

===Tradução===
{{tradini}}
* {{trad|de|Quarz}}
* {{trad|ar|مرو}}
* {{trad|ast|cuarzu}}
* {{trad|bs|kvarc}}
* {{trad|bg|кварц}}
* {{trad|yue|石英}}
* {{trad|ca|quars}}
* {{trad|cs|křemen}}
* {{trad|zh|石英}}
* {{trad|ko|석영}}
* {{trad|hr|kvarc}}
* {{trad|da|kvarts}}
* {{trad|sk|kremeň}}
* {{trad|sl|kamena strela}}
* {{trad|es|cuarzo}}
* {{trad|eo|kvarco}}
* {{trad|et|kvarts}}
* {{trad|fi|kvartsi}}
* {{trad|fr|quartz}}
* {{trad|gl|cuarzo}}
* {{trad|el|χαλαζίας}}
* {{trad|he|קוורץ}}
* {{trad|nl|kwarts}}
{{tradmeio}}
* {{trad|hu|kvarc}}
* {{trad|id|kuarsa}}
* {{trad|en|quartz}}
* {{trad|it|quarzo}}
* {{trad|ja|石英}} (せきえい, sekiei)
* {{trad|lv|kvarcs}}
* {{trad|lt|kvarcas}}
* {{trad|lb|quarz}}
* {{trad|mk|кварц}}
* {{trad|ms|kuarza}}
* {{trad|no|kvarts}}
* {{trad|nn|kvarts}}
* {{trad|fa|کوارتز}}
* {{trad|pl|kwarc}}
* {{trad|ro|cuarț}}
* {{trad|ru|кварц}}
* {{trad|sr|кварц}}
* {{trad|sv|kvarts}}
* {{trad|th|ควอตซ์}}
* {{trad|tr|kuvars}}
* {{trad|uk|кварц}}
* {{trad|vi|thạch anh}}
{{tradfim}}

=={{etimologia}}==
: Do alemão ''[[Quarz]]''.
==Ver também==
===No Wikcionário===
{{verTambém.Ini}}
* [[quartezífero]]
* [[quartzífero]]
* [[quartziforme]]
{{verTambém.NovaColuna}}
* [[quartzina]]
* [[quartzítico]]
{{verTambém.NovaColuna}}
* [[quartzito]]
* [[quartzoso]]
{{verTambém.Fim}}
[[Categoria:Substantivo (Português)]]
[[Categoria:Entrada com etimologia (Português)]]
[[Categoria:Mineral (Português)]]

[[en:quartzo]]
[[eo:quartzo]]
[[eu:quartzo]]
[[gl:quartzo]]
[[mg:quartzo]]
[[zh:quartzo]]</text>
<sha1>gfl375ighi32yvg2krd96bqd18mjmk5</sha1>
</revision>
<revision>
<id>1871700</id>
<parentid>1862316</parentid>
<timestamp>2014-11-09T11:18:58Z</timestamp>
<contributor>
<username>ValJor</username>
<id>1358</id>
</contributor>
<comment>Corrigindo ortografia: jóia --&gt; joia</comment>
<model>wikitext</model>
<format>text/x-wiki</format>
<text bytes="2499" xml:space="preserve">{{Wikipédia}}
[[Image:Quartz Saint Lary Ariège.jpg|120px|thumb|&lt;center&gt;Cristal de Quartzo&lt;/center&gt;]]

={{-pt-}}=
==Substantivo==
{{flex.pt|ms=quartzo|mp=quartzos}}
{{paroxítona|quart|zo}}, {{m}}
# {{escopo|Geologia}} é o [[mineral]] mais [[abundante]] do [[planeta]], representando 12% da [[crosta]] [[terrestre]]; é formado basicamente por [[sílica]] ([[dióxido de silício]] [[Si]][[O]]&lt;sub&gt;2&lt;/sub&gt;), que forma uma [[estrutura]] [[cristalina]] [[trigonal]] composta por [[tetraedro]]s; é largamente utilizado na [[indústria]] para a [[fabricação]] dos mais diversos [[produto]]s como, [[vidro]]s, [[abrasivo]]s, [[fibra ótica|fibras óticas]], [[componente]]s [[eletrônico]]s, [[instrumento]]s [[ótico]]s, [[cerâmica]]s, [[joia]]s e [[ornamento]]s
#* ''Madeira, cristais de '''quartzo''' e borracha são matérias-primas, mas não são commodities.'' {{OESP|2008|março|20}}

===Sinónimo===
* [[quarço]]

===Tradução===
{{tradini}}
* {{trad|de|Quarz}}
* {{trad|ar|مرو}}
* {{trad|ast|cuarzu}}
* {{trad|bs|kvarc}}
* {{trad|bg|кварц}}
* {{trad|yue|石英}}
* {{trad|ca|quars}}
* {{trad|cs|křemen}}
* {{trad|zh|石英}}
* {{trad|ko|석영}}
* {{trad|hr|kvarc}}
* {{trad|da|kvarts}}
* {{trad|sk|kremeň}}
* {{trad|sl|kamena strela}}
* {{trad|es|cuarzo}}
* {{trad|eo|kvarco}}
* {{trad|et|kvarts}}
* {{trad|fi|kvartsi}}
* {{trad|fr|quartz}}
* {{trad|gl|cuarzo}}
* {{trad|el|χαλαζίας}}
* {{trad|he|קוורץ}}
* {{trad|nl|kwarts}}
{{tradmeio}}
* {{trad|hu|kvarc}}
* {{trad|id|kuarsa}}
* {{trad|en|quartz}}
* {{trad|it|quarzo}}
* {{trad|ja|石英}} (せきえい, sekiei)
* {{trad|lv|kvarcs}}
* {{trad|lt|kvarcas}}
* {{trad|lb|quarz}}
* {{trad|mk|кварц}}
* {{trad|ms|kuarza}}
* {{trad|no|kvarts}}
* {{trad|nn|kvarts}}
* {{trad|fa|کوارتز}}
* {{trad|pl|kwarc}}
* {{trad|ro|cuarț}}
* {{trad|ru|кварц}}
* {{trad|sr|кварц}}
* {{trad|sv|kvarts}}
* {{trad|th|ควอตซ์}}
* {{trad|tr|kuvars}}
* {{trad|uk|кварц}}
* {{trad|vi|thạch anh}}
{{tradfim}}

=={{etimologia|pt}}==
: Do alemão ''[[Quarz]]''.

==Ver também==
===No Wikcionário===
{{verTambém.Ini}}
* [[quartezífero]]
* [[quartzífero]]
* [[quartziforme]]
* [[quartzina]]
{{verTambém.NovaColuna}}
* [[quartzítico]]
* [[quartzito]]
* [[quartzoso]]
{{verTambém.Fim}}

[[Categoria:Substantivo (Português)]]
[[Categoria:Mineral (Português)]]
[[Categoria:Entrada com imagem (Português)]]

[[en:quartzo]]
[[eo:quartzo]]
[[eu:quartzo]]
[[gl:quartzo]]
[[mg:quartzo]]
[[zh:quartzo]]</text>
<sha1>k797yk93sigzeenhk1032kkwohlkgl0</sha1>
</revision>
<revision>
<id>2396842</id>
<parentid>1871700</parentid>
<timestamp>2017-05-13T11:04:05Z</timestamp>
<contributor>
<username>HydrizBot</username>
<id>29590</id>
</contributor>
<minor />
<comment>Robô: A limpar links interwikis antigos</comment>
<model>wikitext</model>
<format>text/x-wiki</format>
<text bytes="2408" xml:space="preserve">{{Wikipédia}}
[[Image:Quartz Saint Lary Ariège.jpg|120px|thumb|&lt;center&gt;Cristal de Quartzo&lt;/center&gt;]]

={{-pt-}}=
==Substantivo==
{{flex.pt|ms=quartzo|mp=quartzos}}
{{paroxítona|quart|zo}}, {{m}}
# {{escopo|Geologia}} é o [[mineral]] mais [[abundante]] do [[planeta]], representando 12% da [[crosta]] [[terrestre]]; é formado basicamente por [[sílica]] ([[dióxido de silício]] [[Si]][[O]]&lt;sub&gt;2&lt;/sub&gt;), que forma uma [[estrutura]] [[cristalina]] [[trigonal]] composta por [[tetraedro]]s; é largamente utilizado na [[indústria]] para a [[fabricação]] dos mais diversos [[produto]]s como, [[vidro]]s, [[abrasivo]]s, [[fibra ótica|fibras óticas]], [[componente]]s [[eletrônico]]s, [[instrumento]]s [[ótico]]s, [[cerâmica]]s, [[joia]]s e [[ornamento]]s
#* ''Madeira, cristais de '''quartzo''' e borracha são matérias-primas, mas não são commodities.'' {{OESP|2008|março|20}}

===Sinónimo===
* [[quarço]]

===Tradução===
{{tradini}}
* {{trad|de|Quarz}}
* {{trad|ar|مرو}}
* {{trad|ast|cuarzu}}
* {{trad|bs|kvarc}}
* {{trad|bg|кварц}}
* {{trad|yue|石英}}
* {{trad|ca|quars}}
* {{trad|cs|křemen}}
* {{trad|zh|石英}}
* {{trad|ko|석영}}
* {{trad|hr|kvarc}}
* {{trad|da|kvarts}}
* {{trad|sk|kremeň}}
* {{trad|sl|kamena strela}}
* {{trad|es|cuarzo}}
* {{trad|eo|kvarco}}
* {{trad|et|kvarts}}
* {{trad|fi|kvartsi}}
* {{trad|fr|quartz}}
* {{trad|gl|cuarzo}}
* {{trad|el|χαλαζίας}}
* {{trad|he|קוורץ}}
* {{trad|nl|kwarts}}
{{tradmeio}}
* {{trad|hu|kvarc}}
* {{trad|id|kuarsa}}
* {{trad|en|quartz}}
* {{trad|it|quarzo}}
* {{trad|ja|石英}} (せきえい, sekiei)
* {{trad|lv|kvarcs}}
* {{trad|lt|kvarcas}}
* {{trad|lb|quarz}}
* {{trad|mk|кварц}}
* {{trad|ms|kuarza}}
* {{trad|no|kvarts}}
* {{trad|nn|kvarts}}
* {{trad|fa|کوارتز}}
* {{trad|pl|kwarc}}
* {{trad|ro|cuarț}}
* {{trad|ru|кварц}}
* {{trad|sr|кварц}}
* {{trad|sv|kvarts}}
* {{trad|th|ควอตซ์}}
* {{trad|tr|kuvars}}
* {{trad|uk|кварц}}
* {{trad|vi|thạch anh}}
{{tradfim}}

=={{etimologia|pt}}==
: Do alemão ''[[Quarz]]''.

==Ver também==
===No Wikcionário===
{{verTambém.Ini}}
* [[quartezífero]]
* [[quartzífero]]
* [[quartziforme]]
* [[quartzina]]
{{verTambém.NovaColuna}}
* [[quartzítico]]
* [[quartzito]]
* [[quartzoso]]
{{verTambém.Fim}}

[[Categoria:Substantivo (Português)]]
[[Categoria:Mineral (Português)]]
[[Categoria:Entrada com imagem (Português)]]</text>
<sha1>ihqs6bj6vqf0x9iwrf1ksufmgwqytg9</sha1>
</revision>
<revision>
<id>2458512</id>
<parentid>2396842</parentid>
<timestamp>2017-11-01T06:31:39Z</timestamp>
<contributor>
<username>Spanier</username>
<id>43713</id>
</contributor>
<comment>código</comment>
<model>wikitext</model>
<format>text/x-wiki</format>
<text bytes="2375" xml:space="preserve">{{Wikipédia}}
[[Image:Quartz Saint Lary Ariège.jpg|120px|thumb|&lt;center&gt;Cristal de Quartzo&lt;/center&gt;]]

={{-pt-}}=
==Substantivo==
{{flex.pt|ms=quartzo|mp=quartzos}}
{{paroxítona|quart|zo}}, {{m}}
# {{escopo|pt|mineral}} é o [[mineral]] mais [[abundante]] do [[planeta]], representando 12% da [[crosta]] [[terrestre]]; é formado basicamente por [[sílica]] ([[dióxido de silício]] [[Si]][[O]]&lt;sub&gt;2&lt;/sub&gt;), que forma uma [[estrutura]] [[cristalina]] [[trigonal]] composta por [[tetraedro]]s; é largamente utilizado na [[indústria]] para a [[fabricação]] dos mais diversos [[produto]]s como, [[vidro]]s, [[abrasivo]]s, [[fibra ótica|fibras óticas]], [[componente]]s [[eletrônico]]s, [[instrumento]]s [[ótico]]s, [[cerâmica]]s, [[joia]]s e [[ornamento]]s
#* ''Madeira, cristais de '''quartzo''' e borracha são matérias-primas, mas não são commodities.'' {{OESP|2008|março|20}}

===Sinónimo===
* [[quarço]]

===Tradução===
{{tradini}}
* {{trad|de|Quarz}}
* {{trad|ar|مرو}}
* {{trad|ast|cuarzu}}
* {{trad|bs|kvarc}}
* {{trad|bg|кварц}}
* {{trad|yue|石英}}
* {{trad|ca|quars}}
* {{trad|cs|křemen}}
* {{trad|zh|石英}}
* {{trad|ko|석영}}
* {{trad|hr|kvarc}}
* {{trad|da|kvarts}}
* {{trad|sk|kremeň}}
* {{trad|sl|kamena strela}}
* {{trad|es|cuarzo}}
* {{trad|eo|kvarco}}
* {{trad|et|kvarts}}
* {{trad|fi|kvartsi}}
* {{trad|fr|quartz}}
* {{trad|gl|cuarzo}}
* {{trad|el|χαλαζίας}}
* {{trad|he|קוורץ}}
* {{trad|nl|kwarts}}
{{tradmeio}}
* {{trad|hu|kvarc}}
* {{trad|id|kuarsa}}
* {{trad|en|quartz}}
* {{trad|it|quarzo}}
* {{trad|ja|石英}} (せきえい, sekiei)
* {{trad|lv|kvarcs}}
* {{trad|lt|kvarcas}}
* {{trad|lb|quarz}}
* {{trad|mk|кварц}}
* {{trad|ms|kuarza}}
* {{trad|no|kvarts}}
* {{trad|nn|kvarts}}
* {{trad|fa|کوارتز}}
* {{trad|pl|kwarc}}
* {{trad|ro|cuarț}}
* {{trad|ru|кварц}}
* {{trad|sr|кварц}}
* {{trad|sv|kvarts}}
* {{trad|th|ควอตซ์}}
* {{trad|tr|kuvars}}
* {{trad|uk|кварц}}
* {{trad|vi|thạch anh}}
{{tradfim}}

=={{etimologia|pt}}==
: Do alemão ''[[Quarz]]''.

==Ver também==
===No Wikcionário===
{{verTambém.Ini}}
* [[quartezífero]]
* [[quartzífero]]
* [[quartziforme]]
* [[quartzina]]
{{verTambém.NovaColuna}}
* [[quartzítico]]
* [[quartzito]]
* [[quartzoso]]
{{verTambém.Fim}}

[[Categoria:Substantivo (Português)]]
[[Categoria:Entrada com imagem (Português)]]</text>
<sha1>7yl40xm834sy255s998bf0mf1h2xo6r</sha1>
</revision>
<revision>
<id>2612950</id>
<parentid>2458512</parentid>
<timestamp>2021-01-31T13:25:13Z</timestamp>
<contributor>
<username>Marxav</username>
<id>73271</id>
</contributor>
<minor />
<comment>AFI Portugal</comment>
<model>wikitext</model>
<format>text/x-wiki</format>
<text bytes="2442" xml:space="preserve">{{Wikipédia}}
[[Image:Quartz Saint Lary Ariège.jpg|120px|thumb|&lt;center&gt;Cristal de Quartzo&lt;/center&gt;]]

={{-pt-}}=
==Substantivo==
{{flex.pt|ms=quartzo|mp=quartzos}}
{{paroxítona|quart|zo}}, {{m}}
# {{escopo|pt|mineral}} é o [[mineral]] mais [[abundante]] do [[planeta]], representando 12% da [[crosta]] [[terrestre]]; é formado basicamente por [[sílica]] ([[dióxido de silício]] [[Si]][[O]]&lt;sub&gt;2&lt;/sub&gt;), que forma uma [[estrutura]] [[cristalina]] [[trigonal]] composta por [[tetraedro]]s; é largamente utilizado na [[indústria]] para a [[fabricação]] dos mais diversos [[produto]]s como, [[vidro]]s, [[abrasivo]]s, [[fibra ótica|fibras óticas]], [[componente]]s [[eletrônico]]s, [[instrumento]]s [[ótico]]s, [[cerâmica]]s, [[joia]]s e [[ornamento]]s
#* ''Madeira, cristais de '''quartzo''' e borracha são matérias-primas, mas não são commodities.'' {{OESP|2008|março|20}}

===Sinónimo===
* [[quarço]]

===Tradução===
{{tradini}}
* {{trad|de|Quarz}}
* {{trad|ar|مرو}}
* {{trad|ast|cuarzu}}
* {{trad|bs|kvarc}}
* {{trad|bg|кварц}}
* {{trad|yue|石英}}
* {{trad|ca|quars}}
* {{trad|cs|křemen}}
* {{trad|zh|石英}}
* {{trad|ko|석영}}
* {{trad|hr|kvarc}}
* {{trad|da|kvarts}}
* {{trad|sk|kremeň}}
* {{trad|sl|kamena strela}}
* {{trad|es|cuarzo}}
* {{trad|eo|kvarco}}
* {{trad|et|kvarts}}
* {{trad|fi|kvartsi}}
* {{trad|fr|quartz}}
* {{trad|gl|cuarzo}}
* {{trad|el|χαλαζίας}}
* {{trad|he|קוורץ}}
* {{trad|nl|kwarts}}
{{tradmeio}}
* {{trad|hu|kvarc}}
* {{trad|id|kuarsa}}
* {{trad|en|quartz}}
* {{trad|it|quarzo}}
* {{trad|ja|石英}} (せきえい, sekiei)
* {{trad|lv|kvarcs}}
* {{trad|lt|kvarcas}}
* {{trad|lb|quarz}}
* {{trad|mk|кварц}}
* {{trad|ms|kuarza}}
* {{trad|no|kvarts}}
* {{trad|nn|kvarts}}
* {{trad|fa|کوارتز}}
* {{trad|pl|kwarc}}
* {{trad|ro|cuarț}}
* {{trad|ru|кварц}}
* {{trad|sr|кварц}}
* {{trad|sv|kvarts}}
* {{trad|th|ควอตซ์}}
* {{trad|tr|kuvars}}
* {{trad|uk|кварц}}
* {{trad|vi|thạch anh}}
{{tradfim}}

=={{etimologia|pt}}==
: Do alemão ''[[Quarz]]''.

=={{pronúncia|pt}}==
===Portugal===
* AFI: {{AFI|/ˈkwaɾ.tzu/}}

==Ver também==
===No Wikcionário===
{{verTambém.Ini}}
* [[quartezífero]]
* [[quartzífero]]
* [[quartziforme]]
* [[quartzina]]
{{verTambém.NovaColuna}}
* [[quartzítico]]
* [[quartzito]]
* [[quartzoso]]
{{verTambém.Fim}}

[[Categoria:Substantivo (Português)]]
[[Categoria:Entrada com imagem (Português)]]</text>
<sha1>d8hxqwa5sdq4awa3szvhz8w4yrp7xoo</sha1>
</revision>
</page>
