<title>quartetos</title>
<ns>0</ns>
<id>342289</id>
<revision>
<id>1966716</id>
<timestamp>2015-07-19T13:00:42Z</timestamp>
<contributor>
<username>MIL973</username>
<id>41339</id>
</contributor>
<comment>[[Ajuda:Guia de edição/Menus e ferramentas/Sumário de edição|→]] nova página: ={{-pt-}}= ==Forma de substantivo== {{paroxítona|quar|te|tos}}, {{m}} # plural de [[quarteto]]  {{avi-for-fl...</comment>
<model>wikitext</model>
<format>text/x-wiki</format>
<text bytes="121" xml:space="preserve">={{-pt-}}=
==Forma de substantivo==
{{paroxítona|quar|te|tos}}, {{m}}
# plural de [[quarteto]]

{{avi-for-fle|quarteto}}</text>
<sha1>pso9z3i2bv4rlbzemw962nvbir6qb4g</sha1>
</revision>
<revision>
<id>1966717</id>
<parentid>1966716</parentid>
<timestamp>2015-07-19T13:00:51Z</timestamp>
<contributor>
<username>MIL973</username>
<id>41339</id>
</contributor>
<minor />
<comment>adicionou [[Categoria:Forma de substantivo (Português)]] usando [[Wikcionário:HotCat|HotCat]]</comment>
<model>wikitext</model>
<format>text/x-wiki</format>
<text bytes="170" xml:space="preserve">={{-pt-}}=
==Forma de substantivo==
{{paroxítona|quar|te|tos}}, {{m}}
# plural de [[quarteto]]

{{avi-for-fle|quarteto}}

[[Categoria:Forma de substantivo (Português)]]</text>
<sha1>lhxg7ztpqiimcr6yofnzxe8h3yjbm61</sha1>
</revision>
</page>
