<title>quarásseis</title>
<ns>0</ns>
<id>201697</id>
<revision>
<id>771834</id>
<timestamp>2010-02-11T19:14:18Z</timestamp>
<contributor>
<username>Jesielt-bot</username>
<id>10876</id>
</contributor>
<comment>Verbete criado por bot.</comment>
<model>wikitext</model>
<format>text/x-wiki</format>
<text bytes="196" xml:space="preserve">={{pt}}=
==Forma verbal==
'''quarásseis'''
#[[segunda pessoa]] do [[plural]] do [[pretérito imperfeito]] do [[modo subjuntivo]] do verbo '''[[quarar]]'''

[[Categoria:Forma verbal (Português)]]</text>
<sha1>gxt9kfrww6zwz8n80933lkl7ml1zfrj</sha1>
</revision>
<revision>
<id>787531</id>
<parentid>771834</parentid>
<timestamp>2010-02-17T03:00:13Z</timestamp>
<contributor>
<username>Interwicket</username>
<id>6868</id>
</contributor>
<minor />
<comment>iwiki +[[:no:quarásseis]]</comment>
<model>wikitext</model>
<format>text/x-wiki</format>
<text bytes="216" xml:space="preserve">={{pt}}=
==Forma verbal==
'''quarásseis'''
#[[segunda pessoa]] do [[plural]] do [[pretérito imperfeito]] do [[modo subjuntivo]] do verbo '''[[quarar]]'''

[[Categoria:Forma verbal (Português)]]

[[no:quarásseis]]</text>
<sha1>hvx2qn3e9he310md8jw6l40ad8zq9jf</sha1>
</revision>
<revision>
<id>1168110</id>
<parentid>787531</parentid>
<timestamp>2011-07-06T12:13:13Z</timestamp>
<contributor>
<username>MalafayaBot</username>
<id>628</id>
</contributor>
<minor />
<comment>Robô: Substituição de texto automática (-^\=\s?Português\s?\= +={{-pt-}}= &amp; -^\=\s?\{\{pt\}\}\s?\= +={{-pt-}}=)</comment>
<model>wikitext</model>
<format>text/x-wiki</format>
<text bytes="218" xml:space="preserve">={{-pt-}}=
==Forma verbal==
'''quarásseis'''
#[[segunda pessoa]] do [[plural]] do [[pretérito imperfeito]] do [[modo subjuntivo]] do verbo '''[[quarar]]'''

[[Categoria:Forma verbal (Português)]]

[[no:quarásseis]]</text>
<sha1>80ydou9jhugvecdqes6e5ttygniq2io</sha1>
</revision>
<revision>
<id>2396849</id>
<parentid>1168110</parentid>
<timestamp>2017-05-13T11:04:19Z</timestamp>
<contributor>
<username>HydrizBot</username>
<id>29590</id>
</contributor>
<minor />
<comment>Robô: A limpar links interwikis antigos</comment>
<model>wikitext</model>
<format>text/x-wiki</format>
<text bytes="198" xml:space="preserve">={{-pt-}}=
==Forma verbal==
'''quarásseis'''
#[[segunda pessoa]] do [[plural]] do [[pretérito imperfeito]] do [[modo subjuntivo]] do verbo '''[[quarar]]'''

[[Categoria:Forma verbal (Português)]]</text>
<sha1>be0194r0aarb61lbt697p9zva31in32</sha1>
</revision>
</page>
