<title>quarámos</title>
<ns>0</ns>
<id>164739</id>
<revision>
<id>683208</id>
<timestamp>2010-01-03T19:52:50Z</timestamp>
<contributor>
<username>Jesielt-bot</username>
<id>10876</id>
</contributor>
<comment>Artigo criado por bot</comment>
<model>wikitext</model>
<format>text/x-wiki</format>
<text bytes="219" xml:space="preserve">={{pt}}=
==Forma verbal==
'''quarámos'''
#{{escopo|grafia lusitana}} [[primeira pessoa]] do [[plural]] do [[pretérito perfeito]] do [[modo indicativo]] do verbo '''[[quarar]]'''
[[Categoria:Forma verbal (Português)]]</text>
<sha1>010dbps9b2smykcnfw1trh6sc6x3jle</sha1>
</revision>
<revision>
<id>685237</id>
<parentid>683208</parentid>
<timestamp>2010-01-05T04:34:58Z</timestamp>
<contributor>
<username>Interwicket</username>
<id>6868</id>
</contributor>
<minor />
<comment>iwiki +[[:no:quarámos]]</comment>
<model>wikitext</model>
<format>text/x-wiki</format>
<text bytes="237" xml:space="preserve">={{pt}}=
==Forma verbal==
'''quarámos'''
#{{escopo|grafia lusitana}} [[primeira pessoa]] do [[plural]] do [[pretérito perfeito]] do [[modo indicativo]] do verbo '''[[quarar]]'''
[[Categoria:Forma verbal (Português)]]

[[no:quarámos]]</text>
<sha1>g54znvlzkeld90ozx9jct0s17q7jwfb</sha1>
</revision>
<revision>
<id>1168107</id>
<parentid>685237</parentid>
<timestamp>2011-07-06T12:13:10Z</timestamp>
<contributor>
<username>MalafayaBot</username>
<id>628</id>
</contributor>
<minor />
<comment>Robô: Substituição de texto automática (-^\=\s?Português\s?\= +={{-pt-}}= &amp; -^\=\s?\{\{pt\}\}\s?\= +={{-pt-}}=)</comment>
<model>wikitext</model>
<format>text/x-wiki</format>
<text bytes="239" xml:space="preserve">={{-pt-}}=
==Forma verbal==
'''quarámos'''
#{{escopo|grafia lusitana}} [[primeira pessoa]] do [[plural]] do [[pretérito perfeito]] do [[modo indicativo]] do verbo '''[[quarar]]'''
[[Categoria:Forma verbal (Português)]]

[[no:quarámos]]</text>
<sha1>ga72c13qfyszef0jf1g6yrzpc05t82q</sha1>
</revision>
<revision>
<id>1644860</id>
<parentid>1168107</parentid>
<timestamp>2013-02-01T17:26:41Z</timestamp>
<contributor>
<ip>217.129.4.92</ip>
</contributor>
<model>wikitext</model>
<format>text/x-wiki</format>
<text bytes="264" xml:space="preserve">={{-pt-}}=
==Forma verbal==
'''quarámos'''
#{{escopo|grafia lusitana}} [[primeira pessoa]] do [[plural]] do [[pretérito perfeito]] do [[modo indicativo]] do verbo '''[[quarar]]'''
[[Categoria:Forma verbal (Português)]]
[[Categoria:Lusitanismo]]
[[no:quarámos]]</text>
<sha1>t1zpbod43bgqi8q656t8dmytcvuuafi</sha1>
</revision>
<revision>
<id>2259402</id>
<parentid>1644860</parentid>
<timestamp>2017-04-09T06:19:09Z</timestamp>
<contributor>
<username>Defender</username>
<id>15952</id>
</contributor>
<comment>Trocando predefinição escopo por escopo2</comment>
<model>wikitext</model>
<format>text/x-wiki</format>
<text bytes="277" xml:space="preserve">={{-pt-}}=
==Forma verbal==
{{paroxítona|qua|rá|mos}}
#{{escopo2|grafia lusitana}} [[primeira pessoa]] do [[plural]] do [[pretérito perfeito]] do [[modo indicativo]] do verbo '''[[quarar]]'''
[[Categoria:Forma verbal (Português)]]
[[Categoria:Lusitanismo]]
[[no:quarámos]]</text>
<sha1>jl1faotpu3x54xjvaegk0o50uefhux4</sha1>
</revision>
<revision>
<id>2396846</id>
<parentid>2259402</parentid>
<timestamp>2017-05-13T11:04:14Z</timestamp>
<contributor>
<username>HydrizBot</username>
<id>29590</id>
</contributor>
<minor />
<comment>Robô: A limpar links interwikis antigos</comment>
<model>wikitext</model>
<format>text/x-wiki</format>
<text bytes="260" xml:space="preserve">={{-pt-}}=
==Forma verbal==
{{paroxítona|qua|rá|mos}}
#{{escopo2|grafia lusitana}} [[primeira pessoa]] do [[plural]] do [[pretérito perfeito]] do [[modo indicativo]] do verbo '''[[quarar]]'''
[[Categoria:Forma verbal (Português)]]
[[Categoria:Lusitanismo]]</text>
<sha1>dovlafgsj2wqt399hysfb9ektgwbg2j</sha1>
</revision>
</page>
