<title>quarara</title>
<ns>0</ns>
<id>177536</id>
<revision>
<id>713914</id>
<timestamp>2010-01-25T17:31:55Z</timestamp>
<contributor>
<username>Jesielt-bot</username>
<id>10876</id>
</contributor>
<comment>Verbete criado por bot.</comment>
<model>wikitext</model>
<format>text/x-wiki</format>
<text bytes="179" xml:space="preserve">={{pt}}=
==Forma verbal==
'''quarara'''
#[[primeira pessoa]] do [[singular]] do [[pretérito mais-que-perfeito]] do verbo '''[[quarar]]'''

[[Categoria:Forma verbal (Português)]]</text>
<sha1>79p4i4yxlgntt045tw2ihlah8s7f7xb</sha1>
</revision>
<revision>
<id>723513</id>
<parentid>713914</parentid>
<timestamp>2010-01-28T04:40:35Z</timestamp>
<contributor>
<username>Interwicket</username>
<id>6868</id>
</contributor>
<minor />
<comment>iwiki +[[:no:quarara]]</comment>
<model>wikitext</model>
<format>text/x-wiki</format>
<text bytes="195" xml:space="preserve">={{pt}}=
==Forma verbal==
'''quarara'''
#[[primeira pessoa]] do [[singular]] do [[pretérito mais-que-perfeito]] do verbo '''[[quarar]]'''

[[Categoria:Forma verbal (Português)]]

[[no:quarara]]</text>
<sha1>6ozyimikn5mh34q3rs10jvmph78ngfv</sha1>
</revision>
<revision>
<id>1168072</id>
<parentid>723513</parentid>
<timestamp>2011-07-06T12:12:32Z</timestamp>
<contributor>
<username>MalafayaBot</username>
<id>628</id>
</contributor>
<minor />
<comment>Robô: Substituição de texto automática (-^\=\s?Português\s?\= +={{-pt-}}= &amp; -^\=\s?\{\{pt\}\}\s?\= +={{-pt-}}=)</comment>
<model>wikitext</model>
<format>text/x-wiki</format>
<text bytes="197" xml:space="preserve">={{-pt-}}=
==Forma verbal==
'''quarara'''
#[[primeira pessoa]] do [[singular]] do [[pretérito mais-que-perfeito]] do verbo '''[[quarar]]'''

[[Categoria:Forma verbal (Português)]]

[[no:quarara]]</text>
<sha1>rbqh8ucceyzcs4tmjvsd6chwq6gin1m</sha1>
</revision>
<revision>
<id>2396781</id>
<parentid>1168072</parentid>
<timestamp>2017-05-13T11:01:50Z</timestamp>
<contributor>
<username>HydrizBot</username>
<id>29590</id>
</contributor>
<minor />
<comment>Robô: A limpar links interwikis antigos</comment>
<model>wikitext</model>
<format>text/x-wiki</format>
<text bytes="181" xml:space="preserve">={{-pt-}}=
==Forma verbal==
'''quarara'''
#[[primeira pessoa]] do [[singular]] do [[pretérito mais-que-perfeito]] do verbo '''[[quarar]]'''

[[Categoria:Forma verbal (Português)]]</text>
<sha1>rsyr4ttn5l20kd5xelm5nmjsyqrxim9</sha1>
</revision>
</page>
