<title>quaresmar</title>
<ns>0</ns>
<id>312118</id>
<revision>
<id>1659444</id>
<timestamp>2013-02-23T15:25:25Z</timestamp>
<contributor>
<username>ValJor</username>
<id>1358</id>
</contributor>
<comment>Por um [[Especial:Lonelypages|wikcionário sem órfãos]]: [[quaresmámos]]</comment>
<model>wikitext</model>
<format>text/x-wiki</format>
<text bytes="261" xml:space="preserve">={{-pt-}}=
==Verbo==
{{oxítona|qua|res|mar}}, ''v. i.''
# observar os preceitos religiosos relativos à quaresma

===Conjugação===
{{conj/pt|quaresm|ar}}

=={{etimologia|pt}}==
: {{escopo|Morfologia}} [[quaresma]] + [[-ar]].

[[Categoria:Verbo (Português)]]</text>
<sha1>b8sh6zskex348d19h0yfc0llmefu4lx</sha1>
</revision>
</page>
