<title>quarai</title>
<ns>0</ns>
<id>220328</id>
<revision>
<id>817426</id>
<timestamp>2010-02-24T18:49:24Z</timestamp>
<contributor>
<username>Jesielt-bot</username>
<id>10876</id>
</contributor>
<comment>Verbete criado por bot.</comment>
<model>wikitext</model>
<format>text/x-wiki</format>
<text bytes="172" xml:space="preserve">={{pt}}=
==Forma verbal==
'''quarai'''
#[[segunda pessoa]] do [[plural]] do [[imperativo]] [[afirmativo]] do verbo '''[[quarar]]'''

[[Categoria:Forma verbal (Português)]]</text>
<sha1>j1uy36hubjo68x19zyske15nm98u0qt</sha1>
</revision>
<revision>
<id>827753</id>
<parentid>817426</parentid>
<timestamp>2010-03-07T04:16:36Z</timestamp>
<contributor>
<username>Interwicket</username>
<id>6868</id>
</contributor>
<minor />
<comment>iwiki +[[:no:quarai]]</comment>
<model>wikitext</model>
<format>text/x-wiki</format>
<text bytes="187" xml:space="preserve">={{pt}}=
==Forma verbal==
'''quarai'''
#[[segunda pessoa]] do [[plural]] do [[imperativo]] [[afirmativo]] do verbo '''[[quarar]]'''

[[Categoria:Forma verbal (Português)]]

[[no:quarai]]</text>
<sha1>hzhhlrqzjcunfg87j7ehuepxekt6lfa</sha1>
</revision>
<revision>
<id>1168067</id>
<parentid>827753</parentid>
<timestamp>2011-07-06T12:12:27Z</timestamp>
<contributor>
<username>MalafayaBot</username>
<id>628</id>
</contributor>
<minor />
<comment>Robô: Substituição de texto automática (-^\=\s?Português\s?\= +={{-pt-}}= &amp; -^\=\s?\{\{pt\}\}\s?\= +={{-pt-}}=)</comment>
<model>wikitext</model>
<format>text/x-wiki</format>
<text bytes="189" xml:space="preserve">={{-pt-}}=
==Forma verbal==
'''quarai'''
#[[segunda pessoa]] do [[plural]] do [[imperativo]] [[afirmativo]] do verbo '''[[quarar]]'''

[[Categoria:Forma verbal (Português)]]

[[no:quarai]]</text>
<sha1>br0hegy99p18rclguf7e445035cvjcm</sha1>
</revision>
<revision>
<id>2396772</id>
<parentid>1168067</parentid>
<timestamp>2017-05-13T11:01:26Z</timestamp>
<contributor>
<username>HydrizBot</username>
<id>29590</id>
</contributor>
<minor />
<comment>Robô: A limpar links interwikis antigos</comment>
<model>wikitext</model>
<format>text/x-wiki</format>
<text bytes="174" xml:space="preserve">={{-pt-}}=
==Forma verbal==
'''quarai'''
#[[segunda pessoa]] do [[plural]] do [[imperativo]] [[afirmativo]] do verbo '''[[quarar]]'''

[[Categoria:Forma verbal (Português)]]</text>
<sha1>q2s9nr5lm7nm3uk5e5q9jc5e8746pl3</sha1>
</revision>
</page>
