<title>quarentões</title>
<ns>0</ns>
<id>170235</id>
<revision>
<id>703484</id>
<timestamp>2010-01-21T14:08:41Z</timestamp>
<contributor>
<username>Jesielt</username>
<id>6680</id>
</contributor>
<comment>Novo.</comment>
<model>wikitext</model>
<format>text/x-wiki</format>
<text bytes="138" xml:space="preserve">={{pt}}=
==Forma de substantivo==
'''quarentões''' {{p}}
#plural de '''[[quarentão]]'''

[[Categoria:Forma de substantivo (Português)]]</text>
<sha1>daj4fll20e35gzm7avbqqgxn6jpcdzk</sha1>
</revision>
<revision>
<id>1215736</id>
<parentid>703484</parentid>
<timestamp>2011-07-10T18:02:24Z</timestamp>
<contributor>
<username>MalafayaBot</username>
<id>628</id>
</contributor>
<minor />
<comment>Robô: Substituição de texto automática (-^\=\s?Português\s?\= +={{-pt-}}= &amp; -^\=\s?\{\{pt\}\}\s?\= +={{-pt-}}=)</comment>
<model>wikitext</model>
<format>text/x-wiki</format>
<text bytes="140" xml:space="preserve">={{-pt-}}=
==Forma de substantivo==
'''quarentões''' {{p}}
#plural de '''[[quarentão]]'''

[[Categoria:Forma de substantivo (Português)]]</text>
<sha1>avly7wbn0jq68cu8zw5gcgsr76wz1bp</sha1>
</revision>
</page>
