<title>quartelada</title>
<ns>0</ns>
<id>424872</id>
<revision>
<id>2591802</id>
<timestamp>2020-07-04T18:30:33Z</timestamp>
<contributor>
<username>Leonardo José Raimundo</username>
<id>43489</id>
</contributor>
<comment>Eu estou criando a palavra &quot;quartelada&quot;.</comment>
<model>wikitext</model>
<format>text/x-wiki</format>
<text bytes="430" xml:space="preserve">={{-pt-}}=
==Substantivo==
{{flex.pt|fs=quartelada|fp=quarteladas}}
{{paroxítona|quar|te|la|da}}
# {{escopo|pt|Militar}} movimento [[sedicioso]], sem bases sociais, [[provocado]] por militares; golpe
# {{escopo|pt|Metrologia}} medida de extensão de amarra (15 [[braça]]s)
# {{escopo|pt|Teatro}} cada uma das divisões do piso de um palco onde se podem abrir [[alçapão|alçapões]] etc.

[[Categoria:Substantivo (Português)]]</text>
<sha1>b19nxrmh6xy4waoy8t2zo4osr4pglf5</sha1>
</revision>
</page>
