<title>quarareis</title>
<ns>0</ns>
<id>189421</id>
<revision>
<id>739931</id>
<timestamp>2010-02-03T20:49:01Z</timestamp>
<contributor>
<username>Jesielt-bot</username>
<id>10876</id>
</contributor>
<comment>Verbete criado por bot.</comment>
<model>wikitext</model>
<format>text/x-wiki</format>
<text bytes="168" xml:space="preserve">={{pt}}=
==Forma verbal==
'''quarareis'''
#[[segunda pessoa]] do [[plural]] do [[futuro do presente]] do verbo '''[[quarar]]'''

[[Categoria:Forma verbal (Português)]]</text>
<sha1>tqftkik0t67sq3jtoi3d410kqm1nl27</sha1>
</revision>
<revision>
<id>750283</id>
<parentid>739931</parentid>
<timestamp>2010-02-05T23:57:00Z</timestamp>
<contributor>
<username>Interwicket</username>
<id>6868</id>
</contributor>
<minor />
<comment>iwiki +[[:no:quarareis]]</comment>
<model>wikitext</model>
<format>text/x-wiki</format>
<text bytes="186" xml:space="preserve">={{pt}}=
==Forma verbal==
'''quarareis'''
#[[segunda pessoa]] do [[plural]] do [[futuro do presente]] do verbo '''[[quarar]]'''

[[Categoria:Forma verbal (Português)]]

[[no:quarareis]]</text>
<sha1>o2w6fj4m0hbpf0ljif8bhzoxy0lc3s4</sha1>
</revision>
<revision>
<id>1168077</id>
<parentid>750283</parentid>
<timestamp>2011-07-06T12:12:37Z</timestamp>
<contributor>
<username>MalafayaBot</username>
<id>628</id>
</contributor>
<minor />
<comment>Robô: Substituição de texto automática (-^\=\s?Português\s?\= +={{-pt-}}= &amp; -^\=\s?\{\{pt\}\}\s?\= +={{-pt-}}=)</comment>
<model>wikitext</model>
<format>text/x-wiki</format>
<text bytes="188" xml:space="preserve">={{-pt-}}=
==Forma verbal==
'''quarareis'''
#[[segunda pessoa]] do [[plural]] do [[futuro do presente]] do verbo '''[[quarar]]'''

[[Categoria:Forma verbal (Português)]]

[[no:quarareis]]</text>
<sha1>g5lryaom501ouv80z4ht9i11k7tkovg</sha1>
</revision>
<revision>
<id>2396786</id>
<parentid>1168077</parentid>
<timestamp>2017-05-13T11:01:58Z</timestamp>
<contributor>
<username>HydrizBot</username>
<id>29590</id>
</contributor>
<minor />
<comment>Robô: A limpar links interwikis antigos</comment>
<model>wikitext</model>
<format>text/x-wiki</format>
<text bytes="170" xml:space="preserve">={{-pt-}}=
==Forma verbal==
'''quarareis'''
#[[segunda pessoa]] do [[plural]] do [[futuro do presente]] do verbo '''[[quarar]]'''

[[Categoria:Forma verbal (Português)]]</text>
<sha1>r78e432tgucnm102yjyev9l4b4b1r2z</sha1>
</revision>
</page>
