<title>quaravas</title>
<ns>0</ns>
<id>161903</id>
<revision>
<id>675102</id>
<timestamp>2009-12-30T23:49:19Z</timestamp>
<contributor>
<username>Jesielt-bot</username>
<id>10876</id>
</contributor>
<comment>Artigo criado por bot</comment>
<model>wikitext</model>
<format>text/x-wiki</format>
<text bytes="194" xml:space="preserve">={{pt}}=
==Forma verbal==
'''quaravas'''
#[[segunda pessoa]] do [[singular]] do [[pretérito imperfeito]] do [[modo indicativo]] do verbo '''[[quarar]]'''
[[Categoria:Forma verbal (Português)]]</text>
<sha1>83yg8xczrrgic5p2sztg1ndpnv89phk</sha1>
</revision>
<revision>
<id>685657</id>
<parentid>675102</parentid>
<timestamp>2010-01-05T05:53:14Z</timestamp>
<contributor>
<username>Interwicket</username>
<id>6868</id>
</contributor>
<minor />
<comment>iwiki +[[:no:quaravas]]</comment>
<model>wikitext</model>
<format>text/x-wiki</format>
<text bytes="211" xml:space="preserve">={{pt}}=
==Forma verbal==
'''quaravas'''
#[[segunda pessoa]] do [[singular]] do [[pretérito imperfeito]] do [[modo indicativo]] do verbo '''[[quarar]]'''
[[Categoria:Forma verbal (Português)]]

[[no:quaravas]]</text>
<sha1>sqmhnh39npxwy029h6l2q6aofkwxac4</sha1>
</revision>
<revision>
<id>1168098</id>
<parentid>685657</parentid>
<timestamp>2011-07-06T12:13:01Z</timestamp>
<contributor>
<username>MalafayaBot</username>
<id>628</id>
</contributor>
<minor />
<comment>Robô: Substituição de texto automática (-^\=\s?Português\s?\= +={{-pt-}}= &amp; -^\=\s?\{\{pt\}\}\s?\= +={{-pt-}}=)</comment>
<model>wikitext</model>
<format>text/x-wiki</format>
<text bytes="213" xml:space="preserve">={{-pt-}}=
==Forma verbal==
'''quaravas'''
#[[segunda pessoa]] do [[singular]] do [[pretérito imperfeito]] do [[modo indicativo]] do verbo '''[[quarar]]'''
[[Categoria:Forma verbal (Português)]]

[[no:quaravas]]</text>
<sha1>d8d50zqtn05niabvvfkke5q57r3qarf</sha1>
</revision>
<revision>
<id>2396807</id>
<parentid>1168098</parentid>
<timestamp>2017-05-13T11:02:31Z</timestamp>
<contributor>
<username>HydrizBot</username>
<id>29590</id>
</contributor>
<minor />
<comment>Robô: A limpar links interwikis antigos</comment>
<model>wikitext</model>
<format>text/x-wiki</format>
<text bytes="196" xml:space="preserve">={{-pt-}}=
==Forma verbal==
'''quaravas'''
#[[segunda pessoa]] do [[singular]] do [[pretérito imperfeito]] do [[modo indicativo]] do verbo '''[[quarar]]'''
[[Categoria:Forma verbal (Português)]]</text>
<sha1>02k9ypl5f4kl5rarzj8cxdrhhm9ejkj</sha1>
</revision>
</page>
