<title>quaresmeira</title>
<ns>0</ns>
<id>184671</id>
<revision>
<id>734561</id>
<timestamp>2010-01-30T22:27:49Z</timestamp>
<contributor>
<username>Eusbarbosa</username>
<id>117</id>
</contributor>
<comment>[[Ajuda:Menus e funções/Sumário de edição#Sumário de edição automático|→]] nova página: [[Imagem:FABULOSAQUARESMEIRA.jpg|thumb|200 px|Quaresmeira]] ={{-pt-}}= ==Substantivo== '''qua.res....</comment>
<model>wikitext</model>
<format>text/x-wiki</format>
<text bytes="444" xml:space="preserve">[[Imagem:FABULOSAQUARESMEIRA.jpg|thumb|200 px|Quaresmeira]]
={{-pt-}}=
==Substantivo==
'''qua.res.mei.ra''' - '' feminino''
# [[árvore]] da [[família]] das [[melastomatáceas]], com [[floração]] [[exuberante]] no período de [[janeiro]] a [[abril]]; [[w:Tibouchina granulosa|Tibouchina granulosa]]

==={{vertb}}===
* [[manacá]]
* [[manacá-de-cheiro]]
* [[eratataca]]

[[Categoria:Substantivo (Português)]]
[[Categoria:Flor (Português)]]</text>
<sha1>nv2xoxvevehutbx9u5gd58sftvh941s</sha1>
</revision>
<revision>
<id>1553875</id>
<parentid>734561</parentid>
<timestamp>2012-12-06T15:17:21Z</timestamp>
<contributor>
<username>VJBot</username>
<id>33673</id>
</contributor>
<minor />
<comment>Robô: Substituição de texto automática  (-{{vertb}} +Ver também)</comment>
<model>wikitext</model>
<format>text/x-wiki</format>
<text bytes="446" xml:space="preserve">[[Imagem:FABULOSAQUARESMEIRA.jpg|thumb|200 px|Quaresmeira]]
={{-pt-}}=
==Substantivo==
'''qua.res.mei.ra''' - '' feminino''
# [[árvore]] da [[família]] das [[melastomatáceas]], com [[floração]] [[exuberante]] no período de [[janeiro]] a [[abril]]; [[w:Tibouchina granulosa|Tibouchina granulosa]]

===Ver também===
* [[manacá]]
* [[manacá-de-cheiro]]
* [[eratataca]]

[[Categoria:Substantivo (Português)]]
[[Categoria:Flor (Português)]]</text>
<sha1>5t15d4obhrhk80vdlt8wp6j6oka78sa</sha1>
</revision>
<revision>
<id>2226860</id>
<parentid>1553875</parentid>
<timestamp>2017-01-23T02:32:16Z</timestamp>
<contributor>
<username>MIL973</username>
<id>41339</id>
</contributor>
<model>wikitext</model>
<format>text/x-wiki</format>
<text bytes="627" xml:space="preserve">[[Imagem:FABULOSAQUARESMEIRA.jpg|thumb|200 px|Quaresmeira]]

={{-pt-}}=
==Substantivo==
{{flex.pt|fs=quaresmeira|fp=quaresmeiras}}
{{paroxítona|qua|res|mei|ra}}, {{gramática|f}}
# {{escopo|pt|Árvore|botânica}} [[árvore]] da [[família]] das [[melastomatáceas]], com [[floração]] [[exuberante]] no período de [[janeiro]] a [[abril]]; [[w:Tibouchina granulosa|Tibouchina granulosa]]

=={{etimologia|pt}}==
: {{escopo|Morfologia}} [[quaresma]] + [[-eira]].

===Ver também===
===No Wikcionário===
{{colunas|3}}
* [[eratataca]]
* [[manacá]]
* [[manacá-de-cheiro]]
{{colunas/fim}}

[[Categoria:Substantivo (Português)]]</text>
<sha1>1a2426n7il8yozf0x3a28iubf9r3o6u</sha1>
</revision>
<revision>
<id>2226861</id>
<parentid>2226860</parentid>
<timestamp>2017-01-23T02:32:34Z</timestamp>
<contributor>
<username>MIL973</username>
<id>41339</id>
</contributor>
<model>wikitext</model>
<format>text/x-wiki</format>
<text bytes="625" xml:space="preserve">[[Imagem:FABULOSAQUARESMEIRA.jpg|thumb|200 px|Quaresmeira]]

={{-pt-}}=
==Substantivo==
{{flex.pt|fs=quaresmeira|fp=quaresmeiras}}
{{paroxítona|qua|res|mei|ra}}, {{gramática|f}}
# {{escopo|pt|Árvore|botânica}} [[árvore]] da [[família]] das [[melastomatáceas]], com [[floração]] [[exuberante]] no período de [[janeiro]] a [[abril]]; [[w:Tibouchina granulosa|Tibouchina granulosa]]

=={{etimologia|pt}}==
: {{escopo|Morfologia}} [[quaresma]] + [[-eira]].

==Ver também==
===No Wikcionário===
{{colunas|3}}
* [[eratataca]]
* [[manacá]]
* [[manacá-de-cheiro]]
{{colunas/fim}}

[[Categoria:Substantivo (Português)]]</text>
<sha1>mlmyckfqihrownv4tu0750q0jwerd57</sha1>
</revision>
</page>
