<title>quaremos</title>
<ns>0</ns>
<id>214476</id>
<revision>
<id>804571</id>
<timestamp>2010-02-19T23:31:49Z</timestamp>
<contributor>
<username>Jesielt-bot</username>
<id>10876</id>
</contributor>
<comment>Verbete criado por bot.</comment>
<model>wikitext</model>
<format>text/x-wiki</format>
<text bytes="367" xml:space="preserve">={{pt}}=
==Forma verbal==
'''quaremos'''
#[[primeira pessoa]] do [[plural]] do [[presente]] do [[modo subjuntivo]] do verbo '''[[quarar]]'''
#[[primeira pessoa]] do [[plural]] do [[imperativo]] [[afirmativo]] do verbo '''[[quarar]]'''
#[[primeira pessoa]] do [[plural]] do [[imperativo]] [[negativo]] do verbo '''[[quarar]]'''

[[Categoria:Forma verbal (Português)]]</text>
<sha1>siz3zb5bdnxe363x31bpf1x3pu3dgv5</sha1>
</revision>
<revision>
<id>815746</id>
<parentid>804571</parentid>
<timestamp>2010-02-24T12:27:39Z</timestamp>
<contributor>
<username>Interwicket</username>
<id>6868</id>
</contributor>
<minor />
<comment>iwiki +[[:no:quaremos]]</comment>
<model>wikitext</model>
<format>text/x-wiki</format>
<text bytes="384" xml:space="preserve">={{pt}}=
==Forma verbal==
'''quaremos'''
#[[primeira pessoa]] do [[plural]] do [[presente]] do [[modo subjuntivo]] do verbo '''[[quarar]]'''
#[[primeira pessoa]] do [[plural]] do [[imperativo]] [[afirmativo]] do verbo '''[[quarar]]'''
#[[primeira pessoa]] do [[plural]] do [[imperativo]] [[negativo]] do verbo '''[[quarar]]'''

[[Categoria:Forma verbal (Português)]]

[[no:quaremos]]</text>
<sha1>63t6mol19omrocheug5nnpnoiyf6kqz</sha1>
</revision>
<revision>
<id>1168103</id>
<parentid>815746</parentid>
<timestamp>2011-07-06T12:13:06Z</timestamp>
<contributor>
<username>MalafayaBot</username>
<id>628</id>
</contributor>
<minor />
<comment>Robô: Substituição de texto automática (-^\=\s?Português\s?\= +={{-pt-}}= &amp; -^\=\s?\{\{pt\}\}\s?\= +={{-pt-}}=)</comment>
<model>wikitext</model>
<format>text/x-wiki</format>
<text bytes="386" xml:space="preserve">={{-pt-}}=
==Forma verbal==
'''quaremos'''
#[[primeira pessoa]] do [[plural]] do [[presente]] do [[modo subjuntivo]] do verbo '''[[quarar]]'''
#[[primeira pessoa]] do [[plural]] do [[imperativo]] [[afirmativo]] do verbo '''[[quarar]]'''
#[[primeira pessoa]] do [[plural]] do [[imperativo]] [[negativo]] do verbo '''[[quarar]]'''

[[Categoria:Forma verbal (Português)]]

[[no:quaremos]]</text>
<sha1>566oa1cu979muosnw7fzvs28b9ch3nj</sha1>
</revision>
<revision>
<id>2396812</id>
<parentid>1168103</parentid>
<timestamp>2017-05-13T11:02:40Z</timestamp>
<contributor>
<username>HydrizBot</username>
<id>29590</id>
</contributor>
<minor />
<comment>Robô: A limpar links interwikis antigos</comment>
<model>wikitext</model>
<format>text/x-wiki</format>
<text bytes="369" xml:space="preserve">={{-pt-}}=
==Forma verbal==
'''quaremos'''
#[[primeira pessoa]] do [[plural]] do [[presente]] do [[modo subjuntivo]] do verbo '''[[quarar]]'''
#[[primeira pessoa]] do [[plural]] do [[imperativo]] [[afirmativo]] do verbo '''[[quarar]]'''
#[[primeira pessoa]] do [[plural]] do [[imperativo]] [[negativo]] do verbo '''[[quarar]]'''

[[Categoria:Forma verbal (Português)]]</text>
<sha1>ogu6uikh7apw99612fr09r3w4xwz367</sha1>
</revision>
</page>
