<title>quarta</title>
<ns>0</ns>
<id>4157</id>
<revision>
<id>22997</id>
<timestamp>2005-04-04T19:50:03Z</timestamp>
<contributor>
<username>Fredmaranhao</username>
<id>142</id>
</contributor>
<model>wikitext</model>
<format>text/x-wiki</format>
<text bytes="131" xml:space="preserve">=Numeral Ordinal=

'''quar.ta''' ''f''

# numeral ordinal feminino relativo ao número [[quatro]]
# contração de [[quarta-feira]]</text>
<sha1>1nqr9q8ubosxnrs3yjlh0pe27ym9u81</sha1>
</revision>
<revision>
<id>56935</id>
<parentid>22997</parentid>
<timestamp>2006-01-06T12:48:52Z</timestamp>
<contributor>
<username>Leuadeque</username>
<id>21</id>
</contributor>
<comment>categorização</comment>
<model>wikitext</model>
<format>text/x-wiki</format>
<text bytes="286" xml:space="preserve">= Português =
==Numeral Ordinal==
'''quar.ta''' ''femino''

:# Numeral ordinal feminino relativo ao número [[quatro]].

== Substantivo ==
'''quar.ta''' ''feminino''

:# Contração de [[quarta-feira]].

[[Categoria:Numeral Ordinal (Português)]]
[[Categoria:Substantivo (Português)]]</text>
<sha1>14gu0x5fj37fjpp8p0ah6twvc9w9co0</sha1>
</revision>
<revision>
<id>58123</id>
<parentid>56935</parentid>
<timestamp>2006-01-15T17:16:39Z</timestamp>
<contributor>
<username>Djuzé</username>
<id>604</id>
</contributor>
<minor />
<model>wikitext</model>
<format>text/x-wiki</format>
<text bytes="369" xml:space="preserve">= Português =
==Numeral Ordinal==
'''quar.ta''' ''femino''

:# Numeral ordinal feminino relativo ao número [[quatro]].

{{-trans-}}
{{tradini}}
* [[Caboverdiano]]: [[kuárta]]
{{tradmeio}}
{{tradfim}}

== Substantivo ==
'''quar.ta''' ''feminino''

:# Contração de [[quarta-feira]].

[[Categoria:Numeral Ordinal (Português)]]
[[Categoria:Substantivo (Português)]]</text>
<sha1>08gm7wnp1en323mras1xdqd53r194l7</sha1>
</revision>
<revision>
<id>89212</id>
<parentid>58123</parentid>
<timestamp>2006-02-23T00:55:07Z</timestamp>
<contributor>
<username>Conversion script</username>
<id>0</id>
</contributor>
<minor />
<comment>[[Quarta]] movido para [[quarta]]: Converting page titles to lowercase</comment>
<model>wikitext</model>
<format>text/x-wiki</format>
<text bytes="369" xml:space="preserve">= Português =
==Numeral Ordinal==
'''quar.ta''' ''femino''

:# Numeral ordinal feminino relativo ao número [[quatro]].

{{-trans-}}
{{tradini}}
* [[Caboverdiano]]: [[kuárta]]
{{tradmeio}}
{{tradfim}}

== Substantivo ==
'''quar.ta''' ''feminino''

:# Contração de [[quarta-feira]].

[[Categoria:Numeral Ordinal (Português)]]
[[Categoria:Substantivo (Português)]]</text>
<sha1>08gm7wnp1en323mras1xdqd53r194l7</sha1>
</revision>
<revision>
<id>106742</id>
<parentid>89212</parentid>
<timestamp>2006-03-16T05:48:44Z</timestamp>
<contributor>
<username>RobotGMwikt</username>
<id>407</id>
</contributor>
<minor />
<comment>Bot:  Adicionando: en</comment>
<model>wikitext</model>
<format>text/x-wiki</format>
<text bytes="384" xml:space="preserve">= Português =
==Numeral Ordinal==
'''quar.ta''' ''femino''

:# Numeral ordinal feminino relativo ao número [[quatro]].

{{-trans-}}
{{tradini}}
* [[Caboverdiano]]: [[kuárta]]
{{tradmeio}}
{{tradfim}}

== Substantivo ==
'''quar.ta''' ''feminino''

:# Contração de [[quarta-feira]].

[[Categoria:Numeral Ordinal (Português)]]
[[Categoria:Substantivo (Português)]]

[[en:quarta]]</text>
<sha1>54fqezpukj3tbhtzn45n0afa47k2u0n</sha1>
</revision>
<revision>
<id>111992</id>
<parentid>106742</parentid>
<timestamp>2006-04-08T01:46:26Z</timestamp>
<contributor>
<username>RobotGMwikt</username>
<id>407</id>
</contributor>
<minor />
<comment>Bot:  Adicionando: [[sv:quarta]]</comment>
<model>wikitext</model>
<format>text/x-wiki</format>
<text bytes="398" xml:space="preserve">= Português =
==Numeral Ordinal==
'''quar.ta''' ''femino''

:# Numeral ordinal feminino relativo ao número [[quatro]].

{{-trans-}}
{{tradini}}
* [[Caboverdiano]]: [[kuárta]]
{{tradmeio}}
{{tradfim}}

== Substantivo ==
'''quar.ta''' ''feminino''

:# Contração de [[quarta-feira]].

[[Categoria:Numeral Ordinal (Português)]]
[[Categoria:Substantivo (Português)]]

[[en:quarta]]
[[sv:quarta]]</text>
<sha1>ejgnb8l2nrwh5xw5v5l2rukfhmkhv1m</sha1>
</revision>
<revision>
<id>122886</id>
<parentid>111992</parentid>
<timestamp>2006-05-28T23:12:57Z</timestamp>
<contributor>
<username>Marcelo-Silva</username>
<id>364</id>
</contributor>
<model>wikitext</model>
<format>text/x-wiki</format>
<text bytes="403" xml:space="preserve">= Português =
==Numeral Ordinal==
'''quar.ta''' ''femino''

:# Numeral ordinal feminino relativo ao número [[quatro]].

===Tradução===
{{tradini}}
* [[Caboverdiano]]: [[kuárta]]
{{tradmeio}}
{{tradfim}}

== Substantivo ==
'''quar.ta''' ''feminino''

:# Contração de [[quarta-feira]].

[[Categoria:Numeral Ordinal (Português)]]
[[Categoria:Substantivo (Português)]]

[[en:quarta]]
[[sv:quarta]]</text>
<sha1>lm6ifjmk882mpa1b4ntxbp456xlus8d</sha1>
</revision>
<revision>
<id>155132</id>
<parentid>122886</parentid>
<timestamp>2006-08-19T23:12:05Z</timestamp>
<contributor>
<username>Cadum</username>
<id>1291</id>
</contributor>
<minor />
<model>wikitext</model>
<format>text/x-wiki</format>
<text bytes="404" xml:space="preserve">= Português =
==Numeral Ordinal==
'''quar.ta''' ''femino''

:# Numeral ordinal feminino relativo ao número [[quatro]].

===Tradução===
{{tradini}}
* [[Cabo-verdiano]]: [[kuárta]]
{{tradmeio}}
{{tradfim}}

== Substantivo ==
'''quar.ta''' ''feminino''

:# Contração de [[quarta-feira]].

[[Categoria:Numeral Ordinal (Português)]]
[[Categoria:Substantivo (Português)]]

[[en:quarta]]
[[sv:quarta]]</text>
<sha1>ksvuon017a12l4mp9jxhmszbxc9v1bz</sha1>
</revision>
<revision>
<id>202778</id>
<parentid>155132</parentid>
<timestamp>2006-11-28T10:32:38Z</timestamp>
<contributor>
<username>Cadum</username>
<id>1291</id>
</contributor>
<comment>Acento + sílabas + definições</comment>
<model>wikitext</model>
<format>text/x-wiki</format>
<text bytes="613" xml:space="preserve">= Português =
==Numeral Ordinal==
'''quar.ta''' &amp;ensp;''feminino''

# numeral ordinal feminino relativo ao número [[quatro]].

===Tradução===
{{tradini}}
* [[Cabo-verdiano]]: [[kuárta]]
{{tradmeio}}
{{tradfim}}

== Substantivo ==
'''quar.ta''' &amp;ensp;''feminino''

# [[contração]] de [[quarta-feira]].
# uma das [[parte]]s de uma [[divisão]] por [[quatro]];
# [[medida]] de 0,25 [[litro]]s; o mesmo que [[quartilho
]]
[[Categoria:Numeral Ordinal (Português)]]
[[Categoria:Substantivo (Português)]]
[[Categoria:Dissílabo (Português)]]
[[Categoria:Paroxítona (Português)]]

[[en:quarta]]
[[sv:quarta]]</text>
<sha1>ezgpiqkrqk4ybmva1xqsws1fyflz48x</sha1>
</revision>
<revision>
<id>202781</id>
<parentid>202778</parentid>
<timestamp>2006-11-28T10:33:23Z</timestamp>
<contributor>
<username>Cadum</username>
<id>1291</id>
</contributor>
<minor />
<model>wikitext</model>
<format>text/x-wiki</format>
<text bytes="633" xml:space="preserve">= Português =
==Numeral Ordinal==
'''quar.ta''' &amp;ensp;''feminino''

# [[numeral]] [[ordinal]] [[feminino]] [[relativo]] ao [[número]] [[quatro]].

===Tradução===
{{tradini}}
* [[Cabo-verdiano]]: [[kuárta]]
{{tradmeio}}
{{tradfim}}

== Substantivo ==
'''quar.ta''' &amp;ensp;''feminino''

# [[contração]] de [[quarta-feira]].
# uma das [[parte]]s de uma [[divisão]] por [[quatro]];
# [[medida]] de 0,25 [[litro]]s; o mesmo que [[quartilho
]]
[[Categoria:Numeral Ordinal (Português)]]
[[Categoria:Substantivo (Português)]]
[[Categoria:Dissílabo (Português)]]
[[Categoria:Paroxítona (Português)]]

[[en:quarta]]
[[sv:quarta]]</text>
<sha1>gge10vovkqwzjtqjhcdeag3sgqs6znq</sha1>
</revision>
<revision>
<id>402834</id>
<parentid>202781</parentid>
<timestamp>2008-12-27T12:22:32Z</timestamp>
<contributor>
<username>Xis</username>
<id>547</id>
</contributor>
<model>wikitext</model>
<format>text/x-wiki</format>
<text bytes="1054" xml:space="preserve">= Português =
==Numeral Ordinal==
'''quar.ta''' &amp;ensp;''feminino''

# [[numeral]] [[ordinal]] [[feminino]] [[relativo]] ao [[número]] [[quatro]].

===Tradução===
{{tradini}}
* [[Cabo-verdiano]]: [[kuárta]]
{{tradmeio}}
{{tradfim}}

== Substantivo ==
'''quar.ta''' &amp;ensp;''feminino''

# [[contração]] de [[quarta-feira]].
# uma das [[parte]]s de uma [[divisão]] por [[quatro]];
# [[medida]] de 0,25 [[litro]]s; o mesmo que [[quartilho]]


{{tradini|[[Image:LuisdeCamoes4.jpg|10px]] [[camonismo|Camonismo]] [[Image:Os Lusíadas.jpg|10px]]
[[Categoria:Camonismo (Português)]]}}
*** '''2 ocorrências n'Os Lusíadas'''
* «[[não|Não]] [[matou]] [[a]] '''quarta''' [[parte]] [[o]] [[forte]] [[Mário]]      -    Os Lusíadas   III-116-1
* [[na|Na]] '''quarta''' [[parte]] [[nova]] [[os]] [[campos]] [[ara]];      -    Os Lusíadas   VII-14-7
{{tradfim}}

[[Categoria:Numeral Ordinal (Português)]]
[[Categoria:Substantivo (Português)]]
[[Categoria:Dissílabo (Português)]]
[[Categoria:Paroxítona (Português)]]

[[en:quarta]]
[[sv:quarta]]</text>
<sha1>g9vrjy28ogtczszzjrx305u3enut7v0</sha1>
</revision>
<revision>
<id>427813</id>
<parentid>402834</parentid>
<timestamp>2009-03-04T01:48:06Z</timestamp>
<contributor>
<username>Interwicket</username>
<id>6868</id>
</contributor>
<minor />
<comment>iwiki +[[:fr:quarta]], [[:lt:quarta]]</comment>
<model>wikitext</model>
<format>text/x-wiki</format>
<text bytes="1082" xml:space="preserve">= Português =
==Numeral Ordinal==
'''quar.ta''' &amp;ensp;''feminino''

# [[numeral]] [[ordinal]] [[feminino]] [[relativo]] ao [[número]] [[quatro]].

===Tradução===
{{tradini}}
* [[Cabo-verdiano]]: [[kuárta]]
{{tradmeio}}
{{tradfim}}

== Substantivo ==
'''quar.ta''' &amp;ensp;''feminino''

# [[contração]] de [[quarta-feira]].
# uma das [[parte]]s de uma [[divisão]] por [[quatro]];
# [[medida]] de 0,25 [[litro]]s; o mesmo que [[quartilho]]


{{tradini|[[Image:LuisdeCamoes4.jpg|10px]] [[camonismo|Camonismo]] [[Image:Os Lusíadas.jpg|10px]]
[[Categoria:Camonismo (Português)]]}}
*** '''2 ocorrências n'Os Lusíadas'''
* «[[não|Não]] [[matou]] [[a]] '''quarta''' [[parte]] [[o]] [[forte]] [[Mário]]      -    Os Lusíadas   III-116-1
* [[na|Na]] '''quarta''' [[parte]] [[nova]] [[os]] [[campos]] [[ara]];      -    Os Lusíadas   VII-14-7
{{tradfim}}

[[Categoria:Numeral Ordinal (Português)]]
[[Categoria:Substantivo (Português)]]
[[Categoria:Dissílabo (Português)]]
[[Categoria:Paroxítona (Português)]]

[[en:quarta]]
[[fr:quarta]]
[[lt:quarta]]
[[sv:quarta]]</text>
<sha1>jbfx40cqfzgmvhaura4vglf8n9hs2qu</sha1>
</revision>
<revision>
<id>447586</id>
<parentid>427813</parentid>
<timestamp>2009-04-12T18:23:31Z</timestamp>
<contributor>
<username>Interwicket</username>
<id>6868</id>
</contributor>
<minor />
<comment>iwiki +[[:fi:quarta]]</comment>
<model>wikitext</model>
<format>text/x-wiki</format>
<text bytes="1096" xml:space="preserve">= Português =
==Numeral Ordinal==
'''quar.ta''' &amp;ensp;''feminino''

# [[numeral]] [[ordinal]] [[feminino]] [[relativo]] ao [[número]] [[quatro]].

===Tradução===
{{tradini}}
* [[Cabo-verdiano]]: [[kuárta]]
{{tradmeio}}
{{tradfim}}

== Substantivo ==
'''quar.ta''' &amp;ensp;''feminino''

# [[contração]] de [[quarta-feira]].
# uma das [[parte]]s de uma [[divisão]] por [[quatro]];
# [[medida]] de 0,25 [[litro]]s; o mesmo que [[quartilho]]


{{tradini|[[Image:LuisdeCamoes4.jpg|10px]] [[camonismo|Camonismo]] [[Image:Os Lusíadas.jpg|10px]]
[[Categoria:Camonismo (Português)]]}}
*** '''2 ocorrências n'Os Lusíadas'''
* «[[não|Não]] [[matou]] [[a]] '''quarta''' [[parte]] [[o]] [[forte]] [[Mário]]      -    Os Lusíadas   III-116-1
* [[na|Na]] '''quarta''' [[parte]] [[nova]] [[os]] [[campos]] [[ara]];      -    Os Lusíadas   VII-14-7
{{tradfim}}

[[Categoria:Numeral Ordinal (Português)]]
[[Categoria:Substantivo (Português)]]
[[Categoria:Dissílabo (Português)]]
[[Categoria:Paroxítona (Português)]]

[[en:quarta]]
[[fi:quarta]]
[[fr:quarta]]
[[lt:quarta]]
[[sv:quarta]]</text>
<sha1>jbn76tunkqvqzhp9u908kea2phjeqqp</sha1>
</revision>
<revision>
<id>529209</id>
<parentid>447586</parentid>
<timestamp>2009-09-05T15:41:52Z</timestamp>
<contributor>
<username>Interwicket</username>
<id>6868</id>
</contributor>
<minor />
<comment>iwiki +[[:de:quarta]]</comment>
<model>wikitext</model>
<format>text/x-wiki</format>
<text bytes="1110" xml:space="preserve">= Português =
==Numeral Ordinal==
'''quar.ta''' &amp;ensp;''feminino''

# [[numeral]] [[ordinal]] [[feminino]] [[relativo]] ao [[número]] [[quatro]].

===Tradução===
{{tradini}}
* [[Cabo-verdiano]]: [[kuárta]]
{{tradmeio}}
{{tradfim}}

== Substantivo ==
'''quar.ta''' &amp;ensp;''feminino''

# [[contração]] de [[quarta-feira]].
# uma das [[parte]]s de uma [[divisão]] por [[quatro]];
# [[medida]] de 0,25 [[litro]]s; o mesmo que [[quartilho]]


{{tradini|[[Image:LuisdeCamoes4.jpg|10px]] [[camonismo|Camonismo]] [[Image:Os Lusíadas.jpg|10px]]
[[Categoria:Camonismo (Português)]]}}
*** '''2 ocorrências n'Os Lusíadas'''
* «[[não|Não]] [[matou]] [[a]] '''quarta''' [[parte]] [[o]] [[forte]] [[Mário]]      -    Os Lusíadas   III-116-1
* [[na|Na]] '''quarta''' [[parte]] [[nova]] [[os]] [[campos]] [[ara]];      -    Os Lusíadas   VII-14-7
{{tradfim}}

[[Categoria:Numeral Ordinal (Português)]]
[[Categoria:Substantivo (Português)]]
[[Categoria:Dissílabo (Português)]]
[[Categoria:Paroxítona (Português)]]

[[de:quarta]]
[[en:quarta]]
[[fi:quarta]]
[[fr:quarta]]
[[lt:quarta]]
[[sv:quarta]]</text>
<sha1>mx6v9bsoc5u8u1o0jorv3aznkcspch6</sha1>
</revision>
<revision>
<id>542509</id>
<parentid>529209</parentid>
<timestamp>2009-09-22T13:19:51Z</timestamp>
<contributor>
<username>MalafayaBot</username>
<id>628</id>
</contributor>
<minor />
<comment>Bot: Mudança automática  (-[[Categoria:Numeral Ordinal (Português)]] +[[Categoria:Numeral ordinal (Português)]])</comment>
<model>wikitext</model>
<format>text/x-wiki</format>
<text bytes="1110" xml:space="preserve">= Português =
==Numeral Ordinal==
'''quar.ta''' &amp;ensp;''feminino''

# [[numeral]] [[ordinal]] [[feminino]] [[relativo]] ao [[número]] [[quatro]].

===Tradução===
{{tradini}}
* [[Cabo-verdiano]]: [[kuárta]]
{{tradmeio}}
{{tradfim}}

== Substantivo ==
'''quar.ta''' &amp;ensp;''feminino''

# [[contração]] de [[quarta-feira]].
# uma das [[parte]]s de uma [[divisão]] por [[quatro]];
# [[medida]] de 0,25 [[litro]]s; o mesmo que [[quartilho]]


{{tradini|[[Image:LuisdeCamoes4.jpg|10px]] [[camonismo|Camonismo]] [[Image:Os Lusíadas.jpg|10px]]
[[Categoria:Camonismo (Português)]]}}
*** '''2 ocorrências n'Os Lusíadas'''
* «[[não|Não]] [[matou]] [[a]] '''quarta''' [[parte]] [[o]] [[forte]] [[Mário]]      -    Os Lusíadas   III-116-1
* [[na|Na]] '''quarta''' [[parte]] [[nova]] [[os]] [[campos]] [[ara]];      -    Os Lusíadas   VII-14-7
{{tradfim}}

[[Categoria:Numeral ordinal (Português)]]
[[Categoria:Substantivo (Português)]]
[[Categoria:Dissílabo (Português)]]
[[Categoria:Paroxítona (Português)]]

[[de:quarta]]
[[en:quarta]]
[[fi:quarta]]
[[fr:quarta]]
[[lt:quarta]]
[[sv:quarta]]</text>
<sha1>nq8pydxsq62s1fw0x85fdi9mr46hjqb</sha1>
</revision>
<revision>
<id>600979</id>
<parentid>542509</parentid>
<timestamp>2009-11-08T16:56:12Z</timestamp>
<contributor>
<username>MalafayaBot</username>
<id>628</id>
</contributor>
<minor />
<model>wikitext</model>
<format>text/x-wiki</format>
<text bytes="976" xml:space="preserve">= Português =
==Numeral Ordinal==
'''quar.ta''' &amp;ensp;''feminino''

# [[numeral]] [[ordinal]] [[feminino]] [[relativo]] ao [[número]] [[quatro]].

===Tradução===
{{tradini}}
* [[Cabo-verdiano]]: [[kuárta]]
{{tradmeio}}
{{tradfim}}

== Substantivo ==
'''quar.ta''' &amp;ensp;''feminino''

# [[contração]] de [[quarta-feira]].
# uma das [[parte]]s de uma [[divisão]] por [[quatro]];
# [[medida]] de 0,25 [[litro]]s; o mesmo que [[quartilho]]


{{camonismo|
*** '''2 ocorrências n'Os Lusíadas'''
* «[[não|Não]] [[matou]] [[a]] '''quarta''' [[parte]] [[o]] [[forte]] [[Mário]]      -    Os Lusíadas   III-116-1
* [[na|Na]] '''quarta''' [[parte]] [[nova]] [[os]] [[campos]] [[ara]];      -    Os Lusíadas   VII-14-7
}}

[[Categoria:Numeral ordinal (Português)]]
[[Categoria:Substantivo (Português)]]
[[Categoria:Dissílabo (Português)]]
[[Categoria:Paroxítona (Português)]]

[[de:quarta]]
[[en:quarta]]
[[fi:quarta]]
[[fr:quarta]]
[[lt:quarta]]
[[sv:quarta]]</text>
<sha1>do50mzal8ko2ztevuosfldji01p4510</sha1>
</revision>
<revision>
<id>895437</id>
<parentid>600979</parentid>
<timestamp>2010-06-08T06:14:44Z</timestamp>
<contributor>
<username>Interwicket</username>
<id>6868</id>
</contributor>
<minor />
<comment>iwiki +[[:hu:quarta]]</comment>
<model>wikitext</model>
<format>text/x-wiki</format>
<text bytes="990" xml:space="preserve">= Português =
==Numeral Ordinal==
'''quar.ta''' &amp;ensp;''feminino''

# [[numeral]] [[ordinal]] [[feminino]] [[relativo]] ao [[número]] [[quatro]].

===Tradução===
{{tradini}}
* [[Cabo-verdiano]]: [[kuárta]]
{{tradmeio}}
{{tradfim}}

== Substantivo ==
'''quar.ta''' &amp;ensp;''feminino''

# [[contração]] de [[quarta-feira]].
# uma das [[parte]]s de uma [[divisão]] por [[quatro]];
# [[medida]] de 0,25 [[litro]]s; o mesmo que [[quartilho]]


{{camonismo|
*** '''2 ocorrências n'Os Lusíadas'''
* «[[não|Não]] [[matou]] [[a]] '''quarta''' [[parte]] [[o]] [[forte]] [[Mário]]      -    Os Lusíadas   III-116-1
* [[na|Na]] '''quarta''' [[parte]] [[nova]] [[os]] [[campos]] [[ara]];      -    Os Lusíadas   VII-14-7
}}

[[Categoria:Numeral ordinal (Português)]]
[[Categoria:Substantivo (Português)]]
[[Categoria:Dissílabo (Português)]]
[[Categoria:Paroxítona (Português)]]

[[de:quarta]]
[[en:quarta]]
[[fi:quarta]]
[[fr:quarta]]
[[hu:quarta]]
[[lt:quarta]]
[[sv:quarta]]</text>
<sha1>gvq9lwfqj8va8qgv5iptjcy3ivvsv1f</sha1>
</revision>
<revision>
<id>1063936</id>
<parentid>895437</parentid>
<timestamp>2011-04-15T05:10:03Z</timestamp>
<contributor>
<username>Luckas-bot</username>
<id>5986</id>
</contributor>
<minor />
<comment>r2.7.1) (Bot: Adicionando: [[ta:quarta]]</comment>
<model>wikitext</model>
<format>text/x-wiki</format>
<text bytes="1004" xml:space="preserve">= Português =
==Numeral Ordinal==
'''quar.ta''' &amp;ensp;''feminino''

# [[numeral]] [[ordinal]] [[feminino]] [[relativo]] ao [[número]] [[quatro]].

===Tradução===
{{tradini}}
* [[Cabo-verdiano]]: [[kuárta]]
{{tradmeio}}
{{tradfim}}

== Substantivo ==
'''quar.ta''' &amp;ensp;''feminino''

# [[contração]] de [[quarta-feira]].
# uma das [[parte]]s de uma [[divisão]] por [[quatro]];
# [[medida]] de 0,25 [[litro]]s; o mesmo que [[quartilho]]


{{camonismo|
*** '''2 ocorrências n'Os Lusíadas'''
* «[[não|Não]] [[matou]] [[a]] '''quarta''' [[parte]] [[o]] [[forte]] [[Mário]]      -    Os Lusíadas   III-116-1
* [[na|Na]] '''quarta''' [[parte]] [[nova]] [[os]] [[campos]] [[ara]];      -    Os Lusíadas   VII-14-7
}}

[[Categoria:Numeral ordinal (Português)]]
[[Categoria:Substantivo (Português)]]
[[Categoria:Dissílabo (Português)]]
[[Categoria:Paroxítona (Português)]]

[[de:quarta]]
[[en:quarta]]
[[fi:quarta]]
[[fr:quarta]]
[[hu:quarta]]
[[lt:quarta]]
[[sv:quarta]]
[[ta:quarta]]</text>
<sha1>3ld1i4sglvr955g7njjpo7xcdy2kti2</sha1>
</revision>
<revision>
<id>1094658</id>
<parentid>1063936</parentid>
<timestamp>2011-06-20T23:53:55Z</timestamp>
<contributor>
<username>ValJor</username>
<id>1358</id>
</contributor>
<comment>Desfazendo link para [[Cabo-verdiano]] para poder deletar o redirecionamento para minúscula</comment>
<model>wikitext</model>
<format>text/x-wiki</format>
<text bytes="631" xml:space="preserve">=Português=
==Numeral==
{{paroxítona|quar|ta}}, ''feminino, ordinal''
# [[numeral]] [[ordinal]] [[feminino]] [[relativo]] ao [[número]] [[quatro]]

===Tradução===
{{tradini}}
* {{trad|kea|kuárta}}
{{tradmeio}}
{{tradfim}}

==Substantivo==
{{paroxítona|quar|ta}}, ''feminino''
# [[contração]] de [[quarta-feira]]
# uma das [[parte]]s de uma [[divisão]] por [[quatro]]
# [[medida]] de 0,25 [[litro]]s; o mesmo que [[quartilho]]

[[Categoria:Numeral ordinal (Português)]]
[[Categoria:Substantivo (Português)]]

[[de:quarta]]
[[en:quarta]]
[[fi:quarta]]
[[fr:quarta]]
[[hu:quarta]]
[[lt:quarta]]
[[sv:quarta]]
[[ta:quarta]]</text>
<sha1>a1ndw85j00gn581ysnmutfr7som4wg3</sha1>
</revision>
<revision>
<id>1202766</id>
<parentid>1094658</parentid>
<timestamp>2011-07-09T17:02:07Z</timestamp>
<contributor>
<username>MalafayaBot</username>
<id>628</id>
</contributor>
<minor />
<comment>Robô: Substituição de texto automática (-^\=\s?Português\s?\= +={{-pt-}}= &amp; -^\=\s?\{\{pt\}\}\s?\= +={{-pt-}}=)</comment>
<model>wikitext</model>
<format>text/x-wiki</format>
<text bytes="629" xml:space="preserve">={{-pt-}}=
==Numeral==
{{paroxítona|quar|ta}}, ''feminino, ordinal''
# [[numeral]] [[ordinal]] [[feminino]] [[relativo]] ao [[número]] [[quatro]]

===Tradução===
{{tradini}}
* {{trad|kea|kuárta}}
{{tradmeio}}
{{tradfim}}

==Substantivo==
{{paroxítona|quar|ta}}, ''feminino''
# [[contração]] de [[quarta-feira]]
# uma das [[parte]]s de uma [[divisão]] por [[quatro]]
# [[medida]] de 0,25 [[litro]]s; o mesmo que [[quartilho]]

[[Categoria:Numeral ordinal (Português)]]
[[Categoria:Substantivo (Português)]]

[[de:quarta]]
[[en:quarta]]
[[fi:quarta]]
[[fr:quarta]]
[[hu:quarta]]
[[lt:quarta]]
[[sv:quarta]]
[[ta:quarta]]</text>
<sha1>pgmtjxdfil775xcslelhu7fhqxknly6</sha1>
</revision>
<revision>
<id>1274103</id>
<parentid>1202766</parentid>
<timestamp>2011-11-06T18:31:58Z</timestamp>
<contributor>
<username>VolkovBot</username>
<id>2944</id>
</contributor>
<minor />
<comment>r2.5.1) (Robô: A adicionar: [[ast:quarta]]</comment>
<model>wikitext</model>
<format>text/x-wiki</format>
<text bytes="644" xml:space="preserve">={{-pt-}}=
==Numeral==
{{paroxítona|quar|ta}}, ''feminino, ordinal''
# [[numeral]] [[ordinal]] [[feminino]] [[relativo]] ao [[número]] [[quatro]]

===Tradução===
{{tradini}}
* {{trad|kea|kuárta}}
{{tradmeio}}
{{tradfim}}

==Substantivo==
{{paroxítona|quar|ta}}, ''feminino''
# [[contração]] de [[quarta-feira]]
# uma das [[parte]]s de uma [[divisão]] por [[quatro]]
# [[medida]] de 0,25 [[litro]]s; o mesmo que [[quartilho]]

[[Categoria:Numeral ordinal (Português)]]
[[Categoria:Substantivo (Português)]]

[[ast:quarta]]
[[de:quarta]]
[[en:quarta]]
[[fi:quarta]]
[[fr:quarta]]
[[hu:quarta]]
[[lt:quarta]]
[[sv:quarta]]
[[ta:quarta]]</text>
<sha1>i8mzqtfmt3inof6rz3pf5dse8fhisyt</sha1>
</revision>
<revision>
<id>1708096</id>
<parentid>1274103</parentid>
<timestamp>2013-08-07T06:23:30Z</timestamp>
<contributor>
<username>HydrizBot</username>
<id>29590</id>
</contributor>
<minor />
<comment>r2.7.3) (Robô: A adicionar: [[mg:quarta]], [[pl:quarta]]</comment>
<model>wikitext</model>
<format>text/x-wiki</format>
<text bytes="672" xml:space="preserve">={{-pt-}}=
==Numeral==
{{paroxítona|quar|ta}}, ''feminino, ordinal''
# [[numeral]] [[ordinal]] [[feminino]] [[relativo]] ao [[número]] [[quatro]]

===Tradução===
{{tradini}}
* {{trad|kea|kuárta}}
{{tradmeio}}
{{tradfim}}

==Substantivo==
{{paroxítona|quar|ta}}, ''feminino''
# [[contração]] de [[quarta-feira]]
# uma das [[parte]]s de uma [[divisão]] por [[quatro]]
# [[medida]] de 0,25 [[litro]]s; o mesmo que [[quartilho]]

[[Categoria:Numeral ordinal (Português)]]
[[Categoria:Substantivo (Português)]]

[[ast:quarta]]
[[de:quarta]]
[[en:quarta]]
[[fi:quarta]]
[[fr:quarta]]
[[hu:quarta]]
[[lt:quarta]]
[[mg:quarta]]
[[pl:quarta]]
[[sv:quarta]]
[[ta:quarta]]</text>
<sha1>2s0hxoblc00vh2wbrczy583zfo3ezsy</sha1>
</revision>
<revision>
<id>1789456</id>
<parentid>1708096</parentid>
<timestamp>2013-12-19T00:02:16Z</timestamp>
<contributor>
<username>MalafayaBot</username>
<id>628</id>
</contributor>
<minor />
<comment>r2.7.5) (Robô: A adicionar: [[chr:quarta]]</comment>
<model>wikitext</model>
<format>text/x-wiki</format>
<text bytes="687" xml:space="preserve">={{-pt-}}=
==Numeral==
{{paroxítona|quar|ta}}, ''feminino, ordinal''
# [[numeral]] [[ordinal]] [[feminino]] [[relativo]] ao [[número]] [[quatro]]

===Tradução===
{{tradini}}
* {{trad|kea|kuárta}}
{{tradmeio}}
{{tradfim}}

==Substantivo==
{{paroxítona|quar|ta}}, ''feminino''
# [[contração]] de [[quarta-feira]]
# uma das [[parte]]s de uma [[divisão]] por [[quatro]]
# [[medida]] de 0,25 [[litro]]s; o mesmo que [[quartilho]]

[[Categoria:Numeral ordinal (Português)]]
[[Categoria:Substantivo (Português)]]

[[ast:quarta]]
[[chr:quarta]]
[[de:quarta]]
[[en:quarta]]
[[fi:quarta]]
[[fr:quarta]]
[[hu:quarta]]
[[lt:quarta]]
[[mg:quarta]]
[[pl:quarta]]
[[sv:quarta]]
[[ta:quarta]]</text>
<sha1>sjz8u1f63umnvn4nyj0nq0sm32f2drj</sha1>
</revision>
<revision>
<id>1813612</id>
<parentid>1789456</parentid>
<timestamp>2014-03-06T10:40:39Z</timestamp>
<contributor>
<username>MIL973</username>
<id>41339</id>
</contributor>
<model>wikitext</model>
<format>text/x-wiki</format>
<text bytes="888" xml:space="preserve">={{-pt-}}=
==Numeral==
{{paroxítona|quar|ta}}, {{f}}
# [[numeral]] [[ordinal]] [[feminino]] [[relativo]] ao [[número]] [[quatro]]

===Tradução===
{{tradini}}
* {{trad|kea|kuárta}}
{{tradmeio}}
{{tradfim}}

==Substantivo==
{{flex.pt|fs=quarta|fp=quartas}}
{{paroxítona|quar|ta}}, {{f}}
# [[contração]] de [[quarta-feira]]
# uma das [[parte]]s de uma [[divisão]] por [[quatro]]
# [[medida]] de 0,25 [[litro]]s; o mesmo que [[quartilho]]
# {{escopo|Música}} [[intervalo]] que separa uma [[nota]] [[musical]] de outra com [[quatro]] [[semitom|semitons]] ou [[quatro]] [[tom|tons]] e vice-versa

[[Categoria:Numeral ordinal (Português)]]
[[Categoria:Substantivo (Português)]]
[[Categoria:Música (Português)]]

[[ast:quarta]]
[[chr:quarta]]
[[de:quarta]]
[[en:quarta]]
[[fi:quarta]]
[[fr:quarta]]
[[hu:quarta]]
[[lt:quarta]]
[[mg:quarta]]
[[pl:quarta]]
[[sv:quarta]]
[[ta:quarta]]</text>
<sha1>34nt8dh7zdkfnnnc6ow7ck821n9eyze</sha1>
</revision>
<revision>
<id>2194261</id>
<parentid>1813612</parentid>
<timestamp>2016-11-05T13:01:56Z</timestamp>
<contributor>
<username>UT-interwiki-Bot</username>
<id>56129</id>
</contributor>
<minor />
<comment>Robô: A adicionar: [[ca:quarta]]</comment>
<model>wikitext</model>
<format>text/x-wiki</format>
<text bytes="902" xml:space="preserve">={{-pt-}}=
==Numeral==
{{paroxítona|quar|ta}}, {{f}}
# [[numeral]] [[ordinal]] [[feminino]] [[relativo]] ao [[número]] [[quatro]]

===Tradução===
{{tradini}}
* {{trad|kea|kuárta}}
{{tradmeio}}
{{tradfim}}

==Substantivo==
{{flex.pt|fs=quarta|fp=quartas}}
{{paroxítona|quar|ta}}, {{f}}
# [[contração]] de [[quarta-feira]]
# uma das [[parte]]s de uma [[divisão]] por [[quatro]]
# [[medida]] de 0,25 [[litro]]s; o mesmo que [[quartilho]]
# {{escopo|Música}} [[intervalo]] que separa uma [[nota]] [[musical]] de outra com [[quatro]] [[semitom|semitons]] ou [[quatro]] [[tom|tons]] e vice-versa

[[Categoria:Numeral ordinal (Português)]]
[[Categoria:Substantivo (Português)]]
[[Categoria:Música (Português)]]

[[ast:quarta]]
[[ca:quarta]]
[[chr:quarta]]
[[de:quarta]]
[[en:quarta]]
[[fi:quarta]]
[[fr:quarta]]
[[hu:quarta]]
[[lt:quarta]]
[[mg:quarta]]
[[pl:quarta]]
[[sv:quarta]]
[[ta:quarta]]</text>
<sha1>sdc24mk4sd47hjrkk48htjkoubqxrtj</sha1>
</revision>
<revision>
<id>2256651</id>
<parentid>2194261</parentid>
<timestamp>2017-03-27T00:52:12Z</timestamp>
<contributor>
<username>OctraBot</username>
<id>56948</id>
</contributor>
<minor />
<comment>Robô: A adicionar: [[io:quarta]]</comment>
<model>wikitext</model>
<format>text/x-wiki</format>
<text bytes="916" xml:space="preserve">={{-pt-}}=
==Numeral==
{{paroxítona|quar|ta}}, {{f}}
# [[numeral]] [[ordinal]] [[feminino]] [[relativo]] ao [[número]] [[quatro]]

===Tradução===
{{tradini}}
* {{trad|kea|kuárta}}
{{tradmeio}}
{{tradfim}}

==Substantivo==
{{flex.pt|fs=quarta|fp=quartas}}
{{paroxítona|quar|ta}}, {{f}}
# [[contração]] de [[quarta-feira]]
# uma das [[parte]]s de uma [[divisão]] por [[quatro]]
# [[medida]] de 0,25 [[litro]]s; o mesmo que [[quartilho]]
# {{escopo|Música}} [[intervalo]] que separa uma [[nota]] [[musical]] de outra com [[quatro]] [[semitom|semitons]] ou [[quatro]] [[tom|tons]] e vice-versa

[[Categoria:Numeral ordinal (Português)]]
[[Categoria:Substantivo (Português)]]
[[Categoria:Música (Português)]]

[[ast:quarta]]
[[ca:quarta]]
[[chr:quarta]]
[[de:quarta]]
[[en:quarta]]
[[fi:quarta]]
[[fr:quarta]]
[[hu:quarta]]
[[io:quarta]]
[[lt:quarta]]
[[mg:quarta]]
[[pl:quarta]]
[[sv:quarta]]
[[ta:quarta]]</text>
<sha1>e9eb4vdejnj7rjf3k0f7bdnxntqf9jy</sha1>
</revision>
<revision>
<id>2396826</id>
<parentid>2256651</parentid>
<timestamp>2017-05-13T11:03:17Z</timestamp>
<contributor>
<username>HydrizBot</username>
<id>29590</id>
</contributor>
<minor />
<comment>Robô: A limpar links interwikis antigos</comment>
<model>wikitext</model>
<format>text/x-wiki</format>
<text bytes="717" xml:space="preserve">={{-pt-}}=
==Numeral==
{{paroxítona|quar|ta}}, {{f}}
# [[numeral]] [[ordinal]] [[feminino]] [[relativo]] ao [[número]] [[quatro]]

===Tradução===
{{tradini}}
* {{trad|kea|kuárta}}
{{tradmeio}}
{{tradfim}}

==Substantivo==
{{flex.pt|fs=quarta|fp=quartas}}
{{paroxítona|quar|ta}}, {{f}}
# [[contração]] de [[quarta-feira]]
# uma das [[parte]]s de uma [[divisão]] por [[quatro]]
# [[medida]] de 0,25 [[litro]]s; o mesmo que [[quartilho]]
# {{escopo|Música}} [[intervalo]] que separa uma [[nota]] [[musical]] de outra com [[quatro]] [[semitom|semitons]] ou [[quatro]] [[tom|tons]] e vice-versa

[[Categoria:Numeral ordinal (Português)]]
[[Categoria:Substantivo (Português)]]
[[Categoria:Música (Português)]]</text>
<sha1>hu8rq08mp5f9pmo6z5f4t3ronj9lnlm</sha1>
</revision>
<revision>
<id>2463923</id>
<parentid>2396826</parentid>
<timestamp>2017-11-29T10:00:37Z</timestamp>
<contributor>
<username>Imivorn</username>
<id>64513</id>
</contributor>
<model>wikitext</model>
<format>text/x-wiki</format>
<text bytes="1006" xml:space="preserve">={{-pt-}}=
==Numeral==
{{paroxítona|quar|ta}}, {{f}}
# [[numeral]] [[ordinal]] [[feminino]] [[relativo]] ao [[número]] [[quatro]]

===Tradução===
{{tradini}}
* {{trad|kea|kuárta}}
{{tradmeio}}
{{tradfim}}

==Substantivo==
{{flex.pt|fs=quarta|fp=quartas}}
{{paroxítona|quar|ta}}, {{f}}
# [[contração]] de [[quarta-feira]]
# uma das [[parte]]s de uma [[divisão]] por [[quatro]]
# [[medida]] de 0,25 [[litro]]s; o mesmo que [[quartilho]]
# {{escopo|Música}} [[intervalo]] que separa uma [[nota]] [[musical]] de outra com [[quatro]] [[semitom|semitons]] ou [[quatro]] [[tom|tons]] e vice-versa

[[Categoria:Numeral ordinal (Português)]]
[[Categoria:Substantivo (Português)]]
[[Categoria:Música (Português)]]


={{-mwl-}}=
==Substantivo==
{{flex.mwl|fs=quarta|fp=quartas}}
{{paroxítona|quar|ta|língua=mwl}}, {{f}}
# {{escopoCatLang|Dia da semana|mwl}} [[quarta-feira]]

==Ver também==
{{semana/mwl}}

{{categorias|{{nome categoria|mwl}}|Substantivo}}
{{categorias|{{nome categoria|mwl}}|Tempo}}</text>
<sha1>6i7j2i5ri1m0xa45vee2llt9n8vxqn8</sha1>
</revision>
<revision>
<id>2463927</id>
<parentid>2463923</parentid>
<timestamp>2017-11-29T10:04:26Z</timestamp>
<contributor>
<username>Imivorn</username>
<id>64513</id>
</contributor>
<comment>/* {{-mwl-}} */</comment>
<model>wikitext</model>
<format>text/x-wiki</format>
<text bytes="1187" xml:space="preserve">={{-pt-}}=
==Numeral==
{{paroxítona|quar|ta}}, {{f}}
# [[numeral]] [[ordinal]] [[feminino]] [[relativo]] ao [[número]] [[quatro]]

===Tradução===
{{tradini}}
* {{trad|kea|kuárta}}
{{tradmeio}}
{{tradfim}}

==Substantivo==
{{flex.pt|fs=quarta|fp=quartas}}
{{paroxítona|quar|ta}}, {{f}}
# [[contração]] de [[quarta-feira]]
# uma das [[parte]]s de uma [[divisão]] por [[quatro]]
# [[medida]] de 0,25 [[litro]]s; o mesmo que [[quartilho]]
# {{escopo|Música}} [[intervalo]] que separa uma [[nota]] [[musical]] de outra com [[quatro]] [[semitom|semitons]] ou [[quatro]] [[tom|tons]] e vice-versa

[[Categoria:Numeral ordinal (Português)]]
[[Categoria:Substantivo (Português)]]
[[Categoria:Música (Português)]]


={{-mwl-}}=
==Substantivo==
{{flex.mwl|fs=quarta|fp=quartas}}
{{paroxítona|quar|ta|língua=mwl}}, {{f}}
# {{escopoCatLang|Dia da semana|mwl}} [[quarta-feira]]

==Numeral ordinal==
'''segunda'''
# [[feminino]] de [[quarto#Mirandês|quarto]]

==Ver também==
{{semana/mwl}}

{{categorias|{{nome categoria|mwl}}|Substantivo}}
{{categorias|{{nome categoria|mwl}}|Tempo}}
{{categorias|{{nome categoria|mwl}}|Numeral}}
{{categorias|{{nome categoria|mwl}}|Numeral ordinal}}</text>
<sha1>arv2z7opd0oviuejzjiyk7gk615ukgq</sha1>
</revision>
<revision>
<id>2522309</id>
<parentid>2463927</parentid>
<timestamp>2018-10-12T12:17:00Z</timestamp>
<contributor>
<username>Cpls</username>
<id>20608</id>
</contributor>
<model>wikitext</model>
<format>text/x-wiki</format>
<text bytes="2081" xml:space="preserve">={{-pt-}}=
==Numeral==
{{paroxítona|quar|ta}}, {{g|f}}
# [[numeral]] [[ordinal]] [[feminino]] [[relativo]] ao [[número]] [[quatro]]

===Tradução===
{{tradini}}
* {{trad|kea|kuárta}}
{{tradmeio}}
{{tradfim}}

==Substantivo==
{{flex.pt|fs=quarta|fp=quartas}}
{{paroxítona|quar|ta}}, {{g|f}}
# [[contração]] de [[quarta-feira]]
# uma das [[parte]]s de uma [[divisão]] por [[quatro]]
# [[medida]] de 0,25 [[litro]]s; o mesmo que [[quartilho]]
# {{escopo|pt|Música}} [[intervalo]] que separa uma [[nota]] [[musical]] de outra com [[quatro]] [[semitom|semitons]] ou [[quatro]] [[tom|tons]] e vice-versa

[[Categoria:Numeral ordinal (Português)]]
[[Categoria:Substantivo (Português)]]
[[Categoria:Metrologia (Português)]]


={{-gl-}}=
==Numeral==
{{paroxítona|quar|ta}}, {{g|f|lang=gl}}
# [[quarta#{{pt}}|quarta]], ordinal referido ao número quatro

==Substantivo==
{{flex.gl|fs=quarta|fp=quartas}}
{{paroxítona|quar|ta|lang=gl}}, {{g|f|lang=gl}}
# um [[quarto]], a [[quarta# {{pt}}|quarta]] [[parte]] de um total
# [[palmo]], medida aproximada equivalente à distancia entre a ponta do [[polegar]] e a do [[dedo mínimo]] com a mão aberta totalmente
# {{escopo|gl|Antigo}} quarta parte da medida de longitude chamada ''[[vara#{{gl}}|vara]]''
# quarta parte da medida chamada ''[[ferrado#{{gl}}|ferrado]]''
# medida de [[volume]] utilizada para o vinho (24 litros)
# segunda [[junta]] de vacas ou bois para tiro de carro ou arado

===Sinónimo===
* De '''4''': [[quártia#{{gl}}|quártia]]

[[Categoria:Numeral (Galego)]]
[[Categoria:Substantivo (Galego)]]
[[Categoria:Metrologia (Galego)]]


={{-mwl-}}=
==Substantivo==
{{flex.mwl|fs=quarta|fp=quartas}}
{{paroxítona|quar|ta|língua=mwl}}, {{g|f|lang=mwl}}
# {{escopoCatLang|Dia da semana|mwl}} [[quarta-feira]]

==Numeral ordinal==
'''segunda'''
# [[feminino]] de [[quarto#Mirandês|quarto]]

==Ver também==
{{semana/mwl}}

{{categorias|{{nome categoria|mwl}}|Substantivo}}
{{categorias|{{nome categoria|mwl}}|Tempo}}
{{categorias|{{nome categoria|mwl}}|Numeral}}
{{categorias|{{nome categoria|mwl}}|Numeral ordinal}}</text>
<sha1>eq8562t8cqbts91ehqvs84wky3juwa0</sha1>
</revision>
<revision>
<id>2598514</id>
<parentid>2522309</parentid>
<timestamp>2020-10-14T08:22:28Z</timestamp>
<contributor>
<username>ValJor</username>
<id>1358</id>
</contributor>
<comment>Substituindo a predefinição escopoCatLang por escopo</comment>
<model>wikitext</model>
<format>text/x-wiki</format>
<text bytes="2230" xml:space="preserve">{{ver também|quartã}}

={{-pt-}}=
==Numeral==
{{paroxítona|quar|ta}}, {{g|f}}
# [[numeral]] [[ordinal]] feminino relativo ao [[número]] [[quatro]]

===Tradução===
{{tradini}}
* {{trad|kea|kuárta}}
{{tradmeio}}
{{tradfim}}

==Substantivo==
{{flex.pt|fs=quarta|fp=quartas}}
{{paroxítona|quar|ta}}, {{g|f}}
# [[contração]] de [[quarta-feira]]
# uma das [[parte]]s de uma [[divisão]] por [[quatro]]
# [[medida]] de 0,25 [[litro]]s; o mesmo que [[quartilho]]
# {{escopo|pt|Música}} [[intervalo]] que separa uma [[nota]] [[musical]] de outra com [[quatro]] [[semitom|semitons]] ou [[quatro]] [[tom|tons]] e vice-versa

==Ligações externas==
* {{Aulete}}
* {{Michaelis}}
* {{DicioAberto}}
* {{DPLP}}
* {{Infopédia}}
* {{PLP}}
* {{VOLPABL}}

[[Categoria:Numeral ordinal (Português)]]
[[Categoria:Substantivo (Português)]]
[[Categoria:Metrologia (Português)]]


={{-gl-}}=
==Numeral==
{{paroxítona|quar|ta}}, {{g|f|lang=gl}}
# [[quarta#{{pt}}|quarta]], ordinal referido ao número quatro

==Substantivo==
{{flex.gl|fs=quarta|fp=quartas}}
{{paroxítona|quar|ta|lang=gl}}, {{g|f|lang=gl}}
# um [[quarto]], a [[quarta# {{pt}}|quarta]] [[parte]] de um total
# [[palmo]], medida aproximada equivalente à distancia entre a ponta do [[polegar]] e a do [[dedo mínimo]] com a mão aberta totalmente
# {{escopo|gl|Antigo}} quarta parte da medida de longitude chamada ''[[vara#{{gl}}|vara]]''
# quarta parte da medida chamada ''[[ferrado#{{gl}}|ferrado]]''
# medida de [[volume]] utilizada para o vinho (24 litros)
# segunda [[junta]] de vacas ou bois para tiro de carro ou arado

===Sinónimo===
* De '''4''' (quarta parte da medida chamada ferrado): [[quártia#{{gl}}|quártia]]

[[Categoria:Numeral (Galego)]]
[[Categoria:Substantivo (Galego)]]
[[Categoria:Metrologia (Galego)]]


={{-mwl-}}=
==Numeral ordinal==
'''segunda'''
# [[feminino]] de [[quarto#Mirandês|quarto]]

==Substantivo==
{{flex.mwl|fs=quarta|fp=quartas}}
{{paroxítona|quar|ta|língua=mwl}}, {{g|f|lang=mwl}}
# {{escopo|mwl|Dia da semana}} [[quarta-feira]]

==Ver também==
===No Wikcionário===
{{semana/mwl}}

[[Categoria:Numeral (Mirandês)]]
[[Categoria:Numeral ordinal (Mirandês)]]
[[Categoria:Substantivo (Mirandês)]]
[[Categoria:Tempo (Mirandês)]]</text>
<sha1>6zwsm8aka18o2ddj1vwueiwn6mrathr</sha1>
</revision>
</page>
