<title>quarais</title>
<ns>0</ns>
<id>158950</id>
<revision>
<id>670207</id>
<timestamp>2009-12-27T17:15:55Z</timestamp>
<contributor>
<username>Jesielt-bot</username>
<id>10876</id>
</contributor>
<comment>Artigo criado por bot</comment>
<model>wikitext</model>
<format>text/x-wiki</format>
<text bytes="178" xml:space="preserve">={{pt}}=
==Forma verbal==
'''quarais'''
#[[segunda pessoa]] do [[plural]] do [[presente]] do [[modo indicativo]] do verbo '''[[quarar]]'''
[[Categoria:Forma verbal (Português)]]</text>
<sha1>t639ul8pkfwxqx2rfkzhzzcx3tpnzoi</sha1>
</revision>
<revision>
<id>680638</id>
<parentid>670207</parentid>
<timestamp>2010-01-02T15:49:03Z</timestamp>
<contributor>
<username>Interwicket</username>
<id>6868</id>
</contributor>
<minor />
<comment>iwiki +[[:no:quarais]]</comment>
<model>wikitext</model>
<format>text/x-wiki</format>
<text bytes="194" xml:space="preserve">={{pt}}=
==Forma verbal==
'''quarais'''
#[[segunda pessoa]] do [[plural]] do [[presente]] do [[modo indicativo]] do verbo '''[[quarar]]'''
[[Categoria:Forma verbal (Português)]]

[[no:quarais]]</text>
<sha1>cq3tdhjo628dhifysakqtxwur1k6w11</sha1>
</revision>
<revision>
<id>1168068</id>
<parentid>680638</parentid>
<timestamp>2011-07-06T12:12:28Z</timestamp>
<contributor>
<username>MalafayaBot</username>
<id>628</id>
</contributor>
<minor />
<comment>Robô: Substituição de texto automática (-^\=\s?Português\s?\= +={{-pt-}}= &amp; -^\=\s?\{\{pt\}\}\s?\= +={{-pt-}}=)</comment>
<model>wikitext</model>
<format>text/x-wiki</format>
<text bytes="196" xml:space="preserve">={{-pt-}}=
==Forma verbal==
'''quarais'''
#[[segunda pessoa]] do [[plural]] do [[presente]] do [[modo indicativo]] do verbo '''[[quarar]]'''
[[Categoria:Forma verbal (Português)]]

[[no:quarais]]</text>
<sha1>6xapg3tkcmk1rsdwj76fm3h3fe7gpf6</sha1>
</revision>
<revision>
<id>2396773</id>
<parentid>1168068</parentid>
<timestamp>2017-05-13T11:01:27Z</timestamp>
<contributor>
<username>HydrizBot</username>
<id>29590</id>
</contributor>
<minor />
<comment>Robô: A limpar links interwikis antigos</comment>
<model>wikitext</model>
<format>text/x-wiki</format>
<text bytes="180" xml:space="preserve">={{-pt-}}=
==Forma verbal==
'''quarais'''
#[[segunda pessoa]] do [[plural]] do [[presente]] do [[modo indicativo]] do verbo '''[[quarar]]'''
[[Categoria:Forma verbal (Português)]]</text>
<sha1>r75qwceug9i0hm8czos158x602byv83</sha1>
</revision>
</page>
