<title>quarastes</title>
<ns>0</ns>
<id>174724</id>
<revision>
<id>709362</id>
<timestamp>2010-01-23T19:37:06Z</timestamp>
<contributor>
<username>Jesielt-bot</username>
<id>10876</id>
</contributor>
<comment>Verbete criado por bot.</comment>
<model>wikitext</model>
<format>text/x-wiki</format>
<text bytes="190" xml:space="preserve">={{pt}}=
==Forma verbal==
'''quarastes'''
#[[sgunta pessoa]] do [[plural]] do [[pretérito perfeito]] do [[modo indicativo]] do verbo '''[[quarar]]'''
[[Categoria:Forma verbal (Português)]]</text>
<sha1>ebcbv8rhc657su5juaycp3u9i2t1rwe</sha1>
</revision>
<revision>
<id>780283</id>
<parentid>709362</parentid>
<timestamp>2010-02-13T15:17:17Z</timestamp>
<contributor>
<username>Jesielt-bot</username>
<id>10876</id>
</contributor>
<comment>/* Forma verbal */clean up, replaced: sgunta pessoa → segunda pessoa utilizando [[Project:AWB|AWB]]</comment>
<model>wikitext</model>
<format>text/x-wiki</format>
<text bytes="191" xml:space="preserve">={{pt}}=
==Forma verbal==
'''quarastes'''
#[[segunda pessoa]] do [[plural]] do [[pretérito perfeito]] do [[modo indicativo]] do verbo '''[[quarar]]'''
[[Categoria:Forma verbal (Português)]]</text>
<sha1>43sipek1r4sqz8tkgzcfg6wd3fu7866</sha1>
</revision>
<revision>
<id>781553</id>
<parentid>780283</parentid>
<timestamp>2010-02-15T08:59:37Z</timestamp>
<contributor>
<username>Interwicket</username>
<id>6868</id>
</contributor>
<minor />
<comment>iwiki +[[:no:quarastes]]</comment>
<model>wikitext</model>
<format>text/x-wiki</format>
<text bytes="209" xml:space="preserve">={{pt}}=
==Forma verbal==
'''quarastes'''
#[[segunda pessoa]] do [[plural]] do [[pretérito perfeito]] do [[modo indicativo]] do verbo '''[[quarar]]'''
[[Categoria:Forma verbal (Português)]]

[[no:quarastes]]</text>
<sha1>m4e2fjqpaxfdc3ufeb4cwhshss2myrm</sha1>
</revision>
<revision>
<id>1168095</id>
<parentid>781553</parentid>
<timestamp>2011-07-06T12:12:57Z</timestamp>
<contributor>
<username>MalafayaBot</username>
<id>628</id>
</contributor>
<minor />
<comment>Robô: Substituição de texto automática (-^\=\s?Português\s?\= +={{-pt-}}= &amp; -^\=\s?\{\{pt\}\}\s?\= +={{-pt-}}=)</comment>
<model>wikitext</model>
<format>text/x-wiki</format>
<text bytes="211" xml:space="preserve">={{-pt-}}=
==Forma verbal==
'''quarastes'''
#[[segunda pessoa]] do [[plural]] do [[pretérito perfeito]] do [[modo indicativo]] do verbo '''[[quarar]]'''
[[Categoria:Forma verbal (Português)]]

[[no:quarastes]]</text>
<sha1>jug11m1eg2g5l7p1n0bnwlxjzmerzfj</sha1>
</revision>
<revision>
<id>2396804</id>
<parentid>1168095</parentid>
<timestamp>2017-05-13T11:02:26Z</timestamp>
<contributor>
<username>HydrizBot</username>
<id>29590</id>
</contributor>
<minor />
<comment>Robô: A limpar links interwikis antigos</comment>
<model>wikitext</model>
<format>text/x-wiki</format>
<text bytes="193" xml:space="preserve">={{-pt-}}=
==Forma verbal==
'''quarastes'''
#[[segunda pessoa]] do [[plural]] do [[pretérito perfeito]] do [[modo indicativo]] do verbo '''[[quarar]]'''
[[Categoria:Forma verbal (Português)]]</text>
<sha1>fnkazytwsyck1h35xqql4spa2yrgkmi</sha1>
</revision>
</page>
