<title>quarteto</title>
<ns>0</ns>
<id>339150</id>
<revision>
<id>1923657</id>
<timestamp>2015-04-25T23:28:49Z</timestamp>
<contributor>
<ip>201.32.161.166</ip>
</contributor>
<comment>[[Ajuda:Guia de edição/Menus e ferramentas/Sumário de edição|→]] nova página: {{Wikipédia}}  1. Grupo de quatro pessoas.  Ex.: quarteto musical.</comment>
<model>wikitext</model>
<format>text/x-wiki</format>
<text bytes="67" xml:space="preserve">{{Wikipédia}}

1. Grupo de quatro pessoas.

Ex.: quarteto musical.</text>
<sha1>fkkkzoizewmoau18t4utjpb9z64c02u</sha1>
</revision>
<revision>
<id>1923731</id>
<parentid>1923657</parentid>
<timestamp>2015-04-26T06:56:30Z</timestamp>
<contributor>
<username>YS-Bot</username>
<id>32241</id>
</contributor>
<minor />
<comment>r2.7.3) (Robô: A adicionar: en, fr, io, ru, zh</comment>
<model>wikitext</model>
<format>text/x-wiki</format>
<text bytes="148" xml:space="preserve">{{Wikipédia}}

1. Grupo de quatro pessoas.

Ex.: quarteto musical.

[[en:quarteto]]
[[fr:quarteto]]
[[io:quarteto]]
[[ru:quarteto]]
[[zh:quarteto]]</text>
<sha1>35crhn3fl88nnr6ej8n2dpkm67ay7ye</sha1>
</revision>
<revision>
<id>1963608</id>
<parentid>1923731</parentid>
<timestamp>2015-07-13T09:56:41Z</timestamp>
<contributor>
<username>ValJor</username>
<id>1358</id>
</contributor>
<comment>Por um [[Wikcionário:Listas de verbetes com problemas|wikcionário com saídas]]!</comment>
<model>wikitext</model>
<format>text/x-wiki</format>
<text bytes="989" xml:space="preserve">{{Wikipédia}}

={{-pt-}}=
==Substantivo==
{{flex.pt|ms=quarteto|mp=quartetos}}
{{paroxítona|quar|te|to}}, {{m}}
# [[grupo]] de [[quatro]] [[pessoa]]s
#* ''Muito ovacionado, o '''quarteto''' (que na verdade veio para a América Latina como um trio) mistura o ritmo eletrônico com um pé fincado numa espécie de funk europeu e com memórias do soul.'' {{OESP|2015|março|29}}

===Tradução===
{{tradini}}
* {{trad|de|Quartett}}
* {{trad|es|cuarteto}}
* {{trad|fr|quatuor|quartette}}
* {{trad|nl|kwartet}}
{{tradmeio}}
* {{trad|en|quartet}}
* {{trad|it|quartetto}}
* {{trad|ru|квартет}}
* {{trad|sv|kvartett}}
{{tradfim}}

=={{etimologia|pt}}==
: Derivado de [[quarto]].

==Ver também==
===No Wikcionário===
{{verTambém.Ini}}
* [[duo]]
* [[quinteto]]
{{verTambém.NovaColuna}}
* [[sexteto]]
* [[trio]]
{{verTambém.Fim}}

[[Categoria:Substantivo (Português)]]
[[Categoria:Coletivo (Português)]]

[[en:quarteto]]
[[fr:quarteto]]
[[io:quarteto]]
[[ru:quarteto]]
[[zh:quarteto]]</text>
<sha1>iw9ik6pa2387t4lkpw41rc057p0apfh</sha1>
</revision>
<revision>
<id>1966712</id>
<parentid>1963608</parentid>
<timestamp>2015-07-19T12:58:12Z</timestamp>
<contributor>
<username>MIL973</username>
<id>41339</id>
</contributor>
<model>wikitext</model>
<format>text/x-wiki</format>
<text bytes="1132" xml:space="preserve">{{Wikipédia}}

={{-pt-}}=
==Substantivo==
{{flex.pt|ms=quarteto|mp=quartetos}}
{{paroxítona|quar|te|to}}, {{m}}
# [[composição]] [[musical]], própria para ser executada por [[quatro]] [[voz]]es ou quatro [[instrumento]]s
# [[grupo]] de quatro [[pessoa]]s
#* ''Muito ovacionado, o '''quarteto''' (que na verdade veio para a América Latina como um trio) mistura o ritmo eletrônico com um pé fincado numa espécie de funk europeu e com memórias do soul.'' {{OESP|2015|março|29}}

===Tradução===
{{tradini}}
* {{trad|de|Quartett}}
* {{trad|es|cuarteto}}
* {{trad|fr|quatuor|quartette}}
* {{trad|nl|kwartet}}
{{tradmeio}}
* {{trad|en|quartet}}
* {{trad|it|quartetto}}
* {{trad|ru|квартет}}
* {{trad|sv|kvartett}}
{{tradfim}}

=={{etimologia|pt}}==
: Derivado de [[quarto]].

==Ver também==
===No Wikcionário===
{{verTambém.Ini}}
* [[duo]]
* [[quinteto]]
{{verTambém.NovaColuna}}
* [[sexteto]]
* [[trio]]
{{verTambém.Fim}}

[[Categoria:Substantivo (Português)]]
[[Categoria:Coletivo (Português)]]
[[Categoria:Música (Português)]]

[[en:quarteto]]
[[fr:quarteto]]
[[io:quarteto]]
[[ru:quarteto]]
[[zh:quarteto]]</text>
<sha1>9izxy7iw97sbkvuejv4wwffvihspm39</sha1>
</revision>
<revision>
<id>1966713</id>
<parentid>1966712</parentid>
<timestamp>2015-07-19T12:58:52Z</timestamp>
<contributor>
<username>MIL973</username>
<id>41339</id>
</contributor>
<model>wikitext</model>
<format>text/x-wiki</format>
<text bytes="1262" xml:space="preserve">{{Wikipédia}}

={{-pt-}}=
==Substantivo==
{{flex.pt|ms=quarteto|mp=quartetos}}
{{paroxítona|quar|te|to}}, {{m}}
# [[composição]] [[musical]], própria para ser executada por [[quatro]] [[voz]]es ou quatro [[instrumento]]s
# [[grupo]] de quatro [[pessoa]]s
#* ''Muito ovacionado, o '''quarteto''' (que na verdade veio para a América Latina como um trio) mistura o ritmo eletrônico com um pé fincado numa espécie de funk europeu e com memórias do soul.'' {{OESP|2015|março|29}}

===Tradução===
{{tradini}}
* {{trad|de|Quartett}}
* {{trad|es|cuarteto}}
* {{trad|fr|quatuor|quartette}}
* {{trad|nl|kwartet}}
{{tradmeio}}
* {{trad|en|quartet}}
* {{trad|it|quartetto}}
* {{trad|ru|квартет}}
* {{trad|sv|kvartett}}
{{tradfim}}

=={{etimologia|pt}}==
: Derivado de [[quarto]].

==Ver também==
===No Wikcionário===
{{verTambém.Ini}}
* [[dueto]]
* [[duo]]
* [[dupla]]
* [[hepteto]]
* [[noneto]]
{{verTambém.NovaColuna}}
* [[octeto]]
* [[quinteto]]
* [[sexteto]]
* [[terceto]]
* [[trio]]
{{verTambém.Fim}}
====Wikisaurus====
* [[Wikisaurus:música|música]]

[[Categoria:Substantivo (Português)]]
[[Categoria:Coletivo (Português)]]
[[Categoria:Música (Português)]]

[[en:quarteto]]
[[fr:quarteto]]
[[io:quarteto]]
[[ru:quarteto]]
[[zh:quarteto]]</text>
<sha1>q6m9nlc47vq5cj0kfjq5mt4qjz47qme</sha1>
</revision>
<revision>
<id>2249236</id>
<parentid>1966713</parentid>
<timestamp>2017-03-06T10:03:43Z</timestamp>
<contributor>
<username>HydrizBot</username>
<id>29590</id>
</contributor>
<minor />
<comment>Robô: A adicionar: [[eo:quarteto]]</comment>
<model>wikitext</model>
<format>text/x-wiki</format>
<text bytes="1278" xml:space="preserve">{{Wikipédia}}

={{-pt-}}=
==Substantivo==
{{flex.pt|ms=quarteto|mp=quartetos}}
{{paroxítona|quar|te|to}}, {{m}}
# [[composição]] [[musical]], própria para ser executada por [[quatro]] [[voz]]es ou quatro [[instrumento]]s
# [[grupo]] de quatro [[pessoa]]s
#* ''Muito ovacionado, o '''quarteto''' (que na verdade veio para a América Latina como um trio) mistura o ritmo eletrônico com um pé fincado numa espécie de funk europeu e com memórias do soul.'' {{OESP|2015|março|29}}

===Tradução===
{{tradini}}
* {{trad|de|Quartett}}
* {{trad|es|cuarteto}}
* {{trad|fr|quatuor|quartette}}
* {{trad|nl|kwartet}}
{{tradmeio}}
* {{trad|en|quartet}}
* {{trad|it|quartetto}}
* {{trad|ru|квартет}}
* {{trad|sv|kvartett}}
{{tradfim}}

=={{etimologia|pt}}==
: Derivado de [[quarto]].

==Ver também==
===No Wikcionário===
{{verTambém.Ini}}
* [[dueto]]
* [[duo]]
* [[dupla]]
* [[hepteto]]
* [[noneto]]
{{verTambém.NovaColuna}}
* [[octeto]]
* [[quinteto]]
* [[sexteto]]
* [[terceto]]
* [[trio]]
{{verTambém.Fim}}
====Wikisaurus====
* [[Wikisaurus:música|música]]

[[Categoria:Substantivo (Português)]]
[[Categoria:Coletivo (Português)]]
[[Categoria:Música (Português)]]

[[en:quarteto]]
[[eo:quarteto]]
[[fr:quarteto]]
[[io:quarteto]]
[[ru:quarteto]]
[[zh:quarteto]]</text>
<sha1>tqsvic0duuw2pvsvln3x7gol7lw5s6m</sha1>
</revision>
<revision>
<id>2396834</id>
<parentid>2249236</parentid>
<timestamp>2017-05-13T11:03:36Z</timestamp>
<contributor>
<username>HydrizBot</username>
<id>29590</id>
</contributor>
<minor />
<comment>Robô: A limpar links interwikis antigos</comment>
<model>wikitext</model>
<format>text/x-wiki</format>
<text bytes="1181" xml:space="preserve">{{Wikipédia}}

={{-pt-}}=
==Substantivo==
{{flex.pt|ms=quarteto|mp=quartetos}}
{{paroxítona|quar|te|to}}, {{m}}
# [[composição]] [[musical]], própria para ser executada por [[quatro]] [[voz]]es ou quatro [[instrumento]]s
# [[grupo]] de quatro [[pessoa]]s
#* ''Muito ovacionado, o '''quarteto''' (que na verdade veio para a América Latina como um trio) mistura o ritmo eletrônico com um pé fincado numa espécie de funk europeu e com memórias do soul.'' {{OESP|2015|março|29}}

===Tradução===
{{tradini}}
* {{trad|de|Quartett}}
* {{trad|es|cuarteto}}
* {{trad|fr|quatuor|quartette}}
* {{trad|nl|kwartet}}
{{tradmeio}}
* {{trad|en|quartet}}
* {{trad|it|quartetto}}
* {{trad|ru|квартет}}
* {{trad|sv|kvartett}}
{{tradfim}}

=={{etimologia|pt}}==
: Derivado de [[quarto]].

==Ver também==
===No Wikcionário===
{{verTambém.Ini}}
* [[dueto]]
* [[duo]]
* [[dupla]]
* [[hepteto]]
* [[noneto]]
{{verTambém.NovaColuna}}
* [[octeto]]
* [[quinteto]]
* [[sexteto]]
* [[terceto]]
* [[trio]]
{{verTambém.Fim}}
====Wikisaurus====
* [[Wikisaurus:música|música]]

[[Categoria:Substantivo (Português)]]
[[Categoria:Coletivo (Português)]]
[[Categoria:Música (Português)]]</text>
<sha1>i4dv0rruvnpmeatcky5tpeuoxikcjtx</sha1>
</revision>
<revision>
<id>2455711</id>
<parentid>2396834</parentid>
<timestamp>2017-10-18T22:29:09Z</timestamp>
<contributor>
<username>Askekamo</username>
<id>60711</id>
</contributor>
<model>wikitext</model>
<format>text/x-wiki</format>
<text bytes="1199" xml:space="preserve">{{Wikipédia}}

={{-pt-}}=
==Substantivo==
{{flex.pt|ms=quarteto|mp=quartetos}}
{{paroxítona|quar|te|to}}, {{m}}
# [[composição]] [[musical]], própria para ser executada por [[quatro]] [[voz]]es ou quatro [[instrumento]]s
# [[grupo]] de quatro [[pessoa]]s
#* ''Muito ovacionado, o '''quarteto''' (que na verdade veio para a América Latina como um trio) mistura o ritmo eletrônico com um pé fincado numa espécie de funk europeu e com memórias do soul.'' {{OESP|2015|março|29}}

===Tradução===
{{tradini}}
* {{trad|de|Quartett}}
* {{trad|es|cuarteto}}
* {{trad|fr|quatuor|quartette}}
* {{trad|nl|kwartet}}
{{tradmeio}}
* {{trad|en|quartet}}
* {{trad|it|quartetto}}
* {{trad|ru|квартет}}
* {{trad|sv|kvartett}}
{{tradfim}}

=={{etimologia|pt}}==
: Derivado de [[quarto]].

==Ver também==
===No Wikcionário===
====Conjuntos====
{{verTambém.Ini}}
* [[dueto]]
* [[duo]]
* [[dupla]]
* [[hepteto]]
* [[noneto]]
{{verTambém.NovaColuna}}
* [[octeto]]
* [[quinteto]]
* [[sexteto]]
* [[terceto]]
* [[trio]]
{{verTambém.Fim}}
====Wikisaurus====
* [[Wikisaurus:música|música]]

[[Categoria:Substantivo (Português)]]
[[Categoria:Coletivo (Português)]]
[[Categoria:Música (Português)]]</text>
<sha1>nlz0qj97ruwk90f9f8ou5l6c5f51vc4</sha1>
</revision>
<revision>
<id>2455712</id>
<parentid>2455711</parentid>
<timestamp>2017-10-18T22:29:47Z</timestamp>
<contributor>
<username>Askekamo</username>
<id>60711</id>
</contributor>
<model>wikitext</model>
<format>text/x-wiki</format>
<text bytes="1219" xml:space="preserve">{{Wikipédia}}

={{-pt-}}=
==Substantivo==
{{flex.pt|ms=quarteto|mp=quartetos}}
{{paroxítona|quar|te|to}}, {{m}}
# [[composição]] [[musical]], própria para ser executada por [[quatro]] [[voz]]es ou quatro [[instrumento]]s
# [[grupo]] de quatro [[pessoa]]s
#* ''Muito ovacionado, o '''quarteto''' (que na verdade veio para a América Latina como um trio) mistura o ritmo eletrônico com um pé fincado numa espécie de funk europeu e com memórias do soul.'' {{OESP|2015|março|29}}

===Tradução===
{{tradini}}
* {{trad|de|Quartett}}
* {{trad|es|cuarteto}}
* {{trad|fr|quatuor|quartette}}
* {{trad|nl|kwartet}}
{{tradmeio}}
* {{trad|en|quartet}}
* {{trad|it|quartetto}}
* {{trad|ru|квартет}}
* {{trad|sv|kvartett}}
{{tradfim}}

=={{etimologia|pt}}==
: Derivado de [[quarto]].

==Ver também==
===No Wikcionário===
* [[quadrimembre]]

====Conjuntos====
{{verTambém.Ini}}
* [[dueto]]
* [[duo]]
* [[dupla]]
* [[hepteto]]
* [[noneto]]
{{verTambém.NovaColuna}}
* [[octeto]]
* [[quinteto]]
* [[sexteto]]
* [[terceto]]
* [[trio]]
{{verTambém.Fim}}
====Wikisaurus====
* [[Wikisaurus:música|música]]

[[Categoria:Substantivo (Português)]]
[[Categoria:Coletivo (Português)]]
[[Categoria:Música (Português)]]</text>
<sha1>p92xerp6zmba109pteend8ujlxenxcn</sha1>
</revision>
</page>
