<title>quartejar</title>
<ns>0</ns>
<id>316062</id>
<revision>
<id>1696826</id>
<timestamp>2013-06-20T17:41:09Z</timestamp>
<contributor>
<username>Defender</username>
<id>15952</id>
</contributor>
<comment>[[Ajuda:Guia de edição/Menus e ferramentas/Sumário de edição|→]] nova página: ={{-pt-}}= ==Verbo== {{oxítona|quar|te|jar}}, {{v.t.}} # o mesmo que [[esquartejar]], [[partir]] em quarto...</comment>
<model>wikitext</model>
<format>text/x-wiki</format>
<text bytes="305" xml:space="preserve">={{-pt-}}=
==Verbo==
{{oxítona|quar|te|jar}}, {{v.t.}}
# o mesmo que [[esquartejar]], [[partir]] em [[quarto]]s ou em [[pedaço]]s:
#* «...cebolas verdes quartejadas.» Bibl. do G. do Campo, 433
===Conjugação===
{{conj/pt|quartej|ar}}
=={{etimologia}}==
:De [[quarto]]
[[Categoria:Verbo (Português)]]</text>
<sha1>5mhoxxrogd9l5a2er9kygy6pti7oowj</sha1>
</revision>
<revision>
<id>1789470</id>
<parentid>1696826</parentid>
<timestamp>2013-12-19T00:19:58Z</timestamp>
<contributor>
<username>MalafayaBot</username>
<id>628</id>
</contributor>
<minor />
<comment>r2.7.5) (Robô: A adicionar: [[ca:quartejar]]</comment>
<model>wikitext</model>
<format>text/x-wiki</format>
<text bytes="323" xml:space="preserve">={{-pt-}}=
==Verbo==
{{oxítona|quar|te|jar}}, {{v.t.}}
# o mesmo que [[esquartejar]], [[partir]] em [[quarto]]s ou em [[pedaço]]s:
#* «...cebolas verdes quartejadas.» Bibl. do G. do Campo, 433
===Conjugação===
{{conj/pt|quartej|ar}}
=={{etimologia}}==
:De [[quarto]]
[[Categoria:Verbo (Português)]]

[[ca:quartejar]]</text>
<sha1>rq2aupp1x8y55o3hpwormjpcv5evcb8</sha1>
</revision>
<revision>
<id>2197391</id>
<parentid>1789470</parentid>
<timestamp>2016-11-13T22:46:09Z</timestamp>
<contributor>
<username>ValJor</username>
<id>1358</id>
</contributor>
<comment>Troca de predefinição: {{v.t.}} --&gt; {{gramática|vt}}</comment>
<model>wikitext</model>
<format>text/x-wiki</format>
<text bytes="340" xml:space="preserve">={{-pt-}}=
==Verbo==
{{oxítona|quar|te|jar}}, {{gramática|vt}}
# o mesmo que [[esquartejar]], [[partir]] em [[quarto]]s ou em [[pedaço]]s:
#* «...cebolas verdes quartejadas.» Bibl. do G. do Campo, 433

===Conjugação===
{{conj/pt|quartej|ar}}

=={{etimologia|pt}}==
: De [[quarto]].

[[Categoria:Verbo (Português)]]

[[ca:quartejar]]</text>
<sha1>gygzvq6vk0t0o28n5g2pdjcm1i9kjtd</sha1>
</revision>
<revision>
<id>2396831</id>
<parentid>2197391</parentid>
<timestamp>2017-05-13T11:03:30Z</timestamp>
<contributor>
<username>HydrizBot</username>
<id>29590</id>
</contributor>
<minor />
<comment>Robô: A limpar links interwikis antigos</comment>
<model>wikitext</model>
<format>text/x-wiki</format>
<text bytes="322" xml:space="preserve">={{-pt-}}=
==Verbo==
{{oxítona|quar|te|jar}}, {{gramática|vt}}
# o mesmo que [[esquartejar]], [[partir]] em [[quarto]]s ou em [[pedaço]]s:
#* «...cebolas verdes quartejadas.» Bibl. do G. do Campo, 433

===Conjugação===
{{conj/pt|quartej|ar}}

=={{etimologia|pt}}==
: De [[quarto]].

[[Categoria:Verbo (Português)]]</text>
<sha1>j8pt212x0unil2d1dowr6bzw6y1rl8w</sha1>
</revision>
</page>
