<title>quartas</title>
<ns>0</ns>
<id>386471</id>
<revision>
<id>2463948</id>
<timestamp>2017-11-29T10:36:47Z</timestamp>
<contributor>
<username>Imivorn</username>
<id>64513</id>
</contributor>
<comment>[[Ajuda:Guia de edição/Menus e ferramentas/Sumário de edição|→]] nova página: ={{-mwl-}}= ==Forma de substantivo== '''quartas''' {{p}} #plural feminino de '''[[quarto#Mirandês|quarto]]''...</comment>
<model>wikitext</model>
<format>text/x-wiki</format>
<text bytes="196" xml:space="preserve">={{-mwl-}}=
==Forma de substantivo==
'''quartas''' {{p}}
#plural feminino de '''[[quarto#Mirandês|quarto]]'''


[[Categoria:Forma de substantivo (Mirandês)]]
[[Categoria:Dissílabo (Mirandês)]]</text>
<sha1>ldyisx0xomxh5eapc9bvhjff0bbw12n</sha1>
</revision>
</page>
