<title>quarou</title>
<ns>0</ns>
<id>173416</id>
<revision>
<id>707952</id>
<timestamp>2010-01-23T15:24:34Z</timestamp>
<contributor>
<username>Jesielt-bot</username>
<id>10876</id>
</contributor>
<comment>Artigo criado por bot</comment>
<model>wikitext</model>
<format>text/x-wiki</format>
<text bytes="191" xml:space="preserve">={{pt}}=
==Forma verbal==
'''quarou'''
#[[terceira pessoa]] do [[singular]] do [[pretérito perfeito]] do [[modo indicativo]] do verbo '''[[quarar]]'''
[[Categoria:Forma verbal (Português)]]</text>
<sha1>flubsm7p9pe4ivtfikgp2zosl74spbo</sha1>
</revision>
<revision>
<id>782063</id>
<parentid>707952</parentid>
<timestamp>2010-02-15T13:40:58Z</timestamp>
<contributor>
<username>Interwicket</username>
<id>6868</id>
</contributor>
<minor />
<comment>iwiki +[[:no:quarou]]</comment>
<model>wikitext</model>
<format>text/x-wiki</format>
<text bytes="206" xml:space="preserve">={{pt}}=
==Forma verbal==
'''quarou'''
#[[terceira pessoa]] do [[singular]] do [[pretérito perfeito]] do [[modo indicativo]] do verbo '''[[quarar]]'''
[[Categoria:Forma verbal (Português)]]

[[no:quarou]]</text>
<sha1>tl9xn0l2na8y9qiz0uk5t6o3zaspl3t</sha1>
</revision>
<revision>
<id>1168106</id>
<parentid>782063</parentid>
<timestamp>2011-07-06T12:13:09Z</timestamp>
<contributor>
<username>MalafayaBot</username>
<id>628</id>
</contributor>
<minor />
<comment>Robô: Substituição de texto automática (-^\=\s?Português\s?\= +={{-pt-}}= &amp; -^\=\s?\{\{pt\}\}\s?\= +={{-pt-}}=)</comment>
<model>wikitext</model>
<format>text/x-wiki</format>
<text bytes="208" xml:space="preserve">={{-pt-}}=
==Forma verbal==
'''quarou'''
#[[terceira pessoa]] do [[singular]] do [[pretérito perfeito]] do [[modo indicativo]] do verbo '''[[quarar]]'''
[[Categoria:Forma verbal (Português)]]

[[no:quarou]]</text>
<sha1>9clz9buffyuia0084u57p1z5arpcui5</sha1>
</revision>
<revision>
<id>2396823</id>
<parentid>1168106</parentid>
<timestamp>2017-05-13T11:03:06Z</timestamp>
<contributor>
<username>HydrizBot</username>
<id>29590</id>
</contributor>
<minor />
<comment>Robô: A limpar links interwikis antigos</comment>
<model>wikitext</model>
<format>text/x-wiki</format>
<text bytes="193" xml:space="preserve">={{-pt-}}=
==Forma verbal==
'''quarou'''
#[[terceira pessoa]] do [[singular]] do [[pretérito perfeito]] do [[modo indicativo]] do verbo '''[[quarar]]'''
[[Categoria:Forma verbal (Português)]]</text>
<sha1>52gtczdl1ksmsxgihi3xf7cwj1dj1a0</sha1>
</revision>
</page>
