<title>quararão</title>
<ns>0</ns>
<id>190783</id>
<revision>
<id>741325</id>
<timestamp>2010-02-04T03:04:25Z</timestamp>
<contributor>
<username>Jesielt-bot</username>
<id>10876</id>
</contributor>
<comment>Verbete criado por bot.</comment>
<model>wikitext</model>
<format>text/x-wiki</format>
<text bytes="169" xml:space="preserve">={{pt}}=
==Forma verbal==
'''quararão'''
#[[terceira pessoa]] do [[plural]] do [[futuro do presente]] do verbo '''[[quarar]]'''

[[Categoria:Forma verbal (Português)]]</text>
<sha1>rm3cosypybpm2etdv4zej8540rkj294</sha1>
</revision>
<revision>
<id>781544</id>
<parentid>741325</parentid>
<timestamp>2010-02-15T08:57:17Z</timestamp>
<contributor>
<username>Interwicket</username>
<id>6868</id>
</contributor>
<minor />
<comment>iwiki +[[:no:quararão]]</comment>
<model>wikitext</model>
<format>text/x-wiki</format>
<text bytes="187" xml:space="preserve">={{pt}}=
==Forma verbal==
'''quararão'''
#[[terceira pessoa]] do [[plural]] do [[futuro do presente]] do verbo '''[[quarar]]'''

[[Categoria:Forma verbal (Português)]]

[[no:quararão]]</text>
<sha1>ims22h7yqxc59pkvgucllmhs49259j0</sha1>
</revision>
<revision>
<id>1168087</id>
<parentid>781544</parentid>
<timestamp>2011-07-06T12:12:48Z</timestamp>
<contributor>
<username>MalafayaBot</username>
<id>628</id>
</contributor>
<minor />
<comment>Robô: Substituição de texto automática (-^\=\s?Português\s?\= +={{-pt-}}= &amp; -^\=\s?\{\{pt\}\}\s?\= +={{-pt-}}=)</comment>
<model>wikitext</model>
<format>text/x-wiki</format>
<text bytes="189" xml:space="preserve">={{-pt-}}=
==Forma verbal==
'''quararão'''
#[[terceira pessoa]] do [[plural]] do [[futuro do presente]] do verbo '''[[quarar]]'''

[[Categoria:Forma verbal (Português)]]

[[no:quararão]]</text>
<sha1>b6kvt7bqzlt6a94oyd1atk8dyj91nxa</sha1>
</revision>
<revision>
<id>2396796</id>
<parentid>1168087</parentid>
<timestamp>2017-05-13T11:02:15Z</timestamp>
<contributor>
<username>HydrizBot</username>
<id>29590</id>
</contributor>
<minor />
<comment>Robô: A limpar links interwikis antigos</comment>
<model>wikitext</model>
<format>text/x-wiki</format>
<text bytes="171" xml:space="preserve">={{-pt-}}=
==Forma verbal==
'''quararão'''
#[[terceira pessoa]] do [[plural]] do [[futuro do presente]] do verbo '''[[quarar]]'''

[[Categoria:Forma verbal (Português)]]</text>
<sha1>rp8xetu35jx8mfssk4y5k37i4fe4zko</sha1>
</revision>
</page>
