<title>quartapisámos</title>
<ns>0</ns>
<id>308815</id>
<revision>
<id>1644865</id>
<timestamp>2013-02-01T17:43:14Z</timestamp>
<contributor>
<ip>217.129.4.92</ip>
</contributor>
<comment>[[Ajuda:Guia de edição/Menus e ferramentas/Sumário de edição|→]] nova página: ={{-pt-}}= ==Forma verbal== {{paroxítona|quar|ta|pi|sá|mos}} #{{escopo|grafia lusitana}} [[primeira pessoa]...</comment>
<model>wikitext</model>
<format>text/x-wiki</format>
<text bytes="271" xml:space="preserve">={{-pt-}}=
==Forma verbal==
{{paroxítona|quar|ta|pi|sá|mos}}
#{{escopo|grafia lusitana}} [[primeira pessoa]] do [[plural]] do [[pretérito perfeito]] do [[modo indicativo]] do verbo '''[[quartapisar]]'''
[[Categoria:Forma verbal (Português)]]
[[Categoria:Lusitanismo]]</text>
<sha1>20n7df6zf62zzshe12sup61i1a73d5y</sha1>
</revision>
<revision>
<id>2259406</id>
<parentid>1644865</parentid>
<timestamp>2017-04-09T06:19:55Z</timestamp>
<contributor>
<username>Defender</username>
<id>15952</id>
</contributor>
<comment>Trocando predefinição escopo por escopo2</comment>
<model>wikitext</model>
<format>text/x-wiki</format>
<text bytes="272" xml:space="preserve">={{-pt-}}=
==Forma verbal==
{{paroxítona|quar|ta|pi|sá|mos}}
#{{escopo2|grafia lusitana}} [[primeira pessoa]] do [[plural]] do [[pretérito perfeito]] do [[modo indicativo]] do verbo '''[[quartapisar]]'''
[[Categoria:Forma verbal (Português)]]
[[Categoria:Lusitanismo]]</text>
<sha1>0cx5wn8umimk782jnxt0w3ugw8hyopg</sha1>
</revision>
</page>
