<title>quarentena</title>
<ns>0</ns>
<id>333562</id>
<revision>
<id>1873306</id>
<timestamp>2014-11-19T12:26:22Z</timestamp>
<contributor>
<username>ValJor</username>
<id>1358</id>
</contributor>
<comment>Criação do verbete a partir da [[Wikcionário:Entradas mais procuradas/Resultados|lista de verbetes procurados]]</comment>
<model>wikitext</model>
<format>text/x-wiki</format>
<text bytes="810" xml:space="preserve">{{Wikipédia}}

={{-pt-}}=
==Substantivo==
{{flex.pt|fs=quarentena|fp=quarentenas}}
{{paroxítona|qua|ren|te|na}}, {{f}}
# período de [[quarenta]] [[dia]]s
# [[quaresma]]
# [[festa]] ou [[cerimônia]] [[religioso|religiosa]], que se prolonga por quarenta dias
# espaço de tempo, em que os viajantes, procedentes de países em que há doenças contagiosas ou suspeita de tais doenças, têm que se conservar incomunicáveis a bordo do respectivo navio ou num lazareto
# porção de quarenta coisas; número de quarenta

=={{etimologia|pt}}==
: {{escopo|Morfologia}} [[quarenta]] + [[-ena]].

==Ver também==
===No Wikcionário===
* [[Wikisaurus:tempo]]

==Ligações externas==
* {{DicioAberto}}

[[Categoria:Substantivo (Português)]]

[[en:quarentena]]
[[eo:quarentena]]
[[chr:quarentena]]
[[zh:quarentena]]</text>
<sha1>tdhrpvmx1lip79bkc3ai7c3lrox2u9d</sha1>
</revision>
<revision>
<id>1873351</id>
<parentid>1873306</parentid>
<timestamp>2014-11-19T16:25:24Z</timestamp>
<contributor>
<username>MIL973</username>
<id>41339</id>
</contributor>
<minor />
<comment>adicionou [[Categoria:Tempo (Português)]] usando [[Wikcionário:HotCat|HotCat]]</comment>
<model>wikitext</model>
<format>text/x-wiki</format>
<text bytes="843" xml:space="preserve">{{Wikipédia}}

={{-pt-}}=
==Substantivo==
{{flex.pt|fs=quarentena|fp=quarentenas}}
{{paroxítona|qua|ren|te|na}}, {{f}}
# período de [[quarenta]] [[dia]]s
# [[quaresma]]
# [[festa]] ou [[cerimônia]] [[religioso|religiosa]], que se prolonga por quarenta dias
# espaço de tempo, em que os viajantes, procedentes de países em que há doenças contagiosas ou suspeita de tais doenças, têm que se conservar incomunicáveis a bordo do respectivo navio ou num lazareto
# porção de quarenta coisas; número de quarenta

=={{etimologia|pt}}==
: {{escopo|Morfologia}} [[quarenta]] + [[-ena]].

==Ver também==
===No Wikcionário===
* [[Wikisaurus:tempo]]

==Ligações externas==
* {{DicioAberto}}

[[Categoria:Substantivo (Português)]]
[[Categoria:Tempo (Português)]]

[[en:quarentena]]
[[eo:quarentena]]
[[chr:quarentena]]
[[zh:quarentena]]</text>
<sha1>o2nlvdthw7y7sx2unnt2787x7ep8ptt</sha1>
</revision>
<revision>
<id>2396814</id>
<parentid>1873351</parentid>
<timestamp>2017-05-13T11:02:47Z</timestamp>
<contributor>
<username>HydrizBot</username>
<id>29590</id>
</contributor>
<minor />
<comment>Robô: A limpar links interwikis antigos</comment>
<model>wikitext</model>
<format>text/x-wiki</format>
<text bytes="769" xml:space="preserve">{{Wikipédia}}

={{-pt-}}=
==Substantivo==
{{flex.pt|fs=quarentena|fp=quarentenas}}
{{paroxítona|qua|ren|te|na}}, {{f}}
# período de [[quarenta]] [[dia]]s
# [[quaresma]]
# [[festa]] ou [[cerimônia]] [[religioso|religiosa]], que se prolonga por quarenta dias
# espaço de tempo, em que os viajantes, procedentes de países em que há doenças contagiosas ou suspeita de tais doenças, têm que se conservar incomunicáveis a bordo do respectivo navio ou num lazareto
# porção de quarenta coisas; número de quarenta

=={{etimologia|pt}}==
: {{escopo|Morfologia}} [[quarenta]] + [[-ena]].

==Ver também==
===No Wikcionário===
* [[Wikisaurus:tempo]]

==Ligações externas==
* {{DicioAberto}}

[[Categoria:Substantivo (Português)]]
[[Categoria:Tempo (Português)]]</text>
<sha1>6vild5zz4rzijhgo5gz7cqpf53hopcj</sha1>
</revision>
<revision>
<id>2581120</id>
<parentid>2396814</parentid>
<timestamp>2020-03-09T10:16:37Z</timestamp>
<contributor>
<ip>2001:8A0:700C:8F00:9866:B09A:907D:FD5D</ip>
</contributor>
<comment>/* Substantivo */</comment>
<model>wikitext</model>
<format>text/x-wiki</format>
<text bytes="786" xml:space="preserve">{{Wikipédia}}

={{-pt-}}=
==Substantivo==
{{flex.pt|fs=quarentena|fp=quarentenas}}
{{paroxítona|qua|ren|te|na}}, {{f}}
# período de [[quarenta]] [[dia]]s - source: Vadims
# [[quaresma]]
# [[festa]] ou [[cerimônia]] [[religioso|religiosa]], que se prolonga por quarenta dias
# espaço de tempo, em que os viajantes, procedentes de países em que há doenças contagiosas ou suspeita de tais doenças, têm que se conservar incomunicáveis a bordo do respectivo navio ou num lazareto
# porção de quarenta coisas; número de quarenta

=={{etimologia|pt}}==
: {{escopo|Morfologia}} [[quarenta]] + [[-ena]].

==Ver também==
===No Wikcionário===
* [[Wikisaurus:tempo]]

==Ligações externas==
* {{DicioAberto}}

[[Categoria:Substantivo (Português)]]
[[Categoria:Tempo (Português)]]</text>
<sha1>02px6kdoffvfhvq75b8zig22ix6o9f1</sha1>
</revision>
<revision>
<id>2581121</id>
<parentid>2581120</parentid>
<timestamp>2020-03-09T10:39:04Z</timestamp>
<contributor>
<username>ValJor</username>
<id>1358</id>
</contributor>
<minor />
<comment>Revertidas edições por [[Especial:Contribuições/2001:8A0:700C:8F00:9866:B09A:907D:FD5D|2001:8A0:700C:8F00:9866:B09A:907D:FD5D]] para a última versão por [[Especial:Contribuições/HydrizBot|HydrizBot]]</comment>
<model>wikitext</model>
<format>text/x-wiki</format>
<text bytes="769" xml:space="preserve">{{Wikipédia}}

={{-pt-}}=
==Substantivo==
{{flex.pt|fs=quarentena|fp=quarentenas}}
{{paroxítona|qua|ren|te|na}}, {{f}}
# período de [[quarenta]] [[dia]]s
# [[quaresma]]
# [[festa]] ou [[cerimônia]] [[religioso|religiosa]], que se prolonga por quarenta dias
# espaço de tempo, em que os viajantes, procedentes de países em que há doenças contagiosas ou suspeita de tais doenças, têm que se conservar incomunicáveis a bordo do respectivo navio ou num lazareto
# porção de quarenta coisas; número de quarenta

=={{etimologia|pt}}==
: {{escopo|Morfologia}} [[quarenta]] + [[-ena]].

==Ver também==
===No Wikcionário===
* [[Wikisaurus:tempo]]

==Ligações externas==
* {{DicioAberto}}

[[Categoria:Substantivo (Português)]]
[[Categoria:Tempo (Português)]]</text>
<sha1>6vild5zz4rzijhgo5gz7cqpf53hopcj</sha1>
</revision>
<revision>
<id>2584920</id>
<parentid>2581121</parentid>
<timestamp>2020-04-06T14:32:31Z</timestamp>
<contributor>
<ip>179.183.157.116</ip>
</contributor>
<comment>/* Substantivo */</comment>
<model>wikitext</model>
<format>text/x-wiki</format>
<text bytes="1027" xml:space="preserve">{{Wikipédia}}

={{-pt-}}=
==Substantivo==
{{flex.pt|fs=quarentena|fp=quarentenas}}
{{paroxítona|qua|ren|te|na}}, {{f}}
# período de [[quarenta]] [[dia]]s
# [[quaresma]]
# [[festa]] ou [[cerimônia]] [[religioso|religiosa]], que se prolonga por quarenta dias
# espaço de tempo, em que os viajantes, procedentes de países em que há doenças contagiosas ou suspeita de tais doenças, têm que se conservar incomunicáveis a bordo do respectivo navio ou num lazareto
# porção de quarenta coisas; número de quarenta
# A [https://www.educamundo.com.br/noticias/quarentena-coronavirus quarentena difere do isolamento] e aquela pode ser declarada para um indivíduo, uma região ou até mesmo um país inteiro. Seu objetivo é conter o contágio e a transmissão de um vírus.

=={{etimologia|pt}}==
: {{escopo|Morfologia}} [[quarenta]] + [[-ena]].

==Ver também==
===No Wikcionário===
* [[Wikisaurus:tempo]]

==Ligações externas==
* {{DicioAberto}}

[[Categoria:Substantivo (Português)]]
[[Categoria:Tempo (Português)]]</text>
<sha1>j02f80amuccn4sfhid5lsuvox9szjw8</sha1>
</revision>
<revision>
<id>2584945</id>
<parentid>2584920</parentid>
<timestamp>2020-04-06T22:15:02Z</timestamp>
<contributor>
<username>ValJor</username>
<id>1358</id>
</contributor>
<minor />
<comment>Revertidas edições por [[Especial:Contribuições/179.183.157.116|179.183.157.116]] para a última versão por [[Especial:Contribuições/ValJor|ValJor]]</comment>
<model>wikitext</model>
<format>text/x-wiki</format>
<text bytes="769" xml:space="preserve">{{Wikipédia}}

={{-pt-}}=
==Substantivo==
{{flex.pt|fs=quarentena|fp=quarentenas}}
{{paroxítona|qua|ren|te|na}}, {{f}}
# período de [[quarenta]] [[dia]]s
# [[quaresma]]
# [[festa]] ou [[cerimônia]] [[religioso|religiosa]], que se prolonga por quarenta dias
# espaço de tempo, em que os viajantes, procedentes de países em que há doenças contagiosas ou suspeita de tais doenças, têm que se conservar incomunicáveis a bordo do respectivo navio ou num lazareto
# porção de quarenta coisas; número de quarenta

=={{etimologia|pt}}==
: {{escopo|Morfologia}} [[quarenta]] + [[-ena]].

==Ver também==
===No Wikcionário===
* [[Wikisaurus:tempo]]

==Ligações externas==
* {{DicioAberto}}

[[Categoria:Substantivo (Português)]]
[[Categoria:Tempo (Português)]]</text>
<sha1>6vild5zz4rzijhgo5gz7cqpf53hopcj</sha1>
</revision>
<revision>
<id>2619105</id>
<parentid>2584945</parentid>
<timestamp>2021-02-01T17:47:39Z</timestamp>
<contributor>
<username>MarxavBot</username>
<id>80155</id>
</contributor>
<minor />
<comment>AFI Portugal</comment>
<model>wikitext</model>
<format>text/x-wiki</format>
<text bytes="844" xml:space="preserve">{{Wikipédia}}

={{-pt-}}=
==Substantivo==
{{flex.pt|fs=quarentena|fp=quarentenas}}
{{paroxítona|qua|ren|te|na}}, {{f}}
# período de [[quarenta]] [[dia]]s
# [[quaresma]]
# [[festa]] ou [[cerimônia]] [[religioso|religiosa]], que se prolonga por quarenta dias
# espaço de tempo, em que os viajantes, procedentes de países em que há doenças contagiosas ou suspeita de tais doenças, têm que se conservar incomunicáveis a bordo do respectivo navio ou num lazareto
# porção de quarenta coisas; número de quarenta

=={{etimologia|pt}}==
: {{escopo|Morfologia}} [[quarenta]] + [[-ena]].

=={{pronúncia|pt}}==
===Portugal===
* AFI: {{AFI|/kwɐ.ɾẽ.ˈte.nɐ/}}

==Ver também==
===No Wikcionário===
* [[Wikisaurus:tempo]]

==Ligações externas==
* {{DicioAberto}}

[[Categoria:Substantivo (Português)]]
[[Categoria:Tempo (Português)]]</text>
<sha1>hsjclhbdk1hoixu6551wd3f6do1xwn5</sha1>
</revision>
</page>
