<title>quasicristal</title>
<ns>0</ns>
<id>321082</id>
<revision>
<id>1796222</id>
<timestamp>2013-12-27T02:26:17Z</timestamp>
<contributor>
<username>Policionarista</username>
<id>43004</id>
</contributor>
<comment>[[Ajuda:Guia de edição/Menus e ferramentas/Sumário de edição|→]] nova página: ={{-pt-}}= {{confirmar|a definição}} ==Sinônimos== # estrutura de conjunto de átomos arranjados de maneir...</comment>
<model>wikitext</model>
<format>text/x-wiki</format>
<text bytes="289" xml:space="preserve">={{-pt-}}=
{{confirmar|a definição}}
==Sinônimos==
# estrutura de conjunto de átomos arranjados de maneira que não há uma padrão repetido continuamente
===Variante ortográfica===
* [[quase-cristal]]

==Ver também==
===Na Wikipédia===
* https://pt.wikipedia.org/wiki/Quase-cristal</text>
<sha1>4fweklwmda5duqm7b37jv9h1bobp9hp</sha1>
</revision>
<revision>
<id>1796223</id>
<parentid>1796222</parentid>
<timestamp>2013-12-27T02:41:35Z</timestamp>
<contributor>
<username>Policionarista</username>
<id>43004</id>
</contributor>
<minor />
<model>wikitext</model>
<format>text/x-wiki</format>
<text bytes="308" xml:space="preserve">={{-pt-}}=
{{confirmar|a definição}}
==Sinônimos==
# {{escopo|química}}estrutura de conjunto de átomos arranjados de maneira que não há uma padrão repetido continuamente
===Variante ortográfica===
* [[quase-cristal]]

==Ver também==
===Na Wikipédia===
* https://pt.wikipedia.org/wiki/Quase-cristal</text>
<sha1>p58o08og6wvaufz267e3rdnm67ft9b8</sha1>
</revision>
<revision>
<id>1796224</id>
<parentid>1796223</parentid>
<timestamp>2013-12-27T02:42:00Z</timestamp>
<contributor>
<username>Policionarista</username>
<id>43004</id>
</contributor>
<minor />
<model>wikitext</model>
<format>text/x-wiki</format>
<text bytes="309" xml:space="preserve">={{-pt-}}=
{{confirmar|a definição}}
==Sinônimos==
# {{escopo|química}} estrutura de conjunto de átomos arranjados de maneira que não há uma padrão repetido continuamente
===Variante ortográfica===
* [[quase-cristal]]

==Ver também==
===Na Wikipédia===
* https://pt.wikipedia.org/wiki/Quase-cristal</text>
<sha1>4szri1ghdjf60j2oqyfkau7pgc8nmns</sha1>
</revision>
<revision>
<id>2038841</id>
<parentid>1796224</parentid>
<timestamp>2015-11-20T10:50:00Z</timestamp>
<contributor>
<username>ValJor</username>
<id>1358</id>
</contributor>
<comment>Melhorando a apresentação do verbete usando a [[:predefinição:cria-entrada]]</comment>
<model>wikitext</model>
<format>text/x-wiki</format>
<text bytes="452" xml:space="preserve">={{-pt-}}=
==Substantivo==
{{flex.pt|ms=quasicristal|mp=quasicristais}}
{{oxítona|qua|si|cris|tal}}, {{m}}
# [[sólido]] com um [[espectro]] de [[difração]] essencialmente discreto, como os [[cristal|cristais]] clássicos, mas com uma estrutura não periódica

==={{-varort-}}===
* [[quase-cristal]]

==Ver também==
===Na Wikipédia===
* [[w:quase-cristal|quase-cristal]]

[[Categoria:Substantivo (Português)]]
[[Categoria:Química (Português)]]</text>
<sha1>l1xzek09mitafpiico0aavifqgek8tu</sha1>
</revision>
</page>
