<title>quasemente</title>
<ns>0</ns>
<id>316883</id>
<revision>
<id>1707078</id>
<timestamp>2013-08-03T11:37:09Z</timestamp>
<contributor>
<username>Cpls</username>
<id>20608</id>
</contributor>
<comment>[[Ajuda:Guia de edição/Menus e ferramentas/Sumário de edição|→]] nova página: ={{-pt-}}= ==Advérbio== {{paroxítona|qua|se|men|te}} # {{escopo|Trás os Montes}} [[quase]], aproximadament...</comment>
<model>wikitext</model>
<format>text/x-wiki</format>
<text bytes="272" xml:space="preserve">={{-pt-}}=
==Advérbio==
{{paroxítona|qua|se|men|te}}
# {{escopo|Trás os Montes}} [[quase]], aproximadamente, por pouco

=={{etimologia|pt}}==
: {{escopo|Morfolofia}} De [[quase]] + [[-mente]]

[[Categoria:Advérbio (Português)]]
[[Categoria:Regionalismo (Português)]]</text>
<sha1>kp5v44uf0p6c095bdov0yi3efyn46kz</sha1>
</revision>
<revision>
<id>1707080</id>
<parentid>1707078</parentid>
<timestamp>2013-08-03T11:38:53Z</timestamp>
<contributor>
<username>Cpls</username>
<id>20608</id>
</contributor>
<comment>/* Advérbio */</comment>
<model>wikitext</model>
<format>text/x-wiki</format>
<text bytes="287" xml:space="preserve">={{-pt-}}=
==Advérbio==
{{paroxítona|qua|se|men|te}}
# {{escopo|Trás os Montes}} [[quase]], de outro modo, aproximadamente, por pouco

=={{etimologia|pt}}==
: {{escopo|Morfolofia}} De [[quase]] + [[-mente]]

[[Categoria:Advérbio (Português)]]
[[Categoria:Regionalismo (Português)]]</text>
<sha1>g2r8v60heiu8i8h744jyrmwrslhmll0</sha1>
</revision>
<revision>
<id>1839292</id>
<parentid>1707080</parentid>
<timestamp>2014-07-12T18:41:25Z</timestamp>
<contributor>
<username>Cpls</username>
<id>20608</id>
</contributor>
<model>wikitext</model>
<format>text/x-wiki</format>
<text bytes="297" xml:space="preserve">={{-pt-}}=
==Advérbio==
{{paroxítona|qua|se|men|te}}, ''modo''
# {{escopo|Trás-os-Montes}} [[quase]], de outro modo, aproximadamente, por pouco

=={{etimologia|pt}}==
: {{escopo|Morfolofia}} De [[quase]] + [[-mente]]

[[Categoria:Advérbio (Português)]]
[[Categoria:Regionalismo (Português)]]</text>
<sha1>q7cdicrlgbuyqeqb4gdhhp7fw2fvshd</sha1>
</revision>
<revision>
<id>2154674</id>
<parentid>1839292</parentid>
<timestamp>2016-07-31T13:34:10Z</timestamp>
<contributor>
<username>Cpls</username>
<id>20608</id>
</contributor>
<model>wikitext</model>
<format>text/x-wiki</format>
<text bytes="323" xml:space="preserve">={{-pt-}}=
==Advérbio==
{{paroxítona|qua|se|men|te}}, ''modo''
# {{escopoUso|Portugal|pt|Trás-os-Montes}} [[quase]], de outro modo, aproximadamente, por pouco

=={{etimologia|pt}}==
: {{escopo|Morfologia}} De [[quase]] + [[-mente]].

==Ver também==
===No Wikcionário===
* [[cajo]]

[[Categoria:Advérbio (Português)]]</text>
<sha1>k6xeral3aalqcgvr6x39zg1hg94o32b</sha1>
</revision>
<revision>
<id>2159425</id>
<parentid>2154674</parentid>
<timestamp>2016-08-15T19:56:55Z</timestamp>
<contributor>
<username>Luan</username>
<id>1279</id>
</contributor>
<comment>atualização do código das predefinições de escopo utilizando [[Project:AutoWikiBrowser|AWB]]</comment>
<model>wikitext</model>
<format>text/x-wiki</format>
<text bytes="330" xml:space="preserve">={{-pt-}}=
==Advérbio==
{{paroxítona|qua|se|men|te}}, {{gramática|modo}}
# {{escopo|pt|Trás-os-Montes}} [[quase]], de outro modo, aproximadamente, por pouco

=={{etimologia|pt}}==
: {{escopo|Morfologia}} De ''[[quase]]'' + ''[[-mente]]''.

==Ver também==
===No Wikcionário===
* [[cajo]]

[[Categoria:Advérbio (Português)]]</text>
<sha1>gqk25meql8buh1njdfkddddtip6lm0l</sha1>
</revision>
<revision>
<id>2455901</id>
<parentid>2159425</parentid>
<timestamp>2017-10-19T19:28:06Z</timestamp>
<contributor>
<username>Cpls</username>
<id>20608</id>
</contributor>
<model>wikitext</model>
<format>text/x-wiki</format>
<text bytes="738" xml:space="preserve">={{-pt-}}=
==Advérbio==
{{paroxítona|qua|se|men|te}}, {{gramática|modo}}
# {{escopo|pt|Trás-os-Montes}} [[quase]], de outro modo, aproximadamente, por pouco

=={{etimologia|pt}}==
: {{escopo|Morfologia}} De ''[[quase]]'' + ''[[-mente]]''.

==Ver também==
===No Wikcionário===
* [[cajo]]

[[Categoria:Advérbio (Português)]]


={{-gl-}}=
==Advérbio==
{{paroxítona|qua|se|men|te|lang=gl}}, {{gramática|modo|lang=gl}}
# [[quasemente#{{pt}}|quasemente]], [[quase]]

==={{-varort-}}===
* [[casemente#{{gl}}|casemente]]

=={{etimologia|gl}}==
: {{escopo|Morfologia}} De ''[[quase#{{gl}}|quase]]'' + ''[[-mente#{{gl}}|-mente]]''.

==={{pronúncia|gl}}===
* [[AFI]]: /kwa.se.'men.te/ ou /ka.se.'men.te/

[[Categoria:Advérbio (Galego)]]</text>
<sha1>nt1n1fsr5rmnsi5bcnri8c0711sb5zz</sha1>
</revision>
</page>
