<title>quatorzeno</title>
<ns>0</ns>
<id>278957</id>
<revision>
<id>1273604</id>
<timestamp>2011-11-06T03:20:29Z</timestamp>
<contributor>
<username>Defender</username>
<id>15952</id>
</contributor>
<comment>[[Ajuda:Menus e funções/Sumário de edição#Sumário de edição automático|→]] nova página: ={{-pt-}}= == Adjetivo == {{flex.pt.o|quatorzen|qua.tor.&lt;u&gt;ze&lt;/u&gt;.n}} {{paroxítona|qua|tor|ze|...</comment>
<model>wikitext</model>
<format>text/x-wiki</format>
<text bytes="423" xml:space="preserve">={{-pt-}}=
== Adjetivo ==
{{flex.pt.o|quatorzen|qua.tor.&lt;u&gt;ze&lt;/u&gt;.n}}
{{paroxítona|qua|tor|ze|no}}
# [[décimo]]-[[quarto]]
# último numa [[série]] de [[quatorze]]
=== Variante ===
* {{link preto|catorzeno}}
== Substantivo ==
{{flex.pt.masc.reg|quatorzeno|qua.tor.&lt;u&gt;ze&lt;/u&gt;.no}}
{{paroxítona|qua|tor|ze|no}}, {{m}}
# antiga espécie de [[pano]] com quatorze [[fio]]s de [[urdidura]]
=={{etimologia}}==
:De [[quatorze]].</text>
<sha1>td0cqapvaov9er70bmlij4dfbluotpm</sha1>
</revision>
<revision>
<id>1273605</id>
<parentid>1273604</parentid>
<timestamp>2011-11-06T03:21:25Z</timestamp>
<contributor>
<username>Defender</username>
<id>15952</id>
</contributor>
<minor />
<comment>+[[Categoria:Adjetivo (Português)]]; +[[Categoria:Substantivo (Português)]] usando [[Wikcionário:Software/Scripts/HotCat|HotCat]]</comment>
<model>wikitext</model>
<format>text/x-wiki</format>
<text bytes="499" xml:space="preserve">={{-pt-}}=
== Adjetivo ==
{{flex.pt.o|quatorzen|qua.tor.&lt;u&gt;ze&lt;/u&gt;.n}}
{{paroxítona|qua|tor|ze|no}}
# [[décimo]]-[[quarto]]
# último numa [[série]] de [[quatorze]]
=== Variante ===
* {{link preto|catorzeno}}
== Substantivo ==
{{flex.pt.masc.reg|quatorzeno|qua.tor.&lt;u&gt;ze&lt;/u&gt;.no}}
{{paroxítona|qua|tor|ze|no}}, {{m}}
# antiga espécie de [[pano]] com quatorze [[fio]]s de [[urdidura]]
=={{etimologia}}==
:De [[quatorze]].

[[Categoria:Adjetivo (Português)]]
[[Categoria:Substantivo (Português)]]</text>
<sha1>apst53qyv59igvnmyzs52q39jtk1806</sha1>
</revision>
<revision>
<id>1829342</id>
<parentid>1273605</parentid>
<timestamp>2014-06-02T04:46:30Z</timestamp>
<contributor>
<username>MIL973</username>
<id>41339</id>
</contributor>
<model>wikitext</model>
<format>text/x-wiki</format>
<text bytes="577" xml:space="preserve">={{-pt-}}=
==Adjetivo==
{{flex.pt|ms=quatorzeno|mp=quatorzenos|fs=quatorzena|fp=quatorzenas}}
{{paroxítona|qua|tor|ze|no}}, {{m}}
# [[décimo]]-[[quarto]]
# [[último]] numa [[série]] de [[quatorze]]

===Variante===
* {{link preto|catorzeno}}

==Substantivo==
{{flex.pt|ms=quatorzeno|mp=quatorzenos}}
{{paroxítona|qua|tor|ze|no}}, {{m}}
# [[antigo|antiga]] [[espécie]] de [[pano]] com [[quatorze|14]] [[fio]]s de [[urdidura]]

=={{etimologia|pt}}==
: {{escopo|Morfologia}} [[quatorze]] + [[-eno]].

[[Categoria:Adjetivo (Português)]]
[[Categoria:Substantivo (Português)]]</text>
<sha1>k0wskgf43qag1cfeqo3yxdnamytdn4n</sha1>
</revision>
<revision>
<id>1891528</id>
<parentid>1829342</parentid>
<timestamp>2015-01-31T10:29:57Z</timestamp>
<contributor>
<username>MIL973</username>
<id>41339</id>
</contributor>
<model>wikitext</model>
<format>text/x-wiki</format>
<text bytes="549" xml:space="preserve">={{-pt-}}=
==Adjetivo==
{{flex.pt|ms=quatorzeno|mp=quatorzenos|fs=quatorzena|fp=quatorzenas}}
{{paroxítona|qua|tor|ze|no}}, {{m}}
# [[décimo]]-[[quarto]]
# [[último]] numa [[série]] de [[quatorze]]

===Variante===
* {{link preto|catorzeno}}

==Substantivo==
{{flex.pt|ms=quatorzeno|mp=quatorzenos}}
{{paroxítona|qua|tor|ze|no}}, {{m}}
# antiga espécie de [[pano]] com 14 [[fio]]s de [[urdidura]]

=={{etimologia|pt}}==
: {{escopo|Morfologia}} [[quatorze]] + [[-eno]].

[[Categoria:Adjetivo (Português)]]
[[Categoria:Substantivo (Português)]]</text>
<sha1>6i187cduzvz5vlhjonw3v8yg4095pk2</sha1>
</revision>
</page>
