<title>quatorzenos</title>
<ns>0</ns>
<id>325535</id>
<revision>
<id>1829345</id>
<timestamp>2014-06-02T04:48:41Z</timestamp>
<contributor>
<username>MIL973</username>
<id>41339</id>
</contributor>
<comment>[[Ajuda:Guia de edição/Menus e ferramentas/Sumário de edição|→]] nova página: ={{-pt-}}= ==Forma de adjetivo== {{paroxítona|qua|tor|ze|nos}}, {{m}} # [[plural]] de [[quatorzeno]]  ==Form...</comment>
<model>wikitext</model>
<format>text/x-wiki</format>
<text bytes="224" xml:space="preserve">={{-pt-}}=
==Forma de adjetivo==
{{paroxítona|qua|tor|ze|nos}}, {{m}}
# [[plural]] de [[quatorzeno]]

==Forma de substantivo==
{{paroxítona|qua|tor|ze|nos}}, {{m}}
# [[plural]] de [[quatorzeno]]

{{avi-for-fle|quatorzeno}}</text>
<sha1>6q0hekfb5nvdpnmrjd0trahia50eoav</sha1>
</revision>
<revision>
<id>1829346</id>
<parentid>1829345</parentid>
<timestamp>2014-06-02T04:48:58Z</timestamp>
<contributor>
<username>MIL973</username>
<id>41339</id>
</contributor>
<minor />
<comment>adicionou [[Categoria:Forma de adjetivo (Português)]] usando [[Wikcionário:HotCat|HotCat]]</comment>
<model>wikitext</model>
<format>text/x-wiki</format>
<text bytes="270" xml:space="preserve">={{-pt-}}=
==Forma de adjetivo==
{{paroxítona|qua|tor|ze|nos}}, {{m}}
# [[plural]] de [[quatorzeno]]

==Forma de substantivo==
{{paroxítona|qua|tor|ze|nos}}, {{m}}
# [[plural]] de [[quatorzeno]]

{{avi-for-fle|quatorzeno}}

[[Categoria:Forma de adjetivo (Português)]]</text>
<sha1>jhw9v63ua8lbet3mqxmdjled2mfcnt6</sha1>
</revision>
<revision>
<id>1829347</id>
<parentid>1829346</parentid>
<timestamp>2014-06-02T04:49:14Z</timestamp>
<contributor>
<username>MIL973</username>
<id>41339</id>
</contributor>
<minor />
<comment>adicionou [[Categoria:Forma de substantivo (Português)]] usando [[Wikcionário:HotCat|HotCat]]</comment>
<model>wikitext</model>
<format>text/x-wiki</format>
<text bytes="318" xml:space="preserve">={{-pt-}}=
==Forma de adjetivo==
{{paroxítona|qua|tor|ze|nos}}, {{m}}
# [[plural]] de [[quatorzeno]]

==Forma de substantivo==
{{paroxítona|qua|tor|ze|nos}}, {{m}}
# [[plural]] de [[quatorzeno]]

{{avi-for-fle|quatorzeno}}

[[Categoria:Forma de adjetivo (Português)]]
[[Categoria:Forma de substantivo (Português)]]</text>
<sha1>kg5mashxssinvzwv8hxaf9t49e67yzv</sha1>
</revision>
<revision>
<id>1891529</id>
<parentid>1829347</parentid>
<timestamp>2015-01-31T10:30:14Z</timestamp>
<contributor>
<username>MIL973</username>
<id>41339</id>
</contributor>
<model>wikitext</model>
<format>text/x-wiki</format>
<text bytes="310" xml:space="preserve">={{-pt-}}=
==Forma de adjetivo==
{{paroxítona|qua|tor|ze|nos}}, {{m}}
# plural de [[quatorzeno]]

==Forma de substantivo==
{{paroxítona|qua|tor|ze|nos}}, {{m}}
# plural de [[quatorzeno]]

{{avi-for-fle|quatorzeno}}

[[Categoria:Forma de adjetivo (Português)]]
[[Categoria:Forma de substantivo (Português)]]</text>
<sha1>cb5l3c706qnr70kw6b8gsorfgc3kr0r</sha1>
</revision>
</page>
