<title>quatrocentos</title>
<ns>0</ns>
<id>31381</id>
<revision>
<id>103460</id>
<timestamp>2006-03-11T22:33:43Z</timestamp>
<contributor>
<username>Cabo</username>
<id>580</id>
</contributor>
<model>wikitext</model>
<format>text/x-wiki</format>
<text bytes="147" xml:space="preserve">'''{{esboço}}'''
= Português =
[[Categoria:Numeral Cardinal (Português)|# 000400]]
'''{{PAGENAME}}'''   ''numeral cardinal ''
# quatro vezes cem</text>
<sha1>g90u21wlx7q47g8rwlkitv9drtg49ix</sha1>
</revision>
<revision>
<id>103463</id>
<parentid>103460</parentid>
<timestamp>2006-03-11T22:36:27Z</timestamp>
<contributor>
<username>Cabo</username>
<id>580</id>
</contributor>
<model>wikitext</model>
<format>text/x-wiki</format>
<text bytes="236" xml:space="preserve">'''{{esboço}}'''
= Português =
[[Categoria:Numeral Cardinal (Português)|# 000400]]
'''{{PAGENAME}}'''   ''numeral cardinal ''
# quatro vezes cem


{{-trans-}}
{{tradini}}
* [[Caboverdiano]]: [[kuátusentus]]
{{tradmeio}}
{{tradfim}}</text>
<sha1>1udwkjc0aygiegzf39e33ef5m8mjb8d</sha1>
</revision>
<revision>
<id>154902</id>
<parentid>103463</parentid>
<timestamp>2006-08-19T21:12:39Z</timestamp>
<contributor>
<username>Cadum</username>
<id>1291</id>
</contributor>
<minor />
<model>wikitext</model>
<format>text/x-wiki</format>
<text bytes="237" xml:space="preserve">'''{{esboço}}'''
= Português =
[[Categoria:Numeral Cardinal (Português)|# 000400]]
'''{{PAGENAME}}'''   ''numeral cardinal ''
# quatro vezes cem


{{-trans-}}
{{tradini}}
* [[Cabo-verdiano]]: [[kuátusentus]]
{{tradmeio}}
{{tradfim}}</text>
<sha1>1bork9emwirokz0yo376j89jo9tr5a6</sha1>
</revision>
<revision>
<id>174048</id>
<parentid>154902</parentid>
<timestamp>2006-10-06T19:25:05Z</timestamp>
<contributor>
<username>RobotGMwikt</username>
<id>407</id>
</contributor>
<minor />
<comment>Bot:  Adicionando: [[en:quatrocentos]]</comment>
<model>wikitext</model>
<format>text/x-wiki</format>
<text bytes="258" xml:space="preserve">'''{{esboço}}'''
= Português =
[[Categoria:Numeral Cardinal (Português)|# 000400]]
'''{{PAGENAME}}'''   ''numeral cardinal ''
# quatro vezes cem


{{-trans-}}
{{tradini}}
* [[Cabo-verdiano]]: [[kuátusentus]]
{{tradmeio}}
{{tradfim}}

[[en:quatrocentos]]</text>
<sha1>qhw0szqlf5uv1htm6ujtegsz4wmz4pt</sha1>
</revision>
<revision>
<id>189868</id>
<parentid>174048</parentid>
<timestamp>2006-11-03T06:14:35Z</timestamp>
<contributor>
<username>RobotGMwikt</username>
<id>407</id>
</contributor>
<minor />
<comment>Bot:  Adicionando: [[ru:quatrocentos]]</comment>
<model>wikitext</model>
<format>text/x-wiki</format>
<text bytes="278" xml:space="preserve">'''{{esboço}}'''
= Português =
[[Categoria:Numeral Cardinal (Português)|# 000400]]
'''{{PAGENAME}}'''   ''numeral cardinal ''
# quatro vezes cem


{{-trans-}}
{{tradini}}
* [[Cabo-verdiano]]: [[kuátusentus]]
{{tradmeio}}
{{tradfim}}

[[en:quatrocentos]]
[[ru:quatrocentos]]</text>
<sha1>6xkvp7ofu7wjyvqd2whbxjyh4q0midj</sha1>
</revision>
<revision>
<id>200217</id>
<parentid>189868</parentid>
<timestamp>2006-11-23T22:10:27Z</timestamp>
<contributor>
<username>Cadum</username>
<id>1291</id>
</contributor>
<comment>Acento + sílabas</comment>
<model>wikitext</model>
<format>text/x-wiki</format>
<text bytes="374" xml:space="preserve">'''{{esboço}}'''
= Português =
==Numeral Cardinal==
'''qua.tro.cen.tos'''
# [[quatro]] [[vez]]es [[cem]]

===Tradução===
{{tradini}}
* [[Cabo-verdiano]]: [[kuátusentus]]
{{tradmeio}}
{{tradfim}}

[[Categoria:Numeral Cardinal (Português)|# 000400]]
[[Categoria:Polissílabo (Português)]]
[[Categoria:Paroxítona (Português)]]

[[en:quatrocentos]]
[[ru:quatrocentos]]</text>
<sha1>q2jnbc0dsjobiezid02kdryx5elezhz</sha1>
</revision>
<revision>
<id>269637</id>
<parentid>200217</parentid>
<timestamp>2007-06-04T10:54:15Z</timestamp>
<contributor>
<username>ValJor</username>
<id>1358</id>
</contributor>
<comment>Por um [[:Categoria:!Esboço|wikcionário sem esboços]]!</comment>
<model>wikitext</model>
<format>text/x-wiki</format>
<text bytes="1510" xml:space="preserve">=Português=
==Numeral Cardinal==
'''qua.tro.&lt;u&gt;cen&lt;/u&gt;.tos'''
# [[quatro]] [[vez]]es [[cem]]; representado em algarismos arábicos por '''400''' e em numeração romana pelas letras '''CD'''
# o [[número]] que vem após 399
===Tradução===
{{tradini-esconde}}
* {{trad|sq|katërqind}}
* {{trad|de|vierhundert}}
* {{trad|ar|أربعمائة}}
* {{trad|arn|meli pataka}}
* {{trad|br|pevar c'hant}}
* {{trad|KEA|kuátusentus}}
* {{trad|cs|ètyøista}}
* {{trad|sk|štyristo}}
* {{trad|es|cuatrocientos}}
* {{trad|eo|kvarcent}}
* {{trad|fr|quatre cents}}
* {{trad|cy|pedwar cant}}
* {{trad|gn|irundysa}}
* {{trad|hi|चार सौ}}
* {{trad|nl|vier honderd}}
{{tradmeio-esconde}}
* {{trad|id|empat ratus}}
* {{trad|en|four hundred}}
* {{trad|ga|ceithre chéad}}
* {{trad|it|quattrocento}}
* {{trad|la|quadringenti}}
* {{trad|lv|cetri simti}}
* {{trad|no|firehundre}}
* {{trad|pl|czterysta}}
* {{trad|qu|tawa pachajj}}
* {{trad|ro|patru sute}}
* {{trad|ru|четыреста}}
* {{trad|sr|четристо}}
* {{trad|sv|fyrahundra}}
* {{trad|tr|dört yüz}}
* {{trad|val|quatrecents}}
{{tradfim-esconde}}
{{-etimologia-}}
: De [[quatro]] + o plural de [[cento]]
==Ver também==
===No Wikcionário===
* [[Apêndice:Numerais]]
* [[quadringentésimo]]
===Na Wikipédia===
* [[w:400|400]]
[[Categoria:Numeral Cardinal (Português)|# 000400]]
[[Categoria:Polissílabo (Português)]]
[[Categoria:Paroxítona (Português)]]
[[Categoria:Vocábulo com etimologia (Português)]]

[[en:quatrocentos]]
[[ru:quatrocentos]]</text>
<sha1>b93prprlw60bblgh5onueqmeiw6zorv</sha1>
</revision>
<revision>
<id>482995</id>
<parentid>269637</parentid>
<timestamp>2009-06-20T00:11:36Z</timestamp>
<contributor>
<username>MalafayaBot</username>
<id>628</id>
</contributor>
<minor />
<comment>Bot: Mudança automática (-{{tradini-esconde}} +{{tradini}} &amp; -{{tradmeio-esconde}} +{{tradmeio}} &amp; -{{tradfim-esconde}} +{{tradfim}} &amp; -{{tradini-esconde| +{{tradini|)</comment>
<model>wikitext</model>
<format>text/x-wiki</format>
<text bytes="1486" xml:space="preserve">=Português=
==Numeral Cardinal==
'''qua.tro.&lt;u&gt;cen&lt;/u&gt;.tos'''
# [[quatro]] [[vez]]es [[cem]]; representado em algarismos arábicos por '''400''' e em numeração romana pelas letras '''CD'''
# o [[número]] que vem após 399
===Tradução===
{{tradini}}
* {{trad|sq|katërqind}}
* {{trad|de|vierhundert}}
* {{trad|ar|أربعمائة}}
* {{trad|arn|meli pataka}}
* {{trad|br|pevar c'hant}}
* {{trad|KEA|kuátusentus}}
* {{trad|cs|ètyøista}}
* {{trad|sk|štyristo}}
* {{trad|es|cuatrocientos}}
* {{trad|eo|kvarcent}}
* {{trad|fr|quatre cents}}
* {{trad|cy|pedwar cant}}
* {{trad|gn|irundysa}}
* {{trad|hi|चार सौ}}
* {{trad|nl|vier honderd}}
{{tradmeio}}
* {{trad|id|empat ratus}}
* {{trad|en|four hundred}}
* {{trad|ga|ceithre chéad}}
* {{trad|it|quattrocento}}
* {{trad|la|quadringenti}}
* {{trad|lv|cetri simti}}
* {{trad|no|firehundre}}
* {{trad|pl|czterysta}}
* {{trad|qu|tawa pachajj}}
* {{trad|ro|patru sute}}
* {{trad|ru|четыреста}}
* {{trad|sr|четристо}}
* {{trad|sv|fyrahundra}}
* {{trad|tr|dört yüz}}
* {{trad|val|quatrecents}}
{{tradfim}}
{{-etimologia-}}
: De [[quatro]] + o plural de [[cento]]
==Ver também==
===No Wikcionário===
* [[Apêndice:Numerais]]
* [[quadringentésimo]]
===Na Wikipédia===
* [[w:400|400]]
[[Categoria:Numeral Cardinal (Português)|# 000400]]
[[Categoria:Polissílabo (Português)]]
[[Categoria:Paroxítona (Português)]]
[[Categoria:Vocábulo com etimologia (Português)]]

[[en:quatrocentos]]
[[ru:quatrocentos]]</text>
<sha1>2nszy1hake8xa6wx9ujhdvrzac6ywdz</sha1>
</revision>
<revision>
<id>543200</id>
<parentid>482995</parentid>
<timestamp>2009-09-22T17:17:32Z</timestamp>
<contributor>
<username>MalafayaBot</username>
<id>628</id>
</contributor>
<minor />
<comment>Bot: Mudança automática (-[[Categoria:Numeral Cardinal  +[[Categoria:Numeral cardinal , -|Numeral Cardinal +|Numeral cardinal)</comment>
<model>wikitext</model>
<format>text/x-wiki</format>
<text bytes="1486" xml:space="preserve">=Português=
==Numeral Cardinal==
'''qua.tro.&lt;u&gt;cen&lt;/u&gt;.tos'''
# [[quatro]] [[vez]]es [[cem]]; representado em algarismos arábicos por '''400''' e em numeração romana pelas letras '''CD'''
# o [[número]] que vem após 399
===Tradução===
{{tradini}}
* {{trad|sq|katërqind}}
* {{trad|de|vierhundert}}
* {{trad|ar|أربعمائة}}
* {{trad|arn|meli pataka}}
* {{trad|br|pevar c'hant}}
* {{trad|KEA|kuátusentus}}
* {{trad|cs|ètyøista}}
* {{trad|sk|štyristo}}
* {{trad|es|cuatrocientos}}
* {{trad|eo|kvarcent}}
* {{trad|fr|quatre cents}}
* {{trad|cy|pedwar cant}}
* {{trad|gn|irundysa}}
* {{trad|hi|चार सौ}}
* {{trad|nl|vier honderd}}
{{tradmeio}}
* {{trad|id|empat ratus}}
* {{trad|en|four hundred}}
* {{trad|ga|ceithre chéad}}
* {{trad|it|quattrocento}}
* {{trad|la|quadringenti}}
* {{trad|lv|cetri simti}}
* {{trad|no|firehundre}}
* {{trad|pl|czterysta}}
* {{trad|qu|tawa pachajj}}
* {{trad|ro|patru sute}}
* {{trad|ru|четыреста}}
* {{trad|sr|четристо}}
* {{trad|sv|fyrahundra}}
* {{trad|tr|dört yüz}}
* {{trad|val|quatrecents}}
{{tradfim}}
{{-etimologia-}}
: De [[quatro]] + o plural de [[cento]]
==Ver também==
===No Wikcionário===
* [[Apêndice:Numerais]]
* [[quadringentésimo]]
===Na Wikipédia===
* [[w:400|400]]
[[Categoria:Numeral cardinal (Português)|# 000400]]
[[Categoria:Polissílabo (Português)]]
[[Categoria:Paroxítona (Português)]]
[[Categoria:Vocábulo com etimologia (Português)]]

[[en:quatrocentos]]
[[ru:quatrocentos]]</text>
<sha1>bf7f0c0po3jwt2l6vwijxrfsibr67ij</sha1>
</revision>
<revision>
<id>606260</id>
<parentid>543200</parentid>
<timestamp>2009-11-11T18:01:33Z</timestamp>
<contributor>
<username>MalafayaBot</username>
<id>628</id>
</contributor>
<minor />
<comment>Bot: Mudança automática (-|KEA| +|kea| &amp; -{{KEA}} +{{kea}})</comment>
<model>wikitext</model>
<format>text/x-wiki</format>
<text bytes="1486" xml:space="preserve">=Português=
==Numeral Cardinal==
'''qua.tro.&lt;u&gt;cen&lt;/u&gt;.tos'''
# [[quatro]] [[vez]]es [[cem]]; representado em algarismos arábicos por '''400''' e em numeração romana pelas letras '''CD'''
# o [[número]] que vem após 399
===Tradução===
{{tradini}}
* {{trad|sq|katërqind}}
* {{trad|de|vierhundert}}
* {{trad|ar|أربعمائة}}
* {{trad|arn|meli pataka}}
* {{trad|br|pevar c'hant}}
* {{trad|kea|kuátusentus}}
* {{trad|cs|ètyøista}}
* {{trad|sk|štyristo}}
* {{trad|es|cuatrocientos}}
* {{trad|eo|kvarcent}}
* {{trad|fr|quatre cents}}
* {{trad|cy|pedwar cant}}
* {{trad|gn|irundysa}}
* {{trad|hi|चार सौ}}
* {{trad|nl|vier honderd}}
{{tradmeio}}
* {{trad|id|empat ratus}}
* {{trad|en|four hundred}}
* {{trad|ga|ceithre chéad}}
* {{trad|it|quattrocento}}
* {{trad|la|quadringenti}}
* {{trad|lv|cetri simti}}
* {{trad|no|firehundre}}
* {{trad|pl|czterysta}}
* {{trad|qu|tawa pachajj}}
* {{trad|ro|patru sute}}
* {{trad|ru|четыреста}}
* {{trad|sr|четристо}}
* {{trad|sv|fyrahundra}}
* {{trad|tr|dört yüz}}
* {{trad|val|quatrecents}}
{{tradfim}}
{{-etimologia-}}
: De [[quatro]] + o plural de [[cento]]
==Ver também==
===No Wikcionário===
* [[Apêndice:Numerais]]
* [[quadringentésimo]]
===Na Wikipédia===
* [[w:400|400]]
[[Categoria:Numeral cardinal (Português)|# 000400]]
[[Categoria:Polissílabo (Português)]]
[[Categoria:Paroxítona (Português)]]
[[Categoria:Vocábulo com etimologia (Português)]]

[[en:quatrocentos]]
[[ru:quatrocentos]]</text>
<sha1>hsu3rt0crg7ocb3krh24p3yon2s2b8n</sha1>
</revision>
<revision>
<id>608019</id>
<parentid>606260</parentid>
<timestamp>2009-11-11T20:37:40Z</timestamp>
<contributor>
<username>Jesielt-bot</username>
<id>10876</id>
</contributor>
<comment>, Replaced: {{-etimologia-}} → =={{etimologia}}==, utilizando [[Project:AutoWikiBrowser|AWB]]</comment>
<model>wikitext</model>
<format>text/x-wiki</format>
<text bytes="1488" xml:space="preserve">=Português=
==Numeral Cardinal==
'''qua.tro.&lt;u&gt;cen&lt;/u&gt;.tos'''
# [[quatro]] [[vez]]es [[cem]]; representado em algarismos arábicos por '''400''' e em numeração romana pelas letras '''CD'''
# o [[número]] que vem após 399
===Tradução===
{{tradini}}
* {{trad|sq|katërqind}}
* {{trad|de|vierhundert}}
* {{trad|ar|أربعمائة}}
* {{trad|arn|meli pataka}}
* {{trad|br|pevar c'hant}}
* {{trad|kea|kuátusentus}}
* {{trad|cs|ètyøista}}
* {{trad|sk|štyristo}}
* {{trad|es|cuatrocientos}}
* {{trad|eo|kvarcent}}
* {{trad|fr|quatre cents}}
* {{trad|cy|pedwar cant}}
* {{trad|gn|irundysa}}
* {{trad|hi|चार सौ}}
* {{trad|nl|vier honderd}}
{{tradmeio}}
* {{trad|id|empat ratus}}
* {{trad|en|four hundred}}
* {{trad|ga|ceithre chéad}}
* {{trad|it|quattrocento}}
* {{trad|la|quadringenti}}
* {{trad|lv|cetri simti}}
* {{trad|no|firehundre}}
* {{trad|pl|czterysta}}
* {{trad|qu|tawa pachajj}}
* {{trad|ro|patru sute}}
* {{trad|ru|четыреста}}
* {{trad|sr|четристо}}
* {{trad|sv|fyrahundra}}
* {{trad|tr|dört yüz}}
* {{trad|val|quatrecents}}
{{tradfim}}
=={{etimologia}}==
: De [[quatro]] + o plural de [[cento]]
==Ver também==
===No Wikcionário===
* [[Apêndice:Numerais]]
* [[quadringentésimo]]
===Na Wikipédia===
* [[w:400|400]]
[[Categoria:Numeral cardinal (Português)|# 000400]]
[[Categoria:Polissílabo (Português)]]
[[Categoria:Paroxítona (Português)]]
[[Categoria:Vocábulo com etimologia (Português)]]

[[en:quatrocentos]]
[[ru:quatrocentos]]</text>
<sha1>0iji88b8aunit3lxw9dabh5wyy25ein</sha1>
</revision>
<revision>
<id>691557</id>
<parentid>608019</parentid>
<timestamp>2010-01-13T13:07:46Z</timestamp>
<contributor>
<username>Interwicket</username>
<id>6868</id>
</contributor>
<minor />
<comment>iwiki +[[:nl:quatrocentos]]</comment>
<model>wikitext</model>
<format>text/x-wiki</format>
<text bytes="1508" xml:space="preserve">=Português=
==Numeral Cardinal==
'''qua.tro.&lt;u&gt;cen&lt;/u&gt;.tos'''
# [[quatro]] [[vez]]es [[cem]]; representado em algarismos arábicos por '''400''' e em numeração romana pelas letras '''CD'''
# o [[número]] que vem após 399
===Tradução===
{{tradini}}
* {{trad|sq|katërqind}}
* {{trad|de|vierhundert}}
* {{trad|ar|أربعمائة}}
* {{trad|arn|meli pataka}}
* {{trad|br|pevar c'hant}}
* {{trad|kea|kuátusentus}}
* {{trad|cs|ètyøista}}
* {{trad|sk|štyristo}}
* {{trad|es|cuatrocientos}}
* {{trad|eo|kvarcent}}
* {{trad|fr|quatre cents}}
* {{trad|cy|pedwar cant}}
* {{trad|gn|irundysa}}
* {{trad|hi|चार सौ}}
* {{trad|nl|vier honderd}}
{{tradmeio}}
* {{trad|id|empat ratus}}
* {{trad|en|four hundred}}
* {{trad|ga|ceithre chéad}}
* {{trad|it|quattrocento}}
* {{trad|la|quadringenti}}
* {{trad|lv|cetri simti}}
* {{trad|no|firehundre}}
* {{trad|pl|czterysta}}
* {{trad|qu|tawa pachajj}}
* {{trad|ro|patru sute}}
* {{trad|ru|четыреста}}
* {{trad|sr|четристо}}
* {{trad|sv|fyrahundra}}
* {{trad|tr|dört yüz}}
* {{trad|val|quatrecents}}
{{tradfim}}
=={{etimologia}}==
: De [[quatro]] + o plural de [[cento]]
==Ver também==
===No Wikcionário===
* [[Apêndice:Numerais]]
* [[quadringentésimo]]
===Na Wikipédia===
* [[w:400|400]]
[[Categoria:Numeral cardinal (Português)|# 000400]]
[[Categoria:Polissílabo (Português)]]
[[Categoria:Paroxítona (Português)]]
[[Categoria:Vocábulo com etimologia (Português)]]

[[en:quatrocentos]]
[[nl:quatrocentos]]
[[ru:quatrocentos]]</text>
<sha1>oukrnq4dx9v7ikqg2duzx7mt6n392mw</sha1>
</revision>
<revision>
<id>1209297</id>
<parentid>691557</parentid>
<timestamp>2011-07-10T11:40:56Z</timestamp>
<contributor>
<username>MalafayaBot</username>
<id>628</id>
</contributor>
<minor />
<comment>Robô: Substituição de texto automática (-^\=\s?Português\s?\= +={{-pt-}}= &amp; -^\=\s?\{\{pt\}\}\s?\= +={{-pt-}}=)</comment>
<model>wikitext</model>
<format>text/x-wiki</format>
<text bytes="1506" xml:space="preserve">={{-pt-}}=
==Numeral Cardinal==
'''qua.tro.&lt;u&gt;cen&lt;/u&gt;.tos'''
# [[quatro]] [[vez]]es [[cem]]; representado em algarismos arábicos por '''400''' e em numeração romana pelas letras '''CD'''
# o [[número]] que vem após 399
===Tradução===
{{tradini}}
* {{trad|sq|katërqind}}
* {{trad|de|vierhundert}}
* {{trad|ar|أربعمائة}}
* {{trad|arn|meli pataka}}
* {{trad|br|pevar c'hant}}
* {{trad|kea|kuátusentus}}
* {{trad|cs|ètyøista}}
* {{trad|sk|štyristo}}
* {{trad|es|cuatrocientos}}
* {{trad|eo|kvarcent}}
* {{trad|fr|quatre cents}}
* {{trad|cy|pedwar cant}}
* {{trad|gn|irundysa}}
* {{trad|hi|चार सौ}}
* {{trad|nl|vier honderd}}
{{tradmeio}}
* {{trad|id|empat ratus}}
* {{trad|en|four hundred}}
* {{trad|ga|ceithre chéad}}
* {{trad|it|quattrocento}}
* {{trad|la|quadringenti}}
* {{trad|lv|cetri simti}}
* {{trad|no|firehundre}}
* {{trad|pl|czterysta}}
* {{trad|qu|tawa pachajj}}
* {{trad|ro|patru sute}}
* {{trad|ru|четыреста}}
* {{trad|sr|четристо}}
* {{trad|sv|fyrahundra}}
* {{trad|tr|dört yüz}}
* {{trad|val|quatrecents}}
{{tradfim}}
=={{etimologia}}==
: De [[quatro]] + o plural de [[cento]]
==Ver também==
===No Wikcionário===
* [[Apêndice:Numerais]]
* [[quadringentésimo]]
===Na Wikipédia===
* [[w:400|400]]
[[Categoria:Numeral cardinal (Português)|# 000400]]
[[Categoria:Polissílabo (Português)]]
[[Categoria:Paroxítona (Português)]]
[[Categoria:Vocábulo com etimologia (Português)]]

[[en:quatrocentos]]
[[nl:quatrocentos]]
[[ru:quatrocentos]]</text>
<sha1>5hf0qs9e4l8sni922q5kkb7g2b6ou7h</sha1>
</revision>
<revision>
<id>1329624</id>
<parentid>1209297</parentid>
<timestamp>2011-12-11T14:05:22Z</timestamp>
<contributor>
<username>WikitanvirBot</username>
<id>23893</id>
</contributor>
<minor />
<comment>r2.7.1) (Robô: A adicionar: [[ast:quatrocentos]], [[fr:quatrocentos]]</comment>
<model>wikitext</model>
<format>text/x-wiki</format>
<text bytes="1547" xml:space="preserve">={{-pt-}}=
==Numeral Cardinal==
'''qua.tro.&lt;u&gt;cen&lt;/u&gt;.tos'''
# [[quatro]] [[vez]]es [[cem]]; representado em algarismos arábicos por '''400''' e em numeração romana pelas letras '''CD'''
# o [[número]] que vem após 399
===Tradução===
{{tradini}}
* {{trad|sq|katërqind}}
* {{trad|de|vierhundert}}
* {{trad|ar|أربعمائة}}
* {{trad|arn|meli pataka}}
* {{trad|br|pevar c'hant}}
* {{trad|kea|kuátusentus}}
* {{trad|cs|ètyøista}}
* {{trad|sk|štyristo}}
* {{trad|es|cuatrocientos}}
* {{trad|eo|kvarcent}}
* {{trad|fr|quatre cents}}
* {{trad|cy|pedwar cant}}
* {{trad|gn|irundysa}}
* {{trad|hi|चार सौ}}
* {{trad|nl|vier honderd}}
{{tradmeio}}
* {{trad|id|empat ratus}}
* {{trad|en|four hundred}}
* {{trad|ga|ceithre chéad}}
* {{trad|it|quattrocento}}
* {{trad|la|quadringenti}}
* {{trad|lv|cetri simti}}
* {{trad|no|firehundre}}
* {{trad|pl|czterysta}}
* {{trad|qu|tawa pachajj}}
* {{trad|ro|patru sute}}
* {{trad|ru|четыреста}}
* {{trad|sr|четристо}}
* {{trad|sv|fyrahundra}}
* {{trad|tr|dört yüz}}
* {{trad|val|quatrecents}}
{{tradfim}}
=={{etimologia}}==
: De [[quatro]] + o plural de [[cento]]
==Ver também==
===No Wikcionário===
* [[Apêndice:Numerais]]
* [[quadringentésimo]]
===Na Wikipédia===
* [[w:400|400]]
[[Categoria:Numeral cardinal (Português)|# 000400]]
[[Categoria:Polissílabo (Português)]]
[[Categoria:Paroxítona (Português)]]
[[Categoria:Vocábulo com etimologia (Português)]]

[[ast:quatrocentos]]
[[en:quatrocentos]]
[[fr:quatrocentos]]
[[nl:quatrocentos]]
[[ru:quatrocentos]]</text>
<sha1>6qxmhy3jf4za3xxrdk5mn69w7b2scxk</sha1>
</revision>
<revision>
<id>1366733</id>
<parentid>1329624</parentid>
<timestamp>2012-01-17T13:58:36Z</timestamp>
<contributor>
<username>Luckas-bot</username>
<id>5986</id>
</contributor>
<minor />
<comment>r2.7.1) (Robô: A adicionar: [[cs:quatrocentos]]</comment>
<model>wikitext</model>
<format>text/x-wiki</format>
<text bytes="1567" xml:space="preserve">={{-pt-}}=
==Numeral Cardinal==
'''qua.tro.&lt;u&gt;cen&lt;/u&gt;.tos'''
# [[quatro]] [[vez]]es [[cem]]; representado em algarismos arábicos por '''400''' e em numeração romana pelas letras '''CD'''
# o [[número]] que vem após 399
===Tradução===
{{tradini}}
* {{trad|sq|katërqind}}
* {{trad|de|vierhundert}}
* {{trad|ar|أربعمائة}}
* {{trad|arn|meli pataka}}
* {{trad|br|pevar c'hant}}
* {{trad|kea|kuátusentus}}
* {{trad|cs|ètyøista}}
* {{trad|sk|štyristo}}
* {{trad|es|cuatrocientos}}
* {{trad|eo|kvarcent}}
* {{trad|fr|quatre cents}}
* {{trad|cy|pedwar cant}}
* {{trad|gn|irundysa}}
* {{trad|hi|चार सौ}}
* {{trad|nl|vier honderd}}
{{tradmeio}}
* {{trad|id|empat ratus}}
* {{trad|en|four hundred}}
* {{trad|ga|ceithre chéad}}
* {{trad|it|quattrocento}}
* {{trad|la|quadringenti}}
* {{trad|lv|cetri simti}}
* {{trad|no|firehundre}}
* {{trad|pl|czterysta}}
* {{trad|qu|tawa pachajj}}
* {{trad|ro|patru sute}}
* {{trad|ru|четыреста}}
* {{trad|sr|четристо}}
* {{trad|sv|fyrahundra}}
* {{trad|tr|dört yüz}}
* {{trad|val|quatrecents}}
{{tradfim}}
=={{etimologia}}==
: De [[quatro]] + o plural de [[cento]]
==Ver também==
===No Wikcionário===
* [[Apêndice:Numerais]]
* [[quadringentésimo]]
===Na Wikipédia===
* [[w:400|400]]
[[Categoria:Numeral cardinal (Português)|# 000400]]
[[Categoria:Polissílabo (Português)]]
[[Categoria:Paroxítona (Português)]]
[[Categoria:Vocábulo com etimologia (Português)]]

[[ast:quatrocentos]]
[[cs:quatrocentos]]
[[en:quatrocentos]]
[[fr:quatrocentos]]
[[nl:quatrocentos]]
[[ru:quatrocentos]]</text>
<sha1>lv662kg84ctmrq9b2biv39cc5wwenh3</sha1>
</revision>
<revision>
<id>1383323</id>
<parentid>1366733</parentid>
<timestamp>2012-03-01T19:30:05Z</timestamp>
<contributor>
<ip>187.25.174.241</ip>
</contributor>
<comment>/* Numeral Cardinal */</comment>
<model>wikitext</model>
<format>text/x-wiki</format>
<text bytes="1588" xml:space="preserve">={{-pt-}}=
==Numeral Cardinal==
'''qua.tro.&lt;u&gt;cen&lt;/u&gt;.tos'''
# [[quatro]] [[vez]]es [[cem]]; representado em algarismos arábicos por '''400''' e em numeração romana pelas letras '''CD'''
# o [[número]] que vem após 399
===Tradução===
{{tradini}}
* {{trad|sq|katërqind}}
* {{trad|de|vierhundert}}
* {{trad|ar|أربعمائة}}kkkkkkkkkkkkkkkkkkkk
* {{trad|arn|meli pataka}}
* {{trad|br|pevar c'hant}}
* {{trad|kea|kuátusentus}}
* {{trad|cs|ètyøista}}
* {{trad|sk|štyristo}}
* {{trad|es|cuatrocientos}}
* {{trad|eo|kvarcent}}
* {{trad|fr|quatre cents}}
* {{trad|cy|pedwar cant}}
* {{trad|gn|irundysa}}
* {{trad|hi|चार सौ}}
* {{trad|nl|vier honderd}}
{{tradmeio}}
* {{trad|id|empat ratus}}
* {{trad|en|four hundred}}
* {{trad|ga|ceithre chéad}}
* {{trad|it|quattrocento}}
* {{trad|la|quadringenti}}
* {{trad|lv|cetri simti}}
* {{trad|no|firehundre}}
* {{trad|pl|czterysta}}
* {{trad|qu|tawa pachajj}}
* {{trad|ro|patru sute}}
* {{trad|ru|четыреста}}
* {{trad|sr|четристо}}
* {{trad|sv|fyrahundra}}
* {{trad|tr|dört yüz}}
* {{trad|val|quatrecents}}
{{tradfim}}

=={{etimologia}}==
: De [[quatro]] + o plural de [[cento]]
==Ver também==
===No Wikcionário===
* [[Apêndice:Numerais]]
* [[quadringentésimo]]
===Na Wikipédia===
* [[w:400|400]]
[[Categoria:Numeral cardinal (Português)|# 000400]]
[[Categoria:Polissílabo (Português)]]
[[Categoria:Paroxítona (Português)]]
[[Categoria:Vocábulo com etimologia (Português)]]

[[ast:quatrocentos]]
[[cs:quatrocentos]]
[[en:quatrocentos]]
[[fr:quatrocentos]]
[[nl:quatrocentos]]
[[ru:quatrocentos]]</text>
<sha1>9m9nfd7m3m5x1agdgz8j0lzufrospmk</sha1>
</revision>
<revision>
<id>1383325</id>
<parentid>1383323</parentid>
<timestamp>2012-03-01T19:46:20Z</timestamp>
<contributor>
<username>ValJor</username>
<id>1358</id>
</contributor>
<minor />
<comment>Revertidas edições por [[Especial:Contribuições/187.25.174.241|187.25.174.241]] para a última versão por [[Especial:Contribuições/Luckas-bot|Luckas-bot]]</comment>
<model>wikitext</model>
<format>text/x-wiki</format>
<text bytes="1567" xml:space="preserve">={{-pt-}}=
==Numeral Cardinal==
'''qua.tro.&lt;u&gt;cen&lt;/u&gt;.tos'''
# [[quatro]] [[vez]]es [[cem]]; representado em algarismos arábicos por '''400''' e em numeração romana pelas letras '''CD'''
# o [[número]] que vem após 399
===Tradução===
{{tradini}}
* {{trad|sq|katërqind}}
* {{trad|de|vierhundert}}
* {{trad|ar|أربعمائة}}
* {{trad|arn|meli pataka}}
* {{trad|br|pevar c'hant}}
* {{trad|kea|kuátusentus}}
* {{trad|cs|ètyøista}}
* {{trad|sk|štyristo}}
* {{trad|es|cuatrocientos}}
* {{trad|eo|kvarcent}}
* {{trad|fr|quatre cents}}
* {{trad|cy|pedwar cant}}
* {{trad|gn|irundysa}}
* {{trad|hi|चार सौ}}
* {{trad|nl|vier honderd}}
{{tradmeio}}
* {{trad|id|empat ratus}}
* {{trad|en|four hundred}}
* {{trad|ga|ceithre chéad}}
* {{trad|it|quattrocento}}
* {{trad|la|quadringenti}}
* {{trad|lv|cetri simti}}
* {{trad|no|firehundre}}
* {{trad|pl|czterysta}}
* {{trad|qu|tawa pachajj}}
* {{trad|ro|patru sute}}
* {{trad|ru|четыреста}}
* {{trad|sr|четристо}}
* {{trad|sv|fyrahundra}}
* {{trad|tr|dört yüz}}
* {{trad|val|quatrecents}}
{{tradfim}}
=={{etimologia}}==
: De [[quatro]] + o plural de [[cento]]
==Ver também==
===No Wikcionário===
* [[Apêndice:Numerais]]
* [[quadringentésimo]]
===Na Wikipédia===
* [[w:400|400]]
[[Categoria:Numeral cardinal (Português)|# 000400]]
[[Categoria:Polissílabo (Português)]]
[[Categoria:Paroxítona (Português)]]
[[Categoria:Vocábulo com etimologia (Português)]]

[[ast:quatrocentos]]
[[cs:quatrocentos]]
[[en:quatrocentos]]
[[fr:quatrocentos]]
[[nl:quatrocentos]]
[[ru:quatrocentos]]</text>
<sha1>lv662kg84ctmrq9b2biv39cc5wwenh3</sha1>
</revision>
<revision>
<id>1606739</id>
<parentid>1383325</parentid>
<timestamp>2013-01-19T22:03:17Z</timestamp>
<contributor>
<username>MalafayaBot</username>
<id>628</id>
</contributor>
<minor />
<comment>Robô: A modificar Categoria:Vocábulo com etimologia (Português) para Categoria:Entrada com etimologia (Português)</comment>
<model>wikitext</model>
<format>text/x-wiki</format>
<text bytes="1565" xml:space="preserve">={{-pt-}}=
==Numeral Cardinal==
'''qua.tro.&lt;u&gt;cen&lt;/u&gt;.tos'''
# [[quatro]] [[vez]]es [[cem]]; representado em algarismos arábicos por '''400''' e em numeração romana pelas letras '''CD'''
# o [[número]] que vem após 399
===Tradução===
{{tradini}}
* {{trad|sq|katërqind}}
* {{trad|de|vierhundert}}
* {{trad|ar|أربعمائة}}
* {{trad|arn|meli pataka}}
* {{trad|br|pevar c'hant}}
* {{trad|kea|kuátusentus}}
* {{trad|cs|ètyøista}}
* {{trad|sk|štyristo}}
* {{trad|es|cuatrocientos}}
* {{trad|eo|kvarcent}}
* {{trad|fr|quatre cents}}
* {{trad|cy|pedwar cant}}
* {{trad|gn|irundysa}}
* {{trad|hi|चार सौ}}
* {{trad|nl|vier honderd}}
{{tradmeio}}
* {{trad|id|empat ratus}}
* {{trad|en|four hundred}}
* {{trad|ga|ceithre chéad}}
* {{trad|it|quattrocento}}
* {{trad|la|quadringenti}}
* {{trad|lv|cetri simti}}
* {{trad|no|firehundre}}
* {{trad|pl|czterysta}}
* {{trad|qu|tawa pachajj}}
* {{trad|ro|patru sute}}
* {{trad|ru|четыреста}}
* {{trad|sr|четристо}}
* {{trad|sv|fyrahundra}}
* {{trad|tr|dört yüz}}
* {{trad|val|quatrecents}}
{{tradfim}}
=={{etimologia}}==
: De [[quatro]] + o plural de [[cento]]
==Ver também==
===No Wikcionário===
* [[Apêndice:Numerais]]
* [[quadringentésimo]]
===Na Wikipédia===
* [[w:400|400]]
[[Categoria:Numeral cardinal (Português)|# 000400]]
[[Categoria:Polissílabo (Português)]]
[[Categoria:Paroxítona (Português)]]
[[Categoria:Entrada com etimologia (Português)]]

[[ast:quatrocentos]]
[[cs:quatrocentos]]
[[en:quatrocentos]]
[[fr:quatrocentos]]
[[nl:quatrocentos]]
[[ru:quatrocentos]]</text>
<sha1>trr712xzk6bf1jg4lowbvlu0c9l1ecc</sha1>
</revision>
<revision>
<id>2103572</id>
<parentid>1606739</parentid>
<timestamp>2016-05-25T18:34:45Z</timestamp>
<contributor>
<username>Defender</username>
<id>15952</id>
</contributor>
<comment>Verbete [[:Categoria:!Página com idioma não informado em Predefinição:etimologia|sem indicação do idioma na seção de etimologia]]</comment>
<model>wikitext</model>
<format>text/x-wiki</format>
<text bytes="1521" xml:space="preserve">={{-pt-}}=
==Numeral cardinal==
{{paroxítona|qua|tro|cen|tos}}
# [[quatro]] [[vez]]es [[cem]]; representado em algarismos arábicos por '''400''' e em numeração romana pelas letras '''CD'''
# o [[número]] que vem após 399
===Tradução===
{{tradini}}
* {{trad|sq|katërqind}}
* {{trad|de|vierhundert}}
* {{trad|ar|أربعمائة}}
* {{trad|arn|meli pataka}}
* {{trad|br|pevar c'hant}}
* {{trad|kea|kuátusentus}}
* {{trad|cs|ètyøista}}
* {{trad|sk|štyristo}}
* {{trad|es|cuatrocientos}}
* {{trad|eo|kvarcent}}
* {{trad|fr|quatre cents}}
* {{trad|cy|pedwar cant}}
* {{trad|gn|irundysa}}
* {{trad|hi|चार सौ}}
* {{trad|nl|vier honderd}}
{{tradmeio}}
* {{trad|id|empat ratus}}
* {{trad|en|four hundred}}
* {{trad|ga|ceithre chéad}}
* {{trad|it|quattrocento}}
* {{trad|la|quadringenti}}
* {{trad|lv|cetri simti}}
* {{trad|no|firehundre}}
* {{trad|pl|czterysta}}
* {{trad|qu|tawa pachajj}}
* {{trad|ro|patru sute}}
* {{trad|ru|четыреста}}
* {{trad|sr|четристо}}
* {{trad|sv|fyrahundra}}
* {{trad|tr|dört yüz}}
* {{trad|val|quatrecents}}
{{tradfim}}
=={{etimologia|pt}}==
: De [[quatro]] + o plural de [[cento]]
==Ver também==
===No Wikcionário===
* [[Apêndice:Numerais]]
* [[quadringentésimo]]
===Na Wikipédia===
* [[w:400|400]]
[[Categoria:Numeral cardinal (Português)|# 000400]]
[[Categoria:Polissílabo (Português)]]
[[Categoria:Paroxítona (Português)]]

[[ast:quatrocentos]]
[[cs:quatrocentos]]
[[en:quatrocentos]]
[[fr:quatrocentos]]
[[nl:quatrocentos]]
[[ru:quatrocentos]]</text>
<sha1>0z6ic0ub4vrawf4c7cifjlasovbyphc</sha1>
</revision>
<revision>
<id>2396872</id>
<parentid>2103572</parentid>
<timestamp>2017-05-13T11:05:40Z</timestamp>
<contributor>
<username>HydrizBot</username>
<id>29590</id>
</contributor>
<minor />
<comment>Robô: A limpar links interwikis antigos</comment>
<model>wikitext</model>
<format>text/x-wiki</format>
<text bytes="1399" xml:space="preserve">={{-pt-}}=
==Numeral cardinal==
{{paroxítona|qua|tro|cen|tos}}
# [[quatro]] [[vez]]es [[cem]]; representado em algarismos arábicos por '''400''' e em numeração romana pelas letras '''CD'''
# o [[número]] que vem após 399
===Tradução===
{{tradini}}
* {{trad|sq|katërqind}}
* {{trad|de|vierhundert}}
* {{trad|ar|أربعمائة}}
* {{trad|arn|meli pataka}}
* {{trad|br|pevar c'hant}}
* {{trad|kea|kuátusentus}}
* {{trad|cs|ètyøista}}
* {{trad|sk|štyristo}}
* {{trad|es|cuatrocientos}}
* {{trad|eo|kvarcent}}
* {{trad|fr|quatre cents}}
* {{trad|cy|pedwar cant}}
* {{trad|gn|irundysa}}
* {{trad|hi|चार सौ}}
* {{trad|nl|vier honderd}}
{{tradmeio}}
* {{trad|id|empat ratus}}
* {{trad|en|four hundred}}
* {{trad|ga|ceithre chéad}}
* {{trad|it|quattrocento}}
* {{trad|la|quadringenti}}
* {{trad|lv|cetri simti}}
* {{trad|no|firehundre}}
* {{trad|pl|czterysta}}
* {{trad|qu|tawa pachajj}}
* {{trad|ro|patru sute}}
* {{trad|ru|четыреста}}
* {{trad|sr|четристо}}
* {{trad|sv|fyrahundra}}
* {{trad|tr|dört yüz}}
* {{trad|val|quatrecents}}
{{tradfim}}
=={{etimologia|pt}}==
: De [[quatro]] + o plural de [[cento]]
==Ver também==
===No Wikcionário===
* [[Apêndice:Numerais]]
* [[quadringentésimo]]
===Na Wikipédia===
* [[w:400|400]]
[[Categoria:Numeral cardinal (Português)|# 000400]]
[[Categoria:Polissílabo (Português)]]
[[Categoria:Paroxítona (Português)]]</text>
<sha1>khb7vhhh3qqirp6vkjzcbu7ekstimmm</sha1>
</revision>
<revision>
<id>2463072</id>
<parentid>2396872</parentid>
<timestamp>2017-11-26T18:09:13Z</timestamp>
<contributor>
<username>Imivorn</username>
<id>64513</id>
</contributor>
<comment>adição da tradução do mirandês</comment>
<model>wikitext</model>
<format>text/x-wiki</format>
<text bytes="1429" xml:space="preserve">={{-pt-}}=
==Numeral cardinal==
{{paroxítona|qua|tro|cen|tos}}
# [[quatro]] [[vez]]es [[cem]]; representado em algarismos arábicos por '''400''' e em numeração romana pelas letras '''CD'''
# o [[número]] que vem após 399
===Tradução===
{{tradini}}
* {{trad|sq|katërqind}}
* {{trad|de|vierhundert}}
* {{trad|ar|أربعمائة}}
* {{trad|arn|meli pataka}}
* {{trad|br|pevar c'hant}}
* {{trad|kea|kuátusentus}}
* {{trad|cs|ètyøista}}
* {{trad|sk|štyristo}}
* {{trad|es|cuatrocientos}}
* {{trad|eo|kvarcent}}
* {{trad|fr|quatre cents}}
* {{trad|cy|pedwar cant}}
* {{trad|gn|irundysa}}
* {{trad|hi|चार सौ}}
* {{trad|nl|vier honderd}}
* {{trad|id|empat ratus}}
{{tradmeio}}
* {{trad|en|four hundred}}
* {{trad|ga|ceithre chéad}}
* {{trad|it|quattrocento}}
* {{trad|la|quadringenti}}
* {{trad|lv|cetri simti}}
* {{trad|mwl|quatro cientos}}
* {{trad|no|firehundre}}
* {{trad|pl|czterysta}}
* {{trad|qu|tawa pachajj}}
* {{trad|ro|patru sute}}
* {{trad|ru|четыреста}}
* {{trad|sr|четристо}}
* {{trad|sv|fyrahundra}}
* {{trad|tr|dört yüz}}
* {{trad|val|quatrecents}}
{{tradfim}}
=={{etimologia|pt}}==
: De [[quatro]] + o plural de [[cento]]
==Ver também==
===No Wikcionário===
* [[Apêndice:Numerais]]
* [[quadringentésimo]]
===Na Wikipédia===
* [[w:400|400]]
[[Categoria:Numeral cardinal (Português)|# 000400]]
[[Categoria:Polissílabo (Português)]]
[[Categoria:Paroxítona (Português)]]</text>
<sha1>al51xakzwlex7oojk8rvou8jck1ul7z</sha1>
</revision>
<revision>
<id>2584183</id>
<parentid>2463072</parentid>
<timestamp>2020-03-29T09:32:53Z</timestamp>
<contributor>
<username>ValJor</username>
<id>1358</id>
</contributor>
<comment>Retirando ligação para o Apêndice:Numerais com o objetivo de eliminar essa página em seguida</comment>
<model>wikitext</model>
<format>text/x-wiki</format>
<text bytes="1501" xml:space="preserve">={{-pt-}}=
==Numeral cardinal==
{{paroxítona|qua|tro|cen|tos}}
# [[quatro]] [[vez]]es [[cem]]; representado em algarismos arábicos por '''400''' e em numeração romana pelas letras '''CD'''
# o [[número]] inteiro que vem após 399

===Tradução===
{{tradini}}
* {{trad|sq|katërqind}}
* {{trad|de|vierhundert}}
* {{trad|ar|أربعمائة}}
* {{trad|arn|meli pataka}}
* {{trad|br|pevar c'hant}}
* {{trad|kea|kuátusentus}}
* {{trad|cs|ètyøista}}
* {{trad|sk|štyristo}}
* {{trad|es|cuatrocientos}}
* {{trad|eo|kvarcent}}
* {{trad|fr|quatre cents}}
* {{trad|cy|pedwar cant}}
* {{trad|gn|irundysa}}
* {{trad|hi|चार सौ}}
* {{trad|nl|vier honderd}}
* {{trad|id|empat ratus}}
{{tradmeio}}
* {{trad|en|four hundred}}
* {{trad|ga|ceithre chéad}}
* {{trad|it|quattrocento}}
* {{trad|la|quadringenti}}
* {{trad|lv|cetri simti}}
* {{trad|mwl|quatro cientos}}
* {{trad|no|firehundre}}
* {{trad|pl|czterysta}}
* {{trad|qu|tawa pachajj}}
* {{trad|ro|patru sute}}
* {{trad|ru|четыреста}}
* {{trad|sr|четристо}}
* {{trad|sv|fyrahundra}}
* {{trad|tr|dört yüz}}
* {{trad|val|quatrecents}}
{{tradfim}}

=={{etimologia|pt}}==
: De [[quatro]] + o plural de [[cento]].

==Ver também==
===No Wikcionário===
* [[Apêndice:Numerais do português]]
* [[quadringentésimo]]
===Na Wikipédia===
* [[w:400|400]]

==Ligações externas==
* {{Aulete}}
* {{Michaelis}}
* {{DicioAberto}}
* {{DPLP}}
* {{Infopédia}}
* {{PLP}}
* {{VOLPABL}}

[[Categoria:Numeral cardinal (Português)|# 000400]]</text>
<sha1>gll9zqiezr51w8tzrbqbap1argqyy9x</sha1>
</revision>
<revision>
<id>2617760</id>
<parentid>2584183</parentid>
<timestamp>2021-02-01T04:49:56Z</timestamp>
<contributor>
<username>MarxavBot</username>
<id>80155</id>
</contributor>
<minor />
<comment>AFI Portugal</comment>
<model>wikitext</model>
<format>text/x-wiki</format>
<text bytes="1577" xml:space="preserve">={{-pt-}}=
==Numeral cardinal==
{{paroxítona|qua|tro|cen|tos}}
# [[quatro]] [[vez]]es [[cem]]; representado em algarismos arábicos por '''400''' e em numeração romana pelas letras '''CD'''
# o [[número]] inteiro que vem após 399

===Tradução===
{{tradini}}
* {{trad|sq|katërqind}}
* {{trad|de|vierhundert}}
* {{trad|ar|أربعمائة}}
* {{trad|arn|meli pataka}}
* {{trad|br|pevar c'hant}}
* {{trad|kea|kuátusentus}}
* {{trad|cs|ètyøista}}
* {{trad|sk|štyristo}}
* {{trad|es|cuatrocientos}}
* {{trad|eo|kvarcent}}
* {{trad|fr|quatre cents}}
* {{trad|cy|pedwar cant}}
* {{trad|gn|irundysa}}
* {{trad|hi|चार सौ}}
* {{trad|nl|vier honderd}}
* {{trad|id|empat ratus}}
{{tradmeio}}
* {{trad|en|four hundred}}
* {{trad|ga|ceithre chéad}}
* {{trad|it|quattrocento}}
* {{trad|la|quadringenti}}
* {{trad|lv|cetri simti}}
* {{trad|mwl|quatro cientos}}
* {{trad|no|firehundre}}
* {{trad|pl|czterysta}}
* {{trad|qu|tawa pachajj}}
* {{trad|ro|patru sute}}
* {{trad|ru|четыреста}}
* {{trad|sr|четристо}}
* {{trad|sv|fyrahundra}}
* {{trad|tr|dört yüz}}
* {{trad|val|quatrecents}}
{{tradfim}}

=={{etimologia|pt}}==
: De [[quatro]] + o plural de [[cento]].

=={{pronúncia|pt}}==
===Portugal===
* AFI: {{AFI|/kwa.tɾu.ˈsẽ.tuʃ/}}

==Ver também==
===No Wikcionário===
* [[Apêndice:Numerais do português]]
* [[quadringentésimo]]
===Na Wikipédia===
* [[w:400|400]]

==Ligações externas==
* {{Aulete}}
* {{Michaelis}}
* {{DicioAberto}}
* {{DPLP}}
* {{Infopédia}}
* {{PLP}}
* {{VOLPABL}}

[[Categoria:Numeral cardinal (Português)|# 000400]]</text>
<sha1>jow5g71kov087o4bg15eypt9lkt101j</sha1>
</revision>
<revision>
<id>2670840</id>
<parentid>2617760</parentid>
<timestamp>2022-04-05T17:47:05Z</timestamp>
<contributor>
<username>MIL973</username>
<id>41339</id>
</contributor>
<model>wikitext</model>
<format>text/x-wiki</format>
<text bytes="1679" xml:space="preserve">{{Wikipédia}}

={{-pt-}}=
==Numeral==
{{flex.pt|ms=-|mp=quatrocentos|fs=-|fp=quatrocentas}}
{{paroxítona|qua|tro|cen|tos}}, {{gramática|card|mp}}
# [[número]] equivalente a quarenta dezenas; cardinalidade de um conjunto que contenha quatro [[centena]]s de elementos distintos; representado pelo símbolo '''[[400]]''' (algarismos arábicos) ou '''[[CD]]''' (algarismos romanos); seu feminino é [[quatrocentas]]

===Tradução===
{{tradini}}
* {{trad|sq|katërqind}}
* {{trad|de|vierhundert}}
* {{trad|ar|أربعمائة}}
* {{trad|arn|meli pataka}}
* {{trad|br|pevar c'hant}}
* {{trad|kea|kuátusentus}}
* {{trad|cs|ètyøista}}
* {{trad|sk|štyristo}}
* {{trad|es|cuatrocientos}}
* {{trad|eo|kvarcent}}
* {{trad|fr|quatre cents}}
* {{trad|cy|pedwar cant}}
* {{trad|gn|irundysa}}
* {{trad|hi|चार सौ}}
* {{trad|nl|vier honderd}}
* {{trad|id|empat ratus}}
{{tradmeio}}
* {{trad|en|four hundred}}
* {{trad|ga|ceithre chéad}}
* {{trad|it|quattrocento}}
* {{trad|la|quadringenti}}
* {{trad|lv|cetri simti}}
* {{trad|mwl|quatro cientos}}
* {{trad|no|firehundre}}
* {{trad|pl|czterysta}}
* {{trad|qu|tawa pachajj}}
* {{trad|ro|patru sute}}
* {{trad|ru|четыреста}}
* {{trad|sr|четристо}}
* {{trad|sv|fyrahundra}}
* {{trad|tr|dört yüz}}
* {{trad|val|quatrecents}}
{{tradfim}}

=={{pronúncia|pt}}==
===Portugal===
* AFI: {{AFI|/kwa.tɾu.ˈsẽ.tuʃ/}}

==Ver também==
===No Wikcionário===
====Apêndices====
* [[Apêndice:Numerais do português|numerais]]

{{números/pt}}

==Ligações externas==
* {{Aulete}}
* {{Michaelis}}
* {{DicioAberto}}
* {{DPLP}}
* {{Infopédia}}
* {{PLP}}
* {{VOLPABL}}

[[Categoria:Numeral cardinal (Português)|# 000400]]</text>
<sha1>ikjhl9nxmmygiqv6apkb6q8jtxm1zl3</sha1>
</revision>
</page>
