<title>quater</title>
<ns>0</ns>
<id>3286</id>
<revision>
<id>9358</id>
<timestamp>2005-03-05T17:44:34Z</timestamp>
<contributor>
<username>Eusbarbosa</username>
<id>117</id>
</contributor>
<model>wikitext</model>
<format>text/x-wiki</format>
<text bytes="483" xml:space="preserve">==Latim==

=== Advérbio Numeral ===
'''qua.ter''' '' do primeiro tipo: derivado de numeral cardinal''

:# [[Quatro]] vezes.
==== Advérbio numeral ''Derivado do ordinal''  ====

:# [[quartum]] = pela [[quarta]] vez


=== Outros Verbetes ===
[[ter]], [[quinquies]]

== Ver Também ==
:[[quadruplex]], [[quaterni]], [[quartus]], [[quattuor]]

[[Categoria:Advérbio_Numeral_(Latim)|# 000004]]
[[Categoria:Advérbio (Latim)]]
[[Categoria:Numeral (Latim)|# E00004]]
[[Categoria:Latim]]</text>
<sha1>4hozqy1j81f5tgibjgxgajd1bdj5cng</sha1>
</revision>
<revision>
<id>13253</id>
<parentid>9358</parentid>
<timestamp>2005-03-09T01:06:41Z</timestamp>
<contributor>
<username>Eusbarbosa</username>
<id>117</id>
</contributor>
<minor />
<model>wikitext</model>
<format>text/x-wiki</format>
<text bytes="497" xml:space="preserve">==Latim==

=== Advérbio Numeral ===
'''qua.ter''' '' do primeiro tipo: derivado de numeral cardinal''

:# [[Quatro]] vezes.
==== Advérbio numeral ''Derivado do ordinal''  ====

:# [[quartum]] = pela [[quarta]] vez


=== Outros Verbetes ===
[[ter]], [[quinquies]]

== Ver Também ==
:[[quadruplex]], [[quaterni]], [[quartus]], [[quattuor]]

[[Categoria:Advérbio_Numeral_(Latim)|# 000004]]
[[Categoria:Advérbio (Latim)]]
[[Categoria:Numeral (Latim)|# E00004]]
[[Categoria:Latim]]
[[la:quater]]</text>
<sha1>ks32w7j4ezproqnzm5zjkofw6tjwztl</sha1>
</revision>
<revision>
<id>22163</id>
<parentid>13253</parentid>
<timestamp>2005-04-22T14:16:45Z</timestamp>
<contributor>
<username>LeonardoRob0t</username>
<id>197</id>
</contributor>
<minor />
<comment>robot</comment>
<model>wikitext</model>
<format>text/x-wiki</format>
<text bytes="498" xml:space="preserve">==Latim==

=== Advérbio Numeral ===
'''qua.ter''' '' do primeiro tipo: derivado de numeral cardinal''

:# [[Quatro]] vezes.
==== Advérbio numeral ''Derivado do ordinal''  ====

:# [[quartum]] = pela [[quarta]] vez


=== Outros Verbetes ===
[[ter]], [[quinquies]]

== Ver Também ==
:[[quadruplex]], [[quaterni]], [[quartus]], [[quattuor]]

[[Categoria:Advérbio_Numeral_(Latim)|# 000004]]
[[Categoria:Advérbio (Latim)]]
[[Categoria:Numeral (Latim)|# E00004]]
[[Categoria:Latim]]

[[la:Quater]]</text>
<sha1>2hg6sxnyebfcpiwbnt6z7vbkuh34yjn</sha1>
</revision>
<revision>
<id>89232</id>
<parentid>22163</parentid>
<timestamp>2006-02-23T00:55:08Z</timestamp>
<contributor>
<username>Conversion script</username>
<id>0</id>
</contributor>
<minor />
<comment>[[Quater]] movido para [[quater]]: Converting page titles to lowercase</comment>
<model>wikitext</model>
<format>text/x-wiki</format>
<text bytes="498" xml:space="preserve">==Latim==

=== Advérbio Numeral ===
'''qua.ter''' '' do primeiro tipo: derivado de numeral cardinal''

:# [[Quatro]] vezes.
==== Advérbio numeral ''Derivado do ordinal''  ====

:# [[quartum]] = pela [[quarta]] vez


=== Outros Verbetes ===
[[ter]], [[quinquies]]

== Ver Também ==
:[[quadruplex]], [[quaterni]], [[quartus]], [[quattuor]]

[[Categoria:Advérbio_Numeral_(Latim)|# 000004]]
[[Categoria:Advérbio (Latim)]]
[[Categoria:Numeral (Latim)|# E00004]]
[[Categoria:Latim]]

[[la:Quater]]</text>
<sha1>2hg6sxnyebfcpiwbnt6z7vbkuh34yjn</sha1>
</revision>
<revision>
<id>100094</id>
<parentid>89232</parentid>
<timestamp>2006-02-28T23:30:02Z</timestamp>
<contributor>
<username>RobotGMwikt</username>
<id>407</id>
</contributor>
<minor />
<comment>Bot:  Modificando: la</comment>
<model>wikitext</model>
<format>text/x-wiki</format>
<text bytes="498" xml:space="preserve">==Latim==

=== Advérbio Numeral ===
'''qua.ter''' '' do primeiro tipo: derivado de numeral cardinal''

:# [[Quatro]] vezes.
==== Advérbio numeral ''Derivado do ordinal''  ====

:# [[quartum]] = pela [[quarta]] vez


=== Outros Verbetes ===
[[ter]], [[quinquies]]

== Ver Também ==
:[[quadruplex]], [[quaterni]], [[quartus]], [[quattuor]]

[[Categoria:Advérbio_Numeral_(Latim)|# 000004]]
[[Categoria:Advérbio (Latim)]]
[[Categoria:Numeral (Latim)|# E00004]]
[[Categoria:Latim]]

[[la:quater]]</text>
<sha1>6wx078s3jr8uj11ym30u5hz01jd2f1o</sha1>
</revision>
<revision>
<id>193242</id>
<parentid>100094</parentid>
<timestamp>2006-11-10T09:24:12Z</timestamp>
<contributor>
<username>RobotGMwikt</username>
<id>407</id>
</contributor>
<minor />
<comment>Bot:  Adicionando: [[vi:quater]]</comment>
<model>wikitext</model>
<format>text/x-wiki</format>
<text bytes="512" xml:space="preserve">==Latim==

=== Advérbio Numeral ===
'''qua.ter''' '' do primeiro tipo: derivado de numeral cardinal''

:# [[Quatro]] vezes.
==== Advérbio numeral ''Derivado do ordinal''  ====

:# [[quartum]] = pela [[quarta]] vez


=== Outros Verbetes ===
[[ter]], [[quinquies]]

== Ver Também ==
:[[quadruplex]], [[quaterni]], [[quartus]], [[quattuor]]

[[Categoria:Advérbio_Numeral_(Latim)|# 000004]]
[[Categoria:Advérbio (Latim)]]
[[Categoria:Numeral (Latim)|# E00004]]
[[Categoria:Latim]]

[[la:quater]]
[[vi:quater]]</text>
<sha1>cb10oxe02ia4berkbznvk6zkgy55165</sha1>
</revision>
<revision>
<id>421477</id>
<parentid>193242</parentid>
<timestamp>2009-02-22T17:27:34Z</timestamp>
<contributor>
<username>Interwicket</username>
<id>6868</id>
</contributor>
<minor />
<comment>iwiki +[[:fr:quater]], [[:sv:quater]]</comment>
<model>wikitext</model>
<format>text/x-wiki</format>
<text bytes="540" xml:space="preserve">==Latim==

=== Advérbio Numeral ===
'''qua.ter''' '' do primeiro tipo: derivado de numeral cardinal''

:# [[Quatro]] vezes.
==== Advérbio numeral ''Derivado do ordinal''  ====

:# [[quartum]] = pela [[quarta]] vez


=== Outros Verbetes ===
[[ter]], [[quinquies]]

== Ver Também ==
:[[quadruplex]], [[quaterni]], [[quartus]], [[quattuor]]

[[Categoria:Advérbio_Numeral_(Latim)|# 000004]]
[[Categoria:Advérbio (Latim)]]
[[Categoria:Numeral (Latim)|# E00004]]
[[Categoria:Latim]]

[[fr:quater]]
[[la:quater]]
[[sv:quater]]
[[vi:quater]]</text>
<sha1>aepij5b1xyd969l4b3t1gic5sdxznii</sha1>
</revision>
<revision>
<id>511807</id>
<parentid>421477</parentid>
<timestamp>2009-08-15T19:20:47Z</timestamp>
<contributor>
<username>Cadum-Bot</username>
<id>8150</id>
</contributor>
<minor />
<comment>Idioma...</comment>
<model>wikitext</model>
<format>text/x-wiki</format>
<text bytes="517" xml:space="preserve">=Latim=

== Advérbio Numeral ==
'''qua.ter''' '' do primeiro tipo: derivado de numeral cardinal''

:# [[Quatro]] vezes.
==== Advérbio numeral ''Derivado do ordinal''  ====

:# [[quartum]] = pela [[quarta]] vez


=== Outros Verbetes ===
[[ter]], [[quinquies]]

== Ver Também ==
:[[quadruplex]], [[quaterni]], [[quartus]], [[quattuor]]

[[Categoria:Advérbio_Numeral_(Latim)|# 000004]]
[[Categoria:Advérbio (Latim)]]
[[Categoria:Numeral (Latim)|# E00004]]


[[fr:quater]]
[[la:quater]]
[[sv:quater]]
[[vi:quater]]</text>
<sha1>2vq6ycmxb69nprk4m8w8cj7n0xccv74</sha1>
</revision>
<revision>
<id>512750</id>
<parentid>511807</parentid>
<timestamp>2009-08-16T19:17:27Z</timestamp>
<contributor>
<username>ValJor</username>
<id>1358</id>
</contributor>
<comment>Retirando ligação para [[Quatro]] para poder aplicar ER nele</comment>
<model>wikitext</model>
<format>text/x-wiki</format>
<text bytes="535" xml:space="preserve">=Latim=
==AdvérbioNumeral ==
'''qua.ter'''
# ''derivado de numeral cardinal'': [[quatro]] vezes
# ''derivado do ordinal'': pela [[quarta]] vez
==Ver também==
===No Wikcionário===
{{verTambém.Ini}}
* [[ter]]
* [[quinquies]]
{{verTambém.NovaColuna}}
* [[quadruplex]]
* [[quaterni]]
{{verTambém.NovaColuna}}
* [[quartus]]
* [[quattuor]]
{{verTambém.Fim}}
[[Categoria:Advérbio (Latim)]]
[[Categoria:Advérbio_Numeral_(Latim)|# 000004]]
[[Categoria:Numeral (Latim)|# E00004]]

[[fr:quater]]
[[la:quater]]
[[sv:quater]]
[[vi:quater]]</text>
<sha1>c216meowozwsetfp6dxt7x8dc0yaxac</sha1>
</revision>
<revision>
<id>568976</id>
<parentid>512750</parentid>
<timestamp>2009-10-16T20:49:44Z</timestamp>
<contributor>
<username>MalafayaBot</username>
<id>628</id>
</contributor>
<minor />
<comment>Bot: Mudança automática  (-[[Categoria:Advérbio_Numeral_(Latim) +[[Categoria:Advérbio numeral (Latim))</comment>
<model>wikitext</model>
<format>text/x-wiki</format>
<text bytes="535" xml:space="preserve">=Latim=
==AdvérbioNumeral ==
'''qua.ter'''
# ''derivado de numeral cardinal'': [[quatro]] vezes
# ''derivado do ordinal'': pela [[quarta]] vez
==Ver também==
===No Wikcionário===
{{verTambém.Ini}}
* [[ter]]
* [[quinquies]]
{{verTambém.NovaColuna}}
* [[quadruplex]]
* [[quaterni]]
{{verTambém.NovaColuna}}
* [[quartus]]
* [[quattuor]]
{{verTambém.Fim}}
[[Categoria:Advérbio (Latim)]]
[[Categoria:Advérbio numeral (Latim)|# 000004]]
[[Categoria:Numeral (Latim)|# E00004]]

[[fr:quater]]
[[la:quater]]
[[sv:quater]]
[[vi:quater]]</text>
<sha1>347q0najwn8cz7alevif1bxcdvtpmiz</sha1>
</revision>
<revision>
<id>652050</id>
<parentid>568976</parentid>
<timestamp>2009-12-12T19:30:41Z</timestamp>
<contributor>
<username>Interwicket</username>
<id>6868</id>
</contributor>
<minor />
<comment>iwiki +[[:nl:quater]]</comment>
<model>wikitext</model>
<format>text/x-wiki</format>
<text bytes="549" xml:space="preserve">=Latim=
==AdvérbioNumeral ==
'''qua.ter'''
# ''derivado de numeral cardinal'': [[quatro]] vezes
# ''derivado do ordinal'': pela [[quarta]] vez
==Ver também==
===No Wikcionário===
{{verTambém.Ini}}
* [[ter]]
* [[quinquies]]
{{verTambém.NovaColuna}}
* [[quadruplex]]
* [[quaterni]]
{{verTambém.NovaColuna}}
* [[quartus]]
* [[quattuor]]
{{verTambém.Fim}}
[[Categoria:Advérbio (Latim)]]
[[Categoria:Advérbio numeral (Latim)|# 000004]]
[[Categoria:Numeral (Latim)|# E00004]]

[[fr:quater]]
[[la:quater]]
[[nl:quater]]
[[sv:quater]]
[[vi:quater]]</text>
<sha1>ogzeoem13tkdxgsqsew48jve9zkr1mf</sha1>
</revision>
<revision>
<id>954179</id>
<parentid>652050</parentid>
<timestamp>2010-09-12T22:34:27Z</timestamp>
<contributor>
<username>Interwicket</username>
<id>6868</id>
</contributor>
<minor />
<comment>iwiki +[[:en:quater]]</comment>
<model>wikitext</model>
<format>text/x-wiki</format>
<text bytes="563" xml:space="preserve">=Latim=
==AdvérbioNumeral ==
'''qua.ter'''
# ''derivado de numeral cardinal'': [[quatro]] vezes
# ''derivado do ordinal'': pela [[quarta]] vez
==Ver também==
===No Wikcionário===
{{verTambém.Ini}}
* [[ter]]
* [[quinquies]]
{{verTambém.NovaColuna}}
* [[quadruplex]]
* [[quaterni]]
{{verTambém.NovaColuna}}
* [[quartus]]
* [[quattuor]]
{{verTambém.Fim}}
[[Categoria:Advérbio (Latim)]]
[[Categoria:Advérbio numeral (Latim)|# 000004]]
[[Categoria:Numeral (Latim)|# E00004]]

[[en:quater]]
[[fr:quater]]
[[la:quater]]
[[nl:quater]]
[[sv:quater]]
[[vi:quater]]</text>
<sha1>iexm30mlnirgf1uodx51j58gspkf0ox</sha1>
</revision>
<revision>
<id>1007701</id>
<parentid>954179</parentid>
<timestamp>2011-01-03T16:36:06Z</timestamp>
<contributor>
<username>RoggBot</username>
<id>6411</id>
</contributor>
<minor />
<comment>r2.6.2) (Bot: Adicionando: [[de:quater]]</comment>
<model>wikitext</model>
<format>text/x-wiki</format>
<text bytes="577" xml:space="preserve">=Latim=
==AdvérbioNumeral ==
'''qua.ter'''
# ''derivado de numeral cardinal'': [[quatro]] vezes
# ''derivado do ordinal'': pela [[quarta]] vez
==Ver também==
===No Wikcionário===
{{verTambém.Ini}}
* [[ter]]
* [[quinquies]]
{{verTambém.NovaColuna}}
* [[quadruplex]]
* [[quaterni]]
{{verTambém.NovaColuna}}
* [[quartus]]
* [[quattuor]]
{{verTambém.Fim}}
[[Categoria:Advérbio (Latim)]]
[[Categoria:Advérbio numeral (Latim)|# 000004]]
[[Categoria:Numeral (Latim)|# E00004]]

[[de:quater]]
[[en:quater]]
[[fr:quater]]
[[la:quater]]
[[nl:quater]]
[[sv:quater]]
[[vi:quater]]</text>
<sha1>62xhhrdmi1eymdp9h4kzdcu2z61whmu</sha1>
</revision>
<revision>
<id>1316538</id>
<parentid>1007701</parentid>
<timestamp>2011-12-02T13:59:32Z</timestamp>
<contributor>
<username>MalafayaBot</username>
<id>628</id>
</contributor>
<minor />
<comment>Robô: Substituição de texto automática (-^\=(\s*?)(\{\{la\}\}|Latim)(\s*?)\= +={{-la-}}=)</comment>
<model>wikitext</model>
<format>text/x-wiki</format>
<text bytes="580" xml:space="preserve">={{-la-}}=
==AdvérbioNumeral ==
'''qua.ter'''
# ''derivado de numeral cardinal'': [[quatro]] vezes
# ''derivado do ordinal'': pela [[quarta]] vez
==Ver também==
===No Wikcionário===
{{verTambém.Ini}}
* [[ter]]
* [[quinquies]]
{{verTambém.NovaColuna}}
* [[quadruplex]]
* [[quaterni]]
{{verTambém.NovaColuna}}
* [[quartus]]
* [[quattuor]]
{{verTambém.Fim}}
[[Categoria:Advérbio (Latim)]]
[[Categoria:Advérbio numeral (Latim)|# 000004]]
[[Categoria:Numeral (Latim)|# E00004]]

[[de:quater]]
[[en:quater]]
[[fr:quater]]
[[la:quater]]
[[nl:quater]]
[[sv:quater]]
[[vi:quater]]</text>
<sha1>ni00f6oaf2vrnu1prn0ug7j5h2fuzzv</sha1>
</revision>
<revision>
<id>1346560</id>
<parentid>1316538</parentid>
<timestamp>2011-12-25T16:58:14Z</timestamp>
<contributor>
<username>Luckas-bot</username>
<id>5986</id>
</contributor>
<minor />
<comment>r2.7.2) (Robô: A adicionar: [[ko:quater]]</comment>
<model>wikitext</model>
<format>text/x-wiki</format>
<text bytes="594" xml:space="preserve">={{-la-}}=
==AdvérbioNumeral ==
'''qua.ter'''
# ''derivado de numeral cardinal'': [[quatro]] vezes
# ''derivado do ordinal'': pela [[quarta]] vez
==Ver também==
===No Wikcionário===
{{verTambém.Ini}}
* [[ter]]
* [[quinquies]]
{{verTambém.NovaColuna}}
* [[quadruplex]]
* [[quaterni]]
{{verTambém.NovaColuna}}
* [[quartus]]
* [[quattuor]]
{{verTambém.Fim}}
[[Categoria:Advérbio (Latim)]]
[[Categoria:Advérbio numeral (Latim)|# 000004]]
[[Categoria:Numeral (Latim)|# E00004]]

[[de:quater]]
[[en:quater]]
[[fr:quater]]
[[ko:quater]]
[[la:quater]]
[[nl:quater]]
[[sv:quater]]
[[vi:quater]]</text>
<sha1>4mfy0duutdlawwghu2l8vsjf6jkvkga</sha1>
</revision>
<revision>
<id>1412103</id>
<parentid>1346560</parentid>
<timestamp>2012-05-15T21:31:20Z</timestamp>
<contributor>
<username>Luckas-bot</username>
<id>5986</id>
</contributor>
<minor />
<comment>r2.7.1) (Robô: A adicionar: [[el:quater]]</comment>
<model>wikitext</model>
<format>text/x-wiki</format>
<text bytes="608" xml:space="preserve">={{-la-}}=
==AdvérbioNumeral ==
'''qua.ter'''
# ''derivado de numeral cardinal'': [[quatro]] vezes
# ''derivado do ordinal'': pela [[quarta]] vez
==Ver também==
===No Wikcionário===
{{verTambém.Ini}}
* [[ter]]
* [[quinquies]]
{{verTambém.NovaColuna}}
* [[quadruplex]]
* [[quaterni]]
{{verTambém.NovaColuna}}
* [[quartus]]
* [[quattuor]]
{{verTambém.Fim}}
[[Categoria:Advérbio (Latim)]]
[[Categoria:Advérbio numeral (Latim)|# 000004]]
[[Categoria:Numeral (Latim)|# E00004]]

[[de:quater]]
[[el:quater]]
[[en:quater]]
[[fr:quater]]
[[ko:quater]]
[[la:quater]]
[[nl:quater]]
[[sv:quater]]
[[vi:quater]]</text>
<sha1>nbuf4vpgvvjdnvyiflmzlp0vlgd68yf</sha1>
</revision>
<revision>
<id>1789466</id>
<parentid>1412103</parentid>
<timestamp>2013-12-19T00:19:10Z</timestamp>
<contributor>
<username>MalafayaBot</username>
<id>628</id>
</contributor>
<minor />
<comment>r2.7.5) (Robô: A adicionar: [[pl:quater]]</comment>
<model>wikitext</model>
<format>text/x-wiki</format>
<text bytes="622" xml:space="preserve">={{-la-}}=
==AdvérbioNumeral ==
'''qua.ter'''
# ''derivado de numeral cardinal'': [[quatro]] vezes
# ''derivado do ordinal'': pela [[quarta]] vez
==Ver também==
===No Wikcionário===
{{verTambém.Ini}}
* [[ter]]
* [[quinquies]]
{{verTambém.NovaColuna}}
* [[quadruplex]]
* [[quaterni]]
{{verTambém.NovaColuna}}
* [[quartus]]
* [[quattuor]]
{{verTambém.Fim}}
[[Categoria:Advérbio (Latim)]]
[[Categoria:Advérbio numeral (Latim)|# 000004]]
[[Categoria:Numeral (Latim)|# E00004]]

[[de:quater]]
[[el:quater]]
[[en:quater]]
[[fr:quater]]
[[ko:quater]]
[[la:quater]]
[[nl:quater]]
[[pl:quater]]
[[sv:quater]]
[[vi:quater]]</text>
<sha1>rpu2n6r7qj5ms1m2gw92aiishy2aoi5</sha1>
</revision>
<revision>
<id>2036191</id>
<parentid>1789466</parentid>
<timestamp>2015-11-13T07:35:30Z</timestamp>
<contributor>
<username>HydrizBot</username>
<id>29590</id>
</contributor>
<minor />
<comment>Robô: A adicionar: [[es:quater]]</comment>
<model>wikitext</model>
<format>text/x-wiki</format>
<text bytes="636" xml:space="preserve">={{-la-}}=
==AdvérbioNumeral ==
'''qua.ter'''
# ''derivado de numeral cardinal'': [[quatro]] vezes
# ''derivado do ordinal'': pela [[quarta]] vez
==Ver também==
===No Wikcionário===
{{verTambém.Ini}}
* [[ter]]
* [[quinquies]]
{{verTambém.NovaColuna}}
* [[quadruplex]]
* [[quaterni]]
{{verTambém.NovaColuna}}
* [[quartus]]
* [[quattuor]]
{{verTambém.Fim}}
[[Categoria:Advérbio (Latim)]]
[[Categoria:Advérbio numeral (Latim)|# 000004]]
[[Categoria:Numeral (Latim)|# E00004]]

[[de:quater]]
[[el:quater]]
[[en:quater]]
[[es:quater]]
[[fr:quater]]
[[ko:quater]]
[[la:quater]]
[[nl:quater]]
[[pl:quater]]
[[sv:quater]]
[[vi:quater]]</text>
<sha1>q7u5at1u5uaiyiv8g8xow1dovxbv5rp</sha1>
</revision>
<revision>
<id>2396855</id>
<parentid>2036191</parentid>
<timestamp>2017-05-13T11:04:32Z</timestamp>
<contributor>
<username>HydrizBot</username>
<id>29590</id>
</contributor>
<minor />
<comment>Robô: A limpar links interwikis antigos</comment>
<model>wikitext</model>
<format>text/x-wiki</format>
<text bytes="481" xml:space="preserve">={{-la-}}=
==AdvérbioNumeral ==
'''qua.ter'''
# ''derivado de numeral cardinal'': [[quatro]] vezes
# ''derivado do ordinal'': pela [[quarta]] vez
==Ver também==
===No Wikcionário===
{{verTambém.Ini}}
* [[ter]]
* [[quinquies]]
{{verTambém.NovaColuna}}
* [[quadruplex]]
* [[quaterni]]
{{verTambém.NovaColuna}}
* [[quartus]]
* [[quattuor]]
{{verTambém.Fim}}
[[Categoria:Advérbio (Latim)]]
[[Categoria:Advérbio numeral (Latim)|# 000004]]
[[Categoria:Numeral (Latim)|# E00004]]</text>
<sha1>nljxiw4m6q1tfrd1g7k9me6b4iqv0ze</sha1>
</revision>
</page>
