<title>quattuor</title>
<ns>0</ns>
<id>2593</id>
<revision>
<id>6205</id>
<timestamp>2005-01-25T22:05:53Z</timestamp>
<contributor>
<username>Eusbarbosa</username>
<id>117</id>
</contributor>
<model>wikitext</model>
<format>text/x-wiki</format>
<text bytes="392" xml:space="preserve">==Latim==

=== Numeral ===
'''quat.tu.or''' ''numeral cardinal'' ''invariável''


:*O número ''[[quatro]]''  (4).

=== Declinação ===

Todos os casos: [[quattuor]] ou [[quatuor]]

=== Variação ===
:* quatuor

=== Ordinal equivalente ===


:* [[quartus]]

=== Outros verbetes ===

[[tres]], [[quinque]]
[[la:quatuor]] [[la:quattuor]]

[[Categoria:Numeral (Latim)]] [[Categoria:Latim]]</text>
<sha1>algmd2mu6ydv9j3w1zdxu2pvcp125pb</sha1>
</revision>
<revision>
<id>6206</id>
<parentid>6205</parentid>
<timestamp>2005-01-25T23:19:41Z</timestamp>
<contributor>
<username>Eusbarbosa</username>
<id>117</id>
</contributor>
<minor />
<model>wikitext</model>
<format>text/x-wiki</format>
<text bytes="400" xml:space="preserve">==Latim==

=== Numeral ===
'''quat.tu.or''' ''numeral cardinal'' ''invariável''


:*O número ''[[quatro]]''  (4).

=== Declinação ===

Todos os casos: [[quattuor]] ou [[quatuor]]

=== Variação ===
:* quatuor

=== Ordinal equivalente ===


:* [[quartus]]

=== Outros verbetes ===

[[tres]], [[quinque]]
[[la:quatuor]] [[la:quattuor]]

[[Categoria:Numeral (Latim)|# 00004]] [[Categoria:Latim]]</text>
<sha1>mi1bkqqjok9mm4o2n61d7zj29gnxd74</sha1>
</revision>
<revision>
<id>6349</id>
<parentid>6206</parentid>
<timestamp>2005-01-25T23:20:28Z</timestamp>
<contributor>
<username>Eusbarbosa</username>
<id>117</id>
</contributor>
<minor />
<model>wikitext</model>
<format>text/x-wiki</format>
<text bytes="401" xml:space="preserve">==Latim==

=== Numeral ===
'''quat.tu.or''' ''numeral cardinal'' ''invariável''


:*O número ''[[quatro]]''  (4).

=== Declinação ===

Todos os casos: [[quattuor]] ou [[quatuor]]

=== Variação ===
:* quatuor

=== Ordinal equivalente ===


:* [[quartus]]

=== Outros verbetes ===

[[tres]], [[quinque]]
[[la:quatuor]] [[la:quattuor]]

[[Categoria:Numeral (Latim)|# 000004]] [[Categoria:Latim]]</text>
<sha1>6gfjg52s5jtsxy5ak0m4ilaaeg02r96</sha1>
</revision>
<revision>
<id>8051</id>
<parentid>6349</parentid>
<timestamp>2005-01-27T16:59:36Z</timestamp>
<contributor>
<username>LeonardoG</username>
<id>7</id>
</contributor>
<minor />
<comment>interwiki  Adicionando:en</comment>
<model>wikitext</model>
<format>text/x-wiki</format>
<text bytes="402" xml:space="preserve">==Latim==

=== Numeral ===
'''quat.tu.or''' ''numeral cardinal'' ''invariável''


:*O número ''[[quatro]]''  (4).

=== Declinação ===

Todos os casos: [[quattuor]] ou [[quatuor]]

=== Variação ===
:* quatuor

=== Ordinal equivalente ===


:* [[quartus]]

=== Outros verbetes ===

[[tres]], [[quinque]]
[[Categoria:Numeral (Latim)|# 000004]] [[Categoria:Latim]]

[[en:Quattuor]]
[[la:Quattuor]]</text>
<sha1>jx06iz2i2u9kjdvxyscpf0auzd42u5v</sha1>
</revision>
<revision>
<id>18795</id>
<parentid>8051</parentid>
<timestamp>2005-02-16T09:45:06Z</timestamp>
<contributor>
<username>E2mb0t~ptwiktionary</username>
<id>192</id>
</contributor>
<minor />
<comment>robot  Adicionando:pl,gl,nl</comment>
<model>wikitext</model>
<format>text/x-wiki</format>
<text bytes="450" xml:space="preserve">==Latim==

=== Numeral ===
'''quat.tu.or''' ''numeral cardinal'' ''invariável''


:*O número ''[[quatro]]''  (4).

=== Declinação ===

Todos os casos: [[quattuor]] ou [[quatuor]]

=== Variação ===
:* quatuor

=== Ordinal equivalente ===


:* [[quartus]]

=== Outros verbetes ===

[[tres]], [[quinque]]
[[Categoria:Numeral (Latim)|# 000004]] [[Categoria:Latim]]

[[en:Quattuor]]
[[gl:Quattuor]]
[[la:Quattuor]]
[[nl:quattuor]]
[[pl:Quattuor]]</text>
<sha1>jwn412cw6odn50up4xxopk8p3ep80c2</sha1>
</revision>
<revision>
<id>21510</id>
<parentid>18795</parentid>
<timestamp>2005-06-25T18:05:39Z</timestamp>
<contributor>
<username>RobotGMwikt</username>
<id>407</id>
</contributor>
<minor />
<comment>robot  Adicionando:sv</comment>
<model>wikitext</model>
<format>text/x-wiki</format>
<text bytes="466" xml:space="preserve">==Latim==

=== Numeral ===
'''quat.tu.or''' ''numeral cardinal'' ''invariável''


:*O número ''[[quatro]]''  (4).

=== Declinação ===

Todos os casos: [[quattuor]] ou [[quatuor]]

=== Variação ===
:* quatuor

=== Ordinal equivalente ===


:* [[quartus]]

=== Outros verbetes ===

[[tres]], [[quinque]]
[[Categoria:Numeral (Latim)|# 000004]] [[Categoria:Latim]]

[[en:Quattuor]]
[[gl:Quattuor]]
[[la:Quattuor]]
[[nl:quattuor]]
[[pl:Quattuor]]
[[sv:quattuor]]</text>
<sha1>bylw815vexmrdri5ebpduk9x16uvkgj</sha1>
</revision>
<revision>
<id>28434</id>
<parentid>21510</parentid>
<timestamp>2005-07-08T23:40:50Z</timestamp>
<contributor>
<username>RobotGMwikt</username>
<id>407</id>
</contributor>
<minor />
<comment>robot  Modificando: en</comment>
<model>wikitext</model>
<format>text/x-wiki</format>
<text bytes="466" xml:space="preserve">==Latim==

=== Numeral ===
'''quat.tu.or''' ''numeral cardinal'' ''invariável''


:*O número ''[[quatro]]''  (4).

=== Declinação ===

Todos os casos: [[quattuor]] ou [[quatuor]]

=== Variação ===
:* quatuor

=== Ordinal equivalente ===


:* [[quartus]]

=== Outros verbetes ===

[[tres]], [[quinque]]
[[Categoria:Numeral (Latim)|# 000004]] [[Categoria:Latim]]

[[en:quattuor]]
[[gl:Quattuor]]
[[la:Quattuor]]
[[nl:quattuor]]
[[pl:Quattuor]]
[[sv:quattuor]]</text>
<sha1>4lspus0gyq7f4fr6vl49iawv0lj4mda</sha1>
</revision>
<revision>
<id>29571</id>
<parentid>28434</parentid>
<timestamp>2005-07-12T21:49:14Z</timestamp>
<contributor>
<username>RobotGMwikt</username>
<id>407</id>
</contributor>
<minor />
<comment>robot  Adicionando: io</comment>
<model>wikitext</model>
<format>text/x-wiki</format>
<text bytes="482" xml:space="preserve">==Latim==

=== Numeral ===
'''quat.tu.or''' ''numeral cardinal'' ''invariável''


:*O número ''[[quatro]]''  (4).

=== Declinação ===

Todos os casos: [[quattuor]] ou [[quatuor]]

=== Variação ===
:* quatuor

=== Ordinal equivalente ===


:* [[quartus]]

=== Outros verbetes ===

[[tres]], [[quinque]]
[[Categoria:Numeral (Latim)|# 000004]] [[Categoria:Latim]]

[[en:quattuor]]
[[gl:Quattuor]]
[[io:Quattuor]]
[[la:Quattuor]]
[[nl:quattuor]]
[[pl:Quattuor]]
[[sv:quattuor]]</text>
<sha1>iz12bdhm0s458nhnlgkh8ifkbzlsedk</sha1>
</revision>
<revision>
<id>37679</id>
<parentid>29571</parentid>
<timestamp>2005-08-30T22:21:18Z</timestamp>
<contributor>
<username>RobotGMwikt</username>
<id>407</id>
</contributor>
<minor />
<comment>robot  Modificando: pl</comment>
<model>wikitext</model>
<format>text/x-wiki</format>
<text bytes="482" xml:space="preserve">==Latim==

=== Numeral ===
'''quat.tu.or''' ''numeral cardinal'' ''invariável''


:*O número ''[[quatro]]''  (4).

=== Declinação ===

Todos os casos: [[quattuor]] ou [[quatuor]]

=== Variação ===
:* quatuor

=== Ordinal equivalente ===


:* [[quartus]]

=== Outros verbetes ===

[[tres]], [[quinque]]
[[Categoria:Numeral (Latim)|# 000004]] [[Categoria:Latim]]

[[en:quattuor]]
[[gl:Quattuor]]
[[io:Quattuor]]
[[la:Quattuor]]
[[nl:quattuor]]
[[pl:quattuor]]
[[sv:quattuor]]</text>
<sha1>cm4a44nlbz7utgbqjyxzy23b8h3gdm2</sha1>
</revision>
<revision>
<id>54475</id>
<parentid>37679</parentid>
<timestamp>2005-12-18T20:05:42Z</timestamp>
<contributor>
<username>RobotGMwikt</username>
<id>407</id>
</contributor>
<minor />
<comment>robot  Adicionando: fr</comment>
<model>wikitext</model>
<format>text/x-wiki</format>
<text bytes="498" xml:space="preserve">==Latim==

=== Numeral ===
'''quat.tu.or''' ''numeral cardinal'' ''invariável''


:*O número ''[[quatro]]''  (4).

=== Declinação ===

Todos os casos: [[quattuor]] ou [[quatuor]]

=== Variação ===
:* quatuor

=== Ordinal equivalente ===


:* [[quartus]]

=== Outros verbetes ===

[[tres]], [[quinque]]
[[Categoria:Numeral (Latim)|# 000004]] [[Categoria:Latim]]

[[en:quattuor]]
[[fr:quattuor]]
[[gl:Quattuor]]
[[io:Quattuor]]
[[la:Quattuor]]
[[nl:quattuor]]
[[pl:quattuor]]
[[sv:quattuor]]</text>
<sha1>f8l058u7cqls6bvjzv9dfp1o8gzixvz</sha1>
</revision>
<revision>
<id>70555</id>
<parentid>54475</parentid>
<timestamp>2006-02-14T09:11:12Z</timestamp>
<contributor>
<username>RobotGMwikt</username>
<id>407</id>
</contributor>
<minor />
<comment>Bot:  Adicionando: sr</comment>
<model>wikitext</model>
<format>text/x-wiki</format>
<text bytes="513" xml:space="preserve">==Latim==

=== Numeral ===
'''quat.tu.or''' ''numeral cardinal'' ''invariável''


:*O número ''[[quatro]]''  (4).

=== Declinação ===

Todos os casos: [[quattuor]] ou [[quatuor]]

=== Variação ===
:* quatuor

=== Ordinal equivalente ===


:* [[quartus]]

=== Outros verbetes ===

[[tres]], [[quinque]]
[[Categoria:Numeral (Latim)|# 000004]] [[Categoria:Latim]]
[[en:quattuor]]
[[fr:quattuor]]
[[gl:Quattuor]]
[[io:Quattuor]]
[[la:Quattuor]]
[[nl:quattuor]]
[[pl:quattuor]]
[[sr:Quattuor]]
[[sv:quattuor]]</text>
<sha1>14tolk0b693kpsh3fo9hbwfl6nazh6i</sha1>
</revision>
<revision>
<id>89260</id>
<parentid>70555</parentid>
<timestamp>2006-02-23T00:55:08Z</timestamp>
<contributor>
<username>Conversion script</username>
<id>0</id>
</contributor>
<minor />
<comment>[[Quattuor]] movido para [[quattuor]]: Converting page titles to lowercase</comment>
<model>wikitext</model>
<format>text/x-wiki</format>
<text bytes="513" xml:space="preserve">==Latim==

=== Numeral ===
'''quat.tu.or''' ''numeral cardinal'' ''invariável''


:*O número ''[[quatro]]''  (4).

=== Declinação ===

Todos os casos: [[quattuor]] ou [[quatuor]]

=== Variação ===
:* quatuor

=== Ordinal equivalente ===


:* [[quartus]]

=== Outros verbetes ===

[[tres]], [[quinque]]
[[Categoria:Numeral (Latim)|# 000004]] [[Categoria:Latim]]
[[en:quattuor]]
[[fr:quattuor]]
[[gl:Quattuor]]
[[io:Quattuor]]
[[la:Quattuor]]
[[nl:quattuor]]
[[pl:quattuor]]
[[sr:Quattuor]]
[[sv:quattuor]]</text>
<sha1>14tolk0b693kpsh3fo9hbwfl6nazh6i</sha1>
</revision>
<revision>
<id>100090</id>
<parentid>89260</parentid>
<timestamp>2006-02-28T23:25:33Z</timestamp>
<contributor>
<username>RobotGMwikt</username>
<id>407</id>
</contributor>
<minor />
<comment>Bot:  Adicionando: zh Modificando: gl, io, la, sr</comment>
<model>wikitext</model>
<format>text/x-wiki</format>
<text bytes="530" xml:space="preserve">==Latim==

=== Numeral ===
'''quat.tu.or''' ''numeral cardinal'' ''invariável''


:*O número ''[[quatro]]''  (4).

=== Declinação ===

Todos os casos: [[quattuor]] ou [[quatuor]]

=== Variação ===
:* quatuor

=== Ordinal equivalente ===


:* [[quartus]]

=== Outros verbetes ===

[[tres]], [[quinque]]
[[Categoria:Numeral (Latim)|# 000004]] [[Categoria:Latim]]

[[en:quattuor]]
[[fr:quattuor]]
[[gl:quattuor]]
[[io:quattuor]]
[[la:quattuor]]
[[nl:quattuor]]
[[pl:quattuor]]
[[sr:quattuor]]
[[sv:quattuor]]
[[zh:quattuor]]</text>
<sha1>hhlnvxsso9udrp7bhm05bphietbfk68</sha1>
</revision>
<revision>
<id>106621</id>
<parentid>100090</parentid>
<timestamp>2006-03-16T00:51:42Z</timestamp>
<contributor>
<username>RobotGMwikt</username>
<id>407</id>
</contributor>
<minor />
<comment>Bot:  Adicionando: ko</comment>
<model>wikitext</model>
<format>text/x-wiki</format>
<text bytes="546" xml:space="preserve">==Latim==

=== Numeral ===
'''quat.tu.or''' ''numeral cardinal'' ''invariável''


:*O número ''[[quatro]]''  (4).

=== Declinação ===

Todos os casos: [[quattuor]] ou [[quatuor]]

=== Variação ===
:* quatuor

=== Ordinal equivalente ===


:* [[quartus]]

=== Outros verbetes ===

[[tres]], [[quinque]]
[[Categoria:Numeral (Latim)|# 000004]] [[Categoria:Latim]]

[[en:quattuor]]
[[fr:quattuor]]
[[gl:quattuor]]
[[io:quattuor]]
[[ko:quattuor]]
[[la:quattuor]]
[[nl:quattuor]]
[[pl:quattuor]]
[[sr:quattuor]]
[[sv:quattuor]]
[[zh:quattuor]]</text>
<sha1>gln7lxob8fi1khxhxe2ydhy8aua3l9c</sha1>
</revision>
<revision>
<id>204875</id>
<parentid>106621</parentid>
<timestamp>2006-12-04T15:21:11Z</timestamp>
<contributor>
<username>RobotGMwikt</username>
<id>407</id>
</contributor>
<minor />
<comment>Bot:  Adicionando: [[it:quattuor]]</comment>
<model>wikitext</model>
<format>text/x-wiki</format>
<text bytes="562" xml:space="preserve">==Latim==

=== Numeral ===
'''quat.tu.or''' ''numeral cardinal'' ''invariável''


:*O número ''[[quatro]]''  (4).

=== Declinação ===

Todos os casos: [[quattuor]] ou [[quatuor]]

=== Variação ===
:* quatuor

=== Ordinal equivalente ===


:* [[quartus]]

=== Outros verbetes ===

[[tres]], [[quinque]]
[[Categoria:Numeral (Latim)|# 000004]] [[Categoria:Latim]]

[[en:quattuor]]
[[fr:quattuor]]
[[gl:quattuor]]
[[io:quattuor]]
[[it:quattuor]]
[[ko:quattuor]]
[[la:quattuor]]
[[nl:quattuor]]
[[pl:quattuor]]
[[sr:quattuor]]
[[sv:quattuor]]
[[zh:quattuor]]</text>
<sha1>cu3yvgds9y1ex7gq7h6b0dqm0qo5lk6</sha1>
</revision>
<revision>
<id>245880</id>
<parentid>204875</parentid>
<timestamp>2007-03-18T00:23:04Z</timestamp>
<contributor>
<username>RobotGMwikt</username>
<id>407</id>
</contributor>
<minor />
<comment>Bot:  Adicionando: [[tr:quattuor]]</comment>
<model>wikitext</model>
<format>text/x-wiki</format>
<text bytes="578" xml:space="preserve">==Latim==

=== Numeral ===
'''quat.tu.or''' ''numeral cardinal'' ''invariável''


:*O número ''[[quatro]]''  (4).

=== Declinação ===

Todos os casos: [[quattuor]] ou [[quatuor]]

=== Variação ===
:* quatuor

=== Ordinal equivalente ===


:* [[quartus]]

=== Outros verbetes ===

[[tres]], [[quinque]]
[[Categoria:Numeral (Latim)|# 000004]] [[Categoria:Latim]]

[[en:quattuor]]
[[fr:quattuor]]
[[gl:quattuor]]
[[io:quattuor]]
[[it:quattuor]]
[[ko:quattuor]]
[[la:quattuor]]
[[nl:quattuor]]
[[pl:quattuor]]
[[sr:quattuor]]
[[sv:quattuor]]
[[tr:quattuor]]
[[zh:quattuor]]</text>
<sha1>6dl2zlqc98ke68xr9krajmzxcskomqd</sha1>
</revision>
<revision>
<id>266262</id>
<parentid>245880</parentid>
<timestamp>2007-05-26T18:18:36Z</timestamp>
<contributor>
<username>RobotGMwikt</username>
<id>407</id>
</contributor>
<minor />
<comment>Bot:  Adicionando: [[ru:quattuor]]</comment>
<model>wikitext</model>
<format>text/x-wiki</format>
<text bytes="594" xml:space="preserve">==Latim==

=== Numeral ===
'''quat.tu.or''' ''numeral cardinal'' ''invariável''


:*O número ''[[quatro]]''  (4).

=== Declinação ===

Todos os casos: [[quattuor]] ou [[quatuor]]

=== Variação ===
:* quatuor

=== Ordinal equivalente ===


:* [[quartus]]

=== Outros verbetes ===

[[tres]], [[quinque]]
[[Categoria:Numeral (Latim)|# 000004]] [[Categoria:Latim]]

[[en:quattuor]]
[[fr:quattuor]]
[[gl:quattuor]]
[[io:quattuor]]
[[it:quattuor]]
[[ko:quattuor]]
[[la:quattuor]]
[[nl:quattuor]]
[[pl:quattuor]]
[[ru:quattuor]]
[[sr:quattuor]]
[[sv:quattuor]]
[[tr:quattuor]]
[[zh:quattuor]]</text>
<sha1>dl6g7ej27xsmem4z4o8pno6ig0kc3re</sha1>
</revision>
<revision>
<id>276183</id>
<parentid>266262</parentid>
<timestamp>2007-06-24T03:43:58Z</timestamp>
<contributor>
<ip>201.89.162.84</ip>
</contributor>
<model>wikitext</model>
<format>text/x-wiki</format>
<text bytes="645" xml:space="preserve">={{la}}=
=={{num}}==
'''quat.tu.or''' ''cardinal'', ''invariável''
:# [[quatro]], [[número]] [[representado]] [[por]] '''4''' em [[algarismo]]s [[arábico]]s e [[por]] '''[[IV]]''' em [[algarismo]]s [[romano]]s.

===Sinónimos===
* [[quatuor]]

=={{vertb}}==
===No Wikcionário===
* [[quartus]]
* [[Apêndice:Números]]
{{números/la}}

[[Categoria:Numeral Cardinal (Latim)|# 000004]]
[[Categoria:Trissílabo (Latim)]]

[[en:quattuor]]
[[fr:quattuor]]
[[gl:quattuor]]
[[io:quattuor]]
[[it:quattuor]]
[[ko:quattuor]]
[[la:quattuor]]
[[nl:quattuor]]
[[pl:quattuor]]
[[ru:quattuor]]
[[sr:quattuor]]
[[sv:quattuor]]
[[tr:quattuor]]
[[zh:quattuor]]</text>
<sha1>2ykrk37ni4j7l2oznn185bxsl8939am</sha1>
</revision>
<revision>
<id>293571</id>
<parentid>276183</parentid>
<timestamp>2007-08-26T18:56:40Z</timestamp>
<contributor>
<username>Eusbarbosa</username>
<id>117</id>
</contributor>
<minor />
<model>wikitext</model>
<format>text/x-wiki</format>
<text bytes="636" xml:space="preserve">={{la}}=
=={{num}}==
'''quat.tu.or''' ''cardinal'', ''invariável''
:# [[quatro]], [[número]] [[representado]] [[por]] '''4''' em [[algarismo]]s [[arábico]]s e [[por]] '''[[IV]]''' em [[algarismo]]s [[romano]]s.

===Sinónimos===
* [[quatuor]]

=={{vertb}}==
===No Wikcionário===
* [[quartus]]
* [[Apêndice:Números]]
{{números/la}}

[[Categoria:Numeral (Latim)|# 000004]]
[[Categoria:Trissílabo (Latim)]]

[[en:quattuor]]
[[fr:quattuor]]
[[gl:quattuor]]
[[io:quattuor]]
[[it:quattuor]]
[[ko:quattuor]]
[[la:quattuor]]
[[nl:quattuor]]
[[pl:quattuor]]
[[ru:quattuor]]
[[sr:quattuor]]
[[sv:quattuor]]
[[tr:quattuor]]
[[zh:quattuor]]</text>
<sha1>ou1t7fv2p5hdcetewbk08u7chg70g7h</sha1>
</revision>
<revision>
<id>368104</id>
<parentid>293571</parentid>
<timestamp>2008-07-17T10:42:21Z</timestamp>
<contributor>
<username>SpaceBirdyBot</username>
<id>973</id>
</contributor>
<minor />
<comment>Bot:  Adicionando: fi, fy, is, lt, uk</comment>
<model>wikitext</model>
<format>text/x-wiki</format>
<text bytes="716" xml:space="preserve">={{la}}=
=={{num}}==
'''quat.tu.or''' ''cardinal'', ''invariável''
:# [[quatro]], [[número]] [[representado]] [[por]] '''4''' em [[algarismo]]s [[arábico]]s e [[por]] '''[[IV]]''' em [[algarismo]]s [[romano]]s.

===Sinónimos===
* [[quatuor]]

=={{vertb}}==
===No Wikcionário===
* [[quartus]]
* [[Apêndice:Números]]
{{números/la}}

[[Categoria:Numeral (Latim)|# 000004]]
[[Categoria:Trissílabo (Latim)]]

[[en:quattuor]]
[[fi:quattuor]]
[[fr:quattuor]]
[[fy:quattuor]]
[[gl:quattuor]]
[[io:quattuor]]
[[is:quattuor]]
[[it:quattuor]]
[[ko:quattuor]]
[[la:quattuor]]
[[lt:quattuor]]
[[nl:quattuor]]
[[pl:quattuor]]
[[ru:quattuor]]
[[sr:quattuor]]
[[sv:quattuor]]
[[tr:quattuor]]
[[uk:quattuor]]
[[zh:quattuor]]</text>
<sha1>bdmv8rlnlt7j8futs2lbnjp9ya69ajk</sha1>
</revision>
<revision>
<id>449284</id>
<parentid>368104</parentid>
<timestamp>2009-04-17T16:45:27Z</timestamp>
<contributor>
<username>Interwicket</username>
<id>6868</id>
</contributor>
<minor />
<comment>iwiki +[[:th:quattuor]]</comment>
<model>wikitext</model>
<format>text/x-wiki</format>
<text bytes="732" xml:space="preserve">={{la}}=
=={{num}}==
'''quat.tu.or''' ''cardinal'', ''invariável''
:# [[quatro]], [[número]] [[representado]] [[por]] '''4''' em [[algarismo]]s [[arábico]]s e [[por]] '''[[IV]]''' em [[algarismo]]s [[romano]]s.

===Sinónimos===
* [[quatuor]]

=={{vertb}}==
===No Wikcionário===
* [[quartus]]
* [[Apêndice:Números]]
{{números/la}}

[[Categoria:Numeral (Latim)|# 000004]]
[[Categoria:Trissílabo (Latim)]]

[[en:quattuor]]
[[fi:quattuor]]
[[fr:quattuor]]
[[fy:quattuor]]
[[gl:quattuor]]
[[io:quattuor]]
[[is:quattuor]]
[[it:quattuor]]
[[ko:quattuor]]
[[la:quattuor]]
[[lt:quattuor]]
[[nl:quattuor]]
[[pl:quattuor]]
[[ru:quattuor]]
[[sr:quattuor]]
[[sv:quattuor]]
[[th:quattuor]]
[[tr:quattuor]]
[[uk:quattuor]]
[[zh:quattuor]]</text>
<sha1>qx9bl1blemcol5zj9y84yma0atab4ns</sha1>
</revision>
<revision>
<id>527038</id>
<parentid>449284</parentid>
<timestamp>2009-09-02T11:08:59Z</timestamp>
<contributor>
<username>Interwicket</username>
<id>6868</id>
</contributor>
<minor />
<comment>iwiki +[[:hr:quattuor]]</comment>
<model>wikitext</model>
<format>text/x-wiki</format>
<text bytes="748" xml:space="preserve">={{la}}=
=={{num}}==
'''quat.tu.or''' ''cardinal'', ''invariável''
:# [[quatro]], [[número]] [[representado]] [[por]] '''4''' em [[algarismo]]s [[arábico]]s e [[por]] '''[[IV]]''' em [[algarismo]]s [[romano]]s.

===Sinónimos===
* [[quatuor]]

=={{vertb}}==
===No Wikcionário===
* [[quartus]]
* [[Apêndice:Números]]
{{números/la}}

[[Categoria:Numeral (Latim)|# 000004]]
[[Categoria:Trissílabo (Latim)]]

[[en:quattuor]]
[[fi:quattuor]]
[[fr:quattuor]]
[[fy:quattuor]]
[[gl:quattuor]]
[[hr:quattuor]]
[[io:quattuor]]
[[is:quattuor]]
[[it:quattuor]]
[[ko:quattuor]]
[[la:quattuor]]
[[lt:quattuor]]
[[nl:quattuor]]
[[pl:quattuor]]
[[ru:quattuor]]
[[sr:quattuor]]
[[sv:quattuor]]
[[th:quattuor]]
[[tr:quattuor]]
[[uk:quattuor]]
[[zh:quattuor]]</text>
<sha1>hdg5b30g6i43g3lkb111ovl8u1a0hue</sha1>
</revision>
<revision>
<id>793202</id>
<parentid>527038</parentid>
<timestamp>2010-02-17T17:31:46Z</timestamp>
<contributor>
<username>Jesielt-bot</username>
<id>10876</id>
</contributor>
<comment>/* {{num}} */replaced: {{num}} → Numeral utilizando [[Project:AWB|AWB]]</comment>
<model>wikitext</model>
<format>text/x-wiki</format>
<text bytes="748" xml:space="preserve">={{la}}=
==Numeral==
'''quat.tu.or''' ''cardinal'', ''invariável''
:# [[quatro]], [[número]] [[representado]] [[por]] '''4''' em [[algarismo]]s [[arábico]]s e [[por]] '''[[IV]]''' em [[algarismo]]s [[romano]]s.

===Sinónimos===
* [[quatuor]]

=={{vertb}}==
===No Wikcionário===
* [[quartus]]
* [[Apêndice:Números]]
{{números/la}}

[[Categoria:Numeral (Latim)|# 000004]]
[[Categoria:Trissílabo (Latim)]]

[[en:quattuor]]
[[fi:quattuor]]
[[fr:quattuor]]
[[fy:quattuor]]
[[gl:quattuor]]
[[hr:quattuor]]
[[io:quattuor]]
[[is:quattuor]]
[[it:quattuor]]
[[ko:quattuor]]
[[la:quattuor]]
[[lt:quattuor]]
[[nl:quattuor]]
[[pl:quattuor]]
[[ru:quattuor]]
[[sr:quattuor]]
[[sv:quattuor]]
[[th:quattuor]]
[[tr:quattuor]]
[[uk:quattuor]]
[[zh:quattuor]]</text>
<sha1>cci3zapd202qimt09g5u31g5dgfvuyj</sha1>
</revision>
<revision>
<id>905224</id>
<parentid>793202</parentid>
<timestamp>2010-06-22T19:07:19Z</timestamp>
<contributor>
<username>Interwicket</username>
<id>6868</id>
</contributor>
<minor />
<comment>iwiki +[[:de:quattuor]]</comment>
<model>wikitext</model>
<format>text/x-wiki</format>
<text bytes="764" xml:space="preserve">={{la}}=
==Numeral==
'''quat.tu.or''' ''cardinal'', ''invariável''
:# [[quatro]], [[número]] [[representado]] [[por]] '''4''' em [[algarismo]]s [[arábico]]s e [[por]] '''[[IV]]''' em [[algarismo]]s [[romano]]s.

===Sinónimos===
* [[quatuor]]

=={{vertb}}==
===No Wikcionário===
* [[quartus]]
* [[Apêndice:Números]]
{{números/la}}

[[Categoria:Numeral (Latim)|# 000004]]
[[Categoria:Trissílabo (Latim)]]

[[de:quattuor]]
[[en:quattuor]]
[[fi:quattuor]]
[[fr:quattuor]]
[[fy:quattuor]]
[[gl:quattuor]]
[[hr:quattuor]]
[[io:quattuor]]
[[is:quattuor]]
[[it:quattuor]]
[[ko:quattuor]]
[[la:quattuor]]
[[lt:quattuor]]
[[nl:quattuor]]
[[pl:quattuor]]
[[ru:quattuor]]
[[sr:quattuor]]
[[sv:quattuor]]
[[th:quattuor]]
[[tr:quattuor]]
[[uk:quattuor]]
[[zh:quattuor]]</text>
<sha1>brvp9tz62aqxvsuteo6nl3j8qw70lzs</sha1>
</revision>
<revision>
<id>1019516</id>
<parentid>905224</parentid>
<timestamp>2011-01-29T22:00:00Z</timestamp>
<contributor>
<username>Luckas-bot</username>
<id>5986</id>
</contributor>
<minor />
<comment>r2.7.1) (Bot: Adicionando: [[hu:quattuor]]</comment>
<model>wikitext</model>
<format>text/x-wiki</format>
<text bytes="780" xml:space="preserve">={{la}}=
==Numeral==
'''quat.tu.or''' ''cardinal'', ''invariável''
:# [[quatro]], [[número]] [[representado]] [[por]] '''4''' em [[algarismo]]s [[arábico]]s e [[por]] '''[[IV]]''' em [[algarismo]]s [[romano]]s.

===Sinónimos===
* [[quatuor]]

=={{vertb}}==
===No Wikcionário===
* [[quartus]]
* [[Apêndice:Números]]
{{números/la}}

[[Categoria:Numeral (Latim)|# 000004]]
[[Categoria:Trissílabo (Latim)]]

[[de:quattuor]]
[[en:quattuor]]
[[fi:quattuor]]
[[fr:quattuor]]
[[fy:quattuor]]
[[gl:quattuor]]
[[hr:quattuor]]
[[hu:quattuor]]
[[io:quattuor]]
[[is:quattuor]]
[[it:quattuor]]
[[ko:quattuor]]
[[la:quattuor]]
[[lt:quattuor]]
[[nl:quattuor]]
[[pl:quattuor]]
[[ru:quattuor]]
[[sr:quattuor]]
[[sv:quattuor]]
[[th:quattuor]]
[[tr:quattuor]]
[[uk:quattuor]]
[[zh:quattuor]]</text>
<sha1>fs9h2wjwjpxxb1nysbzqokdat5kiehh</sha1>
</revision>
<revision>
<id>1316482</id>
<parentid>1019516</parentid>
<timestamp>2011-12-02T13:58:02Z</timestamp>
<contributor>
<username>MalafayaBot</username>
<id>628</id>
</contributor>
<minor />
<comment>Robô: Substituição de texto automática (-^\=(\s*?)(\{\{la\}\}|Latim)(\s*?)\= +={{-la-}}=)</comment>
<model>wikitext</model>
<format>text/x-wiki</format>
<text bytes="782" xml:space="preserve">={{-la-}}=
==Numeral==
'''quat.tu.or''' ''cardinal'', ''invariável''
:# [[quatro]], [[número]] [[representado]] [[por]] '''4''' em [[algarismo]]s [[arábico]]s e [[por]] '''[[IV]]''' em [[algarismo]]s [[romano]]s.

===Sinónimos===
* [[quatuor]]

=={{vertb}}==
===No Wikcionário===
* [[quartus]]
* [[Apêndice:Números]]
{{números/la}}

[[Categoria:Numeral (Latim)|# 000004]]
[[Categoria:Trissílabo (Latim)]]

[[de:quattuor]]
[[en:quattuor]]
[[fi:quattuor]]
[[fr:quattuor]]
[[fy:quattuor]]
[[gl:quattuor]]
[[hr:quattuor]]
[[hu:quattuor]]
[[io:quattuor]]
[[is:quattuor]]
[[it:quattuor]]
[[ko:quattuor]]
[[la:quattuor]]
[[lt:quattuor]]
[[nl:quattuor]]
[[pl:quattuor]]
[[ru:quattuor]]
[[sr:quattuor]]
[[sv:quattuor]]
[[th:quattuor]]
[[tr:quattuor]]
[[uk:quattuor]]
[[zh:quattuor]]</text>
<sha1>75v3i69wv79dhpsju1alm9ies1pmz0b</sha1>
</revision>
<revision>
<id>1530453</id>
<parentid>1316482</parentid>
<timestamp>2012-11-29T12:26:05Z</timestamp>
<contributor>
<username>VJBot</username>
<id>33673</id>
</contributor>
<minor />
<comment>Robô: Substituição de texto automática  (-{{vertb}} +Ver também)</comment>
<model>wikitext</model>
<format>text/x-wiki</format>
<text bytes="784" xml:space="preserve">={{-la-}}=
==Numeral==
'''quat.tu.or''' ''cardinal'', ''invariável''
:# [[quatro]], [[número]] [[representado]] [[por]] '''4''' em [[algarismo]]s [[arábico]]s e [[por]] '''[[IV]]''' em [[algarismo]]s [[romano]]s.

===Sinónimos===
* [[quatuor]]

==Ver também==
===No Wikcionário===
* [[quartus]]
* [[Apêndice:Números]]
{{números/la}}

[[Categoria:Numeral (Latim)|# 000004]]
[[Categoria:Trissílabo (Latim)]]

[[de:quattuor]]
[[en:quattuor]]
[[fi:quattuor]]
[[fr:quattuor]]
[[fy:quattuor]]
[[gl:quattuor]]
[[hr:quattuor]]
[[hu:quattuor]]
[[io:quattuor]]
[[is:quattuor]]
[[it:quattuor]]
[[ko:quattuor]]
[[la:quattuor]]
[[lt:quattuor]]
[[nl:quattuor]]
[[pl:quattuor]]
[[ru:quattuor]]
[[sr:quattuor]]
[[sv:quattuor]]
[[th:quattuor]]
[[tr:quattuor]]
[[uk:quattuor]]
[[zh:quattuor]]</text>
<sha1>msp30pb3ghelzccqzdsuesp77fedo8w</sha1>
</revision>
<revision>
<id>1663376</id>
<parentid>1530453</parentid>
<timestamp>2013-03-02T12:30:42Z</timestamp>
<contributor>
<username>KamikazeBot</username>
<id>23176</id>
</contributor>
<minor />
<comment>r2.7.3) (Robô: A adicionar: [[es:quattuor]], [[mg:quattuor]]</comment>
<model>wikitext</model>
<format>text/x-wiki</format>
<text bytes="816" xml:space="preserve">={{-la-}}=
==Numeral==
'''quat.tu.or''' ''cardinal'', ''invariável''
:# [[quatro]], [[número]] [[representado]] [[por]] '''4''' em [[algarismo]]s [[arábico]]s e [[por]] '''[[IV]]''' em [[algarismo]]s [[romano]]s.

===Sinónimos===
* [[quatuor]]

==Ver também==
===No Wikcionário===
* [[quartus]]
* [[Apêndice:Números]]
{{números/la}}

[[Categoria:Numeral (Latim)|# 000004]]
[[Categoria:Trissílabo (Latim)]]

[[de:quattuor]]
[[en:quattuor]]
[[es:quattuor]]
[[fi:quattuor]]
[[fr:quattuor]]
[[fy:quattuor]]
[[gl:quattuor]]
[[hr:quattuor]]
[[hu:quattuor]]
[[io:quattuor]]
[[is:quattuor]]
[[it:quattuor]]
[[ko:quattuor]]
[[la:quattuor]]
[[lt:quattuor]]
[[mg:quattuor]]
[[nl:quattuor]]
[[pl:quattuor]]
[[ru:quattuor]]
[[sr:quattuor]]
[[sv:quattuor]]
[[th:quattuor]]
[[tr:quattuor]]
[[uk:quattuor]]
[[zh:quattuor]]</text>
<sha1>dogzs5jvs42q3favdvn5ouk4frcuzwn</sha1>
</revision>
<revision>
<id>1702369</id>
<parentid>1663376</parentid>
<timestamp>2013-07-20T01:34:50Z</timestamp>
<contributor>
<username>HydrizBot</username>
<id>29590</id>
</contributor>
<minor />
<comment>r2.7.3) (Robô: A adicionar: [[ku:quattuor]]</comment>
<model>wikitext</model>
<format>text/x-wiki</format>
<text bytes="832" xml:space="preserve">={{-la-}}=
==Numeral==
'''quat.tu.or''' ''cardinal'', ''invariável''
:# [[quatro]], [[número]] [[representado]] [[por]] '''4''' em [[algarismo]]s [[arábico]]s e [[por]] '''[[IV]]''' em [[algarismo]]s [[romano]]s.

===Sinónimos===
* [[quatuor]]

==Ver também==
===No Wikcionário===
* [[quartus]]
* [[Apêndice:Números]]
{{números/la}}

[[Categoria:Numeral (Latim)|# 000004]]
[[Categoria:Trissílabo (Latim)]]

[[de:quattuor]]
[[en:quattuor]]
[[es:quattuor]]
[[fi:quattuor]]
[[fr:quattuor]]
[[fy:quattuor]]
[[gl:quattuor]]
[[hr:quattuor]]
[[hu:quattuor]]
[[io:quattuor]]
[[is:quattuor]]
[[it:quattuor]]
[[ko:quattuor]]
[[ku:quattuor]]
[[la:quattuor]]
[[lt:quattuor]]
[[mg:quattuor]]
[[nl:quattuor]]
[[pl:quattuor]]
[[ru:quattuor]]
[[sr:quattuor]]
[[sv:quattuor]]
[[th:quattuor]]
[[tr:quattuor]]
[[uk:quattuor]]
[[zh:quattuor]]</text>
<sha1>b6kybnb6lj10bf1n03weg52weffwib4</sha1>
</revision>
<revision>
<id>1715210</id>
<parentid>1702369</parentid>
<timestamp>2013-08-19T11:54:42Z</timestamp>
<contributor>
<username>HydrizBot</username>
<id>29590</id>
</contributor>
<minor />
<comment>r2.7.3) (Robô: A adicionar: [[chr:quattuor]]</comment>
<model>wikitext</model>
<format>text/x-wiki</format>
<text bytes="849" xml:space="preserve">={{-la-}}=
==Numeral==
'''quat.tu.or''' ''cardinal'', ''invariável''
:# [[quatro]], [[número]] [[representado]] [[por]] '''4''' em [[algarismo]]s [[arábico]]s e [[por]] '''[[IV]]''' em [[algarismo]]s [[romano]]s.

===Sinónimos===
* [[quatuor]]

==Ver também==
===No Wikcionário===
* [[quartus]]
* [[Apêndice:Números]]
{{números/la}}

[[Categoria:Numeral (Latim)|# 000004]]
[[Categoria:Trissílabo (Latim)]]

[[chr:quattuor]]
[[de:quattuor]]
[[en:quattuor]]
[[es:quattuor]]
[[fi:quattuor]]
[[fr:quattuor]]
[[fy:quattuor]]
[[gl:quattuor]]
[[hr:quattuor]]
[[hu:quattuor]]
[[io:quattuor]]
[[is:quattuor]]
[[it:quattuor]]
[[ko:quattuor]]
[[ku:quattuor]]
[[la:quattuor]]
[[lt:quattuor]]
[[mg:quattuor]]
[[nl:quattuor]]
[[pl:quattuor]]
[[ru:quattuor]]
[[sr:quattuor]]
[[sv:quattuor]]
[[th:quattuor]]
[[tr:quattuor]]
[[uk:quattuor]]
[[zh:quattuor]]</text>
<sha1>gqcxuyava3fk2swc5bnga5iw21vo67x</sha1>
</revision>
<revision>
<id>1789497</id>
<parentid>1715210</parentid>
<timestamp>2013-12-19T00:35:44Z</timestamp>
<contributor>
<username>MalafayaBot</username>
<id>628</id>
</contributor>
<minor />
<comment>r2.7.5) (Robô: A adicionar: [[et:quattuor]]</comment>
<model>wikitext</model>
<format>text/x-wiki</format>
<text bytes="865" xml:space="preserve">={{-la-}}=
==Numeral==
'''quat.tu.or''' ''cardinal'', ''invariável''
:# [[quatro]], [[número]] [[representado]] [[por]] '''4''' em [[algarismo]]s [[arábico]]s e [[por]] '''[[IV]]''' em [[algarismo]]s [[romano]]s.

===Sinónimos===
* [[quatuor]]

==Ver também==
===No Wikcionário===
* [[quartus]]
* [[Apêndice:Números]]
{{números/la}}

[[Categoria:Numeral (Latim)|# 000004]]
[[Categoria:Trissílabo (Latim)]]

[[chr:quattuor]]
[[de:quattuor]]
[[en:quattuor]]
[[es:quattuor]]
[[et:quattuor]]
[[fi:quattuor]]
[[fr:quattuor]]
[[fy:quattuor]]
[[gl:quattuor]]
[[hr:quattuor]]
[[hu:quattuor]]
[[io:quattuor]]
[[is:quattuor]]
[[it:quattuor]]
[[ko:quattuor]]
[[ku:quattuor]]
[[la:quattuor]]
[[lt:quattuor]]
[[mg:quattuor]]
[[nl:quattuor]]
[[pl:quattuor]]
[[ru:quattuor]]
[[sr:quattuor]]
[[sv:quattuor]]
[[th:quattuor]]
[[tr:quattuor]]
[[uk:quattuor]]
[[zh:quattuor]]</text>
<sha1>eswlwogv5q94h0jn0bm9nrn6gpf10j7</sha1>
</revision>
<revision>
<id>1814015</id>
<parentid>1789497</parentid>
<timestamp>2014-03-10T08:30:32Z</timestamp>
<contributor>
<username>YS-Bot</username>
<id>32241</id>
</contributor>
<minor />
<comment>r2.7.3) (Robô: A adicionar: [[da:quattuor]]</comment>
<model>wikitext</model>
<format>text/x-wiki</format>
<text bytes="881" xml:space="preserve">={{-la-}}=
==Numeral==
'''quat.tu.or''' ''cardinal'', ''invariável''
:# [[quatro]], [[número]] [[representado]] [[por]] '''4''' em [[algarismo]]s [[arábico]]s e [[por]] '''[[IV]]''' em [[algarismo]]s [[romano]]s.

===Sinónimos===
* [[quatuor]]

==Ver também==
===No Wikcionário===
* [[quartus]]
* [[Apêndice:Números]]
{{números/la}}

[[Categoria:Numeral (Latim)|# 000004]]
[[Categoria:Trissílabo (Latim)]]

[[chr:quattuor]]
[[da:quattuor]]
[[de:quattuor]]
[[en:quattuor]]
[[es:quattuor]]
[[et:quattuor]]
[[fi:quattuor]]
[[fr:quattuor]]
[[fy:quattuor]]
[[gl:quattuor]]
[[hr:quattuor]]
[[hu:quattuor]]
[[io:quattuor]]
[[is:quattuor]]
[[it:quattuor]]
[[ko:quattuor]]
[[ku:quattuor]]
[[la:quattuor]]
[[lt:quattuor]]
[[mg:quattuor]]
[[nl:quattuor]]
[[pl:quattuor]]
[[ru:quattuor]]
[[sr:quattuor]]
[[sv:quattuor]]
[[th:quattuor]]
[[tr:quattuor]]
[[uk:quattuor]]
[[zh:quattuor]]</text>
<sha1>bh13jqigsk8ytr7hjz6aldlqxgbfpvr</sha1>
</revision>
<revision>
<id>1815001</id>
<parentid>1814015</parentid>
<timestamp>2014-03-17T22:35:29Z</timestamp>
<contributor>
<username>YS-Bot</username>
<id>32241</id>
</contributor>
<minor />
<comment>r2.7.3) (Robô: A adicionar: [[uz:quattuor]]</comment>
<model>wikitext</model>
<format>text/x-wiki</format>
<text bytes="897" xml:space="preserve">={{-la-}}=
==Numeral==
'''quat.tu.or''' ''cardinal'', ''invariável''
:# [[quatro]], [[número]] [[representado]] [[por]] '''4''' em [[algarismo]]s [[arábico]]s e [[por]] '''[[IV]]''' em [[algarismo]]s [[romano]]s.

===Sinónimos===
* [[quatuor]]

==Ver também==
===No Wikcionário===
* [[quartus]]
* [[Apêndice:Números]]
{{números/la}}

[[Categoria:Numeral (Latim)|# 000004]]
[[Categoria:Trissílabo (Latim)]]

[[chr:quattuor]]
[[da:quattuor]]
[[de:quattuor]]
[[en:quattuor]]
[[es:quattuor]]
[[et:quattuor]]
[[fi:quattuor]]
[[fr:quattuor]]
[[fy:quattuor]]
[[gl:quattuor]]
[[hr:quattuor]]
[[hu:quattuor]]
[[io:quattuor]]
[[is:quattuor]]
[[it:quattuor]]
[[ko:quattuor]]
[[ku:quattuor]]
[[la:quattuor]]
[[lt:quattuor]]
[[mg:quattuor]]
[[nl:quattuor]]
[[pl:quattuor]]
[[ru:quattuor]]
[[sr:quattuor]]
[[sv:quattuor]]
[[th:quattuor]]
[[tr:quattuor]]
[[uk:quattuor]]
[[uz:quattuor]]
[[zh:quattuor]]</text>
<sha1>e8yc0kpla1416ztouozzaut3tgqjfl3</sha1>
</revision>
<revision>
<id>1929247</id>
<parentid>1815001</parentid>
<timestamp>2015-05-10T16:18:19Z</timestamp>
<contributor>
<username>YS-Bot</username>
<id>32241</id>
</contributor>
<minor />
<comment>r2.7.3) (Robô: A adicionar: [[az:quattuor]], [[ja:quattuor]]</comment>
<model>wikitext</model>
<format>text/x-wiki</format>
<text bytes="929" xml:space="preserve">={{-la-}}=
==Numeral==
'''quat.tu.or''' ''cardinal'', ''invariável''
:# [[quatro]], [[número]] [[representado]] [[por]] '''4''' em [[algarismo]]s [[arábico]]s e [[por]] '''[[IV]]''' em [[algarismo]]s [[romano]]s.

===Sinónimos===
* [[quatuor]]

==Ver também==
===No Wikcionário===
* [[quartus]]
* [[Apêndice:Números]]
{{números/la}}

[[Categoria:Numeral (Latim)|# 000004]]
[[Categoria:Trissílabo (Latim)]]

[[az:quattuor]]
[[chr:quattuor]]
[[da:quattuor]]
[[de:quattuor]]
[[en:quattuor]]
[[es:quattuor]]
[[et:quattuor]]
[[fi:quattuor]]
[[fr:quattuor]]
[[fy:quattuor]]
[[gl:quattuor]]
[[hr:quattuor]]
[[hu:quattuor]]
[[io:quattuor]]
[[is:quattuor]]
[[it:quattuor]]
[[ja:quattuor]]
[[ko:quattuor]]
[[ku:quattuor]]
[[la:quattuor]]
[[lt:quattuor]]
[[mg:quattuor]]
[[nl:quattuor]]
[[pl:quattuor]]
[[ru:quattuor]]
[[sr:quattuor]]
[[sv:quattuor]]
[[th:quattuor]]
[[tr:quattuor]]
[[uk:quattuor]]
[[uz:quattuor]]
[[zh:quattuor]]</text>
<sha1>rad6wdjtdfjocm0bma64qpjafyo5dtz</sha1>
</revision>
<revision>
<id>1995187</id>
<parentid>1929247</parentid>
<timestamp>2015-09-03T05:36:38Z</timestamp>
<contributor>
<username>HydrizBot</username>
<id>29590</id>
</contributor>
<minor />
<comment>Robô: A adicionar: [[roa-rup:quattuor]]</comment>
<model>wikitext</model>
<format>text/x-wiki</format>
<text bytes="950" xml:space="preserve">={{-la-}}=
==Numeral==
'''quat.tu.or''' ''cardinal'', ''invariável''
:# [[quatro]], [[número]] [[representado]] [[por]] '''4''' em [[algarismo]]s [[arábico]]s e [[por]] '''[[IV]]''' em [[algarismo]]s [[romano]]s.

===Sinónimos===
* [[quatuor]]

==Ver também==
===No Wikcionário===
* [[quartus]]
* [[Apêndice:Números]]
{{números/la}}

[[Categoria:Numeral (Latim)|# 000004]]
[[Categoria:Trissílabo (Latim)]]

[[az:quattuor]]
[[chr:quattuor]]
[[da:quattuor]]
[[de:quattuor]]
[[en:quattuor]]
[[es:quattuor]]
[[et:quattuor]]
[[fi:quattuor]]
[[fr:quattuor]]
[[fy:quattuor]]
[[gl:quattuor]]
[[hr:quattuor]]
[[hu:quattuor]]
[[io:quattuor]]
[[is:quattuor]]
[[it:quattuor]]
[[ja:quattuor]]
[[ko:quattuor]]
[[ku:quattuor]]
[[la:quattuor]]
[[lt:quattuor]]
[[mg:quattuor]]
[[nl:quattuor]]
[[pl:quattuor]]
[[roa-rup:quattuor]]
[[ru:quattuor]]
[[sr:quattuor]]
[[sv:quattuor]]
[[th:quattuor]]
[[tr:quattuor]]
[[uk:quattuor]]
[[uz:quattuor]]
[[zh:quattuor]]</text>
<sha1>l0avz6rvc6vm9llxf8vr6ymdd67xfgu</sha1>
</revision>
<revision>
<id>2051605</id>
<parentid>1995187</parentid>
<timestamp>2015-12-29T23:06:55Z</timestamp>
<contributor>
<username>HydrizBot</username>
<id>29590</id>
</contributor>
<minor />
<comment>Robô: A adicionar: [[tt:quattuor]]</comment>
<model>wikitext</model>
<format>text/x-wiki</format>
<text bytes="966" xml:space="preserve">={{-la-}}=
==Numeral==
'''quat.tu.or''' ''cardinal'', ''invariável''
:# [[quatro]], [[número]] [[representado]] [[por]] '''4''' em [[algarismo]]s [[arábico]]s e [[por]] '''[[IV]]''' em [[algarismo]]s [[romano]]s.

===Sinónimos===
* [[quatuor]]

==Ver também==
===No Wikcionário===
* [[quartus]]
* [[Apêndice:Números]]
{{números/la}}

[[Categoria:Numeral (Latim)|# 000004]]
[[Categoria:Trissílabo (Latim)]]

[[az:quattuor]]
[[chr:quattuor]]
[[da:quattuor]]
[[de:quattuor]]
[[en:quattuor]]
[[es:quattuor]]
[[et:quattuor]]
[[fi:quattuor]]
[[fr:quattuor]]
[[fy:quattuor]]
[[gl:quattuor]]
[[hr:quattuor]]
[[hu:quattuor]]
[[io:quattuor]]
[[is:quattuor]]
[[it:quattuor]]
[[ja:quattuor]]
[[ko:quattuor]]
[[ku:quattuor]]
[[la:quattuor]]
[[lt:quattuor]]
[[mg:quattuor]]
[[nl:quattuor]]
[[pl:quattuor]]
[[roa-rup:quattuor]]
[[ru:quattuor]]
[[sr:quattuor]]
[[sv:quattuor]]
[[th:quattuor]]
[[tr:quattuor]]
[[tt:quattuor]]
[[uk:quattuor]]
[[uz:quattuor]]
[[zh:quattuor]]</text>
<sha1>a072o6hxllrpd82n1e0azmuz3uv2v7i</sha1>
</revision>
<revision>
<id>2077575</id>
<parentid>2051605</parentid>
<timestamp>2016-03-28T03:32:55Z</timestamp>
<contributor>
<username>HydrizBot</username>
<id>29590</id>
</contributor>
<minor />
<comment>Robô: A adicionar: [[co:quattuor]]</comment>
<model>wikitext</model>
<format>text/x-wiki</format>
<text bytes="982" xml:space="preserve">={{-la-}}=
==Numeral==
'''quat.tu.or''' ''cardinal'', ''invariável''
:# [[quatro]], [[número]] [[representado]] [[por]] '''4''' em [[algarismo]]s [[arábico]]s e [[por]] '''[[IV]]''' em [[algarismo]]s [[romano]]s.

===Sinónimos===
* [[quatuor]]

==Ver também==
===No Wikcionário===
* [[quartus]]
* [[Apêndice:Números]]
{{números/la}}

[[Categoria:Numeral (Latim)|# 000004]]
[[Categoria:Trissílabo (Latim)]]

[[az:quattuor]]
[[chr:quattuor]]
[[co:quattuor]]
[[da:quattuor]]
[[de:quattuor]]
[[en:quattuor]]
[[es:quattuor]]
[[et:quattuor]]
[[fi:quattuor]]
[[fr:quattuor]]
[[fy:quattuor]]
[[gl:quattuor]]
[[hr:quattuor]]
[[hu:quattuor]]
[[io:quattuor]]
[[is:quattuor]]
[[it:quattuor]]
[[ja:quattuor]]
[[ko:quattuor]]
[[ku:quattuor]]
[[la:quattuor]]
[[lt:quattuor]]
[[mg:quattuor]]
[[nl:quattuor]]
[[pl:quattuor]]
[[roa-rup:quattuor]]
[[ru:quattuor]]
[[sr:quattuor]]
[[sv:quattuor]]
[[th:quattuor]]
[[tr:quattuor]]
[[tt:quattuor]]
[[uk:quattuor]]
[[uz:quattuor]]
[[zh:quattuor]]</text>
<sha1>mkyzy2tf5dxyzfe2klb25cmcmml5fky</sha1>
</revision>
<revision>
<id>2219121</id>
<parentid>2077575</parentid>
<timestamp>2017-01-05T01:45:35Z</timestamp>
<contributor>
<username>UT-interwiki-Bot</username>
<id>56129</id>
</contributor>
<minor />
<comment>Robô: A adicionar: [[ca:quattuor]]</comment>
<model>wikitext</model>
<format>text/x-wiki</format>
<text bytes="998" xml:space="preserve">={{-la-}}=
==Numeral==
'''quat.tu.or''' ''cardinal'', ''invariável''
:# [[quatro]], [[número]] [[representado]] [[por]] '''4''' em [[algarismo]]s [[arábico]]s e [[por]] '''[[IV]]''' em [[algarismo]]s [[romano]]s.

===Sinónimos===
* [[quatuor]]

==Ver também==
===No Wikcionário===
* [[quartus]]
* [[Apêndice:Números]]
{{números/la}}

[[Categoria:Numeral (Latim)|# 000004]]
[[Categoria:Trissílabo (Latim)]]

[[az:quattuor]]
[[ca:quattuor]]
[[chr:quattuor]]
[[co:quattuor]]
[[da:quattuor]]
[[de:quattuor]]
[[en:quattuor]]
[[es:quattuor]]
[[et:quattuor]]
[[fi:quattuor]]
[[fr:quattuor]]
[[fy:quattuor]]
[[gl:quattuor]]
[[hr:quattuor]]
[[hu:quattuor]]
[[io:quattuor]]
[[is:quattuor]]
[[it:quattuor]]
[[ja:quattuor]]
[[ko:quattuor]]
[[ku:quattuor]]
[[la:quattuor]]
[[lt:quattuor]]
[[mg:quattuor]]
[[nl:quattuor]]
[[pl:quattuor]]
[[roa-rup:quattuor]]
[[ru:quattuor]]
[[sr:quattuor]]
[[sv:quattuor]]
[[th:quattuor]]
[[tr:quattuor]]
[[tt:quattuor]]
[[uk:quattuor]]
[[uz:quattuor]]
[[zh:quattuor]]</text>
<sha1>406sj9v41z867o40bn3tgrak45vg0pu</sha1>
</revision>
<revision>
<id>2247093</id>
<parentid>2219121</parentid>
<timestamp>2017-03-02T04:32:17Z</timestamp>
<contributor>
<username>UT-interwiki-Bot</username>
<id>56129</id>
</contributor>
<minor />
<comment>Robô: A adicionar: [[eo:quattuor]]</comment>
<model>wikitext</model>
<format>text/x-wiki</format>
<text bytes="1014" xml:space="preserve">={{-la-}}=
==Numeral==
'''quat.tu.or''' ''cardinal'', ''invariável''
:# [[quatro]], [[número]] [[representado]] [[por]] '''4''' em [[algarismo]]s [[arábico]]s e [[por]] '''[[IV]]''' em [[algarismo]]s [[romano]]s.

===Sinónimos===
* [[quatuor]]

==Ver também==
===No Wikcionário===
* [[quartus]]
* [[Apêndice:Números]]
{{números/la}}

[[Categoria:Numeral (Latim)|# 000004]]
[[Categoria:Trissílabo (Latim)]]

[[az:quattuor]]
[[ca:quattuor]]
[[chr:quattuor]]
[[co:quattuor]]
[[da:quattuor]]
[[de:quattuor]]
[[en:quattuor]]
[[eo:quattuor]]
[[es:quattuor]]
[[et:quattuor]]
[[fi:quattuor]]
[[fr:quattuor]]
[[fy:quattuor]]
[[gl:quattuor]]
[[hr:quattuor]]
[[hu:quattuor]]
[[io:quattuor]]
[[is:quattuor]]
[[it:quattuor]]
[[ja:quattuor]]
[[ko:quattuor]]
[[ku:quattuor]]
[[la:quattuor]]
[[lt:quattuor]]
[[mg:quattuor]]
[[nl:quattuor]]
[[pl:quattuor]]
[[roa-rup:quattuor]]
[[ru:quattuor]]
[[sr:quattuor]]
[[sv:quattuor]]
[[th:quattuor]]
[[tr:quattuor]]
[[tt:quattuor]]
[[uk:quattuor]]
[[uz:quattuor]]
[[zh:quattuor]]</text>
<sha1>o5hkt0vewaz10qt8jd0ozfb0338zs6q</sha1>
</revision>
<revision>
<id>2396876</id>
<parentid>2247093</parentid>
<timestamp>2017-05-13T11:06:03Z</timestamp>
<contributor>
<username>HydrizBot</username>
<id>29590</id>
</contributor>
<minor />
<comment>Robô: A limpar links interwikis antigos</comment>
<model>wikitext</model>
<format>text/x-wiki</format>
<text bytes="415" xml:space="preserve">={{-la-}}=
==Numeral==
'''quat.tu.or''' ''cardinal'', ''invariável''
:# [[quatro]], [[número]] [[representado]] [[por]] '''4''' em [[algarismo]]s [[arábico]]s e [[por]] '''[[IV]]''' em [[algarismo]]s [[romano]]s.

===Sinónimos===
* [[quatuor]]

==Ver também==
===No Wikcionário===
* [[quartus]]
* [[Apêndice:Números]]
{{números/la}}

[[Categoria:Numeral (Latim)|# 000004]]
[[Categoria:Trissílabo (Latim)]]</text>
<sha1>6g1moescsq1rj8iym7ixyceyvvabrwr</sha1>
</revision>
</page>
