<title>quattro</title>
<ns>0</ns>
<id>2523</id>
<revision>
<id>5890</id>
<timestamp>2005-01-21T00:03:41Z</timestamp>
<contributor>
<username>Eusbarbosa</username>
<id>117</id>
</contributor>
<model>wikitext</model>
<format>text/x-wiki</format>
<text bytes="302" xml:space="preserve">=Italiano=

== Numeral ==
'''quat.tro''' ''numeral cardinal''

:#O número ''[[quatro]]''  (4).


== Ordinal equivalente ==

:* [[quarto]]



=== Outros verbetes ===

[[tre]] [[cinque]]

Dicionário italiano: [http://it.wiktionary.org/wiki/quattro| quattro]

[[Categoria:Numeral (Italiano)|# 000004]]</text>
<sha1>4pl5gczli9cd9io0k7sfjkc6hqdck8g</sha1>
</revision>
<revision>
<id>5891</id>
<parentid>5890</parentid>
<timestamp>2005-01-21T00:30:40Z</timestamp>
<contributor>
<username>Eusbarbosa</username>
<id>117</id>
</contributor>
<minor />
<model>wikitext</model>
<format>text/x-wiki</format>
<text bytes="302" xml:space="preserve">=Italiano=

== Numeral ==
'''quat.tro''' ''numeral cardinal''

:#O número ''[[quatro]]''  (4).


== Ordinal equivalente ==

:* [[quarto]]



=== Outros verbetes ===

[[tre]] [[cinque]]

Dicionário italiano: [http://it.wiktionary.org/wiki/Quattro| quattro]

[[Categoria:Numeral (Italiano)|# 000004]]</text>
<sha1>skqrquvtw9hzicnyhc32ro1jfaxzuxl</sha1>
</revision>
<revision>
<id>5892</id>
<parentid>5891</parentid>
<timestamp>2005-01-21T00:32:35Z</timestamp>
<contributor>
<username>Eusbarbosa</username>
<id>117</id>
</contributor>
<minor />
<model>wikitext</model>
<format>text/x-wiki</format>
<text bytes="302" xml:space="preserve">=Italiano=

== Numeral ==
'''quat.tro''' ''numeral cardinal''

:#O número ''[[quatro]]''  (4).


== Ordinal equivalente ==

:* [[quarto]]



=== Outros verbetes ===

[[tre]] [[cinque]]

Dicionário italiano: [http://it.wiktionary.org/wiki/quattro| quattro]

[[Categoria:Numeral (Italiano)|# 000004]]</text>
<sha1>4pl5gczli9cd9io0k7sfjkc6hqdck8g</sha1>
</revision>
<revision>
<id>5893</id>
<parentid>5892</parentid>
<timestamp>2005-01-21T00:33:10Z</timestamp>
<contributor>
<username>Eusbarbosa</username>
<id>117</id>
</contributor>
<minor />
<model>wikitext</model>
<format>text/x-wiki</format>
<text bytes="293" xml:space="preserve">=Italiano=

== Numeral ==
'''quat.tro''' ''numeral cardinal''

:#O número ''[[quatro]]''  (4).


== Ordinal equivalente ==

:* [[quarto]]



=== Outros verbetes ===

[[tre]] [[cinque]]

Dicionário italiano: [http://it.wiktionary.org/wiki/quattro]

[[Categoria:Numeral (Italiano)|# 000004]]</text>
<sha1>ia4v19wxdnxrlbmlkvaswu6hlw27t7e</sha1>
</revision>
<revision>
<id>5904</id>
<parentid>5893</parentid>
<timestamp>2005-01-21T00:34:22Z</timestamp>
<contributor>
<username>Eusbarbosa</username>
<id>117</id>
</contributor>
<model>wikitext</model>
<format>text/x-wiki</format>
<text bytes="287" xml:space="preserve">=Italiano=

== Numeral ==
'''quat.tro''' ''numeral cardinal''

:#O número ''[[quatro]]''  (4).


== Ordinal equivalente ==

:* [[quarto]]



=== Outros verbetes ===

[[tre]] [[cinque]]

[[it:quattro]]

[http://it.wiktionary.org/wiki/quattro]

[[Categoria:Numeral (Italiano)|# 000004]]</text>
<sha1>7nc7exos8tjqmibpc0u0it6eqi63p70</sha1>
</revision>
<revision>
<id>6108</id>
<parentid>5904</parentid>
<timestamp>2005-01-21T00:56:15Z</timestamp>
<contributor>
<username>Eusbarbosa</username>
<id>117</id>
</contributor>
<minor />
<model>wikitext</model>
<format>text/x-wiki</format>
<text bytes="244" xml:space="preserve">=Italiano=

== Numeral ==
'''quat.tro''' ''numeral cardinal''

:*O número ''[[quatro]]''  (4).

== Ordinal equivalente ==

:* [[quarto]]

=== Outros verbetes ===

[[tre]] [[cinque]]

[[it:quattro]]


[[Categoria:Numeral (Italiano)|# 000004]]</text>
<sha1>dxbcy8phrb8b0u1pxw5hzcp5fsyac2g</sha1>
</revision>
<revision>
<id>6340</id>
<parentid>6108</parentid>
<timestamp>2005-01-24T22:01:26Z</timestamp>
<contributor>
<username>Eusbarbosa</username>
<id>117</id>
</contributor>
<model>wikitext</model>
<format>text/x-wiki</format>
<text bytes="266" xml:space="preserve">=Italiano=

== Numeral ==
'''quat.tro''' ''numeral cardinal''

:*O número ''[[quatro]]''  (4).

== Ordinal equivalente ==

:* [[quarto]]

=== Outros verbetes ===

[[tre]] [[cinque]]

[[it:quattro]]


[[Categoria:Numeral (Italiano)|# 000004]][[Categoria:Italiano]]</text>
<sha1>s2c4kflai1rxfktwizdgmy2p6e87xtn</sha1>
</revision>
<revision>
<id>8052</id>
<parentid>6340</parentid>
<timestamp>2005-01-27T16:54:00Z</timestamp>
<contributor>
<username>LeonardoG</username>
<id>7</id>
</contributor>
<minor />
<comment>interwiki  Adicionando:en,ja</comment>
<model>wikitext</model>
<format>text/x-wiki</format>
<text bytes="295" xml:space="preserve">=Italiano=

== Numeral ==
'''quat.tro''' ''numeral cardinal''

:*O número ''[[quatro]]''  (4).

== Ordinal equivalente ==

:* [[quarto]]

=== Outros verbetes ===

[[tre]] [[cinque]]

[[Categoria:Numeral (Italiano)|# 000004]][[Categoria:Italiano]]

[[en:Quattro]]
[[it:quattro]]
[[ja:quattro]]</text>
<sha1>fk13hmzoutyv0w406uh3rb34tf19xpc</sha1>
</revision>
<revision>
<id>12348</id>
<parentid>8052</parentid>
<timestamp>2005-02-16T09:45:09Z</timestamp>
<contributor>
<username>E2mb0t~ptwiktionary</username>
<id>192</id>
</contributor>
<minor />
<comment>robot  Adicionando:fi,gl</comment>
<model>wikitext</model>
<format>text/x-wiki</format>
<text bytes="325" xml:space="preserve">=Italiano=

== Numeral ==
'''quat.tro''' ''numeral cardinal''

:*O número ''[[quatro]]''  (4).

== Ordinal equivalente ==

:* [[quarto]]

=== Outros verbetes ===

[[tre]] [[cinque]]

[[Categoria:Numeral (Italiano)|# 000004]][[Categoria:Italiano]]

[[en:Quattro]]
[[fi:Quattro]]
[[gl:Quattro]]
[[it:quattro]]
[[ja:quattro]]</text>
<sha1>f60u7rmmkaa3iptfhdbvpdykfy9kuc0</sha1>
</revision>
<revision>
<id>15079</id>
<parentid>12348</parentid>
<timestamp>2005-04-13T23:56:01Z</timestamp>
<contributor>
<username>Eusbarbosa</username>
<id>117</id>
</contributor>
<model>wikitext</model>
<format>text/x-wiki</format>
<text bytes="704" xml:space="preserve">=Italiano=

== Numeral ==
'''quat.tro''' ''numeral cardinal''

:*O número ''[[quatro]]''  (4).

== Ordinal equivalente ==

:* [[quarto]]

=== Outros verbetes ===

[[tre]] [[cinque]]
=== Tradução ===
*{{en}}: [[four]]
*{{de}}: [[Vier]]
*{{cs}}: [[čtyři]]
*{{fr}}: [[quatre]]
*{{it}}: [[quattro]]
* Latim: [[quatuor]] ou [[quattuor]]
* Grego: [[τέσσερα|τέσσερις]] (m./f.),  [[τέσσερα]] (n.)
* Finlandês: [[neljä]]
* Árabe:  '''[[اربعة]]''' (arba:a)
* Tupi: [[erundi]]
* Japonês: [[shi]]
* Galês: [[pedwar]]
* {{pl}}: [[cztery]]
[[Categoria:Numeral (Italiano)|# 000004]][[Categoria:Italiano]]

[[en:Quattro]]
[[fi:Quattro]]
[[gl:Quattro]]
[[it:quattro]]
[[ja:quattro]]</text>
<sha1>py0zu8svpt413nuuzgc4t2drf4i9fxc</sha1>
</revision>
<revision>
<id>21446</id>
<parentid>15079</parentid>
<timestamp>2005-05-10T21:26:53Z</timestamp>
<contributor>
<username>GerardM</username>
<id>332</id>
</contributor>
<minor />
<comment>robot  Adicionando:pl</comment>
<model>wikitext</model>
<format>text/x-wiki</format>
<text bytes="719" xml:space="preserve">=Italiano=

== Numeral ==
'''quat.tro''' ''numeral cardinal''

:*O número ''[[quatro]]''  (4).

== Ordinal equivalente ==

:* [[quarto]]

=== Outros verbetes ===

[[tre]] [[cinque]]
=== Tradução ===
*{{en}}: [[four]]
*{{de}}: [[Vier]]
*{{cs}}: [[čtyři]]
*{{fr}}: [[quatre]]
*{{it}}: [[quattro]]
* Latim: [[quatuor]] ou [[quattuor]]
* Grego: [[τέσσερα|τέσσερις]] (m./f.),  [[τέσσερα]] (n.)
* Finlandês: [[neljä]]
* Árabe:  '''[[اربعة]]''' (arba:a)
* Tupi: [[erundi]]
* Japonês: [[shi]]
* Galês: [[pedwar]]
* {{pl}}: [[cztery]]
[[Categoria:Numeral (Italiano)|# 000004]][[Categoria:Italiano]]

[[en:Quattro]]
[[fi:Quattro]]
[[gl:Quattro]]
[[it:quattro]]
[[ja:quattro]]
[[pl:Quattro]]</text>
<sha1>7ost3sx36s5e86tq01pqpzs51s8xnlh</sha1>
</revision>
<revision>
<id>28459</id>
<parentid>21446</parentid>
<timestamp>2005-07-09T00:28:06Z</timestamp>
<contributor>
<username>RobotGMwikt</username>
<id>407</id>
</contributor>
<minor />
<comment>robot  Modificando: en</comment>
<model>wikitext</model>
<format>text/x-wiki</format>
<text bytes="719" xml:space="preserve">=Italiano=

== Numeral ==
'''quat.tro''' ''numeral cardinal''

:*O número ''[[quatro]]''  (4).

== Ordinal equivalente ==

:* [[quarto]]

=== Outros verbetes ===

[[tre]] [[cinque]]
=== Tradução ===
*{{en}}: [[four]]
*{{de}}: [[Vier]]
*{{cs}}: [[čtyři]]
*{{fr}}: [[quatre]]
*{{it}}: [[quattro]]
* Latim: [[quatuor]] ou [[quattuor]]
* Grego: [[τέσσερα|τέσσερις]] (m./f.),  [[τέσσερα]] (n.)
* Finlandês: [[neljä]]
* Árabe:  '''[[اربعة]]''' (arba:a)
* Tupi: [[erundi]]
* Japonês: [[shi]]
* Galês: [[pedwar]]
* {{pl}}: [[cztery]]
[[Categoria:Numeral (Italiano)|# 000004]][[Categoria:Italiano]]

[[en:quattro]]
[[fi:Quattro]]
[[gl:Quattro]]
[[it:quattro]]
[[ja:quattro]]
[[pl:Quattro]]</text>
<sha1>1qu0tzpbrxtqb1bcw0w3zvs7thbpkpr</sha1>
</revision>
<revision>
<id>37680</id>
<parentid>28459</parentid>
<timestamp>2005-08-30T22:22:17Z</timestamp>
<contributor>
<username>RobotGMwikt</username>
<id>407</id>
</contributor>
<minor />
<comment>robot  Modificando: pl</comment>
<model>wikitext</model>
<format>text/x-wiki</format>
<text bytes="719" xml:space="preserve">=Italiano=

== Numeral ==
'''quat.tro''' ''numeral cardinal''

:*O número ''[[quatro]]''  (4).

== Ordinal equivalente ==

:* [[quarto]]

=== Outros verbetes ===

[[tre]] [[cinque]]
=== Tradução ===
*{{en}}: [[four]]
*{{de}}: [[Vier]]
*{{cs}}: [[čtyři]]
*{{fr}}: [[quatre]]
*{{it}}: [[quattro]]
* Latim: [[quatuor]] ou [[quattuor]]
* Grego: [[τέσσερα|τέσσερις]] (m./f.),  [[τέσσερα]] (n.)
* Finlandês: [[neljä]]
* Árabe:  '''[[اربعة]]''' (arba:a)
* Tupi: [[erundi]]
* Japonês: [[shi]]
* Galês: [[pedwar]]
* {{pl}}: [[cztery]]
[[Categoria:Numeral (Italiano)|# 000004]][[Categoria:Italiano]]

[[en:quattro]]
[[fi:Quattro]]
[[gl:Quattro]]
[[it:quattro]]
[[ja:quattro]]
[[pl:quattro]]</text>
<sha1>shclirdsdq9mew7341st6n6tdbeuni8</sha1>
</revision>
<revision>
<id>41240</id>
<parentid>37680</parentid>
<timestamp>2005-09-23T04:42:09Z</timestamp>
<contributor>
<username>RobotGMwikt</username>
<id>407</id>
</contributor>
<minor />
<comment>robot  Adicionando: fr</comment>
<model>wikitext</model>
<format>text/x-wiki</format>
<text bytes="734" xml:space="preserve">=Italiano=

== Numeral ==
'''quat.tro''' ''numeral cardinal''

:*O número ''[[quatro]]''  (4).

== Ordinal equivalente ==

:* [[quarto]]

=== Outros verbetes ===

[[tre]] [[cinque]]
=== Tradução ===
*{{en}}: [[four]]
*{{de}}: [[Vier]]
*{{cs}}: [[čtyři]]
*{{fr}}: [[quatre]]
*{{it}}: [[quattro]]
* Latim: [[quatuor]] ou [[quattuor]]
* Grego: [[τέσσερα|τέσσερις]] (m./f.),  [[τέσσερα]] (n.)
* Finlandês: [[neljä]]
* Árabe:  '''[[اربعة]]''' (arba:a)
* Tupi: [[erundi]]
* Japonês: [[shi]]
* Galês: [[pedwar]]
* {{pl}}: [[cztery]]
[[Categoria:Numeral (Italiano)|# 000004]][[Categoria:Italiano]]

[[en:quattro]]
[[fi:Quattro]]
[[fr:quattro]]
[[gl:Quattro]]
[[it:quattro]]
[[ja:quattro]]
[[pl:quattro]]</text>
<sha1>bgf0rm1sdz5gf7fksg08rp127wk332c</sha1>
</revision>
<revision>
<id>42036</id>
<parentid>41240</parentid>
<timestamp>2005-09-27T00:08:35Z</timestamp>
<contributor>
<username>RobotGMwikt</username>
<id>407</id>
</contributor>
<minor />
<comment>robot  Modificando: fi</comment>
<model>wikitext</model>
<format>text/x-wiki</format>
<text bytes="734" xml:space="preserve">=Italiano=

== Numeral ==
'''quat.tro''' ''numeral cardinal''

:*O número ''[[quatro]]''  (4).

== Ordinal equivalente ==

:* [[quarto]]

=== Outros verbetes ===

[[tre]] [[cinque]]
=== Tradução ===
*{{en}}: [[four]]
*{{de}}: [[Vier]]
*{{cs}}: [[čtyři]]
*{{fr}}: [[quatre]]
*{{it}}: [[quattro]]
* Latim: [[quatuor]] ou [[quattuor]]
* Grego: [[τέσσερα|τέσσερις]] (m./f.),  [[τέσσερα]] (n.)
* Finlandês: [[neljä]]
* Árabe:  '''[[اربعة]]''' (arba:a)
* Tupi: [[erundi]]
* Japonês: [[shi]]
* Galês: [[pedwar]]
* {{pl}}: [[cztery]]
[[Categoria:Numeral (Italiano)|# 000004]][[Categoria:Italiano]]

[[en:quattro]]
[[fi:quattro]]
[[fr:quattro]]
[[gl:Quattro]]
[[it:quattro]]
[[ja:quattro]]
[[pl:quattro]]</text>
<sha1>jt6e15yqm19g71a9ikmj4wjp8on44xn</sha1>
</revision>
<revision>
<id>46784</id>
<parentid>42036</parentid>
<timestamp>2005-10-18T12:54:57Z</timestamp>
<contributor>
<username>LeonardoRob0t</username>
<id>197</id>
</contributor>
<minor />
<comment>robot  Adicionando: ko</comment>
<model>wikitext</model>
<format>text/x-wiki</format>
<text bytes="749" xml:space="preserve">=Italiano=

== Numeral ==
'''quat.tro''' ''numeral cardinal''

:*O número ''[[quatro]]''  (4).

== Ordinal equivalente ==

:* [[quarto]]

=== Outros verbetes ===

[[tre]] [[cinque]]
=== Tradução ===
*{{en}}: [[four]]
*{{de}}: [[Vier]]
*{{cs}}: [[čtyři]]
*{{fr}}: [[quatre]]
*{{it}}: [[quattro]]
* Latim: [[quatuor]] ou [[quattuor]]
* Grego: [[τέσσερα|τέσσερις]] (m./f.),  [[τέσσερα]] (n.)
* Finlandês: [[neljä]]
* Árabe:  '''[[اربعة]]''' (arba:a)
* Tupi: [[erundi]]
* Japonês: [[shi]]
* Galês: [[pedwar]]
* {{pl}}: [[cztery]]
[[Categoria:Numeral (Italiano)|# 000004]][[Categoria:Italiano]]

[[en:quattro]]
[[fi:quattro]]
[[fr:quattro]]
[[gl:Quattro]]
[[it:quattro]]
[[ja:quattro]]
[[ko:Quattro]]
[[pl:quattro]]</text>
<sha1>evhj95q9j4bj2nckmwzp5npkk6eh54u</sha1>
</revision>
<revision>
<id>63850</id>
<parentid>46784</parentid>
<timestamp>2006-01-23T15:43:26Z</timestamp>
<contributor>
<username>Zumg</username>
<id>803</id>
</contributor>
<minor />
<comment>robot  Removendo: ko</comment>
<model>wikitext</model>
<format>text/x-wiki</format>
<text bytes="734" xml:space="preserve">=Italiano=

== Numeral ==
'''quat.tro''' ''numeral cardinal''

:*O número ''[[quatro]]''  (4).

== Ordinal equivalente ==

:* [[quarto]]

=== Outros verbetes ===

[[tre]] [[cinque]]
=== Tradução ===
*{{en}}: [[four]]
*{{de}}: [[Vier]]
*{{cs}}: [[čtyři]]
*{{fr}}: [[quatre]]
*{{it}}: [[quattro]]
* Latim: [[quatuor]] ou [[quattuor]]
* Grego: [[τέσσερα|τέσσερις]] (m./f.),  [[τέσσερα]] (n.)
* Finlandês: [[neljä]]
* Árabe:  '''[[اربعة]]''' (arba:a)
* Tupi: [[erundi]]
* Japonês: [[shi]]
* Galês: [[pedwar]]
* {{pl}}: [[cztery]]
[[Categoria:Numeral (Italiano)|# 000004]][[Categoria:Italiano]]

[[en:quattro]]
[[fi:quattro]]
[[fr:quattro]]
[[gl:Quattro]]
[[it:quattro]]
[[ja:quattro]]
[[pl:quattro]]</text>
<sha1>jt6e15yqm19g71a9ikmj4wjp8on44xn</sha1>
</revision>
<revision>
<id>67404</id>
<parentid>63850</parentid>
<timestamp>2006-01-31T14:24:19Z</timestamp>
<contributor>
<username>RobotGMwikt</username>
<id>407</id>
</contributor>
<minor />
<comment>Bot:  Adicionando: el, sv</comment>
<model>wikitext</model>
<format>text/x-wiki</format>
<text bytes="764" xml:space="preserve">=Italiano=

== Numeral ==
'''quat.tro''' ''numeral cardinal''

:*O número ''[[quatro]]''  (4).

== Ordinal equivalente ==

:* [[quarto]]

=== Outros verbetes ===

[[tre]] [[cinque]]
=== Tradução ===
*{{en}}: [[four]]
*{{de}}: [[Vier]]
*{{cs}}: [[čtyři]]
*{{fr}}: [[quatre]]
*{{it}}: [[quattro]]
* Latim: [[quatuor]] ou [[quattuor]]
* Grego: [[τέσσερα|τέσσερις]] (m./f.),  [[τέσσερα]] (n.)
* Finlandês: [[neljä]]
* Árabe:  '''[[اربعة]]''' (arba:a)
* Tupi: [[erundi]]
* Japonês: [[shi]]
* Galês: [[pedwar]]
* {{pl}}: [[cztery]]
[[Categoria:Numeral (Italiano)|# 000004]][[Categoria:Italiano]]

[[el:Quattro]]
[[en:quattro]]
[[fi:quattro]]
[[fr:quattro]]
[[gl:Quattro]]
[[it:quattro]]
[[ja:quattro]]
[[pl:quattro]]
[[sv:quattro]]</text>
<sha1>e0oll8i65739xwq2p171pb3ie9dblny</sha1>
</revision>
<revision>
<id>69021</id>
<parentid>67404</parentid>
<timestamp>2006-02-07T02:09:35Z</timestamp>
<contributor>
<username>RobotGMwikt</username>
<id>407</id>
</contributor>
<minor />
<comment>Bot:  Adicionando: io</comment>
<model>wikitext</model>
<format>text/x-wiki</format>
<text bytes="778" xml:space="preserve">=Italiano=

== Numeral ==
'''quat.tro''' ''numeral cardinal''

:*O número ''[[quatro]]''  (4).

== Ordinal equivalente ==

:* [[quarto]]

=== Outros verbetes ===

[[tre]] [[cinque]]
=== Tradução ===
*{{en}}: [[four]]
*{{de}}: [[Vier]]
*{{cs}}: [[čtyři]]
*{{fr}}: [[quatre]]
*{{it}}: [[quattro]]
* Latim: [[quatuor]] ou [[quattuor]]
* Grego: [[τέσσερα|τέσσερις]] (m./f.),  [[τέσσερα]] (n.)
* Finlandês: [[neljä]]
* Árabe:  '''[[اربعة]]''' (arba:a)
* Tupi: [[erundi]]
* Japonês: [[shi]]
* Galês: [[pedwar]]
* {{pl}}: [[cztery]]
[[Categoria:Numeral (Italiano)|# 000004]][[Categoria:Italiano]]
[[el:Quattro]]
[[en:quattro]]
[[fi:quattro]]
[[fr:quattro]]
[[gl:Quattro]]
[[io:Quattro]]
[[it:quattro]]
[[ja:quattro]]
[[pl:quattro]]
[[sv:quattro]]</text>
<sha1>kjagy4cfs9o0ut6rsp7b09ct43c34fx</sha1>
</revision>
<revision>
<id>89258</id>
<parentid>69021</parentid>
<timestamp>2006-02-23T00:55:08Z</timestamp>
<contributor>
<username>Conversion script</username>
<id>0</id>
</contributor>
<minor />
<comment>[[Quattro]] movido para [[quattro]]: Converting page titles to lowercase</comment>
<model>wikitext</model>
<format>text/x-wiki</format>
<text bytes="778" xml:space="preserve">=Italiano=

== Numeral ==
'''quat.tro''' ''numeral cardinal''

:*O número ''[[quatro]]''  (4).

== Ordinal equivalente ==

:* [[quarto]]

=== Outros verbetes ===

[[tre]] [[cinque]]
=== Tradução ===
*{{en}}: [[four]]
*{{de}}: [[Vier]]
*{{cs}}: [[čtyři]]
*{{fr}}: [[quatre]]
*{{it}}: [[quattro]]
* Latim: [[quatuor]] ou [[quattuor]]
* Grego: [[τέσσερα|τέσσερις]] (m./f.),  [[τέσσερα]] (n.)
* Finlandês: [[neljä]]
* Árabe:  '''[[اربعة]]''' (arba:a)
* Tupi: [[erundi]]
* Japonês: [[shi]]
* Galês: [[pedwar]]
* {{pl}}: [[cztery]]
[[Categoria:Numeral (Italiano)|# 000004]][[Categoria:Italiano]]
[[el:Quattro]]
[[en:quattro]]
[[fi:quattro]]
[[fr:quattro]]
[[gl:Quattro]]
[[io:Quattro]]
[[it:quattro]]
[[ja:quattro]]
[[pl:quattro]]
[[sv:quattro]]</text>
<sha1>kjagy4cfs9o0ut6rsp7b09ct43c34fx</sha1>
</revision>
<revision>
<id>102403</id>
<parentid>89258</parentid>
<timestamp>2006-03-06T13:47:17Z</timestamp>
<contributor>
<username>RobotGMwikt</username>
<id>407</id>
</contributor>
<minor />
<comment>Bot:  Adicionando: ko, zh Modificando: el, gl, io</comment>
<model>wikitext</model>
<format>text/x-wiki</format>
<text bytes="809" xml:space="preserve">=Italiano=

== Numeral ==
'''quat.tro''' ''numeral cardinal''

:*O número ''[[quatro]]''  (4).

== Ordinal equivalente ==

:* [[quarto]]

=== Outros verbetes ===

[[tre]] [[cinque]]
=== Tradução ===
*{{en}}: [[four]]
*{{de}}: [[Vier]]
*{{cs}}: [[čtyři]]
*{{fr}}: [[quatre]]
*{{it}}: [[quattro]]
* Latim: [[quatuor]] ou [[quattuor]]
* Grego: [[τέσσερα|τέσσερις]] (m./f.),  [[τέσσερα]] (n.)
* Finlandês: [[neljä]]
* Árabe:  '''[[اربعة]]''' (arba:a)
* Tupi: [[erundi]]
* Japonês: [[shi]]
* Galês: [[pedwar]]
* {{pl}}: [[cztery]]
[[Categoria:Numeral (Italiano)|# 000004]][[Categoria:Italiano]]

[[el:quattro]]
[[en:quattro]]
[[fi:quattro]]
[[fr:quattro]]
[[gl:quattro]]
[[io:quattro]]
[[it:quattro]]
[[ja:quattro]]
[[ko:quattro]]
[[pl:quattro]]
[[sv:quattro]]
[[zh:quattro]]</text>
<sha1>22x1r9i026zaekt1gvrav8zl4e6ju41</sha1>
</revision>
<revision>
<id>117140</id>
<parentid>102403</parentid>
<timestamp>2006-05-07T06:45:52Z</timestamp>
<contributor>
<username>RobotGMwikt</username>
<id>407</id>
</contributor>
<minor />
<comment>Bot:  Adicionando: hu</comment>
<model>wikitext</model>
<format>text/x-wiki</format>
<text bytes="824" xml:space="preserve">=Italiano=

== Numeral ==
'''quat.tro''' ''numeral cardinal''

:*O número ''[[quatro]]''  (4).

== Ordinal equivalente ==

:* [[quarto]]

=== Outros verbetes ===

[[tre]] [[cinque]]
=== Tradução ===
*{{en}}: [[four]]
*{{de}}: [[Vier]]
*{{cs}}: [[čtyři]]
*{{fr}}: [[quatre]]
*{{it}}: [[quattro]]
* Latim: [[quatuor]] ou [[quattuor]]
* Grego: [[τέσσερα|τέσσερις]] (m./f.),  [[τέσσερα]] (n.)
* Finlandês: [[neljä]]
* Árabe:  '''[[اربعة]]''' (arba:a)
* Tupi: [[erundi]]
* Japonês: [[shi]]
* Galês: [[pedwar]]
* {{pl}}: [[cztery]]
[[Categoria:Numeral (Italiano)|# 000004]][[Categoria:Italiano]]

[[el:quattro]]
[[en:quattro]]
[[fi:quattro]]
[[fr:quattro]]
[[gl:quattro]]
[[hu:quattro]]
[[io:quattro]]
[[it:quattro]]
[[ja:quattro]]
[[ko:quattro]]
[[pl:quattro]]
[[sv:quattro]]
[[zh:quattro]]</text>
<sha1>l35szri31mr6mg47kb7yv8y7jzxos3l</sha1>
</revision>
<revision>
<id>127232</id>
<parentid>117140</parentid>
<timestamp>2006-06-07T06:00:21Z</timestamp>
<contributor>
<username>RobotGMwikt</username>
<id>407</id>
</contributor>
<minor />
<comment>Bot:  Adicionando: id</comment>
<model>wikitext</model>
<format>text/x-wiki</format>
<text bytes="839" xml:space="preserve">=Italiano=

== Numeral ==
'''quat.tro''' ''numeral cardinal''

:*O número ''[[quatro]]''  (4).

== Ordinal equivalente ==

:* [[quarto]]

=== Outros verbetes ===

[[tre]] [[cinque]]
=== Tradução ===
*{{en}}: [[four]]
*{{de}}: [[Vier]]
*{{cs}}: [[čtyři]]
*{{fr}}: [[quatre]]
*{{it}}: [[quattro]]
* Latim: [[quatuor]] ou [[quattuor]]
* Grego: [[τέσσερα|τέσσερις]] (m./f.),  [[τέσσερα]] (n.)
* Finlandês: [[neljä]]
* Árabe:  '''[[اربعة]]''' (arba:a)
* Tupi: [[erundi]]
* Japonês: [[shi]]
* Galês: [[pedwar]]
* {{pl}}: [[cztery]]
[[Categoria:Numeral (Italiano)|# 000004]][[Categoria:Italiano]]

[[el:quattro]]
[[en:quattro]]
[[fi:quattro]]
[[fr:quattro]]
[[gl:quattro]]
[[hu:quattro]]
[[id:quattro]]
[[io:quattro]]
[[it:quattro]]
[[ja:quattro]]
[[ko:quattro]]
[[pl:quattro]]
[[sv:quattro]]
[[zh:quattro]]</text>
<sha1>owndxm10le9hhsb66cmlsabix406z0u</sha1>
</revision>
<revision>
<id>129104</id>
<parentid>127232</parentid>
<timestamp>2006-06-13T05:48:32Z</timestamp>
<contributor>
<username>RobotGMwikt</username>
<id>407</id>
</contributor>
<minor />
<comment>Bot:  Adicionando: de</comment>
<model>wikitext</model>
<format>text/x-wiki</format>
<text bytes="854" xml:space="preserve">=Italiano=

== Numeral ==
'''quat.tro''' ''numeral cardinal''

:*O número ''[[quatro]]''  (4).

== Ordinal equivalente ==

:* [[quarto]]

=== Outros verbetes ===

[[tre]] [[cinque]]
=== Tradução ===
*{{en}}: [[four]]
*{{de}}: [[Vier]]
*{{cs}}: [[čtyři]]
*{{fr}}: [[quatre]]
*{{it}}: [[quattro]]
* Latim: [[quatuor]] ou [[quattuor]]
* Grego: [[τέσσερα|τέσσερις]] (m./f.),  [[τέσσερα]] (n.)
* Finlandês: [[neljä]]
* Árabe:  '''[[اربعة]]''' (arba:a)
* Tupi: [[erundi]]
* Japonês: [[shi]]
* Galês: [[pedwar]]
* {{pl}}: [[cztery]]
[[Categoria:Numeral (Italiano)|# 000004]][[Categoria:Italiano]]

[[de:quattro]]
[[el:quattro]]
[[en:quattro]]
[[fi:quattro]]
[[fr:quattro]]
[[gl:quattro]]
[[hu:quattro]]
[[id:quattro]]
[[io:quattro]]
[[it:quattro]]
[[ja:quattro]]
[[ko:quattro]]
[[pl:quattro]]
[[sv:quattro]]
[[zh:quattro]]</text>
<sha1>6jfnwxpa9wc7vyz0t5ot8h48fsu6t2l</sha1>
</revision>
<revision>
<id>142858</id>
<parentid>129104</parentid>
<timestamp>2006-07-19T07:24:58Z</timestamp>
<contributor>
<username>RobotGMwikt</username>
<id>407</id>
</contributor>
<minor />
<comment>Bot:  Adicionando: ku</comment>
<model>wikitext</model>
<format>text/x-wiki</format>
<text bytes="869" xml:space="preserve">=Italiano=

== Numeral ==
'''quat.tro''' ''numeral cardinal''

:*O número ''[[quatro]]''  (4).

== Ordinal equivalente ==

:* [[quarto]]

=== Outros verbetes ===

[[tre]] [[cinque]]
=== Tradução ===
*{{en}}: [[four]]
*{{de}}: [[Vier]]
*{{cs}}: [[čtyři]]
*{{fr}}: [[quatre]]
*{{it}}: [[quattro]]
* Latim: [[quatuor]] ou [[quattuor]]
* Grego: [[τέσσερα|τέσσερις]] (m./f.),  [[τέσσερα]] (n.)
* Finlandês: [[neljä]]
* Árabe:  '''[[اربعة]]''' (arba:a)
* Tupi: [[erundi]]
* Japonês: [[shi]]
* Galês: [[pedwar]]
* {{pl}}: [[cztery]]
[[Categoria:Numeral (Italiano)|# 000004]][[Categoria:Italiano]]

[[de:quattro]]
[[el:quattro]]
[[en:quattro]]
[[fi:quattro]]
[[fr:quattro]]
[[gl:quattro]]
[[hu:quattro]]
[[id:quattro]]
[[io:quattro]]
[[it:quattro]]
[[ja:quattro]]
[[ko:quattro]]
[[ku:quattro]]
[[pl:quattro]]
[[sv:quattro]]
[[zh:quattro]]</text>
<sha1>li1evbzzqetzxchf56tgbtit367e8u8</sha1>
</revision>
<revision>
<id>153147</id>
<parentid>142858</parentid>
<timestamp>2006-08-16T14:36:24Z</timestamp>
<contributor>
<username>RobotGMwikt</username>
<id>407</id>
</contributor>
<minor />
<comment>Bot:  Adicionando: hy</comment>
<model>wikitext</model>
<format>text/x-wiki</format>
<text bytes="884" xml:space="preserve">=Italiano=

== Numeral ==
'''quat.tro''' ''numeral cardinal''

:*O número ''[[quatro]]''  (4).

== Ordinal equivalente ==

:* [[quarto]]

=== Outros verbetes ===

[[tre]] [[cinque]]
=== Tradução ===
*{{en}}: [[four]]
*{{de}}: [[Vier]]
*{{cs}}: [[čtyři]]
*{{fr}}: [[quatre]]
*{{it}}: [[quattro]]
* Latim: [[quatuor]] ou [[quattuor]]
* Grego: [[τέσσερα|τέσσερις]] (m./f.),  [[τέσσερα]] (n.)
* Finlandês: [[neljä]]
* Árabe:  '''[[اربعة]]''' (arba:a)
* Tupi: [[erundi]]
* Japonês: [[shi]]
* Galês: [[pedwar]]
* {{pl}}: [[cztery]]
[[Categoria:Numeral (Italiano)|# 000004]][[Categoria:Italiano]]

[[de:quattro]]
[[el:quattro]]
[[en:quattro]]
[[fi:quattro]]
[[fr:quattro]]
[[gl:quattro]]
[[hu:quattro]]
[[hy:quattro]]
[[id:quattro]]
[[io:quattro]]
[[it:quattro]]
[[ja:quattro]]
[[ko:quattro]]
[[ku:quattro]]
[[pl:quattro]]
[[sv:quattro]]
[[zh:quattro]]</text>
<sha1>q4itfh9i1sx2vpiphwleq7sqdary55d</sha1>
</revision>
<revision>
<id>174046</id>
<parentid>153147</parentid>
<timestamp>2006-10-06T19:22:44Z</timestamp>
<contributor>
<username>RobotGMwikt</username>
<id>407</id>
</contributor>
<minor />
<comment>Bot:  Adicionando: [[es:quattro]]</comment>
<model>wikitext</model>
<format>text/x-wiki</format>
<text bytes="899" xml:space="preserve">=Italiano=

== Numeral ==
'''quat.tro''' ''numeral cardinal''

:*O número ''[[quatro]]''  (4).

== Ordinal equivalente ==

:* [[quarto]]

=== Outros verbetes ===

[[tre]] [[cinque]]
=== Tradução ===
*{{en}}: [[four]]
*{{de}}: [[Vier]]
*{{cs}}: [[čtyři]]
*{{fr}}: [[quatre]]
*{{it}}: [[quattro]]
* Latim: [[quatuor]] ou [[quattuor]]
* Grego: [[τέσσερα|τέσσερις]] (m./f.),  [[τέσσερα]] (n.)
* Finlandês: [[neljä]]
* Árabe:  '''[[اربعة]]''' (arba:a)
* Tupi: [[erundi]]
* Japonês: [[shi]]
* Galês: [[pedwar]]
* {{pl}}: [[cztery]]
[[Categoria:Numeral (Italiano)|# 000004]][[Categoria:Italiano]]

[[de:quattro]]
[[el:quattro]]
[[en:quattro]]
[[es:quattro]]
[[fi:quattro]]
[[fr:quattro]]
[[gl:quattro]]
[[hu:quattro]]
[[hy:quattro]]
[[id:quattro]]
[[io:quattro]]
[[it:quattro]]
[[ja:quattro]]
[[ko:quattro]]
[[ku:quattro]]
[[pl:quattro]]
[[sv:quattro]]
[[zh:quattro]]</text>
<sha1>10o33gt2q7tbmycgx38n5igcjb8ujdr</sha1>
</revision>
<revision>
<id>218276</id>
<parentid>174046</parentid>
<timestamp>2007-01-09T11:12:23Z</timestamp>
<contributor>
<username>RobotGMwikt</username>
<id>407</id>
</contributor>
<minor />
<comment>Bot:  Adicionando: [[tr:quattro]]</comment>
<model>wikitext</model>
<format>text/x-wiki</format>
<text bytes="914" xml:space="preserve">=Italiano=

== Numeral ==
'''quat.tro''' ''numeral cardinal''

:*O número ''[[quatro]]''  (4).

== Ordinal equivalente ==

:* [[quarto]]

=== Outros verbetes ===

[[tre]] [[cinque]]
=== Tradução ===
*{{en}}: [[four]]
*{{de}}: [[Vier]]
*{{cs}}: [[čtyři]]
*{{fr}}: [[quatre]]
*{{it}}: [[quattro]]
* Latim: [[quatuor]] ou [[quattuor]]
* Grego: [[τέσσερα|τέσσερις]] (m./f.),  [[τέσσερα]] (n.)
* Finlandês: [[neljä]]
* Árabe:  '''[[اربعة]]''' (arba:a)
* Tupi: [[erundi]]
* Japonês: [[shi]]
* Galês: [[pedwar]]
* {{pl}}: [[cztery]]
[[Categoria:Numeral (Italiano)|# 000004]][[Categoria:Italiano]]

[[de:quattro]]
[[el:quattro]]
[[en:quattro]]
[[es:quattro]]
[[fi:quattro]]
[[fr:quattro]]
[[gl:quattro]]
[[hu:quattro]]
[[hy:quattro]]
[[id:quattro]]
[[io:quattro]]
[[it:quattro]]
[[ja:quattro]]
[[ko:quattro]]
[[ku:quattro]]
[[pl:quattro]]
[[sv:quattro]]
[[tr:quattro]]
[[zh:quattro]]</text>
<sha1>h229lv2tvvx9lefogthyo0uzm8xb09s</sha1>
</revision>
<revision>
<id>237848</id>
<parentid>218276</parentid>
<timestamp>2007-02-28T09:36:42Z</timestamp>
<contributor>
<username>RobotGMwikt</username>
<id>407</id>
</contributor>
<minor />
<comment>Bot:  Removendo: [[tr:quattro]]</comment>
<model>wikitext</model>
<format>text/x-wiki</format>
<text bytes="899" xml:space="preserve">=Italiano=

== Numeral ==
'''quat.tro''' ''numeral cardinal''

:*O número ''[[quatro]]''  (4).

== Ordinal equivalente ==

:* [[quarto]]

=== Outros verbetes ===

[[tre]] [[cinque]]
=== Tradução ===
*{{en}}: [[four]]
*{{de}}: [[Vier]]
*{{cs}}: [[čtyři]]
*{{fr}}: [[quatre]]
*{{it}}: [[quattro]]
* Latim: [[quatuor]] ou [[quattuor]]
* Grego: [[τέσσερα|τέσσερις]] (m./f.),  [[τέσσερα]] (n.)
* Finlandês: [[neljä]]
* Árabe:  '''[[اربعة]]''' (arba:a)
* Tupi: [[erundi]]
* Japonês: [[shi]]
* Galês: [[pedwar]]
* {{pl}}: [[cztery]]
[[Categoria:Numeral (Italiano)|# 000004]][[Categoria:Italiano]]

[[de:quattro]]
[[el:quattro]]
[[en:quattro]]
[[es:quattro]]
[[fi:quattro]]
[[fr:quattro]]
[[gl:quattro]]
[[hu:quattro]]
[[hy:quattro]]
[[id:quattro]]
[[io:quattro]]
[[it:quattro]]
[[ja:quattro]]
[[ko:quattro]]
[[ku:quattro]]
[[pl:quattro]]
[[sv:quattro]]
[[zh:quattro]]</text>
<sha1>10o33gt2q7tbmycgx38n5igcjb8ujdr</sha1>
</revision>
<revision>
<id>238414</id>
<parentid>237848</parentid>
<timestamp>2007-03-01T20:28:03Z</timestamp>
<contributor>
<username>RobotGMwikt</username>
<id>407</id>
</contributor>
<minor />
<comment>Bot:  Adicionando: [[tr:quattro]]</comment>
<model>wikitext</model>
<format>text/x-wiki</format>
<text bytes="914" xml:space="preserve">=Italiano=

== Numeral ==
'''quat.tro''' ''numeral cardinal''

:*O número ''[[quatro]]''  (4).

== Ordinal equivalente ==

:* [[quarto]]

=== Outros verbetes ===

[[tre]] [[cinque]]
=== Tradução ===
*{{en}}: [[four]]
*{{de}}: [[Vier]]
*{{cs}}: [[čtyři]]
*{{fr}}: [[quatre]]
*{{it}}: [[quattro]]
* Latim: [[quatuor]] ou [[quattuor]]
* Grego: [[τέσσερα|τέσσερις]] (m./f.),  [[τέσσερα]] (n.)
* Finlandês: [[neljä]]
* Árabe:  '''[[اربعة]]''' (arba:a)
* Tupi: [[erundi]]
* Japonês: [[shi]]
* Galês: [[pedwar]]
* {{pl}}: [[cztery]]
[[Categoria:Numeral (Italiano)|# 000004]][[Categoria:Italiano]]

[[de:quattro]]
[[el:quattro]]
[[en:quattro]]
[[es:quattro]]
[[fi:quattro]]
[[fr:quattro]]
[[gl:quattro]]
[[hu:quattro]]
[[hy:quattro]]
[[id:quattro]]
[[io:quattro]]
[[it:quattro]]
[[ja:quattro]]
[[ko:quattro]]
[[ku:quattro]]
[[pl:quattro]]
[[sv:quattro]]
[[tr:quattro]]
[[zh:quattro]]</text>
<sha1>h229lv2tvvx9lefogthyo0uzm8xb09s</sha1>
</revision>
<revision>
<id>328573</id>
<parentid>238414</parentid>
<timestamp>2008-02-04T11:41:13Z</timestamp>
<contributor>
<username>VolkovBot</username>
<id>2944</id>
</contributor>
<minor />
<comment>Bot:  Adicionando: [[fy:quattro]], [[ga:quattro]], [[oc:quattro]]</comment>
<model>wikitext</model>
<format>text/x-wiki</format>
<text bytes="959" xml:space="preserve">=Italiano=

== Numeral ==
'''quat.tro''' ''numeral cardinal''

:*O número ''[[quatro]]''  (4).

== Ordinal equivalente ==

:* [[quarto]]

=== Outros verbetes ===

[[tre]] [[cinque]]
=== Tradução ===
*{{en}}: [[four]]
*{{de}}: [[Vier]]
*{{cs}}: [[čtyři]]
*{{fr}}: [[quatre]]
*{{it}}: [[quattro]]
* Latim: [[quatuor]] ou [[quattuor]]
* Grego: [[τέσσερα|τέσσερις]] (m./f.),  [[τέσσερα]] (n.)
* Finlandês: [[neljä]]
* Árabe:  '''[[اربعة]]''' (arba:a)
* Tupi: [[erundi]]
* Japonês: [[shi]]
* Galês: [[pedwar]]
* {{pl}}: [[cztery]]
[[Categoria:Numeral (Italiano)|# 000004]][[Categoria:Italiano]]

[[de:quattro]]
[[el:quattro]]
[[en:quattro]]
[[es:quattro]]
[[fi:quattro]]
[[fr:quattro]]
[[fy:quattro]]
[[ga:quattro]]
[[gl:quattro]]
[[hu:quattro]]
[[hy:quattro]]
[[id:quattro]]
[[io:quattro]]
[[it:quattro]]
[[ja:quattro]]
[[ko:quattro]]
[[ku:quattro]]
[[oc:quattro]]
[[pl:quattro]]
[[sv:quattro]]
[[tr:quattro]]
[[zh:quattro]]</text>
<sha1>126gov34zljtn4i6hkvl6m0dvzdppgm</sha1>
</revision>
<revision>
<id>342054</id>
<parentid>328573</parentid>
<timestamp>2008-03-30T23:19:24Z</timestamp>
<contributor>
<username>SpaceBirdyBot</username>
<id>973</id>
</contributor>
<minor />
<comment>Bot:  Adicionando: [[no:quattro]]</comment>
<model>wikitext</model>
<format>text/x-wiki</format>
<text bytes="974" xml:space="preserve">=Italiano=

== Numeral ==
'''quat.tro''' ''numeral cardinal''

:*O número ''[[quatro]]''  (4).

== Ordinal equivalente ==

:* [[quarto]]

=== Outros verbetes ===

[[tre]] [[cinque]]
=== Tradução ===
*{{en}}: [[four]]
*{{de}}: [[Vier]]
*{{cs}}: [[čtyři]]
*{{fr}}: [[quatre]]
*{{it}}: [[quattro]]
* Latim: [[quatuor]] ou [[quattuor]]
* Grego: [[τέσσερα|τέσσερις]] (m./f.),  [[τέσσερα]] (n.)
* Finlandês: [[neljä]]
* Árabe:  '''[[اربعة]]''' (arba:a)
* Tupi: [[erundi]]
* Japonês: [[shi]]
* Galês: [[pedwar]]
* {{pl}}: [[cztery]]
[[Categoria:Numeral (Italiano)|# 000004]][[Categoria:Italiano]]

[[de:quattro]]
[[el:quattro]]
[[en:quattro]]
[[es:quattro]]
[[fi:quattro]]
[[fr:quattro]]
[[fy:quattro]]
[[ga:quattro]]
[[gl:quattro]]
[[hu:quattro]]
[[hy:quattro]]
[[id:quattro]]
[[io:quattro]]
[[it:quattro]]
[[ja:quattro]]
[[ko:quattro]]
[[ku:quattro]]
[[no:quattro]]
[[oc:quattro]]
[[pl:quattro]]
[[sv:quattro]]
[[tr:quattro]]
[[zh:quattro]]</text>
<sha1>6pjdklee7s2p5ll85vc786afu6p6j4d</sha1>
</revision>
<revision>
<id>360061</id>
<parentid>342054</parentid>
<timestamp>2008-06-10T16:49:01Z</timestamp>
<contributor>
<username>SpaceBirdyBot</username>
<id>973</id>
</contributor>
<minor />
<comment>Bot:  Adicionando: [[lt:quattro]], [[nl:quattro]], [[uk:quattro]] [r5545]</comment>
<model>wikitext</model>
<format>text/x-wiki</format>
<text bytes="1019" xml:space="preserve">=Italiano=

== Numeral ==
'''quat.tro''' ''numeral cardinal''

:*O número ''[[quatro]]''  (4).

== Ordinal equivalente ==

:* [[quarto]]

=== Outros verbetes ===

[[tre]] [[cinque]]
=== Tradução ===
*{{en}}: [[four]]
*{{de}}: [[Vier]]
*{{cs}}: [[čtyři]]
*{{fr}}: [[quatre]]
*{{it}}: [[quattro]]
* Latim: [[quatuor]] ou [[quattuor]]
* Grego: [[τέσσερα|τέσσερις]] (m./f.),  [[τέσσερα]] (n.)
* Finlandês: [[neljä]]
* Árabe:  '''[[اربعة]]''' (arba:a)
* Tupi: [[erundi]]
* Japonês: [[shi]]
* Galês: [[pedwar]]
* {{pl}}: [[cztery]]
[[Categoria:Numeral (Italiano)|# 000004]][[Categoria:Italiano]]

[[de:quattro]]
[[el:quattro]]
[[en:quattro]]
[[es:quattro]]
[[fi:quattro]]
[[fr:quattro]]
[[fy:quattro]]
[[ga:quattro]]
[[gl:quattro]]
[[hu:quattro]]
[[hy:quattro]]
[[id:quattro]]
[[io:quattro]]
[[it:quattro]]
[[ja:quattro]]
[[ko:quattro]]
[[ku:quattro]]
[[lt:quattro]]
[[nl:quattro]]
[[no:quattro]]
[[oc:quattro]]
[[pl:quattro]]
[[sv:quattro]]
[[tr:quattro]]
[[uk:quattro]]
[[zh:quattro]]</text>
<sha1>ix8avicmzsi9q4oga7sztp5btw8bj57</sha1>
</revision>
<revision>
<id>368106</id>
<parentid>360061</parentid>
<timestamp>2008-07-17T10:44:34Z</timestamp>
<contributor>
<username>SpaceBirdyBot</username>
<id>973</id>
</contributor>
<minor />
<comment>Bot:  Adicionando: [[is:quattro]]</comment>
<model>wikitext</model>
<format>text/x-wiki</format>
<text bytes="1034" xml:space="preserve">=Italiano=

== Numeral ==
'''quat.tro''' ''numeral cardinal''

:*O número ''[[quatro]]''  (4).

== Ordinal equivalente ==

:* [[quarto]]

=== Outros verbetes ===

[[tre]] [[cinque]]
=== Tradução ===
*{{en}}: [[four]]
*{{de}}: [[Vier]]
*{{cs}}: [[čtyři]]
*{{fr}}: [[quatre]]
*{{it}}: [[quattro]]
* Latim: [[quatuor]] ou [[quattuor]]
* Grego: [[τέσσερα|τέσσερις]] (m./f.),  [[τέσσερα]] (n.)
* Finlandês: [[neljä]]
* Árabe:  '''[[اربعة]]''' (arba:a)
* Tupi: [[erundi]]
* Japonês: [[shi]]
* Galês: [[pedwar]]
* {{pl}}: [[cztery]]
[[Categoria:Numeral (Italiano)|# 000004]][[Categoria:Italiano]]

[[de:quattro]]
[[el:quattro]]
[[en:quattro]]
[[es:quattro]]
[[fi:quattro]]
[[fr:quattro]]
[[fy:quattro]]
[[ga:quattro]]
[[gl:quattro]]
[[hu:quattro]]
[[hy:quattro]]
[[id:quattro]]
[[io:quattro]]
[[is:quattro]]
[[it:quattro]]
[[ja:quattro]]
[[ko:quattro]]
[[ku:quattro]]
[[lt:quattro]]
[[nl:quattro]]
[[no:quattro]]
[[oc:quattro]]
[[pl:quattro]]
[[sv:quattro]]
[[tr:quattro]]
[[uk:quattro]]
[[zh:quattro]]</text>
<sha1>k6uns6oxeu2d309qdwbpfl96423uiz3</sha1>
</revision>
<revision>
<id>393711</id>
<parentid>368106</parentid>
<timestamp>2008-11-08T23:07:25Z</timestamp>
<contributor>
<username>SpaceBirdyBot</username>
<id>973</id>
</contributor>
<minor />
<comment>Bot:  Adicionando: [[az:quattro]]</comment>
<model>wikitext</model>
<format>text/x-wiki</format>
<text bytes="1049" xml:space="preserve">=Italiano=

== Numeral ==
'''quat.tro''' ''numeral cardinal''

:*O número ''[[quatro]]''  (4).

== Ordinal equivalente ==

:* [[quarto]]

=== Outros verbetes ===

[[tre]] [[cinque]]
=== Tradução ===
*{{en}}: [[four]]
*{{de}}: [[Vier]]
*{{cs}}: [[čtyři]]
*{{fr}}: [[quatre]]
*{{it}}: [[quattro]]
* Latim: [[quatuor]] ou [[quattuor]]
* Grego: [[τέσσερα|τέσσερις]] (m./f.),  [[τέσσερα]] (n.)
* Finlandês: [[neljä]]
* Árabe:  '''[[اربعة]]''' (arba:a)
* Tupi: [[erundi]]
* Japonês: [[shi]]
* Galês: [[pedwar]]
* {{pl}}: [[cztery]]
[[Categoria:Numeral (Italiano)|# 000004]][[Categoria:Italiano]]

[[az:quattro]]
[[de:quattro]]
[[el:quattro]]
[[en:quattro]]
[[es:quattro]]
[[fi:quattro]]
[[fr:quattro]]
[[fy:quattro]]
[[ga:quattro]]
[[gl:quattro]]
[[hu:quattro]]
[[hy:quattro]]
[[id:quattro]]
[[io:quattro]]
[[is:quattro]]
[[it:quattro]]
[[ja:quattro]]
[[ko:quattro]]
[[ku:quattro]]
[[lt:quattro]]
[[nl:quattro]]
[[no:quattro]]
[[oc:quattro]]
[[pl:quattro]]
[[sv:quattro]]
[[tr:quattro]]
[[uk:quattro]]
[[zh:quattro]]</text>
<sha1>m297b10lxbebhkp8s4fkcrrfwdbzret</sha1>
</revision>
<revision>
<id>502261</id>
<parentid>393711</parentid>
<timestamp>2009-07-30T17:32:50Z</timestamp>
<contributor>
<username>VolkovBot</username>
<id>2944</id>
</contributor>
<minor />
<comment>Bot: Adicionando: [[ru:quattro]]</comment>
<model>wikitext</model>
<format>text/x-wiki</format>
<text bytes="1064" xml:space="preserve">=Italiano=

== Numeral ==
'''quat.tro''' ''numeral cardinal''

:*O número ''[[quatro]]''  (4).

== Ordinal equivalente ==

:* [[quarto]]

=== Outros verbetes ===

[[tre]] [[cinque]]
=== Tradução ===
*{{en}}: [[four]]
*{{de}}: [[Vier]]
*{{cs}}: [[čtyři]]
*{{fr}}: [[quatre]]
*{{it}}: [[quattro]]
* Latim: [[quatuor]] ou [[quattuor]]
* Grego: [[τέσσερα|τέσσερις]] (m./f.),  [[τέσσερα]] (n.)
* Finlandês: [[neljä]]
* Árabe:  '''[[اربعة]]''' (arba:a)
* Tupi: [[erundi]]
* Japonês: [[shi]]
* Galês: [[pedwar]]
* {{pl}}: [[cztery]]
[[Categoria:Numeral (Italiano)|# 000004]][[Categoria:Italiano]]

[[az:quattro]]
[[de:quattro]]
[[el:quattro]]
[[en:quattro]]
[[es:quattro]]
[[fi:quattro]]
[[fr:quattro]]
[[fy:quattro]]
[[ga:quattro]]
[[gl:quattro]]
[[hu:quattro]]
[[hy:quattro]]
[[id:quattro]]
[[io:quattro]]
[[is:quattro]]
[[it:quattro]]
[[ja:quattro]]
[[ko:quattro]]
[[ku:quattro]]
[[lt:quattro]]
[[nl:quattro]]
[[no:quattro]]
[[oc:quattro]]
[[pl:quattro]]
[[ru:quattro]]
[[sv:quattro]]
[[tr:quattro]]
[[uk:quattro]]
[[zh:quattro]]</text>
<sha1>jayqp0p6fryppz58qnky7gebykpltik</sha1>
</revision>
<revision>
<id>509213</id>
<parentid>502261</parentid>
<timestamp>2009-08-11T21:59:39Z</timestamp>
<contributor>
<username>Cadum-Bot</username>
<id>8150</id>
</contributor>
<minor />
<comment>Idioma...</comment>
<model>wikitext</model>
<format>text/x-wiki</format>
<text bytes="1044" xml:space="preserve">=Italiano=

== Numeral ==
'''quat.tro''' ''numeral cardinal''

:*O número ''[[quatro]]''  (4).

=== Ordinal equivalente ===

:* [[quarto]]

=== Outros verbetes ===

[[tre]] [[cinque]]
=== Tradução ===
*{{en}}: [[four]]
*{{de}}: [[Vier]]
*{{cs}}: [[čtyři]]
*{{fr}}: [[quatre]]
*{{it}}: [[quattro]]
* Latim: [[quatuor]] ou [[quattuor]]
* Grego: [[τέσσερα|τέσσερις]] (m./f.),  [[τέσσερα]] (n.)
* Finlandês: [[neljä]]
* Árabe:  '''[[اربعة]]''' (arba:a)
* Tupi: [[erundi]]
* Japonês: [[shi]]
* Galês: [[pedwar]]
* {{pl}}: [[cztery]]
[[Categoria:Numeral (Italiano)|# 000004]]

[[az:quattro]]
[[de:quattro]]
[[el:quattro]]
[[en:quattro]]
[[es:quattro]]
[[fi:quattro]]
[[fr:quattro]]
[[fy:quattro]]
[[ga:quattro]]
[[gl:quattro]]
[[hu:quattro]]
[[hy:quattro]]
[[id:quattro]]
[[io:quattro]]
[[is:quattro]]
[[it:quattro]]
[[ja:quattro]]
[[ko:quattro]]
[[ku:quattro]]
[[lt:quattro]]
[[nl:quattro]]
[[no:quattro]]
[[oc:quattro]]
[[pl:quattro]]
[[ru:quattro]]
[[sv:quattro]]
[[tr:quattro]]
[[uk:quattro]]
[[zh:quattro]]</text>
<sha1>jm3zuabvs77u43whz4qrte8p4143413</sha1>
</revision>
<revision>
<id>526239</id>
<parentid>509213</parentid>
<timestamp>2009-08-31T14:25:46Z</timestamp>
<contributor>
<username>Interwicket</username>
<id>6868</id>
</contributor>
<minor />
<comment>iwiki +[[:hr:quattro]]</comment>
<model>wikitext</model>
<format>text/x-wiki</format>
<text bytes="1059" xml:space="preserve">=Italiano=

== Numeral ==
'''quat.tro''' ''numeral cardinal''

:*O número ''[[quatro]]''  (4).

=== Ordinal equivalente ===

:* [[quarto]]

=== Outros verbetes ===

[[tre]] [[cinque]]
=== Tradução ===
*{{en}}: [[four]]
*{{de}}: [[Vier]]
*{{cs}}: [[čtyři]]
*{{fr}}: [[quatre]]
*{{it}}: [[quattro]]
* Latim: [[quatuor]] ou [[quattuor]]
* Grego: [[τέσσερα|τέσσερις]] (m./f.),  [[τέσσερα]] (n.)
* Finlandês: [[neljä]]
* Árabe:  '''[[اربعة]]''' (arba:a)
* Tupi: [[erundi]]
* Japonês: [[shi]]
* Galês: [[pedwar]]
* {{pl}}: [[cztery]]
[[Categoria:Numeral (Italiano)|# 000004]]

[[az:quattro]]
[[de:quattro]]
[[el:quattro]]
[[en:quattro]]
[[es:quattro]]
[[fi:quattro]]
[[fr:quattro]]
[[fy:quattro]]
[[ga:quattro]]
[[gl:quattro]]
[[hr:quattro]]
[[hu:quattro]]
[[hy:quattro]]
[[id:quattro]]
[[io:quattro]]
[[is:quattro]]
[[it:quattro]]
[[ja:quattro]]
[[ko:quattro]]
[[ku:quattro]]
[[lt:quattro]]
[[nl:quattro]]
[[no:quattro]]
[[oc:quattro]]
[[pl:quattro]]
[[ru:quattro]]
[[sv:quattro]]
[[tr:quattro]]
[[uk:quattro]]
[[zh:quattro]]</text>
<sha1>5u3sv6muqef4i0a76ygq4tyekcwdpyz</sha1>
</revision>
<revision>
<id>687982</id>
<parentid>526239</parentid>
<timestamp>2010-01-05T21:05:35Z</timestamp>
<contributor>
<username>Interwicket</username>
<id>6868</id>
</contributor>
<minor />
<comment>iwiki +[[:eu:quattro]]</comment>
<model>wikitext</model>
<format>text/x-wiki</format>
<text bytes="1074" xml:space="preserve">=Italiano=

== Numeral ==
'''quat.tro''' ''numeral cardinal''

:*O número ''[[quatro]]''  (4).

=== Ordinal equivalente ===

:* [[quarto]]

=== Outros verbetes ===

[[tre]] [[cinque]]
=== Tradução ===
*{{en}}: [[four]]
*{{de}}: [[Vier]]
*{{cs}}: [[čtyři]]
*{{fr}}: [[quatre]]
*{{it}}: [[quattro]]
* Latim: [[quatuor]] ou [[quattuor]]
* Grego: [[τέσσερα|τέσσερις]] (m./f.),  [[τέσσερα]] (n.)
* Finlandês: [[neljä]]
* Árabe:  '''[[اربعة]]''' (arba:a)
* Tupi: [[erundi]]
* Japonês: [[shi]]
* Galês: [[pedwar]]
* {{pl}}: [[cztery]]
[[Categoria:Numeral (Italiano)|# 000004]]

[[az:quattro]]
[[de:quattro]]
[[el:quattro]]
[[en:quattro]]
[[es:quattro]]
[[eu:quattro]]
[[fi:quattro]]
[[fr:quattro]]
[[fy:quattro]]
[[ga:quattro]]
[[gl:quattro]]
[[hr:quattro]]
[[hu:quattro]]
[[hy:quattro]]
[[id:quattro]]
[[io:quattro]]
[[is:quattro]]
[[it:quattro]]
[[ja:quattro]]
[[ko:quattro]]
[[ku:quattro]]
[[lt:quattro]]
[[nl:quattro]]
[[no:quattro]]
[[oc:quattro]]
[[pl:quattro]]
[[ru:quattro]]
[[sv:quattro]]
[[tr:quattro]]
[[uk:quattro]]
[[zh:quattro]]</text>
<sha1>frp8rk09y97flt7la8a7w9t31dynxcs</sha1>
</revision>
<revision>
<id>859121</id>
<parentid>687982</parentid>
<timestamp>2010-04-20T20:18:37Z</timestamp>
<contributor>
<username>Interwicket</username>
<id>6868</id>
</contributor>
<minor />
<comment>iwiki +[[:wa:quattro]]</comment>
<model>wikitext</model>
<format>text/x-wiki</format>
<text bytes="1089" xml:space="preserve">=Italiano=

== Numeral ==
'''quat.tro''' ''numeral cardinal''

:*O número ''[[quatro]]''  (4).

=== Ordinal equivalente ===

:* [[quarto]]

=== Outros verbetes ===

[[tre]] [[cinque]]
=== Tradução ===
*{{en}}: [[four]]
*{{de}}: [[Vier]]
*{{cs}}: [[čtyři]]
*{{fr}}: [[quatre]]
*{{it}}: [[quattro]]
* Latim: [[quatuor]] ou [[quattuor]]
* Grego: [[τέσσερα|τέσσερις]] (m./f.),  [[τέσσερα]] (n.)
* Finlandês: [[neljä]]
* Árabe:  '''[[اربعة]]''' (arba:a)
* Tupi: [[erundi]]
* Japonês: [[shi]]
* Galês: [[pedwar]]
* {{pl}}: [[cztery]]
[[Categoria:Numeral (Italiano)|# 000004]]

[[az:quattro]]
[[de:quattro]]
[[el:quattro]]
[[en:quattro]]
[[es:quattro]]
[[eu:quattro]]
[[fi:quattro]]
[[fr:quattro]]
[[fy:quattro]]
[[ga:quattro]]
[[gl:quattro]]
[[hr:quattro]]
[[hu:quattro]]
[[hy:quattro]]
[[id:quattro]]
[[io:quattro]]
[[is:quattro]]
[[it:quattro]]
[[ja:quattro]]
[[ko:quattro]]
[[ku:quattro]]
[[lt:quattro]]
[[nl:quattro]]
[[no:quattro]]
[[oc:quattro]]
[[pl:quattro]]
[[ru:quattro]]
[[sv:quattro]]
[[tr:quattro]]
[[uk:quattro]]
[[wa:quattro]]
[[zh:quattro]]</text>
<sha1>3hnm7ap38oli34o0xb18bwxeqzpljkc</sha1>
</revision>
<revision>
<id>912010</id>
<parentid>859121</parentid>
<timestamp>2010-07-04T15:53:53Z</timestamp>
<contributor>
<username>Interwicket</username>
<id>6868</id>
</contributor>
<minor />
<comment>iwiki +[[:cy:quattro]]</comment>
<model>wikitext</model>
<format>text/x-wiki</format>
<text bytes="1104" xml:space="preserve">=Italiano=

== Numeral ==
'''quat.tro''' ''numeral cardinal''

:*O número ''[[quatro]]''  (4).

=== Ordinal equivalente ===

:* [[quarto]]

=== Outros verbetes ===

[[tre]] [[cinque]]
=== Tradução ===
*{{en}}: [[four]]
*{{de}}: [[Vier]]
*{{cs}}: [[čtyři]]
*{{fr}}: [[quatre]]
*{{it}}: [[quattro]]
* Latim: [[quatuor]] ou [[quattuor]]
* Grego: [[τέσσερα|τέσσερις]] (m./f.),  [[τέσσερα]] (n.)
* Finlandês: [[neljä]]
* Árabe:  '''[[اربعة]]''' (arba:a)
* Tupi: [[erundi]]
* Japonês: [[shi]]
* Galês: [[pedwar]]
* {{pl}}: [[cztery]]
[[Categoria:Numeral (Italiano)|# 000004]]

[[az:quattro]]
[[cy:quattro]]
[[de:quattro]]
[[el:quattro]]
[[en:quattro]]
[[es:quattro]]
[[eu:quattro]]
[[fi:quattro]]
[[fr:quattro]]
[[fy:quattro]]
[[ga:quattro]]
[[gl:quattro]]
[[hr:quattro]]
[[hu:quattro]]
[[hy:quattro]]
[[id:quattro]]
[[io:quattro]]
[[is:quattro]]
[[it:quattro]]
[[ja:quattro]]
[[ko:quattro]]
[[ku:quattro]]
[[lt:quattro]]
[[nl:quattro]]
[[no:quattro]]
[[oc:quattro]]
[[pl:quattro]]
[[ru:quattro]]
[[sv:quattro]]
[[tr:quattro]]
[[uk:quattro]]
[[wa:quattro]]
[[zh:quattro]]</text>
<sha1>r1mviymo41ovvw04lga0ew9idzq5iv0</sha1>
</revision>
<revision>
<id>1071666</id>
<parentid>912010</parentid>
<timestamp>2011-04-30T04:35:44Z</timestamp>
<contributor>
<username>Luckas-bot</username>
<id>5986</id>
</contributor>
<minor />
<comment>r2.6.2) (Bot: Adicionando: [[ta:quattro]]</comment>
<model>wikitext</model>
<format>text/x-wiki</format>
<text bytes="1119" xml:space="preserve">=Italiano=

== Numeral ==
'''quat.tro''' ''numeral cardinal''

:*O número ''[[quatro]]''  (4).

=== Ordinal equivalente ===

:* [[quarto]]

=== Outros verbetes ===

[[tre]] [[cinque]]
=== Tradução ===
*{{en}}: [[four]]
*{{de}}: [[Vier]]
*{{cs}}: [[čtyři]]
*{{fr}}: [[quatre]]
*{{it}}: [[quattro]]
* Latim: [[quatuor]] ou [[quattuor]]
* Grego: [[τέσσερα|τέσσερις]] (m./f.),  [[τέσσερα]] (n.)
* Finlandês: [[neljä]]
* Árabe:  '''[[اربعة]]''' (arba:a)
* Tupi: [[erundi]]
* Japonês: [[shi]]
* Galês: [[pedwar]]
* {{pl}}: [[cztery]]
[[Categoria:Numeral (Italiano)|# 000004]]

[[az:quattro]]
[[cy:quattro]]
[[de:quattro]]
[[el:quattro]]
[[en:quattro]]
[[es:quattro]]
[[eu:quattro]]
[[fi:quattro]]
[[fr:quattro]]
[[fy:quattro]]
[[ga:quattro]]
[[gl:quattro]]
[[hr:quattro]]
[[hu:quattro]]
[[hy:quattro]]
[[id:quattro]]
[[io:quattro]]
[[is:quattro]]
[[it:quattro]]
[[ja:quattro]]
[[ko:quattro]]
[[ku:quattro]]
[[lt:quattro]]
[[nl:quattro]]
[[no:quattro]]
[[oc:quattro]]
[[pl:quattro]]
[[ru:quattro]]
[[sv:quattro]]
[[ta:quattro]]
[[tr:quattro]]
[[uk:quattro]]
[[wa:quattro]]
[[zh:quattro]]</text>
<sha1>k1car27pvovp1a3dyd6m2iftuwydx09</sha1>
</revision>
<revision>
<id>1079046</id>
<parentid>1071666</parentid>
<timestamp>2011-05-22T20:47:00Z</timestamp>
<contributor>
<username>ValJor</username>
<id>1358</id>
</contributor>
<comment>Desfazendo link para [[Vier]] para poder deletar o redirecionamento para minúscula</comment>
<model>wikitext</model>
<format>text/x-wiki</format>
<text bytes="796" xml:space="preserve">=Italiano=
==Numeral==
'''quat.tro''' ''numeral cardinal''
# [[quatro]] (4)

===Ordinal equivalente===
* [[quarto]]

==Ver também==
===No Wikcionário===
{{verTambém.Ini}}
* [[tre]]
{{verTambém.NovaColuna}}
* [[cinque]]
{{verTambém.Fim}}

[[Categoria:Numeral (Italiano)|# 000004]]

[[az:quattro]]
[[cy:quattro]]
[[de:quattro]]
[[el:quattro]]
[[en:quattro]]
[[es:quattro]]
[[eu:quattro]]
[[fi:quattro]]
[[fr:quattro]]
[[fy:quattro]]
[[ga:quattro]]
[[gl:quattro]]
[[hr:quattro]]
[[hu:quattro]]
[[hy:quattro]]
[[id:quattro]]
[[io:quattro]]
[[is:quattro]]
[[it:quattro]]
[[ja:quattro]]
[[ko:quattro]]
[[ku:quattro]]
[[lt:quattro]]
[[nl:quattro]]
[[no:quattro]]
[[oc:quattro]]
[[pl:quattro]]
[[ru:quattro]]
[[sv:quattro]]
[[ta:quattro]]
[[tr:quattro]]
[[uk:quattro]]
[[wa:quattro]]
[[zh:quattro]]</text>
<sha1>5gwwm9mfaytoaxll1kzbb5pyasv8z2c</sha1>
</revision>
<revision>
<id>1261487</id>
<parentid>1079046</parentid>
<timestamp>2011-10-20T14:44:28Z</timestamp>
<contributor>
<username>KamikazeBot</username>
<id>23176</id>
</contributor>
<minor />
<comment>r2.6.4) (Robô: A adicionar: [[ast:quattro]], [[mg:quattro]]</comment>
<model>wikitext</model>
<format>text/x-wiki</format>
<text bytes="827" xml:space="preserve">=Italiano=
==Numeral==
'''quat.tro''' ''numeral cardinal''
# [[quatro]] (4)

===Ordinal equivalente===
* [[quarto]]

==Ver também==
===No Wikcionário===
{{verTambém.Ini}}
* [[tre]]
{{verTambém.NovaColuna}}
* [[cinque]]
{{verTambém.Fim}}

[[Categoria:Numeral (Italiano)|# 000004]]

[[ast:quattro]]
[[az:quattro]]
[[cy:quattro]]
[[de:quattro]]
[[el:quattro]]
[[en:quattro]]
[[es:quattro]]
[[eu:quattro]]
[[fi:quattro]]
[[fr:quattro]]
[[fy:quattro]]
[[ga:quattro]]
[[gl:quattro]]
[[hr:quattro]]
[[hu:quattro]]
[[hy:quattro]]
[[id:quattro]]
[[io:quattro]]
[[is:quattro]]
[[it:quattro]]
[[ja:quattro]]
[[ko:quattro]]
[[ku:quattro]]
[[lt:quattro]]
[[mg:quattro]]
[[nl:quattro]]
[[no:quattro]]
[[oc:quattro]]
[[pl:quattro]]
[[ru:quattro]]
[[sv:quattro]]
[[ta:quattro]]
[[tr:quattro]]
[[uk:quattro]]
[[wa:quattro]]
[[zh:quattro]]</text>
<sha1>3xoce05hbds4vjte063s45kwdkgyouj</sha1>
</revision>
<revision>
<id>1287702</id>
<parentid>1261487</parentid>
<timestamp>2011-11-18T00:03:58Z</timestamp>
<contributor>
<username>MalafayaBot</username>
<id>628</id>
</contributor>
<minor />
<comment>Robô: Substituição de texto automática (-^\=(\s*?)Italiano(\s*?)\= +={{-it-}}= &amp; -^\=(\s*?)\{\{it\}\}(\s*?)\= +={{-it-}}=)</comment>
<model>wikitext</model>
<format>text/x-wiki</format>
<text bytes="827" xml:space="preserve">={{-it-}}=
==Numeral==
'''quat.tro''' ''numeral cardinal''
# [[quatro]] (4)

===Ordinal equivalente===
* [[quarto]]

==Ver também==
===No Wikcionário===
{{verTambém.Ini}}
* [[tre]]
{{verTambém.NovaColuna}}
* [[cinque]]
{{verTambém.Fim}}

[[Categoria:Numeral (Italiano)|# 000004]]

[[ast:quattro]]
[[az:quattro]]
[[cy:quattro]]
[[de:quattro]]
[[el:quattro]]
[[en:quattro]]
[[es:quattro]]
[[eu:quattro]]
[[fi:quattro]]
[[fr:quattro]]
[[fy:quattro]]
[[ga:quattro]]
[[gl:quattro]]
[[hr:quattro]]
[[hu:quattro]]
[[hy:quattro]]
[[id:quattro]]
[[io:quattro]]
[[is:quattro]]
[[it:quattro]]
[[ja:quattro]]
[[ko:quattro]]
[[ku:quattro]]
[[lt:quattro]]
[[mg:quattro]]
[[nl:quattro]]
[[no:quattro]]
[[oc:quattro]]
[[pl:quattro]]
[[ru:quattro]]
[[sv:quattro]]
[[ta:quattro]]
[[tr:quattro]]
[[uk:quattro]]
[[wa:quattro]]
[[zh:quattro]]</text>
<sha1>mkxtucbxdz7q2u997trseeahlgovger</sha1>
</revision>
<revision>
<id>1319239</id>
<parentid>1287702</parentid>
<timestamp>2011-12-03T12:40:19Z</timestamp>
<contributor>
<username>KamikazeBot</username>
<id>23176</id>
</contributor>
<minor />
<comment>r2.6.4) (Robô: A adicionar: [[tl:quattro]]</comment>
<model>wikitext</model>
<format>text/x-wiki</format>
<text bytes="842" xml:space="preserve">={{-it-}}=
==Numeral==
'''quat.tro''' ''numeral cardinal''
# [[quatro]] (4)

===Ordinal equivalente===
* [[quarto]]

==Ver também==
===No Wikcionário===
{{verTambém.Ini}}
* [[tre]]
{{verTambém.NovaColuna}}
* [[cinque]]
{{verTambém.Fim}}

[[Categoria:Numeral (Italiano)|# 000004]]

[[ast:quattro]]
[[az:quattro]]
[[cy:quattro]]
[[de:quattro]]
[[el:quattro]]
[[en:quattro]]
[[es:quattro]]
[[eu:quattro]]
[[fi:quattro]]
[[fr:quattro]]
[[fy:quattro]]
[[ga:quattro]]
[[gl:quattro]]
[[hr:quattro]]
[[hu:quattro]]
[[hy:quattro]]
[[id:quattro]]
[[io:quattro]]
[[is:quattro]]
[[it:quattro]]
[[ja:quattro]]
[[ko:quattro]]
[[ku:quattro]]
[[lt:quattro]]
[[mg:quattro]]
[[nl:quattro]]
[[no:quattro]]
[[oc:quattro]]
[[pl:quattro]]
[[ru:quattro]]
[[sv:quattro]]
[[ta:quattro]]
[[tl:quattro]]
[[tr:quattro]]
[[uk:quattro]]
[[wa:quattro]]
[[zh:quattro]]</text>
<sha1>db8f9hyktkkrkkp7qxzf4gqqu2c9xr6</sha1>
</revision>
<revision>
<id>1708090</id>
<parentid>1319239</parentid>
<timestamp>2013-08-07T06:06:05Z</timestamp>
<contributor>
<username>HydrizBot</username>
<id>29590</id>
</contributor>
<minor />
<comment>r2.7.3) (Robô: A adicionar: [[uz:quattro]]</comment>
<model>wikitext</model>
<format>text/x-wiki</format>
<text bytes="857" xml:space="preserve">={{-it-}}=
==Numeral==
'''quat.tro''' ''numeral cardinal''
# [[quatro]] (4)

===Ordinal equivalente===
* [[quarto]]

==Ver também==
===No Wikcionário===
{{verTambém.Ini}}
* [[tre]]
{{verTambém.NovaColuna}}
* [[cinque]]
{{verTambém.Fim}}

[[Categoria:Numeral (Italiano)|# 000004]]

[[ast:quattro]]
[[az:quattro]]
[[cy:quattro]]
[[de:quattro]]
[[el:quattro]]
[[en:quattro]]
[[es:quattro]]
[[eu:quattro]]
[[fi:quattro]]
[[fr:quattro]]
[[fy:quattro]]
[[ga:quattro]]
[[gl:quattro]]
[[hr:quattro]]
[[hu:quattro]]
[[hy:quattro]]
[[id:quattro]]
[[io:quattro]]
[[is:quattro]]
[[it:quattro]]
[[ja:quattro]]
[[ko:quattro]]
[[ku:quattro]]
[[lt:quattro]]
[[mg:quattro]]
[[nl:quattro]]
[[no:quattro]]
[[oc:quattro]]
[[pl:quattro]]
[[ru:quattro]]
[[sv:quattro]]
[[ta:quattro]]
[[tl:quattro]]
[[tr:quattro]]
[[uk:quattro]]
[[uz:quattro]]
[[wa:quattro]]
[[zh:quattro]]</text>
<sha1>ef7qjqt6lqe9kehb23d3nz7khc5442p</sha1>
</revision>
<revision>
<id>1715213</id>
<parentid>1708090</parentid>
<timestamp>2013-08-19T11:58:05Z</timestamp>
<contributor>
<username>HydrizBot</username>
<id>29590</id>
</contributor>
<minor />
<comment>r2.7.3) (Robô: A adicionar: [[chr:quattro]]</comment>
<model>wikitext</model>
<format>text/x-wiki</format>
<text bytes="873" xml:space="preserve">={{-it-}}=
==Numeral==
'''quat.tro''' ''numeral cardinal''
# [[quatro]] (4)

===Ordinal equivalente===
* [[quarto]]

==Ver também==
===No Wikcionário===
{{verTambém.Ini}}
* [[tre]]
{{verTambém.NovaColuna}}
* [[cinque]]
{{verTambém.Fim}}

[[Categoria:Numeral (Italiano)|# 000004]]

[[ast:quattro]]
[[az:quattro]]
[[chr:quattro]]
[[cy:quattro]]
[[de:quattro]]
[[el:quattro]]
[[en:quattro]]
[[es:quattro]]
[[eu:quattro]]
[[fi:quattro]]
[[fr:quattro]]
[[fy:quattro]]
[[ga:quattro]]
[[gl:quattro]]
[[hr:quattro]]
[[hu:quattro]]
[[hy:quattro]]
[[id:quattro]]
[[io:quattro]]
[[is:quattro]]
[[it:quattro]]
[[ja:quattro]]
[[ko:quattro]]
[[ku:quattro]]
[[lt:quattro]]
[[mg:quattro]]
[[nl:quattro]]
[[no:quattro]]
[[oc:quattro]]
[[pl:quattro]]
[[ru:quattro]]
[[sv:quattro]]
[[ta:quattro]]
[[tl:quattro]]
[[tr:quattro]]
[[uk:quattro]]
[[uz:quattro]]
[[wa:quattro]]
[[zh:quattro]]</text>
<sha1>sk0th438qnx1zeawo8y97zm10gylaqn</sha1>
</revision>
<revision>
<id>1862320</id>
<parentid>1715213</parentid>
<timestamp>2014-09-24T22:40:41Z</timestamp>
<contributor>
<username>JAnDbot</username>
<id>25083</id>
</contributor>
<minor />
<comment>r2.7.3) (Robô: A adicionar: [[nds:quattro]], [[so:quattro]]</comment>
<model>wikitext</model>
<format>text/x-wiki</format>
<text bytes="904" xml:space="preserve">={{-it-}}=
==Numeral==
'''quat.tro''' ''numeral cardinal''
# [[quatro]] (4)

===Ordinal equivalente===
* [[quarto]]

==Ver também==
===No Wikcionário===
{{verTambém.Ini}}
* [[tre]]
{{verTambém.NovaColuna}}
* [[cinque]]
{{verTambém.Fim}}

[[Categoria:Numeral (Italiano)|# 000004]]

[[ast:quattro]]
[[az:quattro]]
[[chr:quattro]]
[[cy:quattro]]
[[de:quattro]]
[[el:quattro]]
[[en:quattro]]
[[es:quattro]]
[[eu:quattro]]
[[fi:quattro]]
[[fr:quattro]]
[[fy:quattro]]
[[ga:quattro]]
[[gl:quattro]]
[[hr:quattro]]
[[hu:quattro]]
[[hy:quattro]]
[[id:quattro]]
[[io:quattro]]
[[is:quattro]]
[[it:quattro]]
[[ja:quattro]]
[[ko:quattro]]
[[ku:quattro]]
[[lt:quattro]]
[[mg:quattro]]
[[nds:quattro]]
[[nl:quattro]]
[[no:quattro]]
[[oc:quattro]]
[[pl:quattro]]
[[ru:quattro]]
[[so:quattro]]
[[sv:quattro]]
[[ta:quattro]]
[[tl:quattro]]
[[tr:quattro]]
[[uk:quattro]]
[[uz:quattro]]
[[wa:quattro]]
[[zh:quattro]]</text>
<sha1>atd74tdu7hactitwjil1j2ohlel1suo</sha1>
</revision>
<revision>
<id>1930921</id>
<parentid>1862320</parentid>
<timestamp>2015-05-18T21:04:46Z</timestamp>
<contributor>
<username>YS-Bot</username>
<id>32241</id>
</contributor>
<minor />
<comment>r2.7.3) (Robô: A adicionar: [[et:quattro]]</comment>
<model>wikitext</model>
<format>text/x-wiki</format>
<text bytes="919" xml:space="preserve">={{-it-}}=
==Numeral==
'''quat.tro''' ''numeral cardinal''
# [[quatro]] (4)

===Ordinal equivalente===
* [[quarto]]

==Ver também==
===No Wikcionário===
{{verTambém.Ini}}
* [[tre]]
{{verTambém.NovaColuna}}
* [[cinque]]
{{verTambém.Fim}}

[[Categoria:Numeral (Italiano)|# 000004]]

[[ast:quattro]]
[[az:quattro]]
[[chr:quattro]]
[[cy:quattro]]
[[de:quattro]]
[[el:quattro]]
[[en:quattro]]
[[es:quattro]]
[[et:quattro]]
[[eu:quattro]]
[[fi:quattro]]
[[fr:quattro]]
[[fy:quattro]]
[[ga:quattro]]
[[gl:quattro]]
[[hr:quattro]]
[[hu:quattro]]
[[hy:quattro]]
[[id:quattro]]
[[io:quattro]]
[[is:quattro]]
[[it:quattro]]
[[ja:quattro]]
[[ko:quattro]]
[[ku:quattro]]
[[lt:quattro]]
[[mg:quattro]]
[[nds:quattro]]
[[nl:quattro]]
[[no:quattro]]
[[oc:quattro]]
[[pl:quattro]]
[[ru:quattro]]
[[so:quattro]]
[[sv:quattro]]
[[ta:quattro]]
[[tl:quattro]]
[[tr:quattro]]
[[uk:quattro]]
[[uz:quattro]]
[[wa:quattro]]
[[zh:quattro]]</text>
<sha1>rajf2w58wsplo909ls6cq61xs34dy6u</sha1>
</revision>
<revision>
<id>1986962</id>
<parentid>1930921</parentid>
<timestamp>2015-08-23T10:25:19Z</timestamp>
<contributor>
<username>YS-Bot</username>
<id>32241</id>
</contributor>
<minor />
<comment>r2.7.3) (Robô: A adicionar: [[ay:quattro]], [[mi:quattro]], [[roa-rup:quattro]]</comment>
<model>wikitext</model>
<format>text/x-wiki</format>
<text bytes="969" xml:space="preserve">={{-it-}}=
==Numeral==
'''quat.tro''' ''numeral cardinal''
# [[quatro]] (4)

===Ordinal equivalente===
* [[quarto]]

==Ver também==
===No Wikcionário===
{{verTambém.Ini}}
* [[tre]]
{{verTambém.NovaColuna}}
* [[cinque]]
{{verTambém.Fim}}

[[Categoria:Numeral (Italiano)|# 000004]]

[[ast:quattro]]
[[ay:quattro]]
[[az:quattro]]
[[chr:quattro]]
[[cy:quattro]]
[[de:quattro]]
[[el:quattro]]
[[en:quattro]]
[[es:quattro]]
[[et:quattro]]
[[eu:quattro]]
[[fi:quattro]]
[[fr:quattro]]
[[fy:quattro]]
[[ga:quattro]]
[[gl:quattro]]
[[hr:quattro]]
[[hu:quattro]]
[[hy:quattro]]
[[id:quattro]]
[[io:quattro]]
[[is:quattro]]
[[it:quattro]]
[[ja:quattro]]
[[ko:quattro]]
[[ku:quattro]]
[[lt:quattro]]
[[mg:quattro]]
[[mi:quattro]]
[[nds:quattro]]
[[nl:quattro]]
[[no:quattro]]
[[oc:quattro]]
[[pl:quattro]]
[[roa-rup:quattro]]
[[ru:quattro]]
[[so:quattro]]
[[sv:quattro]]
[[ta:quattro]]
[[tl:quattro]]
[[tr:quattro]]
[[uk:quattro]]
[[uz:quattro]]
[[wa:quattro]]
[[zh:quattro]]</text>
<sha1>89ll4zne0pfe4o0xknqy2hv9uoco6ci</sha1>
</revision>
<revision>
<id>2036192</id>
<parentid>1986962</parentid>
<timestamp>2015-11-13T07:36:44Z</timestamp>
<contributor>
<username>HydrizBot</username>
<id>29590</id>
</contributor>
<minor />
<comment>Robô: A adicionar: [[da:quattro]], [[mn:quattro]]</comment>
<model>wikitext</model>
<format>text/x-wiki</format>
<text bytes="999" xml:space="preserve">={{-it-}}=
==Numeral==
'''quat.tro''' ''numeral cardinal''
# [[quatro]] (4)

===Ordinal equivalente===
* [[quarto]]

==Ver também==
===No Wikcionário===
{{verTambém.Ini}}
* [[tre]]
{{verTambém.NovaColuna}}
* [[cinque]]
{{verTambém.Fim}}

[[Categoria:Numeral (Italiano)|# 000004]]

[[ast:quattro]]
[[ay:quattro]]
[[az:quattro]]
[[chr:quattro]]
[[cy:quattro]]
[[da:quattro]]
[[de:quattro]]
[[el:quattro]]
[[en:quattro]]
[[es:quattro]]
[[et:quattro]]
[[eu:quattro]]
[[fi:quattro]]
[[fr:quattro]]
[[fy:quattro]]
[[ga:quattro]]
[[gl:quattro]]
[[hr:quattro]]
[[hu:quattro]]
[[hy:quattro]]
[[id:quattro]]
[[io:quattro]]
[[is:quattro]]
[[it:quattro]]
[[ja:quattro]]
[[ko:quattro]]
[[ku:quattro]]
[[lt:quattro]]
[[mg:quattro]]
[[mi:quattro]]
[[mn:quattro]]
[[nds:quattro]]
[[nl:quattro]]
[[no:quattro]]
[[oc:quattro]]
[[pl:quattro]]
[[roa-rup:quattro]]
[[ru:quattro]]
[[so:quattro]]
[[sv:quattro]]
[[ta:quattro]]
[[tl:quattro]]
[[tr:quattro]]
[[uk:quattro]]
[[uz:quattro]]
[[wa:quattro]]
[[zh:quattro]]</text>
<sha1>1p1kxb92v455gxrli2d1wp53i5r7wvh</sha1>
</revision>
<revision>
<id>2051606</id>
<parentid>2036192</parentid>
<timestamp>2015-12-29T23:07:27Z</timestamp>
<contributor>
<username>HydrizBot</username>
<id>29590</id>
</contributor>
<minor />
<comment>Robô: A adicionar: [[tt:quattro]]</comment>
<model>wikitext</model>
<format>text/x-wiki</format>
<text bytes="1014" xml:space="preserve">={{-it-}}=
==Numeral==
'''quat.tro''' ''numeral cardinal''
# [[quatro]] (4)

===Ordinal equivalente===
* [[quarto]]

==Ver também==
===No Wikcionário===
{{verTambém.Ini}}
* [[tre]]
{{verTambém.NovaColuna}}
* [[cinque]]
{{verTambém.Fim}}

[[Categoria:Numeral (Italiano)|# 000004]]

[[ast:quattro]]
[[ay:quattro]]
[[az:quattro]]
[[chr:quattro]]
[[cy:quattro]]
[[da:quattro]]
[[de:quattro]]
[[el:quattro]]
[[en:quattro]]
[[es:quattro]]
[[et:quattro]]
[[eu:quattro]]
[[fi:quattro]]
[[fr:quattro]]
[[fy:quattro]]
[[ga:quattro]]
[[gl:quattro]]
[[hr:quattro]]
[[hu:quattro]]
[[hy:quattro]]
[[id:quattro]]
[[io:quattro]]
[[is:quattro]]
[[it:quattro]]
[[ja:quattro]]
[[ko:quattro]]
[[ku:quattro]]
[[lt:quattro]]
[[mg:quattro]]
[[mi:quattro]]
[[mn:quattro]]
[[nds:quattro]]
[[nl:quattro]]
[[no:quattro]]
[[oc:quattro]]
[[pl:quattro]]
[[roa-rup:quattro]]
[[ru:quattro]]
[[so:quattro]]
[[sv:quattro]]
[[ta:quattro]]
[[tl:quattro]]
[[tr:quattro]]
[[tt:quattro]]
[[uk:quattro]]
[[uz:quattro]]
[[wa:quattro]]
[[zh:quattro]]</text>
<sha1>n7hrdim45xnqe92dwsrok1p7o3xfv80</sha1>
</revision>
<revision>
<id>2077576</id>
<parentid>2051606</parentid>
<timestamp>2016-03-28T03:33:20Z</timestamp>
<contributor>
<username>HydrizBot</username>
<id>29590</id>
</contributor>
<minor />
<comment>Robô: A adicionar: [[co:quattro]]</comment>
<model>wikitext</model>
<format>text/x-wiki</format>
<text bytes="1029" xml:space="preserve">={{-it-}}=
==Numeral==
'''quat.tro''' ''numeral cardinal''
# [[quatro]] (4)

===Ordinal equivalente===
* [[quarto]]

==Ver também==
===No Wikcionário===
{{verTambém.Ini}}
* [[tre]]
{{verTambém.NovaColuna}}
* [[cinque]]
{{verTambém.Fim}}

[[Categoria:Numeral (Italiano)|# 000004]]

[[ast:quattro]]
[[ay:quattro]]
[[az:quattro]]
[[chr:quattro]]
[[co:quattro]]
[[cy:quattro]]
[[da:quattro]]
[[de:quattro]]
[[el:quattro]]
[[en:quattro]]
[[es:quattro]]
[[et:quattro]]
[[eu:quattro]]
[[fi:quattro]]
[[fr:quattro]]
[[fy:quattro]]
[[ga:quattro]]
[[gl:quattro]]
[[hr:quattro]]
[[hu:quattro]]
[[hy:quattro]]
[[id:quattro]]
[[io:quattro]]
[[is:quattro]]
[[it:quattro]]
[[ja:quattro]]
[[ko:quattro]]
[[ku:quattro]]
[[lt:quattro]]
[[mg:quattro]]
[[mi:quattro]]
[[mn:quattro]]
[[nds:quattro]]
[[nl:quattro]]
[[no:quattro]]
[[oc:quattro]]
[[pl:quattro]]
[[roa-rup:quattro]]
[[ru:quattro]]
[[so:quattro]]
[[sv:quattro]]
[[ta:quattro]]
[[tl:quattro]]
[[tr:quattro]]
[[tt:quattro]]
[[uk:quattro]]
[[uz:quattro]]
[[wa:quattro]]
[[zh:quattro]]</text>
<sha1>4b70u8p18n57pull6bethtfav2xfmgg</sha1>
</revision>
<revision>
<id>2219124</id>
<parentid>2077576</parentid>
<timestamp>2017-01-05T01:45:57Z</timestamp>
<contributor>
<username>UT-interwiki-Bot</username>
<id>56129</id>
</contributor>
<minor />
<comment>Robô: A adicionar: [[ca:quattro]]</comment>
<model>wikitext</model>
<format>text/x-wiki</format>
<text bytes="1044" xml:space="preserve">={{-it-}}=
==Numeral==
'''quat.tro''' ''numeral cardinal''
# [[quatro]] (4)

===Ordinal equivalente===
* [[quarto]]

==Ver também==
===No Wikcionário===
{{verTambém.Ini}}
* [[tre]]
{{verTambém.NovaColuna}}
* [[cinque]]
{{verTambém.Fim}}

[[Categoria:Numeral (Italiano)|# 000004]]

[[ast:quattro]]
[[ay:quattro]]
[[az:quattro]]
[[ca:quattro]]
[[chr:quattro]]
[[co:quattro]]
[[cy:quattro]]
[[da:quattro]]
[[de:quattro]]
[[el:quattro]]
[[en:quattro]]
[[es:quattro]]
[[et:quattro]]
[[eu:quattro]]
[[fi:quattro]]
[[fr:quattro]]
[[fy:quattro]]
[[ga:quattro]]
[[gl:quattro]]
[[hr:quattro]]
[[hu:quattro]]
[[hy:quattro]]
[[id:quattro]]
[[io:quattro]]
[[is:quattro]]
[[it:quattro]]
[[ja:quattro]]
[[ko:quattro]]
[[ku:quattro]]
[[lt:quattro]]
[[mg:quattro]]
[[mi:quattro]]
[[mn:quattro]]
[[nds:quattro]]
[[nl:quattro]]
[[no:quattro]]
[[oc:quattro]]
[[pl:quattro]]
[[roa-rup:quattro]]
[[ru:quattro]]
[[so:quattro]]
[[sv:quattro]]
[[ta:quattro]]
[[tl:quattro]]
[[tr:quattro]]
[[tt:quattro]]
[[uk:quattro]]
[[uz:quattro]]
[[wa:quattro]]
[[zh:quattro]]</text>
<sha1>tt2p01ecwia2kr1jlat2lsqd19zqrdy</sha1>
</revision>
<revision>
<id>2238484</id>
<parentid>2219124</parentid>
<timestamp>2017-02-14T18:00:26Z</timestamp>
<contributor>
<username>UT-interwiki-Bot</username>
<id>56129</id>
</contributor>
<minor />
<comment>Robô: A adicionar: [[eo:quattro]]</comment>
<model>wikitext</model>
<format>text/x-wiki</format>
<text bytes="1059" xml:space="preserve">={{-it-}}=
==Numeral==
'''quat.tro''' ''numeral cardinal''
# [[quatro]] (4)

===Ordinal equivalente===
* [[quarto]]

==Ver também==
===No Wikcionário===
{{verTambém.Ini}}
* [[tre]]
{{verTambém.NovaColuna}}
* [[cinque]]
{{verTambém.Fim}}

[[Categoria:Numeral (Italiano)|# 000004]]

[[ast:quattro]]
[[ay:quattro]]
[[az:quattro]]
[[ca:quattro]]
[[chr:quattro]]
[[co:quattro]]
[[cy:quattro]]
[[da:quattro]]
[[de:quattro]]
[[el:quattro]]
[[en:quattro]]
[[eo:quattro]]
[[es:quattro]]
[[et:quattro]]
[[eu:quattro]]
[[fi:quattro]]
[[fr:quattro]]
[[fy:quattro]]
[[ga:quattro]]
[[gl:quattro]]
[[hr:quattro]]
[[hu:quattro]]
[[hy:quattro]]
[[id:quattro]]
[[io:quattro]]
[[is:quattro]]
[[it:quattro]]
[[ja:quattro]]
[[ko:quattro]]
[[ku:quattro]]
[[lt:quattro]]
[[mg:quattro]]
[[mi:quattro]]
[[mn:quattro]]
[[nds:quattro]]
[[nl:quattro]]
[[no:quattro]]
[[oc:quattro]]
[[pl:quattro]]
[[roa-rup:quattro]]
[[ru:quattro]]
[[so:quattro]]
[[sv:quattro]]
[[ta:quattro]]
[[tl:quattro]]
[[tr:quattro]]
[[tt:quattro]]
[[uk:quattro]]
[[uz:quattro]]
[[wa:quattro]]
[[zh:quattro]]</text>
<sha1>fyqxy5b3fjx3xc6daq24yurhamae66o</sha1>
</revision>
<revision>
<id>2396874</id>
<parentid>2238484</parentid>
<timestamp>2017-05-13T11:05:53Z</timestamp>
<contributor>
<username>HydrizBot</username>
<id>29590</id>
</contributor>
<minor />
<comment>Robô: A limpar links interwikis antigos</comment>
<model>wikitext</model>
<format>text/x-wiki</format>
<text bytes="285" xml:space="preserve">={{-it-}}=
==Numeral==
'''quat.tro''' ''numeral cardinal''
# [[quatro]] (4)

===Ordinal equivalente===
* [[quarto]]

==Ver também==
===No Wikcionário===
{{verTambém.Ini}}
* [[tre]]
{{verTambém.NovaColuna}}
* [[cinque]]
{{verTambém.Fim}}

[[Categoria:Numeral (Italiano)|# 000004]]</text>
<sha1>e3hj9k2dn0vbn4mkif5nlmjs19dpzhd</sha1>
</revision>
<revision>
<id>2456452</id>
<parentid>2396874</parentid>
<timestamp>2017-10-22T05:03:11Z</timestamp>
<contributor>
<username>Spanier</username>
<id>43713</id>
</contributor>
<comment>suplementos</comment>
<model>wikitext</model>
<format>text/x-wiki</format>
<text bytes="357" xml:space="preserve">={{-it-}}=
==Numeral==
{{paroxítona|quat|tro|lang=it}}, ''cardinal'', ''indeclinável'' (''ordinal: [[quarto#{{it}}|quarto]]'')
# [[quatro]]

=={{etimologia|it}}==
:{{llietimo|la|quattuor|it}}

=={{pronúncia|it}}==
* [[AFI]]: {{AFI|/ˈkuattro/|it}}

==Ver também==
===No Wikcionário===
{{números/it}}

[[Categoria:Numeral cardinal (Italiano)|# 000004]]</text>
<sha1>pi5ztor2li41l1576ddyslvq4jh8htj</sha1>
</revision>
<revision>
<id>2470722</id>
<parentid>2456452</parentid>
<timestamp>2017-12-15T12:56:56Z</timestamp>
<contributor>
<username>ValJor</username>
<id>1358</id>
</contributor>
<comment>Desfazendo ligação para Ajuda:Guia de pronúncia/Italiano</comment>
<model>wikitext</model>
<format>text/x-wiki</format>
<text bytes="360" xml:space="preserve">={{-it-}}=
==Numeral==
{{paroxítona|quat|tro|lang=it}}, {{gramática|card}}, ''indeclinável'' (''ordinal: [[quarto#{{it}}|quarto]]'')
# [[quatro]]

=={{etimologia|it}}==
{{llietimo|la|quattuor|it}}

=={{pronúncia|it}}==
* [[AFI]]: {{AFI|/ˈkuattro/}}

==Ver também==
===No Wikcionário===
{{números/it}}

[[Categoria:Numeral cardinal (Italiano)|# 000004]]</text>
<sha1>a85wwkhq6njdgi4aq09k17qc2w0mm32</sha1>
</revision>
</page>
