<title>quatríduo</title>
<ns>0</ns>
<id>313456</id>
<revision>
<id>1672303</id>
<timestamp>2013-03-24T20:13:44Z</timestamp>
<contributor>
<ip>200.153.179.254</ip>
</contributor>
<comment>[[Ajuda:Guia de edição/Menus e ferramentas/Sumário de edição|→]] nova página: ={{-pt-}}= ==Substantivo==  {{flex.pt|MS=quatríduo|MP=quatríduos}} {{proparoxítona aparente|qua|trí|du|o}...</comment>
<model>wikitext</model>
<format>text/x-wiki</format>
<text bytes="1052" xml:space="preserve">={{-pt-}}=
==Substantivo==
{{flex.pt|MS=quatríduo|MP=quatríduos}}
{{proparoxítona aparente|qua|trí|du|o}}, {{m}}

# [[período]] [[de]] [[quatro]] [[dia]]s [[consecutivo]]s.

=={{etimologia}}==
: Do [[latim]] ''[[quatriduu]]''.

==Ver também==
===No Wikcionário===
* [[bíduo]];
* [[tríduo]].

==Ligações externas==
* no Dic. de Líng. Portug. Priberam: [http://www.priberam.pt/dlpo/definir_resultados.aspx?pal={{PAGENAME}} {{PAGENAME}}]  &lt;small&gt;([http://www.priberam.pt/dlpo/dlpo.aspx © 2006 Priberam Informática])&lt;/small&gt;.
* na MorDebe Portuguesa: [http://www.iltec.pt/mordebe/?action=search&amp;base=form&amp;sel=exact&amp;query={{PAGENAME}} {{PAGENAME}}] &lt;small&gt;([http://www.iltec.pt/mordebe/index.php © ILTEC-Instituto Linguística Teórica e Computacional])&lt;/small&gt;.
* em  ''O Corpus do Português'': [http://www.corpusdoportugues.org/x3.asp?s=n&amp;w4={{PAGENAME}} {{PAGENAME}}] &lt;small&gt;([http://www.corpusdoportugues.org/ © O Corpus do Português])&lt;/small&gt;.

[[Categoria:Substantivo (Português)]]
[[Categoria:Entrada com etimologia (Português)]]</text>
<sha1>o2ysx3aqzo0txbg0b2m642v0u0r91at</sha1>
</revision>
<revision>
<id>1672304</id>
<parentid>1672303</parentid>
<timestamp>2013-03-24T20:15:00Z</timestamp>
<contributor>
<ip>200.153.179.254</ip>
</contributor>
<model>wikitext</model>
<format>text/x-wiki</format>
<text bytes="626" xml:space="preserve">={{-pt-}}=
==Substantivo==
{{flex.pt|MS=quatríduo|MP=quatríduos}}
{{proparoxítona aparente|qua|trí|du|o}}, {{m}}

# [[período]] [[de]] [[quatro]] [[dia]]s [[consecutivo]]s.

=={{etimologia}}==
: Do [[latim]] ''[[quatriduu]]''.

==Ver também==
===No Wikcionário===
* [[bíduo]];
* [[tríduo]].

==Ligações externas==
* no Dic. de Líng. Portug. Priberam: [http://www.priberam.pt/dlpo/definir_resultados.aspx?pal={{PAGENAME}} {{PAGENAME}}]  &lt;small&gt;([http://www.priberam.pt/dlpo/dlpo.aspx © 2006 Priberam Informática])&lt;/small&gt;.

[[Categoria:Substantivo (Português)]]
[[Categoria:Entrada com etimologia (Português)]]</text>
<sha1>jfmwz5y98av9z9f73yhtc2l3nh12h5d</sha1>
</revision>
<revision>
<id>1689858</id>
<parentid>1672304</parentid>
<timestamp>2013-05-22T15:43:36Z</timestamp>
<contributor>
<ip>201.13.175.185</ip>
</contributor>
<model>wikitext</model>
<format>text/x-wiki</format>
<text bytes="659" xml:space="preserve">={{-pt-}}=
==Substantivo==
{{flex.pt|MS=quatríduo|MP=quatríduos}}
{{proparoxítona aparente|qua|trí|du|o}}, {{m}}

# [[período]] [[de]] [[quatro]] [[dia]]s [[consecutivo]]s.

=={{etimologia}}==
: Do [[latim]] ''[[quatriduu]]''.

==Ver também==
===No Wikcionário===
* [[bíduo]];
* [[tríduo]].

==Ligações externas==
* no Dic. de Líng. Portug. Priberam: [http://www.priberam.pt/dlpo/definir_resultados.aspx?pal={{PAGENAME}} {{PAGENAME}}]  &lt;small&gt;([http://www.priberam.pt/dlpo/dlpo.aspx © 2006 Priberam Informática])&lt;/small&gt;.

[[Categoria:Substantivo (Português)]]
[[Categoria:Entrada com etimologia (Português)]]
[[Categoria:Tempo (Português)]]</text>
<sha1>9dmh2orhqajf6mtoourgfub31rbq5l4</sha1>
</revision>
<revision>
<id>1730455</id>
<parentid>1689858</parentid>
<timestamp>2013-09-15T19:08:24Z</timestamp>
<contributor>
<username>MIL973</username>
<id>41339</id>
</contributor>
<model>wikitext</model>
<format>text/x-wiki</format>
<text bytes="612" xml:space="preserve">={{-pt-}}=
==Substantivo==
{{flex.pt|MS=quatríduo|MP=quatríduos}}
{{proparoxítona aparente|qua|trí|du|o}}, {{m}}

# [[período]] [[de]] [[quatro]] [[dia]]s [[consecutivo]]s.

=={{etimologia|pt}}==
: Do [[latim]] ''[[quatriduu]]''.

==Ver também==
===No Wikcionário===
* [[bíduo]];
* [[tríduo]].

==Ligações externas==
* no Dic. de Líng. Portug. Priberam: [http://www.priberam.pt/dlpo/definir_resultados.aspx?pal={{PAGENAME}} {{PAGENAME}}]  &lt;small&gt;([http://www.priberam.pt/dlpo/dlpo.aspx © 2006 Priberam Informática])&lt;/small&gt;.

[[Categoria:Substantivo (Português)]]
[[Categoria:Tempo (Português)]]</text>
<sha1>fg54xhwo7kcyv0m7wkzr49l6lf7uewc</sha1>
</revision>
<revision>
<id>1730456</id>
<parentid>1730455</parentid>
<timestamp>2013-09-15T19:10:57Z</timestamp>
<contributor>
<username>MIL973</username>
<id>41339</id>
</contributor>
<model>wikitext</model>
<format>text/x-wiki</format>
<text bytes="673" xml:space="preserve">={{-pt-}}=
==Substantivo==
{{flex.pt|MS=quatríduo|MP=quatríduos}}
{{proparoxítona aparente|qua|trí|du|o}}, {{m}}

# [[período]] [[de]] [[quatro]] [[dia]]s [[consecutivo]]s

=={{etimologia|pt}}==
: Do [[latim]] ''[[quatriduu]]''.

==Ver também==
===No Wikcionário===
{{verTambém.Ini}}
* [[bíduo]]
{{verTambém.NovaColuna}}
* [[tríduo]]
{{verTambém.Fim}}

==Ligações externas==
* no Dic. de Líng. Portug. Priberam: [http://www.priberam.pt/dlpo/definir_resultados.aspx?pal={{PAGENAME}} {{PAGENAME}}]  &lt;small&gt;([http://www.priberam.pt/dlpo/dlpo.aspx © 2006 Priberam Informática])&lt;/small&gt;.

[[Categoria:Substantivo (Português)]]
[[Categoria:Tempo (Português)]]</text>
<sha1>17zl87hyfh06so39dzs7zpehzslrklu</sha1>
</revision>
<revision>
<id>1759389</id>
<parentid>1730456</parentid>
<timestamp>2013-10-22T18:56:08Z</timestamp>
<contributor>
<username>MIL973</username>
<id>41339</id>
</contributor>
<model>wikitext</model>
<format>text/x-wiki</format>
<text bytes="730" xml:space="preserve">={{-pt-}}=
==Substantivo==
{{flex.pt|ms=quatríduo|mp=quatríduos}}
{{proparoxítona aparente|qua|trí|du|o}}, {{m}}

# [[período]] [[de]] [[quatro]] [[dia]]s [[consecutivo]]s

=={{etimologia|pt}}==
: Do [[latim]] {{etimo|la|quatriduu}}.

==Ver também==
===No Wikcionário===
{{verTambém.Ini}}
* [[bíduo]]
{{verTambém.NovaColuna}}
* [[tríduo]]
{{verTambém.Fim}}

==Ligações externas==
* no Dic. de Líng. Portug. Priberam: [http://www.priberam.pt/dlpo/definir_resultados.aspx?pal={{PAGENAME}} {{PAGENAME}}]  &lt;small&gt;([http://www.priberam.pt/dlpo/dlpo.aspx © 2006 Priberam Informática])&lt;/small&gt;.

[[Categoria:Substantivo (Português)]]
[[Categoria:Entrada de étimo latino (Português)]]
[[Categoria:Tempo (Português)]]</text>
<sha1>f2ls6596mqlxk2yw9o66501um8ypfyd</sha1>
</revision>
<revision>
<id>2066364</id>
<parentid>1759389</parentid>
<timestamp>2016-02-29T09:40:45Z</timestamp>
<contributor>
<username>MIL973</username>
<id>41339</id>
</contributor>
<model>wikitext</model>
<format>text/x-wiki</format>
<text bytes="521" xml:space="preserve">={{-pt-}}=
==Substantivo==
{{flex.pt|ms=quatríduo|mp=quatríduos}}
{{proparoxítona aparente|qua|trí|du|o}}, {{m}}
# [[período]] de [[quatro]] [[dia]]s consecutivos

=={{etimologia|pt}}==
: Do latim {{etimo|la|quatriduu}}.

==Ver também==
===No Wikcionário===
{{verTambém.Ini}}
* [[bíduo]]
{{verTambém.NovaColuna}}
* [[tríduo]]
{{verTambém.Fim}}

==Ligações externas==
* {{Priberam}}

[[Categoria:Substantivo (Português)]]
[[Categoria:Entrada de étimo latino (Português)]]
[[Categoria:Tempo (Português)]]</text>
<sha1>971opeu0yn8nkcwfcr3cpas3ahoz0jn</sha1>
</revision>
</page>
