<title>quatrocentismo</title>
<ns>0</ns>
<id>339721</id>
<revision>
<id>1929507</id>
<timestamp>2015-05-12T12:19:54Z</timestamp>
<contributor>
<username>MIL973</username>
<id>41339</id>
</contributor>
<comment>[[Ajuda:Guia de edição/Menus e ferramentas/Sumário de edição|→]] nova página: ={{-pt-}}= ==Substantivo== {{flex.pt|ms=quatrocentismo|mp=quatrocentismos}} {{paroxítona|qua|tro|cen|tis|mo}...</comment>
<model>wikitext</model>
<format>text/x-wiki</format>
<text bytes="634" xml:space="preserve">={{-pt-}}=
==Substantivo==
{{flex.pt|ms=quatrocentismo|mp=quatrocentismos}}
{{paroxítona|qua|tro|cen|tis|mo}}, {{m}}
# [[estilo]] ou [[escola]] [[literário|literária]] dos [[quatrocentista]]s

=={{etimologia|pt}}==
: {{escopo|Morfologia}} [[quatrocentos]] + [[-ismo]].

==Ver também==
===No Wikcionário===
{{verTambém.Ini}}
* [[ducentismo]]
* [[ducentista]]
* [[novecentismo]]
* [[novecentista]]
* [[oitocentismo]]
* [[oitocentista]]
* [[quinhentismo]]
{{verTambém.NovaColuna}}
* [[quinhentista]]
* [[seiscentismo]]
* [[seiscentista]]
* [[setecentismo]]
* [[setecentista]]
* [[trecentismo]]
* [[trecentista]]
{{verTambém.Fim}}</text>
<sha1>mma64i3gbk6pgv206xksg1ahvsl92sc</sha1>
</revision>
<revision>
<id>1929508</id>
<parentid>1929507</parentid>
<timestamp>2015-05-12T12:20:18Z</timestamp>
<contributor>
<username>MIL973</username>
<id>41339</id>
</contributor>
<minor />
<comment>adicionou [[Categoria:Substantivo (Português)]] usando [[Wikcionário:HotCat|HotCat]]</comment>
<model>wikitext</model>
<format>text/x-wiki</format>
<text bytes="674" xml:space="preserve">={{-pt-}}=
==Substantivo==
{{flex.pt|ms=quatrocentismo|mp=quatrocentismos}}
{{paroxítona|qua|tro|cen|tis|mo}}, {{m}}
# [[estilo]] ou [[escola]] [[literário|literária]] dos [[quatrocentista]]s

=={{etimologia|pt}}==
: {{escopo|Morfologia}} [[quatrocentos]] + [[-ismo]].

==Ver também==
===No Wikcionário===
{{verTambém.Ini}}
* [[ducentismo]]
* [[ducentista]]
* [[novecentismo]]
* [[novecentista]]
* [[oitocentismo]]
* [[oitocentista]]
* [[quinhentismo]]
{{verTambém.NovaColuna}}
* [[quinhentista]]
* [[seiscentismo]]
* [[seiscentista]]
* [[setecentismo]]
* [[setecentista]]
* [[trecentismo]]
* [[trecentista]]
{{verTambém.Fim}}

[[Categoria:Substantivo (Português)]]</text>
<sha1>3jeit5jd3w7r2i3d03idv531e5finxu</sha1>
</revision>
<revision>
<id>1929509</id>
<parentid>1929508</parentid>
<timestamp>2015-05-12T12:20:38Z</timestamp>
<contributor>
<username>MIL973</username>
<id>41339</id>
</contributor>
<minor />
<comment>adicionou [[Categoria:Arte (Português)]] usando [[Wikcionário:HotCat|HotCat]]</comment>
<model>wikitext</model>
<format>text/x-wiki</format>
<text bytes="706" xml:space="preserve">={{-pt-}}=
==Substantivo==
{{flex.pt|ms=quatrocentismo|mp=quatrocentismos}}
{{paroxítona|qua|tro|cen|tis|mo}}, {{m}}
# [[estilo]] ou [[escola]] [[literário|literária]] dos [[quatrocentista]]s

=={{etimologia|pt}}==
: {{escopo|Morfologia}} [[quatrocentos]] + [[-ismo]].

==Ver também==
===No Wikcionário===
{{verTambém.Ini}}
* [[ducentismo]]
* [[ducentista]]
* [[novecentismo]]
* [[novecentista]]
* [[oitocentismo]]
* [[oitocentista]]
* [[quinhentismo]]
{{verTambém.NovaColuna}}
* [[quinhentista]]
* [[seiscentismo]]
* [[seiscentista]]
* [[setecentismo]]
* [[setecentista]]
* [[trecentismo]]
* [[trecentista]]
{{verTambém.Fim}}

[[Categoria:Substantivo (Português)]]
[[Categoria:Arte (Português)]]</text>
<sha1>44y59q09kl04brhe5b586q9fq15vowh</sha1>
</revision>
<revision>
<id>1929510</id>
<parentid>1929509</parentid>
<timestamp>2015-05-12T12:21:06Z</timestamp>
<contributor>
<username>MIL973</username>
<id>41339</id>
</contributor>
<minor />
<comment>adicionou [[Categoria:Literatura (Português)]] usando [[Wikcionário:HotCat|HotCat]]</comment>
<model>wikitext</model>
<format>text/x-wiki</format>
<text bytes="744" xml:space="preserve">={{-pt-}}=
==Substantivo==
{{flex.pt|ms=quatrocentismo|mp=quatrocentismos}}
{{paroxítona|qua|tro|cen|tis|mo}}, {{m}}
# [[estilo]] ou [[escola]] [[literário|literária]] dos [[quatrocentista]]s

=={{etimologia|pt}}==
: {{escopo|Morfologia}} [[quatrocentos]] + [[-ismo]].

==Ver também==
===No Wikcionário===
{{verTambém.Ini}}
* [[ducentismo]]
* [[ducentista]]
* [[novecentismo]]
* [[novecentista]]
* [[oitocentismo]]
* [[oitocentista]]
* [[quinhentismo]]
{{verTambém.NovaColuna}}
* [[quinhentista]]
* [[seiscentismo]]
* [[seiscentista]]
* [[setecentismo]]
* [[setecentista]]
* [[trecentismo]]
* [[trecentista]]
{{verTambém.Fim}}

[[Categoria:Substantivo (Português)]]
[[Categoria:Arte (Português)]]
[[Categoria:Literatura (Português)]]</text>
<sha1>tkxi4wiawpmip8fzhoaoktw0hfz1tgz</sha1>
</revision>
<revision>
<id>1930986</id>
<parentid>1929510</parentid>
<timestamp>2015-05-19T11:17:31Z</timestamp>
<contributor>
<username>MIL973</username>
<id>41339</id>
</contributor>
<model>wikitext</model>
<format>text/x-wiki</format>
<text bytes="790" xml:space="preserve">={{-pt-}}=
==Substantivo==
{{flex.pt|ms=quatrocentismo|mp=quatrocentismos}}
{{paroxítona|qua|tro|cen|tis|mo}}, {{m}}
# [[estilo]] ou [[escola]] [[literário|literária]] dos [[quatrocentista]]s

=={{etimologia|pt}}==
: {{escopo|Morfologia}} [[quatrocentos]] + [[-ismo]].

==Ver também==
===No Wikcionário===
{{verTambém.Ini}}
* [[ducentismo]]
* [[ducentista]]
* [[novecentismo]]
* [[novecentista]]
* [[oitocentismo]]
* [[oitocentista]]
* [[quinhentismo]]
{{verTambém.NovaColuna}}
* [[quinhentista]]
* [[seiscentismo]]
* [[seiscentista]]
* [[setecentismo]]
* [[setecentista]]
* [[trecentismo]]
* [[trecentista]]
{{verTambém.Fim}}
====Wikisaurus====
* [[Wikisaurus:arte|arte]]

[[Categoria:Substantivo (Português)]]
[[Categoria:Arte (Português)]]
[[Categoria:Literatura (Português)]]</text>
<sha1>4mcglfpvq76w4u4byb84ateazo783xe</sha1>
</revision>
</page>
