<title>quatrilhão</title>
<ns>0</ns>
<id>72061</id>
<revision>
<id>284928</id>
<timestamp>2007-07-19T20:23:09Z</timestamp>
<contributor>
<ip>200.159.154.90</ip>
</contributor>
<comment>[[Ajuda:Menus e funções/Sumário de edição#Sumário de edição automático|→]] nova página: {{wikipedia}} {{GrafiaPtpt|trilhão}} =Português= ==Numeral Cardinal== '''Qua.tri.&lt;u&gt;lhão&lt;/u&gt;'''...</comment>
<model>wikitext</model>
<format>text/x-wiki</format>
<text bytes="325" xml:space="preserve">{{wikipedia}}
{{GrafiaPtpt|trilhão}}
=Português=
==Numeral Cardinal==
'''Qua.tri.&lt;u&gt;lhão&lt;/u&gt;'''
# [[Mil]] [[Trilião|trilhões]]; 1.000.000.000.000.000
[[Categoria:Numeral Cardinal (Português)]]
[[Categoria:Trissílabo (Português)]]
[[Categoria:Oxítona (Português)]]
[[Categoria:Vocábulo com etimologia (Português)]]</text>
<sha1>fx6ruj1ju4l4kod6rvjf33zol82ccc2</sha1>
</revision>
<revision>
<id>284929</id>
<parentid>284928</parentid>
<timestamp>2007-07-19T20:24:14Z</timestamp>
<contributor>
<ip>200.159.154.90</ip>
</contributor>
<model>wikitext</model>
<format>text/x-wiki</format>
<text bytes="301" xml:space="preserve">{{wikipedia}}
=Português=
==Numeral Cardinal==
'''Qua.tri.&lt;u&gt;lhão&lt;/u&gt;'''
# [[Mil]] [[Trilião|trilhões]]; 1.000.000.000.000.000
[[Categoria:Numeral Cardinal (Português)]]
[[Categoria:Trissílabo (Português)]]
[[Categoria:Oxítona (Português)]]
[[Categoria:Vocábulo com etimologia (Português)]]</text>
<sha1>idmea4z234t3s84sh8crwmont10gk5t</sha1>
</revision>
<revision>
<id>285156</id>
<parentid>284929</parentid>
<timestamp>2007-07-20T09:18:30Z</timestamp>
<contributor>
<username>ValJor</username>
<id>1358</id>
</contributor>
<minor />
<comment>[[Quatrilhão]] movido para [[quatrilhão]]: substantivo comum</comment>
<model>wikitext</model>
<format>text/x-wiki</format>
<text bytes="301" xml:space="preserve">{{wikipedia}}
=Português=
==Numeral Cardinal==
'''Qua.tri.&lt;u&gt;lhão&lt;/u&gt;'''
# [[Mil]] [[Trilião|trilhões]]; 1.000.000.000.000.000
[[Categoria:Numeral Cardinal (Português)]]
[[Categoria:Trissílabo (Português)]]
[[Categoria:Oxítona (Português)]]
[[Categoria:Vocábulo com etimologia (Português)]]</text>
<sha1>idmea4z234t3s84sh8crwmont10gk5t</sha1>
</revision>
<revision>
<id>288554</id>
<parentid>285156</parentid>
<timestamp>2007-08-05T13:13:09Z</timestamp>
<contributor>
<username>ValJor</username>
<id>1358</id>
</contributor>
<comment>Apresentação do verbete</comment>
<model>wikitext</model>
<format>text/x-wiki</format>
<text bytes="287" xml:space="preserve">=Português=
==Numeral Cardinal==
'''qua.tri.&lt;u&gt;lhão&lt;/u&gt;'''
# [[mil]] [[trilhão|trilhões]]; 1.000.000.000.000.000
[[Categoria:Numeral Cardinal (Português)]]
[[Categoria:Trissílabo (Português)]]
[[Categoria:Oxítona (Português)]]
[[Categoria:Vocábulo com etimologia (Português)]]</text>
<sha1>dli2ub3aolkf0ezt4nhjfx87zckzvlk</sha1>
</revision>
<revision>
<id>318824</id>
<parentid>288554</parentid>
<timestamp>2007-12-28T00:47:36Z</timestamp>
<contributor>
<username>ValJor</username>
<id>1358</id>
</contributor>
<comment>Por um [[Especial:Lonelypages|wikcionário sem órfãos]]!</comment>
<model>wikitext</model>
<format>text/x-wiki</format>
<text bytes="386" xml:space="preserve">=Português=
==Numeral Cardinal==
'''qua.tri.&lt;u&gt;lhão&lt;/u&gt;'''
# [[mil]] [[trilhão|trilhões]]; 1.000.000.000.000.000
===Sinônimo===
* [[quadrilhão]]
* [[quatrilião]]
{{-etimologia-}}
: Do francês ''quatrillon''.
[[Categoria:Numeral Cardinal (Português)]]
[[Categoria:Trissílabo (Português)]]
[[Categoria:Oxítona (Português)]]
[[Categoria:Vocábulo com etimologia (Português)]]</text>
<sha1>k7uc5k1sopljgr0ri2h68zq3uf6fib8</sha1>
</revision>
<revision>
<id>543213</id>
<parentid>318824</parentid>
<timestamp>2009-09-22T17:19:10Z</timestamp>
<contributor>
<username>MalafayaBot</username>
<id>628</id>
</contributor>
<minor />
<comment>Bot: Mudança automática (-[[Categoria:Numeral Cardinal  +[[Categoria:Numeral cardinal , -|Numeral Cardinal +|Numeral cardinal)</comment>
<model>wikitext</model>
<format>text/x-wiki</format>
<text bytes="386" xml:space="preserve">=Português=
==Numeral Cardinal==
'''qua.tri.&lt;u&gt;lhão&lt;/u&gt;'''
# [[mil]] [[trilhão|trilhões]]; 1.000.000.000.000.000
===Sinônimo===
* [[quadrilhão]]
* [[quatrilião]]
{{-etimologia-}}
: Do francês ''quatrillon''.
[[Categoria:Numeral cardinal (Português)]]
[[Categoria:Trissílabo (Português)]]
[[Categoria:Oxítona (Português)]]
[[Categoria:Vocábulo com etimologia (Português)]]</text>
<sha1>rv6w3fti9b89cxrt0ecj6cwl52deynp</sha1>
</revision>
<revision>
<id>612310</id>
<parentid>543213</parentid>
<timestamp>2009-11-13T19:23:27Z</timestamp>
<contributor>
<username>Jesielt-bot</username>
<id>10876</id>
</contributor>
<comment>, Replaced: {{-etimologia-}} → =={{etimologia}}==, utilizando [[Project:AutoWikiBrowser|AWB]]</comment>
<model>wikitext</model>
<format>text/x-wiki</format>
<text bytes="388" xml:space="preserve">=Português=
==Numeral Cardinal==
'''qua.tri.&lt;u&gt;lhão&lt;/u&gt;'''
# [[mil]] [[trilhão|trilhões]]; 1.000.000.000.000.000
===Sinônimo===
* [[quadrilhão]]
* [[quatrilião]]
=={{etimologia}}==
: Do francês ''quatrillon''.
[[Categoria:Numeral cardinal (Português)]]
[[Categoria:Trissílabo (Português)]]
[[Categoria:Oxítona (Português)]]
[[Categoria:Vocábulo com etimologia (Português)]]</text>
<sha1>ewxc1ln65qrcvs0rfz03xv11n69wq44</sha1>
</revision>
<revision>
<id>1204526</id>
<parentid>612310</parentid>
<timestamp>2011-07-10T01:11:13Z</timestamp>
<contributor>
<username>MalafayaBot</username>
<id>628</id>
</contributor>
<minor />
<comment>Robô: Substituição de texto automática (-^\=\s?Português\s?\= +={{-pt-}}= &amp; -^\=\s?\{\{pt\}\}\s?\= +={{-pt-}}=)</comment>
<model>wikitext</model>
<format>text/x-wiki</format>
<text bytes="386" xml:space="preserve">={{-pt-}}=
==Numeral Cardinal==
'''qua.tri.&lt;u&gt;lhão&lt;/u&gt;'''
# [[mil]] [[trilhão|trilhões]]; 1.000.000.000.000.000
===Sinônimo===
* [[quadrilhão]]
* [[quatrilião]]
=={{etimologia}}==
: Do francês ''quatrillon''.
[[Categoria:Numeral cardinal (Português)]]
[[Categoria:Trissílabo (Português)]]
[[Categoria:Oxítona (Português)]]
[[Categoria:Vocábulo com etimologia (Português)]]</text>
<sha1>f7bmjb1sfuxvb5193yqli3tr1uyuedq</sha1>
</revision>
<revision>
<id>1415943</id>
<parentid>1204526</parentid>
<timestamp>2012-05-30T07:18:42Z</timestamp>
<contributor>
<ip>49.135.159.175</ip>
</contributor>
<comment>/* Sinônimo */</comment>
<model>wikitext</model>
<format>text/x-wiki</format>
<text bytes="369" xml:space="preserve">={{-pt-}}=
==Numeral Cardinal==
'''qua.tri.&lt;u&gt;lhão&lt;/u&gt;'''
# [[mil]] [[trilhão|trilhões]]; 1.000.000.000.000.000
===Sinônimo===
* [[quatrilião]]

=={{etimologia}}==
: Do francês ''quatrillon''.
[[Categoria:Numeral cardinal (Português)]]
[[Categoria:Trissílabo (Português)]]
[[Categoria:Oxítona (Português)]]
[[Categoria:Vocábulo com etimologia (Português)]]</text>
<sha1>jm6i3qslq6v1kirzeqlyqjy2ocgwyms</sha1>
</revision>
<revision>
<id>1426444</id>
<parentid>1415943</parentid>
<timestamp>2012-07-06T14:49:50Z</timestamp>
<contributor>
<username>ValJor</username>
<id>1358</id>
</contributor>
<comment>Desfeita a edição 1415943 de 49.135.159.175 ([[Utilizador Discussão:49.135.159.175|discussão]] | [[Special:Contributions/49.135.159.175|contribuições]]): por um [[Especial:Lonelypages|wikcionário sem órfãos]]: [[quadrilhão]]</comment>
<model>wikitext</model>
<format>text/x-wiki</format>
<text bytes="373" xml:space="preserve">={{-pt-}}=
==Numeral cardinal==
{{flex.pt|s=quatrilhão|p=quatrilhões}}
{{oxítona|qua|tri|lhão}}
# [[mil]] [[trilhão|trilhões]]; 1.000.000.000.000.000

==={{-varort-}}===
{{verTambém.Ini}}
* [[quadrilhão]]
{{verTambém.NovaColuna}}
* [[quatrilião]]
{{verTambém.Fim}}

=={{etimologia|pt}}==
: Do francês ''quatrillon''.

[[Categoria:Numeral cardinal (Português)]]</text>
<sha1>efvrn8zwtc9fo7owhnm6okvu5565njv</sha1>
</revision>
<revision>
<id>2134323</id>
<parentid>1426444</parentid>
<timestamp>2016-06-09T22:32:44Z</timestamp>
<contributor>
<username>UT-interwiki-Bot</username>
<id>56129</id>
</contributor>
<minor />
<comment>Robô: A adicionar: [[en:quatrilhão]]</comment>
<model>wikitext</model>
<format>text/x-wiki</format>
<text bytes="393" xml:space="preserve">={{-pt-}}=
==Numeral cardinal==
{{flex.pt|s=quatrilhão|p=quatrilhões}}
{{oxítona|qua|tri|lhão}}
# [[mil]] [[trilhão|trilhões]]; 1.000.000.000.000.000

==={{-varort-}}===
{{verTambém.Ini}}
* [[quadrilhão]]
{{verTambém.NovaColuna}}
* [[quatrilião]]
{{verTambém.Fim}}

=={{etimologia|pt}}==
: Do francês ''quatrillon''.

[[Categoria:Numeral cardinal (Português)]]

[[en:quatrilhão]]</text>
<sha1>b93y7e769iblyfkutu8exai90o4lpv6</sha1>
</revision>
<revision>
<id>2396868</id>
<parentid>2134323</parentid>
<timestamp>2017-05-13T11:05:24Z</timestamp>
<contributor>
<username>HydrizBot</username>
<id>29590</id>
</contributor>
<minor />
<comment>Robô: A limpar links interwikis antigos</comment>
<model>wikitext</model>
<format>text/x-wiki</format>
<text bytes="373" xml:space="preserve">={{-pt-}}=
==Numeral cardinal==
{{flex.pt|s=quatrilhão|p=quatrilhões}}
{{oxítona|qua|tri|lhão}}
# [[mil]] [[trilhão|trilhões]]; 1.000.000.000.000.000

==={{-varort-}}===
{{verTambém.Ini}}
* [[quadrilhão]]
{{verTambém.NovaColuna}}
* [[quatrilião]]
{{verTambém.Fim}}

=={{etimologia|pt}}==
: Do francês ''quatrillon''.

[[Categoria:Numeral cardinal (Português)]]</text>
<sha1>efvrn8zwtc9fo7owhnm6okvu5565njv</sha1>
</revision>
</page>
