<title>quatuor</title>
<ns>0</ns>
<id>2654</id>
<revision>
<id>8049</id>
<timestamp>2005-01-28T02:19:16Z</timestamp>
<contributor>
<username>Eusbarbosa</username>
<id>117</id>
</contributor>
<model>wikitext</model>
<format>text/x-wiki</format>
<text bytes="347" xml:space="preserve">==Latim==

=== Numeral ===
'''qua.tu.or''' ''numeral cardinal''  invariável

:*O número ''[[quatro]]''  (4).

=== Declinação ===

Todos os casos: [[quatuor]] ou [[quattuor]]


=== Ordinal equivalente ===


:* [[quarto]]

=== Outros verbetes ===

[[tres]], [[quinque]]
[[la:quatuor]]

[[Categoria:Numeral (Latim)|# 000004]][[Categoria:Latim]]</text>
<sha1>pyzlje10i4vr99kzsghlwczz529tedk</sha1>
</revision>
<revision>
<id>12345</id>
<parentid>8049</parentid>
<timestamp>2005-02-16T09:44:46Z</timestamp>
<contributor>
<username>E2mb0t~ptwiktionary</username>
<id>192</id>
</contributor>
<minor />
<comment>robot  Removendo:la</comment>
<model>wikitext</model>
<format>text/x-wiki</format>
<text bytes="331" xml:space="preserve">==Latim==

=== Numeral ===
'''qua.tu.or''' ''numeral cardinal''  invariável

:*O número ''[[quatro]]''  (4).

=== Declinação ===

Todos os casos: [[quatuor]] ou [[quattuor]]


=== Ordinal equivalente ===


:* [[quarto]]

=== Outros verbetes ===

[[tres]], [[quinque]]
[[Categoria:Numeral (Latim)|# 000004]][[Categoria:Latim]]</text>
<sha1>i4s6qkmwg6l7js2nagt6ch14wn7wewr</sha1>
</revision>
<revision>
<id>21565</id>
<parentid>12345</parentid>
<timestamp>2005-04-13T23:54:51Z</timestamp>
<contributor>
<username>Eusbarbosa</username>
<id>117</id>
</contributor>
<model>wikitext</model>
<format>text/x-wiki</format>
<text bytes="744" xml:space="preserve">==Latim==

=== Numeral ===
'''qua.tu.or''' ''numeral cardinal''  invariável

:*O número ''[[quatro]]''  (4).

=== Sinónimo ===
* [[quattuor]]

=== Declinação ===
Todos os casos: [[quatuor]] ou [[quattuor]]


=== Ordinal equivalente ===
:* [[quarto]]

=== Outros verbetes ===
[[tres]], [[quinque]]


=== Tradução ===
*{{en}}: [[four]]
*{{de}}: [[Vier]]
*{{cs}}: [[čtyři]]
*{{fr}}: [[quatre]]
*{{it}}: [[quattro]]
* Latim: [[quatuor]] ou [[quattuor]]
* Grego: [[τέσσερα|τέσσερις]] (m./f.),  [[τέσσερα]] (n.)
* Finlandês: [[neljä]]
* Árabe:  '''[[اربعة]]''' (arba:a)
* Tupi: [[erundi]]
* Japonês: [[shi]]
* Galês: [[pedwar]]
* {{pl}}: [[cztery]]


[[Categoria:Numeral (Latim)|# 000004]][[Categoria:Latim]]</text>
<sha1>fxxb1ft494cybqv1rh34w54pejc0mc0</sha1>
</revision>
<revision>
<id>46783</id>
<parentid>21565</parentid>
<timestamp>2005-10-18T12:54:56Z</timestamp>
<contributor>
<username>LeonardoRob0t</username>
<id>197</id>
</contributor>
<minor />
<comment>robot  Adicionando: et</comment>
<model>wikitext</model>
<format>text/x-wiki</format>
<text bytes="760" xml:space="preserve">==Latim==

=== Numeral ===
'''qua.tu.or''' ''numeral cardinal''  invariável

:*O número ''[[quatro]]''  (4).

=== Sinónimo ===
* [[quattuor]]

=== Declinação ===
Todos os casos: [[quatuor]] ou [[quattuor]]


=== Ordinal equivalente ===
:* [[quarto]]

=== Outros verbetes ===
[[tres]], [[quinque]]


=== Tradução ===
*{{en}}: [[four]]
*{{de}}: [[Vier]]
*{{cs}}: [[čtyři]]
*{{fr}}: [[quatre]]
*{{it}}: [[quattro]]
* Latim: [[quatuor]] ou [[quattuor]]
* Grego: [[τέσσερα|τέσσερις]] (m./f.),  [[τέσσερα]] (n.)
* Finlandês: [[neljä]]
* Árabe:  '''[[اربعة]]''' (arba:a)
* Tupi: [[erundi]]
* Japonês: [[shi]]
* Galês: [[pedwar]]
* {{pl}}: [[cztery]]


[[Categoria:Numeral (Latim)|# 000004]][[Categoria:Latim]]

[[et:Quatuor]]</text>
<sha1>3puznaedj61z6j9lzxz0ir1qs8i9csc</sha1>
</revision>
<revision>
<id>89264</id>
<parentid>46783</parentid>
<timestamp>2006-02-23T00:55:08Z</timestamp>
<contributor>
<username>Conversion script</username>
<id>0</id>
</contributor>
<minor />
<comment>[[Quatuor]] movido para [[quatuor]]: Converting page titles to lowercase</comment>
<model>wikitext</model>
<format>text/x-wiki</format>
<text bytes="760" xml:space="preserve">==Latim==

=== Numeral ===
'''qua.tu.or''' ''numeral cardinal''  invariável

:*O número ''[[quatro]]''  (4).

=== Sinónimo ===
* [[quattuor]]

=== Declinação ===
Todos os casos: [[quatuor]] ou [[quattuor]]


=== Ordinal equivalente ===
:* [[quarto]]

=== Outros verbetes ===
[[tres]], [[quinque]]


=== Tradução ===
*{{en}}: [[four]]
*{{de}}: [[Vier]]
*{{cs}}: [[čtyři]]
*{{fr}}: [[quatre]]
*{{it}}: [[quattro]]
* Latim: [[quatuor]] ou [[quattuor]]
* Grego: [[τέσσερα|τέσσερις]] (m./f.),  [[τέσσερα]] (n.)
* Finlandês: [[neljä]]
* Árabe:  '''[[اربعة]]''' (arba:a)
* Tupi: [[erundi]]
* Japonês: [[shi]]
* Galês: [[pedwar]]
* {{pl}}: [[cztery]]


[[Categoria:Numeral (Latim)|# 000004]][[Categoria:Latim]]

[[et:Quatuor]]</text>
<sha1>3puznaedj61z6j9lzxz0ir1qs8i9csc</sha1>
</revision>
<revision>
<id>102402</id>
<parentid>89264</parentid>
<timestamp>2006-03-06T13:44:42Z</timestamp>
<contributor>
<username>RobotGMwikt</username>
<id>407</id>
</contributor>
<minor />
<comment>Bot:  Adicionando: fr Modificando: et</comment>
<model>wikitext</model>
<format>text/x-wiki</format>
<text bytes="775" xml:space="preserve">==Latim==

=== Numeral ===
'''qua.tu.or''' ''numeral cardinal''  invariável

:*O número ''[[quatro]]''  (4).

=== Sinónimo ===
* [[quattuor]]

=== Declinação ===
Todos os casos: [[quatuor]] ou [[quattuor]]


=== Ordinal equivalente ===
:* [[quarto]]

=== Outros verbetes ===
[[tres]], [[quinque]]


=== Tradução ===
*{{en}}: [[four]]
*{{de}}: [[Vier]]
*{{cs}}: [[čtyři]]
*{{fr}}: [[quatre]]
*{{it}}: [[quattro]]
* Latim: [[quatuor]] ou [[quattuor]]
* Grego: [[τέσσερα|τέσσερις]] (m./f.),  [[τέσσερα]] (n.)
* Finlandês: [[neljä]]
* Árabe:  '''[[اربعة]]''' (arba:a)
* Tupi: [[erundi]]
* Japonês: [[shi]]
* Galês: [[pedwar]]
* {{pl}}: [[cztery]]


[[Categoria:Numeral (Latim)|# 000004]][[Categoria:Latim]]

[[et:quatuor]]
[[fr:quatuor]]</text>
<sha1>4bqztjay59sfd9yocxhzmcvrb6m8fz6</sha1>
</revision>
<revision>
<id>114372</id>
<parentid>102402</parentid>
<timestamp>2006-04-21T17:00:25Z</timestamp>
<contributor>
<username>Marcelo-Silva</username>
<id>364</id>
</contributor>
<model>wikitext</model>
<format>text/x-wiki</format>
<text bytes="800" xml:space="preserve">==Latim==

=== Numeral ===
'''qua.tu.or''' ''numeral cardinal''  invariável

:*O número ''[[quatro]]''  (4).

=== Sinónimo ===
* [[quattuor]]

=== Declinação ===
Todos os casos: [[quatuor]] ou [[quattuor]]


=== Ordinal equivalente ===
:* [[quarto]]

=== Outros verbetes ===
[[tres]], [[quinque]]


=== Tradução ===
{{tradini}}
*{{en}}: [[four]]
*{{de}}: [[Vier]]
*{{cs}}: [[čtyři]]
*{{fr}}: [[quatre]]
*{{it}}: [[quattro]]
* Latim: [[quatuor]] ou [[quattuor]]
*{{el}} [[τέσσερα|τέσσερις]] (m./f.),  [[τέσσερα]] (n.)
{{tradmeio}}}
*{{fi}} [[neljä]]
* Árabe:  '''[[اربعة]]''' (arba:a)
* Tupi: [[erundi]]
*{{ja}} [[shi]]
* Galês: [[pedwar]]
*{{pl}}: [[cztery]]
{{tradfim}}

[[Categoria:Numeral (Latim)|# 000004]][[Categoria:Latim]]

[[et:quatuor]]
[[fr:quatuor]]</text>
<sha1>lah3dbwl89iyqm852mfghp6wl77i8zk</sha1>
</revision>
<revision>
<id>142857</id>
<parentid>114372</parentid>
<timestamp>2006-07-19T07:23:48Z</timestamp>
<contributor>
<username>RobotGMwikt</username>
<id>407</id>
</contributor>
<minor />
<comment>Bot:  Adicionando: vi</comment>
<model>wikitext</model>
<format>text/x-wiki</format>
<text bytes="815" xml:space="preserve">==Latim==

=== Numeral ===
'''qua.tu.or''' ''numeral cardinal''  invariável

:*O número ''[[quatro]]''  (4).

=== Sinónimo ===
* [[quattuor]]

=== Declinação ===
Todos os casos: [[quatuor]] ou [[quattuor]]


=== Ordinal equivalente ===
:* [[quarto]]

=== Outros verbetes ===
[[tres]], [[quinque]]


=== Tradução ===
{{tradini}}
*{{en}}: [[four]]
*{{de}}: [[Vier]]
*{{cs}}: [[čtyři]]
*{{fr}}: [[quatre]]
*{{it}}: [[quattro]]
* Latim: [[quatuor]] ou [[quattuor]]
*{{el}} [[τέσσερα|τέσσερις]] (m./f.),  [[τέσσερα]] (n.)
{{tradmeio}}}
*{{fi}} [[neljä]]
* Árabe:  '''[[اربعة]]''' (arba:a)
* Tupi: [[erundi]]
*{{ja}} [[shi]]
* Galês: [[pedwar]]
*{{pl}}: [[cztery]]
{{tradfim}}

[[Categoria:Numeral (Latim)|# 000004]][[Categoria:Latim]]

[[et:quatuor]]
[[fr:quatuor]]
[[vi:quatuor]]</text>
<sha1>pwomjgdxup2x1u4rt54vu39daoipv6m</sha1>
</revision>
<revision>
<id>189892</id>
<parentid>142857</parentid>
<timestamp>2006-11-03T07:56:58Z</timestamp>
<contributor>
<username>RobotGMwikt</username>
<id>407</id>
</contributor>
<minor />
<comment>Bot:  Adicionando: [[ru:quatuor]]</comment>
<model>wikitext</model>
<format>text/x-wiki</format>
<text bytes="830" xml:space="preserve">==Latim==

=== Numeral ===
'''qua.tu.or''' ''numeral cardinal''  invariável

:*O número ''[[quatro]]''  (4).

=== Sinónimo ===
* [[quattuor]]

=== Declinação ===
Todos os casos: [[quatuor]] ou [[quattuor]]


=== Ordinal equivalente ===
:* [[quarto]]

=== Outros verbetes ===
[[tres]], [[quinque]]


=== Tradução ===
{{tradini}}
*{{en}}: [[four]]
*{{de}}: [[Vier]]
*{{cs}}: [[čtyři]]
*{{fr}}: [[quatre]]
*{{it}}: [[quattro]]
* Latim: [[quatuor]] ou [[quattuor]]
*{{el}} [[τέσσερα|τέσσερις]] (m./f.),  [[τέσσερα]] (n.)
{{tradmeio}}}
*{{fi}} [[neljä]]
* Árabe:  '''[[اربعة]]''' (arba:a)
* Tupi: [[erundi]]
*{{ja}} [[shi]]
* Galês: [[pedwar]]
*{{pl}}: [[cztery]]
{{tradfim}}

[[Categoria:Numeral (Latim)|# 000004]][[Categoria:Latim]]

[[et:quatuor]]
[[fr:quatuor]]
[[ru:quatuor]]
[[vi:quatuor]]</text>
<sha1>cxi1cgoxsl2t6kjt6socgv3nmfqmnn8</sha1>
</revision>
<revision>
<id>297788</id>
<parentid>189892</parentid>
<timestamp>2007-09-14T08:30:20Z</timestamp>
<contributor>
<username>VolkovBot</username>
<id>2944</id>
</contributor>
<minor />
<comment>Bot:  Adicionando: [[el:quatuor]]</comment>
<model>wikitext</model>
<format>text/x-wiki</format>
<text bytes="845" xml:space="preserve">==Latim==

=== Numeral ===
'''qua.tu.or''' ''numeral cardinal''  invariável

:*O número ''[[quatro]]''  (4).

=== Sinónimo ===
* [[quattuor]]

=== Declinação ===
Todos os casos: [[quatuor]] ou [[quattuor]]


=== Ordinal equivalente ===
:* [[quarto]]

=== Outros verbetes ===
[[tres]], [[quinque]]


=== Tradução ===
{{tradini}}
*{{en}}: [[four]]
*{{de}}: [[Vier]]
*{{cs}}: [[čtyři]]
*{{fr}}: [[quatre]]
*{{it}}: [[quattro]]
* Latim: [[quatuor]] ou [[quattuor]]
*{{el}} [[τέσσερα|τέσσερις]] (m./f.),  [[τέσσερα]] (n.)
{{tradmeio}}}
*{{fi}} [[neljä]]
* Árabe:  '''[[اربعة]]''' (arba:a)
* Tupi: [[erundi]]
*{{ja}} [[shi]]
* Galês: [[pedwar]]
*{{pl}}: [[cztery]]
{{tradfim}}

[[Categoria:Numeral (Latim)|# 000004]][[Categoria:Latim]]

[[el:quatuor]]
[[et:quatuor]]
[[fr:quatuor]]
[[ru:quatuor]]
[[vi:quatuor]]</text>
<sha1>ezm2k67rnyawundqv622izlq52w18en</sha1>
</revision>
<revision>
<id>431655</id>
<parentid>297788</parentid>
<timestamp>2009-03-09T05:28:27Z</timestamp>
<contributor>
<username>Interwicket</username>
<id>6868</id>
</contributor>
<minor />
<comment>iwiki +[[:en:quatuor]], [[:io:quatuor]]</comment>
<model>wikitext</model>
<format>text/x-wiki</format>
<text bytes="875" xml:space="preserve">==Latim==

=== Numeral ===
'''qua.tu.or''' ''numeral cardinal''  invariável

:*O número ''[[quatro]]''  (4).

=== Sinónimo ===
* [[quattuor]]

=== Declinação ===
Todos os casos: [[quatuor]] ou [[quattuor]]


=== Ordinal equivalente ===
:* [[quarto]]

=== Outros verbetes ===
[[tres]], [[quinque]]


=== Tradução ===
{{tradini}}
*{{en}}: [[four]]
*{{de}}: [[Vier]]
*{{cs}}: [[čtyři]]
*{{fr}}: [[quatre]]
*{{it}}: [[quattro]]
* Latim: [[quatuor]] ou [[quattuor]]
*{{el}} [[τέσσερα|τέσσερις]] (m./f.),  [[τέσσερα]] (n.)
{{tradmeio}}}
*{{fi}} [[neljä]]
* Árabe:  '''[[اربعة]]''' (arba:a)
* Tupi: [[erundi]]
*{{ja}} [[shi]]
* Galês: [[pedwar]]
*{{pl}}: [[cztery]]
{{tradfim}}

[[Categoria:Numeral (Latim)|# 000004]][[Categoria:Latim]]

[[el:quatuor]]
[[en:quatuor]]
[[et:quatuor]]
[[fr:quatuor]]
[[io:quatuor]]
[[ru:quatuor]]
[[vi:quatuor]]</text>
<sha1>epxpz4uj16suys75gopjtg9xb5vyafv</sha1>
</revision>
<revision>
<id>511798</id>
<parentid>431655</parentid>
<timestamp>2009-08-15T19:14:44Z</timestamp>
<contributor>
<username>Cadum-Bot</username>
<id>8150</id>
</contributor>
<minor />
<comment>Idioma...</comment>
<model>wikitext</model>
<format>text/x-wiki</format>
<text bytes="852" xml:space="preserve">=Latim=

== Numeral ==
'''qua.tu.or''' ''numeral cardinal''  invariável

:*O número ''[[quatro]]''  (4).

=== Sinónimo ===
* [[quattuor]]

=== Declinação ===
Todos os casos: [[quatuor]] ou [[quattuor]]


=== Ordinal equivalente ===
:* [[quarto]]

=== Outros verbetes ===
[[tres]], [[quinque]]


=== Tradução ===
{{tradini}}
*{{en}}: [[four]]
*{{de}}: [[Vier]]
*{{cs}}: [[čtyři]]
*{{fr}}: [[quatre]]
*{{it}}: [[quattro]]
* Latim: [[quatuor]] ou [[quattuor]]
*{{el}} [[τέσσερα|τέσσερις]] (m./f.),  [[τέσσερα]] (n.)
{{tradmeio}}}
*{{fi}} [[neljä]]
* Árabe:  '''[[اربعة]]''' (arba:a)
* Tupi: [[erundi]]
*{{ja}} [[shi]]
* Galês: [[pedwar]]
*{{pl}}: [[cztery]]
{{tradfim}}

[[Categoria:Numeral (Latim)|# 000004]]

[[el:quatuor]]
[[en:quatuor]]
[[et:quatuor]]
[[fr:quatuor]]
[[io:quatuor]]
[[ru:quatuor]]
[[vi:quatuor]]</text>
<sha1>8d1oq8oamvlzwg00dariy39jxyqwexy</sha1>
</revision>
<revision>
<id>1079044</id>
<parentid>511798</parentid>
<timestamp>2011-05-22T20:44:58Z</timestamp>
<contributor>
<username>ValJor</username>
<id>1358</id>
</contributor>
<comment>Desfazendo link para [[Vier]] para poder deletar o redirecionamento para minúscula</comment>
<model>wikitext</model>
<format>text/x-wiki</format>
<text bytes="508" xml:space="preserve">=Latim=
==Numeral==
'''qua.tu.or''' ''numeral cardinal''  invariável
# [[quatro]] (4)

=== Declinação ===
Todos os casos: [[quatuor]] ou [[quattuor]]

===Grafia alternativa===
* [[quattuor]]

===Ordinal equivalente===
* [[quarto]]

==Ver também==
===No Wikcionário===
{{verTambém.Ini}}
* [[tres]]
{{verTambém.NovaColuna}}
* [[quinque]]
{{verTambém.Fim}}

[[Categoria:Numeral (Latim)|# 000004]]

[[el:quatuor]]
[[en:quatuor]]
[[et:quatuor]]
[[fr:quatuor]]
[[io:quatuor]]
[[ru:quatuor]]
[[vi:quatuor]]</text>
<sha1>gv022ds6ie22uwn376fp8pvzxv7izbg</sha1>
</revision>
<revision>
<id>1316485</id>
<parentid>1079044</parentid>
<timestamp>2011-12-02T13:58:04Z</timestamp>
<contributor>
<username>MalafayaBot</username>
<id>628</id>
</contributor>
<minor />
<comment>Robô: Substituição de texto automática (-^\=(\s*?)(\{\{la\}\}|Latim)(\s*?)\= +={{-la-}}=)</comment>
<model>wikitext</model>
<format>text/x-wiki</format>
<text bytes="511" xml:space="preserve">={{-la-}}=
==Numeral==
'''qua.tu.or''' ''numeral cardinal''  invariável
# [[quatro]] (4)

=== Declinação ===
Todos os casos: [[quatuor]] ou [[quattuor]]

===Grafia alternativa===
* [[quattuor]]

===Ordinal equivalente===
* [[quarto]]

==Ver também==
===No Wikcionário===
{{verTambém.Ini}}
* [[tres]]
{{verTambém.NovaColuna}}
* [[quinque]]
{{verTambém.Fim}}

[[Categoria:Numeral (Latim)|# 000004]]

[[el:quatuor]]
[[en:quatuor]]
[[et:quatuor]]
[[fr:quatuor]]
[[io:quatuor]]
[[ru:quatuor]]
[[vi:quatuor]]</text>
<sha1>p58gs1w2cj2ttyn7xq4i84az07jqsb4</sha1>
</revision>
<revision>
<id>1339242</id>
<parentid>1316485</parentid>
<timestamp>2011-12-19T03:10:00Z</timestamp>
<contributor>
<username>Luckas-bot</username>
<id>5986</id>
</contributor>
<minor />
<comment>r2.7.2) (Robô: A adicionar: [[ko:quatuor]], [[pl:quatuor]]</comment>
<model>wikitext</model>
<format>text/x-wiki</format>
<text bytes="541" xml:space="preserve">={{-la-}}=
==Numeral==
'''qua.tu.or''' ''numeral cardinal''  invariável
# [[quatro]] (4)

=== Declinação ===
Todos os casos: [[quatuor]] ou [[quattuor]]

===Grafia alternativa===
* [[quattuor]]

===Ordinal equivalente===
* [[quarto]]

==Ver também==
===No Wikcionário===
{{verTambém.Ini}}
* [[tres]]
{{verTambém.NovaColuna}}
* [[quinque]]
{{verTambém.Fim}}

[[Categoria:Numeral (Latim)|# 000004]]

[[el:quatuor]]
[[en:quatuor]]
[[et:quatuor]]
[[fr:quatuor]]
[[io:quatuor]]
[[ko:quatuor]]
[[pl:quatuor]]
[[ru:quatuor]]
[[vi:quatuor]]</text>
<sha1>10m7n8za9t91pz72pafluj3pxk3azqz</sha1>
</revision>
<revision>
<id>1663374</id>
<parentid>1339242</parentid>
<timestamp>2013-03-02T12:26:22Z</timestamp>
<contributor>
<username>KamikazeBot</username>
<id>23176</id>
</contributor>
<minor />
<comment>r2.7.3) (Robô: A adicionar: [[es:quatuor]]</comment>
<model>wikitext</model>
<format>text/x-wiki</format>
<text bytes="556" xml:space="preserve">={{-la-}}=
==Numeral==
'''qua.tu.or''' ''numeral cardinal''  invariável
# [[quatro]] (4)

=== Declinação ===
Todos os casos: [[quatuor]] ou [[quattuor]]

===Grafia alternativa===
* [[quattuor]]

===Ordinal equivalente===
* [[quarto]]

==Ver também==
===No Wikcionário===
{{verTambém.Ini}}
* [[tres]]
{{verTambém.NovaColuna}}
* [[quinque]]
{{verTambém.Fim}}

[[Categoria:Numeral (Latim)|# 000004]]

[[el:quatuor]]
[[en:quatuor]]
[[es:quatuor]]
[[et:quatuor]]
[[fr:quatuor]]
[[io:quatuor]]
[[ko:quatuor]]
[[pl:quatuor]]
[[ru:quatuor]]
[[vi:quatuor]]</text>
<sha1>0pxxmdy63vnxmcxn1nlwpi52qf4awf7</sha1>
</revision>
<revision>
<id>1716848</id>
<parentid>1663374</parentid>
<timestamp>2013-08-22T11:57:03Z</timestamp>
<contributor>
<username>HydrizBot</username>
<id>29590</id>
</contributor>
<minor />
<comment>r2.7.3) (Robô: A adicionar: [[chr:quatuor]]</comment>
<model>wikitext</model>
<format>text/x-wiki</format>
<text bytes="572" xml:space="preserve">={{-la-}}=
==Numeral==
'''qua.tu.or''' ''numeral cardinal''  invariável
# [[quatro]] (4)

=== Declinação ===
Todos os casos: [[quatuor]] ou [[quattuor]]

===Grafia alternativa===
* [[quattuor]]

===Ordinal equivalente===
* [[quarto]]

==Ver também==
===No Wikcionário===
{{verTambém.Ini}}
* [[tres]]
{{verTambém.NovaColuna}}
* [[quinque]]
{{verTambém.Fim}}

[[Categoria:Numeral (Latim)|# 000004]]

[[chr:quatuor]]
[[el:quatuor]]
[[en:quatuor]]
[[es:quatuor]]
[[et:quatuor]]
[[fr:quatuor]]
[[io:quatuor]]
[[ko:quatuor]]
[[pl:quatuor]]
[[ru:quatuor]]
[[vi:quatuor]]</text>
<sha1>1qvjtzt1255mxy8c9knahmmrnke4zgf</sha1>
</revision>
<revision>
<id>2022342</id>
<parentid>1716848</parentid>
<timestamp>2015-10-24T10:58:06Z</timestamp>
<contributor>
<username>HydrizBot</username>
<id>29590</id>
</contributor>
<minor />
<comment>Robô: A adicionar: [[ca:quatuor]], [[hu:quatuor]]</comment>
<model>wikitext</model>
<format>text/x-wiki</format>
<text bytes="602" xml:space="preserve">={{-la-}}=
==Numeral==
'''qua.tu.or''' ''numeral cardinal''  invariável
# [[quatro]] (4)

=== Declinação ===
Todos os casos: [[quatuor]] ou [[quattuor]]

===Grafia alternativa===
* [[quattuor]]

===Ordinal equivalente===
* [[quarto]]

==Ver também==
===No Wikcionário===
{{verTambém.Ini}}
* [[tres]]
{{verTambém.NovaColuna}}
* [[quinque]]
{{verTambém.Fim}}

[[Categoria:Numeral (Latim)|# 000004]]

[[ca:quatuor]]
[[chr:quatuor]]
[[el:quatuor]]
[[en:quatuor]]
[[es:quatuor]]
[[et:quatuor]]
[[fr:quatuor]]
[[hu:quatuor]]
[[io:quatuor]]
[[ko:quatuor]]
[[pl:quatuor]]
[[ru:quatuor]]
[[vi:quatuor]]</text>
<sha1>8utj6w4vw1edjtinbmo7p6xw5bjo211</sha1>
</revision>
<revision>
<id>2044704</id>
<parentid>2022342</parentid>
<timestamp>2015-12-05T13:51:13Z</timestamp>
<contributor>
<username>HydrizBot</username>
<id>29590</id>
</contributor>
<minor />
<comment>Robô: A adicionar: [[tg:quatuor]]</comment>
<model>wikitext</model>
<format>text/x-wiki</format>
<text bytes="617" xml:space="preserve">={{-la-}}=
==Numeral==
'''qua.tu.or''' ''numeral cardinal''  invariável
# [[quatro]] (4)

=== Declinação ===
Todos os casos: [[quatuor]] ou [[quattuor]]

===Grafia alternativa===
* [[quattuor]]

===Ordinal equivalente===
* [[quarto]]

==Ver também==
===No Wikcionário===
{{verTambém.Ini}}
* [[tres]]
{{verTambém.NovaColuna}}
* [[quinque]]
{{verTambém.Fim}}

[[Categoria:Numeral (Latim)|# 000004]]

[[ca:quatuor]]
[[chr:quatuor]]
[[el:quatuor]]
[[en:quatuor]]
[[es:quatuor]]
[[et:quatuor]]
[[fr:quatuor]]
[[hu:quatuor]]
[[io:quatuor]]
[[ko:quatuor]]
[[pl:quatuor]]
[[ru:quatuor]]
[[tg:quatuor]]
[[vi:quatuor]]</text>
<sha1>7plpedj3wcuzoyrmw569fr5nvuhlwf7</sha1>
</revision>
<revision>
<id>2134342</id>
<parentid>2044704</parentid>
<timestamp>2016-06-09T22:37:50Z</timestamp>
<contributor>
<username>UT-interwiki-Bot</username>
<id>56129</id>
</contributor>
<minor />
<comment>Robô: A adicionar: [[co:quatuor]]</comment>
<model>wikitext</model>
<format>text/x-wiki</format>
<text bytes="632" xml:space="preserve">={{-la-}}=
==Numeral==
'''qua.tu.or''' ''numeral cardinal''  invariável
# [[quatro]] (4)

=== Declinação ===
Todos os casos: [[quatuor]] ou [[quattuor]]

===Grafia alternativa===
* [[quattuor]]

===Ordinal equivalente===
* [[quarto]]

==Ver também==
===No Wikcionário===
{{verTambém.Ini}}
* [[tres]]
{{verTambém.NovaColuna}}
* [[quinque]]
{{verTambém.Fim}}

[[Categoria:Numeral (Latim)|# 000004]]

[[ca:quatuor]]
[[chr:quatuor]]
[[co:quatuor]]
[[el:quatuor]]
[[en:quatuor]]
[[es:quatuor]]
[[et:quatuor]]
[[fr:quatuor]]
[[hu:quatuor]]
[[io:quatuor]]
[[ko:quatuor]]
[[pl:quatuor]]
[[ru:quatuor]]
[[tg:quatuor]]
[[vi:quatuor]]</text>
<sha1>7gmp58cr0rt3fsq486cnb9pxhs1tl3y</sha1>
</revision>
<revision>
<id>2396878</id>
<parentid>2134342</parentid>
<timestamp>2017-05-13T11:06:13Z</timestamp>
<contributor>
<username>HydrizBot</username>
<id>29590</id>
</contributor>
<minor />
<comment>Robô: A limpar links interwikis antigos</comment>
<model>wikitext</model>
<format>text/x-wiki</format>
<text bytes="405" xml:space="preserve">={{-la-}}=
==Numeral==
'''qua.tu.or''' ''numeral cardinal''  invariável
# [[quatro]] (4)

=== Declinação ===
Todos os casos: [[quatuor]] ou [[quattuor]]

===Grafia alternativa===
* [[quattuor]]

===Ordinal equivalente===
* [[quarto]]

==Ver também==
===No Wikcionário===
{{verTambém.Ini}}
* [[tres]]
{{verTambém.NovaColuna}}
* [[quinque]]
{{verTambém.Fim}}

[[Categoria:Numeral (Latim)|# 000004]]</text>
<sha1>0gfvsi3zwnkrmtjg0rdqdld597u09la</sha1>
</revision>
</page>
