<title>quebrantais</title>
<ns>0</ns>
<id>159816</id>
<revision>
<id>671232</id>
<timestamp>2009-12-27T23:48:18Z</timestamp>
<contributor>
<username>Jesielt-bot</username>
<id>10876</id>
</contributor>
<comment>Artigo criado por bot</comment>
<model>wikitext</model>
<format>text/x-wiki</format>
<text bytes="186" xml:space="preserve">={{pt}}=
==Forma verbal==
'''quebrantais'''
#[[segunda pessoa]] do [[plural]] do [[presente]] do [[modo indicativo]] do verbo '''[[quebrantar]]'''
[[Categoria:Forma verbal (Português)]]</text>
<sha1>4zldy9osyq0xke779c1hvr3gxo7vttu</sha1>
</revision>
<revision>
<id>678618</id>
<parentid>671232</parentid>
<timestamp>2010-01-01T09:38:59Z</timestamp>
<contributor>
<username>Interwicket</username>
<id>6868</id>
</contributor>
<minor />
<comment>iwiki +[[:no:quebrantais]]</comment>
<model>wikitext</model>
<format>text/x-wiki</format>
<text bytes="206" xml:space="preserve">={{pt}}=
==Forma verbal==
'''quebrantais'''
#[[segunda pessoa]] do [[plural]] do [[presente]] do [[modo indicativo]] do verbo '''[[quebrantar]]'''
[[Categoria:Forma verbal (Português)]]

[[no:quebrantais]]</text>
<sha1>poy4gxnofekz2osenxqs4ufcv56ywx2</sha1>
</revision>
<revision>
<id>1168116</id>
<parentid>678618</parentid>
<timestamp>2011-07-06T12:13:19Z</timestamp>
<contributor>
<username>MalafayaBot</username>
<id>628</id>
</contributor>
<minor />
<comment>Robô: Substituição de texto automática (-^\=\s?Português\s?\= +={{-pt-}}= &amp; -^\=\s?\{\{pt\}\}\s?\= +={{-pt-}}=)</comment>
<model>wikitext</model>
<format>text/x-wiki</format>
<text bytes="208" xml:space="preserve">={{-pt-}}=
==Forma verbal==
'''quebrantais'''
#[[segunda pessoa]] do [[plural]] do [[presente]] do [[modo indicativo]] do verbo '''[[quebrantar]]'''
[[Categoria:Forma verbal (Português)]]

[[no:quebrantais]]</text>
<sha1>aa4tltg53ofc0seghkwct3nzdtjrep6</sha1>
</revision>
<revision>
<id>2134337</id>
<parentid>1168116</parentid>
<timestamp>2016-06-09T22:37:10Z</timestamp>
<contributor>
<username>UT-interwiki-Bot</username>
<id>56129</id>
</contributor>
<minor />
<comment>Robô: A adicionar: [[en:quebrantais]]</comment>
<model>wikitext</model>
<format>text/x-wiki</format>
<text bytes="227" xml:space="preserve">={{-pt-}}=
==Forma verbal==
'''quebrantais'''
#[[segunda pessoa]] do [[plural]] do [[presente]] do [[modo indicativo]] do verbo '''[[quebrantar]]'''
[[Categoria:Forma verbal (Português)]]

[[en:quebrantais]]
[[no:quebrantais]]</text>
<sha1>p00k4bjdlm5m8ub9vzqelcq0d7oytsz</sha1>
</revision>
<revision>
<id>2396893</id>
<parentid>2134337</parentid>
<timestamp>2017-05-13T11:06:46Z</timestamp>
<contributor>
<username>HydrizBot</username>
<id>29590</id>
</contributor>
<minor />
<comment>Robô: A limpar links interwikis antigos</comment>
<model>wikitext</model>
<format>text/x-wiki</format>
<text bytes="188" xml:space="preserve">={{-pt-}}=
==Forma verbal==
'''quebrantais'''
#[[segunda pessoa]] do [[plural]] do [[presente]] do [[modo indicativo]] do verbo '''[[quebrantar]]'''
[[Categoria:Forma verbal (Português)]]</text>
<sha1>8nsq0qdnqaxinzk3axmg7bjjpmyqrau</sha1>
</revision>
</page>
