<title>quebranta</title>
<ns>0</ns>
<id>83153</id>
<revision>
<id>319969</id>
<timestamp>2008-01-01T19:23:50Z</timestamp>
<contributor>
<username>Santo</username>
<id>1992</id>
</contributor>
<comment>[[Ajuda:Menus e funções/Sumário de edição#Sumário de edição automático|→]] nova página: =Português= [[Categoria:Verbo (Português)]] [[Categoria:Camonismo (Português)]] ==Verbo== '''qu...</comment>
<model>wikitext</model>
<format>text/x-wiki</format>
<text bytes="918" xml:space="preserve">=Português=
[[Categoria:Verbo (Português)]]
[[Categoria:Camonismo (Português)]]
==Verbo==
'''quebranta''' ''verbo''
# [[terceira]] [[pessoa]] [[do]] [[singular]] [[do]] [[presente]] [[do]] [[indicativo]] [[do]] [[verbo]] '''[[quebrantar]]'''
# [[segunda]] [[pessoa]] [[do]] [[singular]] [[do]] [[imperativo]] [[do]] [[verbo]] '''[[quebrantar]]'''




{{tradini|[[Image:LuisdeCamoes4.jpg|10px]] [[camonismo|Camonismo]] [[Image:Os Lusíadas.jpg|10px]]}}
*** '''4 ocorrências n'Os Lusíadas'''
*** rimas n'Os Lusíadas: [[alevanta]]; [[espanta]]; [[garganta]]; [[levanta]]; [[tanta]]
* O coração dos Mouros se '''quebranta''',     -    Os Lusíadas    I-89-5
* Do bravo a força horrenda se '''quebranta''':     -    Os Lusíadas    III-47-8
* Às vezes leis magnânimas '''quebranta'''.     -    Os Lusíadas    VIII-7-4
* Tantos muros aspérrimos '''quebranta''',     -    Os Lusíadas    VIII-10-5
{{tradfim}}</text>
<sha1>nzlrxf1xf4kusskf5m0lpjruvxp4n1j</sha1>
</revision>
<revision>
<id>401897</id>
<parentid>319969</parentid>
<timestamp>2008-12-18T21:56:17Z</timestamp>
<contributor>
<ip>82.154.246.181</ip>
</contributor>
<model>wikitext</model>
<format>text/x-wiki</format>
<text bytes="1013" xml:space="preserve">=Português=
[[Categoria:Verbo (Português)]]
[[Categoria:Camonismo (Português)]]
==Verbo==
'''quebranta''' ''verbo''
# [[terceira]] [[pessoa]] [[do]] [[singular]] [[do]] [[presente]] [[do]] [[indicativo]] [[do]] [[verbo]] '''[[quebrantar]]'''
# [[segunda]] [[pessoa]] [[do]] [[singular]] [[do]] [[imperativo]] [[do]] [[verbo]] '''[[quebrantar]]'''




{{tradini|[[Image:LuisdeCamoes4.jpg|10px]] [[camonismo|Camonismo]] [[Image:Os Lusíadas.jpg|10px]]}}
*** '''4 ocorrências n'Os Lusíadas'''
*** rimas n'Os Lusíadas: [[alevanta]]; [[espanta]]; [[garganta]]; [[levanta]]; [[tanta]]
* [[o|O]] [[coração]] [[dos]] [[mouros|Mouros]] [[se]] '''quebranta''',     -    Os Lusíadas    I-89-5
* [[do|Do]] [[bravo]] [[a]] [[força]] [[horrenda]] [[se]] '''quebranta''':     -    Os Lusíadas    III-47-8
* [[às|Às]] [[vezes]] [[leis]] [[magnânimas]] '''quebranta'''.     -    Os Lusíadas    VIII-7-4
* [[tantos|Tantos]] [[muros]] [[aspérrimos]] '''quebranta''',     -    Os Lusíadas    VIII-10-5
{{tradfim}}</text>
<sha1>cr2kaeh9h3u09zk4pq7ukrrdv8djqj1</sha1>
</revision>
<revision>
<id>434553</id>
<parentid>401897</parentid>
<timestamp>2009-03-13T11:51:12Z</timestamp>
<contributor>
<username>Interwicket</username>
<id>6868</id>
</contributor>
<minor />
<comment>iwiki +[[:en:quebranta]]</comment>
<model>wikitext</model>
<format>text/x-wiki</format>
<text bytes="1031" xml:space="preserve">=Português=
[[Categoria:Verbo (Português)]]
[[Categoria:Camonismo (Português)]]
==Verbo==
'''quebranta''' ''verbo''
# [[terceira]] [[pessoa]] [[do]] [[singular]] [[do]] [[presente]] [[do]] [[indicativo]] [[do]] [[verbo]] '''[[quebrantar]]'''
# [[segunda]] [[pessoa]] [[do]] [[singular]] [[do]] [[imperativo]] [[do]] [[verbo]] '''[[quebrantar]]'''




{{tradini|[[Image:LuisdeCamoes4.jpg|10px]] [[camonismo|Camonismo]] [[Image:Os Lusíadas.jpg|10px]]}}
*** '''4 ocorrências n'Os Lusíadas'''
*** rimas n'Os Lusíadas: [[alevanta]]; [[espanta]]; [[garganta]]; [[levanta]]; [[tanta]]
* [[o|O]] [[coração]] [[dos]] [[mouros|Mouros]] [[se]] '''quebranta''',     -    Os Lusíadas    I-89-5
* [[do|Do]] [[bravo]] [[a]] [[força]] [[horrenda]] [[se]] '''quebranta''':     -    Os Lusíadas    III-47-8
* [[às|Às]] [[vezes]] [[leis]] [[magnânimas]] '''quebranta'''.     -    Os Lusíadas    VIII-7-4
* [[tantos|Tantos]] [[muros]] [[aspérrimos]] '''quebranta''',     -    Os Lusíadas    VIII-10-5
{{tradfim}}

[[en:quebranta]]</text>
<sha1>pypo48tcf61hz2tsp4gslovbayv6ajh</sha1>
</revision>
<revision>
<id>478878</id>
<parentid>434553</parentid>
<timestamp>2009-06-12T12:10:48Z</timestamp>
<contributor>
<username>Interwicket</username>
<id>6868</id>
</contributor>
<minor />
<comment>iwiki +[[:no:quebranta]]</comment>
<model>wikitext</model>
<format>text/x-wiki</format>
<text bytes="1048" xml:space="preserve">=Português=
[[Categoria:Verbo (Português)]]
[[Categoria:Camonismo (Português)]]
==Verbo==
'''quebranta''' ''verbo''
# [[terceira]] [[pessoa]] [[do]] [[singular]] [[do]] [[presente]] [[do]] [[indicativo]] [[do]] [[verbo]] '''[[quebrantar]]'''
# [[segunda]] [[pessoa]] [[do]] [[singular]] [[do]] [[imperativo]] [[do]] [[verbo]] '''[[quebrantar]]'''




{{tradini|[[Image:LuisdeCamoes4.jpg|10px]] [[camonismo|Camonismo]] [[Image:Os Lusíadas.jpg|10px]]}}
*** '''4 ocorrências n'Os Lusíadas'''
*** rimas n'Os Lusíadas: [[alevanta]]; [[espanta]]; [[garganta]]; [[levanta]]; [[tanta]]
* [[o|O]] [[coração]] [[dos]] [[mouros|Mouros]] [[se]] '''quebranta''',     -    Os Lusíadas    I-89-5
* [[do|Do]] [[bravo]] [[a]] [[força]] [[horrenda]] [[se]] '''quebranta''':     -    Os Lusíadas    III-47-8
* [[às|Às]] [[vezes]] [[leis]] [[magnânimas]] '''quebranta'''.     -    Os Lusíadas    VIII-7-4
* [[tantos|Tantos]] [[muros]] [[aspérrimos]] '''quebranta''',     -    Os Lusíadas    VIII-10-5
{{tradfim}}

[[en:quebranta]]
[[no:quebranta]]</text>
<sha1>meydalmh5vehmzb9e7akpi0kc9p59y8</sha1>
</revision>
<revision>
<id>602618</id>
<parentid>478878</parentid>
<timestamp>2009-11-08T19:01:20Z</timestamp>
<contributor>
<username>MalafayaBot</username>
<id>628</id>
</contributor>
<minor />
<comment>Usando predefinição</comment>
<model>wikitext</model>
<format>text/x-wiki</format>
<text bytes="914" xml:space="preserve">=Português=
[[Categoria:Verbo (Português)]]
==Verbo==
'''quebranta''' ''verbo''
# [[terceira]] [[pessoa]] [[do]] [[singular]] [[do]] [[presente]] [[do]] [[indicativo]] [[do]] [[verbo]] '''[[quebrantar]]'''
# [[segunda]] [[pessoa]] [[do]] [[singular]] [[do]] [[imperativo]] [[do]] [[verbo]] '''[[quebrantar]]'''




{{camonismo|
*** '''4 ocorrências n'Os Lusíadas'''
*** rimas n'Os Lusíadas: [[alevanta]]; [[espanta]]; [[garganta]]; [[levanta]]; [[tanta]]
* [[o|O]] [[coração]] [[dos]] [[mouros|Mouros]] [[se]] '''quebranta''',     -    Os Lusíadas    I-89-5
* [[do|Do]] [[bravo]] [[a]] [[força]] [[horrenda]] [[se]] '''quebranta''':     -    Os Lusíadas    III-47-8
* [[às|Às]] [[vezes]] [[leis]] [[magnânimas]] '''quebranta'''.     -    Os Lusíadas    VIII-7-4
* [[tantos|Tantos]] [[muros]] [[aspérrimos]] '''quebranta''',     -    Os Lusíadas    VIII-10-5
}}

[[en:quebranta]]
[[no:quebranta]]</text>
<sha1>gt55cm4em1vcfepmrdyfj8wig5l0l4u</sha1>
</revision>
<revision>
<id>991539</id>
<parentid>602618</parentid>
<timestamp>2010-12-09T10:49:17Z</timestamp>
<contributor>
<username>ValJor</username>
<id>1358</id>
</contributor>
<comment>Retirando [[Especial:Páginas_afluentes/Predefinição:camonismo|camonismo]] do domínio principal e passando para o domínio Citações</comment>
<model>wikitext</model>
<format>text/x-wiki</format>
<text bytes="280" xml:space="preserve">=Português=
==Forma verbal==
{{paroxítona|que|bran|ta}}
# terceira pessoa do singular do presente do indicativo do verbo [[quebrantar]]
# segunda pessoa do singular do imperativo do verbo [[quebrantar]]

[[Categoria:Forma verbal (Português)]]

[[en:quebranta]]
[[no:quebranta]]</text>
<sha1>etk2kjh9ey46qlxu3xxh2g4elz5ysg5</sha1>
</revision>
<revision>
<id>1168114</id>
<parentid>991539</parentid>
<timestamp>2011-07-06T12:13:17Z</timestamp>
<contributor>
<username>MalafayaBot</username>
<id>628</id>
</contributor>
<minor />
<comment>Robô: Substituição de texto automática (-^\=\s?Português\s?\= +={{-pt-}}= &amp; -^\=\s?\{\{pt\}\}\s?\= +={{-pt-}}=)</comment>
<model>wikitext</model>
<format>text/x-wiki</format>
<text bytes="278" xml:space="preserve">={{-pt-}}=
==Forma verbal==
{{paroxítona|que|bran|ta}}
# terceira pessoa do singular do presente do indicativo do verbo [[quebrantar]]
# segunda pessoa do singular do imperativo do verbo [[quebrantar]]

[[Categoria:Forma verbal (Português)]]

[[en:quebranta]]
[[no:quebranta]]</text>
<sha1>id20tv8571c1v79uaax9lmz0rlznsp4</sha1>
</revision>
<revision>
<id>1789490</id>
<parentid>1168114</parentid>
<timestamp>2013-12-19T00:34:51Z</timestamp>
<contributor>
<username>MalafayaBot</username>
<id>628</id>
</contributor>
<minor />
<comment>r2.7.5) (Robô: A adicionar: [[nl:quebranta]]</comment>
<model>wikitext</model>
<format>text/x-wiki</format>
<text bytes="295" xml:space="preserve">={{-pt-}}=
==Forma verbal==
{{paroxítona|que|bran|ta}}
# terceira pessoa do singular do presente do indicativo do verbo [[quebrantar]]
# segunda pessoa do singular do imperativo do verbo [[quebrantar]]

[[Categoria:Forma verbal (Português)]]

[[en:quebranta]]
[[nl:quebranta]]
[[no:quebranta]]</text>
<sha1>4hwrl1f0ma4mskxi2drxlbkzlf5w4kb</sha1>
</revision>
<revision>
<id>2022354</id>
<parentid>1789490</parentid>
<timestamp>2015-10-24T11:01:03Z</timestamp>
<contributor>
<username>HydrizBot</username>
<id>29590</id>
</contributor>
<minor />
<comment>Robô: A adicionar: [[es:quebranta]], [[fr:quebranta]]</comment>
<model>wikitext</model>
<format>text/x-wiki</format>
<text bytes="329" xml:space="preserve">={{-pt-}}=
==Forma verbal==
{{paroxítona|que|bran|ta}}
# terceira pessoa do singular do presente do indicativo do verbo [[quebrantar]]
# segunda pessoa do singular do imperativo do verbo [[quebrantar]]

[[Categoria:Forma verbal (Português)]]

[[en:quebranta]]
[[es:quebranta]]
[[fr:quebranta]]
[[nl:quebranta]]
[[no:quebranta]]</text>
<sha1>5wm2fo7v58le43dmbfsiztcrss2md5g</sha1>
</revision>
<revision>
<id>2396889</id>
<parentid>2022354</parentid>
<timestamp>2017-05-13T11:06:39Z</timestamp>
<contributor>
<username>HydrizBot</username>
<id>29590</id>
</contributor>
<minor />
<comment>Robô: A limpar links interwikis antigos</comment>
<model>wikitext</model>
<format>text/x-wiki</format>
<text bytes="243" xml:space="preserve">={{-pt-}}=
==Forma verbal==
{{paroxítona|que|bran|ta}}
# terceira pessoa do singular do presente do indicativo do verbo [[quebrantar]]
# segunda pessoa do singular do imperativo do verbo [[quebrantar]]

[[Categoria:Forma verbal (Português)]]</text>
<sha1>1olbya4uuv3byycym50mwdyuy3z1p5y</sha1>
</revision>
</page>
