<title>quebrantaras</title>
<ns>0</ns>
<id>179816</id>
<revision>
<id>718300</id>
<timestamp>2010-01-26T17:54:34Z</timestamp>
<contributor>
<username>Jesielt-bot</username>
<id>10876</id>
</contributor>
<comment>Verbete criado por bot.</comment>
<model>wikitext</model>
<format>text/x-wiki</format>
<text bytes="187" xml:space="preserve">={{pt}}=
==Forma verbal==
'''quebrantaras'''
#[[segunda pessoa]] do [[singular]] do [[pretérito mais-que-perfeito]] do verbo '''[[quebrantar]]'''

[[Categoria:Forma verbal (Português)]]</text>
<sha1>a7sptlky3kidaz10idqfos3wejfyuby</sha1>
</revision>
<revision>
<id>718725</id>
<parentid>718300</parentid>
<timestamp>2010-01-26T18:58:22Z</timestamp>
<contributor>
<username>Interwicket</username>
<id>6868</id>
</contributor>
<minor />
<comment>iwiki +[[:en:quebrantaras]], [[:no:quebrantaras]]</comment>
<model>wikitext</model>
<format>text/x-wiki</format>
<text bytes="228" xml:space="preserve">={{pt}}=
==Forma verbal==
'''quebrantaras'''
#[[segunda pessoa]] do [[singular]] do [[pretérito mais-que-perfeito]] do verbo '''[[quebrantar]]'''

[[Categoria:Forma verbal (Português)]]

[[en:quebrantaras]]
[[no:quebrantaras]]</text>
<sha1>13fhopc0z4su1fybqj836w4so5rjm21</sha1>
</revision>
<revision>
<id>1168122</id>
<parentid>718725</parentid>
<timestamp>2011-07-06T12:13:27Z</timestamp>
<contributor>
<username>MalafayaBot</username>
<id>628</id>
</contributor>
<minor />
<comment>Robô: Substituição de texto automática (-^\=\s?Português\s?\= +={{-pt-}}= &amp; -^\=\s?\{\{pt\}\}\s?\= +={{-pt-}}=)</comment>
<model>wikitext</model>
<format>text/x-wiki</format>
<text bytes="230" xml:space="preserve">={{-pt-}}=
==Forma verbal==
'''quebrantaras'''
#[[segunda pessoa]] do [[singular]] do [[pretérito mais-que-perfeito]] do verbo '''[[quebrantar]]'''

[[Categoria:Forma verbal (Português)]]

[[en:quebrantaras]]
[[no:quebrantaras]]</text>
<sha1>ap9uuezhs7r0bbo571noc1fp176w61u</sha1>
</revision>
<revision>
<id>1789485</id>
<parentid>1168122</parentid>
<timestamp>2013-12-19T00:34:31Z</timestamp>
<contributor>
<username>MalafayaBot</username>
<id>628</id>
</contributor>
<minor />
<comment>r2.7.5) (Robô: A adicionar: [[nl:quebrantaras]]</comment>
<model>wikitext</model>
<format>text/x-wiki</format>
<text bytes="250" xml:space="preserve">={{-pt-}}=
==Forma verbal==
'''quebrantaras'''
#[[segunda pessoa]] do [[singular]] do [[pretérito mais-que-perfeito]] do verbo '''[[quebrantar]]'''

[[Categoria:Forma verbal (Português)]]

[[en:quebrantaras]]
[[nl:quebrantaras]]
[[no:quebrantaras]]</text>
<sha1>c4mloyr7ctjnc9xxuk5q62jfjkgx7if</sha1>
</revision>
<revision>
<id>2022347</id>
<parentid>1789485</parentid>
<timestamp>2015-10-24T11:00:10Z</timestamp>
<contributor>
<username>HydrizBot</username>
<id>29590</id>
</contributor>
<minor />
<comment>Robô: A adicionar: [[es:quebrantaras]], [[fr:quebrantaras]]</comment>
<model>wikitext</model>
<format>text/x-wiki</format>
<text bytes="290" xml:space="preserve">={{-pt-}}=
==Forma verbal==
'''quebrantaras'''
#[[segunda pessoa]] do [[singular]] do [[pretérito mais-que-perfeito]] do verbo '''[[quebrantar]]'''

[[Categoria:Forma verbal (Português)]]

[[en:quebrantaras]]
[[es:quebrantaras]]
[[fr:quebrantaras]]
[[nl:quebrantaras]]
[[no:quebrantaras]]</text>
<sha1>lb38i5u6kqhwp2hu3i7ldqle8p9dz9t</sha1>
</revision>
<revision>
<id>2396900</id>
<parentid>2022347</parentid>
<timestamp>2017-05-13T11:07:00Z</timestamp>
<contributor>
<username>HydrizBot</username>
<id>29590</id>
</contributor>
<minor />
<comment>Robô: A limpar links interwikis antigos</comment>
<model>wikitext</model>
<format>text/x-wiki</format>
<text bytes="189" xml:space="preserve">={{-pt-}}=
==Forma verbal==
'''quebrantaras'''
#[[segunda pessoa]] do [[singular]] do [[pretérito mais-que-perfeito]] do verbo '''[[quebrantar]]'''

[[Categoria:Forma verbal (Português)]]</text>
<sha1>11ryuuhf08z62tlndfb3438cg9nvevx</sha1>
</revision>
</page>
