<title>quebrantas</title>
<ns>0</ns>
<id>113330</id>
<revision>
<id>466951</id>
<timestamp>2009-05-20T23:56:36Z</timestamp>
<contributor>
<username>Nkongo</username>
<id>6268</id>
</contributor>
<model>wikitext</model>
<format>text/x-wiki</format>
<text bytes="547" xml:space="preserve">=[[Português]][[Categoria: Português]]=
'''que.bran.tas'''
&lt;br&gt;
== Verbo ==
# [[segunda]] [[pessoa]] [[do]] [[singular]] [[do]] [[presente]] [[do]] [[indicativo]] [[do]] [[verbo]] '''[[quebrantar]]'''
&lt;br&gt;
{{tradini|[[Image:LuisdeCamoes4.jpg|10px]] [[camonismo|Camonismo]] [[Image:Os Lusíadas.jpg|10px]]
[[Categoria:Camonismo (Português)]]}}
*** '''1 ocorrência n'Os Lusíadas'''
*** rimas n'Os Lusíadas: [[quantas]]; [[tantas]]
* [[pois|Pois]] [[os]] [[vedados]] [[términos]] '''quebrantas'''   -  Os Lusíadas   V-41-5
{{tradfim}}</text>
<sha1>hzy20daqybxotuze562vul1lw6ccxst</sha1>
</revision>
<revision>
<id>466996</id>
<parentid>466951</parentid>
<timestamp>2009-05-21T01:25:27Z</timestamp>
<contributor>
<username>Interwicket</username>
<id>6868</id>
</contributor>
<minor />
<comment>iwiki +[[:en:quebrantas]]</comment>
<model>wikitext</model>
<format>text/x-wiki</format>
<text bytes="566" xml:space="preserve">=[[Português]][[Categoria: Português]]=
'''que.bran.tas'''
&lt;br&gt;
== Verbo ==
# [[segunda]] [[pessoa]] [[do]] [[singular]] [[do]] [[presente]] [[do]] [[indicativo]] [[do]] [[verbo]] '''[[quebrantar]]'''
&lt;br&gt;
{{tradini|[[Image:LuisdeCamoes4.jpg|10px]] [[camonismo|Camonismo]] [[Image:Os Lusíadas.jpg|10px]]
[[Categoria:Camonismo (Português)]]}}
*** '''1 ocorrência n'Os Lusíadas'''
*** rimas n'Os Lusíadas: [[quantas]]; [[tantas]]
* [[pois|Pois]] [[os]] [[vedados]] [[términos]] '''quebrantas'''   -  Os Lusíadas   V-41-5
{{tradfim}}

[[en:quebrantas]]</text>
<sha1>7gs13a5s5xaf1xkdr0clilmgnkbxi8y</sha1>
</revision>
<revision>
<id>478326</id>
<parentid>466996</parentid>
<timestamp>2009-06-11T19:28:11Z</timestamp>
<contributor>
<username>Interwicket</username>
<id>6868</id>
</contributor>
<minor />
<comment>iwiki +[[:no:quebrantas]]</comment>
<model>wikitext</model>
<format>text/x-wiki</format>
<text bytes="584" xml:space="preserve">=[[Português]][[Categoria: Português]]=
'''que.bran.tas'''
&lt;br&gt;
== Verbo ==
# [[segunda]] [[pessoa]] [[do]] [[singular]] [[do]] [[presente]] [[do]] [[indicativo]] [[do]] [[verbo]] '''[[quebrantar]]'''
&lt;br&gt;
{{tradini|[[Image:LuisdeCamoes4.jpg|10px]] [[camonismo|Camonismo]] [[Image:Os Lusíadas.jpg|10px]]
[[Categoria:Camonismo (Português)]]}}
*** '''1 ocorrência n'Os Lusíadas'''
*** rimas n'Os Lusíadas: [[quantas]]; [[tantas]]
* [[pois|Pois]] [[os]] [[vedados]] [[términos]] '''quebrantas'''   -  Os Lusíadas   V-41-5
{{tradfim}}

[[en:quebrantas]]
[[no:quebrantas]]</text>
<sha1>aqisz0frmecqyds806ed0xgp0zemjel</sha1>
</revision>
<revision>
<id>497488</id>
<parentid>478326</parentid>
<timestamp>2009-07-18T17:42:43Z</timestamp>
<contributor>
<ip>87.196.135.17</ip>
</contributor>
<model>wikitext</model>
<format>text/x-wiki</format>
<text bytes="578" xml:space="preserve">=[[Português]][[Categoria: Português]]=
'''que.bran.tas'''


== Verbo ==
# [[segunda]] [[pessoa]] [[do]] [[singular]] [[do]] [[presente]] [[do]] [[indicativo]] [[do]] [[verbo]] '''[[quebrantar]]'''


{{tradini|[[Image:LuisdeCamoes4.jpg|10px]] [[camonismo|Camonismo]] [[Image:Os Lusíadas.jpg|10px]]
[[Categoria:Camonismo (Português)]]}}
*** '''1 ocorrência n'Os Lusíadas'''
*** rimas n'Os Lusíadas: [[quantas]]; [[tantas]]
* [[pois|Pois]] [[os]] [[vedados]] [[términos]] '''quebrantas'''   -  Os Lusíadas   V-41-5
{{tradfim}}

[[en:quebrantas]]
[[no:quebrantas]]</text>
<sha1>l5z18rhxuu5ugzw9jhfpvp1xc7r3tt2</sha1>
</revision>
<revision>
<id>583562</id>
<parentid>497488</parentid>
<timestamp>2009-10-31T18:41:09Z</timestamp>
<contributor>
<username>ValJor</username>
<id>1358</id>
</contributor>
<comment>Retirando verbete da [[:Categoria:Português]]</comment>
<model>wikitext</model>
<format>text/x-wiki</format>
<text bytes="551" xml:space="preserve">=Português=
==Forma verbal==
{{paroxítona|que|bran|tas}}
# segunda pessoa do singular do presente do indicativo do verbo [[quebrantar]]


{{tradini|[[Image:LuisdeCamoes4.jpg|10px]] [[camonismo|Camonismo]] [[Image:Os Lusíadas.jpg|10px]]}}
*** '''1 ocorrência n'Os Lusíadas'''
*** rimas n'Os Lusíadas: [[quantas]]; [[tantas]]
* [[pois|Pois]] [[os]] [[vedados]] [[términos]] '''quebrantas'''   -  Os Lusíadas   V-41-5
{{tradfim}}

[[Categoria:Forma verbal (Português)]]
[[Categoria:Camonismo (Português)]]

[[en:quebrantas]]
[[no:quebrantas]]</text>
<sha1>cvcq9w9prr1uo3eg38d9qsmz06wypsz</sha1>
</revision>
<revision>
<id>602620</id>
<parentid>583562</parentid>
<timestamp>2009-11-08T19:01:23Z</timestamp>
<contributor>
<username>MalafayaBot</username>
<id>628</id>
</contributor>
<minor />
<comment>Usando predefinição</comment>
<model>wikitext</model>
<format>text/x-wiki</format>
<text bytes="417" xml:space="preserve">=Português=
==Forma verbal==
{{paroxítona|que|bran|tas}}
# segunda pessoa do singular do presente do indicativo do verbo [[quebrantar]]


{{camonismo|
*** '''1 ocorrência n'Os Lusíadas'''
*** rimas n'Os Lusíadas: [[quantas]]; [[tantas]]
* [[pois|Pois]] [[os]] [[vedados]] [[términos]] '''quebrantas'''   -  Os Lusíadas   V-41-5
}}

[[Categoria:Forma verbal (Português)]]

[[en:quebrantas]]
[[no:quebrantas]]</text>
<sha1>cqr8xecbc826u5tc7epish7q4wlj06e</sha1>
</revision>
<revision>
<id>953401</id>
<parentid>602620</parentid>
<timestamp>2010-09-11T18:38:00Z</timestamp>
<contributor>
<username>ValJor</username>
<id>1358</id>
</contributor>
<comment>Retirando [[Especial:Páginas_afluentes/Predefinição:camonismo|camonismo]] do domínio principal e passando para o domínio Citações</comment>
<model>wikitext</model>
<format>text/x-wiki</format>
<text bytes="215" xml:space="preserve">=Português=
==Forma verbal==
{{paroxítona|que|bran|tas}}
# segunda pessoa do singular do presente do indicativo do verbo [[quebrantar]]

[[Categoria:Forma verbal (Português)]]

[[en:quebrantas]]
[[no:quebrantas]]</text>
<sha1>erijt0uz6e3zwqnmvry841lzob11lgp</sha1>
</revision>
<revision>
<id>1168138</id>
<parentid>953401</parentid>
<timestamp>2011-07-06T12:13:42Z</timestamp>
<contributor>
<username>MalafayaBot</username>
<id>628</id>
</contributor>
<minor />
<comment>Robô: Substituição de texto automática (-^\=\s?Português\s?\= +={{-pt-}}= &amp; -^\=\s?\{\{pt\}\}\s?\= +={{-pt-}}=)</comment>
<model>wikitext</model>
<format>text/x-wiki</format>
<text bytes="213" xml:space="preserve">={{-pt-}}=
==Forma verbal==
{{paroxítona|que|bran|tas}}
# segunda pessoa do singular do presente do indicativo do verbo [[quebrantar]]

[[Categoria:Forma verbal (Português)]]

[[en:quebrantas]]
[[no:quebrantas]]</text>
<sha1>kkwzsl701ie64axcf2kmds1jlcf7rmi</sha1>
</revision>
<revision>
<id>1789508</id>
<parentid>1168138</parentid>
<timestamp>2013-12-19T00:50:32Z</timestamp>
<contributor>
<username>MalafayaBot</username>
<id>628</id>
</contributor>
<minor />
<comment>r2.7.5) (Robô: A adicionar: [[nl:quebrantas]]</comment>
<model>wikitext</model>
<format>text/x-wiki</format>
<text bytes="231" xml:space="preserve">={{-pt-}}=
==Forma verbal==
{{paroxítona|que|bran|tas}}
# segunda pessoa do singular do presente do indicativo do verbo [[quebrantar]]

[[Categoria:Forma verbal (Português)]]

[[en:quebrantas]]
[[nl:quebrantas]]
[[no:quebrantas]]</text>
<sha1>afpypdnmblxgpfltx6piizzr8boc2wc</sha1>
</revision>
<revision>
<id>2022362</id>
<parentid>1789508</parentid>
<timestamp>2015-10-24T11:03:45Z</timestamp>
<contributor>
<username>HydrizBot</username>
<id>29590</id>
</contributor>
<minor />
<comment>Robô: A adicionar: [[es:quebrantas]], [[fr:quebrantas]]</comment>
<model>wikitext</model>
<format>text/x-wiki</format>
<text bytes="267" xml:space="preserve">={{-pt-}}=
==Forma verbal==
{{paroxítona|que|bran|tas}}
# segunda pessoa do singular do presente do indicativo do verbo [[quebrantar]]

[[Categoria:Forma verbal (Português)]]

[[en:quebrantas]]
[[es:quebrantas]]
[[fr:quebrantas]]
[[nl:quebrantas]]
[[no:quebrantas]]</text>
<sha1>qwaishwgwmyvtwfiu1xp1sf6e9j2t6u</sha1>
</revision>
<revision>
<id>2396916</id>
<parentid>2022362</parentid>
<timestamp>2017-05-13T11:07:37Z</timestamp>
<contributor>
<username>HydrizBot</username>
<id>29590</id>
</contributor>
<minor />
<comment>Robô: A limpar links interwikis antigos</comment>
<model>wikitext</model>
<format>text/x-wiki</format>
<text bytes="176" xml:space="preserve">={{-pt-}}=
==Forma verbal==
{{paroxítona|que|bran|tas}}
# segunda pessoa do singular do presente do indicativo do verbo [[quebrantar]]

[[Categoria:Forma verbal (Português)]]</text>
<sha1>9j40j73lyadg51w1w33h5cnwmkt4lcm</sha1>
</revision>
</page>
