<title>quebrantara</title>
<ns>0</ns>
<id>178324</id>
<revision>
<id>714726</id>
<timestamp>2010-01-25T18:48:13Z</timestamp>
<contributor>
<username>Jesielt-bot</username>
<id>10876</id>
</contributor>
<comment>Verbete criado por bot.</comment>
<model>wikitext</model>
<format>text/x-wiki</format>
<text bytes="187" xml:space="preserve">={{pt}}=
==Forma verbal==
'''quebrantara'''
#[[primeira pessoa]] do [[singular]] do [[pretérito mais-que-perfeito]] do verbo '''[[quebrantar]]'''

[[Categoria:Forma verbal (Português)]]</text>
<sha1>r56l20kyjp2x1i9gf5dtyzz1ze5bhde</sha1>
</revision>
<revision>
<id>717769</id>
<parentid>714726</parentid>
<timestamp>2010-01-26T17:36:32Z</timestamp>
<contributor>
<username>Jesielt-bot</username>
<id>10876</id>
</contributor>
<minor />
<comment>/* Forma verbal */replaced: [[primeira pessoa]] → [[primeira pessoa|primeira]] e [[terceira pessoa|terceira pessoas]] utilizando [[Project:AWB|AWB]]</comment>
<model>wikitext</model>
<format>text/x-wiki</format>
<text bytes="235" xml:space="preserve">={{pt}}=
==Forma verbal==
'''quebrantara'''
#[[primeira pessoa|primeira]] e [[terceira pessoa|terceira pessoas]] do [[singular]] do [[pretérito mais-que-perfeito]] do verbo '''[[quebrantar]]'''

[[Categoria:Forma verbal (Português)]]</text>
<sha1>nl5v7xnomz19wnoi46ys9d016b3n7of</sha1>
</revision>
<revision>
<id>720646</id>
<parentid>717769</parentid>
<timestamp>2010-01-27T10:44:46Z</timestamp>
<contributor>
<username>Interwicket</username>
<id>6868</id>
</contributor>
<minor />
<comment>iwiki +[[:en:quebrantara]], [[:no:quebrantara]]</comment>
<model>wikitext</model>
<format>text/x-wiki</format>
<text bytes="274" xml:space="preserve">={{pt}}=
==Forma verbal==
'''quebrantara'''
#[[primeira pessoa|primeira]] e [[terceira pessoa|terceira pessoas]] do [[singular]] do [[pretérito mais-que-perfeito]] do verbo '''[[quebrantar]]'''

[[Categoria:Forma verbal (Português)]]

[[en:quebrantara]]
[[no:quebrantara]]</text>
<sha1>1ylhczcthk354ryh2diu70z9mrv9bsi</sha1>
</revision>
<revision>
<id>1052689</id>
<parentid>720646</parentid>
<timestamp>2011-03-24T09:40:45Z</timestamp>
<contributor>
<username>Luckas-bot</username>
<id>5986</id>
</contributor>
<minor />
<comment>r2.6.2) (Bot: Adicionando: [[mg:quebrantara]]</comment>
<model>wikitext</model>
<format>text/x-wiki</format>
<text bytes="293" xml:space="preserve">={{pt}}=
==Forma verbal==
'''quebrantara'''
#[[primeira pessoa|primeira]] e [[terceira pessoa|terceira pessoas]] do [[singular]] do [[pretérito mais-que-perfeito]] do verbo '''[[quebrantar]]'''

[[Categoria:Forma verbal (Português)]]

[[en:quebrantara]]
[[mg:quebrantara]]
[[no:quebrantara]]</text>
<sha1>cb06b08wbteffd7sf4xtz644fwmoj7m</sha1>
</revision>
<revision>
<id>1168120</id>
<parentid>1052689</parentid>
<timestamp>2011-07-06T12:13:23Z</timestamp>
<contributor>
<username>MalafayaBot</username>
<id>628</id>
</contributor>
<minor />
<comment>Robô: Substituição de texto automática (-^\=\s?Português\s?\= +={{-pt-}}= &amp; -^\=\s?\{\{pt\}\}\s?\= +={{-pt-}}=)</comment>
<model>wikitext</model>
<format>text/x-wiki</format>
<text bytes="295" xml:space="preserve">={{-pt-}}=
==Forma verbal==
'''quebrantara'''
#[[primeira pessoa|primeira]] e [[terceira pessoa|terceira pessoas]] do [[singular]] do [[pretérito mais-que-perfeito]] do verbo '''[[quebrantar]]'''

[[Categoria:Forma verbal (Português)]]

[[en:quebrantara]]
[[mg:quebrantara]]
[[no:quebrantara]]</text>
<sha1>h585foi1e93rkmyrcwttmx6mqb6t4d9</sha1>
</revision>
<revision>
<id>1789486</id>
<parentid>1168120</parentid>
<timestamp>2013-12-19T00:34:35Z</timestamp>
<contributor>
<username>MalafayaBot</username>
<id>628</id>
</contributor>
<minor />
<comment>r2.7.5) (Robô: A adicionar: [[nl:quebrantara]]</comment>
<model>wikitext</model>
<format>text/x-wiki</format>
<text bytes="314" xml:space="preserve">={{-pt-}}=
==Forma verbal==
'''quebrantara'''
#[[primeira pessoa|primeira]] e [[terceira pessoa|terceira pessoas]] do [[singular]] do [[pretérito mais-que-perfeito]] do verbo '''[[quebrantar]]'''

[[Categoria:Forma verbal (Português)]]

[[en:quebrantara]]
[[mg:quebrantara]]
[[nl:quebrantara]]
[[no:quebrantara]]</text>
<sha1>cuqo29ruk626hqmlw2zqcuo88fsopya</sha1>
</revision>
<revision>
<id>2022348</id>
<parentid>1789486</parentid>
<timestamp>2015-10-24T11:00:19Z</timestamp>
<contributor>
<username>HydrizBot</username>
<id>29590</id>
</contributor>
<minor />
<comment>Robô: A adicionar: [[es:quebrantara]], [[fr:quebrantara]]</comment>
<model>wikitext</model>
<format>text/x-wiki</format>
<text bytes="352" xml:space="preserve">={{-pt-}}=
==Forma verbal==
'''quebrantara'''
#[[primeira pessoa|primeira]] e [[terceira pessoa|terceira pessoas]] do [[singular]] do [[pretérito mais-que-perfeito]] do verbo '''[[quebrantar]]'''

[[Categoria:Forma verbal (Português)]]

[[en:quebrantara]]
[[es:quebrantara]]
[[fr:quebrantara]]
[[mg:quebrantara]]
[[nl:quebrantara]]
[[no:quebrantara]]</text>
<sha1>qcjpo4gasq2lpgdoufjfqupa2j7djl7</sha1>
</revision>
<revision>
<id>2396898</id>
<parentid>2022348</parentid>
<timestamp>2017-05-13T11:06:56Z</timestamp>
<contributor>
<username>HydrizBot</username>
<id>29590</id>
</contributor>
<minor />
<comment>Robô: A limpar links interwikis antigos</comment>
<model>wikitext</model>
<format>text/x-wiki</format>
<text bytes="237" xml:space="preserve">={{-pt-}}=
==Forma verbal==
'''quebrantara'''
#[[primeira pessoa|primeira]] e [[terceira pessoa|terceira pessoas]] do [[singular]] do [[pretérito mais-que-perfeito]] do verbo '''[[quebrantar]]'''

[[Categoria:Forma verbal (Português)]]</text>
<sha1>fy1seruhxikgjse6hdkft9hivpu7nuk</sha1>
</revision>
</page>
