<title>quebra</title>
<ns>0</ns>
<id>44315</id>
<revision>
<id>169139</id>
<timestamp>2006-09-21T13:32:09Z</timestamp>
<contributor>
<username>Yadda</username>
<id>1791</id>
</contributor>
<model>wikitext</model>
<format>text/x-wiki</format>
<text bytes="581" xml:space="preserve">== Substantivo ==


''feminino''

1. acto ou efeito de quebrar

2. separação dos elementos de um todo

3. [[desunião]]

4. [[diminuição]]

5. [[falha]]

6. [[prejuízo]]

7. [[falência]]

8. [[transgressão]]

9. [[inclinação]] de [[terreno]]



== Substantivo ==


''masculino''

1. (''Brasil'') pessoa ou animal de [[mau]] [[carácter]]

2. (''Brasil'') pessoa [[brincalhona]]



== Adjectivo ==


1. (''Brasil'') que tem mau carácter

2. (''Brasil'') [[ruim]]

3. (''Brasil'') [[engraçado]]


[[Categoria:Substantivo (Português)]] [[Categoria:Adjectivo (Português)]]</text>
<sha1>kpkm4ztkg98mf4lwzp2tnfa3cxua4h4</sha1>
</revision>
<revision>
<id>171145</id>
<parentid>169139</parentid>
<timestamp>2006-09-28T09:32:57Z</timestamp>
<contributor>
<username>Yadda</username>
<id>1791</id>
</contributor>
<model>wikitext</model>
<format>text/x-wiki</format>
<text bytes="416" xml:space="preserve">== Substantivo ==

''feminino''

'''que.bra'''

1. acção de [[quebrar]]

2. [[diminuição]]

3. [[falha]]

4. [[prejuízo]]

5. [[declive]]



== Substantivo ==


''masculino''

1. (''Brasil'') de [[mau]] [[carácter]]

2. (''Brasil'') homem [[brincalhão]]



== Adjectivo ==


1. (''Brasil'') [[ruim]]

2. (''Brasil'') [[engraçado]]


[[Categoria:Substantivo (Português)]] [[Categoria:Adjectivo (Português)]]</text>
<sha1>ip2viikpj00deuz0pc73ezl55yh2dvj</sha1>
</revision>
<revision>
<id>174045</id>
<parentid>171145</parentid>
<timestamp>2006-10-06T19:20:13Z</timestamp>
<contributor>
<username>RobotGMwikt</username>
<id>407</id>
</contributor>
<minor />
<comment>Bot:  Adicionando: [[en:quebra]], [[fr:quebra]]</comment>
<model>wikitext</model>
<format>text/x-wiki</format>
<text bytes="445" xml:space="preserve">== Substantivo ==

''feminino''

'''que.bra'''

1. acção de [[quebrar]]

2. [[diminuição]]

3. [[falha]]

4. [[prejuízo]]

5. [[declive]]



== Substantivo ==


''masculino''

1. (''Brasil'') de [[mau]] [[carácter]]

2. (''Brasil'') homem [[brincalhão]]



== Adjectivo ==


1. (''Brasil'') [[ruim]]

2. (''Brasil'') [[engraçado]]


[[Categoria:Substantivo (Português)]] [[Categoria:Adjectivo (Português)]]

[[en:quebra]]
[[fr:quebra]]</text>
<sha1>g4kttuck8eaodx1ip1ju0wtgn277db5</sha1>
</revision>
<revision>
<id>470422</id>
<parentid>174045</parentid>
<timestamp>2009-05-26T21:02:10Z</timestamp>
<contributor>
<username>Cadum-Bot</username>
<id>8150</id>
</contributor>
<minor />
<comment>Adjetivo...</comment>
<model>wikitext</model>
<format>text/x-wiki</format>
<text bytes="457" xml:space="preserve">=Português=
== Substantivo ==

''feminino''

'''que.bra'''

1. acção de [[quebrar]]

2. [[diminuição]]

3. [[falha]]

4. [[prejuízo]]

5. [[declive]]



== Substantivo ==


''masculino''

1. (''Brasil'') de [[mau]] [[carácter]]

2. (''Brasil'') homem [[brincalhão]]



== Adjectivo ==


1. (''Brasil'') [[ruim]]

2. (''Brasil'') [[engraçado]]


[[Categoria:Substantivo (Português)]] [[Categoria:Adjetivo (Português)]]

[[en:quebra]]
[[fr:quebra]]</text>
<sha1>25l2fuuihyjc03sg9ogm84ogia4a1m6</sha1>
</revision>
<revision>
<id>838097</id>
<parentid>470422</parentid>
<timestamp>2010-03-27T22:19:38Z</timestamp>
<contributor>
<username>Defender</username>
<id>15952</id>
</contributor>
<comment>Melhorando a apresentação do verbete usando a [[:predefinição:cria-verbete]]</comment>
<model>wikitext</model>
<format>text/x-wiki</format>
<text bytes="524" xml:space="preserve">={{pt}}=
=={{subst}}==
{{flex.pt.fem.reg|quebra|&lt;u&gt;que&lt;/u&gt;.bra}}
{{paroxítona|que|bra}} {{f}}
# acção de [[quebrar]]
# [[diminuição]]
# [[falha]]
# [[prejuízo]]
# [[declive]]
# {{escopo|Brasil}} de [[mau]] [[carácter]]
# {{escopo|Brasil}} homem [[brincalhão]]
=={{-adj-}}==
{{flex.pt.com2.reg|quebra|&lt;u&gt;que&lt;/u&gt;.bra}}
{{paroxítona|que|bra}} {{c2g}}
# {{escopo|Brasil}} [[ruim]]
# {{escopo|Brasil}} [[engraçado]]
[[Categoria:Substantivo (Português)]]
[[Categoria:Adjetivo (Português)]]

[[en:quebra]]
[[fr:quebra]]</text>
<sha1>5wpaewyx43y5ab5ojc6vtjzm33co24k</sha1>
</revision>
<revision>
<id>844703</id>
<parentid>838097</parentid>
<timestamp>2010-04-01T18:41:14Z</timestamp>
<contributor>
<username>Jesielt-bot</username>
<id>10876</id>
</contributor>
<minor />
<comment>/* {{subst}} */replaced: {{subst}} → Substantivo utilizando [[Project:AWB|AWB]]</comment>
<model>wikitext</model>
<format>text/x-wiki</format>
<text bytes="526" xml:space="preserve">={{pt}}=
==Substantivo==
{{flex.pt.fem.reg|quebra|&lt;u&gt;que&lt;/u&gt;.bra}}
{{paroxítona|que|bra}} {{f}}
# acção de [[quebrar]]
# [[diminuição]]
# [[falha]]
# [[prejuízo]]
# [[declive]]
# {{escopo|Brasil}} de [[mau]] [[carácter]]
# {{escopo|Brasil}} homem [[brincalhão]]
=={{-adj-}}==
{{flex.pt.com2.reg|quebra|&lt;u&gt;que&lt;/u&gt;.bra}}
{{paroxítona|que|bra}} {{c2g}}
# {{escopo|Brasil}} [[ruim]]
# {{escopo|Brasil}} [[engraçado]]
[[Categoria:Substantivo (Português)]]
[[Categoria:Adjetivo (Português)]]

[[en:quebra]]
[[fr:quebra]]</text>
<sha1>c5a3bj3jqqn3bnl988nppkikdo81cco</sha1>
</revision>
<revision>
<id>845066</id>
<parentid>844703</parentid>
<timestamp>2010-04-01T19:14:26Z</timestamp>
<contributor>
<username>Jesielt-bot</username>
<id>10876</id>
</contributor>
<minor />
<comment>/* {{-adj-}} */replaced: {{-adj-}} → Adjetivo utilizando [[Project:AWB|AWB]]</comment>
<model>wikitext</model>
<format>text/x-wiki</format>
<text bytes="525" xml:space="preserve">={{pt}}=
==Substantivo==
{{flex.pt.fem.reg|quebra|&lt;u&gt;que&lt;/u&gt;.bra}}
{{paroxítona|que|bra}} {{f}}
# acção de [[quebrar]]
# [[diminuição]]
# [[falha]]
# [[prejuízo]]
# [[declive]]
# {{escopo|Brasil}} de [[mau]] [[carácter]]
# {{escopo|Brasil}} homem [[brincalhão]]
==Adjetivo==
{{flex.pt.com2.reg|quebra|&lt;u&gt;que&lt;/u&gt;.bra}}
{{paroxítona|que|bra}} {{c2g}}
# {{escopo|Brasil}} [[ruim]]
# {{escopo|Brasil}} [[engraçado]]
[[Categoria:Substantivo (Português)]]
[[Categoria:Adjetivo (Português)]]

[[en:quebra]]
[[fr:quebra]]</text>
<sha1>2h1zpgil4xyzssbdn0k1emwvcys2io4</sha1>
</revision>
<revision>
<id>1014211</id>
<parentid>845066</parentid>
<timestamp>2011-01-24T08:35:56Z</timestamp>
<contributor>
<username>Luckas-bot</username>
<id>5986</id>
</contributor>
<minor />
<comment>r2.6.2) (Bot: Adicionando: [[zh:quebra]]</comment>
<model>wikitext</model>
<format>text/x-wiki</format>
<text bytes="539" xml:space="preserve">={{pt}}=
==Substantivo==
{{flex.pt.fem.reg|quebra|&lt;u&gt;que&lt;/u&gt;.bra}}
{{paroxítona|que|bra}} {{f}}
# acção de [[quebrar]]
# [[diminuição]]
# [[falha]]
# [[prejuízo]]
# [[declive]]
# {{escopo|Brasil}} de [[mau]] [[carácter]]
# {{escopo|Brasil}} homem [[brincalhão]]
==Adjetivo==
{{flex.pt.com2.reg|quebra|&lt;u&gt;que&lt;/u&gt;.bra}}
{{paroxítona|que|bra}} {{c2g}}
# {{escopo|Brasil}} [[ruim]]
# {{escopo|Brasil}} [[engraçado]]
[[Categoria:Substantivo (Português)]]
[[Categoria:Adjetivo (Português)]]

[[en:quebra]]
[[fr:quebra]]
[[zh:quebra]]</text>
<sha1>e35uduq8d4mxc3p309qx8s7foflanwq</sha1>
</revision>
<revision>
<id>1187564</id>
<parentid>1014211</parentid>
<timestamp>2011-07-08T17:53:46Z</timestamp>
<contributor>
<username>MalafayaBot</username>
<id>628</id>
</contributor>
<minor />
<comment>Robô: Substituição de texto automática (-^\=\s?Português\s?\= +={{-pt-}}= &amp; -^\=\s?\{\{pt\}\}\s?\= +={{-pt-}}=)</comment>
<model>wikitext</model>
<format>text/x-wiki</format>
<text bytes="541" xml:space="preserve">={{-pt-}}=
==Substantivo==
{{flex.pt.fem.reg|quebra|&lt;u&gt;que&lt;/u&gt;.bra}}
{{paroxítona|que|bra}} {{f}}
# acção de [[quebrar]]
# [[diminuição]]
# [[falha]]
# [[prejuízo]]
# [[declive]]
# {{escopo|Brasil}} de [[mau]] [[carácter]]
# {{escopo|Brasil}} homem [[brincalhão]]
==Adjetivo==
{{flex.pt.com2.reg|quebra|&lt;u&gt;que&lt;/u&gt;.bra}}
{{paroxítona|que|bra}} {{c2g}}
# {{escopo|Brasil}} [[ruim]]
# {{escopo|Brasil}} [[engraçado]]
[[Categoria:Substantivo (Português)]]
[[Categoria:Adjetivo (Português)]]

[[en:quebra]]
[[fr:quebra]]
[[zh:quebra]]</text>
<sha1>thnr69p42arsv3kh7mmb5t9ij9oalu0</sha1>
</revision>
<revision>
<id>1789495</id>
<parentid>1187564</parentid>
<timestamp>2013-12-19T00:35:22Z</timestamp>
<contributor>
<username>MalafayaBot</username>
<id>628</id>
</contributor>
<minor />
<comment>r2.7.5) (Robô: A adicionar: [[mg:quebra]]</comment>
<model>wikitext</model>
<format>text/x-wiki</format>
<text bytes="555" xml:space="preserve">={{-pt-}}=
==Substantivo==
{{flex.pt.fem.reg|quebra|&lt;u&gt;que&lt;/u&gt;.bra}}
{{paroxítona|que|bra}} {{f}}
# acção de [[quebrar]]
# [[diminuição]]
# [[falha]]
# [[prejuízo]]
# [[declive]]
# {{escopo|Brasil}} de [[mau]] [[carácter]]
# {{escopo|Brasil}} homem [[brincalhão]]
==Adjetivo==
{{flex.pt.com2.reg|quebra|&lt;u&gt;que&lt;/u&gt;.bra}}
{{paroxítona|que|bra}} {{c2g}}
# {{escopo|Brasil}} [[ruim]]
# {{escopo|Brasil}} [[engraçado]]
[[Categoria:Substantivo (Português)]]
[[Categoria:Adjetivo (Português)]]

[[en:quebra]]
[[fr:quebra]]
[[mg:quebra]]
[[zh:quebra]]</text>
<sha1>oh6znyko0xwn5cuz054vvxz2pzmym45</sha1>
</revision>
<revision>
<id>1863902</id>
<parentid>1789495</parentid>
<timestamp>2014-09-30T06:26:47Z</timestamp>
<contributor>
<username>Kaleb Alkbashr</username>
<id>45065</id>
</contributor>
<model>wikitext</model>
<format>text/x-wiki</format>
<text bytes="579" xml:space="preserve">={{-pt-}}=
==Adjetivo==
{{flex.pt|s=quebra|p=quebras}}
{{paroxítona|que|bra}}, {{c2g}}
# {{escopo|Brasil}} [[ruim]]
# {{escopo|Brasil}} [[engraçado]]

==Substantivo==
{{flex.pt|fs=quebra|fp=quebras}}
{{paroxítona|que|bra}}, {{f}}
# ação de [[quebrar]]
# [[diminuição]]
# [[falha]]
# [[prejuízo]]
# [[declive]]
# {{escopo|Brasil}} de [[mau]] [[carácter]]
# {{escopo|Brasil}} homem [[brincalhão]]

===Expressões===
* '''[[de quebra]]''':

[[Categoria:Adjetivo (Português)]]
[[Categoria:Substantivo (Português)]]

[[en:quebra]]
[[fr:quebra]]
[[mg:quebra]]
[[zh:quebra]]</text>
<sha1>np1xzlzwhe6y2czgy1wnx46a1bn6ly5</sha1>
</revision>
<revision>
<id>2396881</id>
<parentid>1863902</parentid>
<timestamp>2017-05-13T11:06:23Z</timestamp>
<contributor>
<username>HydrizBot</username>
<id>29590</id>
</contributor>
<minor />
<comment>Robô: A limpar links interwikis antigos</comment>
<model>wikitext</model>
<format>text/x-wiki</format>
<text bytes="522" xml:space="preserve">={{-pt-}}=
==Adjetivo==
{{flex.pt|s=quebra|p=quebras}}
{{paroxítona|que|bra}}, {{c2g}}
# {{escopo|Brasil}} [[ruim]]
# {{escopo|Brasil}} [[engraçado]]

==Substantivo==
{{flex.pt|fs=quebra|fp=quebras}}
{{paroxítona|que|bra}}, {{f}}
# ação de [[quebrar]]
# [[diminuição]]
# [[falha]]
# [[prejuízo]]
# [[declive]]
# {{escopo|Brasil}} de [[mau]] [[carácter]]
# {{escopo|Brasil}} homem [[brincalhão]]

===Expressões===
* '''[[de quebra]]''':

[[Categoria:Adjetivo (Português)]]
[[Categoria:Substantivo (Português)]]</text>
<sha1>t0p980t9dm8ts67cfekgyazjz6nl9li</sha1>
</revision>
<revision>
<id>2601904</id>
<parentid>2396881</parentid>
<timestamp>2020-11-13T09:27:14Z</timestamp>
<contributor>
<username>ValJor</username>
<id>1358</id>
</contributor>
<comment>Acrescentando código de língua à [[:Categoria:!Página com mensagem de erro em predefinição|predefinição escopo]]</comment>
<model>wikitext</model>
<format>text/x-wiki</format>
<text bytes="680" xml:space="preserve">={{-pt-}}=
==Adjetivo==
{{flex.pt|s=quebra|p=quebras}}
{{paroxítona|que|bra}}, {{gramática|c2g}}
# {{escopo|pt|Brasil}} [[ruim]]
# {{escopo|pt|Brasil}} [[engraçado]]

==Substantivo==
{{flex.pt|fs=quebra|fp=quebras}}
{{paroxítona|que|bra}}, {{gramática|f}}
# ação de [[quebrar]]
# [[diminuição]]
# [[falha]]
# [[prejuízo]]
# [[declive]]
# {{escopo|pt|Brasil}} de [[mau]] [[carácter]]
# {{escopo|pt|Brasil}} homem [[brincalhão]]

===Expressões===
* '''[[de quebra]]''':

==Ligações externas==
* {{Aulete}}
* {{Michaelis}}
* {{DicioAberto}}
* {{DPLP}}
* {{Infopédia}}
* {{PLP}}
* {{VOLPABL}}

[[Categoria:Adjetivo (Português)]]
[[Categoria:Substantivo (Português)]]</text>
<sha1>9azy248bj8tepi0igi2ed7fwtbszm7s</sha1>
</revision>
<revision>
<id>2614189</id>
<parentid>2601904</parentid>
<timestamp>2021-01-31T18:02:01Z</timestamp>
<contributor>
<username>Marxav</username>
<id>73271</id>
</contributor>
<minor />
<comment>AFI Portugal</comment>
<model>wikitext</model>
<format>text/x-wiki</format>
<text bytes="747" xml:space="preserve">={{-pt-}}=
==Adjetivo==
{{flex.pt|s=quebra|p=quebras}}
{{paroxítona|que|bra}}, {{gramática|c2g}}
# {{escopo|pt|Brasil}} [[ruim]]
# {{escopo|pt|Brasil}} [[engraçado]]

==Substantivo==
{{flex.pt|fs=quebra|fp=quebras}}
{{paroxítona|que|bra}}, {{gramática|f}}
# ação de [[quebrar]]
# [[diminuição]]
# [[falha]]
# [[prejuízo]]
# [[declive]]
# {{escopo|pt|Brasil}} de [[mau]] [[carácter]]
# {{escopo|pt|Brasil}} homem [[brincalhão]]

===Expressões===
* '''[[de quebra]]''':

=={{pronúncia|pt}}==
===Portugal===
* AFI: {{AFI|/ˈkɛ.bɾɐ/}}

==Ligações externas==
* {{Aulete}}
* {{Michaelis}}
* {{DicioAberto}}
* {{DPLP}}
* {{Infopédia}}
* {{PLP}}
* {{VOLPABL}}

[[Categoria:Adjetivo (Português)]]
[[Categoria:Substantivo (Português)]]</text>
<sha1>j3zr3iqvwtzo5i51mff9xa0uspcxbfz</sha1>
</revision>
</page>
