<title>quebrantareis</title>
<ns>0</ns>
<id>190231</id>
<revision>
<id>740751</id>
<timestamp>2010-02-03T21:40:19Z</timestamp>
<contributor>
<username>Jesielt-bot</username>
<id>10876</id>
</contributor>
<comment>Verbete criado por bot.</comment>
<model>wikitext</model>
<format>text/x-wiki</format>
<text bytes="176" xml:space="preserve">={{pt}}=
==Forma verbal==
'''quebrantareis'''
#[[segunda pessoa]] do [[plural]] do [[futuro do presente]] do verbo '''[[quebrantar]]'''

[[Categoria:Forma verbal (Português)]]</text>
<sha1>ppw7an4ypcvcwr10b6cq3kx9valvv4d</sha1>
</revision>
<revision>
<id>756696</id>
<parentid>740751</parentid>
<timestamp>2010-02-07T15:12:11Z</timestamp>
<contributor>
<username>Interwicket</username>
<id>6868</id>
</contributor>
<minor />
<comment>iwiki +[[:en:quebrantareis]], [[:no:quebrantareis]]</comment>
<model>wikitext</model>
<format>text/x-wiki</format>
<text bytes="219" xml:space="preserve">={{pt}}=
==Forma verbal==
'''quebrantareis'''
#[[segunda pessoa]] do [[plural]] do [[futuro do presente]] do verbo '''[[quebrantar]]'''

[[Categoria:Forma verbal (Português)]]

[[en:quebrantareis]]
[[no:quebrantareis]]</text>
<sha1>95q8pixza5aygovpq8wgg41vqeetois</sha1>
</revision>
<revision>
<id>1168125</id>
<parentid>756696</parentid>
<timestamp>2011-07-06T12:13:29Z</timestamp>
<contributor>
<username>MalafayaBot</username>
<id>628</id>
</contributor>
<minor />
<comment>Robô: Substituição de texto automática (-^\=\s?Português\s?\= +={{-pt-}}= &amp; -^\=\s?\{\{pt\}\}\s?\= +={{-pt-}}=)</comment>
<model>wikitext</model>
<format>text/x-wiki</format>
<text bytes="221" xml:space="preserve">={{-pt-}}=
==Forma verbal==
'''quebrantareis'''
#[[segunda pessoa]] do [[plural]] do [[futuro do presente]] do verbo '''[[quebrantar]]'''

[[Categoria:Forma verbal (Português)]]

[[en:quebrantareis]]
[[no:quebrantareis]]</text>
<sha1>ew50gmv9pnsr7bojrvtwabv1469a58g</sha1>
</revision>
<revision>
<id>1789484</id>
<parentid>1168125</parentid>
<timestamp>2013-12-19T00:34:27Z</timestamp>
<contributor>
<username>MalafayaBot</username>
<id>628</id>
</contributor>
<minor />
<comment>r2.7.5) (Robô: A adicionar: [[nl:quebrantareis]]</comment>
<model>wikitext</model>
<format>text/x-wiki</format>
<text bytes="242" xml:space="preserve">={{-pt-}}=
==Forma verbal==
'''quebrantareis'''
#[[segunda pessoa]] do [[plural]] do [[futuro do presente]] do verbo '''[[quebrantar]]'''

[[Categoria:Forma verbal (Português)]]

[[en:quebrantareis]]
[[nl:quebrantareis]]
[[no:quebrantareis]]</text>
<sha1>gwr9zehq5mr4n23bypwaasft3fn7ujt</sha1>
</revision>
<revision>
<id>2022346</id>
<parentid>1789484</parentid>
<timestamp>2015-10-24T11:00:02Z</timestamp>
<contributor>
<username>HydrizBot</username>
<id>29590</id>
</contributor>
<minor />
<comment>Robô: A adicionar: [[es:quebrantareis]], [[fr:quebrantareis]]</comment>
<model>wikitext</model>
<format>text/x-wiki</format>
<text bytes="284" xml:space="preserve">={{-pt-}}=
==Forma verbal==
'''quebrantareis'''
#[[segunda pessoa]] do [[plural]] do [[futuro do presente]] do verbo '''[[quebrantar]]'''

[[Categoria:Forma verbal (Português)]]

[[en:quebrantareis]]
[[es:quebrantareis]]
[[fr:quebrantareis]]
[[nl:quebrantareis]]
[[no:quebrantareis]]</text>
<sha1>fysnic3omadqnlu7zevspxo2xk1o9z0</sha1>
</revision>
<revision>
<id>2396903</id>
<parentid>2022346</parentid>
<timestamp>2017-05-13T11:07:08Z</timestamp>
<contributor>
<username>HydrizBot</username>
<id>29590</id>
</contributor>
<minor />
<comment>Robô: A limpar links interwikis antigos</comment>
<model>wikitext</model>
<format>text/x-wiki</format>
<text bytes="178" xml:space="preserve">={{-pt-}}=
==Forma verbal==
'''quebrantareis'''
#[[segunda pessoa]] do [[plural]] do [[futuro do presente]] do verbo '''[[quebrantar]]'''

[[Categoria:Forma verbal (Português)]]</text>
<sha1>6l96bv8kgb0k1ycjstxkvljpzp65hrm</sha1>
</revision>
</page>
