<title>quebradiço</title>
<ns>0</ns>
<id>354043</id>
<revision>
<id>2076802</id>
<timestamp>2016-03-25T10:42:34Z</timestamp>
<contributor>
<username>ValJor</username>
<id>1358</id>
</contributor>
<comment>Eliminando [[crumbly]] da lista de [[Especial:Lonelypages|órfãos]]</comment>
<model>wikitext</model>
<format>text/x-wiki</format>
<text bytes="616" xml:space="preserve">={{-pt-}}=
==Adjetivo==
{{flex.pt|ms=quebradiço|mp=quebradiços|fs=quebradiça|fp=quebradiças}}
{{paroxítona|que|bra|di|ço}}
# que se [[quebrar|quebra]] com [[facilidade]]; [[frágil]]
#* ''Alessandro Campos recomenda que a retirada não seja feita em temperatura baixa, pois o adesivo fica mais '''quebradiço''', prejudicando a remoção.'' {{OESP|2014|abril|09}}

===Tradução===
{{tradini}}
* {{trad|en|crumbly}}
{{tradmeio}}
{{tradfim}}

=={{etimologia|pt}}==
: Derivado do verbo [[quebrar]].

[[Categoria:Adjetivo (Português)]]

[[en:quebradiço]]
[[fr:quebradiço]]
[[mg:quebradiço]]
[[zh:quebradiço]]</text>
<sha1>kx6830wupwtm696tknxxgotctf4cb56</sha1>
</revision>
<revision>
<id>2396886</id>
<parentid>2076802</parentid>
<timestamp>2017-05-13T11:06:32Z</timestamp>
<contributor>
<username>HydrizBot</username>
<id>29590</id>
</contributor>
<minor />
<comment>Robô: A limpar links interwikis antigos</comment>
<model>wikitext</model>
<format>text/x-wiki</format>
<text bytes="539" xml:space="preserve">={{-pt-}}=
==Adjetivo==
{{flex.pt|ms=quebradiço|mp=quebradiços|fs=quebradiça|fp=quebradiças}}
{{paroxítona|que|bra|di|ço}}
# que se [[quebrar|quebra]] com [[facilidade]]; [[frágil]]
#* ''Alessandro Campos recomenda que a retirada não seja feita em temperatura baixa, pois o adesivo fica mais '''quebradiço''', prejudicando a remoção.'' {{OESP|2014|abril|09}}

===Tradução===
{{tradini}}
* {{trad|en|crumbly}}
{{tradmeio}}
{{tradfim}}

=={{etimologia|pt}}==
: Derivado do verbo [[quebrar]].

[[Categoria:Adjetivo (Português)]]</text>
<sha1>770ilf13lhwkavf4z0mg8nnu0x73zuu</sha1>
</revision>
</page>
