<title>quebrantaríeis</title>
<ns>0</ns>
<id>195526</id>
<revision>
<id>748835</id>
<timestamp>2010-02-05T14:57:36Z</timestamp>
<contributor>
<username>Jesielt-bot</username>
<id>10876</id>
</contributor>
<comment>Verbete criado por bot.</comment>
<model>wikitext</model>
<format>text/x-wiki</format>
<text bytes="180" xml:space="preserve">={{pt}}=
==Forma verbal==
'''quebrantaríeis'''
#[[segunda pessoa]] do [[plural]] do [[futuro do pretérito]] do verbo '''[[quebrantar]]'''

[[Categoria:Forma verbal (Português)]]</text>
<sha1>4705w2zgr89hr1ml1bwfhxoacoul3dw</sha1>
</revision>
<revision>
<id>783305</id>
<parentid>748835</parentid>
<timestamp>2010-02-16T03:35:12Z</timestamp>
<contributor>
<username>Interwicket</username>
<id>6868</id>
</contributor>
<minor />
<comment>iwiki +[[:no:quebrantaríeis]]</comment>
<model>wikitext</model>
<format>text/x-wiki</format>
<text bytes="204" xml:space="preserve">={{pt}}=
==Forma verbal==
'''quebrantaríeis'''
#[[segunda pessoa]] do [[plural]] do [[futuro do pretérito]] do verbo '''[[quebrantar]]'''

[[Categoria:Forma verbal (Português)]]

[[no:quebrantaríeis]]</text>
<sha1>b6nama8t7rp31u7g0evu78d2muln6hh</sha1>
</revision>
<revision>
<id>1168137</id>
<parentid>783305</parentid>
<timestamp>2011-07-06T12:13:41Z</timestamp>
<contributor>
<username>MalafayaBot</username>
<id>628</id>
</contributor>
<minor />
<comment>Robô: Substituição de texto automática (-^\=\s?Português\s?\= +={{-pt-}}= &amp; -^\=\s?\{\{pt\}\}\s?\= +={{-pt-}}=)</comment>
<model>wikitext</model>
<format>text/x-wiki</format>
<text bytes="206" xml:space="preserve">={{-pt-}}=
==Forma verbal==
'''quebrantaríeis'''
#[[segunda pessoa]] do [[plural]] do [[futuro do pretérito]] do verbo '''[[quebrantar]]'''

[[Categoria:Forma verbal (Português)]]

[[no:quebrantaríeis]]</text>
<sha1>c14cmwdypwcwk3n1bmxpngfp7a48n1t</sha1>
</revision>
<revision>
<id>2134365</id>
<parentid>1168137</parentid>
<timestamp>2016-06-09T22:43:23Z</timestamp>
<contributor>
<username>UT-interwiki-Bot</username>
<id>56129</id>
</contributor>
<minor />
<comment>Robô: A adicionar: [[en:quebrantaríeis]]</comment>
<model>wikitext</model>
<format>text/x-wiki</format>
<text bytes="229" xml:space="preserve">={{-pt-}}=
==Forma verbal==
'''quebrantaríeis'''
#[[segunda pessoa]] do [[plural]] do [[futuro do pretérito]] do verbo '''[[quebrantar]]'''

[[Categoria:Forma verbal (Português)]]

[[en:quebrantaríeis]]
[[no:quebrantaríeis]]</text>
<sha1>swv56z2yr5ayi0du0gfnt5pk7lygu1g</sha1>
</revision>
<revision>
<id>2396915</id>
<parentid>2134365</parentid>
<timestamp>2017-05-13T11:07:36Z</timestamp>
<contributor>
<username>HydrizBot</username>
<id>29590</id>
</contributor>
<minor />
<comment>Robô: A limpar links interwikis antigos</comment>
<model>wikitext</model>
<format>text/x-wiki</format>
<text bytes="182" xml:space="preserve">={{-pt-}}=
==Forma verbal==
'''quebrantaríeis'''
#[[segunda pessoa]] do [[plural]] do [[futuro do pretérito]] do verbo '''[[quebrantar]]'''

[[Categoria:Forma verbal (Português)]]</text>
<sha1>rm2nzj8tfh25qjvaq4fekxkaxdeudys</sha1>
</revision>
</page>
