<title>quebrantaram</title>
<ns>0</ns>
<id>176858</id>
<revision>
<id>713018</id>
<timestamp>2010-01-24T17:22:04Z</timestamp>
<contributor>
<username>Jesielt-bot</username>
<id>10876</id>
</contributor>
<comment>Verbete criado por bot.</comment>
<model>wikitext</model>
<format>text/x-wiki</format>
<text bytes="199" xml:space="preserve">={{pt}}=
==Forma verbal==
'''quebrantaram'''
#[[terceira pessoa]] do [[plural]] do [[pretérito perfeito]] do [[modo indicativo]] do verbo '''[[quebrantar]]'''
[[Categoria:Forma verbal (Português)]]</text>
<sha1>1mdi5nldktg8ofag1ziuo453ex4ogfo</sha1>
</revision>
<revision>
<id>719623</id>
<parentid>713018</parentid>
<timestamp>2010-01-27T00:42:41Z</timestamp>
<contributor>
<username>Interwicket</username>
<id>6868</id>
</contributor>
<minor />
<comment>iwiki +[[:no:quebrantaram]]</comment>
<model>wikitext</model>
<format>text/x-wiki</format>
<text bytes="220" xml:space="preserve">={{pt}}=
==Forma verbal==
'''quebrantaram'''
#[[terceira pessoa]] do [[plural]] do [[pretérito perfeito]] do [[modo indicativo]] do verbo '''[[quebrantar]]'''
[[Categoria:Forma verbal (Português)]]

[[no:quebrantaram]]</text>
<sha1>csji8v5ci8yp5ukfykrh19i43nhgz0v</sha1>
</revision>
<revision>
<id>1168121</id>
<parentid>719623</parentid>
<timestamp>2011-07-06T12:13:24Z</timestamp>
<contributor>
<username>MalafayaBot</username>
<id>628</id>
</contributor>
<minor />
<comment>Robô: Substituição de texto automática (-^\=\s?Português\s?\= +={{-pt-}}= &amp; -^\=\s?\{\{pt\}\}\s?\= +={{-pt-}}=)</comment>
<model>wikitext</model>
<format>text/x-wiki</format>
<text bytes="222" xml:space="preserve">={{-pt-}}=
==Forma verbal==
'''quebrantaram'''
#[[terceira pessoa]] do [[plural]] do [[pretérito perfeito]] do [[modo indicativo]] do verbo '''[[quebrantar]]'''
[[Categoria:Forma verbal (Português)]]

[[no:quebrantaram]]</text>
<sha1>7putptkl48hp37nnavpxg21rkjjqo96</sha1>
</revision>
<revision>
<id>2134335</id>
<parentid>1168121</parentid>
<timestamp>2016-06-09T22:36:49Z</timestamp>
<contributor>
<username>UT-interwiki-Bot</username>
<id>56129</id>
</contributor>
<minor />
<comment>Robô: A adicionar: [[en:quebrantaram]]</comment>
<model>wikitext</model>
<format>text/x-wiki</format>
<text bytes="242" xml:space="preserve">={{-pt-}}=
==Forma verbal==
'''quebrantaram'''
#[[terceira pessoa]] do [[plural]] do [[pretérito perfeito]] do [[modo indicativo]] do verbo '''[[quebrantar]]'''
[[Categoria:Forma verbal (Português)]]

[[en:quebrantaram]]
[[no:quebrantaram]]</text>
<sha1>axmzllrq00jwwythnmnrscbl7rvgyov</sha1>
</revision>
<revision>
<id>2396899</id>
<parentid>2134335</parentid>
<timestamp>2017-05-13T11:06:58Z</timestamp>
<contributor>
<username>HydrizBot</username>
<id>29590</id>
</contributor>
<minor />
<comment>Robô: A limpar links interwikis antigos</comment>
<model>wikitext</model>
<format>text/x-wiki</format>
<text bytes="201" xml:space="preserve">={{-pt-}}=
==Forma verbal==
'''quebrantaram'''
#[[terceira pessoa]] do [[plural]] do [[pretérito perfeito]] do [[modo indicativo]] do verbo '''[[quebrantar]]'''
[[Categoria:Forma verbal (Português)]]</text>
<sha1>c549exgygl3wsbry68dvmtvvt2d7r55</sha1>
</revision>
</page>
