<title>quebradeira</title>
<ns>0</ns>
<id>442033</id>
<revision>
<id>2668703</id>
<timestamp>2022-03-27T16:21:05Z</timestamp>
<contributor>
<username>Cpls</username>
<id>20608</id>
</contributor>
<comment>[[Ajuda:Guia de edição/Menus e ferramentas/Sumário de edição|→]] nova página: ={{-pt-}}= ==Substantivo== {{flex.pt|fs=quebradeira|fp=quebradeiras}} {{paroxítona|que|bra|dei|ra}}, {{gramática|f}} # [[extenuação]], canseira, lassidão, [[quebranto]], fraqueza do corpo ou mente # {{escopo|pt|Brasil}} flata de [[dinheiro]], quebra, [[falência]], ruína # [[quebra-cabeça]], preocupação, dificuldade, assunto ou coisa maçante, complexa, [[cansativo|cansativa]]  ===Sinónimo=== * D...</comment>
<model>wikitext</model>
<format>text/x-wiki</format>
<text bytes="1390" xml:space="preserve">={{-pt-}}=
==Substantivo==
{{flex.pt|fs=quebradeira|fp=quebradeiras}}
{{paroxítona|que|bra|dei|ra}}, {{gramática|f}}
# [[extenuação]], canseira, lassidão, [[quebranto]], fraqueza do corpo ou mente
# {{escopo|pt|Brasil}} flata de [[dinheiro]], quebra, [[falência]], ruína
# [[quebra-cabeça]], preocupação, dificuldade, assunto ou coisa maçante, complexa, [[cansativo|cansativa]]

===Sinónimo===
* De '''1''' e '''2''': [[quebreira]]
* De '''2''': [[pindaíba]]

===Expressão===
* '''andar na quebradeira''': estar sem [[dinheiro]]

=={{etimologia|pt}}==
: {{escopo|Morfologia}} De ''[[quebrar]]'' + ''[[-deiro|-deira]]''.

==Ligações externas==
* {{Aulete}}
* {{Michaelis}}
* {{DicioAberto}}
* {{DLPO}}
* {{Infopédia}}
* {{PLP}}
* {{VOLPABL}}

[[Categoria:Substantivo (Português)]]


={{-gl-}}=
==Forma de adjetivo==
{{flex.gl|ms=quebradeiro|mp=quebradeiro|fs=quebradeira|fp=quebradeiras}}
{{paroxítona|que|bra|dei|ra|lang=gl}}
# Vide em [[quebradeiro]]

==Substantivo==
{{flex.gl|fs=quebradeira|fp=quebradeiras}}
{{paroxítona|que|bra|dei|ra|lang=gl}}, {{gramática|f}}
# [[quebradeira#{{pt}}|quebradeira]], quebrantamento
# [[importunidade]]

=={{etimologia|gl}}==
: {{escopo|Morfologia}} De ''[[quebrar#{{gl}}|quebrar]]'' + ''[[-deiro#{{gl}}|-deira]]''.

==Ligações externas==
* {{Estraviz}}

[[Categoria:Forma de adjetivo (Galego)]]
[[Categoria:Substantivo (Galego)]]</text>
<sha1>r4mv0sad1t63ok8ifgo0e3xya4taoeo</sha1>
</revision>
</page>
