<title>quebrantará</title>
<ns>0</ns>
<id>187431</id>
<revision>
<id>737558</id>
<timestamp>2010-02-02T02:29:29Z</timestamp>
<contributor>
<username>Jesielt-bot</username>
<id>10876</id>
</contributor>
<comment>Verbete criado por bot.</comment>
<model>wikitext</model>
<format>text/x-wiki</format>
<text bytes="178" xml:space="preserve">={{pt}}=
==Forma verbal==
'''quebrantará'''
#[[terceira pessoa]] do [[singular]] do [[futuro do presente]] do verbo '''[[quebrantar]]'''

[[Categoria:Forma verbal (Português)]]</text>
<sha1>60u4vk1g2ufg14qkm25pkk16rz7q9dx</sha1>
</revision>
<revision>
<id>745672</id>
<parentid>737558</parentid>
<timestamp>2010-02-05T10:22:43Z</timestamp>
<contributor>
<username>Interwicket</username>
<id>6868</id>
</contributor>
<minor />
<comment>iwiki +[[:en:quebrantará]], [[:no:quebrantará]]</comment>
<model>wikitext</model>
<format>text/x-wiki</format>
<text bytes="219" xml:space="preserve">={{pt}}=
==Forma verbal==
'''quebrantará'''
#[[terceira pessoa]] do [[singular]] do [[futuro do presente]] do verbo '''[[quebrantar]]'''

[[Categoria:Forma verbal (Português)]]

[[en:quebrantará]]
[[no:quebrantará]]</text>
<sha1>2b6qd6k1eg8nuy13fa4qqf4la6gi4x3</sha1>
</revision>
<revision>
<id>1168133</id>
<parentid>745672</parentid>
<timestamp>2011-07-06T12:13:37Z</timestamp>
<contributor>
<username>MalafayaBot</username>
<id>628</id>
</contributor>
<minor />
<comment>Robô: Substituição de texto automática (-^\=\s?Português\s?\= +={{-pt-}}= &amp; -^\=\s?\{\{pt\}\}\s?\= +={{-pt-}}=)</comment>
<model>wikitext</model>
<format>text/x-wiki</format>
<text bytes="221" xml:space="preserve">={{-pt-}}=
==Forma verbal==
'''quebrantará'''
#[[terceira pessoa]] do [[singular]] do [[futuro do presente]] do verbo '''[[quebrantar]]'''

[[Categoria:Forma verbal (Português)]]

[[en:quebrantará]]
[[no:quebrantará]]</text>
<sha1>mmp59ob0d6eovkyqaer3zczktkyarys</sha1>
</revision>
<revision>
<id>1789481</id>
<parentid>1168133</parentid>
<timestamp>2013-12-19T00:34:17Z</timestamp>
<contributor>
<username>MalafayaBot</username>
<id>628</id>
</contributor>
<minor />
<comment>r2.7.5) (Robô: A adicionar: [[nl:quebrantará]]</comment>
<model>wikitext</model>
<format>text/x-wiki</format>
<text bytes="241" xml:space="preserve">={{-pt-}}=
==Forma verbal==
'''quebrantará'''
#[[terceira pessoa]] do [[singular]] do [[futuro do presente]] do verbo '''[[quebrantar]]'''

[[Categoria:Forma verbal (Português)]]

[[en:quebrantará]]
[[nl:quebrantará]]
[[no:quebrantará]]</text>
<sha1>6gs0riedyz1h86w1pl86xuoofypze6v</sha1>
</revision>
<revision>
<id>2022343</id>
<parentid>1789481</parentid>
<timestamp>2015-10-24T10:59:39Z</timestamp>
<contributor>
<username>HydrizBot</username>
<id>29590</id>
</contributor>
<minor />
<comment>Robô: A adicionar: [[es:quebrantará]], [[fr:quebrantará]]</comment>
<model>wikitext</model>
<format>text/x-wiki</format>
<text bytes="281" xml:space="preserve">={{-pt-}}=
==Forma verbal==
'''quebrantará'''
#[[terceira pessoa]] do [[singular]] do [[futuro do presente]] do verbo '''[[quebrantar]]'''

[[Categoria:Forma verbal (Português)]]

[[en:quebrantará]]
[[es:quebrantará]]
[[fr:quebrantará]]
[[nl:quebrantará]]
[[no:quebrantará]]</text>
<sha1>6dfitskqrs0q3iq7w7cafru90rx6unq</sha1>
</revision>
<revision>
<id>2396911</id>
<parentid>2022343</parentid>
<timestamp>2017-05-13T11:07:27Z</timestamp>
<contributor>
<username>HydrizBot</username>
<id>29590</id>
</contributor>
<minor />
<comment>Robô: A limpar links interwikis antigos</comment>
<model>wikitext</model>
<format>text/x-wiki</format>
<text bytes="180" xml:space="preserve">={{-pt-}}=
==Forma verbal==
'''quebrantará'''
#[[terceira pessoa]] do [[singular]] do [[futuro do presente]] do verbo '''[[quebrantar]]'''

[[Categoria:Forma verbal (Português)]]</text>
<sha1>4mnxx9ik3bpkgxk697cn6k4v165a350</sha1>
</revision>
</page>
