<title>quebrantarias</title>
<ns>0</ns>
<id>201156</id>
<revision>
<id>770618</id>
<timestamp>2010-02-11T12:05:04Z</timestamp>
<contributor>
<username>Jesielt-bot</username>
<id>10876</id>
</contributor>
<comment>Verbete criado por bot.</comment>
<model>wikitext</model>
<format>text/x-wiki</format>
<text bytes="180" xml:space="preserve">={{pt}}=
==Forma verbal==
'''quebrantarias'''
#[[segunda pessoa]] do [[singular]] do [[futuro do pretérito]] do verbo '''[[quebrantar]]'''

[[Categoria:Forma verbal (Português)]]</text>
<sha1>7iz7ajlqzskcutuwkditcix3ejawtx6</sha1>
</revision>
<revision>
<id>786370</id>
<parentid>770618</parentid>
<timestamp>2010-02-16T20:25:35Z</timestamp>
<contributor>
<username>Interwicket</username>
<id>6868</id>
</contributor>
<minor />
<comment>iwiki +[[:no:quebrantarias]]</comment>
<model>wikitext</model>
<format>text/x-wiki</format>
<text bytes="202" xml:space="preserve">={{pt}}=
==Forma verbal==
'''quebrantarias'''
#[[segunda pessoa]] do [[singular]] do [[futuro do pretérito]] do verbo '''[[quebrantar]]'''

[[Categoria:Forma verbal (Português)]]

[[no:quebrantarias]]</text>
<sha1>ii8g88iyhxpggae9hjvktui15z8931g</sha1>
</revision>
<revision>
<id>1168131</id>
<parentid>786370</parentid>
<timestamp>2011-07-06T12:13:35Z</timestamp>
<contributor>
<username>MalafayaBot</username>
<id>628</id>
</contributor>
<minor />
<comment>Robô: Substituição de texto automática (-^\=\s?Português\s?\= +={{-pt-}}= &amp; -^\=\s?\{\{pt\}\}\s?\= +={{-pt-}}=)</comment>
<model>wikitext</model>
<format>text/x-wiki</format>
<text bytes="204" xml:space="preserve">={{-pt-}}=
==Forma verbal==
'''quebrantarias'''
#[[segunda pessoa]] do [[singular]] do [[futuro do pretérito]] do verbo '''[[quebrantar]]'''

[[Categoria:Forma verbal (Português)]]

[[no:quebrantarias]]</text>
<sha1>dhiypjesrmnh7xk5x83qzznz254txb3</sha1>
</revision>
<revision>
<id>2134328</id>
<parentid>1168131</parentid>
<timestamp>2016-06-09T22:35:49Z</timestamp>
<contributor>
<username>UT-interwiki-Bot</username>
<id>56129</id>
</contributor>
<minor />
<comment>Robô: A adicionar: [[en:quebrantarias]]</comment>
<model>wikitext</model>
<format>text/x-wiki</format>
<text bytes="225" xml:space="preserve">={{-pt-}}=
==Forma verbal==
'''quebrantarias'''
#[[segunda pessoa]] do [[singular]] do [[futuro do pretérito]] do verbo '''[[quebrantar]]'''

[[Categoria:Forma verbal (Português)]]

[[en:quebrantarias]]
[[no:quebrantarias]]</text>
<sha1>hopbv6smcej4e1u6we78ez4ffpil4xd</sha1>
</revision>
<revision>
<id>2396909</id>
<parentid>2134328</parentid>
<timestamp>2017-05-13T11:07:22Z</timestamp>
<contributor>
<username>HydrizBot</username>
<id>29590</id>
</contributor>
<minor />
<comment>Robô: A limpar links interwikis antigos</comment>
<model>wikitext</model>
<format>text/x-wiki</format>
<text bytes="182" xml:space="preserve">={{-pt-}}=
==Forma verbal==
'''quebrantarias'''
#[[segunda pessoa]] do [[singular]] do [[futuro do pretérito]] do verbo '''[[quebrantar]]'''

[[Categoria:Forma verbal (Português)]]</text>
<sha1>s7l2gdx0uxxwyuj4z5n6plmlcom8hly</sha1>
</revision>
</page>
