<title>quebabe</title>
<ns>0</ns>
<id>348957</id>
<revision>
<id>2049368</id>
<timestamp>2015-12-20T03:01:49Z</timestamp>
<contributor>
<ip>2804:7F5:9180:E8A4:7085:4CCC:CA54:9C95</ip>
</contributor>
<comment>[[Ajuda:Guia de edição/Menus e ferramentas/Sumário de edição|→]] nova página: ={{-pt-}}= ==Substantivo== {{flex.pt|fs=xauarma|fp=xauarmas}} {{paroxítona|xau|ar|ma}}, {{pr}} {{f}} # prato...</comment>
<model>wikitext</model>
<format>text/x-wiki</format>
<text bytes="613" xml:space="preserve">={{-pt-}}=
==Substantivo==
{{flex.pt|fs=xauarma|fp=xauarmas}}
{{paroxítona|xau|ar|ma}}, {{pr}} {{f}}
# prato de origem turca, que consiste em carne (geralmente de cordeiro, frango ou boi, ou uma mistura delas) assada em um espeto giratório ao longo de várias horas, cortada diretamente do espeto para o consumo, em geral com algum tipo de pão. O quebabe é bastante similar ao chamado &quot;churrasquinho grego&quot; e à xauarma (''shawarma'') dos países turcos. Em inglês, ''kebab''.
[[File:Jerusalem shawarma.jpg|thumbnail]]
===Tradução===
{{tradini}}
* {{trad|en|kebab}}


[[Categoria:Substantivo (Português)]]</text>
<sha1>ag1fjb17ui588u13rz3m3wyzn4wpa3q</sha1>
</revision>
<revision>
<id>2049369</id>
<parentid>2049368</parentid>
<timestamp>2015-12-20T03:02:25Z</timestamp>
<contributor>
<ip>2804:7F5:9180:E8A4:7085:4CCC:CA54:9C95</ip>
</contributor>
<model>wikitext</model>
<format>text/x-wiki</format>
<text bytes="613" xml:space="preserve">={{-pt-}}=
==Substantivo==
{{flex.pt|ms=quebabe|mp=quebabes}}
{{paroxítona|que|ba|be}}, {{pr}} {{m}}
# prato de origem turca, que consiste em carne (geralmente de cordeiro, frango ou boi, ou uma mistura delas) assada em um espeto giratório ao longo de várias horas, cortada diretamente do espeto para o consumo, em geral com algum tipo de pão. O quebabe é bastante similar ao chamado &quot;churrasquinho grego&quot; e à xauarma (''shawarma'') dos países turcos. Em inglês, ''kebab''.
[[File:Jerusalem shawarma.jpg|thumbnail]]
===Tradução===
{{tradini}}
* {{trad|en|kebab}}


[[Categoria:Substantivo (Português)]]</text>
<sha1>161dyufrgyoayjahvhc1mh5i1ghc81z</sha1>
</revision>
<revision>
<id>2049370</id>
<parentid>2049369</parentid>
<timestamp>2015-12-20T03:02:37Z</timestamp>
<contributor>
<ip>2804:7F5:9180:E8A4:7085:4CCC:CA54:9C95</ip>
</contributor>
<model>wikitext</model>
<format>text/x-wiki</format>
<text bytes="617" xml:space="preserve">={{-pt-}}=

==Substantivo==

{{flex.pt|ms=quebabe|mp=quebabes}}

{{paroxítona|que|ba|be}}, {{pr}} {{m}}

# prato de origem turca, que consiste em carne (geralmente de cordeiro, frango ou boi, ou uma mistura delas) assada em um espeto giratório ao longo de várias horas, cortada diretamente do espeto para o consumo, em geral com algum tipo de pão. O quebabe é bastante similar ao chamado &quot;churrasquinho grego&quot; e à xauarma (''shawarma'') dos países turcos. Em inglês, ''kebab''.
[[File:Jerusalem shawarma.jpg|thumbnail]]
===Tradução===
{{tradini}}
* {{trad|en|kebab}}


[[Categoria:Substantivo (Português)]]</text>
<sha1>5w677ax5ttl4fi05ra7g4j01jqf8d6v</sha1>
</revision>
<revision>
<id>2091756</id>
<parentid>2049370</parentid>
<timestamp>2016-04-25T09:05:56Z</timestamp>
<contributor>
<username>ValJor</username>
<id>1358</id>
</contributor>
<comment>Melhorando a apresentação do verbete</comment>
<model>wikitext</model>
<format>text/x-wiki</format>
<text bytes="700" xml:space="preserve">[[File:Jerusalem shawarma.jpg|thumbnail]]

={{-pt-}}=
==Substantivo==
{{flex.pt|ms=quebabe|mp=quebabes}}
{{paroxítona|que|ba|be}}, {{pr}} {{m}}
# [[prato]] de origem turca, que consiste em [[carne]] (geralmente de cordeiro, frango ou boi, ou uma mistura delas) assada em um espeto giratório ao longo de várias horas, cortada diretamente do espeto para o consumo, em geral com algum tipo de pão; é bastante similar ao chamado &quot;churrasquinho grego&quot; e à xauarma (''shawarma'') dos países turcos

===Tradução===
{{tradini}}
* {{trad|en|kebab}}
{{tradmeio}}
{{tradfim}}

[[Categoria:Substantivo (Português)]]
[[Categoria:Alimentação (Português)]]
[[Categoria:Entrada com imagem (Português)]]</text>
<sha1>eenmytrzlq5kju4h31atzw5iu2evns2</sha1>
</revision>
</page>
