<title>quebrantaria</title>
<ns>0</ns>
<id>192867</id>
<revision>
<id>743517</id>
<timestamp>2010-02-04T12:02:15Z</timestamp>
<contributor>
<username>Jesielt-bot</username>
<id>10876</id>
</contributor>
<comment>Verbete criado por bot.</comment>
<model>wikitext</model>
<format>text/x-wiki</format>
<text bytes="180" xml:space="preserve">={{pt}}=
==Forma verbal==
'''quebrantaria'''
#[[primeira pessoa]] do [[singular]] do [[futuro do pretérito]] do verbo '''[[quebrantar]]'''

[[Categoria:Forma verbal (Português)]]</text>
<sha1>mno5a7mwwcoq0vffbklrb3537j0t5tc</sha1>
</revision>
<revision>
<id>764070</id>
<parentid>743517</parentid>
<timestamp>2010-02-10T05:26:59Z</timestamp>
<contributor>
<username>Interwicket</username>
<id>6868</id>
</contributor>
<minor />
<comment>iwiki +[[:no:quebrantaria]]</comment>
<model>wikitext</model>
<format>text/x-wiki</format>
<text bytes="201" xml:space="preserve">={{pt}}=
==Forma verbal==
'''quebrantaria'''
#[[primeira pessoa]] do [[singular]] do [[futuro do pretérito]] do verbo '''[[quebrantar]]'''

[[Categoria:Forma verbal (Português)]]

[[no:quebrantaria]]</text>
<sha1>nxtamxoddl1t5mw8oghxvp44vcwqpa9</sha1>
</revision>
<revision>
<id>770009</id>
<parentid>764070</parentid>
<timestamp>2010-02-11T11:38:10Z</timestamp>
<contributor>
<username>Jesielt-bot</username>
<id>10876</id>
</contributor>
<comment>/* Forma verbal */replaced: [[primeira pessoa]] → [[primeira pessoa|primeira]] e [[terceira pessoa]] utilizando [[Project:AWB|AWB]]</comment>
<model>wikitext</model>
<format>text/x-wiki</format>
<text bytes="232" xml:space="preserve">={{pt}}=
==Forma verbal==
'''quebrantaria'''
#[[primeira pessoa|primeira]] e [[terceira pessoa]] do [[singular]] do [[futuro do pretérito]] do verbo '''[[quebrantar]]'''

[[Categoria:Forma verbal (Português)]]

[[no:quebrantaria]]</text>
<sha1>24cxn11ltemboeth9fw4wv93geqp16g</sha1>
</revision>
<revision>
<id>1168129</id>
<parentid>770009</parentid>
<timestamp>2011-07-06T12:13:33Z</timestamp>
<contributor>
<username>MalafayaBot</username>
<id>628</id>
</contributor>
<minor />
<comment>Robô: Substituição de texto automática (-^\=\s?Português\s?\= +={{-pt-}}= &amp; -^\=\s?\{\{pt\}\}\s?\= +={{-pt-}}=)</comment>
<model>wikitext</model>
<format>text/x-wiki</format>
<text bytes="234" xml:space="preserve">={{-pt-}}=
==Forma verbal==
'''quebrantaria'''
#[[primeira pessoa|primeira]] e [[terceira pessoa]] do [[singular]] do [[futuro do pretérito]] do verbo '''[[quebrantar]]'''

[[Categoria:Forma verbal (Português)]]

[[no:quebrantaria]]</text>
<sha1>sye4iadvubvp3ftiqjqwakdg429t2uy</sha1>
</revision>
<revision>
<id>2134330</id>
<parentid>1168129</parentid>
<timestamp>2016-06-09T22:36:09Z</timestamp>
<contributor>
<username>UT-interwiki-Bot</username>
<id>56129</id>
</contributor>
<minor />
<comment>Robô: A adicionar: [[en:quebrantaria]]</comment>
<model>wikitext</model>
<format>text/x-wiki</format>
<text bytes="254" xml:space="preserve">={{-pt-}}=
==Forma verbal==
'''quebrantaria'''
#[[primeira pessoa|primeira]] e [[terceira pessoa]] do [[singular]] do [[futuro do pretérito]] do verbo '''[[quebrantar]]'''

[[Categoria:Forma verbal (Português)]]

[[en:quebrantaria]]
[[no:quebrantaria]]</text>
<sha1>tnacm8rganfhxr2b36yd4iv99sdyeuc</sha1>
</revision>
<revision>
<id>2396907</id>
<parentid>2134330</parentid>
<timestamp>2017-05-13T11:07:17Z</timestamp>
<contributor>
<username>HydrizBot</username>
<id>29590</id>
</contributor>
<minor />
<comment>Robô: A limpar links interwikis antigos</comment>
<model>wikitext</model>
<format>text/x-wiki</format>
<text bytes="213" xml:space="preserve">={{-pt-}}=
==Forma verbal==
'''quebrantaria'''
#[[primeira pessoa|primeira]] e [[terceira pessoa]] do [[singular]] do [[futuro do pretérito]] do verbo '''[[quebrantar]]'''

[[Categoria:Forma verbal (Português)]]</text>
<sha1>i38huo9tfmbmp4m0kgzix239w3627ox</sha1>
</revision>
</page>
