<title>quebrantarei</title>
<ns>0</ns>
<id>184494</id>
<revision>
<id>734366</id>
<timestamp>2010-01-30T21:03:44Z</timestamp>
<contributor>
<username>Jesielt-bot</username>
<id>10876</id>
</contributor>
<comment>Verbete criado por bot.</comment>
<model>wikitext</model>
<format>text/x-wiki</format>
<text bytes="178" xml:space="preserve">={{pt}}=
==Forma verbal==
'''quebrantarei'''
#[[primeira pessoa]] do [[singular]] do [[futuro do presente]] do verbo '''[[quebrantar]]'''

[[Categoria:Forma verbal (Português)]]</text>
<sha1>gz1xju7jqvu9pp6qzr7l5kiwzhc7gsj</sha1>
</revision>
<revision>
<id>778505</id>
<parentid>734366</parentid>
<timestamp>2010-02-13T04:22:20Z</timestamp>
<contributor>
<username>Interwicket</username>
<id>6868</id>
</contributor>
<minor />
<comment>iwiki +[[:no:quebrantarei]]</comment>
<model>wikitext</model>
<format>text/x-wiki</format>
<text bytes="199" xml:space="preserve">={{pt}}=
==Forma verbal==
'''quebrantarei'''
#[[primeira pessoa]] do [[singular]] do [[futuro do presente]] do verbo '''[[quebrantar]]'''

[[Categoria:Forma verbal (Português)]]

[[no:quebrantarei]]</text>
<sha1>7c2xe5jthd1d0we5holxnofsuw56zns</sha1>
</revision>
<revision>
<id>1168124</id>
<parentid>778505</parentid>
<timestamp>2011-07-06T12:13:28Z</timestamp>
<contributor>
<username>MalafayaBot</username>
<id>628</id>
</contributor>
<minor />
<comment>Robô: Substituição de texto automática (-^\=\s?Português\s?\= +={{-pt-}}= &amp; -^\=\s?\{\{pt\}\}\s?\= +={{-pt-}}=)</comment>
<model>wikitext</model>
<format>text/x-wiki</format>
<text bytes="201" xml:space="preserve">={{-pt-}}=
==Forma verbal==
'''quebrantarei'''
#[[primeira pessoa]] do [[singular]] do [[futuro do presente]] do verbo '''[[quebrantar]]'''

[[Categoria:Forma verbal (Português)]]

[[no:quebrantarei]]</text>
<sha1>tih6thkjatrfgjpnzxado69f3iogvgk</sha1>
</revision>
<revision>
<id>2134332</id>
<parentid>1168124</parentid>
<timestamp>2016-06-09T22:36:29Z</timestamp>
<contributor>
<username>UT-interwiki-Bot</username>
<id>56129</id>
</contributor>
<minor />
<comment>Robô: A adicionar: [[en:quebrantarei]]</comment>
<model>wikitext</model>
<format>text/x-wiki</format>
<text bytes="221" xml:space="preserve">={{-pt-}}=
==Forma verbal==
'''quebrantarei'''
#[[primeira pessoa]] do [[singular]] do [[futuro do presente]] do verbo '''[[quebrantar]]'''

[[Categoria:Forma verbal (Português)]]

[[en:quebrantarei]]
[[no:quebrantarei]]</text>
<sha1>ekoif9ro4utegahpqr4m7qwkd1j9tnk</sha1>
</revision>
<revision>
<id>2396902</id>
<parentid>2134332</parentid>
<timestamp>2017-05-13T11:07:05Z</timestamp>
<contributor>
<username>HydrizBot</username>
<id>29590</id>
</contributor>
<minor />
<comment>Robô: A limpar links interwikis antigos</comment>
<model>wikitext</model>
<format>text/x-wiki</format>
<text bytes="180" xml:space="preserve">={{-pt-}}=
==Forma verbal==
'''quebrantarei'''
#[[primeira pessoa]] do [[singular]] do [[futuro do presente]] do verbo '''[[quebrantar]]'''

[[Categoria:Forma verbal (Português)]]</text>
<sha1>cmg2jqz7hgcjdlqpehfxga11r01lbx9</sha1>
</revision>
</page>
