<title>quebrantamos</title>
<ns>0</ns>
<id>158405</id>
<revision>
<id>669610</id>
<timestamp>2009-12-27T15:54:22Z</timestamp>
<contributor>
<username>Jesielt-bot</username>
<id>10876</id>
</contributor>
<comment>Artigo criado por bot</comment>
<model>wikitext</model>
<format>text/x-wiki</format>
<text bytes="333" xml:space="preserve">={{pt}}=
==Forma verbal==
'''quebrantamos'''
#[[primeira pessoa]] do [[plural]] do [[presente]] do [[modo indicativo]] do verbo '''[[quebrantar]]'''
#{{escopo|grafia brasileira}} [[primeira pessoa]] do [[plural]] do [[pretérito perfeito]] do [[modo indicativo]] do verbo '''[[quebrantar]]'''

[[Categoria:Forma verbal (Português)]]</text>
<sha1>jxccw8luhqktowr48o9kj6fcdn39edj</sha1>
</revision>
<revision>
<id>681323</id>
<parentid>669610</parentid>
<timestamp>2010-01-02T22:54:53Z</timestamp>
<contributor>
<username>Interwicket</username>
<id>6868</id>
</contributor>
<minor />
<comment>iwiki +[[:en:quebrantamos]], [[:no:quebrantamos]]</comment>
<model>wikitext</model>
<format>text/x-wiki</format>
<text bytes="374" xml:space="preserve">={{pt}}=
==Forma verbal==
'''quebrantamos'''
#[[primeira pessoa]] do [[plural]] do [[presente]] do [[modo indicativo]] do verbo '''[[quebrantar]]'''
#{{escopo|grafia brasileira}} [[primeira pessoa]] do [[plural]] do [[pretérito perfeito]] do [[modo indicativo]] do verbo '''[[quebrantar]]'''

[[Categoria:Forma verbal (Português)]]

[[en:quebrantamos]]
[[no:quebrantamos]]</text>
<sha1>g14gi7qnvl1zgxrl2aq6iwb6cey0ib3</sha1>
</revision>
<revision>
<id>1052690</id>
<parentid>681323</parentid>
<timestamp>2011-03-24T09:40:47Z</timestamp>
<contributor>
<username>Luckas-bot</username>
<id>5986</id>
</contributor>
<minor />
<comment>r2.6.2) (Bot: Adicionando: [[mg:quebrantamos]]</comment>
<model>wikitext</model>
<format>text/x-wiki</format>
<text bytes="394" xml:space="preserve">={{pt}}=
==Forma verbal==
'''quebrantamos'''
#[[primeira pessoa]] do [[plural]] do [[presente]] do [[modo indicativo]] do verbo '''[[quebrantar]]'''
#{{escopo|grafia brasileira}} [[primeira pessoa]] do [[plural]] do [[pretérito perfeito]] do [[modo indicativo]] do verbo '''[[quebrantar]]'''

[[Categoria:Forma verbal (Português)]]

[[en:quebrantamos]]
[[mg:quebrantamos]]
[[no:quebrantamos]]</text>
<sha1>n0m2vyfinxxi7f95a3bc83u28spz0pg</sha1>
</revision>
<revision>
<id>1168118</id>
<parentid>1052690</parentid>
<timestamp>2011-07-06T12:13:22Z</timestamp>
<contributor>
<username>MalafayaBot</username>
<id>628</id>
</contributor>
<minor />
<comment>Robô: Substituição de texto automática (-^\=\s?Português\s?\= +={{-pt-}}= &amp; -^\=\s?\{\{pt\}\}\s?\= +={{-pt-}}=)</comment>
<model>wikitext</model>
<format>text/x-wiki</format>
<text bytes="396" xml:space="preserve">={{-pt-}}=
==Forma verbal==
'''quebrantamos'''
#[[primeira pessoa]] do [[plural]] do [[presente]] do [[modo indicativo]] do verbo '''[[quebrantar]]'''
#{{escopo|grafia brasileira}} [[primeira pessoa]] do [[plural]] do [[pretérito perfeito]] do [[modo indicativo]] do verbo '''[[quebrantar]]'''

[[Categoria:Forma verbal (Português)]]

[[en:quebrantamos]]
[[mg:quebrantamos]]
[[no:quebrantamos]]</text>
<sha1>e0ucf6014ls95s8v7lk53dj6ae7kwuc</sha1>
</revision>
<revision>
<id>1789488</id>
<parentid>1168118</parentid>
<timestamp>2013-12-19T00:34:44Z</timestamp>
<contributor>
<username>MalafayaBot</username>
<id>628</id>
</contributor>
<minor />
<comment>r2.7.5) (Robô: A adicionar: [[nl:quebrantamos]]</comment>
<model>wikitext</model>
<format>text/x-wiki</format>
<text bytes="416" xml:space="preserve">={{-pt-}}=
==Forma verbal==
'''quebrantamos'''
#[[primeira pessoa]] do [[plural]] do [[presente]] do [[modo indicativo]] do verbo '''[[quebrantar]]'''
#{{escopo|grafia brasileira}} [[primeira pessoa]] do [[plural]] do [[pretérito perfeito]] do [[modo indicativo]] do verbo '''[[quebrantar]]'''

[[Categoria:Forma verbal (Português)]]

[[en:quebrantamos]]
[[mg:quebrantamos]]
[[nl:quebrantamos]]
[[no:quebrantamos]]</text>
<sha1>r33k1cfywrsqm4v0fd09knu6qcd6dgq</sha1>
</revision>
<revision>
<id>2022351</id>
<parentid>1789488</parentid>
<timestamp>2015-10-24T11:00:33Z</timestamp>
<contributor>
<username>HydrizBot</username>
<id>29590</id>
</contributor>
<minor />
<comment>Robô: A adicionar: [[es:quebrantamos]], [[fr:quebrantamos]]</comment>
<model>wikitext</model>
<format>text/x-wiki</format>
<text bytes="456" xml:space="preserve">={{-pt-}}=
==Forma verbal==
'''quebrantamos'''
#[[primeira pessoa]] do [[plural]] do [[presente]] do [[modo indicativo]] do verbo '''[[quebrantar]]'''
#{{escopo|grafia brasileira}} [[primeira pessoa]] do [[plural]] do [[pretérito perfeito]] do [[modo indicativo]] do verbo '''[[quebrantar]]'''

[[Categoria:Forma verbal (Português)]]

[[en:quebrantamos]]
[[es:quebrantamos]]
[[fr:quebrantamos]]
[[mg:quebrantamos]]
[[nl:quebrantamos]]
[[no:quebrantamos]]</text>
<sha1>39z5ydbocm2b495smqbbrccefszsu1z</sha1>
</revision>
<revision>
<id>2396895</id>
<parentid>2022351</parentid>
<timestamp>2017-05-13T11:06:49Z</timestamp>
<contributor>
<username>HydrizBot</username>
<id>29590</id>
</contributor>
<minor />
<comment>Robô: A limpar links interwikis antigos</comment>
<model>wikitext</model>
<format>text/x-wiki</format>
<text bytes="335" xml:space="preserve">={{-pt-}}=
==Forma verbal==
'''quebrantamos'''
#[[primeira pessoa]] do [[plural]] do [[presente]] do [[modo indicativo]] do verbo '''[[quebrantar]]'''
#{{escopo|grafia brasileira}} [[primeira pessoa]] do [[plural]] do [[pretérito perfeito]] do [[modo indicativo]] do verbo '''[[quebrantar]]'''

[[Categoria:Forma verbal (Português)]]</text>
<sha1>odr06u9g4nvl02kxjwgtt0xtfdr3yql</sha1>
</revision>
<revision>
<id>2490445</id>
<parentid>2396895</parentid>
<timestamp>2018-03-22T13:53:12Z</timestamp>
<contributor>
<username>ValJor</username>
<id>1358</id>
</contributor>
<comment>Acrescentando a predefinição avi-for-fle</comment>
<model>wikitext</model>
<format>text/x-wiki</format>
<text bytes="335" xml:space="preserve">={{-pt-}}=
==Forma verbal==
{{paroxítona|que|bran|ta|mos}}
# primeira pessoa do plural do presente do modo indicativo do verbo [[quebrantar]]
# {{escopo2|grafia brasileira}} primeira pessoa do plural do pretérito perfeito do modo indicativo do verbo [[quebrantar]]

{{avi-for-fle|quebrantar}}

[[Categoria:Forma verbal (Português)]]</text>
<sha1>p0bwi3mwga72n693d8xy33tjxbqx021</sha1>
</revision>
</page>
