<title>quebrantarmos</title>
<ns>0</ns>
<id>209685</id>
<revision>
<id>792017</id>
<timestamp>2010-02-17T16:03:18Z</timestamp>
<contributor>
<username>Jesielt-bot</username>
<id>10876</id>
</contributor>
<comment>Verbete criado por bot.</comment>
<model>wikitext</model>
<format>text/x-wiki</format>
<text bytes="279" xml:space="preserve">={{pt}}=
==Forma verbal==
'''quebrantarmos'''
#[[primeira pessoa]] do [[plural]] do [[futuro]] do [[modo subjuntivo]] do verbo '''[[quebrantar]]'''
#[[infinitivo pessoal]] da [[primeira pessoa]] do [[plural]] do verbo '''[[quebrantar]]'''

[[Categoria:Forma verbal (Português)]]</text>
<sha1>a4sq29a5mpuyedt29qcsb4ti45ai59g</sha1>
</revision>
<revision>
<id>820129</id>
<parentid>792017</parentid>
<timestamp>2010-02-25T04:15:00Z</timestamp>
<contributor>
<username>Interwicket</username>
<id>6868</id>
</contributor>
<minor />
<comment>iwiki +[[:no:quebrantarmos]]</comment>
<model>wikitext</model>
<format>text/x-wiki</format>
<text bytes="301" xml:space="preserve">={{pt}}=
==Forma verbal==
'''quebrantarmos'''
#[[primeira pessoa]] do [[plural]] do [[futuro]] do [[modo subjuntivo]] do verbo '''[[quebrantar]]'''
#[[infinitivo pessoal]] da [[primeira pessoa]] do [[plural]] do verbo '''[[quebrantar]]'''

[[Categoria:Forma verbal (Português)]]

[[no:quebrantarmos]]</text>
<sha1>rc5n98731v6nhz3zkjtc4ysioh5k5a5</sha1>
</revision>
<revision>
<id>1168132</id>
<parentid>820129</parentid>
<timestamp>2011-07-06T12:13:36Z</timestamp>
<contributor>
<username>MalafayaBot</username>
<id>628</id>
</contributor>
<minor />
<comment>Robô: Substituição de texto automática (-^\=\s?Português\s?\= +={{-pt-}}= &amp; -^\=\s?\{\{pt\}\}\s?\= +={{-pt-}}=)</comment>
<model>wikitext</model>
<format>text/x-wiki</format>
<text bytes="303" xml:space="preserve">={{-pt-}}=
==Forma verbal==
'''quebrantarmos'''
#[[primeira pessoa]] do [[plural]] do [[futuro]] do [[modo subjuntivo]] do verbo '''[[quebrantar]]'''
#[[infinitivo pessoal]] da [[primeira pessoa]] do [[plural]] do verbo '''[[quebrantar]]'''

[[Categoria:Forma verbal (Português)]]

[[no:quebrantarmos]]</text>
<sha1>c5bqy54ghlfe0t9xn2g5ab0xhf0p70b</sha1>
</revision>
<revision>
<id>2134367</id>
<parentid>1168132</parentid>
<timestamp>2016-06-09T22:43:43Z</timestamp>
<contributor>
<username>UT-interwiki-Bot</username>
<id>56129</id>
</contributor>
<minor />
<comment>Robô: A adicionar: [[en:quebrantarmos]]</comment>
<model>wikitext</model>
<format>text/x-wiki</format>
<text bytes="324" xml:space="preserve">={{-pt-}}=
==Forma verbal==
'''quebrantarmos'''
#[[primeira pessoa]] do [[plural]] do [[futuro]] do [[modo subjuntivo]] do verbo '''[[quebrantar]]'''
#[[infinitivo pessoal]] da [[primeira pessoa]] do [[plural]] do verbo '''[[quebrantar]]'''

[[Categoria:Forma verbal (Português)]]

[[en:quebrantarmos]]
[[no:quebrantarmos]]</text>
<sha1>k5squsn6e5gkasmry9tcqh2o57ebqal</sha1>
</revision>
<revision>
<id>2396910</id>
<parentid>2134367</parentid>
<timestamp>2017-05-13T11:07:24Z</timestamp>
<contributor>
<username>HydrizBot</username>
<id>29590</id>
</contributor>
<minor />
<comment>Robô: A limpar links interwikis antigos</comment>
<model>wikitext</model>
<format>text/x-wiki</format>
<text bytes="281" xml:space="preserve">={{-pt-}}=
==Forma verbal==
'''quebrantarmos'''
#[[primeira pessoa]] do [[plural]] do [[futuro]] do [[modo subjuntivo]] do verbo '''[[quebrantar]]'''
#[[infinitivo pessoal]] da [[primeira pessoa]] do [[plural]] do verbo '''[[quebrantar]]'''

[[Categoria:Forma verbal (Português)]]</text>
<sha1>e3zg677xtcdyks388ut6xsyhbqpx9m5</sha1>
</revision>
</page>
