<page>
<page>
<title>A</title>
<ns>0</ns>
<id>1236</id>
<revision>
<id>2684867</id>
<parentid>2684866</parentid>
<timestamp>2022-07-29T19:12:09Z</timestamp>
<contributor>
<username>Wiktionairy</username>
<id>84109</id>
</contributor>
<minor />
<model>wikitext</model>
<format>text/x-wiki</format>
<text bytes="5551" xml:space="preserve">{{verOutrosSignificados.LetraA}}
{{Wikipédia}}
{{caracteres info|hex=0041|nome=LATIN CAPITAL LETTER A|anterior=@|próximo=B}}
={{-univ-}}=
==Símbolo==
'''A''', ''maiúscula'' | ''minúscula'' {{lig|univ|a}}
# {{escopo|univ|letra}} {{lig|pt|á}}, a primeira letra do alfabeto {{lig|pt|latim|latino}}
# {{escopo|univ|eletrônica|física}} {{lig|pt|ampere|amperes}}
# {{escopo|univ|química|obsoleto}} {{lig|pt|argônio}}
# {{escopo|univ|música}} {{lig|pt|lá}}
===Sinônimos===
* De '''3''': {{lig|univ|Ar}}
==Numeral==
'''A''', {{g|card}}
# {{escopo|pt|informática|matemática}} {{lig|pt|dez}} (10) em {{lig|pt|hexadecimal}}
===Sinônimos===
* {{lig|univ|a}}
=={{etimologia|univ}}==
===Letra===
: Descende diretamente da letra A do alfabeto [[latim|latino]], alfabeto este no qual o usado na escrita moderna do português foi baseado. Essa letra teve como arquétipo a letra [[Α]] ([[alfa]]) usada na escrita do [[grego antigo]], que por sua vez derivou da letra [[fenício|fenícia]] ''&lt;big&gt;𐤀&lt;/big&gt;'' (''alef'') ([[Imagem:phoenician_aleph.png|20px|A letra fenícia alef, do qual o Α (alfa) é originário]]). Todas estas letras têm em comum o fato de encabeçarem os seus respectivos alfabetos.
[[Categoria:Símbolo (Universal)]]
[[Categoria:Numeral (Universal)]]
={{-pt-}}=
==Adjetivo==
'''A'''
# assinala o primeiro elemento de uma série na qual estes são distinguidos e ordenados em uma sequência alfabética
#* ''&quot;Talvez o contador estivesse funcionando mal para '''A''' ou para C, introduzindo erros sistemáticos em um dos resultados.&quot;'' (John R. Taylor. ''Introdução à Análise de Erros''. 2012. p. 253)
# assinala qualidade superior, muita importância ou um alto valor monetário
#* ''&quot;Com 4,5 euros, devidamente convertidos, compro quase 10 quilos de arroz “Tipo '''A'''”.&quot;'' (Luciano Marino. ''Mas como eu ia dizendo''. 2010. p. 86)
# {{escopo|pt|sociologia|economia}} assinala, na escala socioeconômica, a [[classe social]] mais elevada em relação ao poder aquisitivo
#* ''&quot;O investidor é da classe '''A''', e sua preferência é por imóveis residenciais de alto padrão.&quot;'' {{FDSP|2002|maio|27}}
===Nota===
* A classificação de A como [[adjetivo]] também é entendida como [[apositivo]] (como no [[:w:Dicionário Houaiss da Língua Portuguesa|Dicionário Houaiss]]) ou [[numeral]].
==Numeral==
'''A''', {{g|card}}
# {{escopo|pt|Informática|matemática}} [[décimo primeiro]] (11º) [[algarismo]] do sistema [[hexadecimal]] (também utilizado em [[minúsculo|letra minúscula]])
==Símbolo==
'''A'''
# {{escopo|pt|Eletrônica|física}} [[ampere]]
#* ''&quot;A lei de Ohm nos diz que quando uma diferença de potencial de 1 V é aplicada através de um circuito que possui uma resistência de 1 Ω, produzirá uma corrente de 1 '''A'''.&quot;'' (Paul Hewitt. ''Física Conceitual''. 2015. p. 434)
# {{escopo|pt|Química}} símbolo do [[elemento químico]] [[argônio]], atualmente substituído por [[Ar]]
#* ''&quot;O restante do volume do ar seco divide-se entre uma dúzia de outros gases, onde se destacam, pela participação volumétrica, o argônio ('''A'''), com 0,934%, e o dióxido de carbono (C0&lt;sub&gt;2&lt;/sub&gt;), com 0,0353%.&quot;'' (''Revista marítima brasileira''. 3&lt;sup&gt;&lt;small&gt;o&lt;/small&gt;&lt;/sup&gt; trimestre/2000. v. 120, p. 174)
# {{escopo|pt|Física|química}} [[número de massa]]
#* ''&quot;O ferro tem 26 prótons e 30 nêutrons que formam o número de massa '''A''' = 56; seu peso atômico é 55,847, também quase igual ao do '''A'''.&quot;'' (Francisco Lanari do Val. ''Manual de técnica radiográfica''. 2006. p. 4)
# {{escopo|pt|Lógica}} [[proposição universal afirmativa]]
# {{escopo|univ|Medicina}} [[designação]] do [[grupo sanguíneo]] cujo [[aglutinógeno]] é representado pelo símbolo ''A''
#* '''''A''' negativo, '''A''' positivo''.
# {{escopo|univ|Música}} símbolo do [[acorde]] de [[lá maior]] ou da sua [[tonalidade]], a qual contém três sustenidos na sua armadura de clave
# nota máxima em uma prova
#* ''Obteve um '''A''' na prova de português.''
==Substantivo==
{{flex.pt|ms=a|mp=aa|mp2=as}}
{{oxítona|A}}, {{gramática|m}}
# {{escopo|pt|Letra}} primeira letra do [[alfabeto]] [[português]], bem como a sua forma ou representação
#* ''&quot;Semana passada eu quase caí do sofá e trinquei o maxilar quando os comentaristas da Fórmula Mundial chamaram repetidas vezes o piloto sueco Kenny Brack (pronuncia-se “brák”, com a letra “'''a'''” bem aberta) de “Quêni Breque”.&quot;'' {{FDSP|2001|maio|07}}
=={{etimologia|pt}}==
: Vide a etimologia em universal.
=={{pronúncia|pt}}==
===Brasil===
* AFI: {{AFI|/a/|lang=pt}}
: {{audio|pt-br-a.ogg|Áudio do nome da letra A (á)}}
==Ver também==
===No Wikcionário====
{{Alfabeto Latino}}
{{tonalidades musicais/pt}}
[[Categoria:Adjetivo (Português)]]
[[Categoria:Numeral cardinal (Português)]]
[[Categoria:Símbolo (Português)]]
[[Categoria:Símbolo da notação musical|A]]
[[Categoria:Substantivo (Português)]]
={{-lb-}}=
==Substantivo==
'''A''', {{gramática|n}} {{p|Aen}}
# {{escopo|lb|Anatomia}} [[olho]]
#: ''Ech hunn eppes am '''A'''''.
#:: Tenho algo em meu '''olho'''.
=={{etimologia|lb}}==
: Do [[alto-alemão antigo]] ''ouga'', do [[protogermânico]] ''*augô'', e por fim do [[protoindo-europeu]] ''*h₃ekʷ-'' (&quot;olho; ver&quot;). O desenvolvimento fonético no luxemburguês é regular: o alto-alemão antigo ''-ou-'' torna-se ''-ā-''; o ''-g-'' intervocálico desaparece; e o final vocálico sofre apócope.
=={{pronúncia|lb}}==
* [[AFI]]: {{AFI|/aː/|lang=lb}}
[[Categoria:Substantivo (Luxemburguês)]]</text>
<sha1>7pdiglqk7k2kn0c6bata1p57hlbhp8g</sha1>
</revision>
