<page>
<page>
<title>AAA</title>
<ns>0</ns>
<id>14252</id>
<revision>
<id>2643107</id>
<parentid>2643104</parentid>
<timestamp>2021-07-19T14:46:12Z</timestamp>
<contributor>
<username>ValJor</username>
<id>1358</id>
</contributor>
<minor />
<comment>Revertidas edições por [[Especial:Contribuições/2804:55B4:880:400:6502:B90B:6685:53CF|2804:55B4:880:400:6502:B90B:6685:53CF]] para a última versão por [[Especial:Contribuições/Askekamo|Askekamo]]</comment>
<model>wikitext</model>
<format>text/x-wiki</format>
<text bytes="1722" xml:space="preserve">{{Wikipédia}}
={{-pt-}}=
{{verOutrosSignificados.LetraA}}
==Adjetivo1==
'''AAA''', {{gramática|f}}
# [[tamanho]] de [[pilha]] de 1.5 [[volts]]
==Adjetivo2==
'''AAA''', {{gramática|m}}
# {{escopo|pt|Videojogo}} que é produzido com bastante recurso técnico, apresenta muito refinamento e é considerado categoricamente como de alta e maior qualidade
#: '''2016''', Palacios, Fernando , Terenzzo, Martha, ''O Guia Completo do Storytelling'', Alta Books Editora, página: 203
#*: ''Apesar do faturamento astronômico dos títulos '''AAA''', eles não são a única fonte de renda desse tipo de entretenimento digital. Em 2008 uma pesquisa levantada pela Casual Games Association, organização internacional dedicada a promover os jogos casuais, diz que pelo menos 200 milhões de pessoas jogavam algum desses títulos pela internet e que, só em 2007, esse mercado rendeu mais de 2,25 bilhões de dólares.''
#:'''2016''', On Line Editora, Games On Line Editora, O Guia Completo do Xbox One, On Line Editora, página: ''?''
#*: ''Podemos lançar lindos jogos '''AAA'''''
#: '''2011''', Wes McDermott, ''Criando Arte de Jogos 3D Para iPhone Com Unity'', Taylor &amp; Francis, página: 189
#*: ''Foi usado em títulos de jogos '''AAA'''''
==Sigla==
'''AAA'''
# [[artilharia|'''A'''rtilharia]] [[anti-aéreo|'''A'''nti-'''A'''érea]]
# [[associação|'''A'''ssociação]] dos [[alcoólico|'''A'''lcoólicos]] [[anônimo|'''A'''nônimos]]
==Ver também==
===No Wikisaurus===
* [[Wikisaurus:pilha|pilha]]
[[Categoria:Adjetivo (Português)]]
[[Categoria:Sigla (Português)]]
[[Categoria:Eletrônica (Português)]]
={{-univ-}}=
==Sigla==
'''AAA'''
# [[tamanho]] de [[pilha]] de 1.5 [[volts]]
[[Categoria:Sigla (Universal)]]</text>
<sha1>ibmi6t5liwg9wounw75kv7imunhl96o</sha1>
</revision>
