<page>
<title>aabo</title>
<ns>0</ns>
<id>62032</id>
<revision>
<id>2282966</id>
<parentid>2041428</parentid>
<timestamp>2017-04-27T04:28:16Z</timestamp>
<contributor>
<username>HydrizBot</username>
<id>29590</id>
</contributor>
<minor />
<comment>Robô: A limpar links interwikis antigos</comment>
<model>wikitext</model>
<format>text/x-wiki</format>
<text bytes="164" xml:space="preserve">={{-so-}}=
==Substantivo==
'''{{PAGENAME}}'''
:# [[pai]]
===Sinônimo===
* [[oday]]
* [[aabe]]
[[Categoria:Substantivo (Somali)]]
[[Categoria:Família (Somali)]]</text>
<sha1>ta8xignh4dwfb3db6kmvrhm91d2mllv</sha1>
</revision>
</page>
