<page>
<page>
<title>aaboras</title>
<ns>0</ns>
<id>431050</id>
<revision>
<id>2624021</id>
<timestamp>2021-02-18T12:30:45Z</timestamp>
<contributor>
<username>Manandez</username>
<id>47395</id>
</contributor>
<comment>Nova entrada.</comment>
<model>wikitext</model>
<format>text/x-wiki</format>
<text bytes="216" xml:space="preserve">={{-pt-}}=
==Forma de substantivo==
{{flex.pt|fs=aabora|fp=aaboras}}
{{paroxítona|a|a|bo|ras}}, {{gramática|fp}}
# forma plural de [[aabora]]
{{avi-for-fle|aabora}}
[[Categoria:Forma de substantivo (Português)]]</text>
<sha1>hg5hcb00avcy64wmyr7tdybwhhos4kn</sha1>
</revision>
