<page>
<title>aacatlah</title>
<ns>0</ns>
<id>420579</id>
<revision>
<id>2604450</id>
<parentid>2604441</parentid>
<timestamp>2020-12-12T22:37:35Z</timestamp>
<contributor>
<ip>2806:105E:F:609B:180C:DC8C:E135:2934</ip>
</contributor>
<model>wikitext</model>
<format>text/x-wiki</format>
<text bytes="278" xml:space="preserve">={{-nci-}}=
==Substantivo==
'''a.a.ca.tlah'''
# [[canavial]] do rio
==={{-varort-}}===
* [[ācatlah]]
=={{etimologia|nci}}==
: {{escopo|Morfologia}} [[atl]] (&quot;água&quot;) + [[acatlah]] (&quot;canavial&quot;).
{{categorias|{{nci}}|Substantivo|Polissílabo|Geografia|Ortografia normalizada}}</text>
<sha1>ctu7fmo4artjd709lzmcjqaaq4vtm0d</sha1>
</revision>
</page>
