<page>
<page>
<title>aacheniana</title>
<ns>0</ns>
<id>431058</id>
<revision>
<id>2624041</id>
<timestamp>2021-02-18T15:01:09Z</timestamp>
<contributor>
<username>Manandez</username>
<id>47395</id>
</contributor>
<comment>Nova entrada.</comment>
<model>wikitext</model>
<format>text/x-wiki</format>
<text bytes="493" xml:space="preserve">={{-pt-}}=
==Forma de adjetivo==
{{flex.pt|ms=aacheniano|mp=aachenianos|fs=aacheniana|fp=aachenianas}}
{{paroxítona|a|a|che|ni|a|na}}, {{gramática|fs}}
# forma feminina de [[aacheniano]]
[[Categoria:Forma de adjetivo (Português)]]
==Forma de substantivo==
{{flex.pt|ms=aacheniano|mp=aachenianos|fs=aacheniana|fp=aachenianas}}
{{paroxítona|a|a|che|ni|a|na}}, {{gramática|fs}}
# forma feminina de [[aacheniano]]
[[Categoria:Forma de substantivo (Português)]]
{{avi-for-fle|aacheniano}}</text>
<sha1>oeoboatzmgv4ho521ppo97on3b3vtps</sha1>
</revision>
