<page>
<title>aacheniano</title>
<ns>0</ns>
<id>44776</id>
<revision>
<id>2624022</id>
<parentid>2047566</parentid>
<timestamp>2021-02-18T12:43:26Z</timestamp>
<contributor>
<username>Manandez</username>
<id>47395</id>
</contributor>
<minor />
<comment>Predefinição + informação.</comment>
<model>wikitext</model>
<format>text/x-wiki</format>
<text bytes="518" xml:space="preserve">={{-pt-}}=
==Adjetivo==
{{flex.pt|ms=aacheniano|mp=aachenianos|fs=aacheniana|fp=aachenianas}}
{{paroxítona|aa|che|ni|a|no}}, {{gramática|ms}}
# {{escopo|pt|Gentílico}} referente à cidade de [[Aachen]] na [[Alemanha]]
==Substantivo==
{{flex.pt|ms=aacheniano|mp=aachenianos|fs=aacheniana|fp=aachenianas}}
{{paroxítona|aa|che|ni|a|no}}, {{gramática|ms}}
# que [[viver|vive]] em Aachen
=={{etimologia|pt}}==
De ''Aachen'' + ''[[-iano]]''.
[[Categoria:Adjetivo (Português)]]
[[Categoria:Substantivo (Português)]]</text>
<sha1>gl0ay34a0cwfslovomywt7y6vyipp2d</sha1>
</revision>
</page>
