<page>
<title>Aadler</title>
<ns>0</ns>
<id>426218</id>
<revision>
<id>2595860</id>
<timestamp>2020-09-07T15:08:57Z</timestamp>
<contributor>
<username>Montoya2002</username>
<id>55869</id>
</contributor>
<comment>[[Ajuda:Guia de edição/Menus e ferramentas/Sumário de edição|→]] nova página: ={{-hrx-}}= ==Substantivo== '''Aadler''' # [[águia]]  ==Ver também== ===Referências=== {{verTambém.Ini}}...</comment>
<model>wikitext</model>
<format>text/x-wiki</format>
<text bytes="254" xml:space="preserve">={{-hrx-}}=
==Substantivo==
'''Aadler'''
# [[águia]]
==Ver também==
===Referências===
{{verTambém.Ini}}
* https://hunsriqueanoriograndense.wordpress.com/dicionario-werterbuch/
{{verTambém.Fim}}
[[Categoria:Substantivo (Hunsriqueano Riograndense)]]</text>
<sha1>9h508uijouhcapu8dwgnsoffky0n4of</sha1>
</revision>
</page>
