<page>
<title>Aafrika</title>
<ns>0</ns>
<id>122957</id>
<revision>
<id>2629780</id>
<parentid>2263202</parentid>
<timestamp>2021-04-06T04:11:01Z</timestamp>
<contributor>
<username>GabMarquetto</username>
<id>81219</id>
</contributor>
<model>wikitext</model>
<format>text/x-wiki</format>
<text bytes="226" xml:space="preserve">={{-et-}}=
{{Wikipédia|lang=et}}
==Substantivo==
'''Aafrika''', ''próprio''
#{{escopo|et|Geografia}} [[África]]
[[Categoria:Substantivo (Estoniano)]]
[[Categoria:Topónimo (Estoniano)]]
[[Categoria:Continente (Estoniano)]]</text>
<sha1>717taq1hvvvnc8vqumlyj4tlu0jh70w</sha1>
</revision>
</page>
