<page>
<page>
<title>Aag</title>
<ns>0</ns>
<id>313843</id>
<revision>
<id>2629781</id>
<parentid>2263203</parentid>
<timestamp>2021-04-06T04:11:49Z</timestamp>
<contributor>
<username>GabMarquetto</username>
<id>81219</id>
</contributor>
<model>wikitext</model>
<format>text/x-wiki</format>
<text bytes="198" xml:space="preserve">{{Wikipédia|lang=pdc}}
={{-pdc-}}=
==Substantivo==
'''Aag'''
# {{escopo|pdc|Anatomia}} [[olho]]
[[Categoria:Substantivo (Alemão da Pensilvânia)]]
[[Categoria:Anatomia (Alemão da Pensilvânia)]]</text>
<sha1>a5hmn1kbduuf63c05hzcelml4f81ir3</sha1>
</revision>
