<page>
<page>
<title>aag</title>
<ns>0</ns>
<id>418371</id>
<revision>
<id>2576249</id>
<parentid>2569640</parentid>
<timestamp>2020-02-09T11:14:29Z</timestamp>
<contributor>
<username>ValJor</username>
<id>1358</id>
</contributor>
<comment>Retirando da [[Especial:Uncategorizedpages|página de verbetes sem categoria]]</comment>
<model>wikitext</model>
<format>text/x-wiki</format>
<text bytes="138" xml:space="preserve">={{-af-}}=
==Interjeição==
'''aag'''
# [[merda]]!
=={{pronúncia|af}}==
* [[AFI]]: /ˈɑːχ/
[[Categoria:Interjeição (Africâner)]]</text>
<sha1>7cet29sblpf4aqmcbsgbkixneedn63x</sha1>
</revision>
