<page>
<title>aaheahea</title>
<ns>0</ns>
<id>184717</id>
<revision>
<id>2282967</id>
<parentid>2100384</parentid>
<timestamp>2017-04-27T04:28:18Z</timestamp>
<contributor>
<username>HydrizBot</username>
<id>29590</id>
</contributor>
<minor />
<comment>Robô: A limpar links interwikis antigos</comment>
<model>wikitext</model>
<format>text/x-wiki</format>
<text bytes="215" xml:space="preserve">={{-mi-}}=
{{Wikipédia|lang=mi}}
==Substantivo==
'''aaheahea'''
#[[arco-íris]]
===Sinônimos===
*[[kahukura]]
*[[paahoka]]
*[[uenuku]]
*[[kairangi]]
*[[rore]]
*[[taawhanawhana]]
[[Categoria:Substantivo (Maori)]]</text>
<sha1>0b1qr53qbn93564wd1fgzzybgys2f70</sha1>
</revision>
</page>
