<page>
<page>
<title>aai</title>
<ns>0</ns>
<id>229171</id>
<revision>
<id>2282968</id>
<parentid>2243157</parentid>
<timestamp>2017-04-27T04:28:22Z</timestamp>
<contributor>
<username>HydrizBot</username>
<id>29590</id>
</contributor>
<minor />
<comment>Robô: A limpar links interwikis antigos</comment>
<model>wikitext</model>
<format>text/x-wiki</format>
<text bytes="147" xml:space="preserve">={{-mas-}}=
==Substantivo==
'''aai'''
# [[céu]] (abóbada celeste)
{{página-automática|Maio|2010|céu|mas}}
[[Categoria:Substantivo (Massai)]]</text>
<sha1>jjmj4p8up02dgqpy8xiyyjtlohnsxmf</sha1>
</revision>
