<page>
<page>
<title>aal</title>
<ns>0</ns>
<id>56923</id>
<revision>
<id>2624043</id>
<parentid>2282969</parentid>
<timestamp>2021-02-18T15:31:10Z</timestamp>
<contributor>
<username>Manandez</username>
<id>47395</id>
</contributor>
<minor />
<comment>Predefinição + informação.</comment>
<model>wikitext</model>
<format>text/x-wiki</format>
<text bytes="1093" xml:space="preserve">{{ver também|Aal|AAL|a'al|ål}}
{{Wikipédia}}
={{-pt-}}=
==Substantivo&lt;sup&gt;1&lt;/sup&gt;==
{{oxítona|a|al}}, {{gramática|ms}}
# {{escopo|pt|Botânica}} [[árvore]] [[terebintácea]] da qual se [[extrai]] a [[casca]] para a [[aromatização]] de [[vinho]]
==Substantivo&lt;sup&gt;2&lt;/sup&gt;==
{{oxítona|a|al}}, {{gramática|fs}} {{datação|1949}}
# {{escopo|pt|Peça}} [[espécie]] de [[porcelana]] amarela originária da [[China]]
==={{etimologia|pt}}===
:Do [[hindustani]] ''aal'', pelo [[latim]] ''[[aalis]]''.
==Anagrama==
# [[ala]]
[[Categoria:Substantivo (Português)]]
={{-af-}}=
==Substantivo==
'''aal'''
# {{escopo|af|Zoologia}} [[enguia]]
[[Categoria:Substantivo (Africâner)]]
={{-es-}}=
==Substantivo==
'''aal'''
# {{escopo|es|Botânica}} [[morinda]]
[[Categoria:Substantivo (Espanhol)]]
={{-nl-}}=
==Substantivo==
'''aal'''
# {{escopo|nl|Zoologia}} [[enguia]]
[[Categoria:Substantivo (Holandês)]]
={{-yua-}}=
==Adjetivo==
'''aal'''
# [[pesado]]
==Substantivo==
'''aal'''
# {{escopo|yua|Anatomia}} [[dedo]]
[[Categoria:Adjetivo (Iucateco)]]
[[Categoria:Substantivo (Iucateco)]]</text>
<sha1>e0xavg6it3xfrnrdp5myw34n53j5d6x</sha1>
</revision>
