<page>
<title>aalenianos</title>
<ns>0</ns>
<id>294068</id>
<revision>
<id>2623181</id>
<parentid>2282971</parentid>
<timestamp>2021-02-10T19:26:45Z</timestamp>
<contributor>
<username>Manandez</username>
<id>47395</id>
</contributor>
<minor />
<comment>Informações.</comment>
<model>wikitext</model>
<format>text/x-wiki</format>
<text bytes="264" xml:space="preserve">={{-pt-}}=
==Forma de substantivo==
{{flex.pt|ms=aaleniano|mp=aalenianos|fs=aaleniana|fp=aalenianas}}
{{paroxítona|a|a|le|ni|a|nos}}, {{gramática|mp}}
# masculino plural de [[aaleniano]]
{{avi-for-fle|aaleniano}}
[[Categoria:Forma de substantivo (Português)]]</text>
<sha1>qdo68x5zksw49mcwrducl3efk30eypa</sha1>
</revision>
</page>
