<page>
<page>
<title>Aale</title>
<ns>0</ns>
<id>146098</id>
<revision>
<id>2451390</id>
<parentid>2263205</parentid>
<timestamp>2017-09-21T05:21:06Z</timestamp>
<contributor>
<username>Spanier</username>
<id>43713</id>
</contributor>
<comment>estilo</comment>
<model>wikitext</model>
<format>text/x-wiki</format>
<text bytes="262" xml:space="preserve">={{-de-}}=
==Forma de substantivo==
'''{{grifar|Aa}}.le'''
#[[plural]] de '''[[Aal]]'''
=={{pronúncia|de}}==
* [[AFI]]: {{AFI|/ˈaːlə/|de}} {{audio|De-Aale.ogg|ouvir|lang=de}}
[[Categoria:Forma de substantivo (Alemão)]]
[[Categoria:Dissílabo (Alemão)]]</text>
<sha1>f79pada9x69omseut1ug1cbtp2spj7t</sha1>
</revision>
