<page>
<title>aaleniana</title>
<ns>0</ns>
<id>430772</id>
<revision>
<id>2623182</id>
<timestamp>2021-02-10T19:39:59Z</timestamp>
<contributor>
<username>Manandez</username>
<id>47395</id>
</contributor>
<comment>Nova entrada.</comment>
<model>wikitext</model>
<format>text/x-wiki</format>
<text bytes="264" xml:space="preserve">={{-pt-}}=
==Forma de substantivo==
{{flex.pt|ms=aaleniano|mp=aalenianos|fs=aaleniana|fp=aalenianas}}
{{paroxítona|a|a|le|ni|a|na}}, {{gramática|fs}}
# feminino singular de [[aaleniano]]
{{avi-for-fle|aaleniano}}
[[Categoria:Forma de substantivo (Português)]]</text>
<sha1>11gu5fk0mya53auxvdnw5j6mugob53l</sha1>
</revision>
</page>
