<page>
<page>
<title>aaleniano</title>
<ns>0</ns>
<id>295729</id>
<revision>
<id>2623180</id>
<parentid>2282970</parentid>
<timestamp>2021-02-10T19:26:30Z</timestamp>
<contributor>
<username>Manandez</username>
<id>47395</id>
</contributor>
<minor />
<comment>Informação.</comment>
<model>wikitext</model>
<format>text/x-wiki</format>
<text bytes="634" xml:space="preserve">={{-pt-}}=
==Substantivo==
{{flex.pt|ms=aaleniano|mp=aalenianos|fs=aaleniana|fp=aalenianas}}
{{paroxítona|a|a|le|ni|a|no}}, {{gramática|ms}}
# relativo à idade aaleniana do período Jurássico da era Mesozoica do éon Fanerozoico que está compreendida entre 175 milhões e 600 mil e 171 milhões e 600 mil anos atrás, aproximadamente
[[Categoria:Substantivo (Português)]]
={{-es-}}=
==Substantivo==
'''aaleniano'''
# [[aaleniano#Português|aaleniano]]
[[Categoria:Substantivo (Espanhol)]]
={{-it-}}=
==Substantivo==
'''aaleniano''', {{p|aalenianos}}
# [[aaleniano#Português|aaleniano]]
[[Categoria:Substantivo (Italiano)]]</text>
<sha1>ijzf9ljsdlcnxa3e65hvq1kaa8fn245</sha1>
</revision>
