<page>
<title>aalloke</title>
<ns>0</ns>
<id>99159</id>
<revision>
<id>2670549</id>
<parentid>2282972</parentid>
<timestamp>2022-04-04T13:38:02Z</timestamp>
<contributor>
<username>ValJor</username>
<id>1358</id>
</contributor>
<comment>Substituindo a [[Especial:Páginas_afluentes/Predefinição:escopoCat|predefinição escopoCat]] por escopo</comment>
<model>wikitext</model>
<format>text/x-wiki</format>
<text bytes="193" xml:space="preserve">={{-fi-}}=
==Substantivo==
'''aalloke'''
# {{escopo|fi|Matemática}} pequena [[onda]]
=={{etimologia|fi}}==
: {{escopo|Morfologia}} [[aalto]] + [[-ke]].
[[Categoria:Substantivo (Finlandês)]]</text>
<sha1>r1b97280k4a0i4281p1uwpagh77qrhc</sha1>
</revision>
</page>
