<page>
<title>aalto</title>
<ns>0</ns>
<id>14122</id>
<revision>
<id>2282973</id>
<parentid>2255079</parentid>
<timestamp>2017-04-27T04:28:38Z</timestamp>
<contributor>
<username>HydrizBot</username>
<id>29590</id>
</contributor>
<minor />
<comment>Robô: A limpar links interwikis antigos</comment>
<model>wikitext</model>
<format>text/x-wiki</format>
<text bytes="1265" xml:space="preserve">{{ver também|Aalto}}
[[Imagem:Oahu North Shore surfing catching wave.jpg|thumb|250px|right|&lt;center&gt;Surfistas pegando uma onda&lt;/center&gt;]]
={{-fi-}}=
==Substantivo==
'''&lt;u&gt;aal&lt;/u&gt;.to'''
# [[onda]]
#* ''Huomenna, vaikka tuuli, '''aalto''' ja pilvet sitä vastaan asettuisivat!'': ''Amanhã, até mesmo o vento, as ondas e as nuvens vão se acalmar!''. (Em [[s:fi:Hildred|Hildred]] de Fredrika Runeberg)
===Verbetes derivados===
Substantivos:
{{verTambém.Ini}}
* [[aalloke]]
* [[aallokko]]
* [[aallonharja]]
{{verTambém.NovaColuna}}
* [[aallonmurtaja]]
* [[aallonpituus]]
* [[aallotar]]
{{verTambém.NovaColuna}}
* [[aaltolevy]]
* [[aaltoliike]]
* [[aaltomekaniikka]]
{{verTambém.NovaColuna}}
* [[aaltopahvi]]
* [[aaltopelti]]
* [[aaltoviiva]]
{{verTambém.Fim}}
Adjetivo:
* [[aaltomainen]]
Verbos: 
{{verTambém.Ini}}
* [[aallota]]
{{verTambém.NovaColuna}}
* [[aaltoilla]]
{{verTambém.Fim}}
=={{etimologia|fi}}==
: Provavelmente aparentado ao vocábulo do Nórdico Antigo ''alda''.
=={{pronúncia|fi}}==
* AFI: /ˈɑːl̪t̪o̞/
==Anagramas==
# [[laota]]
# [[latoa]]
# [[loata]]
# [[oalta]]
# [[olaat]]
# [[taloa]]
# [[tolaa]]
[[Categoria:Substantivo (Finlandês)]]
[[Categoria:Entrada com etimologia (Finlandês)]]
[[Categoria:Entrada com imagem (Finlandês)]]</text>
<sha1>72fimk1lqvkinwpv7858n7lhfhf7ub5</sha1>
</revision>
</page>
