<page>
<page>
<title>aalénio</title>
<ns>0</ns>
<id>75222</id>
<revision>
<id>2624044</id>
<parentid>1582813</parentid>
<timestamp>2021-02-18T15:43:53Z</timestamp>
<contributor>
<username>Manandez</username>
<id>47395</id>
</contributor>
<minor />
<comment>Predefinição + informação.</comment>
<model>wikitext</model>
<format>text/x-wiki</format>
<text bytes="1339" xml:space="preserve">={{-pt-}}=
{{grafiaPtpt|aalênio}}
==Adjetivo==
{{flex.pt|aalénio|aalénios|aalénia|aalénias|ms-div=a.a.{{grifar|lé}}.nio|mp-div=a.a.{{grifar|lé}}.nios|fs-div=a.a.{{grifar|lé}}.nia|fp-div=a.a.{{grifar|lé}}.nias}}
{{proparoxítona aparente|a|a|lé|ni|o}}, {{gramática|ms}}
# relativo à [[cidade]] de [[Aalen]], [[Alemanha]]
# {{escopo|pt|Gentílico}} [[natural]] dessa cidade
# [[habitante]] dessa cidade
# {{escopo|pt|Geologia}} relativo a determinado [[tipo]] de [[terreno]] predominantemente encontrado nos arredores de Aalen
===Sinónimos===
* [[aaleniano]]
[[Categoria:Adjetivo (Português)|aalenio]]
==Substantivo==
{{flex.pt|aalénio|aalénios|aalénia|aalénias|ms-div=a.a.{{grifar|lé}}.nio|mp-div=a.a.{{grifar|lé}}.nios|fs-div=a.a.{{grifar|lé}}.nia|fp-div=a.a.{{grifar|lé}}.nias}}
{{proparoxítona aparente|a|a|lé|ni|o}} {{gramática|ms}}
# {{escopo|pt|Gentílico}} indivíduo natural de Aalen, Alemanha
# indivíduo que reside nesta cidade
# {{escopo|pt|Geologia}} certo tipo de terreno predominantemente encontrado nos arredores de Aalen
===Sinónimos===
* [[aaleniano]]
=={{etimologia|pt}}==
:De ''Aalen'' + ''[[-io]]''.
=={{pronúncia|pt}}==
===Brasil===
* [[AFI]]: {{AFI|/a.a.ˈle.nju/}}, {{AFI|/a.a.ˈle.ni.u/}}
* [[X-SAMPA]]: /a.a.&quot;le.nju/, /a.a.&quot;le.ni.u/
[[Categoria:Substantivo (Português)|aalenio]]</text>
<sha1>90x84k6l5373jn7jfssehucdk6niv4m</sha1>
</revision>
