<page>
<page>
<title>aalênia</title>
<ns>0</ns>
<id>431064</id>
<revision>
<id>2624053</id>
<timestamp>2021-02-18T16:19:11Z</timestamp>
<contributor>
<username>Manandez</username>
<id>47395</id>
</contributor>
<comment>Nova entrada.</comment>
<model>wikitext</model>
<format>text/x-wiki</format>
<text bytes="482" xml:space="preserve">={{-pt-}}=
==Forma de adjetivo==
{{flex.pt|ms=aalênio|mp=aalênios|fs=aalênia|fp=aalênias}}
{{proparoxítona aparente|a|a|lê|ni|a}}, {{gramática|fs}}
# forma feminina de [[aalênio]]
[[Categoria:Adjetivo (Português)]]
={{-pt-}}=
==Forma de substantivo==
{{flex.pt|ms=aalênio|mp=aalênios|fs=aalênia|fp=aalênias}}
{{proparoxítona aparente|a|a|lê|ni|a}}, {{gramática|fs}}
# forma feminina de [[aalênio]]
{{avi-for-fle|aalênio}}
[[Categoria:Substantivo (Português)]]</text>
<sha1>cyd8fag2azzgh52b1g31jvjp10y3jgx</sha1>
</revision>
