<page>
<page>
<title>aalênio</title>
<ns>0</ns>
<id>13502</id>
<revision>
<id>2624051</id>
<parentid>2282976</parentid>
<timestamp>2021-02-18T16:14:01Z</timestamp>
<contributor>
<username>Manandez</username>
<id>47395</id>
</contributor>
<minor />
<comment>Predefinição + informação.</comment>
<model>wikitext</model>
<format>text/x-wiki</format>
<text bytes="1338" xml:space="preserve">={{-pt-}}=
{{grafiaPtbr|aalénio}}
==Adjetivo==
{{flex.pt|aalênio|aalênios|aalênia|aalênias|ms-div=a.a.{{grifar|lê}}.nio|mp-div=a.a.{{grifar|lê}}.nios|fs-div=a.a.{{grifar|lê}}.nia|fp-div=a.a.{{grifar|lê}}.nias}}
{{proparoxítona aparente|a|a|lê|ni|o}} {{gramática|ms}}
# relativo à [[cidade]] de [[Aalen]], [[Alemanha]]
# {{escopo|pt|Gentílico}} [[natural]] dessa cidade
# [[habitante]] dessa cidade
# {{escopo|pt|Geologia}} relativo a determinado [[tipo]] de [[terreno]] predominantemente encontrado nos arredores de Aalen
===Sinónimos===
* [[aaleniano]]
[[Categoria:Adjetivo (Português)]]
==Substantivo==
{{flex.pt|aalênio|aalênios|aalênia|aalênias|ms-div=a.a.{{grifar|lê}}.nio|mp-div=a.a.{{grifar|lê}}.nios|fs-div=a.a.{{grifar|lê}}.nia|fp-div=a.a.{{grifar|lê}}.nias}}
{{proparoxítona aparente|a|a|lê|ni|o}}, {{gramática|ms}}
# {{escopo|pt|Gentílico}} indivíduo [[natural]] de Aalen, Alemanha
# indivíduo que reside nesta cidade
# {{escopo|pt|Geologia}} certo tipo de terreno predominantemente encontrado nos arredores de Aalen
===Sinónimos===
* [[aaleniano]]
=={{etimologia|pt}}==
:De ''Aalen'' + ''[[-io]]''.
=={{pronúncia|pt}}==
===Brasil===
* [[AFI]]: {{AFI|/a.a.ˈle.nju/}}, {{AFI|/a.a.ˈle.ni.u/}}
* [[X-SAMPA]]: /a.a.&quot;le.nju/, /a.a.&quot;le.ni.u/
[[Categoria:Substantivo (Português)|aalenio]]</text>
<sha1>1d7su4zpim6w5xgq9t2eb0ppzcvtooq</sha1>
</revision>
