<page>
<title>aalénia</title>
<ns>0</ns>
<id>431061</id>
<revision>
<id>2624048</id>
<timestamp>2021-02-18T16:02:50Z</timestamp>
<contributor>
<username>Manandez</username>
<id>47395</id>
</contributor>
<comment>Nova entrada.</comment>
<model>wikitext</model>
<format>text/x-wiki</format>
<text bytes="489" xml:space="preserve">={{-pt-}}=
==Forma de adjetivo==
{{flex.pt|ms=aalénio|mp=aalénios|fs=aalénia|fp=aalénias}}
{{proparoxítona aparente|a|a|lé|ni|a}}, {{gramática|fs}}
# forma feminina de [[aalénio]]
[[Categoria:Forma de adjetivo (Português)]]
==Forma de substantivo==
{{flex.pt|ms=aalénio|mp=aalénios|fs=aalénia|fp=aalénias}}
{{proparoxítona aparente|a|a|lé|ni|a}}, {{gramática|fs}}
# forma feminina de [[aalénio]]
{{avi-for-fle|aalénio}}
[[Categoria:Forma de substantivo (Português)]]</text>
<sha1>kuqv6j7ybkgyk8hjo2cdb9oq8ixx650</sha1>
</revision>
</page>
