<page>
<title>aambeeld</title>
<ns>0</ns>
<id>256364</id>
<revision>
<id>2282977</id>
<parentid>2112900</parentid>
<timestamp>2017-04-27T04:28:46Z</timestamp>
<contributor>
<username>HydrizBot</username>
<id>29590</id>
</contributor>
<minor />
<comment>Robô: A limpar links interwikis antigos</comment>
<model>wikitext</model>
<format>text/x-wiki</format>
<text bytes="161" xml:space="preserve">={{-nl-}}=
==Substantivo==
'''aambeeld'''
# [[bigorna]] (peça de ferro)
{{página-automática|dezembro|2010|bigorna|nl}}
[[Categoria:Substantivo (Holandês)]]</text>
<sha1>6rspq1dzx05dbx4qqt8m0lmq1f55ut4</sha1>
</revision>
</page>
