<page>
<page>
<title>aamiainen</title>
<ns>0</ns>
<id>14699</id>
<revision>
<id>2282978</id>
<parentid>2243850</parentid>
<timestamp>2017-04-27T04:28:51Z</timestamp>
<contributor>
<username>HydrizBot</username>
<id>29590</id>
</contributor>
<minor />
<comment>Robô: A limpar links interwikis antigos</comment>
<model>wikitext</model>
<format>text/x-wiki</format>
<text bytes="292" xml:space="preserve">={{-fi-}}=
==Substantivo==
'''aa.mi.ai.nen'''
# [[almoço]].
# [[pequeno almoço]].
# [[café da manhã]].
==Ver Também==
* [[aamulehti]]
* [[aamu]]
* [[aamupäivä]]
* [[aamutakki]]
* [[aamunkoitto]]
* [[aamukaste]]
* [[aamiastunti]]
* [[aamurusko]]
[[Categoria:Substantivo (Finlandês)]]</text>
<sha1>r29c2xq5qqf88ji4ieltntg635zxyif</sha1>
</revision>
