<page>
<title>aamiastunti</title>
<ns>0</ns>
<id>14700</id>
<revision>
<id>1292246</id>
<parentid>299766</parentid>
<timestamp>2011-11-20T03:13:06Z</timestamp>
<contributor>
<username>MalafayaBot</username>
<id>628</id>
</contributor>
<minor />
<comment>Robô: Substituição de texto automática (-^\=(\s*?)Finlandês(\s*?)\= +={{-fi-}}= &amp; -^\=(\s*?)\{\{fi\}\}(\s*?)\= +={{-fi-}}=)</comment>
<model>wikitext</model>
<format>text/x-wiki</format>
<text bytes="382" xml:space="preserve">={{-fi-}}=
==Substantivo==
'''aa.mi.as.tun.ti'''
# [[hora]] de [[almoço]]
==Ver também==
===No Wikcionário===
{{verTambém.Ini}}
* [[aamulehti]]
* [[aamu]]
* [[aamupäivä]]
* [[aamutakki]]
{{verTambém.NovaColuna}}
* [[aamunkoitto]]
* [[aamiainen]]
* [[aamukaste]]
* [[aamurusko]]
{{verTambém.Fim}}
[[Categoria:Substantivo (Finlandês)]]
[[Categoria:Polissílabo (Finlandês)]]</text>
<sha1>dkko83hozk7xk8ltv7bi2ua7eg8mizf</sha1>
</revision>
</page>
