<page>
<title>Aamos</title>
<ns>0</ns>
<id>407507</id>
<revision>
<id>2537762</id>
<timestamp>2019-03-02T04:18:42Z</timestamp>
<contributor>
<username>Leonardo José Raimundo</username>
<id>43489</id>
</contributor>
<comment>Eu estou criando o nome &quot;Aamos&quot;.</comment>
<model>wikitext</model>
<format>text/x-wiki</format>
<text bytes="449" xml:space="preserve">={{-et-}}=
==Substantivo==
{{paroxítona|Aa|mos|lang=et}}
# {{escopo|et|Cristianismo|religião}} [[Amós]]
==Ver também==
===No Wikcionário===
{{bíblia/et}}
[[Categoria:Substantivo (Estoniano)]]
={{-fi-}}=
==Substantivo==
{{paroxítona|Aa|mos|lang=fi}}
# {{escopo|fi|Cristianismo|religião}} [[Amós]]
===Declinação===
{{decl.fi.subst.5|Aamos|a}}
==Ver também==
===No Wikcionário===
{{bíblia/fi}}
[[Categoria:Substantivo (Finlandês)]]</text>
<sha1>mqvbi4xifcsvoptvoro0264axm86qhs</sha1>
</revision>
</page>
