<page>
<page>
<title>aamukaste</title>
<ns>0</ns>
<id>14695</id>
<revision>
<id>2282981</id>
<parentid>1702399</parentid>
<timestamp>2017-04-27T04:29:00Z</timestamp>
<contributor>
<username>HydrizBot</username>
<id>29590</id>
</contributor>
<minor />
<comment>Robô: A limpar links interwikis antigos</comment>
<model>wikitext</model>
<format>text/x-wiki</format>
<text bytes="381" xml:space="preserve">={{-fi-}}=
==Substantivo==
'''aa.mu.kas.te'''
# [[orvalho]] [[matinal]]
==Ver também==
===No Wikcionário===
{{verTambém.Ini}}
* [[aamulehti]]
* [[aamu]]
* [[aamupäivä]]
* [[aamutakki]]
{{verTambém.NovaColuna}}
* [[aamunkoitto]]
* [[aamiainen]]
* [[aamiastunti]]
* [[aamurusko]]
{{verTambém.Fim}}
[[Categoria:Substantivo (Finlandês)]]
[[Categoria:Polissílabo (Finlandês)]]</text>
<sha1>ebx332zc522hlh1hwujgt1zrzd5tur1</sha1>
</revision>
