<page>
<page>
<title>aamu</title>
<ns>0</ns>
<id>7542</id>
<revision>
<id>2282980</id>
<parentid>2243161</parentid>
<timestamp>2017-04-27T04:28:58Z</timestamp>
<contributor>
<username>HydrizBot</username>
<id>29590</id>
</contributor>
<minor />
<comment>Robô: A limpar links interwikis antigos</comment>
<model>wikitext</model>
<format>text/x-wiki</format>
<text bytes="369" xml:space="preserve">={{-fi-}}=
==Substantivo==
'''aamu''' 
# [[manhã]]
#: [[tänään|Tänään]] [[minä]] [[herätä|herään]] '''aamulla''' [[aikaisin]] : [[hoje|Hoje]] de manhã [[levantar|levantei-me]] [[cedo]].
== Fraseologia ==
* '''aamulla varhain''' = ''de manhã cedo''
==Sinónimo==
* [[aamupäivä]]
[[Categoria:Substantivo (Finlandês)]]
[[Categoria:Tempo (Finlandês)]]</text>
<sha1>5hlmh0nlahs79e41w36nwht6vscxry2</sha1>
</revision>
