<page>
<page>
<title>aamutakki</title>
<ns>0</ns>
<id>14697</id>
<revision>
<id>2282986</id>
<parentid>2222826</parentid>
<timestamp>2017-04-27T04:29:15Z</timestamp>
<contributor>
<username>HydrizBot</username>
<id>29590</id>
</contributor>
<minor />
<comment>Robô: A limpar links interwikis antigos</comment>
<model>wikitext</model>
<format>text/x-wiki</format>
<text bytes="271" xml:space="preserve">={{-fi-}}=
==Substantivo==
'''aa.mu.tak.ki'''
# [[roupão]]
# [[robe]]
# [[penhoar]]
==Ver Também==
* [[aamulehti]]
* [[aamu]]
* [[aamupäivä]]
* [[aamukaste]]
* [[aamunkoitto]]
* [[aamiainen]]
* [[aamiastunti]]
* [[aamurusko]]
[[Categoria:Substantivo (Finlandês)]]</text>
<sha1>4dt0dn8kudklflu75sfaivevn8p6v43</sha1>
</revision>
