<page>
<title>aanbreken</title>
<ns>0</ns>
<id>152380</id>
<revision>
<id>2282989</id>
<parentid>2255648</parentid>
<timestamp>2017-04-27T04:29:26Z</timestamp>
<contributor>
<username>HydrizBot</username>
<id>29590</id>
</contributor>
<minor />
<comment>Robô: A limpar links interwikis antigos</comment>
<model>wikitext</model>
<format>text/x-wiki</format>
<text bytes="636" xml:space="preserve">={{-nl-}}=
==Verbo==
'''aanbreken'''
#[[amanhecer]]
#[[iniciar]]
#[[invadir]]
===Conjugação===
{{conj.nl|inf=aanbreken|imp=[[breek aan]]|pres-1s=[[breek aan]]|pres-2s=[[breekt aan]]|pres-3s=[[breekt aan]]|pres-1p=[[breken aan]]|pres-2p=[[breken aan]]|pres-3p=[[breken aan]]|part.pres=[[aanbrekend]]|part.pres2=[[aanbrekende]]|pas-1s=[[brak aan]]|pas-2s=[[brak aan]]|pas-3s=[[brak aan]]|pas-1p=[[braken aan]]|pas-2p=[[braken aan]]|pas-3p=[[braken aan]]|part.pas=[[aangebroken]]}}
=={{etimologia|nl}}==
:De ''[[aan]]'' + ''[[breken]]''
=={{pronúncia|nl}}==
*{{audio|lang=nl|Nl-aanbreken.ogg|Áudio}}
[[Categoria:Verbo (Holandês)]]</text>
<sha1>irq0o5y35kt6i3u54iy2nz4va8ycdxj</sha1>
</revision>
</page>
