<page>
<page>
<title>aanbrekend</title>
<ns>0</ns>
<id>152389</id>
<revision>
<id>2282990</id>
<parentid>1420790</parentid>
<timestamp>2017-04-27T04:29:28Z</timestamp>
<contributor>
<username>HydrizBot</username>
<id>29590</id>
</contributor>
<minor />
<comment>Robô: A limpar links interwikis antigos</comment>
<model>wikitext</model>
<format>text/x-wiki</format>
<text bytes="128" xml:space="preserve">={{-nl-}}=
==Forma verbal==
'''aanbrekend'''
#[[gerúndio]] do verbo '''[[aanbreken]]'''
[[Categoria:Forma verbal (Holandês)]]</text>
<sha1>o3q27y1e90eoo15wmoxj7ri6db8laze</sha1>
</revision>
