<page>
<title>aanbod</title>
<ns>0</ns>
<id>260664</id>
<revision>
<id>2282988</id>
<parentid>2237158</parentid>
<timestamp>2017-04-27T04:29:24Z</timestamp>
<contributor>
<username>HydrizBot</username>
<id>29590</id>
</contributor>
<minor />
<comment>Robô: A limpar links interwikis antigos</comment>
<model>wikitext</model>
<format>text/x-wiki</format>
<text bytes="330" xml:space="preserve">={{-nl-}}=
==Substantivo==
'''aanbod'''
#[[oferta]]
#:''Een '''aanbod''' doen.''
#:''Fazer uma '''oferta'''.''
#[[suprimento]]
=={{pronúncia|nl}}==
*{{audio|Nl-aanbod.ogg|lang=nl|áudio}}
==Ver também==
===No Wikcionário===
*[[Apêndice:As mil palavras mais usadas no idioma holandês]]
[[Categoria:Substantivo (Holandês)]]</text>
<sha1>0y4l4irsltddxdeh8c7mb0ad1seid1s</sha1>
</revision>
</page>
