<page>
<page>
<title>aanbrekende</title>
<ns>0</ns>
<id>152390</id>
<revision>
<id>2607944</id>
<parentid>659184</parentid>
<timestamp>2021-01-11T11:56:52Z</timestamp>
<contributor>
<username>ValJor</username>
<id>1358</id>
</contributor>
<comment>Já fazia mais de dez anos que ninguém atualizava esse verbete...</comment>
<model>wikitext</model>
<format>text/x-wiki</format>
<text bytes="156" xml:space="preserve">={{-nl-}}=
==Forma verbal==
'''aanbrekende'''
# forma flexionada de '''[[aanbrekend]]'''
{{avi-for-fle|aanbrekend}}
[[Categoria:Forma verbal (Holandês)]]</text>
<sha1>ljxpq4zzv21wxvbca4bs4owjyoxv1f3</sha1>
</revision>
