<page>
<page>
<title>aandacht</title>
<ns>0</ns>
<id>152382</id>
<revision>
<id>2282991</id>
<parentid>2237157</parentid>
<timestamp>2017-04-27T04:29:33Z</timestamp>
<contributor>
<username>HydrizBot</username>
<id>29590</id>
</contributor>
<minor />
<comment>Robô: A limpar links interwikis antigos</comment>
<model>wikitext</model>
<format>text/x-wiki</format>
<text bytes="167" xml:space="preserve">={{-nl-}}=
==Substantivo==
'''aandacht''', {{f}}
#[[atenção]]
=={{pronúncia|nl}}==
*{{audio|lang=nl|Nl-aandacht.ogg|Áudio}}
[[Categoria:Substantivo (Holandês)]]</text>
<sha1>9fviu3ojk57k6884ur04nmpyh3q95vy</sha1>
</revision>
