<page>
<title>aandeel</title>
<ns>0</ns>
<id>152383</id>
<revision>
<id>2519550</id>
<parentid>2511917</parentid>
<timestamp>2018-09-20T07:29:03Z</timestamp>
<contributor>
<username>ValJor</username>
<id>1358</id>
</contributor>
<comment>Eliminando [[aandelen]] da lista de [[Especial:Lonelypages|órfãos]]</comment>
<model>wikitext</model>
<format>text/x-wiki</format>
<text bytes="202" xml:space="preserve">{{Wikipédia|lang=nl}}
={{-nl-}}=
==Substantivo==
{{flex.nl|ns=aandeel|np=[[aandelen]]|d=aandeeltje}}
'''aandeel'''
# {{escopo|nl|Economia}} [[ação]], [[quota]]
[[Categoria:Substantivo (Holandês)]]</text>
<sha1>4kcar1m74wh69w5893psybjl9w05d5d</sha1>
</revision>
</page>
