<page>
<title>aandelen</title>
<ns>0</ns>
<id>152384</id>
<revision>
<id>2512073</id>
<parentid>2282993</parentid>
<timestamp>2018-07-21T09:53:44Z</timestamp>
<contributor>
<username>ValJor</username>
<id>1358</id>
</contributor>
<comment>Um verbete a menos usando a [[Predefinição:flex.nl.neu|predefinição flex.nl.neu]]</comment>
<model>wikitext</model>
<format>text/x-wiki</format>
<text bytes="147" xml:space="preserve">={{-nl-}}=
==Forma de substantivo==
'''aandelen'''
# plural de [[aandeel]]
{{avi-for-fle|aandeel}}
[[Categoria:Forma de substantivo (Holandês)]]</text>
<sha1>hqhbysl73gkxxzn9ycd3qfe6oa1dbjx</sha1>
</revision>
</page>
