<page>
<title>aangeven</title>
<ns>0</ns>
<id>261704</id>
<revision>
<id>2282995</id>
<parentid>2237153</parentid>
<timestamp>2017-04-27T04:29:47Z</timestamp>
<contributor>
<username>HydrizBot</username>
<id>29590</id>
</contributor>
<minor />
<comment>Robô: A limpar links interwikis antigos</comment>
<model>wikitext</model>
<format>text/x-wiki</format>
<text bytes="651" xml:space="preserve">={{-nl-}}=
==Verbo==
'''aangeven'''
#[[entregar]], [[passar]]
#:Kun je me de afstandsbediening aangeven?
#:''Você poderia me passar o controle remoto?''
#[[indicar]], [[deixar]] [[claro]]
#:Hij heeft aangegeven waar het is.
#:''Ele indicou onde estava.''
#[[denunciar]], [[avisar]], [[notificar]]
#:Iemand aangeven.
#:''Denunciar alguém.''
#[[declarar]]
#:Niets aan te geven.
#:''Nada a declarar.''
=={{etimologia|nl}}==
:De [[aan]] +‎ [[geven]].
=={{pronúncia|nl}}==
*{{audio|Nl-aangeven.ogg|lang=nl|Áudio}}
==Ver também==
===No Wikcionário===
*[[Apêndice:As mil palavras mais usadas no idioma holandês]]
[[Categoria:Verbo (Holandês)]]</text>
<sha1>1id5ebs7xnqs7n0kv5rw6gbk8qwafn7</sha1>
</revision>
</page>
