<page>
<page>
<title>aanval</title>
<ns>0</ns>
<id>268388</id>
<revision>
<id>2282997</id>
<parentid>2237165</parentid>
<timestamp>2017-04-27T04:29:54Z</timestamp>
<contributor>
<username>HydrizBot</username>
<id>29590</id>
</contributor>
<minor />
<comment>Robô: A limpar links interwikis antigos</comment>
<model>wikitext</model>
<format>text/x-wiki</format>
<text bytes="334" xml:space="preserve">={{-nl-}}=
==Substantivo==
'''aanval''', {{m}} {{p|aanvallen}}
#[[ataque]]
===Termos derivados===
*[[hartaanval]]
=={{pronúncia|nl}}==
* {{audio|Nl-aanval.ogg|lang=nl|Áudio}}
==Ver também==
===No Wikcionário===
*[[aanvallen]]
*[[Apêndice:As mil palavras mais usadas no idioma holandês]]
[[Categoria:Substantivo (Holandês)]]</text>
<sha1>8qil3q8mmkqi93rok497w85tsgbpxaz</sha1>
</revision>
