<page>
<page>
<title>Aap</title>
<ns>0</ns>
<id>33854</id>
<revision>
<id>2263206</id>
<parentid>1935718</parentid>
<timestamp>2017-04-26T12:45:35Z</timestamp>
<contributor>
<username>HydrizBot</username>
<id>29590</id>
</contributor>
<minor />
<comment>Robô: A limpar links interwikis antigos</comment>
<model>wikitext</model>
<format>text/x-wiki</format>
<text bytes="154" xml:space="preserve">={{-nds-}}=
==Substantivo==
Aap
# [[símio]]
# [[macaco]]
==Ver Também==
* {{de}}: [[Affe]]
* {{en}}: [[ape]]
[[Categoria:Substantivo (Baixo Saxão)]]</text>
<sha1>6hd2qq25pzfi3l4fjx2zrhxbyafs36r</sha1>
</revision>
