<page>
<title>aap</title>
<ns>0</ns>
<id>40428</id>
<revision>
<id>2513296</id>
<parentid>2282999</parentid>
<timestamp>2018-07-27T08:51:29Z</timestamp>
<contributor>
<username>ValJor</username>
<id>1358</id>
</contributor>
<comment>Um verbete a menos usando a [[Predefinição:flex.nl.masc|predefinição flex.nl.masc]]</comment>
<model>wikitext</model>
<format>text/x-wiki</format>
<text bytes="321" xml:space="preserve">={{-nl-}}=
==Substantivo==
{{flex.nl|ms=aap|mp=apen|d=aapje}} 
'''aap''', {{gramática|m}}
# [[macaco]]
=={{pronúncia|nl}}==
* [[AFI]]: ['ap]
==Ver também==
===No Wikcionário===
* [[Apêndice:As mil palavras mais usadas no idioma holandês]]
[[Categoria:Substantivo (Holandês)]]
[[Categoria:Mamífero (Holandês)]]</text>
<sha1>5nyudrik7l9dkkce1v4qbjf51efvk5h</sha1>
</revision>
</page>
