<page>
<page>
<title>aapakaaq</title>
<ns>0</ns>
<id>237354</id>
<revision>
<id>2283000</id>
<parentid>2216131</parentid>
<timestamp>2017-04-27T04:30:06Z</timestamp>
<contributor>
<username>HydrizBot</username>
<id>29590</id>
</contributor>
<minor />
<comment>Robô: A limpar links interwikis antigos</comment>
<model>wikitext</model>
<format>text/x-wiki</format>
<text bytes="302" xml:space="preserve">={{-kl-}}=
==Substantivo==
'''aapakaaq'''
# [[primata]]
==Ver também==
* [[arfeq]]
* [[aaveq]]
* [[amaroq]]
* [[marloraaq]]
* [[kukkukuuaraq]]
* [[løveq]]
* [[milakulaaq]]
* [[nanoq]]
* [[tiigeri]]
* [[imermiutarsuaq]]
[[Categoria:Substantivo (Groenlandês)]]
[[Categoria:Mamífero (Groenlandês)]]</text>
<sha1>8gmqbgakh8b4pkt25h2273raz6f77h5</sha1>
</revision>
