<page>
<page>
<title>aar</title>
<ns>0</ns>
<id>230555</id>
<revision>
<id>2283003</id>
<parentid>2243857</parentid>
<timestamp>2017-04-27T04:30:16Z</timestamp>
<contributor>
<username>HydrizBot</username>
<id>29590</id>
</contributor>
<minor />
<comment>Robô: A limpar links interwikis antigos</comment>
<model>wikitext</model>
<format>text/x-wiki</format>
<text bytes="130" xml:space="preserve">={{-af-}}=
==Substantivo==
'''aar'''
# [[veia]]
{{página-automática|Maio|2010|veia|af}}
[[Categoria:Substantivo (Africâner)]]</text>
<sha1>lrb0p7fhvlrsk24sd8rlgl58adxpfpn</sha1>
</revision>
