<page>
<title>aardrykskunde</title>
<ns>0</ns>
<id>98116</id>
<revision>
<id>2670429</id>
<parentid>2283011</parentid>
<timestamp>2022-04-03T21:44:35Z</timestamp>
<contributor>
<username>ValJor</username>
<id>1358</id>
</contributor>
<comment>Substituindo a [[Especial:Páginas_afluentes/Predefinição:escopoCat|predefinição escopoCat]] por escopo</comment>
<model>wikitext</model>
<format>text/x-wiki</format>
<text bytes="1199" xml:space="preserve">{{Wikipédia|lang=af}}
={{-af-}}=
==Substantivo==
'''aar.dryk.skun.de'''
# {{escopo|af|Ciência}} [[geografia]]
===Expressões===
* '''menslike aardrykskunde''': [[geografia#Fraseologia|geografia humana]]
* '''politiese aardrykskunde''': [[geografia#Fraseologia|geografia política]]
==={{PEPB|Sinónimos|Sinônimos|inline=1}}===
* [[geografie#{{af}}|geografie]]
===Verbetes derivados===
{{verTambém.Ini}}
* {{link opcional|aardrykskundige|af}}
{{verTambém.Fim}}
=={{etimologia|af}}==
: {{escopo|Morfologia}} {{etimo|af|aarde}}, &quot;[[terra]]&quot; + {{etimo|af|ryks}}, [[genitivo]] de {{etimo|af|ryk}}, + {{etimo|af|-kunde}}, &quot;[[ciência]]&quot;.
==Ver também==
===No Wikcionário===
{{verTambém.Ini}}
* {{link opcional|aardmeetkunde|af}}
* {{link opcional|biogeografie|af}}
{{verTambém.NovaColuna}}
* {{link opcional|geologie|af}}
* {{link opcional|geomorfologie|af}}
{{verTambém.NovaColuna}}
* {{link opcional|hidrologie|af}}
* {{link opcional|kartografie|af}}
{{verTambém.NovaColuna}}
* {{link opcional|paleogeografie|af}}
* {{link opcional|paleontologie|af}}
{{verTambém.Fim}}
[[Categoria:Substantivo (Africâner)]]
[[Categoria:Polissílabo (Africâner)]]
[[Categoria:Geografia (Africâner)]]</text>
<sha1>6dhbtefi5uor7e7c0dqwiloj4k4nj7f</sha1>
</revision>
</page>
