<page>
<title>aardvarks</title>
<ns>0</ns>
<id>431067</id>
<revision>
<id>2624058</id>
<timestamp>2021-02-18T16:53:57Z</timestamp>
<contributor>
<username>Manandez</username>
<id>47395</id>
</contributor>
<comment>Nova entrada.</comment>
<model>wikitext</model>
<format>text/x-wiki</format>
<text bytes="203" xml:space="preserve">={{-pt-}}=
==Forma de substantivo==
{{flex.pt|ms=aardvark|mp=aardvarks}}
'''aardvark''', {{gramática|mp}}
# forma plural de [[aardvark]]
{{avi-for-fle|aardvark}}
[[Categoria:Substantivo (Português)]]</text>
<sha1>ccv4syt0ixz4vhh0qp4truxn9676yix</sha1>
</revision>
</page>
