<page>
<page>
<title>aardig</title>
<ns>0</ns>
<id>268520</id>
<revision>
<id>2283009</id>
<parentid>2251081</parentid>
<timestamp>2017-04-27T04:30:47Z</timestamp>
<contributor>
<username>HydrizBot</username>
<id>29590</id>
</contributor>
<minor />
<comment>Robô: A limpar links interwikis antigos</comment>
<model>wikitext</model>
<format>text/x-wiki</format>
<text bytes="355" xml:space="preserve">={{-nl-}}=
==Advérbio==
'''aardig'''
#[[agradavelmente]]
#[[bastante]]
==Adjetivo==
'''aardig'''
#[[amigável]], [[simpático]]
#[[agradável]]
#[[considerável]], [[substancial]]
==Ver também==
===No Wikcionário===
*[[Apêndice:As mil palavras mais usadas no idioma holandês]]
[[Categoria:Adjetivo (Holandês)]]
[[Categoria:Advérbio (Holandês)]]</text>
<sha1>8efso5ghwd7x59pj2bbijdbjnprkl6j</sha1>
</revision>
