<page>
<page>
<title>aarde</title>
<ns>0</ns>
<id>268390</id>
<revision>
<id>2283007</id>
<parentid>2255680</parentid>
<timestamp>2017-04-27T04:30:42Z</timestamp>
<contributor>
<username>HydrizBot</username>
<id>29590</id>
</contributor>
<minor />
<comment>Robô: A limpar links interwikis antigos</comment>
<model>wikitext</model>
<format>text/x-wiki</format>
<text bytes="345" xml:space="preserve">{{ver também|Aarde}}
={{-nl-}}=
==Substantivo==
'''aarde''', {{mf}} {{p|aardes}}
#[[terra]], [[solo]], [[chão]]
=={{pronúncia|nl}}==
* {{audio|Nl-aarde.ogg|lang=nl|Áudio}}
==Ver também==
===No Wikcionário===
*[[Apêndice:As mil palavras mais usadas no idioma holandês]]==Ver também==
*[[aarden]]
[[Categoria:Substantivo (Holandês)]]</text>
<sha1>inlo07qlehmmb378ilgavblznwcy7c2</sha1>
</revision>
