<page>
<title>aardrijkskunde</title>
<ns>0</ns>
<id>230798</id>
<revision>
<id>2283010</id>
<parentid>2243856</parentid>
<timestamp>2017-04-27T04:30:50Z</timestamp>
<contributor>
<username>HydrizBot</username>
<id>29590</id>
</contributor>
<minor />
<comment>Robô: A limpar links interwikis antigos</comment>
<model>wikitext</model>
<format>text/x-wiki</format>
<text bytes="572" xml:space="preserve">={{-nl-}}=
==Substantivo==
'''aardrijkskunde''', {{f}}
# [[geografia]]
===Sinónimo===
* [[geografie]]
==={{etimologia|nl}}===
:De {{etimo|nl|aardrijk}} + {{etimo|nl|kunde}}
==={{pronúncia|nl}}===
* {{áudio|Nl-aardrijkskunde.ogg|&quot;aardrijkskunde&quot;}}
==Ver também==
===No Wikcionário===
{{verTambém.Ini}}
* [[aardrijkskundig]]
{{verTambém.NovaColuna|25}}
* [[aardrijkskundige]]
{{verTambém.NovaColuna|25}}
* [[aardkunde]]
{{verTambém.NovaColuna|25}}
* [[aardwetenschap]]
{{verTambém.Fim}}
[[Categoria:Substantivo (Holandês)]]
[[Categoria:Ciência (Holandês)]]</text>
<sha1>gdn4f01qyi7560jeerd6fyc0dxq7ot3</sha1>
</revision>
</page>
