<page>
<title>aardes</title>
<ns>0</ns>
<id>268391</id>
<revision>
<id>2283008</id>
<parentid>1316113</parentid>
<timestamp>2017-04-27T04:30:43Z</timestamp>
<contributor>
<username>HydrizBot</username>
<id>29590</id>
</contributor>
<minor />
<comment>Robô: A limpar links interwikis antigos</comment>
<model>wikitext</model>
<format>text/x-wiki</format>
<text bytes="143" xml:space="preserve">={{-nl-}}=
==Forma de substantivo==
'''aardes''', {{p}}
#plural de '''[[aarde#{{nl}}|aarde]]'''
[[Categoria:Forma de substantivo (Holandês)]]</text>
<sha1>kbmt2kvfztxsvvs2x262rgo5y3cre4c</sha1>
</revision>
</page>
