<page>
<title>aardwolwe</title>
<ns>0</ns>
<id>431068</id>
<revision>
<id>2624060</id>
<timestamp>2021-02-18T17:00:14Z</timestamp>
<contributor>
<username>Manandez</username>
<id>47395</id>
</contributor>
<comment>Nova entrada.</comment>
<model>wikitext</model>
<format>text/x-wiki</format>
<text bytes="213" xml:space="preserve">={{-af-}}=
==Forma de substantivo==
{{flex.pt|ms=aardwolf|mp=aardwolwe}}
'''aardwolwe''', {{gramática|mp}}
# forma plural de [[aardwolf]]
{{avi-for-fle|aardwolf}}
[[Categoria:Forma de substantivo (Africâner)]]</text>
<sha1>ovh5rtdwk3kfs8rfbx2tuwygy89emq7</sha1>
</revision>
</page>
