<page>
<title>Aari</title>
<ns>0</ns>
<id>17765</id>
<revision>
<id>2453443</id>
<parentid>2263208</parentid>
<timestamp>2017-10-04T13:09:54Z</timestamp>
<contributor>
<username>Spanier</username>
<id>43713</id>
</contributor>
<comment>estilo</comment>
<model>wikitext</model>
<format>text/x-wiki</format>
<text bytes="1541" xml:space="preserve">{{ver também|aari}}
{{Wikipédia|lang=de}}
{{Wikipédia|lang=en}}
={{-de-}}=
==Substantivo==
'''Aari''''' ''(forma alternativa: [[Ari]])''
# {{escopo|de|gentílico}} [[etnia]] [[que]] [[habitar|habita]] [[a#Artigo|a]] [[Etiópia]]
# {{escopo|de|língua}} [[idioma]] [[omótico]] [[falado]] [[por]] [[esse]] [[povo]] ([[w:ISO 639|código de língua ISO 639-3]]: '''[[aiz]]''')
[[Categoria:Substantivo (Alemão)]]
={{-nl-}}=
==Substantivo==
'''Aari''' ''(forma alternativa: [[Aarai]], [[Ara]], [[Ari]], [[Aro]])''
# {{escopo|nl|língua}} [[idioma]] [[omótico]] [[falado]] [[na]] [[Etiópia]] ([[w:ISO 639|código de língua ISO 639-3]]: '''[[aiz]]''')
[[Categoria:Substantivo (Holandês)]]
={{-en-}}=
==Substantivo==
'''Aari''' ''(forma alternativa: [[Aarai]], [[Ara]], [[Ari]], [[Aro]])''
# {{escopo|en|língua}} [[idioma]] [[omótico]] [[falado]] [[na]] [[Etiópia]] ([[w:ISO 639|código de língua ISO 639-3]]: '''[[aiz]]''')
[[Categoria:Substantivo (Inglês)]]
={{-li-}}=
==Substantivo==
'''Aari'''
# {{escopo|li|língua}} [[idioma]] [[omótico]] [[falado]] [[na]] [[Etiópia]] ([[w:ISO 639|código de língua ISO 639-3]]: '''[[aiz]]''')
[[Categoria:Substantivo (Limburguês)]]
={{-zea-}}=
==Substantivo==
'''Aari''' ''(forma alternativa: [[Aarai]], [[Ara]], [[Ari]], [[Aro]])''
# [[etnia]] [[que]] [[habitar|habita]] [[a#Artigo|a]] [[Etiópia]]
# {{escopo|li|língua}} [[idioma]] [[omótico]] [[falado]] [[por]] [[esse]] [[povo]] ([[w:ISO 639|código de língua ISO 639-3]]: '''[[aiz]]''')
[[Categoria:Substantivo (Zelandês)]]</text>
<sha1>dq008f69pypn3tadue2yhqs7l9sc0h3</sha1>
</revision>
</page>
