<page>
<page>
<title>Aaron</title>
<ns>0</ns>
<id>6040</id>
<revision>
<id>2690277</id>
<parentid>2690266</parentid>
<timestamp>2022-10-26T00:43:23Z</timestamp>
<contributor>
<username>ValJor</username>
<id>1358</id>
</contributor>
<minor />
<comment>Revertidas edições por [[Especial:Contribuições/2804:D41:AB16:5700:19CD:F1CF:8686:A499|2804:D41:AB16:5700:19CD:F1CF:8686:A499]] para a última versão por [[Especial:Contribuições/HydrizBot|HydrizBot]]</comment>
<model>wikitext</model>
<format>text/x-wiki</format>
<text bytes="9253" xml:space="preserve">={{-de-}}=
{{Wikipédia|lang=de}}
==Substantivo==
'''Aaron''', {{pr}} {{m}}
# [[Aarão]]
# [[irmão|Irmão]] de [[w:Moisés|Moisés]] e primeiro [[sumo sacerdote]] dos [[hebreus]]
=={{etimologia|de}}==
:Do [[latim]] {{etimo|la|Aaron}}, que veio por sua vez do [[grego antigo]] {{etimo|grc|Ααρών}} ''(Aarón)'' e que por fim veio do [[hebraico]] {{etimo|he|אַהֲרֹן}} ''(’Ahărōn)''.
=={{pronúncia|de}}==
* [[AFI]]: {{AFI|/ˈʔaːʀɔn/}}.
: '''Áudio''': {{ouvir|De-Aaron.ogg|&quot;Aaron&quot;}}
[[Categoria:Substantivo (Alemão)]]
[[Categoria:Antropônimo (Alemão)]]
[[Categoria:Entrada com áudio (Alemão)]]
[[Categoria:Entrada de étimo latino (Alemão)]]
[[Categoria:Religião (Alemão)]]
={{-nds-}}=
{{Wikipédia|lang=nds}}
==Substantivo==
'''Aaron''', {{pr}} {{m}}
# [[Aarão]]
# [[irmão|Irmão]] de [[w:Moisés|Moisés]] e primeiro [[sumo sacerdote]] dos [[hebreus]]
=={{etimologia|nds}}==
:Do [[latim]] {{etimo|la|Aaron}}, que veio por sua vez do [[grego antigo]] {{etimo|grc|Ααρών}} ''(Aarón)'' e que por fim veio do [[hebraico]] {{etimo|he|אַהֲרֹן}} ''(’Ahărōn)''.
[[Categoria:Substantivo (Baixo Saxão)]]
[[Categoria:Antropônimo (Baixo Saxão)]]
[[Categoria:Entrada de étimo latino (Baixo Saxão)]]
[[Categoria:Religião (Baixo Saxão)]]
={{-br-}}=
{{Wikipédia|lang=br}}
==Substantivo==
'''Aaron''', {{pr}} {{m}}
# [[Aarão]]
# [[irmão|Irmão]] de [[w:Moisés|Moisés]] e primeiro [[sumo sacerdote]] dos [[hebreus]]
=={{etimologia|br}}==
:Do [[latim]] {{etimo|la|Aaron}}, que veio por sua vez do [[grego antigo]] {{etimo|grc|Ααρών}} ''(Aarón)'' e que por fim veio do [[hebraico]] {{etimo|he|אַהֲרֹן}} ''(’Ahărōn)''.
=={{pronúncia|br}}==
* [[AFI]]: {{AFI|/ˈaː.ʁɔn/}}.
[[Categoria:Substantivo (Bretão)]]
[[Categoria:Antropônimo (Bretão)]]
[[Categoria:Entrada de étimo latino (Bretão)]]
[[Categoria:Religião (Bretão)]]
={{-ca-}}=
{{Wikipédia|lang=ca}}
==Substantivo==
'''Aaron''', {{pr}} {{m}}
# [[Aarão]]
# [[irmão|Irmão]] de [[w:Moisés|Moisés]] e primeiro [[sumo sacerdote]] dos [[hebreus]]
=={{etimologia|ca}}==
:Do [[latim]] {{etimo|la|Aaron}}, que veio por sua vez do [[grego antigo]] {{etimo|grc|Ααρών}} ''(Aarón)'' e que por fim veio do [[hebraico]] {{etimo|he|אַהֲרֹן}} ''(’Ahărōn)''.
===Variante===
{{verTambém.Ini}}
* [[Aaró]]
{{verTambém.Fim}}
[[Categoria:Substantivo (Catalão)]]
[[Categoria:Antropônimo (Catalão)]]
[[Categoria:Entrada de étimo latino (Catalão)]]
[[Categoria:Religião (Catalão)]]
={{-eo-}}=
==Radical==
'''A.a.{{grifar|ron}}'''
# [[relacionado]] [[a#Preposição|a]] [[Aarão]]
# [[Aarão]]
# [[irmão|Irmão]] de [[w:Moisés|Moisés]] e primeiro [[sumo sacerdote]] dos [[hebreus]]
=={{etimologia|eo}}==
:Do [[latim]] {{etimo|la|Aaron}}, que veio por sua vez do [[grego antigo]] {{etimo|grc|Ααρών}} ''(Aarón)'' e que por fim veio do [[hebraico]] {{etimo|he|אַהֲרֹן}} ''(’Ahărōn)''.
{{etimo.eo|Aaron|-o}}
===Variante===
{{verTambém.Ini}}
* [[Aarono]]
{{verTambém.Fim}}
[[Categoria:Radical (Esperanto)]]
[[Categoria:Trissílabo (Esperanto)]]
[[Categoria:Entrada de étimo latino (Esperanto)]]
[[Categoria:Antropônimo (Esperanto)]]
={{-et-}}=
{{Wikipédia|lang=et}}
==Substantivo==
'''Aaron''', {{pr}} {{m}}
# [[Aarão]]
# [[irmão|Irmão]] de [[w:Moisés|Moisés]] e primeiro [[sumo sacerdote]] dos [[hebreus]]
=={{etimologia|et}}==
:Do [[latim]] {{etimo|la|Aaron}}, que veio por sua vez do [[grego antigo]] {{etimo|grc|Ααρών}} ''(Aarón)'' e que por fim veio do [[hebraico]] {{etimo|he|אַהֲרֹן}} ''(’Ahărōn)''.
[[Categoria:Substantivo (Estoniano)]]
[[Categoria:Antropônimo (Estoniano)]]
[[Categoria:Entrada de étimo latino (Estoniano)]]
[[Categoria:Religião (Estoniano)]]
={{-fi-}}=
{{Wikipédia|lang=fi}}
==Substantivo==
'''Aaron''', {{pr}} {{m}}
# [[Aarão]]
# [[irmão|Irmão]] de [[w:Moisés|Moisés]] e primeiro [[sumo sacerdote]] dos [[hebreus]]
=={{etimologia|fi}}==
:Do [[latim]] {{etimo|la|Aaron}}, que veio por sua vez do [[grego antigo]] {{etimo|grc|Ααρών}} ''(Aarón)'' e que por fim veio do [[hebraico]] {{etimo|he|אַהֲרֹן}} ''(’Ahărōn)''.
=={{pronúncia|fi}}==
* [[AFI]]: {{AFI|/ɑːron/}}.
===Variante===
{{verTambém.Ini}}
* {{link opcional|Aaro|fi}}
{{verTambém.Fim}}
[[Categoria:Substantivo (Finlandês)]]
[[Categoria:Antropônimo (Finlandês)]]
[[Categoria:Entrada de étimo latino (Finlandês)]]
[[Categoria:Religião (Finlandês)]]
={{-fr-}}=
{{Wikipédia|lang=fr}}
==Substantivo==
'''Aaron''', {{pr}} {{m}}
# [[Aarão]]
# [[irmão|Irmão]] de [[w:Moisés|Moisés]] e primeiro [[sumo sacerdote]] dos [[hebreus]]
=={{etimologia|fr}}==
:Do [[latim]] {{etimo|la|Aaron}}, que veio por sua vez do [[grego antigo]] {{etimo|grc|Ααρών}} ''(Aarón)'' e que por fim veio do [[hebraico]] {{etimo|he|אַהֲרֹן}} ''(’Ahărōn)''.
=={{pronúncia|fr}}==
* [[AFI]]: {{AFI|/a.a.ʁɔ̃/}}.
===Termos derivados===
{{verTambém.Ini}}
* [[aroniste]]
* [[aronite]]
{{verTambém.Fim}}
[[Categoria:Substantivo (Francês)]]
[[Categoria:Antropônimo (Francês)]]
[[Categoria:Entrada de étimo latino (Francês)]]
[[Categoria:Religião (Francês)]]
={{-en-}}=
{{Wikipédia|lang=en}}
==Substantivo==
'''Aaron''', {{pr}} {{m}}
# [[Aarão]]
# [[irmão|Irmão]] de [[w:Moisés|Moisés]] e primeiro [[sumo sacerdote]] dos [[hebreus]]
=={{etimologia|en}}==
:Do [[latim]] {{etimo|la|Aaron}}, que veio por sua vez do [[grego antigo]] {{etimo|grc|Ααρών}} ''(Aarón)'' e que por fim veio do [[hebraico]] {{etimo|he|אַהֲרֹן}} ''(’Ahărōn)''.
=={{pronúncia|en}}==
* [[AFI]]: {{AFI|/ærən/}}.
[[Categoria:Substantivo (Inglês)]]
[[Categoria:Antropônimo (Inglês)]]
[[Categoria:Entrada de étimo latino (Inglês)]]
[[Categoria:Religião (Inglês)]]
={{-ia-}}=
{{Wikipédia|lang=ia}}
==Substantivo==
'''Aaron''', {{pr}} {{m}}
# [[Aarão]]
# [[irmão|Irmão]] de [[w:Moisés|Moisés]] e primeiro [[sumo sacerdote]] dos [[hebreus]]
=={{etimologia|ia}}==
:Do [[latim]] {{etimo|la|Aaron}}, que veio por sua vez do [[grego antigo]] {{etimo|grc|Ααρών}} ''(Aarón)'' e que por fim veio do [[hebraico]] {{etimo|he|אַהֲרֹן}} ''(’Ahărōn)''.
[[Categoria:Substantivo (Interlíngua)]]
[[Categoria:Antropônimo (Interlíngua)]]
[[Categoria:Entrada de étimo latino (Interlíngua)]]
[[Categoria:Religião (Interlíngua)]]
={{-ga-}}=
==Substantivo Próprio==
'''Aaron''', {{pr}} {{m}}
# [[Aarão]]
# [[irmão|Irmão]] de [[w:Moisés|Moisés]] e primeiro [[sumo sacerdote]] dos [[hebreus]]
=={{etimologia|ga}}==
:Do [[latim]] {{etimo|la|Aaron}}, que veio por sua vez do [[grego antigo]] {{etimo|grc|Ααρών}} ''(Aarón)'' e que por fim veio do [[hebraico]] {{etimo|he|אַהֲרֹן}} ''(’Ahărōn)''.
===Variante===
{{verTambém.Ini}}
* [[Árón]]
{{verTambém.Fim}}
[[Categoria:Substantivo (Irlandês)]]
[[Categoria:Antropônimo (Irlandês)]]
[[Categoria:Entrada de étimo latino (Irlandês)]]
[[Categoria:Religião (Irlandês)]]
={{-la-}}=
==Substantivo==
'''Aaron''', {{pr}} {{m}}
# [[Aarão]]
# [[irmão|Irmão]] de [[w:Moisés|Moisés]] e primeiro [[sumo sacerdote]] dos [[hebreus]]
=={{etimologia|la}}==
:Do [[grego antigo]] {{etimo|grc|Ααρών}} ''(Aarón)'' e que por fim veio do [[hebraico]] {{etimo|he|אַהֲרֹן}} ''(’Ahărōn)''.
[[Categoria:Substantivo (Latim)]]
[[Categoria:Antropônimo (Latim)]]
[[Categoria:Entrada de étimo grego antigo (Latim)]]
[[Categoria:Religião (Latim)]]
={{-pl-}}=
{{Wikipédia|lang=pl}}
==Substantivo==
'''Aaron''', {{pr}} {{m}}
# [[Aarão]]
# [[irmão|Irmão]] de [[w:Moisés|Moisés]] e primeiro [[sumo sacerdote]] dos [[hebreus]]
=={{etimologia|pl}}==
:Do [[latim]] {{etimo|la|Aaron}}, que veio por sua vez do [[grego antigo]] {{etimo|grc|Ααρών}} ''(Aarón)'' e que por fim veio do [[hebraico]] {{etimo|he|אַהֲרֹן}} ''(’Ahărōn)''.
=={{pronúncia|pl}}==
* [[AFI]]: {{AFI|/ˈarɔn/}}.
: '''Áudio''': {{ouvir|Pl-Aaron.ogg|&quot;Aaron&quot;}}
[[Categoria:Substantivo (Polonês)]]
[[Categoria:Antropônimo (Polonês)]]
[[Categoria:Entrada com áudio (Polonês)]]
[[Categoria:Entrada de étimo latino (Polonês)]]
[[Categoria:Religião (Polonês)]]
={{-ro-}}=
{{Wikipédia|lang=ro}}
==Substantivo==
'''Aaron''', {{pr}} {{m}}
# [[Aarão]]
# [[irmão|Irmão]] de [[w:Moisés|Moisés]] e primeiro [[sumo sacerdote]] dos [[hebreus]]
=={{etimologia|ro}}==
:Do [[latim]] {{etimo|la|Aaron}}, que veio por sua vez do [[grego antigo]] {{etimo|grc|Ααρών}} ''(Aarón)'' e que por fim veio do [[hebraico]] {{etimo|he|אַהֲרֹן}} ''(’Ahărōn)''.
[[Categoria:Substantivo (Romeno)]]
[[Categoria:Antropônimo (Romeno)]]
[[Categoria:Entrada de étimo latino (Romeno)]]
[[Categoria:Religião (Romeno)]]
={{-tl-}}=
{{Wikipédia|lang=tl}}
==Substantivo==
'''Aaron''', {{pr}} {{m}}
# [[Aarão]]
# [[irmão|Irmão]] de [[w:Moisés|Moisés]] e primeiro [[sumo sacerdote]] dos [[hebreus]]
=={{etimologia|tl}}==
:Do [[latim]] {{etimo|la|Aaron}}, que veio por sua vez do [[grego antigo]] {{etimo|grc|Ααρών}} ''(Aarón)'' e que por fim veio do [[hebraico]] {{etimo|he|אַהֲרֹן}} ''(’Ahărōn)''.
[[Categoria:Substantivo (Tagalo)]]
[[Categoria:Antropônimo (Tagalo)]]
[[Categoria:Entrada de étimo latino (Tagalo)]]
[[Categoria:Religião (Tagalo)]]</text>
<sha1>jmgq6a6kzlxu0ukiotizmmzikzp490b</sha1>
</revision>
