<page>
<page>
<title>aarre</title>
<ns>0</ns>
<id>14548</id>
<revision>
<id>2283016</id>
<parentid>2243854</parentid>
<timestamp>2017-04-27T04:31:14Z</timestamp>
<contributor>
<username>HydrizBot</username>
<id>29590</id>
</contributor>
<minor />
<comment>Robô: A limpar links interwikis antigos</comment>
<model>wikitext</model>
<format>text/x-wiki</format>
<text bytes="91" xml:space="preserve">={{-fi-}}=
==Substantivo==
'''aarre'''
#[[tesouro]]
[[Categoria:Substantivo (Finlandês)]]</text>
<sha1>998y30jol3zrjrryb259m54lrdroe14</sha1>
</revision>
