<page>
<title>aaru</title>
<ns>0</ns>
<id>41845</id>
<revision>
<id>2624061</id>
<parentid>2283017</parentid>
<timestamp>2021-02-18T17:08:07Z</timestamp>
<contributor>
<username>Manandez</username>
<id>47395</id>
</contributor>
<minor />
<comment>Predefinição + informação.</comment>
<model>wikitext</model>
<format>text/x-wiki</format>
<text bytes="848" xml:space="preserve">{{Wikipédia}}
={{-pt-}}=
==Substantivo&lt;sup&gt;1&lt;/sup&gt;==
{{oxítona|a|a|ru}}, {{gramática|ms}}
# {{escopo|pt|Mitologia}} [[lugar]] [[delicioso]] destinado à [[morada]] de [[herói]]s e das pessoas [[virtuosa]]s, depois de [[mortos]]
# parte dos [[inferno]]s para os [[pagãos]]
# correspondente aos [[Campos Elísios]] dos [[gregos]]
# o mesmo que [[aar]]
==={{etimologia|pt}}===
: Do egípcio ''aaru'' ([[canas]], [[juncos]]).
==Substantivo&lt;sup&gt;2&lt;/sup&gt;==
{{flex.pt|ms=aaru|mp=aarus}}
{{oxítona|a|a|ru}}
# {{escopo|pt|Brasileirismo|Culinária}} bolo da culinária [[nambiquara]] feito com um [[tatu]] [[moqueado]], [[triturado]] em [[pilão]] e [[amassado]] com [[farinha]]
==={{etimologia|pt}}===
: Do tupi.
[[Categoria:Substantivo (Português)]]
={{-kn-}}=
==Numeral==
'''aaru'''
# o número [[6]]
[[Categoria:Numeral cardinal (Canarês)]]</text>
<sha1>5mlcqj3z3ox8pwjxryseeqxzh66vtub</sha1>
</revision>
</page>
