<page>
<title>aarus</title>
<ns>0</ns>
<id>431069</id>
<revision>
<id>2624062</id>
<timestamp>2021-02-18T17:11:09Z</timestamp>
<contributor>
<username>Manandez</username>
<id>47395</id>
</contributor>
<comment>Nova entrada.</comment>
<model>wikitext</model>
<format>text/x-wiki</format>
<text bytes="193" xml:space="preserve">={{-pt-}}=
==Forma de substantivo==
{{flex.pt|ms=aaru|mp=aarus}}
{{oxítona|a|a|rus}}, {{gramática|mp}}
# forma plural de [[aaru]]
{{avi-for-fle|aaru}}
[[Categoria:Substantivo (Português)]]</text>
<sha1>och6et07t635xilg9vjbw3zn8smwdyh</sha1>
</revision>
</page>
