<page>
<title>aarônida</title>
<ns>0</ns>
<id>340906</id>
<revision>
<id>2624064</id>
<parentid>2047638</parentid>
<timestamp>2021-02-18T17:39:06Z</timestamp>
<contributor>
<username>Manandez</username>
<id>47395</id>
</contributor>
<minor />
<comment>Predefinição.</comment>
<model>wikitext</model>
<format>text/x-wiki</format>
<text bytes="372" xml:space="preserve">={{-pt-}}=
==Adjetivo==
{{flex.pt|s=aarônida|p=aarônidas}}
{{proparoxítona|a|a|rô|ni|da}}, {{gramática|c2g}}
# relativo a [[descendente]] de [[Aarão]]
[[Categoria:Adjetivo (Português)]]
==Substantivo==
{{flex.pt|s=aarônida|p=aarônidas}}
{{proparoxítona|a|a|rô|ni|da}}, {{gramática|c2g}}
# [[descendente]] de [[Aarão]]
[[Categoria:Substantivo (Português)]]</text>
<sha1>rfw7uuvpxzl47dcul5tw87hcd6ryb3j</sha1>
</revision>
</page>
