<page>
<page>
<title>aarónico</title>
<ns>0</ns>
<id>47323</id>
<revision>
<id>2283018</id>
<parentid>2047625</parentid>
<timestamp>2017-04-27T04:31:18Z</timestamp>
<contributor>
<username>HydrizBot</username>
<id>29590</id>
</contributor>
<minor />
<comment>Robô: A limpar links interwikis antigos</comment>
<model>wikitext</model>
<format>text/x-wiki</format>
<text bytes="386" xml:space="preserve">{{grafiaPtpt|aarônico}}
={{-pt-}}=
==Adjetivo== 
{{flex.pt|ms=aarónico|mp=aarónicos|fs=aarónica|fp=aarónicas}}
{{proparoxítona|a|a|ró|ni|co}}
# [[relativo]]  a [[Aarão]], [[irmão]]  de [[Moisés]] e [[primeiro]] [[sumo]] [[sacerdote]] do [[povo]] de [[Israel]]
==Ver também==
===Na Wikipédia===
* [[w:Aarão (Bíblia)|Aarão (Bíblia)]]
[[Categoria:Adjetivo (Português)]]</text>
<sha1>b5ud5jq1qxtj3z4oh2anta89eu30zsa</sha1>
</revision>
