<page>
<title>Aarón</title>
<ns>0</ns>
<id>274916</id>
<revision>
<id>2263212</id>
<parentid>2106018</parentid>
<timestamp>2017-04-26T12:45:56Z</timestamp>
<contributor>
<username>HydrizBot</username>
<id>29590</id>
</contributor>
<minor />
<comment>Robô: A limpar links interwikis antigos</comment>
<model>wikitext</model>
<format>text/x-wiki</format>
<text bytes="1117" xml:space="preserve">={{-es-}}=
{{Wikipédia|lang=es}}
==Substantivo==
'''Aaron''', {{gramática|pr|m}}
# [[Aarão]]
# [[irmão|Irmão]] de [[w:Moisés|Moisés]] e primeiro [[sumo sacerdote]] dos [[hebreus]]
=={{etimologia|es}}==
:Do {{etm|la|es}} {{etimo|la|Aaron}}, que veio por sua vez do [[grego]] {{etimo|el|Ααρών}} ''(Aarón)'' e que por fim veio do [[hebraico]] {{etimo|he|אַהֲרֹן}} ''(’Ahărōn)''.
=={{pronúncia}}==
* [[AFI]]: {{AFI|/a:.ˈɾon/}}.
={{-gl-}}=
{{Wikipédia|lang=gl}}
==Substantivo==
'''Aaron''', {{gramática|pr|m}}
# [[Aarão]]
# [[irmão|Irmão]] de [[w:Moisés|Moisés]] e primeiro [[sumo sacerdote]] dos [[hebreus]]
=={{etimologia|gl}}==
:Do {{etm|la|gl}} {{etimo|la|Aaron}}, que veio por sua vez do [[grego]] {{etimo|el|Ααρών}} ''(Aarón)'' e que por fim veio do [[hebraico]] {{etimo|he|אַהֲרֹן}} ''(’Ahărōn)''.
[[Categoria:Substantivo (Espanhol)]]
[[Categoria:Antropônimo (Espanhol)]]
[[Categoria:Entrada com pronúncia (Espanhol)]]
[[Categoria:Religião (Espanhol)]]
[[Categoria:Substantivo (Galego)]]
[[Categoria:Antropônimo (Galego)]]
[[Categoria:Religião (Galego)]]</text>
<sha1>c8zxhh3s5qm4dln9uii6tephhul4rvu</sha1>
</revision>
</page>
