<page>
<page>
<title>Aarão</title>
<ns>0</ns>
<id>257506</id>
<revision>
<id>2624063</id>
<parentid>2263211</parentid>
<timestamp>2021-02-18T17:37:22Z</timestamp>
<contributor>
<username>Manandez</username>
<id>47395</id>
</contributor>
<minor />
<comment>Predefinição + informação.</comment>
<model>wikitext</model>
<format>text/x-wiki</format>
<text bytes="1949" xml:space="preserve">{{Wikipédia}}
={{-pt-}}=
==Substantivo==
{{oxítona|A|a|rão}}, {{gramática|m|pr}}
# [[prenome]] [[masculino]]
# {{escopo|pt|Antropônimo|Religião}} irmão de [[w:Moisés|Moisés]] e primeiro sumo [[sacerdote]] dos [[hebreus]]
=== Tradução ===
{{tradini}}
*{{trad|de|Aaron}}
*{{trad|ar|هارون}} (hărūn)
*{{trad|hy|Ահարոն}} (Aharon)
*{{trad|nds|Aaron}}
*{{trad|be|Аарон}} (Aaron)
*{{trad|br|Aaron}}
*{{trad|bg|Аарон}} (Aaron)
*{{trad|ca|Aaron|Aaró}}
*{{trad|zh|亚伦}} (Yǎ lún)
*{{trad|hr|Aron}}
*{{trad|da|Aron}}
*{{trad|es|Aarón}}
*{{trad|eo|Aaron|Aarono}}
*{{trad|et|Aaron}}
*{{trad|fi|Aaron|Aaro}}
*{{trad|fr|Aaron}}
*{{trad|gl|Aarón}}
*{{trad|ka|არონი}} (aroni)
*{{trad|el|Ααρών}} (Aaró̱n)
*{{trad|grc|Ἀαρών}} (Aaró̱n)
*{{trad|haw|ʻĀʻālona}}
*{{trad|he|אהרן}} (’Ahărōn)
*{{trad|nl|Aäron}}
{{tradmeio}}
*{{trad|hu|Áron}}
*{{trad|yi|אהרן}}
*{{trad|yo|Áárọ́nì}}
*{{trad|id|Harun}}
*{{trad|en|Aaron}}
*{{trad|ia|Aaron}}
*{{trad|ga|Árón|Aaron}}
*{{trad|it|Aronne}}
*{{trad|ja|アロン}} (Aron)
*{{trad|la|Aaron}}
*{{trad|lt|Aronas}}
*{{trad|mt|Aron|Aronn}}
*{{trad|no|Aron}}
*{{trad|os|Аарон}} (Aaron)
*{{trad|pl|Aaron}}
*{{trad|ro|Aaron}}
*{{trad|ru|Аарон}} (Aaron)
*{{trad|sw|Aroni}}
*{{trad|sv|Aron}}
*{{trad|tl|Aaron}}
*{{trad|tr|Harun}}
*{{trad|wo|Aaroona}}
{{tradfim}}
=={{etimologia|pt}}==
{{llietimo|la|Aaron|pt|ponto=não}}, através do [[grego antigo]] {{etimo|grc|Ἀαρών}} ''(Aaró̱n)'' e, por fim, do [[hebraico]] {{etimo|he|אַהֲרֹן}} ''(’Ahărōn)'', que significa ''progenitor de mártires''.
===Variantes===
{{verTambém.Ini}}
* [[Arão]]
* [[Arraron]] ([[transliteração]] do [[hebraico]])
{{verTambém.NovaColuna|53}}
* [[aarônico]]
* [[aarónico]]
{{verTambém.Fim}}
===Termos Relacionados===
{{verTambém.Ini}}
* [[bíblia]]
* [[aarônidas]]
* [[aaronita]]
{{verTambém.Fim}}
[[Categoria:Substantivo (Português)]]</text>
<sha1>mr9wv4rohnhpw936pnydfhemfqs1twy</sha1>
</revision>
