<page>
<title>aas</title>
<ns>0</ns>
<id>5088</id>
<revision>
<id>2283020</id>
<parentid>2243853</parentid>
<timestamp>2017-04-27T04:31:24Z</timestamp>
<contributor>
<username>HydrizBot</username>
<id>29590</id>
</contributor>
<minor />
<comment>Robô: A limpar links interwikis antigos</comment>
<model>wikitext</model>
<format>text/x-wiki</format>
<text bytes="223" xml:space="preserve">={{-tet-}}=
==Substantivo==
'''aas'''
# [[alto]]
[[Categoria:Substantivo (Tétum)]]
={{-tli-}}=
==Substantivo==
'''aas'''
# [[árvore]]
# [[pinheiro]]
[[Categoria:Substantivo (Tlingit)]]
[[Categoria:Natureza (Tlingit)]]</text>
<sha1>5ooliglprebflmawyt3mc6ejlbmnwif</sha1>
</revision>
</page>
