<page>
<title>Aasfliegen</title>
<ns>0</ns>
<id>144590</id>
<revision>
<id>2451692</id>
<parentid>2263214</parentid>
<timestamp>2017-09-22T13:22:34Z</timestamp>
<contributor>
<username>Spanier</username>
<id>43713</id>
</contributor>
<comment>estilo</comment>
<model>wikitext</model>
<format>text/x-wiki</format>
<text bytes="215" xml:space="preserve">={{-de-}}=
==Forma de substantivo==
'''Aas.{{grifar|flie}}.gen''', {{f}}
#plural de '''[[Aasfliege]]'''
=={{pronúncia|de}}==
* [[AFI]]: {{AFI|/ˈaːsˌfliːɡn̩/|de}}
[[Categoria:Forma de substantivo (Alemão)]]</text>
<sha1>73x33tur419b4v3q70lqxcvvr2xiq8c</sha1>
</revision>
</page>
