<page>
<title>aasialainen</title>
<ns>0</ns>
<id>106517</id>
<revision>
<id>2283024</id>
<parentid>2253275</parentid>
<timestamp>2017-04-27T04:31:40Z</timestamp>
<contributor>
<username>HydrizBot</username>
<id>29590</id>
</contributor>
<minor />
<comment>Robô: A limpar links interwikis antigos</comment>
<model>wikitext</model>
<format>text/x-wiki</format>
<text bytes="1360" xml:space="preserve">={{-fi-}}=
==Adjetivo==
'''{{grifar|aa}}.si.a.lai.nen''' (''[[comparativo]] '''{{link opcional|aasialaisempi|fi}}''''', ''[[superlativo]] '''{{link opcional|aasialaisin|fi}}''''')
# [[asiático]]
===Declinação===
{{decl.fi.adj.hevonen.completo|aasialai}}
==Substantivo==
'''{{grifar|aa}}.si.a.lai.nen'''
# [[asiático#Substantivo|asiático]]
===Declinação===
{{decl.fi.subst.hevonen|aasialai}}
=={{etimologia|fi}}==
:De {{etimo|fi|Aasia}}, &quot;[[Ásia]]&quot;, + {{etimo|fi|-lainen}}.
=={{pronúncia}}==
* [[AFI]]: {{AFI|/ˈɑː.si.ɑ.lɑi.ne̞n/}}
* [[X-SAMPA]]: /&quot;A:.si.A.lAi.ne_on/
==Ver também==
===No Wikcionário===
{{verTambém.Ini}}
* {{link opcional|afrikkalainen|fi}}
* {{link opcional|amerikkalainen|fi}}
{{verTambém.NovaColuna}}
* {{link opcional|eurooppalainen|fi}}
* {{link opcional|oseanialainen|fi}}
{{verTambém.Fim}}
===Referências===
{{verTambém.Ini}}
* [http://kaannos.com/haku-sanakirjasta-suomi-englanti-aasialainen.htm ''aasialainen'' no Kaannos.com (suomi-englanti) (em finlandês)]
* [http://www.sanakirja.org/search.php?q=aasialainen&amp;l=17&amp;l2=12 ''aasialainen'' no Sanakirja.org (em finlandês e inglês)]
{{verTambém.Fim}}
[[Categoria:Adjetivo (Finlandês)]]
[[Categoria:Substantivo (Finlandês)]]
[[Categoria:Polissílabo (Finlandês)]]
[[Categoria:Gentílico (Finlandês)]]
[[Categoria:Entrada com pronúncia (Finlandês)]]</text>
<sha1>c8agifwe8qu04woathpjwn23kixs9wp</sha1>
</revision>
</page>
