<page>
<title>Aasiya</title>
<ns>0</ns>
<id>229442</id>
<revision>
<id>2521317</id>
<parentid>2263218</parentid>
<timestamp>2018-10-05T16:24:00Z</timestamp>
<contributor>
<username>Defender</username>
<id>15952</id>
</contributor>
<comment>Acrescentando código de língua à [[:Categoria:!Página com mensagem de erro em predefinição|predefinição escopo]]</comment>
<model>wikitext</model>
<format>text/x-wiki</format>
<text bytes="112" xml:space="preserve">={{-so-}}=
==Substantivo==
'''Aasiya'''
# {{escopo|so|Continente}} [[Ásia]]
[[Categoria:Substantivo (Somali)]]</text>
<sha1>1cgx1lkzbuhv05t0zt5p2g3uxj5t4bc</sha1>
</revision>
</page>
