<page>
<page>
<title>aasi</title>
<ns>0</ns>
<id>14549</id>
<revision>
<id>2283022</id>
<parentid>2243158</parentid>
<timestamp>2017-04-27T04:31:32Z</timestamp>
<contributor>
<username>HydrizBot</username>
<id>29590</id>
</contributor>
<minor />
<comment>Robô: A limpar links interwikis antigos</comment>
<model>wikitext</model>
<format>text/x-wiki</format>
<text bytes="88" xml:space="preserve">={{-fi-}}=
==Substantivo==
'''aasi'''
#[[burro]]
[[Categoria:Substantivo (Finlandês)]]</text>
<sha1>nm7bf1czub4x67irly816g0q4ad7r7g</sha1>
</revision>
