<page>
<page>
<title>Aasije</title>
<ns>0</ns>
<id>152251</id>
<revision>
<id>2263217</id>
<parentid>1552697</parentid>
<timestamp>2017-04-26T12:46:16Z</timestamp>
<contributor>
<username>HydrizBot</username>
<id>29590</id>
</contributor>
<minor />
<comment>Robô: A limpar links interwikis antigos</comment>
<model>wikitext</model>
<format>text/x-wiki</format>
<text bytes="216" xml:space="preserve">={{-ksh-}}=
{{Wikipédia|lang=ksh}}
==Substantivo==
'''Aasije''', {{pr}}
#{{escopo|Geografia}} [[Ásia]]
==Ver também==
{{continentes/ksh}}
[[Categoria:Continente (Francônio)]]
[[Categoria:Topónimo (Francônio)]]</text>
<sha1>pn5ug697661e8i0m7mt2acfaw9d3n5e</sha1>
</revision>
