<page>
<title>Aasia</title>
<ns>0</ns>
<id>17771</id>
<revision>
<id>2263216</id>
<parentid>2242707</parentid>
<timestamp>2017-04-26T12:46:14Z</timestamp>
<contributor>
<username>HydrizBot</username>
<id>29590</id>
</contributor>
<minor />
<comment>Robô: A limpar links interwikis antigos</comment>
<model>wikitext</model>
<format>text/x-wiki</format>
<text bytes="1288" xml:space="preserve">{{ver também|aasia}}
={{-et-}}=
==Substantivo==
'''Aasia'''
#[[Ásia]]
==Ver também==
===No Wikcionário===
{{verTambém.Ini}}
*[[Aafrika]] (África)
*[[Ameerika]] (América)
*[[Antarktika]] (Antártida)
*[[Austraalia]] (Austrália)
*[[Euraasia]] (Eurásia)
{{verTambém.NovaColuna}}
*[[Euroopa]] (Europa)
*[[Lõuna-Ameerika]] (América do Sul)
*[[Okeaania]] (Oceania)
*[[Põhja-Ameerika]] (América do Norte)
{{verTambém.Fim}}
===Na Wikipédia===
*[[w:et:Aasia|Aasia]] na Wikipédia em estoniano.
={{-fi-}}=
==Substantivo==
'''Aasia'''
#[[Ásia]]
===Verbetes derivados===
*[[aasialainen]]
*[[aasialaisuus]]
*[[Etelä-Aasia]]
*[[Itä-Aasia]]
*[[Kaakkois-Aasia]]
*[[Keski-Aasia]]
*[[Vähä-Aasia]]
==Ver também==
===No Wikcionário===
{{verTambém.Ini}}
*[[Aafrika]] (África)
*[[Ameerika]] (América)
*[[Antarktika]] (Antártida)
*[[Austraalia]] (Austrália)
*[[Euraasia]] (Eurásia)
{{verTambém.NovaColuna}}
*[[Euroopa]] (Europa)
*[[Lõuna-Ameerika]] (América do Sul)
*[[Okeaania]] (Oceania)
*[[Põhja-Ameerika]] (América do Norte)
{{verTambém.Fim}}
===Na Wikipédia===
*[[w:fi:Aasia|Aasia]] na Wikipédia em finlandês.
[[Categoria:Continente (Estoniano)]]
[[Categoria:Substantivo (Estoniano)]]
[[Categoria:Continente (Finlandês)]]
[[Categoria:Substantivo (Finlandês)]]</text>
<sha1>kton230s7pzhtzvps0671b5syoj4r62</sha1>
</revision>
</page>
