<page>
<title>aaso</title>
<ns>0</ns>
<id>373277</id>
<revision>
<id>2229984</id>
<timestamp>2017-01-29T12:05:43Z</timestamp>
<contributor>
<username>Cpls</username>
<id>20608</id>
</contributor>
<comment>[[Ajuda:Guia de edição/Menus e ferramentas/Sumário de edição|→]] nova página: ={{-roa-gpm-}}= ==Substantivo== {{flex.roa-gpm|ms=aaso|mp=aasos}} {{paroxítona|a|a|so|lang=roa-gpm}}, {{g|m|...</comment>
<model>wikitext</model>
<format>text/x-wiki</format>
<text bytes="385" xml:space="preserve">={{-roa-gpm-}}=
==Substantivo==
{{flex.roa-gpm|ms=aaso|mp=aasos}}
{{paroxítona|a|a|so|lang=roa-gpm}}, {{g|m|lang=roa-gpm}}
# [[origem]], ocasião, motivo
==={{-varort-}}===
* [[aazo#Galego-Português Medival|aazo]]
=={{etimologia|roa-gpm}}==
{{llietimo|la|acies|roa-gpm}} Cognato do provençal {{etimo|pro|aize}} &quot;comodidade&quot;.
[[Categoria:Substantivo (Galego-Português Medieval)]]</text>
<sha1>qh4bc7rx02lb7ckuv3k5lvpepsvt8si</sha1>
</revision>
</page>
