<page>
<page>
<title>Aastriek</title>
<ns>0</ns>
<id>134153</id>
<revision>
<id>2263219</id>
<parentid>2163484</parentid>
<timestamp>2017-04-26T12:46:20Z</timestamp>
<contributor>
<username>HydrizBot</username>
<id>29590</id>
</contributor>
<minor />
<comment>Robô: A limpar links interwikis antigos</comment>
<model>wikitext</model>
<format>text/x-wiki</format>
<text bytes="203" xml:space="preserve">={{-stq-}}=
==Substantivo==
'''Aastriek''', {{pr}}
#{{escopo2|Geografia}} [[Áustria]]
==Ver também==
{{Europa/stq}}
[[Categoria:Substantivo (Frísio Oriental)]]
[[Categoria:País (Frísio Oriental)]]</text>
<sha1>efiqzaiqu8aqzv59r9wk2wao51nq0o3</sha1>
</revision>
