<page>
<title>aasta</title>
<ns>0</ns>
<id>85939</id>
<revision>
<id>2283025</id>
<parentid>2190790</parentid>
<timestamp>2017-04-27T04:31:47Z</timestamp>
<contributor>
<username>HydrizBot</username>
<id>29590</id>
</contributor>
<minor />
<comment>Robô: A limpar links interwikis antigos</comment>
<model>wikitext</model>
<format>text/x-wiki</format>
<text bytes="1643" xml:space="preserve">={{-et-}}=
==Substantivo==
'''aasta''' {{n}}
# [[ano]].
===Fraseologia===
* '''sideeriline aasta''': [[ano sideral]]
* '''troopiline aasta''': [[ano tropical]]
===Verbetes derivados===
{{verTambém.Ini}}
* {{link opcional|aasta aasta kõrval|et}}
* {{link opcional|aasta läbi|et}}
* {{link opcional|aasta otsa|et}}
* {{link opcional|aastaaeg|et}}
* {{link opcional|aastad kipuvad õhtule|et}}
* {{link opcional|aastais|et}}
* {{link opcional|aastakuub|et}}
* {{link opcional|aastakümme|et}}
* {{link opcional|aastane|et}}
* {{link opcional|aastaraamat|et}}
{{verTambém.NovaColuna}}
* {{link opcional|aastaring|et}}
* {{link opcional|aastarõngas|et}}
* {{link opcional|aastasada|et}}
* {{link opcional|aastast aastani|et}}
* {{link opcional|aastast aastasse|et}}
* {{link opcional|aastat|et}}
* {{link opcional|aastapäev|et}}
* {{link opcional|aastate eest|et}}
* {{link opcional|aastateks|et}}
* {{link opcional|aastates|et}}
{{verTambém.NovaColuna}}
* {{link opcional|aastati|et}}
* {{link opcional|aastatuhat|et}}
* {{link opcional|aastavammus|et}}
* {{link opcional|finantsaasta|et}}
* {{link opcional|kalendriaasta|et}}
* {{link opcional|kirikuaasta|et}}
* {{link opcional|lihtaasta|et}}
* {{link opcional|liigaasta|et}}
* {{link opcional|õppeaasta|et}}
{{verTambém.Fim}}
==Ver também==
===No Wikcionário===
{{verTambém.Ini}}
* [[Apêndice:Estações do ano]]
* [[Apêndice:Meses do ano|Apêndice:Meses do ano]]
{{verTambém.Fim}}
{{estações do ano/et}}
{{meses/et}}
[[Categoria:Substantivo (Estoniano)]]
[[Categoria:Dissílabo (Estoniano)]]
[[Categoria:Tempo (Estoniano)]]
[[Categoria:Entrada com etimologia (Estoniano)]]</text>
<sha1>1ulfz2y7zz9ndifsf1rkdg2nvnq5itm</sha1>
</revision>
</page>
