<page>
<page>
<title>aatelisto</title>
<ns>0</ns>
<id>99558</id>
<revision>
<id>2283029</id>
<parentid>2062001</parentid>
<timestamp>2017-04-27T04:31:57Z</timestamp>
<contributor>
<username>HydrizBot</username>
<id>29590</id>
</contributor>
<minor />
<comment>Robô: A limpar links interwikis antigos</comment>
<model>wikitext</model>
<format>text/x-wiki</format>
<text bytes="195" xml:space="preserve">={{-fi-}}=
==Substantivo==
'''aa.te.lis.to''' 
#[[nobreza]]
=={{etimologia|fi}}==
:{{escopo|Morfologia}} [[aateli]] + [[-sto]]
==Anagramas==
# [[taolaiset]]
[[Categoria:Substantivo (Finlandês)]]</text>
<sha1>ro0cx3bgpokuimqr3mmn5l4qo5gcpny</sha1>
</revision>
