<page>
<page>
<title>aath</title>
<ns>0</ns>
<id>238117</id>
<revision>
<id>2283030</id>
<parentid>1609378</parentid>
<timestamp>2017-04-27T04:31:59Z</timestamp>
<contributor>
<username>HydrizBot</username>
<id>29590</id>
</contributor>
<minor />
<comment>Robô: A limpar links interwikis antigos</comment>
<model>wikitext</model>
<format>text/x-wiki</format>
<text bytes="270" xml:space="preserve">={{-ccp-}}=
==Substantivo==
'''aath'''
# [[mão]]
==Ver também==
===No Wikcionário===
{{verTambém.Ini}}
* [[chok]]
* [[hulosara]]
{{verTambém.NovaColuna}}
* [[nhak]]
* [[uluhul]]
{{verTambém.Fim}}
[[Categoria:Substantivo (Chakma)]]
[[categoria:Anatomia (Chakma)]]</text>
<sha1>6potehflhrqb1wrvi82s93xx91rp0hc</sha1>
</revision>
