<page>
<page>
<title>aave</title>
<ns>0</ns>
<id>14550</id>
<revision>
<id>2283032</id>
<parentid>1943052</parentid>
<timestamp>2017-04-27T04:32:06Z</timestamp>
<contributor>
<username>HydrizBot</username>
<id>29590</id>
</contributor>
<minor />
<comment>Robô: A limpar links interwikis antigos</comment>
<model>wikitext</model>
<format>text/x-wiki</format>
<text bytes="92" xml:space="preserve">={{-fi-}}=
==Substantivo==
'''aa.ve'''
#[[fantasma]]
[[Categoria:Substantivo (Finlandês)]]</text>
<sha1>palptl9tknf91biq4eoq2rjnbmdzc27</sha1>
</revision>
