<page>
<title>aaveq</title>
<ns>0</ns>
<id>237353</id>
<revision>
<id>2283033</id>
<parentid>1950149</parentid>
<timestamp>2017-04-27T04:32:09Z</timestamp>
<contributor>
<username>HydrizBot</username>
<id>29590</id>
</contributor>
<minor />
<comment>Robô: A limpar links interwikis antigos</comment>
<model>wikitext</model>
<format>text/x-wiki</format>
<text bytes="300" xml:space="preserve">={{-kl-}}=
==Substantivo==
'''aaveq'''
# [[morsa]]
==Ver também==
* [[arfeq]]
* [[aapakaaq]]
* [[amaroq]]
* [[marloraaq]]
* [[kukkukuuaraq]]
* [[løveq]]
* [[milakulaaq]]
* [[nanoq]]
* [[tiigeri]]
* [[imermiutarsuaq]]
[[Categoria:Substantivo (Groenlandês)]]
[[Categoria:Mamífero (Groenlandês)]]</text>
<sha1>1800xxvgvpl0yqu4kuexhjwjpybaqrj</sha1>
</revision>
</page>
