<page>
<title>aavoras</title>
<ns>0</ns>
<id>431070</id>
<revision>
<id>2624068</id>
<timestamp>2021-02-18T17:49:38Z</timestamp>
<contributor>
<username>Manandez</username>
<id>47395</id>
</contributor>
<comment>Nova entrada.</comment>
<model>wikitext</model>
<format>text/x-wiki</format>
<text bytes="216" xml:space="preserve">={{-pt-}}=
==Forma de substantivo==
{{flex.pt|fs=aavora|fp=aavoras}}
{{paroxítona|a|a|vo|ras}}, {{gramática|fp}}
# forma plural de [[aavora]]
{{avi-for-fle|aavora}}
[[Categoria:Forma de substantivo (Português)]]</text>
<sha1>24yifcphc2oocpp8yyo7kr9mungycw8</sha1>
</revision>
</page>
