<page>
<page>
<title>aavora</title>
<ns>0</ns>
<id>61230</id>
<revision>
<id>2624067</id>
<parentid>2283035</parentid>
<timestamp>2021-02-18T17:45:53Z</timestamp>
<contributor>
<username>Manandez</username>
<id>47395</id>
</contributor>
<minor />
<comment>Predefinição.</comment>
<model>wikitext</model>
<format>text/x-wiki</format>
<text bytes="378" xml:space="preserve">={{-pt-}}=
==Substantivo==
{{flex.pt|fs=aavora|fp=aavoras}}
{{paroxítona|a|a|vo|ra}}, {{gramática|fs}}
# {{escopo|pt|Botânica}} [[dendezeiro]] (''Elaeis guineensis'')
==={{-varort-}}===
* [[aabora]]
==Ver também==
===No Wikcionário===
{{verTambém.Confrontar|albora}}
{{verTambém.Confrontar|arvora}}
{{verTambém.Confrontar|bora}}
[[Categoria:Substantivo (Português)]]</text>
<sha1>al4vh191sa34vfcdm74bqu9koro5knq</sha1>
</revision>
