<page>
<page>
<title>aaw</title>
<ns>0</ns>
<id>247996</id>
<revision>
<id>2283036</id>
<parentid>1367783</parentid>
<timestamp>2017-04-27T04:32:16Z</timestamp>
<contributor>
<username>HydrizBot</username>
<id>29590</id>
</contributor>
<minor />
<comment>Robô: A limpar links interwikis antigos</comment>
<model>wikitext</model>
<format>text/x-wiki</format>
<text bytes="608" xml:space="preserve">={{-cal-}}=
==Substantivo==
'''aaw'''
# [[boca]]
==Ver também==
===No Wikcionário===
{{verTambém.Ini}}
* [[bwoot]]
* [[ghumwusch]]
{{verTambém.NovaColuna}}
* [[maas]]
* [[móghur]]
{{verTambém.NovaColuna}}
* [[schiimw]]
* [[tcha]]
{{verTambém.Fim}}
[[Categoria:Substantivo (Caroliniano)]]
[[Categoria:Anatomia (Caroliniano)]]
={{-chk-}}=
==Substantivo==
'''aaw'''
# [[boca]]
==Ver também==
===No Wikcionário===
{{verTambém.Ini}}
* [[kumwuch]]
* [[maas]]
{{verTambém.NovaColuna}}
* [[peche]]
* [[senig]]
{{verTambém.Fim}}
[[Categoria:Substantivo (Truquês)]]
[[Categoria:Anatomia (Truquês)]]</text>
<sha1>6csgdlvh1stcint2j60c7x7o4kbwsvd</sha1>
</revision>
