<page>
<page>
<title>Aazje</title>
<ns>0</ns>
<id>152130</id>
<revision>
<id>2263220</id>
<parentid>1963690</parentid>
<timestamp>2017-04-26T12:46:23Z</timestamp>
<contributor>
<username>HydrizBot</username>
<id>29590</id>
</contributor>
<minor />
<comment>Robô: A limpar links interwikis antigos</comment>
<model>wikitext</model>
<format>text/x-wiki</format>
<text bytes="206" xml:space="preserve">={{-fy-}}=
{{Wikipédia|lang=fy}}
==Substantivo==
'''Aazje''', {{pr}}
#{{escopo|Geografia}} [[Ásia]]
==Ver também==
{{continentes/fy}}
[[Categoria:Continente (Frísio)]]
[[Categoria:Topónimo (Frísio)]]</text>
<sha1>6zg9gfutqg3si91yhlyjrlz8rkzhcwk</sha1>
</revision>
