<page>
<page>
<title>aazo</title>
<ns>0</ns>
<id>373276</id>
<revision>
<id>2600848</id>
<parentid>2229979</parentid>
<timestamp>2020-11-02T17:24:10Z</timestamp>
<contributor>
<ip>170.247.53.217</ip>
</contributor>
<comment>/* Substantivo */</comment>
<model>wikitext</model>
<format>text/x-wiki</format>
<text bytes="407" xml:space="preserve">={{-roa-gpm-}}=
==Substantivo==
{{flex.roa-gpm|ms=aazo|mp=aazos}}
{{paroxítona|a|a|zo|lang=roa-gpm}}, {{g|m|lang=roa-gpm}}
# [[origem]], ocasião, motivo, chance, oportunidade
==={{-varort-}}===
* [[aaso#Galego-Português Medival|aaso]]
=={{etimologia|roa-gpm}}==
{{llietimo|la|acies|roa-gpm}} Cognato do provençal {{etimo|pro|aize}} &quot;comodidade&quot;.
[[Categoria:Substantivo (Galego-Português Medieval)]]</text>
<sha1>2z4kk4p22qxgewn63fif8om79zq3p4g</sha1>
</revision>
