<page>
<title>aaçkakan</title>
<ns>0</ns>
<id>358035</id>
<revision>
<id>2283037</id>
<parentid>2100400</parentid>
<timestamp>2017-04-27T04:32:19Z</timestamp>
<contributor>
<username>HydrizBot</username>
<id>29590</id>
</contributor>
<minor />
<comment>Robô: A limpar links interwikis antigos</comment>
<model>wikitext</model>
<format>text/x-wiki</format>
<text bytes="167" xml:space="preserve">={{-gag-}}=
==Substantivo==
{{flex.gag|ms=aaçkakan|mp=ağaçkakannar}}
'''aaçkakan'''
# [[pica-pau]]
[[Categoria:Substantivo (Gagauz)]]
[[Categoria:Ave (Gagauz)]]</text>
<sha1>228q22goqgrosyxe0tsfacilhxv7uls</sha1>
</revision>
</page>
