<page>
<title>aba</title>
<ns>0</ns>
<id>1875</id>
<revision>
<id>2283053</id>
<parentid>2176792</parentid>
<timestamp>2017-04-27T04:33:22Z</timestamp>
<contributor>
<username>HydrizBot</username>
<id>29590</id>
</contributor>
<minor />
<comment>Robô: A limpar links interwikis antigos</comment>
<model>wikitext</model>
<format>text/x-wiki</format>
<text bytes="5818" xml:space="preserve">{{Wikipédia}}
={{-pt-}}=
==Substantivo==
{{flex.pt|fs=aba|fp=abas}}
{{paroxítona|a|ba}}, {{f}}, {{datação|século XIV}}
# [[parte]] [[saliente]] da [[beira]] das [[vestimenta]]s, ou outros materiais de pano, para uso das pessoas, tais como vestido, paletó, toldo etc
# [[borda]] de um [[chapéu]]
# [[margem]], [[beira]], [[costa]] que limita um [[mar]], [[rio]] ou [[lago]]
# {{escopo|Arquitetura}} [[extremidade]] ou [[parte]] [[saliente]] em [[obra]]s de [[carpintaria]], [[alvenaria]], [[serralheria]] etc; em geral, trata-se de prolongamento de tampo de móveis (mesas etc), geralmente que se pode dobrar, e ligado ao móvel por dobras pequenas
# {{escopo|Arquitetura}} qualquer prolongamento de telhado além da prumada das paredes
# {{escopo|Interface gráfica, Brasil}} elemento gráfico que representa um conjunto de dados cuja exibição está vinculada a uma área adjacente
# parte saliente de uma embalagem (caixa etc)
# parte saliente de um envelope
# duas partes salientes de uma fralda
# duas partes salientes de um absorvente feminino
# {{escopo|Bibliografia}} extremidade de capa e/ou sobrecapa de um livro, dobrada para dentro, em geral com texto impresso; serve para separar o texto em leitura
# beiras de um gargalo
# parte saliente de uma ficha de arquivo, para identificar o seu conteúdo
# parte saliente de uma pasta suspensa, para identificar o seu conteúdo
# parte inferior de uma montanha
===Sinônimos===
De '''2''' (borda de um chapéu):
{{verTambém.Ini}}
* [[borda]]
{{verTambém.NovaColuna}}
* [[rebordo]]
{{verTambém.Fim}}
De '''3''' (margem, beira, costa que limita):
{{verTambém.Ini}}
* [[beira]]
{{verTambém.NovaColuna}}
* [[borda]]
{{verTambém.NovaColuna}}
* [[orla]]
{{verTambém.Fim}}
De '''5''' (qualquer prolongamento de telhado):
{{verTambém.Ini}}
* [[beirada]]
{{verTambém.NovaColuna}}
* [[beirado]]
{{verTambém.NovaColuna}}
* [[beiral]]
{{verTambém.Fim}}
De '''6''' (elemento gráfico):
{{verTambém.Ini}}
* {{escopo|Brasil}} [[guia]]
{{verTambém.NovaColuna}}
* {{escopo|Portugal}} [[separador]]
{{verTambém.Fim}}
De '''11''' (extremidade de capa e/ou sobrecapa de um livro):
* [[orelha]]
===Expressões===
* '''[[aba corrida]]''': balcão ao longo da cimalha de um prédio.
* '''[[aba de bolso]]''': 
* '''[[aba de casaca]]''': 
* '''[[aba de chapéu]]: 
* '''[[aba de embalagem]]''': 
* '''[[aba de envelope]]''': 
* '''[[aba de ficha de arquivo]]''': 
* '''[[aba de mesa]]''': 
* '''[[aba de mosquiteiro]]''': 
* '''[[aba de pasta suspensa]]''': 
* '''[[aba de roupa]]''': 
* '''[[aba de telhado]]''': 
* '''[[aba de toldo]]''': 
* '''[[abas de absorvente]]: 
* '''[[abas de fralda]]''': 
* '''[[abas de gargalo]]''': 
* '''[[com abas]]''': 
===Tradução===
{{tradini|De 1 (parte da beira das vestimentas)}}
* {{trad|fr|pan}}
{{tradmeio}}
* {{trad|en|flap|lap}}
{{tradfim}}
{{tradini|De 2 (rebordo de chapéu)}}
* {{trad|de|Hutkrempe}}
* {{trad|ar|رَفْرَف القُبَّعَه}}
* {{trad|cs|krempa}}
* {{trad|zh|帽邊}} 
* Chinês simplificado : [[帽边]]
* {{trad|ko|챙}}
* {{trad|da|skygge}}
* {{trad|sk|strecha}}
* {{trad|sl|rob}}
* {{trad|es|falda}}
* {{trad|et|serv}}
* {{trad|fi|lieri}}
* {{trad|fr|bord}}
* {{trad|el|γείσο}}
* {{trad|nl|rand}}
{{tradmeio}}
* {{trad|hu|karima|perem}}
* {{trad|id|tepi topi}}
* {{trad|en|brim}}
* {{trad|is|hattbarð}}
* {{trad|it|falda|tesa}}
* {{trad|ja|帽子の|つば}}
* {{trad|lv|mala}}
* {{trad|lt|kraštai}}
* {{trad|no|brem}}
* {{trad|pl|rondo}}
* {{trad|ro|bor}}
* {{trad|ru|поля шляпы}}
* {{trad|sv|brätte}}
* {{trad|tr|kenar}}
{{tradfim}}
{{tradini|De 4 (extremidades em obras de carpintaria)}}
* {{trad|en|flap}}
{{tradmeio}}
{{tradfim}}
{{tradini|De 5 (prolongamento de telhado)}}
* {{trad|en|eaves}}
{{tradmeio}}
{{tradfim}}
{{tradini|De 6 (elemento gráfico)}}
* {{trad|es|pestaña}}
* {{trad|gl|lapela}}
{{tradmeio}}
* {{trad|en|tab}}
{{tradfim}}
{{tradini|De 7 (parte saliente de embalagem, caixa)}}
* {{trad|en|flap}}
{{tradmeio}}
{{tradfim}}
{{tradini|De 8 (parte saliente de envelope)}}
* {{trad|en|flap}}
{{tradmeio}}
{{tradfim}}
{{tradini|De 9 (partes salientes de uma fralda)}}
* {{trad|en|flap}}
{{tradmeio}}
{{tradfim}}
{{tradini|De 10 (partes salientes de um absorvente feminino)}}
* {{trad|en|flap}}
{{tradmeio}}
{{tradfim}}
{{tradini|De 11 (extremidade de capa e/ou contracapa de livro)}}
* {{trad|en|flap}}
{{tradmeio}}
{{tradfim}}
{{tradini|De 13 (parte saliente de ficha de arquivo)}}
* {{trad|en|tab}}
{{tradmeio}}
{{tradfim}}
{{tradini|De 14 (parte saliente de pasta suspensa)}}
* {{trad|en|tab}}
{{tradmeio}}
{{tradfim}}
{{tradini-checar}}
* {{trad|de|Rand|Krempe|Schleppe|Flansch|Klappe}}
* {{trad|es|aba|ala}}
* {{trad|eo|alo}}
{{tradmeio}}
* {{trad|fr|rebord}}
* {{trad|it|falda|ala|lembo|tesa|risvolto}}
{{tradfim}}
=={{pronúncia|pt}}==
===Brasil===
====Carioca====
* [[AFI]]:/ˈa.bɐ/
* [[X-SAMPA]]: /&quot;a.b6/
==Ver também==
===No Wikcionário===
{{verTambém.Ini}}
* [[chapeu]]
* [[chapéu]]
{{verTambém.NovaColuna}}
* [[extremidade]]
* [[vestimenta]]
{{verTambém.Fim}}
[[Categoria:Substantivo (Português)]]
[[Categoria:Arquitetura (Português)]]
[[Categoria:Interface gráfica (Português)]]
[[Categoria:Palíndromo (Português)]]
={{-bvc-}}=
==Substantivo==
'''aba'''
# [[mão]]
==Ver também==
===No Wikcionário===
{{verTambém.Ini}}
* [[lua]]
{{verTambém.NovaColuna}}
* [[mea]]
{{verTambém.NovaColuna}}
* [[oki]]
{{verTambém.Fim}}
[[Categoria:Substantivo (Baelelea)]]
[[Categoria:Falso cognato (Baelelea)]]
[[Categoria:Palíndromo (Baelelea)]]
[[Categoria:Anatomia (Baelelea)]]
={{-gmb-}}=
==Substantivo==
'''aba'''
# [[mão]]
==Ver também==
===No Wikcionário===
* [[gou]]
[[Categoria:Substantivo (Kwai)]]
[[Categoria:Falso cognato (Kwai)]]
[[Categoria:Palíndromo (Kwai)]]
[[Categoria:Anatomia (Kwai)]]</text>
<sha1>kb4epslcwcjh5oir46qfyd7gf4dc7xh</sha1>
</revision>
</page>
