<page>
<page>
<title>ababelaste</title>
<ns>0</ns>
<id>172597</id>
<revision>
<id>2283183</id>
<parentid>1966836</parentid>
<timestamp>2017-04-27T04:37:25Z</timestamp>
<contributor>
<username>HydrizBot</username>
<id>29590</id>
</contributor>
<minor />
<comment>Robô: A limpar links interwikis antigos</comment>
<model>wikitext</model>
<format>text/x-wiki</format>
<text bytes="198" xml:space="preserve">={{-pt-}}=
==Forma verbal==
'''ababelaste'''
#[[segunda pessoa]] do [[singular]] do [[pretérito perfeito]] do [[modo indicativo]] do verbo '''[[ababelar]]'''
[[Categoria:Forma verbal (Português)]]</text>
<sha1>287mqp1qd28hf0btkofr6ppqiajc0eg</sha1>
</revision>
