<page>
<page>
<title>ababalhamos</title>
<ns>0</ns>
<id>157166</id>
<revision>
<id>2538212</id>
<parentid>2283108</parentid>
<timestamp>2019-03-06T20:38:53Z</timestamp>
<contributor>
<username>ValJor</username>
<id>1358</id>
</contributor>
<comment>Acrescentando a predefinição avi-for-fle</comment>
<model>wikitext</model>
<format>text/x-wiki</format>
<text bytes="332" xml:space="preserve">={{-pt-}}=
==Forma verbal==
{{paroxítona|a|ba|ba|lha|mos}}
# primeira pessoa do plural do presente do modo indicativo do verbo [[ababalhar]]
# {{escopo2|grafia brasileira}} primeira pessoa do plural do pretérito perfeito do modo indicativo do verbo [[ababalhar]]
{{avi-for-fle|ababalhar}}
[[Categoria:Forma verbal (Português)]]</text>
<sha1>5uf1fvfz4jbkc5ucd26okhnvfzk88vh</sha1>
</revision>
