<page>
<title>ababalhem</title>
<ns>0</ns>
<id>215675</id>
<revision>
<id>2283141</id>
<parentid>1966786</parentid>
<timestamp>2017-04-27T04:36:06Z</timestamp>
<contributor>
<username>HydrizBot</username>
<id>29590</id>
</contributor>
<minor />
<comment>Robô: A limpar links interwikis antigos</comment>
<model>wikitext</model>
<format>text/x-wiki</format>
<text bytes="389" xml:space="preserve">={{-pt-}}=
==Forma verbal==
'''a.ba.&lt;u&gt;ba&lt;/u&gt;.lhem'''
#[[terceira pessoa]] do [[plural]] do [[presente]] do [[modo subjuntivo]] do verbo '''[[ababalhar]]'''
#[[terceira pessoa]] do [[plural]] do [[imperativo]] [[afirmativo]] do verbo '''[[ababalhar]]'''
#[[terceira pessoa]] do [[plural]] do [[imperativo]] [[negativo]] do verbo '''[[ababalhar]]'''
[[Categoria:Forma verbal (Português)]]</text>
<sha1>3deh8odl495w2lqdhts779bl261iu28</sha1>
</revision>
</page>
