<page>
<title>ababalharíamos</title>
<ns>0</ns>
<id>193066</id>
<revision>
<id>2283127</id>
<parentid>1966800</parentid>
<timestamp>2017-04-27T04:35:43Z</timestamp>
<contributor>
<username>HydrizBot</username>
<id>29590</id>
</contributor>
<minor />
<comment>Robô: A limpar links interwikis antigos</comment>
<model>wikitext</model>
<format>text/x-wiki</format>
<text bytes="195" xml:space="preserve">={{-pt-}}=
==Forma verbal==
'''a.ba.ba.lha.&lt;u&gt;rí&lt;/u&gt;.a.mos'''
#[[primeira pessoa]] do [[plural]] do [[futuro do pretérito]] do verbo '''[[ababalhar]]'''
[[Categoria:Forma verbal (Português)]]</text>
<sha1>ascu7b0svpgcpg3kcd1nbjmkajj4zde</sha1>
</revision>
</page>
