<page>
<title>ababelarem</title>
<ns>0</ns>
<id>212234</id>
<revision>
<id>2283167</id>
<parentid>1966852</parentid>
<timestamp>2017-04-27T04:36:58Z</timestamp>
<contributor>
<username>HydrizBot</username>
<id>29590</id>
</contributor>
<minor />
<comment>Robô: A limpar links interwikis antigos</comment>
<model>wikitext</model>
<format>text/x-wiki</format>
<text bytes="274" xml:space="preserve">={{-pt-}}=
==Forma verbal==
'''ababelarem'''
#[[terceira pessoa]] do [[plural]] do [[futuro]] do [[modo subjuntivo]] do verbo '''[[ababelar]]'''
#[[infinitivo pessoal]] da [[terceira pessoa]] do [[plural]] do verbo '''[[ababelar]]'''
[[Categoria:Forma verbal (Português)]]</text>
<sha1>jhtd7oq3k09h5i0a735e6s2uh988crk</sha1>
</revision>
</page>
