<page>
<title>ababeláreis</title>
<ns>0</ns>
<id>182766</id>
<revision>
<id>2283198</id>
<parentid>1966878</parentid>
<timestamp>2017-04-27T04:37:53Z</timestamp>
<contributor>
<username>HydrizBot</username>
<id>29590</id>
</contributor>
<minor />
<comment>Robô: A limpar links interwikis antigos</comment>
<model>wikitext</model>
<format>text/x-wiki</format>
<text bytes="199" xml:space="preserve">={{-pt-}}=
==Forma verbal==
{{paroxítona|a|ba|be|lá|reis}}
#[[segunda pessoa]] do [[plural]] do [[pretérito mais-que-perfeito]] do verbo '''[[ababelar]]'''
[[Categoria:Forma verbal (Português)]]</text>
<sha1>svdqe1maovwfqkwdo24labgcppzu5ef</sha1>
</revision>
</page>
