<page>
<page>
<title>ababades</title>
<ns>0</ns>
<id>219378</id>
<revision>
<id>2283094</id>
<parentid>1966739</parentid>
<timestamp>2017-04-27T04:34:42Z</timestamp>
<contributor>
<username>HydrizBot</username>
<id>29590</id>
</contributor>
<minor />
<comment>Robô: A limpar links interwikis antigos</comment>
<model>wikitext</model>
<format>text/x-wiki</format>
<text bytes="281" xml:space="preserve">={{-pt-}}=
==Forma verbal==
'''ababades'''
#[[segunda pessoa]] do [[singular]] do [[presente]] do [[modo subjuntivo]] do verbo '''[[ababadar]]'''
#[[segunda pessoa]] do [[singular]] do [[imperativo]] [[negativo]] do verbo '''[[ababadar]]'''
[[Categoria:Forma verbal (Português)]]</text>
<sha1>p9vd68mlwgkwyanflc4qj4jys571nsy</sha1>
</revision>
