<page>
<page>
<title>ababelámos</title>
<ns>0</ns>
<id>166559</id>
<revision>
<id>2283196</id>
<parentid>1966871</parentid>
<timestamp>2017-04-27T04:37:49Z</timestamp>
<contributor>
<username>HydrizBot</username>
<id>29590</id>
</contributor>
<minor />
<comment>Robô: A limpar links interwikis antigos</comment>
<model>wikitext</model>
<format>text/x-wiki</format>
<text bytes="283" xml:space="preserve">={{-pt-}}=
==Forma verbal==
{{paroxítona|a|ba|be|lá|mos}}
'''ababelámos'''
#{{escopo|grafia lusitana}} [[primeira pessoa]] do [[plural]] do [[pretérito perfeito]] do [[modo indicativo]] do verbo '''[[ababelar]]'''
[[Categoria:Forma verbal (Português)]]
[[Categoria:Lusitanismo]]</text>
<sha1>tpg6y7z3kz9zl43mpt0papcc9ymzpu6</sha1>
</revision>
