<page>
<title>Ababa</title>
<ns>0</ns>
<id>17776</id>
<revision>
<id>2593981</id>
<parentid>2263221</parentid>
<timestamp>2020-08-10T10:37:49Z</timestamp>
<contributor>
<username>EDITOR CAIO</username>
<id>77908</id>
</contributor>
<minor />
<comment>/* Substantivo */</comment>
<model>wikitext</model>
<format>text/x-wiki</format>
<text bytes="506" xml:space="preserve">[[Imagem:Addis Abeba.jpg|thumb|250px|'''Ababa''']]
{{ver também|ababa}}
={{-pt-}}=
==Substantivo==
{{paroxítona|A|ba|ba}}, {{pr}}
# {{escopo|pt|Geografia}} [[capital]] [[da]] [[Etiópia]]
===Sinónimos===
* [[Adis Abeba]]
=={{pronúncia|pt}}==
===Brasil===
* [[AFI]]: {{AFI|/ɐ.ˈba.bɐ/}}
* [[X-SAMPA]]: /6.&quot;ba.b6/
==Ver também==
===No Wikcionário===
{{capitais.África/pt}}
[[Categoria:Substantivo (Português)]]
[[Categoria:Topónimo (Português)]]
[[Categoria:Entrada com imagem (Português)]]</text>
<sha1>erbfm9zi6583wr81fchf0hq6l1v1xg8</sha1>
</revision>
</page>
