<page>
<title>ababelávamos</title>
<ns>0</ns>
<id>163846</id>
<revision>
<id>2283201</id>
<parentid>1966875</parentid>
<timestamp>2017-04-27T04:37:58Z</timestamp>
<contributor>
<username>HydrizBot</username>
<id>29590</id>
</contributor>
<minor />
<comment>Robô: A limpar links interwikis antigos</comment>
<model>wikitext</model>
<format>text/x-wiki</format>
<text bytes="220" xml:space="preserve">={{-pt-}}=
==Forma verbal==
{{proparoxítona|a|ba|be|lá|va|mos}}
#[[primeira pessoa]] do [[plural]] do [[pretérito imperfeito]] do [[modo indicativo]] do verbo '''[[ababelar]]'''
[[Categoria:Forma verbal (Português)]]</text>
<sha1>2gzmab9xe3953h2dswwyorur5e3yp6o</sha1>
</revision>
</page>
