<page>
<page>
<title>ababoles</title>
<ns>0</ns>
<id>142712</id>
<revision>
<id>2505004</id>
<parentid>2283204</parentid>
<timestamp>2018-05-30T09:22:36Z</timestamp>
<contributor>
<username>ValJor</username>
<id>1358</id>
</contributor>
<comment>Um verbete a menos usando a [[Predefinição:flex.es.masc|predefinição flex.es.masc]]</comment>
<model>wikitext</model>
<format>text/x-wiki</format>
<text bytes="244" xml:space="preserve">={{-es-}}=
==Forma de substantivo==
'''a.ba.{{grifar|bo}}.les'''
# plural de [[ababol]]
{{avi-for-fle|ababol}}
=={{pronúncia|es}}==
: [[AFI]]: /aβa'βoles/
[[Categoria:Forma de substantivo (Espanhol)]]
[[Categoria:Polissílabo (Espanhol)]]</text>
<sha1>4rfflk8zbv0le6frj8sfohapiw2dhse</sha1>
</revision>
