<page>
<page>
<title>ababelareis</title>
<ns>0</ns>
<id>189960</id>
<revision>
<id>2283166</id>
<parentid>1966853</parentid>
<timestamp>2017-04-27T04:36:56Z</timestamp>
<contributor>
<username>HydrizBot</username>
<id>29590</id>
</contributor>
<minor />
<comment>Robô: A limpar links interwikis antigos</comment>
<model>wikitext</model>
<format>text/x-wiki</format>
<text bytes="174" xml:space="preserve">={{-pt-}}=
==Forma verbal==
'''ababelareis'''
#[[segunda pessoa]] do [[plural]] do [[futuro do presente]] do verbo '''[[ababelar]]'''
[[Categoria:Forma verbal (Português)]]</text>
<sha1>7yu3cet8mkxepyf776ajid8bz64hn4l</sha1>
</revision>
