<page>
<title>ababadariam</title>
<ns>0</ns>
<id>196608</id>
<revision>
<id>2283072</id>
<parentid>1966761</parentid>
<timestamp>2017-04-27T04:34:02Z</timestamp>
<contributor>
<username>HydrizBot</username>
<id>29590</id>
</contributor>
<minor />
<comment>Robô: A limpar links interwikis antigos</comment>
<model>wikitext</model>
<format>text/x-wiki</format>
<text bytes="177" xml:space="preserve">={{-pt-}}=
==Forma verbal==
'''ababadariam'''
#[[terceira pessoa]] do [[plural]] do [[futuro do pretérito]] do verbo '''[[ababadar]]'''
[[Categoria:Forma verbal (Português)]]</text>
<sha1>l1yok9dwefqkmvlxhfugyxxz1tzc1x3</sha1>
</revision>
</page>
