<page>
<title>ababelem</title>
<ns>0</ns>
<id>216616</id>
<revision>
<id>2283191</id>
<parentid>1966828</parentid>
<timestamp>2017-04-27T04:37:40Z</timestamp>
<contributor>
<username>HydrizBot</username>
<id>29590</id>
</contributor>
<minor />
<comment>Robô: A limpar links interwikis antigos</comment>
<model>wikitext</model>
<format>text/x-wiki</format>
<text bytes="375" xml:space="preserve">={{-pt-}}=
==Forma verbal==
'''ababelem'''
#[[terceira pessoa]] do [[plural]] do [[presente]] do [[modo subjuntivo]] do verbo '''[[ababelar]]'''
#[[terceira pessoa]] do [[plural]] do [[imperativo]] [[afirmativo]] do verbo '''[[ababelar]]'''
#[[terceira pessoa]] do [[plural]] do [[imperativo]] [[negativo]] do verbo '''[[ababelar]]'''
[[Categoria:Forma verbal (Português)]]</text>
<sha1>mspawic46dvocykbih9l9d6f3zbao0s</sha1>
</revision>
</page>
