<page>
<title>ababalhei</title>
<ns>0</ns>
<id>170275</id>
<revision>
<id>2283139</id>
<parentid>1966788</parentid>
<timestamp>2017-04-27T04:36:03Z</timestamp>
<contributor>
<username>HydrizBot</username>
<id>29590</id>
</contributor>
<minor />
<comment>Robô: A limpar links interwikis antigos</comment>
<model>wikitext</model>
<format>text/x-wiki</format>
<text bytes="209" xml:space="preserve">={{-pt-}}=
==Forma verbal==
'''a.ba.ba.&lt;u&gt;lhei&lt;/u&gt;'''
#[[primeira pessoa]] do [[singular]] do [[pretérito perfeito]] do [[modo indicativo]] do verbo '''[[ababalhar]]'''
[[Categoria:Forma verbal (Português)]]</text>
<sha1>qk06622y5zbh16x8b2aq6qgozyfta6s</sha1>
</revision>
</page>
