<page>
<title>ababadáveis</title>
<ns>0</ns>
<id>168284</id>
<revision>
<id>2283103</id>
<parentid>1966782</parentid>
<timestamp>2017-04-27T04:34:57Z</timestamp>
<contributor>
<username>HydrizBot</username>
<id>29590</id>
</contributor>
<minor />
<comment>Robô: A limpar links interwikis antigos</comment>
<model>wikitext</model>
<format>text/x-wiki</format>
<text bytes="214" xml:space="preserve">={{-pt-}}=
==Forma verbal==
{{paroxítona|a|ba|ba|dá|veis}}
#[[segunda pessoa]] do [[plural]] do [[pretérito imperfeito]] do [[modo indicativo]] do verbo '''[[ababadar]]'''
[[Categoria:Forma verbal (Português)]]</text>
<sha1>0bqut8sme5ntp20ccydszivzi42bjmr</sha1>
</revision>
</page>
