<page>
<page>
<title>ababalharei</title>
<ns>0</ns>
<id>183343</id>
<revision>
<id>2283115</id>
<parentid>1966812</parentid>
<timestamp>2017-04-27T04:35:19Z</timestamp>
<contributor>
<username>HydrizBot</username>
<id>29590</id>
</contributor>
<minor />
<comment>Robô: A limpar links interwikis antigos</comment>
<model>wikitext</model>
<format>text/x-wiki</format>
<text bytes="189" xml:space="preserve">={{-pt-}}=
==Forma verbal==
'''a.ba.ba.lha.&lt;u&gt;rei&lt;/u&gt;'''
#[[primeira pessoa]] do [[singular]] do [[futuro do presente]] do verbo '''[[ababalhar]]'''
[[Categoria:Forma verbal (Português)]]</text>
<sha1>bxkofwabglwh2uutr0u2gb3d9ekko42</sha1>
</revision>
