<page>
<title>ababá</title>
<ns>0</ns>
<id>123215</id>
<revision>
<id>2655916</id>
<parentid>2158920</parentid>
<timestamp>2021-12-24T21:44:57Z</timestamp>
<contributor>
<username>ValJor</username>
<id>1358</id>
</contributor>
<comment>Retirando ligação para a predefinição mq para poder eliminá-la em seguida</comment>
<model>wikitext</model>
<format>text/x-wiki</format>
<text bytes="156" xml:space="preserve">={{-pt-}}=
==Substantivo==
{{oxítona|a|ba|bá}}, {{gramática|m}}
# {{escopo|pt|informal}} o mesmo que [[alguidar]]
[[Categoria:Substantivo (Português)]]</text>
<sha1>7u9jvq9eb6krjemgejyqcr66vyx2dnv</sha1>
</revision>
</page>
