<page>
<title>ababalhasse</title>
<ns>0</ns>
<id>205326</id>
<revision>
<id>2283130</id>
<parentid>1966797</parentid>
<timestamp>2017-04-27T04:35:48Z</timestamp>
<contributor>
<username>HydrizBot</username>
<id>29590</id>
</contributor>
<minor />
<comment>Robô: A limpar links interwikis antigos</comment>
<model>wikitext</model>
<format>text/x-wiki</format>
<text bytes="246" xml:space="preserve">={{-pt-}}=
==Forma verbal==
'''a.ba.ba.&lt;u&gt;lhas&lt;/u&gt;.se'''
#[[primeira pessoa|primeira]] e [[terceira pessoa]] do [[singular]] do [[pretérito imperfeito]] do [[modo subjuntivo]] do verbo '''[[ababalhar]]'''
[[Categoria:Forma verbal (Português)]]</text>
<sha1>t8jb4tmkhkz6s200z2ed7dzo2ihlsep</sha1>
</revision>
</page>
