<page>
<page>
<title>ababol</title>
<ns>0</ns>
<id>141629</id>
<revision>
<id>2505719</id>
<parentid>2491954</parentid>
<timestamp>2018-06-05T09:49:21Z</timestamp>
<contributor>
<username>ValJor</username>
<id>1358</id>
</contributor>
<comment>Um verbete a menos usando a [[Predefinição:flex.es.masc|predefinição flex.es.masc]]</comment>
<model>wikitext</model>
<format>text/x-wiki</format>
<text bytes="564" xml:space="preserve">={{-es-}}=
==Substantivo==
{{flex.es|ms=ababol|mp=ababoles|ms-div=a.ba.{{grifar|bol}}|mp-div=a.ba.{{grifar|bo}}.les}}
'''a.ba.{{grifar|bol}}''' {{gramática|m|lang=es}}
# [[papoula]]
# {{escopo|es|Figurado}} indivíduo [[distraído]], [[néscio]]
===Sinônimos===
* [[ababa]]
* [[adormidera]]
* [[amapola]]
=={{pronúncia|es}}==
* [[AFI]]: {{AFI|/aba'bol/es}}
==Ver também==
===No Wikcionário===
{{verTambém.Ini}}
* [[mentecato]]
{{verTambém.Fim}}
[[Categoria:Substantivo (Espanhol)]]
[[Categoria:Trissílabo (Espanhol)]]
[[Categoria:Botânica (Espanhol)]]</text>
<sha1>nvtis79gv2xpu30hg8unxocsn9mqhwq</sha1>
</revision>
