<page>
<title>ababalhares</title>
<ns>0</ns>
<id>207019</id>
<revision>
<id>2283119</id>
<parentid>1966808</parentid>
<timestamp>2017-04-27T04:35:28Z</timestamp>
<contributor>
<username>HydrizBot</username>
<id>29590</id>
</contributor>
<minor />
<comment>Robô: A limpar links interwikis antigos</comment>
<model>wikitext</model>
<format>text/x-wiki</format>
<text bytes="290" xml:space="preserve">={{-pt-}}=
==Forma verbal==
'''a.ba.ba.&lt;u&gt;lha&lt;/u&gt;.res'''
#[[segunda pessoa]] do [[singular]] do [[futuro]] do [[modo subjuntivo]] do verbo '''[[ababalhar]]'''
#[[infinitivo pessoal]] da [[segunda pessoa]] do [[singular]] do verbo '''[[ababalhar]]'''
[[Categoria:Forma verbal (Português)]]</text>
<sha1>jtamimm4gw815srswscaeyc0gf3om5x</sha1>
</revision>
</page>
