<page>
<page>
<title>ababelarmos</title>
<ns>0</ns>
<id>209428</id>
<revision>
<id>2283173</id>
<parentid>1966846</parentid>
<timestamp>2017-04-27T04:37:08Z</timestamp>
<contributor>
<username>HydrizBot</username>
<id>29590</id>
</contributor>
<minor />
<comment>Robô: A limpar links interwikis antigos</comment>
<model>wikitext</model>
<format>text/x-wiki</format>
<text bytes="275" xml:space="preserve">={{-pt-}}=
==Forma verbal==
'''ababelarmos'''
#[[primeira pessoa]] do [[plural]] do [[futuro]] do [[modo subjuntivo]] do verbo '''[[ababelar]]'''
#[[infinitivo pessoal]] da [[primeira pessoa]] do [[plural]] do verbo '''[[ababelar]]'''
[[Categoria:Forma verbal (Português)]]</text>
<sha1>npjwd98gu1oyrzzd3cx3ov4eckvoy91</sha1>
</revision>
