<page>
<page>
<title>ababas</title>
<ns>0</ns>
<id>142711</id>
<revision>
<id>2493349</id>
<parentid>2283153</parentid>
<timestamp>2018-04-04T18:18:14Z</timestamp>
<contributor>
<username>ValJor</username>
<id>1358</id>
</contributor>
<comment>Um verbete a menos usando a [[Predefinição:flex.es.fem|predefinição flex.es.fem]]</comment>
<model>wikitext</model>
<format>text/x-wiki</format>
<text bytes="237" xml:space="preserve">={{-es-}}=
==Forma de substantivo==
'''a.{{grifar|ba}}.bas'''
# plural de [[ababa]]
{{avi-for-fle|ababa}}
=={{pronúncia|es}}==
: [[AFI]]: /a'βaβas/
[[Categoria:Forma de substantivo (Espanhol)]]
[[Categoria:Polissílabo (Espanhol)]]</text>
<sha1>8unfbpxphfckhe3wulia5gcln2lzboa</sha1>
</revision>
