<page>
<page>
<title>ababelamos</title>
<ns>0</ns>
<id>158129</id>
<revision>
<id>2538210</id>
<parentid>2283158</parentid>
<timestamp>2019-03-06T20:34:21Z</timestamp>
<contributor>
<username>ValJor</username>
<id>1358</id>
</contributor>
<comment>Acrescentando a predefinição avi-for-fle</comment>
<model>wikitext</model>
<format>text/x-wiki</format>
<text bytes="328" xml:space="preserve">={{-pt-}}=
==Forma verbal==
{{paroxítona|a|ba|be|la|mos}}
# primeira pessoa do plural do presente do modo indicativo do verbo [[ababelar]]
# {{escopo2|grafia brasileira}} primeira pessoa do plural do pretérito perfeito do modo indicativo do verbo [[ababelar]]
{{avi-for-fle|ababelar}}
[[Categoria:Forma verbal (Português)]]</text>
<sha1>fz2tj8fa1n0e3s5xfdp1tkv3nic90ch</sha1>
</revision>
