<page>
<page>
<title>ababelaremos</title>
<ns>0</ns>
<id>188513</id>
<revision>
<id>2283168</id>
<parentid>1966851</parentid>
<timestamp>2017-04-27T04:37:00Z</timestamp>
<contributor>
<username>HydrizBot</username>
<id>29590</id>
</contributor>
<minor />
<comment>Robô: A limpar links interwikis antigos</comment>
<model>wikitext</model>
<format>text/x-wiki</format>
<text bytes="176" xml:space="preserve">={{-pt-}}=
==Forma verbal==
'''ababelaremos'''
#[[primeira pessoa]] do [[plural]] do [[futuro do presente]] do verbo '''[[ababelar]]'''
[[Categoria:Forma verbal (Português)]]</text>
<sha1>kt9boav1b08t7f0rjr1j9r02vtiedzw</sha1>
</revision>
