<page>
<title>ababelaria</title>
<ns>0</ns>
<id>192616</id>
<revision>
<id>2283170</id>
<parentid>1966849</parentid>
<timestamp>2017-04-27T04:37:03Z</timestamp>
<contributor>
<username>HydrizBot</username>
<id>29590</id>
</contributor>
<minor />
<comment>Robô: A limpar links interwikis antigos</comment>
<model>wikitext</model>
<format>text/x-wiki</format>
<text bytes="209" xml:space="preserve">={{-pt-}}=
==Forma verbal==
'''ababelaria'''
#[[primeira pessoa|primeira]] e [[terceira pessoa]] do [[singular]] do [[futuro do pretérito]] do verbo '''[[ababelar]]'''
[[Categoria:Forma verbal (Português)]]</text>
<sha1>c6h4m6qe1yr7g2om8o8vd8qu0wwld6t</sha1>
</revision>
</page>
