<page>
<title>ababelarei</title>
<ns>0</ns>
<id>184240</id>
<revision>
<id>2283165</id>
<parentid>1966854</parentid>
<timestamp>2017-04-27T04:36:54Z</timestamp>
<contributor>
<username>HydrizBot</username>
<id>29590</id>
</contributor>
<minor />
<comment>Robô: A limpar links interwikis antigos</comment>
<model>wikitext</model>
<format>text/x-wiki</format>
<text bytes="176" xml:space="preserve">={{-pt-}}=
==Forma verbal==
'''ababelarei'''
#[[primeira pessoa]] do [[singular]] do [[futuro do presente]] do verbo '''[[ababelar]]'''
[[Categoria:Forma verbal (Português)]]</text>
<sha1>80bosy763chxemv5wt4a9kpteipx93v</sha1>
</revision>
</page>
