<page>
<title>ababelas</title>
<ns>0</ns>
<id>155305</id>
<revision>
<id>2283179</id>
<parentid>1966840</parentid>
<timestamp>2017-04-27T04:37:18Z</timestamp>
<contributor>
<username>HydrizBot</username>
<id>29590</id>
</contributor>
<minor />
<comment>Robô: A limpar links interwikis antigos</comment>
<model>wikitext</model>
<format>text/x-wiki</format>
<text bytes="182" xml:space="preserve">={{-pt-}}=
==Forma verbal==
'''ababelas'''
#[[segunda]] [[pessoa]] do [[singular]] do [[presente]] [[indicativo]] do verbo '''[[ababelar]]'''
[[Categoria:Forma verbal (Português)]]</text>
<sha1>rq0ewnsfxu7i8u8tmdpy9ms5aec7gji</sha1>
</revision>
</page>
