<page>
<title>ababalhos</title>
<ns>0</ns>
<id>56929</id>
<revision>
<id>1181149</id>
<parentid>228859</parentid>
<timestamp>2011-07-07T23:10:41Z</timestamp>
<contributor>
<username>MalafayaBot</username>
<id>628</id>
</contributor>
<minor />
<comment>Robô: Substituição de texto automática (-^\=\s?Português\s?\= +={{-pt-}}= &amp; -^\=\s?\{\{pt\}\}\s?\= +={{-pt-}}=)</comment>
<model>wikitext</model>
<format>text/x-wiki</format>
<text bytes="198" xml:space="preserve">={{-pt-}}=
==Substantivo==
'''a.ba.&lt;u&gt;ba&lt;/u&gt;.lhos'''
# [[sobejo]]s de [[comida]]
[[Categoria:Substantivo (Português)]]
[[Categoria:Polissílabo (Português)]]
[[Categoria:Paroxítona (Português)]]</text>
<sha1>6d9qxi9lc4fhaetewv7avbfk4qqe0f2</sha1>
</revision>
</page>
