<page>
<title>ababás</title>
<ns>0</ns>
<id>56927</id>
<revision>
<id>1181153</id>
<parentid>228858</parentid>
<timestamp>2011-07-07T23:10:45Z</timestamp>
<contributor>
<username>MalafayaBot</username>
<id>628</id>
</contributor>
<minor />
<comment>Robô: Substituição de texto automática (-^\=\s?Português\s?\= +={{-pt-}}= &amp; -^\=\s?\{\{pt\}\}\s?\= +={{-pt-}}=)</comment>
<model>wikitext</model>
<format>text/x-wiki</format>
<text bytes="223" xml:space="preserve">={{-pt-}}=
==Substantivo==
'''a.ba.&lt;u&gt;bás&lt;/u&gt;'''
# [[índio]]s do [[estado]] de [[Mato Grosso]] ([[Brasil]])
[[Categoria:Substantivo (Português)]]
[[Categoria:Trissílabo (Português)]]
[[Categoria:Oxítona (Português)]]</text>
<sha1>20ae729eh9mmnc42tcp13oiuddqbu1c</sha1>
</revision>
</page>
