<page>
<title>ababadarmos</title>
<ns>0</ns>
<id>209426</id>
<revision>
<id>2283074</id>
<parentid>1966759</parentid>
<timestamp>2017-04-27T04:34:06Z</timestamp>
<contributor>
<username>HydrizBot</username>
<id>29590</id>
</contributor>
<minor />
<comment>Robô: A limpar links interwikis antigos</comment>
<model>wikitext</model>
<format>text/x-wiki</format>
<text bytes="275" xml:space="preserve">={{-pt-}}=
==Forma verbal==
'''ababadarmos'''
#[[primeira pessoa]] do [[plural]] do [[futuro]] do [[modo subjuntivo]] do verbo '''[[ababadar]]'''
#[[infinitivo pessoal]] da [[primeira pessoa]] do [[plural]] do verbo '''[[ababadar]]'''
[[Categoria:Forma verbal (Português)]]</text>
<sha1>5gtqwihtg7eexcwtgwsz51du32mrlw0</sha1>
</revision>
</page>
