<page>
<title>ababelam</title>
<ns>0</ns>
<id>161099</id>
<revision>
<id>2283157</id>
<parentid>1966862</parentid>
<timestamp>2017-04-27T04:36:38Z</timestamp>
<contributor>
<username>HydrizBot</username>
<id>29590</id>
</contributor>
<minor />
<comment>Robô: A limpar links interwikis antigos</comment>
<model>wikitext</model>
<format>text/x-wiki</format>
<text bytes="184" xml:space="preserve">={{-pt-}}=
==Forma verbal==
'''ababelam'''
#[[terceira pessoa]] do [[plural]] do [[presente]] do [[modo indicativo]] do verbo '''[[ababelar]]'''
[[Categoria:Forma verbal (Português)]]</text>
<sha1>9rg8voybnolwei2mz9ulc42jq1y657y</sha1>
</revision>
</page>
