<page>
<title>ababelará</title>
<ns>0</ns>
<id>187179</id>
<revision>
<id>2283174</id>
<parentid>1966845</parentid>
<timestamp>2017-04-27T04:37:10Z</timestamp>
<contributor>
<username>HydrizBot</username>
<id>29590</id>
</contributor>
<minor />
<comment>Robô: A limpar links interwikis antigos</comment>
<model>wikitext</model>
<format>text/x-wiki</format>
<text bytes="187" xml:space="preserve">={{-pt-}}=
==Forma verbal==
{{oxítona|a|ba|be|la|rá}}
#[[terceira pessoa]] do [[singular]] do [[futuro do presente]] do verbo '''[[ababelar]]'''
[[Categoria:Forma verbal (Português)]]</text>
<sha1>hk4ujuvgnhd3zmrqxpidpzfuyj259cu</sha1>
</revision>
</page>
