<page>
<page>
<title>ababalhasses</title>
<ns>0</ns>
<id>197021</id>
<revision>
<id>2283132</id>
<parentid>1966795</parentid>
<timestamp>2017-04-27T04:35:51Z</timestamp>
<contributor>
<username>HydrizBot</username>
<id>29590</id>
</contributor>
<minor />
<comment>Robô: A limpar links interwikis antigos</comment>
<model>wikitext</model>
<format>text/x-wiki</format>
<text bytes="215" xml:space="preserve">={{-pt-}}=
==Forma verbal==
'''a.ba.ba.&lt;u&gt;lhas&lt;/u&gt;.ses'''
#[[segunda pessoa]] do [[singular]] do [[pretérito imperfeito]] do [[modo subjuntivo]] do verbo '''[[ababalhar]]'''
[[Categoria:Forma verbal (Português)]]</text>
<sha1>t2qei239fm77dhcjsw1p5zn40reyw45</sha1>
</revision>
