<page>
<page>
<title>ababalhareis</title>
<ns>0</ns>
<id>189052</id>
<revision>
<id>2283116</id>
<parentid>1966811</parentid>
<timestamp>2017-04-27T04:35:21Z</timestamp>
<contributor>
<username>HydrizBot</username>
<id>29590</id>
</contributor>
<minor />
<comment>Robô: A limpar links interwikis antigos</comment>
<model>wikitext</model>
<format>text/x-wiki</format>
<text bytes="187" xml:space="preserve">={{-pt-}}=
==Forma verbal==
'''a.ba.ba.lha.&lt;u&gt;reis&lt;/u&gt;'''
#[[segunda pessoa]] do [[plural]] do [[futuro do presente]] do verbo '''[[ababalhar]]'''
[[Categoria:Forma verbal (Português)]]</text>
<sha1>88hg23q8j6pg598dztozvel4xyad27x</sha1>
</revision>
