<page>
<title>ababocado</title>
<ns>0</ns>
<id>56932</id>
<revision>
<id>1483352</id>
<parentid>1181417</parentid>
<timestamp>2012-10-19T16:10:01Z</timestamp>
<contributor>
<username>VJBot</username>
<id>33673</id>
</contributor>
<minor />
<comment>Robô: Substituição de texto automática  (-{{flex.pt.adj.simples| +{{flex.pt|)</comment>
<model>wikitext</model>
<format>text/x-wiki</format>
<text bytes="259" xml:space="preserve">={{-pt-}}=
==Adjetivo==
{{flex.pt|MS=ababocado|MP=ababocados|FS=ababocada|FP=ababocadas}}
'''a.ba.bo.&lt;u&gt;ca&lt;/u&gt;.do'''
# [[tolo]], [[aparvalhado]]
[[Categoria:Adjetivo (Português)]]
[[Categoria:Polissílabo (Português)]]
[[Categoria:Paroxítona (Português)]]</text>
<sha1>4kzbxl7jto2tq0kx8fxf93w9p0lxhmr</sha1>
</revision>
</page>
