<page>
<title>ababadaremos</title>
<ns>0</ns>
<id>188511</id>
<revision>
<id>2283069</id>
<parentid>1966764</parentid>
<timestamp>2017-04-27T04:33:57Z</timestamp>
<contributor>
<username>HydrizBot</username>
<id>29590</id>
</contributor>
<minor />
<comment>Robô: A limpar links interwikis antigos</comment>
<model>wikitext</model>
<format>text/x-wiki</format>
<text bytes="176" xml:space="preserve">={{-pt-}}=
==Forma verbal==
'''ababadaremos'''
#[[primeira pessoa]] do [[plural]] do [[futuro do presente]] do verbo '''[[ababadar]]'''
[[Categoria:Forma verbal (Português)]]</text>
<sha1>e6zw5njeolm167j0a7jikogmudv2u7y</sha1>
</revision>
</page>
