<page>
<title>ababadarei</title>
<ns>0</ns>
<id>184238</id>
<revision>
<id>2283066</id>
<parentid>1966767</parentid>
<timestamp>2017-04-27T04:33:49Z</timestamp>
<contributor>
<username>HydrizBot</username>
<id>29590</id>
</contributor>
<minor />
<comment>Robô: A limpar links interwikis antigos</comment>
<model>wikitext</model>
<format>text/x-wiki</format>
<text bytes="176" xml:space="preserve">={{-pt-}}=
==Forma verbal==
'''ababadarei'''
#[[primeira pessoa]] do [[singular]] do [[futuro do presente]] do verbo '''[[ababadar]]'''
[[Categoria:Forma verbal (Português)]]</text>
<sha1>0ucj2k49gjxmj36ijta5w5zn3whflpo</sha1>
</revision>
</page>
