<page>
<page>
<title>ababelarias</title>
<ns>0</ns>
<id>200901</id>
<revision>
<id>2283172</id>
<parentid>1966847</parentid>
<timestamp>2017-04-27T04:37:06Z</timestamp>
<contributor>
<username>HydrizBot</username>
<id>29590</id>
</contributor>
<minor />
<comment>Robô: A limpar links interwikis antigos</comment>
<model>wikitext</model>
<format>text/x-wiki</format>
<text bytes="178" xml:space="preserve">={{-pt-}}=
==Forma verbal==
'''ababelarias'''
#[[segunda pessoa]] do [[singular]] do [[futuro do pretérito]] do verbo '''[[ababelar]]'''
[[Categoria:Forma verbal (Português)]]</text>
<sha1>oyrviy4c1y3qa82hr8ini5po8psz0cj</sha1>
</revision>
