<page>
<title>ababadarem</title>
<ns>0</ns>
<id>212232</id>
<revision>
<id>2283068</id>
<parentid>1966765</parentid>
<timestamp>2017-04-27T04:33:55Z</timestamp>
<contributor>
<username>HydrizBot</username>
<id>29590</id>
</contributor>
<minor />
<comment>Robô: A limpar links interwikis antigos</comment>
<model>wikitext</model>
<format>text/x-wiki</format>
<text bytes="274" xml:space="preserve">={{-pt-}}=
==Forma verbal==
'''ababadarem'''
#[[terceira pessoa]] do [[plural]] do [[futuro]] do [[modo subjuntivo]] do verbo '''[[ababadar]]'''
#[[infinitivo pessoal]] da [[terceira pessoa]] do [[plural]] do verbo '''[[ababadar]]'''
[[Categoria:Forma verbal (Português)]]</text>
<sha1>nhkeoml757zgsaswzkdaotrhr11ywkw</sha1>
</revision>
</page>
