<page>
<title>ababadar</title>
<ns>0</ns>
<id>70644</id>
<revision>
<id>2283061</id>
<parentid>2182797</parentid>
<timestamp>2017-04-27T04:33:40Z</timestamp>
<contributor>
<username>HydrizBot</username>
<id>29590</id>
</contributor>
<minor />
<comment>Robô: A limpar links interwikis antigos</comment>
<model>wikitext</model>
<format>text/x-wiki</format>
<text bytes="631" xml:space="preserve">={{-pt-}}=
==Verbo==
{{oxítona|a|ba|ba|dar}}, {{g|vtd}}
# {{escopo|pt|Brasil}} [[preguear]] ou [[franzir]] à maneira de [[babado]]
#* '''''Ababadar''' a cortina com as mãos.''
# {{escopo|pt|Brasil}} [[guarnecer]] ou [[enfeitar]] com babados
#* '''''Ababadar''' uma saia.''
{{oxítona|a|ba|ba|dar}}, {{g|vi}} e {{g|pron}}
# {{cont|3}} {{escopo|pt|Brasil}} [[ficar]] [[semelhante]] a babado ou [[adquirir]] tal [[forma]]
===Conjugação===
{{conj/pt|ababad|ar}}
=={{etimologia|pt}}==
: {{escopo|Morfologia}} [[a-]] + [[babado]] + [[-ar]].
==Ver também==
===No Wikcionário===
* [[ababadados]]
[[Categoria:Verbo (Português)]]</text>
<sha1>r7h6kaohwmbhz35fkm2h55yk66u45is</sha1>
</revision>
</page>
