<page>
<page>
<title>ababalhai</title>
<ns>0</ns>
<id>219962</id>
<revision>
<id>2283105</id>
<parentid>1966822</parentid>
<timestamp>2017-04-27T04:35:00Z</timestamp>
<contributor>
<username>HydrizBot</username>
<id>29590</id>
</contributor>
<minor />
<comment>Robô: A limpar links interwikis antigos</comment>
<model>wikitext</model>
<format>text/x-wiki</format>
<text bytes="190" xml:space="preserve">={{-pt-}}=
==Forma verbal==
'''a.ba.ba.&lt;u&gt;lhai&lt;/u&gt;'''
#[[segunda pessoa]] do [[plural]] do [[imperativo]] [[afirmativo]] do verbo '''[[ababalhar]]'''
[[Categoria:Forma verbal (Português)]]</text>
<sha1>c8h9imab08hza0fc0nzmey04bmyx4yu</sha1>
</revision>
