<page>
<title>ababelando</title>
<ns>0</ns>
<id>156612</id>
<revision>
<id>2283159</id>
<parentid>1966860</parentid>
<timestamp>2017-04-27T04:36:42Z</timestamp>
<contributor>
<username>HydrizBot</username>
<id>29590</id>
</contributor>
<minor />
<comment>Robô: A limpar links interwikis antigos</comment>
<model>wikitext</model>
<format>text/x-wiki</format>
<text bytes="128" xml:space="preserve">={{-pt-}}=
==Forma verbal==
'''ababelando'''
#[[gerúndio]] do verbo '''[[ababelar]]'''
[[Categoria:Forma verbal (Português)]]</text>
<sha1>e20abialptmnphabhemfvj05b4pfk0p</sha1>
</revision>
</page>
