<page>
<page>
<title>ababelo</title>
<ns>0</ns>
<id>153851</id>
<revision>
<id>2283194</id>
<parentid>1966869</parentid>
<timestamp>2017-04-27T04:37:45Z</timestamp>
<contributor>
<username>HydrizBot</username>
<id>29590</id>
</contributor>
<minor />
<comment>Robô: A limpar links interwikis antigos</comment>
<model>wikitext</model>
<format>text/x-wiki</format>
<text bytes="182" xml:space="preserve">={{-pt-}}=
==Forma verbal==
'''ababelo'''
#[[primeira]] [[pessoa]] do [[singular]] do [[presente]] [[indicativo]] do verbo '''[[ababelar]]'''
[[Categoria:Forma verbal (Português)]]</text>
<sha1>53pdiby0becssd8ghn6m6ud5b6l5r1k</sha1>
</revision>
