<page>
<page>
<title>ababadámos</title>
<ns>0</ns>
<id>166557</id>
<revision>
<id>2283097</id>
<parentid>2253173</parentid>
<timestamp>2017-04-27T04:34:47Z</timestamp>
<contributor>
<username>HydrizBot</username>
<id>29590</id>
</contributor>
<minor />
<comment>Robô: A limpar links interwikis antigos</comment>
<model>wikitext</model>
<format>text/x-wiki</format>
<text bytes="291" xml:space="preserve">={{-pt-}}=
==Forma verbal==
{{paroxítona|a|ba|ba|dá|mos}}
#{{escopo2|grafia lusitana}} [[primeira pessoa]] do [[plural]] do [[pretérito perfeito]] do [[modo indicativo]] do verbo '''[[ababadar]]'''
{{avi-for-fle|ababadar}}
[[Categoria:Forma verbal (Português)]]
[[Categoria:Lusitanismo]]</text>
<sha1>c8dpz9mi15m4benq40feubgcfcflbl9</sha1>
</revision>
