<page>
<title>ababelarão</title>
<ns>0</ns>
<id>191320</id>
<revision>
<id>2283176</id>
<parentid>1966843</parentid>
<timestamp>2017-04-27T04:37:13Z</timestamp>
<contributor>
<username>HydrizBot</username>
<id>29590</id>
</contributor>
<minor />
<comment>Robô: A limpar links interwikis antigos</comment>
<model>wikitext</model>
<format>text/x-wiki</format>
<text bytes="175" xml:space="preserve">={{-pt-}}=
==Forma verbal==
'''ababelarão'''
#[[terceira pessoa]] do [[plural]] do [[futuro do presente]] do verbo '''[[ababelar]]'''
[[Categoria:Forma verbal (Português)]]</text>
<sha1>lukft8wqo5gpzpe3ff1su8z745404xg</sha1>
</revision>
</page>
