<page>
<title>ababelou</title>
<ns>0</ns>
<id>173957</id>
<revision>
<id>2283195</id>
<parentid>1966872</parentid>
<timestamp>2017-04-27T04:37:47Z</timestamp>
<contributor>
<username>HydrizBot</username>
<id>29590</id>
</contributor>
<minor />
<comment>Robô: A limpar links interwikis antigos</comment>
<model>wikitext</model>
<format>text/x-wiki</format>
<text bytes="197" xml:space="preserve">={{-pt-}}=
==Forma verbal==
'''ababelou'''
#[[terceira pessoa]] do [[singular]] do [[pretérito perfeito]] do [[modo indicativo]] do verbo '''[[ababelar]]'''
[[Categoria:Forma verbal (Português)]]</text>
<sha1>nieb84mt3xzjxu1btyg4qvceaoi2a23</sha1>
</revision>
</page>
