<page>
<page>
<title>ababadou</title>
<ns>0</ns>
<id>173955</id>
<revision>
<id>2283096</id>
<parentid>1966737</parentid>
<timestamp>2017-04-27T04:34:45Z</timestamp>
<contributor>
<username>HydrizBot</username>
<id>29590</id>
</contributor>
<minor />
<comment>Robô: A limpar links interwikis antigos</comment>
<model>wikitext</model>
<format>text/x-wiki</format>
<text bytes="197" xml:space="preserve">={{-pt-}}=
==Forma verbal==
'''ababadou'''
#[[terceira pessoa]] do [[singular]] do [[pretérito perfeito]] do [[modo indicativo]] do verbo '''[[ababadar]]'''
[[Categoria:Forma verbal (Português)]]</text>
<sha1>qslrf7f0ozht2txteuem08vkzx4hb5e</sha1>
</revision>
