<page>
<page>
<title>ababadam</title>
<ns>0</ns>
<id>161097</id>
<revision>
<id>2283058</id>
<parentid>2047787</parentid>
<timestamp>2017-04-27T04:33:34Z</timestamp>
<contributor>
<username>HydrizBot</username>
<id>29590</id>
</contributor>
<minor />
<comment>Robô: A limpar links interwikis antigos</comment>
<model>wikitext</model>
<format>text/x-wiki</format>
<text bytes="170" xml:space="preserve">={{-pt-}}=
==Forma verbal==
'''ababadam'''
# terceira pessoa do plural do presente do modo indicativo do verbo '''[[ababadar]]'''
[[Categoria:Forma verbal (Português)]]</text>
<sha1>raa6l7chj2bq7caikxpqr1zdurrjjqe</sha1>
</revision>
