<page>
<title>ababaloalô</title>
<ns>0</ns>
<id>90774</id>
<revision>
<id>2037977</id>
<parentid>1580878</parentid>
<timestamp>2015-11-17T13:53:04Z</timestamp>
<contributor>
<username>Luan</username>
<id>1279</id>
</contributor>
<comment>/* {{etimologia|pt}} */adição do idioma à [[predefinição:etimologia]] utilizando [[Project:AutoWikiBrowser|AWB]]</comment>
<model>wikitext</model>
<format>text/x-wiki</format>
<text bytes="220" xml:space="preserve">={{-pt-}}=
==Substantivo masculino==
'''a.ba.ba.lo.a.lô'''
# veja [[babalaô]]
=={{etimologia|pt}}==
: ''ioruba babaláwo'', pai do mistério, com prótese do a- e epêntese do l
[[Categoria:Substantivo (Português)]]</text>
<sha1>6ypnhgklqxtjve6pavlolcbm5mm4xiz</sha1>
</revision>
</page>
