<page>
<title>ababadastes</title>
<ns>0</ns>
<id>175258</id>
<revision>
<id>2283085</id>
<parentid>1966748</parentid>
<timestamp>2017-04-27T04:34:24Z</timestamp>
<contributor>
<username>HydrizBot</username>
<id>29590</id>
</contributor>
<minor />
<comment>Robô: A limpar links interwikis antigos</comment>
<model>wikitext</model>
<format>text/x-wiki</format>
<text bytes="197" xml:space="preserve">={{-pt-}}=
==Forma verbal==
'''ababadastes'''
#[[segunda pessoa]] do [[plural]] do [[pretérito perfeito]] do [[modo indicativo]] do verbo '''[[ababadar]]'''
[[Categoria:Forma verbal (Português)]]</text>
<sha1>33rne05dww4u5mvep3imcvxu9ra4gru</sha1>
</revision>
</page>
