<page>
<page>
<title>ababuchado</title>
<ns>0</ns>
<id>56934</id>
<revision>
<id>1483355</id>
<parentid>1181418</parentid>
<timestamp>2012-10-19T16:11:01Z</timestamp>
<contributor>
<username>VJBot</username>
<id>33673</id>
</contributor>
<minor />
<comment>Robô: Substituição de texto automática  (-{{flex.pt.adj.simples| +{{flex.pt|)</comment>
<model>wikitext</model>
<format>text/x-wiki</format>
<text bytes="266" xml:space="preserve">={{-pt-}}=
==Adjetivo==
{{flex.pt|MS=ababuchado|MP=ababuchados|FS=ababuchada|FP=ababuchadas}}
'''a.ba.bu.&lt;u&gt;cha&lt;/u&gt;.do'''
# em [[forma]] de [[babucha]]
[[Categoria:Adjetivo (Português)]]
[[Categoria:Polissílabo (Português)]]
[[Categoria:Paroxítona (Português)]]</text>
<sha1>iv11h7ta05z8f56c95245vjypz50nvj</sha1>
</revision>
