<page>
<page>
<title>ababelásseis</title>
<ns>0</ns>
<id>202236</id>
<revision>
<id>2283199</id>
<parentid>2036530</parentid>
<timestamp>2017-04-27T04:37:55Z</timestamp>
<contributor>
<username>HydrizBot</username>
<id>29590</id>
</contributor>
<minor />
<comment>Robô: A limpar links interwikis antigos</comment>
<model>wikitext</model>
<format>text/x-wiki</format>
<text bytes="221" xml:space="preserve">={{-pt-}}=
==Forma verbal==
{{paroxítona|a|ba|be|lás|seis}}
# segunda pessoa do plural do pretérito imperfeito do modo subjuntivo do verbo [[ababelar]]
{{avi-for-fle|ababelar}}
[[Categoria:Forma verbal (Português)]]</text>
<sha1>5kua8k3tao2x1j8cy9jl2al3fvl0qs4</sha1>
</revision>
