<page>
<title>ababalharem</title>
<ns>0</ns>
<id>211309</id>
<revision>
<id>2283117</id>
<parentid>1966810</parentid>
<timestamp>2017-04-27T04:35:24Z</timestamp>
<contributor>
<username>HydrizBot</username>
<id>29590</id>
</contributor>
<minor />
<comment>Robô: A limpar links interwikis antigos</comment>
<model>wikitext</model>
<format>text/x-wiki</format>
<text bytes="288" xml:space="preserve">={{-pt-}}=
==Forma verbal==
'''a.ba.ba.&lt;u&gt;lha&lt;/u&gt;.rem'''
#[[terceira pessoa]] do [[plural]] do [[futuro]] do [[modo subjuntivo]] do verbo '''[[ababalhar]]'''
#[[infinitivo pessoal]] da [[terceira pessoa]] do [[plural]] do verbo '''[[ababalhar]]'''
[[Categoria:Forma verbal (Português)]]</text>
<sha1>5da7my75oqjwmywivdiatih94g5cwc6</sha1>
</revision>
</page>
