<page>
<title>ababalho</title>
<ns>0</ns>
<id>90773</id>
<revision>
<id>2283144</id>
<parentid>1966783</parentid>
<timestamp>2017-04-27T04:36:12Z</timestamp>
<contributor>
<username>HydrizBot</username>
<id>29590</id>
</contributor>
<minor />
<comment>Robô: A limpar links interwikis antigos</comment>
<model>wikitext</model>
<format>text/x-wiki</format>
<text bytes="387" xml:space="preserve">={{-pt-}}=
==Substantivo==
{{flex.pt|ms=ababalho|mp=ababalhos}}
{{paroxítona|a|ba|ba|lho}}
# [[sobejo]] de [[comida]] (mais usado no plural)
#* ''&quot;Não havia bebido ou comido sequer um '''ababalho''' durante os dois dias da triste cerimônia.&quot; (João Felício dos Santos, João Abade).''
=={{etimologia|pt}}==
: Derivado do verbo [[ababalhar]].
[[Categoria: Substantivo (Português)]]</text>
<sha1>5830255h6nzkp6o3r85ke8x3cvgg12k</sha1>
</revision>
</page>
