<page>
<title>ababelaras</title>
<ns>0</ns>
<id>179564</id>
<revision>
<id>2283163</id>
<parentid>1966856</parentid>
<timestamp>2017-04-27T04:36:49Z</timestamp>
<contributor>
<username>HydrizBot</username>
<id>29590</id>
</contributor>
<minor />
<comment>Robô: A limpar links interwikis antigos</comment>
<model>wikitext</model>
<format>text/x-wiki</format>
<text bytes="185" xml:space="preserve">={{-pt-}}=
==Forma verbal==
'''ababelaras'''
#[[segunda pessoa]] do [[singular]] do [[pretérito mais-que-perfeito]] do verbo '''[[ababelar]]'''
[[Categoria:Forma verbal (Português)]]</text>
<sha1>9igj3remjco1sgh0dvpm6r6mlh47tf4</sha1>
</revision>
</page>
