<page>
<page>
<title>ababadarias</title>
<ns>0</ns>
<id>200899</id>
<revision>
<id>2283073</id>
<parentid>1966760</parentid>
<timestamp>2017-04-27T04:34:04Z</timestamp>
<contributor>
<username>HydrizBot</username>
<id>29590</id>
</contributor>
<minor />
<comment>Robô: A limpar links interwikis antigos</comment>
<model>wikitext</model>
<format>text/x-wiki</format>
<text bytes="178" xml:space="preserve">={{-pt-}}=
==Forma verbal==
'''ababadarias'''
#[[segunda pessoa]] do [[singular]] do [[futuro do pretérito]] do verbo '''[[ababadar]]'''
[[Categoria:Forma verbal (Português)]]</text>
<sha1>rycifnfei0wn43npgb6an8mn1thqjx3</sha1>
</revision>
