<page>
<title>ababalhámos</title>
<ns>0</ns>
<id>164376</id>
<revision>
<id>2596257</id>
<parentid>2593982</parentid>
<timestamp>2020-09-12T10:54:20Z</timestamp>
<contributor>
<username>ValJor</username>
<id>1358</id>
</contributor>
<comment>Acrescentando a predefinição avi-for-fle</comment>
<model>wikitext</model>
<format>text/x-wiki</format>
<text bytes="270" xml:space="preserve">={{-pt-}}=
==Forma verbal==
{{paroxítona|a|ba|ba|lhá|mos}}
# {{escopo2|grafia lusitana}} primeira pessoa do plural do pretérito perfeito do indicativo do verbo [[ababalhar]]
{{avi-for-fle|ababalhar}}
[[Categoria:Forma verbal (Português)]]
[[Categoria:Lusitanismo]]</text>
<sha1>n8t99ihms5mxlbn3z0rycu8kpz4qt1p</sha1>
</revision>
</page>
