<page>
<title>ababadarão</title>
<ns>0</ns>
<id>191318</id>
<revision>
<id>2283077</id>
<parentid>1966756</parentid>
<timestamp>2017-04-27T04:34:11Z</timestamp>
<contributor>
<username>HydrizBot</username>
<id>29590</id>
</contributor>
<minor />
<comment>Robô: A limpar links interwikis antigos</comment>
<model>wikitext</model>
<format>text/x-wiki</format>
<text bytes="186" xml:space="preserve">={{-pt-}}=
==Forma verbal==
{{oxítona|a|ba|ba|da|rão}}
#[[terceira pessoa]] do [[plural]] do [[futuro do presente]] do verbo '''[[ababadar]]'''
[[Categoria:Forma verbal (Português)]]</text>
<sha1>cbtu5peh8d8kg1ai87te6c2rr15qche</sha1>
</revision>
</page>
