<page>
<page>
<title>ababelar</title>
<ns>0</ns>
<id>70837</id>
<revision>
<id>2283160</id>
<parentid>2037978</parentid>
<timestamp>2017-04-27T04:36:44Z</timestamp>
<contributor>
<username>HydrizBot</username>
<id>29590</id>
</contributor>
<minor />
<comment>Robô: A limpar links interwikis antigos</comment>
<model>wikitext</model>
<format>text/x-wiki</format>
<text bytes="315" xml:space="preserve">={{-pt-}}=
==Verbo==
{{oxítona|a|ba|be|lar}}   ''transitivo direto e pronominal''
# tornar(-se) desordenado ou confuso, à semelhança da torre de Babel; embaralhar(-se), misturar(-se)
===Conjugação===
{{conj/pt|ababel|ar}}
=={{etimologia|pt}}==
: ''a-'' + ''babel'' + ''-ar''
[[Categoria:Verbo (Português)]]</text>
<sha1>4yytfprl7xx86hhlrigwli4k3i7w0cy</sha1>
</revision>
