<page>
<page>
<title>ababalhou</title>
<ns>0</ns>
<id>173068</id>
<revision>
<id>2283145</id>
<parentid>1966823</parentid>
<timestamp>2017-04-27T04:36:14Z</timestamp>
<contributor>
<username>HydrizBot</username>
<id>29590</id>
</contributor>
<minor />
<comment>Robô: A limpar links interwikis antigos</comment>
<model>wikitext</model>
<format>text/x-wiki</format>
<text bytes="209" xml:space="preserve">={{-pt-}}=
==Forma verbal==
'''a.ba.ba.&lt;u&gt;lhou&lt;/u&gt;'''
#[[terceira pessoa]] do [[singular]] do [[pretérito perfeito]] do [[modo indicativo]] do verbo '''[[ababalhar]]'''
[[Categoria:Forma verbal (Português)]]</text>
<sha1>msh8h71nddeya90nut3zi9lsli8l12d</sha1>
</revision>
