<page>
<page>
<title>ababelara</title>
<ns>0</ns>
<id>178072</id>
<revision>
<id>2283161</id>
<parentid>1966858</parentid>
<timestamp>2017-04-27T04:36:45Z</timestamp>
<contributor>
<username>HydrizBot</username>
<id>29590</id>
</contributor>
<minor />
<comment>Robô: A limpar links interwikis antigos</comment>
<model>wikitext</model>
<format>text/x-wiki</format>
<text bytes="233" xml:space="preserve">={{-pt-}}=
==Forma verbal==
'''ababelara'''
#[[primeira pessoa|primeira]] e [[terceira pessoa|terceira pessoas]] do [[singular]] do [[pretérito mais-que-perfeito]] do verbo '''[[ababelar]]'''
[[Categoria:Forma verbal (Português)]]</text>
<sha1>mvgmtanfjg6659c7fdrkq8n73llrf5r</sha1>
</revision>
