<page>
<title>ababadara</title>
<ns>0</ns>
<id>178070</id>
<revision>
<id>2283062</id>
<parentid>2047793</parentid>
<timestamp>2017-04-27T04:33:42Z</timestamp>
<contributor>
<username>HydrizBot</username>
<id>29590</id>
</contributor>
<minor />
<comment>Robô: A limpar links interwikis antigos</comment>
<model>wikitext</model>
<format>text/x-wiki</format>
<text bytes="186" xml:space="preserve">={{-pt-}}=
==Forma verbal==
'''ababadara'''
# primeira e terceira pessoas do singular do pretérito mais-que-perfeito do verbo '''[[ababadar]]'''
[[Categoria:Forma verbal (Português)]]</text>
<sha1>509786u8mqompjs77yxlgfql5783sdb</sha1>
</revision>
</page>
