<page>
<page>
<title>ababalhaste</title>
<ns>0</ns>
<id>171702</id>
<revision>
<id>2283133</id>
<parentid>1966794</parentid>
<timestamp>2017-04-27T04:35:53Z</timestamp>
<contributor>
<username>HydrizBot</username>
<id>29590</id>
</contributor>
<minor />
<comment>Robô: A limpar links interwikis antigos</comment>
<model>wikitext</model>
<format>text/x-wiki</format>
<text bytes="211" xml:space="preserve">={{-pt-}}=
==Forma verbal==
'''a.ba.ba.&lt;u&gt;lhas&lt;/u&gt;.te'''
#[[segunda pessoa]] do [[singular]] do [[pretérito perfeito]] do [[modo indicativo]] do verbo '''[[ababalhar]]'''
[[Categoria:Forma verbal (Português)]]</text>
<sha1>3nzvp3m6fwww9p0ugsp6h8jumzavur0</sha1>
</revision>
