<page>
<page>
<title>ababalháveis</title>
<ns>0</ns>
<id>167372</id>
<revision>
<id>2283152</id>
<parentid>1966865</parentid>
<timestamp>2017-04-27T04:36:27Z</timestamp>
<contributor>
<username>HydrizBot</username>
<id>29590</id>
</contributor>
<minor />
<comment>Robô: A limpar links interwikis antigos</comment>
<model>wikitext</model>
<format>text/x-wiki</format>
<text bytes="213" xml:space="preserve">={{-pt-}}=
==Forma verbal==
'''a.ba.ba.&lt;u&gt;lhá&lt;/u&gt;.veis'''
#[[segunda pessoa]] do [[plural]] do [[pretérito imperfeito]] do [[modo indicativo]] do verbo '''[[ababalhar]]'''
[[Categoria:Forma verbal (Português)]]</text>
<sha1>tsr7isaujhsx0li5q4pmkjydv1192i7</sha1>
</revision>
