<page>
<page>
<title>ababalharias</title>
<ns>0</ns>
<id>199997</id>
<revision>
<id>2283122</id>
<parentid>1966805</parentid>
<timestamp>2017-04-27T04:35:34Z</timestamp>
<contributor>
<username>HydrizBot</username>
<id>29590</id>
</contributor>
<minor />
<comment>Robô: A limpar links interwikis antigos</comment>
<model>wikitext</model>
<format>text/x-wiki</format>
<text bytes="192" xml:space="preserve">={{-pt-}}=
==Forma verbal==
'''a.ba.ba.lha.&lt;u&gt;ri&lt;/u&gt;.as'''
#[[segunda pessoa]] do [[singular]] do [[futuro do pretérito]] do verbo '''[[ababalhar]]'''
[[Categoria:Forma verbal (Português)]]</text>
<sha1>9pi6uyytcwcvpizk20665fh2bs8nm08</sha1>
</revision>
