<page>
<page>
<title>ababalhe</title>
<ns>0</ns>
<id>212913</id>
<revision>
<id>2283138</id>
<parentid>1966789</parentid>
<timestamp>2017-04-27T04:36:01Z</timestamp>
<contributor>
<username>HydrizBot</username>
<id>29590</id>
</contributor>
<minor />
<comment>Robô: A limpar links interwikis antigos</comment>
<model>wikitext</model>
<format>text/x-wiki</format>
<text bytes="425" xml:space="preserve">={{-pt-}}=
==Forma verbal==
'''a.ba.&lt;u&gt;ba&lt;/u&gt;.lhe'''
#[[primeira pessoa|primeira]] e [[terceira pessoa]] do [[singular]] do [[presente]] do [[modo subjuntivo]] do verbo '''[[ababalhar]]'''
#[[terceira pessoa]] do [[singular]] do [[imperativo]] [[afirmativo]] do verbo '''[[ababalhar]]'''
#[[terceira pessoa]] do [[singular]] do [[imperativo]] [[negativo]] do verbo '''[[ababalhar]]'''
[[Categoria:Forma verbal (Português)]]</text>
<sha1>n9litjkjk0ez1kpywr5iy57coz911dc</sha1>
</revision>
