<page>
<title>ababadas</title>
<ns>0</ns>
<id>155303</id>
<revision>
<id>2283080</id>
<parentid>1966753</parentid>
<timestamp>2017-04-27T04:34:16Z</timestamp>
<contributor>
<username>HydrizBot</username>
<id>29590</id>
</contributor>
<minor />
<comment>Robô: A limpar links interwikis antigos</comment>
<model>wikitext</model>
<format>text/x-wiki</format>
<text bytes="182" xml:space="preserve">={{-pt-}}=
==Forma verbal==
'''ababadas'''
#[[segunda]] [[pessoa]] do [[singular]] do [[presente]] [[indicativo]] do verbo '''[[ababadar]]'''
[[Categoria:Forma verbal (Português)]]</text>
<sha1>397rnzwyzaxh7foam658tuj4go1nit4</sha1>
</revision>
</page>
