<page>
<title>ababeláramos</title>
<ns>0</ns>
<id>181067</id>
<revision>
<id>2283197</id>
<parentid>1966879</parentid>
<timestamp>2017-04-27T04:37:51Z</timestamp>
<contributor>
<username>HydrizBot</username>
<id>29590</id>
</contributor>
<minor />
<comment>Robô: A limpar links interwikis antigos</comment>
<model>wikitext</model>
<format>text/x-wiki</format>
<text bytes="205" xml:space="preserve">={{-pt-}}=
==Forma verbal==
{{proparoxítona|a|ba|be|lá|ra|mos}}
#[[primeira pessoa]] do [[plural]] do [[pretérito mais-que-perfeito]] do verbo '''[[ababelar]]'''
[[Categoria:Forma verbal (Português)]]</text>
<sha1>4s9c4phju96w2wun8drg2kjoxgstote</sha1>
</revision>
</page>
