<page>
<page>
<title>ababadaras</title>
<ns>0</ns>
<id>179562</id>
<revision>
<id>2283064</id>
<parentid>2047794</parentid>
<timestamp>2017-04-27T04:33:46Z</timestamp>
<contributor>
<username>HydrizBot</username>
<id>29590</id>
</contributor>
<minor />
<comment>Robô: A limpar links interwikis antigos</comment>
<model>wikitext</model>
<format>text/x-wiki</format>
<text bytes="188" xml:space="preserve">={{-pt-}}=
==Forma verbal==
{{paroxítona|a|ba|ba|da|ras}}
# segunda pessoa do singular do pretérito mais-que-perfeito do verbo '''[[ababadar]]'''
[[Categoria:Forma verbal (Português)]]</text>
<sha1>9eztcfxsyaw24rfhefkj6k5aiik0j05</sha1>
</revision>
