<page>
<page>
<title>ababaia</title>
<ns>0</ns>
<id>69203</id>
<revision>
<id>2283104</id>
<parentid>2055053</parentid>
<timestamp>2017-04-27T04:34:58Z</timestamp>
<contributor>
<username>HydrizBot</username>
<id>29590</id>
</contributor>
<minor />
<comment>Robô: A limpar links interwikis antigos</comment>
<model>wikitext</model>
<format>text/x-wiki</format>
<text bytes="871" xml:space="preserve">{{Wikipédia}}
[[Imagem:Carica papaya - papaya - var-tropical dwarf papaya - desc-fruit.jpg|thumb|150px|right|Mamoeiro com mamões verdes]]
={{-pt-}}=
==Substantivo==
{{flex.pt|fs=ababaia|fs-div=a.ba.&lt;u&gt;bai&lt;/u&gt;.a|fp=ababaias|fp-div=a.ba.&lt;u&gt;bai&lt;/u&gt;.as}}
{{paroxítona|a|ba|bai|a}} - ''feminino''
# [[árvore]] da [[família]] das [[cariáceas]] (''[[species:Carica papaya|Carica papaya]]'') cujo [[fruto]] é o [[mamão]]
===Sinónimos===
# [[bepaia]]
# [[mamoeiro]]
# [[papaeira]] (também grafado como [[papaieira]])
# [[papaia]]
# [[pino-guaçu]] (também grafado como [[pinoguaçu]])
===Tradução===
{{tradini}}
* {{de}}: {{xlatio|de|papaia|}}
* {{fr}}: {{xlatio|fr|papayer|}}
{{tradmeio}}
* {{en}}: {{xlatio|en|papaya tree|}}
{{tradfim}}
=={{etimologia|pt}}==
* do [[caraíba]] ''ababai''
[[Categoria:Substantivo (Português)]]
[[Categoria:Árvore (Português)]]</text>
<sha1>1ve4jodrxflasnjwkjqxef0fh8lo2cm</sha1>
</revision>
