<page>
<page>
<title>ababelariam</title>
<ns>0</ns>
<id>196610</id>
<revision>
<id>2283171</id>
<parentid>1966848</parentid>
<timestamp>2017-04-27T04:37:05Z</timestamp>
<contributor>
<username>HydrizBot</username>
<id>29590</id>
</contributor>
<minor />
<comment>Robô: A limpar links interwikis antigos</comment>
<model>wikitext</model>
<format>text/x-wiki</format>
<text bytes="177" xml:space="preserve">={{-pt-}}=
==Forma verbal==
'''ababelariam'''
#[[terceira pessoa]] do [[plural]] do [[futuro do pretérito]] do verbo '''[[ababelar]]'''
[[Categoria:Forma verbal (Português)]]</text>
<sha1>0gbxa1o3orpjmpoibnhw6upwzx9p6mo</sha1>
</revision>
