<page>
<title>ababelava</title>
<ns>0</ns>
<id>204906</id>
<revision>
<id>2283185</id>
<parentid>1966834</parentid>
<timestamp>2017-04-27T04:37:28Z</timestamp>
<contributor>
<username>HydrizBot</username>
<id>29590</id>
</contributor>
<minor />
<comment>Robô: A limpar links interwikis antigos</comment>
<model>wikitext</model>
<format>text/x-wiki</format>
<text bytes="232" xml:space="preserve">={{-pt-}}=
==Forma verbal==
'''ababelava'''
#[[primeira pessoa|primeira]] e [[terceira pessoa]] do [[singular]] do [[pretérito imperfeito]] do [[modo indicativo]] do verbo '''[[ababelar]]'''
[[Categoria:Forma verbal (Português)]]</text>
<sha1>gmnlzqox2kjyckq72js1th1360uhdiy</sha1>
</revision>
</page>
