<page>
<title>ababade</title>
<ns>0</ns>
<id>213708</id>
<revision>
<id>2283089</id>
<parentid>1966744</parentid>
<timestamp>2017-04-27T04:34:33Z</timestamp>
<contributor>
<username>HydrizBot</username>
<id>29590</id>
</contributor>
<minor />
<comment>Robô: A limpar links interwikis antigos</comment>
<model>wikitext</model>
<format>text/x-wiki</format>
<text bytes="411" xml:space="preserve">={{-pt-}}=
==Forma verbal==
'''ababade'''
#[[primeira pessoa|primeira]] e [[terceira pessoa]] do [[singular]] do [[presente]] do [[modo subjuntivo]] do verbo '''[[ababadar]]'''
#[[terceira pessoa]] do [[singular]] do [[imperativo]] [[afirmativo]] do verbo '''[[ababadar]]'''
#[[terceira pessoa]] do [[singular]] do [[imperativo]] [[negativo]] do verbo '''[[ababadar]]'''
[[Categoria:Forma verbal (Português)]]</text>
<sha1>byfkwxx7pxlwcrby117dc6e3zvmhfxe</sha1>
</revision>
</page>
