<page>
<page>
<title>ababadais</title>
<ns>0</ns>
<id>159539</id>
<revision>
<id>2283057</id>
<parentid>2047786</parentid>
<timestamp>2017-04-27T04:33:33Z</timestamp>
<contributor>
<username>HydrizBot</username>
<id>29590</id>
</contributor>
<minor />
<comment>Robô: A limpar links interwikis antigos</comment>
<model>wikitext</model>
<format>text/x-wiki</format>
<text bytes="170" xml:space="preserve">={{-pt-}}=
==Forma verbal==
'''ababadais'''
# segunda pessoa do plural do presente do modo indicativo do verbo '''[[ababadar]]'''
[[Categoria:Forma verbal (Português)]]</text>
<sha1>sb2g553y2hleltndxeg35t2v2v0phj8</sha1>
</revision>
