<page>
<page>
<title>ababelado</title>
<ns>0</ns>
<id>1921</id>
<revision>
<id>2283154</id>
<parentid>2033784</parentid>
<timestamp>2017-04-27T04:36:32Z</timestamp>
<contributor>
<username>HydrizBot</username>
<id>29590</id>
</contributor>
<minor />
<comment>Robô: A limpar links interwikis antigos</comment>
<model>wikitext</model>
<format>text/x-wiki</format>
<text bytes="491" xml:space="preserve">={{-pt-}}=
==Adjetivo==
{{flex.pt|ms=ababelado|mp=ababelados|fs=ababelada|fp=ababeladas}}
{{paroxítona|a|ba|be|la|do}}
# aquilo que está em [[desordem]]
# aquilo que está [[confuso]]
===Sinônimos===
{{verTambém.Ini}}
* [[babélico]]
{{verTambém.NovaColuna}}
* [[confuso]]
{{verTambém.NovaColuna}}
* [[desordenado]]
{{verTambém.Fim}}
=={{pronúncia|pt}}==
===Brasil===
====Carioca====
* [[AFI]]: /a.ba.be.ˈla.du/
* [[X-SAMPA]]: /a.ba.be.&quot;la.du/
[[Categoria:Adjetivo (Português)]]</text>
<sha1>rbb93et44ye100zvvnedcd5n9fmbzze</sha1>
</revision>
