<page>
<title>ababalhávamos</title>
<ns>0</ns>
<id>162928</id>
<revision>
<id>2283151</id>
<parentid>1966866</parentid>
<timestamp>2017-04-27T04:36:25Z</timestamp>
<contributor>
<username>HydrizBot</username>
<id>29590</id>
</contributor>
<minor />
<comment>Robô: A limpar links interwikis antigos</comment>
<model>wikitext</model>
<format>text/x-wiki</format>
<text bytes="216" xml:space="preserve">={{-pt-}}=
==Forma verbal==
'''a.ba.ba.&lt;u&gt;lhá&lt;/u&gt;.va.mos'''
#[[primeira pessoa]] do [[plural]] do [[pretérito imperfeito]] do [[modo indicativo]] do verbo '''[[ababalhar]]'''
[[Categoria:Forma verbal (Português)]]</text>
<sha1>0axjedob8bfh861dl89u5b6021xvmhb</sha1>
</revision>
</page>
