<page>
<page>
<title>ababadasses</title>
<ns>0</ns>
<id>197920</id>
<revision>
<id>2283083</id>
<parentid>1966750</parentid>
<timestamp>2017-04-27T04:34:21Z</timestamp>
<contributor>
<username>HydrizBot</username>
<id>29590</id>
</contributor>
<minor />
<comment>Robô: A limpar links interwikis antigos</comment>
<model>wikitext</model>
<format>text/x-wiki</format>
<text bytes="202" xml:space="preserve">={{-pt-}}=
==Forma verbal==
'''ababadasses'''
#[[segunda pessoa]] do [[singular]] do [[pretérito imperfeito]] do [[modo subjuntivo]] do verbo '''[[ababadar]]'''
[[Categoria:Forma verbal (Português)]]</text>
<sha1>7vpsl58btxd06o62a24zf3ou8iz2zua</sha1>
</revision>
