<page>
<page>
<title>ababalhar</title>
<ns>0</ns>
<id>1042</id>
<revision>
<id>2283110</id>
<parentid>2158919</parentid>
<timestamp>2017-04-27T04:35:11Z</timestamp>
<contributor>
<username>HydrizBot</username>
<id>29590</id>
</contributor>
<minor />
<comment>Robô: A limpar links interwikis antigos</comment>
<model>wikitext</model>
<format>text/x-wiki</format>
<text bytes="456" xml:space="preserve">={{-pt-}}=
==Verbo==
{{oxítona|a|ba|ba|lhar}}, ''transitivo direto''
# {{escopo|pt|Popular}} [[babar]]; [[conspurcar]]
===Conjugação===
{{conj/pt|ababalh|ar}}
=={{etimologia|pt}}==
: De [[baba]].
=={{pronúncia|pt}}==
===Brasil===
====Paulistana====
* AFI: /a.ba.ba.ˈʎa''ɾ''/
* SAMPA: /a.ba.ba.&quot;Lar/
====Carioca====
* AFI: /a.ba.ba.ˈʎax/
* SAMPA: /a.ba.ba.&quot;Lax/
==Ver também==
===No Wikcionário===
* [[ababalho]]
[[Categoria:Verbo (Português)]]</text>
<sha1>nbztsdbxhxsy8onvjwsn1ywg4uucyvk</sha1>
</revision>
