<page>
<title>ababalhes</title>
<ns>0</ns>
<id>218501</id>
<revision>
<id>2283143</id>
<parentid>1966784</parentid>
<timestamp>2017-04-27T04:36:10Z</timestamp>
<contributor>
<username>HydrizBot</username>
<id>29590</id>
</contributor>
<minor />
<comment>Robô: A limpar links interwikis antigos</comment>
<model>wikitext</model>
<format>text/x-wiki</format>
<text bytes="294" xml:space="preserve">={{-pt-}}=
==Forma verbal==
'''a.ba.&lt;u&gt;ba&lt;/u&gt;.lhes'''
#[[segunda pessoa]] do [[singular]] do [[presente]] do [[modo subjuntivo]] do verbo '''[[ababalhar]]'''
#[[segunda pessoa]] do [[singular]] do [[imperativo]] [[negativo]] do verbo '''[[ababalhar]]'''
[[Categoria:Forma verbal (Português)]]</text>
<sha1>c06iqakvlkc07jfjplj7hh1uspf3fri</sha1>
</revision>
</page>
