<page>
<page>
<title>ababadará</title>
<ns>0</ns>
<id>187177</id>
<revision>
<id>2283075</id>
<parentid>1966758</parentid>
<timestamp>2017-04-27T04:34:08Z</timestamp>
<contributor>
<username>HydrizBot</username>
<id>29590</id>
</contributor>
<minor />
<comment>Robô: A limpar links interwikis antigos</comment>
<model>wikitext</model>
<format>text/x-wiki</format>
<text bytes="187" xml:space="preserve">={{-pt-}}=
==Forma verbal==
{{oxítona|a|ba|ba|da|rá}}
#[[terceira pessoa]] do [[singular]] do [[futuro do presente]] do verbo '''[[ababadar]]'''
[[Categoria:Forma verbal (Português)]]</text>
<sha1>1qqx627uzry4jppyi3q0yctx4g2k02r</sha1>
</revision>
