<page>
<title>ababadassem</title>
<ns>0</ns>
<id>203595</id>
<revision>
<id>2283082</id>
<parentid>1966751</parentid>
<timestamp>2017-04-27T04:34:19Z</timestamp>
<contributor>
<username>HydrizBot</username>
<id>29590</id>
</contributor>
<minor />
<comment>Robô: A limpar links interwikis antigos</comment>
<model>wikitext</model>
<format>text/x-wiki</format>
<text bytes="201" xml:space="preserve">={{-pt-}}=
==Forma verbal==
'''ababadassem'''
#[[terceira pessoa]] do [[plural]] do [[pretérito imperfeito]] do [[modo subjuntivo]] do verbo '''[[ababadar]]'''
[[Categoria:Forma verbal (Português)]]</text>
<sha1>htty436uk3n8dvwpbp20f3mayxeovup</sha1>
</revision>
</page>
