<page>
<page>
<title>ababadássemos</title>
<ns>0</ns>
<id>199393</id>
<revision>
<id>2283101</id>
<parentid>2036557</parentid>
<timestamp>2017-04-27T04:34:53Z</timestamp>
<contributor>
<username>HydrizBot</username>
<id>29590</id>
</contributor>
<minor />
<comment>Robô: A limpar links interwikis antigos</comment>
<model>wikitext</model>
<format>text/x-wiki</format>
<text bytes="256" xml:space="preserve">={{-pt-}}=
==Forma verbal==
{{proparoxítona|a|ba|ba|dás|se|mos}}
# primeira pessoa do plural do pretérito imperfeito do modo {{PEPB|inline=1|conjuntivo|subjuntivo}} do verbo [[ababadar]]
{{avi-for-fle|ababadar}}
[[Categoria:Forma verbal (Português)]]</text>
<sha1>3xpl53iz5x5jupx0pqoq7q6ysnije15</sha1>
</revision>
