<page>
<title>ababalhara</title>
<ns>0</ns>
<id>177187</id>
<revision>
<id>2283111</id>
<parentid>1966816</parentid>
<timestamp>2017-04-27T04:35:12Z</timestamp>
<contributor>
<username>HydrizBot</username>
<id>29590</id>
</contributor>
<minor />
<comment>Robô: A limpar links interwikis antigos</comment>
<model>wikitext</model>
<format>text/x-wiki</format>
<text bytes="246" xml:space="preserve">={{-pt-}}=
==Forma verbal==
'''a.ba.ba.&lt;u&gt;lha&lt;/u&gt;.ra'''
#[[primeira pessoa|primeira]] e [[terceira pessoa|terceira pessoas]] do [[singular]] do [[pretérito mais-que-perfeito]] do verbo '''[[ababalhar]]'''
[[Categoria:Forma verbal (Português)]]</text>
<sha1>stwym7k54dnrej5czx5mpxdn9fx18ta</sha1>
</revision>
</page>
