<page>
<title>ababelai</title>
<ns>0</ns>
<id>220865</id>
<revision>
<id>2283155</id>
<parentid>1966864</parentid>
<timestamp>2017-04-27T04:36:34Z</timestamp>
<contributor>
<username>HydrizBot</username>
<id>29590</id>
</contributor>
<minor />
<comment>Robô: A limpar links interwikis antigos</comment>
<model>wikitext</model>
<format>text/x-wiki</format>
<text bytes="178" xml:space="preserve">={{-pt-}}=
==Forma verbal==
'''ababelai'''
#[[segunda pessoa]] do [[plural]] do [[imperativo]] [[afirmativo]] do verbo '''[[ababelar]]'''
[[Categoria:Forma verbal (Português)]]</text>
<sha1>68daaak42y9lbi627zcdc4ai3kf3g9p</sha1>
</revision>
</page>
