<page>
<title>ababademos</title>
<ns>0</ns>
<id>215013</id>
<revision>
<id>2283093</id>
<parentid>1966740</parentid>
<timestamp>2017-04-27T04:34:40Z</timestamp>
<contributor>
<username>HydrizBot</username>
<id>29590</id>
</contributor>
<minor />
<comment>Robô: A limpar links interwikis antigos</comment>
<model>wikitext</model>
<format>text/x-wiki</format>
<text bytes="377" xml:space="preserve">={{-pt-}}=
==Forma verbal==
'''ababademos'''
#[[primeira pessoa]] do [[plural]] do [[presente]] do [[modo subjuntivo]] do verbo '''[[ababadar]]'''
#[[primeira pessoa]] do [[plural]] do [[imperativo]] [[afirmativo]] do verbo '''[[ababadar]]'''
#[[primeira pessoa]] do [[plural]] do [[imperativo]] [[negativo]] do verbo '''[[ababadar]]'''
[[Categoria:Forma verbal (Português)]]</text>
<sha1>a6ftxejv0vi38u53x91vk8xvny18bcx</sha1>
</revision>
</page>
