<page>
<page>
<title>ababelasses</title>
<ns>0</ns>
<id>197922</id>
<revision>
<id>2283182</id>
<parentid>1966837</parentid>
<timestamp>2017-04-27T04:37:23Z</timestamp>
<contributor>
<username>HydrizBot</username>
<id>29590</id>
</contributor>
<minor />
<comment>Robô: A limpar links interwikis antigos</comment>
<model>wikitext</model>
<format>text/x-wiki</format>
<text bytes="202" xml:space="preserve">={{-pt-}}=
==Forma verbal==
'''ababelasses'''
#[[segunda pessoa]] do [[singular]] do [[pretérito imperfeito]] do [[modo subjuntivo]] do verbo '''[[ababelar]]'''
[[Categoria:Forma verbal (Português)]]</text>
<sha1>t4ag4syi4sbi0463hgxn2lmt53ofxy1</sha1>
</revision>
