<page>
<page>
<title>ababalheis</title>
<ns>0</ns>
<id>217061</id>
<revision>
<id>2283140</id>
<parentid>1966787</parentid>
<timestamp>2017-04-27T04:36:05Z</timestamp>
<contributor>
<username>HydrizBot</username>
<id>29590</id>
</contributor>
<minor />
<comment>Robô: A limpar links interwikis antigos</comment>
<model>wikitext</model>
<format>text/x-wiki</format>
<text bytes="291" xml:space="preserve">={{-pt-}}=
==Forma verbal==
'''a.ba.ba.&lt;u&gt;lheis&lt;/u&gt;'''
#[[segunda pessoa]] do [[plural]] do [[presente]] do [[modo subjuntivo]] do verbo '''[[ababalhar]]'''
#[[segunda pessoa]] do [[plural]] do [[imperativo]] [[negativo]] do verbo '''[[ababalhar]]'''
[[Categoria:Forma verbal (Português)]]</text>
<sha1>9w1lqfu4vn810qg2nz1ck193p5oq2yt</sha1>
</revision>
