<page>
<title>ababelarás</title>
<ns>0</ns>
<id>185797</id>
<revision>
<id>2283175</id>
<parentid>1966844</parentid>
<timestamp>2017-04-27T04:37:11Z</timestamp>
<contributor>
<username>HydrizBot</username>
<id>29590</id>
</contributor>
<minor />
<comment>Robô: A limpar links interwikis antigos</comment>
<model>wikitext</model>
<format>text/x-wiki</format>
<text bytes="176" xml:space="preserve">={{-pt-}}=
==Forma verbal==
'''ababelarás'''
#[[segunda pessoa]] do [[singular]] do [[futuro do presente]] do verbo '''[[ababelar]]'''
[[Categoria:Forma verbal (Português)]]</text>
<sha1>ojmetgq6qrkky4n4h66o19wganceqhb</sha1>
</revision>
</page>
