<page>
<page>
<title>ababadai</title>
<ns>0</ns>
<id>220863</id>
<revision>
<id>2283056</id>
<parentid>2047785</parentid>
<timestamp>2017-04-27T04:33:30Z</timestamp>
<contributor>
<username>HydrizBot</username>
<id>29590</id>
</contributor>
<minor />
<comment>Robô: A limpar links interwikis antigos</comment>
<model>wikitext</model>
<format>text/x-wiki</format>
<text bytes="163" xml:space="preserve">={{-pt-}}=
==Forma verbal==
'''ababadai'''
# segunda pessoa do plural do imperativo afirmativo do verbo '''[[ababadar]]'''
[[Categoria:Forma verbal (Português)]]</text>
<sha1>r9t5420roosy752z5rt010pzfcgamq6</sha1>
</revision>
