<page>
<title>abacinem</title>
<ns>0</ns>
<id>216988</id>
<revision>
<id>2283314</id>
<parentid>1910863</parentid>
<timestamp>2017-04-27T04:42:01Z</timestamp>
<contributor>
<username>HydrizBot</username>
<id>29590</id>
</contributor>
<minor />
<comment>Robô: A limpar links interwikis antigos</comment>
<model>wikitext</model>
<format>text/x-wiki</format>
<text bytes="375" xml:space="preserve">={{-pt-}}=
==Forma verbal==
'''abacinem'''
#[[terceira pessoa]] do [[plural]] do [[presente]] do [[modo subjuntivo]] do verbo '''[[abacinar]]'''
#[[terceira pessoa]] do [[plural]] do [[imperativo]] [[afirmativo]] do verbo '''[[abacinar]]'''
#[[terceira pessoa]] do [[plural]] do [[imperativo]] [[negativo]] do verbo '''[[abacinar]]'''
[[Categoria:Forma verbal (Português)]]</text>
<sha1>5fho8esqwy71cmhc4jcnd3seuvwwsni</sha1>
</revision>
</page>
