<page>
<title>abacelares</title>
<ns>0</ns>
<id>207021</id>
<revision>
<id>2283235</id>
<parentid>1966896</parentid>
<timestamp>2017-04-27T04:39:15Z</timestamp>
<contributor>
<username>HydrizBot</username>
<id>29590</id>
</contributor>
<minor />
<comment>Robô: A limpar links interwikis antigos</comment>
<model>wikitext</model>
<format>text/x-wiki</format>
<text bytes="287" xml:space="preserve">={{-pt-}}=
==Forma verbal==
'''a.ba.ce.&lt;u&gt;la&lt;/u&gt;.res'''
#[[segunda pessoa]] do [[singular]] do [[futuro]] do [[modo subjuntivo]] do verbo '''[[abacelar]]'''
#[[infinitivo pessoal]] da [[segunda pessoa]] do [[singular]] do verbo '''[[abacelar]]'''
[[Categoria:Forma verbal (Português)]]</text>
<sha1>7u54w6p2uiijebxd4hp6tl8796yhwy7</sha1>
</revision>
</page>
