<page>
<title>abacharelando</title>
<ns>0</ns>
<id>392446</id>
<revision>
<id>2483737</id>
<parentid>2483735</parentid>
<timestamp>2018-02-08T01:39:28Z</timestamp>
<contributor>
<username>MIL973</username>
<id>41339</id>
</contributor>
<model>wikitext</model>
<format>text/x-wiki</format>
<text bytes="169" xml:space="preserve">={{-pt-}}=
==Forma verbal==
{{paroxítona|a|ba|cha|re|lan|do}}
# gerúndio do verbo [[abacharelar]]
{{avi-for-fle|abacharelar}}
[[Categoria:Forma verbal (Português)]]</text>
<sha1>chrgdu1y1a02z5qfox3i2knqn07jx4v</sha1>
</revision>
</page>
