<page>
<page>
<title>aback</title>
<ns>0</ns>
<id>122278</id>
<revision>
<id>2283329</id>
<parentid>2222828</parentid>
<timestamp>2017-04-27T04:42:40Z</timestamp>
<contributor>
<username>HydrizBot</username>
<id>29590</id>
</contributor>
<minor />
<comment>Robô: A limpar links interwikis antigos</comment>
<model>wikitext</model>
<format>text/x-wiki</format>
<text bytes="350" xml:space="preserve">={{-en-}}=
==Advérbio==
'''a.&lt;u&gt;back&lt;/u&gt;''', ''de lugar''
# [[detrás]], [[atrás]]
===Sinônimo===
* [[behind]]
===Antônimo===
* [[in front of]]
===Verbetes derivados===
* [[taken aback]]
* [[to be taken aback]]
===={{pronúncia|en}}====
* [[AFI]]: /əb'æk/ 
==Ver também==
===No Wikcionário===
*[[back]]
[[Categoria:Advérbio (Inglês)]]</text>
<sha1>1lmtoow5xu11zb7v0kfri9n0bozwomm</sha1>
</revision>
