<page>
<page>
<title>abacinariam</title>
<ns>0</ns>
<id>196983</id>
<revision>
<id>2283294</id>
<parentid>1966941</parentid>
<timestamp>2017-04-27T04:41:19Z</timestamp>
<contributor>
<username>HydrizBot</username>
<id>29590</id>
</contributor>
<minor />
<comment>Robô: A limpar links interwikis antigos</comment>
<model>wikitext</model>
<format>text/x-wiki</format>
<text bytes="177" xml:space="preserve">={{-pt-}}=
==Forma verbal==
'''abacinariam'''
#[[terceira pessoa]] do [[plural]] do [[futuro do pretérito]] do verbo '''[[abacinar]]'''
[[Categoria:Forma verbal (Português)]]</text>
<sha1>cntlbygj5bfri3a84h8zj1u80hfmeh8</sha1>
</revision>
