<page>
<page>
<title>abacora</title>
<ns>0</ns>
<id>99078</id>
<revision>
<id>2492306</id>
<parentid>2283331</parentid>
<timestamp>2018-03-31T10:20:37Z</timestamp>
<contributor>
<username>ValJor</username>
<id>1358</id>
</contributor>
<comment>Um verbete a menos usando a [[Predefinição:flex.es.fem|predefinição flex.es.fem]]</comment>
<model>wikitext</model>
<format>text/x-wiki</format>
<text bytes="370" xml:space="preserve">={{-es-}}=
==Substantivo==
{{flex.es|fs=abacora|fp=abacoras}}
'''a.ba.{{grifar|co}}.ra''', {{gramática|f}}
# [[atum]]
==={{-varort-}}===
* [[albacora]]
=={{etimologia|es}}==
{{llietimo|la|albacora|es}}
=={{pronúncia|es}}==
* [[AFI]]: {{AFI|/a.βa.ˈko.ɾa/}}
[[Categoria:Substantivo (Espanhol)]]
[[Categoria:Polissílabo (Espanhol)]]
[[Categoria:Peixe (Espanhol)]]</text>
<sha1>tmk0pv555f7c0ul4vbu1jj63vwlbtqv</sha1>
</revision>
