<page>
<title>abacelassem</title>
<ns>0</ns>
<id>202695</id>
<revision>
<id>2283247</id>
<parentid>1966922</parentid>
<timestamp>2017-04-27T04:39:36Z</timestamp>
<contributor>
<username>HydrizBot</username>
<id>29590</id>
</contributor>
<minor />
<comment>Robô: A limpar links interwikis antigos</comment>
<model>wikitext</model>
<format>text/x-wiki</format>
<text bytes="212" xml:space="preserve">={{-pt-}}=
==Forma verbal==
'''a.ba.ce.&lt;u&gt;las&lt;/u&gt;.sem'''
#[[terceira pessoa]] do [[plural]] do [[pretérito imperfeito]] do [[modo subjuntivo]] do verbo '''[[abacelar]]'''
[[Categoria:Forma verbal (Português)]]</text>
<sha1>aw6fzto4otmrgp8axc1pblvk4xekv46</sha1>
</revision>
</page>
