<page>
<title>abacharelarem</title>
<ns>0</ns>
<id>392435</id>
<revision>
<id>2483698</id>
<parentid>2483696</parentid>
<timestamp>2018-02-08T01:22:58Z</timestamp>
<contributor>
<username>MIL973</username>
<id>41339</id>
</contributor>
<model>wikitext</model>
<format>text/x-wiki</format>
<text bytes="309" xml:space="preserve">={{-pt-}}=
==Forma verbal==
{{paroxítona|a|ba|cha|re|la|rem}}
# terceira pessoa do plural do futuro do {{PEPB|inline=1|conjuntivo|subjuntivo}} do verbo [[abacharelar]]
# infinitivo pessoal da terceira pessoa do plural do verbo abacharelar
{{avi-for-fle|abacharelar}}
[[Categoria:Forma verbal (Português)]]</text>
<sha1>abkce1oz7fp1p2w9t0xs0j07tlyz4zi</sha1>
</revision>
</page>
