<page>
<title>abaco</title>
<ns>0</ns>
<id>135963</id>
<revision>
<id>2514092</id>
<parentid>2283330</parentid>
<timestamp>2018-08-02T03:49:56Z</timestamp>
<contributor>
<username>RodrigoTavares</username>
<id>8588</id>
</contributor>
<comment>/* {{-it-}} */</comment>
<model>wikitext</model>
<format>text/x-wiki</format>
<text bytes="661" xml:space="preserve">={{-it-}}=
==Substantivo==
'''{{grifar|a}}.ba.co''' {{m}} {{datação|século XIII}}
{{flex.pt|ms=abaco|mp=abachi}}
# {{escopo|it|história|mobiliário}} [[espécie]] de [[mesa]] [[utilizada]] pelos [[grego]]s e [[romano]]s
# {{escopo|it|matemática}} [[quadro]] que [[permitir|permite]] [[representar]] e [[operar]] os [[número]]s por [[meio]] das [[configuração|configurações]] de [[argola]]s que [[deslizam]] em [[haste]]s [[fixa]]s; ábaco
[[Categoria: Substantivo (Italiano)]]
={{-ia-}}=
==Substantivo==
{{flex.ia|s=abaco|p=abacos}}
'''abaco'''
#[[ábaco]], [[instrumento]] usado para [[efetuar]] [[conta]]s
[[Categoria:Substantivo (Interlíngua)]]</text>
<sha1>oz7y2qx76xe8tiykzk1hybpjppuz5o8</sha1>
</revision>
</page>
