<page>
<title>abacateiral</title>
<ns>0</ns>
<id>93399</id>
<revision>
<id>2604909</id>
<parentid>2604815</parentid>
<timestamp>2020-12-18T19:47:53Z</timestamp>
<contributor>
<username>Manandez</username>
<id>47395</id>
</contributor>
<minor />
<comment>Adequação.</comment>
<model>wikitext</model>
<format>text/x-wiki</format>
<text bytes="451" xml:space="preserve">={{-pt-}}=
==Substantivo==
{{flex.pt|ms=abacateiral|mp=abacateirais}}
{{oxítona|a|ba|ca|tei|ral}}, {{gramática|m}}
# {{escopo|pt|Botânica}} [[plantação]] de [[abacateiro]]s
=={{etimologia|pt}}==
: {{escopo|Morfologia}} Do substantivo ''[[abacateiro]]'' + sufixo ''[[-al]]''.
==Ver também==
===No Wikcionário===
* [[abacatal]]
==Ligações externas==
* {{Michaelis}}
[[Categoria:Substantivo (Português)]]
[[Categoria:Coletivo (Português)]]</text>
<sha1>1fj6yxg3vkl7zkso6wqnpf4qhncrxj8</sha1>
</revision>
</page>
