<page>
<page>
<title>abacharelada</title>
<ns>0</ns>
<id>392541</id>
<revision>
<id>2484117</id>
<parentid>2484116</parentid>
<timestamp>2018-02-10T00:25:48Z</timestamp>
<contributor>
<username>MIL973</username>
<id>41339</id>
</contributor>
<model>wikitext</model>
<format>text/x-wiki</format>
<text bytes="191" xml:space="preserve">={{-pt-}}=
==Forma de adjetivo==
{{paroxítona|a|ba|cha|re|la|da}}, {{gramática|f}}
# feminino de [[abacharelado]]
{{avi-for-fle|abacharelado}}
[[Categoria:Forma de adjetivo (Português)]]</text>
<sha1>mggpg699e1erhjbkw9nkdy88rzgtyt7</sha1>
</revision>
