<page>
<title>abacinasse</title>
<ns>0</ns>
<id>206587</id>
<revision>
<id>2283303</id>
<parentid>2022037</parentid>
<timestamp>2017-04-27T04:41:39Z</timestamp>
<contributor>
<username>HydrizBot</username>
<id>29590</id>
</contributor>
<minor />
<comment>Robô: A limpar links interwikis antigos</comment>
<model>wikitext</model>
<format>text/x-wiki</format>
<text bytes="261" xml:space="preserve">={{-pt-}}=
==Forma verbal==
{{paroxítona|a|ba|ci|nas|se}}
# primeira e terceira pessoa do singular do pretérito imperfeito do modo {{PEPB|inline=1|conjuntivo|subjuntivo}} do verbo [[abacinar]]
{{avi-for-fle|abacinar}}
[[Categoria:Forma verbal (Português)]]</text>
<sha1>7wp5a426upobowseq43z86896xmlurs</sha1>
</revision>
</page>
