<page>
<title>abacinaríeis</title>
<ns>0</ns>
<id>195647</id>
<revision>
<id>2283301</id>
<parentid>1987458</parentid>
<timestamp>2017-04-27T04:41:33Z</timestamp>
<contributor>
<username>HydrizBot</username>
<id>29590</id>
</contributor>
<minor />
<comment>Robô: A limpar links interwikis antigos</comment>
<model>wikitext</model>
<format>text/x-wiki</format>
<text bytes="202" xml:space="preserve">={{-pt-}}=
==Forma verbal==
{{paroxítona|a|ba|ci|na|rí|eis}}
# segunda pessoa do plural do futuro do pretérito do verbo [[abacinar]]
{{avi-for-fle|abacinar}}
[[Categoria:Forma verbal (Português)]]</text>
<sha1>1jafexbm94zdlor1qnjn37nxw0cy7ni</sha1>
</revision>
</page>
