<page>
<page>
<title>abacatal</title>
<ns>0</ns>
<id>429049</id>
<revision>
<id>2604910</id>
<parentid>2604816</parentid>
<timestamp>2020-12-18T20:01:09Z</timestamp>
<contributor>
<username>Manandez</username>
<id>47395</id>
</contributor>
<minor />
<comment>Adequação.</comment>
<model>wikitext</model>
<format>text/x-wiki</format>
<text bytes="473" xml:space="preserve">={{-pt-}}=
==Substantivo==
{{flex.pt|ms=abacatal|mp=abacatais}}
{{oxítona|a|ba|ca|tal}}, {{gramática|m}}
# {{escopo|pt|Brasil|Botânica}} [[plantação]] ou [[cultivo]] de [[abacate]]s
=={{etimologia|pt}}==
: {{escopo|Morfologia}} do substantivo ''[[abacate]]'' + sufixo ''[[-al]]''.
==Ver também==
===No Wikcionário===
* [[abacateiral]]
==Ligações externas==
* {{Aulete}}
* {{Michaelis}}
[[Categoria:Substantivo (Português)]]
[[Categoria:Coletivo (Português)]]</text>
<sha1>f9l9u9ntw009ffqw30vb2qafcjhr57z</sha1>
</revision>
