<page>
<title>abacate</title>
<ns>0</ns>
<id>1924</id>
<revision>
<id>2629028</id>
<parentid>2625514</parentid>
<timestamp>2021-04-03T09:17:00Z</timestamp>
<contributor>
<username>ValJor</username>
<id>1358</id>
</contributor>
<comment>Eliminando [[ahuacaʼ]] da lista de [[Especial:Lonelypages|órfãos]]</comment>
<model>wikitext</model>
<format>text/x-wiki</format>
<text bytes="2418" xml:space="preserve">{{Wikipédia|lang=pt}}
[[Imagem:Avocado Bowl Green.jpg|thumb|right|250px|{{centro|Abacate}}]]
={{-pt-}}=
==Substantivo==
{{flex.pt|ms=abacate|mp=abacates}}
{{paroxítona|a|ba|ca|te}}, {{gramática|m}}, {{datação|antes de 1776}}
# {{escopo|pt|Botânica}} o [[fruto]] [[comestível]] do [[abacateiro]], árvore que pertence à família do loureiro (''[[wikispecies:Persea americana|Persea americana]]'' / ''Persea drymifolia''), [[árvore]] originária do [[México]]
#* ''São mudas de laranja, acerola, mexerica, carambola, '''abacate''', jabuticaba, jaca, maracujá, pinha, goiaba, manga, tamarindo, cambuci e pinha'' {{OESP|2008|julho|13}}
===Sinônimos===
{{verTambém.Ini}}
* [[abacado]]
{{verTambém.NovaColuna}}
* [[pera-de-advogado]]
{{verTambém.Fim}}
===Tradução===
{{tradini}}
* {{t|de|Avocado|f}}
* {{trad|kea|bakáti}}
* {{trad|ch|alagatapeha'}}
* {{trad|cs|avokádo}}
* {{trad|zh|酪梨}}
* {{trad-|ko|아보카도|(abokado)}}
* {{trad|es|aguacate|palta|cura}}
* {{trad|eo|avokado}}
* {{trad|fi|avokado}}
* {{t|fr|avocat|m}}
* {{trad|gl|aguacate}}
* {{trad-|el|αβοκάντο|(avoká[n]do)}}
* {{trad-|he|אָבוֹקָדו|(avocado)}}
* {{trad|nl|avocado}}
* {{trad|io|avokado}}
* {{trad|id|alpukat}}
{{tradmeio}}
* {{trad|en|avocado|avocado pear|alligator pear|butter-fruit|butter pear|midshipman's butter}}
* {{trad|ia|avocato}}
* {{trad|ga|piorra|abhcóide}}
* {{trad|is|lárpera|avókadó}}
* {{t|it|avocado|m}}
* {{trad-|ja|アボカド|(abokado)}}
* {{trad|mt|avokado}}
* {{trad|nah|auacatl}}
* {{trad|nhx|ahuacaʼ}}
* {{trad|pua|kupanda}}
* {{trad-|ru|авокадо|(avokado)}}
* {{trad|se|avokado}}
* {{trad|sw|parachichi}}
* {{trad-|ta|வெண்ணைப் பழம்|(veNNai pazham)}}
{{tradfim}}
=={{etimologia|pt}}==
{{llietimo|nah|auacatl|pt|ponto=não}} pelo {{etm|es|pt}} {{etimo|es|aguacate}}.
=={{pronúncia|pt}}==
===Brasil===
* AFI: {{AFI|/a.ba.ˈka.tʃi/}}
* X-SAMPA: /a.ba.&quot;ka.tSi/
===Portugal===
* AFI: {{AFI|/ɐ.bɐ.ˈka.tɨ/}}
==Ver também==
===No Wikcionário===
{{verTambém.Ini}}
* [[abacate-do-mato]]
{{verTambém.NovaColuna|33}}
* [[abacaterana]]
{{verTambém.NovaColuna|33}}
* [[abacateiro]]
{{verTambém.Fim}}
==Ligações externas==
* {{Aulete}}
* {{Michaelis}}
* {{DicioAberto}}
* {{DPLP}}
* {{Infopédia}}
* {{PLP}}
* {{VOLPABL}}
[[Categoria:Substantivo (Português)]]
[[Categoria:Fruta (Português)]]
[[Categoria:Entrada com imagem (Português)]]</text>
<sha1>kskv52ij0gxy52lpykmoqk00emby6xe</sha1>
</revision>
</page>
