<page>
<page>
<title>abacharelarás</title>
<ns>0</ns>
<id>392496</id>
<revision>
<id>2483980</id>
<parentid>2483979</parentid>
<timestamp>2018-02-09T00:19:30Z</timestamp>
<contributor>
<username>MIL973</username>
<id>41339</id>
</contributor>
<model>wikitext</model>
<format>text/x-wiki</format>
<text bytes="251" xml:space="preserve">{{ver também|abacharelaras}}
={{-pt-}}=
==Forma verbal==
{{oxítona|a|ba|cha|re|la|rás}}
# segunda pessoa do singular do futuro do presente do indicativo do verbo [[abacharelar]]
{{avi-for-fle|abacharelar}}
[[Categoria:Forma verbal (Português)]]</text>
<sha1>2lx08jurkfs7a0hy978f0h983tzz5ea</sha1>
</revision>
