<page>
<page>
<title>abacharelado</title>
<ns>0</ns>
<id>392538</id>
<revision>
<id>2484110</id>
<parentid>2484109</parentid>
<timestamp>2018-02-10T00:23:00Z</timestamp>
<contributor>
<username>MIL973</username>
<id>41339</id>
</contributor>
<model>wikitext</model>
<format>text/x-wiki</format>
<text bytes="448" xml:space="preserve">={{-pt-}}=
==Adjetivo==
{{flex.pt|ms=abacharelado|mp=abacharelados|fs=abacharelada|fp=abachareladas}}
{{paroxítona|a|ba|cha|re|la|do}}, {{gramática|m}}
# {{escopo|pt|Educação}} que [[abacharelar|abacharelou]]
===Sinônimo===
* [[bacharelado]]
=={{etimologia|pt}}==
: Particípio do verbo [[abacharelar]].
==Ver também==
===No Wikcionário===
{{colunas|2}}
* [[bacharel]]
* [[bacharelar]]
{{colunas/fim}}
[[Categoria:Adjetivo (Português)]]</text>
<sha1>tt25xjjnectigzu493bhuks6dygurw4</sha1>
</revision>
