<page>
<page>
<title>abacinam</title>
<ns>0</ns>
<id>161488</id>
<revision>
<id>2283280</id>
<parentid>1966937</parentid>
<timestamp>2017-04-27T04:40:53Z</timestamp>
<contributor>
<username>HydrizBot</username>
<id>29590</id>
</contributor>
<minor />
<comment>Robô: A limpar links interwikis antigos</comment>
<model>wikitext</model>
<format>text/x-wiki</format>
<text bytes="184" xml:space="preserve">={{-pt-}}=
==Forma verbal==
'''abacinam'''
#[[terceira pessoa]] do [[plural]] do [[presente]] do [[modo indicativo]] do verbo '''[[abacinar]]'''
[[Categoria:Forma verbal (Português)]]</text>
<sha1>d09and6nzi6clvawag6wojrkvzynxnk</sha1>
</revision>
