<page>
<title>abacharelaras</title>
<ns>0</ns>
<id>392522</id>
<revision>
<id>2484078</id>
<parentid>2484077</parentid>
<timestamp>2018-02-10T00:06:04Z</timestamp>
<contributor>
<username>MIL973</username>
<id>41339</id>
</contributor>
<model>wikitext</model>
<format>text/x-wiki</format>
<text bytes="264" xml:space="preserve">{{ver também|abacharelarás}}
={{-pt-}}=
==Forma verbal==
{{paroxítona|a|ba|cha|re|la|ras}}
# segunda pessoa do singular do pretérito mais-que-perfeito do indicativo do verbo [[abacharelar]]
{{avi-for-fle|abacharelar}}
[[Categoria:Forma verbal (Português)]]</text>
<sha1>sioeg7lrplm1m8pwutcx0zdufdd4dpn</sha1>
</revision>
</page>
