<page>
<title>abactinal</title>
<ns>0</ns>
<id>324877</id>
<revision>
<id>2283337</id>
<parentid>2215703</parentid>
<timestamp>2017-04-27T04:43:02Z</timestamp>
<contributor>
<username>HydrizBot</username>
<id>29590</id>
</contributor>
<minor />
<comment>Robô: A limpar links interwikis antigos</comment>
<model>wikitext</model>
<format>text/x-wiki</format>
<text bytes="496" xml:space="preserve">={{-pt-}}=
==Adjetivo==
{{flex.pt|s=abactinal|p=abactinais}}
{{oxítona|a|bac|ti|nal}}, {{gramática|c2g}}
# relacionado, em equinodermos, à parte mais distante da boca; [[abatinal]]
#* ''Papulas em grupos e situadas apenas na região '''abactinal'''.''
===Sinônimos===
* De '''1''': [[aboral]]
==Ver também==
===No Wikcionário===
{{verTambém.Ini}}
* [[abactinalmente]]
* [[abatinalmente]]
{{verTambém.NovaColuna}}
* [[aboralmente]]
{{verTambém.Fim}}
[[Categoria:Adjetivo (Português)]]</text>
<sha1>8ln2fgiirrnlsmuut26y088atuakmb2</sha1>
</revision>
</page>
