<page>
<page>
<title>abacatais</title>
<ns>0</ns>
<id>429051</id>
<revision>
<id>2604915</id>
<parentid>2604696</parentid>
<timestamp>2020-12-18T20:13:33Z</timestamp>
<contributor>
<username>Manandez</username>
<id>47395</id>
</contributor>
<minor />
<comment>Adequação.</comment>
<model>wikitext</model>
<format>text/x-wiki</format>
<text bytes="180" xml:space="preserve">={{-pt-}}=
==Forma de substantivo==
{{oxítona|a|ba|ca|tais}}, {{gramática|m}}
# plural de [[abacatal]]
{{avi-for-fle|abacatal}}
[[Categoria: Forma de substantivo (Português)]]</text>
<sha1>8iyu6p70hd2tzeeh0lr5uypxyuofng7</sha1>
</revision>
