<page>
<title>abachareladas</title>
<ns>0</ns>
<id>392539</id>
<revision>
<id>2484112</id>
<parentid>2484111</parentid>
<timestamp>2018-02-10T00:23:54Z</timestamp>
<contributor>
<username>MIL973</username>
<id>41339</id>
</contributor>
<model>wikitext</model>
<format>text/x-wiki</format>
<text bytes="200" xml:space="preserve">={{-pt-}}=
==Forma de adjetivo==
{{paroxítona|a|ba|cha|re|la|das}}, {{gramática|fp}}
# feminino plural de [[abacharelado]]
{{avi-for-fle|abacharelado}}
[[Categoria:Forma de adjetivo (Português)]]</text>
<sha1>izdf9fpzsv9nwuxgnn1xg0a4czno7g4</sha1>
</revision>
</page>
