<page>
<title>abacino</title>
<ns>0</ns>
<id>154265</id>
<revision>
<id>2283317</id>
<parentid>1910870</parentid>
<timestamp>2017-04-27T04:42:08Z</timestamp>
<contributor>
<username>HydrizBot</username>
<id>29590</id>
</contributor>
<minor />
<comment>Robô: A limpar links interwikis antigos</comment>
<model>wikitext</model>
<format>text/x-wiki</format>
<text bytes="182" xml:space="preserve">={{-pt-}}=
==Forma verbal==
'''abacino'''
#[[primeira]] [[pessoa]] do [[singular]] do [[presente]] [[indicativo]] do verbo '''[[abacinar]]'''
[[Categoria:Forma verbal (Português)]]</text>
<sha1>by2a6qel0z05nporskp6vfhbuyolee6</sha1>
</revision>
</page>
