<page>
<title>abaci</title>
<ns>0</ns>
<id>63483</id>
<revision>
<id>2663895</id>
<parentid>2283276</parentid>
<timestamp>2022-03-07T09:37:55Z</timestamp>
<contributor>
<username>ValJor</username>
<id>1358</id>
</contributor>
<comment>Substituindo a [[Especial:Páginas_afluentes/Predefinição:escopoCat|predefinição escopoCat]] por escopo</comment>
<model>wikitext</model>
<format>text/x-wiki</format>
<text bytes="1839" xml:space="preserve">[[Imagem:Abacus addition.png|thumb|right|250px|{{centro|Ábacos}}]]
={{-pt-}}=
==Substantivo==
{{paroxítona|a|ba|ci}}, {{gramática|m}}
# {{escopo|pt|Economia}} antiga moeda de prata que circulava na [[Pérsia]] e na [[Índia]] e que foi cunhada sob ordem do [[xá]] Abaz I
# unidade de medida de [[massa]], equivalente à 0,1458 [[grama|g]], que usava-se na região mediterrânica do [[Levante]] para pesar pedras preciosas e pérolas
=={{etimologia|pt}}==
{{llietimo|ar|عباس|pt|ʿabbās|}}
==Referências==
{{verTambém.Ini}}
* &lt;span style=&quot;font-variant:small-caps;&quot;&gt;Alves,&lt;/span&gt; Adalberto. “abaci”. ''[https://books.google.com.br/books?id=LzveAgAAQBAJ&amp;printsec=frontcover&amp;hl=pt-BR#v=onepage&amp;q&amp;f=true Dicionário de Arabismos da Língua Portuguesa]''. Lisboa: Imprensa Nacional-Casa da Moeda, 2013.
* &lt;span style=&quot;font-variant:small-caps;&quot;&gt;Sociedade de Língua Portuguesa (1965).&lt;/span&gt; ''Boletim da Sociedade de Língua Portuguesa''. Vol. 16-17.
{{verTambém.Fim}}
[[Categoria:Substantivo (Português)]]
[[Categoria:Moeda (Português)]]
={{-en-}}=
==Forma de substantivo==
'''{{grifar.Palavra|a}}.ba.ci''', {{gramática|p}}
# [[ábaco]]s, plural irregular de '''''[[abacus#Inglês|abacus]]'''''
{{avi-for-fle|abacus}}
==={{PEPB|Sinónimos|Sinônimos|inline=1}}===
* [[abacuses]]
=={{etimologia|en}}==
{{llietimo|la|abaci|en}}
=={{pronúncia|en}}==
===Estados Unidos===
* [[AFI]]: {{AFI|/'æb.ə.kaɪ/}}
* [[X-SAMPA]]: /&quot;{b.@.kaI/
[[Categoria:Forma de substantivo (Inglês)]]
[[Categoria:Trissílabo (Inglês)]]
[[Categoria:Proparoxítona (Inglês)]]
[[Categoria:Entrada com imagem (Inglês)]]
={{-la-}}=
==Forma de substantivo==
'''a.ba.ci'''
# [[ábaco]]s, plural irregular de '''''[[abacus#Latim|abacus]]'''''
{{avi-for-fle|abacus}}
[[Categoria:Forma de substantivo (Latim)]]
[[Categoria:Trissílabo (Latim)]]</text>
<sha1>kkyhgeeyztaevix1rg8ta2v77v4uitg</sha1>
</revision>
</page>
