<page>
<page>
<title>abacelam</title>
<ns>0</ns>
<id>160232</id>
<revision>
<id>2283222</id>
<parentid>1966891</parentid>
<timestamp>2017-04-27T04:38:51Z</timestamp>
<contributor>
<username>HydrizBot</username>
<id>29590</id>
</contributor>
<minor />
<comment>Robô: A limpar links interwikis antigos</comment>
<model>wikitext</model>
<format>text/x-wiki</format>
<text bytes="194" xml:space="preserve">={{-pt-}}=
==Forma verbal==
'''a.ba.&lt;u&gt;ce&lt;/u&gt;.lam'''
#[[terceira pessoa]] do [[plural]] do [[presente]] do [[modo indicativo]] do verbo '''[[abacelar]]'''
[[Categoria:Forma verbal (Português)]]</text>
<sha1>eya9n5oq895cpjkrcbnpbi2mw6d9e8u</sha1>
</revision>
