<page>
<page>
<title>abachareles</title>
<ns>0</ns>
<id>392442</id>
<revision>
<id>2483722</id>
<parentid>2483721</parentid>
<timestamp>2018-02-08T01:34:29Z</timestamp>
<contributor>
<username>MIL973</username>
<id>41339</id>
</contributor>
<model>wikitext</model>
<format>text/x-wiki</format>
<text bytes="311" xml:space="preserve">={{-pt-}}=
==Forma verbal==
{{paroxítona|a|ba|cha|re|les}}
# segunda pessoa do singular do presente do {{PEPB|inline=1|conjuntivo|subjuntivo}} do verbo [[abacharelar]]
# segunda pessoa do singular do imperativo negativo do verbo abacharelar
{{avi-for-fle|abacharelar}}
[[Categoria:Forma verbal (Português)]]</text>
<sha1>alqww486sg8wp0snb1zc8y2kya5lj6g</sha1>
</revision>
