<page>
<page>
<title>abacharelai</title>
<ns>0</ns>
<id>392489</id>
<revision>
<id>2483966</id>
<parentid>2483965</parentid>
<timestamp>2018-02-09T00:13:17Z</timestamp>
<contributor>
<username>MIL973</username>
<id>41339</id>
</contributor>
<model>wikitext</model>
<format>text/x-wiki</format>
<text bytes="203" xml:space="preserve">={{-pt-}}=
==Forma verbal==
{{oxítona|a|ba|cha|re|lai}}
# segunda pessoa do plural do imperativo afirmativo do verbo [[abacharelar]]
{{avi-for-fle|abacharelar}}
[[Categoria:Forma verbal (Português)]]</text>
<sha1>jvbcs5shkb0zkooukw7vuq42e2je9i6</sha1>
</revision>
