<page>
<title>abacateirais</title>
<ns>0</ns>
<id>429050</id>
<revision>
<id>2604914</id>
<parentid>2604695</parentid>
<timestamp>2020-12-18T20:12:41Z</timestamp>
<contributor>
<username>Manandez</username>
<id>47395</id>
</contributor>
<minor />
<comment>Adequação.</comment>
<model>wikitext</model>
<format>text/x-wiki</format>
<text bytes="190" xml:space="preserve">={{-pt-}}=
==Forma de substantivo==
{{oxítona|a|ba|ca|tei|rais}}, {{gramática|m}}
# plural de [[abacateiral]]
{{avi-for-fle|abacateiral}}
[[Categoria: Forma de substantivo (Português)]]</text>
<sha1>nf9aowxufynadvc30vb6p9b3c4mt94o</sha1>
</revision>
</page>
