<page>
<page>
<title>abacalhoar</title>
<ns>0</ns>
<id>33418</id>
<revision>
<id>2283211</id>
<parentid>2037979</parentid>
<timestamp>2017-04-27T04:38:25Z</timestamp>
<contributor>
<username>HydrizBot</username>
<id>29590</id>
</contributor>
<minor />
<comment>Robô: A limpar links interwikis antigos</comment>
<model>wikitext</model>
<format>text/x-wiki</format>
<text bytes="252" xml:space="preserve">={{-pt-}}=
==Verbo==
{{oxítona|a|ba|ca|lho|ar}}
# [[transferir]] a [[forma]] do [[bacalhau]] para
===Conjugação===
{{conj/pt|abacalh|oar}}
=={{etimologia|pt}}==
: '''Morfologia''': [[a-]] + [[bacalhau]] + [[-ar]].
[[Categoria:Verbo (Português)]]</text>
<sha1>8687tdqkb24fm9dyvm3t9sua4ow1roh</sha1>
</revision>
