<page>
<page>
<title>abacinamos</title>
<ns>0</ns>
<id>158539</id>
<revision>
<id>2519791</id>
<parentid>2283281</parentid>
<timestamp>2018-09-22T14:29:04Z</timestamp>
<contributor>
<username>Defender</username>
<id>15952</id>
</contributor>
<comment>Acrescentando a predefinição avi-for-fle</comment>
<model>wikitext</model>
<format>text/x-wiki</format>
<text bytes="369" xml:space="preserve">={{-pt-}}=
==Forma verbal==
{{paroxítona|a|ba|ci|na|mos}}
#[[primeira pessoa]] do [[plural]] do [[presente]] do [[modo indicativo]] do verbo '''[[abacinar]]'''
#{{escopo2|grafia brasileira}} [[primeira pessoa]] do [[plural]] do [[pretérito perfeito]] do [[modo indicativo]] do verbo '''[[abacinar]]'''
{{avi-for-fle|abacinar}}
[[Categoria:Forma verbal (Português)]]</text>
<sha1>nryb4uet2zh4efjg8og4iryb9q5smsa</sha1>
</revision>
