<page>
<page>
<title>abacaxi</title>
<ns>0</ns>
<id>1922</id>
<revision>
<id>2683764</id>
<parentid>2683614</parentid>
<timestamp>2022-07-15T18:35:41Z</timestamp>
<contributor>
<username>Itleda</username>
<id>86989</id>
</contributor>
<model>wikitext</model>
<format>text/x-wiki</format>
<text bytes="2435" xml:space="preserve">{{Wikipédia}}
{{Wikispecies|Ananas}}
{{Commons|Category:Pineapple}}
[[Imagem:Ananas.jpg|thumb|right|250px|&lt;center&gt;Abacaxi&lt;sup&gt;1&lt;/sup&gt;&lt;/center&gt;]]
={{-pt-}}=
==Substantivo==
{{flex.pt|ms=abacaxi|mp=abacaxis}}
{{oxítona|a|ba|ca|xi}}, {{gramática|m}}, {{datação|antes de 1776}}
# {{escopo|pt|Fruta}} [[fruta]] originária da América tropical, [[comestível]], de polpa [[açucarado|açucarada]], proveniente do [[abacaxizeiro]]
# {{escopo|pt|Popular}} [[situação]] ou coisa [[problemático|problemática]]
# {{escopo|pt|Gíria}} pessoa ou coisa [[maçante]], [[complicado|complicada]] ou [[desagradável]]
# {{escopo|pt|Gíria|Imprensa}} [[matéria]] [[desinteressante]], mas de [[publicação]] [[inevitável]]
# {{escopo|pt|Nordeste do Brasil}} [[dançarino]] [[desajeitado]]
# {{escopo|pt|pejorativo|insulto étnico}} [[lusitano]]
===Expressões===
* '''[[descascar abacaxi]]''':
===Sinônimos===
De '''1''' (fruta): [[ananás]]
De '''2''' (situação problemática):
{{dividir em colunas|3}}
* {{escopo|pt|Brasil|Gíria}} [[pepino]]
* [[complicação]]
* [[dificuldade]]
{{dividir em colunas/fim}}
===Tradução===
{{tradini|De 1 (fruta)}}
* {{trad|de|Ananas}}
* {{trad|cod|nana}}
* {{trad|es|piña}}
* {{t|fr|ananas|m}}
* {{t|ka|ანანასი||ananasi}}
* {{trad|el|ανανάς}}
* {{trad|hi|अनन्नास}}
* {{trad|en|pineapple}}
{{tradmeio}}
* {{t|it|ananasso|m}}
* {{trad|ja|パイナップル}}
* {{trad|nci|matzahtli}}
* {{trad|pl|ananas}}
* {{trad|tet|ai-nanas}}
* {{trad|ur|انناس}}
{{tradfim}}
{{tradini|De 2 (situação problemática)}}
* {{trad|de|Ärger}}
* {{trad|es|embrollo}}
* {{trad|fr|problème}}
{{tradmeio}}
* {{trad|en|cock-up}}
* {{trad|it|sbroglio}}
{{tradfim}}
=={{etimologia|pt}}==
: Do {{etm|tu|pt}}: {{etimo|tu|ybá}}/{{etimo|tu|iuá}} (''fruta'') + {{etimo|tu|kati}} (''recendente'', ''cheirosa'').
=={{pronúncia|pt}}==
===Brasil===
====Carioca====
* [[AFI]]: /a.ba.ka.ˈʃi/
* [[X-SAMPA]]: /a.ba.ka.&quot;Si/
===Portugal===
* AFI: {{AFI|/ɐ.bɐ.kɐ.ˈʃi/}}
==Ver também==
===No Wikcionário===
'''Termos 1''':
{{dividir em colunas|3}}
* [[abacaxi-branco]]
* [[abacaxi-de-tingir]]
* [[abacaxizeiro]]
{{dividir em colunas/fim}}
'''Termos 2''':
* [[jabuticaba]]
==Ligações externas==
* {{Aulete}}
* {{Michaelis}}
* {{DicioAberto}}
* {{DPLP}}
* {{Infopédia}}
* {{PLP}}
* {{VOLPABL}}
[[Categoria:Substantivo (Português)]]
[[Categoria:Entrada com imagem (Português)]]</text>
<sha1>6xsqia97uzic4hdhpoksnes2ztw34xl</sha1>
</revision>
