<page>
<page>
<title>abacaterana</title>
<ns>0</ns>
<id>63482</id>
<revision>
<id>2519796</id>
<parentid>1181159</parentid>
<timestamp>2018-09-22T14:35:24Z</timestamp>
<contributor>
<username>Defender</username>
<id>15952</id>
</contributor>
<comment>Acrescentando código de língua à [[:Categoria:!Página com mensagem de erro em predefinição|predefinição escopo]]</comment>
<model>wikitext</model>
<format>text/x-wiki</format>
<text bytes="547" xml:space="preserve">={{-pt-}}=
==Substantivo==
{{paroxítona|a|ba|ca|te|ra|na}}, {{g|f}}
# {{escopo|pt|Botânica}} [[árvore|Árvore]] [[da]] [[família]] [[das]] [[lauráceas]] (''Persea lavigata''), de [[madeira]] [[pardacento|pardacenta]], de flores amareladas e futos em forma de baga
===Sinônimos===
{{verTambém.Ini}}
*[[abacatirana]]
*[[bacatirana]]
{{verTambém.NovaColuna}}
*[[louro-rosa]]
*[[nectandra]]
{{verTambém.Fim}}
=={{etimologia|pt}}==
:De [[abacate]] + [[rana]] (''do tupi-guarani'': falso, semelhante a)
[[Categoria:Substantivo (Português)]]</text>
<sha1>tezpsdc5jekpj3hd220t4skwwon3wce</sha1>
</revision>
