<page>
<page>
<title>abacaxis</title>
<ns>0</ns>
<id>181804</id>
<revision>
<id>2605641</id>
<parentid>2605640</parentid>
<timestamp>2020-12-26T10:08:05Z</timestamp>
<contributor>
<username>Manandez</username>
<id>47395</id>
</contributor>
<minor />
<comment>Informações.</comment>
<model>wikitext</model>
<format>text/x-wiki</format>
<text bytes="178" xml:space="preserve">={{-pt-}}=
==Forma de substantivo==
{{oxítona|a|ba|ca|xis}}, {{gramática|mp}}
# plural de [[abacaxi]]
{{avi-for-fle|abacaxi}}
[[Categoria:Forma de substantivo (Português)]].</text>
<sha1>678e1sqo5k6gymqnlvxk5xyxhds0ocd</sha1>
</revision>
