<page>
<page>
<title>abacisco</title>
<ns>0</ns>
<id>16200</id>
<revision>
<id>2283326</id>
<parentid>2042222</parentid>
<timestamp>2017-04-27T04:42:27Z</timestamp>
<contributor>
<username>HydrizBot</username>
<id>29590</id>
</contributor>
<minor />
<comment>Robô: A limpar links interwikis antigos</comment>
<model>wikitext</model>
<format>text/x-wiki</format>
<text bytes="434" xml:space="preserve">={{-pt-}}=
==Substantivo==
{{flex.pt|ms=abacisco|mp=abaciscos}}
{{paroxítona|a|ba|cis|co}}, {{m}}
# {{escopo|Arquitetura}} diminutivo de [[ábaco]]; [[abáculo]]
# {{escopo|Arquitetura}} pequena divisão quadricular ou pavimento de mosaico, etc
===Sinônimos===
{{verTambém.Ini}}
* [[ábaco]]
{{verTambém.NovaColuna}}
* [[abáculo]]
{{verTambém.Fim}}
[[Categoria:Substantivo (Português)]]
[[Categoria:Arquitetura (Português)]]</text>
<sha1>1zob5pc4dduad2r199rx97r6v72iqlk</sha1>
</revision>
