<page>
<page>
<title>abacharelaria</title>
<ns>0</ns>
<id>392490</id>
<revision>
<id>2556168</id>
<parentid>2483968</parentid>
<timestamp>2019-10-06T08:59:15Z</timestamp>
<contributor>
<username>ValJor</username>
<id>1358</id>
</contributor>
<minor />
<comment>Melhorando a apresentação do verbete</comment>
<model>wikitext</model>
<format>text/x-wiki</format>
<text bytes="315" xml:space="preserve">={{-pt-}}=
==Forma verbal==
{{paroxítona|a|ba|cha|re|la|ri|a}}
# primeira pessoa do singular do futuro do pretérito do indicativo do verbo [[abacharelar]]
# terceira pessoa do singular do futuro do pretérito do indicativo do verbo abacharelar
{{avi-for-fle|abacharelar}}
[[Categoria:Forma verbal (Português)]]</text>
<sha1>5pm66ncoxwj0kvvo49s2bmm35k78rej</sha1>
</revision>
