<page>
<page>
<title>abachareleis</title>
<ns>0</ns>
<id>392444</id>
<revision>
<id>2483731</id>
<parentid>2483730</parentid>
<timestamp>2018-02-08T01:37:30Z</timestamp>
<contributor>
<username>MIL973</username>
<id>41339</id>
</contributor>
<model>wikitext</model>
<format>text/x-wiki</format>
<text bytes="305" xml:space="preserve">={{-pt-}}=
==Forma verbal==
{{oxítona|a|ba|cha|re|leis}}
# segunda pessoa do plural do presente do {{PEPB|inline=1|conjuntivo|subjuntivo}} do verbo [[abacharelar]]
# segunda pessoa do plural do imperativo negativo do verbo abacharelar
{{avi-for-fle|abacharelar}}
[[Categoria:Forma verbal (Português)]]</text>
<sha1>m3i5qdvox1bsfbi0df9ylxz1o1zxs7r</sha1>
</revision>
