<page>
<page>
<title>abacharelava</title>
<ns>0</ns>
<id>392530</id>
<revision>
<id>2484094</id>
<parentid>2484093</parentid>
<timestamp>2018-02-10T00:14:11Z</timestamp>
<contributor>
<username>MIL973</username>
<id>41339</id>
</contributor>
<model>wikitext</model>
<format>text/x-wiki</format>
<text bytes="315" xml:space="preserve">={{-pt-}}=
==Forma verbal==
{{paroxítona|a|ba|cha|re|la|va}}
# primeira pessoa do singular do pretérito imperfeito do indicativo do verbo [[abacharelar]]
# terceira pessoa do singular do pretérito imperfeito do indicativo do verbo abacharelar
{{avi-for-fle|abacharelar}}
[[Categoria:Forma verbal (Português)]]</text>
<sha1>thol73i8o2f6abjcakmwkytdkazfv5l</sha1>
</revision>
