<page>
<title>abacates</title>
<ns>0</ns>
<id>84217</id>
<revision>
<id>2283216</id>
<parentid>2190793</parentid>
<timestamp>2017-04-27T04:38:37Z</timestamp>
<contributor>
<username>HydrizBot</username>
<id>29590</id>
</contributor>
<minor />
<comment>Robô: A limpar links interwikis antigos</comment>
<model>wikitext</model>
<format>text/x-wiki</format>
<text bytes="237" xml:space="preserve">={{-pt-}}=
==Forma de substantivo==
{{paroxítona|a|ba|ca|tes}}
# plural de [[abacate]]
{{avi-for-fle|abacate}}
=={{pronúncia|pt}}==
===Brasil===
* {{afi|a.ba.ˈka.tʃis|a.ba.&quot;ka.tSis}}
[[Categoria:Forma de substantivo (Português)]]</text>
<sha1>ce4kr52mngcr9s4jipnxceyen1rtfms</sha1>
</revision>
</page>
