<page>
<page>
<title>abacelais</title>
<ns>0</ns>
<id>158571</id>
<revision>
<id>2283221</id>
<parentid>1966892</parentid>
<timestamp>2017-04-27T04:38:50Z</timestamp>
<contributor>
<username>HydrizBot</username>
<id>29590</id>
</contributor>
<minor />
<comment>Robô: A limpar links interwikis antigos</comment>
<model>wikitext</model>
<format>text/x-wiki</format>
<text bytes="194" xml:space="preserve">={{-pt-}}=
==Forma verbal==
'''a.ba.ce.&lt;u&gt;lais&lt;/u&gt;'''
#[[segunda pessoa]] do [[plural]] do [[presente]] do [[modo indicativo]] do verbo '''[[abacelar]]'''
[[Categoria:Forma verbal (Português)]]</text>
<sha1>7bleqrlsoef1bokpc3ixvcfmkypjvqs</sha1>
</revision>
