<page>
<title>abacines</title>
<ns>0</ns>
<id>219753</id>
<revision>
<id>2283316</id>
<parentid>1910862</parentid>
<timestamp>2017-04-27T04:42:05Z</timestamp>
<contributor>
<username>HydrizBot</username>
<id>29590</id>
</contributor>
<minor />
<comment>Robô: A limpar links interwikis antigos</comment>
<model>wikitext</model>
<format>text/x-wiki</format>
<text bytes="281" xml:space="preserve">={{-pt-}}=
==Forma verbal==
'''abacines'''
#[[segunda pessoa]] do [[singular]] do [[presente]] do [[modo subjuntivo]] do verbo '''[[abacinar]]'''
#[[segunda pessoa]] do [[singular]] do [[imperativo]] [[negativo]] do verbo '''[[abacinar]]'''
[[Categoria:Forma verbal (Português)]]</text>
<sha1>hwgixfblmv6z18oyhhmbccbgw188jmz</sha1>
</revision>
</page>
