<page>
<title>abacelas</title>
<ns>0</ns>
<id>154292</id>
<revision>
<id>2283245</id>
<parentid>1966924</parentid>
<timestamp>2017-04-27T04:39:32Z</timestamp>
<contributor>
<username>HydrizBot</username>
<id>29590</id>
</contributor>
<minor />
<comment>Robô: A limpar links interwikis antigos</comment>
<model>wikitext</model>
<format>text/x-wiki</format>
<text bytes="192" xml:space="preserve">={{-pt-}}=
==Forma verbal==
'''a.ba.&lt;u&gt;ce&lt;/u&gt;.las'''
#[[segunda]] [[pessoa]] do [[singular]] do [[presente]] [[indicativo]] do verbo '''[[abacelar]]'''
[[Categoria:Forma verbal (Português)]]</text>
<sha1>s5a7rqa8t2ygd55b91w8gemptywtxkv</sha1>
</revision>
</page>
