<page>
<title>abacelai</title>
<ns>0</ns>
<id>219964</id>
<revision>
<id>2283220</id>
<parentid>1966893</parentid>
<timestamp>2017-04-27T04:38:48Z</timestamp>
<contributor>
<username>HydrizBot</username>
<id>29590</id>
</contributor>
<minor />
<comment>Robô: A limpar links interwikis antigos</comment>
<model>wikitext</model>
<format>text/x-wiki</format>
<text bytes="188" xml:space="preserve">={{-pt-}}=
==Forma verbal==
'''a.ba.ce.&lt;u&gt;lai&lt;/u&gt;'''
#[[segunda pessoa]] do [[plural]] do [[imperativo]] [[afirmativo]] do verbo '''[[abacelar]]'''
[[Categoria:Forma verbal (Português)]]</text>
<sha1>cmqz0auatqgoepoik4m9fcdfzdalouy</sha1>
</revision>
</page>
