<page>
<title>abacelavas</title>
<ns>0</ns>
<id>161537</id>
<revision>
<id>2283253</id>
<parentid>1966916</parentid>
<timestamp>2017-04-27T04:39:48Z</timestamp>
<contributor>
<username>HydrizBot</username>
<id>29590</id>
</contributor>
<minor />
<comment>Robô: A limpar links interwikis antigos</comment>
<model>wikitext</model>
<format>text/x-wiki</format>
<text bytes="211" xml:space="preserve">={{-pt-}}=
==Forma verbal==
'''a.ba.ce.&lt;u&gt;la&lt;/u&gt;.vas'''
#[[segunda pessoa]] do [[singular]] do [[pretérito imperfeito]] do [[modo indicativo]] do verbo '''[[abacelar]]'''
[[Categoria:Forma verbal (Português)]]</text>
<sha1>awjnacscjsa7jsy9n809ftks7litln8</sha1>
</revision>
</page>
