<page>
<title>abacaleros</title>
<ns>0</ns>
<id>142713</id>
<revision>
<id>2504928</id>
<parentid>2283210</parentid>
<timestamp>2018-05-29T10:19:41Z</timestamp>
<contributor>
<username>ValJor</username>
<id>1358</id>
</contributor>
<comment>Um verbete a menos usando a [[Predefinição:flex.es.masc|predefinição flex.es.masc]]</comment>
<model>wikitext</model>
<format>text/x-wiki</format>
<text bytes="254" xml:space="preserve">={{-es-}}=
==Forma de substantivo==
'''a.ba.ca.{{grifar|le}}.ros'''
# plural de [[abacalero]]
{{avi-for-fle|abacalero}}
=={{pronúncia|es}}==
* [[AFI]]: /aβaka'leros/
[[Categoria:Forma de substantivo (Espanhol)]]
[[Categoria:Polissílabo (Espanhol)]]</text>
<sha1>bc78ykai2xsxwjqivahc9g4ma5bg2pl</sha1>
</revision>
</page>
