<page>
<title>abacharelares</title>
<ns>0</ns>
<id>392432</id>
<revision>
<id>2483691</id>
<parentid>2483690</parentid>
<timestamp>2018-02-08T01:19:32Z</timestamp>
<contributor>
<username>MIL973</username>
<id>41339</id>
</contributor>
<model>wikitext</model>
<format>text/x-wiki</format>
<text bytes="311" xml:space="preserve">={{-pt-}}=
==Forma verbal==
{{paroxítona|a|ba|cha|re|la|res}}
# segunda pessoa do singular do futuro do {{PEPB|inline=1|conjuntivo|subjuntivo}} do verbo [[abacharelar]]
# infinitivo pessoal da segunda pessoa do singular do verbo abacharelar
{{avi-for-fle|abacharelar}}
[[Categoria:Forma verbal (Português)]]</text>
<sha1>aph6gw60ioppeu5ndgw7hcgxk58ggpa</sha1>
</revision>
</page>
