<page>
<title>abacineis</title>
<ns>0</ns>
<id>218338</id>
<revision>
<id>2283313</id>
<parentid>1966952</parentid>
<timestamp>2017-04-27T04:41:59Z</timestamp>
<contributor>
<username>HydrizBot</username>
<id>29590</id>
</contributor>
<minor />
<comment>Robô: A limpar links interwikis antigos</comment>
<model>wikitext</model>
<format>text/x-wiki</format>
<text bytes="278" xml:space="preserve">={{-pt-}}=
==Forma verbal==
'''abacineis'''
#[[segunda pessoa]] do [[plural]] do [[presente]] do [[modo subjuntivo]] do verbo '''[[abacinar]]'''
#[[segunda pessoa]] do [[plural]] do [[imperativo]] [[negativo]] do verbo '''[[abacinar]]'''
[[Categoria:Forma verbal (Português)]]</text>
<sha1>rqy74m9gh4poa3ajpokduaje9zuf5z6</sha1>
</revision>
</page>
