<page>
<title>abacista</title>
<ns>0</ns>
<id>63486</id>
<revision>
<id>2283327</id>
<parentid>1911779</parentid>
<timestamp>2017-04-27T04:42:30Z</timestamp>
<contributor>
<username>HydrizBot</username>
<id>29590</id>
</contributor>
<minor />
<comment>Robô: A limpar links interwikis antigos</comment>
<model>wikitext</model>
<format>text/x-wiki</format>
<text bytes="647" xml:space="preserve">={{-pt-}}=
==Substantivo==
{{flex.pt|s=abacista|p=abacistas}}
{{paroxítona|a|ba|cis|ta}}
# [[pessoa]] que [[utilizar|utiliza]] o [[ábaco]] para [[calcular]]
===Tradução===
{{tradini}}
* {{t|de|Abakist|m}}
* {{trad|es|abacista}}
{{tradmeio}}
* {{trad|en|abacist}}
* {{trad|it|abacista}}
{{tradfim}}
=={{etimologia|pt}}==
: {{escopo|Morfologia}} [[ábaco]] + [[-ista]].
[[Categoria:Substantivo (Português)]]
={{-es-}}=
==Substantivo==
'''abacista'''
# [[abacista#Português|abacista]]
[[Categoria:Substantivo (Espanhol)]]
={{-it-}}=
==Substantivo==
'''abacista'''
# [[abacista#Português|abacista]]
[[Categoria:Substantivo (Italiano)]]</text>
<sha1>2xw0sh21ouzycu15dru7io1tpmmx2dr</sha1>
</revision>
</page>
