<page>
<title>abacado</title>
<ns>0</ns>
<id>123231</id>
<revision>
<id>2283206</id>
<parentid>1900620</parentid>
<timestamp>2017-04-27T04:38:15Z</timestamp>
<contributor>
<username>HydrizBot</username>
<id>29590</id>
</contributor>
<minor />
<comment>Robô: A limpar links interwikis antigos</comment>
<model>wikitext</model>
<format>text/x-wiki</format>
<text bytes="153" xml:space="preserve">={{-pt-}}=
==Substantivo==
'''a.ba.ca.do''' ''masculino''
# [[o]] [[mesmo]] [[que]] '''[[abacate]]''' (''fruto'').
[[Categoria:Substantivo (Português)]]</text>
<sha1>swomm5ijzk56iflmjxuv4x9os48e77j</sha1>
</revision>
</page>
