<page>
<page>
<title>abacharelariam</title>
<ns>0</ns>
<id>392494</id>
<revision>
<id>2483976</id>
<parentid>2483975</parentid>
<timestamp>2018-02-09T00:17:49Z</timestamp>
<contributor>
<username>MIL973</username>
<id>41339</id>
</contributor>
<model>wikitext</model>
<format>text/x-wiki</format>
<text bytes="225" xml:space="preserve">={{-pt-}}=
==Forma verbal==
{{paroxítona|a|ba|cha|re|la|ri|am}}
# terceira pessoa do plural do futuro do pretérito do indicativo do verbo [[abacharelar]]
{{avi-for-fle|abacharelar}}
[[Categoria:Forma verbal (Português)]]</text>
<sha1>e21amdez4w54y1iukhq6fhri2yer6cr</sha1>
</revision>
