<page>
<title>abacinou</title>
<ns>0</ns>
<id>174324</id>
<revision>
<id>2283318</id>
<parentid>1966950</parentid>
<timestamp>2017-04-27T04:42:10Z</timestamp>
<contributor>
<username>HydrizBot</username>
<id>29590</id>
</contributor>
<minor />
<comment>Robô: A limpar links interwikis antigos</comment>
<model>wikitext</model>
<format>text/x-wiki</format>
<text bytes="197" xml:space="preserve">={{-pt-}}=
==Forma verbal==
'''abacinou'''
#[[terceira pessoa]] do [[singular]] do [[pretérito perfeito]] do [[modo indicativo]] do verbo '''[[abacinar]]'''
[[Categoria:Forma verbal (Português)]]</text>
<sha1>da0yj1ox52f4j3ppzzkncvtyuqxzb3j</sha1>
</revision>
</page>
