<page>
<page>
<title>abacelavam</title>
<ns>0</ns>
<id>168845</id>
<revision>
<id>2283252</id>
<parentid>1966917</parentid>
<timestamp>2017-04-27T04:39:46Z</timestamp>
<contributor>
<username>HydrizBot</username>
<id>29590</id>
</contributor>
<minor />
<comment>Robô: A limpar links interwikis antigos</comment>
<model>wikitext</model>
<format>text/x-wiki</format>
<text bytes="210" xml:space="preserve">={{-pt-}}=
==Forma verbal==
'''a.ba.ce.&lt;u&gt;la&lt;/u&gt;.vam'''
#[[terceira pessoa]] do [[plural]] do [[pretérito imperfeito]] do [[modo indicativo]] do verbo '''[[abacelar]]'''
[[Categoria:Forma verbal (Português)]]</text>
<sha1>g17kbysedtv4wepix1d9cozt692tayy</sha1>
</revision>
