<page>
<title>abacelámos</title>
<ns>0</ns>
<id>164378</id>
<revision>
<id>2283262</id>
<parentid>1966907</parentid>
<timestamp>2017-04-27T04:40:04Z</timestamp>
<contributor>
<username>HydrizBot</username>
<id>29590</id>
</contributor>
<minor />
<comment>Robô: A limpar links interwikis antigos</comment>
<model>wikitext</model>
<format>text/x-wiki</format>
<text bytes="262" xml:space="preserve">={{-pt-}}=
==Forma verbal==
'''a.ba.ce.&lt;u&gt;lá&lt;/u&gt;.mos'''
#{{escopo|grafia lusitana}} [[primeira pessoa]] do [[plural]] do [[pretérito perfeito]] do [[modo indicativo]] do verbo '''[[abacelar]]'''
[[Categoria:Forma verbal (Português)]]
[[Categoria:Lusitanismo]]</text>
<sha1>rcghfp3dk0edoecj7j1ytdnxn80c055</sha1>
</revision>
</page>
