<page>
<title>abacalhoo</title>
<ns>0</ns>
<id>152710</id>
<revision>
<id>2283212</id>
<parentid>1966895</parentid>
<timestamp>2017-04-27T04:38:27Z</timestamp>
<contributor>
<username>HydrizBot</username>
<id>29590</id>
</contributor>
<minor />
<comment>Robô: A limpar links interwikis antigos</comment>
<model>wikitext</model>
<format>text/x-wiki</format>
<text bytes="186" xml:space="preserve">={{-pt-}}=
==Forma verbal==
'''abacalhoo'''
#[[primeira]] [[pessoa]] do [[singular]] do [[presente]] [[indicativo]] do verbo '''[[abacalhoar]]'''
[[Categoria:Forma verbal (Português)]]</text>
<sha1>q080ywung87pvtp1ho6aimm0cqg4gzf</sha1>
</revision>
</page>
