<page>
<page>
<title>abacinaríamos</title>
<ns>0</ns>
<id>194340</id>
<revision>
<id>2283300</id>
<parentid>1966961</parentid>
<timestamp>2017-04-27T04:41:31Z</timestamp>
<contributor>
<username>HydrizBot</username>
<id>29590</id>
</contributor>
<minor />
<comment>Robô: A limpar links interwikis antigos</comment>
<model>wikitext</model>
<format>text/x-wiki</format>
<text bytes="180" xml:space="preserve">={{-pt-}}=
==Forma verbal==
'''abacinaríamos'''
#[[primeira pessoa]] do [[plural]] do [[futuro do pretérito]] do verbo '''[[abacinar]]'''
[[Categoria:Forma verbal (Português)]]</text>
<sha1>j1wkxhsrg2ga8e218qrx951uz8igj7j</sha1>
</revision>
