<page>
<title>abacelaste</title>
<ns>0</ns>
<id>171704</id>
<revision>
<id>2283249</id>
<parentid>1966920</parentid>
<timestamp>2017-04-27T04:39:40Z</timestamp>
<contributor>
<username>HydrizBot</username>
<id>29590</id>
</contributor>
<minor />
<comment>Robô: A limpar links interwikis antigos</comment>
<model>wikitext</model>
<format>text/x-wiki</format>
<text bytes="209" xml:space="preserve">={{-pt-}}=
==Forma verbal==
'''a.ba.ce.&lt;u&gt;las&lt;/u&gt;.te'''
#[[segunda pessoa]] do [[singular]] do [[pretérito perfeito]] do [[modo indicativo]] do verbo '''[[abacelar]]'''
[[Categoria:Forma verbal (Português)]]</text>
<sha1>avnby9he1mtkj2j4xa75md69gip4gw9</sha1>
</revision>
</page>
