<page>
<title>abacelariam</title>
<ns>0</ns>
<id>195711</id>
<revision>
<id>2283237</id>
<parentid>1966897</parentid>
<timestamp>2017-04-27T04:39:18Z</timestamp>
<contributor>
<username>HydrizBot</username>
<id>29590</id>
</contributor>
<minor />
<comment>Robô: A limpar links interwikis antigos</comment>
<model>wikitext</model>
<format>text/x-wiki</format>
<text bytes="189" xml:space="preserve">={{-pt-}}=
==Forma verbal==
'''a.ba.ce.la.&lt;u&gt;ri&lt;/u&gt;.am'''
#[[terceira pessoa]] do [[plural]] do [[futuro do pretérito]] do verbo '''[[abacelar]]'''
[[Categoria:Forma verbal (Português)]]</text>
<sha1>cjq02ej633sq2bf7mpov1fwqfce98di</sha1>
</revision>
</page>
