<page>
<page>
<title>abacharelemos</title>
<ns>0</ns>
<id>392443</id>
<revision>
<id>2483727</id>
<parentid>2483726</parentid>
<timestamp>2018-02-08T01:36:19Z</timestamp>
<contributor>
<username>MIL973</username>
<id>41339</id>
</contributor>
<model>wikitext</model>
<format>text/x-wiki</format>
<text bytes="386" xml:space="preserve">={{-pt-}}=
==Forma verbal==
{{paroxítona|a|ba|cha|re|le|mos}}
# primeira pessoa do plural do presente do {{PEPB|inline=1|conjuntivo|subjuntivo}} do verbo [[abacharelar]]
# primeira pessoa do plural do imperativo afirmativo do verbo abacharelar
# primeira pessoa do plural do imperativo negativo do verbo abacharelar
{{avi-for-fle|abacharelar}}
[[Categoria:Forma verbal (Português)]]</text>
<sha1>pxa7v7r1qvz90j0kggvui5jbhv955cm</sha1>
</revision>
