<page>
<page>
<title>abacharelaremos</title>
<ns>0</ns>
<id>392498</id>
<revision>
<id>2483984</id>
<parentid>2483983</parentid>
<timestamp>2018-02-09T00:21:15Z</timestamp>
<contributor>
<username>MIL973</username>
<id>41339</id>
</contributor>
<model>wikitext</model>
<format>text/x-wiki</format>
<text bytes="224" xml:space="preserve">={{-pt-}}=
==Forma verbal==
{{paroxítona|a|ba|cha|re|la|re|mos}}
# primeira pessoa do plural do futuro do presente do indicativo do verbo [[abacharelar]]
{{avi-for-fle|abacharelar}}
[[Categoria:Forma verbal (Português)]]</text>
<sha1>f1baijraua2xfipgbkqtpggkf6uo3a9</sha1>
</revision>
