<page>
<page>
<title>abacelarei</title>
<ns>0</ns>
<id>183345</id>
<revision>
<id>2283231</id>
<parentid>1966883</parentid>
<timestamp>2017-04-27T04:39:08Z</timestamp>
<contributor>
<username>HydrizBot</username>
<id>29590</id>
</contributor>
<minor />
<comment>Robô: A limpar links interwikis antigos</comment>
<model>wikitext</model>
<format>text/x-wiki</format>
<text bytes="187" xml:space="preserve">={{-pt-}}=
==Forma verbal==
'''a.ba.ce.la.&lt;u&gt;rei&lt;/u&gt;'''
#[[primeira pessoa]] do [[singular]] do [[futuro do presente]] do verbo '''[[abacelar]]'''
[[Categoria:Forma verbal (Português)]]</text>
<sha1>cadekgus56esgreif545sz43m6w7l1p</sha1>
</revision>
