<page>
<title>abacináveis</title>
<ns>0</ns>
<id>168675</id>
<revision>
<id>2283325</id>
<parentid>1966943</parentid>
<timestamp>2017-04-27T04:42:25Z</timestamp>
<contributor>
<username>HydrizBot</username>
<id>29590</id>
</contributor>
<minor />
<comment>Robô: A limpar links interwikis antigos</comment>
<model>wikitext</model>
<format>text/x-wiki</format>
<text bytes="200" xml:space="preserve">={{-pt-}}=
==Forma verbal==
'''abacináveis'''
#[[segunda pessoa]] do [[plural]] do [[pretérito imperfeito]] do [[modo indicativo]] do verbo '''[[abacinar]]'''
[[Categoria:Forma verbal (Português)]]</text>
<sha1>nd6jqu3mffq21zgpqu5z8ax7ep3dqmd</sha1>
</revision>
</page>
