<page>
<title>abacharelarão</title>
<ns>0</ns>
<id>392500</id>
<revision>
<id>2483988</id>
<parentid>2483987</parentid>
<timestamp>2018-02-09T00:23:01Z</timestamp>
<contributor>
<username>MIL973</username>
<id>41339</id>
</contributor>
<model>wikitext</model>
<format>text/x-wiki</format>
<text bytes="248" xml:space="preserve">{{confundir|abacharelaram}}
={{-pt-}}=
==Forma verbal==
{{oxítona|a|ba|cha|re|la|rão}}
# terceira pessoa do plural do futuro do presente do indicativo do verbo [[abacharelar]]
{{avi-for-fle|abacharelar}}
[[Categoria:Forma verbal (Português)]]</text>
<sha1>awwda7hhqnht8tcmkortx4ue1jh9r9g</sha1>
</revision>
</page>
