<page>
<page>
<title>abaceleis</title>
<ns>0</ns>
<id>217063</id>
<revision>
<id>2283256</id>
<parentid>1966913</parentid>
<timestamp>2017-04-27T04:39:53Z</timestamp>
<contributor>
<username>HydrizBot</username>
<id>29590</id>
</contributor>
<minor />
<comment>Robô: A limpar links interwikis antigos</comment>
<model>wikitext</model>
<format>text/x-wiki</format>
<text bytes="288" xml:space="preserve">={{-pt-}}=
==Forma verbal==
'''a.ba.ce.&lt;u&gt;leis&lt;/u&gt;'''
#[[segunda pessoa]] do [[plural]] do [[presente]] do [[modo subjuntivo]] do verbo '''[[abacelar]]'''
#[[segunda pessoa]] do [[plural]] do [[imperativo]] [[negativo]] do verbo '''[[abacelar]]'''
[[Categoria:Forma verbal (Português)]]</text>
<sha1>tauvndowldtp22t654pzcm1qyo1nykt</sha1>
</revision>
