<page>
<title>abacharelardes</title>
<ns>0</ns>
<id>392434</id>
<revision>
<id>2483695</id>
<parentid>2483694</parentid>
<timestamp>2018-02-08T01:21:57Z</timestamp>
<contributor>
<username>MIL973</username>
<id>41339</id>
</contributor>
<model>wikitext</model>
<format>text/x-wiki</format>
<text bytes="308" xml:space="preserve">={{-pt-}}=
==Forma verbal==
{{paroxítona|a|ba|cha|re|lar|des}}
# segunda pessoa do plural do futuro do {{PEPB|inline=1|conjuntivo|subjuntivo}} do verbo [[abacharelar]]
# infinitivo pessoal da segunda pessoa do plural do verbo abacharelar
{{avi-for-fle|abacharelar}}
[[Categoria:Forma verbal (Português)]]</text>
<sha1>pl7ftzbhyjyswv9aetny2qlzmwq6rr8</sha1>
</revision>
</page>
