<page>
<page>
<title>abacinavas</title>
<ns>0</ns>
<id>162832</id>
<revision>
<id>2283310</id>
<parentid>1966955</parentid>
<timestamp>2017-04-27T04:41:54Z</timestamp>
<contributor>
<username>HydrizBot</username>
<id>29590</id>
</contributor>
<minor />
<comment>Robô: A limpar links interwikis antigos</comment>
<model>wikitext</model>
<format>text/x-wiki</format>
<text bytes="200" xml:space="preserve">={{-pt-}}=
==Forma verbal==
'''abacinavas'''
#[[segunda pessoa]] do [[singular]] do [[pretérito imperfeito]] do [[modo indicativo]] do verbo '''[[abacinar]]'''
[[Categoria:Forma verbal (Português)]]</text>
<sha1>md68oxgxpib6bl4iczk5hfrzepxxnie</sha1>
</revision>
