<page>
<page>
<title>abacelarias</title>
<ns>0</ns>
<id>199999</id>
<revision>
<id>2283238</id>
<parentid>1966900</parentid>
<timestamp>2017-04-27T04:39:20Z</timestamp>
<contributor>
<username>HydrizBot</username>
<id>29590</id>
</contributor>
<minor />
<comment>Robô: A limpar links interwikis antigos</comment>
<model>wikitext</model>
<format>text/x-wiki</format>
<text bytes="190" xml:space="preserve">={{-pt-}}=
==Forma verbal==
'''a.ba.ce.la.&lt;u&gt;ri&lt;/u&gt;.as'''
#[[segunda pessoa]] do [[singular]] do [[futuro do pretérito]] do verbo '''[[abacelar]]'''
[[Categoria:Forma verbal (Português)]]</text>
<sha1>4j8d6smsrhe23k7s4qnujhj3s6tahd7</sha1>
</revision>
