<page>
<title>abacelara</title>
<ns>0</ns>
<id>177189</id>
<revision>
<id>2283227</id>
<parentid>1966887</parentid>
<timestamp>2017-04-27T04:39:00Z</timestamp>
<contributor>
<username>HydrizBot</username>
<id>29590</id>
</contributor>
<minor />
<comment>Robô: A limpar links interwikis antigos</comment>
<model>wikitext</model>
<format>text/x-wiki</format>
<text bytes="244" xml:space="preserve">={{-pt-}}=
==Forma verbal==
'''a.ba.ce.&lt;u&gt;la&lt;/u&gt;.ra'''
#[[primeira pessoa|primeira]] e [[terceira pessoa|terceira pessoas]] do [[singular]] do [[pretérito mais-que-perfeito]] do verbo '''[[abacelar]]'''
[[Categoria:Forma verbal (Português)]]</text>
<sha1>f5f778yfr5ncuyn5isid2rd76g2ta91</sha1>
</revision>
</page>
