<page>
<title>abacináreis</title>
<ns>0</ns>
<id>183142</id>
<revision>
<id>2283321</id>
<parentid>1966947</parentid>
<timestamp>2017-04-27T04:42:16Z</timestamp>
<contributor>
<username>HydrizBot</username>
<id>29590</id>
</contributor>
<minor />
<comment>Robô: A limpar links interwikis antigos</comment>
<model>wikitext</model>
<format>text/x-wiki</format>
<text bytes="185" xml:space="preserve">={{-pt-}}=
==Forma verbal==
'''abacináreis'''
#[[segunda pessoa]] do [[plural]] do [[pretérito mais-que-perfeito]] do verbo '''[[abacinar]]'''
[[Categoria:Forma verbal (Português)]]</text>
<sha1>d3dbbkyfe2nvxi8onfmcnviecfi5syr</sha1>
</revision>
</page>
