<page>
<page>
<title>abacinarei</title>
<ns>0</ns>
<id>184615</id>
<revision>
<id>2283288</id>
<parentid>1966931</parentid>
<timestamp>2017-04-27T04:41:09Z</timestamp>
<contributor>
<username>HydrizBot</username>
<id>29590</id>
</contributor>
<minor />
<comment>Robô: A limpar links interwikis antigos</comment>
<model>wikitext</model>
<format>text/x-wiki</format>
<text bytes="176" xml:space="preserve">={{-pt-}}=
==Forma verbal==
'''abacinarei'''
#[[primeira pessoa]] do [[singular]] do [[futuro do presente]] do verbo '''[[abacinar]]'''
[[Categoria:Forma verbal (Português)]]</text>
<sha1>4q12s7xnyu4a5c449lxpl1hjoi2v2ff</sha1>
</revision>
