<page>
<page>
<title>abacharelarei</title>
<ns>0</ns>
<id>392495</id>
<revision>
<id>2483978</id>
<parentid>2483977</parentid>
<timestamp>2018-02-09T00:18:42Z</timestamp>
<contributor>
<username>MIL973</username>
<id>41339</id>
</contributor>
<model>wikitext</model>
<format>text/x-wiki</format>
<text bytes="220" xml:space="preserve">={{-pt-}}=
==Forma verbal==
{{oxítona|a|ba|cha|re|la|rei}}
# primeira pessoa do singular do futuro do presente do indicativo do verbo [[abacharelar]]
{{avi-for-fle|abacharelar}}
[[Categoria:Forma verbal (Português)]]</text>
<sha1>so05by6od8prbfw92wusaihabyohwzu</sha1>
</revision>
