<page>
<page>
<title>abacinaria</title>
<ns>0</ns>
<id>192987</id>
<revision>
<id>2283293</id>
<parentid>1966942</parentid>
<timestamp>2017-04-27T04:41:17Z</timestamp>
<contributor>
<username>HydrizBot</username>
<id>29590</id>
</contributor>
<minor />
<comment>Robô: A limpar links interwikis antigos</comment>
<model>wikitext</model>
<format>text/x-wiki</format>
<text bytes="209" xml:space="preserve">={{-pt-}}=
==Forma verbal==
'''abacinaria'''
#[[primeira pessoa|primeira]] e [[terceira pessoa]] do [[singular]] do [[futuro do pretérito]] do verbo '''[[abacinar]]'''
[[Categoria:Forma verbal (Português)]]</text>
<sha1>k09hrxvlhb8ucv84swbii9cukv86n4r</sha1>
</revision>
