<page>
<title>abacharelei</title>
<ns>0</ns>
<id>392526</id>
<revision>
<id>2484086</id>
<parentid>2484085</parentid>
<timestamp>2018-02-10T00:10:12Z</timestamp>
<contributor>
<username>MIL973</username>
<id>41339</id>
</contributor>
<model>wikitext</model>
<format>text/x-wiki</format>
<text bytes="218" xml:space="preserve">={{-pt-}}=
==Forma verbal==
{{oxítona|a|ba|cha|re|lei}}
# primeira pessoa do singular do pretérito perfeito do indicativo do verbo [[abacharelar]]
{{avi-for-fle|abacharelar}}
[[Categoria:Forma verbal (Português)]]</text>
<sha1>mlikw6zmxunm9nqdap3tbi96ocrlww3</sha1>
</revision>
</page>
