<page>
<title>abacharelastes</title>
<ns>0</ns>
<id>392529</id>
<revision>
<id>2484092</id>
<parentid>2484091</parentid>
<timestamp>2018-02-10T00:13:06Z</timestamp>
<contributor>
<username>MIL973</username>
<id>41339</id>
</contributor>
<model>wikitext</model>
<format>text/x-wiki</format>
<text bytes="222" xml:space="preserve">={{-pt-}}=
==Forma verbal==
{{paroxítona|a|ba|cha|re|las|tes}}
# segunda pessoa do plural do pretérito perfeito do indicativo do verbo [[abacharelar]]
{{avi-for-fle|abacharelar}}
[[Categoria:Forma verbal (Português)]]</text>
<sha1>7sv65spv6zg8st9tp87uar3pe9mot9m</sha1>
</revision>
</page>
