<page>
<page>
<title>abaca</title>
<ns>0</ns>
<id>260963</id>
<revision>
<id>2283205</id>
<parentid>1900621</parentid>
<timestamp>2017-04-27T04:38:13Z</timestamp>
<contributor>
<username>HydrizBot</username>
<id>29590</id>
</contributor>
<minor />
<comment>Robô: A limpar links interwikis antigos</comment>
<model>wikitext</model>
<format>text/x-wiki</format>
<text bytes="88" xml:space="preserve">={{-fr-}}=
==Substantivo==
'''abaca'''
# [[abacá]]
[[Categoria:Substantivo (Francês)]]</text>
<sha1>3fndsjtbeyflmoudpe9x0nfkayty6cv</sha1>
</revision>
