<page>
<title>abacelaríamos</title>
<ns>0</ns>
<id>193068</id>
<revision>
<id>2283243</id>
<parentid>1966926</parentid>
<timestamp>2017-04-27T04:39:28Z</timestamp>
<contributor>
<username>HydrizBot</username>
<id>29590</id>
</contributor>
<minor />
<comment>Robô: A limpar links interwikis antigos</comment>
<model>wikitext</model>
<format>text/x-wiki</format>
<text bytes="193" xml:space="preserve">={{-pt-}}=
==Forma verbal==
'''a.ba.ce.la.&lt;u&gt;rí&lt;/u&gt;.a.mos'''
#[[primeira pessoa]] do [[plural]] do [[futuro do pretérito]] do verbo '''[[abacelar]]'''
[[Categoria:Forma verbal (Português)]]</text>
<sha1>od04zfytivvkf2tc3ykgbqyz0kavt72</sha1>
</revision>
</page>
