<page>
<page>
<title>abacinaras</title>
<ns>0</ns>
<id>179937</id>
<revision>
<id>2283286</id>
<parentid>1910855</parentid>
<timestamp>2017-04-27T04:41:05Z</timestamp>
<contributor>
<username>HydrizBot</username>
<id>29590</id>
</contributor>
<minor />
<comment>Robô: A limpar links interwikis antigos</comment>
<model>wikitext</model>
<format>text/x-wiki</format>
<text bytes="185" xml:space="preserve">={{-pt-}}=
==Forma verbal==
'''abacinaras'''
#[[segunda pessoa]] do [[singular]] do [[pretérito mais-que-perfeito]] do verbo '''[[abacinar]]'''
[[Categoria:Forma verbal (Português)]]</text>
<sha1>2u3hqqjwtqqtuenlvr1e5is18wr36sh</sha1>
</revision>
