<page>
<page>
<title>abachareláveis</title>
<ns>0</ns>
<id>392533</id>
<revision>
<id>2484100</id>
<parentid>2484099</parentid>
<timestamp>2018-02-10T00:16:46Z</timestamp>
<contributor>
<username>MIL973</username>
<id>41339</id>
</contributor>
<model>wikitext</model>
<format>text/x-wiki</format>
<text bytes="225" xml:space="preserve">={{-pt-}}=
==Forma verbal==
{{paroxítona|a|ba|cha|re|lá|veis}}
# segunda pessoa do plural do pretérito imperfeito do indicativo do verbo [[abacharelar]]
{{avi-for-fle|abacharelar}}
[[Categoria:Forma verbal (Português)]]</text>
<sha1>r1sgrj1jed5kiajq3h1aiqgdmc52gv8</sha1>
</revision>
