<page>
<title>abacateiro</title>
<ns>0</ns>
<id>6526</id>
<revision>
<id>2636291</id>
<parentid>2283215</parentid>
<timestamp>2021-06-01T19:23:14Z</timestamp>
<contributor>
<username>Maykeinwiki</username>
<id>81160</id>
</contributor>
<comment>/* Substantivo */Melhorei o escopo</comment>
<model>wikitext</model>
<format>text/x-wiki</format>
<text bytes="1440" xml:space="preserve">[[Ficheiro:Persea americana fruit.JPG|thumb|180px|right|Abacate e folhagem do '''abacateiro''']]
={{-pt-}}=
==Substantivo== 
{{flex.pt|ms=abacateiro|mp=abacateiros}}
{{paroxítona|a|ba|ca|tei|ro}} {{m}} {{datação|1881}}
# {{escopo|pt|botânica}} [[árvore]] de [[até]] [[vinte|20]] [[metro]]s (''Persea americana'') da [[família]] das ''lauráceas'', de [[folha]]s lanceoladas, [[pequeno|pequenas]] [[flor]]es [[geralmente]] [[verde|esverdeadas]], e [[baga|bagas]] [[ovóide|ovoides]] ou piriformes, com [[semente]] [[esférico|esférica]], [[envolta]] por [[polpa]] [[verde]] e [[amarelo|amarelada]]. Nativa da [[América Central]] e do [[México]], cultivada atualmente por todo o Mundo, tem várias [[propriedade]]s medicinais e os [[fruto]]s são pequenos em [[estado]] silvestre, mas as [[variedade]]s cultivadas têm frutos [[grandes]], com polpa nutritiva, [[especialmente]] usada em [[salada]]s e em [[sobremesa]]s.
===Sinônimos===
* [[abacado]]
===Tradução===
{{tradini}}
* {{trad|de|Advocadobaum}}
* {{trad|kea|bakatera}}
{{tradmeio}}
* {{trad|en|avocado tree}}
{{tradfim}}
===Verbetes derivados===
* [[abacateiral]]
==Ver também==
===No Wikcionário===
* [[abacate]]
===Na Wikipédia===
* [[w:abacate|abacate]]
* [[w:abacateiro|abacateiro]]
* [[w:Lauraceae|Lauraceae]]
* [[w:Persea|''Persea'']]
[[Categoria:Substantivo (Português)]]
[[Categoria:Árvore (Português)]]
[[Categoria:Entrada com imagem (Português)]]</text>
<sha1>4rqgz4dvlj9j6ix28dkiggx9f708x0d</sha1>
</revision>
</page>
