<page>
<page>
<title>abacinássemos</title>
<ns>0</ns>
<id>199770</id>
<revision>
<id>2283323</id>
<parentid>2036540</parentid>
<timestamp>2017-04-27T04:42:20Z</timestamp>
<contributor>
<username>HydrizBot</username>
<id>29590</id>
</contributor>
<minor />
<comment>Robô: A limpar links interwikis antigos</comment>
<model>wikitext</model>
<format>text/x-wiki</format>
<text bytes="256" xml:space="preserve">={{-pt-}}=
==Forma verbal==
{{proparoxítona|a|ba|ci|nás|se|mos}}
# primeira pessoa do plural do pretérito imperfeito do modo {{PEPB|inline=1|conjuntivo|subjuntivo}} do verbo [[abacinar]]
{{avi-for-fle|abacinar}}
[[Categoria:Forma verbal (Português)]]</text>
<sha1>b4g4wsoliqhqvueje34oeultwgxn2t0</sha1>
</revision>
