<page>
<title>abacinavam</title>
<ns>0</ns>
<id>170118</id>
<revision>
<id>2283309</id>
<parentid>1966956</parentid>
<timestamp>2017-04-27T04:41:52Z</timestamp>
<contributor>
<username>HydrizBot</username>
<id>29590</id>
</contributor>
<minor />
<comment>Robô: A limpar links interwikis antigos</comment>
<model>wikitext</model>
<format>text/x-wiki</format>
<text bytes="199" xml:space="preserve">={{-pt-}}=
==Forma verbal==
'''abacinavam'''
#[[terceira pessoa]] do [[plural]] do [[pretérito imperfeito]] do [[modo indicativo]] do verbo '''[[abacinar]]'''
[[Categoria:Forma verbal (Português)]]</text>
<sha1>2k8nbt84rvizjqfjj4vgtoqy1dtdjgm</sha1>
</revision>
</page>
