<page>
<title>abacalero</title>
<ns>0</ns>
<id>99344</id>
<revision>
<id>2283209</id>
<parentid>2141243</parentid>
<timestamp>2017-04-27T04:38:22Z</timestamp>
<contributor>
<username>HydrizBot</username>
<id>29590</id>
</contributor>
<minor />
<comment>Robô: A limpar links interwikis antigos</comment>
<model>wikitext</model>
<format>text/x-wiki</format>
<text bytes="345" xml:space="preserve">={{-es-}}=
==Substantivo==
{{flex.es|ms=abacalero|mp=abacaleros|fs=abacalera|fp=abacaleras}}
{{paroxítona|a|ba|ca|le|ro|lang=es}}
# pessoa que trabalha com [[abacá]] (fazendeiro, transportador ou vendedor)
=={{pronúncia|es}}==
*[[AFI]]: {{AFI|[a.βa.ka.ˈle.ɾo]}}
=={{etimologia|es}}==
:Do [[tagalo]].
[[Categoria:Substantivo (Espanhol)]]</text>
<sha1>iskfaaxl16dk448baxx9ohk1ke8asgy</sha1>
</revision>
</page>
