<page>
<page>
<title>abacinação</title>
<ns>0</ns>
<id>324875</id>
<revision>
<id>1830849</id>
<parentid>1826642</parentid>
<timestamp>2014-06-08T20:45:53Z</timestamp>
<contributor>
<username>YS-Bot</username>
<id>32241</id>
</contributor>
<minor />
<comment>r2.7.3) (Robô: A remover: [[eo:abacinação]], [[fi:abacinação]], [[zh:abacinação]]</comment>
<model>wikitext</model>
<format>text/x-wiki</format>
<text bytes="434" xml:space="preserve">={{-pt-}}=
==Substantivo==
{{flex.pt|fs=abacinação|fp=abacinações}}
{{oxítona|a|ba|ci|na|ção}}
# ato ou efeito de [[abacinar]], isto é, [[cegar]] aproximando os olhos de metal [[candente]].
===Tradução===
{{tradini}}
* {{trad|en|abacination}}
{{tradfim}}
=={{etimologia|pt}}==
: {{escopo|Morfologia}} [[abacinar]] + [[-ção]].
==Ver também==
===No Wikcionário===
* [[abacinar]]
[[Categoria:Substantivo (Português)]]</text>
<sha1>sq5vp7e1ogb12k7grwerjvwema8hm45</sha1>
</revision>
