<page>
<page>
<title>abacaleras</title>
<ns>0</ns>
<id>294067</id>
<revision>
<id>2283208</id>
<parentid>1910839</parentid>
<timestamp>2017-04-27T04:38:20Z</timestamp>
<contributor>
<username>HydrizBot</username>
<id>29590</id>
</contributor>
<minor />
<comment>Robô: A limpar links interwikis antigos</comment>
<model>wikitext</model>
<format>text/x-wiki</format>
<text bytes="202" xml:space="preserve">={{-es-}}=
==Forma de substantivo==
{{flex.es|[[abacalero]]|[[abacaleras]]}}
'''abacalera'''
# [[plural]] de '''[[abacalero]]'''
{{avi-for-fle|abacalera}}
[[Categoria:Forma de substantivo (Espanhol)]]</text>
<sha1>1uzwj26scschv4xpqf0y0al7lm4unbl</sha1>
</revision>
