<page>
<page>
<title>abacaxizeiro</title>
<ns>0</ns>
<id>5947</id>
<revision>
<id>2283219</id>
<parentid>2100415</parentid>
<timestamp>2017-04-27T04:38:47Z</timestamp>
<contributor>
<username>HydrizBot</username>
<id>29590</id>
</contributor>
<minor />
<comment>Robô: A limpar links interwikis antigos</comment>
<model>wikitext</model>
<format>text/x-wiki</format>
<text bytes="570" xml:space="preserve">[[Imagem:Young Pineapple.jpg|thumb|150px|right|Abacaxizeiro com fruta]]
={{-pt-}}=
==Substantivo==
{{flex.pt|ms=abacaxizeiro|mp=abacaxizeiros}}
{{paroxítona|a|ba|ca|xi|zei|ro}}
# planta [[tropical]] do gênero ''Ananas'' que dá como fruto o [[abacaxi]]
===Tradução===
{{tradini}}
* {{trad|de|Ananaspflanze}}
{{tradmeio}}
* {{trad|en|pineapple}}
{{tradfim}}
=={{etimologia|pt}}==
: {{escopo|Morfologia}} [[abacaxi]] + [[-zeiro]].
==Ver também==
===Na Wikipédia===
* [[w:ananás|ananás]]
[[Categoria:Substantivo (Português)]]
[[Categoria:Planta (Português)]]</text>
<sha1>szcws0zsb2gyyw9nui9qmew5ksefy40</sha1>
</revision>
