<page>
<page>
<title>abacalhoámos</title>
<ns>0</ns>
<id>311019</id>
<revision>
<id>2283213</id>
<parentid>1966894</parentid>
<timestamp>2017-04-27T04:38:28Z</timestamp>
<contributor>
<username>HydrizBot</username>
<id>29590</id>
</contributor>
<minor />
<comment>Robô: A limpar links interwikis antigos</comment>
<model>wikitext</model>
<format>text/x-wiki</format>
<text bytes="270" xml:space="preserve">={{-pt-}}=
==Forma verbal==
{{paroxítona|a|ba|ca|lho|á|mos}}
#{{escopo|grafia lusitana}} [[primeira pessoa]] do [[plural]] do [[pretérito perfeito]] do [[modo indicativo]] do verbo '''[[abacalhoar]]'''
[[Categoria:Forma verbal (Português)]]
[[Categoria:Lusitanismo]]</text>
<sha1>h8985xr2tuviiovd11o0azvcsp88c8v</sha1>
</revision>
