<page>
<page>
<title>abacinásseis</title>
<ns>0</ns>
<id>202612</id>
<revision>
<id>2283322</id>
<parentid>2036527</parentid>
<timestamp>2017-04-27T04:42:18Z</timestamp>
<contributor>
<username>HydrizBot</username>
<id>29590</id>
</contributor>
<minor />
<comment>Robô: A limpar links interwikis antigos</comment>
<model>wikitext</model>
<format>text/x-wiki</format>
<text bytes="221" xml:space="preserve">={{-pt-}}=
==Forma verbal==
{{paroxítona|a|ba|ci|nás|seis}}
# segunda pessoa do plural do pretérito imperfeito do modo subjuntivo do verbo [[abacinar]]
{{avi-for-fle|abacinar}}
[[Categoria:Forma verbal (Português)]]</text>
<sha1>7n350cbyxxobwg3h4g6l68sxc6c9de2</sha1>
</revision>
