<page>
<page>
<title>abaceles</title>
<ns>0</ns>
<id>218503</id>
<revision>
<id>2283259</id>
<parentid>1966910</parentid>
<timestamp>2017-04-27T04:39:58Z</timestamp>
<contributor>
<username>HydrizBot</username>
<id>29590</id>
</contributor>
<minor />
<comment>Robô: A limpar links interwikis antigos</comment>
<model>wikitext</model>
<format>text/x-wiki</format>
<text bytes="291" xml:space="preserve">={{-pt-}}=
==Forma verbal==
'''a.ba.&lt;u&gt;ce&lt;/u&gt;.les'''
#[[segunda pessoa]] do [[singular]] do [[presente]] do [[modo subjuntivo]] do verbo '''[[abacelar]]'''
#[[segunda pessoa]] do [[singular]] do [[imperativo]] [[negativo]] do verbo '''[[abacelar]]'''
[[Categoria:Forma verbal (Português)]]</text>
<sha1>s8mzq0qiw0b8d4wdaabi2ilxzef6acd</sha1>
</revision>
