<page>
<title>abacharelávamos</title>
<ns>0</ns>
<id>392532</id>
<revision>
<id>2484098</id>
<parentid>2484097</parentid>
<timestamp>2018-02-10T00:15:52Z</timestamp>
<contributor>
<username>MIL973</username>
<id>41339</id>
</contributor>
<model>wikitext</model>
<format>text/x-wiki</format>
<text bytes="231" xml:space="preserve">={{-pt-}}=
==Forma verbal==
{{proparoxítona|a|ba|cha|re|lá|va|mos}}
# primeira pessoa do plural do pretérito imperfeito do indicativo do verbo [[abacharelar]]
{{avi-for-fle|abacharelar}}
[[Categoria:Forma verbal (Português)]]</text>
<sha1>4z7b6mr3mh1wtffbcu18swdz6i300in</sha1>
</revision>
</page>
