<page>
<title>abacelaram</title>
<ns>0</ns>
<id>175733</id>
<revision>
<id>2283228</id>
<parentid>1966886</parentid>
<timestamp>2017-04-27T04:39:01Z</timestamp>
<contributor>
<username>HydrizBot</username>
<id>29590</id>
</contributor>
<minor />
<comment>Robô: A limpar links interwikis antigos</comment>
<model>wikitext</model>
<format>text/x-wiki</format>
<text bytes="208" xml:space="preserve">={{-pt-}}=
==Forma verbal==
'''a.ba.ce.&lt;u&gt;la&lt;/u&gt;.ram'''
#[[terceira pessoa]] do [[plural]] do [[pretérito perfeito]] do [[modo indicativo]] do verbo '''[[abacelar]]'''
[[Categoria:Forma verbal (Português)]]</text>
<sha1>eeu7e11n6rg6rqnh369baahgp8wfx5i</sha1>
</revision>
</page>
