<page>
<title>abacharelara</title>
<ns>0</ns>
<id>392521</id>
<revision>
<id>2484076</id>
<parentid>2484075</parentid>
<timestamp>2018-02-10T00:05:02Z</timestamp>
<contributor>
<username>MIL973</username>
<id>41339</id>
</contributor>
<model>wikitext</model>
<format>text/x-wiki</format>
<text bytes="360" xml:space="preserve">{{ver também|abacharelará}}
={{-pt-}}=
==Forma verbal==
{{paroxítona|a|ba|cha|re|la|ra}}
# primeira pessoa do singular do pretérito mais-que-perfeito do indicativo do verbo [[abacharelar]]
# terceira pessoa do singular do pretérito mais-que-perfeito do indicativo do verbo abacharelar
{{avi-for-fle|abacharelar}}
[[Categoria:Forma verbal (Português)]]</text>
<sha1>omsc03tuzv8xu0jd4tvr44yleel1g6o</sha1>
</revision>
</page>
