<page>
<page>
<title>abacharelaríamos</title>
<ns>0</ns>
<id>392492</id>
<revision>
<id>2483972</id>
<parentid>2483971</parentid>
<timestamp>2018-02-09T00:16:09Z</timestamp>
<contributor>
<username>MIL973</username>
<id>41339</id>
</contributor>
<model>wikitext</model>
<format>text/x-wiki</format>
<text bytes="232" xml:space="preserve">={{-pt-}}=
==Forma verbal==
{{proparoxítona|a|ba|cha|re|la|rí|a|mos}}
# primeira pessoa do plural do futuro do pretérito do indicativo do verbo [[abacharelar]]
{{avi-for-fle|abacharelar}}
[[Categoria:Forma verbal (Português)]]</text>
<sha1>85m9eifi7folljgbb7e6vhil3mxcxpz</sha1>
</revision>
