<page>
<page>
<title>abacelasses</title>
<ns>0</ns>
<id>197023</id>
<revision>
<id>2283248</id>
<parentid>1966921</parentid>
<timestamp>2017-04-27T04:39:38Z</timestamp>
<contributor>
<username>HydrizBot</username>
<id>29590</id>
</contributor>
<minor />
<comment>Robô: A limpar links interwikis antigos</comment>
<model>wikitext</model>
<format>text/x-wiki</format>
<text bytes="213" xml:space="preserve">={{-pt-}}=
==Forma verbal==
'''a.ba.ce.&lt;u&gt;las&lt;/u&gt;.ses'''
#[[segunda pessoa]] do [[singular]] do [[pretérito imperfeito]] do [[modo subjuntivo]] do verbo '''[[abacelar]]'''
[[Categoria:Forma verbal (Português)]]</text>
<sha1>kqfkf4md2fxf2lzu0khd7xnu60jhhoq</sha1>
</revision>
