<page>
<title>abacinarão</title>
<ns>0</ns>
<id>191693</id>
<revision>
<id>2283299</id>
<parentid>1966962</parentid>
<timestamp>2017-04-27T04:41:27Z</timestamp>
<contributor>
<username>HydrizBot</username>
<id>29590</id>
</contributor>
<minor />
<comment>Robô: A limpar links interwikis antigos</comment>
<model>wikitext</model>
<format>text/x-wiki</format>
<text bytes="175" xml:space="preserve">={{-pt-}}=
==Forma verbal==
'''abacinarão'''
#[[terceira pessoa]] do [[plural]] do [[futuro do presente]] do verbo '''[[abacinar]]'''
[[Categoria:Forma verbal (Português)]]</text>
<sha1>8pnh9x42se6ork7x73l7prfwl3dw6as</sha1>
</revision>
</page>
