<page>
<page>
<title>abacelará</title>
<ns>0</ns>
<id>186275</id>
<revision>
<id>2283240</id>
<parentid>1966929</parentid>
<timestamp>2017-04-27T04:39:23Z</timestamp>
<contributor>
<username>HydrizBot</username>
<id>29590</id>
</contributor>
<minor />
<comment>Robô: A limpar links interwikis antigos</comment>
<model>wikitext</model>
<format>text/x-wiki</format>
<text bytes="187" xml:space="preserve">={{-pt-}}=
==Forma verbal==
'''a.ba.ce.la.&lt;u&gt;rá&lt;/u&gt;'''
#[[terceira pessoa]] do [[singular]] do [[futuro do presente]] do verbo '''[[abacelar]]'''
[[Categoria:Forma verbal (Português)]]</text>
<sha1>cpclvhs05d0el6nsw9pkig5vqsl31xd</sha1>
</revision>
