<page>
<title>abacelaria</title>
<ns>0</ns>
<id>191728</id>
<revision>
<id>2283236</id>
<parentid>1966898</parentid>
<timestamp>2017-04-27T04:39:17Z</timestamp>
<contributor>
<username>HydrizBot</username>
<id>29590</id>
</contributor>
<minor />
<comment>Robô: A limpar links interwikis antigos</comment>
<model>wikitext</model>
<format>text/x-wiki</format>
<text bytes="221" xml:space="preserve">={{-pt-}}=
==Forma verbal==
'''a.ba.ce.la.&lt;u&gt;ri&lt;/u&gt;.a'''
#[[primeira pessoa|primeira]] e [[terceira pessoa]] do [[singular]] do [[futuro do pretérito]] do verbo '''[[abacelar]]'''
[[Categoria:Forma verbal (Português)]]</text>
<sha1>jufe2bzsufqxjs4ni5ver9thjkawpiy</sha1>
</revision>
</page>
