<page>
<title>abacá</title>
<ns>0</ns>
<id>1923</id>
<revision>
<id>2555911</id>
<parentid>2519793</parentid>
<timestamp>2019-10-04T15:48:51Z</timestamp>
<contributor>
<username>ValJor</username>
<id>1358</id>
</contributor>
<comment>Melhorando a apresentação do verbete</comment>
<model>wikitext</model>
<format>text/x-wiki</format>
<text bytes="1639" xml:space="preserve">{{Wikipédia}}
[[Imagem:AmCyc Manila Hemp.jpg|thumb|right|250px|&lt;center&gt;Flor de ''Musa textilis''&lt;/center&gt;]]
={{-pt-}}=
==Substantivo==
{{flex.pt|ms=abacá|mp=abacás}}
{{oxítona|a|ba|cá}}, {{gramática|m}}
# {{escopo|pt|Botânica}} tipo de [[bananeira]] das [[Filipinas]], da espécie ''Musa textilis''
===Sinônimos===
{{verTambém.Ini}}
* [[alvacá]]
* [[bananeira-de-corda]]
{{verTambém.NovaColuna}}
* [[bananeira-de-flor]]
* [[bandala]] 
{{verTambém.NovaColuna}}
* [[cânhamo-de-manila]]
* [[cânhamo-de-manilha]]
{{verTambém.Fim}}
===Tradução===
{{tradini}}
* {{trad|de|Abaka}}
* {{trad|es|abacá}}
* {{trad|fi|manillahamppu}}
* {{trad|fr|abaca}}
* {{trad|gl|abacá}}
{{tradmeio}}
* {{trad|hu|manilakender}}
* {{trad|en|abaca}}
* {{trad|it|abaca}}
* {{trad|ru|абака}}
{{tradfim}}
=={{etimologia|pt}}==
{{llietimo|es|abacá|pt|ponto=não}}, a fibra desta planta, e este do tagalo.
==Ver também==
===No Wikcionário===
{{verTambém.Ini}}
* [[bananeira]]
{{verTambém.NovaColuna}}
* [[botânica]]
{{verTambém.Fim}}
==Anagramas==
# [[acaba]]
# [[Caaba]]/[[caaba]]
[[Categoria:Substantivo (Português)]]
[[Categoria:Entrada com imagem (Português)]]
={{-es-}}=
==Substantivo==
'''abacá'''
# [[abacá#Português|abacá]]
=={{pronúncia|es}}==
* [[AFI]]: [a.βa.ˈka]
[[Categoria:Substantivo (Espanhol)]]
[[Categoria:Botânica (Espanhol)]]
[[Categoria:Entrada com imagem (Espanhol)]]
={{-gl-}}=
==Substantivo==
'''abacá'''
# [[abacá#Português|abacá]]
=={{pronúncia|gl}}==
* [[AFI]]: [a.βa.ˈka]
[[Categoria:Substantivo (Galego)]]
[[Categoria:Botânica (Galego)]]
[[Categoria:Entrada com imagem (Galego)]]</text>
<sha1>l4d721hjtv0c092qahtdp4sdtlg5t54</sha1>
</revision>
</page>
