<page>
<page>
<title>abacatícola</title>
<ns>0</ns>
<id>355702</id>
<revision>
<id>2597790</id>
<parentid>2084385</parentid>
<timestamp>2020-10-04T20:31:47Z</timestamp>
<contributor>
<username>ValJor</username>
<id>1358</id>
</contributor>
<comment>Melhorando a apresentação do verbete</comment>
<model>wikitext</model>
<format>text/x-wiki</format>
<text bytes="613" xml:space="preserve">={{-pt-}}=
==Adjetivo==
{{proparoxítona|a|ba|ca|tí|co|la}}, {{gramática|c2g}}
# relativo à [[abacaticultura]]
#* ''Apesar de ser a indústria '''abacatícola''' paulista relativamente nova, já existe um número regular de moléstias e pragas que anualmente causam preocupação aos fruticultores.'' ({{Citar livro|sobrenome= Montenegro|nome= H.W.S|título= A cultura do abacateiro|local= São Paulo|editora= Ed. Melhoramentos|página= 80|ano= 1960}})
=={{etimologia|pt}}==
: {{escopo|Morfologia}} abacat(e)- + [[-i-]] + [[´cola]].
[[Categoria:Adjetivo (Português)]]
[[Categoria:Agricultura (Português)]]</text>
<sha1>qlgkzrisg6i4traq4yxd65eih7iojlq</sha1>
</revision>
