<page>
<title>abacelasse</title>
<ns>0</ns>
<id>205328</id>
<revision>
<id>2283246</id>
<parentid>1966923</parentid>
<timestamp>2017-04-27T04:39:34Z</timestamp>
<contributor>
<username>HydrizBot</username>
<id>29590</id>
</contributor>
<minor />
<comment>Robô: A limpar links interwikis antigos</comment>
<model>wikitext</model>
<format>text/x-wiki</format>
<text bytes="244" xml:space="preserve">={{-pt-}}=
==Forma verbal==
'''a.ba.ce.&lt;u&gt;las&lt;/u&gt;.se'''
#[[primeira pessoa|primeira]] e [[terceira pessoa]] do [[singular]] do [[pretérito imperfeito]] do [[modo subjuntivo]] do verbo '''[[abacelar]]'''
[[Categoria:Forma verbal (Português)]]</text>
<sha1>qmq3m3sjj0cgysky8yfy0o0xnwk8zs0</sha1>
</revision>
</page>
