<page>
<title>abacelarem</title>
<ns>0</ns>
<id>211311</id>
<revision>
<id>2283233</id>
<parentid>1966881</parentid>
<timestamp>2017-04-27T04:39:12Z</timestamp>
<contributor>
<username>HydrizBot</username>
<id>29590</id>
</contributor>
<minor />
<comment>Robô: A limpar links interwikis antigos</comment>
<model>wikitext</model>
<format>text/x-wiki</format>
<text bytes="285" xml:space="preserve">={{-pt-}}=
==Forma verbal==
'''a.ba.ce.&lt;u&gt;la&lt;/u&gt;.rem'''
#[[terceira pessoa]] do [[plural]] do [[futuro]] do [[modo subjuntivo]] do verbo '''[[abacelar]]'''
#[[infinitivo pessoal]] da [[terceira pessoa]] do [[plural]] do verbo '''[[abacelar]]'''
[[Categoria:Forma verbal (Português)]]</text>
<sha1>e9l6m5opgnaysotss0ep4nuusjx7tvq</sha1>
</revision>
</page>
