<page>
<page>
<title>abacharelaríeis</title>
<ns>0</ns>
<id>392493</id>
<revision>
<id>2483974</id>
<parentid>2483973</parentid>
<timestamp>2018-02-09T00:16:58Z</timestamp>
<contributor>
<username>MIL973</username>
<id>41339</id>
</contributor>
<model>wikitext</model>
<format>text/x-wiki</format>
<text bytes="226" xml:space="preserve">={{-pt-}}=
==Forma verbal==
{{paroxítona|a|ba|cha|re|la|rí|eis}}
# segunda pessoa do plural do futuro do pretérito do indicativo do verbo [[abacharelar]]
{{avi-for-fle|abacharelar}}
[[Categoria:Forma verbal (Português)]]</text>
<sha1>4vhn2m2jh3waj6i4asixekoan0gz2x0</sha1>
</revision>
