<page>
<page>
<title>abacharelásseis</title>
<ns>0</ns>
<id>392439</id>
<revision>
<id>2483714</id>
<parentid>2483713</parentid>
<timestamp>2018-02-08T01:31:28Z</timestamp>
<contributor>
<username>MIL973</username>
<id>41339</id>
</contributor>
<model>wikitext</model>
<format>text/x-wiki</format>
<text bytes="244" xml:space="preserve">={{-pt-}}=
==Forma verbal==
{{paroxítona|a|ba|cha|re|lás|seis}}
# segunda pessoa do plural do pretérito do {{PEPB|inline=1|conjuntivo|subjuntivo}} do verbo [[abacharelar]]
{{avi-for-fle|abacharelar}}
[[Categoria:Forma verbal (Português)]]</text>
<sha1>syhnve4ivpdcz5funhxzw41naucqscs</sha1>
</revision>
