<page>
<page>
<title>abacelaríeis</title>
<ns>0</ns>
<id>194376</id>
<revision>
<id>2283244</id>
<parentid>1966925</parentid>
<timestamp>2017-04-27T04:39:30Z</timestamp>
<contributor>
<username>HydrizBot</username>
<id>29590</id>
</contributor>
<minor />
<comment>Robô: A limpar links interwikis antigos</comment>
<model>wikitext</model>
<format>text/x-wiki</format>
<text bytes="190" xml:space="preserve">={{-pt-}}=
==Forma verbal==
'''a.ba.ce.la.&lt;u&gt;rí&lt;/u&gt;.eis'''
#[[segunda pessoa]] do [[plural]] do [[futuro do pretérito]] do verbo '''[[abacelar]]'''
[[Categoria:Forma verbal (Português)]]</text>
<sha1>tguv8xywyvfiyqt2tktolycvg1cciwz</sha1>
</revision>
