<page>
<title>abacharelaste</title>
<ns>0</ns>
<id>392527</id>
<revision>
<id>2484088</id>
<parentid>2484087</parentid>
<timestamp>2018-02-10T00:11:04Z</timestamp>
<contributor>
<username>MIL973</username>
<id>41339</id>
</contributor>
<model>wikitext</model>
<format>text/x-wiki</format>
<text bytes="223" xml:space="preserve">={{-pt-}}=
==Forma verbal==
{{paroxítona|a|ba|cha|re|las|te}}
# segunda pessoa do singular do pretérito perfeito do indicativo do verbo [[abacharelar]]
{{avi-for-fle|abacharelar}}
[[Categoria:Forma verbal (Português)]]</text>
<sha1>9u26tomrkh2kalpltw85b74ys7ogrw6</sha1>
</revision>
</page>
