<page>
<title>abacharelarias</title>
<ns>0</ns>
<id>392491</id>
<revision>
<id>2483970</id>
<parentid>2483969</parentid>
<timestamp>2018-02-09T00:15:20Z</timestamp>
<contributor>
<username>MIL973</username>
<id>41339</id>
</contributor>
<model>wikitext</model>
<format>text/x-wiki</format>
<text bytes="226" xml:space="preserve">={{-pt-}}=
==Forma verbal==
{{paroxítona|a|ba|cha|re|la|ri|as}}
# segunda pessoa do singular do futuro do pretérito do indicativo do verbo [[abacharelar]]
{{avi-for-fle|abacharelar}}
[[Categoria:Forma verbal (Português)]]</text>
<sha1>5tmkhnr0xsbqjc1jf9d641uxblueabw</sha1>
</revision>
</page>
