<page>
<title>abacharelem</title>
<ns>0</ns>
<id>392445</id>
<revision>
<id>2483733</id>
<parentid>2483732</parentid>
<timestamp>2018-02-08T01:38:31Z</timestamp>
<contributor>
<username>MIL973</username>
<id>41339</id>
</contributor>
<model>wikitext</model>
<format>text/x-wiki</format>
<text bytes="383" xml:space="preserve">={{-pt-}}=
==Forma verbal==
{{paroxítona|a|ba|cha|re|lem}}
# terceira pessoa do plural do presente do {{PEPB|inline=1|conjuntivo|subjuntivo}} do verbo [[abacharelar]]
# terceira pessoa do plural do imperativo afirmativo do verbo abacharelar
# terceira pessoa do plural do imperativo negativo do verbo abacharelar
{{avi-for-fle|abacharelar}}
[[Categoria:Forma verbal (Português)]]</text>
<sha1>kburuxyaaexcj8trk4juf3vtwcqsnkh</sha1>
</revision>
</page>
