<page>
<title>abacelareis</title>
<ns>0</ns>
<id>189054</id>
<revision>
<id>2283232</id>
<parentid>1966882</parentid>
<timestamp>2017-04-27T04:39:10Z</timestamp>
<contributor>
<username>HydrizBot</username>
<id>29590</id>
</contributor>
<minor />
<comment>Robô: A limpar links interwikis antigos</comment>
<model>wikitext</model>
<format>text/x-wiki</format>
<text bytes="185" xml:space="preserve">={{-pt-}}=
==Forma verbal==
'''a.ba.ce.la.&lt;u&gt;reis&lt;/u&gt;'''
#[[segunda pessoa]] do [[plural]] do [[futuro do presente]] do verbo '''[[abacelar]]'''
[[Categoria:Forma verbal (Português)]]</text>
<sha1>jkn4ww2wezq7835p40l1v8ewhg78dyy</sha1>
</revision>
</page>
