<page>
<title>Abacuc</title>
<ns>0</ns>
<id>376964</id>
<revision>
<id>2263222</id>
<parentid>2259576</parentid>
<timestamp>2017-04-26T12:46:27Z</timestamp>
<contributor>
<username>HydrizBot</username>
<id>29590</id>
</contributor>
<minor />
<comment>Robô: A limpar links interwikis antigos</comment>
<model>wikitext</model>
<format>text/x-wiki</format>
<text bytes="580" xml:space="preserve">={{-an-}}=
==Substantivo==
{{flex.an|ms=Abacuc|mp=Abacucs}}
{{oxítona|A|ba|cuc|lang=an}}
# {{escopo|an|Cristianismo|religião}} [[Habacuque]]
==Ver também==
{{bíblia/an}}
[[Categoria:Substantivo (Aragonês)]]
={{-it-}}=
==Substantivo==
{{oxítona|A|ba|cuc|lang=it}}
# {{escopo|it|Cristianismo|religião}} [[Habacuque]]
==Ver também==
{{bíblia/it}}
[[Categoria:Substantivo (Italiano)]]
={{-scn-}}=
==Substantivo==
{{oxítona|A|ba|cuc|lang=scn}}
# {{escopo|scn|Cristianismo|religião}} [[Habacuque]]
==Ver também==
{{bíblia/scn}}
[[Categoria:Substantivo (Siciliano)]]</text>
<sha1>at1lwegs61ujtlr8m959lj7a0itthaf</sha1>
</revision>
</page>
