<page>
<title>abacharelados</title>
<ns>0</ns>
<id>392540</id>
<revision>
<id>2484114</id>
<parentid>2484113</parentid>
<timestamp>2018-02-10T00:24:50Z</timestamp>
<contributor>
<username>MIL973</username>
<id>41339</id>
</contributor>
<model>wikitext</model>
<format>text/x-wiki</format>
<text bytes="191" xml:space="preserve">={{-pt-}}=
==Forma de adjetivo==
{{paroxítona|a|ba|cha|re|la|dos}}, {{gramática|mp}}
# plural de [[abacharelado]]
{{avi-for-fle|abacharelado}}
[[Categoria:Forma de adjetivo (Português)]]</text>
<sha1>qdvql3fcry5i1zpiyaqidd5dw63dl6g</sha1>
</revision>
</page>
