<page>
<page>
<title>abaceláveis</title>
<ns>0</ns>
<id>167375</id>
<revision>
<id>2283268</id>
<parentid>1966901</parentid>
<timestamp>2017-04-27T04:40:19Z</timestamp>
<contributor>
<username>HydrizBot</username>
<id>29590</id>
</contributor>
<minor />
<comment>Robô: A limpar links interwikis antigos</comment>
<model>wikitext</model>
<format>text/x-wiki</format>
<text bytes="211" xml:space="preserve">={{-pt-}}=
==Forma verbal==
'''a.ba.ce.&lt;u&gt;lá&lt;/u&gt;.veis'''
#[[segunda pessoa]] do [[plural]] do [[pretérito imperfeito]] do [[modo indicativo]] do verbo '''[[abacelar]]'''
[[Categoria:Forma verbal (Português)]]</text>
<sha1>82pz43nwrn9m5arsrdi90mwnsha5xij</sha1>
</revision>
