<page>
<page>
<title>abacinarias</title>
<ns>0</ns>
<id>201277</id>
<revision>
<id>2283295</id>
<parentid>1966966</parentid>
<timestamp>2017-04-27T04:41:21Z</timestamp>
<contributor>
<username>HydrizBot</username>
<id>29590</id>
</contributor>
<minor />
<comment>Robô: A limpar links interwikis antigos</comment>
<model>wikitext</model>
<format>text/x-wiki</format>
<text bytes="178" xml:space="preserve">={{-pt-}}=
==Forma verbal==
'''abacinarias'''
#[[segunda pessoa]] do [[singular]] do [[futuro do pretérito]] do verbo '''[[abacinar]]'''
[[Categoria:Forma verbal (Português)]]</text>
<sha1>39zfvjwucyczmyokom2dog0n7ywz2sb</sha1>
</revision>
