<page>
<title>abacelamento</title>
<ns>0</ns>
<id>75677</id>
<revision>
<id>2283223</id>
<parentid>1670832</parentid>
<timestamp>2017-04-27T04:38:53Z</timestamp>
<contributor>
<username>HydrizBot</username>
<id>29590</id>
</contributor>
<minor />
<comment>Robô: A limpar links interwikis antigos</comment>
<model>wikitext</model>
<format>text/x-wiki</format>
<text bytes="131" xml:space="preserve">={{-pt-}}=
[[Categoria:Substantivo (Português)]]
==Substantivo==
'''abacelamento''' ''masculino ''
# ato ou efeito de [[abacelar]]</text>
<sha1>pd9oea0hsk4pl32rph8g8h4tupm866x</sha1>
</revision>
</page>
