<page>
<page>
<title>abacerías</title>
<ns>0</ns>
<id>144544</id>
<revision>
<id>2492701</id>
<parentid>2283272</parentid>
<timestamp>2018-04-02T10:45:21Z</timestamp>
<contributor>
<username>ValJor</username>
<id>1358</id>
</contributor>
<comment>Um verbete a menos usando a [[Predefinição:flex.es.fem|predefinição flex.es.fem]]</comment>
<model>wikitext</model>
<format>text/x-wiki</format>
<text bytes="254" xml:space="preserve">={{-es-}}=
==Forma de substantivo==
'''a.ba.ce.{{grifar|rí}}.as''' 
# plural de [[abacería]]
{{avi-for-fle|abacería}}
=={{pronúncia|es}}==
: [[AFI]]: /abaθe'rias/
[[Categoria:Forma de substantivo (Espanhol)]]
[[Categoria:Polissílabo (Espanhol)]]</text>
<sha1>34iuhecpgoffv6bxqkt7hqat94fxiy8</sha1>
</revision>
