<page>
<title>abacería</title>
<ns>0</ns>
<id>139955</id>
<revision>
<id>2494717</id>
<parentid>2283271</parentid>
<timestamp>2018-04-07T12:21:54Z</timestamp>
<contributor>
<username>ValJor</username>
<id>1358</id>
</contributor>
<comment>Um verbete a menos usando a [[Predefinição:flex.es.fem|predefinição flex.es.fem]]</comment>
<model>wikitext</model>
<format>text/x-wiki</format>
<text bytes="305" xml:space="preserve">={{-es-}}=
==Substantivo==
{{flex.es|fs=abacería|fp=abacerías}}
'''a.ba.ce.{{grifar|rí}}.a''', {{gramática|f}}
# [[mercearia]]
=={{pronúncia|es}}==
: [[AFI]]: /abaθe'ria/
==Ver também==
===No Wikcionário===
* [[tienda]]
[[Categoria:Substantivo (Espanhol)]]
[[Categoria:Polissílabo (Espanhol)]]</text>
<sha1>1ar8hnkcypyuh3i052rtnmh6m7cf3jt</sha1>
</revision>
</page>
