<page>
<page>
<title>abacharelarmos</title>
<ns>0</ns>
<id>392433</id>
<revision>
<id>2483693</id>
<parentid>2483692</parentid>
<timestamp>2018-02-08T01:20:53Z</timestamp>
<contributor>
<username>MIL973</username>
<id>41339</id>
</contributor>
<model>wikitext</model>
<format>text/x-wiki</format>
<text bytes="310" xml:space="preserve">={{-pt-}}=
==Forma verbal==
{{paroxítona|a|ba|cha|re|lar|mos}}
# primeira pessoa do plural do futuro do {{PEPB|inline=1|conjuntivo|subjuntivo}} do verbo [[abacharelar]]
# infinitivo pessoal da primeira pessoa do plural do verbo abacharelar
{{avi-for-fle|abacharelar}}
[[Categoria:Forma verbal (Português)]]</text>
<sha1>ahod9h3z2mvv7fd0jxvdzo85kapre0s</sha1>
</revision>
