<page>
<page>
<title>abachareláramos</title>
<ns>0</ns>
<id>392523</id>
<revision>
<id>2484080</id>
<parentid>2484079</parentid>
<timestamp>2018-02-10T00:07:05Z</timestamp>
<contributor>
<username>MIL973</username>
<id>41339</id>
</contributor>
<model>wikitext</model>
<format>text/x-wiki</format>
<text bytes="238" xml:space="preserve">={{-pt-}}=
==Forma verbal==
{{proparoxítona|a|ba|cha|re|lá|ra|mos}}
# primeira pessoa do plural do pretérito mais-que-perfeito do indicativo do verbo [[abacharelar]]
{{avi-for-fle|abacharelar}}
[[Categoria:Forma verbal (Português)]]</text>
<sha1>tuq9hd822nr38go1j0ckxv9lsjg5it8</sha1>
</revision>
