<page>
<title>abacharelassem</title>
<ns>0</ns>
<id>392440</id>
<revision>
<id>2483717</id>
<parentid>2483715</parentid>
<timestamp>2018-02-08T01:32:21Z</timestamp>
<contributor>
<username>MIL973</username>
<id>41339</id>
</contributor>
<model>wikitext</model>
<format>text/x-wiki</format>
<text bytes="243" xml:space="preserve">={{-pt-}}=
==Forma verbal==
{{paroxítona|a|ba|cha|re|las|sem}}
# terceira pessoa do plural do pretérito do {{PEPB|inline=1|conjuntivo|subjuntivo}} do verbo [[abacharelar]]
{{avi-for-fle|abacharelar}}
[[Categoria:Forma verbal (Português)]]</text>
<sha1>n84kn1b30wkhhc4kvshik9h12mtr6et</sha1>
</revision>
</page>
