<page>
<page>
<title>abacelarás</title>
<ns>0</ns>
<id>184881</id>
<revision>
<id>2283241</id>
<parentid>1966928</parentid>
<timestamp>2017-04-27T04:39:25Z</timestamp>
<contributor>
<username>HydrizBot</username>
<id>29590</id>
</contributor>
<minor />
<comment>Robô: A limpar links interwikis antigos</comment>
<model>wikitext</model>
<format>text/x-wiki</format>
<text bytes="187" xml:space="preserve">={{-pt-}}=
==Forma verbal==
'''a.ba.ce.la.&lt;u&gt;rás&lt;/u&gt;'''
#[[segunda pessoa]] do [[singular]] do [[futuro do presente]] do verbo '''[[abacelar]]'''
[[Categoria:Forma verbal (Português)]]</text>
<sha1>b0pvljs99bsofmeae7qjqukzq31fjmt</sha1>
</revision>
