<page>
<page>
<title>abacináramos</title>
<ns>0</ns>
<id>181451</id>
<revision>
<id>2283320</id>
<parentid>1966948</parentid>
<timestamp>2017-04-27T04:42:14Z</timestamp>
<contributor>
<username>HydrizBot</username>
<id>29590</id>
</contributor>
<minor />
<comment>Robô: A limpar links interwikis antigos</comment>
<model>wikitext</model>
<format>text/x-wiki</format>
<text bytes="187" xml:space="preserve">={{-pt-}}=
==Forma verbal==
'''abacináramos'''
#[[primeira pessoa]] do [[plural]] do [[pretérito mais-que-perfeito]] do verbo '''[[abacinar]]'''
[[Categoria:Forma verbal (Português)]]</text>
<sha1>bqjhzmrp0e112ifwptncnzrgewxxdhb</sha1>
</revision>
