<page>
<title>abacinaram</title>
<ns>0</ns>
<id>176980</id>
<revision>
<id>2283285</id>
<parentid>1910856</parentid>
<timestamp>2017-04-27T04:41:02Z</timestamp>
<contributor>
<username>HydrizBot</username>
<id>29590</id>
</contributor>
<minor />
<comment>Robô: A limpar links interwikis antigos</comment>
<model>wikitext</model>
<format>text/x-wiki</format>
<text bytes="197" xml:space="preserve">={{-pt-}}=
==Forma verbal==
'''abacinaram'''
#[[terceira pessoa]] do [[plural]] do [[pretérito perfeito]] do [[modo indicativo]] do verbo '''[[abacinar]]'''
[[Categoria:Forma verbal (Português)]]</text>
<sha1>dwsu0hu7gt5hjvslqbk2cng307yls10</sha1>
</revision>
</page>
