<page>
<page>
<title>abacuses</title>
<ns>0</ns>
<id>280372</id>
<revision>
<id>2283341</id>
<parentid>1907769</parentid>
<timestamp>2017-04-27T04:43:21Z</timestamp>
<contributor>
<username>HydrizBot</username>
<id>29590</id>
</contributor>
<minor />
<comment>Robô: A limpar links interwikis antigos</comment>
<model>wikitext</model>
<format>text/x-wiki</format>
<text bytes="300" xml:space="preserve">={{-en-}}=
[[Image:Abacus addition.png|thumb|right|250px|&lt;center&gt;Abaci ([[ábaco]]s).&lt;/center&gt;]]
==Forma de substantivo==
'''abacuses''' {{p}}
# [[ábaco]]s, [[plural]] [[regular]] [[de]] '''''[[abacus#Inglês|abacus]]'''''.
===Sinónimos===
* [[abaci]]
[[Categoria:Forma de substantivo (Inglês)]]</text>
<sha1>fiblwoibf5kjv19s3yr5byjyoztz3zu</sha1>
</revision>
