<page>
<title>abacinai</title>
<ns>0</ns>
<id>221237</id>
<revision>
<id>2283278</id>
<parentid>1966939</parentid>
<timestamp>2017-04-27T04:40:50Z</timestamp>
<contributor>
<username>HydrizBot</username>
<id>29590</id>
</contributor>
<minor />
<comment>Robô: A limpar links interwikis antigos</comment>
<model>wikitext</model>
<format>text/x-wiki</format>
<text bytes="178" xml:space="preserve">={{-pt-}}=
==Forma verbal==
'''abacinai'''
#[[segunda pessoa]] do [[plural]] do [[imperativo]] [[afirmativo]] do verbo '''[[abacinar]]'''
[[Categoria:Forma verbal (Português)]]</text>
<sha1>2kfnpc0sx7zb6u9vly3zp2q2qsm4mwx</sha1>
</revision>
</page>
