<page>
<page>
<title>abacelar</title>
<ns>0</ns>
<id>1044</id>
<revision>
<id>2283226</id>
<parentid>2037500</parentid>
<timestamp>2017-04-27T04:38:58Z</timestamp>
<contributor>
<username>HydrizBot</username>
<id>29590</id>
</contributor>
<minor />
<comment>Robô: A limpar links interwikis antigos</comment>
<model>wikitext</model>
<format>text/x-wiki</format>
<text bytes="1100" xml:space="preserve">={{-pt-}}=
==Verbo==
{{oxítona|a|ba|ce|lar}}
# [[ato]] de [[plantar]] [[bacelo]]s de maneira a [[criar]] [[videira]]s [[novo|novas]]
# [[cobrir]] com [[terra]] as [[raiz|raízes]] de uma [[planta]] que será, num [[futuro]] [[breve]], [[transplantar|transplantada]]
===Sinônimos===
* [[bacelar]]
* [[embacelar]]
===Tradução===
{{tradini}}
* {{trad|hy|պատվաստել}}
{{tradmeio}}
* {{trad|gl|abacelar}}
{{tradfim}}
=== Conjugação ===
{{conj/pt|abacel|ar}}
=={{pronúncia|pt}}==
===Brasil===
====Paulistana====
* AFI: /a.ba.se.ˈla''ɾ''/
* SAMPA: /a.ba.se.&quot;lax/
=={{etimologia|pt}}==
: De [[a-]] + [[bacelo]] + [[-ar]].
==Ver também==
===No Wikcionário===
{{dividir em colunas|4}}
* [[abacelamento]]
* [[bacelada]]
* [[barbado]]
* [[elfa]]
* [[esbouçar]]
* [[manta]]
* [[mantar]]
* [[retanchar]]
* [[saquilhão]]
* [[unha]]
* [[unhamento]]
* [[unhar]]
* [[vide]]
{{dividir em colunas.fim}}
[[Categoria:Verbo (Português)]]
={{-gl-}}=
==Verbo==
{{oxítona|a|ba|ce|lar|lang=gl}}
# [[abacelar#Português|abacelar]]
=== Conjugação ===
{{conj.gl.ar|abacel}}
[[Categoria:Verbo (Galego)]]</text>
<sha1>nfwicv5rna5e1ii6nqdcttczaqlxrri</sha1>
</revision>
