<page>
<page>
<title>abacelávamos</title>
<ns>0</ns>
<id>162930</id>
<revision>
<id>2283267</id>
<parentid>1966902</parentid>
<timestamp>2017-04-27T04:40:17Z</timestamp>
<contributor>
<username>HydrizBot</username>
<id>29590</id>
</contributor>
<minor />
<comment>Robô: A limpar links interwikis antigos</comment>
<model>wikitext</model>
<format>text/x-wiki</format>
<text bytes="214" xml:space="preserve">={{-pt-}}=
==Forma verbal==
'''a.ba.ce.&lt;u&gt;lá&lt;/u&gt;.va.mos'''
#[[primeira pessoa]] do [[plural]] do [[pretérito imperfeito]] do [[modo indicativo]] do verbo '''[[abacelar]]'''
[[Categoria:Forma verbal (Português)]]</text>
<sha1>mu7pj18cvms7dzq82jlr1r30qwxi6bq</sha1>
</revision>
