<page>
<page>
<title>abacinasses</title>
<ns>0</ns>
<id>198298</id>
<revision>
<id>2283305</id>
<parentid>1910848</parentid>
<timestamp>2017-04-27T04:41:44Z</timestamp>
<contributor>
<username>HydrizBot</username>
<id>29590</id>
</contributor>
<minor />
<comment>Robô: A limpar links interwikis antigos</comment>
<model>wikitext</model>
<format>text/x-wiki</format>
<text bytes="202" xml:space="preserve">={{-pt-}}=
==Forma verbal==
'''abacinasses'''
#[[segunda pessoa]] do [[singular]] do [[pretérito imperfeito]] do [[modo subjuntivo]] do verbo '''[[abacinar]]'''
[[Categoria:Forma verbal (Português)]]</text>
<sha1>8cdmny962fy07sbofyqnxgf9crxrtct</sha1>
</revision>
