<page>
<title>abacharelamos</title>
<ns>0</ns>
<id>342390</id>
<revision>
<id>2483543</id>
<parentid>2483542</parentid>
<timestamp>2018-02-07T13:52:35Z</timestamp>
<contributor>
<username>MIL973</username>
<id>41339</id>
</contributor>
<model>wikitext</model>
<format>text/x-wiki</format>
<text bytes="358" xml:space="preserve">{{grafiaPtbr|abacharelámos}}
={{-pt-}}=
==Forma verbal==
{{paroxítona|a|ba|cha|re|la|mos}}
# primeira pessoa do plural do presente do indicativo do verbo [[abacharelar]]
# {{escopo2|Grafia brasileira}} primeira pessoa do plural do pretérito perfeito do indicativo do verbo abacharelar
{{avi-for-fle|abacharelar}}
[[Categoria:Forma verbal (Português)]]</text>
<sha1>8ixoqi3r38yd5qte4quwnp95lo4op7p</sha1>
</revision>
</page>
