<page>
<page>
<title>abacinei</title>
<ns>0</ns>
<id>171557</id>
<revision>
<id>2283312</id>
<parentid>1966953</parentid>
<timestamp>2017-04-27T04:41:57Z</timestamp>
<contributor>
<username>HydrizBot</username>
<id>29590</id>
</contributor>
<minor />
<comment>Robô: A limpar links interwikis antigos</comment>
<model>wikitext</model>
<format>text/x-wiki</format>
<text bytes="197" xml:space="preserve">={{-pt-}}=
==Forma verbal==
'''abacinei'''
#[[primeira pessoa]] do [[singular]] do [[pretérito perfeito]] do [[modo indicativo]] do verbo '''[[abacinar]]'''
[[Categoria:Forma verbal (Português)]]</text>
<sha1>gl8qn7vz2wm0w3ec7wxo5x5jklif62m</sha1>
</revision>
