<page>
<title>abacharelais</title>
<ns>0</ns>
<id>392536</id>
<revision>
<id>2484106</id>
<parentid>2484105</parentid>
<timestamp>2018-02-10T00:19:39Z</timestamp>
<contributor>
<username>MIL973</username>
<id>41339</id>
</contributor>
<model>wikitext</model>
<format>text/x-wiki</format>
<text bytes="205" xml:space="preserve">={{-pt-}}=
==Forma verbal==
{{oxítona|a|ba|cha|re|lais}}
# segunda pessoa do plural do presente do indicativo do verbo [[abacharelar]]
{{avi-for-fle|abacharelar}}
[[Categoria:Forma verbal (Português)]]</text>
<sha1>9mr019scr8ixn3um2n4hhi2h6ccsrbh</sha1>
</revision>
</page>
