<page>
<title>abacinaremos</title>
<ns>0</ns>
<id>188886</id>
<revision>
<id>2283291</id>
<parentid>1966940</parentid>
<timestamp>2017-04-27T04:41:14Z</timestamp>
<contributor>
<username>HydrizBot</username>
<id>29590</id>
</contributor>
<minor />
<comment>Robô: A limpar links interwikis antigos</comment>
<model>wikitext</model>
<format>text/x-wiki</format>
<text bytes="176" xml:space="preserve">={{-pt-}}=
==Forma verbal==
'''abacinaremos'''
#[[primeira pessoa]] do [[plural]] do [[futuro do presente]] do verbo '''[[abacinar]]'''
[[Categoria:Forma verbal (Português)]]</text>
<sha1>04yhejsvjwepfbxsdfb1ck23neorrxy</sha1>
</revision>
</page>
