<page>
<title>abadalhocar</title>
<ns>0</ns>
<id>41121</id>
<revision>
<id>1463345</id>
<parentid>1111842</parentid>
<timestamp>2012-09-14T19:35:19Z</timestamp>
<contributor>
<username>ValJor</username>
<id>1358</id>
</contributor>
<comment>Melhorando a apresentação do verbete</comment>
<model>wikitext</model>
<format>text/x-wiki</format>
<text bytes="201" xml:space="preserve">={{-pt-}}=
==Verbo==
{{oxítona|a|ba|da|lho|car}}
# [[encher]](-se) de [[badalhoca]]s ([[gado]] [[caprino]] ou [[ovino]])
===Conjungação===
{{conj/pt|abadalho|car}}
[[Categoria:Verbo (Português)]]</text>
<sha1>b48x4hao19c3y7h4t4gtwc98o8o80y5</sha1>
</revision>
</page>
