<page>
<page>
<title>abadalámos</title>
<ns>0</ns>
<id>311021</id>
<revision>
<id>2283350</id>
<parentid>1966974</parentid>
<timestamp>2017-04-27T04:43:50Z</timestamp>
<contributor>
<username>HydrizBot</username>
<id>29590</id>
</contributor>
<minor />
<comment>Robô: A limpar links interwikis antigos</comment>
<model>wikitext</model>
<format>text/x-wiki</format>
<text bytes="265" xml:space="preserve">={{-pt-}}=
==Forma verbal==
{{paroxítona|a|ba|da|lá|mos}}
#{{escopo|grafia lusitana}} [[primeira pessoa]] do [[plural]] do [[pretérito perfeito]] do [[modo indicativo]] do verbo '''[[abadalar]]'''
[[Categoria:Forma verbal (Português)]]
[[Categoria:Lusitanismo]]</text>
<sha1>jksihi3nfecrkkdsmo0wgnxp2ah7xxu</sha1>
</revision>
