<page>
<title>abadalar</title>
<ns>0</ns>
<id>331634</id>
<revision>
<id>2535548</id>
<parentid>2532165</parentid>
<timestamp>2019-02-11T14:11:16Z</timestamp>
<contributor>
<username>ValJor</username>
<id>1358</id>
</contributor>
<minor />
<comment>Revertidas edições por [[Especial:Contribuições/Melroross|Melroross]] para a última versão por [[Especial:Contribuições/HydrizBot|HydrizBot]]</comment>
<model>wikitext</model>
<format>text/x-wiki</format>
<text bytes="247" xml:space="preserve">={{-pt-}}=
==Verbo==
{{oxítona|a|ba|da|lar}}
# converter em badalo, dar forma de [[badalo]]
===Conjugação===
{{conj/pt|abadal|ar}}
=={{etimologia|pt}}==
: {{escopo|Morfologia}} [[a-]] + [[badalo]] + [[-ar]].
[[Categoria:Verbo (Português)]]</text>
<sha1>8f4w4z4bfidjhkdq3vaevq4vq1vx692</sha1>
</revision>
</page>
