<page>
<page>
<title>abadanar</title>
<ns>0</ns>
<id>342374</id>
<revision>
<id>2283353</id>
<parentid>1969584</parentid>
<timestamp>2017-04-27T04:43:55Z</timestamp>
<contributor>
<username>HydrizBot</username>
<id>29590</id>
</contributor>
<minor />
<comment>Robô: A limpar links interwikis antigos</comment>
<model>wikitext</model>
<format>text/x-wiki</format>
<text bytes="136" xml:space="preserve">={{-pt-}}=
==Verbo==
{{oxítona|a|ba|da|nar}}
# [[bronzear]]
===Conjugação===
{{conj/pt|abadan|ar}}
[[Categoria:Verbo (Português)]]</text>
<sha1>ft8o67aep6y07zsyvyeldg7t806ca7p</sha1>
</revision>
