<page>
<title>abadam</title>
<ns>0</ns>
<id>160853</id>
<revision>
<id>2283351</id>
<parentid>1966973</parentid>
<timestamp>2017-04-27T04:43:51Z</timestamp>
<contributor>
<username>HydrizBot</username>
<id>29590</id>
</contributor>
<minor />
<comment>Robô: A limpar links interwikis antigos</comment>
<model>wikitext</model>
<format>text/x-wiki</format>
<text bytes="180" xml:space="preserve">={{-pt-}}=
==Forma verbal==
'''abadam'''
#[[terceira pessoa]] do [[plural]] do [[presente]] do [[modo indicativo]] do verbo '''[[abadar]]'''
[[Categoria:Forma verbal (Português)]]</text>
<sha1>jio3ewyk91a7u03trg4jmbmb6255id9</sha1>
</revision>
</page>
