<page>
<title>abadando</title>
<ns>0</ns>
<id>156368</id>
<revision>
<id>2283354</id>
<parentid>1966998</parentid>
<timestamp>2017-04-27T04:43:56Z</timestamp>
<contributor>
<username>HydrizBot</username>
<id>29590</id>
</contributor>
<minor />
<comment>Robô: A limpar links interwikis antigos</comment>
<model>wikitext</model>
<format>text/x-wiki</format>
<text bytes="137" xml:space="preserve">={{-pt-}}=
==Forma verbal==
{{paroxítona|a|ba|dan|do}}
#[[gerúndio]] do verbo '''[[abadar]]'''
[[Categoria:Forma verbal (Português)]]</text>
<sha1>fe2rztatui9a9m9rcid8nf2zvcyoqm9</sha1>
</revision>
</page>
