<page>
<page>
<title>abada</title>
<ns>0</ns>
<id>70640</id>
<revision>
<id>2682310</id>
<parentid>2682309</parentid>
<timestamp>2022-07-01T21:28:20Z</timestamp>
<contributor>
<username>Cpls</username>
<id>20608</id>
</contributor>
<comment>/* {{-gl-}} */</comment>
<model>wikitext</model>
<format>text/x-wiki</format>
<text bytes="2470" xml:space="preserve">={{-pt-}}=
==Substantivo&lt;sup&gt;1&lt;/sup&gt;==
{{flex.pt|fs=abada|fp=abadas}}
{{paroxítona|a|ba|da}}, {{gramática|f}}
# quantidade contida numa aba (de avental, saia etc.) segura pelas extremidades
# {{escopo2|Por extensão de sentido}} grande quantidade
# saliência lateral dos telhados
===Sinônimos===
* De '''2''': ''ver sinonímia de'' [[quantidade]]
* De '''3''': [[ beiral]]
===Antônimos===
* De '''2''': ''ver sinonímia de'' [[escassez]] ''e'' [[insignificância]]
===Parônimos===
* abadá (s.m.)
===Homônimos===
* abada (flexão abadar)
==={{etimologia|pt}}===
: ''aba'' + ''-ada''
==Substantivo&lt;sup&gt;2&lt;/sup&gt;==
{{flex.pt|fs=abada|fp=abadas}}
{{paroxítona|a|ba|da}}, {{gramática|f}}
# {{escopo|pt|Zoologia}} a fêmea do [[rinoceronte]]
===Sinônimos===
* De '''1''': [[bada]]
===Parônimos===
* ver [[abada#abada.C2.B9|abada¹]]
===Homônimos===
* ver [[abada#abada.C2.B9|abada¹]]
==={{etimologia|pt}}===
: {{escopo|Morfologia}} ''[[a-]]'' + ''[[bada]]''.
==Substantivo&lt;sup&gt;3&lt;/sup&gt;==
{{flex.pt|fs=abada|fp=abadas}}
{{paroxítona|a|ba|da}}, {{gramática|f}}
# {{escopo2|Etnografia}} {{escopo|pt|Religião|Amazônia}} tambor usado no ritual do babaçuê
===Parônimos===
* ver [[abada#abada.C2.B9|abada¹]]
===Homônimos===
* ver [[abada#abada.C2.B9|abada¹]]
==={{etimologia|pt}}===
: segundo Cacciatore, do ''[[ioruba]]'' ''aba da'' (''golpe, pancada'').
=={{pronúncia|pt}}==
===Portugal===
* AFI: {{AFI|/ɐ.ˈba.dɐ/}}
[[Categoria:Substantivo (Português)]]
={{-gl-}}=
==Substantivo&lt;sup&gt;1&lt;/sup&gt;==
{{flex.pt|fs=abada|fp=abadas}}
{{paroxítona|a|ba|da|lang=gl}}, {{gramática|f}}
# [[abada#{{pt}}|abada]], quantidade de um avental
# [[saia]]
==={{-varort-}}===
* [[bada#{{gl}}|bada]]
==={{etimologia|gl}}===
: {{escopo|Morfologia}} De ''[[aba#{{gl}}|aba]]'' + ''[[-ada#{{gl}}|-ada]]''.
==Substantivo&lt;sup&gt;2&lt;/sup&gt;==
{{flex.pt|fs=abada|fp=abadas}}
{{paroxítona|a|ba|da|lang=gl}}, {{gramática|f}}
# {{escopo|gl|Mamífero}} [[abada#{{pt}}|abada]], fêmea de rinoceronte
==Substantivo&lt;sup&gt;3&lt;/sup&gt;==
{{flex.pt|fs=abada|fp=abadas}}
{{paroxítona|a|ba|da|lang=gl}}, {{gramática|f}}
# [[abandono]], [[incúria]], preguiça
# {{escopo|gl|Veterinária|Popular}} [[diarreia]] dos [[leitão|leitões]]
# {{escopo|gl|Planta}} [[papoula]] (''[[species:Papaver rhoeas|Papaver rhoeas]]'')
==={{-varort-}}===
: De '''3''': [[ababa#{{gl}}|ababa]]
==={{etimologia|gl}}===
: Da mesma origem que [[ababa#{{gl}}|ababa]]''.
[[Categoria:Substantivo (Galego)]]</text>
<sha1>361h12tpq8tms4zadvh7y4h8fl8swip</sha1>
</revision>
