<page>
<title>f</title>
<ns>0</ns>
<id>36839</id>
<revision>
<id>2680027</id>
<parentid>2672804</parentid>
<timestamp>2022-06-13T02:48:44Z</timestamp>
<contributor>
<username>Wilhelm Seifer</username>
<id>85860</id>
</contributor>
<model>wikitext</model>
<format>text/x-wiki</format>
<text bytes="1037" xml:space="preserve">{{caracteres info|hex=0066|nome=LATIN SMALL LETTER F|anterior=e|próximo=g}}
={{-pt-}}=
==Substantivo==
'''F, f''', {{gramática|m}}
# a sexta [[letra]] do [[alfabeto]] [[latino]]
==Abreviatura==
'''f'''
# {{escopo2|Sistema Internacional de Medidas}} de ''[[femto]]'' (10&lt;sup&gt;-15&lt;/sup&gt;)
==Ver também==
===No Wikcionário===
* [[ff]]
* [[Apêndice:Sistemas de escrita]]
{{Alfabeto Latino}}
[[Categoria:Substantivo (Português)]]
[[Categoria:Abreviatura (Português)]]
[[Categoria:Sistema de escrita latino]]
={{-egy-}}=
==Pronome==
&lt;hiero&gt;I9&lt;/hiero&gt;
( I9 ) '''f'''
# [[ele]]
# [[dele]]
==Ver também==
===No Wikcionário===
* eu: [[i]], [[ink]], [[wi]]
* você: [[k]], [[ṯ]], [[ṯn]], [[ntk]], [[ntṯn]], [[nṯt]], [[ṯn]]
* ele: [[f]], [[sw]], [[ntf]]
* ela: [[s]], [[sy]], [[nts]]
* eles, elas: [[ntsn]], [[sn]]
* nós: [[inn]], [[n]]
==Hieróglifo==
* Os seguintes [[hieróglifo]]s têm '''f''' como [[transliteração]].
*: &lt;hiero&gt;I9&lt;/hiero&gt; ( I9 )
[[Categoria:Pronome (Egípcio)]]
[[Categoria:Hieróglifo (Egípcio)]]</text>
<sha1>eokuijfqlcrerxi0g7e373asn96ow7v</sha1>
</revision>
</page>
