<page>
<title>fabal</title>
<ns>0</ns>
<id>390027</id>
<revision>
<id>2475429</id>
<timestamp>2018-01-07T19:25:01Z</timestamp>
<contributor>
<username>Imivorn</username>
<id>64513</id>
</contributor>
<comment>[[Ajuda:Guia de edição/Menus e ferramentas/Sumário de edição|→]] nova página: ={{-mwl-}}= ==Substantivo== {{flex.mwl|ms=fabal|mp=fabales}} {{oxítona|fa|bal|língua=mwl}}, {{m}} # campo d...</comment>
<model>wikitext</model>
<format>text/x-wiki</format>
<text bytes="326" xml:space="preserve">={{-mwl-}}=
==Substantivo==
{{flex.mwl|ms=fabal|mp=fabales}}
{{oxítona|fa|bal|língua=mwl}}, {{m}}
# campo de [[faveira]]s
==Ver também==
===No Wikcionário===
{{verTambém.Ini}}
* [[faba]]
{{verTambém.NovaColuna}}
* [[fabeira]]
{{verTambém.Fim}}
[[Categoria:Substantivo (Mirandês)]]
[[Categoria:Botânica (Mirandês)]]</text>
<sha1>ewd4xnfxvz7qasjni0955i2z3rs1ziw</sha1>
</revision>
</page>
