<page>
<page>
<title>fabeiras</title>
<ns>0</ns>
<id>390026</id>
<revision>
<id>2475428</id>
<timestamp>2018-01-07T19:23:07Z</timestamp>
<contributor>
<username>Imivorn</username>
<id>64513</id>
</contributor>
<comment>[[Ajuda:Guia de edição/Menus e ferramentas/Sumário de edição|→]] nova página: ={{-mwl-}}= ==Forma de substantivo== {{paroxítona|fa|bei|ras|língua=mwl}} # plural de '''fabeira#{{mwl}}|...</comment>
<model>wikitext</model>
<format>text/x-wiki</format>
<text bytes="169" xml:space="preserve">={{-mwl-}}=
==Forma de substantivo==
{{paroxítona|fa|bei|ras|língua=mwl}}
# plural de '''[[fabeira#{{mwl}}|fabeira]]'''
[[Categoria:Forma de substantivo (Mirandês)]]</text>
<sha1>ihwg1rb7cdvivg9iokn5kzp47v3phiw</sha1>
</revision>
