<page>
<page>
<title>fabeira</title>
<ns>0</ns>
<id>390025</id>
<revision>
<id>2475427</id>
<timestamp>2018-01-07T19:22:38Z</timestamp>
<contributor>
<username>Imivorn</username>
<id>64513</id>
</contributor>
<comment>[[Ajuda:Guia de edição/Menus e ferramentas/Sumário de edição|→]] nova página: [[Imagem:Vicia_faba_02.jpg|thumb|200px|&lt;center&gt;fabeira&lt;/center&gt;]]  ={{-mwl-}}= ==Substantivo== {{flex.mwl|fs=...</comment>
<model>wikitext</model>
<format>text/x-wiki</format>
<text bytes="529" xml:space="preserve">[[Imagem:Vicia_faba_02.jpg|thumb|200px|&lt;center&gt;fabeira&lt;/center&gt;]]
={{-mwl-}}=
==Substantivo==
{{flex.mwl|fs=fabeira|fp=fabeiras}}
{{paroxítona|fa|bei|ra|língua=mwl}}, {{f}}
# {{escopo|mwl|Planta}} [[faveira]], planta que produz as [[fava]]s (''[[species:Vicia faba|Vicia faba]]'')
==Ver também==
===No Wikcionário===
{{verTambém.Ini}}
* [[fabal]]
{{verTambém.NovaColuna}}
* [[faba]]
{{verTambém.Fim}}
[[Categoria:Substantivo (Mirandês)]]
[[Categoria:Botânica (Mirandês)]]
[[Categoria:Entrada com imagem (Mirandês)]]</text>
<sha1>k25n36kp4wg69uu6507v3eiu68jostc</sha1>
</revision>
