<page>
<title>Fabiane</title>
<ns>0</ns>
<id>335138</id>
<revision>
<id>2503240</id>
<parentid>2458654</parentid>
<timestamp>2018-05-18T04:13:58Z</timestamp>
<contributor>
<username>MIL973</username>
<id>41339</id>
</contributor>
<model>wikitext</model>
<format>text/x-wiki</format>
<text bytes="407" xml:space="preserve">={{-pt-}}=
==Substantivo==
{{flex.pt|fs=Fabiane|fp=Fabianes}}
{{paroxítona|Fa|bi|a|ne}}, {{gramática|pr|f}}
# {{escopo|pt|Antropônimo}} [[Apêndice:Prenomes em português|prenome]] feminino
==Ver também==
===No Wikcionário===
====Antropônimos====
{{colunas|2}}
* [[Fábia]]
* [[Fabiana]]
* [[Fabiano]]
* [[Fábio]]
* [[Fabíola]]
* [[Fabíolo]]
{{colunas/fim}}
[[Categoria:Substantivo (Português)]]</text>
<sha1>1vxayhvwt7uv02medetrfke5z0j9bdk</sha1>
</revision>
</page>
