<page>
<title>fabianos</title>
<ns>0</ns>
<id>346269</id>
<revision>
<id>2458837</id>
<parentid>2045102</parentid>
<timestamp>2017-11-03T01:16:38Z</timestamp>
<contributor>
<username>MIL973</username>
<id>41339</id>
</contributor>
<model>wikitext</model>
<format>text/x-wiki</format>
<text bytes="345" xml:space="preserve">{{ver também|Fabianos}}
={{-pt-}}=
==Forma de adjetivo==
{{paroxítona|fa|bi|a|nos}}, {{gramática|mp}}
# plural de [[fabiano]]
==Forma de substantivo==
{{paroxítona|fa|bi|a|nos}}, {{gramática|mp}}
# plural de [[fabiano]]
{{avi-for-fle|fabiano}}
[[Categoria:Forma de adjetivo (Português)]]
[[Categoria:Forma de substantivo (Português)]]</text>
<sha1>9bw028a5fazknndumr3853emexmlaek</sha1>
</revision>
</page>
