<page>
<page>
<title>Fabiano</title>
<ns>0</ns>
<id>335140</id>
<revision>
<id>2503241</id>
<parentid>2458656</parentid>
<timestamp>2018-05-18T04:14:12Z</timestamp>
<contributor>
<username>MIL973</username>
<id>41339</id>
</contributor>
<model>wikitext</model>
<format>text/x-wiki</format>
<text bytes="433" xml:space="preserve">{{ver também|fabiano}}
={{-pt-}}=
==Substantivo==
{{flex.pt|ms=Fabiano|mp=Fabianos}}
{{paroxítona|Fa|bi|a|no}}, {{gramática|pr|m}}
# {{escopo|pt|Antropônimo}} [[Apêndice:Prenomes em português|prenome]] masculino
==Ver também==
===No Wikcionário===
====Antropônimos====
{{colunas|2}}
* [[Fábia]]
* [[Fabiana]]
* [[Fabiane]]
* [[Fábio]]
* [[Fabíola]]
* [[Fabíolo]]
{{colunas/fim}}
[[Categoria:Substantivo (Português)]]</text>
<sha1>hiq1prxi4p8p0y23q3elsw7pz81eiil</sha1>
</revision>
