<page>
<page>
<title>fabianismo</title>
<ns>0</ns>
<id>346267</id>
<revision>
<id>2347409</id>
<parentid>2124690</parentid>
<timestamp>2017-05-01T19:00:57Z</timestamp>
<contributor>
<username>HydrizBot</username>
<id>29590</id>
</contributor>
<minor />
<comment>Robô: A limpar links interwikis antigos</comment>
<model>wikitext</model>
<format>text/x-wiki</format>
<text bytes="310" xml:space="preserve">= {{-pt-}} =
== Substantivo ==
{{paroxítona|fa|bi|a|nis|mo}}, {{m}}
# {{escopo|Política, História}} o mesmo que [[socialismo fabiano]]
== {{etimologia|pt}} ==
: ''[[fabiano]]'' + ''[[-ismo]]''
[[Categoria:Substantivo (Português)]]
[[Categoria:História (Português)]]
[[Categoria:Política (Português)]]</text>
<sha1>f92vt73cbnwivsq5585o492056lop5l</sha1>
</revision>
