<page>
<title>fabo</title>
<ns>0</ns>
<id>346619</id>
<revision>
<id>2442512</id>
<parentid>2347412</parentid>
<timestamp>2017-08-06T20:29:46Z</timestamp>
<contributor>
<username>Cpls</username>
<id>20608</id>
</contributor>
<comment>/* {{-an-}} */</comment>
<model>wikitext</model>
<format>text/x-wiki</format>
<text bytes="224" xml:space="preserve">={{-an-}}=
==Substantivo==
{{flex.an|ms=fabo|mp=fabos}}
{{paroxítona|fa|bo|lang=an}}, {{g|m|lang=an}}
# {{escopo|an|Árvore}} [[faia]] (''[[species:Fagus sylvatica|Fagus sylvatica]]'')
[[Categoria:Substantivo (Aragonês)]]</text>
<sha1>2p3m2j01o7syql4u5tr436o16yuqk2m</sha1>
</revision>
</page>
