<page>
<title>fabricianense</title>
<ns>0</ns>
<id>135438</id>
<revision>
<id>2503249</id>
<parentid>2458850</parentid>
<timestamp>2018-05-18T04:16:20Z</timestamp>
<contributor>
<username>MIL973</username>
<id>41339</id>
</contributor>
<model>wikitext</model>
<format>text/x-wiki</format>
<text bytes="640" xml:space="preserve">={{-pt-}}=
==Adjetivo==
{{flex.pt|s=fabricianense|p=fabricianenses}}
{{paroxítona|fa|bri|ci|a|nen|se}}, {{gramática|c2g}}
# {{escopo|pt|Gentílico}} de [[Coronel Fabriciano]], cidade de Minas Gerais (Brasil), ou relativo a ela
==Substantivo==
{{flex.pt|s=fabricianense|p=fabricianenses}}
{{paroxítona|fa|bri|ci|a|nen|se}}, {{gramática|c2g}}
# {{escopo|pt|Gentílico}} habitante de Coronel Fabriciano ou seu natural
=={{etimologia|pt}}==
: {{escopo|Morfologia}} De [[Coronel Fabriciano|(Coronel) Fabriciano]] + [[-ense]].
==Ligações externas==
* {{Aulete}}
[[Categoria:Adjetivo (Português)]]
[[Categoria:Substantivo (Português)]]</text>
<sha1>gi3ujdyd3d78sqxd2pjse9wg36ks2wt</sha1>
</revision>
</page>
