<page>
<title>Fabricianos</title>
<ns>0</ns>
<id>348284</id>
<revision>
<id>2458845</id>
<parentid>2045118</parentid>
<timestamp>2017-11-03T01:24:44Z</timestamp>
<contributor>
<username>MIL973</username>
<id>41339</id>
</contributor>
<model>wikitext</model>
<format>text/x-wiki</format>
<text bytes="222" xml:space="preserve">{{ver também|fabricianos}}
={{-pt-}}=
==Forma de substantivo==
{{paroxítona|Fa|bri|ci|a|nos}}, {{gramática|pr|mp}}
# plural de [[Fabriciano]]
{{avi-for-fle|Fabriciano}}
[[Categoria:Forma de substantivo (Português)]]</text>
<sha1>tkb0gbizjfp63ijoirlrc4wzebrd2d2</sha1>
</revision>
</page>
