<page>
<title>fabric</title>
<ns>0</ns>
<id>164366</id>
<revision>
<id>2347413</id>
<parentid>2102000</parentid>
<timestamp>2017-05-01T19:01:45Z</timestamp>
<contributor>
<username>HydrizBot</username>
<id>29590</id>
</contributor>
<minor />
<comment>Robô: A limpar links interwikis antigos</comment>
<model>wikitext</model>
<format>text/x-wiki</format>
<text bytes="799" xml:space="preserve">={{-en-}}=
==Substantivo==
{{flex.en|s=fabric|p=fabrics}}
'''fabric'''
# [[tecido]]
# {{escopo|Originalmente}} [[estrutura]], [[construção]]
# {{escopo|Computação}} [[rede]] de [[cabos]]
# {{escopo|Petrologia}} o [[aparecimento]] de [[grão|grãos]] em uma [[rocha cristalina]]
=={{etimologia|en}}==
: Do [[francês]] ''[[fabrique]]'', do [[latim]] ''[[fabrica]]'' (“oficina de arte, comércio, produtos de arte’”), de ''[[faber]]'' (“‘artesão’”).
=={{pronúncia|en}}==
* [[AFI]]: {{AFI|/ˈfæb.rɪk/}}
* [[SAMPA]]: /&quot;f{b.rIk/
*{{audio|lang=en|en-us-fabric.ogg|Áudio (EUA)}}
==Ver também==
===No Wikcionário===
{{verTambém.Ini}}
* [[lycra]]
{{verTambém.NovaColuna}}
* [[nycron]]
{{verTambém.NovaColuna}}
* [[nylon]]
{{verTambém.Fim}}
[[Categoria:Substantivo (Inglês)]]</text>
<sha1>mh7j6qkld9frs0z6nkyk8gyyddffmq7</sha1>
</revision>
</page>
