<page>
<title>Fabrício</title>
<ns>0</ns>
<id>348281</id>
<revision>
<id>2503248</id>
<parentid>2458846</parentid>
<timestamp>2018-05-18T04:16:01Z</timestamp>
<contributor>
<username>MIL973</username>
<id>41339</id>
</contributor>
<model>wikitext</model>
<format>text/x-wiki</format>
<text bytes="392" xml:space="preserve">={{-pt-}}=
==Substantivo==
{{flex.pt|ms=Fabrício|mp=Fabrícios}}
{{proparoxítona aparente|Fa|brí|ci|o}}, {{gramática|pr|m}}
# {{escopo|pt|Antropônimo}} [[Apêndice:Prenomes em português|prenome]] masculino
==Ver também==
===No Wikcionário===
====Antropônimos====
{{colunas|3}}
* [[Fabrícia]]
* [[Fabriciana]]
* [[Fabriciano]]
{{colunas/fim}}
[[Categoria:Substantivo (Português)]]</text>
<sha1>n21iv37gfi659w1eth9r4z6pfl1kz3z</sha1>
</revision>
</page>
