<page>
<title>Fabricianas</title>
<ns>0</ns>
<id>348285</id>
<revision>
<id>2458843</id>
<parentid>2045120</parentid>
<timestamp>2017-11-03T01:22:49Z</timestamp>
<contributor>
<username>MIL973</username>
<id>41339</id>
</contributor>
<model>wikitext</model>
<format>text/x-wiki</format>
<text bytes="222" xml:space="preserve">{{ver também|fabricianas}}
={{-pt-}}=
==Forma de substantivo==
{{paroxítona|Fa|bri|ci|a|nas}}, {{gramática|pr|fp}}
# plural de [[Fabriciana]]
{{avi-for-fle|Fabriciana}}
[[Categoria:Forma de substantivo (Português)]]</text>
<sha1>pv2i1ojoc52o9ujzp02705juacxj7xb</sha1>
</revision>
</page>
