<page>
<page>
<title>fabricar</title>
<ns>0</ns>
<id>42922</id>
<revision>
<id>2610837</id>
<parentid>2569672</parentid>
<timestamp>2021-01-30T22:20:50Z</timestamp>
<contributor>
<username>Marxav</username>
<id>73271</id>
</contributor>
<minor />
<comment>AFI Portugal</comment>
<model>wikitext</model>
<format>text/x-wiki</format>
<text bytes="499" xml:space="preserve">={{-pt-}}=
== Verbo ==
{{oxítona|fa|bri|car}}, {{g|vtd}}
# [[produzir]] [[algo]]
# [[construir]]
# [[fazer]] na [[fábrica]]
# {{escopo|pt|Trás-os-Montes}} [[cultivar]] a terra
==Conjungação==
{{conj/pt|fabri|car}}
=={{pronúncia|pt}}==
===Portugal===
* AFI: {{AFI|/fɐ.bɾi.ˈkaɾ/}}
==Ver também==
===No Wikcionário===
* {{verLigações|fábrica}}.
==Rimas==
[[desfabricar]], [[embricar]], [[imbricar]], [[lubricar]], [[prefabricar]], [[rubricar]], etc.
[[Categoria:Verbo (Português)]]</text>
<sha1>akrw0ayr328rf4jawcdlhqp7tt37bus</sha1>
</revision>
