<page>
<page>
<title>Fabriciana</title>
<ns>0</ns>
<id>348279</id>
<revision>
<id>2503246</id>
<parentid>2458842</parentid>
<timestamp>2018-05-18T04:15:37Z</timestamp>
<contributor>
<username>MIL973</username>
<id>41339</id>
</contributor>
<model>wikitext</model>
<format>text/x-wiki</format>
<text bytes="410" xml:space="preserve">{{ver também|fabriciana}}
={{-pt-}}=
==Substantivo==
{{flex.pt|fs=Fabriciana|fp=Fabricianas}}
{{paroxítona|Fa|bri|ci|a|na}}, {{gramática|pr|f}}
# {{escopo|pt|Antropônimo}} [[Apêndice:Prenomes em português|prenome]] feminino
==Ver também==
===No Wikcionário===
====Antropônimos====
{{colunas|3}}
* [[Fabrícia]]
* [[Fabriciano]]
* [[Fabrício]]
{{colunas/fim}}
[[Categoria:Substantivo (Português)]]</text>
<sha1>1bax4fwe09ul21tu5nomw7kdb2z03bo</sha1>
</revision>
