<page>
<page>
<title>Fabrik</title>
<ns>0</ns>
<id>64941</id>
<revision>
<id>2268853</id>
<parentid>2164902</parentid>
<timestamp>2017-04-26T17:25:29Z</timestamp>
<contributor>
<username>HydrizBot</username>
<id>29590</id>
</contributor>
<minor />
<comment>Robô: A limpar links interwikis antigos</comment>
<model>wikitext</model>
<format>text/x-wiki</format>
<text bytes="758" xml:space="preserve">={{-de-}}=
== Substantivo ==
{{decl.de.subst.fraca.fem
|ns=Fabrik
|np=Fabriken}}
'''Fa.brik''', ''feminino''
# [[fábrica]].
== Etimologia ==
:Do latim ''[[fabrica]]''.
== Ver também ==
=== No Wikcionário ===
{{verTambém.Ini}}
* [[Fabrikant]]
* [[Fabrikarbeit]]
* [[Fabrikat]]
* [[Fabrikation]]
* [[fabrikatorisch]]
* [[Fabrikbesitzer]]
* [[Fabrikdirektor]]
* [[fabrikfertig]]
* [[fabrikfrisch]]
* [[Fabrikgebäude]]
* [[Fabrikgelände]]
{{verTambém.NovaColuna}}
* [[Fabrikhalle]]
* [[fabrikneu]]
* [[Fabriknummer]]
* [[Fabrikpreis]]
* [[Fabrikschiff]]
* [[Fabrikschornstein]]
* [[Fabrikstadt]]
* [[Fabrikverkauf]]
* [[Fabrikware]]
* [[fabrizieren]]
{{verTambém.Fim}}
[[Categoria:Substantivo (Alemão)]]
[[Categoria:Entrada com etimologia (Alemão)]]</text>
<sha1>b6ze18eyw98ofhc9uecqqotvb9g174k</sha1>
</revision>
