<page>
<page>
<title>fabricação</title>
<ns>0</ns>
<id>38165</id>
<revision>
<id>2347419</id>
<parentid>2071889</parentid>
<timestamp>2017-05-01T19:03:17Z</timestamp>
<contributor>
<username>HydrizBot</username>
<id>29590</id>
</contributor>
<minor />
<comment>Robô: A limpar links interwikis antigos</comment>
<model>wikitext</model>
<format>text/x-wiki</format>
<text bytes="640" xml:space="preserve">={{-pt-}}=
== Substantivo ==
{{flex.pt|fs=fabricação|fp=fabricações}}
{{oxítona|fa|bri|ca|ção}}, ''feminino''
# [[ato]] ou [[efeito]] de [[fabricar]]
=== Tradução ===
{{tradini|De '''1'''}}
* {{de}}: {{xlatio|de|Fabrikation|''f'' }}
* {{es}}: {{xlatio|es|fabricación|''f''}}
* {{fr}}: {{xlatio|fr|fabrication|''f'' }}
{{tradmeio}}
* {{en}}: {{xlatio|en|fabrication|}}
{{tradfim}}
=={{etimologia|pt}}==
{{llietimo|la|fabricatione|pt}}
== Ver também ==
=== No Wikcionário ===
{{verTambém.Ini}}
* {{verTambém.Ligações|fábrica}}
* [[manufatura]]
* [[maquinofatura]]
{{verTambém.Fim}}
[[Categoria:Substantivo (Português)]]</text>
<sha1>7bvnb11jj5bysao8tq4axixixmxe832</sha1>
</revision>
