<page>
<page>
<title>fabrico</title>
<ns>0</ns>
<id>313045</id>
<revision>
<id>2610793</id>
<parentid>2569671</parentid>
<timestamp>2021-01-30T22:13:39Z</timestamp>
<contributor>
<username>Marxav</username>
<id>73271</id>
</contributor>
<minor />
<comment>AFI Portugal</comment>
<model>wikitext</model>
<format>text/x-wiki</format>
<text bytes="908" xml:space="preserve">={{-pt-}}=
==Substantivo==
{{flex.pt|ms=fabrico|mp=fabricos}}
{{paroxítona|fa|bri|co}}, {{g|m}}
# ato ou arte de [[fabricar]]
# [[produto]] de uma [[fábrica]]
# [[conserto]] que a um [[navio]] se faz num porto qualquer
# {{escopo|pt|Trás-os-Montes}} [[cultivo]], plantação agrícola
==Forma verbal==
{{paroxítona|fa|bri|co}}
# primeira pessoa do singular do presente do indicativo do verbo [[fabricar]]
{{avi-for-fle|fabricar}}
=={{pronúncia|pt}}==
===Portugal===
* AFI: {{AFI|/fɐ.ˈbɾi.ku/}}
==Ligações externas==
* {{DicioAberto}}
[[Categoria:Substantivo (Português)]]
[[Categoria:Forma verbal (Português)]]
={{-ca-}}=
==Forma verbal==
'''fabrico'''
# flexão do verbo [[fabricar]]
{{avi-for-fle|fabricar}}
[[Categoria:Forma verbal (Catalão)]]
={{-es-}}=
==Forma verbal==
'''fabrico'''
# flexão do verbo [[fabricar]]
{{avi-for-fle|fabricar}}
[[Categoria:Forma verbal (Espanhol)]]</text>
<sha1>bcea9mpjmc5jsaext1mf9i8byqnoify</sha1>
</revision>
