<page>
<page>
<title>fabricava</title>
<ns>0</ns>
<id>79656</id>
<revision>
<id>2347417</id>
<parentid>2022031</parentid>
<timestamp>2017-05-01T19:02:42Z</timestamp>
<contributor>
<username>HydrizBot</username>
<id>29590</id>
</contributor>
<minor />
<comment>Robô: A limpar links interwikis antigos</comment>
<model>wikitext</model>
<format>text/x-wiki</format>
<text bytes="398" xml:space="preserve">={{-pt-}}=
==Forma verbal==
{{paroxítona|fa|bri|ca|va}}
# primeira pessoa do singular do pretérito imperfeito do indicativo do verbo [[fabricar]]
# terceira pessoa do singular do pretérito imperfeito do indicativo do verbo [[fabricar]]
#* &lt;small&gt;''Mostrando-se Cristão, e '''fabricava'''''  -   Os Lusíadas    II-10-7 &lt;/small&gt;
{{avi-for-fle|fabricar}}
[[Categoria:Forma verbal (Português)]]</text>
<sha1>44nr9go52im541xs4xu5qn0vc4fynvu</sha1>
</revision>
