<page>
<title>fabricante</title>
<ns>0</ns>
<id>40952</id>
<revision>
<id>2616875</id>
<parentid>2347415</parentid>
<timestamp>2021-02-01T02:19:06Z</timestamp>
<contributor>
<username>MarxavBot</username>
<id>80155</id>
</contributor>
<minor />
<comment>AFI Portugal</comment>
<model>wikitext</model>
<format>text/x-wiki</format>
<text bytes="672" xml:space="preserve">={{-pt-}}=
==Substantivo==
{{flex.pt|s=fabricante|p=fabricantes}}
{{paroxítona|fa|bri|can|te}}, {{mf}}
# quem [[fabricar|fabrica]]
# quem [[dirigir|dirige]] uma [[fabricação]]
# [[dono]] de [[fábrica]]
===Tradução===
{{tradini|De 1}}
* {{t|de|Hersteller|m}}
{{tradmeio}}
{{tradfim}}
{{tradini|De 2}}
* {{t|de|Fabrikant|m}}
{{tradmeio}}
{{tradfim}}
===Sinônimos===
* De '''1''': [[feitor]]
=={{etimologia|pt}}==
{{llietimo|la|fabricante|pt}}
=={{pronúncia|pt}}==
===Portugal===
* AFI: {{AFI|/fɐ.bɾi.ˈkɐ̃.tɨ/}}
==Ver também==
===No Wikcionário===
* {{verLigações|fábrica}}
[[Categoria:Substantivo (Português)]]
[[Categoria:Profissão (Português)]]</text>
<sha1>smkl25sz40a1eqvvs2nfw9dfmm0d3vu</sha1>
</revision>
</page>
