<page>
<page>
<title>fabricado</title>
<ns>0</ns>
<id>100533</id>
<revision>
<id>2347414</id>
<parentid>2017260</parentid>
<timestamp>2017-05-01T19:01:47Z</timestamp>
<contributor>
<username>HydrizBot</username>
<id>29590</id>
</contributor>
<minor />
<comment>Robô: A limpar links interwikis antigos</comment>
<model>wikitext</model>
<format>text/x-wiki</format>
<text bytes="275" xml:space="preserve">={{-pt-}}=
==Adjetivo==
{{flex.pt|ms=fabricado|mp=fabricados|fs=fabricada|fp=fabricadas}}
{{paroxítona|fa|bri|ca|do}}
# que se [[fabricar|fabricou]]
# [[inventado]]
# [[imaginado]]
=={{etimologia|pt}}==
: Do latim ''fabricatus, a, um''.
[[Categoria:Adjetivo (Português)]]</text>
<sha1>aiuvhra7tpa8v5j0df3833mm1y8hdmc</sha1>
</revision>
