<page>
<title>fabucu</title>
<ns>0</ns>
<id>346614</id>
<revision>
<id>2442509</id>
<parentid>2031631</parentid>
<timestamp>2017-08-06T20:26:41Z</timestamp>
<contributor>
<username>Cpls</username>
<id>20608</id>
</contributor>
<comment>/* {{-ast-}} */  a refazer</comment>
<model>wikitext</model>
<format>text/x-wiki</format>
<text bytes="444" xml:space="preserve">={{-ast-}}=
==Substantivo==
{{flex.ast|ms=fabucu|mp=fabucos}}
{{paroxítona|fa|bu|cu|lang=ast}}, {{g|m|lang=ast}}
# {{escopo|ast|Fruta}} fruto da [[faia]] (''[[species:Fagus sylvatica|Fagus sylvatica]]'')
==={{-varort-}}===
* [[faúcu#Asturiano|faúcu]], [[fayucu#Asturiano|fayucu]]
=={{etimologia|ast}}==
: {{escopo|Morfologia}} Derivado de [[fava]]. Cognato do [[galego]] ''[[favuco#Galego|favuco]]''.
[[Categoria:Substantivo (Asturiano)]]</text>
<sha1>1oj4xytzanvg6nrul5coanlckmmxy6v</sha1>
</revision>
</page>
