<page>
<page>
<title>fabuloso</title>
<ns>0</ns>
<id>85882</id>
<revision>
<id>2614691</id>
<parentid>2583124</parentid>
<timestamp>2021-01-31T19:26:24Z</timestamp>
<contributor>
<username>Marxav</username>
<id>73271</id>
</contributor>
<minor />
<comment>AFI Portugal</comment>
<model>wikitext</model>
<format>text/x-wiki</format>
<text bytes="2430" xml:space="preserve">={{-pt-}}=
==Adjetivo==
{{flex.pt|ms=fabuloso|mp=fabulosos|fs=fabulosa|fp=fabulosas}}
{{paroxítona|fa|bu|lo|so}}
# quase [[impossível]] de [[acreditar]]; [[inacreditável]]
# excepcionalmente bom; [[maravilhoso]]
#* ''Esses números dão a impressão de que se trata de um negócio '''fabuloso'''. Mas não é bem assim.'' {{OESP|2008|fevereiro|18}}
# que é dito em [[fábula]]s; totalmente [[imaginário]]
#* ''São contos franceses, todos licenciosos, que amarrei numa só história que se passa num nordeste imaginário, '''fabuloso'''.'' {{OESP|2008|fevereiro|05}}
# diz-se daquilo que é conhecido apenas através de [[mito]]s e [[lenda]]s
===Tradução===
{{tradini}}
* {{trad|sq|përrallor|fantastike|i jashtëzakonshëm}}
* {{trad|de|mythisch|sagenhaft}}
* {{trad|ar|خيالي}}
* {{trad|arn|perimol}}
* {{trad|eu|primerako|sekulako|sinestezinezko}}
* {{trad|bg|баснословен}}
* {{trad|cs|bájeèný|nádherný}}
* {{trad|zh|难以置信的}}
* {{trad|hr|bajkovito}}
* {{trad|es|fabuloso|fantástico}}
* {{trad|eo|fabela}}
* {{trad|et|imetore|muinasjutuline}}
* {{trad|fi|satumainen}}
* {{trad|fr|fabuleux}}
* {{trad|he|נהדר|נפלא}}
{{tradmeio}}
* {{trad|nl|ongelooflijk|fantastisch}}
* {{trad|hu|mesés}}
* {{trad|en|fabulous}}
* {{trad|it|favoloso}}
* {{trad|la|fabulosus|fabularis}}
* {{trad|lv|neticams|neticami}}
* {{trad|fa|خيالی|واهی}}
* {{trad|ro|fabulos}}
* {{trad|ru|невероятный}}
* {{trad|sr|бајковит}}
* {{trad|scn|magnificu}}
* {{trad|sv|fabulös}}
* {{trad|vec|favoloso}}
* {{trad|xh|dumileyo|mangalisayo}}
* {{trad|zu|mangalisayo}}
{{tradfim}}
=={{etimologia|pt}}==
{{llietimo|la|fabulosus|pt|fabulōsus}}
=={{pronúncia|pt}}==
===Portugal===
* AFI: {{AFI|/fɐ.bu.ˈlo.zu/}}
==Ver também==
===No Wikcionário===
{{verTambém.Ini}}
* [[lendário]]
{{verTambém.NovaColuna}}
* [[mítico]]
{{verTambém.NovaColuna}}
* para outros verbetes relativos a qualidade, veja o verbete [[qualidade]]
{{verTambém.Fim}}
==Ligações externas==
* {{Aulete}}
* {{Michaelis}}
* {{DicioAberto}}
* {{DPLP}}
* {{Infopédia}}
* {{PLP}}
* {{VOLPABL}}
[[Categoria:Adjetivo (Português)]]
={{-es-}}=
==Adjetivo==
'''fabuloso'''
# [[fabuloso#Português|fabuloso]]
#* ''Por ahí alguien imagina sexo swinger y eso es '''fabuloso''' en la fantasía pero puede resultar muy desagradable si se la llega a concretar. {{clarin|2008|janeiro|26}}
[[Categoria:Adjetivo (Espanhol)]]</text>
<sha1>qbz05px9nvzyo79jgnsckpeywh9o5qc</sha1>
</revision>
