<page>
<title>fabular</title>
<ns>0</ns>
<id>261528</id>
<revision>
<id>2347424</id>
<parentid>2050266</parentid>
<timestamp>2017-05-01T19:03:51Z</timestamp>
<contributor>
<username>HydrizBot</username>
<id>29590</id>
</contributor>
<minor />
<comment>Robô: A limpar links interwikis antigos</comment>
<model>wikitext</model>
<format>text/x-wiki</format>
<text bytes="187" xml:space="preserve">={{-pt-}}=
==Verbo==
{{oxítona|fa|bu|lar}}
# [[proceder]] à [[fabulação]] de
===Conjugação===
{{conj/pt|fabul|ar}}
===Sinônimo===
* [[efabular]]
[[Categoria:Verbo (Português)]]</text>
<sha1>me5dyc4ot8trtofj8dta48zh1mxojdl</sha1>
</revision>
</page>
