<page>
<title>fabulação</title>
<ns>0</ns>
<id>261518</id>
<revision>
<id>2347425</id>
<parentid>1767942</parentid>
<timestamp>2017-05-01T19:03:53Z</timestamp>
<contributor>
<username>HydrizBot</username>
<id>29590</id>
</contributor>
<minor />
<comment>Robô: A limpar links interwikis antigos</comment>
<model>wikitext</model>
<format>text/x-wiki</format>
<text bytes="306" xml:space="preserve">={{-pt-}}=
==Substantivo==
{{flex.pt|fs=fabulação|fp=fabulações}}
{{oxítona|fa|bu|la|ção}}
# [[disposição]] dos [[fato]]s que constituem a [[trama]] de um [[romance]]
===Sinônimo===
* [[efabulação]]
=={{etimologia|pt}}==
: Do latim ''fabulatio, onis''.
[[Categoria:Substantivo (Português)]]</text>
<sha1>08x6nu6ludvit481962htw6m6ark2q6</sha1>
</revision>
</page>
