<page>
<title>fabulosos</title>
<ns>0</ns>
<id>94945</id>
<revision>
<id>2347428</id>
<parentid>1628290</parentid>
<timestamp>2017-05-01T19:05:03Z</timestamp>
<contributor>
<username>HydrizBot</username>
<id>29590</id>
</contributor>
<minor />
<comment>Robô: A limpar links interwikis antigos</comment>
<model>wikitext</model>
<format>text/x-wiki</format>
<text bytes="134" xml:space="preserve">={{-pt-}}=
== Forma de adjetivo ==
{{paroxítona|fa|bu|lo|sos}}
# plural de [[fabuloso]]
[[Categoria: Forma de adjetivo (Português)]]</text>
<sha1>nk1uz0lpudg47obqzsbsv8ycd9uwlqs</sha1>
</revision>
</page>
