<page>
<page>
<title>Fabíolas</title>
<ns>0</ns>
<id>359608</id>
<revision>
<id>2458661</id>
<parentid>2106923</parentid>
<timestamp>2017-11-02T02:14:30Z</timestamp>
<contributor>
<username>MIL973</username>
<id>41339</id>
</contributor>
<model>wikitext</model>
<format>text/x-wiki</format>
<text bytes="189" xml:space="preserve">={{-pt-}}=
==Forma de substantivo==
{{proparoxítona|Fa|bí|o|las}}, {{gramática|pr|fp}}
# plural de [[Fabíola]]
{{avi-for-fle|Fabíola}}
[[Categoria:Forma de substantivo (Português)]]</text>
<sha1>djhuiwe24zlzgbumh9g04e2rzymmp4z</sha1>
</revision>
