<page>
<title>Fabíola</title>
<ns>0</ns>
<id>359606</id>
<revision>
<id>2503242</id>
<parentid>2458660</parentid>
<timestamp>2018-05-18T04:14:29Z</timestamp>
<contributor>
<username>MIL973</username>
<id>41339</id>
</contributor>
<model>wikitext</model>
<format>text/x-wiki</format>
<text bytes="412" xml:space="preserve">={{-pt-}}=
==Substantivo==
{{flex.pt|fs=Fabíola|fp=Fabíolas}}
{{proparoxítona|Fa|bí|o|la}}, {{gramática|pr|f}}
# {{escopo|pt|Antropônimo}} [[Apêndice:Prenomes em português|prenome]] feminino
==Ver também==
===No Wikcionário===
====Antropônimos====
{{colunas|2}}
* [[Fábia]]
* [[Fabiana]]
* [[Fabiane]]
* [[Fabiano]]
* [[Fábio]]
* [[Fabíolo]]
{{colunas/fim}}
[[Categoria:Substantivo (Português)]]</text>
<sha1>iy5ptaj6tzv6onczi23nn1t5dvrv517</sha1>
</revision>
</page>
