<page>
<page>
<title>facada</title>
<ns>0</ns>
<id>315862</id>
<revision>
<id>2583121</id>
<parentid>2347435</parentid>
<timestamp>2020-03-21T18:37:03Z</timestamp>
<contributor>
<username>ValJor</username>
<id>1358</id>
</contributor>
<comment>Verbete [[:Categoria:!Página com idioma não informado em Predefinição:etimologia|sem indicação do idioma na seção de etimologia]]</comment>
<model>wikitext</model>
<format>text/x-wiki</format>
<text bytes="570" xml:space="preserve">={{-pt-}}=
==Substantivo==
{{flex.pt|ms=facada|mp=facadas}}
{{paroxítona|fa|ca|da}}, {{gramática|f}}
# [[golpe]] de [[faca]]
# [[surpresa]] [[doloroso|dolorosa]]
# [[ofensa]], [[agressão]] [[covarde]]
=={{etimologia|pt}}==
: {{escopo|Morfologia}} [[faca]] + [[-ada]].
==Ver também==
===No Wikcionário===
{{verTambém.Ini}}
* [[esfaquear]]
{{verTambém.NovaColuna}}
* [[punhalada]]
{{verTambém.Fim}}
==Ligações externas==
* {{Aulete}}
* {{Michaelis}}
* {{DicioAberto}}
* {{DPLP}}
* {{Infopédia}}
* {{PLP}}
* {{VOLPABL}}
[[Categoria:Substantivo (Português)]]</text>
<sha1>5yctqjh2fnznezza3hin1c29r0897er</sha1>
</revision>
