<page>
<page>
<title>facanhão</title>
<ns>0</ns>
<id>443526</id>
<revision>
<id>2675627</id>
<timestamp>2022-05-02T14:07:11Z</timestamp>
<contributor>
<username>Cpls</username>
<id>20608</id>
</contributor>
<comment>[[Ajuda:Guia de edição/Menus e ferramentas/Sumário de edição|→]] nova página: ={{-gl-}}= ==Adjetivo== {{flex.gl|ms=facanhão|mp=facanhões|fs=facanhona|fp=facanhonas}} {{oxítona|fa|ca|nhão|lang=gl}} # [[feio]] ridículo; pequeno; [[mísero]], [[ruim]], velho, roto, estragado; [[fraco]], sem forças; pouco hábil  ===Sinónimo=== * [[facarenho#{{gl}}|facarenho]]  =={{etimologia|gl}}== : Talvez da raiz de {{etimo|gl|faco}} &quot;cavalo ruim&quot;. Confronte-se com ''[[faquir#{{gl}}|faquir]]''...</comment>
<model>wikitext</model>
<format>text/x-wiki</format>
<text bytes="541" xml:space="preserve">={{-gl-}}=
==Adjetivo==
{{flex.gl|ms=facanhão|mp=facanhões|fs=facanhona|fp=facanhonas}}
{{oxítona|fa|ca|nhão|lang=gl}}
# [[feio]] ridículo; pequeno; [[mísero]], [[ruim]], velho, roto, estragado; [[fraco]], sem forças; pouco hábil
===Sinónimo===
* [[facarenho#{{gl}}|facarenho]]
=={{etimologia|gl}}==
: Talvez da raiz de {{etimo|gl|faco}} &quot;cavalo ruim&quot;. Confronte-se com ''[[faquir#{{gl}}|faquir]]'' e ''[[faquilão#{{gl}}|faquilão]]''.
=={{pronúncia|gl}}==
* AFI: {{AFI|/fa.ka.'ɲoŋ/|lang=gl}}
[[Categoria:Adjetivo (Galego)]]</text>
<sha1>rhndnwz7gkccbjoj6vu6ucaj7gbuxog</sha1>
</revision>
