<page>
<page>
<title>facaia</title>
<ns>0</ns>
<id>59670</id>
<revision>
<id>2059180</id>
<parentid>1212951</parentid>
<timestamp>2016-01-29T14:40:55Z</timestamp>
<contributor>
<username>ValJor</username>
<id>1358</id>
</contributor>
<comment>Um verbete a menos usando a [[Predefinição:flex.pt.subst.feminino|predefinição flex.pt.subst.feminino]]</comment>
<model>wikitext</model>
<format>text/x-wiki</format>
<text bytes="592" xml:space="preserve">{{ver também|facaio}}
={{-pt-}}=
==Substantivo==
{{flex.pt|fs=facaia|fp=facaias}}
{{paroxítona|fa|cai|a}}, {{f}}
# ato de [[gingar]] ou [[bambolear]]
===Expressões===
* '''[[à facaia]]''': {{escopoClasseMorfo|locução adverbial}} {{escopo|Portugal}} {{escopo|Pejorativo}} gingando ou rebolando como um fadista.
=={{etimologia|pt}}==
: {{escopo|Morfologia}} [[faca]] + [[-aia]].
==Ver também==
===No Wikcionário===
{{verTambém.Ini}}
{{verTambém.Ligações|faca}}
{{verTambém.NovaColuna}}
{{verTambém.Confrontar|facaio}}
{{verTambém.Fim}}
[[Categoria:Substantivo (Português)]]</text>
<sha1>au2hvh7upz9i7mn4su435v49juf04oe</sha1>
</revision>
