<page>
<title>facaneia</title>
<ns>0</ns>
<id>372198</id>
<revision>
<id>2675625</id>
<parentid>2599175</parentid>
<timestamp>2022-05-02T13:57:33Z</timestamp>
<contributor>
<username>Cpls</username>
<id>20608</id>
</contributor>
<model>wikitext</model>
<format>text/x-wiki</format>
<text bytes="873" xml:space="preserve">={{-pt-}}=
==Substantivo==
{{flex.pt|fs=facaneia|fp=facaneias}}
{{paroxítona|fa|ca|nei|a}}, {{gramática|f}}
# [[cavalgadura]] [[manso|mansa]] e [[elegante]]
=={{etimologia|pt}}==
: Aparentada com o francês {{etimo|fr|haquenée}} e com o inglês {{etimo|en|hakeney}}.
==Ligações externas==
* {{Aulete}}
* {{DPLP}}
* {{DicioAberto}}
* {{Infopédia}}
* {{Michaelis}}
* {{PLP}}
* {{VOLPABL}}
[[Categoria:Substantivo (Português)]]
={{-gl-}}=
==Substantivo==
{{flex.gl|fs=facaneia|fp=facaneias}}
{{paroxítona|fa|ca|nei|a|lang=gl}}, {{gramática|f}}
# [[facaneia|{{pt}}|facaneia]]
==={{-varort-}}===
* [[facané#{{gl}}|facané]], [[facanea#{{gl}}|facanea]]
=={{etimologia|gl}}==
: Aparentada com o francês {{etimo|fr|haquenée}} e com o inglês {{etimo|en|hakeney}}. Confronte-se com {{etimo|gl|faca}} e com {{etimo|gl|facaneu}}.
[[Categoria:Substantivo (Galego)]]</text>
<sha1>kdoa35rjf453anc4kc7yhbh05uwt2b2</sha1>
</revision>
</page>
