<page>
<title>facarenho</title>
<ns>0</ns>
<id>296568</id>
<revision>
<id>2675626</id>
<parentid>1451696</parentid>
<timestamp>2022-05-02T14:03:48Z</timestamp>
<contributor>
<username>Cpls</username>
<id>20608</id>
</contributor>
<comment>/* {{-pt-}} */</comment>
<model>wikitext</model>
<format>text/x-wiki</format>
<text bytes="541" xml:space="preserve">={{-pt-}}=
==Adjetivo==
{{flex.pt|ms=facarenho|mp=facarenhos|fs=facarenha|fp=facarenhas}}
{{paroxítona|fa|ca|re|nho}}
# {{escopo|pt|Galiza}} [[feio]]
# {{escopo|pt|Galiza}} [[mísero]], [[ruim]], velho, roto
# {{escopo|pt|Galiza}} [[fraco]], sem forças
=={{etimologia|pt}}==
: Confronte-se com [[faco]] e com o galego {{etimo|gl|facar}} &quot;[[marcar]], [[cortar]] com [[faca]]&quot;.
==Ver também==
===No Wikcionário===
{{verTambém.Ini}}
* [[faca]]
{{verTambém.NovaColuna}}
* [[fraco]]
{{verTambém.Fim}}
[[Categoria:Adjetivo (Português)]]</text>
<sha1>foxctizg4w26bkazyh00wpo1djwdghm</sha1>
</revision>
</page>
