<page>
<title>faccionar</title>
<ns>0</ns>
<id>110591</id>
<revision>
<id>2347438</id>
<parentid>1978098</parentid>
<timestamp>2017-05-01T19:06:39Z</timestamp>
<contributor>
<username>HydrizBot</username>
<id>29590</id>
</contributor>
<minor />
<comment>Robô: A limpar links interwikis antigos</comment>
<model>wikitext</model>
<format>text/x-wiki</format>
<text bytes="284" xml:space="preserve">={{-pt-}}=
==Verbo==
{{oxítona|fac|ci|o|nar}}, ''transitivo''
# [[dividir]] [[em]] [[facção|facções]]
# [[amotinar]]
# [[sublevar]]
===Conjugação===
{{conj/pt|faccion|ar}}
=={{etimologia|pt}}==
: {{escopo|Morfologia}} [[facção]] + [[-ar]].
[[Categoria:Verbo (Português)]]</text>
<sha1>4asxx92285kt7zsz7ezynzx8l01s983</sha1>
</revision>
</page>
