<page>
<page>
<title>faccioso</title>
<ns>0</ns>
<id>226182</id>
<revision>
<id>2347439</id>
<parentid>2054215</parentid>
<timestamp>2017-05-01T19:06:41Z</timestamp>
<contributor>
<username>HydrizBot</username>
<id>29590</id>
</contributor>
<minor />
<comment>Robô: A limpar links interwikis antigos</comment>
<model>wikitext</model>
<format>text/x-wiki</format>
<text bytes="412" xml:space="preserve">={{-pt-}}=
==Adjetivo==
{{flex.pt|ms=faccioso|mp=facciosos|fs=facciosa|fp=facciosas}}
{{paroxítona|fac|ci|o|so}}
# que se deixa levar pelas opiniões de uma [[facção]]
#* ''Na sua opinião, o relatório de Althoff é &quot;'''faccioso''', tendencioso e irresponsável&quot;.'' {{OESP|2001|dezembro|06}}
===Sinônimo===
* [[parcial]]
=={{etimologia|pt}}==
: Do latim ''factiosus''.
[[Categoria:Adjetivo (Português)]]</text>
<sha1>d7qwg4o8mftc1255zd6w0o4xdt2nanp</sha1>
</revision>
