<page>
<title>facebookiano</title>
<ns>0</ns>
<id>363491</id>
<revision>
<id>2416379</id>
<parentid>2161477</parentid>
<timestamp>2017-06-08T15:53:42Z</timestamp>
<contributor>
<username>ValJor</username>
<id>1358</id>
</contributor>
<comment>Melhorando a apresentação do verbete</comment>
<model>wikitext</model>
<format>text/x-wiki</format>
<text bytes="356" xml:space="preserve">={{-pt-}}=
==Adjetivo==
{{flex.pt|ms=facebookiano|mp=facebookianos|fs=facebookiana|fp=facebookianas}}
'''facebookiano'''
# {{escopo|pt|Neologismo}} pertinente ao [[w:Facebook|Facebook]]; que existe ou vigora dentro do Facebook
=={{etimologia|pt}}==
: ''Facebook'' + ''[[-iano]]''
[[Categoria:Adjetivo (Português)]]
[[Categoria:Século XXI (Português)]]</text>
<sha1>fsrm5m2juuxdhxl7o6mos2ltln5rnlp</sha1>
</revision>
</page>
