<page>
<title>facebook</title>
<ns>0</ns>
<id>342470</id>
<revision>
<id>2347441</id>
<parentid>2234420</parentid>
<timestamp>2017-05-01T19:07:06Z</timestamp>
<contributor>
<username>HydrizBot</username>
<id>29590</id>
</contributor>
<minor />
<comment>Robô: A limpar links interwikis antigos</comment>
<model>wikitext</model>
<format>text/x-wiki</format>
<text bytes="215" xml:space="preserve">={{-en-}}=
==Substantivo==
'''facebook'''
# [[diretório]] de [[pessoa]]s com seus [[nome]]s e [[fotografia]]s
=={{etimologia|en}}==
: {{escopo|Morfologia}} [[face]] + [[book]].
[[Categoria:Substantivo (Inglês)]]</text>
<sha1>o65asge5j1hdm420dwzhuvh9pwbio1e</sha1>
</revision>
</page>
