<page>
<page>
<title>faceira</title>
<ns>0</ns>
<id>165132</id>
<revision>
<id>2681085</id>
<parentid>2681014</parentid>
<timestamp>2022-06-19T20:48:47Z</timestamp>
<contributor>
<username>Cpls</username>
<id>20608</id>
</contributor>
<model>wikitext</model>
<format>text/x-wiki</format>
<text bytes="2009" xml:space="preserve">={{-pt-}}=
==Adjetivo==
{{flex.pt|ms=faceiro|mp=faceiros|fs=faceira|fp=faceiras}}
{{paroxítona|fa|cei|ra}}
# [[serelepe]]
# [[vaidoso|vaidosa]]
# [[janota]]
# [[frajola]]
==Substantivo&lt;sup&gt;1&lt;/sup&gt;==
{{flex.pt|fs=faceira|fp=faceiras}}
{{paroxítona|fa|cei|ra}}, {{g|f}}
# [[carne]] dos [[lado]]s do [[focinho]] do [[boi]]
#  [[mulher]] [[vaidoso|vaidosa]] 
# [[cara]] [[larga]]
# [[façoila]]
# {{escopo|pt|Trás-os-Montes}} [[queixada]]
==={{etimologia|pt}}===
: {{escopo|Morfologia}} De [[face]] + [[-eira]].
==Substantivo&lt;sup&gt;2&lt;/sup&gt;==
{{flex.pt|fs=faceira|fp=faceiras}}
{{paroxítona|fa|cei|ra}}, {{g|f}}
# {{escopo|pt|Trás-os-Montes}} terreno agrícola [[chão]] perto da população
# {{escopo|pt|Trás-os-Montes}} [[seara]]
==={{etimologia|pt}}===
: Da mesma origem que o galego ''[[faceira#{{gl}}|faceira]]''&lt;sup&gt;2&lt;/sup&gt;.
[[Categoria:Substantivo (Português)]]
[[Categoria:Adjetivo (Português)]]
={{-gl-}}=
==Substantivo&lt;sup&gt;1&lt;/sup&gt;==
{{flex.gl|fs=faceira|fp=faceiras}}
{{paroxítona|fa|cei|ra|lang=gl}}, {{g|f|lang=gl}}
# [[bochecha]], [[carne]] dos [[lado]]s da [[cara]]
# nos animais: [[queixada]]
# [[face]] de uma pessoa {{o/a|obes}}
# [[barbela]]
# {{escopo|gl|Culinária}} carne da papada e a mesma papada da cabeça do porco curada
==={{-varort-}}===
* De '''1''': [[faxeira#{{gl}}|faxeira]]
==={{etimologia|gl}}===
: {{escopo|Morfologia}} De ''[[face#{{gl}}|face]]'' + ''[[-eira#{{gl}}|-eira]]''. Confronte-se com ''[[faceiro#{{gl}}|faceiro]]''.
==Substantivo&lt;sup&gt;2&lt;/sup&gt;==
{{flex.gl|fs=faceira|fp=faceiras}}
{{paroxítona|fa|cei|ra|lang=gl}}, {{g|f|lang=gl}}
# conjunto de terrenos de lavoura próximo a uma aldeia, [[agra]]
# grande terreno de [[lavoura]] que forma uma unidade e que é divido em [[lote]]s cultivado por diferentes agricultores
# terreno agrícola [[chão]]
==={{etimologia|gl}}===
: {{escopo|Morfologia}} De ''[[faça#{{gl}}|faça]]'' + ''[[-eira#{{gl}}|-eira]]''. Confronte-se com o cognato asturiano {{etimo|ast|facera}}.
[[Categoria:Substantivo (Galego)]]</text>
<sha1>rruvjh0kufe42mfmftehvyce0z00mgs</sha1>
</revision>
