<page>
<title>face</title>
<ns>0</ns>
<id>4178</id>
<revision>
<id>2654952</id>
<parentid>2587462</parentid>
<timestamp>2021-12-14T08:33:29Z</timestamp>
<contributor>
<username>ValJor</username>
<id>1358</id>
</contributor>
<comment>Trocando a tag center pela predefinição centro para corrigir problema de lint</comment>
<model>wikitext</model>
<format>text/x-wiki</format>
<text bytes="1893" xml:space="preserve">{{Wikipédia|lang=pt}}
[[Imagem:Face of SpooSpa.jpg|thumb|right|250px|{{centro|Face}}]]
{{ver também|Face}}
={{-pt-}}=
==Substantivo==
{{flex.pt|fs=face|fp=faces}}
{{paroxítona|fa|ce}}, {{gramática|f}}
# [[parte]] do [[corpo]] [[humano]] onde se encontram os [[olho]]s, [[nariz]] e [[boca]]
# um dos lados:
#* ''Toda moeda tem duas '''faces'''.''
===Expressões===
* '''[[em face a]]''':
* '''[[em face de]]''':
* '''[[face a]]''':
* '''[[fazer face]]''':
===Sinônimos===
{{verTambém.Ini}}
* [[rosto]]
{{verTambém.NovaColuna}}
* [[cara]]
{{verTambém.NovaColuna}}
* {{escopo2|Angola}} [[chipala]]
{{verTambém.Fim}}
===Traduções===
{{tradini}}
* {{t|de|Gesicht|m}}
* {{t|fr|visage|m}}
* {{trad|en|face}}
* {{trad|it|facia}}
{{tradmeio}}
* {{trad|ja|顔}}
* {{trad|ru|ru|лицо}}
* {{t|sv|ansikte|ett}}
{{tradfim}}
=={{etimologia|pt}}==
{{llietimo|la|facies|pt}}
==Ver também==
===No Wikcionário===
* [[Wikisaurus:face]]
* [[interface]]
* [[mento]]
==Anagrama==
&lt;!-- índice para anagramas: pt: acef --&gt;
# [[café]]
[[Categoria:Substantivo (Português)]]
[[Categoria:Anatomia (Português)]]
[[Categoria:Entrada com imagem (Português)]]
={{-fr-}}=
==Substantivo==
{{flex.fr|fs=face|fp=faces}}
'''face''', {{gramática|f}}
# [[face#Português|face]], [[cara]], [[rosto]]
[[Categoria:Substantivo (Francês)]]
[[Categoria:Anatomia (Francês)]]
[[Categoria:Entrada com imagem (Francês)]]
={{-en-}}=
==Substantivo==
'''face'''
# {{escopo|en|Anatomia}} a parte frontal da cabeça, incluindo os olhos, o nariz a boca e a área ao redor
#* ''She has a pretty '''face'''.''
# expressão [[facial]] de uma pessoa
#* ''Why the sad '''face'''?''
# imagem pública
#* ''The '''face''' of this company.''
=={{pronúncia|en}}==
* {{audio|en-us-face.ogg|Estados Unidos}}
[[Categoria:Substantivo (Inglês)]]
[[Categoria:Anatomia (Inglês)]]
[[Categoria:Entrada com imagem (Inglês)]]</text>
<sha1>e1a8wex5hg3llamfnzngs9c3jzjdcte</sha1>
</revision>
</page>
