<page>
<page>
<title>facera</title>
<ns>0</ns>
<id>444600</id>
<revision>
<id>2681089</id>
<timestamp>2022-06-19T20:54:56Z</timestamp>
<contributor>
<username>Cpls</username>
<id>20608</id>
</contributor>
<comment>[[Ajuda:Guia de edição/Menus e ferramentas/Sumário de edição|→]] nova página: ={{-ast-}}= ==Substantivo== {{flex.ast|fs=facera|fp=faceras}} {{paroxítona|fa|ce|ra|lang=ast}}, {{g|f}} # aproveitamento [[comunitário]] de [[pastagem|pastagens]] de montanha por parte de distintos [[gadeiro]]s ou por diferentes populações segundo a época do ano  =={{etimologia|ast}}== : {{escopo|Morfologia}} De {{etimo|ast|faza}} + {{etimo|ast|-era}}. Confronte-se com o cognato galego {{etimo|gl|face...</comment>
<model>wikitext</model>
<format>text/x-wiki</format>
<text bytes="454" xml:space="preserve">={{-ast-}}=
==Substantivo==
{{flex.ast|fs=facera|fp=faceras}}
{{paroxítona|fa|ce|ra|lang=ast}}, {{g|f}}
# aproveitamento [[comunitário]] de [[pastagem|pastagens]] de montanha por parte de distintos [[gadeiro]]s ou por diferentes populações segundo a época do ano
=={{etimologia|ast}}==
: {{escopo|Morfologia}} De {{etimo|ast|faza}} + {{etimo|ast|-era}}. Confronte-se com o cognato galego {{etimo|gl|faceira}}.
[[Categoria:Substantivo (Asturiano)]]</text>
<sha1>5qty5dl78syct79o8k5gdnvu3rtznrk</sha1>
</revision>
