<page>
<title>facere</title>
<ns>0</ns>
<id>89249</id>
<revision>
<id>2347448</id>
<parentid>2244982</parentid>
<timestamp>2017-05-01T19:07:41Z</timestamp>
<contributor>
<username>HydrizBot</username>
<id>29590</id>
</contributor>
<minor />
<comment>Robô: A limpar links interwikis antigos</comment>
<model>wikitext</model>
<format>text/x-wiki</format>
<text bytes="129" xml:space="preserve">={{-la-}}=
==Verbo==
'''facere'''
#presente ativo infinitivo do verbo '''[[facio|faciō]]'''.
[[Categoria:Forma verbal (Latim)]]</text>
<sha1>f4wwmo0dwfyw5clhvxtxu8rrfjx64lh</sha1>
</revision>
</page>
