<page>
<title>facetas</title>
<ns>0</ns>
<id>431327</id>
<revision>
<id>2625299</id>
<parentid>2624903</parentid>
<timestamp>2021-02-28T16:15:40Z</timestamp>
<contributor>
<username>Ollie Dee1234</username>
<id>80685</id>
</contributor>
<comment>/* {{-pt-}} */</comment>
<model>wikitext</model>
<format>text/x-wiki</format>
<text bytes="209" xml:space="preserve">={{-pt-}}=
==Forma de substantivo==
{{flex.pt|fs=faceta|fp=facetas}}
{{paroxítona|fa|ce|tas}}, {{gramática|fp}}
# plural de [[faceta]]
{{avi-for-fle|faceta}}
[[Categoria:Forma de substantivo (Português)]]</text>
<sha1>9yzsdko1vb48d0c12iuj9un6rde1z58</sha1>
</revision>
</page>
