<page>
<page>
<title>faceiros</title>
<ns>0</ns>
<id>270187</id>
<revision>
<id>1189723</id>
<parentid>1080429</parentid>
<timestamp>2011-07-08T18:47:08Z</timestamp>
<contributor>
<username>MalafayaBot</username>
<id>628</id>
</contributor>
<minor />
<comment>Robô: Substituição de texto automática (-^\=\s?Português\s?\= +={{-pt-}}= &amp; -^\=\s?\{\{pt\}\}\s?\= +={{-pt-}}=)</comment>
<model>wikitext</model>
<format>text/x-wiki</format>
<text bytes="254" xml:space="preserve">={{-pt-}}=
==Forma de adjetivo==
{{paroxítona|fa|cei|ros}}
# plural de [[faceiro]]
==Forma de substantivo==
{{paroxítona|fa|cei|ros}}
# plural de [[faceiro]]
[[Categoria:Forma de adjetivo (Português)]]
[[Categoria:Forma de substantivo (Português)]]</text>
<sha1>m91uw9wq7eze50ofcmi2fkcgz30606s</sha1>
</revision>
