<page>
<page>
<title>facebookianos</title>
<ns>0</ns>
<id>363492</id>
<revision>
<id>2416338</id>
<parentid>2161479</parentid>
<timestamp>2017-06-08T12:44:33Z</timestamp>
<contributor>
<username>ValJor</username>
<id>1358</id>
</contributor>
<comment>Melhorando a apresentação do verbete</comment>
<model>wikitext</model>
<format>text/x-wiki</format>
<text bytes="157" xml:space="preserve">={{-pt-}}=
==Forma de adjetivo==
'''facebookianos'''
# plural de [[facebookiano]]
{{avi-for-fle|facebookiano}}
[[Categoria:Forma de adjetivo (Português)]]</text>
<sha1>g7a1oigvw4z4gr738af6ci0yi4rw616</sha1>
</revision>
