<page>
<title>facepalming</title>
<ns>0</ns>
<id>261386</id>
<revision>
<id>2347446</id>
<parentid>1767969</parentid>
<timestamp>2017-05-01T19:07:32Z</timestamp>
<contributor>
<username>HydrizBot</username>
<id>29590</id>
</contributor>
<minor />
<comment>Robô: A limpar links interwikis antigos</comment>
<model>wikitext</model>
<format>text/x-wiki</format>
<text bytes="138" xml:space="preserve">={{-en-}}=
==Forma verbal==
'''facepalming'''
#gerúndio do verbo '''[[facepalm#{{en}}|facepalm]]'''
[[Categoria:Forma verbal (Inglês)]]</text>
<sha1>2ryhtowsop33gkqfhhk1c13qzlx1mwl</sha1>
</revision>
</page>
