<page>
<page>
<title>facepalms</title>
<ns>0</ns>
<id>261384</id>
<revision>
<id>2347447</id>
<parentid>1767968</parentid>
<timestamp>2017-05-01T19:07:34Z</timestamp>
<contributor>
<username>HydrizBot</username>
<id>29590</id>
</contributor>
<minor />
<comment>Robô: A limpar links interwikis antigos</comment>
<model>wikitext</model>
<format>text/x-wiki</format>
<text bytes="275" xml:space="preserve">={{-en-}}=
==Forma de substantivo==
'''facepalms''', {{p}}
#plural de '''[[facepalm#{{en}}|facepalm]]'''
==Forma verbal==
'''facepalms'''
#presente do verbo '''[[facepalm#{{en}}|facepalm]]'''
[[Categoria:Forma verbal (Inglês)]]
[[Categoria:Forma de substantivo (Inglês)]]</text>
<sha1>0zf09rsvtswoyw97dmfu2apzd5wmn33</sha1>
</revision>
