<page>
<page>
<title>facetamento</title>
<ns>0</ns>
<id>313046</id>
<revision>
<id>1668197</id>
<parentid>1667818</parentid>
<timestamp>2013-03-11T13:13:43Z</timestamp>
<contributor>
<username>VJBot</username>
<id>33673</id>
</contributor>
<minor />
<comment>Robô: Substituição de texto automática  (-acto de +ato de)</comment>
<model>wikitext</model>
<format>text/x-wiki</format>
<text bytes="125" xml:space="preserve">={{-pt-}}=
==Substantivo==
{{paroxítona|fa|ce|ta|men|to}} {{m}}
# ato de [[facetar]]
[[Categoria:Substantivo (Português)]]</text>
<sha1>3y53sfph86577nyrkwh3tv2uhfh7kqq</sha1>
</revision>
