<page>
<page>
<title>Face</title>
<ns>0</ns>
<id>325009</id>
<revision>
<id>2268855</id>
<parentid>2180651</parentid>
<timestamp>2017-04-26T17:25:33Z</timestamp>
<contributor>
<username>HydrizBot</username>
<id>29590</id>
</contributor>
<minor />
<comment>Robô: A limpar links interwikis antigos</comment>
<model>wikitext</model>
<format>text/x-wiki</format>
<text bytes="265" xml:space="preserve">={{-pt-}}=
==Substantivo==
'''Face''' {{gramática|m|pr}} {{datação|Século XXI}}
# {{escopo|pt|coloquial}} o mesmo que ''Facebook''
=={{etimologia|pt}}==
: Redução de ''Facebook''.
[[Categoria:Substantivo (Português)]]
[[Categoria:Século XXI (Português)]]</text>
<sha1>0srczowrmbr0ms3yetnqm2czkwwzr0x</sha1>
</revision>
