<page>
<page>
<title>fachal</title>
<ns>0</ns>
<id>412552</id>
<revision>
<id>2551238</id>
<parentid>2551237</parentid>
<timestamp>2019-08-13T12:22:20Z</timestamp>
<contributor>
<username>Cpls</username>
<id>20608</id>
</contributor>
<comment>/* {{etimologia|gl}} */</comment>
<model>wikitext</model>
<format>text/x-wiki</format>
<text bytes="913" xml:space="preserve">={{-gl-}}=
==Substantivo==
{{flex.gl|ms=fachal|mp=facháis}}
{{oxítona|fa|chal|lang=gl}}, {{g|m|lang=gl}}
# [[abertura]] estreita em parede para dar luz ou ventilação
# pequeno buraco para dar saída ao [[fumo]] nas [[cozinha]]s
# [[janelo]] do [[desvão]]
# [[postigo#{{gl}}|postigo]], pequena abertura ou janelo em porta grande ou janela
# [[fachada]], frontaria
===Sinónimos===
* De '''1''': [[bufarra#{{gl}}|bufarra]], [[fachinal#{{gl}}|fachinal]], [[guicheiro#{{gl}}|guicheiro]]
* De '''2''': [[gachumeiro#{{gl}}|gachumeiro]], [[finestro#{{gl}}|finestro]], [[lumieira#{{gl}}|lumieira]]
=={{etimologia|gl}}==
: De '''1''', '''2''', '''3''' e '''4''': talvez aparentada com o latim {{etimo|la|fracta}}. Confronte-se com ''[[facha#{{gl}}|facha]]'' ou ''[[facho#{{gl}}|facho]]''.
:De '''5''': {{escopo|Morfologia}} De ''[[facha#{{gl}}|facha]]'' + ''[[-al#{{gl}}|-al]]''.
[[Categoria:Substantivo (Galego)]]</text>
<sha1>sgr8ocmi8o1n7l7niqjx8wto0p5eb7p</sha1>
</revision>
