<page>
<page>
<title>fachuqueira</title>
<ns>0</ns>
<id>410897</id>
<revision>
<id>2546675</id>
<timestamp>2019-06-14T22:00:19Z</timestamp>
<contributor>
<username>Cpls</username>
<id>20608</id>
</contributor>
<comment>[[Ajuda:Guia de edição/Menus e ferramentas/Sumário de edição|→]] nova página: ={{-gl-}}= ==Substantivo== {{flex.gl|fs=fachuqueira|fp=fachuqueiras}} {{paroxítona|fa|chu|quei|ra|lang=gl}},...</comment>
<model>wikitext</model>
<format>text/x-wiki</format>
<text bytes="427" xml:space="preserve">={{-gl-}}=
==Substantivo==
{{flex.gl|fs=fachuqueira|fp=fachuqueiras}}
{{paroxítona|fa|chu|quei|ra|lang=gl}}, {{g|f|lang=gl}}
# [[tocha]] de pele de carneiro untada de [[alcatrão]]
===Sinónimo===
* [[facha#{{gl}}|facha]]
=={{etimologia|gl}}==
: {{escopo|Morfologia}} De ''[[fachuco#{{gl}}|fachuco]]'' + ''[[-eira#{{gl}}|-eira]]''. Confronte-se com ''[[fachuqueiro#{{gl}}|fachuqueiro]]''.
[[Categoria:Substantivo (Galego)]]</text>
<sha1>lcxynb0iaj38whbypcgcd1716kxe9t4</sha1>
</revision>
