<page>
<page>
<title>fachucalhada</title>
<ns>0</ns>
<id>386846</id>
<revision>
<id>2466229</id>
<timestamp>2017-12-02T18:51:18Z</timestamp>
<contributor>
<username>Cpls</username>
<id>20608</id>
</contributor>
<comment>[[Ajuda:Guia de edição/Menus e ferramentas/Sumário de edição|→]] nova página: ={{-gl-}}= ==Substantivo== {{flex.gl|fs=fachucalhada|fp=fachucalhadas}} {{paroxítona|fa|chu|ca|lha|da|lang=g...</comment>
<model>wikitext</model>
<format>text/x-wiki</format>
<text bytes="354" xml:space="preserve">={{-gl-}}=
==Substantivo==
{{flex.gl|fs=fachucalhada|fp=fachucalhadas}}
{{paroxítona|fa|chu|ca|lha|da|lang=gl}}, {{g|f|lang=gl}}
# grupo de objetos [[inútil|inúteis]], de pouco valor ou velhos
===Sinónimos===
* Vide em [[cachivaches#{{gl}}|cachivaches]]
=={{etimologia|gl}}==
: De ''[[fachuco#{{gl}}|fachuco]]''.
[[Categoria:Substantivo (Galego)]]</text>
<sha1>nvflwtzbn6vgyo5ds5d4z6etyd0ljfr</sha1>
</revision>
