<page>
<page>
<title>fachendear</title>
<ns>0</ns>
<id>249308</id>
<revision>
<id>2347457</id>
<parentid>1978100</parentid>
<timestamp>2017-05-01T19:08:24Z</timestamp>
<contributor>
<username>HydrizBot</username>
<id>29590</id>
</contributor>
<minor />
<comment>Robô: A limpar links interwikis antigos</comment>
<model>wikitext</model>
<format>text/x-wiki</format>
<text bytes="469" xml:space="preserve">={{-pt-}}=
==Verbo==
{{oxítona|fa|chen|de|ar}}
# {{escopo|Galiza}} ter [[fachenda]], ser um [[faroleiro]], [[presumir]]
#* ''&quot;Vem '''fachendear''' de carro novo.&quot;''
===Conjugação===
{{conj/pt|fachende|ar}}
=={{etimologia|pt}}==
: Do latim ''fastus''.
: {{escopo|Morfologia}} De [[fachenda]]+ [[-ear]].
==Ver também==
===No Wikcionário===
{{verTambém.Ini}}
* [[facho]]
{{verTambém.NovaColuna}}
* [[fachuco]]
{{verTambém.Fim}}
[[Categoria:Verbo (Português)]]</text>
<sha1>gcuwvfrg37ts36z2p5r73bz3oa7y9zf</sha1>
</revision>
