<page>
<title>fachuco</title>
<ns>0</ns>
<id>249309</id>
<revision>
<id>1207155</id>
<parentid>948252</parentid>
<timestamp>2011-07-10T03:25:49Z</timestamp>
<contributor>
<username>MalafayaBot</username>
<id>628</id>
</contributor>
<minor />
<comment>Robô: Substituição de texto automática (-^\=\s?Português\s?\= +={{-pt-}}= &amp; -^\=\s?\{\{pt\}\}\s?\= +={{-pt-}}=)</comment>
<model>wikitext</model>
<format>text/x-wiki</format>
<text bytes="376" xml:space="preserve">={{-pt-}}=
==Substantivo==
{{flex.pt|ms=fachuco|mp=fachucos}}
{{paroxítona|fa|chu|co}}
# {{escopo|Galiza e Trás-os-Montes}} [[facho]] feito dum [[feixe]] de palha bem apertado
# {{escopo|Galiza e Trás-os-Montes}}  qualquer [[mão-cheia]] de palha
=={{etimologia|pt}}==
: Do latim ''fastus''.
: {{escopo|Morfologia}} [[facho]]+uco
[[Categoria:Substantivo (Português)]]</text>
<sha1>rf8uuhbsodu5detwvoye5nv29gf0d6m</sha1>
</revision>
</page>
