<page>
<page>
<title>fachinal</title>
<ns>0</ns>
<id>412551</id>
<revision>
<id>2551236</id>
<timestamp>2019-08-13T12:12:52Z</timestamp>
<contributor>
<username>Cpls</username>
<id>20608</id>
</contributor>
<comment>[[Ajuda:Guia de edição/Menus e ferramentas/Sumário de edição|→]] nova página: ={{-gl-}}= ==Substantivo== {{flex.gl|ms=fachinal|mp=fachináis}} {{oxítona|fa|chi|nal|lang=gl}}, {{g|m|lang=...</comment>
<model>wikitext</model>
<format>text/x-wiki</format>
<text bytes="694" xml:space="preserve">={{-gl-}}=
==Substantivo==
{{flex.gl|ms=fachinal|mp=fachináis}}
{{oxítona|fa|chi|nal|lang=gl}}, {{g|m|lang=gl}}
# [[abertura]] estreita em parede para dar luz ou ventilação
# pequeno buraco para dar saída ao [[fumo]] nas [[cozinha]]s
===Sinónimos===
* De '''1''': [[bufarra#{{gl}}|bufarra]], [[fachal#{{gl}}|fachal]], [[guicheiro#{{gl}}|guicheiro]]
* De '''2''': [[gachumeiro#{{gl}}|gachumeiro]], [[finestro#{{gl}}|finestro]], [[lumieira#{{gl}}|lumieira]]
=={{etimologia|gl}}==
: Da mesma ogrigem que ''[[fachal#{{gl}}|fachal]]''. Confronte-se com ''[[fachinol#{{gl}}|fachinol]]'', ''[[machinal#{{gl}}|machinal]]'' e ''[[gachinel#{{gl}}|gachinel]]''.
[[Categoria:Substantivo (Galego)]]</text>
<sha1>r78u4jh5m7223s7xgfzlu0h9jwha1kw</sha1>
</revision>
