<page>
<title>fachango</title>
<ns>0</ns>
<id>363500</id>
<revision>
<id>2161499</id>
<timestamp>2016-08-21T14:52:32Z</timestamp>
<contributor>
<username>Cpls</username>
<id>20608</id>
</contributor>
<comment>[[Ajuda:Guia de edição/Menus e ferramentas/Sumário de edição|→]] nova página: ={{-gl-}}= ==Substantivo== {{flex.gl|ms=fachango|mp=fachangos}} {{paroxítona|fa|chan|go|lang=gl}}, {{gramát...</comment>
<model>wikitext</model>
<format>text/x-wiki</format>
<text bytes="329" xml:space="preserve">={{-gl-}}=
==Substantivo==
{{flex.gl|ms=fachango|mp=fachangos}}
{{paroxítona|fa|chan|go|lang=gl}}, {{gramática|m|concr|lang=gl}}
# [[sulco]] cheio de água, vala encharcada
# [[cova]], buraco na terra
=={{etimologia|gl}}==
: Confronte-se com [[fochanco]], e ''[[fuchango#{{gl}}|fuchango]]''.
[[Categoria:Substantivo (Galego)]]</text>
<sha1>jn7jjsjqaekczkxuf3b8d9bmxa4oekk</sha1>
</revision>
</page>
