<page>
<title>fachinelo</title>
<ns>0</ns>
<id>412548</id>
<revision>
<id>2551228</id>
<parentid>2551227</parentid>
<timestamp>2019-08-13T11:29:18Z</timestamp>
<contributor>
<username>Cpls</username>
<id>20608</id>
</contributor>
<comment>/* {{-varort-}} */</comment>
<model>wikitext</model>
<format>text/x-wiki</format>
<text bytes="352" xml:space="preserve">={{-gl-}}=
==Substantivo==
{{flex.gl|ms=fachinelo|mp=fachinelo}}
{{paroxítona|fa|chi|ne|lo|lang=gl}}, {{g|m|lang=gl}}
# [[janelo]], pequena janela; fresta numa parede para iluminação ou ventilação
==={{-varort-}}===
* [[fachinol#{{gl}}|fachinol]], [[fachinolo#{{gl}}|fachinolo]], [[gachinelo#{{gl}}|gachinelo]]
[[Categoria:Substantivo (Galego)]]</text>
<sha1>s2384p29riq4j0uougngitgqp1zrl1r</sha1>
</revision>
</page>
