<page>
<page>
<title>fachuqueiro</title>
<ns>0</ns>
<id>410898</id>
<revision>
<id>2546678</id>
<timestamp>2019-06-14T22:07:38Z</timestamp>
<contributor>
<username>Cpls</username>
<id>20608</id>
</contributor>
<comment>[[Ajuda:Guia de edição/Menus e ferramentas/Sumário de edição|→]] nova página: ={{-gl-}}= ==Adjetivo== {{flex.gl|ms=fachuqueiro|mp=fachuqueiros|fs=fachuqueira|fp=fachuqueiras}} {{paroxíto...</comment>
<model>wikitext</model>
<format>text/x-wiki</format>
<text bytes="649" xml:space="preserve">={{-gl-}}=
==Adjetivo==
{{flex.gl|ms=fachuqueiro|mp=fachuqueiros|fs=fachuqueira|fp=fachuqueiras}}
{{paroxítona|fa|chu|quei|ro|lang=gl}}
# [[trapalhão]]; que causa [[confusão]]; torpe
==={{-varort-}}===
* [[fuchiqueiro#{{gl}}|fuchiqueiro]]
==={{etimologia|gl}}===
: De ''[[fachucar#{{gl}}|fachucar]]''.
==Substantivo==
{{flex.gl|ms=fachuqueiro|mp=fachuqueiros}}
{{paroxítona|fa|chu|quei|ro|lang=gl}}, {{g|m|lang=gl}}
# [[facho]] de palha
==={{etimologia|gl}}===
: {{escopo|Morfologia}} De ''[[fachuco#{{gl}}|fachuco]]'' + ''[[-eiro#{{gl}}|-eiro]]''. Confronte-se com ''[[fachuqueira#{{gl}}|fachuqueira]]''.
[[Categoria:Substantivo (Galego)]]</text>
<sha1>22g2cpzsvncdcmrxcsgi7y4yk3k31xh</sha1>
</revision>
