<page>
<title>fachinolo</title>
<ns>0</ns>
<id>412546</id>
<revision>
<id>2551229</id>
<parentid>2551225</parentid>
<timestamp>2019-08-13T11:31:24Z</timestamp>
<contributor>
<username>Cpls</username>
<id>20608</id>
</contributor>
<comment>/* {{-gl-}} */</comment>
<model>wikitext</model>
<format>text/x-wiki</format>
<text bytes="266" xml:space="preserve">={{-gl-}}=
==Substantivo==
{{flex.gl|ms=fachinolo|mp=fachinolo}}
{{paroxítona|fa|chi|no|lo|lang=gl}}, {{g|m|lang=gl}}
# [[janelo]], pequena janela
==={{-varort-}}===
* [[fachinelo#{{gl}}|fachinelo]], [[fachinol#{{gl}}|fachinol]]
[[Categoria:Substantivo (Galego)]]</text>
<sha1>o45lkuumwcfhdif0m05ixcsayb1183m</sha1>
</revision>
</page>
