<page>
<title>fachenda</title>
<ns>0</ns>
<id>249306</id>
<revision>
<id>2347456</id>
<parentid>1767962</parentid>
<timestamp>2017-05-01T19:08:22Z</timestamp>
<contributor>
<username>HydrizBot</username>
<id>29590</id>
</contributor>
<minor />
<comment>Robô: A limpar links interwikis antigos</comment>
<model>wikitext</model>
<format>text/x-wiki</format>
<text bytes="738" xml:space="preserve">={{-pt-}}=
==Substantivo==
{{flex.pt|fs=fachenda|fp=fachendas}}
{{paroxítona|fa|chen|da}} {{f}}
# {{escopo|Galiza}} [[vaidade]], arrogância, soberba
#* ''Crê ser dono da vila, vai pola rua com muita '''fachenda'''.''
===Verbetes derivados===
* [[fachendear]]
==Adjetivo==
{{flex.pt|s=fachenda|p=fachendas}}
# {{escopo|Galiza}} fingidor ou fingidora, pessoa [[presuntuoso|presuntuosa]]
#* ''É um '''fachenda''', fala mas não faz.''
=={{etimologia|pt}}==
: Do latim ''fastus''.
: {{escopo|Morfologia}} [[facho]] + [[-enda]].
[[Categoria:Substantivo (Português)]]
={{-es-}}=
==Substantivo==
'''fachenda'''
# [[fachenda#Português|fachenda]]
=={{etimologia|es}}==
: Do italiano [[faccenda]].
[[Categoria:Substantivo (Espanhol)]]</text>
<sha1>b2ar0hlvmtef5xlb67eo8e5ytr5cesd</sha1>
</revision>
</page>
