<page>
<title>facilitarem</title>
<ns>0</ns>
<id>212096</id>
<revision>
<id>2347469</id>
<parentid>1767995</parentid>
<timestamp>2017-05-01T19:10:35Z</timestamp>
<contributor>
<username>HydrizBot</username>
<id>29590</id>
</contributor>
<minor />
<comment>Robô: A limpar links interwikis antigos</comment>
<model>wikitext</model>
<format>text/x-wiki</format>
<text bytes="277" xml:space="preserve">={{-pt-}}=
==Forma verbal==
'''facilitarem'''
#[[terceira pessoa]] do [[plural]] do [[futuro]] do [[modo subjuntivo]] do verbo '''[[facilitar]]'''
#[[infinitivo pessoal]] da [[terceira pessoa]] do [[plural]] do verbo '''[[facilitar]]'''
[[Categoria:Forma verbal (Português)]]</text>
<sha1>kybgy5hzhwgpq96h65fu3yc5ky7y4dr</sha1>
</revision>
</page>
