<page>
<title>facilites</title>
<ns>0</ns>
<id>219247</id>
<revision>
<id>2347477</id>
<parentid>1767988</parentid>
<timestamp>2017-05-01T19:11:10Z</timestamp>
<contributor>
<username>HydrizBot</username>
<id>29590</id>
</contributor>
<minor />
<comment>Robô: A limpar links interwikis antigos</comment>
<model>wikitext</model>
<format>text/x-wiki</format>
<text bytes="284" xml:space="preserve">={{-pt-}}=
==Forma verbal==
'''facilites'''
#[[segunda pessoa]] do [[singular]] do [[presente]] do [[modo subjuntivo]] do verbo '''[[facilitar]]'''
#[[segunda pessoa]] do [[singular]] do [[imperativo]] [[negativo]] do verbo '''[[facilitar]]'''
[[Categoria:Forma verbal (Português)]]</text>
<sha1>blhzycq1tuujdntwzw572k4keclqd0d</sha1>
</revision>
</page>
