<page>
<page>
<title>facila</title>
<ns>0</ns>
<id>282767</id>
<revision>
<id>2347461</id>
<parentid>2251577</parentid>
<timestamp>2017-05-01T19:08:40Z</timestamp>
<contributor>
<username>HydrizBot</username>
<id>29590</id>
</contributor>
<minor />
<comment>Robô: A limpar links interwikis antigos</comment>
<model>wikitext</model>
<format>text/x-wiki</format>
<text bytes="400" xml:space="preserve">={{-eo-}}=
==Adjetivo==
{{paroxítona|fa|ci|la|lang=eo}}
# [[fácil]]
=={{etimologia|eo}}==
: Do latim ''[[facilis#Latim|facilis]]'', do francês ''[[facile#Francês|facile]]'', do italiano ''[[facile#Italiano|facile]]'', do espanhol ''[[fácil#Espanhol|fácil]]'', do português ''[[fácil#Português|fácil]]''.
=={{pronúncia|lang=eo}}==
*[[IPA]]: /faˈtsila/
[[Categoria:Adjetivo (Esperanto)]]</text>
<sha1>oee1ui9esrjzxm1tojya487l4oh1d61</sha1>
</revision>
