<page>
<title>facilis</title>
<ns>0</ns>
<id>37101</id>
<revision>
<id>2347465</id>
<parentid>2245669</parentid>
<timestamp>2017-05-01T19:10:28Z</timestamp>
<contributor>
<username>HydrizBot</username>
<id>29590</id>
</contributor>
<minor />
<comment>Robô: A limpar links interwikis antigos</comment>
<model>wikitext</model>
<format>text/x-wiki</format>
<text bytes="257" xml:space="preserve">={{-la-}}=
==Adjetivo==
'''facilis, -e''' ''masculino e feminino''; 
:''neutro: [[facile]]''
# [[fácil]]
==Comparativo==
* [[facilior]], -ius
==Superlativo==
* [[facillimus]], -a, -um
{{decl.la.adjsegclas.parbi|facil}}
[[Categoria:Adjetivo ({{la}})]]</text>
<sha1>cp9hexzb1hfh2z4ixcsrjzionxwsn4e</sha1>
</revision>
</page>
