<page>
<title>facilius</title>
<ns>0</ns>
<id>74957</id>
<revision>
<id>2347478</id>
<parentid>2242277</parentid>
<timestamp>2017-05-01T19:11:13Z</timestamp>
<contributor>
<username>HydrizBot</username>
<id>29590</id>
</contributor>
<minor />
<comment>Robô: A limpar links interwikis antigos</comment>
<model>wikitext</model>
<format>text/x-wiki</format>
<text bytes="274" xml:space="preserve">={{-la-}}=
==Adjetivo==
'''facilius''' ''neutro, grau comparativo''
# mais [[fácil]]
===Grau Normal===
* '''[[facilis]], -e'''
===Grau Superlativo===
* '''[[facilimus]], -a, -um'''
===Declinação===
{{decl.la.adjcomp|facili}}
[[Categoria:Adjetivo comparativo (Latim)]]</text>
<sha1>df2oyoenkgv8qei62w1t883wdzn97t3</sha1>
</revision>
</page>
