<page>
<title>facial</title>
<ns>0</ns>
<id>98442</id>
<revision>
<id>2619511</id>
<parentid>2347459</parentid>
<timestamp>2021-02-01T18:56:47Z</timestamp>
<contributor>
<username>MarxavBot</username>
<id>80155</id>
</contributor>
<minor />
<comment>AFI Portugal</comment>
<model>wikitext</model>
<format>text/x-wiki</format>
<text bytes="545" xml:space="preserve">={{-pt-}}=
== Adjetivo ==
{{flex.pt|s=facial|s-div=fa.ci.{{grifar|al}}|p=faciais|p-div=fa.ci.{{grifar|ais}}}}
{{oxítona|fa|ci|al}}, {{mf}}
# relativo à [[face]]
# que [[dizer|diz]] [[respeito]] aos [[nervo]]s da [[face]]
=={{etimologia|pt}}==
{{llietimo|la|facialis|pt}}
=={{pronúncia|pt}}==
===Portugal===
* AFI: {{AFI|/fɐ.ˈsjaɫ/}}
==Ver também==
=== No Wikcionário ===
{{verTambém.Ini}}
* [[bacial]]
{{verTambém.NovaColuna}}
* [[fecial]]
{{verTambém.NovaColuna}}
* [[lacial]]
{{verTambém.Fim}}
[[Categoria:Adjetivo (Português)]]</text>
<sha1>48al1rg6r68a981de6dfara1wosqrxh</sha1>
</revision>
</page>
