<page>
<title>facinho</title>
<ns>0</ns>
<id>345906</id>
<revision>
<id>2014029</id>
<parentid>2014026</parentid>
<timestamp>2015-10-12T02:47:00Z</timestamp>
<contributor>
<username>Andibira</username>
<id>52371</id>
</contributor>
<model>wikitext</model>
<format>text/x-wiki</format>
<text bytes="196" xml:space="preserve">={{-pt-}}=
==Forma de adjetivo==
{{flex.pt|ms=facinho|mp=facinhos|fs=facinha|fp=facinhas}}
{{paroxítona|fa|ci|nho}}, {{m}}
# diminutivo de [[fácil]]
[[Categoria:Forma de adjetivo (Português)]]</text>
<sha1>2a0yk9ujqsuplrv3unihpiwf3oihwyx</sha1>
</revision>
</page>
