<page>
<page>
<title>facilitares</title>
<ns>0</ns>
<id>207812</id>
<revision>
<id>2347470</id>
<parentid>2017266</parentid>
<timestamp>2017-05-01T19:10:38Z</timestamp>
<contributor>
<username>HydrizBot</username>
<id>29590</id>
</contributor>
<minor />
<comment>Robô: A limpar links interwikis antigos</comment>
<model>wikitext</model>
<format>text/x-wiki</format>
<text bytes="263" xml:space="preserve">={{-pt-}}=
==Forma verbal==
'''facilitares'''
#[[segunda pessoa]] do [[singular]] do [[futuro]] do [[modo subjuntivo]] do verbo '''[[facilitar]]'''
#[[infinitivo pessoal]] da [[segunda pessoa]] do verbo '''[[facilitar]]'''
[[Categoria:Forma verbal (Português)]]</text>
<sha1>td2sm2mayj35tvlf1thq5qrbyzdwi55</sha1>
</revision>
