<page>
<title>facilitemos</title>
<ns>0</ns>
<id>214881</id>
<revision>
<id>2347476</id>
<parentid>2017268</parentid>
<timestamp>2017-05-01T19:11:07Z</timestamp>
<contributor>
<username>HydrizBot</username>
<id>29590</id>
</contributor>
<minor />
<comment>Robô: A limpar links interwikis antigos</comment>
<model>wikitext</model>
<format>text/x-wiki</format>
<text bytes="381" xml:space="preserve">={{-pt-}}=
==Forma verbal==
'''facilitemos'''
#[[primeira pessoa]] do [[plural]] do [[presente]] do [[modo subjuntivo]] do verbo '''[[facilitar]]'''
#[[primeira pessoa]] do [[plural]] do [[imperativo]] [[afirmativo]] do verbo '''[[facilitar]]'''
#[[primeira pessoa]] do [[plural]] do [[imperativo]] [[negativo]] do verbo '''[[facilitar]]'''
[[Categoria:Forma verbal (Português)]]</text>
<sha1>p6g3a259qkc16bir9b48e54rrb19xj2</sha1>
</revision>
</page>
