<page>
<page>
<title>facillimus</title>
<ns>0</ns>
<id>37902</id>
<revision>
<id>2347479</id>
<parentid>2242278</parentid>
<timestamp>2017-05-01T19:11:21Z</timestamp>
<contributor>
<username>HydrizBot</username>
<id>29590</id>
</contributor>
<minor />
<comment>Robô: A limpar links interwikis antigos</comment>
<model>wikitext</model>
<format>text/x-wiki</format>
<text bytes="296" xml:space="preserve">={{-la-}}=
==Adjetivo==
'''facillimus''' ''masculino, grau superlativo''
# [[facílimo]]
===Grau Normal===
* '''[[facilis]], -e'''
===Grau Comparativo===
* '''[[facilior]], -ius'''
===Declinação===
{{decl.la.adjprimclas.us|facillim|VS=facillimus}}
[[Categoria:Adjetivo superlativo (Latim)]]</text>
<sha1>8e2n3r8mjapu1d5bk64yhe0swetvduy</sha1>
</revision>
