<page>
<title>faciliteis</title>
<ns>0</ns>
<id>217832</id>
<revision>
<id>2347474</id>
<parentid>1767991</parentid>
<timestamp>2017-05-01T19:11:01Z</timestamp>
<contributor>
<username>HydrizBot</username>
<id>29590</id>
</contributor>
<minor />
<comment>Robô: A limpar links interwikis antigos</comment>
<model>wikitext</model>
<format>text/x-wiki</format>
<text bytes="281" xml:space="preserve">={{-pt-}}=
==Forma verbal==
'''faciliteis'''
#[[segunda pessoa]] do [[plural]] do [[presente]] do [[modo subjuntivo]] do verbo '''[[facilitar]]'''
#[[segunda pessoa]] do [[plural]] do [[imperativo]] [[negativo]] do verbo '''[[facilitar]]'''
[[Categoria:Forma verbal (Português)]]</text>
<sha1>je999bh1f0tol6r0ldy7h23jyoqkt57</sha1>
</revision>
</page>
