<page>
<page>
<title>faciana</title>
<ns>0</ns>
<id>363320</id>
<revision>
<id>2347460</id>
<parentid>2203518</parentid>
<timestamp>2017-05-01T19:08:35Z</timestamp>
<contributor>
<username>HydrizBot</username>
<id>29590</id>
</contributor>
<minor />
<comment>Robô: A limpar links interwikis antigos</comment>
<model>wikitext</model>
<format>text/x-wiki</format>
<text bytes="220" xml:space="preserve">={{-gl-}}=
==Substantivo==
{{flex.gl|fs=faciana|fp=facianas}}
{{paroxítona|fa|ci|a|na|lang=gl}}, {{gramática|f|concr|lang=gl}}
# [[face]], rosto
=={{etimologia|gl}}==
: De [[face]].
[[Categoria:Substantivo (Galego)]]</text>
<sha1>iz7ni1i199qvvqmirgic9klqkfx7z8t</sha1>
</revision>
