<page>
<page>
<title>facilmente</title>
<ns>0</ns>
<id>40642</id>
<revision>
<id>2419740</id>
<parentid>2419739</parentid>
<timestamp>2017-07-04T10:53:29Z</timestamp>
<contributor>
<username>Askekamo</username>
<id>60711</id>
</contributor>
<model>wikitext</model>
<format>text/x-wiki</format>
<text bytes="280" xml:space="preserve">={{-pt-}}=
==Advérbio==
{{paroxítona|fa|cil|men|te}}, {{gramática|modo}}
# de [[modo]] [[fácil]], [[simples]]
#* ''Afinal a porta abria-se '''facilmente'''.''
# de [[forma]] [[ingênuo|ingênua]]
#* ''Caiu '''facilmente''' na armadilha.''
[[Categoria:Advérbio (Português)]]</text>
<sha1>61kzg8ylw96zzfyu33w2wjq1i74prlb</sha1>
</revision>
