<page>
<title>facilitação</title>
<ns>0</ns>
<id>313047</id>
<revision>
<id>2613286</id>
<parentid>2347472</parentid>
<timestamp>2021-01-31T14:20:50Z</timestamp>
<contributor>
<username>Marxav</username>
<id>73271</id>
</contributor>
<minor />
<comment>AFI Portugal</comment>
<model>wikitext</model>
<format>text/x-wiki</format>
<text bytes="207" xml:space="preserve">={{-pt-}}=
==Substantivo==
{{oxítona|fa|ci|li|ta|ção}} {{f}}
# ato de [[facilitar]]
=={{pronúncia|pt}}==
===Portugal===
* AFI: {{AFI|/fɐ.sɨ.li.tɐ.ˈsɐ̃w̃/}}
[[Categoria:Substantivo (Português)]]</text>
<sha1>2nccq649djyuatj9q37gu3woz0h3ka0</sha1>
</revision>
</page>
