<page>
<title>facilior</title>
<ns>0</ns>
<id>37838</id>
<revision>
<id>2347464</id>
<parentid>2242276</parentid>
<timestamp>2017-05-01T19:10:24Z</timestamp>
<contributor>
<username>HydrizBot</username>
<id>29590</id>
</contributor>
<minor />
<comment>Robô: A limpar links interwikis antigos</comment>
<model>wikitext</model>
<format>text/x-wiki</format>
<text bytes="262" xml:space="preserve">={{-la-}}=
==Adjetivo==
'''facilior''' ''grau comparativo''
# mais [[fácil]]
===Grau Normal===
* '''[[facilis]], -e'''
===Superlativo===
* '''[[facillimus]], -a, -um'''
===Declinação===
{{decl.la.adjcomp|facili}}
[[Categoria:Adjetivo comparativo (Latim)]]</text>
<sha1>rttdunaaugrpq3q21x6e1refyjeiwzc</sha1>
</revision>
</page>
