<page>
<page>
<title>facio</title>
<ns>0</ns>
<id>296053</id>
<revision>
<id>2681828</id>
<parentid>2681827</parentid>
<timestamp>2022-06-26T20:23:31Z</timestamp>
<contributor>
<username>Hasley</username>
<id>64499</id>
</contributor>
<comment>Reverted 1 edit by [[Special:Contributions/138.117.182.250|138.117.182.250]] ([[User talk:138.117.182.250|talk]]): ?</comment>
<model>wikitext</model>
<format>text/x-wiki</format>
<text bytes="992" xml:space="preserve">={{-la-}}=
==Verbo==
''presente ativo'' '''facio''', ''infinitivo presente'' '''[[facere]]''', ''pretérito perfeito ativo'' '''[[feci]]''', ''supino'' '''[[factum]]'''.
# [[fazer]]
===Conjugação===
{{conj.la.ter.io|fac|fac|fec|fec|fact|fact}}
===Declinação===
{{decl.la.verbo.partpres|faciens|facient}}
===Verbetes derivados===
{{verTambém.Ini}}
* [[afficio]]
* [[conficio]]
* [[deficio]]
* [[efficio]]
{{verTambém.NovaColuna|25}}
* [[fortifico]]
* [[inficio]]
* [[interficio]]
* [[mollifacio]]
{{verTambém.NovaColuna|25}}
* [[officio]]
* [[perficio]]
* [[praeficio]]
{{verTambém.NovaColuna|25}}
* [[proficio]]
* [[reficio]]
* [[sufficio]]
{{verTambém.Fim}}
===Descendentes===
{{verTambém.Ini}}
* {{trad|ca|fer}}
* {{trad|es|hacer}}
* {{trad|fr|faire}}
* {{trad|gl|facer}}
{{verTambém.NovaColuna|50}}
* {{trad|it|facere}}
* {{trad|pt|fazer}}
* {{trad|prv|fer|faire|far}}
* {{trad|ro|face}}
{{verTambém.Fim}}
[[Categoria:Verbo (Latim)]]
[[Categoria:Verbo sem afixos (Latim)]]</text>
<sha1>rbjoasx1j028ay5f9a0idi1f1la76cp</sha1>
</revision>
