<page>
<title>faco</title>
<ns>0</ns>
<id>296569</id>
<revision>
<id>2675616</id>
<parentid>2675612</parentid>
<timestamp>2022-05-02T13:34:37Z</timestamp>
<contributor>
<username>Cpls</username>
<id>20608</id>
</contributor>
<model>wikitext</model>
<format>text/x-wiki</format>
<text bytes="1322" xml:space="preserve">={{-pt-}}=
==Substantivo==
{{paroxítona|fa|co}}, masculino
# [[folha]] de [[navalha]] com um [[cabo]] [[rústico]] 
==Anagrama==
# [[foca]]
[[Categoria:Substantivo (Português)]]
={{-gl-}}=
==Substantivo==
{{flex.gl|ms=faco|mp=facos|fs=faca|fp=facas}}
{{paroxítona|fa|co|lang=gl}}
# [[égua]] (faca), [[cavalo]] (faco)
# cavalo ou égua [[ruim|ruins]]
===Expressões===
* '''[[faco de agrear#{{gl}}|faco de agrear]]''': [[cavalo]] [[semental]]
=={{etimologia|gl}}==
: Da mesma raiz que o latim {{etimo|la|equus}}, do proto-indo-europeu ''*h₁éḱwos''. Confronte-se com o asturiano {{etimo|ast|facu}}, com o espanhol {{etimo|es|jaco}}, com o inglês {{etimo|en|hackney}} e com o francês {{etimo|fro|haquenée}}. 
[[Categoria:Substantivo (Galego)]]
={{-oc-}}=
==Substantivo==
{{flex.oc|ms=faco|mp=facos}}
{{paroxítona|fa|co|lang=oc}}
# [[faco#{{pt}}|faco]], [[cavalo]] de passeio
# {{escopo|oc|Pejorativo}} pessoa [[ancião|anciã]] [[aleijado|aleijada]]
==={{-varort-}}===
* [[haco#{{oc}}|haco]]
=={{etimologia|oc}}==
: Da mesma raiz que o latim {{etimo|la|equus}}, do proto-indo-europeu ''*h₁éḱwos''. Confronte-se com o asturiano {{etimo|ast|facu}}, com o espanhol {{etimo|es|jaco}}, com o inglês {{etimo|en|hack}} e com o francês antigo {{etimo|fro|haque}}. 
[[Categoria:Substantivo (Occitano)]]</text>
<sha1>cwpbk52bo5bxkafpbbg2i7w7fw608md</sha1>
</revision>
</page>
