<page>
<page>
<title>factoto</title>
<ns>0</ns>
<id>34052</id>
<revision>
<id>2512696</id>
<parentid>2347492</parentid>
<timestamp>2018-07-23T02:26:43Z</timestamp>
<contributor>
<username>Askekamo</username>
<id>60711</id>
</contributor>
<model>wikitext</model>
<format>text/x-wiki</format>
<text bytes="150" xml:space="preserve">={{-pt-}}=
==Substantivo==
{{paroxítona|fac|to|to}}, {{gramática|m}}
# [[o]] [[mesmo]] [[que]] [[factótum]]
[[Categoria:Substantivo (Português)]]</text>
<sha1>kwa5rg8pfm05micdo29vbpd14coqpgj</sha1>
</revision>
