<page>
<page>
<title>factoring</title>
<ns>0</ns>
<id>335131</id>
<revision>
<id>2347490</id>
<parentid>1887898</parentid>
<timestamp>2017-05-01T19:12:24Z</timestamp>
<contributor>
<username>HydrizBot</username>
<id>29590</id>
</contributor>
<minor />
<comment>Robô: A limpar links interwikis antigos</comment>
<model>wikitext</model>
<format>text/x-wiki</format>
<text bytes="136" xml:space="preserve">={{-en-}}=
==Substantivo==
{{flex.en|s=factoring|p=factorings}}
'''factoring'''
# [[faturização]]
[[Categoria:Substantivo (Inglês)]]</text>
<sha1>6m8des9vvz2z9lp26gxnboc1hame62x</sha1>
</revision>
