<page>
<title>fact</title>
<ns>0</ns>
<id>8490</id>
<revision>
<id>2347485</id>
<parentid>2234422</parentid>
<timestamp>2017-05-01T19:11:42Z</timestamp>
<contributor>
<username>HydrizBot</username>
<id>29590</id>
</contributor>
<minor />
<comment>Robô: A limpar links interwikis antigos</comment>
<model>wikitext</model>
<format>text/x-wiki</format>
<text bytes="222" xml:space="preserve">={{-en-}}=
==Substantivo==
'''fact'''
# {{PEPB|[[facto]]|[[fato]]}}
=={{etimologia|en}}==
: Do latim ''[[factus]]''.
=={{pronúncia|en}} ==
* [[AFI]]: /ˈfækt/
* [[X-SAMPA]]: /&quot;f{kt/
[[Categoria:Substantivo (Inglês)]]</text>
<sha1>nym6sfkn4l3bqasbo3slb3qv0ey8734</sha1>
</revision>
</page>
