<page>
<title>factício</title>
<ns>0</ns>
<id>34054</id>
<revision>
<id>2347503</id>
<parentid>1494408</parentid>
<timestamp>2017-05-01T19:14:42Z</timestamp>
<contributor>
<username>HydrizBot</username>
<id>29590</id>
</contributor>
<minor />
<comment>Robô: A limpar links interwikis antigos</comment>
<model>wikitext</model>
<format>text/x-wiki</format>
<text bytes="245" xml:space="preserve">{{ver também|fictício}}
={{-pt-}}=
==Adjetivo==
{{proparoxítona aparente|fac|tí|ci|o}}
# que [[ser|é]] [[feito]], [[artificial]];
# [[criar|criado]] pela [[arte]] e [[não]] pela [[natureza]].
[[Categoria:Adjetivo (Português)|facticio]]</text>
<sha1>3q0rxgfam5rehj1ssjgo3ncdr6kcxnn</sha1>
</revision>
</page>
