<page>
<title>factura</title>
<ns>0</ns>
<id>5610</id>
<revision>
<id>2347497</id>
<parentid>2234421</parentid>
<timestamp>2017-05-01T19:13:05Z</timestamp>
<contributor>
<username>HydrizBot</username>
<id>29590</id>
</contributor>
<minor />
<comment>Robô: A limpar links interwikis antigos</comment>
<model>wikitext</model>
<format>text/x-wiki</format>
<text bytes="387" xml:space="preserve">={{-pt-}}=
{{Anterior ao Acordo de 1990|fatura}}
==Substantivo==
{{flex.pt|fs=factura|fp=facturas}}
{{paroxítona|fac|tu|ra}}
# vide [[fatura]]
==Forma verbal==
{{paroxítona|fac|tu|ra}}
# vide [[fatura]]
[[Categoria:Substantivo (Português)]]
[[Categoria:Forma verbal (Português)]]
={{-es-}}=
==Substantivo==
'''factura''', {{f}} 
# [[fatura]]
[[Categoria:Substantivo (Espanhol)]]</text>
<sha1>35jz3jh0zwgbv688koongy1ng223uek</sha1>
</revision>
</page>
