<page>
<title>factotum</title>
<ns>0</ns>
<id>239444</id>
<revision>
<id>2347494</id>
<parentid>2212128</parentid>
<timestamp>2017-05-01T19:12:55Z</timestamp>
<contributor>
<username>HydrizBot</username>
<id>29590</id>
</contributor>
<minor />
<comment>Robô: A limpar links interwikis antigos</comment>
<model>wikitext</model>
<format>text/x-wiki</format>
<text bytes="156" xml:space="preserve">={{-en-}}=
==Substantivo==
{{flex.en|s=factotum|p=factotums}}
'''factotum'''
# [[factoto]], [[factótum]], [[faz-tudo]]
[[Categoria:Substantivo (Inglês)]]</text>
<sha1>mujse033x3q9sz8ftexzc2kwpdodo7n</sha1>
</revision>
</page>
