<page>
<page>
<title>facturação</title>
<ns>0</ns>
<id>34066</id>
<revision>
<id>2347501</id>
<parentid>1364506</parentid>
<timestamp>2017-05-01T19:14:21Z</timestamp>
<contributor>
<username>HydrizBot</username>
<id>29590</id>
</contributor>
<minor />
<comment>Robô: A limpar links interwikis antigos</comment>
<model>wikitext</model>
<format>text/x-wiki</format>
<text bytes="216" xml:space="preserve">{{Anterior ao Acordo de 1990|faturação}}
={{-pt-}}=
==Substantivo==
{{flex.pt|fs=facturação|fp=facturações}}
{{oxítona|fac|tu|ra|ção}}
# ato ou efeito de [[facturar]]
[[Categoria:Substantivo (Português)]]</text>
<sha1>0b9se3a6plmvwq1xg78ijooqt409abb</sha1>
</revision>
