<page>
<title>factory</title>
<ns>0</ns>
<id>296088</id>
<revision>
<id>2347491</id>
<parentid>2244985</parentid>
<timestamp>2017-05-01T19:12:31Z</timestamp>
<contributor>
<username>HydrizBot</username>
<id>29590</id>
</contributor>
<minor />
<comment>Robô: A limpar links interwikis antigos</comment>
<model>wikitext</model>
<format>text/x-wiki</format>
<text bytes="266" xml:space="preserve">{{Wikipédia|lang=en}}
={{-en-}}=
==Substantivo==
'''factory'''
# [[fábrica]]
=={{etimologia|en}}==
: Do latim medieval ''factoria'' e este do latim ''factor''.
=={{pronúncia|en}}==
===Reino Unido===
* [[AFI]]: /ˈfaktəɹi/
[[Categoria:Substantivo (Inglês)]]</text>
<sha1>4d4mznqb0md884998qxvz60svamfjw1</sha1>
</revision>
</page>
