<page>
<page>
<title>factível</title>
<ns>0</ns>
<id>8074</id>
<revision>
<id>2347504</id>
<parentid>2174610</parentid>
<timestamp>2017-05-01T19:14:44Z</timestamp>
<contributor>
<username>HydrizBot</username>
<id>29590</id>
</contributor>
<minor />
<comment>Robô: A limpar links interwikis antigos</comment>
<model>wikitext</model>
<format>text/x-wiki</format>
<text bytes="566" xml:space="preserve">={{-pt-}}=
==Adjetivo==
{{flex.pt|s=factível|p=factíveis}}
{{paroxítona|fac|tí|vel}}
# possível de se [[fazer]]
#* ''O economista Bruno Rocha considera '''factível''' a projeção do BC e trabalha com uma taxa de crescimento real de 13%.'' {{OESP|2008|dezembro|24}}
===Tradução===
{{tradini}}
* {{trad|de|durchführbar|machbar}}
* {{trad|es|factible}}
* {{trad|fr|faisable}}
{{tradmeio}}
* {{trad|en|feasible|doable}}
* {{trad|lv|veicams|iespējams|ticams}}
{{tradfim}}
=={{etimologia|pt}}==
{{llietimo|la|factibĭlis|pt}}
[[Categoria:Adjetivo (Português)]]</text>
<sha1>gphdbv6nm8z2093zfawpq6qz6bt21fr</sha1>
</revision>
