<page>
<page>
<title>facturas</title>
<ns>0</ns>
<id>154634</id>
<revision>
<id>2608526</id>
<parentid>2347500</parentid>
<timestamp>2021-01-16T16:41:40Z</timestamp>
<contributor>
<username>MSchoentgen</username>
<id>77084</id>
</contributor>
<minor />
<comment>Fix bold</comment>
<model>wikitext</model>
<format>text/x-wiki</format>
<text bytes="335" xml:space="preserve">{{Anterior ao Acordo de 1990|faturas}}
={{-pt-}}=
==Substantivo==
'''facturas''' {{p}}
#[[plural]] [[de]] '''[[factura]]'''
==Forma verbal==
'''facturas'''
#[[segunda]] [[pessoa]] do [[singular]] do [[presente]] [[indicativo]] do verbo '''[[facturar]]'''
[[Categoria:Forma verbal (Português)]]
[[Categoria:Substantivo (Português)]]</text>
<sha1>4zwf7poy7qsv6ah42j141433qlt6pkj</sha1>
</revision>
