<page>
<page>
<title>factoide</title>
<ns>0</ns>
<id>222880</id>
<revision>
<id>2583108</id>
<parentid>1632211</parentid>
<timestamp>2020-03-21T13:57:50Z</timestamp>
<contributor>
<username>ValJor</username>
<id>1358</id>
</contributor>
<comment>Verbete [[:Categoria:!Página com idioma não informado em Predefinição:etimologia|sem indicação do idioma na seção de etimologia]]</comment>
<model>wikitext</model>
<format>text/x-wiki</format>
<text bytes="1093" xml:space="preserve">={{-pt-}}=
==Substantivo==
{{flex.pt|factoide|factoides|ms-div=fac.{{grifar|toi}}.de|mp-div=fac.{{grifar|toi}}.des}}
{{paroxítona|fac|toi|de}}, {{gramática|m}}
# [[afirmação]] [[improvável]] que, de tanto ser repetida, acaba sendo aceita como verdade inquestionável
# [[fato]] [[real]] ou [[fictício]] apresentado com personalismo, como forma de propaganda política
==={{-varort-}}===
* {{escopo2|Anterior ao AO 1990}} [[factóide]]
===Tradução===
{{tradini}}
* {{trad|en|factoid}}
{{tradmeio}}
{{tradfim}}
=={{etimologia|pt}}==
{{llietimo|en|factoid|pt|ponto=não}}. O termo foi cunhado em 1973 pelo escritor norte-americano Norman Kingsley Mailer (1923-), em sua peça/livro ''Marilyn - uma biografia''.
=={{pronúncia|pt}}==
===Brasil===
* [[AFI]]: {{AFI|/fɐk.ˈtɔj.ʤɪ/}}
* [[X-SAMPA]]: /f6k.&quot;tOj.dZI/
==Ver também==
===No Wikcionário===
{{verTambém.Ini}}
* [[boato]]
* [[dogma]]
{{verTambém.Fim}}
==Ligações externas==
* {{Aulete}}
* {{Michaelis}}
* {{DPLP}}
* {{Infopédia}}
* {{PLP}}
[[Categoria:Substantivo (Português)]]
[[Categoria:Século XX (Português)]]</text>
<sha1>o05c2f0lfvlu2o08hsp55hvyvw9mxlj</sha1>
</revision>
