<page>
<page>
<title>facturo</title>
<ns>0</ns>
<id>152714</id>
<revision>
<id>2347502</id>
<parentid>2017272</parentid>
<timestamp>2017-05-01T19:14:40Z</timestamp>
<contributor>
<username>HydrizBot</username>
<id>29590</id>
</contributor>
<minor />
<comment>Robô: A limpar links interwikis antigos</comment>
<model>wikitext</model>
<format>text/x-wiki</format>
<text bytes="182" xml:space="preserve">={{-pt-}}=
==Forma verbal==
'''facturo'''
#[[primeira]] [[pessoa]] do [[singular]] do [[presente]] [[indicativo]] do verbo '''[[facturar]]'''
[[Categoria:Forma verbal (Português)]]</text>
<sha1>qtlz26gsh5v9magldl6n0dfba1x49r4</sha1>
</revision>
