<page>
<title>facturar</title>
<ns>0</ns>
<id>34071</id>
<revision>
<id>2347499</id>
<parentid>2234423</parentid>
<timestamp>2017-05-01T19:14:16Z</timestamp>
<contributor>
<username>HydrizBot</username>
<id>29590</id>
</contributor>
<minor />
<comment>Robô: A limpar links interwikis antigos</comment>
<model>wikitext</model>
<format>text/x-wiki</format>
<text bytes="1304" xml:space="preserve">{{Anterior ao Acordo de 1990|faturar}}
={{-pt-}}=
==Verbo==
{{oxítona|fac|tu|rar}}
# [[lucrar]]
# [[tirar]] [[proveito]] [[de]] [[um]] [[investimento]]
# [[fazer]] [[a]] [[factura]] [[de]] ([[mercadoria]]s [[vendida]]s)
# [[incluir]] [[na]] [[factura]] ([[uma]] [[mercadoria]])
===Conjugação===
{{conj.pt| facturar | [[facturando]] | facturado | facturo | facturas | factura | facturamos | facturais | facturam | facturava | facturavas | facturava | facturávamos | facturáveis | facturavam | facturei | facturaste | facturou | facturámos | facturastes | facturaram | facturara | facturaras | facturara | facturáramos | facturáreis | facturaram | facturarei | facturarás | facturará | facturaremos | facturareis | facturarão | facturaria | facturarias | facturaria | facturaríamos | facturaríeis | facturariam | facture | factures | facture | facturemos | factureis | facturem | facturasse | facturasses | facturasse | facturássemos | facturásseis | facturassem | facturar | facturares | facturar | facturarmos | facturardes | facturarem | factura | facture | facturemos | facturai | facturem | não factures | não facture | não facturemos | não factureis | não facturem | facturar | facturares | facturar | facturarmos | facturardes | facturarem }}
[[Categoria:Verbo (Português)]]</text>
<sha1>5zd05p8zg9u2gb4oyejbrbkit3a3ipj</sha1>
</revision>
</page>
