<page>
<title>facturador</title>
<ns>0</ns>
<id>34068</id>
<revision>
<id>1375410</id>
<parentid>1247827</parentid>
<timestamp>2012-02-06T13:04:06Z</timestamp>
<contributor>
<username>ValJor</username>
<id>1358</id>
</contributor>
<comment>Melhorando a apresentação do verbete</comment>
<model>wikitext</model>
<format>text/x-wiki</format>
<text bytes="327" xml:space="preserve">{{Anterior ao Acordo de 1990|faturador}}
={{-pt-}}=
==Adjetivo==
{{flex.pt|ms=facturador|mp=facturadores|fs=facturadora|fp=facturadoras}}
{{oxítona|fac|tu|ra|dor}}
# vide [[faturador]]
==Substantivo==
{{oxítona|fac|tu|ra|dor}}
# vide [[faturador]]
[[Categoria:Adjetivo (Português)]]
[[Categoria:Substantivo (Português)]]</text>
<sha1>4p9103dql4mpu43b4xtr6bvb1edgby0</sha1>
</revision>
</page>
