<page>
<title>factsheet</title>
<ns>0</ns>
<id>8493</id>
<revision>
<id>2347495</id>
<parentid>1399239</parentid>
<timestamp>2017-05-01T19:12:57Z</timestamp>
<contributor>
<username>HydrizBot</username>
<id>29590</id>
</contributor>
<minor />
<comment>Robô: A limpar links interwikis antigos</comment>
<model>wikitext</model>
<format>text/x-wiki</format>
<text bytes="276" xml:space="preserve">{{Wikipédia|lang=en}}
={{-en-}}=
==Substantivo==
'''factsheet'''
# [[apresentação]] de [[dado]]s num formato que enfatiza os principais pontos de maneira bem concisa
===Sinônimo===
* [[one-sheet]]
==={{-varort-}}===
* [[fact sheet]]
[[Categoria:Substantivo (Inglês)]]</text>
<sha1>kcrdk36norxnt62ekv0vrh8gorjx9py</sha1>
</revision>
</page>
