<page>
<title>factoid</title>
<ns>0</ns>
<id>341280</id>
<revision>
<id>2347487</id>
<parentid>1946661</parentid>
<timestamp>2017-05-01T19:12:02Z</timestamp>
<contributor>
<username>HydrizBot</username>
<id>29590</id>
</contributor>
<minor />
<comment>Robô: A limpar links interwikis antigos</comment>
<model>wikitext</model>
<format>text/x-wiki</format>
<text bytes="125" xml:space="preserve">={{-en-}}=
==Substantivo==
{{flex.en|s=factoid|p=factoids}}
'''factoid'''
# [[factoide]]
[[Categoria:Substantivo (Inglês)]]</text>
<sha1>paup479sb38lra3qmsvtaxch0sxls1o</sha1>
</revision>
</page>
