<page>
<title>facundo</title>
<ns>0</ns>
<id>82726</id>
<revision>
<id>2347510</id>
<parentid>2179317</parentid>
<timestamp>2017-05-01T19:15:21Z</timestamp>
<contributor>
<username>HydrizBot</username>
<id>29590</id>
</contributor>
<minor />
<comment>Robô: A limpar links interwikis antigos</comment>
<model>wikitext</model>
<format>text/x-wiki</format>
<text bytes="247" xml:space="preserve">={{-pt-}}=
==Adjetivo==
{{flex.pt|ms=facundo|mp=facundos|fs=facunda|fp=facundas}}
{{paroxítona|fa|cun|do}}
# [[eloquente]]; [[que]] tem [[facúndia]], [[falador]]
=={{etimologia|pt}}==
: Do latim ''facundu''.
[[Categoria:Adjetivo (Português)]]</text>
<sha1>a1mpyexcgvwotibw1nifd3y1ckp69g1</sha1>
</revision>
</page>
