<page>
<page>
<title>facucho</title>
<ns>0</ns>
<id>401999</id>
<revision>
<id>2523264</id>
<timestamp>2018-10-20T19:39:05Z</timestamp>
<contributor>
<username>Cpls</username>
<id>20608</id>
</contributor>
<comment>[[Ajuda:Guia de edição/Menus e ferramentas/Sumário de edição|→]] nova página: ={{-gl-}}= ==Substantivo== {{flex.gl|ms=facucho|mp=facuchos|fs=facucha|fp=facuchas}} {{paroxítona|fa|cu|cho|...</comment>
<model>wikitext</model>
<format>text/x-wiki</format>
<text bytes="350" xml:space="preserve">={{-gl-}}=
==Substantivo==
{{flex.gl|ms=facucho|mp=facuchos|fs=facucha|fp=facuchas}}
{{paroxítona|fa|cu|cho|lang=gl}}
# [[faca]]
# [[cavalinho]], cavalo pequeno
===Sinónimo===
* [[faquinho#{{gl}}|faquinho]]
=={{etimologia|gl}}==
: {{escopo|Morfologia}} De ''[[faco#{{gl}}|faco]]'' + ''[[-inho#{{gl}}|-inho]]''.
[[Categoria:Substantivo (Galego)]]</text>
<sha1>9gv4pi131vsncpoxvogp9kr5nzrszpx</sha1>
</revision>
