<page>
<title>facu</title>
<ns>0</ns>
<id>296583</id>
<revision>
<id>2569737</id>
<parentid>1896877</parentid>
<timestamp>2020-01-08T13:11:43Z</timestamp>
<contributor>
<username>Cpls</username>
<id>20608</id>
</contributor>
<comment>/* {{-ast-}} */</comment>
<model>wikitext</model>
<format>text/x-wiki</format>
<text bytes="499" xml:space="preserve">={{-pt-}}=
==Substantivo==
{{flex.pt|fs=facu|fp=facus}}
{{oxítona|fa|cu}}. {{f}}
# [[faculdade]]
===Sinônimos===
*De '''1''' (faculdade): [[uni]], [[facul]]
[[Categoria:Substantivo (Português)]]
={{-ast-}}=
==Substantivo==
{{flex.ast|ms=facu|mp=facos|fs=faca|fp=faques}}
{{paroxítona|fa|cu|lang=ast}}
# [[égua]] ou [[cavalo]] pequenos e [[ruim|ruins]]
# no [[jogo]] de crianças, menino ou menina que se põe para que outros [[saltar|saltem]] por cima
[[Categoria:Substantivo (Asturiano)]]</text>
<sha1>mp8r42i6936djk7d5ussaop3xcu5y8d</sha1>
</revision>
</page>
