<page>
<title>facuda</title>
<ns>0</ns>
<id>443529</id>
<revision>
<id>2675638</id>
<timestamp>2022-05-02T14:46:03Z</timestamp>
<contributor>
<username>Cpls</username>
<id>20608</id>
</contributor>
<comment>[[Ajuda:Guia de edição/Menus e ferramentas/Sumário de edição|→]] nova página: ={{-roa-gpm-}}= ==Adjetivo== {{flex.roa-gpm|fs=facuda|fp=facudas}} {{paroxítona|fa|cu|da|lang=roa-gpm}}, {{g|f}} # diz-se da [[égua]] para passeio, com feitura de [[faca#{{pt}}|faca]]  =={{etimologia|roa-gpm}}== : {{escopo|Morfologia}} De {{etimo|roa-gpm|faca}} + ''[[-udo#{{roa-gpm}}|-uda]]''.  [[Categoria:Adjetivo (Galego-Português Medieval)]]</comment>
<model>wikitext</model>
<format>text/x-wiki</format>
<text bytes="349" xml:space="preserve">={{-roa-gpm-}}=
==Adjetivo==
{{flex.roa-gpm|fs=facuda|fp=facudas}}
{{paroxítona|fa|cu|da|lang=roa-gpm}}, {{g|f}}
# diz-se da [[égua]] para passeio, com feitura de [[faca#{{pt}}|faca]]
=={{etimologia|roa-gpm}}==
: {{escopo|Morfologia}} De {{etimo|roa-gpm|faca}} + ''[[-udo#{{roa-gpm}}|-uda]]''.
[[Categoria:Adjetivo (Galego-Português Medieval)]]</text>
<sha1>bxdqkck30d94ouu5y2ygqdw8bb9hqg8</sha1>
</revision>
</page>
