<page>
<title>facunda</title>
<ns>0</ns>
<id>107259</id>
<revision>
<id>2347509</id>
<parentid>1977415</parentid>
<timestamp>2017-05-01T19:15:18Z</timestamp>
<contributor>
<username>HydrizBot</username>
<id>29590</id>
</contributor>
<minor />
<comment>Robô: A limpar links interwikis antigos</comment>
<model>wikitext</model>
<format>text/x-wiki</format>
<text bytes="130" xml:space="preserve">={{-pt-}}=
==Forma de adjetivo==
{{paroxítona|fa|cun|da}}
# feminino de [[facundo]]
[[Categoria:Forma de adjetivo (Português)]]</text>
<sha1>s0zpkqxji90t00jbe9vug9dak4z1aio</sha1>
</revision>
</page>
