<page>
<page>
<title>facílimo</title>
<ns>0</ns>
<id>82399</id>
<revision>
<id>2347512</id>
<parentid>1924260</parentid>
<timestamp>2017-05-01T19:15:27Z</timestamp>
<contributor>
<username>HydrizBot</username>
<id>29590</id>
</contributor>
<minor />
<comment>Robô: A limpar links interwikis antigos</comment>
<model>wikitext</model>
<format>text/x-wiki</format>
<text bytes="573" xml:space="preserve">={{-pt-}}=
==Adjetivo==
{{flex.pt|ms=facílimo|mp=facílimos|fs=facílima|fp=facílimas
|ms-div = fa.&lt;u&gt;cí&lt;/u&gt;.li.mo
|mp-div = fa.&lt;u&gt;cí&lt;/u&gt;.li.mos
|fs-div = fa.&lt;u&gt;cí&lt;/u&gt;.li.ma
|fp-div = fa.&lt;u&gt;cí&lt;/u&gt;.li.mas
}}
{{proparoxítona|fa|cí|li|mo}}, ''superlativo absoluto sintético''
# [[extremamente]] [[fácil]]
===Sinônimo===
* [[facilíssimo]]
=={{etimologia|pt}}==
: Do [[latim]] ''facillìmus, a, um'' (''[[id.]]''), superlativo do [[latim]] ''facìlis, e'' (''que se deixa fazer, fácil de fazer, que deixa fazer, indulgente'').
[[Categoria:Adjetivo (Português)]]</text>
<sha1>384jk17hlxz0l311c8utzb9ihnoho9x</sha1>
</revision>
