<page>
<title>facínora</title>
<ns>0</ns>
<id>244996</id>
<revision>
<id>2621203</id>
<parentid>2589024</parentid>
<timestamp>2021-02-01T23:44:40Z</timestamp>
<contributor>
<username>MarxavBot</username>
<id>80155</id>
</contributor>
<minor />
<comment>AFI Portugal</comment>
<model>wikitext</model>
<format>text/x-wiki</format>
<text bytes="477" xml:space="preserve">={{-pt-}}=
==Adjetivo==
{{flex.pt|s=facínora|p=facínoras}}
{{proparoxítona|fa|cí|no|ra}}
# diz-se de [[homem]] [[perverso]], [[assassino]], um grande [[criminoso]]
==Substantivo==
{{proparoxítona|fa|cí|no|ra}}
# [[homem]] [[perverso]], [[assassino]], um grande [[criminoso]]
=={{etimologia|pt}}==
: Do latim ''facinora''.
=={{pronúncia|pt}}==
===Portugal===
* AFI: {{AFI|/fɐ.ˈsi.nu.ɾɐ/}}
[[Categoria:Adjetivo (Português)]]
[[Categoria:Substantivo (Português)]]</text>
<sha1>45gfzyuplusoqh4kyouqj42fmas0976</sha1>
</revision>
</page>
