<page>
<page>
<title>facúndia</title>
<ns>0</ns>
<id>85818</id>
<revision>
<id>1678361</id>
<parentid>1678357</parentid>
<timestamp>2013-04-10T01:54:40Z</timestamp>
<contributor>
<username>ValJor</username>
<id>1358</id>
</contributor>
<minor />
<comment>Revertidas edições por [[Especial:Contribuições/201.41.253.253|201.41.253.253]] para a última versão por [[Especial:Contribuições/MalafayaBot|MalafayaBot]]</comment>
<model>wikitext</model>
<format>text/x-wiki</format>
<text bytes="552" xml:space="preserve">={{-pt-}}=
==Substantivo==
{{paroxítona|fa|cún|dia}} ''feminino''
# [[facilidade]] no [[discurso]], [[eloquência]], [[retórica]].
===Sinónimos===
*De '''1''': [[loquela]], [[facundidade]]
=={{etimologia|pt}}==
: Do latim {{etimo|la|facundia}}.
==Ver também==
===No Wikcionário===
* [[facundiar]]
* [[facundo]]
* [[fecúndia]]
===Na Wikipédia===
* [[w:retórica|retórica]]
[[Categoria:Substantivo (Português)]]
[[Categoria:Trissílabo (Português)]]
[[Categoria:Paroxítona (Português)]]
[[Categoria:Entrada com etimologia (Português)]]</text>
<sha1>an5ak9ds17q5uyacpvyxul0ggwy59i8</sha1>
</revision>
