<page>
<title>Fader</title>
<ns>0</ns>
<id>32005</id>
<revision>
<id>2268856</id>
<parentid>1398094</parentid>
<timestamp>2017-04-26T17:25:35Z</timestamp>
<contributor>
<username>HydrizBot</username>
<id>29590</id>
</contributor>
<minor />
<comment>Robô: A limpar links interwikis antigos</comment>
<model>wikitext</model>
<format>text/x-wiki</format>
<text bytes="89" xml:space="preserve">={{-gsw-}}=
==Substantivo==
'''Fader'''
# [[pai]]
[[Categoria:Substantivo (Alemânico)]]</text>
<sha1>lzdl1w0n1qd0rhyzvm0k1753ttvqvak</sha1>
</revision>
</page>
