<page>
<title>fadelho</title>
<ns>0</ns>
<id>356286</id>
<revision>
<id>2086110</id>
<timestamp>2016-04-08T20:52:52Z</timestamp>
<contributor>
<username>Cpls</username>
<id>20608</id>
</contributor>
<comment>[[Ajuda:Guia de edição/Menus e ferramentas/Sumário de edição|→]] nova página: ={{-gl-}}= ==Substantivo== {{flex.gl|ms=fadelho|mp=fadelhos}} {{paroxítona|fa|de|lho|lang=gl}}, {{m}} # fa...</comment>
<model>wikitext</model>
<format>text/x-wiki</format>
<text bytes="283" xml:space="preserve">={{-gl-}}=
==Substantivo==
{{flex.gl|ms=fadelho|mp=fadelhos}}
{{paroxítona|fa|de|lho|lang=gl}}, {{m}}
# [[farrapo]]
===Sinónimo===
{{dividir em colunas|2}}
* [[cerelho#{{gl}}|cerelho]]
* [[feldrelho#Galego|feldrelho]]
{{dividir em colunas.fim}}
[[Categoria:Substantivo (Galego)]]</text>
<sha1>bot9hr14obt1kwow03ttbtgn2ai5po3</sha1>
</revision>
</page>
