<page>
<page>
<title>fadejar</title>
<ns>0</ns>
<id>98439</id>
<revision>
<id>2347517</id>
<parentid>1768009</parentid>
<timestamp>2017-05-01T19:16:51Z</timestamp>
<contributor>
<username>HydrizBot</username>
<id>29590</id>
</contributor>
<minor />
<comment>Robô: A limpar links interwikis antigos</comment>
<model>wikitext</model>
<format>text/x-wiki</format>
<text bytes="327" xml:space="preserve">{{ver também|fatejar|facejar|farejar}}
={{-pt-}}=
==Verbo==
{{oxítona|fa|de|jar}}
: intransitivo:
# [[cumprir]] o [[fado]] ou o [[destino]]
: transitivo:
# [[tocar]] ou [[cantar]] à maneira de [[fado]]
===Conjugação===
{{conj/pt|fadej|ar}}
=={{etimologia|pt}}==
: Derivado de [[fado]].
[[Categoria:Verbo (Português)]]</text>
<sha1>lzq71n3j3ju2hwblu5eowc936x6daex</sha1>
</revision>
