<page>
<title>fader</title>
<ns>0</ns>
<id>31969</id>
<revision>
<id>2347518</id>
<parentid>2244983</parentid>
<timestamp>2017-05-01T19:16:59Z</timestamp>
<contributor>
<username>HydrizBot</username>
<id>29590</id>
</contributor>
<minor />
<comment>Robô: A limpar links interwikis antigos</comment>
<model>wikitext</model>
<format>text/x-wiki</format>
<text bytes="86" xml:space="preserve">={{-pox-}}=
==Substantivo==
'''fader'''
# [[pai]]
[[Categoria:Substantivo ({{pox}})]]</text>
<sha1>2tgz5w5muyqvewq4jxp29g7ntdn882k</sha1>
</revision>
</page>
