<page>
<title>fade</title>
<ns>0</ns>
<id>86046</id>
<revision>
<id>2582963</id>
<parentid>2347515</parentid>
<timestamp>2020-03-21T01:58:57Z</timestamp>
<contributor>
<username>ValJor</username>
<id>1358</id>
</contributor>
<comment>Verbete [[:Categoria:!Página com idioma não informado em Predefinição:etimologia|sem indicação do idioma na seção de etimologia]]</comment>
<model>wikitext</model>
<format>text/x-wiki</format>
<text bytes="1105" xml:space="preserve">={{-de-}}=
==Adjetivo==
'''fade'''
# [[insípido]]; [[insosso]]
[[Categoria:Adjetivo (Alemão)]]
={{-da-}}=
==Forma de adjetivo==
'''fade'''
# flexão de [[fad]]
==Forma de substantivo==
'''fade'''
# flexão de [[fad]]
[[Categoria:Forma de adjetivo (Dinamarquês)]]
[[Categoria:Forma de substantivo (Dinamarquês)]]
={{-fi-}}=
==Substantivo==
'''fade'''
# {{escopo|fi|Gíria}} [[pai]]
[[Categoria:Substantivo (Finlandês)]]
={{-fr-}}=
==Adjetivo==
'''fade'''
# [[insípido]]; [[insosso]]
# [[chato]]
[[Categoria:Adjetivo (Francês)]]
={{-en-}}=
==Adjetivo==
'''fade'''
# [[fraco]]; [[insípido]]; [[insosso]]
==Substantivo==
'''fade'''
# {{escopo|en|Desporto}} certa jogada no golfe
# certo tipo de corte de cabelo
==Verbo==
'''fade'''
# ficar fraco; perder o sabor
# perder o frescor, a cor, o brilho
# [[desaparecer]] gradualmente
===Conjugação===
{{conj.en.reg|fad|e}}
=={{etimologia|en}}==
{{llietimo|fro|fader|en}}
==Anagrama==
&lt;!-- índice para anagramas: en: adef --&gt;
# [[deaf]]
[[Categoria:Adjetivo (Inglês)]]
[[Categoria:Substantivo (Inglês)]]
[[Categoria:Verbo (Inglês)]]</text>
<sha1>19fewdzwv9rwc3i8izxzd8wy8i41kzy</sha1>
</revision>
</page>
