<page>
<page>
<title>fadigas</title>
<ns>0</ns>
<id>75613</id>
<revision>
<id>2347521</id>
<parentid>1768005</parentid>
<timestamp>2017-05-01T19:17:40Z</timestamp>
<contributor>
<username>HydrizBot</username>
<id>29590</id>
</contributor>
<minor />
<comment>Robô: A limpar links interwikis antigos</comment>
<model>wikitext</model>
<format>text/x-wiki</format>
<text bytes="293" xml:space="preserve">={{-pt-}}=
==Forma de substantivo==
{{paroxítona|fa|di|gas}}
# plural de [[fadiga]]
==Forma verbal==
{{paroxítona|fa|di|gas}}
# segunda pessoa do singular do presente do indicativo do verbo [[fadigar]]
[[Categoria:Forma de substantivo (Português)]]
[[Categoria:Forma verbal (Português)]]</text>
<sha1>6vcerphbfhd3da9vdxbosoc44htdmxu</sha1>
</revision>
