<page>
<page>
<title>fading</title>
<ns>0</ns>
<id>162909</id>
<revision>
<id>2347522</id>
<parentid>1882467</parentid>
<timestamp>2017-05-01T19:18:51Z</timestamp>
<contributor>
<username>HydrizBot</username>
<id>29590</id>
</contributor>
<minor />
<comment>Robô: A limpar links interwikis antigos</comment>
<model>wikitext</model>
<format>text/x-wiki</format>
<text bytes="242" xml:space="preserve">={{-en-}}=
==Substantivo==
'''fading'''
# [[enfraquecimento]], [[esmaecimento]], [[desbotamento]]
==Forma verbal==
'''fading'''
# [[gerúndio]] do verbo '''[[fade]]'''
[[Categoria:Substantivo (Inglês)]]
[[Categoria:Forma verbal (Inglês)]]</text>
<sha1>s847ap92vuz4nft7seg1voj2iowvenl</sha1>
</revision>
