<page>
<page>
<title>fadiga</title>
<ns>0</ns>
<id>14378</id>
<revision>
<id>2613478</id>
<parentid>2601379</parentid>
<timestamp>2021-01-31T14:52:55Z</timestamp>
<contributor>
<username>Marxav</username>
<id>73271</id>
</contributor>
<minor />
<comment>AFI Portugal</comment>
<model>wikitext</model>
<format>text/x-wiki</format>
<text bytes="1608" xml:space="preserve">{{Wikipédia}}
={{-pt-}}=
==Substantivo==
{{flex.pt|fs=fadiga|fp=fadigas}}
{{paroxítona|fa|di|ga}}, {{gramática|f}}
# [[sensação]] de [[enfraquecimento]] resultante de esforço físico ou mental
#* ''Indivíduos com baixos níveis de stress de manhã sofrem de '''fadiga''' durante o dia, um resultado com potencial para explicar a '''fadiga''' crônica.'' {{OESP|2006|novembro|03}}
# [[trabalho]] cansativo
# [[redução]] gradual da [[resistência]] de um material ou da sensibilidade de um equipamento, máquina etc. devida ao [[uso]] continuado
# {{escopo|pt|Engenharia}} [[desgaste]] de [[peça]] por [[uso]] ou [[atividade]]
===Sinônimos===
De '''1''' (sensação de enfraquecimento):
{{verTambém.Ini}}
* [[afadigo]]
{{verTambém.NovaColuna}}
* [[fadigação]]
{{verTambém.NovaColuna}}
* [[fadigamento]]
{{verTambém.Fim}}
De '''2'''  (trabalho cansativo):
{{verTambém.Ini}}
* [[faina]]
{{verTambém.NovaColuna}}
* [[lida]]
{{verTambém.NovaColuna}}
* [[labuta]]
{{verTambém.NovaColuna}}
* [[labutação]]
{{verTambém.Fim}}
=={{etimologia|pt}}==
: Derivado do verbo [[fadigar]].
=={{pronúncia|pt}}==
===Portugal===
* AFI: {{AFI|/fɐ.ˈdi.ɡɐ/}}
==Ver também==
===No Wikcionário===
{{verTambém.Ini}}
* [[afadigado]]
* [[afadigar]]
{{verTambém.NovaColuna}}
* [[cansaço]]
* [[cansativo]]
{{verTambém.NovaColuna}}
* [[canseira]]
* [[descansar]]
{{verTambém.NovaColuna}}
* [[fadigar]]
* [[fatigado]]
{{verTambém.Fim}}
==Ligações externas==
* {{Aulete}}
* {{Michaelis}}
* {{DicioAberto}}
* {{DPLP}}
* {{Infopédia}}
* {{PLP}}
* {{VOLPABL}}
[[Categoria:Substantivo (Português)]]</text>
<sha1>81y62tm5e1n2xvzfqrcboyy78fiyiyf</sha1>
</revision>
