<page>
<page>
<title>fado</title>
<ns>0</ns>
<id>47765</id>
<revision>
<id>2611374</id>
<parentid>2347524</parentid>
<timestamp>2021-01-31T08:16:23Z</timestamp>
<contributor>
<username>Marxav</username>
<id>73271</id>
</contributor>
<minor />
<comment>AFI Portugal</comment>
<model>wikitext</model>
<format>text/x-wiki</format>
<text bytes="1025" xml:space="preserve">{{Wikisource|A Ulina}}
{{Wikipédia}}
[[File:Fado representation in sand.JPG|thumb|Fado ]]
={{-pt-}}=
==Substantivo==
{{flex.pt|ms=fado|mp=fados}}
{{paroxítona|fa|do}}
# [[destino]]
# [[fatalidade]]
# [[gênero]] [[musical]] [[português]] [[urbano]], que geralmente trata de temas sombrios, cantado por [[fadista]] e acompanhado de [[viola]] e [[guitarra portuguesa]]
# [[música]] do gênero fado&lt;sup&gt;3&lt;/sup&gt;
===Tradução===
{{tradini|De 1 (destino)}}
* {{trad|en|fate|}}
{{tradmeio}}
{{tradfim}}
{{tradini|De 3 (gênero musical português urbano)}}
* {{trad|de|Fado}} ''m''
* {{trad|fr|fado}} ''m''
{{tradmeio}}
* {{trad|gl|fado}} ''m''
* {{trad|en|fado|}}
{{tradfim}}
=={{etimologia|pt}}==
: Do latim  ''fatum'' ([[destino]]).
=={{pronúncia|pt}}==
===Portugal===
* AFI: {{AFI|/ˈfa.du/}}
==Ver também==
===No Wikcionário===
{{verTambém.Ini}}
* [[fadar]]
{{verTambém.NovaColuna}}
* [[fadado]]
{{verTambém.Fim}}
==Anagrama==
# [[foda]]
[[Categoria:Substantivo (Português)]]
[[Categoria:Música (Português)]]</text>
<sha1>6gy5zyza93w1pfc2uonvi1g7kz3kovs</sha1>
</revision>
