<page>
<title>fadórico</title>
<ns>0</ns>
<id>34862</id>
<revision>
<id>1219238</id>
<parentid>1184572</parentid>
<timestamp>2011-07-10T23:18:41Z</timestamp>
<contributor>
<username>ValJor</username>
<id>1358</id>
</contributor>
<comment>Desfazendo link para [[Brasileirismo]] para poder deletar o redirecionamento para minúscula</comment>
<model>wikitext</model>
<format>text/x-wiki</format>
<text bytes="236" xml:space="preserve">={{-pt-}}=
==Adjetivo==
{{proparoxítona|fa|dó|ri|co}}
# {{escopo|Brasil, Santa Catarina, Florianópolis}} relativo a destino influenciado por [[força]]s sobrenaturais, tais como [[fada]]s
[[Categoria:Adjetivo (Português)|fadorico]]</text>
<sha1>nwbtdxdsn0swxs4jcg6pzikg08n2g86</sha1>
</revision>
</page>
