<page>
<title>faenda</title>
<ns>0</ns>
<id>359209</id>
<revision>
<id>2101549</id>
<timestamp>2016-05-21T21:06:16Z</timestamp>
<contributor>
<username>Cpls</username>
<id>20608</id>
</contributor>
<comment>[[Ajuda:Guia de edição/Menus e ferramentas/Sumário de edição|→]] nova página: ={{-gl-}}= ==Substantivo== {{flex.gl|fs=faenda|fp=faenda}} {{paroxítona|fa|en|da|lang=gl}}, ''feminino'' # [...</comment>
<model>wikitext</model>
<format>text/x-wiki</format>
<text bytes="296" xml:space="preserve">={{-gl-}}=
==Substantivo==
{{flex.gl|fs=faenda|fp=faenda}}
{{paroxítona|fa|en|da|lang=gl}}, ''feminino''
# [[trabalho]], labor
=={{etimologia|gl}}==
: Aparentada com o verbo ''[[faer#Galego|faer]]'' &quot;[[fazer]]&quot; e com ''[[faína#Galego|faína]]'' &quot;[[faina]]&quot;.
[[Categoria:Substantivo (Galego)]]</text>
<sha1>633ycejeh5rv2w6wvlt9yaixx0bfzr8</sha1>
</revision>
</page>
