<page>
<page>
<title>Faeruuer</title>
<ns>0</ns>
<id>149476</id>
<revision>
<id>2268857</id>
<parentid>1582684</parentid>
<timestamp>2017-04-26T17:25:36Z</timestamp>
<contributor>
<username>HydrizBot</username>
<id>29590</id>
</contributor>
<minor />
<comment>Robô: A limpar links interwikis antigos</comment>
<model>wikitext</model>
<format>text/x-wiki</format>
<text bytes="245" xml:space="preserve">={{-li-}}=
==Substantivo==
'''Faeruuer''' {{n}}
#o idioma [[feroês]]
=={{pronúncia}}==
*[[AFI]]: /ˈfæːryɐ(r)/ 
[[Categoria:Entrada com pronúncia (Limburguês)]]
[[Categoria:Substantivo (Limburguês)]]
[[Categoria:Língua (Limburguês)]]</text>
<sha1>3lhostl1bi3fcoqzikzaynfxtrsc5z1</sha1>
</revision>
