<page>
<page>
<title>fafulu</title>
<ns>0</ns>
<id>60456</id>
<revision>
<id>2347529</id>
<parentid>1306517</parentid>
<timestamp>2017-05-01T19:19:49Z</timestamp>
<contributor>
<username>HydrizBot</username>
<id>29590</id>
</contributor>
<minor />
<comment>Robô: A limpar links interwikis antigos</comment>
<model>wikitext</model>
<format>text/x-wiki</format>
<text bytes="97" xml:space="preserve">={{-tet-}}=
==Substantivo==
'''fafulu'''
# [[bambu]] [[fino]]
[[Categoria:Substantivo (Tétum)]]</text>
<sha1>0qlavy6f76i8ic1vx1t0bit5xdztwgl</sha1>
</revision>
