<page>
<title>fag</title>
<ns>0</ns>
<id>42037</id>
<revision>
<id>2347530</id>
<parentid>2244989</parentid>
<timestamp>2017-05-01T19:22:11Z</timestamp>
<contributor>
<username>HydrizBot</username>
<id>29590</id>
</contributor>
<minor />
<comment>Robô: A limpar links interwikis antigos</comment>
<model>wikitext</model>
<format>text/x-wiki</format>
<text bytes="719" xml:space="preserve">={{-en-}}=
==Substantivo==
'''fag'''
# [[trabalho]] [[enfadonho]] ou [[penoso]]
# [[esgotamento]], [[exaustão]]
# [[calouro]] que presta serviços a [[aluno]]s [[veterano]]s
# {{escopo|Gíria}} [[cigarro]]
# {{escopo|Inglês americano, gíria}} [[homossexual]], [[bicha]]
===Sinônimo===
* De '''5''' (homossexual): [[faggot]]
==Verbo==
'''fag''' ''(transitivo+intransitivo)''
# [[trabalhar]] muito, [[estafar]]-se, [[cansar]]-se
# [[prestar]] serviços a [[aluno]] de classe superior
===Expressões===
* '''[[fag at]]''': 
* '''[[fag out]]''': 
[[Categoria:Substantivo (Inglês)]]
[[Categoria:Verbo (Inglês)]]
[[Categoria:Sexualidade (Inglês)]]
[[Categoria:Gíria (Inglês)]]
[[Categoria:Obscenidade (Inglês)]]</text>
<sha1>awwds0jryb5ksku1v92jah03t3rg3kf</sha1>
</revision>
</page>
