<page>
<page>
<title>fagas</title>
<ns>0</ns>
<id>390763</id>
<revision>
<id>2477133</id>
<timestamp>2018-01-13T15:20:38Z</timestamp>
<contributor>
<username>Imivorn</username>
<id>64513</id>
</contributor>
<comment>[[Ajuda:Guia de edição/Menus e ferramentas/Sumário de edição|→]] nova página: ={{-mwl-}}= ==Forma verbal== {{paroxítona|fa|gas|língua=mwl}} # [[segunda pessoa]] do [[singular]] no pre...</comment>
<model>wikitext</model>
<format>text/x-wiki</format>
<text bytes="224" xml:space="preserve">={{-mwl-}}=
==Forma verbal==
{{paroxítona|fa|gas|língua=mwl}}
# [[segunda pessoa]] do [[singular]] no [[presente]] do [[conjuntivo]] de [[fazer#{{mwl}}|fazer]]
{{avi-for-fle|fazer}}
[[Categoria:Forma verbal (Mirandês)]]</text>
<sha1>718qthclok4rf8yibiyea7jr96isbrc</sha1>
</revision>
