<page>
<page>
<title>faga</title>
<ns>0</ns>
<id>390762</id>
<revision>
<id>2681017</id>
<parentid>2477132</parentid>
<timestamp>2022-06-19T17:22:09Z</timestamp>
<contributor>
<username>Cpls</username>
<id>20608</id>
</contributor>
<model>wikitext</model>
<format>text/x-wiki</format>
<text bytes="699" xml:space="preserve">={{-gl-}}=
==Forma verbal==
{{paroxítona|fa|ga|lang=gl}}
# primeira pessoa do singular do presente do conjuntivo do verbo ''[[fazer#{{gl}}|fazer]]''
# terceira pessoa do singular do presente do conjuntivo do verbo ''[[fazer#{{gl}}|fazer]]''
# terceira pessoa do singular do imperativo do verbo ''[[fazer#{{gl}}|fazer]]''
==={{-varort-}}===
* [[faça#{{gl}}|faça]]
[[Categoria:Forma verbal (Galego)]]
={{-mwl-}}=
==Forma verbal==
{{paroxítona|fa|ga|língua=mwl}}
# [[primeira pessoa]] do [[singular]] no [[presente]] do [[conjuntivo]] de [[fazer#{{mwl}}|fazer]]
# [[terceira pessoa]] do singular no presente do conjuntivo de fazer
{{avi-for-fle|fazer}}
[[Categoria:Forma verbal (Mirandês)]]</text>
<sha1>sgic2nan8uq8ge6h9cncw43hhazlo49</sha1>
</revision>
