<page>
<page>
<title>faggot</title>
<ns>0</ns>
<id>42038</id>
<revision>
<id>2577305</id>
<parentid>2569160</parentid>
<timestamp>2020-02-16T09:40:01Z</timestamp>
<contributor>
<username>ValJor</username>
<id>1358</id>
</contributor>
<comment>Melhorando a apresentação do verbete</comment>
<model>wikitext</model>
<format>text/x-wiki</format>
<text bytes="859" xml:space="preserve">={{-en-}}=
==Substantivo==
'''fag.got'''
# [[feixe]], [[molho]] de [[pau]]s ou [[vara]]s
# [[pacote]] de [[ferro]] para [[soldar]]
# {{escopo|en|obsoleto}} bagagem onerosa
# {{escopo|en|obsoleto}} pedaço de lenha queimando
# {{escopo|en|Grã-Bretanha}} almôndega feita com pedaços e miudezas, especialmente carne de porco
# {{escopo|en|ofensivo|vulgar}} pessoa irritante ou imprudente
# {{escopo|en|Grã-Bretanha|coloquial|depreciativo|obsoleto}} mulher astuta
# {{escopo|en|ofensivo|vulgar|Austrália|Nova Zelândia}} {{escopo2|EUA, Canadá}} homem homossexual, especialmente um homem efeminado
# {{escopo|en|obsoleto}} soldado estava listado, mas não existia
# {{escopo|en|Grã-Bretanha|arcaico}} pessoa que obtinha o direito de voto de maneira espúria
===Sinônimo===
* [[fag]]
[[Categoria:Substantivo (Inglês)]]
[[Categoria:Sexualidade (Inglês)]]</text>
<sha1>k2j9ku0f7aymskcy858g4yq7pmz931n</sha1>
</revision>
