<page>
<page>
<title>fagotas</title>
<ns>0</ns>
<id>228486</id>
<revision>
<id>2347535</id>
<parentid>2124704</parentid>
<timestamp>2017-05-01T19:26:25Z</timestamp>
<contributor>
<username>HydrizBot</username>
<id>29590</id>
</contributor>
<minor />
<comment>Robô: A limpar links interwikis antigos</comment>
<model>wikitext</model>
<format>text/x-wiki</format>
<text bytes="158" xml:space="preserve">{{Wikipédia|lang=lt}}
={{-lt-}}=
==Substantivo==
'''fagotas'''
# [[fagote]]
[[Categoria:Substantivo (Lituano)]]
[[Categoria:Instrumento musical (Lituano)]]</text>
<sha1>6nmvll4nze9z3y9kyurli66cl0vl832</sha1>
</revision>
