<page>
<title>fagocitar</title>
<ns>0</ns>
<id>276373</id>
<revision>
<id>2347533</id>
<parentid>2179320</parentid>
<timestamp>2017-05-01T19:25:21Z</timestamp>
<contributor>
<username>HydrizBot</username>
<id>29590</id>
</contributor>
<minor />
<comment>Robô: A limpar links interwikis antigos</comment>
<model>wikitext</model>
<format>text/x-wiki</format>
<text bytes="238" xml:space="preserve">={{-pt-}}=
==Verbo==
{{oxítona|fa|go|ci|tar}}
# realizar a fagocitose, processo celular que leva a incluir dentro dum vacúolo algo alheio à célula mediante uns movimentos envolventes do seu citoplasma
[[Categoria:Verbo (Português)]]</text>
<sha1>jbcysw11q3991zt4897b8225psnaaqx</sha1>
</revision>
</page>
