<page>
<page>
<title>fagotista</title>
<ns>0</ns>
<id>317719</id>
<revision>
<id>2612876</id>
<parentid>2582907</parentid>
<timestamp>2021-01-31T13:13:47Z</timestamp>
<contributor>
<username>Marxav</username>
<id>73271</id>
</contributor>
<minor />
<comment>AFI Portugal</comment>
<model>wikitext</model>
<format>text/x-wiki</format>
<text bytes="881" xml:space="preserve">[[Imagem:Bassoon2 (PSF).jpg|thumb|right|250px|&lt;center&gt;Fagotista&lt;/center&gt;]]
={{-pt-}}=
==Substantivo==
{{flex.pt|s=fagotista|p=fagotistas}}
{{paroxítona|fa|go|tis|ta}}, {{gramática|c2g}}
# pessoa que toca [[fagote]]
=={{etimologia|pt}}==
: {{escopo|Morfologia}} [[fagote]] + [[-ista]].
=={{pronúncia|pt}}==
===Portugal===
* AFI: {{AFI|/fɐ.ɡu.ˈtiʃ.tɐ/}}
==Ver também==
===No Wikcionário===
* [[Apêndice:Profissões em português]]
====Wikisaurus====
{{verTambém.Ini}}
* [[Wikisaurus:música|música]]
{{verTambém.NovaColuna}}
* [[Wikisaurus:profissão|profissão]]
{{verTambém.Fim}}
==Ligações externas==
* {{Aulete}}
* {{Michaelis}}
* {{DicioAberto}}
* {{DPLP}}
* {{Infopédia}}
* {{PLP}}
* {{VOLPABL}}
[[Categoria:Substantivo (Português)]]
[[Categoria:Música (Português)]]
[[Categoria:Profissão (Português)]]
[[Categoria:Entrada com imagem (Português)]]</text>
<sha1>09d3bj6pgde1jzje463ze1hlc2l5z5n</sha1>
</revision>
