<page>
<page>
<title>fagoto</title>
<ns>0</ns>
<id>59483</id>
<revision>
<id>2347539</id>
<parentid>2179321</parentid>
<timestamp>2017-05-01T19:30:38Z</timestamp>
<contributor>
<username>HydrizBot</username>
<id>29590</id>
</contributor>
<minor />
<comment>Robô: A limpar links interwikis antigos</comment>
<model>wikitext</model>
<format>text/x-wiki</format>
<text bytes="285" xml:space="preserve">={{-eo-}}=
==Substantivo==
'''fagoto'''
# [[fagote]]
===Declinação===
{{decl.eo.subst}}
[[Categoria:Substantivo (Esperanto)]]
[[Categoria:Instrumento musical (Esperanto)]]
={{-roa-tal-}}=
==Substantivo==
'''fagoto'''
# [[pacote]], [[embrulho]]
[[Categoria:Substantivo (Talian)]]</text>
<sha1>p42xfo2a272y30zk4cvq8mu5auad4z6</sha1>
</revision>
