<page>
<title>fagotistas</title>
<ns>0</ns>
<id>327368</id>
<revision>
<id>1891608</id>
<parentid>1834448</parentid>
<timestamp>2015-01-31T11:34:53Z</timestamp>
<contributor>
<username>MIL973</username>
<id>41339</id>
</contributor>
<model>wikitext</model>
<format>text/x-wiki</format>
<text bytes="176" xml:space="preserve">={{-pt-}}=
==Forma de substantivo==
{{paroxítona|fa|go|tis|tas}}, {{c2g}}
# plural de [[fagotista]]
{{avi-for-fle|fagotista}}
[[Categoria:Forma de substantivo (Português)]]</text>
<sha1>b9akbveodupq6g57uaxcta67rewxee7</sha1>
</revision>
</page>
