<page>
<title>fago</title>
<ns>0</ns>
<id>390723</id>
<revision>
<id>2477085</id>
<timestamp>2018-01-13T14:38:06Z</timestamp>
<contributor>
<username>Imivorn</username>
<id>64513</id>
</contributor>
<comment>[[Ajuda:Guia de edição/Menus e ferramentas/Sumário de edição|→]] nova página: ={{-mwl-}}= ==Forma verbal== {{paroxítona|fa|go|língua=mwl}} # [[primeira pessoa]] do [[singular]] no pre...</comment>
<model>wikitext</model>
<format>text/x-wiki</format>
<text bytes="242" xml:space="preserve">={{-mwl-}}=
==Forma verbal==
{{paroxítona|fa|go|língua=mwl}}
# [[primeira pessoa]] do [[singular]] no [[presente]] do [[indicativo]] de [[fazer#Mirandês|fazer]]
{{avi-for-fle|fazer#Mirandês|fazer}}
[[Categoria:Forma verbal (Mirandês)]]</text>
<sha1>8pk8s6ycyscfgx6t70cdqrvqr9zleup</sha1>
</revision>
</page>
