<page>
<page>
<title>fagotes</title>
<ns>0</ns>
<id>335598</id>
<revision>
<id>2347537</id>
<parentid>1964177</parentid>
<timestamp>2017-05-01T19:30:15Z</timestamp>
<contributor>
<username>HydrizBot</username>
<id>29590</id>
</contributor>
<minor />
<comment>Robô: A limpar links interwikis antigos</comment>
<model>wikitext</model>
<format>text/x-wiki</format>
<text bytes="164" xml:space="preserve">={{-pt-}}=
==Forma de substantivo==
{{paroxítona|fa|go|tes}}, {{m}}
# plural de [[fagote]]
{{avi-for-fle|fagote}}
[[Categoria:Forma de substantivo (Português)]]</text>
<sha1>ip9a3z083w31e665osnndkvt3hxuot9</sha1>
</revision>
