<page>
<title>fagotti</title>
<ns>0</ns>
<id>228475</id>
<revision>
<id>2347541</id>
<parentid>2244986</parentid>
<timestamp>2017-05-01T19:30:45Z</timestamp>
<contributor>
<username>HydrizBot</username>
<id>29590</id>
</contributor>
<minor />
<comment>Robô: A limpar links interwikis antigos</comment>
<model>wikitext</model>
<format>text/x-wiki</format>
<text bytes="138" xml:space="preserve">={{-fi-}}=
==Substantivo==
'''fagotti'''
# [[fagote]]
{{página-automática|Maio|2010|fagote|fi}}
[[Categoria:Substantivo (Finlandês)]]</text>
<sha1>7gc7uxax1zayrx07ip3xmz7jf9to0kb</sha1>
</revision>
</page>
