<page>
<page>
<title>fagotto</title>
<ns>0</ns>
<id>228483</id>
<revision>
<id>2347542</id>
<parentid>2218244</parentid>
<timestamp>2017-05-01T19:31:06Z</timestamp>
<contributor>
<username>HydrizBot</username>
<id>29590</id>
</contributor>
<minor />
<comment>Robô: A limpar links interwikis antigos</comment>
<model>wikitext</model>
<format>text/x-wiki</format>
<text bytes="331" xml:space="preserve">={{-ia-}}=
==Substantivo==
'''fagotto'''
# [[fagote]]
[[Categoria:Substantivo (Interlíngua)]]
={{-it-}}=
==Substantivo==
'''fagoto''' {{p|fagotti}}
#[[fagote]]
#[[fardo]]
[[Categoria:Substantivo (Italiano)]]
={{-ja-}}=
==Transliteração==
# transliteração de [[ファゴット]]
[[Categoria:Transliteração (Japonês)]]</text>
<sha1>riauh98docf69rk8t1yf7bc6gdrkhhm</sha1>
</revision>
