<page>
<page>
<title>fagulha</title>
<ns>0</ns>
<id>52962</id>
<revision>
<id>2613766</id>
<parentid>2443472</parentid>
<timestamp>2021-01-31T15:42:08Z</timestamp>
<contributor>
<username>Marxav</username>
<id>73271</id>
</contributor>
<minor />
<comment>AFI Portugal</comment>
<model>wikitext</model>
<format>text/x-wiki</format>
<text bytes="302" xml:space="preserve">={{-pt-}}=
==Substantivo==
{{flex.pt|fs=fagulha|fp=fagulhas}}
{{paroxítona|fa|gu|lha}}
# [[centelha]]
# [[faísca]]
# [[chispa]]
# [[faúlha]]
=={{etimologia|pt}}==
: Do latim ''facucύla''.
=={{pronúncia|pt}}==
===Portugal===
* AFI: {{AFI|/fɐ.ˈɡu.ʎɐ/}}
[[Categoria:Substantivo (Português)]]</text>
<sha1>r2sngkcck6apxrs6j6y1mtf4z4ajfvg</sha1>
</revision>
