<page>
<page>
<title>Fagundos</title>
<ns>0</ns>
<id>348273</id>
<revision>
<id>2426684</id>
<parentid>2045087</parentid>
<timestamp>2017-07-11T01:18:31Z</timestamp>
<contributor>
<username>MIL973</username>
<id>41339</id>
</contributor>
<model>wikitext</model>
<format>text/x-wiki</format>
<text bytes="182" xml:space="preserve">={{-pt-}}=
==Forma de substantivo==
{{paroxítona|Fa|gun|dos}}, {{gramática|pr|mp}}
# plural de [[Fagundo]]
{{avi-for-fle|Fagundo}}
[[Categoria:Forma de substantivo (Português)]]</text>
<sha1>6ie3ui2fagv62ggfwcrp3qli3s77mzt</sha1>
</revision>
