<page>
<title>fagudo</title>
<ns>0</ns>
<id>414343</id>
<revision>
<id>2555965</id>
<timestamp>2019-10-04T18:55:49Z</timestamp>
<contributor>
<username>Cpls</username>
<id>20608</id>
</contributor>
<comment>[[Ajuda:Guia de edição/Menus e ferramentas/Sumário de edição|→]] nova página: ={{-gl-}}= ==Adjetivo== {{flex.gl|ms=fagudo|mp=fagudos|fs=faguda|fp=fagudas}} {{paroxítona|fa|gu|do|lang=gl}...</comment>
<model>wikitext</model>
<format>text/x-wiki</format>
<text bytes="283" xml:space="preserve">={{-gl-}}=
==Adjetivo==
{{flex.gl|ms=fagudo|mp=fagudos|fs=faguda|fp=fagudas}}
{{paroxítona|fa|gu|do|lang=gl}}
# de mau [[aspeto]]
===Sinónimo===
* [[facheiro#{{gl}}|facheiro]]
=={{etimologia|gl}}==
: Confronte-se com ''[[faguer#{{gl}}|faguer]]''.
[[Categoria:Adjetivo (Galego)]]</text>
<sha1>b6kfq08xdj169kr70aezs636f8p3wdg</sha1>
</revision>
</page>
