<page>
<page>
<title>fagulhação</title>
<ns>0</ns>
<id>313048</id>
<revision>
<id>1668195</id>
<parentid>1667829</parentid>
<timestamp>2013-03-11T13:13:03Z</timestamp>
<contributor>
<username>VJBot</username>
<id>33673</id>
</contributor>
<minor />
<comment>Robô: Substituição de texto automática  (-acto de +ato de)</comment>
<model>wikitext</model>
<format>text/x-wiki</format>
<text bytes="123" xml:space="preserve">={{-pt-}}=
==Substantivo==
{{oxítona|fa|gu|lha|ção}} {{f}}
# ato de [[fagulhar]]
[[Categoria:Substantivo (Português)]]</text>
<sha1>7kizyen5rtcfxdmomte2hofbrkr4qeu</sha1>
</revision>
