<page>
<title>fagueiro</title>
<ns>0</ns>
<id>102146</id>
<revision>
<id>2455565</id>
<parentid>2347543</parentid>
<timestamp>2017-10-18T09:09:48Z</timestamp>
<contributor>
<username>Cpls</username>
<id>20608</id>
</contributor>
<model>wikitext</model>
<format>text/x-wiki</format>
<text bytes="1033" xml:space="preserve">={{-pt-}}=
==Adjetivo==
{{flex.pt|ms=fagueiro|mp=fagueiros|fs=fagueira|fp=fagueiras}}
{{paroxítona|fa|guei|ro}}
# que [[afagar|afaga]]; que é [[meigo]]
# [[suave]]; [[agradável]]: 
#* ''Aragem '''fagueira'''.''
# {{escopo|pt|Turquel}} diz-se da terra leve, solta, mais ou menos pulverulenta
# {{escopo|pt|São Jorge}} diz-se do espírito que fala de dentro de um corpo humano
=={{etimologia|pt}}==
: Derivado do verbo [[fagar]].
[[Categoria:Adjetivo (Português)]]
={{-gl-}}=
==Adjetivo==
{{flex.pt|ms=fagueiro|mp=fagueiros|fs=fagueira|fp=fagueiras}}
{{paroxítona|fa|guei|ro}}
# [[fagueiro#{{pt}}|fagueiro]], meigo, carinhoso
# [[fagueiro#{{pt}}|fagueiro]], agradável
# que se [[adaptar|adapta]] à circunstância, que se afaz bem, que rapidamente se acostuma
===Sinónimos===
* De '''1''' e '''2''': [[falagueiro#{{gl}}|falagueiro]], [[falagoso#{{gl}}|falagoso]], [[falangueiro#{{gl}}|falangueiro]]
=={{etimologia|gl}}==
: De ''[[afagar#{{gl}}|afagar]]'' e ''[[afaguer#{{gl}}|afaguer]]''.
[[Categoria:Adjetivo (Galego)]]</text>
<sha1>5cnzwo95tzmqfzesq3srlwamkb5mi5t</sha1>
</revision>
</page>
