<page>
<title>Fagundas</title>
<ns>0</ns>
<id>348274</id>
<revision>
<id>2426682</id>
<parentid>2045089</parentid>
<timestamp>2017-07-11T01:17:41Z</timestamp>
<contributor>
<username>MIL973</username>
<id>41339</id>
</contributor>
<model>wikitext</model>
<format>text/x-wiki</format>
<text bytes="182" xml:space="preserve">={{-pt-}}=
==Forma de substantivo==
{{paroxítona|Fa|gun|das}}, {{gramática|pr|fp}}
# plural de [[Fagunda]]
{{avi-for-fle|Fagunda}}
[[Categoria:Forma de substantivo (Português)]]</text>
<sha1>ep6zjvjjqjjkn3k47gx9lo3vvydmz2w</sha1>
</revision>
</page>
