<page>
<page>
<title>Fagundo</title>
<ns>0</ns>
<id>348272</id>
<revision>
<id>2503251</id>
<parentid>2458853</parentid>
<timestamp>2018-05-18T04:17:12Z</timestamp>
<contributor>
<username>MIL973</username>
<id>41339</id>
</contributor>
<model>wikitext</model>
<format>text/x-wiki</format>
<text bytes="352" xml:space="preserve">={{-pt-}}=
==Substantivo==
{{flex.pt|ms=Fagundo|mp=Fagundos}}
{{paroxítona|Fa|gun|do}}, {{gramática|pr|m}}
# {{escopo|pt|Antropônimo}} [[Apêndice:Prenomes em português|prenome]] masculino
==Ver também==
===No Wikcionário===
====Antropônimos====
{{colunas|2}}
* [[Fagunda]]
* [[Fagundes]]
{{colunas/fim}}
[[Categoria:Substantivo (Português)]]</text>
<sha1>qc9zgfb2cwyvnapc5khnnm88jk7b8dt</sha1>
</revision>
