<page>
<title>Fagundes</title>
<ns>0</ns>
<id>145281</id>
<revision>
<id>2447603</id>
<parentid>2426680</parentid>
<timestamp>2017-09-05T01:03:43Z</timestamp>
<contributor>
<username>MIL973</username>
<id>41339</id>
</contributor>
<model>wikitext</model>
<format>text/x-wiki</format>
<text bytes="900" xml:space="preserve">{{Wikipédia|Fagundes (Paraíba)}}
={{-pt-}}=
==Substantivo==
{{flex.pt|s=Fagundes|p=Fagundes}}
{{paroxítona|Fa|gun|des}}, {{gramática|pr|c2g2n}}
# {{escopo|pt|Município do estado da Paraíba}} [[Apêndice:Gentílicos e topónimos em português/Brasil/Paraíba|município brasileiro do estado da Paraíba]]
# {{escopo|pt|Antropônimo}} [[Apêndice:Sobrenomes em português|sobrenome]] comum em português
===Expressões===
* '''[[Fagundes Varela]]''':
==Forma de substantivo==
{{paroxítona|Fa|gun|des}}, {{gramática|pr|c2g2n}}
# plural de Fagundes
{{avi-for-fle|Fagundes}}
==Ver também==
===No Wikcionário===
* [[fagundense]]
====Antropônimos====
{{colunas|2}}
* [[Fagunda]]
* [[Fagundo]]
{{colunas/fim}}
==Ligações externas==
* [http://www.fagundes.pb.gov.br/ Prefeitura de Fagundes (Paraíba)]
[[Categoria:Substantivo (Português)]]
[[Categoria:Forma de substantivo (Português)]]</text>
<sha1>rtwk2oe1uhqk7tb4zokxpkmxsvmpn8q</sha1>
</revision>
</page>
