<page>
<page>
<title>fagundenses</title>
<ns>0</ns>
<id>329703</id>
<revision>
<id>2426679</id>
<parentid>1884973</parentid>
<timestamp>2017-07-11T01:14:58Z</timestamp>
<contributor>
<username>MIL973</username>
<id>41339</id>
</contributor>
<model>wikitext</model>
<format>text/x-wiki</format>
<text bytes="338" xml:space="preserve">={{-pt-}}=
==Forma de adjetivo==
{{paroxítona|fa|gun|den|ses}}, {{gramática|c2gp}}
# plural de [[fagundense]]
==Forma de substantivo==
{{paroxítona|fa|gun|den|ses}}, {{gramática|c2gp}}
# plural de [[fagundense]]
{{avi-for-fle|fagundense}}
[[Categoria:Forma de adjetivo (Português)]]
[[Categoria:Forma de substantivo (Português)]]</text>
<sha1>bj2kxp4qf40g6wj0oc1mllk4sp27ii4</sha1>
</revision>
