<page>
<title>fagáceas</title>
<ns>0</ns>
<id>50644</id>
<revision>
<id>1818994</id>
<parentid>1611438</parentid>
<timestamp>2014-04-12T08:55:04Z</timestamp>
<contributor>
<username>ValJor</username>
<id>1358</id>
</contributor>
<comment>Retirando verbete da [[:Categoria:Entrada com imagem]]</comment>
<model>wikitext</model>
<format>text/x-wiki</format>
<text bytes="1363" xml:space="preserve">[[Image:Quercus robur 20061028 1259 tree in Araba.jpg|thumb|300px|Um exemplar da família das Fagáceas]]
={{-pt-}}=
==Substantivo==
{{proparoxítona aparente|fa|gá|ce|as}} ''feminino'' ''plural''
# {{escopo|Botânica/Botánica}} [[família]] de [[planta]]s à qual pertencem, dentre outras, o [[sobreiro]], o [[carvalho]] e o [[castanheiro]]
===Sinônimos/Sinónimos===
{{verTambém.Ini}}
* [[castaneáceas]]
{{verTambém.NovaColuna}}
* [[castâneas]]
{{verTambém.Fim}}
===Tradução===
{{tradini}}
* {{trad|de|Buchengewächse}}
* {{trad|eu|Fagaceae}}
* {{trad|da|Bøge-familien}}
* {{trad|es|Fagáceas}}
* {{trad|fr|Fagaceae}}
* {{trad|nl|Beukenfamilie}}
* {{trad|en|Fagaceae}}
{{tradmeio}}
* {{trad|it|Fagaceae}}
* {{trad|la|Fagaceae}}
* {{trad|lt|Bukiniai}}
* {{trad|no|Bøkefamilien}}
* {{trad|pl|Bukowate}}
* {{trad|tr|Kayıngiller}}
{{tradfim}}
=={{etimologia|pt}}==
: Do taxonômico ''Fagus'' + [[-ácea]].
==Ver Também==
===Na Wikipédia===
* [[w:Fagaceae|Fagaceae]]
===No Wikispecies===
* [[Wikispecies:Fagaceae|Fagaceae]]
[[Categoria:Substantivo (Português)]]
[[Categoria:Botânica (Português)]]
[[Categoria:Entrada com imagem (Português)]]
={{-es-}}=
==Substantivo==
'''fagáceas'''
# [[fagáceas#Português|fagáceas]]
[[Categoria:Substantivo (Espanhol)]]
[[Categoria:Botânica (Espanhol)]]
[[Categoria:Entrada com imagem (Espanhol)]]</text>
<sha1>gqffs1evyof4174tqakf9t6uxzb3zjt</sha1>
</revision>
</page>
