<page>
<title>fagócito</title>
<ns>0</ns>
<id>206960</id>
<revision>
<id>2347547</id>
<parentid>1491396</parentid>
<timestamp>2017-05-01T19:31:39Z</timestamp>
<contributor>
<username>HydrizBot</username>
<id>29590</id>
</contributor>
<minor />
<comment>Robô: A limpar links interwikis antigos</comment>
<model>wikitext</model>
<format>text/x-wiki</format>
<text bytes="516" xml:space="preserve">{{Wikipédia}}
={{-pt-}}=
==Substantivo==
{{proparoxítona|fa|gó|ci|to}}, {{m}}
# [[leucócito]] que elimina partículas estranhas ao organismo, tais como [[bactéria]]s.
===Tradução===
{{tradini}}
* {{trad|en|phagocyte}}
{{tradmeio}}
* {{trad|ka|ფაგოციტი}}
{{tradfim}}
==Ver também==
===No Wikcionário===
{{verTambém.Ini}}
* [[fagocitose]]
* [[leucócito]]
{{verTambém.NovaColuna}}
* [[célula]]
{{verTambém.Fim}}
[[Categoria:Substantivo (Português)]]
[[Categoria:Biologia (Português)]]</text>
<sha1>hbv0j5u3x960e70fij45h10vq2j5fk2</sha1>
</revision>
</page>
