<page>
<page>
<title>fahan</title>
<ns>0</ns>
<id>247841</id>
<revision>
<id>2347548</id>
<parentid>1609637</parentid>
<timestamp>2017-05-01T19:31:40Z</timestamp>
<contributor>
<username>HydrizBot</username>
<id>29590</id>
</contributor>
<minor />
<comment>Robô: A limpar links interwikis antigos</comment>
<model>wikitext</model>
<format>text/x-wiki</format>
<text bytes="177" xml:space="preserve">={{-mhs-}}=
==Substantivo==
'''fahan'''
# [[mão]]
==Ver também==
* [[okon]]
* [[kolin]]
* [[olon]]
* [[wadon]]
[[Categoria:Substantivo (Buru)]]
[[Categoria:Anatomia (Buru)]]</text>
<sha1>p64gegzgxckr3yaunqbyiaksxbfp538</sha1>
</revision>
