<page>
<title>faharoa</title>
<ns>0</ns>
<id>262558</id>
<revision>
<id>2347549</id>
<parentid>1767997</parentid>
<timestamp>2017-05-01T19:31:44Z</timestamp>
<contributor>
<username>HydrizBot</username>
<id>29590</id>
</contributor>
<minor />
<comment>Robô: A limpar links interwikis antigos</comment>
<model>wikitext</model>
<format>text/x-wiki</format>
<text bytes="347" xml:space="preserve">={{-mg-}}=
==Numeral==
'''faharoa''' ''ordinal''
# [[segundo]], [[numeral ordinal]] [[relacionado]] [[ao]] [[número]] '''[[2]]'''
==Ver também==
===No Wikcionário===
{{verTambém.Ini}}
* [[roa]]
{{verTambém.NovaColuna|33}}
* [[voalohany]]
{{verTambém.NovaColuna|33}}
* [[fahatelo]]
{{verTambém.Fim}}
[[Categoria:Numeral ordinal (Malgaxe)]]</text>
<sha1>qdso3fov4dem7kiv0xldj311gxatnrc</sha1>
</revision>
</page>
