<page>
<title>fahe</title>
<ns>0</ns>
<id>36174</id>
<revision>
<id>2347551</id>
<parentid>795108</parentid>
<timestamp>2017-05-01T19:32:14Z</timestamp>
<contributor>
<username>HydrizBot</username>
<id>29590</id>
</contributor>
<minor />
<comment>Robô: A limpar links interwikis antigos</comment>
<model>wikitext</model>
<format>text/x-wiki</format>
<text bytes="112" xml:space="preserve">={{-tet-}}=
==Verbo==
'''fa.he'''
# [[dividir]].
[[Categoria:Verbo (Tétum)]]
[[Categoria:Dissílabo (Tétum)]]</text>
<sha1>gg3con1k2l7bzfxgfitge76ujypblen</sha1>
</revision>
</page>
