<page>
<page>
<title>fahi</title>
<ns>0</ns>
<id>60457</id>
<revision>
<id>2690526</id>
<parentid>2524873</parentid>
<timestamp>2022-10-27T00:36:52Z</timestamp>
<contributor>
<username>InternetArchiveBot</username>
<id>81604</id>
</contributor>
<comment>Rescuing 2 sources and tagging 0 as dead.) #IABot (v2.0.9.2</comment>
<model>wikitext</model>
<format>text/x-wiki</format>
<text bytes="7205" xml:space="preserve">[[Ficheiro:Ecomusée Alsace 17.jpg|thumb|350px|'''Fahi''' (&quot;porco&quot;)]]
={{-cnh-}}=
==Substantivo==
'''fa.hi'''
# [[moinha]]; [[resíduo]] de {{o/a|cerea|is|l}}
===Sinônimos===
* {{link opcional|favai|cnh}}
==Ver também==
===No Wikcionário===
{{verTambém.Ini}}
* {{link opcional|changvut kung}}
{{verTambém.Fim}}
==Ligações externas==
===Referências===
{{verTambém.Ini}}
* &lt;span style=&quot;color:#555;&quot;&gt;(em inglês)&lt;/span&gt; “[http://chin-dictionary.com/hakha-to-english/fahi-favai/ fahi]” no ''Chin (Hakha) Dictionary''
{{verTambém.Fim}}
{{categorias|{{cnh}}|Substantivo|Dissílabo}}
={{-jaa-}}=
==Pronome==
'''fa.hi''' ''demonstrativo''
# {{escopo2|dialeto jarawara}} [[lá]]; [[ali]]
===Sinônimos===
* [[ahi#{{jaa}}|ahi]]
==Ver também==
===No Wikcionário===
{{verTambém.Ini}}
* [[fa#{{jaa}}|fa]]/[[fe#{{jaa}}|fe]]
* [[fari#{{jaa}}|fari]]/[[faro#{{jaa}}|faro]]
{{verTambém.NovaColuna|50}}
* [[faya]]
* {{link opcional|ifa|jaa}}/{{link opcional|ife|jaa}}
{{verTambém.Fim}}
==Ligações externas==
===Referências===
{{verTambém.Ini}}
* Vogel, A.R.. ''[http://www.silbrasil.org.br/resources/archives/72031 Jarawara-English Dictionary, 2016 Online Ed.]''.Cuiabá: ''SIL Brasil'', 2006.
{{verTambém.Fim}}
{{categorias|{{jaa}}|Pronome|Dissílabo}}
={{-niu-}}=
==Verbo==
'''fa.hi''' {{g|trans}}
# [[bater]] em; [[surrar]]
# [[açoitar]]; [[fustigar]]
===Locuções e expressões===
* '''fahi kula''': [[cerda]]s de porco
* '''fahi nua''': [[chibata]]; [[chicote]] (para [[cavalo]]s)
===Termos derivados===
{{verTambém.Ini}}
* {{link opcional|fahifahi}}
{{verTambém.Fim}}
=={{etimologia|niu}}==
:Do {{link opcional|protopolinésio}} *''fasi'' (&quot;bater&quot;; &quot;[[matar]]&quot;).
===Cognatos===
{{tradini|Cognatos de ''fahi''}}
* {{trad|rtm|pạsi}}
* {{trad|to|fahi}}
{{tradmeio}}
* {{trad|tkl|fahioti}}
{{tradfim}}
==Ver também==
===No Wikcionário===
{{verTambém.Ini}}
* {{link opcional|halā|niu}}
* [[mania#{{niu}}|mania]]
{{verTambém.NovaColuna|50}}
* [[tā#{{niu}}|tā]]
* {{link opcional|tuki|niu}}
{{verTambém.Fim}}
==Ligações externas==
===Referências===
{{verTambém.Ini}}
* &lt;span style=&quot;color:#555;&quot;&gt;(em inglês)&lt;/span&gt; “[http://pollex.shh.mpg.de/search/?field=entry&amp;query=fahi fahi]” no ''Polynesian Lexicon Project Online''
* Sperlich, W.B.. ''[http://books.google.com.br/books?id=hOaGrwSRBMIC Tohi Vagahau Niue / Niue Language Dictionary]''. Honolulu: ''University of Hawaii Press'', 1997.
{{verTambém.Fim}}
{{categorias|{{niu}}|Verbo|Dissílabo}}
={{-tet-}}=
==Substantivo==
'''fa.hi'''
# {{escopo|tet|mamífero}} {{l.s.|porco}}, [[mamífero]] [[artiodátilo]] da [[família]] ''[[species:Suidae|Suidae]]''.
===Locuções e expressões===
* '''na'an fahi''': [[carne]] de porco
* '''fahi fuhu-n''': [[cerda]]s de porco
* '''tunu fahi''': [[chamuscar]] um porco (para remover os {{l.s.|pelo}}s)
===Termos derivados===
{{verTambém.Ini}}
* {{link opcional|fahi-aman}}
* {{link opcional|fahi-fuik}}
{{verTambém.NovaColuna|25}}
* {{link opcional|fahi-inan}}
* {{link opcional|fahi-Índia}}
{{verTambém.NovaColuna|25}}
* {{link opcional|fahi-luhan}}
* {{link opcional|fahi-mina}}
{{verTambém.NovaColuna|25}}
* {{link opcional|fahi-oan}}
{{verTambém.Fim}}
=={{etimologia|tet}}==
:Do {{link opcional|protoaustronésio}} *''babuy''&lt;sub&gt;3&lt;/sub&gt;
===Cognatos===
{{tradini}}
* {{trad|ban|bawi}}
* {{trad|ceb|baboy|babuy}}
* {{trad|ilo|babuy}}
{{tradmeio}}
* {{trad|ilk|bebuy}}
* {{trad|jv|babi}}
{{tradfim}}
==Ver também==
===No Wikcionário===
{{verTambém.Ini}}
* {{link opcional|fo'er}}
* {{link opcional|hakiak}}
{{verTambém.Fim}}
==Ligações externas==
===Referências===
{{verTambém.Ini}}
* &lt;span style=&quot;color:#555;&quot;&gt;(em inglês)&lt;/span&gt; ''[http://www.trussel2.com/acd/acd-l_T.htm#Tetun Austronesian Comparative Dictionary]''
* ''[https://web.archive.org/web/20130509022627/http://pascal.iseg.utl.pt/~cesa/tetum%20port.pdf Dicionário Tétum-Português]''
* &lt;span style=&quot;color:#555;&quot;&gt;(em tétum)&lt;/span&gt; “[http://www.timoraid.org/cp-dictionary-b.php?wordID=2307&amp;wordstring=fahi fahi]” no ''Tetun National Dictionary'' (''Timor Aid'')
* &lt;span style=&quot;color:#555;&quot;&gt;(em inglês)&lt;/span&gt; ''[http://www.tetundit.tl/Publications.html#Tetun_dictionaries_and_glossaries Word-finder Tetun/English]''
{{verTambém.Fim}}
{{categorias|{{tet}}|Substantivo|Dissílabo|Entrada com imagem}}
={{-to-}}=
==Verbo==
'''fa.hi'''
# [[partir]]; [[dividir]]
# [[cortar]] em [[dois]]
# [[carnear]]; [[abater]] um [[animal]]
===Locuções e expressões===
* '''fale fahi pulu''': [[açougue]]
* '''pulu fahi''': [[carne]] {{o/a|bovin}}
===Termos derivados===
{{verTambém.Ini}}
* {{link opcional|fahifahi|to}}
* {{link opcional|femafahi|to}}
{{verTambém.Fim}}
=={{etimologia|to}}==
:Do {{link opcional|protopolinésio}} *''wawahi'' (&quot;dividir&quot;) ou do {{link opcional|protopolinésio}} *''fasi'' (&quot;[[bater]]&quot;; &quot;[[matar]]&quot;).
===Cognatos===
{{tradini|Cognatos de ''fahi'' (*''wawahi'')}}
* {{trad|haw|wahi}}
* [[marquesano|Marquesano]] : {{t+|mrq|vavahi}}
* {{trad|pau|vahi}}
{{tradmeio}}
* {{trad|rar|vai}} (''dialeto de Mangaia'')
* {{trad|sm|fasi}}
* {{trad|ty|vahi}}
{{tradfim}}
{{tradini|Cognatos de ''fahi'' (*''fasi'')}}
* {{trad|rtm|pạsi}}
* {{trad|to|fahi}}
{{tradmeio}}
* {{trad|tkl|fahioti}}
{{tradfim}}
==Ver também==
===No Wikcionário===
{{verTambém.Ini}}
* {{link opcional|faji|to}}
* {{link opcional|paru|to}}
{{verTambém.Fim}}
==Ligações externas==
===Referências===
{{verTambém.Ini}}
* &lt;span style=&quot;color:#555;&quot;&gt;(em inglês)&lt;/span&gt; “[http://pollex.shh.mpg.de/search/?field=entry&amp;query=fahi fahi]” no ''Polynesian Lexicon Project Online''
* Rabone, S.. ''[http://books.google.com.br/books?id=bqASAAAAIAAJ A vocabulary of the Tonga language]''. Vavau, Tonga: ''Wesleyan Mission Press'' , 1845.
* &lt;span style=&quot;color:#555;&quot;&gt;(em inglês)&lt;/span&gt; ''[http://www.freelang.net/online/tongan.php Tongan-English-Tongan online dictionary]'' (''Freelang'')
* Tregear, E.. ''[http://nzetc.victoria.ac.nz/tm/scholarly/tei-TreMaor-c1-14.html Maori-Polynesian Comparative Dictionary]''. Christchurch: ''Whitcome and Tombs'', 1891.
{{verTambém.Fim}}
{{categorias|{{to}}|Verbo|Dissílabo}}
={{-wls-}}=
==Verbo==
'''fa.hi'''
# [[cortar]]
===Sinônimos===
* {{link opcional|hele|wls}}, {{link opcional|ihi|wls}}, [[kamu#{{wls}}|kamu]], {{link opcional|tu'u|wls}}
=={{etimologia|wls}}==
:Do {{link opcional|proto-oceânico}} *''fasi''/*''faasi''/*''faqasi''.
===Cognatos===
{{tradini|Cognatos de ''fahi''}}
* {{trad|rtm|pạsi}}
* {{trad|to|fahi}}
{{tradfim}}
==Ver também==
===No Wikcionário===
{{verTambém.Ini}}
* {{link opcional|hele|wls}}
* {{link opcional|hoka|wls}}/{{link opcional|huka|wls}}
{{verTambém.NovaColuna|50}}
* {{link opcional|ta'aga|wls}}
* [[toki#{{wls}}|toki]]
{{verTambém.Fim}}
==Ligações externas==
===Referências===
{{verTambém.Ini}}
* &lt;span style=&quot;color:#555;&quot;&gt;(em inglês)&lt;/span&gt; “[http://pollex.shh.mpg.de/search/?field=entry&amp;query=fahi fahi]” no ''Polynesian Lexicon Project Online''
* &lt;span style=&quot;color:#555;&quot;&gt;(em inglês)&lt;/span&gt; ''[https://web.archive.org/web/20160413134509/http://wiki.verbix.com/Languages/Wallisian Wallisian]'' (''Verbix Languages'')
{{verTambém.Fim}}
{{categorias|{{wls}}|Verbo|Dissílabo}}</text>
<sha1>3z7fdskgloyu5oxu4oirmk6wuvh0j3i</sha1>
</revision>
