<page>
<title>fahl</title>
<ns>0</ns>
<id>14407</id>
<revision>
<id>2347553</id>
<parentid>2102864</parentid>
<timestamp>2017-05-01T19:32:54Z</timestamp>
<contributor>
<username>HydrizBot</username>
<id>29590</id>
</contributor>
<minor />
<comment>Robô: A limpar links interwikis antigos</comment>
<model>wikitext</model>
<format>text/x-wiki</format>
<text bytes="165" xml:space="preserve">={{-de-}}=
==Adjetivo==
{{decl.de.adj.grau|
normal=fahl
|comparativo=fahler
|superlativo=am fahlsten
}}
'''fahl'''
# [[pálido]].
[[Categoria:Adjetivo_(Alemão)]]</text>
<sha1>d61kubmbjw55fo0v6ag3pmnx0g6rtbj</sha1>
</revision>
</page>
