<page>
<page>
<title>faho</title>
<ns>0</ns>
<id>51909</id>
<revision>
<id>2347554</id>
<parentid>1306842</parentid>
<timestamp>2017-05-01T19:32:56Z</timestamp>
<contributor>
<username>HydrizBot</username>
<id>29590</id>
</contributor>
<minor />
<comment>Robô: A limpar links interwikis antigos</comment>
<model>wikitext</model>
<format>text/x-wiki</format>
<text bytes="75" xml:space="preserve">={{-tet-}}=
==Verbo==
'''faho'''
# [[mondar]]
[[Categoria:Verbo (Tétum)]]</text>
<sha1>ka4ub27r2shndbgzhjrmqq6mpgbj5b0</sha1>
</revision>
