<page>
<page>
<title>Fahrkarte</title>
<ns>0</ns>
<id>33669</id>
<revision>
<id>2268863</id>
<parentid>1941007</parentid>
<timestamp>2017-04-26T17:25:51Z</timestamp>
<contributor>
<username>HydrizBot</username>
<id>29590</id>
</contributor>
<minor />
<comment>Robô: A limpar links interwikis antigos</comment>
<model>wikitext</model>
<format>text/x-wiki</format>
<text bytes="181" xml:space="preserve">={{-de-}}=
==Substantivo==
{{decl.de.subst.fraca.fem|ns=Fahrkarte|np=Fahrkarten}}
'''Fahr.kar.te''', ''feminino''
# [[bilhete]], [[passagem]].
[[Categoria:Substantivo_(Alemão)]]</text>
<sha1>alniqyxj7jytca9e05qkxi5xondwvai</sha1>
</revision>
