<page>
<title>Fahrrad</title>
<ns>0</ns>
<id>37764</id>
<revision>
<id>2268864</id>
<parentid>2048428</parentid>
<timestamp>2017-04-26T17:25:58Z</timestamp>
<contributor>
<username>HydrizBot</username>
<id>29590</id>
</contributor>
<minor />
<comment>Robô: A limpar links interwikis antigos</comment>
<model>wikitext</model>
<format>text/x-wiki</format>
<text bytes="183" xml:space="preserve">={{-de-}}=
==Substantivo==
{{decl.de.subst.forte.neu.date|ns=Fahrrad|np=Fahrräder|gs=Fahrrad(e)s}}
'''Fahr.rad''', ''neutro''
# [[bicicleta]].
[[Categoria:Substantivo_(Alemão)]]</text>
<sha1>8p0q0bf6nk9zsk7ovogrttowo395wca</sha1>
</revision>
</page>
