<page>
<page>
<title>fai</title>
<ns>0</ns>
<id>16415</id>
<revision>
<id>2477088</id>
<parentid>2477087</parentid>
<timestamp>2018-01-13T14:39:15Z</timestamp>
<contributor>
<username>Imivorn</username>
<id>64513</id>
</contributor>
<comment>/* {{-mwl-}} */</comment>
<model>wikitext</model>
<format>text/x-wiki</format>
<text bytes="820" xml:space="preserve">={{-gl-}}=
==Forma verbal==
'''fai'''
# flexão do verbo [[facer]]
[[Categoria:Forma verbal (Galego)]]
={{-it-}}=
==Forma verbal==
'''fai'''
# flexão do verbo [[fare]]
[[Categoria:Forma verbal (Italiano)]]
={{-mwl-}}=
==Forma verbal==
{{oxítona|fai|língua=mwl}}
# [[terceira pessoa]] do [[singular]] no [[presente]] do [[indicativo]] de [[fazer#{{mwl}}|fazer]]
# [[segunda pessoa]] do singular do [[imperativo]] de fazer
==={{-varort-}}===
* {{link opcional|faç|mwl}}
{{avi-for-fle|fazer}}
[[Categoria:Forma verbal (Mirandês)]]
={{-rm-}}=
==Substantivo==
'''fai'''
# [[fé]]
[[Categoria:Substantivo (Romanche)]]
={{-sro-}}=
==Verbo==
'''fai'''
# [[fazer]]
[[Categoria:Verbo (Sardo Campidanês)]]
={{-tet-}}=
==Verbo==
'''fai'''
# [[amassar]]; [[amachucar]]; [[esmagar]]
[[Categoria:Verbo (Tétum)]]</text>
<sha1>c00wrikwwsq6m4n8ovwlmi6zzd96lq0</sha1>
</revision>
