<page>
<title>faiar</title>
<ns>0</ns>
<id>268326</id>
<revision>
<id>1459096</id>
<parentid>1459089</parentid>
<timestamp>2012-09-07T15:27:47Z</timestamp>
<contributor>
<username>Cpls</username>
<id>20608</id>
</contributor>
<comment>/* No Wikcionário */</comment>
<model>wikitext</model>
<format>text/x-wiki</format>
<text bytes="436" xml:space="preserve">={{-pt-}}=
==Verbo==
{{oxítona|fai|ar}}
# [[intercalar]], escrever entre linhas
# {{escopo|Galiza}} fazer o telhado com [[faia]]s, fazer o [[teito]] com tábuas de madeira, construir o [[faiado]]
===Conjugação===
{{conj/pt|fai|ar}}
==Ver também==
===No Wikcionário===
{{verTambém.Ini}}
* [[faia]]
{{verTambém.NovaColuna}}
* [[faial]]
{{verTambém.Fim}}
[[Categoria:Verbo (Português)]]
[[Categoria:Regionalismo (Português)]]</text>
<sha1>idl4u9mm3j6urycil16f74sruyuc9k7</sha1>
</revision>
</page>
