<page>
<page>
<title>faial</title>
<ns>0</ns>
<id>268330</id>
<revision>
<id>2347559</id>
<parentid>1201860</parentid>
<timestamp>2017-05-01T19:33:06Z</timestamp>
<contributor>
<username>HydrizBot</username>
<id>29590</id>
</contributor>
<minor />
<comment>Robô: A limpar links interwikis antigos</comment>
<model>wikitext</model>
<format>text/x-wiki</format>
<text bytes="352" xml:space="preserve">={{-pt-}}=
==Substantivo==
{{flex.pt|ms=faial|mp=faiais}}
{{oxítona|fai|al}}
# lugar onde há [[faia]]s, bosque de faias
# {{escopo|Trás-os-Montes}} lugar abrupto, [[despenhadeiro]]
==Ver também==
===No Wikcionário===
{{verTambém.Ini}}
* [[faiar]]
{{verTambém.NovaColuna}}
* [[faiados]]
{{verTambém.Fim}}
[[Categoria:Substantivo (Português)]]</text>
<sha1>o2jlp3nipfxu68ysbuotvy6ekbm79wi</sha1>
</revision>
