<page>
<title>faiados</title>
<ns>0</ns>
<id>268331</id>
<revision>
<id>1207162</id>
<parentid>1068123</parentid>
<timestamp>2011-07-10T03:26:00Z</timestamp>
<contributor>
<username>MalafayaBot</username>
<id>628</id>
</contributor>
<minor />
<comment>Robô: Substituição de texto automática (-^\=\s?Português\s?\= +={{-pt-}}= &amp; -^\=\s?\{\{pt\}\}\s?\= +={{-pt-}}=)</comment>
<model>wikitext</model>
<format>text/x-wiki</format>
<text bytes="323" xml:space="preserve">={{-pt-}}=
==Substantivo==
{{flex.pt|ms=faiados|mp=faiados}}
{{paroxítona|fai|a|dos}}
# {{escopo|Trás-os-Montes}} parede de madeira que divide os quartos
==Ver também==
===No Wikcionário===
{{verTambém.Ini}}
* [[faiado]]
{{verTambém.NovaColuna}}
* [[faial]]
{{verTambém.Fim}}
[[Categoria:Substantivo (Português)]]</text>
<sha1>szqtoh7mipj3tb9a8xv1h9958dr935q</sha1>
</revision>
</page>
