<page>
<page>
<title>fainéant</title>
<ns>0</ns>
<id>165487</id>
<revision>
<id>2690527</id>
<parentid>2472213</parentid>
<timestamp>2022-10-27T00:37:04Z</timestamp>
<contributor>
<username>InternetArchiveBot</username>
<id>81604</id>
</contributor>
<comment>Rescuing 1 sources and tagging 0 as dead.) #IABot (v2.0.9.2</comment>
<model>wikitext</model>
<format>text/x-wiki</format>
<text bytes="2751" xml:space="preserve">={{-fr-}}=
==Adjetivo==
{{flex.fr|ms=fainéant|mp=fainéants|fs=fainéante|fp=fainéantes|ms-div=fai.né.ant|mp-div=fai.né.ants|fs-div=fai.né.ante|fp-div=fai.né.antes}}
'''fai.né.ant'''
# [[folgado]], [[preguiçoso]], [[indolente]]:
#* ''enfant '''fainéant''''' &lt;small&gt;(criança preguiçosa)&lt;/small&gt;
===Antônimos===
* {{link preto|actif|fr}}, {{link preto|travailleur}}
===Sinônimos===
{{fraseini|Sinónimos de ''fainéant''}}
* {{escopo2|coloquial}} {{link preto|cossard}}
* {{escopo2|coloquial}} {{link preto|flemmard}}
{{verTambém.NovaColuna|25}}
* {{link preto|faignant}}
* {{link preto|feignant}}
{{verTambém.NovaColuna|25}}
* [[paresseux]]
* {{link preto|passif}}
{{verTambém.NovaColuna|25}}
* {{link preto|procrastinateur}}
* {{escopo2|pejorativo}} {{link preto|tire-au-cul}}
{{frasefim}}
==Substantivo==
{{flex.fr|ms=fainéant|mp=fainéants|fs=fainéante|fp=fainéantes|ms-div=fai.né.ant|mp-div=fai.né.ants|fs-div=fai.né.ante|fp-div=fai.né.antes}}
'''fai.né.ant''', {{gramática|m}}
# [[indivíduo]] {{l.s.|folgado}}, {{l.s.|preguiçoso}}, {{l.s.|indolente}}:
#* ''Dans ce pays, on ne souffre point de '''fainéants'''.'' &lt;small&gt;(Neste país, não se admite indolentes.)&lt;/small&gt;
===Antônimos===
* {{link preto|travailleur}}, {{escopo2|coloquial}} {{link preto|bucheur}}
===Sinônimos===
{{fraseini|Sinónimos de ''fainéant''}}
* {{escopo2|gíria, pejorativo}} {{link preto|branleur}}
* {{escopo2|coloquial}} {{link preto|cossard}}
* {{escopo2|coloquial}} {{link preto|flemmard}}
{{verTambém.NovaColuna|25}}
* {{escopo2|gíria, pejorativo}} {{link preto|glandeur}}
* {{link preto|faignant}}
* {{link preto|feignant}}
{{verTambém.NovaColuna|25}}
* [[paresseux]]
* {{link preto|passif}}
* {{link preto|procrastinateur}}
{{verTambém.NovaColuna|25}}
* {{escopo2|pejorativo}} {{link preto|tire-au-cul}}
* {{escopo2|coloquial}} {{link preto|tire-au-flanc}}
{{frasefim}}
=={{etimologia|fr}}==
: {{escopo|Morfologia}} {{etimo|fr|fait}} + {{etimo|fr|néant}}, &quot;[[fazer|faz]]-{{l.s.|nada|Pronome}}&quot;.
:* '''Datação''': [[w:1306|1306]]
=={{pronúncia|fr}}==
* [[AFI]]: {{AFI|/fɛ.ne.ɑ̃/}}
* [[X-SAMPA]]: /fE.ne.A~/
==Ver também==
===No Wikcionário===
{{verTambém.Ini}}
* [[acagnarder]]
* [[rien#{{fr}}|rien]]
* {{link preto|travailler}}
{{verTambém.Fim}}
===Referências===
{{verTambém.Ini}}
* [http://www.cnrtl.fr/definition/{{PAGENAME}}/1 ''{{PAGENAME}}'' no CNRTL (em francês)]
* [https://web.archive.org/web/20110820105711/http://www.mediadico.com/dictionnaire/definition/api/1 ''{{PAGENAME}}'' no MEDIADICO (em francês)]
{{verTambém.Fim}}
[[Categoria:Adjetivo (Francês)]]
[[Categoria:Substantivo (Francês)]]
[[Categoria:Trissílabo (Francês)]]
[[Categoria:Século XIV (Francês)]]
{{DEFAULTSORT:faineant}}</text>
<sha1>6qrtvifpjyd7jno68zp9d2on4qluiyk</sha1>
</revision>
