<page>
<page>
<title>Faina</title>
<ns>0</ns>
<id>141747</id>
<revision>
<id>2268866</id>
<parentid>2037185</parentid>
<timestamp>2017-04-26T17:26:02Z</timestamp>
<contributor>
<username>HydrizBot</username>
<id>29590</id>
</contributor>
<minor />
<comment>Robô: A limpar links interwikis antigos</comment>
<model>wikitext</model>
<format>text/x-wiki</format>
<text bytes="242" xml:space="preserve">={{-pt-}}=
{{Wikipédia}}
==Substantivo==
'''Faina''' {{pr}}
#[[município]] [[brasileiro]] do [[estado]] de [[Goiás]]
==Ver também==
*[[Apêndice:Municípios do estado de Goiás]]
[[Categoria:Município do estado de Goiás (Português)]]</text>
<sha1>fbzm3h1vecu7hx29bpqluhk4ysb77dz</sha1>
</revision>
