<page>
<page>
<title>fainto</title>
<ns>0</ns>
<id>396123</id>
<revision>
<id>2503166</id>
<timestamp>2018-05-17T16:26:56Z</timestamp>
<contributor>
<username>Cpls</username>
<id>20608</id>
</contributor>
<comment>[[Ajuda:Guia de edição/Menus e ferramentas/Sumário de edição|→]] nova página: ={{-gl-}}= ==Substantivo== {{flex.gl|ms=fainto|mp=fainto}} {{paroxítona|fa|in|to|lang=gl}}, {{g|m|lang=gl}}...</comment>
<model>wikitext</model>
<format>text/x-wiki</format>
<text bytes="383" xml:space="preserve">={{-gl-}}=
==Substantivo==
{{flex.gl|ms=fainto|mp=fainto}}
{{paroxítona|fa|in|to|lang=gl}}, {{g|m|lang=gl}}
# {{escopo|gl|Planta}} [[feto]] em geral, especificamente o ''[[species:Pteridium aquilinum|Pteridium aquilinum]]''
===Sinónimos===
* Vide em [[folgueiro#Galego|folgueiro]]
=={{etimologia|gl}}==
: Cognato de ''[[fento#Galego|fento]]''.
[[Categoria:Substantivo (Galego)]]</text>
<sha1>q9no5m13ktb6uhg4vv13ru3k431uhh0</sha1>
</revision>
