<page>
<title>faina</title>
<ns>0</ns>
<id>87260</id>
<revision>
<id>2620968</id>
<parentid>2496708</parentid>
<timestamp>2021-02-01T23:04:36Z</timestamp>
<contributor>
<username>MarxavBot</username>
<id>80155</id>
</contributor>
<minor />
<comment>AFI Portugal</comment>
<model>wikitext</model>
<format>text/x-wiki</format>
<text bytes="826" xml:space="preserve">={{-pt-}}=
==Substantivo==
{{flex.pt|fs=faina|fp=fainas}}
{{paroxítona|fai|na}}, ''feminino''
# [[trabalho]] [[forçado]] ou [[aturado]]
# [[lida]]
# [[serviço]] a [[bordo]] de um [[navio]]
===Sinônimos===
* [[azáfama]]
=={{pronúncia|pt}}==
===Portugal===
* AFI: {{AFI|/ˈfaj.nɐ/}}
[[Categoria:Substantivo (Português)]]
={{-gl-}}=
==Substantivo&lt;sup&gt;1&lt;/sup&gt;==
{{flex.gl|fs=faina|fp=fainas}}
{{paroxítona|fa|i|na|lang=gl}}, {{g|f|lang=gl}}
# [[faina#{{gl}}|faina]]
==={{-varort-}}===
* [[faína#{{gl}}|faína]]
===Sinónimo===
* [[faenda#{{gl}}|faenda]]
==={{pronúncia|gl}}===
* [[AFI]]: /fa.'i.na/
==Substantivo&lt;sup&gt;2&lt;/sup&gt;==
{{flex.gl|fs=faina|fp=fainas}}
{{paroxítona|fai|na|lang=gl}}, {{g|f|lang=gl}}
# [[fatia]] muito fina
==={{pronúncia|gl}}===
* [[AFI]]: /'fai.na/
[[Categoria:Substantivo (Galego)]]</text>
<sha1>81v5h07ngss2buhbxejsyah5a1qwh1y</sha1>
</revision>
</page>
