<page>
<page>
<title>fairo</title>
<ns>0</ns>
<id>248278</id>
<revision>
<id>2347575</id>
<parentid>2234424</parentid>
<timestamp>2017-05-01T19:36:57Z</timestamp>
<contributor>
<username>HydrizBot</username>
<id>29590</id>
</contributor>
<minor />
<comment>Robô: A limpar links interwikis antigos</comment>
<model>wikitext</model>
<format>text/x-wiki</format>
<text bytes="500" xml:space="preserve">[[Imagem:Fire02.jpg|thumb|180px|right|&lt;center&gt;fairo&lt;/center&gt;]]
={{-io-}}=
==Substantivo==
'''fa.{{grifar|i}}.ro'''
# [[fogo]].
===Declinação===
{{decl.io.subst|fair}}
=={{etimologia|io}}==
:Do [[esperanto]] {{etimo|eo|fajro}}.
{{etimo.io|fajr|-o}}
=={{pronúncia}}==
* [[AFI]]: {{AFI|/fa.ˈi.rɔ/}}.
[[Categoria:Substantivo (Ido)]]
[[Categoria:Trissílabo (Ido)]]
[[Categoria:Entrada de étimo esperanto (Ido)]]
[[Categoria:Entrada com pronúncia (Ido)]]
[[Categoria:Entrada com imagem (Ido)]]</text>
<sha1>msz6cl9axxkyby4dty7ebingvtnibiz</sha1>
</revision>
