<page>
<title>faiscar</title>
<ns>0</ns>
<id>360665</id>
<revision>
<id>2474903</id>
<parentid>2347578</parentid>
<timestamp>2018-01-06T14:03:20Z</timestamp>
<contributor>
<username>Imivorn</username>
<id>64513</id>
</contributor>
<comment>/* {{-pt-}} */</comment>
<model>wikitext</model>
<format>text/x-wiki</format>
<text bytes="692" xml:space="preserve">={{-pt-}}=
==Verbo==
{{oxítona|fa|is|car}}
# saltarem pequenos fragmentos [[incandescente]]s, lançar [[faísca]]s
# [[procurar]] grãos de ouros
# [[cintilar]]
===Tradução===
{{tradini}}
* {{trad|mwl|chiçpar}}
{{tradmeio}}
{{tradfim}}
=={{etimologia|pt}}==
: {{escopo|Morfologia}} De [[faísca]] + [[-ar]].
[[Categoria:Verbo (Português)]]
={{-gl-}}=
==Verbo==
{{oxítona|fa|is|car|lang=gl}}
# [[faiscar#Português|faiscar]], lançar [[faísca]]s
# produzir [[cinza]]
# {{escopoCat|Meteorologia|gl}} [[chuviscar]]
# {{escopoCat|Meteorologia|gl}} [[nevar]] poucos e pequenos flocos
=={{etimologia|gl}}==
: {{escopo|Morfologia}} De [[faísca]] + [[-ar]].
[[Categoria:Verbo (Galego)]]</text>
<sha1>r2eh4m11ge56u2xn1x820te3dt911iv</sha1>
</revision>
</page>
