<page>
<page>
<title>faisão</title>
<ns>0</ns>
<id>11055</id>
<revision>
<id>2642974</id>
<parentid>2614515</parentid>
<timestamp>2021-07-18T10:12:27Z</timestamp>
<contributor>
<username>Amigo7</username>
<id>58547</id>
</contributor>
<comment>Resolvendo problemas de lint</comment>
<model>wikitext</model>
<format>text/x-wiki</format>
<text bytes="1497" xml:space="preserve">{{Wikipédia}}
[[Image:Male and female pheasant.jpg|250px|right|thumb|{{centro|Faisões}}]]
={{-pt-}}=
==Substantivo==
{{flex.pt|ms=faisão|mp=faisões|mp2=faisães|fs=faisã|fp=faisãs|fs2=faisoa|fp2=faisoas}}
{{oxítona|fai|são}}
# nome vulgar de [[ave]]s galináceas pertencentes à família dos Fasianídeos que apresentam plumagem de grande beleza; seu nome científico é ''Phasianus colchicus''
===Verbetes derivados===
* [[faisão-dourado]]: ''Chrysolophus pictus'';
* [[faisão-venerado]]: ''Syrmaticus reevesii'';
* [[faisão de Lady Amherst]]: ''Chrysolophus amherstiae''.
===Tradução===
{{tradini}}
* {{trad|br|fazan}}
* {{trad|bg|фазан}}
* {{trad|ca|faisà}}
* {{trad|cs|bažant}}
* {{trad|zh|雉鸡}}
* {{trad|ko|꿩류}}
* {{trad|hr|fazan}}
* {{trad|sco|pheisant}}
* {{trad|es|faisán}}
* {{trad|eo|fazano}}
* {{trad|fi|fasaani}}
* {{trad|fr|faisan}}
* {{trad|gd|easag}}
{{tradmeio}}
* {{trad|ka|ხოხობი}} (khokhobi)
* {{trad|el|φασιανός}}
* {{trad|he|פסיונים}}
* {{trad|hu|fácánformák}}
* {{trad|io|fazano}}
* {{trad|id|burung pegar}}
* {{trad|en|pheasant}}
* {{trad|ga|piasún}}
* {{trad|it|fagiano}}
* {{trad|ro|fazan}}
* {{trad|ru|фаза́н}}
* {{trad|tr|sülün}}
* {{trad|ur|تیتر}}
{{tradfim}}
=={{etimologia|pt}}==
: Do latim ''phasianus''.
=={{pronúncia|pt}}==
===Portugal===
* AFI: {{AFI|/faj.ˈzɐ̃w̃/}}
[[Categoria:Substantivo (Português)]]
[[Categoria:Ave (Português)]]
[[Categoria:Entrada com imagem (Português)]]</text>
<sha1>446whwg1gx2l2zpgigr152fxjom9b09</sha1>
</revision>
