<page>
<title>faisoa</title>
<ns>0</ns>
<id>363414</id>
<revision>
<id>2161071</id>
<timestamp>2016-08-19T23:54:50Z</timestamp>
<contributor>
<username>Jéssica S. Ciqueira</username>
<id>53180</id>
</contributor>
<comment>[[Ajuda:Guia de edição/Menus e ferramentas/Sumário de edição|→]] nova página: ={{-pt-}}= ==Forma de substantivo== {{flex.pt|fs=faisoa|fp=faisoas}} {{paroxítona|fai|so|a}}, {{gramática|f...</comment>
<model>wikitext</model>
<format>text/x-wiki</format>
<text bytes="194" xml:space="preserve">={{-pt-}}=
==Forma de substantivo==
{{flex.pt|fs=faisoa|fp=faisoas}}
{{paroxítona|fai|so|a}}, {{gramática|f|s}}
# forma feminina de [[faisão]]
[[Categoria:Forma de substantivo (Português)]]</text>
<sha1>crhh3vmzt1ajkc74prd9vdxskk83pus</sha1>
</revision>
</page>
