<page>
<page>
<title>faith</title>
<ns>0</ns>
<id>379815</id>
<revision>
<id>2416892</id>
<timestamp>2017-06-11T21:46:50Z</timestamp>
<contributor>
<username>Tribuno da Plebe</username>
<id>16095</id>
</contributor>
<comment>[[Ajuda:Guia de edição/Menus e ferramentas/Sumário de edição|→]] nova página: ={{-en-}}= ==Substantivo== '''faith''' {{flex.en|s=faith|p=faiths}}  # [[fé]]  ==={{etimologia|en}}=== {{lli...</comment>
<model>wikitext</model>
<format>text/x-wiki</format>
<text bytes="384" xml:space="preserve">={{-en-}}=
==Substantivo==
'''faith'''
{{flex.en|s=faith|p=faiths}}
# [[fé]]
==={{etimologia|en}}===
{{llietimo|la|fides|en}}
==={{pronúncia|en}}===
* [[AFI]]: {{IPA|/feɪθ/|lang=en}}
* {{audio|en-us-faith.ogg|Audio (US)|lang=en}}
===Sinônimos===
* [[belief]]
* [[confidence]]
* [[trust]]
* [[conviction]]
[[Categoria:Religião (Inglês)]]
[[Categoria:Substantivo (Inglês)]]</text>
<sha1>qjapwl9britsrvinjpju3mj1hfzl2p3</sha1>
</revision>
