<page>
<title>faixa</title>
<ns>0</ns>
<id>4401</id>
<revision>
<id>2626814</id>
<parentid>2347582</parentid>
<timestamp>2021-03-16T12:46:08Z</timestamp>
<contributor>
<username>Cpls</username>
<id>20608</id>
</contributor>
<comment>/* {{-pt-}} */</comment>
<model>wikitext</model>
<format>text/x-wiki</format>
<text bytes="1629" xml:space="preserve">={{-pt-}}=
[[imagem:Karate belt.jpg|thumb]]
==Substantivo==
{{flex.gl|fs=faixa|fp=faixas}}
{{paroxítona|fai|xa}} {{f}} {{datação|século XIV}}
# [[tira]] de [[tecido]], ou de [[outro]] [[material]], [[apropriado|apropriada]] [[para]] [[cingir]] a [[cintura]]
# [[tudo]] o [[que]] [[possuir|possui]] a [[forma]] de [[listra]] ou de [[tira]]
#:'''Observação:'''   Não confundir com  ''[[facha]]''
# série de listras pintadas no pavimento de uma rua que marca a área de passagem para a travessia de pedestres
#* ''Para a sua segurança ao andar pela cidade, sempre atravesse na '''faixa'''.''
# {{escopo|pt|Trás-os-Montes}} [[molho]] de erva, palha....
===Sinônimos===
*De '''3''': [[faixa de pedestres]]
===Expressões===
* '''[[faixa de pedestre]]'''
* '''[[faixa de rodagem]]''': parte da estrada ou da rua apropriada para a circulação de veículos.
* '''[[faixa de terreno]]''': terreno estreito e comprido.
* '''[[na faixa]]''':
=={{etimologia|pt}}==
: Do latim {{etimo|la|fascia}} (tira).
==Ver também==
===No Wikcionário===
* [[refaixo]]
[[Categoria:Substantivo (Português)]]
={{-gl-}}=
==Substantivo==
{{flex.gl|fs=faixa|fp=faixas}}
{{paroxítona|fai|xa|lang=gl}}, {{f}}
# [[faixa#Português|faixa]], [[tira]] para cingir a cintura
# [[faixa#Português|faixa]], aquilo que tem [[forma]] de tira
# {{escopo|gl|Planta}} alga, [[alface-do-mar]] da espécie ''[[species:Laminaria ochroleuca|Laminaria ochroleuca]]'', ''[[species:Saccharina latissima|Saccharina latissima]]'' e ''[[species:Ulva lactuca|Ulva lactuca]]
=={{etimologia|gl}}==
{{llietimo|la|fascia|gl||tira}}
[[Categoria:Substantivo (Galego)]]</text>
<sha1>cdprhpo6j938mtzidue2dqbg8djvpnz</sha1>
</revision>
</page>
