<page>
<title>faiúsca</title>
<ns>0</ns>
<id>376404</id>
<revision>
<id>2255582</id>
<parentid>2255581</parentid>
<timestamp>2017-03-24T21:33:21Z</timestamp>
<contributor>
<username>Cpls</username>
<id>20608</id>
</contributor>
<comment>/* {{etimologia|gl}} */</comment>
<model>wikitext</model>
<format>text/x-wiki</format>
<text bytes="348" xml:space="preserve">={{-gl-}}=
==Substantivo==
{{flex.gl|fs=faiúsca|fp=faiúscas}}
{{paroxítona|fai|ús|ca|lang=gl}}, {{g|f|lang=gl}}
# [[apara]]
# [[faísca]], pavesa
=={{etimologia|gl}}==
: Do germânico ''*falwiskan''; confronte-se com ''[[faísca#{{gl}}|faísca]]'' e ''[[faúsca#{{gl}}|faúsca]]'', ''[[faia#{{gl}}|faia]]''.
[[Categoria:Substantivo (Galego)]]</text>
<sha1>ayf7wkz56qwxk50i21mkse5humwg8ji</sha1>
</revision>
</page>
