<page>
<title>fajrobrigadisto</title>
<ns>0</ns>
<id>247924</id>
<revision>
<id>2582954</id>
<parentid>2347585</parentid>
<timestamp>2020-03-21T01:10:01Z</timestamp>
<contributor>
<username>ValJor</username>
<id>1358</id>
</contributor>
<comment>Verbete [[:Categoria:!Página com idioma não informado em Predefinição:etimologia|sem indicação do idioma na seção de etimologia]]</comment>
<model>wikitext</model>
<format>text/x-wiki</format>
<text bytes="748" xml:space="preserve">[[Imagem:Car crash in Downtown Saragossa.jpg|thumb|right|250px|&lt;center&gt;Bombeiros&lt;/center&gt;]]
={{-eo-}}=
==Substantivo==
'''faj.ro.bri.ga.{{grifar|dis}}.to'''
# [[bombeiro]]
===Declinação===
{{decl.eo.subst}}
==Sinônimos==
{{verTambém.Ini}}
* {{link opcional|fajroestingisto|eo}}
* {{link opcional|fajrobrigadano|eo}}
* {{link opcional|pumpisto|eo}}
{{verTambém.Fim}}
===Verbetes derivados===
{{verTambém.Ini}}
* {{link opcional|fajro|eo}}
* {{link opcional|fajrero|eo}}
{{verTambém.Fim}}
=={{etimologia|eo}}==
{{etimo.eo|fajr|-o|brigad|-ist-|-o}}
=={{pronúncia|eo}}==
* [[AFI]]: {{AFI|/faj.ɾo.bri.ga.ˈdis.to/}}
[[Categoria:Substantivo (Esperanto)]]
[[Categoria:Polissílabo (Esperanto)]]
[[Categoria:Entrada com imagem (Esperanto)]]</text>
<sha1>8gi1k8z2lmag0lib46qrajdp2bmd6cm</sha1>
</revision>
</page>
