<page>
<title>fajrero</title>
<ns>0</ns>
<id>240799</id>
<revision>
<id>2347583</id>
<parentid>2179324</parentid>
<timestamp>2017-05-01T19:39:04Z</timestamp>
<contributor>
<username>HydrizBot</username>
<id>29590</id>
</contributor>
<minor />
<comment>Robô: A limpar links interwikis antigos</comment>
<model>wikitext</model>
<format>text/x-wiki</format>
<text bytes="258" xml:space="preserve">={{-eo-}}=
==Substantivo==
'''faj.{{grifar|re}}.ro'''
# [[fagulha]], [[faísca]], [[centelha]]
===Declinação===
{{decl.eo.subst}}
=={{etimologia|eo}}==
{{etimo.eo|fajr|-er-|-o}}
[[Categoria:Substantivo (Esperanto)]]
[[Categoria:Trissílabo (Esperanto)]]</text>
<sha1>50gd7gy6t1w5wxjxl1wi8gsdl3rpx5b</sha1>
</revision>
</page>
