<page>
<title>fajro</title>
<ns>0</ns>
<id>240792</id>
<revision>
<id>2347584</id>
<parentid>2239853</parentid>
<timestamp>2017-05-01T19:39:42Z</timestamp>
<contributor>
<username>HydrizBot</username>
<id>29590</id>
</contributor>
<minor />
<comment>Robô: A limpar links interwikis antigos</comment>
<model>wikitext</model>
<format>text/x-wiki</format>
<text bytes="631" xml:space="preserve">[[Imagem:Fire02.jpg|thumb|210px|right|&lt;center&gt;fajro&lt;/center&gt;]]
={{-eo-}}=
==Substantivo==
'''{{grifar|faj}}.ro'''
# [[fogo]].
===Declinação===
{{decl.eo.subst}}
=={{etimologia|eo}}==
:Do [[inglês]] {{etimo|en|fire}}.
{{etimo.eo|fajr|-o}}
=={{pronúncia|eo}}==
* [[AFI]]: {{AFI|/ˈfaj.ɾo/}}.
===Termos derivados===
{{verTambém.Ini}}
* {{link opcional|fajrero|eo}}
{{verTambém.NovaColuna}}
* {{link opcional|fajrujo|eo}}
{{verTambém.NovaColuna}}
* {{link opcional|fajroestingisto|eo}}
{{verTambém.Fim}}
{{categorias|{{nome categoria|eo}}|Substantivo|Dissílabo|Paroxítona|Entrada de étimo inglês|Entrada com imagem}}</text>
<sha1>p8iikvk8pj4wvpf91kr5vkfpe2gsupa</sha1>
</revision>
</page>
