<page>
<title>fajrujo</title>
<ns>0</ns>
<id>228895</id>
<revision>
<id>2347587</id>
<parentid>2061594</parentid>
<timestamp>2017-05-01T19:40:39Z</timestamp>
<contributor>
<username>HydrizBot</username>
<id>29590</id>
</contributor>
<minor />
<comment>Robô: A limpar links interwikis antigos</comment>
<model>wikitext</model>
<format>text/x-wiki</format>
<text bytes="454" xml:space="preserve">={{-eo-}}=
==Substantivo==
'''faj.{{grifar|ruj}}.o'''
# [[fogão]]
===Declinação===
{{decl.eo.subst}}
=={{etimologia|eo}}==
{{etimo.eo|fajr|-uj-|-o}}
=={{pronúncia}}==
* [[AFI]]: {{AFI|/fajˈruj.o/}}.
===Termos derivados===
{{verTambém.Ini}}
* {{link opcional|fajrero|eo}}
* {{link opcional|fajro|eo}}
{{verTambém.Fim}}
[[Categoria:Substantivo (Esperanto)]]
[[Categoria:Trissílabo (Esperanto)]]
[[Categoria:Entrada com pronúncia (Esperanto)]]</text>
<sha1>o36wez6vm3u1935d8g52zpd5g8z4l1o</sha1>
</revision>
</page>
