<page>
<page>
<title>fajroestingisto</title>
<ns>0</ns>
<id>247819</id>
<revision>
<id>2582951</id>
<parentid>2347586</parentid>
<timestamp>2020-03-21T01:05:48Z</timestamp>
<contributor>
<username>ValJor</username>
<id>1358</id>
</contributor>
<comment>Verbete [[:Categoria:!Página com idioma não informado em Predefinição:etimologia|sem indicação do idioma na seção de etimologia]]</comment>
<model>wikitext</model>
<format>text/x-wiki</format>
<text bytes="847" xml:space="preserve">{{Wikipédia|lang=eo}}
[[Imagem:Car crash in Downtown Saragossa.jpg|thumb|right|250px|&lt;center&gt;Bombeiros&lt;/center&gt;]]
={{-eo-}}=
==Substantivo==
'''faj.ro.es.tin.{{grifar|gis}}.to'''
# [[bombeiro]]
===Declinação===
{{decl.eo.subst}}
==Sinônimos==
{{verTambém.Ini}}
* {{link opcional|fajrobrigadisto|eo}}
* {{link opcional|fajrobrigadano|eo}}
* {{link opcional|pumpisto|eo}}
{{verTambém.Fim}}
===Verbetes derivados===
{{verTambém.Ini}}
* {{link opcional|fajro|eo}}
* {{link opcional|fajrero|eo}}
{{verTambém.Fim}}
=={{etimologia|eo}}==
: {{escopo|Morfologia}} [[fajro]] ([[fogo]]) + [[estingi]] ([[extinguir]]).
{{etimo.eo|fajr|-o|esting|-ist-|-o}}
=={{pronúncia|eo}}==
* [[AFI]]: {{AFI|/faj.ɾo.es.tin.ˈgis.to/}}
[[Categoria:Substantivo (Esperanto)]]
[[Categoria:Polissílabo (Esperanto)]]
[[Categoria:Entrada com imagem (Esperanto)]]</text>
<sha1>jpeb7uisi037owcq589zoocjvqq9wly</sha1>
</revision>
