<page>
<title>fakar</title>
<ns>0</ns>
<id>36398</id>
<revision>
<id>2347589</id>
<parentid>1306845</parentid>
<timestamp>2017-05-01T19:40:44Z</timestamp>
<contributor>
<username>HydrizBot</username>
<id>29590</id>
</contributor>
<minor />
<comment>Robô: A limpar links interwikis antigos</comment>
<model>wikitext</model>
<format>text/x-wiki</format>
<text bytes="78" xml:space="preserve">={{-tet-}}=
==Verbo==
'''fakar'''
# [[derramar]]
[[Categoria:Verbo (Tétum)]]</text>
<sha1>6vnjczyz956hj11rfuh1gn3u0ugijdn</sha1>
</revision>
</page>
