<page>
<page>
<title>fake</title>
<ns>0</ns>
<id>251034</id>
<revision>
<id>2682602</id>
<parentid>2682601</parentid>
<timestamp>2022-07-04T01:39:06Z</timestamp>
<contributor>
<username>Itleda</username>
<id>86989</id>
</contributor>
<model>wikitext</model>
<format>text/x-wiki</format>
<text bytes="1089" xml:space="preserve">={{-pt-}}=
==Adjetivo==
'''''fake''''', {{c2g}}
# {{escopo|pt|estrangeirismo}} ver [[falso]]
#* ''A conclusão da New York Magazine é clara: na internet, a medição (de audiência) é '''fake''', as pessoas (que veem internet) são '''fake''', o conteúdo é '''fake''', o business como um todo é '''fake''' e o controle governamental, '''fake'''.''  livro: eCULTURA, A Utopia Final, por Teixeira Coelho · 2019
=={{etimologia|pt}}==
{{llietimo|en|fake|pt}}
[[Categoria:Adjetivo (Português)]]
={{-en-}}=
==Adjetivo==
'''fake'''
# [[falso]]
==Substantivo==
'''fake'''
# objeto [[falso]]
==Verbo==
'''fake'''
# [[falsificar]]
===Conjugação===
{{conj.en|fake|fakes|faked|faked|faking}}
==Ver também==
===No Wikcionário===
* [[phony]]
[[Categoria:Adjetivo (Inglês)]]
[[Categoria:Substantivo (Inglês)]]
[[Categoria:Verbo (Inglês)]]
={{-mbq-}}=
==Substantivo==
'''fake'''
# [[mão]]
==Ver também==
===No Wikcionário===
{{verTambém.Ini}}
* [[kava]]
{{verTambém.NovaColuna}}
* [[ke]]
{{verTambém.Fim}}
[[Categoria:Substantivo (Maisin)]]
[[Categoria:Anatomia (Maisin)]]</text>
<sha1>rxpmly15fwte56ny3trx6865u9zvxjf</sha1>
</revision>
