<page>
<title>faks</title>
<ns>0</ns>
<id>122671</id>
<revision>
<id>2347592</id>
<parentid>2244992</parentid>
<timestamp>2017-05-01T19:41:46Z</timestamp>
<contributor>
<username>HydrizBot</username>
<id>29590</id>
</contributor>
<minor />
<comment>Robô: A limpar links interwikis antigos</comment>
<model>wikitext</model>
<format>text/x-wiki</format>
<text bytes="243" xml:space="preserve">={{-id-}}=
==Substantivo==
'''faks'''
:# [[fax]], [[telefax]]
Ver também
* [[buku telpon]]
* [[kartu telpon]]
* [[menelpon]]
* [[surat]]
* [[kartu pos]]
* [[pos]]
* [[hanpon]]
* [[email]]
* [[telpon]]
[[Categoria:Substantivo (Indonésio)]]</text>
<sha1>g6z770vhbr9lwgrl5bd6rlpn0zltjxb</sha1>
</revision>
</page>
