<page>
<page>
<title>Fakt</title>
<ns>0</ns>
<id>51757</id>
<revision>
<id>2268869</id>
<parentid>2052829</parentid>
<timestamp>2017-04-26T17:26:10Z</timestamp>
<contributor>
<username>HydrizBot</username>
<id>29590</id>
</contributor>
<minor />
<comment>Robô: A limpar links interwikis antigos</comment>
<model>wikitext</model>
<format>text/x-wiki</format>
<text bytes="277" xml:space="preserve">={{-de-}}=
==Substantivo==
'''Fakt''', ''masculino ou neutro''
# [[fato]]
===Declinação===
{{decl.de.subst|
NS=der/das Fakt
|NP=die Fakten
|AS=den/das Fakt
|AP=die Fakten
|DS=dem Fakt(e)
|DP=den Fakten
|GS=des Fakt(e)s
|GP=der Fakten
}}
[[Categoria:Substantivo (Alemão)]]</text>
<sha1>1227xbizl2sljiys3qn84fyi057llys</sha1>
</revision>
