<page>
<page>
<title>falara</title>
<ns>0</ns>
<id>177240</id>
<revision>
<id>2347613</id>
<parentid>2164237</parentid>
<timestamp>2017-05-01T19:43:58Z</timestamp>
<contributor>
<username>HydrizBot</username>
<id>29590</id>
</contributor>
<minor />
<comment>Robô: A limpar links interwikis antigos</comment>
<model>wikitext</model>
<format>text/x-wiki</format>
<text bytes="227" xml:space="preserve">={{-pt-}}=
==Forma verbal==
'''falara'''
#[[primeira pessoa|primeira]] e [[terceira pessoa|terceira pessoas]] do [[singular]] do [[pretérito mais-que-perfeito]] do verbo '''[[falar]]'''
[[Categoria:Forma verbal (Português)]]</text>
<sha1>jtk9hz2eymf34yvww2ok3t8cf4frfta</sha1>
</revision>
