<page>
<page>
<title>falar</title>
<ns>0</ns>
<id>6147</id>
<revision>
<id>2689470</id>
<parentid>2683999</parentid>
<timestamp>2022-10-14T02:37:34Z</timestamp>
<contributor>
<username>Carlos 338</username>
<id>87136</id>
</contributor>
<comment>/* Portugal */Adição de conteúdo linguístico.</comment>
<model>wikitext</model>
<format>text/x-wiki</format>
<text bytes="2268" xml:space="preserve">={{-pt-}}=
==Verbo==
{{oxítona|fa|lar}}, ''intransitivo e transitivo direto''
# emitir [[som|sons]] com significado coerente segundo uma convenção linguística qualquer
# ter a capacidade de se expressar em um [[idioma]]:
#* ''Você '''fala''' alemão?''
# usar o dom da [[fala]]
# {{escopo|Trás-os-Montes}} [[namorar]]
===Conjugação===
{{conj/pt|fal|ar}}
===Expressões===
* '''[[falar abobrinha]]''': 
* '''[[falar grego]]''': 
* '''[[falar o português claro]]''': 
* '''[[falar pelos cotovelos]]''': 
===Tradução===
{{tradini|De 2 (ter a capacidade de se expressar em um idioma)}}
* {{trad|de|sprechen}}
* {{trad|ast|falar}}
* {{trad|ca|parlar}}
* {{trad|sl|govoriti}}
* {{trad|egy|ḏd}}
* {{trad|es|hablar}}
* {{trad|fr|parler}}
* {{trad|fi|puhua}}
* {{trad|el|μιλώ|ομιλώ}}
* {{trad|grc|φωνέω}}
* {{trad|gn|ñe'ẽ}}
* {{trad|hu|beszél}}
* {{trad|en|speak|utter}}
{{tradmeio}}
* {{trad|ia|parlar}}
* {{trad|it|parlare}}
* {{trad|ja|話す}} (はなす, hanasu)
* {{trad|la|loquor}}
* {{trad|ms|berbicara}}
* {{trad|no|snakke}}
* {{trad|pap|papia}}
* {{trad|ru|говорить|сказать|разговаривать}}
* {{trad|cri|fla}}
* {{trad|sv|prata|tala}}
* {{trad|tu|nhe'eng}}
* {{trad|ur|بولنا}}
* {{trad|uk|розмовляти}}
{{tradfim}}
===Verbetes derivados===
{{verTambém.Ini}}
* [[audifalante]]
{{verTambém.NovaColuna}}
* {{escopo|Galícia}} [[falangueiro]]
{{verTambém.Fim}}
=={{etimologia|pt}}==
: Do infinitivo latino ''fabulari''.
=={{pronúncia|pt}}==
===Portugal===
* AFI: {{AFI|/fɐ.ˈlaɾ/}}
===Brasil===
* AFI: {{AFI|/fa.'lax/}}
==Ver também==
===No Wikcionário===
{{verTambém.Ini}}
* [[-falante]]
* [[boquejar]]
* [[conversar]]
* [[desfalar]]
* [[dizer diretamente]]
* [[fala-verdade]]
{{verTambém.NovaColuna}}
* [[falaço]]
* [[falante]]
* [[falocar]]
* [[fazer rodeios]]
* [[gaguejar]]
* [[ir direto ao assunto]]
{{verTambém.NovaColuna}}
* [[ir direto ao ponto]]
* [[meter o pau]]
* [[não fazer rodeios]]
* [[sem fazer rodeios]]
* [[sem rodeios]]
* [[usar de rodeios]]
{{verTambém.Fim}}
==Anagrama==
# [[aflar]]
[[Categoria:Verbo (Português)]]
={{-ast-}}=
==Verbo==
'''fa.lar'''
# [[falar#Português|falar]]
===Conjugação===
{{conj.ast.ar|fal}}
[[Categoria:Verbo (Asturiano)]]</text>
<sha1>f50xos9cwo6efviuhraeza47lydwpdt</sha1>
</revision>
