<page>
<title>falaríamos</title>
<ns>0</ns>
<id>193121</id>
<revision>
<id>2347630</id>
<parentid>1768046</parentid>
<timestamp>2017-05-01T19:45:12Z</timestamp>
<contributor>
<username>HydrizBot</username>
<id>29590</id>
</contributor>
<minor />
<comment>Robô: A limpar links interwikis antigos</comment>
<model>wikitext</model>
<format>text/x-wiki</format>
<text bytes="174" xml:space="preserve">={{-pt-}}=
==Forma verbal==
'''falaríamos'''
#[[primeira pessoa]] do [[plural]] do [[futuro do pretérito]] do verbo '''[[falar]]'''
[[Categoria:Forma verbal (Português)]]</text>
<sha1>dnt8w5mdslvkj7sdcleh8k9hbl7bzj0</sha1>
</revision>
</page>
