<page>
<page>
<title>falador</title>
<ns>0</ns>
<id>262599</id>
<revision>
<id>2347600</id>
<parentid>1964284</parentid>
<timestamp>2017-05-01T19:43:05Z</timestamp>
<contributor>
<username>HydrizBot</username>
<id>29590</id>
</contributor>
<minor />
<comment>Robô: A limpar links interwikis antigos</comment>
<model>wikitext</model>
<format>text/x-wiki</format>
<text bytes="460" xml:space="preserve">={{-pt-}}=
==Substantivo==
{{flex.pt|ms=falador|mp=faladores|fs=faladora ou faladeira|fp=faladoras ou faladeiras}}
{{oxítona|fa|la|dor}}
# que fala muito
==Adjetivo==
# aquele ou aquela que continuamente fala
==Ver também==
===No Wikcionário===
{{verTambém.Ini}}
* [[falar]]
{{verTambém.NovaColuna}}
* [[faladeira]]
{{verTambém.NovaColuna}}
* [[falangueiro]]
{{verTambém.Fim}}
[[Categoria:Substantivo (Português)]]
[[Categoria:Adjetivo (Português)]]</text>
<sha1>cfhd1ka3t3047q3wywmvuqu0dsqycjw</sha1>
</revision>
