<page>
<page>
<title>faladeira</title>
<ns>0</ns>
<id>262600</id>
<revision>
<id>1184576</id>
<parentid>1042014</parentid>
<timestamp>2011-07-08T16:14:52Z</timestamp>
<contributor>
<username>MalafayaBot</username>
<id>628</id>
</contributor>
<minor />
<comment>Robô: Substituição de texto automática (-^\=\s?Português\s?\= +={{-pt-}}= &amp; -^\=\s?\{\{pt\}\}\s?\= +={{-pt-}}=)</comment>
<model>wikitext</model>
<format>text/x-wiki</format>
<text bytes="405" xml:space="preserve">={{-pt-}}=
==Substantivo==
{{flex.pt|fs=faladeira|fp=faladeiras}}
{{paroxítona|fa|la|dei|ra}}
# que fala muito
==Adjetivo==
# aquela que continuamente fala
==Ver também==
===No Wikcionário===
{{verTambém.Ini}}
* [[falar]]
{{verTambém.NovaColuna}}
* [[falador]]
{{verTambém.NovaColuna}}
* [[falangueiro]]
{{verTambém.Fim}}
[[Categoria:Substantivo (Português)]]
[[Categoria:Adjetivo (Português)]]</text>
<sha1>9bjhlggz16zvh45d6j1yv4kxehst2ra</sha1>
</revision>
