<page>
<page>
<title>falaram</title>
<ns>0</ns>
<id>175784</id>
<revision>
<id>2347614</id>
<parentid>2164263</parentid>
<timestamp>2017-05-01T19:44:01Z</timestamp>
<contributor>
<username>HydrizBot</username>
<id>29590</id>
</contributor>
<minor />
<comment>Robô: A limpar links interwikis antigos</comment>
<model>wikitext</model>
<format>text/x-wiki</format>
<text bytes="191" xml:space="preserve">={{-pt-}}=
==Forma verbal==
'''falaram'''
#[[terceira pessoa]] do [[plural]] do [[pretérito perfeito]] do [[modo indicativo]] do verbo '''[[falar]]'''
[[Categoria:Forma verbal (Português)]]</text>
<sha1>cunglxoh8h3ktsg0bg6dtemrcfwa862</sha1>
</revision>
