<page>
<page>
<title>falante</title>
<ns>0</ns>
<id>41819</id>
<revision>
<id>2347610</id>
<parentid>1962863</parentid>
<timestamp>2017-05-01T19:43:48Z</timestamp>
<contributor>
<username>HydrizBot</username>
<id>29590</id>
</contributor>
<minor />
<comment>Robô: A limpar links interwikis antigos</comment>
<model>wikitext</model>
<format>text/x-wiki</format>
<text bytes="782" xml:space="preserve">={{-pt-}}=
==Adjetivo==
'''fa.lan.te''' &amp;ensp;''2 géneros''
# que [[falar|fala]] ou que [[imitar|imita]] a [[fala]]:
#:''O [[papagaio]] '''falante''' [[só]] [[dizer|diz]] [[palavrão]]!''
=== Tradução ===
{{tradini}}
*{{fr}}: [[parlant]]
{{tradmeio}}
{{tradfim}}
==Substantivo==
'''fa.lan.te''' &amp;ensp;''2 géneros''
# [[aquele]] que [[fala]]:
#:''[[ser|Sou]] '''falante''' da [[língua]] [[português|portuguesa]].''
{{tradini}}
*{{fr}}: [[locuteur]]
{{tradmeio}}
{{tradfim}}
===Ver também===
:Na '''Wikipédia''': [[w:Grilo Falante|“Grilo '''Falante'''”]], [[personagem]] [[criar|criada]] pela [[w:Disney|Disney]].
[[Categoria:Adjetivo (Português)]]
[[Categoria:Substantivo (Português)]]
[[Categoria:Trissílabo (Português)]]
[[Categoria:Paroxítona (Português)]]</text>
<sha1>pbd06xh6a06kim92xvcaufjvvm8hnhy</sha1>
</revision>
