<page>
<page>
<title>falavas</title>
<ns>0</ns>
<id>161592</id>
<revision>
<id>2347641</id>
<parentid>2164265</parentid>
<timestamp>2017-05-01T19:45:42Z</timestamp>
<contributor>
<username>HydrizBot</username>
<id>29590</id>
</contributor>
<minor />
<comment>Robô: A limpar links interwikis antigos</comment>
<model>wikitext</model>
<format>text/x-wiki</format>
<text bytes="194" xml:space="preserve">={{-pt-}}=
==Forma verbal==
'''falavas'''
#[[segunda pessoa]] do [[singular]] do [[pretérito imperfeito]] do [[modo indicativo]] do verbo '''[[falar]]'''
[[Categoria:Forma verbal (Português)]]</text>
<sha1>0nm3hocxbyromze7dqo9h0yk7gdf7do</sha1>
</revision>
