<page>
<title>falardes</title>
<ns>0</ns>
<id>210019</id>
<revision>
<id>2347616</id>
<parentid>2164232</parentid>
<timestamp>2017-05-01T19:44:06Z</timestamp>
<contributor>
<username>HydrizBot</username>
<id>29590</id>
</contributor>
<minor />
<comment>Robô: A limpar links interwikis antigos</comment>
<model>wikitext</model>
<format>text/x-wiki</format>
<text bytes="264" xml:space="preserve">={{-pt-}}=
==Forma verbal==
'''falardes'''
#[[segunda pessoa]] do [[plural]] do [[futuro]] do [[modo subjuntivo]] do verbo '''[[falar]]'''
#[[infinitivo pessoal]] da [[segunda pessoa]] do [[plural]] do verbo '''[[falar]]'''
[[Categoria:Forma verbal (Português)]]</text>
<sha1>ibbqky4bupouk41bmgee347j7svze8s</sha1>
</revision>
</page>
