<page>
<title>falais</title>
<ns>0</ns>
<id>158626</id>
<revision>
<id>2347603</id>
<parentid>2164252</parentid>
<timestamp>2017-05-01T19:43:12Z</timestamp>
<contributor>
<username>HydrizBot</username>
<id>29590</id>
</contributor>
<minor />
<comment>Robô: A limpar links interwikis antigos</comment>
<model>wikitext</model>
<format>text/x-wiki</format>
<text bytes="178" xml:space="preserve">={{-pt-}}=
==Forma verbal==
'''falais'''
#[[segunda pessoa]] do [[plural]] do [[presente]] do [[modo indicativo]] do verbo '''[[falar]]'''
[[Categoria:Forma verbal (Português)]]</text>
<sha1>0pqbfswtn1ruym4w0qeut6u8mj29on0</sha1>
</revision>
</page>
