<page>
<page>
<title>fala</title>
<ns>0</ns>
<id>6924</id>
<revision>
<id>2621192</id>
<parentid>2347596</parentid>
<timestamp>2021-02-01T23:42:50Z</timestamp>
<contributor>
<username>MarxavBot</username>
<id>80155</id>
</contributor>
<minor />
<comment>AFI Portugal</comment>
<model>wikitext</model>
<format>text/x-wiki</format>
<text bytes="1867" xml:space="preserve">={{-pt-}}=
==Substantivo==
{{flex.pt|fs=fala|fp=falas}}
{{paroxítona|fa|la}}
# [[expressão]] através da utilização da palavra
# sons emitidos por [[animal|animais]] que imitam a fala humana
#* '''''fala''' do papagaio''
# [[tom]] de [[voz]]
#* ''Apresentado uma '''fala''' grave, discursou entusiasmadamente.''
# [[estilo]], maneira de [[falar]]
#* '''''fala''' arrastada''
# {{escopo|Linguística}} uso da [[língua]] por um determinado [[indivíduo]], numa determinada [[ocasião]]; realização individual da língua
# {{escopo|Linguística}} maneira de falar de certa [[região]]
#* ''a '''fala''' do norte''
# parte que cada um dos [[interlocutor]]es diz, num [[diálogo]]
#* ''Mas, a meio do espetáculo, esqueceu-se da sua '''fala'''.''
# [[discurso]] feito publicamente
# [[idioma]] [[galaico-português]] falada numa região da [[Extremadura]] [[espanhol]]a, junto à fronteira com [[Portugal]]
===Antônimos===
* De '''5''' (realização individual da língua): [[língua]]
===Sinônimos===
* De '''4''' (maneira de falar): [[dicção]], [[locução]]
* De '''6''' (maneira de falar de certa região): [[falar]]
* De '''8''' (discurso feito publicamente): [[discurso]], [[alocução]]
* De '''9''' (idioma galaico-português): [[fala de Xálima]], [[galaico-extremadurenho]]
==Forma verbal==
{{paroxítona|fa|la}}
# terceira pessoa do singular do presente do indicativo do verbo [[falar]]
# segunda pessoa do singular do imperativo do verbo [[falar]]
{{avi-for-fle|falar}}
=={{pronúncia|pt}}==
* [[AFI]]: /ˈfalɘ/
===Portugal===
* AFI: {{AFI|/ˈfa.lɐ/}}
==Ver também==
===No Wikcionário===
{{verTambém.Ini}}
* [[gasguita]]
{{verTambém.NovaColuna}}
* [[verbalizar]]
{{verTambém.Fim}}
[[Categoria:Substantivo (Português)]]
[[Categoria:Forma verbal (Português)]]
[[Categoria:Língua (Português)]]
[[Categoria:Linguística (Português)]]</text>
<sha1>hmpvg2apjm01ak7dv8hnj2aqjvim6qq</sha1>
</revision>
