<page>
<page>
<title>falassem</title>
<ns>0</ns>
<id>202747</id>
<revision>
<id>2347635</id>
<parentid>2164229</parentid>
<timestamp>2017-05-01T19:45:27Z</timestamp>
<contributor>
<username>HydrizBot</username>
<id>29590</id>
</contributor>
<minor />
<comment>Robô: A limpar links interwikis antigos</comment>
<model>wikitext</model>
<format>text/x-wiki</format>
<text bytes="195" xml:space="preserve">={{-pt-}}=
==Forma verbal==
'''falassem'''
#[[terceira pessoa]] do [[plural]] do [[pretérito imperfeito]] do [[modo subjuntivo]] do verbo '''[[falar]]'''
[[Categoria:Forma verbal (Português)]]</text>
<sha1>k39ug7thupfcnc2q6s2oun6upujh979</sha1>
</revision>
