<page>
<title>falagar</title>
<ns>0</ns>
<id>365100</id>
<revision>
<id>2566886</id>
<parentid>2347601</parentid>
<timestamp>2019-12-16T12:44:57Z</timestamp>
<contributor>
<username>Cpls</username>
<id>20608</id>
</contributor>
<model>wikitext</model>
<format>text/x-wiki</format>
<text bytes="339" xml:space="preserve">={{-gl-}}=
==Verbo==
{{oxítona|fa|la|gar|lang=gl}}
# [[deleitar]], dar motivo de [[satisfação]]
# [[adular]], lisonjear
=={{etimologia|gl}}==
: {{escopo|Morfologia}} De ''[[falago#{{gl}}|falago]]'' + ''[[-ar#{{gl}}|-ar]]''. Confronte-se com ''[[afagar#{{gl}}|afagar]]'' e ''[[açalgar#{{gl}}|açalgar]]''.
[[Categoria:Verbo (Galego)]]</text>
<sha1>4hc5dmrudnhxwzzlbdx9qvgyd2iee9t</sha1>
</revision>
</page>
