<page>
<page>
<title>falas</title>
<ns>0</ns>
<id>154341</id>
<revision>
<id>2347632</id>
<parentid>2191624</parentid>
<timestamp>2017-05-01T19:45:20Z</timestamp>
<contributor>
<username>HydrizBot</username>
<id>29590</id>
</contributor>
<minor />
<comment>Robô: A limpar links interwikis antigos</comment>
<model>wikitext</model>
<format>text/x-wiki</format>
<text bytes="176" xml:space="preserve">={{-pt-}}=
==Forma verbal==
'''falas'''
#[[segunda]] [[pessoa]] do [[singular]] do [[presente]] [[indicativo]] do verbo '''[[falar]]'''
[[Categoria:Forma verbal (Português)]]</text>
<sha1>h3zp83lla8qrxeqp4mp1xmcfljltdx8</sha1>
</revision>
