<page>
<title>falago</title>
<ns>0</ns>
<id>417404</id>
<revision>
<id>2566884</id>
<timestamp>2019-12-16T12:42:01Z</timestamp>
<contributor>
<username>Cpls</username>
<id>20608</id>
</contributor>
<comment>[[Ajuda:Guia de edição/Menus e ferramentas/Sumário de edição|→]] nova página: {{ver também|fálago}}  ={{-gl-}}= ==Substantivo== {{flex.gl|ms=falago|mp=falagos}} {{paroxítona|fa|la|go|l...</comment>
<model>wikitext</model>
<format>text/x-wiki</format>
<text bytes="321" xml:space="preserve">{{ver também|fálago}}
={{-gl-}}=
==Substantivo==
{{flex.gl|ms=falago|mp=falagos}}
{{paroxítona|fa|la|go|lang=gl}}, {{g|m|lang=gl}}
# demostração de [[carinho]]
# lisonja, [[adulação]]
=={{etimologia|gl}}==
: Já no galego-português medieval como {{etimo|roa-gpm|falagueiro}}.
[[Categoria:Substantivo (Galego)]]</text>
<sha1>gtc8bp38ohlp6y8e64y7mrfryc560w4</sha1>
</revision>
</page>
