<page>
<page>
<title>falaz</title>
<ns>0</ns>
<id>93562</id>
<revision>
<id>2347642</id>
<parentid>1827220</parentid>
<timestamp>2017-05-01T19:45:57Z</timestamp>
<contributor>
<username>HydrizBot</username>
<id>29590</id>
</contributor>
<minor />
<comment>Robô: A limpar links interwikis antigos</comment>
<model>wikitext</model>
<format>text/x-wiki</format>
<text bytes="896" xml:space="preserve">={{-pt-}}=
==Adjetivo==
{{flex.pt|s=falaz|p=falazes}}
{{oxítona|fa|laz}}
# [[enganador]]; [[ilusório]]
#* ''Se alguém errou, fui eu que me iludi numa esperança '''falaz''', mas tão grata.'' (Em [[s:Encarnação (José de Alencar)/XVII|Encarnação (Capítulo XVII)]] de José de Alencar)
===Tradução===
{{tradini}}
* {{trad|es|engañoso|falaz}}
* {{trad|fr|trompeur}}
* {{trad|en|fallacious}}
{{tradmeio}}
* {{trad|it|fallace}}
* {{trad|ru|обманчивый|ложный}}
{{tradfim}}
=={{etimologia|pt}}==
: Do latim ''fallace''.
==Ver também==
===No Wikcionário===
* [[falácia]]
[[Categoria:Adjetivo (Português)]]
={{-es-}}=
==Adjetivo==
'''falaz'''
# [[falaz#Português|falaz]]
#* ''Adrede, pero sin alardes, es una pieza irónica que busca rescatar —únicamente— el espíritu '''falaz''' de las Fiestas.'' {{clarin|2006|dezembro|24}}
[[Categoria:Adjetivo (Espanhol)]]</text>
<sha1>csyzm3e1sijqrkdd4gfzj8vyayf1e55</sha1>
</revision>
