<page>
<title>falando</title>
<ns>0</ns>
<id>79984</id>
<revision>
<id>2347606</id>
<parentid>2164235</parentid>
<timestamp>2017-05-01T19:43:20Z</timestamp>
<contributor>
<username>HydrizBot</username>
<id>29590</id>
</contributor>
<minor />
<comment>Robô: A limpar links interwikis antigos</comment>
<model>wikitext</model>
<format>text/x-wiki</format>
<text bytes="125" xml:space="preserve">={{-pt-}}=
==Forma verbal==
{{paroxítona|fa|lan|do}}
# gerúndio do verbo [[falar]]
[[Categoria:Forma verbal (Português)]]</text>
<sha1>j8znldm4aqz9yndlv99y9sayvl64s3z</sha1>
</revision>
</page>
