<page>
<title>falasses</title>
<ns>0</ns>
<id>197076</id>
<revision>
<id>2347636</id>
<parentid>2164226</parentid>
<timestamp>2017-05-01T19:45:29Z</timestamp>
<contributor>
<username>HydrizBot</username>
<id>29590</id>
</contributor>
<minor />
<comment>Robô: A limpar links interwikis antigos</comment>
<model>wikitext</model>
<format>text/x-wiki</format>
<text bytes="196" xml:space="preserve">={{-pt-}}=
==Forma verbal==
'''falasses'''
#[[segunda pessoa]] do [[singular]] do [[pretérito imperfeito]] do [[modo subjuntivo]] do verbo '''[[falar]]'''
[[Categoria:Forma verbal (Português)]]</text>
<sha1>jusm6i5ldv1or5ligpcebd0p1yxvtzq</sha1>
</revision>
</page>
