<page>
<title>falaras</title>
<ns>0</ns>
<id>178717</id>
<revision>
<id>2347615</id>
<parentid>2164238</parentid>
<timestamp>2017-05-01T19:44:04Z</timestamp>
<contributor>
<username>HydrizBot</username>
<id>29590</id>
</contributor>
<minor />
<comment>Robô: A limpar links interwikis antigos</comment>
<model>wikitext</model>
<format>text/x-wiki</format>
<text bytes="179" xml:space="preserve">={{-pt-}}=
==Forma verbal==
'''falaras'''
#[[segunda pessoa]] do [[singular]] do [[pretérito mais-que-perfeito]] do verbo '''[[falar]]'''
[[Categoria:Forma verbal (Português)]]</text>
<sha1>qzywedf3zm4o05ggdh2hy843gondrxp</sha1>
</revision>
</page>
