<page>
<page>
<title>falai</title>
<ns>0</ns>
<id>220017</id>
<revision>
<id>2347602</id>
<parentid>2164234</parentid>
<timestamp>2017-05-01T19:43:09Z</timestamp>
<contributor>
<username>HydrizBot</username>
<id>29590</id>
</contributor>
<minor />
<comment>Robô: A limpar links interwikis antigos</comment>
<model>wikitext</model>
<format>text/x-wiki</format>
<text bytes="172" xml:space="preserve">={{-pt-}}=
==Forma verbal==
'''falai'''
#[[segunda pessoa]] do [[plural]] do [[imperativo]] [[afirmativo]] do verbo '''[[falar]]'''
[[Categoria:Forma verbal (Português)]]</text>
<sha1>q25ptxdbovvn9ajf2yr1exe2l5dtddq</sha1>
</revision>
