<page>
<title>falaça</title>
<ns>0</ns>
<id>34073</id>
<revision>
<id>1494419</id>
<parentid>1212961</parentid>
<timestamp>2012-10-23T01:09:29Z</timestamp>
<contributor>
<username>VJBot</username>
<id>33673</id>
</contributor>
<minor />
<comment>Robô: Substituição de texto automática  (-{{vt| +{{ver também|)</comment>
<model>wikitext</model>
<format>text/x-wiki</format>
<text bytes="211" xml:space="preserve">{{ver também|calaça|falada|filaça|fataça}}
={{-pt-}}=
[[Categoria:Substantivo (Português)]]
==Substantivo==
'''fa.la.ça''' ''substantivo feminino ''
:# [[grande]] [[fala]]
:# [[falação]]
:# [[falácia]]</text>
<sha1>2itgdhvka2te9rom7mppyxs3jfmug61</sha1>
</revision>
</page>
