<page>
<title>falava</title>
<ns>0</ns>
<id>82836</id>
<revision>
<id>2347639</id>
<parentid>2164264</parentid>
<timestamp>2017-05-01T19:45:37Z</timestamp>
<contributor>
<username>HydrizBot</username>
<id>29590</id>
</contributor>
<minor />
<comment>Robô: A limpar links interwikis antigos</comment>
<model>wikitext</model>
<format>text/x-wiki</format>
<text bytes="269" xml:space="preserve">={{-pt-}}=
==Forma verbal==
{{paroxítona|fa|la|va}}
# primeira pessoa do singular do pretérito imperfeito do indicativo do verbo [[falar]]
# terceira pessoa do singular do pretérito imperfeito do indicativo do verbo [[falar]]
[[Categoria:Forma verbal (Português)]]</text>
<sha1>7ws30rj2uyhvym4sqoy07ltff8wv9ry</sha1>
</revision>
</page>
