<page>
<page>
<title>falasco</title>
<ns>0</ns>
<id>347396</id>
<revision>
<id>2683214</id>
<parentid>2347633</parentid>
<timestamp>2022-07-10T15:08:13Z</timestamp>
<contributor>
<username>ValJor</username>
<id>1358</id>
</contributor>
<comment>Substituindo a [[Especial:Páginas_afluentes/Predefinição:escopoCat|predefinição escopoCat]] por escopo</comment>
<model>wikitext</model>
<format>text/x-wiki</format>
<text bytes="401" xml:space="preserve">={{-it-}}=
==Substantivo==
{{flex.it|ms=falasco|mp=falaschi}}
{{paroxítona|fa|la|sco|lang=it}}, {{gramática|m}}
# {{escopo|it|Botânica}} planta da família [[species:Ciperacee|Ciperacee]] usada para tecer cestas ou cadeiras, assim como cama do gando
# {{escopo|it|Botânica}} [[capim-serra]], junco da espécie ''[[species:Cladium mariscus|Cladium mariscus]]''
[[Categoria:Substantivo (Italiano)]]</text>
<sha1>czh0ro0z1otqkq5rn48uwt7mvoi0pyt</sha1>
</revision>
