<page>
<title>falam</title>
<ns>0</ns>
<id>160285</id>
<revision>
<id>2347604</id>
<parentid>2164253</parentid>
<timestamp>2017-05-01T19:43:15Z</timestamp>
<contributor>
<username>HydrizBot</username>
<id>29590</id>
</contributor>
<minor />
<comment>Robô: A limpar links interwikis antigos</comment>
<model>wikitext</model>
<format>text/x-wiki</format>
<text bytes="178" xml:space="preserve">={{-pt-}}=
==Forma verbal==
'''falam'''
#[[terceira pessoa]] do [[plural]] do [[presente]] do [[modo indicativo]] do verbo '''[[falar]]'''
[[Categoria:Forma verbal (Português)]]</text>
<sha1>eyjfajch3z94vz2195vwf821j2mm804</sha1>
</revision>
</page>
