<page>
<title>falarem</title>
<ns>0</ns>
<id>211365</id>
<revision>
<id>2347619</id>
<parentid>2164233</parentid>
<timestamp>2017-05-01T19:44:30Z</timestamp>
<contributor>
<username>HydrizBot</username>
<id>29590</id>
</contributor>
<minor />
<comment>Robô: A limpar links interwikis antigos</comment>
<model>wikitext</model>
<format>text/x-wiki</format>
<text bytes="265" xml:space="preserve">={{-pt-}}=
==Forma verbal==
'''falarem'''
#[[terceira pessoa]] do [[plural]] do [[futuro]] do [[modo subjuntivo]] do verbo '''[[falar]]'''
#[[infinitivo pessoal]] da [[terceira pessoa]] do [[plural]] do verbo '''[[falar]]'''
[[Categoria:Forma verbal (Português)]]</text>
<sha1>p2zgg5f8km6ymzbvcwaqedvmvk0hxfa</sha1>
</revision>
</page>
