<page>
<page>
<title>falacha</title>
<ns>0</ns>
<id>418380</id>
<revision>
<id>2569677</id>
<parentid>2569676</parentid>
<timestamp>2020-01-06T14:11:17Z</timestamp>
<contributor>
<username>Cpls</username>
<id>20608</id>
</contributor>
<comment>/* {{etimologia|pt}} */</comment>
<model>wikitext</model>
<format>text/x-wiki</format>
<text bytes="373" xml:space="preserve">={{-pt-}}=
==Substantivo==
{{flex.pt|fs=falacha|fp=falachas}}
{{paroxítona|fa|la|cha}}, {{g|f}}
# {{escopo|pt|Culinária}} [[bolo]] feito com massa de [[castanha]]s piladas, assado em forno em porções envoltas em folhas de [[castanheiro]]
=={{etimologia|pt}}==
: Confronte-se com [[bolacha]], e com o galego {{etimo|gl|galacha}}.
[[Categoria:Substantivo (Português)]]</text>
<sha1>a8t74n90rtmrq20vwo3pbh75zy09659</sha1>
</revision>
