<page>
<title>falaría</title>
<ns>0</ns>
<id>351009</id>
<revision>
<id>2347629</id>
<parentid>2124712</parentid>
<timestamp>2017-05-01T19:45:05Z</timestamp>
<contributor>
<username>HydrizBot</username>
<id>29590</id>
</contributor>
<minor />
<comment>Robô: A limpar links interwikis antigos</comment>
<model>wikitext</model>
<format>text/x-wiki</format>
<text bytes="135" xml:space="preserve">={{-ast-}}=
==Forma verbal==
'''falaría'''
# flexão do verbo [[falar]]
{{avi-for-fle|falar}}
[[Categoria:Forma verbal (Asturiano)]]</text>
<sha1>tt9tlmcrcotnrfdry1zi6dm4vztgmbj</sha1>
</revision>
</page>
