<page>
<title>falarmos</title>
<ns>0</ns>
<id>208558</id>
<revision>
<id>2347625</id>
<parentid>2164231</parentid>
<timestamp>2017-05-01T19:44:45Z</timestamp>
<contributor>
<username>HydrizBot</username>
<id>29590</id>
</contributor>
<minor />
<comment>Robô: A limpar links interwikis antigos</comment>
<model>wikitext</model>
<format>text/x-wiki</format>
<text bytes="266" xml:space="preserve">={{-pt-}}=
==Forma verbal==
'''falarmos'''
#[[primeira pessoa]] do [[plural]] do [[futuro]] do [[modo subjuntivo]] do verbo '''[[falar]]'''
#[[infinitivo pessoal]] da [[primeira pessoa]] do [[plural]] do verbo '''[[falar]]'''
[[Categoria:Forma verbal (Português)]]</text>
<sha1>bt98451np7j4zvrrq94xw5xqkx507od</sha1>
</revision>
</page>
