<page>
<title>falariam</title>
<ns>0</ns>
<id>195764</id>
<revision>
<id>2347623</id>
<parentid>1768052</parentid>
<timestamp>2017-05-01T19:44:40Z</timestamp>
<contributor>
<username>HydrizBot</username>
<id>29590</id>
</contributor>
<minor />
<comment>Robô: A limpar links interwikis antigos</comment>
<model>wikitext</model>
<format>text/x-wiki</format>
<text bytes="171" xml:space="preserve">={{-pt-}}=
==Forma verbal==
'''falariam'''
#[[terceira pessoa]] do [[plural]] do [[futuro do pretérito]] do verbo '''[[falar]]'''
[[Categoria:Forma verbal (Português)]]</text>
<sha1>927pcxujl8c9ffw4bhenvwrd4v2wb0o</sha1>
</revision>
</page>
