<page>
<title>falastes</title>
<ns>0</ns>
<id>174413</id>
<revision>
<id>2347638</id>
<parentid>2164262</parentid>
<timestamp>2017-05-01T19:45:34Z</timestamp>
<contributor>
<username>HydrizBot</username>
<id>29590</id>
</contributor>
<minor />
<comment>Robô: A limpar links interwikis antigos</comment>
<model>wikitext</model>
<format>text/x-wiki</format>
<text bytes="191" xml:space="preserve">={{-pt-}}=
==Forma verbal==
'''falastes'''
#[[segunda pessoa]] do [[plural]] do [[pretérito perfeito]] do [[modo indicativo]] do verbo '''[[falar]]'''
[[Categoria:Forma verbal (Português)]]</text>
<sha1>kcf3ra1953hods9zteou6ui4sy54mqb</sha1>
</revision>
</page>
