<page>
<title>falaste</title>
<ns>0</ns>
<id>171757</id>
<revision>
<id>2347637</id>
<parentid>2164259</parentid>
<timestamp>2017-05-01T19:45:32Z</timestamp>
<contributor>
<username>HydrizBot</username>
<id>29590</id>
</contributor>
<minor />
<comment>Robô: A limpar links interwikis antigos</comment>
<model>wikitext</model>
<format>text/x-wiki</format>
<text bytes="192" xml:space="preserve">={{-pt-}}=
==Forma verbal==
'''falaste'''
#[[segunda pessoa]] do [[singular]] do [[pretérito perfeito]] do [[modo indicativo]] do verbo '''[[falar]]'''
[[Categoria:Forma verbal (Português)]]</text>
<sha1>6r13tjmvilojnsjaqkmzo5a7afwlxsn</sha1>
</revision>
</page>
