<page>
<title>falaríeis</title>
<ns>0</ns>
<id>194428</id>
<revision>
<id>2347631</id>
<parentid>1768045</parentid>
<timestamp>2017-05-01T19:45:14Z</timestamp>
<contributor>
<username>HydrizBot</username>
<id>29590</id>
</contributor>
<minor />
<comment>Robô: A limpar links interwikis antigos</comment>
<model>wikitext</model>
<format>text/x-wiki</format>
<text bytes="172" xml:space="preserve">={{-pt-}}=
==Forma verbal==
'''falaríeis'''
#[[segunda pessoa]] do [[plural]] do [[futuro do pretérito]] do verbo '''[[falar]]'''
[[Categoria:Forma verbal (Português)]]</text>
<sha1>n0i2how9sm2zmhtwwltycree83b8y2i</sha1>
</revision>
</page>
