<page>
<page>
<title>falaremos</title>
<ns>0</ns>
<id>187667</id>
<revision>
<id>2347620</id>
<parentid>1768055</parentid>
<timestamp>2017-05-01T19:44:33Z</timestamp>
<contributor>
<username>HydrizBot</username>
<id>29590</id>
</contributor>
<minor />
<comment>Robô: A limpar links interwikis antigos</comment>
<model>wikitext</model>
<format>text/x-wiki</format>
<text bytes="170" xml:space="preserve">={{-pt-}}=
==Forma verbal==
'''falaremos'''
#[[primeira pessoa]] do [[plural]] do [[futuro do presente]] do verbo '''[[falar]]'''
[[Categoria:Forma verbal (Português)]]</text>
<sha1>jmdm6366vj8qsfzq556lzpz4s4rbcvs</sha1>
</revision>
