<page>
<title>falangectomia</title>
<ns>0</ns>
<id>134572</id>
<revision>
<id>2605760</id>
<parentid>2499699</parentid>
<timestamp>2020-12-26T23:59:30Z</timestamp>
<contributor>
<username>Cclazajr</username>
<id>79718</id>
</contributor>
<minor />
<comment>Adição de escopo</comment>
<model>wikitext</model>
<format>text/x-wiki</format>
<text bytes="311" xml:space="preserve">={{-pt-}}=
==Substantivo==
{{paroxítona|fa|lan|gec|to|mi|a}}
#{{escopo|pt|medicina|cirurgia}} [[retirada]] [[cirúrgico|cirúrgica]] da [[falange]]
=={{etimologia|pt}}==
:De [[falange]] + [[-ectomia]]
==Ver também==
*[[vasectomia]]
[[Categoria:Substantivo (Português)]]
[[Categoria:Medicina (Português)]]</text>
<sha1>gg2ux54nw2tlaj1qyju0960xhp6flff</sha1>
</revision>
</page>
