<page>
<title>falaço</title>
<ns>0</ns>
<id>34072</id>
<revision>
<id>1813974</id>
<parentid>1598903</parentid>
<timestamp>2014-03-09T21:40:07Z</timestamp>
<contributor>
<username>ValJor</username>
<id>1358</id>
</contributor>
<comment>Um verbete a menos usando a [[Predefinição:flex.pt.subst.masculino|predefinição flex.pt.subst.masculino]]</comment>
<model>wikitext</model>
<format>text/x-wiki</format>
<text bytes="372" xml:space="preserve">{{ver também|balaço}}
={{-pt-}}=
==Substantivo==
{{flex.pt|ms=falaço|mp=falaços}}
{{paroxítona|fa|la|ço}}, {{m}}
# {{escopo|Brasil, Nordeste}} [[atordoada]]
# {{escopo|Brasil, Nordeste}} [[notícia]] [[falso|falsa]]
# {{escopo|Brasil, Nordeste}} [[boato]]
=={{etimologia|pt}}==
: {{escopo|Morfologia}} [[falar]] + [[-aço]].
[[Categoria:Substantivo (Português)]]</text>
<sha1>ouu5ma0smllxzjx8q8tiek2uebd1g83</sha1>
</revision>
</page>
