<page>
<page>
<title>falareis</title>
<ns>0</ns>
<id>189107</id>
<revision>
<id>2347618</id>
<parentid>1768057</parentid>
<timestamp>2017-05-01T19:44:24Z</timestamp>
<contributor>
<username>HydrizBot</username>
<id>29590</id>
</contributor>
<minor />
<comment>Robô: A limpar links interwikis antigos</comment>
<model>wikitext</model>
<format>text/x-wiki</format>
<text bytes="168" xml:space="preserve">={{-pt-}}=
==Forma verbal==
'''falareis'''
#[[segunda pessoa]] do [[plural]] do [[futuro do presente]] do verbo '''[[falar]]'''
[[Categoria:Forma verbal (Português)]]</text>
<sha1>2esmcbxe5bs9oaquy5gqwfotvhx32co</sha1>
</revision>
