<page>
<page>
<title>falchocas</title>
<ns>0</ns>
<id>338016</id>
<revision>
<id>1907879</id>
<timestamp>2015-04-01T20:37:18Z</timestamp>
<contributor>
<username>Cpls</username>
<id>20608</id>
</contributor>
<comment>[[Ajuda:Guia de edição/Menus e ferramentas/Sumário de edição|→]] nova página: ={{-gl-}}= ==Adjetivo== {{flex.gl|s=falchocas|p=falchocas}} {{paroxítona|fal|cho|cas|lang=gl}}, {{f}} # pess...</comment>
<model>wikitext</model>
<format>text/x-wiki</format>
<text bytes="184" xml:space="preserve">={{-gl-}}=
==Adjetivo==
{{flex.gl|s=falchocas|p=falchocas}}
{{paroxítona|fal|cho|cas|lang=gl}}, {{f}}
# pessoa à que as [[roupa]]s lhe quedam grandes
[[Categoria:Adjetivo (Galego)]]</text>
<sha1>t38kc64qw7ooe387lbyhthta1icxyn4</sha1>
</revision>
