<page>
<page>
<title>falcão</title>
<ns>0</ns>
<id>34010</id>
<revision>
<id>2651115</id>
<parentid>2347647</parentid>
<timestamp>2021-10-30T12:36:29Z</timestamp>
<contributor>
<username>ValJor</username>
<id>1358</id>
</contributor>
<comment>Eliminando [[tlohtli]] da lista de [[Especial:Lonelypages|órfãos]]</comment>
<model>wikitext</model>
<format>text/x-wiki</format>
<text bytes="2171" xml:space="preserve">{{Wikipédia}}
{{Wikispecies|Falco}}
{{commons|Falco|falcão}}
={{-pt-}}=
==Substantivo==
{{flex.pt|ms=falcão|mp=falcões}}
{{oxítona|fal|cão}}, {{gramática|m}}
# [[ave]] de [[rapina]] dotada de [[bico]] [[adunco]] e forte
===Tradução===
{{tradini}}
* {{trad|af|valk}}
* {{trad|sq|petriti}}
* {{t|de|Falke|m}}
* {{trad|ar|صقر}}
* {{trad|hy|բազե||baze}}
* {{t|nds|Falk|m}}
* {{trad|eu|belatz handi}}
* {{t|be|сапсан|m}}
* {{t|bs|sokol|m}}
* {{trad|br|falc'hun}}
* {{t|bg|сокол|m}}
* {{t|ca|falcó|m}}
* {{t|cs|sokol|m}}
* {{t|chr|ᏔᏬᏗ||tawodi}}
* {{trad|zh|獵鷹|猎鹰}}
* {{trad|ko|매|송골매}}
* {{t|hr|sokol|m}}
* {{trad|ku|atemce|baz}}
* {{t|da|falk|c}}
* {{t|sk|sokol|m}}
* {{t|sl|sokol|m}}
* {{trad|es|halcón}}
* {{trad|eo|falko}}
* {{trad|et|pistrik}}
* {{trad|ee|aʋako}}
* {{t|fo|falkur|m}}
* {{trad|fi|haukka}}
* {{trad|fr|faucon}}
* {{t|fy|falk|m}}
* {{t|fur|falcon|m}}
* {{t|gd|seabhag|f}}
* {{t|gl|falcón|m}}
* {{t|cy|hebog|m}}
* {{t|el|γεράκι|γερακίνα|f}}
* {{trad|grc|άρακος|ιέραξ|ίραξ|R=irax|m}}
{{tradmeio}}
* {{t|he|בז|m}}
* {{t|nl|valk|m}}
* {{trad|hu|sólyom}}
* {{trad|io|falkono}}
* {{t|iu|ᑭᒡᒐᕕᒃ||kiggavik}}
* {{trad|en|falcon|hawk}}
* {{t|ga|fabhcún|m}}
* {{trad|is|fálki}}
* {{t|it|falco|m}}
* {{trad|ja|隼}} (はやぶさ, hayabusa)
* {{t|lld|falcon|m}}
* {{t|la|falco|m}}
* {{trad|lv|lielais piekūns}}
* {{trad|lt|sakalas keleivis}}
* {{t|mk|сокол|m|sokol}}
* {{t|mt|bies|m}}
* {{trad|nci|tlohtli}}
* {{trad|no|falk|hauk}}
* {{t|oc|moisset|m}}
* {{trad|pap|falki}}
* {{t|fa|شاهین||šāhīn}}
* {{t|pl|sokół|m}}
* {{t|rm|falcun|m}}
* {{t|rom|falkono|m}}
* {{t|ro|șoim|m}}
* {{t|ru|сокол|m|sókol}}
* {{trad|sc|àcchili piscadrixi|tilibriu|astori perdighinu}} m.
* {{t|sr|соко|m|soko}}
* {{trad|so|dafo|dhuuryo|huf}}
* {{t|hsb|sokoł|m}}
* {{t|dsb|sokoł|m}}
* {{t|sv|falk|c}}
* {{trad|tr|doğan|gökdoğan|şahin}}
* {{t|uk|сокіл||sokil}}
* {{trad|yua|koos}}
{{tradfim}}
=={{etimologia|pt}}==
{{llietimo|la|falco|pt|falco, onis}}
[[Categoria:Substantivo (Português)]]
[[Categoria:Ave (Português)]]
[[Categoria:Zoologia (Português)]]</text>
<sha1>9r7783patxxp72ubkmqryyc16ge95ge</sha1>
</revision>
