<page>
<title>falchocada</title>
<ns>0</ns>
<id>338018</id>
<revision>
<id>1907884</id>
<timestamp>2015-04-01T20:46:55Z</timestamp>
<contributor>
<username>Cpls</username>
<id>20608</id>
</contributor>
<comment>[[Ajuda:Guia de edição/Menus e ferramentas/Sumário de edição|→]] nova página: ={{-gl-}}= ==Substantivo== {{flex.gl|fs=falchocada|fp=falchocada}} {{paroxítona|fal|cho|ca|da|lang=gl}}, {{f...</comment>
<model>wikitext</model>
<format>text/x-wiki</format>
<text bytes="420" xml:space="preserve">={{-gl-}}=
==Substantivo==
{{flex.gl|fs=falchocada|fp=falchocada}}
{{paroxítona|fal|cho|ca|da|lang=gl}}, {{f}}
# o que se leva dentro de uma [[alforge]] chamada ''falchoca''
# o conjunto de [[dádiva]]s que vai dentro da alforge 
===Sinónimos===
* [[alforjada#Galego|alforjada]]
=={{etimologia|gl}}==
: {{escopo|Morfologia}} Derivada de ''[[falchoca#Galego|falchoca]]'' + [[-ada]].
[[Categoria:Substantivo (Galego)]]</text>
<sha1>nupj8twph4j6uwszbdbaacki9yec8sr</sha1>
</revision>
</page>
