<page>
<page>
<title>falciforme</title>
<ns>0</ns>
<id>385128</id>
<revision>
<id>2456822</id>
<parentid>2456819</parentid>
<timestamp>2017-10-23T22:53:26Z</timestamp>
<contributor>
<username>Askekamo</username>
<id>60711</id>
</contributor>
<model>wikitext</model>
<format>text/x-wiki</format>
<text bytes="233" xml:space="preserve">={{-pt-}}=
==Adjetivo==
{{paroxítona|fal|ci|for|me}}, {{gramática|c2g}}
# que tem forma de foice
===Tradução===
{{tradini|De 1}}
* {{trad|en|sickle-shaped|falciform}}
{{tradmeio}}
{{tradfim}}
[[Categoria:Adjetivo (Português)]]</text>
<sha1>tphxomfqtgpj2frh59xbjqmn54cwbaq</sha1>
</revision>
