<page>
<page>
<title>falcar</title>
<ns>0</ns>
<id>402878</id>
<revision>
<id>2525640</id>
<timestamp>2018-11-08T19:16:51Z</timestamp>
<contributor>
<username>Cpls</username>
<id>20608</id>
</contributor>
<comment>[[Ajuda:Guia de edição/Menus e ferramentas/Sumário de edição|→]] nova página: ={{-gl-}}= ==Verbo== {{oxítona|fal|car|lang=gl}}, {{g|tran|lang=gl}} # {{escopo|gl|Antigo}} [[cortar]] com f...</comment>
<model>wikitext</model>
<format>text/x-wiki</format>
<text bytes="344" xml:space="preserve">={{-gl-}}=
==Verbo==
{{oxítona|fal|car|lang=gl}}, {{g|tran|lang=gl}}
# {{escopo|gl|Antigo}} [[cortar]] com foice
=={{etimologia|gl}}==
: Aparentado com o latim {{etimo|la|falx}} ''falcis'' &quot;[[foice]]&quot;. Confronte-se com ''[[falca#{{gl}}|falca]]'' e com o galego-português medieval ''[[falchon#{{gl}}|falchon]]''.
[[Categoria:Verbo (Galego)]]</text>
<sha1>q0iduw0ko4p3yo3qlxf4i3rvqbrtb7a</sha1>
</revision>
