<page>
<title>falcatruada</title>
<ns>0</ns>
<id>426404</id>
<revision>
<id>2596356</id>
<timestamp>2020-09-13T10:52:55Z</timestamp>
<contributor>
<username>Cpls</username>
<id>20608</id>
</contributor>
<comment>[[Ajuda:Guia de edição/Menus e ferramentas/Sumário de edição|→]] nova página: ={{-gl-}}= ==Substantivo==  {{flex.gl|fs=falcatruada|fp=falcatruadas}} {{paroxítona|fal|ca|tru|a|da|lang=gl}...</comment>
<model>wikitext</model>
<format>text/x-wiki</format>
<text bytes="433" xml:space="preserve">={{-gl-}}=
==Substantivo== 
{{flex.gl|fs=falcatruada|fp=falcatruadas}}
{{paroxítona|fal|ca|tru|a|da|lang=gl}}, {{g|f|lang=gl}}
# [[falcatrua]]
# atuação feita com [[maldade]], dano
# [[traição]]
# [[trapaça]]; travessura
=={{etimologia|gl}}==
: {{escopo|Morfologia}} De ''[[falcatrua#{{gl}}|falcatrua]]'' + ''[[-ada#{{gl}}|-ada]]'' ou do particípio de ''[[falcatruar#{{gl}}|falcatruar]]''.
[[Categoria:Substantivo (Galego)]]</text>
<sha1>p8rsahv1dovgplsp68lziqh6h358s1o</sha1>
</revision>
</page>
