<page>
<title>falcada</title>
<ns>0</ns>
<id>426401</id>
<revision>
<id>2596353</id>
<parentid>2596351</parentid>
<timestamp>2020-09-13T10:40:48Z</timestamp>
<contributor>
<username>Cpls</username>
<id>20608</id>
</contributor>
<comment>/* {{-pt-}} */</comment>
<model>wikitext</model>
<format>text/x-wiki</format>
<text bytes="327" xml:space="preserve">={{-pt-}}=
==Substantivo==
{{flex.pt|fs=falcada|fp=falcadas}}
{{paroxítona|fal|ca|da}}, {{g|f}}
# {{escopo|pt|Trás-os-Montes|Astronomia}} fase da [[lua]] no período dos [[quarto]]s onde é vista em forma de [[foice]] ou {{o/a|falcad}}
=={{etimologia|pt}}==
{{llietimo|la|falcata|pt}}
[[Categoria:Substantivo (Português)]]</text>
<sha1>7xecdsttjzl4y8qa7j935gl2s6b1ovr</sha1>
</revision>
</page>
