<page>
<page>
<title>falca</title>
<ns>0</ns>
<id>349421</id>
<revision>
<id>2525645</id>
<parentid>2525637</parentid>
<timestamp>2018-11-08T20:12:15Z</timestamp>
<contributor>
<username>Cpls</username>
<id>20608</id>
</contributor>
<comment>/* {{etimologia|gl}} */</comment>
<model>wikitext</model>
<format>text/x-wiki</format>
<text bytes="1405" xml:space="preserve">={{-pt-}}=
==Substantivo==
{{flex.gl|fs=falca|fp=falcas}}
{{paroxítona|fal|ca}}, {{g|f|lang=gl}}
# [[tronco]] de árvore cortado para ser [[serrar|serrado]]
# {{escopo|pt|Náutica}} [[tábua]] que vai de proa a popa no [[bordo]] da embarcação, para evitar que entre auga, [[varandim]] no bordo dos navios
# {{escopo|pt|Portugal|Regional}} [[esmola]]; ato de pedir esmola
=={{etimologia|pt}}==
: Do {{etm|ar|pt}} ''falqâ'', de ''filqâ'', &quot;[[pedaço]]&quot;.
[[Categoria:Substantivo (Português)]]
={{-ast-}}=
==Substantivo==
{{flex.ast|fs=falca|fp=falques}}
{{paroxítona|fal|ca|lang=ast}}, {{g|f|lang=ast}}
# [[falca#Português|falca]], [[tronco]] de árvore
# tronco apropriado para serrar dele [[tábua]]s
# [[trave]]
==={{-varort-}}===
* De '''1''': [[farca#{{ast}}|farca]]
[[Categoria:Substantivo (Asturiano)]]
={{-gl-}}=
==Substantivo==
{{flex.gl|fs=falca|fp=falcas}}
{{paroxítona|fal|ca|lang=gl}}, {{g|f|lang=gl}}
# [[falca#Português|falca]], [[tronco]] de árvore
# {{escopo|gl|Astúrias}} [[trave]] feita de um tronco esquadrado
# {{escopo|gl|Náutica}} [[falca#Português|falca]], [[tábua]] de proa a popa da embarcação, [[varandim]] dos navios
===Sinónimo===
* De '''2''' (varandim): [[falquim#Galego|falquim]]
=={{etimologia|gl}}==
: aparentado com raiz proto-germânica ''*balkô'' &quot;[[trave]]&quot;. Confronte-se com ''[[falcar#{{gl}}|falcar]]''.
[[Categoria:Substantivo (Galego)]]</text>
<sha1>odvxoqdiyrqdeqg6timts571yu7vj3c</sha1>
</revision>
