<page>
<title>falchoca</title>
<ns>0</ns>
<id>338013</id>
<revision>
<id>2075258</id>
<parentid>2074971</parentid>
<timestamp>2016-03-23T18:19:53Z</timestamp>
<contributor>
<username>Cpls</username>
<id>20608</id>
</contributor>
<comment>/* {{-gl-}} */</comment>
<model>wikitext</model>
<format>text/x-wiki</format>
<text bytes="220" xml:space="preserve">={{-gl-}}=
==Substantivo==
{{flex.gl|fs=falchoca|fp=falchocas}}
{{paroxítona|fal|cho|ca|lang=gl}}, {{f}}
# [[faltriqueira]]
# [[alforje]]
===Sinónimo===
* [[fatraca#Galego|fatraca]]
[[Categoria:Substantivo (Galego)]]</text>
<sha1>7xpypsg54o5riq1xnouhvxod1a7vwzs</sha1>
</revision>
</page>
