<page>
<title>falconer</title>
<ns>0</ns>
<id>117585</id>
<revision>
<id>2347646</id>
<parentid>2225323</parentid>
<timestamp>2017-05-01T19:46:09Z</timestamp>
<contributor>
<username>HydrizBot</username>
<id>29590</id>
</contributor>
<minor />
<comment>Robô: A limpar links interwikis antigos</comment>
<model>wikitext</model>
<format>text/x-wiki</format>
<text bytes="374" xml:space="preserve">={{-en-}}=
==Substantivo==
'''falconer'''
# [[falcoeiro]]
=={{etimologia|en}}==
: Do inglês antigo ''fauconer'' e este do francês antigo ''falconier'', ''fauconier''.
==Ver também==
===No Wikcionário===
{{verTambém.Ini}}
* [[falcon]]
{{verTambém.NovaColuna}}
* [[falconry]]
{{verTambém.NovaColuna}}
* [[hawk]]
{{verTambém.Fim}}
[[Categoria:Substantivo (Inglês)]]</text>
<sha1>jaf2pdr9wmnep1d49k2mdi8at0uuh7h</sha1>
</revision>
</page>
