<page>
<page>
<title>falchon</title>
<ns>0</ns>
<id>402877</id>
<revision>
<id>2596361</id>
<parentid>2525639</parentid>
<timestamp>2020-09-13T11:21:00Z</timestamp>
<contributor>
<username>Cpls</username>
<id>20608</id>
</contributor>
<model>wikitext</model>
<format>text/x-wiki</format>
<text bytes="325" xml:space="preserve">={{-roa-gpm-}}=
==Substantivo==
{{oxítona|fal|chon|lang=roa-gpm}}, {{gramática|m|lang=roa-gpm}}
# [[espada]] curva
=={{etimologia|roa-gpm}}==
: Derivada do {{etm|la|roa-gpm}} {{etimo|la|falx}} ''falcis'' &quot;[[fouce]]&quot;. Cognado do francês antigo {{etimo|fro|fauchon}}.
[[Categoria:Substantivo (Galego-Português Medieval)]]</text>
<sha1>52f7wbzyla8lg6i9neuqnosjms5a5ww</sha1>
</revision>
