<page>
<page>
<title>fald</title>
<ns>0</ns>
<id>345785</id>
<revision>
<id>2347648</id>
<parentid>2244994</parentid>
<timestamp>2017-05-01T19:46:37Z</timestamp>
<contributor>
<username>HydrizBot</username>
<id>29590</id>
</contributor>
<minor />
<comment>Robô: A limpar links interwikis antigos</comment>
<model>wikitext</model>
<format>text/x-wiki</format>
<text bytes="271" xml:space="preserve">{{Wikipédia|lang=da}}
={{-da-}}=
==Substantivo==
'''fald'''
# [[jeito]]
# [[queda]]
# [[decréscimo]]
# [[adriça]] ou [[driça]] (cabo que serve para içar vergas)
===Expressões===
* '''[[i hvert fald]]''': de qualquer jeito
[[Categoria:Substantivo (Dinamarquês)]]</text>
<sha1>55nzygslu617pfqx80b2idtk2xj89vj</sha1>
</revision>
