<page>
<title>faldrapo</title>
<ns>0</ns>
<id>356289</id>
<revision>
<id>2086118</id>
<parentid>2086115</parentid>
<timestamp>2016-04-08T21:17:34Z</timestamp>
<contributor>
<username>Cpls</username>
<id>20608</id>
</contributor>
<comment>/* {{-gl-}} */</comment>
<model>wikitext</model>
<format>text/x-wiki</format>
<text bytes="441" xml:space="preserve">={{-gl-}}=
==Substantivo==
{{flex.gl|ms=faldrapo|mp=faldrapos}}
{{paroxítona|fal|dra|po|lang=gl}}, {{m}}
# [[farrapo]]
===Sinónimo===
{{dividir em colunas|3}}
* [[cerelho#Galego|cerelho]]
* [[fadelho#{{gl}}|fadelho]]
* [[feldrelho#Galego|feldrelho]]
{{dividir em colunas.fim}}
=={{etimologia|gl}}==
: {{escopo|Morfologia}} Derivada de [[faldra]]. Confronte-se com ''[[faldrapado#Galego|faldrapado]]''.
[[Categoria:Substantivo (Galego)]]</text>
<sha1>ds63y5qdz8t1wcvst5lynviovgsd0ya</sha1>
</revision>
</page>
