<page>
<title>falda</title>
<ns>0</ns>
<id>270335</id>
<revision>
<id>2347649</id>
<parentid>2234426</parentid>
<timestamp>2017-05-01T19:47:09Z</timestamp>
<contributor>
<username>HydrizBot</username>
<id>29590</id>
</contributor>
<minor />
<comment>Robô: A limpar links interwikis antigos</comment>
<model>wikitext</model>
<format>text/x-wiki</format>
<text bytes="403" xml:space="preserve">={{-pt-}}=
==Substantivo==
{{paroxítona|fal|da}}, {{f}}
# [[sopé]], [[abas]] (de montes, uma serra etc.)
=={{etimologia|pt}}==
: Do [[germânico]] ''falda''
[[Categoria:Substantivo (Português)]]
={{-es-}}=
==Substantivo==
'''falda''', ''feminino''  
#[[saia]].
=={{pronúncia}}==
* [[AFI]]: {{AFI|[ˈfalda]}}
[[Categoria:Substantivo (Espanhol)]]
[[Categoria:Entrada com pronúncia (Espanhol)]]</text>
<sha1>7k0savh27scwyspmvg1kuin4dpnjnxd</sha1>
</revision>
</page>
