<page>
<page>
<title>faldrapado</title>
<ns>0</ns>
<id>356291</id>
<revision>
<id>2086120</id>
<timestamp>2016-04-08T21:19:23Z</timestamp>
<contributor>
<username>Cpls</username>
<id>20608</id>
</contributor>
<comment>[[Ajuda:Guia de edição/Menus e ferramentas/Sumário de edição|→]] nova página: ={{-gl-}}= ==Adjetivo== {{flex.gl|ms=faldrapado|mp=faldrapados|fs=faldrapada|fp=faldrapadas}} {{paroxítona|f...</comment>
<model>wikitext</model>
<format>text/x-wiki</format>
<text bytes="367" xml:space="preserve">={{-gl-}}=
==Adjetivo==
{{flex.gl|ms=faldrapado|mp=faldrapados|fs=faldrapada|fp=faldrapadas}}
{{paroxítona|fal|dra|pa|do|lang=gl}}
# {{escopoCat|Culinária|gl}} a falar do [[caldo]], que é pouco espesso, que tem muita água
=={{etimologia|gl}}==
: {{escopo|Morfologia}} Derivada de [[faldra]] e ''[[faldrapo#Galego|faldrapo]]''.
[[Categoria:Substantivo (Galego)]]</text>
<sha1>rt401thpsqq3vj6wjaljiowmp80z9vq</sha1>
</revision>
