<page>
<page>
<title>faldra</title>
<ns>0</ns>
<id>296590</id>
<revision>
<id>2347650</id>
<parentid>1768035</parentid>
<timestamp>2017-05-01T19:47:11Z</timestamp>
<contributor>
<username>HydrizBot</username>
<id>29590</id>
</contributor>
<minor />
<comment>Robô: A limpar links interwikis antigos</comment>
<model>wikitext</model>
<format>text/x-wiki</format>
<text bytes="521" xml:space="preserve">={{-pt-}}=
==Substantivo==
{{flex.pt|fs=faldra|fp=faldras}}
{{paroxítona|fal|dra}}
# {{escopo|Arcaísmo}} [[fralda]]
=={{etimologia|pt}}==
: Do proto-germânico ''*falthanan'', [[teia]] [[dobrado|dobrada]], aparentado com o inglês ''fold''.
==Ver também==
===No Wikcionário===
* [[faldriqueira]]
[[Categoria:Substantivo (Português)]]
={{-gl-}}=
==Substantivo==
{{flex.pt|fs=faldra|fp=faldras}}
{{paroxítona|fal|dra}}
# [[fralda]]
# [[peça]] de [[carne]] de [[rês]], [[aba]]
[[Categoria:Substantivo (Galego)]]</text>
<sha1>g24gctncearcn0gh8qsb63aq125m3ea</sha1>
</revision>
