<page>
<title>falena</title>
<ns>0</ns>
<id>113129</id>
<revision>
<id>2347663</id>
<parentid>2185402</parentid>
<timestamp>2017-05-01T19:48:06Z</timestamp>
<contributor>
<username>HydrizBot</username>
<id>29590</id>
</contributor>
<minor />
<comment>Robô: A limpar links interwikis antigos</comment>
<model>wikitext</model>
<format>text/x-wiki</format>
<text bytes="565" xml:space="preserve">={{-pt-}}=
[[Ficheiro:Chlorissa pulmentaria.jpg|thumb|200px|]]
==Substantivo==
{{paroxítona|fa|le|na}}, {{gramática|f}}
# [[designação]] [[comum]] a todas as [[borboletas]] da [[família]] dos [[Geometrídeos]] (Geometridae), cujas [[larvas]] atacam toda a sorte de [[árvores]] e [[plantas]], [[comer|comendo]]-lhes as folhas
=={{etimologia|pt}}==
{{llietimo|grc|phalaina|pt}}
=={{pronúncia|pt}}==
*[[AFI]]: &lt;big&gt;/fa.lɛ.nə/&lt;/big&gt;
[[Categoria:Substantivo (Português)]]
[[Categoria:Entomologia (Português)]]
[[Categoria:Entrada com imagem (Português)]]</text>
<sha1>kj735gfjhpoprxtgrmynjdjif81lt53</sha1>
</revision>
</page>
