<page>
<page>
<title>faleça</title>
<ns>0</ns>
<id>101006</id>
<revision>
<id>2347665</id>
<parentid>2197344</parentid>
<timestamp>2017-05-01T19:48:10Z</timestamp>
<contributor>
<username>HydrizBot</username>
<id>29590</id>
</contributor>
<minor />
<comment>Robô: A limpar links interwikis antigos</comment>
<model>wikitext</model>
<format>text/x-wiki</format>
<text bytes="313" xml:space="preserve">={{-pt-}}=
==Forma verbal==
{{paroxítona|fa|le|ça}}
# primeira pessoa do singular do presente do conjuntivo do verbo [[falecer]]
# terceira pessoa do singular do presente do conjuntivo do verbo [[falecer]]
# terceira pessoa do singular do imperativo do verbo [[falecer]]
[[Categoria:Forma verbal (Português)]]</text>
<sha1>o92q6gkkuyc3j3x1kp8am2ey0q4xjso</sha1>
</revision>
