<page>
<title>falepa</title>
<ns>0</ns>
<id>345768</id>
<revision>
<id>2034798</id>
<parentid>2011220</parentid>
<timestamp>2015-11-08T23:05:31Z</timestamp>
<contributor>
<username>Cpls</username>
<id>20608</id>
</contributor>
<comment>/* Sinónimos */</comment>
<model>wikitext</model>
<format>text/x-wiki</format>
<text bytes="471" xml:space="preserve">={{-gl-}}=
==Substantivo==
{{flex.gl|fs=falepa|fp=falepas}}
{{paroxítona|fa|le|pa|lang=gl}}, {{f}}
# [[floco]] de neve
===Sinónimos===
{{verTambém.Ini}}
* [[falampo#Galego|falampo]]
* [[falerpa#{{gl}}|falerpa]]
* [[felopa#Galego|felopa]]
* [[felerpa#Galego|felerpa]]
{{verTambém.NovaColuna}}
* [[folampo#Galego|folampo]]
* [[folepo#Galego|folepo]]
* [[folerpa#Galego|folerpa]]
{{verTambém.Fim}}
[[Categoria:Substantivo (Galego)]]
[[Categoria:Meteorologia (Galego)]]</text>
<sha1>l8ji9l60cllz6othq2mltyni6v5mupl</sha1>
</revision>
</page>
