<page>
<page>
<title>fales</title>
<ns>0</ns>
<id>218555</id>
<revision>
<id>2347664</id>
<parentid>2164254</parentid>
<timestamp>2017-05-01T19:48:09Z</timestamp>
<contributor>
<username>HydrizBot</username>
<id>29590</id>
</contributor>
<minor />
<comment>Robô: A limpar links interwikis antigos</comment>
<model>wikitext</model>
<format>text/x-wiki</format>
<text bytes="268" xml:space="preserve">={{-pt-}}=
==Forma verbal==
{{paroxítona|fa|les}}
# segunda pessoa do singular do presente do modo subjuntivo do verbo [[falar]]
# segunda pessoa do singular do imperativo negativo do verbo [[falar]]
==Anagrama==
# [[felás]]
[[Categoria:Forma verbal (Português)]]</text>
<sha1>a0s9x9re3xsfxf24kb1zvb6efarcvx0</sha1>
</revision>
