<page>
<title>falecer</title>
<ns>0</ns>
<id>3775</id>
<revision>
<id>2347654</id>
<parentid>2197343</parentid>
<timestamp>2017-05-01T19:47:22Z</timestamp>
<contributor>
<username>HydrizBot</username>
<id>29590</id>
</contributor>
<minor />
<comment>Robô: A limpar links interwikis antigos</comment>
<model>wikitext</model>
<format>text/x-wiki</format>
<text bytes="1092" xml:space="preserve">={{-pt-}}=
==Verbo==
{{oxítona|fa|le|cer}}, {{gramática|intrans}}
# [[morrer]]
# haver [[falta]] ou [[carência]], [[faltar]], [[escassear]]:    
#* ''O insigne orador disse ter recebido homenagens para as quais lhe '''falecem''' títulos de merecimento.''
===Conjugação===
{{conj/pt|fale|cer}}
===Tradução===
{{tradini}}
* {{trad|fr|mourir}}
* {{trad|ia|obir}}
{{tradmeio}}
* {{trad|pap|muri|fayesé}}
{{tradfim}}
=={{etimologia|pt}}==
{{llietimo|la|fallescere|pt|ponto=não}}, forma incoativa do latim ''fallere'' ([[enganar]], [[faltar]]).
===Nota de uso===
: É frequente o uso desta palavra como sinônimo de [[morrer]], talvez como [[eufemismo]].
: Falecer provém do verbo latino ‘fallere’ (enganar, não cumprir, ser infiel, fingir), a partir do qual se formou também falhar. Deste verbo derivou-se o adjetivo latino ‘falax, fallacis’ (impostor, pérfido, mentiroso) e também o vocábulo vulgar ‘falla’, que deu lugar a falecer e desfalecer. O supino de ‘fallere’ era ‘falsus’, de onde provêm falso, falta e falácia.
[[Categoria:Verbo (Português)]]</text>
<sha1>33zvkxl5ubyuw4lpmixpm2zhrmpwi5a</sha1>
</revision>
</page>
