<page>
<page>
<title>falei</title>
<ns>0</ns>
<id>170331</id>
<revision>
<id>2347659</id>
<parentid>2164258</parentid>
<timestamp>2017-05-01T19:47:32Z</timestamp>
<contributor>
<username>HydrizBot</username>
<id>29590</id>
</contributor>
<minor />
<comment>Robô: A limpar links interwikis antigos</comment>
<model>wikitext</model>
<format>text/x-wiki</format>
<text bytes="191" xml:space="preserve">={{-pt-}}=
==Forma verbal==
'''falei'''
#[[primeira pessoa]] do [[singular]] do [[pretérito perfeito]] do [[modo indicativo]] do verbo '''[[falar]]'''
[[Categoria:Forma verbal (Português)]]</text>
<sha1>ge5x3idoiaz1wjrxvsswssr09fy9ofx</sha1>
</revision>
