<page>
<title>falemos</title>
<ns>0</ns>
<id>214163</id>
<revision>
<id>2347662</id>
<parentid>2164255</parentid>
<timestamp>2017-05-01T19:48:01Z</timestamp>
<contributor>
<username>HydrizBot</username>
<id>29590</id>
</contributor>
<minor />
<comment>Robô: A limpar links interwikis antigos</comment>
<model>wikitext</model>
<format>text/x-wiki</format>
<text bytes="365" xml:space="preserve">={{-pt-}}=
==Forma verbal==
'''falemos'''
#[[primeira pessoa]] do [[plural]] do [[presente]] do [[modo subjuntivo]] do verbo '''[[falar]]'''
#[[primeira pessoa]] do [[plural]] do [[imperativo]] [[afirmativo]] do verbo '''[[falar]]'''
#[[primeira pessoa]] do [[plural]] do [[imperativo]] [[negativo]] do verbo '''[[falar]]'''
[[Categoria:Forma verbal (Português)]]</text>
<sha1>pru6x3kv2sn78rqd2gatgapd319dlw7</sha1>
</revision>
</page>
