<page>
<title>falece</title>
<ns>0</ns>
<id>96411</id>
<revision>
<id>2347653</id>
<parentid>2197345</parentid>
<timestamp>2017-05-01T19:47:18Z</timestamp>
<contributor>
<username>HydrizBot</username>
<id>29590</id>
</contributor>
<minor />
<comment>Robô: A limpar links interwikis antigos</comment>
<model>wikitext</model>
<format>text/x-wiki</format>
<text bytes="236" xml:space="preserve">={{-pt-}}=
== Forma verbal ==
{{paroxítona|fa|le|ce}}
# terceira pessoa do singular do presente do indicativo do verbo [[falecer]]
# segunda pessoa do singular do imperativo do verbo [[falecer]]
[[Categoria: Forma verbal (Português)]]</text>
<sha1>2joahmy0u89hk3hf2mj62uuid65aeyk</sha1>
</revision>
</page>
