<page>
<page>
<title>falecido</title>
<ns>0</ns>
<id>240756</id>
<revision>
<id>2551869</id>
<parentid>2551862</parentid>
<timestamp>2019-08-27T23:23:50Z</timestamp>
<contributor>
<username>ValJor</username>
<id>1358</id>
</contributor>
<minor />
<comment>Revertidas edições por [[Especial:Contribuições/201.182.52.7|201.182.52.7]] para a última versão por [[Especial:Contribuições/HydrizBot|HydrizBot]]</comment>
<model>wikitext</model>
<format>text/x-wiki</format>
<text bytes="447" xml:space="preserve">={{-pt-}}=
==Adjetivo==
{{flex.pt|ms=falecido|mp=falecidos|fs=falecida|fp=falecidas}}
{{paroxítona|fa|le|ci|do}}
# [[morto]]
# [[falho]], [[carente]] de
===Verbetes derivados===
{{verTambém.Ini}}
* [[nuperfalecido]]
{{verTambém.NovaColuna}}
* [[recém-falecido]]
{{verTambém.Fim}}
==Forma verbal==
{{paroxítona|fa|le|ci|do}}
# [[particípio]] do verbo [[falecer]]
[[Categoria:Adjetivo (Português)]]
[[Categoria:Forma verbal (Português)]]</text>
<sha1>4cocpn3k4grl3k5ckdyz90dt4eecgv3</sha1>
</revision>
