<page>
<page>
<title>faleceu</title>
<ns>0</ns>
<id>93674</id>
<revision>
<id>2347656</id>
<parentid>2197341</parentid>
<timestamp>2017-05-01T19:47:26Z</timestamp>
<contributor>
<username>HydrizBot</username>
<id>29590</id>
</contributor>
<minor />
<comment>Robô: A limpar links interwikis antigos</comment>
<model>wikitext</model>
<format>text/x-wiki</format>
<text bytes="181" xml:space="preserve">={{-pt-}}=
== Forma verbal ==
{{oxítona|fa|le|ceu}}
# terceira pessoa do singular do pretérito perfeito do indicativo do verbo [[falecer]]
[[Categoria: Forma verbal (Português)]]</text>
<sha1>daebbgy68pe3e47yp4gc531vqefca0q</sha1>
</revision>
