<page>
<page>
<title>falharíeis</title>
<ns>0</ns>
<id>195158</id>
<revision>
<id>2347691</id>
<parentid>1149241</parentid>
<timestamp>2017-05-01T19:49:31Z</timestamp>
<contributor>
<username>HydrizBot</username>
<id>29590</id>
</contributor>
<minor />
<comment>Robô: A limpar links interwikis antigos</comment>
<model>wikitext</model>
<format>text/x-wiki</format>
<text bytes="174" xml:space="preserve">={{-pt-}}=
==Forma verbal==
'''falharíeis'''
#[[segunda pessoa]] do [[plural]] do [[futuro do pretérito]] do verbo '''[[falhar]]'''
[[Categoria:Forma verbal (Português)]]</text>
<sha1>ie26puwqo652598twv4miml4vubdqwb</sha1>
</revision>
