<page>
<title>falhará</title>
<ns>0</ns>
<id>187063</id>
<revision>
<id>2347687</id>
<parentid>1149237</parentid>
<timestamp>2017-05-01T19:49:24Z</timestamp>
<contributor>
<username>HydrizBot</username>
<id>29590</id>
</contributor>
<minor />
<comment>Robô: A limpar links interwikis antigos</comment>
<model>wikitext</model>
<format>text/x-wiki</format>
<text bytes="172" xml:space="preserve">={{-pt-}}=
==Forma verbal==
'''falhará'''
#[[terceira pessoa]] do [[singular]] do [[futuro do presente]] do verbo '''[[falhar]]'''
[[Categoria:Forma verbal (Português)]]</text>
<sha1>d4hmadd8nj56204gi6t564l4pffeee2</sha1>
</revision>
</page>
