<page>
<title>falharíamos</title>
<ns>0</ns>
<id>193851</id>
<revision>
<id>2347690</id>
<parentid>1149240</parentid>
<timestamp>2017-05-01T19:49:30Z</timestamp>
<contributor>
<username>HydrizBot</username>
<id>29590</id>
</contributor>
<minor />
<comment>Robô: A limpar links interwikis antigos</comment>
<model>wikitext</model>
<format>text/x-wiki</format>
<text bytes="176" xml:space="preserve">={{-pt-}}=
==Forma verbal==
'''falharíamos'''
#[[primeira pessoa]] do [[plural]] do [[futuro do pretérito]] do verbo '''[[falhar]]'''
[[Categoria:Forma verbal (Português)]]</text>
<sha1>h69mfrd1leo6dey2vp8iybxqzyqsw3u</sha1>
</revision>
</page>
