<page>
<page>
<title>falhos</title>
<ns>0</ns>
<id>339876</id>
<revision>
<id>1930495</id>
<parentid>1930494</parentid>
<timestamp>2015-05-16T11:58:45Z</timestamp>
<contributor>
<username>MIL973</username>
<id>41339</id>
</contributor>
<minor />
<comment>adicionou [[Categoria:Forma de substantivo (Português)]] usando [[Wikcionário:HotCat|HotCat]]</comment>
<model>wikitext</model>
<format>text/x-wiki</format>
<text bytes="281" xml:space="preserve">={{-pt-}}=
==Forma de adjetivo==
{{paroxítona|fa|lhos}}, {{m}}
# plural de [[falho]]
==Forma de substantivo==
{{paroxítona|fa|lhos}}, {{m}}
# plural de [[falho]]
{{avi-for-fle|falho}}
[[Categoria:Forma de adjetivo (Português)]]
[[Categoria:Forma de substantivo (Português)]]</text>
<sha1>98zatazsh67weh1fswinvjc1fwcei8w</sha1>
</revision>
