<page>
<page>
<title>falhes</title>
<ns>0</ns>
<id>219264</id>
<revision>
<id>2347706</id>
<parentid>1149256</parentid>
<timestamp>2017-05-01T19:51:28Z</timestamp>
<contributor>
<username>HydrizBot</username>
<id>29590</id>
</contributor>
<minor />
<comment>Robô: A limpar links interwikis antigos</comment>
<model>wikitext</model>
<format>text/x-wiki</format>
<text bytes="275" xml:space="preserve">={{-pt-}}=
==Forma verbal==
'''falhes'''
#[[segunda pessoa]] do [[singular]] do [[presente]] do [[modo subjuntivo]] do verbo '''[[falhar]]'''
#[[segunda pessoa]] do [[singular]] do [[imperativo]] [[negativo]] do verbo '''[[falhar]]'''
[[Categoria:Forma verbal (Português)]]</text>
<sha1>dus3gr6ija76borozdkunpppyoqifoh</sha1>
</revision>
