<page>
<page>
<title>falháramos</title>
<ns>0</ns>
<id>180945</id>
<revision>
<id>2347710</id>
<parentid>1149259</parentid>
<timestamp>2017-05-01T19:51:35Z</timestamp>
<contributor>
<username>HydrizBot</username>
<id>29590</id>
</contributor>
<minor />
<comment>Robô: A limpar links interwikis antigos</comment>
<model>wikitext</model>
<format>text/x-wiki</format>
<text bytes="183" xml:space="preserve">={{-pt-}}=
==Forma verbal==
'''falháramos'''
#[[primeira pessoa]] do [[plural]] do [[pretérito mais-que-perfeito]] do verbo '''[[falhar]]'''
[[Categoria:Forma verbal (Português)]]</text>
<sha1>kbyekxtoxfvhmjfjb3plsqnrb8cxiti</sha1>
</revision>
