<page>
<title>falháveis</title>
<ns>0</ns>
<id>168170</id>
<revision>
<id>2347715</id>
<parentid>1149264</parentid>
<timestamp>2017-05-01T19:51:54Z</timestamp>
<contributor>
<username>HydrizBot</username>
<id>29590</id>
</contributor>
<minor />
<comment>Robô: A limpar links interwikis antigos</comment>
<model>wikitext</model>
<format>text/x-wiki</format>
<text bytes="196" xml:space="preserve">={{-pt-}}=
==Forma verbal==
'''falháveis'''
#[[segunda pessoa]] do [[plural]] do [[pretérito imperfeito]] do [[modo indicativo]] do verbo '''[[falhar]]'''
[[Categoria:Forma verbal (Português)]]</text>
<sha1>37zfq8bwfhc1dca7n60c5f5csxzn8q7</sha1>
</revision>
</page>
