<page>
<title>falhaste</title>
<ns>0</ns>
<id>172482</id>
<revision>
<id>2347696</id>
<parentid>1149246</parentid>
<timestamp>2017-05-01T19:50:16Z</timestamp>
<contributor>
<username>HydrizBot</username>
<id>29590</id>
</contributor>
<minor />
<comment>Robô: A limpar links interwikis antigos</comment>
<model>wikitext</model>
<format>text/x-wiki</format>
<text bytes="194" xml:space="preserve">={{-pt-}}=
==Forma verbal==
'''falhaste'''
#[[segunda pessoa]] do [[singular]] do [[pretérito perfeito]] do [[modo indicativo]] do verbo '''[[falhar]]'''
[[Categoria:Forma verbal (Português)]]</text>
<sha1>l8stbrnwqqcb82epj04hhvpdgziozjy</sha1>
</revision>
</page>
