<page>
<title>falhardes</title>
<ns>0</ns>
<id>210775</id>
<revision>
<id>2347677</id>
<parentid>1149227</parentid>
<timestamp>2017-05-01T19:48:46Z</timestamp>
<contributor>
<username>HydrizBot</username>
<id>29590</id>
</contributor>
<minor />
<comment>Robô: A limpar links interwikis antigos</comment>
<model>wikitext</model>
<format>text/x-wiki</format>
<text bytes="267" xml:space="preserve">={{-pt-}}=
==Forma verbal==
'''falhardes'''
#[[segunda pessoa]] do [[plural]] do [[futuro]] do [[modo subjuntivo]] do verbo '''[[falhar]]'''
#[[infinitivo pessoal]] da [[segunda pessoa]] do [[plural]] do verbo '''[[falhar]]'''
[[Categoria:Forma verbal (Português)]]</text>
<sha1>qkqivygeplzfrtfsz1av6rmzuzxn9ui</sha1>
</revision>
</page>
