<page>
<page>
<title>falhei</title>
<ns>0</ns>
<id>171068</id>
<revision>
<id>2347702</id>
<parentid>1149252</parentid>
<timestamp>2017-05-01T19:51:02Z</timestamp>
<contributor>
<username>HydrizBot</username>
<id>29590</id>
</contributor>
<minor />
<comment>Robô: A limpar links interwikis antigos</comment>
<model>wikitext</model>
<format>text/x-wiki</format>
<text bytes="193" xml:space="preserve">={{-pt-}}=
==Forma verbal==
'''falhei'''
#[[primeira pessoa]] do [[singular]] do [[pretérito perfeito]] do [[modo indicativo]] do verbo '''[[falhar]]'''
[[Categoria:Forma verbal (Português)]]</text>
<sha1>6y84yliol5ekyz75f1p9k85vxmfcw30</sha1>
</revision>
