<page>
<title>falhavam</title>
<ns>0</ns>
<id>169606</id>
<revision>
<id>2347699</id>
<parentid>1149249</parentid>
<timestamp>2017-05-01T19:50:57Z</timestamp>
<contributor>
<username>HydrizBot</username>
<id>29590</id>
</contributor>
<minor />
<comment>Robô: A limpar links interwikis antigos</comment>
<model>wikitext</model>
<format>text/x-wiki</format>
<text bytes="195" xml:space="preserve">={{-pt-}}=
==Forma verbal==
'''falhavam'''
#[[terceira pessoa]] do [[plural]] do [[pretérito imperfeito]] do [[modo indicativo]] do verbo '''[[falhar]]'''
[[Categoria:Forma verbal (Português)]]</text>
<sha1>kseb5zgo44ibpge9iqyitha5tu57tl0</sha1>
</revision>
</page>
