<page>
<page>
<title>falhasse</title>
<ns>0</ns>
<id>206096</id>
<revision>
<id>2347693</id>
<parentid>1149243</parentid>
<timestamp>2017-05-01T19:49:35Z</timestamp>
<contributor>
<username>HydrizBot</username>
<id>29590</id>
</contributor>
<minor />
<comment>Robô: A limpar links interwikis antigos</comment>
<model>wikitext</model>
<format>text/x-wiki</format>
<text bytes="229" xml:space="preserve">={{-pt-}}=
==Forma verbal==
'''falhasse'''
#[[primeira pessoa|primeira]] e [[terceira pessoa]] do [[singular]] do [[pretérito imperfeito]] do [[modo subjuntivo]] do verbo '''[[falhar]]'''
[[Categoria:Forma verbal (Português)]]</text>
<sha1>h68jaoqdla17plgovww3ngsh8hurj9u</sha1>
</revision>
