<page>
<title>falhamos</title>
<ns>0</ns>
<id>158010</id>
<revision>
<id>2496011</id>
<parentid>2347671</parentid>
<timestamp>2018-04-12T15:32:58Z</timestamp>
<contributor>
<username>ValJor</username>
<id>1358</id>
</contributor>
<comment>Acrescentando a predefinição avi-for-fle</comment>
<model>wikitext</model>
<format>text/x-wiki</format>
<text bytes="318" xml:space="preserve">={{-pt-}}=
==Forma verbal==
{{paroxítona|fa|lha|mos}}
# primeira pessoa do plural do presente do modo indicativo do verbo [[falhar]]
# {{escopo2|Grafia brasileira}} primeira pessoa do plural do pretérito perfeito do modo indicativo do verbo [[falhar]]
{{avi-for-fle|falhar}}
[[Categoria:Forma verbal (Português)]]</text>
<sha1>20wnz7a75mmd5pe79pvx8em1e1kpkps</sha1>
</revision>
</page>
