<page>
<page>
<title>falhásseis</title>
<ns>0</ns>
<id>202119</id>
<revision>
<id>2347712</id>
<parentid>1149261</parentid>
<timestamp>2017-05-01T19:51:39Z</timestamp>
<contributor>
<username>HydrizBot</username>
<id>29590</id>
</contributor>
<minor />
<comment>Robô: A limpar links interwikis antigos</comment>
<model>wikitext</model>
<format>text/x-wiki</format>
<text bytes="198" xml:space="preserve">={{-pt-}}=
==Forma verbal==
'''falhásseis'''
#[[segunda pessoa]] do [[plural]] do [[pretérito imperfeito]] do [[modo subjuntivo]] do verbo '''[[falhar]]'''
[[Categoria:Forma verbal (Português)]]</text>
<sha1>o7hm7e6rljz7otb5m76mwgr8yyabrs3</sha1>
</revision>
