<page>
<page>
<title>falha</title>
<ns>0</ns>
<id>32883</id>
<revision>
<id>2474979</id>
<parentid>2444208</parentid>
<timestamp>2018-01-06T17:40:58Z</timestamp>
<contributor>
<username>Imivorn</username>
<id>64513</id>
</contributor>
<model>wikitext</model>
<format>text/x-wiki</format>
<text bytes="2198" xml:space="preserve">={{-pt-}}=
==Substantivo==
{{flex.pt|fs=falha|fp=falhas}}
{{paroxítona|fa|lha}}, {{g|f}}
# [[engano]]; [[equívoco]]
# [[descontinuidade]]; [[fratura]]; [[fissura]]; [[trinca]]; [[fenda]]; [[racha]]
# [[irregularidade]]
# [[fracasso]]; [[insucesso]]; ação ou evento em que não se obteve [[sucesso]]
# [[imperfeição]]
# [[erro]]
===Antônimos===
{{verTambém.Ini}}
* [[êxito]]
{{verTambém.NovaColuna}}
* [[sucesso]]
{{verTambém.Fim}}
===Tradução===
{{tradini|engano, equívoco}}
* {{trad|es|engano|equívoco}}
* {{trad|fr|faute|erreur}}
* {{trad|en|mistake}}
{{tradmeio}}
* {{trad|it|errore|sbaglio}}
* {{trad|ja|誤り|間違い}} (''ayamari; machigai'')
* {{trad|mwl|falha}}
{{tradfim}}
{{tradini|defeito, insucesso, algo que não funciona corretamente}}
* {{trad|en|failure|fault}}
* {{t|ja|出来損ない||dekisokonai}}
{{tradmeio}}
* {{trad|mwl|falha}}
{{tradfim}}
{{tradini|descontinuidade, fratura, fissura, trinca, fenda, racha}}
* {{trad|es|discontinuidad|fractura|fisura|fenda|brecha}}
* {{trad|fr|discontinuité|fracture|fissure|fente}}
{{tradmeio}}
* {{trad|en|discontinuity|fracture|crack|fissure|chink|scracth}}
* {{trad|it|discontinuità|frattura|fessura|fenditura|crepa|faglia}}
{{tradfim}}
==Forma de adjetivo==
{{paroxítona|fa|lha}}, {{g|f}}
# feminino de [[falho]]
==Forma de substantivo==
{{paroxítona|fa|lha}}, {{g|f}}
# feminino de [[falho]]
{{avi-for-fle|falho}}
==Forma verbal==
{{paroxítona|fa|lha}}
# terceira pessoa do singular do presente do indicativo do verbo [[falhar]]
# segunda pessoa do singular do imperativo afirmativo do verbo falhar
{{avi-for-fle|falhar}}
=={{etimologia|pt}}==
{{llietimo|la|fallo|pt|ponto=não}}, cujo infinitivo {{etimo|la|fallere}} deu origem ao latim vulgar ''*fallia''.
==Ver também==
{{colunas|2}}
* [[erro]]
* [[falho]]
* [[lapso]]
* [[mancada]]
{{colunas/fim}}
[[Categoria:Substantivo (Português)]]
[[Categoria:Forma de adjetivo (Português)]]
[[Categoria:Forma de substantivo (Português)]]
[[Categoria:Forma verbal (Português)]]
={{-mwl-}}=
==Substantivo==
{{flex.mwl|fs=falha|fp=falhas}}
{{paroxítona|fa|lha|língua=mwl}}, {{f}}
# [[falha#Português|falha]]
[[Categoria:Substantivo (Mirandês)]]
]]</text>
<sha1>jgcb5ueka2rrcfvhjl1f0itxizpd0ss</sha1>
</revision>
