<page>
<page>
<title>falharem</title>
<ns>0</ns>
<id>212113</id>
<revision>
<id>2347680</id>
<parentid>1149230</parentid>
<timestamp>2017-05-01T19:48:52Z</timestamp>
<contributor>
<username>HydrizBot</username>
<id>29590</id>
</contributor>
<minor />
<comment>Robô: A limpar links interwikis antigos</comment>
<model>wikitext</model>
<format>text/x-wiki</format>
<text bytes="268" xml:space="preserve">={{-pt-}}=
==Forma verbal==
'''falharem'''
#[[terceira pessoa]] do [[plural]] do [[futuro]] do [[modo subjuntivo]] do verbo '''[[falhar]]'''
#[[infinitivo pessoal]] da [[terceira pessoa]] do [[plural]] do verbo '''[[falhar]]'''
[[Categoria:Forma verbal (Português)]]</text>
<sha1>s4sh8nf049zusctyt9xo3wj1h5f4a9k</sha1>
</revision>
