<page>
<page>
<title>falhássemos</title>
<ns>0</ns>
<id>199279</id>
<revision>
<id>2347713</id>
<parentid>1149262</parentid>
<timestamp>2017-05-01T19:51:41Z</timestamp>
<contributor>
<username>HydrizBot</username>
<id>29590</id>
</contributor>
<minor />
<comment>Robô: A limpar links interwikis antigos</comment>
<model>wikitext</model>
<format>text/x-wiki</format>
<text bytes="200" xml:space="preserve">={{-pt-}}=
==Forma verbal==
'''falhássemos'''
#[[primeira pessoa]] do [[plural]] do [[pretérito imperfeito]] do [[modo subjuntivo]] do verbo '''[[falhar]]'''
[[Categoria:Forma verbal (Português)]]</text>
<sha1>oygbnu3ed9iy67b5d8he43midv25id0</sha1>
</revision>
