<page>
<page>
<title>falhai</title>
<ns>0</ns>
<id>220749</id>
<revision>
<id>2347668</id>
<parentid>1149219</parentid>
<timestamp>2017-05-01T19:48:16Z</timestamp>
<contributor>
<username>HydrizBot</username>
<id>29590</id>
</contributor>
<minor />
<comment>Robô: A limpar links interwikis antigos</comment>
<model>wikitext</model>
<format>text/x-wiki</format>
<text bytes="174" xml:space="preserve">={{-pt-}}=
==Forma verbal==
'''falhai'''
#[[segunda pessoa]] do [[plural]] do [[imperativo]] [[afirmativo]] do verbo '''[[falhar]]'''
[[Categoria:Forma verbal (Português)]]</text>
<sha1>cabrjtvbma2q05shaq1wgc3c6o783ns</sha1>
</revision>
