<page>
<page>
<title>falharemos</title>
<ns>0</ns>
<id>188397</id>
<revision>
<id>2347681</id>
<parentid>1149231</parentid>
<timestamp>2017-05-01T19:48:54Z</timestamp>
<contributor>
<username>HydrizBot</username>
<id>29590</id>
</contributor>
<minor />
<comment>Robô: A limpar links interwikis antigos</comment>
<model>wikitext</model>
<format>text/x-wiki</format>
<text bytes="172" xml:space="preserve">={{-pt-}}=
==Forma verbal==
'''falharemos'''
#[[primeira pessoa]] do [[plural]] do [[futuro do presente]] do verbo '''[[falhar]]'''
[[Categoria:Forma verbal (Português)]]</text>
<sha1>2fkhfoonsxitst0u8tdk9xa7ixz2b56</sha1>
</revision>
