<page>
<page>
<title>falheis</title>
<ns>0</ns>
<id>217849</id>
<revision>
<id>2347703</id>
<parentid>1149253</parentid>
<timestamp>2017-05-01T19:51:04Z</timestamp>
<contributor>
<username>HydrizBot</username>
<id>29590</id>
</contributor>
<minor />
<comment>Robô: A limpar links interwikis antigos</comment>
<model>wikitext</model>
<format>text/x-wiki</format>
<text bytes="272" xml:space="preserve">={{-pt-}}=
==Forma verbal==
'''falheis'''
#[[segunda pessoa]] do [[plural]] do [[presente]] do [[modo subjuntivo]] do verbo '''[[falhar]]'''
#[[segunda pessoa]] do [[plural]] do [[imperativo]] [[negativo]] do verbo '''[[falhar]]'''
[[Categoria:Forma verbal (Português)]]</text>
<sha1>4gzpluyt3697kk7i1bb3aq7pz4ti2yu</sha1>
</revision>
