<page>
<page>
<title>falhávamos</title>
<ns>0</ns>
<id>163731</id>
<revision>
<id>2347714</id>
<parentid>1149263</parentid>
<timestamp>2017-05-01T19:51:43Z</timestamp>
<contributor>
<username>HydrizBot</username>
<id>29590</id>
</contributor>
<minor />
<comment>Robô: A limpar links interwikis antigos</comment>
<model>wikitext</model>
<format>text/x-wiki</format>
<text bytes="198" xml:space="preserve">={{-pt-}}=
==Forma verbal==
'''falhávamos'''
#[[primeira pessoa]] do [[plural]] do [[pretérito imperfeito]] do [[modo indicativo]] do verbo '''[[falhar]]'''
[[Categoria:Forma verbal (Português)]]</text>
<sha1>g20ukiqv76jxx0ymcx6jgmlgpzc0nbs</sha1>
</revision>
