<page>
<page>
<title>falhando</title>
<ns>0</ns>
<id>156497</id>
<revision>
<id>2347672</id>
<parentid>1149223</parentid>
<timestamp>2017-05-01T19:48:23Z</timestamp>
<contributor>
<username>HydrizBot</username>
<id>29590</id>
</contributor>
<minor />
<comment>Robô: A limpar links interwikis antigos</comment>
<model>wikitext</model>
<format>text/x-wiki</format>
<text bytes="124" xml:space="preserve">={{-pt-}}=
==Forma verbal==
'''falhando'''
#[[gerúndio]] do verbo '''[[falhar]]'''
[[Categoria:Forma verbal (Português)]]</text>
<sha1>8e7j6hpktbv0l1vr3vmqzhzlirzhnnv</sha1>
</revision>
