<page>
<page>
<title>falharia</title>
<ns>0</ns>
<id>192500</id>
<revision>
<id>2347683</id>
<parentid>1149233</parentid>
<timestamp>2017-05-01T19:48:58Z</timestamp>
<contributor>
<username>HydrizBot</username>
<id>29590</id>
</contributor>
<minor />
<comment>Robô: A limpar links interwikis antigos</comment>
<model>wikitext</model>
<format>text/x-wiki</format>
<text bytes="205" xml:space="preserve">={{-pt-}}=
==Forma verbal==
'''falharia'''
#[[primeira pessoa|primeira]] e [[terceira pessoa]] do [[singular]] do [[futuro do pretérito]] do verbo '''[[falhar]]'''
[[Categoria:Forma verbal (Português)]]</text>
<sha1>a8g4nw84qm6cg4whger4hpv92a2wwj4</sha1>
</revision>
