<page>
<title>falho</title>
<ns>0</ns>
<id>52397</id>
<revision>
<id>2616220</id>
<parentid>2347707</parentid>
<timestamp>2021-02-01T00:27:53Z</timestamp>
<contributor>
<username>MarxavBot</username>
<id>80155</id>
</contributor>
<minor />
<comment>AFI Portugal</comment>
<model>wikitext</model>
<format>text/x-wiki</format>
<text bytes="710" xml:space="preserve">={{-pt-}}=
==Adjetivo==
{{flex.pt|ms=falho|mp=falhos|fs=falha|fp=falhas}}
{{paroxítona|fa|lho}}, {{m}}
# que tem [[falha]]
# que não tem o [[peso]] devido
# [[fracassado]]
===Antônimo===
* [[exitoso]]
==Substantivo==
{{flex.pt|ms=falho|mp=falhos|fs=falha|fp=falhas}}
{{paroxítona|fa|lho}}, {{m}}
# pessoa falha; [[fracassado]]
===Antônimo===
* [[exitoso]]
==Forma verbal==
{{paroxítona|fa|lho}}
# primeira pessoa do singular do presente do indicativo do verbo [[falhar]]
{{avi-for-fle|falhar}}
=={{pronúncia|pt}}==
===Portugal===
* AFI: {{AFI|/ˈfa.ʎu/}}
==Anagrama==
# [[folha]]
[[Categoria:Adjetivo (Português)]]
[[Categoria:Substantivo (Português)]]
[[Categoria:Forma verbal (Português)]]</text>
<sha1>a5a1qvx55u7n4d4hs55heo3r4my56vb</sha1>
</revision>
</page>
