<page>
<title>falhem</title>
<ns>0</ns>
<id>216501</id>
<revision>
<id>2347704</id>
<parentid>1149254</parentid>
<timestamp>2017-05-01T19:51:05Z</timestamp>
<contributor>
<username>HydrizBot</username>
<id>29590</id>
</contributor>
<minor />
<comment>Robô: A limpar links interwikis antigos</comment>
<model>wikitext</model>
<format>text/x-wiki</format>
<text bytes="367" xml:space="preserve">={{-pt-}}=
==Forma verbal==
'''falhem'''
#[[terceira pessoa]] do [[plural]] do [[presente]] do [[modo subjuntivo]] do verbo '''[[falhar]]'''
#[[terceira pessoa]] do [[plural]] do [[imperativo]] [[afirmativo]] do verbo '''[[falhar]]'''
#[[terceira pessoa]] do [[plural]] do [[imperativo]] [[negativo]] do verbo '''[[falhar]]'''
[[Categoria:Forma verbal (Português)]]</text>
<sha1>snvb9nc0ky3l6d6jkuv4hj53d9h6l1a</sha1>
</revision>
</page>
