<page>
<page>
<title>falharias</title>
<ns>0</ns>
<id>200785</id>
<revision>
<id>2347685</id>
<parentid>1149235</parentid>
<timestamp>2017-05-01T19:49:21Z</timestamp>
<contributor>
<username>HydrizBot</username>
<id>29590</id>
</contributor>
<minor />
<comment>Robô: A limpar links interwikis antigos</comment>
<model>wikitext</model>
<format>text/x-wiki</format>
<text bytes="174" xml:space="preserve">={{-pt-}}=
==Forma verbal==
'''falharias'''
#[[segunda pessoa]] do [[singular]] do [[futuro do pretérito]] do verbo '''[[falhar]]'''
[[Categoria:Forma verbal (Português)]]</text>
<sha1>7ng2sxeiirsyb6gesaulvim8w3yro2d</sha1>
</revision>
