<page>
<title>falhara</title>
<ns>0</ns>
<id>177956</id>
<revision>
<id>2347674</id>
<parentid>1149224</parentid>
<timestamp>2017-05-01T19:48:27Z</timestamp>
<contributor>
<username>HydrizBot</username>
<id>29590</id>
</contributor>
<minor />
<comment>Robô: A limpar links interwikis antigos</comment>
<model>wikitext</model>
<format>text/x-wiki</format>
<text bytes="229" xml:space="preserve">={{-pt-}}=
==Forma verbal==
'''falhara'''
#[[primeira pessoa|primeira]] e [[terceira pessoa|terceira pessoas]] do [[singular]] do [[pretérito mais-que-perfeito]] do verbo '''[[falhar]]'''
[[Categoria:Forma verbal (Português)]]</text>
<sha1>lwopxehojaejb2mrq8ykxdyti5u326v</sha1>
</revision>
</page>
