<page>
<title>falhares</title>
<ns>0</ns>
<id>207829</id>
<revision>
<id>2347682</id>
<parentid>1149232</parentid>
<timestamp>2017-05-01T19:48:55Z</timestamp>
<contributor>
<username>HydrizBot</username>
<id>29590</id>
</contributor>
<minor />
<comment>Robô: A limpar links interwikis antigos</comment>
<model>wikitext</model>
<format>text/x-wiki</format>
<text bytes="270" xml:space="preserve">={{-pt-}}=
==Forma verbal==
'''falhares'''
#[[segunda pessoa]] do [[singular]] do [[futuro]] do [[modo subjuntivo]] do verbo '''[[falhar]]'''
#[[infinitivo pessoal]] da [[segunda pessoa]] do [[singular]] do verbo '''[[falhar]]'''
[[Categoria:Forma verbal (Português)]]</text>
<sha1>mn9mp6ymhr9kapwzktbkya46h00w2jh</sha1>
</revision>
</page>
