<page>
<title>falhavas</title>
<ns>0</ns>
<id>162329</id>
<revision>
<id>2347700</id>
<parentid>1149250</parentid>
<timestamp>2017-05-01T19:50:58Z</timestamp>
<contributor>
<username>HydrizBot</username>
<id>29590</id>
</contributor>
<minor />
<comment>Robô: A limpar links interwikis antigos</comment>
<model>wikitext</model>
<format>text/x-wiki</format>
<text bytes="196" xml:space="preserve">={{-pt-}}=
==Forma verbal==
'''falhavas'''
#[[segunda pessoa]] do [[singular]] do [[pretérito imperfeito]] do [[modo indicativo]] do verbo '''[[falhar]]'''
[[Categoria:Forma verbal (Português)]]</text>
<sha1>atfl5qppv74chu4x40tj0hmdf85inh9</sha1>
</revision>
</page>
