<page>
<page>
<title>falhava</title>
<ns>0</ns>
<id>204791</id>
<revision>
<id>2347698</id>
<parentid>1149248</parentid>
<timestamp>2017-05-01T19:50:55Z</timestamp>
<contributor>
<username>HydrizBot</username>
<id>29590</id>
</contributor>
<minor />
<comment>Robô: A limpar links interwikis antigos</comment>
<model>wikitext</model>
<format>text/x-wiki</format>
<text bytes="228" xml:space="preserve">={{-pt-}}=
==Forma verbal==
'''falhava'''
#[[primeira pessoa|primeira]] e [[terceira pessoa]] do [[singular]] do [[pretérito imperfeito]] do [[modo indicativo]] do verbo '''[[falhar]]'''
[[Categoria:Forma verbal (Português)]]</text>
<sha1>j39x4barhrws5l7qbkxv575vsku24nz</sha1>
</revision>
