<page>
<page>
<title>falhassem</title>
<ns>0</ns>
<id>203480</id>
<revision>
<id>2347694</id>
<parentid>1149244</parentid>
<timestamp>2017-05-01T19:50:12Z</timestamp>
<contributor>
<username>HydrizBot</username>
<id>29590</id>
</contributor>
<minor />
<comment>Robô: A limpar links interwikis antigos</comment>
<model>wikitext</model>
<format>text/x-wiki</format>
<text bytes="197" xml:space="preserve">={{-pt-}}=
==Forma verbal==
'''falhassem'''
#[[terceira pessoa]] do [[plural]] do [[pretérito imperfeito]] do [[modo subjuntivo]] do verbo '''[[falhar]]'''
[[Categoria:Forma verbal (Português)]]</text>
<sha1>frrudz65iojbn3nv2rg461qq6weefd7</sha1>
</revision>
