<page>
<title>falháreis</title>
<ns>0</ns>
<id>182650</id>
<revision>
<id>2347711</id>
<parentid>1149260</parentid>
<timestamp>2017-05-01T19:51:36Z</timestamp>
<contributor>
<username>HydrizBot</username>
<id>29590</id>
</contributor>
<minor />
<comment>Robô: A limpar links interwikis antigos</comment>
<model>wikitext</model>
<format>text/x-wiki</format>
<text bytes="181" xml:space="preserve">={{-pt-}}=
==Forma verbal==
'''falháreis'''
#[[segunda pessoa]] do [[plural]] do [[pretérito mais-que-perfeito]] do verbo '''[[falhar]]'''
[[Categoria:Forma verbal (Português)]]</text>
<sha1>njmw6onbxhl1n6eer9xhhltaf0jfvcs</sha1>
</revision>
</page>
