<page>
<title>falibilidade</title>
<ns>0</ns>
<id>45230</id>
<revision>
<id>2347717</id>
<parentid>1212963</parentid>
<timestamp>2017-05-01T19:52:06Z</timestamp>
<contributor>
<username>HydrizBot</username>
<id>29590</id>
</contributor>
<minor />
<comment>Robô: A limpar links interwikis antigos</comment>
<model>wikitext</model>
<format>text/x-wiki</format>
<text bytes="120" xml:space="preserve">={{-pt-}}=
==Substantivo==
# característica do que ou de quem pode [[falhar]]
[[Categoria:Substantivo (Português)]]</text>
<sha1>rwngb5bpown7lzy71mug9tlqgnsd5xk</sha1>
</revision>
</page>
