<page>
<title>fali</title>
<ns>0</ns>
<id>60459</id>
<revision>
<id>2415598</id>
<parentid>2415485</parentid>
<timestamp>2017-06-03T12:22:08Z</timestamp>
<contributor>
<username>ValJor</username>
<id>1358</id>
</contributor>
<minor />
<comment>Revertidas edições por [[Especial:Contribuições/189.12.101.190|189.12.101.190]] para a última versão por [[Especial:Contribuições/HydrizBot|HydrizBot]]</comment>
<model>wikitext</model>
<format>text/x-wiki</format>
<text bytes="740" xml:space="preserve">={{-pt-}}=
==Forma Verbal==
'''fa.li''' 
# [[primeira]] [[pessoa]] [[do]] [[singular]] [[do]] [[pretérito]] [[perfeito]] [[do]] [[indicativo]] [[do]] [[verbo]] [[falir]].
#: ''Eu já '''fali''' várias vezes!''
# [[segunda]] [[pessoa]] [[do]] [[plural]] [[do]] [[imperativo]] [[do]] [[verbo]] [[falir]].
#: ''Para nosso bem, tu e ele não '''fali''' esta empresa!''
={{-nfr-}}=
==Substantivo==
'''{{PAGENAME}}'''
# [[fazenda]]
==Ver também==
{{tradini|No Wikcionário:}}
* [[chia]]
* [[dankna]]
* [[daɳga]]
* [[falifun]]
* [[faɳga]]
* [[fiɳge]]
{{tradfim}}
[[Categoria:Substantivo (Nafana)]]
={{-tet-}}=
==Advérbio==
'''fali'''
# [[de novo]], [[novamente]].
[[Categoria:Forma verbal (Português)]]
[[Categoria:Advérbio (Tétum)]]</text>
<sha1>3y80o3nit4oc8b9jxat7pu4bprrjeab</sha1>
</revision>
</page>
