<page>
<page>
<title>falifun</title>
<ns>0</ns>
<id>238813</id>
<revision>
<id>1554863</id>
<parentid>1314223</parentid>
<timestamp>2012-12-06T20:10:50Z</timestamp>
<contributor>
<username>VJBot</username>
<id>33673</id>
</contributor>
<minor />
<comment>Robô: Substituição de texto automática  (-{{vertb}} +Ver também)</comment>
<model>wikitext</model>
<format>text/x-wiki</format>
<text bytes="264" xml:space="preserve">={{-nfr-}}=
==Substantivo==
'''{{PAGENAME}}'''
# [[fazendeiro]]
==Ver também==
{{tradini|No Wikcionário:}}
* [[chia]]
* [[dankna]]
* [[daɳga]]
* [[fali]]
* [[faɳga]]
* [[fiɳge]]
{{tradfim}}
[[Categoria:Substantivo (Nafana)]]
[[Categoria:Profissão (Nafana)]]</text>
<sha1>re1tlv5bewf38k3quxy17tro7wokchy</sha1>
</revision>
