<page>
<title>falido</title>
<ns>0</ns>
<id>69584</id>
<revision>
<id>2347718</id>
<parentid>2194752</parentid>
<timestamp>2017-05-01T19:52:09Z</timestamp>
<contributor>
<username>HydrizBot</username>
<id>29590</id>
</contributor>
<minor />
<comment>Robô: A limpar links interwikis antigos</comment>
<model>wikitext</model>
<format>text/x-wiki</format>
<text bytes="572" xml:space="preserve">={{-pt-}}=
==Adjetivo==
{{flex.pt|ms=falido|mp=falidos|fs=falida|fp=falidas}}
{{paroxítona|fa|li|do}}, {{+info|data=século XIII}}
# diz-se do [[negociante]] que [[suspender|suspende]] [[pagamento]]s
# {{escopo|Direito comercial}} que abriu [[falência]]; [[quebrado]]
#* ''Comerciante '''falido'''.''
==Substantivo==
{{paroxítona|fa|li|do}}
# negociante que suspende pagamentos
# {{escopo|Direito comercial}} o que abriu falência; quebrado
#* ''O '''falido''' perde direito de usar cheque.''
[[Categoria:Adjetivo (Português)]]
[[Categoria:Substantivo (Português)]]</text>
<sha1>1ekk2cevnuph2z8w4qre2abtjtm4ekc</sha1>
</revision>
</page>
