<page>
<page>
<title>Falklaandeilanen</title>
<ns>0</ns>
<id>157037</id>
<revision>
<id>1635387</id>
<parentid>1553434</parentid>
<timestamp>2013-01-31T16:22:05Z</timestamp>
<contributor>
<username>MalafayaBot</username>
<id>628</id>
</contributor>
<minor />
<comment>Removendo categoria Topónimo de entradas já na respetiva categoria País</comment>
<model>wikitext</model>
<format>text/x-wiki</format>
<text bytes="263" xml:space="preserve">={{-nds-nl-}}=
{{Wikipédia|lang=nds-nl}}
==Substantivo==
'''Falklaandeilanen''', {{pr}}
#{{escopo|Geografia}} [[Ilhas Malvinas]]
==Ver também==
{{América/nds-nl}}
[[Categoria:Substantivo (Baixo Saxão Holandês)]]
[[Categoria:País (Baixo Saxão Holandês)]]</text>
<sha1>18o5dt06fh5z09h1mkvktah1hehx5zk</sha1>
</revision>
