<page>
<page>
<title>falki</title>
<ns>0</ns>
<id>34009</id>
<revision>
<id>2347722</id>
<parentid>1327512</parentid>
<timestamp>2017-05-01T19:52:17Z</timestamp>
<contributor>
<username>HydrizBot</username>
<id>29590</id>
</contributor>
<minor />
<comment>Robô: A limpar links interwikis antigos</comment>
<model>wikitext</model>
<format>text/x-wiki</format>
<text bytes="124" xml:space="preserve">={{-pap-}}=
==Substantivo==
'''falki'''
# [[falcão]]
[[Categoria:Substantivo (Papiamento)]]
[[Categoria:Ave (Papiamento)]]</text>
<sha1>9sxsgtk0vkob357bk8vqw3gsy3bh3kx</sha1>
</revision>
