<page>
<title>fall</title>
<ns>0</ns>
<id>30374</id>
<revision>
<id>2347723</id>
<parentid>2164017</parentid>
<timestamp>2017-05-01T19:52:27Z</timestamp>
<contributor>
<username>HydrizBot</username>
<id>29590</id>
</contributor>
<minor />
<comment>Robô: A limpar links interwikis antigos</comment>
<model>wikitext</model>
<format>text/x-wiki</format>
<text bytes="1131" xml:space="preserve">={{-sq-}}=
== Substantivo ==
'''fall'''
# [[profecia]]
[[Categoria:Substantivo (Albanês)]]
={{-en-}}=
==Substantivo==
{{flex.en}}
'''fall'''
# [[queda]];
# [[perda]];
# [[outono]].
==Verbo==
'''fall'''
# [[cair]];
# [[vir]] para [[baixo]].
==Pronúncia==
*[[AHD]]: /fôll/
*[[SAMPA]]: /fo/:l/
[[Categoria:Substantivo (Inglês)]]
[[Categoria:Verbo (Inglês)]]
={{-is-}}=
== Substantivo ==
'''fall''', ''neutro, declinação forte - grupo 1 ö''
# [[caso gramatical]].
=== Declinação ===
{{decl.is.subst.forte.neu.1.a~ö|f|ll}}
== Ver também ==
=== No Wikcionário ===
{{verTambém.Ini}}
* [[áhrifsfall]]
* [[aukafall]]
* [[ávarpsfall]]
* [[deildarfall]]
{{verTambém.NovaColuna}}
* [[eignarfall]]
* [[fjarverufall]]
* [[íferðarfall]]
* [[íverufall]]
{{verTambém.NovaColuna}}
* [[nærverufall]]
* [[nefnifall]]
* [[samvistarfall]]
* [[staðarfall]]
{{verTambém.NovaColuna}}
* [[sviftifall]]
* [[tækisfall]]
* [[tilgangsfall]]
* [[úrferðarfall]]
{{verTambém.NovaColuna}}
* [[verufall]]
* [[þágufall]]
* [[þolfall]]
{{verTambém.Fim}}
[[Categoria:Substantivo (Islandês)]]
[[Categoria:Gramática (Islandês)]]</text>
<sha1>t8r64bojym3b8w4bhmyd3vdsi7u8khi</sha1>
</revision>
</page>
