<page>
<title>fallbyssa</title>
<ns>0</ns>
<id>103618</id>
<revision>
<id>2347728</id>
<parentid>2244993</parentid>
<timestamp>2017-05-01T19:52:47Z</timestamp>
<contributor>
<username>HydrizBot</username>
<id>29590</id>
</contributor>
<minor />
<comment>Robô: A limpar links interwikis antigos</comment>
<model>wikitext</model>
<format>text/x-wiki</format>
<text bytes="247" xml:space="preserve">={{-is-}}=
== Substantivo ==
'''fallbyssa''', ''feminino, fraco, grupo 1 (infixo -n- opcional)''
# [[canhão]].
=== Declinação ===
{{decl.is.subst.fraca.fem.1 e 1a|fallbyss}}
[[Categoria:Substantivo (Islandês)]]
[[Categoria:Arma (Islandês)]]</text>
<sha1>a42w6cy601kc48vj2lpnzs780ekfgl2</sha1>
</revision>
</page>
