<page>
<page>
<title>Fallschirm</title>
<ns>0</ns>
<id>58833</id>
<revision>
<id>2268874</id>
<parentid>2178305</parentid>
<timestamp>2017-04-26T17:26:27Z</timestamp>
<contributor>
<username>HydrizBot</username>
<id>29590</id>
</contributor>
<minor />
<comment>Robô: A limpar links interwikis antigos</comment>
<model>wikitext</model>
<format>text/x-wiki</format>
<text bytes="121" xml:space="preserve">{{Wikipédia|lang=de}}
={{-de-}}=
==Substantivo==
'''Fallschirm'''
# [[paraquedas]]
[[Categoria:Substantivo (Alemão)]]</text>
<sha1>35hw4s049r6hr2vzlp45dfjp0i4wvpa</sha1>
</revision>
