<page>
<title>fallacy</title>
<ns>0</ns>
<id>243583</id>
<revision>
<id>2677298</id>
<parentid>2347725</parentid>
<timestamp>2022-05-17T09:45:28Z</timestamp>
<contributor>
<username>ValJor</username>
<id>1358</id>
</contributor>
<comment>Substituindo a [[Especial:Páginas_afluentes/Predefinição:escopoCat|predefinição escopoCat]] por escopo</comment>
<model>wikitext</model>
<format>text/x-wiki</format>
<text bytes="172" xml:space="preserve">{{Wikipédia|lang=en}}
={{-en-}}=
==Substantivo==
{{flex.en|s=fallacy|p=fallacies}}
'''fallacy'''
# {{escopo|en|Lógica}} [[falácia]]
[[Categoria:Substantivo (Inglês)]]</text>
<sha1>h9z33u2dtx19a9g3b3y6d2h4e726vv9</sha1>
</revision>
</page>
