<page>
<page>
<title>falloir</title>
<ns>0</ns>
<id>360611</id>
<revision>
<id>2347731</id>
<parentid>2168274</parentid>
<timestamp>2017-05-01T19:53:58Z</timestamp>
<contributor>
<username>HydrizBot</username>
<id>29590</id>
</contributor>
<minor />
<comment>Robô: A limpar links interwikis antigos</comment>
<model>wikitext</model>
<format>text/x-wiki</format>
<text bytes="206" xml:space="preserve">={{-fr-}}=
==Verbo==
'''falloir'''
# [[ser necessário]]
==Ver também==
===No Wikcionário===
{{verTambém.Ini}}
* [[fallait]]
{{verTambém.NovaColuna}}
{{verTambém.Fim}}
[[Categoria:Verbo (Francês)]]</text>
<sha1>ermnyspo51ytgf0rj72o3fg7upe0cdd</sha1>
</revision>
