<page>
<page>
<title>Fall</title>
<ns>0</ns>
<id>15252</id>
<revision>
<id>2453247</id>
<parentid>2268873</parentid>
<timestamp>2017-10-03T15:14:35Z</timestamp>
<contributor>
<username>Spanier</username>
<id>43713</id>
</contributor>
<comment>estilo</comment>
<model>wikitext</model>
<format>text/x-wiki</format>
<text bytes="744" xml:space="preserve">{{ver também|fall}}
={{-de-}}=
==Substantivo==
'''Fall''', ''masculino'' [[Categoria:Monossílabo (Alemão)]]
# [[queda]]
# [[caso]]
# {{escopo|de|gramática}} [[caso]]
===Declinação===
{{decl.de.subst.forte.masc.date|ns=Fall|np=Fälle|gs=Fall(e)s}}
===Termos derivados===
{{verTambém.Ini}}
* [[Abfall]]
* [[Anfall]]
* [[Ausfall]]
{{verTambém.NovaColuna}}
* [[Durchfall]]
* [[Einzelfall]]
* [[fallen]]
{{verTambém.NovaColuna}}
* [[falls]]
* [[jedenfalls]]
* [[keinesfalls]]
{{verTambém.NovaColuna}}
* [[Überfall]]
* [[Unfall]]
* [[Zufall]]
{{verTambém.Fim}}
=={{etimologia|de}}==
: Do antigo alto alemão ''val''.
=={{pronúncia|de}}==
* [[AFI]]: {{AFI|/fal/|de}} {{audio|De-Fall.ogg|ouvir|lang=de}}
[[Categoria:Substantivo (Alemão)]]</text>
<sha1>afq76opzn12dihkt856rx7r6uchn6ch</sha1>
</revision>
