<page>
<page>
<title>fallus</title>
<ns>0</ns>
<id>125279</id>
<revision>
<id>2347732</id>
<parentid>1860266</parentid>
<timestamp>2017-05-01T19:54:01Z</timestamp>
<contributor>
<username>HydrizBot</username>
<id>29590</id>
</contributor>
<minor />
<comment>Robô: A limpar links interwikis antigos</comment>
<model>wikitext</model>
<format>text/x-wiki</format>
<text bytes="337" xml:space="preserve">={{-tr-}}=
==Substantivo==
'''fal.lus''' ''sem gênero''
:# [[pênis]]
:# [[órgão]] [[sexual]] [[masculino]]
==Sinônimos==
* [[kamış]]
* [[sik]]
* [[zeker]]
* [[çük]]
* [[yarak]]
* [[balta]]
* [[erkeklik organı]]
Ver também
* [[dişilik organı]]
* [[vajina]]
[[Categoria:Substantivo (Turco)]]
[[Categoria:Anatomia (Turco)]]</text>
<sha1>mxlgj1icxmscgg5rb3euffc056bfp8y</sha1>
</revision>
