<page>
<page>
<title>falmagar</title>
<ns>0</ns>
<id>437343</id>
<revision>
<id>2647779</id>
<timestamp>2021-09-08T22:16:02Z</timestamp>
<contributor>
<username>Cpls</username>
<id>20608</id>
</contributor>
<comment>[[Ajuda:Guia de edição/Menus e ferramentas/Sumário de edição|→]] nova página: ={{-gl-}}= ==Verbo== {{oxítona|fal|ma|gar|lang=gl}}, {{g|refl}} # a falar da fruta, [[amolecer]], [[fermentar]], apodrecer por [[amadurecimento]] excessivo # [[podrecer]], corromper  ==={{-varort-}}=== * [[falmegar#{{gl}}|falmegar]]  ===Verbetes derivados=== * [[falmagado#{{gl}}|falmagado]] * [[falmaguento#{{gl}}|falmaguento]]  =={{etimologia|gl}}== : Confronte-se com {{etimo|gl|esfalmagar}} e com o astur...</comment>
<model>wikitext</model>
<format>text/x-wiki</format>
<text bytes="469" xml:space="preserve">={{-gl-}}=
==Verbo==
{{oxítona|fal|ma|gar|lang=gl}}, {{g|refl}}
# a falar da fruta, [[amolecer]], [[fermentar]], apodrecer por [[amadurecimento]] excessivo
# [[podrecer]], corromper
==={{-varort-}}===
* [[falmegar#{{gl}}|falmegar]]
===Verbetes derivados===
* [[falmagado#{{gl}}|falmagado]]
* [[falmaguento#{{gl}}|falmaguento]]
=={{etimologia|gl}}==
: Confronte-se com {{etimo|gl|esfalmagar}} e com o asturiano {{etimo|ast|enfalmarar}}.
[[Categoria:Verbo (Galego)]]</text>
<sha1>66sruse221w5i45a5m0z495p9jx409u</sha1>
</revision>
