<page>
<page>
<title>falmaguento</title>
<ns>0</ns>
<id>437344</id>
<revision>
<id>2647780</id>
<timestamp>2021-09-08T22:16:18Z</timestamp>
<contributor>
<username>Cpls</username>
<id>20608</id>
</contributor>
<comment>[[Ajuda:Guia de edição/Menus e ferramentas/Sumário de edição|→]] nova página: ={{-gl-}}= ==Adjetivo== {{flex.gl|ms=falmaguento|mp=falmaguentos|fs=falmaguenta|fp=falmaguentas}} {{paroxítona|fal|ma|guen|to|lang=gl}} # [[mole]] por [[putrefação]]; [[podre]] # [[fermentado]], qualifica aquela [[fruta]] que por maduração excessiva começa a [[fermentar]] ou [[apodrecer]] # com [[marca]] de dano na sua superfície  =={{etimologia|gl}}== : {{escopo|Morfologia}} De {{etimo|gl|falmagar}...</comment>
<model>wikitext</model>
<format>text/x-wiki</format>
<text bytes="465" xml:space="preserve">={{-gl-}}=
==Adjetivo==
{{flex.gl|ms=falmaguento|mp=falmaguentos|fs=falmaguenta|fp=falmaguentas}}
{{paroxítona|fal|ma|guen|to|lang=gl}}
# [[mole]] por [[putrefação]]; [[podre]]
# [[fermentado]], qualifica aquela [[fruta]] que por maduração excessiva começa a [[fermentar]] ou [[apodrecer]]
# com [[marca]] de dano na sua superfície
=={{etimologia|gl}}==
: {{escopo|Morfologia}} De {{etimo|gl|falmagar}} + {{etimo|gl|-ento}}.
[[Categoria:Adjetivo (Galego)]]</text>
<sha1>0ydn95dak7rv309mxmbrd1nbv72b3sq</sha1>
</revision>
