<page>
<title>falmegar</title>
<ns>0</ns>
<id>437412</id>
<revision>
<id>2648065</id>
<timestamp>2021-09-12T11:36:54Z</timestamp>
<contributor>
<username>Cpls</username>
<id>20608</id>
</contributor>
<comment>[[Ajuda:Guia de edição/Menus e ferramentas/Sumário de edição|→]] nova página: ={{-gl-}}= ==Verbo== {{oxítona|fal|me|gar|lang=gl}}, {{g|refl}} # a falar da fruta, [[amolecer]], [[fermentar]], apodrecer por [[amadurecimento]] excessivo # [[podrecer]], corromper  ==={{-varort-}}=== * [[falmagar#{{gl}}|falmagar]]  ===Verbetes derivados=== * [[falmegado#{{gl}}|falmegado]]  =={{etimologia|gl}}== : Confronte-se com {{etimo|gl|esfalmegar}}, com o asturiano {{etimo|ast|enfalmarar}} e com ...</comment>
<model>wikitext</model>
<format>text/x-wiki</format>
<text bytes="449" xml:space="preserve">={{-gl-}}=
==Verbo==
{{oxítona|fal|me|gar|lang=gl}}, {{g|refl}}
# a falar da fruta, [[amolecer]], [[fermentar]], apodrecer por [[amadurecimento]] excessivo
# [[podrecer]], corromper
==={{-varort-}}===
* [[falmagar#{{gl}}|falmagar]]
===Verbetes derivados===
* [[falmegado#{{gl}}|falmegado]]
=={{etimologia|gl}}==
: Confronte-se com {{etimo|gl|esfalmegar}}, com o asturiano {{etimo|ast|enfalmarar}} e com [[falmega]].
[[Categoria:Verbo (Galego)]]</text>
<sha1>c4x27hp6sq1sqsi0070a8332e9k9tuh</sha1>
</revision>
</page>
