<page>
<title>falnu</title>
<ns>0</ns>
<id>313912</id>
<revision>
<id>2347733</id>
<parentid>1768096</parentid>
<timestamp>2017-05-01T19:54:04Z</timestamp>
<contributor>
<username>HydrizBot</username>
<id>29590</id>
</contributor>
<minor />
<comment>Robô: A limpar links interwikis antigos</comment>
<model>wikitext</model>
<format>text/x-wiki</format>
<text bytes="162" xml:space="preserve">={{-jbo-}}=
==Substantivo==
'''falnu'''
# [[vela]] (pano que se prende ao mastro)
{{página-automática|abril|2013|vela|jbo}}
[[Categoria:Substantivo (Lojban)]]</text>
<sha1>rxi4wwu8chwzdsu2nhbmlmz9trv2pxj</sha1>
</revision>
</page>
