<page>
<page>
<title>falopear</title>
<ns>0</ns>
<id>347666</id>
<revision>
<id>2685966</id>
<parentid>2347737</parentid>
<timestamp>2022-08-14T18:27:58Z</timestamp>
<contributor>
<username>ValJor</username>
<id>1358</id>
</contributor>
<comment>Substituindo a [[Especial:Páginas_afluentes/Predefinição:escopoCat|predefinição escopoCat]] por escopo</comment>
<model>wikitext</model>
<format>text/x-wiki</format>
<text bytes="657" xml:space="preserve">={{-gl-}}=
==Verbo==
{{oxítona|fa|lo|pe|ar|lang=gl}}
# {{escopo|gl|Meteorologia}} [[nevar]]
==={{PEPB|Sinónimos|Sinônimos|inline=1}}===
{{dividir em colunas|3}}
* [[esfolerpar#Galego|esfolerpar]]
* [[esfolhacar#Galego|esfolhacar]]
* [[falepar#Galego|falepar]]
* [[falopar#Galego|falopar]]
* [[farrapar#Galego|farrapar]]
* [[felepar#Galego|felepar]]
* [[folepar#Galego|folepar]]
* [[folerpar#Galego|folerpar]]
* [[fulipar#Galego|fulipar]]
* [[mantelear#Galego|mantelear]]
* [[zarrapicar#Galego|zarrapicar]]
{{dividir em colunas/fim}}
=={{etimologia|gl}}==
: {{escopo|Morfologia}} De ''[[falopa#Galego|falopa]]'' + [[-ear]].
[[Categoria:Verbo (Galego)]]</text>
<sha1>8rbtqupmat7wgqnslamany0j87b8vd0</sha1>
</revision>
