<page>
<title>falopo</title>
<ns>0</ns>
<id>345772</id>
<revision>
<id>2011224</id>
<timestamp>2015-10-06T21:04:30Z</timestamp>
<contributor>
<username>Cpls</username>
<id>20608</id>
</contributor>
<comment>[[Ajuda:Guia de edição/Menus e ferramentas/Sumário de edição|→]] nova página: ={{-gl-}}= ==Substantivo== {{flex.gl|ms=falopo|mp=falopos}} {{paroxítona|fa|lo|po|lang=gl}}, {{m}} # floco...</comment>
<model>wikitext</model>
<format>text/x-wiki</format>
<text bytes="470" xml:space="preserve">={{-gl-}}=
==Substantivo==
{{flex.gl|ms=falopo|mp=falopos}}
{{paroxítona|fa|lo|po|lang=gl}}, {{m}}
# [[floco]] de neve
# fungo [[bufas-de-lobo]]
===Sinónimos===
: '''De 1 (floco de neve):'''
{{verTambém.Ini}}
* [[falampo#Galego|falampo]]
* [[farrapo#Galego|farrapo]] 
* [[fulipo#Galego|fulipo]] 
{{verTambém.NovaColuna}}
* [[galopa#Galego|galapo]]
* [[zalopa#Galego|zalopa]]
{{verTambém.Fim}}
[[Categoria:Substantivo (Galego)]]
[[Categoria:Meteorologia (Galego)]]</text>
<sha1>fmkrz1peqlfthbsvq0p7dvckhxj0ud4</sha1>
</revision>
</page>
