<page>
<title>falopa</title>
<ns>0</ns>
<id>336668</id>
<revision>
<id>2461733</id>
<parentid>2347736</parentid>
<timestamp>2017-11-19T11:07:22Z</timestamp>
<contributor>
<username>Cpls</username>
<id>20608</id>
</contributor>
<comment>/* {{-gl-}} */</comment>
<model>wikitext</model>
<format>text/x-wiki</format>
<text bytes="571" xml:space="preserve">={{-gl-}}=
==Substantivo==
{{flex.gl|fs=falopa|fp=falopas}}
{{paroxítona|fa|lo|pa|lang=gl}}, {{gramática|f|lang=gl}}
# [[floco]] de neve
# [[terrão]] de esterco
===Sinónimos===
: De '''1''' (floco de neve): [[cerelho#Galego|cerelho]], [[falampo#Galego|falampo]], [[fargalho#{{gl}}fargalho]], [[farrapo#{{gl}}|farrapo]], [[folerpo#Galego|folerpo]], [[fulipa#Galego|fulipa]], [[galopa#Galego|galapo]], [[zalopa#Galego|zalopa]]
: De '''2''' (terrão de esterco): Vide em [[pantela#{{gl}}|pantela]]
[[Categoria:Substantivo (Galego)]]
[[Categoria:Meteorologia (Galego)]]</text>
<sha1>08yuqe329hrljie65oomyzcburrgnlb</sha1>
</revision>
</page>
