<page>
<page>
<title>faloha</title>
<ns>0</ns>
<id>318851</id>
<revision>
<id>2347735</id>
<parentid>1768095</parentid>
<timestamp>2017-05-01T19:54:13Z</timestamp>
<contributor>
<username>HydrizBot</username>
<id>29590</id>
</contributor>
<minor />
<comment>Robô: A limpar links interwikis antigos</comment>
<model>wikitext</model>
<format>text/x-wiki</format>
<text bytes="121" xml:space="preserve">={{-cic-}}=
==Adjetivo==
'''faloha'''
# [[comprido]]
==={{-varort-}}===
* [[falowa]]
[[Categoria:Adjetivo (Chickasaw)]]</text>
<sha1>444d3pved445iguqz36ogteuyvygkea</sha1>
</revision>
