<page>
<title>falopar</title>
<ns>0</ns>
<id>347670</id>
<revision>
<id>2685983</id>
<parentid>2039636</parentid>
<timestamp>2022-08-14T19:57:27Z</timestamp>
<contributor>
<username>ValJor</username>
<id>1358</id>
</contributor>
<comment>Substituindo a [[Especial:Páginas_afluentes/Predefinição:escopoCat|predefinição escopoCat]] por escopo</comment>
<model>wikitext</model>
<format>text/x-wiki</format>
<text bytes="623" xml:space="preserve">={{-gl-}}=
==Verbo==
{{oxítona|fa|lo|par|lang=gl}}
# {{escopo|gl|Meteorologia}} [[nevar]]
==={{PEPB|Sinónimos|Sinônimos|inline=1}}===
{{dividir em colunas|3}}
* [[esfolerpar#Galego|esfolerpar]]
* [[esfolhacar#Galego|esfolhacar]]
* [[falepar#Galego|falepar]]
* [[falopear#Galego|falopear]]
* [[farrapar#Galego|farrapar]]
* [[felepar#Galego|felepar]]
* [[folepar#Galego|folepar]]
* [[folerpar#Galego|folerpar]]
* [[fulipar#Galego|fulipar]]
* [[zarrapicar#Galego|zarrapicar]]
{{dividir em colunas/fim}}
=={{etimologia|gl}}==
: {{escopo|Morfologia}} De ''[[falopa#Galego|falopa]]'' + [[-ar]].
[[Categoria:Verbo (Galego)]]</text>
<sha1>nr38uw1njfbfh0q2zafzpfc8o74fs01</sha1>
</revision>
</page>
