<page>
<title>Falqueto</title>
<ns>0</ns>
<id>341285</id>
<revision>
<id>2447459</id>
<parentid>2210535</parentid>
<timestamp>2017-09-04T02:02:25Z</timestamp>
<contributor>
<username>MIL973</username>
<id>41339</id>
</contributor>
<model>wikitext</model>
<format>text/x-wiki</format>
<text bytes="281" xml:space="preserve">={{-pt-}}=
==Substantivo==
{{flex.pt|s=Falqueto|p=Falquetos}}
{{paroxítona|Fal|que|to}}, {{gramática|pr|c2g}}
# {{escopo|pt|Antropônimo}} [[Apêndice:Sobrenomes em português|sobrenome]]
=={{etimologia|pt}}==
{{llietimo|it|Falchetto|pt}}
[[Categoria:Substantivo (Português)]]</text>
<sha1>gjpxaxq1a9qdkxtziito1qktvckl5vt</sha1>
</revision>
</page>
