<page>
<page>
<title>Falquetos</title>
<ns>0</ns>
<id>341297</id>
<revision>
<id>2447460</id>
<parentid>2210536</parentid>
<timestamp>2017-09-04T02:02:52Z</timestamp>
<contributor>
<username>MIL973</username>
<id>41339</id>
</contributor>
<model>wikitext</model>
<format>text/x-wiki</format>
<text bytes="187" xml:space="preserve">={{-pt-}}=
==Forma de substantivo==
{{paroxítona|Fal|que|tos}}, {{gramática|pr|c2gp}}
# plural de [[Falqueto]]
{{avi-for-fle|Falqueto}}
[[Categoria:Forma de substantivo (Português)]]</text>
<sha1>49e2d93x4vmocs58qktfxvgsvptq21h</sha1>
</revision>
