<page>
<page>
<title>falsamente</title>
<ns>0</ns>
<id>3518</id>
<revision>
<id>2347741</id>
<parentid>1768092</parentid>
<timestamp>2017-05-01T19:54:47Z</timestamp>
<contributor>
<username>HydrizBot</username>
<id>29590</id>
</contributor>
<minor />
<comment>Robô: A limpar links interwikis antigos</comment>
<model>wikitext</model>
<format>text/x-wiki</format>
<text bytes="120" xml:space="preserve">={{-pt-}}=
==Advérbio==
{{paroxítona|fal|sa|men|te}}
# [[de]] [[modo]] [[falso]]
[[Categoria:Advérbio (Português)]]</text>
<sha1>me4e9fhu5e0xr6ecixyaxhqfcywh8vm</sha1>
</revision>
