<page>
<title>falsante</title>
<ns>0</ns>
<id>431848</id>
<revision>
<id>2626805</id>
<parentid>2626803</parentid>
<timestamp>2021-03-16T11:47:18Z</timestamp>
<contributor>
<username>Cpls</username>
<id>20608</id>
</contributor>
<comment>/* {{-gl-}} */</comment>
<model>wikitext</model>
<format>text/x-wiki</format>
<text bytes="602" xml:space="preserve">={{-ast-}}=
==Adjetivo==
{{flex.ast|s=falsante|p=falsantes}}
{{paroxítona|fal|san|te|lang=ast}}, {{g|c2g|lang=ast}}
# que [[fingir|finge]] aquilo que não é ou [[sentir|sente]]
=={{etimologia|ast}}==
{{llietimo|it|farsante|ast}}
[[Categoria:Adjetivo (Asturiano)]]
={{-gl-}}=
==Adjetivo==
{{flex.gl|s=falsante|p=falsantes}}
{{paroxítona|fal|san|te|lang=gl}}, {{g|c2g|lang=gl}}
# [[hipócrita]], qualifica à pessoa [[falso|falsa]], que engana ou diz ser aquilo que não é
=={{etimologia|gl}}==
: {{escopo|Morfologia}} De {{etimo|gl|falsar}} + {{etimo|gl|-nte}}.
[[Categoria:Adjetivo (Galego)]]</text>
<sha1>3m1w0g5jwx73kzvb4jxfuulo441mnhz</sha1>
</revision>
</page>
