<page>
<page>
<title>falsidades</title>
<ns>0</ns>
<id>271511</id>
<revision>
<id>2347748</id>
<parentid>1768088</parentid>
<timestamp>2017-05-01T19:55:30Z</timestamp>
<contributor>
<username>HydrizBot</username>
<id>29590</id>
</contributor>
<minor />
<comment>Robô: A limpar links interwikis antigos</comment>
<model>wikitext</model>
<format>text/x-wiki</format>
<text bytes="185" xml:space="preserve">={{-pt-}}=
==Substantivo==
# plural de [[falsidade]]
==Ver também==
===No Wikcionário===
{{verTambém.Ini}}
* [[falsidade]]
{{verTambém.Fim}}
[[Categoria:Substantivo (Português)]]</text>
<sha1>el640ntrrkh3b938435g5qfken997ze</sha1>
</revision>
