<page>
<title>false</title>
<ns>0</ns>
<id>15273</id>
<revision>
<id>2347744</id>
<parentid>1931538</parentid>
<timestamp>2017-05-01T19:55:06Z</timestamp>
<contributor>
<username>HydrizBot</username>
<id>29590</id>
</contributor>
<minor />
<comment>Robô: A limpar links interwikis antigos</comment>
<model>wikitext</model>
<format>text/x-wiki</format>
<text bytes="146" xml:space="preserve">={{-en-}}=
==Adjetivo==
'''false'''
# [[falso]].
=== Sinônimos ===
* [[untrue]]
=== Antônimos ===
* [[true]]
[[Categoria:Adjetivo (Inglês)]]</text>
<sha1>rgkhegmnb1oa5kroop5kwp4kturw44i</sha1>
</revision>
</page>
