<page>
<title>falsitas</title>
<ns>0</ns>
<id>404260</id>
<revision>
<id>2530002</id>
<timestamp>2018-12-25T11:12:15Z</timestamp>
<contributor>
<username>VSA</username>
<id>63081</id>
</contributor>
<comment>[[Ajuda:Guia de edição/Menus e ferramentas/Sumário de edição|→]] nova página: ={{-la-}}=  ==Substantivo== '''falsĭtās, -ātĭs''' {{gramática|f}} de {{decl3}}  {{cab.s.la|falsĭtās|fa...</comment>
<model>wikitext</model>
<format>text/x-wiki</format>
<text bytes="555" xml:space="preserve">={{-la-}}=
==Substantivo==
'''falsĭtās, -ātĭs''' {{gramática|f}} de {{decl3}}
{{cab.s.la|falsĭtās|falsĭtātis}}
# [[falsidade]], [[mentira]]
===Declinação===
{{decl.la.s.3|falsĭtās|falsĭtāt}}
===Descendentes===
* {{r.d|pt|falsidade}}
* {{r.d|es|falsedad}}
* {{r.d|gl|falsidade}}
===Termos relativos===
* {{r|la|falsus|falsus}}
===Antônimos===
* {{r|la|veritas|vērĭtās}}
[[Categoria:Substantivo (Latim)]]
[[Categoria:Substantivo de terceira declinação (Latim)]]
[[Categoria:Substantivo feminino de terceira declinação (Latim)]]</text>
<sha1>4g4osh6y928iwdcmw5ada8pzroskiy0</sha1>
</revision>
</page>
