<page>
<title>falsificar</title>
<ns>0</ns>
<id>52382</id>
<revision>
<id>2633715</id>
<parentid>2616069</parentid>
<timestamp>2021-05-11T12:34:14Z</timestamp>
<contributor>
<username>Calq</username>
<id>27699</id>
</contributor>
<comment>/* Tradução */</comment>
<model>wikitext</model>
<format>text/x-wiki</format>
<text bytes="793" xml:space="preserve">={{-pt-}}=
==Verbo==
{{oxítona|fal|si|fi|car }}, ''transitivo''
# [[imitar]] ou [[alterar]] com [[fraude]]
# [[adulterar]]
# [[contrafazer]]
===Conjugação===
{{conj/pt|falsifi|car}}
===Tradução===
{{tradini}}
* {{trad|eu|faltsutu}}
* {{trad|ca|falsificar}}
* {{trad|es|falsificar}}
* {{trad|fi|väärentää}}
{{tradmeio}}
* {{trad|fr|falsifier}}
* {{trad|gl|falsificar}}
* {{trad|hu|hamisít}}
* {{trad|en|falsify}}
* {{trad|pl|falsyfikować}}
{{tradfim}}
=={{pronúncia|pt}}==
===Portugal===
* AFI: {{AFI|/faɫ.sɨ.fi.ˈkaɾ/}}
[[Categoria:Verbo (Português)]]
={{-ca-}}=
==Verbo==
'''falsificar'''
# [[falsificar#Português|falsificar]]
[[Categoria:Verbo (Catalão)]]
={{-es-}}=
==Verbo==
'''falsificar'''
# [[falsificar#Português|falsificar]]
[[Categoria:Verbo (Espanhol)]]</text>
<sha1>mn630nbb2kuos6piy07fcnl7pgdzgrv</sha1>
</revision>
</page>
