<page>
<page>
<title>falsar</title>
<ns>0</ns>
<id>431849</id>
<revision>
<id>2626804</id>
<parentid>2626802</parentid>
<timestamp>2021-03-16T11:43:39Z</timestamp>
<contributor>
<username>Cpls</username>
<id>20608</id>
</contributor>
<comment>/* {{etimologia|pt}} */</comment>
<model>wikitext</model>
<format>text/x-wiki</format>
<text bytes="684" xml:space="preserve">={{-pt-}}=
==Verbo==
{{oxítona|fal|sar}}, {{gramática|trans|intr}}
# cometer [[falsidade]], ser [[falso]]
# [[falsificar]]
# [[adulterar]]
# [[enganar]] na medida ou no peso
# [[atraiçoar]]
# [[mentir]]
# não cumprir o [[prometer|prometido]]
# inutilizar; [[falhar]]; fender-se
===Conjugação===
{{conj/pt|fals|ar}}
=={{etimologia|pt}}==
{{llietimo|la|falsare|pt}}
: {{escopo|Morfologia}} De ''[[falso]]'' + ''[[-ar]]''.
==Ligações externas==
* {{Aulete}}
* {{Michaelis}}
* {{DicioAberto}}
* {{DPLP}}
* {{Infopédia}}
* {{PLP}}
* {{VOLPABL}}
==Ver também==
===No Wikcionário===
{{colunas|2}}
* [[falsário]]
* [[falsear]]
{{colunas/fim}}
[[Categoria:Verbo (Português)]]</text>
<sha1>g2m6ej3jg7udk03y1gz3f8uxya1rru9</sha1>
</revision>
