<page>
<title>falsas</title>
<ns>0</ns>
<id>112838</id>
<revision>
<id>2347742</id>
<parentid>2234429</parentid>
<timestamp>2017-05-01T19:54:51Z</timestamp>
<contributor>
<username>HydrizBot</username>
<id>29590</id>
</contributor>
<minor />
<comment>Robô: A limpar links interwikis antigos</comment>
<model>wikitext</model>
<format>text/x-wiki</format>
<text bytes="133" xml:space="preserve">={{-pt-}}=
==Forma de adjetivo==
{{paroxítona|fal|sas}}
# feminino plural de [[falso]]
[[Categoria:Forma de adjetivo (Português)]]</text>
<sha1>03xi1ptrsdajfbzfe5ld6mdlez21pym</sha1>
</revision>
</page>
