<page>
<title>falsificado</title>
<ns>0</ns>
<id>75302</id>
<revision>
<id>2612551</id>
<parentid>2347749</parentid>
<timestamp>2021-01-31T12:20:32Z</timestamp>
<contributor>
<username>Marxav</username>
<id>73271</id>
</contributor>
<minor />
<comment>AFI Portugal</comment>
<model>wikitext</model>
<format>text/x-wiki</format>
<text bytes="290" xml:space="preserve">={{-pt-}}=
==Adjetivo==
{{flex.pt|ms=falsificado|mp=falsificados|fs=falsificada|fp=falsificadas}}
{{paroxítona|fal|si|fi|ca|do}}
# [[alterado]]
# [[adulterado]]
# [[desvirtuado]]
=={{pronúncia|pt}}==
===Portugal===
* AFI: {{AFI|/faɫ.si.fi.ˈka.du/}}
[[Categoria:Adjetivo (Português)]]</text>
<sha1>sjw0dtf6s45evmj6z0cqg3lw3qcz59q</sha1>
</revision>
</page>
