<page>
<page>
<title>falsa</title>
<ns>0</ns>
<id>104333</id>
<revision>
<id>2500140</id>
<parentid>2500138</parentid>
<timestamp>2018-05-01T05:54:10Z</timestamp>
<contributor>
<username>Defender</username>
<id>15952</id>
</contributor>
<minor />
<comment>Revertidas edições por [[Especial:Contribuições/200.236.249.155|200.236.249.155]] para a última versão por [[Especial:Contribuições/HydrizBot|HydrizBot]]</comment>
<model>wikitext</model>
<format>text/x-wiki</format>
<text bytes="250" xml:space="preserve">={{-pt-}}=
== Forma de adjetivo ==
{{paroxítona|fal|sa}}
# feminino de [[falso]]
== Forma de substantivo ==
{{paroxítona|fal|sa}}
# feminino de [[falso]]
[[Categoria: Forma de adjetivo (Português)]]
[[Categoria: Forma de substantivo (Português)]]</text>
<sha1>6ybqfbldcjp3rvu5d5vkmqfx0o0iicl</sha1>
</revision>
