<page>
<page>
<title>falsidade</title>
<ns>0</ns>
<id>12946</id>
<revision>
<id>2347747</id>
<parentid>1964323</parentid>
<timestamp>2017-05-01T19:55:28Z</timestamp>
<contributor>
<username>HydrizBot</username>
<id>29590</id>
</contributor>
<minor />
<comment>Robô: A limpar links interwikis antigos</comment>
<model>wikitext</model>
<format>text/x-wiki</format>
<text bytes="733" xml:space="preserve">{{Wikipédia}}
={{-pt-}}=
==Substantivo==
{{flex.pt|fs=falsidade|fp=falsidades}}
{{paroxítona|fal|si|da|de}}
# [[conhecimento]], [[ideia]] ou [[proposição]] que está de [[desacordo]] com o [[real]]
#* ''&quot;A neve é preta&quot; é uma '''falsidade''' somente se a neve não é preta.''
# {{escopo|Lógica}} um dos valores que uma [[fórmula]] pode [[receber]] num [[sistema]] lógico [[bivalente]], [[oposto]] à [[verdade]]
# [[mentira]]
# estado de [[embuste]] ou [[ardil]]
#* ''Quanta '''falsidade''' na atitude deste político.''
===Antônimo===
* [[verdade]]
===Tradução===
{{tradini}}
* {{trad|en|falsity}}
{{tradmeio}}
{{tradfim}}
=={{etimologia|pt}}==
: Do latim ''falsitas, atis''.
[[Categoria:Substantivo (Português)]]</text>
<sha1>numw2azwq6ez18dji9h5me54a946fzp</sha1>
</revision>
