<page>
<page>
<title>falso</title>
<ns>0</ns>
<id>14380</id>
<revision>
<id>2479797</id>
<parentid>2347752</parentid>
<timestamp>2018-01-24T21:32:21Z</timestamp>
<contributor>
<username>Askekamo</username>
<id>60711</id>
</contributor>
<model>wikitext</model>
<format>text/x-wiki</format>
<text bytes="988" xml:space="preserve">={{-pt-}}=
==Adjetivo==
{{flex.pt|ms=falso|mp=falsos|fs=falsa|fp=falsas}}
{{paroxítona|fal|so}}
# que não é [[verdadeiro]]
# que é [[incorreto]], [[inválido]]
===Antônimo===
* [[verdadeiro]]
===Tradução===
{{tradini}}
* {{trad|de|falsch}}
* {{trad|es|falso}}
* {{trad|fr|faux}}
* {{trad|en|false|untrue}}
{{tradmeio}}
* {{trad|it|falso}}
* {{trad|sv|falsk}}
* [[talian|Talian]] : [[rufian]]
* {{trad|tet|bosok}}
{{tradfim}}
=={{etimologia|pt}}==
: Do latim ''falsus''.
==Ver também==
===No Wikcionário===
{{verTambém.Ini}}
* [[desleal]]
* [[disfarçado]]
* [[dissimulado]]
* [[falsiane]]
{{verTambém.NovaColuna}}
* [[fingido]]
* [[pérfido]]
* [[pechisbeque]]
* [[postiço]]
{{verTambém.Fim}}
==Anagramas==
# [[falos]]
# [[solfa]]
[[Categoria:Adjetivo (Português)]]
={{-es-}}=
==Adjetivo==
'''falso'''
# [[falso#Português|falso]]
[[Categoria:Adjetivo (Espanhol)]]
={{-it-}}=
==Adjetivo==
'''falso'''
# [[falso#Português|falso]]
[[Categoria:Adjetivo (Italiano)]]</text>
<sha1>9zshnuckzrcxxpa09wv0j46j9qjiots</sha1>
</revision>
