<page>
<page>
<title>faltara</title>
<ns>0</ns>
<id>177676</id>
<revision>
<id>2347762</id>
<parentid>2164018</parentid>
<timestamp>2017-05-01T19:57:57Z</timestamp>
<contributor>
<username>HydrizBot</username>
<id>29590</id>
</contributor>
<minor />
<comment>Robô: A limpar links interwikis antigos</comment>
<model>wikitext</model>
<format>text/x-wiki</format>
<text bytes="229" xml:space="preserve">={{-pt-}}=
==Forma verbal==
'''faltara'''
#[[primeira pessoa|primeira]] e [[terceira pessoa|terceira pessoas]] do [[singular]] do [[pretérito mais-que-perfeito]] do verbo '''[[faltar]]'''
[[Categoria:Forma verbal (Português)]]</text>
<sha1>dqw7uy8ak9aflbyzt9tk6bgwhzo9ssa</sha1>
</revision>
