<page>
<page>
<title>faltar</title>
<ns>0</ns>
<id>41498</id>
<revision>
<id>2611249</id>
<parentid>2347761</parentid>
<timestamp>2021-01-30T23:27:04Z</timestamp>
<contributor>
<username>Marxav</username>
<id>73271</id>
</contributor>
<minor />
<comment>AFI Portugal</comment>
<model>wikitext</model>
<format>text/x-wiki</format>
<text bytes="848" xml:space="preserve">={{-pt-}}=
==Verbo==
{{oxítona|fal|tar}}, ''verbo intransitivo''
# [[encontrar]]-se sem algo do que é preciso, haver [[falta]] de, não ter aquilo que é [[necessário]]
# [[não]] [[existir]].
#* '''''Falta''' amor entre os humanos.''
# [[não]] [[estar]] [[presente]].
#* '''''Faltou''' luz mas era dia.''
# [[falecer]].
#* '''''Faltou'''-lhe o pai logo nos primeiros anos.''
===Conjugação===
{{conj/pt|falt|ar}}
===Tradução===
{{tradini}}
* {{trad|cod|huatari}}
* {{trad|fr|manquer}}
{{tradmeio}}
* {{trad|tet|falta|mukit}}
{{tradfim}}
=={{etimologia|pt}}==
: {{escopo|Morfologia}} [[falta]] + [[-ar]].
=={{pronúncia|pt}}==
===Portugal===
* AFI: {{AFI|/faɫ.ˈtaɾ/}}
==Ver também==
===No Wikcionário===
{{verTambém.Ini}}
* [[faltante]]
{{verTambém.NovaColuna}}
* [[faltavam]]
{{verTambém.Fim}}
[[Categoria:Verbo (Português)]]</text>
<sha1>jnr9d0ifoukm0eyh0qcqvco1kfbojwa</sha1>
</revision>
