<page>
<page>
<title>falta</title>
<ns>0</ns>
<id>37609</id>
<revision>
<id>2617135</id>
<parentid>2347754</parentid>
<timestamp>2021-02-01T03:02:52Z</timestamp>
<contributor>
<username>MarxavBot</username>
<id>80155</id>
</contributor>
<minor />
<comment>AFI Portugal</comment>
<model>wikitext</model>
<format>text/x-wiki</format>
<text bytes="952" xml:space="preserve">={{-pt-}}=
==Substantivo==
{{flex.pt|fs=falta|fp=faltas}}
{{paroxítona|fal|ta}}, {{f}}
# {{escopo|Esporte}} transgressão das [[regra]]s de um jogo
# [[ausência]]
# [[culpa]]
# [[defeito]]
# [[desabastecimento]]
#* ''Falta de luz.''
===Expressões===
* '''[[falta técnica]]''': {{escopo|Esporte}} infração disciplinar.
* '''[[sem falta]]''': com certeza.
* '''[[falta de ar]]''': dificuldade de respirar.
==Forma de adjetivo==
{{paroxítona|fal|ta}}
# feminino singular de [[falto]]
==Forma verbal==
{{paroxítona|fal|ta}}
# terceira pessoa do singular do presente do indicativo do verbo [[faltar]]
# segunda pessoa do singular do imperativo do verbo [[faltar]]
=={{pronúncia|pt}}==
===Portugal===
* AFI: {{AFI|/ˈfaɫ.tɐ/}}
[[Categoria:Substantivo (Português)]]
[[Categoria:Forma de adjetivo (Português)]]
[[Categoria:Forma verbal (Português)]]
={{-tet-}}=
==Verbo==
'''falta'''
# [[carecer]]; [[faltar]]
[[Categoria:Verbo (Tétum)]]</text>
<sha1>qdqxc8luo3msl2gi95u60dxcjhbrwor</sha1>
</revision>
