<page>
<title>faltando</title>
<ns>0</ns>
<id>156225</id>
<revision>
<id>2347759</id>
<parentid>2017305</parentid>
<timestamp>2017-05-01T19:57:03Z</timestamp>
<contributor>
<username>HydrizBot</username>
<id>29590</id>
</contributor>
<minor />
<comment>Robô: A limpar links interwikis antigos</comment>
<model>wikitext</model>
<format>text/x-wiki</format>
<text bytes="124" xml:space="preserve">={{-pt-}}=
==Forma verbal==
'''faltando'''
#[[gerúndio]] do verbo '''[[faltar]]'''
[[Categoria:Forma verbal (Português)]]</text>
<sha1>53kg0z150152r6y18jlehuw47tvpg84</sha1>
</revision>
</page>
