<page>
<page>
<title>faltais</title>
<ns>0</ns>
<id>159125</id>
<revision>
<id>2347756</id>
<parentid>1768148</parentid>
<timestamp>2017-05-01T19:56:22Z</timestamp>
<contributor>
<username>HydrizBot</username>
<id>29590</id>
</contributor>
<minor />
<comment>Robô: A limpar links interwikis antigos</comment>
<model>wikitext</model>
<format>text/x-wiki</format>
<text bytes="180" xml:space="preserve">={{-pt-}}=
==Forma verbal==
'''faltais'''
#[[segunda pessoa]] do [[plural]] do [[presente]] do [[modo indicativo]] do verbo '''[[faltar]]'''
[[Categoria:Forma verbal (Português)]]</text>
<sha1>ln68lqd5ys0n15s8atjldfxnokz4xq4</sha1>
</revision>
