<page>
<title>faltam</title>
<ns>0</ns>
<id>160712</id>
<revision>
<id>2347757</id>
<parentid>1768147</parentid>
<timestamp>2017-05-01T19:56:57Z</timestamp>
<contributor>
<username>HydrizBot</username>
<id>29590</id>
</contributor>
<minor />
<comment>Robô: A limpar links interwikis antigos</comment>
<model>wikitext</model>
<format>text/x-wiki</format>
<text bytes="180" xml:space="preserve">={{-pt-}}=
==Forma verbal==
'''faltam'''
#[[terceira pessoa]] do [[plural]] do [[presente]] do [[modo indicativo]] do verbo '''[[faltar]]'''
[[Categoria:Forma verbal (Português)]]</text>
<sha1>tlci2j23p7jee2j9fkjak59tk2xie2m</sha1>
</revision>
</page>
