<page>
<title>faltante</title>
<ns>0</ns>
<id>30930</id>
<revision>
<id>2347760</id>
<parentid>2017304</parentid>
<timestamp>2017-05-01T19:57:28Z</timestamp>
<contributor>
<username>HydrizBot</username>
<id>29590</id>
</contributor>
<minor />
<comment>Robô: A limpar links interwikis antigos</comment>
<model>wikitext</model>
<format>text/x-wiki</format>
<text bytes="269" xml:space="preserve">={{-pt-}}=
==Adjetivo==
{{flex.pt|s=faltante|p=faltantes}}
{{paroxítona|fal|tan|te}}
# {{escopo|Direito}} que [[faltar|falta]]
=={{etimologia|pt}}==
: {{escopo|Morfologia}} [[faltar]] + [[-nte]].
[[Categoria:Adjetivo (Português)]]
[[Categoria:Direito (Português)]]</text>
<sha1>dpn85mfcp5jdjtl686d7jy9tvunh2cr</sha1>
</revision>
</page>
