<page>
<page>
<title>faltamos</title>
<ns>0</ns>
<id>157706</id>
<revision>
<id>2496009</id>
<parentid>2347758</parentid>
<timestamp>2018-04-12T15:26:51Z</timestamp>
<contributor>
<username>ValJor</username>
<id>1358</id>
</contributor>
<comment>Acrescentando a predefinição avi-for-fle</comment>
<model>wikitext</model>
<format>text/x-wiki</format>
<text bytes="318" xml:space="preserve">={{-pt-}}=
==Forma verbal==
{{paroxítona|fal|ta|mos}}
# primeira pessoa do plural do presente do modo indicativo do verbo [[faltar]]
# {{escopo2|Grafia brasileira}} primeira pessoa do plural do pretérito perfeito do modo indicativo do verbo [[faltar]]
{{avi-for-fle|faltar}}
[[Categoria:Forma verbal (Português)]]</text>
<sha1>5i6aarem3cnl2lfqi3irinzlb2qtvp6</sha1>
</revision>
