<page>
<page>
<title>B</title>
<ns>0</ns>
<id>1238</id>
<revision>
<id>2679991</id>
<parentid>2649235</parentid>
<timestamp>2022-06-13T02:04:11Z</timestamp>
<contributor>
<username>Wilhelm Seifer</username>
<id>85860</id>
</contributor>
<model>wikitext</model>
<format>text/x-wiki</format>
<text bytes="1035" xml:space="preserve">{{Wikipédia}}
{{caracteres info|hex=0042|nome=LATIN CAPITAL LETTER B|anterior=A|próximo=C}}
={{-univ-}}=
==Símbolo==
'''B''', ''maiúscula (minúscula: [[b]])''
# {{escopo|pt|Letra}} [[letra]] do [[alfabeto]] [[latino]]
#* '''''B''' é a segunda letra e primeira consoante do alfabeto na língua portuguesa.''
# {{escopo|univ|Matemática}} décimo segundo algarismo do sistema [[hexadecimal]]
# {{escopo|univ|Química}} símbolo de ''[[boro]]'', elemento químico
# símbolo de [[indução]] [[magnética]]
# {{escopo|univ|Música}} sinal representante da nota [[si]]
# {{escopo|univ|Música}} símbolo do [[acorde]] de [[si maior]] ou da sua [[tonalidade]], a qual contém cinco sustenidos na sua armadura de clave
# {{escopo|univ|Informática}} [[byte]]
==Ver também==
===No Wikcionário===
* [[bê]]
* [[Eszett]], [[ß]]
* [[beta]], [[Β]], [[β]]
* [[В]], [[в]]
* [[kB]], [[MB]], [[GB]]
{{Alfabeto Latino}}
{{tonalidades musicais/pt}}
[[Categoria:Sistema de escrita latino]]
[[Categoria:Símbolo da notação musical|B]]</text>
<sha1>7zd27wowwcktb6pef6o97hca9crv2u9</sha1>
</revision>
