<page>
<title>Baal</title>
<ns>0</ns>
<id>49644</id>
<revision>
<id>2601872</id>
<parentid>2599712</parentid>
<timestamp>2020-11-12T15:50:50Z</timestamp>
<contributor>
<username>MSchoentgen</username>
<id>77084</id>
</contributor>
<minor />
<comment>Deletion of the unicode \u200e character (LEFT-TO-RIGHT MARK)</comment>
<model>wikitext</model>
<format>text/x-wiki</format>
<text bytes="1064" xml:space="preserve">{{Wikipédia}}
{{ver também|baal}}
={{-pt-}}=
==Substantivo==
{{oxítona|Ba|al}}, {{gramática|m}}
# [[divindade]] [[adorar|adorada]] por [[povo]]s [[antigo]]s ([[fenício]]s, [[cartaginês|cartagineses]] etc.)
===Tradução===
{{tradini}}
* {{t|ar|بعل|m}}
* {{trad|es|Baal}}
* {{trad|en|Baal}}
{{tradmeio}}
* {{trad|it|Baal}}
* {{t|ru|Ваал|m}}
{{tradfim}}
=={{etimologia|pt}}==
{{llietimo|hbo|בעל|pt|Baal|senhor}}
[[Categoria:Substantivo (Português)]]
[[Categoria:Religião (Português)]]
[[Categoria:Mitologia (Português)]]
={{-es-}}=
==Substantivo==
'''Baal'''
# [[Baal#Português|Baal]]
[[Categoria:Substantivo (Espanhol)]]
[[Categoria:Religião (Espanhol)]]
[[Categoria:Mitologia (Espanhol)]]
={{-en-}}=
==Substantivo==
'''Baal'''
# [[Baal#Português|Baal]]
[[Categoria:Substantivo (Inglês)]]
[[Categoria:Religião (Inglês)]]
[[Categoria:Mitologia (Inglês)]]
={{-it-}}=
==Substantivo==
'''Baal'''
# [[Baal#Português|Baal]]
[[Categoria:Substantivo (Italiano)]]
[[Categoria:Religião (Italiano)]]
[[Categoria:Mitologia (Italiano)]]</text>
<sha1>l8uqz950py2j9x5yyd992ojvj4y18jw</sha1>
</revision>
</page>
