<page>
<title>baal</title>
<ns>0</ns>
<id>41855</id>
<revision>
<id>2514517</id>
<parentid>2305088</parentid>
<timestamp>2018-08-04T14:35:44Z</timestamp>
<contributor>
<username>ValJor</username>
<id>1358</id>
</contributor>
<comment>Um verbete a menos usando a [[Predefinição:flex.nl.fem|predefinição flex.nl.fem]]</comment>
<model>wikitext</model>
<format>text/x-wiki</format>
<text bytes="995" xml:space="preserve">{{ver também|Baal}}
={{-nl-}}=
==Substantivo==
{{flex.nl|fs=baal|fp=balen|d=baaltje|fs-div=baal|fp-div=ba.len|d-div=baal.tje}}
'''baal''', {{gramática|f}}
# [[fardo]] (de [[feno]], [[palha]] ou [[algodão]])
'''baal'''
# {{cont|2}} [[bala]], [[unidade]] de [[medida]] para [[folha]]s de [[papel]], correspondente a 10 [[resma]]s curtas (4800 folhas)
{{pularLinhas|2}}
==Forma verbal==
'''baal'''
# primeira pessoa do singular do presente do indicativo do verbo [[balen]]
# imperativo do verbo [[balen]]
{{avi-for-fle|balen}}
=={{pronúncia|nl}}==
* [[AFI]]: {{AFI|/ˈbaːl/}}
* [[X-SAMPA]]: /&quot;ba:l/
: '''Áudio''': {{ouvir|Nl-baal.ogg|&quot;baal&quot;}}
[[Categoria:Substantivo (Holandês)]]
[[Categoria:Forma verbal (Holandês)]]
[[Categoria:Monossílabo (Holandês)]]
[[Categoria:Metrologia (Holandês)]]
[[Categoria:Entrada com áudio (Holandês)]]
={{-wo-}}=
==Verbo==
'''baal'''
# [[desculpar]], [[perdoar]]:
#* '''''Baal''' ma!'' &lt;small&gt;(Desculpe-me!)&lt;/small&gt;
[[Categoria:Verbo (Uolofe)]]</text>
<sha1>ebjmkhk2cxgavn39ts23kitoasb7thu</sha1>
</revision>
</page>
