<page>
<title>baamiano</title>
<ns>0</ns>
<id>5652</id>
<revision>
<id>2683497</id>
<parentid>2305089</parentid>
<timestamp>2022-07-13T15:53:29Z</timestamp>
<contributor>
<username>ValJor</username>
<id>1358</id>
</contributor>
<comment>Retirando ligação direta para dicionário online, usando uma predefinição em seu lugar</comment>
<model>wikitext</model>
<format>text/x-wiki</format>
<text bytes="3594" xml:space="preserve">={{-pt-}}=
==Adjetivo==
{{flex.pt|ms=baamiano|mp=baamianos|fs=baamiana|fp=baamianas|ms-div=ba.a.mi.&lt;u&gt;a&lt;/u&gt;.no|mp-div=ba.a.mi.&lt;u&gt;a&lt;/u&gt;.nos|fs-div=ba.a.mi.&lt;u&gt;a&lt;/u&gt;.na|fp-div=ba.a.mi.&lt;u&gt;a&lt;/u&gt;.nas}}
{{paroxítona|ba|a|mi|a|no}}
# relativo às [[Baamas]]
# referente a seus [[habitante]]s
==={{PEPB|Sinónimos|Sinônimos|inline=1}}===
* {{link preto|baamense}}, {{link preto|baamês}}, {{link preto|bahamense}}, {{link preto|bahamês}}, [[bahamiano]]
===Locuções e expressões===
* '''{{link preto|crioulo baamiano}}''': {{escopo2|linguística}} crioulo de origem inglesa falado nas Baamas e nas ilhas Turcas e Caicos ([[w:ISO 639|ISO 639-3]]: '''[[bah]]''')
* '''{{link preto|dólar baamiano}}''': {{escopo2|economia}} moeda corrente das Baamas, dividida em 100 cêntimos ([[abreviação|abrev.]]: [[$]] / {{link preto|B$}};  [[w:ISO 4217|ISO 4217]]: '''{{link preto|BSD}}''')
===Tradução===
{{tradini}}
* {{trad|de|bahamaisch}}
* {{trad|ast|bahamés|bahameñu}}
* {{trad-|be|багамський|(bahams'kij)}}
* {{trad|bs|bahamski}}
* {{trad-|bg|бахамски|(bahamski)}}
* {{trad|ca|bahamià}}
* {{trad|cs|bahamský}}
* {{trad|hr|bahamski}}
* {{trad|da|bahamansk}}
* {{trad|sk|bahamský}}
* {{trad|sl|bahamski}}
* {{trad|es|bahameño}}
* {{trad|eo|bahama}}
* {{trad|ext|baameñu}}
* {{trad|fo|bahamoyskur}}
* {{trad|fr|bahaméen}}
{{tradmeio}}
* {{trad|gl|bahamés|bahameño}}
* {{trad|nl|Bahamaans}}
* {{trad|en|Bahamian}}
* {{trad|it|bahamense}}
* {{trad|li|Bahamaans}}
* {{trad|no|bahamansk}}
* {{trad|oc|bahamean|bahamenc}}
* {{trad|pl|bahamski}}
* {{trad-|ru|багамский|(bahamskij)}}
* {{trad|sr|бахамски|bahamski}}
* {{trad|hsb|bahamski}}
* {{trad|dsb|bahamski}}
* {{trad|sw|Kibahama}}
* {{trad|sv|bahamansk}}
* {{trad|vec|bahamense}}
{{tradfim}}
==Substantivo==
{{flex.pt|ms=baamiano|mp=baamianos|fs=baamiana|fp=baamianas|ms-div=ba.a.mi.&lt;u&gt;a&lt;/u&gt;.no|mp-div=ba.a.mi.&lt;u&gt;a&lt;/u&gt;.nos|fs-div=ba.a.mi.&lt;u&gt;a&lt;/u&gt;.na|fp-div=ba.a.mi.&lt;u&gt;a&lt;/u&gt;.nas}}
{{paroxítona|ba|a|mi|a|no}}, {{gramática|m}}
# [[indivíduo]] [[natural]] das [[Baamas]]
# [[habitante#Substantivo|habitante]] desse [[arquipélago]]
==={{PEPB|Sinónimos|Sinônimos|inline=1}}===
* {{link preto|baamense}}, {{link preto|baamês}}, {{link preto|bahamense}}, {{link preto|bahamês}}, [[bahamiano#Substantivo|bahamiano]]
===Tradução===
{{tradini}}
* {{trad|de|Bahamaer}}
* {{trad|ast|bahamés|bahameñu}}
* {{trad|eu|bahamar}}
* {{trad|ca|bahamià}}
* {{trad|cs|Bahamec}}
* {{trad|nb|bahamaner}}
* {{trad|es|bahameño}}
* {{trad|eo|bahamano}}
* {{trad|et|bahamalane}}
* {{trad|ext|baameñu}}
* {{trad|fo|bahamaoyingur}}
* {{trad|fr|Bahaméen}}
{{tradmeio}}
* {{trad|gl|bahamés|bahameño}}
* {{trad|en|Bahamian}}
* {{trad|it|bahamense}}
* {{trad|ja|バハマ人}}
* {{trad|nn|bahamanar}}
* {{trad|oc|bahamean|bahamenc}}
* {{trad|pl|Bahamczyk}}
* {{trad-|ru|багамец|(bahamec)}}
* {{trad|sw|Mbahama}}
* {{trad|sv|bahaman}}
* {{trad|vec|bahamense}}
{{tradfim}}
=={{etimologia|pt}}==
: De ''[[Baamas]]'' + ''[[-iano]]''.
=={{pronúncia|pt}}==
===Brasil===
* [[AFI]]: {{AFI|/bɐ.ã.mɪˈã.nʊ/}}
* [[X-SAMPA]]: /b6.a~.mI&quot;a~.nU/
==Ver também==
===Na Wikipédia===
{{verTambém.Ini}}
* [[w:Baamas|Ba(h)amas]]
* [[w:Anexo:Lista de gentílicos|lista de gentílicos]]
{{verTambém.Fim}}
==Ligações externas==
* {{Aulete|baamiano}}
* {{Dicio|baamiano}}
* {{DLPO|baamiano}}
* {{Houaiss|baamiano}}
* {{Infopédia|baamiano}}
* {{Michaelis|baamiano}}
* {{PLP|baamiano}}
* {{VOLPABL|baamiano}}
[[Categoria:Adjetivo (Português)]]
[[Categoria:Substantivo (Português)]]
[[Categoria:Gentílico (Português)]]</text>
<sha1>mm6ctdmvbxx6ki7ukvtmp7hkyziczq6</sha1>
</revision>
</page>
