<page>
<title>Baamas</title>
<ns>0</ns>
<id>55932</id>
<revision>
<id>2265023</id>
<parentid>2027454</parentid>
<timestamp>2017-04-26T14:17:51Z</timestamp>
<contributor>
<username>HydrizBot</username>
<id>29590</id>
</contributor>
<minor />
<comment>Robô: A limpar links interwikis antigos</comment>
<model>wikitext</model>
<format>text/x-wiki</format>
<text bytes="157" xml:space="preserve">={{-pt-}}=
==Substantivo==
{{paroxítona|Ba|a|mas}}, ''próprio''
# vide [[Bahamas]]
[[Categoria:Substantivo (Português)]]
[[Categoria:País (Português)]]</text>
<sha1>60ydzfjngpqrgc73b2pbe85h95k39vg</sha1>
</revision>
</page>
