<page>
<page>
<title>baan</title>
<ns>0</ns>
<id>270587</id>
<revision>
<id>2305090</id>
<parentid>2244087</parentid>
<timestamp>2017-04-29T11:50:52Z</timestamp>
<contributor>
<username>HydrizBot</username>
<id>29590</id>
</contributor>
<minor />
<comment>Robô: A limpar links interwikis antigos</comment>
<model>wikitext</model>
<format>text/x-wiki</format>
<text bytes="435" xml:space="preserve">={{-nl-}}=
==Substantivo==
'''baan''', {{mf}} {{p|banen}}
#[[emprego]]
#:''Ik heb een nieuwe '''baan'''.''
#:''Arrumei um novo emprego.''
#[[rua]], [[caminho]], [[passagem]]
#[[pista]]
=={{pronúncia|nl}}==
* {{audio|Nl-baan.ogg|lang=nl|Áudio}}
==Ver também==
===No Wikcionário===
*[[Apêndice:As mil palavras mais usadas no idioma holandês|As mil palavras mais usadas no idioma holandês]]
[[Categoria:Substantivo (Holandês)]]</text>
<sha1>ql1mwcngdiqeuknzkhzpxbex58k3bow</sha1>
</revision>
