<page>
<title>Baar</title>
<ns>0</ns>
<id>314388</id>
<revision>
<id>2265024</id>
<parentid>2038692</parentid>
<timestamp>2017-04-26T14:17:53Z</timestamp>
<contributor>
<username>HydrizBot</username>
<id>29590</id>
</contributor>
<minor />
<comment>Robô: A limpar links interwikis antigos</comment>
<model>wikitext</model>
<format>text/x-wiki</format>
<text bytes="171" xml:space="preserve">={{-nds-}}=
==Substantivo==
'''Baar'''
# [[urso]] (animal da família dos ursídeos)
{{página-automática|abril|2013|urso|nds}}
[[Categoria:Substantivo (Baixo Saxão)]]</text>
<sha1>gzpr75ywjwnb21tao282mealalixr5t</sha1>
</revision>
</page>
