<page>
<title>baarjóm</title>
<ns>0</ns>
<id>364913</id>
<revision>
<id>2305093</id>
<parentid>2173360</parentid>
<timestamp>2017-04-29T11:51:00Z</timestamp>
<contributor>
<username>HydrizBot</username>
<id>29590</id>
</contributor>
<minor />
<comment>Robô: A limpar links interwikis antigos</comment>
<model>wikitext</model>
<format>text/x-wiki</format>
<text bytes="236" xml:space="preserve">={{-li-}}=
{{elementos|Ba|seesjóm|Cs|lanthaanjóm|La}}
==Substantivo==
'''baarjóm'''
# {{escopo|li|Elemento químico}} [[bário]]
==Ver também==
===No Wikcionário===
{{tabela periódica/li}}
[[Categoria:Substantivo (Limburguês)]]</text>
<sha1>q83xt1uns9izhvv886xhanuzgkuvlmi</sha1>
</revision>
</page>
