<page>
<title>baarium</title>
<ns>0</ns>
<id>309975</id>
<revision>
<id>2305092</id>
<parentid>2100462</parentid>
<timestamp>2017-04-29T11:50:58Z</timestamp>
<contributor>
<username>HydrizBot</username>
<id>29590</id>
</contributor>
<minor />
<comment>Robô: A limpar links interwikis antigos</comment>
<model>wikitext</model>
<format>text/x-wiki</format>
<text bytes="142" xml:space="preserve">={{-et-}}=
==Substantivo==
'''baarium'''
# [[bário]]
{{página-automática|Fevereiro|2013|bário|et}}
[[Categoria:Substantivo (Estoniano)]]</text>
<sha1>bwsity71x77fmf6e4emtu5siz7knko8</sha1>
</revision>
</page>
