<page>
<title>baaríc</title>
<ns>0</ns>
<id>415972</id>
<revision>
<id>2663756</id>
<parentid>2563105</parentid>
<timestamp>2022-03-06T22:55:56Z</timestamp>
<contributor>
<username>ValJor</username>
<id>1358</id>
</contributor>
<comment>Confirmando [[:Categoria:!Entrada criada por robô|verbete criado por robô]]</comment>
<model>wikitext</model>
<format>text/x-wiki</format>
<text bytes="255" xml:space="preserve">[[Imagem:Rain showers in Stockholm 2015.jpg|thumb|right|250px|{{centro|Chuva}}]]
={{-rhg-}}=
==Substantivo==
'''baaríc'''
# [[chuva]]
[[Categoria:Substantivo (Rohingya)]]
[[Categoria:Meteorologia (Rohingya)]]
[[Categoria:Entrada com imagem (Rohingya)]]</text>
<sha1>2684g1sa2itfd53902l5594grglgxhr</sha1>
</revision>
</page>
