<page>
<page>
<title>baay</title>
<ns>0</ns>
<id>17063</id>
<revision>
<id>2305095</id>
<parentid>2201790</parentid>
<timestamp>2017-04-29T11:51:05Z</timestamp>
<contributor>
<username>HydrizBot</username>
<id>29590</id>
</contributor>
<minor />
<comment>Robô: A limpar links interwikis antigos</comment>
<model>wikitext</model>
<format>text/x-wiki</format>
<text bytes="84" xml:space="preserve">={{-wo-}}=
==Substantivo==
'''baay'''
# [[pai]]
[[Categoria:Substantivo ({{wo}})]]</text>
<sha1>rf6a1sbpx07aqvpx5u1kwqr4auuqnnp</sha1>
</revision>
