<page>
<title>bab</title>
<ns>0</ns>
<id>32849</id>
<revision>
<id>2305096</id>
<parentid>2240690</parentid>
<timestamp>2017-04-29T11:51:10Z</timestamp>
<contributor>
<username>HydrizBot</username>
<id>29590</id>
</contributor>
<minor />
<comment>Robô: A limpar links interwikis antigos</comment>
<model>wikitext</model>
<format>text/x-wiki</format>
<text bytes="496" xml:space="preserve">={{-ccp-}}=
==Substantivo==
'''bab'''
# [[pai]]
[[Categoria:Substantivo (Chakma)]]
[[Categoria:Família (Chakma)]]
={{-ku-}}=
==Substantivo==
'''bab''', ''masculino''; ''feminino'': [[dayik]]
# [[pai]]
===Sinônimo===
* [[bav]]
==Ver também==
===No Wikcionário===
{{verTambém.Ini}}
* [[afret]]
* [[bavkal]]
{{verTambém.NovaColuna}}
* [[jin]]
* [[mêr]]
{{verTambém.NovaColuna}}
* [[mirov]]
* [[zelam]]
{{verTambém.Fim}}
[[Categoria:Substantivo (Curdo)]]
[[Categoria:Família (Curdo)]]</text>
<sha1>ssocyihofys86blo93h05uziqeuzwqr</sha1>
</revision>
</page>
