<page>
<title>babarás</title>
<ns>0</ns>
<id>184972</id>
<revision>
<id>2305121</id>
<parentid>2034654</parentid>
<timestamp>2017-04-29T11:52:01Z</timestamp>
<contributor>
<username>HydrizBot</username>
<id>29590</id>
</contributor>
<minor />
<comment>Robô: A limpar links interwikis antigos</comment>
<model>wikitext</model>
<format>text/x-wiki</format>
<text bytes="185" xml:space="preserve">={{-pt-}}=
==Forma verbal==
{{oxítona|ba|ba|rás}}
# segunda pessoa do singular do futuro do presente do verbo [[babar]]
{{avi-for-fle|babar}}
[[Categoria:Forma verbal (Português)]]</text>
<sha1>c844fb08j3mq06kuztjyxcgsyxeof9h</sha1>
</revision>
</page>
