<page>
<page>
<title>babamos</title>
<ns>0</ns>
<id>157271</id>
<revision>
<id>2513238</id>
<parentid>2305104</parentid>
<timestamp>2018-07-26T17:12:58Z</timestamp>
<contributor>
<username>ValJor</username>
<id>1358</id>
</contributor>
<comment>Acrescentando a predefinição avi-for-fle</comment>
<model>wikitext</model>
<format>text/x-wiki</format>
<text bytes="314" xml:space="preserve">={{-pt-}}=
==Forma verbal==
{{paroxítona|ba|ba|mos}}
# primeira pessoa do plural do presente do modo indicativo do verbo [[babar]]
# {{escopo2|grafia brasileira}} primeira pessoa do plural do pretérito perfeito do modo indicativo do verbo [[babar]]
{{avi-for-fle|babar}}
[[Categoria:Forma verbal (Português)]]</text>
<sha1>kvntj2d4xa5oql9m532ci1q1n5hzudk</sha1>
</revision>
