<page>
<title>babares</title>
<ns>0</ns>
<id>207112</id>
<revision>
<id>2305115</id>
<parentid>1748174</parentid>
<timestamp>2017-04-29T11:51:51Z</timestamp>
<contributor>
<username>HydrizBot</username>
<id>29590</id>
</contributor>
<minor />
<comment>Robô: A limpar links interwikis antigos</comment>
<model>wikitext</model>
<format>text/x-wiki</format>
<text bytes="267" xml:space="preserve">={{-pt-}}=
==Forma verbal==
'''babares'''
#[[segunda pessoa]] do [[singular]] do [[futuro]] do [[modo subjuntivo]] do verbo '''[[babar]]'''
#[[infinitivo pessoal]] da [[segunda pessoa]] do [[singular]] do verbo '''[[babar]]'''
[[Categoria:Forma verbal (Português)]]</text>
<sha1>nip3pzpy15619fuzvngzjotvv8xclem</sha1>
</revision>
</page>
