<page>
<title>babas</title>
<ns>0</ns>
<id>154377</id>
<revision>
<id>2305125</id>
<parentid>1949503</parentid>
<timestamp>2017-04-29T11:52:09Z</timestamp>
<contributor>
<username>HydrizBot</username>
<id>29590</id>
</contributor>
<minor />
<comment>Robô: A limpar links interwikis antigos</comment>
<model>wikitext</model>
<format>text/x-wiki</format>
<text bytes="305" xml:space="preserve">={{-pt-}}=
==Forma de substantivo==
{{paroxítona|ba|bas}} {{f}}
#Plural de '''[[baba]]'''
==Forma verbal==
'''babas'''
#[[segunda]] [[pessoa]] do [[singular]] do [[presente]] [[indicativo]] do verbo '''[[babar]]'''
[[Categoria:Forma de substantivo (Português)]]
[[Categoria:Forma verbal (Português)]]</text>
<sha1>9gh7o9u5v6xmcatqewdhx0dv3crs5b4</sha1>
</revision>
</page>
