<page>
<page>
<title>babais</title>
<ns>0</ns>
<id>158663</id>
<revision>
<id>2305102</id>
<parentid>1748127</parentid>
<timestamp>2017-04-29T11:51:28Z</timestamp>
<contributor>
<username>HydrizBot</username>
<id>29590</id>
</contributor>
<minor />
<comment>Robô: A limpar links interwikis antigos</comment>
<model>wikitext</model>
<format>text/x-wiki</format>
<text bytes="178" xml:space="preserve">={{-pt-}}=
==Forma verbal==
'''babais'''
#[[segunda pessoa]] do [[plural]] do [[presente]] do [[modo indicativo]] do verbo '''[[babar]]'''
[[Categoria:Forma verbal (Português)]]</text>
<sha1>ec39g06kcj0rzujqnqqf1zg78qp9wd7</sha1>
</revision>
