<page>
<title>babastes</title>
<ns>0</ns>
<id>174450</id>
<revision>
<id>2305130</id>
<parentid>1748160</parentid>
<timestamp>2017-04-29T11:52:17Z</timestamp>
<contributor>
<username>HydrizBot</username>
<id>29590</id>
</contributor>
<minor />
<comment>Robô: A limpar links interwikis antigos</comment>
<model>wikitext</model>
<format>text/x-wiki</format>
<text bytes="191" xml:space="preserve">={{-pt-}}=
==Forma verbal==
'''babastes'''
#[[segunda pessoa]] do [[plural]] do [[pretérito perfeito]] do [[modo indicativo]] do verbo '''[[babar]]'''
[[Categoria:Forma verbal (Português)]]</text>
<sha1>hy180ws7gorqqpxzzngaife6s93kwdh</sha1>
</revision>
</page>
