<page>
<page>
<title>babariam</title>
<ns>0</ns>
<id>195801</id>
<revision>
<id>2305117</id>
<parentid>1748172</parentid>
<timestamp>2017-04-29T11:51:54Z</timestamp>
<contributor>
<username>HydrizBot</username>
<id>29590</id>
</contributor>
<minor />
<comment>Robô: A limpar links interwikis antigos</comment>
<model>wikitext</model>
<format>text/x-wiki</format>
<text bytes="171" xml:space="preserve">={{-pt-}}=
==Forma verbal==
'''babariam'''
#[[terceira pessoa]] do [[plural]] do [[futuro do pretérito]] do verbo '''[[babar]]'''
[[Categoria:Forma verbal (Português)]]</text>
<sha1>krs2lk77xyzgagy6psl8ei85idrcpkv</sha1>
</revision>
