<page>
<page>
<title>babareis</title>
<ns>0</ns>
<id>189144</id>
<revision>
<id>2305112</id>
<parentid>1748118</parentid>
<timestamp>2017-04-29T11:51:46Z</timestamp>
<contributor>
<username>HydrizBot</username>
<id>29590</id>
</contributor>
<minor />
<comment>Robô: A limpar links interwikis antigos</comment>
<model>wikitext</model>
<format>text/x-wiki</format>
<text bytes="168" xml:space="preserve">={{-pt-}}=
==Forma verbal==
'''babareis'''
#[[segunda pessoa]] do [[plural]] do [[futuro do presente]] do verbo '''[[babar]]'''
[[Categoria:Forma verbal (Português)]]</text>
<sha1>146lr0g8hx92lqgln2mwejhhspgmoae</sha1>
</revision>
