<page>
<page>
<title>babado</title>
<ns>0</ns>
<id>126022</id>
<revision>
<id>2305099</id>
<parentid>1688853</parentid>
<timestamp>2017-04-29T11:51:23Z</timestamp>
<contributor>
<username>HydrizBot</username>
<id>29590</id>
</contributor>
<minor />
<comment>Robô: A limpar links interwikis antigos</comment>
<model>wikitext</model>
<format>text/x-wiki</format>
<text bytes="431" xml:space="preserve">={{-pt-}}=
==Substantivo==
{{paroxítona|ba|ba|do}} ''masculino''
#[[renda]] de [[saia]], [[vestido]], etc.
#{{escopo|gíria}} [[fofoca]] do momento, [[mexerico]]
#{{escopo|gíria}} [[problema]], [[dificuldade]]
==Adjetivo==
{{paroxítona|ba|ba|do}} ''masculino''
#[[molhado]] com [[baba]]
#[[apaixonado]], [[enamorado]]
[[Categoria:Substantivo (Português)]]
[[Categoria:Adjetivo (Português)]]
[[Categoria:Gíria (Português)]]</text>
<sha1>4x4mux27um9gtu9d01bk4y7ofeecrxy</sha1>
</revision>
