<page>
<page>
<title>babalhar</title>
<ns>0</ns>
<id>293761</id>
<revision>
<id>1431183</id>
<timestamp>2012-07-17T11:36:49Z</timestamp>
<contributor>
<username>Cpls</username>
<id>20608</id>
</contributor>
<comment>[[Ajuda:Guia de edição/Menus e ferramentas/Sumário de edição|→]] nova página: ={{-pt-}}= ==Verbo==  {{oxítona|ba|ba|lhar}} # {{escopo|Galiza}} cair [[baba]], expulsar baba ===Conjugaçã...</comment>
<model>wikitext</model>
<format>text/x-wiki</format>
<text bytes="402" xml:space="preserve">={{-pt-}}=
==Verbo==
{{oxítona|ba|ba|lhar}}
# {{escopo|Galiza}} cair [[baba]], expulsar baba
===Conjugação===
{{conj/pt|babalh|ar}}
===Sinônimo===
* [[babar]]
=={{etimologia|pt}}==
: {{escopo|Morfologia}} Derivado de [[babalha]].
==Ver também==
===No Wikcionário===
{{verTambém.Ini}}
* [[babalhoar]]
{{verTambém.NovaColuna}}
* [[babeco]]
{{verTambém.Fim}}
[[Categoria:Verbo (Português)]]</text>
<sha1>tlue0kvj70ie021m0hxslzlp11iudix</sha1>
</revision>
