<page>
<title>babaço</title>
<ns>0</ns>
<id>41428</id>
<revision>
<id>2659395</id>
<parentid>2150606</parentid>
<timestamp>2022-02-05T22:17:08Z</timestamp>
<contributor>
<username>ValJor</username>
<id>1358</id>
</contributor>
<comment>Substituindo a [[Especial:Páginas_afluentes/Predefinição:escopoCat|predefinição escopoCat]] por escopo</comment>
<model>wikitext</model>
<format>text/x-wiki</format>
<text bytes="1020" xml:space="preserve">{{ver também|babaça|cabaço|babado|gabaço|bagaço|balaço|baraço}}
={{-pt-}}=
==Substantivo==
{{flex.pt|ms=babaço|mp=babaços|fs=babaça|fp=babaças}}
{{paroxítona|ba|ba|ço}}
# {{escopo|pt|Brasileirismo}} [[irmão]] [[gêmeo]]
# {{escopo|pt|Religião}} [[ibêji]]
=={{etimologia|pt}}==
: Do {{etm|kmb|pt}}.
[[Categoria:Substantivo (Português)]]
={{-gl-}}=
==Substantivo==
{{flex.gl|ms=babaço|mp=babaços}}
{{paroxítona|ba|ba|ço|lang=gl}}, {{gramática|m}}
# {{escopo|gl|Meteorologia}} [[chuva]] muito fina
==={{PEPB|Sinónimos|Sinônimos|inline=1}}===
{{dividir em colunas|3}}
* [[babuja#Galego|babuja]]
* [[babujada#Galego|babujada]]
* [[babujalho#Galego|babujalho]]
* [[babujeira#Galego|babujeira]]
* [[cascaxia#Galego|cascaxia]]
* [[melúria#Galego|melúria]]
* [[molinha#Galego|molinha]]
* [[molura#Galego|molura]]
* [[orvalheira#Galego|orvalheira]]
* [[poalha#Galego|poalha]]
{{dividir em colunas/fim}}
=={{etimologia|gl}}==
: {{escopo|Morfologia}} De [[baba]].
[[Categoria:Substantivo (Galego)]]</text>
<sha1>nzpv115mt2v17kb5kzrqnw48sg48g5r</sha1>
</revision>
</page>
