<page>
<page>
<title>babalhocas</title>
<ns>0</ns>
<id>293759</id>
<revision>
<id>1431181</id>
<timestamp>2012-07-17T11:35:11Z</timestamp>
<contributor>
<username>Cpls</username>
<id>20608</id>
</contributor>
<comment>[[Ajuda:Guia de edição/Menus e ferramentas/Sumário de edição|→]] nova página: ={{-pt-}}= ==Substantivo== {{flex.pt|s=babalhocas|p=babalhocas}} {{paroxítona|ba|ba|lho|cas}} # {{escopo|Gal...</comment>
<model>wikitext</model>
<format>text/x-wiki</format>
<text bytes="595" xml:space="preserve">={{-pt-}}=
==Substantivo==
{{flex.pt|s=babalhocas|p=babalhocas}}
{{paroxítona|ba|ba|lho|cas}}
# {{escopo|Galiza}} [[parvo]], tonto, néscio
==Adjetivo==
{{flex.pt|s=babalhocas|p=babalhocas}}
{{paroxítona|ba|ba|lho|cas}}
# {{escopo|Galiza}} aquele que é [[parvo]], tonto, néscio
===Sinônimo===
* [[babeco]]
=={{etimologia|pt}}==
: {{escopo|Morfologia}} Devivado de [[babalha]].
==Ver também==
===No Wikcionário===
{{verTambém.Ini}}
* [[babalhão]]
{{verTambém.NovaColuna}}
* [[babalhar]]
{{verTambém.Fim}}
[[Categoria:Adjetivo (Português)]]
[[Categoria:Substantivo (Português)]]</text>
<sha1>otbkdsb728gmfahzisa3j5etazqs3h0</sha1>
</revision>
