<page>
<page>
<title>babau</title>
<ns>0</ns>
<id>275628</id>
<revision>
<id>2305131</id>
<parentid>2100004</parentid>
<timestamp>2017-04-29T11:52:21Z</timestamp>
<contributor>
<username>HydrizBot</username>
<id>29590</id>
</contributor>
<minor />
<comment>Robô: A limpar links interwikis antigos</comment>
<model>wikitext</model>
<format>text/x-wiki</format>
<text bytes="434" xml:space="preserve">={{-pt-}}=
==Interjeição==
{{oxítona|ba|bau}}
# não tem remédio!
# acabou-se!
# foi-se!
[[Categoria:Interjeição (Português)]]
={{-ca-}}=
==Substantivo==
'''babau'''
# [[bobo]], [[tonto]]
[[Categoria:Substantivo (Catalão)]]
={{-it-}}=
==Substantivo==
'''babau'''
# [[bicho-papão]]
[[Categoria:Substantivo (Italiano)]]
={{-oc-}}=
==Substantivo==
'''babau'''
# [[bobo]], [[tonto]]
[[Categoria:Substantivo (Occitano)]]</text>
<sha1>fa9keu9npdpdcueoid9mf510wt0kc9e</sha1>
</revision>
