<page>
<page>
<title>babarem</title>
<ns>0</ns>
<id>211402</id>
<revision>
<id>2305113</id>
<parentid>1748117</parentid>
<timestamp>2017-04-29T11:51:47Z</timestamp>
<contributor>
<username>HydrizBot</username>
<id>29590</id>
</contributor>
<minor />
<comment>Robô: A limpar links interwikis antigos</comment>
<model>wikitext</model>
<format>text/x-wiki</format>
<text bytes="265" xml:space="preserve">={{-pt-}}=
==Forma verbal==
'''babarem'''
#[[terceira pessoa]] do [[plural]] do [[futuro]] do [[modo subjuntivo]] do verbo '''[[babar]]'''
#[[infinitivo pessoal]] da [[terceira pessoa]] do [[plural]] do verbo '''[[babar]]'''
[[Categoria:Forma verbal (Português)]]</text>
<sha1>gqtkf6yzks41h9jxo22n1gq9xwijvkq</sha1>
</revision>
