<page>
<page>
<title>Babaçulândia</title>
<ns>0</ns>
<id>146123</id>
<revision>
<id>2646635</id>
<parentid>2265025</parentid>
<timestamp>2021-08-25T08:54:36Z</timestamp>
<contributor>
<username>ValJor</username>
<id>1358</id>
</contributor>
<comment>Desfazendo ligação para redirecionamento para poder eliminá-lo em seguida</comment>
<model>wikitext</model>
<format>text/x-wiki</format>
<text bytes="392" xml:space="preserve">{{Wikipédia|lang=pt}}
={{-pt-}}=
==Substantivo==
{{proparoxítona aparente|Ba|ba|çu|lân|di|a}}, {{gramática|pr}}
# [[município]] [[brasileiro]] do [[estado]] do [[Tocantins]]
==Ver também==
===No Wikcionário===
* [[Apêndice:Gentílicos e topónimos em português/Brasil/Tocantins]]
[[Categoria:Substantivo (Português)]]
[[Categoria:Município do estado do Tocantins (Português)]]</text>
<sha1>7csc7mc0mea4uebo8bt7eksdz6bnpe9</sha1>
</revision>
