<page>
<page>
<title>babalaô</title>
<ns>0</ns>
<id>71355</id>
<revision>
<id>2473771</id>
<parentid>2227092</parentid>
<timestamp>2017-12-31T04:35:19Z</timestamp>
<contributor>
<username>JMGM</username>
<id>27076</id>
</contributor>
<comment>/* Substantivo */</comment>
<model>wikitext</model>
<format>text/x-wiki</format>
<text bytes="940" xml:space="preserve">={{-pt-}}=
==Substantivo==
{{flex.pt|ms=babalaô|mp=babalaôs}}
{{oxítona|ba|ba|la|ô}}, {{g|m}}
# {{escopo|pt|Candomblé}} corruptela da palavra yorùbá [[babalawo]] [[sacerdote]] de [[Ifá]], que pratica as [[arte]]s [[divinatório|divinatórias]]; é quem confirma o [[odu]] e o [[orixá]] de cabeça dos [[neófito]]s
===Sinônimos===
{{verTambém.Ini}}
* [[ababaloalô]]
{{verTambém.NovaColuna}}
* [[babalaú]]
{{verTambém.Fim}}
==Ver também==
===No Wikcionário===
Sacerdotes no Candomblé:
{{verTambém.Ini}}
* [[abiã]]
* [[açobá]]
* [[alabê]]
* [[axogum]]
{{verTambém.NovaColuna}}
* [[babalorixá]]
* [[dagâ]]
* [[equéde]]
* [[iá-bassê]]
{{verTambém.NovaColuna}}
* [[iá-tebexê]]
* [[ialaxé]]
* [[ialorixá]]
{{verTambém.NovaColuna}}
* [[iaô]]
* [[iyá-kekerê]]
* [[ogã]]/[[ogan]]
{{verTambém.NovaColuna}}
* [[olossãim]]
* [[sarapebé]]
* [[sidagã]]
{{verTambém.Fim}}
[[Categoria:Substantivo (Português)]]</text>
<sha1>ie9m0zkm0pn8kmwrkm69tjnqk3nbqf9</sha1>
</revision>
