<page>
<page>
<title>baba</title>
<ns>0</ns>
<id>8124</id>
<revision>
<id>2616650</id>
<parentid>2305097</parentid>
<timestamp>2021-02-01T01:42:08Z</timestamp>
<contributor>
<username>MarxavBot</username>
<id>80155</id>
</contributor>
<minor />
<comment>AFI Portugal</comment>
<model>wikitext</model>
<format>text/x-wiki</format>
<text bytes="877" xml:space="preserve">={{-pt-}}=
==Substantivo==
{{flex.pt|fs=baba|fp=babas}}
{{paroxítona|ba|ba}}
# [[saliva]] ou [[mucosidade]] que [[escorrer|escorre]] da [[boca]]
# {{escopo|Brasil, Santa Catarina, Florianópolis}} a [[cachaça]] que resta no copo
===Tradução===
{{tradini}}
* {{trad|fi|kuola}}
{{tradmeio}}
* {{trad|en|drool}}
{{tradfim}}
=={{pronúncia|pt}}==
===Portugal===
* AFI: {{AFI|/ˈba.bɐ/}}
==Anagrama==
# [[babá]]
[[Categoria:Substantivo (Português)]]
={{-pap-}}=
==Substantivo==
'''baba'''
# [[saliva]]
[[Categoria:Substantivo (Papiamento)]]
={{-tet-}}=
==Substantivo==
'''baba'''
# [[tambor]]
[[Categoria:Substantivo (Tétum)]]
={{-tr-}}=
{{família/tr}}
==Substantivo==
'''ba.ba''' (feminino: [[anne]])
# [[pai]]
===Diminutivo===
* [[babacık]]
===Declinação===
{{decl.tr.sub.y|baba|babalar}}
[[Categoria:Substantivo (Turco)]]
[[Categoria:Família (Turco)]]</text>
<sha1>hsekv9waie6liqnbwlcxifx23z0jqwa</sha1>
</revision>
