<page>
<page>
<title>babasse</title>
<ns>0</ns>
<id>205417</id>
<revision>
<id>2305126</id>
<parentid>2100470</parentid>
<timestamp>2017-04-29T11:52:11Z</timestamp>
<contributor>
<username>HydrizBot</username>
<id>29590</id>
</contributor>
<minor />
<comment>Robô: A limpar links interwikis antigos</comment>
<model>wikitext</model>
<format>text/x-wiki</format>
<text bytes="227" xml:space="preserve">={{-pt-}}=
==Forma verbal==
'''babasse'''
#[[primeira pessoa|primeira]] e [[terceira pessoa]] do [[singular]] do [[pretérito imperfeito]] do [[modo subjuntivo]] do verbo '''[[babar]]'''
[[Categoria:Forma verbal (Português)]]</text>
<sha1>6ac93g0n7gdpto3vzd8c14xwttsjo52</sha1>
</revision>
