<page>
<title>babarão</title>
<ns>0</ns>
<id>190514</id>
<revision>
<id>2305122</id>
<parentid>2034660</parentid>
<timestamp>2017-04-29T11:52:02Z</timestamp>
<contributor>
<username>HydrizBot</username>
<id>29590</id>
</contributor>
<minor />
<comment>Robô: A limpar links interwikis antigos</comment>
<model>wikitext</model>
<format>text/x-wiki</format>
<text bytes="184" xml:space="preserve">={{-pt-}}=
==Forma verbal==
{{oxítona|ba|ba|rão}}
# terceira pessoa do plural do futuro do presente do verbo [[babar]]
{{avi-for-fle|babar}}
[[Categoria:Forma verbal (Português)]]</text>
<sha1>1k90qa7gbfsm91kwmwvbl9btlfpz6eh</sha1>
</revision>
</page>
