<page>
<title>babaquice</title>
<ns>0</ns>
<id>312564</id>
<revision>
<id>1867882</id>
<parentid>1867881</parentid>
<timestamp>2014-10-19T03:12:10Z</timestamp>
<contributor>
<username>MIL973</username>
<id>41339</id>
</contributor>
<model>wikitext</model>
<format>text/x-wiki</format>
<text bytes="314" xml:space="preserve">{{confundir|basbaquice}}
={{-pt-}}=
==Substantivo==
{{flex.pt|fs=babaquice|fp=babaquices}}
{{paroxítona|ba|ba|qui|ce}}, {{f}}
# [[qualidade]] do que ou de quem é [[babaca]]
# [[tolice]]
# [[maluquice]]
=={{etimologia|pt}}==
: {{escopo|Morfologia}} [[babaca]] + [[-ice]].
[[Categoria:Substantivo (Português)]]</text>
<sha1>lef9ad402yont7eggggcrr2uwstrpge</sha1>
</revision>
</page>
