<page>
<title>babalha</title>
<ns>0</ns>
<id>293764</id>
<revision>
<id>1431186</id>
<timestamp>2012-07-17T11:37:27Z</timestamp>
<contributor>
<username>Cpls</username>
<id>20608</id>
</contributor>
<comment>[[Ajuda:Guia de edição/Menus e ferramentas/Sumário de edição|→]] nova página:  ={{-pt-}}= ==Substantivo== {{flex.pt|fs=babalha|fp=babalhas}} {{paroxítona|ba|ba|lha}} # {{escopo|Galiza}} ...</comment>
<model>wikitext</model>
<format>text/x-wiki</format>
<text bytes="379" xml:space="preserve">
={{-pt-}}=
==Substantivo==
{{flex.pt|fs=babalha|fp=babalhas}}
{{paroxítona|ba|ba|lha}}
# {{escopo|Galiza}} [[baba]], secreção viscosa
=={{etimologia|pt}}==
: Duma suposta palavra latina ''*babacula''.
==Ver também==
===No Wikcionário===
{{verTambém.Ini}}
* [[babalhar]]
{{verTambém.NovaColuna}}
* [[babalhão]]
{{verTambém.Fim}}
[[Categoria:Substantivo (Português)]]</text>
<sha1>06bni362vrx53kbjx54ol7yjyw2hbfa</sha1>
</revision>
</page>
