<page>
<page>
<title>babaquara</title>
<ns>0</ns>
<id>393905</id>
<revision>
<id>2497657</id>
<parentid>2489896</parentid>
<timestamp>2018-04-20T08:44:36Z</timestamp>
<contributor>
<username>ValJor</username>
<id>1358</id>
</contributor>
<comment>Retirando da [[Especial:Uncategorizedpages|página de verbetes sem categoria]]</comment>
<model>wikitext</model>
<format>text/x-wiki</format>
<text bytes="372" xml:space="preserve">={{-pt-}}=
==Adjetivo==
{{flex.pt|s=babaquara|p=babaquaras}}
{{paroxítona|ba|ba|qua|ra}}, {{gramática|c2g}}
# [[bobo]], [[pateta]]
==Substantivo==
{{paroxítona|ba|ba|qua|ra}}, {{gramática|c2g}}
# [[bobo]], [[pateta]]
==Ligações externas==
* {{Aulete}}
* {{Michaelis}}
* {{DPLP}}
* {{PLP}}
[[Categoria:Adjetivo (Português)]]
[[Categoria:Substantivo (Português)]]</text>
<sha1>ovj5rt7c2gfvp3oijkm767pupkvzzpa</sha1>
</revision>
