<page>
<page>
<title>babar</title>
<ns>0</ns>
<id>8125</id>
<revision>
<id>2616374</id>
<parentid>2605863</parentid>
<timestamp>2021-02-01T00:53:43Z</timestamp>
<contributor>
<username>MarxavBot</username>
<id>80155</id>
</contributor>
<minor />
<comment>AFI Portugal</comment>
<model>wikitext</model>
<format>text/x-wiki</format>
<text bytes="538" xml:space="preserve">={{-pt-}}=
==Verbo &lt;sup&gt;(1)&lt;/sup&gt;==
{{oxítona|ba|bar}}, {{gramática|vi}}
:# [[derramar]] [[baba]]
==Verbo &lt;sup&gt;(2)&lt;/sup&gt;==
{{oxítona|ba|bar}}, {{gramática|vtd}}
:# [[espumar]], [[expelir]] como [[baba]]
:# [[molhar]] ou [[umedecer]] com [[baba]]
===Tradução===
{{tradini}}
*{{trad|kea|bába}}
{{tradmeio}}
{{tradfim}}
===Conjugação===
{{conj/pt|bab|ar}}
=={{pronúncia|pt}}==
===Portugal===
* AFI: {{AFI|/bɐ.ˈbaɾ/}}
[[Categoria:Verbo (Português)]]
[[Categoria:Dissílabo (Português)]]
[[Categoria:Oxítona (Português)]]</text>
<sha1>qmnbj0lj0via1o7g6vs8phnloy8k79f</sha1>
</revision>
