<page>
<title>babarias</title>
<ns>0</ns>
<id>200089</id>
<revision>
<id>2305118</id>
<parentid>1748171</parentid>
<timestamp>2017-04-29T11:51:56Z</timestamp>
<contributor>
<username>HydrizBot</username>
<id>29590</id>
</contributor>
<minor />
<comment>Robô: A limpar links interwikis antigos</comment>
<model>wikitext</model>
<format>text/x-wiki</format>
<text bytes="172" xml:space="preserve">={{-pt-}}=
==Forma verbal==
'''babarias'''
#[[segunda pessoa]] do [[singular]] do [[futuro do pretérito]] do verbo '''[[babar]]'''
[[Categoria:Forma verbal (Português)]]</text>
<sha1>e6glfsqs3unlr3h2mv2lcuyngzbv317</sha1>
</revision>
</page>
