<page>
<title>babardes</title>
<ns>0</ns>
<id>210058</id>
<revision>
<id>2305110</id>
<parentid>1748120</parentid>
<timestamp>2017-04-29T11:51:43Z</timestamp>
<contributor>
<username>HydrizBot</username>
<id>29590</id>
</contributor>
<minor />
<comment>Robô: A limpar links interwikis antigos</comment>
<model>wikitext</model>
<format>text/x-wiki</format>
<text bytes="264" xml:space="preserve">={{-pt-}}=
==Forma verbal==
'''babardes'''
#[[segunda pessoa]] do [[plural]] do [[futuro]] do [[modo subjuntivo]] do verbo '''[[babar]]'''
#[[infinitivo pessoal]] da [[segunda pessoa]] do [[plural]] do verbo '''[[babar]]'''
[[Categoria:Forma verbal (Português)]]</text>
<sha1>1bza2h0zn3peuntb2q4cll57bdq9ql4</sha1>
</revision>
</page>
