<page>
<page>
<title>babavas</title>
<ns>0</ns>
<id>161629</id>
<revision>
<id>2305134</id>
<parentid>1748157</parentid>
<timestamp>2017-04-29T11:52:27Z</timestamp>
<contributor>
<username>HydrizBot</username>
<id>29590</id>
</contributor>
<minor />
<comment>Robô: A limpar links interwikis antigos</comment>
<model>wikitext</model>
<format>text/x-wiki</format>
<text bytes="194" xml:space="preserve">={{-pt-}}=
==Forma verbal==
'''babavas'''
#[[segunda pessoa]] do [[singular]] do [[pretérito imperfeito]] do [[modo indicativo]] do verbo '''[[babar]]'''
[[Categoria:Forma verbal (Português)]]</text>
<sha1>9zxdqda668yoe2qg64oxjc6l2lok18y</sha1>
</revision>
