<page>
<title>babaca</title>
<ns>0</ns>
<id>2924</id>
<revision>
<id>2655204</id>
<parentid>2655200</parentid>
<timestamp>2021-12-16T14:38:22Z</timestamp>
<contributor>
<username>ValJor</username>
<id>1358</id>
</contributor>
<minor />
<comment>Revertidas edições por [[Especial:Contribuições/189.40.68.22|189.40.68.22]] para a última versão por [[Especial:Contribuições/ValJor|ValJor]]</comment>
<model>wikitext</model>
<format>text/x-wiki</format>
<text bytes="867" xml:space="preserve">{{Wikipédia}}
={{-pt-}}=
==Adjetivo==
{{flex.pt|s=babaca|p=babacas}}
{{paroxítona|ba|ba|ca}}
# diz-se de indivíduo [[idiota]], [[imbecil]]
===Tradução===
{{tradini}}
* {{trad|en|stupid|idiotic|moronic}}
{{tradmeio}}
{{tradfim}}
==Substantivo&lt;sup&gt;1&lt;/sup&gt;==
{{flex.pt|s=babaca|p=babacas}}
{{paroxítona|ba|ba|ca}}, {{c2g}}
# indivíduo [[idiota]], [[imbecil]]
===Tradução===
{{tradini|De 1 (indivíduo idiota)}}
* {{trad|fr|connard}}
{{tradmeio}}
* {{trad|en|idiot|moron}}
{{tradfim}}
==Substantivo&lt;sup&gt;2&lt;/sup&gt;==
{{flex.pt|fs=babaca|fp=babacas}}
{{paroxítona|ba|ba|ca}}, {{gramática|f|s}}
#  a [[vulva]], a genitália feminina
===Sinônimos===
* De '''1''': vide lista de sinônimos em ''[[Wikisaurus:buceta]]''.
==Anagrama==
# [[bacaba]]
[[Categoria:Adjetivo (Português)]]
[[Categoria:Substantivo (Português)]]
[[Categoria:Obscenidade (Português)]]</text>
<sha1>2r7xqt8jsz81e651jr9etf18vfcp622</sha1>
</revision>
</page>
