<page>
<page>
<title>babah</title>
<ns>0</ns>
<id>249942</id>
<revision>
<id>2305100</id>
<parentid>1748129</parentid>
<timestamp>2017-04-29T11:51:24Z</timestamp>
<contributor>
<username>HydrizBot</username>
<id>29590</id>
</contributor>
<minor />
<comment>Robô: A limpar links interwikis antigos</comment>
<model>wikitext</model>
<format>text/x-wiki</format>
<text bytes="252" xml:space="preserve">={{-btx-}}=
==Substantivo==
'''babah'''
# [[boca]]
==Ver também==
===No Wikcionário===
{{verTambém.Ini}}
* [[mata]]
{{verTambém.NovaColuna}}
* [[takal]]
{{verTambém.Fim}}
[[Categoria:Substantivo (Batak Karo)]]
[[Categoria:Anatomia (Batak Karo)]]</text>
<sha1>9185qo8hj3u1z2vc3p4w0igq3i42k8l</sha1>
</revision>
