<page>
<title>babayi</title>
<ns>0</ns>
<id>32270</id>
<revision>
<id>2305135</id>
<parentid>2100469</parentid>
<timestamp>2017-04-29T11:52:29Z</timestamp>
<contributor>
<username>HydrizBot</username>
<id>29590</id>
</contributor>
<minor />
<comment>Robô: A limpar links interwikis antigos</comment>
<model>wikitext</model>
<format>text/x-wiki</format>
<text bytes="133" xml:space="preserve">={{-bik-}}=
==Substantivo==
'''babayi'''
# [[mulher]]
# [[garota]]
===Variação===
* [[babaye]]
[[Categoria:Substantivo ({{bik}})]]</text>
<sha1>sdhbx26c4l3hr8zi0oemdqocwlqyhtz</sha1>
</revision>
</page>
