<page>
<page>
<title>babará</title>
<ns>0</ns>
<id>186366</id>
<revision>
<id>2305120</id>
<parentid>2034647</parentid>
<timestamp>2017-04-29T11:51:59Z</timestamp>
<contributor>
<username>HydrizBot</username>
<id>29590</id>
</contributor>
<minor />
<comment>Robô: A limpar links interwikis antigos</comment>
<model>wikitext</model>
<format>text/x-wiki</format>
<text bytes="185" xml:space="preserve">={{-pt-}}=
==Forma verbal==
{{oxítona|ba|ba|rá}}
# terceira pessoa do singular do futuro do presente do verbo [[babar]]
{{avi-for-fle|babar}}
[[Categoria:Forma verbal (Português)]]</text>
<sha1>0mrytouxvhj9n2mtu9v932sh5mglqvo</sha1>
</revision>
