<page>
<title>babcia</title>
<ns>0</ns>
<id>371481</id>
<revision>
<id>2305137</id>
<parentid>2258087</parentid>
<timestamp>2017-04-29T11:52:37Z</timestamp>
<contributor>
<username>HydrizBot</username>
<id>29590</id>
</contributor>
<minor />
<comment>Robô: A limpar links interwikis antigos</comment>
<model>wikitext</model>
<format>text/x-wiki</format>
<text bytes="216" xml:space="preserve">={{-pl-}}=
== Substantivo ==
{{paroxítona|bab|cia|lang=pl}} {{gramática|f}}
# [[avó]]
==Ver também==
===No Wikcionário===
{{família/pl}}
[[Categoria:Substantivo (Polonês)]]
[[Categoria:Família (Polonês)]]</text>
<sha1>901i8q81r0wvl0ovb7d3ndyud176665</sha1>
</revision>
</page>
