<page>
<title>babel</title>
<ns>0</ns>
<id>225939</id>
<revision>
<id>2305143</id>
<parentid>2002300</parentid>
<timestamp>2017-04-29T11:52:51Z</timestamp>
<contributor>
<username>HydrizBot</username>
<id>29590</id>
</contributor>
<minor />
<comment>Robô: A limpar links interwikis antigos</comment>
<model>wikitext</model>
<format>text/x-wiki</format>
<text bytes="312" xml:space="preserve">={{-pt-}}=
==Substantivo==
'''ba.bel''' ''feminino''
# [[confusão]] de [[língua]]s
# [[desordem]]
# [[bagunça]]
# [[tumulto]]
# [[algazarra]]
# [[balbúrdia]]
# [[vozerio]]
# {{escopo|Geografia}} [[elevação]]; [[grande]] [[altitude]]
===Sinônimo===
* [[babilônia]]
[[Categoria:Substantivo (Português)]]</text>
<sha1>l769v96vpart43j87h7q124jp9ht2fd</sha1>
</revision>
</page>
