<page>
<page>
<title>babeco</title>
<ns>0</ns>
<id>293763</id>
<revision>
<id>2305140</id>
<parentid>1748156</parentid>
<timestamp>2017-04-29T11:52:44Z</timestamp>
<contributor>
<username>HydrizBot</username>
<id>29590</id>
</contributor>
<minor />
<comment>Robô: A limpar links interwikis antigos</comment>
<model>wikitext</model>
<format>text/x-wiki</format>
<text bytes="597" xml:space="preserve">={{-pt-}}=
==Substantivo==
{{flex.pt|ms=babeco|mp=babecos|fs=babeca|fp=babecas}}
{{paroxítona|ba|be|co}}
# {{escopo|Galiza}} [[idiota]], pessoa de pouca inteligência, néscio
===Sinônimo===
* [[babalhocas]]
==Adjetivo==
{{flex.pt|ms=babeco|mp=babecos|fs=babeca|fp=babecas}}
{{paroxítona|ba|be|co}}
# {{escopo|Galiza}} dize-se para aquele ou aquela que é [[parvo]] ou [[parvo|parva]]
==Ver também==
===No Wikcionário===
{{verTambém.Ini}}
* [[babalhão]]
{{verTambém.NovaColuna}}
* [[baboso]]
{{verTambém.Fim}}
[[Categoria:Adjetivo (Português)]]
[[Categoria:Substantivo (Português)]]</text>
<sha1>oiid5mwjl3e3bavfl9k5y4pgz75ivt1</sha1>
</revision>
