<page>
<title>babebeik</title>
<ns>0</ns>
<id>181776</id>
<revision>
<id>1553820</id>
<parentid>1530237</parentid>
<timestamp>2012-12-06T15:01:20Z</timestamp>
<contributor>
<username>VJBot</username>
<id>33673</id>
</contributor>
<minor />
<comment>Robô: Substituição de texto automática  (-{{vertb}} +Ver também)</comment>
<model>wikitext</model>
<format>text/x-wiki</format>
<text bytes="333" xml:space="preserve">={{-tet-}}=
==Advérbio==
'''babebeik'''
# [[continuamente]], [[frequentemente]], [[muitas]] [[vezes]].
===Sinónimos===
* [[beibeik]]
==Ver também==
===Referências===
{{verTambém.Ini}}
* [http://www.geocities.com/ukphoneline/tpid.pdf Dicionário Tetum-Português-Indonésio]
{{verTambém.Fim}}
[[Categoria:Advérbio (Tétum)]]</text>
<sha1>7zo7v8mna5jiuxaxemqk6strfltmj3w</sha1>
</revision>
</page>
