<page>
<page>
<title>babeiro</title>
<ns>0</ns>
<id>446432</id>
<revision>
<id>2688217</id>
<parentid>2688216</parentid>
<timestamp>2022-09-12T20:31:22Z</timestamp>
<contributor>
<username>Cpls</username>
<id>20608</id>
</contributor>
<model>wikitext</model>
<format>text/x-wiki</format>
<text bytes="1588" xml:space="preserve">={{-pt-}}=
==Substantivo==
{{flex.pt|ms=babeiro|mp=babeiros}}
{{paroxítona|ba|bei|ro}}, {{gramática|m}}
# [[pano]] que atado na nuca, cai sobre o peito cobrindo-o para evitar que as [[baba]]s ou a comida o sujem
# {{escopo|pt|Botânica|Brasil}} planta ornamental do género ''[[species:Macrosiphonia|Macrosiphonia]]''
==={{PEPB|Sinónimos|Sinônimos|inline=1}}===
* De '''1''': [[babadoiro]], [[babadouro]], [[babete]]
* De '''2''': [[flor-de-babado]], [[flor-de-babeiro]]
=={{etimologia|pt}}==
: {{escopo|Morfologia}} De ''[[baba]]'' + ''[[-eiro]]''.
=={{pronúncia|pt}}==
===Portugal===
* AFI: {{AFI|/bɐ.ˈbɐj.ɾu/}}
==Ligações externas==
* {{Aulete}}
* {{Michaelis}}
* {{DicioAberto}}
* {{DPLP}}
* {{Infopédia}}
* {{PLP}}
* {{VOLPABL}}
[[Categoria:Substantivo (Português)]]
[[Categoria:Vestuário (Português)]]
={{-gl-}}=
==Adjetivo==
{{flex.gl|ms=babeiro|mp=babeiros|fs=babeira|fp=babeiras}}
{{paroxítona|ba|bei|ro|lang=gl}}
# [[baboso]]
==Substantivo==
{{flex.gl|ms=babeiro|mp=babeiros}}
{{paroxítona|ba|bei|ro|lang=gl}}, {{gramática|m}}
# [[babeiro#{{pt}}|babeiro]], [[pano]] para babas sobre o peito
# [[bibe]], [[bata]] para crianças
==={{PEPB|Sinónimos|Sinônimos|inline=1}}===
* De '''1''': [[alveiro#{{gl}}|alveiro]], [[babadeiro#{{gl}}|babadeiro]], [[babadoiro#{{gl}}|babadoiro]], [[babelo#{{gl}}|babelo]]
=={{etimologia|gl}}==
: {{escopo|Morfologia}} De ''[[baba#{{gl}}|baba]]'' + ''[[-eiro#{{gl}}|-eiro]]''.
==Ligações externas==
* {{Estraviz}}
[[Categoria:Adjetivo (Galego)]]
[[Categoria:Substantivo (Galego)]]
[[Categoria:Vestuário (Galego)]]</text>
<sha1>s64rlaegb1bzd48mn7yp1b7cn7k7szd</sha1>
</revision>
