<page>
<page>
<title>baberrik</title>
<ns>0</ns>
<id>313854</id>
<revision>
<id>2630273</id>
<parentid>2305146</parentid>
<timestamp>2021-04-11T02:02:45Z</timestamp>
<contributor>
<username>ValJor</username>
<id>1358</id>
</contributor>
<comment>Confirmando [[:Categoria:!Entrada criada por robô|verbete criado por robô]]</comment>
<model>wikitext</model>
<format>text/x-wiki</format>
<text bytes="288" xml:space="preserve">[[Imagem:Jangada-Tibau.jpg|thumb|right|250px|{{centro|Vela}}]]
={{-ku-}}=
==Substantivo==
'''baberrik'''
# [[vela]] (pano que se prende ao mastro)
==={{-varort-}}===
* [[baberik]]
[[Categoria:Substantivo (Curdo)]]
[[Categoria:Náutica (Curdo)]]
[[Categoria:Entrada com imagem (Curdo)]]</text>
<sha1>e2qj7dkpuxgf15mdvq6tb806gtbkgkx</sha1>
</revision>
