<page>
<page>
<title>babeur</title>
<ns>0</ns>
<id>32174</id>
<revision>
<id>2305148</id>
<parentid>1269236</parentid>
<timestamp>2017-04-29T11:53:01Z</timestamp>
<contributor>
<username>HydrizBot</username>
<id>29590</id>
</contributor>
<minor />
<comment>Robô: A limpar links interwikis antigos</comment>
<model>wikitext</model>
<format>text/x-wiki</format>
<text bytes="80" xml:space="preserve">={{-tet-}}=
== Verbo ==
'''babeur'''
# [[tentar]].
[[Categoria:Verbo (Tétum)]]</text>
<sha1>64f0ql253bt659hkp2gmu91fu4zfllb</sha1>
</revision>
