<page>
<title>babem</title>
<ns>0</ns>
<id>215766</id>
<revision>
<id>2305144</id>
<parentid>1748152</parentid>
<timestamp>2017-04-29T11:52:53Z</timestamp>
<contributor>
<username>HydrizBot</username>
<id>29590</id>
</contributor>
<minor />
<comment>Robô: A limpar links interwikis antigos</comment>
<model>wikitext</model>
<format>text/x-wiki</format>
<text bytes="363" xml:space="preserve">={{-pt-}}=
==Forma verbal==
'''babem'''
#[[terceira pessoa]] do [[plural]] do [[presente]] do [[modo subjuntivo]] do verbo '''[[babar]]'''
#[[terceira pessoa]] do [[plural]] do [[imperativo]] [[afirmativo]] do verbo '''[[babar]]'''
#[[terceira pessoa]] do [[plural]] do [[imperativo]] [[negativo]] do verbo '''[[babar]]'''
[[Categoria:Forma verbal (Português)]]</text>
<sha1>c5jqzlq3jefc2z7ol95i161jy3l6al9</sha1>
</revision>
</page>
