<page>
<title>babei</title>
<ns>0</ns>
<id>170365</id>
<revision>
<id>2305141</id>
<parentid>1748155</parentid>
<timestamp>2017-04-29T11:52:45Z</timestamp>
<contributor>
<username>HydrizBot</username>
<id>29590</id>
</contributor>
<minor />
<comment>Robô: A limpar links interwikis antigos</comment>
<model>wikitext</model>
<format>text/x-wiki</format>
<text bytes="191" xml:space="preserve">={{-pt-}}=
==Forma verbal==
'''babei'''
#[[primeira pessoa]] do [[singular]] do [[pretérito perfeito]] do [[modo indicativo]] do verbo '''[[babar]]'''
[[Categoria:Forma verbal (Português)]]</text>
<sha1>h3ic8sdpto1a6bq7paz4aqqvoungboc</sha1>
</revision>
</page>
