<page>
<title>babe</title>
<ns>0</ns>
<id>212990</id>
<revision>
<id>2305139</id>
<parentid>1815786</parentid>
<timestamp>2017-04-29T11:52:42Z</timestamp>
<contributor>
<username>HydrizBot</username>
<id>29590</id>
</contributor>
<minor />
<comment>Robô: A limpar links interwikis antigos</comment>
<model>wikitext</model>
<format>text/x-wiki</format>
<text bytes="1322" xml:space="preserve">={{-pt-}}=
==Forma verbal==
'''babe'''
#[[primeira pessoa|primeira]] e [[terceira pessoa]] do [[singular]] do [[presente]] do [[modo subjuntivo]] do verbo '''[[babar]]'''
#[[terceira pessoa]] do [[singular]] do [[imperativo]] [[afirmativo]] do verbo '''[[babar]]'''
#[[terceira pessoa]] do [[singular]] do [[imperativo]] [[negativo]] do verbo '''[[babar]]'''
[[Categoria:Forma verbal (Português)]]
={{-bs-}}=
==Forma de substantivo==
'''babe'''
#plural de '''[[baba]]''' (avó)
[[Categoria:Forma de substantivo (Bósnio)]]
={{-hr-}}=
==Forma de substantivo==
'''babe'''
#plural de '''[[baba]]''' (avó)
[[Categoria:Forma de substantivo (Croata)]]
={{-en-}}=
==Substantivo==
'''babe''' {{p|babes}}
#o mesmo que '''[[baby]]''' (bebê)
#{{escopo|gíria}} [[pessoa]], especialmente uma mulher, [[atraente]]
#[[querido]](a); forma de tratamento carinhosa
=={{etimologia|en}}==
:Do [[inglês médio]] ''babe''
=={{pronúncia|en}}==
*[[SAMPA]]: [beɪb]
*{{audio|lang=en|en-us-babe.ogg|Áudio (EUA)}}
[[Categoria:Substantivo (Inglês)]]
={{-ro-}}=
==Forma de substantivo==
'''babe''', {{f}} {{p}}}
#plural de '''[[babă]]''' (mulher velha)
[[Categoria:Forma de substantivo (Romeno)]]
={{-sr-}}=
==Forma de substantivo==
'''babe''', {{p}}}
#plural de '''[[baba]]''' (avó)
[[Categoria:Forma de substantivo (Sérvio)]]</text>
<sha1>l5d01meewu5d6hvso5q81hodfpl168o</sha1>
</revision>
</page>
