<page>
<page>
<title>babemos</title>
<ns>0</ns>
<id>214200</id>
<revision>
<id>2305145</id>
<parentid>1748151</parentid>
<timestamp>2017-04-29T11:52:55Z</timestamp>
<contributor>
<username>HydrizBot</username>
<id>29590</id>
</contributor>
<minor />
<comment>Robô: A limpar links interwikis antigos</comment>
<model>wikitext</model>
<format>text/x-wiki</format>
<text bytes="365" xml:space="preserve">={{-pt-}}=
==Forma verbal==
'''babemos'''
#[[primeira pessoa]] do [[plural]] do [[presente]] do [[modo subjuntivo]] do verbo '''[[babar]]'''
#[[primeira pessoa]] do [[plural]] do [[imperativo]] [[afirmativo]] do verbo '''[[babar]]'''
#[[primeira pessoa]] do [[plural]] do [[imperativo]] [[negativo]] do verbo '''[[babar]]'''
[[Categoria:Forma verbal (Português)]]</text>
<sha1>c818dfir7dmo2iinfk54amrkxah129x</sha1>
</revision>
