<page>
<page>
<title>babelisk</title>
<ns>0</ns>
<id>103090</id>
<revision>
<id>1495336</id>
<parentid>425322</parentid>
<timestamp>2012-10-23T07:49:47Z</timestamp>
<contributor>
<username>ValJor</username>
<id>1358</id>
</contributor>
<comment>Verbete revisto pela última vez há muito tempo: mudanças cosméticas</comment>
<model>wikitext</model>
<format>text/x-wiki</format>
<text bytes="411" xml:space="preserve">={{-ku-}}=
==Substantivo==
'''babelisk''' 
# [[tornado]]
==Ver também==
===No Wikcionário===
{{verTambém.Ini}}
* [[bahoz]]
* [[baran]]
* [[barîn]]
* [[berf]]
{{verTambém.NovaColuna}}
* [[berfîn]]
* [[ewr]]
* [[gijlok]]
* [[heyv]]
{{verTambém.NovaColuna}}
* [[hîv]]
* [[qemer]]
* [[seet]]
{{verTambém.NovaColuna}}
* [[şev]]
* [[stêra]]
* [[terg]]
{{verTambém.Fim}}
[[Categoria:Substantivo (Curdo)]]</text>
<sha1>8gm3h0h95umrinebn560aev4gmocn27</sha1>
</revision>
