<page>
<title>babes</title>
<ns>0</ns>
<id>218590</id>
<revision>
<id>2305147</id>
<parentid>1880895</parentid>
<timestamp>2017-04-29T11:53:00Z</timestamp>
<contributor>
<username>HydrizBot</username>
<id>29590</id>
</contributor>
<minor />
<comment>Robô: A limpar links interwikis antigos</comment>
<model>wikitext</model>
<format>text/x-wiki</format>
<text bytes="412" xml:space="preserve">={{-pt-}}=
==Forma verbal==
'''babes'''
#[[segunda pessoa]] do [[singular]] do [[presente]] do [[modo subjuntivo]] do verbo '''[[babar]]'''
#[[segunda pessoa]] do [[singular]] do [[imperativo]] [[negativo]] do verbo '''[[babar]]'''
[[Categoria:Forma verbal (Português)]]
={{-en-}}=
==Forma de substantivo==
'''babes''', {{p}}
#plural de '''[[babe#{{en}}|babe]]'''
[[Categoria:Forma de substantivo (Inglês)]]</text>
<sha1>r98bayr2j9ap3hu94u97sh07jk45v04</sha1>
</revision>
</page>
