<page>
<page>
<title>babies</title>
<ns>0</ns>
<id>212673</id>
<revision>
<id>2305154</id>
<parentid>2174849</parentid>
<timestamp>2017-04-29T11:53:20Z</timestamp>
<contributor>
<username>HydrizBot</username>
<id>29590</id>
</contributor>
<minor />
<comment>Robô: A limpar links interwikis antigos</comment>
<model>wikitext</model>
<format>text/x-wiki</format>
<text bytes="139" xml:space="preserve">={{-en-}}=
==Forma de substantivo==
'''babies''', {{p}}
#plural de '''[[baby#{{en}}|baby]]'''
[[Categoria:Forma de substantivo (Inglês)]]</text>
<sha1>dypq4ns2064d78sutlki66b24wl7kbf</sha1>
</revision>
