<page>
<title>babiana</title>
<ns>0</ns>
<id>97586</id>
<revision>
<id>2305153</id>
<parentid>2201791</parentid>
<timestamp>2017-04-29T11:53:16Z</timestamp>
<contributor>
<username>HydrizBot</username>
<id>29590</id>
</contributor>
<minor />
<comment>Robô: A limpar links interwikis antigos</comment>
<model>wikitext</model>
<format>text/x-wiki</format>
<text bytes="256" xml:space="preserve">{{ver também|badiana|fabiana|baliana}}
={{-pt-}}=
==Substantivo==
{{flex.pt|fs=babiana|fp=babianas}}
{{paroxítona|ba|bi|a|na}}
# [[gênero]] de [[planta]]s [[irídeo|irídeas]]
[[Categoria:Substantivo (Português)]]
[[Categoria:Botânica (Português)]]</text>
<sha1>e0rz40p4bl3lbx3uuj3ikenfxfgwjjq</sha1>
</revision>
</page>
