<page>
<title>Babilónias</title>
<ns>0</ns>
<id>112210</id>
<revision>
<id>1205482</id>
<parentid>1010655</parentid>
<timestamp>2011-07-10T01:39:11Z</timestamp>
<contributor>
<username>MalafayaBot</username>
<id>628</id>
</contributor>
<minor />
<comment>Robô: Substituição de texto automática (-^\=\s?Português\s?\= +={{-pt-}}= &amp; -^\=\s?\{\{pt\}\}\s?\= +={{-pt-}}=)</comment>
<model>wikitext</model>
<format>text/x-wiki</format>
<text bytes="186" xml:space="preserve">={{-pt-}}=
==Forma de substantivo==
{{proparoxítona aparente|Ba|bi|ló|ni|as}}, ''próprio plural''
# [[plural]] de '''[[Babilónia]]'''
[[Categoria:Forma de substantivo (Português)]]</text>
<sha1>896ru6wrorsi0oexue6mobr8l3y0lbk</sha1>
</revision>
</page>
