<page>
<title>babilonear</title>
<ns>0</ns>
<id>419169</id>
<revision>
<id>2571988</id>
<timestamp>2020-01-21T20:40:48Z</timestamp>
<contributor>
<username>Cpls</username>
<id>20608</id>
</contributor>
<comment>[[Ajuda:Guia de edição/Menus e ferramentas/Sumário de edição|→]] nova página: ={{-gl-}}= ==Verbo== {{oxítona|ba|bi|lo|ne|ar|lang=gl}}, {{g|intr|lang=gl}} # falar de coisas sem fundamento...</comment>
<model>wikitext</model>
<format>text/x-wiki</format>
<text bytes="352" xml:space="preserve">={{-gl-}}=
==Verbo==
{{oxítona|ba|bi|lo|ne|ar|lang=gl}}, {{g|intr|lang=gl}}
# falar de coisas sem fundamento; dizer [[despropósito]]s, disparatar; delirar; [[desvariar]]
=={{etimologia|gl}}==
: {{escopo|Morfologia}} De ''[[babilónia#{{gl}}|babilónia]]'' ou ''[[babilão#{{gl}}|babilão]]'' + ''[[-ear#{{gl}}|-ear]]''.
[[Categoria:Verbo (Galego)]]</text>
<sha1>9g61rwuqu04atdm29ppa1qpdm8w0whq</sha1>
</revision>
</page>
