<page>
<title>Babilónia</title>
<ns>0</ns>
<id>110478</id>
<revision>
<id>2265027</id>
<parentid>2238214</parentid>
<timestamp>2017-04-26T14:18:01Z</timestamp>
<contributor>
<username>HydrizBot</username>
<id>29590</id>
</contributor>
<minor />
<comment>Robô: A limpar links interwikis antigos</comment>
<model>wikitext</model>
<format>text/x-wiki</format>
<text bytes="3879" xml:space="preserve">{{Wikipédia}}
[[Image:The historical city of Babylon.jpg|400px|thumb|Ruínas da cidade da '''Babilónia''']]
{{grafiaPtpt|Babilônia}}
={{-pt-}}=
==Substantivo==
{{proparoxítona aparente|Ba|bi|ló|ni|a}}, {{gramática|pr}}
# {{escopo|Geografia}} {{escopo|História}} antiga [[cidade]] na [[Mesopotâmia]], fundada provavelmente por volta de 3800 [[a.C.]]
# {{escopo|Geografia}} {{escopo|História}} antigo [[reino]] localizado ao [[sul]] da [[Mesopotâmia]], em torno do atual [[Iraque]]
===Verbetes derivados===
{{verTambém.Ini}}
* [[babilónico]]
{{verTambém.NovaColuna}}
* [[babilônico]]
{{verTambém.NovaColuna}}
* [[babilónio]]
{{verTambém.Fim}}
===Tradução===
{{tradini|De 1 (cidade da Babilónia)}}
* {{trad|sq|Babiloni}}
* {{trad|de|Babylon}}
* {{trad-|ar|باب|(Babil)}}
* {{trad|arc|ܒܒܠ}}
* {{trad-|bg|Вавилон|(Babilon)}}
* {{trad|bs|Babilon}}
* {{trad|ca|Babilim}}
* {{trad|cs|Babylon}}
* {{trad|zh|巴比伦|(Bābǐlún)}}
* {{trad|ko|바빌론}}
* {{trad|hr|Babilon}}
* {{trad|da|Babylon}}
* [[eslavo eclesiástico|Eslavo Eclesiástico]] : [[Вавѷлѡнъ]]
* {{trad|sl|Babylon}}
* {{trad|sk|Babylon}}
* {{trad|es|Babilonia}}
* {{trad|eo|Babilonio}}
* {{trad|et|Babülon}}
* {{trad|fj|Papiloni}}
* {{trad|fi|Babylon}}
* {{trad|fr|Babylone}}
* {{trad|gl|Babilonia}}
* {{trad-|ka|ბაბილონი|(Babiloni)}}
* {{trad-|el|Βαβυλών|(Vavilón)}}
{{tradmeio}}
* {{trad-|he|בָּבֶל|(Babel)}}
* {{trad|nl|Babylon}}
* {{trad|hu|Babilon}}
* {{trad|io|Babilono}}
* {{trad|id|Babilonia}}
* {{trad|en|Babylon}}
* {{trad|it|Babilonia}}
* {{trad|ja|バビロン}}
* {{trad|la|Babylon}}
* {{trad|lv|Babilona}}
* {{trad-|mk|Вавилон|(Babilon)}}
* {{trad|no|Babylonia}}
* {{trad|fa|بابل}}
* {{trad|pl|Babilon}}
* {{trad|ro|Babilon}}
* {{trad-|ru|Вавилон|(Babilon)}}
* {{trad|sm|Papelonia}}
* {{trad-|sr|Вавилон|(Babilon)}}
* {{trad|sv|Babylon}}
* {{trad|ta|பாபேல}}
* {{trad|tr|Babil}}
* {{trad-|uk|Вавилон|(Babilon)}}
* {{trad|ur|باب|(Babil)}}
{{tradfim}}
{{tradini|De 2 (reino da Babilónia)}}
* {{trad|sq|Babilonia}}
* {{trad|de|Babylonien}}
* {{trad|bn|ব্যাবিলনিয়া}}
* {{trad|bs|Babilonija}}
* {{trad-|bg|Вавилония|(Babiloniya)}}
* {{trad|ca|Babilònia}}
* {{trad|cs|Babylonie}}
* {{trad|ko|바빌로니아}}
* {{trad|hr|Babilonija}}
* {{trad|da|Babylonien}}
* {{trad|sk|Babylónia}}
* {{trad|sl|Babilonija}}
* {{trad|es|Babilonia}}
* {{trad|eo|Babilonio}}
* {{trad|et|Babüloonia}}
* {{trad|fi|Babylonia}}
* {{trad|fr|Babylone}}
* {{trad|gl|Babilonia}}
* {{trad-|ka|ბაბილონეთი|(Babiloneti)}}
* {{trad-|el|Βαβυλών|(Vavilón)}}
{{tradmeio}}
* {{trad|nl|Babylonië}}
* {{trad|hu|Babilon}}
* {{trad|io|Babilono}}
* {{trad|id|Babilonia}}
* {{trad|en|Babylonia}}
* {{trad|it|Impero babilonese}}
* {{trad|ja|バビロニア}}
* {{trad|la|Babylonia}}
* {{trad|lv|Babilonija}}
* {{trad-|mk|Вавилонија|(Babiloniya)}}
* {{trad|no|Babylonia}}
* {{trad|pl|Babilonia}}
* {{trad|ro|Babilonia}}
* {{trad-|ru|Вавилония|(Babiloniya)}}
* {{trad-|sr|Вавилонија|(Babiloniya)}}
* {{trad|sv|Babylonien}}
* {{trad|tr|Babil}}
* {{trad-|uk|Вавилонія|(Babiloniya)}}
* {{trad|ur|بابی}}
* {{trad|vo|Babülonän}}
{{tradfim}}
=={{etimologia|pt}}==
:Do {{etm|la|pt}} {{etimo|la|babylon}}, vindo do [[babilónico]] ''[[Babili]]'' (&quot;[[portão]] de [[Deus]]&quot;) ou do [[sumério|Sumério]] ''[[Kadmirra]]'', pelo [[hebraico antigo|Hebraico Antigo]] ''[[בבל]]'' (Babel).
==Ver também==
===No Wikcionário===
{{verTambém.Ini}}
* [[Babilônia]]
{{verTambém.NovaColuna}}
* [[Babel]]
{{verTambém.Fim}}
===Na Wikipédia===
* [[w:Jardins suspensos da Babilónia|Jardins suspensos da Babilónia]]
[[Categoria:Substantivo (Português)]]
[[Categoria:Topónimo (Português)]]
[[Categoria:Entrada com imagem (Português)]]</text>
<sha1>cgshz37cdo9gmblsc4bl0m23yw9ucj0</sha1>
</revision>
</page>
