<page>
<page>
<title>babkal</title>
<ns>0</ns>
<id>102832</id>
<revision>
<id>2305159</id>
<parentid>1748146</parentid>
<timestamp>2017-04-29T11:53:33Z</timestamp>
<contributor>
<username>HydrizBot</username>
<id>29590</id>
</contributor>
<minor />
<comment>Robô: A limpar links interwikis antigos</comment>
<model>wikitext</model>
<format>text/x-wiki</format>
<text bytes="143" xml:space="preserve">={{-ku-}}=
==Substantivo==
'''babkal'''
# variante ortográfica de [[bavkal]]
[[Categoria:Substantivo (Curdo)]]
[[Categoria:Família (Curdo)]]</text>
<sha1>8c06g28ho4wcn6r98ohoiaj7jsk4zyu</sha1>
</revision>
