<page>
<page>
<title>babka</title>
<ns>0</ns>
<id>371482</id>
<revision>
<id>2305158</id>
<parentid>2258088</parentid>
<timestamp>2017-04-29T11:53:30Z</timestamp>
<contributor>
<username>HydrizBot</username>
<id>29590</id>
</contributor>
<minor />
<comment>Robô: A limpar links interwikis antigos</comment>
<model>wikitext</model>
<format>text/x-wiki</format>
<text bytes="215" xml:space="preserve">={{-pl-}}=
== Substantivo ==
{{paroxítona|bab|ka|lang=pl}} {{gramática|f}}
# [[avó]]
==Ver também==
===No Wikcionário===
{{família/pl}}
[[Categoria:Substantivo (Polonês)]]
[[Categoria:Família (Polonês)]]</text>
<sha1>r33uu8iosmccswemz4yli26a12f6o00</sha1>
</revision>
