<page>
<title>baboons</title>
<ns>0</ns>
<id>155148</id>
<revision>
<id>2305163</id>
<parentid>1682043</parentid>
<timestamp>2017-04-29T11:53:58Z</timestamp>
<contributor>
<username>HydrizBot</username>
<id>29590</id>
</contributor>
<minor />
<comment>Robô: A limpar links interwikis antigos</comment>
<model>wikitext</model>
<format>text/x-wiki</format>
<text bytes="129" xml:space="preserve">={{-en-}}=
==Forma de substantivo==
'''baboons''' {{p}}
#plural de '''[[baboon]]'''
[[Categoria:Forma de substantivo (Inglês)]]</text>
<sha1>0esfwll28krpxvbn7rulmcb56397g73</sha1>
</revision>
</page>
