<page>
<title>baboseira</title>
<ns>0</ns>
<id>323599</id>
<revision>
<id>2621446</id>
<parentid>1818930</parentid>
<timestamp>2021-02-02T00:27:11Z</timestamp>
<contributor>
<username>MarxavBot</username>
<id>80155</id>
</contributor>
<minor />
<comment>AFI Portugal</comment>
<model>wikitext</model>
<format>text/x-wiki</format>
<text bytes="495" xml:space="preserve">={{-pt-}}=
==Substantivo==
{{flex.pt|fs=baboseira|fp=baboseiras}}
{{paroxítona|ba|bo|sei|ra}}, {{f}}
# [[disparate]]; [[tolice]]
# [[palavra]]s de [[baboso]]
===Sinônimos===
{{verTambém.Ini}}
* [[asneira]]
{{verTambém.NovaColuna}}
* [[babugeira]]
{{verTambém.NovaColuna}}
* [[dislate]]
{{verTambém.Fim}}
=={{etimologia|pt}}==
: {{escopo|Morfologia}} [[baboso]] + [[-eira]].
=={{pronúncia|pt}}==
===Portugal===
* AFI: {{AFI|/bɐ.bu.ˈzɐj.ɾɐ/}}
[[Categoria:Substantivo (Português)]]</text>
<sha1>nd59urbdj5vi0vsqu182s9frh1w1jfd</sha1>
</revision>
</page>
