<page>
<page>
<title>baboco</title>
<ns>0</ns>
<id>359035</id>
<revision>
<id>2099975</id>
<parentid>2099859</parentid>
<timestamp>2016-05-17T11:08:54Z</timestamp>
<contributor>
<username>Cpls</username>
<id>20608</id>
</contributor>
<comment>/* Sinónimos */</comment>
<model>wikitext</model>
<format>text/x-wiki</format>
<text bytes="481" xml:space="preserve">={{-gl-}}=
==Substantivo==
{{flex.gl|ms=baboco|mp=babocos}}
{{paroxítona|ba|bo|co|lang=gl}}, {{gramática|m}}
# {{escopoCat|Planta|gl}} espécie de [[feijão]] pequeno e com pintas (''[[species:Phaseolus vulgaris|Phaseolus vulgaris]]'')
===Sinónimos===
{{dividir em colunas|2}}
* [[faveca#Galego|faveca]]
* [[favoco#Galego|favoco]]
{{dividir em colunas.fim}}
=={{etimologia|gl}}==
: Confronte-se com [[baba]] e ''[[babocas#Galego|babocas]]''.
[[Categoria:Substantivo (Galego)]]</text>
<sha1>p77ygcklm9hld1r9nwpsd4j9opxugsi</sha1>
</revision>
