<page>
<title>baboon</title>
<ns>0</ns>
<id>155133</id>
<revision>
<id>2305162</id>
<parentid>2149415</parentid>
<timestamp>2017-04-29T11:53:55Z</timestamp>
<contributor>
<username>HydrizBot</username>
<id>29590</id>
</contributor>
<minor />
<comment>Robô: A limpar links interwikis antigos</comment>
<model>wikitext</model>
<format>text/x-wiki</format>
<text bytes="402" xml:space="preserve">={{-en-}}=
==Substantivo==
{{flex.en|s=baboon|p=baboons}}
'''baboon'''
#[[babuíno]]
=={{pronúncia|en}}==
*[[AFI]]: /bəˈbuːn/
=={{etimologia|en}}==
*Do [[inglês antigo]] ''[[babewin]]''; do [[francês antigo]] ''[[babuin]]''.
==Ver também==
===No Wikcionário===
{{verTambém.Ini}}
*[[baboonery]]
{{verTambém.NovaColuna}}
*[[baboonish]]
{{verTambém.Fim}}
[[Categoria:Substantivo (Inglês)]]</text>
<sha1>etz8nuuusxcvxpg3l05aypsf5hcmoby</sha1>
</revision>
</page>
