<page>
<page>
<title>babordo</title>
<ns>0</ns>
<id>99174</id>
<revision>
<id>2305164</id>
<parentid>2244089</parentid>
<timestamp>2017-04-29T11:54:03Z</timestamp>
<contributor>
<username>HydrizBot</username>
<id>29590</id>
</contributor>
<minor />
<comment>Robô: A limpar links interwikis antigos</comment>
<model>wikitext</model>
<format>text/x-wiki</format>
<text bytes="179" xml:space="preserve">={{-it-}}=
==Substantivo==
'''babordo''' {{m}} (''plural'' '''babordi''')
#{{escopo|Náutica}} [[bombordo]]
[[Categoria:Substantivo (Italiano)]]
[[Categoria:Náutica (Italiano)]]</text>
<sha1>hhzooh661px0nc0mxeu2dxescpvwvff</sha1>
</revision>
