<page>
<page>
<title>baboso</title>
<ns>0</ns>
<id>125017</id>
<revision>
<id>2305166</id>
<parentid>2243732</parentid>
<timestamp>2017-04-29T11:54:11Z</timestamp>
<contributor>
<username>HydrizBot</username>
<id>29590</id>
</contributor>
<minor />
<comment>Robô: A limpar links interwikis antigos</comment>
<model>wikitext</model>
<format>text/x-wiki</format>
<text bytes="1474" xml:space="preserve">={{-pt-}}=
==Adjetivo==
{{flex.pt|baboso|babosos|babosa|babosas}}
{{paroxítona|ba|bo|so}}
#que se [[babar|baba]]
#que [[articular|articula]] [[mal]] as [[palavra]]s, ou não sabe o que diz
#muito [[obsequioso]] com as mulheres
#que tem grande amor e paixão
#[[parvo]], [[tolo]]
=={{etimologia|pt}}==
: {{escopo|Morfologia}} De [[baba]] + [[-oso]].
[[Categoria:Adjetivo (Português)]]
={{-gl-}}=
==Adjetivo==
{{flex.gl|ms=baboso|mp=babosos|fs=babosa|fp=babosas}}
{{paroxítona|ba|bo|so|lang=gl}}
# [[baboso#{{pt}}|babosa]], que tem [[baba]]
# {{escopo|gl|pejorativo}} [[baboso#{{pt}}|babosa]], aparvalhada, que perdeu a razão, tonta, imbecil
# {{escopo|gl|pejorativo}} qualifica à pessoa nova, [[inexperiente]]
# {{escopo|gl|pejorativo}} qualifica à pessoa que é [[grosseiro|grosseira]], sobretudo em aspetos sexuais 
==Substantivo==
{{flex.gl|ms=baboso|mp=babosos}}
{{paroxítona|ba|bo|so|lang=gl}}, {{g|m|lang=gl}}
# {{escopo|gl|Peixe}} [[peixe]] semelhante à [[marachomba]] da espécie ''[[wikispecies:Parablennius gattorugine|Parablennius gattorugine]]''
# {{escopo|gl|Molusco}} [[molusco]] bivalve da espécie ''[[wikispecies:Glycymeris glycymeris|Glycymeris glycymeris]]''
# {{escopo|gl|Crustáceo}} [[camarão-púrpura]] (''[[species:Aristaeomorpha foliacea|Aristaeomorpha foliacea]]'')
=={{etimologia|gl}}==
: {{escopo|Morfologia}} De ''[[baba#{{gl}}|baba]]'' + ''[[-oso#{{gl}}|-oso]]''.
[[Categoria:Adjetivo (Galego)]]
[[Categoria:Substantivo (Galego)]]</text>
<sha1>gdszhcays9wh0yydv4zurnr1l26igxd</sha1>
</revision>
