<page>
<title>babocas</title>
<ns>0</ns>
<id>359034</id>
<revision>
<id>2099858</id>
<timestamp>2016-05-16T23:18:11Z</timestamp>
<contributor>
<username>Cpls</username>
<id>20608</id>
</contributor>
<comment>[[Ajuda:Guia de edição/Menus e ferramentas/Sumário de edição|→]] nova página: ={{-gl-}}= ==Substantivo== {{flex.gl|fs=-|fp=babocas}} {{paroxítona|ba|bo|cas|lang=gl}}, {{gramática|fp}} #...</comment>
<model>wikitext</model>
<format>text/x-wiki</format>
<text bytes="684" xml:space="preserve">={{-gl-}}=
==Substantivo==
{{flex.gl|fs=-|fp=babocas}}
{{paroxítona|ba|bo|cas|lang=gl}}, {{gramática|fp}}
# {{escopoCat|Planta|gl}} [[digital]], (''[[species:Digitalis purpurea|Digitalis purpurea]]'')
===Sinónimos===
{{dividir em colunas|3}}
* [[abelhoca#Galego|abelhoca]]
* [[alicroque#Galego|alicroque]]
* [[belitroque#Galego|belitroque]]
* [[farricoques#Galego|farricoques]]
* [[quiquiricalho#Galego|quiquiricalho]]
* [[sansilhaos#Galego|sansilhaos]]
* [[savão#Galego|savão]]
* [[toupos#Galego|toupos]]
{{dividir em colunas.fim}}
=={{etimologia|gl}}==
: Confronte-se com ''[[baboco#Galego|baboco]]''.
[[Categoria:Substantivo (Galego)]]
[[Categoria:Pluralia tantum (Galego)]]</text>
<sha1>hfmtoe2dnfmfxmaaqubzr1j8xek9k0f</sha1>
</revision>
</page>
