<page>
<title>babou</title>
<ns>0</ns>
<id>173154</id>
<revision>
<id>2305168</id>
<parentid>1748144</parentid>
<timestamp>2017-04-29T11:54:16Z</timestamp>
<contributor>
<username>HydrizBot</username>
<id>29590</id>
</contributor>
<minor />
<comment>Robô: A limpar links interwikis antigos</comment>
<model>wikitext</model>
<format>text/x-wiki</format>
<text bytes="191" xml:space="preserve">={{-pt-}}=
==Forma verbal==
'''babou'''
#[[terceira pessoa]] do [[singular]] do [[pretérito perfeito]] do [[modo indicativo]] do verbo '''[[babar]]'''
[[Categoria:Forma verbal (Português)]]</text>
<sha1>5vwgv3vqb2xjtx3mdxf3l8z6zhzvczb</sha1>
</revision>
</page>
