<page>
<title>babulho</title>
<ns>0</ns>
<id>356308</id>
<revision>
<id>2086156</id>
<timestamp>2016-04-08T23:02:38Z</timestamp>
<contributor>
<username>Cpls</username>
<id>20608</id>
</contributor>
<comment>[[Ajuda:Guia de edição/Menus e ferramentas/Sumário de edição|→]] nova página: ={{-gl-}}= ==Substantivo== {{flex.gl|ms=babulho|mp=babulhos}} {{paroxítona|lang=gl|ba|bu|lho}}, {{m}} # va...</comment>
<model>wikitext</model>
<format>text/x-wiki</format>
<text bytes="290" xml:space="preserve">={{-gl-}}=
==Substantivo==
{{flex.gl|ms=babulho|mp=babulhos}}
{{paroxítona|lang=gl|ba|bu|lho}}, {{m}}
# [[vagem]] tenra de legume
# [[arilo]] do fruto do [[teixo]]
=={{etimologia|gl}}==
: {{escopo|Morfologia}} De [[baba]]. Confronte-se com [[bagulho]].
[[Categoria:Substantivo (Galego)]]</text>
<sha1>mnw2xqtu257r346nac1e1geiqh79i2c</sha1>
</revision>
</page>
