<page>
<page>
<title>babuar</title>
<ns>0</ns>
<id>32178</id>
<revision>
<id>2305169</id>
<parentid>1269217</parentid>
<timestamp>2017-04-29T11:54:18Z</timestamp>
<contributor>
<username>HydrizBot</username>
<id>29590</id>
</contributor>
<minor />
<comment>Robô: A limpar links interwikis antigos</comment>
<model>wikitext</model>
<format>text/x-wiki</format>
<text bytes="93" xml:space="preserve">={{-tet-}}=
== Substantivo ==
'''babuar'''
# [[cabaça]].
[[Categoria:Substantivo (Tétum)]]</text>
<sha1>giln1mesx7897w3opwhxxjk1g0awc4t</sha1>
</revision>
