<page>
<page>
<title>babuja</title>
<ns>0</ns>
<id>361269</id>
<revision>
<id>2553309</id>
<parentid>2305171</parentid>
<timestamp>2019-09-09T22:49:26Z</timestamp>
<contributor>
<username>Cpls</username>
<id>20608</id>
</contributor>
<model>wikitext</model>
<format>text/x-wiki</format>
<text bytes="984" xml:space="preserve">={{-gl-}}=
==Substantivo==
{{flex.gl|fs=babuja|fp=babujas}}
{{paroxítona|ba|bu|ja|lang=gl}}, {{g|f|lang=gl}}
# pequena [[baba]]
# [[escuma]] superficial das águas que batem
# {{escopo|gl|Meteorologia}} [[chuva]] muito fina
===Sinónimos===
* De '''3''' (chuva fina): [[babaço#Galego|babaço]], [[babujada#Galego|babujada]], [[babujalho#Galego|babujalho]], [[babujeira#Galego|babujeira]], [[barruço#Galego|barruço]], [[barronha#Galego|barronha]], [[breca#Galego|breca]], [[choviscada#Galego|choviscada]], [[cascaxia#Galego|cascaxia]], [[melúria#Galego|melúria]], [[mocalho#Galego|mocalho]], [[molinha#Galego|molinha]], [[molura#Galego|molura]], [[mouça#{{gl}}|mouça]], [[orvalheira#Galego|orvalheira]], [[poalha#Galego|poalha]], [[pulpiço#Galego|pulpiço]], [[zarzalho#Galego|zarzalho]]
=={{etimologia|gl}}==
: {{escopo|Morfologia}} De ''[[baba#{{gl}}|baba]]'' + ''[[-ujo#{{gl}}|-uja]]''. Confronte-se com ''[[babujar#Galego|babujar]]''.
[[Categoria:Substantivo (Galego)]]</text>
<sha1>4ib9notog7nb40m376t24xg57liji3e</sha1>
</revision>
