<page>
<page>
<title>babujar</title>
<ns>0</ns>
<id>360727</id>
<revision>
<id>2305173</id>
<parentid>2201793</parentid>
<timestamp>2017-04-29T11:54:24Z</timestamp>
<contributor>
<username>HydrizBot</username>
<id>29590</id>
</contributor>
<minor />
<comment>Robô: A limpar links interwikis antigos</comment>
<model>wikitext</model>
<format>text/x-wiki</format>
<text bytes="634" xml:space="preserve">={{-gl-}}=
==Verbo==
{{oxítona|ba|bu|jar|lang=gl}}
# [[babar]], cair baba
# {{escopoCat|Meteorologia|gl}} [[chuviscar]], orvalhar
===Sinônimos===
: '''De 2 (chuviscar):'''
{{dividir em colunas|3}}
* [[babunhar#Galego|babunhar]]
* [[barbuçar#Galego|barbuçar]]
* [[barbunhar#Galego|barbunhar]]
* [[barruçar#Galego|barruçar]]
* [[batumar#Galego|batumar]]
* [[chuvinhar#Galego|chuvinhar]]
* [[chuviscar#Galego|chuviscar]]
* [[marmuçar#Galego|marmuçar]]
* [[marmujar#Galego|marmujar]]
{{dividir em colunas.fim}}
=={{etimologia|gl}}==
: {{escopo|Morfologia}} De ''[[babuja#Galego|babuja]]'' + [[-ar]].
[[Categoria:Verbo (Galego)]]</text>
<sha1>3oy6v0d625hs6719qlkn7pjzgrtocsg</sha1>
</revision>
