<page>
<page>
<title>babuge</title>
<ns>0</ns>
<id>47897</id>
<revision>
<id>1211724</id>
<parentid>186669</parentid>
<timestamp>2011-07-10T13:54:38Z</timestamp>
<contributor>
<username>MalafayaBot</username>
<id>628</id>
</contributor>
<minor />
<comment>Robô: Substituição de texto automática (-^\=\s?Português\s?\= +={{-pt-}}= &amp; -^\=\s?\{\{pt\}\}\s?\= +={{-pt-}}=)</comment>
<model>wikitext</model>
<format>text/x-wiki</format>
<text bytes="1054" xml:space="preserve">[[Categoria:Substantivo (Português)]]
={{-pt-}}=
==Substantivo==
'''ba.bu.ge''' ''substantivo feminino ''
# babuge&lt;sup&gt;1&lt;/sup&gt;
## o mesmo que [[babugem]]
:::*''Alencar, sacudindo a grenha, gritava contra a palhada filosófica; e do outro lado, com o cálice de cognac na mão, Ega, pálido e afectando uma tranquilidade superior, declarava toda essa '''babuge''' lírica que por aí se publica digna da polícia correcional...'' - Eça de Queiroz, Os Maias
:::*''Aquilo vinha-lhe às ondas, como a '''babuge''' das praias contra fraguedos solitários.'' Fialho de Almeida, A Ruiva
# babuge&lt;sup&gt;2&lt;/sup&gt;
## sobras de alimento
## brincadeira
## divertimento
## vegetação que nasce depois das chuvas
:::*''No dia 26 de março pôs-se à mesa o primeiro queijo. Em janeiro, havia dado uma chuvinhas, fugaz esperança, que não deram para segurar o pasto. E a '''babuge''' - foi arrebentar e logo sumir-se outra vez na casca estorricada dos galhos nus. Acordara, e de novo adormecera a natureza. '' Manoel de Oliveira Paiva, Dona Guidinha do Poço 1861-1892</text>
<sha1>smq6cyjm4od3y05iz4jyenzkcgfzeuy</sha1>
</revision>
