<page>
<title>babuíno</title>
<ns>0</ns>
<id>325976</id>
<revision>
<id>2612160</id>
<parentid>2305178</parentid>
<timestamp>2021-01-31T11:16:28Z</timestamp>
<contributor>
<username>Marxav</username>
<id>73271</id>
</contributor>
<minor />
<comment>AFI Portugal</comment>
<model>wikitext</model>
<format>text/x-wiki</format>
<text bytes="355" xml:space="preserve">={{-pt-}}=
==Substantivo==
{{flex.pt|ms=babuíno|mp=babuínos}}
{{paroxítona|ba|bu|í|no}}
#antropoide cercopitecídeo do gênero Papio e afins, caracterizados pelo focinho pontudo, caninos grandes, bochechas volumosas e calosidades nas nádegas.
=={{pronúncia|pt}}==
===Portugal===
* AFI: {{AFI|/bɐ.ˈbwi.nu/}}
[[Categoria:Substantivo (Português)]]</text>
<sha1>hmzpcqd89f83bwx0tqpqqc9dkqu0lak</sha1>
</revision>
</page>
