<page>
<page>
<title>Babuza</title>
<ns>0</ns>
<id>149254</id>
<revision>
<id>2265029</id>
<parentid>1989845</parentid>
<timestamp>2017-04-26T14:18:06Z</timestamp>
<contributor>
<username>HydrizBot</username>
<id>29590</id>
</contributor>
<minor />
<comment>Robô: A limpar links interwikis antigos</comment>
<model>wikitext</model>
<format>text/x-wiki</format>
<text bytes="278" xml:space="preserve">={{-en-}}=
==Substantivo==
'''Babuza'''
# o idioma [[babuza]]
[[Categoria:Substantivo (Inglês)]]
[[Categoria:Língua (Inglês)]]
={{-li-}}=
==Substantivo==
'''Babuza''', {{n}}
# o idioma [[babuza]]
[[Categoria:Substantivo (Limburguês)]]
[[Categoria:Língua (Limburguês)]]</text>
<sha1>dxpze8e0y7wm56esqr2nsc7wp0boqgo</sha1>
</revision>
