<page>
<title>babugem</title>
<ns>0</ns>
<id>34625</id>
<revision>
<id>1494444</id>
<parentid>1205483</parentid>
<timestamp>2012-10-23T01:17:28Z</timestamp>
<contributor>
<username>VJBot</username>
<id>33673</id>
</contributor>
<minor />
<comment>Robô: Substituição de texto automática  (-{{vt| +{{ver também|)</comment>
<model>wikitext</model>
<format>text/x-wiki</format>
<text bytes="1805" xml:space="preserve">{{ver também|babuge|bafugem|babugeira}}
={{-pt-}}=
==Substantivo==
'''ba.bu.gem''' &amp;ensp;''feminino''
#[[espuma]] [[produzir|produzida]] pela [[agitação]] da [[água]], [[principalmente]] no [[mar]]; [[detrito]]s que [[ficar|ficam]] na [[praia]] no [[refluxo]] da [[maré]];
#[[espuma]] que se [[formar|forma]] na [[superfície]] de [[água]]s [[poluir|poluídas]];
#{{escopo|por extensão}} [[baba]]; [[líquido]] [[mais ou menos]] [[viscoso]] que [[escorrer|escorre]] da [[boca]] de [[algum|alguns]] [[animal|animais]];
#*''mas depois torcia-se de repente, ficava com uma '''babugem''' mole nos lábios apertados, caído no chão e ganindo como um cachorro atacado de gota.''  Agustina Bessa Luís, Os Incuráveis, 1956
#{{escopo|figurado}} [[coisa]] [[inconsistente]], [[sem]] [[valor]]; [[bagatela]]; [[ninharia]]:
#*''&quot;... Ega [...] declarava toda essa '''babugem''' lírica que por aí se publica digna da polícia correccional...&quot;'' – [[w:Eça de Queirós|Eça de Queirós]], [[s:Os Maias/Livro I/VI|''Os Maias'']], livro I, cap. VI
#[[qualquer|quaisquer]] [[resto]]s de [[comida]];
# {{escopo|Brasil, Santa Catarina, Florianópolis}} o [[mesmo]] que [[babuja]]: [[entranha]]s, [[especialmente]] do [[peixe]]:
#*''O [[gato]] [[comer|comeu]] a '''babugem''' do [[peixe]].''
===Etimologia===
:De ''[[baba]]'' + ''[[-ugem]]''
===Fraseologia===
:'''Estar à ''babugem''''': [[esperar]] [[resto]]s, para os [[aceitar]] ou [[deles]] se [[apropriar]]; [[ser]] [[oportunista]]
===Homófonas===
:'''babujem''' – terceira pessoa do presente do conjuntivo e do imperativo do verbo '''[[babujar]]'''
===Variantes===
:*'''babuge''' é variante atestada, embora muito menos utilizada
[[Categoria:Substantivo (Português)]]
[[Categoria:Trissílabo (Português)]]
[[Categoria:Paroxítona (Português)]]</text>
<sha1>02afn8ndwtntzldsqcyf9knmy241af1</sha1>
</revision>
</page>
