<page>
<page>
<title>babushka</title>
<ns>0</ns>
<id>365244</id>
<revision>
<id>2305175</id>
<parentid>2176178</parentid>
<timestamp>2017-04-29T11:54:27Z</timestamp>
<contributor>
<username>HydrizBot</username>
<id>29590</id>
</contributor>
<minor />
<comment>Robô: A limpar links interwikis antigos</comment>
<model>wikitext</model>
<format>text/x-wiki</format>
<text bytes="321" xml:space="preserve">={{-pt-}}=
==Substantivo==
{{flex.pt|fs=babushka|fp=babushkas}}
{{proparoxítona|ba|bu|shka}}, {{f}}
# [[avó]], [[mulher]] [[idosa]]
=={{etimologia|pt}}==
{{llietimo|ru|бабушка|pt|babushka|ponto=não}}, [[diminutivo]] de [[баба|ба́ба]] (''baba'') ([[velhinha]])
[[categoria:Substantivo (Português)]]</text>
<sha1>elyzuha2hcswvxr7rm86tmbolkvbnc1</sha1>
</revision>
