<page>
<title>Babylonia</title>
<ns>0</ns>
<id>6196</id>
<revision>
<id>2265031</id>
<parentid>2255287</parentid>
<timestamp>2017-04-26T14:18:17Z</timestamp>
<contributor>
<username>HydrizBot</username>
<id>29590</id>
</contributor>
<minor />
<comment>Robô: A limpar links interwikis antigos</comment>
<model>wikitext</model>
<format>text/x-wiki</format>
<text bytes="163" xml:space="preserve">={{-en-}}=
==Substantivo==
'''Babylonia''', {{pr}}
# {{PEPB|[[Babilónia]]|[[Babilônia]]}}.
[[Categoria:Substantivo (Inglês)]]
[[Categoria:Topónimo (Inglês)]]</text>
<sha1>31qg45n825sc2er9yhyxhhwa8vm1iva</sha1>
</revision>
</page>
