<page>
<title>baby</title>
<ns>0</ns>
<id>3565</id>
<revision>
<id>2678575</id>
<parentid>2675964</parentid>
<timestamp>2022-06-01T20:08:56Z</timestamp>
<contributor>
<username>Itleda</username>
<id>86989</id>
</contributor>
<model>wikitext</model>
<format>text/x-wiki</format>
<text bytes="1627" xml:space="preserve">={{-pt-}}=
==Substantivo==
{{flex.pt|ms=baby|mp=babies}}
''{{paroxítona|ba|by}}'', {{gramática|m}}
# {{escopo|pt|estrangeirismo}} ver [[bebé]], [[bebê]]
===Nota===
* {{avisoestrangeirismo}}.
=={{etimologia|pt}}==
{{llietimo|en|baby|pt}}
[[Categoria:Substantivo (Português)]]
={{-nl-}}=
==Substantivo==
'''baby''', {{p|baby's}}
# [[bebê]]
=={{etimologia|nl}}==
{{llietimo|en|baby|nl}}
=={{pronúncia|nl}}==
* [[AFI]]: {{AFI|/ˈbeːbi/}}
* {{audio|Nl-baby.ogg|lang=nl|Áudio}}
==Ver também==
===No Wikcionário===
* [[Apêndice:As mil palavras mais usadas no idioma holandês|As mil palavras mais usadas no idioma holandês]]
[[Categoria:Substantivo (Holandês)]]
={{-en-}}=
==Adjetivo==
'''ba.by'''
# que é [[bebê]]
#* '''''baby''' boy.'' &lt;small&gt;(bebê menino)&lt;/small&gt;
# que é feito para [[bebê]]s, de bebê
#* '''''baby''' clothes.'' &lt;small&gt;(roupas de bebê)&lt;/small&gt;
==Substantivo==
{{flex.en|s=baby|p=babies}}
'''ba.by'''
# [[bebê]]
# [[filhote]]
# [[bebê]] (forma [[carinhoso|carinhosa]] de [[chamar]] ou se referir ao [[parceiro]] [[amoroso]])
===Expressões===
* '''[[baby blue]]''': 
* '''[[baby blues]]''': 
* '''[[baby powder]]''': 
* '''[[sugar baby]]''': 
=={{pronúncia|en}}==
* [[AFI]]: {{AFI|/ˈbeɪbi/|en}}
* [[SAMPA]]: /&quot;beIbi/
* {{audio|lang=en|en-us-baby.ogg|Áudio (Estados Unidos)}}
* {{audio|lang=en|En-uk-baby.ogg|Áudio (Reino Unido)}}
==Ver também==
===No Wikcionário===
{{verTambém.Ini}}
* [[baby-blue-eyes]]
* [[baby-sitter]]
{{verTambém.NovaColuna|50}}
* [[layette]]
* [[pacifier]]
{{verTambém.Fim}}
[[Categoria:Adjetivo (Inglês)]]
[[Categoria:Substantivo (Inglês)]]</text>
<sha1>1i88gqv8e5i8zsvonfak9ufryf2yps0</sha1>
</revision>
</page>
