<page>
<title>Baby</title>
<ns>0</ns>
<id>19328</id>
<revision>
<id>2265030</id>
<parentid>2101924</parentid>
<timestamp>2017-04-26T14:18:13Z</timestamp>
<contributor>
<username>HydrizBot</username>
<id>29590</id>
</contributor>
<minor />
<comment>Robô: A limpar links interwikis antigos</comment>
<model>wikitext</model>
<format>text/x-wiki</format>
<text bytes="131" xml:space="preserve">{{Wikipédia|lang=de}}
{{ver também|baby}}
={{-de-}}=
==Substantivo==
'''Baby'''
# [[bebê]]
[[Categoria:Substantivo (Alemão)]]</text>
<sha1>nixj68bb7n1fhh2ajsg6n9xawx674iv</sha1>
</revision>
</page>
