<page>
<page>
<title>babásseis</title>
<ns>0</ns>
<id>201421</id>
<revision>
<id>2305190</id>
<parentid>1998517</parentid>
<timestamp>2017-04-29T11:55:07Z</timestamp>
<contributor>
<username>HydrizBot</username>
<id>29590</id>
</contributor>
<minor />
<comment>Robô: A limpar links interwikis antigos</comment>
<model>wikitext</model>
<format>text/x-wiki</format>
<text bytes="206" xml:space="preserve">={{-pt-}}=
==Forma verbal==
{{paroxítona|ba|bás|seis}}
# segunda pessoa do plural do pretérito imperfeito do modo subjuntivo do verbo babar
{{avi-for-fle|babar}}
[[Categoria:Forma verbal (Português)]]</text>
<sha1>r4r4wq6q6vrocci7veubg1awzt0c5en</sha1>
</revision>
