<page>
<page>
<title>babão</title>
<ns>0</ns>
<id>91299</id>
<revision>
<id>2202138</id>
<parentid>1595289</parentid>
<timestamp>2016-11-27T21:21:20Z</timestamp>
<contributor>
<username>Defender</username>
<id>15952</id>
</contributor>
<comment>Verbete [[:Categoria:!Página com idioma não informado em Predefinição:etimologia|sem indicação do idioma na seção de etimologia]]</comment>
<model>wikitext</model>
<format>text/x-wiki</format>
<text bytes="537" xml:space="preserve">={{-pt-}}=
==Adjetivo==
{{flex.pt|ms=babão|mp=babões|fs=babona|fp=babonas}}
{{oxítona|ba|bão}}
# o que se [[babar|baba]]
# [[idiota]]
# [[bajoujo]]
==Substantivo==
{{oxítona|ba|bão}}, {{g|m}}
# o que se [[babar|baba]]
# [[idiota]]
# [[bajoujo]]
# [[sacerdote]] do [[culto]] [[iorubá]]
# [[adivinho]]
=={{etimologia|pt}}==
: Para 1, 2 e 3: de [[babar]] + [[-ão]].
==Ver também==
===No Wikcionário===
{{verTambém.Ini}}
* [[bajulador]]
{{verTambém.Fim}}
[[Categoria:Adjetivo (Português)]]
[[Categoria:Substantivo (Português)]]</text>
<sha1>7r2091bynlo9armihpspermmyp0fplv</sha1>
</revision>
