<page>
<page>
<title>babássemos</title>
<ns>0</ns>
<id>198573</id>
<revision>
<id>2305191</id>
<parentid>1998511</parentid>
<timestamp>2017-04-29T11:55:09Z</timestamp>
<contributor>
<username>HydrizBot</username>
<id>29590</id>
</contributor>
<minor />
<comment>Robô: A limpar links interwikis antigos</comment>
<model>wikitext</model>
<format>text/x-wiki</format>
<text bytes="216" xml:space="preserve">={{-pt-}}=
==Forma verbal==
{{proparoxítona|ba|bás|se|mos}}
# primeira pessoa do plural do pretérito imperfeito do modo subjuntivo do verbo [[babar]]
{{avi-for-fle|babar}}
[[Categoria:Forma verbal (Português)]]</text>
<sha1>8p2lhivbz3o4lyt7ukhk2yn5hd1ms13</sha1>
</revision>
