<page>
<page>
<title>babáveis</title>
<ns>0</ns>
<id>167467</id>
<revision>
<id>2305193</id>
<parentid>1748190</parentid>
<timestamp>2017-04-29T11:55:13Z</timestamp>
<contributor>
<username>HydrizBot</username>
<id>29590</id>
</contributor>
<minor />
<comment>Robô: A limpar links interwikis antigos</comment>
<model>wikitext</model>
<format>text/x-wiki</format>
<text bytes="194" xml:space="preserve">={{-pt-}}=
==Forma verbal==
'''babáveis'''
#[[segunda pessoa]] do [[plural]] do [[pretérito imperfeito]] do [[modo indicativo]] do verbo '''[[babar]]'''
[[Categoria:Forma verbal (Português)]]</text>
<sha1>lp0rpqwjfaamdjzshn6362wyoxbgv0l</sha1>
</revision>
