<page>
<page>
<title>babélico</title>
<ns>0</ns>
<id>2933</id>
<revision>
<id>2305194</id>
<parentid>2009456</parentid>
<timestamp>2017-04-29T11:55:15Z</timestamp>
<contributor>
<username>HydrizBot</username>
<id>29590</id>
</contributor>
<minor />
<comment>Robô: A limpar links interwikis antigos</comment>
<model>wikitext</model>
<format>text/x-wiki</format>
<text bytes="259" xml:space="preserve">={{-pt-}}=
==Adjetivo==
{{flex.pt|ms=babélico|mp=babélicos|fs=babélica|fp=babélicas}}
{{proparoxítona|ba|bé|li|co}}
# [[confuso]]
# [[desordenado]]
=={{etimologia|pt}}==
: {{escopo|Morfologia}} [[Babel]] + [[-ico]].
[[Categoria:Adjetivo (Português)]]</text>
<sha1>b2uvozapr68ct09x6ogujkxyyjenr4l</sha1>
</revision>
