<page>
<title>babósa</title>
<ns>0</ns>
<id>6507</id>
<revision>
<id>1325810</id>
<parentid>1093268</parentid>
<timestamp>2011-12-08T00:59:50Z</timestamp>
<contributor>
<username>MalafayaBot</username>
<id>628</id>
</contributor>
<minor />
<comment>Robô: Substituição de texto automática (-^\=(\s*?)(\{\{kea\}\}|Cabo\-?verdiano)(\s*?)\= +={{-kea-}}=)</comment>
<model>wikitext</model>
<format>text/x-wiki</format>
<text bytes="137" xml:space="preserve">={{-kea-}}=
==Substantivo==
'''babósa'''
# [[aloé]]; [[aloés]]; [[babosa]]; [[erva-babosa]]
[[Categoria:Substantivo (Cabo-verdiano)]]</text>
<sha1>8g3cj8aagox2yplwlvwk2k20wym53ig</sha1>
</revision>
</page>
