<page>
<title>babávamos</title>
<ns>0</ns>
<id>163022</id>
<revision>
<id>2305192</id>
<parentid>2034785</parentid>
<timestamp>2017-04-29T11:55:11Z</timestamp>
<contributor>
<username>HydrizBot</username>
<id>29590</id>
</contributor>
<minor />
<comment>Robô: A limpar links interwikis antigos</comment>
<model>wikitext</model>
<format>text/x-wiki</format>
<text bytes="215" xml:space="preserve">={{-pt-}}=
==Forma verbal==
{{proparoxítona|ba|bá|va|mos}}
# primeira pessoa do plural do pretérito imperfeito do modo indicativo do verbo [[babar]]
{{avi-for-fle|babar}}
[[Categoria:Forma verbal (Português)]]</text>
<sha1>nk6hh07og0f65kdf1my73c8vlr2dpd9</sha1>
</revision>
</page>
