<page>
<page>
<title>babáreis</title>
<ns>0</ns>
<id>181951</id>
<revision>
<id>2305189</id>
<parentid>2034780</parentid>
<timestamp>2017-04-29T11:55:06Z</timestamp>
<contributor>
<username>HydrizBot</username>
<id>29590</id>
</contributor>
<minor />
<comment>Robô: A limpar links interwikis antigos</comment>
<model>wikitext</model>
<format>text/x-wiki</format>
<text bytes="197" xml:space="preserve">={{-pt-}}=
==Forma verbal==
{{paroxítona|ba|bá|reis}}
# segunda pessoa do plural do pretérito mais-que-perfeito do verbo [[babar]]
{{avi-for-fle|babar}}
[[Categoria:Forma verbal (Português)]]</text>
<sha1>r3wfqefv5zhom4bf66bwnsho2rnojx1</sha1>
</revision>
