<page>
<title>bacalhoeiro</title>
<ns>0</ns>
<id>440711</id>
<revision>
<id>2661207</id>
<timestamp>2022-02-24T16:26:03Z</timestamp>
<contributor>
<username>Cpls</username>
<id>20608</id>
</contributor>
<comment>[[Ajuda:Guia de edição/Menus e ferramentas/Sumário de edição|→]] nova página: ={{-pt-}}= ==Adjetivo== {{flex.pt|ms=bacalhoeiro|mp=bacalhoeiros|fs=bacalhoeira|fp=bacalhoeiras}} {{paroxítona|ba|ca|lho|ei|ro}} # relativo ao [[bacalhau]] à sua pesca ou comércio # que [[gostar|gosta]] do bacalhau # [[mal-educado]] # {{escopo|pt|Beira}} [[fofoqueiro]], bisbilhoteiro  ==Substantivo== {{flex.pt|ms=bacalhoeiro|mp=bacalhoeiros|fs=bacalhoeira|fp=bacalhoeiras}} {{paroxítona|ba|ca|lho|ei|ro}...</comment>
<model>wikitext</model>
<format>text/x-wiki</format>
<text bytes="2401" xml:space="preserve">={{-pt-}}=
==Adjetivo==
{{flex.pt|ms=bacalhoeiro|mp=bacalhoeiros|fs=bacalhoeira|fp=bacalhoeiras}}
{{paroxítona|ba|ca|lho|ei|ro}}
# relativo ao [[bacalhau]] à sua pesca ou comércio
# que [[gostar|gosta]] do bacalhau
# [[mal-educado]]
# {{escopo|pt|Beira}} [[fofoqueiro]], bisbilhoteiro
==Substantivo==
{{flex.pt|ms=bacalhoeiro|mp=bacalhoeiros|fs=bacalhoeira|fp=bacalhoeiras}}
{{paroxítona|ba|ca|lho|ei|ro}}, {{gramática|m}}
# pessoa que [[vender|vende]] ou comercia com bacalhau
{{flex.pt|ms=bacalhoeiro|mp=bacalhoeiros}}
{{paroxítona|ba|ca|lho|ei|ro}}, {{gramática|m}}
# {{cont|2}} {{escopo|pt|Náutica}} [[navio]] que pesca bacalhau
# {{escopo|pt|Ave}} [[milhafre]] ([[species:Milvus milvus|Milvus milvus]])
===Tradução===
{{tradini| De '''2''' (navio)}}
* {{trad|es|bacaladero}}
{{tradmeio}}
{{tradfim}}
=={{etimologia|pt}}==
: {{escopo|Morfologia}} De ''[[bacalhau]]'' + ''[[-eiro]]''.
==Ver também==
===No Wikcionário===
{{verTambém.Ini}}
* [[bacalhoada]]
{{verTambém.NovaColuna}}
* [[bacalhoaria]]
{{verTambém.Fim}}
==Ligações externas==
* {{Aulete}}
* {{Michaelis}}
* {{DicioAberto}}
* {{DLPO}}
* {{Infopédia}}
* {{PLP}}
* {{VOLPABL}}
[[Categoria:Adjetivo (Galego)]]
[[Categoria:Substantivo (Português)]]
={{-gl-}}=
{{ga-in}}
==Adjetivo==
{{flex.gl|ms=bacalhoeiro|mp=bacalhoeiros|fs=bacalhoeira|fp=bacalhoeiras}}
{{paroxítona|ba|ca|lho|ei|ro|lang=gl}}
# [[bacalhoeiro#{{pt}}|bacalhoeiro]], relativo ao [[bacalhau]] à sua pesca ou comércio
# [[bacalhoeiro#{{pt}}|bacalhoeiro]], que [[gostar|gosta]] do bacalhau
# [[desidioso]], desleixado, indolente, vadio; [[preguiçoso]]
==Substantivo==
{{flex.pt|ms=bacalhoeiro|mp=bacalhoeiros|fs=bacalhoeira|fp=bacalhoeiras}}
{{paroxítona|ba|ca|lho|ei|ro|lang=gl}}, {{gramática|m}}
# [[bacalhoeiro#{{pt}}|bacalhoeiro]], pessoa que [[vender|vende]] ou comercia com bacalhau
{{flex.gl|ms=bacalhoeiro|mp=bacalhoeiros}}
{{paroxítona|ba|ca|lho|ei|ro|lang=gl}}, {{gramática|m}}
# {{cont|2}} {{escopo|gl|Náutica}} [[bacalhoeiro#{{pt}}|bacalhoeiro]], [[navio]] que pesca bacalhau
=={{etimologia|gl}}==
: {{escopo|Morfologia}} De ''[[bacalhão#{{gl}}|bacalhão]]'' ou ''[[bacalhau#{{gl}}|bacalhau]]'' + ''[[-eiro#{{gl}}|-eiro]]''. Confronte-se com ''[[bacalheiro#{{gl}}|bacalheiro ]]'' e ''[[bacalhona#{{gl}}|bacalhona]]''.
==Ligações externas==
* {{Estraviz}}
[[Categoria:Adjetivo (Galego)]]
[[Categoria:Substantivo (Galego)]]</text>
<sha1>ks2zihj4blh7eypfalf996uup2fid5a</sha1>
</revision>
</page>
