<page>
<page>
<title>bacalhão</title>
<ns>0</ns>
<id>393980</id>
<revision>
<id>2661208</id>
<parentid>2591196</parentid>
<timestamp>2022-02-24T16:30:32Z</timestamp>
<contributor>
<username>Cpls</username>
<id>20608</id>
</contributor>
<comment>/* {{-gl-}} */</comment>
<model>wikitext</model>
<format>text/x-wiki</format>
<text bytes="1225" xml:space="preserve">={{-gl-}}=
==Adjetivo==
{{flex.gl|ms=bacalhão|mp=bacalhães|fs=bacalhana|fp=bacalhanas}}
{{oxítona|ba|ca|lhão|língua=gl}}
# {{escopo|gl|Pejorativo}} que é [[sujo]], desajeitado, preguiçoso, de pouca inteligência
# que não sabe o que diz, que não sabe conversar ou discutir
==={{-varort-}}===
* [[bacaceiro#{{gl}}|bacaceiro]], [[bacalhás#{{gl}}|bacalhás]], [[bacalheiro#{{gl}}|bacalheiro]]
==={{pronúncia|gl}}===
* [[AFI]]: /ba.ka.'ʎaŋ/
==={{etimologia|gl}}===
: Da raiz de ''[[bacalhau#{{gl}}|bacalhau]]'' ou da raiz latina {{etimo|la|vacuus}}. Confronte-se com ''[[bacalhoeiro#{{gl}}|bacalhoeiro]]'' e com ''[[bacalhona#{{gl}}|bacalhona]]''.
==Substantivo==
{{flex.gl|ms=bacalhão|mp=bacalhãos|mp2=bacalhães}}
{{oxítona|ba|ca|lhão|língua=gl}}, {{g|m|lang=gl}}
# {{escopo|gl|Peixe}} [[bacalhau#Português|bacalhau]] (género ''[[species:Gadus|Gadus]]'')
# {{escopo|gl|Peixe}} [[peixe-aranha-comum]] (''[[species:Echiichthys vipera|Echiichthys vipera]]'')
==={{-varort-}}===
* De '''1''': [[bacalhau#{{gl}}|bacalhau]], [[macalhão#{{gl}}|macalhão]] 
==={{pronúncia|gl}}===
* [[AFI]]: /ba.ka.'ʎaŋ/, /ba.ka.'ʎa.o/ ou /ba.ka.'ʎaw/
[[Categoria:Substantivo (Galego)]]
[[Categoria:Adjetivo (Galego)]]</text>
<sha1>qsfxzpamj8n9mis4hqaahowpsvc2hy6</sha1>
</revision>
