<page>
<title>Bacabeira</title>
<ns>0</ns>
<id>144930</id>
<revision>
<id>2265033</id>
<parentid>1196525</parentid>
<timestamp>2017-04-26T14:18:21Z</timestamp>
<contributor>
<username>HydrizBot</username>
<id>29590</id>
</contributor>
<minor />
<comment>Robô: A limpar links interwikis antigos</comment>
<model>wikitext</model>
<format>text/x-wiki</format>
<text bytes="255" xml:space="preserve">={{-pt-}}=
{{Wikipédia}}
==Substantivo==
'''Bacabeira''' {{pr}}
#[[município]] [[brasileiro]] do [[estado]] do [[Maranhão]]
==Ver também==
*[[Apêndice:Municípios do estado do Maranhão]]
[[Categoria:Município do estado do Maranhão (Português)]]</text>
<sha1>8kzdrdraigb1wct8l70u3hqr0n7uvlu</sha1>
</revision>
</page>
