<page>
<title>bacanal</title>
<ns>0</ns>
<id>106466</id>
<revision>
<id>2614219</id>
<parentid>2599687</parentid>
<timestamp>2021-01-31T18:07:01Z</timestamp>
<contributor>
<username>Marxav</username>
<id>73271</id>
</contributor>
<minor />
<comment>AFI Portugal</comment>
<model>wikitext</model>
<format>text/x-wiki</format>
<text bytes="1964" xml:space="preserve">{{Wikipédia|lang=pt}}
{{Wikipédia|lang=es}}
={{-pt-}}=
==Adjetivo==
{{flex.pt|s=bacanal|p=bacanais}}
{{oxítona|ba|ca|nal}}, {{gramática|c2g}}
# relativo ao deus [[Baco]]
# [[orgíaco]]
==Substantivo==
{{flex.pt|fs=bacanal|fp=bacanais}}
{{oxítona|ba|ca|nal}}, {{gramática|f}}
# {{escopo|pt|Mitologia}} [[festa]] dedicada ao [[deus]] [[Baco]], deus do [[vinho]]
# [[orgia]], [[festa]] [[licencioso|licenciosa]]
# [[grande]] [[folia]]
===Tradução===
{{tradini}}
* {{trad|de|Bacchanal}}
* {{trad|ar|عيد باخوس}}
* {{trad|eu|bakanal}}
* {{trad|bg|вакханалия}}
* {{trad|ca|bacanàlia}}
* {{trad|kk|вакханалия}}
* {{trad|zh|酒神节}}
* {{trad|ko|바카날리아}}
* {{trad|es|bacanal}}
* {{trad|eo|bakanalo}}
* {{trad|fi|bakkanaalit}}
* {{trad|fr|bacchanales}}
* {{trad|gl|bacanal}}
* {{trad|ka|ბაკქანალია}}
* {{trad|he|בכחנליה}}
* {{trad|nl|bacchanalia}}
* {{trad|io|bakanalo}}
{{tradmeio}}
* {{trad|en|bacchanalia}}
* {{trad|it|baccanale}}
* {{trad|la|bacchanalia}}
* {{trad|lt|bakchanalijos}}
* {{trad|no|bakkanal}}
* {{trad|fa|باکانیلیا}}
* {{trad|pl|bachanalia}}
* {{trad|ky|вакханалия}}
* {{trad|ro|bacchanalia}}
* {{trad|ru|вакханалия}}
* {{trad|sr|баханалије}}
* {{trad|sh|bahanalije}}
* {{trad|sv|backanal}}
* {{trad|tg|вакханалия}}
* {{trad|tr|bacchanalia}}
* {{trad|tyv|вакханалия}}
* {{trad|uk|вакханалія}}
{{tradfim}}
=={{etimologia|pt}}==
{{llietimo|la|bacchanale|pt|bacchanāle|ponto=não}} (&quot;relativo a Baco&quot;).
=={{pronúncia|pt}}==
===Portugal===
* AFI: {{AFI|/bɐ.kɐ.ˈnaɫ/}}
==Ligações externas==
* {{Aulete}}
* {{Michaelis}}
* {{DicioAberto}}
* {{DPLP}}
* {{Infopédia}}
* {{PLP}}
* {{VOLPABL}}
[[Categoria:Adjetivo (Português)]]
[[Categoria:Substantivo (Português)]]
={{-es-}}=
==Substantivo==
'''bacanal'''
# {{escopo|es|Mitologia}} [[bacanal#Português|bacanal]]
[[Categoria:Substantivo (Espanhol)]]</text>
<sha1>6c490c2ewtfns44p2n4h4b6ve15yybg</sha1>
</revision>
</page>
