<page>
<title>bacante</title>
<ns>0</ns>
<id>275046</id>
<revision>
<id>2305200</id>
<parentid>1971590</parentid>
<timestamp>2017-04-29T11:55:34Z</timestamp>
<contributor>
<username>HydrizBot</username>
<id>29590</id>
</contributor>
<minor />
<comment>Robô: A limpar links interwikis antigos</comment>
<model>wikitext</model>
<format>text/x-wiki</format>
<text bytes="2084" xml:space="preserve">{{Wikipédia}}
{{Wikipédia|lang=es}}
[[Imagem:William-Adolphe Bouguereau (1825-1905) - Bacchante on a Panther (1855).jpg|thumb|250px|right|&lt;center&gt;bacante sobre uma pantera&lt;/center&gt;]]
={{-pt-}}=
==Substantivo==
{{flex.pt|fs=bacante|fp=bacantes}}
{{paroxítona|ba|can|te}}
# [[sacerdotisa]] de [[Baco]]
# {{escopo|Figurado}} [[mulher]], [[cortesã]] [[impudico|impudica]], de [[costume]]s [[dissoluto]]s
# {{escopo|Botânica}} [[planta]] [[herbáceo|herbácea]] [[composto|composta]]
# [[espécie]] de [[borboleta]]
===Tradução===
{{tradini}}
* {{trad|fr|bacchante|bacante}}
* {{trad|en|bacchante}}
{{tradmeio}}
* {{trad|la|bacchans}}
{{tradfim}}
=={{etimologia|pt}}==
: Do [[latim]] {{etimo|la|bacchans}}.
=={{pronúncia|pt}}==
* [[AFI]]: {{AFI|/ba.ˈkan.ti/}}.
===Termos derivados===
{{verTambém.Ini}}
* {{link opcional|Ménades|pt}}
* {{link opcional|Mênades|pt}}
{{verTambém.NovaColuna}}
* {{link opcional|tíade|pt}}
* {{link opcional|bassárida|pt}}
{{verTambém.Fim}}
={{-es-}}=
==Substantivo==
{{flex.es|fs=bacante|fp=bacantes}}
'''bacante'''
# [[bacante#Português|bacante]]
=={{etimologia|es}}==
: Do [[latim]] {{etimo|la|bacchans}}.
=={{pronúncia|es}}==
* [[AFI]]: {{AFI|/ba.ˈkan.te/}}.
===Homônimo===
{{verTambém.Ini}}
* {{link opcional|vacante|es}}
{{verTambém.Fim}}
={{-fr-}}=
==Substantivo==
{{flex.fr|fs=bacante|fp=bacantes}}
'''bacante'''
# [[bacante#Português|bacante]]
==={{-varort-}}===
* {{link opcional|bacchante|fr}}
=={{etimologia|fr}}==
: Do [[latim]] {{etimo|la|bacchans}}.
=={{pronúncia|fr}}==
* [[AFI]]: {{AFI|/ba.kɑ̃t/}}.
[[Categoria:Substantivo (Português)]]
[[Categoria:Entrada de étimo latino (Português)]]
[[Categoria:Mitologia (Português)]]
[[Categoria:Entrada com imagem (Português)]]
[[Categoria:Substantivo (Espanhol)]]
[[Categoria:Entrada de étimo latino (Espanhol)]]
[[Categoria:Mitologia (Espanhol)]]
[[Categoria:Entrada com imagem (Espanhol)]]
[[Categoria:Substantivo (Francês)]]
[[Categoria:Entrada de étimo latino (Francês)]]
[[Categoria:Mitologia (Francês)]]
[[Categoria:Entrada com imagem (Francês)]]</text>
<sha1>ljoyhq06ifvjhu9cinbj8fnn3a1jrua</sha1>
</revision>
</page>
