<page>
<page>
<title>bacalhona</title>
<ns>0</ns>
<id>440710</id>
<revision>
<id>2661206</id>
<timestamp>2022-02-24T16:24:58Z</timestamp>
<contributor>
<username>Cpls</username>
<id>20608</id>
</contributor>
<comment>[[Ajuda:Guia de edição/Menus e ferramentas/Sumário de edição|→]] nova página: ={{-gl-}}= {{ga-in}} ==Adjetivo== {{flex.gl|fs=bacalhona|fp=bacalhonas}} {{paroxítona|ba|ca|lho|na|lang=gl}}, {{g|f}} # qualifica a mulher [[preguiçoso|preguiçosa]], indolente  =={{etimologia|gl}}== : Derivada de ''[[bacalhão#{{gl}}|bacalhão]]'' ou da raiz latina {{etimo|la|vacuus}}.  [[Categoria:Adjetivo (Galego)]]</comment>
<model>wikitext</model>
<format>text/x-wiki</format>
<text bytes="322" xml:space="preserve">={{-gl-}}=
{{ga-in}}
==Adjetivo==
{{flex.gl|fs=bacalhona|fp=bacalhonas}}
{{paroxítona|ba|ca|lho|na|lang=gl}}, {{g|f}}
# qualifica a mulher [[preguiçoso|preguiçosa]], indolente
=={{etimologia|gl}}==
: Derivada de ''[[bacalhão#{{gl}}|bacalhão]]'' ou da raiz latina {{etimo|la|vacuus}}.
[[Categoria:Adjetivo (Galego)]]</text>
<sha1>bat5033n7009uquh4bftsb4alcivrwb</sha1>
</revision>
