<page>
<title>bacalhás</title>
<ns>0</ns>
<id>440712</id>
<revision>
<id>2661209</id>
<timestamp>2022-02-24T16:38:33Z</timestamp>
<contributor>
<username>Cpls</username>
<id>20608</id>
</contributor>
<comment>[[Ajuda:Guia de edição/Menus e ferramentas/Sumário de edição|→]] nova página: ={{-gl-}}= ==Adjetivo== {{flex.gl|s=bacalhás|p=bacalhás}} {{oxítona|ba|ca|lhás|língua=gl}}, {{g|c2g2n}} # {{escopo|gl|Pejorativo}} indolente, desidioso, que é [[sujo]], desajeitado, preguiçoso, de pouca inteligência # que não sabe o que diz, que não sabe conversar ou discutir  ===Sinónimos=== * Vide em [[bacalheiro#{{gl}}|bacalheiro]]  ==={{pronúncia|gl}}=== * [[AFI]]: /ba.ka.'ʎas/  =={{etimol...</comment>
<model>wikitext</model>
<format>text/x-wiki</format>
<text bytes="538" xml:space="preserve">={{-gl-}}=
==Adjetivo==
{{flex.gl|s=bacalhás|p=bacalhás}}
{{oxítona|ba|ca|lhás|língua=gl}}, {{g|c2g2n}}
# {{escopo|gl|Pejorativo}} indolente, desidioso, que é [[sujo]], desajeitado, preguiçoso, de pouca inteligência
# que não sabe o que diz, que não sabe conversar ou discutir
===Sinónimos===
* Vide em [[bacalheiro#{{gl}}|bacalheiro]]
==={{pronúncia|gl}}===
* [[AFI]]: /ba.ka.'ʎas/
=={{etimologia|gl}}==
: Da raiz de ''[[bacalhau#{{gl}}|bacalhau]]'' ou da raiz latina {{etimo|la|vacuus}}.
[[Categoria:Adjetivo (Galego)]]</text>
<sha1>monzz4xuyb8qn6b2uw7j2uivlrdq4lj</sha1>
</revision>
</page>
