<page>
<page>
<title>bacaba</title>
<ns>0</ns>
<id>257846</id>
<revision>
<id>2595573</id>
<parentid>1491837</parentid>
<timestamp>2020-09-03T00:58:07Z</timestamp>
<contributor>
<username>Jcwf</username>
<id>4335</id>
</contributor>
<model>wikitext</model>
<format>text/x-wiki</format>
<text bytes="505" xml:space="preserve">{{Wikipédia}}
={{-pt-}}=
==Substantivo==
{{flex.pt|fs=bacaba|fp=bacabas}}
{{paroxítona|ba|ca|ba}}
# [[palmeira]] nativa da [[Amazônia]], presente também no [[Maranhão]]; seu nome científico é ''Oenocarpus bacaba''
===Sinônimo===
* [[bacabeira]]
===Tradução===
{{tradini|''Oenocarpus bacaba''}}
* {{trad|nl|koemboepalm}} {{m}}
{{tradfim}}
==Ver também==
===No Wikcionário===
* [[Bacabal]]
==Anagrama==
# [[babaca]]
[[Categoria:Substantivo (Português)]]
[[Categoria:Árvore (Português)]]</text>
<sha1>ovleirzqow0hs63j06d4pw2wpnqepyt</sha1>
</revision>
