<page>
<page>
<title>bacalheiro</title>
<ns>0</ns>
<id>440709</id>
<revision>
<id>2661205</id>
<timestamp>2022-02-24T16:22:50Z</timestamp>
<contributor>
<username>Cpls</username>
<id>20608</id>
</contributor>
<comment>[[Ajuda:Guia de edição/Menus e ferramentas/Sumário de edição|→]] nova página: ={{-gl-}}= {{ga-in}} ==Adjetivo== {{flex.gl|ms=bacalheiro|mp=bacalheiros|fs=bacalheira|fp=bacalheiras}} {{paroxítona|ba|ca|lhei|ro|lang=gl}} # [[desidioso]], desleixado, indolente, vadio; [[preguiçoso]]  ===Sinónimos=== * [[bacaceiro#{{gl}}|bacaceiro]], [[bacalhão#{{gl}}|bacalhão]], [[bacalhás#{{gl}}|bacalhás]], [[bacalhoeiro#{{gl}}|bacalhoeiro]]  =={{etimologia|gl}}== : {{escopo|Morfologia}} De ''[...</comment>
<model>wikitext</model>
<format>text/x-wiki</format>
<text bytes="617" xml:space="preserve">={{-gl-}}=
{{ga-in}}
==Adjetivo==
{{flex.gl|ms=bacalheiro|mp=bacalheiros|fs=bacalheira|fp=bacalheiras}}
{{paroxítona|ba|ca|lhei|ro|lang=gl}}
# [[desidioso]], desleixado, indolente, vadio; [[preguiçoso]]
===Sinónimos===
* [[bacaceiro#{{gl}}|bacaceiro]], [[bacalhão#{{gl}}|bacalhão]], [[bacalhás#{{gl}}|bacalhás]], [[bacalhoeiro#{{gl}}|bacalhoeiro]]
=={{etimologia|gl}}==
: {{escopo|Morfologia}} De ''[[bacalhão#{{gl}}|bacalhão]]'' ou ''[[bacalhau#{{gl}}|bacalhau]]'' + ''[[-eiro#{{gl}}|-eiro]]'' ou da raiz latina {{etimo|la|vacuus}}.
==Ligações externas==
* {{Estraviz}}
[[Categoria:Adjetivo (Galego)]]</text>
<sha1>gfs7ncxifpi69cwsdhgt4k7oi87pco1</sha1>
</revision>
