<page>
<title>bacará</title>
<ns>0</ns>
<id>92330</id>
<revision>
<id>2305203</id>
<parentid>1414514</parentid>
<timestamp>2017-04-29T11:55:40Z</timestamp>
<contributor>
<username>HydrizBot</username>
<id>29590</id>
</contributor>
<minor />
<comment>Robô: A limpar links interwikis antigos</comment>
<model>wikitext</model>
<format>text/x-wiki</format>
<text bytes="388" xml:space="preserve">{{ver também|bacaraí}}
={{-pt-}}=   
==Substantivo==
{{flex.pt|ms=bacará|mp=bacarás}}
{{oxítona|ba|ca|rá}}
# [[espécie]] de [[jogo]] de [[azar]]
===Tradução===
{{tradini}}
* {{t|fr|baccara|m}}
{{tradmeio}}
* {{trad|en|baccarat}}
{{tradfim}}
=={{etimologia|pt}}==
: Do francês [[baccara#{{fr}}|baccara]].
[[Categoria:Substantivo (Português)]]
[[Categoria:Jogo (Português)]]</text>
<sha1>1rnsn01qmbammp0w7e49b7wm9ae9yev</sha1>
</revision>
</page>
