<page>
<page>
<title>bacamarte</title>
<ns>0</ns>
<id>94544</id>
<revision>
<id>2614227</id>
<parentid>2305197</parentid>
<timestamp>2021-01-31T18:08:31Z</timestamp>
<contributor>
<username>Marxav</username>
<id>73271</id>
</contributor>
<minor />
<comment>AFI Portugal</comment>
<model>wikitext</model>
<format>text/x-wiki</format>
<text bytes="761" xml:space="preserve">{{ver também|bracamarte}}
{{Wikipédia}}
={{-pt-}}=
==Substantivo==
{{flex.pt|ms=bacamarte|mp=bacamartes}}
{{paroxítona|ba|ca|mar|te}}, {{gramática|m}}
# [[arma]] de [[fogo]] de [[cano]] [[curto]] e [[largo]]
#* ''Arnaldo tinha muita vontade de dar um tiro com o '''bacamarte''' do pai.'' (Em [[s:O Sertanejo/II/X|O Sertanejo (Segunda Parte, Capítulo X: A infância)]] de José de Alencar)
# {{escopo|Popular}} [[livro]] [[velho]] e [[pesado]]
# {{escopo|Popular}} [[planta]] [[brasileiro|brasileira]]
# {{escopo|Brasileirismo}} [[homem]] [[gordo]] e [[inútil]]
=={{etimologia|pt}}==
{{llietimo|fr|braquemart|pt}}
=={{pronúncia|pt}}==
===Portugal===
* AFI: {{AFI|/bɐ.kɐ.ˈmaɾ.tɨ/}}
==Anagrama==
# [[acambetar]]
[[Categoria:Substantivo (Português)]]</text>
<sha1>a1pjakkfop8c3gb8bcft9qtew92owxj</sha1>
</revision>
