<page>
<page>
<title>bacarote</title>
<ns>0</ns>
<id>385327</id>
<revision>
<id>2457871</id>
<parentid>2457869</parentid>
<timestamp>2017-10-29T19:51:29Z</timestamp>
<contributor>
<username>Cpls</username>
<id>20608</id>
</contributor>
<comment>/* {{-gl-}} */</comment>
<model>wikitext</model>
<format>text/x-wiki</format>
<text bytes="418" xml:space="preserve">={{-gl-}}=
==Substantivo==
{{flex.pt|ms=bacarote|mp=bacarotes}}
{{paroxítona|ba|ca|ro|te|lang=gl}}, {{g|m|lang=gl}}
# {{escopo|gl|Mamífero}} [[bácoro]] destinado á ceva
===Sinônimos===
* [[bácaro#{{gl}}|bácaro]], [[bácoro#{{gl}}|bácoro]], [[rancho#{{gl}}|rancho]]
=={{etimologia|gl}}==
: {{escopo|Morfologia}} De ''[[bácaro#{{gl}}|bácaro]]'' + ''[[-ote#{{gl}}|-ote]]''.
[[Categoria:Substantivo (Galego)]]</text>
<sha1>dhnmn7bw1qjwulnua9z9hymb6hob4eg</sha1>
</revision>
