<page>
<page>
<title>bacachês</title>
<ns>0</ns>
<id>382573</id>
<revision>
<id>2445628</id>
<timestamp>2017-08-24T20:35:22Z</timestamp>
<contributor>
<username>Cpls</username>
<id>20608</id>
</contributor>
<comment>[[Ajuda:Guia de edição/Menus e ferramentas/Sumário de edição|→]] nova página: ={{-gl-}}= ==Substantivo== {{flex.gl|ms=bacachês|mp=bacacheses}} {{oxítona|ba|ca|chês|lang=gl}}, {{g|m|lan...</comment>
<model>wikitext</model>
<format>text/x-wiki</format>
<text bytes="463" xml:space="preserve">={{-gl-}}=
==Substantivo==
{{flex.gl|ms=bacachês|mp=bacacheses}}
{{oxítona|ba|ca|chês|lang=gl}}, {{g|m|lang=gl}}
# {{escopo|gl|Ave}} [[chapim-azul]] (''[[species:Cyanistes caeruleus|Cyanistes caeruleus]]'')
===Sinónimos===
* [[bacachis#{{gl}}|bacachis]], [[ferreirinho-azul#{{gl}}|ferreirinho-azul]], [[ferreirinho-bacachis#{{gl}}|ferreirinho-bacachis]]
=={{etimologia|gl}}==
: Da onomatopeia do seu cantar ''*bacachim''.
[[Categoria:Substantivo (Galego)]]</text>
<sha1>hjizutf6f5w084iody4eswcm0c2hyus</sha1>
</revision>
