<page>
<title>bacalhau</title>
<ns>0</ns>
<id>12149</id>
<revision>
<id>2682717</id>
<parentid>2611317</parentid>
<timestamp>2022-07-05T14:45:55Z</timestamp>
<contributor>
<username>Frank C. Müller</username>
<id>19551</id>
</contributor>
<comment>trad de.</comment>
<model>wikitext</model>
<format>text/x-wiki</format>
<text bytes="2746" xml:space="preserve">{{Wikipédia|lang=pt}}
[[Imagem:Gadus morhua-Cod-2-Atlanterhavsparken-Norway.JPG|thumb|right|250px|&lt;center&gt;Bacalhau&lt;/center&gt;]]
={{-pt-}}=
==Substantivo==
{{flex.pt|ms=bacalhau|mp=bacalhaus}}
{{oxítona|ba|ca|lhau}}
# {{escopo|pt|peixe}} [[espécie]] de [[peixe]] pescado no [[Atlântico]] norte, principalmente ao largo da [[Terra Nova]] e na [[Noruega]]
# bacalhau&lt;sup&gt;1&lt;/sup&gt; aberto ao meio, seco e salgado; é muito popular na [[gastronomia]] [[português|portuguesa]], onde [[inclusive]] é [[tradicional]] no [[Natal]]
#* ''Em Portugal há mil e uma maneiras de se cozinhar '''bacalhau'''.''
# {{escopo|pt|Popular}} [[passou-bem]]
# {{escopo|pt|Brasil}} [[pessoa]] muito [[magro|magra]]
# {{escopo|pt|Brasil|gíria|Informática}} [[programa]] mal-feito, ou feito para ser usado apenas uma vez
===Sinônimos===
* De '''2''' (termo de gastronomia): [[fiel-amigo]]
===Expressões===
* '''[[para quem é, bacalhau basta]]''': para pessoa insignificante serve qualquer coisa.
===Tradução===
{{tradini|De 1 (espécie de peixe pescada no Atlântico norte)}}
* {{t|de|Dorsch|m}}, {{t+|de|Kabeljau|m}}
* {{t|ca|bacallà|m}}
* {{t|es|bacalao|m}}
* {{t|fr|morue|f}}
* {{trad|nl|kabeljauw}}
* {{trad|en|cod|codfish}}
{{tradmeio}}
* {{t|mwl|bacalhau|m}}
* {{trad|no|torsk}}
* {{trad|pl|dorsz}}
* {{trad|ru|треска}}
* {{t|sv|torsk|c}}
{{tradfim}}
{{tradini|De 2 (bacalhau aberto ao meio, seco e salgado)}}
* {{t|de|Stockfisch|m}}
* {{t|fr|morue séchée|f}}
* {{trad|nl|stokvis}}
{{tradmeio}}
* {{trad|en|dried cod|stockfish}}
* {{t|mwl|bacalhau|m}}
* {{trad|no|klippfisk}}
{{tradfim}}
=={{pronúncia|pt}}==
===Portugal===
* AFI: {{AFI|/bɐ.kɐ.ˈʎaw/}}
==Ver também==
===No Wikcionário===
{{verTambém.Ini}}
* [[abacalhoar]]
{{verTambém.NovaColuna}}
* [[abrótea]]
{{verTambém.NovaColuna}}
* [[patanisca]] 
{{verTambém.Fim}}
[[Categoria:Substantivo (Português)]]
[[Categoria:Alimentação (Português)]]
[[Categoria:Entrada com imagem (Português)]]
={{-gl-}}=
==Substantivo==
{{flex.gl|ms=bacalhau|mp=bacalhaus}}
{{oxítona|ba|ca|lhau|língua=gl}}, {{g|m|lang=gl}}
# {{escopo|gl|Peixe}} [[bacalhau#Português|bacalhau]] (género ''[[species:Gadus|Gadus]]'')
==={{-varort-}}===
* [[bacalhão#{{gl}}|bacalhão]], [[macalhão#{{gl}}|macalhão]] 
[[Categoria:Substantivo (Galego)]]
[[Categoria:Entrada com imagem (Galego)]]
={{-mwl-}}=
==Substantivo==
{{flex.mwl|ms=bacalhau|mp=bacalhaus}}
{{oxítona|ba|ca|lhau|língua=mwl}}, {{g|m|lang=mwl}}
# {{escopo|mwl|Peixe}} [[bacalhau#Português|bacalhau]] (género ''[[species:Gadus|Gadus]]'')
[[Categoria:Substantivo (Mirandês)]]
[[Categoria:Ecologia (Mirandês)]]
[[Categoria:Animal (Mirandês)]]
[[Categoria:Alimentação (Mirandês)]]
[[Categoria:Entrada com imagem (Mirandês)]]</text>
<sha1>2ly08dftd6mzfmp8z9dc9ikl2fbugkq</sha1>
</revision>
</page>
