<page>
<page>
<title>bacalhaus</title>
<ns>0</ns>
<id>387450</id>
<revision>
<id>2467903</id>
<timestamp>2017-12-07T19:50:05Z</timestamp>
<contributor>
<username>Imivorn</username>
<id>64513</id>
</contributor>
<comment>[[Ajuda:Guia de edição/Menus e ferramentas/Sumário de edição|→]] nova página: ={{-mwl-}}= ==Forma de substantivo== {{oxítona|ba|ca|lhaus|língua=mwl}} # plural de '''bacalhau#{{mwl}}|b...</comment>
<model>wikitext</model>
<format>text/x-wiki</format>
<text bytes="169" xml:space="preserve">={{-mwl-}}=
==Forma de substantivo==
{{oxítona|ba|ca|lhaus|língua=mwl}}
# plural de '''[[bacalhau#{{mwl}}|bacalhau]]'''
[[Categoria:Forma de substantivo (Mirandês)]]</text>
<sha1>qkgsend548ui5yqssyy4vookilmv0fq</sha1>
</revision>
