<page>
<page>
<title>baca</title>
<ns>0</ns>
<id>107935</id>
<revision>
<id>2468310</id>
<parentid>2468290</parentid>
<timestamp>2017-12-08T18:34:07Z</timestamp>
<contributor>
<username>Imivorn</username>
<id>64513</id>
</contributor>
<comment>/* {{-mwl-}} */</comment>
<model>wikitext</model>
<format>text/x-wiki</format>
<text bytes="1431" xml:space="preserve">={{-ca-}}=
==Substantivo==
{{flex.ca|fs=baca|fp=baques}}
{{paroxítona|lang=ca|ba|ca}}
# [[porta-bagagens]] sobre o teto das viaturas
# parte de um [[contrato]] na que as partes acordam repartir por igual as perdas e os lucros
=={{etimologia|pt}}==
: De 1, do francês ''bâche''.
[[Categoria:Substantivo (Catalão)]]
={{-gl-}}=
==Substantivo==
{{flex.gl|fs=baca|fp=bacas}}
{{paroxítona|lang=gl|ba|ca}}
# [[arte]] de pesca de arraste
# [[embarcação]] de pesca
# [[porta-bagagens]] sobre o teto das viaturas
=={{etimologia|pt}}==
: De 3, do francês ''bâche''.
[[Categoria:Substantivo (Galego)]]
={{-id-}}=
==Verbo==
'''baca'''
# [[ler]]
[[Categoria:Verbo (Indonésio)]]
={{-it-}}=
==Forma verbal==
'''baca'''
# flexão do verbo [[bacare]]
[[Categoria:Forma verbal (Italiano)]]
={{-la-}}=
==Substantivo==
'''baca'''
# [[fruta]]
# [[pérola]]
[[Categoria:Substantivo (Latim)]]
={{-mwl-}}=
{{Wikipédia|lang=mwl}}
[[Imagem:Vaca_ra%C3%A7a_mirandesa.JPG|thumb|200px|&lt;center&gt;vaca mirandesa&lt;/center&gt;]]
==Substantivo==
{{flex.mwl|fs=baca|fp=bacas}}
{{paroxítona|ba|ca|língua=mwl}}, {{f}}
# {{escopo|mwl|Mamífero}} [[vaca]]
==Ver também==
===No Wikcionário===
{{verTambém.Ini}}
* [[bui]]
{{verTambém.Fim}}
[[Categoria:Substantivo (Mirandês)]]
[[Categoria:Animal (Mirandês)]]
[[Categoria:Entrada com imagem (Mirandês)]]
={{-tr-}}=
==Substantivo==
'''baca'''
# [[chaminé]]
[[Categoria:Substantivo (Turco)]]</text>
<sha1>ncet01aaj10yye088v4vpafgcyp1kwa</sha1>
</revision>
