<page>
<page>
<title>bacariça</title>
<ns>0</ns>
<id>437376</id>
<revision>
<id>2647966</id>
<parentid>2647962</parentid>
<timestamp>2021-09-11T09:10:35Z</timestamp>
<contributor>
<username>Cpls</username>
<id>20608</id>
</contributor>
<comment>/* {{-gl-}} */</comment>
<model>wikitext</model>
<format>text/x-wiki</format>
<text bytes="388" xml:space="preserve">={{-gl-}}=
{{ga-in}}
==Substantivo==
{{flex.gl|fs=bacariça|fp=bacariças}}
{{paroxítona|ba|ca|ri|ça|lang=gl}}, {{g|m}}
# {{escopo|gl|Planta}} [[ásaro]] (''[[species:Asarum|Asarum spp]]'')
=={{etimologia|gl}}==
: Da mesma origem que [[bacarija]] e [[bácaro]].
==Homófono==
* [[vacariça#{{gl}}|vacariça]]
==Ligações externas==
* {{Estraviz}}
[[Categoria:Substantivo (Galego)]]</text>
<sha1>7lrxn3dorzk756hdjpg93ni1g5aht4q</sha1>
</revision>
