<page>
<page>
<title>bacachis</title>
<ns>0</ns>
<id>366789</id>
<revision>
<id>2445629</id>
<parentid>2186330</parentid>
<timestamp>2017-08-24T20:36:25Z</timestamp>
<contributor>
<username>Cpls</username>
<id>20608</id>
</contributor>
<comment>/* {{-gl-}} */</comment>
<model>wikitext</model>
<format>text/x-wiki</format>
<text bytes="461" xml:space="preserve">={{-gl-}}=
==Substantivo==
{{flex.gl|ms=bacachis|mp=bacachis}}
{{oxítona|ba|ca|chis|lang=gl}}, {{g|m|lang=gl}}
# {{escopo|gl|Ave}} [[chapim-azul]] (''[[species:Cyanistes caeruleus|Cyanistes caeruleus]]'')
===Sinónimos===
* [[bacachês#{{gl}}|bacachês]], [[ferreirinho-azul#{{gl}}|ferreirinho-azul]], [[ferreirinho-bacachis#{{gl}}|ferreirinho-bacachis]]
=={{etimologia|gl}}==
: Da onomatopeia do seu cantar ''*bacachim''.
[[Categoria:Substantivo (Galego)]]</text>
<sha1>7kahahzujq2m1b6nfda31x1bq0jle9k</sha1>
</revision>
