<page>
<page>
<title>bacar</title>
<ns>0</ns>
<id>87141</id>
<revision>
<id>2305202</id>
<parentid>2100471</parentid>
<timestamp>2017-04-29T11:55:38Z</timestamp>
<contributor>
<username>HydrizBot</username>
<id>29590</id>
</contributor>
<minor />
<comment>Robô: A limpar links interwikis antigos</comment>
<model>wikitext</model>
<format>text/x-wiki</format>
<text bytes="344" xml:space="preserve">{{ver também|babar|bicar|baiar|bajar|lacar|balar|bocar|bazar|bacará}}
={{-pt-}}=
==Substantivo==
{{flex.pt|ms=bacar|mp=bacares}}
{{oxítona|ba|car}}
# {{escopo|Termo indiano}} [[armazém]] de [[pano]]s, na antiga [[Índia]] [[português|portuguesa]]
==Anagramas==
# [[barca]]
# [[braça]]
# [[cabra]]
[[Categoria:Substantivo (Português)]]</text>
<sha1>ftp7armhx7qtwlf0pn0l1vu5sq2te6i</sha1>
</revision>
