<page>
<title>bacalhoada</title>
<ns>0</ns>
<id>86516</id>
<revision>
<id>2155012</id>
<parentid>1595290</parentid>
<timestamp>2016-08-01T10:40:11Z</timestamp>
<contributor>
<username>ValJor</username>
<id>1358</id>
</contributor>
<comment>Um verbete a menos usando a [[Predefinição:flex.pt.masculino|predefinição flex.pt.masculino]]</comment>
<model>wikitext</model>
<format>text/x-wiki</format>
<text bytes="459" xml:space="preserve">={{-pt-}}=
==Substantivo==
{{flex.pt|fs=bacalhoada|fp=bacalhoadas}}
{{paroxítona|ba|ca|lho|a|da}}, {{f}}
# [[prato]] preparado com [[bacalhau]]
=={{etimologia|pt}}==
: {{escopo|Morfologia}} [[bacalhau]] + [[-ada]].
==Ver também==
===No Wikcionário===
{{verTambém.Ini}}
* para outros verbetes relativos ao tema '''alimento''', veja o verbete [[alimento]]
{{verTambém.Fim}}
[[Categoria:Substantivo (Português)]]
[[Categoria:Alimentação (Português)]]</text>
<sha1>algjnfvktu4pd9nvx3m4dl32gkdwgqn</sha1>
</revision>
</page>
