<page>
<page>
<title>bacak</title>
<ns>0</ns>
<id>63362</id>
<revision>
<id>2305196</id>
<parentid>1935953</parentid>
<timestamp>2017-04-29T11:55:23Z</timestamp>
<contributor>
<username>HydrizBot</username>
<id>29590</id>
</contributor>
<minor />
<comment>Robô: A limpar links interwikis antigos</comment>
<model>wikitext</model>
<format>text/x-wiki</format>
<text bytes="372" xml:space="preserve">={{-tr-}}=
==Substantivo==
'''bacak''', ''sem gênero'' (bajak)
# [[perna]]
===Outros Verbetes===
{{verTambém.Ini}}
* [[ağız]]
* [[ayak]]
{{verTambém.NovaColuna}}
* [[baş]]
* [[burun]]
{{verTambém.NovaColuna}}
* [[el]]
* [[göğüs]]
{{verTambém.NovaColuna}}
* [[göz]]
* [[kol]]
{{verTambém.Fim}}
[[Categoria:Substantivo (Turco)]]
[[Categoria:Anatomia (Turco)]]</text>
<sha1>rl4hzjsfi3qn9scvh0suu5kg9tqygvv</sha1>
</revision>
