<page>
<page>
<title>bacchante</title>
<ns>0</ns>
<id>275109</id>
<revision>
<id>2305204</id>
<parentid>2221886</parentid>
<timestamp>2017-04-29T11:55:43Z</timestamp>
<contributor>
<username>HydrizBot</username>
<id>29590</id>
</contributor>
<minor />
<comment>Robô: A limpar links interwikis antigos</comment>
<model>wikitext</model>
<format>text/x-wiki</format>
<text bytes="1072" xml:space="preserve">[[Imagem:William-Adolphe Bouguereau (1825-1905) - Bacchante on a Panther (1855).jpg|thumb|250px|right|&lt;center&gt;bacchante&lt;/center&gt;]]
={{-en-}}=
{{Wikipédia|lang=en}}
==Substantivo==
'''bacchante''' {{p|bacchantes}}
# [[bacante]]
=={{etimologia|en}}==
{{llietimo|la|bacchans|en}}
===Termos derivados===
{{verTambém.Ini}}
* {{link opcional|maenad|en}}
{{verTambém.NovaColuna}}
* {{link opcional|bacchant|en}}
{{verTambém.Fim}}
[[Categoria:Substantivo (Inglês)]]
[[Categoria:Mitologia (Inglês)]]
[[Categoria:Entrada com imagem (Inglês)]]
={{-fr-}}=
==Substantivo==
{{flex.fr|fs=bacchante|fp=bacchantes}}
'''bacchante'''
# [[bacante]]
=={{etimologia|fr}}==
{{llietimo|la|bacchans|fr}}
=={{pronúncia}}==
* [[AFI]]: {{AFI|/ba.kɑ̃t/}}.
===Verbetes derivados===
{{verTambém.Ini}}
* {{link opcional|bacante|fr}} (mais usado)
{{verTambém.NovaColuna}}
* {{link opcional|thyade|fr}}
{{verTambém.Fim}}
[[Categoria:Substantivo (Francês)]]
[[Categoria:Entrada com pronúncia (Francês)]]
[[Categoria:Mitologia (Francês)]]
[[Categoria:Entrada com imagem (Francês)]]</text>
<sha1>sureaas5f4e5z0k8iqx0oy0rmf6a6u8</sha1>
</revision>
