<page>
<title>bacelo</title>
<ns>0</ns>
<id>319484</id>
<revision>
<id>2496801</id>
<parentid>2305205</parentid>
<timestamp>2018-04-17T10:02:52Z</timestamp>
<contributor>
<username>Cpls</username>
<id>20608</id>
</contributor>
<comment>/* {{-gl-}} */</comment>
<model>wikitext</model>
<format>text/x-wiki</format>
<text bytes="612" xml:space="preserve">={{-pt-}}=
==Substantivo==
{{flex.pt|ms=bacelo|mp=bacelos}}
{{paroxítona|ba|ce|lo}}
# [[vara]] que se tira de uma [[videira]] velha para formar uma nova [[planta]]
# [[vinha]] [[novo|nova]]
===Tradução===
{{tradini}}
* {{trad|gl|bacelo}}
{{tradmeio}}
* {{trad|en|rootstock}}
{{tradfim}}
==Anagramas==
# [[bocela]]
# [[cabelo]]
# [[cebola]]
[[Categoria:Substantivo (Português)]]
[[Categoria:Botânica (Português)]]
={{-gl-}}=
==Substantivo==
'''bacelo'''
# [[bacelo#Português|bacelo]]
==={{-varort-}}===
* [[barcelo#{{gl}}|barcelo]]
[[Categoria:Substantivo (Galego)]]
[[Categoria:Botânica (Galego)]]</text>
<sha1>17uowjjakwkl5vt6wkvx2x6a7sd241h</sha1>
</revision>
</page>
