<page>
<page>
<title>bachareladas</title>
<ns>0</ns>
<id>341954</id>
<revision>
<id>2483991</id>
<parentid>2305209</parentid>
<timestamp>2018-02-09T00:25:42Z</timestamp>
<contributor>
<username>MIL973</username>
<id>41339</id>
</contributor>
<model>wikitext</model>
<format>text/x-wiki</format>
<text bytes="379" xml:space="preserve">={{-pt-}}=
==Forma de adjetivo==
{{paroxítona|ba|cha|re|la|das}}, {{gramática|fp}}
# feminino plural de [[bacharelado]]
{{avi-for-fle|bacharelado}}
==Forma de substantivo==
{{paroxítona|ba|cha|re|la|das}}, {{gramática|fp}}
# plural de [[bacharelada]]
{{avi-for-fle|bacharelada}}
[[Categoria:Forma de adjetivo (Português)]]
[[Categoria:Forma de substantivo (Português)]]</text>
<sha1>fvyqz3hx36tpja8x4vhhi7s7mgupy9t</sha1>
</revision>
