<page>
<page>
<title>bacharelarem</title>
<ns>0</ns>
<id>392545</id>
<revision>
<id>2484127</id>
<parentid>2484126</parentid>
<timestamp>2018-02-10T00:30:44Z</timestamp>
<contributor>
<username>MIL973</username>
<id>41339</id>
</contributor>
<model>wikitext</model>
<format>text/x-wiki</format>
<text bytes="304" xml:space="preserve">={{-pt-}}=
==Forma verbal==
{{paroxítona|ba|cha|re|la|rem}}
# terceira pessoa do plural do futuro do {{PEPB|inline=1|conjuntivo|subjuntivo}} do verbo [[bacharelar]]
# infinitivo pessoal da terceira pessoa do plural do verbo bacharelar
{{avi-for-fle|bacharelar}}
[[Categoria:Forma verbal (Português)]]</text>
<sha1>e5uo4ya47to6s9ke01jig72dfxo8wzv</sha1>
</revision>
