<page>
<page>
<title>bacharelavas</title>
<ns>0</ns>
<id>392592</id>
<revision>
<id>2484422</id>
<parentid>2484421</parentid>
<timestamp>2018-02-11T00:20:00Z</timestamp>
<contributor>
<username>MIL973</username>
<id>41339</id>
</contributor>
<model>wikitext</model>
<format>text/x-wiki</format>
<text bytes="221" xml:space="preserve">={{-pt-}}=
==Forma verbal==
{{paroxítona|ba|cha|re|la|vas}}
# segunda pessoa do singular do pretérito imperfeito do indicativo do verbo [[bacharelar]]
{{avi-for-fle|bacharelar}}
[[Categoria:Forma verbal (Português)]]</text>
<sha1>t5h54xo7o1du0pt9zcxtdngw1beag1n</sha1>
</revision>
