<page>
<page>
<title>bacharelásseis</title>
<ns>0</ns>
<id>392549</id>
<revision>
<id>2484135</id>
<parentid>2484134</parentid>
<timestamp>2018-02-10T00:35:02Z</timestamp>
<contributor>
<username>MIL973</username>
<id>41339</id>
</contributor>
<model>wikitext</model>
<format>text/x-wiki</format>
<text bytes="240" xml:space="preserve">={{-pt-}}=
==Forma verbal==
{{paroxítona|ba|cha|re|lás|seis}}
# segunda pessoa do plural do pretérito do {{PEPB|inline=1|conjuntivo|subjuntivo}} do verbo [[bacharelar]]
{{avi-for-fle|bacharelar}}
[[Categoria:Forma verbal (Português)]]</text>
<sha1>e4pwffk7plgxujtorrwd9s10tupnjmv</sha1>
</revision>
