<page>
<page>
<title>bacharelaríamos</title>
<ns>0</ns>
<id>392572</id>
<revision>
<id>2484384</id>
<parentid>2484383</parentid>
<timestamp>2018-02-11T00:03:09Z</timestamp>
<contributor>
<username>MIL973</username>
<id>41339</id>
</contributor>
<model>wikitext</model>
<format>text/x-wiki</format>
<text bytes="228" xml:space="preserve">={{-pt-}}=
==Forma verbal==
{{proparoxítona|ba|cha|re|la|rí|a|mos}}
# primeira pessoa do plural do futuro do pretérito do indicativo do verbo [[bacharelar]]
{{avi-for-fle|bacharelar}}
[[Categoria:Forma verbal (Português)]]</text>
<sha1>94ffc5wixbt63lmt0m6tlgfx32fm977</sha1>
</revision>
