<page>
<title>bacharelarão</title>
<ns>0</ns>
<id>392581</id>
<revision>
<id>2484400</id>
<parentid>2484399</parentid>
<timestamp>2018-02-11T00:10:08Z</timestamp>
<contributor>
<username>MIL973</username>
<id>41339</id>
</contributor>
<model>wikitext</model>
<format>text/x-wiki</format>
<text bytes="243" xml:space="preserve">{{confundir|bacharelaram}}
={{-pt-}}=
==Forma verbal==
{{oxítona|ba|cha|re|la|rão}}
# terceira pessoa do plural do futuro do presente do indicativo do verbo [[bacharelar]]
{{avi-for-fle|bacharelar}}
[[Categoria:Forma verbal (Português)]]</text>
<sha1>rjcbdg1vyr4ouosks9lmf3eyk0mxdzz</sha1>
</revision>
</page>
