<page>
<title>bacharelam</title>
<ns>0</ns>
<id>392604</id>
<revision>
<id>2484447</id>
<parentid>2484446</parentid>
<timestamp>2018-02-11T00:35:29Z</timestamp>
<contributor>
<username>MIL973</username>
<id>41339</id>
</contributor>
<model>wikitext</model>
<format>text/x-wiki</format>
<text bytes="204" xml:space="preserve">={{-pt-}}=
==Forma verbal==
{{paroxítona|ba|cha|re|lam}}
# terceira pessoa do plural do presente do indicativo do verbo [[bacharelar]]
{{avi-for-fle|bacharelar}}
[[Categoria:Forma verbal (Português)]]</text>
<sha1>glbp8ub9ze9qwyv31jgp6lzh58xbhzq</sha1>
</revision>
</page>
