<page>
<title>Bachamuuer</title>
<ns>0</ns>
<id>148533</id>
<revision>
<id>2265035</id>
<parentid>1642163</parentid>
<timestamp>2017-04-26T14:18:30Z</timestamp>
<contributor>
<username>HydrizBot</username>
<id>29590</id>
</contributor>
<minor />
<comment>Robô: A limpar links interwikis antigos</comment>
<model>wikitext</model>
<format>text/x-wiki</format>
<text bytes="192" xml:space="preserve">={{-li-}}=
==Substantivo==
'''Bachamuuer''', {{pr}}
#{{escopo|Geografia}} [[Bahamas]]
==Ver também==
{{América/li}}
[[Categoria:Substantivo (Limburguês)]]
[[Categoria:País (Limburguês)]]</text>
<sha1>otofvurxfjsrdwvkwicol57hoy0rj3d</sha1>
</revision>
</page>
