<page>
<page>
<title>bacharela</title>
<ns>0</ns>
<id>328522</id>
<revision>
<id>2484015</id>
<parentid>2484004</parentid>
<timestamp>2018-02-09T00:39:48Z</timestamp>
<contributor>
<username>MIL973</username>
<id>41339</id>
</contributor>
<model>wikitext</model>
<format>text/x-wiki</format>
<text bytes="453" xml:space="preserve">={{-pt-}}=
==Forma de substantivo==
{{paroxítona|ba|cha|re|la}}, {{gramática|f}}
# feminino de [[bacharel]]
{{avi-for-fle|bacharel}}
==Forma verbal==
{{paroxítona|ba|cha|re|la}}
# terceira pessoa do singular do presente do indicativo do verbo [[bacharelar]]
# segunda pessoa do singular do imperativo afirmativo do verbo bacharelar
{{avi-for-fle|bacharelar}}
[[Categoria:Forma de substantivo (Português)]]
[[Categoria:Forma verbal (Português)]]</text>
<sha1>cwxoqxt328n76s3okdhc8kyl4u03qp2</sha1>
</revision>
