<page>
<page>
<title>bacharelado</title>
<ns>0</ns>
<id>97580</id>
<revision>
<id>2576266</id>
<parentid>2484017</parentid>
<timestamp>2020-02-09T14:20:20Z</timestamp>
<contributor>
<username>Frank C. Müller</username>
<id>19551</id>
</contributor>
<comment>+ trad de.</comment>
<model>wikitext</model>
<format>text/x-wiki</format>
<text bytes="1018" xml:space="preserve">{{Wikipédia}}
={{-pt-}}=
==Adjetivo==
{{flex.pt|ms=bacharelado|mp=bacharelados|fs=bacharelada|fp=bachareladas}}
{{paroxítona|ba|cha|re|la|do}}, {{gramática|m}}
# {{escopo|pt|Educação}} que [[bacharelar|bacharelou]]
===Sinônimo===
* [[abacharelado]]
==Substantivo==
{{flex.pt|ms=bacharelado|mp=bacharelados}}
{{paroxítona|ba|cha|re|la|do}}, {{gramática|m}}
# {{escopo|pt|Educação}} o grau de [[bacharel]]
===Sinônimo===
* [[bacharelato]]
=={{etimologia|pt}}==
: Particípio do verbo [[bacharelar]].
===Tradução===
{{tradini|1. (Educação) o grau de bacharel}}
* {{t|de|Abitur|n}}, {{xlatio|de|Reifezeugnis|''n.''}}
&lt;!--* {{t|ca|}}--&gt;
&lt;!--* {{t|es|}}--&gt;
&lt;!--* {{t|fr|}}--&gt;
{{tradmeio}}
&lt;!--* {{t|nl|}}--&gt;
&lt;!--* {{t|en|}}--&gt;
&lt;!--* {{t|it|}}--&gt;
{{tradfim}}
==Ver também==
===No Wikcionário===
{{colunas|2}}
* [[abacharelar]]
* [[bacharelando]]
* [[doutorado]]
* [[doutorando]]
* [[mestrado]]
* [[mestrando]]
{{colunas/fim}}
[[Categoria:Adjetivo (Português)]]
[[Categoria:Substantivo (Português)]]</text>
<sha1>jy2o8sk8m0t14xgj3srjtxmn6acsvbs</sha1>
</revision>
