<page>
<page>
<title>bacharelardes</title>
<ns>0</ns>
<id>392544</id>
<revision>
<id>2484125</id>
<parentid>2484124</parentid>
<timestamp>2018-02-10T00:29:53Z</timestamp>
<contributor>
<username>MIL973</username>
<id>41339</id>
</contributor>
<model>wikitext</model>
<format>text/x-wiki</format>
<text bytes="303" xml:space="preserve">={{-pt-}}=
==Forma verbal==
{{paroxítona|ba|cha|re|lar|des}}
# segunda pessoa do plural do futuro do {{PEPB|inline=1|conjuntivo|subjuntivo}} do verbo [[bacharelar]]
# infinitivo pessoal da segunda pessoa do plural do verbo bacharelar
{{avi-for-fle|bacharelar}}
[[Categoria:Forma verbal (Português)]]</text>
<sha1>89ok5yfmw16n9j8mh29vxeo7kgriauk</sha1>
</revision>
