<page>
<page>
<title>bache</title>
<ns>0</ns>
<id>411770</id>
<revision>
<id>2549306</id>
<timestamp>2019-07-12T11:48:10Z</timestamp>
<contributor>
<username>Cpls</username>
<id>20608</id>
</contributor>
<comment>[[Ajuda:Guia de edição/Menus e ferramentas/Sumário de edição|→]] nova página: ={{-gl-}}= ==Substantivo== {{flex.gl|ms=bache|mp=baches}} {{paroxítona|lang=gl|ba|che}}, {{g|m|lang=gl}} # {...</comment>
<model>wikitext</model>
<format>text/x-wiki</format>
<text bytes="278" xml:space="preserve">={{-gl-}}=
==Substantivo==
{{flex.gl|ms=bache|mp=baches}}
{{paroxítona|lang=gl|ba|che}}, {{g|m|lang=gl}}
# {{escopo|gl|Mamífero}} [[cabrito]]
=={{etimologia|gl}}==
: Confronte-se com ''[[beche#{{gl}}|beche]]'' e ''[[bacha#{{gl}}|bacha]]''.
[[Categoria:Substantivo (Galego)]]</text>
<sha1>mxthvp2m1ww2e042tnw9dcg03g73fts</sha1>
</revision>
