<page>
<page>
<title>bacharel</title>
<ns>0</ns>
<id>94310</id>
<revision>
<id>2614818</id>
<parentid>2483994</parentid>
<timestamp>2021-01-31T19:46:56Z</timestamp>
<contributor>
<username>Marxav</username>
<id>73271</id>
</contributor>
<minor />
<comment>AFI Portugal</comment>
<model>wikitext</model>
<format>text/x-wiki</format>
<text bytes="717" xml:space="preserve">={{-pt-}}=
==Substantivo==
{{flex.pt|ms=bacharel|mp=bacharéis|fs=bacharela|fp=bacharelas}}
{{oxítona|ba|cha|rel}}, {{gramática|m}}
# {{escopo|pt|Educação}} que terminou o ensino médio, [[liceu]] ou [[ginásio]]
# {{escopo|pt|Educação}} formado por [[faculdade]] de Direito, de Filosofia, de Ciências ou de Letras
# {{escopo|pt|Educação}} que possui bacharelado
# {{escopo|pt|Figurado}} [[tagarela]]
=={{pronúncia|pt}}==
===Portugal===
* AFI: {{AFI|/bɐ.ʃɐ.ˈɾɛɫ/}}
==Ver também==
===No Wikcionário===
{{colunas|2}}
* [[abacharelado]]
* [[abacharelar]]
* [[bacharelada]]
* [[bacharelado]]
* [[bacharelar]]
* [[bacharelato]]
* [[bacharelice]]
{{colunas/fim}}
[[Categoria:Substantivo (Português)]]</text>
<sha1>mnezmeh9182auxi34h46kmcj8b6fuid</sha1>
</revision>
