<page>
<page>
<title>bacharelava</title>
<ns>0</ns>
<id>392591</id>
<revision>
<id>2484420</id>
<parentid>2484419</parentid>
<timestamp>2018-02-11T00:19:18Z</timestamp>
<contributor>
<username>MIL973</username>
<id>41339</id>
</contributor>
<model>wikitext</model>
<format>text/x-wiki</format>
<text bytes="310" xml:space="preserve">={{-pt-}}=
==Forma verbal==
{{paroxítona|ba|cha|re|la|va}}
# primeira pessoa do singular do pretérito imperfeito do indicativo do verbo [[bacharelar]]
# terceira pessoa do singular do pretérito imperfeito do indicativo do verbo bacharelar
{{avi-for-fle|bacharelar}}
[[Categoria:Forma verbal (Português)]]</text>
<sha1>smsu8s5vn04a224k5fty8h9q64cyh47</sha1>
</revision>
