<page>
<page>
<title>bacharelássemos</title>
<ns>0</ns>
<id>392548</id>
<revision>
<id>2484133</id>
<parentid>2484132</parentid>
<timestamp>2018-02-10T00:34:04Z</timestamp>
<contributor>
<username>MIL973</username>
<id>41339</id>
</contributor>
<model>wikitext</model>
<format>text/x-wiki</format>
<text bytes="246" xml:space="preserve">={{-pt-}}=
==Forma verbal==
{{proparoxítona|ba|cha|re|lás|se|mos}}
# primeira pessoa do plural do pretérito do {{PEPB|inline=1|conjuntivo|subjuntivo}} do verbo [[bacharelar]]
{{avi-for-fle|bacharelar}}
[[Categoria:Forma verbal (Português)]]</text>
<sha1>61eh8gw90eawaukgmokeff6xspb5x59</sha1>
</revision>
