<page>
<page>
<title>bacharelarás</title>
<ns>0</ns>
<id>392577</id>
<revision>
<id>2484392</id>
<parentid>2484391</parentid>
<timestamp>2018-02-11T00:06:17Z</timestamp>
<contributor>
<username>MIL973</username>
<id>41339</id>
</contributor>
<model>wikitext</model>
<format>text/x-wiki</format>
<text bytes="246" xml:space="preserve">{{ver também|bacharelaras}}
={{-pt-}}=
==Forma verbal==
{{oxítona|ba|cha|re|la|rás}}
# segunda pessoa do singular do futuro do presente do indicativo do verbo [[bacharelar]]
{{avi-for-fle|bacharelar}}
[[Categoria:Forma verbal (Português)]]</text>
<sha1>groy3b6yjbcowr4s4fu3f468yjd3r2i</sha1>
</revision>
