<page>
<title>bacharelou</title>
<ns>0</ns>
<id>392589</id>
<revision>
<id>2484416</id>
<parentid>2484415</parentid>
<timestamp>2018-02-11T00:17:21Z</timestamp>
<contributor>
<username>MIL973</username>
<id>41339</id>
</contributor>
<model>wikitext</model>
<format>text/x-wiki</format>
<text bytes="214" xml:space="preserve">={{-pt-}}=
==Forma verbal==
{{oxítona|ba|cha|re|lou}}
# terceira pessoa do singular do pretérito perfeito do indicativo do verbo [[bacharelar]]
{{avi-for-fle|bacharelar}}
[[Categoria:Forma verbal (Português)]]</text>
<sha1>jkylg0v757q5xoxl1p8yhkpsasykqj6</sha1>
</revision>
</page>
