<page>
<title>bacharelamos</title>
<ns>0</ns>
<id>392505</id>
<revision>
<id>2484026</id>
<parentid>2484025</parentid>
<timestamp>2018-02-09T00:48:07Z</timestamp>
<contributor>
<username>MIL973</username>
<id>41339</id>
</contributor>
<model>wikitext</model>
<format>text/x-wiki</format>
<text bytes="352" xml:space="preserve">{{grafiaPtbr|bacharelámos}}
={{-pt-}}=
==Forma verbal==
{{paroxítona|ba|cha|re|la|mos}}
# primeira pessoa do plural do presente do indicativo do verbo [[bacharelar]]
# {{escopo2|Grafia brasileira}} primeira pessoa do plural do pretérito perfeito do indicativo do verbo bacharelar
{{avi-for-fle|bacharelar}}
[[Categoria:Forma verbal (Português)]]</text>
<sha1>dsbpqmw0zv5vw7mki0yl5lw1bzmrk4w</sha1>
</revision>
</page>
