<page>
<title>bacharelices</title>
<ns>0</ns>
<id>341957</id>
<revision>
<id>2484009</id>
<parentid>2305216</parentid>
<timestamp>2018-02-09T00:36:52Z</timestamp>
<contributor>
<username>MIL973</username>
<id>41339</id>
</contributor>
<model>wikitext</model>
<format>text/x-wiki</format>
<text bytes="193" xml:space="preserve">={{-pt-}}=
==Forma de substantivo==
{{paroxítona|ba|cha|re|li|ces}}, {{gramática|fp}}
# plural de [[bacharelice]]
{{avi-for-fle|bacharelice}}
[[Categoria:Forma de substantivo (Português)]]</text>
<sha1>nqoqi4lhyv1ujoyu0oltwd2ijuarq31</sha1>
</revision>
</page>
