<page>
<page>
<title>bacharelara</title>
<ns>0</ns>
<id>392582</id>
<revision>
<id>2484402</id>
<parentid>2484401</parentid>
<timestamp>2018-02-11T00:10:50Z</timestamp>
<contributor>
<username>MIL973</username>
<id>41339</id>
</contributor>
<model>wikitext</model>
<format>text/x-wiki</format>
<text bytes="354" xml:space="preserve">{{ver também|bacharelará}}
={{-pt-}}=
==Forma verbal==
{{paroxítona|ba|cha|re|la|ra}}
# primeira pessoa do singular do pretérito mais-que-perfeito do indicativo do verbo [[bacharelar]]
# terceira pessoa do singular do pretérito mais-que-perfeito do indicativo do verbo bacharelar
{{avi-for-fle|bacharelar}}
[[Categoria:Forma verbal (Português)]]</text>
<sha1>mcnh9tzbblp5uaxr6bu43n7cfzjk1ki</sha1>
</revision>
