<page>
<title>bacharelasses</title>
<ns>0</ns>
<id>392547</id>
<revision>
<id>2484131</id>
<parentid>2484130</parentid>
<timestamp>2018-02-10T00:32:19Z</timestamp>
<contributor>
<username>MIL973</username>
<id>41339</id>
</contributor>
<model>wikitext</model>
<format>text/x-wiki</format>
<text bytes="240" xml:space="preserve">={{-pt-}}=
==Forma verbal==
{{paroxítona|ba|cha|re|las|ses}}
# segunda pessoa do singular do pretérito do {{PEPB|inline=1|conjuntivo|subjuntivo}} do verbo [[bacharelar]]
{{avi-for-fle|bacharelar}}
[[Categoria:Forma verbal (Português)]]</text>
<sha1>evm1vyg26l7s3yo80zc2nfppn633y3o</sha1>
</revision>
</page>
