<page>
<page>
<title>bacharelas</title>
<ns>0</ns>
<id>328523</id>
<revision>
<id>2484016</id>
<parentid>2484003</parentid>
<timestamp>2018-02-09T00:40:34Z</timestamp>
<contributor>
<username>MIL973</username>
<id>41339</id>
</contributor>
<model>wikitext</model>
<format>text/x-wiki</format>
<text bytes="388" xml:space="preserve">={{-pt-}}=
==Forma de substantivo==
{{paroxítona|ba|cha|re|las}}, {{gramática|fp}}
# feminino plural de [[bacharel]]
{{avi-for-fle|bacharel}}
==Forma verbal==
{{paroxítona|ba|cha|re|las}}
# segunda pessoa do singular do presente do indicativo do verbo [[bacharelar]]
{{avi-for-fle|bacharelar}}
[[Categoria:Forma de substantivo (Português)]]
[[Categoria:Forma verbal (Português)]]</text>
<sha1>gx5si18roj2awc44uqflmgi6fzcbadi</sha1>
</revision>
