<page>
<title>bachquir</title>
<ns>0</ns>
<id>96768</id>
<revision>
<id>2305219</id>
<parentid>1511208</parentid>
<timestamp>2017-04-29T11:56:15Z</timestamp>
<contributor>
<username>HydrizBot</username>
<id>29590</id>
</contributor>
<minor />
<comment>Robô: A limpar links interwikis antigos</comment>
<model>wikitext</model>
<format>text/x-wiki</format>
<text bytes="6113" xml:space="preserve">={{-pt-}}=
==Adjetivo==
{{flex.pt|s=bachquir|p=bachquires|s-div=bach.{{grifar|quir}}|p-div=bach.{{grifar|qui}}.res}}
{{oxítona|bach|quir}}, {{c2g}}
# relativo aos ''bachquires'', [[povo]] [[túrquico]] que habita a [[Rússia]], principalmente na República da Bachquíria/Baskortostão/Basquíria
# {{escopo|Linguística}} relativo ao [[idioma]] [[#Substantivo|bachquir]]/[[basquir#Substantivo|basquir]]
===Tradução===
{{tradini}}
* {{trad|de|baschkirisch}}
* {{trad|ca|baixkir}}
* {{trad|cs|baškirský}}
* {{trad|es|baskir}}
* {{trad|eo|baŝkira}}
{{tradmeio}}
* {{trad|nl|Basjkiers}}
* {{trad|en|Bashkir}}
* {{trad|it|baschiro|baškiro}}
* {{trad|ro|bașchir}}
* {{trad|tt|başqort|başqort}}
{{tradfim}}
==={{-varort-}}===
* [[basquir#Adjetivo|basquir]]
==Substantivo==
{{flex.pt|s=bachquir|p=bachquires|s-div=bach.{{grifar|quir}}|p-div=bach.{{grifar|qui}}.res}}
{{oxítona|bach|quir}}, {{c2g}}
# habitante da República da [[Bachquíria]]/[[Baskortostão]]/[[Basquíria]] ([[Rússia]])
{{pularLinhas|3}}
{{flex.pt|ms=bachquir|mp=bachquires|ms-div=bach.{{grifar|quir}}|mp-div=bach.{{grifar|qui}}.res}}
{{oxítona|bach|quir}}, {{m}}
# {{cont|2}} indivíduo dos bachquires
{{pularLinhas|3}}
{{flex.pt|ms=bachquir|ms-div=bach.{{grifar|quir}}}}
{{oxítona|bach|quir}}, {{m}}, ''[[invariável]]''
# {{cont|3}} {{escopo|Linguística}} [[idioma]] [[túrquico]] falado por esse povo ([[w:ISO 639|código de língua ISO 639-3]]: '''[[bak]]''').
===Tradução===
{{tradini|De 2 (indivíduo do povo bachquir)}}
* {{trad-|ba|башҡорт|(basqort)}}
* {{trad-|bg|башкири|(bashkiri)}}
* {{trad|ca|baixkir}}
* {{trad-|zh|巴什基爾人|}}
* {{trad-|ko|바시키르인|}}
* {{trad|es|baskir|baskirio|basquir|basquirio}}
* {{trad|eo|baŝkiro}}
{{tradmeio}}
* {{trad|fi|baškiiri}}
* {{trad-|el|Μπασκίρ|(Baskír)}}
* {{trad|en|Bashkir}}
* {{trad|it|baschiro|baškiro}}
* {{trad-|ja|バシキール人|}}
* {{trad-|ru|башкир|(bashkir)}}
* {{trad-|cv|пушкăрт|(pushkărt)}}
{{tradfim}}
{{tradini|De 3 (idioma túrquico)}}
* {{trad|de|Baschkirisch}}
* {{trad|az|Başqırdca}}
* {{trad-|ba|башҡорт теле|(basqort tele)}}
* {{trad-|bg|башкирски|(bashkirski)}}
* {{trad|br|bachkireg}}
* {{trad|ca|baixkir}}
* {{trad-|kk|Башқұрт тілі|(Bashkürt tili)}}
* {{trad|cs|baškirština}}
* {{trad-|zh|巴什基尔语|}}
* {{trad-|ko|바시키르어|}}
* {{trad|da|basjkirsk}}
* {{trad|sl|baškirščina}}
* {{trad|es|baskir}}
* {{trad|eo|baŝkira}}
* {{trad|fi|baškiiri}}
* {{trad|fr|bachkir}}
* {{trad|gl|baskir}}
* {{trad-|el|Μπασκίρ|(Baskír)}}
* {{trad-|hi|बाश्किर भाषा|}}
* {{trad|nl|Basjkiers}}
* {{trad|id|Bahasa Bashkir}}
{{tradmeio}}
* {{trad|en|Bashkir}}
* {{trad|it|baschiro|baškiro}}
* {{trad-|ja|バシキール語|}}
* {{trad|lv|baškīru valoda}}
* {{trad|lt|baškirų kalba}}
* {{trad-|mk|башкирски|(bashkirski)}}
* {{trad|ms|bahasa Bashkir}}
* {{trad-|myv|Башкирэнь кель|(Baskiren' kel')}}
* {{trad|no|basjkirsk}}
* {{trad|nn|basjkirsk}}
* {{trad-|fa|زبان باشقیر|}}
* {{trad|pl|baszkirski}}
* {{trad|ro|bașchiră}}
* {{trad-|ru|башкирский|(bashkirskij)}}
* {{trad|sv|basjkirska}}
* {{trad|crh|Başqurt tili}}
* {{trad-|cv|пушкăрт|(pushkărt)}}
* {{trad-|th|ภาษาบัชคีร์|}}
* {{trad|tt|Başqortça|Başqort tele}}
* {{trad|tr|Başkurtça|Başkırtça}}
* {{trad-|uk|башкирська|(bashkirs'ka)}}
{{tradfim}}
==={{-varort-}}===
* [[basquir#Adjetivo|basquir]]
=={{pronúncia|pt}}==
===Brasil===
* [[AFI]]: {{AFI|/bɐʃ.ˈkiɾ/}}
* [[X-SAMPA]]: /b6S.&quot;ki4/
==Ver também==
===No Wikcionário===
{{verTambém.Ini}}
* [[:Categoria:Bashkir]]
{{verTambém.Fim}}
====Alfabeto bachquir====
{{verTambém.Ini}}
* '''[[А]]'''/'''[[а]]'''
* '''[[Б]]'''/'''[[б]]'''
* '''[[В]]'''/'''[[в]]'''
* '''[[Г]]'''/'''[[г]]'''
* '''[[Ғ]]'''/'''[[ғ]]'''
* '''[[Д]]'''/'''[[д]]'''
* '''[[Ҙ]]'''/'''[[ҙ]]'''
{{verTambém.NovaColuna}}
* '''[[Е]]'''/'''[[е]]'''
* '''[[Ё]]'''/'''[[ё]]'''
* '''[[Ж]]'''/'''[[ж]]'''
* '''[[З]]'''/'''[[з]]'''
* '''[[И]]'''/'''[[и]]'''
* '''[[Й]]'''/'''[[й]]'''
* '''[[К]]'''/'''[[к]]'''
{{verTambém.NovaColuna}}
* '''[[Ҡ]]'''/'''[[ҡ]]'''
* '''[[Л]]'''/'''[[л]]'''
* '''[[М]]'''/'''[[м]]'''
* '''[[Н]]'''/'''[[н]]'''
* '''[[Ң]]'''/'''[[ң]]'''
* '''[[О]]'''/'''[[о]]'''
* '''[[Ө]]'''/'''[[ө]]'''
{{verTambém.NovaColuna}}
* '''[[П]]'''/'''[[п]]'''
* '''[[Р]]'''/'''[[р]]'''
* '''[[С]]'''/'''[[с]]'''
* '''[[Ҫ]]'''/'''[[ҫ]]'''
* '''[[Т]]'''/'''[[т]]'''
* '''[[У]]'''/'''[[у]]'''
* '''[[Ү]]'''/'''[[ү]]'''
{{verTambém.NovaColuna}}
* '''[[Ф]]'''/'''[[ф]]'''
* '''[[Х]]'''/'''[[х]]'''
* '''[[Һ]]'''/'''[[һ]]'''
* '''[[Ц]]'''/'''[[ц]]'''
* '''[[Ч]]'''/'''[[ч]]'''
* '''[[Ш]]'''/'''[[ш]]'''
* '''[[Щ]]'''/'''[[щ]]'''
{{verTambém.NovaColuna}}
* '''[[Ъ]]'''/'''[[ъ]]'''
* '''[[Ы]]'''/'''[[ы]]'''
* '''[[Ь]]'''/'''[[ь]]'''
* '''[[Э]]'''/'''[[э]]'''
* '''[[Ә]]'''/'''[[ә]]'''
* '''[[Ю]]'''/'''[[ю]]'''
* '''[[Я]]'''/'''[[я]]'''
{{verTambém.Fim}}
====Línguas túrquicas====
{{verTambém.Ini}}
* [[altaico]]
* [[azerbaijano]]/[[azeri]]
* [[cacássio]]
* [[caracalpaque]]
* [[carachai-balcar]]
{{verTambém.NovaColuna}}
* [[cazaque]]
* [[chagatai]]
* [[chuvache]]/[[tchuvache]]
* [[cumano]]
* [[cumique]]
{{verTambém.NovaColuna}}
* [[gagauz]]
* [[iacute]]
* [[quirguiz]]
* [[tártaro da Crimeia]]
* [[tchuvache]]
{{verTambém.NovaColuna}}
* [[turco]]
* [[turcomeno]]
* [[tuvano]]/[[tuviniano]]/[[tuvino]]
* [[uigure]]
* [[usbeque]]/[[uzbeque]]
{{verTambém.Fim}}
===Na Wikipédia===
{{verTambém.Ini}}
* [[w:Bascortostão|Bachquíria/Bascortostão/Basquíria]]
* [[w:Línguas turcomanas|línguas turcomanas]]
{{verTambém.Fim}}
===Ligações externas===
{{verTambém.Ini}}
* [http://www.ethnologue.com/show_language.asp?code=bak Informações sobre o idioma bachquir no Ethnologue (em inglês)]
{{verTambém.Fim}}
[[Categoria:Adjetivo (Português)]]
[[Categoria:Substantivo (Português)]]
[[Categoria:Gentílico (Português)]]
[[Categoria:Língua (Português)]]</text>
<sha1>hhg1pv6z32l1j1hle45tk0905dhxjmb</sha1>
</revision>
</page>
