<page>
<page>
<title>bacharelaras</title>
<ns>0</ns>
<id>392583</id>
<revision>
<id>2484404</id>
<parentid>2484403</parentid>
<timestamp>2018-02-11T00:11:48Z</timestamp>
<contributor>
<username>MIL973</username>
<id>41339</id>
</contributor>
<model>wikitext</model>
<format>text/x-wiki</format>
<text bytes="259" xml:space="preserve">{{ver também|bacharelarás}}
={{-pt-}}=
==Forma verbal==
{{paroxítona|ba|cha|re|la|ras}}
# segunda pessoa do singular do pretérito mais-que-perfeito do indicativo do verbo [[bacharelar]]
{{avi-for-fle|bacharelar}}
[[Categoria:Forma verbal (Português)]]</text>
<sha1>mvd7slyygjuaxvlalopd6z3i9cl7v25</sha1>
</revision>
