<page>
<title>bachareles</title>
<ns>0</ns>
<id>392598</id>
<revision>
<id>2484433</id>
<parentid>2484432</parentid>
<timestamp>2018-02-11T00:26:45Z</timestamp>
<contributor>
<username>MIL973</username>
<id>41339</id>
</contributor>
<model>wikitext</model>
<format>text/x-wiki</format>
<text bytes="306" xml:space="preserve">={{-pt-}}=
==Forma verbal==
{{paroxítona|ba|cha|re|les}}
# segunda pessoa do singular do presente do {{PEPB|inline=1|conjuntivo|subjuntivo}} do verbo [[bacharelar]]
# segunda pessoa do singular do imperativo negativo do verbo bacharelar
{{avi-for-fle|bacharelar}}
[[Categoria:Forma verbal (Português)]]</text>
<sha1>qex6e0xmkyoj4ysbz5txmadrs2cdtcy</sha1>
</revision>
</page>
