<page>
<page>
<title>bachuadas</title>
<ns>0</ns>
<id>411771</id>
<revision>
<id>2549309</id>
<parentid>2549308</parentid>
<timestamp>2019-07-12T11:57:06Z</timestamp>
<contributor>
<username>Cpls</username>
<id>20608</id>
</contributor>
<model>wikitext</model>
<format>text/x-wiki</format>
<text bytes="319" xml:space="preserve">={{-gl-}}=
==Substantivo==
{{flex.gl|fs=-|fp=bachuadas}}
{{paroxítona|lang=gl|ba|chu|a|das}}, {{g|fp|lang=gl}}
# [[pulmão|pulmões]] e [[coração]] de animal eviscerado
=={{etimologia|gl}}==
: Da mesma origem que ''[[boche#{{gl}}|boche]]''.
[[Categoria:Substantivo (Galego)]]
[[Categoria:Pluralia tantum (Galego)]]</text>
<sha1>f32p3n4dmoc4wv9bmo61ez3o12gwaze</sha1>
</revision>
