<page>
<title>bacharelareis</title>
<ns>0</ns>
<id>392580</id>
<revision>
<id>2484398</id>
<parentid>2484397</parentid>
<timestamp>2018-02-11T00:09:19Z</timestamp>
<contributor>
<username>MIL973</username>
<id>41339</id>
</contributor>
<model>wikitext</model>
<format>text/x-wiki</format>
<text bytes="246" xml:space="preserve">{{ver também|bachareláreis}}
={{-pt-}}=
==Forma verbal==
{{oxítona|ba|cha|re|la|reis}}
# segunda pessoa do plural do futuro do presente do indicativo do verbo [[bacharelar]]
{{avi-for-fle|bacharelar}}
[[Categoria:Forma verbal (Português)]]</text>
<sha1>35z45uqwcnn74cyhhwoun4iye2wuuwx</sha1>
</revision>
</page>
