<page>
<page>
<title>bacharelariam</title>
<ns>0</ns>
<id>392575</id>
<revision>
<id>2484388</id>
<parentid>2484387</parentid>
<timestamp>2018-02-11T00:04:49Z</timestamp>
<contributor>
<username>MIL973</username>
<id>41339</id>
</contributor>
<model>wikitext</model>
<format>text/x-wiki</format>
<text bytes="221" xml:space="preserve">={{-pt-}}=
==Forma verbal==
{{paroxítona|ba|cha|re|la|ri|am}}
# terceira pessoa do plural do futuro do pretérito do indicativo do verbo [[bacharelar]]
{{avi-for-fle|bacharelar}}
[[Categoria:Forma verbal (Português)]]</text>
<sha1>n94oh529cbqyupqzhzcuee5vjdbvsn3</sha1>
</revision>
