<page>
<title>bacharelámos</title>
<ns>0</ns>
<id>392504</id>
<revision>
<id>2484024</id>
<parentid>2484023</parentid>
<timestamp>2018-02-09T00:47:16Z</timestamp>
<contributor>
<username>MIL973</username>
<id>41339</id>
</contributor>
<model>wikitext</model>
<format>text/x-wiki</format>
<text bytes="278" xml:space="preserve">{{grafiaPtpt|bacharelamos}}
={{-pt-}}=
==Forma verbal==
{{paroxítona|ba|cha|re|lá|mos}}
# {{escopo2|Grafia portuguesa}} primeira pessoa do plural do pretérito perfeito do indicativo do verbo [[bacharelar]]
{{avi-for-fle|bacharelar}}
[[Categoria:Forma verbal (Português)]]</text>
<sha1>roxw64af1sckwbyrvshhr3prrvcec0e</sha1>
</revision>
</page>
