<page>
<page>
<title>bacharelai</title>
<ns>0</ns>
<id>392551</id>
<revision>
<id>2484139</id>
<parentid>2484138</parentid>
<timestamp>2018-02-10T00:36:31Z</timestamp>
<contributor>
<username>MIL973</username>
<id>41339</id>
</contributor>
<model>wikitext</model>
<format>text/x-wiki</format>
<text bytes="199" xml:space="preserve">={{-pt-}}=
==Forma verbal==
{{oxítona|ba|cha|re|lai}}
# segunda pessoa do plural do imperativo afirmativo do verbo [[bacharelar]]
{{avi-for-fle|bacharelar}}
[[Categoria:Forma verbal (Português)]]</text>
<sha1>akgnbhz44l0s0vlhh9y6p8t84n0nxm7</sha1>
</revision>
