<page>
<title>bacha</title>
<ns>0</ns>
<id>411769</id>
<revision>
<id>2549307</id>
<parentid>2549305</parentid>
<timestamp>2019-07-12T11:48:31Z</timestamp>
<contributor>
<username>Cpls</username>
<id>20608</id>
</contributor>
<comment>/* {{-gl-}} */</comment>
<model>wikitext</model>
<format>text/x-wiki</format>
<text bytes="302" xml:space="preserve">={{-gl-}}=
==Substantivo==
{{flex.gl|fs=bacha|fp=bachas}}
{{paroxítona|lang=gl|ba|cha}}, {{g|f|lang=gl}}
# {{escopo|gl|Mamífero}} [[novilha]]
=={{etimologia|gl}}==
: Talvez da mesma origem que ''[[vaca#{{gl}}|vaca]]''. Confronte-se com ''[[bache#{{gl}}|bache]]''.
[[Categoria:Substantivo (Galego)]]</text>
<sha1>esga6p9735f80pv33ayf7sl71jrhymz</sha1>
</revision>
</page>
