<page>
<page>
<title>bachorno</title>
<ns>0</ns>
<id>339023</id>
<revision>
<id>1922665</id>
<timestamp>2015-04-23T17:58:13Z</timestamp>
<contributor>
<username>Cpls</username>
<id>20608</id>
</contributor>
<comment>[[Ajuda:Guia de edição/Menus e ferramentas/Sumário de edição|→]] nova página: ={{-gl-}}= ==Substantivo== {{flex.gl|ms=bachorno|mp=bachornos}} {{paroxítona|ba|chor|no|lang=gl}}, {{m}} # [...</comment>
<model>wikitext</model>
<format>text/x-wiki</format>
<text bytes="425" xml:space="preserve">={{-gl-}}=
==Substantivo==
{{flex.gl|ms=bachorno|mp=bachornos}}
{{paroxítona|ba|chor|no|lang=gl}}, {{m}}
# [[bochorno]]
# [[afrenta]] que produz vergonha
===Variantes===
{{verTambém.Ini}}
* [[bechorno#{{gl}}|bechorno]]
* [[bichorno#{{gl}}|bichorno]]
* [[bochorno#{{gl}}|bochorno]]
{{verTambém.NovaColuna}}
* [[buchorno#{{gl}}|buchorno]]
* [[mochorno#{{gl}}|mochorno]]
{{verTambém.Fim}}
[[Categoria:Substantivo (Galego)]]</text>
<sha1>habrh0at5amfn8evn8yu798itoe75rn</sha1>
</revision>
