<page>
<title>bacharelemos</title>
<ns>0</ns>
<id>392599</id>
<revision>
<id>2484435</id>
<parentid>2484434</parentid>
<timestamp>2018-02-11T00:28:21Z</timestamp>
<contributor>
<username>MIL973</username>
<id>41339</id>
</contributor>
<model>wikitext</model>
<format>text/x-wiki</format>
<text bytes="380" xml:space="preserve">={{-pt-}}=
==Forma verbal==
{{paroxítona|ba|cha|re|le|mos}}
# primeira pessoa do plural do presente do {{PEPB|inline=1|conjuntivo|subjuntivo}} do verbo [[bacharelar]]
# primeira pessoa do plural do imperativo afirmativo do verbo bacharelar
# primeira pessoa do plural do imperativo negativo do verbo bacharelar
{{avi-for-fle|bacharelar}}
[[Categoria:Forma verbal (Português)]]</text>
<sha1>lyh72n1aflugj7z7sfgvdspe7df8ego</sha1>
</revision>
</page>
