<page>
<title>bacharelarei</title>
<ns>0</ns>
<id>392576</id>
<revision>
<id>2484390</id>
<parentid>2484389</parentid>
<timestamp>2018-02-11T00:05:37Z</timestamp>
<contributor>
<username>MIL973</username>
<id>41339</id>
</contributor>
<model>wikitext</model>
<format>text/x-wiki</format>
<text bytes="216" xml:space="preserve">={{-pt-}}=
==Forma verbal==
{{oxítona|ba|cha|re|la|rei}}
# primeira pessoa do singular do futuro do presente do indicativo do verbo [[bacharelar]]
{{avi-for-fle|bacharelar}}
[[Categoria:Forma verbal (Português)]]</text>
<sha1>lgpn6eeo3nh66opu7wwfl2f83ruk7zf</sha1>
</revision>
</page>
