<page>
<title>bacharelaram</title>
<ns>0</ns>
<id>392586</id>
<revision>
<id>2484410</id>
<parentid>2484409</parentid>
<timestamp>2018-02-11T00:15:03Z</timestamp>
<contributor>
<username>MIL973</username>
<id>41339</id>
</contributor>
<model>wikitext</model>
<format>text/x-wiki</format>
<text bytes="341" xml:space="preserve">{{confundir|bacharelarão}}
={{-pt-}}=
==Forma verbal==
{{paroxítona|ba|cha|re|la|ram}}
# terceira pessoa do plural do pretérito perfeito do indicativo do verbo [[bacharelar]]
# terceira pessoa do plural do pretérito mais-que-perfeito do indicativo do verbo bacharelar
{{avi-for-fle|bacharelar}}
[[Categoria:Forma verbal (Português)]]</text>
<sha1>97vs8sfnj0swx0hywoinqz47276ijjd</sha1>
</revision>
</page>
