<page>
<page>
<title>bacharelar</title>
<ns>0</ns>
<id>392501</id>
<revision>
<id>2484013</id>
<parentid>2484012</parentid>
<timestamp>2018-02-09T00:38:35Z</timestamp>
<contributor>
<username>MIL973</username>
<id>41339</id>
</contributor>
<model>wikitext</model>
<format>text/x-wiki</format>
<text bytes="893" xml:space="preserve">={{-pt-}}=
==Verbo==
{{oxítona|ba|cha|re|lar}}
# [[dar]] o [[grau]] de [[bacharel]] a
===Sinônimo===
* [[abacharelar]]
===Conjugação===
{{conj/pt|bacharel|ar}}
==Forma verbal==
{{oxítona|ba|cha|re|lar}}
# primeira pessoa do singular do futuro do {{PEPB|inline=1|conjuntivo|subjuntivo}} do verbo bacharelar
# terceira pessoa do singular do futuro do {{PEPB|inline=1|conjuntivo|subjuntivo}} do verbo bacharelar
# infinitivo pessoal da primeira pessoa do singular do verbo bacharelar
# infinitivo pessoal da terceira pessoa do singular do verbo bacharelar
{{avi-for-fle|bacharelar}}
=={{etimologia|pt}}==
: {{escopo|Morfologia}} [[bacharel]] + [[-ar]].
==Ver também==
===No Wikcionário===
{{colunas|2}}
* [[abacharelado]]
* [[bacharelada]]
* [[bacharelado]]
* [[bacharelato]]
* [[bacharelice]]
{{colunas/fim}}
[[Categoria:Verbo (Português)]]
[[Categoria:Forma verbal (Português)]]</text>
<sha1>1edzbtulwrjtswiwc07x29wnawmgo4i</sha1>
</revision>
