<page>
<page>
<title>bachucar</title>
<ns>0</ns>
<id>348902</id>
<revision>
<id>2049230</id>
<timestamp>2015-12-19T12:13:28Z</timestamp>
<contributor>
<username>Cpls</username>
<id>20608</id>
</contributor>
<comment>[[Ajuda:Guia de edição/Menus e ferramentas/Sumário de edição|→]] nova página: ={{-gl-}}= ==Verbo== {{oxítona|ba|chu|car|lang=gl}} # [[salpicar]] com água  =={{etimologia|gl}}== : {{esco...</comment>
<model>wikitext</model>
<format>text/x-wiki</format>
<text bytes="237" xml:space="preserve">={{-gl-}}=
==Verbo==
{{oxítona|ba|chu|car|lang=gl}}
# [[salpicar]] com água
=={{etimologia|gl}}==
: {{escopo|Morfologia}} Confronte-se com ''[[bazucar#Galego|bazucar]]'' e ''[[batuchar#Galego|batuchar]]''
[[Categoria:Verbo (Galego)]]</text>
<sha1>87sl9pvcd6wje31cvkzgdulp2gfdfwz</sha1>
</revision>
