<page>
<page>
<title>bacharelassem</title>
<ns>0</ns>
<id>392550</id>
<revision>
<id>2484137</id>
<parentid>2484136</parentid>
<timestamp>2018-02-10T00:35:53Z</timestamp>
<contributor>
<username>MIL973</username>
<id>41339</id>
</contributor>
<model>wikitext</model>
<format>text/x-wiki</format>
<text bytes="239" xml:space="preserve">={{-pt-}}=
==Forma verbal==
{{paroxítona|ba|cha|re|las|sem}}
# terceira pessoa do plural do pretérito do {{PEPB|inline=1|conjuntivo|subjuntivo}} do verbo [[bacharelar]]
{{avi-for-fle|bacharelar}}
[[Categoria:Forma verbal (Português)]]</text>
<sha1>1mnzhaho73pjh2ygsg7tijhdiefhb03</sha1>
</revision>
