<page>
<page>
<title>bacharelaste</title>
<ns>0</ns>
<id>392588</id>
<revision>
<id>2484414</id>
<parentid>2484413</parentid>
<timestamp>2018-02-11T00:16:44Z</timestamp>
<contributor>
<username>MIL973</username>
<id>41339</id>
</contributor>
<model>wikitext</model>
<format>text/x-wiki</format>
<text bytes="219" xml:space="preserve">={{-pt-}}=
==Forma verbal==
{{paroxítona|ba|cha|re|las|te}}
# segunda pessoa do singular do pretérito perfeito do indicativo do verbo [[bacharelar]]
{{avi-for-fle|bacharelar}}
[[Categoria:Forma verbal (Português)]]</text>
<sha1>9k35xqfst3wsmh3k9dbw0qq33oitz4y</sha1>
</revision>
