<page>
<page>
<title>bacharelasse</title>
<ns>0</ns>
<id>392546</id>
<revision>
<id>2484129</id>
<parentid>2484128</parentid>
<timestamp>2018-02-10T00:31:37Z</timestamp>
<contributor>
<username>MIL973</username>
<id>41339</id>
</contributor>
<model>wikitext</model>
<format>text/x-wiki</format>
<text bytes="347" xml:space="preserve">={{-pt-}}=
==Forma verbal==
{{paroxítona|ba|cha|re|las|se}}
# primeira pessoa do singular do pretérito do {{PEPB|inline=1|conjuntivo|subjuntivo}} do verbo [[bacharelar]]
# terceira pessoa do singular do pretérito do {{PEPB|inline=1|conjuntivo|subjuntivo}} do verbo bacharelar
{{avi-for-fle|bacharelar}}
[[Categoria:Forma verbal (Português)]]</text>
<sha1>l5bs67vkkv4t9qm5sdaywvc4tn0jcsd</sha1>
</revision>
