<page>
<page>
<title>bacharelei</title>
<ns>0</ns>
<id>392587</id>
<revision>
<id>2484412</id>
<parentid>2484411</parentid>
<timestamp>2018-02-11T00:15:57Z</timestamp>
<contributor>
<username>MIL973</username>
<id>41339</id>
</contributor>
<model>wikitext</model>
<format>text/x-wiki</format>
<text bytes="214" xml:space="preserve">={{-pt-}}=
==Forma verbal==
{{oxítona|ba|cha|re|lei}}
# primeira pessoa do singular do pretérito perfeito do indicativo do verbo [[bacharelar]]
{{avi-for-fle|bacharelar}}
[[Categoria:Forma verbal (Português)]]</text>
<sha1>kihkdjjgsn01n7kxoep2uciqow603rj</sha1>
</revision>
