<page>
<page>
<title>bacharele</title>
<ns>0</ns>
<id>392597</id>
<revision>
<id>2484431</id>
<parentid>2484430</parentid>
<timestamp>2018-02-11T00:26:08Z</timestamp>
<contributor>
<username>MIL973</username>
<id>41339</id>
</contributor>
<model>wikitext</model>
<format>text/x-wiki</format>
<text bytes="487" xml:space="preserve">={{-pt-}}=
==Forma verbal==
{{paroxítona|ba|cha|re|le}}
# primeira pessoa do singular do presente do {{PEPB|inline=1|conjuntivo|subjuntivo}} do verbo [[bacharelar]]
# terceira pessoa do singular do presente do {{PEPB|inline=1|conjuntivo|subjuntivo}} do verbo bacharelar
# terceira pessoa do singular do imperativo afirmativo do verbo bacharelar
# terceira pessoa do singular do imperativo negativo do verbo bacharelar
{{avi-for-fle|bacharelar}}
[[Categoria:Forma verbal (Português)]]</text>
<sha1>q6ry23zrokx9nccrtz9o71zk93hrjak</sha1>
</revision>
