<page>
<title>bachareleis</title>
<ns>0</ns>
<id>392600</id>
<revision>
<id>2484438</id>
<parentid>2484437</parentid>
<timestamp>2018-02-11T00:29:11Z</timestamp>
<contributor>
<username>MIL973</username>
<id>41339</id>
</contributor>
<model>wikitext</model>
<format>text/x-wiki</format>
<text bytes="300" xml:space="preserve">={{-pt-}}=
==Forma verbal==
{{oxítona|ba|cha|re|leis}}
# segunda pessoa do plural do presente do {{PEPB|inline=1|conjuntivo|subjuntivo}} do verbo [[bacharelar]]
# segunda pessoa do plural do imperativo negativo do verbo bacharelar
{{avi-for-fle|bacharelar}}
[[Categoria:Forma verbal (Português)]]</text>
<sha1>q4o1yywta7au2ig0qp6k86x2r2e4x2m</sha1>
</revision>
</page>
