<page>
<title>bacharelares</title>
<ns>0</ns>
<id>392542</id>
<revision>
<id>2484121</id>
<parentid>2484120</parentid>
<timestamp>2018-02-10T00:27:49Z</timestamp>
<contributor>
<username>MIL973</username>
<id>41339</id>
</contributor>
<model>wikitext</model>
<format>text/x-wiki</format>
<text bytes="306" xml:space="preserve">={{-pt-}}=
==Forma verbal==
{{paroxítona|ba|cha|re|la|res}}
# segunda pessoa do singular do futuro do {{PEPB|inline=1|conjuntivo|subjuntivo}} do verbo [[bacharelar]]
# infinitivo pessoal da segunda pessoa do singular do verbo bacharelar
{{avi-for-fle|bacharelar}}
[[Categoria:Forma verbal (Português)]]</text>
<sha1>i06rr6fnwilf3c5vei7rkojkeh42r3a</sha1>
</revision>
</page>
