<page>
<title>bacinella</title>
<ns>0</ns>
<id>99173</id>
<revision>
<id>2305227</id>
<parentid>2100480</parentid>
<timestamp>2017-04-29T11:56:36Z</timestamp>
<contributor>
<username>HydrizBot</username>
<id>29590</id>
</contributor>
<minor />
<comment>Robô: A limpar links interwikis antigos</comment>
<model>wikitext</model>
<format>text/x-wiki</format>
<text bytes="1303" xml:space="preserve">[[Ficheiro:Kad.jpg|thumb|200px|'''Bacinella''']]
={{-it-}}=
==Substantivo==
{{flex.it|3=[[bacinella]]|4=bacinelle|fs-div=ba.ci.{{grifar|nel}}.la|fp-div=ba.ci.{{grifar|nel}}.le}}
'''ba.ci.{{grifar|nel}}.la''' {{f}}
# [[bacia]]:
#: ''{{l.o.|usare|Userei|it}} [[una#{{it}}|una]] '''bacinella''' {{link preto|con|it}} {{link preto|dell'}}[[acqua]].'' &lt;small&gt;([[eu|Eu]] [[usar]]ia [[uma]] bacia [[com]] [[um]] [[pouco]] {{link preto|d'água}}.)&lt;/small&gt;
===Sinónimos===
* {{link preto|catino|it}}, {{link preto|catinella|it}}
=={{pronúncia}}==
* [[AFI]]: {{AFI|/ba.ʧi.ˈnɛ.lːa/}}
* [[X-SAMPA]]: /ba.tSi.&quot;nE.l:a/
==Ver também==
===No Wikcionário===
{{verTambém.Ini}}
* {{link preto|bacino|it}}
* {{link preto|bagno|it}}
* [[lavar#{{it}}|lavar]]
{{verTambém.Fim}}
===Referências===
{{verTambém.Ini}}
* [http://dizionari.hoepli.it/cerca.aspx?idD=1&amp;query=bacinella ''bacinella'' no Dizionario Italiano (HOEPLI) (em italiano)]
* [http://www.oxfordparavia.it/cerca.php?cerca_lemma=bacinella ''bacinella'' no Dizionario Oxford-Paravia Concise Online (em inglês e italiano)]
{{verTambém.Fim}}
[[Categoria:Substantivo (Italiano)]]
[[Categoria:Polissílabo (Italiano)]]
[[Categoria:Paroxítona (Italiano)]]
[[Categoria:Utensílio de cozinha (Italiano)]]
[[Categoria:Entrada com pronúncia (Italiano)]]</text>
<sha1>4lr8wyy9wzpppyvp41s5l5bgvxs28xz</sha1>
</revision>
</page>
