<page>
<page>
<title>bacil</title>
<ns>0</ns>
<id>166905</id>
<revision>
<id>2305223</id>
<parentid>2244091</parentid>
<timestamp>2017-04-29T11:56:23Z</timestamp>
<contributor>
<username>HydrizBot</username>
<id>29590</id>
</contributor>
<minor />
<comment>Robô: A limpar links interwikis antigos</comment>
<model>wikitext</model>
<format>text/x-wiki</format>
<text bytes="258" xml:space="preserve">={{-sq-}}=
==Substantivo==
'''ba.cil'''
# [[bacilo]]
===Fraseologia===
* '''bacili i tuberkulozit'''
==Ver também==
* [[bakter]]
* [[citoplazma]]
* [[bakteriolog]]
* [[bakteriologji]]
[[Categoria:Substantivo (Albanês)]]
[[Categoria:Biologia (Albanês)]]</text>
<sha1>pxpgxmywifkbeeyskktb6lbxke56syd</sha1>
</revision>
