<page>
<page>
<title>baciforme</title>
<ns>0</ns>
<id>97045</id>
<revision>
<id>1182445</id>
<parentid>944396</parentid>
<timestamp>2011-07-08T14:28:59Z</timestamp>
<contributor>
<username>MalafayaBot</username>
<id>628</id>
</contributor>
<minor />
<comment>Robô: Substituição de texto automática (-^\=\s?Português\s?\= +={{-pt-}}= &amp; -^\=\s?\{\{pt\}\}\s?\= +={{-pt-}}=)</comment>
<model>wikitext</model>
<format>text/x-wiki</format>
<text bytes="265" xml:space="preserve">={{-pt-}}=
==Adjetivo==
{{flex.pt|s=baciforme|p=baciformes}}
{{paroxítona|ba|ci|for|me}}
# que tem forma de [[baga]]
===Sinônimo===
* [[bacáceo]]
=={{etimologia|pt}}==
: {{escopo|Morfologia}} Do latim ''baca'' + [[-forme]].
[[Categoria:Adjetivo (Português)]]</text>
<sha1>tqxja6s1ntyuv87usd4e2y1sx41duh4</sha1>
</revision>
