<page>
<page>
<title>bacia</title>
<ns>0</ns>
<id>6311</id>
<revision>
<id>2670813</id>
<parentid>2670812</parentid>
<timestamp>2022-04-05T12:47:40Z</timestamp>
<contributor>
<username>Cpls</username>
<id>20608</id>
</contributor>
<comment>/* {{-gl-}} */</comment>
<model>wikitext</model>
<format>text/x-wiki</format>
<text bytes="1467" xml:space="preserve">[[File:ANCIENT GOLD BOWL.JPG|thumb|Uma bacia.]]
={{-pt-}}=
==Substantivo==
{{flex.pt|fs=bacia|fp=bacias}}
{{paroxítona|ba|ci|a}}, {{f}}
# [[recipiente]] redondo, de bordas largas, próprio para lavagens
# salva, bandeja
# bacio de cama
# a parte inferior do tronco
# o conjunto dos riachos e ribeiros afluentes de um rio
===Expressões===
* '''[[bacia hidrográfica]]''':
===Tradução===
{{tradini}}
* {{trad|kea|basiâ}}
{{tradmeio}}
{{tradfim}}
=={{pronúncia|pt}}==
===Portugal===
* AFI: {{AFI|/bɐ.ˈsi.ɐ/}}
==Anagramas==
# [[cabia]]
# [[caiba]]
[[Categoria:Substantivo (Português)]]
[[Categoria:Entrada com imagem (Português)]]
={{-gl-}}=
{{ga-in}}
==Substantivo==
{{flex.gl|fs=bacia|fp=bacias}}
{{paroxítona|ba|ci|a|lang=gl}}, {{g|f}}
# [[vasilha]] profunda
# [[vasilha]] de [[barbeiro]]
# pequeno [[prato]] onde são recolhidas as esmolas
# [[cesto]] de madeira quadrado e de pouca profundidade
# recipiente [[retangular]] de madeira
# [[recipiente]] onde é amassado o pão; [[artesa]] para o pão
# [[manjedoura]] do porco; vasilha para dar alimento ou água para os animais
# na olaria, [[caixa]] com gradeado que serve para peneirar o [[barro]]
# [[bacia#{{pt}}|bacia]], território do qual correm, vertem, as águas para um rio
# [[baia]], enseada circular
=={{etimologia|gl}}==
: Do latim medieval {{etimo|la|baccia}}; confronte-se com ''[[bacio#{{gl}}|bacio]]''.
==Homófono==
* [[vazio#{{gl}}|vazia]]
[[Categoria:Substantivo (Galego)]]</text>
<sha1>hoyzg1p8fpi8ut715e6olj0hbr593dx</sha1>
</revision>
