<page>
<title>bacinas</title>
<ns>0</ns>
<id>386400</id>
<revision>
<id>2463704</id>
<timestamp>2017-11-28T18:58:59Z</timestamp>
<contributor>
<username>Imivorn</username>
<id>64513</id>
</contributor>
<comment>[[Ajuda:Guia de edição/Menus e ferramentas/Sumário de edição|→]] nova página: ={{-mwl-}}= ==Forma de substantivo== '''bacinas''' {{p}} #plural de '''[[bacina]]'''  Categoria:Forma de su...</comment>
<model>wikitext</model>
<format>text/x-wiki</format>
<text bytes="170" xml:space="preserve">={{-mwl-}}=
==Forma de substantivo==
'''bacinas''' {{p}}
#plural de '''[[bacina]]'''
[[Categoria:Forma de substantivo (Mirandês)]]
[[Categoria:Trissílabo (Mirandês)]]</text>
<sha1>prxtehq5kt5m48vz4h87wjb8zexscw2</sha1>
</revision>
</page>
