<page>
<title>bacina</title>
<ns>0</ns>
<id>386084</id>
<revision>
<id>2468298</id>
<parentid>2462011</parentid>
<timestamp>2017-12-08T17:55:49Z</timestamp>
<contributor>
<username>Imivorn</username>
<id>64513</id>
</contributor>
<model>wikitext</model>
<format>text/x-wiki</format>
<text bytes="293" xml:space="preserve">={{-mwl-}}=
==Substantivo==
{{flex.mwl|fs=bacina|fp=bacinas}}
{{paroxítona|ba|ci|na|língua=mwl}}, {{g|f}}
# [[vacina]]
==Ver também==
===No Wikcionário===
{{verTambém.Ini}}
* [[bacinar]]
{{verTambém.NovaColuna}}
* [[bacinaçon]]
{{verTambém.Fim}}
[[Categoria:Substantivo (Mirandês)]]</text>
<sha1>lumksmk7f5479o65h1zw7plkz7bscg5</sha1>
</revision>
</page>
