<page>
<page>
<title>bacillus</title>
<ns>0</ns>
<id>15291</id>
<revision>
<id>2305225</id>
<parentid>2059916</parentid>
<timestamp>2017-04-29T11:56:28Z</timestamp>
<contributor>
<username>HydrizBot</username>
<id>29590</id>
</contributor>
<minor />
<comment>Robô: A limpar links interwikis antigos</comment>
<model>wikitext</model>
<format>text/x-wiki</format>
<text bytes="137" xml:space="preserve">{{Wikipédia|lang=en}}
={{-en-}}=
==Substantivo==
'''bacillus''' (''plural: bacilli'')
# [[bacilo]]
[[Categoria:Substantivo (Inglês)]]</text>
<sha1>igyjsq682loy1bjzphqpwm1qv0j5yii</sha1>
</revision>
