<page>
<title>bacinar</title>
<ns>0</ns>
<id>386088</id>
<revision>
<id>2468299</id>
<parentid>2462072</parentid>
<timestamp>2017-12-08T17:56:14Z</timestamp>
<contributor>
<username>Imivorn</username>
<id>64513</id>
</contributor>
<comment>/* {{-mwl-}} */</comment>
<model>wikitext</model>
<format>text/x-wiki</format>
<text bytes="312" xml:space="preserve">={{-mwl-}}=
==Verbo==
{{oxítona|ba|ci|nar|língua=mwl}}
# [[vacinar]]
===Conjugação===
{{conj.mwl.ar|bacin}}
==Ver também==
===No Wikcionário===
{{verTambém.Ini}}
* [[bacina]]
{{verTambém.NovaColuna}}
* [[bacinaçon]]
{{verTambém.Fim}}
[[Categoria:Verbo (Mirandês)]]
[[Categoria:Medicina (Mirandês)]]</text>
<sha1>der28png68rglnlcum7st4ba7a3s4u0</sha1>
</revision>
</page>
