<page>
<page>
<title>backstage</title>
<ns>0</ns>
<id>40411</id>
<revision>
<id>2690400</id>
<parentid>2686602</parentid>
<timestamp>2022-10-26T13:19:06Z</timestamp>
<contributor>
<username>InternetArchiveBot</username>
<id>81604</id>
</contributor>
<comment>Rescuing 1 sources and tagging 0 as dead.) #IABot (v2.0.9.2</comment>
<model>wikitext</model>
<format>text/x-wiki</format>
<text bytes="718" xml:space="preserve">{{Wikipédia|lang=en}}
={{-pt-}}=
==Substantivo==
{{flex.pt|ms=backstage|mp=backstages}}
'''''backstage''''', {{gramática|m}}
# {{escopo|pt|estrangeirismo}} ver [[bastidor]], [[bastidores]]
===Nota===
* {{avisoestrangeirismo}}.
=={{etimologia|pt}}==
{{llietimo|en|backstage|pt}}
===Ligações externas===
* [https://web.archive.org/web/20180623162632/https://www.volp-acl.pt/index.php/component/fabrik/details/1/251232?Itemid= Vocabulário, Academia das Ciências de Lisboa]
[[Categoria:Substantivo (Português)]]
={{-en-}}=
==Substantivo==
'''backstage'''
# [[bastidores]]
=={{etimologia|en}}==
: {{escopo|Morfologia}} [[back]] + [[stage]].
[[Categoria:Substantivo (Inglês)]]
[[Categoria:Teatro (Inglês)]]</text>
<sha1>1hdh7e3vyw7jmmg5x0mvgalottoq45f</sha1>
</revision>
