<page>
<title>backcover</title>
<ns>0</ns>
<id>6200</id>
<revision>
<id>2305236</id>
<parentid>1416571</parentid>
<timestamp>2017-04-29T11:57:11Z</timestamp>
<contributor>
<username>HydrizBot</username>
<id>29590</id>
</contributor>
<minor />
<comment>Robô: A limpar links interwikis antigos</comment>
<model>wikitext</model>
<format>text/x-wiki</format>
<text bytes="214" xml:space="preserve">={{-en-}}=
==Substantivo==
'''backcover'''
# [[contracapa]]
==={{-varort-}}===
{{verTambém.Ini}}
* [[back cover]]
{{verTambém.NovaColuna}}
* [[back-cover]]
{{verTambém.Fim}}
[[Categoria:Substantivo (Inglês)]]</text>
<sha1>bdyzczvxesm9nurlyvq9bz89uh2doll</sha1>
</revision>
</page>
