<page>
<title>backpacker</title>
<ns>0</ns>
<id>90909</id>
<revision>
<id>2305241</id>
<parentid>2152036</parentid>
<timestamp>2017-04-29T11:57:27Z</timestamp>
<contributor>
<username>HydrizBot</username>
<id>29590</id>
</contributor>
<minor />
<comment>Robô: A limpar links interwikis antigos</comment>
<model>wikitext</model>
<format>text/x-wiki</format>
<text bytes="180" xml:space="preserve">={{-en-}}=
==Substantivo==
'''backpacker''' {{p|backpackers}}
# [[mochileiro]] ([[viajante]])
=={{etimologia|en}}==
: De [[backpack]] + [[-er]].
[[Categoria:Substantivo (Inglês)]]</text>
<sha1>gp37oth5n3ebmgy3w0yvhrdk9s5mcpl</sha1>
</revision>
</page>
