<page>
<title>backports</title>
<ns>0</ns>
<id>168709</id>
<revision>
<id>2305246</id>
<parentid>2100477</parentid>
<timestamp>2017-04-29T11:57:37Z</timestamp>
<contributor>
<username>HydrizBot</username>
<id>29590</id>
</contributor>
<minor />
<comment>Robô: A limpar links interwikis antigos</comment>
<model>wikitext</model>
<format>text/x-wiki</format>
<text bytes="133" xml:space="preserve">={{-en-}}=
==Forma verbal==
'''backports'''
#3ª pessoa do singular do verbo '''[[backport]]'''
[[Categoria:Forma verbal (Inglês)]]</text>
<sha1>mn0ezhpt5072p4035wgx736xwv9k2g9</sha1>
</revision>
</page>
