<page>
<page>
<title>backache</title>
<ns>0</ns>
<id>3086</id>
<revision>
<id>2426948</id>
<parentid>2305233</parentid>
<timestamp>2017-07-11T20:29:12Z</timestamp>
<contributor>
<username>MalafayaBot</username>
<id>628</id>
</contributor>
<minor />
<comment>Robô: Substituição de texto automática  (-\&lt;tt\&gt;(.*?)\&lt;\/tt\&gt; +&lt;code&gt;\1&lt;/code&gt;)</comment>
<model>wikitext</model>
<format>text/x-wiki</format>
<text bytes="309" xml:space="preserve">={{-en-}}=
==Substantivo==
'''backache'''
# dor nas [[costas]]
=={{pronúncia|en}}==
* [[AFI]]: /bæˈkeɪk/
* [[X-SAMPA]]: &lt;code&gt;/b{&quot;keIk/&lt;/code&gt;
==Ver também==
===No Wikcionário===
{{verTambém.Ini}}
* [[ache]]
{{verTambém.NovaColuna}}
* [[back]]
{{verTambém.Fim}}
[[Categoria:Substantivo (Inglês)]]</text>
<sha1>4fbwqvlaakqmg4x5hyithq3amu5359j</sha1>
</revision>
