<page>
<page>
<title>background</title>
<ns>0</ns>
<id>342116</id>
<revision>
<id>2454959</id>
<parentid>2454955</parentid>
<timestamp>2017-10-14T22:18:17Z</timestamp>
<contributor>
<username>ValJor</username>
<id>1358</id>
</contributor>
<minor />
<comment>Revertidas edições por [[Especial:Contribuições/André Tobias|André Tobias]] para a última versão por [[Especial:Contribuições/HydrizBot|HydrizBot]]</comment>
<model>wikitext</model>
<format>text/x-wiki</format>
<text bytes="782" xml:space="preserve">={{-en-}}=
==Adjetivo==
'''background'''
# de [[fundo]], de [[pano de fundo]], de [[plano de fundo]]
#* ''Do you like the desktop '''background''' color?'' &lt;small&gt;(Você gosta da cor de fundo da área de trabalho?)&lt;/small&gt;
# em [[pano de fundo]], em [[plano de fundo]], em [[segundo plano]]
#* ''Kill any '''background''' process.'' &lt;small&gt;(Mate qualquer processo em plano de fundo)&lt;/small&gt;
==Substantivo==
{{flex.en|s=background|p=backgrounds}}
'''background'''
# {{escopo|Interface gráfica}} [[plano de fundo]]
#* ''It's easy to change your desktop '''background'''.'' &lt;small&gt;(É fácil mudar o plano de fundo da sua área de trabalho)&lt;/small&gt;
==Ver também==
===No Wikcionário===
* [[wallpaper]]
[[Categoria:Substantivo (Inglês)]]
[[Categoria:Interface gráfica (Inglês)]]</text>
<sha1>5gyw05ai5n5wyhd0l7dh0msabgj7s3s</sha1>
</revision>
