<page>
<page>
<title>backpack</title>
<ns>0</ns>
<id>9822</id>
<revision>
<id>2305240</id>
<parentid>2194577</parentid>
<timestamp>2017-04-29T11:57:25Z</timestamp>
<contributor>
<username>HydrizBot</username>
<id>29590</id>
</contributor>
<minor />
<comment>Robô: A limpar links interwikis antigos</comment>
<model>wikitext</model>
<format>text/x-wiki</format>
<text bytes="2537" xml:space="preserve">[[Ficheiro:Tamrac_expedition3_5273_gurte_IMGP6752.jpg|thumb|175px|'''Backpack''']]
={{-en-}}=
==Substantivo==
{{flex.en|s=backpack|p=backpacks|s-div={{grifar|back}}.pack|p-div={{grifar|back}}.packs}}
'''{{grifar|back}}.pack'''
# [[mochila]]:
#* ''She carries a hefty '''backpack''' full of books.'' &lt;small&gt;(Ela carrega uma mochila pesada, cheia de livros.)&lt;/small&gt;
===Sinônimos===
* {{link preto|rucksack}}, {{escopo2|Estados Unidos}} {{link preto|knapsack}}
===Verbetes derivados===
{{verTambém.Ini}}
* {{link preto|backpackable}}
* [[backpacker]]
* {{link preto|backpacking}}
{{verTambém.Fim}}
==Verbo==
'''{{grifar|back}}.pack''', {{gramática|intran}}
# [[acampar]]
# [[fazer]] {{link preto|mochilão}}, [[realizar]] [[viagem]] {{l.o.|turístico|turística}} de [[baixo]] [[custo]]
'''{{grifar|back}}.pack''', {{gramática|vt}}
# {{cont|3}} [[carregar]] em [[mochila]]
===Conjugação===
{{conj.en.regular}}
=={{etimologia|en}}==
: {{escopo|Morfologia}} {{etimo|en|back}}, &quot;{{l.s.|costas}}&quot; + {{etimo|en|pack}}.
:* '''Datação''': [[w:1914|1914]]
=={{pronúncia|en}}==
* [[AFI]]: {{AFI|/ˈbæk.pæk/}}, {{AFI|/ˈbæk.ˌpæk/}}
* [[X-SAMPA]]: /&quot;b{k.p{k/, /&quot;b{k.%p{k/
==Ver também==
===No Wikcionário===
{{verTambém.Ini}}
* {{link preto|bookbag}}
* {{l.o.|baby carrier|baby}}/{{link preto|child carrier}}
{{verTambém.NovaColuna|25}}
* {{link preto|camp|en}}
* {{link preto|haversack}}
{{verTambém.NovaColuna|25}}
* {{link preto|hike}}
* [[parachute]]
{{verTambém.NovaColuna|25}}
* {{link preto|satchel}}
* {{link preto|travel}}
{{verTambém.Fim}}
===Referências===
{{verTambém.Ini}}
* {{#ifeq: s|n||&lt;span style=&quot;color:#555;&quot;&gt;(em inglês)&lt;/span&gt;}} “[http://dictionary.cambridge.org/dictionary/learner-english/word_1?q={{urlencode:{{PAGENAME}}}} {{PAGENAME}}]” in ''[[w:en:Cambridge_Advanced_Learner's_Dictionary|Cambridge Advanced Learner's Dictionary]]'', [[w:Cambridge_University_Press|Cambridge University Press]]. {{#if: | Consultado em {{{data}}}.}}
* {{#ifeq: s|n||&lt;span style=&quot;color:#555;&quot;&gt;(em inglês)&lt;/span&gt;}}&amp;nbsp;“[http://www.merriam-webster.com/dictionary/{{urlencode:{{PAGENAME}}}} {{PAGENAME}}]” in ''[[w:Merriam-Webster|Merriam-Webster Online Dictionary]]'', Merriam-Webster Online. {{#if: | Consultado em {{{data}}}.}}
{{verTambém.Fim}}
[[Categoria:Substantivo (Inglês)]]
[[Categoria:Dissílabo (Inglês)]]
[[Categoria:Paroxítona (Inglês)]]
[[Categoria:Educação (Inglês)]]
[[Categoria:Turismo (Inglês)]]
[[Categoria:Século XX (Inglês)]]
[[Categoria:Entrada com imagem (Inglês)]]</text>
<sha1>swu973e8yb8km51l5wjw8kmuz08dktb</sha1>
</revision>
