<page>
<title>backbreaking</title>
<ns>0</ns>
<id>377556</id>
<revision>
<id>2488947</id>
<parentid>2262218</parentid>
<timestamp>2018-03-13T18:35:17Z</timestamp>
<contributor>
<username>ValJor</username>
<id>1358</id>
</contributor>
<minor />
<comment>Corrigindo o idioma da categorização: Português --&gt; Inglês</comment>
<model>wikitext</model>
<format>text/x-wiki</format>
<text bytes="103" xml:space="preserve">={{-en-}}=
==Adjetivo==
'''backbreaking'''
# [[de quebrar as costas]]
[[Categoria:Adjetivo (Inglês)]]</text>
<sha1>6w5o3xteigrra7naj9epao8v5vcggwr</sha1>
</revision>
</page>
