<page>
<title>Backstein</title>
<ns>0</ns>
<id>233329</id>
<revision>
<id>2265036</id>
<parentid>2185022</parentid>
<timestamp>2017-04-26T14:18:34Z</timestamp>
<contributor>
<username>HydrizBot</username>
<id>29590</id>
</contributor>
<minor />
<comment>Robô: A limpar links interwikis antigos</comment>
<model>wikitext</model>
<format>text/x-wiki</format>
<text bytes="413" xml:space="preserve">={{-de-}}=
==Substantivo==
'''Back.stein'''
# [[tijolo]] (paralelepípedo de barro moldado e cozido)
===Sinônimos===
{{verTambém.Ini}}
* [[Baustein]]
{{verTambém.NovaColuna}}
* [[Ziegel]]
{{verTambém.NovaColuna}}
* [[Ziegelstein]]
{{verTambém.Fim}}
=={{etimologia|de}}==
: {{escopo|Morfologia}} [[backen]] + [[Stein]].
=={{pronúncia|de}}==
* [[AFI]]: /ˈbakʃtaɪ̯n/
[[Categoria:Substantivo (Alemão)]]</text>
<sha1>fbbt0wwt90hkmrao2ygfb948k6xoosk</sha1>
</revision>
</page>
