<page>
<page>
<title>backport</title>
<ns>0</ns>
<id>144730</id>
<revision>
<id>2305243</id>
<parentid>2041922</parentid>
<timestamp>2017-04-29T11:57:32Z</timestamp>
<contributor>
<username>HydrizBot</username>
<id>29590</id>
</contributor>
<minor />
<comment>Robô: A limpar links interwikis antigos</comment>
<model>wikitext</model>
<format>text/x-wiki</format>
<text bytes="590" xml:space="preserve">={{-en-}}=
==Verbo==
'''backport'''
#{{escopo|informática}} [[fornecer]] de forma [[retroativa]] [[correções]] ou [[recursos]] para uma versão de um [[programa de computador]] ao mesmo tempo que está sendo fornecido a mesma coisa na [[versão]] [[atual]]
#{{escopo|informática, vídeo}} [[relançamento]] de um [[programa]] em sua [[plataforma]] [[original]] ou [[anterior]] com novos [[recursos]], após já ter sido lançado em uma [[plataforma]] diferente
===Conjugação===
{{conj.en.reg|backport}}
=={{etimologia|en}}==
:De [[back]] +‎ [[port]]
[[Categoria:Verbo (Inglês)]]</text>
<sha1>nk88c1ohd2tlvjbigfcdgx8zqk2flcl</sha1>
</revision>
