<page>
<page>
<title>backslash</title>
<ns>0</ns>
<id>6602</id>
<revision>
<id>2305247</id>
<parentid>2147705</parentid>
<timestamp>2017-04-29T11:57:41Z</timestamp>
<contributor>
<username>HydrizBot</username>
<id>29590</id>
</contributor>
<minor />
<comment>Robô: A limpar links interwikis antigos</comment>
<model>wikitext</model>
<format>text/x-wiki</format>
<text bytes="83" xml:space="preserve">={{-en-}}=
==Substantivo==
# [[contrabarra]]
[[Categoria:Substantivo (Inglês)]]</text>
<sha1>cr1i4bbh1c72pm238idl7ozhhcyzhvv</sha1>
</revision>
