<page>
<title>backfire</title>
<ns>0</ns>
<id>392085</id>
<revision>
<id>2481938</id>
<timestamp>2018-02-01T13:25:06Z</timestamp>
<contributor>
<username>Askekamo</username>
<id>60711</id>
</contributor>
<comment>[[Ajuda:Guia de edição/Menus e ferramentas/Sumário de edição|→]] nova página: ={{-en-}}= ==Verbo== '''backfire''' # [[sair pela culatra]]  [[Categoria:Verbo (Inglês)]]</comment>
<model>wikitext</model>
<format>text/x-wiki</format>
<text bytes="90" xml:space="preserve">={{-en-}}=
==Verbo==
'''backfire'''
# [[sair pela culatra]]
[[Categoria:Verbo (Inglês)]]</text>
<sha1>2c6g61a8tq0oed4zavcjs20vaslyjkk</sha1>
</revision>
</page>
