<page>
<title>backup</title>
<ns>0</ns>
<id>90910</id>
<revision>
<id>2681766</id>
<parentid>2675970</parentid>
<timestamp>2022-06-26T01:11:02Z</timestamp>
<contributor>
<username>Itleda</username>
<id>86989</id>
</contributor>
<model>wikitext</model>
<format>text/x-wiki</format>
<text bytes="875" xml:space="preserve">={{-pt-}}=
==Substantivo==
{{flex.pt|ms=backup|mp=backups}}
''{{oxítona|bac|kup}}'', {{gramática|m}}
# {{escopo|pt|Estrangeirismo}} ver [[becape]]
===Nota===
* {{avisoestrangeirismo}}.
=={{etimologia|pt}}==
{{llietimo|en|backup|pt}}
[[Categoria:Substantivo (Português)]]
={{-en-}}=
==Adjetivo==
'''backup'''
# reserva, substituto
# relativo à cópia de segurança
==Substantivo==
'''backup'''
# [[reserva]], [[substituto]]
# {{escopo|en|Informática}} {{ll|becape|pt}}
# {{escopo|en|Militar}} [[reforço]], [[cobertura]]
# [[acumulação]] de [[material]] que [[causar|causa]] [[interrupção]] no [[movimento]] de algo
===Sinônimos===
De '''1''' (reserva, substituto):
* [[reserve]]
* [[stand-in]]
* [[spare]]
* [[substitute]]
De '''4''' (acumulação de material):
* [[block]]
* [[blockage]]
[[Categoria:Adjetivo (Inglês)]]
[[Categoria:Substantivo (Inglês)]]</text>
<sha1>k1j7wd3tnqmy0htkhwobnbsj1sibs32</sha1>
</revision>
</page>
