<page>
<title>backdown</title>
<ns>0</ns>
<id>199849</id>
<revision>
<id>2305237</id>
<parentid>1557150</parentid>
<timestamp>2017-04-29T11:57:13Z</timestamp>
<contributor>
<username>HydrizBot</username>
<id>29590</id>
</contributor>
<minor />
<comment>Robô: A limpar links interwikis antigos</comment>
<model>wikitext</model>
<format>text/x-wiki</format>
<text bytes="1733" xml:space="preserve">={{-en-}}=
{{ver também|back down}}
==Substantivo==
{{flex.en|backdown|backdowns|s-div={{grifar|back}}.down|p-div={{grifar|back}}.downs}}
'''{{grifar|back}}.down'''
# {{link preto|reconsideração}}:
#: ''[[however|However]], [[the#{{en}}|the]] {{link preto|campaign}} {{link preto|wage|en}}d [[by#{{en}}|by]] Aramoana [[and#{{en}}|and]] [[its]] [[supporter]]s [[eventually]] [[force]]d [[a#{{en}}|a]] [[government]] '''backdown''', {{l.o.|call into question|calling into question}} the {{link preto|economic|en}} {{link preto|viability}} [[of#{{en}}|of]] the [[project]].'' &lt;small&gt;([[no entanto|No entanto]], [[a#Artigo|a]] [[campanha]] {{l.o.|empreendido|empreendida}} [[por]] Aramoana [[e#Conjunção|e]] [[seus]] [[defensor]]es [[acabar]]am {{o/a|força|ndo|r}} [[uma]] reconsideração [[do]] {{l.s.|governo}}, {{o/a|questiona|ndo|r}} a {{link preto|viabilidade}} {{o/a|económic}} [[do]] {{l.s.|projeto}}.)&lt;/small&gt;
===Sinónimos===
* {{link preto|retraction}}, {{link preto|withdrawal}}
=={{etimologia|en}}==
:De {{etimo|en|back}} + {{etimo|en|down}}.
=={{pronúncia|en}}==
* [[AFI]]: {{AFI|/ˈbæk.ˌdaʊn/}}
* [[X-SAMPA]]: /&quot;b{k.%daUn/
==Ver também==
===No Wikcionário===
{{verTambém.Ini}}
* {{link preto|back off}}
* {{link preto|give in}}
* {{link preto|recede}}
{{verTambém.NovaColuna|33}}
* {{link preto|recoil}}
* [[relent]]
* {{link preto|retire|en}}
{{verTambém.NovaColuna|33}}
* {{link preto|retract}}
* [[retreat]]
* [[withdraw]]
{{verTambém.Fim}}
===Referências===
{{verTambém.Ini}}
* [http://machaut.uchicago.edu/?action=search&amp;resource=Webster%27s&amp;quicksearch=on&amp;word=backdown ''backdown'' no Webster's Revised Unabridged Dictionary (1913 + 1828) (The ARTFL Project) (em inglês)]
{{verTambém.Fim}}</text>
<sha1>n9h4yniiq9ny295g9ss6smyxob663nx</sha1>
</revision>
</page>
