<page>
<title>backward</title>
<ns>0</ns>
<id>90911</id>
<revision>
<id>2305250</id>
<parentid>1846152</parentid>
<timestamp>2017-04-29T11:57:55Z</timestamp>
<contributor>
<username>HydrizBot</username>
<id>29590</id>
</contributor>
<minor />
<comment>Robô: A limpar links interwikis antigos</comment>
<model>wikitext</model>
<format>text/x-wiki</format>
<text bytes="437" xml:space="preserve">={{-en-}}=
==Adjetivo==
'''backward'''
# [[para]] [[trás]]
# numa [[direção]] [[contrário|contrária]] à [[normal]]
# [[relutante]] ou [[incapaz]] de [[avançar]]
# não [[desenvolvido]]; não [[sofisticado]]
# [[antiquado]]
===Antônimo===
* [[forward]]
===Sinônimo===
* [[retrograde]]
==Advérbio==
'''backward'''
# [[para]] [[trás]]
==Anagrama==
# [[drawback]]
[[Categoria:Adjetivo (Inglês)]]
[[Categoria:Advérbio (Inglês)]]</text>
<sha1>qda6xpy7m1r5rqrq475r0eoifc7qed2</sha1>
</revision>
</page>
