<page>
<title>backyard</title>
<ns>0</ns>
<id>6201</id>
<revision>
<id>2305255</id>
<parentid>1953456</parentid>
<timestamp>2017-04-29T11:58:11Z</timestamp>
<contributor>
<username>HydrizBot</username>
<id>29590</id>
</contributor>
<minor />
<comment>Robô: A limpar links interwikis antigos</comment>
<model>wikitext</model>
<format>text/x-wiki</format>
<text bytes="232" xml:space="preserve">{{Wikipédia|lang=en}}
={{-en-}}=
==Substantivo==
'''backyard'''
# [[quintal]]
==={{-varort-}}===
{{verTambém.Ini}}
* [[back-yard]]
{{verTambém.NovaColuna}}
* [[back yard]]
{{verTambém.Fim}}
[[Categoria:Substantivo (Inglês)]]</text>
<sha1>7nzgxdl530qbrk0mulgfcgdvn46n49m</sha1>
</revision>
</page>
