<page>
<page>
<title>back</title>
<ns>0</ns>
<id>6197</id>
<revision>
<id>2680818</id>
<parentid>2680812</parentid>
<timestamp>2022-06-17T17:08:01Z</timestamp>
<contributor>
<username>Itleda</username>
<id>86989</id>
</contributor>
<model>wikitext</model>
<format>text/x-wiki</format>
<text bytes="1753" xml:space="preserve">={{-pt-}}=
==Substantivo==
'''''back''''', {{g|m}}
#  {{escopo2|entorpecente}} {{escopo|pt|estrangeirismo}} ver [[beque]]
#* ''Tora: Um '''back''' muito grande'' livro: Contos Da Amazônia, por Fábio Marcellus M. Domingues, Fábio Marcellus M. Domingues · 2016, pag: 28
#* ''fumar um '''back''''' revista Trip de dezembro de 1998
#* ''Quando percebia uma menina mais moderninha, bastava falar para ela que iríamos em casa fumar um '''back''''' livro: A ira de Nasi, por Mauro Beting, Alexandre Petillo, Mauro Beting, Alexandre Petillo · 2012
=={{etimologia|pt}}==
{{llietimo|en|back|pt}}
[[Categoria:Substantivo (Português)]]
={{-en-}}=
==Adjetivo==
'''back'''
# perto do fim
# não atual
===Verbetes derivados===
* [[backbite]]
* [[backcover]]
* [[backpedal]]
==Advérbio==
'''back'''
# perto do fim
# não atual
===Verbetes derivados===
* [[backwards]]
==Substantivo==
{{flex.en|s=back|p=backs}}
'''back'''
# [[costas]]
#* ''Does your '''back''' hurt?''&lt;ref&gt;https://tatoeba.org/en/sentences/show/8990049&lt;/ref&gt; &lt;small&gt;(Suas costas doem?)&lt;/small&gt;
# [[fim]], [[final]]
#* ''Go to the '''back''' of line.'' &lt;small&gt;(Vá para o final da fila)&lt;/small&gt;
#* ''Get in the '''back''' of line!'' &lt;small&gt;(Entra no fim da fila!)&lt;/small&gt;
# [[fundo]]
#* ''Who sat in the '''back'''?''&lt;ref&gt;https://tatoeba.org/en/sentences/show/8595997&lt;/ref&gt; &lt;small&gt;(Quem sentou nos fundos?)&lt;/small&gt;
# {{escopo|en|Desporto}} [[beque]], [[zagueiro]]
===Verbetes derivados===
* [[back-to-back]]
==Verbo==
'''back'''
# [[apoiar]]
===Conjugação===
{{conj.en|back|backs|backed|backed|backing}}
===Notas===
[[Categoria:Adjetivo (Inglês)]]
[[Categoria:Advérbio (Inglês)]]
[[Categoria:Substantivo (Inglês)]]
[[Categoria:Verbo (Inglês)]]
[[Categoria:Anatomia (Inglês)]]</text>
<sha1>7mqwgh09bj8s8p6nfljared30b0ozsv</sha1>
</revision>
