<page>
<page>
<title>baclava</title>
<ns>0</ns>
<id>438201</id>
<revision>
<id>2650900</id>
<timestamp>2021-10-25T14:54:17Z</timestamp>
<contributor>
<username>Leonardo José Raimundo</username>
<id>43489</id>
</contributor>
<comment>Eu estou criando a palavra &quot;baclava&quot;.</comment>
<model>wikitext</model>
<format>text/x-wiki</format>
<text bytes="416" xml:space="preserve">={{-pt-}}=
==Substantivo==
{{flex.pt|fs=baclava|fp=baclavas}}
{{paroxítona|ba|cla|va}}
# {{escopo|pt|Alimentação}} tipo de pastel [[elaborado]] com uma pasta de nozes [[triturado|trituradas]], [[envolvido|envolvida]] em massa filo e [[banhado|banhada]] em xarope ou mel, existindo variedades que incorporam pistache, avelãs e sementes de gergelim, papoula ou outros grãos
[[Categoria:Substantivo (Português)]]</text>
<sha1>67rzqg72nrnjo6yoz7daf5jcqyniw17</sha1>
</revision>
