<page>
<title>Baco</title>
<ns>0</ns>
<id>103951</id>
<revision>
<id>2265037</id>
<parentid>1717910</parentid>
<timestamp>2017-04-26T14:18:36Z</timestamp>
<contributor>
<username>HydrizBot</username>
<id>29590</id>
</contributor>
<minor />
<comment>Robô: A limpar links interwikis antigos</comment>
<model>wikitext</model>
<format>text/x-wiki</format>
<text bytes="300" xml:space="preserve">{{Wikipédia}}
={{-pt-}}=
==Substantivo==
{{paroxítona|Ba|co}}, {{m}}, ''prório''
# [[deus]] do [[vinho]] e da [[folia]]
==Ver também==
===No Wikcionário===
* [[evoé]]
==Anagramas==
# [[baço]]
# [[boca]]
# [[cabo]]
[[Categoria:Substantivo (Português)]]
[[Categoria:Mitologia (Português)]]</text>
<sha1>m3a0gcrral3kxx9o9vwgf17fvmjpw6v</sha1>
</revision>
</page>
