<page>
<title>bacorinha</title>
<ns>0</ns>
<id>357949</id>
<revision>
<id>2684386</id>
<parentid>2681008</parentid>
<timestamp>2022-07-23T23:34:00Z</timestamp>
<contributor>
<username>ValJor</username>
<id>1358</id>
</contributor>
<comment>Desfazendo pedido de categoria que não deve ser criada</comment>
<model>wikitext</model>
<format>text/x-wiki</format>
<text bytes="664" xml:space="preserve">={{-pt-}}=
==Substantivo==
{{flex.pt|fs=bacorinha|fp=bacorinhas}}
{{paroxítona|ba|co|ri|nha}}, {{gramática|f|s}}
# {{escopo|pt|Brasil}} chapéu alto feito de feltro duro
# {{escopo|pt|Brasil|Coloquial}} [[vagina]], [[órgão]] [[genital]] [[feminino]]
===Expressões===
* '''[[fogo na bacorinha]]''':
===Sinônimos===
* De '''2''': vide lista de sinônimos em ''[[Wikisaurus:buceta]]''.
==Ver também==
===No Wikisaurus===
* [[Wikisaurus:buceta|buceta]]
===Na Wikipédia===
{{verTambém.Ini}}
* [[w:Vagina|vagina]]
{{verTambém.NovaColuna}}
* [[w:Vulva|vulva]]
{{verTambém.Fim}}
[[Categoria:Substantivo (Português)]]
[[Categoria:Obscenidade (Português)]]</text>
<sha1>rd9xgnpq78zrvrn6eve9lxufewlau9d</sha1>
</revision>
</page>
