<page>
<page>
<title>bacoco</title>
<ns>0</ns>
<id>98648</id>
<revision>
<id>1182446</id>
<parentid>944352</parentid>
<timestamp>2011-07-08T14:29:01Z</timestamp>
<contributor>
<username>MalafayaBot</username>
<id>628</id>
</contributor>
<minor />
<comment>Robô: Substituição de texto automática (-^\=\s?Português\s?\= +={{-pt-}}= &amp; -^\=\s?\{\{pt\}\}\s?\= +={{-pt-}}=)</comment>
<model>wikitext</model>
<format>text/x-wiki</format>
<text bytes="267" xml:space="preserve">{{ver também|cacoco|bicoco|baioco|macoco|baroco|batoco}}
={{-pt-}}=
==Adjetivo==
{{flex.pt|ms=bacoco|mp=bacocos|fs=bacoca|fp=bacocas}}
{{paroxítona|ba|co|co}}
# [[indivíduo]] [[pouco]] [[atilado]]
# [[ingénuo]]
# [[pacóvio]]
[[Categoria:Adjetivo (Português)]]</text>
<sha1>0d3we2qbv5u7d53ctwxktuio2hpqbe0</sha1>
</revision>
