<page>
<page>
<title>bacondê</title>
<ns>0</ns>
<id>277562</id>
<revision>
<id>1274543</id>
<parentid>1255321</parentid>
<timestamp>2011-11-07T09:20:06Z</timestamp>
<contributor>
<username>ValJor</username>
<id>1358</id>
</contributor>
<comment>Por um [[Wikcionário:Listas de verbetes com problemas|wikcionário com saídas]]!</comment>
<model>wikitext</model>
<format>text/x-wiki</format>
<text bytes="208" xml:space="preserve">={{-pt-}}=
==Substantivo==
{{flex.pt|ms=bacondê|mp=bacondês}}
{{oxítona|ba|con|dê}}
# {{escopo|Alagoas}} [[esconde-esconde]]
[[Categoria:Substantivo (Português)]]
[[Categoria:Regionalismo (Português)]]</text>
<sha1>igxc7l3dnzlbj0yiosqqzdxc954d16a</sha1>
</revision>
