<page>
<page>
<title>bacteriêmico</title>
<ns>0</ns>
<id>106163</id>
<revision>
<id>2656859</id>
<parentid>2047631</parentid>
<timestamp>2022-01-04T03:44:25Z</timestamp>
<contributor>
<username>ValJor</username>
<id>1358</id>
</contributor>
<comment>Substituindo a [[Especial:Páginas_afluentes/Predefinição:escopoCatLang|predefinição escopoCatLang]] por escopo</comment>
<model>wikitext</model>
<format>text/x-wiki</format>
<text bytes="999" xml:space="preserve">={{-pt-}}=
==Adjetivo==
{{flex.pt|ms=bacteriêmico|mp=bacteriêmicos|fs=bacteriêmica|fp=bacteriêmicas}}
{{proparoxítona|bac|te|ri|ê|mi|co}}
# {{escopo|pt|Medicina}} pertinente a [[bacteriemia]]; afetado de bacteriemia; [[bacterêmico]]
#* ''paciente '''bacteriêmico'''''
===Expressões===
* '''[[choque bacteriêmico]]''': {{escopo2|Medicina}} condição anormal e grave causada por uma infecção bacteriana, caracterizada por insuficiência circulatória aguda e diminuição da produção de urina; choque bacterêmico, choque infeccioso, choque séptico
=={{etimologia|pt}}==
: {{escopo|Morfologia}} [[bacteriemia]] + [[-ico]].
:* Datação: [http://books.google.com.br/books?id=Fa1EAAAAYAAJ '''1950'''][[Categoria:Século XX (Português)]]
==Ver também==
===Na Wikipédia===
{{verTambém.Ini}}
* [[w:Bacteremia|Bacteremia]]
* [[w:Choque séptico|Choque séptico]]
{{verTambém.Fim}}
==Ligações externas==
* {{Infopédia}}
* {{PLP}}
* {{VOLPABL}}
[[Categoria:Adjetivo (Português)]]</text>
<sha1>gaqmy0f9qpor9wb8u9s29jl1m3mribr</sha1>
</revision>
