<page>
<page>
<title>bacteriemia</title>
<ns>0</ns>
<id>52730</id>
<revision>
<id>2599717</id>
<parentid>2305261</parentid>
<timestamp>2020-10-26T23:54:55Z</timestamp>
<contributor>
<username>ValJor</username>
<id>1358</id>
</contributor>
<comment>Verbete [[:Categoria:!Página com idioma não informado em Predefinição:etimologia|sem indicação do idioma na seção de etimologia]]</comment>
<model>wikitext</model>
<format>text/x-wiki</format>
<text bytes="1039" xml:space="preserve">{{Wikipédia|lang=pt|bacteremia}}
={{-pt-}}=
==Substantivo==
{{flex.pt|fs=bacteriemia|fp=bacteriemias}}
{{paroxítona|bac|te|ri|e|mi|a}}, {{gramática|f}}
# {{escopo|pt|Medicina}} [[presença]] de [[bactéria]]s vivas na corrente sangüínea; [[bacteremia]]
#: '''Nota''': não ocasiona necessariamente enfermidade.
=={{etimologia|pt}}==
: {{escopo|Morfologia}} [[bacteri-]] + [[-emia]].
:* Datação: '''[http://books.google.com.br/books?id=8y6hGAAACAAJ 1913]'''
::* Grafia: 1913 ''bacteriemia''
=={{pronúncia|pt}}==
===Brasil===
====Carioca====
* [[AFI]]: / {{AFI|bakteɾieˈmiɐ}} /
* [[X-SAMPA]]: / bakte4ie&quot;mi6 /
==Ver também==
===No Wikcionário===
{{verTambém.Ini}}
* [[bacilemia]]
* [[bacteriêmico]]
* [[septicemia]]
{{verTambém.Fim}}
===Na Wikipédia===
{{verTambém.Ini}}
* [[w:bactéria|bactéria]]
{{verTambém.Fim}}
==Ligações externas==
* {{Aulete}}
* {{Michaelis}}
* {{DicioAberto}}
* {{DPLP}}
* {{Infopédia}}
* {{PLP}}
* {{VOLPABL}}
[[Categoria:Substantivo (Português)]]
[[Categoria:Século XX (Português)]]</text>
<sha1>elx3v0skb3xokfit3w30ykx2q90dgq7</sha1>
</revision>
