<page>
<page>
<title>bacteriano</title>
<ns>0</ns>
<id>349833</id>
<revision>
<id>2305259</id>
<parentid>2256893</parentid>
<timestamp>2017-04-29T11:58:23Z</timestamp>
<contributor>
<username>HydrizBot</username>
<id>29590</id>
</contributor>
<minor />
<comment>Robô: A limpar links interwikis antigos</comment>
<model>wikitext</model>
<format>text/x-wiki</format>
<text bytes="500" xml:space="preserve">={{-pt-}}=
==Adjetivo==
{{flex.pt|ms=bacteriano|mp=bacterianos|fs=bacteriana|fp=bacterianas}}
{{paroxítona|bac|te|ri|a|no}}
# relativo à [[bactéria]]
#* ''Isso pode soar como uma enorme perda de oxigênio, mas ele foi amplamente espalhado, de modo que o processo '''bacteriano''' não contribuiu para uma condição de baixa oxigenação conhecida como hipoxia.'' {{OESP|2011|janeiro|07}}
[[Categoria:Adjetivo (Português)]]
[[Categoria:Biologia (Português)]]
[[Categoria:Medicina (Português)]]</text>
<sha1>nmu6zx04geh5bm4uiwkeu61aybtjb4u</sha1>
</revision>
