<page>
<title>bactéria</title>
<ns>0</ns>
<id>51435</id>
<revision>
<id>2611086</id>
<parentid>2305267</parentid>
<timestamp>2021-01-30T23:00:13Z</timestamp>
<contributor>
<username>Marxav</username>
<id>73271</id>
</contributor>
<minor />
<comment>AFI Portugal</comment>
<model>wikitext</model>
<format>text/x-wiki</format>
<text bytes="5081" xml:space="preserve">{{Wikipédia}}
[[Imagem:Cholera bacteria SEM.jpg|thumb|250px|&lt;center&gt;Bactéria do cólera&lt;/center&gt;]]
={{-pt-}}=
==Substantivo==
{{flex.pt|fs=bactéria|fp=bactérias}}
{{proparoxítona aparente|bac|té|ri|a}}, {{gramática|f}}
# {{escopo|pt|Biologia}} [[organismo]]s [[unicelular]]es pertencentes ao reino monera podendo ser encontrados na forma isolada ou em [[colônia]]s; são constituídos somente por uma [[célula]] sem um verdadeiro [[núcleo]] [[celular]] nem [[organelo]]s [[membranoso]]s
===Tradução===
{{tradini}}
* {{trad|ace|bakteri}}
* {{trad|af|bakterie}}
* {{trad|ay|jisk'a laq'u}}
* {{trad|sq|bakteret}}
* {{trad|als|bakterien}}
* {{trad|de|Bakterie}}
* {{trad|am|ባክቴሪያ}}
* {{trad|ar|بكتيريا}}
* {{trad|an|eubacteria}}
* {{trad|hy|բակտերիաներ}}
* {{trad|as|বেক্টেৰিয়া}}
* {{trad|ast|bacteria}}
* {{trad|az|bakteriyalar}}
* {{trad|nds|Bakterie}}
* {{trad|eu|bakterio}}
* {{trad|ba|бактериялар}}
* {{trad|bn|ব্যাক্টেরিয়া}}
* {{trad|be|бактэрыі}}
* {{trad|my|ဘက်တီးရီးယား}}
* {{trad|bs|bakterija}}
* {{trad|br|bakteri}}
* {{trad|bg|бактерии}}
* {{trad|kn|ಬ್ಯಾಕ್ಟೀರಿಯ}}
* {{trad|yue|細菌}}
* {{trad|kaa|bakteriya}}
* {{trad|ca|eubacteri}}
* {{trad|kk|бактериялар}}
* {{trad|ceb|bacteria}}
* {{trad|cs|bakterie}}
* {{trad|zh|细菌}}
* {{trad|si|බැක්ටීරියා}}
* {{trad|ko|세균}}
* {{trad|kw|bakteria}}
* {{trad|jam|baktiiria}}
* {{trad|hr|bakterije}}
* {{trad|ku|bakterî}}
* {{trad|da|bakterie}}
* {{trad|dv|ބެކްޓީރިޔާ}}
* {{trad|sco|bacteria}}
* {{trad|sk|baktérie}}
* {{trad|sl|bakterije}}
* {{trad|es|bacteria}}
* {{trad|eo|bakterioj}}
* {{trad|et|bakterid}}
* {{trad|fo|bakteria}}
* {{trad|fi|bakteeri}}
* {{trad|fr|bactérie}}
* {{trad|fy|baktearje}}
* {{trad|frr|bakteerien}}
* {{trad|gl|bacteria}}
* {{trad|cy|bacteria}}
* {{trad|ka|ბაქტერიები}}
* {{trad|el|βακτήριο}}
* {{trad|gn|pokokaku'i}}
* {{trad|ht|bakteri}}
* {{trad|hak|se-khiûn}}
* {{trad|he|חיידקים}}
* {{trad|hi|जीवाणु}}
* {{trad|hif|bacteria}}
* {{trad|nl|bacteriën}}
* {{trad|hu|baktériumok}}
* {{trad|sah|бактериялар}}
* {{trad|io|bakterio}}
* {{trad|yi|באקטעריע}}
* {{trad|ilo|bakteria}}
* {{trad|id|bakteri}}
* {{trad|en|bacteria}}
* {{trad|ia|bacteria}}
* {{trad|yo|baktéríà}}
* {{trad|ga|baictéar}}
{{tradmeio}}
* {{trad|is|gerlar}}
* {{trad|it|bacteria}}
* {{trad|ja|真正細菌}} (しんせいさいきん, shinseisaikin)
* {{trad|jv|baktèri}}
* {{trad|ki|bacteria}}
* {{trad|la|bacterium}}
* {{trad|lv|baktērijas}}
* {{trad|lez|бактерияр}}
* {{trad|lij|bacteria}}
* {{trad|li|bacterië}}
* {{trad|lt|bakterijos}}
* {{trad|lg|bbakitiiriya}}
* {{trad|lb|Bakterien}}
* {{trad|mk|бактерија}}
* {{trad|ml|ബാക്റ്റീരിയ}}
* {{trad|ms|bakteria}}
* {{trad|gv|bacteria}}
* {{trad|mr|जीवाणू}}
* {{trad|cdo|sá̤-kṳ̄ng}}
* {{trad|nan|sè-khún}}
* {{trad|mn|нян}}
* {{trad|nap|bacteria}}
* {{trad|roa-nor|bactéthie}}
* {{trad|nah|nemiltōpīllōtl}}
* {{trad|ne|ब्याक्टेरिया}}
* {{trad|new|ब्याक्टेरिया}}
* {{trad|no|bakterier}}
* {{trad|nn|bakterie}}
* {{trad|oc|bactèri}}
* {{trad|ps|باکټريا}}
* {{trad|fa|باکتری}}
* {{trad|pl|bakterie}}
* {{trad|pa|ਬੈਕਟੀਰੀਆ}}
* {{trad|pnb|بیکٹیریا}}
* {{trad|qu|añaki}}
* {{trad|ky|бактериялар}}
* {{trad|ro|bacterie}}
* {{trad|rw|bagiteri}}
* {{trad|rue|бактерії}}
* {{trad|ru|бактерии}}
* {{trad|sgs|bakterėjės}}
* {{trad|sa|जीवाणुः}}
* {{trad|sr|бактерија}}
* {{trad|sh|bakterija}}
* {{trad|scn|batteriu}}
* {{trad|sd|بئڪٽيريا}}
* {{trad|so|bakteriya}}
* {{trad|hsb|bakterije}}
* {{trad|ckb|بەکتریا}}
* {{trad|sw|bakteria}}
* {{trad|sv|bakterier}}
* {{trad|su|baktéri}}
* {{trad|tg|бактерияҳо}}
* {{trad|tl|bakterya}}
* {{trad|th|แบคทีเรีย}}
* {{trad|ta|பாக்டீரியா}}
* {{trad|tt|бактерияләр}}
* {{trad|cv|бактерисем}}
* {{trad|te|బాక్టీరియా}}
* {{trad|tr|bakteri}}
* {{trad|uk|бактерії}}
* {{trad|ur|بیکٹیریا}}
* {{trad|uz|bakteriyalar}}
* {{trad|wa|bactereye}}
* {{trad|vec|bateri}}
* {{trad|vi|vi khuẩn}}
* {{trad|fiu-vro|pisiläne}}
* {{trad|war|bakterya}}
* {{trad|za|sigin}}
{{tradfim}}
=={{etimologia|pt}}==
{{llietimo|grc|βακτηρία|pt|bastonete}}
=={{pronúncia|pt}}==
===Portugal===
* AFI: {{AFI|/bɐˈk.tɛ.ɾjɐ/}}
==Ver também==
===No Wikcionário===
{{verTambém.Ini}}
* [[abacteriano]]
* [[Archaea]]
* [[bacilo]]
{{verTambém.NovaColuna}}
* [[bacterial]]
* [[bacteriano]]
* [[bactericida]]
{{verTambém.NovaColuna}}
* [[bacteriemia]]
* [[coco]]
* [[Enterococcus]]
{{verTambém.NovaColuna}}
* [[espirilo]]
* [[espiroqueta]]
* [[vibrião]]
{{verTambém.Fim}}
[[Categoria:Substantivo (Português)]]
[[Categoria:Entrada com imagem (Português)]]</text>
<sha1>b27hu049k8cd8tdpwvns42af3so9r5x</sha1>
</revision>
</page>
