<page>
<title>bactericida</title>
<ns>0</ns>
<id>65971</id>
<revision>
<id>2305260</id>
<parentid>2101721</parentid>
<timestamp>2017-04-29T11:58:25Z</timestamp>
<contributor>
<username>HydrizBot</username>
<id>29590</id>
</contributor>
<minor />
<comment>Robô: A limpar links interwikis antigos</comment>
<model>wikitext</model>
<format>text/x-wiki</format>
<text bytes="179" xml:space="preserve">={{-pt-}}=
==Adjetivo==
{{flex.pt|s=bactericida|p=bactericidas}}
{{paroxítona|bac|te|ri|ci|da}}
# que [[destruir|destrói]] as [[bactéria]]s
[[Categoria:Adjetivo (Português)]]</text>
<sha1>a6urol7jkhtzgwp7wm6x7ut8gs45h8a</sha1>
</revision>
</page>
