<page>
<title>bacteriófago</title>
<ns>0</ns>
<id>346175</id>
<revision>
<id>2305266</id>
<parentid>2032121</parentid>
<timestamp>2017-04-29T11:58:41Z</timestamp>
<contributor>
<username>HydrizBot</username>
<id>29590</id>
</contributor>
<minor />
<comment>Robô: A limpar links interwikis antigos</comment>
<model>wikitext</model>
<format>text/x-wiki</format>
<text bytes="328" xml:space="preserve">={{-pt-}}=
==Substantivo==
{{flex.pt|ms=bacteriófago|mp=bacteriófagos}}
{{proparoxítona|bac|te|ri|ó|fa|go}}, {{m}}
# [[organismo]] que [[destruir|destrói]] as [[bactéria]]s
=={{etimologia|pt}}==
: {{escopo|Morfologia}} [[bacterio-]] + [[-fago]].
[[Categoria:Substantivo (Português)]]
[[Categoria:Biologia (Português)]]</text>
<sha1>nayh6oslp9pazw6n7ouqlhlyyfp7l8z</sha1>
</revision>
</page>
