<page>
<title>bacterium</title>
<ns>0</ns>
<id>15292</id>
<revision>
<id>2305265</id>
<parentid>2051794</parentid>
<timestamp>2017-04-29T11:58:38Z</timestamp>
<contributor>
<username>HydrizBot</username>
<id>29590</id>
</contributor>
<minor />
<comment>Robô: A limpar links interwikis antigos</comment>
<model>wikitext</model>
<format>text/x-wiki</format>
<text bytes="120" xml:space="preserve">={{-en-}}=
==Substantivo==
'''bacterium''' (''plural: bacteria'')
:# [[Bactéria]].
[[Categoria:Substantivo (Inglês)]]</text>
<sha1>7b9g7o2mzhi7gnc71gmbnn0oiz3ftjz</sha1>
</revision>
</page>
