<page>
<page>
<title>bacterêmico</title>
<ns>0</ns>
<id>106169</id>
<revision>
<id>2599860</id>
<parentid>1562416</parentid>
<timestamp>2020-10-28T10:09:31Z</timestamp>
<contributor>
<username>ValJor</username>
<id>1358</id>
</contributor>
<comment>Verbete [[:Categoria:!Página com idioma não informado em Predefinição:etimologia|sem indicação do idioma na seção de etimologia]]</comment>
<model>wikitext</model>
<format>text/x-wiki</format>
<text bytes="507" xml:space="preserve">={{-pt-}}=
==Adjetivo==
{{flex.pt|ms=bacterêmico|mp=bacterêmicos|fs=bacterêmica|fp=bacterêmicas}}
{{proparoxítona|bac|te|rê|mi|co}}
# {{escopo|pt|Medicina}} o mesmo que '''[[bacteriêmico]]'''
===Expressões===
* '''[[choque bacterêmico]]''' {{escopo2|Medicina}} o mesmo que '''[[bacteriêmico#Locuções|choque bacteriêmico]]'''
==Ver também==
===No Wikcionário===
{{verTambém.Ini}}
* [[bacteremia]]
{{verTambém.Fim}}
[[Categoria:Adjetivo (Português)]]
[[Categoria:Século XX (Português)]]</text>
<sha1>exem1vh7phwfv0r1ohp2j81vloedkdd</sha1>
</revision>
