<page>
<title>Bactra</title>
<ns>0</ns>
<id>95601</id>
<revision>
<id>2265038</id>
<parentid>1964010</parentid>
<timestamp>2017-04-26T14:18:38Z</timestamp>
<contributor>
<username>HydrizBot</username>
<id>29590</id>
</contributor>
<minor />
<comment>Robô: A limpar links interwikis antigos</comment>
<model>wikitext</model>
<format>text/x-wiki</format>
<text bytes="511" xml:space="preserve">={{-pt-}}=
'''Bactra || Bac.tra ||'''      
==Substantivo[[Categoria:Substantivo (Português)]]==  
# [[Bactro]] [[é]] [[um]] [[afluente]] [[do]] [[Oxo]] [[que]] [[passa]] [[por]] '''Bactra''' [[na]] [[Bactriana]]
#* ''Báctria ou Bactriana || [[w:Bactriana|Wikipédia]] ||''
#* ''Os Báctrios são os povos da Bactriana, país da Ásia Central''
{{camonismo|
*** '''1 ocorrências n'Os Lusíadas'''
* [[Nilo]] [[e]] [[do]] '''Bactra''' [[cítico|Cítico]] [[e]] [[robusto]]    -   Os Lusíadas   II-53-6
}}</text>
<sha1>1e3o1s220oyqj9tdgecjwzx8qbwl8k9</sha1>
</revision>
</page>
