<page>
<title>bacteriofago</title>
<ns>0</ns>
<id>318923</id>
<revision>
<id>2305262</id>
<parentid>2033973</parentid>
<timestamp>2017-04-29T11:58:28Z</timestamp>
<contributor>
<username>HydrizBot</username>
<id>29590</id>
</contributor>
<minor />
<comment>Robô: A limpar links interwikis antigos</comment>
<model>wikitext</model>
<format>text/x-wiki</format>
<text bytes="258" xml:space="preserve">={{-it-}}=
==Adjetivo==
'''bacteriofago'''
# [[bacteriófago]]
=={{etimologia|it}}==
: {{escopo|Morfologia}} [[bacterio]] + [[-fago]].
==Ver também==
===No Wikcionário===
* [[batterio]]
[[Categoria:Adjetivo (Italiano)]]
[[Categoria:Biologia (Italiano)]]</text>
<sha1>tqza6hku50v4o45hxdho1h478j1l4k4</sha1>
</revision>
</page>
