<page>
<page>
<title>bacteriologia</title>
<ns>0</ns>
<id>123558</id>
<revision>
<id>2305263</id>
<parentid>2200244</parentid>
<timestamp>2017-04-29T11:58:32Z</timestamp>
<contributor>
<username>HydrizBot</username>
<id>29590</id>
</contributor>
<minor />
<comment>Robô: A limpar links interwikis antigos</comment>
<model>wikitext</model>
<format>text/x-wiki</format>
<text bytes="1232" xml:space="preserve">{{Wikipédia}}
={{-pt-}}=
==Substantivo==
{{flex.pt|fs=bacteriologia|fp=bacteriologias}}
{{paroxítona|bac|te|ri|o|lo|gi|a}}, {{g|f}}
# [[ciência]] que estuda a [[morfologia]], [[ecologia]], [[genética]] e [[bioquímica]] das [[bactéria]]s
===Tradução===
{{tradini}}
* {{trad|sq|bakteriologji}}
* {{trad|de|Bakteriologie}}
* {{trad|hy|մանրէաբանություն}} (manrēabanut’yun)
* {{trad|hr|bakteriologija}} ''f''
* {{trad|es|bacteriología}} ''f''
* {{trad|fr|bactériologie}}
* {{trad|el|βακτηριολογία}}
{{tradmeio}}
* {{trad|nl|bacteriologie}} ''f''
* {{trad|en|bacteriology}}
* {{trad|it|bacteriologia|batteriologia}}
* {{trad|ja|細菌学}} (さいきんがく, saikingaku)
* {{trad|pl|bakteriologia}}
* {{trad|ro|bacteriologie}} ''f''
* {{trad|ru|бактериология}}
{{tradfim}}
=={{etimologia|pt}}==
:{{escopo|Morfologia}} [[bacterio-]] + [[-logia]].
==Ver também==
===No Wikcionário===
* [[biologia]]
[[Categoria:Substantivo (Português)]]
[[Categoria:Ciência (Português)]]
={{-it-}}=
==Substantivo==
'''bacteriologia'''
# [[bacteriologia#Português|bacteriologia]]
===Forma alternativa===
* [[batteriologia]]
[[Categoria:Substantivo (Italiano)]]
[[Categoria:Ciência (Italiano)]]</text>
<sha1>k78awn6znyodmhb8d73pjloaivqhyae</sha1>
</revision>
