<page>
<page>
<title>bacuro</title>
<ns>0</ns>
<id>126851</id>
<revision>
<id>2197631</id>
<parentid>1205495</parentid>
<timestamp>2016-11-14T16:25:28Z</timestamp>
<contributor>
<username>Cpls</username>
<id>20608</id>
</contributor>
<model>wikitext</model>
<format>text/x-wiki</format>
<text bytes="587" xml:space="preserve">={{-pt-}}=
==Substantivo==
{{flex.gl|ms=bacuro|mp=bacuros}}
{{paroxítona|ba|cu|ro}} {{g|m}}
# {{escopo2|folclórico}} [[filho]] ou [[protetor]] no culto dos [[negro]]s [[banto]]s.
[[Categoria:Substantivo (Português)]]
[[Categoria:Folclore (Português)]]
={{-gl-}}=
==Substantivo==
{{flex.gl|ms=bacuro|mp=bacuros|fs=bacura|fp=bacuras}}
{{paroxítona|ba|cu|ro|lang=gl}}
# [[bácoro]], porco pequeno
===Sinónimos===
* [[bácuro#{{gl}}|bácuro]], [[bacuxo#{{gl}}|bacuxo]]
=={{etimologia|gl}}==
: Da mesma origem que ''[[bácoro#{{gl}}|bácoro]]''.
[[Categoria:Substantivo (Galego)]]</text>
<sha1>4tro724smkrfsi3t1qng3x5murdim72</sha1>
</revision>
