<page>
<page>
<title>bacurau</title>
<ns>0</ns>
<id>74140</id>
<revision>
<id>2546345</id>
<parentid>2546344</parentid>
<timestamp>2019-06-11T23:18:07Z</timestamp>
<contributor>
<username>ValJor</username>
<id>1358</id>
</contributor>
<minor />
<comment>Revertidas edições por [[Especial:Contribuições/186.205.22.78|186.205.22.78]] para a última versão por [[Especial:Contribuições/2804:1B0:F384:D8F4:6497:54B1:79F6:24D5|2804:1B0:F384:D8F4:6497:54B1:79F6:24D5]]</comment>
<model>wikitext</model>
<format>text/x-wiki</format>
<text bytes="584" xml:space="preserve">{{ver também|bucurau}}
={{-pt-}}=
==Substantivo==
{{flex.pt|ms=bacurau|mp=bacuraus}}
{{oxítona|ba|cu|rau}}, ''termo brasileiro''
# [[ave]] de [[hábito]] [[noturno]] da [[família]] dos ''Caprimulgídeos''; também conhecida como curiango
# [[indivíduo]] que só costuma sair à [[noite]]
# [[ônibus]] que trafega na [[madrugada]] e antes da primeira viagem do dia
===Tradução===
{{tradini|De 1 (ave noturna)}}
* {{trad|hu|lappantyú}}
{{tradmeio}}
{{tradfim}}
=={{etimologia|pt}}==
: Do tupi ''waku.rawa''.
[[Categoria:Substantivo (Português)]]
[[Categoria:Brasileirismo]]</text>
<sha1>m513k6tgkbmwfs41h8jb648ncpbdj29</sha1>
</revision>
