<page>
<title>bacuri</title>
<ns>0</ns>
<id>1941</id>
<revision>
<id>2598346</id>
<parentid>2041824</parentid>
<timestamp>2020-10-10T20:26:11Z</timestamp>
<contributor>
<username>ValJor</username>
<id>1358</id>
</contributor>
<comment>Substituindo a predefinição escopoCatLang por escopo</comment>
<model>wikitext</model>
<format>text/x-wiki</format>
<text bytes="830" xml:space="preserve">{{Wikipédia}}
={{-pt-}}=
==Substantivo==
{{flex.pt|ms=bacuri|ms-div=ba.cu.&lt;u&gt;ri&lt;/u&gt;|mp=bacuris|mp-div=ba.cu.&lt;u&gt;ris&lt;/u&gt;}}
{{oxítona|ba|cu|ri}}, {{gramática|m}}
# {{escopo|pt|Botânica}} [[fruto]] [[obtido]] [[do]] [[bacurizeiro]]
# {{escopo|pt|Brasil|popular}} o mesmo que [[menino]]
# {{escopo|pt|Brasil|popular}} [[filhote]] de [[porco]]
===Sinônimos===
De '''1''' (botânica):
{{dividir em colunas|1}}
* [[acuri]]
{{dividir em colunas.fim}}
De '''2''' (menino):
{{dividir em colunas|3}}
* [[criança]]
* [[garoto]]
* [[guri]]
{{dividir em colunas.fim}}
==Ver também==
===No Wikcionário===
{{dividir em colunas|2}}
* [[bacurizeiro]]
* [[menino]]
{{dividir em colunas.fim}}
==Ligações externas==
* {{Aulete}}
* {{Michaelis}}
* {{DicioAberto}}
* {{DPLP}}
* {{PLP}}
* {{VOLPABL}}
[[Categoria:Substantivo (Português)]]</text>
<sha1>20og3np1jq4jadwbg2aqkzxd7xbmp1g</sha1>
</revision>
</page>
