<page>
<title>bacua</title>
<ns>0</ns>
<id>375883</id>
<revision>
<id>2251712</id>
<timestamp>2017-03-12T10:37:30Z</timestamp>
<contributor>
<username>Cpls</username>
<id>20608</id>
</contributor>
<comment>[[Ajuda:Guia de edição/Menus e ferramentas/Sumário de edição|→]] nova página: ={{-gl-}}= ==Adjetivo== {{flex.gl|s=bacua|p=bacuas}} {{paroxítona|ba|cu|a|lang=gl}}, {{g|c2g|lang=gl}} # s...</comment>
<model>wikitext</model>
<format>text/x-wiki</format>
<text bytes="375" xml:space="preserve">={{-gl-}}=
==Adjetivo==
{{flex.gl|s=bacua|p=bacuas}}
{{paroxítona|ba|cu|a|lang=gl}}, {{g|c2g|lang=gl}}
# [[soez]], desprezível
===Sinónimos===
* [[bafua#{{gl}}|bafua]], [[cafua#{{gl}}|cafua]], [[gafua#{{gl}}|gafua]], [[mafua#{{gl}}|mafua]]
=={{etimologia|gl}}==
: Confronte-se com ''[[vacua#{{gl}}|vacua]]'' e ''[[vácuo#{{gl}}|vácua]].
[[Categoria:Adjetivo (Galego)]]</text>
<sha1>d0mpqkck6uhuj7lb2jy5xjwy6n6k9ln</sha1>
</revision>
</page>
