<page>
<title>Bacurituba</title>
<ns>0</ns>
<id>144932</id>
<revision>
<id>2265042</id>
<parentid>1196527</parentid>
<timestamp>2017-04-26T14:18:46Z</timestamp>
<contributor>
<username>HydrizBot</username>
<id>29590</id>
</contributor>
<minor />
<comment>Robô: A limpar links interwikis antigos</comment>
<model>wikitext</model>
<format>text/x-wiki</format>
<text bytes="256" xml:space="preserve">={{-pt-}}=
{{Wikipédia}}
==Substantivo==
'''Bacurituba''' {{pr}}
#[[município]] [[brasileiro]] do [[estado]] do [[Maranhão]]
==Ver também==
*[[Apêndice:Municípios do estado do Maranhão]]
[[Categoria:Município do estado do Maranhão (Português)]]</text>
<sha1>r3wv6i0pj96bnjsgr8x6i9fb73cb4gy</sha1>
</revision>
</page>
