<page>
<title>baculejo</title>
<ns>0</ns>
<id>394603</id>
<revision>
<id>2494588</id>
<parentid>2494585</parentid>
<timestamp>2018-04-06T20:26:09Z</timestamp>
<contributor>
<username>Askekamo</username>
<id>60711</id>
</contributor>
<model>wikitext</model>
<format>text/x-wiki</format>
<text bytes="575" xml:space="preserve">={{-pt-}}=
==Substantivo==
{{flex.pt|ms=baculejo|mp=baculejos}}
{{paroxítona|ba|cu|le|jo}}, {{gramática|m}}
# [[exame]] [[minucioso]] normalmente feito por [[agente]] de [[órgão]]s ou [[força]]s de [[segurança]] [[pública]] do [[Estado]] com [[prerrogativa]] para tal que consiste em apalpar, buscando [[sentir]] por meio do [[tato]] [[sobre]] a roupa no corpo de outra pessoa a presença de algo que possa ser [[ilegal]], proibido pela lei ou [[produto]] de ilícito em sua [[posse]]
===Sinônimos===
* De '''1''': [[revista]]
[[Categoria:Substantivo (Português)]]</text>
<sha1>kfgpnkng6oxfalx9r33dp9w6zrnmi28</sha1>
</revision>
</page>
