<page>
<title>Bacu</title>
<ns>0</ns>
<id>221917</id>
<revision>
<id>2265040</id>
<parentid>1554214</parentid>
<timestamp>2017-04-26T14:18:43Z</timestamp>
<contributor>
<username>HydrizBot</username>
<id>29590</id>
</contributor>
<minor />
<comment>Robô: A limpar links interwikis antigos</comment>
<model>wikitext</model>
<format>text/x-wiki</format>
<text bytes="343" xml:space="preserve">={{-pt-}}=
==Substantivo==
'''Ba.cu''', {{pr}}
# {{escopo|Geografia}} cidade e capital do [[Azerbaijão]].
===Sinónimos===
* [[Baku]]
==Ver também==
===No Wikcionário===
{{verTambém.Ini}}
* [[Azerbaijão]]
{{verTambém.Fim}}
[[Categoria:Substantivo (Português)]]
[[Categoria:Dissílabo (Português)]]
[[Categoria:Capital (Português)]]</text>
<sha1>9qb8u7y7o26bl7sqyuwid16280pcz1w</sha1>
</revision>
</page>
