<page>
<page>
<title>bacurinha</title>
<ns>0</ns>
<id>275834</id>
<revision>
<id>2680056</id>
<parentid>2680055</parentid>
<timestamp>2022-06-13T09:14:34Z</timestamp>
<contributor>
<username>Cpls</username>
<id>20608</id>
</contributor>
<comment>/* {{-pt-}} */</comment>
<model>wikitext</model>
<format>text/x-wiki</format>
<text bytes="626" xml:space="preserve">={{-pt-}}=
==Substantivo==
{{flex.pt|fs=bacurinha|fp=bacurinhas}}
{{paroxítona|ba|cu|ri|nha}}, {{gramática|f|s}}
# {{escopo|pt|Brasil|Chulo}} [[vagina]], [[órgão]] [[genital]] [[feminino]]
# tambor de repique
# porca, feminino de [[bacorim]]
===Expressões===
* '''[[fogo na bacurinha]]''':
===Sinônimos===
* De '''1''' (vagina): vide lista de sinônimos em ''[[Wikisaurus:buceta]]''.
==Ver também==
===No Wikisaurus===
* [[Wikisaurus:buceta|buceta]]
===Na Wikipédia===
{{verTambém.Ini}}
* [[w:Vagina|vagina]]
{{verTambém.NovaColuna}}
* [[w:Vulva|vulva]]
{{verTambém.Fim}}
[[Categoria:Substantivo (Português)]]</text>
<sha1>9lsogp96nd1jsz9xcqn6l4bij130gga</sha1>
</revision>
