<page>
<title>Bacuri</title>
<ns>0</ns>
<id>144931</id>
<revision>
<id>2265041</id>
<parentid>1196526</parentid>
<timestamp>2017-04-26T14:18:44Z</timestamp>
<contributor>
<username>HydrizBot</username>
<id>29590</id>
</contributor>
<minor />
<comment>Robô: A limpar links interwikis antigos</comment>
<model>wikitext</model>
<format>text/x-wiki</format>
<text bytes="252" xml:space="preserve">={{-pt-}}=
{{Wikipédia}}
==Substantivo==
'''Bacuri''' {{pr}}
#[[município]] [[brasileiro]] do [[estado]] do [[Maranhão]]
==Ver também==
*[[Apêndice:Municípios do estado do Maranhão]]
[[Categoria:Município do estado do Maranhão (Português)]]</text>
<sha1>q8pjcv5i1hritwkbd812qplb6d1pxez</sha1>
</revision>
</page>
