<page>
<page>
<title>bad</title>
<ns>0</ns>
<id>6202</id>
<revision>
<id>2305271</id>
<parentid>2201048</parentid>
<timestamp>2017-04-29T11:59:00Z</timestamp>
<contributor>
<username>HydrizBot</username>
<id>29590</id>
</contributor>
<minor />
<comment>Robô: A limpar links interwikis antigos</comment>
<model>wikitext</model>
<format>text/x-wiki</format>
<text bytes="1315" xml:space="preserve">={{-nl-}}=
==Substantivo==
'''bad''', {{n}} {{p|baden}}
# [[banho]]
==Forma verbal==
'''bad'''
# singular do pretérito indicativo de '''[[bidden]]'''
{{avi-for-fle|bidden}}
=={{pronúncia|nl}}==
* [[AFI]]: /bɑt/
* {{audio|Nl-bad.ogg|lang=nl|Áudio}}
==Ver também==
===No Wikcionário===
* [[Apêndice:As mil palavras mais usadas no idioma holandês|As mil palavras mais usadas no idioma holandês]]
[[Categoria:Substantivo (Holandês)]]
[[Categoria:Forma verbal (Holandês)]]
={{-en-}}=
==Adjetivo==
{{flex.en.adj|bad|worse|worst}}
'''bad'''
# [[mau]]
# [[ruim]]
===Verbetes derivados===
* [[badness]]
==Substantivo==
{{flex.en|s=bad|=-}}
'''bad''', {{gramática|inc|lang=en}}
# {{escopo|gíria}} [[erro]] ou [[confusão]] cometidos pelo interlocutor
#* &quot;''That was my '''bad''', man.''&quot; &lt;small&gt;Aquilo foi meu erro, colega&lt;/small&gt;
[[Categoria:Adjetivo (Inglês)]]
[[Categoria:Substantivo (Inglês)]]
={{-no-}}=
==Substantivo==
'''bad''', ''neutro''
# [[banho]].
#: ''Hun tar seg et '''bad'''.'' &lt;small&gt;(Ela está tomando um banho)&lt;/small&gt;
===Declinação===
{{decl.no.subst.neu.1|bad|}}
===Expressões===
* '''å [[ta seg et bad]]''' {{escopoClasseMorfo|expressão}}: [[tomar um banho]]
=={{etimologia|no}}==
: Do Nórdico Antigo, ''[[bað#{{non}}|bað]]''.
[[Categoria:Substantivo (Norueguês)]]</text>
<sha1>cypr2popl8ed4j4imzx8u7bk970ndxg</sha1>
</revision>
