<page>
<title>Bad</title>
<ns>0</ns>
<id>19348</id>
<revision>
<id>2265043</id>
<parentid>2050039</parentid>
<timestamp>2017-04-26T14:18:52Z</timestamp>
<contributor>
<username>HydrizBot</username>
<id>29590</id>
</contributor>
<minor />
<comment>Robô: A limpar links interwikis antigos</comment>
<model>wikitext</model>
<format>text/x-wiki</format>
<text bytes="321" xml:space="preserve">{{ver também|bad}}
={{-de-}}=
==Substantivo==
'''Bad''', ''neutro''
# [[banho]]
# [[banheiro]]
# [[balneário]]
===Declinação===
{{decl.de.subst.forte.neu.date|ns=Bad|np=Bäder|gs=Bad(e)s}}
=={{pronúncia|de}}==
*[[AFI]]: [bat]
* {{audio|lang=de|De-at-Bad.ogg|Áudio (Áustria)}}
[[Categoria:Substantivo (Alemão)]]</text>
<sha1>rn4nzeujj4so7b89nlvpeuyoypv7ev8</sha1>
</revision>
</page>
