<page>
<page>
<title>badana</title>
<ns>0</ns>
<id>128264</id>
<revision>
<id>2642869</id>
<parentid>2621842</parentid>
<timestamp>2021-07-17T14:55:49Z</timestamp>
<contributor>
<username>Amigo7</username>
<id>58547</id>
</contributor>
<minor />
<comment>Resolvendo problemas de lint</comment>
<model>wikitext</model>
<format>text/x-wiki</format>
<text bytes="875" xml:space="preserve">={{-pt-}}=
==Substantivo&lt;sup&gt;1&lt;/sup&gt;==
{{paroxítona|ba|da|na}}, {{gramática|f}}
# [[ovelha]] [[velho|velha]], [[magro|magra]] e [[estéril]]
# [[carne]] de ovelha velha
# pele macia e lavrada que se põe por cima do [[coxonilho]]
# pele [[pendente]] por efeito da magreza
==Substantivo&lt;sup&gt;2&lt;/sup&gt;==
{{paroxítona|ba|da|na}}, {{gramática|m}}
# [[pacóvio]]
# homem [[insignificante]]
# [[homúnculo]]
=={{etimologia|pt}}==
: Derivado do {{etm|ar|pt}} [[بطانة]] (biṭāna), (“‘interior, conteúdo, revestimento’”).
=={{pronúncia|pt}}==
===Portugal===
* AFI: {{AFI|/bɐ.ˈdɐ.nɐ/}}
[[Categoria:Substantivo (Português)]]
={{-es-}}=
==Substantivo==
'''badana'''
# [[couro]] de [[ovelha]]
=={{etimologia|es}}==
: Derivado do {{etm|ar|es}} [[بطانة]] (biṭāna), (“‘interior, conteúdo, revestimento’”).
[[Categoria:Substantivo (Espanhol)]]</text>
<sha1>8sm2zeox691lhxgdckrk9vxpij3dhyp</sha1>
</revision>
