<page>
<title>badal</title>
<ns>0</ns>
<id>338614</id>
<revision>
<id>2305280</id>
<parentid>1913329</parentid>
<timestamp>2017-04-29T11:59:22Z</timestamp>
<contributor>
<username>HydrizBot</username>
<id>29590</id>
</contributor>
<minor />
<comment>Robô: A limpar links interwikis antigos</comment>
<model>wikitext</model>
<format>text/x-wiki</format>
<text bytes="337" xml:space="preserve">={{-gl-}}=
==Substantivo==
{{flex.gl|ms=badal|mp=badais}}
{{paroxítona|ba|dal|lang=gl}}, {{m}}
# [[badalo#Português|badalo]] dos [[sino]]s
===Variantes===
{{verTambém.Ini}}
* [[badalo#Galego|badalo]]
* [[badalho#Galego|badalho]]
{{verTambém.NovaColuna}}
* [[batel#Galego|batel]]
{{verTambém.Fim}}
[[Categoria:Substantivo (Galego)]]</text>
<sha1>im8ckywhsa7esj7n9xd2ltl7tjcqxh5</sha1>
</revision>
</page>
