<page>
<page>
<title>badalhoca</title>
<ns>0</ns>
<id>49805</id>
<revision>
<id>2688351</id>
<parentid>2688350</parentid>
<timestamp>2022-09-15T20:01:05Z</timestamp>
<contributor>
<ip>2001:818:E81C:C700:10C5:1588:69C6:DF27</ip>
</contributor>
<comment>/* Substantivo */</comment>
<model>wikitext</model>
<format>text/x-wiki</format>
<text bytes="758" xml:space="preserve">={{-pt-}}=
==Substantivo==
{{flex.pt|fs=badalhoca|fp=badalhocas}}
{{paroxítona|ba|da|lho|ca}}
# [[bola]] de [[excremento]] e [[terra]] [[pendente]] [[entre]] as [[perna]]s das [[ovelha]]s e [[cabra]]s
# [[objeto]]s [[ornamental|ornamentais]] pendentes
# [[pele]] [[mole]], [[flácido|flácida]] ou pendente
# [[órgão]] [[genital]] do [[homem]]
# [[mulher]] [[sujo|suja]] e [[repugnante]]
# [[pessoa]] [[imundo|imunda]]
#pequenos resíduos de fezes que ficam aderidos aos pelos do ânus ou às pregas anais
=={{etimologia|pt}}==
: {{escopo|Morfologia}} [[badalo]] + [[-oca]].
==Ver também==
===No Wikcionário===
{{verTambém.Ini}}
* [[abadalhocado]]
{{verTambém.NovaColuna}}
* [[abadalhocar]]
{{verTambém.Fim}}
[[Categoria:Substantivo (Português)]]</text>
<sha1>dahd5i1j4i85zjn4nihbmhb1z1il73h</sha1>
</revision>
