<page>
<page>
<title>badameco</title>
<ns>0</ns>
<id>322900</id>
<revision>
<id>2305285</id>
<parentid>2100483</parentid>
<timestamp>2017-04-29T11:59:30Z</timestamp>
<contributor>
<username>HydrizBot</username>
<id>29590</id>
</contributor>
<minor />
<comment>Robô: A limpar links interwikis antigos</comment>
<model>wikitext</model>
<format>text/x-wiki</format>
<text bytes="200" xml:space="preserve">={{-pt-}}=
==Substantivo==
{{flex.pt|ms=badameco|mp=badamecos}}
{{paroxítona|ba|da|me|co}}, {{m}}
# [[indivíduo]] sem [[importância]]; [[sujeito]] [[à-toa]]
[[Categoria:Substantivo (Português)]]</text>
<sha1>4m6z5sg722d7ci4i4dknf65nx60ovbo</sha1>
</revision>
