<page>
<title>Badalouço</title>
<ns>0</ns>
<id>347591</id>
<revision>
<id>2061037</id>
<parentid>2039193</parentid>
<timestamp>2016-02-06T13:36:55Z</timestamp>
<contributor>
<username>ValJor</username>
<id>1358</id>
</contributor>
<comment>Corrigindo a categorização</comment>
<model>wikitext</model>
<format>text/x-wiki</format>
<text bytes="558" xml:space="preserve">={{-roa-gpm-}}=
==Substantivo==
{{paroxítona|Ba|da|lou|ço|lang=roa-gpm}}, {{pr}}
# [[Badajoz]]
==={{-varort-}}===
{{verTambém.Ini}}
* [[Badallouce#Galego-Português Medieval|Badallouce]]
* [[Badallouci#Galego-Português Medieval|Badallouci]]
* [[Badallouço#Galego-Português Medieval|Badallouço]]
{{verTambém.NovaColuna}}
* [[Badallouz#Galego-Português Medieval|Badallouz]]
* [[Badaloz#Galego-Português Medieval|Badaloz]]
{{verTambém.Fim}}
[[Categoria:Substantivo (Galego-Português Medieval)]]
[[Categoria:Topónimo (Galego-Português Medieval)]]</text>
<sha1>onfb9e5xi2xyhupr1hu61r4483hy4ht</sha1>
</revision>
</page>
