<page>
<page>
<title>badame</title>
<ns>0</ns>
<id>237443</id>
<revision>
<id>2305284</id>
<parentid>1219334</parentid>
<timestamp>2017-04-29T11:59:29Z</timestamp>
<contributor>
<username>HydrizBot</username>
<id>29590</id>
</contributor>
<minor />
<comment>Robô: A limpar links interwikis antigos</comment>
<model>wikitext</model>
<format>text/x-wiki</format>
<text bytes="429" xml:space="preserve">={{-pt-}}=
==Substantivo==
{{flex.pt|ms=badame|mp=badames}}
{{paroxítona|ba|da|me}}
# formão estreito e comprido
===Sinônimos===
* {{escopo|Alentejo}} [[badamo]]
* [[bedame]]
=={{etimologia|pt}}==
: Do francês ''bec-d'âne''.
[[Categoria:Substantivo (Português)]]
={{-fr-}}=
==Substantivo==
'''badame'''
# [[fruto]] da [[amendoeira-da-praia]]
[[Categoria:Substantivo (Francês)]]
[[Categoria:Falso cognato (Francês)]]</text>
<sha1>7taqsbhv1m9tqmujlxd7y2ccf8chyvn</sha1>
</revision>
