<page>
<page>
<title>Badaloz</title>
<ns>0</ns>
<id>347586</id>
<revision>
<id>2061032</id>
<parentid>2039188</parentid>
<timestamp>2016-02-06T11:59:54Z</timestamp>
<contributor>
<username>ValJor</username>
<id>1358</id>
</contributor>
<comment>Corrigindo a categorização</comment>
<model>wikitext</model>
<format>text/x-wiki</format>
<text bytes="557" xml:space="preserve">={{-roa-gpm-}}=
==Substantivo==
{{oxítona|Ba|da|loz|lang=roa-gpm}}, {{pr}}
# [[Badajoz]]
==={{-varort-}}===
{{verTambém.Ini}}
* [[Badallouce#Galego-Português Medieval|Badallouce]]
* [[Badallouci#Galego-Português Medieval|Badallouci]]
* [[Badallouço#Galego-Português Medieval|Badallouço]]
{{verTambém.NovaColuna}}
* [[Badallouz#Galego-Português Medieval|Badallouz]]
* [[Badalouço#Galego-Português Medieval|Badaluoço]]
{{verTambém.Fim}}
[[Categoria:Substantivo (Galego-Português Medieval)]]
[[Categoria:Topónimo (Galego-Português Medieval)]]</text>
<sha1>oeuk7n1quovd3zo59eyc4n9g7ermp9g</sha1>
</revision>
