<page>
<page>
<title>badava</title>
<ns>0</ns>
<id>61037</id>
<revision>
<id>2305290</id>
<parentid>2100498</parentid>
<timestamp>2017-04-29T11:59:45Z</timestamp>
<contributor>
<username>HydrizBot</username>
<id>29590</id>
</contributor>
<minor />
<comment>Robô: A limpar links interwikis antigos</comment>
<model>wikitext</model>
<format>text/x-wiki</format>
<text bytes="359" xml:space="preserve">={{-it-}}=
==Forma verbal==
'''badava'''
# flexão do verbo [[badare]]
[[Categoria:Forma verbal (Italiano)]]
={{-pad-}}=
==Substantivo==
'''ba.da.va'''
# [[sobrinho]]
[[Categoria:Substantivo (Paumarí)]]
={{-sh-}}=
==Advérbio==
'''badava'''
# [[gratuitamente]]
# [[muito]] [[barato]]
# [[em vão]]
# [[realmente]]
[[Categoria:Advérbio (Servocroata)]]</text>
<sha1>k6girkkhx2eraaeehr4uxx6emyesrl2</sha1>
</revision>
