<page>
<page>
<title>Badajoz</title>
<ns>0</ns>
<id>92576</id>
<revision>
<id>2561908</id>
<parentid>2265044</parentid>
<timestamp>2019-11-18T19:48:11Z</timestamp>
<contributor>
<username>Tribuno da Plebe</username>
<id>16095</id>
</contributor>
<model>wikitext</model>
<format>text/x-wiki</format>
<text bytes="672" xml:space="preserve">{{Wikipédia}}
={{-pt-}}=
==Substantivo==
{{oxítona|Ba|da|joz}}, {{g|pr}}
# cidade e capital da província do mesmo nome da [[Estremadura]] espanhola
{{camonismo|
*** '''2 ocorrências n'Os Lusíadas'''
* «[[o|O]] [[rei|Rei]] [[de]] [[Badajoz]] [[era]], [[alto]] [[mouro|Mouro]],   -   Os Lusíadas   III-66-1
* [[cercar|Cercar]] [[vai]] [[Badajoz]] [[e]] [[logo]] [[alcança]]  -   Os Lusíadas   III-68-5  
}}
[[Categoria:Substantivo (Português)]]
[[Categoria:Cidade da Espanha (Português)]]
={{-es-}}=
{{Wikipédia|lang=es}}
==Substantivo==
'''Badajoz'''
# [[#Português|Badajoz]]
[[Categoria:Substantivo (Espanhol)]]
[[Categoria:Cidade da Espanha (Espanhol)]]</text>
<sha1>pr5zkoeexfxinop5j790if6aubgfo55</sha1>
</revision>
