<page>
<page>
<title>badass</title>
<ns>0</ns>
<id>275425</id>
<revision>
<id>2305288</id>
<parentid>2143498</parentid>
<timestamp>2017-04-29T11:59:40Z</timestamp>
<contributor>
<username>HydrizBot</username>
<id>29590</id>
</contributor>
<minor />
<comment>Robô: A limpar links interwikis antigos</comment>
<model>wikitext</model>
<format>text/x-wiki</format>
<text bytes="547" xml:space="preserve">={{-en-}}=
==Adjetivo==
'''badass'''
# que é [[extremo]] em suas atitudes e [[comportamento]] de uma forma admirável
==Substantivo==
{{flex.en|s=badass|p=badasses}}
'''badass'''
# {{escopo|Pejorativo, gíria}} uma pessoa briguenta, chata; [[arrogante]]
# {{escopo|Gíria}} [[pessoa]] [[extremo|extrema]] em suas atitudes e [[comportamento]] de uma forma admirável; [[fodão]]
=={{-varort-}}==
* [[bad-ass]]
=={{etimologia|en}}==
: {{escopo|Morfologia}} [[bad]] + [[ass]].
[[Categoria:Adjetivo (Inglês)]]
[[Categoria:Substantivo (Inglês)]]</text>
<sha1>7hz4gdmwl97f4nr1sx6tcxobv3fty5p</sha1>
</revision>
