<page>
<page>
<title>badak</title>
<ns>0</ns>
<id>15159</id>
<revision>
<id>2305278</id>
<parentid>2255720</parentid>
<timestamp>2017-04-29T11:59:19Z</timestamp>
<contributor>
<username>HydrizBot</username>
<id>29590</id>
</contributor>
<minor />
<comment>Robô: A limpar links interwikis antigos</comment>
<model>wikitext</model>
<format>text/x-wiki</format>
<text bytes="81" xml:space="preserve">={{-tet-}}=
==Adjetivo==
'''badak'''
# [[curto]]
[[Categoria:Adjetivo (Tétum)]]</text>
<sha1>lsv066ynot3lz7bc72gk6d9zfq6be0e</sha1>
</revision>
