<page>
<title>Badallouce</title>
<ns>0</ns>
<id>347590</id>
<revision>
<id>2265045</id>
<parentid>2106461</parentid>
<timestamp>2017-04-26T14:18:56Z</timestamp>
<contributor>
<username>HydrizBot</username>
<id>29590</id>
</contributor>
<minor />
<comment>Robô: A limpar links interwikis antigos</comment>
<model>wikitext</model>
<format>text/x-wiki</format>
<text bytes="555" xml:space="preserve">={{-roa-gpm-}}=
==Substantivo==
{{paroxítona|Ba|da|llou|ce|lang=roa-gpm}}, {{pr}}
# [[Badajoz]]
===Variantes===
{{verTambém.Ini}}
* [[Badallouci#Galego-Português Medieval|Badallouci]]
* [[Badallouço#Galego-Português Medieval|Badallouço]]
* [[Badallouz#Galego-Português Medieval|Badallouz]]
{{verTambém.NovaColuna}}
* [[Badaloz#Galego-Português Medieval|Badaloz]]
* [[Badalouço#Galego-Português Medieval|Badaluoço]]
{{verTambém.Fim}}
[[Categoria:Substantivo (Galego-Português Medieval)]]
[[Categoria:Topónimo (Galego-Português Medieval)]]</text>
<sha1>0op3qhntc9fcd4nxwshlpyxdvm6y7c7</sha1>
</revision>
</page>
