<page>
<page>
<title>badain</title>
<ns>0</ns>
<id>15163</id>
<revision>
<id>2305276</id>
<parentid>1306484</parentid>
<timestamp>2017-04-29T11:59:13Z</timestamp>
<contributor>
<username>HydrizBot</username>
<id>29590</id>
</contributor>
<minor />
<comment>Robô: A limpar links interwikis antigos</comment>
<model>wikitext</model>
<format>text/x-wiki</format>
<text bytes="125" xml:space="preserve">={{-tet-}}=
==Substantivo==
'''badain'''
# [[artesão]]
[[Categoria:Substantivo (Tétum)]]
[[Categoria:Profissão (Tétum)]]</text>
<sha1>8e2x88mz870gds2ahn485bj9ypodwpm</sha1>
</revision>
