<page>
<page>
<title>Badallouço</title>
<ns>0</ns>
<id>347588</id>
<revision>
<id>2061042</id>
<parentid>2039190</parentid>
<timestamp>2016-02-06T13:46:01Z</timestamp>
<contributor>
<username>ValJor</username>
<id>1358</id>
</contributor>
<comment>Corrigindo a categorização</comment>
<model>wikitext</model>
<format>text/x-wiki</format>
<text bytes="557" xml:space="preserve">={{-roa-gpm-}}=
==Substantivo==
{{paroxítona|Ba|da|llou|ço|lang=roa-gpm}}, {{pr}}
# [[Badajoz]]
==={{-varort-}}===
{{verTambém.Ini}}
* [[Badallouce#Galego-Português Medieval|Badallouce]]
* [[Badallouci#Galego-Português Medieval|Badallouci]]
* [[Badallouz#Galego-Português Medieval|Badallouz]]
{{verTambém.NovaColuna}}
* [[Badaloz#Galego-Português Medieval|Badaloz]]
* [[Badalouço#Galego-Português Medieval|Badaluoço]]
{{verTambém.Fim}}
[[Categoria:Substantivo (Galego-Português Medieval)]]
[[Categoria:Topónimo (Galego-Português Medieval)]]</text>
<sha1>mh0k0vciu9qokl89k60jn6eij3e9tzv</sha1>
</revision>
