<page>
<title>badalo</title>
<ns>0</ns>
<id>35042</id>
<revision>
<id>2616762</id>
<parentid>2508002</parentid>
<timestamp>2021-02-01T02:00:31Z</timestamp>
<contributor>
<username>MarxavBot</username>
<id>80155</id>
</contributor>
<minor />
<comment>AFI Portugal</comment>
<model>wikitext</model>
<format>text/x-wiki</format>
<text bytes="923" xml:space="preserve">={{-pt-}}=
==Substantivo==
{{flex.pt|ms=badalo|mp=badalos}}
{{paroxítona|ba|da|lo}}, {{m}}
# [[haste]] [[metálico|metálica]] com [[extremidade]] [[esférico|esférica]], presente no [[interior]] de [[sino]]s
# {{escopo|pt|Gíria}} [[pênis]]
#* ''Quando se entesa o túmido '''badalo''','' - '''Ribeirada – poema de um só canto''' - III-6 de Maria du Bocage
=={{pronúncia|pt}}==
===Portugal===
* AFI: {{AFI|/bɐ.ˈda.lu/}}
[[Categoria:Substantivo (Português)]]
[[Categoria:Obscenidade (Português)]]
={{-gl-}}=
==Substantivo==
{{flex.gl|ms=badalo|mp=badalos}}
{{paroxítona|ba|da|lo|lang=gl}}, {{m}}
# [[badalo#Português|badalo]] dos [[sino]]s
# [[carúncula]]s da galinha e do galo
===Variantes===
: '''De 1 (badalo dos sinos):'''
{{verTambém.Ini}}
* [[badal#Galego|badal]]
* [[badalho#Galego|badalho]]
{{verTambém.NovaColuna}}
* [[batel#Galego|batel]]
{{verTambém.Fim}}
[[Categoria:Substantivo (Galego)]]</text>
<sha1>n1mip686dq9v02mbfaj0s8arxsfaius</sha1>
</revision>
</page>
