<page>
<title>badamerda</title>
<ns>0</ns>
<id>54154</id>
<revision>
<id>2039843</id>
<parentid>1182449</parentid>
<timestamp>2015-11-22T12:49:19Z</timestamp>
<contributor>
<username>Luan</username>
<id>1279</id>
</contributor>
<comment>escopoCat→escopoUso utilizando [[Project:AutoWikiBrowser|AWB]]</comment>
<model>wikitext</model>
<format>text/x-wiki</format>
<text bytes="433" xml:space="preserve">={{-pt-}}=
==Adjetivo==
{{flex.pt|s=badamerda|p=badamerdas}}
{{paroxítona|ba|da|mer|da}}
# {{escopoUso|Obscenidade|pt}} [[berdamerda]] ([[idiota]], [[bêbado]])
==Substantivo==
{{paroxítona|ba|da|mer|da}}
# {{escopoUso|Obscenidade|pt}} [[berdamerda]]
==Ver também==
===No Wikcionário===
* [[bardamerda]]
* [[bedamerda]]
{{verTambém.Ligações|merda}}
[[Categoria:Adjetivo (Português)]]
[[Categoria:Substantivo (Português)]]</text>
<sha1>m9jfoq4v1iimiq2md1skdpdp6xe671n</sha1>
</revision>
</page>
