<page>
<title>badb</title>
<ns>0</ns>
<id>442167</id>
<revision>
<id>2669251</id>
<timestamp>2022-03-29T23:32:33Z</timestamp>
<contributor>
<username>Cpls</username>
<id>20608</id>
</contributor>
<comment>[[Ajuda:Guia de edição/Menus e ferramentas/Sumário de edição|→]] nova página: ={{-sga-}}= ==Substantivo== '''badb''' # [[bruxa]] # [[gralha-cinzenta]] (''[[species:Corvus cornix|Corvus cornix]]'')  [[Categoria:Substantivo (Irlandês Antigo)]]</comment>
<model>wikitext</model>
<format>text/x-wiki</format>
<text bytes="164" xml:space="preserve">={{-sga-}}=
==Substantivo==
'''badb'''
# [[bruxa]]
# [[gralha-cinzenta]] (''[[species:Corvus cornix|Corvus cornix]]'')
[[Categoria:Substantivo (Irlandês Antigo)]]</text>
<sha1>plxv650nqi9kd03i7u4f2j30o8crnig</sha1>
</revision>
</page>
