<page>
<title>baderna</title>
<ns>0</ns>
<id>2657</id>
<revision>
<id>2305297</id>
<parentid>1949563</parentid>
<timestamp>2017-04-29T12:00:07Z</timestamp>
<contributor>
<username>HydrizBot</username>
<id>29590</id>
</contributor>
<minor />
<comment>Robô: A limpar links interwikis antigos</comment>
<model>wikitext</model>
<format>text/x-wiki</format>
<text bytes="391" xml:space="preserve">={{-pt-}}=
==Substantivo==
{{flex.pt|fs=baderna|fp=badernas}}
{{paroxítona|ba|der|na}}
# [[falta]] de [[ordem]]
===Sinônimos===
{{verTambém.Ini}}
* [[bagunça]]
* [[barafunda]]
{{verTambém.NovaColuna}}
* [[confusão]]
* [[zorra]]
{{verTambém.Fim}}
=={{etimologia|pt}}==
: A origem do nome vem de uma dançarina que se apresentou no Rio em 1851.
[[Categoria:Substantivo (Português)]]</text>
<sha1>6opmvxblj9qsz7axc2d5p2gypsgyyl1</sha1>
</revision>
</page>
