<page>
<title>badet</title>
<ns>0</ns>
<id>81498</id>
<revision>
<id>2458018</id>
<parentid>2305298</parentid>
<timestamp>2017-10-30T07:05:40Z</timestamp>
<contributor>
<username>Spanier</username>
<id>43713</id>
</contributor>
<comment>estilo</comment>
<model>wikitext</model>
<format>text/x-wiki</format>
<text bytes="1397" xml:space="preserve">={{-de-}}=
==Forma verbal==
'''{{grifar|ba}}.det'''
# terceira pessoa do singular do presente do indicativo do verbo [[baden]]
# segunda pessoa do plural do presente do indicativo do verbo [[baden]]
# segunda pessoa do plural do presente do conjuntivo/subjuntivo do verbo [[baden]]
# segunda pessoa do plural do imperativo do verbo [[baden]]
=={{pronúncia|de}}==
*[[AFI]]: {{AFI|/ˈbaːdət/|de}}
[[Categoria:Forma verbal (Alemão)]]
={{-da-}}=
==Forma de substantivo==
'''bad.et''' {{n}}
# forma singular definida de [[bad]]
==Forma verbal==
'''ba.det'''
# particípio passado do verbo [[bade]]
## [[banhado]]
[[Categoria:Forma de substantivo (Dinamarquês)]]
[[Categoria:Forma verbal (Dinamarquês)]]
={{-no-}}=
==Forma de substantivo==
'''bad.et''' {{n}}
# forma singular definida de [[bad]]
## o [[banho#Substantivo|banho]]:
##* ''Endelig har vi fliser på '''badet'''!'' &lt;small&gt;(Finalmente temos azulejos no banheiro!)&lt;/small&gt;
[[Categoria:Forma de substantivo (Norueguês)]]
={{-nn-}}=
==Forma de substantivo==
'''ba.det''' {{n}}
# forma singular definida de [[bad]]
## o [[banho#Substantivo|banho]]
[[Categoria:Forma de substantivo (Novo Norueguês)]]
={{-sv-}}=
==Forma de substantivo==
'''bad.et''' {{n}}
# forma singular definida de [[bad]] (''&quot;[[banho#Substantivo|banho]]&quot;'')
=={{pronúncia|sv}}==
*[[AFI]]: {{AFI|/ˈbaːdət/|sv}}
[[Categoria:Forma de substantivo (Sueco)]]</text>
<sha1>crn99rwfd7wj91aux9juzplbdufr9xx</sha1>
</revision>
</page>
