<page>
<title>badejo</title>
<ns>0</ns>
<id>61941</id>
<revision>
<id>2564023</id>
<parentid>2305291</parentid>
<timestamp>2019-11-30T16:59:42Z</timestamp>
<contributor>
<username>ValJor</username>
<id>1358</id>
</contributor>
<comment>Melhorando a apresentação do verbete usando a [[:predefinição:cria-entrada]]</comment>
<model>wikitext</model>
<format>text/x-wiki</format>
<text bytes="483" xml:space="preserve">{{Wikipédia|lang=pt}}
={{-pt-}}=
==Substantivo==
{{flex.pt|ms=badejo|mp=badejos}}
{{paroxítona|ba|de|jo}}, {{gramática|m}}
# [[peixe]] teleósteo
===Tradução===
{{tradini}}
* {{trad|fr|merlan}}
* {{trad|gl|bacalada}}
{{tradmeio}}
* {{trad|io|karbonario}}
* {{trad|en|whiting|sea bass}}
{{tradfim}}
==Ligações externas==
* {{Aulete}}
* {{Michaelis}}
* {{DPLP}}
* {{Infopédia}}
* {{PLP}}
* {{VOLPABL}}
[[Categoria:Substantivo (Português)]]
[[Categoria:Peixe (Português)]]</text>
<sha1>ghsi84nh5y7fix0cj1ju2xxcwagzjaj</sha1>
</revision>
</page>
