<page>
<title>badem</title>
<ns>0</ns>
<id>70431</id>
<revision>
<id>2305292</id>
<parentid>2152715</parentid>
<timestamp>2017-04-29T11:59:52Z</timestamp>
<contributor>
<username>HydrizBot</username>
<id>29590</id>
</contributor>
<minor />
<comment>Robô: A limpar links interwikis antigos</comment>
<model>wikitext</model>
<format>text/x-wiki</format>
<text bytes="1300" xml:space="preserve">[[Imagem:Almonds02.jpg|thumb|140px|'''Badem'''&lt;sup&gt;2&lt;/sup&gt;]]
={{-gag-}}=
==Substantivo==
'''ba.dem'''
# {{escopo|Botânica}} [[amendoeira]] (''[[wikispecies:Prunus dulcis|Prunus dulcis]]'')
# {{escopo|Botânica}} [[amêndoa]], [[fruto]] da [[amendoeira]]
=={{etimologia|gag}}==
:Do [[persa]].
[[Categoria:Substantivo (Gagauz)]]
[[Categoria:Dissílabo (Gagauz)]]
[[Categoria:Árvore (Gagauz)]]
[[Categoria:Fruta (Gagauz)]]
[[Categoria:Entrada com imagem (Gagauz)]]
={{-tr-}}=
==Substantivo==
'''ba.dem''', ''sem gênero''
# {{escopo|Botânica}} [[amendoeira]] (''[[wikispecies:Prunus dulcis|Prunus dulcis]]'')
# {{escopo|Botânica}} [[amêndoa]], [[fruto]] da [[amendoeira]]
===Verbetes relacionados===
{{colunas|8}}
* [[armut]]
* [[baklava]]
* [[bal]]
* [[bamya]]
* [[ekmek]]
* [[haydari]]
* [[hardal]]
* [[havuç]]
* [[hindi]]
* [[hindiba]]
* [[Hint fıstığı]]
* [[Hint kirazı]]
* [[hurma]]
* [[karpuz]]
* [[mantar]]
* [[mercimek]]
{{colunas.fim}}
=={{etimologia|tr}}==
:Do [[persa]].
===Verbetes derivados===
{{verTambém.Ini}}
* [[badem ezmesi]]
* [[badem şekeri]]
{{verTambém.Fim}}
[[Categoria:Substantivo (Turco)]]
[[Categoria:Alimentação (Turco)]]
[[Categoria:Dissílabo (Turco)]]
[[Categoria:Árvore (Turco)]]
[[Categoria:Fruta (Turco)]]
[[Categoria:Entrada com imagem (Turco)]]</text>
<sha1>i681tpzswtpg0lzeosg9xtxqjampl8s</sha1>
</revision>
</page>
