<page>
<title>badeirar</title>
<ns>0</ns>
<id>345729</id>
<revision>
<id>2010820</id>
<parentid>2010819</parentid>
<timestamp>2015-10-06T09:12:39Z</timestamp>
<contributor>
<username>Cpls</username>
<id>20608</id>
</contributor>
<comment>/* {{-pt-}} */</comment>
<model>wikitext</model>
<format>text/x-wiki</format>
<text bytes="288" xml:space="preserve">={{-pt-}}=
==Verbo==
{{oxítona|ba|dei|rar}}
# {{escopo|Trás-os-Montes}} [[falar]] da vida das outras pessoas
===Conjugação===
{{conj/pt|badeir|ar}}
=={{etimologia|pt}}==
: Confronte-se com o [[baduar]].
[[Categoria:Substantivo (Português)]]
[[Categoria:Regionalismo (Português)]]</text>
<sha1>heid64aauxwfunipy4583p6hlnge6lb</sha1>
</revision>
</page>
