<page>
<page>
<title>badernar</title>
<ns>0</ns>
<id>316316</id>
<revision>
<id>1698925</id>
<timestamp>2013-07-09T08:56:46Z</timestamp>
<contributor>
<username>ValJor</username>
<id>1358</id>
</contributor>
<comment>Atendendo a [[Wikcionário:Entradas requisitadas|pedido de consulente]]</comment>
<model>wikitext</model>
<format>text/x-wiki</format>
<text bytes="313" xml:space="preserve">={{-pt-}}=
==Verbo==
{{oxítona|ba|der|nar}}, ''v. i.''
# {{escopo|Brasil}} [[pandegar]]
# {{escopo|Brasil}} [[madraçar]]
===Conjugação===
{{conj/pt|badern|ar}}
=={{etimologia|pt}}==
: {{escopo|Morfologia}} [[baderna]] + [[-ar]].
==Anagramas==
# [[bernarda]]
# [[brandear]]
[[Categoria:Verbo (Português)]]</text>
<sha1>rdkm7qfxnfl0zuz8z8ooxb1enkfv60m</sha1>
</revision>
