<page>
<title>baden</title>
<ns>0</ns>
<id>298121</id>
<revision>
<id>2305295</id>
<parentid>2100496</parentid>
<timestamp>2017-04-29T12:00:02Z</timestamp>
<contributor>
<username>HydrizBot</username>
<id>29590</id>
</contributor>
<minor />
<comment>Robô: A limpar links interwikis antigos</comment>
<model>wikitext</model>
<format>text/x-wiki</format>
<text bytes="694" xml:space="preserve">={{-de-}}=
==Verbo==
'''baden'''
#[[banhar]]
=={{pronúncia|de}}==
* {{audio|De-baden.ogg|lang=de|Áudio (Alemanha)}}
* {{audio|De-at-baden.ogg|lang=de|Áudio (Áustria)}}
[[Categoria:Verbo (Alemão)]]
={{-nl-}}=
==Verbo==
'''baden''' (''fraco em -d'')
#[[banhar]]
==Forma de substantivo==
'''baden'''
#plural de '''[[bad#{{nl}}|bad]]'''
==Forma verbal==
'''baden'''
#plural do pretérito indicativo e subjuntivo de '''[[bidden]]'''
[[Categoria:Verbo (Holandês)]]
[[Categoria:Forma de substantivo (Holandês)]]
[[Categoria:Forma verbal (Holandês)]]
={{-sv-}}=
==Forma de substantivo==
'''baden'''
#plural definido de '''[[bad#{{sv}}|bad]]'''
[[Categoria:Forma de substantivo (Sueco)]]</text>
<sha1>4dmf2hhzuuj4k06jv2eutkkqr1yhsuc</sha1>
</revision>
</page>
