<page>
<title>Badezimmer</title>
<ns>0</ns>
<id>388489</id>
<revision>
<id>2471301</id>
<timestamp>2017-12-18T06:28:16Z</timestamp>
<contributor>
<username>Spanier</username>
<id>43713</id>
</contributor>
<comment>alemão</comment>
<model>wikitext</model>
<format>text/x-wiki</format>
<text bytes="537" xml:space="preserve">{{Wikipédia|lang=de}}
={{-de-}}=
==Substantivo==
'''{{grifar|Ba}}.de.zim.mer''', {{gramática|n}}
# {{escopo|de|arquitetura}} [[banheiro]], [[casa de banho]]
===Declinação===
{{decl.de.subst.forte.neu|ns=Badezimmer|np=Badezimmer|gs=Badezimmers}}
=={{etimologia|de}}==
: Composição de ''[[baden]]'' (''&quot;banhar&quot;'') + ''[[Zimmer]]'' (''&quot;quarto&quot;'').
=={{pronúncia|de}}==
* [[AFI]]: {{AFI|/ˈbaːdət͡sɪmɐ/|de}}
* {{audio|De-Badezimmer.ogg|ouvir|lang=de}}
[[Categoria:Substantivo (Alemão)]]
[[Categoria:Polissílabo (Alemão)]]</text>
<sha1>hr0ohjuzhq1r3teptokjte6n7dtnisg</sha1>
</revision>
</page>
