<page>
<title>badi</title>
<ns>0</ns>
<id>32186</id>
<revision>
<id>2512762</id>
<parentid>2305300</parentid>
<timestamp>2018-07-23T04:13:36Z</timestamp>
<contributor>
<username>Askekamo</username>
<id>60711</id>
</contributor>
<model>wikitext</model>
<format>text/x-wiki</format>
<text bytes="388" xml:space="preserve">={{-pt-}}=
==Substantivo==
{{oxítona|ba|di}}, {{gramática|m}}
# [[pinhal]] [[malaio]]
[[Categoria:Substantivo (Português)]]
={{-tet-}}=
==Substantivo==
'''ba.di'''
# [[estaca]] [[de]] [[cavar]]
==Ver também==
{{tradini}}
* [[:pt:arderu|Cabo-verdiano [arderu]]]    
{{tradfim}}
[[Categoria:Substantivo (Tétum)]]
[[Categoria:Dissílabo (Tétum)]]
[[Categoria:Ferramenta (Tétum)]]</text>
<sha1>p4rlzo36qz333kznm6vp2o5oaorucm1</sha1>
</revision>
</page>
