<page>
<title>badio</title>
<ns>0</ns>
<id>59791</id>
<revision>
<id>2305303</id>
<parentid>1755744</parentid>
<timestamp>2017-04-29T12:00:26Z</timestamp>
<contributor>
<username>HydrizBot</username>
<id>29590</id>
</contributor>
<minor />
<comment>Robô: A limpar links interwikis antigos</comment>
<model>wikitext</model>
<format>text/x-wiki</format>
<text bytes="452" xml:space="preserve">{{ver também|bacio|bafio|balio|badil}}
={{-pt-}}=
==Adjetivo==
{{flex.pt|ms=badio|mp=badios|fs=badia|fp=badias}}
{{paroxítona|ba|di|o}}
# {{escopo|Regionalismo, Cabo Verde}} de ou relativo a [[Santiago]], ilha de Cabo Verde
==Substantivo==
{{paroxítona|ba|di|o}}
# {{escopo|Regionalismo, Cabo Verde}} habitante ou natural de Santiago
[[Categoria:Adjetivo (Português)]]
[[Categoria:Substantivo (Português)]]
[[Categoria:Gentílico (Português)]]</text>
<sha1>nukwz49woqiveamwphy3lt7xqsbdm4u</sha1>
</revision>
</page>
