<page>
<page>
<title>badia</title>
<ns>0</ns>
<id>347571</id>
<revision>
<id>2557391</id>
<parentid>2305301</parentid>
<timestamp>2019-10-14T10:26:12Z</timestamp>
<contributor>
<username>Cpls</username>
<id>20608</id>
</contributor>
<model>wikitext</model>
<format>text/x-wiki</format>
<text bytes="358" xml:space="preserve">={{-ca-}}=
==Substantivo==
{{flex.ca|fs=badia|fp=badies}}
{{paroxítona|ba|di|a|lang=ca}}, {{g|f|lang=ca}}
# [[baía]]
[[Categoria:Substantivo (Catalão)]]
={{-gl-}}=
==Substantivo==
{{flex.gl|fs=badia|fp=badias}}
{{paroxítona|ba|di|a|lang=gl}}, {{g|f|lang=gl}}
# [[baía]]
==={{-varort-}}===
* [[baía#{{gl}}|baía]]
[[Categoria:Substantivo (Galego)]]</text>
<sha1>ani90wvpjy3kdw6vianmwiqbmkz2kis</sha1>
</revision>
