<page>
<page>
<title>badjaga</title>
<ns>0</ns>
<id>33928</id>
<revision>
<id>2628896</id>
<parentid>724560</parentid>
<timestamp>2021-04-02T10:19:52Z</timestamp>
<contributor>
<username>ValJor</username>
<id>1358</id>
</contributor>
<comment>Já fazia mais de dez anos que ninguém atualizava esse verbete...</comment>
<model>wikitext</model>
<format>text/x-wiki</format>
<text bytes="205" xml:space="preserve">={{-pap-}}=
==Substantivo==
'''badjaga'''
# {{escopo|pap|Zoologia}} [[formiga]] ([[grande]])
[[Categoria:Substantivo (Papiamento)]]
[[Categoria:Trissílabo (Papiamento)]]
[[Categoria:Inseto (Papiamento)]]</text>
<sha1>d9uia2pofcer3quqmkc0wmtjfu46p2x</sha1>
</revision>
