<page>
<title>badkar</title>
<ns>0</ns>
<id>233389</id>
<revision>
<id>2305304</id>
<parentid>2244092</parentid>
<timestamp>2017-04-29T12:00:32Z</timestamp>
<contributor>
<username>HydrizBot</username>
<id>29590</id>
</contributor>
<minor />
<comment>Robô: A limpar links interwikis antigos</comment>
<model>wikitext</model>
<format>text/x-wiki</format>
<text bytes="136" xml:space="preserve">={{-sv-}}=
==Substantivo==
'''badkar'''
# [[banheira]]
{{página-automática|Maio|2010|banheira|sv}}
[[Categoria:Substantivo (Sueco)]]</text>
<sha1>22jtx0cb37skxj24kajbq6ri0skjr5p</sha1>
</revision>
</page>
