<page>
<title>badly</title>
<ns>0</ns>
<id>6203</id>
<revision>
<id>2305305</id>
<parentid>2240697</parentid>
<timestamp>2017-04-29T12:00:37Z</timestamp>
<contributor>
<username>HydrizBot</username>
<id>29590</id>
</contributor>
<minor />
<comment>Robô: A limpar links interwikis antigos</comment>
<model>wikitext</model>
<format>text/x-wiki</format>
<text bytes="350" xml:space="preserve">={{-en-}}=
==Advérbio==
'''&lt;u&gt;bad&lt;/u&gt;.ly'''
# [[mal]]
===Verbetes derivados===
* [[badly-worded]]
=={{etimologia|en}}==
: {{escopo|Morfologia}} [[bad]] + [[-ly]].
=={{pronúncia|en}}==
* [[AFI]]: {{AFI|/ˈbæd.li/}}
* [[X-SAMPA]]: /&quot;b}d.li/
[[Categoria:Advérbio (Inglês)]]
[[Categoria:Dissílabo (Inglês)]]
[[Categoria:Paroxítona (Inglês)]]</text>
<sha1>39ylg6cyfohi7x6uu1v87elmp749oqb</sha1>
</revision>
</page>
