<page>
<page>
<title>badminton</title>
<ns>0</ns>
<id>333055</id>
<revision>
<id>2675973</id>
<parentid>2675972</parentid>
<timestamp>2022-05-04T21:29:18Z</timestamp>
<contributor>
<username>Udutdut</username>
<id>86353</id>
</contributor>
<model>wikitext</model>
<format>text/x-wiki</format>
<text bytes="785" xml:space="preserve">{{Wikipédia}}
={{-pt-}}=
==Substantivo==
{{flex.pt|ms=badminton|mp=badmintons}}
''{{oxítona|bad|min|ton}}'', {{gramática|m}}
# {{escopo|pt|estrangeirismo}} ver [[badmínton]]
===Nota===
* {{avisoestrangeirismo}}.
=={{etimologia|pt}}==
{{llietimo|en|badminton|pt}}
==Ligações externas==
* {{VOLPABL}}
* {{Houaiss}}
[[Categoria:Substantivo (Português)]]
={{-en-}}=
==Substantivo==
{{flex.en|s=badminton|p=-}}
'''badminton'''
# {{escopo|en|Desporto}} [[badmínton]]
[[Categoria:Substantivo (Inglês)]]
[[Categoria:Desporto (Inglês)]]
={{-pl-}}=
==Substantivo==
{{paroxítona|bad|min|ton|lang=pl}}, {{gramática|m}}
# {{escopo|pl|Desporto}} {{link opcional|badminton}}
==Ver também==
===No Wikcionário===
{{esportes olímpicos/pl}}
[[Categoria:Substantivo (Polonês)]]</text>
<sha1>4sehy5u2qy0piqby2n85bimqe6thvmp</sha1>
</revision>
