<page>
<page>
<title>badmínton</title>
<ns>0</ns>
<id>368581</id>
<revision>
<id>2586354</id>
<parentid>2305308</parentid>
<timestamp>2020-04-24T08:44:06Z</timestamp>
<contributor>
<username>ValJor</username>
<id>1358</id>
</contributor>
<comment>Retirando ligação para a predefinição Wikipedia com o objetivo de eliminar em seguida essa página de redirecionamento</comment>
<model>wikitext</model>
<format>text/x-wiki</format>
<text bytes="885" xml:space="preserve">{{Wikipédia|lang=pt}}
[[Imagem:Heads_of_badminton_raquets.jpg|thumb|right|250px|&lt;center&gt;Raquetes de badmínton&lt;/center&gt;]]
={{-pt-}}=
==Substantivo==
{{flex.pt|ms=badmínton|mp=badmíntons}}
{{paroxítona|bad|mín|ton}}, {{gramática|m}}
# {{escopo|pt|Desporto}} desporto individual ou de pares, praticado com raquete e um volante ou pena que deve passar por cima de uma rede
===Sinônimos===
*  {{escopo2|Estrangeirismo}} ''[[badminton]]''
=={{etimologia|pt}}==
: De ''Badminton House'', nome da propriedade do [[w:Duque de Beaufort|Duque de Beaufort]] situada no condado de [[w:Gloucestershire|Gloucestershire]], onde o  jogo foi praticado pela primeira vez na Inglaterra.
==Ver também==
===No Wikcionário===
* [[badmintonista]]
==Ligações externas==
* {{DPLP}}
* {{Infopédia}}
* {{PLP}}
[[Categoria:Substantivo (Português)]]
[[Categoria:Entrada com imagem (Português)]]</text>
<sha1>h9a74dp0kzctknlzgfn1hz9wihny3mf</sha1>
</revision>
