<page>
<page>
<title>badoque</title>
<ns>0</ns>
<id>347256</id>
<revision>
<id>2683010</id>
<parentid>2157056</parentid>
<timestamp>2022-07-08T11:10:29Z</timestamp>
<contributor>
<username>ValJor</username>
<id>1358</id>
</contributor>
<comment>Substituindo a [[Especial:Páginas_afluentes/Predefinição:escopoCat|predefinição escopoCat]] por escopo</comment>
<model>wikitext</model>
<format>text/x-wiki</format>
<text bytes="253" xml:space="preserve">={{-pt-}}=
==Substantivo==
{{flex.pt|ms=badoque|ms-div=ba.&lt;u&gt;do&lt;/u&gt;.que|mp=badoques|mp-div=ba.&lt;u&gt;do&lt;/u&gt;.ques}}
{{paroxítona|ba|do|que}}, {{gramática|m}}
# {{escopo|pt|Brinquedo|Arma}} [[bodoque]], [[estilingue]]
[[Categoria:Substantivo (Português)]]</text>
<sha1>ng1usvpwe6u2lyp74rjv8lr6vj35l5u</sha1>
</revision>
