<page>
<title>badogue</title>
<ns>0</ns>
<id>276945</id>
<revision>
<id>2630139</id>
<parentid>2626061</parentid>
<timestamp>2021-04-09T08:59:32Z</timestamp>
<contributor>
<username>ValJor</username>
<id>1358</id>
</contributor>
<comment>Melhorando a apresentação do verbete</comment>
<model>wikitext</model>
<format>text/x-wiki</format>
<text bytes="359" xml:space="preserve">={{-pt-}}=
==Substantivo==
{{flex.pt|ms=badogue|mp=badogues}}
{{paroxítona|ba|do|gue}}, {{gramática|m}}
# o mesmo que [[estilingue]] ou [[baleadeira]]
==={{-varort-}}===
{{verTambém.Ini}}
* [[badoque]]
{{verTambém.NovaColuna}}
* [[bodoque]]
{{verTambém.Fim}}
==Ligações externas==
* {{Michaelis}}
* {{VOLPABL}}
[[Categoria:Substantivo (Português)]]</text>
<sha1>tohf7qe7ltb6l1p3ldlciar2gq7c7j5</sha1>
</revision>
</page>
