<page>
<page>
<title>baependienses</title>
<ns>0</ns>
<id>415511</id>
<revision>
<id>2561995</id>
<parentid>2561994</parentid>
<timestamp>2019-11-19T08:54:59Z</timestamp>
<contributor>
<username>MIL973</username>
<id>41339</id>
</contributor>
<model>wikitext</model>
<format>text/x-wiki</format>
<text bytes="352" xml:space="preserve">={{-pt-}}=
==Forma de adjetivo==
{{paroxítona|ba|e|pen|di|en|ses}}, {{gramática|c2gp}}
# plural de [[baependiense]]
==Forma de substantivo==
{{paroxítona|ba|e|pen|di|en|ses}}, {{gramática|c2gp}}
# plural de [[baependiense]]
{{avi-for-fle|baependiense}}
[[Categoria:Forma de adjetivo (Português)]]
[[Categoria:Forma de substantivo (Português)]]</text>
<sha1>j1g6ci8k670whzxeur41t74bssnza77</sha1>
</revision>
