<page>
<page>
<title>baependiense</title>
<ns>0</ns>
<id>415502</id>
<revision>
<id>2561951</id>
<parentid>2561950</parentid>
<timestamp>2019-11-19T08:15:56Z</timestamp>
<contributor>
<username>MIL973</username>
<id>41339</id>
</contributor>
<model>wikitext</model>
<format>text/x-wiki</format>
<text bytes="547" xml:space="preserve">={{-pt-}}=
==Adjetivo==
{{flex.pt|s=baependiense|p=baependienses}}
{{paroxítona|ba|e|pen|di|en|se}}, {{gramática|c2g}}
# {{escopo|pt|Gentílico}} de [[Baependi]], cidade mineira
==Substantivo==
{{flex.pt|s=baependiense|p=baependienses}}
{{paroxítona|ba|e|pen|di|en|se}}, {{gramática|c2g}}
# {{escopo|pt|Gentílico}} natural de Baependi ou seu habitante
=={{etimologia|pt}}==
: {{escopo|Morfologia}} De [[Baependi]] + [[-ense]].
==Ligações externas==
* {{Aulete}}
[[Categoria:Adjetivo (Português)]]
[[Categoria:Substantivo (Português)]]</text>
<sha1>h9gy8k0w6hywyeozjbzleita41s2j28</sha1>
</revision>
