<page>
<title>baesteiro</title>
<ns>0</ns>
<id>404619</id>
<revision>
<id>2530808</id>
<timestamp>2019-01-01T17:38:50Z</timestamp>
<contributor>
<username>Cpls</username>
<id>20608</id>
</contributor>
<comment>[[Ajuda:Guia de edição/Menus e ferramentas/Sumário de edição|→]] nova página: ={{-gl-}}= ==Adjetivo== {{flex.gl|ms=baesteiro|mp=baesteiros}} {{paroxítona|ba|es|tei|ro|lang=gl}}, {{g|m|la...</comment>
<model>wikitext</model>
<format>text/x-wiki</format>
<text bytes="452" xml:space="preserve">={{-gl-}}=
==Adjetivo==
{{flex.gl|ms=baesteiro|mp=baesteiros}}
{{paroxítona|ba|es|tei|ro|lang=gl}}, {{g|m|lang=gl}}
# {{escopo|gl|Antigo}} [[besteiro]] pessoa que usa da arma chamada de [[besta]]; pessoa que constrói bestas
===Sinónimo===
* [[balesteiro#{{gl}}|balesteiro]], [[besteiro#{{gl}}|besteiro]]
=={{etimologia|gl}}==
: {{escopo|Morfologia}} De ''[[baesta#{{gl}}|baesta]]'' + ''[[-eiro#{{gl}}|-eiro]]''.
[[Categoria:Substantivo (Galego)]]</text>
<sha1>o0g14rue9bmvutyro5fgidxv2kga42l</sha1>
</revision>
</page>
