<page>
<page>
<title>baesta</title>
<ns>0</ns>
<id>404621</id>
<revision>
<id>2530813</id>
<timestamp>2019-01-01T17:46:07Z</timestamp>
<contributor>
<username>Cpls</username>
<id>20608</id>
</contributor>
<comment>[[Ajuda:Guia de edição/Menus e ferramentas/Sumário de edição|→]] nova página: ={{-gl-}}= ==Substantivo== {{flex.gl|fs=baesta|fp=baestas}} {{paroxítona|ba|es|ta|lang=gl}}, {{g|f|lang=gl}}...</comment>
<model>wikitext</model>
<format>text/x-wiki</format>
<text bytes="391" xml:space="preserve">={{-gl-}}=
==Substantivo==
{{flex.gl|fs=baesta|fp=baestas}}
{{paroxítona|ba|es|ta|lang=gl}}, {{g|f|lang=gl}}
# [[besta]], espécie de arco com hastil
# [[máquina]] de guerra para arremessar [[projétil|projéteis]], dardos ou pedras
===Sinónimo===
* [[balesta#{{gl}}|balesta]], [[besta#{{gl}}|besta]]
=={{etimologia|gl}}==
{{llietimo|la|ballista|gl}}
[[Categoria:Substantivo (Galego)]]</text>
<sha1>5tsmxblwpttkc7criwxlp37myz9df12</sha1>
</revision>
