<page>
<page>
<title>baetas</title>
<ns>0</ns>
<id>92454</id>
<revision>
<id>2305314</id>
<parentid>1748230</parentid>
<timestamp>2017-04-29T12:01:04Z</timestamp>
<contributor>
<username>HydrizBot</username>
<id>29590</id>
</contributor>
<minor />
<comment>Robô: A limpar links interwikis antigos</comment>
<model>wikitext</model>
<format>text/x-wiki</format>
<text bytes="133" xml:space="preserve">={{-pt-}}=
== Forma de substantivo ==
{{paroxítona|ba|e|tas}}
# plural de [[baeta]]
[[Categoria: Forma de substantivo (Português)]]</text>
<sha1>axgchi1ysrygqeo1oeq81l67pudyd5o</sha1>
</revision>
