<page>
<page>
<title>baet</title>
<ns>0</ns>
<id>240873</id>
<revision>
<id>2305312</id>
<parentid>2255752</parentid>
<timestamp>2017-04-29T12:01:00Z</timestamp>
<contributor>
<username>HydrizBot</username>
<id>29590</id>
</contributor>
<minor />
<comment>Robô: A limpar links interwikis antigos</comment>
<model>wikitext</model>
<format>text/x-wiki</format>
<text bytes="432" xml:space="preserve">={{-aht-}}=
==Substantivo==
'''baet'''
# [[truta]]
==Ver também==
===No Wikcionário===
{{verTambém.Ini}}
* [[besiinn]]
* [[deniigi]]
* [[deyaaze]]
{{verTambém.NovaColuna}}
* [[ggaaggi]]
* [[ggax]]
* [[lahleli]]
{{verTambém.NovaColuna}}
* [[nadosi]]
* [[niduuy]]
* [[taggos]]
{{verTambém.NovaColuna}}
* [[tikaann]]
* [[tsukolahdzaey]]
* [[udzih]]
{{verTambém.Fim}}
[[Categoria:Substantivo (Atna)]]
[[Categoria:Peixe (Atna)]]</text>
<sha1>qmgwhzwcacpe3bqdfk1iqihodqxtq58</sha1>
</revision>
