<page>
<title>bafar</title>
<ns>0</ns>
<id>338679</id>
<revision>
<id>2305316</id>
<parentid>2178648</parentid>
<timestamp>2017-04-29T12:01:08Z</timestamp>
<contributor>
<username>HydrizBot</username>
<id>29590</id>
</contributor>
<minor />
<comment>Robô: A limpar links interwikis antigos</comment>
<model>wikitext</model>
<format>text/x-wiki</format>
<text bytes="555" xml:space="preserve">={{-pt-}}=
==Verbo==
{{oxítona|ba|far}}, {{gramática|vtd}}
# [[exalar]] [[bafo]] 
# [[respirar]] dificultosamente
===Conjugação===
{{conj/pt|baf|ar}}
=={{etimologia|pt}}==
: {{escopo|Morfologia}} De [[bafo]] + [[-ar]].
[[Categoria:Verbo (Português)]]
={{-gl-}}=
==Verbo==
{{oxítona|ba|far|lang=gl}}
# [[bafar#Português|bafar]], exalar bafo
# [[bafar#Português|bafar]], respirar dificultosamente
# [[escarnecer]], desprezar, injuriar, insultar
=={{etimologia|gl}}==
: {{escopo|Morfologia}} De [[bafo]] + [[-ar]].
[[Categoria:Verbo (Galego)]]</text>
<sha1>l2ihzvs3t7gmhqfj4ba3ohzrjt4yb7r</sha1>
</revision>
</page>
