<page>
<title>bafarada</title>
<ns>0</ns>
<id>338685</id>
<revision>
<id>1912735</id>
<timestamp>2015-04-17T08:55:47Z</timestamp>
<contributor>
<username>Cpls</username>
<id>20608</id>
</contributor>
<comment>[[Ajuda:Guia de edição/Menus e ferramentas/Sumário de edição|→]] nova página: ={{-gl-}}= ==Substantivo== {{flex.gl|fs=bafarada|fp=bafaradas}} {{paroxítona|ba|fa|ra|da|lang=gl}}, {{f}} #...</comment>
<model>wikitext</model>
<format>text/x-wiki</format>
<text bytes="538" xml:space="preserve">={{-gl-}}=
==Substantivo==
{{flex.gl|fs=bafarada|fp=bafaradas}}
{{paroxítona|ba|fa|ra|da|lang=gl}}, {{f}}
# [[baforada#{{pt}}|baforada]], mau cheiro do [[alento]]
# [[alento]] que sai com ímpeto
# alento, exalação, emanação de [[vapor]] ou ar
# força do lume, [[labareda]]
===Variantes===
{{verTambém.Ini}}
* [[bafada#Galego|bafada]]
{{verTambém.NovaColuna}}
* [[baforada#{{gl}}|baforada]]
{{verTambém.Fim}}
=={{etimologia|gl}}==
: {{escopo|Morfologia}} Derivada de [[bafo]] ou de [[bafar]].
[[Categoria:Substantivo (Galego)]]</text>
<sha1>tis8lj5cid0jtqddkviq2j54nuz98e1</sha1>
</revision>
</page>
