<page>
<title>bafafá</title>
<ns>0</ns>
<id>424541</id>
<revision>
<id>2592624</id>
<parentid>2590858</parentid>
<timestamp>2020-07-22T09:34:48Z</timestamp>
<contributor>
<username>ValJor</username>
<id>1358</id>
</contributor>
<comment>Melhorando a apresentação do verbete</comment>
<model>wikitext</model>
<format>text/x-wiki</format>
<text bytes="372" xml:space="preserve">={{-pt-}}=
==Substantivo==
{{oxítona|ba|fa|fá}}, {{gramática|m}}
# {{escopo|pt|Brasil|Informal}} [[confusão]], [[desordem]] barulhenta, [[conflito]] entre muitas pessoas
=={{etimologia|pt}}==
: Origem onomatopeica.
==Ligações externas==
* {{Aulete}}
* {{Michaelis|bafafa}}
* {{DPLP}}
* {{Infopédia}}
* {{PLP}}
* {{VOLPABL}}
[[Categoria:Substantivo (Português)]]</text>
<sha1>t7rbseaiuhxr5o6aj9nl67lnii4j0ug</sha1>
</revision>
</page>
