<page>
<title>bafejamos</title>
<ns>0</ns>
<id>322089</id>
<revision>
<id>2037715</id>
<parentid>1810861</parentid>
<timestamp>2015-11-17T10:12:55Z</timestamp>
<contributor>
<username>ValJor</username>
<id>1358</id>
</contributor>
<comment>Acrescentando a predefinição avi-for-fle</comment>
<model>wikitext</model>
<format>text/x-wiki</format>
<text bytes="240" xml:space="preserve">{{grafiaPtbr|bafejámos}}
={{-pt-}}=
==Forma verbal==
{{paroxítona|ba|fe|ja|mos}}
# primeira pessoa do plural do pretérito perfeito do modo indicativo do verbo [[bafejar]]
{{avi-for-fle|bafejar}}
[[Categoria:Forma verbal (Português)]]</text>
<sha1>f39ur58ui6gbdur37w2w23ug0ztge4h</sha1>
</revision>
</page>
