<page>
<title>bafeira</title>
<ns>0</ns>
<id>338683</id>
<revision>
<id>1912732</id>
<timestamp>2015-04-17T08:55:34Z</timestamp>
<contributor>
<username>Cpls</username>
<id>20608</id>
</contributor>
<comment>[[Ajuda:Guia de edição/Menus e ferramentas/Sumário de edição|→]] nova página: ={{-gl-}}= ==Substantivo== {{flex.gl|fs=bafeira|fp=bafeiras}} {{paroxítona|ba|fei|ra|lang=gl}}, {{f}} # as...</comment>
<model>wikitext</model>
<format>text/x-wiki</format>
<text bytes="505" xml:space="preserve">={{-gl-}}=
==Substantivo==
{{flex.gl|fs=bafeira|fp=bafeiras}}
{{paroxítona|ba|fei|ra|lang=gl}}, {{f}}
# [[asma]]
# [[baforada#{{pt}}|baforada]], mau cheiro do [[alento]]
# [[alento]] que sai com ímpeto
# alento, exalação, emanação de [[vapor]] ou ar
===Variantes===
{{verTambém.Ini}}
* [[bafarada#Galego|bafarada]]
{{verTambém.NovaColuna}}
* [[bufarada#{{gl}}|bufarada]]
{{verTambém.Fim}}
=={{etimologia|gl}}==
: {{escopo|Morfologia}} De [[bafo]] + [[-eira]].
[[Categoria:Substantivo (Galego)]]</text>
<sha1>dqll1nt4sjf6lrn6gqp6sycw09n6wq6</sha1>
</revision>
</page>
