<page>
<title>baffi</title>
<ns>0</ns>
<id>231146</id>
<revision>
<id>2305318</id>
<parentid>2100494</parentid>
<timestamp>2017-04-29T12:01:13Z</timestamp>
<contributor>
<username>HydrizBot</username>
<id>29590</id>
</contributor>
<minor />
<comment>Robô: A limpar links interwikis antigos</comment>
<model>wikitext</model>
<format>text/x-wiki</format>
<text bytes="134" xml:space="preserve">={{-it-}}=
==Substantivo==
'''baffi'''
# [[bigode]]
{{página-automática|Maio|2010|bigode|it}}
[[Categoria:Substantivo (Italiano)]]</text>
<sha1>kojfh7p3dpf6ee37qgnosko2aprx1py</sha1>
</revision>
</page>
