<page>
<page>
<title>baffling</title>
<ns>0</ns>
<id>79827</id>
<revision>
<id>2305319</id>
<parentid>2179426</parentid>
<timestamp>2017-04-29T12:01:16Z</timestamp>
<contributor>
<username>HydrizBot</username>
<id>29590</id>
</contributor>
<minor />
<comment>Robô: A limpar links interwikis antigos</comment>
<model>wikitext</model>
<format>text/x-wiki</format>
<text bytes="1933" xml:space="preserve">={{-en-}}=
==Adjetivo==
{{flex.en.adj.longo}}
'''{{grifar|baf}}.fling'''
# [[frustrante]], [[desconcertante]]
#* ''If you're a native English speaker, for example, you may find Japanese '''baffling''', but Korean people usually find Japanese easier to learn than English!'' &lt;small&gt;(Se és um falante nativo de inglês, por exemplo, podes achar o japonês frustrante, mas coreanos geralmente acham o japonês mais fácil de aprender do que o inglês!)&lt;/small&gt;
===Sinônimos===
*De '''1''' (frustante, desconcertante): [[discomfiting]], [[disconcerting]], [[frustrating]]
==Forma verbal==
'''{{grifar|baf}}.fling'''
# gerúndio de '''[[baffle]]'''
=={{etimologia|en}}==
* '''Adjetivo''':
:Da [[forma#Substantivo|forma]] [[verbal]] {{etimo|en|baffling}};
* '''Forma verbal''':
:De {{etimo|en|baffle}} + {{etimo|en|-ing}}.
=={{pronúncia|en}}==
* [[AFI]]: {{AFI|/ˈbæ.flɪŋ/}}
* [[X-SAMPA]]: /&quot;b{.flIN/
==Ver também==
===No Wikcionário===
{{verTambém.Ini}}
* [[bafflement]]
* [[baffler]]
{{verTambém.NovaColuna}}
* [[bafflingly]]
* [[bafflingness]]
{{verTambém.Fim}}
===Referências===
{{verTambém.Ini}}
* {{#ifeq: s|n||&lt;span style=&quot;color:#555;&quot;&gt;(em inglês)&lt;/span&gt;}} “[http://dictionary.cambridge.org/dictionary/learner-english/word_1?q={{urlencode:{{PAGENAME}}}} {{PAGENAME}}]” in ''[[w:en:Cambridge_Advanced_Learner's_Dictionary|Cambridge Advanced Learner's Dictionary]]'', [[w:Cambridge_University_Press|Cambridge University Press]]. {{#if: | Consultado em {{{data}}}.}}
* {{#ifeq: s|n||&lt;span style=&quot;color:#555;&quot;&gt;(em inglês)&lt;/span&gt;}}&amp;nbsp;“[http://www.merriam-webster.com/dictionary/{{urlencode:{{PAGENAME}}}} {{PAGENAME}}]” in ''[[w:Merriam-Webster|Merriam-Webster Online Dictionary]]'', Merriam-Webster Online. {{#if: | Consultado em {{{data}}}.}}
{{verTambém.Fim}}
[[Categoria:Adjetivo (Inglês)]]
[[Categoria:Forma verbal (Inglês)]]
[[Categoria:Dissílabo (Inglês)]]
[[Categoria:Paroxítona (Inglês)]]</text>
<sha1>cbzj2zik7ixthfma4g1467lkdeq59t3</sha1>
</revision>
