<page>
<title>bafio</title>
<ns>0</ns>
<id>249875</id>
<revision>
<id>2619240</id>
<parentid>2305320</parentid>
<timestamp>2021-02-01T18:09:56Z</timestamp>
<contributor>
<username>MarxavBot</username>
<id>80155</id>
</contributor>
<minor />
<comment>AFI Portugal</comment>
<model>wikitext</model>
<format>text/x-wiki</format>
<text bytes="423" xml:space="preserve">={{-pt-}}=
==Substantivo==
{{flex.pt|ms=bafio|ms-div=ba.&lt;u&gt;fi&lt;/u&gt;.o|mp=bafios|mp-div=ba.&lt;u&gt;fi&lt;/u&gt;.os}}
{{paroxítona|ba|fi|o}} {{gramática|m}}
# [[odor]] [[desagradável]] que [[resultar|resulta]] da [[humidade]] e da [[falta]] de [[renovação]] do [[ar]]; [[mofo]]
=={{etimologia|pt}}==
:De ''[[bafo]]'' + ''-io''.
=={{pronúncia|pt}}==
===Portugal===
* AFI: {{AFI|/bɐ.ˈfi.u/}}
[[Categoria:Substantivo (Português)]]</text>
<sha1>eh1j68vwok0hq75e8sgxjxy9zoc7m5w</sha1>
</revision>
</page>
