<page>
<page>
<title>bafoar</title>
<ns>0</ns>
<id>444928</id>
<revision>
<id>2682538</id>
<timestamp>2022-07-03T18:07:35Z</timestamp>
<contributor>
<username>Cpls</username>
<id>20608</id>
</contributor>
<comment>[[Ajuda:Guia de edição/Menus e ferramentas/Sumário de edição|→]] nova página: ={{-gl-}}= ==Verbo== {{oxítona|ba|fo|ar|lang=gl}}, {{g|trans}} # [[bafar]], expelir, exalar, [[bafo]]  =={{etimologia|gl}}== : De ''[[bafo#{{gl}}|bafo]]''.  [[Categoria:Verbo (Galego)]]</comment>
<model>wikitext</model>
<format>text/x-wiki</format>
<text bytes="186" xml:space="preserve">={{-gl-}}=
==Verbo==
{{oxítona|ba|fo|ar|lang=gl}}, {{g|trans}}
# [[bafar]], expelir, exalar, [[bafo]]
=={{etimologia|gl}}==
: De ''[[bafo#{{gl}}|bafo]]''.
[[Categoria:Verbo (Galego)]]</text>
<sha1>d38wl6gvgbtnim85lx4kbfzqzg86k7y</sha1>
</revision>
