<page>
<title>baforadas</title>
<ns>0</ns>
<id>387593</id>
<revision>
<id>2468301</id>
<timestamp>2017-12-08T18:04:04Z</timestamp>
<contributor>
<username>Imivorn</username>
<id>64513</id>
</contributor>
<comment>[[Ajuda:Guia de edição/Menus e ferramentas/Sumário de edição|→]] nova página: ={{-mwl-}}= ==Forma de substantivo== {{paroxítona|ba|fo|ra|das|língua=mwl}} # plural de '''baforada#{{mwl...</comment>
<model>wikitext</model>
<format>text/x-wiki</format>
<text bytes="173" xml:space="preserve">={{-mwl-}}=
==Forma de substantivo==
{{paroxítona|ba|fo|ra|das|língua=mwl}}
# plural de '''[[baforada#{{mwl}}|baforada]]'''
[[Categoria:Forma de substantivo (Mirandês)]]</text>
<sha1>1pilpuw4vuidabzo603wmq2hk6bmija</sha1>
</revision>
</page>
