<page>
<page>
<title>bafua</title>
<ns>0</ns>
<id>375882</id>
<revision>
<id>2682537</id>
<parentid>2559501</parentid>
<timestamp>2022-07-03T18:01:13Z</timestamp>
<contributor>
<username>Cpls</username>
<id>20608</id>
</contributor>
<comment>/* {{-gl-}} */</comment>
<model>wikitext</model>
<format>text/x-wiki</format>
<text bytes="743" xml:space="preserve">={{-gl-}}=
==Adjetivo==
{{flex.gl|s=bafua|p=bafuas}}
{{paroxítona|ba|fu|a|lang=gl}}, {{g|c2g|lang=gl}}
# [[soez]], desprezível
===Sinónimos===
* [[bacua#{{gl}}|bacua]], [[cafua#{{gl}}|cafua]], [[gafua#{{gl}}|gafua]], [[mafua#{{gl}}|mafua]]
==Substantivo==
{{flex.gl|fs=bafua|fp=bafuas}}
{{paroxítona|ba|fu|a|lang=gl}}, {{g|f|lang=gl}}
# [[ralé]], camada considerada inferior na sociedade
# gente pobre, que mora na [[miséria]]
===Sinónimos===
* [[caçualha#{{gl}}|caçualha]], [[gafualha#{{gl}}|gafualha]], [[garrufalha#{{gl}}|garrufalha]], [[gentalha#{{gl}}|gentalha]]
=={{etimologia|gl}}==
{{llietimo|roa-gpm|befua|gl}} Confronte-se com ''[[bafu#{{gl}}|bafu]]''.
[[Categoria:Adjetivo (Galego)]]
[[Categoria:Substantivo (Galego)]]</text>
<sha1>89crciqofp79onr5jnbm3aro67c6dxv</sha1>
</revision>
