<page>
<page>
<title>bafu</title>
<ns>0</ns>
<id>375881</id>
<revision>
<id>2305323</id>
<parentid>2251707</parentid>
<timestamp>2017-04-29T12:01:23Z</timestamp>
<contributor>
<username>HydrizBot</username>
<id>29590</id>
</contributor>
<minor />
<comment>Robô: A limpar links interwikis antigos</comment>
<model>wikitext</model>
<format>text/x-wiki</format>
<text bytes="271" xml:space="preserve">={{-gl-}}=
==Adjetivo==
{{flex.gl|s=bafu|p=bafus}}
{{oxítona|ba|fu|lang=gl}}, {{g|c2g|lang=gl}}
# [[leproso]], gafo
# [[soez]], desprezível
=={{etimologia|gl}}==
: Confronte-se com ''[[bafua#{{gl}}|bafua]]'' e ''[[bafo#{{gl}}|bafo]]''.
[[Categoria:Adjetivo (Galego)]]</text>
<sha1>ro4vdmebv806nco88jl4uuinf4ymyn4</sha1>
</revision>
