<page>
<page>
<title>bafômetro</title>
<ns>0</ns>
<id>338357</id>
<revision>
<id>2305325</id>
<parentid>2085989</parentid>
<timestamp>2017-04-29T12:01:26Z</timestamp>
<contributor>
<username>HydrizBot</username>
<id>29590</id>
</contributor>
<minor />
<comment>Robô: A limpar links interwikis antigos</comment>
<model>wikitext</model>
<format>text/x-wiki</format>
<text bytes="859" xml:space="preserve">{{Wikipédia}}
[[Imagem:Breathalyzer study.jpg|thumb|250px]]
{{grafiaPtbr|bafómetro}}
={{-pt-}}=
==Substantivo==
{{flex.pt|ms=bafômetro|mp=bafômetros}}
{{proparoxítona|ba|fô|me|tro}}, {{m}}
# [[aparelho]] [[medidor]] do [[nível]] de [[álcool]] presente no ar exalado por sopro do individuo que faz teste de alcoolemia
#* ''A proporção de motoristas que recusam o teste do '''bafômetro''' dobrou nos últimos quatro meses nas ruas e avenidas do Rio.'' {{OESP|2011|julho|16}}
===Sinônimos===
{{verTambém.Ini}}
* [[alcoolímetro]]
{{verTambém.NovaColuna}}
* [[alcoômetro]]
{{verTambém.NovaColuna}}
* [[etilômetro]]
{{verTambém.Fim}}
=={{etimologia|pt}}==
: {{escopo|Morfologia}} [[bafo]] + [[-metro]].
[[Categoria:Substantivo (Português)]]
[[Categoria:Instrumento de medição (Português)]]
[[Categoria:Entrada com imagem (Português)‎]]</text>
<sha1>b1bqiz91n3li9ekn90o81pb6bgdhrk6</sha1>
</revision>
