<page>
<title>bagalho</title>
<ns>0</ns>
<id>266641</id>
<revision>
<id>1828396</id>
<parentid>1205507</parentid>
<timestamp>2014-05-29T07:58:27Z</timestamp>
<contributor>
<username>Cpls</username>
<id>20608</id>
</contributor>
<model>wikitext</model>
<format>text/x-wiki</format>
<text bytes="281" xml:space="preserve">={{-pt-}}=
==Substantivo==
{{flex.pt|ms=bagalho|mp=bagalhos}}
{{paroxítona|ba|ga|lho}}, {{m}}
# [[bago]] de romã
==Ver também==
===No Wikcionário===
{{verTambém.Ini}}
* [[baga]]
{{verTambém.NovaColuna}}
* [[bágua]]
{{verTambém.Fim}}
[[Categoria:Substantivo (Português)]]</text>
<sha1>jmj72dn6jhb14js9c4d8ecm9ts776hs</sha1>
</revision>
</page>
