<page>
<title>bagaxa</title>
<ns>0</ns>
<id>97584</id>
<revision>
<id>1205509</id>
<parentid>944278</parentid>
<timestamp>2011-07-10T01:39:45Z</timestamp>
<contributor>
<username>MalafayaBot</username>
<id>628</id>
</contributor>
<minor />
<comment>Robô: Substituição de texto automática (-^\=\s?Português\s?\= +={{-pt-}}= &amp; -^\=\s?\{\{pt\}\}\s?\= +={{-pt-}}=)</comment>
<model>wikitext</model>
<format>text/x-wiki</format>
<text bytes="180" xml:space="preserve">{{ver também|bagada|bagata|bagaça}}
={{-pt-}}=
==Substantivo==
{{flex.pt|fs=bagaxa|fp=bagaxas}}
{{paroxítona|ba|ga|xa}}
# [[prostituta]]
[[Categoria:Substantivo (Português)]]</text>
<sha1>1grbu67prtx3z0keti9kr6w0jj37etm</sha1>
</revision>
</page>
