<page>
<title>baga</title>
<ns>0</ns>
<id>34225</id>
<revision>
<id>2660175</id>
<parentid>2659969</parentid>
<timestamp>2022-02-14T14:35:08Z</timestamp>
<contributor>
<username>Apisite</username>
<id>75249</id>
</contributor>
<comment>/* Tradução */</comment>
<model>wikitext</model>
<format>text/x-wiki</format>
<text bytes="2553" xml:space="preserve">{{Wikipédia}}
={{-pt-}}=
==Substantivo==
{{flex.pt|fs=baga|fp=bagas}}
{{paroxítona|ba|ga}}, {{f}}
# [[pequeno]] [[fruto]], geralmente [[arredondado]], [[carnudo]] e [[comestível]], como a [[camarinha]] e o [[mirtilo]]
# [[fruto]] do [[loureiro]] e do [[sabugueiro]]
# {{escopo|figurado}} aquilo que tem [[forma]] de '''baga''', como a [[lágrima]], a [[gota]] de [[suor]], a [[pérola]]:
#* ''&quot;... limpava as grossas '''bagas''' de um suor horrendo...&quot;'' – [[w:Eça de Queirós|Eça de Queirós]], [[s:O Tesouro|''O Tesouro'']]
# {{escopo|botânica}} [[fruto]] [[carnoso]], [[indeiscente]], como o [[tomate]]
# {{escopo|Brasil}} [[semente]] de [[mamona]]
# {{escopo|Brasil, Santa Catarina, Florianópolis}} [[caroço]], [[semente]], [[grainha]]:
#* ''Quando eu chupo uva, jogo as '''bagas''' fora.''
# {{escopo|Trás-os-Montes}} [[bagaço]] da [[azeitona]]
===Tradução===
{{tradini| De 1 (pequeno fruto)}}
* {{trad|af|bessie}}
* {{trad|de|Beere}}
* {{trad|ca|baia}}
* {{trad|zh|莓|漿果|浆果}}
* {{trad|da|bær}}
* {{trad|es|baya}}
* {{trad|fo|ber}}
* {{trad|fr|baie}}
* {{trad-|el|μούρο|(moúro)}}
* {{trad|hu|bogyó}}
* {{trad|hrx|Beer}}
{{tradmeio}}
* {{trad|en|berry}}
* {{trad|ga|caor}}
* {{trad|is|ber}}
* {{trad|lb|Bier}}
* {{trad|pl|jagoda}}
* {{trad|ro|bacă}}
* {{trad|sv|bär}}
* {{trad-|bo|བསེའུ|(bse'u)}}
* {{trad-|ug|مېۋە|(mëwe)}}
* {{trad|wym|bier}}
{{tradfim}}
=={{etimologia|pt}}==
: Do latim ''[[baca]]'', por ''[[bacca]]''.
=={{pronúncia|pt}}==
===Portugal===
* AFI: {{AFI|/ˈba.ɡɐ/}}
==Ver também==
===No Wikcionário===
{{verTambém.Ini}}
* [[bago]]
{{verTambém.NovaColuna}}
* [[bágoa]]
{{verTambém.Fim}}
[[Categoria:Substantivo (Português)]]
[[Categoria:Botânica (Português)]]
={{-gl-}}=
==Substantivo==
{{flex.oc|fs=baga|fp=bagas}}
{{paroxítona|ba|ga|lang=gl}}, {{f}}
# [[baga#Português|baga]], fruto
# [[baga#Português|baga]], bagaço
# cápsula da semente do linho, semente do linho, [[vagem]] do grão-de-bico
=={{etimologia|gl}}==
: Do {{etm|la|gl}} {{etimo|la|baca}}.
[[Categoria:Substantivo (Galego)]]
[[Categoria:Botânica (Galego)]]
={{-oc-}}=
==Substantivo&lt;sup&gt;1&lt;/sup&gt;==
{{flex.oc|fs=baga|fp=bagas}}
{{paroxítona|ba|ga|lang=oc}}, {{f}}
# [[grão]]
# [[anel]]
==={{etimologia|oc}}===
: Do {{etm|la|oc}} {{etimo|la|baca}}.
==Substantivo&lt;sup&gt;2&lt;/sup&gt;==
{{flex.oc|fs=baga|fp=bagas}}
{{paroxítona|ba|ga|lang=oc}}, {{f}}
# [[bagagem]]
==={{etimologia|oc}}===
: Do {{etm|la|oc}} {{etimo|la|baga}}.
[[Categoria:Substantivo (Occitano)]]
[[Categoria:Botânica (Occitano)]]</text>
<sha1>70iw961vez1rlallb3xasphsub9bvdy</sha1>
</revision>
</page>
