<page>
<page>
<title>bagaços</title>
<ns>0</ns>
<id>266671</id>
<revision>
<id>2305341</id>
<parentid>1748222</parentid>
<timestamp>2017-04-29T12:02:19Z</timestamp>
<contributor>
<username>HydrizBot</username>
<id>29590</id>
</contributor>
<minor />
<comment>Robô: A limpar links interwikis antigos</comment>
<model>wikitext</model>
<format>text/x-wiki</format>
<text bytes="150" xml:space="preserve">={{-pt-}}=
==Forma de substantivo==
'''bagaços''', {{p}}
#plural de '''[[bagaço#{{pt}}|bagaço]]'''
[[Categoria:Forma de substantivo (Português)]]</text>
<sha1>9d4l4vwh5g6lzhnew4i7mwbu806suxn</sha1>
</revision>
