<page>
<page>
<title>bagançal</title>
<ns>0</ns>
<id>87144</id>
<revision>
<id>1374005</id>
<parentid>1211731</parentid>
<timestamp>2012-02-02T11:36:15Z</timestamp>
<contributor>
<username>ValJor</username>
<id>1358</id>
</contributor>
<comment>Eliminando uso de __NOEDITSECTION__</comment>
<model>wikitext</model>
<format>text/x-wiki</format>
<text bytes="268" xml:space="preserve">{{ver também|bagaçal|bancal|cagaçal}}
={{-pt-}}=
==Substantivo==
{{flex.pt|ms=bagançal|mp=bagançais}}
{{oxítona|ba|gan|çal}}
# {{escopo|Termo indiano}} [[armazém]] de [[fazenda]]s
[[Categoria:Substantivo (Português)]]
[[Categoria:Regionalismo (Português)]]</text>
<sha1>8rpbvpxjkqow2apw91h5aj3jmtrudya</sha1>
</revision>
