<page>
<title>bagageiro</title>
<ns>0</ns>
<id>296968</id>
<revision>
<id>2305332</id>
<parentid>2100507</parentid>
<timestamp>2017-04-29T12:01:49Z</timestamp>
<contributor>
<username>HydrizBot</username>
<id>29590</id>
</contributor>
<minor />
<comment>Robô: A limpar links interwikis antigos</comment>
<model>wikitext</model>
<format>text/x-wiki</format>
<text bytes="413" xml:space="preserve">={{-pt-}}=
==Adjetivo==
{{paroxítona|ba|ga|gei|ro}}
# que [[transportar|transporta]] [[bagagem]]
==Substantivo==
{{paroxítona|ba|ga|gei|ro}}, {{m}}
# [[compartimento]] em que se [[depositar|deposita]] bagagem ou [[veículo]] [[destinado]] ao [[transporte]] desta
=={{etimologia|pt}}==
: {{escopo|Morfologia}} [[bagagem]] + [[-eiro]].
[[Categoria:Adjetivo (Português)]]
[[Categoria:Substantivo (Português)]]</text>
<sha1>tmujo4eapwsa43t08jgqqkwtvjsig0z</sha1>
</revision>
</page>
