<page>
<title>bagaseta</title>
<ns>0</ns>
<id>75550</id>
<revision>
<id>1373689</id>
<parentid>294469</parentid>
<timestamp>2012-02-01T17:04:14Z</timestamp>
<contributor>
<username>MalafayaBot</username>
<id>628</id>
</contributor>
<minor />
<comment>Robô: Substituição de texto automática  (-^\=(\s*?)(\{\{lnf\}\}|Lunfardo)(\s*?)\= +={{-lnf-}}=)</comment>
<model>wikitext</model>
<format>text/x-wiki</format>
<text bytes="118" xml:space="preserve">={{-lnf-}}=
==Substantivo==
'''{{PAGENAME}}'''
:# [[prostituta]]
:# [[rameira]]
[[Categoria:Substantivo (Lunfardo)]]</text>
<sha1>gwta73dkm0r8dmdpuv3a96bqbwg1knp</sha1>
</revision>
</page>
