<page>
<title>bagaceira</title>
<ns>0</ns>
<id>120725</id>
<revision>
<id>2599528</id>
<parentid>2305330</parentid>
<timestamp>2020-10-25T10:21:06Z</timestamp>
<contributor>
<username>ValJor</username>
<id>1358</id>
</contributor>
<comment>Verbete [[:Categoria:!Página com idioma não informado em Predefinição:etimologia|sem indicação do idioma na seção de etimologia]]</comment>
<model>wikitext</model>
<format>text/x-wiki</format>
<text bytes="756" xml:space="preserve">={{-pt-}}=
==Substantivo==
{{paroxítona|ba|ga|cei|ra}}, {{gramática|f}}
# [[lugar]] onde se [[juntar|junta]] o [[bagaço]]
# [[aguardente]] extraída do [[bagaço]]
# [[monte]] de [[lenha]], em [[pilha]], disposta de maneira que a [[miúdo|miúda]] se não confunda com a [[graúdo|graúda]]
# {{escopo|pt|Brasil}} é o que não serve, não presta, é ruim, inútil, desorganizado
# {{escopo|pt|Botânica}} árvore da família das Moráceas (''Bagassa guyanensis'')
=={{etimologia|pt}}==
: {{escopo|Morfologia}} [[bagaço]] + [[-eira]].
==Ver também==
===No Wikcionário===
* [[bagaça]]
==Ligações externas==
* {{Aulete}}
* {{Michaelis}}
* {{DicioAberto}}
* {{DPLP}}
* {{Infopédia}}
* {{PLP}}
* {{VOLPABL}}
[[Categoria:Substantivo (Português)]]</text>
<sha1>44tuwfszf6o630ubdd8jna5zs24o8a3</sha1>
</revision>
</page>
