<page>
<page>
<title>bagatela</title>
<ns>0</ns>
<id>45185</id>
<revision>
<id>2613045</id>
<parentid>2305338</parentid>
<timestamp>2021-01-31T13:39:45Z</timestamp>
<contributor>
<username>Marxav</username>
<id>73271</id>
</contributor>
<minor />
<comment>AFI Portugal</comment>
<model>wikitext</model>
<format>text/x-wiki</format>
<text bytes="397" xml:space="preserve">={{-pt-}}=
==Substantivo==
{{flex.pt|fs=bagatela|fp=bagatelas}}
{{paroxítona|ba|ga|te|la}}
# [[insignificância]]
# [[tabuleiro]] do [[bilhar]] [[chinês]]
===Sinônimo===
* De 1 (insignificância) [[tuta-e-meia]]
=={{etimologia|pt}}==
: Do  italiano ''bagatella'' ([[ninharia]]).
=={{pronúncia|pt}}==
===Portugal===
* AFI: {{AFI|/bɐ.ɡɐ.ˈtɛ.lɐ/}}
[[Categoria:Substantivo (Português)]]</text>
<sha1>bksoq7cmlarp4h82897mwkkblgnttru</sha1>
</revision>
