<page>
<title>bagare</title>
<ns>0</ns>
<id>50976</id>
<revision>
<id>2481302</id>
<parentid>2305337</parentid>
<timestamp>2018-01-29T11:43:34Z</timestamp>
<contributor>
<username>ValJor</username>
<id>1358</id>
</contributor>
<comment>Acrescentando código de língua à [[:Categoria:!Página com mensagem de erro em predefinição|predefinição escopo]]</comment>
<model>wikitext</model>
<format>text/x-wiki</format>
<text bytes="1353" xml:space="preserve">[[Ficheiro:Boudin Bakery, Fisherman's Wharf baker showing off crab 1.JPG|thumb|250px|'''Bagare''' (&quot;[[padeiro]]&quot;)]]
={{-sv-}}=
==Substantivo==
'''{{grifar|ba}}.ga.re''' {{c}}
# [[padeiro]]:
#* ''Vi köper vårt bröd direkt från '''bagaren''' här i byn.'' &lt;small&gt;(Compramos nosso pão do padeiro aqui da aldeia.)&lt;/small&gt;
# {{escopo|sv|gíria|economia}} [[moeda]] de uma [[coroa]]:
#* ''Den här skjortan kostade bara 50 '''bagare'''.'' &lt;small&gt;(Esta camisa custou apenas 50 pratas.)&lt;/small&gt;
===Declinação===
{{decl.sv.subst.5.com.-na}}
===Sinônimos===
* De '''2''': {{link preto|enkrona}}
===Verbetes derivados===
{{fraseini|Termos derivados de ''bagare'' (1)}}
* {{link preto|pizzabagare}}
* {{link preto|sockerbagare}}
{{frasefim}}
=={{pronúncia|sv}}==
* [[AFI]]: {{AFI|/ˈbɑː.ga.rə/}}
* [[X-SAMPA]]: /&quot;bA:.ga.r@/
==Ver também==
===No Wikcionário===
{{verTambém.Ini}}
* [[baka#{{sv}}|baka]]
* [[mynt]]
{{verTambém.Fim}}
===Referências===
{{verTambém.Ini}}
* [http://www.ord.se/oversattning/engelska/?s=bagare&amp;l=SVEENG ''bagare'' no Norstedts Ord (em sueco)]
* [http://lexin.nada.kth.se/sve-sve.html Svenska ord (Lexin) (em sueco)] 
{{verTambém.Fim}}
[[Categoria:Substantivo (Sueco)]]
[[Categoria:Trissílabo (Sueco)]]
[[Categoria:Proparoxítona (Sueco)]]
[[Categoria:Profissão (Sueco)]]
[[Categoria:Entrada com imagem (Sueco)]]</text>
<sha1>7rabg2udlhmb6h8lzjbjens946jf2e1</sha1>
</revision>
</page>
