<page>
<title>bagaça</title>
<ns>0</ns>
<id>81485</id>
<revision>
<id>2305339</id>
<parentid>1970942</parentid>
<timestamp>2017-04-29T12:02:14Z</timestamp>
<contributor>
<username>HydrizBot</username>
<id>29590</id>
</contributor>
<minor />
<comment>Robô: A limpar links interwikis antigos</comment>
<model>wikitext</model>
<format>text/x-wiki</format>
<text bytes="662" xml:space="preserve">{{ver também|babaça|bagada|bagaço|baraça|bagata|bagaxa}}
={{-pt-}}=
==Substantivo==
{{flex.pt|fs=bagaça|fp=bagaças}}
{{paroxítona|ba|ga|ça}}
# planta do gênero ''Bagassa'' da família das moráceas
# {{escopo|gíria}} [[coisa]]
#* ''Você pegou essa Ferrari ontem e está dirigindo feito louco comigo dentro? Não, para aí que eu vou dirigir essa '''bagaça''' ou nós não chegaremos inteiros.''
# {{escopo|Regionalismo, Alentejo}} [[mulher]] de [[mau|má]] [[nota]]
=={{pronúncia|pt}}==
===Brasil===
====Carioca====
* [[AFI]]: /ba.ˈga.sɐ/
* [[X-SAMPA]]: /ba.&quot;ga.s6/
[[Categoria:Substantivo (Português)]]
[[Categoria:Regionalismo (Português)]]</text>
<sha1>kljoho6ze0yym6h0309ldee95joy3cc</sha1>
</revision>
</page>
