<page>
<page>
<title>bagaf</title>
<ns>0</ns>
<id>337137</id>
<revision>
<id>2305331</id>
<parentid>1907159</parentid>
<timestamp>2017-04-29T12:01:47Z</timestamp>
<contributor>
<username>HydrizBot</username>
<id>29590</id>
</contributor>
<minor />
<comment>Robô: A limpar links interwikis antigos</comment>
<model>wikitext</model>
<format>text/x-wiki</format>
<text bytes="220" xml:space="preserve">={{-vo-}}=
==Pronome==
{{oxítona|lang=vo|ba|gaf}}
# [[parágrafo]]
===Declinação===
{{decl.vo.subst}}
=={{pronúncia|vo}}==
* [[AFI]]: {{AFI|/baˈgaf/}}
* [[X-SAMPA]]: /ba&quot;gaf/
[[Categoria:Substantivo (Volapuque)]]</text>
<sha1>lntr06ik1pi8zepdp2cf8w2zdekr57b</sha1>
</revision>
