<page>
<page>
<title>bagaço</title>
<ns>0</ns>
<id>139160</id>
<revision>
<id>2625959</id>
<parentid>2625958</parentid>
<timestamp>2021-03-07T16:16:23Z</timestamp>
<contributor>
<username>Cpls</username>
<id>20608</id>
</contributor>
<model>wikitext</model>
<format>text/x-wiki</format>
<text bytes="753" xml:space="preserve">={{-pt-}}=
==Substantivo==
{{flex.pt|ms=bagaço|mp=bagaços}}
{{paroxítona|ba|ga|ço}}, {{g|m}}
# o que sobra dos [[fruto]]s, [[erva]]s ou de qualquer outro [[vegetal]] depois de se lhe tirar o [[suco]]
# [[bagaceira]], aguardente do bagaço da uva
# parte [[fibroso|fibrosa]] da [[cana-de-açúcar]] depois de [[espremido|espremida]]
# coisa inútil
# {{escopo|pt|Figurado}} muito cansado
#* ''Estou um '''bagaço''' hoje.''
===Tradução===
{{tradini|De 2}}
* {{trad|en|bagasse}}
{{tradmeio}}
{{tradfim}}
=={{etimologia|pt}}==
: {{escopo|Morfologia}} [[baga]] + [[-aço]].
==Ver também==
===No Wikcionário===
{{verTambém.Ini}}
* [[abagaçar]]
{{verTambém.NovaColuna}}
* [[esbagaçar]]
{{verTambém.Fim}}
[[Categoria:Substantivo (Português)]]</text>
<sha1>gbpdf09a49lhuv5wutvuibovw44xrbn</sha1>
</revision>
