<page>
<page>
<title>bagagear</title>
<ns>0</ns>
<id>435082</id>
<revision>
<id>2639126</id>
<timestamp>2021-06-19T21:41:54Z</timestamp>
<contributor>
<username>Cpls</username>
<id>20608</id>
</contributor>
<comment>[[Ajuda:Guia de edição/Menus e ferramentas/Sumário de edição|→]] nova página: ={{-gl-}}= {{ga-in}} ==Verbo== {{oxítona|ba|ga|ge|ar|lang=gl}} # [[vaguear#{{pt}}|vaguear]], vagabundear, mo...</comment>
<model>wikitext</model>
<format>text/x-wiki</format>
<text bytes="631" xml:space="preserve">={{-gl-}}=
{{ga-in}}
==Verbo==
{{oxítona|ba|ga|ge|ar|lang=gl}}
# [[vaguear#{{pt}}|vaguear]], vagabundear, mover-se de um lugar a outro sem [[rumo]]
# [[gandular]], levar uma vida [[vadio|vadia]]
==={{-varort-}}===
* [[vagajear#{{gl}}|vagajear]]
===Sinónimos===
* [[andar de vaquejo#{{gl}}|andar de vaquejo]], [[lacaçanear#{{gl}}|lacaçanear]], [[vaguejar#{{gl}}|vaguejar]], [[vaquejar#{{gl}}|vaquejar]]
=={{etimologia|gl}}==
: {{escopo|Morfologia}} De ''[[bagagem#{{gl}}|bagage(m)]]'' + ''[[-ear#{{gl}}|-ear]]''. Confronte-se com ''[[bagageiro#{{gl}}|bagageiro]]'' e ''[[bagaja#{{gl}}|bagaja]]''
[[Categoria:Verbo (Galego)]]</text>
<sha1>byuuyqtrt3iicnpgfpf79lg881hhcpx</sha1>
</revision>
