<page>
<title>Bagamalar</title>
<ns>0</ns>
<id>407763</id>
<revision>
<id>2538379</id>
<timestamp>2019-03-08T13:51:21Z</timestamp>
<contributor>
<username>ValJor</username>
<id>1358</id>
</contributor>
<comment>Criação do verbete a partir da [[Especial:Páginas_pedidas|lista de palavras pedidas]]</comment>
<model>wikitext</model>
<format>text/x-wiki</format>
<text bytes="437" xml:space="preserve">{{Wikipédia|lang=uz}}
[[Imagem:Flag_of_the_Bahamas.svg|thumb|right|250px|&lt;center&gt;Bandeira das Bahamas&lt;/center&gt;]]
[[Imagem:LocationBahamas.svg|thumb|right|250px|&lt;center&gt;Localização das Bahamas&lt;/center&gt;]]
={{-uz-}}=
==Substantivo==
'''Bagamalar''', {{gramática|pr}}
# {{escopo|uz|País}} [[Bahamas]]
==Ver também==
===No Wikcionário===
{{América/uz}}
[[Categoria:Substantivo (Uzbeque)]]
[[Categoria:Entrada com imagem (Uzbeque)]]</text>
<sha1>ebeni0qhjgyarp0zqd3o0s829xxcov6</sha1>
</revision>
</page>
