<page>
<title>bagabaga</title>
<ns>0</ns>
<id>340740</id>
<revision>
<id>2305329</id>
<parentid>2154203</parentid>
<timestamp>2017-04-29T12:01:44Z</timestamp>
<contributor>
<username>HydrizBot</username>
<id>29590</id>
</contributor>
<minor />
<comment>Robô: A limpar links interwikis antigos</comment>
<model>wikitext</model>
<format>text/x-wiki</format>
<text bytes="219" xml:space="preserve">={{-pt-}}=
==Substantivo==
{{paroxítona|ba|ga|ba|ga}} {{rubrica|ms}}
# {{escopoUso|Cabo Verde|pt}} {{escopoUso|Guiné-Bissau|pt}} [[térmite]]
# {{escopoUso|Cabo Verde|pt}} {{escopoUso|Guiné-Bissau|pt}} [[termiteira]]</text>
<sha1>p3tlhf2wf5a3l6lusku6qmo2hied9gg</sha1>
</revision>
</page>
