<page>
<title>baganho</title>
<ns>0</ns>
<id>338620</id>
<revision>
<id>2468668</id>
<parentid>1912298</parentid>
<timestamp>2017-12-09T13:54:18Z</timestamp>
<contributor>
<username>Cpls</username>
<id>20608</id>
</contributor>
<comment>a padronizar e acrescentar {{gl}}</comment>
<model>wikitext</model>
<format>text/x-wiki</format>
<text bytes="701" xml:space="preserve">={{-gl-}}=
==Substantivo==
{{flex.gl|ms=baganho|mp=baganhos}}
{{paroxítona|ba|ga|nho|lang=gl}}, {{g|m|lang=gl}}
# [[bagaço]] da uva
# o conjunto das [[grainha]]s das uvas que foram espremidas para o vinho 
===Sinónimos===
* De '''2''': [[bagaço#{{gl}}|bagaço]], [[baganha#{{gl}}|baganha]], [[bagulho#{{gl}}|bagulho]]
[[Categoria:Substantivo (Galego)]]
={{-mwl-}}=
==Substantivo==
{{flex.mwl|ms=baganho|mp=baganhos}}
{{paroxítona|ba|ga|nho|lang=mwl}}, {{g|m|lang=mwl}}
# [[grainha]] da uva
# [[bagaço]] da azeitona
===Sinônimos===
* De '''1''' (grainha): [[granina#Mirandês|granina]]
* De '''2''' (bagaço da azeitona): [[carunha#Mirandês|carunha]]
[[Categoria:Substantivo (Mirandês)]]</text>
<sha1>pfxkgp5ptksvylgg190b2ca7jekz4ib</sha1>
</revision>
</page>
