<page>
<page>
<title>baggage</title>
<ns>0</ns>
<id>11279</id>
<revision>
<id>2305343</id>
<parentid>2179427</parentid>
<timestamp>2017-04-29T12:02:31Z</timestamp>
<contributor>
<username>HydrizBot</username>
<id>29590</id>
</contributor>
<minor />
<comment>Robô: A limpar links interwikis antigos</comment>
<model>wikitext</model>
<format>text/x-wiki</format>
<text bytes="554" xml:space="preserve">{{Wikipédia|lang=en}}
={{-en-}}=
==Substantivo==
'''baggage'''
# [[bagagem]]
===Expressões===
* '''[[carry-on baggage]]''': bagagem acompanhada (mala de mão, sacola etc carregada pelo passageiro durante viagem de avião)
* '''[[excess baggage]]''': excesso de bagagem (bagagem com o peso acima do permitido, durante viagem de avião
* '''[[interline baggage]]''': bagagem em trânsito (a ser transferida de um para outro avião, durante viagem)
===Sinônimo===
* [[luggage]]
[[Categoria:Substantivo (Inglês)]]
[[Categoria:Aeronáutica (Inglês)]]</text>
<sha1>cwoxc5mfgref9uvz4gsyppvmq1fnbd0</sha1>
</revision>
