<page>
<title>Bagger</title>
<ns>0</ns>
<id>366695</id>
<revision>
<id>2524983</id>
<parentid>2488543</parentid>
<timestamp>2018-11-03T17:00:29Z</timestamp>
<contributor>
<username>Amigo7</username>
<id>58547</id>
</contributor>
<minor />
<comment>Pequena modificação na imagem</comment>
<model>wikitext</model>
<format>text/x-wiki</format>
<text bytes="810" xml:space="preserve">{{Wikipédia|lang=de}}
[[Imagem:Kleinbagger.JPG|thumb|right|250px|&lt;center&gt;Bagger&lt;/center&gt;]]
={{-de-}}=
==Substantivo==
{{paroxítona|Bag|ger|lang=de}}, {{gramática|m}}
# [[escavadeira]], [[escavadora]]
#* ''Dieser '''Bagger''' ist ideal für Erdarbeiten.'' &lt;small&gt;(Esta '''escavadora''' é ideal para obras de terraplanagem).&lt;/small&gt;
===Declinação===
{{decl.de.subst.forte.masc|Bagger|Bagger|Baggers}}
===Verbetes derivados===
{{colunas|3}}
* [[Anbaggern]] 
* [[anbaggern]] 
* [[anbaggernd]]
* [[ausbaggern]]
* [[Baggerführer]]
* [[Baggerer]]
* [[Baggermaschine]]
* [[baggernd]]
* [[Baggersee]]
{{colunas/fim}}
=={{etimologia|de}}==
: Do verbo ''[[baggern]]''.
=={{pronúncia|de}}==
* [[AFI]]: {{AFI|/ˈba.ɡɐ/|lang=de}}
[[Categoria:Substantivo (Alemão)]]
[[Categoria:Entrada com imagem (Alemão)]]</text>
<sha1>9j5ht96uk02qxc4ag0ll200s9uifsjw</sha1>
</revision>
</page>
