<page>
<page>
<title>bagian</title>
<ns>0</ns>
<id>68172</id>
<revision>
<id>2305344</id>
<parentid>2116270</parentid>
<timestamp>2017-04-29T12:02:33Z</timestamp>
<contributor>
<username>HydrizBot</username>
<id>29590</id>
</contributor>
<minor />
<comment>Robô: A limpar links interwikis antigos</comment>
<model>wikitext</model>
<format>text/x-wiki</format>
<text bytes="99" xml:space="preserve">={{-ms-}}=
==Substantivo==
'''bagian'''
# [[parte]]; [[metade]]
[[Categoria:Substantivo (Malaio)]]</text>
<sha1>7hmxjdyf9sigmi4h4t3ezex9x523yxk</sha1>
</revision>
