<page>
<title>bagina</title>
<ns>0</ns>
<id>208422</id>
<revision>
<id>2305345</id>
<parentid>2218222</parentid>
<timestamp>2017-04-29T12:02:35Z</timestamp>
<contributor>
<username>HydrizBot</username>
<id>29590</id>
</contributor>
<minor />
<comment>Robô: A limpar links interwikis antigos</comment>
<model>wikitext</model>
<format>text/x-wiki</format>
<text bytes="111" xml:space="preserve">={{-ja-}}=
==Transliteração==
# transliteração de [[バギナ]]
[[Categoria:Transliteração (Japonês)]]</text>
<sha1>m4z2u33pwk1hce9jaexzeezyik4vk5k</sha1>
</revision>
</page>
