<page>
<title>baglatéia</title>
<ns>0</ns>
<id>102458</id>
<revision>
<id>1192550</id>
<parentid>944272</parentid>
<timestamp>2011-07-08T22:01:41Z</timestamp>
<contributor>
<username>MalafayaBot</username>
<id>628</id>
</contributor>
<minor />
<comment>Robô: Substituição de texto automática (-^\=\s?Português\s?\= +={{-pt-}}= &amp; -^\=\s?\{\{pt\}\}\s?\= +={{-pt-}}=)</comment>
<model>wikitext</model>
<format>text/x-wiki</format>
<text bytes="199" xml:space="preserve">{{Anterior ao Acordo de 1990|baglateia}}
={{-pt-}}=
==Substantivo==
{{flex.pt|fs=baglatéia|fp=baglatéias}}
{{paroxítona|ba|gla|téi|a}}
# ver [[baglateia]]
[[Categoria:Substantivo (Português)]]</text>
<sha1>nfeakfqsweilp27bhqany0va0pqa0h0</sha1>
</revision>
</page>
