<page>
<page>
<title>Bagre</title>
<ns>0</ns>
<id>142979</id>
<revision>
<id>2265052</id>
<parentid>1498903</parentid>
<timestamp>2017-04-26T14:19:16Z</timestamp>
<contributor>
<username>HydrizBot</username>
<id>29590</id>
</contributor>
<minor />
<comment>Robô: A limpar links interwikis antigos</comment>
<model>wikitext</model>
<format>text/x-wiki</format>
<text bytes="262" xml:space="preserve">{{ver também|bagre}}
={{-pt-}}=
{{Wikipédia}}
==Substantivo==
'''Bagre''' {{pr}}
#[[município]] [[brasileiro]] do [[estado]] do [[Pará]]
==Ver também==
*[[Apêndice:Municípios do estado do Pará]]
[[Categoria:Município do estado do Pará (Português)]]</text>
<sha1>j1pchovgv0gkrmurgu6t0b40a349sav</sha1>
</revision>
