<page>
<page>
<title>bagus</title>
<ns>0</ns>
<id>68173</id>
<revision>
<id>2305361</id>
<parentid>2186222</parentid>
<timestamp>2017-04-29T12:03:17Z</timestamp>
<contributor>
<username>HydrizBot</username>
<id>29590</id>
</contributor>
<minor />
<comment>Robô: A limpar links interwikis antigos</comment>
<model>wikitext</model>
<format>text/x-wiki</format>
<text bytes="163" xml:space="preserve">={{-id-}}=
==Adjetivo==
'''bagus'''
# [[bom]]
[[Categoria:Adjetivo (Indonésio)]]
={{-ms-}}=
==Adjetivo==
'''bagus'''
# [[bom]]
[[Categoria:Adjetivo (Malaio)]]</text>
<sha1>g4yq8quzzuxfc8nposqb4q1kmd069fs</sha1>
</revision>
