<page>
<title>bagunceiro</title>
<ns>0</ns>
<id>150864</id>
<revision>
<id>2305357</id>
<parentid>1949604</parentid>
<timestamp>2017-04-29T12:03:11Z</timestamp>
<contributor>
<username>HydrizBot</username>
<id>29590</id>
</contributor>
<minor />
<comment>Robô: A limpar links interwikis antigos</comment>
<model>wikitext</model>
<format>text/x-wiki</format>
<text bytes="362" xml:space="preserve">={{-pt-}}=
==Adjetivo==
{{flex.pt|bagunceiro|bagunceiros|bagunceira|bagunceiras}}
{{paroxítona|ba|gun|cei|ro}}, {{m}}
#que [[faz]] [[bagunça]]
#[[desorganizado]]
#[[arruaceiro]], [[baderneiro]]
==Substantivo==
{{paroxítona|ba|gun|cei|ro}}, {{m}}
#[[indivíduo]] que faz [[bagunça]]
[[Categoria:Adjetivo (Português)]]
[[Categoria:Substantivo (Português)]]</text>
<sha1>afocexl8hh7ggi70dnp9f1nsc6hy93u</sha1>
</revision>
</page>
