<page>
<title>bagulheira</title>
<ns>0</ns>
<id>335205</id>
<revision>
<id>1888757</id>
<parentid>1888379</parentid>
<timestamp>2015-01-22T08:49:39Z</timestamp>
<contributor>
<username>Kaleb Alkbashr</username>
<id>45065</id>
</contributor>
<comment>pensando bem, dispensável</comment>
<model>wikitext</model>
<format>text/x-wiki</format>
<text bytes="169" xml:space="preserve">={{-pt-}}=
==Substantivo==
{{flex.pt|fs=bagulheira|fp=bagulheiras}}
{{paroxítona|ba|gu|lhei|ra}}, {{f}}
# série de [[bagulho]]s
[[Categoria:Substantivo (Português)]]</text>
<sha1>lj87pvagyuc0yipi6h31zwzz07m61tp</sha1>
</revision>
</page>
