<page>
<page>
<title>bagunhar</title>
<ns>0</ns>
<id>300490</id>
<revision>
<id>1496825</id>
<parentid>1496822</parentid>
<timestamp>2012-10-23T21:30:23Z</timestamp>
<contributor>
<username>Cpls</username>
<id>20608</id>
</contributor>
<comment>/* {{-gl-}} */</comment>
<model>wikitext</model>
<format>text/x-wiki</format>
<text bytes="375" xml:space="preserve">={{-pt-}}=
==Verbo==
{{oxítona|ba|gu|nhar}}
# {{escopo|Bahia}} [[segurar]] fortemente
===Conjugação===
{{conj/pt|bagunh|ar}}
==Ver também==
===No Wikcionário===
* [[bago]]
[[Categoria:Verbo (Português)]]
={{-gl-}}=
==Verbo==
{{oxítona|lang=gl|ba|gu|nhar}}
# [[chover]], [[orvalhar]]
==Ver também==
===No Wikcionário===
* [[bágua]]
[[Categoria:Verbo (Galego)]]</text>
<sha1>r8cjcz9qbmmh9kdt2lru64sv390pray</sha1>
</revision>
