<page>
<page>
<title>bagudo</title>
<ns>0</ns>
<id>45101</id>
<revision>
<id>1494915</id>
<parentid>1251354</parentid>
<timestamp>2012-10-23T04:23:53Z</timestamp>
<contributor>
<username>VJBot</username>
<id>33673</id>
</contributor>
<minor />
<comment>Robô: Substituição de texto automática  (-{{vt| +{{ver também|)</comment>
<model>wikitext</model>
<format>text/x-wiki</format>
<text bytes="458" xml:space="preserve">{{ver também|batudo}}
={{-pt-}}=
==Adjetivo==
{{flex.pt|ms=bagudo|mp=bagudos|fs=baguda|fp=bagudas}}
{{paroxítona|ba|gu|do}}
# com [[bago]]s [[grande]]s
==Substantivo==
{{flex.pt|ms=bagudo|mp=bagudos}}
{{paroxítona|ba|gu|do}}
# {{escopo|Popular}} [[feijão]] [[fresco]]
=={{etimologia|pt}}==
: {{escopo|Morfologia}} [[bago]] + [[-udo]].
[[Categoria:Adjetivo (Português)]]
[[Categoria:Substantivo (Português)]]
[[Categoria:Alimentação (Português)]]</text>
<sha1>hsmuq230n9uhwgzt5iuq52d6qi4ie9z</sha1>
</revision>
