<page>
<page>
<title>baguete</title>
<ns>0</ns>
<id>320788</id>
<revision>
<id>2613441</id>
<parentid>2305351</parentid>
<timestamp>2021-01-31T14:46:44Z</timestamp>
<contributor>
<username>Marxav</username>
<id>73271</id>
</contributor>
<minor />
<comment>AFI Portugal</comment>
<model>wikitext</model>
<format>text/x-wiki</format>
<text bytes="755" xml:space="preserve">{{Wikipédia}}
{{pularLinhas|3}}
{| style=&quot;float:right; &quot;
|-
| [[Imagem:Baguette Double Side Checkerboard Cut CZ.JPG|240px|thumb|&lt;center&gt;Baguete&lt;sup&gt;1&lt;/sup&gt;&lt;/center&gt;]]
| [[Imagem:Baguettes - stonesoup.jpg|120px|thumb|&lt;center&gt;Baguete&lt;sup&gt;2&lt;/sup&gt;&lt;/center&gt;]]
|}
={{-pt-}}=
==Substantivo==
{{flex.pt|fs=baguete|fp=baguetes}}
{{paroxítona|ba|gue|te}}
# [[diamante]] com 25 facetas
# variedade de [[pão]] francês fino e comprido
# [[moldura]] fina geralmente metálica usada para fixar vidro (ou decorar)
=={{etimologia|pt}}==
: Do francês [[baguette]].
=={{pronúncia|pt}}==
===Portugal===
* AFI: {{AFI|/ba.ˈɡɛ.tɨ/}}
==Ver também==
===No Wikcionário===
* [[bauru]]
[[Categoria:Substantivo (Português)]]
[[Categoria:Alimentação (Português)]]</text>
<sha1>ng7u07gfgian7e9kecszxlyodzd6t1s</sha1>
</revision>
