<page>
<title>bagual</title>
<ns>0</ns>
<id>118050</id>
<revision>
<id>2305350</id>
<parentid>2013362</parentid>
<timestamp>2017-04-29T12:02:50Z</timestamp>
<contributor>
<username>HydrizBot</username>
<id>29590</id>
</contributor>
<minor />
<comment>Robô: A limpar links interwikis antigos</comment>
<model>wikitext</model>
<format>text/x-wiki</format>
<text bytes="424" xml:space="preserve">={{-pt-}}=
==Substantivo==
#[[cavalo]] [[selvagem]] [[que]] [[ainda]] [[não]] [[foi]] [[domado]].
==Adjetivo==
#[[rude]], [[estúpido]], [[insensível]] [[com]] [[as]] [[palavras]];
#[[forte]], [[destemido]].
={{-es-}}=
==Substantivo==
#[[cavalo]] [[selvagem]] [[que]] [[ainda]] [[não]] [[foi]] [[domado]].
[[Categoria:Substantivo (Espanhol)]]
[[Categoria:Adjetivo (Português)]]
[[Categoria:Substantivo (Português)]]</text>
<sha1>00zsrfoszipnbg5jkcwft8i4677jmyd</sha1>
</revision>
</page>
