<page>
<page>
<title>bagulha</title>
<ns>0</ns>
<id>360742</id>
<revision>
<id>2146520</id>
<timestamp>2016-06-28T19:26:10Z</timestamp>
<contributor>
<username>Cpls</username>
<id>20608</id>
</contributor>
<comment>[[Ajuda:Guia de edição/Menus e ferramentas/Sumário de edição|→]] nova página: ={{-gl-}}= ==Substantivo&lt;sup&gt;1&lt;/sup&gt;== {{flex.pt|fs=bagulha|fp=bagulhas}} {{paroxítona|ba|gu|lha|lang=gl}},...</comment>
<model>wikitext</model>
<format>text/x-wiki</format>
<text bytes="562" xml:space="preserve">={{-gl-}}=
==Substantivo&lt;sup&gt;1&lt;/sup&gt;==
{{flex.pt|fs=bagulha|fp=bagulhas}}
{{paroxítona|ba|gu|lha|lang=gl}}, {{gramática|f}}
# [[lágrima]]
=={{etimologia|gl}}==
: {{escopo|Morfologia}} De [[bágua]] ou [[bágoa]].
==Substantivo&lt;sup&gt;2&lt;/sup&gt;==
{{flex.pt|fs=bagulha|fp=bagulhas}}
{{paroxítona|ba|gu|lha|lang=gl}}, {{gramática|f}}
# [[bola]] de manteiga
===Sinónimo===
{{dividir em colunas|2}}
* [[baluga#Galego|baluga]]
* [[pela#Galego|pela]]
{{dividir em colunas.fim}}
==Ver também==
===No Wikcionário===
* [[bagulho]]
[[Categoria:Substantivo (Galego)]]</text>
<sha1>47hfc78q1feb68o6equ6uvf0cfz0mc3</sha1>
</revision>
