<page>
<title>bagunça</title>
<ns>0</ns>
<id>2655</id>
<revision>
<id>2586153</id>
<parentid>2586148</parentid>
<timestamp>2020-04-21T09:41:36Z</timestamp>
<contributor>
<username>ValJor</username>
<id>1358</id>
</contributor>
<minor />
<comment>Revertidas edições por [[Especial:Contribuições/181.213.98.219|181.213.98.219]] para a última versão por [[Especial:Contribuições/Askekamo|Askekamo]]</comment>
<model>wikitext</model>
<format>text/x-wiki</format>
<text bytes="1652" xml:space="preserve">={{-pt-}}=
==Substantivo==
{{flex.pt|fs=bagunça|fp=bagunças}}
{{paroxítona|ba|gun|ça}}, ''f''
# {{escopo|Popular}} estado de [[desordem]]
===Sinônimos===
De '''1''':
{{verTambém.Ini}}
* [[arerê]]
* [[baderna]]
* [[barafunda]]
* [[confusão]]
{{verTambém.NovaColuna}}
* [[muvuca]]
* {{escopo|Brasil, MT}} [[piseiro]]
* [[zona]]
* [[zorra]]
{{verTambém.Fim}}
===Tradução===
{{tradini}}
* {{trad|de|Unordnung}}
* {{trad|ar|ضجة}}
* {{trad|eu|desordena|nahas-mahas}}
* {{trad|bn|অব্যবস্থা}}
* {{trad|br|dizurzh|moc'herezh}}
* {{trad|ca|desordre}}
* {{trad|cs|nepořádek}}
* {{trad|da|uorden}}
* {{trad|sk|neporiadok}}
* {{trad|es|desorden}}
* {{trad|fr|désordre}}
* {{trad|gl|desorde|desamaño}}
* {{trad|cy|llanastr|annibendod}}
* {{trad|gu|ગરબડ}}
* {{trad|hi|गड़बड़}}
* {{trad|nl|puinhoop|warboel}}
* {{trad|hu|rendetlenség}}
* {{trad|id|keadaan berantakan}}
{{tradmeio}}
* {{trad|en|mess|disorder}}
* {{trad|ga|meascán}}
* {{trad|it|disordine|sottosopra}}
* {{trad|lv|nekartiba}}
* {{trad|mr|गोधळ}}
* {{trad|no|rot}}
* {{trad|pa|ਗਡ਼ਬਡ਼}}
* {{trad|ro|dezordine}}
* {{trad|ru|беспорядок}}
* {{trad|sa|अव्यवस्था}}
* {{trad|sro|atrupèlliu|mugoni}}
* {{trad|sv|röran}}
* {{trad|tn|mafaratlhatlha}}
* {{trad|tr|dağınıklık|düzensizlik}}
* {{trad|val|desorde}}
* {{trad|vec|casin}}
* {{trad|zu|nyakafula}}
{{tradfim}}
==Ver também==
===No Wikcionário===
{{verTambém.Ini}}
* [[bochincho]]
* [[casa-da-mãe-joana]]
* [[entropia]]
{{verTambém.NovaColuna}}
* [[esbórnia]]
* [[rebuceteio]]
{{verTambém.Fim}}
[[Categoria:Substantivo (Português)]]</text>
<sha1>az2vdh1rx2lrsd1zhj7jrsuvmcs6v6u</sha1>
</revision>
</page>
