<page>
<title>baguto</title>
<ns>0</ns>
<id>346672</id>
<revision>
<id>2305362</id>
<parentid>2116277</parentid>
<timestamp>2017-04-29T12:03:19Z</timestamp>
<contributor>
<username>HydrizBot</username>
<id>29590</id>
</contributor>
<minor />
<comment>Robô: A limpar links interwikis antigos</comment>
<model>wikitext</model>
<format>text/x-wiki</format>
<text bytes="498" xml:space="preserve">={{-gl-}}=
==Substantivo==
{{flex.gl|ms=baguto|mp=bagutos}}
{{paroxítona|ba|gu|to|lang=gl}}, {{m}}
# [[castanha]] madura que cai do ouriço aberto pendurado ainda no ramo
===Sinónimos===
{{verTambém.Ini}}
* [[batugo#Galego|batugo]]
* [[castanha-da-debaga#Galego|castanha-da-debaga]]
{{verTambém.NovaColuna}}
* [[degranha#Galego|degranha]]
* [[restrelo#Galego|restrelo]]
{{verTambém.Fim}}
=={{etimologia|gl}}==
: {{escopo|Morfologia}} Derivada de [[baga]].
[[Categoria:Substantivo (Galego)]]</text>
<sha1>mwizfctnb0ps1m2lsmtx5eky4hraa95</sha1>
</revision>
</page>
