<page>
<page>
<title>bagunceiros</title>
<ns>0</ns>
<id>151179</id>
<revision>
<id>2305359</id>
<parentid>2100500</parentid>
<timestamp>2017-04-29T12:03:13Z</timestamp>
<contributor>
<username>HydrizBot</username>
<id>29590</id>
</contributor>
<minor />
<comment>Robô: A limpar links interwikis antigos</comment>
<model>wikitext</model>
<format>text/x-wiki</format>
<text bytes="134" xml:space="preserve">={{-pt-}}=
==Forma de adjetivo==
'''bagunceiros''' {{p}}
#plural de '''[[bagunceiro]]'''
[[Categoria:Forma de adjetivo (Português)]]</text>
<sha1>4hzjo2mdr1x1v897dme9oe167qw9jgu</sha1>
</revision>
