<page>
<page>
<title>bagulho</title>
<ns>0</ns>
<id>110672</id>
<revision>
<id>2671773</id>
<parentid>2631851</parentid>
<timestamp>2022-04-09T14:41:59Z</timestamp>
<contributor>
<username>ValJor</username>
<id>1358</id>
</contributor>
<comment>Substituindo a [[Especial:Páginas_afluentes/Predefinição:escopoCat|predefinição escopoCat]] por escopo</comment>
<model>wikitext</model>
<format>text/x-wiki</format>
<text bytes="1854" xml:space="preserve">={{-pt-}}=
==Substantivo==
{{flex.pt|ms=bagulho|mp=bagulhos}}
{{paroxítona|ba|gu|lho}}, {{gramática|m}}
# [[objeto]] sem uso que apenas ocupa espaço e incomoda
# [[bago]]s de [[romã]]
# [[grainha]] de uva
# {{escopo|pt|Gíria}} pessoa [[feia]] ou mal-cuidada
#: '''2013''', Camila Fremder, Jana Rosa, ''Como ter uma vida normal sendo louca: Dicas para lidar com as diversidade e situações do universo feminino'', Agir Editora, página: ''?''
#*: ''Além disso, tias adoram fazer comentários sobre a boa forma das atrizes de novela, pra te mostrar que você está um '''bagulho'''.''
# {{escopo|pt|Gíria}} [[entorpecente]], [[droga]]
# {{escopo|pt|Gíria}} [[dinheiro]]
# {{escopo|pt|Gíria}} algo que não se sabe, não se deseja, não se faz questão ou se dispensa de nomear pelo nome específico
# situação que existe ou pode existir
===Sinônimos===
* De '''5''':
{{verTambém.Ini}}
* [[fita]]
{{verTambém.NovaColuna}}
* [[paradinha]]
{{verTambém.Fim}}
* De '''7''': vide lista de sinônimos em ''[[Wikisaurus:coisa]]''.
* De '''8''': [[parada]]
==Ver também==
===No Wikcionário===
* [[embagulhar]]
[[Categoria:Substantivo (Português)]]
={{-gl-}}=
==Substantivo==
{{flex.gl|ms=bagulho|mp=bagulhos}}
{{paroxítona|lang=gl|ba|gu|lho}}, {{gramática|m}}
# [[bagaço]], resto que fica logo de pisar as [[uva]]s para o [[vinho]], que serve para destilar dele a [[água-ardente]]
# [[bagulho#Português|bagulho]], [[grainha]] da uva
# [[vagem|vagens]] e outros restos das [[fava]]s ou  de outros [[legume]]s logo de tiradas as [[semente]]s
# {{escopo|gl|Ave}} [[papa-figos]], (''[[wikispecies:Oriolus oriolus|Oriolus oriolus]]'')
=={{etimologia|gl}}==
: De um hipotética forma latina ''*bacuculum''.
: {{escopo|Morfologia}} De [[bago]] ou [[baga]]. Confronte-se com ''[[babulho#Galego|babulho]]''.
[[Categoria:Substantivo (Galego)]]</text>
<sha1>kvxvrhma3rahm116k249va4a6faq2zy</sha1>
</revision>
