<page>
<title>Bagé</title>
<ns>0</ns>
<id>143130</id>
<revision>
<id>2683558</id>
<parentid>2265053</parentid>
<timestamp>2022-07-14T08:46:28Z</timestamp>
<contributor>
<username>ValJor</username>
<id>1358</id>
</contributor>
<comment>Desfazendo ligação para redirecionamento para poder eliminá-lo em seguida</comment>
<model>wikitext</model>
<format>text/x-wiki</format>
<text bytes="388" xml:space="preserve">{{Wikipédia|lang=pt}}
={{-pt-}}=
==Substantivo==
{{oxítona|Ba|gé}}, {{gramática|pr}}
# [[município]] [[brasileiro]] do [[estado]] do [[Rio Grande do Sul]]
==Ver também==
===No Wikcionário===
* [[Apêndice:Gentílicos e topónimos em português/Brasil/Rio Grande do Sul]]
[[Categoria:Substantivo (Português)]]
[[Categoria:Município do estado do Rio Grande do Sul (Português)]]</text>
<sha1>22ty9fclukoy4w9bitjfryx4zi5vpcr</sha1>
</revision>
</page>
