<page>
<title>bah</title>
<ns>0</ns>
<id>88179</id>
<revision>
<id>2687891</id>
<parentid>2687889</parentid>
<timestamp>2022-09-05T17:37:48Z</timestamp>
<contributor>
<username>ValJor</username>
<id>1358</id>
</contributor>
<minor />
<comment>Revertidas edições por [[Especial:Contribuições/2804:14C:87B9:8744:A583:56A1:1292:6BD1|2804:14C:87B9:8744:A583:56A1:1292:6BD1]] para a última versão por [[Especial:Contribuições/ValJor|ValJor]]</comment>
<model>wikitext</model>
<format>text/x-wiki</format>
<text bytes="1710" xml:space="preserve">={{-pt-}}=
==Interjeição==
{{oxítona|bah}}
# expressa [[espanto]] ou [[admiração]]
#* '''''Bah'''! Mas que tombo feio que tu levaste, tchê!''
#* '''''Bah'''! Mas que cavalo lindo!''
#* '''''Bah'''! Que guri louco!''
===Sinônimo===
* [[barbaridade]]
===Tradução===
{{tradini}}
* {{trad|de|bah}}
* {{trad|es|bah}}
* {{trad|fr|bah}}
* {{trad|gl|bah}}
{{tradmeio}}
* {{trad|nl|bah}}
* {{trad|en|bah}}
* {{trad|it|bah}}
{{tradfim}}
=={{etimologia|pt}}==
: Vem da abreviação da palavra &quot;barbaridade&quot;.
==Ver também==
===No Wikcionário===
* [[tchê]]
==Ligações externas==
* {{Aulete}}
* {{Michaelis}}
* {{DPLP}}
* {{Infopédia}}
* {{VOLPABL}}
[[Categoria:Interjeição (Português)]]
={{-aa-}}=
==Verbo==
'''bah'''
# [[contar]]
[[Categoria:Verbo (Afar)]]
[[Categoria:Falso cognato (Afar)]]
={{-sq-}}=
==Interjeição==
'''bah'''
# [[bem]]
[[Categoria:Interjeição (Albanês)]]
[[Categoria:Falso cognato (Albanês)]]
={{-de-}}=
==Interjeição==
'''bah'''
# [[bah#Português|bah]]
[[Categoria:Interjeição (Alemão)]]
={{-es-}}=
==Interjeição==
'''bah'''
# {{escopo|es|Coloquial|Pejorativo}} [[bah#Português|bah]]
[[Categoria:Interjeição (Espanhol)]]
={{-fr-}}=
==Interjeição==
'''bah'''
# [[bah#Português|bah]]
[[Categoria:Interjeição (Francês)]]
={{-gl-}}=
==Interjeição==
'''bah'''
# [[bah#Português|bah]]
[[Categoria:Interjeição (Galego)]]
={{-nl-}}=
==Interjeição==
'''bah'''
# [[bah#Português|bah]]
[[Categoria:Interjeição (Holandês)]]
={{-en-}}=
==Interjeição==
'''bah'''
# [[bah#Português|bah]]
[[Categoria:Interjeição (Inglês)]]
={{-it-}}=
==Interjeição==
'''bah'''
# [[bah#Português|bah]]
[[Categoria:Interjeição (Italiano)]]</text>
<sha1>czepteueuwwq4ohxuxwx4mxt8a4h2tz</sha1>
</revision>
</page>
