<page>
<title>bahai</title>
<ns>0</ns>
<id>249689</id>
<revision>
<id>2305368</id>
<parentid>2240701</parentid>
<timestamp>2017-04-29T12:03:34Z</timestamp>
<contributor>
<username>HydrizBot</username>
<id>29590</id>
</contributor>
<minor />
<comment>Robô: A limpar links interwikis antigos</comment>
<model>wikitext</model>
<format>text/x-wiki</format>
<text bytes="195" xml:space="preserve">={{-otd-}}=
==Substantivo==
'''bahai'''
# [[ombro]]
==Ver também==
* [[paa]]
* [[usuk]]
* [[tusu]]
* [[daha]]
* [[mahta]]
[[Categoria:Substantivo (Ot Danum)]]
[[Categoria:Anatomia (Ot Danum)]]</text>
<sha1>auh8ui1xbdpjrdhr5mxub2q6l4xaepb</sha1>
</revision>
</page>
