<page>
<page>
<title>Bahamaoyggjar</title>
<ns>0</ns>
<id>439316</id>
<revision>
<id>2655550</id>
<timestamp>2021-12-20T08:04:48Z</timestamp>
<contributor>
<username>ValJor</username>
<id>1358</id>
</contributor>
<comment>Eliminando [[Bahamasoyggjar]] da lista de [[Especial:Lonelypages|órfãos]]</comment>
<model>wikitext</model>
<format>text/x-wiki</format>
<text bytes="470" xml:space="preserve">{{Wikipédia|lang=fo}}
[[Imagem:Flag_of_the_Bahamas.svg|thumb|right|250px|{{centro|Bandeira das Bahamas}}]]
[[Imagem:LocationBahamas.svg|thumb|right|250px|{{centro|Localização das Bahamas}}]]
={{-fo-}}=
==Substantivo==
'''Bahamaoyggjar''', {{gramática|pr}}
# {{escopo|fo|País}} [[Bahamas]]
==={{-varort-}}===
* [[Bahamasoyggjar]]
==Ver também==
===No Wikcionário===
{{América/fo}}
[[Categoria:Substantivo (Feroês)]]
[[Categoria:Entrada com imagem (Feroês)]]</text>
<sha1>t4o1i3alenm3xzfk6ykkb25xhbd1hme</sha1>
</revision>
