<page>
<page>
<title>Bahamos</title>
<ns>0</ns>
<id>148216</id>
<revision>
<id>2265064</id>
<parentid>2009696</parentid>
<timestamp>2017-04-26T14:19:55Z</timestamp>
<contributor>
<username>HydrizBot</username>
<id>29590</id>
</contributor>
<minor />
<comment>Robô: A limpar links interwikis antigos</comment>
<model>wikitext</model>
<format>text/x-wiki</format>
<text bytes="242" xml:space="preserve">={{-lt-}}=
{{Wikipédia|lang=lt}}
==Substantivo==
'''Bahamos''', {{pr}}
#{{escopo|Geografia}} [[Bahamas]]
===Variante===
*[[Bahamų Sandrauga]]
==Ver também==
{{América/lt}}
[[Categoria:Substantivo (Lituano)]]
[[Categoria:País (Lituano)]]</text>
<sha1>6bnywm2uugk5ct2l79tthqpv26o2m9m</sha1>
</revision>
