<page>
<page>
<title>Baharain</title>
<ns>0</ns>
<id>400866</id>
<revision>
<id>2520892</id>
<timestamp>2018-10-01T13:52:06Z</timestamp>
<contributor>
<username>ValJor</username>
<id>1358</id>
</contributor>
<comment>Criação do verbete a partir da [[Especial:Páginas_pedidas|lista de palavras pedidas]]</comment>
<model>wikitext</model>
<format>text/x-wiki</format>
<text bytes="462" xml:space="preserve">{{Wikipédia|lang=ha}}
[[Imagem:Flag of Bahrain.svg|thumb|right|250px|&lt;center&gt;Bandeira de Bahrein&lt;/center&gt;]]
[[Imagem:LocationBahrain.png|thumb|right|250px|&lt;center&gt;Localização de Bahrein&lt;/center&gt;]]
={{-ha-}}=
==Substantivo==
''' Baharain''', {{gramática|pr}}
# {{escopo|ha|Geografia}} [[Bahrein]]
==Ver também==
===No Wikcionário===
{{Ásia/ha}}
[[Categoria:Substantivo (Hauçá)]]
[[Categoria:País (Hauçá)]]
[[Categoria:Entrada com imagem (Hauçá)]]</text>
<sha1>cpx7uhcjylnsb7zxz7ec3yb1iljakf3</sha1>
</revision>
