<page>
<page>
<title>Bahama</title>
<ns>0</ns>
<id>124522</id>
<revision>
<id>2265054</id>
<parentid>2067200</parentid>
<timestamp>2017-04-26T14:19:23Z</timestamp>
<contributor>
<username>HydrizBot</username>
<id>29590</id>
</contributor>
<minor />
<comment>Robô: A limpar links interwikis antigos</comment>
<model>wikitext</model>
<format>text/x-wiki</format>
<text bytes="192" xml:space="preserve">={{-af-}}=
==Substantivo==
'''Bahama''', ''próprio''
#{{escopo|Geografia}} [[Bahamas]]
==Ver também==
{{América/af}}
[[Categoria:Substantivo (Africâner)]]
[[Categoria:País (Africâner)]]</text>
<sha1>la3aj13wui5qwlfk7k5zrbyl914kyzq</sha1>
</revision>
