<page>
<page>
<title>Bahamoj</title>
<ns>0</ns>
<id>132139</id>
<revision>
<id>2265063</id>
<parentid>2215459</parentid>
<timestamp>2017-04-26T14:19:52Z</timestamp>
<contributor>
<username>HydrizBot</username>
<id>29590</id>
</contributor>
<minor />
<comment>Robô: A limpar links interwikis antigos</comment>
<model>wikitext</model>
<format>text/x-wiki</format>
<text bytes="248" xml:space="preserve">={{-eo-}}=
{{Wikipédia|lang=eo}}
==Substantivo==
'''Bahamoj''', {{pr}}
#{{escopo|Geografia}} [[Bahamas]]
===Variante===
*[[Komunumo de Bahamoj]]
==Ver também==
{{América/eo}}
[[Categoria:Substantivo (Esperanto)]]
[[Categoria:País (Esperanto)]]</text>
<sha1>953vn6wq1x1a79juu1ht9nvpw2wdn03</sha1>
</revision>
