<page>
<page>
<title>Baharainy</title>
<ns>0</ns>
<id>426583</id>
<revision>
<id>2596880</id>
<timestamp>2020-09-22T10:18:18Z</timestamp>
<contributor>
<username>ValJor</username>
<id>1358</id>
</contributor>
<comment>Criação do verbete a partir da [[Especial:Páginas_pedidas|lista de palavras pedidas]]</comment>
<model>wikitext</model>
<format>text/x-wiki</format>
<text bytes="428" xml:space="preserve">{{Wikipédia|lang=mg}}
[[Imagem:Flag of Bahrain.svg|thumb|right|250px|&lt;center&gt;Bandeira de Bahrein&lt;/center&gt;]]
[[Imagem:LocationBahrain.png|thumb|right|250px|&lt;center&gt;Localização de Bahrein&lt;/center&gt;]]
={{-mg-}}=
==Substantivo==
'''Baharainy''', {{gramática|pr}}
# {{escopo|mg|País}} [[Bahrein]]
==Ver também==
===No Wikcionário===
{{Ásia/mg}}
[[Categoria:Substantivo (Malgaxe)]]
[[Categoria:Entrada com imagem (Malgaxe)]]</text>
<sha1>kwgs9j4c0zqk56f6srs1l20jrhhp46v</sha1>
</revision>
