<page>
<page>
<title>Bahamet</title>
<ns>0</ns>
<id>124620</id>
<revision>
<id>2265061</id>
<parentid>1634359</parentid>
<timestamp>2017-04-26T14:19:46Z</timestamp>
<contributor>
<username>HydrizBot</username>
<id>29590</id>
</contributor>
<minor />
<comment>Robô: A limpar links interwikis antigos</comment>
<model>wikitext</model>
<format>text/x-wiki</format>
<text bytes="206" xml:space="preserve">={{-sq-}}=
{{Wikipédia|lang=sq}}
==Substantivo==
'''Bahamet''', {{pr}}
#{{escopo|Geografia}} [[Bahamas]]
==Ver também==
{{América/sq}}
[[Categoria:Substantivo (Albanês)]]
[[Categoria:País (Albanês)]]</text>
<sha1>r3pwms3giyeo9zjvoh9hll1algw90k1</sha1>
</revision>
