<page>
<title>Bahamasoyggjar</title>
<ns>0</ns>
<id>132992</id>
<revision>
<id>2659232</id>
<parentid>1638617</parentid>
<timestamp>2022-02-04T09:07:04Z</timestamp>
<contributor>
<username>ValJor</username>
<id>1358</id>
</contributor>
<comment>Melhorando a apresentação do verbete usando a [[:predefinição:cria-entrada]]</comment>
<model>wikitext</model>
<format>text/x-wiki</format>
<text bytes="484" xml:space="preserve">{{Wikipédia|lang=fo|Bahamaoyggjar}}
[[Imagem:Flag_of_the_Bahamas.svg|thumb|right|250px|{{centro|Bandeira das Bahamas}}]]
[[Imagem:LocationBahamas.svg|thumb|right|250px|{{centro|Localização das Bahamas}}]]
={{-fo-}}=
==Substantivo==
'''Bahamasoyggjar''', {{gramática|pr}}
# {{escopo|fo|País}} [[Bahamas]]
==={{-varort-}}===
* [[Bahamaoyggjar]]
==Ver também==
===No Wikcionário===
{{América/fo}}
[[Categoria:Substantivo (Feroês)]]
[[Categoria:Entrada com imagem (Feroês)]]</text>
<sha1>52u8gmea6cbk1hqqbx4ur0w41y0jue9</sha1>
</revision>
</page>
