<page>
<title>baha</title>
<ns>0</ns>
<id>251744</id>
<revision>
<id>2305365</id>
<parentid>1949609</parentid>
<timestamp>2017-04-29T12:03:28Z</timestamp>
<contributor>
<username>HydrizBot</username>
<id>29590</id>
</contributor>
<minor />
<comment>Robô: A limpar links interwikis antigos</comment>
<model>wikitext</model>
<format>text/x-wiki</format>
<text bytes="266" xml:space="preserve">={{-sjm-}}=
==Substantivo==
'''baha'''
# [[ombro]]
==Ver também==
===No Wikcionário===
{{verTambém.Ini}}
* [[behe]]
* [[mata]]
{{verTambém.NovaColuna}}
* [[sammo]]
* [[tangan]]
{{verTambém.Fim}}
[[Categoria:Substantivo (Mapun)]]
[[Categoria:Anatomia (Mapun)]]</text>
<sha1>cc622ixexnaj50jl5drcrytsdvmuqnh</sha1>
</revision>
</page>
