<page>
<page>
<title>Baharem</title>
<ns>0</ns>
<id>55756</id>
<revision>
<id>1200726</id>
<parentid>1016792</parentid>
<timestamp>2011-07-09T12:59:52Z</timestamp>
<contributor>
<username>MalafayaBot</username>
<id>628</id>
</contributor>
<minor />
<comment>Robô: Substituição de texto automática (-^\=\s?Português\s?\= +={{-pt-}}= &amp; -^\=\s?\{\{pt\}\}\s?\= +={{-pt-}}=)</comment>
<model>wikitext</model>
<format>text/x-wiki</format>
<text bytes="158" xml:space="preserve">={{-pt-}}=
==Substantivo==
{{paroxítona|Ba|ha|rem}}, ''próprio''
# vide [[Bahrein]]
[[Categoria:Substantivo (Português)]]
[[Categoria:País (Português)]]</text>
<sha1>rgofuyil3fqxowt54qswxlgeqqvzenw</sha1>
</revision>
