<page>
<page>
<title>bahamense</title>
<ns>0</ns>
<id>347318</id>
<revision>
<id>2488817</id>
<parentid>2305370</parentid>
<timestamp>2018-03-12T18:46:33Z</timestamp>
<contributor>
<username>ValJor</username>
<id>1358</id>
</contributor>
<comment>Melhorando a apresentação do verbete</comment>
<model>wikitext</model>
<format>text/x-wiki</format>
<text bytes="2857" xml:space="preserve">={{-pt-}}=
==Adjetivo==
{{flex.pt|s=bahamense|p=bahamenses}}
{{paroxítona|ba|ha|men|se}}, {{gramática|c2g}}
# relativo às [[Bahamas]]
# referente a seus habitantes
===Expressões===
* '''[[crioulo bahamense]]''': {{escopo2|linguística}} crioulo de origem inglesa falado nas Bahamas e nas ilhas ilhas Turcas e Caicos (ISO 639-3: bah)
* '''[[dólar bahamense]]''': ({{escopo2|economia}} moeda corrente das Bahamas, dividida em 100 cêntimos (abrev.: $ / B$; ISO 4217: BSD)
===Sinônimos===
* {{link preto|baamense}}, {{link preto|baamês}}, {{link preto|baamiano}}, {{link preto|bahamês}}, [[bahamiano]]
===Tradução===
{{tradini}}
* {{trad|de|bahamaisch}}
* {{trad|ast|bahamés|bahameñu}}
* {{trad-|be|багамський|(bahams'kij)}}
* {{trad|bs|bahamski}}
* {{trad-|bg|бахамски|(bahamski)}}
* {{trad|ca|bahamià}}
* {{trad|cs|bahamský}}
* {{trad|hr|bahamski}}
* {{trad|da|bahamansk}}
* {{trad|sk|bahamský}}
* {{trad|sl|bahamski}}
* {{trad|es|bahameño}}
* {{trad|eo|bahama}}
* {{trad|ext|baameñu}}
* {{trad|fo|bahamoyskur}}
* {{trad|fr|bahaméen}}
{{tradmeio}}
* {{trad|gl|bahamés|bahameño}}
* {{trad|nl|Bahamaans}}
* {{trad|en|Bahamian}}
* {{trad|it|bahamense}}
* {{trad|li|Bahamaans}}
* {{trad|no|bahamansk}}
* {{trad|oc|bahamean|bahamenc}}
* {{trad|pl|bahamski}}
* {{trad-|ru|багамский|(bahamskij)}}
* {{trad|sr|бахамски|bahamski}}
* {{trad|hsb|bahamski}}
* {{trad|dsb|bahamski}}
* {{trad|sw|Kibahama}}
* {{trad|sv|bahamansk}}
* {{trad|vec|bahamense}}
{{tradfim}}
==Substantivo==
{{paroxítona|ba|ha|men|se}}, {{gramática|c2g}}
# indivíduo natural das Bahamas
# habitante desse arquipélago
===Sinônimos===
* {{link preto|baamense}}, {{link preto|baamês}}, {{link preto|baamiano}}, {{link preto|bahamês}}, {{l.s.|bahamiano}}
===Tradução===
{{tradini}}
* {{trad|de|Bahamaer}}
* {{trad|ast|bahamés|bahameñu}}
* {{trad|eu|bahamar}}
* {{trad|ca|bahamià}}
* {{trad|cs|Bahamec}}
* {{trad|nb|bahamaner}}
* {{trad|es|bahameño}}
* {{trad|eo|bahamano}}
* {{trad|et|bahamalane}}
* {{trad|ext|baameñu}}
* {{trad|fo|bahamaoyingur}}
* {{trad|fr|Bahaméen}}
{{tradmeio}}
* {{trad|gl|bahamés|bahameño}}
* {{trad|en|Bahamian}}
* {{trad|it|bahamense}}
* {{trad-|ja|バハマ人|}}
* {{trad|nn|bahamanar}}
* {{trad|oc|bahamean|bahamenc}}
* {{trad|pl|Bahamczyk}}
* {{trad-|ru|багамец|(bahamec)}}
* {{trad|sw|Mbahama}}
* {{trad|sv|bahaman}}
* {{trad|vec|bahamense}}
{{tradfim}}
=={{etimologia|pt}}==
: {{escopo|Morfologia}} ''[[Bahamas]]'' + ''[[-ense]]''.
==Ver também==
===Na Wikipédia===
{{verTambém.Ini}}
* [[w:Baamas|Bahamas]]
* [[w:Anexo:Lista de gentílicos|lista de gentílicos]]
{{verTambém.Fim}}
==Ligações externas==
* {{Michaelis}}
* {{Infopédia}}
* {{PLP}}
* {{VOLPABL}}
[[Categoria:Adjetivo (Português)]]
[[Categoria:Substantivo (Português)]]
[[Categoria:Gentílico (Português)]]</text>
<sha1>9p2a9zmbss6ydqk35nfnpoqmm3upw1o</sha1>
</revision>
