<page>
<page>
<title>Bahames</title>
<ns>0</ns>
<id>127152</id>
<revision>
<id>2265060</id>
<parentid>2254836</parentid>
<timestamp>2017-04-26T14:19:44Z</timestamp>
<contributor>
<username>HydrizBot</username>
<id>29590</id>
</contributor>
<minor />
<comment>Robô: A limpar links interwikis antigos</comment>
<model>wikitext</model>
<format>text/x-wiki</format>
<text bytes="206" xml:space="preserve">={{-ca-}}=
{{Wikipédia|lang=ca}}
==Substantivo==
'''Bahames''', {{pr}}
#{{escopo|Geografia}} [[Bahamas]]
==Ver também==
{{América/ca}}
[[Categoria:Substantivo (Catalão)]]
[[Categoria:País (Catalão)]]</text>
<sha1>ls4p8knbewu3bax97r91bcbdk13fihx</sha1>
</revision>
