<page>
<title>Baharaina</title>
<ns>0</ns>
<id>136097</id>
<revision>
<id>2265067</id>
<parentid>2188461</parentid>
<timestamp>2017-04-26T14:20:04Z</timestamp>
<contributor>
<username>HydrizBot</username>
<id>29590</id>
</contributor>
<minor />
<comment>Robô: A limpar links interwikis antigos</comment>
<model>wikitext</model>
<format>text/x-wiki</format>
<text bytes="208" xml:space="preserve">={{-haw-}}=
{{Wikipédia|lang=haw}}
==Substantivo==
'''Baharaina''', {{pr}}
#{{escopo|Geografia}} [[Bahrein]]
==Ver também==
{{Ásia/haw}}
[[Categoria:Substantivo (Havaiano)]]
[[Categoria:País (Havaiano)]]</text>
<sha1>l55xshqree3kn7kizxypxap7xfzmi7h</sha1>
</revision>
</page>
