<page>
<title>bahamiano</title>
<ns>0</ns>
<id>5655</id>
<revision>
<id>2305371</id>
<parentid>2116275</parentid>
<timestamp>2017-04-29T12:03:40Z</timestamp>
<contributor>
<username>HydrizBot</username>
<id>29590</id>
</contributor>
<minor />
<comment>Robô: A limpar links interwikis antigos</comment>
<model>wikitext</model>
<format>text/x-wiki</format>
<text bytes="619" xml:space="preserve">={{-pt-}}=
==Adjetivo==
{{flex.pt|ms=bahamiano|mp=bahamianos|fs=bahamiana|fp=bahamianas}}
{{paroxítona|ba|ha|mi|a|no}}
# das ou relativo às [[Bahamas]]
===Sinônimos===
{{verTambém.Ini}}
* [[bahamês]]
* [[bahamense]]
* [[baamês]]
* [[baamense]]
{{verTambém.NovaColuna}}
* [[baamiano]]
* [[lucaiano]]
* [[lucaiense]]
{{verTambém.Fim}}
==Substantivo==
{{paroxítona|ba|ha|mi|a|no}}
# natural ou habitante das Bahamas
=={{etimologia|pt}}==
: {{escopo|Morfologia}} topônimo [[Bahamas]] + [[-iano]].
[[Categoria:Adjetivo (Português)]]
[[Categoria:Substantivo (Português)]]
[[Categoria:Gentílico (Português)]]</text>
<sha1>p04d8g5zwetwi9r3ctmkkpgbimyrc3q</sha1>
</revision>
</page>
