<page>
<title>Bahamy</title>
<ns>0</ns>
<id>129792</id>
<revision>
<id>2606820</id>
<parentid>2567628</parentid>
<timestamp>2021-01-02T10:12:32Z</timestamp>
<contributor>
<username>Amigo7</username>
<id>58547</id>
</contributor>
<comment>Substituindo a tag &lt;center&gt; pela predefinição {centro}</comment>
<model>wikitext</model>
<format>text/x-wiki</format>
<text bytes="2167" xml:space="preserve">{{Wikipédia|lang=cs}}
{{Wikipédia|lang=sk}}
{{Wikipédia|lang=pl}}
{{Wikipédia|lang=hsb}}
{{Wikipédia|lang=dsb}}
[[Imagem:Flag of Bahamas.svg|thumb|right|250px|{{centro|Bandeira das Bahamas}}]]
[[Imagem:LocationBahamas.png|thumb|right|250px|{{centro|Localização das Bahamas}}]]
={{-cs-}}=
==Substantivo==
'''Bahamy''', {{gramática|f|pl|pr}}
# {{escopo|cs|País}} [[Bahamas]]
===Variantes===
* [[Bahamské Ostrovy]]
* [[Bahamské Společenství]]
==Ver também==
===No Wikcionário===
{{América/cs}}
[[Categoria:Substantivo (Checo)]]
[[Categoria:Entrada com imagem (Checo)]]
={{-sk-}}=
==Substantivo==
'''Bahamy''', {{gramática|f|pl|pr}}
# {{escopo|sk|País}} [[Bahamas]]
==Ver também==
===No Wikcionário===
{{América/sk}}
[[Categoria:Substantivo (Eslovaco)]]
[[Categoria:Entrada com imagem (Eslovaco)]]
={{-pl-}}=
==Substantivo==
{{paroxítona|Ba|ha|my|lang=pl}}, ''não masculino pessoal'', {{gramática|pl|pr}}
# {{escopo|pl|País}} [[Bahamas]]
# {{tradex|pl|Stolicą '''Bahamów''' jest Nassau.|A capital das Bahamas é Nassau.}}
# {{tradex|pl|'''Bahamy''' są jednym z głównych kierunków turystycznych w Ameryce Środkowej.|As Bahamas são um dos principais destinos turísticos na América Central.}}
===Sinônimos===
* {{link opcional|Wspólnota Bahamów|pl}} (''nome oficial'')
==Ver também==
===No Wikcionário===
{{verTambém.Ini}}
* {{link opcional|Bahamczyk|pl}}
* {{link opcional|Bahamka|pl}}
{{verTambém.NovaColuna|33}}
* {{link opcional|bahamski|pl}}
{{verTambém.NovaColuna|33}}
* {{link opcional|Nassau|pl}}
{{verTambém.Fim}}
{{América/pl}}
[[Categoria:Substantivo (Polonês)]]
[[Categoria:Entrada com imagem (Polonês)]]
={{-hsb-}}=
==Substantivo==
'''Bahamy''', {{gramática|pl|pr}}
# {{escopo|hsb|País}} [[Bahamas]]
==Ver também==
===No Wikcionário===
{{América/hsb}}
[[Categoria:Substantivo (Sorábio Alto)]]
[[Categoria:Entrada com imagem (Sorábio Alto)]]
={{-dsb-}}=
==Substantivo==
'''Bahamy''', {{gramática|pl|pr}}
# {{escopo|dsb|País}} [[Bahamas]]
==Ver também==
===No Wikcionário===
{{América/dsb}}
[[Categoria:Substantivo (Sorábio Baixo)]]
[[Categoria:Entrada com imagem (Sorábio Baixo)]]</text>
<sha1>ozet6tae51w0zu39ugvoif5zq0uxlha</sha1>
</revision>
</page>
