<page>
<title>bahbao</title>
<ns>0</ns>
<id>248131</id>
<revision>
<id>1291980</id>
<parentid>941178</parentid>
<timestamp>2011-11-19T22:17:18Z</timestamp>
<contributor>
<username>ValJor</username>
<id>1358</id>
</contributor>
<comment>Trocando o cabeçalho de língua: mrn --&gt; -mrn-</comment>
<model>wikitext</model>
<format>text/x-wiki</format>
<text bytes="283" xml:space="preserve">={{-mrn-}}=
==Substantivo==
'''bahbao'''
# [[pescoço]]
==Ver também==
===No Wikcionário===
{{verTambém.Ini}}
* [[dadara]]
* [[khame]]
{{verTambém.NovaColuna}}
* [[pha'u]]
* [[tatha]]
{{verTambém.Fim}}
[[Categoria:Substantivo (Cheke Holo)]]
[[Categoria:Anatomia (Cheke Holo)]]</text>
<sha1>1q32v2g9oxpvebhfwnzpjuxb14jx9ba</sha1>
</revision>
</page>
