<page>
<page>
<title>Bahia</title>
<ns>0</ns>
<id>4270</id>
<revision>
<id>2689543</id>
<parentid>2469058</parentid>
<timestamp>2022-10-19T00:41:47Z</timestamp>
<contributor>
<username>InternetArchiveBot</username>
<id>81604</id>
</contributor>
<comment>Rescuing 1 sources and tagging 0 as dead.) #IABot (v2.0.9.2</comment>
<model>wikitext</model>
<format>text/x-wiki</format>
<text bytes="2591" xml:space="preserve">{{Wikipédia}}
[[Ficheiro:Bandeira da Bahia.svg|thumb|right|175px|Bandeira da Bahia]]
={{-pt-}}=
==Substantivo==
{{paroxítona|Ba|hi|a}}, {{g|f|pr}}
# [[Estado]] [[brasileiro]] localizado no [[sul]] da [[w:Região Nordeste do Brasil|Região Nordeste do Brasil]], o quarto mais [[populoso]] do [[país]]; é o Estado que mais faz divisa com outros Estados, possuindo um total de oito Estados [[limítrofe]]s, que são [[Alagoas]], [[Sergipe]], [[Pernambuco]], [[Piauí]], ao [[norte]]; [[Minas Gerais]] e [[Espírito Santo]] ao [[sul]]; [[Goiás]] e [[Tocantins]] ao [[oeste]]; ao [[leste]], possui divisa com o [[Oceano Atlântico]]; sua [[capital]] é [[Salvador da Bahia|Salvador]]
===Verbetes derivados===
{{verTambém.Ini}}
* [[abaianado]]
* [[abaianar]]
{{verTambém.NovaColuna}}
* [[baianada]]
* [[baianês]]
{{verTambém.NovaColuna}}
* [[baianidade]]
* [[baiano]]
{{verTambém.Fim}}
=={{etimologia|pt}}==
: Referência à ''Baía de todos os santos'', acidente geográfico próximo de sua capital. A grafia resistiu à reforma ortográfica por força da tradição.
=={{pronúncia|pt}}==
===Brasil===
====Caipira, Carioca e Paulistana====
* [[AFI]]: {{AFI|/ba.ˈi.a/}}
* X-SAMPA: /ba.&quot;i.a/
==Ver também==
===No Wikcionário===
{{verTambém.Ini}}
* [[baía]]
{{verTambém.NovaColuna}}
* [[Apêndice:Municípios do estado da Bahia]]
{{verTambém.Fim}}
Siglas:
{{verTambém.Ini}}
* [[BA]]
{{verTambém.NovaColuna}}
* [[BR-BA]]
{{verTambém.Fim}}
Gentílicos:
{{verTambém.Ini}}
* [[alagoinhense]]
* [[amélia-rodriguense]]
* [[barreirense]]
* [[cachoeirano]]
* [[caetiteense]]
* [[camaçariense]]
* [[canaranense]]
{{verTambém.NovaColuna}}
* [[candeiense]]
* [[conjacuipense]]
* [[conquistense]]
* [[cormariense]]
* [[crisopolense]]
* [[diasdavilense]]
{{verTambém.NovaColuna}}
* [[feirense]]
* [[grapiúna]]
* [[ilheense]]
* [[iraraense]]
* [[itabunense]]
* [[itaparicano]]
{{verTambém.NovaColuna}}
* [[jequieense]]
* [[juazeirense]]
* [[lauro-freitense]]
* [[madredeusense]]
* [[pauloafonsino]]
* [[pé-de-serrense]]
{{verTambém.NovaColuna}}
* [[porto-segurense]]
* [[pojucano]]
* [[pojuquense]]
* [[queimadense]]
* [[salvadorense]]
* [[santa-ritense]]
{{verTambém.NovaColuna}}
* [[santamarense]]
* [[sebastianense]]
* [[simõesfilhense]]
* [[soteropolitano]]
* [[teixeirense]]
* [[veracruzense]]
{{verTambém.Fim}}
{{estados do Brasil}}
===Ligações externas===
* [https://web.archive.org/web/20211028002917/http://www.bahia.ba.gov.br/ Governo da Bahia]
[[Categoria:Substantivo (Português)]]
[[Categoria:Estado do Brasil]]
[[Categoria:Entrada com imagem (Português)]]</text>
<sha1>183upscamg2ogdom9wu901atqzedng9</sha1>
</revision>
