<page>
<page>
<title>Bahnhof</title>
<ns>0</ns>
<id>33671</id>
<revision>
<id>2470166</id>
<parentid>2450134</parentid>
<timestamp>2017-12-13T07:49:27Z</timestamp>
<contributor>
<username>Spanier</username>
<id>43713</id>
</contributor>
<minor />
<model>wikitext</model>
<format>text/x-wiki</format>
<text bytes="443" xml:space="preserve">={{-de-}}=
== Substantivo ==
{{paroxítona|Bahn|hof|lang=de}}, {{gramática|m}}
# {{escopo|de|transporte}} [[estação ferroviária]]
=== Declinação ===
{{decl.de.subst.masc|gs=(e)s|ds=e|np=e|Bahnh|o|f|ö}}
=={{etimologia|de}}==
: Composição de ''[[Bahn]]'' (''&quot;comboio&quot;'') + ''[[Hof]]'' (''&quot;pátio&quot;'').
=={{pronúncia|de}}==
* [[AFI]]: {{AFI|/baːnhoːf/|de}} {{audio|De-Bahnhof.ogg|ouvir|lang=de}}
[[Categoria:Substantivo (Alemão)]]</text>
<sha1>nrzkzrvcapkyc1391bc581hcw0tu8bh</sha1>
</revision>
