<page>
<page>
<title>Bahn</title>
<ns>0</ns>
<id>388871</id>
<revision>
<id>2472383</id>
<timestamp>2017-12-22T05:35:54Z</timestamp>
<contributor>
<username>Spanier</username>
<id>43713</id>
</contributor>
<comment>alemão</comment>
<model>wikitext</model>
<format>text/x-wiki</format>
<text bytes="662" xml:space="preserve">={{-de-}}=
==Substantivo==
'''Bahn''', {{gramática|f}}
# {{escopo2|instituição}} [[caminhos-de-ferro]]
# [[via]], [[caminho]]
# {{escopo|de|transporte}} [[comboio]]
# {{escopo|de|desporto}} [[pista]]
# {{escopo|de|astronomia}} [[órbita]]
# {{escopo2|fazenda}} largura do pano
===Declinação===
{{decl.de.subst.fraca.fem|ns=Bahn|np=Bahnen}}
===Verbetes derivados===
{{verTambém.Ini}}
* [[Bahnhof]]
* [[Achterbahn]]
{{verTambém.NovaColuna}}
* [[Eisenbahn]]
* [[Seilbahn]]
{{verTambém.Fim}}
=={{pronúncia|de}}==
* [[AFI]]: {{AFI|/baːn/|de}}
* {{audio|De-Bahn.ogg|ouvir|lang=de}}
[[Categoria:Substantivo (Alemão)]]
[[Categoria:Monossílabo (Alemão)]]</text>
<sha1>tkrza1haxcyb1u2nuzv10umz9qverqi</sha1>
</revision>
