<page>
<title>bahoz</title>
<ns>0</ns>
<id>103089</id>
<revision>
<id>2305375</id>
<parentid>1492429</parentid>
<timestamp>2017-04-29T12:03:51Z</timestamp>
<contributor>
<username>HydrizBot</username>
<id>29590</id>
</contributor>
<minor />
<comment>Robô: A limpar links interwikis antigos</comment>
<model>wikitext</model>
<format>text/x-wiki</format>
<text bytes="484" xml:space="preserve">={{-ku-}}=
==Substantivo==
'''bahoz''' 
# [[tempestade]]
===Sinônimos===
{{verTambém.Ini}}
* [[barrove]]
{{verTambém.NovaColuna}}
* [[hirreba]]
{{verTambém.Fim}}
==Ver também==
===No Wikcionário===
{{verTambém.Ini}}
* [[babelisk]]
* [[baran]]
* [[barîn]]
* [[berf]]
* [[ewr]]
{{verTambém.NovaColuna}}
* [[gijlok]]
* [[heyv]]
* [[hîv]]
* [[qemer]]
{{verTambém.NovaColuna}}
* [[seet]]
* [[şev]]
* [[stêra]]
* [[terg]]
{{verTambém.Fim}}
[[Categoria:Substantivo (Curdo)]]</text>
<sha1>8u1l8l4qxslwo9m6425x811t610t5pw</sha1>
</revision>
</page>
