<page>
<page>
<title>Bahrayn</title>
<ns>0</ns>
<id>150791</id>
<revision>
<id>2265074</id>
<parentid>2027456</parentid>
<timestamp>2017-04-26T14:20:38Z</timestamp>
<contributor>
<username>HydrizBot</username>
<id>29590</id>
</contributor>
<minor />
<comment>Robô: A limpar links interwikis antigos</comment>
<model>wikitext</model>
<format>text/x-wiki</format>
<text bytes="203" xml:space="preserve">={{-oc-}}=
{{Wikipédia|lang=oc}}
==Substantivo==
'''Bahrayn''', {{pr}}
#{{escopo|Geografia}} [[Bahrein]]
==Ver também==
{{Ásia/oc}}
[[Categoria:Substantivo (Occitano)]]
[[Categoria:País (Occitano)]]</text>
<sha1>tqrf9ix3soqqoio82ad1jctkal19isj</sha1>
</revision>
