<page>
<page>
<title>Bahrajn</title>
<ns>0</ns>
<id>87807</id>
<revision>
<id>2606160</id>
<parentid>2559866</parentid>
<timestamp>2020-12-28T20:51:41Z</timestamp>
<contributor>
<username>Amigo7</username>
<id>58547</id>
</contributor>
<comment>Substituindo a tag &lt;center&gt; pela predefinição {centro}</comment>
<model>wikitext</model>
<format>text/x-wiki</format>
<text bytes="2209" xml:space="preserve">{{Wikipédia|lang=cs}}
{{Wikipédia|lang=sk}}
{{Wikipédia|lang=pl}}
{{Wikipédia|lang=dsb}}
[[Imagem:Flag of Bahrain.svg|thumb|right|250px|{{centro|Bandeira do Bahrein}}]]
[[Imagem:LocationBahrain.png|thumb|right|250px|{{centro|Localização do Bahrein}}]]
={{-cs-}}=
==Substantivo==
'''Bah.rajn''', {{gramática|m|pr}}
# {{escopo|cs|País}} [[Bahrein]]
===Declinação===
{{decl.cs.subst.masc.2.sing}}
=={{pronúncia|cs}}==
* [[AFI]]: {{AFI|/ˈbaɦ.rajn/}}
* [[X-SAMPA]]: /&quot;bah\.rajn/
==Ver também==
===No Wikcionário===
{{verTambém.Ini}}
* [[Manáma# {{cs}}|Manáma]]
{{verTambém.Fim}}
{{Ásia/cs}}
[[Categoria:Substantivo (Checo)]]
[[Categoria:Dissílabo (Checo)]]
[[Categoria:Entrada com imagem (Checo)]]
={{-sk-}}=
==Substantivo==
'''Bah.rajn''', {{gramática|pr}}
# {{escopo|sk|País}} [[Bahrein]]
==Ver também==
===No Wikcionário===
{{verTambém.Ini}}
* [[Manáma# {{sk}}|Manáma]]
{{verTambém.Fim}}
{{Ásia/sk}}
[[Categoria:Substantivo (Eslovaco)]]
[[Categoria:Dissílabo (Eslovaco)]]
[[Categoria:Entrada com imagem (Eslovaco)]]
={{-pl-}}=
==Substantivo==
{{paroxítona|Bah|rajn|lang=pl}}, {{gramática|m}} ''inanimado'', {{gramática|pr}}
# {{escopo|pl|País}} [[Bahrein]]
# {{tradex|pl|Stolicą '''Bahrajnu''' jest Manama.|A capital do Bahrein é Manama.}}
# {{tradex|pl|'''Bahrajn''' jest monarchią konstytucyjną.|O Bahrein é uma monarquia constitucional.}}
===Sinônimos===
* {{link opcional|Królestwo Bahrajnu|pl}} (''nome oficial'')
==Ver também==
===No Wikcionário===
{{verTambém.Ini}}
* {{link opcional|Bahrańczyk|pl}}
* {{link opcional|Bahranka|pl}}
{{verTambém.NovaColuna|25}}
* {{link opcional|Bahrajńczyk|pl}}
* {{link opcional|Bahrajnka|pl}}
{{verTambém.NovaColuna|25}}
* {{link opcional|bahrański|pl}}
* {{link opcional|bahrajński|pl}}
{{verTambém.NovaColuna|25}}
* {{link opcional|Manama|pl}}
{{verTambém.Fim}}
{{Ásia/pl}}
[[Categoria:Substantivo (Polonês)]]
[[Categoria:Entrada com imagem (Polonês)]]
={{-dsb-}}=
==Substantivo==
'''Bahrajn''', {{gramática|pr}}
# {{escopo|dsb|País}} [[Bahrein]]
==Ver também==
===No Wikcionário===
{{Ásia/dsb}}
[[Categoria:Substantivo (Sorábio Baixo)]]
[[Categoria:Entrada com imagem (Sorábio Baixo)]]</text>
<sha1>jj3tkx4b4domxrqh24pevc2c6iap17a</sha1>
</revision>
