<title>jaanimardikas</title>
<ns>0</ns>
<id>318277</id>
<revision>
<id>1720291</id>
<timestamp>2013-09-03T15:59:23Z</timestamp>
<contributor>
<username>MalafayaBot</username>
<id>628</id>
</contributor>
<comment>Criada automaticamente a partir das traduções em [[pirilampo]]</comment>
<model>wikitext</model>
<format>text/x-wiki</format>
<text bytes="192" xml:space="preserve">={{-et-}}=
==Substantivo==
'''jaanimardikas'''
# [[pirilampo]] (inseto que emite luz na escuridão)

{{página-automática|setembro|2013|pirilampo|et}}

[[Categoria:Substantivo (Estoniano)]]</text>
<sha1>34kmai7vg9xir65ubaizi69vuercusm</sha1>
</revision>
<revision>
<id>1729019</id>
<parentid>1720291</parentid>
<timestamp>2013-09-14T19:17:58Z</timestamp>
<contributor>
<username>MalafayaBot</username>
<id>628</id>
</contributor>
<minor />
<comment>Robô: Substituição de texto automática (-\]\](.*?)\.\r\n\s? +]]\1\n &amp; -\r\n\s\r\n +\n\n)</comment>
<model>wikitext</model>
<format>text/x-wiki</format>
<text bytes="190" xml:space="preserve">={{-et-}}=
==Substantivo==
'''jaanimardikas'''
# [[pirilampo]] (inseto que emite luz na escuridão)

{{página-automática|setembro|2013|pirilampo|et}}

[[Categoria:Substantivo (Estoniano)]]</text>
<sha1>m7cucmnvxyz0j7t4xvr7y0gwj2t47fy</sha1>
</revision>
<revision>
<id>1775544</id>
<parentid>1729019</parentid>
<timestamp>2013-11-26T21:40:08Z</timestamp>
<contributor>
<username>MalafayaBot</username>
<id>628</id>
</contributor>
<minor />
<comment>r2.7.5) (Robô: A adicionar: [[eu:jaanimardikas]]</comment>
<model>wikitext</model>
<format>text/x-wiki</format>
<text bytes="212" xml:space="preserve">={{-et-}}=
==Substantivo==
'''jaanimardikas'''
# [[pirilampo]] (inseto que emite luz na escuridão)

{{página-automática|setembro|2013|pirilampo|et}}

[[Categoria:Substantivo (Estoniano)]]

[[eu:jaanimardikas]]</text>
<sha1>426lnld7dx8zloeivg9brr8ea8lqfa8</sha1>
</revision>
<revision>
<id>1930527</id>
<parentid>1775544</parentid>
<timestamp>2015-05-16T15:49:31Z</timestamp>
<contributor>
<username>YS-Bot</username>
<id>32241</id>
</contributor>
<minor />
<comment>r2.7.3) (Robô: A adicionar: [[sv:jaanimardikas]]</comment>
<model>wikitext</model>
<format>text/x-wiki</format>
<text bytes="233" xml:space="preserve">={{-et-}}=
==Substantivo==
'''jaanimardikas'''
# [[pirilampo]] (inseto que emite luz na escuridão)

{{página-automática|setembro|2013|pirilampo|et}}

[[Categoria:Substantivo (Estoniano)]]

[[eu:jaanimardikas]]
[[sv:jaanimardikas]]</text>
<sha1>421mfe538lwz791zq8shi390fke70fb</sha1>
</revision>
<revision>
<id>2364442</id>
<parentid>1930527</parentid>
<timestamp>2017-05-03T15:30:41Z</timestamp>
<contributor>
<username>HydrizBot</username>
<id>29590</id>
</contributor>
<minor />
<comment>Robô: A limpar links interwikis antigos</comment>
<model>wikitext</model>
<format>text/x-wiki</format>
<text bytes="190" xml:space="preserve">={{-et-}}=
==Substantivo==
'''jaanimardikas'''
# [[pirilampo]] (inseto que emite luz na escuridão)

{{página-automática|setembro|2013|pirilampo|et}}

[[Categoria:Substantivo (Estoniano)]]</text>
<sha1>m7cucmnvxyz0j7t4xvr7y0gwj2t47fy</sha1>
</revision>
<revision>
<id>2657648</id>
<parentid>2364442</parentid>
<timestamp>2022-01-11T09:57:47Z</timestamp>
<contributor>
<username>ValJor</username>
<id>1358</id>
</contributor>
<comment>Confirmando [[:Categoria:!Entrada criada por robô|verbete criado por robô]]</comment>
<model>wikitext</model>
<format>text/x-wiki</format>
<text bytes="195" xml:space="preserve">{{Wikipédia|lang=et}}

={{-et-}}=
==Substantivo==
'''jaanimardikas'''
# [[pirilampo]] (inseto que emite luz na escuridão)

[[Categoria:Substantivo (Estoniano)]]
[[Categoria:Inseto (Estoniano)]]</text>
<sha1>tj4z99ygask58828sfhh3aufj3ykl6k</sha1>
</revision>
</page>
