<title>jabardo</title>
<ns>0</ns>
<id>345673</id>
<revision>
<id>2009930</id>
<timestamp>2015-10-05T15:50:47Z</timestamp>
<contributor>
<username>Cpls</username>
<id>20608</id>
</contributor>
<comment>[[Ajuda:Guia de edição/Menus e ferramentas/Sumário de edição|→]] nova página: ={{-pt-}}= ==Substantivo== {{flex.pt|ms=jabardo|mp=jabardos}} {{paroxítona|ja|bar|do}}, {{m}} # {{escopo|Tr...</comment>
<model>wikitext</model>
<format>text/x-wiki</format>
<text bytes="680" xml:space="preserve">={{-pt-}}=
==Substantivo==
{{flex.pt|ms=jabardo|mp=jabardos}}
{{paroxítona|ja|bar|do}}, {{m}}
# {{escopo|Trás-os-Montes}} pessoa bruta, [[desprezível]], de mau trato

[[Categoria:Substantivo (Português)]]
[[Categoria:Regionalismo (Português)]]

={{-gl-}}=
==Substantivo==
{{flex.pt|ms=jabardo|mp=jabardos}}
{{paroxítona|ja|bar|do|lang=gl}}, {{m}}
# [[jabardo#{{pt}}|jabardo]]
# o animal doméstico que é bravo
# pequeno [[enxame]]
# segundo enxame que uma colônia de [[abelha]]s faz num mesmo ano
# enxame serôdio que foge
# pequena [[truta]]

=={{etimologia|gl}}==
: confronte-se com o [[galego]] ''[[jabardilho#{{gl}}|jabardilho]]''.

[[Categoria:Substantivo (Galego)]]</text>
<sha1>99js3h6v7jrjjp7rrh1j31h25mfgzpq</sha1>
</revision>
<revision>
<id>2009950</id>
<parentid>2009930</parentid>
<timestamp>2015-10-05T15:58:46Z</timestamp>
<contributor>
<username>Cpls</username>
<id>20608</id>
</contributor>
<comment>/* {{etimologia|gl}} */</comment>
<model>wikitext</model>
<format>text/x-wiki</format>
<text bytes="680" xml:space="preserve">={{-pt-}}=
==Substantivo==
{{flex.pt|ms=jabardo|mp=jabardos}}
{{paroxítona|ja|bar|do}}, {{m}}
# {{escopo|Trás-os-Montes}} pessoa bruta, [[desprezível]], de mau trato

[[Categoria:Substantivo (Português)]]
[[Categoria:Regionalismo (Português)]]

={{-gl-}}=
==Substantivo==
{{flex.pt|ms=jabardo|mp=jabardos}}
{{paroxítona|ja|bar|do|lang=gl}}, {{m}}
# [[jabardo#{{pt}}|jabardo]]
# o animal doméstico que é bravo
# pequeno [[enxame]]
# segundo enxame que uma colônia de [[abelha]]s faz num mesmo ano
# enxame serôdio que foge
# pequena [[truta]]

=={{etimologia|gl}}==
: Confronte-se com o [[galego]] ''[[jabardilho#{{gl}}|jabardilho]]''.

[[Categoria:Substantivo (Galego)]]</text>
<sha1>q4odwgkxvgzeqdv6nl4tuk3k6y6ts0u</sha1>
</revision>
<revision>
<id>2010827</id>
<parentid>2009950</parentid>
<timestamp>2015-10-06T09:30:23Z</timestamp>
<contributor>
<username>Cpls</username>
<id>20608</id>
</contributor>
<model>wikitext</model>
<format>text/x-wiki</format>
<text bytes="736" xml:space="preserve">={{-pt-}}=
==Substantivo==
{{flex.pt|ms=jabardo|mp=jabardos}}
{{paroxítona|ja|bar|do}}, {{m}}
# {{escopo|Trás-os-Montes}} pessoa bruta, [[desprezível]], de mau trato

==Ver também==
===No Wikcionário===
* [[ajavardado]]

[[Categoria:Substantivo (Português)]]
[[Categoria:Regionalismo (Português)]]

={{-gl-}}=
==Substantivo==
{{flex.pt|ms=jabardo|mp=jabardos}}
{{paroxítona|ja|bar|do|lang=gl}}, {{m}}
# [[jabardo#{{pt}}|jabardo]]
# o animal doméstico que é bravo
# pequeno [[enxame]]
# segundo enxame que uma colônia de [[abelha]]s faz num mesmo ano
# enxame serôdio que foge
# pequena [[truta]]

=={{etimologia|gl}}==
: Confronte-se com o [[galego]] ''[[jabardilho#{{gl}}|jabardilho]]''.

[[Categoria:Substantivo (Galego)]]</text>
<sha1>eiqoni8g4hq8xl6zf5g3d7facefoiw1</sha1>
</revision>
<revision>
<id>2018406</id>
<parentid>2010827</parentid>
<timestamp>2015-10-18T09:56:19Z</timestamp>
<contributor>
<username>YS-Bot</username>
<id>32241</id>
</contributor>
<minor />
<comment>r2.7.3) (Robô: A adicionar: [[es:jabardo]]</comment>
<model>wikitext</model>
<format>text/x-wiki</format>
<text bytes="752" xml:space="preserve">={{-pt-}}=
==Substantivo==
{{flex.pt|ms=jabardo|mp=jabardos}}
{{paroxítona|ja|bar|do}}, {{m}}
# {{escopo|Trás-os-Montes}} pessoa bruta, [[desprezível]], de mau trato

==Ver também==
===No Wikcionário===
* [[ajavardado]]

[[Categoria:Substantivo (Português)]]
[[Categoria:Regionalismo (Português)]]

={{-gl-}}=
==Substantivo==
{{flex.pt|ms=jabardo|mp=jabardos}}
{{paroxítona|ja|bar|do|lang=gl}}, {{m}}
# [[jabardo#{{pt}}|jabardo]]
# o animal doméstico que é bravo
# pequeno [[enxame]]
# segundo enxame que uma colônia de [[abelha]]s faz num mesmo ano
# enxame serôdio que foge
# pequena [[truta]]

=={{etimologia|gl}}==
: Confronte-se com o [[galego]] ''[[jabardilho#{{gl}}|jabardilho]]''.

[[Categoria:Substantivo (Galego)]]

[[es:jabardo]]</text>
<sha1>74etbloc7hc17d463ltrsur1o9c8mf7</sha1>
</revision>
<revision>
<id>2256518</id>
<parentid>2018406</parentid>
<timestamp>2017-03-26T19:37:57Z</timestamp>
<contributor>
<username>Cpls</username>
<id>20608</id>
</contributor>
<comment>/* Ver também */</comment>
<model>wikitext</model>
<format>text/x-wiki</format>
<text bytes="767" xml:space="preserve">={{-pt-}}=
==Substantivo==
{{flex.pt|ms=jabardo|mp=jabardos}}
{{paroxítona|ja|bar|do}}, {{m}}
# {{escopo|Trás-os-Montes}} pessoa bruta, [[desprezível]], de mau trato

==Ver também==
===No Wikcionário===
* [[ajavardado]], [[jabardice]]

[[Categoria:Substantivo (Português)]]
[[Categoria:Regionalismo (Português)]]

={{-gl-}}=
==Substantivo==
{{flex.pt|ms=jabardo|mp=jabardos}}
{{paroxítona|ja|bar|do|lang=gl}}, {{m}}
# [[jabardo#{{pt}}|jabardo]]
# o animal doméstico que é bravo
# pequeno [[enxame]]
# segundo enxame que uma colônia de [[abelha]]s faz num mesmo ano
# enxame serôdio que foge
# pequena [[truta]]

=={{etimologia|gl}}==
: Confronte-se com o [[galego]] ''[[jabardilho#{{gl}}|jabardilho]]''.

[[Categoria:Substantivo (Galego)]]

[[es:jabardo]]</text>
<sha1>n5amijn9oxgloefg1kv9oaaspxk565n</sha1>
</revision>
<revision>
<id>2256523</id>
<parentid>2256518</parentid>
<timestamp>2017-03-26T19:59:12Z</timestamp>
<contributor>
<username>Cpls</username>
<id>20608</id>
</contributor>
<model>wikitext</model>
<format>text/x-wiki</format>
<text bytes="864" xml:space="preserve">={{-pt-}}=
==Substantivo==
{{flex.pt|ms=jabardo|mp=jabardos}}
{{paroxítona|ja|bar|do}}, {{g|m}}
# {{escopo|pt|Trás-os-Montes}} pessoa bruta, [[desprezível]], de mau trato

==Ver também==
===No Wikcionário===
* [[ajavardado]], [[jabardice]]

[[Categoria:Substantivo (Português)]]


={{-gl-}}=
==Substantivo==
{{flex.gl|ms=jabardo|mp=jabardos}}
{{paroxítona|ja|bar|do|lang=gl}}, {{g|m|lang=gl}}
# [[jabardo#{{pt}}|jabardo]], pessoa bruta
# o animal doméstico que é bravo
# pequeno [[enxame]]
# segundo enxame que uma colônia de [[abelha]]s faz num mesmo ano
# enxame serôdio que foge
# pequena [[truta]]

==={{-varort-}}===
* [[javardo#{{gl}}|javardo]]

===Sinónimo===
* De '''4''': [[jabouco#{{gl}}|jabouco]]

=={{etimologia|gl}}==
: Confronte-se com o [[galego]] ''[[jabardilho#{{gl}}|jabardilho]]''.

[[Categoria:Substantivo (Galego)]]

[[es:jabardo]]</text>
<sha1>9o1u48bc2ilr2gnraso50gp4byrwbqr</sha1>
</revision>
<revision>
<id>2364446</id>
<parentid>2256523</parentid>
<timestamp>2017-05-03T15:31:07Z</timestamp>
<contributor>
<username>HydrizBot</username>
<id>29590</id>
</contributor>
<minor />
<comment>Robô: A limpar links interwikis antigos</comment>
<model>wikitext</model>
<format>text/x-wiki</format>
<text bytes="848" xml:space="preserve">={{-pt-}}=
==Substantivo==
{{flex.pt|ms=jabardo|mp=jabardos}}
{{paroxítona|ja|bar|do}}, {{g|m}}
# {{escopo|pt|Trás-os-Montes}} pessoa bruta, [[desprezível]], de mau trato

==Ver também==
===No Wikcionário===
* [[ajavardado]], [[jabardice]]

[[Categoria:Substantivo (Português)]]


={{-gl-}}=
==Substantivo==
{{flex.gl|ms=jabardo|mp=jabardos}}
{{paroxítona|ja|bar|do|lang=gl}}, {{g|m|lang=gl}}
# [[jabardo#{{pt}}|jabardo]], pessoa bruta
# o animal doméstico que é bravo
# pequeno [[enxame]]
# segundo enxame que uma colônia de [[abelha]]s faz num mesmo ano
# enxame serôdio que foge
# pequena [[truta]]

==={{-varort-}}===
* [[javardo#{{gl}}|javardo]]

===Sinónimo===
* De '''4''': [[jabouco#{{gl}}|jabouco]]

=={{etimologia|gl}}==
: Confronte-se com o [[galego]] ''[[jabardilho#{{gl}}|jabardilho]]''.

[[Categoria:Substantivo (Galego)]]</text>
<sha1>nyokwvbiskdq3m61dvvrwnv50uo4d4k</sha1>
</revision>
<revision>
<id>2546848</id>
<parentid>2364446</parentid>
<timestamp>2019-06-15T20:05:39Z</timestamp>
<contributor>
<username>Cpls</username>
<id>20608</id>
</contributor>
<comment>/* {{etimologia|gl}} */</comment>
<model>wikitext</model>
<format>text/x-wiki</format>
<text bytes="894" xml:space="preserve">={{-pt-}}=
==Substantivo==
{{flex.pt|ms=jabardo|mp=jabardos}}
{{paroxítona|ja|bar|do}}, {{g|m}}
# {{escopo|pt|Trás-os-Montes}} pessoa bruta, [[desprezível]], de mau trato

==Ver também==
===No Wikcionário===
* [[ajavardado]], [[jabardice]]

[[Categoria:Substantivo (Português)]]


={{-gl-}}=
==Substantivo==
{{flex.gl|ms=jabardo|mp=jabardos}}
{{paroxítona|ja|bar|do|lang=gl}}, {{g|m|lang=gl}}
# [[jabardo#{{pt}}|jabardo]], pessoa bruta
# o animal doméstico que é bravo
# pequeno [[enxame]]
# segundo enxame que uma colônia de [[abelha]]s faz num mesmo ano
# enxame serôdio que foge
# pequena [[truta]]

==={{-varort-}}===
* [[javardo#{{gl}}|javardo]]

===Sinónimo===
* De '''4''': [[jabouco#{{gl}}|jabouco]]

=={{etimologia|gl}}==
: Confronte-se com o [[galego]] ''[[jabardilho#{{gl}}|jabardilho]]''. cognado do asturiano {{etimo|ast|xalabardu}}.

[[Categoria:Substantivo (Galego)]]</text>
<sha1>2cuissii8mg2czadme5gi1d6vi03flr</sha1>
</revision>
</page>
