<title>jaborandiense</title>
<ns>0</ns>
<id>393410</id>
<revision>
<id>2487703</id>
<timestamp>2018-03-04T08:45:10Z</timestamp>
<contributor>
<username>MIL973</username>
<id>41339</id>
</contributor>
<comment>[[Ajuda:Guia de edição/Menus e ferramentas/Sumário de edição|→]] nova página: ={{-pt-}}= ==Adjetivo== {{flex.pt|s=jaborandiense|p=jaborandienses}} {{paroxítona|ja|bo|ran|di|en|se}}, {{gr...</comment>
<model>wikitext</model>
<format>text/x-wiki</format>
<text bytes="551" xml:space="preserve">={{-pt-}}=
==Adjetivo==
{{flex.pt|s=jaborandiense|p=jaborandienses}}
{{paroxítona|ja|bo|ran|di|en|se}}, {{gramática|c2g}}
# {{escopo|pt|Gentílico}} de [[Jaborandi]], cidade paulista

==Substantivo==
{{flex.pt|s=ituveravense|p=ituveravenses}}
{{paroxítona|i|tu|ve|ra|ven|se}}, {{gramática|c2g}}
# {{escopo|pt|Gentílico}} natural de Ituverava ou seu habitante

=={{etimologia|pt}}==
: {{escopo|Morfologia}} [[Ituverava]] + [[-ense]].

==Ligações externas==
* {{Aulete}}

[[Categoria:Adjetivo (Português)]]
[[Categoria:Substantivo (Português)]]</text>
<sha1>0pky2uvxqip0pdodsjxyqy0f1qz9am0</sha1>
</revision>
<revision>
<id>2487704</id>
<parentid>2487703</parentid>
<timestamp>2018-03-04T08:46:28Z</timestamp>
<contributor>
<username>MIL973</username>
<id>41339</id>
</contributor>
<model>wikitext</model>
<format>text/x-wiki</format>
<text bytes="587" xml:space="preserve">={{-pt-}}=
==Adjetivo==
{{flex.pt|s=jaborandiense|p=jaborandienses}}
{{paroxítona|ja|bo|ran|di|en|se}}, {{gramática|c2g}}
# {{escopo|pt|Gentílico}} das cidades de nome [[Jaborandi]], na Bahia e em São Paulo

==Substantivo==
{{flex.pt|s=jaborandiense|p=jaborandienses}}
{{paroxítona|ja|bo|ran|di|en|se}}, {{gramática|c2g}}
# {{escopo|pt|Gentílico}} natural destas duas cidades ou seu habitante

=={{etimologia|pt}}==
: {{escopo|Morfologia}} [[Jaborandi]] + [[-ense]].

==Ligações externas==
* {{Aulete}}

[[Categoria:Adjetivo (Português)]]
[[Categoria:Substantivo (Português)]]</text>
<sha1>egwyigpevbo887ffesppn7x4g07i7r2</sha1>
</revision>
<revision>
<id>2491783</id>
<parentid>2487704</parentid>
<timestamp>2018-03-29T02:52:29Z</timestamp>
<contributor>
<username>MIL973</username>
<id>41339</id>
</contributor>
<model>wikitext</model>
<format>text/x-wiki</format>
<text bytes="590" xml:space="preserve">={{-pt-}}=
==Adjetivo==
{{flex.pt|s=jaborandiense|p=jaborandienses}}
{{paroxítona|ja|bo|ran|di|en|se}}, {{gramática|c2g}}
# {{escopo|pt|Gentílico}} das cidades de nome [[Jaborandi]], na Bahia e em São Paulo

==Substantivo==
{{flex.pt|s=jaborandiense|p=jaborandienses}}
{{paroxítona|ja|bo|ran|di|en|se}}, {{gramática|c2g}}
# {{escopo|pt|Gentílico}} natural destas duas cidades ou seu habitante

=={{etimologia|pt}}==
: {{escopo|Morfologia}} De [[Jaborandi]] + [[-ense]].

==Ligações externas==
* {{Aulete}}

[[Categoria:Adjetivo (Português)]]
[[Categoria:Substantivo (Português)]]</text>
<sha1>kfdo0xonilray6p4sw522am2lg62id1</sha1>
</revision>
</page>
