<title>jaboticabalense</title>
<ns>0</ns>
<id>393430</id>
<revision>
<id>2487800</id>
<timestamp>2018-03-05T07:02:10Z</timestamp>
<contributor>
<username>MIL973</username>
<id>41339</id>
</contributor>
<comment>[[Ajuda:Guia de edição/Menus e ferramentas/Sumário de edição|→]] nova página: ={{-pt-}}= ==Adjetivo== {{flex.pt|s=jaboticabalense|p=jaboticabalenses}} {{paroxítona|ja|bo|ti|ca|ba|len|se}...</comment>
<model>wikitext</model>
<format>text/x-wiki</format>
<text bytes="609" xml:space="preserve">={{-pt-}}=
==Adjetivo==
{{flex.pt|s=jaboticabalense|p=jaboticabalenses}}
{{paroxítona|ja|bo|ti|ca|ba|len|se}}, {{gramática|c2g}}
# {{escopo|pt|Gentílico}} de [[Jaboticabal]], cidade paulista

===Sinônimo===
* [[jabuticabalense]]

==Substantivo==
{{flex.pt|s=jaborandiense|p=jaborandienses}}
{{paroxítona|ja|bo|ran|di|en|se}}, {{gramática|c2g}}
# {{escopo|pt|Gentílico}} natural destas duas cidades ou seu habitante

=={{etimologia|pt}}==
: {{escopo|Morfologia}} [[Jaborandi]] + [[-ense]].

==Ligações externas==
* {{Aulete}}

[[Categoria:Adjetivo (Português)]]
[[Categoria:Substantivo (Português)]]</text>
<sha1>e882hhr0f2kfjqi26qx5b011y9ewuor</sha1>
</revision>
<revision>
<id>2487801</id>
<parentid>2487800</parentid>
<timestamp>2018-03-05T07:02:50Z</timestamp>
<contributor>
<username>MIL973</username>
<id>41339</id>
</contributor>
<model>wikitext</model>
<format>text/x-wiki</format>
<text bytes="651" xml:space="preserve">={{-pt-}}=
==Adjetivo==
{{flex.pt|s=jaboticabalense|p=jaboticabalenses}}
{{paroxítona|ja|bo|ti|ca|ba|len|se}}, {{gramática|c2g}}
# {{escopo|pt|Gentílico}} de [[Jaboticabal]], cidade paulista

===Sinônimo===
* [[jabuticabalense]]

==Substantivo==
{{flex.pt|s=jaboticabalense|p=jaboticabalenses}}
{{paroxítona|ja|bo|ti|ca|ba|len|se}}, {{gramática|c2g}}
# {{escopo|pt|Gentílico}} natural de Jaboticabal ou seu habitante

===Sinônimo===
* [[jabuticabalense]]

=={{etimologia|pt}}==
: {{escopo|Morfologia}} [[Jaborandi]] + [[-ense]].

==Ligações externas==
* {{VOLPABL}}

[[Categoria:Adjetivo (Português)]]
[[Categoria:Substantivo (Português)]]</text>
<sha1>r91yr7x9br9ikor1r13lryl0iihemff</sha1>
</revision>
<revision>
<id>2487802</id>
<parentid>2487801</parentid>
<timestamp>2018-03-05T07:03:27Z</timestamp>
<contributor>
<username>MIL973</username>
<id>41339</id>
</contributor>
<model>wikitext</model>
<format>text/x-wiki</format>
<text bytes="653" xml:space="preserve">={{-pt-}}=
==Adjetivo==
{{flex.pt|s=jaboticabalense|p=jaboticabalenses}}
{{paroxítona|ja|bo|ti|ca|ba|len|se}}, {{gramática|c2g}}
# {{escopo|pt|Gentílico}} de [[Jaboticabal]], cidade paulista

===Sinônimo===
* [[jabuticabalense]]

==Substantivo==
{{flex.pt|s=jaboticabalense|p=jaboticabalenses}}
{{paroxítona|ja|bo|ti|ca|ba|len|se}}, {{gramática|c2g}}
# {{escopo|pt|Gentílico}} natural de Jaboticabal ou seu habitante

===Sinônimo===
* [[jabuticabalense]]

=={{etimologia|pt}}==
: {{escopo|Morfologia}} [[Jaboticabal]] + [[-ense]].

==Ligações externas==
* {{VOLPABL}}

[[Categoria:Adjetivo (Português)]]
[[Categoria:Substantivo (Português)]]</text>
<sha1>77cqt7xxw6fi6ef7a07drmflj1fok7n</sha1>
</revision>
<revision>
<id>2491784</id>
<parentid>2487802</parentid>
<timestamp>2018-03-29T02:52:54Z</timestamp>
<contributor>
<username>MIL973</username>
<id>41339</id>
</contributor>
<model>wikitext</model>
<format>text/x-wiki</format>
<text bytes="656" xml:space="preserve">={{-pt-}}=
==Adjetivo==
{{flex.pt|s=jaboticabalense|p=jaboticabalenses}}
{{paroxítona|ja|bo|ti|ca|ba|len|se}}, {{gramática|c2g}}
# {{escopo|pt|Gentílico}} de [[Jaboticabal]], cidade paulista

===Sinônimo===
* [[jabuticabalense]]

==Substantivo==
{{flex.pt|s=jaboticabalense|p=jaboticabalenses}}
{{paroxítona|ja|bo|ti|ca|ba|len|se}}, {{gramática|c2g}}
# {{escopo|pt|Gentílico}} natural de Jaboticabal ou seu habitante

===Sinônimo===
* [[jabuticabalense]]

=={{etimologia|pt}}==
: {{escopo|Morfologia}} De [[Jaboticabal]] + [[-ense]].

==Ligações externas==
* {{VOLPABL}}

[[Categoria:Adjetivo (Português)]]
[[Categoria:Substantivo (Português)]]</text>
<sha1>9kebieb44n7a1y5g2cjz5nm2xpwe7pp</sha1>
</revision>
</page>
