<title>jabouco</title>
<ns>0</ns>
<id>376471</id>
<revision>
<id>2256524</id>
<timestamp>2017-03-26T19:59:27Z</timestamp>
<contributor>
<username>Cpls</username>
<id>20608</id>
</contributor>
<comment>[[Ajuda:Guia de edição/Menus e ferramentas/Sumário de edição|→]] nova página: ={{-gl-}}= ==Adjetivo== {{flex.gl|ms=jabouco|mp=jaboucos|fs=jabouca|fp=jaboucas}} {{paroxítona|ja|bou|co|lan...</comment>
<model>wikitext</model>
<format>text/x-wiki</format>
<text bytes="619" xml:space="preserve">={{-gl-}}=
==Adjetivo==
{{flex.gl|ms=jabouco|mp=jaboucos|fs=jabouca|fp=jaboucas}}
{{paroxítona|ja|bou|co|lang=gl}}, {{g|c2g|lang=gl}}
# {{escopo|gl|pejorativo}} [[bobo]], aparvado

==Substantivo==
{{flex.gl|ms=jabouco|mp=jaboucos}}
{{paroxítona|ja|bou|co|lang=gl}}, {{g|m|lang=gl}}
# segundo enxame que uma colônia de [[abelha]]s faz num mesmo ano

==={{-varort-}}===
* [[xabouco#{{gl}}|xabouco]]

===Sinónimo===
* [[jabardo#{{gl}}|jabardo]]

=={{etimologia|gl}}==
: Confronte-se com  ''[[jamoco#{{gl}}|jamoco]]'' e ''[[jamouco#{{gl}}|jamouco]]''.

[[Categoria:Adjetivo (Galego)]]
[[Categoria:Substantivo (Galego)]]</text>
<sha1>rcchqlajkct1qa73fgyneidg2e87dnr</sha1>
</revision>
<revision>
<id>2256529</id>
<parentid>2256524</parentid>
<timestamp>2017-03-26T20:07:03Z</timestamp>
<contributor>
<username>Cpls</username>
<id>20608</id>
</contributor>
<model>wikitext</model>
<format>text/x-wiki</format>
<text bytes="623" xml:space="preserve">={{-gl-}}=
==Adjetivo==
{{flex.gl|ms=jabouco|mp=jaboucos|fs=jabouca|fp=jaboucas}}
{{paroxítona|ja|bou|co|lang=gl}}, {{g|c2g|lang=gl}}
# {{escopo|gl|pejorativo}} [[bobo]], aparvado

==Substantivo==
{{flex.gl|ms=jabouco|mp=jaboucos}}
{{paroxítona|ja|bou|co|lang=gl}}, {{g|m|lang=gl}}
# segundo [[enxame]] que uma colônia de [[abelha]]s faz num mesmo ano

==={{-varort-}}===
* [[xabouco#{{gl}}|xabouco]]

===Sinónimo===
* [[jabardo#{{gl}}|jabardo]]

=={{etimologia|gl}}==
: Confronte-se com  ''[[jamoco#{{gl}}|jamoco]]'' e ''[[jamouco#{{gl}}|jamouco]]''.

[[Categoria:Adjetivo (Galego)]]
[[Categoria:Substantivo (Galego)]]</text>
<sha1>gfkr4wnc8mirwxkbrj0097aw28zbhn9</sha1>
</revision>
<revision>
<id>2554678</id>
<parentid>2256529</parentid>
<timestamp>2019-09-22T15:40:27Z</timestamp>
<contributor>
<username>Cpls</username>
<id>20608</id>
</contributor>
<comment>/* {{etimologia|gl}} */</comment>
<model>wikitext</model>
<format>text/x-wiki</format>
<text bytes="655" xml:space="preserve">={{-gl-}}=
==Adjetivo==
{{flex.gl|ms=jabouco|mp=jaboucos|fs=jabouca|fp=jaboucas}}
{{paroxítona|ja|bou|co|lang=gl}}, {{g|c2g|lang=gl}}
# {{escopo|gl|pejorativo}} [[bobo]], aparvado

==Substantivo==
{{flex.gl|ms=jabouco|mp=jaboucos}}
{{paroxítona|ja|bou|co|lang=gl}}, {{g|m|lang=gl}}
# segundo [[enxame]] que uma colônia de [[abelha]]s faz num mesmo ano

==={{-varort-}}===
* [[xabouco#{{gl}}|xabouco]]

===Sinónimo===
* [[jabardo#{{gl}}|jabardo]]

=={{etimologia|gl}}==
: Confronte-se com  ''[[jamoco#{{gl}}|jamoco]]'', ''[[jamouco#{{gl}}|jamouco]]'' e ''[[besouco#{{gl}}|besouco]]''.

[[Categoria:Adjetivo (Galego)]]
[[Categoria:Substantivo (Galego)]]</text>
<sha1>4ovbsaqbr2bsjonnnniaqvxyapgunkr</sha1>
</revision>
</page>
