<title>jaboticabense</title>
<ns>0</ns>
<id>393474</id>
<revision>
<id>2487986</id>
<timestamp>2018-03-06T06:17:50Z</timestamp>
<contributor>
<username>MIL973</username>
<id>41339</id>
</contributor>
<comment>[[Ajuda:Guia de edição/Menus e ferramentas/Sumário de edição|→]] nova página: ={{-pt-}}= ==Adjetivo== {{flex.pt|s=jaboticabense|p=jaboticabenses}} {{paroxítona|ja|bo|ti|ca|ben|se}}, {{gr...</comment>
<model>wikitext</model>
<format>text/x-wiki</format>
<text bytes="641" xml:space="preserve">={{-pt-}}=
==Adjetivo==
{{flex.pt|s=jaboticabense|p=jaboticabenses}}
{{paroxítona|ja|bo|ti|ca|ben|se}}, {{gramática|c2g}}
# {{escopo|pt|Gentílico}} de [[Jaboticaba]], cidade gaúcha

===Sinônimo===
* [[jabuticabense]]

==Substantivo==
{{flex.pt|s=jaboticabalense|p=jaboticabalenses}}
{{paroxítona|ja|bo|ti|ca|ba|len|se}}, {{gramática|c2g}}
# {{escopo|pt|Gentílico}} natural de Jaboticabal ou seu habitante

===Sinônimo===
* [[jabuticabalense]]

=={{etimologia|pt}}==
: {{escopo|Morfologia}} [[Jaboticabal]] + [[-ense]].

==Ligações externas==
* {{Aulete}}

[[Categoria:Adjetivo (Português)]]
[[Categoria:Substantivo (Português)]]</text>
<sha1>qgktggiuvvpltsirrzhns93om5rj55h</sha1>
</revision>
<revision>
<id>2487987</id>
<parentid>2487986</parentid>
<timestamp>2018-03-06T06:18:12Z</timestamp>
<contributor>
<username>MIL973</username>
<id>41339</id>
</contributor>
<model>wikitext</model>
<format>text/x-wiki</format>
<text bytes="631" xml:space="preserve">={{-pt-}}=
==Adjetivo==
{{flex.pt|s=jaboticabense|p=jaboticabenses}}
{{paroxítona|ja|bo|ti|ca|ben|se}}, {{gramática|c2g}}
# {{escopo|pt|Gentílico}} de [[Jaboticaba]], cidade gaúcha

===Sinônimo===
* [[jabuticabense]]

==Substantivo==
{{flex.pt|s=jaboticabense|p=jaboticabenses}}
{{paroxítona|ja|bo|ti|ca|ben|se}}, {{gramática|c2g}}
# {{escopo|pt|Gentílico}} natural de Jaboticaba ou seu habitante

===Sinônimo===
* [[jabuticabense]]

=={{etimologia|pt}}==
: {{escopo|Morfologia}} [[Jaboticabal]] + [[-ense]].

==Ligações externas==
* {{Aulete}}

[[Categoria:Adjetivo (Português)]]
[[Categoria:Substantivo (Português)]]</text>
<sha1>6fbzdarj66uqonxgw8z17fqlul8imir</sha1>
</revision>
<revision>
<id>2487988</id>
<parentid>2487987</parentid>
<timestamp>2018-03-06T06:18:30Z</timestamp>
<contributor>
<username>MIL973</username>
<id>41339</id>
</contributor>
<model>wikitext</model>
<format>text/x-wiki</format>
<text bytes="630" xml:space="preserve">={{-pt-}}=
==Adjetivo==
{{flex.pt|s=jaboticabense|p=jaboticabenses}}
{{paroxítona|ja|bo|ti|ca|ben|se}}, {{gramática|c2g}}
# {{escopo|pt|Gentílico}} de [[Jaboticaba]], cidade gaúcha

===Sinônimo===
* [[jabuticabense]]

==Substantivo==
{{flex.pt|s=jaboticabense|p=jaboticabenses}}
{{paroxítona|ja|bo|ti|ca|ben|se}}, {{gramática|c2g}}
# {{escopo|pt|Gentílico}} natural de Jaboticaba ou seu habitante

===Sinônimo===
* [[jabuticabense]]

=={{etimologia|pt}}==
: {{escopo|Morfologia}} [[Jaboticaba]] + [[-ense]].

==Ligações externas==
* {{Aulete}}

[[Categoria:Adjetivo (Português)]]
[[Categoria:Substantivo (Português)]]</text>
<sha1>mqx8tx6pedc3aor7b6ng1pnvjx2kxtk</sha1>
</revision>
<revision>
<id>2491786</id>
<parentid>2487988</parentid>
<timestamp>2018-03-29T02:53:51Z</timestamp>
<contributor>
<username>MIL973</username>
<id>41339</id>
</contributor>
<model>wikitext</model>
<format>text/x-wiki</format>
<text bytes="633" xml:space="preserve">={{-pt-}}=
==Adjetivo==
{{flex.pt|s=jaboticabense|p=jaboticabenses}}
{{paroxítona|ja|bo|ti|ca|ben|se}}, {{gramática|c2g}}
# {{escopo|pt|Gentílico}} de [[Jaboticaba]], cidade gaúcha

===Sinônimo===
* [[jabuticabense]]

==Substantivo==
{{flex.pt|s=jaboticabense|p=jaboticabenses}}
{{paroxítona|ja|bo|ti|ca|ben|se}}, {{gramática|c2g}}
# {{escopo|pt|Gentílico}} natural de Jaboticaba ou seu habitante

===Sinônimo===
* [[jabuticabense]]

=={{etimologia|pt}}==
: {{escopo|Morfologia}} De [[Jaboticaba]] + [[-ense]].

==Ligações externas==
* {{Aulete}}

[[Categoria:Adjetivo (Português)]]
[[Categoria:Substantivo (Português)]]</text>
<sha1>0ir9lofszts88q3nctkuf6bxjb7iomb</sha1>
</revision>
</page>
