<title>jaboticaba</title>
<ns>0</ns>
<id>360221</id>
<revision>
<id>2143657</id>
<timestamp>2016-06-13T14:18:10Z</timestamp>
<contributor>
<ip>201.36.109.125</ip>
</contributor>
<comment>[[Ajuda:Guia de edição/Menus e ferramentas/Sumário de edição|→]] nova página: {{Wikipédia}} Imagem:Myrciaria cauliflora2.jpg|thumb|250px|right|&lt;center&gt;'''Myrciaria cauliflora'''&lt;/cente...</comment>
<model>wikitext</model>
<format>text/x-wiki</format>
<text bytes="1172" xml:space="preserve">{{Wikipédia}}
[[Imagem:Myrciaria cauliflora2.jpg|thumb|250px|right|&lt;center&gt;'''Myrciaria cauliflora'''&lt;/center&gt;]]

={{-pt-}}=
==Substantivo==
{{flex.pt|fs=jaboticaba|fp=jaboticabas}}
{{paroxítona|ja|bo|ti|ca|ba}}, {{f}}
# {{escopo|Botânica}} [[fruto]] de [[coloração]] [[exterior]] [[negro|negra]], que se obtém da [[jaboticabeira]]
# {{escopo|Brasil, figurado}} algo problemático criado no contexto da, e circunspecto à, sociedade brasileira


===Tradução===
{{tradini}}
* {{trad|es|guapurú||jaboticaba}}
* {{trad|fr|jaboticaba||guapuru}}
{{tradmeio}}
* {{trad|en|Brazilian berry}}
{{tradfim}}

=={{etimologia|pt}}==
: Das palavras do [[tupi]]: ''[[jaboti]]'' ([[cágado]]) + ''[[guaba]]'' ([[alimento]]). Literalmente, o alimento dos jabotis.

=={{pronúncia|pt}}==
===Brasil===
====Carioca====
* [[AFI]]: /ʒa.ˌbu.ʧi.ˈka.bɐ/ {{ouvir|pt-br-jabuticaba.ogg}}
* [[X-SAMPA]]: /Za.%bu.tSi.&quot;ka.b6/

==Ver também==
===No Wikcionário===
* [[jaboticabeira]]
* [[jaboticabal]]
* [[jaboti]]

[[Categoria:Substantivo (Português)]]
[[Categoria:Botânica (Português)]]
[[Categoria:Fruta (Português)]]
[[Categoria:Entrada com imagem (Português)]]

[[en:jaboticaba]]</text>
<sha1>fgx7eq2sutu1u8275gjixhxxc7qcw71</sha1>
</revision>
<revision>
<id>2143674</id>
<parentid>2143657</parentid>
<timestamp>2016-06-13T14:29:10Z</timestamp>
<contributor>
<ip>177.43.73.125</ip>
</contributor>
<model>wikitext</model>
<format>text/x-wiki</format>
<text bytes="1206" xml:space="preserve">{{Wikipédia}}
[[Imagem:Myrciaria cauliflora2.jpg|thumb|250px|right|&lt;center&gt;'''Myrciaria cauliflora'''&lt;/center&gt;]]

={{-pt-}}=
==Substantivo==
{{flex.pt|fs=jaboticaba|fp=jaboticabas}}
{{paroxítona|ja|bo|ti|ca|ba}}, {{f}}
# {{escopo|Botânica}} [[fruto]] de [[coloração]] [[exterior]] [[negro|negra]], que se obtém da [[jaboticabeira]]
# {{escopo|Brasil, figurado}} algo problemático criado no contexto da, e circunspecto à, sociedade brasileira

===Sinônimoo===
# [[jabuticaba]]

===Tradução===
{{tradini}}
* {{trad|es|guapurú||jaboticaba}}
* {{trad|fr|jaboticaba||guapuru}}
{{tradmeio}}
* {{trad|en|Brazilian berry}}
{{tradfim}}

=={{etimologia|pt}}==
: Das palavras do [[tupi]]: ''[[jaboti]]'' ([[cágado]]) + ''[[guaba]]'' ([[alimento]]). Literalmente, o alimento dos jabotis.

=={{pronúncia|pt}}==
===Brasil===
====Carioca====
* [[AFI]]: /ʒa.ˌbu.ʧi.ˈka.bɐ/ {{ouvir|pt-br-jabuticaba.ogg}}
* [[X-SAMPA]]: /Za.%bu.tSi.&quot;ka.b6/

==Ver também==
===No Wikcionário===
* [[jaboticabeira]]
* [[jaboticabal]]
* [[jaboti]]

[[Categoria:Substantivo (Português)]]
[[Categoria:Botânica (Português)]]
[[Categoria:Fruta (Português)]]
[[Categoria:Entrada com imagem (Português)]]

[[en:jaboticaba]]</text>
<sha1>lsehobo6wp61sdu8chabo7hve8g0kj0</sha1>
</revision>
<revision>
<id>2143675</id>
<parentid>2143674</parentid>
<timestamp>2016-06-13T14:29:28Z</timestamp>
<contributor>
<ip>177.43.73.125</ip>
</contributor>
<comment>/* Sinônimoo */</comment>
<model>wikitext</model>
<format>text/x-wiki</format>
<text bytes="1205" xml:space="preserve">{{Wikipédia}}
[[Imagem:Myrciaria cauliflora2.jpg|thumb|250px|right|&lt;center&gt;'''Myrciaria cauliflora'''&lt;/center&gt;]]

={{-pt-}}=
==Substantivo==
{{flex.pt|fs=jaboticaba|fp=jaboticabas}}
{{paroxítona|ja|bo|ti|ca|ba}}, {{f}}
# {{escopo|Botânica}} [[fruto]] de [[coloração]] [[exterior]] [[negro|negra]], que se obtém da [[jaboticabeira]]
# {{escopo|Brasil, figurado}} algo problemático criado no contexto da, e circunspecto à, sociedade brasileira

===Sinônimo===
# [[jabuticaba]]

===Tradução===
{{tradini}}
* {{trad|es|guapurú||jaboticaba}}
* {{trad|fr|jaboticaba||guapuru}}
{{tradmeio}}
* {{trad|en|Brazilian berry}}
{{tradfim}}

=={{etimologia|pt}}==
: Das palavras do [[tupi]]: ''[[jaboti]]'' ([[cágado]]) + ''[[guaba]]'' ([[alimento]]). Literalmente, o alimento dos jabotis.

=={{pronúncia|pt}}==
===Brasil===
====Carioca====
* [[AFI]]: /ʒa.ˌbu.ʧi.ˈka.bɐ/ {{ouvir|pt-br-jabuticaba.ogg}}
* [[X-SAMPA]]: /Za.%bu.tSi.&quot;ka.b6/

==Ver também==
===No Wikcionário===
* [[jaboticabeira]]
* [[jaboticabal]]
* [[jaboti]]

[[Categoria:Substantivo (Português)]]
[[Categoria:Botânica (Português)]]
[[Categoria:Fruta (Português)]]
[[Categoria:Entrada com imagem (Português)]]

[[en:jaboticaba]]</text>
<sha1>b2w9wtit9h7s4tdghetgjob2v62w133</sha1>
</revision>
<revision>
<id>2204466</id>
<parentid>2143675</parentid>
<timestamp>2016-12-01T07:55:31Z</timestamp>
<contributor>
<username>UT-interwiki-Bot</username>
<id>56129</id>
</contributor>
<minor />
<comment>Robô: A adicionar: [[fr:jaboticaba]], [[my:jaboticaba]], [[ta:jaboticaba]]</comment>
<model>wikitext</model>
<format>text/x-wiki</format>
<text bytes="1259" xml:space="preserve">{{Wikipédia}}
[[Imagem:Myrciaria cauliflora2.jpg|thumb|250px|right|&lt;center&gt;'''Myrciaria cauliflora'''&lt;/center&gt;]]

={{-pt-}}=
==Substantivo==
{{flex.pt|fs=jaboticaba|fp=jaboticabas}}
{{paroxítona|ja|bo|ti|ca|ba}}, {{f}}
# {{escopo|Botânica}} [[fruto]] de [[coloração]] [[exterior]] [[negro|negra]], que se obtém da [[jaboticabeira]]
# {{escopo|Brasil, figurado}} algo problemático criado no contexto da, e circunspecto à, sociedade brasileira

===Sinônimo===
# [[jabuticaba]]

===Tradução===
{{tradini}}
* {{trad|es|guapurú||jaboticaba}}
* {{trad|fr|jaboticaba||guapuru}}
{{tradmeio}}
* {{trad|en|Brazilian berry}}
{{tradfim}}

=={{etimologia|pt}}==
: Das palavras do [[tupi]]: ''[[jaboti]]'' ([[cágado]]) + ''[[guaba]]'' ([[alimento]]). Literalmente, o alimento dos jabotis.

=={{pronúncia|pt}}==
===Brasil===
====Carioca====
* [[AFI]]: /ʒa.ˌbu.ʧi.ˈka.bɐ/ {{ouvir|pt-br-jabuticaba.ogg}}
* [[X-SAMPA]]: /Za.%bu.tSi.&quot;ka.b6/

==Ver também==
===No Wikcionário===
* [[jaboticabeira]]
* [[jaboticabal]]
* [[jaboti]]

[[Categoria:Substantivo (Português)]]
[[Categoria:Botânica (Português)]]
[[Categoria:Fruta (Português)]]
[[Categoria:Entrada com imagem (Português)]]

[[en:jaboticaba]]
[[fr:jaboticaba]]
[[my:jaboticaba]]
[[ta:jaboticaba]]</text>
<sha1>jm5htwlt7x93y1xwn8qf6z2jduxqzss</sha1>
</revision>
<revision>
<id>2364452</id>
<parentid>2204466</parentid>
<timestamp>2017-05-03T15:31:31Z</timestamp>
<contributor>
<username>HydrizBot</username>
<id>29590</id>
</contributor>
<minor />
<comment>Robô: A limpar links interwikis antigos</comment>
<model>wikitext</model>
<format>text/x-wiki</format>
<text bytes="1186" xml:space="preserve">{{Wikipédia}}
[[Imagem:Myrciaria cauliflora2.jpg|thumb|250px|right|&lt;center&gt;'''Myrciaria cauliflora'''&lt;/center&gt;]]

={{-pt-}}=
==Substantivo==
{{flex.pt|fs=jaboticaba|fp=jaboticabas}}
{{paroxítona|ja|bo|ti|ca|ba}}, {{f}}
# {{escopo|Botânica}} [[fruto]] de [[coloração]] [[exterior]] [[negro|negra]], que se obtém da [[jaboticabeira]]
# {{escopo|Brasil, figurado}} algo problemático criado no contexto da, e circunspecto à, sociedade brasileira

===Sinônimo===
# [[jabuticaba]]

===Tradução===
{{tradini}}
* {{trad|es|guapurú||jaboticaba}}
* {{trad|fr|jaboticaba||guapuru}}
{{tradmeio}}
* {{trad|en|Brazilian berry}}
{{tradfim}}

=={{etimologia|pt}}==
: Das palavras do [[tupi]]: ''[[jaboti]]'' ([[cágado]]) + ''[[guaba]]'' ([[alimento]]). Literalmente, o alimento dos jabotis.

=={{pronúncia|pt}}==
===Brasil===
====Carioca====
* [[AFI]]: /ʒa.ˌbu.ʧi.ˈka.bɐ/ {{ouvir|pt-br-jabuticaba.ogg}}
* [[X-SAMPA]]: /Za.%bu.tSi.&quot;ka.b6/

==Ver também==
===No Wikcionário===
* [[jaboticabeira]]
* [[jaboticabal]]
* [[jaboti]]

[[Categoria:Substantivo (Português)]]
[[Categoria:Botânica (Português)]]
[[Categoria:Fruta (Português)]]
[[Categoria:Entrada com imagem (Português)]]</text>
<sha1>qqf3aty1f5pvgwpdd1yl8gn7zfduche</sha1>
</revision>
<revision>
<id>2487823</id>
<parentid>2364452</parentid>
<timestamp>2018-03-05T07:30:32Z</timestamp>
<contributor>
<username>MIL973</username>
<id>41339</id>
</contributor>
<model>wikitext</model>
<format>text/x-wiki</format>
<text bytes="1358" xml:space="preserve">{{Wikipédia}}
[[Imagem:Myrciaria cauliflora2.jpg|thumb|250px|right|&lt;center&gt;'''Myrciaria cauliflora'''&lt;/center&gt;]]

={{-pt-}}=
==Substantivo==
{{flex.pt|fs=jaboticaba|fp=jaboticabas}}
{{paroxítona|ja|bo|ti|ca|ba}}, {{gramática|f}}
# {{escopo|pt|Botânica|fruta}} [[fruto]] de [[coloração]] [[exterior]] [[negro|negra]], que se obtém da [[jaboticabeira]] ou da [[jabuticabeira]]
# {{escopo|pt|Brasil|figurado}} mulher que tem a [[cor]] da [[pele]] [[escuro|escura]]
# {{escopo|pt|Brasil|figurado}} algo problemático criado no contexto da, e circunspecto à, sociedade brasileira

===Sinônimo===
# [[jabuticaba]]

===Tradução===
{{tradini}}
* {{trad|es|guapurú|jaboticaba}}
* {{trad|fr|jaboticaba|guapuru}}
{{tradmeio}}
* {{trad|en|Brazilian berry}}
{{tradfim}}

=={{etimologia|pt}}==
: Das palavras do [[tupi]]: ''[[jaboti#{{tu}}|jaboti]]'' ([[cágado]]) + ''[[guaba#{{tu}}|guaba]]'' ([[alimento]]). Literalmente, o alimento dos jabotis.

=={{pronúncia|pt}}==
===Brasil===
====Carioca====
* AFI: /ʒa.ˌbu.ʧi.ˈka.bɐ/ {{ouvir|pt-br-jabuticaba.ogg}}
* X-SAMPA: /Za.%bu.tSi.&quot;ka.b6/

==Ver também==
===No Wikcionário===
{{colunas|2}}
* [[jaboti]]
* [[jaboticabal]]
* [[jabuti]]
* [[jabuticabal]]
{{colunas/fim}}

====Wikisaurus====
* [[Wikisaurus:planta|planta]]

[[Categoria:Substantivo (Português)]]
[[Categoria:Entrada com imagem (Português)]]</text>
<sha1>tnirp5uspz8b7lpui9ovlearwcigx37</sha1>
</revision>
<revision>
<id>2487827</id>
<parentid>2487823</parentid>
<timestamp>2018-03-05T07:34:44Z</timestamp>
<contributor>
<username>MIL973</username>
<id>41339</id>
</contributor>
<model>wikitext</model>
<format>text/x-wiki</format>
<text bytes="1358" xml:space="preserve">{{Wikipédia}}
[[Imagem:Myrciaria cauliflora2.jpg|thumb|250px|right|&lt;center&gt;'''Myrciaria cauliflora'''&lt;/center&gt;]]

={{-pt-}}=
==Substantivo==
{{flex.pt|fs=jaboticaba|fp=jaboticabas}}
{{paroxítona|ja|bo|ti|ca|ba}}, {{gramática|f}}
# {{escopo|pt|Botânica|fruta}} [[fruto]] de [[coloração]] [[exterior]] [[negro|negra]], que se obtém da [[jaboticabeira]] ou da [[jabuticabeira]]
# {{escopo|pt|Brasil|figurado}} mulher que tem a [[cor]] da [[pele]] [[escuro|escura]]
# {{escopo|pt|Brasil|figurado}} algo problemático criado no contexto da, e circunspecto à, sociedade brasileira

===Sinônimo===
* [[jabuticaba]]

===Tradução===
{{tradini}}
* {{trad|es|guapurú|jaboticaba}}
* {{trad|fr|jaboticaba|guapuru}}
{{tradmeio}}
* {{trad|en|Brazilian berry}}
{{tradfim}}

=={{etimologia|pt}}==
: Das palavras do [[tupi]]: ''[[jaboti#{{tu}}|jaboti]]'' ([[cágado]]) + ''[[guaba#{{tu}}|guaba]]'' ([[alimento]]). Literalmente, o alimento dos jabotis.

=={{pronúncia|pt}}==
===Brasil===
====Carioca====
* AFI: /ʒa.ˌbu.ʧi.ˈka.bɐ/ {{ouvir|pt-br-jabuticaba.ogg}}
* X-SAMPA: /Za.%bu.tSi.&quot;ka.b6/

==Ver também==
===No Wikcionário===
{{colunas|2}}
* [[jaboti]]
* [[jaboticabal]]
* [[jabuti]]
* [[jabuticabal]]
{{colunas/fim}}

====Wikisaurus====
* [[Wikisaurus:planta|planta]]

[[Categoria:Substantivo (Português)]]
[[Categoria:Entrada com imagem (Português)]]</text>
<sha1>o6svj9pbsdmo2rckfmepvqgul9hgkfy</sha1>
</revision>
<revision>
<id>2487828</id>
<parentid>2487827</parentid>
<timestamp>2018-03-05T07:35:07Z</timestamp>
<contributor>
<username>MIL973</username>
<id>41339</id>
</contributor>
<model>wikitext</model>
<format>text/x-wiki</format>
<text bytes="1358" xml:space="preserve">{{Wikipédia}}
[[Imagem:Myrciaria cauliflora2.jpg|thumb|250px|right|&lt;center&gt;'''Myrciaria cauliflora'''&lt;/center&gt;]]

={{-pt-}}=
==Substantivo==
{{flex.pt|fs=jaboticaba|fp=jaboticabas}}
{{paroxítona|ja|bo|ti|ca|ba}}, {{gramática|f}}
# {{escopo|pt|Botânica|fruta}} [[fruto]] de [[coloração]] [[exterior]] [[negro|negra]], que se obtém da [[jaboticabeira]] ou da [[jabuticabeira]]
# {{escopo|pt|Brasil|figurado}} mulher que tem a [[cor]] da [[pele]] [[escuro|escura]]
# {{escopo|pt|Brasil|figurado}} algo problemático criado no contexto da, e circunspecto à, sociedade brasileira

===Sinônimo===
* [[jabuticaba]]

===Tradução===
{{tradini}}
* {{trad|es|guapurú|jaboticaba}}
* {{trad|fr|guapuru|jaboticaba}}
{{tradmeio}}
* {{trad|en|Brazilian berry}}
{{tradfim}}

=={{etimologia|pt}}==
: Das palavras do [[tupi]]: ''[[jaboti#{{tu}}|jaboti]]'' ([[cágado]]) + ''[[guaba#{{tu}}|guaba]]'' ([[alimento]]). Literalmente, o alimento dos jabotis.

=={{pronúncia|pt}}==
===Brasil===
====Carioca====
* AFI: /ʒa.ˌbu.ʧi.ˈka.bɐ/ {{ouvir|pt-br-jabuticaba.ogg}}
* X-SAMPA: /Za.%bu.tSi.&quot;ka.b6/

==Ver também==
===No Wikcionário===
{{colunas|2}}
* [[jaboti]]
* [[jaboticabal]]
* [[jabuti]]
* [[jabuticabal]]
{{colunas/fim}}

====Wikisaurus====
* [[Wikisaurus:planta|planta]]

[[Categoria:Substantivo (Português)]]
[[Categoria:Entrada com imagem (Português)]]</text>
<sha1>d819wpivv7tunuawicy3ezivuznbrqm</sha1>
</revision>
<revision>
<id>2487830</id>
<parentid>2487828</parentid>
<timestamp>2018-03-05T07:38:19Z</timestamp>
<contributor>
<username>MIL973</username>
<id>41339</id>
</contributor>
<model>wikitext</model>
<format>text/x-wiki</format>
<text bytes="1407" xml:space="preserve">{{ver também|Jaboticaba}}
[[Imagem:Myrciaria cauliflora2.jpg|thumb|250px|right|&lt;center&gt;'''Myrciaria cauliflora'''&lt;/center&gt;]]

={{-pt-}}=
==Substantivo==
{{flex.pt|fs=jaboticaba|fp=jaboticabas}}
{{paroxítona|ja|bo|ti|ca|ba}}, {{gramática|f}}
# {{escopo|pt|Botânica|fruta}} [[fruto]] de [[coloração]] [[exterior]] [[negro|negra]], que se obtém da [[jaboticabeira]] ou da [[jabuticabeira]]
# {{escopo|pt|Brasil|figurado}} mulher que tem a [[cor]] da [[pele]] [[escuro|escura]]
# {{escopo|pt|Brasil|figurado}} algo problemático criado no contexto da, e circunspecto à, sociedade brasileira

===Sinônimo===
* [[jabuticaba]]

===Tradução===
{{tradini}}
* {{trad|es|guapurú|jaboticaba}}
* {{trad|fr|guapuru|jaboticaba}}
{{tradmeio}}
* {{trad|en|Brazilian berry}}
{{tradfim}}

=={{etimologia|pt}}==
: Das palavras do [[tupi]]: ''[[jaboti#{{tu}}|jaboti]]'' ([[cágado]]) + ''[[guaba#{{tu}}|guaba]]'' ([[alimento]]). Literalmente, o alimento dos jabotis.

=={{pronúncia|pt}}==
===Brasil===
====Carioca====
* AFI: /ʒa.ˌbu.ʧi.ˈka.bɐ/ {{ouvir|pt-br-jabuticaba.ogg}}
* X-SAMPA: /Za.%bu.tSi.&quot;ka.b6/

==Ver também==
===No Wikcionário===
{{colunas|2}}
* [[jaboti]]
* [[jaboticabal]]
* [[jabuti]]
* [[jabuticabal]]
{{colunas/fim}}

====Topônimos====
* [[Jaboticaba]]

====Wikisaurus====
* [[Wikisaurus:planta|planta]]

[[Categoria:Substantivo (Português)]]
[[Categoria:Entrada com imagem (Português)]]</text>
<sha1>purd04g171n6uorknaguuepsqee0hv9</sha1>
</revision>
</page>
