<title>jaboti</title>
<ns>0</ns>
<id>360223</id>
<revision>
<id>2143660</id>
<timestamp>2016-06-13T14:20:38Z</timestamp>
<contributor>
<ip>201.36.109.125</ip>
</contributor>
<comment>[[Ajuda:Guia de edição/Menus e ferramentas/Sumário de edição|→]] nova página: {{Wikipédia|lang=pt}}  ={{-pt-}}= ==Substantivo== {{oxítona|ja|bo|ti}} {{m}} {{p|jabotis}} #designação po...</comment>
<model>wikitext</model>
<format>text/x-wiki</format>
<text bytes="388" xml:space="preserve">{{Wikipédia|lang=pt}}

={{-pt-}}=
==Substantivo==
{{oxítona|ja|bo|ti}} {{m}} {{p|jabotis}}
#designação popular das [[tartaruga]]s exclusivamente terrestres, típicas do Brasil, do gênero dos [[quelonóides]],  da ordem dos [[quelônios]]

===Tradução===
{{tradini}}
*{{trad|en|tortoise}}
{{tradmeio}}
{{tradfim}}

[[Categoria:Substantivo (Português)]]

[[en:jaboti]]
[[mg:jaboti]]</text>
<sha1>rgxnqtma9bwopl73do0v3jojoa5qvk8</sha1>
</revision>
<revision>
<id>2143670</id>
<parentid>2143660</parentid>
<timestamp>2016-06-13T14:24:13Z</timestamp>
<contributor>
<ip>201.36.109.125</ip>
</contributor>
<model>wikitext</model>
<format>text/x-wiki</format>
<text bytes="442" xml:space="preserve">{{Wikipédia|lang=pt}}

={{-pt-}}=
==Substantivo==
{{oxítona|ja|bo|ti}} {{m}} {{p|jabotis}}
{{flex.pt|ms=jaboti|mp=jabotis|fs=jabota|fp=jabotas}}
#designação popular das [[tartaruga]]s exclusivamente terrestres, típicas do Brasil, do gênero dos [[quelonóides]],  da ordem dos [[quelônios]]

===Tradução===
{{tradini}}
*{{trad|en|tortoise}}
{{tradmeio}}
{{tradfim}}

[[Categoria:Substantivo (Português)]]

[[en:jaboti]]
[[mg:jaboti]]</text>
<sha1>5zhh17j3z07mdj9y749dp67hbww2ai8</sha1>
</revision>
<revision>
<id>2143671</id>
<parentid>2143670</parentid>
<timestamp>2016-06-13T14:24:33Z</timestamp>
<contributor>
<ip>201.36.109.125</ip>
</contributor>
<model>wikitext</model>
<format>text/x-wiki</format>
<text bytes="404" xml:space="preserve">{{Wikipédia|lang=pt}}

={{-pt-}}=
==Substantivo==
{{oxítona|ja|bo|ti}} {{m}} {{p|jabotis}}
{{flex.pt|ms=jaboti|mp=jabotis|fs=jabota|fp=jabotas}}
#designação popular das [[tartaruga]]s exclusivamente terrestres, típicas do Brasil, da ordem dos quelônios

===Tradução===
{{tradini}}
*{{trad|en|tortoise}}
{{tradmeio}}
{{tradfim}}

[[Categoria:Substantivo (Português)]]

[[en:jaboti]]
[[mg:jaboti]]</text>
<sha1>3wefbkiqep5thn736pyiv551ietc6yd</sha1>
</revision>
<revision>
<id>2204467</id>
<parentid>2143671</parentid>
<timestamp>2016-12-01T07:55:41Z</timestamp>
<contributor>
<username>UT-interwiki-Bot</username>
<id>56129</id>
</contributor>
<minor />
<comment>Robô: A remover: [[en:jaboti]], [[mg:jaboti]]</comment>
<model>wikitext</model>
<format>text/x-wiki</format>
<text bytes="375" xml:space="preserve">{{Wikipédia|lang=pt}}

={{-pt-}}=
==Substantivo==
{{oxítona|ja|bo|ti}} {{m}} {{p|jabotis}}
{{flex.pt|ms=jaboti|mp=jabotis|fs=jabota|fp=jabotas}}
#designação popular das [[tartaruga]]s exclusivamente terrestres, típicas do Brasil, da ordem dos quelônios

===Tradução===
{{tradini}}
*{{trad|en|tortoise}}
{{tradmeio}}
{{tradfim}}

[[Categoria:Substantivo (Português)]]</text>
<sha1>dgxnhba111swuwscjlrl83jnl5w590g</sha1>
</revision>
</page>
