<title>jabuticabal</title>
<ns>0</ns>
<id>393434</id>
<revision>
<id>2487815</id>
<timestamp>2018-03-05T07:18:37Z</timestamp>
<contributor>
<username>MIL973</username>
<id>41339</id>
</contributor>
<comment>[[Ajuda:Guia de edição/Menus e ferramentas/Sumário de edição|→]] nova página: {{ver também|Jaboticabal}}  ={{-pt-}}= ==Substantivo== {{flex.pt|ms=jabuticabal|mp=jabuticabais}} {{oxítona...</comment>
<model>wikitext</model>
<format>text/x-wiki</format>
<text bytes="692" xml:space="preserve">{{ver também|Jaboticabal}}

={{-pt-}}=
==Substantivo==
{{flex.pt|ms=jabuticabal|mp=jabuticabais}}
{{oxítona|ja|bu|ti|ca|bal}} {{gramática|m}}
# {{escopo|pt|Botânica|coletivo}} grande quantidade de [[jaboticabeira]]s ou [[jabuticabeira]]s  (''[[species:Myrciaria cauliflora|Myrciaria cauliflora]]'') dispostas próximas entre si

===Sinônimo===
* [[jabuticabal]]

=={{etimologia|pt}}==
: {{escopo|Morfologia}} De [[jaboticaba]] ou [[jabuticaba]] + [[-al]].

==Ver também==
===No Wikcionário===
{{colunas|2}}
* [[jaboticaba]]
* [[jabuticaba]]
{{colunas/fim}}

====Topônimos====
* [[Jaboticabal]]

====Wikisaurus====
* [[Wikisaurus:planta|planta]]

[[Categoria:Substantivo (Português)]]</text>
<sha1>etuzupcr0pjv14jmedkqy9495puun3c</sha1>
</revision>
<revision>
<id>2487816</id>
<parentid>2487815</parentid>
<timestamp>2018-03-05T07:18:50Z</timestamp>
<contributor>
<username>MIL973</username>
<id>41339</id>
</contributor>
<model>wikitext</model>
<format>text/x-wiki</format>
<text bytes="692" xml:space="preserve">{{ver também|Jaboticabal}}

={{-pt-}}=
==Substantivo==
{{flex.pt|ms=jabuticabal|mp=jabuticabais}}
{{oxítona|ja|bu|ti|ca|bal}} {{gramática|m}}
# {{escopo|pt|Botânica|coletivo}} grande quantidade de [[jaboticabeira]]s ou [[jabuticabeira]]s  (''[[species:Myrciaria cauliflora|Myrciaria cauliflora]]'') dispostas próximas entre si

===Sinônimo===
* [[jaboticabal]]

=={{etimologia|pt}}==
: {{escopo|Morfologia}} De [[jaboticaba]] ou [[jabuticaba]] + [[-al]].

==Ver também==
===No Wikcionário===
{{colunas|2}}
* [[jaboticaba]]
* [[jabuticaba]]
{{colunas/fim}}

====Topônimos====
* [[Jaboticabal]]

====Wikisaurus====
* [[Wikisaurus:planta|planta]]

[[Categoria:Substantivo (Português)]]</text>
<sha1>bsx1bx7m6hnxwdgmfz5uh7f41nf4c7t</sha1>
</revision>
<revision>
<id>2487817</id>
<parentid>2487816</parentid>
<timestamp>2018-03-05T07:19:11Z</timestamp>
<contributor>
<username>MIL973</username>
<id>41339</id>
</contributor>
<model>wikitext</model>
<format>text/x-wiki</format>
<text bytes="663" xml:space="preserve">={{-pt-}}=
==Substantivo==
{{flex.pt|ms=jabuticabal|mp=jabuticabais}}
{{oxítona|ja|bu|ti|ca|bal}} {{gramática|m}}
# {{escopo|pt|Botânica|coletivo}} grande quantidade de [[jaboticabeira]]s ou [[jabuticabeira]]s  (''[[species:Myrciaria cauliflora|Myrciaria cauliflora]]'') dispostas próximas entre si

===Sinônimo===
* [[jaboticabal]]

=={{etimologia|pt}}==
: {{escopo|Morfologia}} De [[jaboticaba]] ou [[jabuticaba]] + [[-al]].

==Ver também==
===No Wikcionário===
{{colunas|2}}
* [[jaboticaba]]
* [[jabuticaba]]
{{colunas/fim}}

====Topônimos====
* [[Jaboticabal]]

====Wikisaurus====
* [[Wikisaurus:planta|planta]]

[[Categoria:Substantivo (Português)]]</text>
<sha1>8xqtdaq6iq4gljqu6vpsvt2tywk4azq</sha1>
</revision>
</page>
