<title>jabuticabeira</title>
<ns>0</ns>
<id>38240</id>
<revision>
<id>139349</id>
<timestamp>2006-07-11T20:21:26Z</timestamp>
<contributor>
<username>ValJor</username>
<id>1358</id>
</contributor>
<comment>Criação do verbete</comment>
<model>wikitext</model>
<format>text/x-wiki</format>
<text bytes="233" xml:space="preserve">{{wikipédia}}
=Português=
==Substantivo==
'''ja.bu.ti.ca.bei.ra'''  ''feminino''
:* {{escopo|botânica}} árvore (''Myrciaria cauliflora'') que produz a [[jabuticaba]]
[[Categoria:Português]]
[[Categoria:Substantivo (Português)]]</text>
<sha1>fh34tyb1ruh6wawinw1ohfz9a1orvh0</sha1>
</revision>
<revision>
<id>844292</id>
<parentid>139349</parentid>
<timestamp>2010-04-01T17:09:19Z</timestamp>
<contributor>
<username>ValJor</username>
<id>1358</id>
</contributor>
<comment>Retirando verbete da [[:Categoria:Português]]</comment>
<model>wikitext</model>
<format>text/x-wiki</format>
<text bytes="361" xml:space="preserve">{{wikipedia}}

=Português=
==Substantivo==
{{flex.pt|fs=jabuticabeira|fp=jabuticabeiras}}
{{paroxítona|ja|bu|ti|ca|bei|ra}}
# {{escopo|Botânica}} árvore (''Myrciaria cauliflora'') que produz a [[jabuticaba]]

=={{etimologia|pt}}==
: {{escopo|Morfologia}} [[jabuticaba]] + [[-eira]].

[[Categoria:Substantivo (Português)]]
[[Categoria:Árvore (Português)]]</text>
<sha1>gbb58ow74jtb0zqa0v1xsf6bejb6i67</sha1>
</revision>
<revision>
<id>1015208</id>
<parentid>844292</parentid>
<timestamp>2011-01-25T12:24:04Z</timestamp>
<contributor>
<ip>83.132.29.7</ip>
</contributor>
<model>wikitext</model>
<format>text/x-wiki</format>
<text bytes="435" xml:space="preserve">[[Ficheiro:Japoticabeira.jpg|thumb|300px|&lt;center&gt;jabuticabeira&lt;/center&gt;]]
{{wikipedia}}

=Português=
==Substantivo==
{{flex.pt|fs=jabuticabeira|fp=jabuticabeiras}}
{{paroxítona|ja|bu|ti|ca|bei|ra}}
# {{escopo|Botânica}} árvore (''Myrciaria cauliflora'') que produz a [[jabuticaba]]

=={{etimologia|pt}}==
: {{escopo|Morfologia}} [[jabuticaba]] + [[-eira]].

[[Categoria:Substantivo (Português)]]
[[Categoria:Árvore (Português)]]</text>
<sha1>jgdvs2s5lfil47c3xz44jjsjrd50kn7</sha1>
</revision>
<revision>
<id>1193279</id>
<parentid>1015208</parentid>
<timestamp>2011-07-08T22:31:35Z</timestamp>
<contributor>
<username>MalafayaBot</username>
<id>628</id>
</contributor>
<minor />
<comment>Robô: Substituição de texto automática (-^\=\s?Português\s?\= +={{-pt-}}= &amp; -^\=\s?\{\{pt\}\}\s?\= +={{-pt-}}=)</comment>
<model>wikitext</model>
<format>text/x-wiki</format>
<text bytes="433" xml:space="preserve">[[Ficheiro:Japoticabeira.jpg|thumb|300px|&lt;center&gt;jabuticabeira&lt;/center&gt;]]
{{wikipedia}}

={{-pt-}}=
==Substantivo==
{{flex.pt|fs=jabuticabeira|fp=jabuticabeiras}}
{{paroxítona|ja|bu|ti|ca|bei|ra}}
# {{escopo|Botânica}} árvore (''Myrciaria cauliflora'') que produz a [[jabuticaba]]

=={{etimologia|pt}}==
: {{escopo|Morfologia}} [[jabuticaba]] + [[-eira]].

[[Categoria:Substantivo (Português)]]
[[Categoria:Árvore (Português)]]</text>
<sha1>8unw8g8m7ist19izuz13wk56ckjxstp</sha1>
</revision>
<revision>
<id>1486268</id>
<parentid>1193279</parentid>
<timestamp>2012-10-20T11:03:46Z</timestamp>
<contributor>
<username>VJBot</username>
<id>33673</id>
</contributor>
<minor />
<comment>Robô: Substituição de texto automática  (-{{wikipedia}} +{{Wikipédia}})</comment>
<model>wikitext</model>
<format>text/x-wiki</format>
<text bytes="434" xml:space="preserve">[[Ficheiro:Japoticabeira.jpg|thumb|300px|&lt;center&gt;jabuticabeira&lt;/center&gt;]]
{{Wikipédia}}

={{-pt-}}=
==Substantivo==
{{flex.pt|fs=jabuticabeira|fp=jabuticabeiras}}
{{paroxítona|ja|bu|ti|ca|bei|ra}}
# {{escopo|Botânica}} árvore (''Myrciaria cauliflora'') que produz a [[jabuticaba]]

=={{etimologia|pt}}==
: {{escopo|Morfologia}} [[jabuticaba]] + [[-eira]].

[[Categoria:Substantivo (Português)]]
[[Categoria:Árvore (Português)]]</text>
<sha1>hu3cxoghdo29y0sjjzlzyed8asb5lcn</sha1>
</revision>
<revision>
<id>2143679</id>
<parentid>1486268</parentid>
<timestamp>2016-06-13T14:31:43Z</timestamp>
<contributor>
<ip>177.43.73.125</ip>
</contributor>
<model>wikitext</model>
<format>text/x-wiki</format>
<text bytes="472" xml:space="preserve">[[Ficheiro:Japoticabeira.jpg|thumb|300px|&lt;center&gt;jabuticabeira&lt;/center&gt;]]
{{Wikipédia}}

={{-pt-}}=
==Substantivo==
{{flex.pt|fs=jabuticabeira|fp=jabuticabeiras}}
{{paroxítona|ja|bu|ti|ca|bei|ra}}
# {{escopo|Botânica}} árvore (''Myrciaria cauliflora'') que produz a [[jabuticaba]]

===Sinônimo===
# [[jaboticabeira]]


=={{etimologia|pt}}==
: {{escopo|Morfologia}} [[jabuticaba]] + [[-eira]].

[[Categoria:Substantivo (Português)]]
[[Categoria:Árvore (Português)]]</text>
<sha1>3optllz9fjqzkhwrwfidpfmwmd1udrt</sha1>
</revision>
<revision>
<id>2162902</id>
<parentid>2143679</parentid>
<timestamp>2016-08-25T01:03:52Z</timestamp>
<contributor>
<username>INeverCry</username>
<id>47975</id>
</contributor>
<minor />
<comment>([[c:GR|GR]]) [[c:COM:FR|File renamed]]: [[File:Japoticabeira.jpg]] → [[File:Copa de jabuticabeira vista de baixo.jpg]] [[c:COM:FR#reasons|File renaming criterion #3]]: To correct obvious errors in file names, including misspelled [[c::en:Noun#Proper...</comment>
<model>wikitext</model>
<format>text/x-wiki</format>
<text bytes="495" xml:space="preserve">[[Ficheiro:Copa de jabuticabeira vista de baixo.jpg|thumb|300px|&lt;center&gt;jabuticabeira&lt;/center&gt;]]
{{Wikipédia}}

={{-pt-}}=
==Substantivo==
{{flex.pt|fs=jabuticabeira|fp=jabuticabeiras}}
{{paroxítona|ja|bu|ti|ca|bei|ra}}
# {{escopo|Botânica}} árvore (''Myrciaria cauliflora'') que produz a [[jabuticaba]]

===Sinônimo===
# [[jaboticabeira]]


=={{etimologia|pt}}==
: {{escopo|Morfologia}} [[jabuticaba]] + [[-eira]].

[[Categoria:Substantivo (Português)]]
[[Categoria:Árvore (Português)]]</text>
<sha1>oivmde4fffzg05ajw58xil0zxuh61a1</sha1>
</revision>
<revision>
<id>2487842</id>
<parentid>2162902</parentid>
<timestamp>2018-03-05T07:48:44Z</timestamp>
<contributor>
<username>MIL973</username>
<id>41339</id>
</contributor>
<model>wikitext</model>
<format>text/x-wiki</format>
<text bytes="669" xml:space="preserve">{{Wikipédia}}
[[Ficheiro:Copa de jabuticabeira vista de baixo.jpg|thumb|300px|&lt;center&gt;Uma jabuticabeira.&lt;/center&gt;]]

={{-pt-}}=
==Substantivo==
{{flex.pt|fs=jaboticabeira|fp=jaboticabeiras}}
{{paroxítona|ja|bo|ti|ca|bei|ra}}, {{gramática|f}}
# {{escopo|pt|Árvore|botânica}} árvore (''Myrciaria cauliflora'') que produz a [[jaboticaba]] ou a [[jabuticaba]]

===Sinônimo===
* [[jaboticabeira]]

=={{etimologia|pt}}==
: {{escopo|Morfologia}} [[jabuticaba]] + [[-eira]].

==Ver também==
===No Wikcionário===
{{colunas|2}}
* [[jaboticabal]]
* [[jabuticabal]]
{{colunas/fim}}

====Wikisaurus====
* [[Wikisaurus:planta|planta]]

[[Categoria:Substantivo (Português)]]</text>
<sha1>3acq4nqy3a9mhk5m0q8o3z3ywfjs8fh</sha1>
</revision>
<revision>
<id>2487843</id>
<parentid>2487842</parentid>
<timestamp>2018-03-05T07:49:16Z</timestamp>
<contributor>
<username>MIL973</username>
<id>41339</id>
</contributor>
<model>wikitext</model>
<format>text/x-wiki</format>
<text bytes="669" xml:space="preserve">{{Wikipédia}}
[[Ficheiro:Copa de jabuticabeira vista de baixo.jpg|thumb|300px|&lt;center&gt;Uma jabuticabeira.&lt;/center&gt;]]

={{-pt-}}=
==Substantivo==
{{flex.pt|fs=jabuticabeira|fp=jabuticabeiras}}
{{paroxítona|ja|bo|ti|ca|bei|ra}}, {{gramática|f}}
# {{escopo|pt|Árvore|botânica}} árvore (''Myrciaria cauliflora'') que produz a [[jaboticaba]] ou a [[jabuticaba]]

===Sinônimo===
* [[jaboticabeira]]

=={{etimologia|pt}}==
: {{escopo|Morfologia}} [[jabuticaba]] + [[-eira]].

==Ver também==
===No Wikcionário===
{{colunas|2}}
* [[jaboticabal]]
* [[jabuticabal]]
{{colunas/fim}}

====Wikisaurus====
* [[Wikisaurus:planta|planta]]

[[Categoria:Substantivo (Português)]]</text>
<sha1>jtvcuy4fjgw4jm1r5gycrsgx565iwtg</sha1>
</revision>
<revision>
<id>2487844</id>
<parentid>2487843</parentid>
<timestamp>2018-03-05T07:49:33Z</timestamp>
<contributor>
<username>MIL973</username>
<id>41339</id>
</contributor>
<model>wikitext</model>
<format>text/x-wiki</format>
<text bytes="669" xml:space="preserve">{{Wikipédia}}
[[Ficheiro:Copa de jabuticabeira vista de baixo.jpg|thumb|300px|&lt;center&gt;Uma jabuticabeira.&lt;/center&gt;]]

={{-pt-}}=
==Substantivo==
{{flex.pt|fs=jabuticabeira|fp=jabuticabeiras}}
{{paroxítona|ja|bu|ti|ca|bei|ra}}, {{gramática|f}}
# {{escopo|pt|Árvore|botânica}} árvore (''Myrciaria cauliflora'') que produz a [[jaboticaba]] ou a [[jabuticaba]]

===Sinônimo===
* [[jaboticabeira]]

=={{etimologia|pt}}==
: {{escopo|Morfologia}} [[jabuticaba]] + [[-eira]].

==Ver também==
===No Wikcionário===
{{colunas|2}}
* [[jaboticabal]]
* [[jabuticabal]]
{{colunas/fim}}

====Wikisaurus====
* [[Wikisaurus:planta|planta]]

[[Categoria:Substantivo (Português)]]</text>
<sha1>qf1lfddvr9onoci2ao27s1vsl6s3pfe</sha1>
</revision>
</page>
