<title>jabuticabense</title>
<ns>0</ns>
<id>393475</id>
<revision>
<id>2487989</id>
<timestamp>2018-03-06T06:19:51Z</timestamp>
<contributor>
<username>MIL973</username>
<id>41339</id>
</contributor>
<comment>[[Ajuda:Guia de edição/Menus e ferramentas/Sumário de edição|→]] nova página: ={{-pt-}}= ==Adjetivo== {{flex.pt|s=jabuticabense|p=jabuticabenses}} {{paroxítona|ja|bu|ti|ca|ben|se}}, {{gr...</comment>
<model>wikitext</model>
<format>text/x-wiki</format>
<text bytes="642" xml:space="preserve">={{-pt-}}=
==Adjetivo==
{{flex.pt|s=jabuticabense|p=jabuticabenses}}
{{paroxítona|ja|bu|ti|ca|ben|se}}, {{gramática|c2g}}
# {{escopo|pt|Gentílico}} de [[Jaboticaba]], cidade gaúcha

===Sinônimo===
* [[jaboticabense]]

==Substantivo==
{{flex.pt|s=jabuticabalense|p=jabuticabalenses}}
{{paroxítona|ja|bu|ti|ca|ba|len|se}}, {{gramática|c2g}}
# {{escopo|pt|Gentílico}} natural de Jaboticabal ou seu habitante

===Sinônimo===
* [[jaboticabalense]]

=={{etimologia|pt}}==
: {{escopo|Morfologia}} [[Jaboticabal]] + [[-ense]].

==Ligações externas==
* {{VOLPABL}}

[[Categoria:Adjetivo (Português)]]
[[Categoria:Substantivo (Português)]]</text>
<sha1>mthly3xdopnm6wksph8lh9qr5qsrn37</sha1>
</revision>
<revision>
<id>2487990</id>
<parentid>2487989</parentid>
<timestamp>2018-03-06T06:20:20Z</timestamp>
<contributor>
<username>MIL973</username>
<id>41339</id>
</contributor>
<model>wikitext</model>
<format>text/x-wiki</format>
<text bytes="631" xml:space="preserve">={{-pt-}}=
==Adjetivo==
{{flex.pt|s=jabuticabense|p=jabuticabenses}}
{{paroxítona|ja|bu|ti|ca|ben|se}}, {{gramática|c2g}}
# {{escopo|pt|Gentílico}} de [[Jaboticaba]], cidade gaúcha

===Sinônimo===
* [[jaboticabense]]

==Substantivo==
{{flex.pt|s=jabuticabense|p=jabuticabenses}}
{{paroxítona|ja|bu|ti|ca|ben|se}}, {{gramática|c2g}}
# {{escopo|pt|Gentílico}} natural de Jaboticaba ou seu habitante

===Sinônimo===
* [[jaboticabense]]

=={{etimologia|pt}}==
: {{escopo|Morfologia}} [[Jaboticabal]] + [[-ense]].

==Ligações externas==
* {{Aulete}}

[[Categoria:Adjetivo (Português)]]
[[Categoria:Substantivo (Português)]]</text>
<sha1>k3tm49fp9ah7xf90k1cgcd0z1gbokn9</sha1>
</revision>
<revision>
<id>2487991</id>
<parentid>2487990</parentid>
<timestamp>2018-03-06T06:20:28Z</timestamp>
<contributor>
<username>MIL973</username>
<id>41339</id>
</contributor>
<model>wikitext</model>
<format>text/x-wiki</format>
<text bytes="630" xml:space="preserve">={{-pt-}}=
==Adjetivo==
{{flex.pt|s=jabuticabense|p=jabuticabenses}}
{{paroxítona|ja|bu|ti|ca|ben|se}}, {{gramática|c2g}}
# {{escopo|pt|Gentílico}} de [[Jaboticaba]], cidade gaúcha

===Sinônimo===
* [[jaboticabense]]

==Substantivo==
{{flex.pt|s=jabuticabense|p=jabuticabenses}}
{{paroxítona|ja|bu|ti|ca|ben|se}}, {{gramática|c2g}}
# {{escopo|pt|Gentílico}} natural de Jaboticaba ou seu habitante

===Sinônimo===
* [[jaboticabense]]

=={{etimologia|pt}}==
: {{escopo|Morfologia}} [[Jaboticaba]] + [[-ense]].

==Ligações externas==
* {{Aulete}}

[[Categoria:Adjetivo (Português)]]
[[Categoria:Substantivo (Português)]]</text>
<sha1>enmnjsm7auzu6u32yfrbw0ch5pa7akh</sha1>
</revision>
<revision>
<id>2491787</id>
<parentid>2487991</parentid>
<timestamp>2018-03-29T02:54:08Z</timestamp>
<contributor>
<username>MIL973</username>
<id>41339</id>
</contributor>
<model>wikitext</model>
<format>text/x-wiki</format>
<text bytes="633" xml:space="preserve">={{-pt-}}=
==Adjetivo==
{{flex.pt|s=jabuticabense|p=jabuticabenses}}
{{paroxítona|ja|bu|ti|ca|ben|se}}, {{gramática|c2g}}
# {{escopo|pt|Gentílico}} de [[Jaboticaba]], cidade gaúcha

===Sinônimo===
* [[jaboticabense]]

==Substantivo==
{{flex.pt|s=jabuticabense|p=jabuticabenses}}
{{paroxítona|ja|bu|ti|ca|ben|se}}, {{gramática|c2g}}
# {{escopo|pt|Gentílico}} natural de Jaboticaba ou seu habitante

===Sinônimo===
* [[jaboticabense]]

=={{etimologia|pt}}==
: {{escopo|Morfologia}} De [[Jaboticaba]] + [[-ense]].

==Ligações externas==
* {{Aulete}}

[[Categoria:Adjetivo (Português)]]
[[Categoria:Substantivo (Português)]]</text>
<sha1>o6ybkdhg7au37w2qyfmte8ylxupwn1v</sha1>
</revision>
</page>
