<title>jabuticabeiras</title>
<ns>0</ns>
<id>393439</id>
<revision>
<id>2487845</id>
<timestamp>2018-03-05T07:50:27Z</timestamp>
<contributor>
<username>MIL973</username>
<id>41339</id>
</contributor>
<comment>[[Ajuda:Guia de edição/Menus e ferramentas/Sumário de edição|→]] nova página: ={{-pt-}}= ==Forma de substantivo== {{paroxítona|ja|bu|ti|ca|bas}}, {{gramática|fp}} # plural de jabutica...</comment>
<model>wikitext</model>
<format>text/x-wiki</format>
<text bytes="190" xml:space="preserve">={{-pt-}}=
==Forma de substantivo==
{{paroxítona|ja|bu|ti|ca|bas}}, {{gramática|fp}}
# plural de [[jabuticaba]]

{{avi-for-fle|jabuticaba}}

[[Categoria:Forma de substantivo (Português)]]</text>
<sha1>pnpiq9c80r1arevb51wyjkpfc5g2lk9</sha1>
</revision>
<revision>
<id>2487846</id>
<parentid>2487845</parentid>
<timestamp>2018-03-05T07:50:36Z</timestamp>
<contributor>
<username>MIL973</username>
<id>41339</id>
</contributor>
<model>wikitext</model>
<format>text/x-wiki</format>
<text bytes="194" xml:space="preserve">={{-pt-}}=
==Forma de substantivo==
{{paroxítona|ja|bu|ti|ca|bei|ras}}, {{gramática|fp}}
# plural de [[jabuticaba]]

{{avi-for-fle|jabuticaba}}

[[Categoria:Forma de substantivo (Português)]]</text>
<sha1>6vgvy02p7vig12au1d1bewd4sialw6m</sha1>
</revision>
<revision>
<id>2487847</id>
<parentid>2487846</parentid>
<timestamp>2018-03-05T07:50:48Z</timestamp>
<contributor>
<username>MIL973</username>
<id>41339</id>
</contributor>
<model>wikitext</model>
<format>text/x-wiki</format>
<text bytes="197" xml:space="preserve">={{-pt-}}=
==Forma de substantivo==
{{paroxítona|ja|bu|ti|ca|bei|ras}}, {{gramática|fp}}
# plural de [[jabuticabeira]]

{{avi-for-fle|jabuticaba}}

[[Categoria:Forma de substantivo (Português)]]</text>
<sha1>few5omr8bz2h6jtaidzgvjvar6m36nr</sha1>
</revision>
<revision>
<id>2487848</id>
<parentid>2487847</parentid>
<timestamp>2018-03-05T07:51:05Z</timestamp>
<contributor>
<username>MIL973</username>
<id>41339</id>
</contributor>
<model>wikitext</model>
<format>text/x-wiki</format>
<text bytes="200" xml:space="preserve">={{-pt-}}=
==Forma de substantivo==
{{paroxítona|ja|bu|ti|ca|bei|ras}}, {{gramática|fp}}
# plural de [[jabuticabeira]]

{{avi-for-fle|jabuticabeira}}

[[Categoria:Forma de substantivo (Português)]]</text>
<sha1>5lhn1ono0qy8lqyearszlicc7lfxzzf</sha1>
</revision>
</page>
