<title>jacareiense</title>
<ns>0</ns>
<id>393428</id>
<revision>
<id>2487791</id>
<timestamp>2018-03-05T06:52:43Z</timestamp>
<contributor>
<username>MIL973</username>
<id>41339</id>
</contributor>
<comment>[[Ajuda:Guia de edição/Menus e ferramentas/Sumário de edição|→]] nova página: ={{-pt-}}= ==Adjetivo== {{flex.pt|s=jacareiense|p=jacareienses}} {{paroxítona|ja|ca|re|i|en|se}}, {{gramáti...</comment>
<model>wikitext</model>
<format>text/x-wiki</format>
<text bytes="554" xml:space="preserve">={{-pt-}}=
==Adjetivo==
{{flex.pt|s=jacareiense|p=jacareienses}}
{{paroxítona|ja|ca|re|i|en|se}}, {{gramática|c2g}}
# {{escopo|pt|Gentílico}} de [[Jacareí]], cidade paulista

==Substantivo==
{{flex.pt|s=jaborandiense|p=jaborandienses}}
{{paroxítona|ja|bo|ran|di|en|se}}, {{gramática|c2g}}
# {{escopo|pt|Gentílico}} natural destas duas cidades ou seu habitante

=={{etimologia|pt}}==
: {{escopo|Morfologia}} [[Jaborandi]] + [[-ense]].

==Ligações externas==
* {{Aulete}}

[[Categoria:Adjetivo (Português)]]
[[Categoria:Substantivo (Português)]]</text>
<sha1>0n3qwj5tqkauos73em6tjv2zdo3sy61</sha1>
</revision>
<revision>
<id>2487792</id>
<parentid>2487791</parentid>
<timestamp>2018-03-05T06:53:16Z</timestamp>
<contributor>
<username>MIL973</username>
<id>41339</id>
</contributor>
<model>wikitext</model>
<format>text/x-wiki</format>
<text bytes="540" xml:space="preserve">={{-pt-}}=
==Adjetivo==
{{flex.pt|s=jacareiense|p=jacareienses}}
{{paroxítona|ja|ca|re|i|en|se}}, {{gramática|c2g}}
# {{escopo|pt|Gentílico}} de [[Jacareí]], cidade paulista

==Substantivo==
{{flex.pt|s=jacareiense|p=jacareienses}}
{{paroxítona|ja|ca|re|i|en|se}}, {{gramática|c2g}}
# {{escopo|pt|Gentílico}} natural de Jacareí ou seu habitante

=={{etimologia|pt}}==
: {{escopo|Morfologia}} [[Jaborandi]] + [[-ense]].

==Ligações externas==
* {{Aulete}}

[[Categoria:Adjetivo (Português)]]
[[Categoria:Substantivo (Português)]]</text>
<sha1>68zau2xwyw95p3992uxlisv02m2whu3</sha1>
</revision>
<revision>
<id>2487793</id>
<parentid>2487792</parentid>
<timestamp>2018-03-05T06:53:33Z</timestamp>
<contributor>
<username>MIL973</username>
<id>41339</id>
</contributor>
<model>wikitext</model>
<format>text/x-wiki</format>
<text bytes="539" xml:space="preserve">={{-pt-}}=
==Adjetivo==
{{flex.pt|s=jacareiense|p=jacareienses}}
{{paroxítona|ja|ca|re|i|en|se}}, {{gramática|c2g}}
# {{escopo|pt|Gentílico}} de [[Jacareí]], cidade paulista

==Substantivo==
{{flex.pt|s=jacareiense|p=jacareienses}}
{{paroxítona|ja|ca|re|i|en|se}}, {{gramática|c2g}}
# {{escopo|pt|Gentílico}} natural de Jacareí ou seu habitante

=={{etimologia|pt}}==
: {{escopo|Morfologia}} [[Jacareí]] + [[-ense]].

==Ligações externas==
* {{Aulete}}

[[Categoria:Adjetivo (Português)]]
[[Categoria:Substantivo (Português)]]</text>
<sha1>1gmelwhb40fzkxi3owu03b9uzs1fsnl</sha1>
</revision>
<revision>
<id>2491788</id>
<parentid>2487793</parentid>
<timestamp>2018-03-29T02:54:50Z</timestamp>
<contributor>
<username>MIL973</username>
<id>41339</id>
</contributor>
<model>wikitext</model>
<format>text/x-wiki</format>
<text bytes="542" xml:space="preserve">={{-pt-}}=
==Adjetivo==
{{flex.pt|s=jacareiense|p=jacareienses}}
{{paroxítona|ja|ca|re|i|en|se}}, {{gramática|c2g}}
# {{escopo|pt|Gentílico}} de [[Jacareí]], cidade paulista

==Substantivo==
{{flex.pt|s=jacareiense|p=jacareienses}}
{{paroxítona|ja|ca|re|i|en|se}}, {{gramática|c2g}}
# {{escopo|pt|Gentílico}} natural de Jacareí ou seu habitante

=={{etimologia|pt}}==
: {{escopo|Morfologia}} De [[Jacareí]] + [[-ense]].

==Ligações externas==
* {{Aulete}}

[[Categoria:Adjetivo (Português)]]
[[Categoria:Substantivo (Português)]]</text>
<sha1>h6fdzfahatl37nsy8btv0umsywgo6cc</sha1>
</revision>
</page>
