<title>jacienses</title>
<ns>0</ns>
<id>393480</id>
<revision>
<id>2488006</id>
<timestamp>2018-03-06T06:32:56Z</timestamp>
<contributor>
<username>MIL973</username>
<id>41339</id>
</contributor>
<comment>[[Ajuda:Guia de edição/Menus e ferramentas/Sumário de edição|→]] nova página: ={{-pt-}}= ==Forma de adjetivo== {{paroxítona|ja|ci|en|ses}}, {{gramática|c2gp}} # plural de [[jaciense]]...</comment>
<model>wikitext</model>
<format>text/x-wiki</format>
<text bytes="331" xml:space="preserve">={{-pt-}}=
==Forma de adjetivo==
{{paroxítona|ja|ci|en|ses}}, {{gramática|c2gp}}
# plural de [[jaciense]]

==Forma de substantivo==
{{paroxítona|ja|ci|en|ses}}, {{gramática|c2gp}}
# plural de [[jaciense]]

{{avi-for-fle|jacareiense}}

[[Categoria:Forma de adjetivo (Português)]]
[[Categoria:Forma de substantivo (Português)]]</text>
<sha1>hplsh6j2vklu7mweo5rulap01l5966n</sha1>
</revision>
<revision>
<id>2488007</id>
<parentid>2488006</parentid>
<timestamp>2018-03-06T06:33:34Z</timestamp>
<contributor>
<username>MIL973</username>
<id>41339</id>
</contributor>
<model>wikitext</model>
<format>text/x-wiki</format>
<text bytes="328" xml:space="preserve">={{-pt-}}=
==Forma de adjetivo==
{{paroxítona|ja|ci|en|ses}}, {{gramática|c2gp}}
# plural de [[jaciense]]

==Forma de substantivo==
{{paroxítona|ja|ci|en|ses}}, {{gramática|c2gp}}
# plural de [[jaciense]]

{{avi-for-fle|jaciense}}

[[Categoria:Forma de adjetivo (Português)]]
[[Categoria:Forma de substantivo (Português)]]</text>
<sha1>eoiyupiojrhhj57mw0hzk811iisg330</sha1>
</revision>
</page>
