<title>jaci</title>
<ns>0</ns>
<id>340603</id>
<revision>
<id>1938140</id>
<timestamp>2015-06-02T13:18:54Z</timestamp>
<contributor>
<username>ValJor</username>
<id>1358</id>
</contributor>
<comment>Criação do verbete a partir da [[Wikcionário:Entradas mais procuradas/Resultados|lista de verbetes procurados]]</comment>
<model>wikitext</model>
<format>text/x-wiki</format>
<text bytes="230" xml:space="preserve">{{ver também|Jaci}}

={{-pt-}}=
==Substantivo==
{{flex.pt|ms=jaci|mp=jacis}}
{{oxítona|ja|ci}}, {{m}}
# espécie de [[palmeira]]

[[Categoria:Substantivo (Português)]]
[[Categoria:Árvore (Português)]]

[[en:jaci]]
[[fr:jaci]]</text>
<sha1>d8b1fliu9htcp84n1lx6ajeet0uak1i</sha1>
</revision>
<revision>
<id>2248699</id>
<parentid>1938140</parentid>
<timestamp>2017-03-05T20:22:31Z</timestamp>
<contributor>
<username>UT-interwiki-Bot</username>
<id>56129</id>
</contributor>
<minor />
<comment>Robô: A adicionar: [[de:jaci]]</comment>
<model>wikitext</model>
<format>text/x-wiki</format>
<text bytes="242" xml:space="preserve">{{ver também|Jaci}}

={{-pt-}}=
==Substantivo==
{{flex.pt|ms=jaci|mp=jacis}}
{{oxítona|ja|ci}}, {{m}}
# espécie de [[palmeira]]

[[Categoria:Substantivo (Português)]]
[[Categoria:Árvore (Português)]]

[[de:jaci]]
[[en:jaci]]
[[fr:jaci]]</text>
<sha1>en10dbirq1wi9p32k73f9flttma7tj8</sha1>
</revision>
<revision>
<id>2364467</id>
<parentid>2248699</parentid>
<timestamp>2017-05-03T15:32:25Z</timestamp>
<contributor>
<username>HydrizBot</username>
<id>29590</id>
</contributor>
<minor />
<comment>Robô: A limpar links interwikis antigos</comment>
<model>wikitext</model>
<format>text/x-wiki</format>
<text bytes="205" xml:space="preserve">{{ver também|Jaci}}

={{-pt-}}=
==Substantivo==
{{flex.pt|ms=jaci|mp=jacis}}
{{oxítona|ja|ci}}, {{m}}
# espécie de [[palmeira]]

[[Categoria:Substantivo (Português)]]
[[Categoria:Árvore (Português)]]</text>
<sha1>mrsh8sn7i9woqkdxpn1ns3ewb6uizn8</sha1>
</revision>
<revision>
<id>2488010</id>
<parentid>2364467</parentid>
<timestamp>2018-03-06T06:35:41Z</timestamp>
<contributor>
<username>MIL973</username>
<id>41339</id>
</contributor>
<model>wikitext</model>
<format>text/x-wiki</format>
<text bytes="213" xml:space="preserve">{{ver também|Jaci}}

={{-pt-}}=
==Substantivo==
{{flex.pt|ms=jaci|mp=jacis}}
{{oxítona|ja|ci}}, {{gramática|m}}
# {{escopo|pt|Árvore|botânica}} espécie de [[palmeira]]

[[Categoria:Substantivo (Português)]]</text>
<sha1>c4fbp05yj8z9z5fj3ytt6gghez31ofq</sha1>
</revision>
<revision>
<id>2488011</id>
<parentid>2488010</parentid>
<timestamp>2018-03-06T06:36:00Z</timestamp>
<contributor>
<username>MIL973</username>
<id>41339</id>
</contributor>
<model>wikitext</model>
<format>text/x-wiki</format>
<text bytes="426" xml:space="preserve">{{ver também|Jaci}}

={{-pt-}}=
==Substantivo==
{{flex.pt|ms=jaci|mp=jacis}}
{{oxítona|ja|ci}}, {{gramática|m}}
# {{escopo|pt|Árvore|botânica}} espécie de [[palmeira]]

==Ver também==
===No Wikcionário===
{{colunas|2}}
* [[jaboti]]
* [[jaboticabal]]
* [[jabuti]]
* [[jabuticabal]]
{{colunas/fim}}

====Topônimos====
* [[Jaci]]

====Wikisaurus====
* [[Wikisaurus:planta|planta]]

[[Categoria:Substantivo (Português)]]</text>
<sha1>lw5ub3w0ma2qhuxq8c9kgiu7zhirrrz</sha1>
</revision>
<revision>
<id>2488013</id>
<parentid>2488011</parentid>
<timestamp>2018-03-06T06:37:00Z</timestamp>
<contributor>
<username>MIL973</username>
<id>41339</id>
</contributor>
<model>wikitext</model>
<format>text/x-wiki</format>
<text bytes="333" xml:space="preserve">{{ver também|Jaci}}

={{-pt-}}=
==Substantivo==
{{flex.pt|ms=jaci|mp=jacis}}
{{oxítona|ja|ci}}, {{gramática|m}}
# {{escopo|pt|Árvore|botânica}} espécie de [[palmeira]]

==Ver também==
===No Wikcionário===
====Topônimos====
* [[Jaci]]

====Wikisaurus====
* [[Wikisaurus:planta|planta]]

[[Categoria:Substantivo (Português)]]</text>
<sha1>r7np7ztpa43hwl8hs3dbvmqm5jmvvoj</sha1>
</revision>
</page>
