<title>jacintense</title>
<ns>0</ns>
<id>353073</id>
<revision>
<id>2072926</id>
<timestamp>2016-03-19T11:44:30Z</timestamp>
<contributor>
<username>MIL973</username>
<id>41339</id>
</contributor>
<comment>[[Ajuda:Guia de edição/Menus e ferramentas/Sumário de edição|→]] nova página: ={{-pt-}}= ==Adjetivo== {{flex.pt|s=aparecidense|p=aparecidenses}} {{paroxítona|a|pa|re|ci|den|se}}, {{c2g}}...</comment>
<model>wikitext</model>
<format>text/x-wiki</format>
<text bytes="503" xml:space="preserve">={{-pt-}}=
==Adjetivo==
{{flex.pt|s=aparecidense|p=aparecidenses}}
{{paroxítona|a|pa|re|ci|den|se}}, {{c2g}}
# de [[Jacinto]], cidade mineira

==Substantivo==
{{flex.pt|s=aparecidense|p=aparecidenses}}
{{paroxítona|a|pa|re|ci|den|se}}, {{c2g}}
# natural ou habitante de Jacinto

=={{etimologia|pt}}==
: {{escopo|Morfologia}} [[Jacinto]] + [[-ense]].

==Ligações externas==
* {{Aulete}}

[[Categoria:Adjetivo (Português)]]
[[Categoria:Substantivo (Português)]]
[[Categoria:Gentílico (Português)]]</text>
<sha1>it1fg7sin9phiqoln6g6wncuaedzo7h</sha1>
</revision>
<revision>
<id>2072927</id>
<parentid>2072926</parentid>
<timestamp>2016-03-19T11:45:06Z</timestamp>
<contributor>
<username>MIL973</username>
<id>41339</id>
</contributor>
<model>wikitext</model>
<format>text/x-wiki</format>
<text bytes="487" xml:space="preserve">={{-pt-}}=
==Adjetivo==
{{flex.pt|s=jacintense|p=jacintenses}}
{{paroxítona|ja|cin|ten|se}}, {{c2g}}
# de [[Jacinto]], cidade mineira

==Substantivo==
{{flex.pt|s=jacintense|p=jacintenses}}
{{paroxítona|ja|cin|ten|se}}, {{c2g}}
# natural ou habitante de Jacinto

=={{etimologia|pt}}==
: {{escopo|Morfologia}} [[Jacinto]] + [[-ense]].

==Ligações externas==
* {{Aulete}}

[[Categoria:Adjetivo (Português)]]
[[Categoria:Substantivo (Português)]]
[[Categoria:Gentílico (Português)]]</text>
<sha1>n25t9fkiipkovg8l6f74g79ve0v1066</sha1>
</revision>
<revision>
<id>2252002</id>
<parentid>2072927</parentid>
<timestamp>2017-03-13T06:57:43Z</timestamp>
<contributor>
<username>MIL973</username>
<id>41339</id>
</contributor>
<model>wikitext</model>
<format>text/x-wiki</format>
<text bytes="513" xml:space="preserve">={{-pt-}}=
==Adjetivo==
{{flex.pt|s=jacintense|p=jacintenses}}
{{paroxítona|ja|cin|ten|se}}, {{gramática|c2g}}
# de [[Jacinto]], cidade mineira

==Substantivo==
{{flex.pt|s=jacintense|p=jacintenses}}
{{paroxítona|ja|cin|ten|se}}, {{gramática|c2g}}
# natural de Jacinto ou seu habitante

=={{etimologia|pt}}==
: {{escopo|Morfologia}} [[Jacinto]] + [[-ense]].

==Ligações externas==
* {{Aulete}}

[[Categoria:Adjetivo (Português)]]
[[Categoria:Substantivo (Português)]]
[[Categoria:Gentílico (Português)]]</text>
<sha1>k45obyo4jjsjgqok7fhpjn1v10u58v2</sha1>
</revision>
<revision>
<id>2460980</id>
<parentid>2252002</parentid>
<timestamp>2017-11-15T00:49:28Z</timestamp>
<contributor>
<username>MIL973</username>
<id>41339</id>
</contributor>
<model>wikitext</model>
<format>text/x-wiki</format>
<text bytes="525" xml:space="preserve">={{-pt-}}=
==Adjetivo==
{{flex.pt|s=jacintense|p=jacintenses}}
{{paroxítona|ja|cin|ten|se}}, {{gramática|c2g}}
# {{escopo|pt|Gentílico}} de [[Jacinto]], cidade mineira

==Substantivo==
{{flex.pt|s=jacintense|p=jacintenses}}
{{paroxítona|ja|cin|ten|se}}, {{gramática|c2g}}
# {{escopo|pt|Gentílico}} natural de Jacinto ou seu habitante

=={{etimologia|pt}}==
: {{escopo|Morfologia}} [[Jacinto]] + [[-ense]].

==Ligações externas==
* {{Aulete}}

[[Categoria:Adjetivo (Português)]]
[[Categoria:Substantivo (Português)]]</text>
<sha1>05g426uwd91d1p5l4oq4x8lm171ixc1</sha1>
</revision>
</page>
