<title>jacinto</title>
<ns>0</ns>
<id>11178</id>
<revision>
<id>40539</id>
<timestamp>2005-09-19T10:24:26Z</timestamp>
<contributor>
<username>Xis</username>
<id>547</id>
</contributor>
<model>wikitext</model>
<format>text/x-wiki</format>
<text bytes="207" xml:space="preserve">==Substantivo==
'''Ja.cin.to''' ''(masculino)''

#Nome vulgar de [[planta]]s bulbosas pertencentes à família das Liliáceas.

== Tradução ==
*Espanhol: [[jacinto]]

[[Categoria:Substantivo (Português)]]</text>
<sha1>8jbu2joq0dd6kmf7wd9nm6tte5yf6ah</sha1>
</revision>
<revision>
<id>40540</id>
<parentid>40539</parentid>
<timestamp>2005-09-19T10:32:06Z</timestamp>
<contributor>
<username>Xis</username>
<id>547</id>
</contributor>
<model>wikitext</model>
<format>text/x-wiki</format>
<text bytes="279" xml:space="preserve">[[Image:Hyacinthus orientalis0.jpg|200px|right|]]

==Substantivo==
'''Ja.cin.to''' ''(masculino)''

#Nome vulgar de [[planta]]s bulbosas pertencentes à família das Liliáceas.

== Tradução ==
*Espanhol: [[jacinto]]

[[Categoria:Substantivo (Português)]]
[[Categoria:Figura]]</text>
<sha1>r22zc3t1201uexgj3udb9wi4xte3gk4</sha1>
</revision>
<revision>
<id>83478</id>
<parentid>40540</parentid>
<timestamp>2006-02-23T00:53:34Z</timestamp>
<contributor>
<username>Conversion script</username>
<id>0</id>
</contributor>
<minor />
<comment>[[Jacinto]] movido para [[jacinto]]: Converting page titles to lowercase</comment>
<model>wikitext</model>
<format>text/x-wiki</format>
<text bytes="279" xml:space="preserve">[[Image:Hyacinthus orientalis0.jpg|200px|right|]]

==Substantivo==
'''Ja.cin.to''' ''(masculino)''

#Nome vulgar de [[planta]]s bulbosas pertencentes à família das Liliáceas.

== Tradução ==
*Espanhol: [[jacinto]]

[[Categoria:Substantivo (Português)]]
[[Categoria:Figura]]</text>
<sha1>r22zc3t1201uexgj3udb9wi4xte3gk4</sha1>
</revision>
<revision>
<id>118019</id>
<parentid>83478</parentid>
<timestamp>2006-05-12T16:41:17Z</timestamp>
<contributor>
<ip>200.165.247.242</ip>
</contributor>
<comment>/* Substantivo */</comment>
<model>wikitext</model>
<format>text/x-wiki</format>
<text bytes="388" xml:space="preserve">[[Image:Hyacinthus orientalis0.jpg|200px|right|]]

==Substantivo==
'''Ja.cin.to''' ''(masculino)''

#Nome vulgar de [[planta]]s bulbosas pertencentes à família das Liliáceas.
#Variedade amarelo-avermelhado e castanho-avermelhado do mineral [[zircão]](silicato natural de zircônio).

== Tradução ==
*Espanhol: [[jacinto]]

[[Categoria:Substantivo (Português)]]
[[Categoria:Figura]]</text>
<sha1>0d7ql9pdnyl67z3q7sb4jnqain6zd1e</sha1>
</revision>
<revision>
<id>142132</id>
<parentid>118019</parentid>
<timestamp>2006-07-18T14:28:52Z</timestamp>
<contributor>
<username>RobotGMwikt</username>
<id>407</id>
</contributor>
<minor />
<comment>Bot:  Adicionando: io</comment>
<model>wikitext</model>
<format>text/x-wiki</format>
<text bytes="404" xml:space="preserve">[[Image:Hyacinthus orientalis0.jpg|200px|right|]]

==Substantivo==
'''Ja.cin.to''' ''(masculino)''

#Nome vulgar de [[planta]]s bulbosas pertencentes à família das Liliáceas.
#Variedade amarelo-avermelhado e castanho-avermelhado do mineral [[zircão]](silicato natural de zircônio).

== Tradução ==
*Espanhol: [[jacinto]]

[[Categoria:Substantivo (Português)]]
[[Categoria:Figura]]

[[io:jacinto]]</text>
<sha1>9ajqgtegsk186tws24ba1fy93uu6pj7</sha1>
</revision>
<revision>
<id>267523</id>
<parentid>142132</parentid>
<timestamp>2007-05-29T06:18:32Z</timestamp>
<contributor>
<username>RobotGMwikt</username>
<id>407</id>
</contributor>
<minor />
<comment>Bot:  Adicionando: [[es:jacinto]]</comment>
<model>wikitext</model>
<format>text/x-wiki</format>
<text bytes="419" xml:space="preserve">[[Image:Hyacinthus orientalis0.jpg|200px|right|]]

==Substantivo==
'''Ja.cin.to''' ''(masculino)''

#Nome vulgar de [[planta]]s bulbosas pertencentes à família das Liliáceas.
#Variedade amarelo-avermelhado e castanho-avermelhado do mineral [[zircão]](silicato natural de zircônio).

== Tradução ==
*Espanhol: [[jacinto]]

[[Categoria:Substantivo (Português)]]
[[Categoria:Figura]]

[[es:jacinto]]
[[io:jacinto]]</text>
<sha1>3scylatl6bptber1lklb5nmnch2wyc2</sha1>
</revision>
<revision>
<id>370498</id>
<parentid>267523</parentid>
<timestamp>2008-07-28T18:20:08Z</timestamp>
<contributor>
<username>SpaceBirdyBot</username>
<id>973</id>
</contributor>
<minor />
<comment>Bot:  Adicionando: [[en:jacinto]]</comment>
<model>wikitext</model>
<format>text/x-wiki</format>
<text bytes="434" xml:space="preserve">[[Image:Hyacinthus orientalis0.jpg|200px|right|]]

==Substantivo==
'''Ja.cin.to''' ''(masculino)''

#Nome vulgar de [[planta]]s bulbosas pertencentes à família das Liliáceas.
#Variedade amarelo-avermelhado e castanho-avermelhado do mineral [[zircão]](silicato natural de zircônio).

== Tradução ==
*Espanhol: [[jacinto]]

[[Categoria:Substantivo (Português)]]
[[Categoria:Figura]]

[[en:jacinto]]
[[es:jacinto]]
[[io:jacinto]]</text>
<sha1>bqr10f19mupp1ysy17shotha8wltt3u</sha1>
</revision>
<revision>
<id>416019</id>
<parentid>370498</parentid>
<timestamp>2009-02-12T18:47:38Z</timestamp>
<contributor>
<username>Interwicket</username>
<id>6868</id>
</contributor>
<minor />
<comment>iwiki +fi</comment>
<model>wikitext</model>
<format>text/x-wiki</format>
<text bytes="449" xml:space="preserve">[[Image:Hyacinthus orientalis0.jpg|200px|right|]]

==Substantivo==
'''Ja.cin.to''' ''(masculino)''

#Nome vulgar de [[planta]]s bulbosas pertencentes à família das Liliáceas.
#Variedade amarelo-avermelhado e castanho-avermelhado do mineral [[zircão]](silicato natural de zircônio).

== Tradução ==
*Espanhol: [[jacinto]]

[[Categoria:Substantivo (Português)]]
[[Categoria:Figura]]

[[en:jacinto]]
[[es:jacinto]]
[[fi:jacinto]]
[[io:jacinto]]</text>
<sha1>6tl0l63p2eyvp406i4bvc8xyw97gjes</sha1>
</revision>
<revision>
<id>442440</id>
<parentid>416019</parentid>
<timestamp>2009-03-28T07:13:37Z</timestamp>
<contributor>
<username>Interwicket</username>
<id>6868</id>
</contributor>
<minor />
<comment>iwiki +[[:ko:jacinto]]</comment>
<model>wikitext</model>
<format>text/x-wiki</format>
<text bytes="464" xml:space="preserve">[[Image:Hyacinthus orientalis0.jpg|200px|right|]]

==Substantivo==
'''Ja.cin.to''' ''(masculino)''

#Nome vulgar de [[planta]]s bulbosas pertencentes à família das Liliáceas.
#Variedade amarelo-avermelhado e castanho-avermelhado do mineral [[zircão]](silicato natural de zircônio).

== Tradução ==
*Espanhol: [[jacinto]]

[[Categoria:Substantivo (Português)]]
[[Categoria:Figura]]

[[en:jacinto]]
[[es:jacinto]]
[[fi:jacinto]]
[[io:jacinto]]
[[ko:jacinto]]</text>
<sha1>a8m1oc4cah9f96kvxsb4ze6tp2fu9w0</sha1>
</revision>
<revision>
<id>465088</id>
<parentid>442440</parentid>
<timestamp>2009-05-18T16:39:25Z</timestamp>
<contributor>
<username>Interwicket</username>
<id>6868</id>
</contributor>
<minor />
<comment>iwiki +[[:ro:jacinto]]</comment>
<model>wikitext</model>
<format>text/x-wiki</format>
<text bytes="479" xml:space="preserve">[[Image:Hyacinthus orientalis0.jpg|200px|right|]]

==Substantivo==
'''Ja.cin.to''' ''(masculino)''

#Nome vulgar de [[planta]]s bulbosas pertencentes à família das Liliáceas.
#Variedade amarelo-avermelhado e castanho-avermelhado do mineral [[zircão]](silicato natural de zircônio).

== Tradução ==
*Espanhol: [[jacinto]]

[[Categoria:Substantivo (Português)]]
[[Categoria:Figura]]

[[en:jacinto]]
[[es:jacinto]]
[[fi:jacinto]]
[[io:jacinto]]
[[ko:jacinto]]
[[ro:jacinto]]</text>
<sha1>lpmb59ccgx6ywbhquchvkmrv0iy8dv3</sha1>
</revision>
<revision>
<id>620763</id>
<parentid>465088</parentid>
<timestamp>2009-11-20T18:29:52Z</timestamp>
<contributor>
<username>Jesielt</username>
<id>6680</id>
</contributor>
<model>wikitext</model>
<format>text/x-wiki</format>
<text bytes="493" xml:space="preserve">{{recilcar}}

[[Image:Hyacinthus orientalis0.jpg|200px|right|]]

==Substantivo==
'''Ja.cin.to''' ''(masculino)''

#Nome vulgar de [[planta]]s bulbosas pertencentes à família das Liliáceas.
#Variedade amarelo-avermelhado e castanho-avermelhado do mineral [[zircão]](silicato natural de zircônio).

== Tradução ==
*Espanhol: [[jacinto]]

[[Categoria:Substantivo (Português)]]
[[Categoria:Figura]]

[[en:jacinto]]
[[es:jacinto]]
[[fi:jacinto]]
[[io:jacinto]]
[[ko:jacinto]]
[[ro:jacinto]]</text>
<sha1>o64p35fxsfa7iepfzua55qexwbzp4tq</sha1>
</revision>
<revision>
<id>995643</id>
<parentid>620763</parentid>
<timestamp>2010-12-14T14:06:46Z</timestamp>
<contributor>
<username>Luckas-bot</username>
<id>5986</id>
</contributor>
<minor />
<comment>r2.6.2) (Bot: Adicionando: [[eo:jacinto]], [[zh:jacinto]]</comment>
<model>wikitext</model>
<format>text/x-wiki</format>
<text bytes="523" xml:space="preserve">{{recilcar}}

[[Image:Hyacinthus orientalis0.jpg|200px|right|]]

==Substantivo==
'''Ja.cin.to''' ''(masculino)''

#Nome vulgar de [[planta]]s bulbosas pertencentes à família das Liliáceas.
#Variedade amarelo-avermelhado e castanho-avermelhado do mineral [[zircão]](silicato natural de zircônio).

== Tradução ==
*Espanhol: [[jacinto]]

[[Categoria:Substantivo (Português)]]
[[Categoria:Figura]]

[[en:jacinto]]
[[eo:jacinto]]
[[es:jacinto]]
[[fi:jacinto]]
[[io:jacinto]]
[[ko:jacinto]]
[[ro:jacinto]]
[[zh:jacinto]]</text>
<sha1>rmr7dkt02rqblb31u6nc4vv28ses7bp</sha1>
</revision>
<revision>
<id>1049619</id>
<parentid>995643</parentid>
<timestamp>2011-03-20T21:00:41Z</timestamp>
<contributor>
<username>Luckas-bot</username>
<id>5986</id>
</contributor>
<minor />
<comment>r2.7.1) (Bot: Adicionando: [[hu:jacinto]]</comment>
<model>wikitext</model>
<format>text/x-wiki</format>
<text bytes="538" xml:space="preserve">{{recilcar}}

[[Image:Hyacinthus orientalis0.jpg|200px|right|]]

==Substantivo==
'''Ja.cin.to''' ''(masculino)''

#Nome vulgar de [[planta]]s bulbosas pertencentes à família das Liliáceas.
#Variedade amarelo-avermelhado e castanho-avermelhado do mineral [[zircão]](silicato natural de zircônio).

== Tradução ==
*Espanhol: [[jacinto]]

[[Categoria:Substantivo (Português)]]
[[Categoria:Figura]]

[[en:jacinto]]
[[eo:jacinto]]
[[es:jacinto]]
[[fi:jacinto]]
[[hu:jacinto]]
[[io:jacinto]]
[[ko:jacinto]]
[[ro:jacinto]]
[[zh:jacinto]]</text>
<sha1>2b6re6n0cagx8og09ig8xcjmqouwl7e</sha1>
</revision>
<revision>
<id>1221578</id>
<parentid>1049619</parentid>
<timestamp>2011-07-13T15:56:42Z</timestamp>
<contributor>
<username>MisterSanderson</username>
<id>9241</id>
</contributor>
<minor />
<comment>Correção(ões).</comment>
<model>wikitext</model>
<format>text/x-wiki</format>
<text bytes="538" xml:space="preserve">{{reciclar}}

[[Image:Hyacinthus orientalis0.jpg|200px|right|]]

==Substantivo==
'''Ja.cin.to''' ''(masculino)''

#Nome vulgar de [[planta]]s bulbosas pertencentes à família das Liliáceas.
#Variedade amarelo-avermelhado e castanho-avermelhado do mineral [[zircão]](silicato natural de zircônio).

== Tradução ==
*Espanhol: [[jacinto]]

[[Categoria:Substantivo (Português)]]
[[Categoria:Figura]]

[[en:jacinto]]
[[eo:jacinto]]
[[es:jacinto]]
[[fi:jacinto]]
[[hu:jacinto]]
[[io:jacinto]]
[[ko:jacinto]]
[[ro:jacinto]]
[[zh:jacinto]]</text>
<sha1>khjx1ux6f1adu4cm5bhkj1ecsynfsyl</sha1>
</revision>
<revision>
<id>1258153</id>
<parentid>1221578</parentid>
<timestamp>2011-10-17T11:42:27Z</timestamp>
<contributor>
<username>ValJor</username>
<id>1358</id>
</contributor>
<comment>Melhorando um [[Wikcionário:Listas de verbetes com problemas|verbete sem cabeçalho de língua]]</comment>
<model>wikitext</model>
<format>text/x-wiki</format>
<text bytes="723" xml:space="preserve">[[Image:Hyacinthus orientalis0.jpg|150px|right|thumb]]
{{ver também|Jacinto}}

={{-pt-}}=
==Substantivo==
{{flex.pt|ms=jacinto|mp=jacintos}}
{{paroxítona|ja|cin|to}}
# nome vulgar de [[planta]]s bulbosas pertencentes à família das ''Liliáceas''
# variedade amarelo-avermelhado e castanho-avermelhado do mineral [[zircão]] (silicato natural de zircônio)

=={{etimologia|pt}}==
: Do latim ''hyacinthus''.

==Ver também==
===Na Wikipédia===
* [[w:Hyacinthus|Hyacinthus]]

[[Categoria:Substantivo (Português)]]
[[Categoria:Botânica (Português)]]
[[Categoria:Figura (Português)]]

[[en:jacinto]]
[[eo:jacinto]]
[[es:jacinto]]
[[fi:jacinto]]
[[hu:jacinto]]
[[io:jacinto]]
[[ko:jacinto]]
[[ro:jacinto]]
[[zh:jacinto]]</text>
<sha1>axe667xkhyqk3i7htn6io54i1w26m4v</sha1>
</revision>
<revision>
<id>1471911</id>
<parentid>1258153</parentid>
<timestamp>2012-09-29T02:58:08Z</timestamp>
<contributor>
<username>HydrizBot</username>
<id>29590</id>
</contributor>
<minor />
<comment>r2.7.3) (Robô: A adicionar: [[mg:jacinto]]</comment>
<model>wikitext</model>
<format>text/x-wiki</format>
<text bytes="738" xml:space="preserve">[[Image:Hyacinthus orientalis0.jpg|150px|right|thumb]]
{{ver também|Jacinto}}

={{-pt-}}=
==Substantivo==
{{flex.pt|ms=jacinto|mp=jacintos}}
{{paroxítona|ja|cin|to}}
# nome vulgar de [[planta]]s bulbosas pertencentes à família das ''Liliáceas''
# variedade amarelo-avermelhado e castanho-avermelhado do mineral [[zircão]] (silicato natural de zircônio)

=={{etimologia|pt}}==
: Do latim ''hyacinthus''.

==Ver também==
===Na Wikipédia===
* [[w:Hyacinthus|Hyacinthus]]

[[Categoria:Substantivo (Português)]]
[[Categoria:Botânica (Português)]]
[[Categoria:Figura (Português)]]

[[en:jacinto]]
[[eo:jacinto]]
[[es:jacinto]]
[[fi:jacinto]]
[[hu:jacinto]]
[[io:jacinto]]
[[ko:jacinto]]
[[mg:jacinto]]
[[ro:jacinto]]
[[zh:jacinto]]</text>
<sha1>18hz24aemzbb3faf0y2wzjv8m7oux89</sha1>
</revision>
<revision>
<id>1534812</id>
<parentid>1471911</parentid>
<timestamp>2012-11-30T17:12:24Z</timestamp>
<contributor>
<username>YS-Bot</username>
<id>32241</id>
</contributor>
<minor />
<comment>r2.7.3) (Robô: A adicionar: [[nl:jacinto]]</comment>
<model>wikitext</model>
<format>text/x-wiki</format>
<text bytes="753" xml:space="preserve">[[Image:Hyacinthus orientalis0.jpg|150px|right|thumb]]
{{ver também|Jacinto}}

={{-pt-}}=
==Substantivo==
{{flex.pt|ms=jacinto|mp=jacintos}}
{{paroxítona|ja|cin|to}}
# nome vulgar de [[planta]]s bulbosas pertencentes à família das ''Liliáceas''
# variedade amarelo-avermelhado e castanho-avermelhado do mineral [[zircão]] (silicato natural de zircônio)

=={{etimologia|pt}}==
: Do latim ''hyacinthus''.

==Ver também==
===Na Wikipédia===
* [[w:Hyacinthus|Hyacinthus]]

[[Categoria:Substantivo (Português)]]
[[Categoria:Botânica (Português)]]
[[Categoria:Figura (Português)]]

[[en:jacinto]]
[[eo:jacinto]]
[[es:jacinto]]
[[fi:jacinto]]
[[hu:jacinto]]
[[io:jacinto]]
[[ko:jacinto]]
[[mg:jacinto]]
[[nl:jacinto]]
[[ro:jacinto]]
[[zh:jacinto]]</text>
<sha1>ituoxiby2y4vrtmn03epsu0h6g5fix1</sha1>
</revision>
<revision>
<id>1617767</id>
<parentid>1534812</parentid>
<timestamp>2013-01-21T21:37:22Z</timestamp>
<contributor>
<username>MalafayaBot</username>
<id>628</id>
</contributor>
<minor />
<comment>Robô: A modificar Categoria:Figura (Português) para Categoria:Entrada com imagem (Português)</comment>
<model>wikitext</model>
<format>text/x-wiki</format>
<text bytes="765" xml:space="preserve">[[Image:Hyacinthus orientalis0.jpg|150px|right|thumb]]
{{ver também|Jacinto}}

={{-pt-}}=
==Substantivo==
{{flex.pt|ms=jacinto|mp=jacintos}}
{{paroxítona|ja|cin|to}}
# nome vulgar de [[planta]]s bulbosas pertencentes à família das ''Liliáceas''
# variedade amarelo-avermelhado e castanho-avermelhado do mineral [[zircão]] (silicato natural de zircônio)

=={{etimologia|pt}}==
: Do latim ''hyacinthus''.

==Ver também==
===Na Wikipédia===
* [[w:Hyacinthus|Hyacinthus]]

[[Categoria:Substantivo (Português)]]
[[Categoria:Botânica (Português)]]
[[Categoria:Entrada com imagem (Português)]]

[[en:jacinto]]
[[eo:jacinto]]
[[es:jacinto]]
[[fi:jacinto]]
[[hu:jacinto]]
[[io:jacinto]]
[[ko:jacinto]]
[[mg:jacinto]]
[[nl:jacinto]]
[[ro:jacinto]]
[[zh:jacinto]]</text>
<sha1>53k9cbje9dpc724i25qwe0qa9goti5a</sha1>
</revision>
<revision>
<id>1716234</id>
<parentid>1617767</parentid>
<timestamp>2013-08-21T11:18:34Z</timestamp>
<contributor>
<username>MIL973</username>
<id>41339</id>
</contributor>
<model>wikitext</model>
<format>text/x-wiki</format>
<text bytes="772" xml:space="preserve">[[Image:Hyacinthus orientalis0.jpg|150px|right|thumb]]
{{ver também|Jacinto}}

={{-pt-}}=
==Substantivo==
{{flex.pt|ms=jacinto|mp=jacintos}}
{{paroxítona|ja|cin|to}}, {{m}}
# nome vulgar de [[planta]]s bulbosas pertencentes à família das ''Liliáceas''
# variedade amarelo-avermelhado e castanho-avermelhado do mineral [[zircão]] (silicato natural de zircônio)

=={{etimologia|pt}}==
: Do latim ''hyacinthus''.

==Ver também==
===Na Wikipédia===
* [[w:Hyacinthus|Hyacinthus]]

[[Categoria:Substantivo (Português)]]
[[Categoria:Botânica (Português)]]
[[Categoria:Entrada com imagem (Português)]]

[[en:jacinto]]
[[eo:jacinto]]
[[es:jacinto]]
[[fi:jacinto]]
[[hu:jacinto]]
[[io:jacinto]]
[[ko:jacinto]]
[[mg:jacinto]]
[[nl:jacinto]]
[[ro:jacinto]]
[[zh:jacinto]]</text>
<sha1>am93w455g16tfh2tyc1wqos3qs3mn2x</sha1>
</revision>
<revision>
<id>1775532</id>
<parentid>1716234</parentid>
<timestamp>2013-11-26T21:37:40Z</timestamp>
<contributor>
<username>MalafayaBot</username>
<id>628</id>
</contributor>
<minor />
<comment>r2.7.5) (Robô: A adicionar: [[fr:jacinto]]</comment>
<model>wikitext</model>
<format>text/x-wiki</format>
<text bytes="787" xml:space="preserve">[[Image:Hyacinthus orientalis0.jpg|150px|right|thumb]]
{{ver também|Jacinto}}

={{-pt-}}=
==Substantivo==
{{flex.pt|ms=jacinto|mp=jacintos}}
{{paroxítona|ja|cin|to}}, {{m}}
# nome vulgar de [[planta]]s bulbosas pertencentes à família das ''Liliáceas''
# variedade amarelo-avermelhado e castanho-avermelhado do mineral [[zircão]] (silicato natural de zircônio)

=={{etimologia|pt}}==
: Do latim ''hyacinthus''.

==Ver também==
===Na Wikipédia===
* [[w:Hyacinthus|Hyacinthus]]

[[Categoria:Substantivo (Português)]]
[[Categoria:Botânica (Português)]]
[[Categoria:Entrada com imagem (Português)]]

[[en:jacinto]]
[[eo:jacinto]]
[[es:jacinto]]
[[fi:jacinto]]
[[fr:jacinto]]
[[hu:jacinto]]
[[io:jacinto]]
[[ko:jacinto]]
[[mg:jacinto]]
[[nl:jacinto]]
[[ro:jacinto]]
[[zh:jacinto]]</text>
<sha1>fsikoyemt84tw89qfnkh2hmnwgbhljw</sha1>
</revision>
<revision>
<id>2072931</id>
<parentid>1775532</parentid>
<timestamp>2016-03-19T11:49:24Z</timestamp>
<contributor>
<username>MIL973</username>
<id>41339</id>
</contributor>
<model>wikitext</model>
<format>text/x-wiki</format>
<text bytes="845" xml:space="preserve">[[Image:Hyacinthus orientalis0.jpg|150px|right|thumb]]
{{ver também|Jacinto}}

={{-pt-}}=
==Substantivo==
{{flex.pt|ms=jacinto|mp=jacintos}}
{{paroxítona|ja|cin|to}}, {{m}}
# nome vulgar de [[planta]]s bulbosas pertencentes à família das ''Liliáceas''
# variedade amarelo-avermelhado e castanho-avermelhado do mineral [[zircão]] (silicato natural de zircônio)

===Expressões===
* '''[[Santo Antônio do Jacinto]]''':

=={{etimologia|pt}}==
: Do latim ''hyacinthus''.

==Ver também==
===Na Wikipédia===
* [[w:Hyacinthus|Hyacinthus]]

[[Categoria:Substantivo (Português)]]
[[Categoria:Botânica (Português)]]
[[Categoria:Entrada com imagem (Português)]]

[[en:jacinto]]
[[eo:jacinto]]
[[es:jacinto]]
[[fi:jacinto]]
[[fr:jacinto]]
[[hu:jacinto]]
[[io:jacinto]]
[[ko:jacinto]]
[[mg:jacinto]]
[[nl:jacinto]]
[[ro:jacinto]]
[[zh:jacinto]]</text>
<sha1>1e8s2jsioecij1mijbykfu00yaehw0n</sha1>
</revision>
<revision>
<id>2121389</id>
<parentid>2072931</parentid>
<timestamp>2016-06-05T12:35:21Z</timestamp>
<contributor>
<username>MIL973</username>
<id>41339</id>
</contributor>
<model>wikitext</model>
<format>text/x-wiki</format>
<text bytes="889" xml:space="preserve">[[Image:Hyacinthus orientalis0.jpg|150px|right|thumb]]
{{ver também|Jacinto}}

={{-pt-}}=
==Substantivo==
{{flex.pt|ms=jacinto|mp=jacintos}}
{{paroxítona|ja|cin|to}}, {{m}}
# nome vulgar de [[planta]]s bulbosas pertencentes à família das ''Liliáceas''
# variedade amarelo-avermelhado e castanho-avermelhado do mineral [[zircão]] (silicato natural de zircônio)

===Expressões===
* '''[[Santo Antônio do Jacinto]]''':

=={{etimologia|pt}}==
: Do latim ''hyacinthus''.

==Ver também==
===No Wikcionário===
* [[Wikisaurus:flor]]
===Na Wikipédia===
* [[w:Hyacinthus|Hyacinthus]]

[[Categoria:Substantivo (Português)]]
[[Categoria:Botânica (Português)]]
[[Categoria:Entrada com imagem (Português)]]

[[en:jacinto]]
[[eo:jacinto]]
[[es:jacinto]]
[[fi:jacinto]]
[[fr:jacinto]]
[[hu:jacinto]]
[[io:jacinto]]
[[ko:jacinto]]
[[mg:jacinto]]
[[nl:jacinto]]
[[ro:jacinto]]
[[zh:jacinto]]</text>
<sha1>1w4surs720sc25jyystngfya2fycavi</sha1>
</revision>
<revision>
<id>2251996</id>
<parentid>2121389</parentid>
<timestamp>2017-03-13T06:54:06Z</timestamp>
<contributor>
<username>MIL973</username>
<id>41339</id>
</contributor>
<model>wikitext</model>
<format>text/x-wiki</format>
<text bytes="941" xml:space="preserve">[[Image:Hyacinthus orientalis0.jpg|150px|right|thumb]]
{{ver também|Jacinto}}

={{-pt-}}=
==Substantivo==
{{flex.pt|ms=jacinto|mp=jacintos}}
{{paroxítona|ja|cin|to}}, {{gramática|m}}
# {{escopo|pt|Botânica|planta}} nome vulgar de plantas bulbosas pertencentes à família das ''Liliáceas''
# {{escopo|pt|Mineral}} variedade amarelo-avermelhado e castanho-avermelhado do mineral [[zircão]] (silicato natural de zircônio)

===Expressões===
* '''[[Santo Antônio do Jacinto]]''':

=={{etimologia|pt}}==
: Do latim ''hyacinthus''.

==Ver também==
===No Wikcionário===
====Wikisaurus====
* [[Wikisaurus:planta|planta]]

===Na Wikipédia===
* [[w:Hyacinthus|Hyacinthus]]

[[Categoria:Substantivo (Português)]]
[[Categoria:Entrada com imagem (Português)]]

[[en:jacinto]]
[[eo:jacinto]]
[[es:jacinto]]
[[fi:jacinto]]
[[fr:jacinto]]
[[hu:jacinto]]
[[io:jacinto]]
[[ko:jacinto]]
[[mg:jacinto]]
[[nl:jacinto]]
[[ro:jacinto]]
[[zh:jacinto]]</text>
<sha1>jznwt35fc21n7n3jfi6jepydid9f3kr</sha1>
</revision>
<revision>
<id>2251999</id>
<parentid>2251996</parentid>
<timestamp>2017-03-13T06:55:51Z</timestamp>
<contributor>
<username>MIL973</username>
<id>41339</id>
</contributor>
<model>wikitext</model>
<format>text/x-wiki</format>
<text bytes="998" xml:space="preserve">[[Image:Hyacinthus orientalis0.jpg|150px|right|thumb]]
{{ver também|Jacinto}}

={{-pt-}}=
==Substantivo==
{{flex.pt|ms=jacinto|mp=jacintos}}
{{paroxítona|ja|cin|to}}, {{gramática|m}}
# {{escopo|pt|Botânica|planta}} nome vulgar de plantas bulbosas pertencentes à família das ''Liliáceas''
# {{escopo|pt|Mineral}} variedade amarelo-avermelhado e castanho-avermelhado do mineral [[zircão]] (silicato natural de zircônio)

===Expressões===
* '''[[Santo Antônio do Jacinto]]''':

=={{etimologia|pt}}==
: Do latim ''hyacinthus''.

==Ver também==
===No Wikcionário===
====Wikisaurus====
{{colunas|2}}
* [[Wikisaurus:flor|flor]]
* [[Wikisaurus:planta|planta]]
{{colunas/fim}}

===Na Wikipédia===
* [[w:Hyacinthus|Hyacinthus]]

[[Categoria:Substantivo (Português)]]
[[Categoria:Entrada com imagem (Português)]]

[[en:jacinto]]
[[eo:jacinto]]
[[es:jacinto]]
[[fi:jacinto]]
[[fr:jacinto]]
[[hu:jacinto]]
[[io:jacinto]]
[[ko:jacinto]]
[[mg:jacinto]]
[[nl:jacinto]]
[[ro:jacinto]]
[[zh:jacinto]]</text>
<sha1>3tzpear5qtlmi96pef16y8or6c68kyt</sha1>
</revision>
<revision>
<id>2252000</id>
<parentid>2251999</parentid>
<timestamp>2017-03-13T06:56:21Z</timestamp>
<contributor>
<username>MIL973</username>
<id>41339</id>
</contributor>
<model>wikitext</model>
<format>text/x-wiki</format>
<text bytes="941" xml:space="preserve">[[Image:Hyacinthus orientalis0.jpg|150px|right|thumb]]
{{ver também|Jacinto}}

={{-pt-}}=
==Substantivo==
{{flex.pt|ms=jacinto|mp=jacintos}}
{{paroxítona|ja|cin|to}}, {{gramática|m}}
# {{escopo|pt|Botânica|planta}} nome vulgar de plantas bulbosas pertencentes à família das ''Liliáceas''
# {{escopo|pt|Mineral}} variedade amarelo-avermelhado e castanho-avermelhado do mineral [[zircão]] (silicato natural de zircônio)

===Expressões===
* '''[[Santo Antônio do Jacinto]]''':

=={{etimologia|pt}}==
: Do latim ''hyacinthus''.

==Ver também==
===No Wikcionário===
====Wikisaurus====
* [[Wikisaurus:planta|planta]]

===Na Wikipédia===
* [[w:Hyacinthus|Hyacinthus]]

[[Categoria:Substantivo (Português)]]
[[Categoria:Entrada com imagem (Português)]]

[[en:jacinto]]
[[eo:jacinto]]
[[es:jacinto]]
[[fi:jacinto]]
[[fr:jacinto]]
[[hu:jacinto]]
[[io:jacinto]]
[[ko:jacinto]]
[[mg:jacinto]]
[[nl:jacinto]]
[[ro:jacinto]]
[[zh:jacinto]]</text>
<sha1>jznwt35fc21n7n3jfi6jepydid9f3kr</sha1>
</revision>
<revision>
<id>2364468</id>
<parentid>2252000</parentid>
<timestamp>2017-05-03T15:32:30Z</timestamp>
<contributor>
<username>HydrizBot</username>
<id>29590</id>
</contributor>
<minor />
<comment>Robô: A limpar links interwikis antigos</comment>
<model>wikitext</model>
<format>text/x-wiki</format>
<text bytes="760" xml:space="preserve">[[Image:Hyacinthus orientalis0.jpg|150px|right|thumb]]
{{ver também|Jacinto}}

={{-pt-}}=
==Substantivo==
{{flex.pt|ms=jacinto|mp=jacintos}}
{{paroxítona|ja|cin|to}}, {{gramática|m}}
# {{escopo|pt|Botânica|planta}} nome vulgar de plantas bulbosas pertencentes à família das ''Liliáceas''
# {{escopo|pt|Mineral}} variedade amarelo-avermelhado e castanho-avermelhado do mineral [[zircão]] (silicato natural de zircônio)

===Expressões===
* '''[[Santo Antônio do Jacinto]]''':

=={{etimologia|pt}}==
: Do latim ''hyacinthus''.

==Ver também==
===No Wikcionário===
====Wikisaurus====
* [[Wikisaurus:planta|planta]]

===Na Wikipédia===
* [[w:Hyacinthus|Hyacinthus]]

[[Categoria:Substantivo (Português)]]
[[Categoria:Entrada com imagem (Português)]]</text>
<sha1>czyhd8zf2y7ebnfimzraa5cg2mup0bc</sha1>
</revision>
<revision>
<id>2503416</id>
<parentid>2364468</parentid>
<timestamp>2018-05-18T14:03:45Z</timestamp>
<contributor>
<username>Cpls</username>
<id>20608</id>
</contributor>
<model>wikitext</model>
<format>text/x-wiki</format>
<text bytes="1681" xml:space="preserve">[[Image:Hyacinthus orientalis0.jpg|150px|right|thumb]]
{{ver também|Jacinto}}

={{-pt-}}=
==Substantivo==
{{flex.pt|ms=jacinto|mp=jacintos}}
{{paroxítona|ja|cin|to}}, {{gramática|m}}
# {{escopo|pt|Planta}} nome vulgar de plantas bulbosas pertencentes ao género ''[[species:Hyacinthus|Hyacinthus]]'' e também pertencentes à família das ''[[species:Liliaceae|Liliáceas]]''
# {{escopo|pt|Mineral}} variedade amarelo-avermelhado e castanho-avermelhado do mineral [[zircão]] (silicato natural de zircônio)

===Expressões===
* '''[[Santo Antônio do Jacinto]]''':

=={{etimologia|pt}}==
{{llietimo|la|hyacinthus|pt|ponto=não}}, pelo grego cássico {{etimo|grc|Ὑάκινθος}}.

==Ver também==
===No Wikcionário===
====Wikisaurus====
* [[Wikisaurus:planta|planta]]

===Na Wikipédia===
* [[w:Hyacinthus|Hyacinthus]]

[[Categoria:Substantivo (Português)]]
[[Categoria:Flor (Português)]]
[[Categoria:Entrada com imagem (Português)]]


={{-gl-}}=
==Substantivo==
{{flex.gl|ms=jacinto|mp=jacintos}}
{{paroxítona|ja|cin|to|lang=gl}}, {{gramática|m|lang=gl}}
# {{escopo|gl|Planta}} [[jacinto#{{pt}}|jacinto]], planta do género ''[[species:Hyacinthus|Hyacinthus]]'' e da família ''[[species:Liliaceae|Liliaceae]]''
# {{escopo|gl|Planta}} planta do género ''[[species:Scilla|Scilla]]''; especificamente a ''[[species:Scilla verna|Scilla verna]]''
# {{escopo|gl|Mineral}} [[jacinto#{{pt}}|jacinto]], mineral

===Verbetes derivados===
* [[jacinto-bravo#{{gl}}|jacinto-bravo]]
* [[pau-jacinto#{{gl}}|pau-jacinto]]

=={{etimologia|gl}}==
{{llietimo|la|hyacinthus|gl}}

[[Categoria:Substantivo (Galego)]]
[[Categoria:Flor (Galego)]]
[[Categoria:Entrada com imagem (Galego)]]</text>
<sha1>mysb220r6qd5qjt91cdcruta1ln41gb</sha1>
</revision>
<revision>
<id>2556704</id>
<parentid>2503416</parentid>
<timestamp>2019-10-10T09:28:20Z</timestamp>
<contributor>
<username>MIL973</username>
<id>41339</id>
</contributor>
<model>wikitext</model>
<format>text/x-wiki</format>
<text bytes="1853" xml:space="preserve">[[Image:Hyacinthus orientalis0.jpg|150px|right|thumb]]
{{ver também|Jacinto}}

={{-pt-}}=
==Substantivo==
{{flex.pt|ms=jacinto|mp=jacintos}}
{{paroxítona|ja|cin|to}}, {{gramática|m}}
# {{escopo|pt|Flor|planta}} nome vulgar de plantas bulbosas pertencentes ao género ''[[species:Hyacinthus|Hyacinthus]]'' e também pertencentes à família das ''[[species:Liliaceae|Liliáceas]]''
# {{escopo|pt|Mineral}} variedade amarelo-avermelhado e castanho-avermelhado do mineral [[zircão]] (silicato natural de zircônio)

===Expressões===
* '''[[Santo Antônio do Jacinto]]''':

=={{etimologia|pt}}==
{{llietimo|la|hyacinthus|pt|ponto=não}}, pelo grego cássico {{etimo|grc|Ὑάκινθος}}.

==Ver também==
===No Wikcionário===
* [[jacintino]]

====Antropônimos====
{{colunas|2}}
* [[Jacinta]]
* [[Jacintina]]
* [[Jacintino]]
* [[Jacinto]]
{{colunas/fim}}

====Wikisaurus====
{{colunas|2}}
* [[Wikisaurus:flor|flor]]
* [[Wikisaurus:planta|planta]]
{{colunas/fim}}

===Na Wikipédia===
* [[w:Hyacinthus|Hyacinthus]]

[[Categoria:Substantivo (Português)]]
[[Categoria:Entrada com imagem (Português)]]


={{-gl-}}=
==Substantivo==
{{flex.gl|ms=jacinto|mp=jacintos}}
{{paroxítona|ja|cin|to|lang=gl}}, {{gramática|m|lang=gl}}
# {{escopo|gl|Flor|planta}} [[jacinto#{{pt}}|jacinto]], planta do género ''[[species:Hyacinthus|Hyacinthus]]'' e da família ''[[species:Liliaceae|Liliaceae]]''
# {{escopo|gl|Flor|planta}} planta do género ''[[species:Scilla|Scilla]]''; especificamente a ''[[species:Scilla verna|Scilla verna]]''
# {{escopo|gl|Mineral}} [[jacinto#{{pt}}|jacinto]], mineral

===Verbetes derivados===
{{colunas|2}}
* [[jacinto-bravo#{{gl}}|jacinto-bravo]]
* [[pau-jacinto#{{gl}}|pau-jacinto]]
{{colunas/fim}}

=={{etimologia|gl}}==
{{llietimo|la|hyacinthus|gl}}

[[Categoria:Substantivo (Galego)]]
[[Categoria:Entrada com imagem (Galego)]]</text>
<sha1>rnugct5qoujn95zket1jo6zn1a2r83g</sha1>
</revision>
<revision>
<id>2573326</id>
<parentid>2556704</parentid>
<timestamp>2020-01-27T21:16:12Z</timestamp>
<contributor>
<username>Cpls</username>
<id>20608</id>
</contributor>
<comment>/* {{-gl-}} */</comment>
<model>wikitext</model>
<format>text/x-wiki</format>
<text bytes="1927" xml:space="preserve">[[Image:Hyacinthus orientalis0.jpg|150px|right|thumb]]
{{ver também|Jacinto}}

={{-pt-}}=
==Substantivo==
{{flex.pt|ms=jacinto|mp=jacintos}}
{{paroxítona|ja|cin|to}}, {{gramática|m}}
# {{escopo|pt|Flor|planta}} nome vulgar de plantas bulbosas pertencentes ao género ''[[species:Hyacinthus|Hyacinthus]]'' e também pertencentes à família das ''[[species:Liliaceae|Liliáceas]]''
# {{escopo|pt|Mineral}} variedade amarelo-avermelhado e castanho-avermelhado do mineral [[zircão]] (silicato natural de zircônio)

===Expressões===
* '''[[Santo Antônio do Jacinto]]''':

=={{etimologia|pt}}==
{{llietimo|la|hyacinthus|pt|ponto=não}}, pelo grego cássico {{etimo|grc|Ὑάκινθος}}.

==Ver também==
===No Wikcionário===
* [[jacintino]]

====Antropônimos====
{{colunas|2}}
* [[Jacinta]]
* [[Jacintina]]
* [[Jacintino]]
* [[Jacinto]]
{{colunas/fim}}

====Wikisaurus====
{{colunas|2}}
* [[Wikisaurus:flor|flor]]
* [[Wikisaurus:planta|planta]]
{{colunas/fim}}

===Na Wikipédia===
* [[w:Hyacinthus|Hyacinthus]]

[[Categoria:Substantivo (Português)]]
[[Categoria:Entrada com imagem (Português)]]


={{-gl-}}=
==Substantivo==
{{flex.gl|ms=jacinto|mp=jacintos}}
{{paroxítona|ja|cin|to|lang=gl}}, {{gramática|m|lang=gl}}
# {{escopo|gl|Planta}} [[jacinto#{{pt}}|jacinto]], planta do género ''[[species:Hyacinthus|Hyacinthus]]'' e da família ''[[species:Liliaceae|Liliaceae]]''
# {{escopo|gl|Planta}} planta do género ''[[species:Scilla|Scilla]]''; especificamente a ''[[species:Scilla verna|Scilla verna]]''
# {{escopo|gl|Mineral}} [[jacinto#{{pt}}|jacinto]], mineral

===Sinónimo===
* De '''2''': [[escila#{{gl}}|escila]]

===Verbetes derivados===
{{colunas|2}}
* [[jacinto-bravo#{{gl}}|jacinto-bravo]]
* [[pau-jacinto#{{gl}}|pau-jacinto]]
{{colunas/fim}}

=={{etimologia|gl}}==
{{llietimo|la|hyacinthus|gl}}

[[Categoria:Substantivo (Galego)]]
[[Categoria:Entrada com imagem (Galego)]]
[[Categoria:Flor (Galego)]]</text>
<sha1>jqu5pztopff79o6nsem6ywd3ca6ldlu</sha1>
</revision>
<revision>
<id>2618895</id>
<parentid>2573326</parentid>
<timestamp>2021-02-01T17:12:14Z</timestamp>
<contributor>
<username>MarxavBot</username>
<id>80155</id>
</contributor>
<minor />
<comment>AFI Portugal</comment>
<model>wikitext</model>
<format>text/x-wiki</format>
<text bytes="1996" xml:space="preserve">[[Image:Hyacinthus orientalis0.jpg|150px|right|thumb]]
{{ver também|Jacinto}}

={{-pt-}}=
==Substantivo==
{{flex.pt|ms=jacinto|mp=jacintos}}
{{paroxítona|ja|cin|to}}, {{gramática|m}}
# {{escopo|pt|Flor|planta}} nome vulgar de plantas bulbosas pertencentes ao género ''[[species:Hyacinthus|Hyacinthus]]'' e também pertencentes à família das ''[[species:Liliaceae|Liliáceas]]''
# {{escopo|pt|Mineral}} variedade amarelo-avermelhado e castanho-avermelhado do mineral [[zircão]] (silicato natural de zircônio)

===Expressões===
* '''[[Santo Antônio do Jacinto]]''':

=={{etimologia|pt}}==
{{llietimo|la|hyacinthus|pt|ponto=não}}, pelo grego cássico {{etimo|grc|Ὑάκινθος}}.

=={{pronúncia|pt}}==
===Portugal===
* AFI: {{AFI|/ʒɐ.ˈsĩ.tu/}}

==Ver também==
===No Wikcionário===
* [[jacintino]]

====Antropônimos====
{{colunas|2}}
* [[Jacinta]]
* [[Jacintina]]
* [[Jacintino]]
* [[Jacinto]]
{{colunas/fim}}

====Wikisaurus====
{{colunas|2}}
* [[Wikisaurus:flor|flor]]
* [[Wikisaurus:planta|planta]]
{{colunas/fim}}

===Na Wikipédia===
* [[w:Hyacinthus|Hyacinthus]]

[[Categoria:Substantivo (Português)]]
[[Categoria:Entrada com imagem (Português)]]


={{-gl-}}=
==Substantivo==
{{flex.gl|ms=jacinto|mp=jacintos}}
{{paroxítona|ja|cin|to|lang=gl}}, {{gramática|m|lang=gl}}
# {{escopo|gl|Planta}} [[jacinto#{{pt}}|jacinto]], planta do género ''[[species:Hyacinthus|Hyacinthus]]'' e da família ''[[species:Liliaceae|Liliaceae]]''
# {{escopo|gl|Planta}} planta do género ''[[species:Scilla|Scilla]]''; especificamente a ''[[species:Scilla verna|Scilla verna]]''
# {{escopo|gl|Mineral}} [[jacinto#{{pt}}|jacinto]], mineral

===Sinónimo===
* De '''2''': [[escila#{{gl}}|escila]]

===Verbetes derivados===
{{colunas|2}}
* [[jacinto-bravo#{{gl}}|jacinto-bravo]]
* [[pau-jacinto#{{gl}}|pau-jacinto]]
{{colunas/fim}}

=={{etimologia|gl}}==
{{llietimo|la|hyacinthus|gl}}

[[Categoria:Substantivo (Galego)]]
[[Categoria:Entrada com imagem (Galego)]]
[[Categoria:Flor (Galego)]]</text>
<sha1>3u3sy2mu7tt0jg2ul1ihblh6od1a67b</sha1>
</revision>
</page>
