<title>jacis</title>
<ns>0</ns>
<id>340638</id>
<revision>
<id>1938608</id>
<timestamp>2015-06-03T13:41:10Z</timestamp>
<contributor>
<username>MIL973</username>
<id>41339</id>
</contributor>
<comment>[[Ajuda:Guia de edição/Menus e ferramentas/Sumário de edição|→]] nova página: ={{-pt-}}= ==Forma de substantivo== {{oxítona|ja|cis}}, {{m}} # plural de [[jaci]]  {{avi-for-fle|jaci}}</comment>
<model>wikitext</model>
<format>text/x-wiki</format>
<text bytes="105" xml:space="preserve">={{-pt-}}=
==Forma de substantivo==
{{oxítona|ja|cis}}, {{m}}
# plural de [[jaci]]

{{avi-for-fle|jaci}}</text>
<sha1>7oabstlhll65ilzc0amms3vd8ma3yys</sha1>
</revision>
<revision>
<id>1938609</id>
<parentid>1938608</parentid>
<timestamp>2015-06-03T13:41:35Z</timestamp>
<contributor>
<username>MIL973</username>
<id>41339</id>
</contributor>
<minor />
<comment>adicionou [[Categoria:Forma de substantivo (Português)]] usando [[Wikcionário:HotCat|HotCat]]</comment>
<model>wikitext</model>
<format>text/x-wiki</format>
<text bytes="154" xml:space="preserve">={{-pt-}}=
==Forma de substantivo==
{{oxítona|ja|cis}}, {{m}}
# plural de [[jaci]]

{{avi-for-fle|jaci}}

[[Categoria:Forma de substantivo (Português)]]</text>
<sha1>fyfhs5e2ygy6osd723dxu7q85liug4f</sha1>
</revision>
<revision>
<id>1939220</id>
<parentid>1938609</parentid>
<timestamp>2015-06-06T07:32:34Z</timestamp>
<contributor>
<username>YS-Bot</username>
<id>32241</id>
</contributor>
<minor />
<comment>r2.7.3) (Robô: A adicionar: [[en:jacis]]</comment>
<model>wikitext</model>
<format>text/x-wiki</format>
<text bytes="168" xml:space="preserve">={{-pt-}}=
==Forma de substantivo==
{{oxítona|ja|cis}}, {{m}}
# plural de [[jaci]]

{{avi-for-fle|jaci}}

[[Categoria:Forma de substantivo (Português)]]

[[en:jacis]]</text>
<sha1>baqtu358kidlz96ydq4kwwcvoizwl0z</sha1>
</revision>
<revision>
<id>2364471</id>
<parentid>1939220</parentid>
<timestamp>2017-05-03T15:32:34Z</timestamp>
<contributor>
<username>HydrizBot</username>
<id>29590</id>
</contributor>
<minor />
<comment>Robô: A limpar links interwikis antigos</comment>
<model>wikitext</model>
<format>text/x-wiki</format>
<text bytes="154" xml:space="preserve">={{-pt-}}=
==Forma de substantivo==
{{oxítona|ja|cis}}, {{m}}
# plural de [[jaci]]

{{avi-for-fle|jaci}}

[[Categoria:Forma de substantivo (Português)]]</text>
<sha1>fyfhs5e2ygy6osd723dxu7q85liug4f</sha1>
</revision>
<revision>
<id>2488014</id>
<parentid>2364471</parentid>
<timestamp>2018-03-06T06:37:43Z</timestamp>
<contributor>
<username>MIL973</username>
<id>41339</id>
</contributor>
<model>wikitext</model>
<format>text/x-wiki</format>
<text bytes="166" xml:space="preserve">={{-pt-}}=
==Forma de substantivo==
{{oxítona|ja|cis}}, {{gramática|mp}}
# plural de [[jaci]]

{{avi-for-fle|jaci}}

[[Categoria:Forma de substantivo (Português)]]</text>
<sha1>jtv2i7eds8vcuuwtjw7r9ysx6soxmiv</sha1>
</revision>
<revision>
<id>2488015</id>
<parentid>2488014</parentid>
<timestamp>2018-03-06T06:37:59Z</timestamp>
<contributor>
<username>MIL973</username>
<id>41339</id>
</contributor>
<model>wikitext</model>
<format>text/x-wiki</format>
<text bytes="189" xml:space="preserve">{{ver também|Jacis}}

={{-pt-}}=
==Forma de substantivo==
{{oxítona|ja|cis}}, {{gramática|mp}}
# plural de [[jaci]]

{{avi-for-fle|jaci}}

[[Categoria:Forma de substantivo (Português)]]</text>
<sha1>2ejf3jyqsuaa1bkx23yob6k1ee8yp67</sha1>
</revision>
</page>
