<title>jacket</title>
<ns>0</ns>
<id>342896</id>
<revision>
<id>1978115</id>
<timestamp>2015-08-05T01:55:14Z</timestamp>
<contributor>
<ip>201.32.161.87</ip>
</contributor>
<comment>Conteúdo inédito!</comment>
<model>wikitext</model>
<format>text/x-wiki</format>
<text bytes="22" xml:space="preserve">1. jaqueta

2. paletó</text>
<sha1>kloulfe5l2dcg5ocyl7iu4gfw1pbmxx</sha1>
</revision>
<revision>
<id>1978451</id>
<parentid>1978115</parentid>
<timestamp>2015-08-05T11:27:26Z</timestamp>
<contributor>
<username>YS-Bot</username>
<id>32241</id>
</contributor>
<minor />
<comment>r2.7.3) (Robô: A adicionar: chr, cs, cy, de, en, eo, es, et, fa, fi, fr, hr, hu, hy, id, io, it, kn, ko, ku, li, lt, mg, ml, mt, my, no, pl, ru, sh, simple, sv, sw, ta, te, tr, vi, zh</comment>
<model>wikitext</model>
<format>text/x-wiki</format>
<text bytes="560" xml:space="preserve">1. jaqueta

2. paletó

[[chr:jacket]]
[[cs:jacket]]
[[cy:jacket]]
[[de:jacket]]
[[en:jacket]]
[[eo:jacket]]
[[es:jacket]]
[[et:jacket]]
[[fa:jacket]]
[[fi:jacket]]
[[fr:jacket]]
[[hr:jacket]]
[[hu:jacket]]
[[hy:jacket]]
[[id:jacket]]
[[io:jacket]]
[[it:jacket]]
[[kn:jacket]]
[[ko:jacket]]
[[ku:jacket]]
[[li:jacket]]
[[lt:jacket]]
[[mg:jacket]]
[[ml:jacket]]
[[mt:jacket]]
[[my:jacket]]
[[no:jacket]]
[[pl:jacket]]
[[ru:jacket]]
[[sh:jacket]]
[[simple:jacket]]
[[sv:jacket]]
[[sw:jacket]]
[[ta:jacket]]
[[te:jacket]]
[[tr:jacket]]
[[vi:jacket]]
[[zh:jacket]]</text>
<sha1>o3n61e4otbe979wdo5ookkswl1ry3h9</sha1>
</revision>
<revision>
<id>1981410</id>
<parentid>1978451</parentid>
<timestamp>2015-08-12T10:33:15Z</timestamp>
<contributor>
<username>ValJor</username>
<id>1358</id>
</contributor>
<comment>Por um [[Wikcionário:Listas de verbetes com problemas|wikcionário com saídas]]!</comment>
<model>wikitext</model>
<format>text/x-wiki</format>
<text bytes="848" xml:space="preserve">{{Wikipédia|lang=en}}

={{-en-}}=
==Substantivo==
'''jacket'''
# [[jaqueta]]
# [[paletó]]

=={{etimologia|en}}==
: Do francês médio ''jacquet'', diminutivo do francês antigo ''jaque''.

=={{pronúncia|en}}==
* [[AFI]]: /ˈdʒæk.ɪt/

[[Categoria:Substantivo (Inglês)]]
[[Categoria:Vestuário (Inglês)]]

[[chr:jacket]]
[[cs:jacket]]
[[cy:jacket]]
[[de:jacket]]
[[en:jacket]]
[[eo:jacket]]
[[es:jacket]]
[[et:jacket]]
[[fa:jacket]]
[[fi:jacket]]
[[fr:jacket]]
[[hr:jacket]]
[[hu:jacket]]
[[hy:jacket]]
[[id:jacket]]
[[io:jacket]]
[[it:jacket]]
[[kn:jacket]]
[[ko:jacket]]
[[ku:jacket]]
[[li:jacket]]
[[lt:jacket]]
[[mg:jacket]]
[[ml:jacket]]
[[mt:jacket]]
[[my:jacket]]
[[no:jacket]]
[[pl:jacket]]
[[ru:jacket]]
[[sh:jacket]]
[[simple:jacket]]
[[sv:jacket]]
[[sw:jacket]]
[[ta:jacket]]
[[te:jacket]]
[[tr:jacket]]
[[vi:jacket]]
[[zh:jacket]]</text>
<sha1>cykol1f9mn77806z1dfadjqgqwfkku2</sha1>
</revision>
<revision>
<id>2054706</id>
<parentid>1981410</parentid>
<timestamp>2016-01-10T23:00:35Z</timestamp>
<contributor>
<username>HydrizBot</username>
<id>29590</id>
</contributor>
<minor />
<comment>Robô: A adicionar: [[hi:jacket]], [[ja:jacket]]</comment>
<model>wikitext</model>
<format>text/x-wiki</format>
<text bytes="876" xml:space="preserve">{{Wikipédia|lang=en}}

={{-en-}}=
==Substantivo==
'''jacket'''
# [[jaqueta]]
# [[paletó]]

=={{etimologia|en}}==
: Do francês médio ''jacquet'', diminutivo do francês antigo ''jaque''.

=={{pronúncia|en}}==
* [[AFI]]: /ˈdʒæk.ɪt/

[[Categoria:Substantivo (Inglês)]]
[[Categoria:Vestuário (Inglês)]]

[[chr:jacket]]
[[cs:jacket]]
[[cy:jacket]]
[[de:jacket]]
[[en:jacket]]
[[eo:jacket]]
[[es:jacket]]
[[et:jacket]]
[[fa:jacket]]
[[fi:jacket]]
[[fr:jacket]]
[[hi:jacket]]
[[hr:jacket]]
[[hu:jacket]]
[[hy:jacket]]
[[id:jacket]]
[[io:jacket]]
[[it:jacket]]
[[ja:jacket]]
[[kn:jacket]]
[[ko:jacket]]
[[ku:jacket]]
[[li:jacket]]
[[lt:jacket]]
[[mg:jacket]]
[[ml:jacket]]
[[mt:jacket]]
[[my:jacket]]
[[no:jacket]]
[[pl:jacket]]
[[ru:jacket]]
[[sh:jacket]]
[[simple:jacket]]
[[sv:jacket]]
[[sw:jacket]]
[[ta:jacket]]
[[te:jacket]]
[[tr:jacket]]
[[vi:jacket]]
[[zh:jacket]]</text>
<sha1>jqidfwkffp5d5dmaxam8o921z3kket8</sha1>
</revision>
<revision>
<id>2364476</id>
<parentid>2054706</parentid>
<timestamp>2017-05-03T15:32:58Z</timestamp>
<contributor>
<username>HydrizBot</username>
<id>29590</id>
</contributor>
<minor />
<comment>Robô: A limpar links interwikis antigos</comment>
<model>wikitext</model>
<format>text/x-wiki</format>
<text bytes="310" xml:space="preserve">{{Wikipédia|lang=en}}

={{-en-}}=
==Substantivo==
'''jacket'''
# [[jaqueta]]
# [[paletó]]

=={{etimologia|en}}==
: Do francês médio ''jacquet'', diminutivo do francês antigo ''jaque''.

=={{pronúncia|en}}==
* [[AFI]]: /ˈdʒæk.ɪt/

[[Categoria:Substantivo (Inglês)]]
[[Categoria:Vestuário (Inglês)]]</text>
<sha1>fs0ss9lbqgdl9ok0ywrlls5y4ufm5bs</sha1>
</revision>
</page>
