<title>jack</title>
<ns>0</ns>
<id>9777</id>
<revision>
<id>33895</id>
<timestamp>2005-08-10T18:22:39Z</timestamp>
<contributor>
<username>Waltter Manoel da Silva</username>
<id>123</id>
</contributor>
<comment>Criação do verbete; + 3 categorias; + interwiki &quot;en&quot;</comment>
<model>wikitext</model>
<format>text/x-wiki</format>
<text bytes="753" xml:space="preserve">- '''[[jack]]''' – n.  = [[saída]] – s.f. **..** '''(Theme / Tema: [[eletricidade]] / [[electricity]])''' **..** '''Fraseologia Inglês-Português / English-Portuguese Phraseology:'''
:1 '''double jack''' = duas saídas (***) (Data-reg 2001-09-24);
::1.1 '''[[telephone]] [[duplex]] [[adaptor]] (with [[double]] jack [[UK]]/[[USA]])''' = [[benjamim]] [[duplo]] para [[telefone]] (com duas saídas para o [[Reino Unido]] e os [[Estados Unidos]]); (*.*)
:2 '''[[triplex]] jack''' = [[três]] saídas (***)
::2.1 '''telephone triplex jack adaptor''' = benjamim para telefone com três saídas (*.*)


[[Categoria:Dicionário Fraseológico Inglês-Português (J)]]
[[Categoria:Substantivo (Inglês)]]
[[Categoria:Eletricidade (Inglês)]]

[[en:jack]]</text>
<sha1>qah2cnv7423vvrskwec81kkahfa38bm</sha1>
</revision>
<revision>
<id>35438</id>
<parentid>33895</parentid>
<timestamp>2005-08-19T04:43:59Z</timestamp>
<contributor>
<username>RobotGMwikt</username>
<id>407</id>
</contributor>
<minor />
<comment>robot  Adicionando: it Modificando: en</comment>
<model>wikitext</model>
<format>text/x-wiki</format>
<text bytes="765" xml:space="preserve">- '''[[jack]]''' – n.  = [[saída]] – s.f. **..** '''(Theme / Tema: [[eletricidade]] / [[electricity]])''' **..** '''Fraseologia Inglês-Português / English-Portuguese Phraseology:'''
:1 '''double jack''' = duas saídas (***) (Data-reg 2001-09-24);
::1.1 '''[[telephone]] [[duplex]] [[adaptor]] (with [[double]] jack [[UK]]/[[USA]])''' = [[benjamim]] [[duplo]] para [[telefone]] (com duas saídas para o [[Reino Unido]] e os [[Estados Unidos]]); (*.*)
:2 '''[[triplex]] jack''' = [[três]] saídas (***)
::2.1 '''telephone triplex jack adaptor''' = benjamim para telefone com três saídas (*.*)


[[Categoria:Dicionário Fraseológico Inglês-Português (J)]]
[[Categoria:Substantivo (Inglês)]]
[[Categoria:Eletricidade (Inglês)]]

[[en:Jack]]
[[it:Jack]]</text>
<sha1>kucywcyt1wvh7b8nn37yu798wic18jr</sha1>
</revision>
<revision>
<id>56610</id>
<parentid>35438</parentid>
<timestamp>2006-01-04T19:45:43Z</timestamp>
<contributor>
<ip>200.249.56.21</ip>
</contributor>
<model>wikitext</model>
<format>text/x-wiki</format>
<text bytes="327" xml:space="preserve">=Inglês=

==substantivo==

* [[saída]]

===Fraseologia Inglês-Português===
:1 double jack = duas saídas
:2 [[triplex]] jack = [[três]] saídas
::2.1 telephone triplex jack adaptor = benjamim para telefone com três saídas

[[Categoria:Substantivo (Inglês)]]
[[Categoria:Eletricidade (Inglês)]]

[[en:Jack]]
[[it:Jack]]</text>
<sha1>4g7zjvx9xwbnqb4ctq0wbku2xz48fxl</sha1>
</revision>
<revision>
<id>56781</id>
<parentid>56610</parentid>
<timestamp>2006-01-05T12:28:37Z</timestamp>
<contributor>
<username>Leuadeque</username>
<id>21</id>
</contributor>
<minor />
<comment>/* Inglês */</comment>
<model>wikitext</model>
<format>text/x-wiki</format>
<text bytes="337" xml:space="preserve">=Inglês=
==Substantivo==
'''jack'''

# [[Saída]]

===Fraseologia Inglês-Português===
:1 double jack = duas saídas
:2 [[triplex]] jack = [[três]] saídas
::2.1 telephone triplex jack adaptor = benjamim para telefone com três saídas

[[Categoria:Substantivo (Inglês)]]
[[Categoria:Eletricidade (Inglês)]]

[[en:Jack]]
[[it:Jack]]</text>
<sha1>awbyad1dl6yboqs4d7qdpbwwly65a4g</sha1>
</revision>
<revision>
<id>62707</id>
<parentid>56781</parentid>
<timestamp>2006-01-23T00:40:41Z</timestamp>
<contributor>
<username>Zumg</username>
<id>803</id>
</contributor>
<minor />
<comment>robot  Adicionando: fr, nl Modificando: en, it</comment>
<model>wikitext</model>
<format>text/x-wiki</format>
<text bytes="361" xml:space="preserve">=Inglês=
==Substantivo==
'''jack'''

# [[Saída]]

===Fraseologia Inglês-Português===
:1 double jack = duas saídas
:2 [[triplex]] jack = [[três]] saídas
::2.1 telephone triplex jack adaptor = benjamim para telefone com três saídas

[[Categoria:Substantivo (Inglês)]]
[[Categoria:Eletricidade (Inglês)]]

[[en:jack]]
[[fr:jack]]
[[it:jack]]
[[nl:jack]]</text>
<sha1>jggfub55qj62v242wpc08y6mwmgjum0</sha1>
</revision>
<revision>
<id>83480</id>
<parentid>62707</parentid>
<timestamp>2006-02-23T00:53:34Z</timestamp>
<contributor>
<username>Conversion script</username>
<id>0</id>
</contributor>
<minor />
<comment>[[Jack]] movido para [[jack]]: Converting page titles to lowercase</comment>
<model>wikitext</model>
<format>text/x-wiki</format>
<text bytes="361" xml:space="preserve">=Inglês=
==Substantivo==
'''jack'''

# [[Saída]]

===Fraseologia Inglês-Português===
:1 double jack = duas saídas
:2 [[triplex]] jack = [[três]] saídas
::2.1 telephone triplex jack adaptor = benjamim para telefone com três saídas

[[Categoria:Substantivo (Inglês)]]
[[Categoria:Eletricidade (Inglês)]]

[[en:jack]]
[[fr:jack]]
[[it:jack]]
[[nl:jack]]</text>
<sha1>jggfub55qj62v242wpc08y6mwmgjum0</sha1>
</revision>
<revision>
<id>106113</id>
<parentid>83480</parentid>
<timestamp>2006-03-15T09:06:59Z</timestamp>
<contributor>
<username>RobotGMwikt</username>
<id>407</id>
</contributor>
<minor />
<comment>Bot:  Adicionando: zh</comment>
<model>wikitext</model>
<format>text/x-wiki</format>
<text bytes="373" xml:space="preserve">=Inglês=
==Substantivo==
'''jack'''

# [[Saída]]

===Fraseologia Inglês-Português===
:1 double jack = duas saídas
:2 [[triplex]] jack = [[três]] saídas
::2.1 telephone triplex jack adaptor = benjamim para telefone com três saídas

[[Categoria:Substantivo (Inglês)]]
[[Categoria:Eletricidade (Inglês)]]

[[en:jack]]
[[fr:jack]]
[[it:jack]]
[[nl:jack]]
[[zh:jack]]</text>
<sha1>ga6r1jb4ii5bcc0t8op6ujv00elv5t0</sha1>
</revision>
<revision>
<id>142131</id>
<parentid>106113</parentid>
<timestamp>2006-07-18T14:27:52Z</timestamp>
<contributor>
<username>RobotGMwikt</username>
<id>407</id>
</contributor>
<minor />
<comment>Bot:  Adicionando: vi</comment>
<model>wikitext</model>
<format>text/x-wiki</format>
<text bytes="385" xml:space="preserve">=Inglês=
==Substantivo==
'''jack'''

# [[Saída]]

===Fraseologia Inglês-Português===
:1 double jack = duas saídas
:2 [[triplex]] jack = [[três]] saídas
::2.1 telephone triplex jack adaptor = benjamim para telefone com três saídas

[[Categoria:Substantivo (Inglês)]]
[[Categoria:Eletricidade (Inglês)]]

[[en:jack]]
[[fr:jack]]
[[it:jack]]
[[nl:jack]]
[[vi:jack]]
[[zh:jack]]</text>
<sha1>5pyel5g6k3p4i3iut4gkf6ncc2ltdva</sha1>
</revision>
<revision>
<id>153472</id>
<parentid>142131</parentid>
<timestamp>2006-08-17T12:30:07Z</timestamp>
<contributor>
<username>RobotGMwikt</username>
<id>407</id>
</contributor>
<minor />
<comment>Bot:  Adicionando: fi</comment>
<model>wikitext</model>
<format>text/x-wiki</format>
<text bytes="397" xml:space="preserve">=Inglês=
==Substantivo==
'''jack'''

# [[Saída]]

===Fraseologia Inglês-Português===
:1 double jack = duas saídas
:2 [[triplex]] jack = [[três]] saídas
::2.1 telephone triplex jack adaptor = benjamim para telefone com três saídas

[[Categoria:Substantivo (Inglês)]]
[[Categoria:Eletricidade (Inglês)]]

[[en:jack]]
[[fi:jack]]
[[fr:jack]]
[[it:jack]]
[[nl:jack]]
[[vi:jack]]
[[zh:jack]]</text>
<sha1>kpcncuy06t95bck3o17nue1a4rdshgu</sha1>
</revision>
<revision>
<id>182649</id>
<parentid>153472</parentid>
<timestamp>2006-10-20T01:16:38Z</timestamp>
<contributor>
<username>RobotGMwikt</username>
<id>407</id>
</contributor>
<minor />
<comment>Bot:  Adicionando: [[ru:jack]]</comment>
<model>wikitext</model>
<format>text/x-wiki</format>
<text bytes="409" xml:space="preserve">=Inglês=
==Substantivo==
'''jack'''

# [[Saída]]

===Fraseologia Inglês-Português===
:1 double jack = duas saídas
:2 [[triplex]] jack = [[três]] saídas
::2.1 telephone triplex jack adaptor = benjamim para telefone com três saídas

[[Categoria:Substantivo (Inglês)]]
[[Categoria:Eletricidade (Inglês)]]

[[en:jack]]
[[fi:jack]]
[[fr:jack]]
[[it:jack]]
[[nl:jack]]
[[ru:jack]]
[[vi:jack]]
[[zh:jack]]</text>
<sha1>bnb3n4pden2sv0ze6u5dmpaoj0pw1v1</sha1>
</revision>
<revision>
<id>202240</id>
<parentid>182649</parentid>
<timestamp>2006-11-27T14:31:17Z</timestamp>
<contributor>
<username>RobotGMwikt</username>
<id>407</id>
</contributor>
<minor />
<comment>Bot:  Adicionando: [[io:jack]]</comment>
<model>wikitext</model>
<format>text/x-wiki</format>
<text bytes="421" xml:space="preserve">=Inglês=
==Substantivo==
'''jack'''

# [[Saída]]

===Fraseologia Inglês-Português===
:1 double jack = duas saídas
:2 [[triplex]] jack = [[três]] saídas
::2.1 telephone triplex jack adaptor = benjamim para telefone com três saídas

[[Categoria:Substantivo (Inglês)]]
[[Categoria:Eletricidade (Inglês)]]

[[en:jack]]
[[fi:jack]]
[[fr:jack]]
[[io:jack]]
[[it:jack]]
[[nl:jack]]
[[ru:jack]]
[[vi:jack]]
[[zh:jack]]</text>
<sha1>i83yqa12xnsfmj22aui5fwkkynmigie</sha1>
</revision>
<revision>
<id>215593</id>
<parentid>202240</parentid>
<timestamp>2006-12-31T22:13:30Z</timestamp>
<contributor>
<username>RobotGMwikt</username>
<id>407</id>
</contributor>
<minor />
<comment>Bot:  Adicionando: [[rw:jack]], [[uk:jack]]</comment>
<model>wikitext</model>
<format>text/x-wiki</format>
<text bytes="445" xml:space="preserve">=Inglês=
==Substantivo==
'''jack'''

# [[Saída]]

===Fraseologia Inglês-Português===
:1 double jack = duas saídas
:2 [[triplex]] jack = [[três]] saídas
::2.1 telephone triplex jack adaptor = benjamim para telefone com três saídas

[[Categoria:Substantivo (Inglês)]]
[[Categoria:Eletricidade (Inglês)]]

[[en:jack]]
[[fi:jack]]
[[fr:jack]]
[[io:jack]]
[[it:jack]]
[[nl:jack]]
[[ru:jack]]
[[rw:jack]]
[[uk:jack]]
[[vi:jack]]
[[zh:jack]]</text>
<sha1>45rpxgjcvz7izme328zkkg0lpyebu7i</sha1>
</revision>
<revision>
<id>330469</id>
<parentid>215593</parentid>
<timestamp>2008-02-10T23:12:26Z</timestamp>
<contributor>
<username>VolkovBot</username>
<id>2944</id>
</contributor>
<minor />
<comment>Bot:  Adicionando: [[te:jack]]</comment>
<model>wikitext</model>
<format>text/x-wiki</format>
<text bytes="457" xml:space="preserve">=Inglês=
==Substantivo==
'''jack'''

# [[Saída]]

===Fraseologia Inglês-Português===
:1 double jack = duas saídas
:2 [[triplex]] jack = [[três]] saídas
::2.1 telephone triplex jack adaptor = benjamim para telefone com três saídas

[[Categoria:Substantivo (Inglês)]]
[[Categoria:Eletricidade (Inglês)]]

[[en:jack]]
[[fi:jack]]
[[fr:jack]]
[[io:jack]]
[[it:jack]]
[[nl:jack]]
[[ru:jack]]
[[rw:jack]]
[[te:jack]]
[[uk:jack]]
[[vi:jack]]
[[zh:jack]]</text>
<sha1>nuytlxk3dwpkev8cwposyzj4zb3nbcq</sha1>
</revision>
<revision>
<id>401118</id>
<parentid>330469</parentid>
<timestamp>2008-12-14T14:15:39Z</timestamp>
<contributor>
<username>VolkovBot</username>
<id>2944</id>
</contributor>
<minor />
<comment>Bot:  Adicionando: el, kk, sv, ta</comment>
<model>wikitext</model>
<format>text/x-wiki</format>
<text bytes="505" xml:space="preserve">=Inglês=
==Substantivo==
'''jack'''

# [[Saída]]

===Fraseologia Inglês-Português===
:1 double jack = duas saídas
:2 [[triplex]] jack = [[três]] saídas
::2.1 telephone triplex jack adaptor = benjamim para telefone com três saídas

[[Categoria:Substantivo (Inglês)]]
[[Categoria:Eletricidade (Inglês)]]

[[el:jack]]
[[en:jack]]
[[fi:jack]]
[[fr:jack]]
[[io:jack]]
[[it:jack]]
[[kk:jack]]
[[nl:jack]]
[[ru:jack]]
[[rw:jack]]
[[sv:jack]]
[[ta:jack]]
[[te:jack]]
[[uk:jack]]
[[vi:jack]]
[[zh:jack]]</text>
<sha1>m1vmxp3jinnptbg2318abrtakk4ovxs</sha1>
</revision>
<revision>
<id>414532</id>
<parentid>401118</parentid>
<timestamp>2009-02-08T20:36:51Z</timestamp>
<contributor>
<username>Interwicket</username>
<id>6868</id>
</contributor>
<minor />
<comment>iwiki +es</comment>
<model>wikitext</model>
<format>text/x-wiki</format>
<text bytes="517" xml:space="preserve">=Inglês=
==Substantivo==
'''jack'''

# [[Saída]]

===Fraseologia Inglês-Português===
:1 double jack = duas saídas
:2 [[triplex]] jack = [[três]] saídas
::2.1 telephone triplex jack adaptor = benjamim para telefone com três saídas

[[Categoria:Substantivo (Inglês)]]
[[Categoria:Eletricidade (Inglês)]]

[[el:jack]]
[[en:jack]]
[[es:jack]]
[[fi:jack]]
[[fr:jack]]
[[io:jack]]
[[it:jack]]
[[kk:jack]]
[[nl:jack]]
[[ru:jack]]
[[rw:jack]]
[[sv:jack]]
[[ta:jack]]
[[te:jack]]
[[uk:jack]]
[[vi:jack]]
[[zh:jack]]</text>
<sha1>sl4fvmlbfm306fi1q59ibrv09mfej0q</sha1>
</revision>
<revision>
<id>420657</id>
<parentid>414532</parentid>
<timestamp>2009-02-21T21:57:49Z</timestamp>
<contributor>
<username>Interwicket</username>
<id>6868</id>
</contributor>
<minor />
<comment>iwiki +[[:simple:jack]]</comment>
<model>wikitext</model>
<format>text/x-wiki</format>
<text bytes="533" xml:space="preserve">=Inglês=
==Substantivo==
'''jack'''

# [[Saída]]

===Fraseologia Inglês-Português===
:1 double jack = duas saídas
:2 [[triplex]] jack = [[três]] saídas
::2.1 telephone triplex jack adaptor = benjamim para telefone com três saídas

[[Categoria:Substantivo (Inglês)]]
[[Categoria:Eletricidade (Inglês)]]

[[el:jack]]
[[en:jack]]
[[es:jack]]
[[fi:jack]]
[[fr:jack]]
[[io:jack]]
[[it:jack]]
[[kk:jack]]
[[nl:jack]]
[[ru:jack]]
[[rw:jack]]
[[simple:jack]]
[[sv:jack]]
[[ta:jack]]
[[te:jack]]
[[uk:jack]]
[[vi:jack]]
[[zh:jack]]</text>
<sha1>7g036dsh0ddfnf0cefmmi7hjrcajotc</sha1>
</revision>
<revision>
<id>473587</id>
<parentid>420657</parentid>
<timestamp>2009-06-03T05:22:32Z</timestamp>
<contributor>
<username>Interwicket</username>
<id>6868</id>
</contributor>
<minor />
<comment>iwiki +[[:ro:jack]]</comment>
<model>wikitext</model>
<format>text/x-wiki</format>
<text bytes="545" xml:space="preserve">=Inglês=
==Substantivo==
'''jack'''

# [[Saída]]

===Fraseologia Inglês-Português===
:1 double jack = duas saídas
:2 [[triplex]] jack = [[três]] saídas
::2.1 telephone triplex jack adaptor = benjamim para telefone com três saídas

[[Categoria:Substantivo (Inglês)]]
[[Categoria:Eletricidade (Inglês)]]

[[el:jack]]
[[en:jack]]
[[es:jack]]
[[fi:jack]]
[[fr:jack]]
[[io:jack]]
[[it:jack]]
[[kk:jack]]
[[nl:jack]]
[[ro:jack]]
[[ru:jack]]
[[rw:jack]]
[[simple:jack]]
[[sv:jack]]
[[ta:jack]]
[[te:jack]]
[[uk:jack]]
[[vi:jack]]
[[zh:jack]]</text>
<sha1>9lmz19fxkdjha8qvc1byhh8sh2g2tjp</sha1>
</revision>
<revision>
<id>508041</id>
<parentid>473587</parentid>
<timestamp>2009-08-09T01:23:38Z</timestamp>
<contributor>
<username>Interwicket</username>
<id>6868</id>
</contributor>
<minor />
<comment>iwiki +[[:ml:jack]]</comment>
<model>wikitext</model>
<format>text/x-wiki</format>
<text bytes="557" xml:space="preserve">=Inglês=
==Substantivo==
'''jack'''

# [[Saída]]

===Fraseologia Inglês-Português===
:1 double jack = duas saídas
:2 [[triplex]] jack = [[três]] saídas
::2.1 telephone triplex jack adaptor = benjamim para telefone com três saídas

[[Categoria:Substantivo (Inglês)]]
[[Categoria:Eletricidade (Inglês)]]

[[el:jack]]
[[en:jack]]
[[es:jack]]
[[fi:jack]]
[[fr:jack]]
[[io:jack]]
[[it:jack]]
[[kk:jack]]
[[ml:jack]]
[[nl:jack]]
[[ro:jack]]
[[ru:jack]]
[[rw:jack]]
[[simple:jack]]
[[sv:jack]]
[[ta:jack]]
[[te:jack]]
[[uk:jack]]
[[vi:jack]]
[[zh:jack]]</text>
<sha1>g2g9isc9txf42qj35iekycmd3i6x7q3</sha1>
</revision>
<revision>
<id>808193</id>
<parentid>508041</parentid>
<timestamp>2010-02-22T01:10:03Z</timestamp>
<contributor>
<username>Interwicket</username>
<id>6868</id>
</contributor>
<minor />
<comment>iwiki +[[:li:jack]]</comment>
<model>wikitext</model>
<format>text/x-wiki</format>
<text bytes="569" xml:space="preserve">=Inglês=
==Substantivo==
'''jack'''

# [[Saída]]

===Fraseologia Inglês-Português===
:1 double jack = duas saídas
:2 [[triplex]] jack = [[três]] saídas
::2.1 telephone triplex jack adaptor = benjamim para telefone com três saídas

[[Categoria:Substantivo (Inglês)]]
[[Categoria:Eletricidade (Inglês)]]

[[el:jack]]
[[en:jack]]
[[es:jack]]
[[fi:jack]]
[[fr:jack]]
[[io:jack]]
[[it:jack]]
[[kk:jack]]
[[li:jack]]
[[ml:jack]]
[[nl:jack]]
[[ro:jack]]
[[ru:jack]]
[[rw:jack]]
[[simple:jack]]
[[sv:jack]]
[[ta:jack]]
[[te:jack]]
[[uk:jack]]
[[vi:jack]]
[[zh:jack]]</text>
<sha1>0jvkmlhbv2i07or6a4g2ux1lt4pedtc</sha1>
</revision>
<revision>
<id>835584</id>
<parentid>808193</parentid>
<timestamp>2010-03-22T02:45:07Z</timestamp>
<contributor>
<username>Interwicket</username>
<id>6868</id>
</contributor>
<minor />
<comment>iwiki +[[:my:jack]]</comment>
<model>wikitext</model>
<format>text/x-wiki</format>
<text bytes="581" xml:space="preserve">=Inglês=
==Substantivo==
'''jack'''

# [[Saída]]

===Fraseologia Inglês-Português===
:1 double jack = duas saídas
:2 [[triplex]] jack = [[três]] saídas
::2.1 telephone triplex jack adaptor = benjamim para telefone com três saídas

[[Categoria:Substantivo (Inglês)]]
[[Categoria:Eletricidade (Inglês)]]

[[el:jack]]
[[en:jack]]
[[es:jack]]
[[fi:jack]]
[[fr:jack]]
[[io:jack]]
[[it:jack]]
[[kk:jack]]
[[li:jack]]
[[ml:jack]]
[[my:jack]]
[[nl:jack]]
[[ro:jack]]
[[ru:jack]]
[[rw:jack]]
[[simple:jack]]
[[sv:jack]]
[[ta:jack]]
[[te:jack]]
[[uk:jack]]
[[vi:jack]]
[[zh:jack]]</text>
<sha1>qf546a0koyejm1vgkmlyobxt1mjqdh3</sha1>
</revision>
<revision>
<id>837494</id>
<parentid>835584</parentid>
<timestamp>2010-03-26T17:17:46Z</timestamp>
<contributor>
<username>Interwicket</username>
<id>6868</id>
</contributor>
<minor />
<comment>iwiki +[[:kn:jack]]</comment>
<model>wikitext</model>
<format>text/x-wiki</format>
<text bytes="593" xml:space="preserve">=Inglês=
==Substantivo==
'''jack'''

# [[Saída]]

===Fraseologia Inglês-Português===
:1 double jack = duas saídas
:2 [[triplex]] jack = [[três]] saídas
::2.1 telephone triplex jack adaptor = benjamim para telefone com três saídas

[[Categoria:Substantivo (Inglês)]]
[[Categoria:Eletricidade (Inglês)]]

[[el:jack]]
[[en:jack]]
[[es:jack]]
[[fi:jack]]
[[fr:jack]]
[[io:jack]]
[[it:jack]]
[[kk:jack]]
[[kn:jack]]
[[li:jack]]
[[ml:jack]]
[[my:jack]]
[[nl:jack]]
[[ro:jack]]
[[ru:jack]]
[[rw:jack]]
[[simple:jack]]
[[sv:jack]]
[[ta:jack]]
[[te:jack]]
[[uk:jack]]
[[vi:jack]]
[[zh:jack]]</text>
<sha1>lchqpjypudt5ghzev7cajepih8yn98p</sha1>
</revision>
<revision>
<id>839241</id>
<parentid>837494</parentid>
<timestamp>2010-03-29T21:17:49Z</timestamp>
<contributor>
<username>Interwicket</username>
<id>6868</id>
</contributor>
<minor />
<comment>iwiki +[[:tr:jack]]</comment>
<model>wikitext</model>
<format>text/x-wiki</format>
<text bytes="605" xml:space="preserve">=Inglês=
==Substantivo==
'''jack'''

# [[Saída]]

===Fraseologia Inglês-Português===
:1 double jack = duas saídas
:2 [[triplex]] jack = [[três]] saídas
::2.1 telephone triplex jack adaptor = benjamim para telefone com três saídas

[[Categoria:Substantivo (Inglês)]]
[[Categoria:Eletricidade (Inglês)]]

[[el:jack]]
[[en:jack]]
[[es:jack]]
[[fi:jack]]
[[fr:jack]]
[[io:jack]]
[[it:jack]]
[[kk:jack]]
[[kn:jack]]
[[li:jack]]
[[ml:jack]]
[[my:jack]]
[[nl:jack]]
[[ro:jack]]
[[ru:jack]]
[[rw:jack]]
[[simple:jack]]
[[sv:jack]]
[[ta:jack]]
[[te:jack]]
[[tr:jack]]
[[uk:jack]]
[[vi:jack]]
[[zh:jack]]</text>
<sha1>4smc6wlw5kpv7eqt7qo8wvszzb7xml5</sha1>
</revision>
<revision>
<id>850969</id>
<parentid>839241</parentid>
<timestamp>2010-04-08T14:03:19Z</timestamp>
<contributor>
<username>Interwicket</username>
<id>6868</id>
</contributor>
<minor />
<comment>iwiki -tr</comment>
<model>wikitext</model>
<format>text/x-wiki</format>
<text bytes="593" xml:space="preserve">=Inglês=
==Substantivo==
'''jack'''

# [[Saída]]

===Fraseologia Inglês-Português===
:1 double jack = duas saídas
:2 [[triplex]] jack = [[três]] saídas
::2.1 telephone triplex jack adaptor = benjamim para telefone com três saídas

[[Categoria:Substantivo (Inglês)]]
[[Categoria:Eletricidade (Inglês)]]

[[el:jack]]
[[en:jack]]
[[es:jack]]
[[fi:jack]]
[[fr:jack]]
[[io:jack]]
[[it:jack]]
[[kk:jack]]
[[kn:jack]]
[[li:jack]]
[[ml:jack]]
[[my:jack]]
[[nl:jack]]
[[ro:jack]]
[[ru:jack]]
[[rw:jack]]
[[simple:jack]]
[[sv:jack]]
[[ta:jack]]
[[te:jack]]
[[uk:jack]]
[[vi:jack]]
[[zh:jack]]</text>
<sha1>lchqpjypudt5ghzev7cajepih8yn98p</sha1>
</revision>
<revision>
<id>866777</id>
<parentid>850969</parentid>
<timestamp>2010-05-04T11:57:55Z</timestamp>
<contributor>
<username>Interwicket</username>
<id>6868</id>
</contributor>
<minor />
<comment>iwiki +[[:pl:jack]]</comment>
<model>wikitext</model>
<format>text/x-wiki</format>
<text bytes="605" xml:space="preserve">=Inglês=
==Substantivo==
'''jack'''

# [[Saída]]

===Fraseologia Inglês-Português===
:1 double jack = duas saídas
:2 [[triplex]] jack = [[três]] saídas
::2.1 telephone triplex jack adaptor = benjamim para telefone com três saídas

[[Categoria:Substantivo (Inglês)]]
[[Categoria:Eletricidade (Inglês)]]

[[el:jack]]
[[en:jack]]
[[es:jack]]
[[fi:jack]]
[[fr:jack]]
[[io:jack]]
[[it:jack]]
[[kk:jack]]
[[kn:jack]]
[[li:jack]]
[[ml:jack]]
[[my:jack]]
[[nl:jack]]
[[pl:jack]]
[[ro:jack]]
[[ru:jack]]
[[rw:jack]]
[[simple:jack]]
[[sv:jack]]
[[ta:jack]]
[[te:jack]]
[[uk:jack]]
[[vi:jack]]
[[zh:jack]]</text>
<sha1>ag7b3nue4kw5o2dj4wd8gfzkxv6z3ba</sha1>
</revision>
<revision>
<id>896660</id>
<parentid>866777</parentid>
<timestamp>2010-06-08T09:53:04Z</timestamp>
<contributor>
<username>Interwicket</username>
<id>6868</id>
</contributor>
<minor />
<comment>iwiki +[[:hu:jack]]</comment>
<model>wikitext</model>
<format>text/x-wiki</format>
<text bytes="617" xml:space="preserve">=Inglês=
==Substantivo==
'''jack'''

# [[Saída]]

===Fraseologia Inglês-Português===
:1 double jack = duas saídas
:2 [[triplex]] jack = [[três]] saídas
::2.1 telephone triplex jack adaptor = benjamim para telefone com três saídas

[[Categoria:Substantivo (Inglês)]]
[[Categoria:Eletricidade (Inglês)]]

[[el:jack]]
[[en:jack]]
[[es:jack]]
[[fi:jack]]
[[fr:jack]]
[[hu:jack]]
[[io:jack]]
[[it:jack]]
[[kk:jack]]
[[kn:jack]]
[[li:jack]]
[[ml:jack]]
[[my:jack]]
[[nl:jack]]
[[pl:jack]]
[[ro:jack]]
[[ru:jack]]
[[rw:jack]]
[[simple:jack]]
[[sv:jack]]
[[ta:jack]]
[[te:jack]]
[[uk:jack]]
[[vi:jack]]
[[zh:jack]]</text>
<sha1>7vrz6nzgb0wfage6aca7owmqiizu98i</sha1>
</revision>
<revision>
<id>973382</id>
<parentid>896660</parentid>
<timestamp>2010-10-25T12:00:01Z</timestamp>
<contributor>
<username>Interwicket</username>
<id>6868</id>
</contributor>
<minor />
<comment>iwiki +[[:cs:jack]]</comment>
<model>wikitext</model>
<format>text/x-wiki</format>
<text bytes="629" xml:space="preserve">=Inglês=
==Substantivo==
'''jack'''

# [[Saída]]

===Fraseologia Inglês-Português===
:1 double jack = duas saídas
:2 [[triplex]] jack = [[três]] saídas
::2.1 telephone triplex jack adaptor = benjamim para telefone com três saídas

[[Categoria:Substantivo (Inglês)]]
[[Categoria:Eletricidade (Inglês)]]

[[cs:jack]]
[[el:jack]]
[[en:jack]]
[[es:jack]]
[[fi:jack]]
[[fr:jack]]
[[hu:jack]]
[[io:jack]]
[[it:jack]]
[[kk:jack]]
[[kn:jack]]
[[li:jack]]
[[ml:jack]]
[[my:jack]]
[[nl:jack]]
[[pl:jack]]
[[ro:jack]]
[[ru:jack]]
[[rw:jack]]
[[simple:jack]]
[[sv:jack]]
[[ta:jack]]
[[te:jack]]
[[uk:jack]]
[[vi:jack]]
[[zh:jack]]</text>
<sha1>qr7didjk1cdt29ehhzul2aefmapjgcy</sha1>
</revision>
<revision>
<id>1000140</id>
<parentid>973382</parentid>
<timestamp>2010-12-18T15:34:40Z</timestamp>
<contributor>
<username>Luckas-bot</username>
<id>5986</id>
</contributor>
<minor />
<comment>r2.6.2) (Bot: Adicionando: [[et:jack]]</comment>
<model>wikitext</model>
<format>text/x-wiki</format>
<text bytes="641" xml:space="preserve">=Inglês=
==Substantivo==
'''jack'''

# [[Saída]]

===Fraseologia Inglês-Português===
:1 double jack = duas saídas
:2 [[triplex]] jack = [[três]] saídas
::2.1 telephone triplex jack adaptor = benjamim para telefone com três saídas

[[Categoria:Substantivo (Inglês)]]
[[Categoria:Eletricidade (Inglês)]]

[[cs:jack]]
[[el:jack]]
[[en:jack]]
[[es:jack]]
[[et:jack]]
[[fi:jack]]
[[fr:jack]]
[[hu:jack]]
[[io:jack]]
[[it:jack]]
[[kk:jack]]
[[kn:jack]]
[[li:jack]]
[[ml:jack]]
[[my:jack]]
[[nl:jack]]
[[pl:jack]]
[[ro:jack]]
[[ru:jack]]
[[rw:jack]]
[[simple:jack]]
[[sv:jack]]
[[ta:jack]]
[[te:jack]]
[[uk:jack]]
[[vi:jack]]
[[zh:jack]]</text>
<sha1>nwgi5ku3r7wrqnz41v0a9uvgq51qbh8</sha1>
</revision>
<revision>
<id>1083775</id>
<parentid>1000140</parentid>
<timestamp>2011-06-01T17:24:20Z</timestamp>
<contributor>
<username>Luis Gabriel Moraes Dias</username>
<id>11628</id>
</contributor>
<model>wikitext</model>
<format>text/x-wiki</format>
<text bytes="662" xml:space="preserve">{{ver também|Jack}}
=Inglês=
==Substantivo==
'''jack'''

# [[Saída]]

===Fraseologia Inglês-Português===
:1 double jack = duas saídas
:2 [[triplex]] jack = [[três]] saídas
::2.1 telephone triplex jack adaptor = benjamim para telefone com três saídas

[[Categoria:Substantivo (Inglês)]]
[[Categoria:Eletricidade (Inglês)]]

[[cs:jack]]
[[el:jack]]
[[en:jack]]
[[es:jack]]
[[et:jack]]
[[fi:jack]]
[[fr:jack]]
[[hu:jack]]
[[io:jack]]
[[it:jack]]
[[kk:jack]]
[[kn:jack]]
[[li:jack]]
[[ml:jack]]
[[my:jack]]
[[nl:jack]]
[[pl:jack]]
[[ro:jack]]
[[ru:jack]]
[[rw:jack]]
[[simple:jack]]
[[sv:jack]]
[[ta:jack]]
[[te:jack]]
[[uk:jack]]
[[vi:jack]]
[[zh:jack]]</text>
<sha1>3sjxypjzem2ix2d5xagn7pyyxaj898y</sha1>
</revision>
<revision>
<id>1088036</id>
<parentid>1083775</parentid>
<timestamp>2011-06-09T06:33:07Z</timestamp>
<contributor>
<username>JAnDbot</username>
<id>25083</id>
</contributor>
<minor />
<comment>r2.5.2) (Robô: A remover: [[hu:jack]]</comment>
<model>wikitext</model>
<format>text/x-wiki</format>
<text bytes="650" xml:space="preserve">{{ver também|Jack}}
=Inglês=
==Substantivo==
'''jack'''

# [[Saída]]

===Fraseologia Inglês-Português===
:1 double jack = duas saídas
:2 [[triplex]] jack = [[três]] saídas
::2.1 telephone triplex jack adaptor = benjamim para telefone com três saídas

[[Categoria:Substantivo (Inglês)]]
[[Categoria:Eletricidade (Inglês)]]

[[cs:jack]]
[[el:jack]]
[[en:jack]]
[[es:jack]]
[[et:jack]]
[[fi:jack]]
[[fr:jack]]
[[io:jack]]
[[it:jack]]
[[kk:jack]]
[[kn:jack]]
[[li:jack]]
[[ml:jack]]
[[my:jack]]
[[nl:jack]]
[[pl:jack]]
[[ro:jack]]
[[ru:jack]]
[[rw:jack]]
[[simple:jack]]
[[sv:jack]]
[[ta:jack]]
[[te:jack]]
[[uk:jack]]
[[vi:jack]]
[[zh:jack]]</text>
<sha1>pswlxydsy1lin19ov653y85kdeoxc89</sha1>
</revision>
<revision>
<id>1241053</id>
<parentid>1088036</parentid>
<timestamp>2011-08-30T17:55:42Z</timestamp>
<contributor>
<username>ValJor</username>
<id>1358</id>
</contributor>
<comment>Desfazendo link para [[Saída]] para poder deletar o redirecionamento para minúscula</comment>
<model>wikitext</model>
<format>text/x-wiki</format>
<text bytes="700" xml:space="preserve">{{wikipedia|lang=en}}
{{ver também|Jack}}

={{-en-}}=
==Substantivo==
'''jack'''
# [[saída]]
# [[macaco]] (equipamento para levantar grandes pesos)
# [[valete]] (carta de baralho)
# [[burro]] (animal macho)

===Expressões===
* '''[[double jack]]''': duas saídas
* '''[[triplex jack]]''': [[três]] saídas

[[Categoria:Substantivo (Inglês)]]
[[Categoria:Eletricidade (Inglês)]]

[[cs:jack]]
[[el:jack]]
[[en:jack]]
[[es:jack]]
[[et:jack]]
[[fi:jack]]
[[fr:jack]]
[[io:jack]]
[[it:jack]]
[[kk:jack]]
[[kn:jack]]
[[li:jack]]
[[ml:jack]]
[[my:jack]]
[[nl:jack]]
[[pl:jack]]
[[ro:jack]]
[[ru:jack]]
[[rw:jack]]
[[simple:jack]]
[[sv:jack]]
[[ta:jack]]
[[te:jack]]
[[uk:jack]]
[[vi:jack]]
[[zh:jack]]</text>
<sha1>8pohcad6l9vgwhxo6tqe6b9srxid8nl</sha1>
</revision>
<revision>
<id>1260340</id>
<parentid>1241053</parentid>
<timestamp>2011-10-19T21:11:49Z</timestamp>
<contributor>
<username>KamikazeBot</username>
<id>23176</id>
</contributor>
<minor />
<comment>r2.6.4) (Robô: A adicionar: [[ko:jack]], [[mg:jack]]</comment>
<model>wikitext</model>
<format>text/x-wiki</format>
<text bytes="724" xml:space="preserve">{{wikipedia|lang=en}}
{{ver também|Jack}}

={{-en-}}=
==Substantivo==
'''jack'''
# [[saída]]
# [[macaco]] (equipamento para levantar grandes pesos)
# [[valete]] (carta de baralho)
# [[burro]] (animal macho)

===Expressões===
* '''[[double jack]]''': duas saídas
* '''[[triplex jack]]''': [[três]] saídas

[[Categoria:Substantivo (Inglês)]]
[[Categoria:Eletricidade (Inglês)]]

[[cs:jack]]
[[el:jack]]
[[en:jack]]
[[es:jack]]
[[et:jack]]
[[fi:jack]]
[[fr:jack]]
[[io:jack]]
[[it:jack]]
[[kk:jack]]
[[kn:jack]]
[[ko:jack]]
[[li:jack]]
[[mg:jack]]
[[ml:jack]]
[[my:jack]]
[[nl:jack]]
[[pl:jack]]
[[ro:jack]]
[[ru:jack]]
[[rw:jack]]
[[simple:jack]]
[[sv:jack]]
[[ta:jack]]
[[te:jack]]
[[uk:jack]]
[[vi:jack]]
[[zh:jack]]</text>
<sha1>m0843ie9idk3nkx0gxylnbt7dfs4nom</sha1>
</revision>
<revision>
<id>1319760</id>
<parentid>1260340</parentid>
<timestamp>2011-12-04T03:39:57Z</timestamp>
<contributor>
<username>KamikazeBot</username>
<id>23176</id>
</contributor>
<minor />
<comment>r2.6.4) (Robô: A adicionar: [[tl:jack]]</comment>
<model>wikitext</model>
<format>text/x-wiki</format>
<text bytes="736" xml:space="preserve">{{wikipedia|lang=en}}
{{ver também|Jack}}

={{-en-}}=
==Substantivo==
'''jack'''
# [[saída]]
# [[macaco]] (equipamento para levantar grandes pesos)
# [[valete]] (carta de baralho)
# [[burro]] (animal macho)

===Expressões===
* '''[[double jack]]''': duas saídas
* '''[[triplex jack]]''': [[três]] saídas

[[Categoria:Substantivo (Inglês)]]
[[Categoria:Eletricidade (Inglês)]]

[[cs:jack]]
[[el:jack]]
[[en:jack]]
[[es:jack]]
[[et:jack]]
[[fi:jack]]
[[fr:jack]]
[[io:jack]]
[[it:jack]]
[[kk:jack]]
[[kn:jack]]
[[ko:jack]]
[[li:jack]]
[[mg:jack]]
[[ml:jack]]
[[my:jack]]
[[nl:jack]]
[[pl:jack]]
[[ro:jack]]
[[ru:jack]]
[[rw:jack]]
[[simple:jack]]
[[sv:jack]]
[[ta:jack]]
[[te:jack]]
[[tl:jack]]
[[uk:jack]]
[[vi:jack]]
[[zh:jack]]</text>
<sha1>1ww9qx1ejjqls1xhz4hye1ttr06hq5h</sha1>
</revision>
<revision>
<id>1421103</id>
<parentid>1319760</parentid>
<timestamp>2012-06-14T22:45:02Z</timestamp>
<contributor>
<username>JAnDbot</username>
<id>25083</id>
</contributor>
<minor />
<comment>r2.7.2) (Robô: A remover: [[tl:jack]]</comment>
<model>wikitext</model>
<format>text/x-wiki</format>
<text bytes="724" xml:space="preserve">{{wikipedia|lang=en}}
{{ver também|Jack}}

={{-en-}}=
==Substantivo==
'''jack'''
# [[saída]]
# [[macaco]] (equipamento para levantar grandes pesos)
# [[valete]] (carta de baralho)
# [[burro]] (animal macho)

===Expressões===
* '''[[double jack]]''': duas saídas
* '''[[triplex jack]]''': [[três]] saídas

[[Categoria:Substantivo (Inglês)]]
[[Categoria:Eletricidade (Inglês)]]

[[cs:jack]]
[[el:jack]]
[[en:jack]]
[[es:jack]]
[[et:jack]]
[[fi:jack]]
[[fr:jack]]
[[io:jack]]
[[it:jack]]
[[kk:jack]]
[[kn:jack]]
[[ko:jack]]
[[li:jack]]
[[mg:jack]]
[[ml:jack]]
[[my:jack]]
[[nl:jack]]
[[pl:jack]]
[[ro:jack]]
[[ru:jack]]
[[rw:jack]]
[[simple:jack]]
[[sv:jack]]
[[ta:jack]]
[[te:jack]]
[[uk:jack]]
[[vi:jack]]
[[zh:jack]]</text>
<sha1>m0843ie9idk3nkx0gxylnbt7dfs4nom</sha1>
</revision>
<revision>
<id>1480674</id>
<parentid>1421103</parentid>
<timestamp>2012-10-18T21:59:22Z</timestamp>
<contributor>
<username>VJBot</username>
<id>33673</id>
</contributor>
<minor />
<comment>Robô: Substituição de texto automática  (-{{wikipedia| +{{Wikipédia|)</comment>
<model>wikitext</model>
<format>text/x-wiki</format>
<text bytes="725" xml:space="preserve">{{Wikipédia|lang=en}}
{{ver também|Jack}}

={{-en-}}=
==Substantivo==
'''jack'''
# [[saída]]
# [[macaco]] (equipamento para levantar grandes pesos)
# [[valete]] (carta de baralho)
# [[burro]] (animal macho)

===Expressões===
* '''[[double jack]]''': duas saídas
* '''[[triplex jack]]''': [[três]] saídas

[[Categoria:Substantivo (Inglês)]]
[[Categoria:Eletricidade (Inglês)]]

[[cs:jack]]
[[el:jack]]
[[en:jack]]
[[es:jack]]
[[et:jack]]
[[fi:jack]]
[[fr:jack]]
[[io:jack]]
[[it:jack]]
[[kk:jack]]
[[kn:jack]]
[[ko:jack]]
[[li:jack]]
[[mg:jack]]
[[ml:jack]]
[[my:jack]]
[[nl:jack]]
[[pl:jack]]
[[ro:jack]]
[[ru:jack]]
[[rw:jack]]
[[simple:jack]]
[[sv:jack]]
[[ta:jack]]
[[te:jack]]
[[uk:jack]]
[[vi:jack]]
[[zh:jack]]</text>
<sha1>afwlceutq8ktmykvuqqk5s1kjumwxrk</sha1>
</revision>
<revision>
<id>1551175</id>
<parentid>1480674</parentid>
<timestamp>2012-12-06T01:11:34Z</timestamp>
<contributor>
<username>KamikazeBot</username>
<id>23176</id>
</contributor>
<minor />
<comment>r2.7.3) (Robô: A adicionar: [[ku:jack]]</comment>
<model>wikitext</model>
<format>text/x-wiki</format>
<text bytes="737" xml:space="preserve">{{Wikipédia|lang=en}}
{{ver também|Jack}}

={{-en-}}=
==Substantivo==
'''jack'''
# [[saída]]
# [[macaco]] (equipamento para levantar grandes pesos)
# [[valete]] (carta de baralho)
# [[burro]] (animal macho)

===Expressões===
* '''[[double jack]]''': duas saídas
* '''[[triplex jack]]''': [[três]] saídas

[[Categoria:Substantivo (Inglês)]]
[[Categoria:Eletricidade (Inglês)]]

[[cs:jack]]
[[el:jack]]
[[en:jack]]
[[es:jack]]
[[et:jack]]
[[fi:jack]]
[[fr:jack]]
[[io:jack]]
[[it:jack]]
[[kk:jack]]
[[kn:jack]]
[[ko:jack]]
[[ku:jack]]
[[li:jack]]
[[mg:jack]]
[[ml:jack]]
[[my:jack]]
[[nl:jack]]
[[pl:jack]]
[[ro:jack]]
[[ru:jack]]
[[rw:jack]]
[[simple:jack]]
[[sv:jack]]
[[ta:jack]]
[[te:jack]]
[[uk:jack]]
[[vi:jack]]
[[zh:jack]]</text>
<sha1>gnol92tckf8cuvl68m2f1vbr6c4nf35</sha1>
</revision>
<revision>
<id>1694847</id>
<parentid>1551175</parentid>
<timestamp>2013-06-12T16:16:00Z</timestamp>
<contributor>
<username>HydrizBot</username>
<id>29590</id>
</contributor>
<minor />
<comment>r2.7.3) (Robô: A adicionar: [[cy:jack]]</comment>
<model>wikitext</model>
<format>text/x-wiki</format>
<text bytes="749" xml:space="preserve">{{Wikipédia|lang=en}}
{{ver também|Jack}}

={{-en-}}=
==Substantivo==
'''jack'''
# [[saída]]
# [[macaco]] (equipamento para levantar grandes pesos)
# [[valete]] (carta de baralho)
# [[burro]] (animal macho)

===Expressões===
* '''[[double jack]]''': duas saídas
* '''[[triplex jack]]''': [[três]] saídas

[[Categoria:Substantivo (Inglês)]]
[[Categoria:Eletricidade (Inglês)]]

[[cs:jack]]
[[cy:jack]]
[[el:jack]]
[[en:jack]]
[[es:jack]]
[[et:jack]]
[[fi:jack]]
[[fr:jack]]
[[io:jack]]
[[it:jack]]
[[kk:jack]]
[[kn:jack]]
[[ko:jack]]
[[ku:jack]]
[[li:jack]]
[[mg:jack]]
[[ml:jack]]
[[my:jack]]
[[nl:jack]]
[[pl:jack]]
[[ro:jack]]
[[ru:jack]]
[[rw:jack]]
[[simple:jack]]
[[sv:jack]]
[[ta:jack]]
[[te:jack]]
[[uk:jack]]
[[vi:jack]]
[[zh:jack]]</text>
<sha1>399ngg74j6ghj5d2pyaculyqj1n1d03</sha1>
</revision>
<revision>
<id>1714843</id>
<parentid>1694847</parentid>
<timestamp>2013-08-18T18:09:08Z</timestamp>
<contributor>
<username>HydrizBot</username>
<id>29590</id>
</contributor>
<minor />
<comment>r2.7.3) (Robô: A adicionar: [[chr:jack]]</comment>
<model>wikitext</model>
<format>text/x-wiki</format>
<text bytes="762" xml:space="preserve">{{Wikipédia|lang=en}}
{{ver também|Jack}}

={{-en-}}=
==Substantivo==
'''jack'''
# [[saída]]
# [[macaco]] (equipamento para levantar grandes pesos)
# [[valete]] (carta de baralho)
# [[burro]] (animal macho)

===Expressões===
* '''[[double jack]]''': duas saídas
* '''[[triplex jack]]''': [[três]] saídas

[[Categoria:Substantivo (Inglês)]]
[[Categoria:Eletricidade (Inglês)]]

[[chr:jack]]
[[cs:jack]]
[[cy:jack]]
[[el:jack]]
[[en:jack]]
[[es:jack]]
[[et:jack]]
[[fi:jack]]
[[fr:jack]]
[[io:jack]]
[[it:jack]]
[[kk:jack]]
[[kn:jack]]
[[ko:jack]]
[[ku:jack]]
[[li:jack]]
[[mg:jack]]
[[ml:jack]]
[[my:jack]]
[[nl:jack]]
[[pl:jack]]
[[ro:jack]]
[[ru:jack]]
[[rw:jack]]
[[simple:jack]]
[[sv:jack]]
[[ta:jack]]
[[te:jack]]
[[uk:jack]]
[[vi:jack]]
[[zh:jack]]</text>
<sha1>cfrdmo940f9vhzndtz4vbl14dhts4us</sha1>
</revision>
<revision>
<id>1851035</id>
<parentid>1714843</parentid>
<timestamp>2014-08-25T19:31:47Z</timestamp>
<contributor>
<username>JAnDbot</username>
<id>25083</id>
</contributor>
<minor />
<comment>r2.7.3) (Robô: A adicionar: [[hu:jack]], [[hy:jack]], [[wa:jack]]</comment>
<model>wikitext</model>
<format>text/x-wiki</format>
<text bytes="798" xml:space="preserve">{{Wikipédia|lang=en}}
{{ver também|Jack}}

={{-en-}}=
==Substantivo==
'''jack'''
# [[saída]]
# [[macaco]] (equipamento para levantar grandes pesos)
# [[valete]] (carta de baralho)
# [[burro]] (animal macho)

===Expressões===
* '''[[double jack]]''': duas saídas
* '''[[triplex jack]]''': [[três]] saídas

[[Categoria:Substantivo (Inglês)]]
[[Categoria:Eletricidade (Inglês)]]

[[chr:jack]]
[[cs:jack]]
[[cy:jack]]
[[el:jack]]
[[en:jack]]
[[es:jack]]
[[et:jack]]
[[fi:jack]]
[[fr:jack]]
[[hu:jack]]
[[hy:jack]]
[[io:jack]]
[[it:jack]]
[[kk:jack]]
[[kn:jack]]
[[ko:jack]]
[[ku:jack]]
[[li:jack]]
[[mg:jack]]
[[ml:jack]]
[[my:jack]]
[[nl:jack]]
[[pl:jack]]
[[ro:jack]]
[[ru:jack]]
[[rw:jack]]
[[simple:jack]]
[[sv:jack]]
[[ta:jack]]
[[te:jack]]
[[uk:jack]]
[[vi:jack]]
[[wa:jack]]
[[zh:jack]]</text>
<sha1>ieyxu9t9cttg0h39zxqr0w81p30dzv0</sha1>
</revision>
<revision>
<id>1883269</id>
<parentid>1851035</parentid>
<timestamp>2015-01-01T04:12:12Z</timestamp>
<contributor>
<username>HydrizBot</username>
<id>29590</id>
</contributor>
<minor />
<comment>r2.7.3) (Robô: A adicionar: [[ca:jack]]</comment>
<model>wikitext</model>
<format>text/x-wiki</format>
<text bytes="810" xml:space="preserve">{{Wikipédia|lang=en}}
{{ver também|Jack}}

={{-en-}}=
==Substantivo==
'''jack'''
# [[saída]]
# [[macaco]] (equipamento para levantar grandes pesos)
# [[valete]] (carta de baralho)
# [[burro]] (animal macho)

===Expressões===
* '''[[double jack]]''': duas saídas
* '''[[triplex jack]]''': [[três]] saídas

[[Categoria:Substantivo (Inglês)]]
[[Categoria:Eletricidade (Inglês)]]

[[ca:jack]]
[[chr:jack]]
[[cs:jack]]
[[cy:jack]]
[[el:jack]]
[[en:jack]]
[[es:jack]]
[[et:jack]]
[[fi:jack]]
[[fr:jack]]
[[hu:jack]]
[[hy:jack]]
[[io:jack]]
[[it:jack]]
[[kk:jack]]
[[kn:jack]]
[[ko:jack]]
[[ku:jack]]
[[li:jack]]
[[mg:jack]]
[[ml:jack]]
[[my:jack]]
[[nl:jack]]
[[pl:jack]]
[[ro:jack]]
[[ru:jack]]
[[rw:jack]]
[[simple:jack]]
[[sv:jack]]
[[ta:jack]]
[[te:jack]]
[[uk:jack]]
[[vi:jack]]
[[wa:jack]]
[[zh:jack]]</text>
<sha1>6nzzzxfair6e53uq117nkmhnmpov6u1</sha1>
</revision>
<revision>
<id>2050704</id>
<parentid>1883269</parentid>
<timestamp>2015-12-23T23:09:00Z</timestamp>
<contributor>
<username>HydrizBot</username>
<id>29590</id>
</contributor>
<minor />
<comment>Robô: A adicionar: [[hi:jack]]</comment>
<model>wikitext</model>
<format>text/x-wiki</format>
<text bytes="822" xml:space="preserve">{{Wikipédia|lang=en}}
{{ver também|Jack}}

={{-en-}}=
==Substantivo==
'''jack'''
# [[saída]]
# [[macaco]] (equipamento para levantar grandes pesos)
# [[valete]] (carta de baralho)
# [[burro]] (animal macho)

===Expressões===
* '''[[double jack]]''': duas saídas
* '''[[triplex jack]]''': [[três]] saídas

[[Categoria:Substantivo (Inglês)]]
[[Categoria:Eletricidade (Inglês)]]

[[ca:jack]]
[[chr:jack]]
[[cs:jack]]
[[cy:jack]]
[[el:jack]]
[[en:jack]]
[[es:jack]]
[[et:jack]]
[[fi:jack]]
[[fr:jack]]
[[hi:jack]]
[[hu:jack]]
[[hy:jack]]
[[io:jack]]
[[it:jack]]
[[kk:jack]]
[[kn:jack]]
[[ko:jack]]
[[ku:jack]]
[[li:jack]]
[[mg:jack]]
[[ml:jack]]
[[my:jack]]
[[nl:jack]]
[[pl:jack]]
[[ro:jack]]
[[ru:jack]]
[[rw:jack]]
[[simple:jack]]
[[sv:jack]]
[[ta:jack]]
[[te:jack]]
[[uk:jack]]
[[vi:jack]]
[[wa:jack]]
[[zh:jack]]</text>
<sha1>3bcsff97yrfne93n2luppmrlv0hnwlj</sha1>
</revision>
<revision>
<id>2054707</id>
<parentid>2050704</parentid>
<timestamp>2016-01-10T23:01:23Z</timestamp>
<contributor>
<username>HydrizBot</username>
<id>29590</id>
</contributor>
<minor />
<comment>Robô: A adicionar: [[eo:jack]]</comment>
<model>wikitext</model>
<format>text/x-wiki</format>
<text bytes="834" xml:space="preserve">{{Wikipédia|lang=en}}
{{ver também|Jack}}

={{-en-}}=
==Substantivo==
'''jack'''
# [[saída]]
# [[macaco]] (equipamento para levantar grandes pesos)
# [[valete]] (carta de baralho)
# [[burro]] (animal macho)

===Expressões===
* '''[[double jack]]''': duas saídas
* '''[[triplex jack]]''': [[três]] saídas

[[Categoria:Substantivo (Inglês)]]
[[Categoria:Eletricidade (Inglês)]]

[[ca:jack]]
[[chr:jack]]
[[cs:jack]]
[[cy:jack]]
[[el:jack]]
[[en:jack]]
[[eo:jack]]
[[es:jack]]
[[et:jack]]
[[fi:jack]]
[[fr:jack]]
[[hi:jack]]
[[hu:jack]]
[[hy:jack]]
[[io:jack]]
[[it:jack]]
[[kk:jack]]
[[kn:jack]]
[[ko:jack]]
[[ku:jack]]
[[li:jack]]
[[mg:jack]]
[[ml:jack]]
[[my:jack]]
[[nl:jack]]
[[pl:jack]]
[[ro:jack]]
[[ru:jack]]
[[rw:jack]]
[[simple:jack]]
[[sv:jack]]
[[ta:jack]]
[[te:jack]]
[[uk:jack]]
[[vi:jack]]
[[wa:jack]]
[[zh:jack]]</text>
<sha1>la652vbab3hc5k0no2pc0yexipwfyrd</sha1>
</revision>
<revision>
<id>2246685</id>
<parentid>2054707</parentid>
<timestamp>2017-03-01T13:53:41Z</timestamp>
<contributor>
<username>HydrizBot</username>
<id>29590</id>
</contributor>
<minor />
<comment>Robô: A adicionar: [[no:jack]]</comment>
<model>wikitext</model>
<format>text/x-wiki</format>
<text bytes="846" xml:space="preserve">{{Wikipédia|lang=en}}
{{ver também|Jack}}

={{-en-}}=
==Substantivo==
'''jack'''
# [[saída]]
# [[macaco]] (equipamento para levantar grandes pesos)
# [[valete]] (carta de baralho)
# [[burro]] (animal macho)

===Expressões===
* '''[[double jack]]''': duas saídas
* '''[[triplex jack]]''': [[três]] saídas

[[Categoria:Substantivo (Inglês)]]
[[Categoria:Eletricidade (Inglês)]]

[[ca:jack]]
[[chr:jack]]
[[cs:jack]]
[[cy:jack]]
[[el:jack]]
[[en:jack]]
[[eo:jack]]
[[es:jack]]
[[et:jack]]
[[fi:jack]]
[[fr:jack]]
[[hi:jack]]
[[hu:jack]]
[[hy:jack]]
[[io:jack]]
[[it:jack]]
[[kk:jack]]
[[kn:jack]]
[[ko:jack]]
[[ku:jack]]
[[li:jack]]
[[mg:jack]]
[[ml:jack]]
[[my:jack]]
[[nl:jack]]
[[no:jack]]
[[pl:jack]]
[[ro:jack]]
[[ru:jack]]
[[rw:jack]]
[[simple:jack]]
[[sv:jack]]
[[ta:jack]]
[[te:jack]]
[[uk:jack]]
[[vi:jack]]
[[wa:jack]]
[[zh:jack]]</text>
<sha1>b2l6beshmitbcwnpl6hjzwgxtuc1mm0</sha1>
</revision>
<revision>
<id>2364472</id>
<parentid>2246685</parentid>
<timestamp>2017-05-03T15:32:41Z</timestamp>
<contributor>
<username>HydrizBot</username>
<id>29590</id>
</contributor>
<minor />
<comment>Robô: A limpar links interwikis antigos</comment>
<model>wikitext</model>
<format>text/x-wiki</format>
<text bytes="384" xml:space="preserve">{{Wikipédia|lang=en}}
{{ver também|Jack}}

={{-en-}}=
==Substantivo==
'''jack'''
# [[saída]]
# [[macaco]] (equipamento para levantar grandes pesos)
# [[valete]] (carta de baralho)
# [[burro]] (animal macho)

===Expressões===
* '''[[double jack]]''': duas saídas
* '''[[triplex jack]]''': [[três]] saídas

[[Categoria:Substantivo (Inglês)]]
[[Categoria:Eletricidade (Inglês)]]</text>
<sha1>6up252dseli0jhnsy79cmxcnbok17is</sha1>
</revision>
</page>
