<title>jacobita</title>
<ns>0</ns>
<id>378481</id>
<revision>
<id>2392085</id>
<timestamp>2017-05-10T05:52:09Z</timestamp>
<contributor>
<username>Askekamo</username>
<id>60711</id>
</contributor>
<comment>por Cândido de Figueiredo em DP (Domínio Público)</comment>
<model>wikitext</model>
<format>text/x-wiki</format>
<text bytes="81" xml:space="preserve">
Seita religiosa do Oriente, que teve por chefe, no século VI, o bispo de Edessa</text>
<sha1>8f7n4k15869lqleyvbxdlcz0iie20ar</sha1>
</revision>
<revision>
<id>2392123</id>
<parentid>2392085</parentid>
<timestamp>2017-05-10T05:54:02Z</timestamp>
<contributor>
<username>Askekamo</username>
<id>60711</id>
</contributor>
<model>wikitext</model>
<format>text/x-wiki</format>
<text bytes="94" xml:space="preserve">
sectário de seita religiosa do Oriente, que teve por chefe, no século VI, o bispo de Edessa</text>
<sha1>2qy3zv900136935pfwwn2zxjv3lmi71</sha1>
</revision>
<revision>
<id>2392151</id>
<parentid>2392123</parentid>
<timestamp>2017-05-10T05:56:41Z</timestamp>
<contributor>
<username>Askekamo</username>
<id>60711</id>
</contributor>
<model>wikitext</model>
<format>text/x-wiki</format>
<text bytes="197" xml:space="preserve">={{-pt-}}=
==Substantivo==
{{flex.pt|s=jacobita|p=jacobitas}}
# sectário de seita religiosa do Oriente, que teve por chefe, no século VI, o bispo de Edessa

[[Categoria:Substantivo (Português)]]</text>
<sha1>9k2h4h26t6mdhfg5r64xpvtkyu5jr98</sha1>
</revision>
<revision>
<id>2392157</id>
<parentid>2392151</parentid>
<timestamp>2017-05-10T05:59:27Z</timestamp>
<contributor>
<username>Askekamo</username>
<id>60711</id>
</contributor>
<model>wikitext</model>
<format>text/x-wiki</format>
<text bytes="245" xml:space="preserve">={{-pt-}}=
==Substantivo==
{{flex.pt|s=jacobita|p=jacobitas}}
{{paroxítona|ja|co|bi|ta}}, {{gramática|c2g}}
# sectário de seita religiosa do Oriente, que teve por chefe, no século VI, o bispo de Edessa

[[Categoria:Substantivo (Português)]]</text>
<sha1>erutej5jv0n973hkkj6aps8ihvmxut2</sha1>
</revision>
</page>
