<title>jactancia</title>
<ns>0</ns>
<id>100862</id>
<revision>
<id>393386</id>
<timestamp>2008-11-08T17:55:24Z</timestamp>
<contributor>
<username>Korant00</username>
<id>5835</id>
</contributor>
<comment>[[Ajuda:Menus e funções/Sumário de edição#Sumário de edição automático|→]] nova página: =Espanhol= ==Substantivo==  '''jac.tan.cia''' - feminino  :# Vaidade :# Arrogancia</comment>
<model>wikitext</model>
<format>text/x-wiki</format>
<text bytes="82" xml:space="preserve">=Espanhol=
==Substantivo==

'''jac.tan.cia''' - feminino

:# Vaidade
:# Arrogancia</text>
<sha1>2quyz6e30707irggm6mmmvjowm1x7hq</sha1>
</revision>
<revision>
<id>393429</id>
<parentid>393386</parentid>
<timestamp>2008-11-08T18:15:39Z</timestamp>
<contributor>
<username>Korant00</username>
<id>5835</id>
</contributor>
<model>wikitext</model>
<format>text/x-wiki</format>
<text bytes="120" xml:space="preserve">=Espanhol=
==Substantivo==

'''jac.tan.cia''' - feminino

:# Vaidade
:# Arrogancia

[[Categoria:Substantivo_(Espanhol)]]</text>
<sha1>16tlzia4hiwi9eo61vff78tmpn0sxfg</sha1>
</revision>
<revision>
<id>396624</id>
<parentid>393429</parentid>
<timestamp>2008-11-19T13:46:49Z</timestamp>
<contributor>
<username>VolkovBot</username>
<id>2944</id>
</contributor>
<minor />
<comment>Bot:  Adicionando: [[en:jactancia]], [[ru:jactancia]]</comment>
<model>wikitext</model>
<format>text/x-wiki</format>
<text bytes="155" xml:space="preserve">=Espanhol=
==Substantivo==

'''jac.tan.cia''' - feminino

:# Vaidade
:# Arrogancia

[[Categoria:Substantivo_(Espanhol)]]

[[en:jactancia]]
[[ru:jactancia]]</text>
<sha1>85cdp5y21wrvdf81equf3l57t20ik85</sha1>
</revision>
<revision>
<id>683897</id>
<parentid>396624</parentid>
<timestamp>2010-01-04T10:57:25Z</timestamp>
<contributor>
<username>ValJor</username>
<id>1358</id>
</contributor>
<comment>Por um [[Especial:Deadendpages|wikcionário com saídas]]!</comment>
<model>wikitext</model>
<format>text/x-wiki</format>
<text bytes="186" xml:space="preserve">{{ver também|jactância}}
=Espanhol=
==Substantivo==
'''jac.tan.cia''', feminino
# [[vaidade]]
# [[arrogância]]

[[Categoria:Substantivo (Espanhol)]]

[[en:jactancia]]
[[ru:jactancia]]</text>
<sha1>rvr79dqbcl9z8bykptkn6xq6isb9obp</sha1>
</revision>
<revision>
<id>996408</id>
<parentid>683897</parentid>
<timestamp>2010-12-15T01:28:52Z</timestamp>
<contributor>
<username>Luckas-bot</username>
<id>5986</id>
</contributor>
<minor />
<comment>r2.6.2) (Bot: Adicionando: [[zh:jactancia]]</comment>
<model>wikitext</model>
<format>text/x-wiki</format>
<text bytes="203" xml:space="preserve">{{ver também|jactância}}
=Espanhol=
==Substantivo==
'''jac.tan.cia''', feminino
# [[vaidade]]
# [[arrogância]]

[[Categoria:Substantivo (Espanhol)]]

[[en:jactancia]]
[[ru:jactancia]]
[[zh:jactancia]]</text>
<sha1>4b27jagf36yicooihytym65mvzvrrqk</sha1>
</revision>
<revision>
<id>1045111</id>
<parentid>996408</parentid>
<timestamp>2011-03-14T22:34:21Z</timestamp>
<contributor>
<username>Luckas-bot</username>
<id>5986</id>
</contributor>
<minor />
<comment>r2.7.1) (Bot: Adicionando: [[es:jactancia]]</comment>
<model>wikitext</model>
<format>text/x-wiki</format>
<text bytes="220" xml:space="preserve">{{ver também|jactância}}
=Espanhol=
==Substantivo==
'''jac.tan.cia''', feminino
# [[vaidade]]
# [[arrogância]]

[[Categoria:Substantivo (Espanhol)]]

[[en:jactancia]]
[[es:jactancia]]
[[ru:jactancia]]
[[zh:jactancia]]</text>
<sha1>jef7e05ibixcazj9x33el3ycrli9y5g</sha1>
</revision>
<revision>
<id>1227883</id>
<parentid>1045111</parentid>
<timestamp>2011-07-17T19:05:22Z</timestamp>
<contributor>
<username>MalafayaBot</username>
<id>628</id>
</contributor>
<minor />
<comment>Robô: Substituição de texto automática (-=(\s*?)Espanhol(\s*?)= +={{-es-}}=, -=(\s*?)\{\{es\}\}(\s*?)= +={{-es-}}=)</comment>
<model>wikitext</model>
<format>text/x-wiki</format>
<text bytes="220" xml:space="preserve">{{ver também|jactância}}
={{-es-}}=
==Substantivo==
'''jac.tan.cia''', feminino
# [[vaidade]]
# [[arrogância]]

[[Categoria:Substantivo (Espanhol)]]

[[en:jactancia]]
[[es:jactancia]]
[[ru:jactancia]]
[[zh:jactancia]]</text>
<sha1>5znwjubllt3yyqnu799l2p1c6o84tgl</sha1>
</revision>
<revision>
<id>1337438</id>
<parentid>1227883</parentid>
<timestamp>2011-12-17T08:05:45Z</timestamp>
<contributor>
<username>KamikazeBot</username>
<id>23176</id>
</contributor>
<minor />
<comment>r2.7.1) (Robô: A adicionar: [[ko:jactancia]]</comment>
<model>wikitext</model>
<format>text/x-wiki</format>
<text bytes="237" xml:space="preserve">{{ver também|jactância}}
={{-es-}}=
==Substantivo==
'''jac.tan.cia''', feminino
# [[vaidade]]
# [[arrogância]]

[[Categoria:Substantivo (Espanhol)]]

[[en:jactancia]]
[[es:jactancia]]
[[ko:jactancia]]
[[ru:jactancia]]
[[zh:jactancia]]</text>
<sha1>8ilhv95h3k5k3t09rpb3tff7w2eyzvn</sha1>
</revision>
<revision>
<id>1394027</id>
<parentid>1337438</parentid>
<timestamp>2012-03-31T07:55:32Z</timestamp>
<contributor>
<username>Luckas-bot</username>
<id>5986</id>
</contributor>
<minor />
<comment>r2.7.1) (Robô: A adicionar: [[fi:jactancia]]</comment>
<model>wikitext</model>
<format>text/x-wiki</format>
<text bytes="254" xml:space="preserve">{{ver também|jactância}}
={{-es-}}=
==Substantivo==
'''jac.tan.cia''', feminino
# [[vaidade]]
# [[arrogância]]

[[Categoria:Substantivo (Espanhol)]]

[[en:jactancia]]
[[es:jactancia]]
[[fi:jactancia]]
[[ko:jactancia]]
[[ru:jactancia]]
[[zh:jactancia]]</text>
<sha1>8qazd8xuem06rztcggxg92b8h2lqtjm</sha1>
</revision>
<revision>
<id>1975300</id>
<parentid>1394027</parentid>
<timestamp>2015-07-30T22:33:16Z</timestamp>
<contributor>
<username>HydrizBot</username>
<id>29590</id>
</contributor>
<minor />
<comment>Robô: A adicionar: [[fr:jactancia]], [[mg:jactancia]]</comment>
<model>wikitext</model>
<format>text/x-wiki</format>
<text bytes="288" xml:space="preserve">{{ver também|jactância}}
={{-es-}}=
==Substantivo==
'''jac.tan.cia''', feminino
# [[vaidade]]
# [[arrogância]]

[[Categoria:Substantivo (Espanhol)]]

[[en:jactancia]]
[[es:jactancia]]
[[fi:jactancia]]
[[fr:jactancia]]
[[ko:jactancia]]
[[mg:jactancia]]
[[ru:jactancia]]
[[zh:jactancia]]</text>
<sha1>cdlocmuoluf4auodtuvoev305tflfqa</sha1>
</revision>
<revision>
<id>2043624</id>
<parentid>1975300</parentid>
<timestamp>2015-12-03T02:55:42Z</timestamp>
<contributor>
<username>HydrizBot</username>
<id>29590</id>
</contributor>
<minor />
<comment>Robô: A adicionar: [[nl:jactancia]]</comment>
<model>wikitext</model>
<format>text/x-wiki</format>
<text bytes="305" xml:space="preserve">{{ver também|jactância}}
={{-es-}}=
==Substantivo==
'''jac.tan.cia''', feminino
# [[vaidade]]
# [[arrogância]]

[[Categoria:Substantivo (Espanhol)]]

[[en:jactancia]]
[[es:jactancia]]
[[fi:jactancia]]
[[fr:jactancia]]
[[ko:jactancia]]
[[mg:jactancia]]
[[nl:jactancia]]
[[ru:jactancia]]
[[zh:jactancia]]</text>
<sha1>ptvh2pteyacdqmkqv6htp8bm1l32e6n</sha1>
</revision>
<revision>
<id>2050703</id>
<parentid>2043624</parentid>
<timestamp>2015-12-23T23:08:48Z</timestamp>
<contributor>
<username>HydrizBot</username>
<id>29590</id>
</contributor>
<minor />
<comment>Robô: A adicionar: [[io:jactancia]]</comment>
<model>wikitext</model>
<format>text/x-wiki</format>
<text bytes="322" xml:space="preserve">{{ver também|jactância}}
={{-es-}}=
==Substantivo==
'''jac.tan.cia''', feminino
# [[vaidade]]
# [[arrogância]]

[[Categoria:Substantivo (Espanhol)]]

[[en:jactancia]]
[[es:jactancia]]
[[fi:jactancia]]
[[fr:jactancia]]
[[io:jactancia]]
[[ko:jactancia]]
[[mg:jactancia]]
[[nl:jactancia]]
[[ru:jactancia]]
[[zh:jactancia]]</text>
<sha1>723tjl7k59gityimtj9p7lnp7gjk58h</sha1>
</revision>
<revision>
<id>2364479</id>
<parentid>2050703</parentid>
<timestamp>2017-05-03T15:33:06Z</timestamp>
<contributor>
<username>HydrizBot</username>
<id>29590</id>
</contributor>
<minor />
<comment>Robô: A limpar links interwikis antigos</comment>
<model>wikitext</model>
<format>text/x-wiki</format>
<text bytes="151" xml:space="preserve">{{ver também|jactância}}
={{-es-}}=
==Substantivo==
'''jac.tan.cia''', feminino
# [[vaidade]]
# [[arrogância]]

[[Categoria:Substantivo (Espanhol)]]</text>
<sha1>ei23myt8icc1qzk9dlbcqzvpd4vv27g</sha1>
</revision>
</page>
