<title>jacto</title>
<ns>0</ns>
<id>9656</id>
<revision>
<id>33666</id>
<timestamp>2005-08-09T13:09:56Z</timestamp>
<contributor>
<username>Jtlopes</username>
<id>279</id>
</contributor>
<model>wikitext</model>
<format>text/x-wiki</format>
<text bytes="204" xml:space="preserve">{{GrafiaPtpt|jato}}
{{-pt-}}
==Substantivo== '''Jac.to''' ''masculino''
#Acto de lançar ou de arremessar;
#Saída impetuosa; jorro;
#[[Avião]] a jacto;
#Impeto.
{{*|Substantivo_(Português)}}</text>
<sha1>0k2521r3ybm2nh1jvv4b82fbgear0pn</sha1>
</revision>
<revision>
<id>83482</id>
<parentid>33666</parentid>
<timestamp>2006-02-23T00:53:34Z</timestamp>
<contributor>
<username>Conversion script</username>
<id>0</id>
</contributor>
<minor />
<comment>[[Jacto]] movido para [[jacto]]: Converting page titles to lowercase</comment>
<model>wikitext</model>
<format>text/x-wiki</format>
<text bytes="204" xml:space="preserve">{{GrafiaPtpt|jato}}
{{-pt-}}
==Substantivo== '''Jac.to''' ''masculino''
#Acto de lançar ou de arremessar;
#Saída impetuosa; jorro;
#[[Avião]] a jacto;
#Impeto.
{{*|Substantivo_(Português)}}</text>
<sha1>0k2521r3ybm2nh1jvv4b82fbgear0pn</sha1>
</revision>
<revision>
<id>551447</id>
<parentid>83482</parentid>
<timestamp>2009-09-30T16:20:09Z</timestamp>
<contributor>
<username>Interwicket</username>
<id>6868</id>
</contributor>
<minor />
<comment>iwiki +[[:fr:jacto]]</comment>
<model>wikitext</model>
<format>text/x-wiki</format>
<text bytes="218" xml:space="preserve">{{GrafiaPtpt|jato}}
{{-pt-}}
==Substantivo== '''Jac.to''' ''masculino''
#Acto de lançar ou de arremessar;
#Saída impetuosa; jorro;
#[[Avião]] a jacto;
#Impeto.
{{*|Substantivo_(Português)}}

[[fr:jacto]]</text>
<sha1>ket81amqeara3tf3puacf5i6uisj32e</sha1>
</revision>
<revision>
<id>575417</id>
<parentid>551447</parentid>
<timestamp>2009-10-23T16:12:14Z</timestamp>
<contributor>
<username>Jesielt-bot</username>
<id>10876</id>
</contributor>
<comment>clean up, Replaced: {{-pt-}} → ={{pt}}=, {{*|Substantivo_(Português)}} → [[Categoria:Substantivo (Português)]], utilizando [[Project:AutoWikiBrowser|AWB]]</comment>
<model>wikitext</model>
<format>text/x-wiki</format>
<text bytes="226" xml:space="preserve">{{GrafiaPtpt|jato}}
={{pt}}=
==Substantivo== '''Jac.to''' ''masculino''
#Acto de lançar ou de arremessar;
#Saída impetuosa; jorro;
#[[Avião]] a jacto;
#Impeto.
[[Categoria:Substantivo (Português)]]

[[fr:jacto]]</text>
<sha1>h93412heynu4l26w536fvz128c5eyde</sha1>
</revision>
<revision>
<id>875904</id>
<parentid>575417</parentid>
<timestamp>2010-05-11T18:46:08Z</timestamp>
<contributor>
<username>Luis Gabriel Moraes Dias</username>
<id>11628</id>
</contributor>
<model>wikitext</model>
<format>text/x-wiki</format>
<text bytes="214" xml:space="preserve">{{GrafiaPtpt|jato}}
={{pt}}=
==Substantivo==
''masculino''
#Acto de lançar ou de arremessar;
#Saída impetuosa; jorro;
#[[Avião]] a jacto;
#Impeto.
[[Categoria:Substantivo (Português)]]

[[fr:jacto]]</text>
<sha1>ln4iy6z6y6uvqfkaw1dzp53lc79dfre</sha1>
</revision>
<revision>
<id>895088</id>
<parentid>875904</parentid>
<timestamp>2010-06-08T04:24:05Z</timestamp>
<contributor>
<username>Interwicket</username>
<id>6868</id>
</contributor>
<minor />
<comment>iwiki +[[:ru:jacto]]</comment>
<model>wikitext</model>
<format>text/x-wiki</format>
<text bytes="227" xml:space="preserve">{{GrafiaPtpt|jato}}
={{pt}}=
==Substantivo==
''masculino''
#Acto de lançar ou de arremessar;
#Saída impetuosa; jorro;
#[[Avião]] a jacto;
#Impeto.
[[Categoria:Substantivo (Português)]]

[[fr:jacto]]
[[ru:jacto]]</text>
<sha1>fqwsx7snw1z0bopbwrn1ug6xzfbmdzj</sha1>
</revision>
<revision>
<id>901664</id>
<parentid>895088</parentid>
<timestamp>2010-06-16T13:03:08Z</timestamp>
<contributor>
<username>Interwicket</username>
<id>6868</id>
</contributor>
<minor />
<comment>iwiki +[[:es:jacto]]</comment>
<model>wikitext</model>
<format>text/x-wiki</format>
<text bytes="240" xml:space="preserve">{{GrafiaPtpt|jato}}
={{pt}}=
==Substantivo==
''masculino''
#Acto de lançar ou de arremessar;
#Saída impetuosa; jorro;
#[[Avião]] a jacto;
#Impeto.
[[Categoria:Substantivo (Português)]]

[[es:jacto]]
[[fr:jacto]]
[[ru:jacto]]</text>
<sha1>1nsiflv8q8gkhxmqfls46vdbk8i4mt9</sha1>
</revision>
<revision>
<id>1068400</id>
<parentid>901664</parentid>
<timestamp>2011-04-23T12:08:50Z</timestamp>
<contributor>
<username>Luckas-bot</username>
<id>5986</id>
</contributor>
<minor />
<comment>r2.7.1) (Bot: Adicionando: [[en:jacto]]</comment>
<model>wikitext</model>
<format>text/x-wiki</format>
<text bytes="253" xml:space="preserve">{{GrafiaPtpt|jato}}
={{pt}}=
==Substantivo==
''masculino''
#Acto de lançar ou de arremessar;
#Saída impetuosa; jorro;
#[[Avião]] a jacto;
#Impeto.
[[Categoria:Substantivo (Português)]]

[[en:jacto]]
[[es:jacto]]
[[fr:jacto]]
[[ru:jacto]]</text>
<sha1>df7umvuqfm97gk8r5ofju32qemxbpft</sha1>
</revision>
<revision>
<id>1069230</id>
<parentid>1068400</parentid>
<timestamp>2011-04-26T10:25:15Z</timestamp>
<contributor>
<username>ValJor</username>
<id>1358</id>
</contributor>
<comment>Desfazendo link para [[Avião]] para poder deletar o redirecionamento para minúscula</comment>
<model>wikitext</model>
<format>text/x-wiki</format>
<text bytes="321" xml:space="preserve">{{GrafiaPtpt|jato}}

=Português=
==Substantivo==
{{flex.pt|ms=jacto|mp=jactos}}
{{paroxítona||jac|to}}
# ato de [[lançar]] ou de [[arremessar]]
# [[saída]] [[impetuoso|impetuosa]]; [[jorro]]
# [[avião]] a jato
# [[ímpeto]]

[[Categoria:Substantivo (Português)]]

[[en:jacto]]
[[es:jacto]]
[[fr:jacto]]
[[ru:jacto]]</text>
<sha1>on7rxufn4or4buq9fxqr55455uqgsrl</sha1>
</revision>
<revision>
<id>1207841</id>
<parentid>1069230</parentid>
<timestamp>2011-07-10T03:47:34Z</timestamp>
<contributor>
<username>MalafayaBot</username>
<id>628</id>
</contributor>
<minor />
<comment>Robô: Substituição de texto automática (-^\=\s?Português\s?\= +={{-pt-}}= &amp; -^\=\s?\{\{pt\}\}\s?\= +={{-pt-}}=)</comment>
<model>wikitext</model>
<format>text/x-wiki</format>
<text bytes="319" xml:space="preserve">{{GrafiaPtpt|jato}}

={{-pt-}}=
==Substantivo==
{{flex.pt|ms=jacto|mp=jactos}}
{{paroxítona||jac|to}}
# ato de [[lançar]] ou de [[arremessar]]
# [[saída]] [[impetuoso|impetuosa]]; [[jorro]]
# [[avião]] a jato
# [[ímpeto]]

[[Categoria:Substantivo (Português)]]

[[en:jacto]]
[[es:jacto]]
[[fr:jacto]]
[[ru:jacto]]</text>
<sha1>2unu2pexuvq2thsvm57cjv5hkb6avh8</sha1>
</revision>
<revision>
<id>1247765</id>
<parentid>1207841</parentid>
<timestamp>2011-09-15T16:24:12Z</timestamp>
<contributor>
<username>ValJor</username>
<id>1358</id>
</contributor>
<minor />
<comment>Melhorando a apresentação do verbete</comment>
<model>wikitext</model>
<format>text/x-wiki</format>
<text bytes="318" xml:space="preserve">{{GrafiaPtpt|jato}}

={{-pt-}}=
==Substantivo==
{{flex.pt|ms=jacto|mp=jactos}}
{{paroxítona|jac|to}}
# ato de [[lançar]] ou de [[arremessar]]
# [[saída]] [[impetuoso|impetuosa]]; [[jorro]]
# [[avião]] a jato
# [[ímpeto]]

[[Categoria:Substantivo (Português)]]

[[en:jacto]]
[[es:jacto]]
[[fr:jacto]]
[[ru:jacto]]</text>
<sha1>6xare95svsqilc93vxj572pb14hkj0g</sha1>
</revision>
<revision>
<id>1248993</id>
<parentid>1247765</parentid>
<timestamp>2011-09-19T18:32:54Z</timestamp>
<contributor>
<username>Luis Gabriel Moraes Dias</username>
<id>11628</id>
</contributor>
<model>wikitext</model>
<format>text/x-wiki</format>
<text bytes="411" xml:space="preserve">={{-pt-}}=
'''&lt;small&gt;(Vocábulo com dupla grafia: [[jato]])&lt;/small&gt;'''
==Substantivo==
{{flex.pt|ms=jacto|mp=jactos}}
{{paroxítona|jac|to}}
# ato de [[lançar]] ou de [[arremessar]]
# [[saída]] [[impetuoso|impetuosa]]; [[jorro]]
# [[avião]] a jato
# [[ímpeto]]

[[Categoria:Substantivo (Português)]]
[[Categoria:Vocábulo com dupla grafia (Português)]]

[[en:jacto]]
[[es:jacto]]
[[fr:jacto]]
[[ru:jacto]]</text>
<sha1>jha5e8q4533uh7que9bwo1553nf63iw</sha1>
</revision>
<revision>
<id>1400619</id>
<parentid>1248993</parentid>
<timestamp>2012-04-19T16:25:59Z</timestamp>
<contributor>
<username>Jorge Messe</username>
<id>29509</id>
</contributor>
<comment>AFI</comment>
<model>wikitext</model>
<format>text/x-wiki</format>
<text bytes="443" xml:space="preserve">={{-pt-}}=
'''&lt;small&gt;(Vocábulo com dupla grafia: [[jato]])&lt;/small&gt;'''
==Substantivo==
{{flex.pt|ms=jacto|mp=jactos}}
{{paroxítona|jac|to}}
# ato de [[lançar]] ou de [[arremessar]]
# [[saída]] [[impetuoso|impetuosa]]; [[jorro]]
# [[avião]] a jato
# [[ímpeto]]

==Pronúncia==
:AFI: [ˈʒatu]

[[Categoria:Substantivo (Português)]]
[[Categoria:Vocábulo com dupla grafia (Português)]]

[[en:jacto]]
[[es:jacto]]
[[fr:jacto]]
[[ru:jacto]]</text>
<sha1>9bcyyh0ah65a5qkrhrt8fi931otx0gx</sha1>
</revision>
<revision>
<id>1608678</id>
<parentid>1400619</parentid>
<timestamp>2013-01-20T12:53:00Z</timestamp>
<contributor>
<username>MalafayaBot</username>
<id>628</id>
</contributor>
<minor />
<comment>Robô: A modificar Categoria:Vocábulo com dupla grafia (Português) para Categoria:Entrada com dupla grafia (Português)</comment>
<model>wikitext</model>
<format>text/x-wiki</format>
<text bytes="441" xml:space="preserve">={{-pt-}}=
'''&lt;small&gt;(Vocábulo com dupla grafia: [[jato]])&lt;/small&gt;'''
==Substantivo==
{{flex.pt|ms=jacto|mp=jactos}}
{{paroxítona|jac|to}}
# ato de [[lançar]] ou de [[arremessar]]
# [[saída]] [[impetuoso|impetuosa]]; [[jorro]]
# [[avião]] a jato
# [[ímpeto]]

==Pronúncia==
:AFI: [ˈʒatu]

[[Categoria:Substantivo (Português)]]
[[Categoria:Entrada com dupla grafia (Português)]]

[[en:jacto]]
[[es:jacto]]
[[fr:jacto]]
[[ru:jacto]]</text>
<sha1>gvlxrje67wlmmyp8rvlcphhp3v0hs63</sha1>
</revision>
<revision>
<id>2180125</id>
<parentid>1608678</parentid>
<timestamp>2016-10-07T12:48:26Z</timestamp>
<contributor>
<username>UT-interwiki-Bot</username>
<id>56129</id>
</contributor>
<minor />
<comment>Robô: A adicionar: [[ca:jacto]]</comment>
<model>wikitext</model>
<format>text/x-wiki</format>
<text bytes="454" xml:space="preserve">={{-pt-}}=
'''&lt;small&gt;(Vocábulo com dupla grafia: [[jato]])&lt;/small&gt;'''
==Substantivo==
{{flex.pt|ms=jacto|mp=jactos}}
{{paroxítona|jac|to}}
# ato de [[lançar]] ou de [[arremessar]]
# [[saída]] [[impetuoso|impetuosa]]; [[jorro]]
# [[avião]] a jato
# [[ímpeto]]

==Pronúncia==
:AFI: [ˈʒatu]

[[Categoria:Substantivo (Português)]]
[[Categoria:Entrada com dupla grafia (Português)]]

[[ca:jacto]]
[[en:jacto]]
[[es:jacto]]
[[fr:jacto]]
[[ru:jacto]]</text>
<sha1>3s687ux4qoua4txlipsl2j6zphkg83v</sha1>
</revision>
<revision>
<id>2364481</id>
<parentid>2180125</parentid>
<timestamp>2017-05-03T15:33:13Z</timestamp>
<contributor>
<username>HydrizBot</username>
<id>29590</id>
</contributor>
<minor />
<comment>Robô: A limpar links interwikis antigos</comment>
<model>wikitext</model>
<format>text/x-wiki</format>
<text bytes="388" xml:space="preserve">={{-pt-}}=
'''&lt;small&gt;(Vocábulo com dupla grafia: [[jato]])&lt;/small&gt;'''
==Substantivo==
{{flex.pt|ms=jacto|mp=jactos}}
{{paroxítona|jac|to}}
# ato de [[lançar]] ou de [[arremessar]]
# [[saída]] [[impetuoso|impetuosa]]; [[jorro]]
# [[avião]] a jato
# [[ímpeto]]

==Pronúncia==
:AFI: [ˈʒatu]

[[Categoria:Substantivo (Português)]]
[[Categoria:Entrada com dupla grafia (Português)]]</text>
<sha1>ix7hqhco4gthhhq96sah4k60ctzavkm</sha1>
</revision>
</page>
