<title>jactância</title>
<ns>0</ns>
<id>66953</id>
<revision>
<id>265573</id>
<timestamp>2007-05-23T21:41:19Z</timestamp>
<contributor>
<username>Diabo e Santo</username>
<id>1867</id>
</contributor>
<comment>[[Ajuda:Menus e funções/Sumário de edição#Sumário de edição automático|→]] nova página: =Português= [[Categoria:Substantivo (Português)]] ==Substantivo== '''jactância''' ''substantivo...</comment>
<model>wikitext</model>
<format>text/x-wiki</format>
<text bytes="153" xml:space="preserve">=Português=
[[Categoria:Substantivo (Português)]]
==Substantivo==
'''jactância''' ''substantivo feminino ''
# [[vaidade]]
# [[bazófia]]
# [[altivez]]</text>
<sha1>b9sgs4488w87bcnhynotq0htf9y796a</sha1>
</revision>
<revision>
<id>315433</id>
<parentid>265573</parentid>
<timestamp>2007-12-07T17:24:20Z</timestamp>
<contributor>
<username>Marcot</username>
<id>3079</id>
</contributor>
<comment>/* Português */ Exemplo</comment>
<model>wikitext</model>
<format>text/x-wiki</format>
<text bytes="631" xml:space="preserve">=Português=
[[Categoria:Trissílabo (Português)]]
[[Categoria:Paroxítona (Português)]]
[[Categoria:Substantivo (Português)]]
==Substantivo==
{{flex.pt.feminino|jac.&lt;u&gt;tân&lt;/u&gt;.cia|jac.&lt;u&gt;tân&lt;/u&gt;.cias}}
'''jac.&lt;u&gt;tân&lt;/u&gt;.cia''' ''substantivo feminino''
# [[vaidade]]
#* '''2002'''.  ARISTÓTELES.  ''Ética a Nicômaco''.  Tradução de Pietro Nassetti. São Paulo: Martin Claret, 2002.  1108a20.
#*: Com referência à verdade, o intermediário é a pessoa veraz, e o meio‐termo podemos chamar vercidade; o exagero é a '''jactância''', e pessoa caracterizada por esse hábito é jactanciosa;
# [[bazófia]]
# [[altivez]]</text>
<sha1>09vqiis8wba9qolk4bzkgxahn56eagz</sha1>
</revision>
<revision>
<id>829670</id>
<parentid>315433</parentid>
<timestamp>2010-03-09T21:09:10Z</timestamp>
<contributor>
<ip>189.83.166.132</ip>
</contributor>
<comment>/* Substantivo */</comment>
<model>wikitext</model>
<format>text/x-wiki</format>
<text bytes="713" xml:space="preserve">=Português=
[[Categoria:Trissílabo (Português)]]
[[Categoria:Paroxítona (Português)]]
[[Categoria:Substantivo (Português)]]
==Substantivo==
{{flex.pt.feminino|jac.&lt;u&gt;tân&lt;/u&gt;.cia|jac.&lt;u&gt;tân&lt;/u&gt;.cias}}
'''jac.&lt;u&gt;tân&lt;/u&gt;.cia''' ''substantivo feminino''
# [[vaidade]]
#* '''2002'''.  ARISTÓTELES.  ''Ética a Nicômaco''.  Tradução de Pietro Nassetti. São Paulo: Martin Claret, 2002.  1108a20.
#*: Com referência à verdade, o intermediário é a pessoa veraz, e o meio‐termo podemos chamar vercidade; o exagero é a '''jactância''', e pessoa caracterizada por esse hábito é jactanciosa;
# [[bazófia]]
# [[altivez]]
''''''Texto a negrito'''''''''Texto a negrito'''''''''Texto a negrito''''''''''''</text>
<sha1>3eajp5rl4dmxizkrmtb3qw3xpj72pyz</sha1>
</revision>
<revision>
<id>829672</id>
<parentid>829670</parentid>
<timestamp>2010-03-09T21:14:19Z</timestamp>
<contributor>
<username>Malafaya</username>
<id>313</id>
</contributor>
<comment>Desfeita a edição 829670 de 189.83.166.132 ([[Usuário Discussão:189.83.166.132|discussão]] | [[Special:Contributions/189.83.166.132|contribuições]])</comment>
<model>wikitext</model>
<format>text/x-wiki</format>
<text bytes="553" xml:space="preserve">=Português=
==Substantivo==
{{flex.pt.feminino|jac.&lt;u&gt;tân&lt;/u&gt;.ci:a|jac.&lt;u&gt;tân&lt;/u&gt;.ci:as}}
{{proparoxítona aparente|jac|tân|ci|a}} {{f}}
# [[vaidade]]
#* '''2002'''.  ARISTÓTELES.  ''Ética a Nicômaco''.  Tradução de Pietro Nassetti. São Paulo: Martin Claret, 2002.  1108a20.
#*: Com referência à verdade, o intermediário é a pessoa veraz, e o meio‐termo podemos chamar vercidade; o exagero é a '''jactância''', e pessoa caracterizada por esse hábito é jactanciosa;
# [[bazófia]]
# [[altivez]]

[[Categoria:Substantivo (Português)]]</text>
<sha1>q4vs5ns9g7v9kzotnaer8pgu238bmif</sha1>
</revision>
<revision>
<id>996407</id>
<parentid>829672</parentid>
<timestamp>2010-12-15T01:28:43Z</timestamp>
<contributor>
<username>Luckas-bot</username>
<id>5986</id>
</contributor>
<minor />
<comment>r2.6.2) (Bot: Adicionando: [[zh:jactância]]</comment>
<model>wikitext</model>
<format>text/x-wiki</format>
<text bytes="572" xml:space="preserve">=Português=
==Substantivo==
{{flex.pt.feminino|jac.&lt;u&gt;tân&lt;/u&gt;.ci:a|jac.&lt;u&gt;tân&lt;/u&gt;.ci:as}}
{{proparoxítona aparente|jac|tân|ci|a}} {{f}}
# [[vaidade]]
#* '''2002'''.  ARISTÓTELES.  ''Ética a Nicômaco''.  Tradução de Pietro Nassetti. São Paulo: Martin Claret, 2002.  1108a20.
#*: Com referência à verdade, o intermediário é a pessoa veraz, e o meio‐termo podemos chamar vercidade; o exagero é a '''jactância''', e pessoa caracterizada por esse hábito é jactanciosa;
# [[bazófia]]
# [[altivez]]

[[Categoria:Substantivo (Português)]]

[[zh:jactância]]</text>
<sha1>5ezqdgiuesyb1c49b72jk9f1a2ja9wh</sha1>
</revision>
<revision>
<id>1207842</id>
<parentid>996407</parentid>
<timestamp>2011-07-10T03:47:35Z</timestamp>
<contributor>
<username>MalafayaBot</username>
<id>628</id>
</contributor>
<minor />
<comment>Robô: Substituição de texto automática (-^\=\s?Português\s?\= +={{-pt-}}= &amp; -^\=\s?\{\{pt\}\}\s?\= +={{-pt-}}=)</comment>
<model>wikitext</model>
<format>text/x-wiki</format>
<text bytes="570" xml:space="preserve">={{-pt-}}=
==Substantivo==
{{flex.pt.feminino|jac.&lt;u&gt;tân&lt;/u&gt;.ci:a|jac.&lt;u&gt;tân&lt;/u&gt;.ci:as}}
{{proparoxítona aparente|jac|tân|ci|a}} {{f}}
# [[vaidade]]
#* '''2002'''.  ARISTÓTELES.  ''Ética a Nicômaco''.  Tradução de Pietro Nassetti. São Paulo: Martin Claret, 2002.  1108a20.
#*: Com referência à verdade, o intermediário é a pessoa veraz, e o meio‐termo podemos chamar vercidade; o exagero é a '''jactância''', e pessoa caracterizada por esse hábito é jactanciosa;
# [[bazófia]]
# [[altivez]]

[[Categoria:Substantivo (Português)]]

[[zh:jactância]]</text>
<sha1>6d0dee3m4qbk0oq5xv9bpwkdjb3ngz9</sha1>
</revision>
<revision>
<id>1990359</id>
<parentid>1207842</parentid>
<timestamp>2015-08-29T10:50:55Z</timestamp>
<contributor>
<username>HydrizBot</username>
<id>29590</id>
</contributor>
<minor />
<comment>Robô: A adicionar: [[ru:jactância]]</comment>
<model>wikitext</model>
<format>text/x-wiki</format>
<text bytes="588" xml:space="preserve">={{-pt-}}=
==Substantivo==
{{flex.pt.feminino|jac.&lt;u&gt;tân&lt;/u&gt;.ci:a|jac.&lt;u&gt;tân&lt;/u&gt;.ci:as}}
{{proparoxítona aparente|jac|tân|ci|a}} {{f}}
# [[vaidade]]
#* '''2002'''.  ARISTÓTELES.  ''Ética a Nicômaco''.  Tradução de Pietro Nassetti. São Paulo: Martin Claret, 2002.  1108a20.
#*: Com referência à verdade, o intermediário é a pessoa veraz, e o meio‐termo podemos chamar vercidade; o exagero é a '''jactância''', e pessoa caracterizada por esse hábito é jactanciosa;
# [[bazófia]]
# [[altivez]]

[[Categoria:Substantivo (Português)]]

[[ru:jactância]]
[[zh:jactância]]</text>
<sha1>lq93uddbx1zhokl9t9ytaiuzzuiw3pl</sha1>
</revision>
<revision>
<id>2133273</id>
<parentid>1990359</parentid>
<timestamp>2016-06-09T10:15:52Z</timestamp>
<contributor>
<username>ValJor</username>
<id>1358</id>
</contributor>
<comment>Um verbete a menos usando a [[Predefinição:flex.pt.feminino|predefinição flex.pt.feminino]]</comment>
<model>wikitext</model>
<format>text/x-wiki</format>
<text bytes="566" xml:space="preserve">={{-pt-}}=
==Substantivo==
{{flex.pt|fs=jactância|fp=jactâncias}}
{{proparoxítona aparente|jac|tân|ci|a}}, {{f}}
# [[vaidade]]
#* '''2002'''.  ARISTÓTELES.  ''Ética a Nicômaco''.  Tradução de Pietro Nassetti. São Paulo: Martin Claret, 2002.  1108a20.
#*: Com referência à verdade, o intermediário é a pessoa veraz, e o meio‐termo podemos chamar vercidade; o exagero é a '''jactância''', e pessoa caracterizada por esse hábito é jactanciosa;
# [[bazófia]]
# [[altivez]]

[[Categoria:Substantivo (Português)]]

[[ru:jactância]]
[[zh:jactância]]</text>
<sha1>e14j59lxjadu7fgr2tsra9wx46fs241</sha1>
</revision>
<revision>
<id>2364483</id>
<parentid>2133273</parentid>
<timestamp>2017-05-03T15:33:17Z</timestamp>
<contributor>
<username>HydrizBot</username>
<id>29590</id>
</contributor>
<minor />
<comment>Robô: A limpar links interwikis antigos</comment>
<model>wikitext</model>
<format>text/x-wiki</format>
<text bytes="529" xml:space="preserve">={{-pt-}}=
==Substantivo==
{{flex.pt|fs=jactância|fp=jactâncias}}
{{proparoxítona aparente|jac|tân|ci|a}}, {{f}}
# [[vaidade]]
#* '''2002'''.  ARISTÓTELES.  ''Ética a Nicômaco''.  Tradução de Pietro Nassetti. São Paulo: Martin Claret, 2002.  1108a20.
#*: Com referência à verdade, o intermediário é a pessoa veraz, e o meio‐termo podemos chamar vercidade; o exagero é a '''jactância''', e pessoa caracterizada por esse hábito é jactanciosa;
# [[bazófia]]
# [[altivez]]

[[Categoria:Substantivo (Português)]]</text>
<sha1>3xoo5gupvfzplgw1c8zd9rf0b1m6gun</sha1>
</revision>
<revision>
<id>2521201</id>
<parentid>2364483</parentid>
<timestamp>2018-10-04T09:35:56Z</timestamp>
<contributor>
<username>ValJor</username>
<id>1358</id>
</contributor>
<comment>Eliminando [[iactatio]] da lista de [[Especial:Lonelypages|órfãos]]</comment>
<model>wikitext</model>
<format>text/x-wiki</format>
<text bytes="1189" xml:space="preserve">={{-pt-}}=
==Substantivo==
{{flex.pt|fs=jactância|fp=jactâncias}}
{{proparoxítona aparente|jac|tân|ci|a}}, {{gramática|f}}
# [[vaidade]]
#* '''2002'''.  ARISTÓTELES.  ''Ética a Nicômaco''.  Tradução de Pietro Nassetti. São Paulo: Martin Claret, 2002.  1108a20.
#*: Com referência à verdade, o intermediário é a pessoa veraz, e o meio‐termo podemos chamar vercidade; o exagero é a '''jactância''', e pessoa caracterizada por esse hábito é jactanciosa;
# [[bazófia]]
# [[altivez]]

===Tradução===
{{tradini}}
* {{trad|fr|jactance}}
* {{trad|nl|verwaandheid}}
* {{trad|en|vainglory|boasting}}
{{tradmeio}}
* {{trad|it|iattanza}}
* {{trad|la|iactatio}}
* {{trad|ru|хвастливость}}
{{tradfim}}

=={{etimologia|pt}}==
{{llietimo|la|jactantia|pt}}

==Ligações externas==
* {{Aulete}}
* [http://michaelis.uol.com.br/busca?r=0&amp;f=0&amp;t=0&amp;palavra=jact%C3%A2ncia “jactância”], in Trevisan, R. (coord.); Weiszflog, W. (ed.). Michaelis: Moderno Dicionário da Língua Portuguesa. São Paulo: Melhoramentos, 2012 (nova ortografia). ISBN 978-85-06-06953-0
* {{DicioAberto}}
* {{DPLP}}
* {{Infopédia}}
* {{PLP}}
* {{VOLPABL}}

[[Categoria:Substantivo (Português)]]</text>
<sha1>9puqyjugjk6oi1yloke6yex0ermtz9w</sha1>
</revision>
<revision>
<id>2622251</id>
<parentid>2521201</parentid>
<timestamp>2021-02-02T02:36:20Z</timestamp>
<contributor>
<username>MarxavBot</username>
<id>80155</id>
</contributor>
<minor />
<comment>AFI Portugal</comment>
<model>wikitext</model>
<format>text/x-wiki</format>
<text bytes="1263" xml:space="preserve">={{-pt-}}=
==Substantivo==
{{flex.pt|fs=jactância|fp=jactâncias}}
{{proparoxítona aparente|jac|tân|ci|a}}, {{gramática|f}}
# [[vaidade]]
#* '''2002'''.  ARISTÓTELES.  ''Ética a Nicômaco''.  Tradução de Pietro Nassetti. São Paulo: Martin Claret, 2002.  1108a20.
#*: Com referência à verdade, o intermediário é a pessoa veraz, e o meio‐termo podemos chamar vercidade; o exagero é a '''jactância''', e pessoa caracterizada por esse hábito é jactanciosa;
# [[bazófia]]
# [[altivez]]

===Tradução===
{{tradini}}
* {{trad|fr|jactance}}
* {{trad|nl|verwaandheid}}
* {{trad|en|vainglory|boasting}}
{{tradmeio}}
* {{trad|it|iattanza}}
* {{trad|la|iactatio}}
* {{trad|ru|хвастливость}}
{{tradfim}}

=={{etimologia|pt}}==
{{llietimo|la|jactantia|pt}}

=={{pronúncia|pt}}==
===Portugal===
* AFI: {{AFI|/ʒɐˈk.tɐ̃.sjɐ/}}

==Ligações externas==
* {{Aulete}}
* [http://michaelis.uol.com.br/busca?r=0&amp;f=0&amp;t=0&amp;palavra=jact%C3%A2ncia “jactância”], in Trevisan, R. (coord.); Weiszflog, W. (ed.). Michaelis: Moderno Dicionário da Língua Portuguesa. São Paulo: Melhoramentos, 2012 (nova ortografia). ISBN 978-85-06-06953-0
* {{DicioAberto}}
* {{DPLP}}
* {{Infopédia}}
* {{PLP}}
* {{VOLPABL}}

[[Categoria:Substantivo (Português)]]</text>
<sha1>bzi79ko52up4s1xr57cjayc83qfvaqw</sha1>
</revision>
</page>
