<title>jacu</title>
<ns>0</ns>
<id>255628</id>
<revision>
<id>987379</id>
<timestamp>2010-11-29T11:47:01Z</timestamp>
<contributor>
<username>ValJor</username>
<id>1358</id>
</contributor>
<comment>Por um [[Especial:Lonelypages|wikcionário sem órfãos]]!</comment>
<model>wikitext</model>
<format>text/x-wiki</format>
<text bytes="346" xml:space="preserve">{{wikipedia|penelope}}

=Português=
==Substantivo==
{{flex.pt|ms=jacu|mp=jacus}}
{{oxítona|ja|cu}}
# [[ave]] de [[grande]] [[porte]], que pode atingir 85 cm de comprimento

===Expressões===
* '''[[jacu rabudo]]''':

===Sinônimo===
* [[penelope]]

==Anagrama==
# [[cuja]]

[[Categoria:Substantivo (Português)]]
[[Categoria:Ave (Português)]]</text>
<sha1>ry5zsb41jtivgcwn3m6jfcyxk49i52b</sha1>
</revision>
<revision>
<id>1096907</id>
<parentid>987379</parentid>
<timestamp>2011-06-25T19:37:56Z</timestamp>
<contributor>
<username>Luingles</username>
<id>25548</id>
</contributor>
<comment>/* Expressões */</comment>
<model>wikitext</model>
<format>text/x-wiki</format>
<text bytes="375" xml:space="preserve">{{wikipedia|penelope}}

=Português=
==Substantivo==
{{flex.pt|ms=jacu|mp=jacus}}
{{oxítona|ja|cu}}
# [[ave]] de [[grande]] [[porte]], que pode atingir 85 cm de comprimento

2- (Brasil - Minas Gerais) Pessoa tímida, vergonhosa, medrosa, insegura

===Sinônimo===
* [[penelope]]

==Anagrama==
# [[cuja]]

[[Categoria:Substantivo (Português)]]
[[Categoria:Ave (Português)]]</text>
<sha1>h6ro0kpqcc7v34r50qa0dxs1imyz4gx</sha1>
</revision>
<revision>
<id>1096977</id>
<parentid>1096907</parentid>
<timestamp>2011-06-25T21:27:08Z</timestamp>
<contributor>
<username>ValJor</username>
<id>1358</id>
</contributor>
<minor />
<comment>Revertido para a última das edições de ValJor</comment>
<model>wikitext</model>
<format>text/x-wiki</format>
<text bytes="346" xml:space="preserve">{{wikipedia|penelope}}

=Português=
==Substantivo==
{{flex.pt|ms=jacu|mp=jacus}}
{{oxítona|ja|cu}}
# [[ave]] de [[grande]] [[porte]], que pode atingir 85 cm de comprimento

===Expressões===
* '''[[jacu rabudo]]''':

===Sinônimo===
* [[penelope]]

==Anagrama==
# [[cuja]]

[[Categoria:Substantivo (Português)]]
[[Categoria:Ave (Português)]]</text>
<sha1>ry5zsb41jtivgcwn3m6jfcyxk49i52b</sha1>
</revision>
<revision>
<id>1192084</id>
<parentid>1096977</parentid>
<timestamp>2011-07-08T20:40:58Z</timestamp>
<contributor>
<username>MalafayaBot</username>
<id>628</id>
</contributor>
<minor />
<comment>Robô: Substituição de texto automática (-^\=\s?Português\s?\= +={{-pt-}}= &amp; -^\=\s?\{\{pt\}\}\s?\= +={{-pt-}}=)</comment>
<model>wikitext</model>
<format>text/x-wiki</format>
<text bytes="344" xml:space="preserve">{{wikipedia|penelope}}

={{-pt-}}=
==Substantivo==
{{flex.pt|ms=jacu|mp=jacus}}
{{oxítona|ja|cu}}
# [[ave]] de [[grande]] [[porte]], que pode atingir 85 cm de comprimento

===Expressões===
* '''[[jacu rabudo]]''':

===Sinônimo===
* [[penelope]]

==Anagrama==
# [[cuja]]

[[Categoria:Substantivo (Português)]]
[[Categoria:Ave (Português)]]</text>
<sha1>0pdxkeu5opx9efat9u1itrwkanxj56i</sha1>
</revision>
<revision>
<id>1485806</id>
<parentid>1192084</parentid>
<timestamp>2012-10-20T08:47:10Z</timestamp>
<contributor>
<username>VJBot</username>
<id>33673</id>
</contributor>
<minor />
<comment>Robô: Substituição de texto automática  (-{{wikipedia| +{{Wikipédia|)</comment>
<model>wikitext</model>
<format>text/x-wiki</format>
<text bytes="345" xml:space="preserve">{{Wikipédia|penelope}}

={{-pt-}}=
==Substantivo==
{{flex.pt|ms=jacu|mp=jacus}}
{{oxítona|ja|cu}}
# [[ave]] de [[grande]] [[porte]], que pode atingir 85 cm de comprimento

===Expressões===
* '''[[jacu rabudo]]''':

===Sinônimo===
* [[penelope]]

==Anagrama==
# [[cuja]]

[[Categoria:Substantivo (Português)]]
[[Categoria:Ave (Português)]]</text>
<sha1>k0z7qym619zz6mh4fdealch47x7kq9f</sha1>
</revision>
<revision>
<id>1889565</id>
<parentid>1485806</parentid>
<timestamp>2015-01-23T17:50:12Z</timestamp>
<contributor>
<username>MalafayaBot</username>
<id>628</id>
</contributor>
<minor />
<comment>r2.7.5) (Robô: A adicionar: [[en:jacu]]</comment>
<model>wikitext</model>
<format>text/x-wiki</format>
<text bytes="358" xml:space="preserve">{{Wikipédia|penelope}}

={{-pt-}}=
==Substantivo==
{{flex.pt|ms=jacu|mp=jacus}}
{{oxítona|ja|cu}}
# [[ave]] de [[grande]] [[porte]], que pode atingir 85 cm de comprimento

===Expressões===
* '''[[jacu rabudo]]''':

===Sinônimo===
* [[penelope]]

==Anagrama==
# [[cuja]]

[[Categoria:Substantivo (Português)]]
[[Categoria:Ave (Português)]]

[[en:jacu]]</text>
<sha1>272r96fjcqlby991cbth8ixsrtu5dhh</sha1>
</revision>
<revision>
<id>2364484</id>
<parentid>1889565</parentid>
<timestamp>2017-05-03T15:33:19Z</timestamp>
<contributor>
<username>HydrizBot</username>
<id>29590</id>
</contributor>
<minor />
<comment>Robô: A limpar links interwikis antigos</comment>
<model>wikitext</model>
<format>text/x-wiki</format>
<text bytes="345" xml:space="preserve">{{Wikipédia|penelope}}

={{-pt-}}=
==Substantivo==
{{flex.pt|ms=jacu|mp=jacus}}
{{oxítona|ja|cu}}
# [[ave]] de [[grande]] [[porte]], que pode atingir 85 cm de comprimento

===Expressões===
* '''[[jacu rabudo]]''':

===Sinônimo===
* [[penelope]]

==Anagrama==
# [[cuja]]

[[Categoria:Substantivo (Português)]]
[[Categoria:Ave (Português)]]</text>
<sha1>k0z7qym619zz6mh4fdealch47x7kq9f</sha1>
</revision>
</page>
