<title>jacupiranguense</title>
<ns>0</ns>
<id>393481</id>
<revision>
<id>2488018</id>
<timestamp>2018-03-06T06:41:07Z</timestamp>
<contributor>
<username>MIL973</username>
<id>41339</id>
</contributor>
<comment>[[Ajuda:Guia de edição/Menus e ferramentas/Sumário de edição|→]] nova página: ={{-pt-}}= ==Adjetivo== {{flex.pt|s=jacupiranguense|p=jacupiranguenses}} {{paroxítona|ja|cu|pi|ran|guen|se}}...</comment>
<model>wikitext</model>
<format>text/x-wiki</format>
<text bytes="535" xml:space="preserve">={{-pt-}}=
==Adjetivo==
{{flex.pt|s=jacupiranguense|p=jacupiranguenses}}
{{paroxítona|ja|cu|pi|ran|guen|se}}, {{gramática|c2g}}
# {{escopo|pt|Gentílico}} de [[Jacupiranga]], cidade paulista

==Substantivo==
{{flex.pt|s=jaciense|p=jacienses}}
{{paroxítona|ja|ci|en|se}}, {{gramática|c2g}}
# {{escopo|pt|Gentílico}} natural de Jaci ou seu habitante

=={{etimologia|pt}}==
: {{escopo|Morfologia}} [[Jaci]] + [[-ense]].

==Ligações externas==
* {{Aulete}}

[[Categoria:Adjetivo (Português)]]
[[Categoria:Substantivo (Português)]]</text>
<sha1>3y8dco8il7i3d1r4ll54p2rog7pgbkw</sha1>
</revision>
<revision>
<id>2488019</id>
<parentid>2488018</parentid>
<timestamp>2018-03-06T06:41:46Z</timestamp>
<contributor>
<username>MIL973</username>
<id>41339</id>
</contributor>
<model>wikitext</model>
<format>text/x-wiki</format>
<text bytes="565" xml:space="preserve">={{-pt-}}=
==Adjetivo==
{{flex.pt|s=jacupiranguense|p=jacupiranguenses}}
{{paroxítona|ja|cu|pi|ran|guen|se}}, {{gramática|c2g}}
# {{escopo|pt|Gentílico}} de [[Jacupiranga]], cidade paulista

==Substantivo==
{{flex.pt|s=jacupiranguense|p=jacupiranguenses}}
{{paroxítona|ja|cu|pi|ran|guen|se}}, {{gramática|c2g}}
# {{escopo|pt|Gentílico}} natural de Jacupiranga ou seu habitante

=={{etimologia|pt}}==
: {{escopo|Morfologia}} [[Jaci]] + [[-ense]].

==Ligações externas==
* {{Aulete}}

[[Categoria:Adjetivo (Português)]]
[[Categoria:Substantivo (Português)]]</text>
<sha1>jmeoe6ip9fpp3j1t3gbz5idd5hayxxe</sha1>
</revision>
<revision>
<id>2488020</id>
<parentid>2488019</parentid>
<timestamp>2018-03-06T06:41:59Z</timestamp>
<contributor>
<username>MIL973</username>
<id>41339</id>
</contributor>
<model>wikitext</model>
<format>text/x-wiki</format>
<text bytes="572" xml:space="preserve">={{-pt-}}=
==Adjetivo==
{{flex.pt|s=jacupiranguense|p=jacupiranguenses}}
{{paroxítona|ja|cu|pi|ran|guen|se}}, {{gramática|c2g}}
# {{escopo|pt|Gentílico}} de [[Jacupiranga]], cidade paulista

==Substantivo==
{{flex.pt|s=jacupiranguense|p=jacupiranguenses}}
{{paroxítona|ja|cu|pi|ran|guen|se}}, {{gramática|c2g}}
# {{escopo|pt|Gentílico}} natural de Jacupiranga ou seu habitante

=={{etimologia|pt}}==
: {{escopo|Morfologia}} [[Jacupiranga]] + [[-ense]].

==Ligações externas==
* {{Aulete}}

[[Categoria:Adjetivo (Português)]]
[[Categoria:Substantivo (Português)]]</text>
<sha1>poe79t6dket5enz1nummqc7gcr28v78</sha1>
</revision>
<revision>
<id>2491791</id>
<parentid>2488020</parentid>
<timestamp>2018-03-29T02:56:56Z</timestamp>
<contributor>
<username>MIL973</username>
<id>41339</id>
</contributor>
<model>wikitext</model>
<format>text/x-wiki</format>
<text bytes="575" xml:space="preserve">={{-pt-}}=
==Adjetivo==
{{flex.pt|s=jacupiranguense|p=jacupiranguenses}}
{{paroxítona|ja|cu|pi|ran|guen|se}}, {{gramática|c2g}}
# {{escopo|pt|Gentílico}} de [[Jacupiranga]], cidade paulista

==Substantivo==
{{flex.pt|s=jacupiranguense|p=jacupiranguenses}}
{{paroxítona|ja|cu|pi|ran|guen|se}}, {{gramática|c2g}}
# {{escopo|pt|Gentílico}} natural de Jacupiranga ou seu habitante

=={{etimologia|pt}}==
: {{escopo|Morfologia}} De [[Jacupiranga]] + [[-ense]].

==Ligações externas==
* {{Aulete}}

[[Categoria:Adjetivo (Português)]]
[[Categoria:Substantivo (Português)]]</text>
<sha1>546aulwdu3ottamauhujjd72wvt4cs7</sha1>
</revision>
</page>
