<title>jaga</title>
<ns>0</ns>
<id>349546</id>
<revision>
<id>2052982</id>
<timestamp>2016-01-05T17:09:35Z</timestamp>
<contributor>
<username>Jéssica S. Ciqueira</username>
<id>53180</id>
</contributor>
<comment>[[Ajuda:Guia de edição/Menus e ferramentas/Sumário de edição|→]] nova página: ={{-pt-}}= ==Substantivo== {{flex.pt|fs=jaga|fp=jagas}} {{paroxítona|ja|ga}}, {{f}} # ponto vazado onde a á...</comment>
<model>wikitext</model>
<format>text/x-wiki</format>
<text bytes="307" xml:space="preserve">={{-pt-}}=
==Substantivo==
{{flex.pt|fs=jaga|fp=jagas}}
{{paroxítona|ja|ga}}, {{f}}
# ponto vazado onde a água ida a bordo de barco se vai derramada para fora

=={{etimologia|pt}}==
: Do inglês {{etimo|en|jag}}.

[[Categoria:Substantivo (Português)]]
[[Categoria:Entrada de étimo inglês (Português)]]</text>
<sha1>fi2x8v0au3lp59sf48yj186g10q1xkq</sha1>
</revision>
<revision>
<id>2054708</id>
<parentid>2052982</parentid>
<timestamp>2016-01-10T23:06:00Z</timestamp>
<contributor>
<username>HydrizBot</username>
<id>29590</id>
</contributor>
<minor />
<comment>Robô: A adicionar: chr, en, fi, fr, hu, id, io, it, jv, mg, nl, pl, sv, ta, tr, zh</comment>
<model>wikitext</model>
<format>text/x-wiki</format>
<text bytes="501" xml:space="preserve">={{-pt-}}=
==Substantivo==
{{flex.pt|fs=jaga|fp=jagas}}
{{paroxítona|ja|ga}}, {{f}}
# ponto vazado onde a água ida a bordo de barco se vai derramada para fora

=={{etimologia|pt}}==
: Do inglês {{etimo|en|jag}}.

[[Categoria:Substantivo (Português)]]
[[Categoria:Entrada de étimo inglês (Português)]]

[[chr:jaga]]
[[en:jaga]]
[[fi:jaga]]
[[fr:jaga]]
[[hu:jaga]]
[[id:jaga]]
[[io:jaga]]
[[it:jaga]]
[[jv:jaga]]
[[mg:jaga]]
[[nl:jaga]]
[[pl:jaga]]
[[sv:jaga]]
[[ta:jaga]]
[[tr:jaga]]
[[zh:jaga]]</text>
<sha1>jgeyz541ja1txm9s0cftdw6akfxjg6c</sha1>
</revision>
<revision>
<id>2106904</id>
<parentid>2054708</parentid>
<timestamp>2016-05-31T12:13:35Z</timestamp>
<contributor>
<username>HydrizBot</username>
<id>29590</id>
</contributor>
<minor />
<comment>Robô: A adicionar: [[sr:jaga]]</comment>
<model>wikitext</model>
<format>text/x-wiki</format>
<text bytes="513" xml:space="preserve">={{-pt-}}=
==Substantivo==
{{flex.pt|fs=jaga|fp=jagas}}
{{paroxítona|ja|ga}}, {{f}}
# ponto vazado onde a água ida a bordo de barco se vai derramada para fora

=={{etimologia|pt}}==
: Do inglês {{etimo|en|jag}}.

[[Categoria:Substantivo (Português)]]
[[Categoria:Entrada de étimo inglês (Português)]]

[[chr:jaga]]
[[en:jaga]]
[[fi:jaga]]
[[fr:jaga]]
[[hu:jaga]]
[[id:jaga]]
[[io:jaga]]
[[it:jaga]]
[[jv:jaga]]
[[mg:jaga]]
[[nl:jaga]]
[[pl:jaga]]
[[sr:jaga]]
[[sv:jaga]]
[[ta:jaga]]
[[tr:jaga]]
[[zh:jaga]]</text>
<sha1>nhu9e6xsy97bz8wtpcibomoxdt44zp5</sha1>
</revision>
<revision>
<id>2164713</id>
<parentid>2106904</parentid>
<timestamp>2016-08-30T02:59:18Z</timestamp>
<contributor>
<username>Jéssica S. Ciqueira</username>
<id>53180</id>
</contributor>
<model>wikitext</model>
<format>text/x-wiki</format>
<text bytes="565" xml:space="preserve">={{-pt-}}=
==Substantivo==
{{flex.pt|fs=jaga|fp=jagas}}
{{paroxítona|ja|ga}}, {{f}}
# ponto vazado onde a água ida a bordo de barco se vai derramada para fora

=={{etimologia|pt}}==
: Do inglês {{etimo|en|jag}}.

==Ver também==
===No Wikcionário===
* [[ajajá]]

[[Categoria:Substantivo (Português)]]
[[Categoria:Entrada de étimo inglês (Português)]]

[[chr:jaga]]
[[en:jaga]]
[[fi:jaga]]
[[fr:jaga]]
[[hu:jaga]]
[[id:jaga]]
[[io:jaga]]
[[it:jaga]]
[[jv:jaga]]
[[mg:jaga]]
[[nl:jaga]]
[[pl:jaga]]
[[sr:jaga]]
[[sv:jaga]]
[[ta:jaga]]
[[tr:jaga]]
[[zh:jaga]]</text>
<sha1>hs2s6kmij6s3d9ekzlwgtjfnbtr97xt</sha1>
</revision>
<revision>
<id>2164715</id>
<parentid>2164713</parentid>
<timestamp>2016-08-30T03:05:07Z</timestamp>
<contributor>
<username>Jéssica S. Ciqueira</username>
<id>53180</id>
</contributor>
<model>wikitext</model>
<format>text/x-wiki</format>
<text bytes="615" xml:space="preserve">={{-pt-}}=
==Substantivo==
{{flex.pt|fs=jaga|fp=jagas}}
{{paroxítona|ja|ga}}, {{f}}
# ponto vazado onde a água ida a bordo de barco se vai derramada para fora

=={{etimologia|pt}}==
: Do inglês {{etimo|en|jag}}.

==Ver também==
===No Wikcionário===
* [[ajajá]]

===No Wikisaurus===
* [[Wikisaurus:navio|navio]]

[[Categoria:Substantivo (Português)]]
[[Categoria:Entrada de étimo inglês (Português)]]

[[chr:jaga]]
[[en:jaga]]
[[fi:jaga]]
[[fr:jaga]]
[[hu:jaga]]
[[id:jaga]]
[[io:jaga]]
[[it:jaga]]
[[jv:jaga]]
[[mg:jaga]]
[[nl:jaga]]
[[pl:jaga]]
[[sr:jaga]]
[[sv:jaga]]
[[ta:jaga]]
[[tr:jaga]]
[[zh:jaga]]</text>
<sha1>s050lek0vpg4tj5cwapc6fkc1043aao</sha1>
</revision>
<revision>
<id>2243362</id>
<parentid>2164715</parentid>
<timestamp>2017-02-23T02:55:03Z</timestamp>
<contributor>
<username>OctraBot</username>
<id>56948</id>
</contributor>
<minor />
<comment>Robô: A adicionar: [[eo:jaga]]</comment>
<model>wikitext</model>
<format>text/x-wiki</format>
<text bytes="627" xml:space="preserve">={{-pt-}}=
==Substantivo==
{{flex.pt|fs=jaga|fp=jagas}}
{{paroxítona|ja|ga}}, {{f}}
# ponto vazado onde a água ida a bordo de barco se vai derramada para fora

=={{etimologia|pt}}==
: Do inglês {{etimo|en|jag}}.

==Ver também==
===No Wikcionário===
* [[ajajá]]

===No Wikisaurus===
* [[Wikisaurus:navio|navio]]

[[Categoria:Substantivo (Português)]]
[[Categoria:Entrada de étimo inglês (Português)]]

[[chr:jaga]]
[[en:jaga]]
[[eo:jaga]]
[[fi:jaga]]
[[fr:jaga]]
[[hu:jaga]]
[[id:jaga]]
[[io:jaga]]
[[it:jaga]]
[[jv:jaga]]
[[mg:jaga]]
[[nl:jaga]]
[[pl:jaga]]
[[sr:jaga]]
[[sv:jaga]]
[[ta:jaga]]
[[tr:jaga]]
[[zh:jaga]]</text>
<sha1>im79ce62hs4284y03e4cglkmqs5ypcp</sha1>
</revision>
<revision>
<id>2364497</id>
<parentid>2243362</parentid>
<timestamp>2017-05-03T15:34:07Z</timestamp>
<contributor>
<username>HydrizBot</username>
<id>29590</id>
</contributor>
<minor />
<comment>Robô: A limpar links interwikis antigos</comment>
<model>wikitext</model>
<format>text/x-wiki</format>
<text bytes="409" xml:space="preserve">={{-pt-}}=
==Substantivo==
{{flex.pt|fs=jaga|fp=jagas}}
{{paroxítona|ja|ga}}, {{f}}
# ponto vazado onde a água ida a bordo de barco se vai derramada para fora

=={{etimologia|pt}}==
: Do inglês {{etimo|en|jag}}.

==Ver também==
===No Wikcionário===
* [[ajajá]]

===No Wikisaurus===
* [[Wikisaurus:navio|navio]]

[[Categoria:Substantivo (Português)]]
[[Categoria:Entrada de étimo inglês (Português)]]</text>
<sha1>2b300i2pz0ha0l9tzy01h9v8sotyp4p</sha1>
</revision>
</page>
