<title>jagoz</title>
<ns>0</ns>
<id>74908</id>
<revision>
<id>293034</id>
<timestamp>2007-08-23T18:58:17Z</timestamp>
<contributor>
<ip>212.18.162.33</ip>
</contributor>
<comment>[[Ajuda:Menus e funções/Sumário de edição#Sumário de edição automático|→]] nova página: Naturais da Ericeira, Homens do mar.</comment>
<model>wikitext</model>
<format>text/x-wiki</format>
<text bytes="36" xml:space="preserve">Naturais da Ericeira, Homens do mar.</text>
<sha1>4z6041tpfivvfczfy77f57rcn44t533</sha1>
</revision>
<revision>
<id>293432</id>
<parentid>293034</parentid>
<timestamp>2007-08-25T19:50:24Z</timestamp>
<contributor>
<username>ValJor</username>
<id>1358</id>
</contributor>
<comment>Retirando da [[Especial:Uncategorizedpages|página de verbetes sem categoria]]</comment>
<model>wikitext</model>
<format>text/x-wiki</format>
<text bytes="265" xml:space="preserve">=Português=
==Substantivo==
{{flex.pt.subst.masculino|MS=jagoz|MP=jagozes}}
'''ja.&lt;u&gt;goz&lt;/u&gt;'''
# [[ericeirense]]
[[Categoria:Substantivo (Português)]]
[[Categoria:Dissílabo (Português)]]
[[Categoria:Oxítona (Português)]]
[[Categoria:Gentílico (Português)]]</text>
<sha1>dw973ckiq0gvkry3kgvw52w0h4ge8ke</sha1>
</revision>
<revision>
<id>1190644</id>
<parentid>293432</parentid>
<timestamp>2011-07-08T19:04:04Z</timestamp>
<contributor>
<username>MalafayaBot</username>
<id>628</id>
</contributor>
<minor />
<comment>Robô: Substituição de texto automática (-^\=\s?Português\s?\= +={{-pt-}}= &amp; -^\=\s?\{\{pt\}\}\s?\= +={{-pt-}}=)</comment>
<model>wikitext</model>
<format>text/x-wiki</format>
<text bytes="263" xml:space="preserve">={{-pt-}}=
==Substantivo==
{{flex.pt.subst.masculino|MS=jagoz|MP=jagozes}}
'''ja.&lt;u&gt;goz&lt;/u&gt;'''
# [[ericeirense]]
[[Categoria:Substantivo (Português)]]
[[Categoria:Dissílabo (Português)]]
[[Categoria:Oxítona (Português)]]
[[Categoria:Gentílico (Português)]]</text>
<sha1>ne54b3jbqf3wfhqe79b9y5fls3rvmpo</sha1>
</revision>
<revision>
<id>1941603</id>
<parentid>1190644</parentid>
<timestamp>2015-06-13T13:38:32Z</timestamp>
<contributor>
<username>ValJor</username>
<id>1358</id>
</contributor>
<comment>Um verbete a menos usando a [[Predefinição:flex.pt.subst.masculino|predefinição flex.pt.subst.masculino]]</comment>
<model>wikitext</model>
<format>text/x-wiki</format>
<text bytes="172" xml:space="preserve">={{-pt-}}=
==Substantivo==
{{flex.pt|s=jagoz|p=jagozes}}
{{oxítona|ja|goz}}
# [[ericeirense]]

[[Categoria:Substantivo (Português)]]
[[Categoria:Gentílico (Português)]]</text>
<sha1>pi796hiu2yzba81y67s5ep3gxfil7ei</sha1>
</revision>
</page>
