<title>jagra</title>
<ns>0</ns>
<id>377096</id>
<revision>
<id>2260592</id>
<timestamp>2017-04-14T09:12:32Z</timestamp>
<contributor>
<username>Askekamo</username>
<id>60711</id>
</contributor>
<comment>de https://pt.wiktionary.org/w/index.php?title=j%C3%A1gara&amp;oldid=2260588</comment>
<model>wikitext</model>
<format>text/x-wiki</format>
<text bytes="272" xml:space="preserve">={{-pt-}}=
==Substantivo==
{{flex.pt|s=jágra|p=jágras}}
{{paroxítona|já|gra}}, {{gramática|f}}
# açúcar feito de coqueiro e de cana que uma vez extraído é pouco beneficiado e se encontra em formato de bloco, tablete ou cubo

[[Categoria:Substantivo (Português)]]</text>
<sha1>f8a1rff465rwdj8k4br3y9qrgwq4tra</sha1>
</revision>
<revision>
<id>2260593</id>
<parentid>2260592</parentid>
<timestamp>2017-04-14T09:12:58Z</timestamp>
<contributor>
<username>Askekamo</username>
<id>60711</id>
</contributor>
<model>wikitext</model>
<format>text/x-wiki</format>
<text bytes="269" xml:space="preserve">={{-pt-}}=
==Substantivo==
{{flex.pt|s=jagra|p=jagras}}
{{paroxítona|ja|gra}}, {{gramática|f}}
# açúcar feito de coqueiro e de cana que uma vez extraído é pouco beneficiado e se encontra em formato de bloco, tablete ou cubo

[[Categoria:Substantivo (Português)]]</text>
<sha1>36a49ae9ewlahgvozrbnjq6xxyntagp</sha1>
</revision>
</page>
