<title>jaguar</title>
<ns>0</ns>
<id>118792</id>
<revision>
<id>502111</id>
<timestamp>2009-07-30T14:28:14Z</timestamp>
<contributor>
<username>Bille.Dourado</username>
<id>9529</id>
</contributor>
<comment>[[Ajuda:Menus e funções/Sumário de edição#Sumário de edição automático|→]] nova página: =Português= [[Image:Jaguar sitting-edit1.jpg|thumb|200px|Um jaguar, também chamado de [[onça]]....</comment>
<model>wikitext</model>
<format>text/x-wiki</format>
<text bytes="377" xml:space="preserve">=Português=
[[Image:Jaguar sitting-edit1.jpg|thumb|200px|Um jaguar, também chamado de [[onça]].]]
==Substantivo==
'''ja.guar''' ''masculino''
# {{escopo|Zoologia}} [[felídeo]] [[grande]] e [[feroz]] cuja [[pelo|pelagem]] tem [[mancha]]s [[preta]]s; [[onça]], onça-pintada.
[[Categoria: Substantivo (Português)]]
[[Categoria: Zoologia (Português)]]
[[Categoria: Figura]]</text>
<sha1>63x43qcg28ox07ukf84quxi1vy5ooti</sha1>
</revision>
<revision>
<id>502293</id>
<parentid>502111</parentid>
<timestamp>2009-07-30T18:32:16Z</timestamp>
<contributor>
<username>Interwicket</username>
<id>6868</id>
</contributor>
<minor />
<comment>iwiki +[[:de:jaguar]], [[:el:jaguar]], [[:en:jaguar]], [[:es:jaguar]], et, fa, fi, fr, hu, io, it, ku, la, nl, no, pl, ro, ru, te, tr, vi, zh</comment>
<model>wikitext</model>
<format>text/x-wiki</format>
<text bytes="686" xml:space="preserve">=Português=
[[Image:Jaguar sitting-edit1.jpg|thumb|200px|Um jaguar, também chamado de [[onça]].]]
==Substantivo==
'''ja.guar''' ''masculino''
# {{escopo|Zoologia}} [[felídeo]] [[grande]] e [[feroz]] cuja [[pelo|pelagem]] tem [[mancha]]s [[preta]]s; [[onça]], onça-pintada.
[[Categoria: Substantivo (Português)]]
[[Categoria: Zoologia (Português)]]
[[Categoria: Figura]]

[[de:jaguar]]
[[el:jaguar]]
[[en:jaguar]]
[[es:jaguar]]
[[et:jaguar]]
[[fa:jaguar]]
[[fi:jaguar]]
[[fr:jaguar]]
[[hu:jaguar]]
[[io:jaguar]]
[[it:jaguar]]
[[ku:jaguar]]
[[la:jaguar]]
[[nl:jaguar]]
[[no:jaguar]]
[[pl:jaguar]]
[[ro:jaguar]]
[[ru:jaguar]]
[[te:jaguar]]
[[tr:jaguar]]
[[vi:jaguar]]
[[zh:jaguar]]</text>
<sha1>dlqf984178dkxiggxs4k43a1ykzil0j</sha1>
</revision>
<revision>
<id>514282</id>
<parentid>502293</parentid>
<timestamp>2009-08-19T08:36:15Z</timestamp>
<contributor>
<username>Interwicket</username>
<id>6868</id>
</contributor>
<minor />
<comment>iwiki +[[:li:jaguar]]</comment>
<model>wikitext</model>
<format>text/x-wiki</format>
<text bytes="700" xml:space="preserve">=Português=
[[Image:Jaguar sitting-edit1.jpg|thumb|200px|Um jaguar, também chamado de [[onça]].]]
==Substantivo==
'''ja.guar''' ''masculino''
# {{escopo|Zoologia}} [[felídeo]] [[grande]] e [[feroz]] cuja [[pelo|pelagem]] tem [[mancha]]s [[preta]]s; [[onça]], onça-pintada.
[[Categoria: Substantivo (Português)]]
[[Categoria: Zoologia (Português)]]
[[Categoria: Figura]]

[[de:jaguar]]
[[el:jaguar]]
[[en:jaguar]]
[[es:jaguar]]
[[et:jaguar]]
[[fa:jaguar]]
[[fi:jaguar]]
[[fr:jaguar]]
[[hu:jaguar]]
[[io:jaguar]]
[[it:jaguar]]
[[ku:jaguar]]
[[la:jaguar]]
[[li:jaguar]]
[[nl:jaguar]]
[[no:jaguar]]
[[pl:jaguar]]
[[ro:jaguar]]
[[ru:jaguar]]
[[te:jaguar]]
[[tr:jaguar]]
[[vi:jaguar]]
[[zh:jaguar]]</text>
<sha1>370ttic9eeph7x2fr3cbbi6ihnorxd4</sha1>
</revision>
<revision>
<id>653666</id>
<parentid>514282</parentid>
<timestamp>2009-12-14T16:41:10Z</timestamp>
<contributor>
<username>Interwicket</username>
<id>6868</id>
</contributor>
<minor />
<comment>iwiki +[[:ta:jaguar]]</comment>
<model>wikitext</model>
<format>text/x-wiki</format>
<text bytes="714" xml:space="preserve">=Português=
[[Image:Jaguar sitting-edit1.jpg|thumb|200px|Um jaguar, também chamado de [[onça]].]]
==Substantivo==
'''ja.guar''' ''masculino''
# {{escopo|Zoologia}} [[felídeo]] [[grande]] e [[feroz]] cuja [[pelo|pelagem]] tem [[mancha]]s [[preta]]s; [[onça]], onça-pintada.
[[Categoria: Substantivo (Português)]]
[[Categoria: Zoologia (Português)]]
[[Categoria: Figura]]

[[de:jaguar]]
[[el:jaguar]]
[[en:jaguar]]
[[es:jaguar]]
[[et:jaguar]]
[[fa:jaguar]]
[[fi:jaguar]]
[[fr:jaguar]]
[[hu:jaguar]]
[[io:jaguar]]
[[it:jaguar]]
[[ku:jaguar]]
[[la:jaguar]]
[[li:jaguar]]
[[nl:jaguar]]
[[no:jaguar]]
[[pl:jaguar]]
[[ro:jaguar]]
[[ru:jaguar]]
[[ta:jaguar]]
[[te:jaguar]]
[[tr:jaguar]]
[[vi:jaguar]]
[[zh:jaguar]]</text>
<sha1>4o3gh7r992e8268jpsi7bitj4grb99n</sha1>
</revision>
<revision>
<id>689923</id>
<parentid>653666</parentid>
<timestamp>2010-01-08T18:18:12Z</timestamp>
<contributor>
<username>Interwicket</username>
<id>6868</id>
</contributor>
<minor />
<comment>iwiki +[[:simple:jaguar]]</comment>
<model>wikitext</model>
<format>text/x-wiki</format>
<text bytes="732" xml:space="preserve">=Português=
[[Image:Jaguar sitting-edit1.jpg|thumb|200px|Um jaguar, também chamado de [[onça]].]]
==Substantivo==
'''ja.guar''' ''masculino''
# {{escopo|Zoologia}} [[felídeo]] [[grande]] e [[feroz]] cuja [[pelo|pelagem]] tem [[mancha]]s [[preta]]s; [[onça]], onça-pintada.
[[Categoria: Substantivo (Português)]]
[[Categoria: Zoologia (Português)]]
[[Categoria: Figura]]

[[de:jaguar]]
[[el:jaguar]]
[[en:jaguar]]
[[es:jaguar]]
[[et:jaguar]]
[[fa:jaguar]]
[[fi:jaguar]]
[[fr:jaguar]]
[[hu:jaguar]]
[[io:jaguar]]
[[it:jaguar]]
[[ku:jaguar]]
[[la:jaguar]]
[[li:jaguar]]
[[nl:jaguar]]
[[no:jaguar]]
[[pl:jaguar]]
[[ro:jaguar]]
[[ru:jaguar]]
[[simple:jaguar]]
[[ta:jaguar]]
[[te:jaguar]]
[[tr:jaguar]]
[[vi:jaguar]]
[[zh:jaguar]]</text>
<sha1>3b6sv6u21seolotva4j2nw4xcb1b2sx</sha1>
</revision>
<revision>
<id>821861</id>
<parentid>689923</parentid>
<timestamp>2010-02-25T11:52:41Z</timestamp>
<contributor>
<username>ValJor</username>
<id>1358</id>
</contributor>
<comment>Por um [[Especial:Lonelypages|wikcionário sem órfãos]]!</comment>
<model>wikitext</model>
<format>text/x-wiki</format>
<text bytes="882" xml:space="preserve">{{wikipedia}}
[[Image:Jaguar sitting-edit1.jpg|thumb|80px|&lt;center&gt;Jaguar&lt;/center&gt;]]

=Português=
==Substantivo==
{{flex.pt|ms=jaguar|mp=jaguares}}
{{oxítona|ja|guar}}
# {{escopo|Zoologia}} [[felídeo]] [[grande]] e [[feroz]] cuja [[pelo|pelagem]] tem [[mancha]]s [[preta]]s; [[onça]], onça-pintada

===Tradução===
{{tradini}}
* [[Talian]]: [[zagoara]]
{{tradmeio}}
{{tradfim}}

=={{etimologia|pt}}==
: Do tupi ''ya 'guara''.

[[Categoria:Substantivo (Português)]]
[[Categoria:Zoologia (Português)]]
[[Categoria:Figura]]

[[de:jaguar]]
[[et:jaguar]]
[[el:jaguar]]
[[en:jaguar]]
[[es:jaguar]]
[[fa:jaguar]]
[[fr:jaguar]]
[[io:jaguar]]
[[it:jaguar]]
[[ku:jaguar]]
[[la:jaguar]]
[[li:jaguar]]
[[hu:jaguar]]
[[nl:jaguar]]
[[no:jaguar]]
[[pl:jaguar]]
[[ro:jaguar]]
[[ru:jaguar]]
[[simple:jaguar]]
[[fi:jaguar]]
[[ta:jaguar]]
[[te:jaguar]]
[[vi:jaguar]]
[[tr:jaguar]]
[[zh:jaguar]]</text>
<sha1>3dgaaqw2kyyc35lf0zrpb0x413an9oe</sha1>
</revision>
<revision>
<id>835576</id>
<parentid>821861</parentid>
<timestamp>2010-03-22T02:28:56Z</timestamp>
<contributor>
<username>Interwicket</username>
<id>6868</id>
</contributor>
<minor />
<comment>iwiki +[[:my:jaguar]]</comment>
<model>wikitext</model>
<format>text/x-wiki</format>
<text bytes="896" xml:space="preserve">{{wikipedia}}
[[Image:Jaguar sitting-edit1.jpg|thumb|80px|&lt;center&gt;Jaguar&lt;/center&gt;]]

=Português=
==Substantivo==
{{flex.pt|ms=jaguar|mp=jaguares}}
{{oxítona|ja|guar}}
# {{escopo|Zoologia}} [[felídeo]] [[grande]] e [[feroz]] cuja [[pelo|pelagem]] tem [[mancha]]s [[preta]]s; [[onça]], onça-pintada

===Tradução===
{{tradini}}
* [[Talian]]: [[zagoara]]
{{tradmeio}}
{{tradfim}}

=={{etimologia|pt}}==
: Do tupi ''ya 'guara''.

[[Categoria:Substantivo (Português)]]
[[Categoria:Zoologia (Português)]]
[[Categoria:Figura]]

[[de:jaguar]]
[[el:jaguar]]
[[en:jaguar]]
[[es:jaguar]]
[[et:jaguar]]
[[fa:jaguar]]
[[fi:jaguar]]
[[fr:jaguar]]
[[hu:jaguar]]
[[io:jaguar]]
[[it:jaguar]]
[[ku:jaguar]]
[[la:jaguar]]
[[li:jaguar]]
[[my:jaguar]]
[[nl:jaguar]]
[[no:jaguar]]
[[pl:jaguar]]
[[ro:jaguar]]
[[ru:jaguar]]
[[simple:jaguar]]
[[ta:jaguar]]
[[te:jaguar]]
[[tr:jaguar]]
[[vi:jaguar]]
[[zh:jaguar]]</text>
<sha1>ela5zxa5wgi30fpdery8mbbgdxc5rz8</sha1>
</revision>
<revision>
<id>995640</id>
<parentid>835576</parentid>
<timestamp>2010-12-14T14:01:48Z</timestamp>
<contributor>
<username>Luckas-bot</username>
<id>5986</id>
</contributor>
<minor />
<comment>r2.6.2) (Bot: Adicionando: [[eo:jaguar]]</comment>
<model>wikitext</model>
<format>text/x-wiki</format>
<text bytes="910" xml:space="preserve">{{wikipedia}}
[[Image:Jaguar sitting-edit1.jpg|thumb|80px|&lt;center&gt;Jaguar&lt;/center&gt;]]

=Português=
==Substantivo==
{{flex.pt|ms=jaguar|mp=jaguares}}
{{oxítona|ja|guar}}
# {{escopo|Zoologia}} [[felídeo]] [[grande]] e [[feroz]] cuja [[pelo|pelagem]] tem [[mancha]]s [[preta]]s; [[onça]], onça-pintada

===Tradução===
{{tradini}}
* [[Talian]]: [[zagoara]]
{{tradmeio}}
{{tradfim}}

=={{etimologia|pt}}==
: Do tupi ''ya 'guara''.

[[Categoria:Substantivo (Português)]]
[[Categoria:Zoologia (Português)]]
[[Categoria:Figura]]

[[de:jaguar]]
[[el:jaguar]]
[[en:jaguar]]
[[eo:jaguar]]
[[es:jaguar]]
[[et:jaguar]]
[[fa:jaguar]]
[[fi:jaguar]]
[[fr:jaguar]]
[[hu:jaguar]]
[[io:jaguar]]
[[it:jaguar]]
[[ku:jaguar]]
[[la:jaguar]]
[[li:jaguar]]
[[my:jaguar]]
[[nl:jaguar]]
[[no:jaguar]]
[[pl:jaguar]]
[[ro:jaguar]]
[[ru:jaguar]]
[[simple:jaguar]]
[[ta:jaguar]]
[[te:jaguar]]
[[tr:jaguar]]
[[vi:jaguar]]
[[zh:jaguar]]</text>
<sha1>m0kilrz5yow7rxh4ezrelu8cxac7kse</sha1>
</revision>
<revision>
<id>1035995</id>
<parentid>995640</parentid>
<timestamp>2011-02-27T12:31:07Z</timestamp>
<contributor>
<username>ValJor</username>
<id>1358</id>
</contributor>
<comment>Desfazendo link para [[Talian]] para poder deletar o redirecionamento para minúscula</comment>
<model>wikitext</model>
<format>text/x-wiki</format>
<text bytes="930" xml:space="preserve">{{wikipedia}}
[[Image:Jaguar sitting-edit1.jpg|thumb|80px|&lt;center&gt;Jaguar&lt;/center&gt;]]

=Português=
==Substantivo==
{{flex.pt|ms=jaguar|mp=jaguares}}
{{oxítona|ja|guar}}
# {{escopo|Zoologia}} [[felídeo]] [[grande]] e [[feroz]] cuja [[pelo|pelagem]] tem [[mancha]]s [[preta]]s; [[onça]], onça-pintada

===Tradução===
{{tradini}}
* [[talian|Talian]]: [[zagoara]]
{{tradmeio}}
{{tradfim}}

=={{etimologia|pt}}==
: Do tupi ''ya 'guara''.

[[Categoria:Substantivo (Português)]]
[[Categoria:Zoologia (Português)]]
[[Categoria:Figura (Português)]]

[[de:jaguar]]
[[el:jaguar]]
[[en:jaguar]]
[[eo:jaguar]]
[[es:jaguar]]
[[et:jaguar]]
[[fa:jaguar]]
[[fi:jaguar]]
[[fr:jaguar]]
[[hu:jaguar]]
[[io:jaguar]]
[[it:jaguar]]
[[ku:jaguar]]
[[la:jaguar]]
[[li:jaguar]]
[[my:jaguar]]
[[nl:jaguar]]
[[no:jaguar]]
[[pl:jaguar]]
[[ro:jaguar]]
[[ru:jaguar]]
[[simple:jaguar]]
[[ta:jaguar]]
[[te:jaguar]]
[[tr:jaguar]]
[[vi:jaguar]]
[[zh:jaguar]]</text>
<sha1>mi6pkyavpkhxyi7x1eqgfsg8ftfu4v8</sha1>
</revision>
<revision>
<id>1074416</id>
<parentid>1035995</parentid>
<timestamp>2011-05-05T14:55:55Z</timestamp>
<contributor>
<username>Sekelsenmat</username>
<id>3127</id>
</contributor>
<comment>/* Tradução */</comment>
<model>wikitext</model>
<format>text/x-wiki</format>
<text bytes="994" xml:space="preserve">{{wikipedia}}
[[Image:Jaguar sitting-edit1.jpg|thumb|80px|&lt;center&gt;Jaguar&lt;/center&gt;]]

=Português=
==Substantivo==
{{flex.pt|ms=jaguar|mp=jaguares}}
{{oxítona|ja|guar}}
# {{escopo|Zoologia}} [[felídeo]] [[grande]] e [[feroz]] cuja [[pelo|pelagem]] tem [[mancha]]s [[preta]]s; [[onça]], onça-pintada

===Tradução===
{{tradini}}
* {{en}}: {{xlatio|en|jaguar|}}
{{tradmeio}}
* {{pl}}: {{xlatio|pl|jaguar|}}
* [[talian|Talian]]: [[zagoara]]
{{tradfim}}

=={{etimologia|pt}}==
: Do tupi ''ya 'guara''.

[[Categoria:Substantivo (Português)]]
[[Categoria:Zoologia (Português)]]
[[Categoria:Figura (Português)]]

[[de:jaguar]]
[[el:jaguar]]
[[en:jaguar]]
[[eo:jaguar]]
[[es:jaguar]]
[[et:jaguar]]
[[fa:jaguar]]
[[fi:jaguar]]
[[fr:jaguar]]
[[hu:jaguar]]
[[io:jaguar]]
[[it:jaguar]]
[[ku:jaguar]]
[[la:jaguar]]
[[li:jaguar]]
[[my:jaguar]]
[[nl:jaguar]]
[[no:jaguar]]
[[pl:jaguar]]
[[ro:jaguar]]
[[ru:jaguar]]
[[simple:jaguar]]
[[ta:jaguar]]
[[te:jaguar]]
[[tr:jaguar]]
[[vi:jaguar]]
[[zh:jaguar]]</text>
<sha1>0j3x8lhnjkhi3nximkdfh9zgn7k5tvu</sha1>
</revision>
<revision>
<id>1074417</id>
<parentid>1074416</parentid>
<timestamp>2011-05-05T14:56:40Z</timestamp>
<contributor>
<username>Sekelsenmat</username>
<id>3127</id>
</contributor>
<comment>/* {{etimologia|pt}} */</comment>
<model>wikitext</model>
<format>text/x-wiki</format>
<text bytes="1085" xml:space="preserve">{{wikipedia}}
[[Image:Jaguar sitting-edit1.jpg|thumb|80px|&lt;center&gt;Jaguar&lt;/center&gt;]]

=Português=
==Substantivo==
{{flex.pt|ms=jaguar|mp=jaguares}}
{{oxítona|ja|guar}}
# {{escopo|Zoologia}} [[felídeo]] [[grande]] e [[feroz]] cuja [[pelo|pelagem]] tem [[mancha]]s [[preta]]s; [[onça]], onça-pintada

===Tradução===
{{tradini}}
* {{en}}: {{xlatio|en|jaguar|}}
{{tradmeio}}
* {{pl}}: {{xlatio|pl|jaguar|}}
* [[talian|Talian]]: [[zagoara]]
{{tradfim}}

=={{etimologia|pt}}==
: Do tupi ''ya 'guara''.&lt;ref&gt;http://www.areaindigena.hpg.ig.com.br/dicionario.htm&lt;/ref&gt;
=Referências=
&lt;references/&gt;
[[Categoria:Substantivo (Português)]]
[[Categoria:Zoologia (Português)]]
[[Categoria:Figura (Português)]]

[[de:jaguar]]
[[el:jaguar]]
[[en:jaguar]]
[[eo:jaguar]]
[[es:jaguar]]
[[et:jaguar]]
[[fa:jaguar]]
[[fi:jaguar]]
[[fr:jaguar]]
[[hu:jaguar]]
[[io:jaguar]]
[[it:jaguar]]
[[ku:jaguar]]
[[la:jaguar]]
[[li:jaguar]]
[[my:jaguar]]
[[nl:jaguar]]
[[no:jaguar]]
[[pl:jaguar]]
[[ro:jaguar]]
[[ru:jaguar]]
[[simple:jaguar]]
[[ta:jaguar]]
[[te:jaguar]]
[[tr:jaguar]]
[[vi:jaguar]]
[[zh:jaguar]]</text>
<sha1>ktdoy48axxxgzx06dapelsgmajw7vtq</sha1>
</revision>
<revision>
<id>1194153</id>
<parentid>1074417</parentid>
<timestamp>2011-07-08T23:04:56Z</timestamp>
<contributor>
<username>MalafayaBot</username>
<id>628</id>
</contributor>
<minor />
<comment>Robô: Substituição de texto automática (-^\=\s?Português\s?\= +={{-pt-}}= &amp; -^\=\s?\{\{pt\}\}\s?\= +={{-pt-}}=)</comment>
<model>wikitext</model>
<format>text/x-wiki</format>
<text bytes="1083" xml:space="preserve">{{wikipedia}}
[[Image:Jaguar sitting-edit1.jpg|thumb|80px|&lt;center&gt;Jaguar&lt;/center&gt;]]

={{-pt-}}=
==Substantivo==
{{flex.pt|ms=jaguar|mp=jaguares}}
{{oxítona|ja|guar}}
# {{escopo|Zoologia}} [[felídeo]] [[grande]] e [[feroz]] cuja [[pelo|pelagem]] tem [[mancha]]s [[preta]]s; [[onça]], onça-pintada

===Tradução===
{{tradini}}
* {{en}}: {{xlatio|en|jaguar|}}
{{tradmeio}}
* {{pl}}: {{xlatio|pl|jaguar|}}
* [[talian|Talian]]: [[zagoara]]
{{tradfim}}

=={{etimologia|pt}}==
: Do tupi ''ya 'guara''.&lt;ref&gt;http://www.areaindigena.hpg.ig.com.br/dicionario.htm&lt;/ref&gt;
=Referências=
&lt;references/&gt;
[[Categoria:Substantivo (Português)]]
[[Categoria:Zoologia (Português)]]
[[Categoria:Figura (Português)]]

[[de:jaguar]]
[[el:jaguar]]
[[en:jaguar]]
[[eo:jaguar]]
[[es:jaguar]]
[[et:jaguar]]
[[fa:jaguar]]
[[fi:jaguar]]
[[fr:jaguar]]
[[hu:jaguar]]
[[io:jaguar]]
[[it:jaguar]]
[[ku:jaguar]]
[[la:jaguar]]
[[li:jaguar]]
[[my:jaguar]]
[[nl:jaguar]]
[[no:jaguar]]
[[pl:jaguar]]
[[ro:jaguar]]
[[ru:jaguar]]
[[simple:jaguar]]
[[ta:jaguar]]
[[te:jaguar]]
[[tr:jaguar]]
[[vi:jaguar]]
[[zh:jaguar]]</text>
<sha1>krhkkrgc598q2ygyqnwhwudo7uz97w5</sha1>
</revision>
<revision>
<id>1271639</id>
<parentid>1194153</parentid>
<timestamp>2011-11-02T08:29:04Z</timestamp>
<contributor>
<username>JAnDbot</username>
<id>25083</id>
</contributor>
<minor />
<comment>r2.5.2) (Robô: A adicionar: [[eu:jaguar]], [[ko:jaguar]]</comment>
<model>wikitext</model>
<format>text/x-wiki</format>
<text bytes="1111" xml:space="preserve">{{wikipedia}}
[[Image:Jaguar sitting-edit1.jpg|thumb|80px|&lt;center&gt;Jaguar&lt;/center&gt;]]

={{-pt-}}=
==Substantivo==
{{flex.pt|ms=jaguar|mp=jaguares}}
{{oxítona|ja|guar}}
# {{escopo|Zoologia}} [[felídeo]] [[grande]] e [[feroz]] cuja [[pelo|pelagem]] tem [[mancha]]s [[preta]]s; [[onça]], onça-pintada

===Tradução===
{{tradini}}
* {{en}}: {{xlatio|en|jaguar|}}
{{tradmeio}}
* {{pl}}: {{xlatio|pl|jaguar|}}
* [[talian|Talian]]: [[zagoara]]
{{tradfim}}

=={{etimologia|pt}}==
: Do tupi ''ya 'guara''.&lt;ref&gt;http://www.areaindigena.hpg.ig.com.br/dicionario.htm&lt;/ref&gt;
=Referências=
&lt;references/&gt;
[[Categoria:Substantivo (Português)]]
[[Categoria:Zoologia (Português)]]
[[Categoria:Figura (Português)]]

[[de:jaguar]]
[[el:jaguar]]
[[en:jaguar]]
[[eo:jaguar]]
[[es:jaguar]]
[[et:jaguar]]
[[eu:jaguar]]
[[fa:jaguar]]
[[fi:jaguar]]
[[fr:jaguar]]
[[hu:jaguar]]
[[io:jaguar]]
[[it:jaguar]]
[[ko:jaguar]]
[[ku:jaguar]]
[[la:jaguar]]
[[li:jaguar]]
[[my:jaguar]]
[[nl:jaguar]]
[[no:jaguar]]
[[pl:jaguar]]
[[ro:jaguar]]
[[ru:jaguar]]
[[simple:jaguar]]
[[ta:jaguar]]
[[te:jaguar]]
[[tr:jaguar]]
[[vi:jaguar]]
[[zh:jaguar]]</text>
<sha1>sgxnsoei7f915wwprqunphv6udpdhzw</sha1>
</revision>
<revision>
<id>1345762</id>
<parentid>1271639</parentid>
<timestamp>2011-12-24T15:00:19Z</timestamp>
<contributor>
<username>Luckas-bot</username>
<id>5986</id>
</contributor>
<minor />
<comment>r2.7.2) (Robô: A adicionar: [[id:jaguar]]</comment>
<model>wikitext</model>
<format>text/x-wiki</format>
<text bytes="1125" xml:space="preserve">{{wikipedia}}
[[Image:Jaguar sitting-edit1.jpg|thumb|80px|&lt;center&gt;Jaguar&lt;/center&gt;]]

={{-pt-}}=
==Substantivo==
{{flex.pt|ms=jaguar|mp=jaguares}}
{{oxítona|ja|guar}}
# {{escopo|Zoologia}} [[felídeo]] [[grande]] e [[feroz]] cuja [[pelo|pelagem]] tem [[mancha]]s [[preta]]s; [[onça]], onça-pintada

===Tradução===
{{tradini}}
* {{en}}: {{xlatio|en|jaguar|}}
{{tradmeio}}
* {{pl}}: {{xlatio|pl|jaguar|}}
* [[talian|Talian]]: [[zagoara]]
{{tradfim}}

=={{etimologia|pt}}==
: Do tupi ''ya 'guara''.&lt;ref&gt;http://www.areaindigena.hpg.ig.com.br/dicionario.htm&lt;/ref&gt;
=Referências=
&lt;references/&gt;
[[Categoria:Substantivo (Português)]]
[[Categoria:Zoologia (Português)]]
[[Categoria:Figura (Português)]]

[[de:jaguar]]
[[el:jaguar]]
[[en:jaguar]]
[[eo:jaguar]]
[[es:jaguar]]
[[et:jaguar]]
[[eu:jaguar]]
[[fa:jaguar]]
[[fi:jaguar]]
[[fr:jaguar]]
[[hu:jaguar]]
[[id:jaguar]]
[[io:jaguar]]
[[it:jaguar]]
[[ko:jaguar]]
[[ku:jaguar]]
[[la:jaguar]]
[[li:jaguar]]
[[my:jaguar]]
[[nl:jaguar]]
[[no:jaguar]]
[[pl:jaguar]]
[[ro:jaguar]]
[[ru:jaguar]]
[[simple:jaguar]]
[[ta:jaguar]]
[[te:jaguar]]
[[tr:jaguar]]
[[vi:jaguar]]
[[zh:jaguar]]</text>
<sha1>b1sectfop0yqk9snrsho8lzeabmp4tr</sha1>
</revision>
<revision>
<id>1381776</id>
<parentid>1345762</parentid>
<timestamp>2012-02-26T17:18:28Z</timestamp>
<contributor>
<username>KamikazeBot</username>
<id>23176</id>
</contributor>
<minor />
<comment>r2.7.2) (Robô: A adicionar: [[nah:jaguar]]</comment>
<model>wikitext</model>
<format>text/x-wiki</format>
<text bytes="1140" xml:space="preserve">{{wikipedia}}
[[Image:Jaguar sitting-edit1.jpg|thumb|80px|&lt;center&gt;Jaguar&lt;/center&gt;]]

={{-pt-}}=
==Substantivo==
{{flex.pt|ms=jaguar|mp=jaguares}}
{{oxítona|ja|guar}}
# {{escopo|Zoologia}} [[felídeo]] [[grande]] e [[feroz]] cuja [[pelo|pelagem]] tem [[mancha]]s [[preta]]s; [[onça]], onça-pintada

===Tradução===
{{tradini}}
* {{en}}: {{xlatio|en|jaguar|}}
{{tradmeio}}
* {{pl}}: {{xlatio|pl|jaguar|}}
* [[talian|Talian]]: [[zagoara]]
{{tradfim}}

=={{etimologia|pt}}==
: Do tupi ''ya 'guara''.&lt;ref&gt;http://www.areaindigena.hpg.ig.com.br/dicionario.htm&lt;/ref&gt;
=Referências=
&lt;references/&gt;
[[Categoria:Substantivo (Português)]]
[[Categoria:Zoologia (Português)]]
[[Categoria:Figura (Português)]]

[[de:jaguar]]
[[el:jaguar]]
[[en:jaguar]]
[[eo:jaguar]]
[[es:jaguar]]
[[et:jaguar]]
[[eu:jaguar]]
[[fa:jaguar]]
[[fi:jaguar]]
[[fr:jaguar]]
[[hu:jaguar]]
[[id:jaguar]]
[[io:jaguar]]
[[it:jaguar]]
[[ko:jaguar]]
[[ku:jaguar]]
[[la:jaguar]]
[[li:jaguar]]
[[my:jaguar]]
[[nah:jaguar]]
[[nl:jaguar]]
[[no:jaguar]]
[[pl:jaguar]]
[[ro:jaguar]]
[[ru:jaguar]]
[[simple:jaguar]]
[[ta:jaguar]]
[[te:jaguar]]
[[tr:jaguar]]
[[vi:jaguar]]
[[zh:jaguar]]</text>
<sha1>6p9glxfris67lr9k0fqxoolelgujlkn</sha1>
</revision>
<revision>
<id>1459803</id>
<parentid>1381776</parentid>
<timestamp>2012-09-09T02:41:22Z</timestamp>
<contributor>
<username>HydrizBot</username>
<id>29590</id>
</contributor>
<minor />
<comment>r2.7.3) (Robô: A adicionar: [[ca:jaguar]]</comment>
<model>wikitext</model>
<format>text/x-wiki</format>
<text bytes="1154" xml:space="preserve">{{wikipedia}}
[[Image:Jaguar sitting-edit1.jpg|thumb|80px|&lt;center&gt;Jaguar&lt;/center&gt;]]

={{-pt-}}=
==Substantivo==
{{flex.pt|ms=jaguar|mp=jaguares}}
{{oxítona|ja|guar}}
# {{escopo|Zoologia}} [[felídeo]] [[grande]] e [[feroz]] cuja [[pelo|pelagem]] tem [[mancha]]s [[preta]]s; [[onça]], onça-pintada

===Tradução===
{{tradini}}
* {{en}}: {{xlatio|en|jaguar|}}
{{tradmeio}}
* {{pl}}: {{xlatio|pl|jaguar|}}
* [[talian|Talian]]: [[zagoara]]
{{tradfim}}

=={{etimologia|pt}}==
: Do tupi ''ya 'guara''.&lt;ref&gt;http://www.areaindigena.hpg.ig.com.br/dicionario.htm&lt;/ref&gt;
=Referências=
&lt;references/&gt;
[[Categoria:Substantivo (Português)]]
[[Categoria:Zoologia (Português)]]
[[Categoria:Figura (Português)]]

[[ca:jaguar]]
[[de:jaguar]]
[[el:jaguar]]
[[en:jaguar]]
[[eo:jaguar]]
[[es:jaguar]]
[[et:jaguar]]
[[eu:jaguar]]
[[fa:jaguar]]
[[fi:jaguar]]
[[fr:jaguar]]
[[hu:jaguar]]
[[id:jaguar]]
[[io:jaguar]]
[[it:jaguar]]
[[ko:jaguar]]
[[ku:jaguar]]
[[la:jaguar]]
[[li:jaguar]]
[[my:jaguar]]
[[nah:jaguar]]
[[nl:jaguar]]
[[no:jaguar]]
[[pl:jaguar]]
[[ro:jaguar]]
[[ru:jaguar]]
[[simple:jaguar]]
[[ta:jaguar]]
[[te:jaguar]]
[[tr:jaguar]]
[[vi:jaguar]]
[[zh:jaguar]]</text>
<sha1>alesvv7ybv94qi6ki9rmoog6dbttzkk</sha1>
</revision>
<revision>
<id>1475042</id>
<parentid>1459803</parentid>
<timestamp>2012-10-10T13:35:41Z</timestamp>
<contributor>
<username>ValJor</username>
<id>1358</id>
</contributor>
<comment>Eliminando seção de Referências</comment>
<model>wikitext</model>
<format>text/x-wiki</format>
<text bytes="3001" xml:space="preserve">{{Wikipédia}}
[[Image:Jaguar sitting-edit1.jpg|thumb|250px|&lt;center&gt;Jaguar&lt;/center&gt;]]

={{-pt-}}=
==Substantivo==
{{flex.pt|ms=jaguar|mp=jaguares}}
{{oxítona|ja|guar}}
# {{escopo|Zoologia}} [[felídeo]] [[grande]] e [[feroz]] cuja [[pelo|pelagem]] tem [[mancha]]s [[preto|pretas]]; [[onça]], onça-pintada

===Tradução===
{{tradini}}
* {{trad|da|jaguar}}
* {{trad|es|jaguar}}
* {{trad|fr|jaguar}}
* {{trad|nl|jaguar}}
* {{trad|hu|jaguár}}
* {{trad|en|jaguar}}
{{tradmeio}}
* {{trad|pl|jaguar}}
* {{trad|ro|jaguar}}
* {{trad|sh|jaguar}}
* {{trad|tr|jaguar}}
* {{trad|roa-tal|zagoara}}
{{tradfim}}

=={{etimologia|pt}}==
: Do tupi ''ya 'guara''.

[[Categoria:Substantivo (Português)]]
[[Categoria:Mamífero (Português)]]
[[Categoria:Figura (Português)]]


={{-da-}}=
==Substantivo==
'''jaguar'''
# {{escopo|Zoologia}} [[jaguar#Português|jaguar]]

[[Categoria:Substantivo (Dinamarquês)]]
[[Categoria:Mamífero (Dinamarquês)]]
[[Categoria:Figura (Dinamarquês)]]


={{-es-}}=
==Substantivo==
'''jaguar'''
# {{escopo|Zoologia}} [[jaguar#Português|jaguar]]

[[Categoria:Substantivo (Espanhol)]]
[[Categoria:Mamífero (Espanhol)]]
[[Categoria:Figura (Espanhol)]]


={{-fr-}}=
==Substantivo==
'''jaguar'''
# {{escopo|Zoologia}} [[jaguar#Português|jaguar]]

[[Categoria:Substantivo (Francês)]]
[[Categoria:Mamífero (Francês)]]
[[Categoria:Figura (Francês)]]


={{-nl-}}=
==Substantivo==
'''jaguar'''
# {{escopo|Zoologia}} [[jaguar#Português|jaguar]]

[[Categoria:Substantivo (Holandês)]]
[[Categoria:Mamífero (Holandês)]]
[[Categoria:Figura (Holandês)]]


={{-en-}}=
==Substantivo==
'''jaguar'''
# {{escopo|Zoologia}} [[jaguar#Português|jaguar]]

[[Categoria:Substantivo (Inglês)]]
[[Categoria:Mamífero (Inglês)]]
[[Categoria:Figura (Inglês)]]


={{-pl-}}=
==Substantivo==
'''jaguar'''
# {{escopo|Zoologia}} [[jaguar#Português|jaguar]]

[[Categoria:Substantivo (Polonês)]]
[[Categoria:Mamífero (Polonês)]]
[[Categoria:Figura (Polonês)]]


={{-ro-}}=
==Substantivo==
'''jaguar'''
# {{escopo|Zoologia}} [[jaguar#Português|jaguar]]

[[Categoria:Substantivo (Romeno)]]
[[Categoria:Mamífero (Romeno)]]
[[Categoria:Figura (Romeno)]]


={{-sh-}}=
==Substantivo==
'''jaguar'''
# {{escopo|Zoologia}} [[jaguar#Português|jaguar]]

[[Categoria:Substantivo (Servocroata)]]
[[Categoria:Mamífero (Servocroata)]]
[[Categoria:Figura (Servocroata)]]


={{-tr-}}=
==Substantivo==
'''jaguar'''
# {{escopo|Zoologia}} [[jaguar#Português|jaguar]]

[[Categoria:Substantivo (Turco)]]
[[Categoria:Mamífero (Turco)]]
[[Categoria:Figura (Turco)]]

[[ca:jaguar]]
[[de:jaguar]]
[[el:jaguar]]
[[en:jaguar]]
[[eo:jaguar]]
[[es:jaguar]]
[[et:jaguar]]
[[eu:jaguar]]
[[fa:jaguar]]
[[fi:jaguar]]
[[fr:jaguar]]
[[hu:jaguar]]
[[id:jaguar]]
[[io:jaguar]]
[[it:jaguar]]
[[ko:jaguar]]
[[ku:jaguar]]
[[la:jaguar]]
[[li:jaguar]]
[[my:jaguar]]
[[nah:jaguar]]
[[nl:jaguar]]
[[no:jaguar]]
[[pl:jaguar]]
[[ro:jaguar]]
[[ru:jaguar]]
[[simple:jaguar]]
[[ta:jaguar]]
[[te:jaguar]]
[[tr:jaguar]]
[[vi:jaguar]]
[[zh:jaguar]]</text>
<sha1>dw9s7e9wml67kdxojroxqn2bnd0btvi</sha1>
</revision>
<revision>
<id>1614244</id>
<parentid>1475042</parentid>
<timestamp>2013-01-21T16:43:10Z</timestamp>
<contributor>
<username>MalafayaBot</username>
<id>628</id>
</contributor>
<minor />
<comment>Robô: A modificar Categoria:Figura (Dinamarquês) para Categoria:Entrada com imagem (Dinamarquês)</comment>
<model>wikitext</model>
<format>text/x-wiki</format>
<text bytes="2995" xml:space="preserve">{{Wikipédia}}
[[Image:Jaguar sitting-edit1.jpg|thumb|250px|&lt;center&gt;Jaguar&lt;/center&gt;]]

={{-pt-}}=
==Substantivo==
{{flex.pt|ms=jaguar|mp=jaguares}}
{{oxítona|ja|guar}}
# {{escopo|Zoologia}} [[felídeo]] [[grande]] e [[feroz]] cuja [[pelo|pelagem]] tem [[mancha]]s [[preto|pretas]]; [[onça]], onça-pintada

===Tradução===
{{tradini}}
* {{trad|da|jaguar}}
* {{trad|es|jaguar}}
* {{trad|fr|jaguar}}
* {{trad|nl|jaguar}}
* {{trad|hu|jaguár}}
* {{trad|en|jaguar}}
{{tradmeio}}
* {{trad|pl|jaguar}}
* {{trad|ro|jaguar}}
* {{trad|sh|jaguar}}
* {{trad|tr|jaguar}}
* {{trad|roa-tal|zagoara}}
{{tradfim}}

=={{etimologia|pt}}==
: Do tupi ''ya 'guara''.

={{-da-}}=
==Substantivo==
'''jaguar'''
# {{escopo|Zoologia}} [[jaguar#Português|jaguar]]

={{-es-}}=
==Substantivo==
'''jaguar'''
# {{escopo|Zoologia}} [[jaguar#Português|jaguar]]

={{-fr-}}=
==Substantivo==
'''jaguar'''
# {{escopo|Zoologia}} [[jaguar#Português|jaguar]]

={{-nl-}}=
==Substantivo==
'''jaguar'''
# {{escopo|Zoologia}} [[jaguar#Português|jaguar]]

={{-en-}}=
==Substantivo==
'''jaguar'''
# {{escopo|Zoologia}} [[jaguar#Português|jaguar]]

={{-pl-}}=
==Substantivo==
'''jaguar'''
# {{escopo|Zoologia}} [[jaguar#Português|jaguar]]

={{-ro-}}=
==Substantivo==
'''jaguar'''
# {{escopo|Zoologia}} [[jaguar#Português|jaguar]]

={{-sh-}}=
==Substantivo==
'''jaguar'''
# {{escopo|Zoologia}} [[jaguar#Português|jaguar]]

={{-tr-}}=
==Substantivo==
'''jaguar'''
# {{escopo|Zoologia}} [[jaguar#Português|jaguar]]

[[Categoria:Substantivo (Português)]]
[[Categoria:Mamífero (Português)]]
[[Categoria:Figura (Português)]]
[[Categoria:Substantivo (Dinamarquês)]]
[[Categoria:Mamífero (Dinamarquês)]]
[[Categoria:Entrada com imagem (Dinamarquês)]]
[[Categoria:Substantivo (Espanhol)]]
[[Categoria:Mamífero (Espanhol)]]
[[Categoria:Figura (Espanhol)]]
[[Categoria:Substantivo (Francês)]]
[[Categoria:Mamífero (Francês)]]
[[Categoria:Figura (Francês)]]
[[Categoria:Substantivo (Holandês)]]
[[Categoria:Mamífero (Holandês)]]
[[Categoria:Figura (Holandês)]]
[[Categoria:Substantivo (Inglês)]]
[[Categoria:Mamífero (Inglês)]]
[[Categoria:Figura (Inglês)]]
[[Categoria:Substantivo (Polonês)]]
[[Categoria:Mamífero (Polonês)]]
[[Categoria:Figura (Polonês)]]
[[Categoria:Substantivo (Romeno)]]
[[Categoria:Mamífero (Romeno)]]
[[Categoria:Figura (Romeno)]]
[[Categoria:Substantivo (Servocroata)]]
[[Categoria:Mamífero (Servocroata)]]
[[Categoria:Figura (Servocroata)]]
[[Categoria:Substantivo (Turco)]]
[[Categoria:Mamífero (Turco)]]
[[Categoria:Figura (Turco)]]

[[ca:jaguar]]
[[de:jaguar]]
[[el:jaguar]]
[[en:jaguar]]
[[eo:jaguar]]
[[es:jaguar]]
[[et:jaguar]]
[[eu:jaguar]]
[[fa:jaguar]]
[[fi:jaguar]]
[[fr:jaguar]]
[[hu:jaguar]]
[[id:jaguar]]
[[io:jaguar]]
[[it:jaguar]]
[[ko:jaguar]]
[[ku:jaguar]]
[[la:jaguar]]
[[li:jaguar]]
[[my:jaguar]]
[[nah:jaguar]]
[[nl:jaguar]]
[[no:jaguar]]
[[pl:jaguar]]
[[ro:jaguar]]
[[ru:jaguar]]
[[simple:jaguar]]
[[ta:jaguar]]
[[te:jaguar]]
[[tr:jaguar]]
[[vi:jaguar]]
[[zh:jaguar]]</text>
<sha1>ma1yk2sxerdzoqoy5j8a6t02puvk6dz</sha1>
</revision>
<revision>
<id>1614764</id>
<parentid>1614244</parentid>
<timestamp>2013-01-21T17:14:32Z</timestamp>
<contributor>
<username>MalafayaBot</username>
<id>628</id>
</contributor>
<minor />
<comment>Robô: A modificar Categoria:Figura (Espanhol) para Categoria:Entrada com imagem (Espanhol)</comment>
<model>wikitext</model>
<format>text/x-wiki</format>
<text bytes="3007" xml:space="preserve">{{Wikipédia}}
[[Image:Jaguar sitting-edit1.jpg|thumb|250px|&lt;center&gt;Jaguar&lt;/center&gt;]]

={{-pt-}}=
==Substantivo==
{{flex.pt|ms=jaguar|mp=jaguares}}
{{oxítona|ja|guar}}
# {{escopo|Zoologia}} [[felídeo]] [[grande]] e [[feroz]] cuja [[pelo|pelagem]] tem [[mancha]]s [[preto|pretas]]; [[onça]], onça-pintada

===Tradução===
{{tradini}}
* {{trad|da|jaguar}}
* {{trad|es|jaguar}}
* {{trad|fr|jaguar}}
* {{trad|nl|jaguar}}
* {{trad|hu|jaguár}}
* {{trad|en|jaguar}}
{{tradmeio}}
* {{trad|pl|jaguar}}
* {{trad|ro|jaguar}}
* {{trad|sh|jaguar}}
* {{trad|tr|jaguar}}
* {{trad|roa-tal|zagoara}}
{{tradfim}}

=={{etimologia|pt}}==
: Do tupi ''ya 'guara''.

={{-da-}}=
==Substantivo==
'''jaguar'''
# {{escopo|Zoologia}} [[jaguar#Português|jaguar]]

={{-es-}}=
==Substantivo==
'''jaguar'''
# {{escopo|Zoologia}} [[jaguar#Português|jaguar]]

={{-fr-}}=
==Substantivo==
'''jaguar'''
# {{escopo|Zoologia}} [[jaguar#Português|jaguar]]

={{-nl-}}=
==Substantivo==
'''jaguar'''
# {{escopo|Zoologia}} [[jaguar#Português|jaguar]]

={{-en-}}=
==Substantivo==
'''jaguar'''
# {{escopo|Zoologia}} [[jaguar#Português|jaguar]]

={{-pl-}}=
==Substantivo==
'''jaguar'''
# {{escopo|Zoologia}} [[jaguar#Português|jaguar]]

={{-ro-}}=
==Substantivo==
'''jaguar'''
# {{escopo|Zoologia}} [[jaguar#Português|jaguar]]

={{-sh-}}=
==Substantivo==
'''jaguar'''
# {{escopo|Zoologia}} [[jaguar#Português|jaguar]]

={{-tr-}}=
==Substantivo==
'''jaguar'''
# {{escopo|Zoologia}} [[jaguar#Português|jaguar]]

[[Categoria:Substantivo (Português)]]
[[Categoria:Mamífero (Português)]]
[[Categoria:Figura (Português)]]
[[Categoria:Substantivo (Dinamarquês)]]
[[Categoria:Mamífero (Dinamarquês)]]
[[Categoria:Entrada com imagem (Dinamarquês)]]
[[Categoria:Substantivo (Espanhol)]]
[[Categoria:Mamífero (Espanhol)]]
[[Categoria:Entrada com imagem (Espanhol)]]
[[Categoria:Substantivo (Francês)]]
[[Categoria:Mamífero (Francês)]]
[[Categoria:Figura (Francês)]]
[[Categoria:Substantivo (Holandês)]]
[[Categoria:Mamífero (Holandês)]]
[[Categoria:Figura (Holandês)]]
[[Categoria:Substantivo (Inglês)]]
[[Categoria:Mamífero (Inglês)]]
[[Categoria:Figura (Inglês)]]
[[Categoria:Substantivo (Polonês)]]
[[Categoria:Mamífero (Polonês)]]
[[Categoria:Figura (Polonês)]]
[[Categoria:Substantivo (Romeno)]]
[[Categoria:Mamífero (Romeno)]]
[[Categoria:Figura (Romeno)]]
[[Categoria:Substantivo (Servocroata)]]
[[Categoria:Mamífero (Servocroata)]]
[[Categoria:Figura (Servocroata)]]
[[Categoria:Substantivo (Turco)]]
[[Categoria:Mamífero (Turco)]]
[[Categoria:Figura (Turco)]]

[[ca:jaguar]]
[[de:jaguar]]
[[el:jaguar]]
[[en:jaguar]]
[[eo:jaguar]]
[[es:jaguar]]
[[et:jaguar]]
[[eu:jaguar]]
[[fa:jaguar]]
[[fi:jaguar]]
[[fr:jaguar]]
[[hu:jaguar]]
[[id:jaguar]]
[[io:jaguar]]
[[it:jaguar]]
[[ko:jaguar]]
[[ku:jaguar]]
[[la:jaguar]]
[[li:jaguar]]
[[my:jaguar]]
[[nah:jaguar]]
[[nl:jaguar]]
[[no:jaguar]]
[[pl:jaguar]]
[[ro:jaguar]]
[[ru:jaguar]]
[[simple:jaguar]]
[[ta:jaguar]]
[[te:jaguar]]
[[tr:jaguar]]
[[vi:jaguar]]
[[zh:jaguar]]</text>
<sha1>8tnjintbcqchwn3va8ezfpvzm2gfnsz</sha1>
</revision>
<revision>
<id>1615032</id>
<parentid>1614764</parentid>
<timestamp>2013-01-21T17:28:42Z</timestamp>
<contributor>
<username>MalafayaBot</username>
<id>628</id>
</contributor>
<minor />
<comment>Robô: Substituição de texto automática (-|Figura| +|Entrada com imagem|, -[[Categoria:Figura  +[[Categoria:Entrada com imagem , -|Figura}} +|Entrada com imagem}})</comment>
<model>wikitext</model>
<format>text/x-wiki</format>
<text bytes="3103" xml:space="preserve">{{Wikipédia}}
[[Image:Jaguar sitting-edit1.jpg|thumb|250px|&lt;center&gt;Jaguar&lt;/center&gt;]]

={{-pt-}}=
==Substantivo==
{{flex.pt|ms=jaguar|mp=jaguares}}
{{oxítona|ja|guar}}
# {{escopo|Zoologia}} [[felídeo]] [[grande]] e [[feroz]] cuja [[pelo|pelagem]] tem [[mancha]]s [[preto|pretas]]; [[onça]], onça-pintada

===Tradução===
{{tradini}}
* {{trad|da|jaguar}}
* {{trad|es|jaguar}}
* {{trad|fr|jaguar}}
* {{trad|nl|jaguar}}
* {{trad|hu|jaguár}}
* {{trad|en|jaguar}}
{{tradmeio}}
* {{trad|pl|jaguar}}
* {{trad|ro|jaguar}}
* {{trad|sh|jaguar}}
* {{trad|tr|jaguar}}
* {{trad|roa-tal|zagoara}}
{{tradfim}}

=={{etimologia|pt}}==
: Do tupi ''ya 'guara''.

={{-da-}}=
==Substantivo==
'''jaguar'''
# {{escopo|Zoologia}} [[jaguar#Português|jaguar]]

={{-es-}}=
==Substantivo==
'''jaguar'''
# {{escopo|Zoologia}} [[jaguar#Português|jaguar]]

={{-fr-}}=
==Substantivo==
'''jaguar'''
# {{escopo|Zoologia}} [[jaguar#Português|jaguar]]

={{-nl-}}=
==Substantivo==
'''jaguar'''
# {{escopo|Zoologia}} [[jaguar#Português|jaguar]]

={{-en-}}=
==Substantivo==
'''jaguar'''
# {{escopo|Zoologia}} [[jaguar#Português|jaguar]]

={{-pl-}}=
==Substantivo==
'''jaguar'''
# {{escopo|Zoologia}} [[jaguar#Português|jaguar]]

={{-ro-}}=
==Substantivo==
'''jaguar'''
# {{escopo|Zoologia}} [[jaguar#Português|jaguar]]

={{-sh-}}=
==Substantivo==
'''jaguar'''
# {{escopo|Zoologia}} [[jaguar#Português|jaguar]]

={{-tr-}}=
==Substantivo==
'''jaguar'''
# {{escopo|Zoologia}} [[jaguar#Português|jaguar]]

[[Categoria:Substantivo (Português)]]
[[Categoria:Mamífero (Português)]]
[[Categoria:Entrada com imagem (Português)]]
[[Categoria:Substantivo (Dinamarquês)]]
[[Categoria:Mamífero (Dinamarquês)]]
[[Categoria:Entrada com imagem (Dinamarquês)]]
[[Categoria:Substantivo (Espanhol)]]
[[Categoria:Mamífero (Espanhol)]]
[[Categoria:Entrada com imagem (Espanhol)]]
[[Categoria:Substantivo (Francês)]]
[[Categoria:Mamífero (Francês)]]
[[Categoria:Entrada com imagem (Francês)]]
[[Categoria:Substantivo (Holandês)]]
[[Categoria:Mamífero (Holandês)]]
[[Categoria:Entrada com imagem (Holandês)]]
[[Categoria:Substantivo (Inglês)]]
[[Categoria:Mamífero (Inglês)]]
[[Categoria:Entrada com imagem (Inglês)]]
[[Categoria:Substantivo (Polonês)]]
[[Categoria:Mamífero (Polonês)]]
[[Categoria:Entrada com imagem (Polonês)]]
[[Categoria:Substantivo (Romeno)]]
[[Categoria:Mamífero (Romeno)]]
[[Categoria:Entrada com imagem (Romeno)]]
[[Categoria:Substantivo (Servocroata)]]
[[Categoria:Mamífero (Servocroata)]]
[[Categoria:Entrada com imagem (Servocroata)]]
[[Categoria:Substantivo (Turco)]]
[[Categoria:Mamífero (Turco)]]
[[Categoria:Entrada com imagem (Turco)]]

[[ca:jaguar]]
[[de:jaguar]]
[[el:jaguar]]
[[en:jaguar]]
[[eo:jaguar]]
[[es:jaguar]]
[[et:jaguar]]
[[eu:jaguar]]
[[fa:jaguar]]
[[fi:jaguar]]
[[fr:jaguar]]
[[hu:jaguar]]
[[id:jaguar]]
[[io:jaguar]]
[[it:jaguar]]
[[ko:jaguar]]
[[ku:jaguar]]
[[la:jaguar]]
[[li:jaguar]]
[[my:jaguar]]
[[nah:jaguar]]
[[nl:jaguar]]
[[no:jaguar]]
[[pl:jaguar]]
[[ro:jaguar]]
[[ru:jaguar]]
[[simple:jaguar]]
[[ta:jaguar]]
[[te:jaguar]]
[[tr:jaguar]]
[[vi:jaguar]]
[[zh:jaguar]]</text>
<sha1>oozp2vvt6k6oope8dh7pn8huz5n1uo0</sha1>
</revision>
<revision>
<id>1857812</id>
<parentid>1615032</parentid>
<timestamp>2014-09-14T19:28:10Z</timestamp>
<contributor>
<username>JAnDbot</username>
<id>25083</id>
</contributor>
<minor />
<comment>r2.7.3) (Robô: A adicionar: [[hy:jaguar]], [[sh:jaguar]]</comment>
<model>wikitext</model>
<format>text/x-wiki</format>
<text bytes="3131" xml:space="preserve">{{Wikipédia}}
[[Image:Jaguar sitting-edit1.jpg|thumb|250px|&lt;center&gt;Jaguar&lt;/center&gt;]]

={{-pt-}}=
==Substantivo==
{{flex.pt|ms=jaguar|mp=jaguares}}
{{oxítona|ja|guar}}
# {{escopo|Zoologia}} [[felídeo]] [[grande]] e [[feroz]] cuja [[pelo|pelagem]] tem [[mancha]]s [[preto|pretas]]; [[onça]], onça-pintada

===Tradução===
{{tradini}}
* {{trad|da|jaguar}}
* {{trad|es|jaguar}}
* {{trad|fr|jaguar}}
* {{trad|nl|jaguar}}
* {{trad|hu|jaguár}}
* {{trad|en|jaguar}}
{{tradmeio}}
* {{trad|pl|jaguar}}
* {{trad|ro|jaguar}}
* {{trad|sh|jaguar}}
* {{trad|tr|jaguar}}
* {{trad|roa-tal|zagoara}}
{{tradfim}}

=={{etimologia|pt}}==
: Do tupi ''ya 'guara''.

={{-da-}}=
==Substantivo==
'''jaguar'''
# {{escopo|Zoologia}} [[jaguar#Português|jaguar]]

={{-es-}}=
==Substantivo==
'''jaguar'''
# {{escopo|Zoologia}} [[jaguar#Português|jaguar]]

={{-fr-}}=
==Substantivo==
'''jaguar'''
# {{escopo|Zoologia}} [[jaguar#Português|jaguar]]

={{-nl-}}=
==Substantivo==
'''jaguar'''
# {{escopo|Zoologia}} [[jaguar#Português|jaguar]]

={{-en-}}=
==Substantivo==
'''jaguar'''
# {{escopo|Zoologia}} [[jaguar#Português|jaguar]]

={{-pl-}}=
==Substantivo==
'''jaguar'''
# {{escopo|Zoologia}} [[jaguar#Português|jaguar]]

={{-ro-}}=
==Substantivo==
'''jaguar'''
# {{escopo|Zoologia}} [[jaguar#Português|jaguar]]

={{-sh-}}=
==Substantivo==
'''jaguar'''
# {{escopo|Zoologia}} [[jaguar#Português|jaguar]]

={{-tr-}}=
==Substantivo==
'''jaguar'''
# {{escopo|Zoologia}} [[jaguar#Português|jaguar]]

[[Categoria:Substantivo (Português)]]
[[Categoria:Mamífero (Português)]]
[[Categoria:Entrada com imagem (Português)]]
[[Categoria:Substantivo (Dinamarquês)]]
[[Categoria:Mamífero (Dinamarquês)]]
[[Categoria:Entrada com imagem (Dinamarquês)]]
[[Categoria:Substantivo (Espanhol)]]
[[Categoria:Mamífero (Espanhol)]]
[[Categoria:Entrada com imagem (Espanhol)]]
[[Categoria:Substantivo (Francês)]]
[[Categoria:Mamífero (Francês)]]
[[Categoria:Entrada com imagem (Francês)]]
[[Categoria:Substantivo (Holandês)]]
[[Categoria:Mamífero (Holandês)]]
[[Categoria:Entrada com imagem (Holandês)]]
[[Categoria:Substantivo (Inglês)]]
[[Categoria:Mamífero (Inglês)]]
[[Categoria:Entrada com imagem (Inglês)]]
[[Categoria:Substantivo (Polonês)]]
[[Categoria:Mamífero (Polonês)]]
[[Categoria:Entrada com imagem (Polonês)]]
[[Categoria:Substantivo (Romeno)]]
[[Categoria:Mamífero (Romeno)]]
[[Categoria:Entrada com imagem (Romeno)]]
[[Categoria:Substantivo (Servocroata)]]
[[Categoria:Mamífero (Servocroata)]]
[[Categoria:Entrada com imagem (Servocroata)]]
[[Categoria:Substantivo (Turco)]]
[[Categoria:Mamífero (Turco)]]
[[Categoria:Entrada com imagem (Turco)]]

[[ca:jaguar]]
[[de:jaguar]]
[[el:jaguar]]
[[en:jaguar]]
[[eo:jaguar]]
[[es:jaguar]]
[[et:jaguar]]
[[eu:jaguar]]
[[fa:jaguar]]
[[fi:jaguar]]
[[fr:jaguar]]
[[hu:jaguar]]
[[hy:jaguar]]
[[id:jaguar]]
[[io:jaguar]]
[[it:jaguar]]
[[ko:jaguar]]
[[ku:jaguar]]
[[la:jaguar]]
[[li:jaguar]]
[[my:jaguar]]
[[nah:jaguar]]
[[nl:jaguar]]
[[no:jaguar]]
[[pl:jaguar]]
[[ro:jaguar]]
[[ru:jaguar]]
[[sh:jaguar]]
[[simple:jaguar]]
[[ta:jaguar]]
[[te:jaguar]]
[[tr:jaguar]]
[[vi:jaguar]]
[[zh:jaguar]]</text>
<sha1>tthf3sqcwbubx3cr2bs0pddlspeobck</sha1>
</revision>
<revision>
<id>1883268</id>
<parentid>1857812</parentid>
<timestamp>2015-01-01T03:53:21Z</timestamp>
<contributor>
<username>HydrizBot</username>
<id>29590</id>
</contributor>
<minor />
<comment>r2.7.3) (Robô: A adicionar: [[sq:jaguar]]</comment>
<model>wikitext</model>
<format>text/x-wiki</format>
<text bytes="3145" xml:space="preserve">{{Wikipédia}}
[[Image:Jaguar sitting-edit1.jpg|thumb|250px|&lt;center&gt;Jaguar&lt;/center&gt;]]

={{-pt-}}=
==Substantivo==
{{flex.pt|ms=jaguar|mp=jaguares}}
{{oxítona|ja|guar}}
# {{escopo|Zoologia}} [[felídeo]] [[grande]] e [[feroz]] cuja [[pelo|pelagem]] tem [[mancha]]s [[preto|pretas]]; [[onça]], onça-pintada

===Tradução===
{{tradini}}
* {{trad|da|jaguar}}
* {{trad|es|jaguar}}
* {{trad|fr|jaguar}}
* {{trad|nl|jaguar}}
* {{trad|hu|jaguár}}
* {{trad|en|jaguar}}
{{tradmeio}}
* {{trad|pl|jaguar}}
* {{trad|ro|jaguar}}
* {{trad|sh|jaguar}}
* {{trad|tr|jaguar}}
* {{trad|roa-tal|zagoara}}
{{tradfim}}

=={{etimologia|pt}}==
: Do tupi ''ya 'guara''.

={{-da-}}=
==Substantivo==
'''jaguar'''
# {{escopo|Zoologia}} [[jaguar#Português|jaguar]]

={{-es-}}=
==Substantivo==
'''jaguar'''
# {{escopo|Zoologia}} [[jaguar#Português|jaguar]]

={{-fr-}}=
==Substantivo==
'''jaguar'''
# {{escopo|Zoologia}} [[jaguar#Português|jaguar]]

={{-nl-}}=
==Substantivo==
'''jaguar'''
# {{escopo|Zoologia}} [[jaguar#Português|jaguar]]

={{-en-}}=
==Substantivo==
'''jaguar'''
# {{escopo|Zoologia}} [[jaguar#Português|jaguar]]

={{-pl-}}=
==Substantivo==
'''jaguar'''
# {{escopo|Zoologia}} [[jaguar#Português|jaguar]]

={{-ro-}}=
==Substantivo==
'''jaguar'''
# {{escopo|Zoologia}} [[jaguar#Português|jaguar]]

={{-sh-}}=
==Substantivo==
'''jaguar'''
# {{escopo|Zoologia}} [[jaguar#Português|jaguar]]

={{-tr-}}=
==Substantivo==
'''jaguar'''
# {{escopo|Zoologia}} [[jaguar#Português|jaguar]]

[[Categoria:Substantivo (Português)]]
[[Categoria:Mamífero (Português)]]
[[Categoria:Entrada com imagem (Português)]]
[[Categoria:Substantivo (Dinamarquês)]]
[[Categoria:Mamífero (Dinamarquês)]]
[[Categoria:Entrada com imagem (Dinamarquês)]]
[[Categoria:Substantivo (Espanhol)]]
[[Categoria:Mamífero (Espanhol)]]
[[Categoria:Entrada com imagem (Espanhol)]]
[[Categoria:Substantivo (Francês)]]
[[Categoria:Mamífero (Francês)]]
[[Categoria:Entrada com imagem (Francês)]]
[[Categoria:Substantivo (Holandês)]]
[[Categoria:Mamífero (Holandês)]]
[[Categoria:Entrada com imagem (Holandês)]]
[[Categoria:Substantivo (Inglês)]]
[[Categoria:Mamífero (Inglês)]]
[[Categoria:Entrada com imagem (Inglês)]]
[[Categoria:Substantivo (Polonês)]]
[[Categoria:Mamífero (Polonês)]]
[[Categoria:Entrada com imagem (Polonês)]]
[[Categoria:Substantivo (Romeno)]]
[[Categoria:Mamífero (Romeno)]]
[[Categoria:Entrada com imagem (Romeno)]]
[[Categoria:Substantivo (Servocroata)]]
[[Categoria:Mamífero (Servocroata)]]
[[Categoria:Entrada com imagem (Servocroata)]]
[[Categoria:Substantivo (Turco)]]
[[Categoria:Mamífero (Turco)]]
[[Categoria:Entrada com imagem (Turco)]]

[[ca:jaguar]]
[[de:jaguar]]
[[el:jaguar]]
[[en:jaguar]]
[[eo:jaguar]]
[[es:jaguar]]
[[et:jaguar]]
[[eu:jaguar]]
[[fa:jaguar]]
[[fi:jaguar]]
[[fr:jaguar]]
[[hu:jaguar]]
[[hy:jaguar]]
[[id:jaguar]]
[[io:jaguar]]
[[it:jaguar]]
[[ko:jaguar]]
[[ku:jaguar]]
[[la:jaguar]]
[[li:jaguar]]
[[my:jaguar]]
[[nah:jaguar]]
[[nl:jaguar]]
[[no:jaguar]]
[[pl:jaguar]]
[[ro:jaguar]]
[[ru:jaguar]]
[[sh:jaguar]]
[[simple:jaguar]]
[[sq:jaguar]]
[[ta:jaguar]]
[[te:jaguar]]
[[tr:jaguar]]
[[vi:jaguar]]
[[zh:jaguar]]</text>
<sha1>dbwo18feglugsuw2b36mk82bt6188aj</sha1>
</revision>
<revision>
<id>1940291</id>
<parentid>1883268</parentid>
<timestamp>2015-06-10T09:45:31Z</timestamp>
<contributor>
<username>HydrizBot</username>
<id>29590</id>
</contributor>
<minor />
<comment>Robô: A adicionar: [[ml:jaguar]], [[th:jaguar]]</comment>
<model>wikitext</model>
<format>text/x-wiki</format>
<text bytes="3173" xml:space="preserve">{{Wikipédia}}
[[Image:Jaguar sitting-edit1.jpg|thumb|250px|&lt;center&gt;Jaguar&lt;/center&gt;]]

={{-pt-}}=
==Substantivo==
{{flex.pt|ms=jaguar|mp=jaguares}}
{{oxítona|ja|guar}}
# {{escopo|Zoologia}} [[felídeo]] [[grande]] e [[feroz]] cuja [[pelo|pelagem]] tem [[mancha]]s [[preto|pretas]]; [[onça]], onça-pintada

===Tradução===
{{tradini}}
* {{trad|da|jaguar}}
* {{trad|es|jaguar}}
* {{trad|fr|jaguar}}
* {{trad|nl|jaguar}}
* {{trad|hu|jaguár}}
* {{trad|en|jaguar}}
{{tradmeio}}
* {{trad|pl|jaguar}}
* {{trad|ro|jaguar}}
* {{trad|sh|jaguar}}
* {{trad|tr|jaguar}}
* {{trad|roa-tal|zagoara}}
{{tradfim}}

=={{etimologia|pt}}==
: Do tupi ''ya 'guara''.

={{-da-}}=
==Substantivo==
'''jaguar'''
# {{escopo|Zoologia}} [[jaguar#Português|jaguar]]

={{-es-}}=
==Substantivo==
'''jaguar'''
# {{escopo|Zoologia}} [[jaguar#Português|jaguar]]

={{-fr-}}=
==Substantivo==
'''jaguar'''
# {{escopo|Zoologia}} [[jaguar#Português|jaguar]]

={{-nl-}}=
==Substantivo==
'''jaguar'''
# {{escopo|Zoologia}} [[jaguar#Português|jaguar]]

={{-en-}}=
==Substantivo==
'''jaguar'''
# {{escopo|Zoologia}} [[jaguar#Português|jaguar]]

={{-pl-}}=
==Substantivo==
'''jaguar'''
# {{escopo|Zoologia}} [[jaguar#Português|jaguar]]

={{-ro-}}=
==Substantivo==
'''jaguar'''
# {{escopo|Zoologia}} [[jaguar#Português|jaguar]]

={{-sh-}}=
==Substantivo==
'''jaguar'''
# {{escopo|Zoologia}} [[jaguar#Português|jaguar]]

={{-tr-}}=
==Substantivo==
'''jaguar'''
# {{escopo|Zoologia}} [[jaguar#Português|jaguar]]

[[Categoria:Substantivo (Português)]]
[[Categoria:Mamífero (Português)]]
[[Categoria:Entrada com imagem (Português)]]
[[Categoria:Substantivo (Dinamarquês)]]
[[Categoria:Mamífero (Dinamarquês)]]
[[Categoria:Entrada com imagem (Dinamarquês)]]
[[Categoria:Substantivo (Espanhol)]]
[[Categoria:Mamífero (Espanhol)]]
[[Categoria:Entrada com imagem (Espanhol)]]
[[Categoria:Substantivo (Francês)]]
[[Categoria:Mamífero (Francês)]]
[[Categoria:Entrada com imagem (Francês)]]
[[Categoria:Substantivo (Holandês)]]
[[Categoria:Mamífero (Holandês)]]
[[Categoria:Entrada com imagem (Holandês)]]
[[Categoria:Substantivo (Inglês)]]
[[Categoria:Mamífero (Inglês)]]
[[Categoria:Entrada com imagem (Inglês)]]
[[Categoria:Substantivo (Polonês)]]
[[Categoria:Mamífero (Polonês)]]
[[Categoria:Entrada com imagem (Polonês)]]
[[Categoria:Substantivo (Romeno)]]
[[Categoria:Mamífero (Romeno)]]
[[Categoria:Entrada com imagem (Romeno)]]
[[Categoria:Substantivo (Servocroata)]]
[[Categoria:Mamífero (Servocroata)]]
[[Categoria:Entrada com imagem (Servocroata)]]
[[Categoria:Substantivo (Turco)]]
[[Categoria:Mamífero (Turco)]]
[[Categoria:Entrada com imagem (Turco)]]

[[ca:jaguar]]
[[de:jaguar]]
[[el:jaguar]]
[[en:jaguar]]
[[eo:jaguar]]
[[es:jaguar]]
[[et:jaguar]]
[[eu:jaguar]]
[[fa:jaguar]]
[[fi:jaguar]]
[[fr:jaguar]]
[[hu:jaguar]]
[[hy:jaguar]]
[[id:jaguar]]
[[io:jaguar]]
[[it:jaguar]]
[[ko:jaguar]]
[[ku:jaguar]]
[[la:jaguar]]
[[li:jaguar]]
[[ml:jaguar]]
[[my:jaguar]]
[[nah:jaguar]]
[[nl:jaguar]]
[[no:jaguar]]
[[pl:jaguar]]
[[ro:jaguar]]
[[ru:jaguar]]
[[sh:jaguar]]
[[simple:jaguar]]
[[sq:jaguar]]
[[ta:jaguar]]
[[te:jaguar]]
[[th:jaguar]]
[[tr:jaguar]]
[[vi:jaguar]]
[[zh:jaguar]]</text>
<sha1>qwqq1pwp969y77w81iotstdbi6uhbdt</sha1>
</revision>
<revision>
<id>2018717</id>
<parentid>1940291</parentid>
<timestamp>2015-10-18T15:58:15Z</timestamp>
<contributor>
<username>HydrizBot</username>
<id>29590</id>
</contributor>
<minor />
<comment>Robô: A adicionar: [[cs:jaguar]], [[sr:jaguar]]</comment>
<model>wikitext</model>
<format>text/x-wiki</format>
<text bytes="3201" xml:space="preserve">{{Wikipédia}}
[[Image:Jaguar sitting-edit1.jpg|thumb|250px|&lt;center&gt;Jaguar&lt;/center&gt;]]

={{-pt-}}=
==Substantivo==
{{flex.pt|ms=jaguar|mp=jaguares}}
{{oxítona|ja|guar}}
# {{escopo|Zoologia}} [[felídeo]] [[grande]] e [[feroz]] cuja [[pelo|pelagem]] tem [[mancha]]s [[preto|pretas]]; [[onça]], onça-pintada

===Tradução===
{{tradini}}
* {{trad|da|jaguar}}
* {{trad|es|jaguar}}
* {{trad|fr|jaguar}}
* {{trad|nl|jaguar}}
* {{trad|hu|jaguár}}
* {{trad|en|jaguar}}
{{tradmeio}}
* {{trad|pl|jaguar}}
* {{trad|ro|jaguar}}
* {{trad|sh|jaguar}}
* {{trad|tr|jaguar}}
* {{trad|roa-tal|zagoara}}
{{tradfim}}

=={{etimologia|pt}}==
: Do tupi ''ya 'guara''.

={{-da-}}=
==Substantivo==
'''jaguar'''
# {{escopo|Zoologia}} [[jaguar#Português|jaguar]]

={{-es-}}=
==Substantivo==
'''jaguar'''
# {{escopo|Zoologia}} [[jaguar#Português|jaguar]]

={{-fr-}}=
==Substantivo==
'''jaguar'''
# {{escopo|Zoologia}} [[jaguar#Português|jaguar]]

={{-nl-}}=
==Substantivo==
'''jaguar'''
# {{escopo|Zoologia}} [[jaguar#Português|jaguar]]

={{-en-}}=
==Substantivo==
'''jaguar'''
# {{escopo|Zoologia}} [[jaguar#Português|jaguar]]

={{-pl-}}=
==Substantivo==
'''jaguar'''
# {{escopo|Zoologia}} [[jaguar#Português|jaguar]]

={{-ro-}}=
==Substantivo==
'''jaguar'''
# {{escopo|Zoologia}} [[jaguar#Português|jaguar]]

={{-sh-}}=
==Substantivo==
'''jaguar'''
# {{escopo|Zoologia}} [[jaguar#Português|jaguar]]

={{-tr-}}=
==Substantivo==
'''jaguar'''
# {{escopo|Zoologia}} [[jaguar#Português|jaguar]]

[[Categoria:Substantivo (Português)]]
[[Categoria:Mamífero (Português)]]
[[Categoria:Entrada com imagem (Português)]]
[[Categoria:Substantivo (Dinamarquês)]]
[[Categoria:Mamífero (Dinamarquês)]]
[[Categoria:Entrada com imagem (Dinamarquês)]]
[[Categoria:Substantivo (Espanhol)]]
[[Categoria:Mamífero (Espanhol)]]
[[Categoria:Entrada com imagem (Espanhol)]]
[[Categoria:Substantivo (Francês)]]
[[Categoria:Mamífero (Francês)]]
[[Categoria:Entrada com imagem (Francês)]]
[[Categoria:Substantivo (Holandês)]]
[[Categoria:Mamífero (Holandês)]]
[[Categoria:Entrada com imagem (Holandês)]]
[[Categoria:Substantivo (Inglês)]]
[[Categoria:Mamífero (Inglês)]]
[[Categoria:Entrada com imagem (Inglês)]]
[[Categoria:Substantivo (Polonês)]]
[[Categoria:Mamífero (Polonês)]]
[[Categoria:Entrada com imagem (Polonês)]]
[[Categoria:Substantivo (Romeno)]]
[[Categoria:Mamífero (Romeno)]]
[[Categoria:Entrada com imagem (Romeno)]]
[[Categoria:Substantivo (Servocroata)]]
[[Categoria:Mamífero (Servocroata)]]
[[Categoria:Entrada com imagem (Servocroata)]]
[[Categoria:Substantivo (Turco)]]
[[Categoria:Mamífero (Turco)]]
[[Categoria:Entrada com imagem (Turco)]]

[[ca:jaguar]]
[[cs:jaguar]]
[[de:jaguar]]
[[el:jaguar]]
[[en:jaguar]]
[[eo:jaguar]]
[[es:jaguar]]
[[et:jaguar]]
[[eu:jaguar]]
[[fa:jaguar]]
[[fi:jaguar]]
[[fr:jaguar]]
[[hu:jaguar]]
[[hy:jaguar]]
[[id:jaguar]]
[[io:jaguar]]
[[it:jaguar]]
[[ko:jaguar]]
[[ku:jaguar]]
[[la:jaguar]]
[[li:jaguar]]
[[ml:jaguar]]
[[my:jaguar]]
[[nah:jaguar]]
[[nl:jaguar]]
[[no:jaguar]]
[[pl:jaguar]]
[[ro:jaguar]]
[[ru:jaguar]]
[[sh:jaguar]]
[[simple:jaguar]]
[[sq:jaguar]]
[[sr:jaguar]]
[[ta:jaguar]]
[[te:jaguar]]
[[th:jaguar]]
[[tr:jaguar]]
[[vi:jaguar]]
[[zh:jaguar]]</text>
<sha1>kh7szrlie65foov7a8y493rbfzef1mp</sha1>
</revision>
<revision>
<id>2043625</id>
<parentid>2018717</parentid>
<timestamp>2015-12-03T02:59:04Z</timestamp>
<contributor>
<username>HydrizBot</username>
<id>29590</id>
</contributor>
<minor />
<comment>Robô: A adicionar: [[ja:jaguar]]</comment>
<model>wikitext</model>
<format>text/x-wiki</format>
<text bytes="3215" xml:space="preserve">{{Wikipédia}}
[[Image:Jaguar sitting-edit1.jpg|thumb|250px|&lt;center&gt;Jaguar&lt;/center&gt;]]

={{-pt-}}=
==Substantivo==
{{flex.pt|ms=jaguar|mp=jaguares}}
{{oxítona|ja|guar}}
# {{escopo|Zoologia}} [[felídeo]] [[grande]] e [[feroz]] cuja [[pelo|pelagem]] tem [[mancha]]s [[preto|pretas]]; [[onça]], onça-pintada

===Tradução===
{{tradini}}
* {{trad|da|jaguar}}
* {{trad|es|jaguar}}
* {{trad|fr|jaguar}}
* {{trad|nl|jaguar}}
* {{trad|hu|jaguár}}
* {{trad|en|jaguar}}
{{tradmeio}}
* {{trad|pl|jaguar}}
* {{trad|ro|jaguar}}
* {{trad|sh|jaguar}}
* {{trad|tr|jaguar}}
* {{trad|roa-tal|zagoara}}
{{tradfim}}

=={{etimologia|pt}}==
: Do tupi ''ya 'guara''.

={{-da-}}=
==Substantivo==
'''jaguar'''
# {{escopo|Zoologia}} [[jaguar#Português|jaguar]]

={{-es-}}=
==Substantivo==
'''jaguar'''
# {{escopo|Zoologia}} [[jaguar#Português|jaguar]]

={{-fr-}}=
==Substantivo==
'''jaguar'''
# {{escopo|Zoologia}} [[jaguar#Português|jaguar]]

={{-nl-}}=
==Substantivo==
'''jaguar'''
# {{escopo|Zoologia}} [[jaguar#Português|jaguar]]

={{-en-}}=
==Substantivo==
'''jaguar'''
# {{escopo|Zoologia}} [[jaguar#Português|jaguar]]

={{-pl-}}=
==Substantivo==
'''jaguar'''
# {{escopo|Zoologia}} [[jaguar#Português|jaguar]]

={{-ro-}}=
==Substantivo==
'''jaguar'''
# {{escopo|Zoologia}} [[jaguar#Português|jaguar]]

={{-sh-}}=
==Substantivo==
'''jaguar'''
# {{escopo|Zoologia}} [[jaguar#Português|jaguar]]

={{-tr-}}=
==Substantivo==
'''jaguar'''
# {{escopo|Zoologia}} [[jaguar#Português|jaguar]]

[[Categoria:Substantivo (Português)]]
[[Categoria:Mamífero (Português)]]
[[Categoria:Entrada com imagem (Português)]]
[[Categoria:Substantivo (Dinamarquês)]]
[[Categoria:Mamífero (Dinamarquês)]]
[[Categoria:Entrada com imagem (Dinamarquês)]]
[[Categoria:Substantivo (Espanhol)]]
[[Categoria:Mamífero (Espanhol)]]
[[Categoria:Entrada com imagem (Espanhol)]]
[[Categoria:Substantivo (Francês)]]
[[Categoria:Mamífero (Francês)]]
[[Categoria:Entrada com imagem (Francês)]]
[[Categoria:Substantivo (Holandês)]]
[[Categoria:Mamífero (Holandês)]]
[[Categoria:Entrada com imagem (Holandês)]]
[[Categoria:Substantivo (Inglês)]]
[[Categoria:Mamífero (Inglês)]]
[[Categoria:Entrada com imagem (Inglês)]]
[[Categoria:Substantivo (Polonês)]]
[[Categoria:Mamífero (Polonês)]]
[[Categoria:Entrada com imagem (Polonês)]]
[[Categoria:Substantivo (Romeno)]]
[[Categoria:Mamífero (Romeno)]]
[[Categoria:Entrada com imagem (Romeno)]]
[[Categoria:Substantivo (Servocroata)]]
[[Categoria:Mamífero (Servocroata)]]
[[Categoria:Entrada com imagem (Servocroata)]]
[[Categoria:Substantivo (Turco)]]
[[Categoria:Mamífero (Turco)]]
[[Categoria:Entrada com imagem (Turco)]]

[[ca:jaguar]]
[[cs:jaguar]]
[[de:jaguar]]
[[el:jaguar]]
[[en:jaguar]]
[[eo:jaguar]]
[[es:jaguar]]
[[et:jaguar]]
[[eu:jaguar]]
[[fa:jaguar]]
[[fi:jaguar]]
[[fr:jaguar]]
[[hu:jaguar]]
[[hy:jaguar]]
[[id:jaguar]]
[[io:jaguar]]
[[it:jaguar]]
[[ja:jaguar]]
[[ko:jaguar]]
[[ku:jaguar]]
[[la:jaguar]]
[[li:jaguar]]
[[ml:jaguar]]
[[my:jaguar]]
[[nah:jaguar]]
[[nl:jaguar]]
[[no:jaguar]]
[[pl:jaguar]]
[[ro:jaguar]]
[[ru:jaguar]]
[[sh:jaguar]]
[[simple:jaguar]]
[[sq:jaguar]]
[[sr:jaguar]]
[[ta:jaguar]]
[[te:jaguar]]
[[th:jaguar]]
[[tr:jaguar]]
[[vi:jaguar]]
[[zh:jaguar]]</text>
<sha1>slxjsgmtwwrgr5ieo3aq31ohf9ktxmd</sha1>
</revision>
<revision>
<id>2192247</id>
<parentid>2043625</parentid>
<timestamp>2016-11-01T07:44:37Z</timestamp>
<contributor>
<username>UT-interwiki-Bot</username>
<id>56129</id>
</contributor>
<minor />
<comment>Robô: A adicionar: [[mn:jaguar]]</comment>
<model>wikitext</model>
<format>text/x-wiki</format>
<text bytes="3229" xml:space="preserve">{{Wikipédia}}
[[Image:Jaguar sitting-edit1.jpg|thumb|250px|&lt;center&gt;Jaguar&lt;/center&gt;]]

={{-pt-}}=
==Substantivo==
{{flex.pt|ms=jaguar|mp=jaguares}}
{{oxítona|ja|guar}}
# {{escopo|Zoologia}} [[felídeo]] [[grande]] e [[feroz]] cuja [[pelo|pelagem]] tem [[mancha]]s [[preto|pretas]]; [[onça]], onça-pintada

===Tradução===
{{tradini}}
* {{trad|da|jaguar}}
* {{trad|es|jaguar}}
* {{trad|fr|jaguar}}
* {{trad|nl|jaguar}}
* {{trad|hu|jaguár}}
* {{trad|en|jaguar}}
{{tradmeio}}
* {{trad|pl|jaguar}}
* {{trad|ro|jaguar}}
* {{trad|sh|jaguar}}
* {{trad|tr|jaguar}}
* {{trad|roa-tal|zagoara}}
{{tradfim}}

=={{etimologia|pt}}==
: Do tupi ''ya 'guara''.

={{-da-}}=
==Substantivo==
'''jaguar'''
# {{escopo|Zoologia}} [[jaguar#Português|jaguar]]

={{-es-}}=
==Substantivo==
'''jaguar'''
# {{escopo|Zoologia}} [[jaguar#Português|jaguar]]

={{-fr-}}=
==Substantivo==
'''jaguar'''
# {{escopo|Zoologia}} [[jaguar#Português|jaguar]]

={{-nl-}}=
==Substantivo==
'''jaguar'''
# {{escopo|Zoologia}} [[jaguar#Português|jaguar]]

={{-en-}}=
==Substantivo==
'''jaguar'''
# {{escopo|Zoologia}} [[jaguar#Português|jaguar]]

={{-pl-}}=
==Substantivo==
'''jaguar'''
# {{escopo|Zoologia}} [[jaguar#Português|jaguar]]

={{-ro-}}=
==Substantivo==
'''jaguar'''
# {{escopo|Zoologia}} [[jaguar#Português|jaguar]]

={{-sh-}}=
==Substantivo==
'''jaguar'''
# {{escopo|Zoologia}} [[jaguar#Português|jaguar]]

={{-tr-}}=
==Substantivo==
'''jaguar'''
# {{escopo|Zoologia}} [[jaguar#Português|jaguar]]

[[Categoria:Substantivo (Português)]]
[[Categoria:Mamífero (Português)]]
[[Categoria:Entrada com imagem (Português)]]
[[Categoria:Substantivo (Dinamarquês)]]
[[Categoria:Mamífero (Dinamarquês)]]
[[Categoria:Entrada com imagem (Dinamarquês)]]
[[Categoria:Substantivo (Espanhol)]]
[[Categoria:Mamífero (Espanhol)]]
[[Categoria:Entrada com imagem (Espanhol)]]
[[Categoria:Substantivo (Francês)]]
[[Categoria:Mamífero (Francês)]]
[[Categoria:Entrada com imagem (Francês)]]
[[Categoria:Substantivo (Holandês)]]
[[Categoria:Mamífero (Holandês)]]
[[Categoria:Entrada com imagem (Holandês)]]
[[Categoria:Substantivo (Inglês)]]
[[Categoria:Mamífero (Inglês)]]
[[Categoria:Entrada com imagem (Inglês)]]
[[Categoria:Substantivo (Polonês)]]
[[Categoria:Mamífero (Polonês)]]
[[Categoria:Entrada com imagem (Polonês)]]
[[Categoria:Substantivo (Romeno)]]
[[Categoria:Mamífero (Romeno)]]
[[Categoria:Entrada com imagem (Romeno)]]
[[Categoria:Substantivo (Servocroata)]]
[[Categoria:Mamífero (Servocroata)]]
[[Categoria:Entrada com imagem (Servocroata)]]
[[Categoria:Substantivo (Turco)]]
[[Categoria:Mamífero (Turco)]]
[[Categoria:Entrada com imagem (Turco)]]

[[ca:jaguar]]
[[cs:jaguar]]
[[de:jaguar]]
[[el:jaguar]]
[[en:jaguar]]
[[eo:jaguar]]
[[es:jaguar]]
[[et:jaguar]]
[[eu:jaguar]]
[[fa:jaguar]]
[[fi:jaguar]]
[[fr:jaguar]]
[[hu:jaguar]]
[[hy:jaguar]]
[[id:jaguar]]
[[io:jaguar]]
[[it:jaguar]]
[[ja:jaguar]]
[[ko:jaguar]]
[[ku:jaguar]]
[[la:jaguar]]
[[li:jaguar]]
[[ml:jaguar]]
[[mn:jaguar]]
[[my:jaguar]]
[[nah:jaguar]]
[[nl:jaguar]]
[[no:jaguar]]
[[pl:jaguar]]
[[ro:jaguar]]
[[ru:jaguar]]
[[sh:jaguar]]
[[simple:jaguar]]
[[sq:jaguar]]
[[sr:jaguar]]
[[ta:jaguar]]
[[te:jaguar]]
[[th:jaguar]]
[[tr:jaguar]]
[[vi:jaguar]]
[[zh:jaguar]]</text>
<sha1>ln48x5odyre39jjpbmfaixxk0dt8v1n</sha1>
</revision>
<revision>
<id>2364500</id>
<parentid>2192247</parentid>
<timestamp>2017-05-03T15:34:32Z</timestamp>
<contributor>
<username>HydrizBot</username>
<id>29590</id>
</contributor>
<minor />
<comment>Robô: A limpar links interwikis antigos</comment>
<model>wikitext</model>
<format>text/x-wiki</format>
<text bytes="2649" xml:space="preserve">{{Wikipédia}}
[[Image:Jaguar sitting-edit1.jpg|thumb|250px|&lt;center&gt;Jaguar&lt;/center&gt;]]

={{-pt-}}=
==Substantivo==
{{flex.pt|ms=jaguar|mp=jaguares}}
{{oxítona|ja|guar}}
# {{escopo|Zoologia}} [[felídeo]] [[grande]] e [[feroz]] cuja [[pelo|pelagem]] tem [[mancha]]s [[preto|pretas]]; [[onça]], onça-pintada

===Tradução===
{{tradini}}
* {{trad|da|jaguar}}
* {{trad|es|jaguar}}
* {{trad|fr|jaguar}}
* {{trad|nl|jaguar}}
* {{trad|hu|jaguár}}
* {{trad|en|jaguar}}
{{tradmeio}}
* {{trad|pl|jaguar}}
* {{trad|ro|jaguar}}
* {{trad|sh|jaguar}}
* {{trad|tr|jaguar}}
* {{trad|roa-tal|zagoara}}
{{tradfim}}

=={{etimologia|pt}}==
: Do tupi ''ya 'guara''.

={{-da-}}=
==Substantivo==
'''jaguar'''
# {{escopo|Zoologia}} [[jaguar#Português|jaguar]]

={{-es-}}=
==Substantivo==
'''jaguar'''
# {{escopo|Zoologia}} [[jaguar#Português|jaguar]]

={{-fr-}}=
==Substantivo==
'''jaguar'''
# {{escopo|Zoologia}} [[jaguar#Português|jaguar]]

={{-nl-}}=
==Substantivo==
'''jaguar'''
# {{escopo|Zoologia}} [[jaguar#Português|jaguar]]

={{-en-}}=
==Substantivo==
'''jaguar'''
# {{escopo|Zoologia}} [[jaguar#Português|jaguar]]

={{-pl-}}=
==Substantivo==
'''jaguar'''
# {{escopo|Zoologia}} [[jaguar#Português|jaguar]]

={{-ro-}}=
==Substantivo==
'''jaguar'''
# {{escopo|Zoologia}} [[jaguar#Português|jaguar]]

={{-sh-}}=
==Substantivo==
'''jaguar'''
# {{escopo|Zoologia}} [[jaguar#Português|jaguar]]

={{-tr-}}=
==Substantivo==
'''jaguar'''
# {{escopo|Zoologia}} [[jaguar#Português|jaguar]]

[[Categoria:Substantivo (Português)]]
[[Categoria:Mamífero (Português)]]
[[Categoria:Entrada com imagem (Português)]]
[[Categoria:Substantivo (Dinamarquês)]]
[[Categoria:Mamífero (Dinamarquês)]]
[[Categoria:Entrada com imagem (Dinamarquês)]]
[[Categoria:Substantivo (Espanhol)]]
[[Categoria:Mamífero (Espanhol)]]
[[Categoria:Entrada com imagem (Espanhol)]]
[[Categoria:Substantivo (Francês)]]
[[Categoria:Mamífero (Francês)]]
[[Categoria:Entrada com imagem (Francês)]]
[[Categoria:Substantivo (Holandês)]]
[[Categoria:Mamífero (Holandês)]]
[[Categoria:Entrada com imagem (Holandês)]]
[[Categoria:Substantivo (Inglês)]]
[[Categoria:Mamífero (Inglês)]]
[[Categoria:Entrada com imagem (Inglês)]]
[[Categoria:Substantivo (Polonês)]]
[[Categoria:Mamífero (Polonês)]]
[[Categoria:Entrada com imagem (Polonês)]]
[[Categoria:Substantivo (Romeno)]]
[[Categoria:Mamífero (Romeno)]]
[[Categoria:Entrada com imagem (Romeno)]]
[[Categoria:Substantivo (Servocroata)]]
[[Categoria:Mamífero (Servocroata)]]
[[Categoria:Entrada com imagem (Servocroata)]]
[[Categoria:Substantivo (Turco)]]
[[Categoria:Mamífero (Turco)]]
[[Categoria:Entrada com imagem (Turco)]]</text>
<sha1>2tlaose77pnu6d1zutk2ch8fia1s1ty</sha1>
</revision>
<revision>
<id>2611117</id>
<parentid>2364500</parentid>
<timestamp>2021-01-30T23:05:23Z</timestamp>
<contributor>
<username>Marxav</username>
<id>73271</id>
</contributor>
<minor />
<comment>AFI Portugal</comment>
<model>wikitext</model>
<format>text/x-wiki</format>
<text bytes="2718" xml:space="preserve">{{Wikipédia}}
[[Image:Jaguar sitting-edit1.jpg|thumb|250px|&lt;center&gt;Jaguar&lt;/center&gt;]]

={{-pt-}}=
==Substantivo==
{{flex.pt|ms=jaguar|mp=jaguares}}
{{oxítona|ja|guar}}
# {{escopo|Zoologia}} [[felídeo]] [[grande]] e [[feroz]] cuja [[pelo|pelagem]] tem [[mancha]]s [[preto|pretas]]; [[onça]], onça-pintada

===Tradução===
{{tradini}}
* {{trad|da|jaguar}}
* {{trad|es|jaguar}}
* {{trad|fr|jaguar}}
* {{trad|nl|jaguar}}
* {{trad|hu|jaguár}}
* {{trad|en|jaguar}}
{{tradmeio}}
* {{trad|pl|jaguar}}
* {{trad|ro|jaguar}}
* {{trad|sh|jaguar}}
* {{trad|tr|jaguar}}
* {{trad|roa-tal|zagoara}}
{{tradfim}}

=={{etimologia|pt}}==
: Do tupi ''ya 'guara''.

={{-da-}}=
==Substantivo==
'''jaguar'''
# {{escopo|Zoologia}} [[jaguar#Português|jaguar]]

={{-es-}}=
==Substantivo==
'''jaguar'''
# {{escopo|Zoologia}} [[jaguar#Português|jaguar]]

={{-fr-}}=
==Substantivo==
'''jaguar'''
# {{escopo|Zoologia}} [[jaguar#Português|jaguar]]

={{-nl-}}=
==Substantivo==
'''jaguar'''
# {{escopo|Zoologia}} [[jaguar#Português|jaguar]]

={{-en-}}=
==Substantivo==
'''jaguar'''
# {{escopo|Zoologia}} [[jaguar#Português|jaguar]]

={{-pl-}}=
==Substantivo==
'''jaguar'''
# {{escopo|Zoologia}} [[jaguar#Português|jaguar]]

={{-ro-}}=
==Substantivo==
'''jaguar'''
# {{escopo|Zoologia}} [[jaguar#Português|jaguar]]

={{-sh-}}=
==Substantivo==
'''jaguar'''
# {{escopo|Zoologia}} [[jaguar#Português|jaguar]]

={{-tr-}}=
==Substantivo==
'''jaguar'''
# {{escopo|Zoologia}} [[jaguar#Português|jaguar]]

=={{pronúncia|pt}}==
===Portugal===
* AFI: {{AFI|/ʒɐ.ˈɡwaɾ/}}

[[Categoria:Substantivo (Português)]]
[[Categoria:Mamífero (Português)]]
[[Categoria:Entrada com imagem (Português)]]
[[Categoria:Substantivo (Dinamarquês)]]
[[Categoria:Mamífero (Dinamarquês)]]
[[Categoria:Entrada com imagem (Dinamarquês)]]
[[Categoria:Substantivo (Espanhol)]]
[[Categoria:Mamífero (Espanhol)]]
[[Categoria:Entrada com imagem (Espanhol)]]
[[Categoria:Substantivo (Francês)]]
[[Categoria:Mamífero (Francês)]]
[[Categoria:Entrada com imagem (Francês)]]
[[Categoria:Substantivo (Holandês)]]
[[Categoria:Mamífero (Holandês)]]
[[Categoria:Entrada com imagem (Holandês)]]
[[Categoria:Substantivo (Inglês)]]
[[Categoria:Mamífero (Inglês)]]
[[Categoria:Entrada com imagem (Inglês)]]
[[Categoria:Substantivo (Polonês)]]
[[Categoria:Mamífero (Polonês)]]
[[Categoria:Entrada com imagem (Polonês)]]
[[Categoria:Substantivo (Romeno)]]
[[Categoria:Mamífero (Romeno)]]
[[Categoria:Entrada com imagem (Romeno)]]
[[Categoria:Substantivo (Servocroata)]]
[[Categoria:Mamífero (Servocroata)]]
[[Categoria:Entrada com imagem (Servocroata)]]
[[Categoria:Substantivo (Turco)]]
[[Categoria:Mamífero (Turco)]]
[[Categoria:Entrada com imagem (Turco)]]</text>
<sha1>jpervald7rohr5bbtnm56z6nvuo4o1h</sha1>
</revision>
</page>
