<title>jaguariunenses</title>
<ns>0</ns>
<id>393484</id>
<revision>
<id>2488029</id>
<timestamp>2018-03-06T06:48:04Z</timestamp>
<contributor>
<username>MIL973</username>
<id>41339</id>
</contributor>
<comment>[[Ajuda:Guia de edição/Menus e ferramentas/Sumário de edição|→]] nova página: ={{-pt-}}= ==Forma de adjetivo== {{paroxítona|ja|gua|ri|u|nen|ses}}, {{gramática|c2gp}} # plural de jagua...</comment>
<model>wikitext</model>
<format>text/x-wiki</format>
<text bytes="363" xml:space="preserve">={{-pt-}}=
==Forma de adjetivo==
{{paroxítona|ja|gua|ri|u|nen|ses}}, {{gramática|c2gp}}
# plural de [[jaguariunense]]

==Forma de substantivo==
{{paroxítona|ja|cu|pi|ran|guen|ses}}, {{gramática|c2gp}}
# plural de [[jacupiranguense]]

{{avi-for-fle|jacupiranguense}}

[[Categoria:Forma de adjetivo (Português)]]
[[Categoria:Forma de substantivo (Português)]]</text>
<sha1>o9wp8s0u62r3yp3ibrboe9apkd4v0mz</sha1>
</revision>
<revision>
<id>2488030</id>
<parentid>2488029</parentid>
<timestamp>2018-03-06T06:48:25Z</timestamp>
<contributor>
<username>MIL973</username>
<id>41339</id>
</contributor>
<model>wikitext</model>
<format>text/x-wiki</format>
<text bytes="359" xml:space="preserve">={{-pt-}}=
==Forma de adjetivo==
{{paroxítona|ja|gua|ri|u|nen|ses}}, {{gramática|c2gp}}
# plural de [[jaguariunense]]

==Forma de substantivo==
{{paroxítona|ja|gua|ri|u|nen|ses}}, {{gramática|c2gp}}
# plural de [[jaguariunense]]

{{avi-for-fle|jacupiranguense}}

[[Categoria:Forma de adjetivo (Português)]]
[[Categoria:Forma de substantivo (Português)]]</text>
<sha1>dawkd6vwmcjcyq06v1u3dt1v8fjv68a</sha1>
</revision>
<revision>
<id>2488031</id>
<parentid>2488030</parentid>
<timestamp>2018-03-06T06:48:44Z</timestamp>
<contributor>
<username>MIL973</username>
<id>41339</id>
</contributor>
<model>wikitext</model>
<format>text/x-wiki</format>
<text bytes="357" xml:space="preserve">={{-pt-}}=
==Forma de adjetivo==
{{paroxítona|ja|gua|ri|u|nen|ses}}, {{gramática|c2gp}}
# plural de [[jaguariunense]]

==Forma de substantivo==
{{paroxítona|ja|gua|ri|u|nen|ses}}, {{gramática|c2gp}}
# plural de [[jaguariunense]]

{{avi-for-fle|jaguariunense}}

[[Categoria:Forma de adjetivo (Português)]]
[[Categoria:Forma de substantivo (Português)]]</text>
<sha1>m8kzgyum99vc0avq4mrwv591d4wrdjv</sha1>
</revision>
</page>
