<title>jail</title>
<ns>0</ns>
<id>286645</id>
<revision>
<id>1390088</id>
<timestamp>2012-03-20T10:13:25Z</timestamp>
<contributor>
<username>ValJor</username>
<id>1358</id>
</contributor>
<comment>Por um [[Especial:Lonelypages|wikcionário sem órfãos]]: [[stint]]</comment>
<model>wikitext</model>
<format>text/x-wiki</format>
<text bytes="835" xml:space="preserve">{{Wikipédia|lang=en|Jail (disambiguation)|jail}}

={{-en-}}=
==Substantivo==
'''jail'''
# [[cadeia]], [[prisão]]

===Sinônimo===
* [[prison]]

==Verbo==
'''jail'''
# [[prender]]

===Conjugação===
{{conj.en|jail|jails|jailed|jailed|jailing}}

==Ver também==
===No Wikcionário===
{{verTambém.Ini}}
* [[inmate]]
{{verTambém.NovaColuna}}
* [[stint]]
{{verTambém.Fim}}

[[Categoria:Substantivo (Inglês)]]

[[cs:jail]]
[[cy:jail]]
[[de:jail]]
[[et:jail]]
[[el:jail]]
[[en:jail]]
[[es:jail]]
[[eo:jail]]
[[fr:jail]]
[[ko:jail]]
[[hy:jail]]
[[hr:jail]]
[[io:jail]]
[[id:jail]]
[[it:jail]]
[[kn:jail]]
[[kk:jail]]
[[sw:jail]]
[[ku:jail]]
[[hu:jail]]
[[ml:jail]]
[[my:jail]]
[[nl:jail]]
[[oc:jail]]
[[pl:jail]]
[[ru:jail]]
[[simple:jail]]
[[fi:jail]]
[[sv:jail]]
[[tl:jail]]
[[ta:jail]]
[[te:jail]]
[[tr:jail]]
[[vi:jail]]
[[zh:jail]]</text>
<sha1>no4q22hg63ftt6f7exe2t2912nlrxtv</sha1>
</revision>
<revision>
<id>1390097</id>
<parentid>1390088</parentid>
<timestamp>2012-03-20T10:45:10Z</timestamp>
<contributor>
<username>Luckas-bot</username>
<id>5986</id>
</contributor>
<minor />
<comment>r2.7.1) (Robô: A adicionar: [[lb:jail]]</comment>
<model>wikitext</model>
<format>text/x-wiki</format>
<text bytes="847" xml:space="preserve">{{Wikipédia|lang=en|Jail (disambiguation)|jail}}

={{-en-}}=
==Substantivo==
'''jail'''
# [[cadeia]], [[prisão]]

===Sinônimo===
* [[prison]]

==Verbo==
'''jail'''
# [[prender]]

===Conjugação===
{{conj.en|jail|jails|jailed|jailed|jailing}}

==Ver também==
===No Wikcionário===
{{verTambém.Ini}}
* [[inmate]]
{{verTambém.NovaColuna}}
* [[stint]]
{{verTambém.Fim}}

[[Categoria:Substantivo (Inglês)]]

[[cs:jail]]
[[cy:jail]]
[[de:jail]]
[[el:jail]]
[[en:jail]]
[[eo:jail]]
[[es:jail]]
[[et:jail]]
[[fi:jail]]
[[fr:jail]]
[[hr:jail]]
[[hu:jail]]
[[hy:jail]]
[[id:jail]]
[[io:jail]]
[[it:jail]]
[[kk:jail]]
[[kn:jail]]
[[ko:jail]]
[[ku:jail]]
[[lb:jail]]
[[ml:jail]]
[[my:jail]]
[[nl:jail]]
[[oc:jail]]
[[pl:jail]]
[[ru:jail]]
[[simple:jail]]
[[sv:jail]]
[[sw:jail]]
[[ta:jail]]
[[te:jail]]
[[tl:jail]]
[[tr:jail]]
[[vi:jail]]
[[zh:jail]]</text>
<sha1>phc39o6m4rh6lnqodae60hd8p8ulmdx</sha1>
</revision>
<revision>
<id>1416493</id>
<parentid>1390097</parentid>
<timestamp>2012-06-01T06:28:40Z</timestamp>
<contributor>
<username>HydrizBot</username>
<id>29590</id>
</contributor>
<minor />
<comment>r2.7.3) (Robô: A adicionar: [[uk:jail]]</comment>
<model>wikitext</model>
<format>text/x-wiki</format>
<text bytes="859" xml:space="preserve">{{Wikipédia|lang=en|Jail (disambiguation)|jail}}

={{-en-}}=
==Substantivo==
'''jail'''
# [[cadeia]], [[prisão]]

===Sinônimo===
* [[prison]]

==Verbo==
'''jail'''
# [[prender]]

===Conjugação===
{{conj.en|jail|jails|jailed|jailed|jailing}}

==Ver também==
===No Wikcionário===
{{verTambém.Ini}}
* [[inmate]]
{{verTambém.NovaColuna}}
* [[stint]]
{{verTambém.Fim}}

[[Categoria:Substantivo (Inglês)]]

[[cs:jail]]
[[cy:jail]]
[[de:jail]]
[[el:jail]]
[[en:jail]]
[[eo:jail]]
[[es:jail]]
[[et:jail]]
[[fi:jail]]
[[fr:jail]]
[[hr:jail]]
[[hu:jail]]
[[hy:jail]]
[[id:jail]]
[[io:jail]]
[[it:jail]]
[[kk:jail]]
[[kn:jail]]
[[ko:jail]]
[[ku:jail]]
[[lb:jail]]
[[ml:jail]]
[[my:jail]]
[[nl:jail]]
[[oc:jail]]
[[pl:jail]]
[[ru:jail]]
[[simple:jail]]
[[sv:jail]]
[[sw:jail]]
[[ta:jail]]
[[te:jail]]
[[tl:jail]]
[[tr:jail]]
[[uk:jail]]
[[vi:jail]]
[[zh:jail]]</text>
<sha1>geffzjvtz2tz04dqnjuqkl4xnrv8l0b</sha1>
</revision>
<revision>
<id>1437502</id>
<parentid>1416493</parentid>
<timestamp>2012-07-31T09:50:52Z</timestamp>
<contributor>
<username>JAnDbot</username>
<id>25083</id>
</contributor>
<minor />
<comment>r2.7.2) (Robô: A adicionar: [[sm:jail]]</comment>
<model>wikitext</model>
<format>text/x-wiki</format>
<text bytes="871" xml:space="preserve">{{Wikipédia|lang=en|Jail (disambiguation)|jail}}

={{-en-}}=
==Substantivo==
'''jail'''
# [[cadeia]], [[prisão]]

===Sinônimo===
* [[prison]]

==Verbo==
'''jail'''
# [[prender]]

===Conjugação===
{{conj.en|jail|jails|jailed|jailed|jailing}}

==Ver também==
===No Wikcionário===
{{verTambém.Ini}}
* [[inmate]]
{{verTambém.NovaColuna}}
* [[stint]]
{{verTambém.Fim}}

[[Categoria:Substantivo (Inglês)]]

[[cs:jail]]
[[cy:jail]]
[[de:jail]]
[[el:jail]]
[[en:jail]]
[[eo:jail]]
[[es:jail]]
[[et:jail]]
[[fi:jail]]
[[fr:jail]]
[[hr:jail]]
[[hu:jail]]
[[hy:jail]]
[[id:jail]]
[[io:jail]]
[[it:jail]]
[[kk:jail]]
[[kn:jail]]
[[ko:jail]]
[[ku:jail]]
[[lb:jail]]
[[ml:jail]]
[[my:jail]]
[[nl:jail]]
[[oc:jail]]
[[pl:jail]]
[[ru:jail]]
[[simple:jail]]
[[sm:jail]]
[[sv:jail]]
[[sw:jail]]
[[ta:jail]]
[[te:jail]]
[[tl:jail]]
[[tr:jail]]
[[uk:jail]]
[[vi:jail]]
[[zh:jail]]</text>
<sha1>91iqu1a5ci2vd3c9avzgebei5ntxszi</sha1>
</revision>
<revision>
<id>1439538</id>
<parentid>1437502</parentid>
<timestamp>2012-08-05T14:49:09Z</timestamp>
<contributor>
<username>HydrizBot</username>
<id>29590</id>
</contributor>
<minor />
<comment>r2.7.3) (Robô: A adicionar: [[li:jail]]</comment>
<model>wikitext</model>
<format>text/x-wiki</format>
<text bytes="883" xml:space="preserve">{{Wikipédia|lang=en|Jail (disambiguation)|jail}}

={{-en-}}=
==Substantivo==
'''jail'''
# [[cadeia]], [[prisão]]

===Sinônimo===
* [[prison]]

==Verbo==
'''jail'''
# [[prender]]

===Conjugação===
{{conj.en|jail|jails|jailed|jailed|jailing}}

==Ver também==
===No Wikcionário===
{{verTambém.Ini}}
* [[inmate]]
{{verTambém.NovaColuna}}
* [[stint]]
{{verTambém.Fim}}

[[Categoria:Substantivo (Inglês)]]

[[cs:jail]]
[[cy:jail]]
[[de:jail]]
[[el:jail]]
[[en:jail]]
[[eo:jail]]
[[es:jail]]
[[et:jail]]
[[fi:jail]]
[[fr:jail]]
[[hr:jail]]
[[hu:jail]]
[[hy:jail]]
[[id:jail]]
[[io:jail]]
[[it:jail]]
[[kk:jail]]
[[kn:jail]]
[[ko:jail]]
[[ku:jail]]
[[lb:jail]]
[[li:jail]]
[[ml:jail]]
[[my:jail]]
[[nl:jail]]
[[oc:jail]]
[[pl:jail]]
[[ru:jail]]
[[simple:jail]]
[[sm:jail]]
[[sv:jail]]
[[sw:jail]]
[[ta:jail]]
[[te:jail]]
[[tl:jail]]
[[tr:jail]]
[[uk:jail]]
[[vi:jail]]
[[zh:jail]]</text>
<sha1>ctjz8g4l1wmvcnd05ege2v2jxsj5fw6</sha1>
</revision>
<revision>
<id>1523189</id>
<parentid>1439538</parentid>
<timestamp>2012-11-19T21:54:13Z</timestamp>
<contributor>
<username>CarsracBot</username>
<id>4359</id>
</contributor>
<minor />
<comment>r2.7.2) (Robô: A adicionar: [[mg:jail]]</comment>
<model>wikitext</model>
<format>text/x-wiki</format>
<text bytes="895" xml:space="preserve">{{Wikipédia|lang=en|Jail (disambiguation)|jail}}

={{-en-}}=
==Substantivo==
'''jail'''
# [[cadeia]], [[prisão]]

===Sinônimo===
* [[prison]]

==Verbo==
'''jail'''
# [[prender]]

===Conjugação===
{{conj.en|jail|jails|jailed|jailed|jailing}}

==Ver também==
===No Wikcionário===
{{verTambém.Ini}}
* [[inmate]]
{{verTambém.NovaColuna}}
* [[stint]]
{{verTambém.Fim}}

[[Categoria:Substantivo (Inglês)]]

[[cs:jail]]
[[cy:jail]]
[[de:jail]]
[[el:jail]]
[[en:jail]]
[[eo:jail]]
[[es:jail]]
[[et:jail]]
[[fi:jail]]
[[fr:jail]]
[[hr:jail]]
[[hu:jail]]
[[hy:jail]]
[[id:jail]]
[[io:jail]]
[[it:jail]]
[[kk:jail]]
[[kn:jail]]
[[ko:jail]]
[[ku:jail]]
[[lb:jail]]
[[li:jail]]
[[mg:jail]]
[[ml:jail]]
[[my:jail]]
[[nl:jail]]
[[oc:jail]]
[[pl:jail]]
[[ru:jail]]
[[simple:jail]]
[[sm:jail]]
[[sv:jail]]
[[sw:jail]]
[[ta:jail]]
[[te:jail]]
[[tl:jail]]
[[tr:jail]]
[[uk:jail]]
[[vi:jail]]
[[zh:jail]]</text>
<sha1>i8cri4lgnyzraxzqdmbszcmjsof2xnm</sha1>
</revision>
<revision>
<id>1575820</id>
<parentid>1523189</parentid>
<timestamp>2013-01-08T02:34:05Z</timestamp>
<contributor>
<username>HydrizBot</username>
<id>29590</id>
</contributor>
<minor />
<comment>r2.7.3) (Robô: A adicionar: [[jv:jail]]</comment>
<model>wikitext</model>
<format>text/x-wiki</format>
<text bytes="907" xml:space="preserve">{{Wikipédia|lang=en|Jail (disambiguation)|jail}}

={{-en-}}=
==Substantivo==
'''jail'''
# [[cadeia]], [[prisão]]

===Sinônimo===
* [[prison]]

==Verbo==
'''jail'''
# [[prender]]

===Conjugação===
{{conj.en|jail|jails|jailed|jailed|jailing}}

==Ver também==
===No Wikcionário===
{{verTambém.Ini}}
* [[inmate]]
{{verTambém.NovaColuna}}
* [[stint]]
{{verTambém.Fim}}

[[Categoria:Substantivo (Inglês)]]

[[cs:jail]]
[[cy:jail]]
[[de:jail]]
[[el:jail]]
[[en:jail]]
[[eo:jail]]
[[es:jail]]
[[et:jail]]
[[fi:jail]]
[[fr:jail]]
[[hr:jail]]
[[hu:jail]]
[[hy:jail]]
[[id:jail]]
[[io:jail]]
[[it:jail]]
[[jv:jail]]
[[kk:jail]]
[[kn:jail]]
[[ko:jail]]
[[ku:jail]]
[[lb:jail]]
[[li:jail]]
[[mg:jail]]
[[ml:jail]]
[[my:jail]]
[[nl:jail]]
[[oc:jail]]
[[pl:jail]]
[[ru:jail]]
[[simple:jail]]
[[sm:jail]]
[[sv:jail]]
[[sw:jail]]
[[ta:jail]]
[[te:jail]]
[[tl:jail]]
[[tr:jail]]
[[uk:jail]]
[[vi:jail]]
[[zh:jail]]</text>
<sha1>cgzneb4d9ye8jotr8sg6k0gytwtigaw</sha1>
</revision>
<revision>
<id>1714862</id>
<parentid>1575820</parentid>
<timestamp>2013-08-18T18:40:00Z</timestamp>
<contributor>
<username>HydrizBot</username>
<id>29590</id>
</contributor>
<minor />
<comment>r2.7.3) (Robô: A adicionar: [[chr:jail]]</comment>
<model>wikitext</model>
<format>text/x-wiki</format>
<text bytes="920" xml:space="preserve">{{Wikipédia|lang=en|Jail (disambiguation)|jail}}

={{-en-}}=
==Substantivo==
'''jail'''
# [[cadeia]], [[prisão]]

===Sinônimo===
* [[prison]]

==Verbo==
'''jail'''
# [[prender]]

===Conjugação===
{{conj.en|jail|jails|jailed|jailed|jailing}}

==Ver também==
===No Wikcionário===
{{verTambém.Ini}}
* [[inmate]]
{{verTambém.NovaColuna}}
* [[stint]]
{{verTambém.Fim}}

[[Categoria:Substantivo (Inglês)]]

[[chr:jail]]
[[cs:jail]]
[[cy:jail]]
[[de:jail]]
[[el:jail]]
[[en:jail]]
[[eo:jail]]
[[es:jail]]
[[et:jail]]
[[fi:jail]]
[[fr:jail]]
[[hr:jail]]
[[hu:jail]]
[[hy:jail]]
[[id:jail]]
[[io:jail]]
[[it:jail]]
[[jv:jail]]
[[kk:jail]]
[[kn:jail]]
[[ko:jail]]
[[ku:jail]]
[[lb:jail]]
[[li:jail]]
[[mg:jail]]
[[ml:jail]]
[[my:jail]]
[[nl:jail]]
[[oc:jail]]
[[pl:jail]]
[[ru:jail]]
[[simple:jail]]
[[sm:jail]]
[[sv:jail]]
[[sw:jail]]
[[ta:jail]]
[[te:jail]]
[[tl:jail]]
[[tr:jail]]
[[uk:jail]]
[[vi:jail]]
[[zh:jail]]</text>
<sha1>miqvfs857ebnmmiqlc09i406ajajjnq</sha1>
</revision>
<revision>
<id>1775551</id>
<parentid>1714862</parentid>
<timestamp>2013-11-26T21:55:34Z</timestamp>
<contributor>
<username>MalafayaBot</username>
<id>628</id>
</contributor>
<minor />
<comment>r2.7.5) (Robô: A adicionar: [[uz:jail]]</comment>
<model>wikitext</model>
<format>text/x-wiki</format>
<text bytes="932" xml:space="preserve">{{Wikipédia|lang=en|Jail (disambiguation)|jail}}

={{-en-}}=
==Substantivo==
'''jail'''
# [[cadeia]], [[prisão]]

===Sinônimo===
* [[prison]]

==Verbo==
'''jail'''
# [[prender]]

===Conjugação===
{{conj.en|jail|jails|jailed|jailed|jailing}}

==Ver também==
===No Wikcionário===
{{verTambém.Ini}}
* [[inmate]]
{{verTambém.NovaColuna}}
* [[stint]]
{{verTambém.Fim}}

[[Categoria:Substantivo (Inglês)]]

[[chr:jail]]
[[cs:jail]]
[[cy:jail]]
[[de:jail]]
[[el:jail]]
[[en:jail]]
[[eo:jail]]
[[es:jail]]
[[et:jail]]
[[fi:jail]]
[[fr:jail]]
[[hr:jail]]
[[hu:jail]]
[[hy:jail]]
[[id:jail]]
[[io:jail]]
[[it:jail]]
[[jv:jail]]
[[kk:jail]]
[[kn:jail]]
[[ko:jail]]
[[ku:jail]]
[[lb:jail]]
[[li:jail]]
[[mg:jail]]
[[ml:jail]]
[[my:jail]]
[[nl:jail]]
[[oc:jail]]
[[pl:jail]]
[[ru:jail]]
[[simple:jail]]
[[sm:jail]]
[[sv:jail]]
[[sw:jail]]
[[ta:jail]]
[[te:jail]]
[[tl:jail]]
[[tr:jail]]
[[uk:jail]]
[[uz:jail]]
[[vi:jail]]
[[zh:jail]]</text>
<sha1>f8y6p9u7ez0g583cudcd86lfsj1r8zd</sha1>
</revision>
<revision>
<id>2050705</id>
<parentid>1775551</parentid>
<timestamp>2015-12-23T23:12:59Z</timestamp>
<contributor>
<username>HydrizBot</username>
<id>29590</id>
</contributor>
<minor />
<comment>Robô: A adicionar: [[hi:jail]]</comment>
<model>wikitext</model>
<format>text/x-wiki</format>
<text bytes="944" xml:space="preserve">{{Wikipédia|lang=en|Jail (disambiguation)|jail}}

={{-en-}}=
==Substantivo==
'''jail'''
# [[cadeia]], [[prisão]]

===Sinônimo===
* [[prison]]

==Verbo==
'''jail'''
# [[prender]]

===Conjugação===
{{conj.en|jail|jails|jailed|jailed|jailing}}

==Ver também==
===No Wikcionário===
{{verTambém.Ini}}
* [[inmate]]
{{verTambém.NovaColuna}}
* [[stint]]
{{verTambém.Fim}}

[[Categoria:Substantivo (Inglês)]]

[[chr:jail]]
[[cs:jail]]
[[cy:jail]]
[[de:jail]]
[[el:jail]]
[[en:jail]]
[[eo:jail]]
[[es:jail]]
[[et:jail]]
[[fi:jail]]
[[fr:jail]]
[[hi:jail]]
[[hr:jail]]
[[hu:jail]]
[[hy:jail]]
[[id:jail]]
[[io:jail]]
[[it:jail]]
[[jv:jail]]
[[kk:jail]]
[[kn:jail]]
[[ko:jail]]
[[ku:jail]]
[[lb:jail]]
[[li:jail]]
[[mg:jail]]
[[ml:jail]]
[[my:jail]]
[[nl:jail]]
[[oc:jail]]
[[pl:jail]]
[[ru:jail]]
[[simple:jail]]
[[sm:jail]]
[[sv:jail]]
[[sw:jail]]
[[ta:jail]]
[[te:jail]]
[[tl:jail]]
[[tr:jail]]
[[uk:jail]]
[[uz:jail]]
[[vi:jail]]
[[zh:jail]]</text>
<sha1>hedg70o0usicas2bfhmtkgivnnkcznr</sha1>
</revision>
<revision>
<id>2165066</id>
<parentid>2050705</parentid>
<timestamp>2016-08-31T01:13:24Z</timestamp>
<contributor>
<username>UT-interwiki-Bot</username>
<id>56129</id>
</contributor>
<minor />
<comment>Robô: A adicionar: [[ja:jail]]</comment>
<model>wikitext</model>
<format>text/x-wiki</format>
<text bytes="956" xml:space="preserve">{{Wikipédia|lang=en|Jail (disambiguation)|jail}}

={{-en-}}=
==Substantivo==
'''jail'''
# [[cadeia]], [[prisão]]

===Sinônimo===
* [[prison]]

==Verbo==
'''jail'''
# [[prender]]

===Conjugação===
{{conj.en|jail|jails|jailed|jailed|jailing}}

==Ver também==
===No Wikcionário===
{{verTambém.Ini}}
* [[inmate]]
{{verTambém.NovaColuna}}
* [[stint]]
{{verTambém.Fim}}

[[Categoria:Substantivo (Inglês)]]

[[chr:jail]]
[[cs:jail]]
[[cy:jail]]
[[de:jail]]
[[el:jail]]
[[en:jail]]
[[eo:jail]]
[[es:jail]]
[[et:jail]]
[[fi:jail]]
[[fr:jail]]
[[hi:jail]]
[[hr:jail]]
[[hu:jail]]
[[hy:jail]]
[[id:jail]]
[[io:jail]]
[[it:jail]]
[[ja:jail]]
[[jv:jail]]
[[kk:jail]]
[[kn:jail]]
[[ko:jail]]
[[ku:jail]]
[[lb:jail]]
[[li:jail]]
[[mg:jail]]
[[ml:jail]]
[[my:jail]]
[[nl:jail]]
[[oc:jail]]
[[pl:jail]]
[[ru:jail]]
[[simple:jail]]
[[sm:jail]]
[[sv:jail]]
[[sw:jail]]
[[ta:jail]]
[[te:jail]]
[[tl:jail]]
[[tr:jail]]
[[uk:jail]]
[[uz:jail]]
[[vi:jail]]
[[zh:jail]]</text>
<sha1>ghqyxvaob3g3z4xzrsohx1oue8tcyrf</sha1>
</revision>
<revision>
<id>2364509</id>
<parentid>2165066</parentid>
<timestamp>2017-05-03T15:35:10Z</timestamp>
<contributor>
<username>HydrizBot</username>
<id>29590</id>
</contributor>
<minor />
<comment>Robô: A limpar links interwikis antigos</comment>
<model>wikitext</model>
<format>text/x-wiki</format>
<text bytes="410" xml:space="preserve">{{Wikipédia|lang=en|Jail (disambiguation)|jail}}

={{-en-}}=
==Substantivo==
'''jail'''
# [[cadeia]], [[prisão]]

===Sinônimo===
* [[prison]]

==Verbo==
'''jail'''
# [[prender]]

===Conjugação===
{{conj.en|jail|jails|jailed|jailed|jailing}}

==Ver também==
===No Wikcionário===
{{verTambém.Ini}}
* [[inmate]]
{{verTambém.NovaColuna}}
* [[stint]]
{{verTambém.Fim}}

[[Categoria:Substantivo (Inglês)]]</text>
<sha1>l0322nc1h9olwt6ozpbf8yjonn5logm</sha1>
</revision>
</page>
