<title>jajai</title>
<ns>0</ns>
<id>86625</id>
<revision>
<id>336119</id>
<timestamp>2008-03-02T09:15:29Z</timestamp>
<contributor>
<ip>189.10.153.187</ip>
</contributor>
<comment>[[Ajuda:Menus e funções/Sumário de edição#Sumário de edição automático|→]] nova página: ={{-lt-}}= =={{pron}}== '''jajai''' ''[[pessoal]]'' # [[forma]] [[pronominal]] do [[pronome pessoa...</comment>
<model>wikitext</model>
<format>text/x-wiki</format>
<text bytes="285" xml:space="preserve">={{-lt-}}=
=={{pron}}==
'''jajai''' ''[[pessoal]]''
# [[forma]] [[pronominal]] do [[pronome pessoal]] do [[caso]] [[dativo]] da [[terceiro|terceira]] [[pessoa]] do [[feminino]] [[singular]].

===Declinação===
{{decl.lt.pron.3a}}

[[Categoria:Pronome Pessoal (Lituano)]]

[[lt:jajai]]</text>
<sha1>h9vntcpgmeq244qmz5sbxb0w5qc3c2j</sha1>
</revision>
<revision>
<id>565109</id>
<parentid>336119</parentid>
<timestamp>2009-10-13T18:55:55Z</timestamp>
<contributor>
<username>MalafayaBot</username>
<id>628</id>
</contributor>
<minor />
<comment>Bot: Mudança automática (-[[Categoria:Pronome Pessoal +[[Categoria:Pronome pessoal, -|Pronome Pessoal +|Pronome pessoal)</comment>
<model>wikitext</model>
<format>text/x-wiki</format>
<text bytes="285" xml:space="preserve">={{-lt-}}=
=={{pron}}==
'''jajai''' ''[[pessoal]]''
# [[forma]] [[pronominal]] do [[pronome pessoal]] do [[caso]] [[dativo]] da [[terceiro|terceira]] [[pessoa]] do [[feminino]] [[singular]].

===Declinação===
{{decl.lt.pron.3a}}

[[Categoria:Pronome pessoal (Lituano)]]

[[lt:jajai]]</text>
<sha1>nbhp7ltcru720g3t9cb7aihv5frx58r</sha1>
</revision>
<revision>
<id>793639</id>
<parentid>565109</parentid>
<timestamp>2010-02-17T18:09:40Z</timestamp>
<contributor>
<username>Jesielt-bot</username>
<id>10876</id>
</contributor>
<comment>/* {{pron}} */replaced: {{pron}} → Pronome utilizando [[Project:AWB|AWB]]</comment>
<model>wikitext</model>
<format>text/x-wiki</format>
<text bytes="284" xml:space="preserve">={{-lt-}}=
==Pronome==
'''jajai''' ''[[pessoal]]''
# [[forma]] [[pronominal]] do [[pronome pessoal]] do [[caso]] [[dativo]] da [[terceiro|terceira]] [[pessoa]] do [[feminino]] [[singular]].

===Declinação===
{{decl.lt.pron.3a}}

[[Categoria:Pronome pessoal (Lituano)]]

[[lt:jajai]]</text>
<sha1>r5u5jl8t4tcej6kjjph2aci4a78aadw</sha1>
</revision>
<revision>
<id>2364515</id>
<parentid>793639</parentid>
<timestamp>2017-05-03T15:35:28Z</timestamp>
<contributor>
<username>HydrizBot</username>
<id>29590</id>
</contributor>
<minor />
<comment>Robô: A limpar links interwikis antigos</comment>
<model>wikitext</model>
<format>text/x-wiki</format>
<text bytes="270" xml:space="preserve">={{-lt-}}=
==Pronome==
'''jajai''' ''[[pessoal]]''
# [[forma]] [[pronominal]] do [[pronome pessoal]] do [[caso]] [[dativo]] da [[terceiro|terceira]] [[pessoa]] do [[feminino]] [[singular]].

===Declinação===
{{decl.lt.pron.3a}}

[[Categoria:Pronome pessoal (Lituano)]]</text>
<sha1>pkbh2y23tyin71od8aniwqsz45dqcbn</sha1>
</revision>
</page>
