<title>jajame</title>
<ns>0</ns>
<id>86648</id>
<revision>
<id>336143</id>
<timestamp>2008-03-02T09:43:46Z</timestamp>
<contributor>
<ip>189.10.153.187</ip>
</contributor>
<comment>[[Ajuda:Menus e funções/Sumário de edição#Sumário de edição automático|→]] nova página: ={{-lt-}}= =={{pron}}== '''ja.ja.me''' ''[[pessoal]]'' # [[forma]] [[pronominal]] do [[pronome pes...</comment>
<model>wikitext</model>
<format>text/x-wiki</format>
<text bytes="328" xml:space="preserve">={{-lt-}}=
=={{pron}}==
'''ja.ja.me''' ''[[pessoal]]''
# [[forma]] [[pronominal]] do [[pronome pessoal]] do [[caso]] [[locativo]] da [[terceiro|terceira]] [[pessoa]] do [[masculino]] [[singular]].

===Declinação===
{{decl.lt.pron.3a}}

[[Categoria:Pronome Pessoal (Lituano)]]
[[Categoria:Trissílabo (Lituano)]]

[[lt:jajame]]</text>
<sha1>acuajtkv1326xjs93ckazf8lzcecoqk</sha1>
</revision>
<revision>
<id>565114</id>
<parentid>336143</parentid>
<timestamp>2009-10-13T18:56:14Z</timestamp>
<contributor>
<username>MalafayaBot</username>
<id>628</id>
</contributor>
<minor />
<comment>Bot: Mudança automática (-[[Categoria:Pronome Pessoal +[[Categoria:Pronome pessoal, -|Pronome Pessoal +|Pronome pessoal)</comment>
<model>wikitext</model>
<format>text/x-wiki</format>
<text bytes="328" xml:space="preserve">={{-lt-}}=
=={{pron}}==
'''ja.ja.me''' ''[[pessoal]]''
# [[forma]] [[pronominal]] do [[pronome pessoal]] do [[caso]] [[locativo]] da [[terceiro|terceira]] [[pessoa]] do [[masculino]] [[singular]].

===Declinação===
{{decl.lt.pron.3a}}

[[Categoria:Pronome pessoal (Lituano)]]
[[Categoria:Trissílabo (Lituano)]]

[[lt:jajame]]</text>
<sha1>fdr9eu5qy48xwj7su5jw4xy6yvmomg8</sha1>
</revision>
<revision>
<id>793664</id>
<parentid>565114</parentid>
<timestamp>2010-02-17T18:11:12Z</timestamp>
<contributor>
<username>Jesielt-bot</username>
<id>10876</id>
</contributor>
<comment>/* {{pron}} */replaced: {{pron}} → Pronome utilizando [[Project:AWB|AWB]]</comment>
<model>wikitext</model>
<format>text/x-wiki</format>
<text bytes="327" xml:space="preserve">={{-lt-}}=
==Pronome==
'''ja.ja.me''' ''[[pessoal]]''
# [[forma]] [[pronominal]] do [[pronome pessoal]] do [[caso]] [[locativo]] da [[terceiro|terceira]] [[pessoa]] do [[masculino]] [[singular]].

===Declinação===
{{decl.lt.pron.3a}}

[[Categoria:Pronome pessoal (Lituano)]]
[[Categoria:Trissílabo (Lituano)]]

[[lt:jajame]]</text>
<sha1>js4ybh9scvuh8o1vt4fbh4davj20084</sha1>
</revision>
<revision>
<id>2364517</id>
<parentid>793664</parentid>
<timestamp>2017-05-03T15:35:32Z</timestamp>
<contributor>
<username>HydrizBot</username>
<id>29590</id>
</contributor>
<minor />
<comment>Robô: A limpar links interwikis antigos</comment>
<model>wikitext</model>
<format>text/x-wiki</format>
<text bytes="312" xml:space="preserve">={{-lt-}}=
==Pronome==
'''ja.ja.me''' ''[[pessoal]]''
# [[forma]] [[pronominal]] do [[pronome pessoal]] do [[caso]] [[locativo]] da [[terceiro|terceira]] [[pessoa]] do [[masculino]] [[singular]].

===Declinação===
{{decl.lt.pron.3a}}

[[Categoria:Pronome pessoal (Lituano)]]
[[Categoria:Trissílabo (Lituano)]]</text>
<sha1>raicgx12tebu218gie00milpx95v5vz</sha1>
</revision>
</page>
