<title>jaje</title>
<ns>0</ns>
<id>224388</id>
<revision>
<id>838610</id>
<timestamp>2010-03-28T22:44:59Z</timestamp>
<contributor>
<username>Eusbarbosa</username>
<id>117</id>
</contributor>
<comment>[[Ajuda:Menus e funções/Sumário de edição#Sumário de edição automático|→]] nova página: ={{-hr-}}= ==Substantivo== '''ja.je''' ''neutro'' # [[ovo]]   =={{vertb}}== {{vertbini}} * [[juha]...</comment>
<model>wikitext</model>
<format>text/x-wiki</format>
<text bytes="424" xml:space="preserve">={{-hr-}}=
==Substantivo==
'''ja.je''' ''neutro''
# [[ovo]]


=={{vertb}}==
{{vertbini}}
* [[juha]]
* [[guslaš]]
* [[govedina]]
* [[kavijar]]
{{vertbmeio}}
* [[mlijeko]]
* [[limun]]
* [[kruh]]
* [[kupus]]
{{vertbmeio}}
* [[med]]
* [[maslac]]
* [[maslina]]
* [[meso]]
{{vertbmeio}}
* [[mortadela]]
* [[naranča]]
* [[ocat]]
* [[rajčica]]
{{vertbfim}}

[[Categoria:Substantivo (Croata)]]
[[Categoria:Alimentação (Croata)]]</text>
<sha1>7e40g8tkv472dyt0sgiyp6zs1j97n7d</sha1>
</revision>
<revision>
<id>838619</id>
<parentid>838610</parentid>
<timestamp>2010-03-28T22:50:44Z</timestamp>
<contributor>
<username>Eusbarbosa</username>
<id>117</id>
</contributor>
<minor />
<model>wikitext</model>
<format>text/x-wiki</format>
<text bytes="423" xml:space="preserve">={{-hr-}}=
==Substantivo==
'''ja.je''' ''neutro''
# [[ovo]]


=={{vertb}}==
{{vertbini}}
* [[juha]]
* [[gulaš]]
* [[govedina]]
* [[kavijar]]
{{vertbmeio}}
* [[mlijeko]]
* [[limun]]
* [[kruh]]
* [[kupus]]
{{vertbmeio}}
* [[med]]
* [[maslac]]
* [[maslina]]
* [[meso]]
{{vertbmeio}}
* [[mortadela]]
* [[naranča]]
* [[ocat]]
* [[rajčica]]
{{vertbfim}}

[[Categoria:Substantivo (Croata)]]
[[Categoria:Alimentação (Croata)]]</text>
<sha1>4z8cx0njxjonymoaig5zc42nqup0tdg</sha1>
</revision>
<revision>
<id>838631</id>
<parentid>838619</parentid>
<timestamp>2010-03-28T23:56:42Z</timestamp>
<contributor>
<username>Interwicket</username>
<id>6868</id>
</contributor>
<minor />
<comment>iwiki +[[:el:jaje]], [[:en:jaje]], [[:hu:jaje]], [[:it:jaje]], [[:ko:jaje]], pl, ru, tr</comment>
<model>wikitext</model>
<format>text/x-wiki</format>
<text bytes="520" xml:space="preserve">={{-hr-}}=
==Substantivo==
'''ja.je''' ''neutro''
# [[ovo]]


=={{vertb}}==
{{vertbini}}
* [[juha]]
* [[gulaš]]
* [[govedina]]
* [[kavijar]]
{{vertbmeio}}
* [[mlijeko]]
* [[limun]]
* [[kruh]]
* [[kupus]]
{{vertbmeio}}
* [[med]]
* [[maslac]]
* [[maslina]]
* [[meso]]
{{vertbmeio}}
* [[mortadela]]
* [[naranča]]
* [[ocat]]
* [[rajčica]]
{{vertbfim}}

[[Categoria:Substantivo (Croata)]]
[[Categoria:Alimentação (Croata)]]

[[el:jaje]]
[[en:jaje]]
[[hu:jaje]]
[[it:jaje]]
[[ko:jaje]]
[[pl:jaje]]
[[ru:jaje]]
[[tr:jaje]]</text>
<sha1>5civq643shj5zogfjgfan5fmq2fpq5h</sha1>
</revision>
<revision>
<id>978076</id>
<parentid>838631</parentid>
<timestamp>2010-11-05T16:39:57Z</timestamp>
<contributor>
<username>Interwicket</username>
<id>6868</id>
</contributor>
<minor />
<comment>iwiki +[[:hr:jaje]]</comment>
<model>wikitext</model>
<format>text/x-wiki</format>
<text bytes="532" xml:space="preserve">={{-hr-}}=
==Substantivo==
'''ja.je''' ''neutro''
# [[ovo]]


=={{vertb}}==
{{vertbini}}
* [[juha]]
* [[gulaš]]
* [[govedina]]
* [[kavijar]]
{{vertbmeio}}
* [[mlijeko]]
* [[limun]]
* [[kruh]]
* [[kupus]]
{{vertbmeio}}
* [[med]]
* [[maslac]]
* [[maslina]]
* [[meso]]
{{vertbmeio}}
* [[mortadela]]
* [[naranča]]
* [[ocat]]
* [[rajčica]]
{{vertbfim}}

[[Categoria:Substantivo (Croata)]]
[[Categoria:Alimentação (Croata)]]

[[el:jaje]]
[[en:jaje]]
[[hr:jaje]]
[[hu:jaje]]
[[it:jaje]]
[[ko:jaje]]
[[pl:jaje]]
[[ru:jaje]]
[[tr:jaje]]</text>
<sha1>8qg0uevtnawxu4l4sgy7x0tcyzl6jjh</sha1>
</revision>
<revision>
<id>1271657</id>
<parentid>978076</parentid>
<timestamp>2011-11-02T08:46:31Z</timestamp>
<contributor>
<username>JAnDbot</username>
<id>25083</id>
</contributor>
<minor />
<comment>r2.5.2) (Robô: A adicionar: [[fi:jaje]], [[mg:jaje]]</comment>
<model>wikitext</model>
<format>text/x-wiki</format>
<text bytes="556" xml:space="preserve">={{-hr-}}=
==Substantivo==
'''ja.je''' ''neutro''
# [[ovo]]


=={{vertb}}==
{{vertbini}}
* [[juha]]
* [[gulaš]]
* [[govedina]]
* [[kavijar]]
{{vertbmeio}}
* [[mlijeko]]
* [[limun]]
* [[kruh]]
* [[kupus]]
{{vertbmeio}}
* [[med]]
* [[maslac]]
* [[maslina]]
* [[meso]]
{{vertbmeio}}
* [[mortadela]]
* [[naranča]]
* [[ocat]]
* [[rajčica]]
{{vertbfim}}

[[Categoria:Substantivo (Croata)]]
[[Categoria:Alimentação (Croata)]]

[[el:jaje]]
[[en:jaje]]
[[fi:jaje]]
[[hr:jaje]]
[[hu:jaje]]
[[it:jaje]]
[[ko:jaje]]
[[mg:jaje]]
[[pl:jaje]]
[[ru:jaje]]
[[tr:jaje]]</text>
<sha1>2g49xbv7icf98lnr9554c4cub2tpfxh</sha1>
</revision>
<revision>
<id>1345760</id>
<parentid>1271657</parentid>
<timestamp>2011-12-24T14:58:30Z</timestamp>
<contributor>
<username>Luckas-bot</username>
<id>5986</id>
</contributor>
<minor />
<comment>r2.7.2) (Robô: A adicionar: [[id:jaje]]</comment>
<model>wikitext</model>
<format>text/x-wiki</format>
<text bytes="568" xml:space="preserve">={{-hr-}}=
==Substantivo==
'''ja.je''' ''neutro''
# [[ovo]]


=={{vertb}}==
{{vertbini}}
* [[juha]]
* [[gulaš]]
* [[govedina]]
* [[kavijar]]
{{vertbmeio}}
* [[mlijeko]]
* [[limun]]
* [[kruh]]
* [[kupus]]
{{vertbmeio}}
* [[med]]
* [[maslac]]
* [[maslina]]
* [[meso]]
{{vertbmeio}}
* [[mortadela]]
* [[naranča]]
* [[ocat]]
* [[rajčica]]
{{vertbfim}}

[[Categoria:Substantivo (Croata)]]
[[Categoria:Alimentação (Croata)]]

[[el:jaje]]
[[en:jaje]]
[[fi:jaje]]
[[hr:jaje]]
[[hu:jaje]]
[[id:jaje]]
[[it:jaje]]
[[ko:jaje]]
[[mg:jaje]]
[[pl:jaje]]
[[ru:jaje]]
[[tr:jaje]]</text>
<sha1>9c5798ywixrn3566gvx005hgmkj3s3i</sha1>
</revision>
<revision>
<id>1351838</id>
<parentid>1345760</parentid>
<timestamp>2012-01-02T12:43:28Z</timestamp>
<contributor>
<username>Luckas-bot</username>
<id>5986</id>
</contributor>
<minor />
<comment>r2.7.2) (Robô: A adicionar: [[eu:jaje]]</comment>
<model>wikitext</model>
<format>text/x-wiki</format>
<text bytes="580" xml:space="preserve">={{-hr-}}=
==Substantivo==
'''ja.je''' ''neutro''
# [[ovo]]


=={{vertb}}==
{{vertbini}}
* [[juha]]
* [[gulaš]]
* [[govedina]]
* [[kavijar]]
{{vertbmeio}}
* [[mlijeko]]
* [[limun]]
* [[kruh]]
* [[kupus]]
{{vertbmeio}}
* [[med]]
* [[maslac]]
* [[maslina]]
* [[meso]]
{{vertbmeio}}
* [[mortadela]]
* [[naranča]]
* [[ocat]]
* [[rajčica]]
{{vertbfim}}

[[Categoria:Substantivo (Croata)]]
[[Categoria:Alimentação (Croata)]]

[[el:jaje]]
[[en:jaje]]
[[eu:jaje]]
[[fi:jaje]]
[[hr:jaje]]
[[hu:jaje]]
[[id:jaje]]
[[it:jaje]]
[[ko:jaje]]
[[mg:jaje]]
[[pl:jaje]]
[[ru:jaje]]
[[tr:jaje]]</text>
<sha1>1os9yoqs3l9d78x38dh0zwnbniny9g1</sha1>
</revision>
<revision>
<id>1489719</id>
<parentid>1351838</parentid>
<timestamp>2012-10-21T17:34:45Z</timestamp>
<contributor>
<username>VJBot</username>
<id>33673</id>
</contributor>
<minor />
<comment>Robô: Substituição de texto automática  (-{{vertbmeio}} +{{verTambém.NovaColuna}})</comment>
<model>wikitext</model>
<format>text/x-wiki</format>
<text bytes="616" xml:space="preserve">={{-hr-}}=
==Substantivo==
'''ja.je''' ''neutro''
# [[ovo]]


=={{vertb}}==
{{vertbini}}
* [[juha]]
* [[gulaš]]
* [[govedina]]
* [[kavijar]]
{{verTambém.NovaColuna}}
* [[mlijeko]]
* [[limun]]
* [[kruh]]
* [[kupus]]
{{verTambém.NovaColuna}}
* [[med]]
* [[maslac]]
* [[maslina]]
* [[meso]]
{{verTambém.NovaColuna}}
* [[mortadela]]
* [[naranča]]
* [[ocat]]
* [[rajčica]]
{{vertbfim}}

[[Categoria:Substantivo (Croata)]]
[[Categoria:Alimentação (Croata)]]

[[el:jaje]]
[[en:jaje]]
[[eu:jaje]]
[[fi:jaje]]
[[hr:jaje]]
[[hu:jaje]]
[[id:jaje]]
[[it:jaje]]
[[ko:jaje]]
[[mg:jaje]]
[[pl:jaje]]
[[ru:jaje]]
[[tr:jaje]]</text>
<sha1>6h2nmrjq7f19t85dou7t8j845g7o7nd</sha1>
</revision>
<revision>
<id>1497518</id>
<parentid>1489719</parentid>
<timestamp>2012-10-24T03:44:01Z</timestamp>
<contributor>
<username>HydrizBot</username>
<id>29590</id>
</contributor>
<minor />
<comment>r2.7.3) (Robô: A adicionar: [[sm:jaje]]</comment>
<model>wikitext</model>
<format>text/x-wiki</format>
<text bytes="628" xml:space="preserve">={{-hr-}}=
==Substantivo==
'''ja.je''' ''neutro''
# [[ovo]]


=={{vertb}}==
{{vertbini}}
* [[juha]]
* [[gulaš]]
* [[govedina]]
* [[kavijar]]
{{verTambém.NovaColuna}}
* [[mlijeko]]
* [[limun]]
* [[kruh]]
* [[kupus]]
{{verTambém.NovaColuna}}
* [[med]]
* [[maslac]]
* [[maslina]]
* [[meso]]
{{verTambém.NovaColuna}}
* [[mortadela]]
* [[naranča]]
* [[ocat]]
* [[rajčica]]
{{vertbfim}}

[[Categoria:Substantivo (Croata)]]
[[Categoria:Alimentação (Croata)]]

[[el:jaje]]
[[en:jaje]]
[[eu:jaje]]
[[fi:jaje]]
[[hr:jaje]]
[[hu:jaje]]
[[id:jaje]]
[[it:jaje]]
[[ko:jaje]]
[[mg:jaje]]
[[pl:jaje]]
[[ru:jaje]]
[[sm:jaje]]
[[tr:jaje]]</text>
<sha1>qiei1eh8tvyeoliua7seozb32f78j7n</sha1>
</revision>
<revision>
<id>1504241</id>
<parentid>1497518</parentid>
<timestamp>2012-10-27T00:14:00Z</timestamp>
<contributor>
<username>VJBot</username>
<id>33673</id>
</contributor>
<minor />
<comment>Robô: Substituição de texto automática  (-{{vertbini}} +{{verTambém.Ini}})</comment>
<model>wikitext</model>
<format>text/x-wiki</format>
<text bytes="634" xml:space="preserve">={{-hr-}}=
==Substantivo==
'''ja.je''' ''neutro''
# [[ovo]]


=={{vertb}}==
{{verTambém.Ini}}
* [[juha]]
* [[gulaš]]
* [[govedina]]
* [[kavijar]]
{{verTambém.NovaColuna}}
* [[mlijeko]]
* [[limun]]
* [[kruh]]
* [[kupus]]
{{verTambém.NovaColuna}}
* [[med]]
* [[maslac]]
* [[maslina]]
* [[meso]]
{{verTambém.NovaColuna}}
* [[mortadela]]
* [[naranča]]
* [[ocat]]
* [[rajčica]]
{{vertbfim}}

[[Categoria:Substantivo (Croata)]]
[[Categoria:Alimentação (Croata)]]

[[el:jaje]]
[[en:jaje]]
[[eu:jaje]]
[[fi:jaje]]
[[hr:jaje]]
[[hu:jaje]]
[[id:jaje]]
[[it:jaje]]
[[ko:jaje]]
[[mg:jaje]]
[[pl:jaje]]
[[ru:jaje]]
[[sm:jaje]]
[[tr:jaje]]</text>
<sha1>qy6v2mneydcyvrja5c12qt7qok9fqfv</sha1>
</revision>
<revision>
<id>1513014</id>
<parentid>1504241</parentid>
<timestamp>2012-10-30T16:16:47Z</timestamp>
<contributor>
<username>VJBot</username>
<id>33673</id>
</contributor>
<minor />
<comment>Robô: Substituição de texto automática  (-{{vertbfim}} +{{verTambém.Fim}})</comment>
<model>wikitext</model>
<format>text/x-wiki</format>
<text bytes="640" xml:space="preserve">={{-hr-}}=
==Substantivo==
'''ja.je''' ''neutro''
# [[ovo]]


=={{vertb}}==
{{verTambém.Ini}}
* [[juha]]
* [[gulaš]]
* [[govedina]]
* [[kavijar]]
{{verTambém.NovaColuna}}
* [[mlijeko]]
* [[limun]]
* [[kruh]]
* [[kupus]]
{{verTambém.NovaColuna}}
* [[med]]
* [[maslac]]
* [[maslina]]
* [[meso]]
{{verTambém.NovaColuna}}
* [[mortadela]]
* [[naranča]]
* [[ocat]]
* [[rajčica]]
{{verTambém.Fim}}

[[Categoria:Substantivo (Croata)]]
[[Categoria:Alimentação (Croata)]]

[[el:jaje]]
[[en:jaje]]
[[eu:jaje]]
[[fi:jaje]]
[[hr:jaje]]
[[hu:jaje]]
[[id:jaje]]
[[it:jaje]]
[[ko:jaje]]
[[mg:jaje]]
[[pl:jaje]]
[[ru:jaje]]
[[sm:jaje]]
[[tr:jaje]]</text>
<sha1>nskchx5g65iow0tpewnvirk64siy9b0</sha1>
</revision>
<revision>
<id>1554411</id>
<parentid>1513014</parentid>
<timestamp>2012-12-06T17:55:40Z</timestamp>
<contributor>
<username>VJBot</username>
<id>33673</id>
</contributor>
<minor />
<comment>Robô: Substituição de texto automática  (-{{vertb}} +Ver também)</comment>
<model>wikitext</model>
<format>text/x-wiki</format>
<text bytes="642" xml:space="preserve">={{-hr-}}=
==Substantivo==
'''ja.je''' ''neutro''
# [[ovo]]


==Ver também==
{{verTambém.Ini}}
* [[juha]]
* [[gulaš]]
* [[govedina]]
* [[kavijar]]
{{verTambém.NovaColuna}}
* [[mlijeko]]
* [[limun]]
* [[kruh]]
* [[kupus]]
{{verTambém.NovaColuna}}
* [[med]]
* [[maslac]]
* [[maslina]]
* [[meso]]
{{verTambém.NovaColuna}}
* [[mortadela]]
* [[naranča]]
* [[ocat]]
* [[rajčica]]
{{verTambém.Fim}}

[[Categoria:Substantivo (Croata)]]
[[Categoria:Alimentação (Croata)]]

[[el:jaje]]
[[en:jaje]]
[[eu:jaje]]
[[fi:jaje]]
[[hr:jaje]]
[[hu:jaje]]
[[id:jaje]]
[[it:jaje]]
[[ko:jaje]]
[[mg:jaje]]
[[pl:jaje]]
[[ru:jaje]]
[[sm:jaje]]
[[tr:jaje]]</text>
<sha1>k232abfelr4yksc8pinfy1r3im24irq</sha1>
</revision>
<revision>
<id>1663105</id>
<parentid>1554411</parentid>
<timestamp>2013-03-01T13:44:01Z</timestamp>
<contributor>
<username>HydrizBot</username>
<id>29590</id>
</contributor>
<minor />
<comment>r2.7.3) (Robô: A adicionar: [[kn:jaje]]</comment>
<model>wikitext</model>
<format>text/x-wiki</format>
<text bytes="654" xml:space="preserve">={{-hr-}}=
==Substantivo==
'''ja.je''' ''neutro''
# [[ovo]]


==Ver também==
{{verTambém.Ini}}
* [[juha]]
* [[gulaš]]
* [[govedina]]
* [[kavijar]]
{{verTambém.NovaColuna}}
* [[mlijeko]]
* [[limun]]
* [[kruh]]
* [[kupus]]
{{verTambém.NovaColuna}}
* [[med]]
* [[maslac]]
* [[maslina]]
* [[meso]]
{{verTambém.NovaColuna}}
* [[mortadela]]
* [[naranča]]
* [[ocat]]
* [[rajčica]]
{{verTambém.Fim}}

[[Categoria:Substantivo (Croata)]]
[[Categoria:Alimentação (Croata)]]

[[el:jaje]]
[[en:jaje]]
[[eu:jaje]]
[[fi:jaje]]
[[hr:jaje]]
[[hu:jaje]]
[[id:jaje]]
[[it:jaje]]
[[kn:jaje]]
[[ko:jaje]]
[[mg:jaje]]
[[pl:jaje]]
[[ru:jaje]]
[[sm:jaje]]
[[tr:jaje]]</text>
<sha1>k0h240gxmwtk0p2lqywbk0323wjg33r</sha1>
</revision>
<revision>
<id>1860790</id>
<parentid>1663105</parentid>
<timestamp>2014-09-21T06:06:20Z</timestamp>
<contributor>
<username>JAnDbot</username>
<id>25083</id>
</contributor>
<minor />
<comment>r2.7.3) (Robô: A adicionar: [[sh:jaje]]</comment>
<model>wikitext</model>
<format>text/x-wiki</format>
<text bytes="666" xml:space="preserve">={{-hr-}}=
==Substantivo==
'''ja.je''' ''neutro''
# [[ovo]]


==Ver também==
{{verTambém.Ini}}
* [[juha]]
* [[gulaš]]
* [[govedina]]
* [[kavijar]]
{{verTambém.NovaColuna}}
* [[mlijeko]]
* [[limun]]
* [[kruh]]
* [[kupus]]
{{verTambém.NovaColuna}}
* [[med]]
* [[maslac]]
* [[maslina]]
* [[meso]]
{{verTambém.NovaColuna}}
* [[mortadela]]
* [[naranča]]
* [[ocat]]
* [[rajčica]]
{{verTambém.Fim}}

[[Categoria:Substantivo (Croata)]]
[[Categoria:Alimentação (Croata)]]

[[el:jaje]]
[[en:jaje]]
[[eu:jaje]]
[[fi:jaje]]
[[hr:jaje]]
[[hu:jaje]]
[[id:jaje]]
[[it:jaje]]
[[kn:jaje]]
[[ko:jaje]]
[[mg:jaje]]
[[pl:jaje]]
[[ru:jaje]]
[[sh:jaje]]
[[sm:jaje]]
[[tr:jaje]]</text>
<sha1>thno0irl03p6fe8d8zxdfk6nj4evlvi</sha1>
</revision>
<revision>
<id>1975309</id>
<parentid>1860790</parentid>
<timestamp>2015-07-30T23:10:37Z</timestamp>
<contributor>
<username>HydrizBot</username>
<id>29590</id>
</contributor>
<minor />
<comment>Robô: A adicionar: [[az:jaje]]</comment>
<model>wikitext</model>
<format>text/x-wiki</format>
<text bytes="678" xml:space="preserve">={{-hr-}}=
==Substantivo==
'''ja.je''' ''neutro''
# [[ovo]]


==Ver também==
{{verTambém.Ini}}
* [[juha]]
* [[gulaš]]
* [[govedina]]
* [[kavijar]]
{{verTambém.NovaColuna}}
* [[mlijeko]]
* [[limun]]
* [[kruh]]
* [[kupus]]
{{verTambém.NovaColuna}}
* [[med]]
* [[maslac]]
* [[maslina]]
* [[meso]]
{{verTambém.NovaColuna}}
* [[mortadela]]
* [[naranča]]
* [[ocat]]
* [[rajčica]]
{{verTambém.Fim}}

[[Categoria:Substantivo (Croata)]]
[[Categoria:Alimentação (Croata)]]

[[az:jaje]]
[[el:jaje]]
[[en:jaje]]
[[eu:jaje]]
[[fi:jaje]]
[[hr:jaje]]
[[hu:jaje]]
[[id:jaje]]
[[it:jaje]]
[[kn:jaje]]
[[ko:jaje]]
[[mg:jaje]]
[[pl:jaje]]
[[ru:jaje]]
[[sh:jaje]]
[[sm:jaje]]
[[tr:jaje]]</text>
<sha1>9q1qfg8edsbmnfu01i946gb70c0gqm6</sha1>
</revision>
<revision>
<id>2127946</id>
<parentid>1975309</parentid>
<timestamp>2016-06-07T17:49:39Z</timestamp>
<contributor>
<username>UT-interwiki-Bot</username>
<id>56129</id>
</contributor>
<minor />
<comment>Robô: A adicionar: [[sr:jaje]]</comment>
<model>wikitext</model>
<format>text/x-wiki</format>
<text bytes="690" xml:space="preserve">={{-hr-}}=
==Substantivo==
'''ja.je''' ''neutro''
# [[ovo]]


==Ver também==
{{verTambém.Ini}}
* [[juha]]
* [[gulaš]]
* [[govedina]]
* [[kavijar]]
{{verTambém.NovaColuna}}
* [[mlijeko]]
* [[limun]]
* [[kruh]]
* [[kupus]]
{{verTambém.NovaColuna}}
* [[med]]
* [[maslac]]
* [[maslina]]
* [[meso]]
{{verTambém.NovaColuna}}
* [[mortadela]]
* [[naranča]]
* [[ocat]]
* [[rajčica]]
{{verTambém.Fim}}

[[Categoria:Substantivo (Croata)]]
[[Categoria:Alimentação (Croata)]]

[[az:jaje]]
[[el:jaje]]
[[en:jaje]]
[[eu:jaje]]
[[fi:jaje]]
[[hr:jaje]]
[[hu:jaje]]
[[id:jaje]]
[[it:jaje]]
[[kn:jaje]]
[[ko:jaje]]
[[mg:jaje]]
[[pl:jaje]]
[[ru:jaje]]
[[sh:jaje]]
[[sm:jaje]]
[[sr:jaje]]
[[tr:jaje]]</text>
<sha1>eylb8102xne9ghub69ku32vf6f0pilm</sha1>
</revision>
<revision>
<id>2204474</id>
<parentid>2127946</parentid>
<timestamp>2016-12-01T08:05:42Z</timestamp>
<contributor>
<username>UT-interwiki-Bot</username>
<id>56129</id>
</contributor>
<minor />
<comment>Robô: A adicionar: [[ku:jaje]]</comment>
<model>wikitext</model>
<format>text/x-wiki</format>
<text bytes="702" xml:space="preserve">={{-hr-}}=
==Substantivo==
'''ja.je''' ''neutro''
# [[ovo]]


==Ver também==
{{verTambém.Ini}}
* [[juha]]
* [[gulaš]]
* [[govedina]]
* [[kavijar]]
{{verTambém.NovaColuna}}
* [[mlijeko]]
* [[limun]]
* [[kruh]]
* [[kupus]]
{{verTambém.NovaColuna}}
* [[med]]
* [[maslac]]
* [[maslina]]
* [[meso]]
{{verTambém.NovaColuna}}
* [[mortadela]]
* [[naranča]]
* [[ocat]]
* [[rajčica]]
{{verTambém.Fim}}

[[Categoria:Substantivo (Croata)]]
[[Categoria:Alimentação (Croata)]]

[[az:jaje]]
[[el:jaje]]
[[en:jaje]]
[[eu:jaje]]
[[fi:jaje]]
[[hr:jaje]]
[[hu:jaje]]
[[id:jaje]]
[[it:jaje]]
[[kn:jaje]]
[[ko:jaje]]
[[ku:jaje]]
[[mg:jaje]]
[[pl:jaje]]
[[ru:jaje]]
[[sh:jaje]]
[[sm:jaje]]
[[sr:jaje]]
[[tr:jaje]]</text>
<sha1>r0595pyxwvgc4kiqohuucwcm15u5p5f</sha1>
</revision>
<revision>
<id>2364518</id>
<parentid>2204474</parentid>
<timestamp>2017-05-03T15:35:38Z</timestamp>
<contributor>
<username>HydrizBot</username>
<id>29590</id>
</contributor>
<minor />
<comment>Robô: A limpar links interwikis antigos</comment>
<model>wikitext</model>
<format>text/x-wiki</format>
<text bytes="473" xml:space="preserve">={{-hr-}}=
==Substantivo==
'''ja.je''' ''neutro''
# [[ovo]]


==Ver também==
{{verTambém.Ini}}
* [[juha]]
* [[gulaš]]
* [[govedina]]
* [[kavijar]]
{{verTambém.NovaColuna}}
* [[mlijeko]]
* [[limun]]
* [[kruh]]
* [[kupus]]
{{verTambém.NovaColuna}}
* [[med]]
* [[maslac]]
* [[maslina]]
* [[meso]]
{{verTambém.NovaColuna}}
* [[mortadela]]
* [[naranča]]
* [[ocat]]
* [[rajčica]]
{{verTambém.Fim}}

[[Categoria:Substantivo (Croata)]]
[[Categoria:Alimentação (Croata)]]</text>
<sha1>17pyby1mibccafrssfxb775hp2z0o0v</sha1>
</revision>
</page>
