<title>jajji</title>
<ns>0</ns>
<id>245913</id>
<revision>
<id>931220</id>
<timestamp>2010-08-01T22:53:51Z</timestamp>
<contributor>
<username>Jesielt</username>
<id>6680</id>
</contributor>
<comment>Novo.</comment>
<model>wikitext</model>
<format>text/x-wiki</format>
<text bytes="153" xml:space="preserve">={{-ja-}}=
==Romaji==
{{c-ja|hi=}}
#[[transliteração]] em [[romaji]] de '''[[ジャッジ#{{ja}}|ジャッジ]]'''

[[Categoria:Substantivo em romaji]]</text>
<sha1>hjfny6zu5szqs728p9wrlj7tqi0ibzh</sha1>
</revision>
<revision>
<id>1567251</id>
<parentid>931220</parentid>
<timestamp>2012-12-24T16:35:43Z</timestamp>
<contributor>
<username>VJBot</username>
<id>33673</id>
</contributor>
<minor />
<comment>Robô: Substituição de texto automática  (-{{c-ja| +{{cabeçalho-ja|)</comment>
<model>wikitext</model>
<format>text/x-wiki</format>
<text bytes="162" xml:space="preserve">={{-ja-}}=
==Romaji==
{{cabeçalho-ja|hi=}}
#[[transliteração]] em [[romaji]] de '''[[ジャッジ#{{ja}}|ジャッジ]]'''

[[Categoria:Substantivo em romaji]]</text>
<sha1>4zjztyj58hm9we6r4tabakszk2lmw4b</sha1>
</revision>
<revision>
<id>1991651</id>
<parentid>1567251</parentid>
<timestamp>2015-08-30T14:55:43Z</timestamp>
<contributor>
<username>MalafayaBot</username>
<id>628</id>
</contributor>
<minor />
<comment>Robô: A adicionar: [[uz:jajji]]</comment>
<model>wikitext</model>
<format>text/x-wiki</format>
<text bytes="176" xml:space="preserve">={{-ja-}}=
==Romaji==
{{cabeçalho-ja|hi=}}
#[[transliteração]] em [[romaji]] de '''[[ジャッジ#{{ja}}|ジャッジ]]'''

[[Categoria:Substantivo em romaji]]

[[uz:jajji]]</text>
<sha1>82xhh4oe01ylpq22e7tobine49jpd4x</sha1>
</revision>
<revision>
<id>2093822</id>
<parentid>1991651</parentid>
<timestamp>2016-04-28T19:26:31Z</timestamp>
<contributor>
<username>Luan</username>
<id>1279</id>
</contributor>
<comment>[[Help:Cat-a-lot|Cat-a-lot]]: Moving from [[Category:Substantivo em romaji]] to [[Category:Substantivo (Japonês)]]</comment>
<model>wikitext</model>
<format>text/x-wiki</format>
<text bytes="177" xml:space="preserve">={{-ja-}}=
==Romaji==
{{cabeçalho-ja|hi=}}
#[[transliteração]] em [[romaji]] de '''[[ジャッジ#{{ja}}|ジャッジ]]'''

[[Categoria:Substantivo (Japonês)]]

[[uz:jajji]]</text>
<sha1>t7698e28qggyq0btdifwvyp71fsmozq</sha1>
</revision>
<revision>
<id>2219156</id>
<parentid>2093822</parentid>
<timestamp>2017-01-05T02:06:24Z</timestamp>
<contributor>
<username>Tribuno da Plebe</username>
<id>16095</id>
</contributor>
<model>wikitext</model>
<format>text/x-wiki</format>
<text bytes="128" xml:space="preserve">={{-ja-}}=
==Transliteração==

# transliteração de [[ジャッジ]]

[[Categoria:Transliteração (Japonês)]]

[[uz:jajji]]</text>
<sha1>fyx4vp08xduimq9fjjnf1navtptmyjn</sha1>
</revision>
<revision>
<id>2364519</id>
<parentid>2219156</parentid>
<timestamp>2017-05-03T15:35:40Z</timestamp>
<contributor>
<username>HydrizBot</username>
<id>29590</id>
</contributor>
<minor />
<comment>Robô: A limpar links interwikis antigos</comment>
<model>wikitext</model>
<format>text/x-wiki</format>
<text bytes="114" xml:space="preserve">={{-ja-}}=
==Transliteração==

# transliteração de [[ジャッジ]]

[[Categoria:Transliteração (Japonês)]]</text>
<sha1>qbchidhazdyqoz6zjvdb3zwf62qmfeg</sha1>
</revision>
</page>
