<title>jaka</title>
<ns>0</ns>
<id>398972</id>
<revision>
<id>2515457</id>
<timestamp>2018-08-13T19:01:05Z</timestamp>
<contributor>
<username>Amigo7</username>
<id>58547</id>
</contributor>
<comment>[[Ajuda:Guia de edição/Menus e ferramentas/Sumário de edição|→]] nova página: ={{-pl-}}= ==Pronome== {{paroxítona|ja|ka|lang=pl}}, {{gramática|int|rel|f}} # nominativo feminino singular...</comment>
<model>wikitext</model>
<format>text/x-wiki</format>
<text bytes="194" xml:space="preserve">={{-pl-}}=
==Pronome==
{{paroxítona|ja|ka|lang=pl}}, {{gramática|int|rel|f}}
# nominativo feminino singular de {{link opcional|jaki|pl}}

{{avi-for-fle|jaki}}

[[Categoria:Pronome (Polonês)]]</text>
<sha1>mnwvjzuym9l45k42l482732al96i2gi</sha1>
</revision>
</page>
