<title>jakie</title>
<ns>0</ns>
<id>398973</id>
<revision>
<id>2515458</id>
<timestamp>2018-08-13T19:01:09Z</timestamp>
<contributor>
<username>Amigo7</username>
<id>58547</id>
</contributor>
<comment>[[Ajuda:Guia de edição/Menus e ferramentas/Sumário de edição|→]] nova página: ={{-pl-}}= ==Pronome== {{paroxítona|ja|kie|lang=pl}}, {{gramática|int|rel|n}} # nominativo neutro singular...</comment>
<model>wikitext</model>
<format>text/x-wiki</format>
<text bytes="193" xml:space="preserve">={{-pl-}}=
==Pronome==
{{paroxítona|ja|kie|lang=pl}}, {{gramática|int|rel|n}}
# nominativo neutro singular de {{link opcional|jaki|pl}}

{{avi-for-fle|jaki}}

[[Categoria:Pronome (Polonês)]]</text>
<sha1>a4j1wtlp07vzbnlpwcoawbkbas3jxnc</sha1>
</revision>
</page>
