<title>jalapa</title>
<ns>0</ns>
<id>442161</id>
<revision>
<id>2669234</id>
<timestamp>2022-03-29T21:06:20Z</timestamp>
<contributor>
<username>Cpls</username>
<id>20608</id>
</contributor>
<comment>[[Ajuda:Guia de edição/Menus e ferramentas/Sumário de edição|→]] nova página: ={{-pt-}}= ==Substantivo== {{flex.pt|fs=jalapa|fp=jalapas}} {{paroxítona|ja|la|pa}}, {{g|f}} # {{escopo|pt|Planta}} diversas plantas [[purgativo|purgativa]] convolvuláceas e apocináceas recebem este nome; especialmente a ''[[Ipomoea purga|Ipomoea purga]]'' # a raiz de estas planta anteriores # [[purgante]] preparado com a raiz de estas plantas # {{escopo|pt|Planta}} [[maravilha]] (''species:Mirabilis...</comment>
<model>wikitext</model>
<format>text/x-wiki</format>
<text bytes="1152" xml:space="preserve">={{-pt-}}=
==Substantivo==
{{flex.pt|fs=jalapa|fp=jalapas}}
{{paroxítona|ja|la|pa}}, {{g|f}}
# {{escopo|pt|Planta}} diversas plantas [[purgativo|purgativa]] convolvuláceas e apocináceas recebem este nome; especialmente a ''[[Ipomoea purga|Ipomoea purga]]''
# a raiz de estas planta anteriores
# [[purgante]] preparado com a raiz de estas plantas
# {{escopo|pt|Planta}} [[maravilha]] (''[[species:Mirabilis jalapa|Mirabilis jalapa]]'')
# {{escopo|pt|Figurado}} pessoa [[insuportável]]
# {{escopo|pt|Trás-os-Montes}} [[café]] fraco
# {{escopo|pt|Bairrada}} [[vinho]] estragado ou de má qualidade; [[água-pé]]

===Sinónimo===
* De '''7''': [[zurrapa]]

===Verbetes derivados===
* [[jalapa-branca]]
* [[jalapa-de-lisboa]]
* [[jalapa-de-são-paulo]]
* [[jalapa-verdadeira]]

=={{etimologia|pt}}==
{{llietimo|es|Xalapa|pt||Jalapa, cidade do México}}

==Ver também==
===No Wikcionário===
{{verTambém.Ini}}
* [[jalapenho]]
{{verTambém.NovaColuna}}
* [[jalapão]]
{{verTambém.Fim}}

==Ligações externas==
* {{Aulete}}
* {{Michaelis}}
* {{DicioAberto}}
* {{DLPO}}
* {{Infopédia}}
* {{PLP}}
* {{VOLPABL}}

[[Categoria:Substantivo (Português)]]</text>
<sha1>bowgyy47jmeo9uj6plu58bwyawc0v22</sha1>
</revision>
</page>
