<title>jalesenses</title>
<ns>0</ns>
<id>393486</id>
<revision>
<id>2488037</id>
<timestamp>2018-03-06T06:54:04Z</timestamp>
<contributor>
<username>MIL973</username>
<id>41339</id>
</contributor>
<comment>[[Ajuda:Guia de edição/Menus e ferramentas/Sumário de edição|→]] nova página: ={{-pt-}}= ==Forma de adjetivo== {{paroxítona|ja|le|sen|ses}}, {{gramática|c2gp}} # plural de [[jalesense]]...</comment>
<model>wikitext</model>
<format>text/x-wiki</format>
<text bytes="347" xml:space="preserve">={{-pt-}}=
==Forma de adjetivo==
{{paroxítona|ja|le|sen|ses}}, {{gramática|c2gp}}
# plural de [[jalesense]]

==Forma de substantivo==
{{paroxítona|ja|gua|ri|u|nen|ses}}, {{gramática|c2gp}}
# plural de [[jaguariunense]]

{{avi-for-fle|jaguariunense}}

[[Categoria:Forma de adjetivo (Português)]]
[[Categoria:Forma de substantivo (Português)]]</text>
<sha1>cz7g92g1yootix6j9ufegb0tend0yel</sha1>
</revision>
<revision>
<id>2488038</id>
<parentid>2488037</parentid>
<timestamp>2018-03-06T06:54:20Z</timestamp>
<contributor>
<username>MIL973</username>
<id>41339</id>
</contributor>
<model>wikitext</model>
<format>text/x-wiki</format>
<text bytes="337" xml:space="preserve">={{-pt-}}=
==Forma de adjetivo==
{{paroxítona|ja|le|sen|ses}}, {{gramática|c2gp}}
# plural de [[jalesense]]

==Forma de substantivo==
{{paroxítona|ja|le|sen|ses}}, {{gramática|c2gp}}
# plural de [[jalesense]]

{{avi-for-fle|jaguariunense}}

[[Categoria:Forma de adjetivo (Português)]]
[[Categoria:Forma de substantivo (Português)]]</text>
<sha1>gayzxsdrm5i5rzcrrpiel3rrdy7p4ze</sha1>
</revision>
<revision>
<id>2488039</id>
<parentid>2488038</parentid>
<timestamp>2018-03-06T06:54:35Z</timestamp>
<contributor>
<username>MIL973</username>
<id>41339</id>
</contributor>
<model>wikitext</model>
<format>text/x-wiki</format>
<text bytes="333" xml:space="preserve">={{-pt-}}=
==Forma de adjetivo==
{{paroxítona|ja|le|sen|ses}}, {{gramática|c2gp}}
# plural de [[jalesense]]

==Forma de substantivo==
{{paroxítona|ja|le|sen|ses}}, {{gramática|c2gp}}
# plural de [[jalesense]]

{{avi-for-fle|jalesense}}

[[Categoria:Forma de adjetivo (Português)]]
[[Categoria:Forma de substantivo (Português)]]</text>
<sha1>irtagpjiwwzuhmclwxgn3077y7ryayl</sha1>
</revision>
</page>
