<title>jalkinelline</title>
<ns>0</ns>
<id>14373</id>
<revision>
<id>53309</id>
<timestamp>2005-12-03T15:52:41Z</timestamp>
<contributor>
<username>Eusbarbosa</username>
<id>117</id>
</contributor>
<model>wikitext</model>
<format>text/x-wiki</format>
<text bytes="294" xml:space="preserve">={{fi}}=
{{-noun-}}
'''jal.ki.nel.li.ne'''

:# [[loja]] de [[sapato]]s
:# [[sapataria]]

==Sinónimo==
* [[jalkinekorjiaamo]]

== Ver Também ==
* [[jalkapallo]]
* [[kivijalka]]
* [[jalankulkija]]
* [[jalkakäytävä]]
* [[jalkavaimo]]
* [[jalkine]]
* [[jalka]]


{{*|Substantivo (Finlandês)}}</text>
<sha1>swn0622rgfsuwhuv06avvcvd0jfxf8s</sha1>
</revision>
<revision>
<id>53311</id>
<parentid>53309</parentid>
<timestamp>2005-12-03T15:54:59Z</timestamp>
<contributor>
<username>Eusbarbosa</username>
<id>117</id>
</contributor>
<minor />
<model>wikitext</model>
<format>text/x-wiki</format>
<text bytes="293" xml:space="preserve">={{fi}}=
{{-noun-}}
'''jal.ki.nel.li.ne'''

:# [[loja]] de [[sapato]]s
:# [[sapataria]]

==Sinónimo==
* [[jalkinekorjaamo]]

== Ver Também ==
* [[jalkapallo]]
* [[kivijalka]]
* [[jalankulkija]]
* [[jalkakäytävä]]
* [[jalkavaimo]]
* [[jalkine]]
* [[jalka]]


{{*|Substantivo (Finlandês)}}</text>
<sha1>2g7cear4tvnz8i14iywm2z7hhkjcbcy</sha1>
</revision>
<revision>
<id>83512</id>
<parentid>53311</parentid>
<timestamp>2006-02-23T00:53:35Z</timestamp>
<contributor>
<username>Conversion script</username>
<id>0</id>
</contributor>
<minor />
<comment>[[Jalkinelline]] movido para [[jalkinelline]]: Converting page titles to lowercase</comment>
<model>wikitext</model>
<format>text/x-wiki</format>
<text bytes="293" xml:space="preserve">={{fi}}=
{{-noun-}}
'''jal.ki.nel.li.ne'''

:# [[loja]] de [[sapato]]s
:# [[sapataria]]

==Sinónimo==
* [[jalkinekorjaamo]]

== Ver Também ==
* [[jalkapallo]]
* [[kivijalka]]
* [[jalankulkija]]
* [[jalkakäytävä]]
* [[jalkavaimo]]
* [[jalkine]]
* [[jalka]]


{{*|Substantivo (Finlandês)}}</text>
<sha1>2g7cear4tvnz8i14iywm2z7hhkjcbcy</sha1>
</revision>
<revision>
<id>615662</id>
<parentid>83512</parentid>
<timestamp>2009-11-16T16:28:48Z</timestamp>
<contributor>
<username>Jesielt-bot</username>
<id>10876</id>
</contributor>
<comment>clean up, Replaced: :# → # (2), {{-noun-}} → ==Substantivo==, utilizando [[Project:AutoWikiBrowser|AWB]]</comment>
<model>wikitext</model>
<format>text/x-wiki</format>
<text bytes="296" xml:space="preserve">={{fi}}=
==Substantivo==
'''jal.ki.nel.li.ne'''

# [[loja]] de [[sapato]]s
# [[sapataria]]

==Sinónimo==
* [[jalkinekorjaamo]]

== Ver Também ==
* [[jalkapallo]]
* [[kivijalka]]
* [[jalankulkija]]
* [[jalkakäytävä]]
* [[jalkavaimo]]
* [[jalkine]]
* [[jalka]]


{{*|Substantivo (Finlandês)}}</text>
<sha1>8twea1026jrv9sf6kc83l0xauppgyh9</sha1>
</revision>
<revision>
<id>702566</id>
<parentid>615662</parentid>
<timestamp>2010-01-21T05:13:42Z</timestamp>
<contributor>
<username>Jesielt-bot</username>
<id>10876</id>
</contributor>
<comment>/* Ver Também */replaced: {{*| → {{subst:*| utilizando [[Project:AWB|AWB]]</comment>
<model>wikitext</model>
<format>text/x-wiki</format>
<text bytes="304" xml:space="preserve">={{fi}}=
==Substantivo==
'''jal.ki.nel.li.ne'''

# [[loja]] de [[sapato]]s
# [[sapataria]]

==Sinónimo==
* [[jalkinekorjaamo]]

== Ver Também ==
* [[jalkapallo]]
* [[kivijalka]]
* [[jalankulkija]]
* [[jalkakäytävä]]
* [[jalkavaimo]]
* [[jalkine]]
* [[jalka]]


[[Categoria:Substantivo (Finlandês)]]</text>
<sha1>9y8zmfr0wfl0vxh21ffraxh6w4p3eck</sha1>
</revision>
<revision>
<id>1292413</id>
<parentid>702566</parentid>
<timestamp>2011-11-20T03:20:07Z</timestamp>
<contributor>
<username>MalafayaBot</username>
<id>628</id>
</contributor>
<minor />
<comment>Robô: Substituição de texto automática (-^\=(\s*?)Finlandês(\s*?)\= +={{-fi-}}= &amp; -^\=(\s*?)\{\{fi\}\}(\s*?)\= +={{-fi-}}=)</comment>
<model>wikitext</model>
<format>text/x-wiki</format>
<text bytes="306" xml:space="preserve">={{-fi-}}=
==Substantivo==
'''jal.ki.nel.li.ne'''

# [[loja]] de [[sapato]]s
# [[sapataria]]

==Sinónimo==
* [[jalkinekorjaamo]]

== Ver Também ==
* [[jalkapallo]]
* [[kivijalka]]
* [[jalankulkija]]
* [[jalkakäytävä]]
* [[jalkavaimo]]
* [[jalkine]]
* [[jalka]]


[[Categoria:Substantivo (Finlandês)]]</text>
<sha1>suxme6pjeo8nid20vfol88044x052bl</sha1>
</revision>
</page>
