<title>jalkapallo</title>
<ns>0</ns>
<id>13882</id>
<revision>
<id>51160</id>
<timestamp>2005-11-19T17:58:05Z</timestamp>
<contributor>
<username>Eusbarbosa</username>
<id>117</id>
</contributor>
<model>wikitext</model>
<format>text/x-wiki</format>
<text bytes="176" xml:space="preserve">={{fi}}=
{{-noun-}}
'''jal.ka.pal.lo'''

:# [[bola]] de  [[futebol]]
:# ''(esporte)'' [[futebol]]

==Ver também==
* [[pallo]]
* [[tennispallo]]


{*|Substantivo (Finlandês)}}</text>
<sha1>pwpmg87xbuv6k4jliekihwghryjw6h7</sha1>
</revision>
<revision>
<id>51162</id>
<parentid>51160</parentid>
<timestamp>2005-11-19T17:59:25Z</timestamp>
<contributor>
<username>Eusbarbosa</username>
<id>117</id>
</contributor>
<minor />
<model>wikitext</model>
<format>text/x-wiki</format>
<text bytes="177" xml:space="preserve">={{fi}}=
{{-noun-}}
'''jal.ka.pal.lo'''

:# [[bola]] de  [[futebol]]
:# ''(esporte)'' [[futebol]]

==Ver também==
* [[pallo]]
* [[tennispallo]]


{{*|Substantivo (Finlandês)}}</text>
<sha1>8tb64knpqrmpwbx7n1zl7ybljohdw53</sha1>
</revision>
<revision>
<id>62746</id>
<parentid>51162</parentid>
<timestamp>2006-01-23T12:15:40Z</timestamp>
<contributor>
<username>Zumg</username>
<id>803</id>
</contributor>
<minor />
<comment>robot  Adicionando: de, en, fi, io</comment>
<model>wikitext</model>
<format>text/x-wiki</format>
<text bytes="250" xml:space="preserve">={{fi}}=
{{-noun-}}
'''jal.ka.pal.lo'''

:# [[bola]] de  [[futebol]]
:# ''(esporte)'' [[futebol]]

==Ver também==
* [[pallo]]
* [[tennispallo]]


{{*|Substantivo (Finlandês)}}

[[de:jalkapallo]]
[[en:jalkapallo]]
[[fi:jalkapallo]]
[[io:Jalkapallo]]</text>
<sha1>5nja0lwemkh492ak0f61mnwxojdza89</sha1>
</revision>
<revision>
<id>83504</id>
<parentid>62746</parentid>
<timestamp>2006-02-23T00:53:34Z</timestamp>
<contributor>
<username>Conversion script</username>
<id>0</id>
</contributor>
<minor />
<comment>[[Jalkapallo]] movido para [[jalkapallo]]: Converting page titles to lowercase</comment>
<model>wikitext</model>
<format>text/x-wiki</format>
<text bytes="250" xml:space="preserve">={{fi}}=
{{-noun-}}
'''jal.ka.pal.lo'''

:# [[bola]] de  [[futebol]]
:# ''(esporte)'' [[futebol]]

==Ver também==
* [[pallo]]
* [[tennispallo]]


{{*|Substantivo (Finlandês)}}

[[de:jalkapallo]]
[[en:jalkapallo]]
[[fi:jalkapallo]]
[[io:Jalkapallo]]</text>
<sha1>5nja0lwemkh492ak0f61mnwxojdza89</sha1>
</revision>
<revision>
<id>106110</id>
<parentid>83504</parentid>
<timestamp>2006-03-15T09:04:16Z</timestamp>
<contributor>
<username>RobotGMwikt</username>
<id>407</id>
</contributor>
<minor />
<comment>Bot:  Modificando: io</comment>
<model>wikitext</model>
<format>text/x-wiki</format>
<text bytes="250" xml:space="preserve">={{fi}}=
{{-noun-}}
'''jal.ka.pal.lo'''

:# [[bola]] de  [[futebol]]
:# ''(esporte)'' [[futebol]]

==Ver também==
* [[pallo]]
* [[tennispallo]]


{{*|Substantivo (Finlandês)}}

[[de:jalkapallo]]
[[en:jalkapallo]]
[[fi:jalkapallo]]
[[io:jalkapallo]]</text>
<sha1>n50c6kzav5xb05p404j40l2alaz503z</sha1>
</revision>
<revision>
<id>108300</id>
<parentid>106110</parentid>
<timestamp>2006-03-21T05:51:46Z</timestamp>
<contributor>
<username>RobotGMwikt</username>
<id>407</id>
</contributor>
<minor />
<comment>Bot:  Adicionando: ro</comment>
<model>wikitext</model>
<format>text/x-wiki</format>
<text bytes="268" xml:space="preserve">={{fi}}=
{{-noun-}}
'''jal.ka.pal.lo'''

:# [[bola]] de  [[futebol]]
:# ''(esporte)'' [[futebol]]

==Ver também==
* [[pallo]]
* [[tennispallo]]


{{*|Substantivo (Finlandês)}}

[[de:jalkapallo]]
[[en:jalkapallo]]
[[fi:jalkapallo]]
[[io:jalkapallo]]
[[ro:jalkapallo]]</text>
<sha1>rth7g50s3pishhp5i1p1x1ahyj7gzqc</sha1>
</revision>
<revision>
<id>133524</id>
<parentid>108300</parentid>
<timestamp>2006-06-24T23:54:51Z</timestamp>
<contributor>
<username>RobotGMwikt</username>
<id>407</id>
</contributor>
<minor />
<comment>Bot:  Adicionando: ku</comment>
<model>wikitext</model>
<format>text/x-wiki</format>
<text bytes="286" xml:space="preserve">={{fi}}=
{{-noun-}}
'''jal.ka.pal.lo'''

:# [[bola]] de  [[futebol]]
:# ''(esporte)'' [[futebol]]

==Ver também==
* [[pallo]]
* [[tennispallo]]


{{*|Substantivo (Finlandês)}}

[[de:jalkapallo]]
[[en:jalkapallo]]
[[fi:jalkapallo]]
[[io:jalkapallo]]
[[ku:jalkapallo]]
[[ro:jalkapallo]]</text>
<sha1>53zdm1herlz3l2bp1fm2l4leteckqcr</sha1>
</revision>
<revision>
<id>192577</id>
<parentid>133524</parentid>
<timestamp>2006-11-09T05:37:00Z</timestamp>
<contributor>
<username>Voz da Verdade</username>
<id>1547</id>
</contributor>
<model>wikitext</model>
<format>text/x-wiki</format>
<text bytes="302" xml:space="preserve">={{fi}}=
{{-noun-}}
'''jal.ka.pal.lo'''

:# [[bola]] de  [[futebol]]
:# {{escopoCatLang|Desporto|fi}} [[futebol]]

==Ver também==
* [[pallo]]
* [[tennispallo]]


{{*|Substantivo (Finlandês)}}

[[de:jalkapallo]]
[[en:jalkapallo]]
[[fi:jalkapallo]]
[[io:jalkapallo]]
[[ku:jalkapallo]]
[[ro:jalkapallo]]</text>
<sha1>br3o2dnz6uxm1077a57gjbr53bxpv6o</sha1>
</revision>
<revision>
<id>231279</id>
<parentid>192577</parentid>
<timestamp>2007-02-10T20:44:33Z</timestamp>
<contributor>
<username>RobotGMwikt</username>
<id>407</id>
</contributor>
<minor />
<comment>Bot:  Adicionando: [[pl:jalkapallo]]</comment>
<model>wikitext</model>
<format>text/x-wiki</format>
<text bytes="320" xml:space="preserve">={{fi}}=
{{-noun-}}
'''jal.ka.pal.lo'''

:# [[bola]] de  [[futebol]]
:# {{escopoCatLang|Desporto|fi}} [[futebol]]

==Ver também==
* [[pallo]]
* [[tennispallo]]


{{*|Substantivo (Finlandês)}}

[[de:jalkapallo]]
[[en:jalkapallo]]
[[fi:jalkapallo]]
[[io:jalkapallo]]
[[ku:jalkapallo]]
[[pl:jalkapallo]]
[[ro:jalkapallo]]</text>
<sha1>mjaew8w021oxcq3dm0wb4ig3zu7mkxj</sha1>
</revision>
<revision>
<id>288162</id>
<parentid>231279</parentid>
<timestamp>2007-08-02T08:13:44Z</timestamp>
<contributor>
<username>VolkovBot</username>
<id>2944</id>
</contributor>
<minor />
<comment>Bot:  Adicionando: [[ru:jalkapallo]]</comment>
<model>wikitext</model>
<format>text/x-wiki</format>
<text bytes="338" xml:space="preserve">={{fi}}=
{{-noun-}}
'''jal.ka.pal.lo'''

:# [[bola]] de  [[futebol]]
:# {{escopoCatLang|Desporto|fi}} [[futebol]]

==Ver também==
* [[pallo]]
* [[tennispallo]]


{{*|Substantivo (Finlandês)}}

[[de:jalkapallo]]
[[en:jalkapallo]]
[[fi:jalkapallo]]
[[io:jalkapallo]]
[[ku:jalkapallo]]
[[pl:jalkapallo]]
[[ro:jalkapallo]]
[[ru:jalkapallo]]</text>
<sha1>r9zodfh2r0co87el4g61utv40x6hg9m</sha1>
</revision>
<revision>
<id>292367</id>
<parentid>288162</parentid>
<timestamp>2007-08-20T21:38:34Z</timestamp>
<contributor>
<username>VolkovBot</username>
<id>2944</id>
</contributor>
<minor />
<comment>Bot:  Adicionando: [[id:jalkapallo]], [[ms:jalkapallo]], [[sv:jalkapallo]]</comment>
<model>wikitext</model>
<format>text/x-wiki</format>
<text bytes="392" xml:space="preserve">={{fi}}=
{{-noun-}}
'''jal.ka.pal.lo'''

:# [[bola]] de  [[futebol]]
:# {{escopoCatLang|Desporto|fi}} [[futebol]]

==Ver também==
* [[pallo]]
* [[tennispallo]]


{{*|Substantivo (Finlandês)}}

[[de:jalkapallo]]
[[en:jalkapallo]]
[[fi:jalkapallo]]
[[id:jalkapallo]]
[[io:jalkapallo]]
[[ku:jalkapallo]]
[[ms:jalkapallo]]
[[pl:jalkapallo]]
[[ro:jalkapallo]]
[[ru:jalkapallo]]
[[sv:jalkapallo]]</text>
<sha1>hpiqp3cfb55jbtizdst9lddzukt33ak</sha1>
</revision>
<revision>
<id>404393</id>
<parentid>292367</parentid>
<timestamp>2009-01-06T13:58:48Z</timestamp>
<contributor>
<username>KlaudiuBot</username>
<id>4691</id>
</contributor>
<minor />
<comment>Bot:  Adicionando: hu, lt</comment>
<model>wikitext</model>
<format>text/x-wiki</format>
<text bytes="428" xml:space="preserve">={{fi}}=
{{-noun-}}
'''jal.ka.pal.lo'''

:# [[bola]] de  [[futebol]]
:# {{escopoCatLang|Desporto|fi}} [[futebol]]

==Ver também==
* [[pallo]]
* [[tennispallo]]


{{*|Substantivo (Finlandês)}}

[[de:jalkapallo]]
[[en:jalkapallo]]
[[fi:jalkapallo]]
[[hu:jalkapallo]]
[[id:jalkapallo]]
[[io:jalkapallo]]
[[ku:jalkapallo]]
[[lt:jalkapallo]]
[[ms:jalkapallo]]
[[pl:jalkapallo]]
[[ro:jalkapallo]]
[[ru:jalkapallo]]
[[sv:jalkapallo]]</text>
<sha1>8g9aenlrjd1ac40elm0yqmzsodv5im3</sha1>
</revision>
<revision>
<id>615594</id>
<parentid>404393</parentid>
<timestamp>2009-11-16T16:23:48Z</timestamp>
<contributor>
<username>Jesielt-bot</username>
<id>10876</id>
</contributor>
<comment>clean up, Replaced: :# → # (2), {{-noun-}} → ==Substantivo==, utilizando [[Project:AutoWikiBrowser|AWB]]</comment>
<model>wikitext</model>
<format>text/x-wiki</format>
<text bytes="431" xml:space="preserve">={{fi}}=
==Substantivo==
'''jal.ka.pal.lo'''

# [[bola]] de  [[futebol]]
# {{escopoCatLang|Desporto|fi}} [[futebol]]

==Ver também==
* [[pallo]]
* [[tennispallo]]


{{*|Substantivo (Finlandês)}}

[[de:jalkapallo]]
[[en:jalkapallo]]
[[fi:jalkapallo]]
[[hu:jalkapallo]]
[[id:jalkapallo]]
[[io:jalkapallo]]
[[ku:jalkapallo]]
[[lt:jalkapallo]]
[[ms:jalkapallo]]
[[pl:jalkapallo]]
[[ro:jalkapallo]]
[[ru:jalkapallo]]
[[sv:jalkapallo]]</text>
<sha1>e0kxov8ph3z6an22i0y5mr9jdda08b7</sha1>
</revision>
<revision>
<id>702482</id>
<parentid>615594</parentid>
<timestamp>2010-01-21T05:08:34Z</timestamp>
<contributor>
<username>Jesielt-bot</username>
<id>10876</id>
</contributor>
<comment>/* Ver também */replaced: {{*| → {{subst:*| utilizando [[Project:AWB|AWB]]</comment>
<model>wikitext</model>
<format>text/x-wiki</format>
<text bytes="439" xml:space="preserve">={{fi}}=
==Substantivo==
'''jal.ka.pal.lo'''

# [[bola]] de  [[futebol]]
# {{escopoCatLang|Desporto|fi}} [[futebol]]

==Ver também==
* [[pallo]]
* [[tennispallo]]


[[Categoria:Substantivo (Finlandês)]]

[[de:jalkapallo]]
[[en:jalkapallo]]
[[fi:jalkapallo]]
[[hu:jalkapallo]]
[[id:jalkapallo]]
[[io:jalkapallo]]
[[ku:jalkapallo]]
[[lt:jalkapallo]]
[[ms:jalkapallo]]
[[pl:jalkapallo]]
[[ro:jalkapallo]]
[[ru:jalkapallo]]
[[sv:jalkapallo]]</text>
<sha1>fnsfmvogd525myzfq2918v974w05zjf</sha1>
</revision>
<revision>
<id>785905</id>
<parentid>702482</parentid>
<timestamp>2010-02-16T18:30:45Z</timestamp>
<contributor>
<username>Interwicket</username>
<id>6868</id>
</contributor>
<minor />
<comment>iwiki +[[:it:jalkapallo]]</comment>
<model>wikitext</model>
<format>text/x-wiki</format>
<text bytes="457" xml:space="preserve">={{fi}}=
==Substantivo==
'''jal.ka.pal.lo'''

# [[bola]] de  [[futebol]]
# {{escopoCatLang|Desporto|fi}} [[futebol]]

==Ver também==
* [[pallo]]
* [[tennispallo]]


[[Categoria:Substantivo (Finlandês)]]

[[de:jalkapallo]]
[[en:jalkapallo]]
[[fi:jalkapallo]]
[[hu:jalkapallo]]
[[id:jalkapallo]]
[[io:jalkapallo]]
[[it:jalkapallo]]
[[ku:jalkapallo]]
[[lt:jalkapallo]]
[[ms:jalkapallo]]
[[pl:jalkapallo]]
[[ro:jalkapallo]]
[[ru:jalkapallo]]
[[sv:jalkapallo]]</text>
<sha1>6vddfxshss6r6aif6zjdcurqajwxze1</sha1>
</revision>
<revision>
<id>899227</id>
<parentid>785905</parentid>
<timestamp>2010-06-12T22:28:36Z</timestamp>
<contributor>
<username>Interwicket</username>
<id>6868</id>
</contributor>
<minor />
<comment>iwiki +[[:fr:jalkapallo]]</comment>
<model>wikitext</model>
<format>text/x-wiki</format>
<text bytes="475" xml:space="preserve">={{fi}}=
==Substantivo==
'''jal.ka.pal.lo'''

# [[bola]] de  [[futebol]]
# {{escopoCatLang|Desporto|fi}} [[futebol]]

==Ver também==
* [[pallo]]
* [[tennispallo]]


[[Categoria:Substantivo (Finlandês)]]

[[de:jalkapallo]]
[[en:jalkapallo]]
[[fi:jalkapallo]]
[[fr:jalkapallo]]
[[hu:jalkapallo]]
[[id:jalkapallo]]
[[io:jalkapallo]]
[[it:jalkapallo]]
[[ku:jalkapallo]]
[[lt:jalkapallo]]
[[ms:jalkapallo]]
[[pl:jalkapallo]]
[[ro:jalkapallo]]
[[ru:jalkapallo]]
[[sv:jalkapallo]]</text>
<sha1>hss7u0wjk1yv44t8ajskh4tb1jdlhti</sha1>
</revision>
<revision>
<id>905545</id>
<parentid>899227</parentid>
<timestamp>2010-06-23T07:09:15Z</timestamp>
<contributor>
<username>Interwicket</username>
<id>6868</id>
</contributor>
<minor />
<comment>iwiki +[[:et:jalkapallo]]</comment>
<model>wikitext</model>
<format>text/x-wiki</format>
<text bytes="493" xml:space="preserve">={{fi}}=
==Substantivo==
'''jal.ka.pal.lo'''

# [[bola]] de  [[futebol]]
# {{escopoCatLang|Desporto|fi}} [[futebol]]

==Ver também==
* [[pallo]]
* [[tennispallo]]


[[Categoria:Substantivo (Finlandês)]]

[[de:jalkapallo]]
[[en:jalkapallo]]
[[et:jalkapallo]]
[[fi:jalkapallo]]
[[fr:jalkapallo]]
[[hu:jalkapallo]]
[[id:jalkapallo]]
[[io:jalkapallo]]
[[it:jalkapallo]]
[[ku:jalkapallo]]
[[lt:jalkapallo]]
[[ms:jalkapallo]]
[[pl:jalkapallo]]
[[ro:jalkapallo]]
[[ru:jalkapallo]]
[[sv:jalkapallo]]</text>
<sha1>hizisi5kpzu8tzutwrimb22d41dy6vi</sha1>
</revision>
<revision>
<id>1234516</id>
<parentid>905545</parentid>
<timestamp>2011-08-05T04:46:44Z</timestamp>
<contributor>
<username>Luckas-bot</username>
<id>5986</id>
</contributor>
<minor />
<comment>r2.7.1) (Robô: A adicionar: [[cs:jalkapallo]], [[mg:jalkapallo]], [[tg:jalkapallo]]</comment>
<model>wikitext</model>
<format>text/x-wiki</format>
<text bytes="547" xml:space="preserve">={{fi}}=
==Substantivo==
'''jal.ka.pal.lo'''

# [[bola]] de  [[futebol]]
# {{escopoCatLang|Desporto|fi}} [[futebol]]

==Ver também==
* [[pallo]]
* [[tennispallo]]


[[Categoria:Substantivo (Finlandês)]]

[[cs:jalkapallo]]
[[de:jalkapallo]]
[[en:jalkapallo]]
[[et:jalkapallo]]
[[fi:jalkapallo]]
[[fr:jalkapallo]]
[[hu:jalkapallo]]
[[id:jalkapallo]]
[[io:jalkapallo]]
[[it:jalkapallo]]
[[ku:jalkapallo]]
[[lt:jalkapallo]]
[[mg:jalkapallo]]
[[ms:jalkapallo]]
[[pl:jalkapallo]]
[[ro:jalkapallo]]
[[ru:jalkapallo]]
[[sv:jalkapallo]]
[[tg:jalkapallo]]</text>
<sha1>77r0cg74v8zrzyzasnxqe2p4loqhl0g</sha1>
</revision>
<revision>
<id>1292410</id>
<parentid>1234516</parentid>
<timestamp>2011-11-20T03:20:04Z</timestamp>
<contributor>
<username>MalafayaBot</username>
<id>628</id>
</contributor>
<minor />
<comment>Robô: Substituição de texto automática (-^\=(\s*?)Finlandês(\s*?)\= +={{-fi-}}= &amp; -^\=(\s*?)\{\{fi\}\}(\s*?)\= +={{-fi-}}=)</comment>
<model>wikitext</model>
<format>text/x-wiki</format>
<text bytes="549" xml:space="preserve">={{-fi-}}=
==Substantivo==
'''jal.ka.pal.lo'''

# [[bola]] de  [[futebol]]
# {{escopoCatLang|Desporto|fi}} [[futebol]]

==Ver também==
* [[pallo]]
* [[tennispallo]]


[[Categoria:Substantivo (Finlandês)]]

[[cs:jalkapallo]]
[[de:jalkapallo]]
[[en:jalkapallo]]
[[et:jalkapallo]]
[[fi:jalkapallo]]
[[fr:jalkapallo]]
[[hu:jalkapallo]]
[[id:jalkapallo]]
[[io:jalkapallo]]
[[it:jalkapallo]]
[[ku:jalkapallo]]
[[lt:jalkapallo]]
[[mg:jalkapallo]]
[[ms:jalkapallo]]
[[pl:jalkapallo]]
[[ro:jalkapallo]]
[[ru:jalkapallo]]
[[sv:jalkapallo]]
[[tg:jalkapallo]]</text>
<sha1>iye4n929i1yzhadpvb3jzsaqkktw2lw</sha1>
</revision>
<revision>
<id>1406700</id>
<parentid>1292410</parentid>
<timestamp>2012-05-05T19:25:30Z</timestamp>
<contributor>
<username>Luckas-bot</username>
<id>5986</id>
</contributor>
<minor />
<comment>r2.7.1) (Robô: A adicionar: [[eu:jalkapallo]], [[tr:jalkapallo]]</comment>
<model>wikitext</model>
<format>text/x-wiki</format>
<text bytes="585" xml:space="preserve">={{-fi-}}=
==Substantivo==
'''jal.ka.pal.lo'''

# [[bola]] de  [[futebol]]
# {{escopoCatLang|Desporto|fi}} [[futebol]]

==Ver também==
* [[pallo]]
* [[tennispallo]]


[[Categoria:Substantivo (Finlandês)]]

[[cs:jalkapallo]]
[[de:jalkapallo]]
[[en:jalkapallo]]
[[et:jalkapallo]]
[[eu:jalkapallo]]
[[fi:jalkapallo]]
[[fr:jalkapallo]]
[[hu:jalkapallo]]
[[id:jalkapallo]]
[[io:jalkapallo]]
[[it:jalkapallo]]
[[ku:jalkapallo]]
[[lt:jalkapallo]]
[[mg:jalkapallo]]
[[ms:jalkapallo]]
[[pl:jalkapallo]]
[[ro:jalkapallo]]
[[ru:jalkapallo]]
[[sv:jalkapallo]]
[[tg:jalkapallo]]
[[tr:jalkapallo]]</text>
<sha1>j88inwomqvy7pu5iuba9ej95cj968io</sha1>
</revision>
<revision>
<id>1851052</id>
<parentid>1406700</parentid>
<timestamp>2014-08-25T19:59:44Z</timestamp>
<contributor>
<username>JAnDbot</username>
<id>25083</id>
</contributor>
<minor />
<comment>r2.7.3) (Robô: A adicionar: [[chr:jalkapallo]]</comment>
<model>wikitext</model>
<format>text/x-wiki</format>
<text bytes="604" xml:space="preserve">={{-fi-}}=
==Substantivo==
'''jal.ka.pal.lo'''

# [[bola]] de  [[futebol]]
# {{escopoCatLang|Desporto|fi}} [[futebol]]

==Ver também==
* [[pallo]]
* [[tennispallo]]


[[Categoria:Substantivo (Finlandês)]]

[[chr:jalkapallo]]
[[cs:jalkapallo]]
[[de:jalkapallo]]
[[en:jalkapallo]]
[[et:jalkapallo]]
[[eu:jalkapallo]]
[[fi:jalkapallo]]
[[fr:jalkapallo]]
[[hu:jalkapallo]]
[[id:jalkapallo]]
[[io:jalkapallo]]
[[it:jalkapallo]]
[[ku:jalkapallo]]
[[lt:jalkapallo]]
[[mg:jalkapallo]]
[[ms:jalkapallo]]
[[pl:jalkapallo]]
[[ro:jalkapallo]]
[[ru:jalkapallo]]
[[sv:jalkapallo]]
[[tg:jalkapallo]]
[[tr:jalkapallo]]</text>
<sha1>n9n2u0tcu8u9fxieth57v7nhfte9rs6</sha1>
</revision>
<revision>
<id>1860800</id>
<parentid>1851052</parentid>
<timestamp>2014-09-21T06:31:02Z</timestamp>
<contributor>
<username>JAnDbot</username>
<id>25083</id>
</contributor>
<minor />
<comment>r2.7.3) (Robô: A adicionar: [[sl:jalkapallo]]</comment>
<model>wikitext</model>
<format>text/x-wiki</format>
<text bytes="622" xml:space="preserve">={{-fi-}}=
==Substantivo==
'''jal.ka.pal.lo'''

# [[bola]] de  [[futebol]]
# {{escopoCatLang|Desporto|fi}} [[futebol]]

==Ver também==
* [[pallo]]
* [[tennispallo]]


[[Categoria:Substantivo (Finlandês)]]

[[chr:jalkapallo]]
[[cs:jalkapallo]]
[[de:jalkapallo]]
[[en:jalkapallo]]
[[et:jalkapallo]]
[[eu:jalkapallo]]
[[fi:jalkapallo]]
[[fr:jalkapallo]]
[[hu:jalkapallo]]
[[id:jalkapallo]]
[[io:jalkapallo]]
[[it:jalkapallo]]
[[ku:jalkapallo]]
[[lt:jalkapallo]]
[[mg:jalkapallo]]
[[ms:jalkapallo]]
[[pl:jalkapallo]]
[[ro:jalkapallo]]
[[ru:jalkapallo]]
[[sl:jalkapallo]]
[[sv:jalkapallo]]
[[tg:jalkapallo]]
[[tr:jalkapallo]]</text>
<sha1>573asoxfj7rhbag7i8miweuijlkcuct</sha1>
</revision>
<revision>
<id>2000565</id>
<parentid>1860800</parentid>
<timestamp>2015-09-11T12:35:23Z</timestamp>
<contributor>
<username>JAnDbot</username>
<id>25083</id>
</contributor>
<minor />
<comment>r2.7.3) (Robô: A adicionar: [[az:jalkapallo]]</comment>
<model>wikitext</model>
<format>text/x-wiki</format>
<text bytes="640" xml:space="preserve">={{-fi-}}=
==Substantivo==
'''jal.ka.pal.lo'''

# [[bola]] de  [[futebol]]
# {{escopoCatLang|Desporto|fi}} [[futebol]]

==Ver também==
* [[pallo]]
* [[tennispallo]]


[[Categoria:Substantivo (Finlandês)]]

[[az:jalkapallo]]
[[chr:jalkapallo]]
[[cs:jalkapallo]]
[[de:jalkapallo]]
[[en:jalkapallo]]
[[et:jalkapallo]]
[[eu:jalkapallo]]
[[fi:jalkapallo]]
[[fr:jalkapallo]]
[[hu:jalkapallo]]
[[id:jalkapallo]]
[[io:jalkapallo]]
[[it:jalkapallo]]
[[ku:jalkapallo]]
[[lt:jalkapallo]]
[[mg:jalkapallo]]
[[ms:jalkapallo]]
[[pl:jalkapallo]]
[[ro:jalkapallo]]
[[ru:jalkapallo]]
[[sl:jalkapallo]]
[[sv:jalkapallo]]
[[tg:jalkapallo]]
[[tr:jalkapallo]]</text>
<sha1>axgb2yj9meunryyfeevm9eku290w0qk</sha1>
</revision>
<revision>
<id>2022579</id>
<parentid>2000565</parentid>
<timestamp>2015-10-24T16:23:05Z</timestamp>
<contributor>
<username>JAnDbot</username>
<id>25083</id>
</contributor>
<minor />
<comment>r2.7.3) (Robô: A adicionar: [[hr:jalkapallo]]</comment>
<model>wikitext</model>
<format>text/x-wiki</format>
<text bytes="658" xml:space="preserve">={{-fi-}}=
==Substantivo==
'''jal.ka.pal.lo'''

# [[bola]] de  [[futebol]]
# {{escopoCatLang|Desporto|fi}} [[futebol]]

==Ver também==
* [[pallo]]
* [[tennispallo]]


[[Categoria:Substantivo (Finlandês)]]

[[az:jalkapallo]]
[[chr:jalkapallo]]
[[cs:jalkapallo]]
[[de:jalkapallo]]
[[en:jalkapallo]]
[[et:jalkapallo]]
[[eu:jalkapallo]]
[[fi:jalkapallo]]
[[fr:jalkapallo]]
[[hr:jalkapallo]]
[[hu:jalkapallo]]
[[id:jalkapallo]]
[[io:jalkapallo]]
[[it:jalkapallo]]
[[ku:jalkapallo]]
[[lt:jalkapallo]]
[[mg:jalkapallo]]
[[ms:jalkapallo]]
[[pl:jalkapallo]]
[[ro:jalkapallo]]
[[ru:jalkapallo]]
[[sl:jalkapallo]]
[[sv:jalkapallo]]
[[tg:jalkapallo]]
[[tr:jalkapallo]]</text>
<sha1>djnwcf8527j96cg89zljjbd7l5nnys3</sha1>
</revision>
<revision>
<id>2072751</id>
<parentid>2022579</parentid>
<timestamp>2016-03-18T21:15:13Z</timestamp>
<contributor>
<username>JAnDbot</username>
<id>25083</id>
</contributor>
<minor />
<comment>r2.7.3) (Robô: A adicionar: [[es:jalkapallo]]</comment>
<model>wikitext</model>
<format>text/x-wiki</format>
<text bytes="676" xml:space="preserve">={{-fi-}}=
==Substantivo==
'''jal.ka.pal.lo'''

# [[bola]] de  [[futebol]]
# {{escopoCatLang|Desporto|fi}} [[futebol]]

==Ver também==
* [[pallo]]
* [[tennispallo]]


[[Categoria:Substantivo (Finlandês)]]

[[az:jalkapallo]]
[[chr:jalkapallo]]
[[cs:jalkapallo]]
[[de:jalkapallo]]
[[en:jalkapallo]]
[[es:jalkapallo]]
[[et:jalkapallo]]
[[eu:jalkapallo]]
[[fi:jalkapallo]]
[[fr:jalkapallo]]
[[hr:jalkapallo]]
[[hu:jalkapallo]]
[[id:jalkapallo]]
[[io:jalkapallo]]
[[it:jalkapallo]]
[[ku:jalkapallo]]
[[lt:jalkapallo]]
[[mg:jalkapallo]]
[[ms:jalkapallo]]
[[pl:jalkapallo]]
[[ro:jalkapallo]]
[[ru:jalkapallo]]
[[sl:jalkapallo]]
[[sv:jalkapallo]]
[[tg:jalkapallo]]
[[tr:jalkapallo]]</text>
<sha1>eildizj1zcj0erj2msmtkss2fzllv72</sha1>
</revision>
<revision>
<id>2364531</id>
<parentid>2072751</parentid>
<timestamp>2017-05-03T15:36:33Z</timestamp>
<contributor>
<username>HydrizBot</username>
<id>29590</id>
</contributor>
<minor />
<comment>Robô: A limpar links interwikis antigos</comment>
<model>wikitext</model>
<format>text/x-wiki</format>
<text bytes="206" xml:space="preserve">={{-fi-}}=
==Substantivo==
'''jal.ka.pal.lo'''

# [[bola]] de  [[futebol]]
# {{escopoCatLang|Desporto|fi}} [[futebol]]

==Ver também==
* [[pallo]]
* [[tennispallo]]


[[Categoria:Substantivo (Finlandês)]]</text>
<sha1>1z4rcifjl51gawh6812vc7jdwceaaos</sha1>
</revision>
<revision>
<id>2601297</id>
<parentid>2364531</parentid>
<timestamp>2020-11-06T10:41:40Z</timestamp>
<contributor>
<username>ValJor</username>
<id>1358</id>
</contributor>
<comment>Substituindo a [[Especial:Páginas_afluentes/Predefinição:escopoCatLang|predefinição escopoCatLang]] por escopo</comment>
<model>wikitext</model>
<format>text/x-wiki</format>
<text bytes="283" xml:space="preserve">={{-fi-}}=
==Substantivo==
'''jal.ka.pal.lo'''
# [[bola]] de  [[futebol]]
# {{escopo|fi|Desporto}} [[futebol]]

==Ver também==
===No Wikcionário===
{{verTambém.Ini}}
* [[pallo]]
{{verTambém.NovaColuna}}
* [[tennispallo]]
{{verTambém.Fim}}

[[Categoria:Substantivo (Finlandês)]]</text>
<sha1>4gpwgclthdmuz2iarnonxpr4hpavu13</sha1>
</revision>
</page>
