<title>jalkinekorjaamo</title>
<ns>0</ns>
<id>14372</id>
<revision>
<id>53308</id>
<timestamp>2005-12-03T15:51:02Z</timestamp>
<contributor>
<username>Eusbarbosa</username>
<id>117</id>
</contributor>
<model>wikitext</model>
<format>text/x-wiki</format>
<text bytes="253" xml:space="preserve">={{fi}}=
{{-noun-}}
'''jal.ka'''

:# [[sapataria]]

==Sinónimo==
* [[jalkinelline]]

== Ver Também ==
* [[jalkapallo]]
* [[kivijalka]]
* [[jalankulkija]]
* [[jalkakäytävä]]
* [[jalkavaimo]]
* [[jalkine]]
* [[jalka]]


{{*|Substantivo (Finlandês)}}</text>
<sha1>ttlblwqk3u8ezt0bz1cihrbdylat2be</sha1>
</revision>
<revision>
<id>83510</id>
<parentid>53308</parentid>
<timestamp>2006-02-23T00:53:35Z</timestamp>
<contributor>
<username>Conversion script</username>
<id>0</id>
</contributor>
<minor />
<comment>[[Jalkinekorjaamo]] movido para [[jalkinekorjaamo]]: Converting page titles to lowercase</comment>
<model>wikitext</model>
<format>text/x-wiki</format>
<text bytes="253" xml:space="preserve">={{fi}}=
{{-noun-}}
'''jal.ka'''

:# [[sapataria]]

==Sinónimo==
* [[jalkinelline]]

== Ver Também ==
* [[jalkapallo]]
* [[kivijalka]]
* [[jalankulkija]]
* [[jalkakäytävä]]
* [[jalkavaimo]]
* [[jalkine]]
* [[jalka]]


{{*|Substantivo (Finlandês)}}</text>
<sha1>ttlblwqk3u8ezt0bz1cihrbdylat2be</sha1>
</revision>
<revision>
<id>400392</id>
<parentid>83510</parentid>
<timestamp>2008-12-09T12:00:58Z</timestamp>
<contributor>
<username>ValJor</username>
<id>1358</id>
</contributor>
<comment>Melhorando a apresentação do verbete usando a [[:predefinição:cria-verbete]]</comment>
<model>wikitext</model>
<format>text/x-wiki</format>
<text bytes="359" xml:space="preserve">=Finlandês=
==Substantivo==
'''jalkinekorjaamo'''
# [[sapataria]]
===Sinônimo===
* [[jalkinelline]]
==Ver também==
===No Wikcionário===
{{verTambém.Ini}}
* [[jalankulkija]]
* [[jalka]]
* [[jalkakäytävä]]
* [[jalkapallo]]
{{verTambém.NovaColuna}}
* [[jalkavaimo]]
* [[jalkine]]
* [[kivijalka]]
{{verTambém.Fim}}
[[Categoria:Substantivo (Finlandês)]]</text>
<sha1>0yhv6mcrr3z189suhjlfm67jb68vzec</sha1>
</revision>
<revision>
<id>1292412</id>
<parentid>400392</parentid>
<timestamp>2011-11-20T03:20:06Z</timestamp>
<contributor>
<username>MalafayaBot</username>
<id>628</id>
</contributor>
<minor />
<comment>Robô: Substituição de texto automática (-^\=(\s*?)Finlandês(\s*?)\= +={{-fi-}}= &amp; -^\=(\s*?)\{\{fi\}\}(\s*?)\= +={{-fi-}}=)</comment>
<model>wikitext</model>
<format>text/x-wiki</format>
<text bytes="357" xml:space="preserve">={{-fi-}}=
==Substantivo==
'''jalkinekorjaamo'''
# [[sapataria]]
===Sinônimo===
* [[jalkinelline]]
==Ver também==
===No Wikcionário===
{{verTambém.Ini}}
* [[jalankulkija]]
* [[jalka]]
* [[jalkakäytävä]]
* [[jalkapallo]]
{{verTambém.NovaColuna}}
* [[jalkavaimo]]
* [[jalkine]]
* [[kivijalka]]
{{verTambém.Fim}}
[[Categoria:Substantivo (Finlandês)]]</text>
<sha1>1paj25nhp0hrjyyzxaa13dsw62qcrmm</sha1>
</revision>
<revision>
<id>2127958</id>
<parentid>1292412</parentid>
<timestamp>2016-06-07T17:53:41Z</timestamp>
<contributor>
<username>UT-interwiki-Bot</username>
<id>56129</id>
</contributor>
<minor />
<comment>Robô: A adicionar: [[ru:jalkinekorjaamo]]</comment>
<model>wikitext</model>
<format>text/x-wiki</format>
<text bytes="381" xml:space="preserve">={{-fi-}}=
==Substantivo==
'''jalkinekorjaamo'''
# [[sapataria]]
===Sinônimo===
* [[jalkinelline]]
==Ver também==
===No Wikcionário===
{{verTambém.Ini}}
* [[jalankulkija]]
* [[jalka]]
* [[jalkakäytävä]]
* [[jalkapallo]]
{{verTambém.NovaColuna}}
* [[jalkavaimo]]
* [[jalkine]]
* [[kivijalka]]
{{verTambém.Fim}}
[[Categoria:Substantivo (Finlandês)]]

[[ru:jalkinekorjaamo]]</text>
<sha1>7lpm9tbm2c8s7nul9vr3bs8i8ehkbl7</sha1>
</revision>
<revision>
<id>2364534</id>
<parentid>2127958</parentid>
<timestamp>2017-05-03T15:36:43Z</timestamp>
<contributor>
<username>HydrizBot</username>
<id>29590</id>
</contributor>
<minor />
<comment>Robô: A limpar links interwikis antigos</comment>
<model>wikitext</model>
<format>text/x-wiki</format>
<text bytes="357" xml:space="preserve">={{-fi-}}=
==Substantivo==
'''jalkinekorjaamo'''
# [[sapataria]]
===Sinônimo===
* [[jalkinelline]]
==Ver também==
===No Wikcionário===
{{verTambém.Ini}}
* [[jalankulkija]]
* [[jalka]]
* [[jalkakäytävä]]
* [[jalkapallo]]
{{verTambém.NovaColuna}}
* [[jalkavaimo]]
* [[jalkine]]
* [[kivijalka]]
{{verTambém.Fim}}
[[Categoria:Substantivo (Finlandês)]]</text>
<sha1>1paj25nhp0hrjyyzxaa13dsw62qcrmm</sha1>
</revision>
</page>
