<title>jalne</title>
<ns>0</ns>
<id>94653</id>
<revision>
<id>372106</id>
<timestamp>2008-08-02T19:09:09Z</timestamp>
<contributor>
<ip>189.73.161.62</ip>
</contributor>
<comment>criando verbete</comment>
<model>wikitext</model>
<format>text/x-wiki</format>
<text bytes="1224" xml:space="preserve">={{pt}}=
=={{adj}}==
{{flex.pt.com2|[[jalne]]|jalnes|s-div={{grifar|jal}}.ne|p-div={{grifar|jal}}.nes}}
'''{{grifar|jal}}.ne''' {{c2g}}
# [[relacionado]] [[à]] [[cor]] [[amarelo-ouro]];
# [[que]] [[apresentar|apresenta]] [[essa]] [[coloração]].

===Sinónimos===
* [[gualdo]], [[jaude]]

=={{subst}}==
{{flex.pt.masc|[[jalne]]|jalnes|s-div={{grifar|jal}}.ne|p-div={{grifar|jal}}.nes}}
'''{{grifar|jal}}.ne''' {{m}}
# [[amarelo-ouro]].

===Sinónimos===
* [[gualdo]], [[jaude]]

=={{etim}}==
: ([[século|Século]] [[XIII]]) Do [[francês antigo]] ''jalne'', &quot;[[amarelo]]&quot;.

=={{pronu}}==
===[[Brasil]]===
* [[AFI]]: {{AFI|/ˈʒaw.nɪ/}}
* [[X-SAMPA]]: /&quot;Zaw.nI/

=={{vertb}}==
===No Wikcionário===
{{vertbini}}
* [[amarelo]]
* [[dourado]]
{{vertbmeio}}
* [[ouro]]
{{vertbfim}}
{{cores/pt}}

==={{-ref-}}===
{{vertbini}}
* [http://houaiss.uol.com.br/ Dicionário Houaiss da Língua Portuguesa (acesso restrito)]
{{DLPO}}
{{vertbfim}}

[[Categoria:Adjectivo (Português)]]
[[Categoria:Substantivo (Português)]]
[[Categoria:Dissílabo (Português)]]
[[Categoria:Paroxítona (Português)]]
[[Categoria:Cor (Português)]]
[[Categoria:Vocábulo com etimologia (Português)]]
[[Categoria:Verbetes com pronúncia (Português)]]</text>
<sha1>a73o8wexskauv32soqae4careo9wwbv</sha1>
</revision>
<revision>
<id>433848</id>
<parentid>372106</parentid>
<timestamp>2009-03-13T10:28:37Z</timestamp>
<contributor>
<username>Interwicket</username>
<id>6868</id>
</contributor>
<minor />
<comment>iwiki +[[:el:jalne]], [[:no:jalne]], [[:pl:jalne]], [[:ru:jalne]]</comment>
<model>wikitext</model>
<format>text/x-wiki</format>
<text bytes="1277" xml:space="preserve">={{pt}}=
=={{adj}}==
{{flex.pt.com2|[[jalne]]|jalnes|s-div={{grifar|jal}}.ne|p-div={{grifar|jal}}.nes}}
'''{{grifar|jal}}.ne''' {{c2g}}
# [[relacionado]] [[à]] [[cor]] [[amarelo-ouro]];
# [[que]] [[apresentar|apresenta]] [[essa]] [[coloração]].

===Sinónimos===
* [[gualdo]], [[jaude]]

=={{subst}}==
{{flex.pt.masc|[[jalne]]|jalnes|s-div={{grifar|jal}}.ne|p-div={{grifar|jal}}.nes}}
'''{{grifar|jal}}.ne''' {{m}}
# [[amarelo-ouro]].

===Sinónimos===
* [[gualdo]], [[jaude]]

=={{etim}}==
: ([[século|Século]] [[XIII]]) Do [[francês antigo]] ''jalne'', &quot;[[amarelo]]&quot;.

=={{pronu}}==
===[[Brasil]]===
* [[AFI]]: {{AFI|/ˈʒaw.nɪ/}}
* [[X-SAMPA]]: /&quot;Zaw.nI/

=={{vertb}}==
===No Wikcionário===
{{vertbini}}
* [[amarelo]]
* [[dourado]]
{{vertbmeio}}
* [[ouro]]
{{vertbfim}}
{{cores/pt}}

==={{-ref-}}===
{{vertbini}}
* [http://houaiss.uol.com.br/ Dicionário Houaiss da Língua Portuguesa (acesso restrito)]
{{DLPO}}
{{vertbfim}}

[[Categoria:Adjectivo (Português)]]
[[Categoria:Substantivo (Português)]]
[[Categoria:Dissílabo (Português)]]
[[Categoria:Paroxítona (Português)]]
[[Categoria:Cor (Português)]]
[[Categoria:Vocábulo com etimologia (Português)]]
[[Categoria:Verbetes com pronúncia (Português)]]

[[el:jalne]]
[[no:jalne]]
[[pl:jalne]]
[[ru:jalne]]</text>
<sha1>go7my5jgonsvib37vt6dzony1pyq6o0</sha1>
</revision>
<revision>
<id>467359</id>
<parentid>433848</parentid>
<timestamp>2009-05-21T21:13:43Z</timestamp>
<contributor>
<username>Cadum-Bot</username>
<id>8150</id>
</contributor>
<minor />
<comment>Adjetivo...</comment>
<model>wikitext</model>
<format>text/x-wiki</format>
<text bytes="1276" xml:space="preserve">={{pt}}=
=={{adj}}==
{{flex.pt.com2|[[jalne]]|jalnes|s-div={{grifar|jal}}.ne|p-div={{grifar|jal}}.nes}}
'''{{grifar|jal}}.ne''' {{c2g}}
# [[relacionado]] [[à]] [[cor]] [[amarelo-ouro]];
# [[que]] [[apresentar|apresenta]] [[essa]] [[coloração]].

===Sinónimos===
* [[gualdo]], [[jaude]]

=={{subst}}==
{{flex.pt.masc|[[jalne]]|jalnes|s-div={{grifar|jal}}.ne|p-div={{grifar|jal}}.nes}}
'''{{grifar|jal}}.ne''' {{m}}
# [[amarelo-ouro]].

===Sinónimos===
* [[gualdo]], [[jaude]]

=={{etim}}==
: ([[século|Século]] [[XIII]]) Do [[francês antigo]] ''jalne'', &quot;[[amarelo]]&quot;.

=={{pronu}}==
===[[Brasil]]===
* [[AFI]]: {{AFI|/ˈʒaw.nɪ/}}
* [[X-SAMPA]]: /&quot;Zaw.nI/

=={{vertb}}==
===No Wikcionário===
{{vertbini}}
* [[amarelo]]
* [[dourado]]
{{vertbmeio}}
* [[ouro]]
{{vertbfim}}
{{cores/pt}}

==={{-ref-}}===
{{vertbini}}
* [http://houaiss.uol.com.br/ Dicionário Houaiss da Língua Portuguesa (acesso restrito)]
{{DLPO}}
{{vertbfim}}

[[Categoria:Adjetivo (Português)]]
[[Categoria:Substantivo (Português)]]
[[Categoria:Dissílabo (Português)]]
[[Categoria:Paroxítona (Português)]]
[[Categoria:Cor (Português)]]
[[Categoria:Vocábulo com etimologia (Português)]]
[[Categoria:Verbetes com pronúncia (Português)]]

[[el:jalne]]
[[no:jalne]]
[[pl:jalne]]
[[ru:jalne]]</text>
<sha1>7qf5zhmk4g3dkr1gx05f0yz50a33q59</sha1>
</revision>
<revision>
<id>510098</id>
<parentid>467359</parentid>
<timestamp>2009-08-13T20:23:32Z</timestamp>
<contributor>
<username>Interwicket</username>
<id>6868</id>
</contributor>
<minor />
<comment>iwiki +[[:en:jalne]]</comment>
<model>wikitext</model>
<format>text/x-wiki</format>
<text bytes="1289" xml:space="preserve">={{pt}}=
=={{adj}}==
{{flex.pt.com2|[[jalne]]|jalnes|s-div={{grifar|jal}}.ne|p-div={{grifar|jal}}.nes}}
'''{{grifar|jal}}.ne''' {{c2g}}
# [[relacionado]] [[à]] [[cor]] [[amarelo-ouro]];
# [[que]] [[apresentar|apresenta]] [[essa]] [[coloração]].

===Sinónimos===
* [[gualdo]], [[jaude]]

=={{subst}}==
{{flex.pt.masc|[[jalne]]|jalnes|s-div={{grifar|jal}}.ne|p-div={{grifar|jal}}.nes}}
'''{{grifar|jal}}.ne''' {{m}}
# [[amarelo-ouro]].

===Sinónimos===
* [[gualdo]], [[jaude]]

=={{etim}}==
: ([[século|Século]] [[XIII]]) Do [[francês antigo]] ''jalne'', &quot;[[amarelo]]&quot;.

=={{pronu}}==
===[[Brasil]]===
* [[AFI]]: {{AFI|/ˈʒaw.nɪ/}}
* [[X-SAMPA]]: /&quot;Zaw.nI/

=={{vertb}}==
===No Wikcionário===
{{vertbini}}
* [[amarelo]]
* [[dourado]]
{{vertbmeio}}
* [[ouro]]
{{vertbfim}}
{{cores/pt}}

==={{-ref-}}===
{{vertbini}}
* [http://houaiss.uol.com.br/ Dicionário Houaiss da Língua Portuguesa (acesso restrito)]
{{DLPO}}
{{vertbfim}}

[[Categoria:Adjetivo (Português)]]
[[Categoria:Substantivo (Português)]]
[[Categoria:Dissílabo (Português)]]
[[Categoria:Paroxítona (Português)]]
[[Categoria:Cor (Português)]]
[[Categoria:Vocábulo com etimologia (Português)]]
[[Categoria:Verbetes com pronúncia (Português)]]

[[el:jalne]]
[[en:jalne]]
[[no:jalne]]
[[pl:jalne]]
[[ru:jalne]]</text>
<sha1>ehl52p0c70ptuv7pa6rv2ez9t6s1i5u</sha1>
</revision>
<revision>
<id>516736</id>
<parentid>510098</parentid>
<timestamp>2009-08-21T00:56:04Z</timestamp>
<contributor>
<username>MalafayaBot</username>
<id>628</id>
</contributor>
<minor />
<comment>Bot: Modificando [[Categoria:Verbetes com pronúncia (Português)]]</comment>
<model>wikitext</model>
<format>text/x-wiki</format>
<text bytes="1288" xml:space="preserve">={{pt}}=
=={{adj}}==
{{flex.pt.com2|[[jalne]]|jalnes|s-div={{grifar|jal}}.ne|p-div={{grifar|jal}}.nes}}
'''{{grifar|jal}}.ne''' {{c2g}}
# [[relacionado]] [[à]] [[cor]] [[amarelo-ouro]];
# [[que]] [[apresentar|apresenta]] [[essa]] [[coloração]].

===Sinónimos===
* [[gualdo]], [[jaude]]

=={{subst}}==
{{flex.pt.masc|[[jalne]]|jalnes|s-div={{grifar|jal}}.ne|p-div={{grifar|jal}}.nes}}
'''{{grifar|jal}}.ne''' {{m}}
# [[amarelo-ouro]].

===Sinónimos===
* [[gualdo]], [[jaude]]

=={{etim}}==
: ([[século|Século]] [[XIII]]) Do [[francês antigo]] ''jalne'', &quot;[[amarelo]]&quot;.

=={{pronu}}==
===[[Brasil]]===
* [[AFI]]: {{AFI|/ˈʒaw.nɪ/}}
* [[X-SAMPA]]: /&quot;Zaw.nI/

=={{vertb}}==
===No Wikcionário===
{{vertbini}}
* [[amarelo]]
* [[dourado]]
{{vertbmeio}}
* [[ouro]]
{{vertbfim}}
{{cores/pt}}

==={{-ref-}}===
{{vertbini}}
* [http://houaiss.uol.com.br/ Dicionário Houaiss da Língua Portuguesa (acesso restrito)]
{{DLPO}}
{{vertbfim}}

[[Categoria:Adjetivo (Português)]]
[[Categoria:Substantivo (Português)]]
[[Categoria:Dissílabo (Português)]]
[[Categoria:Paroxítona (Português)]]
[[Categoria:Cor (Português)]]
[[Categoria:Vocábulo com etimologia (Português)]]
[[Categoria:Verbete com pronúncia (Português)]]

[[el:jalne]]
[[en:jalne]]
[[no:jalne]]
[[pl:jalne]]
[[ru:jalne]]</text>
<sha1>1t8cmexfxjhk9o1lskmk3sgtul45d3d</sha1>
</revision>
<revision>
<id>563439</id>
<parentid>516736</parentid>
<timestamp>2009-10-13T14:26:45Z</timestamp>
<contributor>
<username>Jesielt-bot</username>
<id>10876</id>
</contributor>
<minor />
<comment>/* {{vertb}} */Recategorizando, Replaced: Verbete com pronúncia → Vocábulo com pronúncia, utilizando [[Project:AutoWikiBrowser|AWB]]</comment>
<model>wikitext</model>
<format>text/x-wiki</format>
<text bytes="1290" xml:space="preserve">={{pt}}=
=={{adj}}==
{{flex.pt.com2|[[jalne]]|jalnes|s-div={{grifar|jal}}.ne|p-div={{grifar|jal}}.nes}}
'''{{grifar|jal}}.ne''' {{c2g}}
# [[relacionado]] [[à]] [[cor]] [[amarelo-ouro]];
# [[que]] [[apresentar|apresenta]] [[essa]] [[coloração]].

===Sinónimos===
* [[gualdo]], [[jaude]]

=={{subst}}==
{{flex.pt.masc|[[jalne]]|jalnes|s-div={{grifar|jal}}.ne|p-div={{grifar|jal}}.nes}}
'''{{grifar|jal}}.ne''' {{m}}
# [[amarelo-ouro]].

===Sinónimos===
* [[gualdo]], [[jaude]]

=={{etim}}==
: ([[século|Século]] [[XIII]]) Do [[francês antigo]] ''jalne'', &quot;[[amarelo]]&quot;.

=={{pronu}}==
===[[Brasil]]===
* [[AFI]]: {{AFI|/ˈʒaw.nɪ/}}
* [[X-SAMPA]]: /&quot;Zaw.nI/

=={{vertb}}==
===No Wikcionário===
{{vertbini}}
* [[amarelo]]
* [[dourado]]
{{vertbmeio}}
* [[ouro]]
{{vertbfim}}
{{cores/pt}}

==={{-ref-}}===
{{vertbini}}
* [http://houaiss.uol.com.br/ Dicionário Houaiss da Língua Portuguesa (acesso restrito)]
{{DLPO}}
{{vertbfim}}

[[Categoria:Adjetivo (Português)]]
[[Categoria:Substantivo (Português)]]
[[Categoria:Dissílabo (Português)]]
[[Categoria:Paroxítona (Português)]]
[[Categoria:Cor (Português)]]
[[Categoria:Vocábulo com etimologia (Português)]]
[[Categoria:Vocábulo com pronúncia (Português)]]

[[el:jalne]]
[[en:jalne]]
[[no:jalne]]
[[pl:jalne]]
[[ru:jalne]]</text>
<sha1>j708z8v6qino02uc62dodsw565hy0m4</sha1>
</revision>
<revision>
<id>727235</id>
<parentid>563439</parentid>
<timestamp>2010-01-28T22:53:58Z</timestamp>
<contributor>
<username>Jesielt-bot</username>
<id>10876</id>
</contributor>
<comment>replaced: {{subst}} → Substantivo, {{adj}} → Adjetivo, {{etim}} → {{etimologia}}, {{pronu}} → {{pronúncia}} utilizando [[Project:AWB|AWB]]</comment>
<model>wikitext</model>
<format>text/x-wiki</format>
<text bytes="1304" xml:space="preserve">={{pt}}=
==Adjetivo==
{{flex.pt.com2|[[jalne]]|jalnes|s-div={{grifar|jal}}.ne|p-div={{grifar|jal}}.nes}}
'''{{grifar|jal}}.ne''' {{c2g}}
# [[relacionado]] [[à]] [[cor]] [[amarelo-ouro]];
# [[que]] [[apresentar|apresenta]] [[essa]] [[coloração]].

===Sinónimos===
* [[gualdo]], [[jaude]]

==Substantivo==
{{flex.pt.masc|[[jalne]]|jalnes|s-div={{grifar|jal}}.ne|p-div={{grifar|jal}}.nes}}
'''{{grifar|jal}}.ne''' {{m}}
# [[amarelo-ouro]].

===Sinónimos===
* [[gualdo]], [[jaude]]

=={{etimologia}}==
: ([[século|Século]] [[XIII]]) Do [[francês antigo]] ''jalne'', &quot;[[amarelo]]&quot;.

=={{pronúncia}}==
===[[Brasil]]===
* [[AFI]]: {{AFI|/ˈʒaw.nɪ/}}
* [[X-SAMPA]]: /&quot;Zaw.nI/

=={{vertb}}==
===No Wikcionário===
{{vertbini}}
* [[amarelo]]
* [[dourado]]
{{vertbmeio}}
* [[ouro]]
{{vertbfim}}
{{cores/pt}}

==={{-ref-}}===
{{vertbini}}
* [http://houaiss.uol.com.br/ Dicionário Houaiss da Língua Portuguesa (acesso restrito)]
{{DLPO}}
{{vertbfim}}

[[Categoria:Adjetivo (Português)]]
[[Categoria:Substantivo (Português)]]
[[Categoria:Dissílabo (Português)]]
[[Categoria:Paroxítona (Português)]]
[[Categoria:Cor (Português)]]
[[Categoria:Vocábulo com etimologia (Português)]]
[[Categoria:Vocábulo com pronúncia (Português)]]

[[el:jalne]]
[[en:jalne]]
[[no:jalne]]
[[pl:jalne]]
[[ru:jalne]]</text>
<sha1>s1fn482cg6p1mjqfouy1z3n71u2d6z3</sha1>
</revision>
<revision>
<id>1185894</id>
<parentid>727235</parentid>
<timestamp>2011-07-08T17:07:55Z</timestamp>
<contributor>
<username>MalafayaBot</username>
<id>628</id>
</contributor>
<minor />
<comment>Robô: Substituição de texto automática (-^\=\s?Português\s?\= +={{-pt-}}= &amp; -^\=\s?\{\{pt\}\}\s?\= +={{-pt-}}=)</comment>
<model>wikitext</model>
<format>text/x-wiki</format>
<text bytes="1306" xml:space="preserve">={{-pt-}}=
==Adjetivo==
{{flex.pt.com2|[[jalne]]|jalnes|s-div={{grifar|jal}}.ne|p-div={{grifar|jal}}.nes}}
'''{{grifar|jal}}.ne''' {{c2g}}
# [[relacionado]] [[à]] [[cor]] [[amarelo-ouro]];
# [[que]] [[apresentar|apresenta]] [[essa]] [[coloração]].

===Sinónimos===
* [[gualdo]], [[jaude]]

==Substantivo==
{{flex.pt.masc|[[jalne]]|jalnes|s-div={{grifar|jal}}.ne|p-div={{grifar|jal}}.nes}}
'''{{grifar|jal}}.ne''' {{m}}
# [[amarelo-ouro]].

===Sinónimos===
* [[gualdo]], [[jaude]]

=={{etimologia}}==
: ([[século|Século]] [[XIII]]) Do [[francês antigo]] ''jalne'', &quot;[[amarelo]]&quot;.

=={{pronúncia}}==
===[[Brasil]]===
* [[AFI]]: {{AFI|/ˈʒaw.nɪ/}}
* [[X-SAMPA]]: /&quot;Zaw.nI/

=={{vertb}}==
===No Wikcionário===
{{vertbini}}
* [[amarelo]]
* [[dourado]]
{{vertbmeio}}
* [[ouro]]
{{vertbfim}}
{{cores/pt}}

==={{-ref-}}===
{{vertbini}}
* [http://houaiss.uol.com.br/ Dicionário Houaiss da Língua Portuguesa (acesso restrito)]
{{DLPO}}
{{vertbfim}}

[[Categoria:Adjetivo (Português)]]
[[Categoria:Substantivo (Português)]]
[[Categoria:Dissílabo (Português)]]
[[Categoria:Paroxítona (Português)]]
[[Categoria:Cor (Português)]]
[[Categoria:Vocábulo com etimologia (Português)]]
[[Categoria:Vocábulo com pronúncia (Português)]]

[[el:jalne]]
[[en:jalne]]
[[no:jalne]]
[[pl:jalne]]
[[ru:jalne]]</text>
<sha1>ldutux356sachgx7vbdy68a24jo8bh9</sha1>
</revision>
<revision>
<id>1416298</id>
<parentid>1185894</parentid>
<timestamp>2012-05-31T13:55:36Z</timestamp>
<contributor>
<username>ValJor</username>
<id>1358</id>
</contributor>
<comment>Desfazendo link para [[Predefinição:flex.pt.masc]] para poder deletar o redirecionamento</comment>
<model>wikitext</model>
<format>text/x-wiki</format>
<text bytes="1270" xml:space="preserve">={{-pt-}}=
==Adjetivo==
{{flex.pt|s=jalne|p=jalnes|s-div={{grifar|jal}}.ne|p-div={{grifar|jal}}.nes}}
{{paroxítona|jal|ne}}, {{c2g}}
# relacionado à [[cor]] [[amarelo-ouro]]
# que apresenta essa [[coloração]]

===Sinônimos===
{{verTambém.Ini}}
* [[gualdo]]
{{verTambém.NovaColuna}}
* [[jaude]]
{{verTambém.Fim}}

==Substantivo==
{{flex.pt|ms=jalne|mp=jalnes|ms-div={{grifar|jal}}.ne|mp-div={{grifar|jal}}.nes}}
{{paroxítona|jal|ne}}, {{m}}
# [[amarelo-ouro]]

===Sinônimos===
{{verTambém.Ini}}
* [[gualdo]]
{{verTambém.NovaColuna}}
* [[jaude]]
{{verTambém.Fim}}

=={{etimologia|pt}}==
: Do [[francês antigo]] ''jalne'', &quot;[[amarelo]]&quot;.
:: {{datação|século XIII}}

=={{pronúncia|pt}}==
===Brasil===
* [[AFI]]: {{AFI|/ˈʒaw.nɪ/}}
* [[X-SAMPA]]: /&quot;Zaw.nI/

==Ver também==
===No Wikcionário===
{{verTambém.Ini}}
* [[amarelo]]
{{verTambém.NovaColuna}}
* [[dourado]]
{{verTambém.NovaColuna}}
* [[ouro]]
{{verTambém.Fim}}

{{cores/pt}}

==={{-ref-}}===
{{vertbini}}
* [http://houaiss.uol.com.br/ Dicionário Houaiss da Língua Portuguesa (acesso restrito)]
{{DLPO}}
{{vertbfim}}

[[Categoria:Adjetivo (Português)]]
[[Categoria:Substantivo (Português)]]
[[Categoria:Cor (Português)]]

[[el:jalne]]
[[en:jalne]]
[[no:jalne]]
[[pl:jalne]]
[[ru:jalne]]</text>
<sha1>ep0pez0x37xcucway6wh2ds478g6me7</sha1>
</revision>
<revision>
<id>1497652</id>
<parentid>1416298</parentid>
<timestamp>2012-10-24T07:53:03Z</timestamp>
<contributor>
<username>JAnDbot</username>
<id>25083</id>
</contributor>
<minor />
<comment>r2.7.2) (Robô: A adicionar: [[fj:jalne]]</comment>
<model>wikitext</model>
<format>text/x-wiki</format>
<text bytes="1283" xml:space="preserve">={{-pt-}}=
==Adjetivo==
{{flex.pt|s=jalne|p=jalnes|s-div={{grifar|jal}}.ne|p-div={{grifar|jal}}.nes}}
{{paroxítona|jal|ne}}, {{c2g}}
# relacionado à [[cor]] [[amarelo-ouro]]
# que apresenta essa [[coloração]]

===Sinônimos===
{{verTambém.Ini}}
* [[gualdo]]
{{verTambém.NovaColuna}}
* [[jaude]]
{{verTambém.Fim}}

==Substantivo==
{{flex.pt|ms=jalne|mp=jalnes|ms-div={{grifar|jal}}.ne|mp-div={{grifar|jal}}.nes}}
{{paroxítona|jal|ne}}, {{m}}
# [[amarelo-ouro]]

===Sinônimos===
{{verTambém.Ini}}
* [[gualdo]]
{{verTambém.NovaColuna}}
* [[jaude]]
{{verTambém.Fim}}

=={{etimologia|pt}}==
: Do [[francês antigo]] ''jalne'', &quot;[[amarelo]]&quot;.
:: {{datação|século XIII}}

=={{pronúncia|pt}}==
===Brasil===
* [[AFI]]: {{AFI|/ˈʒaw.nɪ/}}
* [[X-SAMPA]]: /&quot;Zaw.nI/

==Ver também==
===No Wikcionário===
{{verTambém.Ini}}
* [[amarelo]]
{{verTambém.NovaColuna}}
* [[dourado]]
{{verTambém.NovaColuna}}
* [[ouro]]
{{verTambém.Fim}}

{{cores/pt}}

==={{-ref-}}===
{{vertbini}}
* [http://houaiss.uol.com.br/ Dicionário Houaiss da Língua Portuguesa (acesso restrito)]
{{DLPO}}
{{vertbfim}}

[[Categoria:Adjetivo (Português)]]
[[Categoria:Substantivo (Português)]]
[[Categoria:Cor (Português)]]

[[el:jalne]]
[[en:jalne]]
[[fj:jalne]]
[[no:jalne]]
[[pl:jalne]]
[[ru:jalne]]</text>
<sha1>9q3s8atjoew45oxw3ib4va7cmoss0qw</sha1>
</revision>
<revision>
<id>1500732</id>
<parentid>1497652</parentid>
<timestamp>2012-10-25T11:46:55Z</timestamp>
<contributor>
<username>VJBot</username>
<id>33673</id>
</contributor>
<minor />
<comment>Robô: Substituição de texto automática  (-{{vertbini}} +{{verTambém.Ini}})</comment>
<model>wikitext</model>
<format>text/x-wiki</format>
<text bytes="1289" xml:space="preserve">={{-pt-}}=
==Adjetivo==
{{flex.pt|s=jalne|p=jalnes|s-div={{grifar|jal}}.ne|p-div={{grifar|jal}}.nes}}
{{paroxítona|jal|ne}}, {{c2g}}
# relacionado à [[cor]] [[amarelo-ouro]]
# que apresenta essa [[coloração]]

===Sinônimos===
{{verTambém.Ini}}
* [[gualdo]]
{{verTambém.NovaColuna}}
* [[jaude]]
{{verTambém.Fim}}

==Substantivo==
{{flex.pt|ms=jalne|mp=jalnes|ms-div={{grifar|jal}}.ne|mp-div={{grifar|jal}}.nes}}
{{paroxítona|jal|ne}}, {{m}}
# [[amarelo-ouro]]

===Sinônimos===
{{verTambém.Ini}}
* [[gualdo]]
{{verTambém.NovaColuna}}
* [[jaude]]
{{verTambém.Fim}}

=={{etimologia|pt}}==
: Do [[francês antigo]] ''jalne'', &quot;[[amarelo]]&quot;.
:: {{datação|século XIII}}

=={{pronúncia|pt}}==
===Brasil===
* [[AFI]]: {{AFI|/ˈʒaw.nɪ/}}
* [[X-SAMPA]]: /&quot;Zaw.nI/

==Ver também==
===No Wikcionário===
{{verTambém.Ini}}
* [[amarelo]]
{{verTambém.NovaColuna}}
* [[dourado]]
{{verTambém.NovaColuna}}
* [[ouro]]
{{verTambém.Fim}}

{{cores/pt}}

==={{-ref-}}===
{{verTambém.Ini}}
* [http://houaiss.uol.com.br/ Dicionário Houaiss da Língua Portuguesa (acesso restrito)]
{{DLPO}}
{{vertbfim}}

[[Categoria:Adjetivo (Português)]]
[[Categoria:Substantivo (Português)]]
[[Categoria:Cor (Português)]]

[[el:jalne]]
[[en:jalne]]
[[fj:jalne]]
[[no:jalne]]
[[pl:jalne]]
[[ru:jalne]]</text>
<sha1>4x2qrlw50p8pm59cb370yk1wup9ve9z</sha1>
</revision>
<revision>
<id>1511029</id>
<parentid>1500732</parentid>
<timestamp>2012-10-29T12:17:21Z</timestamp>
<contributor>
<username>VJBot</username>
<id>33673</id>
</contributor>
<minor />
<comment>Robô: Substituição de texto automática  (-{{vertbfim}} +{{verTambém.Fim}})</comment>
<model>wikitext</model>
<format>text/x-wiki</format>
<text bytes="1295" xml:space="preserve">={{-pt-}}=
==Adjetivo==
{{flex.pt|s=jalne|p=jalnes|s-div={{grifar|jal}}.ne|p-div={{grifar|jal}}.nes}}
{{paroxítona|jal|ne}}, {{c2g}}
# relacionado à [[cor]] [[amarelo-ouro]]
# que apresenta essa [[coloração]]

===Sinônimos===
{{verTambém.Ini}}
* [[gualdo]]
{{verTambém.NovaColuna}}
* [[jaude]]
{{verTambém.Fim}}

==Substantivo==
{{flex.pt|ms=jalne|mp=jalnes|ms-div={{grifar|jal}}.ne|mp-div={{grifar|jal}}.nes}}
{{paroxítona|jal|ne}}, {{m}}
# [[amarelo-ouro]]

===Sinônimos===
{{verTambém.Ini}}
* [[gualdo]]
{{verTambém.NovaColuna}}
* [[jaude]]
{{verTambém.Fim}}

=={{etimologia|pt}}==
: Do [[francês antigo]] ''jalne'', &quot;[[amarelo]]&quot;.
:: {{datação|século XIII}}

=={{pronúncia|pt}}==
===Brasil===
* [[AFI]]: {{AFI|/ˈʒaw.nɪ/}}
* [[X-SAMPA]]: /&quot;Zaw.nI/

==Ver também==
===No Wikcionário===
{{verTambém.Ini}}
* [[amarelo]]
{{verTambém.NovaColuna}}
* [[dourado]]
{{verTambém.NovaColuna}}
* [[ouro]]
{{verTambém.Fim}}

{{cores/pt}}

==={{-ref-}}===
{{verTambém.Ini}}
* [http://houaiss.uol.com.br/ Dicionário Houaiss da Língua Portuguesa (acesso restrito)]
{{DLPO}}
{{verTambém.Fim}}

[[Categoria:Adjetivo (Português)]]
[[Categoria:Substantivo (Português)]]
[[Categoria:Cor (Português)]]

[[el:jalne]]
[[en:jalne]]
[[fj:jalne]]
[[no:jalne]]
[[pl:jalne]]
[[ru:jalne]]</text>
<sha1>hy0qt4xdkq2f9izwngknmdhmtuh16td</sha1>
</revision>
<revision>
<id>1523733</id>
<parentid>1511029</parentid>
<timestamp>2012-11-21T12:36:55Z</timestamp>
<contributor>
<username>JAnDbot</username>
<id>25083</id>
</contributor>
<minor />
<comment>r2.7.2) (Robô: A adicionar: [[lt:jalne]]</comment>
<model>wikitext</model>
<format>text/x-wiki</format>
<text bytes="1308" xml:space="preserve">={{-pt-}}=
==Adjetivo==
{{flex.pt|s=jalne|p=jalnes|s-div={{grifar|jal}}.ne|p-div={{grifar|jal}}.nes}}
{{paroxítona|jal|ne}}, {{c2g}}
# relacionado à [[cor]] [[amarelo-ouro]]
# que apresenta essa [[coloração]]

===Sinônimos===
{{verTambém.Ini}}
* [[gualdo]]
{{verTambém.NovaColuna}}
* [[jaude]]
{{verTambém.Fim}}

==Substantivo==
{{flex.pt|ms=jalne|mp=jalnes|ms-div={{grifar|jal}}.ne|mp-div={{grifar|jal}}.nes}}
{{paroxítona|jal|ne}}, {{m}}
# [[amarelo-ouro]]

===Sinônimos===
{{verTambém.Ini}}
* [[gualdo]]
{{verTambém.NovaColuna}}
* [[jaude]]
{{verTambém.Fim}}

=={{etimologia|pt}}==
: Do [[francês antigo]] ''jalne'', &quot;[[amarelo]]&quot;.
:: {{datação|século XIII}}

=={{pronúncia|pt}}==
===Brasil===
* [[AFI]]: {{AFI|/ˈʒaw.nɪ/}}
* [[X-SAMPA]]: /&quot;Zaw.nI/

==Ver também==
===No Wikcionário===
{{verTambém.Ini}}
* [[amarelo]]
{{verTambém.NovaColuna}}
* [[dourado]]
{{verTambém.NovaColuna}}
* [[ouro]]
{{verTambém.Fim}}

{{cores/pt}}

==={{-ref-}}===
{{verTambém.Ini}}
* [http://houaiss.uol.com.br/ Dicionário Houaiss da Língua Portuguesa (acesso restrito)]
{{DLPO}}
{{verTambém.Fim}}

[[Categoria:Adjetivo (Português)]]
[[Categoria:Substantivo (Português)]]
[[Categoria:Cor (Português)]]

[[el:jalne]]
[[en:jalne]]
[[fj:jalne]]
[[lt:jalne]]
[[no:jalne]]
[[pl:jalne]]
[[ru:jalne]]</text>
<sha1>38ym3id3da7fziv6l6l6h9e6zmbqpw9</sha1>
</revision>
<revision>
<id>1529441</id>
<parentid>1523733</parentid>
<timestamp>2012-11-28T10:14:03Z</timestamp>
<contributor>
<username>VJBot</username>
<id>33673</id>
</contributor>
<minor />
<comment>Robô: Substituição de texto automática  (-{{-ref-}} +Referências)</comment>
<model>wikitext</model>
<format>text/x-wiki</format>
<text bytes="1311" xml:space="preserve">={{-pt-}}=
==Adjetivo==
{{flex.pt|s=jalne|p=jalnes|s-div={{grifar|jal}}.ne|p-div={{grifar|jal}}.nes}}
{{paroxítona|jal|ne}}, {{c2g}}
# relacionado à [[cor]] [[amarelo-ouro]]
# que apresenta essa [[coloração]]

===Sinônimos===
{{verTambém.Ini}}
* [[gualdo]]
{{verTambém.NovaColuna}}
* [[jaude]]
{{verTambém.Fim}}

==Substantivo==
{{flex.pt|ms=jalne|mp=jalnes|ms-div={{grifar|jal}}.ne|mp-div={{grifar|jal}}.nes}}
{{paroxítona|jal|ne}}, {{m}}
# [[amarelo-ouro]]

===Sinônimos===
{{verTambém.Ini}}
* [[gualdo]]
{{verTambém.NovaColuna}}
* [[jaude]]
{{verTambém.Fim}}

=={{etimologia|pt}}==
: Do [[francês antigo]] ''jalne'', &quot;[[amarelo]]&quot;.
:: {{datação|século XIII}}

=={{pronúncia|pt}}==
===Brasil===
* [[AFI]]: {{AFI|/ˈʒaw.nɪ/}}
* [[X-SAMPA]]: /&quot;Zaw.nI/

==Ver também==
===No Wikcionário===
{{verTambém.Ini}}
* [[amarelo]]
{{verTambém.NovaColuna}}
* [[dourado]]
{{verTambém.NovaColuna}}
* [[ouro]]
{{verTambém.Fim}}

{{cores/pt}}

===Referências===
{{verTambém.Ini}}
* [http://houaiss.uol.com.br/ Dicionário Houaiss da Língua Portuguesa (acesso restrito)]
{{DLPO}}
{{verTambém.Fim}}

[[Categoria:Adjetivo (Português)]]
[[Categoria:Substantivo (Português)]]
[[Categoria:Cor (Português)]]

[[el:jalne]]
[[en:jalne]]
[[fj:jalne]]
[[lt:jalne]]
[[no:jalne]]
[[pl:jalne]]
[[ru:jalne]]</text>
<sha1>jgger069ds7baxmsa7dhnfyq9reo8eh</sha1>
</revision>
<revision>
<id>1561476</id>
<parentid>1529441</parentid>
<timestamp>2012-12-17T17:38:00Z</timestamp>
<contributor>
<username>VJBot</username>
<id>33673</id>
</contributor>
<minor />
<comment>Robô: Substituição de texto automática  (-{{DLPO}} +{{subst:DLPO}})</comment>
<model>wikitext</model>
<format>text/x-wiki</format>
<text bytes="1561" xml:space="preserve">={{-pt-}}=
==Adjetivo==
{{flex.pt|s=jalne|p=jalnes|s-div={{grifar|jal}}.ne|p-div={{grifar|jal}}.nes}}
{{paroxítona|jal|ne}}, {{c2g}}
# relacionado à [[cor]] [[amarelo-ouro]]
# que apresenta essa [[coloração]]

===Sinônimos===
{{verTambém.Ini}}
* [[gualdo]]
{{verTambém.NovaColuna}}
* [[jaude]]
{{verTambém.Fim}}

==Substantivo==
{{flex.pt|ms=jalne|mp=jalnes|ms-div={{grifar|jal}}.ne|mp-div={{grifar|jal}}.nes}}
{{paroxítona|jal|ne}}, {{m}}
# [[amarelo-ouro]]

===Sinônimos===
{{verTambém.Ini}}
* [[gualdo]]
{{verTambém.NovaColuna}}
* [[jaude]]
{{verTambém.Fim}}

=={{etimologia|pt}}==
: Do [[francês antigo]] ''jalne'', &quot;[[amarelo]]&quot;.
:: {{datação|século XIII}}

=={{pronúncia|pt}}==
===Brasil===
* [[AFI]]: {{AFI|/ˈʒaw.nɪ/}}
* [[X-SAMPA]]: /&quot;Zaw.nI/

==Ver também==
===No Wikcionário===
{{verTambém.Ini}}
* [[amarelo]]
{{verTambém.NovaColuna}}
* [[dourado]]
{{verTambém.NovaColuna}}
* [[ouro]]
{{verTambém.Fim}}

{{cores/pt}}

===Referências===
{{verTambém.Ini}}
* [http://houaiss.uol.com.br/ Dicionário Houaiss da Língua Portuguesa (acesso restrito)]
* “{{PAGENAME}}” in ''[[w:Dicionário_Priberam_da_Língua_Portuguesa|Dicionário Priberam da Língua Portuguesa]]'' [em linha], [http://www.priberam.pt/dlpo/dlpo.aspx?pal={{urlencode:{{PAGENAME}}}} http://www.priberam.pt/dlpo/dlpo.aspx?pal={{PAGENAME}}]
{{verTambém.Fim}}

[[Categoria:Adjetivo (Português)]]
[[Categoria:Substantivo (Português)]]
[[Categoria:Cor (Português)]]

[[el:jalne]]
[[en:jalne]]
[[fj:jalne]]
[[lt:jalne]]
[[no:jalne]]
[[pl:jalne]]
[[ru:jalne]]</text>
<sha1>odu4762vazm6zb68d1zpm0a6byhjyoo</sha1>
</revision>
<revision>
<id>1775573</id>
<parentid>1561476</parentid>
<timestamp>2013-11-26T22:14:49Z</timestamp>
<contributor>
<username>MalafayaBot</username>
<id>628</id>
</contributor>
<minor />
<comment>r2.7.5) (Robô: A adicionar: [[mg:jalne]]</comment>
<model>wikitext</model>
<format>text/x-wiki</format>
<text bytes="1574" xml:space="preserve">={{-pt-}}=
==Adjetivo==
{{flex.pt|s=jalne|p=jalnes|s-div={{grifar|jal}}.ne|p-div={{grifar|jal}}.nes}}
{{paroxítona|jal|ne}}, {{c2g}}
# relacionado à [[cor]] [[amarelo-ouro]]
# que apresenta essa [[coloração]]

===Sinônimos===
{{verTambém.Ini}}
* [[gualdo]]
{{verTambém.NovaColuna}}
* [[jaude]]
{{verTambém.Fim}}

==Substantivo==
{{flex.pt|ms=jalne|mp=jalnes|ms-div={{grifar|jal}}.ne|mp-div={{grifar|jal}}.nes}}
{{paroxítona|jal|ne}}, {{m}}
# [[amarelo-ouro]]

===Sinônimos===
{{verTambém.Ini}}
* [[gualdo]]
{{verTambém.NovaColuna}}
* [[jaude]]
{{verTambém.Fim}}

=={{etimologia|pt}}==
: Do [[francês antigo]] ''jalne'', &quot;[[amarelo]]&quot;.
:: {{datação|século XIII}}

=={{pronúncia|pt}}==
===Brasil===
* [[AFI]]: {{AFI|/ˈʒaw.nɪ/}}
* [[X-SAMPA]]: /&quot;Zaw.nI/

==Ver também==
===No Wikcionário===
{{verTambém.Ini}}
* [[amarelo]]
{{verTambém.NovaColuna}}
* [[dourado]]
{{verTambém.NovaColuna}}
* [[ouro]]
{{verTambém.Fim}}

{{cores/pt}}

===Referências===
{{verTambém.Ini}}
* [http://houaiss.uol.com.br/ Dicionário Houaiss da Língua Portuguesa (acesso restrito)]
* “{{PAGENAME}}” in ''[[w:Dicionário_Priberam_da_Língua_Portuguesa|Dicionário Priberam da Língua Portuguesa]]'' [em linha], [http://www.priberam.pt/dlpo/dlpo.aspx?pal={{urlencode:{{PAGENAME}}}} http://www.priberam.pt/dlpo/dlpo.aspx?pal={{PAGENAME}}]
{{verTambém.Fim}}

[[Categoria:Adjetivo (Português)]]
[[Categoria:Substantivo (Português)]]
[[Categoria:Cor (Português)]]

[[el:jalne]]
[[en:jalne]]
[[fj:jalne]]
[[lt:jalne]]
[[mg:jalne]]
[[no:jalne]]
[[pl:jalne]]
[[ru:jalne]]</text>
<sha1>k5jjopureubxz7yr5fvzdcddoj4r924</sha1>
</revision>
<revision>
<id>1975322</id>
<parentid>1775573</parentid>
<timestamp>2015-07-30T23:42:12Z</timestamp>
<contributor>
<username>HydrizBot</username>
<id>29590</id>
</contributor>
<minor />
<comment>Robô: A adicionar: [[sh:jalne]]</comment>
<model>wikitext</model>
<format>text/x-wiki</format>
<text bytes="1587" xml:space="preserve">={{-pt-}}=
==Adjetivo==
{{flex.pt|s=jalne|p=jalnes|s-div={{grifar|jal}}.ne|p-div={{grifar|jal}}.nes}}
{{paroxítona|jal|ne}}, {{c2g}}
# relacionado à [[cor]] [[amarelo-ouro]]
# que apresenta essa [[coloração]]

===Sinônimos===
{{verTambém.Ini}}
* [[gualdo]]
{{verTambém.NovaColuna}}
* [[jaude]]
{{verTambém.Fim}}

==Substantivo==
{{flex.pt|ms=jalne|mp=jalnes|ms-div={{grifar|jal}}.ne|mp-div={{grifar|jal}}.nes}}
{{paroxítona|jal|ne}}, {{m}}
# [[amarelo-ouro]]

===Sinônimos===
{{verTambém.Ini}}
* [[gualdo]]
{{verTambém.NovaColuna}}
* [[jaude]]
{{verTambém.Fim}}

=={{etimologia|pt}}==
: Do [[francês antigo]] ''jalne'', &quot;[[amarelo]]&quot;.
:: {{datação|século XIII}}

=={{pronúncia|pt}}==
===Brasil===
* [[AFI]]: {{AFI|/ˈʒaw.nɪ/}}
* [[X-SAMPA]]: /&quot;Zaw.nI/

==Ver também==
===No Wikcionário===
{{verTambém.Ini}}
* [[amarelo]]
{{verTambém.NovaColuna}}
* [[dourado]]
{{verTambém.NovaColuna}}
* [[ouro]]
{{verTambém.Fim}}

{{cores/pt}}

===Referências===
{{verTambém.Ini}}
* [http://houaiss.uol.com.br/ Dicionário Houaiss da Língua Portuguesa (acesso restrito)]
* “{{PAGENAME}}” in ''[[w:Dicionário_Priberam_da_Língua_Portuguesa|Dicionário Priberam da Língua Portuguesa]]'' [em linha], [http://www.priberam.pt/dlpo/dlpo.aspx?pal={{urlencode:{{PAGENAME}}}} http://www.priberam.pt/dlpo/dlpo.aspx?pal={{PAGENAME}}]
{{verTambém.Fim}}

[[Categoria:Adjetivo (Português)]]
[[Categoria:Substantivo (Português)]]
[[Categoria:Cor (Português)]]

[[el:jalne]]
[[en:jalne]]
[[fj:jalne]]
[[lt:jalne]]
[[mg:jalne]]
[[no:jalne]]
[[pl:jalne]]
[[ru:jalne]]
[[sh:jalne]]</text>
<sha1>qg2t4eb8aluoj02f3ukr51qwn8874p4</sha1>
</revision>
<revision>
<id>2127957</id>
<parentid>1975322</parentid>
<timestamp>2016-06-07T17:53:31Z</timestamp>
<contributor>
<username>UT-interwiki-Bot</username>
<id>56129</id>
</contributor>
<minor />
<comment>Robô: A adicionar: [[ia:jalne]]</comment>
<model>wikitext</model>
<format>text/x-wiki</format>
<text bytes="1600" xml:space="preserve">={{-pt-}}=
==Adjetivo==
{{flex.pt|s=jalne|p=jalnes|s-div={{grifar|jal}}.ne|p-div={{grifar|jal}}.nes}}
{{paroxítona|jal|ne}}, {{c2g}}
# relacionado à [[cor]] [[amarelo-ouro]]
# que apresenta essa [[coloração]]

===Sinônimos===
{{verTambém.Ini}}
* [[gualdo]]
{{verTambém.NovaColuna}}
* [[jaude]]
{{verTambém.Fim}}

==Substantivo==
{{flex.pt|ms=jalne|mp=jalnes|ms-div={{grifar|jal}}.ne|mp-div={{grifar|jal}}.nes}}
{{paroxítona|jal|ne}}, {{m}}
# [[amarelo-ouro]]

===Sinônimos===
{{verTambém.Ini}}
* [[gualdo]]
{{verTambém.NovaColuna}}
* [[jaude]]
{{verTambém.Fim}}

=={{etimologia|pt}}==
: Do [[francês antigo]] ''jalne'', &quot;[[amarelo]]&quot;.
:: {{datação|século XIII}}

=={{pronúncia|pt}}==
===Brasil===
* [[AFI]]: {{AFI|/ˈʒaw.nɪ/}}
* [[X-SAMPA]]: /&quot;Zaw.nI/

==Ver também==
===No Wikcionário===
{{verTambém.Ini}}
* [[amarelo]]
{{verTambém.NovaColuna}}
* [[dourado]]
{{verTambém.NovaColuna}}
* [[ouro]]
{{verTambém.Fim}}

{{cores/pt}}

===Referências===
{{verTambém.Ini}}
* [http://houaiss.uol.com.br/ Dicionário Houaiss da Língua Portuguesa (acesso restrito)]
* “{{PAGENAME}}” in ''[[w:Dicionário_Priberam_da_Língua_Portuguesa|Dicionário Priberam da Língua Portuguesa]]'' [em linha], [http://www.priberam.pt/dlpo/dlpo.aspx?pal={{urlencode:{{PAGENAME}}}} http://www.priberam.pt/dlpo/dlpo.aspx?pal={{PAGENAME}}]
{{verTambém.Fim}}

[[Categoria:Adjetivo (Português)]]
[[Categoria:Substantivo (Português)]]
[[Categoria:Cor (Português)]]

[[el:jalne]]
[[en:jalne]]
[[fj:jalne]]
[[ia:jalne]]
[[lt:jalne]]
[[mg:jalne]]
[[no:jalne]]
[[pl:jalne]]
[[ru:jalne]]
[[sh:jalne]]</text>
<sha1>hbe64u9cjwcrp0shu6vtp8pj2lw6an8</sha1>
</revision>
<revision>
<id>2151111</id>
<parentid>2127957</parentid>
<timestamp>2016-07-15T21:11:50Z</timestamp>
<contributor>
<username>UT-interwiki-Bot</username>
<id>56129</id>
</contributor>
<minor />
<comment>Robô: A adicionar: [[de:jalne]]</comment>
<model>wikitext</model>
<format>text/x-wiki</format>
<text bytes="1613" xml:space="preserve">={{-pt-}}=
==Adjetivo==
{{flex.pt|s=jalne|p=jalnes|s-div={{grifar|jal}}.ne|p-div={{grifar|jal}}.nes}}
{{paroxítona|jal|ne}}, {{c2g}}
# relacionado à [[cor]] [[amarelo-ouro]]
# que apresenta essa [[coloração]]

===Sinônimos===
{{verTambém.Ini}}
* [[gualdo]]
{{verTambém.NovaColuna}}
* [[jaude]]
{{verTambém.Fim}}

==Substantivo==
{{flex.pt|ms=jalne|mp=jalnes|ms-div={{grifar|jal}}.ne|mp-div={{grifar|jal}}.nes}}
{{paroxítona|jal|ne}}, {{m}}
# [[amarelo-ouro]]

===Sinônimos===
{{verTambém.Ini}}
* [[gualdo]]
{{verTambém.NovaColuna}}
* [[jaude]]
{{verTambém.Fim}}

=={{etimologia|pt}}==
: Do [[francês antigo]] ''jalne'', &quot;[[amarelo]]&quot;.
:: {{datação|século XIII}}

=={{pronúncia|pt}}==
===Brasil===
* [[AFI]]: {{AFI|/ˈʒaw.nɪ/}}
* [[X-SAMPA]]: /&quot;Zaw.nI/

==Ver também==
===No Wikcionário===
{{verTambém.Ini}}
* [[amarelo]]
{{verTambém.NovaColuna}}
* [[dourado]]
{{verTambém.NovaColuna}}
* [[ouro]]
{{verTambém.Fim}}

{{cores/pt}}

===Referências===
{{verTambém.Ini}}
* [http://houaiss.uol.com.br/ Dicionário Houaiss da Língua Portuguesa (acesso restrito)]
* “{{PAGENAME}}” in ''[[w:Dicionário_Priberam_da_Língua_Portuguesa|Dicionário Priberam da Língua Portuguesa]]'' [em linha], [http://www.priberam.pt/dlpo/dlpo.aspx?pal={{urlencode:{{PAGENAME}}}} http://www.priberam.pt/dlpo/dlpo.aspx?pal={{PAGENAME}}]
{{verTambém.Fim}}

[[Categoria:Adjetivo (Português)]]
[[Categoria:Substantivo (Português)]]
[[Categoria:Cor (Português)]]

[[de:jalne]]
[[el:jalne]]
[[en:jalne]]
[[fj:jalne]]
[[ia:jalne]]
[[lt:jalne]]
[[mg:jalne]]
[[no:jalne]]
[[pl:jalne]]
[[ru:jalne]]
[[sh:jalne]]</text>
<sha1>842e37eispmqeo5t7xch0gzgd524ton</sha1>
</revision>
<revision>
<id>2364537</id>
<parentid>2151111</parentid>
<timestamp>2017-05-03T15:36:53Z</timestamp>
<contributor>
<username>HydrizBot</username>
<id>29590</id>
</contributor>
<minor />
<comment>Robô: A limpar links interwikis antigos</comment>
<model>wikitext</model>
<format>text/x-wiki</format>
<text bytes="1469" xml:space="preserve">={{-pt-}}=
==Adjetivo==
{{flex.pt|s=jalne|p=jalnes|s-div={{grifar|jal}}.ne|p-div={{grifar|jal}}.nes}}
{{paroxítona|jal|ne}}, {{c2g}}
# relacionado à [[cor]] [[amarelo-ouro]]
# que apresenta essa [[coloração]]

===Sinônimos===
{{verTambém.Ini}}
* [[gualdo]]
{{verTambém.NovaColuna}}
* [[jaude]]
{{verTambém.Fim}}

==Substantivo==
{{flex.pt|ms=jalne|mp=jalnes|ms-div={{grifar|jal}}.ne|mp-div={{grifar|jal}}.nes}}
{{paroxítona|jal|ne}}, {{m}}
# [[amarelo-ouro]]

===Sinônimos===
{{verTambém.Ini}}
* [[gualdo]]
{{verTambém.NovaColuna}}
* [[jaude]]
{{verTambém.Fim}}

=={{etimologia|pt}}==
: Do [[francês antigo]] ''jalne'', &quot;[[amarelo]]&quot;.
:: {{datação|século XIII}}

=={{pronúncia|pt}}==
===Brasil===
* [[AFI]]: {{AFI|/ˈʒaw.nɪ/}}
* [[X-SAMPA]]: /&quot;Zaw.nI/

==Ver também==
===No Wikcionário===
{{verTambém.Ini}}
* [[amarelo]]
{{verTambém.NovaColuna}}
* [[dourado]]
{{verTambém.NovaColuna}}
* [[ouro]]
{{verTambém.Fim}}

{{cores/pt}}

===Referências===
{{verTambém.Ini}}
* [http://houaiss.uol.com.br/ Dicionário Houaiss da Língua Portuguesa (acesso restrito)]
* “{{PAGENAME}}” in ''[[w:Dicionário_Priberam_da_Língua_Portuguesa|Dicionário Priberam da Língua Portuguesa]]'' [em linha], [http://www.priberam.pt/dlpo/dlpo.aspx?pal={{urlencode:{{PAGENAME}}}} http://www.priberam.pt/dlpo/dlpo.aspx?pal={{PAGENAME}}]
{{verTambém.Fim}}

[[Categoria:Adjetivo (Português)]]
[[Categoria:Substantivo (Português)]]
[[Categoria:Cor (Português)]]</text>
<sha1>kimvtwptf47wszpfrjk9b45h2asy3q7</sha1>
</revision>
<revision>
<id>2683576</id>
<parentid>2364537</parentid>
<timestamp>2022-07-14T09:36:07Z</timestamp>
<contributor>
<username>ValJor</username>
<id>1358</id>
</contributor>
<comment deleted="deleted" />
<model>wikitext</model>
<format>text/x-wiki</format>
<text bytes="1238" xml:space="preserve">={{-pt-}}=
==Adjetivo==
{{flex.pt|s=jalne|p=jalnes|s-div={{grifar.Palavra|jal}}.ne|p-div={{grifar.Palavra|jal}}.nes}}
{{paroxítona|jal|ne}}, {{gramática|c2g}}
# relacionado à [[cor]] [[amarelo-ouro]]
# que apresenta essa [[coloração]]

===Sinônimos===
{{verTambém.Ini}}
* [[gualdo]]
{{verTambém.NovaColuna}}
* [[jaude]]
{{verTambém.Fim}}

==Substantivo==
{{flex.pt|ms=jalne|mp=jalnes|ms-div={{grifar.Palavra|jal}}.ne|mp-div={{grifar.Palavra|jal}}.nes}}
{{paroxítona|jal|ne}}, {{gramática|m}}
# [[amarelo-ouro]]

===Sinônimos===
{{verTambém.Ini}}
* [[gualdo]]
{{verTambém.NovaColuna}}
* [[jaude]]
{{verTambém.Fim}}

=={{etimologia|pt}}==
{{llietimo|fro|jalne|pt|[[amarelo]]}}
:: {{datação|século XIII}}

=={{pronúncia|pt}}==
===Brasil===
* [[AFI]]: {{AFI|/ˈʒaw.nɪ/}}
* [[X-SAMPA]]: /&quot;Zaw.nI/

==Ver também==
===No Wikcionário===
{{verTambém.Ini}}
* [[amarelo]]
{{verTambém.NovaColuna}}
* [[dourado]]
{{verTambém.NovaColuna}}
* [[ouro]]
{{verTambém.Fim}}

{{cores/pt}}

==Ligações externas==
* {{Aulete}}
* {{Michaelis}}
* {{Dicio}}
* {{DicioAberto}}
* {{DLPO}}
* {{Infopédia}}
* {{PLP}}
* {{VOLPABL}}

[[Categoria:Adjetivo (Português)]]
[[Categoria:Substantivo (Português)]]
[[Categoria:Cor (Português)]]</text>
<sha1>96x62skz9lng97jj5itern24a4r4j1u</sha1>
</revision>
</page>
