<title>jamaicano</title>
<ns>0</ns>
<id>5668</id>
<revision>
<id>18649</id>
<timestamp>2005-05-16T21:02:15Z</timestamp>
<contributor>
<username>E-roxo</username>
<id>27</id>
</contributor>
<model>wikitext</model>
<format>text/x-wiki</format>
<text bytes="90" xml:space="preserve">{{Gentílico |
divsilábica = ja.mai.ca.no |
o/a         = a |
país        = Jamaica |
}}</text>
<sha1>fozgt8d2vxjr80q108sf4hbskmau0p0</sha1>
</revision>
<revision>
<id>24446</id>
<parentid>18649</parentid>
<timestamp>2005-06-25T15:44:48Z</timestamp>
<contributor>
<username>RobotGMwikt</username>
<id>407</id>
</contributor>
<minor />
<comment>robot  Adicionando:en</comment>
<model>wikitext</model>
<format>text/x-wiki</format>
<text bytes="108" xml:space="preserve">{{Gentílico |
divsilábica = ja.mai.ca.no |
o/a         = a |
país        = Jamaica |
}}

[[en:Jamaicano]]</text>
<sha1>664cy8qwm9gj350e5kjnqbaovsmgcyn</sha1>
</revision>
<revision>
<id>27797</id>
<parentid>24446</parentid>
<timestamp>2005-07-05T18:19:37Z</timestamp>
<contributor>
<username>RobotGMwikt</username>
<id>407</id>
</contributor>
<minor />
<comment>robot  Modificando: en</comment>
<model>wikitext</model>
<format>text/x-wiki</format>
<text bytes="108" xml:space="preserve">{{Gentílico |
divsilábica = ja.mai.ca.no |
o/a         = a |
país        = Jamaica |
}}

[[en:jamaicano]]</text>
<sha1>i6lgnqmdg0if8p3qbyuov694g9hik0u</sha1>
</revision>
<revision>
<id>83514</id>
<parentid>27797</parentid>
<timestamp>2006-02-23T00:53:35Z</timestamp>
<contributor>
<username>Conversion script</username>
<id>0</id>
</contributor>
<minor />
<comment>[[Jamaicano]] movido para [[jamaicano]]: Converting page titles to lowercase</comment>
<model>wikitext</model>
<format>text/x-wiki</format>
<text bytes="108" xml:space="preserve">{{Gentílico |
divsilábica = ja.mai.ca.no |
o/a         = a |
país        = Jamaica |
}}

[[en:jamaicano]]</text>
<sha1>i6lgnqmdg0if8p3qbyuov694g9hik0u</sha1>
</revision>
<revision>
<id>127527</id>
<parentid>83514</parentid>
<timestamp>2006-06-08T09:45:35Z</timestamp>
<contributor>
<username>RobotGMwikt</username>
<id>407</id>
</contributor>
<minor />
<comment>Bot:  Adicionando: es</comment>
<model>wikitext</model>
<format>text/x-wiki</format>
<text bytes="125" xml:space="preserve">{{Gentílico |
divsilábica = ja.mai.ca.no |
o/a         = a |
país        = Jamaica |
}}

[[en:jamaicano]]
[[es:jamaicano]]</text>
<sha1>1my2e5qcju8mj6t0syrgrqn8mgcxo7r</sha1>
</revision>
<revision>
<id>206851</id>
<parentid>127527</parentid>
<timestamp>2006-12-10T15:49:04Z</timestamp>
<contributor>
<username>RobotGMwikt</username>
<id>407</id>
</contributor>
<minor />
<comment>Bot:  Adicionando: [[ru:jamaicano]]</comment>
<model>wikitext</model>
<format>text/x-wiki</format>
<text bytes="142" xml:space="preserve">{{Gentílico |
divsilábica = ja.mai.ca.no |
o/a         = a |
país        = Jamaica |
}}

[[en:jamaicano]]
[[es:jamaicano]]
[[ru:jamaicano]]</text>
<sha1>0kisjrixlmp78xsafyqg0g4mth0u7ft</sha1>
</revision>
<revision>
<id>500823</id>
<parentid>206851</parentid>
<timestamp>2009-07-27T09:51:35Z</timestamp>
<contributor>
<username>Interwicket</username>
<id>6868</id>
</contributor>
<minor />
<comment>iwiki +[[:pl:jamaicano]]</comment>
<model>wikitext</model>
<format>text/x-wiki</format>
<text bytes="159" xml:space="preserve">{{Gentílico |
divsilábica = ja.mai.ca.no |
o/a         = a |
país        = Jamaica |
}}

[[en:jamaicano]]
[[es:jamaicano]]
[[pl:jamaicano]]
[[ru:jamaicano]]</text>
<sha1>5z39z1z1xqve89urses1lbnx0b7klep</sha1>
</revision>
<revision>
<id>866473</id>
<parentid>500823</parentid>
<timestamp>2010-05-03T23:37:12Z</timestamp>
<contributor>
<username>Interwicket</username>
<id>6868</id>
</contributor>
<minor />
<comment>iwiki +[[:fi:jamaicano]]</comment>
<model>wikitext</model>
<format>text/x-wiki</format>
<text bytes="176" xml:space="preserve">{{Gentílico |
divsilábica = ja.mai.ca.no |
o/a         = a |
país        = Jamaica |
}}

[[en:jamaicano]]
[[es:jamaicano]]
[[fi:jamaicano]]
[[pl:jamaicano]]
[[ru:jamaicano]]</text>
<sha1>6mrwsrbvgh2syc772vro9llbkh15gxc</sha1>
</revision>
<revision>
<id>995653</id>
<parentid>866473</parentid>
<timestamp>2010-12-14T14:22:41Z</timestamp>
<contributor>
<username>Luckas-bot</username>
<id>5986</id>
</contributor>
<minor />
<comment>r2.6.2) (Bot: Adicionando: [[zh:jamaicano]]</comment>
<model>wikitext</model>
<format>text/x-wiki</format>
<text bytes="193" xml:space="preserve">{{Gentílico |
divsilábica = ja.mai.ca.no |
o/a         = a |
país        = Jamaica |
}}

[[en:jamaicano]]
[[es:jamaicano]]
[[fi:jamaicano]]
[[pl:jamaicano]]
[[ru:jamaicano]]
[[zh:jamaicano]]</text>
<sha1>a5rfpaoo13a580txk4ydffs9x7erugk</sha1>
</revision>
<revision>
<id>1337448</id>
<parentid>995653</parentid>
<timestamp>2011-12-17T08:28:41Z</timestamp>
<contributor>
<username>KamikazeBot</username>
<id>23176</id>
</contributor>
<minor />
<comment>r2.7.1) (Robô: A adicionar: [[ko:jamaicano]]</comment>
<model>wikitext</model>
<format>text/x-wiki</format>
<text bytes="210" xml:space="preserve">{{Gentílico |
divsilábica = ja.mai.ca.no |
o/a         = a |
país        = Jamaica |
}}

[[en:jamaicano]]
[[es:jamaicano]]
[[fi:jamaicano]]
[[ko:jamaicano]]
[[pl:jamaicano]]
[[ru:jamaicano]]
[[zh:jamaicano]]</text>
<sha1>02nqdwr4me8tue3r9umzxpx1quvnaay</sha1>
</revision>
<revision>
<id>1347980</id>
<parentid>1337448</parentid>
<timestamp>2011-12-27T17:31:16Z</timestamp>
<contributor>
<username>MalafayaBot</username>
<id>628</id>
</contributor>
<minor />
<comment>Robô: Substituição de texto automática (-{{Gentílico | +{{gentílico|)</comment>
<model>wikitext</model>
<format>text/x-wiki</format>
<text bytes="209" xml:space="preserve">{{gentílico|
divsilábica = ja.mai.ca.no |
o/a         = a |
país        = Jamaica |
}}

[[en:jamaicano]]
[[es:jamaicano]]
[[fi:jamaicano]]
[[ko:jamaicano]]
[[pl:jamaicano]]
[[ru:jamaicano]]
[[zh:jamaicano]]</text>
<sha1>h8w511u3sjy34e75d1xfycsqqp3j89y</sha1>
</revision>
<revision>
<id>1385222</id>
<parentid>1347980</parentid>
<timestamp>2012-03-08T14:41:01Z</timestamp>
<contributor>
<username>ValJor</username>
<id>1358</id>
</contributor>
<comment>Melhorando um [[Wikcionário:Listas de verbetes com problemas|verbete sem cabeçalho de língua]]</comment>
<model>wikitext</model>
<format>text/x-wiki</format>
<text bytes="520" xml:space="preserve">={{-pt-}}=
==Adjetivo==
{{flex.pt|ms=jamaicano|mp=jamaicanos|fs=jamaicana|fp=jamaicanas}}
{{paroxítona|ja|mai|ca|no}}
# da [[Jamaica]]

==Substantivo==
{{paroxítona|ja|mai|ca|no}}
# natural ou habitante da Jamaica

=={{etimologia|pt}}==
: {{escopo|Morfologia}} [[Jamaica]] + [[-ano]].

[[Categoria:Adjetivo (Português)]]
[[Categoria:Substantivo (Português)]]
[[Categoria:Gentílico (Português)]]

[[en:jamaicano]]
[[es:jamaicano]]
[[fi:jamaicano]]
[[ko:jamaicano]]
[[pl:jamaicano]]
[[ru:jamaicano]]
[[zh:jamaicano]]</text>
<sha1>2o1oygwsarmxv6d72tp8pw9x9zsg2zc</sha1>
</revision>
<revision>
<id>1515370</id>
<parentid>1385222</parentid>
<timestamp>2012-11-01T21:04:34Z</timestamp>
<contributor>
<username>VolkovBot</username>
<id>2944</id>
</contributor>
<minor />
<comment>r2.7.2) (Robô: A adicionar: [[fr:jamaicano]]</comment>
<model>wikitext</model>
<format>text/x-wiki</format>
<text bytes="537" xml:space="preserve">={{-pt-}}=
==Adjetivo==
{{flex.pt|ms=jamaicano|mp=jamaicanos|fs=jamaicana|fp=jamaicanas}}
{{paroxítona|ja|mai|ca|no}}
# da [[Jamaica]]

==Substantivo==
{{paroxítona|ja|mai|ca|no}}
# natural ou habitante da Jamaica

=={{etimologia|pt}}==
: {{escopo|Morfologia}} [[Jamaica]] + [[-ano]].

[[Categoria:Adjetivo (Português)]]
[[Categoria:Substantivo (Português)]]
[[Categoria:Gentílico (Português)]]

[[en:jamaicano]]
[[es:jamaicano]]
[[fi:jamaicano]]
[[fr:jamaicano]]
[[ko:jamaicano]]
[[pl:jamaicano]]
[[ru:jamaicano]]
[[zh:jamaicano]]</text>
<sha1>gealam1c0pszy9u5ktwb4d876kr41fc</sha1>
</revision>
<revision>
<id>1990374</id>
<parentid>1515370</parentid>
<timestamp>2015-08-29T11:01:39Z</timestamp>
<contributor>
<username>HydrizBot</username>
<id>29590</id>
</contributor>
<minor />
<comment>Robô: A adicionar: [[mg:jamaicano]]</comment>
<model>wikitext</model>
<format>text/x-wiki</format>
<text bytes="554" xml:space="preserve">={{-pt-}}=
==Adjetivo==
{{flex.pt|ms=jamaicano|mp=jamaicanos|fs=jamaicana|fp=jamaicanas}}
{{paroxítona|ja|mai|ca|no}}
# da [[Jamaica]]

==Substantivo==
{{paroxítona|ja|mai|ca|no}}
# natural ou habitante da Jamaica

=={{etimologia|pt}}==
: {{escopo|Morfologia}} [[Jamaica]] + [[-ano]].

[[Categoria:Adjetivo (Português)]]
[[Categoria:Substantivo (Português)]]
[[Categoria:Gentílico (Português)]]

[[en:jamaicano]]
[[es:jamaicano]]
[[fi:jamaicano]]
[[fr:jamaicano]]
[[ko:jamaicano]]
[[mg:jamaicano]]
[[pl:jamaicano]]
[[ru:jamaicano]]
[[zh:jamaicano]]</text>
<sha1>tidwcm0qgytdd6hkfeec1gaxy7ssej4</sha1>
</revision>
<revision>
<id>2364541</id>
<parentid>1990374</parentid>
<timestamp>2017-05-03T15:37:11Z</timestamp>
<contributor>
<username>HydrizBot</username>
<id>29590</id>
</contributor>
<minor />
<comment>Robô: A limpar links interwikis antigos</comment>
<model>wikitext</model>
<format>text/x-wiki</format>
<text bytes="400" xml:space="preserve">={{-pt-}}=
==Adjetivo==
{{flex.pt|ms=jamaicano|mp=jamaicanos|fs=jamaicana|fp=jamaicanas}}
{{paroxítona|ja|mai|ca|no}}
# da [[Jamaica]]

==Substantivo==
{{paroxítona|ja|mai|ca|no}}
# natural ou habitante da Jamaica

=={{etimologia|pt}}==
: {{escopo|Morfologia}} [[Jamaica]] + [[-ano]].

[[Categoria:Adjetivo (Português)]]
[[Categoria:Substantivo (Português)]]
[[Categoria:Gentílico (Português)]]</text>
<sha1>esmc2padqwmn6c07dpathhqkciv7wgh</sha1>
</revision>
</page>
