<title>jambon</title>
<ns>0</ns>
<id>337991</id>
<revision>
<id>1907786</id>
<timestamp>2015-04-01T17:21:38Z</timestamp>
<contributor>
<username>Cpls</username>
<id>20608</id>
</contributor>
<comment>[[Ajuda:Guia de edição/Menus e ferramentas/Sumário de edição|→]] nova página: ={{-fr-}}= ==Substantivo== '''jambon''' # [[presunto]]  [[Categoria:Substantivo (Francês)]]</comment>
<model>wikitext</model>
<format>text/x-wiki</format>
<text bytes="92" xml:space="preserve">={{-fr-}}=
==Substantivo==
'''jambon'''
# [[presunto]]

[[Categoria:Substantivo (Francês)]]</text>
<sha1>jii7at7wkwd1q0d1uxsgrgjzq2iyxdq</sha1>
</revision>
<revision>
<id>1913644</id>
<parentid>1907786</parentid>
<timestamp>2015-04-18T15:18:53Z</timestamp>
<contributor>
<username>YS-Bot</username>
<id>32241</id>
</contributor>
<minor />
<comment>r2.7.3) (Robô: A adicionar: chr, cs, de, el, en, es, et, eu, fa, fi, fr, gl, hu, id, io, it, ja, jv, ko, ku, lo, lt, mg, mk, my, nl, oc, pl, ro, ru, sv, tr, uz, vi</comment>
<model>wikitext</model>
<format>text/x-wiki</format>
<text bytes="570" xml:space="preserve">={{-fr-}}=
==Substantivo==
'''jambon'''
# [[presunto]]

[[Categoria:Substantivo (Francês)]]

[[chr:jambon]]
[[cs:jambon]]
[[de:jambon]]
[[el:jambon]]
[[en:jambon]]
[[es:jambon]]
[[et:jambon]]
[[eu:jambon]]
[[fa:jambon]]
[[fi:jambon]]
[[fr:jambon]]
[[gl:jambon]]
[[hu:jambon]]
[[id:jambon]]
[[io:jambon]]
[[it:jambon]]
[[ja:jambon]]
[[jv:jambon]]
[[ko:jambon]]
[[ku:jambon]]
[[lo:jambon]]
[[lt:jambon]]
[[mg:jambon]]
[[mk:jambon]]
[[my:jambon]]
[[nl:jambon]]
[[oc:jambon]]
[[pl:jambon]]
[[ro:jambon]]
[[ru:jambon]]
[[sv:jambon]]
[[tr:jambon]]
[[uz:jambon]]
[[vi:jambon]]</text>
<sha1>d9n7j3earyym87oflxb2ze31e9299lv</sha1>
</revision>
<revision>
<id>1985890</id>
<parentid>1913644</parentid>
<timestamp>2015-08-19T13:47:58Z</timestamp>
<contributor>
<username>YS-Bot</username>
<id>32241</id>
</contributor>
<minor />
<comment>r2.7.3) (Robô: A adicionar: [[no:jambon]]</comment>
<model>wikitext</model>
<format>text/x-wiki</format>
<text bytes="584" xml:space="preserve">={{-fr-}}=
==Substantivo==
'''jambon'''
# [[presunto]]

[[Categoria:Substantivo (Francês)]]

[[chr:jambon]]
[[cs:jambon]]
[[de:jambon]]
[[el:jambon]]
[[en:jambon]]
[[es:jambon]]
[[et:jambon]]
[[eu:jambon]]
[[fa:jambon]]
[[fi:jambon]]
[[fr:jambon]]
[[gl:jambon]]
[[hu:jambon]]
[[id:jambon]]
[[io:jambon]]
[[it:jambon]]
[[ja:jambon]]
[[jv:jambon]]
[[ko:jambon]]
[[ku:jambon]]
[[lo:jambon]]
[[lt:jambon]]
[[mg:jambon]]
[[mk:jambon]]
[[my:jambon]]
[[nl:jambon]]
[[no:jambon]]
[[oc:jambon]]
[[pl:jambon]]
[[ro:jambon]]
[[ru:jambon]]
[[sv:jambon]]
[[tr:jambon]]
[[uz:jambon]]
[[vi:jambon]]</text>
<sha1>g6wsd2zqfdid4mda7o7gxsjzh86osv3</sha1>
</revision>
<revision>
<id>2165067</id>
<parentid>1985890</parentid>
<timestamp>2016-08-31T01:23:08Z</timestamp>
<contributor>
<username>UT-interwiki-Bot</username>
<id>56129</id>
</contributor>
<minor />
<comment>Robô: A adicionar: [[ar:jambon]]</comment>
<model>wikitext</model>
<format>text/x-wiki</format>
<text bytes="598" xml:space="preserve">={{-fr-}}=
==Substantivo==
'''jambon'''
# [[presunto]]

[[Categoria:Substantivo (Francês)]]

[[ar:jambon]]
[[chr:jambon]]
[[cs:jambon]]
[[de:jambon]]
[[el:jambon]]
[[en:jambon]]
[[es:jambon]]
[[et:jambon]]
[[eu:jambon]]
[[fa:jambon]]
[[fi:jambon]]
[[fr:jambon]]
[[gl:jambon]]
[[hu:jambon]]
[[id:jambon]]
[[io:jambon]]
[[it:jambon]]
[[ja:jambon]]
[[jv:jambon]]
[[ko:jambon]]
[[ku:jambon]]
[[lo:jambon]]
[[lt:jambon]]
[[mg:jambon]]
[[mk:jambon]]
[[my:jambon]]
[[nl:jambon]]
[[no:jambon]]
[[oc:jambon]]
[[pl:jambon]]
[[ro:jambon]]
[[ru:jambon]]
[[sv:jambon]]
[[tr:jambon]]
[[uz:jambon]]
[[vi:jambon]]</text>
<sha1>sske9ga8h8yz7qoymcwo8slo6p5ifg8</sha1>
</revision>
<revision>
<id>2226060</id>
<parentid>2165067</parentid>
<timestamp>2017-01-21T06:29:58Z</timestamp>
<contributor>
<username>UT-interwiki-Bot</username>
<id>56129</id>
</contributor>
<minor />
<comment>Robô: A adicionar: [[eo:jambon]]</comment>
<model>wikitext</model>
<format>text/x-wiki</format>
<text bytes="612" xml:space="preserve">={{-fr-}}=
==Substantivo==
'''jambon'''
# [[presunto]]

[[Categoria:Substantivo (Francês)]]

[[ar:jambon]]
[[chr:jambon]]
[[cs:jambon]]
[[de:jambon]]
[[el:jambon]]
[[en:jambon]]
[[eo:jambon]]
[[es:jambon]]
[[et:jambon]]
[[eu:jambon]]
[[fa:jambon]]
[[fi:jambon]]
[[fr:jambon]]
[[gl:jambon]]
[[hu:jambon]]
[[id:jambon]]
[[io:jambon]]
[[it:jambon]]
[[ja:jambon]]
[[jv:jambon]]
[[ko:jambon]]
[[ku:jambon]]
[[lo:jambon]]
[[lt:jambon]]
[[mg:jambon]]
[[mk:jambon]]
[[my:jambon]]
[[nl:jambon]]
[[no:jambon]]
[[oc:jambon]]
[[pl:jambon]]
[[ro:jambon]]
[[ru:jambon]]
[[sv:jambon]]
[[tr:jambon]]
[[uz:jambon]]
[[vi:jambon]]</text>
<sha1>s9tollacvzutl7ew6nbsr0zvrva3jll</sha1>
</revision>
<revision>
<id>2364550</id>
<parentid>2226060</parentid>
<timestamp>2017-05-03T15:37:57Z</timestamp>
<contributor>
<username>HydrizBot</username>
<id>29590</id>
</contributor>
<minor />
<comment>Robô: A limpar links interwikis antigos</comment>
<model>wikitext</model>
<format>text/x-wiki</format>
<text bytes="92" xml:space="preserve">={{-fr-}}=
==Substantivo==
'''jambon'''
# [[presunto]]

[[Categoria:Substantivo (Francês)]]</text>
<sha1>jii7at7wkwd1q0d1uxsgrgjzq2iyxdq</sha1>
</revision>
</page>
