<title>jambolão</title>
<ns>0</ns>
<id>276970</id>
<revision>
<id>1250286</id>
<timestamp>2011-09-23T12:39:16Z</timestamp>
<contributor>
<username>Mariadadaca</username>
<id>26541</id>
</contributor>
<comment>[[Ajuda:Menus e funções/Sumário de edição#Sumário de edição automático|→]] nova página:  1-Jambolão é  uma planta pertencente à família Mirtaceae( Syzygium cumini), produz  frutos do...</comment>
<model>wikitext</model>
<format>text/x-wiki</format>
<text bytes="425" xml:space="preserve"> 1-Jambolão é  uma planta pertencente à família Mirtaceae( Syzygium cumini), produz  frutos do tipo baga (extremamente parecidos com as azeitonas). Sua coloração, inicialmente branca, torna-se vermelha e  preta, quando maduras.2-O Jambolão é conhecido por uma grande variedade de nomes: jalão, kambol, jambú, azeitona-do-nordeste, ameixa roxa, murta, baga de freira, guapê, jambuí, azeitona-da-terra entre outros.</text>
<sha1>siu2vpmunt7blxoqhh6kafo43zzuu8m</sha1>
</revision>
<revision>
<id>1250295</id>
<parentid>1250286</parentid>
<timestamp>2011-09-23T12:47:11Z</timestamp>
<contributor>
<username>Mariadadaca</username>
<id>26541</id>
</contributor>
<model>wikitext</model>
<format>text/x-wiki</format>
<text bytes="426" xml:space="preserve"> 1-Jambolão é  uma planta pertencente à família Mirtaceae( Syzygium cumini), produz  frutos do tipo baga (extremamente parecidos com as azeitonas). Sua coloração, inicialmente branca, torna-se vermelha e  preta, quando maduras.
2-O Jambolão é conhecido por uma grande variedade de nomes: jalão, kambol, jambú, azeitona-do-nordeste, ameixa roxa, murta, baga de freira, guapê, jambuí, azeitona-da-terra entre outros.</text>
<sha1>hqc9fy38nhmub36sq8x36pfa9jte71f</sha1>
</revision>
<revision>
<id>1250878</id>
<parentid>1250295</parentid>
<timestamp>2011-09-25T22:09:57Z</timestamp>
<contributor>
<username>ValJor</username>
<id>1358</id>
</contributor>
<comment>Retirando da [[Especial:Uncategorizedpages|página de verbetes sem categoria]]</comment>
<model>wikitext</model>
<format>text/x-wiki</format>
<text bytes="638" xml:space="preserve">{{wikipedia|jamelão}}

={{-pt-}}=
==Substantivo==
{{flex.pt|ms=jambolão|mp=jambolões}}
{{oxítona|jam|bo|lão}}
# [[planta]] pertencente à família Mirtaceae (''Syzygium cumini''); produz  frutos do tipo baga (extremamente parecidos com as azeitonas)

===Sinônimos===
{{verTambém.Ini}}
* [[ameixa roxa]]
* [[azeitona-da-terra]]
* [[azeitona-do-nordeste]]
* [[baga-de-freira]]
{{verTambém.NovaColuna}}
* [[guapê]]
* [[jalão]]
* [[jambú]]
* [[jambuí]]
{{verTambém.NovaColuna}}
* [[jamelão]]
* [[kambol]]
* [[manjelão]]
* [[murta]]
{{verTambém.Fim}}

[[Categoria:Substantivo (Português)]]
[[Categoria:Botânica (Português)]]</text>
<sha1>iy38n407noumlod89ngdr5jbu0xgjce</sha1>
</revision>
<revision>
<id>1486422</id>
<parentid>1250878</parentid>
<timestamp>2012-10-20T11:45:11Z</timestamp>
<contributor>
<username>VJBot</username>
<id>33673</id>
</contributor>
<minor />
<comment>Robô: Substituição de texto automática  (-{{wikipedia| +{{Wikipédia|)</comment>
<model>wikitext</model>
<format>text/x-wiki</format>
<text bytes="639" xml:space="preserve">{{Wikipédia|jamelão}}

={{-pt-}}=
==Substantivo==
{{flex.pt|ms=jambolão|mp=jambolões}}
{{oxítona|jam|bo|lão}}
# [[planta]] pertencente à família Mirtaceae (''Syzygium cumini''); produz  frutos do tipo baga (extremamente parecidos com as azeitonas)

===Sinônimos===
{{verTambém.Ini}}
* [[ameixa roxa]]
* [[azeitona-da-terra]]
* [[azeitona-do-nordeste]]
* [[baga-de-freira]]
{{verTambém.NovaColuna}}
* [[guapê]]
* [[jalão]]
* [[jambú]]
* [[jambuí]]
{{verTambém.NovaColuna}}
* [[jamelão]]
* [[kambol]]
* [[manjelão]]
* [[murta]]
{{verTambém.Fim}}

[[Categoria:Substantivo (Português)]]
[[Categoria:Botânica (Português)]]</text>
<sha1>p7h6z8y4dpnla55re5kvjk9c2aql2n8</sha1>
</revision>
<revision>
<id>2127954</id>
<parentid>1486422</parentid>
<timestamp>2016-06-07T17:53:01Z</timestamp>
<contributor>
<username>UT-interwiki-Bot</username>
<id>56129</id>
</contributor>
<minor />
<comment>Robô: A adicionar: [[en:jambolão]]</comment>
<model>wikitext</model>
<format>text/x-wiki</format>
<text bytes="657" xml:space="preserve">{{Wikipédia|jamelão}}

={{-pt-}}=
==Substantivo==
{{flex.pt|ms=jambolão|mp=jambolões}}
{{oxítona|jam|bo|lão}}
# [[planta]] pertencente à família Mirtaceae (''Syzygium cumini''); produz  frutos do tipo baga (extremamente parecidos com as azeitonas)

===Sinônimos===
{{verTambém.Ini}}
* [[ameixa roxa]]
* [[azeitona-da-terra]]
* [[azeitona-do-nordeste]]
* [[baga-de-freira]]
{{verTambém.NovaColuna}}
* [[guapê]]
* [[jalão]]
* [[jambú]]
* [[jambuí]]
{{verTambém.NovaColuna}}
* [[jamelão]]
* [[kambol]]
* [[manjelão]]
* [[murta]]
{{verTambém.Fim}}

[[Categoria:Substantivo (Português)]]
[[Categoria:Botânica (Português)]]

[[en:jambolão]]</text>
<sha1>i9f32e3kw2jwdylat7hvejaob2ysu0m</sha1>
</revision>
<revision>
<id>2364549</id>
<parentid>2127954</parentid>
<timestamp>2017-05-03T15:37:49Z</timestamp>
<contributor>
<username>HydrizBot</username>
<id>29590</id>
</contributor>
<minor />
<comment>Robô: A limpar links interwikis antigos</comment>
<model>wikitext</model>
<format>text/x-wiki</format>
<text bytes="639" xml:space="preserve">{{Wikipédia|jamelão}}

={{-pt-}}=
==Substantivo==
{{flex.pt|ms=jambolão|mp=jambolões}}
{{oxítona|jam|bo|lão}}
# [[planta]] pertencente à família Mirtaceae (''Syzygium cumini''); produz  frutos do tipo baga (extremamente parecidos com as azeitonas)

===Sinônimos===
{{verTambém.Ini}}
* [[ameixa roxa]]
* [[azeitona-da-terra]]
* [[azeitona-do-nordeste]]
* [[baga-de-freira]]
{{verTambém.NovaColuna}}
* [[guapê]]
* [[jalão]]
* [[jambú]]
* [[jambuí]]
{{verTambém.NovaColuna}}
* [[jamelão]]
* [[kambol]]
* [[manjelão]]
* [[murta]]
{{verTambém.Fim}}

[[Categoria:Substantivo (Português)]]
[[Categoria:Botânica (Português)]]</text>
<sha1>p7h6z8y4dpnla55re5kvjk9c2aql2n8</sha1>
</revision>
</page>
