<title>jambua</title>
<ns>0</ns>
<id>61730</id>
<revision>
<id>247594</id>
<timestamp>2007-03-25T15:28:54Z</timestamp>
<contributor>
<username>Diabo e Santo</username>
<id>1867</id>
</contributor>
<comment>[[Ajuda:Menus e funções/Sumário de edição#Sumário de edição automático|→]] nova página: =[[Tétum]]= [[Categoria:Tétum]] '''jambua''' # [[toranja]]</comment>
<model>wikitext</model>
<format>text/x-wiki</format>
<text bytes="60" xml:space="preserve">=[[Tétum]]=
[[Categoria:Tétum]]
'''jambua'''
# [[toranja]]</text>
<sha1>51x51v7cxr65fdhuhjtmxxk60imn3jv</sha1>
</revision>
<revision>
<id>317719</id>
<parentid>247594</parentid>
<timestamp>2007-12-21T17:01:22Z</timestamp>
<contributor>
<username>LipeFontoura</username>
<id>1388</id>
</contributor>
<minor />
<model>wikitext</model>
<format>text/x-wiki</format>
<text bytes="122" xml:space="preserve">= {{tet}} =
== Substantivo ==
'''jambua'''
# [[toranja]].

[[Categoria:Substantivo (Tétum)]]
[[Categoria:Fruta (Tétum)]]</text>
<sha1>5uprcx5acdapd0rxsvnrquq39pcroce</sha1>
</revision>
<revision>
<id>1243444</id>
<parentid>317719</parentid>
<timestamp>2011-09-04T19:48:17Z</timestamp>
<contributor>
<username>MalafayaBot</username>
<id>628</id>
</contributor>
<minor />
<comment>Robô: Substituição de texto automática (-\=(\s*?)\{\{tet\}\}(\s*?)\= +={{-tet-}=)</comment>
<model>wikitext</model>
<format>text/x-wiki</format>
<text bytes="121" xml:space="preserve">={{-tet-}=
== Substantivo ==
'''jambua'''
# [[toranja]].

[[Categoria:Substantivo (Tétum)]]
[[Categoria:Fruta (Tétum)]]</text>
<sha1>97ovs4njduvobw76vya63mileq3wahi</sha1>
</revision>
<revision>
<id>1269194</id>
<parentid>1243444</parentid>
<timestamp>2011-10-27T22:40:26Z</timestamp>
<contributor>
<username>MalafayaBot</username>
<id>628</id>
</contributor>
<minor />
<comment>Robô: Substituição de texto automática (-\=(\s*?)\{\{\-tet\-\}(\s*?)\= +={{-tet-}}=)</comment>
<model>wikitext</model>
<format>text/x-wiki</format>
<text bytes="122" xml:space="preserve">={{-tet-}}=
== Substantivo ==
'''jambua'''
# [[toranja]].

[[Categoria:Substantivo (Tétum)]]
[[Categoria:Fruta (Tétum)]]</text>
<sha1>7cae3hj3qveogo9r2ervba0rximf7tg</sha1>
</revision>
</page>
