<title>jamboree</title>
<ns>0</ns>
<id>445047</id>
<revision>
<id>2683123</id>
<timestamp>2022-07-09T17:49:09Z</timestamp>
<contributor>
<username>Itleda</username>
<id>86989</id>
</contributor>
<comment>[[Ajuda:Guia de edição/Menus e ferramentas/Sumário de edição|→]] nova página: ={{-pt-}}= ==Substantivo== '''''jamboree''''' # {{escopo|pt|estrangeirismo}} ver [[jamboré]], [[jamburi]]  =={{etimologia|pt}}== {{llietimo|en|jamboree|pt}}  [[Categoria:Substantivo (Português)]]</comment>
<model>wikitext</model>
<format>text/x-wiki</format>
<text bytes="197" xml:space="preserve">={{-pt-}}=
==Substantivo==
'''''jamboree'''''
# {{escopo|pt|estrangeirismo}} ver [[jamboré]], [[jamburi]]

=={{etimologia|pt}}==
{{llietimo|en|jamboree|pt}}

[[Categoria:Substantivo (Português)]]</text>
<sha1>pvaik2fjgtxzhegozftcqqv42eeouiw</sha1>
</revision>
<revision>
<id>2683124</id>
<parentid>2683123</parentid>
<timestamp>2022-07-09T17:49:24Z</timestamp>
<contributor>
<username>Itleda</username>
<id>86989</id>
</contributor>
<model>wikitext</model>
<format>text/x-wiki</format>
<text bytes="206" xml:space="preserve">={{-pt-}}=
==Substantivo==
'''''jamboree''''', {{g|m}}
# {{escopo|pt|estrangeirismo}} ver [[jamboré]], [[jamburi]]

=={{etimologia|pt}}==
{{llietimo|en|jamboree|pt}}

[[Categoria:Substantivo (Português)]]</text>
<sha1>q7ilhpbxbjywxshbpkvxt4hyu75dr1q</sha1>
</revision>
<revision>
<id>2683127</id>
<parentid>2683124</parentid>
<timestamp>2022-07-09T18:55:20Z</timestamp>
<contributor>
<username>Itleda</username>
<id>86989</id>
</contributor>
<model>wikitext</model>
<format>text/x-wiki</format>
<text bytes="314" xml:space="preserve">={{-pt-}}=
==Substantivo==
'''''jamboree''''', {{g|m}}
# {{escopo|pt|estrangeirismo}} ver [[jamboré]], [[jamburi]]

=={{etimologia|pt}}==
{{llietimo|en|jamboree|pt}}

[[Categoria:Substantivo (Português)]]

={{-en-}}=
==Substantivo==
'''jamboree'''
# [[jamboré]], [[jamburi]]

[[Categoria:Substantivo (Inglês)]]</text>
<sha1>c2ayxckl5kj4o5oz7b5lf08txe79uim</sha1>
</revision>
</page>
