<title>jamba</title>
<ns>0</ns>
<id>345707</id>
<revision>
<id>2010324</id>
<timestamp>2015-10-05T19:37:55Z</timestamp>
<contributor>
<username>Cpls</username>
<id>20608</id>
</contributor>
<comment>[[Ajuda:Guia de edição/Menus e ferramentas/Sumário de edição|→]] nova página: ={{-pt-}}= ==Substantivo== {{flex.pt|fs=jamba|fp=jambas}} {{paroxítona|jam|ba}}, {{f}} # cada uma das estrut...</comment>
<model>wikitext</model>
<format>text/x-wiki</format>
<text bytes="390" xml:space="preserve">={{-pt-}}=
==Substantivo==
{{flex.pt|fs=jamba|fp=jambas}}
{{paroxítona|jam|ba}}, {{f}}
# cada uma das estruturas laterais que conformam uma [[porta]] ou [[janela]]
# {{escopo|Trás-os-Montes}} [[empenho]]

=={{etimologia|pt}}==
: Aparentado com o [[francês]] {{etimo|fr|jambe}}. Confronte-se com [[jambelo]].

[[Categoria:Substantivo (Português)]]
[[Categoria:Regionalismo (Português)]]</text>
<sha1>chehimk5g0cijgtqhmdr9zgqi7bq8m1</sha1>
</revision>
<revision>
<id>2018334</id>
<parentid>2010324</parentid>
<timestamp>2015-10-18T09:09:52Z</timestamp>
<contributor>
<username>YS-Bot</username>
<id>32241</id>
</contributor>
<minor />
<comment>r2.7.3) (Robô: A adicionar: ca, en, es, fi, fr, jv, ko, mg, ru, sh, zh</comment>
<model>wikitext</model>
<format>text/x-wiki</format>
<text bytes="534" xml:space="preserve">={{-pt-}}=
==Substantivo==
{{flex.pt|fs=jamba|fp=jambas}}
{{paroxítona|jam|ba}}, {{f}}
# cada uma das estruturas laterais que conformam uma [[porta]] ou [[janela]]
# {{escopo|Trás-os-Montes}} [[empenho]]

=={{etimologia|pt}}==
: Aparentado com o [[francês]] {{etimo|fr|jambe}}. Confronte-se com [[jambelo]].

[[Categoria:Substantivo (Português)]]
[[Categoria:Regionalismo (Português)]]

[[ca:jamba]]
[[en:jamba]]
[[es:jamba]]
[[fi:jamba]]
[[fr:jamba]]
[[jv:jamba]]
[[ko:jamba]]
[[mg:jamba]]
[[ru:jamba]]
[[sh:jamba]]
[[zh:jamba]]</text>
<sha1>n1e4mkdujgm5zy859hdmzq45ahwojra</sha1>
</revision>
<revision>
<id>2364546</id>
<parentid>2018334</parentid>
<timestamp>2017-05-03T15:37:33Z</timestamp>
<contributor>
<username>HydrizBot</username>
<id>29590</id>
</contributor>
<minor />
<comment>Robô: A limpar links interwikis antigos</comment>
<model>wikitext</model>
<format>text/x-wiki</format>
<text bytes="390" xml:space="preserve">={{-pt-}}=
==Substantivo==
{{flex.pt|fs=jamba|fp=jambas}}
{{paroxítona|jam|ba}}, {{f}}
# cada uma das estruturas laterais que conformam uma [[porta]] ou [[janela]]
# {{escopo|Trás-os-Montes}} [[empenho]]

=={{etimologia|pt}}==
: Aparentado com o [[francês]] {{etimo|fr|jambe}}. Confronte-se com [[jambelo]].

[[Categoria:Substantivo (Português)]]
[[Categoria:Regionalismo (Português)]]</text>
<sha1>chehimk5g0cijgtqhmdr9zgqi7bq8m1</sha1>
</revision>
<revision>
<id>2461525</id>
<parentid>2364546</parentid>
<timestamp>2017-11-18T14:24:18Z</timestamp>
<contributor>
<username>Cpls</username>
<id>20608</id>
</contributor>
<comment>/* {{-pt-}} */</comment>
<model>wikitext</model>
<format>text/x-wiki</format>
<text bytes="847" xml:space="preserve">={{-pt-}}=
==Substantivo==
{{flex.pt|fs=jamba|fp=jambas}}
{{paroxítona|jam|ba}}, {{g|f}}
# cada uma das estruturas laterais que conformam uma [[porta]] ou [[janela]]
# {{escopo|pt|Trás-os-Montes}} [[empenho]]

=={{etimologia|pt}}==
: Aparentado com o [[francês]] {{etimo|fr|jambe}}. Confronte-se com [[jambelo]].

[[Categoria:Substantivo (Português)]]


={{-gl-}}=
==Substantivo==
{{flex.gl|fs=jamba|fp=jambas}}
{{paroxítona|jam|ba|lang=gl}}, {{g|f|lang=gl}}
# [[jamba#{{pt}}|jamba]], cada uma das estruturas laterais que conformam uma porta ou janela
# {{escopo|gl|canteiros}} [[perna]]

==={{-varort-}}===
* De '''2''': [[gamba#{{gl}}|gamba]]

===Sinónimos===
* De '''1''': [[nembro#{{gl}}|nembro]]

=={{etimologia|gl}}==
: Aparentado com o [[francês]] {{etimo|fr|jambe}}. Confronte-se com [[jambelo]].

[[Categoria:Substantivo (Galego)]]</text>
<sha1>pfcw8xjebaaf3l2tvhq5dwz1wjx76g5</sha1>
</revision>
<revision>
<id>2461527</id>
<parentid>2461525</parentid>
<timestamp>2017-11-18T14:25:08Z</timestamp>
<contributor>
<username>Cpls</username>
<id>20608</id>
</contributor>
<comment>/* {{-varort-}} */</comment>
<model>wikitext</model>
<format>text/x-wiki</format>
<text bytes="873" xml:space="preserve">={{-pt-}}=
==Substantivo==
{{flex.pt|fs=jamba|fp=jambas}}
{{paroxítona|jam|ba}}, {{g|f}}
# cada uma das estruturas laterais que conformam uma [[porta]] ou [[janela]]
# {{escopo|pt|Trás-os-Montes}} [[empenho]]

=={{etimologia|pt}}==
: Aparentado com o [[francês]] {{etimo|fr|jambe}}. Confronte-se com [[jambelo]].

[[Categoria:Substantivo (Português)]]


={{-gl-}}=
==Substantivo==
{{flex.gl|fs=jamba|fp=jambas}}
{{paroxítona|jam|ba|lang=gl}}, {{g|f|lang=gl}}
# [[jamba#{{pt}}|jamba]], cada uma das estruturas laterais que conformam uma porta ou janela
# {{escopo|gl|canteiros}} [[perna]]

==={{-varort-}}===
* De '''2''': [[gamba#{{gl}}|gamba]], [[jambra#{{gl}}|jambra]]

===Sinónimos===
* De '''1''': [[nembro#{{gl}}|nembro]]

=={{etimologia|gl}}==
: Aparentado com o [[francês]] {{etimo|fr|jambe}}. Confronte-se com [[jambelo]].

[[Categoria:Substantivo (Galego)]]</text>
<sha1>iyi83kzr8bya1d2mnpt45gvdhp10acc</sha1>
</revision>
</page>
