<title>jame</title>
<ns>0</ns>
<id>86644</id>
<revision>
<id>336139</id>
<timestamp>2008-03-02T09:38:47Z</timestamp>
<contributor>
<ip>189.10.153.187</ip>
</contributor>
<comment>[[Ajuda:Menus e funções/Sumário de edição#Sumário de edição automático|→]] nova página: ={{-lt-}}= =={{pron}}== '''ja.me''' ''[[pessoal]]'' # [[forma]] [[não-]][[pronominal]] do [[prono...</comment>
<model>wikitext</model>
<format>text/x-wiki</format>
<text bytes="331" xml:space="preserve">={{-lt-}}=
=={{pron}}==
'''ja.me''' ''[[pessoal]]''
# [[forma]] [[não-]][[pronominal]] do [[pronome pessoal]] do [[caso]] [[locativo]] da [[terceiro|terceira]] [[pessoa]] do [[masculino]] [[singular]].

===Declinação===
{{decl.lt.pron.3a}}

[[Categoria:Pronome Pessoal (Lituano)]]
[[Categoria:Dissílabo (Lituano)]]

[[lt:jame]]</text>
<sha1>42yw8xzpxwp6xjwi07bq5pap5era6mz</sha1>
</revision>
<revision>
<id>410213</id>
<parentid>336139</parentid>
<timestamp>2009-01-22T18:56:39Z</timestamp>
<contributor>
<username>SpaceBirdyBot</username>
<id>973</id>
</contributor>
<minor />
<comment>Bot:  Adicionando: [[de:jame]]</comment>
<model>wikitext</model>
<format>text/x-wiki</format>
<text bytes="343" xml:space="preserve">={{-lt-}}=
=={{pron}}==
'''ja.me''' ''[[pessoal]]''
# [[forma]] [[não-]][[pronominal]] do [[pronome pessoal]] do [[caso]] [[locativo]] da [[terceiro|terceira]] [[pessoa]] do [[masculino]] [[singular]].

===Declinação===
{{decl.lt.pron.3a}}

[[Categoria:Pronome Pessoal (Lituano)]]
[[Categoria:Dissílabo (Lituano)]]

[[de:jame]]
[[lt:jame]]</text>
<sha1>j95req0f1bq30z66ccjqnbuo85af9xp</sha1>
</revision>
<revision>
<id>431938</id>
<parentid>410213</parentid>
<timestamp>2009-03-10T02:50:34Z</timestamp>
<contributor>
<username>Interwicket</username>
<id>6868</id>
</contributor>
<minor />
<comment>iwiki +[[:en:jame]]</comment>
<model>wikitext</model>
<format>text/x-wiki</format>
<text bytes="355" xml:space="preserve">={{-lt-}}=
=={{pron}}==
'''ja.me''' ''[[pessoal]]''
# [[forma]] [[não-]][[pronominal]] do [[pronome pessoal]] do [[caso]] [[locativo]] da [[terceiro|terceira]] [[pessoa]] do [[masculino]] [[singular]].

===Declinação===
{{decl.lt.pron.3a}}

[[Categoria:Pronome Pessoal (Lituano)]]
[[Categoria:Dissílabo (Lituano)]]

[[de:jame]]
[[en:jame]]
[[lt:jame]]</text>
<sha1>24nnztax3zdq0u1aet06ktmkhib3f5v</sha1>
</revision>
<revision>
<id>565118</id>
<parentid>431938</parentid>
<timestamp>2009-10-13T18:56:34Z</timestamp>
<contributor>
<username>MalafayaBot</username>
<id>628</id>
</contributor>
<minor />
<comment>Bot: Mudança automática (-[[Categoria:Pronome Pessoal +[[Categoria:Pronome pessoal, -|Pronome Pessoal +|Pronome pessoal)</comment>
<model>wikitext</model>
<format>text/x-wiki</format>
<text bytes="355" xml:space="preserve">={{-lt-}}=
=={{pron}}==
'''ja.me''' ''[[pessoal]]''
# [[forma]] [[não-]][[pronominal]] do [[pronome pessoal]] do [[caso]] [[locativo]] da [[terceiro|terceira]] [[pessoa]] do [[masculino]] [[singular]].

===Declinação===
{{decl.lt.pron.3a}}

[[Categoria:Pronome pessoal (Lituano)]]
[[Categoria:Dissílabo (Lituano)]]

[[de:jame]]
[[en:jame]]
[[lt:jame]]</text>
<sha1>ijann629uxacj2oqssb7qyxl6dnn023</sha1>
</revision>
<revision>
<id>793659</id>
<parentid>565118</parentid>
<timestamp>2010-02-17T18:10:56Z</timestamp>
<contributor>
<username>Jesielt-bot</username>
<id>10876</id>
</contributor>
<comment>/* {{pron}} */replaced: {{pron}} → Pronome utilizando [[Project:AWB|AWB]]</comment>
<model>wikitext</model>
<format>text/x-wiki</format>
<text bytes="354" xml:space="preserve">={{-lt-}}=
==Pronome==
'''ja.me''' ''[[pessoal]]''
# [[forma]] [[não-]][[pronominal]] do [[pronome pessoal]] do [[caso]] [[locativo]] da [[terceiro|terceira]] [[pessoa]] do [[masculino]] [[singular]].

===Declinação===
{{decl.lt.pron.3a}}

[[Categoria:Pronome pessoal (Lituano)]]
[[Categoria:Dissílabo (Lituano)]]

[[de:jame]]
[[en:jame]]
[[lt:jame]]</text>
<sha1>fhbr5h40ed5rv0fx85lmn32jpif6ude</sha1>
</revision>
<revision>
<id>883619</id>
<parentid>793659</parentid>
<timestamp>2010-05-20T11:00:12Z</timestamp>
<contributor>
<username>Interwicket</username>
<id>6868</id>
</contributor>
<minor />
<comment>iwiki +[[:fr:jame]]</comment>
<model>wikitext</model>
<format>text/x-wiki</format>
<text bytes="366" xml:space="preserve">={{-lt-}}=
==Pronome==
'''ja.me''' ''[[pessoal]]''
# [[forma]] [[não-]][[pronominal]] do [[pronome pessoal]] do [[caso]] [[locativo]] da [[terceiro|terceira]] [[pessoa]] do [[masculino]] [[singular]].

===Declinação===
{{decl.lt.pron.3a}}

[[Categoria:Pronome pessoal (Lituano)]]
[[Categoria:Dissílabo (Lituano)]]

[[de:jame]]
[[en:jame]]
[[fr:jame]]
[[lt:jame]]</text>
<sha1>5qqk2icw6kn8k84xewqgybqz4horncs</sha1>
</revision>
<revision>
<id>1775565</id>
<parentid>883619</parentid>
<timestamp>2013-11-26T22:13:17Z</timestamp>
<contributor>
<username>MalafayaBot</username>
<id>628</id>
</contributor>
<minor />
<comment>r2.7.5) (Robô: A adicionar: [[es:jame]]</comment>
<model>wikitext</model>
<format>text/x-wiki</format>
<text bytes="378" xml:space="preserve">={{-lt-}}=
==Pronome==
'''ja.me''' ''[[pessoal]]''
# [[forma]] [[não-]][[pronominal]] do [[pronome pessoal]] do [[caso]] [[locativo]] da [[terceiro|terceira]] [[pessoa]] do [[masculino]] [[singular]].

===Declinação===
{{decl.lt.pron.3a}}

[[Categoria:Pronome pessoal (Lituano)]]
[[Categoria:Dissílabo (Lituano)]]

[[de:jame]]
[[en:jame]]
[[es:jame]]
[[fr:jame]]
[[lt:jame]]</text>
<sha1>8kia39jiahsxdinlqup8j6iwh1cp4nr</sha1>
</revision>
<revision>
<id>1956150</id>
<parentid>1775565</parentid>
<timestamp>2015-07-04T08:53:13Z</timestamp>
<contributor>
<username>HydrizBot</username>
<id>29590</id>
</contributor>
<minor />
<comment>Robô: A adicionar: [[sh:jame]]</comment>
<model>wikitext</model>
<format>text/x-wiki</format>
<text bytes="390" xml:space="preserve">={{-lt-}}=
==Pronome==
'''ja.me''' ''[[pessoal]]''
# [[forma]] [[não-]][[pronominal]] do [[pronome pessoal]] do [[caso]] [[locativo]] da [[terceiro|terceira]] [[pessoa]] do [[masculino]] [[singular]].

===Declinação===
{{decl.lt.pron.3a}}

[[Categoria:Pronome pessoal (Lituano)]]
[[Categoria:Dissílabo (Lituano)]]

[[de:jame]]
[[en:jame]]
[[es:jame]]
[[fr:jame]]
[[lt:jame]]
[[sh:jame]]</text>
<sha1>pxybwi6upkmlcnhud7p1ws2xfvatkh1</sha1>
</revision>
<revision>
<id>2364553</id>
<parentid>1956150</parentid>
<timestamp>2017-05-03T15:38:04Z</timestamp>
<contributor>
<username>HydrizBot</username>
<id>29590</id>
</contributor>
<minor />
<comment>Robô: A limpar links interwikis antigos</comment>
<model>wikitext</model>
<format>text/x-wiki</format>
<text bytes="317" xml:space="preserve">={{-lt-}}=
==Pronome==
'''ja.me''' ''[[pessoal]]''
# [[forma]] [[não-]][[pronominal]] do [[pronome pessoal]] do [[caso]] [[locativo]] da [[terceiro|terceira]] [[pessoa]] do [[masculino]] [[singular]].

===Declinação===
{{decl.lt.pron.3a}}

[[Categoria:Pronome pessoal (Lituano)]]
[[Categoria:Dissílabo (Lituano)]]</text>
<sha1>h4gi6l9n8gyqpgo2fpjff5te7np009k</sha1>
</revision>
</page>
