<title>jamelão</title>
<ns>0</ns>
<id>278784</id>
<revision>
<id>1272016</id>
<timestamp>2011-11-03T08:51:20Z</timestamp>
<contributor>
<username>ValJor</username>
<id>1358</id>
</contributor>
<comment>Eliminando um verbete da [[Wikcionário:Listas de verbetes com problemas|lista de &quot;pseudo-não-órfãos&quot;]]</comment>
<model>wikitext</model>
<format>text/x-wiki</format>
<text bytes="623" xml:space="preserve">{{wikipedia}}

={{-pt-}}=
==Substantivo==
{{flex.pt|ms=jamelão|mp=jamelões}}
{{oxítona|ja|me|lão}}
# [[planta]] pertencente à família Mirtaceae (''Syzygium cumini''); produz frutos do tipo baga (extremamente parecidos com as azeitonas)

===Sinônimos===
{{verTambém.Ini}}
* [[ameixa roxa]]
* [[azeitona-da-terra]]
* [[azeitona-do-nordeste]]
* [[baga-de-freira]]
{{verTambém.NovaColuna}}
* [[guapê]]
* [[jalão]]
* [[jambolão]]
* [[jambú]]
{{verTambém.NovaColuna}}
* [[jambuí]]
* [[kambol]]
* [[manjelão]]
* [[murta]]
{{verTambém.Fim}}

[[Categoria:Substantivo (Português)]]
[[Categoria:Planta (Português)]]</text>
<sha1>9ea5hiw4dcq1zke3wo36me70p46tz7g</sha1>
</revision>
<revision>
<id>1492323</id>
<parentid>1272016</parentid>
<timestamp>2012-10-22T11:27:57Z</timestamp>
<contributor>
<username>VJBot</username>
<id>33673</id>
</contributor>
<minor />
<comment>Robô: Substituição de texto automática  (-{{wikipedia}} +{{Wikipédia}})</comment>
<model>wikitext</model>
<format>text/x-wiki</format>
<text bytes="624" xml:space="preserve">{{Wikipédia}}

={{-pt-}}=
==Substantivo==
{{flex.pt|ms=jamelão|mp=jamelões}}
{{oxítona|ja|me|lão}}
# [[planta]] pertencente à família Mirtaceae (''Syzygium cumini''); produz frutos do tipo baga (extremamente parecidos com as azeitonas)

===Sinônimos===
{{verTambém.Ini}}
* [[ameixa roxa]]
* [[azeitona-da-terra]]
* [[azeitona-do-nordeste]]
* [[baga-de-freira]]
{{verTambém.NovaColuna}}
* [[guapê]]
* [[jalão]]
* [[jambolão]]
* [[jambú]]
{{verTambém.NovaColuna}}
* [[jambuí]]
* [[kambol]]
* [[manjelão]]
* [[murta]]
{{verTambém.Fim}}

[[Categoria:Substantivo (Português)]]
[[Categoria:Planta (Português)]]</text>
<sha1>cqnadyltrsjgsxhnr98lwhjvry69kve</sha1>
</revision>
<revision>
<id>1820611</id>
<parentid>1492323</parentid>
<timestamp>2014-04-23T10:16:36Z</timestamp>
<contributor>
<ip>155.56.68.217</ip>
</contributor>
<model>wikitext</model>
<format>text/x-wiki</format>
<text bytes="670" xml:space="preserve">{{Wikipédia}}

={{-pt-}}=
==Substantivo==
{{flex.pt|ms=jamelão|mp=jamelões}}
{{oxítona|ja|me|lão}}
# [[planta]] pertencente à família Mirtaceae (''Syzygium cumini''); produz frutos do tipo baga (extremamente parecidos com as azeitonas)
# [[intérprete]] e [[sambista]] [[carioca]]

===Sinônimos===
{{verTambém.Ini}}
* [[ameixa roxa]]
* [[azeitona-da-terra]]
* [[azeitona-do-nordeste]]
* [[baga-de-freira]]
{{verTambém.NovaColuna}}
* [[guapê]]
* [[jalão]]
* [[jambolão]]
* [[jambú]]
{{verTambém.NovaColuna}}
* [[jambuí]]
* [[kambol]]
* [[manjelão]]
* [[murta]]
{{verTambém.Fim}}

[[Categoria:Substantivo (Português)]]
[[Categoria:Planta (Português)]]</text>
<sha1>j9992f2kfpazpqhu2uo0cnr0ytl9g0n</sha1>
</revision>
<revision>
<id>1820953</id>
<parentid>1820611</parentid>
<timestamp>2014-04-26T20:44:12Z</timestamp>
<contributor>
<username>ValJor</username>
<id>1358</id>
</contributor>
<minor />
<comment>Revertidas edições por [[Especial:Contribuições/155.56.68.217|155.56.68.217]] para a última versão por [[Especial:Contribuições/VJBot|VJBot]]</comment>
<model>wikitext</model>
<format>text/x-wiki</format>
<text bytes="624" xml:space="preserve">{{Wikipédia}}

={{-pt-}}=
==Substantivo==
{{flex.pt|ms=jamelão|mp=jamelões}}
{{oxítona|ja|me|lão}}
# [[planta]] pertencente à família Mirtaceae (''Syzygium cumini''); produz frutos do tipo baga (extremamente parecidos com as azeitonas)

===Sinônimos===
{{verTambém.Ini}}
* [[ameixa roxa]]
* [[azeitona-da-terra]]
* [[azeitona-do-nordeste]]
* [[baga-de-freira]]
{{verTambém.NovaColuna}}
* [[guapê]]
* [[jalão]]
* [[jambolão]]
* [[jambú]]
{{verTambém.NovaColuna}}
* [[jambuí]]
* [[kambol]]
* [[manjelão]]
* [[murta]]
{{verTambém.Fim}}

[[Categoria:Substantivo (Português)]]
[[Categoria:Planta (Português)]]</text>
<sha1>cqnadyltrsjgsxhnr98lwhjvry69kve</sha1>
</revision>
<revision>
<id>2127953</id>
<parentid>1820953</parentid>
<timestamp>2016-06-07T17:52:51Z</timestamp>
<contributor>
<username>UT-interwiki-Bot</username>
<id>56129</id>
</contributor>
<minor />
<comment>Robô: A adicionar: [[en:jamelão]]</comment>
<model>wikitext</model>
<format>text/x-wiki</format>
<text bytes="641" xml:space="preserve">{{Wikipédia}}

={{-pt-}}=
==Substantivo==
{{flex.pt|ms=jamelão|mp=jamelões}}
{{oxítona|ja|me|lão}}
# [[planta]] pertencente à família Mirtaceae (''Syzygium cumini''); produz frutos do tipo baga (extremamente parecidos com as azeitonas)

===Sinônimos===
{{verTambém.Ini}}
* [[ameixa roxa]]
* [[azeitona-da-terra]]
* [[azeitona-do-nordeste]]
* [[baga-de-freira]]
{{verTambém.NovaColuna}}
* [[guapê]]
* [[jalão]]
* [[jambolão]]
* [[jambú]]
{{verTambém.NovaColuna}}
* [[jambuí]]
* [[kambol]]
* [[manjelão]]
* [[murta]]
{{verTambém.Fim}}

[[Categoria:Substantivo (Português)]]
[[Categoria:Planta (Português)]]

[[en:jamelão]]</text>
<sha1>55gi8uolway79g1qt8q5a4b560tqmtm</sha1>
</revision>
<revision>
<id>2364554</id>
<parentid>2127953</parentid>
<timestamp>2017-05-03T15:38:06Z</timestamp>
<contributor>
<username>HydrizBot</username>
<id>29590</id>
</contributor>
<minor />
<comment>Robô: A limpar links interwikis antigos</comment>
<model>wikitext</model>
<format>text/x-wiki</format>
<text bytes="624" xml:space="preserve">{{Wikipédia}}

={{-pt-}}=
==Substantivo==
{{flex.pt|ms=jamelão|mp=jamelões}}
{{oxítona|ja|me|lão}}
# [[planta]] pertencente à família Mirtaceae (''Syzygium cumini''); produz frutos do tipo baga (extremamente parecidos com as azeitonas)

===Sinônimos===
{{verTambém.Ini}}
* [[ameixa roxa]]
* [[azeitona-da-terra]]
* [[azeitona-do-nordeste]]
* [[baga-de-freira]]
{{verTambém.NovaColuna}}
* [[guapê]]
* [[jalão]]
* [[jambolão]]
* [[jambú]]
{{verTambém.NovaColuna}}
* [[jambuí]]
* [[kambol]]
* [[manjelão]]
* [[murta]]
{{verTambém.Fim}}

[[Categoria:Substantivo (Português)]]
[[Categoria:Planta (Português)]]</text>
<sha1>cqnadyltrsjgsxhnr98lwhjvry69kve</sha1>
</revision>
</page>
