<title>jamoco</title>
<ns>0</ns>
<id>296992</id>
<revision>
<id>1454698</id>
<timestamp>2012-08-29T12:07:19Z</timestamp>
<contributor>
<username>Cpls</username>
<id>20608</id>
</contributor>
<comment>[[Ajuda:Guia de edição/Menus e ferramentas/Sumário de edição|→]] nova página: ={{-gl-}}= ==Substantivo== {{flex.pt|ms=jamoco|mp=jamocos}} {{paroxítona|ja|mo|co}} {{m}} # [[moca#Portuguê...</comment>
<model>wikitext</model>
<format>text/x-wiki</format>
<text bytes="331" xml:space="preserve">={{-gl-}}=
==Substantivo==
{{flex.pt|ms=jamoco|mp=jamocos}}
{{paroxítona|ja|mo|co}} {{m}}
# [[moca#Português|moca]], cacete
# [[pedaço]] grande de [[pão]], [[carne]], [[queijo]]

=={{etimologia|pt}}==
: Aparentado com o latim ''sambucus''.

==Ver também==
===No Wikcionário===
* [[samoco]]

[[Categoria:Substantivo (Galego)]]</text>
<sha1>kl79oqj3tgiazzd3xulx4k6ku2yxztx</sha1>
</revision>
<revision>
<id>1460329</id>
<parentid>1454698</parentid>
<timestamp>2012-09-10T08:33:13Z</timestamp>
<contributor>
<username>Cpls</username>
<id>20608</id>
</contributor>
<model>wikitext</model>
<format>text/x-wiki</format>
<text bytes="436" xml:space="preserve">={{-gl-}}=
==Substantivo==
{{flex.gl|ms=jamoco|mp=jamocos}}
{{paroxítona|lang=gl|ja|mo|co}} {{m}}
# [[moca#Português|moca]], cacete
# [[pedaço]] grande de [[pão]], [[carne]], [[queijo]]

=={{etimologia|gl}}==
: Aparentado com o latim ''sambucus'', ou da mesma raiz que o galego ''[[jamão]]'', o espanhol ''[[jamón]]'',e o francês ''jambon''.

==Ver também==
===No Wikcionário===
* [[samoco]]

[[Categoria:Substantivo (Galego)]]</text>
<sha1>kq8c70p4g8j14yylfrz8xbf98txhvf8</sha1>
</revision>
<revision>
<id>2461507</id>
<parentid>1460329</parentid>
<timestamp>2017-11-18T12:00:16Z</timestamp>
<contributor>
<username>Cpls</username>
<id>20608</id>
</contributor>
<comment>/* {{-gl-}} */</comment>
<model>wikitext</model>
<format>text/x-wiki</format>
<text bytes="515" xml:space="preserve">={{-gl-}}=
==Substantivo==
{{flex.gl|ms=jamoco|mp=jamocos}}
{{paroxítona|lang=gl|ja|mo|co}} {{g|m|lang=gl}}
# [[moca#Português|moca]], cacete
# [[pedaço]] grande de [[pão]], [[carne]], [[queijo]]

==={{etimologia|gl}}===
: Aparentado com o latim ''sambucus'', ou da mesma raiz que o galego ''[[jamão]]'', o espanhol {{etimo|es|jamón}},e o francês {{etimo|fr|jambon}}. Confronte-se com o asturiano {{etimo|ast|xamocu}}.



==Ver também==
===No Wikcionário===
* [[samoco]]

[[Categoria:Substantivo (Galego)]]</text>
<sha1>niw86v36zu27jwzll9w9d9yk6cqt9ad</sha1>
</revision>
</page>
