<title>jamut</title>
<ns>0</ns>
<id>31368</id>
<revision>
<id>103431</id>
<timestamp>2006-03-11T22:03:40Z</timestamp>
<contributor>
<username>Eusbarbosa</username>
<id>117</id>
</contributor>
<model>wikitext</model>
<format>text/x-wiki</format>
<text bytes="76" xml:space="preserve">={{yaq}}=
{{-noun-}}
'''{{PAGENAME}}'''
:# [[mulher]]

{{c|Substantivo|yaq}}</text>
<sha1>m6kaayxpqxwr3eh7baj6khuwltd6rwf</sha1>
</revision>
<revision>
<id>615967</id>
<parentid>103431</parentid>
<timestamp>2009-11-16T16:48:32Z</timestamp>
<contributor>
<username>Jesielt-bot</username>
<id>10876</id>
</contributor>
<comment>clean up, Replaced: :# → #, {{-noun-}} → ==Substantivo==, {{PAGENAME}} → {{subst:PAGENAME}}, utilizando [[Project:AutoWikiBrowser|AWB]]</comment>
<model>wikitext</model>
<format>text/x-wiki</format>
<text bytes="73" xml:space="preserve">={{yaq}}=
==Substantivo==
'''jamut'''
# [[mulher]]

{{c|Substantivo|yaq}}</text>
<sha1>lslhg3c7vg2kdb23d6p4o9dv20502xi</sha1>
</revision>
<revision>
<id>657628</id>
<parentid>615967</parentid>
<timestamp>2009-12-18T18:28:09Z</timestamp>
<contributor>
<username>Jesielt-bot</username>
<id>10876</id>
</contributor>
<comment>/* Substantivo */clean up, Replaced: {{c| → {{subst:c|, utilizando [[Project:AutoWikiBrowser|AWB]]</comment>
<model>wikitext</model>
<format>text/x-wiki</format>
<text bytes="87" xml:space="preserve">={{yaq}}=
==Substantivo==
'''jamut'''
# [[mulher]]

[[Categoria:Substantivo ({{yaq}})]]</text>
<sha1>hnpajb7dvg7i63hzi20h7431pv1h5g8</sha1>
</revision>
<revision>
<id>1384033</id>
<parentid>657628</parentid>
<timestamp>2012-03-04T10:11:08Z</timestamp>
<contributor>
<username>ValJor</username>
<id>1358</id>
</contributor>
<comment>Trocando o cabeçalho de língua: yaq --&gt; -yaq-</comment>
<model>wikitext</model>
<format>text/x-wiki</format>
<text bytes="87" xml:space="preserve">={{-yaq-}}=
==Substantivo==
'''jamut'''
# [[mulher]]

[[Categoria:Substantivo (Yaqui)]]</text>
<sha1>bbvmpk8l5hwfjdhc6aghxhjnokrr4t9</sha1>
</revision>
</page>
