<title>jamur</title>
<ns>0</ns>
<id>109955</id>
<revision>
<id>444737</id>
<timestamp>2009-04-03T00:54:48Z</timestamp>
<contributor>
<username>Eusbarbosa</username>
<id>117</id>
</contributor>
<comment>[[Ajuda:Menus e funções/Sumário de edição#Sumário de edição automático|→]] nova página: ={{-id-}}= ==Substantivo== '''ja.mur'''   :# {{escopo|Alimentação}} [[cogumelos]]    {{vertb}} *…</comment>
<model>wikitext</model>
<format>text/x-wiki</format>
<text bytes="548" xml:space="preserve">={{-id-}}=
==Substantivo==
'''ja.mur'''

:# {{escopo|Alimentação}} [[cogumelos]]



{{vertb}}
* [[asam]]
* [[ara]]
* [[bayam]]
* [[blumkol]]
* [[buah]]
* [[dadar]]
* [[gula]]
* [[ikan]]
* [[jambu]]
* [[jeruk]]
* [[jeruk asam]]
* [[jeruk manis]]
* [[keju]]
* [[kentang]]
* [[kol]]
* [[kubis]]
* [[kroket]]
* [[kurma]]
* [[madu]]
* [[mangga]]
* [[manisan]]
* [[mentega]]
* [[nenas]]
* [[polong]]
* [[sepek]]
* [[susu]]
* [[telur]]
* [[tepung]]
* [[ubi]]
* [[walua]]


[[Categoria:Substantivo (Indonésio)]]
[[Categoria:Alimentação (Indonésio)]]</text>
<sha1>qv24abxnwuq44efxop8zwu777la6wjh</sha1>
</revision>
<revision>
<id>444778</id>
<parentid>444737</parentid>
<timestamp>2009-04-03T02:35:29Z</timestamp>
<contributor>
<username>Interwicket</username>
<id>6868</id>
</contributor>
<minor />
<comment>iwiki +[[:en:jamur]], [[:fr:jamur]], [[:id:jamur]], [[:io:jamur]]</comment>
<model>wikitext</model>
<format>text/x-wiki</format>
<text bytes="601" xml:space="preserve">={{-id-}}=
==Substantivo==
'''ja.mur'''

:# {{escopo|Alimentação}} [[cogumelos]]



{{vertb}}
* [[asam]]
* [[ara]]
* [[bayam]]
* [[blumkol]]
* [[buah]]
* [[dadar]]
* [[gula]]
* [[ikan]]
* [[jambu]]
* [[jeruk]]
* [[jeruk asam]]
* [[jeruk manis]]
* [[keju]]
* [[kentang]]
* [[kol]]
* [[kubis]]
* [[kroket]]
* [[kurma]]
* [[madu]]
* [[mangga]]
* [[manisan]]
* [[mentega]]
* [[nenas]]
* [[polong]]
* [[sepek]]
* [[susu]]
* [[telur]]
* [[tepung]]
* [[ubi]]
* [[walua]]


[[Categoria:Substantivo (Indonésio)]]
[[Categoria:Alimentação (Indonésio)]]

[[en:jamur]]
[[fr:jamur]]
[[id:jamur]]
[[io:jamur]]</text>
<sha1>9f2qb8ihlid5b0yq6knijhs77wg3slw</sha1>
</revision>
<revision>
<id>524522</id>
<parentid>444778</parentid>
<timestamp>2009-08-28T15:04:36Z</timestamp>
<contributor>
<username>Interwicket</username>
<id>6868</id>
</contributor>
<minor />
<comment>iwiki +[[:hu:jamur]]</comment>
<model>wikitext</model>
<format>text/x-wiki</format>
<text bytes="614" xml:space="preserve">={{-id-}}=
==Substantivo==
'''ja.mur'''

:# {{escopo|Alimentação}} [[cogumelos]]



{{vertb}}
* [[asam]]
* [[ara]]
* [[bayam]]
* [[blumkol]]
* [[buah]]
* [[dadar]]
* [[gula]]
* [[ikan]]
* [[jambu]]
* [[jeruk]]
* [[jeruk asam]]
* [[jeruk manis]]
* [[keju]]
* [[kentang]]
* [[kol]]
* [[kubis]]
* [[kroket]]
* [[kurma]]
* [[madu]]
* [[mangga]]
* [[manisan]]
* [[mentega]]
* [[nenas]]
* [[polong]]
* [[sepek]]
* [[susu]]
* [[telur]]
* [[tepung]]
* [[ubi]]
* [[walua]]


[[Categoria:Substantivo (Indonésio)]]
[[Categoria:Alimentação (Indonésio)]]

[[en:jamur]]
[[fr:jamur]]
[[hu:jamur]]
[[id:jamur]]
[[io:jamur]]</text>
<sha1>pl0wae55hb6ylixpwysv9zjawjup8yt</sha1>
</revision>
<revision>
<id>571422</id>
<parentid>524522</parentid>
<timestamp>2009-10-18T12:29:52Z</timestamp>
<contributor>
<username>Interwicket</username>
<id>6868</id>
</contributor>
<minor />
<comment>iwiki +[[:fi:jamur]]</comment>
<model>wikitext</model>
<format>text/x-wiki</format>
<text bytes="627" xml:space="preserve">={{-id-}}=
==Substantivo==
'''ja.mur'''

:# {{escopo|Alimentação}} [[cogumelos]]



{{vertb}}
* [[asam]]
* [[ara]]
* [[bayam]]
* [[blumkol]]
* [[buah]]
* [[dadar]]
* [[gula]]
* [[ikan]]
* [[jambu]]
* [[jeruk]]
* [[jeruk asam]]
* [[jeruk manis]]
* [[keju]]
* [[kentang]]
* [[kol]]
* [[kubis]]
* [[kroket]]
* [[kurma]]
* [[madu]]
* [[mangga]]
* [[manisan]]
* [[mentega]]
* [[nenas]]
* [[polong]]
* [[sepek]]
* [[susu]]
* [[telur]]
* [[tepung]]
* [[ubi]]
* [[walua]]


[[Categoria:Substantivo (Indonésio)]]
[[Categoria:Alimentação (Indonésio)]]

[[en:jamur]]
[[fi:jamur]]
[[fr:jamur]]
[[hu:jamur]]
[[id:jamur]]
[[io:jamur]]</text>
<sha1>ch0oe52qvksi0gzxlynkyfdqxx1458z</sha1>
</revision>
<revision>
<id>1269504</id>
<parentid>571422</parentid>
<timestamp>2011-10-28T13:08:44Z</timestamp>
<contributor>
<username>Luckas-bot</username>
<id>5986</id>
</contributor>
<minor />
<comment>r2.7.1) (Robô: A adicionar: [[pl:jamur]]</comment>
<model>wikitext</model>
<format>text/x-wiki</format>
<text bytes="640" xml:space="preserve">={{-id-}}=
==Substantivo==
'''ja.mur'''

:# {{escopo|Alimentação}} [[cogumelos]]



{{vertb}}
* [[asam]]
* [[ara]]
* [[bayam]]
* [[blumkol]]
* [[buah]]
* [[dadar]]
* [[gula]]
* [[ikan]]
* [[jambu]]
* [[jeruk]]
* [[jeruk asam]]
* [[jeruk manis]]
* [[keju]]
* [[kentang]]
* [[kol]]
* [[kubis]]
* [[kroket]]
* [[kurma]]
* [[madu]]
* [[mangga]]
* [[manisan]]
* [[mentega]]
* [[nenas]]
* [[polong]]
* [[sepek]]
* [[susu]]
* [[telur]]
* [[tepung]]
* [[ubi]]
* [[walua]]


[[Categoria:Substantivo (Indonésio)]]
[[Categoria:Alimentação (Indonésio)]]

[[en:jamur]]
[[fi:jamur]]
[[fr:jamur]]
[[hu:jamur]]
[[id:jamur]]
[[io:jamur]]
[[pl:jamur]]</text>
<sha1>dx97noa4mj8vmula80mn8dfmv2kfq54</sha1>
</revision>
<revision>
<id>1337121</id>
<parentid>1269504</parentid>
<timestamp>2011-12-17T00:01:38Z</timestamp>
<contributor>
<username>Luckas-bot</username>
<id>5986</id>
</contributor>
<minor />
<comment>r2.7.2) (Robô: A adicionar: [[mg:jamur]]</comment>
<model>wikitext</model>
<format>text/x-wiki</format>
<text bytes="653" xml:space="preserve">={{-id-}}=
==Substantivo==
'''ja.mur'''

:# {{escopo|Alimentação}} [[cogumelos]]



{{vertb}}
* [[asam]]
* [[ara]]
* [[bayam]]
* [[blumkol]]
* [[buah]]
* [[dadar]]
* [[gula]]
* [[ikan]]
* [[jambu]]
* [[jeruk]]
* [[jeruk asam]]
* [[jeruk manis]]
* [[keju]]
* [[kentang]]
* [[kol]]
* [[kubis]]
* [[kroket]]
* [[kurma]]
* [[madu]]
* [[mangga]]
* [[manisan]]
* [[mentega]]
* [[nenas]]
* [[polong]]
* [[sepek]]
* [[susu]]
* [[telur]]
* [[tepung]]
* [[ubi]]
* [[walua]]


[[Categoria:Substantivo (Indonésio)]]
[[Categoria:Alimentação (Indonésio)]]

[[en:jamur]]
[[fi:jamur]]
[[fr:jamur]]
[[hu:jamur]]
[[id:jamur]]
[[io:jamur]]
[[mg:jamur]]
[[pl:jamur]]</text>
<sha1>6yp7ncmf2xfpy2ktunzg5zut5a3ln0m</sha1>
</revision>
<revision>
<id>1382726</id>
<parentid>1337121</parentid>
<timestamp>2012-02-28T21:51:13Z</timestamp>
<contributor>
<username>Luckas-bot</username>
<id>5986</id>
</contributor>
<minor />
<comment>r2.7.1) (Robô: A adicionar: [[nl:jamur]]</comment>
<model>wikitext</model>
<format>text/x-wiki</format>
<text bytes="666" xml:space="preserve">={{-id-}}=
==Substantivo==
'''ja.mur'''

:# {{escopo|Alimentação}} [[cogumelos]]



{{vertb}}
* [[asam]]
* [[ara]]
* [[bayam]]
* [[blumkol]]
* [[buah]]
* [[dadar]]
* [[gula]]
* [[ikan]]
* [[jambu]]
* [[jeruk]]
* [[jeruk asam]]
* [[jeruk manis]]
* [[keju]]
* [[kentang]]
* [[kol]]
* [[kubis]]
* [[kroket]]
* [[kurma]]
* [[madu]]
* [[mangga]]
* [[manisan]]
* [[mentega]]
* [[nenas]]
* [[polong]]
* [[sepek]]
* [[susu]]
* [[telur]]
* [[tepung]]
* [[ubi]]
* [[walua]]


[[Categoria:Substantivo (Indonésio)]]
[[Categoria:Alimentação (Indonésio)]]

[[en:jamur]]
[[fi:jamur]]
[[fr:jamur]]
[[hu:jamur]]
[[id:jamur]]
[[io:jamur]]
[[mg:jamur]]
[[nl:jamur]]
[[pl:jamur]]</text>
<sha1>0kb51nwqfvbbgjnlwfy69fna5qu447f</sha1>
</revision>
<revision>
<id>1538144</id>
<parentid>1382726</parentid>
<timestamp>2012-12-02T17:21:41Z</timestamp>
<contributor>
<username>VJBot</username>
<id>33673</id>
</contributor>
<minor />
<comment>Robô: Substituição de texto automática  (-{{vertb}} +Ver também)</comment>
<model>wikitext</model>
<format>text/x-wiki</format>
<text bytes="668" xml:space="preserve">={{-id-}}=
==Substantivo==
'''ja.mur'''

:# {{escopo|Alimentação}} [[cogumelos]]



Ver também
* [[asam]]
* [[ara]]
* [[bayam]]
* [[blumkol]]
* [[buah]]
* [[dadar]]
* [[gula]]
* [[ikan]]
* [[jambu]]
* [[jeruk]]
* [[jeruk asam]]
* [[jeruk manis]]
* [[keju]]
* [[kentang]]
* [[kol]]
* [[kubis]]
* [[kroket]]
* [[kurma]]
* [[madu]]
* [[mangga]]
* [[manisan]]
* [[mentega]]
* [[nenas]]
* [[polong]]
* [[sepek]]
* [[susu]]
* [[telur]]
* [[tepung]]
* [[ubi]]
* [[walua]]


[[Categoria:Substantivo (Indonésio)]]
[[Categoria:Alimentação (Indonésio)]]

[[en:jamur]]
[[fi:jamur]]
[[fr:jamur]]
[[hu:jamur]]
[[id:jamur]]
[[io:jamur]]
[[mg:jamur]]
[[nl:jamur]]
[[pl:jamur]]</text>
<sha1>jnblqhbh2r0ms1na8ydnlo41u41ab3j</sha1>
</revision>
<revision>
<id>1576522</id>
<parentid>1538144</parentid>
<timestamp>2013-01-11T15:50:27Z</timestamp>
<contributor>
<username>WarddrBOT</username>
<id>31860</id>
</contributor>
<minor />
<comment>r2.7.3) (Robô: A adicionar: [[jv:jamur]]</comment>
<model>wikitext</model>
<format>text/x-wiki</format>
<text bytes="681" xml:space="preserve">={{-id-}}=
==Substantivo==
'''ja.mur'''

:# {{escopo|Alimentação}} [[cogumelos]]



Ver também
* [[asam]]
* [[ara]]
* [[bayam]]
* [[blumkol]]
* [[buah]]
* [[dadar]]
* [[gula]]
* [[ikan]]
* [[jambu]]
* [[jeruk]]
* [[jeruk asam]]
* [[jeruk manis]]
* [[keju]]
* [[kentang]]
* [[kol]]
* [[kubis]]
* [[kroket]]
* [[kurma]]
* [[madu]]
* [[mangga]]
* [[manisan]]
* [[mentega]]
* [[nenas]]
* [[polong]]
* [[sepek]]
* [[susu]]
* [[telur]]
* [[tepung]]
* [[ubi]]
* [[walua]]


[[Categoria:Substantivo (Indonésio)]]
[[Categoria:Alimentação (Indonésio)]]

[[en:jamur]]
[[fi:jamur]]
[[fr:jamur]]
[[hu:jamur]]
[[id:jamur]]
[[io:jamur]]
[[jv:jamur]]
[[mg:jamur]]
[[nl:jamur]]
[[pl:jamur]]</text>
<sha1>8vjdqbuom43qonn24fjf8la00ynya93</sha1>
</revision>
<revision>
<id>1775586</id>
<parentid>1576522</parentid>
<timestamp>2013-11-26T22:39:06Z</timestamp>
<contributor>
<username>MalafayaBot</username>
<id>628</id>
</contributor>
<minor />
<comment>r2.7.5) (Robô: A adicionar: [[chr:jamur]]</comment>
<model>wikitext</model>
<format>text/x-wiki</format>
<text bytes="695" xml:space="preserve">={{-id-}}=
==Substantivo==
'''ja.mur'''

:# {{escopo|Alimentação}} [[cogumelos]]



Ver também
* [[asam]]
* [[ara]]
* [[bayam]]
* [[blumkol]]
* [[buah]]
* [[dadar]]
* [[gula]]
* [[ikan]]
* [[jambu]]
* [[jeruk]]
* [[jeruk asam]]
* [[jeruk manis]]
* [[keju]]
* [[kentang]]
* [[kol]]
* [[kubis]]
* [[kroket]]
* [[kurma]]
* [[madu]]
* [[mangga]]
* [[manisan]]
* [[mentega]]
* [[nenas]]
* [[polong]]
* [[sepek]]
* [[susu]]
* [[telur]]
* [[tepung]]
* [[ubi]]
* [[walua]]


[[Categoria:Substantivo (Indonésio)]]
[[Categoria:Alimentação (Indonésio)]]

[[chr:jamur]]
[[en:jamur]]
[[fi:jamur]]
[[fr:jamur]]
[[hu:jamur]]
[[id:jamur]]
[[io:jamur]]
[[jv:jamur]]
[[mg:jamur]]
[[nl:jamur]]
[[pl:jamur]]</text>
<sha1>a2xj209myhjo5wchshknhj22qonf5mv</sha1>
</revision>
<revision>
<id>2364559</id>
<parentid>1775586</parentid>
<timestamp>2017-05-03T15:38:18Z</timestamp>
<contributor>
<username>HydrizBot</username>
<id>29590</id>
</contributor>
<minor />
<comment>Robô: A limpar links interwikis antigos</comment>
<model>wikitext</model>
<format>text/x-wiki</format>
<text bytes="550" xml:space="preserve">={{-id-}}=
==Substantivo==
'''ja.mur'''

:# {{escopo|Alimentação}} [[cogumelos]]



Ver também
* [[asam]]
* [[ara]]
* [[bayam]]
* [[blumkol]]
* [[buah]]
* [[dadar]]
* [[gula]]
* [[ikan]]
* [[jambu]]
* [[jeruk]]
* [[jeruk asam]]
* [[jeruk manis]]
* [[keju]]
* [[kentang]]
* [[kol]]
* [[kubis]]
* [[kroket]]
* [[kurma]]
* [[madu]]
* [[mangga]]
* [[manisan]]
* [[mentega]]
* [[nenas]]
* [[polong]]
* [[sepek]]
* [[susu]]
* [[telur]]
* [[tepung]]
* [[ubi]]
* [[walua]]


[[Categoria:Substantivo (Indonésio)]]
[[Categoria:Alimentação (Indonésio)]]</text>
<sha1>5pvpbtxopw4gw7de7lysqey73enfyrc</sha1>
</revision>
</page>
