<title>janakute</title>
<ns>0</ns>
<id>149540</id>
<revision>
<id>644622</id>
<timestamp>2009-12-10T07:07:47Z</timestamp>
<contributor>
<username>Jesielt</username>
<id>6680</id>
</contributor>
<comment>Novo.</comment>
<model>wikitext</model>
<format>text/x-wiki</format>
<text bytes="137" xml:space="preserve">={{-ja-}}=
==Hiragana==
{{c-ja}}
#[[transliteração]] em [[hiragana]] de '''[[じゃなくて]]'''

[[Categoria:Forma verbal em romaji]]</text>
<sha1>5j0mu6r8d5g53pch5ipwzozlbmx4ybv</sha1>
</revision>
<revision>
<id>1567706</id>
<parentid>644622</parentid>
<timestamp>2012-12-24T19:43:51Z</timestamp>
<contributor>
<username>VJBot</username>
<id>33673</id>
</contributor>
<minor />
<comment>Robô: Substituição de texto automática  (-c-ja +cabeçalho-ja)</comment>
<model>wikitext</model>
<format>text/x-wiki</format>
<text bytes="146" xml:space="preserve">={{-ja-}}=
==Hiragana==
{{cabeçalho-ja}}
#[[transliteração]] em [[hiragana]] de '''[[じゃなくて]]'''

[[Categoria:Forma verbal em romaji]]</text>
<sha1>d4y8yizqiofwytyeqml4a7v43ohv614</sha1>
</revision>
<revision>
<id>2090183</id>
<parentid>1567706</parentid>
<timestamp>2016-04-20T20:36:42Z</timestamp>
<contributor>
<username>Luan</username>
<id>1279</id>
</contributor>
<comment>execução do decidido em [[Wikcionário:Páginas para eliminar#2 de abril de 2016]], replaced: [[Categoria:Forma verbal em romaji]] → [[Categoria:Forma verbal ({{subst:ja}})]] utilizando [[Project:AutoWikiBrowser|AWB]]</comment>
<model>wikitext</model>
<format>text/x-wiki</format>
<text bytes="152" xml:space="preserve">={{-ja-}}=
==Forma verbal==
{{cabeçalho-ja}}
# [[transliteração]] em [[hiragana]] de '''[[じゃなくて]]'''

[[Categoria:Forma verbal (Japonês)]]</text>
<sha1>5vkikie7otjkrtyz22rinsun5hl45hu</sha1>
</revision>
<revision>
<id>2219157</id>
<parentid>2090183</parentid>
<timestamp>2017-01-05T02:06:43Z</timestamp>
<contributor>
<username>Tribuno da Plebe</username>
<id>16095</id>
</contributor>
<model>wikitext</model>
<format>text/x-wiki</format>
<text bytes="117" xml:space="preserve">={{-ja-}}=
==Transliteração==

# transliteração de [[じゃなくて]]

[[Categoria:Transliteração (Japonês)]]</text>
<sha1>mg5pcfle9edvegn5mj3ggbu6bzb8rbj</sha1>
</revision>
</page>
