<title>jana</title>
<ns>0</ns>
<id>380711</id>
<revision>
<id>2431856</id>
<timestamp>2017-07-13T22:03:20Z</timestamp>
<contributor>
<username>Cpls</username>
<id>20608</id>
</contributor>
<comment>[[Ajuda:Guia de edição/Menus e ferramentas/Sumário de edição|→]] nova página: ={{-gl-}}= ==Substantivo== {{flex.gl|fs=jana|fp=janas}} {{paroxítona|ja|na|lang=gl}}, {{g|f|lang=gl}} # ser...</comment>
<model>wikitext</model>
<format>text/x-wiki</format>
<text bytes="389" xml:space="preserve">={{-gl-}}=
==Substantivo==
{{flex.gl|fs=jana|fp=janas}}
{{paroxítona|ja|na|lang=gl}}, {{g|f|lang=gl}}
# ser [[mitológico]] feminino das fontes
# {{escopo|gl|telheiros}} período de uma [[hora]] de tempo

===Sinónimo===
* [[jã#{{gl}}|jã]]

=={{etimologia|gl}}==
: Cognato do asturiano {{etimo|ast|xana}}. Confronte-se com o latim {{etimo|la|Diana}}.

[[Categoria:Substantivo (Galego)]]</text>
<sha1>cjokor39qylb26brg84mmixi8zdcpxt</sha1>
</revision>
<revision>
<id>2431860</id>
<parentid>2431856</parentid>
<timestamp>2017-07-13T22:07:07Z</timestamp>
<contributor>
<username>Cpls</username>
<id>20608</id>
</contributor>
<comment>/* Sinónimo */</comment>
<model>wikitext</model>
<format>text/x-wiki</format>
<text bytes="401" xml:space="preserve">={{-gl-}}=
==Substantivo==
{{flex.gl|fs=jana|fp=janas}}
{{paroxítona|ja|na|lang=gl}}, {{g|f|lang=gl}}
# ser [[mitológico]] feminino das fontes
# {{escopo|gl|telheiros}} período de uma [[hora]] de tempo

===Sinónimo===
* De '''1''': [[jã#{{gl}}|jã]]

=={{etimologia|gl}}==
: Cognato do asturiano {{etimo|ast|xana}}. Confronte-se com o latim {{etimo|la|Diana}}.

[[Categoria:Substantivo (Galego)]]</text>
<sha1>ce1wgwppclg7550d2q1frzf7s2rvncc</sha1>
</revision>
</page>
