<title>janal</title>
<ns>0</ns>
<id>106325</id>
<revision>
<id>415405</id>
<timestamp>2009-02-11T14:24:01Z</timestamp>
<contributor>
<username>Dicionarista</username>
<id>6964</id>
</contributor>
<comment>[[Ajuda:Menus e funções/Sumário de edição#Sumário de edição automático|→]] nova página: =Português=  {{-etimologia-}} : De [[Jano]] + -''[[-al|al]]''; ver etimologia de '''&lt;small&gt;[[janu...</comment>
<model>wikitext</model>
<format>text/x-wiki</format>
<text bytes="361" xml:space="preserve">=Português=

{{-etimologia-}}
: De [[Jano]] + -''[[-al|al]]''; ver etimologia de '''&lt;small&gt;[[janual|JANUAL]]&lt;/small&gt;'''.

{{-adjet-}}
'''ja.nu.&lt;u&gt;al&lt;/u&gt;''' ''2 gêneros''
# relativo a Jano; '''&lt;small&gt;[[janual|JANUAL]]&lt;/small&gt;'''

{{-vtbm-}}
* [[janiforme]]
* [[jânio]]
* [[januário]]

[[Categoria:Trissílabo (Português)]][[Categoria:Oxítona (Português)]]</text>
<sha1>9fjowwopicb52b1ow2zvqba9668ua59</sha1>
</revision>
<revision>
<id>415407</id>
<parentid>415405</parentid>
<timestamp>2009-02-11T14:27:33Z</timestamp>
<contributor>
<username>Dicionarista</username>
<id>6964</id>
</contributor>
<model>wikitext</model>
<format>text/x-wiki</format>
<text bytes="545" xml:space="preserve">=Português=

{{-etimologia-}}
: De [[Jano]] + -''[[-al|al]]''; ver etimologia de '''&lt;small&gt;[[janual|JANUAL]]&lt;/small&gt;'''.

{{-adjet-}}
'''ja.nu.&lt;u&gt;al&lt;/u&gt;''' ''2 gêneros''
# relativo a Jano; '''&lt;small&gt;[[janual|JANUAL]]&lt;/small&gt;'''

{{-vtbm-}}
===No Wikcionário===
* [[janiforme]]
* [[jânio]]
* [[januário]]
===Na WWW===
* '''No Aulete Digital'''
: [http://www.aulete.portaldapalavra.com.br/site.php?mdl=aulete_digital&amp;op=loadVerbete&amp;pesquisa=1&amp;palavra=janal ''janal'']

[[Categoria:Trissílabo (Português)]][[Categoria:Oxítona (Português)]]</text>
<sha1>oq1i1qmfk1g0uqtth9sc6rhbwpnludp</sha1>
</revision>
<revision>
<id>415408</id>
<parentid>415407</parentid>
<timestamp>2009-02-11T14:29:13Z</timestamp>
<contributor>
<username>Dicionarista</username>
<id>6964</id>
</contributor>
<model>wikitext</model>
<format>text/x-wiki</format>
<text bytes="542" xml:space="preserve">=Português=

{{-etimologia-}}
: De [[Jano]] + -''[[-al|al]]''; ver etimologia de '''&lt;small&gt;[[janual|JANUAL]]&lt;/small&gt;'''.

{{-adjet-}}
'''ja.&lt;u&gt;nal&lt;/u&gt;''' ''2 gêneros''
# relativo a Jano; '''&lt;small&gt;[[janual|JANUAL]]&lt;/small&gt;'''

{{-vtbm-}}
===No Wikcionário===
* [[janiforme]]
* [[jânio]]
* [[januário]]
===Na WWW===
* '''No Aulete Digital'''
: [http://www.aulete.portaldapalavra.com.br/site.php?mdl=aulete_digital&amp;op=loadVerbete&amp;pesquisa=1&amp;palavra=janal ''janal'']

[[Categoria:Dissílabo (Português)]][[Categoria:Oxítona (Português)]]</text>
<sha1>b9k2dieohzqaqp8yri4lxd3oxul0ly7</sha1>
</revision>
<revision>
<id>415525</id>
<parentid>415408</parentid>
<timestamp>2009-02-11T20:41:00Z</timestamp>
<contributor>
<username>Dicionarista</username>
<id>6964</id>
</contributor>
<model>wikitext</model>
<format>text/x-wiki</format>
<text bytes="548" xml:space="preserve">=Português=

{{-etimologia-}}
: De [[Jano]] + -''[[-al|al]]''; ver etimologia de '''&lt;small&gt;[[janual|JANUAL]]&lt;/small&gt;'''.

{{-adjet-}}
'''ja.&lt;u&gt;nal&lt;/u&gt;''' ''2 gêneros''
# relativo a Jano; janual

{{-vtbm-}}
===No Wikcionário===
* [[janiforme]]
* [[jânio]]
* [[januário]]
===Na Wikipédia===
* [[w:Jano|Jano]]
===Na WWW===
* '''No Aulete Digital'''
: [http://www.aulete.portaldapalavra.com.br/site.php?mdl=aulete_digital&amp;op=loadVerbete&amp;pesquisa=1&amp;palavra=janal ''janal'']

[[Categoria:Dissílabo (Português)]][[Categoria:Oxítona (Português)]]</text>
<sha1>1a4xrypntp63xbzn7likuul1xbvj6ly</sha1>
</revision>
<revision>
<id>496320</id>
<parentid>415525</parentid>
<timestamp>2009-07-17T00:15:18Z</timestamp>
<contributor>
<username>Dicionarista</username>
<id>6964</id>
</contributor>
<model>wikitext</model>
<format>text/x-wiki</format>
<text bytes="629" xml:space="preserve">=Português=
{{-etimologia-}}
: De ''[[Jano]]'' + ''[[-al]]''. Ver etimologia de '''''[[janual]]'''''.[[Categoria:Vocábulo com etimologia (Português)]]
{{-adjet-}}
'''ja.&lt;u&gt;nal&lt;/u&gt;''' ''2 gêneros''[[Categoria:Dissílabo (Português)]][[Categoria:Oxítona (Português)]]
# [[relativo]] [[ao]] [[deus]] [[Jano]]; [[janual]]
{{-vtbm-}}
===No Wikcionário===
{{verTambém.Ini}}
* [[janicéfalo]]
* [[janícipe]]
* [[janiforme]]
* [[jânio]]
* [[januário]]
{{verTambém.Fim}}
===Na Wikipédia===
{{verTambém.Ini}}
* [[w:Jano|Jano]]
{{verTambém.Fim}}
==={{-ref-}}===
{{verTambém.Ini}}
{{Aulete}}
{{Michaelis}}
{{verTambém.Fim}}</text>
<sha1>oh5wsplgruuwxy0t6kwap3j4aijldgg</sha1>
</revision>
<revision>
<id>586513</id>
<parentid>496320</parentid>
<timestamp>2009-11-04T23:33:07Z</timestamp>
<contributor>
<username>Jesielt-bot</username>
<id>10876</id>
</contributor>
<comment>Substituição, Replaced: {{-vtbm-}} → =={{vertb}}==, utilizando [[Project:AutoWikiBrowser|AWB]]</comment>
<model>wikitext</model>
<format>text/x-wiki</format>
<text bytes="632" xml:space="preserve">=Português=
{{-etimologia-}}
: De ''[[Jano]]'' + ''[[-al]]''. Ver etimologia de '''''[[janual]]'''''.[[Categoria:Vocábulo com etimologia (Português)]]
{{-adjet-}}
'''ja.&lt;u&gt;nal&lt;/u&gt;''' ''2 gêneros''[[Categoria:Dissílabo (Português)]][[Categoria:Oxítona (Português)]]
# [[relativo]] [[ao]] [[deus]] [[Jano]]; [[janual]]
=={{vertb}}==
===No Wikcionário===
{{verTambém.Ini}}
* [[janicéfalo]]
* [[janícipe]]
* [[janiforme]]
* [[jânio]]
* [[januário]]
{{verTambém.Fim}}
===Na Wikipédia===
{{verTambém.Ini}}
* [[w:Jano|Jano]]
{{verTambém.Fim}}
==={{-ref-}}===
{{verTambém.Ini}}
{{Aulete}}
{{Michaelis}}
{{verTambém.Fim}}</text>
<sha1>rtqgiy4x1kk8kru1f2qw3mycywwglrq</sha1>
</revision>
<revision>
<id>613844</id>
<parentid>586513</parentid>
<timestamp>2009-11-14T16:50:26Z</timestamp>
<contributor>
<username>Jesielt-bot</username>
<id>10876</id>
</contributor>
<comment>, Replaced: {{-etimologia-}} → =={{etimologia}}==, utilizando [[Project:AutoWikiBrowser|AWB]]</comment>
<model>wikitext</model>
<format>text/x-wiki</format>
<text bytes="634" xml:space="preserve">=Português=
=={{etimologia}}==
: De ''[[Jano]]'' + ''[[-al]]''. Ver etimologia de '''''[[janual]]'''''.[[Categoria:Vocábulo com etimologia (Português)]]
{{-adjet-}}
'''ja.&lt;u&gt;nal&lt;/u&gt;''' ''2 gêneros''[[Categoria:Dissílabo (Português)]][[Categoria:Oxítona (Português)]]
# [[relativo]] [[ao]] [[deus]] [[Jano]]; [[janual]]
=={{vertb}}==
===No Wikcionário===
{{verTambém.Ini}}
* [[janicéfalo]]
* [[janícipe]]
* [[janiforme]]
* [[jânio]]
* [[januário]]
{{verTambém.Fim}}
===Na Wikipédia===
{{verTambém.Ini}}
* [[w:Jano|Jano]]
{{verTambém.Fim}}
==={{-ref-}}===
{{verTambém.Ini}}
{{Aulete}}
{{Michaelis}}
{{verTambém.Fim}}</text>
<sha1>l99cc431pptf72ali382vnlbgcj0u0u</sha1>
</revision>
<revision>
<id>729023</id>
<parentid>613844</parentid>
<timestamp>2010-01-29T02:16:46Z</timestamp>
<contributor>
<username>Jesielt-bot</username>
<id>10876</id>
</contributor>
<comment>/* {{etimologia}} */ utilizando [[Project:AWB|AWB]]</comment>
<model>wikitext</model>
<format>text/x-wiki</format>
<text bytes="631" xml:space="preserve">=Português=
=={{etimologia}}==
: De ''[[Jano]]'' + ''[[-al]]''. Ver etimologia de '''''[[janual]]'''''.[[Categoria:Vocábulo com etimologia (Português)]]
Adjetivo
'''ja.&lt;u&gt;nal&lt;/u&gt;''' ''2 gêneros''[[Categoria:Dissílabo (Português)]][[Categoria:Oxítona (Português)]]
# [[relativo]] [[ao]] [[deus]] [[Jano]]; [[janual]]
=={{vertb}}==
===No Wikcionário===
{{verTambém.Ini}}
* [[janicéfalo]]
* [[janícipe]]
* [[janiforme]]
* [[jânio]]
* [[januário]]
{{verTambém.Fim}}
===Na Wikipédia===
{{verTambém.Ini}}
* [[w:Jano|Jano]]
{{verTambém.Fim}}
==={{-ref-}}===
{{verTambém.Ini}}
{{Aulete}}
{{Michaelis}}
{{verTambém.Fim}}</text>
<sha1>pzwg93gwdtoffrgeq0tvbwcy9r5yi57</sha1>
</revision>
<revision>
<id>886927</id>
<parentid>729023</parentid>
<timestamp>2010-05-26T02:28:35Z</timestamp>
<contributor>
<username>Interwicket</username>
<id>6868</id>
</contributor>
<minor />
<comment>iwiki +[[:en:janal]]</comment>
<model>wikitext</model>
<format>text/x-wiki</format>
<text bytes="645" xml:space="preserve">=Português=
=={{etimologia}}==
: De ''[[Jano]]'' + ''[[-al]]''. Ver etimologia de '''''[[janual]]'''''.[[Categoria:Vocábulo com etimologia (Português)]]
Adjetivo
'''ja.&lt;u&gt;nal&lt;/u&gt;''' ''2 gêneros''[[Categoria:Dissílabo (Português)]][[Categoria:Oxítona (Português)]]
# [[relativo]] [[ao]] [[deus]] [[Jano]]; [[janual]]
=={{vertb}}==
===No Wikcionário===
{{verTambém.Ini}}
* [[janicéfalo]]
* [[janícipe]]
* [[janiforme]]
* [[jânio]]
* [[januário]]
{{verTambém.Fim}}
===Na Wikipédia===
{{verTambém.Ini}}
* [[w:Jano|Jano]]
{{verTambém.Fim}}
==={{-ref-}}===
{{verTambém.Ini}}
{{Aulete}}
{{Michaelis}}
{{verTambém.Fim}}

[[en:janal]]</text>
<sha1>qq59z5wk8wlrhzp9waqou4os2vgikkd</sha1>
</revision>
<revision>
<id>897676</id>
<parentid>886927</parentid>
<timestamp>2010-06-09T17:50:58Z</timestamp>
<contributor>
<username>Interwicket</username>
<id>6868</id>
</contributor>
<minor />
<comment>iwiki -en</comment>
<model>wikitext</model>
<format>text/x-wiki</format>
<text bytes="631" xml:space="preserve">=Português=
=={{etimologia}}==
: De ''[[Jano]]'' + ''[[-al]]''. Ver etimologia de '''''[[janual]]'''''.[[Categoria:Vocábulo com etimologia (Português)]]
Adjetivo
'''ja.&lt;u&gt;nal&lt;/u&gt;''' ''2 gêneros''[[Categoria:Dissílabo (Português)]][[Categoria:Oxítona (Português)]]
# [[relativo]] [[ao]] [[deus]] [[Jano]]; [[janual]]
=={{vertb}}==
===No Wikcionário===
{{verTambém.Ini}}
* [[janicéfalo]]
* [[janícipe]]
* [[janiforme]]
* [[jânio]]
* [[januário]]
{{verTambém.Fim}}
===Na Wikipédia===
{{verTambém.Ini}}
* [[w:Jano|Jano]]
{{verTambém.Fim}}
==={{-ref-}}===
{{verTambém.Ini}}
{{Aulete}}
{{Michaelis}}
{{verTambém.Fim}}</text>
<sha1>pzwg93gwdtoffrgeq0tvbwcy9r5yi57</sha1>
</revision>
<revision>
<id>1202116</id>
<parentid>897676</parentid>
<timestamp>2011-07-09T15:31:09Z</timestamp>
<contributor>
<username>MalafayaBot</username>
<id>628</id>
</contributor>
<minor />
<comment>Robô: Substituição de texto automática (-^\=\s?Português\s?\= +={{-pt-}}= &amp; -^\=\s?\{\{pt\}\}\s?\= +={{-pt-}}=)</comment>
<model>wikitext</model>
<format>text/x-wiki</format>
<text bytes="629" xml:space="preserve">={{-pt-}}=
=={{etimologia}}==
: De ''[[Jano]]'' + ''[[-al]]''. Ver etimologia de '''''[[janual]]'''''.[[Categoria:Vocábulo com etimologia (Português)]]
Adjetivo
'''ja.&lt;u&gt;nal&lt;/u&gt;''' ''2 gêneros''[[Categoria:Dissílabo (Português)]][[Categoria:Oxítona (Português)]]
# [[relativo]] [[ao]] [[deus]] [[Jano]]; [[janual]]
=={{vertb}}==
===No Wikcionário===
{{verTambém.Ini}}
* [[janicéfalo]]
* [[janícipe]]
* [[janiforme]]
* [[jânio]]
* [[januário]]
{{verTambém.Fim}}
===Na Wikipédia===
{{verTambém.Ini}}
* [[w:Jano|Jano]]
{{verTambém.Fim}}
==={{-ref-}}===
{{verTambém.Ini}}
{{Aulete}}
{{Michaelis}}
{{verTambém.Fim}}</text>
<sha1>4n8bn10lz8l3c9roc5hmq69mjo3dp71</sha1>
</revision>
<revision>
<id>1406384</id>
<parentid>1202116</parentid>
<timestamp>2012-05-04T18:27:15Z</timestamp>
<contributor>
<username>Dicionarista</username>
<id>6964</id>
</contributor>
<model>wikitext</model>
<format>text/x-wiki</format>
<text bytes="1006" xml:space="preserve">={{-pt-}}=
==Adjetivo==
'''ja.&lt;u&gt;nal&lt;/u&gt;''' ''2 gêneros''
# {{escopo|Mitologia}} [[relativo]] [[ao]] [[deus]] [[Jano]]; [[janual]]
=={{etimologia}}==
# do [[latim]] {{etimo|la|janalis}}; ou
# de ''[[Jano]]'' + ''[[-al]]''
#: ver também etimologia de ''[[janual]]''
==Ver também==
===Referências===
{{verTambém.Ini}}
* [http://www.dicionario-aberto.net/search/janal Dicionário Aberto (Cândido de Figueiredo)]
* [http://aulete.uol.com.br/site.php?mdl=aulete_digital&amp;op=loadVerbete&amp;pesquisa=1&amp;palavra=janal iDicionário Aulete]
* [http://www.portaldalinguaportuguesa.org/index.php?action=lemma&amp;lemma=152043 Portal da Língua Portuguesa (MorDebe)]
{{verTambém.Fim}}
===No Wikcionário===
{{verTambém.Ini}}
* [[janicéfalo]]
* [[janícipe]]
* [[janiforme]]
* [[jânio]]
* [[januário]]
{{verTambém.Fim}}

[[Categoria:Adjetivo (Português)]][[Categoria:Dissílabo (Português)]][[Categoria:Oxítona (Português)]][[Categoria:Mitologia (Português)]][[Categoria:Vocábulo de étimo latino (Português)]]</text>
<sha1>toioa1ail409wa5o6j8pk9j0tap764n</sha1>
</revision>
<revision>
<id>1409995</id>
<parentid>1406384</parentid>
<timestamp>2012-05-11T14:55:06Z</timestamp>
<contributor>
<username>Dicionarista</username>
<id>6964</id>
</contributor>
<model>wikitext</model>
<format>text/x-wiki</format>
<text bytes="1255" xml:space="preserve">={{-pt-}}=
==Adjetivo==
'''ja.&lt;u&gt;nal&lt;/u&gt;''' {{2g}}
# {{escopo|Mitologia}} [[relativo]] [[ao]] [[deus]] [[Jano]]; [[janual]]
=={{etimologia}}==
# do [[latim]] {{etimo|la|janalis}}; ou
# de ''[[Jano]]'' + ''[[-al]]''
#: ver também etimologia de ''[[janual]]''
==Ver também==
===Referências===
{{verTambém.Ini}}
* [http://www.dicionario-aberto.net/search/janal Dicionário Aberto (Cândido de Figueiredo)]
* [http://aulete.uol.com.br/site.php?mdl=aulete_digital&amp;op=loadVerbete&amp;pesquisa=1&amp;palavra=janal iDicionário Aulete]
* [http://michaelis.uol.com.br/moderno/portugues/index.php?lingua=portugues-portugues&amp;palavra=janal Michaelis Moderno Dicionário da Língua Portuguesa]
* [http://www.portaldalinguaportuguesa.org/index.php?action=lemma&amp;lemma=152043 Portal da Língua Portuguesa (MorDebe)]
{{verTambém.Fim}}
===No Wikcionário===
{{verTambém.Ini}}
* [[janicéfalo]]
{{verTambém.NovaColuna}}
* [[janícipe]]
{{verTambém.NovaColuna}}
* [[janiforme]]
{{verTambém.NovaColuna}}
* [[jânio]]
{{verTambém.NovaColuna}}
* [[januário]]
{{verTambém.Fim}}

[[Categoria:Adjetivo (Português)]][[Categoria:Dissílabo (Português)]][[Categoria:Oxítona (Português)]][[Categoria:Mitologia (Português)]][[Categoria:Vocábulo de étimo latino (Português)]]</text>
<sha1>awuv6pyvf4hnvv8m9zyaz36k26nxkx6</sha1>
</revision>
<revision>
<id>1418231</id>
<parentid>1409995</parentid>
<timestamp>2012-06-06T17:23:08Z</timestamp>
<contributor>
<username>Dicionarista</username>
<id>6964</id>
</contributor>
<model>wikitext</model>
<format>text/x-wiki</format>
<text bytes="1407" xml:space="preserve">={{-pt-}}=
==Adjetivo==
{{sing-pl|janal|janais}}{{oxítona|ja|nal}} {{2g}}
# {{escopoCatLang|Mitologia|pt}} [[relativo]] [[ao]] [[deus]] [[Jano]]; [[janual]]
==Etimologia==
# [[do]] [[latim]] {{etimo|la|Jānālis}}, {{etimo|la|Jānāle}} (&quot;[[de]] [[Jano]]&quot;)
#: [[ver]] [[também]] [[etimologia]] [[de]] ''[[janual]]''
==Ver também==
===Referências===
{{verTambém.Ini}}
* [http://www.dicionario-aberto.net/search/janal Dicionário Aberto (Cândido de Figueiredo)]
* Dicionário Escolar Latino-Português. 3a. edição. [[w:Rio de Janeiro (cidade)|Rio de Janeiro]]: Campanha Nacional de Material de Ensino, [[w:1962|1962]].
* [http://aulete.uol.com.br/site.php?mdl=aulete_digital&amp;op=loadVerbete&amp;pesquisa=1&amp;palavra=janal iDicionário Aulete]
* [http://michaelis.uol.com.br/moderno/portugues/index.php?lingua=portugues-portugues&amp;palavra=janal Michaelis Moderno Dicionário da Língua Portuguesa]
* [http://www.portaldalinguaportuguesa.org/index.php?action=lemma&amp;lemma=152043 Portal da Língua Portuguesa (MorDebe)]
{{verTambém.Fim}}
===No Wikcionário===
{{verTambém.Ini}}
* [[janicéfalo]]
{{verTambém.NovaColuna}}
* [[janícipe]]
{{verTambém.NovaColuna}}
* [[janiforme]]
{{verTambém.NovaColuna}}
* [[jânio]]
{{verTambém.NovaColuna}}
* [[januário]]
{{verTambém.NovaColuna}}
* [[quirinal]]
{{verTambém.Fim}}

[[Categoria:Adjetivo (Português)]]
[[Categoria:Vocábulo de étimo latino (Português)]]</text>
<sha1>sb83cxfhqp4de0p7w57ds43f3b1glcg</sha1>
</revision>
<revision>
<id>1418233</id>
<parentid>1418231</parentid>
<timestamp>2012-06-06T17:26:57Z</timestamp>
<contributor>
<username>Dicionarista</username>
<id>6964</id>
</contributor>
<model>wikitext</model>
<format>text/x-wiki</format>
<text bytes="1407" xml:space="preserve">={{-pt-}}=
==Adjetivo==
{{sing-pl|janal|janais}}{{oxítona|ja|nal}} {{2g}}
# {{escopoCatLang|Mitologia|pt}} [[relativo]] [[ao]] [[deus]] [[Jano]]; [[janual]]
==Etimologia==
: [[do]] [[latim]] {{etimo|la|Jānālis}}, {{etimo|la|Jānāle}} (&quot;[[de]] [[Jano]]&quot;)
:: [[ver]] [[também]] [[etimologia]] [[de]] ''[[janual]]''
==Ver também==
===Referências===
{{verTambém.Ini}}
* [http://www.dicionario-aberto.net/search/janal Dicionário Aberto (Cândido de Figueiredo)]
* Dicionário Escolar Latino-Português. 3a. edição. [[w:Rio de Janeiro (cidade)|Rio de Janeiro]]: Campanha Nacional de Material de Ensino, [[w:1962|1962]].
* [http://aulete.uol.com.br/site.php?mdl=aulete_digital&amp;op=loadVerbete&amp;pesquisa=1&amp;palavra=janal iDicionário Aulete]
* [http://michaelis.uol.com.br/moderno/portugues/index.php?lingua=portugues-portugues&amp;palavra=janal Michaelis Moderno Dicionário da Língua Portuguesa]
* [http://www.portaldalinguaportuguesa.org/index.php?action=lemma&amp;lemma=152043 Portal da Língua Portuguesa (MorDebe)]
{{verTambém.Fim}}
===No Wikcionário===
{{verTambém.Ini}}
* [[janicéfalo]]
{{verTambém.NovaColuna}}
* [[janícipe]]
{{verTambém.NovaColuna}}
* [[janiforme]]
{{verTambém.NovaColuna}}
* [[jânio]]
{{verTambém.NovaColuna}}
* [[januário]]
{{verTambém.NovaColuna}}
* [[quirinal]]
{{verTambém.Fim}}

[[Categoria:Adjetivo (Português)]]
[[Categoria:Vocábulo de étimo latino (Português)]]</text>
<sha1>2fsjjh75e7ehlazjk0hqw84uhwyrzr5</sha1>
</revision>
<revision>
<id>1419038</id>
<parentid>1418233</parentid>
<timestamp>2012-06-09T22:47:42Z</timestamp>
<contributor>
<username>Dicionarista</username>
<id>6964</id>
</contributor>
<comment>/* Ver também */</comment>
<model>wikitext</model>
<format>text/x-wiki</format>
<text bytes="1538" xml:space="preserve">={{-pt-}}=
==Adjetivo==
{{sing-pl|janal|janais}}{{oxítona|ja|nal}} {{2g}}
# {{escopoCatLang|Mitologia|pt}} [[relativo]] [[ao]] [[deus]] [[Jano]]; [[janual]]
==Etimologia==
: [[do]] [[latim]] {{etimo|la|Jānālis}}, {{etimo|la|Jānāle}} (&quot;[[de]] [[Jano]]&quot;)
:: [[ver]] [[também]] [[etimologia]] [[de]] ''[[janual]]''
==Ver também==
===Referências===
{{verTambém.Ini}}
* [http://www.dicionario-aberto.net/search/janal Dicionário Aberto (Cândido de Figueiredo)]
* Dicionário Escolar Latino-Português. 3a. edição. [[w:Rio de Janeiro (cidade)|Rio de Janeiro]]: Campanha Nacional de Material de Ensino, [[w:1962|1962]].
* [http://aulete.uol.com.br/site.php?mdl=aulete_digital&amp;op=loadVerbete&amp;pesquisa=1&amp;palavra=janal iDicionário Aulete]
* [http://michaelis.uol.com.br/moderno/portugues/index.php?lingua=portugues-portugues&amp;palavra=janal Michaelis Moderno Dicionário da Língua Portuguesa]
* [http://www.portaldalinguaportuguesa.org/index.php?action=lemma&amp;lemma=152043 Portal da Língua Portuguesa (MorDebe)]
{{verTambém.Fim}}
===No Wikcionário===
{{verTambém.Ini}}
* [[janicéfalo]]
{{verTambém.NovaColuna}}
* [[janícipe]]
{{verTambém.NovaColuna}}
* [[janiforme]]
{{verTambém.NovaColuna}}
* [[jânio]]
{{verTambém.NovaColuna}}
* [[januário]]
{{verTambém.NovaColuna}}
* [[quirinal]]
{{verTambém.Fim}}
===Ligações externas===
{{verTambém.Ini}}
* [http://www.forvo.com/word/janal/#pt Forvo: pronúncia de janal]
{{verTambém.Fim}}

[[Categoria:Adjetivo (Português)]]
[[Categoria:Vocábulo de étimo latino (Português)]]</text>
<sha1>0z9aheksclyz97leji5wirenssk3y05</sha1>
</revision>
<revision>
<id>1560953</id>
<parentid>1419038</parentid>
<timestamp>2012-12-17T01:32:05Z</timestamp>
<contributor>
<username>Dicionarista</username>
<id>6964</id>
</contributor>
<model>wikitext</model>
<format>text/x-wiki</format>
<text bytes="968" xml:space="preserve">={{-pt-}}=
==Adjetivo==
{{oxítona|ja|nal}} {{2g}} ({{p}} '''{{link opcional|janais}}''')
# {{escopoCatLang|Mitologia|pt}} relativo ao [[deus]] [[Jano]]; [[janual]]
===Etimologia===
do [[latim]] {{etimo|la|Jānālis}}, {{etimo|la|Jānāle}} (&quot;[[de]] [[Jano]]&quot;)
{{ver também|frase=Ver também etimologia de|janual}}
===Referências===
* {{DicioAberto|data = 4 de maio de 2012}}
* Dicionário Escolar Latino-Português. 3a. edição. [[w:Rio de Janeiro (cidade)|Rio de Janeiro]]: Campanha Nacional de Material de Ensino, [[w:1962|1962]].
* {{Aulete|data =11 de fevereiro de 2009}}
* {{Michaelis|data = 16 de julho de 2009}}
* {{PLP|data = 4 de maio de 2012}}
==Ver também==
===No Wikcionário===
* [[janicéfalo]], [[janícipe]], [[janiforme]], [[jânio]], [[januário]], [[quirinal]]
===Ligações externas===
* [http://www.forvo.com/word/janal/#pt Forvo: pronúncia de janal]

[[Categoria:Adjetivo (Português)]]
[[Categoria:Vocábulo de étimo latino (Português)]]</text>
<sha1>1h1r25zy6f1qn5p65m55liq4ecihp5m</sha1>
</revision>
<revision>
<id>1602215</id>
<parentid>1560953</parentid>
<timestamp>2013-01-19T17:11:21Z</timestamp>
<contributor>
<username>MalafayaBot</username>
<id>628</id>
</contributor>
<minor />
<comment>Robô: A modificar Categoria:Vocábulo de étimo latino (Português) para Categoria:Entrada de étimo latino (Português)</comment>
<model>wikitext</model>
<format>text/x-wiki</format>
<text bytes="966" xml:space="preserve">={{-pt-}}=
==Adjetivo==
{{oxítona|ja|nal}} {{2g}} ({{p}} '''{{link opcional|janais}}''')
# {{escopoCatLang|Mitologia|pt}} relativo ao [[deus]] [[Jano]]; [[janual]]
===Etimologia===
do [[latim]] {{etimo|la|Jānālis}}, {{etimo|la|Jānāle}} (&quot;[[de]] [[Jano]]&quot;)
{{ver também|frase=Ver também etimologia de|janual}}
===Referências===
* {{DicioAberto|data = 4 de maio de 2012}}
* Dicionário Escolar Latino-Português. 3a. edição. [[w:Rio de Janeiro (cidade)|Rio de Janeiro]]: Campanha Nacional de Material de Ensino, [[w:1962|1962]].
* {{Aulete|data =11 de fevereiro de 2009}}
* {{Michaelis|data = 16 de julho de 2009}}
* {{PLP|data = 4 de maio de 2012}}
==Ver também==
===No Wikcionário===
* [[janicéfalo]], [[janícipe]], [[janiforme]], [[jânio]], [[januário]], [[quirinal]]
===Ligações externas===
* [http://www.forvo.com/word/janal/#pt Forvo: pronúncia de janal]

[[Categoria:Adjetivo (Português)]]
[[Categoria:Entrada de étimo latino (Português)]]</text>
<sha1>9vz3t61omvf62voxck0ck6z5vvwcv4b</sha1>
</revision>
<revision>
<id>1775585</id>
<parentid>1602215</parentid>
<timestamp>2013-11-26T22:39:00Z</timestamp>
<contributor>
<username>MalafayaBot</username>
<id>628</id>
</contributor>
<minor />
<comment>r2.7.5) (Robô: A adicionar: [[en:janal]]</comment>
<model>wikitext</model>
<format>text/x-wiki</format>
<text bytes="980" xml:space="preserve">={{-pt-}}=
==Adjetivo==
{{oxítona|ja|nal}} {{2g}} ({{p}} '''{{link opcional|janais}}''')
# {{escopoCatLang|Mitologia|pt}} relativo ao [[deus]] [[Jano]]; [[janual]]
===Etimologia===
do [[latim]] {{etimo|la|Jānālis}}, {{etimo|la|Jānāle}} (&quot;[[de]] [[Jano]]&quot;)
{{ver também|frase=Ver também etimologia de|janual}}
===Referências===
* {{DicioAberto|data = 4 de maio de 2012}}
* Dicionário Escolar Latino-Português. 3a. edição. [[w:Rio de Janeiro (cidade)|Rio de Janeiro]]: Campanha Nacional de Material de Ensino, [[w:1962|1962]].
* {{Aulete|data =11 de fevereiro de 2009}}
* {{Michaelis|data = 16 de julho de 2009}}
* {{PLP|data = 4 de maio de 2012}}
==Ver também==
===No Wikcionário===
* [[janicéfalo]], [[janícipe]], [[janiforme]], [[jânio]], [[januário]], [[quirinal]]
===Ligações externas===
* [http://www.forvo.com/word/janal/#pt Forvo: pronúncia de janal]

[[Categoria:Adjetivo (Português)]]
[[Categoria:Entrada de étimo latino (Português)]]

[[en:janal]]</text>
<sha1>3vw979cgi1exhwz0lbbi3pgb5ex2wlp</sha1>
</revision>
<revision>
<id>2169461</id>
<parentid>1775585</parentid>
<timestamp>2016-09-08T23:37:27Z</timestamp>
<contributor>
<username>Luan</username>
<id>1279</id>
</contributor>
<comment>substituição da [[Predefinição:2g]] por [[predefinição:gramática]] utilizando [[Project:AutoWikiBrowser|AWB]]</comment>
<model>wikitext</model>
<format>text/x-wiki</format>
<text bytes="915" xml:space="preserve">={{-pt-}}=
==Adjetivo==
{{flex.pt|s=janal|p=janais}}
{{oxítona|ja|nal}} {{gramática|2g}}
# {{escopo|pt|Mitologia}} relativo ao [[deus]] [[Jano]]; [[janual]]
=={{etimologia|pt}}==
{{llietimo|la|Jānālis|pt|ponto=não}}, {{etimo|la|Jānāle}} (&quot;[[de]] [[Jano]]&quot;)
:Ver também etimologia de ''[[janual]]''.
==Referências==
* {{DicioAberto|data = 4 de maio de 2012}}
* Dicionário Escolar Latino-Português. 3a. edição. [[w:Rio de Janeiro (cidade)|Rio de Janeiro]]: Campanha Nacional de Material de Ensino, [[w:1962|1962]].
* {{Aulete|data =11 de fevereiro de 2009}}
* {{Michaelis|data = 16 de julho de 2009}}
* {{PLP|data = 4 de maio de 2012}}
==Ver também==
===No Wikcionário===
* [[janicéfalo]], [[janícipe]], [[janiforme]], [[jânio]], [[januário]], [[quirinal]]
==Ligações externas==
* [http://www.forvo.com/word/janal/#pt Forvo: pronúncia de janal]

[[Categoria:Adjetivo (Português)]]

[[en:janal]]</text>
<sha1>2cpges923pyxjbygr0r2pr03frcdjkj</sha1>
</revision>
<revision>
<id>2364564</id>
<parentid>2169461</parentid>
<timestamp>2017-05-03T15:38:34Z</timestamp>
<contributor>
<username>HydrizBot</username>
<id>29590</id>
</contributor>
<minor />
<comment>Robô: A limpar links interwikis antigos</comment>
<model>wikitext</model>
<format>text/x-wiki</format>
<text bytes="901" xml:space="preserve">={{-pt-}}=
==Adjetivo==
{{flex.pt|s=janal|p=janais}}
{{oxítona|ja|nal}} {{gramática|2g}}
# {{escopo|pt|Mitologia}} relativo ao [[deus]] [[Jano]]; [[janual]]
=={{etimologia|pt}}==
{{llietimo|la|Jānālis|pt|ponto=não}}, {{etimo|la|Jānāle}} (&quot;[[de]] [[Jano]]&quot;)
:Ver também etimologia de ''[[janual]]''.
==Referências==
* {{DicioAberto|data = 4 de maio de 2012}}
* Dicionário Escolar Latino-Português. 3a. edição. [[w:Rio de Janeiro (cidade)|Rio de Janeiro]]: Campanha Nacional de Material de Ensino, [[w:1962|1962]].
* {{Aulete|data =11 de fevereiro de 2009}}
* {{Michaelis|data = 16 de julho de 2009}}
* {{PLP|data = 4 de maio de 2012}}
==Ver também==
===No Wikcionário===
* [[janicéfalo]], [[janícipe]], [[janiforme]], [[jânio]], [[januário]], [[quirinal]]
==Ligações externas==
* [http://www.forvo.com/word/janal/#pt Forvo: pronúncia de janal]

[[Categoria:Adjetivo (Português)]]</text>
<sha1>4l3g9ktyzon4wj1v3uqsexnhgqr7f44</sha1>
</revision>
</page>
