<title>jandirense</title>
<ns>0</ns>
<id>393506</id>
<revision>
<id>2488104</id>
<timestamp>2018-03-07T12:08:49Z</timestamp>
<contributor>
<username>MIL973</username>
<id>41339</id>
</contributor>
<comment>[[Ajuda:Guia de edição/Menus e ferramentas/Sumário de edição|→]] nova página: ={{-pt-}}= ==Adjetivo== {{flex.pt|s=jandirense|p=jandirenses}} {{paroxítona|jan|di|ren|se}}, {{gramática|c2...</comment>
<model>wikitext</model>
<format>text/x-wiki</format>
<text bytes="527" xml:space="preserve">={{-pt-}}=
==Adjetivo==
{{flex.pt|s=jandirense|p=jandirenses}}
{{paroxítona|jan|di|ren|se}}, {{gramática|c2g}}
# {{escopo|pt|Gentílico}} de [[Jandira]], cidade paulista

==Substantivo==
{{flex.pt|s=jandirense|p=jandirenses}}
{{paroxítona|jan|di|ren|se}}, {{gramática|c2g}}
# {{escopo|pt|Gentílico}} natural de Jandira ou seu habitante

=={{etimologia|pt}}==
: {{escopo|Morfologia}} [[Altamira]] + [[-ense]].

==Ligações externas==
* {{Aulete}}

[[Categoria:Adjetivo (Português)]]
[[Categoria:Substantivo (Português)]]</text>
<sha1>d3xdj1dml1he39goo4kgwntl3enzvhj</sha1>
</revision>
<revision>
<id>2488105</id>
<parentid>2488104</parentid>
<timestamp>2018-03-07T12:09:29Z</timestamp>
<contributor>
<username>MIL973</username>
<id>41339</id>
</contributor>
<model>wikitext</model>
<format>text/x-wiki</format>
<text bytes="526" xml:space="preserve">={{-pt-}}=
==Adjetivo==
{{flex.pt|s=jandirense|p=jandirenses}}
{{paroxítona|jan|di|ren|se}}, {{gramática|c2g}}
# {{escopo|pt|Gentílico}} de [[Jandira]], cidade paulista

==Substantivo==
{{flex.pt|s=jandirense|p=jandirenses}}
{{paroxítona|jan|di|ren|se}}, {{gramática|c2g}}
# {{escopo|pt|Gentílico}} natural de Jandira ou seu habitante

=={{etimologia|pt}}==
: {{escopo|Morfologia}} [[Jandira]] + [[-ense]].

==Ligações externas==
* {{Aulete}}

[[Categoria:Adjetivo (Português)]]
[[Categoria:Substantivo (Português)]]</text>
<sha1>9l7qlhrnci20p3z38pktwzzrqepjzgp</sha1>
</revision>
<revision>
<id>2491794</id>
<parentid>2488105</parentid>
<timestamp>2018-03-29T02:59:30Z</timestamp>
<contributor>
<username>MIL973</username>
<id>41339</id>
</contributor>
<model>wikitext</model>
<format>text/x-wiki</format>
<text bytes="529" xml:space="preserve">={{-pt-}}=
==Adjetivo==
{{flex.pt|s=jandirense|p=jandirenses}}
{{paroxítona|jan|di|ren|se}}, {{gramática|c2g}}
# {{escopo|pt|Gentílico}} de [[Jandira]], cidade paulista

==Substantivo==
{{flex.pt|s=jandirense|p=jandirenses}}
{{paroxítona|jan|di|ren|se}}, {{gramática|c2g}}
# {{escopo|pt|Gentílico}} natural de Jandira ou seu habitante

=={{etimologia|pt}}==
: {{escopo|Morfologia}} De [[Jandira]] + [[-ense]].

==Ligações externas==
* {{Aulete}}

[[Categoria:Adjetivo (Português)]]
[[Categoria:Substantivo (Português)]]</text>
<sha1>aojixvozdgeppfxpripap65dlct7p5g</sha1>
</revision>
</page>
