<title>janeiru</title>
<ns>0</ns>
<id>5186</id>
<revision>
<id>23972</id>
<timestamp>2005-05-06T11:46:57Z</timestamp>
<contributor>
<username>Jtlopes</username>
<id>279</id>
</contributor>
<model>wikitext</model>
<format>text/x-wiki</format>
<text bytes="2017" xml:space="preserve">==Tétum==
==Substantivo==
'''Janeiru'''

#[[Janeiro]]

====Tradução====
* [[Africâner]]: [[Januarie]]
* [[Albanês]]: [[Janar]]
* [[Alemão]]: [[Januar]] [[:de:Januar|(de)]], [[Jänner]] (''Alemanha''), [[Hartung]] [[:de:Hartung|(de)]] (''Áustria'')
* [[Anglo-Saxão]]: [[Ianiuarius]]
* [[Aragonês]]: [[Chinero]]
* [[Asturiano]]: [[Xineru]]
* [[Basco]]: [[Urtarril]]
* [[Bretão]]: [[Genver]]
* [[Búlgaro]]: [[януари]]
* [[Catalão]]: [[Gener]] [[:ca:Gener|(ca)]]
* [[Chinês]]: [[一月]]
* [[Coreano]]: [[일월]] [[:ko:일월|(ko)]]
* [[Croata]]: [[Siječani]]
* [[Dinamarquês]]: [[Januar]]
* [[Eslovaco]]: [[Január]]
* [[Espanhol]]: [[Enero]] [[:es:enero|(es)]]
* [[Esperanto]]: [[Januaro]]
* [[Estoniano]]: [[Jaanuar]] [[:et:Jaanuar|(et)]]
* [[Finlandês]]: [[Tammikuu]]
* [[Francês]]: [[Janvier]] [[:fr:janvier|(fr)]]
* [[Frisão]]: [[Jannewaris]], [[Foarmoanne]]
* [[Galego]]: [[Xaneiro]] [[:gl:Xaneiro|(gl)]]
* {{ka}}: [[იანვარი]] (ianvari)
* [[Grego]]: [[Ιανουάριος]]
* [[Guaraní]]: [[Jasyteî]]
* [[Hebraico]]: [[ינואר]]
* [[Holandês]]: [[Januari]] [[:nl:januari|(nl)]]
* [[Indonésio]]: [[Januari]]
* [[Inglês]]: [[January]] [[:en:January|(en)]]
* [[Interlíngua]]: [[Januario]]
* [[Irlandês]]: [[Eanair]]
* [[Islandês]]: [[Janúar]]
* [[Italiano]]: [[Gennaio]] [[:it:gennaio|(it)]]
* [[Japonês]]: [[一月]] (いちがつ, Ichigatsu) [[:ja:一月|(ja)]]
* [[Latim]]: [[Januarius|Jānŭārĭus]], i
* [[Lituano]]: [[Sausis]]
* ''[[Middle English]]'': [[Januarie]]
* [[Napolitano]]: [[Jennaro]] [[:it:jennaro|(it)]]
* [[Norueguês]]: [[Januar]]
* [[Occitano]]: [[Wenièr]]
* [[Polonês]]: [[Styczeń]]
* [[Romeno]]: [[Ianuarie]]
* [[Russo]]: [[январь]]
* [[Sérvio]]: [[Januar]]
* [[Sueco]]: [[Januari]] [[:sv:januari|(sv)]]
* [[Tagalo]]: [[Enero]]
* [[Tai]]: [[Mokah Ra Komb]]
* [[Tailandês]]: [[มกราคม]]
* [[Checo/Tcheco]]: [[Leden]]
* [[Turco]]: [[Ocak]]
* [[Vietnamita]]: [[Tháng Giêng]]


{{*|Tétum}}
[[Categoria:Substantivo]]</text>
<sha1>pasp60oeypu5ypzsuvr5t39567ddjzy</sha1>
</revision>
<revision>
<id>43370</id>
<parentid>23972</parentid>
<timestamp>2005-10-05T23:55:38Z</timestamp>
<contributor>
<username>E-roxo</username>
<id>27</id>
</contributor>
<model>wikitext</model>
<format>text/x-wiki</format>
<text bytes="2056" xml:space="preserve">==Tétum==
==Substantivo==
'''Janeiru'''

#[[Janeiro]]

====Tradução====
{{tradini}}
* [[Africâner]]: [[Januarie]]
* [[Albanês]]: [[Janar]]
* [[Alemão]]: [[Januar]] [[:de:Januar|(de)]], [[Jänner]] (''Alemanha''), [[Hartung]] [[:de:Hartung|(de)]] (''Áustria'')
* [[Anglo-Saxão]]: [[Ianiuarius]]
* [[Aragonês]]: [[Chinero]]
* [[Asturiano]]: [[Xineru]]
* [[Basco]]: [[Urtarril]]
* [[Bretão]]: [[Genver]]
* [[Búlgaro]]: [[януари]]
* [[Catalão]]: [[Gener]] [[:ca:Gener|(ca)]]
* [[Chinês]]: [[一月]]
* [[Coreano]]: [[일월]] [[:ko:일월|(ko)]]
* [[Croata]]: [[Siječani]]
* [[Dinamarquês]]: [[Januar]]
* [[Eslovaco]]: [[Január]]
* [[Espanhol]]: [[Enero]] [[:es:enero|(es)]]
* [[Esperanto]]: [[Januaro]]
* [[Estoniano]]: [[Jaanuar]] [[:et:Jaanuar|(et)]]
* [[Finlandês]]: [[Tammikuu]]
* [[Francês]]: [[Janvier]] [[:fr:janvier|(fr)]]
* [[Frisão]]: [[Jannewaris]], [[Foarmoanne]]
* [[Galego]]: [[Xaneiro]] [[:gl:Xaneiro|(gl)]]
* {{ka}}: [[იანვარი]] (ianvari)
{{tradmeio}}
* [[Grego]]: [[Ιανουάριος]]
* [[Guaraní]]: [[Jasyteî]]
* [[Hebraico]]: [[ינואר]]
* [[Holandês]]: [[Januari]] [[:nl:januari|(nl)]]
* [[Indonésio]]: [[Januari]]
* [[Inglês]]: [[January]] [[:en:January|(en)]]
* [[Interlíngua]]: [[Januario]]
* [[Irlandês]]: [[Eanair]]
* [[Islandês]]: [[Janúar]]
* [[Italiano]]: [[Gennaio]] [[:it:gennaio|(it)]]
* [[Japonês]]: [[一月]] (いちがつ, Ichigatsu) [[:ja:一月|(ja)]]
* [[Latim]]: [[Januarius|Jānŭārĭus]], i
* [[Lituano]]: [[Sausis]]
* ''[[Middle English]]'': [[Januarie]]
* [[Napolitano]]: [[Jennaro]] [[:it:jennaro|(it)]]
* [[Norueguês]]: [[Januar]]
* [[Occitano]]: [[Wenièr]]
* [[Polonês]]: [[Styczeń]]
* [[Romeno]]: [[Ianuarie]]
* [[Russo]]: [[январь]]
* [[Sérvio]]: [[Januar]]
* [[Sueco]]: [[Januari]] [[:sv:januari|(sv)]]
* [[Tagalo]]: [[Enero]]
* [[Tai]]: [[Mokah Ra Komb]]
* [[Tailandês]]: [[มกราคม]]
* [[Checo/Tcheco]]: [[Leden]]
* [[Turco]]: [[Ocak]]
* [[Vietnamita]]: [[Tháng Giêng]]
{{tradfim}}

{{*|}}
[[Categoria:Substantivo_(Tétum)]]</text>
<sha1>5039q16i4nfonu12lfc43or12zfx6y8</sha1>
</revision>
<revision>
<id>43371</id>
<parentid>43370</parentid>
<timestamp>2005-10-05T23:55:49Z</timestamp>
<contributor>
<username>E-roxo</username>
<id>27</id>
</contributor>
<minor />
<model>wikitext</model>
<format>text/x-wiki</format>
<text bytes="2050" xml:space="preserve">==Tétum==
==Substantivo==
'''Janeiru'''

#[[Janeiro]]

====Tradução====
{{tradini}}
* [[Africâner]]: [[Januarie]]
* [[Albanês]]: [[Janar]]
* [[Alemão]]: [[Januar]] [[:de:Januar|(de)]], [[Jänner]] (''Alemanha''), [[Hartung]] [[:de:Hartung|(de)]] (''Áustria'')
* [[Anglo-Saxão]]: [[Ianiuarius]]
* [[Aragonês]]: [[Chinero]]
* [[Asturiano]]: [[Xineru]]
* [[Basco]]: [[Urtarril]]
* [[Bretão]]: [[Genver]]
* [[Búlgaro]]: [[януари]]
* [[Catalão]]: [[Gener]] [[:ca:Gener|(ca)]]
* [[Chinês]]: [[一月]]
* [[Coreano]]: [[일월]] [[:ko:일월|(ko)]]
* [[Croata]]: [[Siječani]]
* [[Dinamarquês]]: [[Januar]]
* [[Eslovaco]]: [[Január]]
* [[Espanhol]]: [[Enero]] [[:es:enero|(es)]]
* [[Esperanto]]: [[Januaro]]
* [[Estoniano]]: [[Jaanuar]] [[:et:Jaanuar|(et)]]
* [[Finlandês]]: [[Tammikuu]]
* [[Francês]]: [[Janvier]] [[:fr:janvier|(fr)]]
* [[Frisão]]: [[Jannewaris]], [[Foarmoanne]]
* [[Galego]]: [[Xaneiro]] [[:gl:Xaneiro|(gl)]]
* {{ka}}: [[იანვარი]] (ianvari)
{{tradmeio}}
* [[Grego]]: [[Ιανουάριος]]
* [[Guaraní]]: [[Jasyteî]]
* [[Hebraico]]: [[ינואר]]
* [[Holandês]]: [[Januari]] [[:nl:januari|(nl)]]
* [[Indonésio]]: [[Januari]]
* [[Inglês]]: [[January]] [[:en:January|(en)]]
* [[Interlíngua]]: [[Januario]]
* [[Irlandês]]: [[Eanair]]
* [[Islandês]]: [[Janúar]]
* [[Italiano]]: [[Gennaio]] [[:it:gennaio|(it)]]
* [[Japonês]]: [[一月]] (いちがつ, Ichigatsu) [[:ja:一月|(ja)]]
* [[Latim]]: [[Januarius|Jānŭārĭus]], i
* [[Lituano]]: [[Sausis]]
* ''[[Middle English]]'': [[Januarie]]
* [[Napolitano]]: [[Jennaro]] [[:it:jennaro|(it)]]
* [[Norueguês]]: [[Januar]]
* [[Occitano]]: [[Wenièr]]
* [[Polonês]]: [[Styczeń]]
* [[Romeno]]: [[Ianuarie]]
* [[Russo]]: [[январь]]
* [[Sérvio]]: [[Januar]]
* [[Sueco]]: [[Januari]] [[:sv:januari|(sv)]]
* [[Tagalo]]: [[Enero]]
* [[Tai]]: [[Mokah Ra Komb]]
* [[Tailandês]]: [[มกราคม]]
* [[Checo/Tcheco]]: [[Leden]]
* [[Turco]]: [[Ocak]]
* [[Vietnamita]]: [[Tháng Giêng]]
{{tradfim}}


[[Categoria:Substantivo_(Tétum)]]</text>
<sha1>lwexfubfh7vrgynd48gxsaiga05c4gp</sha1>
</revision>
<revision>
<id>56817</id>
<parentid>43371</parentid>
<timestamp>2006-01-05T15:05:38Z</timestamp>
<contributor>
<username>Paes</username>
<id>582</id>
</contributor>
<minor />
<model>wikitext</model>
<format>text/x-wiki</format>
<text bytes="153" xml:space="preserve">=[[Tétum]]=
[[Categoria:Tétum]]
'''Janeiru'''

#[[Janeiro]]

=== Ver noutros dicionários ===
* - [[:en:january|Inglês]] - [[:fr:janvier|Françês]]</text>
<sha1>h4jvx2zvqe64oa8bqzpuyr9mfzer555</sha1>
</revision>
<revision>
<id>83526</id>
<parentid>56817</parentid>
<timestamp>2006-02-23T00:53:35Z</timestamp>
<contributor>
<username>Conversion script</username>
<id>0</id>
</contributor>
<minor />
<comment>[[Janeiru]] movido para [[janeiru]]: Converting page titles to lowercase</comment>
<model>wikitext</model>
<format>text/x-wiki</format>
<text bytes="153" xml:space="preserve">=[[Tétum]]=
[[Categoria:Tétum]]
'''Janeiru'''

#[[Janeiro]]

=== Ver noutros dicionários ===
* - [[:en:january|Inglês]] - [[:fr:janvier|Françês]]</text>
<sha1>h4jvx2zvqe64oa8bqzpuyr9mfzer555</sha1>
</revision>
<revision>
<id>106105</id>
<parentid>83526</parentid>
<timestamp>2006-03-15T09:01:03Z</timestamp>
<contributor>
<username>RobotGMwikt</username>
<id>407</id>
</contributor>
<minor />
<comment>Bot:  Adicionando: fr</comment>
<model>wikitext</model>
<format>text/x-wiki</format>
<text bytes="169" xml:space="preserve">=[[Tétum]]=
[[Categoria:Tétum]]
'''Janeiru'''

#[[Janeiro]]

=== Ver noutros dicionários ===
* - [[:en:january|Inglês]] - [[:fr:janvier|Françês]]

[[fr:janeiru]]</text>
<sha1>idf0nqbyjc41pqxtv3hxqh4pshwc8n3</sha1>
</revision>
<revision>
<id>154307</id>
<parentid>106105</parentid>
<timestamp>2006-08-19T06:48:28Z</timestamp>
<contributor>
<username>Cadum</username>
<id>1291</id>
</contributor>
<minor />
<model>wikitext</model>
<format>text/x-wiki</format>
<text bytes="167" xml:space="preserve">=[[Tétum]]=
[[Categoria:Tétum]]
'''Janeiru'''

#[[Janeiro]]

=== Ver noutros dicionários ===
*[[:en:january|Inglês]] – [[:fr:janvier|Francês]]

[[fr:janeiru]]</text>
<sha1>hqvd10mohy33ssuaqj4q3lbfhpj380j</sha1>
</revision>
<revision>
<id>267246</id>
<parentid>154307</parentid>
<timestamp>2007-05-28T17:15:46Z</timestamp>
<contributor>
<username>Diabo e Santo</username>
<id>1867</id>
</contributor>
<model>wikitext</model>
<format>text/x-wiki</format>
<text bytes="155" xml:space="preserve">=[[Tétum]]=
[[Categoria:Tétum]]
'''Janeiru'''

#[[Janeiro]]

{{dlp}}
{{tradini}}
* [[:pt:januari|Papiamento [januari]]]
{{tradfim}}

[[fr:janeiru]]</text>
<sha1>a9mfj3k6zbq3gm0z3mda8ym5la9gv3k</sha1>
</revision>
<revision>
<id>269947</id>
<parentid>267246</parentid>
<timestamp>2007-06-05T00:54:54Z</timestamp>
<contributor>
<ip>200.149.172.201</ip>
</contributor>
<model>wikitext</model>
<format>text/x-wiki</format>
<text bytes="147" xml:space="preserve">=[[Tétum]]=
[[Categoria:Tétum]]
'''Janeiru'''

#[[Janeiro]]

{{tradini}}
* [[:pt:januari|Papiamento [januari]]]
{{tradfim}}

[[fr:janeiru]]</text>
<sha1>0m9fjw1e138rn7oepq21x40udomrv61</sha1>
</revision>
<revision>
<id>316155</id>
<parentid>269947</parentid>
<timestamp>2007-12-11T13:21:49Z</timestamp>
<contributor>
<username>LipeFontoura</username>
<id>1388</id>
</contributor>
<minor />
<model>wikitext</model>
<format>text/x-wiki</format>
<text bytes="229" xml:space="preserve">= {{tet}} =
== Substantivo ==
'''janeiru'''
# [[Janeiro]].

== Ver também ==
=== No Wikcionário ===
{{meses/tet}}

[[Categoria:Substantivo (Tétum)]]
[[Categoria:Cronônimo (Tétum)]]
[[Categoria:Mês (Tétum)]]

[[fr:janeiru]]</text>
<sha1>3d314wff5q7de5chktyefnjubv4qz8o</sha1>
</revision>
<revision>
<id>906421</id>
<parentid>316155</parentid>
<timestamp>2010-06-24T18:41:08Z</timestamp>
<contributor>
<username>Luis Gabriel Moraes Dias</username>
<id>11628</id>
</contributor>
<model>wikitext</model>
<format>text/x-wiki</format>
<text bytes="384" xml:space="preserve">= {{tet}} =
== Substantivo ==
'''janeiru'''
# [[janeiro]]; [[primeiro]] [[mês]] do [[ano]] [[civil]], tendo 31 [[dia]]s.

=={{etim}}==
:Do [[português]] {{etimo|pt|fevereiro}}.

== Ver também ==
=== No Wikcionário ===
{{meses/tet}}

[[Categoria:Substantivo (Tétum)]]
[[Categoria:Cronônimo (Tétum)]]
[[Categoria:Mês (Tétum)]]
[[Categoria:Lusitanismo (Tétum)]]

[[fr:janeiru]]</text>
<sha1>aa8fl10vc7qts8qulkfa72gf6vnl7u7</sha1>
</revision>
<revision>
<id>906422</id>
<parentid>906421</parentid>
<timestamp>2010-06-24T18:42:17Z</timestamp>
<contributor>
<username>Luis Gabriel Moraes Dias</username>
<id>11628</id>
</contributor>
<model>wikitext</model>
<format>text/x-wiki</format>
<text bytes="386" xml:space="preserve">= {{tet}} =
== Substantivo ==
'''janeiru'''
# [[janeiro]]; [[primeiro]] [[mês]] do [[ano]] [[civil]], tendo 31 [[dia]]s.

=={{etim}}==
:Do [[português]] {{etimo|pt|fevereiro}}.

== Ver também ==
=== No Wikcionário ===
{{meses/tet}}

[[Categoria:Substantivo (Tétum)]]
[[Categoria:Cronônimo (Tétum)]]
[[Categoria:Mês (Tétum)]]
[[Categoria:Portuguesismo (Tétum)]]

[[fr:janeiru]]</text>
<sha1>p0os1icoktj2kukgc5qs1g4uzue3qlp</sha1>
</revision>
<revision>
<id>906427</id>
<parentid>906422</parentid>
<timestamp>2010-06-24T18:45:48Z</timestamp>
<contributor>
<username>Luis Gabriel Moraes Dias</username>
<id>11628</id>
</contributor>
<comment>/* {{etim}} */</comment>
<model>wikitext</model>
<format>text/x-wiki</format>
<text bytes="384" xml:space="preserve">= {{tet}} =
== Substantivo ==
'''janeiru'''
# [[janeiro]]; [[primeiro]] [[mês]] do [[ano]] [[civil]], tendo 31 [[dia]]s.

=={{etim}}==
:Do [[português]] {{etimo|pt|janeiro}}.

== Ver também ==
=== No Wikcionário ===
{{meses/tet}}

[[Categoria:Substantivo (Tétum)]]
[[Categoria:Cronônimo (Tétum)]]
[[Categoria:Mês (Tétum)]]
[[Categoria:Portuguesismo (Tétum)]]

[[fr:janeiru]]</text>
<sha1>7dx5t6x0m7a28fk55jk05qs8l3eljup</sha1>
</revision>
<revision>
<id>906428</id>
<parentid>906427</parentid>
<timestamp>2010-06-24T18:46:15Z</timestamp>
<contributor>
<username>Luis Gabriel Moraes Dias</username>
<id>11628</id>
</contributor>
<comment>/* {{tet}} */</comment>
<model>wikitext</model>
<format>text/x-wiki</format>
<text bytes="386" xml:space="preserve">= {{-tet-}} =
== Substantivo ==
'''janeiru'''
# [[janeiro]]; [[primeiro]] [[mês]] do [[ano]] [[civil]], tendo 31 [[dia]]s.

=={{etim}}==
:Do [[português]] {{etimo|pt|janeiro}}.

== Ver também ==
=== No Wikcionário ===
{{meses/tet}}

[[Categoria:Substantivo (Tétum)]]
[[Categoria:Cronônimo (Tétum)]]
[[Categoria:Mês (Tétum)]]
[[Categoria:Portuguesismo (Tétum)]]

[[fr:janeiru]]</text>
<sha1>1raitagz9acgnukp2l42dxitlz6vd7y</sha1>
</revision>
<revision>
<id>951711</id>
<parentid>906428</parentid>
<timestamp>2010-09-08T05:38:56Z</timestamp>
<contributor>
<username>Interwicket</username>
<id>6868</id>
</contributor>
<minor />
<comment>iwiki +[[:hr:janeiru]]</comment>
<model>wikitext</model>
<format>text/x-wiki</format>
<text bytes="401" xml:space="preserve">= {{-tet-}} =
== Substantivo ==
'''janeiru'''
# [[janeiro]]; [[primeiro]] [[mês]] do [[ano]] [[civil]], tendo 31 [[dia]]s.

=={{etim}}==
:Do [[português]] {{etimo|pt|janeiro}}.

== Ver também ==
=== No Wikcionário ===
{{meses/tet}}

[[Categoria:Substantivo (Tétum)]]
[[Categoria:Cronônimo (Tétum)]]
[[Categoria:Mês (Tétum)]]
[[Categoria:Portuguesismo (Tétum)]]

[[fr:janeiru]]
[[hr:janeiru]]</text>
<sha1>qzyofuw43wqoey9e1lpvbnq6o5htrka</sha1>
</revision>
<revision>
<id>1036159</id>
<parentid>951711</parentid>
<timestamp>2011-02-27T19:27:21Z</timestamp>
<contributor>
<username>Jesielt-bot</username>
<id>10876</id>
</contributor>
<minor />
<comment>/* {{etimologia}} */replaced: {{etim}} → {{etimologia}} utilizando [[Project:AWB|AWB]]</comment>
<model>wikitext</model>
<format>text/x-wiki</format>
<text bytes="407" xml:space="preserve">= {{-tet-}} =
== Substantivo ==
'''janeiru'''
# [[janeiro]]; [[primeiro]] [[mês]] do [[ano]] [[civil]], tendo 31 [[dia]]s.

=={{etimologia}}==
:Do [[português]] {{etimo|pt|janeiro}}.

== Ver também ==
=== No Wikcionário ===
{{meses/tet}}

[[Categoria:Substantivo (Tétum)]]
[[Categoria:Cronônimo (Tétum)]]
[[Categoria:Mês (Tétum)]]
[[Categoria:Portuguesismo (Tétum)]]

[[fr:janeiru]]
[[hr:janeiru]]</text>
<sha1>ooibigfgj6dvzgiaboaxmxi386mdnyi</sha1>
</revision>
<revision>
<id>1047909</id>
<parentid>1036159</parentid>
<timestamp>2011-03-18T21:13:57Z</timestamp>
<contributor>
<username>MalafayaBot</username>
<id>628</id>
</contributor>
<minor />
<comment>Bot: Mudança automática (-[[Categoria:Portuguesismo +[[Categoria:Vocábulo de étimo português &amp; -|Portuguesismo| +|Vocábulo de étimo português|)</comment>
<model>wikitext</model>
<format>text/x-wiki</format>
<text bytes="424" xml:space="preserve">= {{-tet-}} =
== Substantivo ==
'''janeiru'''
# [[janeiro]]; [[primeiro]] [[mês]] do [[ano]] [[civil]], tendo 31 [[dia]]s.

=={{etimologia}}==
:Do [[português]] {{etimo|pt|janeiro}}.

== Ver também ==
=== No Wikcionário ===
{{meses/tet}}

[[Categoria:Substantivo (Tétum)]]
[[Categoria:Cronônimo (Tétum)]]
[[Categoria:Mês (Tétum)]]
[[Categoria:Vocábulo de étimo português (Tétum)]]

[[fr:janeiru]]
[[hr:janeiru]]</text>
<sha1>5souvd6973kq31c6p7ozy9v9bawus8p</sha1>
</revision>
<revision>
<id>1317894</id>
<parentid>1047909</parentid>
<timestamp>2011-12-02T14:55:10Z</timestamp>
<contributor>
<username>MalafayaBot</username>
<id>628</id>
</contributor>
<minor />
<comment>Robô: A modificar Categoria:Cronônimo (Tétum) para Categoria:Tempo (Tétum)</comment>
<model>wikitext</model>
<format>text/x-wiki</format>
<text bytes="419" xml:space="preserve">= {{-tet-}} =
== Substantivo ==
'''janeiru'''
# [[janeiro]]; [[primeiro]] [[mês]] do [[ano]] [[civil]], tendo 31 [[dia]]s.

=={{etimologia}}==
:Do [[português]] {{etimo|pt|janeiro}}.

== Ver também ==
=== No Wikcionário ===
{{meses/tet}}

[[Categoria:Substantivo (Tétum)]]
[[Categoria:Tempo (Tétum)]]
[[Categoria:Mês (Tétum)]]
[[Categoria:Vocábulo de étimo português (Tétum)]]

[[fr:janeiru]]
[[hr:janeiru]]</text>
<sha1>9bo7luylf36fbt9esc81m3tict3d0yp</sha1>
</revision>
<revision>
<id>1604235</id>
<parentid>1317894</parentid>
<timestamp>2013-01-19T19:02:47Z</timestamp>
<contributor>
<username>MalafayaBot</username>
<id>628</id>
</contributor>
<minor />
<comment>Robô: A modificar Categoria:Vocábulo de étimo português (Tétum) para Categoria:Entrada de étimo português (Tétum)</comment>
<model>wikitext</model>
<format>text/x-wiki</format>
<text bytes="417" xml:space="preserve">= {{-tet-}} =
== Substantivo ==
'''janeiru'''
# [[janeiro]]; [[primeiro]] [[mês]] do [[ano]] [[civil]], tendo 31 [[dia]]s.

=={{etimologia}}==
:Do [[português]] {{etimo|pt|janeiro}}.

== Ver também ==
=== No Wikcionário ===
{{meses/tet}}

[[Categoria:Substantivo (Tétum)]]
[[Categoria:Tempo (Tétum)]]
[[Categoria:Mês (Tétum)]]
[[Categoria:Entrada de étimo português (Tétum)]]

[[fr:janeiru]]
[[hr:janeiru]]</text>
<sha1>gkq4tmugjlmrh15lk2szumv8vsu0p25</sha1>
</revision>
<revision>
<id>1775583</id>
<parentid>1604235</parentid>
<timestamp>2013-11-26T22:38:53Z</timestamp>
<contributor>
<username>MalafayaBot</username>
<id>628</id>
</contributor>
<minor />
<comment>r2.7.5) (Robô: A adicionar: [[lt:janeiru]]</comment>
<model>wikitext</model>
<format>text/x-wiki</format>
<text bytes="432" xml:space="preserve">= {{-tet-}} =
== Substantivo ==
'''janeiru'''
# [[janeiro]]; [[primeiro]] [[mês]] do [[ano]] [[civil]], tendo 31 [[dia]]s.

=={{etimologia}}==
:Do [[português]] {{etimo|pt|janeiro}}.

== Ver também ==
=== No Wikcionário ===
{{meses/tet}}

[[Categoria:Substantivo (Tétum)]]
[[Categoria:Tempo (Tétum)]]
[[Categoria:Mês (Tétum)]]
[[Categoria:Entrada de étimo português (Tétum)]]

[[fr:janeiru]]
[[hr:janeiru]]
[[lt:janeiru]]</text>
<sha1>5e2smv6jq5nhhdgn3382xrfjwvj7ksr</sha1>
</revision>
<revision>
<id>2096173</id>
<parentid>1775583</parentid>
<timestamp>2016-05-03T16:00:18Z</timestamp>
<contributor>
<username>Defender</username>
<id>15952</id>
</contributor>
<comment>Verbete [[:Categoria:!Página com idioma não informado em Predefinição:etimologia|sem indicação do idioma na seção de etimologia]]</comment>
<model>wikitext</model>
<format>text/x-wiki</format>
<text bytes="370" xml:space="preserve">= {{-tet-}} =
== Substantivo ==
'''janeiru'''
# [[janeiro]]; [[primeiro]] [[mês]] do [[ano]] [[civil]], tendo 31 [[dia]]s

=={{etimologia|tet}}==
{{llietimo|pt|janeiro|tet}}

== Ver também ==
=== No Wikcionário ===
{{meses/tet}}

[[Categoria:Substantivo (Tétum)]]
[[Categoria:Tempo (Tétum)]]
[[Categoria:Mês (Tétum)]]

[[fr:janeiru]]
[[hr:janeiru]]
[[lt:janeiru]]</text>
<sha1>hpfea2kjqwmbusyhq1dhkcymgp1ng22</sha1>
</revision>
<revision>
<id>2127963</id>
<parentid>2096173</parentid>
<timestamp>2016-06-07T17:56:17Z</timestamp>
<contributor>
<username>UT-interwiki-Bot</username>
<id>56129</id>
</contributor>
<minor />
<comment>Robô: A adicionar: [[en:janeiru]], [[mg:janeiru]]</comment>
<model>wikitext</model>
<format>text/x-wiki</format>
<text bytes="400" xml:space="preserve">= {{-tet-}} =
== Substantivo ==
'''janeiru'''
# [[janeiro]]; [[primeiro]] [[mês]] do [[ano]] [[civil]], tendo 31 [[dia]]s

=={{etimologia|tet}}==
{{llietimo|pt|janeiro|tet}}

== Ver também ==
=== No Wikcionário ===
{{meses/tet}}

[[Categoria:Substantivo (Tétum)]]
[[Categoria:Tempo (Tétum)]]
[[Categoria:Mês (Tétum)]]

[[en:janeiru]]
[[fr:janeiru]]
[[hr:janeiru]]
[[lt:janeiru]]
[[mg:janeiru]]</text>
<sha1>hq1hol2lows63fxyjga1jnqyi4qtchs</sha1>
</revision>
<revision>
<id>2243391</id>
<parentid>2127963</parentid>
<timestamp>2017-02-23T03:28:00Z</timestamp>
<contributor>
<username>OctraBot</username>
<id>56948</id>
</contributor>
<minor />
<comment>Robô: A adicionar: [[pl:janeiru]]</comment>
<model>wikitext</model>
<format>text/x-wiki</format>
<text bytes="415" xml:space="preserve">= {{-tet-}} =
== Substantivo ==
'''janeiru'''
# [[janeiro]]; [[primeiro]] [[mês]] do [[ano]] [[civil]], tendo 31 [[dia]]s

=={{etimologia|tet}}==
{{llietimo|pt|janeiro|tet}}

== Ver também ==
=== No Wikcionário ===
{{meses/tet}}

[[Categoria:Substantivo (Tétum)]]
[[Categoria:Tempo (Tétum)]]
[[Categoria:Mês (Tétum)]]

[[en:janeiru]]
[[fr:janeiru]]
[[hr:janeiru]]
[[lt:janeiru]]
[[mg:janeiru]]
[[pl:janeiru]]</text>
<sha1>om00hdp6obvgdddlgemafzartnf66sj</sha1>
</revision>
<revision>
<id>2364572</id>
<parentid>2243391</parentid>
<timestamp>2017-05-03T15:38:56Z</timestamp>
<contributor>
<username>HydrizBot</username>
<id>29590</id>
</contributor>
<minor />
<comment>Robô: A limpar links interwikis antigos</comment>
<model>wikitext</model>
<format>text/x-wiki</format>
<text bytes="324" xml:space="preserve">= {{-tet-}} =
== Substantivo ==
'''janeiru'''
# [[janeiro]]; [[primeiro]] [[mês]] do [[ano]] [[civil]], tendo 31 [[dia]]s

=={{etimologia|tet}}==
{{llietimo|pt|janeiro|tet}}

== Ver também ==
=== No Wikcionário ===
{{meses/tet}}

[[Categoria:Substantivo (Tétum)]]
[[Categoria:Tempo (Tétum)]]
[[Categoria:Mês (Tétum)]]</text>
<sha1>qgi0mo5fhh6mhepyfp88bx2dsrt0qaz</sha1>
</revision>
</page>
